"id";"data_inversa";"dia_semana";"horario";"uf";"br";"km";"municipio";"causa_acidente";"tipo_acidente";"classificacao_acidente";"fase_dia";"sentido_via";"condicao_metereologica";"tipo_pista";"tracado_via";"uso_solo";"pessoas";"mortos";"feridos_leves";"feridos_graves";"ilesos";"ignorados";"feridos";"veiculos";"latitude";"longitude";"regional";"delegacia";"uop"
406176;2022-01-05;"quarta-feira";"21:30:00";"PR";116;43;"CAMPINA GRANDE DO SUL";"Acumulo de água sobre o pavimento";"Saída de leito carroçável";"Sem Vítimas";"Plena Noite";"Decrescente";"Chuva";"Dupla";"Curva";"Não";2;0;0;0;1;1;0;2;-25,18101149;-48,88196442;"SPRF-PR";"DEL01-PR";"UOP02-DEL01-PR"
406181;2022-01-05;"quarta-feira";"23:30:00";"RJ";101;326;"RIO DE JANEIRO";"Condutor Dormindo";"Colisão traseira";"Com Vítimas Feridas";"Plena Noite";"Crescente";"Nublado";"Simples";"Reta";"Sim";2;0;1;0;1;0;1;2;-22,87206203;-43,146105;"SPRF-RJ";"DEL02-RJ";"UOP02-DEL02-RJ"
406184;2022-01-06;"quinta-feira";"00:20:00";"MG";40;121,9;"JOAO PINHEIRO";"Reação tardia ou ineficiente do condutor";"Colisão com objeto";"Com Vítimas Feridas";"Plena Noite";"Decrescente";"Chuva";"Simples";"Reta;Aclive";"Não";2;0;2;0;0;0;2;1;-17,6660932;-46,3463888;"SPRF-MG";"DEL14-MG";"UOP01-DEL14-MG"
406185;2022-01-05;"quarta-feira";"23:50:00";"RJ";116;255,2;"PIRAI";"Demais falhas mecânicas ou elétricas";"Colisão traseira";"Com Vítimas Feridas";"Plena Noite";"Crescente";"Céu Claro";"Dupla";"Aclive";"Não";2;0;0;1;1;0;1;2;-22,58449025;-44,00458394;"SPRF-RJ";"DEL07-RJ";"UOP02-DEL07-RJ"
406187;2022-01-06;"quinta-feira";"03:00:00";"SP";116;385;"MIRACATU";"Ausência de reação do condutor";"Colisão traseira";"Com Vítimas Feridas";"Plena Noite";"Decrescente";"Garoa/Chuvisco";"Dupla";"Reta";"Não";3;0;1;0;1;1;1;3;-24,26169;-47,378376;"SPRF-SP";"DEL04-SP";"UOP02-DEL04-SP"
406195;2022-01-06;"quinta-feira";"05:50:00";"PE";101;66,4;"RECIFE";"Manobra de mudança de faixa";"Tombamento";"Com Vítimas Feridas";"Pleno dia";"Crescente";"Céu Claro";"Dupla";"Viaduto";"Sim";4;0;3;0;0;1;3;3;-8,03368534;-34,94184125;"SPRF-PE";"DEL01-PE";"UOP01-DEL01-PE"
406970;2022-01-06;"quinta-feira";"06:30:00";"SC";282;82,9;"ALFREDO WAGNER";"Acumulo de água sobre o pavimento";"Colisão frontal";"Com Vítimas Feridas";"Amanhecer";"Decrescente";"Chuva";"Simples";"Curva";"Não";5;0;2;2;1;0;4;2;-27,662027;-49,178356;"SPRF-SC";"DEL01-SC";"UOP03-DEL01-SC"
407016;2022-01-06;"quinta-feira";"12:23:00";"RJ";101;22;"CAMPOS DOS GOYTACAZES";"Ultrapassagem Indevida";"Tombamento";"Com Vítimas Feridas";"Pleno dia";"Crescente";"Nublado";"Simples";"Curva;Aclive";"Não";1;0;1;0;0;0;1;1;-21,403367;-41,34511;"SPRF-RJ";"DEL08-RJ";"UOP01-DEL08-RJ"
407017;2022-01-06;"quinta-feira";"10:30:00";"SP";116;53,5;"LORENA";"Condutor deixou de manter distância do veículo da frente";"Colisão traseira";"Com Vítimas Feridas";"Pleno dia";"Crescente";"Sol";"Dupla";"Declive;Reta";"Não";3;0;1;0;1;1;1;3;-22,75255433;-45,10741076;"SPRF-SP";"DEL08-SP";"UOP02-DEL08-SP"
407018;2022-01-06;"quinta-feira";"09:20:00";"PR";376;537,7;"PALMEIRA";"Manobra de mudança de faixa";"Colisão lateral mesmo sentido";"Com Vítimas Feridas";"Pleno dia";"Decrescente";"Sol";"Dupla";"Aclive";"Não";4;0;2;1;1;0;3;2;-25,39367559;-49,7957986;"SPRF-PR";"DEL01-PR";"UOP03-DEL03-PR"
407024;2022-01-06;"quinta-feira";"11:40:00";"PR";277;262;"IRATI";"Condutor deixou de manter distância do veículo da frente";"Colisão traseira";"Com Vítimas Feridas";"Pleno dia";"Crescente";"Céu Claro";"Simples";"Reta";"Não";2;0;1;0;1;0;1;2;-25,41985568;-50,76041076;"SPRF-PR";"DEL03-PR";"UOP03-DEL03-PR"
407026;2022-01-06;"quinta-feira";"09:30:00";"PI";135;541;"SAO GONCALO DO GURGUEIA";"Demais falhas mecânicas ou elétricas";"Tombamento";"Com Vítimas Feridas";"Pleno dia";"Decrescente";"Nublado";"Simples";"Declive;Curva";"Não";3;0;2;0;0;2;2;3;-10,0491259;-45,29005279;"SPRF-PI";"DEL03-PI";"UOP02-DEL03-PI"
407028;2022-01-06;"quinta-feira";"11:30:00";"PE";428;33,4;"OROCO";"Animais na Pista";"Saída de leito carroçável";"Com Vítimas Feridas";"Pleno dia";"Decrescente";"Sol";"Simples";"Declive";"Não";3;0;1;0;1;1;1;2;-8,52756025;-39,50347286;"SPRF-PE";"DEL05-PE";"UOP03-DEL05-PE"
407034;2022-01-06;"quinta-feira";"12:30:00";"RJ";101;490;"ANGRA DOS REIS";"Ausência de reação do condutor";"Colisão transversal";"Com Vítimas Feridas";"Pleno dia";"Crescente";"Céu Claro";"Simples";"Reta";"Não";2;0;1;0;1;0;1;2;-22,95640053;-44,31282898;"SPRF-RJ";"DEL03-RJ";"UOP03-DEL03-RJ"
407036;2022-01-06;"quinta-feira";"08:50:00";"MG";381;491,7;"BETIM";"Carga excessiva e/ou mal acondicionada";"Engavetamento";"Com Vítimas Feridas";"Pleno dia";"Decrescente";"Chuva";"Dupla";"Reta";"Sim";4;0;2;0;2;0;2;3;-19,95947326;-44,15267944;"SPRF-MG";"DEL01-MG";"UOP03-DEL01-MG"
407039;2022-01-06;"quinta-feira";"08:30:00";"MG";146;448,4;"CABO VERDE";"Conversão proibida";"Colisão transversal";"Com Vítimas Feridas";"Pleno dia";"Crescente";"Nublado";"Simples";"Reta;Declive";"Não";2;0;0;1;1;0;1;2;-21,511682;-46,398897;"SPRF-MG";"DEL09-MG";"UOP01-DEL09-MG"
407042;2022-01-06;"quinta-feira";"13:50:00";"MG";381;392,8;"BARAO DE COCAIS";"Carga excessiva e/ou mal acondicionada";"Tombamento";"Com Vítimas Feridas";"Pleno dia";"Crescente";"Nublado";"Dupla";"Curva";"Sim";2;0;1;0;0;1;1;2;-19,78430384;-43,43284866;"SPRF-MG";"DEL01-MG";"UOP01-DEL01-MG"
407054;2022-01-06;"quinta-feira";"06:50:00";"SC";282;510;"XANXERE";"Ultrapassagem Indevida";"Colisão lateral mesmo sentido";"Sem Vítimas";"Pleno dia";"Decrescente";"Sol";"Múltipla";"Aclive";"Não";2;0;0;0;2;0;0;2;-26,897114;-52,463585;"SPRF-SC";"DEL07-SC";"UOP01-DEL07-SC"
407056;2022-01-06;"quinta-feira";"13:30:00";"SC";101;266,7;"PAULO LOPES";"Desrespeitar a preferência no cruzamento";"Colisão transversal";"Com Vítimas Feridas";"Pleno dia";"Crescente";"Nublado";"Simples";"Interseção de Vias";"Não";3;0;1;0;2;0;1;2;-28,06847808;-48,71463931;"SPRF-SC";"DEL02-SC";"UOP03-DEL02-SC"
407059;2022-01-06;"quinta-feira";"06:00:00";"SP";116;351;"MIRACATU";"Manobra de mudança de faixa";"Colisão lateral mesmo sentido";"Com Vítimas Feridas";"Pleno dia";"Decrescente";"Garoa/Chuvisco";"Múltipla";"Curva";"Não";2;0;1;0;1;0;1;2;-24,06157909;-47,22591797;"SPRF-SP";"DEL04-SP";"UOP02-DEL04-SP"
407061;2022-01-06;"quinta-feira";"14:20:00";"MS";262;248,5;"RIBAS DO RIO PARDO";"Demais falhas mecânicas ou elétricas";"Derramamento de carga";"Com Vítimas Feridas";"Pleno dia";"Crescente";"Céu Claro";"Simples";"Reta";"Não";4;0;1;0;1;2;1;3;-20,43376868;-53,83445777;"SPRF-MS";"DEL01-MS";"UOP01-DEL01-MS"
407066;2022-01-06;"quinta-feira";"06:15:00";"MS";376;65,9;"GLORIA DE DOURADOS";"Reação tardia ou ineficiente do condutor";"Saída de leito carroçável";"Com Vítimas Fatais";"Pleno dia";"Decrescente";"Céu Claro";"Simples";"Reta";"Não";1;1;0;0;0;0;0;1;-22,41767708;-54,23098982;"SPRF-MS";"DEL04-MS";"UOP04-DEL04-MS"
407071;2022-01-06;"quinta-feira";"15:05:00";"ES";262;39,9;"DOMINGOS MARTINS";"Chuva";"Colisão frontal";"Com Vítimas Feridas";"Pleno dia";"Decrescente";"Chuva";"Simples";"Reta";"Não";5;0;0;4;1;0;4;2;-20,3802679;-40,63000864;"SPRF-ES";"DEL01-ES";"UOP01-DEL01-ES"
407089;2022-01-06;"quinta-feira";"11:45:00";"MG";381;592,1;"CARMOPOLIS DE MINAS";"Velocidade Incompatível";"Colisão com objeto";"Com Vítimas Feridas";"Pleno dia";"Decrescente";"Nublado";"Dupla";"Curva";"Não";5;0;1;0;3;1;1;3;-20,57880683;-44,6872411;"SPRF-MG";"DEL04-MG";"UOP01-DEL04-MG"
407091;2022-01-06;"quinta-feira";"16:00:00";"PR";116;47;"CAMPINA GRANDE DO SUL";"Velocidade Incompatível";"Colisão transversal";"Com Vítimas Feridas";"Pleno dia";"Crescente";"Garoa/Chuvisco";"Dupla";"Retorno Regulamentado;Reta;Aclive";"Não";4;0;1;0;2;1;1;3;-25,21058799;-48,89720903;"SPRF-PR";"DEL01-PR";"UOP02-DEL01-PR"
407095;2022-01-06;"quinta-feira";"07:50:00";"MG";251;506;"FRANCISCO SA";"Pista Escorregadia";"Colisão frontal";"Com Vítimas Feridas";"Pleno dia";"Decrescente";"Chuva";"Simples";"Curva";"Não";7;0;4;0;2;2;4;4;-16,61894941;-43,6887828;"SPRF-MG";"DEL12-MG";"UOP01-DEL12-MG"
407096;2022-01-05;"quarta-feira";"05:00:00";"BA";116;569,2;"NOVA ITARANA";"Falta de acostamento";"Saída de leito carroçável";"Sem Vítimas";"Amanhecer";"Crescente";"Céu Claro";"Simples";"Reta";"Não";2;0;0;0;0;2;0;2;-13,00012602;-39,95465592;"SPRF-BA";"DEL03-BA";"UOP02-DEL03-BA"
407097;2022-01-06;"quinta-feira";"14:35:00";"SP";116;544;"BARRA DO TURVO";"Ausência de reação do condutor";"Tombamento";"Com Vítimas Feridas";"Pleno dia";"Crescente";"Chuva";"Múltipla";"Curva";"Não";2;0;1;0;0;1;1;2;-24,95781406;-48,42123049;"SPRF-SP";"DEL05-SP";"UOP02-DEL05-SP"
407109;2022-01-06;"quinta-feira";"17:50:00";"MG";381;270;"TIMOTEO";"Condutor deixou de manter distância do veículo da frente";"Colisão frontal";"Com Vítimas Feridas";"Pleno dia";"Decrescente";"Nublado";"Simples";"Reta";"Não";2;0;0;1;1;0;1;2;-19,53050378;-42,60888945;"SPRF-MG";"DEL03-MG";"UOP02-DEL03-MG"
407122;2022-01-06;"quinta-feira";"13:30:00";"MT";70;175;"GENERAL CARNEIRO";"Condutor Dormindo";"Colisão lateral sentido oposto";"Com Vítimas Feridas";"Pleno dia";"Crescente";"Céu Claro";"Simples";"Reta";"Não";2;0;1;0;1;0;1;2;-15,63483814;-53,56411892;"SPRF-MT";"DEL05-MT";"UOP01-DEL05-MT"
407127;2022-01-06;"quinta-feira";"17:50:00";"GO";60;117,3;"TEREZOPOLIS DE GOIAS";"Chuva";"Saída de leito carroçável";"Com Vítimas Feridas";"Pleno dia";"Crescente";"Chuva";"Dupla";"Reta";"Não";3;0;1;0;2;0;1;1;-16,4789;-49,0864;"SPRF-GO";"DEL01-GO";"UOP01-DEL01-GO"
407128;2022-01-06;"quinta-feira";"18:00:00";"RJ";116;243;"PIRAI";"Chuva";"Colisão com objeto";"Com Vítimas Feridas";"Anoitecer";"Decrescente";"Chuva";"Dupla";"Reta";"Sim";3;0;1;0;2;0;1;1;-22,595887;-43,954693;"SPRF-RJ";"DEL07-RJ";"UOP01-DEL07-RJ"
407139;2022-01-06;"quinta-feira";"19:20:00";"GO";364;198;"JATAI";"Ingestão de álcool pelo condutor";"Colisão lateral mesmo sentido";"Com Vítimas Feridas";"Anoitecer";"Decrescente";"Céu Claro";"Dupla";"Retorno Regulamentado";"Não";3;0;0;1;1;3;1;5;-17,921196;-51,741863;"SPRF-GO";"DEL05-GO";"UOP01-DEL05-GO"
407141;2022-01-06;"quinta-feira";"06:30:00";"SP";116;278;"EMBU DAS ARTES";"Condutor deixou de manter distância do veículo da frente";"Engavetamento";"Com Vítimas Feridas";"Pleno dia";"Decrescente";"Céu Claro";"Dupla";"Reta";"Sim";5;0;1;0;2;2;1;4;-23,65508497;-46,84918605;"SPRF-SP";"DEL04-SP";"UOP01-DEL04-SP"
407143;2022-01-06;"quinta-feira";"18:30:00";"RJ";116;221;"PARACAMBI";"Chuva";"Saída de leito carroçável";"Com Vítimas Feridas";"Plena Noite";"Decrescente";"Chuva";"Dupla";"Curva";"Não";1;0;1;0;0;0;1;1;-22,6931486;-43,78279481;"SPRF-RJ";"DEL07-RJ";"UOP01-DEL07-RJ"
407145;2022-01-06;"quinta-feira";"18:00:00";"RS";285;387,9;"SANTA BARBARA DO SUL";"Demais falhas mecânicas ou elétricas";"Incêndio";"Sem Vítimas";"Pleno dia";"Crescente";"Céu Claro";"Simples";"Reta";"Não";2;0;0;0;1;1;0;2;-28,409506;-53,221058;"SPRF-RS";"DEL10-RS";"UOP02-DEL10-RS"
407154;2022-01-06;"quinta-feira";"20:30:00";"ES";262;63,9;"MARECHAL FLORIANO";"Velocidade Incompatível";"Tombamento";"Com Vítimas Feridas";"Plena Noite";"Crescente";"Nublado";"Simples";"Curva";"Não";2;0;1;0;0;2;1;3;-20,41797008;-40,81618087;"SPRF-ES";"DEL01-ES";"UOP02-DEL01-ES"
407159;2022-01-06;"quinta-feira";"20:15:00";"MG";262;121,5;"RIO CASCA";"Desrespeitar a preferência no cruzamento";"Colisão transversal";"Com Vítimas Feridas";"Plena Noite";"Crescente";"Nublado";"Simples";"Rotatória";"Não";3;0;1;0;1;1;1;3;-20,21312389;-42,65721909;"SPRF-MG";"DEL03-MG";"UOP03-DEL03-MG"
407161;2022-01-06;"quinta-feira";"21:30:00";"PE";232;328;"CUSTODIA";"Ausência de reação do condutor";"Tombamento";"Com Vítimas Feridas";"Plena Noite";"Decrescente";"Céu Claro";"Simples";"Reta";"Não";2;0;0;1;0;1;1;2;-8,09113514;-37,59520501;"SPRF-PE";"DEL03-PE";"UOP02-DEL03-PE"
407162;2022-01-06;"quinta-feira";"21:00:00";"MG";153;44;"CANAPOLIS";"Reação tardia ou ineficiente do condutor";"Saída de leito carroçável";"Com Vítimas Feridas";"Plena Noite";"Decrescente";"Nublado";"Dupla";"Reta";"Não";2;0;1;0;0;1;1;2;-18,77297399;-49,07332603;"SPRF-MG";"DEL15-MG";"UOP03-DEL15-MG"
407163;2022-01-06;"quinta-feira";"20:00:00";"PA";230;61;"SAO DOMINGOS DO ARAGUAIA";"Reação tardia ou ineficiente do condutor";"Saída de leito carroçável";"Com Vítimas Fatais";"Plena Noite";"Crescente";"Céu Claro";"Simples";"Reta";"Não";1;1;0;0;0;0;0;1;-5,53974481;-48,64338197;"SPRF-PA";"DEL03-PA";"UOP01-DEL03-PA"
407164;2022-01-06;"quinta-feira";"21:10:00";"GO";60;11,3;"SANTO ANTONIO DO DESCOBERTO";"Pista Escorregadia";"Tombamento";"Com Vítimas Feridas";"Plena Noite";"Crescente";"Chuva";"Dupla";"Aclive;Reta";"Não";2;0;1;0;0;1;1;2;-16,114108;-48,328209;"SPRF-DF";"DEL03-DF";"UOP01-DEL03-DF"
407167;2022-01-06;"quinta-feira";"12:09:00";"SC";101;117;"ITAJAI";"Condutor deixou de manter distância do veículo da frente";"Colisão transversal";"Com Vítimas Feridas";"Pleno dia";"Crescente";"Sol";"Múltipla";"Reta";"Sim";3;0;1;0;1;1;1;3;-26,88747187;-48,72252969;"SPRF-SC";"DEL04-SC";"UOP04-DEL04-SC"
407171;2022-01-06;"quinta-feira";"18:29:00";"PR";116;2;"CAMPINA GRANDE DO SUL";"Velocidade Incompatível";"Colisão com objeto";"Com Vítimas Feridas";"Pleno dia";"Decrescente";"Chuva";"Dupla";"Aclive;Curva";"Não";2;0;1;0;0;1;1;2;-25,06602975;-48,57857703;"SPRF-PR";"DEL01-PR";"UOP02-DEL01-PR"
407173;2022-01-06;"quinta-feira";"20:00:00";"RO";364;714;"PORTO VELHO";"Demais falhas mecânicas ou elétricas";"Colisão frontal";"Com Vítimas Feridas";"Plena Noite";"Decrescente";"Céu Claro";"Simples";"Interseção de Vias;Rotatória;Aclive";"Sim";3;0;1;0;1;1;1;3;-8,774448;-63,885946;"SPRF-RO";"DEL01-RO";"UOP01-DEL01-RO"
407175;2022-01-06;"quinta-feira";"22:30:00";"MS";163;778,5;"PEDRO GOMES";"Condutor Dormindo";"Saída de leito carroçável";"Com Vítimas Feridas";"Plena Noite";"Crescente";"Céu Claro";"Dupla";"Reta";"Não";2;0;1;0;0;1;1;2;-18,11334906;-54,69861464;"SPRF-MS";"DEL06-MS";"UOP01-DEL06-MS"
407177;2022-01-06;"quinta-feira";"23:00:00";"BA";101;148;"CONCEICAO DO JACUIPE";"Pista Escorregadia";"Colisão frontal";"Com Vítimas Feridas";"Plena Noite";"Decrescente";"Céu Claro";"Simples";"Reta";"Não";2;0;1;0;1;0;1;2;-12,32206384;-38,73960825;"SPRF-BA";"DEL01-BA";"UOP04-DEL01-BA"
407180;2022-01-06;"quinta-feira";"23:38:00";"RS";101;28;"TRES CACHOEIRAS";"Estacionar ou parar em local proibido";"Colisão traseira";"Com Vítimas Feridas";"Plena Noite";"Crescente";"Céu Claro";"Dupla";"Curva";"Não";4;0;2;0;1;2;2;4;-29,46628752;-49,95379023;"SPRF-RS";"DEL03-RS";"UOP02-DEL03-RS"
407181;2022-01-06;"quinta-feira";"22:10:00";"MG";381;365,3;"SAO GONCALO DO RIO ABAIXO";"Velocidade Incompatível";"Tombamento";"Sem Vítimas";"Plena Noite";"Crescente";"Chuva";"Simples";"Curva";"Não";2;0;0;0;1;1;0;2;-19,854651;-43,261071;"SPRF-MG";"DEL03-MG";"UOP01-DEL03-MG"
407184;2022-01-07;"sexta-feira";"00:30:00";"GO";70;337;"JUSSARA";"Ausência de reação do condutor";"Colisão frontal";"Com Vítimas Feridas";"Plena Noite";"Decrescente";"Nublado";"Simples";"Reta";"Não";2;0;1;0;1;0;1;2;-15,88501;-51,055024;"SPRF-GO";"DEL04-GO";"UOP01-DEL04-GO"
407189;2022-01-06;"quinta-feira";"15:00:00";"BA";324;3;"SALVADOR";"Carga excessiva e/ou mal acondicionada";"Eventos atípicos";"Sem Vítimas";"Pleno dia";"Decrescente";"Céu Claro";"Simples";"Curva";"Sim";2;0;0;0;1;1;0;2;-12,95953627;-38,50040004;"SPRF-BA";"DEL01-BA";"UOP01-DEL01-BA"
407190;2022-01-07;"sexta-feira";"04:00:00";"RJ";116;316;"ITATIAIA";"Condutor Dormindo";"Colisão traseira";"Sem Vítimas";"Amanhecer";"Crescente";"Chuva";"Dupla";"Reta";"Sim";2;0;0;0;2;0;0;2;-22,46560057;-44,49102813;"SPRF-RJ";"DEL07-RJ";"UOP02-DEL07-RJ"
407191;2022-01-06;"quinta-feira";"20:25:00";"SC";158;135;"PALMITOS";"Reação tardia ou ineficiente do condutor";"Engavetamento";"Com Vítimas Feridas";"Plena Noite";"Decrescente";"Céu Claro";"Simples";"Reta;Ponte;Declive";"Não";6;0;1;0;4;3;1;7;-27,07876798;-53,22663546;"SPRF-SC";"DEL07-SC";"UOP02-DEL07-SC"
407206;2022-01-07;"sexta-feira";"03:30:00";"MG";365;739;"ITUIUTABA";"Acumulo de água sobre o pavimento";"Saída de leito carroçável";"Sem Vítimas";"Plena Noite";"Crescente";"Chuva";"Simples";"Declive";"Não";1;0;0;0;1;0;0;1;-18,91153423;-49,36367595;"SPRF-MG";"DEL15-MG";"UOP03-DEL15-MG"
407210;2022-01-07;"sexta-feira";"01:30:00";"RR";174;318;"CARACARAI";"Reação tardia ou ineficiente do condutor";"Colisão com objeto";"Com Vítimas Feridas";"Plena Noite";"Crescente";"Ignorado";"Simples";"Curva";"Não";3;0;0;1;1;1;1;2;1,49675231;-60,94122833;"SPRF-RR";"DEL01-RR";"UOP01-DEL01-RR"
407217;2022-01-07;"sexta-feira";"06:45:00";"MT";163;1042;"MATUPA";"Entrada inopinada do pedestre";"Atropelamento de Pedestre";"Com Vítimas Feridas";"Pleno dia";"Decrescente";"Nublado";"Simples";"Reta";"Não";3;0;0;1;1;3;1;5;-10,148358;-54,930836;"SPRF-MT";"DEL06-MT";"NPF/DEL06-MT"
407220;2022-01-07;"sexta-feira";"08:50:00";"PB";230;12;"CABEDELO";"Manobra de mudança de faixa";"Colisão lateral mesmo sentido";"Com Vítimas Feridas";"Pleno dia";"Crescente";"Céu Claro";"Dupla";"Reta";"Sim";3;0;1;0;1;1;1;3;-7,068;-34,85;"SPRF-PB";"DEL01-PB";"UOP01-DEL01-PB"
407224;2022-01-07;"sexta-feira";"08:10:00";"PI";316;2,4;"TERESINA";"Reação tardia ou ineficiente do condutor";"Colisão lateral mesmo sentido";"Com Vítimas Feridas";"Pleno dia";"Decrescente";"Sol";"Múltipla";"Reta";"Sim";3;0;1;0;1;1;1;2;-5,12861853;-42,80706778;"SPRF-PI";"DEL01-PI";"UOP02-DEL01-PI"
407226;2022-01-07;"sexta-feira";"07:00:00";"PR";376;677;"GUARATUBA";"Entrada inopinada do pedestre";"Colisão traseira";"Com Vítimas Feridas";"Pleno dia";"Decrescente";"Chuva";"Dupla";"Curva";"Não";5;0;2;0;2;2;2;5;-25,93367517;-48,9113003;"SPRF-PR";"DEL01-PR";"UOP04-DEL01-PR"
407228;2022-01-07;"sexta-feira";"07:20:00";"RS";158;161;"PANAMBI";"Ultrapassagem Indevida";"Colisão lateral mesmo sentido";"Com Vítimas Feridas";"Pleno dia";"Crescente";"Céu Claro";"Simples";"Reta";"Não";2;0;1;0;1;0;1;2;-28,36915497;-53,50540506;"SPRF-RS";"DEL10-RS";"UOP02-DEL10-RS"
407232;2022-01-07;"sexta-feira";"09:00:00";"RJ";356;49;"ITAPERUNA";"Curva acentuada";"Tombamento";"Com Vítimas Feridas";"Pleno dia";"Crescente";"Nublado";"Simples";"Curva";"Não";2;0;1;0;0;1;1;2;-21,25300596;-41,78325793;"SPRF-RJ";"DEL08-RJ";"UOP03-DEL08-RJ"
407242;2022-01-07;"sexta-feira";"11:20:00";"PR";376;411,3;"TIBAGI";"Ingestão de álcool e/ou substâncias psicoativas pelo pedestre";"Atropelamento de Pedestre";"Com Vítimas Feridas";"Pleno dia";"Crescente";"Céu Claro";"Simples";"Reta";"Sim";3;0;0;1;1;2;1;4;-24,66458786;-50,60469271;"SPRF-PR";"DEL03-PR";"UOP02-DEL03-PR"
407260;2022-01-07;"sexta-feira";"13:30:00";"SP";101;32;"UBATUBA";"Conversão proibida";"Tombamento";"Com Vítimas Feridas";"Pleno dia";"Decrescente";"Chuva";"Simples";"Curva";"Não";2;0;1;0;1;0;1;2;-23,38990851;-44,98703594;"SPRF-SP";"DEL06-SP";"UOP01-DEL06-SP"
407262;2022-01-07;"sexta-feira";"14:15:00";"SE";101;56;"CAPELA";"Ultrapassagem Indevida";"Colisão frontal";"Com Vítimas Feridas";"Pleno dia";"Crescente";"Sol";"Simples";"Curva";"Não";5;0;1;0;3;1;1;5;-10,6393067;-37,0106971;"SPRF-SE";"DEL02-SE";"UOP02-DEL02-SE"
407264;2022-01-07;"sexta-feira";"13:00:00";"MG";40;526;"CONTAGEM";"Acesso irregular";"Colisão lateral mesmo sentido";"Com Vítimas Feridas";"Pleno dia";"Crescente";"Chuva";"Dupla";"Reta";"Sim";5;0;0;2;2;1;2;4;-19,89255399;-44,04985478;"SPRF-MG";"DEL01-MG";"UOP02-DEL01-MG"
407266;2022-01-07;"sexta-feira";"11:50:00";"MG";40;309,5;"TRES MARIAS";"Acostamento em desnível";"Saída de leito carroçável";"Com Vítimas Feridas";"Pleno dia";"Crescente";"Garoa/Chuvisco";"Simples";"Curva";"Não";1;0;1;0;0;0;1;1;-18,425864;-45,08211;"SPRF-MG";"DEL14-MG";"UOP02-DEL14-MG"
407268;2022-01-07;"sexta-feira";"14:20:00";"PR";487;135,6;"TUNEIRAS DO OESTE";"Demais falhas mecânicas ou elétricas";"Saída de leito carroçável";"Com Vítimas Fatais";"Pleno dia";"Crescente";"Sol";"Simples";"Aclive";"Não";1;1;0;0;0;0;0;1;-23,89903;-52,786115;"SPRF-PR";"DEL09-PR";"UOP03-DEL09-PR"
407269;2022-01-07;"sexta-feira";"12:35:00";"MT";163;573;"NOVA MUTUM";"Chuva";"Colisão frontal";"Com Vítimas Fatais";"Pleno dia";"Decrescente";"Chuva";"Simples";"Reta";"Não";4;1;0;1;1;3;1;5;-14,13823325;-56,10402945;"SPRF-MT";"DEL01-MT";"UOP01-DEL01-MT"
407270;2022-01-06;"quinta-feira";"05:15:00";"BA";407;173;"PONTO NOVO";"Ultrapassagem Indevida";"Saída de leito carroçável";"Com Vítimas Feridas";"Amanhecer";"Decrescente";"Chuva";"Simples";"Reta";"Não";3;0;1;0;0;3;1;4;-10,86606201;-40,11133021;"SPRF-BA";"DEL04-BA";"UOP02-DEL04-BA"
407273;2022-01-07;"sexta-feira";"11:15:00";"SC";282;322,9;"CAMPOS NOVOS";"Acessar a via sem observar a presença dos outros veículos";"Colisão transversal";"Com Vítimas Feridas";"Pleno dia";"Crescente";"Sol";"Simples";"Reta";"Não";5;0;4;0;1;0;4;2;-27,39855;-51,040504;"SPRF-SC";"DEL07-SC";"UOP06-DEL07-SC"
407274;2022-01-07;"sexta-feira";"14:30:00";"MG";381;931,5;"ITAPEVA";"Velocidade Incompatível";"Tombamento";"Com Vítimas Fatais";"Pleno dia";"Decrescente";"Chuva";"Dupla";"Curva";"Não";3;1;1;0;0;1;1;2;-22,788626;-46,244401;"SPRF-MG";"DEL16-MG";"UOP03-DEL16-MG"
407277;2022-01-07;"sexta-feira";"13:45:00";"MS";163;408;"NOVA ALVORADA DO SUL";"Acostamento em desnível";"Saída de leito carroçável";"Sem Vítimas";"Pleno dia";"Crescente";"Chuva";"Simples";"Reta";"Não";2;0;0;0;1;2;0;3;-21,09720006;-54,4881753;"SPRF-MS";"DEL02-MS";"UOP01-DEL02-MS"
407278;2022-01-07;"sexta-feira";"15:30:00";"CE";116;516,3;"BREJO SANTO";"Manobra de mudança de faixa";"Colisão lateral mesmo sentido";"Com Vítimas Feridas";"Pleno dia";"Crescente";"Céu Claro";"Simples";"Reta";"Não";3;0;0;1;1;1;1;3;-7,57338396;-39,0214544;"SPRF-CE";"DEL05-CE";"UOP03-DEL05-CE"
407282;2022-01-07;"sexta-feira";"14:30:00";"TO";235;197,6;"FORTALEZA DO TABOCAO";"Demais falhas mecânicas ou elétricas";"Incêndio";"Sem Vítimas";"Pleno dia";"Decrescente";"Céu Claro";"Simples";"Reta";"Não";2;0;0;0;2;0;0;1;-8,94701976;-48,43550884;"SPRF-TO";"DEL02-TO";"UOP02-DEL02-TO"
407294;2022-01-07;"sexta-feira";"15:50:00";"BA";110;351;"ALAGOINHAS";"Ultrapassagem Indevida";"Colisão frontal";"Com Vítimas Fatais";"Pleno dia";"Crescente";"Chuva";"Simples";"Reta";"Não";4;2;0;0;1;1;0;3;-12,24565526;-38,40467138;"SPRF-BA";"DEL01-BA";"UOP04-DEL01-BA"
407302;2022-01-07;"sexta-feira";"14:40:00";"RS";392;17,9;"RIO GRANDE";"Manobra de mudança de faixa";"Colisão lateral mesmo sentido";"Sem Vítimas";"Pleno dia";"Crescente";"Nublado";"Dupla";"Reta";"Não";3;0;0;0;2;1;0;2;-32,09414738;-52,16752661;"SPRF-RS";"DEL07-RS";"UOP02-DEL07-RS"