"id";"data_inversa";"dia_semana";"horario";"uf";"br";"km";"municipio";"causa_acidente";"tipo_acidente";"classificacao_acidente";"fase_dia";"sentido_via";"condicao_metereologica";"tipo_pista";"tracado_via";"uso_solo";"pessoas";"mortos";"feridos_leves";"feridos_graves";"ilesos";"ignorados";"feridos";"veiculos";"latitude";"longitude";"regional";"delegacia";"uop"
407814;2022-01-09;"domingo";"23:00:00";"MG";356;276,9;"EUGENOPOLIS";"Condutor Dormindo";"Colisão com objeto";"Com Vítimas Feridas";"Plena Noite";"Crescente";"Garoa/Chuvisco";"Simples";"Reta";"Não";2;0;1;0;1;0;1;1;-21,1259893;-42,27931031;"SPRF-MG";"DEL07-MG";"UOP02-DEL07-MG"
407816;2022-01-09;"domingo";"14:10:00";"BA";101;507;"ITABUNA";"Condutor deixou de manter distância do veículo da frente";"Colisão traseira";"Com Vítimas Feridas";"Pleno dia";"Crescente";"Céu Claro";"Simples";"Ponte";"Sim";3;0;0;1;2;0;1;2;-14,81510561;-39,29673716;"SPRF-BA";"DEL05-BA";"UOP01-DEL05-BA"
407817;2022-01-10;"segunda-feira";"01:45:00";"GO";50;242,7;"CATALAO";"Reação tardia ou ineficiente do condutor";"Saída de leito carroçável";"Com Vítimas Feridas";"Plena Noite";"Decrescente";"Chuva";"Dupla";"Reta";"Não";2;0;1;0;0;12;1;13;-17,9009;-47,7953;"SPRF-GO";"DEL06-GO";"UOP01-DEL06-GO"
407820;2022-01-09;"domingo";"07:30:00";"GO";452;78;"MAURILANDIA";"Pista esburacada";"Saída de leito carroçável";"Sem Vítimas";"Pleno dia";"Crescente";"Nublado";"Simples";"Declive";"Não";2;0;0;0;1;3;0;4;-18,0532807;-50,23024694;"SPRF-GO";"DEL04-GO";"UOP01-DEL04-GO"
407823;2022-01-10;"segunda-feira";"05:45:00";"GO";153;510;"APARECIDA DE GOIANIA";"Reação tardia ou ineficiente do condutor";"Colisão traseira";"Com Vítimas Feridas";"Amanhecer";"Decrescente";"Nublado";"Múltipla";"Declive";"Sim";2;0;1;0;1;0;1;2;-16,78313939;-49,23721525;"SPRF-GO";"DEL01-GO";"UOP03-DEL01-GO"
407826;2022-01-09;"domingo";"23:40:00";"PI";407;504;"PATOS DO PIAUI";"Transitar na contramão";"Colisão frontal";"Com Vítimas Fatais";"Plena Noite";"Decrescente";"Céu Claro";"Simples";"Reta";"Não";2;1;0;0;0;1;0;2;-7,61930822;-41,29534218;"SPRF-PI";"DEL04-PI";"UOP01-DEL04-PI"
407832;2022-01-10;"segunda-feira";"06:40:00";"RS";290;230,8;"RIO PARDO";"Objeto estático sobre o leito carroçável";"Colisão com objeto";"Com Vítimas Feridas";"Pleno dia";"Decrescente";"Céu Claro";"Simples";"Ponte";"Não";2;0;1;0;0;1;1;2;-30,21173527;-52,53555357;"SPRF-RS";"DEL02-RS";"UOP03-DEL02-RS"
407842;2022-01-10;"segunda-feira";"05:00:00";"RJ";465;22;"RIO DE JANEIRO";"Condutor Dormindo";"Colisão lateral sentido oposto";"Com Vítimas Feridas";"Amanhecer";"Crescente";"Chuva";"Simples";"Ponte";"Sim";4;0;3;0;1;0;3;2;-22,863579;-43,601479;"SPRF-RJ";"DEL03-RJ";"UOP01-DEL03-RJ"
407852;2022-01-10;"segunda-feira";"07:20:00";"MS";262;409;"TERENOS";"Condutor Dormindo";"Colisão lateral sentido oposto";"Com Vítimas Feridas";"Pleno dia";"Crescente";"Céu Claro";"Simples";"Reta";"Não";4;0;1;0;2;1;1;3;-20,43807971;-55,10494006;"SPRF-MS";"DEL01-MS";"UOP03-DEL01-MS"
407853;2022-01-10;"segunda-feira";"08:30:00";"RS";285;389,1;"SANTA BARBARA DO SUL";"Condutor deixou de manter distância do veículo da frente";"Colisão traseira";"Com Vítimas Feridas";"Pleno dia";"Crescente";"Céu Claro";"Simples";"Reta";"Não";2;0;1;0;1;0;1;2;-28,40705571;-53,22530508;"SPRF-RS";"DEL10-RS";"UOP02-DEL10-RS"
407888;2022-01-10;"segunda-feira";"08:05:00";"SC";470;3,2;"NAVEGANTES";"Reação tardia ou ineficiente do condutor";"Colisão com objeto";"Sem Vítimas";"Pleno dia";"Decrescente";"Chuva";"Múltipla";"Reta";"Sim";3;0;0;0;2;1;0;3;-26,861937;-48,681618;"SPRF-SC";"DEL04-SC";"UOP04-DEL04-SC"
407894;2022-01-10;"segunda-feira";"09:00:00";"ES";101;71;"SAO MATEUS";"Acessar a via sem observar a presença dos outros veículos";"Colisão transversal";"Com Vítimas Feridas";"Pleno dia";"Crescente";"Céu Claro";"Simples";"Reta";"Não";3;0;1;0;2;0;1;3;-18,753513;-39,862598;"SPRF-ES";"DEL04-ES";"UOP02-DEL04-ES"
407896;2022-01-07;"sexta-feira";"17:30:00";"PE";101;50,9;"ABREU E LIMA";"Condutor deixou de manter distância do veículo da frente";"Colisão traseira";"Sem Vítimas";"Anoitecer";"Crescente";"Céu Claro";"Múltipla";"Aclive";"Sim";3;0;0;0;2;1;0;3;-7,911179;-34,901561;"SPRF-PE";"DEL01-PE";"UOP02-DEL01-PE"
407899;2022-01-10;"segunda-feira";"08:15:00";"PE";232;45;"VITORIA DE SANTO ANTAO";"Manobra de mudança de faixa";"Saída de leito carroçável";"Com Vítimas Feridas";"Pleno dia";"Crescente";"Sol";"Dupla";"Reta";"Sim";3;0;1;0;1;1;1;2;-8,130741;-35,285276;"SPRF-PE";"DEL01-PE";"UOP01-DEL01-PE"
407901;2022-01-10;"segunda-feira";"09:35:00";"GO";40;93,1;"CRISTALINA";"Ausência de reação do condutor";"Colisão traseira";"Com Vítimas Feridas";"Pleno dia";"Decrescente";"Chuva";"Múltipla";"Reta";"Sim";6;0;4;0;1;1;4;3;-16,736824;-47,61925;"SPRF-DF";"DEL01-DF";"UOP02-DEL01-DF"
407912;2022-01-10;"segunda-feira";"10:50:00";"RN";304;276,9;"MACAIBA";"Mal súbito do condutor";"Colisão lateral sentido oposto";"Com Vítimas Fatais";"Pleno dia";"Decrescente";"Céu Claro";"Simples";"Reta";"Não";4;1;1;0;1;2;1;4;-5,88365;-35,518864;"SPRF-RN";"DEL01-RN";"UOP02-DEL01-RN"
407915;2022-01-10;"segunda-feira";"08:50:00";"RJ";101;101;"CAMPOS DOS GOYTACAZES";"Velocidade Incompatível";"Capotamento";"Com Vítimas Feridas";"Pleno dia";"Decrescente";"Chuva";"Dupla";"Reta";"Não";4;0;1;0;2;1;1;4;-21,88787408;-41,59597873;"SPRF-RJ";"DEL08-RJ";"UOP02-DEL08-RJ"
407922;2022-01-10;"segunda-feira";"11:40:00";"MG";365;610;"UBERLANDIA";"Manobra de mudança de faixa";"Colisão lateral mesmo sentido";"Com Vítimas Feridas";"Pleno dia";"Crescente";"Chuva";"Simples";"Reta";"Sim";2;0;1;0;0;1;1;2;-18,92793854;-48,19198317;"SPRF-MG";"DEL15-MG";"UOP01-DEL15-MG"
407923;2022-01-10;"segunda-feira";"09:30:00";"PR";373;240,9;"GUAMIRANGA";"Desrespeitar a preferência no cruzamento";"Saída de leito carroçável";"Com Vítimas Feridas";"Pleno dia";"Decrescente";"Chuva";"Simples";"Reta;Declive";"Não";5;0;3;0;2;0;3;2;-25,1942431;-50,755485;"SPRF-PR";"DEL03-PR";"UOP04-DEL03-PR"
407924;2022-01-10;"segunda-feira";"12:30:00";"MG";381;492,1;"BETIM";"Desrespeitar a preferência no cruzamento";"Colisão transversal";"Com Vítimas Feridas";"Pleno dia";"Crescente";"Garoa/Chuvisco";"Dupla";"Reta";"Sim";3;0;1;0;1;1;1;3;-19,97490091;-44,19004301;"SPRF-MG";"DEL01-MG";"UOP03-DEL01-MG"
407939;2022-01-10;"segunda-feira";"13:30:00";"GO";158;275;"JATAI";"Ingestão de álcool pelo condutor";"Colisão com objeto";"Sem Vítimas";"Pleno dia";"Crescente";"Céu Claro";"Dupla";"Interseção de Vias";"Sim";1;0;0;0;1;0;0;1;-17,91701293;-51,71956658;"SPRF-GO";"DEL05-GO";"UOP01-DEL05-GO"
407942;2022-01-10;"segunda-feira";"08:30:00";"MT";364;157,8;"PEDRA PRETA";"Demais falhas mecânicas ou elétricas";"Incêndio";"Sem Vítimas";"Pleno dia";"Crescente";"Nublado";"Simples";"Reta";"Não";2;0;0;0;1;2;0;3;-16,75242006;-54,26980018;"SPRF-MT";"DEL02-MT";"UOP01-DEL02-MT"
407946;2022-01-10;"segunda-feira";"13:30:00";"PR";376;675;"GUARATUBA";"Demais falhas mecânicas ou elétricas";"Colisão traseira";"Com Vítimas Feridas";"Pleno dia";"Crescente";"Chuva";"Dupla";"Reta";"Não";11;0;5;0;5;2;5;9;-25,9253011;-48,91465313;"SPRF-PR";"DEL01-PR";"UOP04-DEL01-PR"
407960;2022-01-10;"segunda-feira";"14:50:00";"PB";101;81,8;"BAYEUX";"Ausência de reação do condutor";"Colisão traseira";"Com Vítimas Feridas";"Pleno dia";"Crescente";"Céu Claro";"Dupla";"Reta;Retorno Regulamentado";"Sim";6;0;3;0;2;2;3;5;-7,12691586;-34,94169351;"SPRF-PB";"DEL01-PB";"UOP01-DEL01-PB"
407965;2022-01-10;"segunda-feira";"15:45:00";"PR";277;302;"PRUDENTOPOLIS";"Condutor deixou de manter distância do veículo da frente";"Colisão traseira";"Com Vítimas Feridas";"Pleno dia";"Crescente";"Chuva";"Simples";"Reta";"Não";4;0;2;0;2;0;2;2;-25,3023874;-51,11164331;"SPRF-PR";"DEL08-PR";"UOP01-DEL08-PR"
407969;2022-01-10;"segunda-feira";"15:30:00";"PE";101;0,9;"GOIANA";"Ingestão de álcool pelo condutor";"Colisão traseira";"Com Vítimas Fatais";"Pleno dia";"Crescente";"Céu Claro";"Dupla";"Reta";"Não";8;1;0;6;1;0;6;3;-7,5001955;-34,985073;"SPRF-PE";"DEL01-PE";"UOP02-DEL01-PE"
407976;2022-01-10;"segunda-feira";"14:30:00";"CE";20;145,8;"TAUA";"Demais falhas mecânicas ou elétricas";"Incêndio";"Sem Vítimas";"Pleno dia";"Crescente";"Céu Claro";"Simples";"Reta";"Não";1;0;0;0;1;0;0;1;-5,51055929;-40,06485515;"SPRF-CE";"DEL02-CE";"UOP02-DEL02-CE"
407977;2022-01-06;"quinta-feira";"14:00:00";"GO";20;130;"FLORES DE GOIAS";"Acostamento em desnível";"Tombamento";"Sem Vítimas";"Pleno dia";"Crescente";"Nublado";"Dupla";"Reta";"Sim";2;0;0;0;1;3;0;4;-14,84403;-46,738926;"SPRF-DF";"DEL02-DF";"UOP03-DEL02-DF"
407979;2022-01-10;"segunda-feira";"16:00:00";"ES";101;228;"FUNDAO";"Condutor deixou de manter distância do veículo da frente";"Colisão lateral mesmo sentido";"Sem Vítimas";"Plena Noite";"Crescente";"Céu Claro";"Simples";"Reta";"Não";2;0;0;0;2;0;0;2;-19,91868701;-40,40570613;"SPRF-ES";"DEL02-ES";"UOP01-DEL02-ES"
407988;2022-01-10;"segunda-feira";"17:30:00";"PI";316;36,9;"DEMERVAL LOBAO";"Transitar na contramão";"Colisão frontal";"Com Vítimas Feridas";"Pleno dia";"Decrescente";"Céu Claro";"Simples";"Curva";"Não";3;0;1;0;1;2;1;4;-5,37513794;-42,67077569;"SPRF-PI";"DEL01-PI";"UOP02-DEL01-PI"
407991;2022-01-10;"segunda-feira";"15:56:00";"PR";116;179;"QUITANDINHA";"Ausência de reação do condutor";"Colisão lateral sentido oposto";"Sem Vítimas";"Pleno dia";"Decrescente";"Nublado";"Simples";"Curva";"Não";3;0;0;0;2;4;0;6;-25,8949671;-49,525645;"SPRF-PR";"DEL01-PR";"UOP03-DEL01-PR"
408006;2022-01-10;"segunda-feira";"18:50:00";"BA";324;351;"CAPIM GROSSO";"Deficiência do Sistema de Iluminação/Sinalização";"Colisão traseira";"Com Vítimas Feridas";"Plena Noite";"Crescente";"Céu Claro";"Simples";"Reta";"Não";4;0;0;1;3;0;1;2;-11,37206;-40,03247;"SPRF-BA";"DEL04-BA";"UOP02-DEL04-BA"
408010;2022-01-10;"segunda-feira";"18:15:00";"RS";287;282;"SAO PEDRO DO SUL";"Ausência de reação do condutor";"Colisão transversal";"Sem Vítimas";"Pleno dia";"Decrescente";"Céu Claro";"Simples";"Rotatória";"Sim";3;0;0;0;2;3;0;5;-29,63590192;-54,18948019;"SPRF-RS";"DEL09-RS";"UOP01-DEL09-RS"
408012;2022-01-10;"segunda-feira";"16:20:00";"RS";285;585,8;"SAO LUIZ GONZAGA";"Ultrapassagem Indevida";"Colisão lateral mesmo sentido";"Com Vítimas Feridas";"Pleno dia";"Crescente";"Céu Claro";"Simples";"Curva";"Não";3;0;1;0;1;1;1;3;-28,45571278;-55,12527466;"SPRF-RS";"DEL12-RS";"UOP01-DEL12-RS"
408013;2022-01-10;"segunda-feira";"19:50:00";"CE";116;109;"MORADA NOVA";"Transitar na contramão";"Colisão frontal";"Com Vítimas Fatais";"Plena Noite";"Crescente";"Nublado";"Simples";"Reta";"Não";3;1;0;1;0;1;1;3;-4,56533401;-38,251164;"SPRF-CE";"DEL03-CE";"UOP02-DEL03-CE"
408019;2022-01-10;"segunda-feira";"16:10:00";"PR";476;317,3;"PAULO FRONTIN";"Velocidade Incompatível";"Colisão frontal";"Com Vítimas Feridas";"Pleno dia";"Decrescente";"Chuva";"Simples";"Curva";"Não";3;0;1;0;1;2;1;4;-26,048738;-50,708012;"SPRF-PR";"DEL02-PR";"UOP04-DEL02-PR"
408024;2022-01-09;"domingo";"03:30:00";"PR";277;594;"CASCAVEL";"Ingestão de álcool pelo condutor";"Colisão traseira";"Sem Vítimas";"Plena Noite";"Crescente";"Céu Claro";"Múltipla";"Aclive";"Sim";2;0;0;0;1;1;0;2;-24,9794792;-53,49232599;"SPRF-PR";"DEL04-PR";"UOP01-DEL04-PR"
408025;2022-01-10;"segunda-feira";"20:55:00";"MG";116;687,2;"MURIAE";"Condutor Dormindo";"Colisão frontal";"Com Vítimas Feridas";"Plena Noite";"Decrescente";"Chuva";"Simples";"Reta";"Não";4;0;2;0;0;2;2;4;-20,98547095;-42,35547803;"SPRF-MG";"DEL07-MG";"UOP02-DEL07-MG"
408028;2022-01-11;"terça-feira";"00:30:00";"MG";146;402,5;"GUAXUPE";"Animais na Pista";"Atropelamento de Animal";"Com Vítimas Fatais";"Plena Noite";"Crescente";"Chuva";"Simples";"Curva";"Não";3;1;0;0;1;1;0;3;-21,306028;-46,656328;"SPRF-MG";"DEL09-MG";"UOP01-DEL09-MG"
408037;2022-01-10;"segunda-feira";"21:30:00";"PE";423;46;"CACHOEIRINHA";"Desvio temporário";"Tombamento";"Com Vítimas Feridas";"Plena Noite";"Decrescente";"Céu Claro";"Simples";"Declive";"Não";1;0;1;0;0;0;1;1;-8,54061902;-36,26852294;"SPRF-PE";"DEL03-PE";"UOP01-DEL03-PE"
408043;2022-01-10;"segunda-feira";"21:00:00";"MG";365;627;"UBERLANDIA";"Reação tardia ou ineficiente do condutor";"Saída de leito carroçável";"Sem Vítimas";"Plena Noite";"Crescente";"Chuva";"Dupla";"Viaduto";"Sim";2;0;0;0;1;1;0;2;-18,90359335;-48,34361612;"SPRF-MG";"DEL15-MG";"UOP01-DEL15-MG"
408044;2022-01-11;"terça-feira";"06:50:00";"RS";392;352,2;"SANTA MARIA";"Demais falhas mecânicas ou elétricas";"Tombamento";"Com Vítimas Feridas";"Pleno dia";"Decrescente";"Céu Claro";"Simples";"Curva";"Sim";2;0;1;0;0;1;1;2;-29,72502974;-53,80607843;"SPRF-RS";"DEL09-RS";"UOP01-DEL09-RS"
408050;2022-01-11;"terça-feira";"07:50:00";"RS";116;50,7;"VACARIA";"Manobra de mudança de faixa";"Colisão lateral mesmo sentido";"Sem Vítimas";"Pleno dia";"Crescente";"Sol";"Simples";"Curva;Aclive";"Não";5;0;0;0;3;3;0;6;-28,57728605;-51,01690292;"SPRF-RS";"DEL05-RS";"UOP03-DEL05-RS"
408055;2022-01-11;"terça-feira";"09:20:00";"SC";101;132;"BALNEARIO CAMBORIU";"Manobra de mudança de faixa";"Colisão lateral mesmo sentido";"Com Vítimas Feridas";"Pleno dia";"Decrescente";"Nublado";"Dupla";"Reta";"Sim";3;0;1;0;0;2;1;3;-26,99654133;-48,65564711;"SPRF-SC";"DEL04-SC";"UOP03-DEL04-SC"
408058;2022-01-11;"terça-feira";"09:40:00";"PR";116;108,3;"CURITIBA";"Reação tardia ou ineficiente do condutor";"Colisão traseira";"Com Vítimas Feridas";"Pleno dia";"Decrescente";"Garoa/Chuvisco";"Múltipla";"Reta";"Não";5;0;1;1;1;5;2;7;-25,54657438;-49,29173608;"SPRF-PR";"DEL01-PR";"UOP01-DEL01-PR"
408060;2022-01-11;"terça-feira";"09:45:00";"MG";381;512;"IGARAPE";"Reação tardia ou ineficiente do condutor";"Engavetamento";"Com Vítimas Feridas";"Pleno dia";"Decrescente";"Chuva";"Múltipla";"Reta";"Sim";8;0;1;0;7;0;1;7;-20,09239724;-44,31458341;"SPRF-MG";"DEL01-MG";"UOP03-DEL01-MG"
408062;2022-01-11;"terça-feira";"06:10:00";"PE";101;183,1;"PALMARES";"Reação tardia ou ineficiente do condutor";"Tombamento";"Com Vítimas Feridas";"Amanhecer";"Crescente";"Céu Claro";"Dupla";"Curva";"Não";2;0;1;0;0;1;1;2;-8,662093;-35,566758;"SPRF-PE";"DEL01-PE";"UOP01-DEL01-PE"
408063;2022-01-11;"terça-feira";"07:35:00";"MT";163;611;"NOVA MUTUM";"Manobra de mudança de faixa";"Colisão frontal";"Com Vítimas Feridas";"Pleno dia";"Crescente";"Céu Claro";"Simples";"Curva";"Não";3;0;1;0;2;0;1;2;-13,53052218;-56,02615356;"SPRF-MT";"DEL01-MT";"UOP01-DEL01-MT"
408064;2022-01-07;"sexta-feira";"11:15:00";"RJ";40;17;"TRES RIOS";"Velocidade Incompatível";"Tombamento";"Com Vítimas Feridas";"Pleno dia";"Decrescente";"Chuva";"Dupla";"Curva";"Não";1;0;1;0;0;0;1;1;-22,08639692;-43,17655185;"SPRF-RJ";"DEL05-RJ";"UOP02-DEL05-RJ"
408068;2022-01-11;"terça-feira";"11:10:00";"SC";101;207;"SAO JOSE";"Trafegar com motocicleta (ou similar) entre as faixas";"Colisão lateral mesmo sentido";"Com Vítimas Feridas";"Pleno dia";"Crescente";"Céu Claro";"Múltipla";"Curva";"Sim";3;0;1;0;2;0;1;3;-27,60001226;-48,6226467;"SPRF-SC";"DEL01-SC";"UOP01-DEL01-SC"
408069;2022-01-11;"terça-feira";"09:30:00";"BA";242;860;"BARREIRAS";"Ausência de reação do condutor";"Tombamento";"Com Vítimas Feridas";"Pleno dia";"Crescente";"Céu Claro";"Simples";"Reta";"Não";2;0;1;0;0;1;1;2;-12,09594834;-45,37916805;"SPRF-BA";"DEL10-BA";"UOP01-DEL10-BA"
408074;2022-01-11;"terça-feira";"12:00:00";"TO";153;643;"ALIANCA DO TOCANTINS";"Transitar na contramão";"Colisão frontal";"Com Vítimas Feridas";"Pleno dia";"Crescente";"Nublado";"Simples";"Declive";"Não";4;0;0;2;1;1;2;3;-11,47437216;-48,99808252;"SPRF-TO";"DEL01-TO";"UOP02-DEL01-TO"
408075;2022-01-11;"terça-feira";"11:30:00";"RJ";116;239,3;"PIRAI";"Demais falhas mecânicas ou elétricas";"Incêndio";"Sem Vítimas";"Pleno dia";"Crescente";"Nublado";"Dupla";"Reta";"Não";1;0;0;0;1;0;0;1;-22,65832258;-43,88969593;"SPRF-RJ";"DEL07-RJ";"UOP01-DEL07-RJ"
408076;2022-01-11;"terça-feira";"06:55:00";"BA";116;753,2;"POCOES";"Condutor Dormindo";"Colisão frontal";"Com Vítimas Fatais";"Pleno dia";"Decrescente";"Nublado";"Simples";"Reta";"Não";4;3;0;0;1;0;0;2;-14,49825886;-40,35123825;"SPRF-BA";"DEL08-BA";"UOP02-DEL08-BA"
408079;2022-01-11;"terça-feira";"11:00:00";"SC";470;111,2;"IBIRAMA";"Velocidade Incompatível";"Tombamento";"Com Vítimas Feridas";"Pleno dia";"Decrescente";"Céu Claro";"Simples";"Curva";"Não";2;0;1;0;0;1;1;2;-27,095388;-49,457878;"SPRF-SC";"DEL04-SC";"UOP02-DEL04-SC"
408084;2022-01-11;"terça-feira";"13:45:00";"MG";381;513,2;"IGARAPE";"Velocidade Incompatível";"Colisão com objeto";"Com Vítimas Feridas";"Pleno dia";"Decrescente";"Chuva";"Múltipla";"Reta";"Sim";3;0;3;0;0;0;3;1;-20,099993;-44,318903;"SPRF-MG";"DEL01-MG";"UOP03-DEL01-MG"
408092;2022-01-11;"terça-feira";"09:25:00";"GO";50;178,9;"CAMPO ALEGRE DE GOIAS";"Chuva";"Saída de leito carroçável";"Com Vítimas Feridas";"Pleno dia";"Decrescente";"Chuva";"Dupla";"Curva";"Não";3;0;0;1;1;3;1;5;-17,3972;-47,7778;"SPRF-GO";"DEL06-GO";"UOP01-DEL06-GO"
408104;2022-01-11;"terça-feira";"15:40:00";"RN";226;3,5;"NATAL";"Transitar na contramão";"Colisão transversal";"Com Vítimas Fatais";"Pleno dia";"Crescente";"Céu Claro";"Simples";"Reta";"Sim";2;1;0;0;1;0;0;2;-5,82085671;-35,25187091;"SPRF-RN";"DEL01-RN";"UOP02-DEL01-RN"
408105;2022-01-11;"terça-feira";"13:15:00";"CE";222;95;"UMIRIM";"Manobra de mudança de faixa";"Colisão frontal";"Com Vítimas Feridas";"Pleno dia";"Crescente";"Chuva";"Simples";"Reta";"Não";2;0;1;0;1;0;1;2;-3,70238142;-39,38326382;"SPRF-CE";"DEL04-CE";"UOP03-DEL04-CE"
408114;2022-01-11;"terça-feira";"10:50:00";"MG";381;244,9;"SANTANA DO PARAISO";"Mal súbito do condutor";"Colisão lateral sentido oposto";"Com Vítimas Feridas";"Pleno dia";"Crescente";"Nublado";"Simples";"Aclive;Reta";"Não";3;0;1;0;1;1;1;3;-19,44433395;-42,51333612;"SPRF-MG";"DEL06-MG";"UOP01-DEL06-MG"
408115;2022-01-11;"terça-feira";"17:25:00";"BA";242;823;"BARREIRAS";"Entrada inopinada do pedestre";"Atropelamento de Pedestre";"Com Vítimas Feridas";"Pleno dia";"Crescente";"Céu Claro";"Simples";"Reta";"Sim";3;0;0;1;1;1;1;3;-12,117;-45,24;"SPRF-BA";"DEL10-BA";"UOP01-DEL10-BA"
408117;2022-01-11;"terça-feira";"16:45:00";"MS";262;459,9;"DOIS IRMAOS DO BURITI";"Condutor Dormindo";"Colisão lateral sentido oposto";"Com Vítimas Feridas";"Pleno dia";"Crescente";"Céu Claro";"Simples";"Reta";"Não";3;0;1;0;1;3;1;5;-20,54815757;-55,537141;"SPRF-MS";"DEL03-MS";"UOP01-DEL03-MS"
408122;2022-01-11;"terça-feira";"17:05:00";"SC";470;199,4;"PONTE ALTA";"Reação tardia ou ineficiente do condutor";"Colisão transversal";"Com Vítimas Feridas";"Pleno dia";"Decrescente";"Céu Claro";"Simples";"Rotatória";"Não";2;0;0;1;1;0;1;2;-27,309647;-50,128212;"SPRF-SC";"DEL05-SC";"UOP03-DEL05-SC"
408127;2022-01-11;"terça-feira";"17:45:00";"PR";277;108;"CAMPO LARGO";"Chuva";"Colisão traseira";"Com Vítimas Feridas";"Pleno dia";"Crescente";"Chuva";"Dupla";"Reta";"Não";4;0;1;1;1;1;2;3;-25,46337891;-49,35755379;"SPRF-PR";"DEL01-PR";"UOP03-DEL03-PR"
408128;2022-01-11;"terça-feira";"17:45:00";"MA";135;3,2;"SAO LUIS";"Condutor deixou de manter distância do veículo da frente";"Engavetamento";"Com Vítimas Feridas";"Anoitecer";"Crescente";"Céu Claro";"Dupla";"Reta";"Sim";3;0;1;0;2;0;1;3;-2,606802;-44,247512;"SPRF-MA";"DEL01-MA";"UOP01-DEL01-MA"
408137;2022-01-11;"terça-feira";"18:40:00";"MG";381;418;"NOVA UNIAO";"Demais falhas mecânicas ou elétricas";"Incêndio";"Sem Vítimas";"Anoitecer";"Decrescente";"Céu Claro";"Dupla";"Reta";"Não";1;0;0;0;1;0;0;1;-19,76425109;-43,64210754;"SPRF-MG";"DEL01-MG";"UOP01-DEL01-MG"
408142;2022-01-11;"terça-feira";"17:10:00";"BA";116;512;"SANTA TERESINHA";"Acessar a via sem observar a presença dos outros veículos";"Colisão transversal";"Com Vítimas Feridas";"Pleno dia";"Decrescente";"Céu Claro";"Simples";"Aclive";"Não";5;0;2;0;2;1;2;3;-12,65310515;-39,61371492;"SPRF-BA";"DEL03-BA";"UOP02-DEL03-BA"
408147;2022-01-11;"terça-feira";"20:40:00";"RS";285;501;"ENTRE-IJUIS";"Ingestão de álcool pelo condutor";"Colisão transversal";"Sem Vítimas";"Plena Noite";"Decrescente";"Céu Claro";"Simples";"Reta";"Não";3;0;0;0;2;1;0;3;-28,383951;-54,307785;"SPRF-RS";"DEL10-RS";"UOP01-DEL10-RS"
408150;2022-01-11;"terça-feira";"21:25:00";"MG";40;612,1;"CONGONHAS";"Condutor Dormindo";"Colisão frontal";"Com Vítimas Feridas";"Plena Noite";"Decrescente";"Nublado";"Simples";"Ponte;Curva";"Não";3;0;1;0;1;1;1;3;-20,51956;-43,832986;"SPRF-MG";"DEL05-MG";"UOP02-DEL05-MG"
408156;2022-01-11;"terça-feira";"22:00:00";"MS";158;126;"APARECIDA DO TABOADO";"Avarias e/ou desgaste excessivo no pneu";"Incêndio";"Sem Vítimas";"Plena Noite";"Crescente";"Céu Claro";"Simples";"Reta";"Não";2;0;0;0;1;1;0;2;-19,91971893;-51,13213392;"SPRF-MS";"DEL08-MS";"UOP01-DEL08-MS"
408162;2022-01-11;"terça-feira";"21:20:00";"PR";153;138,9;"VENTANIA";"Carga excessiva e/ou mal acondicionada";"Derramamento de carga";"Com Vítimas Feridas";"Plena Noite";"Decrescente";"Nublado";"Simples";"Curva";"Não";3;0;1;0;1;3;1;5;-24,06329917;-50,25299369;"SPRF-PR";"DEL07-PR";"UOP04-DEL07-PR"
408169;2022-01-12;"quarta-feira";"02:45:00";"MG";251;473;"FRANCISCO SA";"Velocidade Incompatível";"Eventos atípicos";"Com Vítimas Feridas";"Plena Noite";"Crescente";"Céu Claro";"Simples";"Curva";"Não";2;0;1;0;0;1;1;2;-16,47012768;-43,44753404;"SPRF-MG";"DEL12-MG";"UOP01-DEL12-MG"
408170;2022-01-12;"quarta-feira";"06:20:00";"SC";101;217;"PALHOCA";"Ausência de reação do condutor";"Colisão lateral mesmo sentido";"Com Vítimas Feridas";"Pleno dia";"Crescente";"Sol";"Múltipla";"Reta";"Sim";3;0;1;0;1;1;1;3;-27,66779034;-48,67393586;"SPRF-SC";"DEL01-SC";"UOP02-DEL01-SC"
408171;2022-01-11;"terça-feira";"23:00:00";"SC";470;211,4;"SAO CRISTOVAO DO SUL";"Velocidade Incompatível";"Tombamento";"Com Vítimas Feridas";"Plena Noite";"Crescente";"Céu Claro";"Simples";"Curva";"Não";2;0;1;0;0;2;1;3;-27,30964295;-50,23497462;"SPRF-SC";"DEL05-SC";"UOP03-DEL05-SC"
408173;2022-01-12;"quarta-feira";"06:55:00";"MG";40;549,8;"NOVA LIMA";"Manobra de mudança de faixa";"Colisão traseira";"Com Vítimas Feridas";"Pleno dia";"Crescente";"Céu Claro";"Dupla";"Curva;Aclive";"Sim";4;0;1;0;2;1;1;4;-20,03972326;-43,96703232;"SPRF-MG";"DEL01-MG";"UOP02-DEL01-MG"
408178;2022-01-12;"quarta-feira";"07:40:00";"ES";101;296;"CARIACICA";"Acessar a via sem observar a presença dos outros veículos";"Colisão transversal";"Com Vítimas Feridas";"Pleno dia";"Crescente";"Céu Claro";"Múltipla";"Curva";"Sim";3;0;0;1;1;1;1;3;-20,34029997;-40,40405712;"SPRF-ES";"DEL01-ES";"UOP01-DEL01-ES"