"id";"data_inversa";"dia_semana";"horario";"uf";"br";"km";"municipio";"causa_acidente";"tipo_acidente";"classificacao_acidente";"fase_dia";"sentido_via";"condicao_metereologica";"tipo_pista";"tracado_via";"uso_solo";"pessoas";"mortos";"feridos_leves";"feridos_graves";"ilesos";"ignorados";"feridos";"veiculos";"latitude";"longitude";"regional";"delegacia";"uop"
408902;2022-01-15;"sábado";"19:50:00";"MG";116;21;"CACHOEIRA DE PAJEU";"Pista esburacada";"Saída de leito carroçável";"Sem Vítimas";"Plena Noite";"Crescente";"Céu Claro";"Simples";"Declive";"Não";1;0;0;0;1;0;0;1;-15,84293113;-41,40943564;"SPRF-BA";"DEL08-BA";"UOP03-DEL08-BA"
408909;2022-01-16;"domingo";"01:00:00";"MG";381;920,6;"CAMANDUCAIA";"Ingestão de álcool pelo condutor";"Colisão traseira";"Sem Vítimas";"Plena Noite";"Decrescente";"Nublado";"Dupla";"Aclive";"Não";3;0;0;0;2;2;0;4;-22,76083777;-46,16606355;"SPRF-MG";"DEL16-MG";"UOP03-DEL16-MG"
408913;2022-01-15;"sábado";"23:30:00";"SC";116;23;"ITAIOPOLIS";"Ingestão de álcool pelo condutor";"Colisão com objeto";"Com Vítimas Feridas";"Plena Noite";"Crescente";"Garoa/Chuvisco";"Simples";"Rotatória";"Não";5;0;0;1;3;1;1;4;-26,26545939;-49,91656109;"SPRF-SC";"DEL06-SC";"UOP01-DEL06-SC"
408918;2022-01-16;"domingo";"01:30:00";"SC";282;461,5;"PONTE SERRADA";"Desrespeitar a preferência no cruzamento";"Colisão transversal";"Com Vítimas Feridas";"Plena Noite";"Crescente";"Céu Claro";"Simples";"Reta";"Sim";4;0;3;0;1;0;3;2;-26,857594;-52,050583;"SPRF-SC";"DEL07-SC";"UOP04-DEL07-SC"
408922;2022-01-16;"domingo";"02:30:00";"BA";135;22;"FORMOSA DO RIO PRETO";"Ingestão de álcool pelo condutor";"Colisão frontal";"Com Vítimas Feridas";"Amanhecer";"Crescente";"Céu Claro";"Simples";"Reta";"Não";5;0;3;0;1;1;3;3;-11,01690597;-45,20825835;"SPRF-BA";"DEL10-BA";"UOP01-DEL10-BA"
408925;2022-01-16;"domingo";"02:25:00";"PI";316;291,8;"PICOS";"Iluminação deficiente";"Colisão lateral mesmo sentido";"Com Vítimas Feridas";"Plena Noite";"Crescente";"Nublado";"Simples";"Reta";"Não";2;0;0;1;1;0;1;2;-7,00805611;-41,59890532;"SPRF-PI";"DEL04-PI";"UOP01-DEL04-PI"
408939;2022-01-16;"domingo";"04:00:00";"RJ";40;42,5;"AREAL";"Reação tardia ou ineficiente do condutor";"Colisão traseira";"Com Vítimas Feridas";"Plena Noite";"Crescente";"Céu Claro";"Dupla";"Aclive";"Não";4;0;1;0;2;1;1;3;-22,25614201;-43,10847296;"SPRF-RJ";"DEL05-RJ";"UOP02-DEL05-RJ"
408941;2022-01-16;"domingo";"06:00:00";"BA";101;102;"ALAGOINHAS";"Conversão proibida";"Colisão traseira";"Com Vítimas Feridas";"Pleno dia";"Crescente";"Garoa/Chuvisco";"Simples";"Reta";"Não";7;0;2;0;4;1;2;3;-12,10579503;-38,37730408;"SPRF-BA";"DEL01-BA";"UOP04-DEL01-BA"
408942;2022-01-15;"sábado";"23:35:00";"SC";282;122,2;"BOM RETIRO";"Ingestão de álcool pelo condutor";"Colisão frontal";"Com Vítimas Feridas";"Plena Noite";"Crescente";"Céu Claro";"Simples";"Reta";"Não";2;0;1;0;1;0;1;2;-27,799711;-49,430939;"SPRF-SC";"DEL05-SC";"UOP01-DEL05-SC"
408946;2022-01-16;"domingo";"03:25:00";"PI";343;328;"TERESINA";"Ausência de reação do condutor";"Colisão frontal";"Sem Vítimas";"Plena Noite";"Decrescente";"Céu Claro";"Simples";"Reta";"Não";2;0;0;0;1;1;0;2;-5,069324;-42,634327;"SPRF-PI";"DEL01-PI";"UOP01-DEL01-PI"
408953;2022-01-15;"sábado";"11:00:00";"ES";262;64;"MARECHAL FLORIANO";"Velocidade Incompatível";"Tombamento";"Sem Vítimas";"Pleno dia";"Crescente";"Céu Claro";"Simples";"Curva";"Não";2;0;0;0;1;2;0;3;-20,41687787;-40,81519604;"SPRF-ES";"DEL01-ES";"UOP02-DEL01-ES"
408960;2022-01-16;"domingo";"09:00:00";"GO";153;504;"APARECIDA DE GOIANIA";"Manobra de mudança de faixa";"Colisão lateral mesmo sentido";"Com Vítimas Feridas";"Pleno dia";"Decrescente";"Céu Claro";"Dupla";"Aclive";"Sim";4;0;2;0;1;2;2;4;-16,7451;-49,2408;"SPRF-GO";"DEL01-GO";"UOP01-DEL01-GO"
408967;2022-01-16;"domingo";"07:20:00";"MG";153;58;"MONTE ALEGRE DE MINAS";"Problema com o freio";"Saída de leito carroçável";"Com Vítimas Feridas";"Pleno dia";"Crescente";"Sol";"Simples";"Rotatória;Declive;Curva;Interseção de Vias";"Não";3;0;1;0;2;0;1;2;-18,878386;-49,056637;"SPRF-MG";"DEL15-MG";"UOP03-DEL15-MG"
408976;2022-01-16;"domingo";"09:20:00";"RS";158;357;"DILERMANDO DE AGUIAR";"Ultrapassagem Indevida";"Tombamento";"Com Vítimas Feridas";"Pleno dia";"Decrescente";"Céu Claro";"Simples";"Reta";"Não";2;0;0;1;0;2;1;3;-29,76892532;-54,08284301;"SPRF-RS";"DEL09-RS";"UOP01-DEL09-RS"
408978;2022-01-16;"domingo";"08:10:00";"BA";242;416;"SEABRA";"Demais falhas mecânicas ou elétricas";"Incêndio";"Sem Vítimas";"Pleno dia";"Decrescente";"Céu Claro";"Simples";"Reta";"Sim";2;0;0;0;1;2;0;3;-12,42981176;-41,78832603;"SPRF-BA";"DEL06-BA";"UOP01-DEL06-BA"
408988;2022-01-16;"domingo";"13:00:00";"CE";222;102,2;"UMIRIM";"Transitar na contramão";"Colisão frontal";"Com Vítimas Fatais";"Pleno dia";"Crescente";"Céu Claro";"Simples";"Reta";"Sim";3;1;1;0;0;1;1;3;-3,73749744;-39,43418968;"SPRF-CE";"DEL04-CE";"UOP03-DEL04-CE"
408990;2022-01-16;"domingo";"13:15:00";"MG";251;492,2;"FRANCISCO SA";"Reação tardia ou ineficiente do condutor";"Colisão traseira";"Com Vítimas Feridas";"Pleno dia";"Crescente";"Sol";"Simples";"Declive;Reta";"Não";3;0;1;0;1;2;1;4;-16,54433804;-43,59543496;"SPRF-MG";"DEL12-MG";"UOP01-DEL12-MG"
408993;2022-01-16;"domingo";"11:50:00";"RJ";393;279;"BARRA DO PIRAI";"Área urbana sem a presença de local apropriado para a travessia de pedestres";"Atropelamento de Pedestre";"Com Vítimas Feridas";"Pleno dia";"Crescente";"Céu Claro";"Simples";"Curva";"Sim";2;0;1;0;0;1;1;2;-22,47615736;-44,00889998;"SPRF-RJ";"DEL05-RJ";"UOP04-DEL05-RJ"
408997;2022-01-15;"sábado";"18:00:00";"BA";407;92;"JAGUARARI";"Ultrapassagem Indevida";"Colisão lateral sentido oposto";"Sem Vítimas";"Anoitecer";"Decrescente";"Nublado";"Simples";"Reta";"Não";2;0;0;0;0;2;0;2;-10,167995;-40,22679602;"SPRF-BA";"DEL04-BA";"UOP01-DEL04-BA"
408998;2022-01-16;"domingo";"14:40:00";"MG";262;461;"NOVA SERRANA";"Ultrapassagem Indevida";"Colisão lateral mesmo sentido";"Com Vítimas Feridas";"Pleno dia";"Crescente";"Céu Claro";"Simples";"Reta";"Não";4;0;2;0;1;1;2;3;-19,82283349;-45,08196173;"SPRF-MG";"DEL08-MG";"UOP03-DEL08-MG"
409009;2022-01-16;"domingo";"07:40:00";"MG";116;73,1;"MEDINA";"Reação tardia ou ineficiente do condutor";"Colisão frontal";"Com Vítimas Fatais";"Pleno dia";"Decrescente";"Sol";"Simples";"Reta";"Sim";3;1;0;0;1;1;0;3;-16,22692908;-41,47096712;"SPRF-MG";"DEL11-MG";"UOP02-DEL11-MG"
409019;2022-01-16;"domingo";"15:30:00";"MT";364;501;"JANGADA";"Acessar a via sem observar a presença dos outros veículos";"Colisão lateral mesmo sentido";"Com Vítimas Feridas";"Pleno dia";"Crescente";"Céu Claro";"Simples";"Reta";"Não";3;0;1;0;1;3;1;5;-15,24622376;-56,47574185;"SPRF-MT";"DEL01-MT";"UOP01-DEL01-MT"
409020;2022-01-16;"domingo";"15:05:00";"PR";153;468,5;"PORTO VITORIA";"Reação tardia ou ineficiente do condutor";"Colisão lateral sentido oposto";"Com Vítimas Feridas";"Pleno dia";"Crescente";"Chuva";"Simples";"Aclive;Curva";"Não";4;0;2;0;1;2;2;4;-26,284858;-51,194314;"SPRF-PR";"DEL02-PR";"UOP03-DEL02-PR"
409022;2022-01-16;"domingo";"14:40:00";"MG";262;94,8;"ABRE CAMPO";"Acessar a via sem observar a presença dos outros veículos";"Atropelamento de Pedestre";"Com Vítimas Feridas";"Pleno dia";"Crescente";"Céu Claro";"Simples";"Reta";"Sim";3;0;0;1;1;1;1;3;-20,30646793;-42,46611787;"SPRF-MG";"DEL03-MG";"UOP03-DEL03-MG"
409026;2022-01-16;"domingo";"12:30:00";"GO";452;1;"RIO VERDE";"Reação tardia ou ineficiente do condutor";"Tombamento";"Com Vítimas Feridas";"Pleno dia";"Decrescente";"Céu Claro";"Dupla";"Retorno Regulamentado";"Sim";2;0;1;0;0;1;1;2;-17,78701091;-50,90085983;"SPRF-GO";"DEL04-GO";"UOP01-DEL04-GO"
409039;2022-01-16;"domingo";"17:00:00";"RS";116;351;"SENTINELA DO SUL";"Desvio temporário";"Colisão transversal";"Com Vítimas Feridas";"Pleno dia";"Crescente";"Chuva";"Simples";"Desvio Temporário;Em Obras;Curva";"Não";3;0;1;0;1;1;1;3;-30,54888119;-51,51331864;"SPRF-RS";"DEL02-RS";"UOP02-DEL02-RS"
409075;2022-01-16;"domingo";"20:20:00";"BA";116;847,4;"VITORIA DA CONQUISTA";"Transitar na contramão";"Colisão frontal";"Com Vítimas Feridas";"Plena Noite";"Crescente";"Céu Claro";"Simples";"Aclive";"Não";7;0;2;1;3;3;3;7;-15,037853;-40,968209;"SPRF-BA";"DEL08-BA";"UOP01-DEL08-BA"
409077;2022-01-16;"domingo";"15:15:00";"SC";282;541,3;"CHAPECO";"Velocidade Incompatível";"Tombamento";"Com Vítimas Feridas";"Pleno dia";"Decrescente";"Céu Claro";"Simples";"Declive;Em Obras;Curva";"Não";7;0;3;3;0;1;6;3;-26,997214;-52,702384;"SPRF-SC";"DEL07-SC";"UOP01-DEL07-SC"
409083;2022-01-16;"domingo";"17:20:00";"MG";116;248;"TEOFILO OTONI";"Transitar na contramão";"Colisão frontal";"Com Vítimas Feridas";"Pleno dia";"Decrescente";"Céu Claro";"Simples";"Reta";"Não";3;0;1;1;0;2;2;4;-17,62703918;-41,49796168;"SPRF-MG";"DEL11-MG";"UOP01-DEL11-MG"
409267;2022-01-16;"domingo";"19:00:00";"PR";277;221;"FERNANDES PINHEIRO";"Ingestão de álcool pelo condutor";"Saída de leito carroçável";"Sem Vítimas";"Plena Noite";"Crescente";"Céu Claro";"Simples";"Reta";"Não";2;0;0;0;1;1;0;2;-25,46433634;-50,38781484;"SPRF-PR";"DEL03-PR";"UOP03-DEL03-PR"
409331;2022-01-16;"domingo";"23:10:00";"BA";116;814,8;"VITORIA DA CONQUISTA";"Reação tardia ou ineficiente do condutor";"Colisão frontal";"Com Vítimas Feridas";"Plena Noite";"Decrescente";"Céu Claro";"Simples";"Reta";"Sim";2;0;0;1;1;0;1;2;-14,76880012;-40,71367294;"SPRF-BA";"DEL08-BA";"UOP01-DEL08-BA"
409332;2022-01-16;"domingo";"19:00:00";"PE";316;249;"BELEM DE SAO FRANCISCO";"Reação tardia ou ineficiente do condutor";"Saída de leito carroçável";"Com Vítimas Feridas";"Plena Noite";"Crescente";"Céu Claro";"Simples";"Curva";"Não";2;0;2;0;0;0;2;1;-8,6737083;-38,97854215;"SPRF-PE";"DEL05-PE";"UOP01-DEL05-PE"
409333;2022-01-16;"domingo";"23:40:00";"RJ";116;323;"ITATIAIA";"Acessar a via sem observar a presença dos outros veículos";"Colisão lateral mesmo sentido";"Com Vítimas Feridas";"Plena Noite";"Decrescente";"Nublado";"Simples";"Reta";"Não";2;0;1;0;1;0;1;2;-22,488885;-44,552696;"SPRF-RJ";"DEL07-RJ";"UOP02-DEL07-RJ"
409341;2022-01-16;"domingo";"23:10:00";"MA";316;234;"BOM JARDIM";"Pista esburacada";"Tombamento";"Com Vítimas Feridas";"Plena Noite";"Decrescente";"Chuva";"Simples";"Reta";"Não";3;0;2;0;0;2;2;3;-3,561282;-45,586536;"SPRF-MA";"DEL02-MA";"UOP01-DEL02-MA"
409345;2022-01-16;"domingo";"22:30:00";"BA";110;287;"INHAMBUPE";"Ausência de sinalização";"Colisão com objeto";"Com Vítimas Fatais";"Plena Noite";"Decrescente";"Céu Claro";"Simples";"Reta";"Não";2;1;0;0;1;0;0;2;-11,79502508;-38,35043338;"SPRF-BA";"DEL01-BA";"UOP04-DEL01-BA"
409348;2022-01-16;"domingo";"21:20:00";"PE";101;85,9;"JABOATAO DOS GUARARAPES";"Pedestre cruzava a pista fora da faixa";"Atropelamento de Pedestre";"Com Vítimas Fatais";"Plena Noite";"Decrescente";"Nublado";"Dupla";"Reta";"Sim";2;1;0;0;0;1;0;2;-8,18065563;-34,95965322;"SPRF-PE";"DEL01-PE";"UOP01-DEL01-PE"
409358;2022-01-17;"segunda-feira";"01:35:00";"RS";101;25,5;"TRES CACHOEIRAS";"Condutor Dormindo";"Tombamento";"Com Vítimas Feridas";"Plena Noite";"Crescente";"Céu Claro";"Dupla";"Reta";"Não";3;0;1;0;1;1;1;3;-29,45530462;-49,92587608;"SPRF-RS";"DEL03-RS";"UOP02-DEL03-RS"
409359;2022-01-16;"domingo";"23:50:00";"MG";381;721,9;"CARMO DA CACHOEIRA";"Velocidade Incompatível";"Saída de leito carroçável";"Com Vítimas Feridas";"Plena Noite";"Crescente";"Ignorado";"Dupla";"Curva";"Não";3;0;2;0;0;1;2;2;-21,47729514;-45,20207819;"SPRF-MG";"DEL04-MG";"UOP02-DEL04-MG"
409362;2022-01-17;"segunda-feira";"04:45:00";"SP";116;60;"GUARATINGUETA";"Demais falhas mecânicas ou elétricas";"Colisão com objeto";"Com Vítimas Feridas";"Amanhecer";"Crescente";"Céu Claro";"Dupla";"Reta";"Não";3;0;0;1;1;1;1;3;-22,78555649;-45,15339465;"SPRF-SP";"DEL08-SP";"UOP01-DEL08-SP"
409363;2022-01-17;"segunda-feira";"05:40:00";"GO";60;137;"GOIANIA";"Ausência de reação do condutor";"Colisão traseira";"Com Vítimas Feridas";"Amanhecer";"Decrescente";"Céu Claro";"Dupla";"Reta";"Não";2;0;0;1;1;0;1;2;-16,603;-49,2023;"SPRF-GO";"DEL01-GO";"UOP01-DEL01-GO"
409364;2022-01-08;"sábado";"13:30:00";"MA";135;85;"SANTA RITA";"Reação tardia ou ineficiente do condutor";"Saída de leito carroçável";"Com Vítimas Feridas";"Pleno dia";"Decrescente";"Nublado";"Simples";"Reta";"Não";1;0;1;0;0;0;1;1;-3,25681079;-44,38822426;"SPRF-MA";"DEL01-MA";"UOP02-DEL01-MA"
409377;2022-01-16;"domingo";"15:30:00";"BA";242;747,9;"BARREIRAS";"Ingestão de álcool pelo condutor";"Tombamento";"Sem Vítimas";"Pleno dia";"Decrescente";"Céu Claro";"Simples";"Reta";"Não";3;0;0;0;2;3;0;4;-12,1602601;-44,627237;"SPRF-BA";"DEL10-BA";"UOP01-DEL10-BA"
409379;2022-01-17;"segunda-feira";"06:55:00";"SC";101;211;"PALHOCA";"Ausência de reação do condutor";"Colisão traseira";"Com Vítimas Feridas";"Pleno dia";"Decrescente";"Nublado";"Múltipla";"Reta";"Sim";2;0;1;0;0;1;1;2;-27,62329313;-48,65245588;"SPRF-SC";"DEL01-SC";"UOP02-DEL01-SC"
409382;2022-01-17;"segunda-feira";"05:05:00";"PR";376;673,3;"GUARATUBA";"Demais falhas mecânicas ou elétricas";"Saída de leito carroçável";"Sem Vítimas";"Amanhecer";"Crescente";"Céu Claro";"Simples";"Reta";"Não";1;0;0;0;1;0;0;1;-25,90092097;-48,92572096;"SPRF-PR";"DEL01-PR";"UOP04-DEL01-PR"
409386;2022-01-17;"segunda-feira";"07:25:00";"DF";60;4,7;"BRASILIA";"Acessar a via sem observar a presença dos outros veículos";"Colisão traseira";"Com Vítimas Feridas";"Pleno dia";"Crescente";"Céu Claro";"Dupla";"Declive;Reta;Retorno Regulamentado";"Sim";2;0;0;1;1;0;1;2;-15,894496;-48,10153484;"SPRF-DF";"DEL03-DF";"UOP01-DEL03-DF"
409388;2022-01-17;"segunda-feira";"07:00:00";"SP";116;213,5;"GUARULHOS";"Manobra de mudança de faixa";"Colisão lateral mesmo sentido";"Com Vítimas Feridas";"Pleno dia";"Crescente";"Sol";"Múltipla";"Reta";"Sim";4;0;1;0;2;1;1;3;-23,43971486;-46,43667806;"SPRF-SP";"DEL01-SP";"UOP01-DEL01-SP"
409389;2022-01-17;"segunda-feira";"02:00:00";"RO";364;379,9;"OURO PRETO DO OESTE";"Ausência de reação do condutor";"Colisão frontal";"Com Vítimas Feridas";"Plena Noite";"Crescente";"Céu Claro";"Simples";"Curva";"Não";3;0;0;1;2;0;1;2;-10,74140374;-62,21792696;"SPRF-RO";"DEL02-RO";"UOP01-DEL02-RO"
409397;2022-01-17;"segunda-feira";"08:00:00";"RS";116;265,5;"CANOAS";"Demais Fenômenos da natureza";"Colisão transversal";"Com Vítimas Feridas";"Pleno dia";"Crescente";"Nublado";"Dupla";"Interseção de Vias";"Sim";2;0;1;0;1;0;1;2;-29,92342302;-51,17780944;"SPRF-RS";"DEL01-RS";"UOP01-DEL01-RS"
409401;2022-01-06;"quinta-feira";"00:15:00";"MA";135;15;"SAO LUIS";"Condutor deixou de manter distância do veículo da frente";"Colisão traseira";"Com Vítimas Feridas";"Plena Noite";"Crescente";"Nublado";"Dupla";"Reta";"Sim";3;0;1;0;1;2;1;4;-2,53073;-44,3068;"SPRF-MA";"DEL01-MA";"UOP01-DEL01-MA"
409403;2022-01-17;"segunda-feira";"02:54:00";"MG";381;527,7;"BRUMADINHO";"Velocidade Incompatível";"Colisão com objeto";"Com Vítimas Feridas";"Plena Noite";"Decrescente";"Nublado";"Dupla";"Curva";"Não";3;0;2;0;1;0;2;1;-20,16283256;-44,35072739;"SPRF-MG";"DEL04-MG";"UOP03-DEL04-MG"
409409;2022-01-17;"segunda-feira";"07:30:00";"GO";20;200;"POSSE";"Ultrapassagem Indevida";"Colisão frontal";"Com Vítimas Feridas";"Pleno dia";"Decrescente";"Céu Claro";"Simples";"Reta;Declive";"Não";7;0;4;2;0;2;6;4;-14,31473;-46,44677;"SPRF-DF";"DEL02-DF";"UOP03-DEL02-DF"
409416;2022-01-17;"segunda-feira";"11:00:00";"PR";376;411,2;"TIBAGI";"Acessar a via sem observar a presença dos outros veículos";"Colisão transversal";"Com Vítimas Feridas";"Pleno dia";"Crescente";"Nublado";"Simples";"Desvio Temporário;Interseção de Vias;Em Obras";"Não";2;0;1;0;1;0;1;2;-24,673004;-50,601442;"SPRF-PR";"DEL03-PR";"UOP02-DEL03-PR"
409427;2022-01-17;"segunda-feira";"11:20:00";"PE";110;139,6;"IBIMIRIM";"Transitar na contramão";"Colisão lateral sentido oposto";"Com Vítimas Feridas";"Pleno dia";"Decrescente";"Sol";"Simples";"Reta";"Não";2;0;0;1;1;0;1;2;-8,5108371;-37,62351999;"SPRF-PE";"DEL03-PE";"UOP02-DEL03-PE"
409428;2022-01-17;"segunda-feira";"10:50:00";"ES";101;316,8;"VIANA";"Ausência de reação do condutor";"Saída de leito carroçável";"Sem Vítimas";"Pleno dia";"Crescente";"Céu Claro";"Dupla";"Reta";"Não";2;0;0;0;1;2;0;3;-20,47804112;-40,47130769;"SPRF-ES";"DEL01-ES";"UOP01-DEL01-ES"
409433;2022-01-17;"segunda-feira";"11:30:00";"TO";153;145;"ARAGUAINA";"Ausência de reação do condutor";"Colisão traseira";"Com Vítimas Feridas";"Pleno dia";"Crescente";"Céu Claro";"Dupla";"Reta";"Sim";3;0;1;0;1;2;1;4;-7,20756611;-48,24174112;"SPRF-TO";"DEL02-TO";"UOP01-DEL02-TO"
409436;2022-01-17;"segunda-feira";"12:40:00";"BA";116;846;"VITORIA DA CONQUISTA";"Velocidade Incompatível";"Colisão lateral mesmo sentido";"Com Vítimas Feridas";"Pleno dia";"Crescente";"Sol";"Simples";"Reta";"Sim";4;0;1;0;2;1;1;4;-15,029887;-40,959071;"SPRF-BA";"DEL08-BA";"UOP01-DEL08-BA"
409441;2022-01-17;"segunda-feira";"09:30:00";"SC";101;253;"PAULO LOPES";"Ingestão de álcool pelo condutor";"Colisão traseira";"Sem Vítimas";"Pleno dia";"Crescente";"Céu Claro";"Dupla";"Reta";"Sim";3;0;0;0;2;1;0;3;-27,96492999;-48,67962057;"SPRF-SC";"DEL02-SC";"UOP03-DEL02-SC"
409443;2022-01-17;"segunda-feira";"14:15:00";"MG";381;385;"SAO GONCALO DO RIO ABAIXO";"Reação tardia ou ineficiente do condutor";"Colisão lateral sentido oposto";"Com Vítimas Feridas";"Pleno dia";"Crescente";"Céu Claro";"Simples";"Curva";"Não";3;0;0;1;1;1;1;3;-19,80286099;-43,409962;"SPRF-MG";"DEL01-MG";"UOP01-DEL01-MG"
409444;2022-01-17;"segunda-feira";"11:35:00";"PR";467;76,4;"TOLEDO";"Condutor Dormindo";"Saída de leito carroçável";"Com Vítimas Feridas";"Pleno dia";"Decrescente";"Céu Claro";"Dupla";"Reta";"Sim";1;0;1;0;0;0;1;1;-24,7592;-53,6955;"SPRF-PR";"DEL04-PR";"UOP01-DEL04-PR"
409447;2022-01-17;"segunda-feira";"14:40:00";"SC";101;213;"PALHOCA";"Condutor deixou de manter distância do veículo da frente";"Colisão lateral mesmo sentido";"Com Vítimas Feridas";"Pleno dia";"Decrescente";"Sol";"Dupla";"Reta";"Não";4;0;2;0;2;0;2;3;-27,63697369;-48,66514142;"SPRF-SC";"DEL01-SC";"UOP02-DEL01-SC"
409450;2022-01-17;"segunda-feira";"13:20:00";"PI";316;82,5;"LAGOINHA DO PIAUI";"Desrespeitar a preferência no cruzamento";"Colisão transversal";"Com Vítimas Feridas";"Pleno dia";"Crescente";"Sol";"Simples";"Interseção de Vias";"Não";3;0;2;0;1;0;2;2;-5,75884416;-42,61624018;"SPRF-PI";"DEL01-PI";"UOP02-DEL01-PI"
409451;2022-01-17;"segunda-feira";"13:00:00";"MS";0;0;"BATAGUASSU";"Problema com o freio";"Incêndio";"Sem Vítimas";"Pleno dia";"Não Informado";"Sol";"Simples";"Reta";"Não";2;0;0;0;1;2;0;3;-21,72532;-52,256202;"SPRF-MS";"DEL02-MS";"UOP04-DEL02-MS"
409453;2022-01-17;"segunda-feira";"11:59:00";"MG";365;434;"PATOS DE MINAS";"Velocidade Incompatível";"Saída de leito carroçável";"Com Vítimas Feridas";"Pleno dia";"Crescente";"Céu Claro";"Simples";"Reta;Aclive";"Não";3;0;1;0;1;1;1;3;-18,77949359;-46,69622198;"SPRF-MG";"DEL10-MG";"UOP01-DEL10-MG"
409455;2022-01-17;"segunda-feira";"12:20:00";"MA";135;5,1;"SAO LUIS";"Desrespeitar a preferência no cruzamento";"Colisão traseira";"Com Vítimas Feridas";"Pleno dia";"Crescente";"Céu Claro";"Dupla";"Reta";"Sim";2;0;0;1;1;0;1;2;-2,62145385;-44,25797421;"SPRF-MA";"DEL01-MA";"UOP01-DEL01-MA"
409456;2022-01-17;"segunda-feira";"15:55:00";"PR";369;174,3;"ROLANDIA";"Ingestão de álcool pelo condutor";"Colisão traseira";"Sem Vítimas";"Pleno dia";"Crescente";"Nublado";"Simples";"Reta;Interseção de Vias";"Sim";3;0;0;0;2;1;0;3;-23,31616164;-51,37667382;"SPRF-PR";"DEL07-PR";"UOP01-DEL07-PR"
409459;2022-01-17;"segunda-feira";"12:15:00";"RO";364;87;"VILHENA";"Manobra de mudança de faixa";"Colisão frontal";"Com Vítimas Feridas";"Pleno dia";"Crescente";"Céu Claro";"Simples";"Reta";"Não";8;0;1;2;4;1;3;3;-12,386794;-60,617154;"SPRF-RO";"DEL04-RO";"UOP01-DEL04-RO"
409474;2022-01-17;"segunda-feira";"12:51:00";"MT";364;307,3;"JACIARA";"Reação tardia ou ineficiente do condutor";"Saída de leito carroçável";"Com Vítimas Feridas";"Pleno dia";"Decrescente";"Céu Claro";"Dupla";"Reta";"Não";3;0;2;0;0;2;2;3;-15,82088336;-55,21223409;"SPRF-MT";"DEL05-MT";"UOP02-DEL05-MT"
409492;2022-01-17;"segunda-feira";"16:20:00";"RS";116;296;"GUAIBA";"Demais Fenômenos da natureza";"Tombamento";"Sem Vítimas";"Pleno dia";"Crescente";"Vento";"Dupla";"Reta;Declive;Viaduto";"Sim";2;0;0;0;1;2;0;3;-30,08861201;-51,34229993;"SPRF-RS";"DEL02-RS";"UOP01-DEL02-RS"
409494;2022-01-17;"segunda-feira";"17:45:00";"RS";392;193;"SANTANA DA BOA VISTA";"Velocidade Incompatível";"Colisão frontal";"Com Vítimas Fatais";"Pleno dia";"Crescente";"Chuva";"Simples";"Curva";"Não";4;2;0;0;1;3;0;5;-30,91853603;-53,1052494;"SPRF-RS";"DEL09-RS";"UOP02-DEL09-RS"
409497;2022-01-02;"domingo";"19:30:00";"CE";116;176,8;"RUSSAS";"Manobra de mudança de faixa";"Colisão frontal";"Com Vítimas Fatais";"Plena Noite";"Decrescente";"Nublado";"Simples";"Reta";"Não";4;1;0;0;3;0;0;2;-5,02243691;-38,06425904;"SPRF-CE";"DEL03-CE";"UOP01-DEL03-CE"
409498;2022-01-17;"segunda-feira";"17:49:00";"PR";476;122;"CURITIBA";"Ausência de reação do condutor";"Colisão lateral mesmo sentido";"Sem Vítimas";"Pleno dia";"Crescente";"Garoa/Chuvisco";"Dupla";"Reta";"Sim";2;0;0;0;2;0;0;2;-25,385775;-49,203377;"SPRF-PR";"DEL01-PR";"UOP02-DEL01-PR"
409502;2022-01-17;"segunda-feira";"16:15:00";"MG";262;580,5;"CAMPOS ALTOS";"Velocidade Incompatível";"Saída de leito carroçável";"Com Vítimas Feridas";"Pleno dia";"Crescente";"Chuva";"Simples";"Curva";"Não";1;0;1;0;0;0;1;1;-19,64871075;-46,07490063;"SPRF-MG";"DEL08-MG";"UOP02-DEL08-MG"
409503;2022-01-17;"segunda-feira";"17:25:00";"MG";381;705,5;"LAVRAS";"Velocidade Incompatível";"Colisão traseira";"Sem Vítimas";"Pleno dia";"Crescente";"Chuva";"Dupla";"Curva";"Não";5;0;0;0;4;1;0;5;-21,34965018;-45,17946289;"SPRF-MG";"DEL04-MG";"UOP02-DEL04-MG"
409506;2022-01-17;"segunda-feira";"09:45:00";"RO";364;876;"PORTO VELHO";"Desvio temporário";"Colisão frontal";"Sem Vítimas";"Pleno dia";"Crescente";"Céu Claro";"Simples";"Curva";"Não";4;0;0;0;3;1;0;4;-9,61690103;-64,9367597;"SPRF-RO";"DEL01-RO";"UOP02-DEL01-RO"
409507;2022-01-17;"segunda-feira";"10:30:00";"BA";101;387;"IBIRAPITANGA";"Velocidade Incompatível";"Tombamento";"Com Vítimas Feridas";"Pleno dia";"Decrescente";"Céu Claro";"Simples";"Curva";"Não";2;0;1;0;0;1;1;2;-14,01464603;-39,43631783;"SPRF-BA";"DEL05-BA";"UOP03-DEL05-BA"
409508;2022-01-17;"segunda-feira";"18:00:00";"SP";116;157,5;"SAO JOSE DOS CAMPOS";"Reação tardia ou ineficiente do condutor";"Colisão traseira";"Com Vítimas Feridas";"Anoitecer";"Decrescente";"Sol";"Dupla";"Aclive";"Sim";4;0;1;0;2;3;1;6;-23,25592275;-45,94425841;"SPRF-SP";"DEL02-SP";"UOP01-DEL02-SP"