"id";"data_inversa";"dia_semana";"horario";"uf";"br";"km";"municipio";"causa_acidente";"tipo_acidente";"classificacao_acidente";"fase_dia";"sentido_via";"condicao_metereologica";"tipo_pista";"tracado_via";"uso_solo";"pessoas";"mortos";"feridos_leves";"feridos_graves";"ilesos";"ignorados";"feridos";"veiculos";"latitude";"longitude";"regional";"delegacia";"uop"
411843;2022-01-29;"sábado";"17:00:00";"MT";364;349;"SANTO ANTONIO DO LEVERGER";"Reação tardia ou ineficiente do condutor";"Saída de leito carroçável";"Com Vítimas Feridas";"Pleno dia";"Crescente";"Chuva";"Simples";"Curva";"Não";2;0;1;0;0;2;1;3;-15,80502622;-55,5546431;"SPRF-MT";"DEL05-MT";"UOP02-DEL05-MT"
411869;2022-01-29;"sábado";"20:00:00";"GO";60;18,8;"ALEXANIA";"Deficiência do Sistema de Iluminação/Sinalização";"Colisão traseira";"Com Vítimas Fatais";"Plena Noite";"Crescente";"Céu Claro";"Dupla";"Aclive";"Não";3;1;0;0;1;2;0;4;-16,0963;-48,5202;"SPRF-DF";"DEL03-DF";"UOP01-DEL03-DF"
411870;2022-01-29;"sábado";"14:50:00";"MT";163;880;"SINOP";"Ultrapassagem Indevida";"Colisão lateral sentido oposto";"Com Vítimas Fatais";"Pleno dia";"Crescente";"Céu Claro";"Simples";"Reta";"Não";8;1;3;0;2;5;3;8;-11,60330506;-55,42821175;"SPRF-MT";"DEL06-MT";"NPF/DEL06-MT"
411872;2022-01-29;"sábado";"21:20:00";"CE";222;197,4;"FORQUILHA";"Velocidade Incompatível";"Saída de leito carroçável";"Com Vítimas Feridas";"Plena Noite";"Crescente";"Nublado";"Simples";"Curva";"Não";3;0;1;0;1;1;1;2;-3,80200422;-40,18948138;"SPRF-CE";"DEL04-CE";"UOP01-DEL04-CE"
411873;2022-01-29;"sábado";"22:00:00";"PI";135;127,3;"BERTOLINIA";"Ausência de reação do condutor";"Saída de leito carroçável";"Com Vítimas Feridas";"Plena Noite";"Decrescente";"Céu Claro";"Simples";"Curva;Declive";"Não";2;0;0;1;0;2;1;3;-7,66499735;-43,95114347;"SPRF-PI";"DEL03-PI";"UOP01-DEL03-PI"
411908;2022-01-30;"domingo";"05:00:00";"BA";116;925,3;"ENCRUZILHADA";"Condutor Dormindo";"Colisão frontal";"Com Vítimas Fatais";"Plena Noite";"Decrescente";"Céu Claro";"Simples";"Reta";"Não";7;1;4;1;0;1;5;3;-15,63597992;-41,29946535;"SPRF-BA";"DEL08-BA";"UOP03-DEL08-BA"
411914;2022-01-30;"domingo";"06:20:00";"SC";101;192,1;"BIGUACU";"Velocidade Incompatível";"Derramamento de carga";"Sem Vítimas";"Pleno dia";"Decrescente";"Céu Claro";"Dupla";"Curva";"Sim";2;0;0;0;1;1;0;2;-27,48591352;-48,64816368;"SPRF-SC";"DEL01-SC";"UOP01-DEL01-SC"
411917;2022-01-30;"domingo";"06:00:00";"RJ";40;114;"DUQUE DE CAXIAS";"Reação tardia ou ineficiente do condutor";"Colisão lateral mesmo sentido";"Com Vítimas Feridas";"Pleno dia";"Decrescente";"Chuva";"Múltipla";"Reta";"Sim";6;0;0;4;2;0;4;4;-22,71853604;-43,28993324;"SPRF-RJ";"DEL01-RJ";"UOP01-DEL01-RJ"
411920;2022-01-30;"domingo";"01:15:00";"MT";364;198;"RONDONOPOLIS";"Curva acentuada";"Tombamento";"Com Vítimas Feridas";"Plena Noite";"Decrescente";"Nublado";"Simples";"Declive;Curva;Ponte";"Não";2;0;1;0;0;1;1;2;-16,50621198;-54,62294799;"SPRF-MT";"DEL02-MT";"UOP01-DEL02-MT"
411928;2022-01-30;"domingo";"08:40:00";"SC";101;178;"BIGUACU";"Manobra de mudança de faixa";"Colisão lateral mesmo sentido";"Com Vítimas Feridas";"Pleno dia";"Decrescente";"Céu Claro";"Dupla";"Reta";"Não";4;0;1;0;2;2;1;4;-27,36408098;-48,63391212;"SPRF-SC";"DEL01-SC";"UOP01-DEL01-SC"
411932;2022-01-16;"domingo";"12:20:00";"SP";116;414;"JUQUIA";"Acessar a via sem observar a presença dos outros veículos";"Colisão lateral mesmo sentido";"Com Vítimas Feridas";"Pleno dia";"Decrescente";"Céu Claro";"Dupla";"Reta";"Não";3;0;2;0;0;1;2;3;-24,33164;-47,632774;"SPRF-SP";"DEL05-SP";"UOP01-DEL05-SP"
411933;2022-01-30;"domingo";"09:15:00";"PR";116;2;"CAMPINA GRANDE DO SUL";"Chuva";"Tombamento";"Com Vítimas Feridas";"Pleno dia";"Decrescente";"Chuva";"Dupla";"Curva";"Não";2;0;1;0;0;1;1;2;-25,06602975;-48,57857703;"SPRF-PR";"DEL01-PR";"UOP02-DEL01-PR"
411960;2022-01-30;"domingo";"11:00:00";"BA";116;689;"JEQUIE";"Carga excessiva e/ou mal acondicionada";"Saída de leito carroçável";"Com Vítimas Feridas";"Pleno dia";"Crescente";"Céu Claro";"Simples";"Curva";"Não";2;0;1;0;0;1;1;2;-13,980814;-40,17591;"SPRF-BA";"DEL03-BA";"UOP01-DEL03-BA"
411961;2022-01-30;"domingo";"09:20:00";"RJ";356;48;"ITAPERUNA";"Curva acentuada";"Colisão lateral sentido oposto";"Com Vítimas Feridas";"Pleno dia";"Decrescente";"Céu Claro";"Simples";"Curva";"Não";5;0;1;0;3;1;1;5;-21,24530018;-41,78413117;"SPRF-RJ";"DEL08-RJ";"UOP03-DEL08-RJ"
411963;2022-01-04;"terça-feira";"00:30:00";"BA";101;53;"ENTRE RIOS";"Obstrução na via";"Tombamento";"Sem Vítimas";"Plena Noite";"Crescente";"Ignorado";"Dupla";"Reta";"Não";2;0;0;0;1;1;0;2;-11,88267978;-38,00767422;"SPRF-BA";"DEL01-BA";"UOP04-DEL01-BA"
411975;2022-01-30;"domingo";"15:00:00";"MG";40;432,4;"CURVELO";"Reação tardia ou ineficiente do condutor";"Saída de leito carroçável";"Com Vítimas Feridas";"Pleno dia";"Crescente";"Céu Claro";"Dupla";"Reta;Aclive";"Não";1;0;1;0;0;0;1;1;-19,20302941;-44,47243131;"SPRF-MG";"DEL02-MG";"UOP01-DEL02-MG"
411979;2022-01-30;"domingo";"14:05:00";"MG";116;573,8;"MANHUACU";"Ingestão de álcool pelo condutor";"Colisão transversal";"Com Vítimas Feridas";"Pleno dia";"Crescente";"Céu Claro";"Simples";"Reta";"Não";3;0;1;0;1;1;1;3;-20,13004403;-42,17794986;"SPRF-MG";"DEL06-MG";"UOP03-DEL06-MG"
411991;2022-01-30;"domingo";"16:20:00";"ES";101;368,9;"ANCHIETA";"Ingestão de álcool pelo condutor";"Colisão transversal";"Com Vítimas Fatais";"Pleno dia";"Decrescente";"Céu Claro";"Simples";"Reta";"Não";3;1;0;0;1;1;0;3;-20,75957207;-40,75753039;"SPRF-ES";"DEL03-ES";"UOP01-DEL03-ES"
411992;2022-01-30;"domingo";"16:30:00";"PR";376;546,2;"PALMEIRA";"Reação tardia ou ineficiente do condutor";"Saída de leito carroçável";"Com Vítimas Fatais";"Pleno dia";"Crescente";"Nublado";"Dupla";"Reta";"Não";8;2;3;0;1;2;3;4;-25,45305085;-49,7368738;"SPRF-PR";"DEL01-PR";"UOP03-DEL03-PR"
411996;2022-01-30;"domingo";"17:00:00";"MG";381;525,4;"BRUMADINHO";"Problema com o freio";"Colisão traseira";"Com Vítimas Feridas";"Pleno dia";"Crescente";"Céu Claro";"Dupla";"Curva";"Não";3;0;1;0;1;1;1;3;-20,15102065;-44,32620764;"SPRF-MG";"DEL04-MG";"UOP03-DEL04-MG"
412008;2022-01-30;"domingo";"18:28:00";"PE";428;187;"PETROLINA";"Entrada inopinada do pedestre";"Atropelamento de Pedestre";"Com Vítimas Feridas";"Plena Noite";"Crescente";"Céu Claro";"Dupla";"Reta";"Sim";3;0;0;1;1;1;1;3;-9,35604301;-40,47854198;"SPRF-PE";"DEL06-PE";"UOP01-DEL06-PE"
412014;2022-01-30;"domingo";"18:40:00";"BA";110;382,5;"SAO SEBASTIAO DO PASSE";"Reação tardia ou ineficiente do condutor";"Tombamento";"Com Vítimas Feridas";"Plena Noite";"Crescente";"Céu Claro";"Simples";"Curva";"Não";2;0;1;0;0;2;1;3;-12,46815995;-38,47693711;"SPRF-BA";"DEL01-BA";"UOP01-DEL01-BA"
412026;2022-01-30;"domingo";"15:00:00";"BA";101;84;"ALAGOINHAS";"Transitar na contramão";"Colisão frontal";"Com Vítimas Feridas";"Pleno dia";"Decrescente";"Céu Claro";"Simples";"Reta";"Não";3;0;1;1;0;1;2;3;-12,04221219;-38,3029088;"SPRF-BA";"DEL01-BA";"UOP04-DEL01-BA"
412036;2022-01-30;"domingo";"16:30:00";"CE";226;234;"PEDRA BRANCA";"Ausência de reação do condutor";"Tombamento";"Com Vítimas Feridas";"Pleno dia";"Decrescente";"Céu Claro";"Simples";"Curva";"Não";2;0;1;0;0;1;1;2;-5,43636699;-39,82898701;"SPRF-CE";"DEL02-CE";"UOP02-DEL02-CE"
412044;2022-01-30;"domingo";"21:20:00";"RJ";465;19;"NOVA IGUACU";"Pista Escorregadia";"Queda de ocupante de veículo";"Com Vítimas Fatais";"Plena Noite";"Crescente";"Chuva";"Simples";"Reta";"Sim";2;1;0;0;1;0;0;2;-22,839184;-43,610451;"SPRF-RJ";"DEL03-RJ";"UOP01-DEL03-RJ"
412045;2022-01-30;"domingo";"17:50:00";"PR";369;476,2;"CORBELIA";"Carga excessiva e/ou mal acondicionada";"Saída de leito carroçável";"Com Vítimas Feridas";"Pleno dia";"Crescente";"Céu Claro";"Simples";"Curva";"Não";2;0;1;0;0;1;1;2;-24,6043;-53,2049;"SPRF-PR";"DEL04-PR";"UOP03-DEL04-PR"
412057;2022-01-30;"domingo";"21:20:00";"RS";470;228,7;"GARIBALDI";"Reação tardia ou ineficiente do condutor";"Saída de leito carroçável";"Com Vítimas Feridas";"Plena Noite";"Decrescente";"Céu Claro";"Simples";"Reta;Declive";"Não";2;0;1;0;0;1;1;2;-29,21759706;-51,51703722;"SPRF-RS";"DEL06-RS";"UOP01-DEL06-RS"
412072;2022-01-30;"domingo";"17:55:00";"MG";153;141;"PRATA";"Demais falhas mecânicas ou elétricas";"Incêndio";"Sem Vítimas";"Anoitecer";"Decrescente";"Nublado";"Simples";"Aclive";"Não";4;0;0;0;1;4;0;4;-19,57419297;-48,82520551;"SPRF-MG";"DEL15-MG";"UOP03-DEL15-MG"
412075;2022-01-30;"domingo";"14:30:00";"RR";174;39;"RORAINOPOLIS";"Pista esburacada";"Tombamento";"Com Vítimas Feridas";"Anoitecer";"Decrescente";"Céu Claro";"Simples";"Reta";"Não";2;0;0;1;0;1;1;2;-0,52817;-60,637722;"SPRF-RR";"DEL01-RR";"UOP01-DEL01-RR"
412085;2022-01-30;"domingo";"23:10:00";"MG";153;147,3;"CAMPO FLORIDO";"Problema na suspensão";"Tombamento";"Sem Vítimas";"Plena Noite";"Decrescente";"Chuva";"Simples";"Reta";"Não";2;0;0;0;1;1;0;2;-19,624148;-48,845563;"SPRF-MG";"DEL13-MG";"UOP02-DEL13-MG"
412089;2022-01-31;"segunda-feira";"01:10:00";"BA";101;751,6;"PORTO SEGURO";"Ingestão de álcool pelo condutor";"Colisão com objeto";"Com Vítimas Feridas";"Plena Noite";"Decrescente";"Céu Claro";"Simples";"Curva";"Não";1;0;1;0;0;0;1;1;-16,77596214;-39,47110569;"SPRF-BA";"DEL09-BA";"UOP01-DEL09-BA"
412100;2022-01-31;"segunda-feira";"05:50:00";"MG";153;72;"MONTE ALEGRE DE MINAS";"Condutor Dormindo";"Tombamento";"Com Vítimas Feridas";"Amanhecer";"Crescente";"Chuva";"Simples";"Reta;Declive";"Não";2;0;1;0;0;1;1;2;-18,99621595;-49,02029467;"SPRF-MG";"DEL15-MG";"UOP03-DEL15-MG"
412107;2022-01-31;"segunda-feira";"07:00:00";"BA";242;3;"BARREIRAS";"Reação tardia ou ineficiente do condutor";"Colisão frontal";"Com Vítimas Fatais";"Pleno dia";"Decrescente";"Sol";"Simples";"Reta";"Não";3;1;0;0;1;2;0;4;-12,12097546;-44,95087575;"SPRF-BA";"DEL10-BA";"UOP01-DEL10-BA"
412110;2022-01-31;"segunda-feira";"06:50:00";"BA";324;0,5;"FEIRA DE SANTANA";"Condutor deixou de manter distância do veículo da frente";"Colisão traseira";"Com Vítimas Feridas";"Pleno dia";"Decrescente";"Céu Claro";"Dupla";"Reta";"Sim";3;0;0;2;1;0;2;2;-12,27568276;-38,93795013;"SPRF-BA";"DEL02-BA";"UOP01-DEL02-BA"
412115;2022-01-31;"segunda-feira";"07:15:00";"SP";116;143,3;"SAO JOSE DOS CAMPOS";"Chuva";"Engavetamento";"Com Vítimas Feridas";"Pleno dia";"Crescente";"Chuva";"Simples";"Reta";"Sim";8;0;3;0;5;0;3;6;-23,17849879;-45,83787411;"SPRF-SP";"DEL02-SP";"UOP01-DEL02-SP"
412123;2022-01-31;"segunda-feira";"07:33:00";"SP";116;23,3;"LAVRINHAS";"Velocidade Incompatível";"Saída de leito carroçável";"Com Vítimas Feridas";"Pleno dia";"Crescente";"Chuva";"Múltipla";"Reta";"Não";1;0;1;0;0;0;1;1;-22,58978112;-44,88535587;"SPRF-SP";"DEL08-SP";"UOP02-DEL08-SP"
412139;2022-01-31;"segunda-feira";"10:20:00";"GO";40;8;"VALPARAISO DE GOIAS";"Demais falhas mecânicas ou elétricas";"Colisão com objeto";"Com Vítimas Feridas";"Pleno dia";"Decrescente";"Céu Claro";"Dupla";"Reta";"Não";3;0;2;1;0;0;3;1;-16,116158;-47,96761;"SPRF-DF";"DEL01-DF";"UOP01-DEL01-DF"
412143;2022-01-31;"segunda-feira";"09:50:00";"SC";153;97;"CONCORDIA";"Mal súbito do condutor";"Colisão frontal";"Com Vítimas Feridas";"Pleno dia";"Decrescente";"Céu Claro";"Simples";"Reta";"Não";3;0;0;1;1;1;1;3;-27,220152;-51,948879;"SPRF-SC";"DEL07-SC";"UOP04-DEL07-SC"
412147;2022-01-12;"quarta-feira";"00:00:00";"MG";116;107,5;"ITAOBIM";"Transitar no acostamento";"Saída de leito carroçável";"Sem Vítimas";"Plena Noite";"Decrescente";"Céu Claro";"Simples";"Reta;Declive";"Não";2;0;0;0;1;1;0;2;-16,48790795;-41,50516113;"SPRF-MG";"DEL11-MG";"UOP02-DEL11-MG"
412150;2022-01-31;"segunda-feira";"11:20:00";"MS";163;466,3;"CAMPO GRANDE";"Reação tardia ou ineficiente do condutor";"Tombamento";"Com Vítimas Feridas";"Pleno dia";"Decrescente";"Céu Claro";"Simples";"Rotatória";"Não";3;0;1;0;1;1;1;2;-20,58566898;-54,58258181;"SPRF-MS";"DEL01-MS";"UOP01-DEL01-MS"
412163;2022-01-31;"segunda-feira";"13:45:00";"PR";277;34;"MORRETES";"Condutor Dormindo";"Colisão traseira";"Com Vítimas Feridas";"Pleno dia";"Crescente";"Sol";"Dupla";"Aclive";"Não";3;0;0;1;1;2;1;4;-25,547373;-48,790559;"SPRF-PR";"DEL01-PR";"UOP05-DEL01-PR"
412165;2022-01-31;"segunda-feira";"07:15:00";"PR";376;665,2;"GUARATUBA";"Velocidade Incompatível";"Colisão traseira";"Com Vítimas Feridas";"Pleno dia";"Crescente";"Céu Claro";"Simples";"Curva";"Não";2;0;1;0;1;0;1;2;-25,85455838;-48,95670808;"SPRF-PR";"DEL01-PR";"UOP04-DEL01-PR"
412167;2022-01-31;"segunda-feira";"14:30:00";"BA";324;608;"SIMOES FILHO";"Velocidade Incompatível";"Colisão traseira";"Com Vítimas Feridas";"Pleno dia";"Decrescente";"Céu Claro";"Dupla";"Viaduto";"Não";4;0;2;0;2;0;2;3;-12,81182914;-38,40478762;"SPRF-BA";"DEL01-BA";"UOP01-DEL01-BA"
412170;2022-01-31;"segunda-feira";"14:30:00";"SC";101;193;"BIGUACU";"Acessar a via sem observar a presença dos outros veículos";"Colisão frontal";"Com Vítimas Feridas";"Pleno dia";"Crescente";"Céu Claro";"Múltipla";"Interseção de Vias";"Sim";3;0;1;0;2;0;1;3;-27,489574;-48,655914;"SPRF-SC";"DEL01-SC";"UOP01-DEL01-SC"
412173;2022-01-31;"segunda-feira";"11:54:00";"SC";282;522,5;"XAXIM";"Reação tardia ou ineficiente do condutor";"Colisão lateral mesmo sentido";"Com Vítimas Feridas";"Pleno dia";"Crescente";"Sol";"Simples";"Rotatória";"Sim";2;0;1;0;1;0;1;2;-26,956238;-52,542637;"SPRF-SC";"DEL07-SC";"UOP01-DEL07-SC"
412175;2022-01-31;"segunda-feira";"15:05:00";"MG";153;168;"COMENDADOR GOMES";"Pista esburacada";"Colisão lateral sentido oposto";"Com Vítimas Fatais";"Pleno dia";"Decrescente";"Chuva";"Simples";"Declive";"Não";3;1;0;0;1;3;0;5;-19,74935603;-48,96913813;"SPRF-MG";"DEL13-MG";"UOP02-DEL13-MG"
412177;2022-01-31;"segunda-feira";"14:00:00";"MG";262;577,3;"CORREGO DANTA";"Desrespeitar a preferência no cruzamento";"Saída de leito carroçável";"Sem Vítimas";"Pleno dia";"Crescente";"Chuva";"Simples";"Reta";"Não";3;0;0;0;2;1;0;3;-19,67731202;-46,04341517;"SPRF-MG";"DEL08-MG";"UOP02-DEL08-MG"
412179;2022-01-31;"segunda-feira";"15:22:00";"SP";116;216,5;"GUARULHOS";"Pista Escorregadia";"Colisão com objeto";"Com Vítimas Feridas";"Pleno dia";"Decrescente";"Chuva";"Múltipla";"Declive";"Sim";1;0;1;0;0;0;1;1;-23,45056589;-46,46258105;"SPRF-SP";"DEL01-SP";"UOP01-DEL01-SP"
412182;2022-01-31;"segunda-feira";"12:50:00";"MT";364;355;"SANTO ANTONIO DO LEVERGER";"Reação tardia ou ineficiente do condutor";"Tombamento";"Com Vítimas Feridas";"Pleno dia";"Crescente";"Chuva";"Dupla";"Curva";"Não";2;0;1;0;0;1;1;2;-15,79702449;-55,60063602;"SPRF-MT";"DEL05-MT";"UOP02-DEL05-MT"
412189;2022-01-31;"segunda-feira";"13:35:00";"MG";381;921,3;"CAMANDUCAIA";"Sistema de drenagem ineficiente";"Colisão com objeto";"Com Vítimas Feridas";"Pleno dia";"Crescente";"Chuva";"Dupla";"Curva";"Não";5;0;2;0;2;1;2;4;-22,75930924;-46,16609573;"SPRF-MG";"DEL16-MG";"UOP03-DEL16-MG"
412190;2022-01-31;"segunda-feira";"15:45:00";"SC";101;221,9;"PALHOCA";"Velocidade Incompatível";"Colisão transversal";"Com Vítimas Feridas";"Pleno dia";"Crescente";"Chuva";"Dupla";"Curva";"Sim";3;0;1;0;1;1;1;3;-27,70012652;-48,66021182;"SPRF-SC";"DEL01-SC";"UOP02-DEL01-SC"
412193;2022-01-31;"segunda-feira";"14:45:00";"PR";376;304;"MAUA DA SERRA";"Velocidade Incompatível";"Tombamento";"Com Vítimas Feridas";"Pleno dia";"Decrescente";"Nublado";"Dupla";"Curva";"Não";2;0;1;0;0;1;1;2;-23,93144449;-51,13048643;"SPRF-PR";"DEL07-PR";"UOP02-DEL07-PR"
412194;2022-01-31;"segunda-feira";"16:45:00";"PB";0;0;"JOAO PESSOA";"Velocidade Incompatível";"Colisão com objeto";"Com Vítimas Feridas";"Pleno dia";"Não Informado";"Céu Claro";"Simples";"Reta";"Sim";5;0;2;0;3;0;2;3;-7,15886802;-34,90628504;"SPRF-PB";"DEL01-PB";"UOP02-DEL01-PB"
412198;2022-01-31;"segunda-feira";"17:00:00";"CE";20;432;"FORTALEZA";"Manobra de mudança de faixa";"Colisão lateral mesmo sentido";"Com Vítimas Feridas";"Pleno dia";"Decrescente";"Céu Claro";"Dupla";"Reta";"Sim";2;0;0;1;1;0;1;2;-3,86572826;-38,47459674;"SPRF-CE";"DEL01-CE";"UOP02-DEL01-CE"
412202;2022-01-31;"segunda-feira";"17:30:00";"CE";20;417;"MARACANAU";"Acesso irregular";"Colisão transversal";"Com Vítimas Feridas";"Pleno dia";"Crescente";"Céu Claro";"Dupla";"Reta";"Sim";3;0;1;0;1;1;1;3;-3,76999035;-38,67006282;"SPRF-CE";"DEL01-CE";"UOP02-DEL01-CE"
412204;2022-01-31;"segunda-feira";"17:55:00";"SC";101;113,9;"ITAJAI";"Trafegar com motocicleta (ou similar) entre as faixas";"Colisão lateral mesmo sentido";"Com Vítimas Fatais";"Pleno dia";"Decrescente";"Céu Claro";"Dupla";"Reta";"Sim";4;1;0;0;1;5;0;7;-26,8610812;-48,7782864;"SPRF-SC";"DEL04-SC";"UOP04-DEL04-SC"
412208;2022-01-31;"segunda-feira";"12:35:00";"GO";153;121;"ESTRELA DO NORTE";"Reação tardia ou ineficiente do condutor";"Colisão transversal";"Com Vítimas Fatais";"Pleno dia";"Decrescente";"Céu Claro";"Simples";"Reta";"Não";6;1;0;3;1;1;3;3;-13,831677;-49,043766;"SPRF-GO";"DEL07-GO";"UOP01-DEL07-GO"
412211;2022-01-31;"segunda-feira";"19:00:00";"SP";116;282;"EMBU DAS ARTES";"Condutor deixou de manter distância do veículo da frente";"Colisão traseira";"Com Vítimas Feridas";"Anoitecer";"Crescente";"Garoa/Chuvisco";"Dupla";"Reta";"Não";2;0;1;0;1;0;1;2;-23,68570216;-46,85970975;"SPRF-SP";"DEL04-SP";"UOP01-DEL04-SP"
412221;2022-01-31;"segunda-feira";"19:30:00";"SC";470;132;"LONTRAS";"Ingestão de álcool pelo condutor";"Colisão frontal";"Com Vítimas Feridas";"Plena Noite";"Crescente";"Nublado";"Simples";"Reta";"Não";3;0;1;0;1;2;1;4;-27,170237;-49,574718;"SPRF-SC";"DEL04-SC";"UOP02-DEL04-SC"
412222;2022-01-31;"segunda-feira";"18:40:00";"SC";116;117,8;"SANTA CECILIA";"Velocidade Incompatível";"Tombamento";"Sem Vítimas";"Anoitecer";"Crescente";"Céu Claro";"Simples";"Curva;Declive";"Não";2;0;0;0;1;2;0;3;-26,81731599;-50,35097407;"SPRF-SC";"DEL06-SC";"UOP02-DEL06-SC"
412225;2022-01-31;"segunda-feira";"19:35:00";"RS";158;212,8;"CRUZ ALTA";"Velocidade Incompatível";"Engavetamento";"Com Vítimas Feridas";"Pleno dia";"Crescente";"Céu Claro";"Simples";"Reta";"Não";8;0;3;1;2;5;4;8;-28,79148191;-53,60246024;"SPRF-RS";"DEL10-RS";"UOP02-DEL10-RS"
412231;2022-01-31;"segunda-feira";"17:00:00";"MT";163;507,5;"DIAMANTINO";"Chuva";"Colisão traseira";"Sem Vítimas";"Pleno dia";"Decrescente";"Chuva";"Simples";"Reta";"Não";3;0;0;0;2;5;0;7;-14,52609475;-56,22356415;"SPRF-MT";"DEL01-MT";"UOP01-DEL01-MT"
412233;2022-01-31;"segunda-feira";"19:30:00";"GO";50;105,8;"CRISTALINA";"Reação tardia ou ineficiente do condutor";"Saída de leito carroçável";"Sem Vítimas";"Plena Noite";"Decrescente";"Céu Claro";"Simples";"Retorno Regulamentado";"Não";2;0;0;0;1;2;0;3;-16,9309;-47,7117;"SPRF-DF";"DEL01-DF";"UOP02-DEL01-DF"
412236;2022-01-31;"segunda-feira";"21:25:00";"PB";101;117,4;"CAAPORA";"Ausência de reação do condutor";"Colisão traseira";"Com Vítimas Fatais";"Plena Noite";"Crescente";"Céu Claro";"Dupla";"Aclive;Reta";"Não";11;2;7;0;1;1;7;3;-7,41357983;-34,95743528;"SPRF-PB";"DEL01-PB";"UOP02-DEL01-PB"
412237;2022-01-31;"segunda-feira";"19:10:00";"MS";163;602;"SAO GABRIEL DO OESTE";"Ausência de reação do condutor";"Colisão traseira";"Com Vítimas Feridas";"Plena Noite";"Crescente";"Nublado";"Dupla";"Reta";"Não";2;0;0;1;1;0;1;2;-19,48654486;-54,48498074;"SPRF-MS";"DEL06-MS";"UOP02-DEL06-MS"
412243;2022-01-31;"segunda-feira";"20:30:00";"PR";376;373,7;"ORTIGUEIRA";"Ultrapassagem Indevida";"Colisão lateral sentido oposto";"Com Vítimas Feridas";"Plena Noite";"Crescente";"Céu Claro";"Simples";"Reta";"Não";9;0;5;0;3;2;5;6;-24,36307;-50,81291;"SPRF-PR";"DEL07-PR";"UOP02-DEL07-PR"
412246;2022-01-31;"segunda-feira";"21:50:00";"SP";116;430,3;"REGISTRO";"Demais falhas mecânicas ou elétricas";"Incêndio";"Sem Vítimas";"Plena Noite";"Decrescente";"Nublado";"Dupla";"Reta";"Sim";3;0;0;0;2;1;0;2;-24,40730885;-47,7459871;"SPRF-SP";"DEL05-SP";"UOP01-DEL05-SP"
412247;2022-01-31;"segunda-feira";"19:15:00";"PB";405;30;"SAO JOAO DO RIO DO PEIXE";"Demais falhas mecânicas ou elétricas";"Incêndio";"Sem Vítimas";"Plena Noite";"Decrescente";"Céu Claro";"Simples";"Reta";"Não";2;0;0;0;1;2;0;3;-6,701545;-38,447842;"SPRF-PB";"DEL03-PB";"UOP03-DEL03-PB"
412252;2022-02-01;"terça-feira";"01:30:00";"SC";101;199,9;"SAO JOSE";"Velocidade Incompatível";"Colisão traseira";"Sem Vítimas";"Plena Noite";"Crescente";"Nublado";"Dupla";"Aclive";"Sim";3;0;0;0;1;2;0;3;-27,53413705;-48,63003205;"SPRF-SC";"DEL01-SC";"UOP01-DEL01-SC"
412256;2022-02-01;"terça-feira";"02:00:00";"PR";376;500;"PONTA GROSSA";"Condutor Dormindo";"Colisão com objeto";"Sem Vítimas";"Plena Noite";"Decrescente";"Céu Claro";"Dupla";"Reta;Declive";"Não";2;0;0;0;1;1;0;2;-25,20185079;-50,07092178;"SPRF-PR";"DEL03-PR";"UOP01-DEL03-PR"
412258;2022-01-31;"segunda-feira";"19:20:00";"SC";282;530,4;"CORDILHEIRA ALTA";"Condutor usando celular";"Saída de leito carroçável";"Sem Vítimas";"Pleno dia";"Decrescente";"Céu Claro";"Simples";"Reta";"Sim";1;0;0;0;1;0;0;1;-26,986555;-52,60524;"SPRF-SC";"DEL07-SC";"UOP01-DEL07-SC"
412260;2022-01-31;"segunda-feira";"22:40:00";"SC";101;111;"NAVEGANTES";"Carga excessiva e/ou mal acondicionada";"Saída de leito carroçável";"Com Vítimas Feridas";"Plena Noite";"Crescente";"Céu Claro";"Simples";"Curva";"Sim";2;0;1;0;0;1;1;2;-26,83955734;-48,71418074;"SPRF-SC";"DEL04-SC";"UOP04-DEL04-SC"
412263;2022-02-01;"terça-feira";"06:12:00";"BA";101;234;"CONCEICAO DO ALMEIDA";"Condutor deixou de manter distância do veículo da frente";"Colisão traseira";"Com Vítimas Feridas";"Pleno dia";"Decrescente";"Céu Claro";"Simples";"Interseção de Vias";"Não";2;0;1;0;1;0;1;2;-12,86536312;-39,21721266;"SPRF-BA";"DEL01-BA";"UOP02-DEL01-BA"
412267;2022-02-01;"terça-feira";"07:00:00";"RJ";40;104;"DUQUE DE CAXIAS";"Acessar a via sem observar a presença dos outros veículos";"Colisão lateral mesmo sentido";"Com Vítimas Feridas";"Pleno dia";"Crescente";"Sol";"Dupla";"Reta";"Não";3;0;0;1;1;1;1;3;-22,62897902;-43,28579508;"SPRF-RJ";"DEL01-RJ";"UOP01-DEL01-RJ"
412270;2022-02-01;"terça-feira";"07:00:00";"ES";101;304,6;"VIANA";"Condutor deixou de manter distância do veículo da frente";"Colisão traseira";"Com Vítimas Feridas";"Pleno dia";"Decrescente";"Nublado";"Dupla";"Reta";"Sim";2;0;1;0;1;0;1;2;-20,38250658;-40,45874119;"SPRF-ES";"DEL01-ES";"UOP01-DEL01-ES"
412283;2022-02-01;"terça-feira";"08:40:00";"RS";290;92;"PORTO ALEGRE";"Acessar a via sem observar a presença dos outros veículos";"Colisão lateral mesmo sentido";"Com Vítimas Feridas";"Pleno dia";"Decrescente";"Nublado";"Múltipla";"Interseção de Vias";"Sim";2;0;1;0;1;0;1;2;-29,971916;-51,176838;"SPRF-RS";"DEL01-RS";"UOP01-DEL01-RS"
412285;2022-02-01;"terça-feira";"07:45:00";"PB";230;281;"SANTA LUZIA";"Ausência de reação do condutor";"Colisão com objeto";"Com Vítimas Feridas";"Pleno dia";"Crescente";"Céu Claro";"Simples";"Curva";"Não";2;0;1;0;0;1;1;2;-6,9305;-36,8516;"SPRF-PB";"DEL03-PB";"UOP01-DEL03-PB"