"id";"data_inversa";"dia_semana";"horario";"uf";"br";"km";"municipio";"causa_acidente";"tipo_acidente";"classificacao_acidente";"fase_dia";"sentido_via";"condicao_metereologica";"tipo_pista";"tracado_via";"uso_solo";"pessoas";"mortos";"feridos_leves";"feridos_graves";"ilesos";"ignorados";"feridos";"veiculos";"latitude";"longitude";"regional";"delegacia";"uop"
412286;2022-02-01;"terça-feira";"07:00:00";"RJ";40;109;"DUQUE DE CAXIAS";"Ultrapassagem Indevida";"Tombamento";"Com Vítimas Feridas";"Pleno dia";"Decrescente";"Sol";"Simples";"Reta";"Não";2;0;1;0;0;1;1;2;-22,67374628;-43,28638368;"SPRF-RJ";"DEL01-RJ";"UOP01-DEL01-RJ"
412292;2022-02-01;"terça-feira";"05:40:00";"GO";364;230;"JATAI";"Ultrapassagem Indevida";"Colisão lateral sentido oposto";"Sem Vítimas";"Amanhecer";"Crescente";"Garoa/Chuvisco";"Simples";"Curva;Declive";"Não";4;0;0;0;3;1;0;4;-17,813993;-52,002991;"SPRF-GO";"DEL05-GO";"UOP01-DEL05-GO"
412293;2022-02-01;"terça-feira";"10:30:00";"DF";40;6;"BRASILIA";"Condutor deixou de manter distância do veículo da frente";"Colisão traseira";"Com Vítimas Feridas";"Pleno dia";"Crescente";"Sol";"Dupla";"Reta";"Sim";3;0;2;0;1;0;2;2;-16,029741;-47,978867;"SPRF-DF";"DEL01-DF";"UOP01-DEL01-DF"
412296;2022-01-15;"sábado";"04:50:00";"SP";116;462;"PARIQUERA-ACU";"Carga excessiva e/ou mal acondicionada";"Colisão com objeto";"Com Vítimas Feridas";"Amanhecer";"Crescente";"Céu Claro";"Dupla";"Retorno Regulamentado";"Não";11;0;4;1;5;2;5;6;-24,6228914;-47,89579562;"SPRF-SP";"DEL05-SP";"UOP01-DEL05-SP"
412298;2022-01-20;"quinta-feira";"22:45:00";"RS";470;174;"VERANOPOLIS";"Frear bruscamente";"Saída de leito carroçável";"Com Vítimas Feridas";"Plena Noite";"Crescente";"Céu Claro";"Dupla";"Reta";"Não";2;0;0;1;0;1;1;2;-28,90964993;-51,54526793;"SPRF-RS";"DEL06-RS";"UOP02-DEL06-RS"
412301;2022-02-01;"terça-feira";"07:30:00";"MG";116;404,8;"GOVERNADOR VALADARES";"Velocidade Incompatível";"Colisão lateral sentido oposto";"Com Vítimas Feridas";"Pleno dia";"Decrescente";"Nublado";"Simples";"Curva";"Não";3;0;1;0;1;2;1;4;-18,81054997;-41,98453386;"SPRF-MG";"DEL06-MG";"UOP01-DEL06-MG"
412307;2022-02-01;"terça-feira";"11:10:00";"ES";262;142,5;"MUNIZ FREIRE";"Transitar na contramão";"Colisão frontal";"Com Vítimas Fatais";"Pleno dia";"Crescente";"Céu Claro";"Simples";"Curva;Declive";"Não";5;3;0;0;1;1;0;4;-20,22866414;-41,38595101;"SPRF-ES";"DEL01-ES";"UOP02-DEL01-ES"
412314;2022-02-01;"terça-feira";"11:55:00";"RJ";493;111;"ITAGUAI";"Mal súbito do condutor";"Saída de leito carroçável";"Com Vítimas Fatais";"Pleno dia";"Decrescente";"Céu Claro";"Dupla";"Reta";"Não";3;1;0;0;0;2;0;3;-22,8120402;-43,79974734;"SPRF-RJ";"DEL03-RJ";"UOP01-DEL03-RJ"
412316;2022-02-01;"terça-feira";"12:30:00";"PR";376;1,7;"SAO JOSE DOS PINHAIS";"Condutor deixou de manter distância do veículo da frente";"Colisão traseira";"Com Vítimas Feridas";"Pleno dia";"Crescente";"Céu Claro";"Dupla";"Interseção de Vias";"Sim";4;0;1;0;3;0;1;2;-25,5307;-49,1958;"SPRF-PR";"DEL01-PR";"UOP04-DEL01-PR"
412318;2022-02-01;"terça-feira";"10:30:00";"MG";50;185;"UBERABA";"Reação tardia ou ineficiente do condutor";"Saída de leito carroçável";"Com Vítimas Feridas";"Pleno dia";"Crescente";"Chuva";"Dupla";"Declive;Reta";"Não";5;0;1;0;3;1;1;3;-19,8172798;-47,89559069;"SPRF-MG";"DEL13-MG";"UOP01-DEL13-MG"
412323;2022-02-01;"terça-feira";"12:50:00";"MS";163;42;"ELDORADO";"Reação tardia ou ineficiente do condutor";"Saída de leito carroçável";"Com Vítimas Feridas";"Pleno dia";"Decrescente";"Céu Claro";"Simples";"Declive";"Não";1;0;1;0;0;0;1;1;-23,77140302;-54,27611382;"SPRF-MS";"DEL09-MS";"UOP02-DEL09-MS"
412326;2022-02-01;"terça-feira";"13:10:00";"MG";267;21,5;"ARGIRITA";"Velocidade Incompatível";"Colisão com objeto";"Com Vítimas Feridas";"Pleno dia";"Crescente";"Nublado";"Simples";"Curva";"Não";2;0;1;0;0;1;1;2;-21,59274447;-42,78538272;"SPRF-MG";"DEL07-MG";"UOP01-DEL07-MG"
412334;2022-02-01;"terça-feira";"14:20:00";"RS";116;269,8;"CANOAS";"Carga excessiva e/ou mal acondicionada";"Derramamento de carga";"Com Vítimas Feridas";"Pleno dia";"Crescente";"Céu Claro";"Dupla";"Reta";"Sim";2;0;1;0;1;0;1;2;-29,95942501;-51,17608515;"SPRF-RS";"DEL01-RS";"UOP01-DEL01-RS"
412336;2022-01-31;"segunda-feira";"14:00:00";"BA";101;173,3;"FEIRA DE SANTANA";"Condutor deixou de manter distância do veículo da frente";"Colisão traseira";"Com Vítimas Feridas";"Pleno dia";"Decrescente";"Céu Claro";"Simples";"Reta";"Não";2;0;1;0;1;0;1;2;-12,37730747;-38,8792064;"SPRF-BA";"DEL01-BA";"UOP03-DEL01-BA"
412337;2022-02-01;"terça-feira";"13:40:00";"PR";369;194,7;"ARAPONGAS";"Condutor deixou de manter distância do veículo da frente";"Colisão lateral mesmo sentido";"Com Vítimas Feridas";"Pleno dia";"Decrescente";"Céu Claro";"Dupla";"Reta";"Sim";3;0;2;0;1;0;2;2;-23,49282725;-51,42309666;"SPRF-PR";"DEL07-PR";"UOP02-DEL07-PR"
412339;2022-02-01;"terça-feira";"14:50:00";"PR";153;51;"SANTO ANTONIO DA PLATINA";"Manobra de mudança de faixa";"Colisão frontal";"Com Vítimas Feridas";"Pleno dia";"Crescente";"Céu Claro";"Simples";"Reta";"Não";4;0;0;1;2;2;1;5;-23,37678799;-50,06257296;"SPRF-PR";"DEL07-PR";"UOP04-DEL07-PR"
412340;2022-02-01;"terça-feira";"13:30:00";"MG";459;104,4;"POUSO ALEGRE";"Velocidade Incompatível";"Colisão lateral mesmo sentido";"Com Vítimas Feridas";"Pleno dia";"Decrescente";"Chuva";"Dupla";"Reta";"Sim";3;0;1;0;1;1;1;3;-22,224699;-45,91256;"SPRF-MG";"DEL16-MG";"UOP01-DEL16-MG"
412355;2022-02-01;"terça-feira";"18:10:00";"PR";277;518;"GUARANIACU";"Desrespeitar a preferência no cruzamento";"Colisão lateral mesmo sentido";"Sem Vítimas";"Pleno dia";"Crescente";"Céu Claro";"Simples";"Interseção de Vias";"Sim";2;0;0;0;2;0;0;2;-25,11240772;-52,83208297;"SPRF-PR";"DEL04-PR";"UOP01-DEL04-PR"
412358;2022-01-01;"sábado";"12:15:00";"BA";116;352;"SERRINHA";"Condutor Dormindo";"Colisão lateral sentido oposto";"Com Vítimas Feridas";"Pleno dia";"Crescente";"Céu Claro";"Simples";"Reta";"Não";3;0;0;1;1;1;1;3;-11,60901206;-38,98384646;"SPRF-BA";"DEL02-BA";"UOP01-DEL02-BA"
412370;2022-02-01;"terça-feira";"18:35:00";"PR";277;593,4;"CASCAVEL";"Pedestre andava na pista";"Atropelamento de Pedestre";"Com Vítimas Fatais";"Anoitecer";"Decrescente";"Céu Claro";"Dupla";"Interseção de Vias";"Sim";4;1;0;0;1;3;0;4;-24,98082053;-53,48254989;"SPRF-PR";"DEL04-PR";"UOP01-DEL04-PR"
412372;2022-02-01;"terça-feira";"19:30:00";"MS";163;196;"CAARAPO";"Ausência de reação do condutor";"Colisão traseira";"Com Vítimas Feridas";"Plena Noite";"Decrescente";"Céu Claro";"Dupla";"Reta";"Não";2;0;1;0;0;1;1;2;-22,73933508;-54,78989146;"SPRF-MS";"DEL04-MS";"UOP02-DEL04-MS"
412375;2022-02-01;"terça-feira";"19:20:00";"MS";262;370,9;"TERENOS";"Ultrapassagem Indevida";"Colisão lateral sentido oposto";"Com Vítimas Feridas";"Plena Noite";"Crescente";"Céu Claro";"Simples";"Reta";"Não";6;0;0;1;4;2;1;5;-20,48235616;-54,77856699;"SPRF-MS";"DEL01-MS";"UOP03-DEL01-MS"
412385;2022-01-05;"quarta-feira";"05:25:00";"MG";153;212;"FRUTAL";"Ausência de reação do condutor";"Colisão frontal";"Com Vítimas Feridas";"Amanhecer";"Crescente";"Céu Claro";"Simples";"Reta";"Não";6;0;4;0;1;2;4;4;-20,08853093;-49,08270811;"SPRF-MG";"DEL13-MG";"UOP02-DEL13-MG"
412387;2022-02-01;"terça-feira";"21:50:00";"ES";101;260;"SERRA";"Chuva";"Colisão frontal";"Com Vítimas Feridas";"Plena Noite";"Crescente";"Chuva";"Simples";"Curva";"Não";3;0;0;1;1;1;1;3;-20,14616415;-40,28836206;"SPRF-ES";"DEL02-ES";"UOP01-DEL02-ES"
412388;2022-02-01;"terça-feira";"20:50:00";"RO";319;63;"PORTO VELHO";"Ausência de sinalização";"Colisão lateral mesmo sentido";"Sem Vítimas";"Plena Noite";"Crescente";"Nublado";"Múltipla";"Reta";"Sim";2;0;0;0;2;0;0;2;-8,766685;-63,884052;"SPRF-RO";"DEL01-RO";"UOP01-DEL01-RO"
412390;2022-02-01;"terça-feira";"22:15:00";"PR";376;66;"GUAIRACA";"Ultrapassagem Indevida";"Colisão frontal";"Com Vítimas Fatais";"Plena Noite";"Crescente";"Céu Claro";"Simples";"Reta";"Não";3;1;0;0;1;1;0;3;-22,93107785;-52,77601999;"SPRF-PR";"DEL09-PR";"UOP02-DEL09-PR"
412391;2022-02-01;"terça-feira";"21:25:00";"RS";287;253;"SANTA MARIA";"Transitar na contramão";"Colisão frontal";"Com Vítimas Fatais";"Plena Noite";"Decrescente";"Céu Claro";"Dupla";"Aclive";"Sim";3;1;0;0;1;2;0;4;-29,68829;-53,886901;"SPRF-RS";"DEL09-RS";"UOP01-DEL09-RS"
412394;2022-02-01;"terça-feira";"22:40:00";"MG";50;55;"UBERLANDIA";"Velocidade Incompatível";"Tombamento";"Com Vítimas Feridas";"Plena Noite";"Decrescente";"Nublado";"Dupla";"Declive;Curva";"Não";2;0;0;1;0;1;1;2;-18,77290538;-48,24124319;"SPRF-MG";"DEL15-MG";"UOP02-DEL15-MG"
412397;2022-02-01;"terça-feira";"22:30:00";"SC";101;233;"PALHOCA";"Carga excessiva e/ou mal acondicionada";"Tombamento";"Com Vítimas Feridas";"Plena Noite";"Crescente";"Céu Claro";"Dupla";"Declive";"Não";3;0;1;0;1;1;1;2;-27,80376397;-48,63826211;"SPRF-SC";"DEL01-SC";"UOP02-DEL01-SC"
412398;2022-02-01;"terça-feira";"20:50:00";"SC";282;412,8;"CATANDUVAS";"Transitar na contramão";"Colisão frontal";"Com Vítimas Feridas";"Plena Noite";"Decrescente";"Céu Claro";"Simples";"Curva";"Não";3;0;1;0;1;1;1;3;-27,055775;-51,688843;"SPRF-SC";"DEL07-SC";"UOP05-DEL07-SC"
412400;2022-02-01;"terça-feira";"18:26:00";"GO";153;201;"URUACU";"Ingestão de álcool pelo condutor";"Colisão transversal";"Com Vítimas Feridas";"Pleno dia";"Crescente";"Céu Claro";"Simples";"Reta;Interseção de Vias";"Sim";3;0;1;0;1;1;1;3;-14,519629;-49,154972;"SPRF-GO";"DEL07-GO";"UOP02-DEL07-GO"
412403;2022-02-01;"terça-feira";"18:20:00";"RJ";116;263,6;"VOLTA REDONDA";"Chuva";"Colisão com objeto";"Sem Vítimas";"Pleno dia";"Decrescente";"Chuva";"Dupla";"Curva";"Não";2;0;0;0;1;1;0;2;-22,59220328;-44,06782285;"SPRF-RJ";"DEL07-RJ";"UOP02-DEL07-RJ"
412405;2022-02-01;"terça-feira";"23:30:00";"MG";262;22,1;"MARTINS SOARES";"Reação tardia ou ineficiente do condutor";"Capotamento";"Com Vítimas Fatais";"Plena Noite";"Crescente";"Chuva";"Simples";"Curva";"Não";1;1;0;0;0;0;0;1;-20,24575292;-41,92502101;"SPRF-MG";"DEL06-MG";"UOP03-DEL06-MG"
412406;2022-02-01;"terça-feira";"23:00:00";"MS";262;193,1;"RIBAS DO RIO PARDO";"Velocidade Incompatível";"Colisão traseira";"Com Vítimas Feridas";"Plena Noite";"Crescente";"Garoa/Chuvisco";"Simples";"Reta";"Não";2;0;1;0;1;0;1;2;-20,44957631;-53,31991694;"SPRF-MS";"DEL07-MS";"UOP02-DEL07-MS"
412407;2022-02-01;"terça-feira";"21:30:00";"MG";153;20;"CENTRALINA";"Reação tardia ou ineficiente do condutor";"Saída de leito carroçável";"Com Vítimas Feridas";"Plena Noite";"Crescente";"Chuva";"Dupla";"Reta";"Não";2;0;1;0;0;1;1;2;-18,608794;-49,191966;"SPRF-MG";"DEL15-MG";"UOP03-DEL15-MG"
412410;2022-02-01;"terça-feira";"10:40:00";"SP";116;511;"CAJATI";"Reação tardia ou ineficiente do condutor";"Tombamento";"Com Vítimas Feridas";"Pleno dia";"Crescente";"Céu Claro";"Simples";"Curva";"Não";2;0;1;0;0;1;1;2;-24,83558399;-48,2223738;"SPRF-SP";"DEL05-SP";"UOP02-DEL05-SP"
412414;2022-02-02;"quarta-feira";"01:10:00";"MG";381;412;"NOVA UNIAO";"Demais falhas mecânicas ou elétricas";"Incêndio";"Sem Vítimas";"Plena Noite";"Decrescente";"Céu Claro";"Dupla";"Curva";"Não";2;0;0;0;1;1;0;2;-19,72671574;-43,56637001;"SPRF-MG";"DEL01-MG";"UOP01-DEL01-MG"
412416;2022-02-02;"quarta-feira";"02:00:00";"MG";365;504,9;"PATROCINIO";"Pista Escorregadia";"Colisão frontal";"Com Vítimas Fatais";"Plena Noite";"Crescente";"Chuva";"Simples";"Reta";"Não";3;1;0;0;1;1;0;3;-18,95419274;-47,26436391;"SPRF-MG";"DEL10-MG";"UOP01-DEL10-MG"
412421;2022-02-02;"quarta-feira";"02:30:00";"BA";324;461;"CANDEAL";"Pista esburacada";"Tombamento";"Com Vítimas Feridas";"Plena Noite";"Crescente";"Nevoeiro/Neblina";"Simples";"Declive";"Sim";3;0;2;1;0;0;3;1;-11,93622318;-39,22323209;"SPRF-BA";"DEL02-BA";"UOP01-DEL02-BA"
412422;2022-02-02;"quarta-feira";"05:10:00";"SC";101;282,5;"IMBITUBA";"Manobra de mudança de faixa";"Colisão traseira";"Com Vítimas Feridas";"Amanhecer";"Decrescente";"Céu Claro";"Múltipla";"Reta";"Não";2;0;1;0;0;1;1;2;-28,19626005;-48,69739859;"SPRF-SC";"DEL02-SC";"UOP03-DEL02-SC"
412427;2022-02-02;"quarta-feira";"01:00:00";"RJ";356;17;"ITAPERUNA";"Obstrução na via";"Colisão com objeto";"Com Vítimas Feridas";"Plena Noite";"Decrescente";"Chuva";"Simples";"Reta";"Não";2;0;1;0;0;1;1;2;-21,17885949;-42,03885202;"SPRF-RJ";"DEL08-RJ";"UOP03-DEL08-RJ"
412429;2022-02-02;"quarta-feira";"05:00:00";"RO";364;467;"ARIQUEMES";"Manobra de mudança de faixa";"Colisão frontal";"Com Vítimas Feridas";"Amanhecer";"Crescente";"Nublado";"Simples";"Curva";"Não";4;0;1;0;2;1;1;3;-10,21068481;-62,77379378;"SPRF-RO";"DEL03-RO";"UOP01-DEL03-RO"
412431;2022-01-17;"segunda-feira";"15:55:00";"PR";116;57;"CAMPINA GRANDE DO SUL";"Ausência de reação do condutor";"Colisão com objeto";"Com Vítimas Feridas";"Pleno dia";"Decrescente";"Chuva";"Dupla";"Curva";"Não";2;0;1;0;0;1;1;2;-25,28847066;-48,9329365;"SPRF-PR";"DEL01-PR";"UOP02-DEL01-PR"
412432;2022-02-02;"quarta-feira";"07:10:00";"GO";452;184,3;"ITUMBIARA";"Transitar na contramão";"Colisão frontal";"Com Vítimas Feridas";"Pleno dia";"Crescente";"Nublado";"Simples";"Reta";"Não";4;0;1;1;1;2;2;4;-18,39653195;-49,32733898;"SPRF-GO";"DEL03-GO";"UOP02-DEL03-GO"
412438;2022-02-02;"quarta-feira";"08:30:00";"SC";101;210;"SAO JOSE";"Manobra de mudança de faixa";"Colisão lateral mesmo sentido";"Sem Vítimas";"Pleno dia";"Decrescente";"Sol";"Múltipla";"Reta";"Sim";2;0;0;0;1;1;0;2;-27,6167305;-48,6457265;"SPRF-SC";"DEL01-SC";"UOP01-DEL01-SC"
412439;2022-02-02;"quarta-feira";"04:40:00";"MG";262;462;"ARAUJOS";"Manobra de mudança de faixa";"Colisão frontal";"Com Vítimas Fatais";"Amanhecer";"Crescente";"Nublado";"Simples";"Reta";"Não";6;1;0;4;1;0;4;2;-19,81682578;-45,08869985;"SPRF-MG";"DEL08-MG";"UOP03-DEL08-MG"
412441;2022-02-02;"quarta-feira";"08:40:00";"MG";40;574;"ITABIRITO";"Neblina";"Colisão transversal";"Com Vítimas Feridas";"Pleno dia";"Decrescente";"Nevoeiro/Neblina";"Simples";"Reta";"Não";4;0;2;0;1;2;2;4;-20,24791897;-43,96366791;"SPRF-MG";"DEL01-MG";"UOP02-DEL01-MG"
412443;2022-02-01;"terça-feira";"17:30:00";"PA";230;1130;"ITAITUBA";"Velocidade Incompatível";"Saída de leito carroçável";"Sem Vítimas";"Anoitecer";"Decrescente";"Céu Claro";"Simples";"Curva";"Não";2;0;0;0;0;3;0;3;-4,39918791;-55,91853797;"SPRF-PA";"DEL05-PA";"UOP01-DEL05-PA"
412450;2022-02-02;"quarta-feira";"05:50:00";"SC";282;107,8;"ALFREDO WAGNER";"Transitar na contramão";"Colisão frontal";"Com Vítimas Fatais";"Amanhecer";"Crescente";"Céu Claro";"Simples";"Reta";"Não";3;1;0;1;1;0;1;3;-27,710195;-49,355078;"SPRF-SC";"DEL01-SC";"UOP03-DEL01-SC"
412459;2022-02-02;"quarta-feira";"10:30:00";"PA";10;218;"IPIXUNA DO PARA";"Manobra de mudança de faixa";"Capotamento";"Sem Vítimas";"Pleno dia";"Decrescente";"Céu Claro";"Simples";"Curva";"Não";2;0;0;0;1;3;0;4;-2,52242202;-47,50527705;"SPRF-PA";"DEL02-PA";"UOP01-DEL02-PA"
412462;2022-02-02;"quarta-feira";"11:20:00";"SC";101;144,8;"ITAPEMA";"Transitar no acostamento";"Colisão lateral mesmo sentido";"Sem Vítimas";"Pleno dia";"Decrescente";"Sol";"Dupla";"Reta";"Sim";3;0;0;0;2;1;0;3;-27,0732659;-48,59672716;"SPRF-SC";"DEL04-SC";"UOP03-DEL04-SC"
412464;2022-02-02;"quarta-feira";"11:30:00";"MG";365;751;"ITUIUTABA";"Pista Escorregadia";"Colisão traseira";"Com Vítimas Feridas";"Pleno dia";"Crescente";"Céu Claro";"Simples";"Retorno Regulamentado";"Sim";3;0;2;0;1;0;2;3;-18,93793339;-49,43876589;"SPRF-MG";"DEL15-MG";"UOP03-DEL15-MG"
412465;2022-02-02;"quarta-feira";"10:00:00";"RJ";101;277;"TANGUA";"Ausência de reação do condutor";"Colisão lateral mesmo sentido";"Com Vítimas Feridas";"Pleno dia";"Decrescente";"Nublado";"Dupla";"Reta";"Sim";3;0;1;0;2;0;1;2;-22,73943906;-42,748279;"SPRF-RJ";"DEL02-RJ";"UOP03-DEL02-RJ"
412469;2022-02-02;"quarta-feira";"11:44:00";"MT";163;750;"SORRISO";"Pedestre cruzava a pista fora da faixa";"Atropelamento de Pedestre";"Com Vítimas Fatais";"Pleno dia";"Decrescente";"Céu Claro";"Dupla";"Reta";"Sim";3;1;0;0;1;3;0;5;-12,57196791;-55,7270658;"SPRF-MT";"DEL06-MT";"UOP01-DEL06-MT"
412475;2022-02-02;"quarta-feira";"13:45:00";"MG";40;463;"SETE LAGOAS";"Pista Escorregadia";"Tombamento";"Com Vítimas Feridas";"Pleno dia";"Crescente";"Chuva";"Dupla";"Declive";"Não";1;0;1;0;0;0;1;1;-19,42224803;-44,33870213;"SPRF-MG";"DEL02-MG";"UOP01-DEL02-MG"
412479;2022-02-02;"quarta-feira";"12:45:00";"RS";101;51,9;"TERRA DE AREIA";"Mal súbito do condutor";"Saída de leito carroçável";"Com Vítimas Feridas";"Pleno dia";"Crescente";"Céu Claro";"Dupla";"Reta";"Não";2;0;1;0;0;2;1;3;-29,61499714;-50,0915338;"SPRF-RS";"DEL03-RS";"UOP02-DEL03-RS"
412480;2022-02-02;"quarta-feira";"13:55:00";"MG";40;462,7;"SETE LAGOAS";"Chuva";"Colisão traseira";"Com Vítimas Feridas";"Pleno dia";"Crescente";"Chuva";"Dupla";"Declive";"Não";3;0;0;1;0;2;1;3;-19,4136917;-44,33879427;"SPRF-MG";"DEL02-MG";"UOP01-DEL02-MG"
412482;2022-02-02;"quarta-feira";"13:04:00";"SP";116;144,3;"SAO JOSE DOS CAMPOS";"Reação tardia ou ineficiente do condutor";"Engavetamento";"Com Vítimas Feridas";"Pleno dia";"Decrescente";"Chuva";"Múltipla";"Declive";"Sim";7;0;3;0;3;2;3;6;-23,18274416;-45,84633592;"SPRF-SP";"DEL02-SP";"UOP01-DEL02-SP"
412483;2022-02-02;"quarta-feira";"14:10:00";"MG";40;705,6;"BARBACENA";"Velocidade Incompatível";"Colisão com objeto";"Com Vítimas Feridas";"Pleno dia";"Decrescente";"Chuva";"Dupla";"Curva";"Não";5;0;3;0;1;1;3;2;-21,2165929;-43,7462589;"SPRF-MG";"DEL05-MG";"UOP02-DEL05-MG"
412490;2022-02-02;"quarta-feira";"13:20:00";"MT";158;630;"AGUA BOA";"Ultrapassagem Indevida";"Saída de leito carroçável";"Com Vítimas Feridas";"Pleno dia";"Crescente";"Céu Claro";"Simples";"Curva";"Não";2;0;2;0;0;0;2;1;-14,53304688;-52,30721422;"SPRF-MT";"DEL07-MT";"UOP02-DEL07-MT"
412493;2022-02-02;"quarta-feira";"14:00:00";"MG";40;686,7;"RESSAQUINHA";"Conversão proibida";"Colisão traseira";"Com Vítimas Feridas";"Pleno dia";"Decrescente";"Chuva";"Simples";"Aclive;Reta;Interseção de Vias";"Não";3;0;1;0;1;1;1;3;-21,09707984;-43,76777356;"SPRF-MG";"DEL05-MG";"UOP02-DEL05-MG"
412497;2022-02-02;"quarta-feira";"15:15:00";"MS";262;384,9;"TERENOS";"Velocidade Incompatível";"Saída de leito carroçável";"Sem Vítimas";"Pleno dia";"Crescente";"Céu Claro";"Simples";"Reta";"Sim";3;0;0;0;1;2;0;3;-20,434864;-54,87231;"SPRF-MS";"DEL01-MS";"UOP03-DEL01-MS"
412501;2022-02-02;"quarta-feira";"16:45:00";"MG";50;85,1;"UBERLANDIA";"Condutor usando celular";"Saída de leito carroçável";"Com Vítimas Feridas";"Pleno dia";"Crescente";"Nublado";"Dupla";"Reta";"Não";4;0;1;1;1;2;2;4;-19,00488399;-48,20910294;"SPRF-MG";"DEL15-MG";"UOP01-DEL15-MG"
412510;2022-02-02;"quarta-feira";"14:40:00";"MT";163;543;"DIAMANTINO";"Acostamento em desnível";"Saída de leito carroçável";"Com Vítimas Feridas";"Pleno dia";"Decrescente";"Céu Claro";"Simples";"Reta";"Não";2;0;1;0;0;1;1;2;-14,36459123;-56,14081519;"SPRF-MT";"DEL01-MT";"UOP01-DEL01-MT"
412512;2022-01-07;"sexta-feira";"23:00:00";"PE";101;90;"CABO DE SANTO AGOSTINHO";"Ingestão de álcool pelo condutor";"Atropelamento de Pedestre";"Com Vítimas Feridas";"Plena Noite";"Crescente";"Céu Claro";"Dupla";"Reta";"Sim";5;0;0;3;1;1;3;3;-8,23386226;-34,97858502;"SPRF-PE";"DEL01-PE";"UOP01-DEL01-PE"
412513;2022-01-17;"segunda-feira";"09:30:00";"MT";158;427;"RIBEIRAO CASCALHEIRA";"Problema com o freio";"Tombamento";"Com Vítimas Feridas";"Pleno dia";"Decrescente";"Céu Claro";"Simples";"Reta";"Não";2;0;1;0;0;2;1;3;-12,96474268;-51,87016222;"SPRF-MT";"DEL07-MT";"UOP02-DEL07-MT"
412515;2022-01-13;"quinta-feira";"23:30:00";"PA";230;236;"NOVO REPARTIMENTO";"Reação tardia ou ineficiente do condutor";"Colisão com objeto";"Com Vítimas Feridas";"Plena Noite";"Crescente";"Nublado";"Simples";"Curva";"Não";2;0;1;0;0;1;1;2;-4,681215;-49,694581;"SPRF-PA";"DEL03-PA";"UOP01-DEL03-PA"
412522;2022-02-02;"quarta-feira";"18:45:00";"MG";153;86,5;"PRATA";"Reação tardia ou ineficiente do condutor";"Colisão lateral sentido oposto";"Com Vítimas Feridas";"Anoitecer";"Decrescente";"Céu Claro";"Simples";"Aclive";"Não";8;0;0;1;6;5;1;9;-19,10959519;-48,97442725;"SPRF-MG";"DEL15-MG";"UOP03-DEL15-MG"
412528;2022-02-02;"quarta-feira";"09:00:00";"MT";70;115,6;"GENERAL CARNEIRO";"Carga excessiva e/ou mal acondicionada";"Derramamento de carga";"Sem Vítimas";"Amanhecer";"Crescente";"Nublado";"Simples";"Reta";"Não";2;0;0;0;1;2;0;3;-15,60647382;-53,0811441;"SPRF-MT";"DEL07-MT";"UOP01-DEL07-MT"
412534;2022-02-02;"quarta-feira";"15:05:00";"SC";163;112,5;"GUARUJA DO SUL";"Acesso irregular";"Colisão transversal";"Com Vítimas Feridas";"Pleno dia";"Crescente";"Céu Claro";"Simples";"Interseção de Vias;Reta";"Sim";3;0;2;0;0;1;2;2;-26,40317121;-53,52406025;"SPRF-SC";"DEL07-SC";"UOP03-DEL07-SC"
412535;2022-02-02;"quarta-feira";"13:30:00";"BA";101;320;"PRESIDENTE TANCREDO NEVES";"Velocidade Incompatível";"Saída de leito carroçável";"Com Vítimas Fatais";"Pleno dia";"Decrescente";"Céu Claro";"Simples";"Reta";"Sim";3;1;1;0;1;0;1;2;-13,391973;-39,400168;"SPRF-BA";"DEL05-BA";"UOP03-DEL05-BA"
412542;2022-02-02;"quarta-feira";"19:15:00";"SC";101;326,4;"CAPIVARI DE BAIXO";"Avarias e/ou desgaste excessivo no pneu";"Colisão com objeto";"Com Vítimas Feridas";"Plena Noite";"Crescente";"Céu Claro";"Dupla";"Declive;Reta";"Sim";6;0;2;0;3;1;2;3;-28,43590239;-48,95940185;"SPRF-SC";"DEL02-SC";"UOP01-DEL02-SC"
412545;2022-02-02;"quarta-feira";"11:00:00";"SC";282;68;"RANCHO QUEIMADO";"Ausência de reação do condutor";"Tombamento";"Com Vítimas Feridas";"Pleno dia";"Crescente";"Céu Claro";"Simples";"Curva";"Não";3;0;2;0;0;1;2;3;-27,692406;-49,075939;"SPRF-SC";"DEL01-SC";"UOP03-DEL01-SC"
412549;2022-02-02;"quarta-feira";"11:00:00";"GO";60;385;"RIO VERDE";"Ausência de reação do condutor";"Tombamento";"Sem Vítimas";"Pleno dia";"Decrescente";"Céu Claro";"Dupla";"Curva";"Sim";2;0;0;0;1;2;0;3;-17,7964;-50,914;"SPRF-GO";"DEL04-GO";"UOP01-DEL04-GO"
412553;2022-02-02;"quarta-feira";"20:30:00";"GO";414;404,8;"ABADIANIA";"Demais falhas mecânicas ou elétricas";"Incêndio";"Sem Vítimas";"Plena Noite";"Crescente";"Céu Claro";"Simples";"Aclive";"Não";2;0;0;0;1;1;0;2;-16,00900392;-48,84163082;"SPRF-GO";"DEL02-GO";"UOP01-DEL02-GO"
412555;2022-02-02;"quarta-feira";"07:40:00";"BA";116;140;"CANUDOS";"Velocidade Incompatível";"Colisão traseira";"Com Vítimas Feridas";"Pleno dia";"Crescente";"Céu Claro";"Simples";"Reta";"Não";4;0;1;1;1;1;2;4;-9,83150206;-39,16169274;"SPRF-BA";"DEL07-BA";"UOP01-DEL07-BA"
412556;2022-02-02;"quarta-feira";"16:40:00";"RS";472;471,5;"ITAQUI";"Ingestão de álcool pelo condutor";"Saída de leito carroçável";"Sem Vítimas";"Pleno dia";"Crescente";"Céu Claro";"Simples";"Reta";"Não";2;0;0;0;1;1;0;2;-29,14842198;-56,34113402;"SPRF-RS";"DEL12-RS";"UOP01-DEL12-RS"