"id";"data_inversa";"dia_semana";"horario";"uf";"br";"km";"municipio";"causa_acidente";"tipo_acidente";"classificacao_acidente";"fase_dia";"sentido_via";"condicao_metereologica";"tipo_pista";"tracado_via";"uso_solo";"pessoas";"mortos";"feridos_leves";"feridos_graves";"ilesos";"ignorados";"feridos";"veiculos";"latitude";"longitude";"regional";"delegacia";"uop"
413297;2022-02-06;"domingo";"16:10:00";"PR";163;168,3;"LINDOESTE";"Ausência de reação do condutor";"Capotamento";"Com Vítimas Feridas";"Pleno dia";"Crescente";"Sol";"Simples";"Reta";"Não";2;0;1;0;0;1;1;2;-25,29248982;-53,57038619;"SPRF-PR";"DEL05-PR";"UOP05-DEL05-PR"
413309;2022-02-06;"domingo";"15:30:00";"MT";174;365;"CONQUISTA DOESTE";"Transitar na contramão";"Colisão frontal";"Com Vítimas Feridas";"Pleno dia";"Decrescente";"Céu Claro";"Simples";"Aclive;Reta";"Não";3;0;1;0;2;0;1;2;-14,64075117;-59,46615111;"SPRF-MT";"DEL04-MT";"UOP01-DEL04-MT"
413325;2022-02-06;"domingo";"19:45:00";"MG";365;148,9;"PIRAPORA";"Velocidade Incompatível";"Colisão traseira";"Com Vítimas Feridas";"Plena Noite";"Crescente";"Céu Claro";"Simples";"Reta";"Não";5;0;1;1;1;2;2;3;-17,31522897;-44,89556828;"SPRF-MG";"DEL12-MG";"UOP01-DEL12-MG"
413337;2022-02-06;"domingo";"20:00:00";"PR";277;69,3;"SAO JOSE DOS PINHAIS";"Reação tardia ou ineficiente do condutor";"Tombamento";"Com Vítimas Fatais";"Plena Noite";"Decrescente";"Nublado";"Dupla";"Reta";"Sim";2;1;0;0;0;1;0;2;-25,5173476;-49,11472321;"SPRF-PR";"DEL01-PR";"UOP01-DEL01-PR"
413340;2022-02-06;"domingo";"20:20:00";"SC";101;291,9;"IMBITUBA";"Ingestão de substâncias psicoativas pelo condutor";"Saída de leito carroçável";"Com Vítimas Feridas";"Plena Noite";"Crescente";"Céu Claro";"Dupla";"Reta";"Não";2;0;1;0;0;1;1;2;-28,26980586;-48,70081551;"SPRF-SC";"DEL02-SC";"UOP03-DEL02-SC"
413354;2022-02-06;"domingo";"19:00:00";"PB";412;141,5;"MONTEIRO";"Pedestre andava na pista";"Atropelamento de Pedestre";"Com Vítimas Fatais";"Plena Noite";"Decrescente";"Céu Claro";"Simples";"Reta";"Não";3;1;1;0;0;1;1;3;-7,872064;-37,092819;"SPRF-PB";"DEL02-PB";"UOP02-DEL02-PB"
413355;2022-02-06;"domingo";"21:00:00";"PR";116;81;"PIRAQUARA";"Ausência de reação do condutor";"Colisão traseira";"Com Vítimas Feridas";"Plena Noite";"Decrescente";"Nublado";"Múltipla";"Reta";"Sim";2;0;1;0;1;0;1;2;-25,40969292;-49,0632661;"SPRF-PR";"DEL01-PR";"UOP01-DEL01-PR"
413363;2022-02-06;"domingo";"22:00:00";"SC";163;110,1;"GUARUJA DO SUL";"Velocidade Incompatível";"Colisão traseira";"Com Vítimas Fatais";"Plena Noite";"Decrescente";"Céu Claro";"Simples";"Reta";"Não";3;1;0;0;1;2;0;4;-26,401796;-53,5245873;"SPRF-SC";"DEL07-SC";"UOP03-DEL07-SC"
413364;2022-02-06;"domingo";"22:30:00";"ES";101;230,9;"FUNDAO";"Reação tardia ou ineficiente do condutor";"Colisão lateral sentido oposto";"Com Vítimas Feridas";"Plena Noite";"Decrescente";"Nublado";"Simples";"Curva";"Não";4;0;1;0;2;1;1;4;-19,93558165;-40,40603211;"SPRF-ES";"DEL02-ES";"UOP01-DEL02-ES"
413372;2022-02-06;"domingo";"22:30:00";"MS";163;560,8;"BANDEIRANTES";"Reação tardia ou ineficiente do condutor";"Saída de leito carroçável";"Com Vítimas Feridas";"Plena Noite";"Decrescente";"Chuva";"Dupla";"Reta";"Não";2;0;1;0;0;1;1;2;-19,809854;-54,371217;"SPRF-MS";"DEL01-MS";"UOP02-DEL01-MS"
413381;2022-02-06;"domingo";"23:02:00";"MG";40;642;"CONSELHEIRO LAFAIETE";"Velocidade Incompatível";"Tombamento";"Sem Vítimas";"Plena Noite";"Crescente";"Nublado";"Simples";"Reta";"Não";2;0;0;0;1;3;0;4;-20,76690251;-43,80687129;"SPRF-MG";"DEL05-MG";"UOP02-DEL05-MG"
413382;2022-02-06;"domingo";"23:40:00";"PE";101;36;"IGARASSU";"Ausência de reação do condutor";"Colisão traseira";"Com Vítimas Feridas";"Plena Noite";"Crescente";"Céu Claro";"Dupla";"Reta";"Sim";2;0;0;1;1;0;1;2;-7,788367;-34,92981702;"SPRF-PE";"DEL01-PE";"UOP02-DEL01-PE"
413391;2022-02-07;"segunda-feira";"00:01:00";"MG";381;760,4;"TRES CORACOES";"Ausência de reação do condutor";"Colisão lateral mesmo sentido";"Com Vítimas Feridas";"Plena Noite";"Crescente";"Garoa/Chuvisco";"Dupla";"Curva";"Não";4;0;1;0;2;1;1;3;-21,6980113;-45,36670089;"SPRF-MG";"DEL16-MG";"UOP02-DEL16-MG"
413396;2022-02-07;"segunda-feira";"00:20:00";"PE";110;241;"JATOBA";"Reação tardia ou ineficiente do condutor";"Colisão frontal";"Com Vítimas Feridas";"Plena Noite";"Decrescente";"Céu Claro";"Simples";"Reta";"Não";2;0;1;0;1;0;1;2;-9,148655;-38,28464499;"SPRF-BA";"DEL07-BA";"UOP01-DEL07-BA"
413399;2022-02-07;"segunda-feira";"03:00:00";"TO";226;23;"PALMEIRAS DO TOCANTINS";"Velocidade Incompatível";"Saída de leito carroçável";"Com Vítimas Feridas";"Plena Noite";"Decrescente";"Nublado";"Simples";"Reta";"Não";1;0;1;0;0;0;1;1;-6,63551;-47,640892;"SPRF-TO";"DEL02-TO";"UOP03-DEL02-TO"
413405;2022-02-07;"segunda-feira";"05:35:00";"SE";101;116,4;"ITAPORANGA DAJUDA";"Condutor deixou de manter distância do veículo da frente";"Colisão traseira";"Com Vítimas Feridas";"Pleno dia";"Crescente";"Céu Claro";"Dupla";"Reta";"Sim";3;0;0;1;1;2;1;4;-11,01146389;-37,31286103;"SPRF-SE";"DEL02-SE";"UOP01-DEL02-SE"
413412;2022-02-07;"segunda-feira";"06:30:00";"GO";60;370,7;"SAO FRANCISCO DE GOIAS";"Ultrapassagem Indevida";"Colisão lateral mesmo sentido";"Com Vítimas Feridas";"Amanhecer";"Crescente";"Chuva";"Simples";"Aclive";"Não";2;0;1;0;1;0;1;2;-15,847006;-49,269092;"SPRF-GO";"DEL04-GO";"UOP01-DEL04-GO"
413413;2022-02-07;"segunda-feira";"02:10:00";"BA";101;881;"TEIXEIRA DE FREITAS";"Condutor deixou de manter distância do veículo da frente";"Colisão traseira";"Com Vítimas Feridas";"Plena Noite";"Decrescente";"Céu Claro";"Simples";"Reta";"Não";3;0;0;1;1;2;1;4;-17,5588716;-39,7262911;"SPRF-BA";"DEL09-BA";"UOP02-DEL09-BA"
413414;2022-02-07;"segunda-feira";"07:15:00";"GO";153;515,5;"APARECIDA DE GOIANIA";"Velocidade Incompatível";"Saída de leito carroçável";"Com Vítimas Feridas";"Amanhecer";"Decrescente";"Chuva";"Dupla";"Reta";"Sim";4;0;0;2;2;0;2;3;-16,8413;-49,2454;"SPRF-GO";"DEL01-GO";"UOP03-DEL01-GO"
413419;2022-02-06;"domingo";"19:00:00";"PR";476;77;"BOCAIUVA DO SUL";"Velocidade Incompatível";"Saída de leito carroçável";"Com Vítimas Feridas";"Plena Noite";"Crescente";"Céu Claro";"Simples";"Curva";"Não";1;0;1;0;0;0;1;1;-25,108524;-49,105446;"SPRF-PR";"DEL01-PR";"UOP02-DEL01-PR"
413425;2022-02-06;"domingo";"18:30:00";"GO";153;317,9;"RIANAPOLIS";"Estacionar ou parar em local proibido";"Colisão traseira";"Com Vítimas Feridas";"Anoitecer";"Crescente";"Céu Claro";"Simples";"Reta";"Não";2;0;0;1;0;1;1;2;-15,43861;-49,509311;"SPRF-GO";"DEL02-GO";"UOP02-DEL02-GO"
413439;2022-02-07;"segunda-feira";"08:58:00";"SE";101;54;"CARMOPOLIS";"Condutor deixou de manter distância do veículo da frente";"Engavetamento";"Com Vítimas Feridas";"Pleno dia";"Decrescente";"Céu Claro";"Simples";"Reta";"Não";6;0;1;1;3;2;2;5;-10,62656711;-36,99773792;"SPRF-SE";"DEL02-SE";"UOP02-DEL02-SE"
413459;2022-02-07;"segunda-feira";"10:30:00";"RS";386;350,1;"ESTRELA";"Objeto estático sobre o leito carroçável";"Colisão com objeto";"Com Vítimas Feridas";"Pleno dia";"Decrescente";"Céu Claro";"Dupla";"Ponte";"Sim";3;0;1;0;2;0;1;2;-29,4743;-51,952923;"SPRF-RS";"DEL04-RS";"UOP02-DEL04-RS"
413460;2022-02-07;"segunda-feira";"06:20:00";"SC";280;96;"CORUPA";"Condutor Dormindo";"Saída de leito carroçável";"Com Vítimas Feridas";"Amanhecer";"Crescente";"Céu Claro";"Simples";"Declive;Reta";"Não";1;0;1;0;0;0;1;1;-26,38512958;-49,30811584;"SPRF-SC";"DEL06-SC";"UOP03-DEL06-SC"
413467;2022-02-07;"segunda-feira";"09:30:00";"RO";364;10;"VILHENA";"Acesso irregular";"Colisão transversal";"Com Vítimas Feridas";"Pleno dia";"Decrescente";"Céu Claro";"Simples";"Reta";"Não";3;0;1;0;1;1;1;3;-12,75325805;-60,10494774;"SPRF-RO";"DEL04-RO";"UOP01-DEL04-RO"
413468;2022-02-07;"segunda-feira";"10:00:00";"GO";153;205,6;"URUACU";"Acumulo de água sobre o pavimento";"Saída de leito carroçável";"Com Vítimas Fatais";"Pleno dia";"Decrescente";"Chuva";"Simples";"Reta";"Não";2;1;1;0;0;0;1;1;-14,569736;-49,156287;"SPRF-GO";"DEL07-GO";"UOP02-DEL07-GO"
413475;2022-01-27;"quinta-feira";"05:30:00";"MS";262;104,5;"AGUA CLARA";"Condutor Dormindo";"Saída de leito carroçável";"Com Vítimas Feridas";"Amanhecer";"Decrescente";"Nublado";"Simples";"Aclive";"Não";2;0;1;0;0;3;1;4;-20,55467135;-52,52903416;"SPRF-MS";"DEL07-MS";"UOP02-DEL07-MS"
413476;2022-02-07;"segunda-feira";"10:45:00";"BA";242;729;"CRISTOPOLIS";"Transitar na contramão";"Colisão frontal";"Com Vítimas Fatais";"Pleno dia";"Crescente";"Chuva";"Simples";"Reta";"Não";3;1;0;0;1;1;0;3;-12,2071561;-44,4673213;"SPRF-BA";"DEL10-BA";"UOP01-DEL10-BA"
413477;2022-02-07;"segunda-feira";"10:30:00";"PR";277;391;"CANDOI";"Reação tardia ou ineficiente do condutor";"Colisão traseira";"Com Vítimas Feridas";"Pleno dia";"Decrescente";"Céu Claro";"Simples";"Reta";"Não";4;0;1;0;3;0;1;2;-25,44091094;-51,83855201;"SPRF-PR";"DEL08-PR";"UOP01-DEL08-PR"
413479;2022-02-07;"segunda-feira";"10:29:00";"SP";116;511;"CAJATI";"Problema com o freio";"Saída de leito carroçável";"Com Vítimas Feridas";"Pleno dia";"Decrescente";"Garoa/Chuvisco";"Simples";"Curva";"Não";3;0;3;0;0;0;3;1;-24,83558399;-48,2223738;"SPRF-SP";"DEL05-SP";"UOP02-DEL05-SP"
413493;2022-02-07;"segunda-feira";"13:30:00";"PE";232;27;"MORENO";"Condutor deixou de manter distância do veículo da frente";"Colisão traseira";"Com Vítimas Feridas";"Pleno dia";"Crescente";"Sol";"Dupla";"Curva";"Não";6;0;2;0;3;1;2;4;-8,11418416;-35,12568999;"SPRF-PE";"DEL01-PE";"UOP01-DEL01-PE"
413498;2022-02-07;"segunda-feira";"12:45:00";"RS";116;131;"CAXIAS DO SUL";"Ausência de reação do condutor";"Colisão lateral sentido oposto";"Com Vítimas Feridas";"Pleno dia";"Decrescente";"Céu Claro";"Simples";"Curva";"Não";2;0;1;0;1;0;1;2;-29,04243793;-51,09118821;"SPRF-RS";"DEL05-RS";"UOP01-DEL05-RS"
413502;2022-02-07;"segunda-feira";"14:20:00";"BA";324;613;"SALVADOR";"Velocidade Incompatível";"Colisão transversal";"Com Vítimas Feridas";"Pleno dia";"Decrescente";"Céu Claro";"Dupla";"Reta";"Sim";5;0;2;0;2;1;2;4;-12,8639793;-38,42370126;"SPRF-BA";"DEL01-BA";"UOP01-DEL01-BA"
413506;2022-02-07;"segunda-feira";"14:15:00";"SC";280;28,4;"ARAQUARI";"Condutor deixou de manter distância do veículo da frente";"Colisão traseira";"Com Vítimas Feridas";"Pleno dia";"Crescente";"Céu Claro";"Simples";"Reta";"Não";4;0;2;0;2;0;2;2;-26,40450077;-48,74561031;"SPRF-SC";"DEL03-SC";"UOP03-DEL03-SC"
413510;2022-02-07;"segunda-feira";"14:30:00";"RS";116;510,3;"PELOTAS";"Ingestão de álcool pelo condutor";"Colisão lateral mesmo sentido";"Com Vítimas Feridas";"Pleno dia";"Decrescente";"Sol";"Simples";"Reta";"Não";3;0;1;0;2;0;1;2;-31,62287111;-52,3151929;"SPRF-RS";"DEL07-RS";"UOP01-DEL07-RS"
413514;2022-02-07;"segunda-feira";"15:00:00";"RN";101;85,4;"SAO GONCALO DO AMARANTE";"Demais falhas mecânicas ou elétricas";"Saída de leito carroçável";"Com Vítimas Feridas";"Pleno dia";"Crescente";"Céu Claro";"Simples";"Curva;Declive";"Sim";2;0;1;0;1;0;1;1;-5,777787;-35,249484;"SPRF-RN";"DEL02-RN";"UOP01-DEL02-RN"
413518;2022-02-07;"segunda-feira";"13:20:00";"SC";470;204,2;"PONTE ALTA";"Velocidade Incompatível";"Tombamento";"Com Vítimas Feridas";"Pleno dia";"Crescente";"Céu Claro";"Simples";"Curva;Declive";"Não";1;0;1;0;0;0;1;1;-27,289373;-50,166328;"SPRF-SC";"DEL05-SC";"UOP03-DEL05-SC"
413519;2022-02-07;"segunda-feira";"15:00:00";"RS";386;416,8;"MONTENEGRO";"Conversão proibida";"Colisão transversal";"Com Vítimas Feridas";"Pleno dia";"Crescente";"Céu Claro";"Simples";"Curva;Interseção de Vias;Declive";"Não";5;0;3;0;2;0;3;2;-29,81767324;-51,45858765;"SPRF-RS";"DEL04-RS";"UOP02-DEL04-RS"
413523;2022-02-07;"segunda-feira";"13:20:00";"MT";364;322,5;"CAMPO VERDE";"Condutor Dormindo";"Saída de leito carroçável";"Com Vítimas Feridas";"Pleno dia";"Decrescente";"Chuva";"Dupla";"Reta";"Não";2;0;1;0;0;3;1;4;-15,81713741;-55,34144607;"SPRF-MT";"DEL05-MT";"UOP02-DEL05-MT"
413524;2022-02-07;"segunda-feira";"15:15:00";"ES";101;388,1;"RIO NOVO DO SUL";"Reação tardia ou ineficiente do condutor";"Colisão lateral sentido oposto";"Com Vítimas Feridas";"Pleno dia";"Decrescente";"Nublado";"Simples";"Curva";"Não";3;0;1;0;1;1;1;3;-20,856722;-40,876863;"SPRF-ES";"DEL03-ES";"UOP02-DEL03-ES"
413529;2022-01-19;"quarta-feira";"09:00:00";"RO";364;564;"RIO CRESPO";"Ausência de reação do condutor";"Colisão traseira";"Com Vítimas Feridas";"Pleno dia";"Crescente";"Sol";"Simples";"Reta;Declive";"Não";3;0;1;0;2;0;1;2;-9,528573;-63,077156;"SPRF-RO";"DEL01-RO";"UOP04-DEL01-RO"
413533;2022-02-07;"segunda-feira";"16:15:00";"RS";386;248;"SOLEDADE";"Pedestre andava na pista";"Atropelamento de Pedestre";"Com Vítimas Feridas";"Pleno dia";"Decrescente";"Céu Claro";"Simples";"Reta";"Sim";4;0;1;0;2;1;1;3;-28,817902;-52,484734;"SPRF-RS";"DEL04-RS";"UOP03-DEL04-RS"
413536;2022-02-07;"segunda-feira";"10:45:00";"MG";153;153,5;"COMENDADOR GOMES";"Ultrapassagem Indevida";"Saída de leito carroçável";"Com Vítimas Feridas";"Pleno dia";"Decrescente";"Chuva";"Simples";"Curva;Declive";"Não";1;0;0;1;0;0;1;1;-19,62885262;-48,90963099;"SPRF-MG";"DEL13-MG";"UOP02-DEL13-MG"
413543;2022-02-07;"segunda-feira";"17:00:00";"RJ";101;156;"MACAE";"Condutor Dormindo";"Saída de leito carroçável";"Com Vítimas Feridas";"Anoitecer";"Decrescente";"Garoa/Chuvisco";"Simples";"Curva";"Não";3;0;3;0;0;0;3;1;-22,2623408513;-41,8500320656;"SPRF-RJ";"DEL08-RJ";"UOP04-DEL08-RJ"
413547;2022-02-07;"segunda-feira";"14:15:00";"SC";282;68,5;"RANCHO QUEIMADO";"Velocidade Incompatível";"Tombamento";"Com Vítimas Feridas";"Pleno dia";"Decrescente";"Céu Claro";"Simples";"Curva";"Não";2;0;0;1;0;2;1;3;-27,692406;-49,075939;"SPRF-SC";"DEL01-SC";"UOP03-DEL01-SC"
413549;2022-02-07;"segunda-feira";"15:10:00";"MG";381;616,7;"OLIVEIRA";"Velocidade Incompatível";"Tombamento";"Com Vítimas Feridas";"Pleno dia";"Crescente";"Nublado";"Dupla";"Curva";"Não";2;0;1;0;0;1;1;2;-20,726552;-44,770377;"SPRF-MG";"DEL04-MG";"UOP01-DEL04-MG"
413554;2022-02-07;"segunda-feira";"17:44:00";"SP";381;33;"ATIBAIA";"Trafegar com motocicleta (ou similar) entre as faixas";"Colisão lateral mesmo sentido";"Com Vítimas Feridas";"Anoitecer";"Decrescente";"Céu Claro";"Dupla";"Curva";"Sim";3;0;1;0;1;2;1;4;-23,088586;-46,571798;"SPRF-SP";"DEL03-SP";"UOP01-DEL03-SP"
413557;2022-02-07;"segunda-feira";"13:30:00";"RO";364;337;"JI-PARANA";"Reação tardia ou ineficiente do condutor";"Colisão frontal";"Com Vítimas Feridas";"Pleno dia";"Decrescente";"Céu Claro";"Simples";"Reta";"Não";3;0;0;1;1;2;1;4;-10,86070186;-61,9761549;"SPRF-RO";"DEL02-RO";"UOP01-DEL02-RO"
413566;2022-02-07;"segunda-feira";"17:30:00";"PR";277;347;"GUARAPUAVA";"Velocidade Incompatível";"Engavetamento";"Com Vítimas Feridas";"Pleno dia";"Crescente";"Céu Claro";"Simples";"Reta";"Não";6;0;2;0;4;0;2;4;-25,370028;-51,497134;"SPRF-PR";"DEL08-PR";"UOP01-DEL08-PR"
413575;2022-02-07;"segunda-feira";"15:00:00";"RJ";101;262;"RIO BONITO";"Reação tardia ou ineficiente do condutor";"Tombamento";"Com Vítimas Feridas";"Pleno dia";"Decrescente";"Chuva";"Dupla";"Curva";"Sim";2;0;0;1;0;1;1;2;-22,71367506;-42,62052996;"SPRF-RJ";"DEL02-RJ";"UOP03-DEL02-RJ"
413583;2022-02-07;"segunda-feira";"20:16:00";"BA";324;1;"FEIRA DE SANTANA";"Condutor deixou de manter distância do veículo da frente";"Colisão traseira";"Com Vítimas Feridas";"Plena Noite";"Decrescente";"Céu Claro";"Dupla";"Reta";"Sim";3;0;0;1;1;2;1;4;-12,267113;-38,966988;"SPRF-BA";"DEL02-BA";"UOP01-DEL02-BA"
413591;2022-02-07;"segunda-feira";"16:00:00";"RO";364;645;"CANDEIAS DO JAMARI";"Falta de acostamento";"Saída de leito carroçável";"Com Vítimas Feridas";"Pleno dia";"Crescente";"Céu Claro";"Simples";"Reta";"Não";2;0;1;0;0;3;1;4;-8,96613006;-63,42678137;"SPRF-RO";"DEL01-RO";"UOP04-DEL01-RO"
413595;2022-02-07;"segunda-feira";"19:00:00";"RJ";101;266;"RIO BONITO";"Acessar a via sem observar a presença dos outros veículos";"Colisão lateral mesmo sentido";"Sem Vítimas";"Plena Noite";"Decrescente";"Chuva";"Dupla";"Reta";"Não";3;0;0;0;2;1;0;3;-22,70861445;-42,65178735;"SPRF-RJ";"DEL02-RJ";"UOP03-DEL02-RJ"
413597;2022-02-07;"segunda-feira";"15:00:00";"RS";285;68,3;"BOM JESUS";"Reação tardia ou ineficiente do condutor";"Colisão lateral sentido oposto";"Com Vítimas Feridas";"Pleno dia";"Crescente";"Sol";"Simples";"Curva";"Não";3;0;1;1;1;0;2;2;-28,637194;-50,488495;"SPRF-RS";"DEL05-RS";"UOP03-DEL05-RS"
413601;2022-02-07;"segunda-feira";"23:20:00";"MG";50;118;"UBERABA";"Reação tardia ou ineficiente do condutor";"Colisão traseira";"Com Vítimas Feridas";"Plena Noite";"Decrescente";"Nublado";"Dupla";"Reta";"Não";5;0;3;0;1;2;3;4;-19,28690184;-48,11943054;"SPRF-MG";"DEL13-MG";"UOP01-DEL13-MG"
413609;2022-02-07;"segunda-feira";"23:30:00";"MT";163;102;"RONDONOPOLIS";"Neblina";"Saída de leito carroçável";"Com Vítimas Feridas";"Plena Noite";"Decrescente";"Nevoeiro/Neblina";"Dupla";"Reta";"Não";4;0;3;0;0;2;3;3;-16,6450602;-54,68993838;"SPRF-MT";"DEL02-MT";"UOP01-DEL02-MT"
413610;2022-02-08;"terça-feira";"02:45:00";"GO";20;77,2;"VILA BOA";"Ultrapassagem Indevida";"Colisão frontal";"Com Vítimas Fatais";"Plena Noite";"Decrescente";"Nevoeiro/Neblina";"Simples";"Reta";"Não";11;2;1;0;7;2;1;5;-15,110663;-47,122963;"SPRF-DF";"DEL02-DF";"UOP01-DEL02-DF"
413611;2022-02-04;"sexta-feira";"00:05:00";"PR";277;306;"GUARAPUAVA";"Velocidade Incompatível";"Tombamento";"Sem Vítimas";"Plena Noite";"Decrescente";"Nublado";"Simples";"Declive;Ponte";"Não";2;0;0;0;1;1;0;2;-25,29937603;-51,14537699;"SPRF-PR";"DEL08-PR";"UOP01-DEL08-PR"
413612;2022-02-08;"terça-feira";"05:10:00";"GO";60;2;"SANTO ANTONIO DO DESCOBERTO";"Ausência de reação do condutor";"Saída de leito carroçável";"Com Vítimas Feridas";"Amanhecer";"Crescente";"Céu Claro";"Dupla";"Curva";"Não";2;0;1;0;0;1;1;2;-16,06956824;-48,26431274;"SPRF-DF";"DEL03-DF";"UOP01-DEL03-DF"
413613;2022-02-08;"terça-feira";"04:45:00";"SC";101;354,4;"JAGUARUNA";"Condutor Dormindo";"Colisão traseira";"Com Vítimas Feridas";"Plena Noite";"Decrescente";"Céu Claro";"Dupla";"Reta";"Não";2;0;0;1;1;0;1;2;-28,61806302;-49,07013199;"SPRF-SC";"DEL02-SC";"UOP01-DEL02-SC"
413616;2022-02-08;"terça-feira";"04:20:00";"SP";116;347,4;"MIRACATU";"Condutor Dormindo";"Colisão traseira";"Com Vítimas Feridas";"Amanhecer";"Crescente";"Nevoeiro/Neblina";"Dupla";"Declive";"Não";3;0;1;0;1;2;1;4;-24,04699491;-47,19706111;"SPRF-SP";"DEL04-SP";"UOP02-DEL04-SP"
413620;2022-02-07;"segunda-feira";"23:40:00";"PR";376;195,3;"MARIALVA";"Ausência de reação do condutor";"Colisão traseira";"Sem Vítimas";"Plena Noite";"Decrescente";"Céu Claro";"Dupla";"Reta";"Não";4;0;0;0;2;3;0;5;-23,49796205;-51,77372722;"SPRF-PR";"DEL09-PR";"UOP01-DEL09-PR"
413626;2022-02-08;"terça-feira";"06:20:00";"PR";376;333;"ORTIGUEIRA";"Curva acentuada";"Tombamento";"Com Vítimas Feridas";"Amanhecer";"Decrescente";"Sol";"Dupla";"Curva";"Não";2;0;0;1;0;1;1;2;-24,13523016;-51,00426435;"SPRF-PR";"DEL07-PR";"UOP02-DEL07-PR"
413633;2022-02-08;"terça-feira";"08:24:00";"MA";10;253,5;"IMPERATRIZ";"Ultrapassagem Indevida";"Colisão lateral mesmo sentido";"Com Vítimas Fatais";"Pleno dia";"Crescente";"Céu Claro";"Simples";"Reta";"Sim";4;1;0;0;2;1;0;4;-5,52824355;-47,47118354;"SPRF-MA";"DEL04-MA";"UOP01-DEL04-MA"
413634;2022-02-08;"terça-feira";"07:15:00";"RS";158;210,8;"CRUZ ALTA";"Problema com o freio";"Incêndio";"Sem Vítimas";"Pleno dia";"Crescente";"Céu Claro";"Simples";"Curva";"Não";2;0;0;0;2;0;0;1;-28,77429107;-53,59701445;"SPRF-RS";"DEL10-RS";"UOP02-DEL10-RS"
413635;2022-02-08;"terça-feira";"07:45:00";"SC";470;37;"GASPAR";"Ultrapassagem Indevida";"Colisão lateral mesmo sentido";"Com Vítimas Feridas";"Pleno dia";"Crescente";"Céu Claro";"Dupla";"Curva";"Não";2;0;1;0;1;0;1;2;-26,912727;-48,978043;"SPRF-SC";"DEL04-SC";"UOP01-DEL04-SC"
413638;2022-02-08;"terça-feira";"05:45:00";"MG";381;627,5;"OLIVEIRA";"Velocidade Incompatível";"Saída de leito carroçável";"Com Vítimas Feridas";"Amanhecer";"Crescente";"Garoa/Chuvisco";"Dupla";"Curva";"Não";2;0;0;1;0;1;1;2;-20,82916917;-44,81714594;"SPRF-MG";"DEL04-MG";"UOP01-DEL04-MG"
413639;2022-02-08;"terça-feira";"08:20:00";"PR";476;28;"ADRIANOPOLIS";"Pista Escorregadia";"Colisão lateral sentido oposto";"Sem Vítimas";"Amanhecer";"Crescente";"Garoa/Chuvisco";"Simples";"Curva";"Não";2;0;0;0;2;0;0;2;-24,80002;-49,040359;"SPRF-PR";"DEL01-PR";"UOP02-DEL01-PR"
413643;2022-02-08;"terça-feira";"07:40:00";"RO";364;709;"PORTO VELHO";"Reação tardia ou ineficiente do condutor";"Colisão traseira";"Com Vítimas Feridas";"Amanhecer";"Crescente";"Chuva";"Dupla";"Reta";"Sim";3;0;2;0;1;0;2;2;-8,7909383;-63,84895617;"SPRF-RO";"DEL01-RO";"UOP01-DEL01-RO"
413644;2022-02-08;"terça-feira";"08:50:00";"SC";101;198,1;"BIGUACU";"Reação tardia ou ineficiente do condutor";"Colisão traseira";"Com Vítimas Feridas";"Pleno dia";"Crescente";"Céu Claro";"Dupla";"Reta";"Sim";2;0;1;0;1;0;1;2;-27,52658712;-48,63506019;"SPRF-SC";"DEL01-SC";"UOP01-DEL01-SC"
413645;2022-02-08;"terça-feira";"07:30:00";"PE";232;107;"BEZERROS";"Reação tardia ou ineficiente do condutor";"Tombamento";"Com Vítimas Feridas";"Pleno dia";"Decrescente";"Céu Claro";"Dupla";"Reta";"Não";4;0;0;1;2;1;1;3;-8,26839017;-35,79746685;"SPRF-PE";"DEL02-PE";"UOP02-DEL02PE"
413646;2022-02-07;"segunda-feira";"19:00:00";"GO";70;331;"JUSSARA";"Reação tardia ou ineficiente do condutor";"Saída de leito carroçável";"Com Vítimas Feridas";"Plena Noite";"Crescente";"Céu Claro";"Simples";"Declive";"Não";2;0;1;0;0;1;1;2;-15,87215489;-50,94400585;"SPRF-GO";"DEL04-GO";"UOP01-DEL04-GO"
413648;2022-02-08;"terça-feira";"08:20:00";"PR";376;9;"MARINGA";"Acessar a via sem observar a presença dos outros veículos";"Atropelamento de Pedestre";"Com Vítimas Fatais";"Pleno dia";"Crescente";"Céu Claro";"Dupla";"Reta";"Sim";3;1;0;0;1;1;0;3;-23,37843;-51,915521;"SPRF-PR";"DEL09-PR";"UOP01-DEL09-PR"
413653;2022-02-08;"terça-feira";"03:23:00";"RJ";116;121,5;"MAGE";"Animais na Pista";"Colisão com objeto";"Sem Vítimas";"Plena Noite";"Crescente";"Nublado";"Dupla";"Reta";"Não";2;0;0;0;2;0;0;1;-22,62881711;-43,04922889;"SPRF-RJ";"DEL04-RJ";"UOP02-DEL04-RJ"
413661;2022-02-08;"terça-feira";"07:30:00";"RS";116;77,4;"CAMPESTRE DA SERRA";"Acessar a via sem observar a presença dos outros veículos";"Colisão transversal";"Com Vítimas Feridas";"Pleno dia";"Crescente";"Céu Claro";"Simples";"Reta";"Sim";2;0;1;0;1;0;1;2;-28,77859708;-51,09244786;"SPRF-RS";"DEL05-RS";"UOP03-DEL05-RS"