"id";"data_inversa";"dia_semana";"horario";"uf";"br";"km";"municipio";"causa_acidente";"tipo_acidente";"classificacao_acidente";"fase_dia";"sentido_via";"condicao_metereologica";"tipo_pista";"tracado_via";"uso_solo";"pessoas";"mortos";"feridos_leves";"feridos_graves";"ilesos";"ignorados";"feridos";"veiculos";"latitude";"longitude";"regional";"delegacia";"uop"
414251;2022-02-11;"sexta-feira";"12:55:00";"MG";40;275,8;"TRES MARIAS";"Entrada inopinada do pedestre";"Atropelamento de Pedestre";"Com Vítimas Feridas";"Pleno dia";"Crescente";"Céu Claro";"Simples";"Aclive";"Sim";3;0;1;0;1;2;1;4;-18,19945877;-45,23770577;"SPRF-MG";"DEL14-MG";"UOP02-DEL14-MG"
414255;2022-01-26;"quarta-feira";"14:30:00";"PR";376;616;"SAO JOSE DOS PINHAIS";"Ausência de reação do condutor";"Saída de leito carroçável";"Com Vítimas Feridas";"Pleno dia";"Decrescente";"Céu Claro";"Dupla";"Curva";"Sim";4;0;2;0;1;1;2;3;-25,57583659;-49,17953679;"SPRF-PR";"DEL01-PR";"UOP04-DEL01-PR"
414268;2022-02-11;"sexta-feira";"16:00:00";"TO";153;141;"ARAGUAINA";"Estacionar ou parar em local proibido";"Colisão traseira";"Com Vítimas Fatais";"Pleno dia";"Crescente";"Nublado";"Dupla";"Reta";"Sim";3;1;0;0;1;1;0;3;-7,175959;-48,219548;"SPRF-TO";"DEL02-TO";"UOP01-DEL02-TO"
414273;2022-02-11;"sexta-feira";"15:20:00";"BA";415;26,9;"ILHEUS";"Demais falhas mecânicas ou elétricas";"Colisão lateral mesmo sentido";"Com Vítimas Feridas";"Pleno dia";"Crescente";"Céu Claro";"Simples";"Reta";"Não";2;0;1;0;1;0;1;2;-14,796435;-39,200932;"SPRF-BA";"DEL05-BA";"UOP01-DEL05-BA"
414274;2022-02-11;"sexta-feira";"15:00:00";"MT";163;435;"VARZEA GRANDE";"Condutor deixou de manter distância do veículo da frente";"Colisão traseira";"Com Vítimas Feridas";"Pleno dia";"Crescente";"Céu Claro";"Dupla";"Reta";"Sim";6;0;3;2;1;0;5;2;-15,64087676;-56,20180607;"SPRF-MT";"DEL01-MT";"UOP01-DEL01-MT"
414278;2022-02-11;"sexta-feira";"17:00:00";"GO";414;410;"ABADIANIA";"Acessar a via sem observar a presença dos outros veículos";"Colisão transversal";"Com Vítimas Feridas";"Pleno dia";"Crescente";"Nublado";"Simples";"Interseção de Vias;Reta;Rotatória";"Sim";5;0;2;0;2;1;2;3;-16,05858626;-48,85401759;"SPRF-GO";"DEL02-GO";"UOP01-DEL02-GO"
414286;2022-02-11;"sexta-feira";"18:00:00";"TO";153;727,4;"FIGUEIROPOLIS";"Pista esburacada";"Tombamento";"Com Vítimas Feridas";"Anoitecer";"Decrescente";"Chuva";"Simples";"Declive";"Não";2;0;1;0;0;1;1;2;-12,18062191;-49,15566363;"SPRF-TO";"DEL01-TO";"UOP02-DEL01-TO"
414296;2022-02-11;"sexta-feira";"15:10:00";"MG";365;17,8;"MONTES CLAROS";"Chuva";"Colisão com objeto";"Com Vítimas Feridas";"Pleno dia";"Decrescente";"Garoa/Chuvisco";"Simples";"Reta";"Não";2;0;1;0;1;0;1;1;-16,87724015;-43,993381;"SPRF-MG";"DEL12-MG";"UOP01-DEL12-MG"
414297;2022-02-11;"sexta-feira";"16:00:00";"BA";407;138,4;"SENHOR DO BONFIM";"Condutor Dormindo";"Colisão traseira";"Com Vítimas Feridas";"Pleno dia";"Crescente";"Céu Claro";"Simples";"Reta";"Não";4;0;1;0;2;1;1;4;-10,55096499;-40,13701592;"SPRF-BA";"DEL04-BA";"UOP01-DEL04-BA"
414305;2022-02-11;"sexta-feira";"15:30:00";"BA";101;321;"PRESIDENTE TANCREDO NEVES";"Condutor deixou de manter distância do veículo da frente";"Engavetamento";"Sem Vítimas";"Pleno dia";"Decrescente";"Sol";"Simples";"Reta";"Não";6;0;0;0;5;1;0;5;-13,402092;-39,40694;"SPRF-BA";"DEL05-BA";"UOP03-DEL05-BA"
414313;2022-02-11;"sexta-feira";"17:49:00";"TO";153;781;"TALISMA";"Condutor deixou de manter distância do veículo da frente";"Colisão lateral mesmo sentido";"Sem Vítimas";"Anoitecer";"Crescente";"Chuva";"Simples";"Reta";"Não";4;0;0;0;3;3;0;6;-12,65936562;-49,12069716;"SPRF-TO";"DEL01-TO";"UOP02-DEL01-TO"
414322;2022-02-11;"sexta-feira";"20:20:00";"GO";153;495,5;"GOIANIA";"Entrada inopinada do pedestre";"Atropelamento de Pedestre";"Com Vítimas Fatais";"Plena Noite";"Crescente";"Nublado";"Múltipla";"Aclive";"Sim";3;1;0;0;1;1;0;3;-16,6681;-49,2263;"SPRF-GO";"DEL01-GO";"UOP01-DEL01-GO"
414344;2022-02-11;"sexta-feira";"20:00:00";"BA";116;53;"CHORROCHO";"Ausência de reação do condutor";"Tombamento";"Sem Vítimas";"Plena Noite";"Crescente";"Nublado";"Simples";"Reta";"Não";2;0;0;0;1;1;0;2;-9,07318315;-39,15533931;"SPRF-PE";"DEL05-PE";"UOP01-DEL05-PE"
414345;2022-02-11;"sexta-feira";"21:30:00";"RJ";116;267,7;"BARRA MANSA";"Manobra de mudança de faixa";"Colisão traseira";"Com Vítimas Feridas";"Plena Noite";"Crescente";"Nublado";"Dupla";"Reta";"Sim";4;0;2;0;1;3;2;5;-22,58964229;-44,10482516;"SPRF-RJ";"DEL07-RJ";"UOP02-DEL07-RJ"
414347;2022-02-11;"sexta-feira";"22:53:00";"PR";376;268,6;"MARILANDIA DO SUL";"Ingestão de álcool pelo condutor";"Colisão traseira";"Com Vítimas Feridas";"Pleno dia";"Decrescente";"Céu Claro";"Dupla";"Reta";"Não";3;0;1;0;1;4;1;6;-23,74795399;-51,27162198;"SPRF-PR";"DEL07-PR";"UOP02-DEL07-PR"
414352;2022-02-11;"sexta-feira";"23:15:00";"PE";423;69;"JUPI";"Ingestão de álcool pelo condutor";"Colisão lateral sentido oposto";"Com Vítimas Feridas";"Plena Noite";"Crescente";"Nublado";"Simples";"Aclive";"Não";2;0;1;0;1;0;1;2;-8,67648714;-36,40182687;"SPRF-PE";"DEL03-PE";"UOP01-DEL03-PE"
414364;2022-02-11;"sexta-feira";"22:00:00";"RS";392;99,5;"MORRO REDONDO";"Demais falhas mecânicas ou elétricas";"Tombamento";"Com Vítimas Feridas";"Plena Noite";"Crescente";"Céu Claro";"Simples";"Curva";"Não";2;0;1;0;0;1;1;2;-31,54130208;-52,56823006;"SPRF-RS";"DEL07-RS";"UOP01-DEL07-RS"
414373;2022-02-12;"sábado";"02:35:00";"BA";101;884,8;"TEIXEIRA DE FREITAS";"Demais falhas mecânicas ou elétricas";"Tombamento";"Com Vítimas Feridas";"Plena Noite";"Crescente";"Céu Claro";"Simples";"Curva";"Não";3;0;2;0;0;1;2;2;-17,60160095;-39,74892569;"SPRF-BA";"DEL09-BA";"UOP02-DEL09-BA"
414382;2022-02-12;"sábado";"01:00:00";"MS";163;581;"BANDEIRANTES";"Ausência de reação do condutor";"Saída de leito carroçável";"Com Vítimas Feridas";"Plena Noite";"Crescente";"Céu Claro";"Dupla";"Reta";"Não";1;0;1;0;0;0;1;1;-19,63795482;-54,36828176;"SPRF-MS";"DEL06-MS";"UOP02-DEL06-MS"
414384;2022-02-12;"sábado";"00:30:00";"MG";365;626,4;"UBERLANDIA";"Ausência de reação do condutor";"Saída de leito carroçável";"Sem Vítimas";"Plena Noite";"Crescente";"Chuva";"Dupla";"Aclive";"Sim";2;0;0;0;1;1;0;2;-18,90707439;-48,31737086;"SPRF-MG";"DEL15-MG";"UOP01-DEL15-MG"
414394;2022-02-11;"sexta-feira";"04:30:00";"BA";116;347;"TEOFILANDIA";"Transitar na contramão";"Colisão frontal";"Com Vítimas Fatais";"Plena Noite";"Decrescente";"Céu Claro";"Simples";"Reta";"Sim";3;1;0;0;1;1;0;3;-11,56452494;-38,98882349;"SPRF-BA";"DEL02-BA";"UOP01-DEL02-BA"
414397;2022-02-12;"sábado";"03:20:00";"PR";277;729;"FOZ DO IGUACU";"Condutor Dormindo";"Colisão traseira";"Sem Vítimas";"Plena Noite";"Crescente";"Céu Claro";"Dupla";"Viaduto";"Sim";2;0;0;0;2;0;0;2;-25,50749887;-54,58379896;"SPRF-PR";"DEL05-PR";"UOP03-DEL05-PR"
414398;2022-02-11;"sexta-feira";"20:05:00";"PR";277;529;"GUARANIACU";"Manobra de mudança de faixa";"Colisão frontal";"Com Vítimas Fatais";"Plena Noite";"Decrescente";"Céu Claro";"Simples";"Curva";"Não";3;1;0;0;1;1;0;3;-25,091649;-52,949265;"SPRF-PR";"DEL04-PR";"UOP01-DEL04-PR"
414400;2022-02-12;"sábado";"00:40:00";"SC";101;362,2;"SANGAO";"Condutor deixou de manter distância do veículo da frente";"Colisão traseira";"Com Vítimas Feridas";"Plena Noite";"Decrescente";"Nublado";"Dupla";"Aclive;Reta";"Não";2;0;0;1;1;0;1;2;-28,67136197;-49,12225505;"SPRF-SC";"DEL02-SC";"UOP01-DEL02-SC"
414404;2022-02-12;"sábado";"04:30:00";"BA";116;556;"MILAGRES";"Condutor Dormindo";"Colisão lateral sentido oposto";"Com Vítimas Feridas";"Plena Noite";"Crescente";"Céu Claro";"Simples";"Reta";"Não";4;0;1;0;2;1;1;3;-12,91848475;-39,87281823;"SPRF-BA";"DEL03-BA";"UOP02-DEL03-BA"
414406;2022-02-12;"sábado";"05:19:00";"GO";60;182;"ABADIA DE GOIAS";"Demais falhas mecânicas ou elétricas";"Incêndio";"Sem Vítimas";"Amanhecer";"Crescente";"Céu Claro";"Dupla";"Reta";"Não";2;0;0;0;1;2;0;3;-16,7778;-49,489;"SPRF-GO";"DEL01-GO";"UOP02-DEL01-GO"
414407;2022-02-12;"sábado";"06:10:00";"MG";381;773,9;"CAMPANHA";"Condutor Dormindo";"Tombamento";"Com Vítimas Feridas";"Amanhecer";"Decrescente";"Nublado";"Dupla";"Ponte;Reta";"Não";3;0;2;0;0;1;2;2;-21,785312;-45,435159;"SPRF-MG";"DEL16-MG";"UOP02-DEL16-MG"
414415;2022-02-12;"sábado";"07:18:00";"SC";101;135;"BALNEARIO CAMBORIU";"Reação tardia ou ineficiente do condutor";"Engavetamento";"Com Vítimas Feridas";"Pleno dia";"Decrescente";"Céu Claro";"Dupla";"Reta";"Sim";4;0;2;0;1;1;2;3;-27,0050108;-48,62677494;"SPRF-SC";"DEL04-SC";"UOP03-DEL04-SC"
414420;2022-02-12;"sábado";"05:30:00";"SP";116;349;"MIRACATU";"Reação tardia ou ineficiente do condutor";"Colisão traseira";"Com Vítimas Feridas";"Amanhecer";"Decrescente";"Céu Claro";"Dupla";"Túnel";"Não";4;0;1;0;3;0;1;2;-24,05190879;-47,213052;"SPRF-SP";"DEL04-SP";"UOP02-DEL04-SP"
414423;2022-02-12;"sábado";"05:20:00";"SP";116;309;"SAO LOURENCO DA SERRA";"Condutor Dormindo";"Saída de leito carroçável";"Com Vítimas Feridas";"Amanhecer";"Decrescente";"Nublado";"Dupla";"Reta";"Não";2;0;1;0;0;1;1;2;-23,86766013;-46,95354593;"SPRF-SP";"DEL04-SP";"UOP01-DEL04-SP"
414425;2022-02-12;"sábado";"05:30:00";"SP";116;499;"CAJATI";"Reação tardia ou ineficiente do condutor";"Tombamento";"Com Vítimas Feridas";"Pleno dia";"Crescente";"Céu Claro";"Simples";"Curva";"Não";2;0;1;0;0;1;1;2;-24,78494229;-48,18174362;"SPRF-SP";"DEL05-SP";"UOP02-DEL05-SP"
414428;2022-02-12;"sábado";"06:20:00";"SC";282;568;"NOVA ERECHIM";"Ingestão de álcool pelo condutor";"Colisão lateral sentido oposto";"Com Vítimas Feridas";"Amanhecer";"Decrescente";"Céu Claro";"Simples";"Reta";"Não";2;0;0;1;1;0;1;2;-26,899681;-52,915756;"SPRF-SC";"DEL07-SC";"UOP02-DEL07-SC"
414430;2022-02-08;"terça-feira";"19:00:00";"MG";262;586,1;"CAMPOS ALTOS";"Chuva";"Colisão frontal";"Sem Vítimas";"Anoitecer";"Decrescente";"Chuva";"Simples";"Curva";"Não";5;0;0;0;4;1;0;4;-19,66225488;-46,10030694;"SPRF-MG";"DEL08-MG";"UOP02-DEL08-MG"
414440;2022-02-12;"sábado";"07:30:00";"MG";365;101,2;"JEQUITAI";"Acumulo de água sobre o pavimento";"Colisão transversal";"Com Vítimas Feridas";"Pleno dia";"Crescente";"Chuva";"Simples";"Curva";"Não";4;0;2;0;1;1;2;4;-17,20168876;-44,61491494;"SPRF-MG";"DEL12-MG";"UOP01-DEL12-MG"
414446;2022-02-12;"sábado";"09:20:00";"PE";423;132;"SALOA";"Condutor Dormindo";"Tombamento";"Com Vítimas Fatais";"Pleno dia";"Crescente";"Céu Claro";"Simples";"Curva";"Não";1;1;0;0;0;0;0;1;-8,95896174;-36,76570784;"SPRF-PE";"DEL03-PE";"UOP01-DEL03-PE"
414462;2022-02-12;"sábado";"11:20:00";"PR";376;601,5;"CURITIBA";"Manobra de mudança de faixa";"Colisão lateral mesmo sentido";"Com Vítimas Feridas";"Pleno dia";"Decrescente";"Sol";"Dupla";"Reta";"Sim";3;0;1;0;1;1;1;2;-25,53870483;-49,31263804;"SPRF-PR";"DEL01-PR";"UOP01-DEL01-PR"
414473;2022-02-12;"sábado";"12:10:00";"CE";116;32,8;"AQUIRAZ";"Manobra de mudança de faixa";"Colisão lateral mesmo sentido";"Com Vítimas Feridas";"Pleno dia";"Crescente";"Céu Claro";"Dupla";"Reta";"Sim";4;0;1;0;2;2;1;5;-4,03174098;-38,51119995;"SPRF-CE";"DEL01-CE";"UOP02-DEL01-CE"
414478;2022-02-12;"sábado";"11:35:00";"RO";319;59;"PORTO VELHO";"Ausência de reação do condutor";"Colisão lateral mesmo sentido";"Com Vítimas Feridas";"Pleno dia";"Crescente";"Céu Claro";"Dupla";"Reta";"Sim";3;0;1;0;1;2;1;4;-8,74266195;-63,90337408;"SPRF-RO";"DEL01-RO";"UOP01-DEL01-RO"
414480;2022-02-12;"sábado";"09:10:00";"PA";10;155;"PARAGOMINAS";"Condutor deixou de manter distância do veículo da frente";"Engavetamento";"Com Vítimas Feridas";"Pleno dia";"Decrescente";"Céu Claro";"Simples";"Reta";"Não";6;0;0;2;3;5;2;9;-3,08035501;-47,47768998;"SPRF-PA";"DEL02-PA";"UOP01-DEL02-PA"
414481;2022-02-12;"sábado";"12:00:00";"SP";381;83,1;"SAO PAULO";"Velocidade Incompatível";"Colisão traseira";"Com Vítimas Feridas";"Pleno dia";"Crescente";"Sol";"Dupla";"Reta";"Sim";4;0;0;1;3;0;1;2;-23,4309671;-46,56998022;"SPRF-SP";"DEL03-SP";"UOP01-DEL03-SP"
414489;2022-02-12;"sábado";"12:05:00";"MT";163;646;"LUCAS DO RIO VERDE";"Reação tardia ou ineficiente do condutor";"Colisão traseira";"Com Vítimas Feridas";"Pleno dia";"Decrescente";"Garoa/Chuvisco";"Simples";"Reta";"Não";3;0;1;0;1;1;1;3;-13,404467;-56,086025;"SPRF-MT";"DEL06-MT";"UOP01-DEL06-MT"
414494;2022-02-12;"sábado";"14:00:00";"BA";135;126;"RIACHAO DAS NEVES";"Ausência de reação do condutor";"Colisão traseira";"Com Vítimas Feridas";"Pleno dia";"Decrescente";"Céu Claro";"Simples";"Declive";"Não";5;0;2;0;2;2;2;5;-11,7630892;-44,9084555;"SPRF-BA";"DEL10-BA";"UOP01-DEL10-BA"
414495;2022-02-12;"sábado";"13:45:00";"PR";277;708;"SANTA TEREZINHA DE ITAIPU";"Condutor deixou de manter distância do veículo da frente";"Colisão lateral mesmo sentido";"Com Vítimas Feridas";"Pleno dia";"Decrescente";"Céu Claro";"Dupla";"Reta";"Não";7;0;0;1;4;2;1;4;-25,44290885;-54,39565306;"SPRF-PR";"DEL05-PR";"UOP01-DEL05-PR"
414497;2022-02-12;"sábado";"13:30:00";"MS";163;490;"CAMPO GRANDE";"Acesso irregular";"Colisão transversal";"Com Vítimas Feridas";"Pleno dia";"Decrescente";"Nublado";"Simples";"Reta";"Sim";4;0;0;1;1;3;1;5;-20,392849;-54,5564851;"SPRF-MS";"DEL01-MS";"UOP02-DEL01-MS"
414498;2022-02-12;"sábado";"14:20:00";"CE";222;5;"CAUCAIA";"Velocidade Incompatível";"Colisão traseira";"Com Vítimas Feridas";"Pleno dia";"Decrescente";"Céu Claro";"Múltipla";"Reta";"Não";2;0;1;0;1;0;1;2;-3,74296918;-38,61330997;"SPRF-CE";"DEL01-CE";"UOP01-DEL01-CE"
414500;2022-02-12;"sábado";"14:05:00";"PR";116;111,5;"CURITIBA";"Condutor deixou de manter distância do veículo da frente";"Colisão traseira";"Sem Vítimas";"Pleno dia";"Crescente";"Sol";"Dupla";"Reta";"Sim";4;0;0;0;3;1;0;4;-25,55795034;-49,26853407;"SPRF-PR";"DEL01-PR";"UOP01-DEL01-PR"
414504;2022-02-12;"sábado";"08:00:00";"MG";365;104;"JEQUITAI";"Obstrução na via";"Colisão traseira";"Com Vítimas Feridas";"Pleno dia";"Crescente";"Chuva";"Simples";"Reta";"Não";2;0;1;0;1;0;1;2;-17,21442312;-44,56049104;"SPRF-MG";"DEL12-MG";"UOP01-DEL12-MG"
414518;2022-02-12;"sábado";"14:30:00";"PR";376;16;"MARINGA";"Manobra de mudança de faixa";"Colisão lateral mesmo sentido";"Com Vítimas Feridas";"Pleno dia";"Crescente";"Céu Claro";"Dupla";"Aclive";"Sim";3;0;1;0;1;1;1;2;-23,41995531;-51,8830204;"SPRF-PR";"DEL09-PR";"UOP01-DEL09-PR"
414527;2022-02-12;"sábado";"17:15:00";"RS";287;329,8;"SANTA MARIA";"Acessar a via sem observar a presença dos outros veículos";"Colisão transversal";"Com Vítimas Feridas";"Pleno dia";"Crescente";"Céu Claro";"Simples";"Rotatória;Interseção de Vias;Viaduto";"Sim";4;0;2;0;2;0;2;2;-29,70030848;-53,84087205;"SPRF-RS";"DEL12-RS";"UOP02-DEL12-RS"
414528;2022-02-12;"sábado";"07:40:00";"SC";280;10;"SAO FRANCISCO DO SUL";"Ingestão de álcool pelo condutor";"Colisão traseira";"Com Vítimas Feridas";"Amanhecer";"Decrescente";"Céu Claro";"Simples";"Reta";"Não";2;0;0;1;1;0;1;2;-26,29625399;-48,64238799;"SPRF-SC";"DEL03-SC";"UOP03-DEL03-SC"
414543;2022-02-12;"sábado";"17:00:00";"MG";262;487,5;"BOM DESPACHO";"Ingestão de álcool pelo condutor";"Colisão lateral sentido oposto";"Sem Vítimas";"Pleno dia";"Decrescente";"Nublado";"Simples";"Reta";"Não";3;0;0;0;2;1;0;3;-19,78526432;-45,31343803;"SPRF-MG";"DEL08-MG";"UOP03-DEL08-MG"
414547;2022-02-12;"sábado";"18:40:00";"BA";116;814,5;"VITORIA DA CONQUISTA";"Mal súbito do condutor";"Colisão transversal";"Com Vítimas Feridas";"Plena Noite";"Decrescente";"Nublado";"Simples";"Reta";"Sim";2;0;1;0;1;0;1;2;-14,76880012;-40,71367294;"SPRF-BA";"DEL08-BA";"UOP01-DEL08-BA"
414549;2022-02-12;"sábado";"17:30:00";"RO";319;63;"PORTO VELHO";"Reação tardia ou ineficiente do condutor";"Colisão lateral mesmo sentido";"Com Vítimas Feridas";"Pleno dia";"Crescente";"Céu Claro";"Dupla";"Interseção de Vias";"Sim";5;0;2;1;2;0;3;3;-8,766685;-63,884052;"SPRF-RO";"DEL01-RO";"UOP01-DEL01-RO"
414554;2022-02-12;"sábado";"19:25:00";"GO";153;244;"SAO LUIZ DO NORTE";"Transitar na contramão";"Colisão frontal";"Com Vítimas Feridas";"Plena Noite";"Crescente";"Chuva";"Simples";"Reta";"Sim";2;0;0;1;1;0;1;2;-14,869303;-49,330322;"SPRF-GO";"DEL07-GO";"UOP02-DEL07-GO"
414560;2022-02-04;"sexta-feira";"09:30:00";"MG";40;492,9;"ESMERALDAS";"Ausência de reação do condutor";"Colisão traseira";"Com Vítimas Feridas";"Pleno dia";"Crescente";"Céu Claro";"Dupla";"Curva";"Não";4;0;1;0;2;1;1;3;-19,63737896;-44,20372986;"SPRF-MG";"DEL02-MG";"UOP01-DEL02-MG"
414579;2022-02-12;"sábado";"21:15:00";"TO";230;2;"AGUIARNOPOLIS";"Transitar na contramão";"Colisão frontal";"Sem Vítimas";"Plena Noite";"Crescente";"Céu Claro";"Simples";"Reta";"Sim";2;0;0;0;2;0;0;2;-6,56184592;-47,46741502;"SPRF-TO";"DEL02-TO";"UOP03-DEL02-TO"
414581;2022-02-12;"sábado";"20:35:00";"GO";153;269,5;"NOVA GLORIA";"Acessar a via sem observar a presença dos outros veículos";"Colisão traseira";"Com Vítimas Fatais";"Plena Noite";"Crescente";"Ignorado";"Simples";"Interseção de Vias;Reta";"Não";5;3;0;1;1;0;1;2;-15,066137;-49,454399;"SPRF-GO";"DEL07-GO";"UOP02-DEL07-GO"
414588;2022-02-12;"sábado";"20:40:00";"MT";163;748;"SORRISO";"Ingestão de álcool pelo condutor";"Colisão lateral mesmo sentido";"Com Vítimas Feridas";"Plena Noite";"Decrescente";"Céu Claro";"Dupla";"Reta;Aclive";"Não";6;0;2;1;2;2;3;5;-12,68767697;-55,80144603;"SPRF-MT";"DEL06-MT";"UOP01-DEL06-MT"
414599;2022-02-12;"sábado";"20:19:00";"AC";364;132;"RIO BRANCO";"Ausência de reação do condutor";"Colisão transversal";"Com Vítimas Feridas";"Plena Noite";"Crescente";"Chuva";"Dupla";"Aclive";"Não";3;0;0;1;1;1;1;3;-10,01005063;-67,84552927;"SPRF-AC";"DEL01-AC";"UOP01-DEL01-AC"
414602;2022-02-12;"sábado";"20:45:00";"MS";262;322,8;"CAMPO GRANDE";"Reação tardia ou ineficiente do condutor";"Colisão traseira";"Com Vítimas Feridas";"Plena Noite";"Crescente";"Céu Claro";"Simples";"Aclive";"Não";3;0;1;0;1;2;1;4;-20,47012216;-54,47732401;"SPRF-MS";"DEL01-MS";"UOP01-DEL01-MS"
414613;2022-02-12;"sábado";"17:30:00";"MT";364;463;"VARZEA GRANDE";"Pista esburacada";"Tombamento";"Sem Vítimas";"Plena Noite";"Decrescente";"Céu Claro";"Simples";"Reta";"Não";2;0;0;0;1;3;0;4;-15,500857;-56,27185103;"SPRF-MT";"DEL01-MT";"UOP02-DEL01-MT"
414648;2022-02-13;"domingo";"04:15:00";"SP";116;227,6;"SAO PAULO";"Velocidade Incompatível";"Colisão traseira";"Com Vítimas Feridas";"Plena Noite";"Decrescente";"Ignorado";"Múltipla";"Reta";"Sim";4;0;1;0;2;1;1;2;-23,49659264;-46,55648754;"SPRF-SP";"DEL01-SP";"UOP01-DEL01-SP"
414650;2022-02-13;"domingo";"03:15:00";"BA";101;284;"LAJE";"Condutor Dormindo";"Colisão frontal";"Com Vítimas Fatais";"Plena Noite";"Decrescente";"Nublado";"Simples";"Reta";"Não";4;2;0;0;1;1;0;3;-13,26062292;-39,32435125;"SPRF-BA";"DEL01-BA";"UOP02-DEL01-BA"
414685;2022-02-13;"domingo";"00:24:00";"RO";364;295;"PRESIDENTE MEDICI";"Acostamento em desnível";"Saída de leito carroçável";"Com Vítimas Feridas";"Plena Noite";"Crescente";"Chuva";"Simples";"Reta";"Não";3;0;1;0;1;1;1;2;-11,28649745;-61,90014839;"SPRF-RO";"DEL02-RO";"UOP01-DEL02-RO"
414686;2022-02-13;"domingo";"07:10:00";"ES";101;255;"SERRA";"Acessar a via sem observar a presença dos outros veículos";"Colisão transversal";"Com Vítimas Feridas";"Pleno dia";"Crescente";"Céu Claro";"Simples";"Retorno Regulamentado";"Sim";3;0;1;0;1;2;1;4;-20,11487935;-40,31943619;"SPRF-ES";"DEL02-ES";"UOP01-DEL02-ES"
414690;2022-02-13;"domingo";"07:05:00";"RS";116;50,8;"VACARIA";"Ingestão de álcool pelo condutor";"Saída de leito carroçável";"Sem Vítimas";"Pleno dia";"Decrescente";"Céu Claro";"Simples";"Declive;Reta";"Não";1;0;0;0;1;0;0;1;-28,57077524;-51,01318481;"SPRF-RS";"DEL05-RS";"UOP03-DEL05-RS"
414691;2022-02-13;"domingo";"06:55:00";"MT";163;105;"RONDONOPOLIS";"Ultrapassagem Indevida";"Saída de leito carroçável";"Com Vítimas Fatais";"Pleno dia";"Decrescente";"Céu Claro";"Dupla";"Reta";"Não";4;1;0;0;1;3;0;5;-16,62007898;-54,69936693;"SPRF-MT";"DEL02-MT";"UOP01-DEL02-MT"
414696;2022-02-13;"domingo";"05:30:00";"MT";163;560,3;"NOVA MUTUM";"Transitar na contramão";"Colisão frontal";"Com Vítimas Fatais";"Amanhecer";"Crescente";"Chuva";"Dupla";"Reta;Aclive";"Não";3;1;0;1;0;3;1;5;-14,144724;-56,100525;"SPRF-MT";"DEL01-MT";"UOP01-DEL01-MT"
414697;2022-02-13;"domingo";"07:40:00";"RO";364;244,7;"CACOAL";"Acostamento em desnível";"Tombamento";"Com Vítimas Feridas";"Pleno dia";"Decrescente";"Chuva";"Simples";"Aclive;Reta";"Não";3;0;1;1;0;2;2;3;-11,43985;-61,512351;"SPRF-RO";"DEL02-RO";"UOP02-DEL02-RO"
414709;2022-02-13;"domingo";"11:00:00";"MG";153;94,1;"PRATA";"Reação tardia ou ineficiente do condutor";"Saída de leito carroçável";"Com Vítimas Feridas";"Pleno dia";"Decrescente";"Sol";"Simples";"Reta;Declive;Ponte";"Não";1;0;0;1;0;0;1;1;-19,17964364;-48,94959033;"SPRF-MG";"DEL15-MG";"UOP03-DEL15-MG"
414715;2022-02-13;"domingo";"11:40:00";"MG";354;773,6;"ITAMONTE";"Velocidade Incompatível";"Colisão lateral sentido oposto";"Com Vítimas Feridas";"Pleno dia";"Crescente";"Nublado";"Simples";"Curva";"Não";3;0;0;1;1;1;1;3;-22,37576213;-44,761809;"SPRF-MG";"DEL17-MG";"UOP01-DEL17-MG"
414718;2022-02-13;"domingo";"06:00:00";"MG";50;189;"UBERABA";"Ingestão de álcool pelo condutor";"Colisão lateral mesmo sentido";"Com Vítimas Feridas";"Pleno dia";"Crescente";"Nublado";"Dupla";"Reta";"Não";2;0;1;0;1;0;1;2;-19,84851283;-47,87469974;"SPRF-MG";"DEL13-MG";"UOP01-DEL13-MG"
414728;2022-02-13;"domingo";"12:25:00";"BA";101;885;"TEIXEIRA DE FREITAS";"Reação tardia ou ineficiente do condutor";"Colisão frontal";"Com Vítimas Feridas";"Pleno dia";"Crescente";"Céu Claro";"Simples";"Reta";"Não";4;0;1;0;2;1;1;3;-17,58512142;-39,73892212;"SPRF-BA";"DEL09-BA";"UOP02-DEL09-BA"
414760;2022-02-13;"domingo";"12:20:00";"MG";116;694,9;"MURIAE";"Manobra de mudança de faixa";"Colisão lateral mesmo sentido";"Com Vítimas Feridas";"Pleno dia";"Crescente";"Nublado";"Simples";"Curva";"Não";3;0;2;0;0;1;2;2;-21,053206;-42,36836908;"SPRF-MG";"DEL07-MG";"UOP02-DEL07-MG"
414763;2022-02-13;"domingo";"15:30:00";"RJ";116;220;"PARACAMBI";"Carga excessiva e/ou mal acondicionada";"Tombamento";"Sem Vítimas";"Pleno dia";"Crescente";"Céu Claro";"Dupla";"Curva";"Não";2;0;0;0;1;1;0;2;-22,69305776;-43,77362606;"SPRF-RJ";"DEL07-RJ";"UOP01-DEL07-RJ"
414766;2022-02-13;"domingo";"14:20:00";"MG";251;354;"FRUTA DE LEITE";"Velocidade Incompatível";"Derramamento de carga";"Com Vítimas Feridas";"Pleno dia";"Decrescente";"Nublado";"Simples";"Aclive;Curva";"Não";2;0;0;1;0;1;1;2;-16,27089937;-42,56040226;"SPRF-MG";"DEL12-MG";"UOP01-DEL12-MG"
414767;2022-02-13;"domingo";"14:30:00";"MG";381;637,4;"SANTO ANTONIO DO AMPARO";"Ausência de reação do condutor";"Saída de leito carroçável";"Sem Vítimas";"Pleno dia";"Crescente";"Sol";"Dupla";"Curva";"Não";1;0;0;0;0;1;0;1;-20,89963404;-44,85537595;"SPRF-MG";"DEL04-MG";"UOP01-DEL04-MG"