"id";"data_inversa";"dia_semana";"horario";"uf";"br";"km";"municipio";"causa_acidente";"tipo_acidente";"classificacao_acidente";"fase_dia";"sentido_via";"condicao_metereologica";"tipo_pista";"tracado_via";"uso_solo";"pessoas";"mortos";"feridos_leves";"feridos_graves";"ilesos";"ignorados";"feridos";"veiculos";"latitude";"longitude";"regional";"delegacia";"uop"
414772;2022-02-13;"domingo";"16:30:00";"MT";163;535;"DIAMANTINO";"Chuva";"Queda de ocupante de veículo";"Com Vítimas Feridas";"Anoitecer";"Decrescente";"Chuva";"Simples";"Reta";"Não";3;0;2;0;1;0;2;2;-14,42375691;-56,11354441;"SPRF-MT";"DEL01-MT";"UOP01-DEL01-MT"
414773;2022-02-13;"domingo";"16:15:00";"MT";364;350;"SANTO ANTONIO DO LEVERGER";"Condutor deixou de manter distância do veículo da frente";"Colisão traseira";"Com Vítimas Feridas";"Pleno dia";"Crescente";"Nublado";"Dupla";"Reta";"Não";10;0;6;0;3;3;6;8;-15,80518241;-55,55686807;"SPRF-MT";"DEL05-MT";"UOP02-DEL05-MT"
414776;2022-02-13;"domingo";"16:25:00";"PR";116;59,5;"CAMPINA GRANDE DO SUL";"Condutor deixou de manter distância do veículo da frente";"Colisão traseira";"Com Vítimas Feridas";"Pleno dia";"Crescente";"Céu Claro";"Dupla";"Reta";"Não";3;0;1;0;0;2;1;3;-25,30335724;-48,94378885;"SPRF-PR";"DEL01-PR";"UOP02-DEL01-PR"
414789;2022-02-12;"sábado";"23:05:00";"MA";316;1,4;"BOA VISTA DO GURUPI";"Ultrapassagem Indevida";"Colisão lateral sentido oposto";"Com Vítimas Fatais";"Plena Noite";"Crescente";"Ignorado";"Simples";"Reta";"Sim";3;1;0;0;0;2;0;3;-1,796192;-46,309158;"SPRF-MA";"DEL02-MA";"UOP02-DEL02-MA"
414793;2022-02-13;"domingo";"17:10:00";"PR";277;199;"PALMEIRA";"Condutor deixou de manter distância do veículo da frente";"Colisão traseira";"Com Vítimas Feridas";"Pleno dia";"Decrescente";"Nublado";"Simples";"Reta";"Não";4;0;2;0;1;2;2;4;-25,4498143;-50,19419485;"SPRF-PR";"DEL03-PR";"UOP03-DEL03-PR"
414812;2022-02-13;"domingo";"13:30:00";"SC";116;108,2;"SANTA CECILIA";"Velocidade Incompatível";"Tombamento";"Com Vítimas Feridas";"Pleno dia";"Decrescente";"Chuva";"Simples";"Curva";"Não";2;0;1;0;0;1;1;2;-26,7520839;-50,33425198;"SPRF-SC";"DEL06-SC";"UOP02-DEL06-SC"
414815;2022-02-13;"domingo";"19:45:00";"MG";381;532;"ITATIAIUCU";"Ingestão de álcool pelo condutor";"Colisão traseira";"Com Vítimas Feridas";"Plena Noite";"Decrescente";"Nublado";"Dupla";"Curva";"Não";4;0;3;0;1;0;3;3;-20,1904316;-44,38268793;"SPRF-MG";"DEL04-MG";"UOP03-DEL04-MG"
414822;2022-02-13;"domingo";"20:45:00";"MG";40;422,9;"CURVELO";"Ingestão de álcool pelo condutor";"Colisão frontal";"Com Vítimas Feridas";"Plena Noite";"Crescente";"Nublado";"Simples";"Reta";"Sim";4;0;0;2;1;2;2;4;-19,15372286;-44,54767401;"SPRF-MG";"DEL02-MG";"UOP01-DEL02-MG"
414834;2022-02-13;"domingo";"18:35:00";"RS";153;47,5;"ERECHIM";"Ingestão de álcool pelo condutor";"Colisão frontal";"Com Vítimas Feridas";"Pleno dia";"Crescente";"Nublado";"Simples";"Reta";"Sim";10;0;2;1;6;1;3;4;-27,64530366;-52,24998023;"SPRF-RS";"DEL08-RS";"UOP04-DEL08-RS"
414835;2022-02-13;"domingo";"20:40:00";"RJ";356;90;"CARDOSO MOREIRA";"Acumulo de areia ou detritos sobre o pavimento";"Colisão frontal";"Com Vítimas Fatais";"Plena Noite";"Crescente";"Garoa/Chuvisco";"Simples";"Reta";"Não";6;2;2;0;1;2;2;4;-21,506953;-41,608817;"SPRF-RJ";"DEL08-RJ";"UOP03-DEL08-RJ"
414839;2022-02-13;"domingo";"21:30:00";"RO";364;273,7;"CACOAL";"Acessar a via sem observar a presença dos outros veículos";"Colisão transversal";"Com Vítimas Fatais";"Plena Noite";"Decrescente";"Nublado";"Simples";"Reta;Interseção de Vias";"Não";5;1;0;3;1;0;3;2;-11,38505906;-61,74110399;"SPRF-RO";"DEL02-RO";"UOP02-DEL02-RO"
414841;2022-02-13;"domingo";"07:00:00";"GO";153;22;"PORANGATU";"Ultrapassagem Indevida";"Colisão lateral mesmo sentido";"Com Vítimas Feridas";"Pleno dia";"Crescente";"Chuva";"Simples";"Declive";"Não";3;0;1;0;1;1;1;3;-13,020571;-49,164959;"SPRF-GO";"DEL07-GO";"UOP01-DEL07-GO"
414853;2022-02-13;"domingo";"23:15:00";"MG";40;697,1;"BARBACENA";"Pedestre andava na pista";"Atropelamento de Pedestre";"Com Vítimas Fatais";"Plena Noite";"Crescente";"Chuva";"Dupla";"Aclive;Reta";"Sim";2;1;0;0;1;0;0;2;-21,18117049;-43,75563741;"SPRF-MG";"DEL05-MG";"UOP02-DEL05-MG"
414857;2022-02-13;"domingo";"22:25:00";"PE";232;87;"GRAVATA";"Demais falhas mecânicas ou elétricas";"Eventos atípicos";"Sem Vítimas";"Plena Noite";"Crescente";"Céu Claro";"Dupla";"Reta";"Não";5;0;0;0;5;0;0;1;-8,21379064;-35,62898606;"SPRF-PE";"DEL02-PE";"UOP02-DEL02PE"
414868;2022-02-14;"segunda-feira";"01:00:00";"SP";116;130,5;"CACAPAVA";"Ingestão de álcool pelo condutor";"Colisão traseira";"Com Vítimas Feridas";"Plena Noite";"Crescente";"Céu Claro";"Dupla";"Reta";"Sim";5;0;2;0;3;0;2;4;-23,12313858;-45,72792271;"SPRF-SP";"DEL02-SP";"UOP02-DEL02-SP"
414887;2022-02-14;"segunda-feira";"04:40:00";"MG";381;671,5;"PERDOES";"Reação tardia ou ineficiente do condutor";"Colisão traseira";"Com Vítimas Feridas";"Plena Noite";"Decrescente";"Céu Claro";"Dupla";"Reta";"Não";2;0;1;0;1;0;1;2;-21,08945416;-45,06864195;"SPRF-MG";"DEL04-MG";"UOP02-DEL04-MG"
414890;2022-02-14;"segunda-feira";"06:15:00";"GO";153;630,2;"MORRINHOS";"Reação tardia ou ineficiente do condutor";"Saída de leito carroçável";"Com Vítimas Feridas";"Amanhecer";"Decrescente";"Garoa/Chuvisco";"Dupla";"Curva";"Não";2;0;0;1;0;1;1;2;-17,7942;-49,2016;"SPRF-GO";"DEL03-GO";"UOP01-DEL03-GO"
414892;2022-02-14;"segunda-feira";"05:45:00";"PR";369;48;"BANDEIRANTES";"Ausência de reação do condutor";"Colisão lateral sentido oposto";"Com Vítimas Feridas";"Amanhecer";"Crescente";"Céu Claro";"Simples";"Reta";"Não";4;0;2;0;2;0;2;2;-23,10710155;-50,31549159;"SPRF-PR";"DEL07-PR";"UOP01-DEL07-PR"
414913;2022-02-14;"segunda-feira";"07:40:00";"MT";163;942;"ITAUBA";"Ultrapassagem Indevida";"Colisão transversal";"Com Vítimas Fatais";"Pleno dia";"Crescente";"Chuva";"Simples";"Reta";"Não";4;1;0;0;2;6;0;9;-10,939;-55,211;"SPRF-MT";"DEL06-MT";"NPF/DEL06-MT"
414924;2022-02-14;"segunda-feira";"06:55:00";"SC";282;537,3;"CHAPECO";"Ultrapassagem Indevida";"Colisão frontal";"Com Vítimas Feridas";"Amanhecer";"Crescente";"Céu Claro";"Simples";"Reta";"Não";4;0;2;0;2;0;2;4;-26,999933;-52,663895;"SPRF-SC";"DEL07-SC";"UOP01-DEL07-SC"
414925;2022-02-14;"segunda-feira";"07:00:00";"MS";376;149;"IVINHEMA";"Reação tardia ou ineficiente do condutor";"Saída de leito carroçável";"Com Vítimas Feridas";"Pleno dia";"Crescente";"Sol";"Simples";"Reta";"Não";1;0;1;0;0;0;1;1;-22,38293675;-53,56049003;"SPRF-MS";"DEL04-MS";"UOP04-DEL04-MS"
414936;2022-02-14;"segunda-feira";"08:57:00";"RO";364;15;"VILHENA";"Acessar a via sem observar a presença dos outros veículos";"Colisão lateral mesmo sentido";"Sem Vítimas";"Pleno dia";"Crescente";"Céu Claro";"Simples";"Interseção de Vias";"Sim";2;0;0;0;2;0;0;2;-12,73672751;-60,14804088;"SPRF-RO";"DEL04-RO";"UOP01-DEL04-RO"
414944;2022-02-14;"segunda-feira";"11:25:00";"PE";101;67,3;"RECIFE";"Demais falhas mecânicas ou elétricas";"Colisão traseira";"Com Vítimas Feridas";"Pleno dia";"Crescente";"Nublado";"Dupla";"Reta";"Sim";7;0;2;0;4;1;2;6;-8,042334;-34,943096;"SPRF-PE";"DEL01-PE";"UOP01-DEL01-PE"
414946;2022-02-14;"segunda-feira";"11:40:00";"SP";116;226;"GUARULHOS";"Acessar a via sem observar a presença dos outros veículos";"Colisão lateral mesmo sentido";"Com Vítimas Feridas";"Pleno dia";"Crescente";"Céu Claro";"Múltipla";"Reta";"Não";6;0;1;0;4;1;1;4;-23,49102507;-46,54878195;"SPRF-SP";"DEL01-SP";"UOP01-DEL01-SP"
414950;2022-02-14;"segunda-feira";"11:15:00";"RS";285;208,5;"LAGOA VERMELHA";"Conversão proibida";"Colisão traseira";"Com Vítimas Feridas";"Pleno dia";"Decrescente";"Céu Claro";"Simples";"Interseção de Vias";"Não";4;0;1;0;3;0;1;2;-28,22011;-51,588711;"SPRF-RS";"DEL08-RS";"UOP05-DEL08-RS"
414957;2022-02-14;"segunda-feira";"16:03:00";"TO";153;732;"ALVORADA";"Manobra de mudança de faixa";"Colisão frontal";"Com Vítimas Feridas";"Pleno dia";"Decrescente";"Sol";"Simples";"Reta";"Não";4;0;0;2;2;0;2;2;-12,23864;-49,158318;"SPRF-TO";"DEL01-TO";"UOP02-DEL01-TO"
414958;2022-02-14;"segunda-feira";"15:50:00";"SP";116;2;"QUELUZ";"Manobra de mudança de faixa";"Colisão lateral mesmo sentido";"Com Vítimas Feridas";"Pleno dia";"Crescente";"Céu Claro";"Dupla";"Reta";"Não";3;0;2;0;1;0;2;2;-22,52224482;-44,7168661;"SPRF-SP";"DEL08-SP";"UOP02-DEL08-SP"
414967;2022-01-23;"domingo";"06:58:00";"TO";153;338,9;"GUARAI";"Transitar na contramão";"Colisão frontal";"Com Vítimas Fatais";"Amanhecer";"Crescente";"Céu Claro";"Simples";"Reta";"Não";4;1;0;0;1;3;0;5;-8,872144;-48,50853205;"SPRF-TO";"DEL02-TO";"UOP02-DEL02-TO"
414975;2022-02-14;"segunda-feira";"16:20:00";"SC";470;9,9;"NAVEGANTES";"Desrespeitar a preferência no cruzamento";"Colisão transversal";"Com Vítimas Feridas";"Pleno dia";"Decrescente";"Céu Claro";"Simples";"Em Obras;Reta;Interseção de Vias";"Sim";3;0;1;0;1;1;1;3;-26,833143;-48,727432;"SPRF-SC";"DEL04-SC";"UOP04-DEL04-SC"
414980;2022-02-14;"segunda-feira";"18:59:00";"ES";262;89;"DOMINGOS MARTINS";"Reação tardia ou ineficiente do condutor";"Colisão traseira";"Com Vítimas Feridas";"Plena Noite";"Crescente";"Céu Claro";"Simples";"Reta;Declive";"Não";5;0;0;3;1;1;3;3;-20,38725617;-41,01746327;"SPRF-ES";"DEL01-ES";"UOP02-DEL01-ES"
414985;2022-02-14;"segunda-feira";"18:00:00";"MG";381;480;"CONTAGEM";"Manobra de mudança de faixa";"Colisão lateral mesmo sentido";"Com Vítimas Feridas";"Anoitecer";"Decrescente";"Céu Claro";"Dupla";"Reta;Aclive";"Sim";4;0;1;0;2;2;1;4;-19,96195022;-44,05115649;"SPRF-MG";"DEL01-MG";"UOP03-DEL01-MG"
414990;2022-02-14;"segunda-feira";"13:00:00";"PE";232;5;"RECIFE";"Condutor Dormindo";"Colisão traseira";"Sem Vítimas";"Pleno dia";"Decrescente";"Céu Claro";"Dupla";"Reta";"Não";2;0;0;0;2;0;0;2;-8,06795766;-34,94535414;"SPRF-PE";"DEL01-PE";"UOP01-DEL01-PE"
414994;2022-02-14;"segunda-feira";"15:40:00";"PR";369;177;"ROLANDIA";"Condutor deixou de manter distância do veículo da frente";"Colisão traseira";"Com Vítimas Feridas";"Pleno dia";"Decrescente";"Nublado";"Dupla";"Reta";"Sim";4;0;0;1;2;1;1;4;-23,35239469;-51,38921266;"SPRF-PR";"DEL07-PR";"UOP01-DEL07-PR"
414998;2022-02-14;"segunda-feira";"14:15:00";"ES";101;100,2;"JAGUARE";"Acessar a via sem observar a presença dos outros veículos";"Colisão transversal";"Com Vítimas Feridas";"Pleno dia";"Crescente";"Nublado";"Simples";"Interseção de Vias";"Sim";3;0;1;0;2;0;1;2;-18,98011199;-39,99543202;"SPRF-ES";"DEL04-ES";"UOP02-DEL04-ES"
415007;2022-02-14;"segunda-feira";"20:00:00";"MG";381;455;"SABARA";"Conversão proibida";"Colisão transversal";"Com Vítimas Feridas";"Plena Noite";"Decrescente";"Nublado";"Simples";"Reta";"Não";2;0;1;0;1;0;1;2;-19,85777408;-43,90468298;"SPRF-MG";"DEL01-MG";"UOP01-DEL01-MG"
415012;2022-02-14;"segunda-feira";"17:00:00";"MG";381;496;"BETIM";"Velocidade Incompatível";"Colisão traseira";"Com Vítimas Feridas";"Pleno dia";"Decrescente";"Céu Claro";"Dupla";"Reta";"Sim";4;0;1;1;1;1;2;3;-19,99676497;-44,20958506;"SPRF-MG";"DEL01-MG";"UOP03-DEL01-MG"
415022;2022-02-14;"segunda-feira";"22:30:00";"PR";376;248,7;"APUCARANA";"Condutor Dormindo";"Colisão traseira";"Com Vítimas Feridas";"Plena Noite";"Decrescente";"Céu Claro";"Dupla";"Reta";"Não";3;0;0;1;1;2;1;4;-23,607702;-51,406065;"SPRF-PR";"DEL07-PR";"UOP02-DEL07-PR"
415028;2022-02-15;"terça-feira";"00:05:00";"SP";381;58;"MAIRIPORA";"Ausência de reação do condutor";"Colisão traseira";"Com Vítimas Feridas";"Plena Noite";"Crescente";"Céu Claro";"Dupla";"Reta";"Não";2;0;1;0;1;0;1;2;-23,27438497;-46,58530615;"SPRF-SP";"DEL03-SP";"UOP01-DEL03-SP"
415031;2022-02-15;"terça-feira";"00:25:00";"PR";277;234;"FERNANDES PINHEIRO";"Acessar a via sem observar a presença dos outros veículos";"Colisão transversal";"Com Vítimas Feridas";"Plena Noite";"Crescente";"Nublado";"Simples";"Interseção de Vias;Reta;Declive;Em Obras";"Não";8;0;1;5;1;1;6;3;-25,46475076;-50,57497233;"SPRF-PR";"DEL03-PR";"UOP03-DEL03-PR"
415033;2022-02-15;"terça-feira";"00:05:00";"SP";116;188,7;"SANTA ISABEL";"Ausência de reação do condutor";"Colisão traseira";"Com Vítimas Feridas";"Plena Noite";"Crescente";"Céu Claro";"Dupla";"Aclive";"Não";3;0;0;1;1;1;1;3;-23,3594352;-46,21675791;"SPRF-SP";"DEL01-SP";"UOP01-DEL01-SP"
415036;2022-02-14;"segunda-feira";"16:29:00";"GO";40;20;"LUZIANIA";"Manobra de mudança de faixa";"Colisão lateral mesmo sentido";"Com Vítimas Feridas";"Pleno dia";"Decrescente";"Chuva";"Dupla";"Reta";"Não";4;0;1;0;2;1;1;3;-16,22176228;-47,91486382;"SPRF-DF";"DEL01-DF";"UOP01-DEL01-DF"
415044;2022-02-15;"terça-feira";"06:30:00";"GO";153;526;"HIDROLANDIA";"Condutor Dormindo";"Colisão traseira";"Com Vítimas Feridas";"Pleno dia";"Decrescente";"Céu Claro";"Dupla";"Aclive";"Não";4;0;1;0;2;1;1;3;-16,9376;-49,2532;"SPRF-GO";"DEL01-GO";"UOP03-DEL01-GO"
415047;2022-02-15;"terça-feira";"05:00:00";"SC";101;276;"IMBITUBA";"Ausência de reação do condutor";"Colisão traseira";"Com Vítimas Feridas";"Plena Noite";"Decrescente";"Céu Claro";"Múltipla";"Reta";"Sim";2;0;1;0;1;0;1;2;-28,14644701;-48,69204746;"SPRF-SC";"DEL02-SC";"UOP03-DEL02-SC"
415055;2022-02-15;"terça-feira";"05:30:00";"GO";50;279;"CATALAO";"Acessar a via sem observar a presença dos outros veículos";"Colisão transversal";"Com Vítimas Feridas";"Plena Noite";"Crescente";"Céu Claro";"Simples";"Reta";"Sim";2;0;1;0;1;0;1;2;-18,1739;-47,9289;"SPRF-GO";"DEL06-GO";"UOP01-DEL06-GO"
415056;2022-02-15;"terça-feira";"07:00:00";"PR";476;133;"CURITIBA";"Condutor deixou de manter distância do veículo da frente";"Colisão traseira";"Com Vítimas Feridas";"Pleno dia";"Decrescente";"Nublado";"Múltipla";"Reta";"Sim";2;0;1;0;1;0;1;2;-25,46983188;-49,25393442;"SPRF-PR";"DEL01-PR";"UOP03-DEL01-PR"
415059;2022-02-15;"terça-feira";"07:50:00";"MG";381;528,9;"BRUMADINHO";"Velocidade Incompatível";"Saída de leito carroçável";"Com Vítimas Feridas";"Pleno dia";"Decrescente";"Chuva";"Dupla";"Curva;Aclive";"Não";1;0;1;0;0;0;1;1;-20,16396686;-44,33912884;"SPRF-MG";"DEL04-MG";"UOP03-DEL04-MG"
415074;2022-02-15;"terça-feira";"07:50:00";"SC";101;278;"IMBITUBA";"Ausência de reação do condutor";"Colisão traseira";"Com Vítimas Feridas";"Pleno dia";"Decrescente";"Céu Claro";"Dupla";"Reta";"Não";3;0;0;1;2;0;1;2;-28,16300604;-48,6939345;"SPRF-SC";"DEL02-SC";"UOP03-DEL02-SC"
415075;2022-02-15;"terça-feira";"05:45:00";"RO";364;631;"CANDEIAS DO JAMARI";"Ausência de reação do condutor";"Saída de leito carroçável";"Com Vítimas Feridas";"Amanhecer";"Decrescente";"Nublado";"Simples";"Curva";"Não";3;0;1;0;1;2;1;3;-9,08013911;-63,3808981;"SPRF-RO";"DEL01-RO";"UOP04-DEL01-RO"
415076;2022-02-15;"terça-feira";"07:30:00";"PB";230;408;"POMBAL";"Ausência de reação do condutor";"Colisão traseira";"Com Vítimas Feridas";"Pleno dia";"Crescente";"Céu Claro";"Simples";"Reta";"Sim";4;0;1;1;0;2;2;3;-6,7641;-37,794;"SPRF-PB";"DEL03-PB";"UOP02-DEL03-PB"
415079;2022-02-15;"terça-feira";"10:20:00";"MG";251;474;"FRANCISCO SA";"Velocidade Incompatível";"Colisão com objeto";"Com Vítimas Feridas";"Pleno dia";"Decrescente";"Céu Claro";"Simples";"Curva";"Não";2;0;1;0;0;1;1;2;-16,47130466;-43,45673904;"SPRF-MG";"DEL12-MG";"UOP01-DEL12-MG"
415083;2022-02-15;"terça-feira";"10:00:00";"GO";50;133,7;"IPAMERI";"Manobra de mudança de faixa";"Colisão lateral mesmo sentido";"Com Vítimas Feridas";"Pleno dia";"Crescente";"Nublado";"Dupla";"Retorno Regulamentado";"Não";3;0;1;0;1;2;1;4;-17,0332;-47,7635;"SPRF-GO";"DEL06-GO";"UOP01-DEL06-GO"
415084;2022-02-15;"terça-feira";"10:30:00";"SC";101;147,2;"ITAPEMA";"Condutor deixou de manter distância do veículo da frente";"Engavetamento";"Com Vítimas Feridas";"Pleno dia";"Decrescente";"Céu Claro";"Dupla";"Reta";"Sim";3;0;1;0;2;0;1;3;-27,09237407;-48,61730888;"SPRF-SC";"DEL04-SC";"UOP03-DEL04-SC"
415085;2022-02-15;"terça-feira";"10:20:00";"MS";60;515,5;"NIOAQUE";"Demais falhas mecânicas ou elétricas";"Saída de leito carroçável";"Com Vítimas Feridas";"Pleno dia";"Crescente";"Sol";"Simples";"Curva";"Não";3;0;0;2;0;1;2;2;-21,17732695;-55,628235;"SPRF-MS";"DEL05-MS";"UOP01-DEL05-MS"
415089;2022-02-15;"terça-feira";"03:40:00";"SC";153;4,1;"AGUA DOCE";"Velocidade Incompatível";"Colisão com objeto";"Com Vítimas Feridas";"Plena Noite";"Crescente";"Céu Claro";"Simples";"Curva";"Não";1;0;1;0;0;0;1;1;-26,635151;-51,508949;"SPRF-SC";"DEL07-SC";"UOP05-DEL07-SC"
415096;2022-02-15;"terça-feira";"12:00:00";"RS";285;294,1;"PASSO FUNDO";"Reação tardia ou ineficiente do condutor";"Colisão frontal";"Com Vítimas Feridas";"Pleno dia";"Crescente";"Céu Claro";"Simples";"Interseção de Vias";"Sim";3;0;0;2;0;1;2;3;-28,234547;-52,384975;"SPRF-RS";"DEL08-RS";"UOP03-DEL08-RS"
415100;2022-02-15;"terça-feira";"12:45:00";"SP";381;68;"MAIRIPORA";"Condutor Dormindo";"Colisão traseira";"Com Vítimas Feridas";"Pleno dia";"Decrescente";"Céu Claro";"Dupla";"Reta";"Sim";4;0;1;1;2;0;2;2;-23,34043796;-46,57433588;"SPRF-SP";"DEL03-SP";"UOP01-DEL03-SP"
415107;2022-02-15;"terça-feira";"07:30:00";"PR";369;88,5;"CORNELIO PROCOPIO";"Acumulo de óleo sobre o pavimento";"Tombamento";"Sem Vítimas";"Pleno dia";"Crescente";"Céu Claro";"Dupla";"Aclive";"Não";1;0;0;0;1;0;0;1;-23,18937;-50,64277;"SPRF-PR";"DEL07-PR";"UOP01-DEL07-PR"
415108;2022-02-15;"terça-feira";"06:30:00";"MS";158;75;"PARANAIBA";"Acostamento em desnível";"Tombamento";"Sem Vítimas";"Pleno dia";"Crescente";"Céu Claro";"Simples";"Declive;Reta";"Não";2;0;0;0;1;3;0;4;-19,52779693;-51,2708249;"SPRF-MS";"DEL08-MS";"UOP01-DEL08-MS"
415110;2022-01-27;"quinta-feira";"13:50:00";"MT";174;586;"COMODORO";"Condutor deixou de manter distância do veículo da frente";"Colisão traseira";"Com Vítimas Feridas";"Pleno dia";"Crescente";"Nublado";"Simples";"Reta";"Não";3;0;1;0;2;0;1;2;-12,84507893;-60,0707027326;"SPRF-RO";"DEL04-RO";"UOP01-DEL04-RO"
415113;2022-02-15;"terça-feira";"14:20:00";"SC";116;8;"MAFRA";"Transitar na contramão";"Colisão lateral sentido oposto";"Com Vítimas Feridas";"Pleno dia";"Crescente";"Céu Claro";"Simples";"Reta";"Sim";2;0;1;0;0;1;1;2;-26,16013742;-49,84293222;"SPRF-SC";"DEL06-SC";"UOP01-DEL06-SC"
415116;2022-01-05;"quarta-feira";"09:00:00";"SP";116;357,4;"MIRACATU";"Reação tardia ou ineficiente do condutor";"Tombamento";"Com Vítimas Feridas";"Pleno dia";"Decrescente";"Céu Claro";"Múltipla";"Curva";"Não";3;0;1;0;1;2;1;4;-24,09799899;-47,2538542;"SPRF-SP";"DEL04-SP";"UOP02-DEL04-SP"
415122;2022-01-17;"segunda-feira";"14:14:00";"MG";262;438,7;"NOVA SERRANA";"Acessar a via sem observar a presença dos outros veículos";"Colisão lateral mesmo sentido";"Com Vítimas Feridas";"Pleno dia";"Crescente";"Céu Claro";"Dupla";"Reta";"Não";2;0;1;0;1;0;1;2;-19,8928096214;-44,8784529973;"SPRF-MG";"DEL08-MG";"UOP03-DEL08-MG"
415128;2022-02-15;"terça-feira";"17:00:00";"MG";251;505;"FRANCISCO SA";"Entrada inopinada do pedestre";"Atropelamento de Pedestre";"Com Vítimas Feridas";"Pleno dia";"Crescente";"Chuva";"Simples";"Reta";"Não";3;0;0;1;1;1;1;2;-16,61623136;-43,68084596;"SPRF-MG";"DEL12-MG";"UOP01-DEL12-MG"
415131;2022-02-15;"terça-feira";"14:20:00";"RO";364;528;"ARIQUEMES";"Reação tardia ou ineficiente do condutor";"Saída de leito carroçável";"Com Vítimas Feridas";"Pleno dia";"Crescente";"Céu Claro";"Simples";"Curva";"Não";3;0;0;1;0;4;1;5;-9,81112783;-63,07481273;"SPRF-RO";"DEL03-RO";"UOP01-DEL03-RO"
415135;2022-02-15;"terça-feira";"17:15:00";"CE";20;432;"EUSEBIO";"Condutor deixou de manter distância do veículo da frente";"Colisão traseira";"Com Vítimas Feridas";"Anoitecer";"Decrescente";"Céu Claro";"Dupla";"Reta";"Sim";2;0;1;0;1;0;1;2;-3,86929439;-38,47993612;"SPRF-CE";"DEL01-CE";"UOP02-DEL01-CE"
415136;2022-02-15;"terça-feira";"17:30:00";"CE";116;23;"AQUIRAZ";"Condutor deixou de manter distância do veículo da frente";"Colisão lateral mesmo sentido";"Com Vítimas Feridas";"Pleno dia";"Decrescente";"Céu Claro";"Dupla";"Reta";"Sim";2;0;1;0;1;0;1;2;-3,951268;-38,512222;"SPRF-CE";"DEL01-CE";"UOP02-DEL01-CE"
415139;2022-02-15;"terça-feira";"15:40:00";"MT";70;281;"PRIMAVERA DO LESTE";"Chuva";"Colisão traseira";"Com Vítimas Feridas";"Pleno dia";"Decrescente";"Chuva";"Simples";"Reta";"Sim";3;0;0;1;1;2;1;4;-15,57380712;-54,32276845;"SPRF-MT";"DEL05-MT";"UOP01-DEL05-MT"
415142;2022-02-15;"terça-feira";"15:40:00";"BA";101;666;"ITAPEBI";"Velocidade Incompatível";"Tombamento";"Com Vítimas Feridas";"Pleno dia";"Decrescente";"Sol";"Simples";"Curva";"Não";4;0;1;0;2;1;1;3;-15,983291;-39,568536;"SPRF-BA";"DEL09-BA";"UOP01-DEL09-BA"
415144;2022-02-15;"terça-feira";"15:25:00";"GO";364;179;"JATAI";"Ausência de reação do condutor";"Colisão traseira";"Com Vítimas Feridas";"Pleno dia";"Crescente";"Nublado";"Simples";"Declive";"Não";3;0;1;0;1;3;1;5;-17,971079;-51,601059;"SPRF-GO";"DEL05-GO";"UOP01-DEL05-GO"
415151;2022-02-15;"terça-feira";"18:00:00";"PR";376;491;"PONTA GROSSA";"Velocidade Incompatível";"Saída de leito carroçável";"Sem Vítimas";"Pleno dia";"Decrescente";"Céu Claro";"Dupla";"Curva;Declive";"Não";2;0;0;0;1;1;0;2;-25,15130703;-50,1421625;"SPRF-PR";"DEL03-PR";"UOP01-DEL03-PR"
415157;2022-02-15;"terça-feira";"17:30:00";"CE";116;14;"FORTALEZA";"Manobra de mudança de faixa";"Colisão lateral mesmo sentido";"Sem Vítimas";"Pleno dia";"Crescente";"Céu Claro";"Múltipla";"Reta";"Sim";2;0;0;0;2;0;0;2;-3,86867554;-38,49789619;"SPRF-CE";"DEL01-CE";"UOP02-DEL01-CE"
415159;2022-02-15;"terça-feira";"18:15:00";"DF";20;10,3;"BRASILIA";"Ausência de reação do condutor";"Colisão lateral mesmo sentido";"Com Vítimas Feridas";"Anoitecer";"Decrescente";"Garoa/Chuvisco";"Simples";"Declive";"Sim";5;0;2;0;3;0;2;3;-15,650243;-47,773872;"SPRF-DF";"DEL02-DF";"UOP01-DEL02-DF"
415160;2022-02-15;"terça-feira";"16:30:00";"MG";40;691,5;"ALFREDO VASCONCELOS";"Ingestão de álcool pelo condutor";"Colisão lateral mesmo sentido";"Sem Vítimas";"Pleno dia";"Crescente";"Céu Claro";"Simples";"Curva";"Não";3;0;0;0;2;1;0;3;-21,108706;-43,76088;"SPRF-MG";"DEL05-MG";"UOP02-DEL05-MG"
415173;2022-02-15;"terça-feira";"09:35:00";"MG";262;15,2;"MARTINS SOARES";"Área urbana sem a presença de local apropriado para a travessia de pedestres";"Atropelamento de Pedestre";"Com Vítimas Feridas";"Pleno dia";"Crescente";"Nublado";"Simples";"Curva;Declive";"Não";3;0;0;1;1;1;1;3;-20,26054008;-41,87631604;"SPRF-MG";"DEL06-MG";"UOP03-DEL06-MG"
415178;2022-02-15;"terça-feira";"18:45:00";"MG";381;866;"POUSO ALEGRE";"Acessar a via sem observar a presença dos outros veículos";"Colisão frontal";"Com Vítimas Feridas";"Plena Noite";"Decrescente";"Céu Claro";"Simples";"Declive";"Sim";3;0;2;0;1;0;2;2;-22,402894;-45,96207;"SPRF-MG";"DEL16-MG";"UOP01-DEL16-MG"