"id";"data_inversa";"dia_semana";"horario";"uf";"br";"km";"municipio";"causa_acidente";"tipo_acidente";"classificacao_acidente";"fase_dia";"sentido_via";"condicao_metereologica";"tipo_pista";"tracado_via";"uso_solo";"pessoas";"mortos";"feridos_leves";"feridos_graves";"ilesos";"ignorados";"feridos";"veiculos";"latitude";"longitude";"regional";"delegacia";"uop"
415541;2022-02-17;"quinta-feira";"17:30:00";"GO";20;109;"FLORES DE GOIAS";"Demais falhas mecânicas ou elétricas";"Tombamento";"Sem Vítimas";"Anoitecer";"Decrescente";"Nublado";"Simples";"Reta";"Não";2;0;0;0;1;2;0;3;-14,905642;-46,922997;"SPRF-DF";"DEL02-DF";"UOP03-DEL02-DF"
415543;2022-02-17;"quinta-feira";"21:08:00";"GO";20;2;"FORMOSA";"Ausência de reação do condutor";"Colisão lateral sentido oposto";"Com Vítimas Feridas";"Plena Noite";"Crescente";"Nublado";"Simples";"Reta";"Sim";3;0;1;0;1;1;1;3;-15,567487;-47,320309;"SPRF-DF";"DEL02-DF";"UOP01-DEL02-DF"
415547;2022-02-17;"quinta-feira";"21:50:00";"SC";101;226,7;"PALHOCA";"Manobra de mudança de faixa";"Colisão traseira";"Com Vítimas Feridas";"Plena Noite";"Crescente";"Céu Claro";"Dupla";"Reta";"Não";3;0;1;0;2;0;1;2;-27,74200001;-48,63806504;"SPRF-SC";"DEL01-SC";"UOP02-DEL01-SC"
415551;2022-02-17;"quinta-feira";"22:15:00";"RS";101;11;"DOM PEDRO DE ALCANTARA";"Ausência de reação do condutor";"Atropelamento de Pedestre";"Com Vítimas Feridas";"Plena Noite";"Crescente";"Céu Claro";"Dupla";"Reta";"Sim";2;0;0;1;0;1;1;2;-29,37984733;-49,82952362;"SPRF-RS";"DEL03-RS";"UOP02-DEL03-RS"
415554;2022-02-17;"quinta-feira";"19:00:00";"TO";153;692,5;"CARIRI DO TOCANTINS";"Manobra de mudança de faixa";"Colisão lateral mesmo sentido";"Com Vítimas Feridas";"Plena Noite";"Crescente";"Céu Claro";"Simples";"Reta";"Sim";4;0;2;0;2;0;2;2;-11,88743313;-49,16441973;"SPRF-TO";"DEL01-TO";"UOP02-DEL01-TO"
415555;2022-02-17;"quinta-feira";"21:10:00";"PE";232;552,3;"PARNAMIRIM";"Transitar na contramão";"Colisão frontal";"Com Vítimas Fatais";"Plena Noite";"Decrescente";"Céu Claro";"Simples";"Reta";"Não";2;1;0;0;1;0;0;2;-8,08677211;-39,52424697;"SPRF-PE";"DEL05-PE";"UOP01-DEL05-PE"
415563;2022-02-18;"sexta-feira";"01:20:00";"MG";251;462,7;"GRAO MOGOL";"Obstrução na via";"Colisão traseira";"Com Vítimas Fatais";"Plena Noite";"Crescente";"Céu Claro";"Simples";"Reta";"Não";8;2;0;3;1;2;3;5;-16,43416418;-43,39185866;"SPRF-MG";"DEL12-MG";"UOP01-DEL12-MG"
415564;2022-02-17;"quinta-feira";"17:55:00";"SC";101;447;"SANTA ROSA DO SUL";"Manobra de mudança de faixa";"Colisão lateral mesmo sentido";"Com Vítimas Feridas";"Anoitecer";"Decrescente";"Céu Claro";"Dupla";"Reta";"Não";3;0;1;0;1;1;1;3;-29,15289482;-49,72792624;"SPRF-SC";"DEL02-SC";"UOP02-DEL02-SC"
415568;2022-02-18;"sexta-feira";"02:00:00";"RS";101;82;"OSORIO";"Ingestão de álcool pelo condutor";"Colisão frontal";"Sem Vítimas";"Plena Noite";"Decrescente";"Céu Claro";"Dupla";"Reta";"Sim";2;0;0;0;2;0;0;2;-29,84322488;-50,24558869;"SPRF-RS";"DEL03-RS";"UOP01-DEL03-RS"
415574;2022-02-17;"quinta-feira";"21:50:00";"MA";135;167;"SAO MATEUS DO MARANHAO";"Animais na Pista";"Atropelamento de Animal";"Sem Vítimas";"Plena Noite";"Crescente";"Céu Claro";"Simples";"Curva";"Não";3;0;0;0;1;3;0;4;-3,90481293;-44,48041583;"SPRF-MA";"DEL01-MA";"UOP02-DEL01-MA"
415577;2022-02-18;"sexta-feira";"04:00:00";"BA";242;367;"PALMEIRAS";"Condutor Dormindo";"Saída de leito carroçável";"Com Vítimas Feridas";"Amanhecer";"Crescente";"Garoa/Chuvisco";"Simples";"Curva";"Não";2;0;1;0;0;1;1;2;-12,47071004;-41,44733298;"SPRF-BA";"DEL06-BA";"UOP01-DEL06-BA"
415581;2022-02-18;"sexta-feira";"00:30:00";"PR";153;513;"GENERAL CARNEIRO";"Sinalização mal posicionada";"Atropelamento de Pedestre";"Com Vítimas Feridas";"Plena Noite";"Crescente";"Nevoeiro/Neblina";"Simples";"Curva";"Não";3;0;0;1;1;2;1;4;-26,552516;-51,439444;"SPRF-PR";"DEL02-PR";"UOP03-DEL02-PR"
415584;2022-02-18;"sexta-feira";"07:50:00";"CE";222;4,5;"CAUCAIA";"Demais falhas na via";"Colisão transversal";"Com Vítimas Feridas";"Pleno dia";"Decrescente";"Céu Claro";"Múltipla";"Retorno Regulamentado";"Sim";2;0;1;0;1;0;1;2;-3,74164754;-38,60449792;"SPRF-CE";"DEL01-CE";"UOP01-DEL01-CE"
415593;2022-02-18;"sexta-feira";"08:25:00";"MG";381;865,7;"POUSO ALEGRE";"Velocidade Incompatível";"Colisão traseira";"Com Vítimas Fatais";"Pleno dia";"Decrescente";"Céu Claro";"Dupla";"Reta";"Não";3;1;0;0;2;0;0;2;-22,36104859;-45,92970821;"SPRF-MG";"DEL16-MG";"UOP01-DEL16-MG"
415597;2022-02-18;"sexta-feira";"08:04:00";"GO";50;293;"CATALAO";"Reação tardia ou ineficiente do condutor";"Colisão traseira";"Com Vítimas Feridas";"Pleno dia";"Crescente";"Céu Claro";"Dupla";"Reta";"Não";4;0;1;1;1;1;2;4;-18,2734;-48,0003;"SPRF-GO";"DEL06-GO";"UOP01-DEL06-GO"
415605;2022-02-18;"sexta-feira";"06:30:00";"MG";116;657,4;"SAO FRANCISCO DO GLORIA";"Demais falhas mecânicas ou elétricas";"Incêndio";"Sem Vítimas";"Pleno dia";"Decrescente";"Nublado";"Simples";"Reta";"Não";1;0;0;0;1;0;0;1;-20,75834923;-42,30243467;"SPRF-MG";"DEL07-MG";"UOP03-DEL07-MG"
415609;2022-02-18;"sexta-feira";"08:50:00";"BA";116;554;"MILAGRES";"Ultrapassagem Indevida";"Colisão lateral mesmo sentido";"Com Vítimas Feridas";"Pleno dia";"Crescente";"Sol";"Simples";"Aclive";"Não";4;0;1;0;1;4;1;6;-12,8948229;-39,8605153;"SPRF-BA";"DEL03-BA";"UOP02-DEL03-BA"
415612;2022-02-17;"quinta-feira";"21:30:00";"RS";290;495;"ROSARIO DO SUL";"Condutor Dormindo";"Tombamento";"Sem Vítimas";"Plena Noite";"Decrescente";"Céu Claro";"Simples";"Curva";"Não";2;0;0;0;1;1;0;2;-30,209293;-55,063148;"SPRF-RS";"DEL11-RS";"UOP02-DEL11-RS"
415613;2022-02-18;"sexta-feira";"09:30:00";"BA";324;536;"CONCEICAO DO JACUIPE";"Avarias e/ou desgaste excessivo no pneu";"Colisão lateral mesmo sentido";"Com Vítimas Feridas";"Pleno dia";"Decrescente";"Nublado";"Dupla";"Reta";"Não";3;0;1;0;2;0;1;3;-12,363585;-38,820976;"SPRF-BA";"DEL01-BA";"UOP03-DEL01-BA"
415620;2022-02-18;"sexta-feira";"10:05:00";"PR";277;597,9;"CASCAVEL";"Manobra de mudança de faixa";"Saída de leito carroçável";"Com Vítimas Feridas";"Pleno dia";"Crescente";"Céu Claro";"Dupla";"Aclive;Reta";"Sim";3;0;1;1;0;1;2;2;-24,99513602;-53,51418998;"SPRF-PR";"DEL04-PR";"UOP01-DEL04-PR"
415627;2022-01-25;"terça-feira";"05:15:00";"GO";153;93,7;"SANTA TEREZA DE GOIAS";"Pista esburacada";"Saída de leito carroçável";"Com Vítimas Feridas";"Plena Noite";"Decrescente";"Céu Claro";"Simples";"Reta";"Não";2;0;0;1;0;3;1;4;-13,596112;-49,041809;"SPRF-GO";"DEL07-GO";"UOP01-DEL07-GO"
415634;2022-02-18;"sexta-feira";"11:30:00";"MA";222;666;"ACAILANDIA";"Carga excessiva e/ou mal acondicionada";"Colisão com objeto";"Sem Vítimas";"Pleno dia";"Decrescente";"Céu Claro";"Simples";"Aclive;Reta";"Não";3;0;0;0;2;1;0;3;-4,921155;-47,431408;"SPRF-MA";"DEL04-MA";"UOP03-DEL04-MA"
415636;2022-02-18;"sexta-feira";"10:45:00";"RO";364;718;"PORTO VELHO";"Manobra de mudança de faixa";"Colisão com objeto";"Sem Vítimas";"Pleno dia";"Decrescente";"Nublado";"Dupla";"Reta";"Não";2;0;0;0;2;0;0;2;-8,798451;-63,911437;"SPRF-RO";"DEL01-RO";"UOP01-DEL01-RO"
415637;2022-02-18;"sexta-feira";"11:50:00";"MG";50;118,1;"UBERABA";"Reação tardia ou ineficiente do condutor";"Colisão lateral mesmo sentido";"Com Vítimas Feridas";"Pleno dia";"Decrescente";"Céu Claro";"Dupla";"Reta";"Não";3;0;1;0;1;2;1;4;-19,29129791;-48,11741979;"SPRF-MG";"DEL13-MG";"UOP01-DEL13-MG"
415639;2022-02-18;"sexta-feira";"11:45:00";"RJ";493;21;"MAGE";"Acessar a via sem observar a presença dos outros veículos";"Colisão transversal";"Com Vítimas Feridas";"Pleno dia";"Decrescente";"Chuva";"Simples";"Rotatória";"Sim";2;0;1;0;1;0;1;2;-22,66151289;-43,04480692;"SPRF-RJ";"DEL04-RJ";"UOP02-DEL04-RJ"
415642;2022-02-18;"sexta-feira";"05:00:00";"MG";381;335;"NOVA ERA";"Curva acentuada";"Saída de leito carroçável";"Sem Vítimas";"Amanhecer";"Decrescente";"Chuva";"Simples";"Curva";"Não";1;0;0;0;1;0;0;1;-19,81700707;-43,06661887;"SPRF-MG";"DEL03-MG";"UOP01-DEL03-MG"
415646;2022-02-15;"terça-feira";"00:30:00";"MG";381;373;"SAO GONCALO DO RIO ABAIXO";"Ausência de reação do condutor";"Saída de leito carroçável";"Com Vítimas Feridas";"Plena Noite";"Crescente";"Chuva";"Simples";"Reta";"Não";1;0;1;0;0;0;1;1;-19,83992808;-43,3214812;"SPRF-MG";"DEL01-MG";"UOP01-DEL01-MG"
415652;2022-02-18;"sexta-feira";"05:00:00";"BA";349;1053;"CORRENTINA";"Manobra de mudança de faixa";"Colisão frontal";"Com Vítimas Feridas";"Amanhecer";"Crescente";"Sol";"Simples";"Reta";"Não";3;0;1;1;0;2;2;4;-13,798735;-46,164127;"SPRF-BA";"DEL10-BA";"UOP01-DEL10-BA"
415653;2022-02-18;"sexta-feira";"00:15:00";"PR";476;78;"BOCAIUVA DO SUL";"Velocidade Incompatível";"Tombamento";"Com Vítimas Feridas";"Plena Noite";"Crescente";"Céu Claro";"Simples";"Curva";"Não";2;0;1;0;0;1;1;2;-25,114452;-49,100002;"SPRF-PR";"DEL01-PR";"UOP02-DEL01-PR"
415657;2022-02-18;"sexta-feira";"12:30:00";"PA";316;31;"SANTA IZABEL DO PARA";"Demais falhas mecânicas ou elétricas";"Tombamento";"Com Vítimas Feridas";"Pleno dia";"Decrescente";"Céu Claro";"Dupla";"Reta";"Sim";3;0;3;0;0;0;3;1;-1,3025866;-48,1965672;"SPRF-PA";"DEL01-PA";"UOP01-DEL01-PA"
415662;2022-01-25;"terça-feira";"14:00:00";"PR";116;102,5;"SAO JOSE DOS PINHAIS";"Falta de elemento de contenção que evite a saída do leito carroçável";"Saída de leito carroçável";"Com Vítimas Feridas";"Pleno dia";"Decrescente";"Céu Claro";"Dupla";"Reta";"Não";3;0;1;0;1;2;1;4;-25,550639;-49,15025;"SPRF-PR";"DEL01-PR";"UOP01-DEL01-PR"
415666;2022-02-18;"sexta-feira";"14:50:00";"SE";235;55;"ITABAIANA";"Transitar na contramão";"Colisão frontal";"Com Vítimas Fatais";"Pleno dia";"Crescente";"Céu Claro";"Simples";"Reta";"Não";2;1;0;0;1;0;0;2;-10,667386;-37,446014;"SPRF-SE";"DEL01-SE";"UOP02-DEL01-SE"
415668;2022-02-18;"sexta-feira";"13:40:00";"CE";222;104;"ITAPAJE";"Reação tardia ou ineficiente do condutor";"Colisão transversal";"Com Vítimas Feridas";"Pleno dia";"Crescente";"Chuva";"Simples";"Reta;Declive";"Sim";5;0;3;0;1;2;3;4;-3,74846932;-39,44785976;"SPRF-CE";"DEL04-CE";"UOP03-DEL04-CE"
415672;2022-02-18;"sexta-feira";"15:20:00";"PI";343;317;"ALTOS";"Condutor deixou de manter distância do veículo da frente";"Colisão traseira";"Com Vítimas Feridas";"Pleno dia";"Decrescente";"Céu Claro";"Simples";"Aclive;Reta";"Não";2;0;1;0;1;0;1;2;-5,044959;-42,544502;"SPRF-PI";"DEL01-PI";"UOP01-DEL01-PI"
415684;2022-02-18;"sexta-feira";"15:30:00";"MT";163;971;"TERRA NOVA DO NORTE";"Velocidade Incompatível";"Colisão frontal";"Com Vítimas Fatais";"Pleno dia";"Crescente";"Chuva";"Simples";"Aclive;Reta";"Não";5;1;0;2;1;5;2;7;-10,72764768;-55,1302892;"SPRF-MT";"DEL06-MT";"NPF/DEL06-MT"
415691;2022-02-18;"sexta-feira";"17:20:00";"CE";20;404,8;"CAUCAIA";"Reação tardia ou ineficiente do condutor";"Colisão transversal";"Com Vítimas Feridas";"Anoitecer";"Decrescente";"Sol";"Simples";"Reta";"Sim";6;0;2;1;1;2;3;4;-3,773221;-38,676406;"SPRF-CE";"DEL01-CE";"UOP01-DEL01-CE"
415699;2022-02-18;"sexta-feira";"18:40:00";"SC";101;197,6;"BIGUACU";"Ausência de reação do condutor";"Colisão lateral mesmo sentido";"Com Vítimas Feridas";"Anoitecer";"Crescente";"Nublado";"Múltipla";"Aclive";"Sim";2;0;1;0;1;0;1;2;-27,51844497;-48,63848496;"SPRF-SC";"DEL01-SC";"UOP01-DEL01-SC"
415702;2022-02-18;"sexta-feira";"16:26:00";"ES";101;288;"CARIACICA";"Manobra de mudança de faixa";"Capotamento";"Com Vítimas Feridas";"Pleno dia";"Crescente";"Céu Claro";"Dupla";"Reta";"Sim";3;0;2;0;0;1;2;2;-20,27160351;-40,39091743;"SPRF-ES";"DEL01-ES";"UOP01-DEL01-ES"
415710;2022-02-18;"sexta-feira";"20:00:00";"CE";20;411;"MARACANAU";"Condutor deixou de manter distância do veículo da frente";"Colisão traseira";"Com Vítimas Feridas";"Plena Noite";"Crescente";"Chuva";"Dupla";"Reta";"Sim";2;0;1;0;1;0;1;2;-3,76999035;-38,67006282;"SPRF-CE";"DEL01-CE";"UOP01-DEL01-CE"
415714;2022-02-18;"sexta-feira";"18:00:00";"SP";116;550;"BARRA DO TURVO";"Velocidade Incompatível";"Tombamento";"Com Vítimas Feridas";"Anoitecer";"Crescente";"Nublado";"Simples";"Curva";"Não";2;0;2;0;0;0;2;1;-24,96707388;-48,46764565;"SPRF-SP";"DEL05-SP";"UOP02-DEL05-SP"
415741;2022-02-18;"sexta-feira";"19:15:00";"MS";163;542;"BANDEIRANTES";"Ultrapassagem Indevida";"Colisão lateral sentido oposto";"Com Vítimas Feridas";"Plena Noite";"Crescente";"Céu Claro";"Simples";"Reta";"Não";4;0;1;0;2;1;1;3;-19,97193507;-54,38262184;"SPRF-MS";"DEL01-MS";"UOP02-DEL01-MS"
415742;2022-02-18;"sexta-feira";"22:50:00";"GO";40;69;"CRISTALINA";"Condutor deixou de manter distância do veículo da frente";"Colisão traseira";"Sem Vítimas";"Plena Noite";"Crescente";"Chuva";"Dupla";"Aclive";"Não";2;0;0;0;2;0;0;2;-16,596563;-47,775077;"SPRF-DF";"DEL01-DF";"UOP02-DEL01-DF"
415743;2022-02-18;"sexta-feira";"22:00:00";"MG";116;758,6;"LEOPOLDINA";"Reação tardia ou ineficiente do condutor";"Colisão traseira";"Sem Vítimas";"Plena Noite";"Decrescente";"Garoa/Chuvisco";"Simples";"Reta";"Não";2;0;0;0;2;0;0;2;-21,5425307;-42,6556489;"SPRF-MG";"DEL07-MG";"UOP01-DEL07-MG"
415748;2022-02-18;"sexta-feira";"20:00:00";"PE";101;90;"CABO DE SANTO AGOSTINHO";"Condutor usando celular";"Colisão traseira";"Com Vítimas Feridas";"Plena Noite";"Decrescente";"Chuva";"Simples";"Ponte";"Sim";2;0;0;1;1;0;1;2;-8,21612792;-34,98772817;"SPRF-PE";"DEL01-PE";"UOP01-DEL01-PE"
415757;2022-02-18;"sexta-feira";"23:45:00";"SC";101;92,7;"BARRA VELHA";"Ausência de reação do condutor";"Colisão traseira";"Com Vítimas Feridas";"Plena Noite";"Crescente";"Nublado";"Dupla";"Reta";"Não";3;0;1;0;1;1;1;3;-26,6806041;-48,6931497;"SPRF-SC";"DEL03-SC";"UOP02-DEL03-SC"
415761;2022-02-19;"sábado";"00:20:00";"MA";316;517;"CAXIAS";"Velocidade Incompatível";"Capotamento";"Com Vítimas Feridas";"Plena Noite";"Decrescente";"Céu Claro";"Simples";"Curva";"Não";1;0;1;0;0;0;1;1;-4,767323;-43,61478;"SPRF-MA";"DEL03-MA";"UOP02-DEL03-MA"
415763;2022-02-18;"sexta-feira";"22:25:00";"MG";381;441;"SABARA";"Curva acentuada";"Colisão lateral mesmo sentido";"Com Vítimas Feridas";"Plena Noite";"Crescente";"Céu Claro";"Simples";"Aclive;Curva";"Sim";5;0;1;0;3;2;1;5;-19,80958842;-43,76712799;"SPRF-MG";"DEL01-MG";"UOP01-DEL01-MG"
415776;2022-02-19;"sábado";"04:30:00";"RN";304;6,6;"MOSSORO";"Transitar na contramão";"Colisão transversal";"Sem Vítimas";"Amanhecer";"Crescente";"Garoa/Chuvisco";"Simples";"Reta";"Não";2;0;0;0;1;1;0;2;-4,93573;-37,411695;"SPRF-RN";"DEL04-RN";"UOP02-DEL04-RN"
415780;2022-02-19;"sábado";"05:10:00";"PR";373;182,8;"PONTA GROSSA";"Condutor Dormindo";"Colisão com objeto";"Com Vítimas Feridas";"Plena Noite";"Crescente";"Nublado";"Dupla";"Reta";"Sim";3;0;0;1;1;1;1;3;-25,03935712;-50,2767641;"SPRF-PR";"DEL03-PR";"UOP01-DEL03-PR"
415795;2022-02-19;"sábado";"00:25:00";"MG";381;648,9;"SANTO ANTONIO DO AMPARO";"Ausência de reação do condutor";"Colisão traseira";"Com Vítimas Feridas";"Plena Noite";"Crescente";"Céu Claro";"Dupla";"Reta";"Não";3;0;1;0;1;1;1;3;-20,95729865;-44,90257721;"SPRF-MG";"DEL04-MG";"UOP02-DEL04-MG"
415796;2022-02-19;"sábado";"07:00:00";"SE";235;10,6;"NOSSA SENHORA DO SOCORRO";"Ultrapassagem Indevida";"Colisão lateral mesmo sentido";"Com Vítimas Feridas";"Pleno dia";"Crescente";"Céu Claro";"Simples";"Aclive";"Não";4;0;1;1;2;0;2;3;-10,879177;-37,147064;"SPRF-SE";"DEL01-SE";"UOP01-DEL01-SE"
415798;2022-02-18;"sexta-feira";"11:00:00";"RO";364;396;"OURO PRETO DO OESTE";"Condutor deixou de manter distância do veículo da frente";"Colisão traseira";"Com Vítimas Feridas";"Pleno dia";"Decrescente";"Chuva";"Simples";"Reta";"Não";4;0;1;0;2;4;1;7;-10,63143201;-62,32007001;"SPRF-RO";"DEL03-RO";"UOP02-DEL03-RO"
415799;2022-02-18;"sexta-feira";"21:00:00";"MG";365;68,9;"JEQUITAI";"Velocidade Incompatível";"Saída de leito carroçável";"Com Vítimas Feridas";"Plena Noite";"Decrescente";"Chuva";"Simples";"Reta";"Não";2;0;1;0;1;0;1;1;-17,06346094;-44,3372752;"SPRF-MG";"DEL12-MG";"UOP01-DEL12-MG"
415801;2022-02-19;"sábado";"06:30:00";"RJ";116;313;"ITATIAIA";"Ingestão de álcool pelo condutor";"Colisão traseira";"Com Vítimas Feridas";"Amanhecer";"Decrescente";"Nublado";"Dupla";"Reta";"Não";3;0;1;0;1;2;1;4;-22,47298558;-44,52209473;"SPRF-RJ";"DEL07-RJ";"UOP02-DEL07-RJ"
415803;2022-02-19;"sábado";"06:25:00";"PR";277;493,5;"GUARANIACU";"Condutor Dormindo";"Colisão traseira";"Com Vítimas Feridas";"Pleno dia";"Crescente";"Céu Claro";"Simples";"Reta";"Não";3;0;1;0;1;3;1;5;-25,22520586;-52,65027094;"SPRF-PR";"DEL04-PR";"UOP01-DEL04-PR"
415807;2022-02-19;"sábado";"06:30:00";"PR";116;18,8;"ANTONINA";"Condutor Dormindo";"Colisão traseira";"Com Vítimas Feridas";"Amanhecer";"Crescente";"Céu Claro";"Dupla";"Aclive";"Não";3;0;1;0;0;4;1;5;-25,103973;-48,710786;"SPRF-PR";"DEL01-PR";"UOP02-DEL01-PR"
415809;2022-02-19;"sábado";"07:10:00";"RS";285;538,4;"CAIBATE";"Condutor Dormindo";"Colisão frontal";"Com Vítimas Fatais";"Pleno dia";"Crescente";"Sol";"Simples";"Reta";"Não";4;1;1;0;1;1;1;4;-28,4008;-54,6531;"SPRF-RS";"DEL10-RS";"UOP01-DEL10-RS"
415812;2022-02-19;"sábado";"06:45:00";"SP";153;177,4;"LINS";"Ultrapassagem Indevida";"Colisão frontal";"Com Vítimas Fatais";"Pleno dia";"Crescente";"Céu Claro";"Simples";"Reta";"Não";4;1;0;0;2;3;0;6;-21,65677102;-49,78915671;"SPRF-SP";"DEL07-SP";"UOP01-DEL07-SP"
415813;2022-01-10;"segunda-feira";"15:00:00";"GO";50;259,8;"CATALAO";"Demais falhas mecânicas ou elétricas";"Incêndio";"Sem Vítimas";"Pleno dia";"Decrescente";"Chuva";"Dupla";"Reta";"Não";2;0;0;0;1;1;0;2;-18,0348;-47,8347;"SPRF-GO";"DEL06-GO";"UOP01-DEL06-GO"
415819;2022-02-19;"sábado";"08:30:00";"MG";251;475;"FRANCISCO SA";"Pista esburacada";"Colisão frontal";"Com Vítimas Fatais";"Pleno dia";"Decrescente";"Nublado";"Simples";"Reta";"Não";4;1;0;1;0;3;1;5;-16,47174429;-43,46596604;"SPRF-MG";"DEL12-MG";"UOP01-DEL12-MG"
415825;2022-02-19;"sábado";"09:00:00";"PR";376;172;"MARINGA";"Ausência de reação do condutor";"Colisão transversal";"Com Vítimas Feridas";"Pleno dia";"Crescente";"Céu Claro";"Dupla";"Curva";"Sim";3;0;0;1;1;1;1;3;-23,4191001;-51,96816601;"SPRF-PR";"DEL09-PR";"UOP01-DEL09-PR"
415830;2022-02-19;"sábado";"10:50:00";"MG";153;183,6;"FRUTAL";"Pista esburacada";"Tombamento";"Com Vítimas Feridas";"Pleno dia";"Crescente";"Céu Claro";"Simples";"Reta";"Não";4;0;0;1;1;5;1;7;-19,88094003;-48,97505084;"SPRF-MG";"DEL13-MG";"UOP02-DEL13-MG"
415832;2022-02-19;"sábado";"09:33:00";"MG";381;880,5;"ESTIVA";"Ausência de reação do condutor";"Colisão traseira";"Com Vítimas Feridas";"Pleno dia";"Decrescente";"Céu Claro";"Dupla";"Reta";"Não";4;0;1;0;1;2;1;4;-22,50771497;-46,01674307;"SPRF-MG";"DEL16-MG";"UOP03-DEL16-MG"
415834;2022-02-19;"sábado";"10:40:00";"BA";116;931,4;"ENCRUZILHADA";"Reação tardia ou ineficiente do condutor";"Colisão traseira";"Sem Vítimas";"Pleno dia";"Crescente";"Céu Claro";"Simples";"Reta";"Não";3;0;0;0;2;2;0;4;-15,59285302;-41,28018911;"SPRF-BA";"DEL08-BA";"UOP03-DEL08-BA"
415839;2022-02-19;"sábado";"10:24:00";"GO";153;509;"APARECIDA DE GOIANIA";"Chuva";"Tombamento";"Sem Vítimas";"Pleno dia";"Crescente";"Chuva";"Múltipla";"Declive";"Sim";1;0;0;0;1;0;0;1;-16,7888;-49,2379;"SPRF-GO";"DEL01-GO";"UOP03-DEL01-GO"
415845;2022-02-18;"sexta-feira";"20:10:00";"RO";364;420;"JARU";"Ultrapassagem Indevida";"Colisão traseira";"Com Vítimas Fatais";"Plena Noite";"Decrescente";"Garoa/Chuvisco";"Simples";"Declive";"Não";3;1;0;0;1;3;0;5;-10,471277;-62,448206;"SPRF-RO";"DEL03-RO";"UOP02-DEL03-RO"
415847;2022-02-17;"quinta-feira";"22:00:00";"MG";251;230;"SANTA CRUZ DE SALINAS";"Demais falhas mecânicas ou elétricas";"Incêndio";"Sem Vítimas";"Plena Noite";"Crescente";"Céu Claro";"Simples";"Curva";"Não";2;0;0;0;1;1;0;2;-15,96744613;-41,70259484;"SPRF-MG";"DEL11-MG";"UOP02-DEL11-MG"
415849;2022-02-19;"sábado";"10:59:00";"MG";381;685,8;"LAVRAS";"Velocidade Incompatível";"Colisão lateral mesmo sentido";"Com Vítimas Feridas";"Pleno dia";"Decrescente";"Nublado";"Dupla";"Curva";"Não";2;0;1;0;1;0;1;2;-21,19177791;-45,11670723;"SPRF-MG";"DEL04-MG";"UOP02-DEL04-MG"
415855;2022-02-19;"sábado";"12:00:00";"SC";282;424,9;"VARGEM BONITA";"Curva acentuada";"Colisão lateral sentido oposto";"Com Vítimas Feridas";"Pleno dia";"Decrescente";"Céu Claro";"Simples";"Curva";"Não";4;0;1;0;2;1;1;3;-26,988014;-51,753124;"SPRF-SC";"DEL07-SC";"UOP05-DEL07-SC"
415859;2022-02-19;"sábado";"13:31:00";"ES";262;152,8;"IBATIBA";"Curva acentuada";"Tombamento";"Com Vítimas Feridas";"Pleno dia";"Crescente";"Chuva";"Simples";"Curva;Declive";"Não";1;0;1;0;0;0;1;1;-20,21979331;-41,45006235;"SPRF-ES";"DEL01-ES";"UOP02-DEL01-ES"
415862;2022-02-19;"sábado";"15:00:00";"MG";262;447;"NOVA SERRANA";"Retorno proibido";"Colisão transversal";"Com Vítimas Feridas";"Pleno dia";"Decrescente";"Nublado";"Simples";"Reta";"Sim";4;0;0;1;2;1;1;3;-19,87341662;-44,96007194;"SPRF-MG";"DEL08-MG";"UOP03-DEL08-MG"
415863;2022-02-18;"sexta-feira";"17:02:00";"MT";163;1073;"TERRA NOVA DO NORTE";"Ausência de reação do condutor";"Colisão traseira";"Com Vítimas Feridas";"Pleno dia";"Decrescente";"Nublado";"Simples";"Reta";"Não";4;0;2;0;1;2;2;4;-10,70615315;-55,12081146;"SPRF-MT";"DEL06-MT";"NPF/DEL06-MT"
415867;2022-02-19;"sábado";"15:00:00";"SC";101;39;"JOINVILLE";"Reação tardia ou ineficiente do condutor";"Colisão traseira";"Sem Vítimas";"Pleno dia";"Decrescente";"Nublado";"Dupla";"Curva";"Sim";2;0;0;0;2;0;0;2;-26,2628107;-48,90192257;"SPRF-SC";"DEL03-SC";"UOP01-DEL03-SC"
415878;2022-02-19;"sábado";"08:00:00";"MG";365;614,4;"UBERLANDIA";"Ausência de reação do condutor";"Colisão com objeto";"Sem Vítimas";"Pleno dia";"Decrescente";"Nublado";"Simples";"Reta";"Sim";2;0;0;0;1;1;0;2;-18,884602;-48,26594;"SPRF-MG";"DEL15-MG";"UOP01-DEL15-MG"
415884;2022-02-19;"sábado";"14:00:00";"MT";70;2,2;"BARRA DO GARCAS";"Ausência de reação do condutor";"Colisão transversal";"Com Vítimas Feridas";"Pleno dia";"Crescente";"Nublado";"Simples";"Reta;Aclive";"Sim";3;0;2;0;1;0;2;2;-15,88749699;-52,26810568;"SPRF-MT";"DEL07-MT";"UOP01-DEL07-MT"
415886;2022-02-19;"sábado";"15:40:00";"BA";330;860;"BARRA DO ROCHA";"Transitar na contramão";"Colisão frontal";"Com Vítimas Feridas";"Pleno dia";"Crescente";"Céu Claro";"Simples";"Reta";"Não";3;0;2;0;1;0;2;2;-14,21016824;-39,5784928;"SPRF-BA";"DEL03-BA";"UOP01-DEL03-BA"
415893;2022-02-19;"sábado";"17:25:00";"SC";101;111,8;"ITAJAI";"Reação tardia ou ineficiente do condutor";"Colisão traseira";"Com Vítimas Feridas";"Anoitecer";"Decrescente";"Nublado";"Dupla";"Ponte";"Sim";2;0;0;1;1;0;1;2;-26,83955734;-48,71418074;"SPRF-SC";"DEL04-SC";"UOP04-DEL04-SC"
415916;2022-02-19;"sábado";"19:50:00";"RS";285;257,9;"GENTIL";"Transitar na contramão";"Colisão lateral sentido oposto";"Sem Vítimas";"Pleno dia";"Decrescente";"Céu Claro";"Simples";"Curva";"Não";3;0;0;0;3;0;0;2;-28,30317157;-52,04807281;"SPRF-RS";"DEL08-RS";"UOP03-DEL08-RS"