"id";"data_inversa";"dia_semana";"horario";"uf";"br";"km";"municipio";"causa_acidente";"tipo_acidente";"classificacao_acidente";"fase_dia";"sentido_via";"condicao_metereologica";"tipo_pista";"tracado_via";"uso_solo";"pessoas";"mortos";"feridos_leves";"feridos_graves";"ilesos";"ignorados";"feridos";"veiculos";"latitude";"longitude";"regional";"delegacia";"uop"
415922;2022-02-19;"sábado";"14:55:00";"BA";116;776;"PLANALTO";"Condutor deixou de manter distância do veículo da frente";"Colisão traseira";"Com Vítimas Feridas";"Pleno dia";"Decrescente";"Nublado";"Simples";"Reta";"Sim";3;0;1;0;1;1;1;3;-14,59897899;-40,43763203;"SPRF-BA";"DEL08-BA";"UOP02-DEL08-BA"
415926;2022-02-07;"segunda-feira";"06:00:00";"GO";20;30;"FORMOSA";"Velocidade Incompatível";"Saída de leito carroçável";"Com Vítimas Feridas";"Amanhecer";"Crescente";"Nublado";"Dupla";"Reta";"Sim";3;0;2;0;0;2;2;3;-15,498156;-47,109814;"SPRF-DF";"DEL02-DF";"UOP01-DEL02-DF"
415929;2022-02-19;"sábado";"19:30:00";"MT";364;273;"JACIARA";"Trafegar com motocicleta (ou similar) entre as faixas";"Queda de ocupante de veículo";"Com Vítimas Fatais";"Plena Noite";"Decrescente";"Nublado";"Dupla";"Reta";"Sim";4;1;0;0;1;3;0;5;-15,96077957;-54,96772983;"SPRF-MT";"DEL02-MT";"UOP01-DEL02-MT"
415934;2022-02-19;"sábado";"21:42:00";"SP";153;41,9;"ONDA VERDE";"Ingestão de álcool pelo condutor";"Colisão lateral mesmo sentido";"Com Vítimas Feridas";"Plena Noite";"Crescente";"Céu Claro";"Simples";"Aclive;Reta;Interseção de Vias";"Não";8;0;3;1;1;3;4;4;-20,62848304;-49,33623886;"SPRF-SP";"DEL09-SP";"UOP01-DEL09-SP"
415935;2022-02-19;"sábado";"15:45:00";"BA";407;169;"FILADELFIA";"Ingestão de álcool pelo condutor";"Colisão frontal";"Com Vítimas Fatais";"Pleno dia";"Crescente";"Céu Claro";"Simples";"Reta";"Não";3;1;0;0;1;1;0;3;-10,83017998;-40,11418081;"SPRF-BA";"DEL04-BA";"UOP01-DEL04-BA"
415947;2022-02-19;"sábado";"21:00:00";"SP";116;362,3;"MIRACATU";"Manobra de mudança de faixa";"Colisão lateral mesmo sentido";"Com Vítimas Feridas";"Plena Noite";"Crescente";"Céu Claro";"Dupla";"Curva";"Não";6;0;1;0;4;1;1;3;-24,1220177;-47,27047772;"SPRF-SP";"DEL04-SP";"UOP02-DEL04-SP"
415951;2022-02-19;"sábado";"22:15:00";"MG";40;789,3;"JUIZ DE FORA";"Chuva";"Saída de leito carroçável";"Sem Vítimas";"Plena Noite";"Decrescente";"Chuva";"Dupla";"Reta";"Não";2;0;0;0;1;1;0;2;-21,75969297;-43,44077628;"SPRF-MG";"DEL05-MG";"UOP01-DEL05-MG"
415955;2022-02-19;"sábado";"18:30:00";"BA";116;869;"VITORIA DA CONQUISTA";"Demais falhas mecânicas ou elétricas";"Incêndio";"Sem Vítimas";"Plena Noite";"Decrescente";"Nublado";"Simples";"Aclive;Reta";"Não";2;0;0;0;1;1;0;2;-15,1235422;-41,03458466;"SPRF-BA";"DEL08-BA";"UOP01-DEL08-BA"
415973;2022-02-19;"sábado";"19:00:00";"MT";163;603;"NOVA MUTUM";"Ultrapassagem Indevida";"Colisão frontal";"Com Vítimas Fatais";"Plena Noite";"Crescente";"Garoa/Chuvisco";"Simples";"Reta";"Não";2;1;0;0;1;0;0;2;-13,88122005;-56,08852761;"SPRF-MT";"DEL01-MT";"UOP01-DEL01-MT"
415981;2022-02-20;"domingo";"01:51:00";"PE";423;116,4;"PARANATAMA";"Pedestre andava na pista";"Atropelamento de Pedestre";"Com Vítimas Fatais";"Plena Noite";"Decrescente";"Nevoeiro/Neblina";"Simples";"Reta";"Não";2;1;0;0;0;1;0;2;-8,905391;-36,664301;"SPRF-PE";"DEL03-PE";"UOP01-DEL03-PE"
415982;2022-02-20;"domingo";"00:30:00";"RJ";101;69,4;"CAMPOS DOS GOYTACAZES";"Iluminação deficiente";"Colisão lateral sentido oposto";"Com Vítimas Feridas";"Plena Noite";"Crescente";"Chuva";"Simples";"Reta";"Não";2;0;1;0;0;1;1;2;-21,77624383;-41,3653321;"SPRF-RJ";"DEL08-RJ";"UOP02-DEL08-RJ"
415984;2022-02-19;"sábado";"23:15:00";"RS";290;40,6;"SANTO ANTONIO DA PATRULHA";"Condutor Dormindo";"Tombamento";"Com Vítimas Feridas";"Plena Noite";"Crescente";"Céu Claro";"Dupla";"Reta";"Não";2;0;1;0;0;1;1;2;-29,886173;-50,658577;"SPRF-RS";"DEL03-RS";"UOP01-DEL03-RS"
415986;2022-02-20;"domingo";"00:15:00";"RJ";116;267,8;"BARRA MANSA";"Condutor Dormindo";"Colisão traseira";"Com Vítimas Feridas";"Plena Noite";"Crescente";"Chuva";"Dupla";"Curva";"Não";8;0;3;2;1;2;5;3;-22,58964229;-44,10482516;"SPRF-RJ";"DEL07-RJ";"UOP02-DEL07-RJ"
415988;2022-02-20;"domingo";"02:45:00";"SC";101;186;"BIGUACU";"Ingestão de álcool pelo condutor";"Colisão lateral mesmo sentido";"Sem Vítimas";"Plena Noite";"Decrescente";"Céu Claro";"Dupla";"Reta";"Não";2;0;0;0;2;0;0;2;-27,4341098;-48,62567129;"SPRF-SC";"DEL01-SC";"UOP01-DEL01-SC"
415993;2022-02-20;"domingo";"00:40:00";"MT";163;716;"SORRISO";"Ingestão de álcool pelo condutor";"Saída de leito carroçável";"Sem Vítimas";"Plena Noite";"Decrescente";"Garoa/Chuvisco";"Simples";"Reta";"Não";2;0;0;0;1;1;0;2;-12,95429994;-55,86883615;"SPRF-MT";"DEL06-MT";"UOP01-DEL06-MT"
416012;2022-02-20;"domingo";"06:27:00";"PR";376;550;"PALMEIRA";"Reação tardia ou ineficiente do condutor";"Colisão traseira";"Com Vítimas Feridas";"Pleno dia";"Decrescente";"Nublado";"Dupla";"Reta";"Não";3;0;1;0;1;3;1;5;-25,42785673;-49,75843728;"SPRF-PR";"DEL01-PR";"UOP03-DEL03-PR"
416016;2022-02-09;"quarta-feira";"14:13:00";"SC";163;103,6;"SAO JOSE DO CEDRO";"Carga excessiva e/ou mal acondicionada";"Colisão transversal";"Com Vítimas Feridas";"Pleno dia";"Crescente";"Céu Claro";"Simples";"Reta";"Sim";3;0;0;1;1;1;1;3;-26,4620908796;-53,5077058958;"SPRF-SC";"DEL07-SC";"UOP03-DEL07-SC"
416022;2022-02-20;"domingo";"04:10:00";"SC";282;587;"PINHALZINHO";"Ingestão de álcool pelo condutor";"Colisão lateral sentido oposto";"Sem Vítimas";"Plena Noite";"Decrescente";"Céu Claro";"Simples";"Curva";"Não";2;0;0;0;2;0;0;2;-26,830677;-53,04443;"SPRF-SC";"DEL07-SC";"UOP02-DEL07-SC"
416023;2022-02-17;"quinta-feira";"06:00:00";"MG";153;27,5;"CANAPOLIS";"Pista esburacada";"Tombamento";"Com Vítimas Feridas";"Pleno dia";"Decrescente";"Céu Claro";"Dupla";"Reta";"Não";2;0;1;0;0;1;1;2;-18,658187;-49,168217;"SPRF-MG";"DEL15-MG";"UOP03-DEL15-MG"
416028;2022-02-20;"domingo";"05:20:00";"SC";101;119,2;"ITAJAI";"Condutor Dormindo";"Colisão com objeto";"Com Vítimas Fatais";"Amanhecer";"Crescente";"Céu Claro";"Dupla";"Reta";"Não";2;1;0;0;0;1;0;2;-26,90611;-48,714701;"SPRF-SC";"DEL04-SC";"UOP04-DEL04-SC"
416035;2022-02-20;"domingo";"09:09:00";"GO";50;95;"CRISTALINA";"Carga excessiva e/ou mal acondicionada";"Tombamento";"Sem Vítimas";"Pleno dia";"Decrescente";"Céu Claro";"Simples";"Curva";"Sim";2;0;0;0;1;1;0;2;-16,9309;-47,7117;"SPRF-DF";"DEL01-DF";"UOP02-DEL01-DF"
416050;2022-02-20;"domingo";"10:30:00";"PR";277;343,6;"GUARAPUAVA";"Pedestre andava na pista";"Atropelamento de Pedestre";"Com Vítimas Feridas";"Pleno dia";"Crescente";"Céu Claro";"Dupla";"Reta";"Não";2;0;1;0;1;0;1;2;-25,33989301;-51,419254;"SPRF-PR";"DEL08-PR";"UOP01-DEL08-PR"
416051;2022-02-20;"domingo";"11:00:00";"MG";267;251,6;"CARVALHOS";"Velocidade Incompatível";"Saída de leito carroçável";"Com Vítimas Feridas";"Pleno dia";"Decrescente";"Céu Claro";"Simples";"Curva";"Não";2;0;0;1;0;1;1;2;-21,93968682;-44,49100577;"SPRF-MG";"DEL17-MG";"UOP01-DEL17-MG"
416058;2022-02-20;"domingo";"11:50:00";"RS";116;656;"JAGUARAO";"Demais falhas mecânicas ou elétricas";"Colisão transversal";"Sem Vítimas";"Pleno dia";"Crescente";"Céu Claro";"Simples";"Interseção de Vias";"Sim";3;0;0;0;2;1;0;3;-32,56067023;-53,38439839;"SPRF-RS";"DEL07-RS";"UOP03-DEL07-RS"
416072;2022-02-20;"domingo";"13:30:00";"RS";116;153,8;"CAXIAS DO SUL";"Velocidade Incompatível";"Tombamento";"Com Vítimas Feridas";"Pleno dia";"Decrescente";"Céu Claro";"Múltipla";"Rotatória";"Sim";2;0;1;0;0;1;1;2;-29,18832236;-51,18264198;"SPRF-RS";"DEL05-RS";"UOP01-DEL05-RS"
416075;2022-02-08;"terça-feira";"06:20:00";"SE";235;6,2;"NOSSA SENHORA DO SOCORRO";"Objeto estático sobre o leito carroçável";"Colisão com objeto";"Com Vítimas Feridas";"Pleno dia";"Decrescente";"Sol";"Dupla";"Declive;Viaduto";"Sim";3;0;1;0;2;0;1;3;-10,903851;-37,128677;"SPRF-SE";"DEL01-SE";"UOP01-DEL01-SE"
416076;2022-01-27;"quinta-feira";"06:30:00";"MA";135;86,9;"ITAPECURU MIRIM";"Velocidade Incompatível";"Colisão traseira";"Sem Vítimas";"Pleno dia";"Decrescente";"Chuva";"Simples";"Reta";"Sim";5;0;0;0;4;1;0;5;-3,2636826238;-44,3940464212;"SPRF-MA";"DEL01-MA";"UOP02-DEL01-MA"
416081;2022-02-20;"domingo";"11:30:00";"MG";381;565;"ITAGUARA";"Avarias e/ou desgaste excessivo no pneu";"Tombamento";"Com Vítimas Feridas";"Pleno dia";"Decrescente";"Céu Claro";"Dupla";"Reta";"Não";2;0;1;0;0;1;1;2;-20,40868701;-44,52561498;"SPRF-MG";"DEL04-MG";"UOP03-DEL04-MG"
416086;2022-02-20;"domingo";"15:25:00";"DF";80;21,6;"BRASILIA";"Manobra de mudança de faixa";"Colisão lateral mesmo sentido";"Com Vítimas Feridas";"Pleno dia";"Decrescente";"Nublado";"Dupla";"Reta";"Sim";3;0;1;0;1;3;1;5;-15,66035425;-48,2033515;"SPRF-DF";"DEL03-DF";"UOP02-DEL03-DF"
416101;2022-02-20;"domingo";"17:15:00";"TO";153;139;"ARAGUAINA";"Desrespeitar a preferência no cruzamento";"Colisão transversal";"Com Vítimas Feridas";"Pleno dia";"Decrescente";"Nublado";"Dupla";"Rotatória";"Sim";2;0;0;1;1;0;1;2;-7,16325275;-48,20698926;"SPRF-TO";"DEL02-TO";"UOP01-DEL02-TO"
416105;2022-02-20;"domingo";"17:10:00";"PR";116;157;"MANDIRITUBA";"Condutor Dormindo";"Colisão transversal";"Com Vítimas Feridas";"Pleno dia";"Decrescente";"Céu Claro";"Simples";"Reta";"Não";3;0;1;0;2;0;1;3;-25,86771116;-49,36469855;"SPRF-PR";"DEL01-PR";"UOP03-DEL01-PR"
416107;2022-02-20;"domingo";"17:10:00";"PR";277;115;"CAMPO LARGO";"Ingestão de álcool pelo condutor";"Colisão lateral mesmo sentido";"Sem Vítimas";"Pleno dia";"Crescente";"Céu Claro";"Dupla";"Reta";"Sim";3;0;0;0;2;2;0;4;-25,43041215;-49,39663893;"SPRF-PR";"DEL01-PR";"UOP03-DEL03-PR"
416110;2022-02-20;"domingo";"17:05:00";"MS";163;703;"RIO VERDE DE MATO GROSSO";"Demais falhas mecânicas ou elétricas";"Incêndio";"Sem Vítimas";"Pleno dia";"Decrescente";"Céu Claro";"Dupla";"Reta";"Não";3;0;0;0;2;1;0;2;-18,73077206;-54,81705577;"SPRF-MS";"DEL06-MS";"UOP01-DEL06-MS"
416149;2022-02-20;"domingo";"20:45:00";"MG";40;143,5;"JOAO PINHEIRO";"Manobra de mudança de faixa";"Colisão transversal";"Sem Vítimas";"Plena Noite";"Crescente";"Garoa/Chuvisco";"Simples";"Reta";"Sim";3;0;0;0;2;2;0;4;-17,7457975;-46,17842682;"SPRF-MG";"DEL14-MG";"UOP01-DEL14-MG"
416151;2022-02-20;"domingo";"21:00:00";"GO";364;306;"MINEIROS";"Transitar na contramão";"Colisão lateral sentido oposto";"Com Vítimas Feridas";"Plena Noite";"Crescente";"Nublado";"Simples";"Reta";"Não";4;0;3;0;1;0;3;2;-17,511412;-52,536316;"SPRF-GO";"DEL05-GO";"UOP01-DEL05-GO"
416152;2022-02-20;"domingo";"21:15:00";"MG";381;882,1;"CAMBUI";"Objeto estático sobre o leito carroçável";"Colisão com objeto";"Com Vítimas Feridas";"Plena Noite";"Decrescente";"Nublado";"Dupla";"Reta;Ponte";"Não";2;0;1;0;0;1;1;2;-22,52371907;-46,0241579;"SPRF-MG";"DEL16-MG";"UOP03-DEL16-MG"
416161;2022-02-20;"domingo";"19:30:00";"MG";50;77,9;"UBERLANDIA";"Ingestão de álcool pelo condutor";"Colisão traseira";"Com Vítimas Fatais";"Plena Noite";"Crescente";"Céu Claro";"Dupla";"Reta";"Não";6;1;0;0;1;4;0;4;-18,94231516;-48,21899414;"SPRF-MG";"DEL15-MG";"UOP01-DEL15-MG"
416162;2022-02-20;"domingo";"21:30:00";"ES";101;182,9;"ARACRUZ";"Reação tardia ou ineficiente do condutor";"Saída de leito carroçável";"Com Vítimas Feridas";"Plena Noite";"Crescente";"Céu Claro";"Simples";"Curva";"Não";1;0;1;0;0;0;1;1;-19,6386808;-40,23155029;"SPRF-ES";"DEL04-ES";"UOP01-DEL04-ES"
416182;2022-02-20;"domingo";"22:50:00";"BA";101;503;"ITABUNA";"Transitar na contramão";"Atropelamento de Pedestre";"Com Vítimas Feridas";"Plena Noite";"Decrescente";"Céu Claro";"Simples";"Reta";"Sim";3;0;0;1;0;2;1;2;-14,93204115;-39,30057969;"SPRF-BA";"DEL05-BA";"UOP01-DEL05-BA"
416183;2022-02-20;"domingo";"23:35:00";"MG";40;464,8;"SETE LAGOAS";"Ausência de reação do condutor";"Colisão traseira";"Com Vítimas Fatais";"Plena Noite";"Crescente";"Céu Claro";"Dupla";"Aclive";"Não";2;1;0;0;1;0;0;2;-19,4375;-44,3322;"SPRF-MG";"DEL02-MG";"UOP01-DEL02-MG"
416184;2022-02-20;"domingo";"23:00:00";"PR";467;90,4;"CASCAVEL";"Condutor deixou de manter distância do veículo da frente";"Colisão traseira";"Com Vítimas Feridas";"Plena Noite";"Crescente";"Céu Claro";"Dupla";"Curva";"Não";2;0;1;0;0;1;1;2;-24,8439;-53,6077;"SPRF-PR";"DEL04-PR";"UOP01-DEL04-PR"
416189;2022-02-20;"domingo";"21:40:00";"MG";116;595,2;"MANHUACU";"Velocidade Incompatível";"Saída de leito carroçável";"Com Vítimas Feridas";"Plena Noite";"Crescente";"Nublado";"Simples";"Curva";"Não";3;0;1;0;1;2;1;3;-20,29516807;-42,14747044;"SPRF-MG";"DEL06-MG";"UOP03-DEL06-MG"
416196;2022-02-21;"segunda-feira";"00:01:00";"BA";101;748,1;"ITABELA";"Ingestão de álcool pelo condutor";"Colisão lateral sentido oposto";"Com Vítimas Feridas";"Plena Noite";"Crescente";"Céu Claro";"Simples";"Curva";"Não";2;0;0;1;1;0;1;2;-16,75062719;-39,45294486;"SPRF-BA";"DEL09-BA";"UOP01-DEL09-BA"
416200;2022-02-20;"domingo";"22:30:00";"MG";40;320,6;"TRES MARIAS";"Velocidade Incompatível";"Tombamento";"Com Vítimas Feridas";"Plena Noite";"Crescente";"Nublado";"Simples";"Curva";"Não";2;0;1;0;0;1;1;2;-18,51247005;-45,07802246;"SPRF-MG";"DEL14-MG";"UOP02-DEL14-MG"
416210;2022-02-21;"segunda-feira";"03:00:00";"PR";277;34,3;"MORRETES";"Demais falhas mecânicas ou elétricas";"Colisão traseira";"Com Vítimas Feridas";"Plena Noite";"Decrescente";"Nublado";"Dupla";"Reta";"Não";3;0;0;1;1;2;1;4;-25,57217556;-48,82221222;"SPRF-PR";"DEL01-PR";"UOP05-DEL01-PR"
416223;2022-02-21;"segunda-feira";"02:40:00";"RO";364;423;"JARU";"Ingestão de álcool pelo condutor";"Colisão frontal";"Sem Vítimas";"Plena Noite";"Decrescente";"Chuva";"Simples";"Reta;Ponte";"Sim";3;0;0;0;2;1;0;2;-10,438025;-62,471093;"SPRF-RO";"DEL03-RO";"UOP02-DEL03-RO"
416226;2022-02-20;"domingo";"22:00:00";"MT";364;619;"DIAMANTINO";"Ingestão de álcool pelo condutor";"Colisão frontal";"Com Vítimas Fatais";"Plena Noite";"Crescente";"Nublado";"Simples";"Reta";"Não";9;3;2;2;1;2;4;4;-14,39992891;-56,34115994;"SPRF-MT";"DEL01-MT";"UOP01-DEL01-MT"
416234;2022-02-21;"segunda-feira";"07:43:00";"SP";153;60,2;"SAO JOSE DO RIO PRETO";"Demais falhas mecânicas ou elétricas";"Colisão traseira";"Com Vítimas Feridas";"Pleno dia";"Crescente";"Sol";"Dupla";"Reta";"Sim";6;0;1;0;5;0;1;6;-20,79627979;-49,35480206;"SPRF-SP";"DEL09-SP";"UOP01-DEL09-SP"
416237;2022-02-20;"domingo";"12:15:00";"BA";30;685,8;"JEQUIE";"Ultrapassagem Indevida";"Tombamento";"Sem Vítimas";"Pleno dia";"Crescente";"Céu Claro";"Simples";"Aclive";"Não";1;0;0;0;1;0;0;1;-13,950655;-40,165551;"SPRF-BA";"DEL08-BA";"UOP01-DEL08-BA"
416238;2022-02-21;"segunda-feira";"00:35:00";"BA";116;636;"JAGUAQUARA";"Condutor Dormindo";"Tombamento";"Com Vítimas Feridas";"Plena Noite";"Crescente";"Céu Claro";"Simples";"Reta";"Não";1;0;1;0;0;0;1;1;-13,49889298;-40,05022605;"SPRF-BA";"DEL03-BA";"UOP01-DEL03-BA"
416239;2022-02-21;"segunda-feira";"06:50:00";"RS";285;336,9;"CARAZINHO";"Manobra de mudança de faixa";"Saída de leito carroçável";"Com Vítimas Feridas";"Amanhecer";"Decrescente";"Chuva";"Simples";"Declive";"Não";2;0;0;2;0;0;2;1;-28,31778;-52,759102;"SPRF-RS";"DEL08-RS";"UOP03-DEL08-RS"
416245;2022-02-21;"segunda-feira";"06:55:00";"PE";101;78,1;"JABOATAO DOS GUARARAPES";"Ultrapassagem Indevida";"Tombamento";"Com Vítimas Fatais";"Pleno dia";"Decrescente";"Céu Claro";"Dupla";"Reta";"Sim";3;1;0;0;1;1;0;3;-8,13496499;-34,94738614;"SPRF-PE";"DEL01-PE";"UOP01-DEL01-PE"
416247;2022-02-21;"segunda-feira";"08:00:00";"ES";101;399,7;"ITAPEMIRIM";"Condutor Dormindo";"Colisão lateral sentido oposto";"Com Vítimas Fatais";"Pleno dia";"Crescente";"Céu Claro";"Simples";"Reta";"Não";2;1;0;0;1;0;0;2;-20,89106645;-40,99876886;"SPRF-ES";"DEL03-ES";"UOP02-DEL03-ES"
416248;2022-02-07;"segunda-feira";"16:00:00";"BA";116;147,7;"CANUDOS";"Demais falhas mecânicas ou elétricas";"Incêndio";"Sem Vítimas";"Anoitecer";"Crescente";"Céu Claro";"Simples";"Reta";"Não";2;0;0;0;1;1;0;2;-9,893108;-39,169516;"SPRF-BA";"DEL07-BA";"UOP01-DEL07-BA"
416250;2022-02-21;"segunda-feira";"05:50:00";"MT";163;1060;"MATUPA";"Ultrapassagem Indevida";"Colisão frontal";"Com Vítimas Feridas";"Pleno dia";"Crescente";"Nublado";"Simples";"Reta";"Não";2;0;0;1;1;0;1;2;-10,12527002;-54,93236013;"SPRF-MT";"DEL06-MT";"NPF/DEL06-MT"
416260;2022-02-21;"segunda-feira";"08:35:00";"ES";101;144;"LINHARES";"Acesso irregular";"Tombamento";"Com Vítimas Feridas";"Pleno dia";"Crescente";"Céu Claro";"Dupla";"Reta";"Sim";4;0;2;0;2;0;2;2;-19,35188295;-40,0636685;"SPRF-ES";"DEL04-ES";"UOP01-DEL04-ES"
416270;2022-02-21;"segunda-feira";"06:30:00";"SC";282;612,6;"MARAVILHA";"Sinalização mal posicionada";"Colisão lateral mesmo sentido";"Com Vítimas Feridas";"Pleno dia";"Crescente";"Chuva";"Simples";"Reta";"Não";3;0;1;1;1;0;2;2;-26,76932;-53,264568;"SPRF-SC";"DEL07-SC";"UOP02-DEL07-SC"
416277;2022-02-14;"segunda-feira";"06:40:00";"MG";40;513;"RIBEIRAO DAS NEVES";"Condutor deixou de manter distância do veículo da frente";"Colisão traseira";"Com Vítimas Feridas";"Pleno dia";"Crescente";"Céu Claro";"Dupla";"Reta";"Sim";2;0;1;0;1;0;1;2;-19,7970544;-44,1080512;"SPRF-MG";"DEL01-MG";"UOP02-DEL01-MG"
416281;2022-02-21;"segunda-feira";"11:00:00";"PE";232;4,6;"RECIFE";"Velocidade Incompatível";"Colisão lateral mesmo sentido";"Com Vítimas Feridas";"Pleno dia";"Crescente";"Céu Claro";"Dupla";"Viaduto";"Não";3;0;0;1;1;1;1;3;-8,064473;-34,936928;"SPRF-PE";"DEL01-PE";"UOP01-DEL01-PE"
416289;2022-02-21;"segunda-feira";"11:30:00";"SP";116;225;"GUARULHOS";"Manobra de mudança de faixa";"Colisão traseira";"Com Vítimas Feridas";"Pleno dia";"Decrescente";"Céu Claro";"Múltipla";"Reta";"Sim";4;0;0;1;3;0;1;4;-23,48586772;-46,54075317;"SPRF-SP";"DEL01-SP";"UOP01-DEL01-SP"
416296;2022-02-21;"segunda-feira";"11:45:00";"GO";20;104,5;"FLORES DE GOIAS";"Velocidade Incompatível";"Tombamento";"Com Vítimas Feridas";"Pleno dia";"Crescente";"Céu Claro";"Simples";"Retorno Regulamentado";"Não";2;0;1;0;1;0;1;1;-14,921622;-46,966019;"SPRF-DF";"DEL02-DF";"UOP01-DEL02-DF"
416298;2022-02-21;"segunda-feira";"13:25:00";"SC";101;116,9;"ITAJAI";"Velocidade Incompatível";"Colisão traseira";"Com Vítimas Feridas";"Pleno dia";"Decrescente";"Céu Claro";"Dupla";"Reta";"Não";3;0;1;0;1;2;1;4;-26,87905605;-48,72603512;"SPRF-SC";"DEL04-SC";"UOP04-DEL04-SC"
416299;2022-02-21;"segunda-feira";"08:00:00";"SP";153;311;"SAO PEDRO DO TURVO";"Reação tardia ou ineficiente do condutor";"Tombamento";"Com Vítimas Feridas";"Pleno dia";"Decrescente";"Céu Claro";"Simples";"Reta";"Não";3;0;1;0;0;2;1;3;-22,677443;-49,88958268;"SPRF-SP";"DEL07-SP";"UOP03-DEL07-SP"
416300;2022-02-21;"segunda-feira";"13:20:00";"RS";116;363;"TAPES";"Velocidade Incompatível";"Colisão com objeto";"Com Vítimas Feridas";"Pleno dia";"Crescente";"Nublado";"Simples";"Rotatória";"Não";2;0;1;0;0;1;1;2;-30,64814964;-51,56101323;"SPRF-RS";"DEL02-RS";"UOP02-DEL02-RS"
416302;2022-02-21;"segunda-feira";"13:20:00";"PR";153;481,5;"GENERAL CARNEIRO";"Transitar na contramão";"Colisão frontal";"Com Vítimas Fatais";"Pleno dia";"Crescente";"Sol";"Simples";"Curva";"Sim";3;1;1;1;0;0;2;2;-26,41062808;-51,28761292;"SPRF-PR";"DEL02-PR";"UOP03-DEL02-PR"
416307;2022-02-21;"segunda-feira";"12:30:00";"SC";470;48;"BLUMENAU";"Ausência de reação do condutor";"Colisão lateral sentido oposto";"Com Vítimas Feridas";"Pleno dia";"Decrescente";"Sol";"Simples";"Reta";"Não";2;0;1;0;1;0;1;2;-26,859823;-49,055393;"SPRF-SC";"DEL04-SC";"UOP01-DEL04-SC"
416308;2022-02-21;"segunda-feira";"12:30:00";"BA";116;785,9;"PLANALTO";"Entrada inopinada do pedestre";"Atropelamento de Pedestre";"Com Vítimas Fatais";"Pleno dia";"Crescente";"Céu Claro";"Simples";"Reta";"Não";3;1;0;0;1;3;0;5;-14,67336137;-40,48962592;"SPRF-BA";"DEL08-BA";"UOP02-DEL08-BA"
416313;2022-02-21;"segunda-feira";"12:46:00";"MG";381;648,2;"SANTO ANTONIO DO AMPARO";"Velocidade Incompatível";"Colisão com objeto";"Com Vítimas Feridas";"Pleno dia";"Decrescente";"Céu Claro";"Dupla";"Curva";"Não";1;0;1;0;0;0;1;1;-20,95761493;-44,92120513;"SPRF-MG";"DEL04-MG";"UOP02-DEL04-MG"
416316;2022-02-21;"segunda-feira";"14:40:00";"RS";290;557;"ALEGRETE";"Reação tardia ou ineficiente do condutor";"Colisão traseira";"Com Vítimas Fatais";"Pleno dia";"Crescente";"Céu Claro";"Simples";"Aclive;Reta";"Não";8;2;1;1;3;1;2;4;-29,900185;-55,569252;"SPRF-RS";"DEL13-RS";"UOP02-DEL13-RS"
416329;2022-02-21;"segunda-feira";"16:15:00";"PE";101;114,9;"IPOJUCA";"Condutor Dormindo";"Saída de leito carroçável";"Com Vítimas Feridas";"Pleno dia";"Crescente";"Nublado";"Dupla";"Curva";"Não";2;0;1;0;0;1;1;2;-8,33627384;-35,140028;"SPRF-PE";"DEL01-PE";"UOP01-DEL01-PE"
416331;2022-02-21;"segunda-feira";"15:00:00";"GO";60;137;"GOIANIA";"Chuva";"Eventos atípicos";"Sem Vítimas";"Pleno dia";"Crescente";"Chuva";"Dupla";"Declive";"Não";2;0;0;0;1;1;0;2;-16,603;-49,2023;"SPRF-GO";"DEL01-GO";"UOP01-DEL01-GO"
416332;2022-01-21;"sexta-feira";"15:15:00";"RJ";40;9;"TRES RIOS";"Reação tardia ou ineficiente do condutor";"Colisão traseira";"Com Vítimas Feridas";"Pleno dia";"Decrescente";"Céu Claro";"Dupla";"Reta";"Não";4;0;2;0;1;1;2;3;-22,0456371161;-43,2151359929;"SPRF-RJ";"DEL05-RJ";"UOP02-DEL05-RJ"
416335;2022-02-21;"segunda-feira";"08:15:00";"MT";70;548;"NOSSA SENHORA DO LIVRAMENTO";"Demais falhas mecânicas ou elétricas";"Incêndio";"Sem Vítimas";"Pleno dia";"Decrescente";"Nublado";"Simples";"Reta";"Não";2;0;0;0;1;1;0;2;-15,67930032;-56,289738;"SPRF-MT";"DEL03-MT";"UOP02-DEL03-MT"
416337;2022-02-21;"segunda-feira";"17:10:00";"SC";470;64,9;"INDAIAL";"Ultrapassagem Indevida";"Colisão lateral mesmo sentido";"Com Vítimas Feridas";"Pleno dia";"Crescente";"Nublado";"Simples";"Reta";"Sim";2;0;1;0;1;0;1;2;-26,870411;-49,211864;"SPRF-SC";"DEL04-SC";"UOP01-DEL04-SC"
416345;2022-02-21;"segunda-feira";"14:40:00";"BA";407;78;"JAGUARARI";"Pedestre andava na pista";"Atropelamento de Pedestre";"Com Vítimas Feridas";"Pleno dia";"Crescente";"Céu Claro";"Simples";"Reta";"Não";3;0;0;1;1;2;1;4;-10,04294896;-40,22637818;"SPRF-BA";"DEL04-BA";"UOP01-DEL04-BA"
416362;2022-02-21;"segunda-feira";"19:30:00";"MG";365;735;"ITUIUTABA";"Condutor deixou de manter distância do veículo da frente";"Colisão traseira";"Com Vítimas Feridas";"Plena Noite";"Decrescente";"Nublado";"Simples";"Reta;Aclive";"Não";2;0;1;0;1;0;1;2;-18,90585964;-49,32623604;"SPRF-MG";"DEL15-MG";"UOP03-DEL15-MG"
416368;2022-02-21;"segunda-feira";"20:10:00";"RN";304;84;"MOSSORO";"Manobra de mudança de faixa";"Colisão lateral sentido oposto";"Com Vítimas Feridas";"Plena Noite";"Crescente";"Céu Claro";"Simples";"Reta";"Não";2;0;0;1;1;0;1;2;-5,49932609;-37,14569806;"SPRF-RN";"DEL04-RN";"UOP01-DEL04-RN"