"id";"data_inversa";"dia_semana";"horario";"uf";"br";"km";"municipio";"causa_acidente";"tipo_acidente";"classificacao_acidente";"fase_dia";"sentido_via";"condicao_metereologica";"tipo_pista";"tracado_via";"uso_solo";"pessoas";"mortos";"feridos_leves";"feridos_graves";"ilesos";"ignorados";"feridos";"veiculos";"latitude";"longitude";"regional";"delegacia";"uop"
418268;2022-03-03;"quinta-feira";"05:00:00";"SP";116;298;"ITAPECERICA DA SERRA";"Ausência de reação do condutor";"Colisão traseira";"Com Vítimas Feridas";"Amanhecer";"Crescente";"Nublado";"Dupla";"Reta";"Não";5;0;1;0;3;1;1;3;-23,790858;-46,91450298;"SPRF-SP";"DEL04-SP";"UOP01-DEL04-SP"
418275;2022-03-03;"quinta-feira";"04:30:00";"MG";262;622;"IBIA";"Condutor Dormindo";"Tombamento";"Com Vítimas Feridas";"Amanhecer";"Crescente";"Céu Claro";"Simples";"Reta";"Não";2;0;1;0;0;1;1;2;-19,58532143;-46,4100118;"SPRF-MG";"DEL08-MG";"UOP02-DEL08-MG"
418279;2022-03-03;"quinta-feira";"03:10:00";"MS";262;628,2;"MIRANDA";"Condutor Dormindo";"Colisão lateral sentido oposto";"Sem Vítimas";"Plena Noite";"Crescente";"Nublado";"Simples";"Reta";"Não";2;0;0;0;2;0;0;2;-19,88382776;-56,87364546;"SPRF-MS";"DEL03-MS";"UOP02-DEL03-MS"
418287;2022-03-03;"quinta-feira";"06:00:00";"GO";364;235;"JATAI";"Transitar na contramão";"Colisão lateral sentido oposto";"Com Vítimas Feridas";"Pleno dia";"Crescente";"Céu Claro";"Simples";"Reta";"Não";3;0;0;1;1;3;1;5;-17,803482;-52,043823;"SPRF-GO";"DEL05-GO";"UOP01-DEL05-GO"
418296;2022-03-03;"quinta-feira";"06:40:00";"SP";116;99;"PINDAMONHANGABA";"Demais falhas mecânicas ou elétricas";"Tombamento";"Sem Vítimas";"Pleno dia";"Decrescente";"Céu Claro";"Dupla";"Rotatória";"Sim";1;0;0;0;1;0;0;1;-22,98236971;-45,46436617;"SPRF-SP";"DEL08-SP";"UOP01-DEL08-SP"
418300;2022-03-03;"quinta-feira";"08:00:00";"CE";20;426;"FORTALEZA";"Condutor deixou de manter distância do veículo da frente";"Colisão traseira";"Com Vítimas Feridas";"Pleno dia";"Decrescente";"Céu Claro";"Dupla";"Reta";"Sim";3;0;0;1;2;0;1;3;-3,863325;-38,524646;"SPRF-CE";"DEL01-CE";"UOP02-DEL01-CE"
418312;2022-02-25;"sexta-feira";"01:20:00";"RO";364;504;"ARIQUEMES";"Avarias e/ou desgaste excessivo no pneu";"Tombamento";"Com Vítimas Feridas";"Plena Noite";"Crescente";"Chuva";"Simples";"Reta";"Não";2;0;1;0;0;3;1;4;-10,00474102;-63,00712403;"SPRF-RO";"DEL03-RO";"UOP01-DEL03-RO"
418320;2022-03-03;"quinta-feira";"10:15:00";"RS";470;240;"BARAO";"Reação tardia ou ineficiente do condutor";"Colisão frontal";"Com Vítimas Feridas";"Pleno dia";"Crescente";"Céu Claro";"Simples";"Curva";"Não";3;0;1;0;1;1;1;3;-29,33853872;-51,5054282;"SPRF-RS";"DEL06-RS";"UOP01-DEL06-RS"
418322;2022-03-03;"quinta-feira";"08:20:00";"PR";277;394;"CANDOI";"Velocidade Incompatível";"Tombamento";"Com Vítimas Feridas";"Pleno dia";"Crescente";"Céu Claro";"Simples";"Curva";"Não";4;0;1;0;1;3;1;5;-25,44444496;-51,868045;"SPRF-PR";"DEL08-PR";"UOP01-DEL08-PR"
418324;2022-03-03;"quinta-feira";"05:45:00";"RS";153;380,9;"NOVO CABRAIS";"Ingestão de álcool pelo condutor";"Colisão frontal";"Com Vítimas Feridas";"Plena Noite";"Decrescente";"Céu Claro";"Simples";"Reta";"Não";2;0;2;0;0;0;2;2;-29,80609284;-52,97264099;"SPRF-RS";"DEL02-RS";"UOP03-DEL02-RS"
418327;2022-03-03;"quinta-feira";"09:00:00";"MG";40;121,7;"JOAO PINHEIRO";"Ausência de reação do condutor";"Colisão lateral sentido oposto";"Com Vítimas Feridas";"Pleno dia";"Decrescente";"Céu Claro";"Simples";"Declive;Curva";"Não";2;0;1;0;1;0;1;2;-17,665342;-46,348267;"SPRF-MG";"DEL14-MG";"UOP01-DEL14-MG"
418332;2022-03-03;"quinta-feira";"10:35:00";"SP";116;219;"GUARULHOS";"Reação tardia ou ineficiente do condutor";"Colisão traseira";"Com Vítimas Feridas";"Pleno dia";"Crescente";"Céu Claro";"Múltipla";"Reta";"Sim";2;0;1;0;1;0;1;2;-23,46143954;-46,48885316;"SPRF-SP";"DEL01-SP";"UOP01-DEL01-SP"
418334;2022-03-03;"quinta-feira";"10:20:00";"SC";470;68;"INDAIAL";"Conversão proibida";"Colisão transversal";"Com Vítimas Feridas";"Pleno dia";"Decrescente";"Nublado";"Simples";"Reta;Interseção de Vias";"Sim";2;0;1;0;1;0;1;2;-26,877615;-49,239231;"SPRF-SC";"DEL04-SC";"UOP01-DEL04-SC"
418336;2022-03-03;"quinta-feira";"06:40:00";"BA";324;447;"RIACHAO DO JACUIPE";"Mal súbito do condutor";"Saída de leito carroçável";"Com Vítimas Feridas";"Pleno dia";"Crescente";"Céu Claro";"Simples";"Declive;Reta";"Não";1;0;1;0;0;0;1;1;-11,85893714;-39,32711211;"SPRF-BA";"DEL02-BA";"UOP01-DEL02-BA"
418338;2022-03-03;"quinta-feira";"11:15:00";"RS";290;145;"ELDORADO DO SUL";"Reação tardia ou ineficiente do condutor";"Engavetamento";"Com Vítimas Feridas";"Pleno dia";"Decrescente";"Céu Claro";"Simples";"Reta";"Sim";6;0;2;0;4;0;2;3;-30,100563;-51,656773;"SPRF-RS";"DEL02-RS";"UOP01-DEL02-RS"
418341;2022-03-03;"quinta-feira";"09:30:00";"PR";116;145;"MANDIRITUBA";"Transitar na contramão";"Colisão lateral sentido oposto";"Sem Vítimas";"Pleno dia";"Crescente";"Nublado";"Simples";"Declive;Curva";"Não";3;0;0;0;1;2;0;3;-25,810524;-49,326808;"SPRF-PR";"DEL01-PR";"UOP03-DEL01-PR"
418353;2022-03-03;"quinta-feira";"12:40:00";"PB";230;206,1;"SOLEDADE";"Frear bruscamente";"Colisão traseira";"Sem Vítimas";"Pleno dia";"Crescente";"Sol";"Simples";"Reta";"Não";2;0;0;0;2;0;0;2;-7,09;-36,2887;"SPRF-PB";"DEL02-PB";"UOP02-DEL02-PB"
418356;2022-03-02;"quarta-feira";"05:40:00";"PR";277;132;"BALSA NOVA";"Velocidade Incompatível";"Colisão com objeto";"Sem Vítimas";"Pleno dia";"Crescente";"Nublado";"Dupla";"Curva";"Não";2;0;0;0;1;2;0;3;-25,471731;-49,661873;"SPRF-PR";"DEL01-PR";"UOP03-DEL03-PR"
418359;2022-03-03;"quinta-feira";"12:30:00";"MG";116;291;"TEOFILO OTONI";"Demais falhas mecânicas ou elétricas";"Saída de leito carroçável";"Com Vítimas Feridas";"Pleno dia";"Crescente";"Sol";"Simples";"Reta";"Não";1;0;1;0;0;0;1;1;-17,97623406;-41,54707092;"SPRF-MG";"DEL11-MG";"UOP01-DEL11-MG"
418366;2022-01-09;"domingo";"06:00:00";"RJ";356;129;"CAMPOS DOS GOYTACAZES";"Demais falhas mecânicas ou elétricas";"Incêndio";"Sem Vítimas";"Pleno dia";"Decrescente";"Nublado";"Simples";"Reta";"Não";1;0;0;0;1;0;0;1;-21,68767077;-41,35696354;"SPRF-RJ";"DEL08-RJ";"UOP01-DEL08-RJ"
418372;2022-01-26;"quarta-feira";"21:10:00";"MG";40;737,7;"SANTOS DUMONT";"Pista Escorregadia";"Colisão frontal";"Com Vítimas Fatais";"Plena Noite";"Decrescente";"Chuva";"Simples";"Curva";"Não";8;2;1;1;2;3;2;6;-21,38296999;-43,57033542;"SPRF-MG";"DEL05-MG";"UOP01-DEL05-MG"
418378;2022-03-03;"quinta-feira";"15:30:00";"PR";116;32;"CAMPINA GRANDE DO SUL";"Ausência de reação do condutor";"Colisão traseira";"Com Vítimas Feridas";"Pleno dia";"Crescente";"Céu Claro";"Dupla";"Reta";"Não";4;0;1;0;2;2;1;5;-25,10497579;-48,83973903;"SPRF-PR";"DEL01-PR";"UOP02-DEL01-PR"
418380;2022-03-03;"quinta-feira";"15:00:00";"RS";158;327,8;"SANTA MARIA";"Manobra de mudança de faixa";"Colisão lateral mesmo sentido";"Sem Vítimas";"Pleno dia";"Crescente";"Céu Claro";"Dupla";"Em Obras";"Sim";3;0;0;0;2;1;0;3;-29,714945;-53,81083;"SPRF-RS";"DEL09-RS";"UOP01-DEL09-RS"
418387;2022-03-03;"quinta-feira";"16:10:00";"RS";116;43;"VACARIA";"Acessar a via sem observar a presença dos outros veículos";"Colisão transversal";"Com Vítimas Feridas";"Pleno dia";"Decrescente";"Céu Claro";"Simples";"Interseção de Vias";"Sim";4;0;1;0;2;2;1;4;-28,53520735;-50,96223698;"SPRF-RS";"DEL05-RS";"UOP03-DEL05-RS"
418388;2022-02-16;"quarta-feira";"14:45:00";"MS";262;412;"TERENOS";"Manobra de mudança de faixa";"Colisão frontal";"Com Vítimas Feridas";"Pleno dia";"Crescente";"Vento";"Simples";"Aclive";"Não";4;0;2;0;1;1;2;3;-20,4440307;-55,13298106;"SPRF-MS";"DEL01-MS";"UOP03-DEL01-MS"
418390;2022-03-03;"quinta-feira";"15:30:00";"PR";116;150;"MANDIRITUBA";"Conversão proibida";"Colisão transversal";"Sem Vítimas";"Pleno dia";"Crescente";"Nublado";"Simples";"Reta";"Sim";4;0;0;0;3;1;0;4;-25,81557015;-49,33088979;"SPRF-PR";"DEL01-PR";"UOP03-DEL01-PR"
418393;2022-03-03;"quinta-feira";"15:10:00";"RO";364;227,2;"CACOAL";"Manobra de mudança de faixa";"Colisão frontal";"Com Vítimas Feridas";"Pleno dia";"Crescente";"Céu Claro";"Simples";"Reta";"Não";3;0;1;0;1;3;1;5;-11,49671749;-61,37410451;"SPRF-RO";"DEL02-RO";"UOP02-DEL02-RO"
418398;2022-03-03;"quinta-feira";"16:45:00";"MG";40;517;"RIBEIRAO DAS NEVES";"Reação tardia ou ineficiente do condutor";"Tombamento";"Com Vítimas Feridas";"Pleno dia";"Crescente";"Céu Claro";"Dupla";"Retorno Regulamentado";"Sim";2;0;1;0;1;0;1;1;-19,82351202;-44,08438913;"SPRF-MG";"DEL01-MG";"UOP02-DEL01-MG"
418402;2022-03-03;"quinta-feira";"13:15:00";"BA";20;78;"SAO DESIDERIO";"Acumulo de água sobre o pavimento";"Colisão frontal";"Com Vítimas Feridas";"Pleno dia";"Crescente";"Chuva";"Simples";"Reta";"Não";3;0;2;0;0;3;2;5;-13,296257;-46;"SPRF-BA";"DEL10-BA";"UOP01-DEL10-BA"
418403;2022-02-18;"sexta-feira";"16:15:00";"MG";365;185,7;"BURITIZEIRO";"Acumulo de água sobre o pavimento";"Colisão frontal";"Com Vítimas Fatais";"Anoitecer";"Decrescente";"Chuva";"Simples";"Curva";"Não";4;1;0;1;1;1;1;3;-17,42093999;-45,130373;"SPRF-MG";"DEL12-MG";"UOP01-DEL12-MG"
418406;2022-03-03;"quinta-feira";"15:35:00";"PB";230;156,2;"CAMPINA GRANDE";"Acessar a via sem observar a presença dos outros veículos";"Colisão transversal";"Com Vítimas Feridas";"Pleno dia";"Decrescente";"Sol";"Simples";"Reta";"Sim";3;0;1;0;2;0;1;2;-7,2693;-35,9138;"SPRF-PB";"DEL02-PB";"UOP01-DEL02-PB"
418413;2022-03-03;"quinta-feira";"17:15:00";"MG";381;368;"SAO GONCALO DO RIO ABAIXO";"Curva acentuada";"Tombamento";"Com Vítimas Feridas";"Pleno dia";"Decrescente";"Céu Claro";"Simples";"Curva";"Não";3;0;2;0;0;1;2;2;-19,85072732;-43,28377384;"SPRF-MG";"DEL03-MG";"UOP01-DEL03-MG"
418419;2022-03-03;"quinta-feira";"17:15:00";"MS";262;508,3;"ANASTACIO";"Demais falhas mecânicas ou elétricas";"Colisão com objeto";"Com Vítimas Feridas";"Pleno dia";"Crescente";"Céu Claro";"Simples";"Reta";"Não";4;0;1;0;1;2;1;4;-20,468321;-55,977278;"SPRF-MS";"DEL03-MS";"UOP01-DEL03-MS"
418421;2022-03-03;"quinta-feira";"18:20:00";"PE";101;17,1;"GOIANA";"Demais falhas mecânicas ou elétricas";"Incêndio";"Sem Vítimas";"Plena Noite";"Decrescente";"Céu Claro";"Dupla";"Reta";"Não";1;0;0;0;1;0;0;1;-7,64064477;-34,95599769;"SPRF-PE";"DEL01-PE";"UOP02-DEL01-PE"
418425;2022-03-03;"quinta-feira";"18:40:00";"PR";116;45,5;"CAMPINA GRANDE DO SUL";"Velocidade Incompatível";"Saída de leito carroçável";"Com Vítimas Feridas";"Anoitecer";"Crescente";"Chuva";"Dupla";"Reta";"Não";3;0;0;1;1;1;1;2;-25,19502698;-48,89003802;"SPRF-PR";"DEL01-PR";"UOP02-DEL01-PR"
418427;2022-03-03;"quinta-feira";"18:30:00";"BA";116;507;"SANTA TERESINHA";"Ultrapassagem Indevida";"Colisão lateral sentido oposto";"Com Vítimas Feridas";"Plena Noite";"Crescente";"Nublado";"Simples";"Curva";"Não";4;0;2;0;1;3;2;6;-12,65005317;-39,60777283;"SPRF-BA";"DEL03-BA";"UOP02-DEL03-BA"
418431;2022-03-03;"quinta-feira";"19:40:00";"DF";20;10,9;"BRASILIA";"Acumulo de água sobre o pavimento";"Saída de leito carroçável";"Sem Vítimas";"Plena Noite";"Decrescente";"Chuva";"Dupla";"Aclive";"Sim";1;0;0;0;1;0;0;1;-15,650243;-47,773872;"SPRF-DF";"DEL02-DF";"UOP01-DEL02-DF"
418432;2022-03-03;"quinta-feira";"19:05:00";"GO";50;178,8;"CAMPO ALEGRE DE GOIAS";"Chuva";"Saída de leito carroçável";"Com Vítimas Feridas";"Plena Noite";"Decrescente";"Chuva";"Dupla";"Aclive;Curva";"Não";2;0;1;0;0;1;1;2;-17,3972;-47,7778;"SPRF-GO";"DEL06-GO";"UOP01-DEL06-GO"
418433;2022-03-03;"quinta-feira";"19:30:00";"SC";280;33;"ARAQUARI";"Reação tardia ou ineficiente do condutor";"Colisão frontal";"Com Vítimas Feridas";"Plena Noite";"Crescente";"Garoa/Chuvisco";"Simples";"Curva;Interseção de Vias";"Não";4;0;0;1;3;0;1;3;-26,42576441;-48,78741376;"SPRF-SC";"DEL03-SC";"UOP03-DEL03-SC"
418435;2022-03-03;"quinta-feira";"20:10:00";"PE";101;124,6;"ESCADA";"Acessar a via sem observar a presença dos outros veículos";"Colisão traseira";"Com Vítimas Feridas";"Plena Noite";"Crescente";"Nublado";"Dupla";"Reta";"Sim";3;0;1;0;0;2;1;3;-8,361745;-35,213108;"SPRF-PE";"DEL01-PE";"UOP01-DEL01-PE"
418438;2022-03-03;"quinta-feira";"19:40:00";"PR";277;703;"SAO MIGUEL DO IGUACU";"Acessar a via sem observar a presença dos outros veículos";"Colisão transversal";"Sem Vítimas";"Plena Noite";"Decrescente";"Céu Claro";"Dupla";"Retorno Regulamentado";"Não";2;0;0;0;2;0;0;2;-25,420575;-54,353229;"SPRF-PR";"DEL05-PR";"UOP01-DEL05-PR"
418442;2022-03-03;"quinta-feira";"20:30:00";"SC";101;195;"BIGUACU";"Avarias e/ou desgaste excessivo no pneu";"Colisão lateral mesmo sentido";"Com Vítimas Feridas";"Plena Noite";"Crescente";"Nublado";"Múltipla";"Reta";"Não";4;0;1;0;2;1;1;3;-27,5047092;-48,65010819;"SPRF-SC";"DEL01-SC";"UOP01-DEL01-SC"
418443;2022-03-03;"quinta-feira";"19:15:00";"PR";277;578,1;"CASCAVEL";"Acessar a via sem observar a presença dos outros veículos";"Colisão transversal";"Com Vítimas Feridas";"Plena Noite";"Decrescente";"Chuva";"Simples";"Reta";"Sim";3;0;1;0;1;1;1;3;-24,98385591;-53,34955899;"SPRF-PR";"DEL04-PR";"UOP01-DEL04-PR"
418448;2022-03-03;"quinta-feira";"14:23:00";"GO";153;580,9;"PIRACANJUBA";"Demais falhas mecânicas ou elétricas";"Saída de leito carroçável";"Com Vítimas Feridas";"Pleno dia";"Crescente";"Céu Claro";"Dupla";"Reta";"Não";2;0;1;0;0;1;1;2;-17,3851;-49,2343;"SPRF-GO";"DEL03-GO";"UOP01-DEL03-GO"
418449;2022-03-03;"quinta-feira";"17:00:00";"RJ";101;37;"CAMPOS DOS GOYTACAZES";"Transitar na contramão";"Colisão frontal";"Com Vítimas Fatais";"Pleno dia";"Crescente";"Céu Claro";"Simples";"Declive";"Não";3;2;0;0;1;0;0;2;-21,52498519;-41,33663155;"SPRF-RJ";"DEL08-RJ";"UOP01-DEL08-RJ"
418452;2022-03-03;"quinta-feira";"21:30:00";"MG";364;17,1;"FRUTAL";"Ausência de reação do condutor";"Colisão lateral sentido oposto";"Com Vítimas Feridas";"Plena Noite";"Decrescente";"Nublado";"Simples";"Reta";"Não";2;0;0;1;1;0;1;2;-20,025185;-48,94096;"SPRF-MG";"DEL13-MG";"UOP02-DEL13-MG"
418453;2022-03-03;"quinta-feira";"19:05:00";"PR";116;23;"ANTONINA";"Carga excessiva e/ou mal acondicionada";"Derramamento de carga";"Sem Vítimas";"Plena Noite";"Decrescente";"Chuva";"Dupla";"Curva";"Não";2;0;0;0;1;1;0;2;-25,11365792;-48,76191616;"SPRF-PR";"DEL01-PR";"UOP02-DEL01-PR"
418458;2022-03-03;"quinta-feira";"20:00:00";"SC";101;16;"GARUVA";"Acessar a via sem observar a presença dos outros veículos";"Colisão transversal";"Com Vítimas Fatais";"Plena Noite";"Decrescente";"Chuva";"Dupla";"Reta;Aclive";"Não";4;1;0;0;1;4;0;6;-26,11427473;-48,87647034;"SPRF-SC";"DEL03-SC";"UOP01-DEL03-SC"
418472;2022-03-03;"quinta-feira";"20:20:00";"MT";158;612;"AGUA BOA";"Reação tardia ou ineficiente do condutor";"Colisão lateral sentido oposto";"Com Vítimas Feridas";"Plena Noite";"Crescente";"Céu Claro";"Simples";"Reta";"Não";2;0;1;0;0;2;1;3;-14,40478287;-52,21298006;"SPRF-MT";"DEL07-MT";"UOP02-DEL07-MT"
418474;2022-03-03;"quinta-feira";"21:40:00";"MG";50;115;"UBERABA";"Reação tardia ou ineficiente do condutor";"Colisão traseira";"Com Vítimas Feridas";"Plena Noite";"Decrescente";"Garoa/Chuvisco";"Dupla";"Reta";"Não";3;0;1;0;1;2;1;4;-19,26611991;-48,12839379;"SPRF-MG";"DEL13-MG";"UOP01-DEL13-MG"
418480;2022-03-03;"quinta-feira";"12:30:00";"PA";155;306;"MARABA";"Chuva";"Tombamento";"Com Vítimas Fatais";"Pleno dia";"Crescente";"Chuva";"Simples";"Reta;Aclive";"Sim";3;1;0;0;1;3;0;5;-5,68730699;-49,11611506;"SPRF-PA";"DEL03-PA";"UOP01-DEL03-PA"
418481;2022-03-03;"quinta-feira";"19:10:00";"MA";316;597,1;"TIMON";"Manobra de mudança de faixa";"Colisão frontal";"Com Vítimas Feridas";"Plena Noite";"Decrescente";"Céu Claro";"Simples";"Reta";"Não";2;0;0;1;1;0;1;2;-5,019753;-42,980644;"SPRF-MA";"DEL03-MA";"UOP02-DEL03-MA"
418484;2022-03-03;"quinta-feira";"23:00:00";"RO";364;14;"VILHENA";"Reação tardia ou ineficiente do condutor";"Saída de leito carroçável";"Sem Vítimas";"Plena Noite";"Decrescente";"Nublado";"Dupla";"Reta";"Sim";2;0;0;0;1;1;0;2;-12,73898138;-60,13911417;"SPRF-RO";"DEL04-RO";"UOP01-DEL04-RO"
418487;2022-03-04;"sexta-feira";"01:10:00";"GO";153;507,5;"APARECIDA DE GOIANIA";"Falta de acostamento";"Colisão traseira";"Com Vítimas Feridas";"Plena Noite";"Crescente";"Céu Claro";"Múltipla";"Reta";"Não";2;0;0;1;1;0;1;2;-16,7715;-49,2387;"SPRF-GO";"DEL01-GO";"UOP03-DEL01-GO"
418488;2022-03-03;"quinta-feira";"23:10:00";"BA";101;418;"UBAITABA";"Condutor deixou de manter distância do veículo da frente";"Colisão traseira";"Sem Vítimas";"Plena Noite";"Crescente";"Nublado";"Simples";"Reta";"Não";4;0;0;0;1;3;0;2;-14,22130398;-39,31673418;"SPRF-BA";"DEL05-BA";"UOP03-DEL05-BA"
418489;2022-03-04;"sexta-feira";"00:40:00";"SC";101;113,6;"ITAJAI";"Avarias e/ou desgaste excessivo no pneu";"Tombamento";"Com Vítimas Fatais";"Plena Noite";"Decrescente";"Nublado";"Múltipla";"Reta";"Sim";5;1;1;0;1;2;1;4;-26,8592218;-48,7276015;"SPRF-SC";"DEL04-SC";"UOP04-DEL04-SC"
418491;2022-03-04;"sexta-feira";"00:50:00";"RS";290;444,1;"SAO GABRIEL";"Avarias e/ou desgaste excessivo no pneu";"Saída de leito carroçável";"Com Vítimas Feridas";"Plena Noite";"Decrescente";"Céu Claro";"Simples";"Reta";"Não";2;0;1;0;0;1;1;2;-30,257;-54,558182;"SPRF-RS";"DEL11-RS";"UOP02-DEL11-RS"
418492;2022-03-04;"sexta-feira";"01:50:00";"MG";40;216;"JOAO PINHEIRO";"Condutor Dormindo";"Colisão lateral sentido oposto";"Com Vítimas Feridas";"Plena Noite";"Decrescente";"Céu Claro";"Simples";"Reta";"Não";2;0;1;0;1;0;1;2;-17,95932951;-45,68642421;"SPRF-MG";"DEL14-MG";"UOP02-DEL14-MG"
418493;2022-03-04;"sexta-feira";"03:50:00";"PE";232;16;"JABOATAO DOS GUARARAPES";"Reação tardia ou ineficiente do condutor";"Saída de leito carroçável";"Com Vítimas Feridas";"Amanhecer";"Decrescente";"Chuva";"Dupla";"Reta";"Sim";2;0;1;0;0;2;1;3;-8,09414193;-35,03716601;"SPRF-PE";"DEL01-PE";"UOP01-DEL01-PE"
418495;2022-03-04;"sexta-feira";"04:54:00";"SC";101;79;"ARAQUARI";"Reação tardia ou ineficiente do condutor";"Colisão lateral mesmo sentido";"Com Vítimas Feridas";"Plena Noite";"Crescente";"Nublado";"Múltipla";"Reta";"Sim";3;0;1;0;2;0;1;2;-26,58559601;-48,72192112;"SPRF-SC";"DEL03-SC";"UOP02-DEL03-SC"
418496;2022-03-04;"sexta-feira";"05:30:00";"GO";50;296,8;"CUMARI";"Demais falhas mecânicas ou elétricas";"Incêndio";"Sem Vítimas";"Amanhecer";"Decrescente";"Céu Claro";"Dupla";"Viaduto;Aclive;Reta";"Não";2;0;0;0;1;1;0;2;-18,30405111;-48,01396608;"SPRF-GO";"DEL06-GO";"UOP01-DEL06-GO"
418498;2022-03-04;"sexta-feira";"04:30:00";"PR";376;191;"MARIALVA";"Problema com o freio";"Incêndio";"Sem Vítimas";"Plena Noite";"Crescente";"Céu Claro";"Dupla";"Reta";"Não";1;0;0;0;1;0;0;1;-23,47952242;-51,80363021;"SPRF-PR";"DEL09-PR";"UOP01-DEL09-PR"
418499;2022-03-04;"sexta-feira";"03:20:00";"MT";364;55,5;"ALTO GARCAS";"Ingestão de álcool pelo condutor";"Saída de leito carroçável";"Sem Vítimas";"Plena Noite";"Decrescente";"Nublado";"Simples";"Reta";"Não";2;0;0;0;1;2;0;3;-16,95930789;-53,5197869;"SPRF-MT";"DEL02-MT";"UOP02-DEL02-MT"
418503;2022-03-03;"quinta-feira";"20:10:00";"MG";50;53;"ARAGUARI";"Ausência de reação do condutor";"Colisão com objeto";"Com Vítimas Feridas";"Plena Noite";"Crescente";"Chuva";"Simples";"Curva";"Não";1;0;1;0;0;0;1;1;-18,759049;-48,24054499;"SPRF-MG";"DEL15-MG";"UOP02-DEL15-MG"
418508;2022-03-03;"quinta-feira";"19:37:00";"SP";116;512;"CAJATI";"Pista Escorregadia";"Colisão traseira";"Com Vítimas Feridas";"Anoitecer";"Decrescente";"Chuva";"Simples";"Curva";"Não";4;0;2;0;2;0;2;2;-24,848718;-48,213703;"SPRF-SP";"DEL05-SP";"UOP02-DEL05-SP"
418509;2022-03-04;"sexta-feira";"07:15:00";"SE";101;71,9;"MARUIM";"Velocidade Incompatível";"Saída de leito carroçável";"Com Vítimas Feridas";"Pleno dia";"Crescente";"Nublado";"Simples";"Reta";"Não";1;0;1;0;0;0;1;1;-10,74264798;-37,09334602;"SPRF-SE";"DEL01-SE";"UOP01-DEL01-SE"
418517;2022-03-04;"sexta-feira";"06:30:00";"SP";116;139,9;"SAO JOSE DOS CAMPOS";"Manobra de mudança de faixa";"Colisão lateral mesmo sentido";"Com Vítimas Feridas";"Pleno dia";"Crescente";"Céu Claro";"Dupla";"Reta";"Sim";2;0;1;0;1;0;1;2;-23,16153216;-45,80400592;"SPRF-SP";"DEL02-SP";"UOP01-DEL02-SP"
418520;2022-03-04;"sexta-feira";"08:28:00";"MG";381;495;"BETIM";"Reação tardia ou ineficiente do condutor";"Colisão traseira";"Com Vítimas Feridas";"Pleno dia";"Crescente";"Céu Claro";"Dupla";"Reta";"Sim";10;0;5;0;3;2;5;6;-19,98890883;-44,20522016;"SPRF-MG";"DEL01-MG";"UOP03-DEL01-MG"
418523;2022-03-04;"sexta-feira";"07:30:00";"MG";381;676;"PERDOES";"Condutor Dormindo";"Colisão traseira";"Com Vítimas Feridas";"Pleno dia";"Decrescente";"Céu Claro";"Dupla";"Reta";"Não";3;0;2;0;1;0;2;2;-21,09644;-45,080697;"SPRF-MG";"DEL04-MG";"UOP02-DEL04-MG"
418526;2022-03-04;"sexta-feira";"09:00:00";"SC";101;149;"ITAPEMA";"Reação tardia ou ineficiente do condutor";"Colisão traseira";"Sem Vítimas";"Pleno dia";"Crescente";"Céu Claro";"Múltipla";"Interseção de Vias";"Não";2;0;0;0;2;0;0;2;-27,1089649;-48,61277586;"SPRF-SC";"DEL04-SC";"UOP03-DEL04-SC"
418527;2022-03-04;"sexta-feira";"08:50:00";"MG";364;10;"PLANURA";"Pista esburacada";"Colisão lateral sentido oposto";"Com Vítimas Feridas";"Pleno dia";"Crescente";"Céu Claro";"Simples";"Reta";"Não";7;0;1;1;5;0;2;4;-20,085087;-48,757024;"SPRF-MG";"DEL13-MG";"UOP02-DEL13-MG"
418528;2022-03-04;"sexta-feira";"08:30:00";"AL";101;210;"SAO SEBASTIAO";"Condutor deixou de manter distância do veículo da frente";"Colisão traseira";"Sem Vítimas";"Pleno dia";"Decrescente";"Céu Claro";"Dupla";"Reta";"Não";2;0;0;0;2;0;0;2;-10,00375906;-36,60785692;"SPRF-AL";"DEL02-AL";"UOP02-DEL02-AL"
418532;2022-03-04;"sexta-feira";"07:45:00";"CE";222;342,8;"TIANGUA";"Demais falhas mecânicas ou elétricas";"Incêndio";"Sem Vítimas";"Pleno dia";"Decrescente";"Céu Claro";"Simples";"Reta";"Não";2;0;0;0;1;1;0;2;-3,89429181;-41,18338533;"SPRF-CE";"DEL04-CE";"UOP02-DEL04-CE"
418534;2022-03-04;"sexta-feira";"10:00:00";"SP";116;18;"LAVRINHAS";"Velocidade Incompatível";"Colisão lateral mesmo sentido";"Sem Vítimas";"Pleno dia";"Decrescente";"Céu Claro";"Dupla";"Reta";"Não";4;0;0;0;3;1;0;4;-22,5584158;-44,85667011;"SPRF-SP";"DEL08-SP";"UOP02-DEL08-SP"
418539;2022-03-04;"sexta-feira";"08:30:00";"SC";101;366,5;"SANGAO";"Manobra de mudança de faixa";"Colisão lateral mesmo sentido";"Com Vítimas Feridas";"Pleno dia";"Decrescente";"Céu Claro";"Dupla";"Reta";"Não";5;0;1;0;3;1;1;3;-28,68718511;-49,15621795;"SPRF-SC";"DEL02-SC";"UOP01-DEL02-SC"
418540;2022-02-22;"terça-feira";"21:39:00";"PR";369;129,8;"JATAIZINHO";"Acessar a via sem observar a presença dos outros veículos";"Colisão transversal";"Com Vítimas Fatais";"Plena Noite";"Crescente";"Céu Claro";"Dupla";"Reta;Declive";"Sim";2;1;0;0;1;0;0;2;-23,2588677;-50,9808154;"SPRF-PR";"DEL07-PR";"UOP01-DEL07-PR"
418541;2022-03-04;"sexta-feira";"07:29:00";"RS";285;323;"PASSO FUNDO";"Pista em desnível";"Colisão com objeto";"Com Vítimas Feridas";"Pleno dia";"Crescente";"Sol";"Simples";"Declive";"Não";2;0;1;0;0;1;1;2;-28,268545;-52,669102;"SPRF-RS";"DEL08-RS";"UOP03-DEL08-RS"