"id";"data_inversa";"dia_semana";"horario";"uf";"br";"km";"municipio";"causa_acidente";"tipo_acidente";"classificacao_acidente";"fase_dia";"sentido_via";"condicao_metereologica";"tipo_pista";"tracado_via";"uso_solo";"pessoas";"mortos";"feridos_leves";"feridos_graves";"ilesos";"ignorados";"feridos";"veiculos";"latitude";"longitude";"regional";"delegacia";"uop"
418543;2022-02-22;"terça-feira";"07:30:00";"MS";163;222;"CAARAPO";"Manobra de mudança de faixa";"Colisão lateral sentido oposto";"Sem Vítimas";"Pleno dia";"Crescente";"Céu Claro";"Simples";"Reta";"Não";5;0;0;0;4;2;0;5;-22,52568393;-54,85591891;"SPRF-MS";"DEL04-MS";"UOP02-DEL04-MS"
418545;2022-03-03;"quinta-feira";"14:25:00";"AL";101;0,1;"NOVO LINO";"Chuva";"Saída de leito carroçável";"Com Vítimas Feridas";"Pleno dia";"Crescente";"Chuva";"Dupla";"Curva";"Não";2;0;1;0;0;1;1;2;-8,879721;-35,628887;"SPRF-AL";"DEL01-AL";"UOP02-DEL01-AL"
418555;2022-03-04;"sexta-feira";"10:40:00";"ES";101;266,3;"SERRA";"Velocidade Incompatível";"Colisão com objeto";"Com Vítimas Feridas";"Pleno dia";"Crescente";"Sol";"Múltipla";"Reta";"Sim";1;0;1;0;0;0;1;1;-20,19365381;-40,26879542;"SPRF-ES";"DEL02-ES";"UOP01-DEL02-ES"
418565;2022-03-04;"sexta-feira";"11:25:00";"SC";282;390,3;"JOACABA";"Acessar a via sem observar a presença dos outros veículos";"Colisão lateral mesmo sentido";"Com Vítimas Feridas";"Pleno dia";"Decrescente";"Sol";"Simples";"Reta";"Sim";2;0;0;1;1;0;1;2;-27,175066;-51,550556;"SPRF-SC";"DEL07-SC";"UOP05-DEL07-SC"
418568;2022-03-04;"sexta-feira";"12:45:00";"MS";163;676,4;"RIO VERDE DE MATO GROSSO";"Ausência de reação do condutor";"Colisão frontal";"Com Vítimas Fatais";"Pleno dia";"Decrescente";"Céu Claro";"Simples";"Reta";"Não";4;1;0;0;1;3;0;5;-18,95859108;-54,82846215;"SPRF-MS";"DEL06-MS";"UOP02-DEL06-MS"
418571;2022-03-04;"sexta-feira";"09:00:00";"MG";153;28,9;"CENTRALINA";"Ausência de reação do condutor";"Saída de leito carroçável";"Com Vítimas Feridas";"Pleno dia";"Crescente";"Céu Claro";"Dupla";"Reta";"Não";2;0;1;0;0;1;1;2;-18,66327211;-49,16526319;"SPRF-MG";"DEL15-MG";"UOP03-DEL15-MG"
418576;2022-01-19;"quarta-feira";"13:25:00";"BA";324;613;"SALVADOR";"Reação tardia ou ineficiente do condutor";"Colisão traseira";"Com Vítimas Feridas";"Pleno dia";"Crescente";"Céu Claro";"Dupla";"Reta";"Sim";2;0;0;1;1;0;1;2;-12,85531601;-38,42055197;"SPRF-BA";"DEL01-BA";"UOP01-DEL01-BA"
418582;2022-03-04;"sexta-feira";"07:10:00";"SE";235;8;"NOSSA SENHORA DO SOCORRO";"Estacionar ou parar em local proibido";"Colisão traseira";"Com Vítimas Feridas";"Pleno dia";"Crescente";"Chuva";"Simples";"Curva";"Não";2;0;1;0;1;0;1;2;-10,88594734;-37,13356376;"SPRF-SE";"DEL01-SE";"UOP01-DEL01-SE"
418585;2022-03-04;"sexta-feira";"10:25:00";"MG";381;500;"BETIM";"Reação tardia ou ineficiente do condutor";"Colisão lateral mesmo sentido";"Sem Vítimas";"Pleno dia";"Crescente";"Céu Claro";"Dupla";"Curva";"Não";3;0;0;0;2;2;0;4;-20,004716;-44,21358;"SPRF-MG";"DEL01-MG";"UOP03-DEL01-MG"
418589;2022-03-04;"sexta-feira";"14:50:00";"PR";277;398;"CANDOI";"Reação tardia ou ineficiente do condutor";"Tombamento";"Com Vítimas Feridas";"Pleno dia";"Crescente";"Nublado";"Dupla";"Curva";"Não";2;0;1;0;1;0;1;1;-25,45895888;-51,95841193;"SPRF-PR";"DEL08-PR";"UOP01-DEL08-PR"
418596;2022-03-04;"sexta-feira";"14:00:00";"RO";364;390;"OURO PRETO DO OESTE";"Velocidade Incompatível";"Saída de leito carroçável";"Com Vítimas Feridas";"Pleno dia";"Crescente";"Garoa/Chuvisco";"Simples";"Aclive";"Não";2;0;1;0;1;0;1;2;-10,67404028;-62,28482008;"SPRF-RO";"DEL03-RO";"UOP02-DEL03-RO"
418598;2022-03-04;"sexta-feira";"15:45:00";"MT";364;348;"SANTO ANTONIO DO LEVERGER";"Curva acentuada";"Saída de leito carroçável";"Com Vítimas Feridas";"Pleno dia";"Crescente";"Céu Claro";"Dupla";"Curva";"Não";2;0;1;0;0;1;1;2;-15,80416834;-55,55429598;"SPRF-MT";"DEL05-MT";"UOP02-DEL05-MT"
418602;2022-03-04;"sexta-feira";"15:00:00";"RJ";40;84;"PETROPOLIS";"Condutor deixou de manter distância do veículo da frente";"Engavetamento";"Sem Vítimas";"Pleno dia";"Crescente";"Nublado";"Dupla";"Curva";"Não";7;0;0;0;7;0;0;5;-22,52145512;-43,23707996;"SPRF-RJ";"DEL06-RJ";"UOP01-DEL06-RJ"
418607;2022-03-04;"sexta-feira";"16:30:00";"ES";482;94;"ALEGRE";"Demais falhas mecânicas ou elétricas";"Incêndio";"Sem Vítimas";"Pleno dia";"Crescente";"Céu Claro";"Simples";"Aclive";"Não";3;0;0;0;3;0;0;1;-20,75934796;-41,58429897;"SPRF-ES";"DEL03-ES";"UOP02-DEL03-ES"
418608;2022-03-04;"sexta-feira";"13:20:00";"RJ";393;249,1;"BARRA DO PIRAI";"Mal súbito do condutor";"Colisão frontal";"Com Vítimas Fatais";"Pleno dia";"Crescente";"Céu Claro";"Simples";"Reta";"Não";9;1;2;0;5;3;2;10;-22,43017988;-43,74389791;"SPRF-RJ";"DEL05-RJ";"UOP04-DEL05-RJ"
418612;2022-03-04;"sexta-feira";"18:09:00";"RJ";393;137;"SAPUCAIA";"Frear bruscamente";"Colisão traseira";"Com Vítimas Feridas";"Anoitecer";"Crescente";"Céu Claro";"Simples";"Aclive";"Não";4;0;2;0;1;1;2;4;-21,99811503;-42,92231799;"SPRF-RJ";"DEL05-RJ";"UOP01-DEL05-RJ"
418619;2022-03-04;"sexta-feira";"18:30:00";"PR";116;101,7;"SAO JOSE DOS PINHAIS";"Condutor deixou de manter distância do veículo da frente";"Engavetamento";"Com Vítimas Feridas";"Anoitecer";"Crescente";"Nublado";"Dupla";"Reta";"Não";7;0;2;0;4;1;2;6;-25,5681495;-49,17446136;"SPRF-PR";"DEL01-PR";"UOP01-DEL01-PR"
418630;2022-03-04;"sexta-feira";"15:14:00";"MG";50;147,5;"UBERABA";"Velocidade Incompatível";"Saída de leito carroçável";"Com Vítimas Feridas";"Pleno dia";"Crescente";"Chuva";"Dupla";"Declive";"Não";1;0;0;1;0;0;1;1;-19,53778804;-48,03695932;"SPRF-MG";"DEL13-MG";"UOP01-DEL13-MG"
418634;2022-03-04;"sexta-feira";"19:35:00";"PR";163;61,9;"PEROLA DOESTE";"Condutor deixou de manter distância do veículo da frente";"Colisão traseira";"Com Vítimas Feridas";"Plena Noite";"Decrescente";"Céu Claro";"Múltipla";"Reta;Aclive";"Não";2;0;0;1;1;0;1;2;-25,89817594;-53,75308185;"SPRF-PR";"DEL02-PR";"UOP02-DEL02-PR"
418636;2022-03-04;"sexta-feira";"18:30:00";"MT";163;694;"SORRISO";"Acessar a via sem observar a presença dos outros veículos";"Colisão transversal";"Com Vítimas Feridas";"Plena Noite";"Crescente";"Céu Claro";"Simples";"Rotatória";"Não";2;0;1;0;1;0;1;2;-13,02883383;-55,89781523;"SPRF-MT";"DEL06-MT";"UOP01-DEL06-MT"
418640;2022-03-04;"sexta-feira";"20:15:00";"SP";153;77,4;"BADY BASSITT";"Demais falhas mecânicas ou elétricas";"Incêndio";"Sem Vítimas";"Plena Noite";"Decrescente";"Ignorado";"Simples";"Reta";"Não";2;0;0;0;1;1;0;2;-20,90184734;-49,45243991;"SPRF-SP";"DEL09-SP";"UOP01-DEL09-SP"
418646;2022-03-04;"sexta-feira";"19:15:00";"RS";386;317;"MARQUES DE SOUZA";"Reação tardia ou ineficiente do condutor";"Colisão lateral sentido oposto";"Com Vítimas Feridas";"Anoitecer";"Decrescente";"Céu Claro";"Simples";"Aclive;Reta";"Não";2;0;0;1;1;0;1;2;-29,263786;-52,145988;"SPRF-RS";"DEL04-RS";"UOP01-DEL04-RS"
418648;2022-03-04;"sexta-feira";"18:31:00";"BA";407;228;"CAPIM GROSSO";"Transitar na contramão";"Colisão frontal";"Sem Vítimas";"Plena Noite";"Crescente";"Chuva";"Simples";"Reta";"Não";2;0;0;0;1;1;0;2;-11,351814;-40,014528;"SPRF-BA";"DEL04-BA";"UOP02-DEL04-BA"
418652;2022-03-04;"sexta-feira";"20:20:00";"PB";230;147,7;"CAMPINA GRANDE";"Manobra de mudança de faixa";"Colisão transversal";"Sem Vítimas";"Plena Noite";"Crescente";"Céu Claro";"Dupla";"Rotatória";"Sim";3;0;0;0;2;1;0;3;-7,236268;-35,867497;"SPRF-PB";"DEL02-PB";"UOP01-DEL02-PB"
418653;2022-03-04;"sexta-feira";"20:57:00";"CE";222;3;"CAUCAIA";"Acessar a via sem observar a presença dos outros veículos";"Colisão traseira";"Com Vítimas Feridas";"Plena Noite";"Crescente";"Céu Claro";"Múltipla";"Reta";"Sim";2;0;1;0;1;0;1;2;-3,7403769;-38,59569202;"SPRF-CE";"DEL01-CE";"UOP01-DEL01-CE"
418655;2022-03-04;"sexta-feira";"21:00:00";"PR";373;183;"PONTA GROSSA";"Velocidade Incompatível";"Tombamento";"Com Vítimas Feridas";"Plena Noite";"Crescente";"Céu Claro";"Dupla";"Curva";"Não";3;0;1;0;1;1;1;2;-25,03935712;-50,2767641;"SPRF-PR";"DEL03-PR";"UOP01-DEL03-PR"
418657;2022-03-04;"sexta-feira";"21:05:00";"PR";277;590;"CASCAVEL";"Condutor deixou de manter distância do veículo da frente";"Colisão lateral mesmo sentido";"Com Vítimas Feridas";"Plena Noite";"Decrescente";"Céu Claro";"Simples";"Reta";"Sim";3;0;1;0;0;2;1;3;-24,98120697;-53,45591501;"SPRF-PR";"DEL04-PR";"UOP01-DEL04-PR"
418659;2022-03-04;"sexta-feira";"20:00:00";"MS";163;478;"CAMPO GRANDE";"Avarias e/ou desgaste excessivo no pneu";"Colisão com objeto";"Com Vítimas Feridas";"Plena Noite";"Decrescente";"Céu Claro";"Simples";"Reta";"Sim";3;0;0;1;1;1;1;3;-20,49629699;-54,55916871;"SPRF-MS";"DEL01-MS";"UOP01-DEL01-MS"
418662;2022-03-04;"sexta-feira";"19:00:00";"PR";277;330;"GUARAPUAVA";"Reação tardia ou ineficiente do condutor";"Colisão lateral mesmo sentido";"Com Vítimas Feridas";"Anoitecer";"Crescente";"Céu Claro";"Simples";"Reta;Ponte";"Não";5;0;1;0;2;5;1;7;-25,356398;-51,360616;"SPRF-PR";"DEL08-PR";"UOP01-DEL08-PR"
418664;2022-03-04;"sexta-feira";"20:50:00";"PE";232;24,9;"MORENO";"Objeto estático sobre o leito carroçável";"Colisão com objeto";"Com Vítimas Feridas";"Plena Noite";"Decrescente";"Chuva";"Dupla";"Curva";"Não";2;0;1;0;0;1;1;2;-8,111762;-35,10749;"SPRF-PE";"DEL01-PE";"UOP01-DEL01-PE"
418665;2022-03-04;"sexta-feira";"21:40:00";"PR";116;107;"SAO JOSE DOS PINHAIS";"Manobra de mudança de faixa";"Colisão lateral mesmo sentido";"Com Vítimas Feridas";"Plena Noite";"Decrescente";"Céu Claro";"Dupla";"Reta";"Não";3;0;1;0;1;1;1;3;-25,56989668;-49,18778205;"SPRF-PR";"DEL01-PR";"UOP01-DEL01-PR"
418671;2022-03-04;"sexta-feira";"15:18:00";"AL";101;67;"MESSIAS";"Chuva";"Eventos atípicos";"Com Vítimas Feridas";"Pleno dia";"Decrescente";"Chuva";"Dupla";"Curva";"Não";2;0;1;0;0;1;1;2;-9,34144305;-35,83125567;"SPRF-AL";"DEL01-AL";"UOP02-DEL01-AL"
418674;2022-03-05;"sábado";"00:20:00";"SP";116;226;"GUARULHOS";"Ingestão de álcool pelo condutor";"Colisão traseira";"Com Vítimas Feridas";"Plena Noite";"Decrescente";"Nublado";"Múltipla";"Reta";"Sim";2;0;1;0;1;0;1;2;-23,49102507;-46,54878195;"SPRF-SP";"DEL01-SP";"UOP01-DEL01-SP"
418675;2022-03-05;"sábado";"00:10:00";"MS";163;491,2;"CAMPO GRANDE";"Pedestre andava na pista";"Atropelamento de Pedestre";"Com Vítimas Feridas";"Plena Noite";"Decrescente";"Céu Claro";"Simples";"Reta";"Sim";2;0;1;0;1;0;1;2;-20,36434577;-54,52853585;"SPRF-MS";"DEL01-MS";"UOP02-DEL01-MS"
418676;2022-03-05;"sábado";"00:40:00";"PI";316;2,4;"TERESINA";"Manobra de mudança de faixa";"Colisão lateral mesmo sentido";"Sem Vítimas";"Plena Noite";"Crescente";"Céu Claro";"Múltipla";"Reta";"Sim";2;0;0;0;1;1;0;2;-5,12481952;-42,79484868;"SPRF-PI";"DEL01-PI";"UOP02-DEL01-PI"
418680;2022-03-05;"sábado";"02:00:00";"SC";101;239;"PALHOCA";"Condutor Dormindo";"Saída de leito carroçável";"Com Vítimas Feridas";"Plena Noite";"Crescente";"Nublado";"Múltipla";"Curva";"Não";1;0;0;1;0;0;1;1;-27,85046883;-48,63955216;"SPRF-SC";"DEL01-SC";"UOP02-DEL01-SC"
418686;2022-03-05;"sábado";"05:20:00";"MG";40;470,5;"SETE LAGOAS";"Condutor Dormindo";"Colisão traseira";"Com Vítimas Feridas";"Amanhecer";"Crescente";"Céu Claro";"Dupla";"Reta";"Sim";3;0;1;0;2;0;1;2;-19,46787403;-44,29555707;"SPRF-MG";"DEL02-MG";"UOP01-DEL02-MG"
418687;2022-03-05;"sábado";"05:30:00";"ES";101;260,2;"SERRA";"Manobra de mudança de faixa";"Colisão traseira";"Com Vítimas Feridas";"Amanhecer";"Crescente";"Céu Claro";"Dupla";"Curva";"Sim";2;0;0;1;1;0;1;2;-20,14616415;-40,28836206;"SPRF-ES";"DEL02-ES";"UOP01-DEL02-ES"
418697;2022-03-05;"sábado";"05:30:00";"RS";290;128;"ELDORADO DO SUL";"Transitar na contramão";"Colisão lateral sentido oposto";"Com Vítimas Fatais";"Amanhecer";"Decrescente";"Céu Claro";"Simples";"Reta";"Não";6;1;0;0;3;4;0;8;-30,057104;-51,490009;"SPRF-RS";"DEL02-RS";"UOP01-DEL02-RS"
418701;2022-03-05;"sábado";"03:50:00";"BA";101;911;"NOVA VICOSA";"Curva acentuada";"Tombamento";"Sem Vítimas";"Amanhecer";"Decrescente";"Nevoeiro/Neblina";"Simples";"Reta";"Não";1;0;0;0;1;0;0;1;-18,013128;-39,86175209;"SPRF-BA";"DEL09-BA";"UOP02-DEL09-BA"
418709;2022-03-05;"sábado";"06:00:00";"PR";153;454,9;"REBOUCAS";"Condutor Dormindo";"Tombamento";"Com Vítimas Feridas";"Amanhecer";"Crescente";"Nublado";"Simples";"Reta";"Não";2;0;1;0;0;1;1;2;-25,642738;-50,730129;"SPRF-PR";"DEL02-PR";"UOP03-DEL02-PR"
418714;2022-03-05;"sábado";"05:20:00";"PE";232;250;"ARCOVERDE";"Condutor Dormindo";"Colisão traseira";"Com Vítimas Feridas";"Amanhecer";"Decrescente";"Céu Claro";"Simples";"Reta";"Sim";3;0;0;1;1;2;1;4;-8,42350887;-37,05286107;"SPRF-PE";"DEL03-PE";"UOP02-DEL03-PE"
418715;2022-03-04;"sexta-feira";"08:15:00";"PR";153;500;"GENERAL CARNEIRO";"Reação tardia ou ineficiente do condutor";"Saída de leito carroçável";"Com Vítimas Feridas";"Pleno dia";"Crescente";"Céu Claro";"Simples";"Reta";"Não";2;0;1;0;0;1;1;2;-26,4916118;-51,34568475;"SPRF-PR";"DEL02-PR";"UOP03-DEL02-PR"
418717;2022-03-05;"sábado";"07:25:00";"PI";316;2,4;"TERESINA";"Manobra de mudança de faixa";"Colisão lateral mesmo sentido";"Com Vítimas Feridas";"Pleno dia";"Crescente";"Garoa/Chuvisco";"Múltipla";"Interseção de Vias;Curva";"Sim";3;0;1;1;1;0;2;2;-5,12477477;-42,79848465;"SPRF-PI";"DEL01-PI";"UOP02-DEL01-PI"
418720;2022-03-05;"sábado";"07:50:00";"RO";364;696;"CANDEIAS DO JAMARI";"Reação tardia ou ineficiente do condutor";"Colisão lateral mesmo sentido";"Com Vítimas Feridas";"Pleno dia";"Crescente";"Nublado";"Dupla";"Reta";"Não";3;0;1;0;1;3;1;5;-8,80046614;-63,734779;"SPRF-RO";"DEL01-RO";"UOP01-DEL01-RO"
418723;2022-03-05;"sábado";"06:01:00";"RO";364;17;"VILHENA";"Manobra de mudança de faixa";"Colisão lateral sentido oposto";"Sem Vítimas";"Amanhecer";"Decrescente";"Nublado";"Simples";"Reta";"Sim";2;0;0;0;2;0;0;2;-12,73207998;-60,16589399;"SPRF-RO";"DEL04-RO";"UOP01-DEL04-RO"
418725;2022-03-04;"sexta-feira";"21:30:00";"MT";70;89;"GENERAL CARNEIRO";"Problema com o freio";"Saída de leito carroçável";"Sem Vítimas";"Pleno dia";"Crescente";"Céu Claro";"Simples";"Reta;Aclive";"Não";2;0;0;0;1;1;0;2;-15,60181099;-52,86870497;"SPRF-MT";"DEL07-MT";"UOP01-DEL07-MT"
418728;2022-03-05;"sábado";"09:45:00";"SP";381;64;"MAIRIPORA";"Reação tardia ou ineficiente do condutor";"Colisão traseira";"Com Vítimas Feridas";"Pleno dia";"Decrescente";"Sol";"Dupla";"Reta";"Não";4;0;1;0;2;1;1;3;-23,3089645;-46,57924651;"SPRF-SP";"DEL03-SP";"UOP01-DEL03-SP"
418730;2022-03-05;"sábado";"09:25:00";"PE";101;68;"RECIFE";"Manobra de mudança de faixa";"Colisão lateral mesmo sentido";"Com Vítimas Feridas";"Pleno dia";"Crescente";"Céu Claro";"Dupla";"Viaduto";"Sim";3;0;1;1;1;0;2;2;-8,05074296;-34,94580619;"SPRF-PE";"DEL01-PE";"UOP01-DEL01-PE"
418736;2022-03-05;"sábado";"10:20:00";"BA";116;524;"ITATIM";"Demais falhas mecânicas ou elétricas";"Colisão transversal";"Com Vítimas Fatais";"Pleno dia";"Crescente";"Nublado";"Simples";"Reta";"Não";4;1;0;0;2;3;0;6;-12,70024334;-39,71218183;"SPRF-BA";"DEL03-BA";"UOP02-DEL03-BA"
418744;2022-03-05;"sábado";"09:40:00";"MT";364;204,5;"RONDONOPOLIS";"Acesso irregular";"Colisão lateral sentido oposto";"Com Vítimas Feridas";"Pleno dia";"Decrescente";"Sol";"Dupla";"Interseção de Vias;Reta";"Sim";2;0;1;0;1;0;1;2;-16,46081146;-54,66039419;"SPRF-MT";"DEL02-MT";"UOP01-DEL02-MT"
418745;2022-03-05;"sábado";"10:15:00";"GO";20;5;"FORMOSA";"Mal súbito do condutor";"Colisão traseira";"Com Vítimas Feridas";"Pleno dia";"Decrescente";"Céu Claro";"Simples";"Rotatória;Reta";"Sim";4;0;1;0;2;1;1;4;-15,555275;-47,306908;"SPRF-DF";"DEL02-DF";"UOP01-DEL02-DF"
418751;2022-03-02;"quarta-feira";"05:30:00";"PR";277;125;"BALSA NOVA";"Velocidade Incompatível";"Colisão lateral mesmo sentido";"Sem Vítimas";"Plena Noite";"Decrescente";"Nublado";"Simples";"Reta;Declive";"Não";3;0;0;0;1;4;0;5;-25,47020011;-49,60138321;"SPRF-PR";"DEL01-PR";"UOP03-DEL03-PR"
418774;2022-03-05;"sábado";"14:50:00";"RJ";116;93;"GUAPIMIRIM";"Curva acentuada";"Colisão frontal";"Com Vítimas Feridas";"Pleno dia";"Crescente";"Sol";"Simples";"Curva";"Não";2;0;0;1;1;0;1;2;-22,46416302;-42,99215699;"SPRF-RJ";"DEL04-RJ";"UOP01-DEL04-RJ"
418779;2022-03-05;"sábado";"15:00:00";"PE";407;91,2;"PETROLINA";"Transitar na contramão";"Colisão frontal";"Com Vítimas Feridas";"Pleno dia";"Decrescente";"Nublado";"Simples";"Reta";"Não";2;0;1;0;1;0;1;2;-9,099128;-40,651713;"SPRF-PE";"DEL06-PE";"UOP02-DEL06-PE"
418781;2022-03-05;"sábado";"14:40:00";"BA";20;156;"SAO DESIDERIO";"Velocidade Incompatível";"Tombamento";"Com Vítimas Fatais";"Anoitecer";"Decrescente";"Céu Claro";"Simples";"Reta";"Não";1;1;0;0;0;0;0;1;-12,51937418;-45,89435577;"SPRF-BA";"DEL10-BA";"UOP01-DEL10-BA"
418782;2022-03-05;"sábado";"15:11:00";"MG";381;524;"BRUMADINHO";"Demais falhas mecânicas ou elétricas";"Incêndio";"Sem Vítimas";"Pleno dia";"Decrescente";"Sol";"Dupla";"Reta";"Não";2;0;0;0;1;1;0;2;-20,160736;-44,329843;"SPRF-MG";"DEL04-MG";"UOP03-DEL04-MG"
418791;2022-03-05;"sábado";"14:20:00";"MS";158;51;"PARANAIBA";"Demais falhas mecânicas ou elétricas";"Colisão com objeto";"Com Vítimas Fatais";"Pleno dia";"Crescente";"Céu Claro";"Simples";"Reta";"Não";6;1;1;0;2;2;1;3;-19,38373911;-51,43499208;"SPRF-MS";"DEL08-MS";"UOP01-DEL08-MS"
418792;2022-03-05;"sábado";"14:50:00";"MT";163;690;"LUCAS DO RIO VERDE";"Desrespeitar a preferência no cruzamento";"Colisão transversal";"Sem Vítimas";"Pleno dia";"Crescente";"Céu Claro";"Simples";"Reta";"Sim";3;0;0;0;2;3;0;5;-13,15897005;-55,97504688;"SPRF-MT";"DEL06-MT";"UOP01-DEL06-MT"
418795;2022-03-05;"sábado";"13:45:00";"PR";376;495,5;"PONTA GROSSA";"Pedestre cruzava a pista fora da faixa";"Atropelamento de Pedestre";"Com Vítimas Fatais";"Pleno dia";"Decrescente";"Chuva";"Dupla";"Curva";"Sim";2;1;0;0;1;0;0;2;-25,14047981;-50,16043247;"SPRF-PR";"DEL03-PR";"UOP01-DEL03-PR"
418796;2022-02-01;"terça-feira";"10:20:00";"ES";101;297;"VIANA";"Condutor deixou de manter distância do veículo da frente";"Colisão traseira";"Sem Vítimas";"Pleno dia";"Crescente";"Céu Claro";"Dupla";"Reta";"Sim";4;0;0;0;2;2;0;4;-20,34529844;-40,41026774;"SPRF-ES";"DEL01-ES";"UOP01-DEL01-ES"
418801;2022-03-05;"sábado";"15:40:00";"MS";163;471,1;"CAMPO GRANDE";"Ausência de reação do condutor";"Colisão frontal";"Com Vítimas Fatais";"Pleno dia";"Decrescente";"Céu Claro";"Simples";"Reta";"Não";3;1;0;0;1;2;0;4;-20,55130516;-54,5571612;"SPRF-MS";"DEL01-MS";"UOP01-DEL01-MS"
418805;2022-03-02;"quarta-feira";"22:00:00";"PE";116;59,5;"CABROBO";"Demais falhas mecânicas ou elétricas";"Incêndio";"Sem Vítimas";"Plena Noite";"Decrescente";"Ignorado";"Simples";"Declive;Reta";"Não";2;0;0;0;1;1;0;2;-8,352674;-39,141792;"SPRF-PE";"DEL05-PE";"UOP01-DEL05-PE"
418812;2022-03-05;"sábado";"18:00:00";"PR";376;632;"SAO JOSE DOS PINHAIS";"Ausência de reação do condutor";"Colisão lateral mesmo sentido";"Com Vítimas Feridas";"Pleno dia";"Crescente";"Sol";"Dupla";"Reta";"Não";4;0;1;0;1;4;1;6;-25,71305887;-49,13941456;"SPRF-PR";"DEL01-PR";"UOP04-DEL01-PR"
418821;2022-03-05;"sábado";"16:00:00";"MT";364;198;"RONDONOPOLIS";"Reação tardia ou ineficiente do condutor";"Colisão traseira";"Com Vítimas Feridas";"Pleno dia";"Decrescente";"Céu Claro";"Dupla";"Retorno Regulamentado";"Sim";3;0;1;0;1;2;1;4;-16,50621198;-54,62294799;"SPRF-MT";"DEL02-MT";"UOP01-DEL02-MT"
418832;2022-03-05;"sábado";"11:00:00";"MG";116;221,7;"CATUJI";"Declive acentuado";"Saída de leito carroçável";"Com Vítimas Feridas";"Pleno dia";"Decrescente";"Céu Claro";"Simples";"Curva";"Não";2;0;0;1;0;1;1;2;-17,41543302;-41,51420574;"SPRF-MG";"DEL11-MG";"UOP01-DEL11-MG"
418833;2022-03-05;"sábado";"03:00:00";"PR";277;132;"BALSA NOVA";"Deficiência do Sistema de Iluminação/Sinalização";"Colisão com objeto";"Com Vítimas Feridas";"Plena Noite";"Crescente";"Nevoeiro/Neblina";"Dupla";"Reta";"Não";1;0;1;0;0;0;1;1;-25,47106993;-49,66067294;"SPRF-PR";"DEL01-PR";"UOP03-DEL03-PR"
418840;2022-03-05;"sábado";"20:40:00";"SP";116;404;"MIRACATU";"Velocidade Incompatível";"Colisão traseira";"Sem Vítimas";"Plena Noite";"Crescente";"Nublado";"Dupla";"Reta";"Não";3;0;0;0;2;1;0;3;-24,32148443;-47,53767014;"SPRF-SP";"DEL04-SP";"UOP02-DEL04-SP"
418845;2022-03-05;"sábado";"15:00:00";"PA";155;242;"ELDORADO DO CARAJAS";"Ultrapassagem Indevida";"Colisão frontal";"Com Vítimas Fatais";"Pleno dia";"Decrescente";"Nublado";"Simples";"Reta";"Não";6;1;0;2;2;4;2;7;-6,16968;-49,379911;"SPRF-PA";"DEL03-PA";"UOP01-DEL03-PA"
418856;2022-03-05;"sábado";"22:15:00";"MA";135;11,9;"SAO LUIS";"Acumulo de água sobre o pavimento";"Tombamento";"Com Vítimas Fatais";"Plena Noite";"Crescente";"Garoa/Chuvisco";"Dupla";"Reta";"Sim";3;1;1;0;0;1;1;2;-2,66470782;-44,28673431;"SPRF-MA";"DEL01-MA";"UOP01-DEL01-MA"
418871;2022-03-05;"sábado";"22:29:00";"SC";282;485;"FAXINAL DOS GUEDES";"Ingestão de álcool e/ou substâncias psicoativas pelo pedestre";"Atropelamento de Pedestre";"Com Vítimas Feridas";"Plena Noite";"Crescente";"Céu Claro";"Simples";"Reta";"Não";2;0;1;0;1;0;1;2;-26,857132;-52,245258;"SPRF-SC";"DEL07-SC";"UOP01-DEL07-SC"
418875;2022-03-05;"sábado";"23:30:00";"ES";101;70,1;"SAO MATEUS";"Ausência de reação do condutor";"Colisão transversal";"Com Vítimas Feridas";"Plena Noite";"Crescente";"Nublado";"Simples";"Aclive";"Sim";4;0;1;0;1;3;1;5;-18,74453703;-39,86164665;"SPRF-ES";"DEL04-ES";"UOP02-DEL04-ES"
418876;2022-03-05;"sábado";"16:30:00";"MG";116;535,1;"SANTA RITA DE MINAS";"Ingestão de álcool pelo condutor";"Colisão frontal";"Com Vítimas Feridas";"Pleno dia";"Crescente";"Nublado";"Simples";"Curva;Rotatória";"Não";3;0;1;0;1;1;1;3;-19,85292504;-42,14058636;"SPRF-MG";"DEL06-MG";"UOP02-DEL06-MG"
418879;2022-03-05;"sábado";"23:21:00";"MA";10;298,7;"CIDELANDIA";"Ultrapassagem Indevida";"Colisão frontal";"Sem Vítimas";"Plena Noite";"Decrescente";"Chuva";"Simples";"Reta";"Não";3;0;0;0;3;0;0;2;-5,131289;-47,5453;"SPRF-MA";"DEL04-MA";"UOP03-DEL04-MA"
418880;2022-03-06;"domingo";"00:25:00";"CE";20;425;"FORTALEZA";"Acumulo de água sobre o pavimento";"Saída de leito carroçável";"Com Vítimas Feridas";"Plena Noite";"Crescente";"Chuva";"Dupla";"Reta";"Não";2;0;1;0;0;1;1;2;-3,76999035;-38,67006282;"SPRF-CE";"DEL01-CE";"UOP02-DEL01-CE"
418885;2022-03-05;"sábado";"22:05:00";"BA";101;882,8;"TEIXEIRA DE FREITAS";"Ausência de reação do condutor";"Colisão frontal";"Com Vítimas Fatais";"Plena Noite";"Decrescente";"Céu Claro";"Simples";"Reta";"Não";3;1;1;0;1;0;1;2;-17,56875673;-39,73171234;"SPRF-BA";"DEL09-BA";"UOP02-DEL09-BA"