"id";"data_inversa";"dia_semana";"horario";"uf";"br";"km";"municipio";"causa_acidente";"tipo_acidente";"classificacao_acidente";"fase_dia";"sentido_via";"condicao_metereologica";"tipo_pista";"tracado_via";"uso_solo";"pessoas";"mortos";"feridos_leves";"feridos_graves";"ilesos";"ignorados";"feridos";"veiculos";"latitude";"longitude";"regional";"delegacia";"uop"
418898;2022-03-05;"sábado";"14:35:00";"GO";452;36;"SANTA HELENA DE GOIAS";"Ultrapassagem Indevida";"Colisão lateral sentido oposto";"Com Vítimas Feridas";"Pleno dia";"Crescente";"Céu Claro";"Simples";"Declive";"Não";4;0;2;0;1;3;2;5;-17,91461865;-50,59202603;"SPRF-GO";"DEL04-GO";"UOP01-DEL04-GO"
418908;2022-03-06;"domingo";"05:00:00";"RS";392;2,6;"RIO GRANDE";"Condutor deixou de manter distância do veículo da frente";"Colisão traseira";"Sem Vítimas";"Plena Noite";"Crescente";"Garoa/Chuvisco";"Simples";"Reta";"Sim";3;0;0;0;1;2;0;3;-32,05362099;-52,08645803;"SPRF-RS";"DEL07-RS";"UOP02-DEL07-RS"
418914;2022-03-05;"sábado";"16:30:00";"RS";472;507;"ITAQUI";"Transitar na contramão";"Colisão lateral sentido oposto";"Com Vítimas Feridas";"Pleno dia";"Decrescente";"Nublado";"Simples";"Reta";"Não";3;0;1;0;1;1;1;3;-29,30976889;-56,60210523;"SPRF-RS";"DEL13-RS";"UOP01-DEL13-RS"
418921;2022-03-05;"sábado";"07:50:00";"PR";277;305;"PRUDENTOPOLIS";"Ausência de reação do condutor";"Saída de leito carroçável";"Sem Vítimas";"Plena Noite";"Crescente";"Céu Claro";"Dupla";"Reta";"Não";1;0;0;0;1;0;0;1;-25,3188615;-51,1893392;"SPRF-PR";"DEL08-PR";"UOP01-DEL08-PR"
418923;2022-03-05;"sábado";"20:40:00";"MG";251;221,4;"CACHOEIRA DE PAJEU";"Ausência de reação do condutor";"Saída de leito carroçável";"Sem Vítimas";"Plena Noite";"Decrescente";"Nublado";"Simples";"Aclive";"Não";2;0;0;0;1;1;0;2;-15,95515343;-41,6268738;"SPRF-MG";"DEL11-MG";"UOP02-DEL11-MG"
418925;2022-03-06;"domingo";"04:20:00";"SC";153;41,5;"VARGEM BONITA";"Reação tardia ou ineficiente do condutor";"Colisão frontal";"Com Vítimas Feridas";"Plena Noite";"Decrescente";"Céu Claro";"Simples";"Reta";"Não";2;0;1;0;1;0;1;2;-26,851917;-51,744564;"SPRF-SC";"DEL07-SC";"UOP05-DEL07-SC"
418926;2022-03-06;"domingo";"05:00:00";"PR";277;685;"SAO MIGUEL DO IGUACU";"Ingestão de álcool pelo condutor";"Queda de ocupante de veículo";"Com Vítimas Feridas";"Amanhecer";"Crescente";"Céu Claro";"Dupla";"Declive";"Não";4;0;1;0;1;2;1;4;-25,3350861;-54,207268;"SPRF-PR";"DEL05-PR";"UOP01-DEL05-PR"
418938;2022-03-06;"domingo";"07:00:00";"MT";364;444,5;"VARZEA GRANDE";"Ausência de reação do condutor";"Tombamento";"Com Vítimas Feridas";"Pleno dia";"Decrescente";"Céu Claro";"Simples";"Reta";"Não";5;0;0;1;3;3;1;6;-15,63212299;-56,20484879;"SPRF-MT";"DEL01-MT";"UOP02-DEL01-MT"
418941;2022-03-06;"domingo";"04:20:00";"RO";364;486;"ARIQUEMES";"Frear bruscamente";"Colisão traseira";"Com Vítimas Feridas";"Plena Noite";"Crescente";"Chuva";"Simples";"Reta";"Não";2;0;1;0;1;0;1;2;-10,11567574;-62,91266689;"SPRF-RO";"DEL03-RO";"UOP01-DEL03-RO"
418948;2022-03-06;"domingo";"08:30:00";"GO";153;525,8;"HIDROLANDIA";"Demais falhas mecânicas ou elétricas";"Colisão com objeto";"Sem Vítimas";"Pleno dia";"Crescente";"Céu Claro";"Dupla";"Reta";"Não";1;0;0;0;1;0;0;1;-16,9288;-49,2518;"SPRF-GO";"DEL01-GO";"UOP03-DEL01-GO"
418949;2022-03-06;"domingo";"03:30:00";"TO";153;559;"FATIMA";"Reação tardia ou ineficiente do condutor";"Saída de leito carroçável";"Sem Vítimas";"Plena Noite";"Crescente";"Chuva";"Simples";"Reta";"Não";2;0;0;0;1;1;0;2;-10,73233502;-48,90387036;"SPRF-TO";"DEL01-TO";"UOP01-DEL01-TO"
418957;2022-03-06;"domingo";"11:15:00";"SC";101;42;"JOINVILLE";"Condutor deixou de manter distância do veículo da frente";"Colisão traseira";"Com Vítimas Feridas";"Pleno dia";"Decrescente";"Sol";"Dupla";"Reta";"Sim";3;0;1;0;1;1;1;3;-26,29251598;-48,88474385;"SPRF-SC";"DEL03-SC";"UOP01-DEL03-SC"
418964;2022-02-06;"domingo";"21:40:00";"SP";116;122,1;"CACAPAVA";"Ingestão de álcool pelo condutor";"Colisão traseira";"Com Vítimas Feridas";"Plena Noite";"Crescente";"Nublado";"Dupla";"Aclive";"Não";8;0;2;1;2;3;3;3;-23,08076986;-45,66014704;"SPRF-SP";"DEL02-SP";"UOP02-DEL02-SP"
418967;2022-02-24;"quinta-feira";"13:00:00";"TO";153;105;"WANDERLANDIA";"Reação tardia ou ineficiente do condutor";"Colisão traseira";"Com Vítimas Feridas";"Pleno dia";"Crescente";"Céu Claro";"Dupla";"Reta";"Não";5;0;0;1;3;5;1;9;-6,9197705;-48,0574615;"SPRF-TO";"DEL02-TO";"UOP01-DEL02-TO"
418970;2022-03-06;"domingo";"01:00:00";"PI";343;536,7;"AMARANTE";"Ausência de reação do condutor";"Saída de leito carroçável";"Sem Vítimas";"Plena Noite";"Decrescente";"Ignorado";"Simples";"Reta";"Não";1;0;0;0;1;0;0;1;-6,500251;-42,791492;"SPRF-PI";"DEL03-PI";"UOP01-DEL03-PI"
418971;2022-02-18;"sexta-feira";"22:00:00";"SP";116;224;"GUARULHOS";"Manobra de mudança de faixa";"Colisão lateral mesmo sentido";"Com Vítimas Feridas";"Plena Noite";"Decrescente";"Nublado";"Múltipla";"Reta";"Sim";4;0;0;1;2;1;1;3;-23,48071896;-46,53271603;"SPRF-SP";"DEL01-SP";"UOP01-DEL01-SP"
418979;2022-03-06;"domingo";"11:08:00";"PR";277;444,1;"LARANJEIRAS DO SUL";"Reação tardia ou ineficiente do condutor";"Colisão lateral mesmo sentido";"Com Vítimas Feridas";"Pleno dia";"Decrescente";"Céu Claro";"Simples";"Reta";"Não";4;0;1;1;1;2;2;4;-25,36971187;-52,29283798;"SPRF-PR";"DEL04-PR";"UOP02-DEL04-PR"
418980;2022-01-21;"sexta-feira";"09:45:00";"CE";20;427,9;"FORTALEZA";"Manobra de mudança de faixa";"Colisão traseira";"Com Vítimas Feridas";"Pleno dia";"Decrescente";"Céu Claro";"Múltipla";"Reta";"Não";4;0;1;1;1;1;2;3;-3,867598;-38,511154;"SPRF-CE";"DEL01-CE";"UOP02-DEL01-CE"
418983;2022-03-06;"domingo";"14:05:00";"PR";277;6,6;"PARANAGUA";"Ausência de reação do condutor";"Tombamento";"Sem Vítimas";"Pleno dia";"Decrescente";"Sol";"Dupla";"Curva;Declive";"Não";2;0;0;0;1;2;0;3;-25,56097423;-48,5826851;"SPRF-PR";"DEL01-PR";"UOP05-DEL01-PR"
418987;2022-03-06;"domingo";"13:33:00";"PI";135;351;"BOM JESUS";"Reação tardia ou ineficiente do condutor";"Colisão traseira";"Com Vítimas Feridas";"Pleno dia";"Decrescente";"Chuva";"Simples";"Reta";"Sim";7;0;1;0;6;0;1;2;-9,07520882;-44,34965014;"SPRF-PI";"DEL03-PI";"UOP02-DEL03-PI"
418989;2022-03-06;"domingo";"14:20:00";"RS";386;347,4;"LAJEADO";"Chuva";"Saída de leito carroçável";"Sem Vítimas";"Pleno dia";"Decrescente";"Chuva";"Dupla";"Curva";"Não";1;0;0;0;1;0;0;1;-29,451736;-51,965893;"SPRF-RS";"DEL04-RS";"UOP01-DEL04-RS"
418996;2022-03-06;"domingo";"12:00:00";"SC";470;96;"ASCURRA";"Trafegar com motocicleta (ou similar) entre as faixas";"Colisão traseira";"Com Vítimas Feridas";"Pleno dia";"Decrescente";"Nublado";"Simples";"Reta";"Não";2;0;1;0;1;0;1;2;-27,020767;-49,371342;"SPRF-SC";"DEL04-SC";"UOP01-DEL04-SC"
418999;2022-03-06;"domingo";"15:25:00";"SE";101;91,3;"NOSSA SENHORA DO SOCORRO";"Manobra de mudança de faixa";"Colisão lateral mesmo sentido";"Com Vítimas Feridas";"Pleno dia";"Decrescente";"Céu Claro";"Múltipla";"Reta";"Não";4;0;1;0;2;2;1;4;-10,89849802;-37,13176324;"SPRF-SE";"DEL01-SE";"UOP01-DEL01-SE"
419000;2022-03-06;"domingo";"14:45:00";"RO";364;173,6;"PIMENTA BUENO";"Manobra de mudança de faixa";"Colisão lateral mesmo sentido";"Com Vítimas Feridas";"Pleno dia";"Crescente";"Nublado";"Simples";"Reta";"Não";5;0;1;0;3;5;1;8;-11,82502213;-61,03254119;"SPRF-RO";"DEL02-RO";"UOP02-DEL02-RO"
419001;2022-03-06;"domingo";"15:55:00";"PR";116;152;"MANDIRITUBA";"Acessar a via sem observar a presença dos outros veículos";"Colisão transversal";"Com Vítimas Feridas";"Pleno dia";"Crescente";"Céu Claro";"Simples";"Reta";"Sim";4;0;1;0;2;1;1;3;-25,83236296;-49,33609707;"SPRF-PR";"DEL01-PR";"UOP03-DEL01-PR"
419002;2022-03-06;"domingo";"14:00:00";"TO";153;364;"FORTALEZA DO TABOCAO";"Transitar na contramão";"Colisão frontal";"Sem Vítimas";"Pleno dia";"Crescente";"Céu Claro";"Simples";"Reta";"Não";4;0;0;0;2;2;0;4;-9,09977298;-48,52779111;"SPRF-TO";"DEL02-TO";"UOP02-DEL02-TO"
419011;2022-02-26;"sábado";"19:00:00";"PE";101;136;"RIBEIRAO";"Reação tardia ou ineficiente do condutor";"Saída de leito carroçável";"Com Vítimas Feridas";"Plena Noite";"Decrescente";"Céu Claro";"Múltipla";"Reta";"Não";2;0;0;1;0;1;1;2;-8,41439454;-35,3044618;"SPRF-PE";"DEL01-PE";"UOP01-DEL01-PE"
419016;2022-03-06;"domingo";"17:40:00";"GO";452;182,5;"ITUMBIARA";"Ultrapassagem Indevida";"Colisão frontal";"Com Vítimas Fatais";"Pleno dia";"Decrescente";"Céu Claro";"Simples";"Declive";"Não";4;1;0;0;1;4;0;6;-18,38599547;-49,34161753;"SPRF-GO";"DEL03-GO";"UOP02-DEL03-GO"
419024;2022-03-06;"domingo";"18:30:00";"BA";116;457;"SANTO ESTEVAO";"Condutor deixou de manter distância do veículo da frente";"Colisão traseira";"Com Vítimas Feridas";"Plena Noite";"Crescente";"Céu Claro";"Dupla";"Reta";"Não";4;0;2;0;1;4;2;6;-12,424867;-39,205485;"SPRF-BA";"DEL02-BA";"UOP01-DEL02-BA"
419028;2022-03-06;"domingo";"17:30:00";"PI";135;466;"MONTE ALEGRE DO PIAUI";"Transitar na contramão";"Colisão frontal";"Com Vítimas Feridas";"Anoitecer";"Crescente";"Nublado";"Simples";"Curva";"Não";8;0;3;2;1;2;5;4;-9,59053998;-45,03613904;"SPRF-PI";"DEL03-PI";"UOP02-DEL03-PI"
419032;2022-03-06;"domingo";"19:20:00";"MG";40;446;"PARAOPEBA";"Pedestre andava na pista";"Eventos atípicos";"Com Vítimas Feridas";"Plena Noite";"Crescente";"Céu Claro";"Dupla";"Declive";"Não";2;0;0;1;0;1;1;2;-19,28815;-44,392;"SPRF-MG";"DEL02-MG";"UOP01-DEL02-MG"
419038;2022-03-06;"domingo";"20:30:00";"CE";222;8;"CAUCAIA";"Acessar a via sem observar a presença dos outros veículos";"Colisão traseira";"Com Vítimas Feridas";"Plena Noite";"Decrescente";"Chuva";"Dupla";"Retorno Regulamentado;Reta";"Sim";2;0;1;0;1;0;1;2;-3,75363558;-38,63803121;"SPRF-CE";"DEL01-CE";"UOP01-DEL01-CE"
419039;2022-03-06;"domingo";"20:45:00";"RS";116;479;"TURUCU";"Chuva";"Saída de leito carroçável";"Com Vítimas Feridas";"Plena Noite";"Crescente";"Chuva";"Simples";"Desvio Temporário";"Não";2;0;1;0;0;1;1;2;-31,39171431;-52,1435178;"SPRF-RS";"DEL07-RS";"UOP01-DEL07-RS"
419044;2022-03-06;"domingo";"18:00:00";"BA";242;438;"IBITIARA";"Reação tardia ou ineficiente do condutor";"Derramamento de carga";"Sem Vítimas";"Anoitecer";"Decrescente";"Nublado";"Simples";"Reta";"Não";2;0;0;0;1;2;0;3;-12,42785946;-42,0154953;"SPRF-BA";"DEL06-BA";"UOP01-DEL06-BA"
419047;2022-03-06;"domingo";"19:20:00";"RS";290;287,6;"CACHOEIRA DO SUL";"Manobra de mudança de faixa";"Colisão frontal";"Com Vítimas Feridas";"Plena Noite";"Decrescente";"Chuva";"Simples";"Reta";"Sim";5;0;0;3;1;1;3;3;-30,25865945;-53,08065891;"SPRF-RS";"DEL02-RS";"UOP03-DEL02-RS"
419054;2022-03-06;"domingo";"19:00:00";"SC";116;186,4;"SAO CRISTOVAO DO SUL";"Ingestão de álcool pelo condutor";"Colisão lateral sentido oposto";"Com Vítimas Feridas";"Plena Noite";"Crescente";"Chuva";"Simples";"Reta";"Não";7;0;3;2;2;0;5;4;-27,31340181;-50,41996231;"SPRF-SC";"DEL05-SC";"UOP03-DEL05-SC"
419056;2022-03-06;"domingo";"16:10:00";"MG";116;488,9;"CARATINGA";"Velocidade Incompatível";"Saída de leito carroçável";"Com Vítimas Feridas";"Pleno dia";"Crescente";"Céu Claro";"Simples";"Curva";"Não";2;0;1;0;0;1;1;2;-19,7496024;-42,1276153;"SPRF-MG";"DEL06-MG";"UOP02-DEL06-MG"
419067;2022-03-06;"domingo";"21:30:00";"PE";316;53;"TRINDADE";"Transitar na contramão";"Colisão frontal";"Com Vítimas Feridas";"Plena Noite";"Crescente";"Céu Claro";"Simples";"Reta";"Não";2;0;1;0;1;0;1;2;-7,73314203;-40,30237301;"SPRF-PE";"DEL05-PE";"UOP02-DEL05-PE"
419073;2022-03-06;"domingo";"22:30:00";"RS";386;318,9;"MARQUES DE SOUZA";"Ingestão de álcool pelo condutor";"Saída de leito carroçável";"Sem Vítimas";"Plena Noite";"Crescente";"Céu Claro";"Simples";"Reta";"Não";1;0;0;0;1;0;0;1;-29,271801;-52,141438;"SPRF-RS";"DEL04-RS";"UOP01-DEL04-RS"
419075;2022-03-06;"domingo";"20:30:00";"RJ";116;8,6;"SAPUCAIA";"Ingestão de álcool pelo condutor";"Colisão frontal";"Com Vítimas Fatais";"Plena Noite";"Crescente";"Céu Claro";"Simples";"Curva";"Não";3;2;0;0;1;0;0;2;-21,92330167;-42,7007131;"SPRF-RJ";"DEL05-RJ";"UOP01-DEL05-RJ"
419078;2022-03-06;"domingo";"20:00:00";"SC";116;113,4;"SANTA CECILIA";"Carga excessiva e/ou mal acondicionada";"Colisão com objeto";"Com Vítimas Feridas";"Plena Noite";"Crescente";"Céu Claro";"Simples";"Reta";"Não";3;0;1;0;2;0;1;2;-26,78591907;-50,34487121;"SPRF-SC";"DEL06-SC";"UOP02-DEL06-SC"
419089;2022-03-06;"domingo";"19:30:00";"PR";373;417;"CANDOI";"Transitar na contramão";"Colisão frontal";"Com Vítimas Feridas";"Anoitecer";"Decrescente";"Céu Claro";"Simples";"Declive;Reta";"Não";2;0;1;1;0;0;2;2;-25,68053004;-52,13726597;"SPRF-PR";"DEL08-PR";"UOP01-DEL08-PR"
419094;2022-03-06;"domingo";"21:30:00";"MG";381;244;"SANTANA DO PARAISO";"Estacionar ou parar em local proibido";"Colisão frontal";"Sem Vítimas";"Plena Noite";"Decrescente";"Céu Claro";"Simples";"Aclive";"Não";6;0;0;0;4;4;0;8;-19,44433395;-42,51333612;"SPRF-MG";"DEL06-MG";"UOP01-DEL06-MG"
419095;2022-03-06;"domingo";"23:51:00";"MS";163;498;"CAMPO GRANDE";"Manobra de mudança de faixa";"Colisão frontal";"Com Vítimas Feridas";"Plena Noite";"Crescente";"Céu Claro";"Simples";"Reta";"Não";3;0;0;1;1;1;1;3;-20,343867;-54,518513;"SPRF-MS";"DEL01-MS";"UOP02-DEL01-MS"
419104;2022-03-07;"segunda-feira";"02:00:00";"MS";163;288,5;"DOURADOS";"Animais na Pista";"Tombamento";"Com Vítimas Feridas";"Plena Noite";"Decrescente";"Céu Claro";"Simples";"Reta";"Não";1;0;1;0;0;0;1;1;-22,07159027;-54,56354407;"SPRF-MS";"DEL04-MS";"UOP01-DEL04-MS"
419112;2022-03-07;"segunda-feira";"02:20:00";"PR";376;446,2;"TIBAGI";"Reação tardia ou ineficiente do condutor";"Colisão traseira";"Com Vítimas Feridas";"Plena Noite";"Crescente";"Céu Claro";"Dupla";"Aclive";"Não";2;0;0;1;1;0;1;2;-24,84973627;-50,46626871;"SPRF-PR";"DEL03-PR";"UOP02-DEL03-PR"
419116;2022-03-06;"domingo";"23:30:00";"BA";242;435;"SEABRA";"Condutor Dormindo";"Colisão frontal";"Com Vítimas Feridas";"Plena Noite";"Crescente";"Nublado";"Simples";"Reta";"Não";6;0;1;1;3;2;2;4;-12,39945951;-41,9413228;"SPRF-BA";"DEL06-BA";"UOP01-DEL06-BA"
419119;2022-03-07;"segunda-feira";"06:50:00";"RS";116;260;"CANOAS";"Trafegar com motocicleta (ou similar) entre as faixas";"Colisão traseira";"Com Vítimas Feridas";"Pleno dia";"Crescente";"Céu Claro";"Simples";"Reta";"Não";3;0;1;0;1;1;1;3;-29,879208;-51,18045622;"SPRF-RS";"DEL01-RS";"UOP01-DEL01-RS"
419121;2022-03-05;"sábado";"03:40:00";"GO";153;67;"PORANGATU";"Demais falhas mecânicas ou elétricas";"Incêndio";"Sem Vítimas";"Plena Noite";"Crescente";"Céu Claro";"Simples";"Reta";"Não";2;0;0;0;1;1;0;2;-13;-49;"SPRF-GO";"DEL07-GO";"UOP01-DEL07-GO"
419131;2022-03-07;"segunda-feira";"06:30:00";"BA";101;208,9;"GOVERNADOR MANGABEIRA";"Pedestre cruzava a pista fora da faixa";"Atropelamento de Pedestre";"Com Vítimas Fatais";"Amanhecer";"Decrescente";"Nublado";"Simples";"Declive";"Sim";3;1;0;0;1;1;0;3;-12,601385;-39,050421;"SPRF-BA";"DEL01-BA";"UOP02-DEL01-BA"
419139;2022-03-07;"segunda-feira";"06:57:00";"PB";230;502,6;"CAJAZEIRAS";"Ausência de reação do condutor";"Saída de leito carroçável";"Com Vítimas Feridas";"Pleno dia";"Decrescente";"Nublado";"Simples";"Curva";"Sim";2;0;1;0;0;2;1;3;-6,8979;-38,5233;"SPRF-PB";"DEL03-PB";"UOP03-DEL03-PB"
419142;2022-03-07;"segunda-feira";"08:50:00";"MG";40;662,8;"CARANDAI";"Conversão proibida";"Colisão lateral mesmo sentido";"Com Vítimas Feridas";"Pleno dia";"Crescente";"Céu Claro";"Simples";"Reta";"Não";2;0;1;0;1;0;1;2;-20,91349375;-43,82687955;"SPRF-MG";"DEL05-MG";"UOP02-DEL05-MG"
419147;2022-03-07;"segunda-feira";"09:30:00";"PE";101;68;"RECIFE";"Trafegar com motocicleta (ou similar) entre as faixas";"Tombamento";"Com Vítimas Feridas";"Pleno dia";"Decrescente";"Céu Claro";"Dupla";"Reta";"Sim";2;0;1;0;1;0;1;2;-8,05894281;-34,94593263;"SPRF-PE";"DEL01-PE";"UOP01-DEL01-PE"
419153;2022-03-07;"segunda-feira";"08:05:00";"MG";262;677,3;"ARAXA";"Condutor Dormindo";"Colisão frontal";"Com Vítimas Fatais";"Pleno dia";"Crescente";"Céu Claro";"Simples";"Curva";"Não";4;1;0;0;3;0;0;2;-19,5553593;-46,85947792;"SPRF-MG";"DEL08-MG";"UOP01-DEL08-MG"
419157;2022-03-07;"segunda-feira";"09:45:00";"RJ";116;163;"RIO DE JANEIRO";"Ausência de reação do condutor";"Colisão traseira";"Com Vítimas Feridas";"Pleno dia";"Crescente";"Céu Claro";"Múltipla";"Reta";"Sim";2;0;1;0;1;0;1;2;-22,802729;-43,290424;"SPRF-RJ";"DEL01-RJ";"UOP01-DEL01-RJ"
419167;2022-03-07;"segunda-feira";"10:45:00";"SP";116;272,7;"TABOAO DA SERRA";"Manobra de mudança de faixa";"Colisão lateral mesmo sentido";"Com Vítimas Feridas";"Pleno dia";"Crescente";"Sol";"Dupla";"Reta";"Sim";3;0;1;0;1;1;1;3;-23,621691;-46,813288;"SPRF-SP";"DEL04-SP";"UOP01-DEL04-SP"
419171;2022-03-07;"segunda-feira";"11:25:00";"RS";116;242;"SAO LEOPOLDO";"Acessar a via sem observar a presença dos outros veículos";"Colisão traseira";"Com Vítimas Feridas";"Pleno dia";"Decrescente";"Céu Claro";"Dupla";"Reta";"Sim";3;0;1;0;1;1;1;3;-29,72297087;-51,14858729;"SPRF-RS";"DEL01-RS";"UOP02-DEL01-RS"
419172;2022-03-07;"segunda-feira";"10:00:00";"PR";277;7;"PARANAGUA";"Reação tardia ou ineficiente do condutor";"Colisão com objeto";"Sem Vítimas";"Pleno dia";"Decrescente";"Sol";"Simples";"Interseção de Vias";"Sim";1;0;0;0;0;1;0;1;-25,51152564;-48,52000984;"SPRF-PR";"DEL01-PR";"UOP05-DEL01-PR"
419173;2022-03-07;"segunda-feira";"09:40:00";"PE";101;68,1;"RECIFE";"Trafegar com motocicleta (ou similar) entre as faixas";"Colisão lateral mesmo sentido";"Com Vítimas Fatais";"Pleno dia";"Crescente";"Nublado";"Dupla";"Aclive;Viaduto";"Sim";4;1;0;0;2;2;0;5;-8,05187;-34,946221;"SPRF-PE";"DEL01-PE";"UOP01-DEL01-PE"
419175;2022-03-07;"segunda-feira";"11:00:00";"RS";386;363,3;"FAZENDA VILANOVA";"Reação tardia ou ineficiente do condutor";"Colisão traseira";"Com Vítimas Feridas";"Pleno dia";"Decrescente";"Nublado";"Dupla";"Curva";"Não";2;0;1;0;1;0;1;2;-29,560402;-51,882065;"SPRF-RS";"DEL04-RS";"UOP02-DEL04-RS"
419178;2022-03-07;"segunda-feira";"01:00:00";"RS";470;227;"GARIBALDI";"Reação tardia ou ineficiente do condutor";"Saída de leito carroçável";"Sem Vítimas";"Plena Noite";"Decrescente";"Garoa/Chuvisco";"Simples";"Curva";"Sim";1;0;0;0;1;0;0;1;-29,21657705;-51,51722624;"SPRF-RS";"DEL06-RS";"UOP01-DEL06-RS"
419183;2022-03-07;"segunda-feira";"12:50:00";"RS";101;71,3;"OSORIO";"Estacionar ou parar em local proibido";"Colisão traseira";"Com Vítimas Feridas";"Pleno dia";"Decrescente";"Nublado";"Dupla";"Reta";"Sim";3;0;2;0;1;0;2;2;-29,758787;-50,21653;"SPRF-RS";"DEL03-RS";"UOP01-DEL03-RS"
419190;2022-02-26;"sábado";"22:15:00";"MS";163;714;"RIO VERDE DE MATO GROSSO";"Ingestão de álcool pelo condutor";"Colisão com objeto";"Sem Vítimas";"Plena Noite";"Decrescente";"Nublado";"Simples";"Reta";"Não";2;0;0;0;1;3;0;4;-18,64290896;-54,78331204;"SPRF-MS";"DEL06-MS";"UOP01-DEL06-MS"
419191;2022-03-07;"segunda-feira";"08:00:00";"MG";262;401,3;"PARA DE MINAS";"Velocidade Incompatível";"Tombamento";"Com Vítimas Feridas";"Pleno dia";"Decrescente";"Céu Claro";"Dupla";"Curva;Aclive";"Não";1;0;1;0;0;0;1;1;-19,88313607;-44,6137619;"SPRF-MG";"DEL01-MG";"UOP03-DEL01-MG"
419200;2022-03-07;"segunda-feira";"13:50:00";"GO";414;383;"CORUMBA DE GOIAS";"Velocidade Incompatível";"Tombamento";"Com Vítimas Feridas";"Pleno dia";"Crescente";"Céu Claro";"Simples";"Curva";"Não";2;0;1;0;0;3;1;4;-15,86047004;-48,77016595;"SPRF-GO";"DEL02-GO";"UOP01-DEL02-GO"
419207;2022-02-14;"segunda-feira";"22:30:00";"MG";116;399;"GOVERNADOR VALADARES";"Condutor Dormindo";"Colisão frontal";"Com Vítimas Feridas";"Plena Noite";"Crescente";"Nublado";"Simples";"Reta";"Não";5;0;2;1;0;3;3;5;-18,75868098;-41,98564768;"SPRF-MG";"DEL06-MG";"UOP01-DEL06-MG"
419208;2022-01-19;"quarta-feira";"05:15:00";"BA";116;611,2;"JAGUAQUARA";"Condutor Dormindo";"Colisão frontal";"Com Vítimas Fatais";"Amanhecer";"Crescente";"Céu Claro";"Simples";"Reta;Declive";"Não";7;1;1;3;1;3;4;5;-13,3298;-40,0168;"SPRF-BA";"DEL03-BA";"UOP01-DEL03-BA"
419210;2022-03-07;"segunda-feira";"15:30:00";"SC";101;331,1;"TUBARAO";"Condutor deixou de manter distância do veículo da frente";"Colisão lateral mesmo sentido";"Com Vítimas Feridas";"Pleno dia";"Crescente";"Céu Claro";"Múltipla";"Reta";"Não";4;0;2;0;1;1;2;3;-28,45567521;-48,9812689;"SPRF-SC";"DEL02-SC";"UOP01-DEL02-SC"
419214;2022-03-07;"segunda-feira";"16:00:00";"ES";101;66,6;"SAO MATEUS";"Ausência de reação do condutor";"Colisão transversal";"Com Vítimas Feridas";"Pleno dia";"Crescente";"Céu Claro";"Simples";"Reta";"Sim";3;0;1;0;1;3;1;5;-18,7165195;-39,87436378;"SPRF-ES";"DEL04-ES";"UOP02-DEL04-ES"
419229;2022-03-07;"segunda-feira";"16:45:00";"PR";163;167,8;"LINDOESTE";"Condutor Dormindo";"Tombamento";"Com Vítimas Feridas";"Pleno dia";"Crescente";"Sol";"Simples";"Reta;Aclive";"Sim";2;0;1;0;0;2;1;3;-25,25244752;-53,57775472;"SPRF-PR";"DEL05-PR";"UOP05-DEL05-PR"
419231;2022-02-21;"segunda-feira";"09:00:00";"PR";476;136;"CURITIBA";"Reação tardia ou ineficiente do condutor";"Colisão transversal";"Com Vítimas Feridas";"Pleno dia";"Crescente";"Ignorado";"Dupla";"Interseção de Vias";"Sim";2;0;1;0;1;0;1;2;-25,49643481;-49,27645545;"SPRF-PR";"DEL01-PR";"UOP03-DEL01-PR"
419245;2022-03-07;"segunda-feira";"20:15:00";"ES";101;64,8;"SAO MATEUS";"Ausência de sinalização";"Colisão traseira";"Com Vítimas Fatais";"Plena Noite";"Crescente";"Céu Claro";"Simples";"Ponte";"Sim";3;1;0;0;1;1;0;3;-18,70428583;-39,87065983;"SPRF-ES";"DEL04-ES";"UOP02-DEL04-ES"
419248;2022-03-07;"segunda-feira";"08:35:00";"PR";376;373,5;"ORTIGUEIRA";"Condutor Dormindo";"Tombamento";"Sem Vítimas";"Pleno dia";"Decrescente";"Céu Claro";"Simples";"Aclive";"Não";2;0;0;0;1;1;0;2;-24,39914107;-50,78383753;"SPRF-PR";"DEL07-PR";"UOP02-DEL07-PR"
419253;2022-03-07;"segunda-feira";"16:00:00";"BA";101;876;"CARAVELAS";"Acessar a via sem observar a presença dos outros veículos";"Colisão traseira";"Com Vítimas Feridas";"Pleno dia";"Decrescente";"Nublado";"Simples";"Reta";"Sim";2;0;0;1;1;0;1;2;-17,73590399;-39,7662979;"SPRF-BA";"DEL09-BA";"UOP02-DEL09-BA"
419255;2022-03-07;"segunda-feira";"20:40:00";"RS";471;192;"PANTANO GRANDE";"Desrespeitar a preferência no cruzamento";"Colisão transversal";"Sem Vítimas";"Plena Noite";"Crescente";"Garoa/Chuvisco";"Simples";"Interseção de Vias";"Não";3;0;0;0;2;1;0;3;-30,16543802;-52,37361085;"SPRF-RS";"DEL02-RS";"UOP03-DEL02-RS"
419256;2022-03-07;"segunda-feira";"19:36:00";"SC";163;74,6;"SAO MIGUEL DO OESTE";"Animais na Pista";"Atropelamento de Animal";"Com Vítimas Feridas";"Plena Noite";"Crescente";"Céu Claro";"Simples";"Curva";"Não";3;0;1;0;1;1;1;3;-26,70200479;-53,51350653;"SPRF-SC";"DEL07-SC";"UOP03-DEL07-SC"
419259;2022-03-07;"segunda-feira";"16:30:00";"MG";262;554,1;"LUZ";"Velocidade Incompatível";"Colisão frontal";"Sem Vítimas";"Pleno dia";"Crescente";"Céu Claro";"Simples";"Curva";"Não";5;0;0;0;4;1;0;4;-19,71480322;-45,90726126;"SPRF-MG";"DEL08-MG";"UOP02-DEL08-MG"