"id";"data_inversa";"dia_semana";"horario";"uf";"br";"km";"municipio";"causa_acidente";"tipo_acidente";"classificacao_acidente";"fase_dia";"sentido_via";"condicao_metereologica";"tipo_pista";"tracado_via";"uso_solo";"pessoas";"mortos";"feridos_leves";"feridos_graves";"ilesos";"ignorados";"feridos";"veiculos";"latitude";"longitude";"regional";"delegacia";"uop"
419265;2022-03-07;"segunda-feira";"19:40:00";"MG";116;541,5;"SANTA RITA DE MINAS";"Velocidade Incompatível";"Tombamento";"Com Vítimas Feridas";"Plena Noite";"Decrescente";"Nublado";"Simples";"Curva";"Não";2;0;1;0;0;1;1;2;-19,89438795;-42,13395072;"SPRF-MG";"DEL06-MG";"UOP02-DEL06-MG"
419271;2022-03-07;"segunda-feira";"22:25:00";"MG";40;618,4;"CONGONHAS";"Ausência de reação do condutor";"Colisão traseira";"Com Vítimas Feridas";"Plena Noite";"Crescente";"Céu Claro";"Simples";"Interseção de Vias;Reta";"Não";2;0;0;1;1;0;1;2;-20,57002421;-43,81201928;"SPRF-MG";"DEL05-MG";"UOP02-DEL05-MG"
419272;2022-03-08;"terça-feira";"00:20:00";"MG";381;849;"POUSO ALEGRE";"Velocidade Incompatível";"Saída de leito carroçável";"Com Vítimas Feridas";"Plena Noite";"Decrescente";"Céu Claro";"Múltipla";"Curva";"Não";1;0;1;0;0;0;1;1;-22,26991499;-45,89241402;"SPRF-MG";"DEL16-MG";"UOP01-DEL16-MG"
419273;2022-03-08;"terça-feira";"02:15:00";"MG";153;91;"PRATA";"Velocidade Incompatível";"Tombamento";"Com Vítimas Feridas";"Plena Noite";"Decrescente";"Céu Claro";"Simples";"Aclive";"Não";1;0;1;0;0;0;1;1;-19,15242696;-48,96164382;"SPRF-MG";"DEL15-MG";"UOP03-DEL15-MG"
419275;2022-03-08;"terça-feira";"02:50:00";"SC";101;189;"BIGUACU";"Velocidade Incompatível";"Colisão com objeto";"Com Vítimas Feridas";"Plena Noite";"Decrescente";"Chuva";"Dupla";"Curva";"Sim";4;0;0;1;2;1;1;4;-27,459393;-48,638914;"SPRF-SC";"DEL01-SC";"UOP01-DEL01-SC"
419276;2022-03-08;"terça-feira";"03:15:00";"RN";304;267;"SAO PEDRO";"Transitar na contramão";"Colisão lateral sentido oposto";"Com Vítimas Feridas";"Plena Noite";"Crescente";"Céu Claro";"Simples";"Reta";"Não";2;0;0;1;1;0;1;2;-5,86305892;-35,60345998;"SPRF-RN";"DEL01-RN";"UOP02-DEL01-RN"
419281;2022-03-08;"terça-feira";"06:30:00";"DF";20;13;"BRASILIA";"Condutor deixou de manter distância do veículo da frente";"Colisão traseira";"Com Vítimas Feridas";"Pleno dia";"Crescente";"Nublado";"Dupla";"Aclive";"Sim";3;0;1;0;1;1;1;3;-15,638752;-47,749599;"SPRF-DF";"DEL02-DF";"UOP01-DEL02-DF"
419283;2022-03-08;"terça-feira";"06:00:00";"BA";242;224;"ITABERABA";"Acessar a via sem observar a presença dos outros veículos";"Colisão lateral sentido oposto";"Com Vítimas Feridas";"Pleno dia";"Decrescente";"Céu Claro";"Simples";"Reta";"Não";2;0;1;0;1;0;1;2;-12,5211301;-40,269926;"SPRF-BA";"DEL06-BA";"UOP02-DEL06-BA"
419284;2022-03-08;"terça-feira";"07:15:00";"ES";262;51,4;"MARECHAL FLORIANO";"Manobra de mudança de faixa";"Colisão frontal";"Com Vítimas Fatais";"Pleno dia";"Crescente";"Céu Claro";"Simples";"Curva";"Não";3;1;0;2;0;0;2;2;-20,41382467;-40,71438155;"SPRF-ES";"DEL01-ES";"UOP01-DEL01-ES"
419291;2022-03-08;"terça-feira";"07:00:00";"MT";163;732;"SORRISO";"Neblina";"Engavetamento";"Sem Vítimas";"Pleno dia";"Crescente";"Nevoeiro/Neblina";"Simples";"Reta";"Não";3;0;0;0;3;0;0;3;-12,81974399;-55,82749398;"SPRF-MT";"DEL06-MT";"UOP01-DEL06-MT"
419293;2022-03-08;"terça-feira";"07:00:00";"GO";153;557;"PROFESSOR JAMIL";"Condutor Dormindo";"Colisão traseira";"Com Vítimas Feridas";"Amanhecer";"Decrescente";"Céu Claro";"Dupla";"Aclive";"Não";6;0;2;0;3;1;2;3;-17,2013;-49,2083;"SPRF-GO";"DEL03-GO";"UOP01-DEL03-GO"
419294;2022-03-08;"terça-feira";"08:20:00";"PR";116;96;"SAO JOSE DOS PINHAIS";"Manobra de mudança de faixa";"Colisão lateral mesmo sentido";"Com Vítimas Feridas";"Pleno dia";"Decrescente";"Céu Claro";"Múltipla";"Aclive";"Não";2;0;0;1;1;0;1;2;-25,504848;-49,123226;"SPRF-PR";"DEL01-PR";"UOP01-DEL01-PR"
419296;2022-03-08;"terça-feira";"09:00:00";"RS";285;338;"CARAZINHO";"Reação tardia ou ineficiente do condutor";"Colisão traseira";"Com Vítimas Feridas";"Pleno dia";"Crescente";"Céu Claro";"Simples";"Reta";"Sim";3;0;1;0;2;0;1;2;-28,315704;-52,779015;"SPRF-RS";"DEL08-RS";"UOP03-DEL08-RS"
419299;2022-03-08;"terça-feira";"08:10:00";"PR";376;494,5;"PONTA GROSSA";"Demais falhas mecânicas ou elétricas";"Incêndio";"Sem Vítimas";"Pleno dia";"Crescente";"Céu Claro";"Dupla";"Reta";"Sim";2;0;0;0;1;2;0;3;-25,16566955;-50,11640967;"SPRF-PR";"DEL03-PR";"UOP01-DEL03-PR"
419301;2022-03-08;"terça-feira";"09:43:00";"SE";235;1;"ARACAJU";"Condutor deixou de manter distância do veículo da frente";"Tombamento";"Com Vítimas Feridas";"Pleno dia";"Decrescente";"Céu Claro";"Dupla";"Reta";"Sim";2;0;1;0;1;0;1;2;-10,9073;-37,0947;"SPRF-SE";"DEL01-SE";"UOP01-DEL01-SE"
419302;2022-03-08;"terça-feira";"09:10:00";"AP";210;2;"MACAPA";"Acessar a via sem observar a presença dos outros veículos";"Colisão lateral mesmo sentido";"Com Vítimas Feridas";"Pleno dia";"Decrescente";"Sol";"Simples";"Reta";"Sim";2;0;1;0;1;0;1;2;0,0828201734;-51,0777618925;"SPRF-AP";"DEL01-AP";"UOP01-DEL01-AP"
419303;2022-02-20;"domingo";"20:30:00";"SP";116;204;"ARUJA";"Manobra de mudança de faixa";"Colisão lateral mesmo sentido";"Com Vítimas Feridas";"Plena Noite";"Crescente";"Céu Claro";"Múltipla";"Reta";"Sim";4;0;1;0;2;1;1;3;-23,412688;-46,361077;"SPRF-SP";"DEL01-SP";"UOP01-DEL01-SP"
419304;2022-03-08;"terça-feira";"02:50:00";"PR";376;522;"PONTA GROSSA";"Manobra de mudança de faixa";"Saída de leito carroçável";"Sem Vítimas";"Plena Noite";"Crescente";"Céu Claro";"Dupla";"Reta";"Não";2;0;0;0;1;1;0;2;-25,29555894;-49,89661593;"SPRF-PR";"DEL03-PR";"UOP01-DEL03-PR"
419305;2022-03-08;"terça-feira";"07:30:00";"PR";376;521;"PONTA GROSSA";"Estacionar ou parar em local proibido";"Saída de leito carroçável";"Sem Vítimas";"Pleno dia";"Crescente";"Céu Claro";"Dupla";"Curva";"Não";3;0;0;0;1;2;0;3;-25,28834128;-49,90237918;"SPRF-PR";"DEL03-PR";"UOP01-DEL03-PR"
419306;2022-03-08;"terça-feira";"09:10:00";"MG";381;434,9;"SABARA";"Transitar na contramão";"Colisão lateral sentido oposto";"Com Vítimas Feridas";"Pleno dia";"Crescente";"Sol";"Simples";"Curva;Aclive";"Não";3;0;1;0;1;1;1;3;-19,80043184;-43,75031407;"SPRF-MG";"DEL01-MG";"UOP01-DEL01-MG"
419307;2022-03-08;"terça-feira";"08:16:00";"SC";101;326,9;"CAPIVARI DE BAIXO";"Reação tardia ou ineficiente do condutor";"Colisão traseira";"Com Vítimas Feridas";"Pleno dia";"Decrescente";"Céu Claro";"Múltipla";"Reta;Aclive";"Não";4;0;1;0;2;1;1;3;-28,43687132;-48,96024054;"SPRF-SC";"DEL02-SC";"UOP01-DEL02-SC"
419311;2022-03-08;"terça-feira";"05:30:00";"CE";116;338,6;"JAGUARIBE";"Pista esburacada";"Saída de leito carroçável";"Com Vítimas Feridas";"Amanhecer";"Crescente";"Céu Claro";"Simples";"Reta";"Não";3;0;1;0;2;0;1;1;-6,14292899;-38,6495453;"SPRF-CE";"DEL05-CE";"UOP02-DEL05-CE"
419314;2022-03-08;"terça-feira";"10:00:00";"TO";153;247;"COLINAS DO TOCANTINS";"Ausência de reação do condutor";"Tombamento";"Com Vítimas Feridas";"Pleno dia";"Crescente";"Céu Claro";"Dupla";"Retorno Regulamentado";"Sim";2;0;1;0;0;3;1;4;-8,06558206;-48,46678734;"SPRF-TO";"DEL02-TO";"UOP02-DEL02-TO"
419316;2022-01-29;"sábado";"21:00:00";"PI";230;177;"SAO JOAO DA VARJOTA";"Transitar na contramão";"Colisão frontal";"Com Vítimas Feridas";"Plena Noite";"Crescente";"Céu Claro";"Simples";"Reta";"Não";3;0;0;1;1;1;1;3;-6,93797054;-41,96453114;"SPRF-PI";"DEL04-PI";"UOP01-DEL04-PI"
419320;2022-03-08;"terça-feira";"09:35:00";"RS";386;147,3;"SARANDI";"Acostamento em desnível";"Saída de leito carroçável";"Com Vítimas Feridas";"Pleno dia";"Decrescente";"Sol";"Simples";"Aclive";"Não";2;0;1;0;0;1;1;2;-28,056545;-52,870819;"SPRF-RS";"DEL08-RS";"UOP01-DEL08-RS"
419324;2022-03-08;"terça-feira";"10:40:00";"RJ";116;173;"BELFORD ROXO";"Condutor deixou de manter distância do veículo da frente";"Colisão traseira";"Com Vítimas Feridas";"Pleno dia";"Crescente";"Sol";"Dupla";"Reta";"Sim";7;0;1;1;3;2;2;6;-22,79810324;-43,35726614;"SPRF-RJ";"DEL01-RJ";"UOP02-DEL01-RJ"
419326;2022-03-08;"terça-feira";"08:10:00";"SC";470;301,9;"CAMPOS NOVOS";"Reação tardia ou ineficiente do condutor";"Colisão com objeto";"Sem Vítimas";"Pleno dia";"Crescente";"Sol";"Simples";"Reta";"Não";1;0;0;0;1;0;0;1;-27,37573074;-51,06307983;"SPRF-SC";"DEL07-SC";"UOP06-DEL07-SC"
419329;2022-03-08;"terça-feira";"12:30:00";"SP";116;359;"MIRACATU";"Curva acentuada";"Saída de leito carroçável";"Com Vítimas Feridas";"Pleno dia";"Decrescente";"Céu Claro";"Dupla";"Curva";"Não";2;0;0;1;0;1;1;2;-24,10862227;-47,26589989;"SPRF-SP";"DEL04-SP";"UOP02-DEL04-SP"
419331;2022-03-08;"terça-feira";"12:50:00";"MG";381;677,6;"PERDOES";"Velocidade Incompatível";"Tombamento";"Com Vítimas Feridas";"Pleno dia";"Crescente";"Céu Claro";"Dupla";"Curva;Interseção de Vias";"Sim";2;0;1;0;0;1;1;2;-21,1076164;-45,09153709;"SPRF-MG";"DEL04-MG";"UOP02-DEL04-MG"
419337;2022-03-08;"terça-feira";"13:00:00";"SC";101;196,7;"SAO JOSE";"Reação tardia ou ineficiente do condutor";"Colisão transversal";"Sem Vítimas";"Pleno dia";"Decrescente";"Nublado";"Dupla";"Reta";"Sim";3;0;0;0;2;1;0;3;-27,51101091;-48,64322292;"SPRF-SC";"DEL01-SC";"UOP01-DEL01-SC"
419338;2022-03-08;"terça-feira";"07:50:00";"PR";153;343,3;"REBOUCAS";"Transitar na contramão";"Colisão frontal";"Com Vítimas Fatais";"Pleno dia";"Decrescente";"Céu Claro";"Simples";"Reta";"Não";2;1;1;0;0;0;1;2;-25,55395107;-50,6723479;"SPRF-PR";"DEL03-PR";"UOP03-DEL03-PR"
419343;2022-03-08;"terça-feira";"08:30:00";"MS";376;51,5;"JATEI";"Velocidade Incompatível";"Tombamento";"Com Vítimas Feridas";"Pleno dia";"Decrescente";"Sol";"Simples";"Declive;Reta";"Não";2;0;1;0;0;1;1;2;-22,46453852;-54,29833889;"SPRF-MS";"DEL04-MS";"UOP04-DEL04-MS"
419347;2022-03-08;"terça-feira";"12:00:00";"SC";280;2,4;"SAO FRANCISCO DO SUL";"Acessar a via sem observar a presença dos outros veículos";"Colisão transversal";"Com Vítimas Feridas";"Pleno dia";"Crescente";"Céu Claro";"Simples";"Reta";"Não";2;0;0;1;1;0;1;2;-26,23700996;-48,61979093;"SPRF-SC";"DEL03-SC";"UOP03-DEL03-SC"
419352;2022-03-08;"terça-feira";"14:00:00";"RJ";101;175;"MACAE";"Mal súbito do condutor";"Colisão frontal";"Com Vítimas Fatais";"Pleno dia";"Decrescente";"Sol";"Simples";"Reta";"Não";2;1;0;0;1;0;0;2;-22,37846293;-41,96901206;"SPRF-RJ";"DEL08-RJ";"UOP04-DEL08-RJ"
419357;2022-03-08;"terça-feira";"14:40:00";"RS";386;379,5;"TABAI";"Acessar a via sem observar a presença dos outros veículos";"Colisão transversal";"Com Vítimas Feridas";"Pleno dia";"Decrescente";"Sol";"Dupla";"Interseção de Vias";"Não";5;0;2;0;3;0;2;2;-29,65029758;-51,76036835;"SPRF-RS";"DEL04-RS";"UOP02-DEL04-RS"
419361;2022-03-08;"terça-feira";"14:00:00";"RJ";40;32;"TRES RIOS";"Reação tardia ou ineficiente do condutor";"Tombamento";"Com Vítimas Feridas";"Pleno dia";"Decrescente";"Céu Claro";"Dupla";"Curva";"Não";2;0;1;0;0;2;1;3;-22,19935287;-43,15764401;"SPRF-RJ";"DEL05-RJ";"UOP02-DEL05-RJ"
419367;2022-03-08;"terça-feira";"13:05:00";"MT";174;6;"PONTES E LACERDA";"Acessar a via sem observar a presença dos outros veículos";"Colisão transversal";"Com Vítimas Feridas";"Pleno dia";"Crescente";"Nublado";"Simples";"Interseção de Vias";"Sim";2;0;1;0;1;0;1;2;-15,22675923;-59,34933901;"SPRF-MT";"DEL03-MT";"UOP01-DEL03-MT"
419369;2022-02-05;"sábado";"11:40:00";"MT";364;204;"RONDONOPOLIS";"Reação tardia ou ineficiente do condutor";"Colisão traseira";"Com Vítimas Feridas";"Pleno dia";"Decrescente";"Céu Claro";"Dupla";"Reta";"Sim";3;0;1;0;1;2;1;4;-16,467325;-54,657196;"SPRF-MT";"DEL02-MT";"UOP01-DEL02-MT"
419370;2022-03-08;"terça-feira";"14:15:00";"MT";163;851;"SINOP";"Pista Escorregadia";"Queda de ocupante de veículo";"Com Vítimas Feridas";"Pleno dia";"Decrescente";"Nublado";"Simples";"Declive;Reta";"Não";3;0;1;0;1;2;1;4;-11,78743393;-55,47616526;"SPRF-MT";"DEL06-MT";"NPF/DEL06-MT"
419374;2022-03-08;"terça-feira";"15:10:00";"PE";423;117,9;"PARANATAMA";"Ausência de sinalização";"Saída de leito carroçável";"Sem Vítimas";"Pleno dia";"Decrescente";"Nublado";"Simples";"Aclive";"Não";2;0;0;0;1;1;0;2;-8,908816;-36,67734;"SPRF-PE";"DEL03-PE";"UOP01-DEL03-PE"
419381;2022-03-08;"terça-feira";"08:45:00";"MG";50;169,8;"UBERABA";"Demais falhas mecânicas ou elétricas";"Incêndio";"Sem Vítimas";"Pleno dia";"Crescente";"Céu Claro";"Dupla";"Reta";"Sim";2;0;0;0;1;1;0;2;-19,73227731;-47,98225701;"SPRF-MG";"DEL13-MG";"UOP01-DEL13-MG"
419382;2022-03-08;"terça-feira";"16:30:00";"PR";476;138;"CURITIBA";"Ingestão de álcool pelo condutor";"Colisão lateral mesmo sentido";"Com Vítimas Feridas";"Pleno dia";"Decrescente";"Céu Claro";"Dupla";"Interseção de Vias";"Sim";3;0;1;0;2;0;1;3;-25,505564;-49,283417;"SPRF-PR";"DEL01-PR";"UOP03-DEL01-PR"
419384;2022-03-08;"terça-feira";"11:00:00";"MG";365;213,5;"BURITIZEIRO";"Condutor Dormindo";"Tombamento";"Com Vítimas Feridas";"Pleno dia";"Decrescente";"Céu Claro";"Simples";"Reta";"Não";4;0;1;1;1;1;2;2;-17,57690573;-45,33736817;"SPRF-MG";"DEL12-MG";"UOP01-DEL12-MG"
419385;2022-03-08;"terça-feira";"17:50:00";"SP";116;212;"GUARULHOS";"Entrada inopinada do pedestre";"Atropelamento de Pedestre";"Com Vítimas Feridas";"Anoitecer";"Crescente";"Nublado";"Múltipla";"Reta";"Sim";2;0;1;0;1;0;1;2;-23,43608315;-46,42805094;"SPRF-SP";"DEL01-SP";"UOP01-DEL01-SP"
419387;2022-03-08;"terça-feira";"16:05:00";"BA";101;688,2;"ITAGIMIRIM";"Transitar na contramão";"Colisão frontal";"Com Vítimas Fatais";"Pleno dia";"Crescente";"Chuva";"Simples";"Curva";"Não";2;1;0;0;1;0;0;2;-16,150782;-39,594985;"SPRF-BA";"DEL09-BA";"UOP01-DEL09-BA"
419390;2022-03-08;"terça-feira";"17:40:00";"RS";153;643;"BAGE";"Condutor Dormindo";"Colisão frontal";"Com Vítimas Feridas";"Pleno dia";"Crescente";"Céu Claro";"Simples";"Reta";"Não";6;0;1;3;0;2;4;5;-31,42233405;-54,13629157;"SPRF-RS";"DEL11-RS";"UOP03-DEL11-RS"
419391;2022-03-08;"terça-feira";"14:00:00";"MA";222;395;"SANTA INES";"Ultrapassagem Indevida";"Saída de leito carroçável";"Com Vítimas Fatais";"Pleno dia";"Crescente";"Céu Claro";"Simples";"Reta";"Não";6;1;4;1;0;0;5;2;-3,89515999;-45,57657802;"SPRF-MA";"DEL02-MA";"UOP01-DEL02-MA"
419392;2022-03-08;"terça-feira";"17:30:00";"MT";163;754;"SORRISO";"Acessar a via sem observar a presença dos outros veículos";"Colisão lateral mesmo sentido";"Com Vítimas Feridas";"Anoitecer";"Crescente";"Chuva";"Dupla";"Interseção de Vias";"Sim";3;0;1;0;2;0;1;3;-12,63892516;-55,78118581;"SPRF-MT";"DEL06-MT";"UOP01-DEL06-MT"
419393;2022-03-08;"terça-feira";"18:40:00";"RN";427;19;"ACARI";"Fumaça";"Colisão traseira";"Com Vítimas Feridas";"Plena Noite";"Crescente";"Céu Claro";"Simples";"Reta";"Não";3;0;1;1;1;0;2;2;-6,36462206;-36,6198316;"SPRF-RN";"DEL03-RN";"UOP02-DEL03-RN"
419394;2022-03-08;"terça-feira";"18:30:00";"MG";381;580;"CARMOPOLIS DE MINAS";"Problema com o freio";"Colisão traseira";"Com Vítimas Feridas";"Plena Noite";"Crescente";"Céu Claro";"Dupla";"Reta";"Não";3;0;2;0;1;0;2;2;-20,50796117;-44,61144676;"SPRF-MG";"DEL04-MG";"UOP01-DEL04-MG"
419402;2022-03-08;"terça-feira";"17:30:00";"RS";285;200,9;"LAGOA VERMELHA";"Reação tardia ou ineficiente do condutor";"Colisão traseira";"Com Vítimas Feridas";"Pleno dia";"Decrescente";"Nublado";"Simples";"Reta";"Sim";3;0;1;0;1;1;1;3;-28,203857;-51,529285;"SPRF-RS";"DEL08-RS";"UOP05-DEL08-RS"
419405;2022-03-08;"terça-feira";"16:30:00";"ES";101;398;"RIO NOVO DO SUL";"Redutor de velocidade em desacordo";"Colisão traseira";"Com Vítimas Feridas";"Pleno dia";"Crescente";"Céu Claro";"Simples";"Reta";"Não";3;0;1;0;1;1;1;3;-20,87530245;-40,95792915;"SPRF-ES";"DEL03-ES";"UOP02-DEL03-ES"
419408;2022-03-08;"terça-feira";"19:00:00";"MS";163;714;"RIO VERDE DE MATO GROSSO";"Demais falhas mecânicas ou elétricas";"Incêndio";"Sem Vítimas";"Plena Noite";"Decrescente";"Céu Claro";"Simples";"Reta";"Não";1;0;0;0;1;0;0;1;-18,64290896;-54,78331204;"SPRF-MS";"DEL06-MS";"UOP01-DEL06-MS"
419409;2022-03-08;"terça-feira";"19:10:00";"PA";316;64;"CASTANHAL";"Acessar a via sem observar a presença dos outros veículos";"Colisão lateral mesmo sentido";"Com Vítimas Fatais";"Plena Noite";"Crescente";"Céu Claro";"Dupla";"Reta";"Sim";5;1;1;0;2;1;1;3;-1,29629557;-47,91983997;"SPRF-PA";"DEL01-PA";"UOP01-DEL01-PA"
419411;2022-03-08;"terça-feira";"20:20:00";"ES";101;311;"VILA VELHA";"Entrada inopinada do pedestre";"Atropelamento de Pedestre";"Com Vítimas Fatais";"Plena Noite";"Decrescente";"Céu Claro";"Dupla";"Reta";"Não";4;1;0;1;2;0;1;2;-20,43478198;-40,45963937;"SPRF-ES";"DEL01-ES";"UOP01-DEL01-ES"
419412;2022-03-08;"terça-feira";"13:40:00";"MG";50;1;"UBERLANDIA";"Velocidade Incompatível";"Tombamento";"Com Vítimas Feridas";"Pleno dia";"Crescente";"Céu Claro";"Dupla";"Rotatória";"Sim";2;0;1;0;0;1;1;2;-18,85910259;-48,25263977;"SPRF-MG";"DEL15-MG";"UOP01-DEL15-MG"
419414;2022-03-08;"terça-feira";"20:45:00";"PR";116;99;"SAO JOSE DOS PINHAIS";"Objeto estático sobre o leito carroçável";"Colisão com objeto";"Com Vítimas Feridas";"Plena Noite";"Crescente";"Nublado";"Dupla";"Curva";"Não";2;0;1;0;1;0;1;2;-25,52682231;-49,14038767;"SPRF-PR";"DEL01-PR";"UOP01-DEL01-PR"
419417;2022-03-08;"terça-feira";"11:50:00";"RJ";116;171;"SAO JOAO DE MERITI";"Reação tardia ou ineficiente do condutor";"Colisão lateral mesmo sentido";"Sem Vítimas";"Pleno dia";"Crescente";"Céu Claro";"Dupla";"Reta";"Sim";2;0;0;0;2;0;0;2;-22,8060415;-43,34289573;"SPRF-RJ";"DEL01-RJ";"UOP02-DEL01-RJ"
419422;2022-03-08;"terça-feira";"20:05:00";"RJ";116;135;"DUQUE DE CAXIAS";"Condutor deixou de manter distância do veículo da frente";"Colisão traseira";"Com Vítimas Feridas";"Plena Noite";"Crescente";"Céu Claro";"Dupla";"Reta";"Não";3;0;1;0;1;1;1;2;-22,65225773;-43,16309893;"SPRF-RJ";"DEL04-RJ";"UOP02-DEL04-RJ"
419428;2022-03-08;"terça-feira";"20:20:00";"MG";40;398;"CURVELO";"Acessar a via sem observar a presença dos outros veículos";"Atropelamento de Pedestre";"Com Vítimas Fatais";"Plena Noite";"Decrescente";"Céu Claro";"Simples";"Reta;Aclive";"Não";2;1;0;0;0;1;0;2;-19,01396595;-44,65705831;"SPRF-MG";"DEL02-MG";"UOP01-DEL02-MG"
419431;2022-03-08;"terça-feira";"22:00:00";"SP";116;402;"MIRACATU";"Reação tardia ou ineficiente do condutor";"Colisão traseira";"Com Vítimas Feridas";"Plena Noite";"Crescente";"Céu Claro";"Dupla";"Aclive";"Não";3;0;0;1;0;2;1;3;-24,31365773;-47,5187501;"SPRF-SP";"DEL04-SP";"UOP02-DEL04-SP"
419436;2022-03-08;"terça-feira";"22:10:00";"RN";304;103,4;"ACU";"Demais Fenômenos da natureza";"Incêndio";"Sem Vítimas";"Plena Noite";"Decrescente";"Céu Claro";"Simples";"Reta";"Não";2;0;0;0;1;1;0;2;-5,58377137;-36,99849407;"SPRF-RN";"DEL04-RN";"UOP01-DEL04-RN"
419439;2022-03-08;"terça-feira";"23:20:00";"SC";101;215;"PALHOCA";"Ausência de sinalização";"Colisão traseira";"Com Vítimas Fatais";"Plena Noite";"Decrescente";"Nublado";"Múltipla";"Curva";"Sim";2;1;0;0;1;0;0;2;-27,653755;-48,677448;"SPRF-SC";"DEL01-SC";"UOP02-DEL01-SC"
419441;2022-03-08;"terça-feira";"19:00:00";"PI";402;55,7;"LUIS CORREIA";"Ausência de reação do condutor";"Colisão com objeto";"Com Vítimas Feridas";"Plena Noite";"Decrescente";"Céu Claro";"Simples";"Reta";"Não";1;0;1;0;0;0;1;1;-3,04899517;-41,61699617;"SPRF-PI";"DEL05-PI";"UOP01-DEL05-PI"
419445;2022-03-08;"terça-feira";"23:55:00";"SP";116;101,9;"PINDAMONHANGABA";"Condutor deixou de manter distância do veículo da frente";"Colisão traseira";"Com Vítimas Feridas";"Plena Noite";"Decrescente";"Ignorado";"Dupla";"Aclive;Reta";"Não";3;0;1;0;1;1;1;3;-22,99074204;-45,48115098;"SPRF-SP";"DEL08-SP";"UOP01-DEL08-SP"
419447;2022-03-09;"quarta-feira";"00:20:00";"CE";20;427,3;"FORTALEZA";"Carga excessiva e/ou mal acondicionada";"Tombamento";"Sem Vítimas";"Plena Noite";"Decrescente";"Nublado";"Dupla";"Em Obras;Declive;Reta";"Não";3;0;0;0;1;3;0;4;-3,86524695;-38,51669496;"SPRF-CE";"DEL01-CE";"UOP02-DEL01-CE"
419451;2022-03-09;"quarta-feira";"03:00:00";"RJ";101;200;"CASIMIRO DE ABREU";"Carga excessiva e/ou mal acondicionada";"Eventos atípicos";"Sem Vítimas";"Plena Noite";"Crescente";"Céu Claro";"Dupla";"Curva";"Não";2;0;0;0;1;1;0;2;-22,48294819;-42,14400217;"SPRF-RJ";"DEL08-RJ";"UOP04-DEL08-RJ"
419452;2022-03-09;"quarta-feira";"03:45:00";"SC";101;308,9;"LAGUNA";"Condutor Dormindo";"Saída de leito carroçável";"Sem Vítimas";"Plena Noite";"Decrescente";"Chuva";"Múltipla";"Reta";"Não";1;0;0;0;1;0;0;1;-28,425414;-48,800567;"SPRF-SC";"DEL02-SC";"UOP01-DEL02-SC"
419455;2022-03-09;"quarta-feira";"05:00:00";"GO";20;162,5;"ALVORADA DO NORTE";"Transitar na contramão";"Colisão lateral sentido oposto";"Com Vítimas Feridas";"Amanhecer";"Decrescente";"Céu Claro";"Simples";"Reta";"Não";2;0;1;0;1;0;1;2;-14,60318;-46,599838;"SPRF-DF";"DEL02-DF";"UOP03-DEL02-DF"
419457;2022-03-09;"quarta-feira";"05:14:00";"SP";116;210;"GUARULHOS";"Condutor deixou de manter distância do veículo da frente";"Engavetamento";"Sem Vítimas";"Amanhecer";"Crescente";"Céu Claro";"Múltipla";"Reta";"Sim";4;0;0;0;3;2;0;5;-23,42870023;-46,41085991;"SPRF-SP";"DEL01-SP";"UOP01-DEL01-SP"
419458;2022-03-09;"quarta-feira";"05:40:00";"GO";153;558;"PIRACANJUBA";"Condutor Dormindo";"Saída de leito carroçável";"Com Vítimas Feridas";"Amanhecer";"Crescente";"Céu Claro";"Dupla";"Curva;Declive";"Não";1;0;1;0;0;0;1;1;-17,2081;-49,2137;"SPRF-GO";"DEL03-GO";"UOP01-DEL03-GO"
419465;2022-03-09;"quarta-feira";"05:06:00";"MG";50;184,5;"UBERABA";"Reação tardia ou ineficiente do condutor";"Colisão traseira";"Com Vítimas Feridas";"Amanhecer";"Crescente";"Céu Claro";"Dupla";"Reta";"Não";3;0;0;1;1;1;1;3;-19,80948448;-47,90109336;"SPRF-MG";"DEL13-MG";"UOP01-DEL13-MG"
419468;2022-03-09;"quarta-feira";"07:15:00";"PE";101;55;"PAULISTA";"Manobra de mudança de faixa";"Colisão traseira";"Com Vítimas Feridas";"Pleno dia";"Crescente";"Nublado";"Múltipla";"Reta";"Não";4;0;1;0;2;2;1;5;-7,94806621;-34,9062148;"SPRF-PE";"DEL01-PE";"UOP02-DEL01-PE"
419470;2022-03-09;"quarta-feira";"07:00:00";"RN";101;146;"GOIANINHA";"Manobra de mudança de faixa";"Colisão lateral mesmo sentido";"Com Vítimas Feridas";"Pleno dia";"Decrescente";"Céu Claro";"Dupla";"Reta";"Sim";3;0;0;1;2;0;1;3;-6,25332906;-35,21460513;"SPRF-RN";"DEL01-RN";"UOP01-DEL01-RN"
419485;2022-03-09;"quarta-feira";"08:00:00";"MT";163;630;"NOVA MUTUM";"Pista esburacada";"Colisão frontal";"Com Vítimas Fatais";"Pleno dia";"Crescente";"Nublado";"Simples";"Reta";"Não";6;1;2;1;1;2;3;4;-13,64698704;-56,03553852;"SPRF-MT";"DEL01-MT";"UOP01-DEL01-MT"
419488;2022-03-09;"quarta-feira";"09:30:00";"PR";476;278,3;"SAO MATEUS DO SUL";"Condutor deixou de manter distância do veículo da frente";"Colisão traseira";"Com Vítimas Feridas";"Pleno dia";"Decrescente";"Céu Claro";"Simples";"Reta";"Sim";2;0;1;0;1;0;1;2;-25,868753;-50,396477;"SPRF-PR";"DEL02-PR";"UOP04-DEL02-PR"