"id";"data_inversa";"dia_semana";"horario";"uf";"br";"km";"municipio";"causa_acidente";"tipo_acidente";"classificacao_acidente";"fase_dia";"sentido_via";"condicao_metereologica";"tipo_pista";"tracado_via";"uso_solo";"pessoas";"mortos";"feridos_leves";"feridos_graves";"ilesos";"ignorados";"feridos";"veiculos";"latitude";"longitude";"regional";"delegacia";"uop"
420057;2022-03-12;"sábado";"06:08:00";"RS";392;232,7;"CACAPAVA DO SUL";"Reação tardia ou ineficiente do condutor";"Colisão frontal";"Com Vítimas Feridas";"Amanhecer";"Crescente";"Céu Claro";"Simples";"Ponte";"Não";3;0;1;0;1;2;1;4;-30,64879731;-53,29360229;"SPRF-RS";"DEL09-RS";"UOP02-DEL09-RS"
420058;2022-03-12;"sábado";"04:50:00";"MG";381;677;"PERDOES";"Condutor Dormindo";"Colisão traseira";"Com Vítimas Feridas";"Amanhecer";"Crescente";"Céu Claro";"Dupla";"Reta";"Não";3;0;1;0;1;2;1;4;-21,13158479;-45,10263635;"SPRF-MG";"DEL04-MG";"UOP02-DEL04-MG"
420059;2022-03-12;"sábado";"06:50:00";"CE";116;13;"FORTALEZA";"Acessar a via sem observar a presença dos outros veículos";"Colisão com objeto";"Sem Vítimas";"Pleno dia";"Crescente";"Céu Claro";"Dupla";"Reta";"Não";3;0;0;0;2;1;0;3;-3,86088501;-38,49715296;"SPRF-CE";"DEL01-CE";"UOP02-DEL01-CE"
420062;2022-03-12;"sábado";"06:00:00";"RJ";101;148,4;"MACAE";"Ausência de reação do condutor";"Colisão lateral sentido oposto";"Com Vítimas Feridas";"Amanhecer";"Crescente";"Sol";"Simples";"Curva";"Não";9;0;4;0;2;3;4;3;-22,2325541;-41,78406897;"SPRF-RJ";"DEL08-RJ";"UOP04-DEL08-RJ"
420063;2022-03-12;"sábado";"07:00:00";"SP";116;402;"MIRACATU";"Condutor Dormindo";"Colisão com objeto";"Sem Vítimas";"Pleno dia";"Decrescente";"Nublado";"Dupla";"Reta";"Não";1;0;0;0;1;0;0;1;-24,31365773;-47,5187501;"SPRF-SP";"DEL04-SP";"UOP02-DEL04-SP"
420065;2022-03-12;"sábado";"05:40:00";"MA";222;600;"ACAILANDIA";"Chuva";"Saída de leito carroçável";"Com Vítimas Feridas";"Amanhecer";"Decrescente";"Chuva";"Simples";"Reta";"Não";1;0;1;0;0;0;1;1;-4,60806234;-46,93476471;"SPRF-MA";"DEL04-MA";"UOP03-DEL04-MA"
420067;2022-03-12;"sábado";"07:20:00";"ES";101;296;"CARIACICA";"Manobra de mudança de faixa";"Colisão lateral mesmo sentido";"Com Vítimas Feridas";"Pleno dia";"Decrescente";"Céu Claro";"Dupla";"Curva;Viaduto";"Sim";5;0;3;0;1;1;3;3;-20,34029997;-40,40405712;"SPRF-ES";"DEL01-ES";"UOP01-DEL01-ES"
420072;2022-03-12;"sábado";"06:00:00";"GO";20;28;"FORMOSA";"Manobra de mudança de faixa";"Tombamento";"Com Vítimas Feridas";"Amanhecer";"Crescente";"Céu Claro";"Simples";"Reta";"Não";2;0;1;0;0;1;1;2;-15,513292;-47,119678;"SPRF-DF";"DEL02-DF";"UOP01-DEL02-DF"
420074;2022-03-12;"sábado";"05:00:00";"MT";364;454;"VARZEA GRANDE";"Reação tardia ou ineficiente do condutor";"Saída de leito carroçável";"Sem Vítimas";"Amanhecer";"Decrescente";"Ignorado";"Simples";"Reta";"Não";2;0;0;0;0;4;0;4;-15,57112002;-56,25205994;"SPRF-MT";"DEL01-MT";"UOP02-DEL01-MT"
420076;2022-03-12;"sábado";"08:00:00";"PR";116;26;"CAMPINA GRANDE DO SUL";"Chuva";"Saída de leito carroçável";"Com Vítimas Feridas";"Amanhecer";"Decrescente";"Chuva";"Dupla";"Reta";"Não";2;0;1;0;0;1;1;2;-25,10683694;-48,785333;"SPRF-PR";"DEL01-PR";"UOP02-DEL01-PR"
420083;2022-03-12;"sábado";"08:05:00";"RJ";101;123;"CAMPOS DOS GOYTACAZES";"Ausência de reação do condutor";"Colisão traseira";"Com Vítimas Feridas";"Pleno dia";"Decrescente";"Sol";"Dupla";"Reta";"Não";6;0;1;0;4;1;1;3;-22,04977255;-41,68404866;"SPRF-RJ";"DEL08-RJ";"UOP02-DEL08-RJ"
420086;2022-03-12;"sábado";"07:20:00";"RS";290;19,6;"SANTO ANTONIO DA PATRULHA";"Manobra de mudança de faixa";"Colisão lateral mesmo sentido";"Com Vítimas Feridas";"Pleno dia";"Decrescente";"Céu Claro";"Dupla";"Reta";"Não";4;0;1;0;2;1;1;3;-29,886758;-50,450964;"SPRF-RS";"DEL03-RS";"UOP01-DEL03-RS"
420088;2022-03-12;"sábado";"09:50:00";"RS";386;325,2;"MARQUES DE SOUZA";"Demais falhas mecânicas ou elétricas";"Colisão traseira";"Sem Vítimas";"Pleno dia";"Decrescente";"Céu Claro";"Simples";"Reta";"Não";3;0;0;0;3;0;0;2;-29,318314;-52,104053;"SPRF-RS";"DEL04-RS";"UOP01-DEL04-RS"
420091;2022-03-12;"sábado";"04:30:00";"PR";476;307,5;"SAO MATEUS DO SUL";"Ingestão de álcool pelo condutor";"Colisão frontal";"Com Vítimas Feridas";"Amanhecer";"Decrescente";"Chuva";"Simples";"Aclive";"Não";8;0;5;2;1;0;7;2;-26,014744;-50,623989;"SPRF-PR";"DEL02-PR";"UOP04-DEL02-PR"
420095;2022-03-12;"sábado";"06:00:00";"MG";251;373;"GRAO MOGOL";"Ultrapassagem Indevida";"Saída de leito carroçável";"Com Vítimas Feridas";"Pleno dia";"Decrescente";"Céu Claro";"Simples";"Reta";"Não";2;0;1;0;0;2;1;3;-16,30001705;-42,70984099;"SPRF-MG";"DEL12-MG";"UOP01-DEL12-MG"
420096;2022-03-12;"sábado";"09:40:00";"PR";116;7;"CAMPINA GRANDE DO SUL";"Condutor deixou de manter distância do veículo da frente";"Colisão traseira";"Com Vítimas Feridas";"Pleno dia";"Crescente";"Garoa/Chuvisco";"Dupla";"Curva;Declive";"Não";5;0;1;0;3;1;1;3;-25,08235366;-48,61499799;"SPRF-PR";"DEL01-PR";"UOP02-DEL01-PR"
420101;2022-03-12;"sábado";"10:35:00";"ES";101;147;"LINHARES";"Acessar a via sem observar a presença dos outros veículos";"Colisão transversal";"Com Vítimas Feridas";"Pleno dia";"Crescente";"Céu Claro";"Simples";"Interseção de Vias";"Sim";3;0;1;0;1;3;1;5;-19,37887202;-40,06657892;"SPRF-ES";"DEL04-ES";"UOP01-DEL04-ES"
420102;2022-03-12;"sábado";"10:50:00";"MG";381;413,5;"NOVA UNIAO";"Condutor Dormindo";"Colisão traseira";"Com Vítimas Feridas";"Pleno dia";"Crescente";"Céu Claro";"Dupla";"Reta";"Não";4;0;1;1;1;1;2;3;-19,74091908;-43,60699698;"SPRF-MG";"DEL01-MG";"UOP01-DEL01-MG"
420104;2022-03-12;"sábado";"11:50:00";"MG";40;739,7;"SANTOS DUMONT";"Velocidade Incompatível";"Tombamento";"Com Vítimas Feridas";"Pleno dia";"Crescente";"Céu Claro";"Simples";"Curva";"Não";2;0;0;1;0;1;1;2;-21,39953901;-43,56507286;"SPRF-MG";"DEL05-MG";"UOP01-DEL05-MG"
420106;2022-03-12;"sábado";"11:15:00";"RJ";493;90;"SEROPEDICA";"Ausência de reação do condutor";"Saída de leito carroçável";"Com Vítimas Feridas";"Pleno dia";"Crescente";"Nublado";"Dupla";"Reta";"Sim";2;0;1;0;0;1;1;2;-22,67564291;-43,65535106;"SPRF-RJ";"DEL03-RJ";"UOP01-DEL03-RJ"
420130;2022-03-12;"sábado";"13:40:00";"PB";230;27;"JOAO PESSOA";"Carga excessiva e/ou mal acondicionada";"Tombamento";"Sem Vítimas";"Pleno dia";"Crescente";"Céu Claro";"Simples";"Curva";"Sim";3;0;0;0;1;2;0;2;-7,1677;-34,8855;"SPRF-PB";"DEL01-PB";"UOP01-DEL01-PB"
420132;2022-02-18;"sexta-feira";"17:00:00";"RO";364;71;"VILHENA";"Ultrapassagem Indevida";"Colisão lateral sentido oposto";"Com Vítimas Feridas";"Pleno dia";"Crescente";"Nublado";"Simples";"Reta";"Não";9;0;0;3;5;6;3;10;-12,45997357;-60,50376957;"SPRF-RO";"DEL04-RO";"UOP01-DEL04-RO"
420137;2022-03-12;"sábado";"14:50:00";"BA";116;587;"NOVA ITARANA";"Ultrapassagem Indevida";"Colisão frontal";"Com Vítimas Feridas";"Pleno dia";"Decrescente";"Céu Claro";"Simples";"Declive";"Não";6;0;1;0;4;2;1;6;-13,1436317;-40,0042574;"SPRF-BA";"DEL03-BA";"UOP02-DEL03-BA"
420138;2022-03-12;"sábado";"13:05:00";"MG";381;350;"JOAO MONLEVADE";"Demais falhas mecânicas ou elétricas";"Colisão com objeto";"Sem Vítimas";"Pleno dia";"Crescente";"Nublado";"Simples";"Ponte";"Não";4;0;0;0;3;1;0;3;-19,84953832;-43,15779198;"SPRF-MG";"DEL03-MG";"UOP01-DEL03-MG"
420140;2022-03-12;"sábado";"13:00:00";"MG";262;35,1;"MANHUACU";"Entrada inopinada do pedestre";"Atropelamento de Pedestre";"Com Vítimas Feridas";"Pleno dia";"Decrescente";"Sol";"Simples";"Curva";"Sim";2;0;1;0;1;0;1;2;-20,2592562;-42,01698194;"SPRF-MG";"DEL06-MG";"UOP03-DEL06-MG"
420141;2022-03-12;"sábado";"09:40:00";"SC";282;620,2;"IRACEMINHA";"Ausência de reação do condutor";"Colisão lateral mesmo sentido";"Com Vítimas Feridas";"Pleno dia";"Crescente";"Nublado";"Simples";"Curva;Aclive";"Não";5;0;0;1;3;1;1;5;-26,799355;-53,308002;"SPRF-SC";"DEL07-SC";"UOP02-DEL07-SC"
420143;2022-03-12;"sábado";"14:30:00";"CE";222;47;"SAO GONCALO DO AMARANTE";"Condutor deixou de manter distância do veículo da frente";"Colisão traseira";"Sem Vítimas";"Pleno dia";"Decrescente";"Nublado";"Simples";"Aclive";"Não";4;0;0;0;3;3;0;6;-3,67128381;-38,96679811;"SPRF-CE";"DEL01-CE";"UOP03-DEL01-CE"
420145;2022-03-12;"sábado";"14:30:00";"BA";324;532,5;"FEIRA DE SANTANA";"Ausência de reação do condutor";"Colisão com objeto";"Com Vítimas Feridas";"Pleno dia";"Crescente";"Céu Claro";"Dupla";"Reta";"Não";6;0;5;0;0;2;5;4;-12,33921226;-38,8474782;"SPRF-BA";"DEL01-BA";"UOP03-DEL01-BA"
420147;2022-03-12;"sábado";"15:20:00";"BA";110;326;"ALAGOINHAS";"Ultrapassagem Indevida";"Saída de leito carroçável";"Com Vítimas Feridas";"Pleno dia";"Decrescente";"Céu Claro";"Simples";"Reta";"Não";4;0;1;0;2;1;1;4;-12,06104513;-38,35573375;"SPRF-BA";"DEL01-BA";"UOP04-DEL01-BA"
420148;2022-03-12;"sábado";"13:44:00";"PR";376;262,1;"CALIFORNIA";"Acumulo de água sobre o pavimento";"Colisão lateral mesmo sentido";"Com Vítimas Fatais";"Pleno dia";"Crescente";"Chuva";"Dupla";"Reta";"Não";4;1;0;1;1;2;1;4;-23,71590684;-51,31665496;"SPRF-PR";"DEL07-PR";"UOP02-DEL07-PR"
420162;2022-03-12;"sábado";"16:00:00";"PR";116;25;"CAMPINA GRANDE DO SUL";"Chuva";"Saída de leito carroçável";"Com Vítimas Feridas";"Pleno dia";"Crescente";"Chuva";"Dupla";"Reta";"Não";2;0;1;0;0;1;1;2;-25,10784511;-48,77548601;"SPRF-PR";"DEL01-PR";"UOP02-DEL01-PR"
420164;2022-03-12;"sábado";"17:30:00";"MG";381;597,8;"CARMOPOLIS DE MINAS";"Velocidade Incompatível";"Colisão traseira";"Com Vítimas Feridas";"Pleno dia";"Crescente";"Céu Claro";"Dupla";"Reta;Aclive";"Não";5;0;0;3;1;1;3;3;-20,588581;-44,696573;"SPRF-MG";"DEL04-MG";"UOP01-DEL04-MG"
420168;2022-03-12;"sábado";"17:20:00";"PR";376;437;"TIBAGI";"Chuva";"Colisão lateral mesmo sentido";"Com Vítimas Feridas";"Pleno dia";"Decrescente";"Chuva";"Dupla";"Curva";"Não";4;0;1;0;2;2;1;4;-24,84593393;-50,47413272;"SPRF-PR";"DEL03-PR";"UOP02-DEL03-PR"
420170;2022-03-12;"sábado";"15:50:00";"MG";0;0;"FRANCISCO SA";"Ausência de reação do condutor";"Saída de leito carroçável";"Com Vítimas Feridas";"Pleno dia";"Não Informado";"Céu Claro";"Simples";"Reta;Declive";"Não";1;0;1;0;0;0;1;1;-16,6537048;-43,7178826;"SPRF-MG";"DEL12-MG";"N/A"
420184;2022-03-12;"sábado";"13:00:00";"MT";70;120;"GENERAL CARNEIRO";"Acumulo de água sobre o pavimento";"Tombamento";"Sem Vítimas";"Pleno dia";"Crescente";"Nublado";"Simples";"Curva";"Não";2;0;0;0;1;2;0;3;-15,59752533;-53,12106998;"SPRF-MT";"DEL07-MT";"UOP01-DEL07-MT"
420190;2022-03-12;"sábado";"18:20:00";"ES";101;34,5;"CONCEICAO DA BARRA";"Ingestão de álcool pelo condutor";"Colisão lateral mesmo sentido";"Sem Vítimas";"Plena Noite";"Crescente";"Céu Claro";"Simples";"Reta";"Sim";2;0;0;0;2;0;0;2;-18,43474232;-39,933535;"SPRF-ES";"DEL04-ES";"UOP02-DEL04-ES"
420192;2022-03-12;"sábado";"15:10:00";"MT";163;734;"SORRISO";"Reação tardia ou ineficiente do condutor";"Tombamento";"Com Vítimas Feridas";"Pleno dia";"Crescente";"Céu Claro";"Simples";"Reta";"Não";7;0;1;0;6;0;1;3;-12,8025621;-55,83257338;"SPRF-MT";"DEL06-MT";"UOP01-DEL06-MT"
420195;2022-03-12;"sábado";"13:37:00";"PR";376;323;"ORTIGUEIRA";"Reação tardia ou ineficiente do condutor";"Tombamento";"Sem Vítimas";"Pleno dia";"Crescente";"Céu Claro";"Simples";"Curva";"Não";2;0;0;0;1;1;0;2;-24,08461562;-51,05810165;"SPRF-PR";"DEL07-PR";"UOP02-DEL07-PR"
420203;2022-03-12;"sábado";"19:10:00";"SC";101;393,4;"CRICIUMA";"Retorno proibido";"Colisão transversal";"Com Vítimas Feridas";"Plena Noite";"Decrescente";"Chuva";"Dupla";"Reta";"Não";6;0;3;2;1;0;5;3;-28,8094198;-49,37995008;"SPRF-SC";"DEL02-SC";"UOP02-DEL02-SC"
420228;2022-03-12;"sábado";"22:19:00";"MS";163;130;"NAVIRAI";"Carga excessiva e/ou mal acondicionada";"Colisão com objeto";"Sem Vítimas";"Plena Noite";"Decrescente";"Nublado";"Múltipla";"Reta";"Não";2;0;0;0;1;1;0;2;-23,04066227;-54,25978117;"SPRF-MS";"DEL09-MS";"UOP01-DEL09-MS"
420240;2022-03-12;"sábado";"23:40:00";"GO";452;186;"ITUMBIARA";"Chuva";"Saída de leito carroçável";"Com Vítimas Feridas";"Plena Noite";"Crescente";"Chuva";"Simples";"Curva";"Não";2;0;0;1;0;1;1;2;-18,4008952;-49,31007395;"SPRF-GO";"DEL03-GO";"UOP02-DEL03-GO"
420259;2022-03-13;"domingo";"00:20:00";"PE";316;7,4;"ARARIPINA";"Avarias e/ou desgaste excessivo no pneu";"Colisão lateral sentido oposto";"Com Vítimas Feridas";"Plena Noite";"Crescente";"Ignorado";"Simples";"Reta";"Não";3;0;1;0;1;2;1;4;-7,48071193;-40,61057493;"SPRF-PE";"DEL05-PE";"UOP02-DEL05-PE"
420260;2022-03-12;"sábado";"21:20:00";"MA";230;205,9;"SAO DOMINGOS DO AZEITAO";"Ausência de reação do condutor";"Colisão traseira";"Com Vítimas Fatais";"Plena Noite";"Crescente";"Céu Claro";"Simples";"Reta";"Não";2;1;0;0;1;0;0;2;-6,82267444;-44,55176223;"SPRF-MA";"DEL05-MA";"UOP01-DEL05-MA"
420280;2022-02-01;"terça-feira";"16:15:00";"CE";222;314,8;"TIANGUA";"Acessar a via sem observar a presença dos outros veículos";"Colisão transversal";"Com Vítimas Feridas";"Pleno dia";"Crescente";"Sol";"Simples";"Interseção de Vias;Reta";"Sim";2;0;0;1;1;0;1;2;-3,738862;-41,005386;"SPRF-CE";"DEL04-CE";"UOP02-DEL04-CE"
420285;2022-03-13;"domingo";"06:10:00";"PR";116;72;"QUATRO BARRAS";"Demais falhas mecânicas ou elétricas";"Incêndio";"Sem Vítimas";"Amanhecer";"Crescente";"Garoa/Chuvisco";"Dupla";"Reta";"Não";2;0;0;0;1;2;0;3;-25,351671;-49,0425;"SPRF-PR";"DEL01-PR";"UOP01-DEL01-PR"
420288;2022-03-13;"domingo";"08:00:00";"RS";116;524,8;"PELOTAS";"Acessar a via sem observar a presença dos outros veículos";"Colisão lateral mesmo sentido";"Com Vítimas Feridas";"Pleno dia";"Decrescente";"Nublado";"Múltipla";"Rotatória;Interseção de Vias;Viaduto;Reta";"Sim";3;0;1;0;1;2;1;4;-31,73518434;-52,39245772;"SPRF-RS";"DEL07-RS";"UOP01-DEL07-RS"
420301;2022-03-13;"domingo";"09:15:00";"RS";386;18,5;"FREDERICO WESTPHALEN";"Reação tardia ou ineficiente do condutor";"Tombamento";"Com Vítimas Feridas";"Pleno dia";"Decrescente";"Nublado";"Simples";"Curva";"Não";2;0;1;0;0;1;1;2;-27,252237;-53,342907;"SPRF-RS";"DEL08-RS";"UOP02-DEL08-RS"
420302;2022-03-13;"domingo";"08:25:00";"SP";116;34,5;"CRUZEIRO";"Ausência de reação do condutor";"Colisão lateral mesmo sentido";"Com Vítimas Feridas";"Pleno dia";"Decrescente";"Céu Claro";"Múltipla";"Aclive";"Não";3;0;1;0;1;1;1;3;-22,65447396;-44,95940103;"SPRF-SP";"DEL08-SP";"UOP02-DEL08-SP"
420304;2022-03-13;"domingo";"06:30:00";"AM";174;1022;"PRESIDENTE FIGUEIREDO";"Reação tardia ou ineficiente do condutor";"Tombamento";"Com Vítimas Feridas";"Pleno dia";"Decrescente";"Nublado";"Simples";"Reta";"Não";2;0;1;0;0;1;1;2;-1,81517602;-60,14558609;"SPRF-AM";"DEL01-AM";"UOP02-DEL01-AM"
420308;2022-03-13;"domingo";"08:00:00";"PR";116;40;"CAMPINA GRANDE DO SUL";"Velocidade Incompatível";"Colisão com objeto";"Sem Vítimas";"Pleno dia";"Crescente";"Chuva";"Dupla";"Reta";"Não";2;0;0;0;1;1;0;2;-25,16445203;-48,86237697;"SPRF-PR";"DEL01-PR";"UOP02-DEL01-PR"
420311;2022-03-13;"domingo";"09:00:00";"MG";381;425;"CAETE";"Velocidade Incompatível";"Colisão lateral mesmo sentido";"Com Vítimas Feridas";"Pleno dia";"Crescente";"Sol";"Dupla";"Curva;Aclive";"Não";7;0;3;0;3;1;3;4;-19,788577;-43,672135;"SPRF-MG";"DEL01-MG";"UOP01-DEL01-MG"
420313;2022-03-13;"domingo";"06:40:00";"MG";116;227,4;"TEOFILO OTONI";"Transitar na contramão";"Colisão frontal";"Com Vítimas Fatais";"Pleno dia";"Crescente";"Sol";"Simples";"Curva";"Não";2;1;1;0;0;0;1;2;-17,46112209;-41,49712931;"SPRF-MG";"DEL11-MG";"UOP01-DEL11-MG"
420317;2022-03-13;"domingo";"09:45:00";"PB";230;37,6;"SANTA RITA";"Pedestre cruzava a pista fora da faixa";"Atropelamento de Pedestre";"Com Vítimas Fatais";"Pleno dia";"Crescente";"Nublado";"Dupla";"Reta;Aclive";"Sim";3;1;0;0;1;1;0;3;-7,12929345;-34,95360252;"SPRF-PB";"DEL01-PB";"UOP03-DEL01-PB"
420321;2022-03-13;"domingo";"10:45:00";"GO";414;438;"ANAPOLIS";"Acessar a via sem observar a presença dos outros veículos";"Colisão transversal";"Com Vítimas Feridas";"Pleno dia";"Decrescente";"Céu Claro";"Simples";"Aclive;Reta";"Sim";4;0;2;1;0;1;3;3;-16,27247393;-48,94040427;"SPRF-GO";"DEL02-GO";"UOP01-DEL02-GO"
420331;2022-03-13;"domingo";"10:30:00";"PI";135;357;"BOM JESUS";"Demais falhas mecânicas ou elétricas";"Eventos atípicos";"Com Vítimas Feridas";"Pleno dia";"Decrescente";"Céu Claro";"Simples";"Reta";"Não";3;0;1;0;1;2;1;4;-9,1138798;-44,37301329;"SPRF-PI";"DEL03-PI";"UOP02-DEL03-PI"
420334;2022-03-13;"domingo";"12:50:00";"PR";376;660;"TIJUCAS DO SUL";"Velocidade Incompatível";"Tombamento";"Com Vítimas Feridas";"Pleno dia";"Crescente";"Garoa/Chuvisco";"Dupla";"Curva;Aclive";"Não";3;0;2;0;0;1;2;2;-25,85219484;-48,99322987;"SPRF-PR";"DEL01-PR";"UOP04-DEL01-PR"
420336;2022-03-13;"domingo";"13:05:00";"SP";153;101,5;"JOSE BONIFACIO";"Ingestão de álcool ou de substâncias psicoativas pelo pedestre";"Tombamento";"Com Vítimas Feridas";"Pleno dia";"Decrescente";"Nublado";"Simples";"Reta";"Não";2;0;0;1;0;1;1;2;-21,01481034;-49,63820457;"SPRF-SP";"DEL09-SP";"UOP01-DEL09-SP"
420338;2022-03-13;"domingo";"12:40:00";"MT";158;627,3;"AGUA BOA";"Condutor Dormindo";"Saída de leito carroçável";"Com Vítimas Feridas";"Pleno dia";"Crescente";"Céu Claro";"Simples";"Reta";"Não";2;0;1;1;0;0;2;1;-14,50888009;-52,29429484;"SPRF-MT";"DEL07-MT";"UOP02-DEL07-MT"
420349;2022-03-13;"domingo";"14:25:00";"SC";282;56,4;"RANCHO QUEIMADO";"Objeto estático sobre o leito carroçável";"Colisão lateral mesmo sentido";"Sem Vítimas";"Pleno dia";"Decrescente";"Chuva";"Simples";"Curva";"Não";2;0;0;0;2;0;0;2;-27,691633;-48,991375;"SPRF-SC";"DEL01-SC";"UOP03-DEL01-SC"
420358;2022-03-13;"domingo";"15:10:00";"ES";101;204,5;"JOAO NEIVA";"Ausência de reação do condutor";"Colisão transversal";"Com Vítimas Feridas";"Pleno dia";"Crescente";"Céu Claro";"Simples";"Rotatória";"Sim";4;0;0;2;1;1;2;3;-19,74948916;-40,37922678;"SPRF-ES";"DEL02-ES";"UOP01-DEL02-ES"
420360;2022-03-13;"domingo";"15:30:00";"SP";153;62,2;"SAO JOSE DO RIO PRETO";"Obstrução na via";"Colisão traseira";"Com Vítimas Feridas";"Pleno dia";"Decrescente";"Sol";"Dupla";"Declive;Reta";"Sim";5;0;1;0;3;3;1;7;-20,81325404;-49,35675563;"SPRF-SP";"DEL09-SP";"UOP01-DEL09-SP"
420363;2022-03-13;"domingo";"15:50:00";"RJ";116;278;"BARRA MANSA";"Chuva";"Colisão lateral mesmo sentido";"Com Vítimas Fatais";"Pleno dia";"Crescente";"Chuva";"Dupla";"Reta";"Não";6;1;2;0;2;1;2;3;-22,55271018;-44,17778004;"SPRF-RJ";"DEL07-RJ";"UOP02-DEL07-RJ"
420364;2022-03-13;"domingo";"12:40:00";"MT";364;164;"PEDRA PRETA";"Demais falhas mecânicas ou elétricas";"Colisão com objeto";"Com Vítimas Feridas";"Pleno dia";"Decrescente";"Céu Claro";"Simples";"Reta";"Não";3;0;0;1;1;1;1;2;-16,68636802;-54,29037703;"SPRF-MT";"DEL02-MT";"UOP01-DEL02-MT"
420371;2022-03-13;"domingo";"16:15:00";"SP";116;218;"GUARULHOS";"Chuva";"Colisão com objeto";"Com Vítimas Feridas";"Pleno dia";"Crescente";"Chuva";"Múltipla";"Reta";"Sim";2;0;1;0;0;1;1;2;-23,457972;-46,479927;"SPRF-SP";"DEL01-SP";"UOP01-DEL01-SP"
420376;2022-03-13;"domingo";"16:40:00";"SP";116;23,8;"SILVEIRAS";"Demais falhas mecânicas ou elétricas";"Colisão traseira";"Com Vítimas Feridas";"Pleno dia";"Decrescente";"Nublado";"Dupla";"Curva";"Não";4;0;0;1;2;2;1;5;-22,58978112;-44,88535587;"SPRF-SP";"DEL08-SP";"UOP02-DEL08-SP"
420387;2022-03-13;"domingo";"15:40:00";"MG";40;267;"SAO GONCALO DO ABAETE";"Transitar na contramão";"Colisão lateral sentido oposto";"Com Vítimas Fatais";"Pleno dia";"Decrescente";"Céu Claro";"Simples";"Aclive";"Não";9;1;5;0;2;1;5;4;-18,16391836;-45,29936137;"SPRF-MG";"DEL14-MG";"UOP02-DEL14-MG"
420410;2022-03-13;"domingo";"18:47:00";"RJ";116;135;"DUQUE DE CAXIAS";"Condutor deixou de manter distância do veículo da frente";"Engavetamento";"Com Vítimas Feridas";"Plena Noite";"Crescente";"Céu Claro";"Dupla";"Reta";"Sim";6;0;1;0;4;2;1;5;-22,67022;-43,274903;"SPRF-RJ";"DEL04-RJ";"UOP02-DEL04-RJ"
420413;2022-03-13;"domingo";"19:30:00";"CE";116;374;"ICO";"Reação tardia ou ineficiente do condutor";"Colisão traseira";"Sem Vítimas";"Plena Noite";"Crescente";"Céu Claro";"Simples";"Reta";"Sim";3;0;0;0;1;2;0;3;-6,38981779;-38,82378617;"SPRF-CE";"DEL05-CE";"UOP01-DEL05-CE"
420418;2022-03-13;"domingo";"16:25:00";"RS";285;293;"PASSO FUNDO";"Velocidade Incompatível";"Tombamento";"Com Vítimas Feridas";"Pleno dia";"Crescente";"Garoa/Chuvisco";"Dupla";"Interseção de Vias";"Sim";2;0;0;1;0;1;1;2;-28,236645;-52,375156;"SPRF-RS";"DEL08-RS";"UOP03-DEL08-RS"
420424;2022-03-13;"domingo";"20:20:00";"RJ";40;103;"DUQUE DE CAXIAS";"Avarias e/ou desgaste excessivo no pneu";"Incêndio";"Sem Vítimas";"Plena Noite";"Crescente";"Céu Claro";"Dupla";"Reta";"Sim";1;0;0;0;1;0;0;1;-22,62009;-43,286922;"SPRF-RJ";"DEL01-RJ";"UOP01-DEL01-RJ"
420426;2022-03-13;"domingo";"15:15:00";"MT";70;604,9;"POCONE";"Chuva";"Colisão frontal";"Com Vítimas Feridas";"Pleno dia";"Crescente";"Chuva";"Simples";"Curva";"Não";2;0;0;1;1;0;1;2;-15,851545;-56,848357;"SPRF-MT";"DEL03-MT";"UOP02-DEL03-MT"
420427;2022-03-13;"domingo";"20:17:00";"MG";40;354,8;"FELIXLANDIA";"Frear bruscamente";"Colisão traseira";"Com Vítimas Feridas";"Plena Noite";"Decrescente";"Céu Claro";"Simples";"Aclive;Reta";"Não";4;0;2;0;1;1;2;3;-18,72943527;-44,90161601;"SPRF-MG";"DEL02-MG";"UOP01-DEL02-MG"
420428;2022-03-13;"domingo";"16:00:00";"SC";282;105;"ALFREDO WAGNER";"Ausência de reação do condutor";"Saída de leito carroçável";"Com Vítimas Feridas";"Pleno dia";"Crescente";"Chuva";"Simples";"Aclive;Curva";"Não";1;0;1;0;0;0;1;1;-27,694309;-49,34338;"SPRF-SC";"DEL01-SC";"UOP03-DEL01-SC"
420432;2022-03-13;"domingo";"16:20:00";"MG";381;571,8;"ITAGUARA";"Objeto estático sobre o leito carroçável";"Tombamento";"Com Vítimas Feridas";"Pleno dia";"Decrescente";"Céu Claro";"Dupla";"Reta";"Não";3;0;1;0;0;2;1;3;-20,44411687;-44,56483443;"SPRF-MG";"DEL04-MG";"UOP03-DEL04-MG"
420447;2022-03-13;"domingo";"22:30:00";"ES";101;153;"LINHARES";"Reação tardia ou ineficiente do condutor";"Colisão traseira";"Com Vítimas Feridas";"Plena Noite";"Decrescente";"Nublado";"Simples";"Reta";"Não";7;0;3;0;3;1;3;3;-19,423338;-40,07872401;"SPRF-ES";"DEL04-ES";"UOP01-DEL04-ES"
420455;2022-03-13;"domingo";"21:55:00";"PB";230;181;"POCINHOS";"Pedestre andava na pista";"Atropelamento de Pedestre";"Com Vítimas Feridas";"Plena Noite";"Decrescente";"Céu Claro";"Simples";"Reta";"Não";2;0;1;0;1;0;1;2;-7,1613;-36,0747;"SPRF-PB";"DEL02-PB";"UOP02-DEL02-PB"
420458;2022-03-13;"domingo";"23:00:00";"PR";376;660;"TIJUCAS DO SUL";"Ingestão de álcool pelo condutor";"Tombamento";"Sem Vítimas";"Plena Noite";"Decrescente";"Nublado";"Dupla";"Aclive";"Não";2;0;0;0;1;1;0;2;-25,850144;-48,994881;"SPRF-PR";"DEL01-PR";"UOP04-DEL01-PR"