"id";"data_inversa";"dia_semana";"horario";"uf";"br";"km";"municipio";"causa_acidente";"tipo_acidente";"classificacao_acidente";"fase_dia";"sentido_via";"condicao_metereologica";"tipo_pista";"tracado_via";"uso_solo";"pessoas";"mortos";"feridos_leves";"feridos_graves";"ilesos";"ignorados";"feridos";"veiculos";"latitude";"longitude";"regional";"delegacia";"uop"
420461;2022-03-13;"domingo";"11:45:00";"RS";116;253;"SAPUCAIA DO SUL";"Condutor deixou de manter distância do veículo da frente";"Colisão traseira";"Sem Vítimas";"Plena Noite";"Decrescente";"Nublado";"Dupla";"Reta";"Sim";3;0;0;0;1;2;0;3;-29,81784209;-51,16996166;"SPRF-RS";"DEL01-RS";"UOP02-DEL01-RS"
420465;2022-03-13;"domingo";"22:50:00";"PB";110;75;"PATOS";"Reação tardia ou ineficiente do condutor";"Saída de leito carroçável";"Sem Vítimas";"Plena Noite";"Crescente";"Chuva";"Simples";"Rotatória";"Não";1;0;0;0;1;0;0;1;-6,94057055;-37,40638733;"SPRF-PB";"DEL03-PB";"UOP01-DEL03-PB"
420479;2022-03-13;"domingo";"14:50:00";"BA";101;694;"EUNAPOLIS";"Reação tardia ou ineficiente do condutor";"Colisão com objeto";"Com Vítimas Feridas";"Pleno dia";"Crescente";"Nublado";"Simples";"Curva";"Não";1;0;1;0;0;0;1;1;-16,20029238;-39,60610986;"SPRF-BA";"DEL09-BA";"UOP01-DEL09-BA"
420484;2022-03-14;"segunda-feira";"01:30:00";"PR";369;26;"CAMBARA";"Ausência de reação do condutor";"Tombamento";"Com Vítimas Feridas";"Plena Noite";"Crescente";"Garoa/Chuvisco";"Simples";"Aclive;Reta";"Não";1;0;1;0;0;0;1;1;-23,03502079;-50,13565779;"SPRF-PR";"DEL07-PR";"UOP01-DEL07-PR"
420490;2022-03-14;"segunda-feira";"05:30:00";"PE";424;64,3;"CAETES";"Ingestão de álcool pelo condutor";"Colisão frontal";"Com Vítimas Fatais";"Amanhecer";"Decrescente";"Céu Claro";"Simples";"Reta";"Não";3;1;0;0;2;0;0;2;-8,753403;-36,667581;"SPRF-PE";"DEL03-PE";"UOP01-DEL03-PE"
420493;2022-03-14;"segunda-feira";"04:35:00";"PR";277;4,8;"PARANAGUA";"Objeto estático sobre o leito carroçável";"Saída de leito carroçável";"Sem Vítimas";"Amanhecer";"Decrescente";"Céu Claro";"Simples";"Reta";"Sim";2;0;0;0;1;2;0;3;-25,568198;-48,615292;"SPRF-PR";"DEL01-PR";"UOP05-DEL01-PR"
420494;2022-03-14;"segunda-feira";"05:45:00";"PR";277;237,7;"IRATI";"Entrada inopinada do pedestre";"Atropelamento de Pedestre";"Com Vítimas Fatais";"Amanhecer";"Decrescente";"Céu Claro";"Simples";"Declive;Reta";"Sim";4;1;0;0;1;2;0;3;-25,4567496;-50,60939192;"SPRF-PR";"DEL03-PR";"UOP03-DEL03-PR"
420497;2022-03-14;"segunda-feira";"06:10:00";"GO";70;0,1;"AGUAS LINDAS DE GOIAS";"Velocidade Incompatível";"Colisão traseira";"Com Vítimas Feridas";"Pleno dia";"Decrescente";"Céu Claro";"Dupla";"Declive";"Não";10;0;2;0;7;1;2;7;-15,783543;-48,2326;"SPRF-DF";"DEL03-DF";"UOP02-DEL03-DF"
420508;2022-03-13;"domingo";"23:55:00";"BA";324;402;"NOVA FATIMA";"Estacionar ou parar em local proibido";"Atropelamento de Pedestre";"Com Vítimas Feridas";"Plena Noite";"Crescente";"Céu Claro";"Simples";"Reta";"Sim";5;0;0;1;0;5;1;6;-11,59280922;-39,64528421;"SPRF-BA";"DEL04-BA";"UOP02-DEL04-BA"
420518;2022-03-14;"segunda-feira";"07:00:00";"MT";70;310;"DOM AQUINO";"Obstrução na via";"Colisão traseira";"Com Vítimas Feridas";"Amanhecer";"Decrescente";"Nublado";"Simples";"Reta";"Não";7;0;1;0;5;1;1;4;-15,56904154;-54,55665486;"SPRF-MT";"DEL05-MT";"UOP01-DEL05-MT"
420521;2022-03-14;"segunda-feira";"05:50:00";"RS";116;526;"PELOTAS";"Acessar a via sem observar a presença dos outros veículos";"Colisão transversal";"Com Vítimas Feridas";"Amanhecer";"Decrescente";"Céu Claro";"Dupla";"Rotatória";"Sim";2;0;1;0;1;0;1;2;-31,74307729;-52,39966642;"SPRF-RS";"DEL07-RS";"UOP01-DEL07-RS"
420524;2022-03-14;"segunda-feira";"08:00:00";"SC";470;138,7;"RIO DO SUL";"Desrespeitar a preferência no cruzamento";"Colisão transversal";"Com Vítimas Feridas";"Pleno dia";"Crescente";"Nublado";"Simples";"Interseção de Vias";"Sim";2;0;0;1;1;0;1;2;-27,207214;-49,648476;"SPRF-SC";"DEL04-SC";"UOP02-DEL04-SC"
420529;2022-03-14;"segunda-feira";"04:20:00";"MG";116;450,4;"ENGENHEIRO CALDAS";"Velocidade Incompatível";"Tombamento";"Com Vítimas Feridas";"Plena Noite";"Decrescente";"Céu Claro";"Simples";"Reta";"Não";1;0;1;0;0;0;1;1;-19,15284006;-42,02187888;"SPRF-MG";"DEL06-MG";"UOP02-DEL06-MG"
420532;2022-03-14;"segunda-feira";"07:30:00";"GO";70;8;"AGUAS LINDAS DE GOIAS";"Estacionar ou parar em local proibido";"Colisão traseira";"Com Vítimas Feridas";"Amanhecer";"Decrescente";"Céu Claro";"Múltipla";"Reta";"Sim";2;0;1;0;1;0;1;2;-15,73733681;-48,27407468;"SPRF-DF";"DEL03-DF";"UOP02-DEL03-DF"
420533;2022-03-14;"segunda-feira";"09:00:00";"GO";153;518,2;"APARECIDA DE GOIANIA";"Acessar a via sem observar a presença dos outros veículos";"Colisão traseira";"Com Vítimas Feridas";"Pleno dia";"Crescente";"Garoa/Chuvisco";"Dupla";"Reta";"Sim";2;0;1;0;1;0;1;2;-16,86183975;-49,2495436;"SPRF-GO";"DEL01-GO";"UOP03-DEL01-GO"
420534;2022-03-13;"domingo";"20:00:00";"SC";470;121,4;"IBIRAMA";"Reação tardia ou ineficiente do condutor";"Saída de leito carroçável";"Sem Vítimas";"Plena Noite";"Crescente";"Chuva";"Simples";"Curva";"Não";1;0;0;0;1;0;0;1;-27,09775725;-49,53052998;"SPRF-SC";"DEL04-SC";"UOP02-DEL04-SC"
420539;2022-03-14;"segunda-feira";"09:00:00";"BA";242;842;"BARREIRAS";"Acessar a via sem observar a presença dos outros veículos";"Colisão lateral mesmo sentido";"Com Vítimas Feridas";"Pleno dia";"Crescente";"Céu Claro";"Simples";"Reta";"Não";2;0;0;1;1;0;1;2;-12,10843069;-45,29677302;"SPRF-BA";"DEL10-BA";"UOP01-DEL10-BA"
420540;2022-01-10;"segunda-feira";"04:00:00";"PA";230;98;"SAO JOAO DO ARAGUAIA";"Transitar na contramão";"Colisão frontal";"Sem Vítimas";"Plena Noite";"Crescente";"Garoa/Chuvisco";"Simples";"Aclive;Reta";"Não";3;0;0;0;1;2;0;3;-5,41549538;-48,94048691;"SPRF-PA";"DEL03-PA";"UOP01-DEL03-PA"
420543;2022-03-14;"segunda-feira";"09:00:00";"MA";135;46,9;"BACABEIRA";"Condutor deixou de manter distância do veículo da frente";"Colisão traseira";"Com Vítimas Feridas";"Pleno dia";"Crescente";"Céu Claro";"Dupla";"Reta";"Sim";4;0;1;1;1;1;2;3;-2,93050867;-44,33424959;"SPRF-MA";"DEL01-MA";"UOP01-DEL01-MA"
420544;2022-03-14;"segunda-feira";"09:45:00";"MG";381;496;"BETIM";"Manobra de mudança de faixa";"Colisão lateral mesmo sentido";"Com Vítimas Feridas";"Pleno dia";"Decrescente";"Céu Claro";"Múltipla";"Reta";"Sim";3;0;2;0;1;0;2;2;-19,99676497;-44,20958506;"SPRF-MG";"DEL01-MG";"UOP03-DEL01-MG"
420546;2022-03-14;"segunda-feira";"07:20:00";"CE";222;302;"TIANGUA";"Velocidade Incompatível";"Tombamento";"Com Vítimas Feridas";"Pleno dia";"Crescente";"Nublado";"Simples";"Aclive;Curva";"Não";2;0;2;0;0;0;2;1;-3,66080397;-40,94779895;"SPRF-CE";"DEL04-CE";"UOP02-DEL04-CE"
420550;2022-03-14;"segunda-feira";"10:45:00";"GO";153;418,3;"ANAPOLIS";"Velocidade Incompatível";"Saída de leito carroçável";"Com Vítimas Feridas";"Pleno dia";"Decrescente";"Chuva";"Simples";"Reta";"Não";1;0;1;0;0;0;1;1;-16,159821;-49,04351;"SPRF-GO";"DEL02-GO";"UOP01-DEL02-GO"
420551;2022-03-06;"domingo";"13:30:00";"PR";277;325,6;"GUARAPUAVA";"Problema na suspensão";"Colisão com objeto";"Com Vítimas Feridas";"Pleno dia";"Decrescente";"Sol";"Simples";"Curva";"Não";3;0;0;1;1;2;1;4;-25,36840515;-51,2528759;"SPRF-PR";"DEL08-PR";"UOP01-DEL08-PR"
420554;2022-03-14;"segunda-feira";"10:40:00";"ES";101;295;"CARIACICA";"Acessar a via sem observar a presença dos outros veículos";"Colisão lateral mesmo sentido";"Com Vítimas Feridas";"Pleno dia";"Decrescente";"Céu Claro";"Dupla";"Reta";"Sim";3;0;0;2;1;0;2;2;-20,33223667;-40,40004683;"SPRF-ES";"DEL01-ES";"UOP01-DEL01-ES"
420557;2022-03-14;"segunda-feira";"10:10:00";"RR";174;503;"BOA VISTA";"Ausência de reação do condutor";"Colisão transversal";"Sem Vítimas";"Pleno dia";"Crescente";"Nublado";"Dupla";"Rotatória";"Sim";2;0;0;0;2;0;0;2;2,80702052;-60,69003224;"SPRF-RR";"DEL01-RR";"UOP01-DEL01-RR"
420560;2022-03-14;"segunda-feira";"10:30:00";"MG";381;487,4;"BETIM";"Condutor deixou de manter distância do veículo da frente";"Colisão lateral mesmo sentido";"Com Vítimas Feridas";"Pleno dia";"Decrescente";"Céu Claro";"Dupla";"Reta";"Não";3;0;2;0;1;0;2;2;-19,95549397;-44,11723506;"SPRF-MG";"DEL01-MG";"UOP03-DEL01-MG"
420561;2022-01-28;"sexta-feira";"13:35:00";"TO";226;1;"AGUIARNOPOLIS";"Acessar a via sem observar a presença dos outros veículos";"Colisão transversal";"Com Vítimas Feridas";"Pleno dia";"Crescente";"Nublado";"Simples";"Reta";"Sim";2;0;0;1;1;0;1;2;-6,561846;-47,467415;"SPRF-TO";"DEL02-TO";"UOP03-DEL02-TO"
420564;2022-03-11;"sexta-feira";"23:50:00";"GO";60;377;"RIO VERDE";"Ausência de reação do condutor";"Colisão lateral mesmo sentido";"Sem Vítimas";"Plena Noite";"Decrescente";"Chuva";"Dupla";"Reta";"Não";2;0;0;0;2;0;0;2;-17,739;-50,8729;"SPRF-GO";"DEL04-GO";"UOP01-DEL04-GO"
420566;2022-03-14;"segunda-feira";"10:50:00";"PR";277;33,3;"MORRETES";"Manobra de mudança de faixa";"Colisão lateral mesmo sentido";"Sem Vítimas";"Pleno dia";"Decrescente";"Nublado";"Dupla";"Declive;Curva";"Não";3;0;0;0;2;1;0;3;-25,5675425;-48,81111;"SPRF-PR";"DEL01-PR";"UOP05-DEL01-PR"
420569;2022-03-14;"segunda-feira";"08:15:00";"SC";282;512,1;"XANXERE";"Condutor usando celular";"Colisão transversal";"Com Vítimas Fatais";"Pleno dia";"Crescente";"Garoa/Chuvisco";"Simples";"Declive;Reta";"Não";4;1;0;0;1;2;0;4;-26,9096716;-52,47053146;"SPRF-SC";"DEL07-SC";"UOP01-DEL07-SC"
420572;2022-03-14;"segunda-feira";"11:40:00";"RJ";116;89;"TERESOPOLIS";"Demais falhas mecânicas ou elétricas";"Incêndio";"Sem Vítimas";"Pleno dia";"Decrescente";"Céu Claro";"Simples";"Reta";"Não";1;0;0;0;1;0;0;1;-22,45706098;-42,96221791;"SPRF-RJ";"DEL04-RJ";"UOP01-DEL04-RJ"
420581;2022-03-14;"segunda-feira";"11:02:00";"BA";116;749,5;"POCOES";"Ultrapassagem Indevida";"Colisão frontal";"Com Vítimas Fatais";"Pleno dia";"Crescente";"Nublado";"Simples";"Curva";"Não";3;1;0;0;1;1;0;3;-14,47176997;-40,33718348;"SPRF-BA";"DEL08-BA";"UOP02-DEL08-BA"
420584;2022-03-11;"sexta-feira";"19:45:00";"SC";153;59,5;"IRANI";"Desrespeitar a preferência no cruzamento";"Colisão transversal";"Com Vítimas Feridas";"Plena Noite";"Crescente";"Chuva";"Simples";"Interseção de Vias";"Não";3;0;1;0;1;2;1;4;-26,96948856;-51,85471773;"SPRF-SC";"DEL07-SC";"UOP04-DEL07-SC"
420589;2022-03-14;"segunda-feira";"11:45:00";"MA";135;7,5;"SAO LUIS";"Reação tardia ou ineficiente do condutor";"Colisão lateral mesmo sentido";"Com Vítimas Feridas";"Pleno dia";"Decrescente";"Chuva";"Dupla";"Retorno Regulamentado";"Sim";3;0;1;0;2;0;1;2;-2,6782911;-44,2972867;"SPRF-MA";"DEL01-MA";"UOP01-DEL01-MA"
420591;2022-03-14;"segunda-feira";"14:00:00";"SP";116;339;"JUQUITIBA";"Acumulo de óleo sobre o pavimento";"Colisão com objeto";"Com Vítimas Feridas";"Pleno dia";"Crescente";"Nublado";"Dupla";"Declive";"Não";3;0;1;0;2;0;1;2;-23,9983939;-47,14927316;"SPRF-SP";"DEL04-SP";"UOP01-DEL04-SP"
420595;2022-03-14;"segunda-feira";"03:00:00";"PE";110;97,3;"SERTANIA";"Animais na Pista";"Tombamento";"Com Vítimas Feridas";"Plena Noite";"Decrescente";"Céu Claro";"Simples";"Declive";"Não";2;0;0;1;0;1;1;2;-8,37247412;-37,29327894;"SPRF-PE";"DEL03-PE";"UOP02-DEL03-PE"
420599;2022-03-14;"segunda-feira";"13:33:00";"RN";304;46,4;"MOSSORO";"Ausência de reação do condutor";"Colisão com objeto";"Sem Vítimas";"Pleno dia";"Crescente";"Nublado";"Dupla";"Retorno Regulamentado";"Sim";3;0;0;0;1;2;0;3;-5,22579384;-37,340046;"SPRF-RN";"DEL04-RN";"UOP01-DEL04-RN"
420604;2022-03-14;"segunda-feira";"14:00:00";"MT";364;404,4;"CUIABA";"Acesso irregular";"Colisão lateral mesmo sentido";"Com Vítimas Feridas";"Pleno dia";"Crescente";"Sol";"Dupla";"Reta";"Sim";2;0;1;0;1;0;1;2;-15,66158612;-55,97144205;"SPRF-MT";"DEL01-MT";"UOP02-DEL01-MT"
420613;2022-03-14;"segunda-feira";"15:30:00";"SP";116;444;"REGISTRO";"Entrada inopinada do pedestre";"Atropelamento de Pedestre";"Com Vítimas Feridas";"Pleno dia";"Crescente";"Nublado";"Dupla";"Reta";"Sim";3;0;0;1;1;2;1;4;-24,49129421;-47,83614553;"SPRF-SP";"DEL05-SP";"UOP01-DEL05-SP"
420614;2022-03-14;"segunda-feira";"15:00:00";"SP";381;50;"ATIBAIA";"Ausência de reação do condutor";"Colisão lateral mesmo sentido";"Com Vítimas Feridas";"Pleno dia";"Decrescente";"Chuva";"Dupla";"Reta";"Não";3;0;0;1;1;2;1;4;-23,21359807;-46,59367981;"SPRF-SP";"DEL03-SP";"UOP01-DEL03-SP"
420626;2022-03-14;"segunda-feira";"15:08:00";"MG";50;130;"UBERABA";"Velocidade Incompatível";"Saída de leito carroçável";"Com Vítimas Feridas";"Pleno dia";"Decrescente";"Chuva";"Dupla";"Reta";"Não";3;0;1;0;1;2;1;4;-19,38989597;-48,07678044;"SPRF-MG";"DEL13-MG";"UOP01-DEL13-MG"
420628;2022-03-14;"segunda-feira";"17:00:00";"PE";101;48,4;"ABREU E LIMA";"Acessar a via sem observar a presença dos outros veículos";"Atropelamento de Pedestre";"Com Vítimas Feridas";"Plena Noite";"Decrescente";"Céu Claro";"Dupla";"Reta";"Sim";2;0;0;1;1;0;1;2;-7,89174705;-34,9033493;"SPRF-PE";"DEL01-PE";"UOP02-DEL01-PE"
420633;2022-03-14;"segunda-feira";"16:50:00";"MG";40;515,8;"RIBEIRAO DAS NEVES";"Condutor deixou de manter distância do veículo da frente";"Colisão traseira";"Com Vítimas Feridas";"Pleno dia";"Crescente";"Céu Claro";"Dupla";"Reta;Declive";"Sim";2;0;1;0;1;0;1;2;-19,8090079;-44,09493479;"SPRF-MG";"DEL01-MG";"UOP02-DEL01-MG"
420634;2022-03-14;"segunda-feira";"16:50:00";"RS";290;529;"ALEGRETE";"Transitar na contramão";"Colisão lateral mesmo sentido";"Com Vítimas Feridas";"Pleno dia";"Crescente";"Céu Claro";"Simples";"Reta";"Não";6;0;0;2;2;3;2;6;-30,037683;-55,332211;"SPRF-RS";"DEL13-RS";"UOP02-DEL13-RS"
420637;2022-03-14;"segunda-feira";"15:20:00";"RS";386;306,1;"POUSO NOVO";"Velocidade Incompatível";"Tombamento";"Com Vítimas Feridas";"Pleno dia";"Crescente";"Sol";"Simples";"Curva;Declive";"Não";2;0;0;1;0;2;1;3;-29,194696;-52,185722;"SPRF-RS";"DEL04-RS";"UOP01-DEL04-RS"
420646;2022-03-14;"segunda-feira";"18:10:00";"MG";40;522,8;"CONTAGEM";"Condutor deixou de manter distância do veículo da frente";"Colisão traseira";"Com Vítimas Feridas";"Plena Noite";"Decrescente";"Céu Claro";"Dupla";"Reta";"Não";2;0;0;1;0;1;1;2;-19,8638731;-44,06749809;"SPRF-MG";"DEL01-MG";"UOP02-DEL01-MG"
420650;2022-03-14;"segunda-feira";"18:50:00";"SP";116;35;"CACHOEIRA PAULISTA";"Condutor deixou de manter distância do veículo da frente";"Colisão traseira";"Com Vítimas Feridas";"Plena Noite";"Decrescente";"Céu Claro";"Múltipla";"Aclive";"Não";3;0;1;0;1;2;1;4;-22,65892521;-44,96708995;"SPRF-SP";"DEL08-SP";"UOP02-DEL08-SP"
420655;2022-03-14;"segunda-feira";"18:00:00";"RS";386;222;"TIO HUGO";"Ultrapassagem Indevida";"Colisão lateral mesmo sentido";"Com Vítimas Feridas";"Anoitecer";"Decrescente";"Céu Claro";"Simples";"Ponte";"Não";5;0;1;0;3;1;1;3;-28,636042;-52,614704;"SPRF-RS";"DEL04-RS";"UOP03-DEL04-RS"
420661;2022-03-14;"segunda-feira";"19:30:00";"SC";470;145;"RIO DO SUL";"Velocidade Incompatível";"Colisão transversal";"Com Vítimas Fatais";"Plena Noite";"Crescente";"Nublado";"Simples";"Reta";"Sim";4;1;0;0;2;2;0;4;-27,2325;-49,67173;"SPRF-SC";"DEL04-SC";"UOP02-DEL04-SC"
420662;2022-03-14;"segunda-feira";"19:00:00";"MG";381;557,3;"ITAGUARA";"Manobra de mudança de faixa";"Colisão lateral mesmo sentido";"Com Vítimas Feridas";"Plena Noite";"Decrescente";"Céu Claro";"Dupla";"Reta";"Não";3;0;1;0;1;1;1;3;-20,36904195;-44,46938756;"SPRF-MG";"DEL04-MG";"UOP03-DEL04-MG"
420668;2022-03-14;"segunda-feira";"14:13:00";"MG";459;67,1;"SENADOR JOSE BENTO";"Velocidade Incompatível";"Tombamento";"Com Vítimas Fatais";"Pleno dia";"Crescente";"Chuva";"Simples";"Aclive;Curva";"Não";3;1;0;0;1;1;0;3;-22,131327;-46,181057;"SPRF-MG";"DEL09-MG";"UOP01-DEL09-MG"
420669;2022-02-28;"segunda-feira";"00:30:00";"MA";135;143;"MATOES DO NORTE";"Acostamento em desnível";"Saída de leito carroçável";"Sem Vítimas";"Amanhecer";"Decrescente";"Céu Claro";"Simples";"Reta";"Não";2;0;0;0;0;2;0;2;-3,69721;-44,5199;"SPRF-MA";"DEL01-MA";"UOP02-DEL01-MA"
420670;2022-03-14;"segunda-feira";"19:09:00";"MG";262;34;"MANHUACU";"Ausência de reação do condutor";"Atropelamento de Pedestre";"Com Vítimas Feridas";"Plena Noite";"Crescente";"Céu Claro";"Simples";"Reta";"Sim";2;0;0;1;1;0;1;2;-20,25692664;-42,01099203;"SPRF-MG";"DEL06-MG";"UOP03-DEL06-MG"
420672;2022-03-14;"segunda-feira";"19:20:00";"PB";230;156,4;"CAMPINA GRANDE";"Ausência de reação do condutor";"Colisão traseira";"Com Vítimas Feridas";"Plena Noite";"Crescente";"Chuva";"Simples";"Reta";"Sim";3;0;0;2;0;1;2;2;-7,269782;-35,913155;"SPRF-PB";"DEL02-PB";"UOP01-DEL02-PB"
420680;2022-03-14;"segunda-feira";"22:00:00";"RJ";493;107;"DUQUE DE CAXIAS";"Demais falhas mecânicas ou elétricas";"Incêndio";"Sem Vítimas";"Plena Noite";"Decrescente";"Céu Claro";"Dupla";"Reta";"Não";1;0;0;0;1;0;0;1;-22,672089;-43,285053;"SPRF-RJ";"DEL03-RJ";"UOP01-DEL03-RJ"
420682;2022-03-14;"segunda-feira";"21:20:00";"MS";158;62;"PARANAIBA";"Manobra de mudança de faixa";"Colisão lateral sentido oposto";"Com Vítimas Fatais";"Plena Noite";"Decrescente";"Céu Claro";"Simples";"Reta";"Não";3;1;0;0;1;3;0;5;-19,44707116;-51,35564812;"SPRF-MS";"DEL08-MS";"UOP01-DEL08-MS"
420692;2022-03-15;"terça-feira";"03:20:00";"MG";381;596;"CARMOPOLIS DE MINAS";"Condutor Dormindo";"Tombamento";"Com Vítimas Feridas";"Plena Noite";"Decrescente";"Céu Claro";"Dupla";"Reta";"Não";2;0;1;0;0;1;1;2;-20,60213157;-44,71579002;"SPRF-MG";"DEL04-MG";"UOP01-DEL04-MG"
420698;2022-03-15;"terça-feira";"01:45:00";"GO";251;26;"CRISTALINA";"Condutor Dormindo";"Tombamento";"Sem Vítimas";"Plena Noite";"Crescente";"Nublado";"Simples";"Reta";"Não";2;0;0;0;1;1;0;2;-16,10610344;-47,49477642;"SPRF-DF";"DEL01-DF";"UOP01-DEL01-DF"
420699;2022-03-15;"terça-feira";"03:10:00";"PR";376;539,8;"PALMEIRA";"Acumulo de areia ou detritos sobre o pavimento";"Saída de leito carroçável";"Sem Vítimas";"Plena Noite";"Decrescente";"Garoa/Chuvisco";"Dupla";"Reta";"Não";2;0;0;0;1;1;0;2;-25,413497;-49,775647;"SPRF-PR";"DEL01-PR";"UOP03-DEL03-PR"
420700;2022-03-15;"terça-feira";"07:35:00";"RS";285;293;"PASSO FUNDO";"Condutor deixou de manter distância do veículo da frente";"Colisão traseira";"Com Vítimas Feridas";"Pleno dia";"Crescente";"Céu Claro";"Simples";"Reta";"Sim";2;0;1;0;0;1;1;2;-28,236645;-52,375156;"SPRF-RS";"DEL08-RS";"UOP03-DEL08-RS"
420702;2022-03-15;"terça-feira";"06:15:00";"RS";386;14,8;"FREDERICO WESTPHALEN";"Velocidade Incompatível";"Tombamento";"Com Vítimas Feridas";"Amanhecer";"Decrescente";"Nublado";"Simples";"Curva";"Não";2;0;1;0;0;3;1;4;-27,231466;-53,329723;"SPRF-RS";"DEL08-RS";"UOP02-DEL08-RS"
420704;2022-03-15;"terça-feira";"06:31:00";"MT";163;760;"SORRISO";"Pista esburacada";"Tombamento";"Com Vítimas Feridas";"Amanhecer";"Decrescente";"Nublado";"Simples";"Reta";"Não";2;0;1;0;0;2;1;3;-12,49061;-55,683425;"SPRF-MT";"DEL06-MT";"UOP01-DEL06-MT"
420708;2022-03-15;"terça-feira";"07:20:00";"SP";116;446;"REGISTRO";"Acessar a via sem observar a presença dos outros veículos";"Colisão transversal";"Com Vítimas Feridas";"Pleno dia";"Decrescente";"Nublado";"Dupla";"Reta";"Sim";10;0;1;0;9;0;1;2;-24,50467087;-47,84772743;"SPRF-SP";"DEL05-SP";"UOP01-DEL05-SP"
420710;2022-03-15;"terça-feira";"07:15:00";"RJ";101;29;"CAMPOS DOS GOYTACAZES";"Reação tardia ou ineficiente do condutor";"Saída de leito carroçável";"Com Vítimas Feridas";"Pleno dia";"Crescente";"Céu Claro";"Simples";"Reta";"Não";2;0;1;0;0;1;1;2;-21,458116;-41,342273;"SPRF-RJ";"DEL08-RJ";"UOP01-DEL08-RJ"
420711;2022-03-15;"terça-feira";"07:21:00";"SP";116;562;"BARRA DO TURVO";"Avarias e/ou desgaste excessivo no pneu";"Colisão traseira";"Com Vítimas Feridas";"Pleno dia";"Crescente";"Chuva";"Dupla";"Reta";"Não";4;0;1;0;2;1;1;3;-25,02464023;-48,52213701;"SPRF-SP";"DEL05-SP";"UOP02-DEL05-SP"
420717;2022-03-15;"terça-feira";"08:10:00";"MG";40;801,6;"MATIAS BARBOSA";"Ausência de reação do condutor";"Colisão traseira";"Com Vítimas Feridas";"Pleno dia";"Decrescente";"Céu Claro";"Dupla";"Reta;Aclive";"Não";2;0;1;0;1;0;1;2;-21,84672919;-43,37899486;"SPRF-MG";"DEL05-MG";"UOP01-DEL05-MG"
420719;2022-03-15;"terça-feira";"08:40:00";"SP";116;199;"ARUJA";"Manobra de mudança de faixa";"Colisão lateral mesmo sentido";"Com Vítimas Feridas";"Pleno dia";"Crescente";"Céu Claro";"Múltipla";"Reta";"Não";2;0;1;0;1;0;1;2;-23,40185327;-46,31154312;"SPRF-SP";"DEL01-SP";"UOP01-DEL01-SP"
420720;2022-03-15;"terça-feira";"08:32:00";"PA";10;162,1;"PARAGOMINAS";"Pista esburacada";"Colisão lateral sentido oposto";"Com Vítimas Feridas";"Pleno dia";"Crescente";"Nublado";"Simples";"Reta";"Não";5;0;3;1;0;2;4;4;-3,019132;-47,463398;"SPRF-PA";"DEL02-PA";"UOP01-DEL02-PA"
420721;2022-03-15;"terça-feira";"07:50:00";"MG";40;188,8;"JOAO PINHEIRO";"Obras na pista";"Colisão traseira";"Com Vítimas Fatais";"Pleno dia";"Crescente";"Chuva";"Simples";"Reta";"Não";3;1;0;0;1;1;0;3;-17,99571867;-45,91597593;"SPRF-MG";"DEL14-MG";"UOP02-DEL14-MG"
420723;2022-03-15;"terça-feira";"08:30:00";"RJ";116;198;"QUEIMADOS";"Condutor Dormindo";"Derramamento de carga";"Sem Vítimas";"Pleno dia";"Decrescente";"Céu Claro";"Dupla";"Reta";"Não";2;0;0;0;1;1;0;2;-22,72952183;-43,57481597;"SPRF-RJ";"DEL01-RJ";"UOP02-DEL01-RJ"
420726;2022-03-15;"terça-feira";"13:05:00";"SP";381;60,7;"MAIRIPORA";"Velocidade Incompatível";"Colisão traseira";"Com Vítimas Feridas";"Pleno dia";"Crescente";"Chuva";"Dupla";"Curva";"Não";4;0;1;0;2;1;1;3;-23,28957673;-46,58729853;"SPRF-SP";"DEL03-SP";"UOP01-DEL03-SP"
420727;2022-03-15;"terça-feira";"09:00:00";"TO";153;272;"BRASILANDIA DO TOCANTINS";"Reação tardia ou ineficiente do condutor";"Colisão traseira";"Com Vítimas Feridas";"Pleno dia";"Crescente";"Chuva";"Simples";"Reta";"Sim";3;0;1;0;1;1;1;3;-8,282475;-48,46929905;"SPRF-TO";"DEL02-TO";"UOP02-DEL02-TO"
420732;2022-03-15;"terça-feira";"09:00:00";"PR";116;119;"CURITIBA";"Manobra de mudança de faixa";"Colisão traseira";"Com Vítimas Feridas";"Pleno dia";"Crescente";"Nublado";"Dupla";"Curva";"Sim";6;0;3;0;1;2;3;3;-25,57603894;-49,31255063;"SPRF-PR";"DEL01-PR";"UOP03-DEL01-PR"
420735;2022-03-15;"terça-feira";"10:05:00";"TO";153;137,8;"ARAGUAINA";"Reação tardia ou ineficiente do condutor";"Colisão traseira";"Com Vítimas Feridas";"Pleno dia";"Decrescente";"Sol";"Dupla";"Reta";"Sim";5;0;2;0;1;2;2;4;-7,14630299;-48,20255603;"SPRF-TO";"DEL02-TO";"UOP01-DEL02-TO"
420737;2022-03-15;"terça-feira";"10:20:00";"MG";40;275;"TRES MARIAS";"Acessar a via sem observar a presença dos outros veículos";"Colisão lateral mesmo sentido";"Com Vítimas Feridas";"Pleno dia";"Decrescente";"Céu Claro";"Simples";"Declive";"Sim";4;0;1;0;2;2;1;4;-18,19945877;-45,23770577;"SPRF-MG";"DEL14-MG";"UOP02-DEL14-MG"
420741;2022-03-15;"terça-feira";"10:40:00";"PE";232;184,4;"BELO JARDIM";"Demais falhas mecânicas ou elétricas";"Tombamento";"Com Vítimas Feridas";"Pleno dia";"Crescente";"Céu Claro";"Simples";"Reta";"Não";1;0;1;0;0;0;1;1;-8,35118645;-36,46450196;"SPRF-PE";"DEL02-PE";"UOP03-DEL02-PE"