"id";"data_inversa";"dia_semana";"horario";"uf";"br";"km";"municipio";"causa_acidente";"tipo_acidente";"classificacao_acidente";"fase_dia";"sentido_via";"condicao_metereologica";"tipo_pista";"tracado_via";"uso_solo";"pessoas";"mortos";"feridos_leves";"feridos_graves";"ilesos";"ignorados";"feridos";"veiculos";"latitude";"longitude";"regional";"delegacia";"uop"
421302;2022-03-18;"sexta-feira";"13:30:00";"PR";373;222;"IMBITUVA";"Manobra de mudança de faixa";"Colisão traseira";"Com Vítimas Feridas";"Pleno dia";"Crescente";"Céu Claro";"Simples";"Declive";"Não";7;0;4;0;2;2;4;5;-25,17885184;-50,58484733;"SPRF-PR";"DEL03-PR";"UOP04-DEL03-PR"
421305;2022-03-18;"sexta-feira";"13:30:00";"PB";101;122,6;"CAAPORA";"Demais falhas mecânicas ou elétricas";"Colisão traseira";"Sem Vítimas";"Pleno dia";"Decrescente";"Céu Claro";"Dupla";"Reta";"Não";3;0;0;0;2;1;0;3;-7,45038197;-34,97994215;"SPRF-PB";"DEL01-PB";"UOP02-DEL01-PB"
421308;2022-03-18;"sexta-feira";"15:00:00";"RS";386;47;"SEBERI";"Manobra de mudança de faixa";"Colisão lateral sentido oposto";"Com Vítimas Feridas";"Pleno dia";"Crescente";"Chuva";"Simples";"Reta";"Sim";3;0;1;0;1;3;1;5;-27,466236;-53,404499;"SPRF-RS";"DEL08-RS";"UOP02-DEL08-RS"
421310;2022-03-18;"sexta-feira";"12:20:00";"RJ";393;206;"VASSOURAS";"Ultrapassagem Indevida";"Colisão frontal";"Com Vítimas Feridas";"Pleno dia";"Decrescente";"Sol";"Simples";"Curva";"Não";4;0;1;0;2;1;1;4;-22,26422347;-43,45092651;"SPRF-RJ";"DEL05-RJ";"UOP03-DEL05-RJ"
421313;2022-03-17;"quinta-feira";"09:22:00";"MS";163;756;"COXIM";"Manobra de mudança de faixa";"Colisão lateral mesmo sentido";"Com Vítimas Feridas";"Pleno dia";"Crescente";"Céu Claro";"Simples";"Reta";"Não";3;0;1;0;1;1;1;3;-18,283989;-54,666696;"SPRF-MS";"DEL06-MS";"UOP01-DEL06-MS"
421322;2022-03-09;"quarta-feira";"20:10:00";"MT";163;527;"DIAMANTINO";"Pista Escorregadia";"Colisão frontal";"Com Vítimas Feridas";"Plena Noite";"Crescente";"Chuva";"Simples";"Reta";"Não";3;0;1;0;1;1;1;3;-14,396815;-56,11149;"SPRF-MT";"DEL01-MT";"UOP01-DEL01-MT"
421325;2022-03-18;"sexta-feira";"15:00:00";"SC";101;381,5;"ICARA";"Chuva";"Colisão com objeto";"Com Vítimas Feridas";"Pleno dia";"Decrescente";"Chuva";"Múltipla";"Reta";"Não";5;0;2;0;2;1;2;3;-28,74463394;-49,25548553;"SPRF-SC";"DEL02-SC";"UOP02-DEL02-SC"
421327;2022-03-18;"sexta-feira";"11:05:00";"BA";324;521;"FEIRA DE SANTANA";"Condutor deixou de manter distância do veículo da frente";"Colisão traseira";"Com Vítimas Feridas";"Pleno dia";"Decrescente";"Céu Claro";"Dupla";"Reta";"Sim";4;0;1;0;3;0;1;4;-12,27918591;-38,92645693;"SPRF-BA";"DEL01-BA";"UOP03-DEL01-BA"
421332;2022-03-18;"sexta-feira";"16:24:00";"MG";381;433,4;"SABARA";"Demais falhas mecânicas ou elétricas";"Saída de leito carroçável";"Com Vítimas Feridas";"Pleno dia";"Crescente";"Céu Claro";"Simples";"Declive";"Não";1;0;1;0;0;0;1;1;-19,79269213;-43,74585386;"SPRF-MG";"DEL01-MG";"UOP01-DEL01-MG"
421352;2022-03-18;"sexta-feira";"18:30:00";"SE";101;93,4;"NOSSA SENHORA DO SOCORRO";"Ingestão de álcool ou de substâncias psicoativas pelo pedestre";"Atropelamento de Pedestre";"Com Vítimas Feridas";"Plena Noite";"Decrescente";"Céu Claro";"Dupla";"Declive";"Sim";2;0;0;1;0;1;1;2;-10,90212319;-37,14494787;"SPRF-SE";"DEL01-SE";"UOP01-DEL01-SE"
421355;2022-03-11;"sexta-feira";"10:10:00";"SC";282;5;"SAO JOSE";"Reação tardia ou ineficiente do condutor";"Colisão traseira";"Com Vítimas Feridas";"Pleno dia";"Crescente";"Céu Claro";"Múltipla";"Reta";"Sim";3;0;2;0;1;0;2;3;-27,588425;-48,612919;"SPRF-SC";"DEL01-SC";"UOP01-DEL01-SC"
421357;2022-03-18;"sexta-feira";"18:47:00";"CE";304;46;"ARACATI";"Acessar a via sem observar a presença dos outros veículos";"Colisão transversal";"Com Vítimas Feridas";"Plena Noite";"Decrescente";"Céu Claro";"Simples";"Reta";"Não";2;0;1;0;0;1;1;2;-4,57510003;-37,79823699;"SPRF-CE";"DEL03-CE";"UOP03-DEL03-CE"
421361;2022-03-18;"sexta-feira";"09:40:00";"SC";282;67,5;"RANCHO QUEIMADO";"Demais falhas mecânicas ou elétricas";"Tombamento";"Com Vítimas Feridas";"Pleno dia";"Crescente";"Céu Claro";"Simples";"Curva";"Não";3;0;2;1;0;0;3;1;-27,695963;-49,0695;"SPRF-SC";"DEL01-SC";"UOP03-DEL01-SC"
421363;2022-03-18;"sexta-feira";"18:20:00";"SP";381;88,5;"GUARULHOS";"Condutor deixou de manter distância do veículo da frente";"Colisão lateral mesmo sentido";"Com Vítimas Feridas";"Anoitecer";"Decrescente";"Céu Claro";"Múltipla";"Reta";"Não";3;0;1;0;1;1;1;3;-23,47469314;-46,56112919;"SPRF-SP";"DEL03-SP";"UOP01-DEL03-SP"
421368;2022-03-18;"sexta-feira";"18:50:00";"SC";470;170,2;"POUSO REDONDO";"Entrada inopinada do pedestre";"Atropelamento de Pedestre";"Com Vítimas Fatais";"Plena Noite";"Crescente";"Chuva";"Simples";"Aclive;Curva";"Sim";5;1;0;0;2;2;0;4;-27,263881;-49,8958825;"SPRF-SC";"DEL04-SC";"UOP02-DEL04-SC"
421376;2022-03-18;"sexta-feira";"18:00:00";"RS";116;78,9;"CAMPESTRE DA SERRA";"Acumulo de água sobre o pavimento";"Colisão lateral sentido oposto";"Com Vítimas Feridas";"Anoitecer";"Crescente";"Chuva";"Dupla";"Curva";"Não";3;0;0;1;1;1;1;3;-28,79269169;-51,09628625;"SPRF-RS";"DEL05-RS";"UOP03-DEL05-RS"
421382;2022-03-18;"sexta-feira";"21:50:00";"PE";101;67,5;"RECIFE";"Manobra de mudança de faixa";"Colisão transversal";"Com Vítimas Feridas";"Plena Noite";"Crescente";"Chuva";"Múltipla";"Reta";"Sim";5;0;2;0;2;1;2;3;-8,048485;-34,945383;"SPRF-PE";"DEL01-PE";"UOP01-DEL01-PE"
421384;2022-03-18;"sexta-feira";"21:40:00";"PR";277;72;"SAO JOSE DOS PINHAIS";"Reação tardia ou ineficiente do condutor";"Engavetamento";"Com Vítimas Feridas";"Plena Noite";"Crescente";"Céu Claro";"Dupla";"Reta";"Sim";5;0;3;0;1;2;3;5;-25,52522628;-49,09755612;"SPRF-PR";"DEL01-PR";"UOP01-DEL01-PR"
421385;2022-03-18;"sexta-feira";"21:23:00";"MG";40;504;"ESMERALDAS";"Pedestre cruzava a pista fora da faixa";"Atropelamento de Pedestre";"Com Vítimas Fatais";"Plena Noite";"Crescente";"Céu Claro";"Dupla";"Reta";"Sim";4;1;0;0;1;2;0;3;-19,72987888;-44,15253368;"SPRF-MG";"DEL02-MG";"UOP01-DEL02-MG"
421389;2022-03-18;"sexta-feira";"17:30:00";"GO";364;124;"APARECIDA DO RIO DOCE";"Demais falhas mecânicas ou elétricas";"Incêndio";"Com Vítimas Feridas";"Anoitecer";"Crescente";"Céu Claro";"Simples";"Reta";"Não";2;0;1;0;0;1;1;2;-18,261824;-51,22747;"SPRF-GO";"DEL05-GO";"UOP01-DEL05-GO"
421391;2022-03-18;"sexta-feira";"23:05:00";"SC";282;174;"BOCAINA DO SUL";"Reação tardia ou ineficiente do condutor";"Colisão lateral sentido oposto";"Com Vítimas Feridas";"Plena Noite";"Crescente";"Garoa/Chuvisco";"Simples";"Curva";"Não";6;0;4;0;1;1;4;2;-27,742559;-49,882248;"SPRF-SC";"DEL05-SC";"UOP01-DEL05-SC"
421398;2022-03-18;"sexta-feira";"19:40:00";"PB";230;461,9;"SOUSA";"Ausência de reação do condutor";"Colisão traseira";"Com Vítimas Feridas";"Plena Noite";"Crescente";"Céu Claro";"Simples";"Reta";"Sim";2;0;0;1;0;1;1;2;-6,7753;-38,2061;"SPRF-PB";"DEL03-PB";"UOP03-DEL03-PB"
421407;2022-03-18;"sexta-feira";"22:20:00";"MG";381;670,9;"PERDOES";"Ausência de reação do condutor";"Colisão traseira";"Sem Vítimas";"Plena Noite";"Decrescente";"Céu Claro";"Dupla";"Reta;Aclive";"Não";2;0;0;0;2;0;0;2;-21,05989787;-45,04964313;"SPRF-MG";"DEL04-MG";"UOP02-DEL04-MG"
421409;2022-03-19;"sábado";"01:00:00";"SP";116;204,8;"GUARULHOS";"Pedestre cruzava a pista fora da faixa";"Atropelamento de Pedestre";"Com Vítimas Feridas";"Plena Noite";"Decrescente";"Nublado";"Múltipla";"Aclive";"Sim";3;0;0;1;1;1;1;3;-23,4123612284;-46,3569249553;"SPRF-SP";"DEL01-SP";"UOP01-DEL01-SP"
421411;2022-03-18;"sexta-feira";"22:00:00";"PR";376;544;"PALMEIRA";"Ingestão de álcool pelo condutor";"Saída de leito carroçável";"Com Vítimas Feridas";"Plena Noite";"Crescente";"Céu Claro";"Dupla";"Reta;Declive";"Não";2;0;1;0;0;1;1;2;-25,385485;-49,804048;"SPRF-PR";"DEL01-PR";"UOP03-DEL03-PR"
421414;2022-03-18;"sexta-feira";"23:20:00";"PR";476;120;"COLOMBO";"Ausência de sinalização";"Saída de leito carroçável";"Com Vítimas Feridas";"Plena Noite";"Crescente";"Nublado";"Dupla";"Reta";"Sim";3;0;2;0;0;1;2;1;-25,375013;-49,194069;"SPRF-PR";"DEL01-PR";"UOP02-DEL01-PR"
421425;2022-03-19;"sábado";"02:00:00";"RS";116;340;"BARRA DO RIBEIRO";"Ausência de reação do condutor";"Colisão frontal";"Com Vítimas Feridas";"Plena Noite";"Crescente";"Chuva";"Dupla";"Desvio Temporário";"Não";4;0;1;2;0;2;3;4;-30,45498686;-51,48924825;"SPRF-RS";"DEL02-RS";"UOP02-DEL02-RS"
421426;2022-03-19;"sábado";"01:30:00";"PR";277;128;"CAMPO LARGO";"Transitar na contramão";"Colisão frontal";"Com Vítimas Fatais";"Plena Noite";"Decrescente";"Nublado";"Dupla";"Declive";"Não";3;1;0;0;1;1;0;3;-25,44518045;-49,4985659;"SPRF-PR";"DEL01-PR";"UOP03-DEL03-PR"
421427;2022-03-19;"sábado";"03:15:00";"SP";116;554;"BARRA DO TURVO";"Reação tardia ou ineficiente do condutor";"Colisão traseira";"Com Vítimas Feridas";"Plena Noite";"Crescente";"Nublado";"Múltipla";"Aclive";"Não";41;0;4;0;36;1;4;3;-24,97035013;-48,49691597;"SPRF-SP";"DEL05-SP";"UOP02-DEL05-SP"
421437;2022-03-19;"sábado";"05:05:00";"PR";376;662;"GUARATUBA";"Condutor Dormindo";"Colisão traseira";"Com Vítimas Feridas";"Amanhecer";"Crescente";"Nublado";"Dupla";"Reta;Aclive";"Não";2;0;1;0;1;0;1;2;-25,8546345;-48,98523394;"SPRF-PR";"DEL01-PR";"UOP04-DEL01-PR"
421446;2022-03-19;"sábado";"06:00:00";"MG";262;443,3;"NOVA SERRANA";"Condutor Dormindo";"Saída de leito carroçável";"Com Vítimas Feridas";"Amanhecer";"Crescente";"Céu Claro";"Dupla";"Reta";"Sim";2;0;1;0;0;1;1;2;-19,87189623;-44,96886492;"SPRF-MG";"DEL08-MG";"UOP03-DEL08-MG"
421448;2022-03-19;"sábado";"04:51:00";"SC";101;330;"TUBARAO";"Ingestão de álcool pelo condutor";"Saída de leito carroçável";"Com Vítimas Feridas";"Plena Noite";"Decrescente";"Garoa/Chuvisco";"Dupla";"Reta";"Não";2;0;1;0;0;1;1;2;-28,45115639;-48,97286879;"SPRF-SC";"DEL02-SC";"UOP01-DEL02-SC"
421450;2022-03-19;"sábado";"06:30:00";"MG";365;687;"MONTE ALEGRE DE MINAS";"Ausência de reação do condutor";"Colisão com objeto";"Com Vítimas Feridas";"Pleno dia";"Decrescente";"Chuva";"Dupla";"Declive;Reta";"Sim";2;0;1;0;0;1;1;2;-18,87548498;-48,87468901;"SPRF-MG";"DEL15-MG";"UOP03-DEL15-MG"
421454;2022-03-19;"sábado";"05:20:00";"PR";277;439,9;"VIRMOND";"Manobra de mudança de faixa";"Colisão frontal";"Sem Vítimas";"Plena Noite";"Decrescente";"Chuva";"Simples";"Reta";"Não";2;0;0;0;2;0;0;2;-25,37559322;-52,24733498;"SPRF-PR";"DEL04-PR";"UOP02-DEL04-PR"
421455;2022-03-19;"sábado";"02:50:00";"MT";364;33;"ALTO ARAGUAIA";"Condutor Dormindo";"Colisão frontal";"Com Vítimas Fatais";"Plena Noite";"Decrescente";"Ignorado";"Simples";"Reta";"Não";4;1;2;0;0;1;2;3;-17,13834433;-53,43476633;"SPRF-MT";"DEL02-MT";"UOP02-DEL02-MT"
421456;2022-03-19;"sábado";"06:00:00";"MS";158;257;"TRES LAGOAS";"Ausência de reação do condutor";"Saída de leito carroçável";"Com Vítimas Feridas";"Amanhecer";"Crescente";"Céu Claro";"Simples";"Reta";"Não";2;0;1;0;0;2;1;3;-20,69839572;-51,76091656;"SPRF-MS";"DEL07-MS";"UOP01-DEL07-MS"
421458;2022-03-18;"sexta-feira";"21:30:00";"MG";116;787,9;"LEOPOLDINA";"Velocidade Incompatível";"Tombamento";"Com Vítimas Feridas";"Plena Noite";"Decrescente";"Céu Claro";"Simples";"Curva";"Não";2;0;1;0;0;1;1;2;-21,65956391;-42,72605628;"SPRF-MG";"DEL07-MG";"UOP01-DEL07-MG"
421461;2022-03-19;"sábado";"05:45:00";"RJ";101;238;"SILVA JARDIM";"Manobra de mudança de faixa";"Saída de leito carroçável";"Com Vítimas Feridas";"Amanhecer";"Crescente";"Céu Claro";"Dupla";"Reta";"Não";1;0;1;0;0;0;1;1;-22,62072767;-42,41971425;"SPRF-RJ";"DEL02-RJ";"UOP03-DEL02-RJ"
421467;2022-03-19;"sábado";"08:30:00";"PE";232;131;"CARUARU";"Velocidade Incompatível";"Colisão traseira";"Com Vítimas Feridas";"Pleno dia";"Crescente";"Céu Claro";"Dupla";"Reta";"Não";3;0;1;0;2;0;1;2;-8,30117613;-35,99843996;"SPRF-PE";"DEL02-PE";"UOP03-DEL02-PE"
421469;2022-03-19;"sábado";"07:40:00";"PE";101;44;"IGARASSU";"Reação tardia ou ineficiente do condutor";"Colisão traseira";"Com Vítimas Feridas";"Pleno dia";"Crescente";"Céu Claro";"Múltipla";"Reta";"Sim";4;0;0;1;2;1;1;4;-7,85637001;-34,90842109;"SPRF-PE";"DEL01-PE";"UOP02-DEL01-PE"
421474;2022-03-19;"sábado";"04:50:00";"MS";163;91;"ITAQUIRAI";"Ausência de reação do condutor";"Saída de leito carroçável";"Com Vítimas Feridas";"Amanhecer";"Decrescente";"Garoa/Chuvisco";"Simples";"Reta";"Não";2;0;1;0;0;3;1;4;-23,36116304;-54,2147073;"SPRF-MS";"DEL09-MS";"UOP01-DEL09-MS"
421480;2022-03-19;"sábado";"09:04:00";"PR";116;76;"QUATRO BARRAS";"Falta de elemento de contenção que evite a saída do leito carroçável";"Saída de leito carroçável";"Sem Vítimas";"Pleno dia";"Crescente";"Garoa/Chuvisco";"Múltipla";"Reta";"Não";2;0;0;0;1;7;0;8;-25,37737919;-49,04961369;"SPRF-PR";"DEL01-PR";"UOP01-DEL01-PR"
421483;2022-01-29;"sábado";"19:40:00";"PE";232;250;"ARCOVERDE";"Transitar na contramão";"Colisão frontal";"Com Vítimas Fatais";"Plena Noite";"Crescente";"Nublado";"Simples";"Reta";"Sim";4;3;0;0;1;0;0;2;-8,42269348;-37,04650663;"SPRF-PE";"DEL03-PE";"UOP02-DEL03-PE"
421485;2022-03-19;"sábado";"07:00:00";"MG";262;478,8;"BOM DESPACHO";"Entrada inopinada do pedestre";"Atropelamento de Pedestre";"Com Vítimas Feridas";"Pleno dia";"Crescente";"Céu Claro";"Simples";"Reta";"Sim";4;0;0;1;1;2;1;3;-19,78767779;-45,22989387;"SPRF-MG";"DEL08-MG";"UOP03-DEL08-MG"
421486;2022-02-05;"sábado";"12:55:00";"MG";40;514;"RIBEIRAO DAS NEVES";"Velocidade Incompatível";"Engavetamento";"Com Vítimas Feridas";"Pleno dia";"Decrescente";"Nublado";"Dupla";"Reta";"Sim";5;0;1;0;4;0;1;5;-19,80151928;-44,10000333;"SPRF-MG";"DEL01-MG";"UOP02-DEL01-MG"
421488;2022-03-19;"sábado";"09:15:00";"SP";116;215;"GUARULHOS";"Condutor deixou de manter distância do veículo da frente";"Colisão lateral mesmo sentido";"Com Vítimas Feridas";"Pleno dia";"Crescente";"Céu Claro";"Simples";"Reta";"Sim";3;0;1;0;1;1;1;3;-23,44695693;-46,45394103;"SPRF-SP";"DEL01-SP";"UOP01-DEL01-SP"
421491;2022-02-27;"domingo";"01:10:00";"BA";116;775,5;"PLANALTO";"Condutor Dormindo";"Colisão frontal";"Com Vítimas Fatais";"Plena Noite";"Decrescente";"Céu Claro";"Simples";"Reta";"Não";2;1;0;0;1;0;0;2;-14,59057296;-40,43438011;"SPRF-BA";"DEL08-BA";"UOP02-DEL08-BA"
421502;2022-03-19;"sábado";"07:45:00";"SC";470;190;"POUSO REDONDO";"Velocidade Incompatível";"Tombamento";"Com Vítimas Feridas";"Pleno dia";"Decrescente";"Nublado";"Simples";"Curva";"Não";3;0;2;0;0;1;2;2;-27,281504;-50,069775;"SPRF-SC";"DEL04-SC";"UOP02-DEL04-SC"
421505;2022-03-19;"sábado";"09:20:00";"TO";153;488;"PARAISO DO TOCANTINS";"Demais falhas mecânicas ou elétricas";"Incêndio";"Sem Vítimas";"Pleno dia";"Crescente";"Céu Claro";"Simples";"Reta;Declive";"Não";2;0;0;0;1;1;0;2;-10,1095071;-48,87437183;"SPRF-TO";"DEL01-TO";"UOP01-DEL01-TO"
421512;2022-03-19;"sábado";"11:15:00";"MS";163;682;"RIO VERDE DE MATO GROSSO";"Acessar a via sem observar a presença dos outros veículos";"Colisão transversal";"Com Vítimas Feridas";"Pleno dia";"Crescente";"Céu Claro";"Simples";"Reta";"Não";4;0;0;1;2;1;1;3;-18,90701005;-54,84077521;"SPRF-MS";"DEL06-MS";"UOP02-DEL06-MS"
421513;2022-03-19;"sábado";"12:10:00";"MG";381;400,8;"BOM JESUS DO AMPARO";"Reação tardia ou ineficiente do condutor";"Tombamento";"Com Vítimas Fatais";"Pleno dia";"Crescente";"Sol";"Dupla";"Curva";"Sim";3;1;0;0;0;2;0;3;-19,74021885;-43,51724307;"SPRF-MG";"DEL01-MG";"UOP01-DEL01-MG"
421516;2022-03-19;"sábado";"13:40:00";"MG";40;516;"CONTAGEM";"Demais falhas mecânicas ou elétricas";"Incêndio";"Sem Vítimas";"Pleno dia";"Crescente";"Céu Claro";"Dupla";"Reta";"Sim";3;0;0;0;3;0;0;1;-19,81628624;-44,08960124;"SPRF-MG";"DEL01-MG";"UOP02-DEL01-MG"
421518;2022-03-17;"quinta-feira";"13:00:00";"MG";116;123;"ITAOBIM";"Reação tardia ou ineficiente do condutor";"Tombamento";"Com Vítimas Feridas";"Pleno dia";"Crescente";"Céu Claro";"Simples";"Curva";"Não";2;0;1;0;0;1;1;2;-16,62714205;-41,50269872;"SPRF-MG";"DEL11-MG";"UOP02-DEL11-MG"
421522;2022-03-19;"sábado";"12:40:00";"PE";232;4,6;"RECIFE";"Manobra de mudança de faixa";"Atropelamento de Pedestre";"Com Vítimas Feridas";"Pleno dia";"Decrescente";"Céu Claro";"Simples";"Curva";"Não";4;0;1;0;3;0;1;3;-8,064473;-34,936928;"SPRF-PE";"DEL01-PE";"UOP01-DEL01-PE"
421526;2022-03-19;"sábado";"11:15:00";"SC";101;331;"TUBARAO";"Acessar a via sem observar a presença dos outros veículos";"Colisão transversal";"Com Vítimas Feridas";"Pleno dia";"Crescente";"Céu Claro";"Simples";"Interseção de Vias";"Sim";3;0;1;0;2;0;1;2;-28,45567521;-48,9812689;"SPRF-SC";"DEL02-SC";"UOP01-DEL02-SC"
421533;2022-03-19;"sábado";"16:15:00";"SP";381;69;"MAIRIPORA";"Ausência de reação do condutor";"Tombamento";"Com Vítimas Feridas";"Pleno dia";"Decrescente";"Céu Claro";"Múltipla";"Curva";"Não";2;0;1;0;0;1;1;2;-23,34553108;-46,56787903;"SPRF-SP";"DEL03-SP";"UOP01-DEL03-SP"
421539;2022-03-19;"sábado";"17:00:00";"ES";101;118;"SOORETAMA";"Transitar na contramão";"Colisão frontal";"Com Vítimas Feridas";"Pleno dia";"Crescente";"Céu Claro";"Simples";"Reta";"Não";8;0;1;4;2;1;5;5;-19,12750105;-40,06705989;"SPRF-ES";"DEL04-ES";"UOP01-DEL04-ES"
421540;2022-03-19;"sábado";"15:00:00";"MS";163;837;"SONORA";"Ausência de reação do condutor";"Saída de leito carroçável";"Com Vítimas Feridas";"Pleno dia";"Crescente";"Céu Claro";"Dupla";"Reta";"Não";5;0;4;0;0;1;4;2;-17,60027601;-54,74632566;"SPRF-MS";"DEL06-MS";"UOP01-DEL06-MS"
421544;2022-03-19;"sábado";"15:15:00";"MT";163;956;"NOVA SANTA HELENA";"Desrespeitar a preferência no cruzamento";"Colisão lateral sentido oposto";"Sem Vítimas";"Pleno dia";"Decrescente";"Sol";"Simples";"Interseção de Vias;Reta";"Sim";3;0;0;0;2;4;0;6;-10,8491742;-55,1877609;"SPRF-MT";"DEL06-MT";"NPF/DEL06-MT"
421546;2022-03-19;"sábado";"15:57:00";"MG";381;934,3;"EXTREMA";"Velocidade Incompatível";"Tombamento";"Com Vítimas Feridas";"Pleno dia";"Decrescente";"Nublado";"Dupla";"Curva";"Não";2;0;0;1;0;1;1;2;-22,80549588;-46,25964622;"SPRF-MG";"DEL16-MG";"UOP03-DEL16-MG"
421549;2022-03-19;"sábado";"14:10:00";"MG";356;271,6;"MURIAE";"Carga excessiva e/ou mal acondicionada";"Capotamento";"Com Vítimas Feridas";"Pleno dia";"Decrescente";"Céu Claro";"Simples";"Curva";"Não";1;0;1;0;0;0;1;1;-21,13210421;-42,31711942;"SPRF-MG";"DEL07-MG";"UOP02-DEL07-MG"
421551;2022-03-19;"sábado";"15:00:00";"PB";104;186,2;"ALCANTIL";"Velocidade Incompatível";"Tombamento";"Com Vítimas Feridas";"Pleno dia";"Crescente";"Céu Claro";"Simples";"Curva";"Não";1;0;1;0;0;0;1;1;-7,67890361;-36,06349826;"SPRF-PB";"DEL02-PB";"UOP03-DEL02-PB"
421554;2022-03-19;"sábado";"18:15:00";"GO";364;263,5;"MINEIROS";"Ultrapassagem Indevida";"Colisão frontal";"Com Vítimas Fatais";"Anoitecer";"Decrescente";"Céu Claro";"Simples";"Declive;Reta";"Não";7;1;0;4;1;1;4;4;-17,669987;-52,250309;"SPRF-GO";"DEL05-GO";"UOP01-DEL05-GO"
421559;2022-03-19;"sábado";"17:00:00";"TO";153;139;"ARAGUAINA";"Acessar a via sem observar a presença dos outros veículos";"Atropelamento de Pedestre";"Com Vítimas Feridas";"Pleno dia";"Crescente";"Céu Claro";"Dupla";"Reta";"Sim";3;0;1;0;2;0;1;2;-7,16325275;-48,20698926;"SPRF-TO";"DEL02-TO";"UOP01-DEL02-TO"
421564;2022-03-16;"quarta-feira";"05:30:00";"TO";226;26;"PALMEIRAS DO TOCANTINS";"Afundamento ou ondulação no pavimento";"Eventos atípicos";"Com Vítimas Feridas";"Plena Noite";"Decrescente";"Chuva";"Simples";"Reta";"Não";1;0;1;0;0;0;1;1;-6,641345;-47,667072;"SPRF-TO";"DEL02-TO";"UOP03-DEL02-TO"
421568;2022-03-19;"sábado";"19:05:00";"RS";386;35,5;"FREDERICO WESTPHALEN";"Ingestão de álcool pelo condutor";"Colisão frontal";"Com Vítimas Feridas";"Plena Noite";"Decrescente";"Nublado";"Simples";"Declive";"Sim";3;0;1;0;1;1;1;3;-27,373381;-53,39772;"SPRF-RS";"DEL08-RS";"UOP02-DEL08-RS"
421578;2022-03-19;"sábado";"16:00:00";"MG";116;421,6;"GOVERNADOR VALADARES";"Ausência de reação do condutor";"Colisão lateral mesmo sentido";"Com Vítimas Feridas";"Pleno dia";"Crescente";"Céu Claro";"Simples";"Curva";"Não";3;0;0;1;1;1;1;3;-18,93669975;-41,94751431;"SPRF-MG";"DEL06-MG";"UOP01-DEL06-MG"
421581;2022-03-19;"sábado";"15:30:00";"BA";101;624;"MASCOTE";"Velocidade Incompatível";"Saída de leito carroçável";"Com Vítimas Feridas";"Pleno dia";"Decrescente";"Chuva";"Simples";"Curva";"Não";1;0;1;0;0;0;1;1;-15,858785;-39,520394;"SPRF-BA";"DEL05-BA";"UOP02-DEL05-BA"
421586;2022-03-19;"sábado";"10:50:00";"MG";50;6;"ARAGUARI";"Ausência de reação do condutor";"Colisão traseira";"Com Vítimas Feridas";"Pleno dia";"Crescente";"Céu Claro";"Dupla";"Aclive";"Não";3;0;1;0;1;5;1;7;-18,47092796;-48,05101772;"SPRF-MG";"DEL15-MG";"UOP02-DEL15-MG"
421595;2022-03-19;"sábado";"20:40:00";"PR";277;313;"GUARAPUAVA";"Transitar na contramão";"Colisão frontal";"Com Vítimas Fatais";"Plena Noite";"Crescente";"Nublado";"Simples";"Declive";"Não";3;1;0;0;1;2;0;4;-25,31874499;-51,19515521;"SPRF-PR";"DEL08-PR";"UOP01-DEL08-PR"
421606;2022-03-01;"terça-feira";"18:20:00";"PR";163;288;"MARECHAL CANDIDO RONDON";"Acessar a via sem observar a presença dos outros veículos";"Colisão traseira";"Com Vítimas Feridas";"Anoitecer";"Crescente";"Nublado";"Múltipla";"Aclive";"Não";5;0;0;1;1;3;1;4;-24,52090153;-54,06702887;"SPRF-PR";"DEL06-PR";"UOP02-DEL06-PR"
421624;2022-03-19;"sábado";"23:10:00";"SP";116;213,1;"GUARULHOS";"Ausência de reação do condutor";"Colisão traseira";"Com Vítimas Feridas";"Plena Noite";"Decrescente";"Céu Claro";"Múltipla";"Declive";"Sim";5;0;1;0;4;0;1;2;-23,43971486;-46,43667806;"SPRF-SP";"DEL01-SP";"UOP01-DEL01-SP"
421625;2022-03-19;"sábado";"17:10:00";"MG";262;899,9;"CAMPO FLORIDO";"Reação tardia ou ineficiente do condutor";"Tombamento";"Com Vítimas Feridas";"Pleno dia";"Decrescente";"Céu Claro";"Simples";"Rotatória";"Não";2;0;1;0;0;3;1;4;-19,700002;-48,764762;"SPRF-MG";"DEL13-MG";"UOP02-DEL13-MG"
421630;2022-03-19;"sábado";"22:45:00";"MG";381;400,6;"BOM JESUS DO AMPARO";"Velocidade Incompatível";"Colisão frontal";"Com Vítimas Feridas";"Amanhecer";"Crescente";"Céu Claro";"Dupla";"Curva";"Sim";3;0;0;1;1;1;1;3;-19,74862048;-43,49156221;"SPRF-MG";"DEL01-MG";"UOP01-DEL01-MG"
421631;2022-03-19;"sábado";"22:40:00";"SP";116;308;"SAO LOURENCO DA SERRA";"Ausência de reação do condutor";"Tombamento";"Com Vítimas Feridas";"Plena Noite";"Crescente";"Chuva";"Dupla";"Curva";"Sim";1;0;0;1;0;0;1;1;-23,86213995;-46,94718508;"SPRF-SP";"DEL04-SP";"UOP01-DEL04-SP"
421635;2022-03-19;"sábado";"23:50:00";"SE";101;101,9;"SAO CRISTOVAO";"Ingestão de álcool pelo condutor";"Colisão frontal";"Com Vítimas Fatais";"Plena Noite";"Crescente";"Nublado";"Dupla";"Reta";"Não";4;1;0;0;3;0;0;2;-10,94481346;-37,2027868;"SPRF-SE";"DEL02-SE";"UOP01-DEL02-SE"