"id";"data_inversa";"dia_semana";"horario";"uf";"br";"km";"municipio";"causa_acidente";"tipo_acidente";"classificacao_acidente";"fase_dia";"sentido_via";"condicao_metereologica";"tipo_pista";"tracado_via";"uso_solo";"pessoas";"mortos";"feridos_leves";"feridos_graves";"ilesos";"ignorados";"feridos";"veiculos";"latitude";"longitude";"regional";"delegacia";"uop"
423817;2022-03-31;"quinta-feira";"22:00:00";"CE";222;81;"UMIRIM";"Ingestão de álcool pelo condutor";"Colisão frontal";"Com Vítimas Fatais";"Plena Noite";"Decrescente";"Nublado";"Simples";"Reta";"Não";2;1;0;0;1;0;0;2;-3,675722;-39,268305;"SPRF-CE";"DEL04-CE";"UOP03-DEL04-CE"
423819;2022-03-31;"quinta-feira";"18:45:00";"PR";376;488,7;"PONTA GROSSA";"Acessar a via sem observar a presença dos outros veículos";"Colisão transversal";"Sem Vítimas";"Anoitecer";"Crescente";"Garoa/Chuvisco";"Dupla";"Declive";"Sim";3;0;0;0;2;2;0;4;-25,08973532;-50,19600213;"SPRF-PR";"DEL03-PR";"UOP01-DEL03-PR"
423822;2022-03-31;"quinta-feira";"18:00:00";"MT";163;656;"LUCAS DO RIO VERDE";"Reação tardia ou ineficiente do condutor";"Saída de leito carroçável";"Com Vítimas Feridas";"Anoitecer";"Crescente";"Garoa/Chuvisco";"Simples";"Reta";"Não";1;0;1;0;0;0;1;1;-13,328533;-56,05032;"SPRF-MT";"DEL06-MT";"UOP01-DEL06-MT"
423823;2022-03-31;"quinta-feira";"22:00:00";"CE";116;495,1;"BREJO SANTO";"Pista esburacada";"Colisão traseira";"Sem Vítimas";"Plena Noite";"Crescente";"Céu Claro";"Simples";"Reta";"Não";3;0;0;0;2;1;0;3;-7,40167384;-38,96238817;"SPRF-CE";"DEL05-CE";"UOP03-DEL05-CE"
423826;2022-03-31;"quinta-feira";"21:50:00";"MS";163;263,6;"DOURADOS";"Ingestão de álcool pelo condutor";"Colisão traseira";"Com Vítimas Feridas";"Plena Noite";"Decrescente";"Garoa/Chuvisco";"Dupla";"Reta";"Sim";3;0;1;0;1;1;1;3;-22,2316424;-54,7478208;"SPRF-MS";"DEL04-MS";"UOP01-DEL04-MS"
423828;2022-03-31;"quinta-feira";"23:55:00";"SC";470;20;"ILHOTA";"Condutor Dormindo";"Tombamento";"Com Vítimas Feridas";"Plena Noite";"Decrescente";"Garoa/Chuvisco";"Dupla";"Reta";"Não";2;0;1;0;0;1;1;2;-26,870115;-48,820484;"SPRF-SC";"DEL04-SC";"UOP04-DEL04-SC"
423832;2022-04-01;"sexta-feira";"01:00:00";"RS";116;270;"CANOAS";"Carga excessiva e/ou mal acondicionada";"Derramamento de carga";"Com Vítimas Feridas";"Plena Noite";"Decrescente";"Chuva";"Dupla";"Curva";"Sim";4;0;1;0;2;1;1;4;-29,96839095;-51,17623895;"SPRF-RS";"DEL01-RS";"UOP01-DEL01-RS"
423836;2022-04-01;"sexta-feira";"02:30:00";"SP";116;186;"SANTA ISABEL";"Transitar na contramão";"Colisão frontal";"Com Vítimas Feridas";"Plena Noite";"Crescente";"Garoa/Chuvisco";"Dupla";"Aclive";"Não";4;0;1;1;1;1;2;4;-23,35220682;-46,19934905;"SPRF-SP";"DEL01-SP";"UOP01-DEL01-SP"
423839;2022-04-01;"sexta-feira";"03:45:00";"MG";40;527,1;"CONTAGEM";"Pista Escorregadia";"Atropelamento de Pedestre";"Com Vítimas Feridas";"Amanhecer";"Decrescente";"Chuva";"Dupla";"Curva";"Sim";2;0;0;1;1;0;1;2;-19,90149502;-44,04938939;"SPRF-MG";"DEL01-MG";"UOP02-DEL01-MG"
423840;2022-04-01;"sexta-feira";"03:30:00";"MG";381;853,2;"POUSO ALEGRE";"Condutor Dormindo";"Colisão traseira";"Com Vítimas Feridas";"Plena Noite";"Decrescente";"Nublado";"Dupla";"Aclive;Reta";"Não";3;0;1;0;1;1;1;3;-22,25885788;-45,88925207;"SPRF-MG";"DEL16-MG";"UOP01-DEL16-MG"
423841;2022-04-01;"sexta-feira";"03:00:00";"MT";163;826;"SINOP";"Ausência de reação do condutor";"Colisão traseira";"Com Vítimas Fatais";"Plena Noite";"Crescente";"Nublado";"Simples";"Reta";"Sim";4;1;0;0;3;0;0;2;-11,945544;-55,516864;"SPRF-MT";"DEL06-MT";"UOP01-DEL06-MT"
423843;2022-04-01;"sexta-feira";"04:45:00";"SC";101;124;"ITAJAI";"Condutor deixou de manter distância do veículo da frente";"Colisão lateral mesmo sentido";"Com Vítimas Feridas";"Plena Noite";"Decrescente";"Garoa/Chuvisco";"Múltipla";"Curva";"Não";3;0;1;0;1;2;1;4;-26,94335064;-48,69198648;"SPRF-SC";"DEL04-SC";"UOP04-DEL04-SC"
423845;2022-04-01;"sexta-feira";"02:50:00";"MG";381;585,4;"CARMOPOLIS DE MINAS";"Condutor Dormindo";"Saída de leito carroçável";"Com Vítimas Feridas";"Plena Noite";"Decrescente";"Chuva";"Dupla";"Reta";"Não";2;0;1;0;0;1;1;2;-20,519005;-44,622898;"SPRF-MG";"DEL04-MG";"UOP01-DEL04-MG"
423846;2022-04-01;"sexta-feira";"05:45:00";"ES";101;278;"SERRA";"Acessar a via sem observar a presença dos outros veículos";"Colisão transversal";"Com Vítimas Feridas";"Pleno dia";"Crescente";"Céu Claro";"Dupla";"Retorno Regulamentado";"Não";3;0;0;1;1;1;1;3;-20,21698365;-40,32974606;"SPRF-ES";"DEL02-ES";"UOP01-DEL02-ES"
423852;2022-04-01;"sexta-feira";"06:15:00";"SC";101;194;"BIGUACU";"Manobra de mudança de faixa";"Colisão lateral mesmo sentido";"Sem Vítimas";"Amanhecer";"Crescente";"Céu Claro";"Dupla";"Reta";"Sim";2;0;0;0;2;0;0;2;-27,49815117;-48,65661236;"SPRF-SC";"DEL01-SC";"UOP01-DEL01-SC"
423862;2022-04-01;"sexta-feira";"06:00:00";"RJ";393;255;"BARRA DO PIRAI";"Ausência de reação do condutor";"Colisão transversal";"Com Vítimas Feridas";"Amanhecer";"Crescente";"Céu Claro";"Simples";"Curva";"Não";3;0;1;0;1;1;1;3;-22,45028541;-43,7987758;"SPRF-RJ";"DEL05-RJ";"UOP04-DEL05-RJ"
423864;2022-04-01;"sexta-feira";"08:30:00";"SP";116;271;"TABOAO DA SERRA";"Trafegar com motocicleta (ou similar) entre as faixas";"Colisão lateral mesmo sentido";"Com Vítimas Feridas";"Pleno dia";"Decrescente";"Garoa/Chuvisco";"Dupla";"Reta";"Sim";3;0;0;1;2;0;1;3;-23,61809286;-46,80556302;"SPRF-SP";"DEL04-SP";"UOP01-DEL04-SP"
423867;2022-04-01;"sexta-feira";"09:00:00";"ES";101;269;"SERRA";"Condutor desrespeitou a iluminação vermelha do semáforo";"Colisão transversal";"Com Vítimas Feridas";"Pleno dia";"Decrescente";"Céu Claro";"Dupla";"Interseção de Vias";"Sim";2;0;0;1;1;0;1;2;-20,21740496;-40,26990578;"SPRF-ES";"DEL02-ES";"UOP01-DEL02-ES"
423871;2022-04-01;"sexta-feira";"07:40:00";"SP";116;509;"CAJATI";"Reação tardia ou ineficiente do condutor";"Colisão traseira";"Sem Vítimas";"Pleno dia";"Crescente";"Garoa/Chuvisco";"Dupla";"Curva";"Não";3;0;0;0;2;1;0;2;-24,82178987;-48,21419034;"SPRF-SP";"DEL05-SP";"UOP02-DEL05-SP"
423882;2022-02-16;"quarta-feira";"07:20:00";"BA";110;311,1;"ALAGOINHAS";"Restrição de visibilidade em curvas verticais";"Colisão transversal";"Com Vítimas Feridas";"Pleno dia";"Decrescente";"Céu Claro";"Simples";"Curva";"Não";4;0;1;0;3;0;1;2;-12,00087708;-38,36487111;"SPRF-BA";"DEL01-BA";"UOP04-DEL01-BA"
423886;2022-04-01;"sexta-feira";"10:10:00";"MG";381;482;"BETIM";"Ultrapassagem Indevida";"Colisão lateral mesmo sentido";"Com Vítimas Feridas";"Pleno dia";"Crescente";"Céu Claro";"Múltipla";"Reta";"Sim";3;0;0;1;1;2;1;4;-19,96011866;-44,06787872;"SPRF-MG";"DEL01-MG";"UOP03-DEL01-MG"
423887;2022-04-01;"sexta-feira";"09:30:00";"MT";163;851;"SINOP";"Ultrapassagem Indevida";"Colisão frontal";"Com Vítimas Fatais";"Pleno dia";"Decrescente";"Céu Claro";"Simples";"Aclive";"Não";5;1;0;0;3;3;0;6;-11,735;-55,462;"SPRF-MT";"DEL06-MT";"NPF/DEL06-MT"
423888;2022-04-01;"sexta-feira";"10:30:00";"PE";232;172,2;"BELO JARDIM";"Carga excessiva e/ou mal acondicionada";"Derramamento de carga";"Com Vítimas Feridas";"Pleno dia";"Decrescente";"Nublado";"Simples";"Curva;Aclive";"Não";2;0;0;1;1;0;1;2;-8,33854887;-36,360134;"SPRF-PE";"DEL02-PE";"UOP03-DEL02-PE"
423889;2022-04-01;"sexta-feira";"10:25:00";"RS";116;147,4;"CAXIAS DO SUL";"Manobra de mudança de faixa";"Colisão lateral mesmo sentido";"Com Vítimas Feridas";"Pleno dia";"Decrescente";"Céu Claro";"Dupla";"Reta";"Sim";4;0;1;0;3;0;1;3;-29,14908014;-51,1429969;"SPRF-RS";"DEL05-RS";"UOP01-DEL05-RS"
423893;2022-03-18;"sexta-feira";"19:40:00";"BA";110;391;"SAO SEBASTIAO DO PASSE";"Restrição de visibilidade em curvas horizontais";"Colisão lateral sentido oposto";"Com Vítimas Feridas";"Plena Noite";"Crescente";"Céu Claro";"Simples";"Reta;Declive";"Não";4;0;2;1;1;0;3;3;-12,49490638;-38,48751068;"SPRF-BA";"DEL01-BA";"UOP01-DEL01-BA"
423896;2022-04-01;"sexta-feira";"11:50:00";"PE";101;10;"GOIANA";"Curva acentuada";"Tombamento";"Com Vítimas Feridas";"Pleno dia";"Crescente";"Céu Claro";"Dupla";"Retorno Regulamentado";"Não";1;0;1;0;0;0;1;1;-7,58679204;-34,98736241;"SPRF-PE";"DEL01-PE";"UOP02-DEL01-PE"
423897;2022-04-01;"sexta-feira";"11:35:00";"BA";324;624;"SALVADOR";"Condutor deixou de manter distância do veículo da frente";"Colisão traseira";"Com Vítimas Feridas";"Pleno dia";"Decrescente";"Chuva";"Dupla";"Reta";"Sim";2;0;1;0;1;0;1;2;-12,933839;-38,47190701;"SPRF-BA";"DEL01-BA";"UOP01-DEL01-BA"
423901;2022-02-17;"quinta-feira";"08:50:00";"MT";163;748;"SORRISO";"Acumulo de água sobre o pavimento";"Colisão lateral mesmo sentido";"Com Vítimas Feridas";"Pleno dia";"Crescente";"Chuva";"Dupla";"Reta";"Sim";7;0;2;0;4;1;2;5;-12,68767697;-55,80144603;"SPRF-MT";"DEL06-MT";"UOP01-DEL06-MT"
423902;2022-04-01;"sexta-feira";"12:15:00";"MG";40;749,2;"SANTOS DUMONT";"Velocidade Incompatível";"Colisão frontal";"Com Vítimas Fatais";"Pleno dia";"Crescente";"Chuva";"Simples";"Curva";"Não";4;1;0;1;1;1;1;3;-21,447874;-43,55738803;"SPRF-MG";"DEL05-MG";"UOP01-DEL05-MG"
423911;2022-04-01;"sexta-feira";"13:10:00";"RS";285;257,7;"GENTIL";"Acessar a via sem observar a presença dos outros veículos";"Colisão transversal";"Sem Vítimas";"Pleno dia";"Crescente";"Sol";"Simples";"Interseção de Vias";"Não";3;0;0;0;2;1;0;3;-28,30319047;-52,04790115;"SPRF-RS";"DEL08-RS";"UOP03-DEL08-RS"
423913;2022-04-01;"sexta-feira";"14:15:00";"PE";408;73,9;"PAUDALHO";"Pedestre andava na pista";"Atropelamento de Pedestre";"Sem Vítimas";"Pleno dia";"Decrescente";"Céu Claro";"Dupla";"Reta;Declive";"Sim";3;0;0;0;1;3;0;4;-7,897951;-35,172841;"SPRF-PE";"DEL01-PE";"UOP01-DEL01-PE"
423914;2022-04-01;"sexta-feira";"13:40:00";"MG";262;593,7;"CAMPOS ALTOS";"Pista Escorregadia";"Saída de leito carroçável";"Com Vítimas Feridas";"Pleno dia";"Decrescente";"Garoa/Chuvisco";"Simples";"Curva";"Não";2;0;1;0;0;1;1;2;-19,6581073;-46,1769104;"SPRF-MG";"DEL08-MG";"UOP02-DEL08-MG"
423918;2022-03-13;"domingo";"17:20:00";"BA";101;724,5;"EUNAPOLIS";"Velocidade Incompatível";"Tombamento";"Com Vítimas Feridas";"Pleno dia";"Crescente";"Céu Claro";"Simples";"Curva";"Não";2;0;0;1;0;1;1;2;-16,42299533;-39,58382607;"SPRF-BA";"DEL09-BA";"UOP01-DEL09-BA"
423919;2022-04-01;"sexta-feira";"14:30:00";"ES";101;405;"CACHOEIRO DE ITAPEMIRIM";"Ultrapassagem Indevida";"Colisão lateral mesmo sentido";"Com Vítimas Feridas";"Pleno dia";"Decrescente";"Céu Claro";"Simples";"Declive";"Não";4;0;1;0;2;2;1;4;-20,90045516;-41,01499799;"SPRF-ES";"DEL03-ES";"UOP02-DEL03-ES"
423920;2022-04-01;"sexta-feira";"12:22:00";"SC";280;26,9;"ARAQUARI";"Demais falhas mecânicas ou elétricas";"Colisão com objeto";"Com Vítimas Feridas";"Pleno dia";"Decrescente";"Céu Claro";"Simples";"Reta";"Sim";3;0;0;2;1;0;2;2;-26,38972308;-48,73411593;"SPRF-SC";"DEL03-SC";"UOP03-DEL03-SC"
423921;2022-04-01;"sexta-feira";"13:30:00";"BA";20;123;"SAO DESIDERIO";"Pista em desnível";"Tombamento";"Sem Vítimas";"Pleno dia";"Decrescente";"Sol";"Simples";"Reta";"Não";2;0;0;0;1;3;0;4;-12,90833;-45,97694;"SPRF-BA";"DEL10-BA";"UOP01-DEL10-BA"
423924;2022-04-01;"sexta-feira";"12:15:00";"PR";376;293;"MAUA DA SERRA";"Velocidade Incompatível";"Tombamento";"Com Vítimas Feridas";"Pleno dia";"Decrescente";"Céu Claro";"Dupla";"Reta;Declive";"Não";2;0;0;1;0;1;1;2;-23,90435466;-51,20936215;"SPRF-PR";"DEL07-PR";"UOP02-DEL07-PR"
423926;2022-04-01;"sexta-feira";"15:00:00";"SC";470;62,9;"INDAIAL";"Conversão proibida";"Colisão lateral mesmo sentido";"Com Vítimas Feridas";"Pleno dia";"Decrescente";"Nublado";"Simples";"Reta";"Não";2;0;1;0;1;0;1;2;-26,874521;-49,182938;"SPRF-SC";"DEL04-SC";"UOP01-DEL04-SC"
423927;2022-04-01;"sexta-feira";"14:30:00";"MT";364;210;"RONDONOPOLIS";"Velocidade Incompatível";"Eventos atípicos";"Com Vítimas Feridas";"Pleno dia";"Decrescente";"Nublado";"Dupla";"Retorno Regulamentado";"Sim";2;0;0;1;0;1;1;2;-16,42143011;-54,70251745;"SPRF-MT";"DEL02-MT";"UOP01-DEL02-MT"
423930;2022-04-01;"sexta-feira";"15:00:00";"MG";116;518,4;"UBAPORANGA";"Demais falhas mecânicas ou elétricas";"Saída de leito carroçável";"Com Vítimas Feridas";"Pleno dia";"Crescente";"Céu Claro";"Simples";"Curva";"Não";1;0;1;0;0;0;1;1;-19,71038379;-42,12370706;"SPRF-MG";"DEL06-MG";"UOP02-DEL06-MG"
423933;2022-04-01;"sexta-feira";"12:55:00";"GO";153;238;"SAO LUIZ DO NORTE";"Ausência de reação do condutor";"Engavetamento";"Com Vítimas Feridas";"Pleno dia";"Decrescente";"Céu Claro";"Simples";"Reta";"Não";3;0;1;0;2;0;1;3;-14,824224;-49,299973;"SPRF-GO";"DEL07-GO";"UOP02-DEL07-GO"
423936;2022-02-11;"sexta-feira";"22:00:00";"PR";116;0,3;"CAMPINA GRANDE DO SUL";"Carga excessiva e/ou mal acondicionada";"Colisão com objeto";"Com Vítimas Feridas";"Plena Noite";"Crescente";"Céu Claro";"Múltipla";"Curva";"Não";2;0;1;0;0;2;1;3;-25,0604;-48,562973;"SPRF-PR";"DEL01-PR";"UOP02-DEL01-PR"
423940;2022-04-01;"sexta-feira";"16:40:00";"MT";158;694;"BARRA DO GARCAS";"Acostamento em desnível";"Saída de leito carroçável";"Com Vítimas Feridas";"Pleno dia";"Crescente";"Céu Claro";"Simples";"Curva";"Não";3;0;2;0;0;2;2;3;-15,01554555;-52,25278151;"SPRF-MT";"DEL07-MT";"UOP01-DEL07-MT"
423941;2022-04-01;"sexta-feira";"17:20:00";"ES";259;100,4;"BAIXO GUANDU";"Ausência de reação do condutor";"Queda de ocupante de veículo";"Com Vítimas Feridas";"Anoitecer";"Crescente";"Céu Claro";"Simples";"Reta";"Sim";2;0;0;1;1;0;1;2;-19,51441295;-40,99560702;"SPRF-ES";"DEL02-ES";"UOP01-DEL02-ES"
423950;2022-04-01;"sexta-feira";"16:30:00";"SP";116;509;"CAJATI";"Pista Escorregadia";"Colisão lateral mesmo sentido";"Com Vítimas Feridas";"Pleno dia";"Crescente";"Garoa/Chuvisco";"Dupla";"Curva";"Não";2;0;1;0;0;1;1;2;-24,82178987;-48,21419034;"SPRF-SP";"DEL05-SP";"UOP02-DEL05-SP"
423959;2022-04-01;"sexta-feira";"17:43:00";"MS";262;738;"CORUMBA";"Acessar a via sem observar a presença dos outros veículos";"Colisão transversal";"Com Vítimas Feridas";"Anoitecer";"Decrescente";"Céu Claro";"Simples";"Reta";"Não";6;0;3;0;2;1;3;3;-19,3191561;-57,59128541;"SPRF-MS";"DEL03-MS";"UOP03-DEL03-MS"
423962;2022-04-01;"sexta-feira";"18:50:00";"RJ";116;107;"GUAPIMIRIM";"Pedestre cruzava a pista fora da faixa";"Atropelamento de Pedestre";"Com Vítimas Feridas";"Plena Noite";"Crescente";"Chuva";"Dupla";"Reta";"Sim";2;0;0;1;1;0;1;2;-22,52826187;-42,99737551;"SPRF-RJ";"DEL04-RJ";"UOP01-DEL04-RJ"
423963;2022-04-01;"sexta-feira";"18:00:00";"PR";376;187,3;"MARIALVA";"Condutor deixou de manter distância do veículo da frente";"Colisão traseira";"Com Vítimas Feridas";"Anoitecer";"Crescente";"Chuva";"Dupla";"Reta";"Sim";5;0;1;0;3;3;1;7;-23,46141044;-51,83659926;"SPRF-PR";"DEL09-PR";"UOP01-DEL09-PR"
423975;2022-04-01;"sexta-feira";"10:30:00";"RS";116;89,6;"CAMPESTRE DA SERRA";"Problema com o freio";"Saída de leito carroçável";"Com Vítimas Feridas";"Pleno dia";"Crescente";"Sol";"Simples";"Reta";"Não";3;0;2;0;1;0;2;1;-28,859407;-51,124808;"SPRF-RS";"DEL05-RS";"UOP03-DEL05-RS"
423984;2022-04-01;"sexta-feira";"20:15:00";"RS";472;571,7;"URUGUAIANA";"Ingestão de álcool pelo condutor";"Colisão frontal";"Com Vítimas Fatais";"Plena Noite";"Decrescente";"Céu Claro";"Simples";"Reta";"Sim";6;1;0;0;1;4;0;4;-29,767026;-57,022626;"SPRF-RS";"DEL13-RS";"UOP01-DEL13-RS"
423994;2022-04-01;"sexta-feira";"19:56:00";"PB";230;24;"JOAO PESSOA";"Acessar a via sem observar a presença dos outros veículos";"Colisão lateral mesmo sentido";"Com Vítimas Fatais";"Plena Noite";"Decrescente";"Céu Claro";"Dupla";"Interseção de Vias;Reta";"Sim";4;1;1;0;1;2;1;4;-7,1637;-34,8618;"SPRF-PB";"DEL01-PB";"UOP01-DEL01-PB"
423999;2022-04-01;"sexta-feira";"17:35:00";"GO";364;6;"SAO SIMAO";"Ingestão de álcool pelo condutor";"Tombamento";"Sem Vítimas";"Pleno dia";"Crescente";"Céu Claro";"Dupla";"Curva";"Não";2;0;0;0;1;2;0;3;-19,014099;-50,542088;"SPRF-GO";"DEL05-GO";"UOP02-DEL05-GO"
424002;2022-04-01;"sexta-feira";"07:30:00";"PI";135;542,8;"SAO GONCALO DO GURGUEIA";"Reação tardia ou ineficiente do condutor";"Saída de leito carroçável";"Com Vítimas Feridas";"Pleno dia";"Decrescente";"Chuva";"Simples";"Curva";"Não";2;0;1;0;1;0;1;1;-10,05360804;-45,28336399;"SPRF-PI";"DEL03-PI";"UOP02-DEL03-PI"
424003;2022-04-01;"sexta-feira";"19:30:00";"MG";381;525,5;"BRUMADINHO";"Velocidade Incompatível";"Colisão com objeto";"Com Vítimas Feridas";"Plena Noite";"Crescente";"Céu Claro";"Dupla";"Curva;Declive";"Não";1;0;1;0;0;0;1;1;-20,16710798;-44,33422398;"SPRF-MG";"DEL04-MG";"UOP03-DEL04-MG"
424004;2022-04-01;"sexta-feira";"20:10:00";"MG";381;932;"EXTREMA";"Ausência de reação do condutor";"Colisão com objeto";"Com Vítimas Feridas";"Plena Noite";"Crescente";"Céu Claro";"Dupla";"Reta";"Não";2;0;1;0;0;1;1;2;-22,79467581;-46,25314062;"SPRF-MG";"DEL16-MG";"UOP03-DEL16-MG"
424005;2022-04-01;"sexta-feira";"20:50:00";"SC";282;257;"SAO JOSE DO CERRITO";"Velocidade Incompatível";"Tombamento";"Com Vítimas Feridas";"Plena Noite";"Decrescente";"Chuva";"Simples";"Curva";"Não";1;0;1;0;0;0;1;1;-27,65554323;-50,59642576;"SPRF-SC";"DEL05-SC";"UOP02-DEL05-SC"
424008;2022-04-01;"sexta-feira";"18:50:00";"RO";435;35,2;"VILHENA";"Ultrapassagem Indevida";"Colisão traseira";"Com Vítimas Feridas";"Plena Noite";"Crescente";"Céu Claro";"Simples";"Declive";"Não";6;0;1;0;5;0;1;3;-12,84736708;-60,37897271;"SPRF-RO";"DEL04-RO";"UOP02-DEL04-RO"
424012;2022-04-01;"sexta-feira";"22:30:00";"PI";316;5,6;"TERESINA";"Transitar na contramão";"Colisão lateral sentido oposto";"Sem Vítimas";"Plena Noite";"Decrescente";"Chuva";"Múltipla";"Declive";"Sim";2;0;0;0;1;1;0;2;-5,14169858;-42,78157276;"SPRF-PI";"DEL01-PI";"UOP02-DEL01-PI"
424028;2022-04-02;"sábado";"00:00:00";"RS";116;447,6;"CRISTAL";"Condutor Dormindo";"Saída de leito carroçável";"Com Vítimas Feridas";"Plena Noite";"Decrescente";"Céu Claro";"Dupla";"Reta";"Não";1;0;1;0;0;0;1;1;-31,16835709;-52,02887634;"SPRF-RS";"DEL02-RS";"UOP02-DEL02-RS"
424031;2022-04-01;"sexta-feira";"23:30:00";"TO";230;101;"SAO BENTO DO TOCANTINS";"Transitar na contramão";"Colisão frontal";"Com Vítimas Fatais";"Plena Noite";"Crescente";"Céu Claro";"Simples";"Reta";"Não";3;1;0;0;1;1;0;3;-5,97089966;-47,88028847;"SPRF-TO";"DEL02-TO";"UOP03-DEL02-TO"
424033;2022-04-02;"sábado";"01:45:00";"ES";101;101,8;"JAGUARE";"Condutor Dormindo";"Saída de leito carroçável";"Com Vítimas Feridas";"Plena Noite";"Crescente";"Céu Claro";"Simples";"Ponte";"Não";2;0;1;1;0;0;2;1;-18,98833904;-39,99933491;"SPRF-ES";"DEL04-ES";"UOP01-DEL04-ES"
424038;2022-04-02;"sábado";"02:40:00";"MG";381;874;"ESTIVA";"Velocidade Incompatível";"Saída de leito carroçável";"Com Vítimas Feridas";"Plena Noite";"Crescente";"Céu Claro";"Dupla";"Declive";"Não";2;0;1;0;0;1;1;2;-22,41377298;-45,9621424;"SPRF-MG";"DEL16-MG";"UOP01-DEL16-MG"
424044;2022-04-02;"sábado";"02:50:00";"PR";376;494;"PONTA GROSSA";"Velocidade Incompatível";"Colisão traseira";"Sem Vítimas";"Plena Noite";"Decrescente";"Nublado";"Dupla";"Reta";"Sim";3;0;0;0;2;1;0;3;-25,16566955;-50,11640967;"SPRF-PR";"DEL03-PR";"UOP01-DEL03-PR"
424045;2022-04-02;"sábado";"00:10:00";"BA";116;921;"ENCRUZILHADA";"Reação tardia ou ineficiente do condutor";"Colisão com objeto";"Sem Vítimas";"Plena Noite";"Decrescente";"Céu Claro";"Simples";"Curva";"Não";3;0;0;0;2;2;0;4;-15,60716557;-41,28258705;"SPRF-BA";"DEL08-BA";"UOP03-DEL08-BA"
424049;2022-04-02;"sábado";"02:00:00";"AL";316;253;"PILAR";"Condutor Dormindo";"Saída de leito carroçável";"Com Vítimas Feridas";"Plena Noite";"Crescente";"Chuva";"Simples";"Reta";"Sim";1;0;1;0;0;0;1;1;-9,57899213;-35,96164121;"SPRF-AL";"DEL02-AL";"UOP01-DEL02-AL"
424050;2022-04-02;"sábado";"04:08:00";"SC";470;59;"BLUMENAU";"Ultrapassagem Indevida";"Colisão frontal";"Com Vítimas Feridas";"Plena Noite";"Decrescente";"Chuva";"Simples";"Reta";"Sim";3;0;1;2;0;0;3;2;-26,882812;-49,1548;"SPRF-SC";"DEL04-SC";"UOP01-DEL04-SC"
424051;2022-04-02;"sábado";"01:00:00";"AP";156;583;"CALCOENE";"Curva acentuada";"Saída de leito carroçável";"Com Vítimas Fatais";"Plena Noite";"Crescente";"Nevoeiro/Neblina";"Simples";"Curva";"Não";2;1;0;0;0;1;0;2;2,31961104;-50,96727105;"SPRF-AP";"DEL01-AP";"UOP02-DEL01-AP"
424053;2022-04-01;"sexta-feira";"21:20:00";"CE";20;212,5;"BOA VIAGEM";"Problema na suspensão";"Tombamento";"Sem Vítimas";"Plena Noite";"Decrescente";"Nublado";"Simples";"Reta";"Não";1;0;0;0;1;0;0;1;-5,0613452;-39,6947276;"SPRF-CE";"DEL02-CE";"UOP02-DEL02-CE"
424055;2022-04-02;"sábado";"03:00:00";"BA";101;676;"ITAGIMIRIM";"Velocidade Incompatível";"Saída de leito carroçável";"Com Vítimas Feridas";"Plena Noite";"Decrescente";"Céu Claro";"Simples";"Curva";"Não";1;0;1;0;0;0;1;1;-16,03638911;-39,60933924;"SPRF-BA";"DEL09-BA";"UOP01-DEL09-BA"
424057;2022-04-01;"sexta-feira";"19:15:00";"RJ";356;42;"ITAPERUNA";"Reação tardia ou ineficiente do condutor";"Colisão traseira";"Com Vítimas Feridas";"Plena Noite";"Crescente";"Nublado";"Simples";"Aclive";"Não";3;0;2;0;1;0;2;2;-21,21473437;-41,83388826;"SPRF-RJ";"DEL08-RJ";"UOP03-DEL08-RJ"
424059;2022-04-02;"sábado";"05:30:00";"MG";381;352;"JOAO MONLEVADE";"Condutor Dormindo";"Colisão frontal";"Com Vítimas Feridas";"Amanhecer";"Crescente";"Céu Claro";"Simples";"Curva";"Não";2;0;2;0;0;0;2;2;-19,84644336;-43,16611234;"SPRF-MG";"DEL03-MG";"UOP01-DEL03-MG"
424061;2022-04-02;"sábado";"05:30:00";"ES";101;297;"VIANA";"Reação tardia ou ineficiente do condutor";"Colisão traseira";"Com Vítimas Feridas";"Amanhecer";"Crescente";"Céu Claro";"Dupla";"Reta";"Sim";4;0;0;1;2;1;1;4;-20,34529844;-40,41026774;"SPRF-ES";"DEL01-ES";"UOP01-DEL01-ES"
424063;2022-04-02;"sábado";"04:15:00";"SC";282;403;"JOACABA";"Condutor Dormindo";"Colisão lateral sentido oposto";"Com Vítimas Feridas";"Plena Noite";"Decrescente";"Céu Claro";"Simples";"Curva";"Não";6;0;2;1;2;1;3;3;-27,108929;-51,635838;"SPRF-SC";"DEL07-SC";"UOP05-DEL07-SC"
424064;2022-04-02;"sábado";"05:57:00";"PR";376;651;"TIJUCAS DO SUL";"Reação tardia ou ineficiente do condutor";"Colisão lateral mesmo sentido";"Com Vítimas Feridas";"Pleno dia";"Decrescente";"Nublado";"Dupla";"Curva";"Não";2;0;1;0;0;1;1;2;-25,8461583;-49,068884;"SPRF-PR";"DEL01-PR";"UOP04-DEL01-PR"
424065;2022-04-02;"sábado";"06:10:00";"SP";116;180;"GUARAREMA";"Reação tardia ou ineficiente do condutor";"Colisão traseira";"Com Vítimas Feridas";"Amanhecer";"Crescente";"Céu Claro";"Múltipla";"Reta";"Não";2;0;1;0;0;1;1;2;-23,336372;-46,14513;"SPRF-SP";"DEL01-SP";"UOP01-DEL01-SP"
424066;2022-04-02;"sábado";"05:45:00";"MS";163;697;"RIO VERDE DE MATO GROSSO";"Condutor Dormindo";"Saída de leito carroçável";"Com Vítimas Feridas";"Amanhecer";"Decrescente";"Nublado";"Dupla";"Aclive";"Não";2;0;1;0;0;2;1;3;-18,78267807;-54,82820046;"SPRF-MS";"DEL06-MS";"UOP01-DEL06-MS"