"id";"data_inversa";"dia_semana";"horario";"uf";"br";"km";"municipio";"causa_acidente";"tipo_acidente";"classificacao_acidente";"fase_dia";"sentido_via";"condicao_metereologica";"tipo_pista";"tracado_via";"uso_solo";"pessoas";"mortos";"feridos_leves";"feridos_graves";"ilesos";"ignorados";"feridos";"veiculos";"latitude";"longitude";"regional";"delegacia";"uop"
424474;2022-04-03;"domingo";"20:20:00";"MG";381;719;"CARMO DA CACHOEIRA";"Transitar no acostamento";"Colisão lateral mesmo sentido";"Com Vítimas Feridas";"Plena Noite";"Crescente";"Nublado";"Dupla";"Curva";"Não";3;0;1;0;1;1;1;3;-21,45321803;-45,21174621;"SPRF-MG";"DEL04-MG";"UOP02-DEL04-MG"
424476;2022-04-03;"domingo";"15:40:00";"RO";364;591;"ITAPUA DO OESTE";"Ingestão de álcool pelo condutor";"Saída de leito carroçável";"Sem Vítimas";"Pleno dia";"Decrescente";"Céu Claro";"Simples";"Reta";"Não";4;0;0;0;1;4;0;4;-9,30121192;-63,15106772;"SPRF-RO";"DEL01-RO";"UOP04-DEL01-RO"
424477;2022-04-04;"segunda-feira";"00:35:00";"GO";40;6;"VALPARAISO DE GOIAS";"Condutor Dormindo";"Engavetamento";"Com Vítimas Feridas";"Plena Noite";"Decrescente";"Céu Claro";"Dupla";"Reta";"Sim";3;0;1;0;1;1;1;3;-16,093134;-47,982236;"SPRF-DF";"DEL01-DF";"UOP01-DEL01-DF"
424478;2022-04-04;"segunda-feira";"00:00:00";"RN";406;133,6;"TAIPU";"Ingestão de álcool pelo condutor";"Saída de leito carroçável";"Sem Vítimas";"Plena Noite";"Decrescente";"Chuva";"Simples";"Reta";"Sim";2;0;0;0;0;2;0;2;-5,64868806;-35,58205808;"SPRF-RN";"DEL02-RN";"UOP01-DEL02-RN"
424487;2022-04-03;"domingo";"16:10:00";"SC";282;510,8;"XANXERE";"Condutor deixou de manter distância do veículo da frente";"Colisão traseira";"Sem Vítimas";"Pleno dia";"Decrescente";"Céu Claro";"Simples";"Reta";"Não";3;0;0;0;2;1;0;3;-26,897114;-52,463585;"SPRF-SC";"DEL07-SC";"UOP01-DEL07-SC"
424488;2022-04-04;"segunda-feira";"04:25:00";"ES";101;396,5;"RIO NOVO DO SUL";"Ausência de reação do condutor";"Saída de leito carroçável";"Com Vítimas Feridas";"Plena Noite";"Crescente";"Chuva";"Simples";"Curva";"Não";1;0;1;0;0;0;1;1;-20,868874;-40,94103;"SPRF-ES";"DEL03-ES";"UOP02-DEL03-ES"
424489;2022-04-04;"segunda-feira";"03:20:00";"MS";262;504,1;"ANASTACIO";"Pedestre andava na pista";"Atropelamento de Pedestre";"Com Vítimas Fatais";"Plena Noite";"Crescente";"Céu Claro";"Simples";"Reta";"Não";2;1;0;0;0;1;0;2;-20,48812287;-55,94510593;"SPRF-MS";"DEL03-MS";"UOP01-DEL03-MS"
424496;2022-04-04;"segunda-feira";"01:00:00";"PE";232;529;"SALGUEIRO";"Ausência de reação do condutor";"Colisão traseira";"Com Vítimas Feridas";"Plena Noite";"Decrescente";"Céu Claro";"Simples";"Reta";"Não";3;0;0;1;1;1;1;3;-8,0741993;-39,30457709;"SPRF-PE";"DEL05-PE";"UOP01-DEL05-PE"
424508;2022-04-04;"segunda-feira";"07:50:00";"GO";153;494,2;"GOIANIA";"Condutor deixou de manter distância do veículo da frente";"Engavetamento";"Com Vítimas Feridas";"Pleno dia";"Crescente";"Céu Claro";"Dupla";"Reta";"Sim";4;0;2;0;2;0;2;3;-16,655173;-49,218056;"SPRF-GO";"DEL01-GO";"UOP01-DEL01-GO"
424513;2022-04-04;"segunda-feira";"06:30:00";"SP";381;73,9;"SAO PAULO";"Demais falhas mecânicas ou elétricas";"Incêndio";"Sem Vítimas";"Pleno dia";"Decrescente";"Céu Claro";"Dupla";"Reta";"Não";1;0;0;0;1;0;0;1;-23,36553404;-46,55253934;"SPRF-SP";"DEL03-SP";"UOP01-DEL03-SP"
424519;2022-04-04;"segunda-feira";"07:20:00";"MS";163;486;"CAMPO GRANDE";"Transitar na contramão";"Colisão lateral sentido oposto";"Sem Vítimas";"Pleno dia";"Decrescente";"Céu Claro";"Simples";"Reta";"Sim";3;0;0;0;1;2;0;3;-20,4336361;-54,54376745;"SPRF-MS";"DEL01-MS";"UOP02-DEL01-MS"
424530;2022-04-04;"segunda-feira";"08:30:00";"RS";386;296,3;"POUSO NOVO";"Reação tardia ou ineficiente do condutor";"Tombamento";"Com Vítimas Feridas";"Pleno dia";"Crescente";"Nevoeiro/Neblina";"Simples";"Curva";"Não";2;0;1;0;0;1;1;2;-29,136362;-52,24575;"SPRF-RS";"DEL04-RS";"UOP01-DEL04-RS"
424531;2022-04-04;"segunda-feira";"08:00:00";"PE";232;22,3;"MORENO";"Reação tardia ou ineficiente do condutor";"Saída de leito carroçável";"Com Vítimas Feridas";"Pleno dia";"Crescente";"Céu Claro";"Dupla";"Reta";"Não";1;0;1;0;0;0;1;1;-8,097586;-35,091036;"SPRF-PE";"DEL01-PE";"UOP01-DEL01-PE"
424538;2022-04-04;"segunda-feira";"08:30:00";"RJ";101;244;"SILVA JARDIM";"Reação tardia ou ineficiente do condutor";"Tombamento";"Com Vítimas Feridas";"Pleno dia";"Decrescente";"Sol";"Dupla";"Curva";"Não";2;0;1;0;0;1;1;2;-22,64063219;-42,47356596;"SPRF-RJ";"DEL02-RJ";"UOP03-DEL02-RJ"
424544;2022-04-04;"segunda-feira";"06:10:00";"TO";153;465,3;"BARROLANDIA";"Condutor Dormindo";"Tombamento";"Com Vítimas Feridas";"Pleno dia";"Decrescente";"Céu Claro";"Dupla";"Curva";"Não";2;0;1;0;0;2;1;3;-9,957962;-48,74406002;"SPRF-TO";"DEL01-TO";"UOP01-DEL01-TO"
424547;2022-04-04;"segunda-feira";"09:40:00";"MG";381;482,9;"BETIM";"Velocidade Incompatível";"Tombamento";"Com Vítimas Feridas";"Pleno dia";"Crescente";"Céu Claro";"Dupla";"Curva";"Sim";2;0;0;1;0;1;1;2;-19,955532;-44,097209;"SPRF-MG";"DEL01-MG";"UOP03-DEL01-MG"
424556;2022-04-04;"segunda-feira";"10:00:00";"MS";163;724;"COXIM";"Demais falhas mecânicas ou elétricas";"Incêndio";"Sem Vítimas";"Pleno dia";"Crescente";"Céu Claro";"Simples";"Reta";"Não";2;0;0;0;1;1;0;2;-18,56046808;-54,75517984;"SPRF-MS";"DEL06-MS";"UOP01-DEL06-MS"
424564;2022-04-04;"segunda-feira";"10:40:00";"CE";20;428;"FORTALEZA";"Manobra de mudança de faixa";"Colisão traseira";"Com Vítimas Feridas";"Pleno dia";"Decrescente";"Céu Claro";"Dupla";"Reta";"Sim";3;0;0;1;1;1;1;3;-3,76999035;-38,67006282;"SPRF-CE";"DEL01-CE";"UOP02-DEL01-CE"
424566;2022-04-04;"segunda-feira";"12:20:00";"RS";290;261,8;"CACHOEIRA DO SUL";"Acessar a via sem observar a presença dos outros veículos";"Colisão transversal";"Com Vítimas Feridas";"Pleno dia";"Decrescente";"Sol";"Simples";"Rotatória";"Sim";3;0;1;1;1;0;2;2;-30,261528;-52,835316;"SPRF-RS";"DEL02-RS";"UOP03-DEL02-RS"
424569;2022-04-04;"segunda-feira";"10:50:00";"MA";135;7;"SAO LUIS";"Entrada inopinada do pedestre";"Atropelamento de Pedestre";"Com Vítimas Feridas";"Pleno dia";"Decrescente";"Nublado";"Dupla";"Retorno Regulamentado;Interseção de Vias;Reta";"Sim";2;0;0;1;1;0;1;2;-2,63608835;-44,26848552;"SPRF-MA";"DEL01-MA";"UOP01-DEL01-MA"
424572;2022-04-04;"segunda-feira";"13:00:00";"BA";110;397;"SAO SEBASTIAO DO PASSE";"Acostamento em desnível";"Colisão transversal";"Com Vítimas Feridas";"Pleno dia";"Crescente";"Nublado";"Simples";"Reta";"Não";3;0;1;0;2;0;1;3;-12,50766107;-38,49626949;"SPRF-BA";"DEL01-BA";"UOP01-DEL01-BA"
424574;2022-04-04;"segunda-feira";"09:00:00";"MG";262;466;"BOM DESPACHO";"Velocidade Incompatível";"Saída de leito carroçável";"Com Vítimas Feridas";"Pleno dia";"Crescente";"Céu Claro";"Simples";"Aclive";"Não";2;0;1;0;0;1;1;2;-19,80696129;-45,12497507;"SPRF-MG";"DEL08-MG";"UOP03-DEL08-MG"
424578;2022-04-04;"segunda-feira";"11:00:00";"PR";467;80,2;"CASCAVEL";"Velocidade Incompatível";"Saída de leito carroçável";"Com Vítimas Feridas";"Pleno dia";"Decrescente";"Chuva";"Dupla";"Reta;Declive";"Não";6;0;5;0;0;2;5;5;-24,7875;-53,6778;"SPRF-PR";"DEL04-PR";"UOP01-DEL04-PR"
424580;2022-04-04;"segunda-feira";"12:53:00";"BA";116;417;"FEIRA DE SANTANA";"Velocidade Incompatível";"Colisão com objeto";"Sem Vítimas";"Pleno dia";"Crescente";"Chuva";"Múltipla";"Reta;Declive";"Sim";1;0;0;0;1;0;0;1;-12,1907063;-38,9653143;"SPRF-BA";"DEL02-BA";"UOP01-DEL02-BA"
424587;2022-02-11;"sexta-feira";"11:20:00";"PI";135;39;"JERUMENHA";"Ausência de sinalização";"Colisão transversal";"Com Vítimas Feridas";"Pleno dia";"Decrescente";"Céu Claro";"Simples";"Curva";"Não";3;0;1;1;1;0;2;2;-7,08070637;-43,49540949;"SPRF-PI";"DEL03-PI";"UOP01-DEL03-PI"
424589;2022-04-04;"segunda-feira";"11:00:00";"RS";392;132;"CANGUCU";"Acostamento em desnível";"Saída de leito carroçável";"Sem Vítimas";"Pleno dia";"Crescente";"Nublado";"Simples";"Aclive;Reta";"Não";3;0;0;0;2;1;0;2;-31,31385203;-52,76725603;"SPRF-RS";"DEL07-RS";"UOP01-DEL07-RS"
424594;2022-02-12;"sábado";"16:00:00";"PI";230;12;"FRONTEIRAS";"Curva acentuada";"Queda de ocupante de veículo";"Com Vítimas Fatais";"Pleno dia";"Crescente";"Chuva";"Simples";"Curva";"Não";2;1;0;0;0;1;0;1;-7,0839016;-40,56483109;"SPRF-PI";"DEL04-PI";"UOP03-DEL04-PI"
424597;2022-03-28;"segunda-feira";"23:30:00";"PR";277;369;"GUARAPUAVA";"Reação tardia ou ineficiente do condutor";"Tombamento";"Com Vítimas Feridas";"Plena Noite";"Crescente";"Céu Claro";"Dupla";"Curva";"Não";2;0;1;0;1;0;1;1;-25,40684126;-51,68449402;"SPRF-PR";"DEL08-PR";"UOP01-DEL08-PR"
424603;2022-04-04;"segunda-feira";"12:50:00";"SC";280;188;"MAFRA";"Velocidade Incompatível";"Colisão frontal";"Com Vítimas Feridas";"Pleno dia";"Crescente";"Chuva";"Simples";"Curva";"Não";3;0;2;0;0;1;2;3;-26,17143885;-49,9631671;"SPRF-SC";"DEL06-SC";"UOP01-DEL06-SC"
424609;2022-04-04;"segunda-feira";"17:25:00";"RS";285;337;"CARAZINHO";"Frear bruscamente";"Colisão lateral sentido oposto";"Sem Vítimas";"Anoitecer";"Decrescente";"Chuva";"Simples";"Curva";"Não";3;0;0;0;2;2;0;4;-28,318346;-52,769249;"SPRF-RS";"DEL08-RS";"UOP03-DEL08-RS"
424620;2022-04-04;"segunda-feira";"19:12:00";"CE";222;149;"IRAUCUBA";"Desrespeitar a preferência no cruzamento";"Colisão transversal";"Com Vítimas Feridas";"Plena Noite";"Decrescente";"Nublado";"Simples";"Reta";"Sim";13;0;1;0;11;1;1;3;-3,74640881;-39,79199952;"SPRF-CE";"DEL04-CE";"UOP03-DEL04-CE"
424630;2022-04-04;"segunda-feira";"19:30:00";"SP";153;22;"NOVA GRANADA";"Deficiência do Sistema de Iluminação/Sinalização";"Colisão traseira";"Sem Vítimas";"Plena Noite";"Decrescente";"Nublado";"Simples";"Reta";"Não";3;0;0;0;2;1;0;3;-20,476847;-49,296506;"SPRF-SP";"DEL09-SP";"UOP01-DEL09-SP"
424634;2022-02-22;"terça-feira";"17:40:00";"AL";101;58,2;"FLEXEIRAS";"Carga excessiva e/ou mal acondicionada";"Tombamento";"Com Vítimas Feridas";"Anoitecer";"Decrescente";"Céu Claro";"Dupla";"Curva";"Não";2;0;1;0;0;1;1;2;-9,28118542;-35,80114257;"SPRF-AL";"DEL01-AL";"UOP02-DEL01-AL"
424638;2022-04-04;"segunda-feira";"21:30:00";"GO";153;543,2;"HIDROLANDIA";"Declive acentuado";"Tombamento";"Com Vítimas Feridas";"Plena Noite";"Crescente";"Céu Claro";"Dupla";"Aclive";"Não";2;0;0;1;0;1;1;2;-17,0814;-49,2246;"SPRF-GO";"DEL01-GO";"UOP03-DEL01-GO"
424646;2022-04-04;"segunda-feira";"21:20:00";"SC";470;129,3;"LONTRAS";"Pedestre andava na pista";"Atropelamento de Pedestre";"Com Vítimas Fatais";"Plena Noite";"Decrescente";"Nublado";"Simples";"Reta";"Não";3;1;0;0;0;2;0;2;-27,151358;-49,556393;"SPRF-SC";"DEL04-SC";"UOP02-DEL04-SC"
424647;2022-04-04;"segunda-feira";"22:00:00";"PE";407;121;"PETROLINA";"Demais falhas mecânicas ou elétricas";"Saída de leito carroçável";"Com Vítimas Feridas";"Plena Noite";"Decrescente";"Céu Claro";"Simples";"Reta";"Não";7;0;2;0;5;0;2;1;-9,34588493;-40,55509788;"SPRF-PE";"DEL06-PE";"UOP01-DEL06-PE"
424648;2022-04-04;"segunda-feira";"11:40:00";"MA";222;524,5;"BURITICUPU";"Transitar na contramão";"Colisão frontal";"Com Vítimas Fatais";"Pleno dia";"Decrescente";"Sol";"Simples";"Aclive";"Sim";4;1;0;0;2;1;0;3;-4,33048787;-46,43497079;"SPRF-MA";"DEL02-MA";"UOP01-DEL02-MA"
424649;2022-04-04;"segunda-feira";"22:35:00";"PR";476;127;"CURITIBA";"Reação tardia ou ineficiente do condutor";"Colisão traseira";"Sem Vítimas";"Plena Noite";"Decrescente";"Nublado";"Múltipla";"Curva;Aclive";"Sim";4;0;0;0;3;1;0;3;-25,425167;-49,227158;"SPRF-PR";"DEL01-PR";"UOP03-DEL01-PR"
424651;2022-04-04;"segunda-feira";"22:40:00";"PR";116;126;"CURITIBA";"Manobra de mudança de faixa";"Colisão lateral mesmo sentido";"Com Vítimas Feridas";"Plena Noite";"Decrescente";"Nublado";"Dupla";"Reta";"Sim";3;0;1;0;2;0;1;3;-25,63722607;-49,31312453;"SPRF-PR";"DEL01-PR";"UOP03-DEL01-PR"
424652;2022-04-04;"segunda-feira";"23:40:00";"MG";50;136;"UBERABA";"Condutor Dormindo";"Saída de leito carroçável";"Com Vítimas Feridas";"Plena Noite";"Crescente";"Céu Claro";"Dupla";"Reta";"Não";2;0;1;0;0;1;1;2;-19,44189098;-48,06412595;"SPRF-MG";"DEL13-MG";"UOP01-DEL13-MG"
424654;2022-04-04;"segunda-feira";"23:00:00";"PR";277;316;"GUARAPUAVA";"Reação tardia ou ineficiente do condutor";"Saída de leito carroçável";"Sem Vítimas";"Plena Noite";"Crescente";"Nevoeiro/Neblina";"Simples";"Aclive";"Não";2;0;0;0;1;2;0;3;-25,32249285;-51,21639846;"SPRF-PR";"DEL08-PR";"UOP01-DEL08-PR"
424657;2022-04-05;"terça-feira";"01:10:00";"RS";101;50,2;"TERRA DE AREIA";"Condutor deixou de manter distância do veículo da frente";"Colisão traseira";"Com Vítimas Feridas";"Plena Noite";"Crescente";"Nublado";"Dupla";"Reta";"Não";3;0;0;1;1;1;1;3;-29,6073248;-50,08588627;"SPRF-RS";"DEL03-RS";"UOP02-DEL03-RS"
424658;2022-04-05;"terça-feira";"00:30:00";"GO";153;585;"PROFESSOR JAMIL";"Condutor Dormindo";"Saída de leito carroçável";"Com Vítimas Feridas";"Plena Noite";"Crescente";"Céu Claro";"Dupla";"Declive";"Não";1;0;1;0;0;0;1;1;-17,4253;-49,2278;"SPRF-GO";"DEL03-GO";"UOP01-DEL03-GO"
424659;2022-04-04;"segunda-feira";"23:30:00";"SC";101;276,4;"IMBITUBA";"Ausência de reação do condutor";"Colisão traseira";"Com Vítimas Feridas";"Plena Noite";"Decrescente";"Garoa/Chuvisco";"Múltipla";"Reta;Aclive";"Sim";3;0;1;0;1;3;1;5;-28,14856388;-48,69185871;"SPRF-SC";"DEL02-SC";"UOP03-DEL02-SC"
424662;2022-04-05;"terça-feira";"03:10:00";"PR";376;680;"GUARATUBA";"Velocidade Incompatível";"Incêndio";"Sem Vítimas";"Plena Noite";"Crescente";"Nublado";"Dupla";"Reta";"Não";2;0;0;0;1;2;0;3;-25,95815;-48,900978;"SPRF-PR";"DEL01-PR";"UOP04-DEL01-PR"
424664;2022-04-05;"terça-feira";"04:40:00";"PE";232;412,6;"SERRA TALHADA";"Ingestão de álcool pelo condutor";"Colisão frontal";"Com Vítimas Feridas";"Amanhecer";"Crescente";"Nublado";"Simples";"Ponte";"Sim";2;0;1;0;1;0;1;2;-7,98377927;-38,3208774;"SPRF-PE";"DEL04-PE";"UOP01-DEL04-PE"
424667;2022-04-05;"terça-feira";"05:35:00";"MS";262;397;"TERENOS";"Ausência de reação do condutor";"Colisão lateral sentido oposto";"Com Vítimas Feridas";"Amanhecer";"Crescente";"Céu Claro";"Simples";"Reta";"Não";3;0;1;0;1;6;1;8;-20,42263188;-54,99214199;"SPRF-MS";"DEL01-MS";"UOP03-DEL01-MS"
424668;2022-04-05;"terça-feira";"06:25:00";"ES";101;200;"JOAO NEIVA";"Transitar na contramão";"Colisão lateral sentido oposto";"Com Vítimas Feridas";"Pleno dia";"Decrescente";"Céu Claro";"Simples";"Reta";"Não";4;0;0;1;3;0;1;2;-19,72573895;-40,35645808;"SPRF-ES";"DEL04-ES";"UOP01-DEL04-ES"
424677;2022-04-05;"terça-feira";"01:10:00";"PR";476;285;"SAO MATEUS DO SUL";"Neblina";"Colisão frontal";"Com Vítimas Feridas";"Plena Noite";"Crescente";"Nevoeiro/Neblina";"Simples";"Reta";"Não";4;0;1;1;1;1;2;4;-25,907349;-50,444057;"SPRF-PR";"DEL02-PR";"UOP04-DEL02-PR"
424685;2022-04-05;"terça-feira";"07:40:00";"SP";116;513;"CAJATI";"Reação tardia ou ineficiente do condutor";"Tombamento";"Com Vítimas Feridas";"Pleno dia";"Decrescente";"Nublado";"Simples";"Curva";"Não";2;0;0;1;0;1;1;2;-24,85739101;-48,21238518;"SPRF-SP";"DEL05-SP";"UOP02-DEL05-SP"
424687;2022-04-05;"terça-feira";"08:25:00";"MG";50;169;"UBERABA";"Reação tardia ou ineficiente do condutor";"Colisão traseira";"Com Vítimas Feridas";"Pleno dia";"Crescente";"Céu Claro";"Dupla";"Declive";"Sim";2;0;1;0;0;1;1;2;-19,72771598;-47,98120608;"SPRF-MG";"DEL13-MG";"UOP01-DEL13-MG"
424690;2022-02-26;"sábado";"07:30:00";"PR";277;265,2;"IRATI";"Transitar na contramão";"Colisão frontal";"Com Vítimas Feridas";"Pleno dia";"Crescente";"Céu Claro";"Simples";"Reta";"Não";6;0;2;2;1;1;4;3;-25,38927667;-50,82348531;"SPRF-PR";"DEL03-PR";"UOP03-DEL03-PR"
424691;2022-01-03;"segunda-feira";"08:30:00";"ES";101;337,6;"GUARAPARI";"Ultrapassagem Indevida";"Colisão lateral sentido oposto";"Com Vítimas Feridas";"Pleno dia";"Crescente";"Nublado";"Simples";"Curva";"Não";4;0;0;1;2;1;1;4;-20,63965191;-40,54600954;"SPRF-ES";"DEL03-ES";"UOP01-DEL03-ES"
424698;2022-04-05;"terça-feira";"08:20:00";"DF";60;5;"BRASILIA";"Reação tardia ou ineficiente do condutor";"Colisão lateral mesmo sentido";"Com Vítimas Feridas";"Pleno dia";"Crescente";"Céu Claro";"Dupla";"Reta";"Sim";2;0;1;0;1;0;1;2;-15,895438;-48,104771;"SPRF-DF";"DEL03-DF";"UOP01-DEL03-DF"
424700;2022-04-05;"terça-feira";"08:45:00";"PR";376;662;"TIJUCAS DO SUL";"Reação tardia ou ineficiente do condutor";"Colisão traseira";"Com Vítimas Feridas";"Pleno dia";"Decrescente";"Nublado";"Dupla";"Reta;Declive";"Não";4;0;1;0;2;1;1;3;-25,8546345;-48,98523394;"SPRF-PR";"DEL01-PR";"UOP04-DEL01-PR"
424703;2022-04-05;"terça-feira";"09:10:00";"DF";251;6,7;"BRASILIA";"Desrespeitar a preferência no cruzamento";"Colisão transversal";"Sem Vítimas";"Pleno dia";"Decrescente";"Céu Claro";"Simples";"Interseção de Vias";"Não";2;0;0;0;2;0;0;2;-15,999959;-47,557232;"SPRF-DF";"DEL01-DF";"UOP01-DEL01-DF"
424704;2022-04-05;"terça-feira";"08:05:00";"RS";158;563;"SANTANA DO LIVRAMENTO";"Desrespeitar a preferência no cruzamento";"Colisão transversal";"Com Vítimas Feridas";"Pleno dia";"Crescente";"Nublado";"Simples";"Interseção de Vias";"Sim";2;0;1;0;1;0;1;2;-30,85825681;-55,50158858;"SPRF-RS";"DEL11-RS";"UOP01-DEL11-RS"
424706;2022-04-05;"terça-feira";"10:00:00";"BA";324;620;"SALVADOR";"Manobra de mudança de faixa";"Colisão lateral mesmo sentido";"Com Vítimas Feridas";"Pleno dia";"Crescente";"Céu Claro";"Múltipla";"Reta";"Não";5;0;2;0;2;1;2;3;-12,90482172;-38,45556535;"SPRF-BA";"DEL01-BA";"UOP01-DEL01-BA"
424708;2022-04-05;"terça-feira";"09:30:00";"ES";262;127,9;"CONCEICAO DO CASTELO";"Ultrapassagem Indevida";"Tombamento";"Com Vítimas Feridas";"Pleno dia";"Crescente";"Céu Claro";"Simples";"Reta";"Não";1;0;0;1;0;0;1;1;-20,26652925;-41,2723576;"SPRF-ES";"DEL01-ES";"UOP02-DEL01-ES"
424713;2022-04-05;"terça-feira";"11:00:00";"MG";381;478;"CONTAGEM";"Ausência de reação do condutor";"Colisão lateral mesmo sentido";"Com Vítimas Feridas";"Pleno dia";"Decrescente";"Céu Claro";"Dupla";"Reta";"Sim";5;0;1;0;3;1;1;4;-19,95826094;-44,05921101;"SPRF-MG";"DEL01-MG";"UOP03-DEL01-MG"
424717;2022-04-05;"terça-feira";"11:10:00";"ES";101;278,2;"SERRA";"Reação tardia ou ineficiente do condutor";"Colisão com objeto";"Com Vítimas Feridas";"Pleno dia";"Decrescente";"Céu Claro";"Dupla";"Reta";"Não";2;0;1;0;1;0;1;1;-20,21698365;-40,32974606;"SPRF-ES";"DEL02-ES";"UOP01-DEL02-ES"
424722;2022-04-05;"terça-feira";"11:30:00";"SC";101;144;"ITAPEMA";"Condutor deixou de manter distância do veículo da frente";"Colisão traseira";"Com Vítimas Feridas";"Pleno dia";"Crescente";"Céu Claro";"Dupla";"Reta";"Sim";4;0;1;0;3;0;1;4;-27,0732659;-48,59672716;"SPRF-SC";"DEL04-SC";"UOP03-DEL04-SC"
424723;2022-03-17;"quinta-feira";"10:05:00";"BA";324;518;"FEIRA DE SANTANA";"Acumulo de areia ou detritos sobre o pavimento";"Queda de ocupante de veículo";"Com Vítimas Feridas";"Pleno dia";"Decrescente";"Céu Claro";"Dupla";"Reta";"Sim";2;0;0;1;1;0;1;2;-12,258195;-38,932182;"SPRF-BA";"DEL02-BA";"UOP01-DEL02-BA"
424734;2022-04-05;"terça-feira";"11:15:00";"PR";116;101,5;"SAO JOSE DOS PINHAIS";"Demais falhas mecânicas ou elétricas";"Queda de ocupante de veículo";"Com Vítimas Feridas";"Pleno dia";"Decrescente";"Nublado";"Simples";"Declive;Curva";"Não";1;0;1;0;0;0;1;1;-25,54167701;-49,1509368;"SPRF-PR";"DEL01-PR";"UOP01-DEL01-PR"
424736;2022-04-05;"terça-feira";"12:45:00";"PR";373;182;"PONTA GROSSA";"Acessar a via sem observar a presença dos outros veículos";"Colisão transversal";"Sem Vítimas";"Pleno dia";"Decrescente";"Céu Claro";"Dupla";"Curva";"Sim";4;0;0;0;3;2;0;5;-25,04193864;-50,26741587;"SPRF-PR";"DEL03-PR";"UOP01-DEL03-PR"
424741;2022-04-01;"sexta-feira";"18:25:00";"MT";70;740;"CACERES";"Acostamento em desnível";"Saída de leito carroçável";"Com Vítimas Feridas";"Plena Noite";"Decrescente";"Céu Claro";"Simples";"Reta";"Não";1;0;1;0;0;0;1;1;-16,09855199;-57,67812596;"SPRF-MT";"DEL03-MT";"UOP01-DEL03-MT"
424748;2022-04-05;"terça-feira";"11:40:00";"MT";163;654;"LUCAS DO RIO VERDE";"Condutor deixou de manter distância do veículo da frente";"Colisão traseira";"Com Vítimas Feridas";"Pleno dia";"Crescente";"Céu Claro";"Simples";"Reta";"Não";7;0;3;0;3;9;3;14;-13,45010491;-56,08339868;"SPRF-MT";"DEL06-MT";"UOP01-DEL06-MT"
424765;2022-04-05;"terça-feira";"15:50:00";"MG";50;158,6;"UBERABA";"Reação tardia ou ineficiente do condutor";"Saída de leito carroçável";"Com Vítimas Feridas";"Pleno dia";"Decrescente";"Céu Claro";"Dupla";"Declive";"Não";2;0;1;0;0;1;1;2;-19,6422782;-48,00903852;"SPRF-MG";"DEL13-MG";"UOP01-DEL13-MG"
424767;2022-04-05;"terça-feira";"07:20:00";"SP";116;504;"CAJATI";"Reação tardia ou ineficiente do condutor";"Colisão traseira";"Com Vítimas Feridas";"Pleno dia";"Crescente";"Garoa/Chuvisco";"Múltipla";"Curva";"Não";3;0;2;0;0;1;2;2;-24,78266496;-48,20865858;"SPRF-SP";"DEL05-SP";"UOP02-DEL05-SP"
424773;2022-04-05;"terça-feira";"15:50:00";"RJ";116;178;"NOVA IGUACU";"Condutor deixou de manter distância do veículo da frente";"Colisão traseira";"Com Vítimas Feridas";"Pleno dia";"Decrescente";"Nublado";"Dupla";"Reta";"Sim";6;0;2;0;3;1;2;3;-22,77496393;-43,40081465;"SPRF-RJ";"DEL01-RJ";"UOP02-DEL01-RJ"
424776;2022-04-05;"terça-feira";"16:40:00";"MG";381;878,3;"ESTIVA";"Ausência de reação do condutor";"Colisão traseira";"Sem Vítimas";"Pleno dia";"Crescente";"Nublado";"Dupla";"Reta";"Não";2;0;0;0;2;0;0;2;-22,49086793;-46,01107952;"SPRF-MG";"DEL16-MG";"UOP01-DEL16-MG"
424783;2022-04-05;"terça-feira";"13:20:00";"BA";110;196;"RIBEIRA DO AMPARO";"Condutor Dormindo";"Tombamento";"Com Vítimas Feridas";"Pleno dia";"Decrescente";"Céu Claro";"Simples";"Reta";"Não";2;0;1;0;0;1;1;2;-11,07455998;-38,51024186;"SPRF-BA";"DEL07-BA";"UOP02-DEL07-BA"
424784;2022-04-05;"terça-feira";"17:30:00";"MS";376;160,9;"NOVA ANDRADINA";"Condutor usando celular";"Colisão frontal";"Com Vítimas Fatais";"Anoitecer";"Crescente";"Céu Claro";"Simples";"Aclive;Reta";"Não";3;1;1;0;0;2;1;4;-22,33443362;-53,48355211;"SPRF-MS";"DEL04-MS";"UOP04-DEL04-MS"
424785;2022-04-05;"terça-feira";"17:05:00";"MG";50;32;"ARAGUARI";"Velocidade Incompatível";"Colisão traseira";"Com Vítimas Feridas";"Pleno dia";"Crescente";"Céu Claro";"Dupla";"Reta";"Não";14;0;11;0;2;2;11;4;-18,63251728;-48,11918755;"SPRF-MG";"DEL15-MG";"UOP02-DEL15-MG"
424787;2022-04-05;"terça-feira";"17:30:00";"GO";414;224;"NIQUELANDIA";"Transitar na contramão";"Colisão lateral mesmo sentido";"Com Vítimas Fatais";"Anoitecer";"Crescente";"Céu Claro";"Simples";"Curva";"Não";3;1;0;0;2;0;0;3;-14,60071202;-48,58363387;"SPRF-GO";"DEL07-GO";"UOP02-DEL07-GO"
424788;2022-04-05;"terça-feira";"18:25:00";"SC";101;435;"SOMBRIO";"Ausência de reação do condutor";"Colisão lateral mesmo sentido";"Com Vítimas Feridas";"Plena Noite";"Crescente";"Céu Claro";"Dupla";"Reta";"Sim";2;0;0;1;1;0;1;2;-29,09949414;-49,63480552;"SPRF-SC";"DEL02-SC";"UOP02-DEL02-SC"