"id";"data_inversa";"dia_semana";"horario";"uf";"br";"km";"municipio";"causa_acidente";"tipo_acidente";"classificacao_acidente";"fase_dia";"sentido_via";"condicao_metereologica";"tipo_pista";"tracado_via";"uso_solo";"pessoas";"mortos";"feridos_leves";"feridos_graves";"ilesos";"ignorados";"feridos";"veiculos";"latitude";"longitude";"regional";"delegacia";"uop"
424791;2022-04-05;"terça-feira";"19:10:00";"SC";101;464;"PASSO DE TORRES";"Acessar a via sem observar a presença dos outros veículos";"Colisão lateral mesmo sentido";"Com Vítimas Feridas";"Plena Noite";"Decrescente";"Céu Claro";"Dupla";"Curva";"Sim";3;0;1;0;1;1;1;3;-29,29019213;-49,75878382;"SPRF-RS";"DEL03-RS";"UOP02-DEL03-RS"
424795;2022-04-05;"terça-feira";"14:45:00";"PR";153;151,2;"VENTANIA";"Condutor Dormindo";"Colisão frontal";"Com Vítimas Feridas";"Pleno dia";"Decrescente";"Céu Claro";"Simples";"Curva";"Não";3;0;1;0;1;1;1;3;-24,16532611;-50,22197682;"SPRF-PR";"DEL07-PR";"UOP04-DEL07-PR"
424797;2022-04-05;"terça-feira";"19:15:00";"PR";158;535,2;"PATO BRANCO";"Ingestão de álcool e/ou substâncias psicoativas pelo pedestre";"Colisão frontal";"Sem Vítimas";"Plena Noite";"Decrescente";"Céu Claro";"Simples";"Reta";"Sim";2;0;0;0;1;1;0;2;-26,23547098;-52,69066504;"SPRF-PR";"DEL02-PR";"UOP01-DEL02-PR"
424798;2022-04-05;"terça-feira";"19:40:00";"PR";116;49;"CAMPINA GRANDE DO SUL";"Obstrução na via";"Saída de leito carroçável";"Com Vítimas Feridas";"Plena Noite";"Decrescente";"Nublado";"Dupla";"Reta";"Não";2;0;1;0;1;0;1;2;-25,22582814;-48,90686554;"SPRF-PR";"DEL01-PR";"UOP02-DEL01-PR"
424809;2022-04-05;"terça-feira";"20:15:00";"GO";40;4,6;"VALPARAISO DE GOIAS";"Ingestão de álcool pelo condutor";"Colisão lateral mesmo sentido";"Com Vítimas Feridas";"Plena Noite";"Crescente";"Céu Claro";"Dupla";"Reta";"Sim";4;0;1;0;3;0;1;3;-16,09062662;-47,983895;"SPRF-DF";"DEL01-DF";"UOP01-DEL01-DF"
424814;2022-04-05;"terça-feira";"19:25:00";"SC";101;133;"BALNEARIO CAMBORIU";"Acessar a via sem observar a presença dos outros veículos";"Colisão lateral mesmo sentido";"Sem Vítimas";"Pleno dia";"Crescente";"Céu Claro";"Dupla";"Reta";"Não";3;0;0;0;2;1;0;3;-26,99936;-48,64609;"SPRF-SC";"DEL04-SC";"UOP03-DEL04-SC"
424816;2022-04-05;"terça-feira";"14:00:00";"MT";163;849;"SINOP";"Ingestão de álcool pelo condutor";"Tombamento";"Com Vítimas Feridas";"Pleno dia";"Decrescente";"Chuva";"Simples";"Reta";"Sim";2;0;1;0;0;3;1;4;-11,86411498;-55,49593209;"SPRF-MT";"DEL06-MT";"NPF/DEL06-MT"
424817;2022-04-05;"terça-feira";"17:20:00";"PR";376;234;"SERTANOPOLIS";"Condutor deixou de manter distância do veículo da frente";"Colisão traseira";"Com Vítimas Feridas";"Pleno dia";"Decrescente";"Céu Claro";"Dupla";"Aclive";"Não";2;0;0;1;1;0;1;2;-23;-51;"SPRF-PR";"DEL07-PR";"UOP02-DEL07-PR"
424819;2022-04-05;"terça-feira";"21:10:00";"RS";392;130,5;"CANGUCU";"Condutor Dormindo";"Saída de leito carroçável";"Com Vítimas Feridas";"Plena Noite";"Decrescente";"Céu Claro";"Simples";"Reta";"Não";2;0;1;0;0;1;1;2;-31,32694422;-52,75280519;"SPRF-RS";"DEL07-RS";"UOP01-DEL07-RS"
424825;2022-04-05;"terça-feira";"20:20:00";"MG";365;2,5;"MONTES CLAROS";"Demais falhas mecânicas ou elétricas";"Incêndio";"Sem Vítimas";"Plena Noite";"Decrescente";"Céu Claro";"Simples";"Reta";"Não";2;0;0;0;1;1;0;2;-16,72627608;-43,88021191;"SPRF-MG";"DEL12-MG";"UOP01-DEL12-MG"
424826;2022-04-05;"terça-feira";"22:40:00";"RJ";116;2;"SAPUCAIA";"Condutor Dormindo";"Saída de leito carroçável";"Com Vítimas Fatais";"Plena Noite";"Decrescente";"Céu Claro";"Simples";"Reta";"Sim";1;1;0;0;0;0;0;1;-21,879488;-42,681053;"SPRF-RJ";"DEL05-RJ";"UOP01-DEL05-RJ"
424827;2022-04-05;"terça-feira";"22:51:00";"PE";101;19,2;"GOIANA";"Demais falhas mecânicas ou elétricas";"Incêndio";"Com Vítimas Feridas";"Plena Noite";"Crescente";"Céu Claro";"Dupla";"Reta";"Não";1;0;0;1;0;0;1;1;-7,65403379;-34,94408281;"SPRF-PE";"DEL01-PE";"UOP02-DEL01-PE"
424835;2022-04-06;"quarta-feira";"00:15:00";"SP";116;34,9;"CACHOEIRA PAULISTA";"Reação tardia ou ineficiente do condutor";"Colisão traseira";"Com Vítimas Feridas";"Plena Noite";"Decrescente";"Céu Claro";"Dupla";"Aclive";"Não";2;0;0;1;1;0;1;2;-22,65447396;-44,95940103;"SPRF-SP";"DEL08-SP";"UOP02-DEL08-SP"
424836;2022-04-05;"terça-feira";"21:30:00";"SC";116;49;"PAPANDUVA";"Acessar a via sem observar a presença dos outros veículos";"Colisão transversal";"Com Vítimas Feridas";"Plena Noite";"Decrescente";"Céu Claro";"Simples";"Reta";"Não";6;0;1;0;4;1;1;3;-26,37076692;-50,1256021;"SPRF-SC";"DEL06-SC";"UOP01-DEL06-SC"
424844;2022-04-06;"quarta-feira";"05:10:00";"BA";324;363;"CAPIM GROSSO";"Neblina";"Colisão traseira";"Sem Vítimas";"Amanhecer";"Crescente";"Céu Claro";"Simples";"Reta";"Não";2;0;0;0;2;0;0;2;-11,40454347;-39,9434602;"SPRF-BA";"DEL04-BA";"UOP02-DEL04-BA"
424847;2022-04-06;"quarta-feira";"05:50:00";"MG";381;767,3;"CAMPANHA";"Ausência de reação do condutor";"Saída de leito carroçável";"Com Vítimas Feridas";"Amanhecer";"Crescente";"Céu Claro";"Dupla";"Curva";"Não";1;0;1;0;0;0;1;1;-21,76799733;-45,42028285;"SPRF-MG";"DEL16-MG";"UOP02-DEL16-MG"
424855;2022-04-06;"quarta-feira";"07:10:00";"PR";116;40;"CAMPINA GRANDE DO SUL";"Avarias e/ou desgaste excessivo no pneu";"Saída de leito carroçável";"Sem Vítimas";"Amanhecer";"Decrescente";"Nublado";"Dupla";"Curva";"Não";2;0;0;0;1;1;0;2;-25,16445203;-48,86237697;"SPRF-PR";"DEL01-PR";"UOP02-DEL01-PR"
424861;2022-03-17;"quinta-feira";"10:00:00";"RO";364;680;"CANDEIAS DO JAMARI";"Ultrapassagem Indevida";"Tombamento";"Com Vítimas Feridas";"Anoitecer";"Decrescente";"Céu Claro";"Simples";"Reta";"Não";1;0;1;0;0;0;1;1;-8,7856782;-63,58829598;"SPRF-RO";"DEL01-RO";"UOP01-DEL01-RO"
424863;2022-04-06;"quarta-feira";"08:15:00";"MG";251;486,7;"FRANCISCO SA";"Condutor Dormindo";"Colisão lateral sentido oposto";"Com Vítimas Feridas";"Pleno dia";"Crescente";"Céu Claro";"Simples";"Reta";"Não";3;0;0;1;1;1;1;3;-16,51237466;-43,55209223;"SPRF-MG";"DEL12-MG";"UOP01-DEL12-MG"
424869;2022-02-12;"sábado";"22:00:00";"PA";230;1127;"ITAITUBA";"Velocidade Incompatível";"Saída de leito carroçável";"Com Vítimas Feridas";"Plena Noite";"Crescente";"Ignorado";"Simples";"Curva";"Não";4;0;1;0;2;3;1;4;-4,39393493;-55,89491498;"SPRF-PA";"DEL05-PA";"UOP01-DEL05-PA"
424878;2022-04-06;"quarta-feira";"09:05:00";"SP";116;387;"MIRACATU";"Ausência de reação do condutor";"Saída de leito carroçável";"Com Vítimas Feridas";"Pleno dia";"Decrescente";"Céu Claro";"Dupla";"Reta";"Sim";2;0;1;0;0;1;1;2;-24,26558971;-47,38858809;"SPRF-SP";"DEL04-SP";"UOP02-DEL04-SP"
424879;2022-04-06;"quarta-feira";"08:30:00";"PR";153;16;"JACAREZINHO";"Velocidade Incompatível";"Tombamento";"Sem Vítimas";"Pleno dia";"Crescente";"Céu Claro";"Simples";"Curva";"Não";3;0;0;0;2;2;0;4;-23,1274917;-49,94481434;"SPRF-PR";"DEL07-PR";"UOP04-DEL07-PR"
424881;2022-04-06;"quarta-feira";"09:40:00";"PR";376;620;"SAO JOSE DOS PINHAIS";"Manobra de mudança de faixa";"Colisão traseira";"Com Vítimas Feridas";"Pleno dia";"Decrescente";"Céu Claro";"Dupla";"Reta";"Não";3;0;1;0;1;1;1;3;-25,60925907;-49,17205834;"SPRF-PR";"DEL01-PR";"UOP04-DEL01-PR"
424884;2022-04-04;"segunda-feira";"23:50:00";"MG";251;264;"SANTA CRUZ DE SALINAS";"Ausência de reação do condutor";"Saída de leito carroçável";"Com Vítimas Feridas";"Plena Noite";"Decrescente";"Céu Claro";"Simples";"Curva";"Não";2;0;1;0;0;2;1;3;-16,01419;-41,904741;"SPRF-MG";"DEL11-MG";"UOP02-DEL11-MG"
424885;2022-04-06;"quarta-feira";"10:30:00";"SC";282;35,3;"AGUAS MORNAS";"Demais falhas mecânicas ou elétricas";"Colisão lateral sentido oposto";"Com Vítimas Feridas";"Pleno dia";"Crescente";"Nublado";"Simples";"Curva";"Não";4;0;1;0;2;1;1;3;-27,702084;-48,826664;"SPRF-SC";"DEL01-SC";"UOP03-DEL01-SC"
424892;2022-04-06;"quarta-feira";"10:30:00";"PE";101;45,7;"IGARASSU";"Reação tardia ou ineficiente do condutor";"Colisão com objeto";"Com Vítimas Feridas";"Pleno dia";"Decrescente";"Nublado";"Múltipla";"Declive";"Sim";2;0;1;0;1;0;1;1;-7,86521297;-34,90715176;"SPRF-PE";"DEL01-PE";"UOP02-DEL01-PE"
424893;2022-04-06;"quarta-feira";"08:40:00";"BA";101;440;"UBAITABA";"Demais falhas mecânicas ou elétricas";"Colisão frontal";"Com Vítimas Feridas";"Pleno dia";"Decrescente";"Céu Claro";"Simples";"Reta";"Não";3;0;2;0;1;0;2;2;-14,27959753;-39,32712123;"SPRF-BA";"DEL05-BA";"UOP01-DEL05-BA"
424894;2022-04-06;"quarta-feira";"11:45:00";"CE";20;204;"BOA VIAGEM";"Reação tardia ou ineficiente do condutor";"Colisão frontal";"Com Vítimas Fatais";"Pleno dia";"Crescente";"Nublado";"Simples";"Reta";"Sim";2;1;0;0;1;0;0;2;-5,12155025;-39,73264757;"SPRF-CE";"DEL02-CE";"UOP02-DEL02-CE"
424895;2022-04-06;"quarta-feira";"11:40:00";"SP";116;33,5;"CRUZEIRO";"Reação tardia ou ineficiente do condutor";"Tombamento";"Com Vítimas Fatais";"Pleno dia";"Crescente";"Nublado";"Dupla";"Curva";"Não";2;1;0;0;0;1;0;2;-22,64775685;-44,95420606;"SPRF-SP";"DEL08-SP";"UOP02-DEL08-SP"
424897;2022-04-06;"quarta-feira";"11:15:00";"MT";163;690;"LUCAS DO RIO VERDE";"Reação tardia ou ineficiente do condutor";"Colisão traseira";"Com Vítimas Feridas";"Pleno dia";"Crescente";"Nublado";"Simples";"Reta";"Sim";4;0;0;1;2;5;1;8;-13,060843;-55,918301;"SPRF-MT";"DEL06-MT";"UOP01-DEL06-MT"
424899;2022-04-06;"quarta-feira";"11:55:00";"ES";101;221,8;"IBIRACU";"Ausência de reação do condutor";"Colisão lateral sentido oposto";"Com Vítimas Feridas";"Pleno dia";"Decrescente";"Nublado";"Simples";"Curva";"Sim";4;0;2;0;1;2;2;5;-19,86695538;-40,40056491;"SPRF-ES";"DEL02-ES";"UOP01-DEL02-ES"
424900;2022-04-06;"quarta-feira";"11:45:00";"GO";60;177,4;"ABADIA DE GOIAS";"Velocidade Incompatível";"Tombamento";"Com Vítimas Fatais";"Pleno dia";"Crescente";"Céu Claro";"Dupla";"Declive;Reta";"Não";4;1;0;0;0;3;0;3;-16,75907761;-49,45553541;"SPRF-GO";"DEL01-GO";"UOP02-DEL01-GO"
424907;2022-04-06;"quarta-feira";"12:10:00";"PR";116;104;"SAO JOSE DOS PINHAIS";"Ausência de reação do condutor";"Colisão traseira";"Com Vítimas Feridas";"Pleno dia";"Crescente";"Céu Claro";"Dupla";"Reta";"Sim";3;0;0;1;1;1;1;3;-25,55944814;-49,15099774;"SPRF-PR";"DEL01-PR";"UOP01-DEL01-PR"
424912;2022-04-06;"quarta-feira";"07:40:00";"CE";222;299;"TIANGUA";"Demais falhas mecânicas ou elétricas";"Tombamento";"Com Vítimas Feridas";"Pleno dia";"Decrescente";"Sol";"Simples";"Curva";"Não";3;0;2;0;1;0;2;1;-3,6503579172;-40,9314201957;"SPRF-CE";"DEL04-CE";"UOP02-DEL04-CE"
424921;2022-04-06;"quarta-feira";"14:30:00";"RS";290;34,9;"SANTO ANTONIO DA PATRULHA";"Reação tardia ou ineficiente do condutor";"Colisão com objeto";"Com Vítimas Feridas";"Pleno dia";"Crescente";"Sol";"Múltipla";"Reta";"Não";2;0;1;0;0;1;1;2;-29,885392;-50,604309;"SPRF-RS";"DEL03-RS";"UOP01-DEL03-RS"
424928;2022-04-06;"quarta-feira";"15:10:00";"MG";40;631,3;"CONSELHEIRO LAFAIETE";"Velocidade Incompatível";"Colisão transversal";"Com Vítimas Feridas";"Pleno dia";"Crescente";"Nublado";"Simples";"Reta;Declive";"Sim";2;0;0;1;1;0;1;2;-20,66692199;-43,80314095;"SPRF-MG";"DEL05-MG";"UOP02-DEL05-MG"
424929;2022-04-06;"quarta-feira";"14:00:00";"MG";262;148;"RIO CASCA";"Reação tardia ou ineficiente do condutor";"Colisão com objeto";"Sem Vítimas";"Pleno dia";"Crescente";"Céu Claro";"Simples";"Ponte";"Não";1;0;0;0;1;0;0;1;-20,0130291;-42,74983565;"SPRF-MG";"DEL03-MG";"UOP03-DEL03-MG"
424931;2022-04-06;"quarta-feira";"16:20:00";"SP";116;64,7;"GUARATINGUETA";"Velocidade Incompatível";"Engavetamento";"Com Vítimas Feridas";"Pleno dia";"Decrescente";"Céu Claro";"Múltipla";"Curva;Declive;Em Obras";"Sim";4;0;1;0;2;2;1;5;-22,81942006;-45,18421298;"SPRF-SP";"DEL08-SP";"UOP01-DEL08-SP"
424933;2022-04-06;"quarta-feira";"15:40:00";"PR";373;183,4;"PONTA GROSSA";"Velocidade Incompatível";"Colisão com objeto";"Sem Vítimas";"Pleno dia";"Crescente";"Céu Claro";"Dupla";"Interseção de Vias";"Não";2;0;0;0;1;1;0;2;-25,03935712;-50,2767641;"SPRF-PR";"DEL03-PR";"UOP01-DEL03-PR"
424936;2022-04-06;"quarta-feira";"06:20:00";"MT";70;274;"PRIMAVERA DO LESTE";"Falta de acostamento";"Saída de leito carroçável";"Com Vítimas Feridas";"Pleno dia";"Decrescente";"Céu Claro";"Simples";"Reta";"Não";2;0;1;0;0;2;1;3;-15,54557214;-54,24576293;"SPRF-MT";"DEL05-MT";"UOP01-DEL05-MT"
424937;2022-04-06;"quarta-feira";"12:23:00";"MG";381;688,2;"LAVRAS";"Condutor Dormindo";"Tombamento";"Com Vítimas Fatais";"Pleno dia";"Decrescente";"Céu Claro";"Dupla";"Declive;Curva";"Não";2;1;0;0;0;1;0;2;-21,21737985;-45,1265452;"SPRF-MG";"DEL04-MG";"UOP02-DEL04-MG"
424943;2022-04-06;"quarta-feira";"16:30:00";"RS";153;44,4;"ERECHIM";"Desrespeitar a preferência no cruzamento";"Colisão transversal";"Com Vítimas Feridas";"Pleno dia";"Crescente";"Céu Claro";"Simples";"Rotatória";"Sim";5;0;1;1;1;2;2;4;-27,62312752;-52,23687793;"SPRF-RS";"DEL08-RS";"UOP04-DEL08-RS"
424950;2022-04-06;"quarta-feira";"15:20:00";"MA";222;375;"PINDARE-MIRIM";"Acessar a via sem observar a presença dos outros veículos";"Colisão lateral sentido oposto";"Com Vítimas Feridas";"Pleno dia";"Crescente";"Nublado";"Simples";"Reta;Declive";"Não";2;0;0;1;0;1;1;2;-3,76619997;-45,45312805;"SPRF-MA";"DEL02-MA";"UOP01-DEL02-MA"
424958;2022-04-06;"quarta-feira";"08:45:00";"RJ";393;114;"SAPUCAIA";"Demais falhas mecânicas ou elétricas";"Tombamento";"Com Vítimas Feridas";"Pleno dia";"Decrescente";"Céu Claro";"Simples";"Reta";"Não";1;0;1;0;0;0;1;1;-21,90846963;-42,73541595;"SPRF-RJ";"DEL05-RJ";"UOP01-DEL05-RJ"
424967;2022-04-06;"quarta-feira";"18:10:00";"MG";365;626,5;"UBERLANDIA";"Acessar a via sem observar a presença dos outros veículos";"Colisão traseira";"Com Vítimas Fatais";"Anoitecer";"Crescente";"Chuva";"Dupla";"Reta";"Sim";3;1;0;0;1;1;0;3;-18,90796281;-48,31507569;"SPRF-MG";"DEL15-MG";"UOP01-DEL15-MG"
424973;2022-04-06;"quarta-feira";"12:25:00";"BA";116;10;"ABARE";"Acessar a via sem observar a presença dos outros veículos";"Colisão transversal";"Com Vítimas Fatais";"Pleno dia";"Crescente";"Céu Claro";"Simples";"Interseção de Vias";"Não";5;1;0;0;1;3;0;2;-8,704946;-39,260635;"SPRF-PE";"DEL05-PE";"UOP01-DEL05-PE"
424976;2022-04-06;"quarta-feira";"16:55:00";"RS";290;340,6;"SAO SEPE";"Manobra de mudança de faixa";"Saída de leito carroçável";"Com Vítimas Feridas";"Pleno dia";"Crescente";"Sol";"Simples";"Declive;Reta";"Não";4;0;3;0;1;0;3;1;-30,372643;-53,578835;"SPRF-RS";"DEL09-RS";"UOP02-DEL09-RS"
424981;2022-04-06;"quarta-feira";"18:58:00";"CE";116;19;"EUSEBIO";"Ausência de reação do condutor";"Atropelamento de Pedestre";"Com Vítimas Feridas";"Plena Noite";"Crescente";"Nublado";"Dupla";"Reta";"Sim";3;0;0;1;0;2;1;2;-3,91603477;-38,50697648;"SPRF-CE";"DEL01-CE";"UOP02-DEL01-CE"
424982;2022-03-14;"segunda-feira";"12:00:00";"MT";364;730;"DIAMANTINO";"Demais Fenômenos da natureza";"Incêndio";"Sem Vítimas";"Pleno dia";"Decrescente";"Nublado";"Simples";"Reta";"Não";2;0;0;0;1;1;0;2;-14,16967982;-57,26890802;"SPRF-MT";"DEL01-MT";"UOP01-DEL01-MT"
424983;2022-04-06;"quarta-feira";"19:15:00";"RS";290;94,2;"PORTO ALEGRE";"Ausência de reação do condutor";"Colisão traseira";"Com Vítimas Feridas";"Plena Noite";"Decrescente";"Ignorado";"Dupla";"Curva";"Sim";10;0;4;0;5;1;4;6;-29,973856;-51,197853;"SPRF-RS";"DEL01-RS";"UOP01-DEL01-RS"
424986;2022-04-06;"quarta-feira";"20:10:00";"RS";290;3;"PORTO ALEGRE";"Condutor deixou de manter distância do veículo da frente";"Colisão traseira";"Com Vítimas Feridas";"Plena Noite";"Decrescente";"Céu Claro";"Dupla";"Aclive";"Não";2;0;1;0;1;0;1;2;-29,98950665;-51,2204504;"SPRF-RS";"DEL03-RS";"UOP01-DEL03-RS"
424987;2022-04-06;"quarta-feira";"20:15:00";"RS";285;297;"PASSO FUNDO";"Ingestão de álcool pelo condutor";"Colisão lateral sentido oposto";"Com Vítimas Feridas";"Plena Noite";"Crescente";"Céu Claro";"Simples";"Reta";"Sim";2;0;1;0;1;0;1;2;-28,236414;-52,423466;"SPRF-RS";"DEL08-RS";"UOP03-DEL08-RS"
424988;2022-04-06;"quarta-feira";"16:30:00";"MG";364;6;"PLANURA";"Demais falhas mecânicas ou elétricas";"Tombamento";"Sem Vítimas";"Pleno dia";"Crescente";"Nublado";"Simples";"Aclive;Reta;Interseção de Vias";"Não";2;0;0;0;0;2;0;2;-20,11896794;-48,72299194;"SPRF-MG";"DEL13-MG";"UOP02-DEL13-MG"
424989;2022-04-06;"quarta-feira";"19:55:00";"PR";116;140;"MANDIRITUBA";"Demais falhas mecânicas ou elétricas";"Colisão com objeto";"Com Vítimas Feridas";"Plena Noite";"Crescente";"Céu Claro";"Múltipla";"Aclive";"Não";2;0;1;0;1;0;1;1;-25,728448;-49,3178318;"SPRF-PR";"DEL01-PR";"UOP03-DEL01-PR"
424994;2022-04-06;"quarta-feira";"19:30:00";"MG";40;528;"CONTAGEM";"Condutor deixou de manter distância do veículo da frente";"Colisão traseira";"Com Vítimas Feridas";"Plena Noite";"Crescente";"Céu Claro";"Dupla";"Aclive;Reta";"Não";4;0;2;0;1;1;2;3;-19,90883179;-44,04436577;"SPRF-MG";"DEL01-MG";"UOP02-DEL01-MG"
424995;2022-04-04;"segunda-feira";"10:15:00";"BA";242;268;"BOA VISTA DO TUPIM";"Reação tardia ou ineficiente do condutor";"Colisão frontal";"Com Vítimas Feridas";"Pleno dia";"Decrescente";"Sol";"Simples";"Reta";"Não";3;0;1;0;2;0;1;2;-12,451917;-40,600086;"SPRF-BA";"DEL06-BA";"UOP02-DEL06-BA"
424998;2022-04-06;"quarta-feira";"19:05:00";"RS";293;51,4;"CERRITO";"Condutor deixou de manter distância do veículo da frente";"Colisão traseira";"Com Vítimas Feridas";"Plena Noite";"Decrescente";"Céu Claro";"Simples";"Reta;Aclive";"Não";5;0;1;0;4;0;1;3;-31,727975;-52,850676;"SPRF-RS";"DEL07-RS";"UOP01-DEL07-RS"
425007;2022-01-01;"sábado";"00:20:00";"MG";381;159,2;"GOVERNADOR VALADARES";"Condutor Dormindo";"Tombamento";"Com Vítimas Fatais";"Plena Noite";"Crescente";"Nublado";"Simples";"Curva";"Não";3;1;0;1;0;2;1;4;-18,92455594;-42,01932801;"SPRF-MG";"DEL06-MG";"UOP01-DEL06-MG"
425012;2022-04-06;"quarta-feira";"19:30:00";"RS";472;472,8;"ITAQUI";"Reação tardia ou ineficiente do condutor";"Colisão frontal";"Com Vítimas Fatais";"Plena Noite";"Decrescente";"Nublado";"Simples";"Reta";"Não";3;1;0;0;2;0;0;2;-29,1541137;-56,34904722;"SPRF-RS";"DEL12-RS";"UOP01-DEL12-RS"
425013;2022-04-06;"quarta-feira";"20:30:00";"MS";262;322,9;"CAMPO GRANDE";"Ingestão de álcool pelo condutor";"Saída de leito carroçável";"Sem Vítimas";"Plena Noite";"Crescente";"Céu Claro";"Simples";"Reta";"Não";2;0;0;0;1;2;0;3;-20,46939065;-54,49645699;"SPRF-MS";"DEL01-MS";"UOP01-DEL01-MS"
425018;2022-04-06;"quarta-feira";"19:15:00";"MS";267;416;"MARACAJU";"Deficiência do Sistema de Iluminação/Sinalização";"Colisão traseira";"Com Vítimas Feridas";"Plena Noite";"Crescente";"Céu Claro";"Simples";"Reta";"Não";3;0;1;0;2;0;1;3;-21,61762402;-55,61852604;"SPRF-MS";"DEL05-MS";"UOP01-DEL05-MS"
425021;2022-04-06;"quarta-feira";"23:45:00";"SC";101;319,2;"PESCARIA BRAVA";"Condutor Dormindo";"Colisão traseira";"Com Vítimas Feridas";"Plena Noite";"Crescente";"Céu Claro";"Múltipla";"Reta";"Não";4;0;2;0;1;2;2;4;-28,42978736;-48,87148792;"SPRF-SC";"DEL02-SC";"UOP01-DEL02-SC"
425022;2022-04-07;"quinta-feira";"00:30:00";"PR";376;374,1;"ORTIGUEIRA";"Velocidade Incompatível";"Tombamento";"Com Vítimas Feridas";"Plena Noite";"Decrescente";"Céu Claro";"Simples";"Ponte;Curva";"Não";3;0;1;0;1;2;1;4;-24,362944;-50,807702;"SPRF-PR";"DEL07-PR";"UOP02-DEL07-PR"
425025;2022-04-07;"quinta-feira";"01:10:00";"BA";101;798;"ITAMARAJU";"Demais falhas mecânicas ou elétricas";"Incêndio";"Sem Vítimas";"Plena Noite";"Crescente";"Céu Claro";"Simples";"Reta";"Não";3;0;0;0;3;0;0;1;-17,12381097;-39,56860216;"SPRF-BA";"DEL09-BA";"UOP01-DEL09-BA"
425026;2022-04-07;"quinta-feira";"01:20:00";"SP";116;79,3;"ROSEIRA";"Reação tardia ou ineficiente do condutor";"Colisão traseira";"Com Vítimas Feridas";"Plena Noite";"Crescente";"Nublado";"Dupla";"Reta";"Sim";2;0;1;0;0;1;1;2;-22,89420903;-45,29471098;"SPRF-SP";"DEL08-SP";"UOP01-DEL08-SP"
425030;2022-04-06;"quarta-feira";"17:20:00";"BA";101;440;"UBAITABA";"Reação tardia ou ineficiente do condutor";"Atropelamento de Pedestre";"Com Vítimas Feridas";"Plena Noite";"Crescente";"Céu Claro";"Simples";"Reta";"Não";2;0;0;1;0;1;1;2;-14,28960541;-39,32468545;"SPRF-BA";"DEL05-BA";"UOP01-DEL05-BA"
425039;2022-04-07;"quinta-feira";"05:50:00";"MG";40;478;"SETE LAGOAS";"Reação tardia ou ineficiente do condutor";"Saída de leito carroçável";"Com Vítimas Fatais";"Amanhecer";"Decrescente";"Céu Claro";"Múltipla";"Aclive;Reta";"Não";3;1;0;0;0;2;0;3;-19,528308;-44,259442;"SPRF-MG";"DEL02-MG";"UOP01-DEL02-MG"
425044;2022-04-07;"quinta-feira";"02:30:00";"PR";369;49;"BANDEIRANTES";"Reação tardia ou ineficiente do condutor";"Tombamento";"Com Vítimas Feridas";"Plena Noite";"Crescente";"Céu Claro";"Simples";"Reta";"Não";1;0;1;0;0;0;1;1;-23,11172898;-50,31963995;"SPRF-PR";"DEL07-PR";"UOP01-DEL07-PR"
425046;2022-04-07;"quinta-feira";"00:30:00";"MG";262;661,7;"IBIA";"Demais falhas mecânicas ou elétricas";"Saída de leito carroçável";"Com Vítimas Feridas";"Plena Noite";"Crescente";"Céu Claro";"Simples";"Declive;Ponte;Reta";"Não";2;0;1;0;1;0;1;1;-19,57766396;-46,72788197;"SPRF-MG";"DEL08-MG";"UOP01-DEL08-MG"
425054;2022-03-03;"quinta-feira";"21:30:00";"BA";101;790,5;"ITAMARAJU";"Velocidade Incompatível";"Colisão lateral sentido oposto";"Com Vítimas Fatais";"Plena Noite";"Decrescente";"Nublado";"Simples";"Curva";"Não";11;1;1;1;8;0;2;3;-16,89128789;-39,52056885;"SPRF-BA";"DEL09-BA";"UOP01-DEL09-BA"
425055;2022-04-07;"quinta-feira";"06:00:00";"ES";101;273,9;"SERRA";"Velocidade Incompatível";"Colisão traseira";"Com Vítimas Feridas";"Pleno dia";"Decrescente";"Céu Claro";"Dupla";"Reta";"Sim";2;0;1;0;1;0;1;2;-20,22029207;-40,29048811;"SPRF-ES";"DEL02-ES";"UOP01-DEL02-ES"
425056;2022-04-07;"quinta-feira";"06:35:00";"SP";116;442;"REGISTRO";"Demais falhas mecânicas ou elétricas";"Incêndio";"Sem Vítimas";"Amanhecer";"Crescente";"Sol";"Dupla";"Reta";"Não";2;0;0;0;1;2;0;3;-24,47746934;-47,82878822;"SPRF-SP";"DEL05-SP";"UOP01-DEL05-SP"
425059;2022-04-07;"quinta-feira";"05:20:00";"MT";163;1024,3;"PEIXOTO DE AZEVEDO";"Ausência de reação do condutor";"Colisão traseira";"Com Vítimas Fatais";"Amanhecer";"Decrescente";"Nevoeiro/Neblina";"Simples";"Aclive";"Não";3;1;0;0;1;3;0;5;-10,27619;-55,015225;"SPRF-MT";"DEL06-MT";"NPF/DEL06-MT"
425069;2022-04-07;"quinta-feira";"07:50:00";"AL";423;33;"CANAPI";"Reação tardia ou ineficiente do condutor";"Tombamento";"Sem Vítimas";"Pleno dia";"Crescente";"Céu Claro";"Simples";"Reta";"Não";1;0;0;0;1;0;0;1;-9,2132667;-37,5753301;"SPRF-AL";"DEL03-AL";"UOP02-DEL03-AL"
425076;2022-04-02;"sábado";"20:15:00";"PE";423;70;"JUPI";"Frear bruscamente";"Engavetamento";"Com Vítimas Feridas";"Plena Noite";"Decrescente";"Céu Claro";"Simples";"Reta";"Não";4;0;2;0;2;0;2;3;-8,68393495;-36,40767506;"SPRF-PE";"DEL03-PE";"UOP01-DEL03-PE"