"id";"data_inversa";"dia_semana";"horario";"uf";"br";"km";"municipio";"causa_acidente";"tipo_acidente";"classificacao_acidente";"fase_dia";"sentido_via";"condicao_metereologica";"tipo_pista";"tracado_via";"uso_solo";"pessoas";"mortos";"feridos_leves";"feridos_graves";"ilesos";"ignorados";"feridos";"veiculos";"latitude";"longitude";"regional";"delegacia";"uop"
442837;2022-04-11;"segunda-feira";"08:30:00";"RJ";393;133;"SAPUCAIA";"Ultrapassagem Indevida";"Colisão lateral mesmo sentido";"Com Vítimas Feridas";"Pleno dia";"Crescente";"Nublado";"Simples";"Reta";"Sim";4;0;1;0;3;0;1;3;-21,9787375;-42,89119628;"SPRF-RJ";"DEL05-RJ";"UOP01-DEL05-RJ"
442842;2022-04-09;"sábado";"00:00:00";"MA";10;270,2;"IMPERATRIZ";"Pista esburacada";"Tombamento";"Com Vítimas Feridas";"Plena Noite";"Decrescente";"Céu Claro";"Simples";"Reta";"Não";3;0;1;0;1;1;1;2;-5,373673;-47,478401;"SPRF-MA";"DEL04-MA";"UOP01-DEL04-MA"
442848;2022-04-09;"sábado";"13:35:00";"RS";386;7;"IRAI";"Condutor Dormindo";"Saída de leito carroçável";"Com Vítimas Feridas";"Pleno dia";"Crescente";"Céu Claro";"Simples";"Reta";"Sim";2;0;0;1;0;2;1;3;-27,196833;-53,284447;"SPRF-RS";"DEL08-RS";"UOP02-DEL08-RS"
442850;2022-04-09;"sábado";"10:20:00";"SC";101;84,8;"BARRA VELHA";"Reação tardia ou ineficiente do condutor";"Engavetamento";"Com Vítimas Feridas";"Pleno dia";"Crescente";"Céu Claro";"Dupla";"Reta";"Sim";12;0;2;2;7;1;4;5;-26,62404682;-48,71394986;"SPRF-SC";"DEL03-SC";"UOP02-DEL03-SC"
442851;2022-04-11;"segunda-feira";"03:00:00";"RO";364;591;"ITAPUA DO OESTE";"Ausência de reação do condutor";"Saída de leito carroçável";"Com Vítimas Feridas";"Plena Noite";"Crescente";"Chuva";"Simples";"Reta";"Não";2;0;0;1;0;1;1;2;-9,30121192;-63,15106772;"SPRF-RO";"DEL01-RO";"UOP04-DEL01-RO"
442855;2022-04-08;"sexta-feira";"08:50:00";"SP";381;12,8;"BRAGANCA PAULISTA";"Manobra de mudança de faixa";"Colisão traseira";"Com Vítimas Feridas";"Pleno dia";"Crescente";"Céu Claro";"Dupla";"Curva";"Não";4;0;1;0;2;1;1;3;-22,92855105;-46,46168398;"SPRF-SP";"DEL03-SP";"UOP01-DEL03-SP"
442856;2022-04-09;"sábado";"15:30:00";"MT";158;546,6;"AGUA BOA";"Reação tardia ou ineficiente do condutor";"Colisão traseira";"Com Vítimas Feridas";"Pleno dia";"Crescente";"Sol";"Simples";"Reta";"Não";3;0;1;0;2;0;1;3;-14,01995746;-52,15465187;"SPRF-MT";"DEL07-MT";"UOP02-DEL07-MT"
442860;2022-04-10;"domingo";"05:30:00";"RS";470;215;"BENTO GONCALVES";"Reação tardia ou ineficiente do condutor";"Saída de leito carroçável";"Com Vítimas Feridas";"Plena Noite";"Decrescente";"Céu Claro";"Simples";"Curva;Declive";"Sim";1;0;1;0;0;0;1;1;-29,150635;-51,530241;"SPRF-RS";"DEL06-RS";"UOP01-DEL06-RS"
442863;2022-04-08;"sexta-feira";"08:22:00";"MT";364;493,5;"JANGADA";"Reação tardia ou ineficiente do condutor";"Colisão traseira";"Com Vítimas Feridas";"Pleno dia";"Crescente";"Sol";"Simples";"Reta";"Sim";3;0;0;1;1;5;1;7;-15,30106797;-56,43607915;"SPRF-MT";"DEL01-MT";"UOP02-DEL01-MT"
442865;2022-04-11;"segunda-feira";"07:15:00";"MA";135;10,5;"SAO LUIS";"Condutor deixou de manter distância do veículo da frente";"Colisão traseira";"Com Vítimas Feridas";"Pleno dia";"Crescente";"Céu Claro";"Dupla";"Retorno Regulamentado";"Sim";3;0;0;1;2;0;1;3;-2,655912;-44,28629098;"SPRF-MA";"DEL01-MA";"UOP01-DEL01-MA"
442883;2022-04-10;"domingo";"00:31:00";"SC";282;126,7;"BOM RETIRO";"Transitar na contramão";"Colisão lateral sentido oposto";"Com Vítimas Fatais";"Plena Noite";"Decrescente";"Nevoeiro/Neblina";"Simples";"Reta";"Não";6;1;4;0;1;0;4;3;-27,79994;-49,47589;"SPRF-SC";"DEL05-SC";"UOP01-DEL05-SC"
442884;2022-04-11;"segunda-feira";"11:00:00";"RJ";101;251;"RIO BONITO";"Mal súbito do condutor";"Saída de leito carroçável";"Com Vítimas Feridas";"Pleno dia";"Crescente";"Céu Claro";"Dupla";"Reta";"Não";1;0;1;0;0;0;1;1;-22,67899712;-42,52468394;"SPRF-RJ";"DEL02-RJ";"UOP03-DEL02-RJ"
442885;2022-04-11;"segunda-feira";"11:00:00";"PR";476;135;"CURITIBA";"Manobra de mudança de faixa";"Colisão lateral mesmo sentido";"Sem Vítimas";"Pleno dia";"Decrescente";"Nublado";"Múltipla";"Reta";"Sim";7;0;0;0;7;0;0;2;-25,483786;-49,265808;"SPRF-PR";"DEL01-PR";"UOP03-DEL01-PR"
442888;2022-04-09;"sábado";"06:10:00";"SC";470;62,7;"BLUMENAU";"Condutor Dormindo";"Colisão frontal";"Com Vítimas Feridas";"Pleno dia";"Decrescente";"Nublado";"Simples";"Curva";"Não";4;0;2;2;0;0;4;2;-26,874521;-49,182938;"SPRF-SC";"DEL04-SC";"UOP01-DEL04-SC"
442906;2022-04-11;"segunda-feira";"13:02:00";"GO";40;139,3;"CRISTALINA";"Chuva";"Colisão frontal";"Com Vítimas Feridas";"Pleno dia";"Crescente";"Céu Claro";"Simples";"Aclive";"Não";3;0;0;1;2;0;1;2;-16,952006;-47,288372;"SPRF-DF";"DEL01-DF";"UOP02-DEL01-DF"
442907;2022-02-21;"segunda-feira";"07:20:00";"MG";153;28;"CENTRALINA";"Manobra de mudança de faixa";"Colisão lateral mesmo sentido";"Com Vítimas Feridas";"Pleno dia";"Crescente";"Céu Claro";"Dupla";"Reta;Declive";"Não";3;0;1;0;1;2;1;4;-18,66327211;-49,16526319;"SPRF-MG";"DEL15-MG";"UOP03-DEL15-MG"
442910;2022-02-21;"segunda-feira";"10:15:00";"GO";452;134;"ITUMBIARA";"Reação tardia ou ineficiente do condutor";"Colisão traseira";"Sem Vítimas";"Pleno dia";"Decrescente";"Céu Claro";"Simples";"Aclive;Reta";"Sim";3;0;0;0;2;5;0;7;-18,24113336;-49,70845327;"SPRF-GO";"DEL03-GO";"UOP02-DEL03-GO"
442912;2022-04-11;"segunda-feira";"11:20:00";"MA";135;41;"BACABEIRA";"Manobra de mudança de faixa";"Colisão lateral mesmo sentido";"Sem Vítimas";"Pleno dia";"Decrescente";"Nublado";"Dupla";"Aclive";"Sim";2;0;0;0;2;0;0;2;-2,89988876;-44,36665776;"SPRF-MA";"DEL01-MA";"UOP01-DEL01-MA"
442914;2022-02-10;"quinta-feira";"18:45:00";"GO";40;25;"LUZIANIA";"Reação tardia ou ineficiente do condutor";"Colisão transversal";"Com Vítimas Fatais";"Anoitecer";"Crescente";"Garoa/Chuvisco";"Simples";"Reta";"Sim";3;1;0;1;1;0;1;2;-16,252751;-47,900453;"SPRF-DF";"DEL01-DF";"UOP01-DEL01-DF"
442915;2022-02-12;"sábado";"23:50:00";"PI";135;543;"SAO GONCALO DO GURGUEIA";"Ausência de reação do condutor";"Saída de leito carroçável";"Com Vítimas Feridas";"Plena Noite";"Decrescente";"Chuva";"Simples";"Curva";"Não";1;0;1;0;0;0;1;1;-10,05498197;-45,27626292;"SPRF-PI";"DEL03-PI";"UOP02-DEL03-PI"
442926;2022-04-11;"segunda-feira";"14:30:00";"RS";290;37,1;"SANTO ANTONIO DA PATRULHA";"Reação tardia ou ineficiente do condutor";"Colisão com objeto";"Com Vítimas Feridas";"Pleno dia";"Decrescente";"Garoa/Chuvisco";"Dupla";"Reta";"Não";4;0;1;0;3;0;1;2;-29,885529;-50,62759;"SPRF-RS";"DEL03-RS";"UOP01-DEL03-RS"
442929;2022-04-09;"sábado";"21:15:00";"MS";262;773;"CORUMBA";"Ausência de reação do condutor";"Colisão traseira";"Com Vítimas Feridas";"Plena Noite";"Decrescente";"Céu Claro";"Simples";"Interseção de Vias";"Sim";2;0;0;1;1;0;1;2;-19,08285699;-57,62168025;"SPRF-MS";"DEL03-MS";"UOP03-DEL03-MS"
442930;2022-04-11;"segunda-feira";"14:51:00";"GO";40;8,5;"LUZIANIA";"Velocidade Incompatível";"Colisão transversal";"Com Vítimas Feridas";"Pleno dia";"Decrescente";"Chuva";"Dupla";"Reta";"Sim";4;0;0;2;1;1;2;3;-16,116158;-47,96761;"SPRF-DF";"DEL01-DF";"UOP01-DEL01-DF"
442931;2022-04-11;"segunda-feira";"11:35:00";"MG";116;550,5;"SANTA BARBARA DO LESTE";"Retorno proibido";"Colisão transversal";"Com Vítimas Feridas";"Pleno dia";"Decrescente";"Céu Claro";"Simples";"Reta";"Não";3;0;1;0;2;0;1;3;-19,96878195;-42,1364542;"SPRF-MG";"DEL06-MG";"UOP02-DEL06-MG"
442937;2022-04-11;"segunda-feira";"14:30:00";"MG";251;506;"FRANCISCO SA";"Pista Escorregadia";"Saída de leito carroçável";"Com Vítimas Feridas";"Pleno dia";"Crescente";"Garoa/Chuvisco";"Simples";"Reta";"Não";2;0;1;0;0;1;1;2;-16,61894941;-43,6887828;"SPRF-MG";"DEL12-MG";"UOP01-DEL12-MG"
442941;2022-04-07;"quinta-feira";"14:30:00";"SP";116;202;"ARUJA";"Velocidade Incompatível";"Colisão lateral mesmo sentido";"Com Vítimas Feridas";"Pleno dia";"Decrescente";"Céu Claro";"Dupla";"Aclive";"Sim";3;0;1;0;1;1;1;3;-23,40809408;-46,33859597;"SPRF-SP";"DEL01-SP";"UOP01-DEL01-SP"
442946;2022-04-11;"segunda-feira";"15:51:00";"RS";290;156,7;"ARROIO DOS RATOS";"Reação tardia ou ineficiente do condutor";"Colisão traseira";"Com Vítimas Feridas";"Pleno dia";"Decrescente";"Céu Claro";"Dupla";"Aclive";"Não";2;0;1;0;1;0;1;2;-30,106392;-51,767815;"SPRF-RS";"DEL02-RS";"UOP01-DEL02-RS"
442947;2022-04-11;"segunda-feira";"11:50:00";"RO";364;341;"JI-PARANA";"Ultrapassagem Indevida";"Colisão traseira";"Com Vítimas Feridas";"Pleno dia";"Decrescente";"Sol";"Simples";"Interseção de Vias";"Sim";2;0;1;0;1;0;1;2;-10,88987987;-61,93126772;"SPRF-RO";"DEL02-RO";"UOP01-DEL02-RO"
442953;2022-04-11;"segunda-feira";"14:08:00";"MG";381;943;"EXTREMA";"Conversão proibida";"Colisão traseira";"Com Vítimas Feridas";"Pleno dia";"Decrescente";"Sol";"Dupla";"Reta";"Sim";3;0;0;1;1;5;1;7;-22,87733386;-46,37018193;"SPRF-MG";"DEL16-MG";"UOP03-DEL16-MG"
442954;2022-04-11;"segunda-feira";"16:40:00";"RS";116;149,8;"CAXIAS DO SUL";"Frear bruscamente";"Colisão traseira";"Sem Vítimas";"Pleno dia";"Crescente";"Nublado";"Dupla";"Retorno Regulamentado;Reta";"Sim";4;0;0;0;4;0;0;2;-29,1599473;-51,15664601;"SPRF-RS";"DEL05-RS";"UOP01-DEL05-RS"
442959;2022-04-11;"segunda-feira";"16:31:00";"PI";316;8;"TERESINA";"Acessar a via sem observar a presença dos outros veículos";"Queda de ocupante de veículo";"Com Vítimas Feridas";"Pleno dia";"Crescente";"Céu Claro";"Múltipla";"Declive";"Sim";3;0;1;0;2;0;1;2;-5,16483402;-42,76899508;"SPRF-PI";"DEL01-PI";"UOP02-DEL01-PI"
442960;2022-04-09;"sábado";"22:00:00";"PR";376;140;"NOVA ESPERANCA";"Condutor deixou de manter distância do veículo da frente";"Colisão traseira";"Com Vítimas Feridas";"Plena Noite";"Decrescente";"Céu Claro";"Dupla";"Reta";"Não";3;0;0;1;1;2;1;4;-23,240108;-52,171955;"SPRF-PR";"DEL09-PR";"UOP02-DEL09-PR"
442961;2022-04-11;"segunda-feira";"16:50:00";"SC";101;144;"ITAPEMA";"Ausência de reação do condutor";"Colisão com objeto";"Com Vítimas Feridas";"Pleno dia";"Decrescente";"Garoa/Chuvisco";"Dupla";"Reta";"Sim";1;0;1;0;0;0;1;1;-27,0732659;-48,59672716;"SPRF-SC";"DEL04-SC";"UOP03-DEL04-SC"
442962;2022-04-11;"segunda-feira";"17:10:00";"SC";101;132;"BALNEARIO CAMBORIU";"Reação tardia ou ineficiente do condutor";"Colisão lateral mesmo sentido";"Sem Vítimas";"Pleno dia";"Crescente";"Nublado";"Simples";"Interseção de Vias";"Sim";3;0;0;0;2;1;0;3;-26,99654133;-48,65564711;"SPRF-SC";"DEL04-SC";"UOP03-DEL04-SC"
442968;2022-04-11;"segunda-feira";"17:20:00";"RS";386;345,1;"LAJEADO";"Acessar a via sem observar a presença dos outros veículos";"Colisão transversal";"Com Vítimas Feridas";"Pleno dia";"Crescente";"Nublado";"Simples";"Reta";"Sim";3;0;0;1;1;2;1;4;-29,443799;-51,982373;"SPRF-RS";"DEL04-RS";"UOP01-DEL04-RS"
442969;2022-04-11;"segunda-feira";"18:00:00";"SP";116;222;"GUARULHOS";"Reação tardia ou ineficiente do condutor";"Colisão traseira";"Com Vítimas Feridas";"Anoitecer";"Decrescente";"Céu Claro";"Dupla";"Reta";"Sim";4;0;1;0;3;0;1;3;-23,47093408;-46,51631097;"SPRF-SP";"DEL01-SP";"UOP01-DEL01-SP"
442970;2022-04-09;"sábado";"12:00:00";"MA";135;2,2;"SAO LUIS";"Manobra de mudança de faixa";"Colisão lateral mesmo sentido";"Sem Vítimas";"Pleno dia";"Decrescente";"Céu Claro";"Dupla";"Reta";"Sim";3;0;0;0;1;2;0;3;-2,59806699;-44,24573511;"SPRF-MA";"DEL01-MA";"UOP01-DEL01-MA"
442974;2022-04-11;"segunda-feira";"12:20:00";"RS";386;293;"POUSO NOVO";"Ausência de reação do condutor";"Saída de leito carroçável";"Com Vítimas Feridas";"Pleno dia";"Crescente";"Nublado";"Dupla";"Curva";"Não";2;0;1;0;0;1;1;2;-29,114208;-52,244186;"SPRF-RS";"DEL04-RS";"UOP01-DEL04-RS"
442975;2022-04-11;"segunda-feira";"14:40:00";"MG";262;494,7;"MOEMA";"Transitar no acostamento";"Saída de leito carroçável";"Com Vítimas Feridas";"Pleno dia";"Crescente";"Céu Claro";"Simples";"Reta";"Não";2;0;1;1;0;0;2;1;-19,78590815;-45,37959199;"SPRF-MG";"DEL08-MG";"UOP03-DEL08-MG"
442977;2022-04-11;"segunda-feira";"17:15:00";"SC";101;120;"ITAJAI";"Manobra de mudança de faixa";"Colisão traseira";"Com Vítimas Feridas";"Anoitecer";"Crescente";"Céu Claro";"Dupla";"Reta";"Não";2;0;1;0;1;0;1;2;-26,912758;-48,711998;"SPRF-SC";"DEL04-SC";"UOP04-DEL04-SC"
442980;2022-04-11;"segunda-feira";"18:35:00";"RJ";101;82;"CAMPOS DOS GOYTACAZES";"Deficiência do Sistema de Iluminação/Sinalização";"Colisão traseira";"Com Vítimas Feridas";"Plena Noite";"Crescente";"Céu Claro";"Simples";"Reta";"Não";3;0;1;0;2;0;1;2;-21,82752108;-41,45414032;"SPRF-RJ";"DEL08-RJ";"UOP02-DEL08-RJ"
442996;2022-04-11;"segunda-feira";"15:30:00";"MG";365;317;"JOAO PINHEIRO";"Ultrapassagem Indevida";"Colisão lateral sentido oposto";"Com Vítimas Feridas";"Pleno dia";"Crescente";"Sol";"Simples";"Curva";"Não";2;0;1;0;1;0;1;2;-18,24815023;-45,86961078;"SPRF-MG";"DEL10-MG";"UOP01-DEL10-MG"
443000;2022-04-11;"segunda-feira";"19:00:00";"SC";470;45;"BLUMENAU";"Ingestão de álcool ou de substâncias psicoativas pelo pedestre";"Colisão transversal";"Sem Vítimas";"Plena Noite";"Crescente";"Nublado";"Simples";"Reta";"Não";2;0;0;0;2;0;0;2;-26,86201;-49,03472;"SPRF-SC";"DEL04-SC";"UOP01-DEL04-SC"
443002;2022-04-11;"segunda-feira";"19:20:00";"SC";101;48,7;"JOINVILLE";"Manobra de mudança de faixa";"Colisão lateral mesmo sentido";"Com Vítimas Feridas";"Plena Noite";"Decrescente";"Garoa/Chuvisco";"Dupla";"Reta";"Não";6;0;2;0;2;3;2;5;-26,35345909;-48,85867862;"SPRF-SC";"DEL03-SC";"UOP01-DEL03-SC"
443003;2022-04-09;"sábado";"00:10:00";"PR";116;160;"QUITANDINHA";"Transitar na contramão";"Colisão lateral sentido oposto";"Sem Vítimas";"Plena Noite";"Crescente";"Garoa/Chuvisco";"Simples";"Aclive";"Não";4;0;0;0;4;0;0;2;-25,8644568;-49,39181797;"SPRF-PR";"DEL01-PR";"UOP03-DEL01-PR"
443010;2022-04-11;"segunda-feira";"19:00:00";"PR";277;610,5;"SANTA TEREZA DO OESTE";"Pedestre andava na pista";"Atropelamento de Pedestre";"Com Vítimas Feridas";"Plena Noite";"Decrescente";"Nublado";"Simples";"Reta";"Sim";3;0;0;1;1;1;1;3;-25,05111043;-53,62214392;"SPRF-PR";"DEL05-PR";"UOP02-DEL05-PR"
443012;2022-04-11;"segunda-feira";"19:00:00";"PR";476;36;"ADRIANOPOLIS";"Velocidade Incompatível";"Saída de leito carroçável";"Com Vítimas Feridas";"Plena Noite";"Decrescente";"Garoa/Chuvisco";"Simples";"Curva;Declive";"Não";2;0;1;0;0;1;1;2;-24,859497;-49,060661;"SPRF-PR";"DEL01-PR";"UOP02-DEL01-PR"
443013;2022-04-11;"segunda-feira";"20:50:00";"CE";116;440;"BARRO";"Transitar na contramão";"Colisão frontal";"Com Vítimas Feridas";"Plena Noite";"Crescente";"Nublado";"Simples";"Reta";"Não";2;0;1;0;1;0;1;2;-7,02896824;-38,76872562;"SPRF-CE";"DEL05-CE";"UOP03-DEL05-CE"
443015;2022-04-11;"segunda-feira";"15:30:00";"GO";60;135;"GOIANIA";"Condutor deixou de manter distância do veículo da frente";"Colisão traseira";"Sem Vítimas";"Pleno dia";"Decrescente";"Céu Claro";"Dupla";"Reta";"Sim";2;0;0;0;2;0;0;2;-16,589;-49,1945;"SPRF-GO";"DEL01-GO";"UOP01-DEL01-GO"
443019;2022-04-11;"segunda-feira";"19:30:00";"MA";316;514;"CAXIAS";"Animais na Pista";"Atropelamento de Animal";"Sem Vítimas";"Plena Noite";"Crescente";"Céu Claro";"Simples";"Reta";"Não";2;0;0;0;1;1;0;2;-4,759171;-43,648354;"SPRF-MA";"DEL03-MA";"UOP02-DEL03-MA"
443025;2022-04-11;"segunda-feira";"20:52:00";"MG";251;442,5;"GRAO MOGOL";"Transitar na contramão";"Colisão frontal";"Com Vítimas Feridas";"Plena Noite";"Crescente";"Nublado";"Simples";"Reta";"Sim";3;0;0;1;1;1;1;3;-16,41288188;-43,24348411;"SPRF-MG";"DEL12-MG";"UOP01-DEL12-MG"
443031;2022-04-10;"domingo";"05:10:00";"MT";364;187;"RONDONOPOLIS";"Ingestão de álcool pelo condutor";"Colisão frontal";"Com Vítimas Feridas";"Amanhecer";"Crescente";"Céu Claro";"Simples";"Reta";"Não";4;0;1;0;1;3;1;5;-16,55853512;-54,56026684;"SPRF-MT";"DEL02-MT";"UOP01-DEL02-MT"
443040;2022-04-11;"segunda-feira";"21:15:00";"SC";282;341,5;"CAMPOS NOVOS";"Ingestão de álcool pelo condutor";"Colisão frontal";"Com Vítimas Feridas";"Plena Noite";"Crescente";"Nublado";"Simples";"Aclive;Reta";"Sim";3;0;1;0;1;1;1;3;-27,389957;-51,213387;"SPRF-SC";"DEL07-SC";"UOP06-DEL07-SC"
443046;2022-04-11;"segunda-feira";"23:15:00";"SP";153;206;"GUAIMBE";"Demais falhas mecânicas ou elétricas";"Incêndio";"Sem Vítimas";"Plena Noite";"Decrescente";"Céu Claro";"Simples";"Reta";"Não";2;0;0;0;1;1;0;2;-21,87339896;-49,90747738;"SPRF-SP";"DEL07-SP";"UOP01-DEL07-SP"
443048;2022-04-11;"segunda-feira";"23:20:00";"PE";232;105,6;"BEZERROS";"Ausência de reação do condutor";"Colisão traseira";"Com Vítimas Feridas";"Plena Noite";"Crescente";"Nublado";"Dupla";"Reta;Aclive";"Não";3;0;0;1;2;0;1;3;-8,25830415;-35,78275595;"SPRF-PE";"DEL02-PE";"UOP02-DEL02PE"
443049;2022-04-11;"segunda-feira";"23:20:00";"SC";282;22;"SANTO AMARO DA IMPERATRIZ";"Ausência de reação do condutor";"Colisão lateral sentido oposto";"Com Vítimas Feridas";"Plena Noite";"Decrescente";"Nublado";"Simples";"Reta";"Sim";2;0;1;0;0;1;1;2;-27,688507;-48,72739;"SPRF-SC";"DEL01-SC";"UOP02-DEL01-SC"
443050;2022-04-12;"terça-feira";"00:10:00";"SC";282;524,9;"XAXIM";"Ingestão de álcool pelo condutor";"Colisão lateral sentido oposto";"Com Vítimas Feridas";"Plena Noite";"Crescente";"Chuva";"Simples";"Reta";"Não";5;0;3;0;1;1;3;3;-26,965002;-52,557384;"SPRF-SC";"DEL07-SC";"UOP01-DEL07-SC"
443051;2022-04-09;"sábado";"10:45:00";"MT";364;349;"SANTO ANTONIO DO LEVERGER";"Declive acentuado";"Tombamento";"Com Vítimas Feridas";"Pleno dia";"Crescente";"Céu Claro";"Dupla";"Curva";"Não";1;0;0;1;0;0;1;1;-15,80502622;-55,5546431;"SPRF-MT";"DEL05-MT";"UOP02-DEL05-MT"
443053;2022-04-12;"terça-feira";"00:19:00";"GO";364;140;"APARECIDA DO RIO DOCE";"Demais falhas mecânicas ou elétricas";"Saída de leito carroçável";"Com Vítimas Feridas";"Plena Noite";"Crescente";"Nublado";"Simples";"Reta";"Não";2;0;1;0;0;1;1;2;-18,196047;-51,349606;"SPRF-GO";"DEL05-GO";"UOP01-DEL05-GO"
443055;2022-04-12;"terça-feira";"04:15:00";"MG";146;489,6;"POCOS DE CALDAS";"Velocidade Incompatível";"Tombamento";"Com Vítimas Feridas";"Plena Noite";"Crescente";"Céu Claro";"Simples";"Rotatória";"Sim";2;0;1;0;0;1;1;2;-21,80813575;-46,4714421;"SPRF-MG";"DEL09-MG";"UOP01-DEL09-MG"
443060;2022-04-12;"terça-feira";"01:30:00";"PR";153;354,9;"REBOUCAS";"Condutor Dormindo";"Saída de leito carroçável";"Sem Vítimas";"Plena Noite";"Decrescente";"Nublado";"Simples";"Reta";"Não";1;0;0;0;1;0;0;1;-25,64527702;-50,73110962;"SPRF-PR";"DEL03-PR";"UOP03-DEL03-PR"
443063;2022-04-12;"terça-feira";"05:45:00";"SC";101;135;"BALNEARIO CAMBORIU";"Ausência de reação do condutor";"Colisão traseira";"Com Vítimas Feridas";"Pleno dia";"Crescente";"Céu Claro";"Dupla";"Reta";"Sim";4;0;1;0;3;0;1;4;-27,0050108;-48,62677494;"SPRF-SC";"DEL04-SC";"UOP03-DEL04-SC"
443066;2022-04-12;"terça-feira";"05:20:00";"RJ";116;234;"PIRAI";"Condutor deixou de manter distância do veículo da frente";"Colisão traseira";"Com Vítimas Feridas";"Amanhecer";"Decrescente";"Céu Claro";"Dupla";"Reta";"Não";3;0;1;0;1;1;1;3;-22,6442592;-43,8967132;"SPRF-RJ";"DEL07-RJ";"UOP01-DEL07-RJ"
443078;2022-04-12;"terça-feira";"07:13:00";"ES";101;293;"CARIACICA";"Trafegar com motocicleta (ou similar) entre as faixas";"Colisão traseira";"Com Vítimas Feridas";"Pleno dia";"Decrescente";"Céu Claro";"Dupla";"Reta";"Não";6;0;1;2;2;1;3;5;-20,31526144;-40,39567044;"SPRF-ES";"DEL01-ES";"UOP01-DEL01-ES"
443080;2022-04-12;"terça-feira";"06:30:00";"PR";116;153;"MANDIRITUBA";"Ausência de reação do condutor";"Tombamento";"Com Vítimas Feridas";"Amanhecer";"Crescente";"Chuva";"Simples";"Declive;Reta";"Sim";3;0;1;0;1;1;1;2;-25,86891194;-49,3663305;"SPRF-PR";"DEL01-PR";"UOP03-DEL01-PR"
443081;2022-04-08;"sexta-feira";"08:30:00";"GO";60;127,8;"GOIANAPOLIS";"Demais falhas mecânicas ou elétricas";"Incêndio";"Sem Vítimas";"Pleno dia";"Crescente";"Sol";"Dupla";"Reta";"Não";2;0;0;0;1;1;0;2;-16,5412;-49,1495;"SPRF-GO";"DEL01-GO";"UOP01-DEL01-GO"
443087;2022-04-08;"sexta-feira";"11:20:00";"GO";60;127,7;"GOIANAPOLIS";"Reação tardia ou ineficiente do condutor";"Colisão lateral mesmo sentido";"Sem Vítimas";"Pleno dia";"Crescente";"Céu Claro";"Dupla";"Reta";"Não";2;0;0;0;2;0;0;2;-16,5412;-49,1495;"SPRF-GO";"DEL01-GO";"UOP01-DEL01-GO"
443088;2022-04-12;"terça-feira";"05:45:00";"RN";304;69,8;"MOSSORO";"Reação tardia ou ineficiente do condutor";"Tombamento";"Com Vítimas Feridas";"Amanhecer";"Crescente";"Céu Claro";"Simples";"Reta";"Não";2;0;1;0;0;2;1;3;-5,3941491;-37,22978817;"SPRF-RN";"DEL04-RN";"UOP01-DEL04-RN"
443097;2022-04-12;"terça-feira";"12:02:00";"SC";470;114,1;"IBIRAMA";"Transitar na contramão";"Colisão lateral sentido oposto";"Com Vítimas Feridas";"Pleno dia";"Crescente";"Nublado";"Simples";"Curva";"Não";2;0;1;0;0;1;1;2;-27,086386;-49,478001;"SPRF-SC";"DEL04-SC";"UOP02-DEL04-SC"
443103;2022-04-08;"sexta-feira";"22:15:00";"PE";232;83,1;"GRAVATA";"Reação tardia ou ineficiente do condutor";"Colisão lateral mesmo sentido";"Com Vítimas Feridas";"Plena Noite";"Crescente";"Céu Claro";"Dupla";"Reta";"Não";2;0;0;1;0;1;1;2;-8,2024868;-35,59542005;"SPRF-PE";"DEL02-PE";"UOP02-DEL02PE"
443107;2022-04-09;"sábado";"07:30:00";"MG";40;595;"OURO PRETO";"Condutor Dormindo";"Colisão frontal";"Com Vítimas Feridas";"Pleno dia";"Decrescente";"Chuva";"Simples";"Reta;Declive";"Não";3;0;1;0;1;1;1;3;-20,40314903;-43,89730509;"SPRF-MG";"DEL05-MG";"UOP02-DEL05-MG"
443117;2022-04-12;"terça-feira";"10:00:00";"RS";116;244,5;"SAO LEOPOLDO";"Demais falhas mecânicas ou elétricas";"Incêndio";"Sem Vítimas";"Plena Noite";"Crescente";"Nublado";"Dupla";"Reta";"Sim";1;0;0;0;1;0;0;1;-29,74088003;-51,15039566;"SPRF-RS";"DEL01-RS";"UOP02-DEL01-RS"
443119;2022-04-08;"sexta-feira";"12:00:00";"MS";60;558;"NIOAQUE";"Manobra de mudança de faixa";"Saída de leito carroçável";"Sem Vítimas";"Pleno dia";"Decrescente";"Céu Claro";"Simples";"Reta";"Não";2;0;0;0;1;1;0;2;-21,25317705;-55,94986795;"SPRF-MS";"DEL05-MS";"UOP01-DEL05-MS"
443125;2022-04-12;"terça-feira";"09:20:00";"PR";369;487;"CORBELIA";"Velocidade Incompatível";"Saída de leito carroçável";"Com Vítimas Feridas";"Pleno dia";"Crescente";"Chuva";"Simples";"Declive;Curva";"Não";2;0;1;0;0;1;1;2;-24,6901;-53,2359;"SPRF-PR";"DEL04-PR";"UOP03-DEL04-PR"
443126;2022-04-12;"terça-feira";"07:30:00";"MT";364;138;"PEDRA PRETA";"Reação tardia ou ineficiente do condutor";"Colisão lateral sentido oposto";"Com Vítimas Fatais";"Pleno dia";"Decrescente";"Céu Claro";"Simples";"Curva";"Não";3;1;0;0;1;3;0;5;-16,79307255;-54,19699062;"SPRF-MT";"DEL02-MT";"UOP01-DEL02-MT"
443127;2022-04-11;"segunda-feira";"10:28:00";"PR";277;138;"BALSA NOVA";"Reação tardia ou ineficiente do condutor";"Colisão traseira";"Com Vítimas Feridas";"Pleno dia";"Crescente";"Nublado";"Dupla";"Curva;Declive";"Não";3;0;1;0;1;2;1;4;-25,47611862;-49,7111553;"SPRF-PR";"DEL01-PR";"UOP03-DEL03-PR"