"id";"data_inversa";"dia_semana";"horario";"uf";"br";"km";"municipio";"causa_acidente";"tipo_acidente";"classificacao_acidente";"fase_dia";"sentido_via";"condicao_metereologica";"tipo_pista";"tracado_via";"uso_solo";"pessoas";"mortos";"feridos_leves";"feridos_graves";"ilesos";"ignorados";"feridos";"veiculos";"latitude";"longitude";"regional";"delegacia";"uop"
443129;2022-04-12;"terça-feira";"07:50:00";"SC";470;288;"BRUNOPOLIS";"Ausência de reação do condutor";"Saída de leito carroçável";"Com Vítimas Feridas";"Amanhecer";"Crescente";"Chuva";"Simples";"Reta";"Não";2;0;1;0;0;1;1;2;-27,331753;-50,942055;"SPRF-SC";"DEL07-SC";"UOP06-DEL07-SC"
443131;2022-03-12;"sábado";"11:00:00";"PR";376;172,6;"PONTA GROSSA";"Demais falhas mecânicas ou elétricas";"Colisão com objeto";"Sem Vítimas";"Pleno dia";"Crescente";"Nublado";"Simples";"Reta";"Sim";1;0;0;0;1;0;0;1;-25,08032254;-50,1959002;"SPRF-PR";"DEL09-PR";"UOP01-DEL09-PR"
443140;2022-04-10;"domingo";"03:40:00";"MG";381;746;"TRES CORACOES";"Reação tardia ou ineficiente do condutor";"Colisão traseira";"Com Vítimas Feridas";"Plena Noite";"Decrescente";"Nublado";"Dupla";"Aclive";"Não";5;0;1;0;2;2;1;4;-21,61753018;-45,26227188;"SPRF-MG";"DEL16-MG";"UOP02-DEL16-MG"
443146;2022-04-12;"terça-feira";"11:10:00";"PR";277;135;"CAMPO LARGO";"Reação tardia ou ineficiente do condutor";"Colisão traseira";"Sem Vítimas";"Pleno dia";"Decrescente";"Nublado";"Dupla";"Aclive";"Não";5;0;0;0;4;1;0;4;-25,47136153;-49,67507958;"SPRF-PR";"DEL01-PR";"UOP03-DEL03-PR"
443150;2022-04-09;"sábado";"16:55:00";"PE";101;70;"RECIFE";"Ausência de reação do condutor";"Colisão traseira";"Com Vítimas Feridas";"Pleno dia";"Crescente";"Céu Claro";"Dupla";"Reta";"Sim";5;0;0;1;3;1;1;5;-8,06776119;-34,94265074;"SPRF-PE";"DEL01-PE";"UOP01-DEL01-PE"
443153;2022-04-12;"terça-feira";"11:00:00";"MT";364;71,8;"ALTO GARCAS";"Problema com o freio";"Incêndio";"Sem Vítimas";"Pleno dia";"Decrescente";"Céu Claro";"Simples";"Declive";"Não";2;0;0;0;1;1;0;2;-16,86894782;-53,70220184;"SPRF-MT";"DEL02-MT";"UOP02-DEL02-MT"
443162;2022-04-12;"terça-feira";"11:50:00";"MG";365;827;"SANTA VITORIA";"Mal súbito do condutor";"Saída de leito carroçável";"Com Vítimas Feridas";"Pleno dia";"Crescente";"Céu Claro";"Simples";"Reta";"Não";1;0;1;0;0;0;1;1;-18,88930768;-50,15916911;"SPRF-MG";"DEL15-MG";"UOP03-DEL15-MG"
443163;2022-04-12;"terça-feira";"12:20:00";"MT";364;376,3;"SANTO ANTONIO DO LEVERGER";"Condutor deixou de manter distância do veículo da frente";"Colisão traseira";"Com Vítimas Feridas";"Pleno dia";"Decrescente";"Sol";"Dupla";"Reta";"Não";3;0;1;0;1;2;1;4;-15,70428959;-55,72805299;"SPRF-MT";"DEL01-MT";"UOP02-DEL01-MT"
443164;2022-04-08;"sexta-feira";"09:45:00";"MS";158;85;"PARANAIBA";"Ausência de reação do condutor";"Colisão traseira";"Com Vítimas Feridas";"Pleno dia";"Crescente";"Céu Claro";"Simples";"Curva";"Não";2;0;1;0;1;0;1;2;-19,60341796;-51,21832984;"SPRF-MS";"DEL08-MS";"UOP01-DEL08-MS"
443169;2022-04-12;"terça-feira";"12:50:00";"BA";242;817;"BARREIRAS";"Animais na Pista";"Capotamento";"Sem Vítimas";"Pleno dia";"Decrescente";"Céu Claro";"Simples";"Reta";"Não";2;0;0;0;1;2;0;3;-12,11837;-45,192588;"SPRF-BA";"DEL10-BA";"UOP01-DEL10-BA"
443175;2022-04-12;"terça-feira";"12:30:00";"BA";101;106;"ALAGOINHAS";"Conversão proibida";"Colisão transversal";"Sem Vítimas";"Pleno dia";"Decrescente";"Céu Claro";"Simples";"Reta";"Sim";6;0;0;0;5;6;0;11;-12,16492;-38,477026;"SPRF-BA";"DEL01-BA";"UOP04-DEL01-BA"
443177;2022-02-16;"quarta-feira";"15:30:00";"PA";163;486;"ITAITUBA";"Reação tardia ou ineficiente do condutor";"Colisão frontal";"Com Vítimas Feridas";"Pleno dia";"Crescente";"Nublado";"Simples";"Reta";"Não";3;0;1;0;1;4;1;6;-5,61748;-55,79848;"SPRF-PA";"DEL05-PA";"UOP01-DEL05-PA"
443178;2022-04-12;"terça-feira";"13:30:00";"PE";101;20,7;"GOIANA";"Manobra de mudança de faixa";"Tombamento";"Com Vítimas Feridas";"Pleno dia";"Crescente";"Céu Claro";"Dupla";"Reta";"Não";2;0;1;0;0;1;1;2;-7,66042701;-34,93780401;"SPRF-PE";"DEL01-PE";"UOP02-DEL01-PE"
443180;2022-03-23;"quarta-feira";"06:45:00";"PI";135;628;"CRISTALANDIA DO PIAUI";"Manobra de mudança de faixa";"Colisão lateral mesmo sentido";"Com Vítimas Feridas";"Pleno dia";"Decrescente";"Céu Claro";"Simples";"Reta";"Não";6;0;1;1;1;4;2;5;-10,73180196;-45,17317495;"SPRF-PI";"DEL03-PI";"UOP02-DEL03-PI"
443186;2022-04-12;"terça-feira";"13:45:00";"RS";285;436;"BOZANO";"Desrespeitar a preferência no cruzamento";"Colisão transversal";"Com Vítimas Feridas";"Pleno dia";"Crescente";"Nublado";"Simples";"Interseção de Vias";"Não";3;0;1;0;1;1;1;3;-28,34650198;-53,70687962;"SPRF-RS";"DEL10-RS";"UOP01-DEL10-RS"
443195;2022-04-12;"terça-feira";"14:05:00";"SC";101;15;"JOINVILLE";"Ausência de reação do condutor";"Colisão traseira";"Com Vítimas Feridas";"Pleno dia";"Decrescente";"Nublado";"Dupla";"Reta";"Não";2;0;1;0;0;1;1;2;-26,10609917;-48,87224159;"SPRF-SC";"DEL03-SC";"UOP01-DEL03-SC"
443196;2022-04-12;"terça-feira";"15:13:00";"ES";259;62;"COLATINA";"Condutor deixou de manter distância do veículo da frente";"Engavetamento";"Com Vítimas Feridas";"Pleno dia";"Crescente";"Céu Claro";"Simples";"Reta";"Não";4;0;1;0;3;0;1;3;-19,53124185;-40,68990791;"SPRF-ES";"DEL02-ES";"UOP01-DEL02-ES"
443199;2022-04-12;"terça-feira";"14:00:00";"MG";116;766,6;"LEOPOLDINA";"Acessar a via sem observar a presença dos outros veículos";"Colisão transversal";"Com Vítimas Feridas";"Pleno dia";"Crescente";"Céu Claro";"Simples";"Reta";"Não";2;0;1;0;1;0;1;2;-21,5271992;-42,65302264;"SPRF-MG";"DEL07-MG";"UOP01-DEL07-MG"
443202;2022-04-12;"terça-feira";"14:38:00";"ES";262;36;"DOMINGOS MARTINS";"Condutor Dormindo";"Saída de leito carroçável";"Com Vítimas Feridas";"Pleno dia";"Crescente";"Céu Claro";"Simples";"Curva;Aclive";"Não";1;0;1;0;0;0;1;1;-20,3826388;-40,60330291;"SPRF-ES";"DEL01-ES";"UOP01-DEL01-ES"
443206;2022-04-09;"sábado";"02:05:00";"PR";277;67;"SAO JOSE DOS PINHAIS";"Ausência de reação do condutor";"Colisão traseira";"Com Vítimas Feridas";"Plena Noite";"Crescente";"Nevoeiro/Neblina";"Dupla";"Reta";"Sim";3;0;1;0;1;2;1;4;-25,54511074;-49,05291088;"SPRF-PR";"DEL01-PR";"UOP01-DEL01-PR"
443211;2022-04-12;"terça-feira";"15:50:00";"SP";116;165;"JACAREI";"Ausência de reação do condutor";"Colisão traseira";"Com Vítimas Feridas";"Pleno dia";"Crescente";"Céu Claro";"Dupla";"Reta";"Não";2;0;1;0;1;0;1;2;-23,29691791;-46,00798704;"SPRF-SP";"DEL02-SP";"UOP01-DEL02-SP"
443216;2022-04-12;"terça-feira";"15:15:00";"MS";163;152;"JUTI";"Condutor Dormindo";"Saída de leito carroçável";"Com Vítimas Feridas";"Pleno dia";"Crescente";"Garoa/Chuvisco";"Simples";"Reta";"Não";2;0;1;0;0;2;1;3;-22,95404592;-54,44580396;"SPRF-MS";"DEL09-MS";"UOP01-DEL09-MS"
443217;2022-03-10;"quinta-feira";"19:00:00";"MT";364;1204;"CAMPOS DE JULIO";"Ingestão de álcool pelo condutor";"Colisão frontal";"Com Vítimas Fatais";"Plena Noite";"Crescente";"Céu Claro";"Simples";"Reta";"Não";3;1;0;0;1;6;0;8;-13,79307226;-59,451828;"SPRF-MT";"DEL04-MT";"UOP01-DEL04-MT"
443222;2022-04-12;"terça-feira";"15:15:00";"SC";101;71,2;"ARAQUARI";"Ausência de reação do condutor";"Atropelamento de Pedestre";"Com Vítimas Feridas";"Pleno dia";"Decrescente";"Nublado";"Dupla";"Reta";"Não";2;0;0;1;0;1;1;2;-26,51864822;-48,71874636;"SPRF-SC";"DEL03-SC";"UOP02-DEL03-SC"
443223;2022-04-12;"terça-feira";"10:40:00";"GO";158;161;"CAIAPONIA";"Ultrapassagem Indevida";"Colisão transversal";"Com Vítimas Feridas";"Pleno dia";"Decrescente";"Sol";"Simples";"Reta";"Não";3;0;1;0;1;2;1;4;-16,979631;-51,838366;"SPRF-GO";"DEL05-GO";"UOP01-DEL05-GO"
443225;2022-04-12;"terça-feira";"12:30:00";"PA";10;264;"AURORA DO PARA";"Transitar na contramão";"Colisão frontal";"Com Vítimas Feridas";"Pleno dia";"Crescente";"Céu Claro";"Simples";"Reta";"Sim";3;0;2;0;1;0;2;2;-2,12325701;-47,56058366;"SPRF-PA";"DEL02-PA";"UOP01-DEL02-PA"
443227;2022-04-12;"terça-feira";"15:40:00";"PR";277;324;"GUARAPUAVA";"Manobra de mudança de faixa";"Colisão lateral mesmo sentido";"Sem Vítimas";"Pleno dia";"Decrescente";"Nublado";"Dupla";"Aclive;Reta";"Não";3;0;0;0;2;1;0;3;-25,36840515;-51,2528759;"SPRF-PR";"DEL08-PR";"UOP01-DEL08-PR"
443234;2022-04-12;"terça-feira";"16:00:00";"BA";110;167;"RIBEIRA DO POMBAL";"Acessar a via sem observar a presença dos outros veículos";"Colisão transversal";"Com Vítimas Feridas";"Pleno dia";"Decrescente";"Céu Claro";"Simples";"Aclive";"Não";3;0;0;2;1;0;2;2;-10,81575006;-38,52979684;"SPRF-BA";"DEL07-BA";"UOP02-DEL07-BA"
443241;2022-04-12;"terça-feira";"17:50:00";"GO";414;417,6;"ABADIANIA";"Velocidade Incompatível";"Tombamento";"Com Vítimas Feridas";"Plena Noite";"Crescente";"Céu Claro";"Simples";"Declive";"Não";2;0;1;0;0;1;1;2;-16,1126452;-48,88584438;"SPRF-GO";"DEL02-GO";"UOP01-DEL02-GO"
443242;2022-04-12;"terça-feira";"17:30:00";"CE";116;20;"EUSEBIO";"Reação tardia ou ineficiente do condutor";"Colisão traseira";"Sem Vítimas";"Plena Noite";"Decrescente";"Céu Claro";"Dupla";"Reta";"Sim";5;0;0;0;5;0;0;5;-3,92639597;-38,5078777;"SPRF-CE";"DEL01-CE";"UOP02-DEL01-CE"
443243;2022-04-09;"sábado";"19:45:00";"SP";116;319;"JUQUITIBA";"Reação tardia ou ineficiente do condutor";"Colisão traseira";"Com Vítimas Feridas";"Plena Noite";"Decrescente";"Céu Claro";"Dupla";"Reta";"Não";3;0;0;1;1;1;1;3;-23,93100968;-46,9996511;"SPRF-SP";"DEL04-SP";"UOP01-DEL04-SP"
443245;2022-04-08;"sexta-feira";"16:30:00";"MG";381;700,7;"LAVRAS";"Velocidade Incompatível";"Tombamento";"Com Vítimas Feridas";"Pleno dia";"Crescente";"Céu Claro";"Dupla";"Declive;Curva";"Não";5;0;4;0;0;3;4;7;-21,287456;-45,144133;"SPRF-MG";"DEL04-MG";"UOP02-DEL04-MG"
443248;2022-04-12;"terça-feira";"18:00:00";"SP";116;206;"GUARULHOS";"Condutor deixou de manter distância do veículo da frente";"Colisão traseira";"Com Vítimas Feridas";"Anoitecer";"Crescente";"Nublado";"Dupla";"Reta";"Não";4;0;1;0;3;0;1;4;-23,41722629;-46,37510292;"SPRF-SP";"DEL01-SP";"UOP01-DEL01-SP"
443249;2022-04-10;"domingo";"07:26:00";"SP";116;322;"JUQUITIBA";"Manobra de mudança de faixa";"Colisão lateral mesmo sentido";"Com Vítimas Feridas";"Pleno dia";"Crescente";"Céu Claro";"Dupla";"Curva";"Não";3;0;1;0;1;1;1;3;-23,935106;-47,026682;"SPRF-SP";"DEL04-SP";"UOP01-DEL04-SP"
443251;2022-04-12;"terça-feira";"18:20:00";"RJ";40;121;"DUQUE DE CAXIAS";"Manobra de mudança de faixa";"Colisão lateral mesmo sentido";"Com Vítimas Feridas";"Plena Noite";"Decrescente";"Nublado";"Múltipla";"Curva";"Sim";3;0;1;0;1;1;1;2;-22,78185499;-43,28571273;"SPRF-RJ";"DEL01-RJ";"UOP01-DEL01-RJ"
443256;2022-04-12;"terça-feira";"18:30:00";"GO";153;438;"ANAPOLIS";"Acessar a via sem observar a presença dos outros veículos";"Colisão traseira";"Com Vítimas Feridas";"Anoitecer";"Crescente";"Céu Claro";"Dupla";"Declive";"Sim";5;0;1;0;3;2;1;4;-16,291595;-48,934811;"SPRF-GO";"DEL02-GO";"UOP01-DEL02-GO"
443259;2022-04-08;"sexta-feira";"16:25:00";"MG";116;704,8;"MURIAE";"Ultrapassagem Indevida";"Colisão lateral mesmo sentido";"Com Vítimas Feridas";"Pleno dia";"Crescente";"Céu Claro";"Simples";"Interseção de Vias";"Sim";2;0;1;0;1;0;1;2;-21,12564749;-42,38324975;"SPRF-MG";"DEL07-MG";"UOP02-DEL07-MG"
443265;2022-04-08;"sexta-feira";"14:03:00";"RJ";465;1;"SEROPEDICA";"Acessar a via sem observar a presença dos outros veículos";"Colisão transversal";"Com Vítimas Feridas";"Pleno dia";"Crescente";"Céu Claro";"Simples";"Interseção de Vias";"Sim";2;0;0;1;1;0;1;2;-22,719835;-43,725739;"SPRF-RJ";"DEL01-RJ";"UOP03-DEL01-RJ"
443268;2022-04-12;"terça-feira";"19:25:00";"MS";163;117;"NAVIRAI";"Acessar a via sem observar a presença dos outros veículos";"Colisão transversal";"Com Vítimas Feridas";"Plena Noite";"Decrescente";"Chuva";"Dupla";"Rotatória";"Não";3;0;1;0;1;1;1;3;-23,13474276;-54,19685366;"SPRF-MS";"DEL09-MS";"UOP01-DEL09-MS"
443269;2022-04-08;"sexta-feira";"16:00:00";"RN";101;127;"SAO JOSE DE MIPIBU";"Ingestão de álcool e/ou substâncias psicoativas pelo pedestre";"Colisão transversal";"Com Vítimas Feridas";"Pleno dia";"Crescente";"Sol";"Dupla";"Retorno Regulamentado";"Sim";2;0;1;0;1;0;1;2;-6,09531301;-35,23432044;"SPRF-RN";"DEL01-RN";"UOP01-DEL01-RN"
443277;2022-04-03;"domingo";"08:30:00";"PI";135;410;"REDENCAO DO GURGUEIA";"Velocidade Incompatível";"Tombamento";"Com Vítimas Feridas";"Pleno dia";"Decrescente";"Céu Claro";"Simples";"Curva";"Sim";3;0;0;1;0;2;1;3;-9,47345465;-44,6176379;"SPRF-PI";"DEL03-PI";"UOP02-DEL03-PI"
443283;2022-04-12;"terça-feira";"21:15:00";"PR";116;126;"FAZENDA RIO GRANDE";"Reação tardia ou ineficiente do condutor";"Colisão traseira";"Com Vítimas Feridas";"Plena Noite";"Decrescente";"Nublado";"Múltipla";"Reta";"Sim";3;0;1;0;1;2;1;4;-25,63724149;-49,31311011;"SPRF-PR";"DEL01-PR";"UOP03-DEL01-PR"
443288;2022-04-12;"terça-feira";"21:00:00";"MG";153;172;"COMENDADOR GOMES";"Demais falhas na via";"Saída de leito carroçável";"Com Vítimas Feridas";"Plena Noite";"Crescente";"Chuva";"Dupla";"Rotatória;Reta";"Não";2;0;1;0;0;1;1;2;-19,78523104;-48,9660625;"SPRF-MG";"DEL13-MG";"UOP02-DEL13-MG"
443293;2022-04-12;"terça-feira";"23:00:00";"PR";116;93;"SAO JOSE DOS PINHAIS";"Reação tardia ou ineficiente do condutor";"Saída de leito carroçável";"Sem Vítimas";"Plena Noite";"Crescente";"Céu Claro";"Múltipla";"Reta";"Não";2;0;0;0;1;1;0;2;-25,52019113;-49,13442712;"SPRF-PR";"DEL01-PR";"UOP01-DEL01-PR"
443294;2022-04-12;"terça-feira";"14:25:00";"MA";230;175;"PASTOS BONS";"Reação tardia ou ineficiente do condutor";"Colisão transversal";"Com Vítimas Feridas";"Pleno dia";"Decrescente";"Céu Claro";"Simples";"Reta";"Não";5;0;1;0;2;8;1;11;-6,74679695;-44,33126203;"SPRF-MA";"DEL05-MA";"UOP01-DEL05-MA"
443295;2022-04-12;"terça-feira";"23:30:00";"PR";277;132;"BALSA NOVA";"Velocidade Incompatível";"Tombamento";"Com Vítimas Fatais";"Plena Noite";"Crescente";"Céu Claro";"Dupla";"Curva";"Não";3;1;0;0;0;2;0;3;-25,47136547;-49,66169;"SPRF-PR";"DEL01-PR";"UOP03-DEL03-PR"
443310;2022-04-12;"terça-feira";"12:35:00";"MG";381;843,1;"SAO SEBASTIAO DA BELA VISTA";"Manobra de mudança de faixa";"Colisão lateral mesmo sentido";"Com Vítimas Feridas";"Pleno dia";"Crescente";"Sol";"Dupla";"Reta";"Não";7;0;2;0;4;1;2;3;-22,18764838;-45,84507823;"SPRF-MG";"DEL16-MG";"UOP01-DEL16-MG"
443313;2022-04-13;"quarta-feira";"06:45:00";"PE";101;23;"GOIANA";"Acessar a via sem observar a presença dos outros veículos";"Atropelamento de Pedestre";"Com Vítimas Fatais";"Amanhecer";"Crescente";"Sol";"Múltipla";"Reta";"Não";3;1;0;0;1;1;0;3;-7,667766;-34,93266;"SPRF-PE";"DEL01-PE";"UOP02-DEL01-PE"
443315;2022-04-13;"quarta-feira";"07:20:00";"SC";101;210,1;"SAO JOSE";"Reação tardia ou ineficiente do condutor";"Colisão lateral mesmo sentido";"Com Vítimas Feridas";"Pleno dia";"Decrescente";"Céu Claro";"Múltipla";"Reta";"Sim";2;0;0;1;1;0;1;2;-27,6167305;-48,6457265;"SPRF-SC";"DEL01-SC";"UOP01-DEL01-SC"
443317;2022-04-13;"quarta-feira";"06:30:00";"SP";153;107,9;"JOSE BONIFACIO";"Acessar a via sem observar a presença dos outros veículos";"Colisão transversal";"Com Vítimas Feridas";"Pleno dia";"Crescente";"Céu Claro";"Simples";"Interseção de Vias";"Não";3;0;1;0;1;1;1;3;-21,06388847;-49,66255104;"SPRF-SP";"DEL09-SP";"UOP01-DEL09-SP"
443334;2022-04-10;"domingo";"05:20:00";"MG";40;516;"RIBEIRAO DAS NEVES";"Ausência de reação do condutor";"Colisão traseira";"Com Vítimas Feridas";"Amanhecer";"Crescente";"Nevoeiro/Neblina";"Dupla";"Reta";"Não";3;0;1;0;1;1;1;3;-19,81628624;-44,08960124;"SPRF-MG";"DEL01-MG";"UOP02-DEL01-MG"
443347;2022-04-08;"sexta-feira";"23:50:00";"PR";116;160;"MANDIRITUBA";"Ingestão de álcool pelo condutor";"Colisão transversal";"Com Vítimas Feridas";"Plena Noite";"Decrescente";"Nublado";"Simples";"Reta";"Sim";3;0;0;1;1;1;1;3;-25,8644568;-49,39181797;"SPRF-PR";"DEL01-PR";"UOP03-DEL01-PR"
443351;2022-04-13;"quarta-feira";"08:45:00";"MG";381;489;"BETIM";"Manobra de mudança de faixa";"Colisão lateral mesmo sentido";"Com Vítimas Feridas";"Pleno dia";"Decrescente";"Céu Claro";"Múltipla";"Reta";"Sim";2;0;1;0;1;0;1;2;-19,96245618;-44,16455495;"SPRF-MG";"DEL01-MG";"UOP03-DEL01-MG"
443372;2022-03-09;"quarta-feira";"03:00:00";"PR";277;156;"PORTO AMAZONAS";"Ausência de reação do condutor";"Tombamento";"Com Vítimas Feridas";"Plena Noite";"Decrescente";"Ignorado";"Simples";"Reta";"Sim";1;0;1;0;0;0;1;1;-25,47289;-49,895964;"SPRF-PR";"DEL01-PR";"UOP03-DEL03-PR"
443374;2022-04-13;"quarta-feira";"08:25:00";"RS";116;253;"SAPUCAIA DO SUL";"Reação tardia ou ineficiente do condutor";"Engavetamento";"Com Vítimas Feridas";"Pleno dia";"Crescente";"Nublado";"Dupla";"Retorno Regulamentado;Reta;Interseção de Vias";"Sim";3;0;1;0;2;0;1;3;-29,81784209;-51,16996166;"SPRF-RS";"DEL01-RS";"UOP02-DEL01-RS"
443376;2022-04-10;"domingo";"08:00:00";"RJ";116;280;"BARRA MANSA";"Condutor Dormindo";"Saída de leito carroçável";"Sem Vítimas";"Pleno dia";"Decrescente";"Nublado";"Dupla";"Reta";"Não";2;0;0;0;1;1;0;2;-22,54134895;-44,19176093;"SPRF-RJ";"DEL07-RJ";"UOP02-DEL07-RJ"
443378;2022-04-13;"quarta-feira";"09:00:00";"RN";101;94;"NATAL";"Acesso irregular";"Colisão lateral mesmo sentido";"Sem Vítimas";"Pleno dia";"Decrescente";"Céu Claro";"Dupla";"Curva";"Sim";2;0;0;0;2;0;0;2;-5,83176615;-35,21191342;"SPRF-RN";"DEL01-RN";"UOP01-DEL01-RN"
443385;2022-04-02;"sábado";"10:00:00";"CE";0;0;"MILAGRES";"Acessar a via sem observar a presença dos outros veículos";"Colisão traseira";"Sem Vítimas";"Pleno dia";"Não Informado";"Céu Claro";"Simples";"Interseção de Vias";"Sim";2;0;0;0;2;0;0;2;-7,31369933;-38,94677997;"SPRF-CE";"DEL05-CE";"UOP03-DEL05-CE"
443397;2022-02-17;"quinta-feira";"21:30:00";"PR";376;145;"PRESIDENTE CASTELO BRANCO";"Deficiência do Sistema de Iluminação/Sinalização";"Colisão traseira";"Com Vítimas Feridas";"Plena Noite";"Crescente";"Chuva";"Dupla";"Reta;Aclive";"Não";3;0;1;0;1;1;1;2;-23,279581;-52,150963;"SPRF-PR";"DEL09-PR";"UOP02-DEL09-PR"
443398;2022-04-13;"quarta-feira";"09:45:00";"BA";116;433;"FEIRA DE SANTANA";"Ausência de reação do condutor";"Saída de leito carroçável";"Com Vítimas Feridas";"Pleno dia";"Decrescente";"Céu Claro";"Dupla";"Curva";"Não";2;0;1;0;0;1;1;2;-12,28864802;-39,014561;"SPRF-BA";"DEL02-BA";"UOP01-DEL02-BA"
443399;2022-04-09;"sábado";"20:00:00";"RN";101;110,5;"PARNAMIRIM";"Condutor deixou de manter distância do veículo da frente";"Colisão traseira";"Sem Vítimas";"Plena Noite";"Decrescente";"Nublado";"Dupla";"Reta";"Sim";2;0;0;0;1;1;0;2;-5,946376;-35,26485;"SPRF-RN";"DEL01-RN";"UOP01-DEL01-RN"
443404;2022-04-13;"quarta-feira";"10:10:00";"RO";364;712;"PORTO VELHO";"Manobra de mudança de faixa";"Colisão lateral mesmo sentido";"Com Vítimas Feridas";"Pleno dia";"Decrescente";"Céu Claro";"Dupla";"Aclive";"Sim";4;0;1;0;2;2;1;4;-8,7770354;-63,87316466;"SPRF-RO";"DEL01-RO";"UOP01-DEL01-RO"
443407;2022-04-13;"quarta-feira";"10:20:00";"MG";116;514,7;"UBAPORANGA";"Ultrapassagem Indevida";"Colisão lateral mesmo sentido";"Sem Vítimas";"Pleno dia";"Crescente";"Céu Claro";"Simples";"Reta";"Não";3;0;0;0;2;1;0;3;-19,66981698;-42,11727987;"SPRF-MG";"DEL06-MG";"UOP02-DEL06-MG"
443412;2022-04-13;"quarta-feira";"11:30:00";"RJ";116;189;"NOVA IGUACU";"Carga excessiva e/ou mal acondicionada";"Colisão com objeto";"Com Vítimas Feridas";"Pleno dia";"Crescente";"Céu Claro";"Dupla";"Reta";"Sim";2;0;1;0;1;0;1;2;-22,73765712;-43,49182298;"SPRF-RJ";"DEL01-RJ";"UOP02-DEL01-RJ"
443415;2022-04-13;"quarta-feira";"10:54:00";"RR";174;503,6;"BOA VISTA";"Manobra de mudança de faixa";"Colisão lateral mesmo sentido";"Com Vítimas Feridas";"Pleno dia";"Crescente";"Nublado";"Dupla";"Reta";"Sim";3;0;0;1;1;2;1;4;2,81208163;-60,69189018;"SPRF-RR";"DEL01-RR";"UOP01-DEL01-RR"
443416;2022-04-09;"sábado";"06:15:00";"RJ";116;281;"BARRA MANSA";"Condutor Dormindo";"Colisão traseira";"Com Vítimas Feridas";"Amanhecer";"Crescente";"Nublado";"Múltipla";"Curva";"Não";4;0;2;0;1;1;2;3;-22,53244798;-44,19565304;"SPRF-RJ";"DEL07-RJ";"UOP02-DEL07-RJ"
443418;2022-04-09;"sábado";"13:00:00";"SP";381;52;"ATIBAIA";"Demais falhas mecânicas ou elétricas";"Queda de ocupante de veículo";"Com Vítimas Feridas";"Pleno dia";"Decrescente";"Céu Claro";"Dupla";"Reta";"Não";3;0;1;0;2;0;1;3;-23,2300622;-46,59963076;"SPRF-SP";"DEL03-SP";"UOP01-DEL03-SP"
443420;2022-04-09;"sábado";"10:10:00";"SC";282;531,9;"CORDILHEIRA ALTA";"Velocidade Incompatível";"Colisão frontal";"Com Vítimas Feridas";"Pleno dia";"Crescente";"Nublado";"Simples";"Curva";"Não";2;0;0;1;1;0;1;2;-26,990747;-52,609776;"SPRF-SC";"DEL07-SC";"UOP01-DEL07-SC"
443422;2022-04-09;"sábado";"06:30:00";"SC";282;528;"CORDILHEIRA ALTA";"Velocidade Incompatível";"Tombamento";"Sem Vítimas";"Pleno dia";"Decrescente";"Nublado";"Simples";"Curva";"Não";2;0;0;0;1;1;0;2;-26,978798;-52,588566;"SPRF-SC";"DEL07-SC";"UOP01-DEL07-SC"
443436;2022-04-13;"quarta-feira";"10:38:00";"RO";364;424,6;"JARU";"Acessar a via sem observar a presença dos outros veículos";"Colisão transversal";"Com Vítimas Feridas";"Pleno dia";"Crescente";"Céu Claro";"Dupla";"Aclive";"Sim";3;0;1;0;1;1;1;3;-10,43828186;-62,47067571;"SPRF-RO";"DEL03-RO";"UOP02-DEL03-RO"
443446;2022-04-13;"quarta-feira";"13:05:00";"MS";262;779,7;"CORUMBA";"Reação tardia ou ineficiente do condutor";"Tombamento";"Com Vítimas Feridas";"Pleno dia";"Crescente";"Sol";"Simples";"Rotatória";"Não";6;0;5;0;0;1;5;3;-19,01818333;-57,69418716;"SPRF-MS";"DEL03-MS";"UOP03-DEL03-MS"
443450;2022-04-09;"sábado";"23:10:00";"MG";251;473,7;"FRANCISCO SA";"Velocidade Incompatível";"Saída de leito carroçável";"Com Vítimas Fatais";"Plena Noite";"Crescente";"Céu Claro";"Simples";"Curva";"Não";1;1;0;0;0;0;0;1;-16,47012768;-43,44753404;"SPRF-MG";"DEL12-MG";"UOP01-DEL12-MG"
443454;2022-02-16;"quarta-feira";"17:20:00";"MT";364;206;"RONDONOPOLIS";"Condutor deixou de manter distância do veículo da frente";"Colisão traseira";"Com Vítimas Feridas";"Pleno dia";"Crescente";"Nublado";"Dupla";"Rotatória";"Sim";2;0;0;1;0;1;1;2;-16,45124779;-54,66469557;"SPRF-MT";"DEL02-MT";"UOP01-DEL02-MT"
443462;2022-04-13;"quarta-feira";"15:00:00";"RS";392;121;"CANGUCU";"Reação tardia ou ineficiente do condutor";"Colisão lateral sentido oposto";"Com Vítimas Feridas";"Pleno dia";"Crescente";"Sol";"Simples";"Reta";"Não";3;0;1;0;1;2;1;4;-31,39134151;-52,69918993;"SPRF-RS";"DEL07-RS";"UOP01-DEL07-RS"
443467;2022-04-13;"quarta-feira";"13:00:00";"RJ";40;82;"PETROPOLIS";"Pedestre andava na pista";"Atropelamento de Pedestre";"Com Vítimas Feridas";"Pleno dia";"Decrescente";"Nublado";"Simples";"Curva";"Não";2;0;0;1;1;0;1;2;-22,5177243;-43,22613113;"SPRF-RJ";"DEL06-RJ";"UOP01-DEL06-RJ"
443468;2022-04-13;"quarta-feira";"11:50:00";"SC";470;141,1;"RIO DO SUL";"Acesso irregular";"Colisão transversal";"Com Vítimas Fatais";"Pleno dia";"Crescente";"Céu Claro";"Simples";"Aclive;Reta";"Sim";4;1;0;0;3;0;0;2;-27,207191;-49,648592;"SPRF-SC";"DEL04-SC";"UOP02-DEL04-SC"