"id";"data_inversa";"dia_semana";"horario";"uf";"br";"km";"municipio";"causa_acidente";"tipo_acidente";"classificacao_acidente";"fase_dia";"sentido_via";"condicao_metereologica";"tipo_pista";"tracado_via";"uso_solo";"pessoas";"mortos";"feridos_leves";"feridos_graves";"ilesos";"ignorados";"feridos";"veiculos";"latitude";"longitude";"regional";"delegacia";"uop"
443474;2022-04-13;"quarta-feira";"16:00:00";"SP";116;443;"REGISTRO";"Ausência de reação do condutor";"Queda de ocupante de veículo";"Com Vítimas Feridas";"Pleno dia";"Crescente";"Nublado";"Dupla";"Ponte";"Sim";4;0;1;0;2;3;1;6;-24,48336513;-47,8324358;"SPRF-SP";"DEL05-SP";"UOP01-DEL05-SP"
443478;2022-04-13;"quarta-feira";"15:30:00";"MG";40;773,8;"JUIZ DE FORA";"Ingestão de álcool pelo condutor";"Colisão lateral mesmo sentido";"Sem Vítimas";"Pleno dia";"Decrescente";"Nublado";"Dupla";"Reta";"Sim";3;0;0;0;2;1;0;3;-21,65156486;-43,4346199;"SPRF-MG";"DEL05-MG";"UOP01-DEL05-MG"
443484;2022-04-13;"quarta-feira";"16:50:00";"PE";101;54,3;"PAULISTA";"Manobra de mudança de faixa";"Colisão lateral mesmo sentido";"Com Vítimas Feridas";"Pleno dia";"Decrescente";"Céu Claro";"Dupla";"Reta";"Não";4;0;2;0;1;1;2;3;-7,93961103;-34,90356584;"SPRF-PE";"DEL01-PE";"UOP02-DEL01-PE"
443487;2022-04-13;"quarta-feira";"15:20:00";"PR";476;218,3;"LAPA";"Ingestão de álcool pelo condutor";"Colisão lateral sentido oposto";"Sem Vítimas";"Pleno dia";"Crescente";"Sol";"Simples";"Declive;Curva";"Não";3;0;0;0;1;2;0;3;-25,810024;-49,907558;"SPRF-PR";"DEL02-PR";"UOP04-DEL02-PR"
443502;2022-04-13;"quarta-feira";"11:30:00";"MG";381;626,1;"OLIVEIRA";"Acostamento em desnível";"Tombamento";"Com Vítimas Feridas";"Pleno dia";"Decrescente";"Céu Claro";"Dupla";"Reta";"Não";2;0;1;0;0;1;1;2;-20,828287;-44,807964;"SPRF-MG";"DEL04-MG";"UOP01-DEL04-MG"
443507;2022-04-13;"quarta-feira";"17:30:00";"PR";476;144;"ARAUCARIA";"Manobra de mudança de faixa";"Colisão lateral mesmo sentido";"Com Vítimas Feridas";"Anoitecer";"Decrescente";"Nublado";"Dupla";"Reta";"Sim";3;0;1;0;2;0;1;2;-25,542501;-49,313011;"SPRF-PR";"DEL01-PR";"UOP03-DEL01-PR"
443509;2022-04-13;"quarta-feira";"17:55:00";"SP";116;279;"EMBU DAS ARTES";"Trafegar com motocicleta (ou similar) entre as faixas";"Colisão lateral mesmo sentido";"Com Vítimas Feridas";"Anoitecer";"Crescente";"Nublado";"Múltipla";"Reta";"Sim";4;0;1;0;2;2;1;5;-23,66233697;-46,85292907;"SPRF-SP";"DEL04-SP";"UOP01-DEL04-SP"
443511;2022-02-12;"sábado";"14:00:00";"RS";290;77;"GRAVATAI";"Demais falhas mecânicas ou elétricas";"Colisão traseira";"Com Vítimas Feridas";"Pleno dia";"Decrescente";"Sol";"Dupla";"Reta";"Não";3;0;0;2;0;1;2;3;-29,955027;-51,027363;"SPRF-RS";"DEL01-RS";"UOP01-DEL01-RS"
443513;2022-02-05;"sábado";"13:20:00";"MA";226;326,3;"BARRA DO CORDA";"Reação tardia ou ineficiente do condutor";"Tombamento";"Com Vítimas Fatais";"Pleno dia";"Decrescente";"Céu Claro";"Simples";"Curva";"Não";2;1;0;0;0;2;0;3;-5,43835362;-45,42670375;"SPRF-MA";"DEL04-MA";"UOP02-DEL04-MA"
443517;2022-04-13;"quarta-feira";"12:30:00";"DF";20;17,6;"BRASILIA";"Velocidade Incompatível";"Colisão com objeto";"Sem Vítimas";"Pleno dia";"Crescente";"Chuva";"Dupla";"Declive";"Não";2;0;0;0;2;0;0;1;-15,621374;-47,71698;"SPRF-DF";"DEL02-DF";"UOP01-DEL02-DF"
443525;2022-04-13;"quarta-feira";"19:25:00";"GO";40;9;"LUZIANIA";"Condutor deixou de manter distância do veículo da frente";"Colisão traseira";"Com Vítimas Feridas";"Plena Noite";"Crescente";"Chuva";"Simples";"Reta;Ponte";"Sim";5;0;1;0;4;0;1;3;-16,131158;-47,957739;"SPRF-DF";"DEL01-DF";"UOP01-DEL01-DF"
443536;2022-04-13;"quarta-feira";"19:20:00";"PR";163;178,9;"LINDOESTE";"Manobra de mudança de faixa";"Colisão lateral mesmo sentido";"Com Vítimas Feridas";"Plena Noite";"Decrescente";"Céu Claro";"Dupla";"Declive;Em Obras";"Não";3;0;1;0;1;2;1;4;-25,19299599;-53,60212908;"SPRF-PR";"DEL05-PR";"UOP05-DEL05-PR"
443538;2022-04-13;"quarta-feira";"17:30:00";"PA";10;347;"SANTA MARIA DO PARA";"Reação tardia ou ineficiente do condutor";"Saída de leito carroçável";"Com Vítimas Feridas";"Amanhecer";"Decrescente";"Céu Claro";"Simples";"Reta";"Não";3;0;1;1;0;1;2;2;-1,4076821;-47,55600325;"SPRF-PA";"DEL01-PA";"UOP02-DEL01-PA"
443542;2022-04-13;"quarta-feira";"17:40:00";"MA";316;252;"PINDARE-MIRIM";"Carga excessiva e/ou mal acondicionada";"Tombamento";"Com Vítimas Feridas";"Anoitecer";"Crescente";"Céu Claro";"Simples";"Reta";"Não";2;0;1;0;0;1;1;2;-3,660485;-45,459854;"SPRF-MA";"DEL02-MA";"UOP01-DEL02-MA"
443543;2022-04-13;"quarta-feira";"19:00:00";"ES";101;269,8;"SERRA";"Reação tardia ou ineficiente do condutor";"Colisão frontal";"Com Vítimas Feridas";"Plena Noite";"Decrescente";"Céu Claro";"Múltipla";"Reta";"Sim";2;0;1;0;1;0;1;2;-20,21740496;-40,26990578;"SPRF-ES";"DEL02-ES";"UOP01-DEL02-ES"
443546;2022-04-13;"quarta-feira";"19:50:00";"MG";251;506,2;"FRANCISCO SA";"Acumulo de óleo sobre o pavimento";"Colisão frontal";"Com Vítimas Fatais";"Plena Noite";"Crescente";"Chuva";"Simples";"Reta";"Não";7;2;1;1;2;1;2;3;-16,61894941;-43,6887828;"SPRF-MG";"DEL12-MG";"UOP01-DEL12-MG"
443550;2022-04-10;"domingo";"02:05:00";"RO";435;124;"CEREJEIRAS";"Ausência de reação do condutor";"Colisão traseira";"Com Vítimas Feridas";"Plena Noite";"Decrescente";"Céu Claro";"Dupla";"Reta";"Sim";2;0;0;1;1;0;1;2;-13,188876;-60,817287;"SPRF-RO";"DEL04-RO";"UOP02-DEL04-RO"
443558;2022-04-11;"segunda-feira";"16:00:00";"MA";222;614,9;"ACAILANDIA";"Afundamento ou ondulação no pavimento";"Tombamento";"Com Vítimas Feridas";"Pleno dia";"Crescente";"Céu Claro";"Simples";"Aclive";"Não";2;0;1;0;0;1;1;2;-4,737573;-47,026397;"SPRF-MA";"DEL04-MA";"UOP03-DEL04-MA"
443562;2022-04-13;"quarta-feira";"18:40:00";"SC";282;461,5;"PONTE SERRADA";"Acessar a via sem observar a presença dos outros veículos";"Colisão transversal";"Com Vítimas Feridas";"Plena Noite";"Crescente";"Céu Claro";"Simples";"Reta";"Sim";4;0;3;0;1;0;3;2;-26,86650603;-52,02288151;"SPRF-SC";"DEL07-SC";"UOP04-DEL07-SC"
443563;2022-04-13;"quarta-feira";"20:00:00";"MG";267;217,5;"ARANTINA";"Transitar no acostamento";"Colisão traseira";"Com Vítimas Fatais";"Plena Noite";"Crescente";"Céu Claro";"Simples";"Curva";"Não";3;2;0;0;1;0;0;2;-21,94069472;-44,2158932;"SPRF-MG";"DEL17-MG";"UOP01-DEL17-MG"
443565;2022-04-13;"quarta-feira";"21:05:00";"MG";354;753,4;"ITAMONTE";"Ingestão de álcool pelo condutor";"Colisão traseira";"Com Vítimas Feridas";"Plena Noite";"Decrescente";"Céu Claro";"Simples";"Reta";"Sim";4;0;3;0;1;0;3;3;-22,280314;-44,872181;"SPRF-MG";"DEL17-MG";"UOP01-DEL17-MG"
443569;2022-04-13;"quarta-feira";"21:10:00";"SP";381;89;"GUARULHOS";"Manobra de mudança de faixa";"Colisão lateral mesmo sentido";"Com Vítimas Feridas";"Plena Noite";"Decrescente";"Nublado";"Múltipla";"Reta;Interseção de Vias";"Sim";4;0;1;0;2;1;1;3;-23,48469299;-46,55983288;"SPRF-SP";"DEL03-SP";"UOP01-DEL03-SP"
443570;2022-04-08;"sexta-feira";"23:30:00";"SP";381;41;"ATIBAIA";"Condutor deixou de manter distância do veículo da frente";"Colisão traseira";"Sem Vítimas";"Plena Noite";"Crescente";"Céu Claro";"Dupla";"Reta";"Não";3;0;0;0;2;1;0;3;-23,13863999;-46,57584088;"SPRF-SP";"DEL03-SP";"UOP01-DEL03-SP"
443574;2022-04-13;"quarta-feira";"21:15:00";"SC";101;401;"MARACAJA";"Ausência de sinalização";"Colisão traseira";"Com Vítimas Feridas";"Pleno dia";"Decrescente";"Chuva";"Simples";"Reta";"Não";3;0;1;0;1;3;1;5;-28,85594274;-49,44019434;"SPRF-SC";"DEL02-SC";"UOP02-DEL02-SC"
443577;2022-04-13;"quarta-feira";"19:10:00";"SC";280;267,9;"IRINEOPOLIS";"Desrespeitar a preferência no cruzamento";"Saída de leito carroçável";"Sem Vítimas";"Plena Noite";"Decrescente";"Garoa/Chuvisco";"Simples";"Reta";"Não";3;0;0;0;2;1;0;3;-26,264107;-50,707958;"SPRF-SC";"DEL06-SC";"UOP04-DEL06-SC"
443578;2022-04-13;"quarta-feira";"18:45:00";"MG";262;39,5;"MANHUACU";"Transitar no acostamento";"Colisão lateral mesmo sentido";"Com Vítimas Feridas";"Plena Noite";"Decrescente";"Céu Claro";"Simples";"Reta";"Sim";4;0;0;2;1;1;2;4;-20,27395538;-42,06008126;"SPRF-MG";"DEL06-MG";"UOP03-DEL06-MG"
443585;2022-04-13;"quarta-feira";"22:20:00";"GO";60;357;"SANTO ANTONIO DA BARRA";"Ausência de reação do condutor";"Colisão traseira";"Com Vítimas Feridas";"Plena Noite";"Crescente";"Céu Claro";"Dupla";"Reta";"Não";2;0;1;0;1;0;1;2;-17,5808;-50,6926;"SPRF-GO";"DEL04-GO";"UOP01-DEL04-GO"
443590;2022-04-13;"quarta-feira";"22:30:00";"PR";0;0;"PRUDENTOPOLIS";"Iluminação deficiente";"Colisão traseira";"Sem Vítimas";"Plena Noite";"Não Informado";"Céu Claro";"Simples";"Reta";"Não";5;0;0;0;4;1;0;3;-25,31368092;-51,07933299;"SPRF-PR";"DEL08-PR";"N/A"
443593;2022-04-13;"quarta-feira";"23:35:00";"GO";50;203;"CAMPO ALEGRE DE GOIAS";"Reação tardia ou ineficiente do condutor";"Saída de leito carroçável";"Com Vítimas Feridas";"Plena Noite";"Decrescente";"Nevoeiro/Neblina";"Dupla";"Reta";"Sim";1;0;1;0;0;0;1;1;-17,599998;-47,797572;"SPRF-GO";"DEL06-GO";"UOP01-DEL06-GO"
443603;2022-04-14;"quinta-feira";"01:30:00";"SP";116;358,8;"MIRACATU";"Ausência de reação do condutor";"Colisão traseira";"Com Vítimas Fatais";"Plena Noite";"Crescente";"Céu Claro";"Dupla";"Declive";"Não";3;1;0;0;1;1;0;3;-24,10289207;-47,25984898;"SPRF-SP";"DEL04-SP";"UOP02-DEL04-SP"
443604;2022-04-09;"sábado";"08:00:00";"MG";262;553,5;"LUZ";"Velocidade Incompatível";"Saída de leito carroçável";"Sem Vítimas";"Pleno dia";"Decrescente";"Nublado";"Simples";"Curva";"Não";2;0;0;0;1;2;0;3;-19,71819541;-45,89938601;"SPRF-MG";"DEL08-MG";"UOP02-DEL08-MG"
443608;2022-04-14;"quinta-feira";"02:45:00";"MG";153;49,9;"MONTE ALEGRE DE MINAS";"Condutor Dormindo";"Saída de leito carroçável";"Com Vítimas Feridas";"Plena Noite";"Crescente";"Nublado";"Dupla";"Reta";"Não";2;0;1;0;0;1;1;2;-18,819063;-49,087623;"SPRF-MG";"DEL15-MG";"UOP03-DEL15-MG"
443609;2022-01-28;"sexta-feira";"19:40:00";"BA";324;446,2;"RIACHAO DO JACUIPE";"Pista esburacada";"Colisão frontal";"Com Vítimas Feridas";"Plena Noite";"Crescente";"Céu Claro";"Simples";"Reta";"Não";6;0;2;1;2;1;3;4;-11,85328309;-39,33444207;"SPRF-BA";"DEL02-BA";"UOP01-DEL02-BA"
443611;2022-04-14;"quinta-feira";"05:53:00";"GO";70;178;"ITABERAI";"Acessar a via sem observar a presença dos outros veículos";"Colisão traseira";"Com Vítimas Feridas";"Amanhecer";"Crescente";"Céu Claro";"Simples";"Reta";"Não";3;0;0;1;0;2;1;2;-15,97789905;-49,68326396;"SPRF-GO";"DEL02-GO";"UOP02-DEL02-GO"
443617;2022-04-14;"quinta-feira";"05:30:00";"ES";101;186,7;"ARACRUZ";"Pedestre andava na pista";"Atropelamento de Pedestre";"Com Vítimas Feridas";"Amanhecer";"Decrescente";"Céu Claro";"Dupla";"Reta";"Não";2;0;0;1;0;1;1;2;-19,66488404;-40,24929498;"SPRF-ES";"DEL04-ES";"UOP01-DEL04-ES"
443618;2022-04-14;"quinta-feira";"06:50:00";"ES";101;90,7;"JAGUARE";"Condutor deixou de manter distância do veículo da frente";"Colisão traseira";"Com Vítimas Feridas";"Pleno dia";"Decrescente";"Sol";"Simples";"Reta";"Sim";4;0;2;0;2;0;2;3;-18,89806708;-39,95602283;"SPRF-ES";"DEL04-ES";"UOP02-DEL04-ES"
443621;2022-04-14;"quinta-feira";"06:00:00";"MS";267;79,2;"BATAGUASSU";"Condutor Dormindo";"Colisão frontal";"Com Vítimas Fatais";"Amanhecer";"Crescente";"Nublado";"Simples";"Reta";"Não";3;1;0;0;1;2;0;4;-21,87830809;-52,86233498;"SPRF-MS";"DEL02-MS";"UOP04-DEL02-MS"
443625;2022-04-14;"quinta-feira";"06:30:00";"BA";324;568;"SAO SEBASTIAO DO PASSE";"Ausência de reação do condutor";"Engavetamento";"Com Vítimas Feridas";"Amanhecer";"Decrescente";"Céu Claro";"Dupla";"Reta";"Não";19;0;2;0;16;1;2;8;-12,54298;-38,585029;"SPRF-BA";"DEL01-BA";"UOP01-DEL01-BA"
443629;2022-04-14;"quinta-feira";"04:50:00";"SC";280;32;"ARAQUARI";"Ausência de reação do condutor";"Saída de leito carroçável";"Com Vítimas Feridas";"Amanhecer";"Decrescente";"Nublado";"Simples";"Curva";"Não";2;0;1;0;0;1;1;2;-26,420618;-48,779335;"SPRF-SC";"DEL03-SC";"UOP03-DEL03-SC"
443630;2022-04-14;"quinta-feira";"03:55:00";"MT";163;1069,9;"GUARANTA DO NORTE";"Transitar na contramão";"Colisão frontal";"Sem Vítimas";"Plena Noite";"Decrescente";"Céu Claro";"Simples";"Curva";"Não";3;0;0;0;1;4;0;5;-9,91261426;-54,90320385;"SPRF-MT";"DEL06-MT";"NPF/DEL06-MT"
443631;2022-04-14;"quinta-feira";"07:00:00";"MG";267;286,4;"BAEPENDI";"Velocidade Incompatível";"Tombamento";"Com Vítimas Feridas";"Pleno dia";"Crescente";"Nublado";"Simples";"Curva";"Não";2;0;1;0;0;1;1;2;-21,92460612;-44,77877599;"SPRF-MG";"DEL17-MG";"UOP01-DEL17-MG"
443637;2022-04-14;"quinta-feira";"07:20:00";"RS";285;302,5;"PASSO FUNDO";"Frear bruscamente";"Tombamento";"Com Vítimas Feridas";"Pleno dia";"Crescente";"Céu Claro";"Simples";"Reta";"Não";3;0;2;0;0;1;2;2;-28,220501;-52,45932;"SPRF-RS";"DEL08-RS";"UOP03-DEL08-RS"
443638;2022-04-14;"quinta-feira";"02:00:00";"PE";110;105,5;"SERTANIA";"Problema com o freio";"Tombamento";"Sem Vítimas";"Pleno dia";"Crescente";"Céu Claro";"Simples";"Curva";"Não";1;0;0;0;0;1;0;1;-8,39951118;-37,35666188;"SPRF-PE";"DEL03-PE";"UOP02-DEL03-PE"
443643;2022-04-10;"domingo";"13:20:00";"SP";116;292;"ITAPECERICA DA SERRA";"Ausência de reação do condutor";"Atropelamento de Animal";"Com Vítimas Feridas";"Pleno dia";"Decrescente";"Céu Claro";"Dupla";"Declive";"Sim";2;0;1;0;0;1;1;2;-23,74581995;-46,90003027;"SPRF-SP";"DEL04-SP";"UOP01-DEL04-SP"
443651;2022-04-14;"quinta-feira";"08:10:00";"PR";376;347,4;"ORTIGUEIRA";"Ausência de reação do condutor";"Tombamento";"Sem Vítimas";"Pleno dia";"Decrescente";"Nublado";"Simples";"Curva";"Não";2;0;0;0;1;1;0;2;-24,1882;-50,960964;"SPRF-PR";"DEL07-PR";"UOP02-DEL07-PR"
443656;2022-04-14;"quinta-feira";"10:56:00";"MG";40;412;"CURVELO";"Transitar na contramão";"Colisão frontal";"Sem Vítimas";"Pleno dia";"Crescente";"Céu Claro";"Simples";"Reta";"Não";3;0;0;0;2;1;0;3;-19,12766333;-44,6305802;"SPRF-MG";"DEL02-MG";"UOP01-DEL02-MG"
443660;2022-03-07;"segunda-feira";"09:20:00";"PA";163;831;"PLACAS";"Transitar na contramão";"Colisão frontal";"Com Vítimas Feridas";"Pleno dia";"Crescente";"Céu Claro";"Simples";"Aclive";"Não";3;0;1;0;2;0;1;2;-3,80076703;-54,82563982;"SPRF-PA";"DEL05-PA";"UOP01-DEL05-PA"
443664;2022-04-14;"quinta-feira";"09:45:00";"MT";163;686;"LUCAS DO RIO VERDE";"Acessar a via sem observar a presença dos outros veículos";"Colisão lateral mesmo sentido";"Sem Vítimas";"Pleno dia";"Decrescente";"Sol";"Dupla";"Retorno Regulamentado";"Sim";2;0;0;0;2;0;0;2;-13,080102;-55,937944;"SPRF-MT";"DEL06-MT";"UOP01-DEL06-MT"
443668;2022-04-08;"sexta-feira";"21:10:00";"GO";153;263;"NOVA GLORIA";"Problema na suspensão";"Incêndio";"Sem Vítimas";"Plena Noite";"Crescente";"Ignorado";"Simples";"Reta";"Não";2;0;0;0;1;1;0;2;-15,01614;-49,421726;"SPRF-GO";"DEL07-GO";"UOP02-DEL07-GO"
443672;2022-04-14;"quinta-feira";"12:50:00";"PE";232;23;"MORENO";"Fumaça";"Engavetamento";"Com Vítimas Feridas";"Pleno dia";"Crescente";"Céu Claro";"Dupla";"Reta";"Não";12;0;6;0;5;1;6;8;-8,0992185;-35,09713887;"SPRF-PE";"DEL01-PE";"UOP01-DEL01-PE"
443674;2022-04-14;"quinta-feira";"12:55:00";"PR";116;38,6;"CAMPINA GRANDE DO SUL";"Reação tardia ou ineficiente do condutor";"Saída de leito carroçável";"Com Vítimas Feridas";"Pleno dia";"Crescente";"Chuva";"Dupla";"Curva";"Não";2;0;1;0;0;1;1;2;-25,14802509;-48,85922071;"SPRF-PR";"DEL01-PR";"UOP02-DEL01-PR"
443676;2022-02-17;"quinta-feira";"14:00:00";"MT";364;463;"VARZEA GRANDE";"Reação tardia ou ineficiente do condutor";"Tombamento";"Com Vítimas Feridas";"Pleno dia";"Decrescente";"Céu Claro";"Simples";"Reta";"Não";2;0;1;0;0;1;1;2;-15,500857;-56,27185103;"SPRF-MT";"DEL01-MT";"UOP02-DEL01-MT"
443678;2022-04-14;"quinta-feira";"09:25:00";"BA";101;122;"ALAGOINHAS";"Ultrapassagem Indevida";"Saída de leito carroçável";"Com Vítimas Feridas";"Pleno dia";"Crescente";"Céu Claro";"Simples";"Curva";"Não";3;0;1;0;1;1;1;3;-12,17564101;-38,57512499;"SPRF-BA";"DEL01-BA";"UOP04-DEL01-BA"
443684;2022-04-14;"quinta-feira";"13:30:00";"ES";101;308,1;"VIANA";"Demais falhas mecânicas ou elétricas";"Colisão lateral mesmo sentido";"Com Vítimas Feridas";"Pleno dia";"Decrescente";"Nublado";"Dupla";"Reta";"Não";3;0;1;0;1;1;1;3;-20,41083479;-40,45879483;"SPRF-ES";"DEL01-ES";"UOP01-DEL01-ES"
443686;2022-04-14;"quinta-feira";"13:00:00";"MG";262;555,6;"CAMPOS ALTOS";"Carga excessiva e/ou mal acondicionada";"Saída de leito carroçável";"Com Vítimas Feridas";"Pleno dia";"Crescente";"Céu Claro";"Simples";"Curva";"Não";2;0;1;0;0;2;1;3;-19,6619922;-46,1155694;"SPRF-MG";"DEL08-MG";"UOP02-DEL08-MG"
443689;2022-04-14;"quinta-feira";"12:20:00";"RJ";40;109;"DUQUE DE CAXIAS";"Carga excessiva e/ou mal acondicionada";"Tombamento";"Com Vítimas Feridas";"Pleno dia";"Decrescente";"Céu Claro";"Múltipla";"Curva";"Sim";2;0;1;0;0;1;1;2;-22,67374628;-43,28638368;"SPRF-RJ";"DEL01-RJ";"UOP01-DEL01-RJ"
443691;2022-03-01;"terça-feira";"15:15:00";"PA";230;1104;"ITAITUBA";"Velocidade Incompatível";"Tombamento";"Com Vítimas Feridas";"Pleno dia";"Crescente";"Céu Claro";"Simples";"Reta";"Não";2;0;1;0;0;2;1;3;-4,29975592;-55,71691807;"SPRF-PA";"DEL05-PA";"UOP01-DEL05-PA"
443698;2022-04-14;"quinta-feira";"13:20:00";"MG";365;493;"PATROCINIO";"Ausência de reação do condutor";"Colisão lateral mesmo sentido";"Com Vítimas Feridas";"Pleno dia";"Crescente";"Céu Claro";"Simples";"Aclive;Reta";"Não";3;0;1;0;1;2;1;4;-18,91052317;-47,18665587;"SPRF-MG";"DEL10-MG";"UOP01-DEL10-MG"
443704;2022-04-14;"quinta-feira";"14:15:00";"RJ";101;77;"CAMPOS DOS GOYTACAZES";"Reação tardia ou ineficiente do condutor";"Colisão traseira";"Com Vítimas Feridas";"Pleno dia";"Crescente";"Chuva";"Simples";"Reta";"Não";2;0;1;0;1;0;1;2;-21,83273919;-41,41420841;"SPRF-RJ";"DEL08-RJ";"UOP02-DEL08-RJ"
443714;2022-04-14;"quinta-feira";"17:05:00";"MG";381;456,1;"BELO HORIZONTE";"Problema com o freio";"Colisão traseira";"Com Vítimas Feridas";"Pleno dia";"Decrescente";"Céu Claro";"Simples";"Reta;Declive";"Sim";4;0;1;0;2;1;1;4;-19,840675;-43,88537;"SPRF-MG";"DEL01-MG";"UOP01-DEL01-MG"
443715;2022-04-14;"quinta-feira";"15:05:00";"PI";343;324,6;"TERESINA";"Demais falhas mecânicas ou elétricas";"Incêndio";"Sem Vítimas";"Pleno dia";"Decrescente";"Céu Claro";"Simples";"Reta";"Não";2;0;0;0;1;1;0;2;-5,061587;-42,60183;"SPRF-PI";"DEL01-PI";"UOP01-DEL01-PI"
443720;2022-04-14;"quinta-feira";"16:13:00";"ES";101;443,9;"MIMOSO DO SUL";"Velocidade Incompatível";"Colisão frontal";"Com Vítimas Fatais";"Anoitecer";"Crescente";"Nublado";"Simples";"Reta";"Não";3;2;0;1;0;0;1;2;-21,09789425;-41,25305078;"SPRF-ES";"DEL03-ES";"UOP02-DEL03-ES"
443723;2022-04-14;"quinta-feira";"10:00:00";"BA";116;635;"JAGUAQUARA";"Condutor deixou de manter distância do veículo da frente";"Colisão traseira";"Com Vítimas Feridas";"Pleno dia";"Decrescente";"Céu Claro";"Simples";"Reta";"Não";4;0;1;0;2;3;1;6;-13,49106091;-40,04680221;"SPRF-BA";"DEL03-BA";"UOP01-DEL03-BA"
443724;2022-04-14;"quinta-feira";"17:20:00";"SC";101;199,2;"SAO JOSE";"Carga excessiva e/ou mal acondicionada";"Colisão lateral mesmo sentido";"Com Vítimas Feridas";"Pleno dia";"Crescente";"Céu Claro";"Dupla";"Reta";"Sim";3;0;1;0;1;1;1;3;-27,53413705;-48,63003205;"SPRF-SC";"DEL01-SC";"UOP01-DEL01-SC"
443726;2022-03-25;"sexta-feira";"15:20:00";"PA";230;761;"MEDICILANDIA";"Reação tardia ou ineficiente do condutor";"Colisão lateral sentido oposto";"Com Vítimas Feridas";"Pleno dia";"Decrescente";"Céu Claro";"Simples";"Ponte";"Não";3;0;1;0;2;0;1;2;-3,50224779;-53,03850695;"SPRF-PA";"DEL04-PA";"UOP01-DEL04-PA"
443736;2022-04-14;"quinta-feira";"17:45:00";"CE";20;362,6;"MARANGUAPE";"Pista esburacada";"Queda de ocupante de veículo";"Com Vítimas Fatais";"Anoitecer";"Decrescente";"Céu Claro";"Simples";"Curva";"Não";4;1;0;0;1;3;0;4;-4,007033;-38,969632;"SPRF-CE";"DEL02-CE";"UOP01-DEL02-CE"
443739;2022-04-14;"quinta-feira";"17:30:00";"PR";116;135,6;"MANDIRITUBA";"Frear bruscamente";"Colisão lateral mesmo sentido";"Sem Vítimas";"Pleno dia";"Crescente";"Nublado";"Simples";"Reta";"Não";3;0;0;0;2;2;0;4;-25,68413003;-49,31639964;"SPRF-PR";"DEL01-PR";"UOP03-DEL01-PR"
443740;2022-04-14;"quinta-feira";"12:20:00";"TO";153;342;"GUARAI";"Reação tardia ou ineficiente do condutor";"Colisão transversal";"Com Vítimas Fatais";"Pleno dia";"Crescente";"Chuva";"Simples";"Reta";"Não";4;1;1;0;1;2;1;4;-8,90868999;-48,5092584;"SPRF-TO";"DEL02-TO";"UOP02-DEL02-TO"
443758;2022-04-14;"quinta-feira";"15:15:00";"SC";282;349;"CAMPOS NOVOS";"Mal súbito do condutor";"Colisão frontal";"Com Vítimas Feridas";"Pleno dia";"Decrescente";"Céu Claro";"Simples";"Reta";"Não";4;0;0;1;1;2;1;4;-27,358049;-51,282482;"SPRF-SC";"DEL07-SC";"UOP06-DEL07-SC"
443765;2022-04-14;"quinta-feira";"18:30:00";"MG";50;0,3;"ARAGUARI";"Velocidade Incompatível";"Tombamento";"Com Vítimas Feridas";"Plena Noite";"Decrescente";"Céu Claro";"Dupla";"Aclive;Curva";"Não";2;0;1;0;0;1;1;2;-18,42432;-48,068207;"SPRF-MG";"DEL15-MG";"UOP02-DEL15-MG"
443769;2022-04-14;"quinta-feira";"17:45:00";"PE";101;48,9;"ABREU E LIMA";"Manobra de mudança de faixa";"Colisão lateral mesmo sentido";"Sem Vítimas";"Anoitecer";"Decrescente";"Céu Claro";"Múltipla";"Reta";"Sim";2;0;0;0;2;0;0;2;-7,89174705;-34,9033493;"SPRF-PE";"DEL01-PE";"UOP02-DEL01-PE"
443774;2022-04-08;"sexta-feira";"20:05:00";"GO";364;303;"MINEIROS";"Reação tardia ou ineficiente do condutor";"Colisão traseira";"Com Vítimas Feridas";"Plena Noite";"Crescente";"Céu Claro";"Simples";"Reta";"Não";5;0;1;0;2;2;1;4;-17,530985;-52,533325;"SPRF-GO";"DEL05-GO";"UOP01-DEL05-GO"
443777;2022-04-14;"quinta-feira";"17:00:00";"PR";373;430;"CHOPINZINHO";"Transitar na contramão";"Colisão frontal";"Com Vítimas Fatais";"Pleno dia";"Crescente";"Céu Claro";"Simples";"Curva";"Não";7;1;2;1;3;0;3;3;-25,74531802;-52,23503697;"SPRF-PR";"DEL02-PR";"UOP01-DEL02-PR"
443791;2022-02-22;"terça-feira";"06:25:00";"RS";153;586,9;"BAGE";"Reação tardia ou ineficiente do condutor";"Colisão frontal";"Sem Vítimas";"Amanhecer";"Decrescente";"Céu Claro";"Simples";"Reta";"Não";3;0;0;0;3;0;0;3;-31,09880692;-53,74105905;"SPRF-RS";"DEL11-RS";"UOP03-DEL11-RS"
443797;2022-04-14;"quinta-feira";"19:00:00";"ES";259;59,7;"COLATINA";"Acessar a via sem observar a presença dos outros veículos";"Colisão lateral sentido oposto";"Sem Vítimas";"Plena Noite";"Crescente";"Céu Claro";"Simples";"Aclive;Curva";"Não";3;0;0;0;0;3;0;3;-19,52125411;-40,66594194;"SPRF-ES";"DEL02-ES";"UOP01-DEL02-ES"
443798;2022-04-14;"quinta-feira";"19:40:00";"RS";285;285,4;"PASSO FUNDO";"Pedestre cruzava a pista fora da faixa";"Atropelamento de Pedestre";"Com Vítimas Feridas";"Plena Noite";"Decrescente";"Céu Claro";"Simples";"Reta";"Não";4;0;0;1;1;2;1;3;-28,24577;-52,299809;"SPRF-RS";"DEL08-RS";"UOP03-DEL08-RS"