"id";"data_inversa";"dia_semana";"horario";"uf";"br";"km";"municipio";"causa_acidente";"tipo_acidente";"classificacao_acidente";"fase_dia";"sentido_via";"condicao_metereologica";"tipo_pista";"tracado_via";"uso_solo";"pessoas";"mortos";"feridos_leves";"feridos_graves";"ilesos";"ignorados";"feridos";"veiculos";"latitude";"longitude";"regional";"delegacia";"uop"
443799;2022-04-14;"quinta-feira";"21:40:00";"ES";101;264,5;"SERRA";"Reação tardia ou ineficiente do condutor";"Colisão traseira";"Com Vítimas Feridas";"Plena Noite";"Decrescente";"Chuva";"Múltipla";"Interseção de Vias";"Não";2;0;0;1;1;0;1;2;-20,17809904;-40,26578184;"SPRF-ES";"DEL02-ES";"UOP01-DEL02-ES"
443801;2022-04-06;"quarta-feira";"20:05:00";"RS";116;620,4;"ARROIO GRANDE";"Deficiência do Sistema de Iluminação/Sinalização";"Colisão traseira";"Com Vítimas Feridas";"Plena Noite";"Crescente";"Céu Claro";"Simples";"Reta";"Não";15;0;7;0;1;7;7;3;-32,30915513;-53,13149783;"SPRF-RS";"DEL07-RS";"UOP03-DEL07-RS"
443805;2022-04-14;"quinta-feira";"19:40:00";"PR";272;391,6;"FAROL";"Manobra de mudança de faixa";"Colisão transversal";"Com Vítimas Feridas";"Plena Noite";"Decrescente";"Céu Claro";"Simples";"Interseção de Vias";"Não";2;0;0;1;1;0;1;2;-24,08509006;-52,61529396;"SPRF-PR";"DEL09-PR";"UOP03-DEL09-PR"
443806;2022-04-14;"quinta-feira";"22:00:00";"SP";116;300;"SAO LOURENCO DA SERRA";"Chuva";"Tombamento";"Com Vítimas Feridas";"Plena Noite";"Crescente";"Chuva";"Dupla";"Declive";"Não";1;0;1;0;0;0;1;1;-23,80425272;-46,92143625;"SPRF-SP";"DEL04-SP";"UOP01-DEL04-SP"
443809;2022-04-14;"quinta-feira";"16:55:00";"PE";316;124;"PARNAMIRIM";"Condutor usando celular";"Saída de leito carroçável";"Com Vítimas Feridas";"Anoitecer";"Crescente";"Céu Claro";"Simples";"Reta";"Não";2;0;1;0;0;1;1;2;-8,02226451;-39,74844622;"SPRF-PE";"DEL05-PE";"UOP02-DEL05-PE"
443810;2022-04-14;"quinta-feira";"16:40:00";"SC";282;492;"FAXINAL DOS GUEDES";"Reação tardia ou ineficiente do condutor";"Tombamento";"Com Vítimas Feridas";"Pleno dia";"Decrescente";"Céu Claro";"Simples";"Curva";"Não";2;0;1;0;0;1;1;2;-26,871534;-52,300915;"SPRF-SC";"DEL07-SC";"UOP01-DEL07-SC"
443817;2022-04-14;"quinta-feira";"23:15:00";"SE";101;186,3;"UMBAUBA";"Animais na Pista";"Atropelamento de Animal";"Com Vítimas Fatais";"Plena Noite";"Crescente";"Nublado";"Simples";"Reta";"Não";3;1;0;0;1;1;0;3;-11,39982531;-37,6833868;"SPRF-SE";"DEL02-SE";"UOP03-DEL02-SE"
443821;2022-04-14;"quinta-feira";"21:40:00";"MT";163;737;"SORRISO";"Ingestão de álcool pelo condutor";"Colisão transversal";"Sem Vítimas";"Plena Noite";"Crescente";"Nublado";"Simples";"Reta";"Não";2;0;0;0;1;1;0;2;-12,656712;-55,79004;"SPRF-MT";"DEL06-MT";"UOP01-DEL06-MT"
443834;2022-04-15;"sexta-feira";"00:20:00";"SC";101;224,5;"PALHOCA";"Condutor Dormindo";"Engavetamento";"Com Vítimas Feridas";"Plena Noite";"Decrescente";"Nublado";"Dupla";"Reta";"Sim";4;0;1;0;2;1;1;4;-27,71552634;-48,64881251;"SPRF-SC";"DEL01-SC";"UOP02-DEL01-SC"
443845;2022-04-15;"sexta-feira";"02:50:00";"MG";153;91;"PRATA";"Ausência de reação do condutor";"Saída de leito carroçável";"Com Vítimas Feridas";"Plena Noite";"Crescente";"Céu Claro";"Simples";"Reta";"Não";1;0;1;0;0;0;1;1;-19,15242696;-48,96164382;"SPRF-MG";"DEL15-MG";"UOP03-DEL15-MG"
443846;2022-04-15;"sexta-feira";"04:30:00";"RS";290;151;"ARROIO DOS RATOS";"Ingestão de álcool pelo condutor";"Colisão frontal";"Com Vítimas Feridas";"Amanhecer";"Crescente";"Céu Claro";"Simples";"Reta";"Sim";3;0;1;0;1;1;1;3;-30,105392;-51,717197;"SPRF-RS";"DEL02-RS";"UOP01-DEL02-RS"
443852;2022-04-15;"sexta-feira";"03:30:00";"MG";116;304,4;"ITAMBACURI";"Ausência de reação do condutor";"Saída de leito carroçável";"Com Vítimas Feridas";"Plena Noite";"Decrescente";"Chuva";"Simples";"Reta";"Não";1;0;0;1;0;0;1;1;-18,02424603;-41,64791895;"SPRF-MG";"DEL11-MG";"UOP01-DEL11-MG"
443856;2022-04-15;"sexta-feira";"05:50:00";"PR";376;628;"SAO JOSE DOS PINHAIS";"Estacionar ou parar em local proibido";"Colisão traseira";"Com Vítimas Feridas";"Amanhecer";"Crescente";"Céu Claro";"Dupla";"Reta";"Não";2;0;1;0;1;0;1;2;-25,67832409;-49,14963231;"SPRF-PR";"DEL01-PR";"UOP04-DEL01-PR"
443857;2022-04-15;"sexta-feira";"05:30:00";"SC";101;370,8;"ICARA";"Condutor Dormindo";"Saída de leito carroçável";"Com Vítimas Fatais";"Amanhecer";"Decrescente";"Céu Claro";"Dupla";"Reta";"Não";4;1;2;1;0;0;3;1;-28,711222;-49,213583;"SPRF-SC";"DEL02-SC";"UOP01-DEL02-SC"
443876;2022-04-15;"sexta-feira";"07:30:00";"MG";381;674,4;"PERDOES";"Frear bruscamente";"Colisão lateral mesmo sentido";"Com Vítimas Feridas";"Pleno dia";"Decrescente";"Sol";"Dupla";"Curva";"Não";5;0;2;0;1;2;2;5;-21,107021;-45,09114;"SPRF-MG";"DEL04-MG";"UOP02-DEL04-MG"
443881;2022-04-13;"quarta-feira";"03:20:00";"RS";392;29,8;"RIO GRANDE";"Ingestão de álcool pelo condutor";"Colisão transversal";"Sem Vítimas";"Plena Noite";"Crescente";"Céu Claro";"Dupla";"Reta";"Não";3;0;0;0;2;2;0;4;-32,05788691;-52,27184185;"SPRF-RS";"DEL07-RS";"UOP02-DEL07-RS"
443889;2022-04-07;"quinta-feira";"07:30:00";"PR";376;215,9;"JANDAIA DO SUL";"Ausência de reação do condutor";"Queda de ocupante de veículo";"Com Vítimas Fatais";"Pleno dia";"Decrescente";"Céu Claro";"Simples";"Rotatória";"Não";3;1;0;0;1;1;0;3;-23,58798039;-51,64561272;"SPRF-PR";"DEL09-PR";"UOP01-DEL09-PR"
443894;2022-04-15;"sexta-feira";"07:30:00";"SP";116;518;"CAJATI";"Reação tardia ou ineficiente do condutor";"Saída de leito carroçável";"Com Vítimas Feridas";"Pleno dia";"Decrescente";"Céu Claro";"Dupla";"Curva";"Não";1;0;1;0;0;0;1;1;-24,8839159431;-48,2262635581;"SPRF-SP";"DEL05-SP";"UOP02-DEL05-SP"
443900;2022-04-15;"sexta-feira";"09:30:00";"MS";262;384;"TERENOS";"Acessar a via sem observar a presença dos outros veículos";"Colisão transversal";"Com Vítimas Feridas";"Pleno dia";"Decrescente";"Céu Claro";"Simples";"Reta";"Não";4;0;1;1;1;2;2;4;-20,44796618;-54,84935623;"SPRF-MS";"DEL01-MS";"UOP03-DEL01-MS"
443906;2022-04-15;"sexta-feira";"11:40:00";"CE";20;416;"MARACANAU";"Ausência de reação do condutor";"Colisão traseira";"Com Vítimas Feridas";"Pleno dia";"Crescente";"Céu Claro";"Dupla";"Reta;Em Obras";"Sim";5;0;1;0;4;0;1;3;-3,76999035;-38,67006282;"SPRF-CE";"DEL01-CE";"UOP02-DEL01-CE"
443908;2022-02-28;"segunda-feira";"04:20:00";"PA";308;167;"TRACUATEUA";"Manobra de mudança de faixa";"Colisão frontal";"Com Vítimas Feridas";"Plena Noite";"Crescente";"Céu Claro";"Simples";"Reta";"Não";4;0;0;1;3;0;1;2;-1,1940003;-47,04443392;"SPRF-PA";"DEL01-PA";"UOP03-DEL01-PA"
443919;2022-04-15;"sexta-feira";"13:00:00";"BA";116;547;"MILAGRES";"Problema com o freio";"Colisão traseira";"Com Vítimas Feridas";"Pleno dia";"Decrescente";"Céu Claro";"Simples";"Reta";"Sim";3;0;1;0;1;1;1;3;-12,84449042;-39,83949384;"SPRF-BA";"DEL03-BA";"UOP02-DEL03-BA"
443924;2022-04-15;"sexta-feira";"10:30:00";"MG";153;24,5;"CENTRALINA";"Ausência de reação do condutor";"Engavetamento";"Com Vítimas Feridas";"Pleno dia";"Crescente";"Céu Claro";"Dupla";"Aclive;Reta";"Não";15;0;4;0;10;1;4;6;-18,63126816;-49,18366828;"SPRF-MG";"DEL15-MG";"UOP03-DEL15-MG"
443928;2022-04-15;"sexta-feira";"14:10:00";"GO";153;657;"GOIATUBA";"Demais falhas mecânicas ou elétricas";"Incêndio";"Sem Vítimas";"Pleno dia";"Decrescente";"Céu Claro";"Dupla";"Declive";"Não";2;0;0;0;1;1;0;2;-18,0277;-49,265;"SPRF-GO";"DEL03-GO";"UOP01-DEL03-GO"
443931;2022-02-09;"quarta-feira";"07:40:00";"SC";101;209;"SAO JOSE";"Manobra de mudança de faixa";"Colisão traseira";"Com Vítimas Feridas";"Pleno dia";"Decrescente";"Céu Claro";"Múltipla";"Reta";"Sim";4;0;0;1;1;3;1;5;-27,61000542;-48,63895057;"SPRF-SC";"DEL01-SC";"UOP01-DEL01-SC"
443938;2022-04-15;"sexta-feira";"06:55:00";"PR";277;234;"FERNANDES PINHEIRO";"Velocidade Incompatível";"Tombamento";"Sem Vítimas";"Pleno dia";"Decrescente";"Céu Claro";"Dupla";"Rotatória";"Não";2;0;0;0;1;1;0;2;-25,47103055;-50,49767186;"SPRF-PR";"DEL03-PR";"UOP03-DEL03-PR"
443951;2022-04-15;"sexta-feira";"16:05:00";"MS";163;723;"COXIM";"Transitar na contramão";"Colisão lateral sentido oposto";"Com Vítimas Feridas";"Pleno dia";"Crescente";"Céu Claro";"Simples";"Reta";"Não";5;0;1;0;3;3;1;5;-18,5684818;-54,75955037;"SPRF-MS";"DEL06-MS";"UOP01-DEL06-MS"
443952;2022-04-15;"sexta-feira";"16:15:00";"PA";316;205,5;"SANTA LUZIA DO PARA";"Transitar na contramão";"Colisão frontal";"Com Vítimas Fatais";"Pleno dia";"Crescente";"Nublado";"Simples";"Declive;Reta";"Não";5;1;0;0;1;3;0;4;-1,575868;-46,852621;"SPRF-PA";"DEL01-PA";"UOP03-DEL01-PA"
443957;2022-04-15;"sexta-feira";"14:30:00";"PR";376;495,1;"PONTA GROSSA";"Velocidade Incompatível";"Tombamento";"Com Vítimas Feridas";"Pleno dia";"Crescente";"Céu Claro";"Dupla";"Curva";"Sim";2;0;1;0;0;1;1;2;-25,17134586;-50,1084609;"SPRF-PR";"DEL03-PR";"UOP01-DEL03-PR"
443958;2022-04-15;"sexta-feira";"17:45:00";"MG";251;502,2;"FRANCISCO SA";"Velocidade Incompatível";"Saída de leito carroçável";"Com Vítimas Feridas";"Plena Noite";"Crescente";"Nublado";"Simples";"Reta";"Não";2;0;1;0;0;1;1;2;-16,61472808;-43,6647179;"SPRF-MG";"DEL12-MG";"UOP01-DEL12-MG"
443959;2022-04-15;"sexta-feira";"18:00:00";"MG";381;479,4;"CONTAGEM";"Ausência de reação do condutor";"Colisão com objeto";"Com Vítimas Feridas";"Anoitecer";"Decrescente";"Céu Claro";"Dupla";"Reta";"Sim";2;0;0;1;0;1;1;2;-19,95889605;-44,069202;"SPRF-MG";"DEL01-MG";"UOP03-DEL01-MG"
443965;2022-04-15;"sexta-feira";"16:25:00";"MG";381;907;"CAMBUI";"Condutor Dormindo";"Tombamento";"Com Vítimas Feridas";"Pleno dia";"Decrescente";"Céu Claro";"Dupla";"Curva;Declive";"Não";3;0;1;0;1;2;1;4;-22,679693;-46,099662;"SPRF-MG";"DEL16-MG";"UOP03-DEL16-MG"
443978;2022-04-15;"sexta-feira";"19:30:00";"MG";50;173,9;"UBERABA";"Ingestão de álcool pelo condutor";"Colisão traseira";"Com Vítimas Fatais";"Plena Noite";"Crescente";"Céu Claro";"Dupla";"Reta";"Sim";5;2;1;0;1;2;1;5;-19,7624352;-47,97701547;"SPRF-MG";"DEL13-MG";"UOP01-DEL13-MG"
443985;2022-04-15;"sexta-feira";"19:47:00";"SP";116;512;"CAJATI";"Reação tardia ou ineficiente do condutor";"Colisão traseira";"Sem Vítimas";"Plena Noite";"Decrescente";"Céu Claro";"Simples";"Curva";"Não";3;0;0;0;2;1;0;3;-24,84706004;-48,21438074;"SPRF-SP";"DEL05-SP";"UOP02-DEL05-SP"
443987;2022-04-15;"sexta-feira";"17:00:00";"MG";381;403;"BOM JESUS DO AMPARO";"Demais falhas mecânicas ou elétricas";"Colisão com objeto";"Com Vítimas Feridas";"Pleno dia";"Decrescente";"Céu Claro";"Dupla";"Curva";"Não";4;0;2;0;1;1;2;2;-19,75137942;-43,53638096;"SPRF-MG";"DEL01-MG";"UOP01-DEL01-MG"
443991;2022-04-15;"sexta-feira";"22:50:00";"BA";324;282;"JACOBINA";"Condutor Dormindo";"Colisão com objeto";"Com Vítimas Feridas";"Plena Noite";"Decrescente";"Nublado";"Simples";"Interseção de Vias";"Não";3;0;2;1;0;0;3;2;-11,13553972;-40,60010433;"SPRF-BA";"DEL04-BA";"UOP02-DEL04-BA"
444010;2022-04-15;"sexta-feira";"18:00:00";"MS";163;669,4;"RIO VERDE DE MATO GROSSO";"Acessar a via sem observar a presença dos outros veículos";"Colisão traseira";"Com Vítimas Fatais";"Anoitecer";"Crescente";"Céu Claro";"Simples";"Reta";"Não";7;1;0;0;6;0;0;4;-19,01532004;-54,82748117;"SPRF-MS";"DEL06-MS";"UOP02-DEL06-MS"
444013;2022-04-16;"sábado";"04:20:00";"PR";376;668,8;"GUARATUBA";"Velocidade Incompatível";"Tombamento";"Com Vítimas Feridas";"Plena Noite";"Crescente";"Céu Claro";"Dupla";"Curva;Ponte;Declive";"Não";2;0;1;0;0;1;1;2;-25,870998;-48,937075;"SPRF-PR";"DEL01-PR";"UOP04-DEL01-PR"
444014;2022-02-14;"segunda-feira";"20:25:00";"MT";70;133;"GENERAL CARNEIRO";"Velocidade Incompatível";"Tombamento";"Com Vítimas Feridas";"Plena Noite";"Decrescente";"Nublado";"Simples";"Curva";"Não";2;0;1;0;0;2;1;3;-15,59068783;-53,22057013;"SPRF-MT";"DEL07-MT";"UOP01-DEL07-MT"
444022;2022-04-16;"sábado";"06:00:00";"GO";153;70;"PORANGATU";"Manobra de mudança de faixa";"Colisão lateral sentido oposto";"Com Vítimas Feridas";"Amanhecer";"Decrescente";"Céu Claro";"Simples";"Reta";"Não";3;0;0;1;1;1;1;3;-13,450082;-49,134861;"SPRF-GO";"DEL07-GO";"UOP01-DEL07-GO"
444024;2022-04-16;"sábado";"05:40:00";"MG";262;803;"UBERABA";"Trafegar com motocicleta (ou similar) entre as faixas";"Colisão lateral mesmo sentido";"Com Vítimas Feridas";"Amanhecer";"Crescente";"Céu Claro";"Dupla";"Curva";"Não";2;0;0;1;0;1;1;2;-19,77509606;-47,97201785;"SPRF-MG";"DEL13-MG";"UOP01-DEL13-MG"
444036;2022-04-09;"sábado";"03:30:00";"RJ";116;317,5;"ITATIAIA";"Velocidade Incompatível";"Colisão traseira";"Com Vítimas Feridas";"Plena Noite";"Crescente";"Garoa/Chuvisco";"Simples";"Reta";"Sim";3;0;1;0;1;1;1;3;-22,49341914;-44,56643928;"SPRF-RJ";"DEL07-RJ";"UOP02-DEL07-RJ"
444038;2022-02-14;"segunda-feira";"22:00:00";"MT";364;236;"RONDONOPOLIS";"Ingestão de álcool pelo condutor";"Saída de leito carroçável";"Sem Vítimas";"Plena Noite";"Crescente";"Céu Claro";"Dupla";"Reta";"Sim";2;0;0;0;1;1;0;2;-16,2137379;-54,77895358;"SPRF-MT";"DEL02-MT";"UOP01-DEL02-MT"
444039;2022-02-19;"sábado";"04:40:00";"MG";40;17;"PARACATU";"Demais falhas mecânicas ou elétricas";"Incêndio";"Sem Vítimas";"Pleno dia";"Decrescente";"Garoa/Chuvisco";"Múltipla";"Reta";"Não";2;0;0;0;1;1;0;2;-17,09398409;-47,02830419;"SPRF-MG";"DEL14-MG";"UOP01-DEL14-MG"
444047;2022-04-16;"sábado";"09:00:00";"MG";381;925,1;"ITAPEVA";"Velocidade Incompatível";"Capotamento";"Com Vítimas Feridas";"Pleno dia";"Crescente";"Céu Claro";"Dupla";"Curva;Aclive";"Não";2;0;1;0;0;1;1;2;-22,77087328;-46,20010983;"SPRF-MG";"DEL16-MG";"UOP03-DEL16-MG"
444048;2022-02-11;"sexta-feira";"18:30:00";"PR";116;86;"PIRAQUARA";"Ingestão de álcool pelo condutor";"Colisão lateral mesmo sentido";"Com Vítimas Feridas";"Plena Noite";"Crescente";"Nublado";"Dupla";"Viaduto";"Não";2;0;1;0;1;0;1;2;-25,43479327;-49,08939973;"SPRF-PR";"DEL01-PR";"UOP01-DEL01-PR"
444052;2022-04-16;"sábado";"08:50:00";"SC";101;366,2;"SANGAO";"Demais falhas mecânicas ou elétricas";"Saída de leito carroçável";"Com Vítimas Feridas";"Pleno dia";"Crescente";"Nublado";"Dupla";"Reta";"Não";3;0;2;0;0;1;2;2;-28,68718511;-49,15621795;"SPRF-SC";"DEL02-SC";"UOP01-DEL02-SC"
444059;2022-04-16;"sábado";"08:00:00";"RS";285;188;"LAGOA VERMELHA";"Curva acentuada";"Tombamento";"Com Vítimas Feridas";"Pleno dia";"Decrescente";"Céu Claro";"Simples";"Curva";"Não";2;0;1;0;0;1;1;2;-28,281801;-51,467041;"SPRF-RS";"DEL08-RS";"UOP05-DEL08-RS"
444061;2022-02-12;"sábado";"06:20:00";"PA";230;107;"MARABA";"Desvio temporário";"Saída de leito carroçável";"Com Vítimas Feridas";"Pleno dia";"Crescente";"Nublado";"Simples";"Reta";"Não";3;0;1;1;1;0;2;1;-5,37926183;-49,00486996;"SPRF-PA";"DEL03-PA";"UOP01-DEL03-PA"
444067;2022-03-27;"domingo";"13:30:00";"CE";222;109;"ITAPAJE";"Ultrapassagem Indevida";"Colisão frontal";"Com Vítimas Fatais";"Pleno dia";"Crescente";"Sol";"Simples";"Reta";"Não";8;5;0;0;2;5;0;8;-3,76033674;-39,48793598;"SPRF-CE";"DEL04-CE";"UOP03-DEL04-CE"
444077;2022-04-16;"sábado";"14:10:00";"SC";101;95,3;"BARRA VELHA";"Demais falhas mecânicas ou elétricas";"Incêndio";"Sem Vítimas";"Pleno dia";"Crescente";"Céu Claro";"Dupla";"Reta;Declive";"Não";2;0;0;0;1;2;0;3;-26,70876413;-48,70221065;"SPRF-SC";"DEL03-SC";"UOP02-DEL03-SC"
444081;2022-04-15;"sexta-feira";"19:00:00";"MG";153;108;"PRATA";"Desrespeitar a preferência no cruzamento";"Colisão transversal";"Com Vítimas Feridas";"Plena Noite";"Decrescente";"Céu Claro";"Simples";"Interseção de Vias;Declive";"Sim";4;0;1;1;1;1;2;3;-19,29654087;-48,90748046;"SPRF-MG";"DEL15-MG";"UOP03-DEL15-MG"
444082;2022-04-16;"sábado";"12:10:00";"RO";435;92;"COLORADO DO OESTE";"Demais falhas mecânicas ou elétricas";"Tombamento";"Com Vítimas Feridas";"Pleno dia";"Decrescente";"Céu Claro";"Simples";"Rotatória";"Não";2;0;1;0;0;3;1;4;-13,188104;-60,544846;"SPRF-RO";"DEL04-RO";"UOP02-DEL04-RO"
444086;2022-04-16;"sábado";"14:45:00";"RS";153;19,9;"SEVERIANO DE ALMEIDA";"Velocidade Incompatível";"Tombamento";"Com Vítimas Feridas";"Pleno dia";"Decrescente";"Céu Claro";"Simples";"Curva";"Não";2;0;1;0;0;1;1;2;-27,46528932;-52,101717;"SPRF-RS";"DEL08-RS";"UOP04-DEL08-RS"
444106;2022-04-16;"sábado";"16:10:00";"MA";10;249;"IMPERATRIZ";"Ultrapassagem Indevida";"Colisão traseira";"Com Vítimas Feridas";"Pleno dia";"Decrescente";"Céu Claro";"Simples";"Reta";"Sim";4;0;1;0;2;1;1;3;-5,554686;-47,456837;"SPRF-MA";"DEL04-MA";"UOP01-DEL04-MA"
444109;2022-04-16;"sábado";"15:45:00";"RO";364;41;"VILHENA";"Ausência de reação do condutor";"Colisão traseira";"Com Vítimas Feridas";"Pleno dia";"Decrescente";"Céu Claro";"Simples";"Reta";"Não";6;0;2;2;1;1;4;4;-12,62720995;-60,33444791;"SPRF-RO";"DEL04-RO";"UOP01-DEL04-RO"
444116;2022-03-18;"sexta-feira";"23:35:00";"PA";163;668;"ITAITUBA";"Transitar na contramão";"Colisão lateral sentido oposto";"Sem Vítimas";"Plena Noite";"Decrescente";"Céu Claro";"Simples";"Aclive";"Não";3;0;0;0;3;0;0;2;-4,40204407;-55,79429378;"SPRF-PA";"DEL05-PA";"UOP01-DEL05-PA"
444117;2022-04-16;"sábado";"17:40:00";"AM";319;0;"MANAUS";"Acesso irregular";"Colisão com objeto";"Sem Vítimas";"Anoitecer";"Crescente";"Céu Claro";"Dupla";"Reta";"Sim";3;0;0;0;1;3;0;4;-3,13202;-59,9623665;"SPRF-AM";"DEL01-AM";"UOP01-DEL01-AM"
444123;2022-02-12;"sábado";"16:15:00";"RS";392;243,1;"CACAPAVA DO SUL";"Velocidade Incompatível";"Saída de leito carroçável";"Com Vítimas Feridas";"Pleno dia";"Crescente";"Chuva";"Simples";"Ponte;Reta;Aclive";"Não";1;0;1;0;0;0;1;1;-30,59187169;-53,38187478;"SPRF-RS";"DEL09-RS";"UOP02-DEL09-RS"
444127;2022-04-16;"sábado";"17:20:00";"MG";40;77;"PARACATU";"Ausência de reação do condutor";"Saída de leito carroçável";"Sem Vítimas";"Anoitecer";"Crescente";"Céu Claro";"Simples";"Curva";"Não";1;0;0;0;1;0;0;1;-17,44847444;-46,6852866;"SPRF-MG";"DEL14-MG";"UOP01-DEL14-MG"
444128;2022-04-16;"sábado";"19:50:00";"BA";101;882;"TEIXEIRA DE FREITAS";"Ultrapassagem Indevida";"Tombamento";"Com Vítimas Feridas";"Plena Noite";"Decrescente";"Céu Claro";"Simples";"Reta";"Não";2;0;1;0;1;0;1;2;-17,558872;-39,726279;"SPRF-BA";"DEL09-BA";"UOP02-DEL09-BA"
444138;2022-04-16;"sábado";"19:30:00";"BA";101;690,4;"EUNAPOLIS";"Carga excessiva e/ou mal acondicionada";"Saída de leito carroçável";"Com Vítimas Fatais";"Plena Noite";"Decrescente";"Céu Claro";"Simples";"Declive;Curva";"Não";2;1;0;0;0;1;0;2;-16,33255702;-39,58174321;"SPRF-BA";"DEL09-BA";"UOP01-DEL09-BA"
444143;2022-04-04;"segunda-feira";"09:30:00";"PE";101;51;"ABREU E LIMA";"Manobra de mudança de faixa";"Colisão lateral mesmo sentido";"Com Vítimas Feridas";"Pleno dia";"Crescente";"Sol";"Múltipla";"Reta";"Sim";4;0;0;1;2;1;1;3;-7,9169968;-34,89689272;"SPRF-PE";"DEL01-PE";"UOP02-DEL01-PE"
444144;2022-04-16;"sábado";"16:57:00";"TO";226;50;"DARCINOPOLIS";"Falta de elemento de contenção que evite a saída do leito carroçável";"Saída de leito carroçável";"Com Vítimas Feridas";"Pleno dia";"Decrescente";"Sol";"Simples";"Reta";"Não";2;0;1;0;0;2;1;3;-6,791375;-47,802624;"SPRF-TO";"DEL02-TO";"UOP03-DEL02-TO"
444156;2022-04-16;"sábado";"19:00:00";"MT";158;455,4;"RIBEIRAO CASCALHEIRA";"Reação tardia ou ineficiente do condutor";"Tombamento";"Com Vítimas Feridas";"Plena Noite";"Decrescente";"Céu Claro";"Simples";"Curva";"Não";3;0;0;2;0;2;2;3;-13,15239901;-51,92201207;"SPRF-MT";"DEL07-MT";"UOP02-DEL07-MT"
444176;2022-04-17;"domingo";"00:10:00";"MA";222;253,6;"MIRANDA DO NORTE";"Manobra de mudança de faixa";"Colisão transversal";"Sem Vítimas";"Plena Noite";"Crescente";"Céu Claro";"Simples";"Reta";"Não";2;0;0;0;2;0;0;2;-3,57371589;-44,58787511;"SPRF-MA";"DEL01-MA";"UOP02-DEL01-MA"
444178;2022-04-16;"sábado";"20:45:00";"RO";364;10;"VILHENA";"Reação tardia ou ineficiente do condutor";"Colisão traseira";"Com Vítimas Feridas";"Plena Noite";"Crescente";"Garoa/Chuvisco";"Simples";"Reta";"Sim";3;0;0;1;1;3;1;5;-12,75194006;-60,10600907;"SPRF-RO";"DEL04-RO";"UOP01-DEL04-RO"
444197;2022-04-16;"sábado";"20:04:00";"MG";116;444,5;"ENGENHEIRO CALDAS";"Velocidade Incompatível";"Capotamento";"Com Vítimas Feridas";"Pleno dia";"Crescente";"Céu Claro";"Simples";"Curva";"Não";1;0;0;1;0;0;1;1;-19,10202617;-42,00553894;"SPRF-MG";"DEL06-MG";"UOP02-DEL06-MG"
444202;2022-04-17;"domingo";"06:40:00";"RS";470;182,5;"VERANOPOLIS";"Reação tardia ou ineficiente do condutor";"Colisão frontal";"Sem Vítimas";"Pleno dia";"Decrescente";"Nublado";"Simples";"Declive;Curva";"Não";2;0;0;0;1;1;0;2;-28,98103995;-51,56650172;"SPRF-RS";"DEL06-RS";"UOP02-DEL06-RS"
444212;2022-04-17;"domingo";"07:20:00";"SC";470;68;"INDAIAL";"Ingestão de álcool pelo condutor";"Colisão transversal";"Com Vítimas Feridas";"Pleno dia";"Crescente";"Nublado";"Simples";"Reta;Interseção de Vias;Em Obras;Declive";"Sim";4;0;2;0;1;3;2;5;-26,87834163;-49,24026316;"SPRF-SC";"DEL04-SC";"UOP01-DEL04-SC"
444214;2022-04-17;"domingo";"06:45:00";"RJ";40;96;"DUQUE DE CAXIAS";"Chuva";"Tombamento";"Com Vítimas Feridas";"Pleno dia";"Decrescente";"Chuva";"Simples";"Curva";"Não";2;0;1;1;0;0;2;2;-22,56876595;-43,27693723;"SPRF-RJ";"DEL01-RJ";"UOP01-DEL01-RJ"
444223;2022-04-17;"domingo";"06:20:00";"RJ";101;293;"ITABORAI";"Curva acentuada";"Tombamento";"Com Vítimas Feridas";"Amanhecer";"Crescente";"Garoa/Chuvisco";"Dupla";"Reta";"Não";2;0;1;0;0;1;1;2;-22,756203;-42,88724;"SPRF-RJ";"DEL02-RJ";"UOP02-DEL02-RJ"
444227;2022-04-17;"domingo";"09:00:00";"AL";423;20,5;"CANAPI";"Demais falhas mecânicas ou elétricas";"Tombamento";"Com Vítimas Feridas";"Pleno dia";"Decrescente";"Céu Claro";"Simples";"Reta";"Não";2;0;1;0;0;1;1;2;-9,17955542;-37,47168319;"SPRF-AL";"DEL03-AL";"UOP02-DEL03-AL"
444230;2022-04-17;"domingo";"09:30:00";"SP";116;62,4;"GUARATINGUETA";"Manobra de mudança de faixa";"Colisão lateral mesmo sentido";"Com Vítimas Feridas";"Pleno dia";"Crescente";"Sol";"Dupla";"Reta;Declive";"Não";2;0;1;0;1;0;1;2;-22,80538606;-45,17236692;"SPRF-SP";"DEL08-SP";"UOP01-DEL08-SP"
444237;2022-04-17;"domingo";"06:45:00";"RO";364;500;"ARIQUEMES";"Retorno proibido";"Colisão transversal";"Com Vítimas Feridas";"Amanhecer";"Decrescente";"Garoa/Chuvisco";"Simples";"Reta";"Não";4;0;2;0;1;3;2;5;-10,03031535;-62,98144529;"SPRF-RO";"DEL03-RO";"UOP01-DEL03-RO"
444240;2022-04-17;"domingo";"10:10:00";"PE";101;76;"RECIFE";"Manobra de mudança de faixa";"Colisão lateral mesmo sentido";"Sem Vítimas";"Pleno dia";"Crescente";"Sol";"Dupla";"Viaduto";"Sim";5;0;0;0;4;1;0;3;-8,11813811;-34,94329214;"SPRF-PE";"DEL01-PE";"UOP01-DEL01-PE"
444247;2022-04-17;"domingo";"08:00:00";"RS";470;55,1;"TUPANCI DO SUL";"Transitar na contramão";"Colisão lateral sentido oposto";"Com Vítimas Feridas";"Pleno dia";"Crescente";"Céu Claro";"Simples";"Declive;Curva";"Não";3;0;1;0;1;4;1;6;-27,967831;-51,45808825;"SPRF-RS";"DEL08-RS";"UOP05-DEL08-RS"