"id";"data_inversa";"dia_semana";"horario";"uf";"br";"km";"municipio";"causa_acidente";"tipo_acidente";"classificacao_acidente";"fase_dia";"sentido_via";"condicao_metereologica";"tipo_pista";"tracado_via";"uso_solo";"pessoas";"mortos";"feridos_leves";"feridos_graves";"ilesos";"ignorados";"feridos";"veiculos";"latitude";"longitude";"regional";"delegacia";"uop"
444269;2022-04-17;"domingo";"12:40:00";"MG";40;531,8;"BELO HORIZONTE";"Reação tardia ou ineficiente do condutor";"Tombamento";"Com Vítimas Feridas";"Pleno dia";"Decrescente";"Céu Claro";"Dupla";"Reta;Aclive";"Sim";3;0;2;0;1;0;2;2;-19,91962483;-44,02522683;"SPRF-MG";"DEL01-MG";"UOP02-DEL01-MG"
444273;2022-04-17;"domingo";"12:45:00";"RS";386;120,2;"SARANDI";"Ausência de reação do condutor";"Colisão lateral sentido oposto";"Com Vítimas Feridas";"Pleno dia";"Decrescente";"Céu Claro";"Simples";"Curva";"Não";7;0;1;0;5;1;1;3;-27,86768544;-53,00559998;"SPRF-RS";"DEL08-RS";"UOP01-DEL08-RS"
444283;2022-04-17;"domingo";"12:00:00";"MT";70;592;"POCONE";"Reação tardia ou ineficiente do condutor";"Eventos atípicos";"Com Vítimas Fatais";"Pleno dia";"Decrescente";"Céu Claro";"Simples";"Curva";"Não";3;1;0;0;0;2;0;3;-15,79634494;-56,66457503;"SPRF-MT";"DEL03-MT";"UOP02-DEL03-MT"
444293;2022-04-17;"domingo";"15:30:00";"MG";381;867;"POUSO ALEGRE";"Entrada inopinada do pedestre";"Atropelamento de Pedestre";"Com Vítimas Feridas";"Pleno dia";"Decrescente";"Céu Claro";"Dupla";"Reta";"Não";2;0;1;0;1;0;1;2;-22,37278444;-45,93754118;"SPRF-MG";"DEL16-MG";"UOP01-DEL16-MG"
444319;2022-04-17;"domingo";"17:00:00";"RS";153;44,5;"ERECHIM";"Acessar a via sem observar a presença dos outros veículos";"Colisão transversal";"Com Vítimas Feridas";"Pleno dia";"Decrescente";"Céu Claro";"Simples";"Rotatória";"Sim";4;0;2;0;1;1;2;3;-27,62312752;-52,23687793;"SPRF-RS";"DEL08-RS";"UOP04-DEL08-RS"
444332;2022-04-17;"domingo";"17:20:00";"BA";242;690;"CRISTOPOLIS";"Acumulo de água sobre o pavimento";"Colisão lateral sentido oposto";"Sem Vítimas";"Anoitecer";"Crescente";"Chuva";"Simples";"Reta";"Não";2;0;0;0;2;0;0;2;-12,222698;-44,074419;"SPRF-BA";"DEL10-BA";"UOP02-DEL10-BA"
444335;2022-04-17;"domingo";"14:50:00";"MG";262;523,3;"LUZ";"Acessar a via sem observar a presença dos outros veículos";"Colisão transversal";"Sem Vítimas";"Pleno dia";"Crescente";"Céu Claro";"Simples";"Interseção de Vias;Reta";"Sim";3;0;0;0;2;1;0;3;-19,78470144;-45,64801807;"SPRF-MG";"DEL08-MG";"UOP03-DEL08-MG"
444343;2022-04-17;"domingo";"17:00:00";"MG";116;413,5;"GOVERNADOR VALADARES";"Conversão proibida";"Colisão traseira";"Com Vítimas Feridas";"Pleno dia";"Crescente";"Céu Claro";"Simples";"Interseção de Vias";"Sim";5;0;1;0;4;0;1;2;-18,873907;-41,966366;"SPRF-MG";"DEL06-MG";"UOP01-DEL06-MG"
444355;2022-04-17;"domingo";"17:05:00";"GO";153;43;"PORANGATU";"Ingestão de álcool pelo condutor";"Colisão lateral sentido oposto";"Com Vítimas Feridas";"Pleno dia";"Crescente";"Nublado";"Simples";"Curva";"Não";4;0;0;1;1;2;1;4;-13,192286;-49,161922;"SPRF-GO";"DEL07-GO";"UOP01-DEL07-GO"
444367;2022-03-17;"quinta-feira";"07:00:00";"PA";155;332;"MARABA";"Manobra de mudança de faixa";"Colisão frontal";"Com Vítimas Feridas";"Pleno dia";"Crescente";"Nublado";"Simples";"Reta";"Não";3;0;2;1;0;0;3;2;-5,468274;-49,075905;"SPRF-PA";"DEL03-PA";"UOP01-DEL03-PA"
444392;2022-04-17;"domingo";"19:45:00";"PR";277;583;"CASCAVEL";"Condutor deixou de manter distância do veículo da frente";"Engavetamento";"Com Vítimas Feridas";"Plena Noite";"Crescente";"Céu Claro";"Dupla";"Reta";"Sim";6;0;0;1;5;0;1;5;-24,97165493;-53,39428595;"SPRF-PR";"DEL04-PR";"UOP01-DEL04-PR"
444401;2022-04-17;"domingo";"19:40:00";"GO";251;27,4;"CRISTALINA";"Mal súbito do condutor";"Colisão frontal";"Com Vítimas Feridas";"Plena Noite";"Decrescente";"Céu Claro";"Simples";"Reta";"Não";2;0;0;1;1;0;1;2;-16,0820873;-47,52264448;"SPRF-DF";"DEL01-DF";"UOP01-DEL01-DF"
444439;2022-04-17;"domingo";"22:05:00";"MG";381;397;"BOM JESUS DO AMPARO";"Sinalização mal posicionada";"Colisão traseira";"Com Vítimas Feridas";"Plena Noite";"Crescente";"Céu Claro";"Dupla";"Declive;Curva";"Não";7;0;3;0;3;1;3;5;-19,7605857;-43,4610936;"SPRF-MG";"DEL01-MG";"UOP01-DEL01-MG"
444443;2022-04-18;"segunda-feira";"00:05:00";"MG";381;734,3;"CARMO DA CACHOEIRA";"Condutor Dormindo";"Colisão com objeto";"Com Vítimas Feridas";"Plena Noite";"Crescente";"Céu Claro";"Dupla";"Reta";"Não";2;0;2;0;0;0;2;1;-21,57173297;-45,24325979;"SPRF-MG";"DEL16-MG";"UOP02-DEL16-MG"
444449;2022-04-18;"segunda-feira";"04:00:00";"CE";403;17,4;"BELA CRUZ";"Entrada inopinada do pedestre";"Atropelamento de Pedestre";"Com Vítimas Fatais";"Pleno dia";"Crescente";"Nublado";"Simples";"Reta";"Não";2;1;0;0;0;1;0;2;-3,03656984;-40,12073469;"SPRF-CE";"DEL01-CE";"UOP03-DEL01-CE"
444451;2022-04-18;"segunda-feira";"06:05:00";"BA";242;778;"BARREIRAS";"Ultrapassagem Indevida";"Colisão frontal";"Com Vítimas Feridas";"Amanhecer";"Crescente";"Ignorado";"Simples";"Curva";"Não";5;0;2;0;2;1;2;3;-12,15464258;-44,69270978;"SPRF-BA";"DEL10-BA";"UOP01-DEL10-BA"
444453;2022-04-17;"domingo";"21:30:00";"PI";135;553;"SAO GONCALO DO GURGUEIA";"Velocidade Incompatível";"Tombamento";"Com Vítimas Feridas";"Plena Noite";"Crescente";"Céu Claro";"Simples";"Curva";"Não";2;0;1;0;0;1;1;2;-10,12697426;-45,224383;"SPRF-PI";"DEL03-PI";"UOP02-DEL03-PI"
444454;2022-04-18;"segunda-feira";"05:40:00";"ES";101;394,5;"RIO NOVO DO SUL";"Condutor Dormindo";"Tombamento";"Com Vítimas Fatais";"Amanhecer";"Decrescente";"Céu Claro";"Simples";"Reta";"Não";1;1;0;0;0;0;0;1;-20,86561852;-40,92318907;"SPRF-ES";"DEL03-ES";"UOP02-DEL03-ES"
444455;2022-04-18;"segunda-feira";"02:00:00";"BA";101;246,9;"CONCEICAO DO ALMEIDA";"Reação tardia ou ineficiente do condutor";"Colisão lateral sentido oposto";"Com Vítimas Feridas";"Plena Noite";"Decrescente";"Chuva";"Simples";"Curva";"Não";7;0;5;0;1;1;5;3;-12,88117996;-39,21999041;"SPRF-BA";"DEL01-BA";"UOP02-DEL01-BA"
444457;2022-04-18;"segunda-feira";"05:50:00";"MG";40;526;"CONTAGEM";"Condutor deixou de manter distância do veículo da frente";"Colisão traseira";"Com Vítimas Feridas";"Amanhecer";"Crescente";"Céu Claro";"Dupla";"Reta";"Sim";3;0;1;0;2;0;1;3;-19,89255399;-44,04985478;"SPRF-MG";"DEL01-MG";"UOP02-DEL01-MG"
444458;2022-04-18;"segunda-feira";"03:45:00";"SE";101;76;"MARUIM";"Reação tardia ou ineficiente do condutor";"Colisão frontal";"Com Vítimas Feridas";"Plena Noite";"Crescente";"Céu Claro";"Simples";"Reta";"Não";2;0;0;1;1;0;1;2;-10,77357687;-37,12583705;"SPRF-SE";"DEL01-SE";"UOP01-DEL01-SE"
444460;2022-04-18;"segunda-feira";"06:10:00";"MG";381;447;"SANTA LUZIA";"Ausência de reação do condutor";"Colisão traseira";"Com Vítimas Feridas";"Amanhecer";"Crescente";"Céu Claro";"Simples";"Aclive;Reta";"Não";3;0;0;1;1;1;1;3;-19,83447607;-43,85011601;"SPRF-MG";"DEL01-MG";"UOP01-DEL01-MG"
444464;2022-04-18;"segunda-feira";"06:05:00";"PE";101;49;"ABREU E LIMA";"Trafegar com motocicleta (ou similar) entre as faixas";"Queda de ocupante de veículo";"Com Vítimas Feridas";"Pleno dia";"Crescente";"Céu Claro";"Dupla";"Reta";"Sim";3;0;0;1;1;1;1;3;-7,9005152;-34,90180641;"SPRF-PE";"DEL01-PE";"UOP02-DEL01-PE"
444465;2022-04-18;"segunda-feira";"06:00:00";"SP";153;96;"JACI";"Acessar a via sem observar a presença dos outros veículos";"Colisão lateral mesmo sentido";"Com Vítimas Feridas";"Amanhecer";"Decrescente";"Céu Claro";"Simples";"Reta";"Não";3;0;0;1;1;1;1;3;-20,9753551;-49,60958004;"SPRF-SP";"DEL09-SP";"UOP01-DEL09-SP"
444468;2022-04-18;"segunda-feira";"03:20:00";"MG";50;20,2;"ARAGUARI";"Condutor Dormindo";"Colisão traseira";"Com Vítimas Fatais";"Plena Noite";"Decrescente";"Céu Claro";"Dupla";"Declive";"Não";2;1;0;0;1;0;0;2;-18,594124;-48,054149;"SPRF-MG";"DEL15-MG";"UOP02-DEL15-MG"
444472;2022-04-18;"segunda-feira";"04:00:00";"MG";251;450;"GRAO MOGOL";"Reação tardia ou ineficiente do condutor";"Colisão traseira";"Com Vítimas Fatais";"Plena Noite";"Crescente";"Céu Claro";"Simples";"Curva";"Não";4;1;2;0;0;1;2;3;-16,41910292;-43,29880499;"SPRF-MG";"DEL12-MG";"UOP01-DEL12-MG"
444477;2022-03-10;"quinta-feira";"19:40:00";"PR";277;332,4;"GUARAPUAVA";"Chuva";"Colisão lateral mesmo sentido";"Com Vítimas Feridas";"Plena Noite";"Crescente";"Chuva";"Dupla";"Reta;Aclive";"Não";2;0;0;1;0;1;1;2;-25,36964786;-51,32653697;"SPRF-PR";"DEL08-PR";"UOP01-DEL08-PR"
444481;2022-04-18;"segunda-feira";"07:20:00";"ES";101;460;"MIMOSO DO SUL";"Demais falhas mecânicas ou elétricas";"Colisão traseira";"Com Vítimas Feridas";"Pleno dia";"Decrescente";"Céu Claro";"Simples";"Reta";"Não";3;0;1;0;1;3;1;5;-21,21801125;-41,29980483;"SPRF-ES";"DEL03-ES";"UOP02-DEL03-ES"
444483;2022-04-18;"segunda-feira";"07:40:00";"PR";277;655,5;"MATELANDIA";"Manobra de mudança de faixa";"Colisão lateral mesmo sentido";"Com Vítimas Feridas";"Pleno dia";"Decrescente";"Sol";"Dupla";"Reta;Declive";"Não";4;0;1;0;2;1;1;4;-25,235255;-53,964467;"SPRF-PR";"DEL05-PR";"UOP02-DEL05-PR"
444487;2022-04-18;"segunda-feira";"07:40:00";"SP";116;279;"EMBU DAS ARTES";"Reação tardia ou ineficiente do condutor";"Colisão traseira";"Com Vítimas Feridas";"Pleno dia";"Crescente";"Céu Claro";"Múltipla";"Reta";"Sim";4;0;2;0;1;1;2;3;-23,66233697;-46,85292907;"SPRF-SP";"DEL04-SP";"UOP01-DEL04-SP"
444488;2022-04-18;"segunda-feira";"07:50:00";"RS";392;349,3;"SANTA MARIA";"Acessar a via sem observar a presença dos outros veículos";"Colisão transversal";"Sem Vítimas";"Pleno dia";"Decrescente";"Céu Claro";"Simples";"Reta";"Não";3;0;0;0;2;1;0;2;-29,7440791;-53,79306521;"SPRF-RS";"DEL09-RS";"UOP01-DEL09-RS"
444489;2022-02-13;"domingo";"23:00:00";"PR";376;644,9;"TIJUCAS DO SUL";"Acessar a via sem observar a presença dos outros veículos";"Colisão transversal";"Com Vítimas Feridas";"Plena Noite";"Crescente";"Céu Claro";"Dupla";"Reta";"Sim";2;0;1;0;1;0;1;2;-25,81419584;-49,13167969;"SPRF-PR";"DEL01-PR";"UOP04-DEL01-PR"
444497;2022-04-18;"segunda-feira";"08:55:00";"CE";116;81,7;"OCARA";"Pista esburacada";"Colisão lateral mesmo sentido";"Com Vítimas Feridas";"Pleno dia";"Decrescente";"Céu Claro";"Simples";"Reta";"Não";7;0;1;0;5;1;1;4;-4,40243759;-38,42085553;"SPRF-CE";"DEL03-CE";"UOP02-DEL03-CE"
444502;2022-04-18;"segunda-feira";"03:00:00";"BA";242;304;"IBIQUERA";"Demais falhas mecânicas ou elétricas";"Incêndio";"Sem Vítimas";"Plena Noite";"Decrescente";"Nublado";"Simples";"Reta";"Não";2;0;0;0;1;2;0;3;-12,46272396;-40,923883;"SPRF-BA";"DEL06-BA";"UOP02-DEL06-BA"
444506;2022-04-15;"sexta-feira";"02:20:00";"SC";101;40,3;"JOINVILLE";"Condutor Dormindo";"Colisão traseira";"Sem Vítimas";"Plena Noite";"Crescente";"Chuva";"Dupla";"Reta";"Não";3;0;0;0;2;1;0;3;-26,30526476;-48,88152122;"SPRF-SC";"DEL03-SC";"UOP01-DEL03-SC"
444510;2022-03-14;"segunda-feira";"06:20:00";"ES";101;343;"GUARAPARI";"Ultrapassagem Indevida";"Colisão lateral mesmo sentido";"Com Vítimas Feridas";"Pleno dia";"Decrescente";"Céu Claro";"Simples";"Curva";"Não";4;0;2;1;0;2;3;5;-20,66191662;-40,59045821;"SPRF-ES";"DEL03-ES";"UOP01-DEL03-ES"
444511;2022-04-18;"segunda-feira";"08:20:00";"MG";267;50,9;"MARIPA DE MINAS";"Condutor usando celular";"Colisão frontal";"Com Vítimas Fatais";"Pleno dia";"Decrescente";"Céu Claro";"Simples";"Curva";"Não";4;1;0;0;1;2;0;4;-21,69577022;-42,98279189;"SPRF-MG";"DEL07-MG";"UOP01-DEL07-MG"
444512;2022-04-06;"quarta-feira";"17:30:00";"PR";376;179,1;"MARINGA";"Condutor deixou de manter distância do veículo da frente";"Colisão lateral mesmo sentido";"Com Vítimas Feridas";"Pleno dia";"Decrescente";"Céu Claro";"Dupla";"Reta";"Sim";3;0;1;0;1;1;1;3;-23,42244278;-51,90360392;"SPRF-PR";"DEL09-PR";"UOP01-DEL09-PR"
444514;2022-02-12;"sábado";"03:20:00";"PR";277;35;"MORRETES";"Ingestão de álcool pelo condutor";"Colisão traseira";"Sem Vítimas";"Plena Noite";"Crescente";"Nublado";"Dupla";"Reta";"Não";3;0;0;0;1;2;0;3;-25,55225338;-48,79892578;"SPRF-PR";"DEL01-PR";"UOP05-DEL01-PR"
444525;2022-04-18;"segunda-feira";"07:30:00";"BA";324;314;"JACOBINA";"Curva acentuada";"Colisão lateral sentido oposto";"Sem Vítimas";"Pleno dia";"Crescente";"Chuva";"Simples";"Curva";"Não";2;0;0;0;2;0;0;2;-11,23121583;-40,35854693;"SPRF-BA";"DEL04-BA";"UOP02-DEL04-BA"
444528;2022-04-18;"segunda-feira";"11:10:00";"RS";116;164;"CAXIAS DO SUL";"Reação tardia ou ineficiente do condutor";"Tombamento";"Sem Vítimas";"Pleno dia";"Crescente";"Céu Claro";"Simples";"Curva";"Não";2;0;0;0;2;0;0;1;-29,26344857;-51,16113999;"SPRF-RS";"DEL05-RS";"UOP02-DEL05-RS"
444531;2022-04-18;"segunda-feira";"11:10:00";"RS";290;104;"ELDORADO DO SUL";"Reação tardia ou ineficiente do condutor";"Colisão traseira";"Com Vítimas Feridas";"Pleno dia";"Crescente";"Céu Claro";"Dupla";"Ponte";"Não";2;0;1;0;1;0;1;2;-29,993122;-51,275398;"SPRF-RS";"DEL02-RS";"UOP01-DEL02-RS"
444535;2022-04-18;"segunda-feira";"11:45:00";"ES";482;102;"GUACUI";"Ausência de reação do condutor";"Colisão frontal";"Com Vítimas Feridas";"Pleno dia";"Crescente";"Céu Claro";"Simples";"Reta";"Não";3;0;1;0;1;1;1;3;-20,776826;-41,631775;"SPRF-ES";"DEL03-ES";"UOP02-DEL03-ES"
444536;2022-04-18;"segunda-feira";"07:00:00";"RO";364;78;"VILHENA";"Reação tardia ou ineficiente do condutor";"Tombamento";"Com Vítimas Fatais";"Pleno dia";"Crescente";"Céu Claro";"Simples";"Reta";"Não";2;1;0;0;0;2;0;3;-12,44116269;-60,56077582;"SPRF-RO";"DEL04-RO";"UOP01-DEL04-RO"
444538;2022-04-18;"segunda-feira";"11:00:00";"RJ";116;220;"PIRAI";"Reação tardia ou ineficiente do condutor";"Tombamento";"Sem Vítimas";"Pleno dia";"Decrescente";"Céu Claro";"Simples";"Curva";"Não";2;0;0;0;1;1;0;2;-22,6776984;-43,81896973;"SPRF-RJ";"DEL07-RJ";"UOP01-DEL07-RJ"
444544;2022-04-18;"segunda-feira";"09:50:00";"SC";153;108,3;"CONCORDIA";"Reação tardia ou ineficiente do condutor";"Tombamento";"Com Vítimas Feridas";"Pleno dia";"Crescente";"Sol";"Simples";"Curva";"Não";2;0;1;0;1;0;1;1;-27,300037;-51,979839;"SPRF-SC";"DEL07-SC";"UOP04-DEL07-SC"
444547;2022-04-18;"segunda-feira";"12:15:00";"PR";116;165,2;"QUITANDINHA";"Carga excessiva e/ou mal acondicionada";"Derramamento de carga";"Sem Vítimas";"Pleno dia";"Crescente";"Nublado";"Simples";"Curva;Aclive";"Não";2;0;0;0;1;1;0;2;-25,86629613;-49,43637602;"SPRF-PR";"DEL01-PR";"UOP03-DEL01-PR"
444560;2022-04-18;"segunda-feira";"09:00:00";"MT";70;310;"POXOREO";"Manobra de mudança de faixa";"Capotamento";"Com Vítimas Feridas";"Pleno dia";"Crescente";"Sol";"Simples";"Reta";"Não";8;0;6;0;1;1;6;3;-15,56904154;-54,55665486;"SPRF-MT";"DEL05-MT";"UOP01-DEL05-MT"
444566;2022-02-12;"sábado";"05:40:00";"MT";364;349;"SANTO ANTONIO DO LEVERGER";"Condutor Dormindo";"Saída de leito carroçável";"Com Vítimas Feridas";"Amanhecer";"Crescente";"Céu Claro";"Dupla";"Curva";"Não";1;0;1;0;0;0;1;1;-15,80502622;-55,5546431;"SPRF-MT";"DEL05-MT";"UOP02-DEL05-MT"
444567;2022-04-18;"segunda-feira";"13:45:00";"PI";316;30,3;"DEMERVAL LOBAO";"Ultrapassagem Indevida";"Colisão lateral sentido oposto";"Com Vítimas Feridas";"Pleno dia";"Crescente";"Céu Claro";"Simples";"Aclive";"Não";4;0;1;1;2;0;2;3;-5,33309;-42,69755301;"SPRF-PI";"DEL01-PI";"UOP02-DEL01-PI"
444582;2022-02-12;"sábado";"18:00:00";"RO";364;326,5;"PRESIDENTE MEDICI";"Ultrapassagem Indevida";"Colisão lateral mesmo sentido";"Sem Vítimas";"Anoitecer";"Crescente";"Céu Claro";"Simples";"Reta";"Não";4;0;0;0;1;5;0;5;-11,01735492;-61,9277631;"SPRF-RO";"DEL02-RO";"UOP01-DEL02-RO"
444588;2022-04-18;"segunda-feira";"17:20:00";"PR";277;363;"GUARAPUAVA";"Reação tardia ou ineficiente do condutor";"Colisão traseira";"Com Vítimas Feridas";"Pleno dia";"Decrescente";"Céu Claro";"Simples";"Ponte;Reta";"Não";4;0;1;0;2;2;1;5;-25,42467366;-51,58968214;"SPRF-PR";"DEL08-PR";"UOP01-DEL08-PR"
444596;2022-04-18;"segunda-feira";"15:10:00";"AM";174;923;"MANAUS";"Ultrapassagem Indevida";"Saída de leito carroçável";"Com Vítimas Feridas";"Pleno dia";"Decrescente";"Céu Claro";"Simples";"Reta";"Não";2;0;1;0;0;2;1;3;-2,61522997;-60,03946148;"SPRF-AM";"DEL01-AM";"UOP01-DEL01-AM"
444611;2022-04-18;"segunda-feira";"18:20:00";"PR";369;150,8;"LONDRINA";"Ausência de reação do condutor";"Queda de ocupante de veículo";"Com Vítimas Feridas";"Plena Noite";"Crescente";"Céu Claro";"Dupla";"Reta";"Sim";3;0;1;0;2;0;1;3;-23,2926983;-51,16897914;"SPRF-PR";"DEL07-PR";"UOP01-DEL07-PR"
444617;2022-04-18;"segunda-feira";"18:30:00";"CE";116;12;"FORTALEZA";"Reação tardia ou ineficiente do condutor";"Colisão traseira";"Com Vítimas Feridas";"Plena Noite";"Crescente";"Céu Claro";"Dupla";"Curva";"Sim";3;0;1;0;2;0;1;2;-3,852077;-38,495525;"SPRF-CE";"DEL01-CE";"UOP02-DEL01-CE"
444621;2022-04-18;"segunda-feira";"19:05:00";"SP";116;75;"APARECIDA";"Animais na Pista";"Atropelamento de Animal";"Sem Vítimas";"Plena Noite";"Crescente";"Céu Claro";"Dupla";"Reta";"Sim";1;0;0;0;1;0;0;1;-22,87521876;-45,26277018;"SPRF-SP";"DEL08-SP";"UOP01-DEL08-SP"
444622;2022-04-18;"segunda-feira";"19:28:00";"BA";116;451;"ANTONIO CARDOSO";"Pedestre andava na pista";"Atropelamento de Pedestre";"Com Vítimas Feridas";"Plena Noite";"Decrescente";"Nublado";"Dupla";"Declive";"Não";3;0;1;0;1;1;1;3;-12,385248;-39,135998;"SPRF-BA";"DEL02-BA";"UOP01-DEL02-BA"
444624;2022-04-18;"segunda-feira";"18:30:00";"PR";277;649,9;"MATELANDIA";"Condutor deixou de manter distância do veículo da frente";"Colisão traseira";"Sem Vítimas";"Anoitecer";"Crescente";"Céu Claro";"Simples";"Aclive;Reta";"Não";5;0;0;0;5;0;0;5;-25,18405201;-53,93053899;"SPRF-PR";"DEL05-PR";"UOP02-DEL05-PR"
444636;2022-04-18;"segunda-feira";"17:00:00";"MG";40;667,9;"CARANDAI";"Área urbana sem a presença de local apropriado para a travessia de pedestres";"Atropelamento de Pedestre";"Com Vítimas Fatais";"Pleno dia";"Decrescente";"Céu Claro";"Simples";"Curva";"Sim";3;1;0;0;1;1;0;3;-20,95606943;-43,79155755;"SPRF-MG";"DEL05-MG";"UOP02-DEL05-MG"
444638;2022-01-09;"domingo";"19:30:00";"CE";20;239;"MADALENA";"Acessar a via sem observar a presença dos outros veículos";"Colisão transversal";"Com Vítimas Feridas";"Plena Noite";"Decrescente";"Céu Claro";"Simples";"Reta";"Sim";5;0;0;2;3;0;2;3;-4,85575414;-39,57409685;"SPRF-CE";"DEL02-CE";"UOP02-DEL02-CE"
444642;2022-04-18;"segunda-feira";"21:10:00";"PR";163;285;"MARECHAL CANDIDO RONDON";"Acessar a via sem observar a presença dos outros veículos";"Colisão traseira";"Com Vítimas Fatais";"Plena Noite";"Decrescente";"Céu Claro";"Dupla";"Reta";"Sim";3;1;0;0;1;1;0;3;-24,568102;-54,034168;"SPRF-PR";"DEL06-PR";"UOP02-DEL06-PR"
444643;2022-04-18;"segunda-feira";"16:30:00";"BA";242;259;"BOA VISTA DO TUPIM";"Reação tardia ou ineficiente do condutor";"Tombamento";"Sem Vítimas";"Anoitecer";"Decrescente";"Chuva";"Simples";"Reta";"Não";2;0;0;0;1;1;0;2;-12,47309394;-40,54008887;"SPRF-BA";"DEL06-BA";"UOP02-DEL06-BA"
444651;2022-04-18;"segunda-feira";"21:00:00";"ES";259;9;"JOAO NEIVA";"Reação tardia ou ineficiente do condutor";"Derramamento de carga";"Com Vítimas Fatais";"Plena Noite";"Decrescente";"Céu Claro";"Simples";"Curva";"Não";3;1;0;1;0;1;1;2;-19,67700279;-40,39977865;"SPRF-ES";"DEL02-ES";"UOP01-DEL02-ES"
444652;2022-02-17;"quinta-feira";"07:16:00";"MT";70;268;"PRIMAVERA DO LESTE";"Ausência de reação do condutor";"Saída de leito carroçável";"Sem Vítimas";"Pleno dia";"Crescente";"Nublado";"Simples";"Aclive";"Não";1;0;0;0;1;0;0;1;-15,53676818;-54,19777526;"SPRF-MT";"DEL05-MT";"UOP01-DEL05-MT"
444656;2022-04-18;"segunda-feira";"20:18:00";"GO";364;270;"MINEIROS";"Ultrapassagem Indevida";"Colisão frontal";"Com Vítimas Feridas";"Plena Noite";"Crescente";"Céu Claro";"Simples";"Curva";"Não";3;0;1;1;0;1;2;3;-17,66832;-52,312248;"SPRF-GO";"DEL05-GO";"UOP01-DEL05-GO"
444657;2022-04-18;"segunda-feira";"19:30:00";"PI";222;125,1;"BATALHA";"Estacionar ou parar em local proibido";"Colisão traseira";"Com Vítimas Fatais";"Plena Noite";"Decrescente";"Nublado";"Simples";"Reta";"Sim";2;1;0;0;1;0;0;2;-4,02705672;-42,06794025;"SPRF-PI";"DEL02-PI";"UOP01-DEL02-PI"
444660;2022-02-25;"sexta-feira";"19:25:00";"PA";308;170;"TRACUATEUA";"Deficiência do Sistema de Iluminação/Sinalização";"Colisão traseira";"Com Vítimas Feridas";"Plena Noite";"Crescente";"Chuva";"Simples";"Reta";"Não";3;0;1;0;1;1;1;3;-1,18690529;-47,01841892;"SPRF-PA";"DEL01-PA";"UOP03-DEL01-PA"
444661;2022-04-18;"segunda-feira";"23:47:00";"RJ";116;144;"DUQUE DE CAXIAS";"Carga excessiva e/ou mal acondicionada";"Tombamento";"Com Vítimas Feridas";"Plena Noite";"Decrescente";"Nublado";"Simples";"Retorno Regulamentado";"Sim";2;0;1;0;1;0;1;1;-22,65737709;-43,24724694;"SPRF-RJ";"DEL01-RJ";"UOP01-DEL01-RJ"
444662;2022-04-18;"segunda-feira";"21:50:00";"RN";406;35,9;"GUAMARE";"Reação tardia ou ineficiente do condutor";"Colisão traseira";"Com Vítimas Feridas";"Plena Noite";"Decrescente";"Céu Claro";"Simples";"Reta";"Não";6;0;2;2;1;2;4;4;-5,25714056;-36,35202683;"SPRF-RN";"DEL02-RN";"UOP01-DEL02-RN"
444665;2022-04-18;"segunda-feira";"18:50:00";"PR";376;526,6;"PONTA GROSSA";"Ausência de reação do condutor";"Colisão traseira";"Com Vítimas Feridas";"Plena Noite";"Crescente";"Céu Claro";"Dupla";"Aclive";"Não";3;0;0;1;1;1;1;3;-25,32138068;-49,87003076;"SPRF-PR";"DEL03-PR";"UOP01-DEL03-PR"
444670;2022-04-19;"terça-feira";"02:40:00";"PE";316;249,7;"BELEM DE SAO FRANCISCO";"Reação tardia ou ineficiente do condutor";"Tombamento";"Com Vítimas Feridas";"Amanhecer";"Crescente";"Céu Claro";"Simples";"Curva";"Não";2;0;1;0;0;3;1;4;-8,6737083;-38,97854215;"SPRF-PE";"DEL05-PE";"UOP03-DEL05-PE"
444671;2022-04-19;"terça-feira";"04:00:00";"SP";381;79;"SAO PAULO";"Reação tardia ou ineficiente do condutor";"Tombamento";"Sem Vítimas";"Plena Noite";"Crescente";"Céu Claro";"Dupla";"Curva";"Sim";2;0;0;0;1;1;0;2;-23,40319901;-46,57564699;"SPRF-SP";"DEL03-SP";"UOP01-DEL03-SP"
444673;2022-04-19;"terça-feira";"05:40:00";"PR";116;116,7;"CURITIBA";"Curva acentuada";"Tombamento";"Com Vítimas Feridas";"Amanhecer";"Crescente";"Céu Claro";"Dupla";"Interseção de Vias";"Sim";2;0;1;0;0;1;1;2;-25,55478711;-49,30639386;"SPRF-PR";"DEL01-PR";"UOP03-DEL01-PR"
444676;2022-04-19;"terça-feira";"05:10:00";"DF";60;6;"BRASILIA";"Reação tardia ou ineficiente do condutor";"Colisão traseira";"Com Vítimas Feridas";"Amanhecer";"Decrescente";"Céu Claro";"Dupla";"Reta";"Não";2;0;0;1;0;1;1;2;-15,897939;-48,113056;"SPRF-DF";"DEL03-DF";"UOP01-DEL03-DF"
444677;2022-04-19;"terça-feira";"05:40:00";"MT";70;513;"CUIABA";"Velocidade Incompatível";"Colisão traseira";"Com Vítimas Feridas";"Amanhecer";"Crescente";"Céu Claro";"Simples";"Reta";"Não";3;0;1;0;1;5;1;7;-15,65051022;-55,99823809;"SPRF-MT";"DEL01-MT";"UOP02-DEL01-MT"