"id";"data_inversa";"dia_semana";"horario";"uf";"br";"km";"municipio";"causa_acidente";"tipo_acidente";"classificacao_acidente";"fase_dia";"sentido_via";"condicao_metereologica";"tipo_pista";"tracado_via";"uso_solo";"pessoas";"mortos";"feridos_leves";"feridos_graves";"ilesos";"ignorados";"feridos";"veiculos";"latitude";"longitude";"regional";"delegacia";"uop"
444678;2022-04-18;"segunda-feira";"21:05:00";"SP";116;305;"SAO LOURENCO DA SERRA";"Mal súbito do condutor";"Colisão com objeto";"Sem Vítimas";"Plena Noite";"Decrescente";"Nublado";"Dupla";"Reta";"Não";2;0;0;0;1;1;0;2;-23,84287313;-46,93238591;"SPRF-SP";"DEL04-SP";"UOP01-DEL04-SP"
444680;2022-04-18;"segunda-feira";"21:30:00";"MS";163;815;"SONORA";"Demais falhas mecânicas ou elétricas";"Incêndio";"Sem Vítimas";"Plena Noite";"Crescente";"Céu Claro";"Dupla";"Reta";"Não";3;0;0;0;1;2;0;3;-17,79540007;-54,74152616;"SPRF-MS";"DEL06-MS";"UOP01-DEL06-MS"
444686;2022-03-31;"quinta-feira";"00:10:00";"SC";470;193,7;"POUSO REDONDO";"Velocidade Incompatível";"Tombamento";"Com Vítimas Fatais";"Plena Noite";"Crescente";"Chuva";"Simples";"Curva;Aclive";"Não";3;1;0;1;0;2;1;4;-27,30101138;-50,07971764;"SPRF-SC";"DEL04-SC";"UOP02-DEL04-SC"
444688;2022-04-19;"terça-feira";"05:45:00";"TO";153;527;"PUGMIL";"Transitar na contramão";"Colisão lateral sentido oposto";"Com Vítimas Feridas";"Pleno dia";"Decrescente";"Ignorado";"Simples";"Reta";"Não";3;0;1;0;1;1;1;3;-10,44385303;-48,90019374;"SPRF-TO";"DEL01-TO";"UOP01-DEL01-TO"
444696;2022-04-19;"terça-feira";"07:10:00";"MT";163;832;"SINOP";"Condutor deixou de manter distância do veículo da frente";"Colisão traseira";"Com Vítimas Feridas";"Pleno dia";"Decrescente";"Céu Claro";"Simples";"Reta";"Sim";5;0;0;1;3;1;1;4;-11,8873;-55,502031;"SPRF-MT";"DEL06-MT";"UOP01-DEL06-MT"
444701;2022-02-14;"segunda-feira";"18:00:00";"BA";324;532;"FEIRA DE SANTANA";"Ausência de reação do condutor";"Colisão traseira";"Com Vítimas Fatais";"Plena Noite";"Decrescente";"Céu Claro";"Dupla";"Aclive";"Não";14;1;4;0;9;0;4;2;-12,33921226;-38,8474782;"SPRF-BA";"DEL01-BA";"UOP03-DEL01-BA"
444710;2022-04-19;"terça-feira";"07:20:00";"RJ";40;92;"PETROPOLIS";"Problema com o freio";"Saída de leito carroçável";"Com Vítimas Feridas";"Pleno dia";"Crescente";"Céu Claro";"Simples";"Curva";"Não";2;0;1;0;0;1;1;2;-22,55191954;-43,25068815;"SPRF-RJ";"DEL06-RJ";"UOP01-DEL06-RJ"
444711;2022-04-06;"quarta-feira";"21:45:00";"RS";285;586,3;"SAO LUIZ GONZAGA";"Ultrapassagem Indevida";"Colisão traseira";"Com Vítimas Fatais";"Plena Noite";"Crescente";"Céu Claro";"Simples";"Ponte";"Não";10;1;3;2;3;1;5;5;-28,45956123;-55,13145447;"SPRF-RS";"DEL12-RS";"UOP01-DEL12-RS"
444717;2022-04-19;"terça-feira";"07:30:00";"BA";101;289;"LAJE";"Ausência de reação do condutor";"Colisão com objeto";"Sem Vítimas";"Pleno dia";"Crescente";"Nublado";"Simples";"Declive";"Sim";2;0;0;0;1;1;0;2;-13,1738306;-39,3196222;"SPRF-BA";"DEL01-BA";"UOP02-DEL01-BA"
444720;2022-03-05;"sábado";"16:05:00";"PA";316;59;"CASTANHAL";"Manobra de mudança de faixa";"Colisão lateral mesmo sentido";"Com Vítimas Feridas";"Anoitecer";"Crescente";"Chuva";"Dupla";"Reta";"Sim";3;0;3;0;0;0;3;2;-1,297692;-47,956033;"SPRF-PA";"DEL01-PA";"UOP01-DEL01-PA"
444721;2022-04-19;"terça-feira";"10:45:00";"RS";448;20;"CANOAS";"Manobra de mudança de faixa";"Colisão lateral mesmo sentido";"Com Vítimas Feridas";"Pleno dia";"Decrescente";"Céu Claro";"Múltipla";"Reta";"Não";2;0;1;0;1;0;1;2;-29,958729;-51,202465;"SPRF-RS";"DEL01-RS";"UOP01-DEL01-RS"
444725;2022-03-22;"terça-feira";"06:30:00";"GO";60;34;"GOIANIA";"Velocidade Incompatível";"Colisão lateral mesmo sentido";"Com Vítimas Feridas";"Pleno dia";"Crescente";"Céu Claro";"Dupla";"Reta";"Sim";4;0;2;0;2;0;2;2;-16,71274013;-49,35702324;"SPRF-GO";"DEL01-GO";"UOP02-DEL01-GO"
444728;2022-04-19;"terça-feira";"10:30:00";"PR";376;670,2;"GUARATUBA";"Problema com o freio";"Colisão traseira";"Com Vítimas Feridas";"Pleno dia";"Crescente";"Céu Claro";"Múltipla";"Declive";"Não";3;0;1;0;1;3;1;5;-25,87689214;-48,93585725;"SPRF-PR";"DEL01-PR";"UOP04-DEL01-PR"
444729;2022-04-14;"quinta-feira";"16:30:00";"MG";40;578;"ITABIRITO";"Condutor Dormindo";"Colisão lateral mesmo sentido";"Com Vítimas Feridas";"Pleno dia";"Crescente";"Céu Claro";"Dupla";"Reta";"Não";4;0;1;0;2;1;1;4;-20,27946105;-43,94661237;"SPRF-MG";"DEL01-MG";"UOP02-DEL01-MG"
444735;2022-04-19;"terça-feira";"10:00:00";"SP";116;372;"MIRACATU";"Demais falhas mecânicas ou elétricas";"Incêndio";"Sem Vítimas";"Pleno dia";"Crescente";"Céu Claro";"Dupla";"Reta";"Não";1;0;0;0;1;0;0;1;-24,16540804;-47,33274697;"SPRF-SP";"DEL04-SP";"UOP02-DEL04-SP"
444737;2022-03-23;"quarta-feira";"08:15:00";"RJ";116;184,5;"NOVA IGUACU";"Reação tardia ou ineficiente do condutor";"Engavetamento";"Com Vítimas Feridas";"Pleno dia";"Decrescente";"Céu Claro";"Múltipla";"Reta";"Sim";8;0;2;0;6;0;2;6;-22,742136;-43,502542;"SPRF-RJ";"DEL01-RJ";"UOP02-DEL01-RJ"
444738;2022-04-19;"terça-feira";"08:20:00";"MS";262;105;"AGUA CLARA";"Manobra de mudança de faixa";"Saída de leito carroçável";"Com Vítimas Feridas";"Pleno dia";"Decrescente";"Céu Claro";"Simples";"Aclive";"Não";2;0;1;0;0;2;1;3;-20,551327;-52,536428;"SPRF-MS";"DEL07-MS";"UOP02-DEL07-MS"
444741;2022-04-19;"terça-feira";"10:45:00";"SP";262;320;"CASTILHO";"Reação tardia ou ineficiente do condutor";"Tombamento";"Sem Vítimas";"Pleno dia";"Decrescente";"Céu Claro";"Simples";"Rotatória";"Não";1;0;0;0;1;0;0;1;-20,78627711;-51,60209996;"SPRF-MS";"DEL07-MS";"UOP01-DEL07-MS"
444746;2022-04-19;"terça-feira";"07:00:00";"GO";70;421;"ARAGARCAS";"Reação tardia ou ineficiente do condutor";"Tombamento";"Com Vítimas Feridas";"Amanhecer";"Decrescente";"Céu Claro";"Simples";"Aclive";"Não";2;0;1;0;0;1;1;2;-15,89553302;-51,82668865;"SPRF-GO";"DEL04-GO";"UOP01-DEL04-GO"
444747;2022-02-10;"quinta-feira";"19:06:00";"SP";153;31;"NOVA GRANADA";"Acessar a via sem observar a presença dos outros veículos";"Saída de leito carroçável";"Com Vítimas Fatais";"Anoitecer";"Crescente";"Céu Claro";"Dupla";"Rotatória";"Não";4;2;0;1;1;0;1;2;-20,54746171;-49,32959617;"SPRF-SP";"DEL09-SP";"UOP01-DEL09-SP"
444752;2022-04-19;"terça-feira";"12:00:00";"MG";381;557,5;"ITAGUARA";"Reação tardia ou ineficiente do condutor";"Colisão com objeto";"Com Vítimas Feridas";"Pleno dia";"Crescente";"Céu Claro";"Dupla";"Reta";"Não";3;0;0;1;1;1;1;3;-20,36904195;-44,46938756;"SPRF-MG";"DEL04-MG";"UOP03-DEL04-MG"
444755;2022-04-19;"terça-feira";"08:50:00";"RJ";40;77;"PETROPOLIS";"Ausência de reação do condutor";"Tombamento";"Com Vítimas Feridas";"Pleno dia";"Crescente";"Céu Claro";"Simples";"Curva";"Não";2;0;1;0;0;1;1;2;-22,48005592;-43,23543994;"SPRF-RJ";"DEL06-RJ";"UOP01-DEL06-RJ"
444756;2022-04-19;"terça-feira";"13:00:00";"RS";293;117;"PINHEIRO MACHADO";"Objeto estático sobre o leito carroçável";"Saída de leito carroçável";"Sem Vítimas";"Pleno dia";"Crescente";"Céu Claro";"Simples";"Reta";"Não";2;0;0;0;2;0;0;2;-31,53730758;-53,49255591;"SPRF-RS";"DEL11-RS";"UOP03-DEL11-RS"
444757;2022-04-19;"terça-feira";"14:00:00";"CE";20;430;"FORTALEZA";"Acessar a via sem observar a presença dos outros veículos";"Colisão transversal";"Com Vítimas Feridas";"Pleno dia";"Decrescente";"Céu Claro";"Dupla";"Reta";"Não";2;0;1;0;1;0;1;2;-3,76999035;-38,67006282;"SPRF-CE";"DEL01-CE";"UOP02-DEL01-CE"
444761;2022-01-12;"quarta-feira";"21:00:00";"MA";135;73;"SANTA RITA";"Desvio temporário";"Saída de leito carroçável";"Com Vítimas Feridas";"Plena Noite";"Crescente";"Garoa/Chuvisco";"Simples";"Declive";"Não";2;0;1;0;0;1;1;2;-3,16549824;-44,33811857;"SPRF-MA";"DEL01-MA";"UOP02-DEL01-MA"
444763;2022-04-19;"terça-feira";"10:25:00";"SE";101;74;"MARUIM";"Carga excessiva e/ou mal acondicionada";"Saída de leito carroçável";"Sem Vítimas";"Pleno dia";"Crescente";"Céu Claro";"Simples";"Em Obras";"Não";2;0;0;0;1;1;0;2;-10,76273662;-37,11145231;"SPRF-SE";"DEL01-SE";"UOP01-DEL01-SE"
444769;2022-04-19;"terça-feira";"11:00:00";"SC";282;69,5;"RANCHO QUEIMADO";"Demais falhas mecânicas ou elétricas";"Tombamento";"Sem Vítimas";"Pleno dia";"Decrescente";"Sol";"Simples";"Curva;Declive";"Não";2;0;0;0;1;1;0;2;-27,692705;-49,091351;"SPRF-SC";"DEL01-SC";"UOP03-DEL01-SC"
444771;2022-04-19;"terça-feira";"15:30:00";"DF";40;5,7;"BRASILIA";"Condutor Dormindo";"Colisão lateral mesmo sentido";"Sem Vítimas";"Pleno dia";"Decrescente";"Céu Claro";"Dupla";"Reta";"Não";2;0;0;0;2;0;0;2;-16,020903;-47,980541;"SPRF-DF";"DEL01-DF";"UOP01-DEL01-DF"
444773;2022-04-19;"terça-feira";"15:20:00";"RN";304;48;"MOSSORO";"Demais falhas mecânicas ou elétricas";"Incêndio";"Sem Vítimas";"Pleno dia";"Crescente";"Céu Claro";"Dupla";"Reta";"Sim";2;0;0;0;1;1;0;2;-5,22802;-37,32285;"SPRF-RN";"DEL04-RN";"UOP01-DEL04-RN"
444774;2022-02-07;"segunda-feira";"09:15:00";"BA";101;305;"VALENCA";"Ultrapassagem Indevida";"Colisão frontal";"Com Vítimas Fatais";"Pleno dia";"Crescente";"Céu Claro";"Simples";"Reta";"Não";4;1;0;1;2;0;1;3;-13,29944047;-39,34151715;"SPRF-BA";"DEL05-BA";"UOP03-DEL05-BA"
444778;2022-04-19;"terça-feira";"14:30:00";"RS";285;131,4;"VACARIA";"Acessar a via sem observar a presença dos outros veículos";"Colisão lateral sentido oposto";"Com Vítimas Feridas";"Pleno dia";"Crescente";"Céu Claro";"Simples";"Reta";"Não";3;0;1;0;1;1;1;3;-28,442188;-50,996849;"SPRF-RS";"DEL05-RS";"UOP03-DEL05-RS"
444781;2022-02-08;"terça-feira";"12:35:00";"CE";222;4,5;"CAUCAIA";"Demais falhas mecânicas ou elétricas";"Colisão frontal";"Com Vítimas Feridas";"Pleno dia";"Crescente";"Céu Claro";"Dupla";"Aclive";"Sim";3;0;1;0;2;0;1;2;-3,74164754;-38,60449792;"SPRF-CE";"DEL01-CE";"UOP01-DEL01-CE"
444782;2022-04-19;"terça-feira";"13:44:00";"AC";364;124;"RIO BRANCO";"Acessar a via sem observar a presença dos outros veículos";"Colisão transversal";"Com Vítimas Feridas";"Pleno dia";"Crescente";"Céu Claro";"Dupla";"Reta";"Sim";3;0;0;1;1;2;1;4;-10,01152469;-67,79140099;"SPRF-AC";"DEL01-AC";"UOP01-DEL01-AC"
444792;2022-04-19;"terça-feira";"16:10:00";"PR";153;463,5;"PORTO VITORIA";"Desrespeitar a preferência no cruzamento";"Colisão transversal";"Com Vítimas Feridas";"Pleno dia";"Decrescente";"Céu Claro";"Simples";"Curva";"Não";3;0;0;2;1;0;2;2;-26,35157492;-51,25259399;"SPRF-PR";"DEL02-PR";"UOP03-DEL02-PR"
444794;2022-04-19;"terça-feira";"16:35:00";"RJ";101;326;"NITEROI";"Reação tardia ou ineficiente do condutor";"Colisão traseira";"Com Vítimas Feridas";"Anoitecer";"Crescente";"Céu Claro";"Múltipla";"Reta";"Não";2;0;1;0;1;0;1;2;-22,87206203;-43,146105;"SPRF-RJ";"DEL02-RJ";"UOP01-DEL02-RJ"
444798;2022-04-19;"terça-feira";"17:10:00";"SC";101;117,8;"ITAJAI";"Acessar a via sem observar a presença dos outros veículos";"Colisão transversal";"Com Vítimas Feridas";"Anoitecer";"Decrescente";"Céu Claro";"Dupla";"Interseção de Vias";"Sim";2;0;1;0;1;0;1;2;-26,88747187;-48,72252969;"SPRF-SC";"DEL04-SC";"UOP04-DEL04-SC"
444803;2022-01-25;"terça-feira";"19:15:00";"BA";116;789,9;"PLANALTO";"Ausência de reação do condutor";"Colisão traseira";"Com Vítimas Fatais";"Plena Noite";"Decrescente";"Chuva";"Simples";"Reta";"Não";3;1;0;0;1;1;0;3;-14,67710502;-40,506722;"SPRF-BA";"DEL08-BA";"UOP02-DEL08-BA"
444804;2022-03-09;"quarta-feira";"19:15:00";"BA";20;146;"SAO DESIDERIO";"Ausência de reação do condutor";"Colisão traseira";"Com Vítimas Fatais";"Plena Noite";"Decrescente";"Céu Claro";"Simples";"Reta";"Não";3;1;0;0;0;3;0;4;-12,669823;-45,926585;"SPRF-BA";"DEL10-BA";"UOP01-DEL10-BA"
444805;2022-04-19;"terça-feira";"16:40:00";"SC";101;127,6;"ITAJAI";"Condutor deixou de manter distância do veículo da frente";"Colisão traseira";"Com Vítimas Feridas";"Pleno dia";"Crescente";"Céu Claro";"Dupla";"Reta";"Não";3;0;2;0;1;0;2;2;-26,9639319;-48,68328024;"SPRF-SC";"DEL04-SC";"UOP04-DEL04-SC"
444809;2022-04-19;"terça-feira";"16:30:00";"CE";20;384,4;"CAUCAIA";"Acessar a via sem observar a presença dos outros veículos";"Colisão transversal";"Sem Vítimas";"Pleno dia";"Crescente";"Céu Claro";"Simples";"Reta;Declive";"Não";5;0;0;0;5;0;0;2;-3,88860063;-38,82833929;"SPRF-CE";"DEL01-CE";"UOP01-DEL01-CE"
444811;2022-04-19;"terça-feira";"17:00:00";"BA";242;788;"BARREIRAS";"Transitar na contramão";"Colisão lateral sentido oposto";"Com Vítimas Feridas";"Anoitecer";"Crescente";"Garoa/Chuvisco";"Simples";"Reta";"Sim";5;0;2;0;3;0;2;2;-12,140931;-44,949335;"SPRF-BA";"DEL10-BA";"UOP01-DEL10-BA"
444821;2022-04-19;"terça-feira";"09:50:00";"PR";277;504;"GUARANIACU";"Ausência de reação do condutor";"Tombamento";"Sem Vítimas";"Pleno dia";"Decrescente";"Céu Claro";"Simples";"Curva";"Não";2;0;0;0;1;1;0;2;-25,14324156;-52,70593386;"SPRF-PR";"DEL04-PR";"UOP01-DEL04-PR"
444822;2022-04-19;"terça-feira";"18:10:00";"RS";116;149;"CAXIAS DO SUL";"Ausência de reação do condutor";"Colisão lateral mesmo sentido";"Sem Vítimas";"Anoitecer";"Crescente";"Nublado";"Dupla";"Reta";"Sim";3;0;0;0;2;1;0;3;-29,15996905;-51,15645292;"SPRF-RS";"DEL05-RS";"UOP01-DEL05-RS"
444825;2022-04-19;"terça-feira";"18:35:00";"MS";163;477,5;"CAMPO GRANDE";"Ultrapassagem Indevida";"Tombamento";"Com Vítimas Feridas";"Plena Noite";"Crescente";"Céu Claro";"Simples";"Curva";"Não";3;0;0;1;1;1;1;3;-20,50427591;-54,55557367;"SPRF-MS";"DEL01-MS";"UOP01-DEL01-MS"
444828;2022-04-19;"terça-feira";"17:50:00";"RJ";393;284;"VOLTA REDONDA";"Conversão proibida";"Colisão lateral mesmo sentido";"Com Vítimas Feridas";"Anoitecer";"Decrescente";"Céu Claro";"Simples";"Aclive;Reta";"Sim";2;0;1;0;1;0;1;2;-22,47341979;-44,05990606;"SPRF-RJ";"DEL05-RJ";"UOP04-DEL05-RJ"
444829;2022-04-19;"terça-feira";"20:15:00";"ES";259;69,6;"COLATINA";"Mal súbito do condutor";"Saída de leito carroçável";"Com Vítimas Feridas";"Plena Noite";"Crescente";"Céu Claro";"Simples";"Reta";"Não";3;0;1;0;0;3;1;4;-19,50000595;-40,74732597;"SPRF-ES";"DEL02-ES";"UOP01-DEL02-ES"
444837;2022-04-19;"terça-feira";"20:10:00";"SP";116;296;"ITAPECERICA DA SERRA";"Velocidade Incompatível";"Colisão traseira";"Sem Vítimas";"Plena Noite";"Crescente";"Céu Claro";"Dupla";"Reta";"Sim";3;0;0;0;2;1;0;3;-23,775485;-46,914416;"SPRF-SP";"DEL04-SP";"UOP01-DEL04-SP"
444844;2022-04-19;"terça-feira";"20:50:00";"PR";369;167;"CAMBE";"Desrespeitar a preferência no cruzamento";"Colisão transversal";"Com Vítimas Feridas";"Plena Noite";"Crescente";"Céu Claro";"Dupla";"Reta";"Sim";3;0;1;0;1;1;1;3;-23,29535517;-51,30934417;"SPRF-PR";"DEL07-PR";"UOP01-DEL07-PR"
444851;2022-04-19;"terça-feira";"17:55:00";"PR";376;667,7;"GUARATUBA";"Carga excessiva e/ou mal acondicionada";"Derramamento de carga";"Com Vítimas Feridas";"Anoitecer";"Crescente";"Céu Claro";"Simples";"Reta;Aclive";"Não";1;0;1;0;0;0;1;1;-25,863502;-48,936921;"SPRF-PR";"DEL01-PR";"UOP04-DEL01-PR"
444855;2022-04-19;"terça-feira";"18:30:00";"MG";365;454;"PATROCINIO";"Transitar na contramão";"Colisão frontal";"Com Vítimas Feridas";"Plena Noite";"Decrescente";"Céu Claro";"Simples";"Reta";"Não";4;0;2;0;1;2;2;5;-18,836622;-46,838736;"SPRF-MG";"DEL10-MG";"UOP01-DEL10-MG"
444857;2022-04-19;"terça-feira";"19:30:00";"MG";381;374;"SAO GONCALO DO RIO ABAIXO";"Demais falhas mecânicas ou elétricas";"Colisão com objeto";"Com Vítimas Feridas";"Plena Noite";"Decrescente";"Céu Claro";"Simples";"Reta";"Não";4;0;1;0;2;1;1;3;-19,84141645;-43,32982083;"SPRF-MG";"DEL01-MG";"UOP01-DEL01-MG"
444859;2022-04-19;"terça-feira";"22:15:00";"PR";376;294;"MAUA DA SERRA";"Ausência de reação do condutor";"Colisão traseira";"Com Vítimas Feridas";"Plena Noite";"Crescente";"Céu Claro";"Dupla";"Reta";"Não";4;0;0;2;1;2;2;4;-23,905303;-51,203757;"SPRF-PR";"DEL07-PR";"UOP02-DEL07-PR"
444861;2022-04-19;"terça-feira";"23:45:00";"SC";282;169;"BOCAINA DO SUL";"Ingestão de álcool pelo condutor";"Colisão lateral sentido oposto";"Com Vítimas Feridas";"Plena Noite";"Decrescente";"Nevoeiro/Neblina";"Simples";"Curva";"Não";6;0;2;0;3;1;2;3;-27,740545;-49,833633;"SPRF-SC";"DEL05-SC";"UOP01-DEL05-SC"
444862;2022-04-19;"terça-feira";"23:50:00";"RS";386;242;"SOLEDADE";"Reação tardia ou ineficiente do condutor";"Saída de leito carroçável";"Com Vítimas Feridas";"Plena Noite";"Decrescente";"Céu Claro";"Simples";"Declive";"Não";1;0;1;0;0;0;1;1;-28,783474;-52,531105;"SPRF-RS";"DEL04-RS";"UOP03-DEL04-RS"
444863;2022-04-20;"quarta-feira";"01:27:00";"SP";116;301;"SAO LOURENCO DA SERRA";"Reação tardia ou ineficiente do condutor";"Capotamento";"Sem Vítimas";"Plena Noite";"Crescente";"Nublado";"Dupla";"Curva";"Não";2;0;0;0;1;1;0;2;-23,81147602;-46,92298208;"SPRF-SP";"DEL04-SP";"UOP01-DEL04-SP"
444865;2022-04-19;"terça-feira";"23:30:00";"MS";376;13,8;"DOURADOS";"Transitar na contramão";"Colisão frontal";"Com Vítimas Feridas";"Plena Noite";"Crescente";"Céu Claro";"Simples";"Reta";"Não";3;0;1;1;0;3;2;5;-22,28528432;-54,61226463;"SPRF-MS";"DEL04-MS";"UOP01-DEL04-MS"
444870;2022-04-20;"quarta-feira";"03:35:00";"MG";381;756,4;"TRES CORACOES";"Ausência de reação do condutor";"Colisão com objeto";"Com Vítimas Fatais";"Plena Noite";"Decrescente";"Céu Claro";"Dupla";"Curva";"Não";3;1;1;0;0;2;1;4;-21,675439;-45,338804;"SPRF-MG";"DEL16-MG";"UOP02-DEL16-MG"
444875;2022-04-20;"quarta-feira";"03:40:00";"MT";364;228;"RONDONOPOLIS";"Animais na Pista";"Tombamento";"Com Vítimas Feridas";"Plena Noite";"Decrescente";"Céu Claro";"Dupla";"Declive";"Não";2;0;1;0;0;1;1;2;-16,28204993;-54,76703083;"SPRF-MT";"DEL02-MT";"UOP01-DEL02-MT"
444877;2022-04-20;"quarta-feira";"06:00:00";"ES";262;46;"MARECHAL FLORIANO";"Condutor desrespeitou a iluminação vermelha do semáforo";"Colisão transversal";"Com Vítimas Feridas";"Pleno dia";"Crescente";"Céu Claro";"Simples";"Retorno Regulamentado";"Sim";3;0;2;0;1;0;2;2;-20,408172;-40,674043;"SPRF-ES";"DEL01-ES";"UOP01-DEL01-ES"
444878;2022-04-20;"quarta-feira";"00:30:00";"MG";251;465,4;"FRANCISCO SA";"Carga excessiva e/ou mal acondicionada";"Tombamento";"Sem Vítimas";"Plena Noite";"Crescente";"Céu Claro";"Simples";"Curva";"Não";1;0;0;0;0;1;0;1;-16,48152232;-43,409729;"SPRF-MG";"DEL12-MG";"UOP01-DEL12-MG"
444885;2022-04-20;"quarta-feira";"06:45:00";"GO";50;106;"CRISTALINA";"Condutor Dormindo";"Tombamento";"Com Vítimas Feridas";"Pleno dia";"Crescente";"Céu Claro";"Dupla";"Reta";"Não";2;0;1;0;0;2;1;3;-16,9309;-47,7117;"SPRF-DF";"DEL01-DF";"UOP02-DEL01-DF"
444902;2022-04-20;"quarta-feira";"07:00:00";"CE";20;428;"FORTALEZA";"Demais falhas mecânicas ou elétricas";"Incêndio";"Sem Vítimas";"Pleno dia";"Crescente";"Céu Claro";"Dupla";"Reta";"Sim";1;0;0;0;1;0;0;1;-3,76999035;-38,67006282;"SPRF-CE";"DEL01-CE";"UOP02-DEL01-CE"
444904;2022-04-20;"quarta-feira";"08:15:00";"ES";101;345,7;"GUARAPARI";"Ausência de reação do condutor";"Atropelamento de Pedestre";"Com Vítimas Feridas";"Pleno dia";"Decrescente";"Céu Claro";"Dupla";"Reta";"Não";4;0;0;1;2;1;1;3;-20,66063026;-40,60867306;"SPRF-ES";"DEL03-ES";"UOP01-DEL03-ES"
444921;2022-04-20;"quarta-feira";"05:25:00";"RO";364;652;"CANDEIAS DO JAMARI";"Ausência de reação do condutor";"Derramamento de carga";"Com Vítimas Feridas";"Amanhecer";"Crescente";"Ignorado";"Simples";"Reta";"Não";2;0;1;0;0;3;1;4;-8,90340599;-63,43725594;"SPRF-RO";"DEL01-RO";"UOP01-DEL01-RO"
444924;2022-04-20;"quarta-feira";"09:00:00";"MA";135;15;"SAO LUIS";"Manobra de mudança de faixa";"Colisão lateral mesmo sentido";"Sem Vítimas";"Pleno dia";"Crescente";"Céu Claro";"Dupla";"Curva";"Não";4;0;0;0;3;2;0;4;-2,566808;-44,359856;"SPRF-MA";"DEL01-MA";"UOP01-DEL01-MA"
444925;2022-04-09;"sábado";"07:45:00";"SC";101;216;"PALHOCA";"Reação tardia ou ineficiente do condutor";"Colisão transversal";"Com Vítimas Feridas";"Pleno dia";"Decrescente";"Céu Claro";"Múltipla";"Reta;Interseção de Vias;Viaduto";"Sim";2;0;0;1;1;0;1;2;-27,65981409;-48,67747798;"SPRF-SC";"DEL01-SC";"UOP02-DEL01-SC"
444926;2022-04-20;"quarta-feira";"10:30:00";"RS";116;303,2;"GUAIBA";"Acessar a via sem observar a presença dos outros veículos";"Colisão lateral mesmo sentido";"Com Vítimas Feridas";"Pleno dia";"Crescente";"Céu Claro";"Simples";"Reta";"Sim";6;0;3;0;3;0;3;2;-30,14752169;-51,36494646;"SPRF-RS";"DEL02-RS";"UOP01-DEL02-RS"
444929;2022-04-20;"quarta-feira";"09:00:00";"BA";101;263;"SANTO ANTONIO DE JESUS";"Ingestão de álcool pelo condutor";"Colisão traseira";"Com Vítimas Feridas";"Pleno dia";"Crescente";"Céu Claro";"Simples";"Curva";"Sim";9;0;1;1;7;0;2;5;-13,09003799;-39,27863203;"SPRF-BA";"DEL01-BA";"UOP02-DEL01-BA"
444932;2022-04-20;"quarta-feira";"08:00:00";"PA";10;55;"ULIANOPOLIS";"Mal súbito do condutor";"Tombamento";"Com Vítimas Feridas";"Pleno dia";"Crescente";"Céu Claro";"Simples";"Reta";"Sim";4;0;0;1;0;3;1;2;-3,96657401;-47,5426579;"SPRF-PA";"DEL02-PA";"UOP02-DEL02-PA"
444947;2022-04-20;"quarta-feira";"12:35:00";"ES";101;395,9;"RIO NOVO DO SUL";"Conversão proibida";"Colisão transversal";"Com Vítimas Feridas";"Pleno dia";"Crescente";"Sol";"Simples";"Declive";"Sim";3;0;0;1;1;1;1;3;-20,865694;-40,91366;"SPRF-ES";"DEL03-ES";"UOP02-DEL03-ES"
444948;2022-04-20;"quarta-feira";"09:00:00";"RJ";493;22;"MAGE";"Mal súbito do condutor";"Colisão transversal";"Com Vítimas Feridas";"Pleno dia";"Crescente";"Céu Claro";"Simples";"Reta";"Não";9;0;8;0;1;0;8;3;-22,659311;-43,053303;"SPRF-RJ";"DEL04-RJ";"UOP02-DEL04-RJ"
444950;2022-02-18;"sexta-feira";"10:53:00";"PB";101;4,7;"MATARACA";"Manobra de mudança de faixa";"Colisão lateral mesmo sentido";"Com Vítimas Feridas";"Pleno dia";"Crescente";"Céu Claro";"Dupla";"Reta";"Não";4;0;1;0;2;1;1;3;-6,5406751;-35,11731147;"SPRF-PB";"DEL01-PB";"UOP04-DEL01-PB"
444954;2022-01-12;"quarta-feira";"04:30:00";"PR";376;531;"PALMEIRA";"Condutor Dormindo";"Saída de leito carroçável";"Com Vítimas Fatais";"Plena Noite";"Decrescente";"Céu Claro";"Dupla";"Declive";"Não";6;5;0;0;0;1;0;2;-25,30414857;-49,88900185;"SPRF-PR";"DEL01-PR";"UOP03-DEL03-PR"
444955;2022-02-12;"sábado";"19:30:00";"PR";277;139;"BALSA NOVA";"Velocidade Incompatível";"Saída de leito carroçável";"Com Vítimas Fatais";"Plena Noite";"Crescente";"Céu Claro";"Dupla";"Aclive";"Não";2;1;0;0;0;2;0;3;-25,47287829;-49,72343445;"SPRF-PR";"DEL01-PR";"UOP03-DEL03-PR"
444957;2022-04-09;"sábado";"19:00:00";"PE";116;16;"SALGUEIRO";"Reação tardia ou ineficiente do condutor";"Colisão traseira";"Com Vítimas Feridas";"Plena Noite";"Decrescente";"Céu Claro";"Simples";"Curva";"Não";4;0;1;0;3;0;1;2;-7,984905;-39,137447;"SPRF-PE";"DEL05-PE";"UOP01-DEL05-PE"
444958;2022-04-20;"quarta-feira";"13:10:00";"PB";230;85;"GURINHEM";"Transitar na contramão";"Colisão frontal";"Com Vítimas Fatais";"Pleno dia";"Decrescente";"Sol";"Dupla";"Reta";"Não";2;1;0;0;1;0;0;2;-7,16684328;-35,36087036;"SPRF-PB";"DEL01-PB";"UOP03-DEL01-PB"