"id";"data_inversa";"dia_semana";"horario";"uf";"br";"km";"municipio";"causa_acidente";"tipo_acidente";"classificacao_acidente";"fase_dia";"sentido_via";"condicao_metereologica";"tipo_pista";"tracado_via";"uso_solo";"pessoas";"mortos";"feridos_leves";"feridos_graves";"ilesos";"ignorados";"feridos";"veiculos";"latitude";"longitude";"regional";"delegacia";"uop"
444961;2022-04-20;"quarta-feira";"13:22:00";"ES";101;330,9;"GUARAPARI";"Manobra de mudança de faixa";"Colisão lateral mesmo sentido";"Com Vítimas Feridas";"Pleno dia";"Decrescente";"Céu Claro";"Múltipla";"Reta";"Não";5;0;1;0;3;1;1;2;-20,5929953;-40,50133975;"SPRF-ES";"DEL03-ES";"UOP01-DEL03-ES"
444962;2022-04-20;"quarta-feira";"14:15:00";"CE";20;429;"FORTALEZA";"Condutor deixou de manter distância do veículo da frente";"Colisão traseira";"Sem Vítimas";"Pleno dia";"Decrescente";"Céu Claro";"Dupla";"Reta";"Sim";2;0;0;0;1;1;0;2;-3,76999035;-38,67006282;"SPRF-CE";"DEL01-CE";"UOP02-DEL01-CE"
444965;2022-04-20;"quarta-feira";"14:50:00";"SP";116;279;"EMBU DAS ARTES";"Frear bruscamente";"Colisão lateral mesmo sentido";"Sem Vítimas";"Pleno dia";"Crescente";"Céu Claro";"Dupla";"Reta";"Sim";3;0;0;0;2;1;0;3;-23,66233697;-46,85292907;"SPRF-SP";"DEL04-SP";"UOP01-DEL04-SP"
444969;2022-04-10;"domingo";"19:30:00";"RS";116;339;"BARRA DO RIBEIRO";"Reação tardia ou ineficiente do condutor";"Colisão com objeto";"Sem Vítimas";"Plena Noite";"Decrescente";"Céu Claro";"Dupla";"Em Obras;Desvio Temporário";"Não";1;0;0;0;1;0;0;1;-30,44683293;-51,48439812;"SPRF-RS";"DEL02-RS";"UOP02-DEL02-RS"
444970;2022-04-15;"sexta-feira";"20:15:00";"MT";364;349;"SANTO ANTONIO DO LEVERGER";"Problema com o freio";"Colisão com objeto";"Com Vítimas Fatais";"Plena Noite";"Crescente";"Céu Claro";"Dupla";"Curva;Declive";"Não";8;1;0;1;4;4;1;7;-15,80502622;-55,5546431;"SPRF-MT";"DEL05-MT";"UOP02-DEL05-MT"
444971;2022-04-20;"quarta-feira";"14:30:00";"RS";285;340,2;"CARAZINHO";"Demais falhas mecânicas ou elétricas";"Saída de leito carroçável";"Com Vítimas Feridas";"Pleno dia";"Crescente";"Céu Claro";"Simples";"Reta";"Sim";1;0;0;1;0;0;1;1;-28,314501;-52,7976;"SPRF-RS";"DEL08-RS";"UOP03-DEL08-RS"
444973;2022-04-15;"sexta-feira";"19:15:00";"MT";364;349;"SANTO ANTONIO DO LEVERGER";"Reação tardia ou ineficiente do condutor";"Tombamento";"Com Vítimas Feridas";"Plena Noite";"Crescente";"Céu Claro";"Dupla";"Curva;Declive";"Não";3;0;1;1;0;2;2;3;-15,80502622;-55,5546431;"SPRF-MT";"DEL05-MT";"UOP02-DEL05-MT"
444978;2022-02-19;"sábado";"03:00:00";"SP";116;358,1;"MIRACATU";"Ausência de reação do condutor";"Colisão traseira";"Com Vítimas Fatais";"Plena Noite";"Crescente";"Céu Claro";"Dupla";"Reta";"Não";3;1;0;0;2;0;0;2;-24,106304;-47,263295;"SPRF-SP";"DEL04-SP";"UOP02-DEL04-SP"
444979;2022-03-09;"quarta-feira";"18:55:00";"PR";277;301;"GUARAPUAVA";"Conversão proibida";"Colisão transversal";"Com Vítimas Feridas";"Plena Noite";"Decrescente";"Nublado";"Simples";"Reta";"Não";3;0;1;0;1;3;1;5;-25,30968193;-51,10684399;"SPRF-PR";"DEL08-PR";"UOP01-DEL08-PR"
444982;2022-04-20;"quarta-feira";"12:20:00";"MA";226;0,2;"TIMON";"Ultrapassagem Indevida";"Colisão lateral mesmo sentido";"Com Vítimas Fatais";"Pleno dia";"Crescente";"Céu Claro";"Simples";"Reta";"Sim";3;1;0;0;1;2;0;4;-5,13170584;-42,8180597;"SPRF-MA";"DEL03-MA";"UOP02-DEL03-MA"
444989;2022-04-20;"quarta-feira";"16:20:00";"RS";468;99,7;"TRES PASSOS";"Desrespeitar a preferência no cruzamento";"Colisão transversal";"Com Vítimas Feridas";"Pleno dia";"Crescente";"Céu Claro";"Simples";"Interseção de Vias";"Sim";2;0;0;1;1;0;1;2;-27,47870502;-53,91031202;"SPRF-RS";"DEL08-RS";"UOP02-DEL08-RS"
444997;2022-04-05;"terça-feira";"05:00:00";"RS";290;196,3;"RIO PARDO";"Reação tardia ou ineficiente do condutor";"Saída de leito carroçável";"Com Vítimas Feridas";"Plena Noite";"Crescente";"Céu Claro";"Simples";"Reta;Declive";"Não";2;0;0;1;0;1;1;2;-30,167259;-52,175415;"SPRF-RS";"DEL02-RS";"UOP03-DEL02-RS"
444999;2022-04-20;"quarta-feira";"18:00:00";"RN";226;113,4;"SANTA CRUZ";"Ultrapassagem Indevida";"Colisão lateral sentido oposto";"Com Vítimas Feridas";"Plena Noite";"Crescente";"Céu Claro";"Simples";"Curva";"Não";3;0;0;1;2;0;1;3;-6,21120499;-36,01975098;"SPRF-RN";"DEL03-RN";"UOP02-DEL03-RN"
445000;2022-04-20;"quarta-feira";"16:50:00";"SC";470;11;"NAVEGANTES";"Condutor deixou de manter distância do veículo da frente";"Engavetamento";"Com Vítimas Feridas";"Pleno dia";"Decrescente";"Céu Claro";"Simples";"Reta";"Sim";4;0;1;0;3;0;1;3;-26,834309;-48,747269;"SPRF-SC";"DEL04-SC";"UOP04-DEL04-SC"
445001;2022-04-20;"quarta-feira";"17:15:00";"SC";282;52;"AGUAS MORNAS";"Demais falhas mecânicas ou elétricas";"Incêndio";"Sem Vítimas";"Pleno dia";"Decrescente";"Nublado";"Simples";"Declive";"Não";1;0;0;0;1;0;0;1;-27,696936;-48,964138;"SPRF-SC";"DEL01-SC";"UOP03-DEL01-SC"
445002;2022-04-20;"quarta-feira";"16:40:00";"PE";428;187,2;"PETROLINA";"Manobra de mudança de faixa";"Colisão frontal";"Com Vítimas Feridas";"Pleno dia";"Crescente";"Céu Claro";"Simples";"Reta";"Sim";2;0;0;1;1;0;1;2;-9,35604301;-40,47854198;"SPRF-PE";"DEL06-PE";"UOP01-DEL06-PE"
445008;2022-04-20;"quarta-feira";"17:45:00";"RS";470;177;"VERANOPOLIS";"Acessar a via sem observar a presença dos outros veículos";"Colisão transversal";"Com Vítimas Feridas";"Pleno dia";"Crescente";"Nublado";"Simples";"Reta";"Sim";2;0;1;0;1;0;1;2;-28,93915139;-51,54591976;"SPRF-RS";"DEL06-RS";"UOP02-DEL06-RS"
445021;2022-04-20;"quarta-feira";"18:00:00";"PE";408;90,4;"SAO LOURENCO DA MATA";"Carga excessiva e/ou mal acondicionada";"Capotamento";"Com Vítimas Feridas";"Anoitecer";"Crescente";"Nublado";"Dupla";"Reta";"Não";4;0;2;0;0;2;2;2;-7,991256;-35,073919;"SPRF-PE";"DEL01-PE";"UOP01-DEL01-PE"
445024;2022-04-20;"quarta-feira";"18:30:00";"RS";285;563,8;"SAO LUIZ GONZAGA";"Demais falhas mecânicas ou elétricas";"Colisão frontal";"Sem Vítimas";"Anoitecer";"Crescente";"Céu Claro";"Simples";"Reta;Rotatória";"Sim";3;0;0;0;2;1;0;3;-28,41706964;-54,93610382;"SPRF-RS";"DEL10-RS";"UOP01-DEL10-RS"
445027;2022-04-20;"quarta-feira";"19:00:00";"MT";70;275;"PRIMAVERA DO LESTE";"Deficiência do Sistema de Iluminação/Sinalização";"Colisão traseira";"Com Vítimas Feridas";"Plena Noite";"Decrescente";"Céu Claro";"Simples";"Reta";"Não";3;0;2;0;1;0;2;3;-15,54957476;-54,25390412;"SPRF-MT";"DEL05-MT";"UOP01-DEL05-MT"
445037;2022-04-20;"quarta-feira";"14:45:00";"SC";470;111,2;"IBIRAMA";"Velocidade Incompatível";"Capotamento";"Com Vítimas Feridas";"Pleno dia";"Decrescente";"Céu Claro";"Simples";"Curva";"Não";1;0;1;0;0;0;1;1;-27,09969432;-49,46127199;"SPRF-SC";"DEL04-SC";"UOP02-DEL04-SC"
445039;2022-04-20;"quarta-feira";"17:40:00";"MT";158;557;"AGUA BOA";"Ausência de sinalização";"Colisão traseira";"Com Vítimas Feridas";"Anoitecer";"Crescente";"Céu Claro";"Simples";"Reta";"Não";3;0;1;0;1;3;1;5;-13,96585002;-52,12248897;"SPRF-MT";"DEL07-MT";"UOP02-DEL07-MT"
445041;2022-04-20;"quarta-feira";"21:46:00";"ES";101;1;"ICONHA";"Manobra de mudança de faixa";"Colisão lateral mesmo sentido";"Com Vítimas Feridas";"Plena Noite";"Crescente";"Céu Claro";"Dupla";"Curva";"Não";2;0;1;0;1;0;1;2;-20,79354;-40,811462;"SPRF-ES";"DEL03-ES";"UOP01-DEL03-ES"
445045;2022-04-20;"quarta-feira";"21:30:00";"SP";116;65;"GUARATINGUETA";"Velocidade Incompatível";"Colisão com objeto";"Com Vítimas Feridas";"Plena Noite";"Crescente";"Nublado";"Dupla";"Aclive;Curva;Viaduto";"Sim";3;0;2;0;1;0;2;2;-22,823273;-45,192806;"SPRF-SP";"DEL08-SP";"UOP01-DEL08-SP"
445049;2022-04-20;"quarta-feira";"21:20:00";"PR";376;653;"TIJUCAS DO SUL";"Condutor Dormindo";"Tombamento";"Sem Vítimas";"Plena Noite";"Crescente";"Nublado";"Dupla";"Reta";"Não";2;0;0;0;1;1;0;2;-25,84420191;-49,0604381;"SPRF-PR";"DEL01-PR";"UOP04-DEL01-PR"
445050;2022-04-20;"quarta-feira";"21:00:00";"SP";381;68;"MAIRIPORA";"Ausência de reação do condutor";"Capotamento";"Com Vítimas Feridas";"Plena Noite";"Decrescente";"Céu Claro";"Dupla";"Reta";"Não";2;0;0;1;0;1;1;2;-23,35761806;-46,54970281;"SPRF-SP";"DEL03-SP";"UOP01-DEL03-SP"
445059;2022-04-11;"segunda-feira";"07:05:00";"MS";163;487,3;"CAMPO GRANDE";"Reação tardia ou ineficiente do condutor";"Colisão transversal";"Com Vítimas Feridas";"Pleno dia";"Crescente";"Céu Claro";"Simples";"Interseção de Vias";"Sim";2;0;1;0;1;0;1;2;-20,4336361;-54,54376745;"SPRF-MS";"DEL01-MS";"UOP02-DEL01-MS"
445076;2022-04-21;"quinta-feira";"01:40:00";"RJ";116;129;"MAGE";"Condutor Dormindo";"Colisão lateral mesmo sentido";"Com Vítimas Feridas";"Plena Noite";"Decrescente";"Céu Claro";"Dupla";"Reta";"Não";3;0;1;0;2;0;1;2;-22,66471224;-43,11056004;"SPRF-RJ";"DEL04-RJ";"UOP02-DEL04-RJ"
445080;2022-04-21;"quinta-feira";"00:30:00";"MG";381;725,8;"CARMO DA CACHOEIRA";"Condutor Dormindo";"Colisão traseira";"Com Vítimas Feridas";"Plena Noite";"Crescente";"Céu Claro";"Dupla";"Aclive;Reta";"Não";4;0;1;0;2;2;1;4;-21,471313;-45,204921;"SPRF-MG";"DEL04-MG";"UOP02-DEL04-MG"
445081;2022-04-21;"quinta-feira";"04:10:00";"SP";116;397,8;"MIRACATU";"Condutor Dormindo";"Tombamento";"Com Vítimas Feridas";"Plena Noite";"Decrescente";"Céu Claro";"Dupla";"Reta";"Não";5;0;1;0;3;1;1;2;-24,29425611;-47,47858793;"SPRF-SP";"DEL04-SP";"UOP02-DEL04-SP"
445083;2022-04-20;"quarta-feira";"17:46:00";"MG";381;700,7;"LAVRAS";"Reação tardia ou ineficiente do condutor";"Tombamento";"Com Vítimas Fatais";"Anoitecer";"Crescente";"Céu Claro";"Dupla";"Curva;Declive";"Não";5;1;0;0;3;2;0;4;-21,31137883;-45,16451703;"SPRF-MG";"DEL04-MG";"UOP02-DEL04-MG"
445087;2022-04-21;"quinta-feira";"05:00:00";"RS";290;250;"CACHOEIRA DO SUL";"Ausência de reação do condutor";"Colisão lateral sentido oposto";"Sem Vítimas";"Plena Noite";"Decrescente";"Céu Claro";"Simples";"Reta";"Não";2;0;0;0;1;1;0;2;-30,23765;-52,72438;"SPRF-RS";"DEL02-RS";"UOP03-DEL02-RS"
445098;2022-04-21;"quinta-feira";"04:50:00";"BA";101;158,7;"CONCEICAO DO JACUIPE";"Transitar na contramão";"Colisão transversal";"Com Vítimas Feridas";"Amanhecer";"Decrescente";"Chuva";"Dupla";"Reta";"Não";3;0;0;2;1;0;2;2;-12,35551436;-38,782478;"SPRF-BA";"DEL01-BA";"UOP03-DEL01-BA"
445099;2022-03-03;"quinta-feira";"22:50:00";"SC";101;306;"LAGUNA";"Ingestão de álcool e/ou substâncias psicoativas pelo pedestre";"Tombamento";"Com Vítimas Feridas";"Plena Noite";"Crescente";"Garoa/Chuvisco";"Múltipla";"Reta";"Não";3;0;1;0;1;1;1;3;-28,39991064;-48,78567165;"SPRF-SC";"DEL02-SC";"UOP03-DEL02-SC"
445100;2022-04-21;"quinta-feira";"00:30:00";"MG";50;61,1;"UBERLANDIA";"Ausência de reação do condutor";"Saída de leito carroçável";"Com Vítimas Feridas";"Plena Noite";"Decrescente";"Céu Claro";"Dupla";"Reta";"Não";1;0;1;0;0;0;1;1;-18,81603099;-48,25003475;"SPRF-MG";"DEL15-MG";"UOP02-DEL15-MG"
445101;2022-04-21;"quinta-feira";"07:00:00";"BA";101;720;"EUNAPOLIS";"Entrada inopinada do pedestre";"Queda de ocupante de veículo";"Com Vítimas Feridas";"Pleno dia";"Crescente";"Céu Claro";"Simples";"Reta";"Não";2;0;1;0;0;1;1;1;-16,394118;-39,583693;"SPRF-BA";"DEL09-BA";"UOP01-DEL09-BA"
445102;2022-04-21;"quinta-feira";"02:00:00";"MT";364;349;"SANTO ANTONIO DO LEVERGER";"Condutor Dormindo";"Colisão com objeto";"Com Vítimas Fatais";"Plena Noite";"Crescente";"Céu Claro";"Simples";"Reta";"Não";1;1;0;0;0;0;0;1;-15,79489646;-55,58258057;"SPRF-MT";"DEL05-MT";"UOP02-DEL05-MT"
445106;2022-04-21;"quinta-feira";"06:00:00";"MG";365;501;"PATROCINIO";"Ausência de reação do condutor";"Colisão traseira";"Com Vítimas Fatais";"Amanhecer";"Decrescente";"Céu Claro";"Simples";"Declive";"Não";4;1;1;0;1;1;1;3;-18,95943174;-47,23721305;"SPRF-MG";"DEL10-MG";"UOP01-DEL10-MG"
445109;2022-04-21;"quinta-feira";"04:40:00";"BA";101;276;"LAJE";"Velocidade Incompatível";"Tombamento";"Com Vítimas Feridas";"Amanhecer";"Crescente";"Garoa/Chuvisco";"Simples";"Curva";"Não";1;0;0;1;0;0;1;1;-13,19115094;-39,3248049;"SPRF-BA";"DEL01-BA";"UOP02-DEL01-BA"
445114;2022-04-21;"quinta-feira";"01:05:00";"MG";381;643,8;"SANTO ANTONIO DO AMPARO";"Condutor Dormindo";"Saída de leito carroçável";"Com Vítimas Fatais";"Plena Noite";"Crescente";"Céu Claro";"Dupla";"Reta";"Não";3;1;0;1;0;1;1;2;-20,944136;-44,880592;"SPRF-MG";"DEL04-MG";"UOP01-DEL04-MG"
445125;2022-04-21;"quinta-feira";"09:40:00";"BA";101;820,9;"VEREDA";"Transitar na contramão";"Colisão lateral sentido oposto";"Com Vítimas Feridas";"Pleno dia";"Crescente";"Céu Claro";"Simples";"Curva;Declive";"Não";4;0;0;2;1;1;2;3;-17,25428798;-39,63099022;"SPRF-BA";"DEL09-BA";"UOP02-DEL09-BA"
445128;2022-04-21;"quinta-feira";"09:00:00";"MS";262;381;"TERENOS";"Acessar a via sem observar a presença dos outros veículos";"Colisão lateral mesmo sentido";"Com Vítimas Feridas";"Pleno dia";"Crescente";"Céu Claro";"Simples";"Reta";"Não";2;0;1;0;1;0;1;2;-20,436629;-54,861402;"SPRF-MS";"DEL01-MS";"UOP03-DEL01-MS"
445129;2022-04-19;"terça-feira";"16:25:00";"SP";381;85;"SAO PAULO";"Frear bruscamente";"Colisão traseira";"Com Vítimas Feridas";"Pleno dia";"Decrescente";"Céu Claro";"Dupla";"Reta";"Sim";2;0;1;0;1;0;1;2;-23,449343;-46,56983501;"SPRF-SP";"DEL03-SP";"UOP01-DEL03-SP"
445131;2022-04-21;"quinta-feira";"05:10:00";"SE";101;14;"CEDRO DE SAO JOAO";"Condutor Dormindo";"Saída de leito carroçável";"Com Vítimas Feridas";"Amanhecer";"Decrescente";"Céu Claro";"Dupla";"Reta";"Não";1;0;1;0;0;0;1;1;-10,31157674;-36,89174049;"SPRF-SE";"DEL02-SE";"UOP02-DEL02-SE"
445133;2022-04-21;"quinta-feira";"10:50:00";"RS";290;95;"PORTO ALEGRE";"Problema com o freio";"Colisão com objeto";"Sem Vítimas";"Pleno dia";"Decrescente";"Sol";"Dupla";"Reta";"Sim";5;0;0;0;2;3;0;5;-29,982832;-51,201572;"SPRF-RS";"DEL01-RS";"UOP01-DEL01-RS"
445134;2022-04-21;"quinta-feira";"10:40:00";"SP";116;344;"MIRACATU";"Demais falhas mecânicas ou elétricas";"Incêndio";"Sem Vítimas";"Pleno dia";"Crescente";"Céu Claro";"Dupla";"Reta";"Não";2;0;0;0;1;1;0;2;-24,030436;-47,178276;"SPRF-SP";"DEL04-SP";"UOP02-DEL04-SP"
445139;2022-04-21;"quinta-feira";"10:45:00";"SC";470;91,2;"ASCURRA";"Ultrapassagem Indevida";"Colisão lateral sentido oposto";"Com Vítimas Feridas";"Pleno dia";"Decrescente";"Céu Claro";"Simples";"Reta";"Sim";5;0;0;1;3;1;1;5;-26,98153611;-49,37148571;"SPRF-SC";"DEL04-SC";"UOP01-DEL04-SC"
445147;2022-04-21;"quinta-feira";"06:20:00";"BA";116;113;"MACURURE";"Demais falhas mecânicas ou elétricas";"Incêndio";"Sem Vítimas";"Amanhecer";"Crescente";"Céu Claro";"Simples";"Reta";"Não";2;0;0;0;1;12;0;13;-9,597659;-39,1005609722;"SPRF-BA";"DEL07-BA";"UOP01-DEL07-BA"
445153;2022-04-21;"quinta-feira";"10:35:00";"GO";80;40,2;"PADRE BERNARDO";"Manobra de mudança de faixa";"Colisão frontal";"Com Vítimas Fatais";"Pleno dia";"Crescente";"Céu Claro";"Simples";"Aclive";"Não";3;1;0;0;2;0;0;2;-15,22045;-48,280189;"SPRF-DF";"DEL03-DF";"UOP02-DEL03-DF"
445155;2022-04-21;"quinta-feira";"11:41:00";"MT";364;439;"VARZEA GRANDE";"Reação tardia ou ineficiente do condutor";"Engavetamento";"Com Vítimas Feridas";"Pleno dia";"Decrescente";"Céu Claro";"Simples";"Aclive";"Não";4;0;1;0;2;9;1;12;-15,611207;-56,204102;"SPRF-MT";"DEL01-MT";"UOP02-DEL01-MT"
445158;2022-04-09;"sábado";"12:15:00";"MS";163;148;"NAVIRAI";"Ausência de reação do condutor";"Colisão traseira";"Com Vítimas Feridas";"Pleno dia";"Decrescente";"Sol";"Simples";"Reta";"Não";2;0;1;0;1;0;1;2;-22,9756912201;-54,4151011891;"SPRF-MS";"DEL09-MS";"UOP01-DEL09-MS"
445162;2022-03-12;"sábado";"11:30:00";"SP";381;29,5;"ATIBAIA";"Manobra de mudança de faixa";"Colisão traseira";"Com Vítimas Feridas";"Pleno dia";"Crescente";"Sol";"Dupla";"Reta";"Não";2;0;1;0;1;0;1;2;-23,04177622;-46,55896672;"SPRF-SP";"DEL03-SP";"UOP01-DEL03-SP"
445172;2022-04-21;"quinta-feira";"12:00:00";"SE";101;71;"MARUIM";"Ausência de reação do condutor";"Saída de leito carroçável";"Sem Vítimas";"Pleno dia";"Crescente";"Sol";"Simples";"Em Obras;Desvio Temporário";"Não";2;0;0;0;1;1;0;2;-10,74264798;-37,09334602;"SPRF-SE";"DEL01-SE";"UOP01-DEL01-SE"
445173;2022-04-21;"quinta-feira";"13:20:00";"AL";316;226;"ATALAIA";"Conversão proibida";"Colisão lateral mesmo sentido";"Com Vítimas Feridas";"Pleno dia";"Decrescente";"Nublado";"Simples";"Interseção de Vias";"Não";3;0;1;0;1;1;1;3;-9,48398693;-36,15120494;"SPRF-AL";"DEL01-AL";"UOP01-DEL01-AL"
445176;2022-04-21;"quinta-feira";"09:00:00";"SC";282;588;"SAUDADES";"Chuva";"Saída de leito carroçável";"Sem Vítimas";"Pleno dia";"Decrescente";"Chuva";"Dupla";"Reta";"Não";1;0;0;0;0;1;0;1;-26,826273;-53,052547;"SPRF-SC";"DEL07-SC";"UOP02-DEL07-SC"
445177;2022-04-21;"quinta-feira";"14:15:00";"MG";381;890;"CAMBUI";"Reação tardia ou ineficiente do condutor";"Colisão com objeto";"Com Vítimas Feridas";"Pleno dia";"Crescente";"Céu Claro";"Dupla";"Declive;Curva";"Não";2;0;1;0;0;2;1;3;-22,5863847;-46,0498174;"SPRF-MG";"DEL16-MG";"UOP03-DEL16-MG"
445185;2022-04-21;"quinta-feira";"14:30:00";"MT";364;574;"NOBRES";"Ingestão de álcool pelo condutor";"Tombamento";"Sem Vítimas";"Pleno dia";"Decrescente";"Céu Claro";"Dupla";"Declive";"Não";2;0;0;0;1;2;0;3;-14,69987761;-56,31727433;"SPRF-MT";"DEL01-MT";"UOP01-DEL01-MT"
445189;2022-04-01;"sexta-feira";"17:35:00";"PR";376;493;"PONTA GROSSA";"Acesso irregular";"Colisão frontal";"Com Vítimas Feridas";"Pleno dia";"Decrescente";"Chuva";"Dupla";"Reta";"Sim";3;0;0;1;1;1;1;3;-25,12553832;-50,1797533;"SPRF-PR";"DEL03-PR";"UOP01-DEL03-PR"
445194;2022-04-21;"quinta-feira";"17:20:00";"SP";116;127;"CACAPAVA";"Condutor deixou de manter distância do veículo da frente";"Colisão traseira";"Sem Vítimas";"Pleno dia";"Decrescente";"Céu Claro";"Dupla";"Reta";"Sim";3;0;0;0;2;1;0;3;-23,10991026;-45,70246044;"SPRF-SP";"DEL02-SP";"UOP02-DEL02-SP"
445202;2022-04-21;"quinta-feira";"18:02:00";"SP";116;284,3;"EMBU DAS ARTES";"Ausência de reação do condutor";"Colisão lateral mesmo sentido";"Com Vítimas Fatais";"Anoitecer";"Crescente";"Céu Claro";"Múltipla";"Reta";"Sim";5;1;1;0;2;1;1;4;-23,69998;-46,867767;"SPRF-SP";"DEL04-SP";"UOP01-DEL04-SP"
445217;2022-04-21;"quinta-feira";"20:30:00";"RJ";101;79,5;"CAMPOS DOS GOYTACAZES";"Condutor deixou de manter distância do veículo da frente";"Colisão traseira";"Com Vítimas Feridas";"Plena Noite";"Crescente";"Céu Claro";"Simples";"Reta";"Sim";4;0;0;1;2;1;1;4;-21,83685554;-41,42866013;"SPRF-RJ";"DEL08-RJ";"UOP02-DEL08-RJ"
445219;2022-04-21;"quinta-feira";"17:50:00";"MA";316;561;"CAXIAS";"Acessar a via sem observar a presença dos outros veículos";"Colisão transversal";"Com Vítimas Feridas";"Anoitecer";"Crescente";"Céu Claro";"Simples";"Reta";"Não";3;0;0;1;1;1;1;3;-4,893173;-43,275978;"SPRF-MA";"DEL03-MA";"UOP02-DEL03-MA"
445226;2022-04-21;"quinta-feira";"15:30:00";"PI";135;555;"SAO GONCALO DO GURGUEIA";"Problema com o freio";"Saída de leito carroçável";"Com Vítimas Feridas";"Pleno dia";"Crescente";"Sol";"Simples";"Declive";"Não";38;0;29;4;3;2;33;4;-10,13468727;-45,2085483;"SPRF-PI";"DEL03-PI";"UOP02-DEL03-PI"
445229;2022-04-21;"quinta-feira";"19:00:00";"PR";476;92;"BOCAIUVA DO SUL";"Transitar na contramão";"Colisão frontal";"Com Vítimas Fatais";"Anoitecer";"Crescente";"Céu Claro";"Simples";"Curva;Declive";"Sim";2;1;0;0;0;1;0;2;-25,19709736;-49,11455154;"SPRF-PR";"DEL01-PR";"UOP02-DEL01-PR"
445235;2022-04-21;"quinta-feira";"16:20:00";"MA";226;322;"BARRA DO CORDA";"Obras na pista";"Colisão traseira";"Com Vítimas Feridas";"Anoitecer";"Crescente";"Céu Claro";"Simples";"Declive";"Não";2;0;1;0;1;0;1;2;-5,42486537;-45,39318487;"SPRF-MA";"DEL04-MA";"UOP02-DEL04-MA"
445236;2022-04-21;"quinta-feira";"20:30:00";"RS";116;397,9;"CAMAQUA";"Acessar a via sem observar a presença dos outros veículos";"Colisão transversal";"Com Vítimas Feridas";"Plena Noite";"Crescente";"Nublado";"Simples";"Interseção de Vias;Rotatória";"Sim";4;0;2;0;1;1;2;3;-30,85668978;-51,7840381;"SPRF-RS";"DEL02-RS";"UOP02-DEL02-RS"
445238;2022-04-21;"quinta-feira";"22:32:00";"MG";381;672,3;"PERDOES";"Mal súbito do condutor";"Saída de leito carroçável";"Com Vítimas Fatais";"Plena Noite";"Crescente";"Ignorado";"Dupla";"Curva;Declive";"Não";1;1;0;0;0;0;0;1;-21,0939261;-45,07727193;"SPRF-MG";"DEL04-MG";"UOP02-DEL04-MG"
445242;2022-02-25;"sexta-feira";"23:00:00";"PA";316;110;"SANTA MARIA DO PARA";"Acessar a via sem observar a presença dos outros veículos";"Colisão transversal";"Com Vítimas Feridas";"Plena Noite";"Crescente";"Nublado";"Simples";"Interseção de Vias";"Não";6;0;1;0;4;1;1;3;-1,32235116;-47,52052288;"SPRF-PA";"DEL01-PA";"UOP02-DEL01-PA"
445245;2022-04-22;"sexta-feira";"00:20:00";"RJ";101;194;"CASIMIRO DE ABREU";"Condutor Dormindo";"Colisão traseira";"Com Vítimas Fatais";"Plena Noite";"Crescente";"Céu Claro";"Múltipla";"Reta";"Não";4;1;1;0;1;1;1;3;-22,48344609;-42,09700374;"SPRF-RJ";"DEL08-RJ";"UOP04-DEL08-RJ"
445252;2022-04-22;"sexta-feira";"01:30:00";"PB";101;93;"JOAO PESSOA";"Manobra de mudança de faixa";"Colisão traseira";"Sem Vítimas";"Plena Noite";"Crescente";"Céu Claro";"Dupla";"Aclive";"Não";3;0;0;0;2;1;0;3;-7,205825;-34,90879;"SPRF-PB";"DEL01-PB";"UOP02-DEL01-PB"
445253;2022-04-22;"sexta-feira";"00:30:00";"MG";381;683,3;"PERDOES";"Condutor Dormindo";"Colisão com objeto";"Com Vítimas Feridas";"Plena Noite";"Decrescente";"Céu Claro";"Dupla";"Curva";"Não";2;0;1;0;0;1;1;2;-21,17656293;-45,12506072;"SPRF-MG";"DEL04-MG";"UOP02-DEL04-MG"
445257;2022-04-22;"sexta-feira";"03:30:00";"RN";101;153,8;"GOIANINHA";"Condutor Dormindo";"Saída de leito carroçável";"Com Vítimas Feridas";"Plena Noite";"Decrescente";"Nublado";"Dupla";"Reta";"Não";1;0;1;0;0;0;1;1;-6,3250942;-35,17882034;"SPRF-RN";"DEL01-RN";"UOP01-DEL01-RN"
445260;2022-04-22;"sexta-feira";"04:03:00";"PE";232;58;"POMBOS";"Estacionar ou parar em local proibido";"Colisão com objeto";"Com Vítimas Fatais";"Amanhecer";"Crescente";"Nublado";"Simples";"Aclive";"Sim";3;1;0;0;0;2;0;3;-8,14462866;-35,39034714;"SPRF-PE";"DEL02-PE";"UOP02-DEL02PE"
445264;2022-04-21;"quinta-feira";"22:00:00";"PA";316;65;"CASTANHAL";"Transitar na contramão";"Colisão frontal";"Com Vítimas Fatais";"Plena Noite";"Decrescente";"Céu Claro";"Dupla";"Reta";"Sim";3;1;0;0;1;2;0;4;-1,295174;-47,901678;"SPRF-PA";"DEL01-PA";"UOP01-DEL01-PA"
445265;2022-04-22;"sexta-feira";"04:50:00";"GO";60;270,6;"JANDAIA";"Condutor Dormindo";"Colisão traseira";"Com Vítimas Feridas";"Plena Noite";"Crescente";"Céu Claro";"Dupla";"Reta";"Não";4;0;0;2;1;1;2;3;-17,2071;-50,1212;"SPRF-GO";"DEL01-GO";"UOP02-DEL01-GO"
445272;2022-04-21;"quinta-feira";"22:30:00";"BA";116;763;"POCOES";"Animais na Pista";"Atropelamento de Animal";"Com Vítimas Feridas";"Plena Noite";"Decrescente";"Céu Claro";"Simples";"Reta";"Não";3;0;2;0;0;1;2;2;-14,51023335;-40,36330866;"SPRF-BA";"DEL08-BA";"UOP02-DEL08-BA"
445273;2022-04-22;"sexta-feira";"06:20:00";"DF";20;42;"BRASILIA";"Demais falhas mecânicas ou elétricas";"Incêndio";"Sem Vítimas";"Pleno dia";"Crescente";"Céu Claro";"Dupla";"Aclive;Reta";"Não";2;0;0;0;1;1;0;2;-15,579221;-47,494339;"SPRF-DF";"DEL02-DF";"UOP01-DEL02-DF"