"id";"data_inversa";"dia_semana";"horario";"uf";"br";"km";"municipio";"causa_acidente";"tipo_acidente";"classificacao_acidente";"fase_dia";"sentido_via";"condicao_metereologica";"tipo_pista";"tracado_via";"uso_solo";"pessoas";"mortos";"feridos_leves";"feridos_graves";"ilesos";"ignorados";"feridos";"veiculos";"latitude";"longitude";"regional";"delegacia";"uop"
445276;2022-04-22;"sexta-feira";"07:15:00";"RS";158;245,3;"JULIO DE CASTILHOS";"Mal súbito do condutor";"Saída de leito carroçável";"Com Vítimas Fatais";"Amanhecer";"Decrescente";"Céu Claro";"Simples";"Reta;Declive";"Não";1;1;0;0;0;0;0;1;-29,07358801;-53,64835391;"SPRF-RS";"DEL10-RS";"UOP02-DEL10-RS"
445279;2022-04-22;"sexta-feira";"06:15:00";"PR";277;68;"SAO JOSE DOS PINHAIS";"Ausência de reação do condutor";"Saída de leito carroçável";"Com Vítimas Feridas";"Pleno dia";"Crescente";"Nublado";"Dupla";"Reta";"Sim";2;0;1;0;0;2;1;3;-25,54112281;-49,06183391;"SPRF-PR";"DEL01-PR";"UOP01-DEL01-PR"
445280;2022-04-22;"sexta-feira";"06:20:00";"PR";277;68;"SAO JOSE DOS PINHAIS";"Falta de elemento de contenção que evite a saída do leito carroçável";"Saída de leito carroçável";"Com Vítimas Feridas";"Pleno dia";"Decrescente";"Garoa/Chuvisco";"Dupla";"Reta";"Sim";3;0;1;0;2;0;1;2;-25,53715243;-49,07076619;"SPRF-PR";"DEL01-PR";"UOP01-DEL01-PR"
445289;2022-04-22;"sexta-feira";"08:00:00";"CE";116;90,1;"CASCAVEL";"Velocidade Incompatível";"Tombamento";"Com Vítimas Feridas";"Pleno dia";"Decrescente";"Céu Claro";"Simples";"Curva";"Não";3;0;1;0;1;1;1;2;-4,46846526;-38,36266994;"SPRF-CE";"DEL03-CE";"UOP02-DEL03-CE"
445296;2022-04-22;"sexta-feira";"08:10:00";"MS";163;574,7;"BANDEIRANTES";"Ausência de reação do condutor";"Engavetamento";"Com Vítimas Feridas";"Pleno dia";"Crescente";"Céu Claro";"Simples";"Reta";"Não";6;0;1;0;4;1;1;5;-19,6839265;-54,3501569;"SPRF-MS";"DEL01-MS";"UOP02-DEL01-MS"
445303;2022-04-22;"sexta-feira";"07:50:00";"PR";163;44;"PRANCHITA";"Ultrapassagem Indevida";"Colisão lateral mesmo sentido";"Sem Vítimas";"Pleno dia";"Decrescente";"Nublado";"Simples";"Curva";"Não";4;0;0;0;3;2;0;4;-26,032026;-53,73488;"SPRF-PR";"DEL02-PR";"UOP02-DEL02-PR"
445305;2022-04-22;"sexta-feira";"10:00:00";"PR";476;253;"ANTONIO OLINTO";"Reação tardia ou ineficiente do condutor";"Tombamento";"Com Vítimas Fatais";"Pleno dia";"Decrescente";"Céu Claro";"Simples";"Curva";"Não";2;1;0;0;0;1;0;2;-25,891479;-50,197521;"SPRF-PR";"DEL02-PR";"UOP04-DEL02-PR"
445307;2022-04-22;"sexta-feira";"07:40:00";"BA";101;120;"ALAGOINHAS";"Desrespeitar a preferência no cruzamento";"Colisão transversal";"Com Vítimas Feridas";"Pleno dia";"Crescente";"Chuva";"Simples";"Interseção de Vias";"Não";5;0;2;0;3;0;2;3;-12,16103619;-38,5648919;"SPRF-BA";"DEL01-BA";"UOP04-DEL01-BA"
445309;2022-04-22;"sexta-feira";"10:40:00";"PR";277;40;"MORRETES";"Reação tardia ou ineficiente do condutor";"Tombamento";"Com Vítimas Feridas";"Pleno dia";"Decrescente";"Nublado";"Dupla";"Curva";"Não";1;0;1;0;0;0;1;1;-25,57995056;-48,87198329;"SPRF-PR";"DEL01-PR";"UOP05-DEL01-PR"
445323;2022-04-22;"sexta-feira";"11:25:00";"MT";163;854,7;"SINOP";"Desrespeitar a preferência no cruzamento";"Colisão transversal";"Com Vítimas Feridas";"Pleno dia";"Crescente";"Céu Claro";"Simples";"Rotatória";"Sim";8;0;6;0;1;4;6;6;-11,69347618;-55,45160294;"SPRF-MT";"DEL06-MT";"NPF/DEL06-MT"
445333;2022-04-22;"sexta-feira";"09:00:00";"SC";470;190;"POUSO REDONDO";"Reação tardia ou ineficiente do condutor";"Saída de leito carroçável";"Com Vítimas Feridas";"Pleno dia";"Decrescente";"Céu Claro";"Simples";"Curva";"Não";2;0;0;1;0;1;1;2;-27,281504;-50,069775;"SPRF-SC";"DEL04-SC";"UOP02-DEL04-SC"
445338;2022-04-22;"sexta-feira";"12:45:00";"PR";369;155;"LONDRINA";"Condutor deixou de manter distância do veículo da frente";"Colisão traseira";"Com Vítimas Feridas";"Pleno dia";"Decrescente";"Céu Claro";"Dupla";"Aclive;Reta";"Sim";3;0;1;0;2;0;1;2;-23,29469997;-51,21092729;"SPRF-PR";"DEL07-PR";"UOP01-DEL07-PR"
445344;2022-04-22;"sexta-feira";"15:10:00";"MS";262;195,7;"RIBAS DO RIO PARDO";"Transitar na contramão";"Colisão lateral sentido oposto";"Com Vítimas Fatais";"Pleno dia";"Decrescente";"Céu Claro";"Simples";"Declive";"Não";4;1;0;1;1;2;1;4;-20,45509117;-53,34808597;"SPRF-MS";"DEL07-MS";"UOP02-DEL07-MS"
445345;2022-04-22;"sexta-feira";"10:20:00";"MG";251;427,8;"GRAO MOGOL";"Velocidade Incompatível";"Saída de leito carroçável";"Sem Vítimas";"Pleno dia";"Crescente";"Céu Claro";"Simples";"Curva";"Não";2;0;0;0;1;1;0;2;-16,33690716;-43,13798285;"SPRF-MG";"DEL12-MG";"UOP01-DEL12-MG"
445347;2022-04-22;"sexta-feira";"14:15:00";"RS";293;250,9;"DOM PEDRITO";"Reação tardia ou ineficiente do condutor";"Colisão lateral mesmo sentido";"Com Vítimas Feridas";"Pleno dia";"Crescente";"Nublado";"Simples";"Rotatória";"Sim";5;0;1;1;0;3;2;4;-30,9681893;-54,66281891;"SPRF-RS";"DEL11-RS";"UOP03-DEL11-RS"
445354;2022-04-22;"sexta-feira";"13:35:00";"PR";116;0,3;"CAMPINA GRANDE DO SUL";"Velocidade Incompatível";"Tombamento";"Sem Vítimas";"Pleno dia";"Crescente";"Nublado";"Múltipla";"Curva";"Não";1;0;0;0;1;0;0;1;-25,0604;-48,562973;"SPRF-PR";"DEL01-PR";"UOP02-DEL01-PR"
445359;2022-04-22;"sexta-feira";"13:40:00";"SC";163;110,3;"GUARUJA DO SUL";"Manobra de mudança de faixa";"Colisão transversal";"Com Vítimas Feridas";"Pleno dia";"Crescente";"Garoa/Chuvisco";"Simples";"Em Obras;Declive;Reta";"Não";3;0;0;1;1;1;1;3;-26,40172014;-53,52458596;"SPRF-SC";"DEL07-SC";"UOP03-DEL07-SC"
445361;2022-04-22;"sexta-feira";"16:00:00";"MS";60;529,9;"NIOAQUE";"Ingestão de álcool pelo condutor";"Colisão com objeto";"Sem Vítimas";"Pleno dia";"Crescente";"Sol";"Simples";"Reta";"Não";2;0;0;0;2;0;0;2;-21,126456;-55,739399;"SPRF-MS";"DEL05-MS";"UOP01-DEL05-MS"
445364;2022-04-22;"sexta-feira";"15:00:00";"PE";423;27,3;"SAO CAITANO";"Demais falhas mecânicas ou elétricas";"Incêndio";"Com Vítimas Feridas";"Pleno dia";"Decrescente";"Sol";"Simples";"Reta";"Não";2;0;1;0;0;2;1;3;-8,39548998;-36,18077804;"SPRF-PE";"DEL03-PE";"UOP02-DEL03-PE"
445365;2022-04-22;"sexta-feira";"14:10:00";"BA";324;622;"SALVADOR";"Condutor deixou de manter distância do veículo da frente";"Colisão traseira";"Com Vítimas Feridas";"Pleno dia";"Decrescente";"Céu Claro";"Dupla";"Reta";"Sim";3;0;0;1;2;0;1;3;-12,91888605;-38,46502095;"SPRF-BA";"DEL01-BA";"UOP01-DEL01-BA"
445366;2022-04-22;"sexta-feira";"14:00:00";"SC";282;618,7;"IRACEMINHA";"Ausência de reação do condutor";"Colisão frontal";"Com Vítimas Feridas";"Pleno dia";"Decrescente";"Chuva";"Simples";"Curva";"Não";3;0;0;1;1;2;1;4;-26,788088;-53,293259;"SPRF-SC";"DEL07-SC";"UOP02-DEL07-SC"
445368;2022-04-22;"sexta-feira";"11:55:00";"MG";381;525,2;"BRUMADINHO";"Problema com o freio";"Saída de leito carroçável";"Com Vítimas Feridas";"Pleno dia";"Crescente";"Nublado";"Dupla";"Curva";"Não";3;0;1;0;1;1;1;2;-20,16710798;-44,33422398;"SPRF-MG";"DEL04-MG";"UOP03-DEL04-MG"
445369;2022-04-22;"sexta-feira";"16:00:00";"MT";364;90;"ALTO GARCAS";"Ultrapassagem Indevida";"Colisão lateral sentido oposto";"Com Vítimas Feridas";"Anoitecer";"Decrescente";"Céu Claro";"Simples";"Curva";"Não";4;0;1;0;2;4;1;7;-16,837733;-53,78253937;"SPRF-MT";"DEL02-MT";"UOP02-DEL02-MT"
445374;2022-02-06;"domingo";"22:00:00";"PB";230;288,2;"SANTA LUZIA";"Animais na Pista";"Atropelamento de Animal";"Com Vítimas Feridas";"Plena Noite";"Crescente";"Céu Claro";"Simples";"Reta";"Não";9;0;4;4;1;0;8;2;-6,8929;-36,8861;"SPRF-PB";"DEL03-PB";"UOP01-DEL03-PB"
445383;2022-04-22;"sexta-feira";"17:50:00";"PE";101;38,4;"IGARASSU";"Demais falhas mecânicas ou elétricas";"Tombamento";"Sem Vítimas";"Plena Noite";"Decrescente";"Nublado";"Dupla";"Reta;Aclive";"Não";2;0;0;0;0;2;0;2;-7,79726705;-34,9274932;"SPRF-PE";"DEL01-PE";"UOP02-DEL01-PE"
445388;2022-04-22;"sexta-feira";"17:10:00";"BA";116;644,5;"JAGUAQUARA";"Problema com o freio";"Colisão frontal";"Com Vítimas Feridas";"Anoitecer";"Decrescente";"Céu Claro";"Simples";"Curva";"Não";8;0;1;0;6;2;1;7;-13,56327346;-40,07984161;"SPRF-BA";"DEL03-BA";"UOP01-DEL03-BA"
445391;2022-04-22;"sexta-feira";"19:00:00";"BA";110;175,7;"RIBEIRA DO POMBAL";"Ausência de reação do condutor";"Atropelamento de Pedestre";"Com Vítimas Fatais";"Plena Noite";"Crescente";"Nublado";"Simples";"Reta";"Sim";2;1;0;0;0;1;0;2;-10,887348;-38,52479999;"SPRF-BA";"DEL07-BA";"UOP02-DEL07-BA"
445402;2022-03-05;"sábado";"16:00:00";"BA";420;261,9;"MUTUIPE";"Velocidade Incompatível";"Colisão frontal";"Com Vítimas Fatais";"Pleno dia";"Crescente";"Chuva";"Simples";"Curva";"Não";4;1;3;0;0;0;3;3;-13,23921117;-39,53771421;"SPRF-BA";"DEL01-BA";"UOP02-DEL01-BA"
445405;2022-04-22;"sexta-feira";"20:45:00";"PR";376;193,1;"MARIALVA";"Manobra de mudança de faixa";"Tombamento";"Com Vítimas Feridas";"Plena Noite";"Crescente";"Nublado";"Dupla";"Reta;Aclive";"Não";4;0;2;0;1;2;2;4;-23,49593066;-51,80945277;"SPRF-PR";"DEL09-PR";"UOP01-DEL09-PR"
445407;2022-04-22;"sexta-feira";"18:00:00";"PR";376;323,3;"ORTIGUEIRA";"Carga excessiva e/ou mal acondicionada";"Tombamento";"Com Vítimas Feridas";"Anoitecer";"Crescente";"Céu Claro";"Simples";"Curva";"Não";2;0;1;0;0;1;1;2;-24,043949;-51,077985;"SPRF-PR";"DEL07-PR";"UOP02-DEL07-PR"
445411;2022-04-22;"sexta-feira";"19:30:00";"BA";101;276;"LAJE";"Ultrapassagem Indevida";"Colisão frontal";"Com Vítimas Fatais";"Plena Noite";"Crescente";"Céu Claro";"Simples";"Reta";"Não";2;1;0;0;1;0;0;2;-13,19115094;-39,3248049;"SPRF-BA";"DEL01-BA";"UOP02-DEL01-BA"
445416;2022-04-22;"sexta-feira";"18:40:00";"SC";116;142,7;"SANTA CECILIA";"Transitar na contramão";"Colisão frontal";"Com Vítimas Feridas";"Plena Noite";"Decrescente";"Chuva";"Dupla";"Reta";"Não";3;0;2;0;1;0;2;2;-26,97880161;-50,3961135;"SPRF-SC";"DEL06-SC";"UOP02-DEL06-SC"
445418;2022-04-22;"sexta-feira";"20:30:00";"BA";324;595;"CANDEIAS";"Ausência de reação do condutor";"Colisão traseira";"Sem Vítimas";"Plena Noite";"Crescente";"Nublado";"Dupla";"Reta";"Não";3;0;0;0;2;2;0;4;-12,71235341;-38,45524557;"SPRF-BA";"DEL01-BA";"UOP01-DEL01-BA"
445422;2022-04-22;"sexta-feira";"22:20:00";"PR";116;125;"FAZENDA RIO GRANDE";"Ausência de reação do condutor";"Colisão traseira";"Com Vítimas Feridas";"Plena Noite";"Crescente";"Chuva";"Dupla";"Reta";"Sim";3;0;1;0;1;1;1;3;-25,59505309;-49,31630659;"SPRF-PR";"DEL01-PR";"UOP03-DEL01-PR"
445423;2022-04-22;"sexta-feira";"22:10:00";"SC";470;111,4;"IBIRAMA";"Velocidade Incompatível";"Tombamento";"Com Vítimas Feridas";"Plena Noite";"Crescente";"Chuva";"Simples";"Curva";"Não";1;0;1;0;0;0;1;1;-27,095388;-49,457878;"SPRF-SC";"DEL04-SC";"UOP02-DEL04-SC"
445428;2022-04-22;"sexta-feira";"21:40:00";"SC";101;78,9;"ARAQUARI";"Avarias e/ou desgaste excessivo no pneu";"Colisão traseira";"Com Vítimas Fatais";"Plena Noite";"Crescente";"Chuva";"Dupla";"Curva";"Não";4;1;0;0;1;2;0;4;-26,587052;-48,721793;"SPRF-SC";"DEL03-SC";"UOP02-DEL03-SC"
445429;2022-04-22;"sexta-feira";"23:00:00";"SC";470;10;"NAVEGANTES";"Acesso irregular";"Colisão transversal";"Com Vítimas Feridas";"Plena Noite";"Crescente";"Chuva";"Simples";"Reta;Interseção de Vias;Em Obras";"Não";2;0;0;1;1;0;1;2;-26,833693;-48,73724;"SPRF-SC";"DEL04-SC";"UOP04-DEL04-SC"
445430;2022-04-22;"sexta-feira";"21:40:00";"GO";414;356,5;"COCALZINHO DE GOIAS";"Velocidade Incompatível";"Colisão com objeto";"Com Vítimas Feridas";"Plena Noite";"Crescente";"Céu Claro";"Simples";"Curva";"Não";1;0;1;0;0;0;1;1;-15,670394;-48,69985;"SPRF-GO";"DEL02-GO";"UOP01-DEL02-GO"
445435;2022-04-22;"sexta-feira";"19:17:00";"RO";364;413;"JARU";"Ultrapassagem Indevida";"Colisão lateral sentido oposto";"Com Vítimas Feridas";"Plena Noite";"Crescente";"Céu Claro";"Simples";"Curva";"Não";7;0;1;4;0;2;5;3;-10,51689295;-62,40599289;"SPRF-RO";"DEL03-RO";"UOP02-DEL03-RO"
445439;2022-04-22;"sexta-feira";"18:15:00";"SC";470;276;"BRUNOPOLIS";"Reação tardia ou ineficiente do condutor";"Colisão frontal";"Sem Vítimas";"Plena Noite";"Decrescente";"Chuva";"Simples";"Reta;Aclive";"Não";5;0;0;0;3;2;0;5;-27,329716;-50,823788;"SPRF-SC";"DEL07-SC";"UOP06-DEL07-SC"
445441;2022-04-23;"sábado";"01:30:00";"SC";470;111;"APIUNA";"Ausência de reação do condutor";"Colisão frontal";"Com Vítimas Feridas";"Plena Noite";"Decrescente";"Chuva";"Simples";"Curva";"Não";2;0;0;1;1;0;1;2;-27,095388;-49,457878;"SPRF-SC";"DEL04-SC";"UOP02-DEL04-SC"
445442;2022-04-22;"sexta-feira";"21:20:00";"MG";381;664;"SANTO ANTONIO DO AMPARO";"Ausência de reação do condutor";"Colisão traseira";"Com Vítimas Feridas";"Plena Noite";"Crescente";"Nublado";"Dupla";"Aclive";"Não";3;0;1;0;1;1;1;3;-21,037169;-45,002088;"SPRF-MG";"DEL04-MG";"UOP02-DEL04-MG"
445447;2022-04-23;"sábado";"01:15:00";"PR";376;418;"TIBAGI";"Ausência de reação do condutor";"Colisão com objeto";"Sem Vítimas";"Plena Noite";"Decrescente";"Nublado";"Dupla";"Reta";"Não";2;0;0;0;1;1;0;2;-24,66031734;-50,60939052;"SPRF-PR";"DEL03-PR";"UOP02-DEL03-PR"
445449;2022-04-23;"sábado";"01:15:00";"MT";364;533;"ROSARIO OESTE";"Ausência de reação do condutor";"Colisão traseira";"Com Vítimas Fatais";"Plena Noite";"Decrescente";"Céu Claro";"Simples";"Reta";"Não";4;1;0;0;2;3;0;6;-14,97797096;-56,5187654;"SPRF-MT";"DEL01-MT";"UOP01-DEL01-MT"
445451;2022-04-23;"sábado";"03:45:00";"SP";116;187;"SANTA ISABEL";"Frear bruscamente";"Colisão traseira";"Com Vítimas Feridas";"Plena Noite";"Decrescente";"Garoa/Chuvisco";"Dupla";"Reta";"Não";3;0;1;0;1;1;1;3;-23,35713072;-46,20737811;"SPRF-SP";"DEL01-SP";"UOP01-DEL01-SP"
445461;2022-04-23;"sábado";"04:40:00";"RJ";101;216;"SILVA JARDIM";"Transitar na contramão";"Colisão frontal";"Com Vítimas Feridas";"Plena Noite";"Crescente";"Céu Claro";"Simples";"Reta";"Não";3;0;1;0;2;0;1;2;-22,50804478;-42,28281706;"SPRF-RJ";"DEL02-RJ";"UOP03-DEL02-RJ"
445465;2022-04-23;"sábado";"05:05:00";"SC";101;265,7;"PAULO LOPES";"Manobra de mudança de faixa";"Colisão lateral mesmo sentido";"Sem Vítimas";"Plena Noite";"Decrescente";"Nublado";"Dupla";"Reta";"Sim";3;0;0;0;2;2;0;4;-28,06905225;-48,71427124;"SPRF-SC";"DEL02-SC";"UOP03-DEL02-SC"
445467;2022-04-23;"sábado";"04:45:00";"MA";226;75;"CAXIAS";"Demais falhas na via";"Colisão lateral sentido oposto";"Com Vítimas Fatais";"Plena Noite";"Crescente";"Chuva";"Simples";"Reta";"Não";3;1;0;0;1;1;0;3;-5,224909;-43,451706;"SPRF-MA";"DEL03-MA";"UOP02-DEL03-MA"
445480;2022-04-23;"sábado";"06:20:00";"MT";163;816;"SINOP";"Ingestão de álcool pelo condutor";"Colisão com objeto";"Sem Vítimas";"Pleno dia";"Decrescente";"Sol";"Simples";"Aclive";"Sim";4;0;0;0;2;4;0;6;-12,016;-55,517;"SPRF-MT";"DEL06-MT";"UOP01-DEL06-MT"
445483;2022-04-03;"domingo";"14:30:00";"PR";369;164;"CAMBE";"Condutor deixou de manter distância do veículo da frente";"Colisão traseira";"Com Vítimas Feridas";"Pleno dia";"Decrescente";"Céu Claro";"Dupla";"Reta";"Sim";5;0;0;2;3;0;2;3;-23,29593326;-51,28442955;"SPRF-PR";"DEL07-PR";"UOP01-DEL07-PR"
445484;2022-04-23;"sábado";"06:30:00";"MT";364;239;"RONDONOPOLIS";"Condutor Dormindo";"Tombamento";"Com Vítimas Feridas";"Pleno dia";"Decrescente";"Céu Claro";"Dupla";"Reta";"Não";4;0;1;0;2;2;1;3;-16,1876524;-54,78578459;"SPRF-MT";"DEL02-MT";"UOP01-DEL02-MT"
445491;2022-04-23;"sábado";"08:40:00";"ES";101;214;"IBIRACU";"Acessar a via sem observar a presença dos outros veículos";"Colisão transversal";"Com Vítimas Feridas";"Pleno dia";"Crescente";"Céu Claro";"Simples";"Interseção de Vias";"Não";5;0;3;0;1;1;3;3;-19,82999127;-40,37211181;"SPRF-ES";"DEL02-ES";"UOP01-DEL02-ES"
445492;2022-04-23;"sábado";"05:20:00";"PE";316;82;"OURICURI";"Ausência de reação do condutor";"Colisão traseira";"Com Vítimas Fatais";"Pleno dia";"Decrescente";"Chuva";"Simples";"Reta";"Não";2;1;0;0;0;1;0;2;-7,8712915;-40,09366321;"SPRF-PE";"DEL05-PE";"UOP02-DEL05-PE"
445503;2022-04-23;"sábado";"08:25:00";"PI";343;0;"TERESINA";"Retorno proibido";"Colisão transversal";"Sem Vítimas";"Pleno dia";"Crescente";"Céu Claro";"Dupla";"Declive";"Sim";3;0;0;0;3;0;0;2;-5,089569;-42,802288;"SPRF-PI";"DEL01-PI";"UOP01-DEL01-PI"
445509;2022-04-23;"sábado";"03:00:00";"PR";476;264;"SAO MATEUS DO SUL";"Condutor Dormindo";"Tombamento";"Com Vítimas Feridas";"Plena Noite";"Crescente";"Chuva";"Simples";"Reta";"Não";2;0;1;0;0;1;1;2;-25,891033;-50,282455;"SPRF-PR";"DEL02-PR";"UOP04-DEL02-PR"
445519;2022-04-23;"sábado";"10:55:00";"PR";376;177;"MARINGA";"Frear bruscamente";"Tombamento";"Com Vítimas Feridas";"Pleno dia";"Crescente";"Céu Claro";"Dupla";"Reta";"Sim";3;0;0;1;1;1;1;3;-23,41324088;-51,93095684;"SPRF-PR";"DEL09-PR";"UOP01-DEL09-PR"
445527;2022-04-23;"sábado";"12:21:00";"SC";101;113,7;"ITAJAI";"Trafegar com motocicleta (ou similar) entre as faixas";"Colisão lateral mesmo sentido";"Com Vítimas Feridas";"Pleno dia";"Decrescente";"Sol";"Dupla";"Reta";"Não";3;0;1;0;1;1;1;3;-26,85311393;-48,72689927;"SPRF-SC";"DEL04-SC";"UOP04-DEL04-SC"
445530;2022-04-12;"terça-feira";"04:00:00";"MS";262;177;"RIBAS DO RIO PARDO";"Acessar a via sem observar a presença dos outros veículos";"Colisão lateral mesmo sentido";"Com Vítimas Feridas";"Amanhecer";"Decrescente";"Céu Claro";"Simples";"Reta";"Não";4;0;2;0;1;2;2;4;-20,41265571;-53,17978197;"SPRF-MS";"DEL07-MS";"UOP02-DEL07-MS"
445532;2022-04-23;"sábado";"12:10:00";"MG";262;839;"UBERABA";"Condutor Dormindo";"Tombamento";"Com Vítimas Feridas";"Pleno dia";"Crescente";"Céu Claro";"Dupla";"Reta";"Não";1;0;1;0;0;0;1;1;-19,751924;-48,238193;"SPRF-MG";"DEL13-MG";"UOP01-DEL13-MG"
445533;2022-04-23;"sábado";"14:00:00";"SC";101;201,1;"SAO JOSE";"Ausência de reação do condutor";"Colisão traseira";"Sem Vítimas";"Pleno dia";"Crescente";"Céu Claro";"Dupla";"Reta";"Não";2;0;0;0;2;0;0;2;-27,54836599;-48,61977975;"SPRF-SC";"DEL01-SC";"UOP01-DEL01-SC"
445534;2022-04-23;"sábado";"13:30:00";"GO";40;11,4;"LUZIANIA";"Reação tardia ou ineficiente do condutor";"Colisão traseira";"Com Vítimas Feridas";"Pleno dia";"Crescente";"Céu Claro";"Dupla";"Reta";"Sim";3;0;2;0;1;0;2;2;-16,138336;-47,951644;"SPRF-DF";"DEL01-DF";"UOP01-DEL01-DF"
445544;2022-04-23;"sábado";"13:15:00";"RJ";101;257;"RIO BONITO";"Condutor Dormindo";"Saída de leito carroçável";"Com Vítimas Fatais";"Pleno dia";"Crescente";"Céu Claro";"Dupla";"Reta";"Não";3;1;1;0;1;0;1;2;-22,69834198;-42,57903814;"SPRF-RJ";"DEL02-RJ";"UOP03-DEL02-RJ"
445553;2022-04-23;"sábado";"13:40:00";"PI";343;280;"CAMPO MAIOR";"Transitar na contramão";"Colisão lateral sentido oposto";"Com Vítimas Feridas";"Pleno dia";"Crescente";"Céu Claro";"Simples";"Reta";"Não";5;0;0;1;4;0;1;2;-4,919703;-42,261066;"SPRF-PI";"DEL01-PI";"UOP03-DEL01-PI"
445555;2022-04-23;"sábado";"15:00:00";"SC";101;118;"ITAJAI";"Ingestão de álcool pelo condutor";"Colisão transversal";"Sem Vítimas";"Pleno dia";"Decrescente";"Céu Claro";"Dupla";"Interseção de Vias;Reta";"Não";3;0;0;0;2;1;0;3;-26,895859;-48,71903;"SPRF-SC";"DEL04-SC";"UOP04-DEL04-SC"
445561;2022-04-23;"sábado";"15:55:00";"PE";232;17;"JABOATAO DOS GUARARAPES";"Acessar a via sem observar a presença dos outros veículos";"Colisão com objeto";"Com Vítimas Feridas";"Pleno dia";"Crescente";"Céu Claro";"Dupla";"Reta";"Não";3;0;1;1;1;0;2;2;-8,09822484;-35,06316202;"SPRF-PE";"DEL01-PE";"UOP01-DEL01-PE"
445562;2022-04-23;"sábado";"15:50:00";"SP";116;272;"TABOAO DA SERRA";"Ausência de reação do condutor";"Colisão traseira";"Com Vítimas Feridas";"Pleno dia";"Crescente";"Céu Claro";"Simples";"Interseção de Vias";"Sim";3;0;1;0;1;2;1;4;-23,621691;-46,813288;"SPRF-SP";"DEL04-SP";"UOP01-DEL04-SP"
445572;2022-04-23;"sábado";"15:00:00";"BA";110;149;"CICERO DANTAS";"Acessar a via sem observar a presença dos outros veículos";"Colisão transversal";"Com Vítimas Fatais";"Pleno dia";"Decrescente";"Céu Claro";"Simples";"Reta";"Não";4;1;1;1;1;0;2;2;-10,686351;-38,438044;"SPRF-BA";"DEL07-BA";"UOP02-DEL07-BA"
445575;2022-04-23;"sábado";"14:45:00";"MA";135;93;"ITAPECURU MIRIM";"Ausência de reação do condutor";"Colisão frontal";"Com Vítimas Feridas";"Pleno dia";"Crescente";"Chuva";"Simples";"Ponte";"Não";4;0;3;0;1;0;3;2;-3,31440313;-44,43044386;"SPRF-MA";"DEL01-MA";"UOP02-DEL01-MA"
445576;2022-04-23;"sábado";"14:55:00";"RJ";393;141;"SAPUCAIA";"Conversão proibida";"Colisão transversal";"Com Vítimas Feridas";"Pleno dia";"Crescente";"Céu Claro";"Simples";"Reta";"Sim";3;0;1;0;1;1;1;3;-22,00993396;-42,94794103;"SPRF-RJ";"DEL05-RJ";"UOP01-DEL05-RJ"
445577;2022-04-23;"sábado";"11:10:00";"PR";116;29,5;"CAMPINA GRANDE DO SUL";"Velocidade Incompatível";"Tombamento";"Com Vítimas Feridas";"Pleno dia";"Decrescente";"Céu Claro";"Dupla";"Declive;Curva";"Sim";2;0;0;1;0;1;1;2;-25,10057871;-48,81128876;"SPRF-PR";"DEL01-PR";"UOP02-DEL01-PR"
445592;2022-04-23;"sábado";"17:30:00";"CE";116;476;"MILAGRES";"Acessar a via sem observar a presença dos outros veículos";"Colisão transversal";"Sem Vítimas";"Anoitecer";"Crescente";"Céu Claro";"Simples";"Reta";"Sim";4;0;0;0;2;2;0;4;-7,30172743;-38,89265299;"SPRF-CE";"DEL05-CE";"UOP03-DEL05-CE"
445593;2022-03-18;"sexta-feira";"12:10:00";"BA";116;762,6;"POCOES";"Ultrapassagem Indevida";"Colisão frontal";"Com Vítimas Fatais";"Pleno dia";"Decrescente";"Nublado";"Simples";"Ponte";"Não";7;1;1;1;3;1;2;5;-14,558662;-40,410933;"SPRF-BA";"DEL08-BA";"UOP02-DEL08-BA"
445595;2022-04-23;"sábado";"15:30:00";"RJ";101;237;"SILVA JARDIM";"Ausência de reação do condutor";"Colisão traseira";"Com Vítimas Feridas";"Pleno dia";"Crescente";"Céu Claro";"Dupla";"Reta";"Não";3;0;0;1;2;0;1;2;-22,61465396;-42,41257441;"SPRF-RJ";"DEL02-RJ";"UOP03-DEL02-RJ"
445600;2022-04-23;"sábado";"19:10:00";"SP";116;517,4;"CAJATI";"Transitar na contramão";"Colisão lateral sentido oposto";"Sem Vítimas";"Plena Noite";"Decrescente";"Nublado";"Simples";"Curva";"Não";2;0;0;0;0;2;0;2;-24,8768469;-48,22732309;"SPRF-SP";"DEL05-SP";"UOP02-DEL05-SP"
445601;2022-04-23;"sábado";"17:45:00";"MG";251;367,2;"PADRE CARVALHO";"Ultrapassagem Indevida";"Colisão frontal";"Com Vítimas Fatais";"Anoitecer";"Crescente";"Céu Claro";"Simples";"Reta";"Não";4;1;0;0;2;1;0;4;-16,28432002;-42,68795299;"SPRF-MG";"DEL12-MG";"UOP01-DEL12-MG"
445612;2022-04-23;"sábado";"17:30:00";"RS";285;382;"SANTA BARBARA DO SUL";"Ingestão de álcool pelo condutor";"Colisão frontal";"Com Vítimas Fatais";"Pleno dia";"Crescente";"Céu Claro";"Simples";"Curva";"Não";7;1;0;2;3;1;2;3;-28,430128;-53,172131;"SPRF-RS";"DEL10-RS";"UOP02-DEL10-RS"
445617;2022-04-23;"sábado";"16:50:00";"BA";101;926,8;"MUCURI";"Velocidade Incompatível";"Colisão traseira";"Com Vítimas Feridas";"Pleno dia";"Crescente";"Céu Claro";"Simples";"Reta";"Não";4;0;1;0;2;5;1;8;-18,1306881;-39,89419875;"SPRF-BA";"DEL09-BA";"UOP02-DEL09-BA"