"id";"data_inversa";"dia_semana";"horario";"uf";"br";"km";"municipio";"causa_acidente";"tipo_acidente";"classificacao_acidente";"fase_dia";"sentido_via";"condicao_metereologica";"tipo_pista";"tracado_via";"uso_solo";"pessoas";"mortos";"feridos_leves";"feridos_graves";"ilesos";"ignorados";"feridos";"veiculos";"latitude";"longitude";"regional";"delegacia";"uop"
446086;2022-04-25;"segunda-feira";"19:00:00";"BA";324;296;"JACOBINA";"Ausência de reação do condutor";"Colisão lateral sentido oposto";"Com Vítimas Feridas";"Plena Noite";"Crescente";"Céu Claro";"Simples";"Curva";"Não";3;0;0;1;2;0;1;3;-11,19563126;-40,49697876;"SPRF-BA";"DEL04-BA";"UOP02-DEL04-BA"
446087;2022-04-25;"segunda-feira";"19:00:00";"RS";285;26;"SAO JOSE DOS AUSENTES";"Pedestre andava na pista";"Atropelamento de Pedestre";"Com Vítimas Feridas";"Anoitecer";"Crescente";"Céu Claro";"Simples";"Reta";"Não";2;0;0;1;1;0;1;2;-28,717157;-50,141705;"SPRF-RS";"DEL05-RS";"UOP03-DEL05-RS"
446090;2022-04-25;"segunda-feira";"23:10:00";"MG";381;652,7;"SANTO ANTONIO DO AMPARO";"Condutor Dormindo";"Saída de leito carroçável";"Com Vítimas Feridas";"Plena Noite";"Decrescente";"Céu Claro";"Dupla";"Declive;Reta";"Não";1;0;1;0;0;0;1;1;-20,98384831;-44,94479972;"SPRF-MG";"DEL04-MG";"UOP02-DEL04-MG"
446092;2022-04-25;"segunda-feira";"23:17:00";"PR";376;593;"CURITIBA";"Ingestão de álcool ou de substâncias psicoativas pelo pedestre";"Colisão traseira";"Sem Vítimas";"Plena Noite";"Decrescente";"Nublado";"Dupla";"Reta";"Não";2;0;0;0;2;0;0;2;-25,47642706;-49,35092413;"SPRF-PR";"DEL01-PR";"UOP06-DEL01-PR"
446094;2022-04-25;"segunda-feira";"18:15:00";"RS";116;422;"CRISTAL";"Transitar na contramão";"Colisão frontal";"Com Vítimas Feridas";"Anoitecer";"Crescente";"Chuva";"Simples";"Reta";"Não";3;0;1;1;1;0;2;2;-30,96928866;-51,99520216;"SPRF-RS";"DEL02-RS";"UOP02-DEL02-RS"
446095;2022-04-25;"segunda-feira";"18:16:00";"RS";116;422;"CRISTAL";"Objeto estático sobre o leito carroçável";"Colisão lateral sentido oposto";"Sem Vítimas";"Amanhecer";"Crescente";"Chuva";"Simples";"Reta";"Não";2;0;0;0;2;0;0;2;-30,96928866;-51,99520216;"SPRF-RS";"DEL02-RS";"UOP02-DEL02-RS"
446096;2022-04-25;"segunda-feira";"04:15:00";"BA";110;376;"CATU";"Carga excessiva e/ou mal acondicionada";"Tombamento";"Com Vítimas Feridas";"Plena Noite";"Crescente";"Céu Claro";"Simples";"Curva";"Não";2;0;1;0;0;1;1;2;-12,41579896;-38,47467614;"SPRF-BA";"DEL01-BA";"UOP01-DEL01-BA"
446098;2022-04-26;"terça-feira";"01:30:00";"BA";101;287;"LAJE";"Ausência de reação do condutor";"Saída de leito carroçável";"Com Vítimas Feridas";"Plena Noite";"Decrescente";"Garoa/Chuvisco";"Simples";"Reta";"Não";2;0;1;0;1;0;1;1;-13,16687;-39,31234;"SPRF-BA";"DEL01-BA";"UOP02-DEL01-BA"
446101;2022-04-25;"segunda-feira";"22:30:00";"RS";153;8;"CACHOEIRA DO SUL";"Velocidade Incompatível";"Tombamento";"Com Vítimas Feridas";"Plena Noite";"Crescente";"Chuva";"Simples";"Aclive;Curva";"Sim";2;0;1;0;0;1;1;2;-30,03105543;-52,86380768;"SPRF-RS";"DEL02-RS";"UOP03-DEL02-RS"
446103;2022-04-26;"terça-feira";"05:15:00";"PR";116;177;"QUITANDINHA";"Condutor Dormindo";"Tombamento";"Com Vítimas Feridas";"Plena Noite";"Crescente";"Céu Claro";"Simples";"Curva";"Não";2;0;1;0;0;2;1;3;-25,9093972;-49,58670616;"SPRF-PR";"DEL01-PR";"UOP03-DEL01-PR"
446105;2022-04-26;"terça-feira";"04:40:00";"RS";287;251;"SANTA MARIA";"Ausência de reação do condutor";"Tombamento";"Com Vítimas Feridas";"Plena Noite";"Crescente";"Chuva";"Dupla";"Rotatória";"Sim";2;0;2;0;0;0;2;1;-29,68759328;-53,88493722;"SPRF-RS";"DEL09-RS";"UOP01-DEL09-RS"
446106;2022-04-26;"terça-feira";"04:30:00";"RS";386;304;"POUSO NOVO";"Reação tardia ou ineficiente do condutor";"Saída de leito carroçável";"Sem Vítimas";"Plena Noite";"Decrescente";"Chuva";"Simples";"Reta";"Não";2;0;0;0;2;0;0;1;-29,178612;-52,195;"SPRF-RS";"DEL04-RS";"UOP01-DEL04-RS"
446108;2022-04-26;"terça-feira";"05:10:00";"GO";153;417;"ANAPOLIS";"Reação tardia ou ineficiente do condutor";"Saída de leito carroçável";"Com Vítimas Feridas";"Amanhecer";"Crescente";"Céu Claro";"Simples";"Declive;Reta";"Não";1;0;1;0;0;0;1;1;-16,150995;-49,044746;"SPRF-GO";"DEL02-GO";"UOP01-DEL02-GO"
446109;2022-04-26;"terça-feira";"05:50:00";"GO";60;200;"GUAPO";"Condutor Dormindo";"Colisão traseira";"Com Vítimas Feridas";"Pleno dia";"Decrescente";"Céu Claro";"Dupla";"Reta";"Não";3;0;0;1;2;0;1;2;-16,8736;-49,6126;"SPRF-GO";"DEL01-GO";"UOP02-DEL01-GO"
446112;2022-04-26;"terça-feira";"07:00:00";"CE";116;11;"FORTALEZA";"Manobra de mudança de faixa";"Colisão traseira";"Com Vítimas Feridas";"Pleno dia";"Decrescente";"Sol";"Múltipla";"Reta";"Sim";5;0;3;0;1;1;3;5;-3,8439472373;-38,4989154604;"SPRF-CE";"DEL01-CE";"UOP02-DEL01-CE"
446113;2022-04-26;"terça-feira";"06:30:00";"SP";116;364,8;"MIRACATU";"Ausência de reação do condutor";"Tombamento";"Sem Vítimas";"Pleno dia";"Decrescente";"Céu Claro";"Dupla";"Curva";"Não";2;0;0;0;1;1;0;2;-24,13881806;-47,27310246;"SPRF-SP";"DEL04-SP";"UOP02-DEL04-SP"
446114;2022-04-26;"terça-feira";"04:50:00";"BA";101;186;"SAO GONCALO DOS CAMPOS";"Ultrapassagem Indevida";"Colisão lateral sentido oposto";"Com Vítimas Feridas";"Amanhecer";"Crescente";"Nevoeiro/Neblina";"Simples";"Declive";"Não";6;0;3;0;2;1;3;4;-12,470543;-38,938381;"SPRF-BA";"DEL01-BA";"UOP03-DEL01-BA"
446115;2022-04-26;"terça-feira";"06:15:00";"SC";101;311,5;"LAGUNA";"Manobra de mudança de faixa";"Colisão lateral mesmo sentido";"Com Vítimas Feridas";"Amanhecer";"Decrescente";"Céu Claro";"Múltipla";"Reta";"Não";3;0;1;0;1;1;1;3;-28,4409049;-48,818285;"SPRF-SC";"DEL02-SC";"UOP01-DEL02-SC"
446118;2022-04-26;"terça-feira";"07:30:00";"PR";116;74;"CAMPINA GRANDE DO SUL";"Problema com o freio";"Incêndio";"Sem Vítimas";"Pleno dia";"Crescente";"Céu Claro";"Múltipla";"Reta";"Não";2;0;0;0;1;1;0;2;-25,36517687;-49,04223028;"SPRF-PR";"DEL01-PR";"UOP01-DEL01-PR"
446119;2022-04-23;"sábado";"03:30:00";"MG";251;210;"CACHOEIRA DE PAJEU";"Reação tardia ou ineficiente do condutor";"Saída de leito carroçável";"Sem Vítimas";"Plena Noite";"Decrescente";"Céu Claro";"Simples";"Reta;Aclive";"Não";3;0;0;0;2;1;0;2;-15,889854;-41,527858;"SPRF-MG";"DEL11-MG";"UOP02-DEL11-MG"
446121;2022-04-26;"terça-feira";"06:50:00";"MG";267;226,1;"LIBERDADE";"Condutor Dormindo";"Colisão frontal";"Com Vítimas Fatais";"Pleno dia";"Decrescente";"Nublado";"Simples";"Curva";"Não";4;1;0;1;1;3;1;5;-21,94292611;-44,30155307;"SPRF-MG";"DEL17-MG";"UOP01-DEL17-MG"
446128;2022-02-19;"sábado";"14:30:00";"RS";290;611;"ALEGRETE";"Reação tardia ou ineficiente do condutor";"Saída de leito carroçável";"Com Vítimas Feridas";"Pleno dia";"Decrescente";"Sol";"Simples";"Reta";"Não";2;0;0;1;0;1;1;2;-29,920986;-56,057549;"SPRF-RS";"DEL13-RS";"UOP02-DEL13-RS"
446136;2022-04-25;"segunda-feira";"17:45:00";"MA";226;251;"TUNTUM";"Demais falhas na via";"Tombamento";"Com Vítimas Feridas";"Anoitecer";"Crescente";"Céu Claro";"Simples";"Curva";"Não";2;0;1;0;0;2;1;3;-5,39389381;-44,87027096;"SPRF-MA";"DEL06-MA";"UOP01-DEL06-MA"
446138;2022-04-26;"terça-feira";"08:00:00";"BA";324;574;"SAO SEBASTIAO DO PASSE";"Acessar a via sem observar a presença dos outros veículos";"Colisão traseira";"Com Vítimas Feridas";"Pleno dia";"Decrescente";"Céu Claro";"Dupla";"Reta";"Não";4;0;1;0;2;1;1;3;-12,57466957;-38,54312897;"SPRF-BA";"DEL01-BA";"UOP01-DEL01-BA"
446141;2022-04-26;"terça-feira";"09:40:00";"RJ";101;83;"CAMPOS DOS GOYTACAZES";"Carga excessiva e/ou mal acondicionada";"Tombamento";"Com Vítimas Fatais";"Pleno dia";"Crescente";"Céu Claro";"Simples";"Curva";"Não";4;1;1;1;0;1;2;4;-21,82296;-41,458322;"SPRF-RJ";"DEL08-RJ";"UOP02-DEL08-RJ"
446142;2022-04-26;"terça-feira";"05:00:00";"RO";364;636;"CANDEIAS DO JAMARI";"Condutor Dormindo";"Saída de leito carroçável";"Com Vítimas Feridas";"Amanhecer";"Crescente";"Céu Claro";"Simples";"Reta";"Não";2;0;1;0;0;2;1;3;-9,0466830407;-63,4143411999;"SPRF-RO";"DEL01-RO";"UOP04-DEL01-RO"
446143;2022-04-26;"terça-feira";"07:25:00";"MA";316;596,4;"TIMON";"Reação tardia ou ineficiente do condutor";"Engavetamento";"Com Vítimas Feridas";"Pleno dia";"Decrescente";"Céu Claro";"Simples";"Reta";"Sim";3;0;1;0;2;0;1;3;-5,017139;-42,989258;"SPRF-MA";"DEL03-MA";"UOP02-DEL03-MA"
446152;2022-04-26;"terça-feira";"08:30:00";"SE";101;20,3;"MALHADA DOS BOIS";"Ausência de reação do condutor";"Saída de leito carroçável";"Sem Vítimas";"Pleno dia";"Crescente";"Céu Claro";"Dupla";"Reta";"Não";1;0;0;0;0;1;0;1;-10,36128499;-36,90821202;"SPRF-SE";"DEL02-SE";"UOP02-DEL02-SE"
446154;2022-02-15;"terça-feira";"20:49:00";"AC";317;299;"BRASILEIA";"Transitar na contramão";"Colisão frontal";"Sem Vítimas";"Plena Noite";"Crescente";"Nublado";"Simples";"Reta";"Não";5;0;0;0;5;0;0;3;-10,98057259;-68,76248462;"SPRF-AC";"DEL01-AC";"UOP02-DEL01-AC"
446156;2022-04-25;"segunda-feira";"04:30:00";"RS";158;264,2;"JULIO DE CASTILHOS";"Ausência de reação do condutor";"Colisão frontal";"Com Vítimas Feridas";"Plena Noite";"Crescente";"Vento";"Simples";"Reta";"Sim";4;0;0;1;1;3;1;5;-29,24386385;-53,66526246;"SPRF-RS";"DEL09-RS";"UOP01-DEL09-RS"
446157;2022-04-26;"terça-feira";"05:00:00";"BA";324;298;"JACOBINA";"Curva acentuada";"Saída de leito carroçável";"Com Vítimas Feridas";"Amanhecer";"Crescente";"Garoa/Chuvisco";"Simples";"Curva";"Não";3;0;0;2;0;1;2;2;-11,19561305;-40,49678525;"SPRF-BA";"DEL04-BA";"UOP02-DEL04-BA"
446162;2022-04-26;"terça-feira";"12:00:00";"RS";285;292,7;"PASSO FUNDO";"Entrada inopinada do pedestre";"Atropelamento de Pedestre";"Com Vítimas Feridas";"Pleno dia";"Crescente";"Chuva";"Dupla";"Reta";"Sim";3;0;1;0;1;1;1;3;-28,239017;-52,365276;"SPRF-RS";"DEL08-RS";"UOP03-DEL08-RS"
446165;2022-04-26;"terça-feira";"11:55:00";"SP";116;221;"GUARULHOS";"Trafegar com motocicleta (ou similar) entre as faixas";"Colisão lateral mesmo sentido";"Com Vítimas Feridas";"Pleno dia";"Decrescente";"Céu Claro";"Dupla";"Reta";"Sim";3;0;2;0;1;0;2;2;-23,46802395;-46,50704901;"SPRF-SP";"DEL01-SP";"UOP01-DEL01-SP"
446167;2022-04-26;"terça-feira";"12:08:00";"PR";153;41,6;"SANTO ANTONIO DA PLATINA";"Velocidade Incompatível";"Tombamento";"Com Vítimas Feridas";"Pleno dia";"Crescente";"Céu Claro";"Simples";"Interseção de Vias";"Sim";2;0;1;0;0;2;1;3;-23,29438945;-50,06485283;"SPRF-PR";"DEL07-PR";"UOP04-DEL07-PR"
446168;2022-04-26;"terça-feira";"11:30:00";"MG";381;921,2;"CAMANDUCAIA";"Velocidade Incompatível";"Tombamento";"Com Vítimas Feridas";"Pleno dia";"Crescente";"Céu Claro";"Dupla";"Curva;Declive";"Não";2;0;0;1;0;2;1;3;-22,7680939;-46,20854399;"SPRF-MG";"DEL16-MG";"UOP03-DEL16-MG"
446169;2022-04-26;"terça-feira";"09:40:00";"RJ";116;143;"DUQUE DE CAXIAS";"Reação tardia ou ineficiente do condutor";"Colisão com objeto";"Com Vítimas Feridas";"Pleno dia";"Decrescente";"Sol";"Dupla";"Reta";"Sim";2;0;1;0;0;1;1;2;-22,65237271;-43,23918118;"SPRF-RJ";"DEL01-RJ";"UOP01-DEL01-RJ"
446170;2022-04-26;"terça-feira";"11:53:00";"MS";163;486,3;"CAMPO GRANDE";"Reação tardia ou ineficiente do condutor";"Colisão transversal";"Com Vítimas Feridas";"Pleno dia";"Decrescente";"Céu Claro";"Simples";"Reta";"Sim";3;0;1;0;1;1;1;3;-20,4336361;-54,54376745;"SPRF-MS";"DEL01-MS";"UOP02-DEL01-MS"
446176;2022-04-26;"terça-feira";"13:40:00";"MG";365;65;"JEQUITAI";"Velocidade Incompatível";"Colisão frontal";"Com Vítimas Fatais";"Pleno dia";"Crescente";"Sol";"Simples";"Curva";"Não";6;1;0;2;2;2;2;4;-17,03436676;-44,3178767;"SPRF-MG";"DEL12-MG";"UOP01-DEL12-MG"
446179;2022-04-26;"terça-feira";"12:20:00";"MG";381;908,1;"CAMBUI";"Velocidade Incompatível";"Tombamento";"Com Vítimas Feridas";"Pleno dia";"Decrescente";"Céu Claro";"Dupla";"Curva";"Não";2;0;1;0;0;1;1;2;-22,68037267;-46,10098791;"SPRF-MG";"DEL16-MG";"UOP03-DEL16-MG"
446180;2022-04-26;"terça-feira";"13:35:00";"MG";381;920,4;"CAMANDUCAIA";"Ausência de sinalização";"Colisão traseira";"Com Vítimas Feridas";"Pleno dia";"Crescente";"Sol";"Dupla";"Curva";"Não";3;0;0;1;1;2;1;4;-22,7704869;-46,20021296;"SPRF-MG";"DEL16-MG";"UOP03-DEL16-MG"
446184;2022-04-11;"segunda-feira";"19:10:00";"SC";101;147,1;"ITAPEMA";"Pedestre cruzava a pista fora da faixa";"Atropelamento de Pedestre";"Com Vítimas Fatais";"Plena Noite";"Crescente";"Céu Claro";"Dupla";"Reta;Ponte";"Sim";2;1;0;0;1;0;0;2;-27,094016;-48,617804;"SPRF-SC";"DEL04-SC";"UOP03-DEL04-SC"
446190;2022-04-26;"terça-feira";"12:00:00";"PR";277;347;"GUARAPUAVA";"Manobra de mudança de faixa";"Colisão frontal";"Com Vítimas Feridas";"Pleno dia";"Decrescente";"Céu Claro";"Simples";"Aclive";"Sim";3;0;0;1;1;1;1;3;-25,37592;-51,50396;"SPRF-PR";"DEL08-PR";"UOP01-DEL08-PR"
446192;2022-04-26;"terça-feira";"14:40:00";"MT";70;524;"VARZEA GRANDE";"Ultrapassagem Indevida";"Colisão lateral mesmo sentido";"Com Vítimas Feridas";"Pleno dia";"Crescente";"Céu Claro";"Dupla";"Curva";"Não";3;0;1;0;1;3;1;5;-15,64849073;-56,04678435;"SPRF-MT";"DEL01-MT";"UOP02-DEL01-MT"
446194;2022-04-26;"terça-feira";"15:05:00";"BA";116;498,5;"SANTA TERESINHA";"Ultrapassagem Indevida";"Colisão lateral sentido oposto";"Com Vítimas Fatais";"Pleno dia";"Crescente";"Chuva";"Simples";"Reta";"Não";3;1;1;0;0;1;1;3;-12,58064786;-39,51536972;"SPRF-BA";"DEL02-BA";"UOP01-DEL02-BA"
446197;2022-04-26;"terça-feira";"11:00:00";"TO";153;6;"XAMBIOA";"Demais falhas mecânicas ou elétricas";"Colisão com objeto";"Com Vítimas Feridas";"Pleno dia";"Crescente";"Céu Claro";"Simples";"Reta";"Não";1;0;0;1;0;0;1;1;-6,43493201;-48,52171305;"SPRF-TO";"DEL02-TO";"UOP01-DEL02-TO"
446202;2022-04-26;"terça-feira";"17:00:00";"SC";101;121;"ITAJAI";"Ausência de reação do condutor";"Colisão lateral mesmo sentido";"Com Vítimas Feridas";"Pleno dia";"Decrescente";"Céu Claro";"Múltipla";"Reta";"Não";2;0;0;1;1;0;1;2;-26,92103178;-48,70856446;"SPRF-SC";"DEL04-SC";"UOP04-DEL04-SC"
446205;2022-04-26;"terça-feira";"16:45:00";"SP";116;288,9;"ITAPECERICA DA SERRA";"Manobra de mudança de faixa";"Colisão lateral mesmo sentido";"Com Vítimas Feridas";"Pleno dia";"Crescente";"Céu Claro";"Dupla";"Reta";"Não";5;0;3;0;1;1;3;3;-23,71441779;-46,87929634;"SPRF-SP";"DEL04-SP";"UOP01-DEL04-SP"
446210;2022-04-26;"terça-feira";"10:30:00";"MG";381;302;"ANTONIO DIAS";"Problema com o freio";"Incêndio";"Sem Vítimas";"Pleno dia";"Decrescente";"Céu Claro";"Dupla";"Curva;Viaduto;Declive";"Não";2;0;0;0;1;1;0;2;-19,64614211;-42,91069811;"SPRF-MG";"DEL03-MG";"UOP02-DEL03-MG"
446211;2022-04-26;"terça-feira";"14:20:00";"PE";104;17;"TAQUARITINGA DO NORTE";"Avarias e/ou desgaste excessivo no pneu";"Tombamento";"Com Vítimas Feridas";"Pleno dia";"Decrescente";"Céu Claro";"Simples";"Reta";"Não";1;0;1;0;0;0;1;1;-7,931927;-36,11956;"SPRF-PE";"DEL02-PE";"UOP01-DEL02-PE"
446217;2022-04-26;"terça-feira";"10:25:00";"PR";369;24;"CAMBARA";"Ausência de reação do condutor";"Colisão transversal";"Com Vítimas Feridas";"Pleno dia";"Decrescente";"Céu Claro";"Simples";"Interseção de Vias";"Não";4;0;1;0;2;3;1;5;-23,04336539;-50,10439396;"SPRF-PR";"DEL07-PR";"UOP01-DEL07-PR"
446219;2022-04-26;"terça-feira";"17:30:00";"PR";369;185,5;"ARAPONGAS";"Ultrapassagem Indevida";"Colisão transversal";"Com Vítimas Feridas";"Pleno dia";"Crescente";"Céu Claro";"Simples";"Reta";"Sim";3;0;1;0;2;0;1;3;-23,412218;-51,427408;"SPRF-PR";"DEL07-PR";"UOP02-DEL07-PR"
446220;2022-04-26;"terça-feira";"14:50:00";"PR";369;430,9;"JURANDA";"Ultrapassagem Indevida";"Saída de leito carroçável";"Com Vítimas Feridas";"Pleno dia";"Decrescente";"Céu Claro";"Simples";"Declive";"Não";2;0;0;1;0;1;1;2;-24,4538;-52,8507;"SPRF-PR";"DEL04-PR";"UOP03-DEL04-PR"
446222;2022-04-26;"terça-feira";"17:30:00";"RJ";116;237;"PIRAI";"Ingestão de álcool e/ou substâncias psicoativas pelo pedestre";"Colisão traseira";"Sem Vítimas";"Plena Noite";"Decrescente";"Céu Claro";"Múltipla";"Reta";"Sim";2;0;0;0;2;0;0;2;-22,63027222;-43,91042233;"SPRF-RJ";"DEL07-RJ";"UOP01-DEL07-RJ"
446224;2022-04-11;"segunda-feira";"00:00:00";"MG";381;923,5;"CAMANDUCAIA";"Velocidade Incompatível";"Tombamento";"Com Vítimas Feridas";"Plena Noite";"Crescente";"Céu Claro";"Dupla";"Curva";"Não";3;0;2;0;0;1;2;2;-22,77488054;-46,18775229;"SPRF-MG";"DEL16-MG";"UOP03-DEL16-MG"
446232;2022-04-26;"terça-feira";"19:50:00";"PR";376;666;"GUARATUBA";"Velocidade Incompatível";"Tombamento";"Com Vítimas Feridas";"Plena Noite";"Crescente";"Céu Claro";"Dupla";"Curva";"Não";2;0;1;0;0;1;1;2;-25,86037408;-48,95087256;"SPRF-PR";"DEL01-PR";"UOP04-DEL01-PR"
446233;2022-04-26;"terça-feira";"18:50:00";"SP";116;399;"MIRACATU";"Ausência de reação do condutor";"Colisão lateral mesmo sentido";"Com Vítimas Feridas";"Plena Noite";"Decrescente";"Nublado";"Dupla";"Curva";"Não";3;0;1;0;1;1;1;3;-24,30595991;-47,49203905;"SPRF-SP";"DEL04-SP";"UOP02-DEL04-SP"
446239;2022-04-26;"terça-feira";"14:30:00";"RR";174;171;"RORAINOPOLIS";"Demais falhas mecânicas ou elétricas";"Incêndio";"Sem Vítimas";"Pleno dia";"Crescente";"Céu Claro";"Simples";"Reta";"Sim";2;0;0;0;1;1;0;2;0,583031;-60,461384;"SPRF-RR";"DEL01-RR";"UOP01-DEL01-RR"
446246;2022-02-15;"terça-feira";"01:00:00";"PI";316;54,9;"MONSENHOR GIL";"Pista Escorregadia";"Saída de leito carroçável";"Com Vítimas Feridas";"Plena Noite";"Crescente";"Chuva";"Simples";"Reta";"Não";3;0;1;0;2;0;1;1;-5,52853582;-42,6350258;"SPRF-PI";"DEL01-PI";"UOP02-DEL01-PI"
446249;2022-04-22;"sexta-feira";"22:00:00";"BA";101;790;"ITAMARAJU";"Reação tardia ou ineficiente do condutor";"Saída de leito carroçável";"Com Vítimas Feridas";"Plena Noite";"Decrescente";"Céu Claro";"Simples";"Curva";"Não";2;0;1;0;0;1;1;2;-16,891895;-39,520737;"SPRF-BA";"DEL09-BA";"UOP01-DEL09-BA"
446252;2022-04-26;"terça-feira";"21:10:00";"BA";116;517;"ITATIM";"Deficiência do Sistema de Iluminação/Sinalização";"Colisão traseira";"Com Vítimas Feridas";"Plena Noite";"Crescente";"Céu Claro";"Simples";"Reta";"Não";3;0;2;0;1;0;2;2;-12,67277456;-39,65472774;"SPRF-BA";"DEL03-BA";"UOP02-DEL03-BA"
446254;2022-03-29;"terça-feira";"10:00:00";"RJ";40;58;"PETROPOLIS";"Velocidade Incompatível";"Derramamento de carga";"Com Vítimas Feridas";"Pleno dia";"Crescente";"Céu Claro";"Dupla";"Curva";"Não";4;0;1;0;2;2;1;5;-22,378777;-43,131523;"SPRF-RJ";"DEL05-RJ";"UOP02-DEL05-RJ"
446259;2022-04-26;"terça-feira";"22:18:00";"SE";235;110,4;"CARIRA";"Animais na Pista";"Tombamento";"Com Vítimas Feridas";"Plena Noite";"Crescente";"Céu Claro";"Simples";"Reta";"Não";2;0;1;0;0;2;1;3;-10,343814;-37,714977;"SPRF-SE";"DEL01-SE";"UOP02-DEL01-SE"
446268;2022-04-27;"quarta-feira";"03:00:00";"PE";101;121,8;"ESCADA";"Condutor Dormindo";"Saída de leito carroçável";"Sem Vítimas";"Plena Noite";"Decrescente";"Garoa/Chuvisco";"Dupla";"Reta";"Não";2;0;0;0;1;1;0;2;-8,35685707;-35,18628296;"SPRF-PE";"DEL01-PE";"UOP03-DEL01-PE"
446274;2022-04-26;"terça-feira";"20:00:00";"MG";262;544,5;"LUZ";"Condutor Dormindo";"Colisão lateral mesmo sentido";"Com Vítimas Feridas";"Plena Noite";"Decrescente";"Céu Claro";"Simples";"Curva";"Não";3;0;1;0;1;1;1;3;-19,744875;-45,835003;"SPRF-MG";"DEL08-MG";"UOP02-DEL08-MG"
446283;2022-04-27;"quarta-feira";"03:00:00";"MT";163;1110;"GUARANTA DO NORTE";"Pista esburacada";"Tombamento";"Sem Vítimas";"Plena Noite";"Crescente";"Céu Claro";"Simples";"Curva;Declive";"Não";2;0;0;0;1;2;0;3;-9,6034595;-54,88299133;"SPRF-MT";"DEL06-MT";"NPF/DEL06-MT"
446284;2022-04-27;"quarta-feira";"05:40:00";"RJ";40;112;"DUQUE DE CAXIAS";"Frear bruscamente";"Engavetamento";"Com Vítimas Feridas";"Amanhecer";"Crescente";"Céu Claro";"Múltipla";"Aclive;Reta";"Sim";8;0;3;1;4;0;4;5;-22,7004454;-43,29014851;"SPRF-RJ";"DEL01-RJ";"UOP01-DEL01-RJ"
446286;2022-04-27;"quarta-feira";"03:00:00";"PI";316;198;"VALENCA DO PIAUI";"Demais falhas mecânicas ou elétricas";"Incêndio";"Sem Vítimas";"Plena Noite";"Crescente";"Céu Claro";"Simples";"Reta";"Não";2;0;0;0;1;1;0;2;-6,31388553;-41,8441473;"SPRF-PI";"DEL04-PI";"UOP02-DEL04-PI"
446287;2022-04-26;"terça-feira";"20:31:00";"MT";364;543;"ROSARIO OESTE";"Ingestão de álcool pelo condutor";"Colisão frontal";"Sem Vítimas";"Plena Noite";"Decrescente";"Céu Claro";"Dupla";"Reta";"Sim";3;0;0;0;2;2;0;4;-14,90512097;-56,4679881;"SPRF-MT";"DEL01-MT";"UOP01-DEL01-MT"
446295;2022-04-27;"quarta-feira";"08:10:00";"PE";423;93;"GARANHUNS";"Condutor deixou de manter distância do veículo da frente";"Colisão traseira";"Sem Vítimas";"Pleno dia";"Crescente";"Céu Claro";"Simples";"Rotatória";"Sim";3;0;0;0;3;0;0;2;-8,86972012;-36,46323792;"SPRF-PE";"DEL03-PE";"UOP01-DEL03-PE"
446300;2022-04-27;"quarta-feira";"07:15:00";"SC";280;238,6;"CANOINHAS";"Neblina";"Colisão frontal";"Com Vítimas Feridas";"Amanhecer";"Crescente";"Nevoeiro/Neblina";"Simples";"Reta";"Não";5;0;1;0;3;2;1;4;-26,20536399;-50,438846;"SPRF-SC";"DEL06-SC";"UOP04-DEL06-SC"
446302;2022-04-27;"quarta-feira";"08:25:00";"PR";153;33;"SANTO ANTONIO DA PLATINA";"Obstrução na via";"Colisão traseira";"Com Vítimas Feridas";"Pleno dia";"Decrescente";"Céu Claro";"Simples";"Declive";"Não";4;0;0;1;2;3;1;6;-23,23229394;-50,0364961;"SPRF-PR";"DEL07-PR";"UOP04-DEL07-PR"
446303;2022-04-27;"quarta-feira";"06:45:00";"SC";282;304,8;"VARGEM";"Velocidade Incompatível";"Colisão frontal";"Com Vítimas Feridas";"Amanhecer";"Decrescente";"Nevoeiro/Neblina";"Simples";"Curva";"Não";2;0;1;0;1;0;1;2;-27,496103;-50,940418;"SPRF-SC";"DEL07-SC";"UOP06-DEL07-SC"
446308;2022-04-27;"quarta-feira";"08:30:00";"MG";262;670;"IBIA";"Condutor deixou de manter distância do veículo da frente";"Colisão traseira";"Com Vítimas Feridas";"Pleno dia";"Decrescente";"Céu Claro";"Simples";"Reta";"Não";15;0;7;0;7;1;7;5;-19,552988;-46,8787681;"SPRF-MG";"DEL08-MG";"UOP01-DEL08-MG"
446309;2022-04-27;"quarta-feira";"06:45:00";"GO";153;148,2;"CAMPINORTE";"Ultrapassagem Indevida";"Colisão lateral mesmo sentido";"Sem Vítimas";"Pleno dia";"Decrescente";"Céu Claro";"Simples";"Ponte";"Não";3;0;0;0;2;2;0;4;-14,064685;-49,093727;"SPRF-GO";"DEL07-GO";"UOP02-DEL07-GO"
446310;2022-04-27;"quarta-feira";"04:35:00";"MG";365;103,8;"JEQUITAI";"Condutor deixou de manter distância do veículo da frente";"Colisão traseira";"Com Vítimas Feridas";"Plena Noite";"Decrescente";"Céu Claro";"Simples";"Reta";"Não";3;0;1;1;0;1;2;2;-17,21771336;-44,55174014;"SPRF-MG";"DEL12-MG";"UOP01-DEL12-MG"
446316;2022-04-27;"quarta-feira";"09:50:00";"RO";364;237,9;"CACOAL";"Condutor desrespeitou a iluminação vermelha do semáforo";"Colisão transversal";"Com Vítimas Feridas";"Pleno dia";"Crescente";"Sol";"Simples";"Reta;Interseção de Vias";"Sim";6;0;1;0;1;4;1;4;-11,44341056;-61,44672787;"SPRF-RO";"DEL02-RO";"UOP02-DEL02-RO"
446325;2022-04-27;"quarta-feira";"08:10:00";"RS";153;6,2;"CACHOEIRA DO SUL";"Condutor deixou de manter distância do veículo da frente";"Colisão lateral mesmo sentido";"Com Vítimas Feridas";"Pleno dia";"Decrescente";"Sol";"Simples";"Declive";"Sim";3;0;1;0;1;1;1;3;-30,03964;-52,894356;"SPRF-RS";"DEL02-RS";"UOP03-DEL02-RS"