"id";"data_inversa";"dia_semana";"horario";"uf";"br";"km";"municipio";"causa_acidente";"tipo_acidente";"classificacao_acidente";"fase_dia";"sentido_via";"condicao_metereologica";"tipo_pista";"tracado_via";"uso_solo";"pessoas";"mortos";"feridos_leves";"feridos_graves";"ilesos";"ignorados";"feridos";"veiculos";"latitude";"longitude";"regional";"delegacia";"uop"
446326;2022-04-27;"quarta-feira";"12:50:00";"PR";476;129,5;"CURITIBA";"Condutor deixou de manter distância do veículo da frente";"Colisão traseira";"Com Vítimas Feridas";"Pleno dia";"Crescente";"Céu Claro";"Múltipla";"Declive;Reta";"Sim";3;0;1;0;2;0;1;2;-25,44730486;-49,23454285;"SPRF-PR";"DEL01-PR";"UOP03-DEL01-PR"
446328;2022-04-27;"quarta-feira";"13:30:00";"PA";10;0;"DOM ELISEU";"Reação tardia ou ineficiente do condutor";"Colisão com objeto";"Com Vítimas Feridas";"Pleno dia";"Decrescente";"Sol";"Simples";"Ponte";"Não";2;0;1;0;1;0;1;2;-4,443983;-47,531748;"SPRF-PA";"DEL02-PA";"UOP02-DEL02-PA"
446331;2022-04-27;"quarta-feira";"12:50:00";"PE";232;7,8;"RECIFE";"Acumulo de areia ou detritos sobre o pavimento";"Colisão traseira";"Sem Vítimas";"Pleno dia";"Decrescente";"Sol";"Múltipla";"Reta";"Sim";2;0;0;0;2;0;0;2;-8,07333497;-34,96184301;"SPRF-PE";"DEL01-PE";"UOP01-DEL01-PE"
446334;2022-04-27;"quarta-feira";"13:45:00";"SC";470;49,9;"BLUMENAU";"Condutor deixou de manter distância do veículo da frente";"Colisão traseira";"Com Vítimas Feridas";"Pleno dia";"Decrescente";"Céu Claro";"Dupla";"Reta";"Não";2;0;1;0;1;0;1;2;-26,860662;-49,065159;"SPRF-SC";"DEL04-SC";"UOP01-DEL04-SC"
446337;2022-03-26;"sábado";"22:55:00";"RO";425;144;"GUAJARA-MIRIM";"Ausência de reação do condutor";"Colisão com objeto";"Com Vítimas Fatais";"Plena Noite";"Decrescente";"Céu Claro";"Dupla";"Reta";"Sim";3;1;0;0;1;2;0;4;-10,76723;-65,318954;"SPRF-RO";"DEL01-RO";"UOP03-DEL01-RO"
446340;2022-04-27;"quarta-feira";"09:30:00";"MG";116;519,4;"UBAPORANGA";"Velocidade Incompatível";"Saída de leito carroçável";"Com Vítimas Feridas";"Pleno dia";"Decrescente";"Sol";"Simples";"Declive;Curva";"Não";2;0;1;0;0;1;1;2;-19,70492713;-42,11720373;"SPRF-MG";"DEL06-MG";"UOP02-DEL06-MG"
446343;2022-04-27;"quarta-feira";"15:30:00";"ES";101;440,5;"MIMOSO DO SUL";"Acesso irregular";"Colisão lateral sentido oposto";"Com Vítimas Feridas";"Pleno dia";"Crescente";"Sol";"Simples";"Curva";"Não";3;0;1;0;1;1;1;3;-21,07916157;-41,23373912;"SPRF-ES";"DEL03-ES";"UOP02-DEL03-ES"
446346;2022-04-27;"quarta-feira";"15:00:00";"RJ";40;113;"DUQUE DE CAXIAS";"Reação tardia ou ineficiente do condutor";"Engavetamento";"Com Vítimas Feridas";"Pleno dia";"Decrescente";"Céu Claro";"Múltipla";"Declive";"Sim";4;0;1;0;2;1;1;4;-22,70948502;-43,29040354;"SPRF-RJ";"DEL01-RJ";"UOP01-DEL01-RJ"
446348;2022-04-27;"quarta-feira";"15:20:00";"PR";476;254,6;"ANTONIO OLINTO";"Ausência de reação do condutor";"Tombamento";"Com Vítimas Feridas";"Pleno dia";"Decrescente";"Sol";"Simples";"Curva";"Não";1;0;1;0;0;0;1;1;-25,892168;-50,188038;"SPRF-PR";"DEL02-PR";"UOP04-DEL02-PR"
446349;2022-04-27;"quarta-feira";"15:38:00";"BA";101;679,9;"ITAGIMIRIM";"Desrespeitar a preferência no cruzamento";"Colisão transversal";"Com Vítimas Feridas";"Pleno dia";"Decrescente";"Chuva";"Simples";"Interseção de Vias;Reta";"Não";3;0;0;1;2;0;1;2;-16,08018686;-39,62051868;"SPRF-BA";"DEL09-BA";"UOP01-DEL09-BA"
446353;2022-04-27;"quarta-feira";"14:45:00";"MG";381;667,7;"PERDOES";"Manobra de mudança de faixa";"Colisão traseira";"Com Vítimas Feridas";"Pleno dia";"Decrescente";"Céu Claro";"Dupla";"Reta";"Não";5;0;1;0;2;2;1;5;-21,05931615;-45,04948174;"SPRF-MG";"DEL04-MG";"UOP02-DEL04-MG"
446356;2022-04-27;"quarta-feira";"15:52:00";"TO";153;128;"WANDERLANDIA";"Reação tardia ou ineficiente do condutor";"Colisão traseira";"Com Vítimas Fatais";"Pleno dia";"Crescente";"Sol";"Simples";"Aclive";"Não";3;1;0;0;1;2;0;4;-7,08522898;-48,15467901;"SPRF-TO";"DEL02-TO";"UOP01-DEL02-TO"
446359;2022-04-21;"quinta-feira";"16:25:00";"RS";386;346;"LAJEADO";"Reação tardia ou ineficiente do condutor";"Colisão traseira";"Com Vítimas Feridas";"Pleno dia";"Decrescente";"Nublado";"Dupla";"Reta";"Sim";3;0;1;0;2;0;1;2;-29,446793;-51,974564;"SPRF-RS";"DEL04-RS";"UOP01-DEL04-RS"
446363;2022-04-27;"quarta-feira";"15:30:00";"MS";158;282;"TRES LAGOAS";"Demais falhas mecânicas ou elétricas";"Incêndio";"Sem Vítimas";"Pleno dia";"Decrescente";"Céu Claro";"Dupla";"Reta";"Não";1;0;0;0;1;0;0;1;-20,84431203;-51,73643193;"SPRF-MS";"DEL07-MS";"UOP01-DEL07-MS"
446368;2022-04-27;"quarta-feira";"16:00:00";"SC";101;116,8;"ITAJAI";"Ingestão de álcool pelo condutor";"Colisão transversal";"Com Vítimas Fatais";"Pleno dia";"Decrescente";"Céu Claro";"Múltipla";"Interseção de Vias";"Sim";4;1;0;1;1;1;1;3;-26,8841055;-48,723618;"SPRF-SC";"DEL04-SC";"UOP04-DEL04-SC"
446369;2022-04-27;"quarta-feira";"17:10:00";"PR";476;150;"ARAUCARIA";"Manobra de mudança de faixa";"Colisão com objeto";"Sem Vítimas";"Pleno dia";"Decrescente";"Céu Claro";"Dupla";"Reta";"Sim";1;0;0;0;1;0;0;1;-25,558477;-49,368313;"SPRF-PR";"DEL01-PR";"UOP03-DEL01-PR"
446377;2022-04-27;"quarta-feira";"18:00:00";"MG";381;737;"TRES CORACOES";"Velocidade Incompatível";"Colisão com objeto";"Com Vítimas Feridas";"Anoitecer";"Crescente";"Céu Claro";"Dupla";"Curva;Declive";"Não";2;0;1;0;0;2;1;3;-21,59740119;-45,23880352;"SPRF-MG";"DEL16-MG";"UOP02-DEL16-MG"
446384;2022-04-27;"quarta-feira";"19:00:00";"CE";20;420;"MARACANAU";"Retorno proibido";"Engavetamento";"Sem Vítimas";"Plena Noite";"Crescente";"Céu Claro";"Dupla";"Reta";"Sim";6;0;0;0;4;2;0;6;-3,76999035;-38,67006282;"SPRF-CE";"DEL01-CE";"UOP02-DEL01-CE"
446385;2022-04-27;"quarta-feira";"15:30:00";"BA";116;583;"NOVA ITARANA";"Demais falhas mecânicas ou elétricas";"Tombamento";"Com Vítimas Feridas";"Pleno dia";"Crescente";"Céu Claro";"Simples";"Aclive";"Não";6;0;3;0;2;2;3;6;-13,1080123;-39,97367504;"SPRF-BA";"DEL03-BA";"UOP02-DEL03-BA"
446387;2022-04-27;"quarta-feira";"19:10:00";"MG";365;624,2;"UBERLANDIA";"Mal súbito do condutor";"Colisão lateral mesmo sentido";"Com Vítimas Feridas";"Pleno dia";"Crescente";"Céu Claro";"Dupla";"Reta";"Não";3;0;1;0;1;2;1;4;-18,90781914;-48,31457734;"SPRF-MG";"DEL15-MG";"UOP01-DEL15-MG"
446393;2022-04-27;"quarta-feira";"17:00:00";"RN";304;44;"MOSSORO";"Reação tardia ou ineficiente do condutor";"Colisão com objeto";"Sem Vítimas";"Plena Noite";"Decrescente";"Chuva";"Dupla";"Reta";"Sim";1;0;0;0;1;0;0;1;-5,22351428;-37,35781214;"SPRF-RN";"DEL04-RN";"UOP01-DEL04-RN"
446399;2022-04-27;"quarta-feira";"19:30:00";"GO";153;320;"RIANAPOLIS";"Acessar a via sem observar a presença dos outros veículos";"Colisão lateral mesmo sentido";"Com Vítimas Feridas";"Plena Noite";"Decrescente";"Céu Claro";"Simples";"Reta";"Não";6;0;1;0;4;2;1;4;-15,447845;-49,505455;"SPRF-GO";"DEL02-GO";"UOP02-DEL02-GO"
446403;2022-04-27;"quarta-feira";"19:20:00";"RS";290;175,9;"BUTIA";"Acessar a via sem observar a presença dos outros veículos";"Colisão transversal";"Com Vítimas Feridas";"Plena Noite";"Crescente";"Nublado";"Simples";"Reta";"Sim";2;0;1;0;1;0;1;2;-30,129343;-51,961823;"SPRF-RS";"DEL02-RS";"UOP03-DEL02-RS"
446416;2022-04-27;"quarta-feira";"21:30:00";"PR";277;1,6;"PARANAGUA";"Desrespeitar a preferência no cruzamento";"Colisão transversal";"Sem Vítimas";"Plena Noite";"Crescente";"Nevoeiro/Neblina";"Simples";"Interseção de Vias;Reta";"Sim";4;0;0;0;2;3;0;5;-25,511009;-48,532275;"SPRF-PR";"DEL01-PR";"UOP05-DEL01-PR"
446418;2022-04-27;"quarta-feira";"23:40:00";"PR";116;26;"CAMPINA GRANDE DO SUL";"Curva acentuada";"Tombamento";"Com Vítimas Feridas";"Pleno dia";"Decrescente";"Nevoeiro/Neblina";"Dupla";"Curva";"Não";1;0;1;0;0;0;1;1;-25,10683694;-48,785333;"SPRF-PR";"DEL01-PR";"UOP02-DEL01-PR"
446420;2022-04-28;"quinta-feira";"01:20:00";"RS";290;721;"URUGUAIANA";"Ingestão de álcool pelo condutor";"Saída de leito carroçável";"Sem Vítimas";"Plena Noite";"Crescente";"Nublado";"Simples";"Curva";"Sim";1;0;0;0;1;0;0;1;-29,758587;-57,060295;"SPRF-RS";"DEL13-RS";"UOP01-DEL13-RS"
446422;2022-04-28;"quinta-feira";"03:54:00";"SP";116;475;"JACUPIRANGA";"Avarias e/ou desgaste excessivo no pneu";"Colisão com objeto";"Sem Vítimas";"Plena Noite";"Decrescente";"Céu Claro";"Dupla";"Reta";"Sim";2;0;0;0;1;1;0;2;-24,68648001;-47,98910399;"SPRF-SP";"DEL05-SP";"UOP01-DEL05-SP"
446428;2022-04-28;"quinta-feira";"06:10:00";"CE";116;466,5;"BARRO";"Avarias e/ou desgaste excessivo no pneu";"Tombamento";"Sem Vítimas";"Pleno dia";"Decrescente";"Nublado";"Simples";"Reta";"Não";2;0;0;0;1;1;0;2;-7,22243491;-38,83869519;"SPRF-CE";"DEL05-CE";"UOP03-DEL05-CE"
446430;2022-04-28;"quinta-feira";"07:10:00";"ES";101;293;"CARIACICA";"Obras na pista";"Colisão lateral mesmo sentido";"Com Vítimas Feridas";"Pleno dia";"Crescente";"Céu Claro";"Dupla";"Em Obras";"Sim";3;0;1;0;1;2;1;4;-20,31526144;-40,39567044;"SPRF-ES";"DEL01-ES";"UOP01-DEL01-ES"
446431;2022-04-28;"quinta-feira";"06:50:00";"ES";262;63,9;"MARECHAL FLORIANO";"Condutor Dormindo";"Colisão frontal";"Com Vítimas Feridas";"Pleno dia";"Decrescente";"Céu Claro";"Simples";"Aclive;Curva";"Não";5;0;3;1;1;0;4;2;-20,42077468;-40,80814348;"SPRF-ES";"DEL01-ES";"UOP02-DEL01-ES"
446441;2022-03-31;"quinta-feira";"07:40:00";"PI";343;345;"TERESINA";"Conversão proibida";"Colisão frontal";"Com Vítimas Feridas";"Pleno dia";"Crescente";"Céu Claro";"Simples";"Reta";"Sim";5;0;4;0;1;0;4;3;-5,102889;-42,766506;"SPRF-PI";"DEL01-PI";"UOP01-DEL01-PI"
446444;2022-04-28;"quinta-feira";"08:10:00";"MG";381;481;"CONTAGEM";"Condutor deixou de manter distância do veículo da frente";"Colisão traseira";"Sem Vítimas";"Pleno dia";"Decrescente";"Sol";"Múltipla";"Reta";"Sim";4;0;0;0;2;2;0;3;-19,96108676;-44,0524292;"SPRF-MG";"DEL01-MG";"UOP03-DEL01-MG"
446447;2022-04-27;"quarta-feira";"16:00:00";"SP";116;367;"MIRACATU";"Demais falhas mecânicas ou elétricas";"Incêndio";"Sem Vítimas";"Pleno dia";"Crescente";"Céu Claro";"Dupla";"Reta";"Não";2;0;0;0;1;1;0;2;-24,14628882;-47,29333804;"SPRF-SP";"DEL04-SP";"UOP02-DEL04-SP"
446450;2022-04-28;"quinta-feira";"08:20:00";"MG";40;530;"CONTAGEM";"Condutor deixou de manter distância do veículo da frente";"Colisão lateral mesmo sentido";"Com Vítimas Feridas";"Pleno dia";"Decrescente";"Céu Claro";"Dupla";"Reta";"Sim";2;0;1;0;1;0;1;2;-19,92064782;-44,0335681;"SPRF-MG";"DEL01-MG";"UOP02-DEL01-MG"
446452;2022-04-28;"quinta-feira";"07:00:00";"PR";116;162;"QUITANDINHA";"Transitar na contramão";"Colisão frontal";"Com Vítimas Feridas";"Pleno dia";"Crescente";"Céu Claro";"Simples";"Reta";"Não";4;0;1;0;2;1;1;3;-25,86425407;-49,40958595;"SPRF-PR";"DEL01-PR";"UOP03-DEL01-PR"
446459;2022-04-28;"quinta-feira";"08:15:00";"MG";381;481;"CONTAGEM";"Manobra de mudança de faixa";"Colisão lateral mesmo sentido";"Sem Vítimas";"Pleno dia";"Decrescente";"Céu Claro";"Dupla";"Reta";"Sim";2;0;0;0;1;1;0;2;-19,95931561;-44,08825597;"SPRF-MG";"DEL01-MG";"UOP03-DEL01-MG"
446464;2022-04-28;"quinta-feira";"06:45:00";"PI";230;240;"SAO FRANCISCO DO PIAUI";"Transitar na contramão";"Colisão lateral sentido oposto";"Com Vítimas Feridas";"Pleno dia";"Decrescente";"Céu Claro";"Simples";"Aclive";"Não";3;0;0;1;1;2;1;4;-6,98460248;-42,45535795;"SPRF-PI";"DEL03-PI";"UOP01-DEL03-PI"
446466;2022-04-28;"quinta-feira";"08:20:00";"RJ";101;328;"RIO DE JANEIRO";"Condutor deixou de manter distância do veículo da frente";"Colisão traseira";"Com Vítimas Feridas";"Pleno dia";"Decrescente";"Céu Claro";"Múltipla";"Reta";"Não";2;0;0;1;1;0;1;2;-22,87028692;-43,16579699;"SPRF-RJ";"DEL02-RJ";"UOP01-DEL02-RJ"
446472;2022-02-14;"segunda-feira";"19:00:00";"SP";116;230;"SAO PAULO";"Condutor deixou de manter distância do veículo da frente";"Colisão traseira";"Com Vítimas Feridas";"Plena Noite";"Decrescente";"Céu Claro";"Múltipla";"Reta";"Sim";3;0;1;0;2;0;1;3;-23,52251783;-46,5855702;"SPRF-SP";"DEL01-SP";"UOP01-DEL01-SP"
446474;2022-02-13;"domingo";"20:40:00";"SP";116;290,4;"ITAPECERICA DA SERRA";"Reação tardia ou ineficiente do condutor";"Queda de ocupante de veículo";"Com Vítimas Fatais";"Plena Noite";"Decrescente";"Céu Claro";"Dupla";"Reta";"Não";3;1;0;0;1;1;0;2;-23,7303281;-46,89425963;"SPRF-SP";"DEL04-SP";"UOP01-DEL04-SP"
446478;2022-04-28;"quinta-feira";"10:50:00";"RJ";116;222;"PIRAI";"Condutor Dormindo";"Tombamento";"Com Vítimas Feridas";"Pleno dia";"Decrescente";"Sol";"Dupla";"Curva";"Não";1;0;1;0;0;0;1;1;-22,6896952;-43,79175108;"SPRF-RJ";"DEL07-RJ";"UOP01-DEL07-RJ"
446481;2022-04-28;"quinta-feira";"11:00:00";"MG";50;1;"UBERLANDIA";"Ausência de reação do condutor";"Colisão traseira";"Com Vítimas Feridas";"Pleno dia";"Crescente";"Sol";"Dupla";"Reta";"Não";3;0;1;0;1;3;1;5;-18,9113;-48,2622;"SPRF-MG";"DEL15-MG";"UOP01-DEL15-MG"
446482;2022-02-12;"sábado";"03:40:00";"SP";116;542;"BARRA DO TURVO";"Demais falhas mecânicas ou elétricas";"Incêndio";"Sem Vítimas";"Plena Noite";"Crescente";"Céu Claro";"Múltipla";"Reta";"Não";1;0;0;0;1;0;0;1;-24,96898395;-48,40753695;"SPRF-SP";"DEL05-SP";"UOP02-DEL05-SP"
446483;2022-04-28;"quinta-feira";"12:15:00";"SC";280;41;"ARAQUARI";"Transitar no acostamento";"Colisão traseira";"Com Vítimas Feridas";"Pleno dia";"Crescente";"Céu Claro";"Simples";"Reta";"Não";3;0;0;1;2;0;1;2;-26,45000366;-48,85790902;"SPRF-SC";"DEL03-SC";"UOP03-DEL03-SC"
446485;2022-04-28;"quinta-feira";"08:20:00";"SC";282;494,9;"XANXERE";"Manobra de mudança de faixa";"Colisão lateral mesmo sentido";"Com Vítimas Feridas";"Pleno dia";"Crescente";"Céu Claro";"Simples";"Declive";"Não";3;0;1;0;1;1;1;3;-26,875349;-52,327076;"SPRF-SC";"DEL07-SC";"UOP01-DEL07-SC"
446487;2022-04-28;"quinta-feira";"12:50:00";"RS";290;91;"PORTO ALEGRE";"Manobra de mudança de faixa";"Colisão lateral mesmo sentido";"Sem Vítimas";"Pleno dia";"Decrescente";"Chuva";"Dupla";"Reta";"Sim";2;0;0;0;2;0;0;2;-29,96921185;-51,16961945;"SPRF-RS";"DEL01-RS";"UOP01-DEL01-RS"
446488;2022-04-28;"quinta-feira";"11:00:00";"ES";101;90,6;"JAGUARE";"Demais falhas mecânicas ou elétricas";"Incêndio";"Sem Vítimas";"Pleno dia";"Crescente";"Céu Claro";"Simples";"Reta";"Sim";2;0;0;0;1;2;0;3;-18,89806708;-39,95602283;"SPRF-ES";"DEL04-ES";"UOP02-DEL04-ES"
446489;2022-04-28;"quinta-feira";"13:05:00";"SC";101;207;"SAO JOSE";"Trafegar com motocicleta (ou similar) entre as faixas";"Colisão traseira";"Com Vítimas Feridas";"Pleno dia";"Crescente";"Céu Claro";"Múltipla";"Aclive;Reta";"Sim";3;0;1;0;1;1;1;3;-27,60001226;-48,6226467;"SPRF-SC";"DEL01-SC";"UOP01-DEL01-SC"
446494;2022-04-28;"quinta-feira";"13:40:00";"ES";101;183;"ARACRUZ";"Reação tardia ou ineficiente do condutor";"Tombamento";"Com Vítimas Feridas";"Pleno dia";"Crescente";"Céu Claro";"Simples";"Curva";"Não";2;0;0;1;0;1;1;2;-19,64708421;-40,23286555;"SPRF-ES";"DEL04-ES";"UOP01-DEL04-ES"
446498;2022-04-23;"sábado";"14:25:00";"MS";158;223;"SELVIRIA";"Reação tardia ou ineficiente do condutor";"Tombamento";"Com Vítimas Feridas";"Pleno dia";"Crescente";"Céu Claro";"Dupla";"Reta";"Não";2;0;1;0;0;2;1;3;-20,50090596;-51,57206709;"SPRF-MS";"DEL07-MS";"UOP01-DEL07-MS"
446499;2022-04-28;"quinta-feira";"12:00:00";"RS";116;112,2;"SAO MARCOS";"Velocidade Incompatível";"Tombamento";"Com Vítimas Feridas";"Pleno dia";"Decrescente";"Garoa/Chuvisco";"Simples";"Reta";"Sim";2;0;0;1;0;1;1;2;-28,94827931;-51,08170135;"SPRF-RS";"DEL05-RS";"UOP01-DEL05-RS"
446500;2022-04-28;"quinta-feira";"13:15:00";"RS";290;173,7;"BUTIA";"Acessar a via sem observar a presença dos outros veículos";"Colisão transversal";"Com Vítimas Feridas";"Pleno dia";"Decrescente";"Chuva";"Simples";"Reta";"Sim";2;0;0;1;1;0;1;2;-30,129343;-51,961823;"SPRF-RS";"DEL02-RS";"UOP03-DEL02-RS"
446507;2022-03-13;"domingo";"14:30:00";"PA";153;77;"SAO DOMINGOS DO ARAGUAIA";"Problema com o freio";"Colisão traseira";"Com Vítimas Feridas";"Pleno dia";"Crescente";"Céu Claro";"Simples";"Reta";"Não";2;0;0;1;1;0;1;2;-5,787256;-48,658665;"SPRF-PA";"DEL03-PA";"UOP01-DEL03-PA"
446512;2022-04-28;"quinta-feira";"15:40:00";"MG";459;95,7;"POUSO ALEGRE";"Reação tardia ou ineficiente do condutor";"Colisão traseira";"Com Vítimas Feridas";"Pleno dia";"Decrescente";"Sol";"Simples";"Curva;Aclive";"Não";3;0;0;2;1;0;2;2;-22,189781;-45,983028;"SPRF-MG";"DEL09-MG";"UOP01-DEL09-MG"
446514;2022-04-28;"quinta-feira";"09:00:00";"MT";163;1063,3;"GUARANTA DO NORTE";"Reação tardia ou ineficiente do condutor";"Colisão traseira";"Com Vítimas Feridas";"Pleno dia";"Decrescente";"Céu Claro";"Múltipla";"Reta";"Sim";3;0;0;1;2;0;1;2;-9,961011;-54,905022;"SPRF-MT";"DEL06-MT";"NPF/DEL06-MT"
446522;2022-04-28;"quinta-feira";"15:10:00";"MT";364;474;"JANGADA";"Velocidade Incompatível";"Tombamento";"Sem Vítimas";"Pleno dia";"Decrescente";"Céu Claro";"Simples";"Curva";"Não";2;0;0;0;1;3;0;4;-15,388123;-56,392945;"SPRF-MT";"DEL01-MT";"UOP02-DEL01-MT"
446523;2022-04-28;"quinta-feira";"14:15:00";"BA";116;441,6;"FEIRA DE SANTANA";"Velocidade Incompatível";"Tombamento";"Com Vítimas Feridas";"Pleno dia";"Crescente";"Céu Claro";"Dupla";"Curva";"Não";2;0;1;0;0;1;1;2;-12,33676101;-39,07328599;"SPRF-BA";"DEL02-BA";"UOP01-DEL02-BA"
446524;2022-04-28;"quinta-feira";"15:00:00";"BA";116;743,1;"BOA NOVA";"Condutor deixou de manter distância do veículo da frente";"Colisão traseira";"Sem Vítimas";"Pleno dia";"Crescente";"Céu Claro";"Simples";"Aclive";"Não";2;0;0;0;2;0;0;2;-14,37848904;-40,34823985;"SPRF-BA";"DEL08-BA";"UOP02-DEL08-BA"
446526;2022-04-28;"quinta-feira";"16:15:00";"PE";101;74,1;"RECIFE";"Chuva";"Eventos atípicos";"Com Vítimas Feridas";"Pleno dia";"Decrescente";"Chuva";"Dupla";"Reta";"Sim";1;0;0;1;0;0;1;1;-8,10146485;-34,94901577;"SPRF-PE";"DEL01-PE";"UOP01-DEL01-PE"
446533;2022-04-28;"quinta-feira";"17:23:00";"GO";40;9,9;"LUZIANIA";"Ingestão de álcool pelo condutor";"Colisão lateral mesmo sentido";"Com Vítimas Feridas";"Pleno dia";"Decrescente";"Céu Claro";"Dupla";"Reta";"Sim";5;0;2;0;3;0;2;2;-16,131158;-47,957739;"SPRF-DF";"DEL01-DF";"UOP01-DEL01-DF"
446535;2022-04-28;"quinta-feira";"14:00:00";"BA";324;273,6;"JACOBINA";"Reação tardia ou ineficiente do condutor";"Colisão lateral sentido oposto";"Com Vítimas Fatais";"Pleno dia";"Decrescente";"Garoa/Chuvisco";"Simples";"Curva";"Não";5;2;1;1;0;3;2;5;-11,08812296;-40,67207336;"SPRF-BA";"DEL04-BA";"UOP02-DEL04-BA"
446537;2022-04-28;"quinta-feira";"17:00:00";"PR";163;294;"MERCEDES";"Acessar a via sem observar a presença dos outros veículos";"Colisão transversal";"Sem Vítimas";"Pleno dia";"Crescente";"Céu Claro";"Simples";"Curva";"Não";3;0;0;0;2;1;0;3;-24,51691615;-54,07990501;"SPRF-PR";"DEL06-PR";"UOP02-DEL06-PR"
446539;2022-04-28;"quinta-feira";"16:00:00";"MT";158;671;"NOVA XAVANTINA";"Ingestão de álcool pelo condutor";"Colisão frontal";"Sem Vítimas";"Pleno dia";"Crescente";"Céu Claro";"Simples";"Curva";"Não";2;0;0;0;2;0;0;2;-14,81056702;-52,30445519;"SPRF-MT";"DEL07-MT";"UOP01-DEL07-MT"
446551;2022-04-28;"quinta-feira";"15:00:00";"MT";163;623,3;"NOVA MUTUM";"Condutor deixou de manter distância do veículo da frente";"Saída de leito carroçável";"Com Vítimas Feridas";"Pleno dia";"Crescente";"Céu Claro";"Simples";"Reta";"Não";2;0;1;0;0;3;1;4;-13,70934406;-56,0416478;"SPRF-MT";"DEL01-MT";"UOP01-DEL01-MT"
446557;2022-04-28;"quinta-feira";"16:00:00";"MT";70;308;"POXOREO";"Velocidade Incompatível";"Capotamento";"Com Vítimas Feridas";"Pleno dia";"Decrescente";"Céu Claro";"Simples";"Reta";"Não";2;0;1;0;1;0;1;2;-15,57234859;-54,53999106;"SPRF-MT";"DEL05-MT";"UOP01-DEL05-MT"
446573;2022-04-27;"quarta-feira";"19:00:00";"AM";319;85;"CAREIRO";"Animais na Pista";"Atropelamento de Animal";"Sem Vítimas";"Plena Noite";"Crescente";"Chuva";"Simples";"Reta";"Não";2;0;0;0;2;0;0;2;-3,61872699;-60,238583;"SPRF-AM";"DEL01-AM";"UOP04-DEL01-AM"
446574;2022-04-28;"quinta-feira";"18:41:00";"RO";364;431;"JARU";"Acessar a via sem observar a presença dos outros veículos";"Colisão lateral sentido oposto";"Com Vítimas Feridas";"Plena Noite";"Decrescente";"Céu Claro";"Simples";"Reta";"Não";3;0;1;0;1;3;1;5;-10,40553344;-62,51763101;"SPRF-RO";"DEL03-RO";"UOP02-DEL03-RO"
446576;2022-04-28;"quinta-feira";"22:00:00";"SC";470;90;"RODEIO";"Condutor Dormindo";"Saída de leito carroçável";"Com Vítimas Feridas";"Plena Noite";"Decrescente";"Garoa/Chuvisco";"Simples";"Interseção de Vias;Reta";"Não";2;0;1;0;0;2;1;3;-26,94954991;-49,35928702;"SPRF-SC";"DEL04-SC";"UOP01-DEL04-SC"
446583;2022-04-28;"quinta-feira";"23:00:00";"GO";50;204,5;"CAMPO ALEGRE DE GOIAS";"Condutor Dormindo";"Colisão com objeto";"Com Vítimas Feridas";"Plena Noite";"Crescente";"Céu Claro";"Dupla";"Reta";"Não";1;0;0;1;0;0;1;1;-17,6048;-47,7924;"SPRF-GO";"DEL06-GO";"UOP01-DEL06-GO"
446593;2022-04-29;"sexta-feira";"02:30:00";"SP";116;87;"PINDAMONHANGABA";"Manobra de mudança de faixa";"Colisão traseira";"Com Vítimas Fatais";"Plena Noite";"Crescente";"Céu Claro";"Dupla";"Reta";"Sim";4;1;0;0;1;2;0;4;-22,93088742;-45,36233425;"SPRF-SP";"DEL08-SP";"UOP01-DEL08-SP"
446594;2022-04-29;"sexta-feira";"00:30:00";"SC";101;283,3;"IMBITUBA";"Acessar a via sem observar a presença dos outros veículos";"Colisão traseira";"Com Vítimas Feridas";"Plena Noite";"Crescente";"Nublado";"Dupla";"Reta";"Não";3;0;1;0;1;2;1;4;-28,222869;-48,701007;"SPRF-SC";"DEL02-SC";"UOP03-DEL02-SC"
446597;2022-04-28;"quinta-feira";"14:00:00";"SC";101;39;"JOINVILLE";"Desrespeitar a preferência no cruzamento";"Colisão transversal";"Sem Vítimas";"Pleno dia";"Crescente";"Céu Claro";"Simples";"Reta";"Sim";2;0;0;0;2;0;0;2;-26,2628107;-48,90192257;"SPRF-SC";"DEL03-SC";"UOP01-DEL03-SC"
446603;2022-04-29;"sexta-feira";"05:43:00";"BA";324;619;"SALVADOR";"Manobra de mudança de faixa";"Colisão traseira";"Com Vítimas Feridas";"Pleno dia";"Crescente";"Céu Claro";"Múltipla";"Retorno Regulamentado";"Sim";9;0;6;0;2;1;6;3;-12,89820999;-38,45012202;"SPRF-BA";"DEL01-BA";"UOP01-DEL01-BA"
446609;2022-04-29;"sexta-feira";"04:40:00";"MG";116;273;"TEOFILO OTONI";"Fumaça";"Incêndio";"Sem Vítimas";"Amanhecer";"Crescente";"Céu Claro";"Simples";"Reta";"Não";3;0;0;0;2;2;0;4;-17,82616139;-41,50619857;"SPRF-MG";"DEL11-MG";"UOP01-DEL11-MG"
446611;2022-04-29;"sexta-feira";"06:10:00";"PR";116;29,7;"CAMPINA GRANDE DO SUL";"Velocidade Incompatível";"Saída de leito carroçável";"Sem Vítimas";"Amanhecer";"Crescente";"Garoa/Chuvisco";"Dupla";"Declive;Reta";"Não";2;0;0;0;1;2;0;3;-25,10057871;-48,81128876;"SPRF-PR";"DEL01-PR";"UOP02-DEL01-PR"
446614;2022-04-29;"sexta-feira";"06:40:00";"ES";101;264,4;"SERRA";"Ausência de reação do condutor";"Colisão traseira";"Com Vítimas Feridas";"Pleno dia";"Decrescente";"Céu Claro";"Dupla";"Interseção de Vias";"Sim";4;0;1;1;1;2;2;4;-20,17292791;-40,26736384;"SPRF-ES";"DEL02-ES";"UOP01-DEL02-ES"