"id";"data_inversa";"dia_semana";"horario";"uf";"br";"km";"municipio";"causa_acidente";"tipo_acidente";"classificacao_acidente";"fase_dia";"sentido_via";"condicao_metereologica";"tipo_pista";"tracado_via";"uso_solo";"pessoas";"mortos";"feridos_leves";"feridos_graves";"ilesos";"ignorados";"feridos";"veiculos";"latitude";"longitude";"regional";"delegacia";"uop"
446620;2022-04-29;"sexta-feira";"06:50:00";"ES";101;253;"SERRA";"Condutor deixou de manter distância do veículo da frente";"Colisão traseira";"Com Vítimas Feridas";"Pleno dia";"Crescente";"Céu Claro";"Simples";"Reta;Declive";"Sim";4;0;1;0;3;0;1;3;-20,10336754;-40,33383553;"SPRF-ES";"DEL02-ES";"UOP01-DEL02-ES"
446626;2022-04-28;"quinta-feira";"21:00:00";"SC";470;181;"POUSO REDONDO";"Condutor deixou de manter distância do veículo da frente";"Colisão traseira";"Sem Vítimas";"Plena Noite";"Decrescente";"Garoa/Chuvisco";"Simples";"Reta";"Não";3;0;0;0;2;1;0;3;-27,251818;-49,996815;"SPRF-SC";"DEL04-SC";"UOP02-DEL04-SC"
446634;2022-04-29;"sexta-feira";"07:50:00";"SP";116;110,4;"TAUBATE";"Acessar a via sem observar a presença dos outros veículos";"Colisão lateral mesmo sentido";"Com Vítimas Feridas";"Pleno dia";"Decrescente";"Céu Claro";"Dupla";"Reta";"Sim";5;0;1;0;2;2;1;4;-23,03412614;-45,5526999;"SPRF-SP";"DEL08-SP";"UOP01-DEL08-SP"
446637;2022-02-28;"segunda-feira";"12:35:00";"SC";282;451,9;"PONTE SERRADA";"Velocidade Incompatível";"Colisão lateral sentido oposto";"Com Vítimas Feridas";"Pleno dia";"Decrescente";"Nublado";"Simples";"Curva";"Não";3;0;1;0;1;2;1;4;-26,912806;-51,962536;"SPRF-SC";"DEL07-SC";"UOP04-DEL07-SC"
446639;2022-04-29;"sexta-feira";"07:38:00";"MG";50;29,8;"ARAGUARI";"Velocidade Incompatível";"Tombamento";"Com Vítimas Fatais";"Pleno dia";"Decrescente";"Céu Claro";"Dupla";"Curva;Declive";"Não";3;1;0;0;0;2;0;3;-18,61498695;-48,11534017;"SPRF-MG";"DEL15-MG";"UOP02-DEL15-MG"
446643;2022-04-29;"sexta-feira";"07:42:00";"MT";70;523;"VARZEA GRANDE";"Acessar a via sem observar a presença dos outros veículos";"Colisão transversal";"Com Vítimas Feridas";"Pleno dia";"Decrescente";"Céu Claro";"Simples";"Reta";"Sim";2;0;1;0;1;0;1;2;-15,656349;-56,189944;"SPRF-MT";"DEL01-MT";"UOP02-DEL01-MT"
446644;2022-04-29;"sexta-feira";"09:04:00";"SP";116;230,5;"SAO PAULO";"Trafegar com motocicleta (ou similar) entre as faixas";"Colisão lateral mesmo sentido";"Com Vítimas Feridas";"Pleno dia";"Crescente";"Nublado";"Múltipla";"Reta";"Sim";2;0;1;0;1;0;1;2;-23,52251783;-46,5855702;"SPRF-SP";"DEL01-SP";"UOP01-DEL01-SP"
446648;2022-04-29;"sexta-feira";"08:30:00";"PR";116;71;"QUATRO BARRAS";"Reação tardia ou ineficiente do condutor";"Tombamento";"Com Vítimas Feridas";"Pleno dia";"Crescente";"Nublado";"Dupla";"Curva";"Não";2;0;1;0;0;1;1;2;-25,34541756;-49,04488757;"SPRF-PR";"DEL01-PR";"UOP02-DEL01-PR"
446651;2022-04-29;"sexta-feira";"10:10:00";"ES";101;357,6;"ANCHIETA";"Problema com o freio";"Colisão frontal";"Com Vítimas Feridas";"Pleno dia";"Crescente";"Céu Claro";"Simples";"Aclive";"Não";3;0;1;0;1;2;1;4;-20,68939658;-40,69515524;"SPRF-ES";"DEL03-ES";"UOP01-DEL03-ES"
446654;2022-04-29;"sexta-feira";"10:35:00";"SP";116;204;"ARUJA";"Acessar a via sem observar a presença dos outros veículos";"Colisão lateral mesmo sentido";"Com Vítimas Feridas";"Pleno dia";"Decrescente";"Nublado";"Dupla";"Reta";"Sim";2;0;1;0;1;0;1;2;-23,41249152;-46,35784726;"SPRF-SP";"DEL01-SP";"UOP01-DEL01-SP"
446655;2022-04-29;"sexta-feira";"08:10:00";"MG";153;16;"CENTRALINA";"Ausência de reação do condutor";"Saída de leito carroçável";"Com Vítimas Feridas";"Pleno dia";"Crescente";"Céu Claro";"Dupla";"Reta";"Não";2;0;1;0;0;1;1;2;-18,56043;-49,193886;"SPRF-MG";"DEL15-MG";"UOP03-DEL15-MG"
446657;2022-04-29;"sexta-feira";"11:00:00";"RS";158;327;"SANTA MARIA";"Condutor deixou de manter distância do veículo da frente";"Colisão traseira";"Com Vítimas Feridas";"Pleno dia";"Crescente";"Céu Claro";"Simples";"Reta";"Sim";2;0;0;1;1;0;1;2;-29,71351972;-53,8155002;"SPRF-RS";"DEL09-RS";"UOP01-DEL09-RS"
446665;2022-04-29;"sexta-feira";"10:50:00";"SC";282;425;"VARGEM BONITA";"Demais falhas mecânicas ou elétricas";"Incêndio";"Sem Vítimas";"Pleno dia";"Crescente";"Nublado";"Simples";"Reta";"Não";2;0;0;0;1;1;0;2;-26,980412;-51,756256;"SPRF-SC";"DEL07-SC";"UOP05-DEL07-SC"
446669;2022-04-29;"sexta-feira";"07:50:00";"PR";476;182;"CONTENDA";"Curva acentuada";"Tombamento";"Com Vítimas Feridas";"Amanhecer";"Decrescente";"Garoa/Chuvisco";"Simples";"Curva;Aclive";"Não";2;0;1;0;0;1;1;2;-25,714262;-49,608009;"SPRF-PR";"DEL02-PR";"UOP04-DEL02-PR"
446671;2022-04-29;"sexta-feira";"11:12:00";"RN";405;85,5;"APODI";"Frear bruscamente";"Colisão frontal";"Com Vítimas Feridas";"Pleno dia";"Decrescente";"Céu Claro";"Simples";"Reta";"Não";3;0;1;0;2;0;1;2;-5,71960112;-37,81724885;"SPRF-RN";"DEL04-RN";"UOP02-DEL04-RN"
446673;2022-04-29;"sexta-feira";"09:35:00";"RO";364;439,8;"JARU";"Transitar na contramão";"Colisão frontal";"Com Vítimas Fatais";"Pleno dia";"Decrescente";"Céu Claro";"Simples";"Reta";"Não";3;1;0;0;1;2;0;4;-10,353761;-62,583123;"SPRF-RO";"DEL03-RO";"UOP02-DEL03-RO"
446675;2022-04-29;"sexta-feira";"13:10:00";"PE";423;92;"GARANHUNS";"Ausência de reação do condutor";"Colisão traseira";"Sem Vítimas";"Pleno dia";"Crescente";"Nublado";"Simples";"Reta";"Não";5;0;0;0;5;0;0;2;-8,8619549;-36,46381174;"SPRF-PE";"DEL03-PE";"UOP01-DEL03-PE"
446677;2022-03-18;"sexta-feira";"17:40:00";"RS";392;12,8;"RIO GRANDE";"Reação tardia ou ineficiente do condutor";"Colisão lateral mesmo sentido";"Com Vítimas Feridas";"Plena Noite";"Crescente";"Céu Claro";"Dupla";"Retorno Regulamentado";"Não";3;0;0;1;1;2;1;4;-32,12601434;-52,13875392;"SPRF-RS";"DEL07-RS";"UOP02-DEL07-RS"
446681;2022-04-27;"quarta-feira";"14:25:00";"PR";0;0;"GUARAPUAVA";"Ausência de reação do condutor";"Colisão lateral mesmo sentido";"Sem Vítimas";"Pleno dia";"Não Informado";"Céu Claro";"Dupla";"Reta";"Sim";4;0;0;0;2;2;0;4;-25,36660623;-51,47482988;"SPRF-PR";"DEL08-PR";"N/A"
446683;2022-04-29;"sexta-feira";"12:30:00";"PE";232;40,3;"VITORIA DE SANTO ANTAO";"Ausência de reação do condutor";"Saída de leito carroçável";"Com Vítimas Feridas";"Pleno dia";"Crescente";"Nublado";"Dupla";"Reta";"Não";4;0;1;0;2;1;1;3;-8,114014;-35,242661;"SPRF-PE";"DEL01-PE";"UOP01-DEL01-PE"
446686;2022-04-29;"sexta-feira";"11:33:00";"SC";101;337;"TUBARAO";"Trafegar com motocicleta (ou similar) entre as faixas";"Colisão traseira";"Com Vítimas Feridas";"Pleno dia";"Crescente";"Sol";"Dupla";"Reta";"Sim";6;0;0;1;3;2;1;5;-28,47801624;-49,03246283;"SPRF-SC";"DEL02-SC";"UOP01-DEL02-SC"
446692;2022-04-29;"sexta-feira";"14:00:00";"PB";101;88,9;"JOAO PESSOA";"Manobra de mudança de faixa";"Colisão lateral mesmo sentido";"Com Vítimas Feridas";"Pleno dia";"Crescente";"Céu Claro";"Dupla";"Reta";"Sim";3;0;1;0;2;0;1;3;-7,1708;-34,898626;"SPRF-PB";"DEL01-PB";"UOP02-DEL01-PB"
446693;2022-04-29;"sexta-feira";"14:49:00";"PE";101;68;"RECIFE";"Ausência de reação do condutor";"Colisão traseira";"Com Vítimas Feridas";"Pleno dia";"Decrescente";"Chuva";"Múltipla";"Reta";"Sim";3;0;1;0;2;0;1;3;-8,04176524;-34,94267106;"SPRF-PE";"DEL01-PE";"UOP01-DEL01-PE"
446694;2022-04-18;"segunda-feira";"09:10:00";"MA";316;618;"TIMON";"Manobra de mudança de faixa";"Colisão transversal";"Sem Vítimas";"Pleno dia";"Decrescente";"Céu Claro";"Dupla";"Reta";"Sim";3;0;0;0;2;1;0;3;-5,111158;-42,826832;"SPRF-MA";"DEL03-MA";"UOP02-DEL03-MA"
446700;2022-04-29;"sexta-feira";"15:50:00";"MG";146;397,7;"GUAXUPE";"Condutor Dormindo";"Saída de leito carroçável";"Com Vítimas Feridas";"Pleno dia";"Decrescente";"Céu Claro";"Simples";"Rotatória;Declive";"Não";3;0;0;1;0;2;1;3;-21,2891713;-46,6953158;"SPRF-MG";"DEL09-MG";"UOP01-DEL09-MG"
446702;2022-04-29;"sexta-feira";"14:40:00";"PR";376;676;"GUARATUBA";"Condutor deixou de manter distância do veículo da frente";"Queda de ocupante de veículo";"Com Vítimas Feridas";"Pleno dia";"Crescente";"Nublado";"Dupla";"Reta";"Sim";5;0;1;0;3;1;1;4;-25,9253011;-48,91465313;"SPRF-PR";"DEL01-PR";"UOP04-DEL01-PR"
446705;2022-04-29;"sexta-feira";"17:00:00";"PR";376;255,8;"CALIFORNIA";"Pedestre andava na pista";"Atropelamento de Pedestre";"Com Vítimas Feridas";"Pleno dia";"Crescente";"Nublado";"Simples";"Reta";"Sim";3;0;0;1;1;1;1;3;-23,66980962;-51,35700703;"SPRF-PR";"DEL07-PR";"UOP03-DEL07-PR"
446719;2022-04-29;"sexta-feira";"11:50:00";"SC";470;281;"BRUNOPOLIS";"Demais falhas mecânicas ou elétricas";"Incêndio";"Sem Vítimas";"Pleno dia";"Decrescente";"Nublado";"Simples";"Curva";"Não";2;0;0;0;1;1;0;2;-27,331482;-50,902504;"SPRF-SC";"DEL07-SC";"UOP06-DEL07-SC"
446726;2022-04-29;"sexta-feira";"18:05:00";"SC";101;22,4;"JOINVILLE";"Transitar na contramão";"Colisão lateral sentido oposto";"Com Vítimas Feridas";"Plena Noite";"Decrescente";"Garoa/Chuvisco";"Dupla";"Reta";"Não";3;0;1;0;1;2;1;4;-26,16582501;-48,90742427;"SPRF-SC";"DEL03-SC";"UOP01-DEL03-SC"
446729;2022-04-29;"sexta-feira";"16:15:00";"MG";251;350,5;"PADRE CARVALHO";"Ultrapassagem Indevida";"Colisão lateral sentido oposto";"Com Vítimas Feridas";"Pleno dia";"Decrescente";"Céu Claro";"Simples";"Reta";"Não";3;0;0;1;1;3;1;5;-16,287026;-42,53906;"SPRF-MG";"DEL12-MG";"UOP01-DEL12-MG"
446739;2022-04-29;"sexta-feira";"10:25:00";"MG";381;583,6;"CARMOPOLIS DE MINAS";"Demais falhas mecânicas ou elétricas";"Incêndio";"Sem Vítimas";"Pleno dia";"Crescente";"Céu Claro";"Dupla";"Reta";"Não";1;0;0;0;1;0;0;1;-20,52516037;-44,63089389;"SPRF-MG";"DEL04-MG";"UOP01-DEL04-MG"
446744;2022-04-29;"sexta-feira";"13:19:00";"MG";50;33;"ARAGUARI";"Reação tardia ou ineficiente do condutor";"Saída de leito carroçável";"Com Vítimas Feridas";"Pleno dia";"Decrescente";"Céu Claro";"Dupla";"Reta";"Não";1;0;1;0;0;0;1;1;-18,64031273;-48,12395543;"SPRF-MG";"DEL15-MG";"UOP02-DEL15-MG"
446747;2022-04-29;"sexta-feira";"18:40:00";"RO";364;233;"CACOAL";"Condutor deixou de manter distância do veículo da frente";"Engavetamento";"Com Vítimas Feridas";"Plena Noite";"Crescente";"Céu Claro";"Simples";"Aclive";"Não";4;0;0;1;3;0;1;4;-11,46104613;-61,41546107;"SPRF-RO";"DEL02-RO";"UOP02-DEL02-RO"
446759;2022-04-29;"sexta-feira";"19:15:00";"RJ";101;406;"ITAGUAI";"Frear bruscamente";"Colisão traseira";"Com Vítimas Feridas";"Plena Noite";"Decrescente";"Garoa/Chuvisco";"Dupla";"Reta";"Sim";11;0;10;0;1;0;10;2;-22,87188798;-43,80896322;"SPRF-RJ";"DEL03-RJ";"UOP01-DEL03-RJ"
446765;2022-04-05;"terça-feira";"07:30:00";"PR";153;241,7;"TIBAGI";"Condutor Dormindo";"Colisão frontal";"Com Vítimas Feridas";"Pleno dia";"Crescente";"Céu Claro";"Simples";"Curva";"Não";5;0;1;0;3;2;1;4;-24,7806828;-50,46413006;"SPRF-PR";"DEL03-PR";"UOP02-DEL03-PR"
446766;2022-04-29;"sexta-feira";"20:50:00";"SP";153;78,6;"BADY BASSITT";"Acessar a via sem observar a presença dos outros veículos";"Colisão frontal";"Com Vítimas Feridas";"Plena Noite";"Crescente";"Céu Claro";"Simples";"Reta";"Não";2;0;0;1;1;0;1;2;-20,90428329;-49,46169392;"SPRF-SP";"DEL09-SP";"UOP01-DEL09-SP"
446768;2022-04-29;"sexta-feira";"18:45:00";"GO";60;31,5;"ALEXANIA";"Reação tardia ou ineficiente do condutor";"Colisão lateral mesmo sentido";"Com Vítimas Feridas";"Plena Noite";"Crescente";"Céu Claro";"Dupla";"Reta";"Sim";3;0;1;0;2;0;1;2;-16,090059;-48,499152;"SPRF-DF";"DEL03-DF";"UOP01-DEL03-DF"
446773;2022-04-29;"sexta-feira";"19:45:00";"SC";282;228,4;"LAGES";"Ultrapassagem Indevida";"Colisão frontal";"Com Vítimas Feridas";"Plena Noite";"Crescente";"Nublado";"Simples";"Curva";"Não";4;0;1;1;2;0;2;3;-27,79024089;-50,411468;"SPRF-SC";"DEL05-SC";"UOP02-DEL05-SC"
446775;2022-04-29;"sexta-feira";"19:00:00";"RO";435;35;"VILHENA";"Reação tardia ou ineficiente do condutor";"Capotamento";"Com Vítimas Fatais";"Plena Noite";"Crescente";"Céu Claro";"Simples";"Declive";"Não";1;1;0;0;0;0;0;1;-12,84736708;-60,37897271;"SPRF-RO";"DEL04-RO";"UOP02-DEL04-RO"
446790;2022-04-29;"sexta-feira";"23:45:00";"MG";381;507,2;"BETIM";"Condutor Dormindo";"Colisão traseira";"Com Vítimas Feridas";"Plena Noite";"Decrescente";"Céu Claro";"Múltipla";"Reta";"Sim";2;0;1;0;1;0;1;2;-20,03722497;-44,24606323;"SPRF-MG";"DEL01-MG";"UOP03-DEL01-MG"
446791;2022-04-29;"sexta-feira";"22:45:00";"PR";153;335,2;"IRATI";"Condutor deixou de manter distância do veículo da frente";"Colisão traseira";"Sem Vítimas";"Plena Noite";"Crescente";"Nublado";"Simples";"Reta";"Sim";2;0;0;0;1;1;0;2;-25,48894141;-50,64508883;"SPRF-PR";"DEL03-PR";"UOP03-DEL03-PR"
446800;2022-04-29;"sexta-feira";"23:05:00";"SC";280;124,8;"RIO NEGRINHO";"Acessar a via sem observar a presença dos outros veículos";"Colisão transversal";"Com Vítimas Feridas";"Plena Noite";"Decrescente";"Nublado";"Simples";"Retorno Regulamentado";"Sim";2;0;0;1;1;0;1;2;-26,24130297;-49,47514499;"SPRF-SC";"DEL06-SC";"UOP03-DEL06-SC"
446801;2022-04-29;"sexta-feira";"21:35:00";"SC";101;348,5;"JAGUARUNA";"Ausência de reação do condutor";"Colisão traseira";"Com Vítimas Feridas";"Plena Noite";"Crescente";"Céu Claro";"Simples";"Reta";"Sim";3;0;1;0;1;1;1;3;-28,57317505;-49,05292143;"SPRF-SC";"DEL02-SC";"UOP01-DEL02-SC"
446802;2022-04-29;"sexta-feira";"22:50:00";"GO";251;21,8;"CRISTALINA";"Ingestão de álcool pelo condutor";"Colisão frontal";"Com Vítimas Fatais";"Plena Noite";"Crescente";"Céu Claro";"Simples";"Reta";"Não";3;1;0;0;1;1;0;3;-16,14941834;-47,48138915;"SPRF-DF";"DEL01-DF";"UOP01-DEL01-DF"
446804;2022-04-30;"sábado";"00:25:00";"RO";364;199,7;"PIMENTA BUENO";"Ingestão de álcool pelo condutor";"Colisão transversal";"Sem Vítimas";"Plena Noite";"Decrescente";"Céu Claro";"Simples";"Rotatória";"Sim";2;0;0;0;2;0;0;2;-11,661617;-61,191055;"SPRF-RO";"DEL02-RO";"UOP02-DEL02-RO"
446807;2022-04-30;"sábado";"00:24:00";"CE";116;47;"PACAJUS";"Ausência de reação do condutor";"Colisão traseira";"Com Vítimas Feridas";"Plena Noite";"Crescente";"Chuva";"Dupla";"Declive";"Não";3;0;1;0;1;2;1;4;-4,14746618;-38,47778184;"SPRF-CE";"DEL01-CE";"UOP02-DEL01-CE"
446808;2022-04-30;"sábado";"01:30:00";"SC";101;290,5;"IMBITUBA";"Reação tardia ou ineficiente do condutor";"Colisão traseira";"Com Vítimas Feridas";"Plena Noite";"Crescente";"Céu Claro";"Dupla";"Reta;Aclive";"Não";4;0;1;0;2;1;1;3;-28,28591998;-48,70455;"SPRF-SC";"DEL02-SC";"UOP03-DEL02-SC"
446809;2022-04-02;"sábado";"07:20:00";"MG";116;277;"TEOFILO OTONI";"Faixas de trânsito com largura insuficiente";"Colisão lateral mesmo sentido";"Com Vítimas Feridas";"Pleno dia";"Crescente";"Sol";"Simples";"Reta";"Sim";3;0;1;0;1;1;1;3;-17,859945;-41,515144;"SPRF-MG";"DEL11-MG";"UOP01-DEL11-MG"
446814;2022-04-30;"sábado";"01:30:00";"SC";280;105,4;"SAO BENTO DO SUL";"Condutor Dormindo";"Tombamento";"Sem Vítimas";"Plena Noite";"Decrescente";"Garoa/Chuvisco";"Simples";"Curva;Declive";"Não";1;0;0;0;1;0;0;1;-26,35641481;-49,36407482;"SPRF-SC";"DEL06-SC";"UOP03-DEL06-SC"
446816;2022-04-30;"sábado";"04:40:00";"SC";101;330,9;"TUBARAO";"Ingestão de álcool pelo condutor";"Colisão lateral mesmo sentido";"Sem Vítimas";"Plena Noite";"Crescente";"Nublado";"Dupla";"Curva";"Não";2;0;0;0;2;0;0;2;-28,463032;-48,992278;"SPRF-SC";"DEL02-SC";"UOP01-DEL02-SC"
446819;2022-04-30;"sábado";"04:11:00";"RJ";116;297;"RESENDE";"Condutor Dormindo";"Colisão com objeto";"Sem Vítimas";"Plena Noite";"Decrescente";"Nublado";"Dupla";"Reta";"Não";2;0;0;0;1;1;0;2;-22,450125;-44,330193;"SPRF-RJ";"DEL07-RJ";"UOP02-DEL07-RJ"
446820;2022-04-30;"sábado";"05:15:00";"RS";386;71,2;"BOA VISTA DAS MISSOES";"Acessar a via sem observar a presença dos outros veículos";"Colisão lateral mesmo sentido";"Sem Vítimas";"Plena Noite";"Crescente";"Nublado";"Simples";"Reta";"Sim";2;0;0;0;2;0;0;2;-27,677305;-53,309586;"SPRF-RS";"DEL08-RS";"UOP02-DEL08-RS"
446824;2022-04-30;"sábado";"06:45:00";"PR";376;196,1;"MARIALVA";"Velocidade Incompatível";"Colisão traseira";"Com Vítimas Feridas";"Pleno dia";"Crescente";"Céu Claro";"Dupla";"Aclive;Reta";"Não";4;0;2;0;1;1;2;3;-23,50026007;-51,76384001;"SPRF-PR";"DEL09-PR";"UOP01-DEL09-PR"
446827;2022-04-01;"sexta-feira";"16:10:00";"TO";153;721,9;"FIGUEIROPOLIS";"Desrespeitar a preferência no cruzamento";"Colisão transversal";"Com Vítimas Feridas";"Pleno dia";"Crescente";"Nublado";"Simples";"Reta;Interseção de Vias";"Sim";3;0;0;1;1;2;1;4;-12,12858166;-49,17194586;"SPRF-TO";"DEL01-TO";"UOP02-DEL01-TO"
446832;2022-04-29;"sexta-feira";"22:40:00";"BA";110;205;"CIPO";"Ausência de reação do condutor";"Colisão frontal";"Com Vítimas Feridas";"Plena Noite";"Crescente";"Céu Claro";"Simples";"Reta";"Não";3;0;1;0;1;2;1;4;-11,15073885;-38,50981953;"SPRF-BA";"DEL07-BA";"UOP02-DEL07-BA"
446844;2022-04-30;"sábado";"07:53:00";"GO";40;1,2;"VALPARAISO DE GOIAS";"Entrada inopinada do pedestre";"Atropelamento de Pedestre";"Com Vítimas Feridas";"Pleno dia";"Crescente";"Céu Claro";"Dupla";"Reta";"Sim";3;0;0;1;1;2;1;4;-16,058245;-47,982825;"SPRF-DF";"DEL01-DF";"UOP01-DEL01-DF"
446846;2022-04-06;"quarta-feira";"09:00:00";"TO";153;673,4;"GURUPI";"Reação tardia ou ineficiente do condutor";"Colisão lateral mesmo sentido";"Com Vítimas Feridas";"Pleno dia";"Crescente";"Céu Claro";"Dupla";"Retorno Regulamentado";"Sim";2;0;0;1;1;0;1;2;-11,72948104;-49,07908783;"SPRF-TO";"DEL01-TO";"UOP02-DEL01-TO"
446847;2022-04-29;"sexta-feira";"17:10:00";"MG";40;91;"LAGOA GRANDE";"Condutor deixou de manter distância do veículo da frente";"Colisão traseira";"Sem Vítimas";"Pleno dia";"Decrescente";"Céu Claro";"Simples";"Reta";"Não";3;0;0;0;2;1;0;3;-17,50437166;-46,56757983;"SPRF-MG";"DEL14-MG";"UOP01-DEL14-MG"
446854;2022-04-30;"sábado";"08:40:00";"MG";251;340;"FRUTA DE LEITE";"Reação tardia ou ineficiente do condutor";"Tombamento";"Com Vítimas Feridas";"Pleno dia";"Decrescente";"Sol";"Simples";"Curva";"Não";2;0;1;0;0;1;1;2;-16,266571;-42,480587;"SPRF-MG";"DEL12-MG";"UOP01-DEL12-MG"
446855;2022-04-30;"sábado";"01:30:00";"MG";40;34,8;"PARACATU";"Reação tardia ou ineficiente do condutor";"Tombamento";"Com Vítimas Fatais";"Plena Noite";"Crescente";"Céu Claro";"Simples";"Declive;Curva";"Não";6;1;0;0;4;1;0;3;-17,193207;-46,917147;"SPRF-MG";"DEL14-MG";"UOP01-DEL14-MG"
446857;2022-02-17;"quinta-feira";"14:40:00";"RJ";116;280,3;"BARRA MANSA";"Manobra de mudança de faixa";"Colisão traseira";"Com Vítimas Feridas";"Pleno dia";"Decrescente";"Chuva";"Dupla";"Reta";"Sim";5;0;2;0;2;2;2;4;-22,54134895;-44,19176093;"SPRF-RJ";"DEL07-RJ";"UOP02-DEL07-RJ"
446860;2022-04-30;"sábado";"06:35:00";"MG";365;410;"PATOS DE MINAS";"Reação tardia ou ineficiente do condutor";"Colisão frontal";"Com Vítimas Feridas";"Pleno dia";"Crescente";"Céu Claro";"Dupla";"Curva";"Não";4;0;1;0;2;2;1;4;-18,65773478;-46,52207118;"SPRF-MG";"DEL10-MG";"UOP01-DEL10-MG"
446862;2022-04-30;"sábado";"10:10:00";"GO";414;402,3;"ABADIANIA";"Velocidade Incompatível";"Colisão traseira";"Sem Vítimas";"Pleno dia";"Decrescente";"Céu Claro";"Simples";"Declive;Reta";"Não";4;0;0;0;4;0;0;2;-15,99991995;-48,83982712;"SPRF-GO";"DEL02-GO";"UOP01-DEL02-GO"
446863;2022-04-30;"sábado";"10:00:00";"MG";381;891,2;"CAMBUI";"Frear bruscamente";"Colisão traseira";"Com Vítimas Feridas";"Pleno dia";"Decrescente";"Nublado";"Dupla";"Reta";"Não";5;0;3;0;1;2;3;4;-22,59361712;-46,05563886;"SPRF-MG";"DEL16-MG";"UOP03-DEL16-MG"
446864;2022-04-30;"sábado";"08:45:00";"MS";262;10;"TRES LAGOAS";"Ausência de reação do condutor";"Engavetamento";"Sem Vítimas";"Pleno dia";"Decrescente";"Céu Claro";"Simples";"Declive";"Não";6;0;0;0;4;2;0;4;-20,79699882;-51,68201829;"SPRF-MS";"DEL07-MS";"UOP01-DEL07-MS"
446866;2022-04-29;"sexta-feira";"13:00:00";"BA";324;273;"JACOBINA";"Demais falhas mecânicas ou elétricas";"Tombamento";"Com Vítimas Feridas";"Pleno dia";"Crescente";"Céu Claro";"Simples";"Curva";"Não";2;0;1;0;0;1;1;2;-11,139059;-40,593475;"SPRF-BA";"DEL04-BA";"UOP02-DEL04-BA"
446867;2022-04-30;"sábado";"09:33:00";"MS";163;482,8;"CAMPO GRANDE";"Ausência de reação do condutor";"Saída de leito carroçável";"Com Vítimas Feridas";"Pleno dia";"Crescente";"Céu Claro";"Simples";"Reta";"Não";2;0;0;1;0;1;1;2;-20,46271123;-54,55411122;"SPRF-MS";"DEL01-MS";"UOP02-DEL01-MS"
446873;2022-04-30;"sábado";"11:02:00";"DF";40;0;"BRASILIA";"Ausência de reação do condutor";"Colisão transversal";"Sem Vítimas";"Pleno dia";"Decrescente";"Céu Claro";"Simples";"Interseção de Vias";"Não";3;0;0;0;2;1;0;3;-15,976897;-47,990129;"SPRF-DF";"DEL01-DF";"UOP01-DEL01-DF"
446881;2022-04-30;"sábado";"10:10:00";"TO";242;334;"PEIXE";"Ausência de reação do condutor";"Queda de ocupante de veículo";"Com Vítimas Feridas";"Pleno dia";"Crescente";"Céu Claro";"Simples";"Reta";"Não";3;0;1;0;1;1;1;3;-11,91509206;-48,72088604;"SPRF-TO";"DEL01-TO";"UOP02-DEL01-TO"
446882;2022-04-24;"domingo";"15:00:00";"PA";163;670;"ITAITUBA";"Velocidade Incompatível";"Colisão lateral sentido oposto";"Com Vítimas Feridas";"Anoitecer";"Crescente";"Garoa/Chuvisco";"Simples";"Curva;Declive";"Não";6;0;2;0;3;6;2;8;-4,38525897;-55,78857508;"SPRF-PA";"DEL05-PA";"UOP01-DEL05-PA"
446896;2022-04-30;"sábado";"09:45:00";"PR";373;186,4;"PONTA GROSSA";"Ultrapassagem Indevida";"Colisão frontal";"Com Vítimas Feridas";"Pleno dia";"Decrescente";"Garoa/Chuvisco";"Simples";"Curva";"Não";3;0;2;0;1;0;2;3;-25,05281432;-50,30130584;"SPRF-PR";"DEL03-PR";"UOP01-DEL03-PR"
446900;2022-04-30;"sábado";"11:30:00";"PR";373;176;"PONTA GROSSA";"Área urbana sem a presença de local apropriado para a travessia de pedestres";"Colisão traseira";"Com Vítimas Feridas";"Pleno dia";"Crescente";"Chuva";"Dupla";"Reta";"Sim";4;0;1;0;2;4;1;7;-25,06082803;-50,21845202;"SPRF-PR";"DEL03-PR";"UOP01-DEL03-PR"
446901;2022-04-30;"sábado";"08:50:00";"MA";135;137,6;"MATOES DO NORTE";"Reação tardia ou ineficiente do condutor";"Tombamento";"Com Vítimas Feridas";"Pleno dia";"Decrescente";"Sol";"Simples";"Reta";"Não";4;0;2;0;1;3;2;5;-3,64935592;-44,54345984;"SPRF-MA";"DEL01-MA";"UOP02-DEL01-MA"
446903;2022-04-30;"sábado";"10:50:00";"GO";364;195;"JATAI";"Demais falhas mecânicas ou elétricas";"Incêndio";"Sem Vítimas";"Plena Noite";"Crescente";"Céu Claro";"Simples";"Aclive";"Sim";2;0;0;0;2;0;0;1;-17,921089;-51,712803;"SPRF-GO";"DEL05-GO";"UOP01-DEL05-GO"
446905;2022-04-30;"sábado";"13:10:00";"PE";428;186;"PETROLINA";"Condutor deixou de manter distância do veículo da frente";"Colisão traseira";"Sem Vítimas";"Pleno dia";"Decrescente";"Céu Claro";"Simples";"Reta";"Sim";2;0;0;0;2;0;0;2;-9,34807826;-40,47441248;"SPRF-PE";"DEL06-PE";"UOP01-DEL06-PE"
446910;2022-04-30;"sábado";"13:30:00";"MA";135;18;"SAO LUIS";"Ausência de reação do condutor";"Colisão lateral sentido oposto";"Sem Vítimas";"Pleno dia";"Crescente";"Sol";"Simples";"Reta";"Sim";3;0;0;0;2;1;0;3;-2,53073;-44,3068;"SPRF-MA";"DEL01-MA";"UOP01-DEL01-MA"