"id";"data_inversa";"dia_semana";"horario";"uf";"br";"km";"municipio";"causa_acidente";"tipo_acidente";"classificacao_acidente";"fase_dia";"sentido_via";"condicao_metereologica";"tipo_pista";"tracado_via";"uso_solo";"pessoas";"mortos";"feridos_leves";"feridos_graves";"ilesos";"ignorados";"feridos";"veiculos";"latitude";"longitude";"regional";"delegacia";"uop"
446916;2022-04-30;"sábado";"10:00:00";"RJ";40;92;"PETROPOLIS";"Problema com o freio";"Tombamento";"Sem Vítimas";"Pleno dia";"Crescente";"Chuva";"Simples";"Curva";"Não";2;0;0;0;1;1;0;2;-22,55191954;-43,25068815;"SPRF-RJ";"DEL06-RJ";"UOP01-DEL06-RJ"
446922;2022-04-29;"sexta-feira";"14:30:00";"MT";364;347;"SANTO ANTONIO DO LEVERGER";"Problema com o freio";"Saída de leito carroçável";"Com Vítimas Feridas";"Pleno dia";"Crescente";"Céu Claro";"Dupla";"Reta";"Não";2;0;2;0;0;0;2;1;-15,807347;-55,54692;"SPRF-MT";"DEL05-MT";"UOP02-DEL05-MT"
446923;2022-04-30;"sábado";"11:20:00";"BA";235;341;"JUAZEIRO";"Acesso irregular";"Colisão lateral mesmo sentido";"Com Vítimas Feridas";"Pleno dia";"Decrescente";"Céu Claro";"Simples";"Interseção de Vias";"Não";3;0;0;1;1;2;1;4;-9,46279186;-40,43965997;"SPRF-PE";"DEL06-PE";"UOP01-DEL06-PE"
446928;2022-04-30;"sábado";"15:35:00";"PR";373;178;"PONTA GROSSA";"Ingestão de álcool pelo condutor";"Colisão traseira";"Sem Vítimas";"Pleno dia";"Crescente";"Nublado";"Dupla";"Reta";"Sim";2;0;0;0;2;0;0;2;-25,05025485;-50,23418475;"SPRF-PR";"DEL03-PR";"UOP01-DEL03-PR"
446934;2022-04-30;"sábado";"17:20:00";"GO";60;130;"GOIANIA";"Ingestão de substâncias psicoativas pelo condutor";"Saída de leito carroçável";"Sem Vítimas";"Pleno dia";"Decrescente";"Céu Claro";"Dupla";"Reta";"Não";1;0;0;0;1;0;0;1;-16,5675;-49,1554;"SPRF-GO";"DEL01-GO";"UOP01-DEL01-GO"
446937;2022-04-30;"sábado";"16:25:00";"CE";116;16,1;"EUSEBIO";"Manobra de mudança de faixa";"Colisão lateral mesmo sentido";"Com Vítimas Feridas";"Pleno dia";"Crescente";"Nublado";"Dupla";"Reta;Aclive";"Sim";3;0;1;0;1;1;1;3;-3,89001664;-38,50208228;"SPRF-CE";"DEL01-CE";"UOP02-DEL01-CE"
446948;2022-04-30;"sábado";"17:50:00";"SC";101;284;"IMBITUBA";"Manobra de mudança de faixa";"Colisão traseira";"Com Vítimas Feridas";"Pleno dia";"Decrescente";"Chuva";"Dupla";"Reta";"Sim";3;0;1;0;2;0;1;2;-28,21285498;-48,69962617;"SPRF-SC";"DEL02-SC";"UOP03-DEL02-SC"
446950;2022-04-30;"sábado";"16:15:00";"RJ";40;119;"DUQUE DE CAXIAS";"Entrada inopinada do pedestre";"Atropelamento de Pedestre";"Com Vítimas Fatais";"Pleno dia";"Crescente";"Chuva";"Múltipla";"Reta";"Sim";2;1;0;0;1;0;0;2;-22,76867308;-43,28670144;"SPRF-RJ";"DEL01-RJ";"UOP01-DEL01-RJ"
446955;2022-04-30;"sábado";"18:30:00";"RR";174;411;"IRACEMA";"Ultrapassagem Indevida";"Colisão transversal";"Sem Vítimas";"Pleno dia";"Decrescente";"Céu Claro";"Simples";"Curva";"Sim";5;0;0;0;4;2;0;4;2,1788017;-61,0454464;"SPRF-RR";"DEL01-RR";"UOP01-DEL01-RR"
446960;2022-04-30;"sábado";"16:30:00";"MA";222;620;"ACAILANDIA";"Reação tardia ou ineficiente do condutor";"Tombamento";"Com Vítimas Feridas";"Anoitecer";"Decrescente";"Céu Claro";"Simples";"Reta";"Não";3;0;1;0;0;2;1;3;-4,773599;-47,063513;"SPRF-MA";"DEL04-MA";"UOP03-DEL04-MA"
446976;2022-04-30;"sábado";"16:00:00";"GO";153;406,5;"PIRENOPOLIS";"Demais falhas mecânicas ou elétricas";"Incêndio";"Sem Vítimas";"Pleno dia";"Decrescente";"Céu Claro";"Simples";"Reta";"Não";1;0;0;0;1;0;0;1;-16,069815;-49,058235;"SPRF-GO";"DEL02-GO";"UOP02-DEL02-GO"
446980;2022-04-30;"sábado";"18:40:00";"RS";471;676,6;"CHUI";"Condutor deixou de manter distância do veículo da frente";"Colisão traseira";"Com Vítimas Feridas";"Plena Noite";"Decrescente";"Nublado";"Simples";"Reta";"Não";9;0;5;0;4;0;5;3;-33,658573;-53,433907;"SPRF-RS";"DEL07-RS";"UOP04-DEL07-RS"
447005;2022-04-30;"sábado";"19:31:00";"RS";116;348;"TAPES";"Acesso irregular";"Colisão frontal";"Com Vítimas Fatais";"Plena Noite";"Decrescente";"Nublado";"Simples";"Reta";"Sim";6;1;0;0;5;0;0;2;-30,525825;-51,49893;"SPRF-RS";"DEL02-RS";"UOP02-DEL02-RS"
447022;2022-05-01;"domingo";"01:25:00";"PE";428;176;"PETROLINA";"Transitar na contramão";"Colisão lateral sentido oposto";"Sem Vítimas";"Plena Noite";"Crescente";"Céu Claro";"Simples";"Reta";"Não";3;0;0;0;1;2;0;3;-9,26824308;-40,43343586;"SPRF-PE";"DEL06-PE";"UOP01-DEL06-PE"
447034;2022-05-01;"domingo";"05:30:00";"MG";40;458,9;"CAETANOPOLIS";"Condutor Dormindo";"Colisão traseira";"Com Vítimas Feridas";"Amanhecer";"Decrescente";"Céu Claro";"Dupla";"Interseção de Vias;Reta;Declive";"Sim";3;0;0;1;1;3;1;5;-19,37850251;-44,33770895;"SPRF-MG";"DEL02-MG";"UOP01-DEL02-MG"
447037;2022-05-01;"domingo";"03:00:00";"PE";423;76;"JUCATI";"Ausência de reação do condutor";"Colisão frontal";"Sem Vítimas";"Plena Noite";"Crescente";"Céu Claro";"Simples";"Aclive";"Não";3;0;0;0;1;2;0;3;-8,73183901;-36,43146015;"SPRF-PE";"DEL03-PE";"UOP01-DEL03-PE"
447049;2022-05-01;"domingo";"06:00:00";"PR";376;650;"TIJUCAS DO SUL";"Reação tardia ou ineficiente do condutor";"Colisão traseira";"Com Vítimas Feridas";"Amanhecer";"Crescente";"Nublado";"Dupla";"Reta";"Não";2;0;0;1;1;0;1;2;-25,84553262;-49,07172203;"SPRF-PR";"DEL01-PR";"UOP04-DEL01-PR"
447053;2022-05-01;"domingo";"04:40:00";"PI";135;408;"REDENCAO DO GURGUEIA";"Reação tardia ou ineficiente do condutor";"Tombamento";"Com Vítimas Fatais";"Plena Noite";"Decrescente";"Céu Claro";"Simples";"Curva;Declive";"Sim";1;1;0;0;0;0;0;1;-9,47346355;-44,60326251;"SPRF-PI";"DEL03-PI";"UOP02-DEL03-PI"
447064;2022-05-01;"domingo";"07:10:00";"GO";153;497;"GOIANIA";"Reação tardia ou ineficiente do condutor";"Colisão lateral mesmo sentido";"Com Vítimas Fatais";"Pleno dia";"Crescente";"Céu Claro";"Dupla";"Reta";"Sim";2;1;0;0;1;0;0;2;-16,6854;-49,2338;"SPRF-GO";"DEL01-GO";"UOP01-DEL01-GO"
447068;2022-05-01;"domingo";"05:05:00";"PB";104;186;"ALCANTIL";"Reação tardia ou ineficiente do condutor";"Saída de leito carroçável";"Com Vítimas Fatais";"Amanhecer";"Decrescente";"Céu Claro";"Simples";"Curva";"Não";2;1;0;0;0;1;0;2;-7,68863293;-36,06166381;"SPRF-PB";"DEL02-PB";"UOP03-DEL02-PB"
447074;2022-04-30;"sábado";"22:30:00";"BA";101;922;"NOVA VICOSA";"Entrada inopinada do pedestre";"Atropelamento de Pedestre";"Com Vítimas Feridas";"Plena Noite";"Crescente";"Céu Claro";"Simples";"Reta";"Não";3;0;0;1;1;1;1;3;-17,87851707;-39,81195135;"SPRF-BA";"DEL09-BA";"UOP02-DEL09-BA"
447077;2022-04-06;"quarta-feira";"17:20:00";"MT";174;530;"COMODORO";"Condutor deixou de manter distância do veículo da frente";"Colisão traseira";"Com Vítimas Feridas";"Anoitecer";"Decrescente";"Céu Claro";"Simples";"Reta";"Não";2;0;2;0;0;0;2;2;-13,276274;-59,86591896;"SPRF-MT";"DEL04-MT";"UOP01-DEL04-MT"
447085;2022-05-01;"domingo";"09:30:00";"GO";364;262,2;"MINEIROS";"Reação tardia ou ineficiente do condutor";"Tombamento";"Com Vítimas Feridas";"Pleno dia";"Crescente";"Sol";"Simples";"Declive;Reta";"Não";3;0;2;0;0;1;2;2;-17,667948;-52,245488;"SPRF-GO";"DEL05-GO";"UOP01-DEL05-GO"
447086;2022-05-01;"domingo";"09:30:00";"BA";116;278;"TUCANO";"Reação tardia ou ineficiente do condutor";"Colisão lateral sentido oposto";"Com Vítimas Feridas";"Pleno dia";"Crescente";"Céu Claro";"Simples";"Reta";"Não";3;0;0;1;1;1;1;3;-10,99376209;-38,80486456;"SPRF-BA";"DEL02-BA";"UOP01-DEL02-BA"
447088;2022-05-01;"domingo";"08:15:00";"PR";376;666;"GUARATUBA";"Ingestão de álcool pelo condutor";"Colisão lateral mesmo sentido";"Sem Vítimas";"Pleno dia";"Decrescente";"Nublado";"Dupla";"Curva;Aclive";"Não";3;0;0;0;2;1;0;3;-25,86501614;-48,94031525;"SPRF-PR";"DEL01-PR";"UOP04-DEL01-PR"
447094;2022-05-01;"domingo";"09:40:00";"BA";101;372;"IBIRAPITANGA";"Curva acentuada";"Tombamento";"Com Vítimas Feridas";"Pleno dia";"Decrescente";"Nublado";"Dupla";"Curva";"Não";2;0;1;0;0;1;1;2;-13,925982;-39,48398098;"SPRF-BA";"DEL05-BA";"UOP03-DEL05-BA"
447100;2022-05-01;"domingo";"11:00:00";"RS";116;232;"ESTANCIA VELHA";"Pista Escorregadia";"Colisão frontal";"Com Vítimas Feridas";"Pleno dia";"Crescente";"Chuva";"Simples";"Curva";"Sim";2;0;1;0;1;0;1;2;-29,62222179;-51,13039371;"SPRF-RS";"DEL01-RS";"UOP02-DEL01-RS"
447106;2022-05-01;"domingo";"13:08:00";"MG";381;498;"BETIM";"Velocidade Incompatível";"Tombamento";"Com Vítimas Feridas";"Pleno dia";"Crescente";"Céu Claro";"Dupla";"Curva";"Não";2;0;1;0;0;1;1;2;-20,01172662;-44,21976041;"SPRF-MG";"DEL01-MG";"UOP03-DEL01-MG"
447108;2022-05-01;"domingo";"08:00:00";"BA";242;291;"LAJEDINHO";"Ausência de reação do condutor";"Colisão frontal";"Com Vítimas Feridas";"Pleno dia";"Decrescente";"Céu Claro";"Simples";"Curva";"Não";1;0;1;0;0;0;1;1;-12,4399126;-40,81666711;"SPRF-BA";"DEL06-BA";"UOP02-DEL06-BA"
447111;2022-05-01;"domingo";"12:30:00";"PR";116;102;"SAO JOSE DOS PINHAIS";"Manobra de mudança de faixa";"Colisão lateral mesmo sentido";"Com Vítimas Feridas";"Pleno dia";"Crescente";"Céu Claro";"Dupla";"Viaduto";"Sim";6;0;1;0;4;3;1;7;-25,550639;-49,15025;"SPRF-PR";"DEL01-PR";"UOP01-DEL01-PR"
447121;2022-05-01;"domingo";"13:45:00";"PR";277;134,1;"BALSA NOVA";"Reação tardia ou ineficiente do condutor";"Colisão traseira";"Com Vítimas Feridas";"Pleno dia";"Decrescente";"Nublado";"Dupla";"Reta";"Não";3;0;1;0;1;2;1;4;-25,471224;-49,675449;"SPRF-PR";"DEL03-PR";"UOP03-DEL03-PR"
447125;2022-05-01;"domingo";"13:00:00";"MT";70;514;"VARZEA GRANDE";"Condutor deixou de manter distância do veículo da frente";"Colisão traseira";"Com Vítimas Feridas";"Pleno dia";"Crescente";"Céu Claro";"Simples";"Reta";"Não";3;0;0;1;1;1;1;3;-15,70594689;-56,1301778;"SPRF-MT";"DEL01-MT";"UOP02-DEL01-MT"
447128;2022-03-19;"sábado";"09:20:00";"MG";381;517;"IGARAPE";"Velocidade Incompatível";"Saída de leito carroçável";"Com Vítimas Feridas";"Pleno dia";"Decrescente";"Céu Claro";"Dupla";"Declive;Curva";"Sim";1;0;1;0;0;0;1;1;-20,11382303;-44,30720801;"SPRF-MG";"DEL04-MG";"UOP03-DEL04-MG"
447135;2022-05-01;"domingo";"12:10:00";"MG";116;325,3;"CAMPANARIO";"Manobra de mudança de faixa";"Colisão lateral sentido oposto";"Com Vítimas Feridas";"Pleno dia";"Crescente";"Céu Claro";"Simples";"Reta";"Não";4;0;2;0;2;0;2;2;-18,19770991;-41,71549243;"SPRF-MG";"DEL11-MG";"UOP01-DEL11-MG"
447139;2022-05-01;"domingo";"15:20:00";"PR";277;451,4;"LARANJEIRAS DO SUL";"Desrespeitar a preferência no cruzamento";"Colisão transversal";"Com Vítimas Fatais";"Pleno dia";"Crescente";"Céu Claro";"Simples";"Interseção de Vias";"Não";4;1;0;1;1;1;1;3;-25,37477855;-52,38923907;"SPRF-PR";"DEL04-PR";"UOP02-DEL04-PR"
447141;2022-05-01;"domingo";"12:20:00";"AM";174;915;"MANAUS";"Pedestre andava na pista";"Atropelamento de Pedestre";"Com Vítimas Feridas";"Pleno dia";"Decrescente";"Sol";"Simples";"Ponte;Reta";"Não";3;0;0;1;0;2;1;2;-2,699743;-60,049553;"SPRF-AM";"DEL01-AM";"UOP01-DEL01-AM"
447146;2022-05-01;"domingo";"15:25:00";"PB";101;40;"MAMANGUAPE";"Avarias e/ou desgaste excessivo no pneu";"Saída de leito carroçável";"Com Vítimas Feridas";"Pleno dia";"Crescente";"Céu Claro";"Simples";"Declive";"Sim";5;0;3;0;1;1;3;3;-6,838737;-35,13633;"SPRF-PB";"DEL01-PB";"UOP04-DEL01-PB"
447149;2022-05-01;"domingo";"13:40:00";"MG";365;355;"VARJAO DE MINAS";"Problema com o freio";"Colisão com objeto";"Sem Vítimas";"Pleno dia";"Decrescente";"Céu Claro";"Simples";"Reta";"Não";2;0;0;0;2;0;0;2;-18,3732339;-46,02919808;"SPRF-MG";"DEL10-MG";"UOP01-DEL10-MG"
447154;2022-05-01;"domingo";"17:00:00";"SP";116;550;"BARRA DO TURVO";"Ausência de reação do condutor";"Colisão frontal";"Com Vítimas Feridas";"Pleno dia";"Crescente";"Garoa/Chuvisco";"Simples";"Curva";"Não";2;0;1;0;0;1;1;2;-24,95749618;-48,46440871;"SPRF-SP";"DEL05-SP";"UOP02-DEL05-SP"
447158;2022-05-01;"domingo";"18:50:00";"CE";20;423,5;"MARACANAU";"Manobra de mudança de faixa";"Colisão lateral mesmo sentido";"Com Vítimas Feridas";"Plena Noite";"Crescente";"Céu Claro";"Múltipla";"Reta";"Não";4;0;0;2;1;1;2;3;-3,76999035;-38,67006282;"SPRF-CE";"DEL01-CE";"UOP02-DEL01-CE"
447159;2022-05-01;"domingo";"16:29:00";"MT";70;518;"VARZEA GRANDE";"Ausência de reação do condutor";"Colisão frontal";"Com Vítimas Feridas";"Plena Noite";"Decrescente";"Céu Claro";"Simples";"Reta";"Sim";3;0;0;1;1;2;1;4;-15,6822952;-56,17313862;"SPRF-MT";"DEL01-MT";"UOP02-DEL01-MT"
447168;2022-05-01;"domingo";"15:40:00";"MA";135;189;"SAO MATEUS DO MARANHAO";"Acessar a via sem observar a presença dos outros veículos";"Colisão transversal";"Com Vítimas Feridas";"Pleno dia";"Crescente";"Céu Claro";"Simples";"Reta";"Sim";2;0;0;1;1;0;1;2;-4,10037402;-44,47249631;"SPRF-MA";"DEL03-MA";"UOP01-DEL03-MA"
447172;2022-05-01;"domingo";"19:00:00";"PR";277;65;"SAO JOSE DOS PINHAIS";"Reação tardia ou ineficiente do condutor";"Colisão traseira";"Com Vítimas Feridas";"Anoitecer";"Crescente";"Nublado";"Dupla";"Reta";"Sim";2;0;1;0;0;1;1;2;-25,5530337004;-49,0350408474;"SPRF-PR";"DEL01-PR";"UOP01-DEL01-PR"
447180;2022-05-01;"domingo";"17:57:00";"PR";116;62;"CAMPINA GRANDE DO SUL";"Acesso irregular";"Colisão transversal";"Sem Vítimas";"Anoitecer";"Decrescente";"Céu Claro";"Múltipla";"Declive;Retorno Regulamentado";"Não";2;0;0;0;2;0;0;2;-25,30708746;-48,97776961;"SPRF-PR";"DEL01-PR";"UOP02-DEL01-PR"
447183;2022-05-01;"domingo";"18:48:00";"SC";470;85,1;"RODEIO";"Condutor Dormindo";"Colisão lateral sentido oposto";"Com Vítimas Feridas";"Plena Noite";"Decrescente";"Nublado";"Simples";"Reta";"Não";5;0;2;0;3;0;2;4;-26,956114;-49,350414;"SPRF-SC";"DEL04-SC";"UOP01-DEL04-SC"
447185;2022-05-01;"domingo";"18:10:00";"MG";381;557,5;"ITAGUARA";"Ingestão de álcool pelo condutor";"Colisão traseira";"Sem Vítimas";"Plena Noite";"Crescente";"Céu Claro";"Dupla";"Reta";"Não";3;0;0;0;3;0;0;2;-20,36904195;-44,46938756;"SPRF-MG";"DEL04-MG";"UOP03-DEL04-MG"
447189;2022-05-01;"domingo";"12:00:00";"RS";470;0,4;"BARRACAO";"Demais falhas mecânicas ou elétricas";"Incêndio";"Sem Vítimas";"Pleno dia";"Crescente";"Céu Claro";"Simples";"Ponte";"Não";2;0;0;0;1;1;0;2;-27,600798;-51,471245;"SPRF-RS";"DEL08-RS";"UOP05-DEL08-RS"
447204;2022-05-01;"domingo";"21:40:00";"BA";242;755;"CRISTOPOLIS";"Reação tardia ou ineficiente do condutor";"Tombamento";"Com Vítimas Feridas";"Plena Noite";"Decrescente";"Céu Claro";"Simples";"Reta";"Não";2;0;1;0;0;2;1;3;-12,19652567;-44,48872984;"SPRF-BA";"DEL10-BA";"UOP01-DEL10-BA"
447208;2022-04-23;"sábado";"20:30:00";"AL";316;263,3;"SATUBA";"Chuva";"Colisão com objeto";"Sem Vítimas";"Plena Noite";"Decrescente";"Chuva";"Simples";"Reta";"Não";1;0;0;0;0;1;0;1;-9,58758215;-35,878014;"SPRF-AL";"DEL02-AL";"UOP01-DEL02-AL"
447211;2022-05-01;"domingo";"19:25:00";"MA";135;65;"SANTA RITA";"Reação tardia ou ineficiente do condutor";"Eventos atípicos";"Sem Vítimas";"Plena Noite";"Decrescente";"Céu Claro";"Simples";"Reta";"Não";3;0;0;0;1;2;0;3;-3,09675002;-44,3220647;"SPRF-MA";"DEL01-MA";"UOP02-DEL01-MA"
447216;2022-05-01;"domingo";"03:00:00";"RR";174;218;"RORAINOPOLIS";"Condutor Dormindo";"Tombamento";"Sem Vítimas";"Plena Noite";"Crescente";"Céu Claro";"Simples";"Reta";"Não";2;0;0;0;1;1;0;2;0,994285;-60,404099;"SPRF-RR";"DEL01-RR";"UOP01-DEL01-RR"
447217;2022-05-01;"domingo";"23:24:00";"GO";50;235,1;"CATALAO";"Reação tardia ou ineficiente do condutor";"Colisão traseira";"Com Vítimas Feridas";"Plena Noite";"Decrescente";"Céu Claro";"Dupla";"Reta";"Não";2;0;1;0;1;0;1;2;-17,8451;-47,7721;"SPRF-GO";"DEL06-GO";"UOP01-DEL06-GO"
447218;2022-05-01;"domingo";"22:45:00";"GO";40;22,2;"LUZIANIA";"Ingestão de álcool pelo condutor";"Colisão lateral mesmo sentido";"Com Vítimas Feridas";"Plena Noite";"Decrescente";"Céu Claro";"Dupla";"Reta";"Sim";4;0;1;1;1;1;2;3;-16,227484;-47,914109;"SPRF-DF";"DEL01-DF";"UOP01-DEL01-DF"
447223;2022-05-01;"domingo";"19:30:00";"RO";364;84;"VILHENA";"Ultrapassagem Indevida";"Colisão lateral sentido oposto";"Com Vítimas Feridas";"Plena Noite";"Crescente";"Céu Claro";"Simples";"Curva";"Não";2;0;1;0;1;0;1;2;-12,41146228;-60,60665927;"SPRF-RO";"DEL04-RO";"UOP01-DEL04-RO"
447227;2022-05-01;"domingo";"23:40:00";"GO";60;255;"CEZARINA";"Demais falhas mecânicas ou elétricas";"Saída de leito carroçável";"Sem Vítimas";"Plena Noite";"Decrescente";"Nublado";"Dupla";"Reta";"Não";1;0;0;0;1;0;0;1;-17,05284591;-49,78935242;"SPRF-GO";"DEL01-GO";"UOP02-DEL01-GO"
447231;2022-05-01;"domingo";"21:25:00";"SC";470;188;"POUSO REDONDO";"Ausência de reação do condutor";"Colisão traseira";"Sem Vítimas";"Plena Noite";"Decrescente";"Nublado";"Simples";"Reta";"Não";6;0;0;0;4;3;0;5;-27,265138;-50,058824;"SPRF-SC";"DEL04-SC";"UOP02-DEL04-SC"
447233;2022-05-02;"segunda-feira";"02:10:00";"RJ";101;325;"NITEROI";"Demais falhas mecânicas ou elétricas";"Colisão traseira";"Com Vítimas Feridas";"Plena Noite";"Crescente";"Céu Claro";"Dupla";"Reta";"Sim";3;0;1;0;1;1;1;3;-22,87292569;-43,13625699;"SPRF-RJ";"DEL02-RJ";"UOP01-DEL02-RJ"
447234;2022-05-02;"segunda-feira";"01:00:00";"SC";101;42,5;"JOINVILLE";"Reação tardia ou ineficiente do condutor";"Colisão traseira";"Com Vítimas Feridas";"Plena Noite";"Crescente";"Chuva";"Múltipla";"Reta";"Sim";3;0;1;0;1;2;1;4;-26,29251598;-48,88474385;"SPRF-SC";"DEL03-SC";"UOP01-DEL03-SC"
447236;2022-05-02;"segunda-feira";"01:30:00";"PR";369;150,2;"LONDRINA";"Condutor deixou de manter distância do veículo da frente";"Colisão traseira";"Com Vítimas Fatais";"Plena Noite";"Decrescente";"Céu Claro";"Dupla";"Interseção de Vias;Reta";"Sim";2;1;0;0;1;0;0;2;-23,292881;-51,163024;"SPRF-PR";"DEL07-PR";"UOP01-DEL07-PR"
447243;2022-05-01;"domingo";"19:40:00";"MG";381;375;"SAO GONCALO DO RIO ABAIXO";"Reação tardia ou ineficiente do condutor";"Saída de leito carroçável";"Sem Vítimas";"Plena Noite";"Decrescente";"Céu Claro";"Simples";"Curva";"Não";2;0;0;0;1;2;0;3;-19,83666149;-43,33681685;"SPRF-MG";"DEL01-MG";"UOP01-DEL01-MG"
447244;2022-05-02;"segunda-feira";"04:00:00";"BA";407;110;"JAGUARARI";"Condutor deixou de manter distância do veículo da frente";"Colisão traseira";"Sem Vítimas";"Plena Noite";"Decrescente";"Nublado";"Simples";"Reta";"Não";11;0;0;0;11;0;0;3;-10,30659502;-40,16790908;"SPRF-BA";"DEL04-BA";"UOP01-DEL04-BA"
447246;2022-05-02;"segunda-feira";"05:45:00";"SE";101;134,1;"ESTANCIA";"Acessar a via sem observar a presença dos outros veículos";"Colisão lateral mesmo sentido";"Com Vítimas Feridas";"Pleno dia";"Crescente";"Céu Claro";"Dupla";"Retorno Regulamentado";"Não";3;0;0;2;1;0;2;2;-11,13170991;-37,38272523;"SPRF-SE";"DEL02-SE";"UOP01-DEL02-SE"
447247;2022-05-01;"domingo";"22:00:00";"MA";135;369,4;"SAO DOMINGOS DO MARANHAO";"Objeto estático sobre o leito carroçável";"Colisão com objeto";"Com Vítimas Fatais";"Plena Noite";"Decrescente";"Céu Claro";"Simples";"Reta";"Não";33;3;4;4;22;0;8;2;-5,53057032;-44,41905728;"SPRF-MA";"DEL06-MA";"UOP01-DEL06-MA"
447254;2022-05-02;"segunda-feira";"04:48:00";"GO";153;700,9;"ITUMBIARA";"Condutor Dormindo";"Saída de leito carroçável";"Sem Vítimas";"Plena Noite";"Crescente";"Céu Claro";"Simples";"Curva";"Sim";1;0;0;0;1;0;0;1;-18,3945;-49,2051;"SPRF-GO";"DEL03-GO";"UOP02-DEL03-GO"
447259;2022-05-02;"segunda-feira";"06:30:00";"MG";381;929;"EXTREMA";"Reação tardia ou ineficiente do condutor";"Saída de leito carroçável";"Com Vítimas Feridas";"Pleno dia";"Crescente";"Céu Claro";"Dupla";"Curva";"Não";2;0;1;0;0;1;1;2;-22,79911462;-46,26123692;"SPRF-MG";"DEL16-MG";"UOP03-DEL16-MG"
447262;2022-05-02;"segunda-feira";"05:30:00";"BA";324;378;"SAO JOSE DO JACUIPE";"Condutor deixou de manter distância do veículo da frente";"Colisão lateral mesmo sentido";"Com Vítimas Fatais";"Amanhecer";"Decrescente";"Nublado";"Simples";"Reta";"Não";2;1;0;0;0;1;0;2;-11,461064;-39,801482;"SPRF-BA";"DEL04-BA";"UOP02-DEL04-BA"
447269;2022-05-02;"segunda-feira";"06:30:00";"PR";277;38,6;"MORRETES";"Demais falhas mecânicas ou elétricas";"Colisão traseira";"Com Vítimas Feridas";"Amanhecer";"Decrescente";"Nublado";"Dupla";"Reta";"Não";7;0;0;1;5;5;1;11;-25,56584471;-48,81116269;"SPRF-PR";"DEL01-PR";"UOP05-DEL01-PR"
447272;2022-05-02;"segunda-feira";"07:10:00";"MS";163;40;"ELDORADO";"Reação tardia ou ineficiente do condutor";"Tombamento";"Com Vítimas Feridas";"Pleno dia";"Crescente";"Céu Claro";"Dupla";"Rotatória";"Sim";2;0;1;0;0;1;1;2;-23,7861793;-54,27785754;"SPRF-MS";"DEL09-MS";"UOP02-DEL09-MS"
447279;2022-05-02;"segunda-feira";"08:30:00";"RJ";40;116;"DUQUE DE CAXIAS";"Manobra de mudança de faixa";"Colisão lateral mesmo sentido";"Com Vítimas Feridas";"Pleno dia";"Crescente";"Céu Claro";"Múltipla";"Reta";"Sim";4;0;1;0;2;1;1;4;-22,73662299;-43,28858785;"SPRF-RJ";"DEL01-RJ";"UOP01-DEL01-RJ"
447285;2022-05-02;"segunda-feira";"08:30:00";"RJ";116;99;"GUAPIMIRIM";"Demais falhas mecânicas ou elétricas";"Colisão com objeto";"Com Vítimas Feridas";"Pleno dia";"Crescente";"Céu Claro";"Dupla";"Curva";"Não";3;0;1;0;2;0;1;1;-22,48851488;-42,99935184;"SPRF-RJ";"DEL04-RJ";"UOP01-DEL04-RJ"
447293;2022-02-11;"sexta-feira";"17:00:00";"MT";364;347,9;"SANTO ANTONIO DO LEVERGER";"Problema com o freio";"Saída de leito carroçável";"Com Vítimas Feridas";"Pleno dia";"Crescente";"Céu Claro";"Dupla";"Curva";"Não";1;0;0;1;0;0;1;1;-15,807347;-55,54692;"SPRF-MT";"DEL05-MT";"UOP02-DEL05-MT"
447296;2022-05-02;"segunda-feira";"08:10:00";"MG";50;113;"UBERABA";"Condutor Dormindo";"Saída de leito carroçável";"Com Vítimas Feridas";"Pleno dia";"Crescente";"Céu Claro";"Dupla";"Reta";"Não";1;0;1;0;0;0;1;1;-19,24933392;-48,13570581;"SPRF-MG";"DEL13-MG";"UOP01-DEL13-MG"
447301;2022-05-02;"segunda-feira";"10:35:00";"ES";101;270;"SERRA";"Ausência de reação do condutor";"Eventos atípicos";"Com Vítimas Feridas";"Pleno dia";"Decrescente";"Sol";"Múltipla";"Reta";"Sim";2;0;0;1;0;1;1;2;-20,22662056;-40,27075088;"SPRF-ES";"DEL02-ES";"UOP01-DEL02-ES"
447317;2022-05-02;"segunda-feira";"09:55:00";"MT";163;942,9;"ITAUBA";"Ausência de reação do condutor";"Saída de leito carroçável";"Com Vítimas Feridas";"Pleno dia";"Decrescente";"Céu Claro";"Simples";"Curva";"Não";2;0;1;0;0;3;1;4;-10,95727122;-55,21700084;"SPRF-MT";"DEL06-MT";"NPF/DEL06-MT"
447318;2022-05-02;"segunda-feira";"10:30:00";"CE";222;287;"FRECHEIRINHA";"Demais falhas mecânicas ou elétricas";"Colisão lateral sentido oposto";"Com Vítimas Feridas";"Pleno dia";"Decrescente";"Céu Claro";"Simples";"Reta";"Não";3;0;1;0;2;0;1;2;-3,71022758;-40,86348647;"SPRF-CE";"DEL04-CE";"UOP02-DEL04-CE"
447319;2022-05-02;"segunda-feira";"12:14:00";"PE";232;10;"JABOATAO DOS GUARARAPES";"Reação tardia ou ineficiente do condutor";"Colisão traseira";"Com Vítimas Feridas";"Pleno dia";"Decrescente";"Nublado";"Dupla";"Reta";"Sim";2;0;1;0;1;0;1;2;-8,07917241;-34,98718609;"SPRF-PE";"DEL01-PE";"UOP01-DEL01-PE"