"id";"data_inversa";"dia_semana";"horario";"uf";"br";"km";"municipio";"causa_acidente";"tipo_acidente";"classificacao_acidente";"fase_dia";"sentido_via";"condicao_metereologica";"tipo_pista";"tracado_via";"uso_solo";"pessoas";"mortos";"feridos_leves";"feridos_graves";"ilesos";"ignorados";"feridos";"veiculos";"latitude";"longitude";"regional";"delegacia";"uop"
447322;2022-05-02;"segunda-feira";"11:20:00";"CE";116;64,9;"CHOROZINHO";"Desrespeitar a preferência no cruzamento";"Colisão transversal";"Com Vítimas Feridas";"Pleno dia";"Crescente";"Céu Claro";"Simples";"Interseção de Vias";"Sim";4;0;0;2;1;1;2;3;-4,28125187;-38,49423541;"SPRF-CE";"DEL03-CE";"UOP02-DEL03-CE"
447323;2022-05-02;"segunda-feira";"11:50:00";"RJ";40;122;"DUQUE DE CAXIAS";"Acessar a via sem observar a presença dos outros veículos";"Colisão lateral mesmo sentido";"Com Vítimas Feridas";"Pleno dia";"Decrescente";"Céu Claro";"Múltipla";"Reta";"Sim";3;0;2;0;1;0;2;2;-22,79083113;-43,28611569;"SPRF-RJ";"DEL01-RJ";"UOP01-DEL01-RJ"
447324;2022-05-02;"segunda-feira";"10:50:00";"SC";116;124;"SANTA CECILIA";"Ultrapassagem Indevida";"Colisão frontal";"Com Vítimas Feridas";"Pleno dia";"Decrescente";"Nublado";"Simples";"Curva";"Não";5;0;1;0;3;1;1;4;-26,85025694;-50,40504834;"SPRF-SC";"DEL06-SC";"UOP02-DEL06-SC"
447328;2022-05-02;"segunda-feira";"12:25:00";"DF";80;29,2;"BRASILIA";"Reação tardia ou ineficiente do condutor";"Tombamento";"Sem Vítimas";"Pleno dia";"Decrescente";"Sol";"Simples";"Declive;Curva";"Não";2;0;0;0;1;3;0;4;-15,590775;-48,195732;"SPRF-DF";"DEL03-DF";"UOP02-DEL03-DF"
447331;2022-05-02;"segunda-feira";"09:30:00";"RJ";116;218;"PARACAMBI";"Manobra de mudança de faixa";"Tombamento";"Com Vítimas Feridas";"Pleno dia";"Decrescente";"Céu Claro";"Dupla";"Curva";"Não";2;0;1;0;0;1;1;2;-22,700907;-43,757046;"SPRF-RJ";"DEL01-RJ";"UOP03-DEL01-RJ"
447334;2022-05-02;"segunda-feira";"12:30:00";"MT";70;512,7;"VARZEA GRANDE";"Reação tardia ou ineficiente do condutor";"Saída de leito carroçável";"Com Vítimas Feridas";"Pleno dia";"Crescente";"Céu Claro";"Simples";"Reta";"Não";1;0;1;0;0;0;1;1;-15,703946;-56,120225;"SPRF-MT";"DEL01-MT";"UOP02-DEL01-MT"
447335;2022-05-02;"segunda-feira";"13:10:00";"MG";381;438,9;"SABARA";"Velocidade Incompatível";"Capotamento";"Com Vítimas Feridas";"Pleno dia";"Crescente";"Céu Claro";"Simples";"Curva";"Sim";3;0;1;0;1;1;1;3;-19,80062474;-43,75193596;"SPRF-MG";"DEL01-MG";"UOP01-DEL01-MG"
447337;2022-05-02;"segunda-feira";"12:15:00";"PE";101;58;"RECIFE";"Manobra de mudança de faixa";"Colisão traseira";"Com Vítimas Feridas";"Pleno dia";"Crescente";"Nublado";"Dupla";"Reta;Ponte;Declive";"Sim";2;0;0;1;1;0;1;2;-7,97063209;-34,92064675;"SPRF-PE";"DEL01-PE";"UOP02-DEL01-PE"
447338;2022-05-02;"segunda-feira";"11:15:00";"SC";282;216,8;"LAGES";"Acessar a via sem observar a presença dos outros veículos";"Colisão lateral mesmo sentido";"Com Vítimas Feridas";"Pleno dia";"Decrescente";"Chuva";"Simples";"Aclive;Reta";"Sim";3;0;1;1;1;0;2;2;-27,797529;-50,291862;"SPRF-SC";"DEL05-SC";"UOP01-DEL05-SC"
447346;2022-04-14;"quinta-feira";"06:15:00";"RS";470;194,8;"BENTO GONCALVES";"Velocidade Incompatível";"Saída de leito carroçável";"Com Vítimas Feridas";"Amanhecer";"Decrescente";"Céu Claro";"Simples";"Curva";"Sim";2;0;0;1;0;1;1;2;-29,05163039;-51,58087492;"SPRF-RS";"DEL06-RS";"UOP02-DEL06-RS"
447348;2022-05-02;"segunda-feira";"12:45:00";"MT";364;235;"RONDONOPOLIS";"Mal súbito do condutor";"Saída de leito carroçável";"Com Vítimas Feridas";"Pleno dia";"Crescente";"Sol";"Dupla";"Declive;Reta";"Sim";2;0;1;0;0;2;1;3;-16,22248696;-54,77953416;"SPRF-MT";"DEL02-MT";"UOP01-DEL02-MT"
447355;2022-05-02;"segunda-feira";"14:55:00";"PE";104;78,8;"AGRESTINA";"Ultrapassagem Indevida";"Colisão frontal";"Com Vítimas Feridas";"Pleno dia";"Decrescente";"Nublado";"Simples";"Reta";"Sim";3;0;2;0;1;0;2;2;-8,461552;-35,94022;"SPRF-PE";"DEL02-PE";"UOP01-DEL02-PE"
447356;2022-05-02;"segunda-feira";"14:30:00";"MG";116;374;"FREI INOCENCIO";"Ausência de reação do condutor";"Colisão traseira";"Com Vítimas Feridas";"Pleno dia";"Crescente";"Céu Claro";"Simples";"Reta";"Sim";3;0;1;0;1;1;1;3;-18,57167276;-41,91082732;"SPRF-MG";"DEL11-MG";"UOP01-DEL11-MG"
447391;2022-04-08;"sexta-feira";"13:10:00";"GO";20;49,3;"FORMOSA";"Ausência de reação do condutor";"Saída de leito carroçável";"Com Vítimas Feridas";"Pleno dia";"Decrescente";"Sol";"Simples";"Reta";"Não";5;0;0;1;1;5;1;6;-15,33605;-47,125084;"SPRF-DF";"DEL02-DF";"UOP01-DEL02-DF"
447393;2022-04-24;"domingo";"13:00:00";"SP";153;316,1;"SAO PEDRO DO TURVO";"Ingestão de álcool pelo condutor";"Tombamento";"Com Vítimas Feridas";"Pleno dia";"Crescente";"Céu Claro";"Simples";"Reta";"Não";1;0;1;0;0;0;1;1;-22,72376;-49,88966797;"SPRF-SP";"DEL07-SP";"UOP03-DEL07-SP"
447396;2022-05-02;"segunda-feira";"16:00:00";"RJ";465;22;"NOVA IGUACU";"Deficiência do Sistema de Iluminação/Sinalização";"Colisão transversal";"Sem Vítimas";"Pleno dia";"Crescente";"Céu Claro";"Simples";"Reta";"Sim";3;0;0;0;3;0;0;2;-22,863579;-43,601479;"SPRF-RJ";"DEL03-RJ";"UOP01-DEL03-RJ"
447398;2022-05-02;"segunda-feira";"15:30:00";"PR";476;200;"LAPA";"Chuva";"Saída de leito carroçável";"Com Vítimas Feridas";"Pleno dia";"Crescente";"Chuva";"Simples";"Curva";"Sim";3;0;2;0;1;0;2;1;-25,77438;-49,755112;"SPRF-PR";"DEL02-PR";"UOP04-DEL02-PR"
447399;2022-05-02;"segunda-feira";"13:30:00";"SC";153;54;"VARGEM BONITA";"Ultrapassagem Indevida";"Colisão frontal";"Com Vítimas Feridas";"Pleno dia";"Decrescente";"Chuva";"Simples";"Reta";"Não";3;0;1;0;1;1;1;3;-26,936235;-51,817795;"SPRF-SC";"DEL07-SC";"UOP05-DEL07-SC"
447408;2022-05-02;"segunda-feira";"16:20:00";"RO";364;715;"PORTO VELHO";"Estacionar ou parar em local proibido";"Colisão traseira";"Com Vítimas Feridas";"Pleno dia";"Crescente";"Céu Claro";"Dupla";"Viaduto";"Sim";3;0;0;1;1;1;1;3;-8,784674;-63,897147;"SPRF-RO";"DEL01-RO";"UOP01-DEL01-RO"
447409;2022-05-02;"segunda-feira";"10:00:00";"MG";116;405;"GOVERNADOR VALADARES";"Ausência de reação do condutor";"Colisão lateral sentido oposto";"Com Vítimas Feridas";"Pleno dia";"Crescente";"Sol";"Simples";"Curva";"Não";4;0;1;0;0;3;1;4;-18,835552;-41,98926799;"SPRF-MG";"DEL06-MG";"UOP01-DEL06-MG"
447413;2022-05-02;"segunda-feira";"18:20:00";"PE";232;305,3;"SERTANIA";"Desvio temporário";"Colisão frontal";"Com Vítimas Fatais";"Plena Noite";"Crescente";"Chuva";"Simples";"Reta";"Não";3;1;0;1;1;0;1;2;-8,19109556;-37,44132256;"SPRF-PE";"DEL04-PE";"UOP02-DEL04-PE"
447426;2022-05-02;"segunda-feira";"18:36:00";"SP";116;302;"SAO LOURENCO DA SERRA";"Condutor Dormindo";"Tombamento";"Com Vítimas Feridas";"Plena Noite";"Crescente";"Nublado";"Dupla";"Curva";"Não";2;0;1;0;0;1;1;2;-23,81957108;-46,92449376;"SPRF-SP";"DEL04-SP";"UOP01-DEL04-SP"
447428;2022-05-02;"segunda-feira";"17:30:00";"MG";262;491,2;"MOEMA";"Transitar na contramão";"Colisão frontal";"Com Vítimas Feridas";"Anoitecer";"Decrescente";"Céu Claro";"Simples";"Reta";"Não";4;0;0;2;1;1;2;3;-19,7818918;-45,35148598;"SPRF-MG";"DEL08-MG";"UOP03-DEL08-MG"
447430;2022-05-02;"segunda-feira";"18:50:00";"PR";277;46;"MORRETES";"Manobra de mudança de faixa";"Colisão traseira";"Sem Vítimas";"Plena Noite";"Crescente";"Garoa/Chuvisco";"Dupla";"Curva";"Não";5;0;0;0;4;2;0;4;-25,59302836;-48,88200785;"SPRF-PR";"DEL01-PR";"UOP01-DEL01-PR"
447434;2022-05-02;"segunda-feira";"19:20:00";"CE";116;297;"JAGUARIBE";"Condutor Dormindo";"Saída de leito carroçável";"Com Vítimas Feridas";"Plena Noite";"Decrescente";"Garoa/Chuvisco";"Simples";"Reta";"Não";2;0;1;0;0;1;1;2;-5,82532724;-38,54115273;"SPRF-CE";"DEL05-CE";"UOP02-DEL05-CE"
447435;2022-05-02;"segunda-feira";"11:20:00";"AL";101;122;"SAO MIGUEL DOS CAMPOS";"Chuva";"Saída de leito carroçável";"Sem Vítimas";"Pleno dia";"Decrescente";"Chuva";"Dupla";"Reta";"Não";2;0;0;0;1;1;0;2;-9,69770906;-36,03230431;"SPRF-AL";"DEL02-AL";"UOP01-DEL02-AL"
447449;2022-05-02;"segunda-feira";"21:40:00";"SC";101;84,1;"BARRA VELHA";"Transitar na contramão";"Colisão frontal";"Com Vítimas Feridas";"Plena Noite";"Decrescente";"Chuva";"Dupla";"Reta";"Não";3;0;0;1;1;1;1;3;-26,62404682;-48,71394986;"SPRF-SC";"DEL03-SC";"UOP02-DEL03-SC"
447453;2022-05-02;"segunda-feira";"20:45:00";"PR";376;318;"ORTIGUEIRA";"Condutor Dormindo";"Saída de leito carroçável";"Com Vítimas Feridas";"Plena Noite";"Decrescente";"Céu Claro";"Simples";"Reta";"Não";2;0;1;0;0;1;1;2;-24,019396;-51,093316;"SPRF-PR";"DEL07-PR";"UOP02-DEL07-PR"
447454;2022-05-02;"segunda-feira";"21:05:00";"GO";40;63,7;"CRISTALINA";"Transitar na contramão";"Colisão transversal";"Com Vítimas Feridas";"Plena Noite";"Decrescente";"Céu Claro";"Simples";"Reta";"Não";3;0;1;0;1;1;1;3;-16,546727;-47,787549;"SPRF-DF";"DEL01-DF";"UOP02-DEL01-DF"
447457;2022-05-02;"segunda-feira";"21:45:00";"SC";101;84,8;"BARRA VELHA";"Obstrução na via";"Colisão traseira";"Com Vítimas Feridas";"Plena Noite";"Decrescente";"Chuva";"Dupla";"Reta";"Sim";3;0;1;0;1;1;1;3;-26,62404682;-48,71394986;"SPRF-SC";"DEL03-SC";"UOP02-DEL03-SC"
447462;2022-05-02;"segunda-feira";"21:15:00";"SC";101;251,9;"PAULO LOPES";"Chuva";"Colisão com objeto";"Com Vítimas Fatais";"Plena Noite";"Decrescente";"Chuva";"Dupla";"Reta";"Sim";3;1;0;0;1;1;0;3;-27,9570537;-48,67683113;"SPRF-SC";"DEL02-SC";"UOP03-DEL02-SC"
447466;2022-05-02;"segunda-feira";"22:30:00";"SC";101;142;"BALNEARIO CAMBORIU";"Reação tardia ou ineficiente do condutor";"Tombamento";"Com Vítimas Feridas";"Plena Noite";"Decrescente";"Chuva";"Dupla";"Curva";"Não";2;0;1;0;1;0;1;2;-27,056089;-48,599449;"SPRF-SC";"DEL04-SC";"UOP03-DEL04-SC"
447467;2022-05-02;"segunda-feira";"21:00:00";"RS";285;604;"SANTO ANTONIO DAS MISSOES";"Acumulo de água sobre o pavimento";"Tombamento";"Com Vítimas Feridas";"Plena Noite";"Crescente";"Chuva";"Simples";"Curva";"Não";1;0;1;0;0;0;1;1;-28,493431;-55,324024;"SPRF-RS";"DEL12-RS";"UOP01-DEL12-RS"
447470;2022-05-03;"terça-feira";"03:00:00";"MT";364;179;"PEDRA PRETA";"Condutor Dormindo";"Saída de leito carroçável";"Com Vítimas Feridas";"Plena Noite";"Crescente";"Céu Claro";"Simples";"Declive";"Não";2;0;1;0;0;3;1;4;-16,60777141;-54,47104852;"SPRF-MT";"DEL02-MT";"UOP01-DEL02-MT"
447472;2022-05-03;"terça-feira";"05:00:00";"PR";376;623;"SAO JOSE DOS PINHAIS";"Condutor Dormindo";"Colisão traseira";"Com Vítimas Feridas";"Plena Noite";"Crescente";"Chuva";"Dupla";"Reta";"Sim";4;0;1;1;1;1;2;3;-25,63462416;-49,16182135;"SPRF-PR";"DEL01-PR";"UOP04-DEL01-PR"
447475;2022-05-03;"terça-feira";"00:35:00";"SC";470;266,4;"CURITIBANOS";"Reação tardia ou ineficiente do condutor";"Saída de leito carroçável";"Com Vítimas Feridas";"Plena Noite";"Decrescente";"Chuva";"Simples";"Curva";"Não";2;0;1;0;0;1;1;2;-27,31275633;-50,74203014;"SPRF-SC";"DEL05-SC";"UOP03-DEL05-SC"
447476;2022-05-03;"terça-feira";"04:00:00";"PR";277;122;"CAMPO LARGO";"Transitar na contramão";"Colisão frontal";"Com Vítimas Feridas";"Plena Noite";"Decrescente";"Chuva";"Dupla";"Reta;Ponte";"Não";3;0;1;0;1;1;1;3;-25,44344167;-49,45985402;"SPRF-PR";"DEL03-PR";"UOP03-DEL03-PR"
447477;2022-05-03;"terça-feira";"06:00:00";"MG";251;504,6;"FRANCISCO SA";"Obstrução na via";"Colisão transversal";"Com Vítimas Feridas";"Amanhecer";"Decrescente";"Céu Claro";"Simples";"Interseção de Vias";"Não";2;0;0;1;0;1;1;2;-16,61695707;-43,67246999;"SPRF-MG";"DEL12-MG";"UOP01-DEL12-MG"
447478;2022-05-03;"terça-feira";"05:23:00";"PR";116;31,3;"CAMPINA GRANDE DO SUL";"Condutor Dormindo";"Colisão com objeto";"Sem Vítimas";"Plena Noite";"Decrescente";"Nublado";"Dupla";"Reta";"Sim";1;0;0;0;1;0;0;1;-25,10965543;-48,83873463;"SPRF-PR";"DEL01-PR";"UOP02-DEL01-PR"
447482;2022-05-03;"terça-feira";"00:15:00";"MG";354;757;"ITAMONTE";"Velocidade Incompatível";"Tombamento";"Com Vítimas Feridas";"Plena Noite";"Crescente";"Céu Claro";"Simples";"Curva";"Não";2;0;1;0;0;1;1;2;-22,31949272;-44,84721578;"SPRF-MG";"DEL17-MG";"UOP01-DEL17-MG"
447485;2022-05-03;"terça-feira";"05:30:00";"SP";116;315;"SAO LOURENCO DA SERRA";"Reação tardia ou ineficiente do condutor";"Colisão lateral mesmo sentido";"Com Vítimas Feridas";"Pleno dia";"Decrescente";"Céu Claro";"Dupla";"Reta";"Não";2;0;1;0;1;0;1;2;-23,90251888;-46,99049317;"SPRF-SP";"DEL04-SP";"UOP01-DEL04-SP"
447491;2022-05-03;"terça-feira";"04:30:00";"BA";135;66;"FORMOSA DO RIO PRETO";"Objeto estático sobre o leito carroçável";"Colisão com objeto";"Com Vítimas Feridas";"Plena Noite";"Crescente";"Céu Claro";"Simples";"Reta";"Não";5;0;2;2;1;0;4;2;-11,2908842;-45,00246822;"SPRF-BA";"DEL10-BA";"UOP01-DEL10-BA"
447498;2022-05-02;"segunda-feira";"20:00:00";"BA";116;775;"PLANALTO";"Acesso irregular";"Colisão transversal";"Sem Vítimas";"Plena Noite";"Crescente";"Céu Claro";"Simples";"Reta";"Sim";3;0;0;0;2;1;0;3;-14,67710502;-40,506722;"SPRF-BA";"DEL08-BA";"UOP02-DEL08-BA"
447499;2022-05-03;"terça-feira";"07:00:00";"MG";262;157;"SAO DOMINGOS DO PRATA";"Velocidade Incompatível";"Tombamento";"Com Vítimas Feridas";"Amanhecer";"Decrescente";"Céu Claro";"Simples";"Curva";"Não";3;0;0;2;0;1;2;2;-19,96304722;-42,81017502;"SPRF-MG";"DEL03-MG";"UOP03-DEL03-MG"
447509;2022-05-03;"terça-feira";"08:15:00";"ES";101;417;"CACHOEIRO DE ITAPEMIRIM";"Transitar na contramão";"Colisão lateral sentido oposto";"Com Vítimas Feridas";"Pleno dia";"Decrescente";"Sol";"Simples";"Reta";"Não";5;0;2;0;2;1;2;4;-20,94689796;-41,08919209;"SPRF-ES";"DEL03-ES";"UOP02-DEL03-ES"
447513;2022-02-15;"terça-feira";"19:00:00";"SP";116;294;"ITAPECERICA DA SERRA";"Manobra de mudança de faixa";"Colisão lateral mesmo sentido";"Sem Vítimas";"Anoitecer";"Decrescente";"Nublado";"Dupla";"Reta";"Não";3;0;0;0;2;1;0;3;-23,76154691;-46,90483412;"SPRF-SP";"DEL04-SP";"UOP01-DEL04-SP"
447522;2022-05-03;"terça-feira";"08:15:00";"PR";369;163;"CAMBE";"Manobra de mudança de faixa";"Colisão lateral mesmo sentido";"Sem Vítimas";"Pleno dia";"Decrescente";"Nublado";"Dupla";"Reta;Declive";"Não";2;0;0;0;2;0;0;2;-23,29655938;-51,2815243;"SPRF-PR";"DEL07-PR";"UOP01-DEL07-PR"
447524;2022-04-14;"quinta-feira";"19:15:00";"GO";158;28;"BOM JARDIM DE GOIAS";"Ausência de reação do condutor";"Colisão lateral sentido oposto";"Sem Vítimas";"Plena Noite";"Decrescente";"Céu Claro";"Simples";"Reta";"Não";4;0;0;0;4;0;0;2;-16;-52;"SPRF-GO";"DEL04-GO";"UOP01-DEL04-GO"
447529;2022-05-03;"terça-feira";"09:10:00";"SC";101;135,9;"BALNEARIO CAMBORIU";"Condutor deixou de manter distância do veículo da frente";"Colisão lateral mesmo sentido";"Com Vítimas Feridas";"Pleno dia";"Decrescente";"Chuva";"Dupla";"Reta";"Sim";4;0;0;1;2;1;1;4;-27,0050108;-48,62677494;"SPRF-SC";"DEL04-SC";"UOP03-DEL04-SC"
447530;2022-02-11;"sexta-feira";"20:25:00";"BA";407;218;"CAPIM GROSSO";"Ausência de sinalização";"Colisão traseira";"Com Vítimas Feridas";"Plena Noite";"Crescente";"Céu Claro";"Simples";"Reta";"Não";2;0;0;1;1;0;1;2;-11,25437504;-40,02434544;"SPRF-BA";"DEL04-BA";"UOP02-DEL04-BA"
447532;2022-05-03;"terça-feira";"11:00:00";"ES";101;297;"VIANA";"Ausência de reação do condutor";"Engavetamento";"Com Vítimas Feridas";"Pleno dia";"Crescente";"Céu Claro";"Dupla";"Reta";"Sim";7;0;2;0;4;1;2;5;-20,34529844;-40,41026774;"SPRF-ES";"DEL01-ES";"UOP01-DEL01-ES"
447541;2022-05-03;"terça-feira";"10:25:00";"RS";116;37,1;"VACARIA";"Desrespeitar a preferência no cruzamento";"Colisão lateral mesmo sentido";"Com Vítimas Feridas";"Pleno dia";"Decrescente";"Chuva";"Simples";"Reta";"Sim";2;0;1;0;1;0;1;2;-28,49871957;-50,9176864;"SPRF-RS";"DEL05-RS";"UOP03-DEL05-RS"
447542;2022-05-03;"terça-feira";"12:15:00";"GO";452;160;"ITUMBIARA";"Ausência de reação do condutor";"Tombamento";"Sem Vítimas";"Pleno dia";"Decrescente";"Céu Claro";"Simples";"Reta";"Não";2;0;0;0;0;4;0;4;-18,30930595;-49,50609398;"SPRF-GO";"DEL03-GO";"UOP02-DEL03-GO"
447544;2022-05-03;"terça-feira";"13:00:00";"PR";376;227,9;"CAMBIRA";"Ausência de reação do condutor";"Colisão traseira";"Com Vítimas Feridas";"Pleno dia";"Decrescente";"Chuva";"Dupla";"Reta";"Não";2;0;0;1;1;0;1;2;-23,56382701;-51,53990037;"SPRF-PR";"DEL07-PR";"UOP03-DEL07-PR"
447546;2022-05-02;"segunda-feira";"05:30:00";"SC";280;187;"MAFRA";"Reação tardia ou ineficiente do condutor";"Saída de leito carroçável";"Sem Vítimas";"Plena Noite";"Decrescente";"Ignorado";"Simples";"Ponte";"Não";2;0;0;0;1;1;0;2;-26,16790438;-49,95451995;"SPRF-SC";"DEL06-SC";"UOP01-DEL06-SC"
447547;2022-05-03;"terça-feira";"09:15:00";"MG";262;553,5;"LUZ";"Velocidade Incompatível";"Saída de leito carroçável";"Com Vítimas Feridas";"Pleno dia";"Decrescente";"Sol";"Simples";"Curva";"Não";2;0;0;1;0;2;1;3;-19,71819541;-45,89938601;"SPRF-MG";"DEL08-MG";"UOP02-DEL08-MG"
447555;2022-05-03;"terça-feira";"13:00:00";"CE";116;7;"FORTALEZA";"Acessar a via sem observar a presença dos outros veículos";"Queda de ocupante de veículo";"Com Vítimas Feridas";"Pleno dia";"Decrescente";"Céu Claro";"Dupla";"Reta";"Sim";2;0;1;0;1;0;1;2;-3,81073099;-38,50074867;"SPRF-CE";"DEL01-CE";"UOP02-DEL01-CE"
447558;2022-05-03;"terça-feira";"10:00:00";"SC";116;245,3;"LAGES";"Transitar na contramão";"Colisão frontal";"Com Vítimas Feridas";"Pleno dia";"Decrescente";"Chuva";"Simples";"Reta";"Sim";3;0;1;0;1;1;1;3;-27,79544281;-50,36187437;"SPRF-SC";"DEL05-SC";"UOP01-DEL05-SC"
447561;2022-01-10;"segunda-feira";"10:30:00";"MG";262;90;"ABRE CAMPO";"Velocidade Incompatível";"Tombamento";"Com Vítimas Feridas";"Pleno dia";"Crescente";"Nublado";"Simples";"Curva";"Não";2;0;0;1;0;2;1;3;-20,333722;-42,47208238;"SPRF-MG";"DEL03-MG";"UOP03-DEL03-MG"
447564;2022-05-03;"terça-feira";"14:30:00";"MG";381;821,4;"CAREACU";"Condutor deixou de manter distância do veículo da frente";"Colisão traseira";"Com Vítimas Feridas";"Pleno dia";"Decrescente";"Céu Claro";"Dupla";"Reta";"Não";2;0;1;0;1;0;1;2;-22,11209226;-45,74742779;"SPRF-MG";"DEL16-MG";"UOP02-DEL16-MG"
447571;2022-05-03;"terça-feira";"10:20:00";"BA";330;826;"IPIAU";"Curva acentuada";"Saída de leito carroçável";"Com Vítimas Feridas";"Pleno dia";"Crescente";"Sol";"Simples";"Curva";"Não";2;0;1;0;0;2;1;3;-14,05617432;-39,80408506;"SPRF-BA";"DEL03-BA";"UOP01-DEL03-BA"
447576;2022-05-03;"terça-feira";"13:20:00";"BA";242;828;"BARREIRAS";"Ausência de reação do condutor";"Tombamento";"Sem Vítimas";"Pleno dia";"Decrescente";"Céu Claro";"Simples";"Reta";"Não";2;0;0;0;1;2;0;3;-12,12985099;-45,09699301;"SPRF-BA";"DEL10-BA";"UOP01-DEL10-BA"
447577;2022-05-03;"terça-feira";"15:30:00";"SP";116;23,5;"LAVRINHAS";"Reação tardia ou ineficiente do condutor";"Colisão traseira";"Com Vítimas Feridas";"Pleno dia";"Decrescente";"Céu Claro";"Dupla";"Declive";"Não";3;0;1;0;1;3;1;5;-22,58978112;-44,88535587;"SPRF-SP";"DEL08-SP";"UOP02-DEL08-SP"
447580;2022-05-03;"terça-feira";"15:50:00";"BA";101;754;"ITABELA";"Condutor deixou de manter distância do veículo da frente";"Colisão traseira";"Com Vítimas Feridas";"Pleno dia";"Crescente";"Céu Claro";"Simples";"Reta";"Não";6;0;0;1;5;0;1;3;-16,79151867;-39,48020926;"SPRF-BA";"DEL09-BA";"UOP01-DEL09-BA"
447581;2022-05-03;"terça-feira";"14:55:00";"RS";470;187,9;"VERANOPOLIS";"Velocidade Incompatível";"Saída de leito carroçável";"Com Vítimas Feridas";"Pleno dia";"Crescente";"Chuva";"Simples";"Curva";"Sim";3;0;1;0;1;1;1;3;-29,0076243;-51,56267881;"SPRF-RS";"DEL06-RS";"UOP02-DEL06-RS"
447582;2022-05-03;"terça-feira";"12:15:00";"BA";116;769,1;"POCOES";"Demais falhas mecânicas ou elétricas";"Saída de leito carroçável";"Com Vítimas Feridas";"Pleno dia";"Decrescente";"Céu Claro";"Simples";"Reta";"Não";1;0;1;0;0;0;1;1;-14,54858586;-40,40105315;"SPRF-BA";"DEL08-BA";"UOP02-DEL08-BA"
447585;2022-05-03;"terça-feira";"16:00:00";"PR";116;43;"CAMPINA GRANDE DO SUL";"Pista Escorregadia";"Saída de leito carroçável";"Com Vítimas Feridas";"Pleno dia";"Crescente";"Chuva";"Múltipla";"Curva";"Não";1;0;1;0;0;0;1;1;-25,18101149;-48,88196442;"SPRF-PR";"DEL01-PR";"UOP02-DEL01-PR"
447586;2022-04-24;"domingo";"19:00:00";"SE";101;160;"ESTANCIA";"Avarias e/ou desgaste excessivo no pneu";"Tombamento";"Com Vítimas Feridas";"Plena Noite";"Decrescente";"Chuva";"Simples";"Aclive";"Não";3;0;3;0;0;0;3;1;-11,29458206;-37,47913294;"SPRF-SE";"DEL02-SE";"UOP01-DEL02-SE"
447589;2022-05-03;"terça-feira";"16:35:00";"SP";116;87;"PINDAMONHANGABA";"Reação tardia ou ineficiente do condutor";"Colisão traseira";"Com Vítimas Feridas";"Pleno dia";"Crescente";"Céu Claro";"Múltipla";"Reta";"Não";4;0;1;0;2;1;1;3;-22,93065267;-45,36166116;"SPRF-SP";"DEL08-SP";"UOP01-DEL08-SP"
447590;2022-04-22;"sexta-feira";"13:40:00";"PE";101;76;"RECIFE";"Velocidade Incompatível";"Saída de leito carroçável";"Com Vítimas Fatais";"Pleno dia";"Decrescente";"Céu Claro";"Dupla";"Viaduto";"Sim";3;1;0;0;1;1;0;3;-8,11813811;-34,94329214;"SPRF-PE";"DEL01-PE";"UOP01-DEL01-PE"
447591;2022-05-03;"terça-feira";"13:30:00";"MG";116;525,9;"CARATINGA";"Reação tardia ou ineficiente do condutor";"Colisão com objeto";"Sem Vítimas";"Pleno dia";"Crescente";"Sol";"Simples";"Curva";"Sim";2;0;0;0;1;1;0;2;-19,76833785;-42,13105238;"SPRF-MG";"DEL06-MG";"UOP02-DEL06-MG"
447593;2022-05-03;"terça-feira";"15:50:00";"RJ";116;277;"BARRA MANSA";"Reação tardia ou ineficiente do condutor";"Colisão traseira";"Sem Vítimas";"Pleno dia";"Crescente";"Céu Claro";"Dupla";"Curva";"Não";2;0;0;0;2;0;0;2;-22,55905501;-44,17284006;"SPRF-RJ";"DEL07-RJ";"UOP02-DEL07-RJ"
447598;2022-05-03;"terça-feira";"17:52:00";"BA";110;170;"RIBEIRA DO POMBAL";"Ausência de reação do condutor";"Colisão com objeto";"Sem Vítimas";"Plena Noite";"Crescente";"Céu Claro";"Simples";"Reta";"Não";1;0;0;0;1;0;0;1;-10,84261;-38,53121901;"SPRF-BA";"DEL07-BA";"UOP02-DEL07-BA"
447600;2022-05-03;"terça-feira";"16:42:00";"SC";116;115;"SANTA CECILIA";"Reação tardia ou ineficiente do condutor";"Colisão com objeto";"Com Vítimas Feridas";"Pleno dia";"Decrescente";"Chuva";"Simples";"Curva";"Não";2;0;1;0;0;1;1;2;-26,80262399;-50,33936901;"SPRF-SC";"DEL06-SC";"UOP02-DEL06-SC"
447605;2022-05-03;"terça-feira";"18:15:00";"RS";101;4;"TORRES";"Ausência de reação do condutor";"Colisão lateral sentido oposto";"Com Vítimas Feridas";"Anoitecer";"Decrescente";"Chuva";"Dupla";"Curva";"Não";2;0;1;0;0;1;1;2;-29,33222497;-49,78508308;"SPRF-RS";"DEL03-RS";"UOP02-DEL03-RS"
447613;2022-04-13;"quarta-feira";"19:16:00";"ES";101;296,3;"CARIACICA";"Manobra de mudança de faixa";"Tombamento";"Com Vítimas Feridas";"Plena Noite";"Decrescente";"Chuva";"Dupla";"Curva";"Sim";3;0;1;1;0;1;2;2;-20,34029997;-40,40405712;"SPRF-ES";"DEL01-ES";"UOP01-DEL01-ES"
447620;2022-05-03;"terça-feira";"19:00:00";"PR";476;280,5;"SAO MATEUS DO SUL";"Ingestão de álcool pelo condutor";"Colisão lateral sentido oposto";"Sem Vítimas";"Plena Noite";"Decrescente";"Garoa/Chuvisco";"Simples";"Declive;Reta";"Sim";4;0;0;0;3;1;0;4;-25,87352;-50,415565;"SPRF-PR";"DEL02-PR";"UOP04-DEL02-PR"