"id";"data_inversa";"dia_semana";"horario";"uf";"br";"km";"municipio";"causa_acidente";"tipo_acidente";"classificacao_acidente";"fase_dia";"sentido_via";"condicao_metereologica";"tipo_pista";"tracado_via";"uso_solo";"pessoas";"mortos";"feridos_leves";"feridos_graves";"ilesos";"ignorados";"feridos";"veiculos";"latitude";"longitude";"regional";"delegacia";"uop"
447624;2022-05-03;"terça-feira";"17:50:00";"ES";101;75,2;"SAO MATEUS";"Ultrapassagem Indevida";"Colisão lateral mesmo sentido";"Sem Vítimas";"Anoitecer";"Decrescente";"Céu Claro";"Simples";"Declive";"Não";6;0;0;0;5;4;0;9;-18,78487912;-39,87911084;"SPRF-ES";"DEL04-ES";"UOP02-DEL04-ES"
447635;2022-05-03;"terça-feira";"22:00:00";"ES";101;167,7;"LINHARES";"Ingestão de álcool pelo condutor";"Colisão frontal";"Com Vítimas Fatais";"Plena Noite";"Decrescente";"Céu Claro";"Simples";"Reta";"Não";5;1;0;0;1;3;0;4;-19,52734804;-40,15218496;"SPRF-ES";"DEL04-ES";"UOP01-DEL04-ES"
447636;2022-05-03;"terça-feira";"07:23:00";"RO";364;343;"JI-PARANA";"Reação tardia ou ineficiente do condutor";"Colisão traseira";"Sem Vítimas";"Pleno dia";"Decrescente";"Sol";"Dupla";"Reta";"Sim";2;0;0;0;2;0;0;2;-10,87878519;-61,94499012;"SPRF-RO";"DEL02-RO";"UOP01-DEL02-RO"
447638;2022-05-03;"terça-feira";"19:25:00";"PR";277;598,2;"CASCAVEL";"Entrada inopinada do pedestre";"Atropelamento de Pedestre";"Com Vítimas Fatais";"Plena Noite";"Crescente";"Garoa/Chuvisco";"Dupla";"Reta";"Sim";3;1;0;0;1;1;0;3;-25,00278986;-53,52381726;"SPRF-PR";"DEL04-PR";"UOP01-DEL04-PR"
447643;2022-05-03;"terça-feira";"22:40:00";"MG";381;929,9;"ITAPEVA";"Velocidade Incompatível";"Saída de leito carroçável";"Com Vítimas Feridas";"Plena Noite";"Crescente";"Céu Claro";"Dupla";"Curva";"Não";7;0;0;1;0;8;1;5;-22,79911462;-46,26123692;"SPRF-MG";"DEL16-MG";"UOP03-DEL16-MG"
447650;2022-05-04;"quarta-feira";"02:10:00";"SC";101;6,8;"GARUVA";"Condutor Dormindo";"Colisão traseira";"Com Vítimas Feridas";"Plena Noite";"Decrescente";"Chuva";"Dupla";"Reta";"Sim";2;0;0;1;1;0;1;2;-26,02692002;-48,86142017;"SPRF-SC";"DEL03-SC";"UOP01-DEL03-SC"
447651;2022-05-04;"quarta-feira";"03:15:00";"SC";101;311,9;"LAGUNA";"Pedestre andava na pista";"Atropelamento de Pedestre";"Com Vítimas Feridas";"Plena Noite";"Decrescente";"Chuva";"Dupla";"Curva";"Sim";2;0;0;1;1;0;1;2;-28,44082143;-48,81534945;"SPRF-SC";"DEL02-SC";"UOP01-DEL02-SC"
447652;2022-05-04;"quarta-feira";"02:40:00";"SC";101;29,1;"JOINVILLE";"Condutor Dormindo";"Colisão traseira";"Com Vítimas Feridas";"Plena Noite";"Crescente";"Chuva";"Dupla";"Reta";"Não";4;0;1;0;2;1;1;4;-26,211903;-48,91589904;"SPRF-SC";"DEL03-SC";"UOP01-DEL03-SC"
447653;2022-05-04;"quarta-feira";"05:45:00";"SP";116;140,8;"SAO JOSE DOS CAMPOS";"Pedestre andava na pista";"Atropelamento de Pedestre";"Com Vítimas Fatais";"Plena Noite";"Crescente";"Nublado";"Dupla";"Reta";"Não";2;1;0;0;1;0;0;2;-23,16577714;-45,81246193;"SPRF-SP";"DEL02-SP";"UOP01-DEL02-SP"
447654;2022-05-03;"terça-feira";"09:30:00";"PI";316;65;"MONSENHOR GIL";"Manobra de mudança de faixa";"Saída de leito carroçável";"Com Vítimas Feridas";"Pleno dia";"Crescente";"Nublado";"Simples";"Curva";"Não";3;0;1;0;1;1;1;3;-5,61717113;-42,60352135;"SPRF-PI";"DEL01-PI";"UOP02-DEL01-PI"
447655;2022-05-04;"quarta-feira";"05:45:00";"PB";230;27,8;"JOAO PESSOA";"Manobra de mudança de faixa";"Colisão traseira";"Sem Vítimas";"Pleno dia";"Crescente";"Garoa/Chuvisco";"Dupla";"Viaduto";"Sim";4;0;0;0;3;1;0;3;-7,1677;-34,8855;"SPRF-PB";"DEL01-PB";"UOP01-DEL01-PB"
447658;2022-05-04;"quarta-feira";"06:00:00";"SP";116;205;"ARUJA";"Manobra de mudança de faixa";"Colisão lateral mesmo sentido";"Com Vítimas Feridas";"Amanhecer";"Crescente";"Nublado";"Dupla";"Reta";"Sim";2;0;1;0;1;0;1;2;-23,41475243;-46,36600788;"SPRF-SP";"DEL01-SP";"UOP01-DEL01-SP"
447663;2022-05-04;"quarta-feira";"05:50:00";"GO";50;263;"CATALAO";"Condutor Dormindo";"Colisão traseira";"Com Vítimas Feridas";"Amanhecer";"Decrescente";"Céu Claro";"Dupla";"Curva;Aclive";"Não";3;0;2;0;0;1;2;3;-18,0521;-47,863;"SPRF-GO";"DEL06-GO";"UOP01-DEL06-GO"
447664;2022-05-03;"terça-feira";"12:00:00";"MG";116;51;"MEDINA";"Problema com o freio";"Saída de leito carroçável";"Com Vítimas Fatais";"Pleno dia";"Decrescente";"Céu Claro";"Simples";"Reta";"Não";3;1;0;0;0;2;0;3;-16,0666156;-41,4496627;"SPRF-MG";"DEL11-MG";"UOP02-DEL11-MG"
447676;2022-05-04;"quarta-feira";"07:50:00";"PE";428;187,8;"PETROLINA";"Condutor deixou de manter distância do veículo da frente";"Colisão traseira";"Com Vítimas Feridas";"Pleno dia";"Crescente";"Céu Claro";"Simples";"Reta";"Sim";2;0;1;0;1;0;1;2;-9,36400596;-40,48266808;"SPRF-PE";"DEL06-PE";"UOP01-DEL06-PE"
447680;2022-04-14;"quinta-feira";"16:10:00";"MG";381;484;"BETIM";"Trafegar com motocicleta (ou similar) entre as faixas";"Colisão lateral mesmo sentido";"Com Vítimas Fatais";"Pleno dia";"Crescente";"Céu Claro";"Dupla";"Reta";"Sim";4;1;0;1;1;1;1;3;-19,95531717;-44,11722196;"SPRF-MG";"DEL01-MG";"UOP03-DEL01-MG"
447683;2022-05-04;"quarta-feira";"08:38:00";"RN";405;0,9;"MOSSORO";"Conversão proibida";"Colisão lateral mesmo sentido";"Com Vítimas Feridas";"Pleno dia";"Decrescente";"Céu Claro";"Simples";"Reta";"Sim";2;0;1;0;1;0;1;2;-5,1914673;-37,351887;"SPRF-RN";"DEL04-RN";"UOP02-DEL04-RN"
447684;2022-02-14;"segunda-feira";"05:15:00";"PR";277;583,3;"CASCAVEL";"Ingestão de álcool pelo condutor";"Colisão traseira";"Com Vítimas Feridas";"Plena Noite";"Decrescente";"Céu Claro";"Dupla";"Reta";"Não";7;0;1;0;5;1;1;4;-24,97165493;-53,39428595;"SPRF-PR";"DEL04-PR";"UOP01-DEL04-PR"
447685;2022-05-04;"quarta-feira";"10:03:00";"GO";40;12;"LUZIANIA";"Acessar a via sem observar a presença dos outros veículos";"Colisão transversal";"Com Vítimas Feridas";"Pleno dia";"Decrescente";"Céu Claro";"Dupla";"Reta";"Sim";3;0;1;0;1;2;1;4;-16,145123;-47,945382;"SPRF-DF";"DEL01-DF";"UOP01-DEL01-DF"
447686;2022-05-04;"quarta-feira";"08:50:00";"RJ";493;64;"NOVA IGUACU";"Ausência de reação do condutor";"Colisão traseira";"Com Vítimas Feridas";"Pleno dia";"Crescente";"Céu Claro";"Dupla";"Reta";"Não";3;0;1;0;2;0;1;2;-22,66692746;-43,32733154;"SPRF-RJ";"DEL01-RJ";"UOP03-DEL01-RJ"
447689;2022-05-04;"quarta-feira";"10:30:00";"MG";459;18,7;"CALDAS";"Demais falhas mecânicas ou elétricas";"Colisão frontal";"Com Vítimas Fatais";"Pleno dia";"Decrescente";"Chuva";"Simples";"Reta";"Não";5;1;0;1;0;3;1;3;-21,86977114;-46,41329549;"SPRF-MG";"DEL09-MG";"UOP01-DEL09-MG"
447692;2022-05-04;"quarta-feira";"09:50:00";"SP";153;63,3;"SAO JOSE DO RIO PRETO";"Obras na pista";"Colisão traseira";"Com Vítimas Feridas";"Pleno dia";"Crescente";"Chuva";"Dupla";"Reta;Em Obras;Desvio Temporário";"Sim";5;0;0;1;2;2;1;5;-20,82149698;-49,35764818;"SPRF-SP";"DEL09-SP";"UOP01-DEL09-SP"
447697;2022-05-04;"quarta-feira";"10:30:00";"PR";476;137;"CURITIBA";"Condutor deixou de manter distância do veículo da frente";"Colisão traseira";"Com Vítimas Feridas";"Pleno dia";"Crescente";"Céu Claro";"Dupla";"Reta";"Sim";3;0;1;0;2;0;1;2;-25,498302;-49,277546;"SPRF-PR";"DEL01-PR";"UOP03-DEL01-PR"
447702;2022-05-04;"quarta-feira";"12:00:00";"RJ";116;94;"GUAPIMIRIM";"Manobra de mudança de faixa";"Colisão lateral mesmo sentido";"Com Vítimas Feridas";"Pleno dia";"Decrescente";"Céu Claro";"Simples";"Reta";"Não";3;0;0;1;2;0;1;3;-22,46643519;-43,00088701;"SPRF-RJ";"DEL04-RJ";"UOP01-DEL04-RJ"
447705;2022-04-21;"quinta-feira";"02:45:00";"BA";101;173;"FEIRA DE SANTANA";"Transitar na contramão";"Colisão lateral sentido oposto";"Com Vítimas Fatais";"Plena Noite";"Crescente";"Chuva";"Simples";"Reta";"Sim";7;1;2;1;2;1;3;3;-12,38;-38,881;"SPRF-BA";"DEL01-BA";"UOP03-DEL01-BA"
447710;2022-05-04;"quarta-feira";"13:00:00";"SP";381;60,8;"MAIRIPORA";"Acumulo de água sobre o pavimento";"Tombamento";"Com Vítimas Feridas";"Pleno dia";"Crescente";"Chuva";"Dupla";"Curva";"Não";2;0;1;0;0;1;1;2;-23,28957673;-46,58729853;"SPRF-SP";"DEL03-SP";"UOP01-DEL03-SP"
447717;2022-04-21;"quinta-feira";"22:40:00";"SC";282;411,8;"CATANDUVAS";"Chuva";"Saída de leito carroçável";"Com Vítimas Feridas";"Plena Noite";"Crescente";"Chuva";"Simples";"Aclive";"Não";2;0;1;0;0;1;1;2;-27,059853;-51,678147;"SPRF-SC";"DEL07-SC";"UOP05-DEL07-SC"
447720;2022-05-04;"quarta-feira";"14:50:00";"MG";262;456;"NOVA SERRANA";"Ausência de reação do condutor";"Engavetamento";"Com Vítimas Feridas";"Pleno dia";"Crescente";"Céu Claro";"Simples";"Reta";"Não";8;0;4;1;2;1;5;4;-19,84401343;-45,04068778;"SPRF-MG";"DEL08-MG";"UOP03-DEL08-MG"
447724;2022-05-04;"quarta-feira";"15:22:00";"ES";262;184;"IUNA";"Entrada inopinada do pedestre";"Atropelamento de Pedestre";"Sem Vítimas";"Pleno dia";"Decrescente";"Céu Claro";"Simples";"Reta";"Não";2;0;0;0;1;1;0;2;-20,29551627;-41,70587605;"SPRF-ES";"DEL01-ES";"UOP02-DEL01-ES"
447729;2022-05-04;"quarta-feira";"14:10:00";"RJ";116;241;"PIRAI";"Ausência de reação do condutor";"Saída de leito carroçável";"Sem Vítimas";"Pleno dia";"Decrescente";"Nublado";"Dupla";"Curva";"Sim";2;0;0;0;1;1;0;2;-22,62351835;-43,92299652;"SPRF-RJ";"DEL07-RJ";"UOP01-DEL07-RJ"
447742;2022-05-04;"quarta-feira";"17:00:00";"SP";381;76;"SAO PAULO";"Condutor deixou de manter distância do veículo da frente";"Colisão traseira";"Com Vítimas Feridas";"Pleno dia";"Decrescente";"Chuva";"Dupla";"Reta";"Não";3;0;2;0;1;0;2;2;-23,38372401;-46,56502116;"SPRF-SP";"DEL03-SP";"UOP01-DEL03-SP"
447750;2022-05-04;"quarta-feira";"17:44:00";"ES";101;146;"LINHARES";"Condutor deixou de manter distância do veículo da frente";"Engavetamento";"Com Vítimas Feridas";"Anoitecer";"Crescente";"Céu Claro";"Múltipla";"Reta";"Sim";4;0;0;1;3;0;1;4;-19,36990998;-40,06560718;"SPRF-ES";"DEL04-ES";"UOP01-DEL04-ES"
447751;2022-05-04;"quarta-feira";"17:15:00";"SC";101;20,5;"JOINVILLE";"Condutor deixou de manter distância do veículo da frente";"Colisão traseira";"Com Vítimas Feridas";"Amanhecer";"Decrescente";"Chuva";"Dupla";"Reta";"Não";2;0;1;0;0;1;1;2;-26,140675;-48,902995;"SPRF-SC";"DEL03-SC";"UOP01-DEL03-SC"
447759;2022-05-04;"quarta-feira";"15:00:00";"PR";116;98;"SAO JOSE DOS PINHAIS";"Falta de elemento de contenção que evite a saída do leito carroçável";"Colisão traseira";"Com Vítimas Feridas";"Pleno dia";"Crescente";"Céu Claro";"Dupla";"Reta";"Sim";5;0;0;1;2;4;1;7;-25,51973222;-49,13431573;"SPRF-PR";"DEL01-PR";"UOP01-DEL01-PR"
447761;2022-05-04;"quarta-feira";"19:00:00";"PA";316;149;"CAPANEMA";"Acessar a via sem observar a presença dos outros veículos";"Colisão transversal";"Com Vítimas Feridas";"Plena Noite";"Crescente";"Nublado";"Simples";"Reta";"Sim";6;0;0;1;3;3;1;5;-1,22001077;-47,19790415;"SPRF-PA";"DEL01-PA";"UOP03-DEL01-PA"
447770;2022-05-04;"quarta-feira";"19:42:00";"DF";20;30;"BRASILIA";"Ausência de reação do condutor";"Colisão traseira";"Com Vítimas Feridas";"Plena Noite";"Crescente";"Céu Claro";"Dupla";"Reta";"Não";2;0;1;0;1;0;1;2;-15,595327;-47,603848;"SPRF-DF";"DEL02-DF";"UOP01-DEL02-DF"
447771;2022-05-04;"quarta-feira";"19:00:00";"RJ";116;295,7;"PORTO REAL";"Chuva";"Colisão traseira";"Com Vítimas Fatais";"Plena Noite";"Crescente";"Chuva";"Dupla";"Reta";"Não";2;1;0;0;1;0;0;2;-22,44937197;-44,32171194;"SPRF-RJ";"DEL07-RJ";"UOP02-DEL07-RJ"
447774;2022-05-04;"quarta-feira";"20:00:00";"CE";116;461,6;"BARRO";"Transitar na contramão";"Colisão frontal";"Com Vítimas Feridas";"Plena Noite";"Decrescente";"Nublado";"Simples";"Reta";"Não";3;0;1;0;1;1;1;3;-7,20005494;-38,80474898;"SPRF-CE";"DEL05-CE";"UOP03-DEL05-CE"
447780;2022-05-04;"quarta-feira";"19:00:00";"PR";376;492,8;"PONTA GROSSA";"Reação tardia ou ineficiente do condutor";"Colisão traseira";"Sem Vítimas";"Plena Noite";"Crescente";"Céu Claro";"Dupla";"Curva";"Sim";3;0;0;0;2;3;0;5;-25,15559918;-50,13322909;"SPRF-PR";"DEL03-PR";"UOP01-DEL03-PR"
447788;2022-04-23;"sábado";"23:00:00";"RN";304;208;"LAJES";"Condutor Dormindo";"Saída de leito carroçável";"Sem Vítimas";"Plena Noite";"Decrescente";"Céu Claro";"Simples";"Reta";"Não";1;0;0;0;0;1;0;1;-5,74007932;-36,09479405;"SPRF-RN";"DEL01-RN";"UOP03-DEL01-RN"
447792;2022-05-04;"quarta-feira";"18:40:00";"SC";282;421,5;"VARGEM BONITA";"Velocidade Incompatível";"Tombamento";"Com Vítimas Feridas";"Plena Noite";"Decrescente";"Ignorado";"Simples";"Curva";"Sim";2;0;1;0;0;1;1;2;-27,006414;-51,737789;"SPRF-SC";"DEL07-SC";"UOP05-DEL07-SC"
447795;2022-05-04;"quarta-feira";"22:45:00";"PR";376;198,7;"MARIALVA";"Condutor deixou de manter distância do veículo da frente";"Colisão traseira";"Com Vítimas Feridas";"Plena Noite";"Decrescente";"Céu Claro";"Dupla";"Reta";"Não";3;0;1;0;1;1;1;3;-23,50488843;-51,74261909;"SPRF-PR";"DEL09-PR";"UOP01-DEL09-PR"
447797;2022-05-04;"quarta-feira";"20:00:00";"RS";285;156;"MUITOS CAPOES";"Acessar a via sem observar a presença dos outros veículos";"Colisão lateral mesmo sentido";"Sem Vítimas";"Plena Noite";"Crescente";"Chuva";"Simples";"Retorno Regulamentado";"Não";3;0;0;0;1;2;0;3;-28,325294;-51,187935;"SPRF-RS";"DEL05-RS";"UOP03-DEL05-RS"
447799;2022-05-04;"quarta-feira";"22:50:00";"SC";280;41;"ARAQUARI";"Reação tardia ou ineficiente do condutor";"Colisão traseira";"Com Vítimas Feridas";"Plena Noite";"Decrescente";"Nublado";"Simples";"Reta";"Não";2;0;1;0;1;0;1;2;-26,45000366;-48,85790902;"SPRF-SC";"DEL03-SC";"UOP03-DEL03-SC"
447806;2022-05-04;"quarta-feira";"15:40:00";"MT";163;872,1;"SINOP";"Reação tardia ou ineficiente do condutor";"Engavetamento";"Com Vítimas Fatais";"Pleno dia";"Crescente";"Sol";"Simples";"Reta";"Não";6;1;0;1;3;3;1;6;-11,548;-55,398;"SPRF-MT";"DEL06-MT";"NPF/DEL06-MT"
447811;2022-05-04;"quarta-feira";"21:40:00";"RJ";40;122,4;"DUQUE DE CAXIAS";"Transitar na contramão";"Colisão traseira";"Com Vítimas Feridas";"Plena Noite";"Crescente";"Nublado";"Múltipla";"Curva";"Sim";3;0;1;0;1;1;1;3;-22,79083113;-43,28611569;"SPRF-RJ";"DEL01-RJ";"UOP01-DEL01-RJ"
447812;2022-05-04;"quarta-feira";"23:47:00";"RR";174;483;"BOA VISTA";"Acessar a via sem observar a presença dos outros veículos";"Colisão transversal";"Com Vítimas Fatais";"Plena Noite";"Decrescente";"Céu Claro";"Simples";"Reta";"Não";4;1;0;0;0;3;0;3;2,71475248;-60,83228588;"SPRF-RR";"DEL01-RR";"UOP01-DEL01-RR"
447815;2022-05-04;"quarta-feira";"23:30:00";"SP";116;505;"CAJATI";"Velocidade Incompatível";"Tombamento";"Com Vítimas Feridas";"Plena Noite";"Crescente";"Céu Claro";"Múltipla";"Curva";"Não";1;0;1;0;0;0;1;1;-24,79028098;-48,21075278;"SPRF-SP";"DEL05-SP";"UOP02-DEL05-SP"
447816;2022-05-05;"quinta-feira";"01:15:00";"MG";365;399;"PATOS DE MINAS";"Condutor Dormindo";"Colisão frontal";"Com Vítimas Fatais";"Plena Noite";"Decrescente";"Nublado";"Simples";"Reta";"Não";4;1;2;0;0;1;2;3;-18,63130925;-46,41738594;"SPRF-MG";"DEL10-MG";"UOP01-DEL10-MG"
447817;2022-05-05;"quinta-feira";"01:20:00";"MG";354;717,2;"POUSO ALTO";"Falta de acostamento";"Saída de leito carroçável";"Com Vítimas Feridas";"Plena Noite";"Crescente";"Céu Claro";"Simples";"Curva";"Não";2;0;1;0;0;1;1;2;-22,08202996;-44,9429857;"SPRF-MG";"DEL17-MG";"UOP01-DEL17-MG"
447821;2022-05-05;"quinta-feira";"04:30:00";"AL";101;84,5;"RIO LARGO";"Reação tardia ou ineficiente do condutor";"Saída de leito carroçável";"Sem Vítimas";"Amanhecer";"Crescente";"Garoa/Chuvisco";"Dupla";"Curva";"Não";2;0;0;0;1;1;0;2;-9,45604211;-35,87694588;"SPRF-AL";"DEL01-AL";"UOP01-DEL01-AL"
447823;2022-05-05;"quinta-feira";"04:30:00";"RJ";116;237;"PIRAI";"Ingestão de álcool pelo condutor";"Colisão lateral mesmo sentido";"Com Vítimas Feridas";"Amanhecer";"Decrescente";"Nublado";"Múltipla";"Reta";"Não";3;0;1;0;1;1;1;3;-22,63492645;-43,90239716;"SPRF-RJ";"DEL07-RJ";"UOP01-DEL07-RJ"
447825;2022-05-05;"quinta-feira";"03:50:00";"MG";50;83,2;"UBERLANDIA";"Condutor Dormindo";"Colisão traseira";"Com Vítimas Feridas";"Plena Noite";"Decrescente";"Céu Claro";"Dupla";"Aclive";"Não";2;0;1;0;1;0;1;2;-18,986906;-48,211853;"SPRF-MG";"DEL15-MG";"UOP01-DEL15-MG"
447828;2022-05-05;"quinta-feira";"05:30:00";"GO";153;683;"ITUMBIARA";"Demais falhas mecânicas ou elétricas";"Incêndio";"Com Vítimas Feridas";"Amanhecer";"Crescente";"Nublado";"Dupla";"Reta";"Não";2;0;1;0;0;3;1;4;-18,2484;-49,2526;"SPRF-GO";"DEL03-GO";"UOP02-DEL03-GO"
447837;2022-05-05;"quinta-feira";"05:50:00";"GO";80;22,8;"PADRE BERNARDO";"Ausência de reação do condutor";"Saída de leito carroçável";"Sem Vítimas";"Amanhecer";"Decrescente";"Céu Claro";"Simples";"Curva;Declive";"Não";1;0;0;0;1;0;0;1;-15,361717;-48,223977;"SPRF-DF";"DEL03-DF";"UOP02-DEL03-DF"
447846;2022-05-04;"quarta-feira";"23:15:00";"GO";364;222;"JATAI";"Condutor Dormindo";"Saída de leito carroçável";"Com Vítimas Feridas";"Plena Noite";"Crescente";"Céu Claro";"Simples";"Reta";"Não";2;0;1;0;0;2;1;3;-17,840422;-51,936325;"SPRF-GO";"DEL05-GO";"UOP01-DEL05-GO"
447848;2022-05-05;"quinta-feira";"07:15:00";"SP";116;510;"CAJATI";"Curva acentuada";"Tombamento";"Com Vítimas Feridas";"Pleno dia";"Decrescente";"Nublado";"Simples";"Curva";"Não";2;0;1;0;0;1;1;2;-24,831861;-48,214236;"SPRF-SP";"DEL05-SP";"UOP02-DEL05-SP"
447851;2022-05-05;"quinta-feira";"07:20:00";"TO";153;693;"CARIRI DO TOCANTINS";"Demais falhas mecânicas ou elétricas";"Colisão com objeto";"Com Vítimas Feridas";"Pleno dia";"Decrescente";"Céu Claro";"Simples";"Reta;Aclive";"Não";3;0;1;0;1;5;1;7;-11,89559706;-49,16831388;"SPRF-TO";"DEL01-TO";"UOP02-DEL01-TO"
447852;2022-05-05;"quinta-feira";"05:45:00";"GO";153;412,5;"PIRENOPOLIS";"Velocidade Incompatível";"Saída de leito carroçável";"Com Vítimas Feridas";"Amanhecer";"Decrescente";"Céu Claro";"Simples";"Reta";"Não";1;0;1;0;0;0;1;1;-16,119982;-49,036469;"SPRF-GO";"DEL02-GO";"UOP02-DEL02-GO"
447854;2022-05-05;"quinta-feira";"06:30:00";"RJ";356;64;"ITAPERUNA";"Reação tardia ou ineficiente do condutor";"Saída de leito carroçável";"Com Vítimas Feridas";"Pleno dia";"Decrescente";"Chuva";"Simples";"Declive;Curva";"Não";2;0;1;0;0;1;1;2;-21,34386015;-41,71446179;"SPRF-RJ";"DEL08-RJ";"UOP03-DEL08-RJ"
447865;2022-05-05;"quinta-feira";"08:50:00";"RJ";101;8;"CAMPOS DOS GOYTACAZES";"Ausência de reação do condutor";"Colisão lateral sentido oposto";"Com Vítimas Feridas";"Pleno dia";"Decrescente";"Chuva";"Simples";"Curva";"Não";2;0;1;0;1;0;1;2;-21,4475862;-41,343072;"SPRF-RJ";"DEL08-RJ";"UOP01-DEL08-RJ"
447871;2022-05-05;"quinta-feira";"04:30:00";"MG";381;316;"NOVA ERA";"Velocidade Incompatível";"Saída de leito carroçável";"Com Vítimas Feridas";"Amanhecer";"Decrescente";"Céu Claro";"Simples";"Curva";"Não";2;0;1;0;0;2;1;3;-19,69896406;-42,99486928;"SPRF-MG";"DEL03-MG";"UOP02-DEL03-MG"
447875;2022-05-05;"quinta-feira";"09:30:00";"PR";116;6;"CAMPINA GRANDE DO SUL";"Acumulo de água sobre o pavimento";"Colisão com objeto";"Sem Vítimas";"Pleno dia";"Crescente";"Garoa/Chuvisco";"Dupla";"Curva";"Não";2;0;0;0;1;1;0;2;-25,08710459;-48,60776389;"SPRF-PR";"DEL01-PR";"UOP02-DEL01-PR"
447876;2022-04-23;"sábado";"05:10:00";"GO";153;369,4;"SAO FRANCISCO DE GOIAS";"Ingestão de álcool pelo condutor";"Colisão frontal";"Com Vítimas Fatais";"Amanhecer";"Decrescente";"Céu Claro";"Simples";"Declive;Reta";"Não";4;1;0;2;1;0;2;2;-15,83205851;-49,27823067;"SPRF-GO";"DEL02-GO";"UOP02-DEL02-GO"
447877;2022-05-05;"quinta-feira";"09:30:00";"RJ";116;220;"PIRAI";"Velocidade Incompatível";"Colisão lateral mesmo sentido";"Com Vítimas Feridas";"Pleno dia";"Crescente";"Céu Claro";"Dupla";"Curva;Aclive";"Não";3;0;1;0;1;2;1;4;-22,6686711;-43,817177;"SPRF-RJ";"DEL07-RJ";"UOP01-DEL07-RJ"
447885;2022-05-05;"quinta-feira";"13:00:00";"MG";381;525;"BRUMADINHO";"Velocidade Incompatível";"Tombamento";"Com Vítimas Feridas";"Pleno dia";"Crescente";"Nublado";"Dupla";"Curva;Declive";"Não";3;0;0;3;0;0;3;1;-20,16710798;-44,33422398;"SPRF-MG";"DEL04-MG";"UOP03-DEL04-MG"
447893;2022-05-05;"quinta-feira";"10:45:00";"SC";116;44;"PAPANDUVA";"Velocidade Incompatível";"Tombamento";"Sem Vítimas";"Pleno dia";"Decrescente";"Céu Claro";"Simples";"Curva";"Não";1;0;0;0;1;0;0;1;-26,33854104;-50,09182698;"SPRF-SC";"DEL06-SC";"UOP01-DEL06-SC"
447898;2022-05-05;"quinta-feira";"14:05:00";"BA";116;15,2;"VITORIA DA CONQUISTA";"Velocidade Incompatível";"Engavetamento";"Com Vítimas Feridas";"Pleno dia";"Decrescente";"Céu Claro";"Simples";"Reta";"Sim";8;0;2;0;5;1;2;5;-14,8989211;-40,85635185;"SPRF-BA";"DEL08-BA";"UOP01-DEL08-BA"
447899;2022-05-05;"quinta-feira";"13:30:00";"PR";376;190;"MARIALVA";"Velocidade Incompatível";"Saída de leito carroçável";"Com Vítimas Fatais";"Pleno dia";"Crescente";"Nublado";"Dupla";"Curva";"Não";3;2;0;0;1;0;0;2;-23,47560277;-51,81167587;"SPRF-PR";"DEL09-PR";"UOP01-DEL09-PR"
447902;2022-05-05;"quinta-feira";"09:10:00";"BA";242;490;"OLIVEIRA DOS BREJINHOS";"Transitar na contramão";"Colisão frontal";"Sem Vítimas";"Pleno dia";"Decrescente";"Nublado";"Simples";"Reta";"Não";3;0;0;0;2;1;0;3;-12,40813704;-42,37388109;"SPRF-BA";"DEL06-BA";"UOP01-DEL06-BA"
447907;2022-02-27;"domingo";"04:00:00";"PA";163;1005;"NOVO PROGRESSO";"Demais falhas mecânicas ou elétricas";"Incêndio";"Sem Vítimas";"Amanhecer";"Crescente";"Ignorado";"Simples";"Reta";"Não";3;0;0;0;1;3;0;4;-6,97004942;-55,43701172;"SPRF-PA";"DEL05-PA";"UOP01-DEL05-PA"
447908;2022-01-17;"segunda-feira";"15:20:00";"RS";448;11;"CANOAS";"Reação tardia ou ineficiente do condutor";"Colisão traseira";"Com Vítimas Fatais";"Pleno dia";"Decrescente";"Sol";"Dupla";"Reta";"Não";4;2;0;0;2;0;0;3;-29,909166;-51,241253;"SPRF-RS";"DEL01-RS";"UOP01-DEL01-RS"
447909;2022-05-05;"quinta-feira";"16:05:00";"BA";101;362;"GANDU";"Condutor deixou de manter distância do veículo da frente";"Colisão traseira";"Com Vítimas Feridas";"Pleno dia";"Crescente";"Céu Claro";"Simples";"Aclive;Reta";"Sim";4;0;2;0;2;0;2;3;-13,72;-39,478;"SPRF-BA";"DEL05-BA";"UOP03-DEL05-BA"
447910;2022-05-05;"quinta-feira";"15:15:00";"RS";290;6;"OSORIO";"Reação tardia ou ineficiente do condutor";"Colisão com objeto";"Com Vítimas Feridas";"Pleno dia";"Decrescente";"Nublado";"Dupla";"Reta";"Não";2;0;1;0;0;2;1;3;-29,896193;-50,334114;"SPRF-RS";"DEL03-RS";"UOP01-DEL03-RS"
447913;2022-05-05;"quinta-feira";"17:10:00";"SC";101;206;"SAO JOSE";"Condutor deixou de manter distância do veículo da frente";"Colisão lateral mesmo sentido";"Com Vítimas Feridas";"Pleno dia";"Crescente";"Céu Claro";"Dupla";"Reta";"Sim";2;0;1;0;1;0;1;2;-27,59193546;-48,61824557;"SPRF-SC";"DEL01-SC";"UOP01-DEL01-SC"
447918;2022-05-05;"quinta-feira";"17:00:00";"RS";386;432;"NOVA SANTA RITA";"Acessar a via sem observar a presença dos outros veículos";"Colisão transversal";"Com Vítimas Feridas";"Pleno dia";"Crescente";"Sol";"Dupla";"Reta";"Não";2;0;0;1;1;0;1;2;-29,83841546;-51,30377281;"SPRF-RS";"DEL04-RS";"UOP02-DEL04-RS"