"id";"data_inversa";"dia_semana";"horario";"uf";"br";"km";"municipio";"causa_acidente";"tipo_acidente";"classificacao_acidente";"fase_dia";"sentido_via";"condicao_metereologica";"tipo_pista";"tracado_via";"uso_solo";"pessoas";"mortos";"feridos_leves";"feridos_graves";"ilesos";"ignorados";"feridos";"veiculos";"latitude";"longitude";"regional";"delegacia";"uop"
447919;2022-04-27;"quarta-feira";"19:50:00";"SC";101;332,2;"TUBARAO";"Pedestre andava na pista";"Atropelamento de Pedestre";"Com Vítimas Fatais";"Plena Noite";"Crescente";"Céu Claro";"Múltipla";"Reta;Rotatória;Desvio Temporário;Interseção de Vias";"Não";4;1;0;0;2;1;0;3;-28,46756;-49,000621;"SPRF-SC";"DEL02-SC";"UOP01-DEL02-SC"
447926;2022-05-05;"quinta-feira";"09:30:00";"GO";452;36;"SANTA HELENA DE GOIAS";"Reação tardia ou ineficiente do condutor";"Saída de leito carroçável";"Com Vítimas Feridas";"Pleno dia";"Crescente";"Céu Claro";"Simples";"Aclive";"Não";2;0;1;0;0;1;1;2;-17,92761132;-50,55878055;"SPRF-GO";"DEL04-GO";"UOP01-DEL04-GO"
447940;2022-05-05;"quinta-feira";"07:52:00";"PR";116;99,3;"SAO JOSE DOS PINHAIS";"Ausência de reação do condutor";"Engavetamento";"Com Vítimas Feridas";"Pleno dia";"Decrescente";"Céu Claro";"Múltipla";"Reta";"Sim";6;0;0;1;4;3;1;6;-25,52682231;-49,14038767;"SPRF-PR";"DEL01-PR";"UOP01-DEL01-PR"
447941;2022-05-05;"quinta-feira";"17:30:00";"SC";280;242,4;"CANOINHAS";"Acessar a via sem observar a presença dos outros veículos";"Colisão transversal";"Com Vítimas Feridas";"Anoitecer";"Decrescente";"Céu Claro";"Simples";"Interseção de Vias";"Não";3;0;0;1;1;1;1;3;-26,23241075;-50,46635011;"SPRF-SC";"DEL06-SC";"UOP04-DEL06-SC"
447948;2022-05-05;"quinta-feira";"19:10:00";"BA";116;752,2;"POCOES";"Acessar a via sem observar a presença dos outros veículos";"Atropelamento de Pedestre";"Com Vítimas Fatais";"Plena Noite";"Decrescente";"Céu Claro";"Simples";"Reta";"Não";2;1;0;0;1;0;0;2;-14,44441985;-40,35241363;"SPRF-BA";"DEL08-BA";"UOP02-DEL08-BA"
447952;2022-05-05;"quinta-feira";"16:40:00";"CE";116;405;"UMARI";"Demais falhas na via";"Tombamento";"Com Vítimas Feridas";"Anoitecer";"Decrescente";"Céu Claro";"Simples";"Declive";"Não";4;0;2;0;1;2;2;4;-6,63729706;-38,82672818;"SPRF-CE";"DEL05-CE";"UOP01-DEL05-CE"
447971;2022-05-05;"quinta-feira";"21:15:00";"RS";386;38,5;"FREDERICO WESTPHALEN";"Transitar na contramão";"Colisão lateral sentido oposto";"Com Vítimas Feridas";"Plena Noite";"Crescente";"Céu Claro";"Simples";"Curva";"Não";2;0;1;0;1;0;1;2;-27,391367;-53,400776;"SPRF-RS";"DEL08-RS";"UOP02-DEL08-RS"
447975;2022-05-05;"quinta-feira";"16:00:00";"RS";285;563;"SAO LUIZ GONZAGA";"Acessar a via sem observar a presença dos outros veículos";"Colisão transversal";"Sem Vítimas";"Pleno dia";"Crescente";"Sol";"Simples";"Reta";"Não";4;0;0;0;3;1;0;4;-28,417377;-54,926517;"SPRF-RS";"DEL10-RS";"UOP01-DEL10-RS"
447976;2022-05-05;"quinta-feira";"18:05:00";"CE";116;504,1;"BREJO SANTO";"Pista esburacada";"Colisão frontal";"Com Vítimas Fatais";"Plena Noite";"Decrescente";"Céu Claro";"Simples";"Reta";"Não";3;1;0;0;1;2;0;4;-7,47977281;-38,9815676;"SPRF-CE";"DEL05-CE";"UOP03-DEL05-CE"
447978;2022-05-05;"quinta-feira";"18:50:00";"PA";222;33,6;"DOM ELISEU";"Pista esburacada";"Saída de leito carroçável";"Com Vítimas Feridas";"Plena Noite";"Decrescente";"Nublado";"Simples";"Reta";"Não";3;0;1;0;1;1;1;2;-4,324125;-47,687481;"SPRF-PA";"DEL02-PA";"UOP02-DEL02-PA"
447979;2022-05-05;"quinta-feira";"16:20:00";"SP";153;311,1;"RIBEIRAO DO SUL";"Transitar na contramão";"Colisão frontal";"Com Vítimas Fatais";"Pleno dia";"Crescente";"Céu Claro";"Simples";"Declive";"Não";4;2;0;0;1;1;0;4;-22,677443;-49,88958268;"SPRF-SP";"DEL07-SP";"UOP03-DEL07-SP"
447981;2022-05-05;"quinta-feira";"22:10:00";"RS";290;54;"GLORINHA";"Reação tardia ou ineficiente do condutor";"Colisão traseira";"Com Vítimas Feridas";"Plena Noite";"Crescente";"Nublado";"Dupla";"Reta";"Não";3;0;1;0;1;1;1;3;-29,912643;-50,798103;"SPRF-RS";"DEL03-RS";"UOP01-DEL03-RS"
447983;2022-05-05;"quinta-feira";"19:40:00";"PR";277;475,4;"NOVA LARANJEIRAS";"Pedestre andava na pista";"Atropelamento de Pedestre";"Com Vítimas Fatais";"Plena Noite";"Decrescente";"Céu Claro";"Simples";"Curva";"Não";3;1;0;0;1;1;0;2;-25,30798916;-52,54687394;"SPRF-PR";"DEL04-PR";"UOP02-DEL04-PR"
447984;2022-05-05;"quinta-feira";"22:54:00";"GO";153;507;"APARECIDA DE GOIANIA";"Ausência de reação do condutor";"Colisão traseira";"Com Vítimas Feridas";"Plena Noite";"Crescente";"Céu Claro";"Dupla";"Reta;Declive";"Sim";3;0;0;1;1;1;1;3;-16,7715;-49,2387;"SPRF-GO";"DEL01-GO";"UOP03-DEL01-GO"
447990;2022-05-06;"sexta-feira";"00:20:00";"PI";316;2,4;"TERESINA";"Carga excessiva e/ou mal acondicionada";"Tombamento";"Com Vítimas Feridas";"Plena Noite";"Crescente";"Céu Claro";"Dupla";"Rotatória";"Sim";3;0;2;0;0;1;2;2;-5,12477477;-42,79848465;"SPRF-PI";"DEL01-PI";"UOP02-DEL01-PI"
447996;2022-05-06;"sexta-feira";"02:30:00";"CE";222;78,6;"SAO LUIS DO CURU";"Ingestão de álcool pelo condutor";"Colisão frontal";"Com Vítimas Fatais";"Plena Noite";"Crescente";"Chuva";"Simples";"Reta";"Não";5;1;2;1;1;0;3;2;-3,67424754;-39,24199692;"SPRF-CE";"DEL04-CE";"UOP03-DEL04-CE"
447999;2022-05-06;"sexta-feira";"05:34:00";"ES";101;126,5;"SOORETAMA";"Acessar a via sem observar a presença dos outros veículos";"Colisão traseira";"Com Vítimas Feridas";"Pleno dia";"Crescente";"Céu Claro";"Simples";"Reta";"Sim";2;0;0;1;1;0;1;2;-19,193953;-40,0951;"SPRF-ES";"DEL04-ES";"UOP01-DEL04-ES"
448001;2022-05-06;"sexta-feira";"05:35:00";"RS";392;311,4;"ITAARA";"Velocidade Incompatível";"Colisão traseira";"Com Vítimas Feridas";"Plena Noite";"Crescente";"Nevoeiro/Neblina";"Simples";"Reta";"Sim";2;0;0;1;1;0;1;2;-29,61895193;-53,76770323;"SPRF-RS";"DEL09-RS";"UOP01-DEL09-RS"
448004;2022-05-06;"sexta-feira";"06:20:00";"GO";60;92,5;"ANAPOLIS";"Manobra de mudança de faixa";"Colisão traseira";"Com Vítimas Feridas";"Amanhecer";"Decrescente";"Céu Claro";"Dupla";"Retorno Regulamentado";"Sim";3;0;0;1;1;2;1;4;-16,353;-48,9178;"SPRF-GO";"DEL02-GO";"UOP01-DEL02-GO"
448006;2022-05-05;"quinta-feira";"23:50:00";"RJ";40;0;"COMENDADOR LEVY GASPARIAN";"Velocidade Incompatível";"Tombamento";"Com Vítimas Feridas";"Plena Noite";"Crescente";"Ignorado";"Dupla";"Curva";"Não";3;0;1;0;1;1;1;2;-22,011084;-43,26723;"SPRF-RJ";"DEL05-RJ";"UOP02-DEL05-RJ"
448010;2022-05-06;"sexta-feira";"06:40:00";"RJ";116;302;"RESENDE";"Pedestre andava na pista";"Colisão traseira";"Sem Vítimas";"Amanhecer";"Decrescente";"Nevoeiro/Neblina";"Dupla";"Reta";"Sim";3;0;0;0;2;1;0;3;-22,45364576;-44,37040802;"SPRF-RJ";"DEL07-RJ";"UOP02-DEL07-RJ"
448013;2022-05-06;"sexta-feira";"06:40:00";"PA";163;997;"SANTAREM";"Velocidade Incompatível";"Colisão frontal";"Com Vítimas Feridas";"Amanhecer";"Decrescente";"Céu Claro";"Simples";"Curva";"Não";3;0;1;0;1;1;1;3;-2,49585336;-54,73624706;"SPRF-PA";"DEL05-PA";"UOP01-DEL05-PA"
448031;2022-04-12;"terça-feira";"16:00:00";"MG";381;379,9;"SAO GONCALO DO RIO ABAIXO";"Reação tardia ou ineficiente do condutor";"Colisão lateral sentido oposto";"Com Vítimas Feridas";"Pleno dia";"Crescente";"Céu Claro";"Simples";"Curva";"Sim";2;0;0;1;1;0;1;2;-19,83691472;-43,33592266;"SPRF-MG";"DEL01-MG";"UOP01-DEL01-MG"
448040;2022-04-08;"sexta-feira";"18:15:00";"SC";470;20;"ILHOTA";"Iluminação deficiente";"Tombamento";"Com Vítimas Feridas";"Plena Noite";"Decrescente";"Chuva";"Dupla";"Em Obras;Reta";"Não";2;0;1;0;0;2;1;3;-26,870115;-48,820484;"SPRF-SC";"DEL04-SC";"UOP04-DEL04-SC"
448042;2022-05-06;"sexta-feira";"09:00:00";"AL";316;270;"SATUBA";"Condutor Dormindo";"Colisão lateral sentido oposto";"Com Vítimas Feridas";"Pleno dia";"Decrescente";"Sol";"Simples";"Reta";"Não";2;0;1;0;1;0;1;2;-9,5716559;-35,824111;"SPRF-AL";"DEL02-AL";"UOP01-DEL02-AL"
448046;2022-05-06;"sexta-feira";"06:30:00";"MG";262;870;"CAMPO FLORIDO";"Ausência de reação do condutor";"Saída de leito carroçável";"Com Vítimas Feridas";"Amanhecer";"Crescente";"Céu Claro";"Dupla";"Reta";"Não";2;0;1;0;0;1;1;2;-19,77587187;-48,46640595;"SPRF-MG";"DEL13-MG";"UOP01-DEL13-MG"
448047;2022-02-08;"terça-feira";"10:30:00";"SC";282;485,6;"FAXINAL DOS GUEDES";"Condutor Dormindo";"Colisão frontal";"Com Vítimas Fatais";"Pleno dia";"Decrescente";"Céu Claro";"Simples";"Curva";"Não";3;1;1;0;0;1;1;3;-26,8613372;-52,2382918;"SPRF-SC";"DEL07-SC";"UOP01-DEL07-SC"
448048;2022-05-06;"sexta-feira";"10:30:00";"MS";163;366,5;"NOVA ALVORADA DO SUL";"Condutor Dormindo";"Colisão lateral sentido oposto";"Com Vítimas Feridas";"Pleno dia";"Decrescente";"Céu Claro";"Simples";"Reta";"Sim";3;0;1;0;1;2;1;4;-21,45560311;-54,3798887;"SPRF-MS";"DEL02-MS";"UOP01-DEL02-MS"
448051;2022-04-19;"terça-feira";"17:37:00";"RS";386;248,3;"SOLEDADE";"Acessar a via sem observar a presença dos outros veículos";"Colisão transversal";"Com Vítimas Feridas";"Pleno dia";"Crescente";"Céu Claro";"Simples";"Reta";"Sim";4;0;2;1;1;0;3;2;-28,817902;-52,484734;"SPRF-RS";"DEL04-RS";"UOP03-DEL04-RS"
448062;2022-05-06;"sexta-feira";"13:30:00";"MG";40;554;"NOVA LIMA";"Reação tardia ou ineficiente do condutor";"Colisão traseira";"Com Vítimas Feridas";"Pleno dia";"Crescente";"Céu Claro";"Dupla";"Reta";"Sim";3;0;0;1;2;0;1;3;-20,08817826;-43,97655487;"SPRF-MG";"DEL01-MG";"UOP02-DEL01-MG"
448066;2022-05-06;"sexta-feira";"11:13:00";"MG";50;0,3;"ARAGUARI";"Reação tardia ou ineficiente do condutor";"Tombamento";"Com Vítimas Feridas";"Pleno dia";"Crescente";"Céu Claro";"Dupla";"Curva;Aclive";"Não";2;0;0;1;0;1;1;2;-18,42432;-48,068207;"SPRF-MG";"DEL15-MG";"UOP02-DEL15-MG"
448070;2022-05-06;"sexta-feira";"13:10:00";"MS";163;203;"CAARAPO";"Reação tardia ou ineficiente do condutor";"Engavetamento";"Com Vítimas Feridas";"Pleno dia";"Crescente";"Céu Claro";"Dupla";"Reta";"Não";4;0;0;1;2;3;1;6;-22,67737994;-54,79289178;"SPRF-MS";"DEL04-MS";"UOP02-DEL04-MS"
448072;2022-05-06;"sexta-feira";"12:00:00";"MG";381;735,5;"CARMO DA CACHOEIRA";"Ausência de reação do condutor";"Colisão traseira";"Com Vítimas Feridas";"Pleno dia";"Decrescente";"Céu Claro";"Dupla";"Reta";"Não";2;0;0;1;1;0;1;2;-21,545723;-45,240131;"SPRF-MG";"DEL16-MG";"UOP02-DEL16-MG"
448081;2022-05-06;"sexta-feira";"15:05:00";"MG";381;876,6;"ESTIVA";"Velocidade Incompatível";"Colisão com objeto";"Com Vítimas Feridas";"Pleno dia";"Decrescente";"Sol";"Dupla";"Curva";"Não";2;0;1;0;0;1;1;2;-22,43927358;-45,98464966;"SPRF-MG";"DEL16-MG";"UOP01-DEL16-MG"
448087;2022-05-06;"sexta-feira";"15:00:00";"MT";158;680,5;"NOVA XAVANTINA";"Condutor Dormindo";"Saída de leito carroçável";"Com Vítimas Fatais";"Pleno dia";"Crescente";"Céu Claro";"Simples";"Reta";"Não";2;1;0;0;0;3;0;4;-14,891215;-52,280811;"SPRF-MT";"DEL07-MT";"UOP01-DEL07-MT"
448092;2022-05-06;"sexta-feira";"10:35:00";"MG";116;525,1;"CARATINGA";"Velocidade Incompatível";"Colisão traseira";"Com Vítimas Feridas";"Pleno dia";"Decrescente";"Nublado";"Simples";"Reta";"Sim";3;0;1;0;2;0;1;2;-19,76833785;-42,13105238;"SPRF-MG";"DEL06-MG";"UOP02-DEL06-MG"
448095;2022-04-15;"sexta-feira";"07:50:00";"PR";277;23;"MORRETES";"Condutor Dormindo";"Saída de leito carroçável";"Sem Vítimas";"Pleno dia";"Crescente";"Céu Claro";"Dupla";"Reta";"Não";2;0;0;0;1;2;0;3;-25,54134292;-48,68821697;"SPRF-PR";"DEL01-PR";"UOP05-DEL01-PR"
448097;2022-05-06;"sexta-feira";"16:30:00";"BA";135;167;"BARREIRAS";"Reação tardia ou ineficiente do condutor";"Colisão traseira";"Sem Vítimas";"Pleno dia";"Crescente";"Céu Claro";"Simples";"Reta";"Não";3;0;0;0;2;2;0;4;-12,06435201;-44,96824411;"SPRF-BA";"DEL10-BA";"UOP01-DEL10-BA"
448100;2022-05-06;"sexta-feira";"17:00:00";"MG";381;943;"EXTREMA";"Reação tardia ou ineficiente do condutor";"Colisão traseira";"Com Vítimas Feridas";"Anoitecer";"Decrescente";"Céu Claro";"Dupla";"Reta";"Sim";2;0;1;0;1;0;1;2;-22,87018424;-46,3581479;"SPRF-MG";"DEL16-MG";"UOP03-DEL16-MG"
448101;2022-05-06;"sexta-feira";"16:20:00";"MT";163;92;"RONDONOPOLIS";"Ausência de reação do condutor";"Colisão traseira";"Com Vítimas Feridas";"Pleno dia";"Crescente";"Céu Claro";"Dupla";"Aclive";"Não";2;0;0;1;1;0;1;2;-16,72418081;-54,64751666;"SPRF-MT";"DEL02-MT";"UOP01-DEL02-MT"
448107;2022-05-06;"sexta-feira";"17:31:00";"RS";290;107;"ELDORADO DO SUL";"Transitar no acostamento";"Colisão lateral mesmo sentido";"Sem Vítimas";"Pleno dia";"Decrescente";"Céu Claro";"Dupla";"Reta";"Sim";3;0;0;0;2;2;0;4;-30,001852;-51,304264;"SPRF-RS";"DEL02-RS";"UOP01-DEL02-RS"
448109;2022-05-06;"sexta-feira";"16:23:00";"MG";381;382;"SAO GONCALO DO RIO ABAIXO";"Velocidade Incompatível";"Atropelamento de Pedestre";"Com Vítimas Feridas";"Pleno dia";"Crescente";"Céu Claro";"Simples";"Reta";"Não";2;0;0;1;1;0;1;2;-19,8203938;-43,39028183;"SPRF-MG";"DEL01-MG";"UOP01-DEL01-MG"
448111;2022-05-06;"sexta-feira";"16:05:00";"SC";101;423,7;"ARARANGUA";"Desrespeitar a preferência no cruzamento";"Colisão transversal";"Com Vítimas Feridas";"Pleno dia";"Decrescente";"Céu Claro";"Simples";"Viaduto;Interseção de Vias";"Não";3;0;1;1;1;0;2;2;-29,01805763;-49,58621264;"SPRF-SC";"DEL02-SC";"UOP02-DEL02-SC"
448112;2022-05-06;"sexta-feira";"14:50:00";"MG";153;46;"CANAPOLIS";"Carga excessiva e/ou mal acondicionada";"Colisão lateral mesmo sentido";"Sem Vítimas";"Pleno dia";"Decrescente";"Céu Claro";"Dupla";"Curva;Aclive";"Não";3;0;0;0;1;2;0;3;-18,7877321;-49,08400664;"SPRF-MG";"DEL15-MG";"UOP03-DEL15-MG"
448118;2022-05-06;"sexta-feira";"17:30:00";"ES";101;169;"LINHARES";"Ultrapassagem Indevida";"Colisão transversal";"Com Vítimas Feridas";"Anoitecer";"Crescente";"Céu Claro";"Simples";"Reta";"Não";6;0;1;0;4;1;1;5;-19,54224113;-40,16291381;"SPRF-ES";"DEL04-ES";"UOP01-DEL04-ES"
448130;2022-05-06;"sexta-feira";"17:58:00";"RO";364;236,9;"CACOAL";"Acessar a via sem observar a presença dos outros veículos";"Colisão lateral mesmo sentido";"Com Vítimas Feridas";"Pleno dia";"Crescente";"Céu Claro";"Simples";"Reta";"Sim";2;0;1;0;1;0;1;2;-11,442409;-61,448132;"SPRF-RO";"DEL02-RO";"UOP02-DEL02-RO"
448139;2022-05-06;"sexta-feira";"16:24:00";"MG";262;558,2;"CORREGO DANTA";"Demais falhas mecânicas ou elétricas";"Incêndio";"Sem Vítimas";"Pleno dia";"Crescente";"Céu Claro";"Simples";"Reta";"Não";2;0;0;0;1;1;0;2;-19,72243801;-45,93499096;"SPRF-MG";"DEL08-MG";"UOP02-DEL08-MG"
448144;2022-05-06;"sexta-feira";"19:45:00";"MG";381;940;"EXTREMA";"Condutor deixou de manter distância do veículo da frente";"Colisão traseira";"Com Vítimas Feridas";"Plena Noite";"Decrescente";"Céu Claro";"Dupla";"Curva";"Não";3;0;2;0;0;1;2;2;-22,85421396;-46,33740277;"SPRF-MG";"DEL16-MG";"UOP03-DEL16-MG"
448154;2022-05-01;"domingo";"04:45:00";"MG";381;308;"ANTONIO DIAS";"Ausência de reação do condutor";"Saída de leito carroçável";"Com Vítimas Feridas";"Pleno dia";"Crescente";"Céu Claro";"Dupla";"Curva";"Não";3;0;0;1;1;1;1;3;-19,64878257;-42,95497707;"SPRF-MG";"DEL03-MG";"UOP02-DEL03-MG"
448159;2022-05-06;"sexta-feira";"16:15:00";"PA";316;87;"SAO FRANCISCO DO PARA";"Reação tardia ou ineficiente do condutor";"Colisão traseira";"Com Vítimas Feridas";"Pleno dia";"Crescente";"Chuva";"Simples";"Reta";"Não";3;0;1;0;1;1;1;3;-1,31479684;-47,71836097;"SPRF-PA";"DEL01-PA";"UOP02-DEL01-PA"
448164;2022-05-06;"sexta-feira";"21:10:00";"BA";116;534;"ITATIM";"Condutor Dormindo";"Colisão lateral sentido oposto";"Com Vítimas Fatais";"Plena Noite";"Crescente";"Céu Claro";"Simples";"Reta";"Não";4;1;1;0;1;1;1;4;-12,74292275;-39,78903727;"SPRF-BA";"DEL03-BA";"UOP02-DEL03-BA"
448168;2022-05-06;"sexta-feira";"17:00:00";"SC";470;129,6;"LONTRAS";"Ultrapassagem Indevida";"Colisão frontal";"Com Vítimas Fatais";"Anoitecer";"Decrescente";"Nublado";"Simples";"Aclive";"Não";6;1;2;0;2;2;2;5;-27,154456;-49,556492;"SPRF-SC";"DEL04-SC";"UOP02-DEL04-SC"
448171;2022-05-06;"sexta-feira";"20:40:00";"RO";364;700;"PORTO VELHO";"Ingestão de álcool pelo condutor";"Colisão lateral mesmo sentido";"Com Vítimas Feridas";"Plena Noite";"Decrescente";"Céu Claro";"Dupla";"Reta";"Sim";4;0;1;0;2;2;1;5;-8,80049426;-63,76902;"SPRF-RO";"DEL01-RO";"UOP01-DEL01-RO"
448172;2022-05-06;"sexta-feira";"18:55:00";"RS";472;570,7;"URUGUAIANA";"Transitar na contramão";"Colisão frontal";"Com Vítimas Fatais";"Anoitecer";"Crescente";"Céu Claro";"Simples";"Curva";"Sim";5;1;0;1;2;1;1;3;-29,72864834;-56,95083084;"SPRF-RS";"DEL13-RS";"UOP01-DEL13-RS"
448179;2022-05-06;"sexta-feira";"23:00:00";"SC";101;238;"PALHOCA";"Acesso irregular";"Colisão traseira";"Com Vítimas Feridas";"Plena Noite";"Crescente";"Céu Claro";"Dupla";"Reta";"Não";2;0;1;0;1;0;1;2;-27,84293889;-48,63471922;"SPRF-SC";"DEL01-SC";"UOP02-DEL01-SC"
448184;2022-05-06;"sexta-feira";"19:50:00";"BA";101;560;"ARATACA";"Demais falhas mecânicas ou elétricas";"Eventos atípicos";"Sem Vítimas";"Plena Noite";"Decrescente";"Nublado";"Simples";"Curva";"Não";1;0;0;0;1;0;0;1;-15,35357716;-39,50139853;"SPRF-BA";"DEL05-BA";"UOP02-DEL05-BA"
448197;2022-05-06;"sexta-feira";"19:30:00";"BA";101;599;"ITABUNA";"Reação tardia ou ineficiente do condutor";"Atropelamento de Pedestre";"Com Vítimas Fatais";"Plena Noite";"Decrescente";"Céu Claro";"Simples";"Aclive";"Não";2;1;0;0;0;1;0;2;-14,73548407;-39,33756403;"SPRF-BA";"DEL05-BA";"UOP02-DEL05-BA"
448204;2022-05-07;"sábado";"02:10:00";"PR";376;626;"SAO JOSE DOS PINHAIS";"Estacionar ou parar em local proibido";"Colisão lateral mesmo sentido";"Sem Vítimas";"Plena Noite";"Decrescente";"Nublado";"Simples";"Reta";"Não";3;0;0;0;2;2;0;4;-25,66095117;-49,15500053;"SPRF-PR";"DEL01-PR";"UOP04-DEL01-PR"
448208;2022-05-07;"sábado";"01:30:00";"SC";101;33;"JOINVILLE";"Velocidade Incompatível";"Tombamento";"Com Vítimas Feridas";"Plena Noite";"Decrescente";"Céu Claro";"Simples";"Curva";"Sim";1;0;1;0;0;0;1;1;-26,25574166;-48,90460968;"SPRF-SC";"DEL03-SC";"UOP01-DEL03-SC"
448210;2022-05-06;"sexta-feira";"21:50:00";"PR";476;213,3;"LAPA";"Velocidade Incompatível";"Colisão lateral sentido oposto";"Com Vítimas Feridas";"Plena Noite";"Crescente";"Nublado";"Simples";"Curva;Aclive";"Não";5;0;0;2;2;2;2;5;-25,779312;-49,875546;"SPRF-PR";"DEL02-PR";"UOP04-DEL02-PR"
448211;2022-05-07;"sábado";"04:30:00";"PE";232;56;"POMBOS";"Demais falhas mecânicas ou elétricas";"Colisão traseira";"Com Vítimas Feridas";"Amanhecer";"Decrescente";"Céu Claro";"Dupla";"Reta";"Não";4;0;1;1;1;1;2;3;-8,13762681;-35,37336212;"SPRF-PE";"DEL02-PE";"UOP02-DEL02PE"
448212;2022-05-07;"sábado";"04:10:00";"SC";101;40,6;"JOINVILLE";"Estacionar ou parar em local proibido";"Colisão traseira";"Com Vítimas Fatais";"Plena Noite";"Crescente";"Nublado";"Dupla";"Curva";"Não";3;1;0;0;1;1;0;3;-26,313294;-48,873971;"SPRF-SC";"DEL03-SC";"UOP01-DEL03-SC"
448217;2022-05-07;"sábado";"04:10:00";"RS";285;271,5;"MATO CASTELHANO";"Pedestre andava na pista";"Atropelamento de Pedestre";"Com Vítimas Feridas";"Plena Noite";"Crescente";"Nevoeiro/Neblina";"Simples";"Reta";"Sim";2;0;0;1;1;0;1;2;-28,282991;-52,177471;"SPRF-RS";"DEL08-RS";"UOP03-DEL08-RS"
448219;2022-05-07;"sábado";"04:30:00";"SP";381;18;"BRAGANCA PAULISTA";"Condutor Dormindo";"Saída de leito carroçável";"Com Vítimas Feridas";"Plena Noite";"Crescente";"Céu Claro";"Dupla";"Declive";"Não";2;0;1;0;0;1;1;2;-22,9746091;-46,48838277;"SPRF-SP";"DEL03-SP";"UOP01-DEL03-SP"
448221;2022-05-07;"sábado";"04:40:00";"SP";116;147;"SAO JOSE DOS CAMPOS";"Reação tardia ou ineficiente do condutor";"Colisão traseira";"Sem Vítimas";"Plena Noite";"Decrescente";"Céu Claro";"Dupla";"Reta";"Sim";4;0;0;0;3;1;0;4;-23,19542994;-45,87176303;"SPRF-SP";"DEL02-SP";"UOP01-DEL02-SP"
448230;2022-05-07;"sábado";"05:30:00";"BA";324;533,3;"FEIRA DE SANTANA";"Acessar a via sem observar a presença dos outros veículos";"Colisão traseira";"Com Vítimas Feridas";"Pleno dia";"Decrescente";"Céu Claro";"Dupla";"Curva;Interseção de Vias;Declive";"Não";3;0;1;0;1;2;1;4;-12,357862;-38,827681;"SPRF-BA";"DEL01-BA";"UOP03-DEL01-BA"
448234;2022-05-06;"sexta-feira";"21:30:00";"MG";116;127;"ITAOBIM";"Velocidade Incompatível";"Tombamento";"Com Vítimas Fatais";"Plena Noite";"Decrescente";"Nublado";"Simples";"Curva";"Não";6;1;0;4;0;2;4;6;-16,66654657;-41,50147282;"SPRF-MG";"DEL11-MG";"UOP02-DEL11-MG"
448248;2022-05-07;"sábado";"06:00:00";"MG";365;495;"PATROCINIO";"Reação tardia ou ineficiente do condutor";"Colisão frontal";"Com Vítimas Feridas";"Amanhecer";"Decrescente";"Sol";"Simples";"Curva";"Não";4;0;0;1;1;2;1;4;-18,903564;-47,167856;"SPRF-MG";"DEL10-MG";"UOP01-DEL10-MG"
448256;2022-04-14;"quinta-feira";"23:15:00";"CE";116;338;"JAGUARIBE";"Pista esburacada";"Tombamento";"Com Vítimas Feridas";"Plena Noite";"Crescente";"Céu Claro";"Dupla";"Reta";"Não";2;0;1;0;0;1;1;2;-6,14292899;-38,6495453;"SPRF-CE";"DEL05-CE";"UOP02-DEL05-CE"
448264;2022-05-07;"sábado";"09:20:00";"PR";376;163;"MARINGA";"Condutor deixou de manter distância do veículo da frente";"Colisão traseira";"Com Vítimas Feridas";"Pleno dia";"Crescente";"Céu Claro";"Dupla";"Reta";"Não";5;0;1;0;2;3;1;5;-23,38150629;-52,03480212;"SPRF-PR";"DEL09-PR";"UOP01-DEL09-PR"
448267;2022-05-07;"sábado";"10:10:00";"SC";470;140;"RIO DO SUL";"Acessar a via sem observar a presença dos outros veículos";"Colisão frontal";"Com Vítimas Feridas";"Pleno dia";"Crescente";"Céu Claro";"Simples";"Reta";"Sim";2;0;0;1;1;0;1;2;-27,222485;-49,662827;"SPRF-SC";"DEL04-SC";"UOP02-DEL04-SC"
448280;2022-05-07;"sábado";"10:00:00";"MG";365;579;"INDIANOPOLIS";"Condutor deixou de manter distância do veículo da frente";"Colisão lateral mesmo sentido";"Com Vítimas Feridas";"Pleno dia";"Crescente";"Céu Claro";"Simples";"Declive";"Não";4;0;2;0;1;2;2;4;-18,87688213;-47,94607204;"SPRF-MG";"DEL15-MG";"UOP02-DEL15-MG"
448285;2022-05-07;"sábado";"08:35:00";"PR";153;125,5;"IBAITI";"Velocidade Incompatível";"Tombamento";"Com Vítimas Fatais";"Pleno dia";"Decrescente";"Céu Claro";"Simples";"Reta";"Não";4;1;0;2;0;2;2;4;-23,96854838;-50,23580074;"SPRF-PR";"DEL07-PR";"UOP04-DEL07-PR"
448287;2022-05-07;"sábado";"06:50:00";"RO";364;606;"ITAPUA DO OESTE";"Demais falhas mecânicas ou elétricas";"Incêndio";"Sem Vítimas";"Pleno dia";"Crescente";"Céu Claro";"Simples";"Reta";"Não";2;0;0;0;1;1;0;2;-9,1795951;-63,2012541;"SPRF-RO";"DEL01-RO";"UOP04-DEL01-RO"
448290;2022-05-07;"sábado";"13:00:00";"SP";381;62;"MAIRIPORA";"Manobra de mudança de faixa";"Colisão com objeto";"Com Vítimas Feridas";"Pleno dia";"Decrescente";"Céu Claro";"Múltipla";"Reta";"Não";3;0;2;0;1;0;2;2;-23,27923016;-46,5862912;"SPRF-SP";"DEL03-SP";"UOP01-DEL03-SP"
448293;2022-05-07;"sábado";"12:15:00";"PB";101;82;"BAYEUX";"Velocidade Incompatível";"Colisão com objeto";"Com Vítimas Feridas";"Pleno dia";"Decrescente";"Sol";"Dupla";"Aclive";"Sim";5;0;2;2;0;1;4;3;-7,13235945;-34,93103977;"SPRF-PB";"DEL01-PB";"UOP01-DEL01-PB"