"id";"data_inversa";"dia_semana";"horario";"uf";"br";"km";"municipio";"causa_acidente";"tipo_acidente";"classificacao_acidente";"fase_dia";"sentido_via";"condicao_metereologica";"tipo_pista";"tracado_via";"uso_solo";"pessoas";"mortos";"feridos_leves";"feridos_graves";"ilesos";"ignorados";"feridos";"veiculos";"latitude";"longitude";"regional";"delegacia";"uop"
448754;2022-05-09;"segunda-feira";"13:45:00";"AL";101;51,8;"FLEXEIRAS";"Velocidade Incompatível";"Tombamento";"Com Vítimas Feridas";"Pleno dia";"Decrescente";"Nublado";"Dupla";"Curva";"Não";2;0;1;0;0;1;1;2;-9,241987;-35,760014;"SPRF-AL";"DEL01-AL";"UOP02-DEL01-AL"
448756;2022-05-09;"segunda-feira";"12:15:00";"MG";267;59,3;"GUARARA";"Ultrapassagem Indevida";"Colisão lateral mesmo sentido";"Com Vítimas Feridas";"Pleno dia";"Decrescente";"Céu Claro";"Simples";"Reta;Aclive";"Sim";2;0;0;1;1;0;1;2;-21,7245573;-43,04402678;"SPRF-MG";"DEL07-MG";"UOP01-DEL07-MG"
448759;2022-05-09;"segunda-feira";"14:00:00";"SP";116;294;"ITAPECERICA DA SERRA";"Ausência de reação do condutor";"Colisão lateral mesmo sentido";"Com Vítimas Feridas";"Pleno dia";"Crescente";"Céu Claro";"Dupla";"Reta";"Não";4;0;1;0;2;1;1;4;-23,76154691;-46,90483412;"SPRF-SP";"DEL04-SP";"UOP01-DEL04-SP"
448766;2022-05-09;"segunda-feira";"08:30:00";"RJ";40;80;"PETROPOLIS";"Velocidade Incompatível";"Tombamento";"Com Vítimas Feridas";"Pleno dia";"Crescente";"Nublado";"Simples";"Curva";"Não";2;0;1;1;0;0;2;1;-22,49798597;-43,22878703;"SPRF-RJ";"DEL06-RJ";"UOP01-DEL06-RJ"
448768;2022-05-09;"segunda-feira";"14:55:00";"RS";290;498,4;"ROSARIO DO SUL";"Condutor Dormindo";"Colisão traseira";"Com Vítimas Feridas";"Pleno dia";"Decrescente";"Céu Claro";"Simples";"Reta";"Não";3;0;1;0;1;1;1;3;-30,198122;-55,079521;"SPRF-RS";"DEL11-RS";"UOP02-DEL11-RS"
448769;2022-05-09;"segunda-feira";"14:30:00";"BA";101;105;"ALAGOINHAS";"Reação tardia ou ineficiente do condutor";"Colisão lateral mesmo sentido";"Com Vítimas Feridas";"Pleno dia";"Crescente";"Chuva";"Simples";"Reta";"Não";2;0;1;0;1;0;1;2;-12,15963868;-38,41162324;"SPRF-BA";"DEL01-BA";"UOP04-DEL01-BA"
448776;2022-05-09;"segunda-feira";"12:50:00";"RS";470;195;"BENTO GONCALVES";"Reação tardia ou ineficiente do condutor";"Saída de leito carroçável";"Com Vítimas Feridas";"Pleno dia";"Decrescente";"Céu Claro";"Simples";"Reta;Declive";"Não";2;0;1;0;0;1;1;2;-29,1769078;-51,5208871;"SPRF-RS";"DEL06-RS";"UOP02-DEL06-RS"
448777;2022-05-09;"segunda-feira";"15:30:00";"SP";116;53,4;"LORENA";"Obras na pista";"Colisão com objeto";"Com Vítimas Feridas";"Pleno dia";"Crescente";"Céu Claro";"Dupla";"Reta";"Não";4;0;1;0;2;3;1;5;-22,75255433;-45,10741076;"SPRF-SP";"DEL08-SP";"UOP02-DEL08-SP"
448784;2022-05-09;"segunda-feira";"14:45:00";"PB";230;179,6;"CAMPINA GRANDE";"Condutor deixou de manter distância do veículo da frente";"Colisão transversal";"Sem Vítimas";"Pleno dia";"Crescente";"Céu Claro";"Simples";"Curva";"Não";5;0;0;0;2;3;0;4;-7,1663;-36,0578;"SPRF-PB";"DEL02-PB";"UOP02-DEL02-PB"
448785;2022-02-16;"quarta-feira";"06:45:00";"PE";101;73,4;"RECIFE";"Ausência de reação do condutor";"Saída de leito carroçável";"Com Vítimas Feridas";"Pleno dia";"Decrescente";"Chuva";"Dupla";"Curva";"Não";2;0;1;0;0;1;1;2;-8,093369;-34,947464;"SPRF-PE";"DEL01-PE";"UOP01-DEL01-PE"
448797;2022-05-09;"segunda-feira";"18:23:00";"PR";116;134;"FAZENDA RIO GRANDE";"Ausência de reação do condutor";"Colisão transversal";"Com Vítimas Feridas";"Plena Noite";"Crescente";"Céu Claro";"Dupla";"Reta";"Não";4;0;1;1;1;2;2;4;-25,711849;-49,319322;"SPRF-PR";"DEL01-PR";"UOP03-DEL01-PR"
448801;2022-05-09;"segunda-feira";"17:45:00";"MG";146;481,4;"POCOS DE CALDAS";"Problema com o freio";"Tombamento";"Com Vítimas Fatais";"Anoitecer";"Decrescente";"Céu Claro";"Simples";"Curva;Declive";"Não";3;1;0;0;0;2;0;3;-21,771749;-46,421492;"SPRF-MG";"DEL09-MG";"UOP01-DEL09-MG"
448802;2022-04-06;"quarta-feira";"09:00:00";"PR";476;313,2;"PAULO FRONTIN";"Velocidade Incompatível";"Tombamento";"Com Vítimas Feridas";"Pleno dia";"Decrescente";"Nublado";"Simples";"Curva";"Não";2;0;1;0;0;1;1;2;-26,028959;-50,679947;"SPRF-PR";"DEL02-PR";"UOP04-DEL02-PR"
448804;2022-05-09;"segunda-feira";"17:50:00";"SC";282;382,7;"HERVAL DOESTE";"Problema com o freio";"Tombamento";"Com Vítimas Feridas";"Anoitecer";"Crescente";"Céu Claro";"Simples";"Curva";"Não";1;0;1;0;0;0;1;1;-27,19607;-51,503044;"SPRF-SC";"DEL07-SC";"UOP05-DEL07-SC"
448811;2022-05-09;"segunda-feira";"17:10:00";"MG";381;434;"SABARA";"Transitar na contramão";"Colisão frontal";"Com Vítimas Feridas";"Anoitecer";"Decrescente";"Céu Claro";"Simples";"Reta;Declive";"Não";3;0;0;1;1;1;1;3;-19,78738018;-43,72790337;"SPRF-MG";"DEL01-MG";"UOP01-DEL01-MG"
448819;2022-05-09;"segunda-feira";"19:10:00";"MG";267;21,5;"ARGIRITA";"Curva acentuada";"Colisão com objeto";"Com Vítimas Fatais";"Plena Noite";"Crescente";"Céu Claro";"Simples";"Curva;Ponte;Declive";"Não";2;1;0;0;0;1;0;2;-21,595423;-42,79625897;"SPRF-MG";"DEL07-MG";"UOP01-DEL07-MG"
448823;2022-05-09;"segunda-feira";"19:15:00";"RS";293;15,2;"CAPAO DO LEAO";"Acessar a via sem observar a presença dos outros veículos";"Colisão transversal";"Com Vítimas Feridas";"Plena Noite";"Crescente";"Nevoeiro/Neblina";"Simples";"Interseção de Vias";"Sim";2;0;1;0;1;0;1;2;-31,75031415;-52,47109583;"SPRF-RS";"DEL07-RS";"UOP01-DEL07-RS"
448827;2022-05-09;"segunda-feira";"17:00:00";"SC";116;121,5;"SANTA CECILIA";"Acesso irregular";"Colisão frontal";"Com Vítimas Feridas";"Pleno dia";"Decrescente";"Nublado";"Simples";"Curva";"Não";2;0;1;0;1;0;1;2;-26,8303456;-50,38617912;"SPRF-SC";"DEL06-SC";"UOP02-DEL06-SC"
448830;2022-05-09;"segunda-feira";"20:30:00";"MS";262;241,3;"RIBAS DO RIO PARDO";"Transitar na contramão";"Colisão frontal";"Com Vítimas Fatais";"Plena Noite";"Crescente";"Céu Claro";"Simples";"Declive";"Não";2;1;0;0;1;0;0;2;-20,45766622;-53,76551998;"SPRF-MS";"DEL01-MS";"UOP01-DEL01-MS"
448832;2022-03-03;"quinta-feira";"23:00:00";"BA";116;530;"ITATIM";"Demais falhas mecânicas ou elétricas";"Incêndio";"Sem Vítimas";"Plena Noite";"Decrescente";"Céu Claro";"Simples";"Reta";"Não";2;0;0;0;1;1;0;2;-12,72182285;-39,76161404;"SPRF-BA";"DEL03-BA";"UOP02-DEL03-BA"
448838;2022-05-09;"segunda-feira";"22:10:00";"SP";116;218;"GUARULHOS";"Reação tardia ou ineficiente do condutor";"Colisão transversal";"Com Vítimas Feridas";"Plena Noite";"Crescente";"Céu Claro";"Múltipla";"Reta";"Não";3;0;1;0;2;0;1;3;-23,457972;-46,479927;"SPRF-SP";"DEL01-SP";"UOP01-DEL01-SP"
448839;2022-05-09;"segunda-feira";"21:30:00";"RS";392;72,3;"PELOTAS";"Desrespeitar a preferência no cruzamento";"Colisão transversal";"Com Vítimas Feridas";"Plena Noite";"Decrescente";"Nevoeiro/Neblina";"Simples";"Retorno Regulamentado";"Sim";4;0;0;2;1;2;2;4;-31,721104;-52,389843;"SPRF-RS";"DEL07-RS";"UOP01-DEL07-RS"
448841;2022-05-09;"segunda-feira";"22:15:00";"SP";116;217,4;"GUARULHOS";"Manobra de mudança de faixa";"Colisão lateral mesmo sentido";"Com Vítimas Feridas";"Plena Noite";"Decrescente";"Nublado";"Múltipla";"Reta;Aclive";"Sim";7;0;3;0;3;1;3;2;-23,45423824;-46,47119028;"SPRF-SP";"DEL01-SP";"UOP01-DEL01-SP"
448842;2022-05-09;"segunda-feira";"18:20:00";"SC";470;317,4;"CAMPOS NOVOS";"Reação tardia ou ineficiente do condutor";"Colisão transversal";"Com Vítimas Feridas";"Plena Noite";"Decrescente";"Nublado";"Simples";"Reta";"Sim";5;0;3;0;1;1;3;3;-27,404869;-51,206257;"SPRF-SC";"DEL07-SC";"UOP06-DEL07-SC"
448845;2022-05-09;"segunda-feira";"19:15:00";"RJ";116;264;"VOLTA REDONDA";"Ausência de reação do condutor";"Colisão traseira";"Com Vítimas Feridas";"Plena Noite";"Decrescente";"Céu Claro";"Dupla";"Aclive";"Não";3;0;1;0;1;1;1;3;-22,59213864;-44,07723781;"SPRF-RJ";"DEL07-RJ";"UOP02-DEL07-RJ"
448846;2022-05-09;"segunda-feira";"22:29:00";"SE";101;33;"CAPELA";"Ausência de reação do condutor";"Colisão traseira";"Com Vítimas Feridas";"Plena Noite";"Crescente";"Céu Claro";"Dupla";"Aclive";"Não";4;0;1;0;3;0;1;2;-10,46746;-36,943186;"SPRF-SE";"DEL02-SE";"UOP02-DEL02-SE"
448847;2022-05-09;"segunda-feira";"17:30:00";"PR";153;351,5;"REBOUCAS";"Velocidade Incompatível";"Tombamento";"Sem Vítimas";"Anoitecer";"Decrescente";"Céu Claro";"Simples";"Curva";"Sim";2;0;0;0;1;2;0;3;-25,62485025;-50,71040154;"SPRF-PR";"DEL03-PR";"UOP03-DEL03-PR"
448851;2022-05-09;"segunda-feira";"18:45:00";"MG";365;313,7;"JOAO PINHEIRO";"Acostamento em desnível";"Tombamento";"Com Vítimas Feridas";"Plena Noite";"Decrescente";"Céu Claro";"Simples";"Reta";"Não";2;0;1;0;0;2;1;3;-18,22107967;-45,84782029;"SPRF-MG";"DEL10-MG";"UOP01-DEL10-MG"
448852;2022-05-09;"segunda-feira";"19:40:00";"MG";381;721;"CARMO DA CACHOEIRA";"Problema com o freio";"Incêndio";"Sem Vítimas";"Plena Noite";"Crescente";"Céu Claro";"Dupla";"Curva;Declive";"Não";2;0;0;0;1;1;0;2;-21,46901694;-45,20581183;"SPRF-MG";"DEL04-MG";"UOP02-DEL04-MG"
448863;2022-05-09;"segunda-feira";"23:40:00";"MT";364;273;"JACIARA";"Mal súbito do condutor";"Colisão traseira";"Com Vítimas Feridas";"Plena Noite";"Crescente";"Céu Claro";"Dupla";"Reta";"Sim";3;0;1;0;2;0;1;2;-15,96077957;-54,96772983;"SPRF-MT";"DEL02-MT";"UOP01-DEL02-MT"
448864;2022-05-10;"terça-feira";"01:20:00";"MG";40;825,2;"SIMAO PEREIRA";"Condutor Dormindo";"Tombamento";"Com Vítimas Feridas";"Plena Noite";"Decrescente";"Ignorado";"Dupla";"Curva";"Não";1;0;1;0;0;0;1;1;-21,9735272;-43,28541842;"SPRF-MG";"DEL05-MG";"UOP01-DEL05-MG"
448867;2022-05-10;"terça-feira";"02:10:00";"SP";116;328;"JUQUITIBA";"Reação tardia ou ineficiente do condutor";"Tombamento";"Com Vítimas Feridas";"Plena Noite";"Crescente";"Nevoeiro/Neblina";"Dupla";"Curva";"Não";2;0;1;0;0;1;1;2;-23,93652709;-47,08014299;"SPRF-SP";"DEL04-SP";"UOP01-DEL04-SP"
448871;2022-05-09;"segunda-feira";"16:30:00";"PA";10;137;"PARAGOMINAS";"Pista em desnível";"Saída de leito carroçável";"Com Vítimas Feridas";"Pleno dia";"Crescente";"Nublado";"Simples";"Declive";"Não";2;0;1;0;0;2;1;3;-3,24103008;-47,47626444;"SPRF-PA";"DEL02-PA";"UOP01-DEL02-PA"
448873;2022-05-10;"terça-feira";"06:30:00";"ES";101;304;"VIANA";"Reação tardia ou ineficiente do condutor";"Colisão traseira";"Com Vítimas Feridas";"Pleno dia";"Crescente";"Céu Claro";"Dupla";"Reta";"Sim";3;0;1;0;1;1;1;3;-20,3800124;-40,45454621;"SPRF-ES";"DEL01-ES";"UOP01-DEL01-ES"
448874;2022-05-10;"terça-feira";"02:00:00";"BA";242;373;"PALMEIRAS";"Demais falhas mecânicas ou elétricas";"Eventos atípicos";"Sem Vítimas";"Plena Noite";"Crescente";"Chuva";"Simples";"Reta";"Não";2;0;0;0;1;2;0;3;-12,44717211;-41,48737176;"SPRF-BA";"DEL06-BA";"UOP01-DEL06-BA"
448875;2022-05-10;"terça-feira";"05:50:00";"PR";376;667,6;"GUARATUBA";"Demais falhas mecânicas ou elétricas";"Incêndio";"Sem Vítimas";"Amanhecer";"Crescente";"Nublado";"Dupla";"Curva;Declive";"Não";2;0;0;0;1;3;0;4;-25,864207;-48,93453;"SPRF-PR";"DEL01-PR";"UOP04-DEL01-PR"
448879;2022-05-10;"terça-feira";"06:50:00";"PI";316;293;"PICOS";"Carga excessiva e/ou mal acondicionada";"Colisão com objeto";"Sem Vítimas";"Pleno dia";"Decrescente";"Céu Claro";"Simples";"Reta";"Sim";2;0;0;0;1;1;0;2;-7,0096163;-41,59571616;"SPRF-PI";"DEL04-PI";"UOP01-DEL04-PI"
448885;2022-05-10;"terça-feira";"07:40:00";"SP";116;284;"ITAPECERICA DA SERRA";"Acessar a via sem observar a presença dos outros veículos";"Colisão lateral mesmo sentido";"Com Vítimas Feridas";"Pleno dia";"Decrescente";"Céu Claro";"Múltipla";"Reta";"Sim";3;0;1;0;1;2;1;4;-23,69998;-46,867767;"SPRF-SP";"DEL04-SP";"UOP01-DEL04-SP"
448890;2022-05-10;"terça-feira";"08:15:00";"SC";282;223,6;"LAGES";"Condutor deixou de manter distância do veículo da frente";"Colisão traseira";"Sem Vítimas";"Pleno dia";"Crescente";"Céu Claro";"Simples";"Rotatória;Reta";"Sim";3;0;0;0;2;1;0;3;-27,800127;-50,362751;"SPRF-SC";"DEL05-SC";"UOP02-DEL05-SC"
448897;2022-04-13;"quarta-feira";"16:30:00";"BA";242;277;"BOA VISTA DO TUPIM";"Transitar na contramão";"Colisão lateral sentido oposto";"Com Vítimas Feridas";"Pleno dia";"Decrescente";"Sol";"Simples";"Reta";"Não";5;0;1;1;2;7;2;11;-12,44975751;-40,69192504;"SPRF-BA";"DEL06-BA";"UOP02-DEL06-BA"
448899;2022-05-10;"terça-feira";"07:15:00";"MA";226;294,6;"BARRA DO CORDA";"Demais falhas mecânicas ou elétricas";"Incêndio";"Sem Vítimas";"Pleno dia";"Decrescente";"Céu Claro";"Simples";"Reta";"Não";2;0;0;0;1;1;0;2;-5,492727;-45,210857;"SPRF-MA";"DEL06-MA";"UOP01-DEL06-MA"
448900;2022-05-10;"terça-feira";"08:00:00";"GO";153;409,3;"PIRENOPOLIS";"Ultrapassagem Indevida";"Colisão transversal";"Sem Vítimas";"Pleno dia";"Crescente";"Céu Claro";"Simples";"Curva;Aclive";"Não";5;0;0;0;3;6;0;9;-16,088202;-49,038795;"SPRF-GO";"DEL02-GO";"UOP02-DEL02-GO"
448902;2022-05-10;"terça-feira";"09:50:00";"RS";116;244;"SAO LEOPOLDO";"Acessar a via sem observar a presença dos outros veículos";"Colisão lateral mesmo sentido";"Sem Vítimas";"Pleno dia";"Crescente";"Nublado";"Dupla";"Reta";"Sim";3;0;0;0;2;1;0;3;-29,74088003;-51,15039566;"SPRF-RS";"DEL01-RS";"UOP02-DEL01-RS"
448905;2022-05-10;"terça-feira";"05:30:00";"PE";232;463;"MIRANDIBA";"Ultrapassagem Indevida";"Colisão lateral mesmo sentido";"Sem Vítimas";"Pleno dia";"Decrescente";"Céu Claro";"Simples";"Curva";"Não";3;0;0;0;3;0;0;2;-8,02597343;-38,74003812;"SPRF-PE";"DEL05-PE";"UOP01-DEL05-PE"
448920;2022-05-10;"terça-feira";"11:45:00";"SC";101;25,8;"JOINVILLE";"Problema com o freio";"Colisão com objeto";"Sem Vítimas";"Pleno dia";"Crescente";"Céu Claro";"Dupla";"Reta";"Não";3;0;0;0;2;1;0;2;-26,1834739;-48,9105912;"SPRF-SC";"DEL03-SC";"UOP01-DEL03-SC"
448927;2022-05-10;"terça-feira";"12:20:00";"SC";101;25;"JOINVILLE";"Condutor deixou de manter distância do veículo da frente";"Colisão traseira";"Com Vítimas Feridas";"Pleno dia";"Decrescente";"Céu Claro";"Dupla";"Reta;Ponte";"Sim";3;0;1;0;1;2;1;4;-26,1834739;-48,9105912;"SPRF-SC";"DEL03-SC";"UOP01-DEL03-SC"
448930;2022-05-10;"terça-feira";"13:40:00";"PE";101;189,6;"PALMARES";"Mal súbito do condutor";"Colisão traseira";"Com Vítimas Feridas";"Pleno dia";"Decrescente";"Sol";"Dupla";"Reta";"Não";3;0;1;0;2;0;1;3;-8,69036647;-35,60430503;"SPRF-PE";"DEL01-PE";"UOP03-DEL01-PE"
448931;2022-05-10;"terça-feira";"13:19:00";"PE";232;82,6;"GRAVATA";"Ausência de reação do condutor";"Saída de leito carroçável";"Com Vítimas Fatais";"Pleno dia";"Crescente";"Céu Claro";"Dupla";"Reta";"Sim";2;1;0;0;1;0;0;2;-8,19905415;-35,58715194;"SPRF-PE";"DEL02-PE";"UOP02-DEL02PE"
448932;2022-05-10;"terça-feira";"13:00:00";"BA";407;10;"JUAZEIRO";"Reação tardia ou ineficiente do condutor";"Colisão traseira";"Sem Vítimas";"Pleno dia";"Decrescente";"Céu Claro";"Simples";"Reta";"Não";4;0;0;0;3;1;0;3;-9,48835988;-40,47117774;"SPRF-BA";"DEL04-BA";"UOP01-DEL04-BA"
448934;2022-05-10;"terça-feira";"13:50:00";"GO";60;380;"RIO VERDE";"Condutor deixou de manter distância do veículo da frente";"Colisão traseira";"Com Vítimas Feridas";"Pleno dia";"Crescente";"Céu Claro";"Dupla";"Reta";"Sim";3;0;0;1;1;1;1;3;-17,7646;-50,8822;"SPRF-GO";"DEL04-GO";"UOP01-DEL04-GO"
448942;2022-05-10;"terça-feira";"13:30:00";"SC";470;139,3;"RIO DO SUL";"Manobra de mudança de faixa";"Colisão lateral mesmo sentido";"Sem Vítimas";"Pleno dia";"Decrescente";"Nublado";"Simples";"Rotatória";"Sim";3;0;0;0;1;3;0;4;-27,20167025;-49,63290989;"SPRF-SC";"DEL04-SC";"UOP02-DEL04-SC"
448943;2022-05-10;"terça-feira";"14:00:00";"SP";116;225;"GUARULHOS";"Reação tardia ou ineficiente do condutor";"Colisão lateral mesmo sentido";"Com Vítimas Feridas";"Pleno dia";"Crescente";"Sol";"Múltipla";"Reta";"Sim";3;0;2;0;1;0;2;2;-23,48586772;-46,54075317;"SPRF-SP";"DEL01-SP";"UOP01-DEL01-SP"
448946;2022-05-10;"terça-feira";"12:45:00";"MT";364;227;"RONDONOPOLIS";"Ausência de reação do condutor";"Tombamento";"Com Vítimas Feridas";"Pleno dia";"Decrescente";"Céu Claro";"Dupla";"Reta";"Não";3;0;2;0;0;2;2;3;-16,29044795;-54,76386888;"SPRF-MT";"DEL02-MT";"UOP01-DEL02-MT"
448947;2022-05-10;"terça-feira";"14:00:00";"PE";101;73;"RECIFE";"Ausência de reação do condutor";"Colisão transversal";"Com Vítimas Feridas";"Pleno dia";"Decrescente";"Sol";"Dupla";"Retorno Regulamentado";"Sim";3;0;2;0;1;0;2;2;-8,09921962;-34,95006859;"SPRF-PE";"DEL01-PE";"UOP01-DEL01-PE"
448949;2022-05-09;"segunda-feira";"15:54:00";"CE";222;307,5;"TIANGUA";"Reação tardia ou ineficiente do condutor";"Colisão com objeto";"Sem Vítimas";"Pleno dia";"Crescente";"Nublado";"Múltipla";"Retorno Regulamentado";"Não";1;0;0;0;1;0;0;1;-3,68203653;-40,97306466;"SPRF-CE";"DEL04-CE";"UOP02-DEL04-CE"
448950;2022-05-10;"terça-feira";"14:01:00";"MS";163;481,9;"CAMPO GRANDE";"Acessar a via sem observar a presença dos outros veículos";"Colisão transversal";"Com Vítimas Fatais";"Pleno dia";"Crescente";"Céu Claro";"Simples";"Reta";"Sim";3;1;0;0;1;2;0;4;-20,46338241;-54,55500164;"SPRF-MS";"DEL01-MS";"UOP02-DEL01-MS"
448952;2022-05-10;"terça-feira";"14:00:00";"PB";101;112,5;"ALHANDRA";"Demais falhas mecânicas ou elétricas";"Incêndio";"Sem Vítimas";"Pleno dia";"Decrescente";"Céu Claro";"Dupla";"Aclive";"Não";2;0;0;0;1;1;0;2;-7,36987092;-34,95429127;"SPRF-PB";"DEL01-PB";"UOP02-DEL01-PB"
448954;2022-05-10;"terça-feira";"14:00:00";"PR";116;17;"CURITIBA";"Manobra de mudança de faixa";"Colisão com objeto";"Com Vítimas Feridas";"Pleno dia";"Decrescente";"Sol";"Dupla";"Reta";"Sim";2;0;0;1;1;0;1;2;-25,38910993;-49,19587612;"SPRF-PR";"DEL01-PR";"UOP02-DEL01-PR"
448955;2022-05-10;"terça-feira";"11:00:00";"MT";163;662;"LUCAS DO RIO VERDE";"Transitar na contramão";"Colisão lateral mesmo sentido";"Sem Vítimas";"Pleno dia";"Crescente";"Sol";"Simples";"Reta";"Não";3;0;0;0;2;3;0;5;-13,285;-56,031;"SPRF-MT";"DEL06-MT";"UOP01-DEL06-MT"
448957;2022-05-10;"terça-feira";"14:40:00";"ES";101;353,2;"ANCHIETA";"Ausência de reação do condutor";"Colisão traseira";"Com Vítimas Feridas";"Pleno dia";"Decrescente";"Nublado";"Simples";"Em Obras";"Não";3;0;1;0;1;2;1;4;-20,67773381;-40,66634729;"SPRF-ES";"DEL03-ES";"UOP01-DEL03-ES"
448959;2022-05-10;"terça-feira";"10:03:00";"MG";365;594;"UBERLANDIA";"Ultrapassagem Indevida";"Tombamento";"Com Vítimas Feridas";"Pleno dia";"Crescente";"Céu Claro";"Simples";"Declive;Reta";"Não";2;0;1;0;0;2;1;3;-18,87258568;-48,07953688;"SPRF-MG";"DEL15-MG";"UOP02-DEL15-MG"
448965;2022-05-10;"terça-feira";"15:40:00";"SP";116;227;"GUARULHOS";"Reação tardia ou ineficiente do condutor";"Colisão traseira";"Com Vítimas Feridas";"Pleno dia";"Crescente";"Céu Claro";"Dupla";"Reta";"Sim";2;0;1;0;1;0;1;2;-23,49659264;-46,55648754;"SPRF-SP";"DEL01-SP";"UOP01-DEL01-SP"
448966;2022-03-31;"quinta-feira";"16:40:00";"ES";262;32;"VIANA";"Curva acentuada";"Saída de leito carroçável";"Com Vítimas Feridas";"Pleno dia";"Decrescente";"Céu Claro";"Simples";"Curva";"Não";2;0;0;1;0;1;1;2;-20,37885575;-40,577728;"SPRF-ES";"DEL01-ES";"UOP01-DEL01-ES"
448969;2022-05-10;"terça-feira";"16:20:00";"GO";452;100;"BOM JESUS DE GOIAS";"Demais falhas mecânicas ou elétricas";"Eventos atípicos";"Com Vítimas Fatais";"Pleno dia";"Decrescente";"Céu Claro";"Simples";"Reta";"Não";2;1;0;0;0;1;0;2;-18,1293249;-49,99969497;"SPRF-GO";"DEL03-GO";"UOP02-DEL03-GO"
448971;2022-05-10;"terça-feira";"15:40:00";"GO";40;30;"LUZIANIA";"Demais falhas mecânicas ou elétricas";"Incêndio";"Sem Vítimas";"Pleno dia";"Decrescente";"Céu Claro";"Dupla";"Reta";"Não";2;0;0;0;1;1;0;2;-16,277312;-47,86291;"SPRF-DF";"DEL01-DF";"UOP01-DEL01-DF"
448972;2022-05-10;"terça-feira";"16:22:00";"PR";153;38;"SANTO ANTONIO DA PLATINA";"Condutor Dormindo";"Colisão lateral sentido oposto";"Com Vítimas Feridas";"Pleno dia";"Crescente";"Céu Claro";"Simples";"Reta";"Não";3;0;1;0;1;1;1;3;-23,26665491;-50,06410039;"SPRF-PR";"DEL07-PR";"UOP04-DEL07-PR"
448985;2022-05-10;"terça-feira";"15:00:00";"RJ";116;142;"DUQUE DE CAXIAS";"Condutor deixou de manter distância do veículo da frente";"Engavetamento";"Com Vítimas Feridas";"Pleno dia";"Decrescente";"Céu Claro";"Dupla";"Reta";"Sim";6;0;2;0;4;0;2;4;-22,64876087;-43,23031638;"SPRF-RJ";"DEL01-RJ";"UOP01-DEL01-RJ"
448986;2022-05-10;"terça-feira";"14:45:00";"RJ";40;105;"DUQUE DE CAXIAS";"Reação tardia ou ineficiente do condutor";"Colisão traseira";"Com Vítimas Feridas";"Pleno dia";"Decrescente";"Céu Claro";"Simples";"Declive";"Não";2;0;0;1;1;0;1;2;-22,63784806;-43,28428824;"SPRF-RJ";"DEL01-RJ";"UOP01-DEL01-RJ"
448987;2022-05-10;"terça-feira";"17:15:00";"PR";373;186;"PONTA GROSSA";"Ultrapassagem Indevida";"Colisão transversal";"Com Vítimas Feridas";"Pleno dia";"Crescente";"Chuva";"Dupla";"Reta";"Não";5;0;0;2;2;2;2;6;-25,05281432;-50,30130584;"SPRF-PR";"DEL03-PR";"UOP01-DEL03-PR"
448989;2022-05-10;"terça-feira";"16:30:00";"SC";101;309,4;"LAGUNA";"Estacionar ou parar em local proibido";"Colisão traseira";"Com Vítimas Feridas";"Pleno dia";"Crescente";"Nublado";"Múltipla";"Reta";"Sim";2;0;0;1;1;0;1;2;-28,40755485;-48,79169438;"SPRF-SC";"DEL02-SC";"UOP01-DEL02-SC"
448991;2022-05-10;"terça-feira";"17:45:00";"PR";476;116,3;"COLOMBO";"Acessar a via sem observar a presença dos outros veículos";"Colisão lateral mesmo sentido";"Sem Vítimas";"Anoitecer";"Decrescente";"Nublado";"Dupla";"Reta";"Sim";3;0;0;0;2;2;0;4;-25,34996;-49,16642;"SPRF-PR";"DEL01-PR";"UOP01-DEL01-PR"
448998;2022-05-10;"terça-feira";"18:45:00";"MG";381;481,1;"BETIM";"Condutor deixou de manter distância do veículo da frente";"Colisão traseira";"Com Vítimas Feridas";"Plena Noite";"Crescente";"Céu Claro";"Múltipla";"Reta";"Sim";3;0;1;0;1;1;1;3;-19,95931561;-44,08825597;"SPRF-MG";"DEL01-MG";"UOP03-DEL01-MG"
449004;2022-05-10;"terça-feira";"18:39:00";"CE";116;478,9;"MILAGRES";"Conversão proibida";"Colisão com objeto";"Sem Vítimas";"Plena Noite";"Crescente";"Nublado";"Simples";"Reta";"Não";2;0;0;0;1;1;0;2;-7,30448791;-38,9173369;"SPRF-CE";"DEL05-CE";"UOP03-DEL05-CE"
449005;2022-05-10;"terça-feira";"19:15:00";"RS";116;525,9;"PELOTAS";"Ingestão de álcool pelo condutor";"Colisão transversal";"Com Vítimas Feridas";"Plena Noite";"Decrescente";"Nublado";"Simples";"Viaduto;Rotatória";"Sim";3;0;0;1;1;1;1;3;-31,7359522;-52,39349776;"SPRF-RS";"DEL07-RS";"UOP01-DEL07-RS"
449011;2022-05-10;"terça-feira";"20:30:00";"PE";407;105,4;"PETROLINA";"Demais falhas mecânicas ou elétricas";"Colisão traseira";"Com Vítimas Feridas";"Plena Noite";"Decrescente";"Céu Claro";"Simples";"Reta";"Não";3;0;2;0;1;0;2;2;-9,228751;-40,62363;"SPRF-PE";"DEL06-PE";"UOP01-DEL06-PE"
449016;2022-05-10;"terça-feira";"20:45:00";"ES";101;409,8;"ITAPEMIRIM";"Transitar na contramão";"Colisão lateral sentido oposto";"Com Vítimas Feridas";"Plena Noite";"Decrescente";"Céu Claro";"Dupla";"Reta";"Não";3;0;2;0;1;0;2;2;-20,89897356;-41,05387129;"SPRF-ES";"DEL03-ES";"UOP02-DEL03-ES"