"id";"data_inversa";"dia_semana";"horario";"uf";"br";"km";"municipio";"causa_acidente";"tipo_acidente";"classificacao_acidente";"fase_dia";"sentido_via";"condicao_metereologica";"tipo_pista";"tracado_via";"uso_solo";"pessoas";"mortos";"feridos_leves";"feridos_graves";"ilesos";"ignorados";"feridos";"veiculos";"latitude";"longitude";"regional";"delegacia";"uop"
449017;2022-05-10;"terça-feira";"19:50:00";"MG";365;518;"MONTE CARMELO";"Demais falhas mecânicas ou elétricas";"Incêndio";"Sem Vítimas";"Plena Noite";"Crescente";"Céu Claro";"Simples";"Reta";"Não";2;0;0;0;1;2;0;3;-18,91547937;-47,38720199;"SPRF-MG";"DEL10-MG";"UOP01-DEL10-MG"
449022;2022-05-10;"terça-feira";"21:15:00";"RJ";116;54;"TERESOPOLIS";"Velocidade Incompatível";"Tombamento";"Com Vítimas Feridas";"Plena Noite";"Decrescente";"Céu Claro";"Simples";"Declive;Curva";"Não";3;0;1;1;0;2;2;3;-22,20622094;-42,879521;"SPRF-RJ";"DEL04-RJ";"UOP01-DEL04-RJ"
449024;2022-05-10;"terça-feira";"20:30:00";"MG";381;279;"JAGUARACU";"Acessar a via sem observar a presença dos outros veículos";"Colisão transversal";"Com Vítimas Feridas";"Plena Noite";"Decrescente";"Nublado";"Simples";"Reta";"Não";2;0;0;1;1;0;1;2;-19,6016332;-42,75481785;"SPRF-MG";"DEL03-MG";"UOP02-DEL03-MG"
449025;2022-04-25;"segunda-feira";"00:40:00";"MG";40;586;"ITABIRITO";"Ausência de reação do condutor";"Colisão traseira";"Com Vítimas Feridas";"Plena Noite";"Decrescente";"Céu Claro";"Simples";"Reta;Aclive";"Não";4;0;1;0;3;0;1;2;-20,34283036;-43,92126214;"SPRF-MG";"DEL01-MG";"UOP02-DEL01-MG"
449027;2022-05-10;"terça-feira";"20:40:00";"PR";376;524;"PONTA GROSSA";"Ausência de reação do condutor";"Tombamento";"Com Vítimas Feridas";"Plena Noite";"Decrescente";"Chuva";"Dupla";"Reta";"Não";1;0;1;0;0;0;1;1;-25,27511704;-49,92648115;"SPRF-PR";"DEL03-PR";"UOP01-DEL03-PR"
449037;2022-05-10;"terça-feira";"22:15:00";"PR";277;303;"PRUDENTOPOLIS";"Condutor usando celular";"Saída de leito carroçável";"Com Vítimas Feridas";"Plena Noite";"Crescente";"Garoa/Chuvisco";"Simples";"Reta;Aclive";"Não";1;0;1;0;0;0;1;1;-25,31293593;-51,17717028;"SPRF-PR";"DEL08-PR";"UOP01-DEL08-PR"
449040;2022-05-10;"terça-feira";"20:00:00";"PA";10;71,8;"ULIANOPOLIS";"Manobra de mudança de faixa";"Colisão frontal";"Com Vítimas Fatais";"Plena Noite";"Crescente";"Céu Claro";"Simples";"Aclive;Reta";"Não";3;1;0;1;0;3;1;5;-3,826521;-47,513492;"SPRF-PA";"DEL02-PA";"UOP02-DEL02-PA"
449042;2022-05-10;"terça-feira";"22:20:00";"MG";116;549,9;"SANTA BARBARA DO LESTE";"Transitar na contramão";"Colisão frontal";"Com Vítimas Feridas";"Plena Noite";"Crescente";"Céu Claro";"Simples";"Curva;Aclive";"Não";6;0;1;2;1;2;3;3;-19,9580211;-42,13115215;"SPRF-MG";"DEL06-MG";"UOP02-DEL06-MG"
449043;2022-05-11;"quarta-feira";"00:10:00";"SP";381;90;"SAO PAULO";"Reação tardia ou ineficiente do condutor";"Colisão traseira";"Sem Vítimas";"Plena Noite";"Decrescente";"Céu Claro";"Múltipla";"Curva;Declive;Viaduto";"Sim";4;0;0;0;2;2;0;4;-23,49479479;-46,55959864;"SPRF-SP";"DEL03-SP";"UOP01-DEL03-SP"
449044;2022-05-11;"quarta-feira";"01:20:00";"GO";153;611;"MORRINHOS";"Condutor Dormindo";"Saída de leito carroçável";"Com Vítimas Feridas";"Plena Noite";"Crescente";"Céu Claro";"Dupla";"Reta";"Não";3;0;2;0;0;1;2;2;-17,6612;-49,168;"SPRF-GO";"DEL03-GO";"UOP01-DEL03-GO"
449045;2022-05-11;"quarta-feira";"01:00:00";"PR";376;533;"PALMEIRA";"Reação tardia ou ineficiente do condutor";"Saída de leito carroçável";"Com Vítimas Feridas";"Plena Noite";"Decrescente";"Garoa/Chuvisco";"Dupla";"Reta";"Não";1;0;1;0;0;0;1;1;-25,36723068;-49,82264169;"SPRF-PR";"DEL03-PR";"UOP03-DEL03-PR"
449046;2022-05-11;"quarta-feira";"01:00:00";"PR";476;135;"CURITIBA";"Manobra de mudança de faixa";"Colisão lateral mesmo sentido";"Sem Vítimas";"Plena Noite";"Decrescente";"Chuva";"Múltipla";"Reta;Interseção de Vias";"Sim";3;0;0;0;2;1;0;3;-25,48450607;-49,26593006;"SPRF-PR";"DEL01-PR";"UOP03-DEL01-PR"
449050;2022-05-11;"quarta-feira";"01:45:00";"PR";476;336;"PAULA FREITAS";"Transitar na contramão";"Colisão frontal";"Sem Vítimas";"Plena Noite";"Decrescente";"Garoa/Chuvisco";"Simples";"Reta";"Sim";3;0;0;0;2;1;0;3;-26,1369;-50,863815;"SPRF-PR";"DEL02-PR";"UOP03-DEL02-PR"
449056;2022-05-11;"quarta-feira";"05:25:00";"RS";285;506;"ENTRE-IJUIS";"Reação tardia ou ineficiente do condutor";"Colisão traseira";"Com Vítimas Feridas";"Plena Noite";"Decrescente";"Nevoeiro/Neblina";"Simples";"Reta";"Não";4;0;2;0;1;1;2;3;-28,39140038;-54,33666229;"SPRF-RS";"DEL10-RS";"UOP01-DEL10-RS"
449062;2022-05-11;"quarta-feira";"05:30:00";"SC";101;354;"SANGAO";"Condutor Dormindo";"Colisão traseira";"Com Vítimas Feridas";"Amanhecer";"Crescente";"Nublado";"Múltipla";"Aclive;Reta";"Não";4;0;2;0;1;3;2;6;-28,61806302;-49,07013199;"SPRF-SC";"DEL02-SC";"UOP01-DEL02-SC"
449063;2022-05-11;"quarta-feira";"06:50:00";"SC";280;48;"GUARAMIRIM";"Acessar a via sem observar a presença dos outros veículos";"Colisão transversal";"Com Vítimas Feridas";"Amanhecer";"Crescente";"Nublado";"Simples";"Reta;Aclive";"Não";2;0;1;0;1;0;1;2;-26,45506795;-48,92766502;"SPRF-SC";"DEL03-SC";"UOP03-DEL03-SC"
449068;2022-05-10;"terça-feira";"05:00:00";"MG";251;258;"SALINAS";"Reação tardia ou ineficiente do condutor";"Saída de leito carroçável";"Com Vítimas Feridas";"Amanhecer";"Crescente";"Ignorado";"Simples";"Aclive";"Não";2;0;1;0;1;0;1;1;-16,00758212;-41,924691;"SPRF-MG";"DEL11-MG";"UOP02-DEL11-MG"
449072;2022-05-11;"quarta-feira";"07:58:00";"SC";282;17,6;"PALHOCA";"Condutor deixou de manter distância do veículo da frente";"Colisão traseira";"Com Vítimas Feridas";"Pleno dia";"Decrescente";"Chuva";"Simples";"Reta";"Sim";2;0;1;0;1;0;1;2;-27,665707;-48,688065;"SPRF-SC";"DEL01-SC";"UOP02-DEL01-SC"
449073;2022-05-11;"quarta-feira";"08:30:00";"RS";116;253;"SAPUCAIA DO SUL";"Manobra de mudança de faixa";"Colisão lateral mesmo sentido";"Com Vítimas Feridas";"Pleno dia";"Decrescente";"Nublado";"Múltipla";"Viaduto;Aclive";"Sim";2;0;1;0;1;0;1;2;-29,81784209;-51,16996166;"SPRF-RS";"DEL01-RS";"UOP02-DEL01-RS"
449075;2022-05-11;"quarta-feira";"05:00:00";"RJ";493;54;"DUQUE DE CAXIAS";"Condutor deixou de manter distância do veículo da frente";"Colisão traseira";"Com Vítimas Feridas";"Amanhecer";"Decrescente";"Céu Claro";"Dupla";"Reta";"Sim";3;0;2;0;0;1;2;3;-22,672089;-43,285053;"SPRF-RJ";"DEL01-RJ";"UOP01-DEL01-RJ"
449077;2022-05-11;"quarta-feira";"05:50:00";"SC";470;341,7;"CAMPOS NOVOS";"Desrespeitar a preferência no cruzamento";"Colisão transversal";"Com Vítimas Fatais";"Amanhecer";"Crescente";"Nublado";"Simples";"Reta";"Não";5;1;0;2;1;1;2;3;-27,5300913;-51,3883967;"SPRF-SC";"DEL07-SC";"UOP06-DEL07-SC"
449079;2022-05-11;"quarta-feira";"06:50:00";"MG";381;715,5;"CARMO DA CACHOEIRA";"Reação tardia ou ineficiente do condutor";"Colisão traseira";"Com Vítimas Feridas";"Amanhecer";"Crescente";"Céu Claro";"Dupla";"Curva";"Não";4;0;2;0;1;1;2;3;-21,42109296;-45,21293927;"SPRF-MG";"DEL04-MG";"UOP02-DEL04-MG"
449080;2022-05-03;"terça-feira";"19:00:00";"MT";158;749;"BARRA DO GARCAS";"Ausência de reação do condutor";"Capotamento";"Com Vítimas Feridas";"Anoitecer";"Crescente";"Céu Claro";"Simples";"Reta";"Não";1;0;1;0;0;0;1;1;-15,47903301;-52,20282258;"SPRF-MT";"DEL07-MT";"UOP01-DEL07-MT"
449085;2022-05-11;"quarta-feira";"08:20:00";"SC";101;234;"PALHOCA";"Pista Escorregadia";"Queda de ocupante de veículo";"Com Vítimas Feridas";"Pleno dia";"Decrescente";"Garoa/Chuvisco";"Dupla";"Reta";"Não";3;0;0;1;1;1;1;3;-27,81043812;-48,63537111;"SPRF-SC";"DEL01-SC";"UOP02-DEL01-SC"
449086;2022-03-20;"domingo";"18:50:00";"RJ";116;237;"PIRAI";"Chuva";"Colisão com objeto";"Sem Vítimas";"Plena Noite";"Decrescente";"Chuva";"Dupla";"Reta";"Não";3;0;0;0;2;1;0;3;-22,6648253;-43,8735;"SPRF-RJ";"DEL07-RJ";"UOP01-DEL07-RJ"
449088;2022-05-11;"quarta-feira";"10:00:00";"PR";277;307;"GUARAPUAVA";"Reação tardia ou ineficiente do condutor";"Tombamento";"Com Vítimas Feridas";"Pleno dia";"Decrescente";"Céu Claro";"Simples";"Curva";"Não";1;0;1;0;0;0;1;1;-25,30334725;-51,15427693;"SPRF-PR";"DEL08-PR";"UOP01-DEL08-PR"
449091;2022-05-11;"quarta-feira";"09:30:00";"MG";50;183;"UBERABA";"Condutor Dormindo";"Colisão traseira";"Com Vítimas Feridas";"Pleno dia";"Decrescente";"Céu Claro";"Dupla";"Reta";"Sim";5;0;2;0;2;1;2;3;-19,80163169;-47,90598553;"SPRF-MG";"DEL13-MG";"UOP01-DEL13-MG"
449098;2022-05-11;"quarta-feira";"06:30:00";"RS";285;236;"MULITERNO";"Reação tardia ou ineficiente do condutor";"Tombamento";"Com Vítimas Feridas";"Amanhecer";"Crescente";"Nublado";"Simples";"Declive";"Não";3;0;1;0;1;1;1;2;-28,24946;-51,840935;"SPRF-RS";"DEL08-RS";"UOP03-DEL08-RS"
449103;2022-02-07;"segunda-feira";"18:20:00";"PR";158;371,9;"MARQUINHO";"Velocidade Incompatível";"Saída de leito carroçável";"Com Vítimas Fatais";"Anoitecer";"Decrescente";"Céu Claro";"Simples";"Ponte;Curva";"Não";4;2;0;2;0;0;2;1;-25,14085581;-52,28736877;"SPRF-PR";"DEL04-PR";"UOP02-DEL04-PR"
449104;2022-02-09;"quarta-feira";"09:00:00";"SP";116;341;"MIRACATU";"Velocidade Incompatível";"Colisão traseira";"Com Vítimas Feridas";"Pleno dia";"Decrescente";"Céu Claro";"Dupla";"Curva";"Não";6;0;2;2;2;0;4;2;-24,00990014;-47,16199395;"SPRF-SP";"DEL04-SP";"UOP02-DEL04-SP"
449107;2022-02-10;"quinta-feira";"18:00:00";"RJ";116;190;"QUEIMADOS";"Condutor deixou de manter distância do veículo da frente";"Colisão traseira";"Com Vítimas Feridas";"Plena Noite";"Crescente";"Chuva";"Dupla";"Reta";"Não";2;0;1;0;1;0;1;2;-22,74123776;-43,5007311;"SPRF-RJ";"DEL01-RJ";"UOP02-DEL01-RJ"
449109;2022-02-11;"sexta-feira";"13:10:00";"BA";324;523;"FEIRA DE SANTANA";"Curva acentuada";"Tombamento";"Sem Vítimas";"Pleno dia";"Crescente";"Céu Claro";"Dupla";"Curva";"Não";1;0;0;0;1;0;0;1;-12,29007099;-38,91206799;"SPRF-BA";"DEL01-BA";"UOP03-DEL01-BA"
449112;2022-02-11;"sexta-feira";"15:00:00";"MG";354;771;"ITAMONTE";"Acostamento em desnível";"Tombamento";"Sem Vítimas";"Pleno dia";"Decrescente";"Céu Claro";"Simples";"Curva";"Não";2;0;0;0;1;1;0;2;-22,36470902;-44,77070101;"SPRF-MG";"DEL17-MG";"UOP01-DEL17-MG"
449115;2022-02-12;"sábado";"04:00:00";"MG";40;495,1;"ESMERALDAS";"Reação tardia ou ineficiente do condutor";"Colisão traseira";"Com Vítimas Feridas";"Plena Noite";"Crescente";"Chuva";"Dupla";"Curva";"Não";3;0;2;0;1;0;2;2;-19,66258914;-44,19686822;"SPRF-MG";"DEL02-MG";"UOP01-DEL02-MG"
449127;2022-02-13;"domingo";"10:50:00";"AL";101;16,7;"NOVO LINO";"Manobra de mudança de faixa";"Tombamento";"Com Vítimas Feridas";"Pleno dia";"Crescente";"Céu Claro";"Dupla";"Curva";"Não";2;0;1;0;0;3;1;4;-8,99730698;-35,6760262;"SPRF-AL";"DEL01-AL";"UOP02-DEL01-AL"
449128;2022-02-13;"domingo";"08:45:00";"PR";277;137;"BALSA NOVA";"Ausência de reação do condutor";"Colisão com objeto";"Sem Vítimas";"Pleno dia";"Crescente";"Céu Claro";"Dupla";"Curva";"Não";2;0;0;0;1;1;0;2;-25,47546923;-49,72120285;"SPRF-PR";"DEL01-PR";"UOP03-DEL03-PR"
449130;2022-02-13;"domingo";"18:15:00";"AL";101;48;"FLEXEIRAS";"Velocidade Incompatível";"Saída de leito carroçável";"Com Vítimas Feridas";"Plena Noite";"Decrescente";"Céu Claro";"Dupla";"Curva";"Não";2;0;0;1;0;1;1;2;-9,22279792;-35,77608338;"SPRF-AL";"DEL01-AL";"UOP02-DEL01-AL"
449134;2022-05-11;"quarta-feira";"11:20:00";"AL";101;139;"SAO MIGUEL DOS CAMPOS";"Desrespeitar a preferência no cruzamento";"Colisão transversal";"Com Vítimas Feridas";"Pleno dia";"Crescente";"Garoa/Chuvisco";"Simples";"Rotatória";"Sim";4;0;2;0;2;0;2;2;-9,81757382;-36,1216713;"SPRF-AL";"DEL02-AL";"UOP01-DEL02-AL"
449139;2022-02-14;"segunda-feira";"02:30:00";"GO";20;142,5;"ALVORADA DO NORTE";"Chuva";"Colisão transversal";"Sem Vítimas";"Plena Noite";"Crescente";"Chuva";"Simples";"Reta";"Não";2;0;0;0;1;1;0;2;-14,759251;-46,671932;"SPRF-DF";"DEL02-DF";"UOP03-DEL02-DF"
449143;2022-02-14;"segunda-feira";"06:30:00";"RJ";0;0;"TERESOPOLIS";"Condutor Dormindo";"Saída de leito carroçável";"Com Vítimas Feridas";"Amanhecer";"Não Informado";"Céu Claro";"Simples";"Reta";"Não";2;0;1;0;0;1;1;2;-22,3518291;-42,9410218;"SPRF-RJ";"DEL04-RJ";"N/A"
449145;2022-02-14;"segunda-feira";"23:14:00";"CE";116;28;"ITAITINGA";"Condutor Dormindo";"Saída de leito carroçável";"Com Vítimas Feridas";"Pleno dia";"Crescente";"Céu Claro";"Múltipla";"Reta";"Não";6;0;2;2;1;2;4;4;-3,993072;-38,516277;"SPRF-CE";"DEL01-CE";"UOP02-DEL01-CE"
449146;2022-02-15;"terça-feira";"11:30:00";"CE";222;115;"ITAPAJE";"Demais falhas mecânicas ou elétricas";"Saída de leito carroçável";"Com Vítimas Feridas";"Pleno dia";"Crescente";"Nublado";"Simples";"Curva;Aclive";"Sim";2;0;0;1;0;1;1;2;-3,74504732;-39,53630708;"SPRF-CE";"DEL04-CE";"UOP03-DEL04-CE"
449147;2022-02-15;"terça-feira";"12:55:00";"SC";116;221;"CORREIA PINTO";"Condutor deixou de manter distância do veículo da frente";"Colisão traseira";"Com Vítimas Feridas";"Pleno dia";"Decrescente";"Céu Claro";"Simples";"Reta;Declive";"Sim";2;0;1;0;1;0;1;2;-27,58573399;-50,36555188;"SPRF-SC";"DEL05-SC";"UOP03-DEL05-SC"
449150;2022-02-15;"terça-feira";"09:40:00";"CE";116;514,4;"BREJO SANTO";"Ausência de reação do condutor";"Saída de leito carroçável";"Com Vítimas Feridas";"Pleno dia";"Decrescente";"Céu Claro";"Simples";"Reta";"Não";2;0;1;0;0;1;1;2;-7,55516697;-39,01942025;"SPRF-CE";"DEL05-CE";"UOP03-DEL05-CE"
449151;2022-02-15;"terça-feira";"21:08:00";"PE";316;28;"ARARIPINA";"Transitar no acostamento";"Colisão lateral mesmo sentido";"Sem Vítimas";"Plena Noite";"Crescente";"Ignorado";"Simples";"Reta";"Não";3;0;0;0;2;1;0;3;-7,61746864;-40,48060285;"SPRF-PE";"DEL05-PE";"UOP02-DEL05-PE"
449152;2022-02-16;"quarta-feira";"01:05:00";"MG";381;737,5;"TRES CORACOES";"Velocidade Incompatível";"Tombamento";"Com Vítimas Feridas";"Plena Noite";"Crescente";"Nublado";"Dupla";"Reta";"Não";1;0;1;0;0;0;1;1;-21,59740119;-45,23880352;"SPRF-MG";"DEL16-MG";"UOP02-DEL16-MG"
449156;2022-02-16;"quarta-feira";"08:10:00";"PR";376;667,4;"GUARATUBA";"Problema com o freio";"Capotamento";"Com Vítimas Fatais";"Pleno dia";"Crescente";"Céu Claro";"Dupla";"Curva";"Não";2;1;0;0;0;1;0;2;-25,86649659;-48,94666822;"SPRF-PR";"DEL01-PR";"UOP04-DEL01-PR"
449157;2022-02-16;"quarta-feira";"11:40:00";"RJ";393;161;"TRES RIOS";"Carga excessiva e/ou mal acondicionada";"Derramamento de carga";"Sem Vítimas";"Pleno dia";"Decrescente";"Céu Claro";"Simples";"Curva";"Não";2;0;0;0;1;1;0;2;-22,10009245;-43,09370325;"SPRF-RJ";"DEL05-RJ";"UOP02-DEL05-RJ"
449160;2022-02-16;"quarta-feira";"16:00:00";"RJ";493;25;"SAPUCAIA";"Avarias e/ou desgaste excessivo no pneu";"Incêndio";"Sem Vítimas";"Pleno dia";"Crescente";"Céu Claro";"Simples";"Reta";"Não";2;0;0;0;1;1;0;2;-22,03820204;-42,78241995;"SPRF-RJ";"DEL04-RJ";"UOP02-DEL04-RJ"
449161;2022-05-11;"quarta-feira";"10:50:00";"PR";369;475,8;"CORBELIA";"Carga excessiva e/ou mal acondicionada";"Tombamento";"Com Vítimas Feridas";"Pleno dia";"Crescente";"Céu Claro";"Simples";"Curva;Declive";"Não";2;0;1;0;0;1;1;2;-24,5959;-53,2055;"SPRF-PR";"DEL04-PR";"UOP03-DEL04-PR"
449165;2022-02-17;"quinta-feira";"04:30:00";"DF";60;8,8;"BRASILIA";"Acumulo de água sobre o pavimento";"Saída de leito carroçável";"Com Vítimas Feridas";"Plena Noite";"Crescente";"Chuva";"Dupla";"Declive";"Sim";1;0;1;0;0;0;1;1;-15,901237;-48,122334;"SPRF-DF";"DEL03-DF";"UOP01-DEL03-DF"
449169;2022-02-17;"quinta-feira";"03:48:00";"RJ";116;210,4;"SEROPEDICA";"Reação tardia ou ineficiente do condutor";"Colisão traseira";"Com Vítimas Fatais";"Plena Noite";"Crescente";"Céu Claro";"Dupla";"Declive";"Não";4;1;0;1;1;14;1;16;-22,70502784;-43,74062777;"SPRF-RJ";"DEL01-RJ";"UOP03-DEL01-RJ"
449173;2022-02-17;"quinta-feira";"11:45:00";"SC";282;494,9;"XANXERE";"Condutor usando celular";"Saída de leito carroçável";"Com Vítimas Feridas";"Pleno dia";"Crescente";"Céu Claro";"Simples";"Declive";"Não";1;0;1;0;0;0;1;1;-26,8861;-52,42499;"SPRF-SC";"DEL07-SC";"UOP01-DEL07-SC"
449174;2022-02-17;"quinta-feira";"16:20:00";"MG";251;474,1;"FRANCISCO SA";"Demais falhas mecânicas ou elétricas";"Colisão com objeto";"Com Vítimas Feridas";"Pleno dia";"Crescente";"Chuva";"Simples";"Curva";"Não";2;0;0;1;0;2;1;3;-16,47130466;-43,45673904;"SPRF-MG";"DEL12-MG";"UOP01-DEL12-MG"
449180;2022-02-18;"sexta-feira";"06:30:00";"SC";101;160;"TIJUCAS";"Reação tardia ou ineficiente do condutor";"Colisão com objeto";"Sem Vítimas";"Pleno dia";"Crescente";"Céu Claro";"Dupla";"Reta";"Sim";3;0;0;0;2;1;0;3;-27,20831288;-48,61987922;"SPRF-SC";"DEL04-SC";"UOP03-DEL04-SC"
449181;2022-05-11;"quarta-feira";"11:00:00";"RO";364;124,9;"PIMENTA BUENO";"Ultrapassagem Indevida";"Colisão lateral mesmo sentido";"Com Vítimas Feridas";"Pleno dia";"Crescente";"Céu Claro";"Simples";"Declive";"Não";4;0;1;0;2;2;1;4;-12,09586189;-60,7539957;"SPRF-RO";"DEL02-RO";"UOP02-DEL02-RO"
449185;2022-02-18;"sexta-feira";"11:20:00";"RJ";116;176;"NOVA IGUACU";"Reação tardia ou ineficiente do condutor";"Colisão traseira";"Sem Vítimas";"Pleno dia";"Crescente";"Nublado";"Múltipla";"Reta";"Sim";2;0;0;0;2;0;0;2;-22,7839538;-43,38195488;"SPRF-RJ";"DEL01-RJ";"UOP02-DEL01-RJ"
449191;2022-02-19;"sábado";"11:00:00";"RJ";101;327;"RIO DE JANEIRO";"Objeto estático sobre o leito carroçável";"Colisão traseira";"Com Vítimas Feridas";"Pleno dia";"Decrescente";"Nublado";"Múltipla";"Aclive";"Não";2;0;1;0;1;0;1;2;-22,87117393;-43,15595099;"SPRF-RJ";"DEL02-RJ";"UOP02-DEL02-RJ"
449193;2022-02-19;"sábado";"13:40:00";"MG";50;54;"ARAGUARI";"Ausência de reação do condutor";"Saída de leito carroçável";"Com Vítimas Feridas";"Pleno dia";"Crescente";"Chuva";"Dupla";"Curva";"Não";1;0;1;0;0;0;1;1;-18,76664393;-48,24409132;"SPRF-MG";"DEL15-MG";"UOP02-DEL15-MG"
449194;2022-02-20;"domingo";"10:40:00";"RJ";40;115;"DUQUE DE CAXIAS";"Carga excessiva e/ou mal acondicionada";"Colisão transversal";"Com Vítimas Feridas";"Pleno dia";"Decrescente";"Sol";"Múltipla";"Reta";"Não";2;0;1;0;1;0;1;2;-22,72756999;-43,2891609;"SPRF-RJ";"DEL01-RJ";"UOP01-DEL01-RJ"
449200;2022-02-21;"segunda-feira";"16:10:00";"SC";101;152,4;"PORTO BELO";"Ultrapassagem Indevida";"Colisão lateral mesmo sentido";"Com Vítimas Feridas";"Pleno dia";"Crescente";"Céu Claro";"Múltipla";"Reta";"Sim";3;0;1;0;1;1;1;3;-27,13563503;-48,61004665;"SPRF-SC";"DEL04-SC";"UOP03-DEL04-SC"
449201;2022-02-21;"segunda-feira";"17:20:00";"MG";50;43,8;"ARAGUARI";"Condutor deixou de manter distância do veículo da frente";"Colisão traseira";"Com Vítimas Feridas";"Pleno dia";"Decrescente";"Nublado";"Dupla";"Reta;Aclive";"Não";3;0;1;0;1;1;1;3;-18,69834223;-48,1855417;"SPRF-MG";"DEL15-MG";"UOP02-DEL15-MG"
449210;2022-05-11;"quarta-feira";"14:30:00";"RS";158;191,9;"CRUZ ALTA";"Desrespeitar a preferência no cruzamento";"Colisão transversal";"Com Vítimas Feridas";"Pleno dia";"Crescente";"Céu Claro";"Simples";"Interseção de Vias";"Não";2;0;1;0;1;0;1;2;-28,61275316;-53,57466428;"SPRF-RS";"DEL10-RS";"UOP02-DEL10-RS"
449211;2022-05-11;"quarta-feira";"14:05:00";"ES";101;8;"PEDRO CANARIO";"Reação tardia ou ineficiente do condutor";"Tombamento";"Com Vítimas Feridas";"Pleno dia";"Crescente";"Céu Claro";"Simples";"Curva";"Não";2;0;2;0;0;0;2;1;-18,23027961;-39,95278417;"SPRF-ES";"DEL04-ES";"UOP02-DEL04-ES"
449215;2022-05-11;"quarta-feira";"07:45:00";"SC";116;65,1;"PAPANDUVA";"Transitar na contramão";"Colisão frontal";"Com Vítimas Feridas";"Pleno dia";"Crescente";"Nublado";"Dupla";"Reta";"Não";6;0;1;2;2;1;3;4;-26,42445099;-50,2281171;"SPRF-SC";"DEL06-SC";"UOP02-DEL06-SC"
449217;2022-05-11;"quarta-feira";"15:00:00";"ES";101;336,9;"GUARAPARI";"Acessar a via sem observar a presença dos outros veículos";"Colisão transversal";"Com Vítimas Feridas";"Pleno dia";"Crescente";"Céu Claro";"Simples";"Reta";"Não";3;0;0;1;1;1;1;3;-20,63323608;-40,53982973;"SPRF-ES";"DEL03-ES";"UOP01-DEL03-ES"
449221;2022-05-11;"quarta-feira";"14:15:00";"RS";290;181,9;"MINAS DO LEAO";"Acesso irregular";"Atropelamento de Animal";"Com Vítimas Feridas";"Pleno dia";"Decrescente";"Nublado";"Simples";"Reta;Declive";"Sim";2;0;0;1;1;0;1;2;-30,140005;-52,023026;"SPRF-RS";"DEL02-RS";"UOP03-DEL02-RS"
449226;2022-05-11;"quarta-feira";"15:10:00";"PR";376;309,8;"ORTIGUEIRA";"Manobra de mudança de faixa";"Colisão lateral mesmo sentido";"Com Vítimas Feridas";"Pleno dia";"Crescente";"Céu Claro";"Dupla";"Reta";"Não";3;0;1;0;1;2;1;4;-23,9645741;-51,11439223;"SPRF-PR";"DEL07-PR";"UOP02-DEL07-PR"
449230;2022-05-11;"quarta-feira";"10:00:00";"MG";356;265,4;"MURIAE";"Condutor deixou de manter distância do veículo da frente";"Colisão traseira";"Com Vítimas Feridas";"Pleno dia";"Decrescente";"Sol";"Simples";"Curva";"Sim";3;0;2;0;1;0;2;2;-21,12680568;-42,37018174;"SPRF-MG";"DEL07-MG";"UOP02-DEL07-MG"
449233;2022-05-11;"quarta-feira";"15:46:00";"SP";116;213;"GUARULHOS";"Condutor deixou de manter distância do veículo da frente";"Colisão traseira";"Com Vítimas Feridas";"Pleno dia";"Decrescente";"Céu Claro";"Múltipla";"Reta";"Sim";4;0;1;0;2;1;1;3;-23,43971486;-46,43667806;"SPRF-SP";"DEL01-SP";"UOP01-DEL01-SP"
449238;2022-05-11;"quarta-feira";"15:50:00";"MG";381;827;"CAREACU";"Carga excessiva e/ou mal acondicionada";"Derramamento de carga";"Sem Vítimas";"Pleno dia";"Decrescente";"Céu Claro";"Dupla";"Reta";"Não";3;0;0;0;2;1;0;3;-22,10783668;-45,73872826;"SPRF-MG";"DEL16-MG";"UOP01-DEL16-MG"
449244;2022-05-11;"quarta-feira";"16:15:00";"RS";290;215,8;"PANTANO GRANDE";"Avarias e/ou desgaste excessivo no pneu";"Colisão frontal";"Com Vítimas Feridas";"Pleno dia";"Crescente";"Céu Claro";"Simples";"Reta";"Sim";2;0;1;0;1;0;1;2;-30,19124575;-52,37839222;"SPRF-RS";"DEL02-RS";"UOP03-DEL02-RS"
449245;2022-05-11;"quarta-feira";"16:55:00";"SC";101;118;"ITAJAI";"Ausência de reação do condutor";"Colisão traseira";"Com Vítimas Feridas";"Pleno dia";"Decrescente";"Céu Claro";"Múltipla";"Reta";"Sim";5;0;2;0;2;1;2;3;-26,88747187;-48,72252969;"SPRF-SC";"DEL04-SC";"UOP04-DEL04-SC"
449250;2022-05-11;"quarta-feira";"17:30:00";"GO";153;498;"GOIANIA";"Chuva";"Saída de leito carroçável";"Com Vítimas Feridas";"Pleno dia";"Decrescente";"Nublado";"Múltipla";"Curva";"Sim";5;0;3;0;1;1;3;3;-16,6939;-49,2321;"SPRF-GO";"DEL01-GO";"UOP01-DEL01-GO"
449253;2022-05-11;"quarta-feira";"17:17:00";"PB";230;153,6;"CAMPINA GRANDE";"Transitar na contramão";"Colisão frontal";"Com Vítimas Fatais";"Pleno dia";"Decrescente";"Nublado";"Simples";"Reta";"Sim";3;1;0;0;1;1;0;3;-7,2763;-35,8887;"SPRF-PB";"DEL02-PB";"UOP01-DEL02-PB"
449256;2022-05-10;"terça-feira";"10:50:00";"MG";116;377;"MATHIAS LOBATO";"Condutor Dormindo";"Colisão frontal";"Com Vítimas Feridas";"Pleno dia";"Decrescente";"Céu Claro";"Simples";"Reta";"Não";6;0;5;1;0;0;6;2;-18,59671795;-41,9254726;"SPRF-MG";"DEL06-MG";"UOP01-DEL06-MG"