"id";"data_inversa";"dia_semana";"horario";"uf";"br";"km";"municipio";"causa_acidente";"tipo_acidente";"classificacao_acidente";"fase_dia";"sentido_via";"condicao_metereologica";"tipo_pista";"tracado_via";"uso_solo";"pessoas";"mortos";"feridos_leves";"feridos_graves";"ilesos";"ignorados";"feridos";"veiculos";"latitude";"longitude";"regional";"delegacia";"uop"
449579;2022-05-13;"sexta-feira";"07:00:00";"PR";116;122;"CURITIBA";"Trafegar com motocicleta (ou similar) entre as faixas";"Colisão lateral mesmo sentido";"Com Vítimas Feridas";"Pleno dia";"Crescente";"Céu Claro";"Múltipla";"Curva";"Não";3;0;0;1;1;1;1;3;-25,56857207;-49,31023179;"SPRF-PR";"DEL01-PR";"UOP03-DEL01-PR"
449586;2022-05-13;"sexta-feira";"08:44:00";"GO";153;509;"APARECIDA DE GOIANIA";"Ingestão de álcool pelo condutor";"Colisão lateral mesmo sentido";"Com Vítimas Feridas";"Pleno dia";"Decrescente";"Céu Claro";"Dupla";"Reta";"Sim";3;0;1;0;1;1;1;3;-16,7888;-49,2379;"SPRF-GO";"DEL01-GO";"UOP03-DEL01-GO"
449601;2022-05-13;"sexta-feira";"11:20:00";"MA";10;250,7;"IMPERATRIZ";"Ultrapassagem Indevida";"Colisão transversal";"Com Vítimas Feridas";"Pleno dia";"Decrescente";"Céu Claro";"Simples";"Interseção de Vias";"Sim";2;0;1;0;1;0;1;2;-5,550874;-47,459305;"SPRF-MA";"DEL04-MA";"UOP01-DEL04-MA"
449606;2022-05-13;"sexta-feira";"10:45:00";"RS";285;162;"MUITOS CAPOES";"Velocidade Incompatível";"Tombamento";"Sem Vítimas";"Pleno dia";"Crescente";"Céu Claro";"Simples";"Curva";"Não";2;0;0;0;1;1;0;2;-28,318995;-51,246716;"SPRF-RS";"DEL05-RS";"UOP03-DEL05-RS"
449612;2022-05-13;"sexta-feira";"11:35:00";"PE";408;63;"CARPINA";"Acessar a via sem observar a presença dos outros veículos";"Queda de ocupante de veículo";"Com Vítimas Feridas";"Pleno dia";"Decrescente";"Céu Claro";"Simples";"Reta";"Sim";3;0;0;1;0;2;1;3;-7,840093;-35,240428;"SPRF-PE";"DEL01-PE";"UOP01-DEL01-PE"
449615;2022-04-05;"terça-feira";"18:05:00";"MS";262;245;"RIBAS DO RIO PARDO";"Reação tardia ou ineficiente do condutor";"Colisão traseira";"Com Vítimas Feridas";"Plena Noite";"Crescente";"Céu Claro";"Simples";"Reta";"Não";7;0;1;1;4;2;2;6;-20,45034097;-53,81174898;"SPRF-MS";"DEL01-MS";"UOP01-DEL01-MS"
449619;2022-05-13;"sexta-feira";"13:30:00";"MG";40;683,7;"RESSAQUINHA";"Transitar na contramão";"Colisão lateral sentido oposto";"Com Vítimas Feridas";"Pleno dia";"Crescente";"Céu Claro";"Simples";"Aclive;Curva";"Não";3;0;1;0;0;3;1;4;-21,07354665;-43,76877042;"SPRF-MG";"DEL05-MG";"UOP02-DEL05-MG"
449620;2022-05-10;"terça-feira";"13:00:00";"RS";285;208,4;"LAGOA VERMELHA";"Desrespeitar a preferência no cruzamento";"Colisão transversal";"Sem Vítimas";"Pleno dia";"Decrescente";"Chuva";"Simples";"Interseção de Vias";"Não";4;0;0;0;3;1;0;3;-28,221825;-51,598278;"SPRF-RS";"DEL08-RS";"UOP05-DEL08-RS"
449622;2022-05-13;"sexta-feira";"12:00:00";"MG";381;432;"SABARA";"Condutor deixou de manter distância do veículo da frente";"Colisão traseira";"Com Vítimas Feridas";"Pleno dia";"Decrescente";"Céu Claro";"Simples";"Curva";"Não";3;0;3;0;0;0;3;3;-19,78750571;-43,73981096;"SPRF-MG";"DEL01-MG";"UOP01-DEL01-MG"
449623;2022-05-13;"sexta-feira";"14:45:00";"RN";226;85,6;"TANGARA";"Chuva";"Colisão com objeto";"Com Vítimas Feridas";"Pleno dia";"Crescente";"Chuva";"Simples";"Declive;Ponte;Curva";"Não";2;0;2;0;0;0;2;1;-6,20721854;-35,81327314;"SPRF-RN";"DEL03-RN";"UOP02-DEL03-RN"
449627;2022-05-13;"sexta-feira";"15:25:00";"PE";407;66,3;"PETROLINA";"Mal súbito do condutor";"Colisão com objeto";"Com Vítimas Fatais";"Pleno dia";"Decrescente";"Sol";"Simples";"Declive";"Não";5;3;0;0;1;3;0;5;-8,89749109;-40,75149321;"SPRF-PE";"DEL06-PE";"UOP02-DEL06-PE"
449628;2022-05-13;"sexta-feira";"15:00:00";"RJ";116;313;"ITATIAIA";"Condutor Dormindo";"Saída de leito carroçável";"Com Vítimas Feridas";"Pleno dia";"Decrescente";"Céu Claro";"Dupla";"Reta";"Não";2;0;1;0;0;1;1;2;-22,45998766;-44,46237202;"SPRF-RJ";"DEL07-RJ";"UOP02-DEL07-RJ"
449632;2022-05-13;"sexta-feira";"16:00:00";"PB";230;159;"CAMPINA GRANDE";"Velocidade Incompatível";"Colisão traseira";"Sem Vítimas";"Pleno dia";"Decrescente";"Chuva";"Simples";"Declive";"Sim";4;0;0;0;4;0;0;4;-7,252;-35,9334;"SPRF-PB";"DEL02-PB";"UOP01-DEL02-PB"
449647;2022-05-13;"sexta-feira";"17:00:00";"SP";153;256;"MARILIA";"Ausência de reação do condutor";"Colisão traseira";"Com Vítimas Feridas";"Pleno dia";"Crescente";"Céu Claro";"Dupla";"Reta";"Sim";2;0;1;0;1;0;1;2;-22,231552;-49,91968;"SPRF-SP";"DEL07-SP";"UOP02-DEL07-SP"
449648;2022-05-13;"sexta-feira";"14:10:00";"MA";222;624,3;"ACAILANDIA";"Condutor Dormindo";"Saída de leito carroçável";"Com Vítimas Feridas";"Pleno dia";"Decrescente";"Céu Claro";"Simples";"Curva";"Não";1;0;1;0;0;0;1;1;-4,77115757;-47,06052754;"SPRF-MA";"DEL04-MA";"UOP03-DEL04-MA"
449650;2022-05-13;"sexta-feira";"10:40:00";"PE";232;81,8;"GRAVATA";"Acumulo de água sobre o pavimento";"Saída de leito carroçável";"Sem Vítimas";"Pleno dia";"Crescente";"Garoa/Chuvisco";"Dupla";"Reta";"Sim";1;0;0;0;1;0;0;1;-8,19697746;-35,57850408;"SPRF-PE";"DEL02-PE";"UOP02-DEL02PE"
449667;2022-05-13;"sexta-feira";"19:30:00";"SC";101;198;"BIGUACU";"Velocidade Incompatível";"Engavetamento";"Com Vítimas Feridas";"Plena Noite";"Crescente";"Nublado";"Dupla";"Reta";"Sim";5;0;1;0;3;1;1;4;-27,52658712;-48,63506019;"SPRF-SC";"DEL01-SC";"UOP01-DEL01-SC"
449668;2022-05-13;"sexta-feira";"18:32:00";"RO";319;63,1;"PORTO VELHO";"Ausência de reação do condutor";"Colisão traseira";"Com Vítimas Feridas";"Plena Noite";"Crescente";"Céu Claro";"Dupla";"Reta";"Sim";3;0;1;0;2;0;1;2;-8,766685;-63,884052;"SPRF-RO";"DEL01-RO";"UOP01-DEL01-RO"
449669;2022-05-13;"sexta-feira";"17:38:00";"PR";376;137,5;"NOVA ESPERANCA";"Desrespeitar a preferência no cruzamento";"Colisão transversal";"Com Vítimas Feridas";"Pleno dia";"Crescente";"Céu Claro";"Dupla";"Reta";"Sim";3;0;0;1;1;1;1;3;-23,21631106;-52,18536405;"SPRF-PR";"DEL09-PR";"UOP02-DEL09-PR"
449671;2022-05-13;"sexta-feira";"18:48:00";"MG";50;117;"UBERABA";"Reação tardia ou ineficiente do condutor";"Saída de leito carroçável";"Sem Vítimas";"Plena Noite";"Decrescente";"Céu Claro";"Dupla";"Reta";"Não";2;0;0;0;0;2;0;2;-19,28290502;-48,12107706;"SPRF-MG";"DEL13-MG";"UOP01-DEL13-MG"
449674;2022-05-13;"sexta-feira";"18:50:00";"RO";364;710;"PORTO VELHO";"Ausência de reação do condutor";"Colisão lateral mesmo sentido";"Com Vítimas Feridas";"Plena Noite";"Crescente";"Céu Claro";"Dupla";"Reta;Em Obras";"Sim";5;0;0;2;2;2;2;5;-8,78621576;-63,85712687;"SPRF-RO";"DEL01-RO";"UOP01-DEL01-RO"
449687;2022-05-13;"sexta-feira";"18:30:00";"MG";381;943;"EXTREMA";"Manobra de mudança de faixa";"Colisão lateral mesmo sentido";"Com Vítimas Feridas";"Plena Noite";"Decrescente";"Céu Claro";"Múltipla";"Reta";"Não";5;0;1;0;4;0;1;3;-22,87018424;-46,3581479;"SPRF-MG";"DEL16-MG";"UOP03-DEL16-MG"
449690;2022-05-13;"sexta-feira";"21:20:00";"ES";101;86;"SAO MATEUS";"Condutor Dormindo";"Colisão lateral sentido oposto";"Com Vítimas Feridas";"Plena Noite";"Crescente";"Nublado";"Simples";"Reta";"Não";3;0;0;1;1;3;1;5;-18,86552104;-39,93978995;"SPRF-ES";"DEL04-ES";"UOP02-DEL04-ES"
449693;2022-05-13;"sexta-feira";"21:15:00";"SP";381;64;"MAIRIPORA";"Manobra de mudança de faixa";"Colisão lateral mesmo sentido";"Sem Vítimas";"Plena Noite";"Decrescente";"Céu Claro";"Dupla";"Reta";"Sim";4;0;0;0;3;1;0;3;-23,3089645;-46,57924651;"SPRF-SP";"DEL03-SP";"UOP01-DEL03-SP"
449699;2022-05-13;"sexta-feira";"15:00:00";"MG";262;553,9;"LUZ";"Velocidade Incompatível";"Tombamento";"Com Vítimas Feridas";"Pleno dia";"Decrescente";"Sol";"Simples";"Curva;Declive";"Não";3;0;2;0;0;3;2;5;-19,70905128;-45,92296958;"SPRF-MG";"DEL08-MG";"UOP02-DEL08-MG"
449703;2022-05-13;"sexta-feira";"21:30:00";"MS";60;575,6;"GUIA LOPES DA LAGUNA";"Ausência de reação do condutor";"Saída de leito carroçável";"Com Vítimas Feridas";"Plena Noite";"Decrescente";"Céu Claro";"Simples";"Reta";"Não";2;0;1;0;0;1;1;2;-21,3813552;-56,0207538;"SPRF-MS";"DEL05-MS";"UOP01-DEL05-MS"
449706;2022-05-13;"sexta-feira";"21:47:00";"RS";285;579;"SAO LUIZ GONZAGA";"Reação tardia ou ineficiente do condutor";"Colisão lateral sentido oposto";"Com Vítimas Feridas";"Plena Noite";"Decrescente";"Céu Claro";"Simples";"Reta";"Não";3;0;1;0;1;1;1;3;-28,430254;-55,085625;"SPRF-RS";"DEL12-RS";"UOP01-DEL12-RS"
449708;2022-05-13;"sexta-feira";"22:40:00";"MA";222;662,9;"ACAILANDIA";"Ingestão de álcool pelo condutor";"Colisão frontal";"Com Vítimas Feridas";"Plena Noite";"Decrescente";"Nublado";"Simples";"Reta";"Sim";3;0;1;0;1;1;1;2;-4,88027519;-47,36113789;"SPRF-MA";"DEL04-MA";"UOP03-DEL04-MA"
449713;2022-05-13;"sexta-feira";"18:40:00";"MG";262;545;"LUZ";"Condutor Dormindo";"Colisão com objeto";"Com Vítimas Fatais";"Anoitecer";"Decrescente";"Céu Claro";"Simples";"Declive";"Não";3;1;0;0;0;3;0;4;-19,74135904;-45,84378401;"SPRF-MG";"DEL08-MG";"UOP02-DEL08-MG"
449722;2022-05-14;"sábado";"03:00:00";"SC";101;127,5;"ITAJAI";"Transitar na contramão";"Colisão frontal";"Com Vítimas Feridas";"Plena Noite";"Crescente";"Céu Claro";"Dupla";"Reta";"Sim";4;0;1;0;2;1;1;3;-26,9639319;-48,68328024;"SPRF-SC";"DEL04-SC";"UOP04-DEL04-SC"
449725;2022-05-14;"sábado";"03:10:00";"SC";470;68,4;"INDAIAL";"Acessar a via sem observar a presença dos outros veículos";"Colisão lateral mesmo sentido";"Com Vítimas Fatais";"Plena Noite";"Decrescente";"Nublado";"Simples";"Em Obras;Reta";"Sim";4;1;1;0;1;1;1;3;-26,87943;-49,24186;"SPRF-SC";"DEL04-SC";"UOP01-DEL04-SC"
449727;2022-05-14;"sábado";"04:40:00";"RN";304;157,2;"FERNANDO PEDROZA";"Ingestão de álcool pelo condutor";"Colisão transversal";"Com Vítimas Feridas";"Amanhecer";"Decrescente";"Céu Claro";"Simples";"Curva";"Sim";4;0;0;1;1;2;1;3;-5,698055;-36,537505;"SPRF-RN";"DEL04-RN";"UOP01-DEL04-RN"
449728;2022-05-14;"sábado";"05:00:00";"MG";381;492;"BETIM";"Ingestão de álcool e/ou substâncias psicoativas pelo pedestre";"Colisão lateral mesmo sentido";"Com Vítimas Feridas";"Plena Noite";"Crescente";"Céu Claro";"Dupla";"Reta";"Não";3;0;2;0;1;0;2;2;-19,97490091;-44,19004301;"SPRF-MG";"DEL01-MG";"UOP03-DEL01-MG"
449730;2022-05-14;"sábado";"04:00:00";"RS";392;641,2;"GUARANI DAS MISSOES";"Condutor Dormindo";"Colisão com objeto";"Sem Vítimas";"Plena Noite";"Crescente";"Nublado";"Simples";"Reta";"Não";2;0;0;0;1;1;0;2;-28,15230328;-54,54257011;"SPRF-RS";"DEL10-RS";"UOP01-DEL10-RS"
449731;2022-05-14;"sábado";"05:15:00";"MG";381;516,5;"IGARAPE";"Velocidade Incompatível";"Tombamento";"Sem Vítimas";"Amanhecer";"Decrescente";"Céu Claro";"Dupla";"Reta;Aclive";"Não";2;0;0;0;1;1;0;2;-20,10866993;-44,31488799;"SPRF-MG";"DEL04-MG";"UOP03-DEL04-MG"
449735;2022-05-14;"sábado";"05:15:00";"BA";242;591;"MUQUEM DE SAO FRANCISCO";"Ausência de reação do condutor";"Colisão lateral sentido oposto";"Com Vítimas Feridas";"Amanhecer";"Decrescente";"Céu Claro";"Simples";"Reta";"Não";2;0;2;0;0;0;2;2;-12,17022359;-43,26418966;"SPRF-BA";"DEL10-BA";"UOP02-DEL10-BA"
449738;2022-05-14;"sábado";"06:15:00";"CE";222;172;"IRAUCUBA";"Ingestão de álcool pelo condutor";"Colisão frontal";"Com Vítimas Fatais";"Amanhecer";"Crescente";"Sol";"Simples";"Reta";"Não";4;2;0;0;1;1;0;3;-3,75117004;-39,976959;"SPRF-CE";"DEL04-CE";"UOP03-DEL04-CE"
449739;2022-05-14;"sábado";"04:10:00";"PI";316;35,1;"DEMERVAL LOBAO";"Carga excessiva e/ou mal acondicionada";"Colisão lateral sentido oposto";"Com Vítimas Feridas";"Plena Noite";"Decrescente";"Céu Claro";"Simples";"Curva";"Não";6;0;2;1;3;0;3;5;-5,36600695;-42,67359985;"SPRF-PI";"DEL01-PI";"UOP02-DEL01-PI"
449749;2022-05-14;"sábado";"02:15:00";"PR";116;33;"CAMPINA GRANDE DO SUL";"Velocidade Incompatível";"Tombamento";"Com Vítimas Feridas";"Plena Noite";"Decrescente";"Céu Claro";"Dupla";"Curva";"Não";2;0;1;0;0;1;1;2;-25,1068163;-48,8493208;"SPRF-PR";"DEL01-PR";"UOP02-DEL01-PR"
449750;2022-05-14;"sábado";"05:00:00";"RO";319;63,4;"PORTO VELHO";"Condutor desrespeitou a iluminação vermelha do semáforo";"Colisão transversal";"Com Vítimas Feridas";"Amanhecer";"Decrescente";"Nublado";"Dupla";"Interseção de Vias";"Sim";2;0;0;1;1;0;1;2;-8,76100496;-63,88528705;"SPRF-RO";"DEL01-RO";"UOP01-DEL01-RO"
449751;2022-05-14;"sábado";"06:07:00";"PR";369;520,5;"CASCAVEL";"Transitar na contramão";"Colisão transversal";"Com Vítimas Feridas";"Amanhecer";"Crescente";"Céu Claro";"Simples";"Reta";"Não";4;0;2;0;1;2;2;4;-24,9235;-53,3911;"SPRF-PR";"DEL04-PR";"UOP01-DEL04-PR"
449752;2022-05-14;"sábado";"04:45:00";"RS";116;40,3;"VACARIA";"Reação tardia ou ineficiente do condutor";"Colisão com objeto";"Sem Vítimas";"Plena Noite";"Crescente";"Nublado";"Simples";"Interseção de Vias";"Sim";3;0;0;0;0;3;0;3;-28,51839098;-50,93942202;"SPRF-RS";"DEL05-RS";"UOP03-DEL05-RS"
449759;2022-05-14;"sábado";"04:50:00";"RO";364;280,8;"PRESIDENTE MEDICI";"Manobra de mudança de faixa";"Colisão frontal";"Com Vítimas Fatais";"Plena Noite";"Crescente";"Nevoeiro/Neblina";"Simples";"Reta";"Não";3;2;0;0;0;2;0;4;-11,37941;-61,808887;"SPRF-RO";"DEL02-RO";"UOP01-DEL02-RO"
449761;2022-05-14;"sábado";"06:45:00";"MG";381;759,9;"TRES CORACOES";"Condutor deixou de manter distância do veículo da frente";"Colisão traseira";"Com Vítimas Feridas";"Pleno dia";"Decrescente";"Céu Claro";"Dupla";"Declive;Reta";"Não";3;0;2;0;0;1;2;3;-21,71597801;-45,37713297;"SPRF-MG";"DEL16-MG";"UOP02-DEL16-MG"
449762;2022-05-13;"sexta-feira";"21:30:00";"PR";277;374;"GUARAPUAVA";"Ausência de reação do condutor";"Colisão traseira";"Com Vítimas Feridas";"Plena Noite";"Crescente";"Céu Claro";"Simples";"Reta";"Não";5;0;1;0;3;4;1;7;-25,40770914;-51,68267711;"SPRF-PR";"DEL08-PR";"UOP01-DEL08-PR"
449784;2022-05-14;"sábado";"10:25:00";"SC";470;172;"POUSO REDONDO";"Acessar a via sem observar a presença dos outros veículos";"Colisão transversal";"Com Vítimas Feridas";"Pleno dia";"Crescente";"Nublado";"Simples";"Reta";"Sim";3;0;0;1;1;1;1;3;-27,257526;-49,909592;"SPRF-SC";"DEL04-SC";"UOP02-DEL04-SC"
449790;2022-05-14;"sábado";"09:00:00";"MT";163;912;"ITAUBA";"Retorno proibido";"Colisão transversal";"Sem Vítimas";"Pleno dia";"Decrescente";"Céu Claro";"Simples";"Reta";"Não";3;0;0;0;1;3;0;4;-11,228788;-55,303055;"SPRF-MT";"DEL06-MT";"NPF/DEL06-MT"
449793;2022-05-14;"sábado";"11:30:00";"MG";381;478;"CONTAGEM";"Velocidade Incompatível";"Colisão lateral mesmo sentido";"Com Vítimas Feridas";"Pleno dia";"Decrescente";"Céu Claro";"Dupla";"Declive;Reta";"Sim";6;0;3;0;2;1;3;4;-19,960476;-44,035427;"SPRF-MG";"DEL01-MG";"UOP03-DEL01-MG"
449798;2022-05-14;"sábado";"09:30:00";"MG";267;286,5;"BAEPENDI";"Velocidade Incompatível";"Tombamento";"Sem Vítimas";"Pleno dia";"Crescente";"Céu Claro";"Simples";"Curva";"Não";2;0;0;0;1;1;0;2;-21,92460612;-44,77877599;"SPRF-MG";"DEL17-MG";"UOP01-DEL17-MG"
449800;2022-05-14;"sábado";"11:50:00";"RJ";116;225,5;"PIRAI";"Manobra de mudança de faixa";"Colisão lateral mesmo sentido";"Sem Vítimas";"Pleno dia";"Crescente";"Sol";"Dupla";"Curva";"Não";3;0;0;0;3;0;0;2;-22,679905;-43,814217;"SPRF-RJ";"DEL07-RJ";"UOP01-DEL07-RJ"
449801;2022-05-14;"sábado";"11:10:00";"BA";101;944,5;"MUCURI";"Acessar a via sem observar a presença dos outros veículos";"Colisão transversal";"Com Vítimas Feridas";"Pleno dia";"Decrescente";"Céu Claro";"Simples";"Interseção de Vias";"Não";5;0;2;0;2;3;2;5;-18,16840196;-39,91873914;"SPRF-BA";"DEL09-BA";"UOP02-DEL09-BA"
449804;2022-05-14;"sábado";"12:20:00";"PE";101;43,8;"IGARASSU";"Reação tardia ou ineficiente do condutor";"Engavetamento";"Com Vítimas Feridas";"Pleno dia";"Crescente";"Nublado";"Múltipla";"Reta";"Sim";6;0;3;0;3;0;3;4;-7,84753808;-34,90977038;"SPRF-PE";"DEL01-PE";"UOP02-DEL01-PE"
449810;2022-05-14;"sábado";"10:20:00";"MG";365;523;"MONTE CARMELO";"Velocidade Incompatível";"Tombamento";"Com Vítimas Feridas";"Pleno dia";"Decrescente";"Céu Claro";"Dupla";"Reta";"Sim";2;0;1;0;0;1;1;2;-18,90891261;-47,43327391;"SPRF-MG";"DEL10-MG";"UOP01-DEL10-MG"
449818;2022-05-14;"sábado";"10:50:00";"PA";316;18;"BENEVIDES";"Reação tardia ou ineficiente do condutor";"Colisão traseira";"Com Vítimas Feridas";"Pleno dia";"Decrescente";"Garoa/Chuvisco";"Dupla";"Reta";"Não";6;0;4;0;2;0;4;2;-1,36485638;-48,29643999;"SPRF-PA";"DEL01-PA";"UOP01-DEL01-PA"
449823;2022-05-14;"sábado";"10:20:00";"RO";364;394;"OURO PRETO DO OESTE";"Condutor deixou de manter distância do veículo da frente";"Colisão traseira";"Com Vítimas Feridas";"Pleno dia";"Crescente";"Céu Claro";"Simples";"Declive;Reta";"Não";5;0;1;0;3;1;1;5;-10,64530994;-62,30854892;"SPRF-RO";"DEL03-RO";"UOP02-DEL03-RO"
449825;2022-05-14;"sábado";"14:50:00";"PR";376;489;"PONTA GROSSA";"Ingestão de álcool pelo condutor";"Colisão lateral mesmo sentido";"Sem Vítimas";"Pleno dia";"Crescente";"Céu Claro";"Dupla";"Reta";"Sim";3;0;0;0;2;1;0;3;-25,14172584;-50,1586859;"SPRF-PR";"DEL03-PR";"UOP01-DEL03-PR"
449828;2022-05-14;"sábado";"14:10:00";"PI";316;305;"PICOS";"Manobra de mudança de faixa";"Colisão frontal";"Com Vítimas Feridas";"Pleno dia";"Crescente";"Céu Claro";"Simples";"Curva";"Sim";3;0;1;0;1;1;1;3;-7,06858767;-41,50981752;"SPRF-PI";"DEL04-PI";"UOP01-DEL04-PI"
449836;2022-05-14;"sábado";"14:30:00";"GO";153;60;"PORANGATU";"Acessar a via sem observar a presença dos outros veículos";"Colisão frontal";"Com Vítimas Feridas";"Pleno dia";"Crescente";"Céu Claro";"Simples";"Reta";"Não";5;0;3;0;1;1;3;3;-13,341805;-49,121559;"SPRF-GO";"DEL07-GO";"UOP01-DEL07-GO"
449838;2022-05-14;"sábado";"15:50:00";"ES";101;88,4;"SAO MATEUS";"Obras na pista";"Engavetamento";"Com Vítimas Feridas";"Pleno dia";"Decrescente";"Garoa/Chuvisco";"Simples";"Reta";"Não";6;0;2;0;3;1;2;4;-18,88167392;-39,94813218;"SPRF-ES";"DEL04-ES";"UOP02-DEL04-ES"
449870;2022-05-14;"sábado";"13:30:00";"BA";101;350;"TEOLANDIA";"Ausência de reação do condutor";"Tombamento";"Com Vítimas Feridas";"Pleno dia";"Decrescente";"Céu Claro";"Simples";"Curva";"Não";2;0;1;0;0;1;1;2;-13,65399383;-39,48451996;"SPRF-BA";"DEL05-BA";"UOP03-DEL05-BA"
449873;2022-05-14;"sábado";"16:00:00";"PE";316;238;"BELEM DE SAO FRANCISCO";"Demais falhas mecânicas ou elétricas";"Incêndio";"Sem Vítimas";"Pleno dia";"Crescente";"Céu Claro";"Simples";"Reta";"Não";2;0;0;0;1;1;0;2;-8,62871324;-39,06725909;"SPRF-PE";"DEL05-PE";"UOP03-DEL05-PE"
449878;2022-05-14;"sábado";"19:30:00";"PI";135;510;"MONTE ALEGRE DO PIAUI";"Ausência de reação do condutor";"Colisão traseira";"Com Vítimas Fatais";"Plena Noite";"Crescente";"Céu Claro";"Simples";"Reta";"Não";2;1;0;0;0;1;0;2;-9,73827734;-45,26741798;"SPRF-PI";"DEL03-PI";"UOP02-DEL03-PI"
449887;2022-05-14;"sábado";"16:30:00";"MT";158;461,5;"RIBEIRAO CASCALHEIRA";"Velocidade Incompatível";"Tombamento";"Sem Vítimas";"Pleno dia";"Crescente";"Céu Claro";"Simples";"Reta";"Não";2;0;0;0;1;2;0;3;-13,19199308;-51,91484104;"SPRF-MT";"DEL07-MT";"UOP02-DEL07-MT"
449888;2022-05-14;"sábado";"20:00:00";"SP";116;60;"GUARATINGUETA";"Manobra de mudança de faixa";"Colisão lateral mesmo sentido";"Com Vítimas Feridas";"Plena Noite";"Crescente";"Céu Claro";"Dupla";"Reta";"Não";2;0;1;0;1;0;1;2;-22,79106843;-45,16105167;"SPRF-SP";"DEL08-SP";"UOP01-DEL08-SP"
449907;2022-05-14;"sábado";"20:50:00";"ES";101;195;"JOAO NEIVA";"Ingestão de álcool pelo condutor";"Colisão lateral sentido oposto";"Com Vítimas Feridas";"Plena Noite";"Crescente";"Céu Claro";"Simples";"Aclive";"Não";7;0;0;3;3;1;3;5;-19,70198612;-40,32193499;"SPRF-ES";"DEL04-ES";"UOP01-DEL04-ES"
449910;2022-05-14;"sábado";"16:00:00";"MG";116;247,5;"TEOFILO OTONI";"Transitar na contramão";"Colisão frontal";"Com Vítimas Feridas";"Pleno dia";"Decrescente";"Céu Claro";"Simples";"Curva";"Não";3;0;0;1;1;1;1;3;-17,61897085;-41,49935745;"SPRF-MG";"DEL11-MG";"UOP01-DEL11-MG"
449911;2022-05-14;"sábado";"22:23:00";"AL";101;33,8;"JOAQUIM GOMES";"Reação tardia ou ineficiente do condutor";"Capotamento";"Com Vítimas Feridas";"Plena Noite";"Crescente";"Chuva";"Dupla";"Curva";"Não";1;0;1;0;0;0;1;1;-9,11439602;-35,76425074;"SPRF-AL";"DEL01-AL";"UOP02-DEL01-AL"
449917;2022-05-14;"sábado";"17:00:00";"CE";222;301;"TIANGUA";"Demais falhas mecânicas ou elétricas";"Saída de leito carroçável";"Com Vítimas Fatais";"Anoitecer";"Decrescente";"Nublado";"Simples";"Curva";"Não";2;1;1;0;0;0;1;1;-3,66159701;-40,940041;"SPRF-CE";"DEL04-CE";"UOP02-DEL04-CE"
449918;2022-05-14;"sábado";"22:11:00";"SP";116;126;"CACAPAVA";"Ausência de reação do condutor";"Colisão lateral mesmo sentido";"Sem Vítimas";"Plena Noite";"Decrescente";"Céu Claro";"Dupla";"Reta";"Sim";3;0;0;0;2;1;0;3;-23,10433057;-45,69425762;"SPRF-SP";"DEL02-SP";"UOP02-DEL02-SP"
449921;2022-05-14;"sábado";"17:30:00";"RJ";116;226,5;"PIRAI";"Demais falhas mecânicas ou elétricas";"Incêndio";"Sem Vítimas";"Anoitecer";"Crescente";"Nublado";"Dupla";"Curva";"Não";2;0;0;0;1;1;0;2;-22,67208078;-43,81789284;"SPRF-RJ";"DEL07-RJ";"UOP01-DEL07-RJ"
449931;2022-05-14;"sábado";"18:45:00";"BA";101;611,2;"MASCOTE";"Chuva";"Eventos atípicos";"Com Vítimas Fatais";"Plena Noite";"Crescente";"Chuva";"Simples";"Curva;Aclive";"Não";3;2;0;0;1;0;0;2;-15,59104506;-39,42632675;"SPRF-BA";"DEL05-BA";"UOP02-DEL05-BA"
449935;2022-05-14;"sábado";"18:00:00";"MG";381;540;"ITATIAIUCU";"Demais falhas mecânicas ou elétricas";"Colisão traseira";"Com Vítimas Fatais";"Plena Noite";"Decrescente";"Céu Claro";"Dupla";"Curva;Declive";"Não";3;1;1;0;0;1;1;3;-20,233292;-44,402144;"SPRF-MG";"DEL04-MG";"UOP03-DEL04-MG"
449940;2022-05-15;"domingo";"02:45:00";"RN";226;11;"MACAIBA";"Ingestão de álcool pelo condutor";"Colisão frontal";"Com Vítimas Feridas";"Plena Noite";"Crescente";"Garoa/Chuvisco";"Simples";"Curva";"Sim";2;0;1;0;0;1;1;2;-5,84572966;-35,30339507;"SPRF-RN";"DEL01-RN";"UOP02-DEL01-RN"
449942;2022-05-15;"domingo";"02:00:00";"SC";470;34,2;"GASPAR";"Reação tardia ou ineficiente do condutor";"Colisão com objeto";"Com Vítimas Feridas";"Plena Noite";"Decrescente";"Céu Claro";"Dupla";"Reta";"Não";1;0;1;0;0;0;1;1;-26,910646;-48,949341;"SPRF-SC";"DEL04-SC";"UOP01-DEL04-SC"
449943;2022-05-15;"domingo";"02:30:00";"MG";40;491;"ESMERALDAS";"Transitar na contramão";"Colisão frontal";"Com Vítimas Fatais";"Plena Noite";"Decrescente";"Céu Claro";"Dupla";"Reta";"Não";4;1;0;0;2;1;0;3;-19,62850298;-44,20532179;"SPRF-MG";"DEL02-MG";"UOP01-DEL02-MG"
449962;2022-05-15;"domingo";"05:30:00";"SC";280;70;"JARAGUA DO SUL";"Ingestão de álcool pelo condutor";"Colisão lateral sentido oposto";"Com Vítimas Feridas";"Plena Noite";"Crescente";"Nublado";"Simples";"Reta";"Sim";4;0;1;0;3;0;1;3;-26,46522052;-49,12675918;"SPRF-SC";"DEL03-SC";"UOP03-DEL03-SC"
449966;2022-01-26;"quarta-feira";"14:00:00";"MG";40;737,8;"SANTOS DUMONT";"Velocidade Incompatível";"Colisão lateral mesmo sentido";"Com Vítimas Fatais";"Pleno dia";"Crescente";"Chuva";"Simples";"Curva;Declive";"Não";4;1;0;0;2;5;0;8;-21,38296999;-43,57033542;"SPRF-MG";"DEL05-MG";"UOP01-DEL05-MG"