"id";"data_inversa";"dia_semana";"horario";"uf";"br";"km";"municipio";"causa_acidente";"tipo_acidente";"classificacao_acidente";"fase_dia";"sentido_via";"condicao_metereologica";"tipo_pista";"tracado_via";"uso_solo";"pessoas";"mortos";"feridos_leves";"feridos_graves";"ilesos";"ignorados";"feridos";"veiculos";"latitude";"longitude";"regional";"delegacia";"uop"
449972;2022-05-15;"domingo";"07:30:00";"MG";381;927,6;"ITAPEVA";"Demais falhas mecânicas ou elétricas";"Incêndio";"Sem Vítimas";"Pleno dia";"Decrescente";"Nublado";"Dupla";"Reta";"Sim";2;0;0;0;1;1;0;2;-22,79271225;-46,24636988;"SPRF-MG";"DEL16-MG";"UOP03-DEL16-MG"
449980;2022-05-15;"domingo";"06:36:00";"BA";116;636;"JAGUAQUARA";"Ausência de reação do condutor";"Colisão transversal";"Com Vítimas Feridas";"Pleno dia";"Decrescente";"Céu Claro";"Dupla";"Reta";"Não";3;0;0;1;1;2;1;4;-13,49889298;-40,05022605;"SPRF-BA";"DEL03-BA";"UOP01-DEL03-BA"
449985;2022-05-15;"domingo";"09:00:00";"PR";376;304;"MAUA DA SERRA";"Reação tardia ou ineficiente do condutor";"Tombamento";"Com Vítimas Feridas";"Pleno dia";"Crescente";"Nevoeiro/Neblina";"Dupla";"Curva";"Não";2;0;1;0;0;2;1;3;-23,93422728;-51,13539219;"SPRF-PR";"DEL07-PR";"UOP02-DEL07-PR"
449987;2022-05-14;"sábado";"21:40:00";"BA";324;301;"JACOBINA";"Demais falhas mecânicas ou elétricas";"Colisão frontal";"Com Vítimas Feridas";"Plena Noite";"Decrescente";"Céu Claro";"Simples";"Reta";"Não";2;0;1;0;1;0;1;2;-11,20769697;-40,47346099;"SPRF-BA";"DEL04-BA";"UOP02-DEL04-BA"
449990;2022-05-15;"domingo";"07:00:00";"GO";60;355;"SANTO ANTONIO DA BARRA";"Reação tardia ou ineficiente do condutor";"Tombamento";"Com Vítimas Feridas";"Pleno dia";"Decrescente";"Nublado";"Dupla";"Reta";"Não";2;0;1;0;0;1;1;2;-17,598;-50,7337;"SPRF-GO";"DEL04-GO";"UOP01-DEL04-GO"
449996;2022-05-15;"domingo";"07:00:00";"MT";163;926;"ITAUBA";"Ausência de reação do condutor";"Colisão lateral sentido oposto";"Com Vítimas Feridas";"Pleno dia";"Crescente";"Céu Claro";"Simples";"Reta";"Não";3;0;1;0;1;5;1;7;-11,08400344;-55,28799133;"SPRF-MT";"DEL06-MT";"NPF/DEL06-MT"
449998;2022-05-15;"domingo";"08:30:00";"SP";116;483;"CAJATI";"Manobra de mudança de faixa";"Saída de leito carroçável";"Sem Vítimas";"Pleno dia";"Decrescente";"Céu Claro";"Dupla";"Reta";"Não";3;0;0;0;2;1;0;2;-24,72274238;-48,05286602;"SPRF-SP";"DEL05-SP";"UOP01-DEL05-SP"
450007;2022-05-15;"domingo";"10:20:00";"BA";242;595;"IBOTIRAMA";"Condutor Dormindo";"Colisão frontal";"Com Vítimas Feridas";"Pleno dia";"Crescente";"Sol";"Simples";"Reta";"Não";6;0;4;0;1;1;4;3;-12,10387602;-43,16970393;"SPRF-BA";"DEL10-BA";"UOP02-DEL10-BA"
450009;2022-05-15;"domingo";"11:50:00";"SP";116;281;"EMBU DAS ARTES";"Manobra de mudança de faixa";"Colisão lateral mesmo sentido";"Com Vítimas Feridas";"Pleno dia";"Decrescente";"Sol";"Dupla";"Reta";"Não";4;0;1;0;2;1;1;3;-23,67784787;-46,85769227;"SPRF-SP";"DEL04-SP";"UOP01-DEL04-SP"
450011;2022-05-15;"domingo";"11:05:00";"MT";163;622,9;"NOVA MUTUM";"Reação tardia ou ineficiente do condutor";"Colisão lateral mesmo sentido";"Com Vítimas Fatais";"Pleno dia";"Crescente";"Céu Claro";"Simples";"Reta";"Não";5;1;0;1;2;6;1;9;-13,71799206;-56,0440388;"SPRF-MT";"DEL01-MT";"UOP01-DEL01-MT"
450012;2022-05-15;"domingo";"09:40:00";"TO";230;62;"LUZINOPOLIS";"Avarias e/ou desgaste excessivo no pneu";"Saída de leito carroçável";"Com Vítimas Feridas";"Pleno dia";"Crescente";"Céu Claro";"Simples";"Declive";"Não";2;0;1;0;0;2;1;3;-6,22911293;-47,80678092;"SPRF-TO";"DEL02-TO";"UOP03-DEL02-TO"
450016;2022-05-15;"domingo";"08:10:00";"BA";116;677;"JEQUIE";"Problema com o freio";"Incêndio";"Sem Vítimas";"Pleno dia";"Crescente";"Céu Claro";"Simples";"Reta";"Não";2;0;0;0;1;1;0;2;-13,84119991;-40,10941016;"SPRF-BA";"DEL03-BA";"UOP01-DEL03-BA"
450030;2022-05-15;"domingo";"13:25:00";"RJ";101;223;"SILVA JARDIM";"Ausência de reação do condutor";"Tombamento";"Sem Vítimas";"Pleno dia";"Crescente";"Nublado";"Dupla";"Reta";"Não";2;0;0;0;1;1;0;2;-22,522631;-42,34270792;"SPRF-RJ";"DEL02-RJ";"UOP03-DEL02-RJ"
450036;2022-05-15;"domingo";"11:20:00";"PA";230;704;"BRASIL NOVO";"Pista Escorregadia";"Eventos atípicos";"Sem Vítimas";"Pleno dia";"Crescente";"Nublado";"Simples";"Ponte;Aclive";"Não";4;0;0;0;3;1;0;3;-3,32183463;-52,57056724;"SPRF-PA";"DEL04-PA";"UOP01-DEL04-PA"
450040;2022-05-15;"domingo";"09:30:00";"GO";70;370;"MONTES CLAROS DE GOIAS";"Transitar na contramão";"Colisão frontal";"Com Vítimas Feridas";"Pleno dia";"Crescente";"Céu Claro";"Simples";"Reta";"Não";2;0;1;0;1;0;1;2;-15,94251325;-51,36554718;"SPRF-GO";"DEL04-GO";"UOP01-DEL04-GO"
450043;2022-05-15;"domingo";"09:00:00";"SE";101;176;"UMBAUBA";"Condutor deixou de manter distância do veículo da frente";"Colisão traseira";"Com Vítimas Feridas";"Pleno dia";"Crescente";"Céu Claro";"Dupla";"Reta";"Não";5;0;2;0;3;0;2;2;-11,34921696;-37,61704722;"SPRF-SE";"DEL02-SE";"UOP03-DEL02-SE"
450045;2022-05-15;"domingo";"15:50:00";"RS";471;675;"CHUI";"Acessar a via sem observar a presença dos outros veículos";"Colisão transversal";"Com Vítimas Feridas";"Pleno dia";"Crescente";"Céu Claro";"Simples";"Interseção de Vias";"Não";2;0;1;0;1;0;1;2;-33,650723;-53,428493;"SPRF-RS";"DEL07-RS";"UOP04-DEL07-RS"
450052;2022-05-15;"domingo";"15:50:00";"SP";381;71;"MAIRIPORA";"Ausência de reação do condutor";"Tombamento";"Com Vítimas Feridas";"Pleno dia";"Decrescente";"Nublado";"Múltipla";"Curva";"Não";2;0;1;0;0;1;1;2;-23,35047979;-46,55267274;"SPRF-SP";"DEL03-SP";"UOP01-DEL03-SP"
450062;2022-05-15;"domingo";"15:55:00";"GO";158;150;"CAIAPONIA";"Demais falhas mecânicas ou elétricas";"Tombamento";"Sem Vítimas";"Plena Noite";"Decrescente";"Chuva";"Simples";"Reta;Declive";"Não";2;0;0;0;1;3;0;4;-16,90992095;-51,79839037;"SPRF-GO";"DEL04-GO";"UOP01-DEL04-GO"
450071;2022-05-15;"domingo";"15:20:00";"BA";116;910;"CANDIDO SALES";"Reação tardia ou ineficiente do condutor";"Colisão traseira";"Com Vítimas Feridas";"Pleno dia";"Decrescente";"Nublado";"Simples";"Declive";"Não";3;0;2;0;0;1;2;3;-15,43802789;-41,22283929;"SPRF-BA";"DEL08-BA";"UOP03-DEL08-BA"
450099;2022-05-15;"domingo";"19:00:00";"MT";163;757;"SORRISO";"Ausência de reação do condutor";"Colisão frontal";"Com Vítimas Fatais";"Plena Noite";"Crescente";"Céu Claro";"Dupla";"Reta";"Não";3;1;0;0;1;1;0;3;-12,51068935;-55,69412492;"SPRF-MT";"DEL06-MT";"UOP01-DEL06-MT"
450105;2022-03-09;"quarta-feira";"04:40:00";"AL";424;101;"MARECHAL DEODORO";"Velocidade Incompatível";"Colisão traseira";"Com Vítimas Feridas";"Amanhecer";"Crescente";"Céu Claro";"Simples";"Reta";"Não";3;0;1;0;1;2;1;4;-9,66029712;-35,85130612;"SPRF-AL";"DEL02-AL";"UOP01-DEL02-AL"
450112;2022-05-15;"domingo";"19:40:00";"BA";101;235;"CONCEICAO DO ALMEIDA";"Ingestão de álcool pelo condutor";"Colisão frontal";"Com Vítimas Fatais";"Plena Noite";"Decrescente";"Céu Claro";"Simples";"Reta";"Não";3;1;0;1;1;0;1;2;-12,759586;-39,182705;"SPRF-BA";"DEL01-BA";"UOP02-DEL01-BA"
450116;2022-05-15;"domingo";"18:50:00";"BA";242;470;"IBITIARA";"Transitar na contramão";"Colisão frontal";"Com Vítimas Feridas";"Plena Noite";"Crescente";"Céu Claro";"Simples";"Reta";"Não";3;0;0;1;1;1;1;3;-12,46039687;-42,22877204;"SPRF-BA";"DEL06-BA";"UOP01-DEL06-BA"
450125;2022-05-15;"domingo";"21:20:00";"RS";290;98;"PORTO ALEGRE";"Acessar a via sem observar a presença dos outros veículos";"Colisão transversal";"Sem Vítimas";"Plena Noite";"Crescente";"Nublado";"Dupla";"Reta";"Sim";2;0;0;0;1;1;0;2;-29,994816;-51,217403;"SPRF-RS";"DEL01-RS";"UOP01-DEL01-RS"
450128;2022-05-15;"domingo";"22:20:00";"RS";386;350,7;"ESTRELA";"Ingestão de álcool pelo condutor";"Colisão com objeto";"Com Vítimas Feridas";"Plena Noite";"Decrescente";"Garoa/Chuvisco";"Dupla";"Reta";"Sim";1;0;1;0;0;0;1;1;-29,4743;-51,952923;"SPRF-RS";"DEL04-RS";"UOP02-DEL04-RS"
450132;2022-05-15;"domingo";"07:30:00";"MG";365;470;"PATROCINIO";"Pista esburacada";"Tombamento";"Com Vítimas Feridas";"Pleno dia";"Decrescente";"Céu Claro";"Simples";"Rotatória";"Não";4;0;2;1;0;1;3;2;-18,92272003;-46,99069499;"SPRF-MG";"DEL10-MG";"UOP01-DEL10-MG"
450134;2022-05-15;"domingo";"11:30:00";"MG";365;372;"PATOS DE MINAS";"Chuva";"Colisão frontal";"Com Vítimas Feridas";"Pleno dia";"Decrescente";"Chuva";"Simples";"Curva";"Não";3;0;2;0;0;2;2;4;-18,52680796;-46,14524208;"SPRF-MG";"DEL10-MG";"UOP01-DEL10-MG"
450136;2022-03-09;"quarta-feira";"03:00:00";"PR";277;156;"PORTO AMAZONAS";"Ausência de reação do condutor";"Tombamento";"Com Vítimas Feridas";"Plena Noite";"Decrescente";"Ignorado";"Simples";"Interseção de Vias";"Sim";1;0;1;0;0;0;1;1;-25,47289;-49,895964;"SPRF-PR";"DEL03-PR";"UOP03-DEL03-PR"
450141;2022-05-15;"domingo";"19:00:00";"SC";470;93,6;"APIUNA";"Ausência de reação do condutor";"Colisão lateral sentido oposto";"Com Vítimas Fatais";"Plena Noite";"Decrescente";"Céu Claro";"Simples";"Reta";"Sim";3;1;1;0;0;1;1;3;-27,00279784;-49,37481165;"SPRF-SC";"DEL04-SC";"UOP01-DEL04-SC"
450146;2022-05-15;"domingo";"23:40:00";"SP";381;60;"MAIRIPORA";"Velocidade Incompatível";"Derramamento de carga";"Com Vítimas Feridas";"Plena Noite";"Crescente";"Céu Claro";"Dupla";"Curva";"Sim";1;0;1;0;0;0;1;1;-23,28957673;-46,58729853;"SPRF-SP";"DEL03-SP";"UOP01-DEL03-SP"
450153;2022-05-16;"segunda-feira";"00:40:00";"MG";381;908,3;"CAMANDUCAIA";"Acumulo de óleo sobre o pavimento";"Saída de leito carroçável";"Sem Vítimas";"Plena Noite";"Decrescente";"Céu Claro";"Dupla";"Curva";"Não";2;0;0;0;1;1;0;2;-22,71744092;-46,12652111;"SPRF-MG";"DEL16-MG";"UOP03-DEL16-MG"
450158;2022-05-15;"domingo";"23:20:00";"MG";381;667,2;"PERDOES";"Condutor Dormindo";"Colisão com objeto";"Com Vítimas Feridas";"Plena Noite";"Decrescente";"Céu Claro";"Dupla";"Curva;Declive";"Não";1;0;1;0;0;0;1;1;-21,05931615;-45,04948174;"SPRF-MG";"DEL04-MG";"UOP02-DEL04-MG"
450160;2022-05-16;"segunda-feira";"01:00:00";"MG";50;160,7;"UBERABA";"Condutor Dormindo";"Saída de leito carroçável";"Com Vítimas Feridas";"Plena Noite";"Crescente";"Chuva";"Dupla";"Reta";"Não";1;0;1;0;0;0;1;1;-19,65077892;-48,00595741;"SPRF-MG";"DEL13-MG";"UOP01-DEL13-MG"
450166;2022-05-16;"segunda-feira";"03:10:00";"PR";376;289;"MAUA DA SERRA";"Velocidade Incompatível";"Capotamento";"Com Vítimas Feridas";"Plena Noite";"Decrescente";"Nublado";"Dupla";"Curva";"Não";1;0;1;0;0;0;1;1;-23,88498423;-51,23696208;"SPRF-PR";"DEL07-PR";"UOP02-DEL07-PR"
450168;2022-05-16;"segunda-feira";"02:15:00";"SC";470;285;"CAMPOS NOVOS";"Condutor Dormindo";"Colisão frontal";"Com Vítimas Feridas";"Plena Noite";"Crescente";"Chuva";"Simples";"Reta";"Não";2;0;1;0;1;0;1;2;-27,331545;-50,912697;"SPRF-SC";"DEL07-SC";"UOP06-DEL07-SC"
450170;2022-05-16;"segunda-feira";"03:00:00";"MG";267;200,1;"BOM JARDIM DE MINAS";"Velocidade Incompatível";"Tombamento";"Com Vítimas Feridas";"Plena Noite";"Decrescente";"Céu Claro";"Simples";"Declive;Curva";"Não";1;0;0;1;0;0;1;1;-21,931292;-44,094997;"SPRF-MG";"DEL05-MG";"UOP01-DEL05-MG"
450182;2022-05-15;"domingo";"20:45:00";"MG";365;384;"PATOS DE MINAS";"Acessar a via sem observar a presença dos outros veículos";"Colisão frontal";"Com Vítimas Feridas";"Plena Noite";"Decrescente";"Céu Claro";"Dupla";"Reta";"Não";2;0;1;0;1;0;1;2;-18,58048314;-46,26999779;"SPRF-MG";"DEL10-MG";"UOP01-DEL10-MG"
450193;2022-05-16;"segunda-feira";"07:15:00";"MS";376;169;"NOVA ANDRADINA";"Acessar a via sem observar a presença dos outros veículos";"Colisão transversal";"Com Vítimas Feridas";"Pleno dia";"Crescente";"Nublado";"Dupla";"Retorno Regulamentado";"Não";4;0;2;0;1;1;2;3;-22,31130481;-53,40508306;"SPRF-MS";"DEL04-MS";"UOP04-DEL04-MS"
450208;2022-05-16;"segunda-feira";"06:50:00";"RO";364;671;"CANDEIAS DO JAMARI";"Transitar na contramão";"Colisão frontal";"Com Vítimas Fatais";"Pleno dia";"Crescente";"Nublado";"Simples";"Reta";"Não";3;1;0;0;1;2;0;4;-8,77689281;-63,50768602;"SPRF-RO";"DEL01-RO";"UOP01-DEL01-RO"
450212;2022-05-16;"segunda-feira";"08:40:00";"BA";324;613,1;"SALVADOR";"Reação tardia ou ineficiente do condutor";"Eventos atípicos";"Sem Vítimas";"Pleno dia";"Crescente";"Céu Claro";"Múltipla";"Reta";"Sim";3;0;0;0;2;1;0;3;-12,85531601;-38,42055197;"SPRF-BA";"DEL01-BA";"UOP01-DEL01-BA"
450215;2022-05-16;"segunda-feira";"09:30:00";"SC";101;96;"BARRA VELHA";"Ausência de reação do condutor";"Saída de leito carroçável";"Com Vítimas Feridas";"Pleno dia";"Crescente";"Sol";"Dupla";"Reta";"Não";1;0;1;0;0;0;1;1;-26,718427;-48,70233;"SPRF-SC";"DEL03-SC";"UOP02-DEL03-SC"
450218;2022-05-16;"segunda-feira";"08:50:00";"MG";381;593;"CARMOPOLIS DE MINAS";"Reação tardia ou ineficiente do condutor";"Colisão traseira";"Com Vítimas Feridas";"Pleno dia";"Crescente";"Chuva";"Dupla";"Reta";"Não";8;0;4;0;3;1;4;4;-20,58527993;-44,69380008;"SPRF-MG";"DEL04-MG";"UOP01-DEL04-MG"
450228;2022-05-13;"sexta-feira";"16:30:00";"MT";364;1206;"CAMPOS DE JULIO";"Ultrapassagem Indevida";"Saída de leito carroçável";"Com Vítimas Feridas";"Pleno dia";"Crescente";"Céu Claro";"Simples";"Reta";"Não";2;0;0;1;0;3;1;4;-13,79121335;-59,36667299;"SPRF-MT";"DEL04-MT";"UOP01-DEL04-MT"
450230;2022-05-16;"segunda-feira";"11:30:00";"ES";101;276,5;"SERRA";"Problema com o freio";"Colisão traseira";"Com Vítimas Feridas";"Pleno dia";"Decrescente";"Sol";"Dupla";"Reta";"Sim";2;0;1;0;1;0;1;2;-20,2119651;-40,31958818;"SPRF-ES";"DEL02-ES";"UOP01-DEL02-ES"
450233;2022-05-16;"segunda-feira";"11:35:00";"PB";101;123;"CAAPORA";"Demais falhas mecânicas ou elétricas";"Colisão com objeto";"Com Vítimas Feridas";"Pleno dia";"Decrescente";"Céu Claro";"Dupla";"Reta;Declive";"Não";6;0;2;2;1;1;4;3;-7,45909075;-34,98049935;"SPRF-PB";"DEL01-PB";"UOP02-DEL01-PB"
450238;2022-01-29;"sábado";"14:30:00";"PB";104;10,7;"CUITE";"Conversão proibida";"Colisão transversal";"Com Vítimas Feridas";"Pleno dia";"Crescente";"Céu Claro";"Simples";"Reta";"Não";3;0;1;1;1;0;2;2;-6,4848007;-36,14867075;"SPRF-PB";"DEL02-PB";"UOP04-DEL02-PB"
450241;2022-05-16;"segunda-feira";"11:00:00";"BA";116;577;"NOVA ITARANA";"Frear bruscamente";"Saída de leito carroçável";"Com Vítimas Feridas";"Pleno dia";"Decrescente";"Sol";"Simples";"Curva;Aclive";"Sim";1;0;1;0;0;0;1;1;-13,06383977;-39,9576803;"SPRF-BA";"DEL03-BA";"UOP02-DEL03-BA"
450242;2022-05-16;"segunda-feira";"11:50:00";"MT";364;56;"ALTO GARCAS";"Acessar a via sem observar a presença dos outros veículos";"Colisão transversal";"Com Vítimas Feridas";"Pleno dia";"Crescente";"Nublado";"Simples";"Reta";"Sim";3;0;0;1;1;2;1;4;-16,95268297;-53,52608392;"SPRF-MT";"DEL02-MT";"UOP02-DEL02-MT"
450244;2022-05-16;"segunda-feira";"09:15:00";"SC";116;54,3;"PAPANDUVA";"Reação tardia ou ineficiente do condutor";"Colisão traseira";"Com Vítimas Feridas";"Pleno dia";"Decrescente";"Céu Claro";"Simples";"Reta";"Sim";2;0;0;1;1;0;1;2;-26,39448417;-50,16480003;"SPRF-SC";"DEL06-SC";"UOP02-DEL06-SC"
450249;2022-05-16;"segunda-feira";"13:20:00";"SP";116;189;"SANTA ISABEL";"Reação tardia ou ineficiente do condutor";"Colisão traseira";"Com Vítimas Feridas";"Pleno dia";"Decrescente";"Nublado";"Dupla";"Reta";"Não";3;0;1;0;1;1;1;3;-23,36435234;-46,22488684;"SPRF-SP";"DEL01-SP";"UOP01-DEL01-SP"
450251;2022-05-16;"segunda-feira";"11:00:00";"MG";40;749,8;"SANTOS DUMONT";"Condutor Dormindo";"Saída de leito carroçável";"Com Vítimas Feridas";"Pleno dia";"Decrescente";"Céu Claro";"Dupla";"Curva";"Não";2;0;1;0;0;1;1;2;-21,447874;-43,55738803;"SPRF-MG";"DEL05-MG";"UOP01-DEL05-MG"
450253;2022-05-16;"segunda-feira";"12:55:00";"MS";163;492,2;"CAMPO GRANDE";"Ausência de reação do condutor";"Colisão transversal";"Com Vítimas Feridas";"Pleno dia";"Crescente";"Nublado";"Simples";"Reta";"Sim";2;0;0;1;1;0;1;2;-20,458267;-54,548019;"SPRF-MS";"DEL01-MS";"UOP02-DEL01-MS"
450257;2022-05-16;"segunda-feira";"13:21:00";"TO";153;674,1;"GURUPI";"Acesso irregular";"Colisão lateral mesmo sentido";"Sem Vítimas";"Pleno dia";"Crescente";"Céu Claro";"Dupla";"Reta";"Sim";3;0;0;0;2;1;0;3;-11,74596399;-49,08518001;"SPRF-TO";"DEL01-TO";"UOP02-DEL01-TO"
450259;2022-05-16;"segunda-feira";"13:19:00";"ES";101;213;"IBIRACU";"Ausência de reação do condutor";"Colisão transversal";"Com Vítimas Feridas";"Pleno dia";"Decrescente";"Céu Claro";"Simples";"Interseção de Vias";"Sim";2;0;1;0;1;0;1;2;-19,82352998;-40,36981894;"SPRF-ES";"DEL02-ES";"UOP01-DEL02-ES"
450269;2022-05-04;"quarta-feira";"16:00:00";"PR";376;597;"CURITIBA";"Manobra de mudança de faixa";"Colisão lateral mesmo sentido";"Com Vítimas Feridas";"Pleno dia";"Crescente";"Céu Claro";"Dupla";"Reta";"Sim";2;0;1;0;1;0;1;2;-25,48345117;-49,3483188;"SPRF-PR";"DEL01-PR";"UOP06-DEL01-PR"
450277;2022-04-16;"sábado";"08:10:00";"MG";381;896;"CAMBUI";"Ausência de reação do condutor";"Colisão traseira";"Com Vítimas Feridas";"Pleno dia";"Decrescente";"Céu Claro";"Dupla";"Reta";"Sim";4;0;1;0;2;2;1;5;-22,63125698;-46,07854411;"SPRF-MG";"DEL16-MG";"UOP03-DEL16-MG"
450278;2022-05-16;"segunda-feira";"16:00:00";"SP";116;381;"MIRACATU";"Reação tardia ou ineficiente do condutor";"Colisão traseira";"Com Vítimas Feridas";"Pleno dia";"Crescente";"Sol";"Dupla";"Curva";"Não";3;0;1;0;1;1;1;3;-24,22593011;-47,36422623;"SPRF-SP";"DEL04-SP";"UOP02-DEL04-SP"
450281;2022-05-16;"segunda-feira";"15:40:00";"RS";290;67;"GRAVATAI";"Manobra de mudança de faixa";"Saída de leito carroçável";"Sem Vítimas";"Pleno dia";"Crescente";"Sol";"Múltipla";"Reta";"Sim";2;0;0;0;1;1;0;2;-29,94256;-50,925896;"SPRF-RS";"DEL03-RS";"UOP01-DEL03-RS"
450282;2022-04-05;"terça-feira";"15:00:00";"RS";285;333,1;"CARAZINHO";"Ultrapassagem Indevida";"Colisão lateral mesmo sentido";"Com Vítimas Fatais";"Pleno dia";"Decrescente";"Céu Claro";"Simples";"Reta";"Sim";4;1;0;0;2;1;0;4;-28,299652;-52,740135;"SPRF-RS";"DEL08-RS";"UOP03-DEL08-RS"
450286;2022-05-14;"sábado";"02:50:00";"PR";373;394;"CANDOI";"Transitar na contramão";"Colisão lateral sentido oposto";"Sem Vítimas";"Plena Noite";"Crescente";"Céu Claro";"Simples";"Reta";"Não";2;0;0;0;2;0;0;2;-25,53763444;-52,00379112;"SPRF-PR";"DEL08-PR";"UOP01-DEL08-PR"
450295;2022-05-16;"segunda-feira";"18:11:00";"RN";101;97;"NATAL";"Ausência de reação do condutor";"Colisão traseira";"Com Vítimas Feridas";"Plena Noite";"Decrescente";"Céu Claro";"Dupla";"Viaduto";"Sim";3;0;1;0;2;0;1;3;-5,85758898;-35,21271205;"SPRF-RN";"DEL01-RN";"UOP01-DEL01-RN"
450302;2022-05-16;"segunda-feira";"18:30:00";"SC";101;194,7;"BIGUACU";"Manobra de mudança de faixa";"Colisão lateral mesmo sentido";"Com Vítimas Feridas";"Plena Noite";"Decrescente";"Nublado";"Dupla";"Reta";"Sim";2;0;0;1;0;1;1;2;-27,49815117;-48,65661236;"SPRF-SC";"DEL01-SC";"UOP01-DEL01-SC"
450304;2022-05-16;"segunda-feira";"14:05:00";"MG";116;131,4;"ITAOBIM";"Ultrapassagem Indevida";"Colisão lateral mesmo sentido";"Com Vítimas Feridas";"Pleno dia";"Decrescente";"Céu Claro";"Simples";"Curva";"Não";5;0;1;0;3;1;1;3;-16,703694;-41,499157;"SPRF-MG";"DEL11-MG";"UOP02-DEL11-MG"
450305;2022-05-16;"segunda-feira";"14:01:00";"RO";364;532;"ARIQUEMES";"Ultrapassagem Indevida";"Colisão traseira";"Com Vítimas Feridas";"Pleno dia";"Crescente";"Chuva";"Simples";"Declive;Reta";"Não";5;0;2;0;3;0;2;3;-9,78054903;-63,0904921;"SPRF-RO";"DEL03-RO";"UOP01-DEL03-RO"
450306;2022-05-16;"segunda-feira";"13:15:00";"SC";116;57,1;"PAPANDUVA";"Condutor Dormindo";"Colisão lateral sentido oposto";"Com Vítimas Feridas";"Pleno dia";"Crescente";"Céu Claro";"Simples";"Reta";"Sim";2;0;0;1;1;0;1;2;-26,39263852;-50,17567635;"SPRF-SC";"DEL06-SC";"UOP02-DEL06-SC"
450313;2022-05-16;"segunda-feira";"18:00:00";"SC";282;373;"ERVAL VELHO";"Ingestão de álcool pelo condutor";"Colisão lateral sentido oposto";"Sem Vítimas";"Pleno dia";"Crescente";"Céu Claro";"Simples";"Reta";"Não";3;0;0;0;2;1;0;3;-27,243425;-51,44788;"SPRF-SC";"DEL07-SC";"UOP05-DEL07-SC"
450314;2022-03-05;"sábado";"08:00:00";"MT";364;164;"PEDRA PRETA";"Demais falhas mecânicas ou elétricas";"Incêndio";"Sem Vítimas";"Pleno dia";"Crescente";"Céu Claro";"Simples";"Reta";"Não";2;0;0;0;1;3;0;4;-16,65948437;-54,29604292;"SPRF-MT";"DEL02-MT";"UOP01-DEL02-MT"
450317;2022-01-17;"segunda-feira";"05:30:00";"MT";163;860;"SINOP";"Reação tardia ou ineficiente do condutor";"Colisão lateral sentido oposto";"Com Vítimas Feridas";"Amanhecer";"Crescente";"Chuva";"Simples";"Reta";"Não";12;0;6;0;5;6;6;10;-11,76856796;-55,47109916;"SPRF-MT";"DEL06-MT";"NPF/DEL06-MT"
450318;2022-05-16;"segunda-feira";"02:50:00";"AM";174;992;"PRESIDENTE FIGUEIREDO";"Demais falhas mecânicas ou elétricas";"Eventos atípicos";"Sem Vítimas";"Plena Noite";"Crescente";"Nublado";"Simples";"Aclive";"Não";3;0;0;0;1;2;0;3;-2,03976;-60,025917;"SPRF-AM";"DEL01-AM";"UOP02-DEL01-AM"
450322;2022-05-16;"segunda-feira";"17:20:00";"MS";163;768;"PEDRO GOMES";"Reação tardia ou ineficiente do condutor";"Tombamento";"Com Vítimas Feridas";"Plena Noite";"Decrescente";"Céu Claro";"Simples";"Curva";"Não";4;0;1;0;0;3;1;3;-18,20094844;-54,65097427;"SPRF-MS";"DEL06-MS";"UOP01-DEL06-MS"
450331;2022-05-16;"segunda-feira";"15:20:00";"RN";101;96;"NATAL";"Carga excessiva e/ou mal acondicionada";"Tombamento";"Sem Vítimas";"Pleno dia";"Crescente";"Nublado";"Dupla";"Viaduto";"Sim";1;0;0;0;1;0;0;1;-5,84949622;-35,20890752;"SPRF-RN";"DEL01-RN";"UOP01-DEL01-RN"
450334;2022-05-16;"segunda-feira";"21:10:00";"SE";235;47,5;"ITABAIANA";"Reação tardia ou ineficiente do condutor";"Colisão transversal";"Com Vítimas Feridas";"Plena Noite";"Decrescente";"Céu Claro";"Simples";"Reta";"Sim";3;0;0;1;1;1;1;3;-10,731889;-37,411335;"SPRF-SE";"DEL01-SE";"UOP02-DEL01-SE"
450346;2022-05-16;"segunda-feira";"22:25:00";"MG";40;569,7;"NOVA LIMA";"Conversão proibida";"Colisão transversal";"Com Vítimas Fatais";"Plena Noite";"Decrescente";"Nublado";"Simples";"Reta";"Sim";3;1;0;0;2;0;0;3;-20,21170333;-43,97294998;"SPRF-MG";"DEL01-MG";"UOP02-DEL01-MG"
450355;2022-05-06;"sexta-feira";"10:45:00";"MS";163;729;"COXIM";"Desrespeitar a preferência no cruzamento";"Colisão transversal";"Sem Vítimas";"Pleno dia";"Crescente";"Céu Claro";"Simples";"Rotatória";"Sim";5;0;0;0;1;4;0;3;-18,5185741;-54,73823162;"SPRF-MS";"DEL06-MS";"UOP01-DEL06-MS"
450356;2022-05-16;"segunda-feira";"23:20:00";"MT";174;294;"PONTES E LACERDA";"Ausência de reação do condutor";"Colisão com objeto";"Sem Vítimas";"Plena Noite";"Decrescente";"Céu Claro";"Simples";"Reta";"Não";2;0;0;0;1;1;0;2;-15,18021493;-59,3248742;"SPRF-MT";"DEL04-MT";"UOP01-DEL04-MT"
450357;2022-03-22;"terça-feira";"14:45:00";"ES";262;110,5;"VENDA NOVA DO IMIGRANTE";"Mal súbito do condutor";"Colisão frontal";"Com Vítimas Fatais";"Pleno dia";"Crescente";"Céu Claro";"Simples";"Reta";"Sim";2;1;0;0;1;0;0;2;-20,3364276;-41,18081802;"SPRF-ES";"DEL01-ES";"UOP02-DEL01-ES"