"id";"data_inversa";"dia_semana";"horario";"uf";"br";"km";"municipio";"causa_acidente";"tipo_acidente";"classificacao_acidente";"fase_dia";"sentido_via";"condicao_metereologica";"tipo_pista";"tracado_via";"uso_solo";"pessoas";"mortos";"feridos_leves";"feridos_graves";"ilesos";"ignorados";"feridos";"veiculos";"latitude";"longitude";"regional";"delegacia";"uop"
450359;2022-05-17;"terça-feira";"01:50:00";"PR";116;24;"ANTONINA";"Velocidade Incompatível";"Tombamento";"Sem Vítimas";"Plena Noite";"Decrescente";"Nublado";"Simples";"Declive;Curva";"Não";1;0;0;0;1;0;0;1;-25,10885561;-48,76563896;"SPRF-PR";"DEL01-PR";"UOP02-DEL01-PR"
450362;2022-05-17;"terça-feira";"05:26:00";"GO";153;518;"APARECIDA DE GOIANIA";"Demais falhas mecânicas ou elétricas";"Tombamento";"Com Vítimas Feridas";"Amanhecer";"Crescente";"Céu Claro";"Dupla";"Reta";"Sim";2;0;1;0;0;2;1;3;-16,867;-49,2505;"SPRF-GO";"DEL01-GO";"UOP03-DEL01-GO"
450365;2022-05-17;"terça-feira";"06:50:00";"ES";262;25,8;"VIANA";"Transitar na contramão";"Colisão frontal";"Com Vítimas Fatais";"Pleno dia";"Crescente";"Céu Claro";"Simples";"Reta";"Não";4;2;0;0;1;1;0;3;-20,379583;-40,538103;"SPRF-ES";"DEL01-ES";"UOP01-DEL01-ES"
450367;2022-05-17;"terça-feira";"05:30:00";"MG";50;160,7;"UBERABA";"Ausência de reação do condutor";"Colisão com objeto";"Com Vítimas Feridas";"Amanhecer";"Decrescente";"Céu Claro";"Dupla";"Reta";"Não";2;0;1;0;0;1;1;2;-19,655389;-48,00391;"SPRF-MG";"DEL13-MG";"UOP01-DEL13-MG"
450368;2022-05-16;"segunda-feira";"17:40:00";"GO";452;196;"ITUMBIARA";"Condutor usando celular";"Saída de leito carroçável";"Com Vítimas Feridas";"Amanhecer";"Crescente";"Céu Claro";"Simples";"Reta";"Não";3;0;2;0;0;1;2;2;-18,3606586;-49,22490312;"SPRF-GO";"DEL03-GO";"UOP02-DEL03-GO"
450377;2022-05-17;"terça-feira";"04:20:00";"GO";20;195,9;"POSSE";"Ausência de reação do condutor";"Tombamento";"Com Vítimas Feridas";"Plena Noite";"Decrescente";"Chuva";"Simples";"Declive";"Não";1;0;0;1;0;0;1;1;-14,355703;-46,443913;"SPRF-DF";"DEL02-DF";"UOP03-DEL02-DF"
450385;2022-05-17;"terça-feira";"08:40:00";"PR";116;96;"SAO JOSE DOS PINHAIS";"Reação tardia ou ineficiente do condutor";"Colisão traseira";"Com Vítimas Feridas";"Pleno dia";"Crescente";"Céu Claro";"Dupla";"Reta";"Sim";2;0;1;0;0;1;1;2;-25,504848;-49,123226;"SPRF-PR";"DEL01-PR";"UOP01-DEL01-PR"
450387;2022-05-17;"terça-feira";"09:30:00";"MG";116;673,7;"MIRADOURO";"Ausência de reação do condutor";"Colisão traseira";"Com Vítimas Feridas";"Pleno dia";"Decrescente";"Chuva";"Simples";"Reta";"Não";4;0;1;0;2;1;1;4;-20,89732211;-42,34378692;"SPRF-MG";"DEL07-MG";"UOP03-DEL07-MG"
450395;2022-05-17;"terça-feira";"09:40:00";"MG";381;679,4;"PERDOES";"Ausência de reação do condutor";"Colisão traseira";"Com Vítimas Feridas";"Pleno dia";"Decrescente";"Nublado";"Dupla";"Reta";"Não";4;0;1;0;2;2;1;5;-21,14734508;-45,10983682;"SPRF-MG";"DEL04-MG";"UOP02-DEL04-MG"
450403;2022-05-16;"segunda-feira";"20:00:00";"BA";101;614;"MASCOTE";"Velocidade Incompatível";"Tombamento";"Com Vítimas Feridas";"Plena Noite";"Decrescente";"Céu Claro";"Simples";"Curva";"Não";3;0;1;0;1;1;1;2;-15,600985;-39,428542;"SPRF-BA";"DEL05-BA";"UOP02-DEL05-BA"
450405;2022-05-12;"quinta-feira";"04:48:00";"MG";40;303;"TRES MARIAS";"Reação tardia ou ineficiente do condutor";"Saída de leito carroçável";"Com Vítimas Feridas";"Amanhecer";"Decrescente";"Nublado";"Simples";"Reta";"Não";1;0;1;0;0;0;1;1;-18,386431;-45,100755;"SPRF-MG";"DEL14-MG";"UOP02-DEL14-MG"
450407;2022-05-17;"terça-feira";"10:22:00";"SP";381;57;"MAIRIPORA";"Ausência de reação do condutor";"Colisão com objeto";"Sem Vítimas";"Pleno dia";"Decrescente";"Céu Claro";"Dupla";"Reta";"Não";3;0;0;0;2;1;0;3;-23,2658219;-46,5839857;"SPRF-SP";"DEL03-SP";"UOP01-DEL03-SP"
450408;2022-05-17;"terça-feira";"09:15:00";"MG";381;320;"NOVA ERA";"Demais falhas mecânicas ou elétricas";"Colisão lateral mesmo sentido";"Sem Vítimas";"Pleno dia";"Crescente";"Céu Claro";"Simples";"Declive";"Não";7;0;0;0;7;0;0;7;-19,72651221;-43,01085192;"SPRF-MG";"DEL03-MG";"UOP02-DEL03-MG"
450413;2022-05-03;"terça-feira";"14:00:00";"RO";364;557;"ALTO PARAISO";"Transitar na contramão";"Colisão lateral sentido oposto";"Com Vítimas Fatais";"Pleno dia";"Decrescente";"Céu Claro";"Simples";"Reta";"Não";5;1;1;0;2;5;1;9;-9,58885504;-63,07349643;"SPRF-RO";"DEL03-RO";"UOP01-DEL03-RO"
450421;2022-05-17;"terça-feira";"12:50:00";"BA";101;896;"TEIXEIRA DE FREITAS";"Demais falhas mecânicas ou elétricas";"Saída de leito carroçável";"Com Vítimas Feridas";"Pleno dia";"Decrescente";"Céu Claro";"Simples";"Reta";"Não";2;0;1;0;1;0;1;1;-17,62995307;-39,76844788;"SPRF-BA";"DEL09-BA";"UOP02-DEL09-BA"
450423;2022-05-17;"terça-feira";"12:45:00";"PR";277;306,9;"GUARAPUAVA";"Problema com o freio";"Saída de leito carroçável";"Com Vítimas Feridas";"Pleno dia";"Decrescente";"Céu Claro";"Simples";"Declive;Reta";"Não";1;0;1;0;0;0;1;1;-25,320156;-51,195424;"SPRF-PR";"DEL08-PR";"UOP01-DEL08-PR"
450430;2022-05-02;"segunda-feira";"07:30:00";"RJ";393;239;"VASSOURAS";"Frear bruscamente";"Colisão frontal";"Com Vítimas Feridas";"Pleno dia";"Crescente";"Sol";"Simples";"Curva";"Não";3;0;1;0;1;1;1;3;-22,40800571;-43,67023264;"SPRF-RJ";"DEL05-RJ";"UOP04-DEL05-RJ"
450434;2022-05-17;"terça-feira";"14:40:00";"PR";376;623;"SAO JOSE DOS PINHAIS";"Reação tardia ou ineficiente do condutor";"Colisão com objeto";"Sem Vítimas";"Pleno dia";"Decrescente";"Céu Claro";"Dupla";"Aclive";"Sim";4;0;0;0;3;1;0;4;-25,63462416;-49,16182135;"SPRF-PR";"DEL01-PR";"UOP04-DEL01-PR"
450438;2022-05-17;"terça-feira";"15:30:00";"PA";230;506;"ANAPU";"Avarias e/ou desgaste excessivo no pneu";"Tombamento";"Com Vítimas Feridas";"Pleno dia";"Crescente";"Nublado";"Simples";"Declive";"Não";3;0;1;0;2;0;1;1;-3,41487426;-51,26182616;"SPRF-PA";"DEL04-PA";"UOP01-DEL04-PA"
450440;2022-05-17;"terça-feira";"15:00:00";"MG";381;607,1;"OLIVEIRA";"Condutor Dormindo";"Colisão lateral mesmo sentido";"Com Vítimas Feridas";"Pleno dia";"Decrescente";"Sol";"Dupla";"Reta";"Não";4;0;1;0;2;1;1;4;-20,6851019;-44,73967015;"SPRF-MG";"DEL04-MG";"UOP01-DEL04-MG"
450441;2022-05-07;"sábado";"04:10:00";"AC";364;144;"RIO BRANCO";"Obstrução na via";"Saída de leito carroçável";"Com Vítimas Feridas";"Plena Noite";"Crescente";"Céu Claro";"Dupla";"Declive";"Não";5;0;2;1;2;0;3;3;-9,91988701;-67,88789905;"SPRF-AC";"DEL01-AC";"UOP01-DEL01-AC"
450443;2022-05-17;"terça-feira";"13:20:00";"SC";282;535;"CHAPECO";"Acessar a via sem observar a presença dos outros veículos";"Colisão transversal";"Com Vítimas Feridas";"Pleno dia";"Crescente";"Céu Claro";"Simples";"Rotatória";"Sim";2;0;0;1;1;0;1;2;-26,99943294;-52,6467526;"SPRF-SC";"DEL07-SC";"UOP01-DEL07-SC"
450446;2022-05-17;"terça-feira";"12:30:00";"GO";20;223,5;"POSSE";"Acostamento em desnível";"Tombamento";"Sem Vítimas";"Pleno dia";"Decrescente";"Céu Claro";"Simples";"Reta";"Não";2;0;0;0;1;2;0;3;-14,170753;-46,328178;"SPRF-DF";"DEL02-DF";"UOP03-DEL02-DF"
450447;2022-05-17;"terça-feira";"16:20:00";"MG";40;635,2;"CONSELHEIRO LAFAIETE";"Acessar a via sem observar a presença dos outros veículos";"Colisão transversal";"Com Vítimas Feridas";"Pleno dia";"Crescente";"Céu Claro";"Simples";"Reta";"Não";3;0;0;1;1;1;1;3;-20,70392145;-43,79269594;"SPRF-MG";"DEL05-MG";"UOP02-DEL05-MG"
450450;2022-05-17;"terça-feira";"16:20:00";"DF";60;3;"BRASILIA";"Velocidade Incompatível";"Tombamento";"Sem Vítimas";"Pleno dia";"Decrescente";"Céu Claro";"Dupla";"Retorno Regulamentado";"Não";1;0;0;0;1;0;0;1;-15,890521;-48,086864;"SPRF-DF";"DEL03-DF";"UOP01-DEL03-DF"
450455;2022-05-17;"terça-feira";"16:50:00";"MG";365;193,5;"BURITIZEIRO";"Velocidade Incompatível";"Colisão frontal";"Com Vítimas Fatais";"Pleno dia";"Crescente";"Nublado";"Simples";"Curva";"Não";3;1;0;0;1;1;0;3;-17,449502;-45,178311;"SPRF-MG";"DEL12-MG";"UOP01-DEL12-MG"
450457;2022-05-17;"terça-feira";"17:11:00";"PE";101;51;"ABREU E LIMA";"Manobra de mudança de faixa";"Saída de leito carroçável";"Com Vítimas Feridas";"Anoitecer";"Decrescente";"Céu Claro";"Múltipla";"Reta";"Sim";4;0;2;0;1;1;2;3;-7,9169968;-34,89689272;"SPRF-PE";"DEL01-PE";"UOP02-DEL01-PE"
450461;2022-05-17;"terça-feira";"17:00:00";"RJ";40;111;"DUQUE DE CAXIAS";"Manobra de mudança de faixa";"Colisão lateral mesmo sentido";"Com Vítimas Feridas";"Pleno dia";"Crescente";"Céu Claro";"Múltipla";"Reta";"Sim";3;0;1;0;1;1;1;2;-22,691868;-43,287453;"SPRF-RJ";"DEL01-RJ";"UOP01-DEL01-RJ"
450466;2022-05-17;"terça-feira";"18:20:00";"MG";40;575;"ITABIRITO";"Acessar a via sem observar a presença dos outros veículos";"Colisão transversal";"Com Vítimas Feridas";"Plena Noite";"Crescente";"Céu Claro";"Simples";"Interseção de Vias";"Não";3;0;0;1;1;2;1;4;-20,25658707;-43,96098023;"SPRF-MG";"DEL01-MG";"UOP02-DEL01-MG"
450469;2022-05-17;"terça-feira";"16:30:00";"SE";101;33;"CAPELA";"Condutor Dormindo";"Saída de leito carroçável";"Sem Vítimas";"Pleno dia";"Crescente";"Céu Claro";"Dupla";"Aclive";"Não";2;0;0;0;1;1;0;2;-10,470927;-36,948917;"SPRF-SE";"DEL02-SE";"UOP02-DEL02-SE"
450478;2022-05-17;"terça-feira";"19:18:00";"SP";116;220;"GUARULHOS";"Acesso irregular";"Atropelamento de Pedestre";"Com Vítimas Feridas";"Plena Noite";"Decrescente";"Céu Claro";"Múltipla";"Reta";"Sim";2;0;0;1;1;0;1;2;-23,46472809;-46,49793962;"SPRF-SP";"DEL01-SP";"UOP01-DEL01-SP"
450488;2022-05-17;"terça-feira";"18:00:00";"BA";101;817;"ITAMARAJU";"Chuva";"Capotamento";"Com Vítimas Feridas";"Anoitecer";"Crescente";"Garoa/Chuvisco";"Simples";"Curva";"Não";5;0;1;0;4;0;1;2;-17,08545179;-39,57139961;"SPRF-BA";"DEL09-BA";"UOP02-DEL09-BA"
450492;2022-05-17;"terça-feira";"21:19:00";"CE";222;93;"UMIRIM";"Problema na suspensão";"Queda de ocupante de veículo";"Com Vítimas Feridas";"Plena Noite";"Crescente";"Céu Claro";"Simples";"Reta";"Não";3;0;2;0;1;0;2;2;-3,69225317;-39,36916962;"SPRF-CE";"DEL04-CE";"UOP03-DEL04-CE"
450499;2022-05-17;"terça-feira";"19:40:00";"RO";364;429;"JARU";"Animais na Pista";"Atropelamento de Animal";"Com Vítimas Feridas";"Plena Noite";"Decrescente";"Céu Claro";"Simples";"Reta";"Não";2;0;1;0;1;0;1;2;-10,41628317;-62,5026501;"SPRF-RO";"DEL03-RO";"UOP02-DEL03-RO"
450502;2022-05-17;"terça-feira";"18:20:00";"RN";405;93;"ITAU";"Ausência de reação do condutor";"Colisão com objeto";"Com Vítimas Feridas";"Pleno dia";"Decrescente";"Nublado";"Simples";"Reta";"Não";1;0;1;0;0;0;1;1;-5,75071681;-37,87829514;"SPRF-RN";"DEL04-RN";"UOP02-DEL04-RN"
450504;2022-05-17;"terça-feira";"20:00:00";"MT";364;267,5;"JACIARA";"Demais falhas mecânicas ou elétricas";"Saída de leito carroçável";"Sem Vítimas";"Plena Noite";"Decrescente";"Céu Claro";"Dupla";"Reta";"Não";2;0;0;0;1;2;0;3;-15,98820872;-54,92674828;"SPRF-MT";"DEL02-MT";"UOP01-DEL02-MT"
450507;2022-05-17;"terça-feira";"19:50:00";"SC";470;118,9;"IBIRAMA";"Demais falhas mecânicas ou elétricas";"Colisão frontal";"Sem Vítimas";"Plena Noite";"Crescente";"Céu Claro";"Simples";"Aclive;Curva";"Não";3;0;0;0;2;2;0;4;-27,08167198;-49,50061798;"SPRF-SC";"DEL04-SC";"UOP02-DEL04-SC"
450512;2022-05-18;"quarta-feira";"03:15:00";"MS";163;256,8;"DOURADOS";"Animais na Pista";"Tombamento";"Com Vítimas Feridas";"Plena Noite";"Decrescente";"Céu Claro";"Dupla";"Reta";"Não";3;0;1;0;1;1;1;3;-22,258688;-54,804028;"SPRF-MS";"DEL04-MS";"UOP01-DEL04-MS"
450513;2022-05-18;"quarta-feira";"04:00:00";"PR";376;677,9;"GUARATUBA";"Condutor Dormindo";"Colisão traseira";"Com Vítimas Feridas";"Plena Noite";"Crescente";"Nublado";"Dupla";"Curva;Aclive";"Não";3;0;1;0;1;4;1;6;-25,93367517;-48,9113003;"SPRF-PR";"DEL01-PR";"UOP04-DEL01-PR"
450520;2022-02-13;"domingo";"17:15:00";"PE";116;27,5;"SALGUEIRO";"Transitar na contramão";"Colisão frontal";"Com Vítimas Feridas";"Pleno dia";"Crescente";"Céu Claro";"Simples";"Reta";"Sim";3;0;1;0;1;1;1;3;-8,08148825;-39,12864815;"SPRF-PE";"DEL05-PE";"UOP01-DEL05-PE"
450526;2022-05-18;"quarta-feira";"07:20:00";"SC";280;124;"RIO NEGRINHO";"Ausência de reação do condutor";"Colisão transversal";"Com Vítimas Feridas";"Pleno dia";"Crescente";"Céu Claro";"Simples";"Reta";"Sim";3;0;1;0;1;2;1;4;-26,24130297;-49,47514499;"SPRF-SC";"DEL06-SC";"UOP03-DEL06-SC"
450529;2022-05-18;"quarta-feira";"07:50:00";"MG";40;793,5;"JUIZ DE FORA";"Entrada inopinada do pedestre";"Atropelamento de Pedestre";"Com Vítimas Feridas";"Pleno dia";"Crescente";"Céu Claro";"Dupla";"Reta";"Não";2;0;0;1;1;0;1;2;-21,79449311;-43,41425031;"SPRF-MG";"DEL05-MG";"UOP01-DEL05-MG"
450531;2022-05-18;"quarta-feira";"08:30:00";"RS";285;427;"PANAMBI";"Transitar na contramão";"Colisão frontal";"Com Vítimas Feridas";"Pleno dia";"Crescente";"Nublado";"Simples";"Reta";"Não";5;0;3;0;1;1;3;4;-28,319859;-53,617477;"SPRF-RS";"DEL10-RS";"UOP01-DEL10-RS"
450533;2022-05-18;"quarta-feira";"08:40:00";"RJ";393;121;"SAPUCAIA";"Velocidade Incompatível";"Tombamento";"Sem Vítimas";"Pleno dia";"Decrescente";"Céu Claro";"Simples";"Curva";"Não";2;0;0;0;1;1;0;2;-21,93380606;-42,79637198;"SPRF-RJ";"DEL05-RJ";"UOP01-DEL05-RJ"
450534;2022-05-18;"quarta-feira";"06:00:00";"RO";364;677;"CANDEIAS DO JAMARI";"Reação tardia ou ineficiente do condutor";"Saída de leito carroçável";"Com Vítimas Feridas";"Pleno dia";"Decrescente";"Céu Claro";"Simples";"Reta";"Não";2;0;0;1;0;2;1;3;-8,78274899;-63,561426;"SPRF-RO";"DEL01-RO";"UOP01-DEL01-RO"
450535;2022-05-18;"quarta-feira";"09:15:00";"PR";376;506;"PONTA GROSSA";"Demais falhas mecânicas ou elétricas";"Incêndio";"Sem Vítimas";"Pleno dia";"Decrescente";"Céu Claro";"Dupla";"Reta";"Não";2;0;0;0;1;1;0;2;-25,19051149;-50,08136625;"SPRF-PR";"DEL03-PR";"UOP01-DEL03-PR"
450541;2022-05-18;"quarta-feira";"11:30:00";"ES";101;269;"SERRA";"Ausência de reação do condutor";"Colisão traseira";"Com Vítimas Feridas";"Pleno dia";"Crescente";"Sol";"Múltipla";"Reta";"Sim";3;0;1;0;1;1;1;3;-20,21740496;-40,26990578;"SPRF-ES";"DEL02-ES";"UOP01-DEL02-ES"
450549;2022-05-18;"quarta-feira";"13:15:00";"SP";153;62,7;"SAO JOSE DO RIO PRETO";"Ausência de reação do condutor";"Engavetamento";"Sem Vítimas";"Pleno dia";"Crescente";"Céu Claro";"Dupla";"Reta;Em Obras";"Sim";3;0;0;0;3;0;0;3;-20,81325404;-49,35675563;"SPRF-SP";"DEL09-SP";"UOP01-DEL09-SP"
450552;2022-05-17;"terça-feira";"11:17:00";"PA";163;553;"TRAIRAO";"Problema com o freio";"Incêndio";"Sem Vítimas";"Pleno dia";"Decrescente";"Céu Claro";"Simples";"Declive";"Não";2;0;0;0;1;2;0;3;-5,16724008;-56,07284411;"SPRF-PA";"DEL05-PA";"UOP01-DEL05-PA"
450554;2022-05-18;"quarta-feira";"13:50:00";"SC";101;87;"BARRA VELHA";"Acessar a via sem observar a presença dos outros veículos";"Colisão transversal";"Com Vítimas Feridas";"Pleno dia";"Crescente";"Céu Claro";"Dupla";"Declive";"Sim";2;0;1;0;1;0;1;2;-26,63713377;-48,69651057;"SPRF-SC";"DEL03-SC";"UOP02-DEL03-SC"
450556;2022-05-18;"quarta-feira";"13:30:00";"SC";101;138,2;"BALNEARIO CAMBORIU";"Pedestre cruzava a pista fora da faixa";"Atropelamento de Pedestre";"Com Vítimas Fatais";"Pleno dia";"Crescente";"Céu Claro";"Múltipla";"Reta";"Não";3;1;0;0;1;1;0;3;-27,02548914;-48,60679865;"SPRF-SC";"DEL04-SC";"UOP03-DEL04-SC"
450559;2022-05-18;"quarta-feira";"14:00:00";"PR";376;170,4;"MARINGA";"Acessar a via sem observar a presença dos outros veículos";"Colisão lateral mesmo sentido";"Com Vítimas Feridas";"Pleno dia";"Crescente";"Céu Claro";"Dupla";"Viaduto";"Sim";3;0;2;0;1;0;2;2;-23,40693964;-51,99157476;"SPRF-PR";"DEL09-PR";"UOP01-DEL09-PR"
450566;2022-05-18;"quarta-feira";"10:15:00";"RJ";393;285;"VOLTA REDONDA";"Falta de acostamento";"Colisão traseira";"Com Vítimas Feridas";"Pleno dia";"Decrescente";"Céu Claro";"Dupla";"Reta";"Sim";2;0;0;1;1;0;1;2;-22,481726;-44,06308602;"SPRF-RJ";"DEL05-RJ";"UOP04-DEL05-RJ"
450570;2022-05-18;"quarta-feira";"15:40:00";"RS";472;148,8;"SANTA ROSA";"Transitar na contramão";"Colisão frontal";"Com Vítimas Fatais";"Pleno dia";"Crescente";"Garoa/Chuvisco";"Simples";"Reta";"Não";2;1;0;0;1;0;0;2;-27,78489876;-54,38085518;"SPRF-RS";"DEL10-RS";"UOP01-DEL10-RS"
450573;2022-05-18;"quarta-feira";"15:50:00";"BA";324;599;"SIMOES FILHO";"Condutor deixou de manter distância do veículo da frente";"Colisão traseira";"Com Vítimas Feridas";"Pleno dia";"Decrescente";"Céu Claro";"Múltipla";"Reta";"Não";2;0;1;0;1;0;1;2;-12,74194511;-38,43853918;"SPRF-BA";"DEL01-BA";"UOP01-DEL01-BA"
450576;2022-05-18;"quarta-feira";"16:10:00";"RN";101;101;"PARNAMIRIM";"Manobra de mudança de faixa";"Colisão traseira";"Com Vítimas Fatais";"Pleno dia";"Crescente";"Céu Claro";"Dupla";"Reta";"Sim";2;1;0;0;1;0;0;2;-5,88681084;-35,23143404;"SPRF-RN";"DEL01-RN";"UOP01-DEL01-RN"
450580;2022-05-18;"quarta-feira";"17:14:00";"RJ";116;99,9;"GUAPIMIRIM";"Reação tardia ou ineficiente do condutor";"Colisão frontal";"Com Vítimas Fatais";"Anoitecer";"Crescente";"Nublado";"Simples";"Curva";"Não";3;1;0;0;1;1;0;3;-22,48851488;-42,99935184;"SPRF-RJ";"DEL04-RJ";"UOP01-DEL04-RJ"
450582;2022-05-18;"quarta-feira";"11:15:00";"MG";262;413;"IGARATINGA";"Mal súbito do condutor";"Saída de leito carroçável";"Sem Vítimas";"Pleno dia";"Decrescente";"Céu Claro";"Dupla";"Reta";"Não";1;0;0;0;1;0;0;1;-19,89668113;-44,65663188;"SPRF-MG";"DEL08-MG";"UOP03-DEL08-MG"
450586;2022-05-10;"terça-feira";"12:05:00";"MT";163;96;"RONDONOPOLIS";"Velocidade Incompatível";"Saída de leito carroçável";"Com Vítimas Feridas";"Pleno dia";"Crescente";"Sol";"Dupla";"Reta";"Não";3;0;1;0;1;3;1;5;-16,69254292;-54,66450986;"SPRF-MT";"DEL02-MT";"UOP01-DEL02-MT"
450587;2022-05-18;"quarta-feira";"16:25:00";"RS";285;326,9;"CARAZINHO";"Reação tardia ou ineficiente do condutor";"Colisão frontal";"Com Vítimas Feridas";"Pleno dia";"Decrescente";"Garoa/Chuvisco";"Simples";"Reta";"Não";2;0;1;0;1;0;1;2;-28,275431;-52,687809;"SPRF-RS";"DEL08-RS";"UOP03-DEL08-RS"
450595;2022-05-18;"quarta-feira";"17:45:00";"PR";116;101;"SAO JOSE DOS PINHAIS";"Acessar a via sem observar a presença dos outros veículos";"Colisão lateral mesmo sentido";"Com Vítimas Feridas";"Anoitecer";"Decrescente";"Nublado";"Dupla";"Reta";"Sim";3;0;1;0;1;1;1;3;-25,54167701;-49,1509368;"SPRF-PR";"DEL01-PR";"UOP01-DEL01-PR"
450601;2022-05-18;"quarta-feira";"18:40:00";"SC";280;48,1;"GUARAMIRIM";"Acessar a via sem observar a presença dos outros veículos";"Colisão transversal";"Com Vítimas Feridas";"Plena Noite";"Crescente";"Nublado";"Simples";"Reta";"Não";2;0;1;0;1;0;1;2;-26,45506795;-48,92766502;"SPRF-SC";"DEL03-SC";"UOP03-DEL03-SC"
450619;2022-05-18;"quarta-feira";"19:50:00";"MT";163;826;"SINOP";"Ingestão de álcool pelo condutor";"Colisão transversal";"Com Vítimas Feridas";"Anoitecer";"Crescente";"Nublado";"Dupla";"Retorno Regulamentado";"Sim";2;0;0;1;0;1;1;2;-12,067608;-55,51749791;"SPRF-MT";"DEL06-MT";"UOP01-DEL06-MT"
450622;2022-05-18;"quarta-feira";"17:40:00";"MG";116;739,1;"LARANJAL";"Reação tardia ou ineficiente do condutor";"Colisão lateral sentido oposto";"Com Vítimas Fatais";"Anoitecer";"Crescente";"Céu Claro";"Simples";"Curva";"Não";4;1;0;1;1;2;1;5;-21,36878613;-42,47693589;"SPRF-MG";"DEL07-MG";"UOP01-DEL07-MG"
450627;2022-03-27;"domingo";"07:15:00";"SC";116;37;"ITAIOPOLIS";"Ingestão de álcool pelo condutor";"Colisão transversal";"Com Vítimas Feridas";"Amanhecer";"Crescente";"Céu Claro";"Simples";"Reta";"Não";4;0;1;0;2;1;1;3;-26,34065776;-50,02444605;"SPRF-SC";"DEL06-SC";"UOP01-DEL06-SC"
450628;2022-05-18;"quarta-feira";"21:00:00";"GO";40;2,8;"VALPARAISO DE GOIAS";"Transitar no acostamento";"Colisão transversal";"Sem Vítimas";"Plena Noite";"Crescente";"Céu Claro";"Dupla";"Reta";"Sim";4;0;0;0;3;1;0;4;-16,067129;-47,984235;"SPRF-DF";"DEL01-DF";"UOP01-DEL01-DF"
450631;2022-05-18;"quarta-feira";"13:30:00";"BA";101;23,4;"RIO REAL";"Reação tardia ou ineficiente do condutor";"Tombamento";"Sem Vítimas";"Pleno dia";"Decrescente";"Céu Claro";"Simples";"Aclive";"Não";2;0;0;0;1;1;0;2;-11,680794;-37,900394;"SPRF-SE";"DEL02-SE";"UOP03-DEL02-SE"
450632;2022-05-18;"quarta-feira";"14:45:00";"BA";101;24,4;"ESPLANADA";"Problema com o freio";"Tombamento";"Sem Vítimas";"Pleno dia";"Decrescente";"Céu Claro";"Simples";"Em Obras";"Não";2;0;0;0;1;1;0;2;-11,690109;-37,902149;"SPRF-SE";"DEL02-SE";"UOP03-DEL02-SE"
450633;2022-05-18;"quarta-feira";"16:20:00";"MG";381;582,1;"CARMOPOLIS DE MINAS";"Fumaça";"Colisão lateral mesmo sentido";"Com Vítimas Feridas";"Pleno dia";"Crescente";"Céu Claro";"Dupla";"Reta";"Não";4;0;1;0;2;1;1;3;-20,51930642;-44,62405985;"SPRF-MG";"DEL04-MG";"UOP01-DEL04-MG"
450638;2022-05-18;"quarta-feira";"19:20:00";"SC";163;3,2;"DIONISIO CERQUEIRA";"Ingestão de álcool pelo condutor";"Colisão com objeto";"Sem Vítimas";"Plena Noite";"Crescente";"Garoa/Chuvisco";"Simples";"Declive;Reta";"Não";3;0;0;0;2;2;0;4;-26,2613;-53,6206;"SPRF-SC";"DEL07-SC";"UOP03-DEL07-SC"
450640;2022-05-18;"quarta-feira";"19:30:00";"SC";101;386;"ICARA";"Velocidade Incompatível";"Tombamento";"Sem Vítimas";"Plena Noite";"Crescente";"Chuva";"Simples";"Interseção de Vias;Viaduto";"Não";2;0;0;0;1;3;0;4;-28,7857145;-49,33891296;"SPRF-SC";"DEL02-SC";"UOP02-DEL02-SC"
450641;2022-05-18;"quarta-feira";"19:45:00";"PR";373;479,3;"CORONEL VIVIDA";"Ultrapassagem Indevida";"Colisão frontal";"Com Vítimas Feridas";"Plena Noite";"Crescente";"Garoa/Chuvisco";"Simples";"Reta";"Não";3;0;1;0;1;1;1;3;-25,97849917;-52,53923293;"SPRF-PR";"DEL02-PR";"UOP01-DEL02-PR"
450646;2022-05-18;"quarta-feira";"20:30:00";"PE";316;4;"ARARIPINA";"Transitar na contramão";"Colisão transversal";"Com Vítimas Fatais";"Plena Noite";"Decrescente";"Céu Claro";"Simples";"Reta";"Não";5;1;2;1;0;2;3;4;-7,46125825;-40,62917726;"SPRF-PE";"DEL05-PE";"UOP02-DEL05-PE"
450653;2022-05-18;"quarta-feira";"08:10:00";"MS";60;516,5;"NIOAQUE";"Velocidade Incompatível";"Tombamento";"Sem Vítimas";"Pleno dia";"Decrescente";"Céu Claro";"Múltipla";"Curva";"Não";2;0;0;0;1;1;0;2;-21,17477404;-55,6368241;"SPRF-MS";"DEL05-MS";"UOP01-DEL05-MS"
450659;2022-05-18;"quarta-feira";"23:55:00";"MA";135;12;"SAO LUIS";"Ausência de reação do condutor";"Colisão traseira";"Com Vítimas Feridas";"Plena Noite";"Decrescente";"Nublado";"Dupla";"Retorno Regulamentado;Reta";"Não";3;0;1;0;1;2;1;4;-2,67223553;-44,29173767;"SPRF-MA";"DEL01-MA";"UOP01-DEL01-MA"
450663;2022-05-19;"quinta-feira";"04:50:00";"SP";153;275;"OCAUCU";"Condutor Dormindo";"Saída de leito carroçável";"Com Vítimas Feridas";"Plena Noite";"Crescente";"Céu Claro";"Simples";"Curva";"Não";1;0;1;0;0;0;1;1;-22,36978805;-49,86406266;"SPRF-SP";"DEL07-SP";"UOP02-DEL07-SP"
450665;2022-05-19;"quinta-feira";"04:45:00";"PE";101;4,7;"GOIANA";"Manobra de mudança de faixa";"Colisão lateral mesmo sentido";"Sem Vítimas";"Amanhecer";"Crescente";"Nublado";"Dupla";"Reta";"Não";2;0;0;0;2;0;0;2;-7,53264499;-34,99145786;"SPRF-PE";"DEL01-PE";"UOP02-DEL01-PE"