"id";"data_inversa";"dia_semana";"horario";"uf";"br";"km";"municipio";"causa_acidente";"tipo_acidente";"classificacao_acidente";"fase_dia";"sentido_via";"condicao_metereologica";"tipo_pista";"tracado_via";"uso_solo";"pessoas";"mortos";"feridos_leves";"feridos_graves";"ilesos";"ignorados";"feridos";"veiculos";"latitude";"longitude";"regional";"delegacia";"uop"
450937;2022-05-20;"sexta-feira";"13:42:00";"MT";364;387;"SANTO ANTONIO DO LEVERGER";"Condutor Dormindo";"Colisão lateral mesmo sentido";"Com Vítimas Feridas";"Pleno dia";"Decrescente";"Céu Claro";"Dupla";"Curva";"Não";3;0;1;0;1;1;1;3;-15,70200126;-55,827522;"SPRF-MT";"DEL01-MT";"UOP02-DEL01-MT"
450938;2022-05-20;"sexta-feira";"14:30:00";"RJ";101;15;"CAMPOS DOS GOYTACAZES";"Transitar na contramão";"Colisão lateral sentido oposto";"Com Vítimas Feridas";"Pleno dia";"Crescente";"Céu Claro";"Simples";"Curva";"Não";3;0;1;0;1;1;1;3;-21,34150781;-41,33561969;"SPRF-RJ";"DEL08-RJ";"UOP01-DEL08-RJ"
450946;2022-05-20;"sexta-feira";"11:30:00";"RJ";101;399;"ITAGUAI";"Entrada inopinada do pedestre";"Atropelamento de Pedestre";"Com Vítimas Feridas";"Pleno dia";"Decrescente";"Céu Claro";"Dupla";"Reta";"Sim";2;0;1;0;0;1;1;2;-22,85921896;-43,75891497;"SPRF-RJ";"DEL03-RJ";"UOP01-DEL03-RJ"
450949;2022-05-20;"sexta-feira";"16:15:00";"ES";101;301;"VIANA";"Condutor deixou de manter distância do veículo da frente";"Colisão traseira";"Com Vítimas Feridas";"Pleno dia";"Decrescente";"Céu Claro";"Dupla";"Curva";"Sim";4;0;2;0;2;0;2;2;-20,36278187;-40,4401343;"SPRF-ES";"DEL01-ES";"UOP01-DEL01-ES"
450961;2022-05-20;"sexta-feira";"17:15:00";"MG";365;706;"MONTE ALEGRE DE MINAS";"Velocidade Incompatível";"Tombamento";"Com Vítimas Feridas";"Pleno dia";"Crescente";"Céu Claro";"Dupla";"Rotatória";"Sim";2;0;1;0;0;1;1;2;-18,8789182;-49,05482003;"SPRF-MG";"DEL15-MG";"UOP03-DEL15-MG"
450964;2022-05-20;"sexta-feira";"17:55:00";"PB";101;80;"SANTA RITA";"Condutor deixou de manter distância do veículo da frente";"Engavetamento";"Sem Vítimas";"Anoitecer";"Decrescente";"Nublado";"Dupla";"Reta";"Sim";3;0;0;0;3;0;0;3;-7,11753704;-34,94951428;"SPRF-PB";"DEL01-PB";"UOP04-DEL01-PB"
450965;2022-05-20;"sexta-feira";"08:00:00";"RR";174;675;"PACARAIMA";"Velocidade Incompatível";"Saída de leito carroçável";"Sem Vítimas";"Pleno dia";"Decrescente";"Nublado";"Simples";"Curva";"Não";2;0;0;0;1;1;0;2;4,238273;-61,0219;"SPRF-RR";"DEL01-RR";"UOP01-DEL01-RR"
450967;2022-05-20;"sexta-feira";"17:17:00";"SC";101;205,7;"SAO JOSE";"Acessar a via sem observar a presença dos outros veículos";"Colisão transversal";"Com Vítimas Feridas";"Anoitecer";"Crescente";"Céu Claro";"Múltipla";"Reta";"Sim";2;0;0;1;1;0;1;2;-27,58911712;-48,61747384;"SPRF-SC";"DEL01-SC";"UOP01-DEL01-SC"
450994;2022-05-20;"sexta-feira";"20:10:00";"SC";101;119;"ITAJAI";"Deficiência do Sistema de Iluminação/Sinalização";"Colisão transversal";"Com Vítimas Feridas";"Plena Noite";"Decrescente";"Céu Claro";"Dupla";"Reta";"Sim";4;0;1;0;1;3;1;5;-26,910658;-48,712578;"SPRF-SC";"DEL04-SC";"UOP04-DEL04-SC"
450995;2022-05-20;"sexta-feira";"20:30:00";"MG";40;461;"SETE LAGOAS";"Acesso irregular";"Colisão traseira";"Sem Vítimas";"Plena Noite";"Crescente";"Céu Claro";"Dupla";"Retorno Regulamentado;Curva";"Não";3;0;0;0;2;1;0;3;-19,4065509;-44,33367766;"SPRF-MG";"DEL02-MG";"UOP01-DEL02-MG"
450998;2022-05-20;"sexta-feira";"19:30:00";"RJ";101;398;"ITAGUAI";"Pedestre cruzava a pista fora da faixa";"Atropelamento de Pedestre";"Com Vítimas Feridas";"Plena Noite";"Crescente";"Céu Claro";"Dupla";"Reta";"Sim";2;0;0;1;0;1;1;2;-22,86787912;-43,74862922;"SPRF-RJ";"DEL03-RJ";"UOP01-DEL03-RJ"
451001;2022-05-20;"sexta-feira";"17:55:00";"RS";392;7,2;"RIO GRANDE";"Ultrapassagem Indevida";"Colisão transversal";"Com Vítimas Fatais";"Anoitecer";"Decrescente";"Céu Claro";"Simples";"Reta";"Sim";3;1;0;0;1;1;0;3;-32,093615;-52,108877;"SPRF-RS";"DEL07-RS";"UOP02-DEL07-RS"
451002;2022-05-20;"sexta-feira";"20:55:00";"PR";373;181;"PONTA GROSSA";"Ausência de reação do condutor";"Colisão traseira";"Sem Vítimas";"Plena Noite";"Decrescente";"Céu Claro";"Simples";"Reta";"Sim";3;0;0;0;2;2;0;4;-25,04266233;-50,25791089;"SPRF-PR";"DEL03-PR";"UOP01-DEL03-PR"
451007;2022-05-20;"sexta-feira";"20:00:00";"ES";262;75,5;"DOMINGOS MARTINS";"Velocidade Incompatível";"Colisão transversal";"Com Vítimas Feridas";"Plena Noite";"Crescente";"Nublado";"Simples";"Curva";"Não";3;0;1;0;1;3;1;5;-20,41226889;-40,89537406;"SPRF-ES";"DEL01-ES";"UOP02-DEL01-ES"
451012;2022-05-20;"sexta-feira";"22:00:00";"PB";230;19;"JOAO PESSOA";"Manobra de mudança de faixa";"Colisão lateral mesmo sentido";"Sem Vítimas";"Plena Noite";"Crescente";"Chuva";"Dupla";"Reta";"Sim";2;0;0;0;2;0;0;2;-7,1281;-34,8466;"SPRF-PB";"DEL01-PB";"UOP01-DEL01-PB"
451013;2022-05-20;"sexta-feira";"17:30:00";"MA";316;275,9;"BELA VISTA DO MARANHAO";"Reação tardia ou ineficiente do condutor";"Colisão lateral sentido oposto";"Com Vítimas Feridas";"Anoitecer";"Crescente";"Chuva";"Simples";"Reta";"Não";4;0;0;1;2;2;1;4;-3,724337;-45,27808;"SPRF-MA";"DEL02-MA";"UOP01-DEL02-MA"
451014;2022-05-20;"sexta-feira";"19:30:00";"RS";116;308,6;"GUAIBA";"Ultrapassagem Indevida";"Colisão lateral sentido oposto";"Com Vítimas Feridas";"Plena Noite";"Decrescente";"Céu Claro";"Simples";"Reta";"Não";4;0;0;1;2;1;1;4;-30,18291689;-51,39555744;"SPRF-RS";"DEL02-RS";"UOP01-DEL02-RS"
451015;2022-05-20;"sexta-feira";"22:10:00";"SC";470;50,6;"BLUMENAU";"Ingestão de álcool pelo condutor";"Colisão lateral mesmo sentido";"Com Vítimas Feridas";"Plena Noite";"Decrescente";"Nublado";"Dupla";"Reta";"Sim";5;0;0;1;3;1;1;3;-26,859768;-49,074493;"SPRF-SC";"DEL04-SC";"UOP01-DEL04-SC"
451016;2022-05-20;"sexta-feira";"22:35:00";"RS";386;6,7;"IRAI";"Ingestão de álcool pelo condutor";"Colisão frontal";"Com Vítimas Feridas";"Plena Noite";"Crescente";"Nevoeiro/Neblina";"Simples";"Reta";"Não";3;0;1;0;1;1;1;3;-27,193233;-53,275326;"SPRF-RS";"DEL08-RS";"UOP02-DEL08-RS"
451030;2022-05-20;"sexta-feira";"18:30:00";"PR";476;279;"SAO MATEUS DO SUL";"Transitar na contramão";"Colisão frontal";"Com Vítimas Feridas";"Anoitecer";"Decrescente";"Céu Claro";"Simples";"Reta";"Sim";3;0;2;0;1;0;2;2;-25,871132;-50,406021;"SPRF-PR";"DEL02-PR";"UOP04-DEL02-PR"
451031;2022-05-20;"sexta-feira";"21:20:00";"SP";116;493;"CAJATI";"Acessar a via sem observar a presença dos outros veículos";"Atropelamento de Pedestre";"Com Vítimas Feridas";"Plena Noite";"Decrescente";"Nublado";"Dupla";"Reta";"Não";3;0;0;1;1;1;1;2;-24,74366848;-48,14208621;"SPRF-SP";"DEL05-SP";"UOP01-DEL05-SP"
451037;2022-05-21;"sábado";"01:00:00";"PE";101;86,2;"JABOATAO DOS GUARARAPES";"Acostamento em desnível";"Tombamento";"Com Vítimas Feridas";"Plena Noite";"Decrescente";"Nublado";"Dupla";"Reta";"Não";1;0;1;0;0;0;1;1;-8,18470013;-34,96816895;"SPRF-PE";"DEL01-PE";"UOP01-DEL01-PE"
451041;2022-05-20;"sexta-feira";"22:45:00";"SP";116;559;"BARRA DO TURVO";"Reação tardia ou ineficiente do condutor";"Atropelamento de Pedestre";"Com Vítimas Feridas";"Plena Noite";"Crescente";"Céu Claro";"Dupla";"Reta";"Não";2;0;0;1;1;0;1;2;-25,00935627;-48,50772858;"SPRF-SP";"DEL05-SP";"UOP02-DEL05-SP"
451042;2022-05-20;"sexta-feira";"23:30:00";"MS";262;242,5;"RIBAS DO RIO PARDO";"Reação tardia ou ineficiente do condutor";"Colisão traseira";"Com Vítimas Feridas";"Plena Noite";"Decrescente";"Céu Claro";"Simples";"Reta";"Não";3;0;0;1;1;1;1;3;-20,45564445;-53,79833221;"SPRF-MS";"DEL01-MS";"UOP01-DEL01-MS"
451044;2022-05-21;"sábado";"02:00:00";"SC";470;64,7;"INDAIAL";"Ausência de reação do condutor";"Colisão traseira";"Com Vítimas Feridas";"Plena Noite";"Decrescente";"Nublado";"Simples";"Reta";"Não";2;0;0;1;1;0;1;2;-26,869867;-49,201859;"SPRF-SC";"DEL04-SC";"UOP01-DEL04-SC"
451060;2022-05-21;"sábado";"04:36:00";"RJ";40;122;"DUQUE DE CAXIAS";"Reação tardia ou ineficiente do condutor";"Colisão traseira";"Com Vítimas Feridas";"Plena Noite";"Crescente";"Nublado";"Múltipla";"Reta";"Sim";2;0;1;0;1;0;1;2;-22,79083113;-43,28611569;"SPRF-RJ";"DEL01-RJ";"UOP01-DEL01-RJ"
451068;2022-05-21;"sábado";"06:00:00";"PR";369;373,6;"CAMPO MOURAO";"Velocidade Incompatível";"Colisão traseira";"Com Vítimas Feridas";"Amanhecer";"Crescente";"Céu Claro";"Simples";"Interseção de Vias;Reta";"Não";5;0;0;2;2;2;2;5;-24,1633;-52,4829;"SPRF-PR";"DEL09-PR";"UOP03-DEL09-PR"
451071;2022-05-21;"sábado";"02:40:00";"MG";262;802,5;"UBERABA";"Demais falhas mecânicas ou elétricas";"Incêndio";"Sem Vítimas";"Plena Noite";"Crescente";"Céu Claro";"Dupla";"Aclive";"Sim";2;0;0;0;1;3;0;4;-19,779234;-47,964844;"SPRF-MG";"DEL13-MG";"UOP01-DEL13-MG"
451073;2022-05-21;"sábado";"00:10:00";"SC";280;160;"MAFRA";"Transitar na contramão";"Colisão frontal";"Com Vítimas Fatais";"Plena Noite";"Decrescente";"Céu Claro";"Simples";"Aclive;Reta";"Não";3;1;0;0;1;1;0;3;-26,20482;-49,787542;"SPRF-SC";"DEL06-SC";"UOP03-DEL06-SC"
451086;2022-05-21;"sábado";"05:00:00";"BA";116;9;"ABARE";"Transitar na contramão";"Colisão frontal";"Com Vítimas Fatais";"Amanhecer";"Decrescente";"Nublado";"Simples";"Reta";"Não";2;1;0;0;0;1;0;2;-8,69580193;-39,25989103;"SPRF-PE";"DEL05-PE";"UOP03-DEL05-PE"
451087;2022-05-21;"sábado";"07:10:00";"PR";373;249;"GUAMIRANGA";"Transitar na contramão";"Colisão lateral sentido oposto";"Com Vítimas Feridas";"Pleno dia";"Crescente";"Céu Claro";"Simples";"Declive";"Não";3;0;0;1;1;2;1;4;-25,1899084;-50,84325602;"SPRF-PR";"DEL03-PR";"UOP04-DEL03-PR"
451094;2022-05-21;"sábado";"07:15:00";"PR";476;214,7;"LAPA";"Condutor Dormindo";"Colisão lateral sentido oposto";"Com Vítimas Feridas";"Pleno dia";"Crescente";"Sol";"Simples";"Reta";"Não";5;0;1;2;1;1;3;3;-25,787113;-49,878048;"SPRF-PR";"DEL02-PR";"UOP04-DEL02-PR"
451095;2022-05-21;"sábado";"10:15:00";"CE";116;22;"ITAITINGA";"Manobra de mudança de faixa";"Colisão lateral mesmo sentido";"Com Vítimas Feridas";"Pleno dia";"Decrescente";"Nublado";"Múltipla";"Reta";"Sim";4;0;0;1;1;2;1;4;-3,94070798;-38,50918633;"SPRF-CE";"DEL01-CE";"UOP02-DEL01-CE"
451098;2022-05-21;"sábado";"10:00:00";"GO";153;663,7;"GOIATUBA";"Velocidade Incompatível";"Colisão traseira";"Com Vítimas Feridas";"Pleno dia";"Crescente";"Céu Claro";"Dupla";"Declive";"Não";7;0;0;1;5;3;1;6;-18,0812;-49,271;"SPRF-GO";"DEL03-GO";"UOP02-DEL03-GO"
451101;2022-05-21;"sábado";"10:00:00";"SP";116;377;"MIRACATU";"Reação tardia ou ineficiente do condutor";"Colisão traseira";"Com Vítimas Feridas";"Pleno dia";"Decrescente";"Céu Claro";"Dupla";"Reta";"Não";3;0;1;0;1;3;1;5;-24,19592033;-47,36368081;"SPRF-SP";"DEL04-SP";"UOP02-DEL04-SP"
451105;2022-05-21;"sábado";"10:40:00";"PE";101;48,5;"ABREU E LIMA";"Acessar a via sem observar a presença dos outros veículos";"Colisão transversal";"Com Vítimas Feridas";"Pleno dia";"Decrescente";"Céu Claro";"Múltipla";"Reta";"Sim";3;0;0;1;1;1;1;3;-7,89174705;-34,9033493;"SPRF-PE";"DEL01-PE";"UOP02-DEL01-PE"
451107;2022-05-21;"sábado";"11:10:00";"SP";116;218;"GUARULHOS";"Carga excessiva e/ou mal acondicionada";"Tombamento";"Com Vítimas Feridas";"Pleno dia";"Crescente";"Céu Claro";"Múltipla";"Curva";"Não";2;0;1;0;0;1;1;2;-23,457972;-46,479927;"SPRF-SP";"DEL01-SP";"UOP01-DEL01-SP"
451108;2022-05-21;"sábado";"10:30:00";"MS";163;324,3;"RIO BRILHANTE";"Acessar a via sem observar a presença dos outros veículos";"Colisão transversal";"Com Vítimas Feridas";"Pleno dia";"Decrescente";"Céu Claro";"Simples";"Reta";"Sim";3;0;1;0;1;3;1;5;-21,77658813;-54,52601916;"SPRF-MS";"DEL02-MS";"UOP02-DEL02-MS"
451113;2022-05-21;"sábado";"08:15:00";"PI";230;189;"OEIRAS";"Acessar a via sem observar a presença dos outros veículos";"Colisão transversal";"Com Vítimas Fatais";"Pleno dia";"Decrescente";"Nublado";"Simples";"Interseção de Vias";"Não";5;1;0;2;1;2;2;4;-6,985357;-42,075312;"SPRF-PI";"DEL04-PI";"UOP01-DEL04-PI"
451116;2022-05-21;"sábado";"12:10:00";"PR";116;94;"SAO JOSE DOS PINHAIS";"Animais na Pista";"Atropelamento de Animal";"Com Vítimas Feridas";"Pleno dia";"Crescente";"Céu Claro";"Dupla";"Reta";"Sim";5;0;1;0;2;3;1;6;-25,52108203;-49,13542449;"SPRF-PR";"DEL01-PR";"UOP01-DEL01-PR"
451119;2022-05-21;"sábado";"12:08:00";"GO";60;98;"ANAPOLIS";"Condutor deixou de manter distância do veículo da frente";"Colisão traseira";"Com Vítimas Feridas";"Pleno dia";"Decrescente";"Céu Claro";"Dupla";"Reta";"Sim";2;0;0;1;1;0;1;2;-16,3846;-48,9541;"SPRF-GO";"DEL02-GO";"UOP01-DEL02-GO"
451121;2022-05-21;"sábado";"11:00:00";"MG";251;257,1;"SANTA CRUZ DE SALINAS";"Pedestre andava na pista";"Atropelamento de Pedestre";"Com Vítimas Fatais";"Pleno dia";"Decrescente";"Céu Claro";"Simples";"Reta";"Não";2;1;0;0;1;0;0;2;-16,01315435;-41,90715628;"SPRF-MG";"DEL11-MG";"UOP02-DEL11-MG"
451131;2022-05-21;"sábado";"09:50:00";"PR";376;307;"MAUA DA SERRA";"Carga excessiva e/ou mal acondicionada";"Derramamento de carga";"Sem Vítimas";"Pleno dia";"Crescente";"Céu Claro";"Dupla";"Curva";"Não";2;0;0;0;1;1;0;2;-23,9743171;-51,1035821;"SPRF-PR";"DEL07-PR";"UOP02-DEL07-PR"
451134;2022-05-21;"sábado";"14:00:00";"PR";163;177,1;"LINDOESTE";"Manobra de mudança de faixa";"Colisão lateral mesmo sentido";"Sem Vítimas";"Pleno dia";"Decrescente";"Sol";"Dupla";"Curva";"Não";3;0;0;0;2;2;0;4;-25,2011763;-53,60081316;"SPRF-PR";"DEL05-PR";"UOP05-DEL05-PR"
451142;2022-05-21;"sábado";"14:00:00";"PE";101;70;"RECIFE";"Reação tardia ou ineficiente do condutor";"Colisão traseira";"Com Vítimas Feridas";"Pleno dia";"Decrescente";"Céu Claro";"Simples";"Curva";"Sim";3;0;1;0;1;2;1;4;-8,06704799;-34,93862629;"SPRF-PE";"DEL01-PE";"UOP01-DEL01-PE"
451152;2022-05-21;"sábado";"13:40:00";"MT";364;201,5;"RONDONOPOLIS";"Manobra de mudança de faixa";"Colisão lateral mesmo sentido";"Com Vítimas Feridas";"Pleno dia";"Crescente";"Céu Claro";"Dupla";"Reta";"Sim";4;0;3;0;0;1;3;2;-16,491405;-54,646378;"SPRF-MT";"DEL02-MT";"UOP01-DEL02-MT"
451153;2022-05-21;"sábado";"14:30:00";"PE";423;60,6;"LAJEDO";"Velocidade Incompatível";"Colisão lateral sentido oposto";"Com Vítimas Feridas";"Pleno dia";"Crescente";"Céu Claro";"Simples";"Reta";"Sim";4;0;1;0;2;1;1;3;-8,657389;-36,325698;"SPRF-PE";"DEL03-PE";"UOP01-DEL03-PE"
451155;2022-05-21;"sábado";"14:50:00";"MG";40;57;"PARACATU";"Ausência de reação do condutor";"Saída de leito carroçável";"Com Vítimas Feridas";"Pleno dia";"Decrescente";"Céu Claro";"Simples";"Reta";"Não";2;0;2;0;0;0;2;1;-17,29349791;-46,77346153;"SPRF-MG";"DEL14-MG";"UOP01-DEL14-MG"
451161;2022-05-21;"sábado";"14:40:00";"PR";277;51,2;"SAO JOSE DOS PINHAIS";"Reação tardia ou ineficiente do condutor";"Tombamento";"Com Vítimas Fatais";"Pleno dia";"Decrescente";"Céu Claro";"Dupla";"Reta";"Não";2;1;0;0;0;2;0;3;-25,58573963;-48,9566104;"SPRF-PR";"DEL01-PR";"UOP01-DEL01-PR"
451166;2022-05-21;"sábado";"15:55:00";"MS";158;90,2;"PARANAIBA";"Transitar na contramão";"Colisão frontal";"Com Vítimas Feridas";"Pleno dia";"Decrescente";"Céu Claro";"Simples";"Reta";"Sim";3;0;0;1;1;2;1;4;-19,65067804;-51,20531386;"SPRF-MS";"DEL08-MS";"UOP01-DEL08-MS"
451167;2022-05-21;"sábado";"16:58:00";"SP";153;82;"BADY BASSITT";"Entrada inopinada do pedestre";"Atropelamento de Pedestre";"Com Vítimas Feridas";"Pleno dia";"Crescente";"Céu Claro";"Simples";"Reta";"Não";2;0;1;0;1;0;1;2;-20,9147692;-49,4943101;"SPRF-SP";"DEL09-SP";"UOP01-DEL09-SP"
451188;2022-05-21;"sábado";"19:00:00";"PR";369;195;"ARAPONGAS";"Ingestão de álcool pelo condutor";"Colisão transversal";"Sem Vítimas";"Plena Noite";"Crescente";"Céu Claro";"Dupla";"Declive;Reta";"Não";3;0;0;0;2;2;0;4;-23,46072682;-51,42391205;"SPRF-PR";"DEL07-PR";"UOP03-DEL07-PR"
451192;2022-05-21;"sábado";"16:25:00";"MG";50;65;"UBERLANDIA";"Velocidade Incompatível";"Tombamento";"Sem Vítimas";"Pleno dia";"Crescente";"Céu Claro";"Simples";"Curva";"Não";2;0;0;0;1;1;0;2;-18,85780301;-48,2549572;"SPRF-MG";"DEL15-MG";"UOP02-DEL15-MG"
451197;2022-05-21;"sábado";"19:40:00";"MG";116;512,7;"UBAPORANGA";"Acessar a via sem observar a presença dos outros veículos";"Colisão transversal";"Com Vítimas Feridas";"Plena Noite";"Crescente";"Nublado";"Simples";"Curva";"Não";6;0;3;0;2;1;3;3;-19,66981698;-42,11727987;"SPRF-MG";"DEL06-MG";"UOP02-DEL06-MG"
451198;2022-05-21;"sábado";"19:35:00";"ES";101;451,8;"MIMOSO DO SUL";"Condutor Dormindo";"Colisão lateral sentido oposto";"Com Vítimas Feridas";"Plena Noite";"Decrescente";"Céu Claro";"Simples";"Reta";"Não";3;0;1;0;1;3;1;5;-21,152358;-41,274138;"SPRF-ES";"DEL03-ES";"UOP02-DEL03-ES"
451207;2022-05-21;"sábado";"20:20:00";"SP";153;73,5;"SAO JOSE DO RIO PRETO";"Ingestão de álcool pelo condutor";"Colisão lateral mesmo sentido";"Sem Vítimas";"Pleno dia";"Decrescente";"Céu Claro";"Dupla";"Reta";"Não";3;0;0;0;2;2;0;4;-20,87627206;-49,42004692;"SPRF-SP";"DEL09-SP";"UOP01-DEL09-SP"
451209;2022-05-21;"sábado";"20:00:00";"MT";364;355,5;"SANTO ANTONIO DO LEVERGER";"Reação tardia ou ineficiente do condutor";"Saída de leito carroçável";"Com Vítimas Feridas";"Plena Noite";"Decrescente";"Céu Claro";"Dupla";"Declive;Curva";"Não";5;0;3;0;1;1;3;3;-15,801124;-55,658469;"SPRF-MT";"DEL05-MT";"UOP02-DEL05-MT"
451210;2022-05-21;"sábado";"20:30:00";"GO";452;142;"BOM JESUS DE GOIAS";"Estacionar ou parar em local proibido";"Colisão traseira";"Com Vítimas Feridas";"Plena Noite";"Decrescente";"Céu Claro";"Simples";"Reta;Aclive";"Não";3;0;0;1;1;2;1;4;-18,26951089;-49,64674095;"SPRF-GO";"DEL03-GO";"UOP02-DEL03-GO"
451212;2022-05-21;"sábado";"15:30:00";"MG";262;603;"CAMPOS ALTOS";"Reação tardia ou ineficiente do condutor";"Tombamento";"Sem Vítimas";"Pleno dia";"Decrescente";"Céu Claro";"Simples";"Reta";"Não";1;0;0;0;1;0;0;1;-19,6468942;-46,24077508;"SPRF-MG";"DEL08-MG";"UOP02-DEL08-MG"
451213;2022-05-21;"sábado";"20:40:00";"GO";414;439;"ANAPOLIS";"Ingestão de álcool pelo condutor";"Colisão lateral mesmo sentido";"Com Vítimas Fatais";"Plena Noite";"Decrescente";"Céu Claro";"Dupla";"Rotatória;Viaduto;Interseção de Vias";"Sim";4;1;0;0;1;3;0;5;-16,287023;-48,94355536;"SPRF-GO";"DEL02-GO";"UOP01-DEL02-GO"
451214;2022-05-21;"sábado";"19:10:00";"TO";153;401;"RIO DOS BOIS";"Ausência de reação do condutor";"Colisão lateral sentido oposto";"Sem Vítimas";"Plena Noite";"Crescente";"Céu Claro";"Simples";"Reta";"Não";1;0;0;0;0;1;0;1;-9,41877102;-48,57151689;"SPRF-TO";"DEL02-TO";"UOP02-DEL02-TO"
451227;2022-05-21;"sábado";"21:25:00";"MS";163;197,8;"CAARAPO";"Condutor deixou de manter distância do veículo da frente";"Colisão traseira";"Sem Vítimas";"Plena Noite";"Decrescente";"Céu Claro";"Dupla";"Reta";"Não";3;0;0;0;1;3;0;4;-22,73041904;-54,78849272;"SPRF-MS";"DEL04-MS";"UOP02-DEL04-MS"
451228;2022-05-21;"sábado";"22:20:00";"SC";101;131;"BALNEARIO CAMBORIU";"Ausência de reação do condutor";"Colisão traseira";"Com Vítimas Feridas";"Plena Noite";"Decrescente";"Céu Claro";"Dupla";"Reta";"Não";3;0;1;0;1;2;1;4;-26,99064209;-48,66310912;"SPRF-SC";"DEL04-SC";"UOP03-DEL04-SC"
451232;2022-05-21;"sábado";"14:15:00";"MS";267;604,8;"CARACOL";"Pista esburacada";"Saída de leito carroçável";"Sem Vítimas";"Pleno dia";"Decrescente";"Céu Claro";"Simples";"Reta";"Não";2;0;0;0;1;1;0;2;-21,75827186;-57,15250115;"SPRF-MS";"DEL05-MS";"UOP01-DEL05-MS"
451233;2022-05-21;"sábado";"20:25:00";"MS";376;157,6;"NOVA ANDRADINA";"Condutor deixou de manter distância do veículo da frente";"Colisão traseira";"Com Vítimas Feridas";"Plena Noite";"Crescente";"Céu Claro";"Simples";"Reta";"Não";5;0;1;0;3;2;1;4;-22,332032;-53,475117;"SPRF-MS";"DEL04-MS";"UOP04-DEL04-MS"
451245;2022-05-21;"sábado";"22:40:00";"RO";364;208,5;"PIMENTA BUENO";"Reação tardia ou ineficiente do condutor";"Saída de leito carroçável";"Sem Vítimas";"Plena Noite";"Decrescente";"Céu Claro";"Simples";"Reta";"Não";2;0;0;0;1;1;0;2;-11,59809433;-61,23748617;"SPRF-RO";"DEL02-RO";"UOP02-DEL02-RO"
451250;2022-05-22;"domingo";"01:22:00";"SC";101;125,3;"ITAJAI";"Acessar a via sem observar a presença dos outros veículos";"Colisão lateral mesmo sentido";"Sem Vítimas";"Plena Noite";"Decrescente";"Céu Claro";"Dupla";"Curva";"Sim";4;0;0;0;3;1;0;3;-26,94802427;-48,68338515;"SPRF-SC";"DEL04-SC";"UOP04-DEL04-SC"
451254;2022-05-22;"domingo";"01:00:00";"AL";104;22;"UNIAO DOS PALMARES";"Problema com o freio";"Saída de leito carroçável";"Com Vítimas Feridas";"Plena Noite";"Crescente";"Nublado";"Simples";"Curva";"Não";2;0;2;0;0;0;2;1;-9,07371688;-36,03702576;"SPRF-AL";"DEL01-AL";"UOP02-DEL01-AL"
451256;2022-05-22;"domingo";"01:30:00";"MA";316;553;"CAXIAS";"Reação tardia ou ineficiente do condutor";"Colisão traseira";"Com Vítimas Feridas";"Plena Noite";"Crescente";"Chuva";"Dupla";"Reta";"Sim";3;0;0;1;1;2;1;4;-4,877648;-43,338158;"SPRF-MA";"DEL03-MA";"UOP02-DEL03-MA"
451257;2022-05-21;"sábado";"20:30:00";"PI";316;121,5;"ELESBAO VELOSO";"Transitar na contramão";"Colisão lateral sentido oposto";"Com Vítimas Feridas";"Plena Noite";"Crescente";"Céu Claro";"Simples";"Declive;Reta";"Não";2;0;2;0;0;0;2;2;-5,96575367;-42,34542847;"SPRF-PI";"DEL04-PI";"UOP02-DEL04-PI"
451260;2022-05-22;"domingo";"02:00:00";"PR";277;237;"IRATI";"Transitar na contramão";"Colisão frontal";"Com Vítimas Feridas";"Plena Noite";"Crescente";"Céu Claro";"Simples";"Reta";"Sim";3;0;1;0;1;1;1;3;-25,46011163;-50,60367107;"SPRF-PR";"DEL08-PR";"UOP02-DEL08-PR"
451273;2022-05-22;"domingo";"04:40:00";"RJ";116;58;"TERESOPOLIS";"Reação tardia ou ineficiente do condutor";"Colisão traseira";"Com Vítimas Fatais";"Plena Noite";"Crescente";"Nevoeiro/Neblina";"Simples";"Curva";"Não";3;1;0;0;2;0;0;2;-22,24556881;-42,91671753;"SPRF-RJ";"DEL04-RJ";"UOP01-DEL04-RJ"
451278;2022-05-22;"domingo";"05:15:00";"PR";376;369;"ORTIGUEIRA";"Ausência de reação do condutor";"Colisão frontal";"Com Vítimas Feridas";"Plena Noite";"Crescente";"Nublado";"Simples";"Reta";"Não";2;0;1;0;1;0;1;2;-24,3676303;-50,80074024;"SPRF-PR";"DEL07-PR";"UOP02-DEL07-PR"
451280;2022-05-22;"domingo";"05:36:00";"GO";153;352;"JARAGUA";"Ultrapassagem Indevida";"Colisão frontal";"Com Vítimas Feridas";"Plena Noite";"Crescente";"Ignorado";"Simples";"Reta";"Não";8;0;0;6;1;2;6;5;-15,682164;-49,341423;"SPRF-GO";"DEL02-GO";"UOP02-DEL02-GO"
451296;2022-05-22;"domingo";"05:30:00";"RJ";40;123;"DUQUE DE CAXIAS";"Reação tardia ou ineficiente do condutor";"Colisão traseira";"Com Vítimas Feridas";"Amanhecer";"Crescente";"Céu Claro";"Múltipla";"Reta";"Sim";3;0;1;0;2;0;1;3;-22,79907687;-43,29015739;"SPRF-RJ";"DEL01-RJ";"UOP01-DEL01-RJ"
451298;2022-05-22;"domingo";"06:46:00";"PE";116;31;"SALGUEIRO";"Acessar a via sem observar a presença dos outros veículos";"Colisão lateral mesmo sentido";"Com Vítimas Fatais";"Pleno dia";"Crescente";"Céu Claro";"Simples";"Curva";"Não";2;1;0;0;0;1;0;2;-8,11305;-39,123844;"SPRF-PE";"DEL05-PE";"UOP01-DEL05-PE"