"id";"data_inversa";"dia_semana";"horario";"uf";"br";"km";"municipio";"causa_acidente";"tipo_acidente";"classificacao_acidente";"fase_dia";"sentido_via";"condicao_metereologica";"tipo_pista";"tracado_via";"uso_solo";"pessoas";"mortos";"feridos_leves";"feridos_graves";"ilesos";"ignorados";"feridos";"veiculos";"latitude";"longitude";"regional";"delegacia";"uop"
451621;2022-05-23;"segunda-feira";"20:50:00";"ES";101;299;"VIANA";"Avarias e/ou desgaste excessivo no pneu";"Colisão com objeto";"Com Vítimas Feridas";"Plena Noite";"Decrescente";"Céu Claro";"Múltipla";"Reta";"Sim";3;0;1;0;1;1;1;3;-20,35860628;-40,42327504;"SPRF-ES";"DEL01-ES";"UOP01-DEL01-ES"
451626;2022-05-23;"segunda-feira";"16:30:00";"MS";60;515,5;"NIOAQUE";"Problema com o freio";"Colisão com objeto";"Com Vítimas Feridas";"Pleno dia";"Crescente";"Céu Claro";"Simples";"Curva";"Não";2;0;2;0;0;0;2;1;-21,17732695;-55,628235;"SPRF-MS";"DEL05-MS";"UOP01-DEL05-MS"
451628;2022-04-13;"quarta-feira";"21:25:00";"RO";364;154,7;"PIMENTA BUENO";"Reação tardia ou ineficiente do condutor";"Colisão frontal";"Com Vítimas Fatais";"Plena Noite";"Crescente";"Céu Claro";"Simples";"Reta;Declive";"Não";3;1;0;1;1;0;1;2;-11,96352798;-60,95724979;"SPRF-RO";"DEL02-RO";"UOP02-DEL02-RO"
451638;2022-05-23;"segunda-feira";"18:10:00";"MT";174;287;"PONTES E LACERDA";"Manobra de mudança de faixa";"Colisão lateral sentido oposto";"Com Vítimas Feridas";"Pleno dia";"Crescente";"Céu Claro";"Simples";"Reta";"Não";4;0;1;0;2;3;1;5;-15,24297301;-59,31386001;"SPRF-MT";"DEL04-MT";"UOP01-DEL04-MT"
451642;2022-05-23;"segunda-feira";"13:30:00";"MA";10;299;"IMPERATRIZ";"Condutor Dormindo";"Colisão lateral sentido oposto";"Com Vítimas Feridas";"Pleno dia";"Crescente";"Céu Claro";"Simples";"Reta";"Não";2;0;1;0;1;0;1;2;-5,122542;-47,547592;"SPRF-MA";"DEL04-MA";"UOP03-DEL04-MA"
451643;2022-05-23;"segunda-feira";"22:30:00";"SC";116;211;"PONTE ALTA";"Reação tardia ou ineficiente do condutor";"Saída de leito carroçável";"Com Vítimas Feridas";"Plena Noite";"Crescente";"Nublado";"Simples";"Curva";"Não";2;0;1;0;0;1;1;2;-27,51040007;-50,36397936;"SPRF-SC";"DEL05-SC";"UOP03-DEL05-SC"
451654;2022-05-24;"terça-feira";"02:38:00";"RN";101;131;"SAO JOSE DE MIPIBU";"Acumulo de água sobre o pavimento";"Colisão traseira";"Com Vítimas Feridas";"Plena Noite";"Decrescente";"Nublado";"Dupla";"Curva";"Não";3;0;1;0;1;1;1;3;-6,12845998;-35,22884476;"SPRF-RN";"DEL01-RN";"UOP01-DEL01-RN"
451656;2022-05-24;"terça-feira";"00:35:00";"MT";364;349,5;"SANTO ANTONIO DO LEVERGER";"Demais falhas mecânicas ou elétricas";"Saída de leito carroçável";"Com Vítimas Fatais";"Plena Noite";"Crescente";"Céu Claro";"Dupla";"Declive";"Não";1;1;0;0;0;0;0;1;-15,80502622;-55,5546431;"SPRF-MT";"DEL05-MT";"UOP02-DEL05-MT"
451660;2022-05-24;"terça-feira";"05:50:00";"PR";163;262;"TOLEDO";"Velocidade Incompatível";"Colisão traseira";"Com Vítimas Feridas";"Plena Noite";"Crescente";"Céu Claro";"Dupla";"Reta";"Não";3;0;0;2;1;0;2;2;-24,63795531;-53,86217556;"SPRF-PR";"DEL06-PR";"UOP02-DEL06-PR"
451662;2022-05-24;"terça-feira";"05:30:00";"TO";153;142,3;"ARAGUAINA";"Falta de elemento de contenção que evite a saída do leito carroçável";"Colisão transversal";"Com Vítimas Feridas";"Amanhecer";"Crescente";"Céu Claro";"Dupla";"Reta";"Sim";4;0;0;1;1;3;1;5;-7,18228805;-48,22580095;"SPRF-TO";"DEL02-TO";"UOP01-DEL02-TO"
451666;2022-05-24;"terça-feira";"06:50:00";"PR";277;135;"BALSA NOVA";"Demais falhas mecânicas ou elétricas";"Incêndio";"Sem Vítimas";"Amanhecer";"Decrescente";"Nevoeiro/Neblina";"Dupla";"Reta";"Não";2;0;0;0;1;2;0;3;-25,47116486;-49,6766651;"SPRF-PR";"DEL03-PR";"UOP03-DEL03-PR"
451673;2022-05-23;"segunda-feira";"09:00:00";"PR";272;535;"FRANCISCO ALVES";"Carga excessiva e/ou mal acondicionada";"Colisão com objeto";"Sem Vítimas";"Pleno dia";"Crescente";"Céu Claro";"Simples";"Reta";"Não";3;0;0;0;2;2;0;4;-24,0705604;-53,9185329;"SPRF-PR";"DEL06-PR";"UOP01-DEL06-PR"
451674;2022-05-24;"terça-feira";"06:50:00";"MG";40;482,8;"SETE LAGOAS";"Condutor Dormindo";"Saída de leito carroçável";"Com Vítimas Feridas";"Amanhecer";"Crescente";"Céu Claro";"Dupla";"Curva;Aclive";"Não";1;0;1;0;0;0;1;1;-19,55911383;-44,24017469;"SPRF-MG";"DEL02-MG";"UOP01-DEL02-MG"
451685;2022-05-24;"terça-feira";"08:00:00";"PE";232;7,5;"RECIFE";"Acessar a via sem observar a presença dos outros veículos";"Colisão lateral mesmo sentido";"Com Vítimas Feridas";"Pleno dia";"Decrescente";"Nublado";"Dupla";"Reta";"Sim";3;0;1;0;1;1;1;3;-8,06795766;-34,94535414;"SPRF-PE";"DEL01-PE";"UOP01-DEL01-PE"
451688;2022-05-24;"terça-feira";"09:20:00";"SP";116;293;"ITAPECERICA DA SERRA";"Demais falhas mecânicas ou elétricas";"Colisão lateral mesmo sentido";"Com Vítimas Feridas";"Pleno dia";"Crescente";"Céu Claro";"Dupla";"Reta";"Não";5;0;2;0;2;1;2;3;-23,75393807;-46,90168863;"SPRF-SP";"DEL04-SP";"UOP01-DEL04-SP"
451694;2022-05-24;"terça-feira";"09:30:00";"MA";10;255;"IMPERATRIZ";"Transitar no acostamento";"Tombamento";"Com Vítimas Feridas";"Pleno dia";"Crescente";"Céu Claro";"Simples";"Reta";"Sim";3;0;1;0;1;2;1;4;-5,508798;-47,471718;"SPRF-MA";"DEL04-MA";"UOP01-DEL04-MA"
451698;2022-05-24;"terça-feira";"10:30:00";"PE";101;91,4;"CABO DE SANTO AGOSTINHO";"Condutor deixou de manter distância do veículo da frente";"Colisão transversal";"Com Vítimas Feridas";"Pleno dia";"Decrescente";"Chuva";"Dupla";"Reta";"Sim";6;0;1;0;4;1;1;3;-8,22399812;-34,99290474;"SPRF-PE";"DEL01-PE";"UOP01-DEL01-PE"
451706;2022-05-24;"terça-feira";"10:30:00";"SC";101;158;"PORTO BELO";"Acessar a via sem observar a presença dos outros veículos";"Colisão transversal";"Sem Vítimas";"Pleno dia";"Decrescente";"Céu Claro";"Dupla";"Reta";"Sim";4;0;0;0;3;1;0;4;-27,19096301;-48,61259017;"SPRF-SC";"DEL04-SC";"UOP03-DEL04-SC"
451708;2022-05-24;"terça-feira";"10:45:00";"TO";153;457,5;"BARROLANDIA";"Ultrapassagem Indevida";"Colisão lateral sentido oposto";"Com Vítimas Feridas";"Pleno dia";"Decrescente";"Céu Claro";"Simples";"Declive;Reta";"Não";6;0;1;0;4;1;1;3;-9,91971633;-48,73277664;"SPRF-TO";"DEL01-TO";"UOP01-DEL01-TO"
451718;2022-05-24;"terça-feira";"12:00:00";"CE";116;12;"FORTALEZA";"Ausência de reação do condutor";"Tombamento";"Com Vítimas Fatais";"Pleno dia";"Crescente";"Chuva";"Dupla";"Aclive";"Sim";2;1;0;0;1;0;0;2;-3,852077;-38,495525;"SPRF-CE";"DEL01-CE";"UOP02-DEL01-CE"
451723;2022-05-24;"terça-feira";"13:00:00";"MG";262;485;"BOM DESPACHO";"Ultrapassagem Indevida";"Colisão com objeto";"Com Vítimas Feridas";"Pleno dia";"Crescente";"Céu Claro";"Simples";"Reta";"Não";2;0;1;0;1;0;1;2;-19,78606988;-45,29440001;"SPRF-MG";"DEL08-MG";"UOP03-DEL08-MG"
451734;2022-05-24;"terça-feira";"14:05:00";"RS";386;50,5;"SEBERI";"Acessar a via sem observar a presença dos outros veículos";"Colisão transversal";"Com Vítimas Feridas";"Pleno dia";"Decrescente";"Céu Claro";"Simples";"Reta";"Sim";2;0;1;0;0;1;1;2;-27,491682;-53,389172;"SPRF-RS";"DEL08-RS";"UOP02-DEL08-RS"
451735;2022-05-24;"terça-feira";"12:15:00";"BA";242;802;"BARREIRAS";"Ausência de reação do condutor";"Colisão traseira";"Sem Vítimas";"Pleno dia";"Decrescente";"Céu Claro";"Simples";"Reta";"Não";3;0;0;0;2;3;0;5;-12,115038;-45,071681;"SPRF-BA";"DEL10-BA";"UOP01-DEL10-BA"
451740;2022-04-30;"sábado";"08:40:00";"CE";20;420;"MARACANAU";"Ausência de reação do condutor";"Colisão traseira";"Com Vítimas Feridas";"Pleno dia";"Crescente";"Céu Claro";"Dupla";"Reta";"Sim";2;0;1;0;1;0;1;2;-3,76999035;-38,67006282;"SPRF-CE";"DEL01-CE";"UOP02-DEL01-CE"
451744;2022-05-24;"terça-feira";"14:10:00";"MS";163;552,3;"BANDEIRANTES";"Animais na Pista";"Atropelamento de Animal";"Com Vítimas Feridas";"Pleno dia";"Crescente";"Sol";"Simples";"Curva";"Não";4;0;1;0;2;1;1;3;-19,906046;-54,372375;"SPRF-MS";"DEL01-MS";"UOP02-DEL01-MS"
451745;2022-05-13;"sexta-feira";"17:00:00";"MA";222;212;"ITAPECURU MIRIM";"Transitar na contramão";"Tombamento";"Com Vítimas Feridas";"Pleno dia";"Decrescente";"Sol";"Simples";"Reta";"Não";2;0;0;1;1;0;1;2;-3,36930695;-44,39109197;"SPRF-MA";"DEL01-MA";"UOP02-DEL01-MA"
451747;2022-05-24;"terça-feira";"14:28:00";"MA";10;261,5;"IMPERATRIZ";"Conversão proibida";"Colisão transversal";"Com Vítimas Feridas";"Pleno dia";"Decrescente";"Sol";"Simples";"Reta";"Sim";2;0;1;0;1;0;1;2;-5,454371;-47,472439;"SPRF-MA";"DEL04-MA";"UOP01-DEL04-MA"
451748;2022-05-24;"terça-feira";"15:45:00";"PE";101;40;"IGARASSU";"Condutor deixou de manter distância do veículo da frente";"Colisão traseira";"Com Vítimas Feridas";"Pleno dia";"Decrescente";"Chuva";"Múltipla";"Reta";"Sim";3;0;1;0;1;1;1;3;-7,821475;-34,916545;"SPRF-PE";"DEL01-PE";"UOP02-DEL01-PE"
451751;2022-05-20;"sexta-feira";"02:30:00";"MS";262;555;"MIRANDA";"Reação tardia ou ineficiente do condutor";"Tombamento";"Com Vítimas Feridas";"Plena Noite";"Decrescente";"Nublado";"Simples";"Reta";"Não";3;0;2;0;0;1;2;2;-20,25121299;-56,35301999;"SPRF-MS";"DEL03-MS";"UOP02-DEL03-MS"
451753;2022-05-24;"terça-feira";"16:45:00";"RJ";116;193;"QUEIMADOS";"Ausência de reação do condutor";"Colisão traseira";"Com Vítimas Feridas";"Pleno dia";"Crescente";"Céu Claro";"Dupla";"Reta";"Não";2;0;1;0;1;0;1;2;-22,73960178;-43,52859094;"SPRF-RJ";"DEL01-RJ";"UOP02-DEL01-RJ"
451759;2022-05-24;"terça-feira";"17:30:00";"PR";476;141;"CURITIBA";"Trafegar com motocicleta (ou similar) entre as faixas";"Colisão traseira";"Com Vítimas Feridas";"Anoitecer";"Decrescente";"Céu Claro";"Dupla";"Reta";"Sim";3;0;1;0;2;0;1;3;-25,528614;-49,298798;"SPRF-PR";"DEL01-PR";"UOP03-DEL01-PR"
451760;2022-05-24;"terça-feira";"17:30:00";"MG";40;660,9;"CARANDAI";"Velocidade Incompatível";"Tombamento";"Com Vítimas Feridas";"Anoitecer";"Decrescente";"Céu Claro";"Simples";"Aclive;Curva";"Não";2;0;1;0;0;1;1;2;-20,90918332;-43,82903903;"SPRF-MG";"DEL05-MG";"UOP02-DEL05-MG"
451763;2022-05-24;"terça-feira";"17:40:00";"MG";354;703;"CAXAMBU";"Ingestão de álcool pelo condutor";"Colisão transversal";"Com Vítimas Feridas";"Anoitecer";"Decrescente";"Céu Claro";"Simples";"Reta";"Sim";2;0;1;0;1;0;1;2;-21,97540939;-44,92323124;"SPRF-MG";"DEL17-MG";"UOP01-DEL17-MG"
451786;2022-05-24;"terça-feira";"13:55:00";"SC";282;437,3;"IRANI";"Desrespeitar a preferência no cruzamento";"Colisão transversal";"Com Vítimas Feridas";"Pleno dia";"Crescente";"Céu Claro";"Simples";"Rotatória";"Não";2;0;1;0;1;0;1;2;-26,963764;-51,854839;"SPRF-SC";"DEL07-SC";"UOP04-DEL07-SC"
451801;2022-05-24;"terça-feira";"13:50:00";"MG";116;704,4;"MURIAE";"Desrespeitar a preferência no cruzamento";"Colisão transversal";"Com Vítimas Feridas";"Pleno dia";"Decrescente";"Sol";"Simples";"Curva;Interseção de Vias";"Sim";7;0;5;0;1;1;5;3;-21,12476558;-42,38134417;"SPRF-MG";"DEL05-MG";"UOP01-DEL05-MG"
451807;2022-05-24;"terça-feira";"10:50:00";"MG";116;738,1;"LARANJAL";"Transitar na contramão";"Colisão lateral sentido oposto";"Com Vítimas Feridas";"Pleno dia";"Crescente";"Céu Claro";"Simples";"Curva";"Sim";4;0;2;0;1;1;2;3;-21,376934;-42,48054;"SPRF-MG";"DEL07-MG";"UOP01-DEL07-MG"
451808;2022-05-24;"terça-feira";"12:40:00";"MG";116;609,8;"SAO JOAO DO MANHUACU";"Ultrapassagem Indevida";"Colisão lateral mesmo sentido";"Com Vítimas Feridas";"Pleno dia";"Crescente";"Chuva";"Simples";"Reta";"Não";3;0;0;2;1;0;2;2;-20,40488795;-42,15173121;"SPRF-MG";"DEL07-MG";"UOP03-DEL07-MG"
451809;2022-05-24;"terça-feira";"21:30:00";"MG";267;261,8;"AIURUOCA";"Velocidade Incompatível";"Tombamento";"Com Vítimas Feridas";"Plena Noite";"Crescente";"Céu Claro";"Simples";"Curva";"Não";2;0;1;0;0;1;1;2;-21,93223362;-44,56485198;"SPRF-MG";"DEL17-MG";"UOP01-DEL17-MG"
451814;2022-05-24;"terça-feira";"21:45:00";"RS";480;67,5;"BARAO DE COTEGIPE";"Entrada inopinada do pedestre";"Atropelamento de Pedestre";"Com Vítimas Feridas";"Plena Noite";"Crescente";"Céu Claro";"Simples";"Reta";"Não";3;0;0;1;1;1;1;2;-27,63347625;-52,34270887;"SPRF-RS";"DEL08-RS";"UOP04-DEL08-RS"
451815;2022-03-05;"sábado";"12:00:00";"ES";259;51,5;"COLATINA";"Ausência de reação do condutor";"Colisão frontal";"Com Vítimas Feridas";"Pleno dia";"Decrescente";"Céu Claro";"Simples";"Reta";"Sim";4;0;3;0;0;1;3;3;-19,50453008;-40,61265703;"SPRF-ES";"DEL02-ES";"UOP01-DEL02-ES"
451818;2022-05-23;"segunda-feira";"22:30:00";"PA";163;584;"TRAIRAO";"Avarias e/ou desgaste excessivo no pneu";"Tombamento";"Sem Vítimas";"Plena Noite";"Decrescente";"Ignorado";"Simples";"Curva";"Não";2;0;0;0;1;2;0;3;-4,9751;-56,211838;"SPRF-PA";"DEL05-PA";"UOP01-DEL05-PA"
451820;2022-05-24;"terça-feira";"22:30:00";"MG";40;450;"CAETANOPOLIS";"Reação tardia ou ineficiente do condutor";"Tombamento";"Sem Vítimas";"Plena Noite";"Crescente";"Céu Claro";"Dupla";"Curva;Declive";"Não";2;0;0;0;1;1;0;2;-19,31698774;-44,36765061;"SPRF-MG";"DEL02-MG";"UOP01-DEL02-MG"
451821;2022-05-24;"terça-feira";"22:10:00";"RN";101;104;"PARNAMIRIM";"Chuva";"Colisão traseira";"Com Vítimas Feridas";"Plena Noite";"Crescente";"Chuva";"Múltipla";"Reta";"Sim";7;0;5;0;1;1;5;3;-5,892745;-35,257225;"SPRF-RN";"DEL01-RN";"UOP01-DEL01-RN"
451822;2022-05-24;"terça-feira";"22:30:00";"PR";163;130,8;"CAPITAO LEONIDAS MARQUES";"Ausência de sinalização";"Colisão lateral sentido oposto";"Com Vítimas Feridas";"Plena Noite";"Crescente";"Céu Claro";"Simples";"Curva";"Não";6;0;4;0;1;1;4;3;-25,58198409;-53,56205219;"SPRF-PR";"DEL05-PR";"UOP05-DEL05-PR"
451825;2022-05-24;"terça-feira";"21:00:00";"PE";424;47,6;"VENTUROSA";"Chuva";"Derramamento de carga";"Sem Vítimas";"Plena Noite";"Crescente";"Garoa/Chuvisco";"Simples";"Curva;Aclive";"Não";3;0;0;0;2;1;0;2;-8,69835023;-36,78668889;"SPRF-PE";"DEL03-PE";"UOP01-DEL03-PE"
451826;2022-05-24;"terça-feira";"16:00:00";"MA";10;292;"IMPERATRIZ";"Reação tardia ou ineficiente do condutor";"Engavetamento";"Com Vítimas Feridas";"Pleno dia";"Decrescente";"Sol";"Simples";"Reta";"Não";5;0;1;0;3;2;1;5;-5,181159;-47,525482;"SPRF-MA";"DEL04-MA";"UOP01-DEL04-MA"
451827;2022-05-24;"terça-feira";"22:55:00";"MG";381;745,7;"TRES CORACOES";"Ausência de reação do condutor";"Colisão traseira";"Com Vítimas Feridas";"Plena Noite";"Crescente";"Céu Claro";"Dupla";"Reta";"Não";4;0;0;2;1;2;2;4;-21,637253;-45,28388;"SPRF-MG";"DEL16-MG";"UOP02-DEL16-MG"
451832;2022-05-25;"quarta-feira";"00:30:00";"CE";20;423,9;"FORTALEZA";"Ausência de reação do condutor";"Saída de leito carroçável";"Sem Vítimas";"Plena Noite";"Crescente";"Nublado";"Dupla";"Reta";"Sim";1;0;0;0;1;0;0;1;-3,76999035;-38,67006282;"SPRF-CE";"DEL01-CE";"UOP02-DEL01-CE"
451836;2022-05-25;"quarta-feira";"01:30:00";"RJ";493;65;"NOVA IGUACU";"Condutor Dormindo";"Saída de leito carroçável";"Com Vítimas Feridas";"Plena Noite";"Decrescente";"Céu Claro";"Dupla";"Reta";"Não";2;0;1;0;0;1;1;2;-22,68466738;-43,44852448;"SPRF-RJ";"DEL01-RJ";"UOP03-DEL01-RJ"
451838;2022-05-25;"quarta-feira";"04:45:00";"GO";414;434,9;"ANAPOLIS";"Acessar a via sem observar a presença dos outros veículos";"Colisão transversal";"Com Vítimas Feridas";"Plena Noite";"Decrescente";"Céu Claro";"Simples";"Declive;Interseção de Vias;Reta";"Sim";8;0;0;5;1;4;5;6;-16,24594;-48,93446196;"SPRF-GO";"DEL02-GO";"UOP01-DEL02-GO"
451840;2022-05-25;"quarta-feira";"04:00:00";"RN";304;72,2;"MOSSORO";"Animais na Pista";"Atropelamento de Animal";"Com Vítimas Feridas";"Plena Noite";"Crescente";"Nevoeiro/Neblina";"Simples";"Reta";"Não";2;0;2;0;0;0;2;2;-5,41635678;-37,21467175;"SPRF-RN";"DEL04-RN";"UOP01-DEL04-RN"
451845;2022-05-25;"quarta-feira";"07:02:00";"GO";50;95;"CRISTALINA";"Carga excessiva e/ou mal acondicionada";"Tombamento";"Com Vítimas Feridas";"Pleno dia";"Decrescente";"Céu Claro";"Simples";"Curva";"Não";2;0;1;0;0;1;1;2;-16,9309;-47,7117;"SPRF-DF";"DEL01-DF";"UOP02-DEL01-DF"
451850;2022-05-25;"quarta-feira";"07:10:00";"SP";116;65;"GUARATINGUETA";"Demais falhas mecânicas ou elétricas";"Colisão com objeto";"Sem Vítimas";"Pleno dia";"Crescente";"Céu Claro";"Dupla";"Reta";"Não";5;0;0;0;4;1;0;4;-22,823273;-45,192806;"SPRF-SP";"DEL08-SP";"UOP01-DEL08-SP"
451852;2022-05-25;"quarta-feira";"07:00:00";"RN";304;35;"MOSSORO";"Transitar no acostamento";"Colisão lateral mesmo sentido";"Com Vítimas Feridas";"Pleno dia";"Crescente";"Chuva";"Dupla";"Rotatória";"Sim";2;0;1;0;0;1;1;2;-5,16149497;-37,35068212;"SPRF-RN";"DEL04-RN";"UOP02-DEL04-RN"
451858;2022-05-25;"quarta-feira";"07:20:00";"PR";153;31,4;"SANTO ANTONIO DA PLATINA";"Acessar a via sem observar a presença dos outros veículos";"Colisão transversal";"Com Vítimas Feridas";"Pleno dia";"Crescente";"Céu Claro";"Simples";"Reta";"Não";3;0;1;0;1;1;1;3;-23,22262134;-50,02015382;"SPRF-PR";"DEL07-PR";"UOP04-DEL07-PR"
451859;2022-05-24;"terça-feira";"16:30:00";"AM";174;1015;"PRESIDENTE FIGUEIREDO";"Problema com o freio";"Colisão traseira";"Sem Vítimas";"Plena Noite";"Decrescente";"Céu Claro";"Simples";"Declive";"Não";4;0;0;0;1;5;0;5;-1,8556783;-60,09864807;"SPRF-AM";"DEL01-AM";"UOP02-DEL01-AM"
451863;2022-05-25;"quarta-feira";"07:40:00";"RS";285;461;"IJUI";"Ausência de reação do condutor";"Colisão traseira";"Com Vítimas Feridas";"Pleno dia";"Crescente";"Sol";"Simples";"Rotatória";"Sim";3;0;1;0;1;1;1;3;-28,41757918;-53,92179966;"SPRF-RS";"DEL10-RS";"UOP01-DEL10-RS"
451864;2022-04-19;"terça-feira";"14:10:00";"SC";470;184,6;"POUSO REDONDO";"Velocidade Incompatível";"Tombamento";"Sem Vítimas";"Pleno dia";"Decrescente";"Sol";"Simples";"Curva";"Não";2;0;0;0;1;2;0;3;-27,25447697;-50,03379822;"SPRF-SC";"DEL04-SC";"UOP02-DEL04-SC"
451865;2022-05-25;"quarta-feira";"06:40:00";"MG";267;166,2;"LIMA DUARTE";"Velocidade Incompatível";"Capotamento";"Com Vítimas Feridas";"Amanhecer";"Decrescente";"Ignorado";"Simples";"Declive";"Não";2;0;0;2;0;0;2;1;-21,86318949;-43,85116113;"SPRF-MG";"DEL05-MG";"UOP01-DEL05-MG"
451870;2022-05-25;"quarta-feira";"08:25:00";"RN";101;85;"SAO GONCALO DO AMARANTE";"Condutor desrespeitou a iluminação vermelha do semáforo";"Colisão traseira";"Com Vítimas Fatais";"Pleno dia";"Crescente";"Céu Claro";"Dupla";"Declive;Reta";"Sim";7;1;0;0;6;0;0;5;-5,777664;-35,24937;"SPRF-RN";"DEL02-RN";"UOP01-DEL02-RN"
451871;2022-05-25;"quarta-feira";"06:50:00";"RO";435;26;"VILHENA";"Reação tardia ou ineficiente do condutor";"Colisão traseira";"Com Vítimas Feridas";"Pleno dia";"Decrescente";"Céu Claro";"Simples";"Reta;Aclive";"Não";2;0;1;0;1;0;1;2;-12,78308871;-60,34345914;"SPRF-RO";"DEL04-RO";"UOP02-DEL04-RO"
451876;2022-05-25;"quarta-feira";"07:30:00";"MG";153;218,1;"FRUTAL";"Ultrapassagem Indevida";"Saída de leito carroçável";"Com Vítimas Fatais";"Pleno dia";"Decrescente";"Céu Claro";"Simples";"Reta";"Não";5;4;0;0;1;0;0;2;-20,085238;-49,080621;"SPRF-MG";"DEL13-MG";"UOP02-DEL13-MG"
451877;2022-05-25;"quarta-feira";"08:35:00";"PE";101;83,6;"JABOATAO DOS GUARARAPES";"Acessar a via sem observar a presença dos outros veículos";"Colisão transversal";"Com Vítimas Feridas";"Pleno dia";"Crescente";"Chuva";"Dupla";"Reta";"Sim";3;0;2;0;1;0;2;2;-8,175172;-34,942642;"SPRF-PE";"DEL01-PE";"UOP01-DEL01-PE"
451880;2022-05-25;"quarta-feira";"08:23:00";"PI";316;32,5;"DEMERVAL LOBAO";"Transitar no acostamento";"Colisão com objeto";"Sem Vítimas";"Pleno dia";"Crescente";"Céu Claro";"Simples";"Reta";"Sim";5;0;0;0;5;0;0;2;-5,35892644;-42,67604828;"SPRF-PI";"DEL01-PI";"UOP02-DEL01-PI"
451882;2022-05-25;"quarta-feira";"09:25:00";"MG";40;710,5;"BARBACENA";"Velocidade Incompatível";"Tombamento";"Com Vítimas Feridas";"Pleno dia";"Decrescente";"Céu Claro";"Dupla";"Curva";"Não";2;0;1;0;0;1;1;2;-21,24345674;-43,71417309;"SPRF-MG";"DEL05-MG";"UOP02-DEL05-MG"
451883;2022-04-07;"quinta-feira";"18:20:00";"SP";116;406;"MIRACATU";"Acessar a via sem observar a presença dos outros veículos";"Colisão traseira";"Com Vítimas Feridas";"Plena Noite";"Decrescente";"Céu Claro";"Dupla";"Reta";"Não";3;0;1;0;1;1;1;3;-24,3250391;-47,55598398;"SPRF-SP";"DEL04-SP";"UOP02-DEL04-SP"
451884;2022-05-25;"quarta-feira";"09:50:00";"MG";262;358;"BETIM";"Problema com o freio";"Colisão traseira";"Com Vítimas Feridas";"Pleno dia";"Crescente";"Céu Claro";"Dupla";"Reta";"Não";4;0;1;0;3;0;1;3;-19,97562699;-44,197751;"SPRF-MG";"DEL01-MG";"UOP03-DEL01-MG"
451886;2022-05-25;"quarta-feira";"08:10:00";"MG";365;29,7;"MONTES CLAROS";"Manobra de mudança de faixa";"Colisão frontal";"Com Vítimas Fatais";"Pleno dia";"Crescente";"Céu Claro";"Simples";"Reta";"Não";4;1;0;0;3;0;0;2;-16,83985022;-44,09475095;"SPRF-MG";"DEL12-MG";"UOP01-DEL12-MG"
451889;2022-05-25;"quarta-feira";"10:23:00";"MG";40;825,9;"SIMAO PEREIRA";"Velocidade Incompatível";"Saída de leito carroçável";"Com Vítimas Feridas";"Pleno dia";"Crescente";"Garoa/Chuvisco";"Dupla";"Curva";"Não";1;0;0;1;0;0;1;1;-21,9735272;-43,28541842;"SPRF-MG";"DEL05-MG";"UOP01-DEL05-MG"
451901;2022-05-13;"sexta-feira";"19:00:00";"MT";364;436,8;"VARZEA GRANDE";"Conversão proibida";"Colisão lateral mesmo sentido";"Com Vítimas Fatais";"Plena Noite";"Crescente";"Céu Claro";"Dupla";"Reta";"Não";2;1;0;0;1;0;0;2;-15,64485781;-56,19987488;"SPRF-MT";"DEL01-MT";"UOP02-DEL01-MT"
451902;2022-05-22;"domingo";"10:20:00";"MT";364;485;"JANGADA";"Acessar a via sem observar a presença dos outros veículos";"Colisão transversal";"Com Vítimas Feridas";"Pleno dia";"Crescente";"Sol";"Simples";"Declive";"Não";8;0;2;1;3;3;3;6;-15,296736;-56,435364;"SPRF-MT";"DEL01-MT";"UOP02-DEL01-MT"
451905;2022-05-25;"quarta-feira";"09:25:00";"MG";381;720,9;"CARMO DA CACHOEIRA";"Velocidade Incompatível";"Tombamento";"Com Vítimas Feridas";"Pleno dia";"Decrescente";"Céu Claro";"Dupla";"Curva";"Não";2;0;0;1;0;1;1;2;-21,46061202;-45,20743901;"SPRF-MG";"DEL04-MG";"UOP02-DEL04-MG"
451908;2022-05-25;"quarta-feira";"12:00:00";"CE";222;219,9;"SOBRAL";"Condutor deixou de manter distância do veículo da frente";"Colisão traseira";"Com Vítimas Feridas";"Pleno dia";"Crescente";"Céu Claro";"Simples";"Reta";"Não";2;0;1;0;1;0;1;2;-3,72888624;-40,32126188;"SPRF-CE";"DEL04-CE";"UOP01-DEL04-CE"
451909;2022-05-19;"quinta-feira";"12:15:00";"MS";163;177;"JUTI";"Transitar na contramão";"Colisão frontal";"Com Vítimas Feridas";"Pleno dia";"Crescente";"Céu Claro";"Simples";"Aclive";"Não";4;0;1;2;0;2;3;4;-22,84927096;-54,65560899;"SPRF-MS";"DEL09-MS";"UOP01-DEL09-MS"
451912;2022-05-25;"quarta-feira";"11:00:00";"SC";101;397,1;"MARACAJA";"Condutor deixou de manter distância do veículo da frente";"Colisão traseira";"Sem Vítimas";"Pleno dia";"Crescente";"Céu Claro";"Dupla";"Reta";"Não";5;0;0;0;4;8;0;12;-28,83036461;-49,41244828;"SPRF-SC";"DEL02-SC";"UOP02-DEL02-SC"
451913;2022-05-25;"quarta-feira";"08:00:00";"MA";316;405,6;"ALTO ALEGRE DO MARANHAO";"Reação tardia ou ineficiente do condutor";"Colisão frontal";"Com Vítimas Feridas";"Pleno dia";"Crescente";"Céu Claro";"Simples";"Reta";"Sim";5;0;1;1;2;2;2;4;-4,239744;-44,439163;"SPRF-MA";"DEL03-MA";"UOP01-DEL03-MA"