"id";"data_inversa";"dia_semana";"horario";"uf";"br";"km";"municipio";"causa_acidente";"tipo_acidente";"classificacao_acidente";"fase_dia";"sentido_via";"condicao_metereologica";"tipo_pista";"tracado_via";"uso_solo";"pessoas";"mortos";"feridos_leves";"feridos_graves";"ilesos";"ignorados";"feridos";"veiculos";"latitude";"longitude";"regional";"delegacia";"uop"
451917;2022-05-25;"quarta-feira";"13:10:00";"GO";153;492,8;"GOIANIA";"Ingestão de álcool pelo condutor";"Colisão traseira";"Sem Vítimas";"Pleno dia";"Decrescente";"Céu Claro";"Múltipla";"Reta";"Sim";2;0;0;0;2;0;0;2;-16,6461;-49,2114;"SPRF-GO";"DEL01-GO";"UOP01-DEL01-GO"
451918;2022-05-25;"quarta-feira";"13:30:00";"RS";471;650;"SANTA VITORIA DO PALMAR";"Demais falhas mecânicas ou elétricas";"Colisão traseira";"Com Vítimas Feridas";"Pleno dia";"Decrescente";"Nublado";"Simples";"Reta";"Não";4;0;1;0;3;0;1;2;-33,472038;-53,289783;"SPRF-RS";"DEL07-RS";"UOP04-DEL07-RS"
451919;2022-05-25;"quarta-feira";"13:30:00";"SC";101;176;"BIGUACU";"Problema na suspensão";"Tombamento";"Sem Vítimas";"Pleno dia";"Crescente";"Céu Claro";"Dupla";"Curva;Desvio Temporário";"Não";2;0;0;0;1;1;0;2;-27,34661396;-48,63300917;"SPRF-SC";"DEL01-SC";"UOP01-DEL01-SC"
451921;2022-05-25;"quarta-feira";"12:05:00";"RJ";0;0;"PIRAI";"Acessar a via sem observar a presença dos outros veículos";"Colisão lateral mesmo sentido";"Com Vítimas Feridas";"Pleno dia";"Não Informado";"Sol";"Simples";"Reta";"Não";2;0;1;0;1;0;1;2;-22,63204976;-43,90873879;"SPRF-RJ";"DEL07-RJ";"UOP01-DEL07-RJ"
451924;2022-05-25;"quarta-feira";"11:30:00";"RJ";101;318;"SAO GONCALO";"Condutor deixou de manter distância do veículo da frente";"Colisão traseira";"Com Vítimas Feridas";"Pleno dia";"Decrescente";"Sol";"Simples";"Reta";"Sim";3;0;1;0;2;0;1;2;-22,84562994;-43,09841211;"SPRF-RJ";"DEL02-RJ";"UOP02-DEL02-RJ"
451932;2022-05-25;"quarta-feira";"13:55:00";"PR";116;151;"MANDIRITUBA";"Ingestão de álcool pelo condutor";"Colisão transversal";"Com Vítimas Feridas";"Pleno dia";"Crescente";"Céu Claro";"Simples";"Reta";"Não";4;0;0;1;2;1;1;3;-25,82348404;-49,33547684;"SPRF-PR";"DEL01-PR";"UOP03-DEL01-PR"
451935;2022-05-25;"quarta-feira";"13:40:00";"SP";153;113,2;"JOSE BONIFACIO";"Mal súbito do condutor";"Colisão lateral sentido oposto";"Com Vítimas Feridas";"Pleno dia";"Crescente";"Sol";"Simples";"Reta";"Não";5;0;0;2;2;5;2;9;-21,11299309;-49,68678482;"SPRF-SP";"DEL09-SP";"UOP01-DEL09-SP"
451940;2022-05-25;"quarta-feira";"13:00:00";"MA";316;191;"ZE DOCA";"Manobra de mudança de faixa";"Colisão lateral mesmo sentido";"Sem Vítimas";"Pleno dia";"Crescente";"Sol";"Simples";"Reta";"Não";2;0;0;0;2;0;0;2;-3,214699;-45,65094;"SPRF-MA";"DEL02-MA";"UOP02-DEL02-MA"
451943;2022-05-25;"quarta-feira";"13:15:00";"RJ";101;148,1;"MACAE";"Transitar na contramão";"Colisão frontal";"Com Vítimas Fatais";"Pleno dia";"Decrescente";"Céu Claro";"Simples";"Curva";"Não";3;2;1;0;0;0;1;2;-22,2325541;-41,78406897;"SPRF-RJ";"DEL08-RJ";"UOP04-DEL08-RJ"
451944;2022-05-25;"quarta-feira";"15:50:00";"SC";153;58,7;"IRANI";"Desrespeitar a preferência no cruzamento";"Colisão transversal";"Com Vítimas Feridas";"Pleno dia";"Crescente";"Céu Claro";"Simples";"Interseção de Vias";"Não";4;0;1;0;3;0;1;2;-26,96996667;-51,8547821;"SPRF-SC";"DEL07-SC";"UOP04-DEL07-SC"
451957;2022-05-25;"quarta-feira";"15:00:00";"MG";116;10,7;"DIVISA ALEGRE";"Pista esburacada";"Saída de leito carroçável";"Com Vítimas Feridas";"Pleno dia";"Decrescente";"Céu Claro";"Simples";"Reta";"Não";2;0;1;0;0;1;1;2;-15,78393094;-41,34012643;"SPRF-BA";"DEL08-BA";"UOP03-DEL08-BA"
451970;2022-05-25;"quarta-feira";"13:20:00";"MG";50;108,5;"UBERABA";"Demais falhas mecânicas ou elétricas";"Colisão frontal";"Com Vítimas Feridas";"Pleno dia";"Crescente";"Céu Claro";"Dupla";"Reta";"Não";3;0;1;0;1;1;1;3;-19,20603112;-48,14992542;"SPRF-MG";"DEL13-MG";"UOP01-DEL13-MG"
451981;2022-05-25;"quarta-feira";"18:50:00";"SP";116;279,7;"EMBU DAS ARTES";"Ausência de reação do condutor";"Engavetamento";"Com Vítimas Feridas";"Plena Noite";"Crescente";"Nublado";"Dupla";"Reta";"Sim";5;0;1;0;3;2;1;5;-23,66233697;-46,85292907;"SPRF-SP";"DEL04-SP";"UOP01-DEL04-SP"
451982;2022-05-25;"quarta-feira";"16:30:00";"SC";153;58,7;"IRANI";"Desrespeitar a preferência no cruzamento";"Colisão transversal";"Com Vítimas Feridas";"Pleno dia";"Crescente";"Sol";"Simples";"Interseção de Vias";"Não";3;0;1;0;1;2;1;4;-26,9692017;-51,85443878;"SPRF-SC";"DEL07-SC";"UOP04-DEL07-SC"
451985;2022-05-25;"quarta-feira";"19:30:00";"BA";101;264;"SANTO ANTONIO DE JESUS";"Transitar na contramão";"Colisão frontal";"Com Vítimas Fatais";"Plena Noite";"Decrescente";"Chuva";"Simples";"Declive";"Sim";3;1;0;0;1;1;0;3;-12,97958999;-39,28573608;"SPRF-BA";"DEL01-BA";"UOP02-DEL01-BA"
451987;2022-05-25;"quarta-feira";"17:30:00";"BA";135;75;"RIACHAO DAS NEVES";"Condutor deixou de manter distância do veículo da frente";"Engavetamento";"Com Vítimas Feridas";"Pleno dia";"Crescente";"Céu Claro";"Simples";"Reta";"Sim";3;0;1;0;2;0;1;3;-11,34867188;-44,92946005;"SPRF-BA";"DEL10-BA";"UOP01-DEL10-BA"
451992;2022-05-25;"quarta-feira";"17:25:00";"RJ";116;225;"PIRAI";"Demais falhas mecânicas ou elétricas";"Saída de leito carroçável";"Com Vítimas Feridas";"Pleno dia";"Decrescente";"Céu Claro";"Simples";"Declive";"Sim";2;0;1;0;1;0;1;1;-22,66956088;-43,82929087;"SPRF-RJ";"DEL07-RJ";"UOP01-DEL07-RJ"
451993;2022-05-25;"quarta-feira";"20:20:00";"PR";277;115;"CAMPO LARGO";"Demais falhas mecânicas ou elétricas";"Incêndio";"Com Vítimas Feridas";"Plena Noite";"Decrescente";"Céu Claro";"Dupla";"Reta";"Não";2;0;1;0;0;1;1;2;-25,44396066;-49,50470231;"SPRF-PR";"DEL03-PR";"UOP03-DEL03-PR"
451994;2022-05-25;"quarta-feira";"20:15:00";"RS";392;154,4;"CANGUCU";"Reação tardia ou ineficiente do condutor";"Colisão com objeto";"Com Vítimas Feridas";"Plena Noite";"Crescente";"Chuva";"Simples";"Reta";"Não";4;0;0;1;2;4;1;7;-31,15018599;-52,87968996;"SPRF-RS";"DEL07-RS";"UOP01-DEL07-RS"
451998;2022-05-25;"quarta-feira";"19:00:00";"MG";381;722,9;"CARMO DA CACHOEIRA";"Velocidade Incompatível";"Colisão traseira";"Sem Vítimas";"Plena Noite";"Decrescente";"Céu Claro";"Dupla";"Declive;Reta";"Não";3;0;0;0;2;2;0;4;-21,47729514;-45,20207819;"SPRF-MG";"DEL04-MG";"UOP02-DEL04-MG"
452004;2022-05-25;"quarta-feira";"14:20:00";"MG";262;667,5;"IBIA";"Pista em desnível";"Saída de leito carroçável";"Com Vítimas Feridas";"Pleno dia";"Crescente";"Céu Claro";"Simples";"Reta";"Não";2;0;0;1;0;1;1;2;-19,554176;-46,775442;"SPRF-MG";"DEL08-MG";"UOP01-DEL08-MG"
452006;2022-05-25;"quarta-feira";"20:40:00";"SC";101;187;"BIGUACU";"Ingestão de álcool pelo condutor";"Colisão traseira";"Sem Vítimas";"Plena Noite";"Crescente";"Céu Claro";"Dupla";"Reta";"Não";3;0;0;0;2;1;0;3;-27,44307116;-48,62848475;"SPRF-SC";"DEL01-SC";"UOP01-DEL01-SC"
452008;2022-05-25;"quarta-feira";"16:00:00";"PR";153;136;"VENTANIA";"Problema com o freio";"Tombamento";"Com Vítimas Feridas";"Pleno dia";"Crescente";"Céu Claro";"Simples";"Curva";"Não";3;0;2;0;0;2;2;4;-24,04805819;-50,24742694;"SPRF-PR";"DEL07-PR";"UOP04-DEL07-PR"
452009;2022-05-25;"quarta-feira";"21:00:00";"SC";280;75,8;"JARAGUA DO SUL";"Carga excessiva e/ou mal acondicionada";"Derramamento de carga";"Com Vítimas Feridas";"Plena Noite";"Decrescente";"Céu Claro";"Simples";"Curva";"Não";4;0;1;0;2;1;1;4;-26,458391;-49,170483;"SPRF-SC";"DEL03-SC";"UOP03-DEL03-SC"
452013;2022-05-25;"quarta-feira";"22:00:00";"MG";40;354,9;"FELIXLANDIA";"Condutor deixou de manter distância do veículo da frente";"Colisão traseira";"Com Vítimas Feridas";"Plena Noite";"Crescente";"Céu Claro";"Simples";"Reta";"Não";2;0;0;1;1;0;1;2;-18,72943527;-44,90161601;"SPRF-MG";"DEL02-MG";"UOP01-DEL02-MG"
452018;2022-05-25;"quarta-feira";"14:00:00";"MG";381;432;"SABARA";"Velocidade Incompatível";"Tombamento";"Com Vítimas Feridas";"Pleno dia";"Crescente";"Céu Claro";"Simples";"Curva;Declive";"Não";2;0;1;0;0;2;1;3;-19,78750571;-43,73981096;"SPRF-MG";"DEL01-MG";"UOP01-DEL01-MG"
452021;2022-05-25;"quarta-feira";"21:30:00";"MG";40;586,2;"ITABIRITO";"Demais falhas mecânicas ou elétricas";"Incêndio";"Sem Vítimas";"Plena Noite";"Decrescente";"Céu Claro";"Simples";"Reta;Aclive";"Não";1;0;0;0;1;0;0;1;-20,34858326;-43,92200604;"SPRF-MG";"DEL01-MG";"UOP02-DEL01-MG"
452026;2022-05-25;"quarta-feira";"22:00:00";"RO";364;8;"VILHENA";"Acessar a via sem observar a presença dos outros veículos";"Colisão transversal";"Com Vítimas Feridas";"Plena Noite";"Decrescente";"Céu Claro";"Simples";"Reta";"Sim";3;0;1;0;1;2;1;4;-12,76679409;-60,09631128;"SPRF-RO";"DEL04-RO";"UOP01-DEL04-RO"
452030;2022-05-26;"quinta-feira";"01:45:00";"MG";381;600,5;"CARMOPOLIS DE MINAS";"Condutor Dormindo";"Colisão traseira";"Com Vítimas Feridas";"Plena Noite";"Decrescente";"Céu Claro";"Dupla";"Reta";"Não";2;0;1;0;1;0;1;2;-20,623976;-44,733849;"SPRF-MG";"DEL04-MG";"UOP01-DEL04-MG"
452031;2022-05-25;"quarta-feira";"21:20:00";"MT";364;122,5;"PEDRA PRETA";"Transitar na contramão";"Colisão frontal";"Com Vítimas Fatais";"Pleno dia";"Crescente";"Céu Claro";"Simples";"Reta";"Não";3;1;0;0;1;2;0;4;-16,84242442;-53,94005406;"SPRF-MT";"DEL02-MT";"UOP02-DEL02-MT"
452034;2022-05-26;"quinta-feira";"04:00:00";"RJ";393;218;"VASSOURAS";"Transitar na contramão";"Colisão frontal";"Com Vítimas Feridas";"Plena Noite";"Crescente";"Nublado";"Simples";"Reta";"Não";3;0;0;2;1;0;2;2;-22,3292491;-43,5418156;"SPRF-RJ";"DEL05-RJ";"UOP03-DEL05-RJ"
452036;2022-05-26;"quinta-feira";"05:35:00";"PR";277;494;"GUARANIACU";"Ausência de reação do condutor";"Tombamento";"Com Vítimas Feridas";"Amanhecer";"Decrescente";"Céu Claro";"Simples";"Curva";"Não";1;0;1;0;0;0;1;1;-25,20939187;-52,65144369;"SPRF-PR";"DEL04-PR";"UOP01-DEL04-PR"
452038;2022-05-26;"quinta-feira";"05:00:00";"MS";267;552,7;"BELA VISTA";"Condutor Dormindo";"Saída de leito carroçável";"Com Vítimas Feridas";"Amanhecer";"Decrescente";"Céu Claro";"Simples";"Curva";"Não";2;0;0;1;0;1;1;2;-21,6656629;-56,73247211;"SPRF-MS";"DEL05-MS";"UOP01-DEL05-MS"
452040;2022-05-19;"quinta-feira";"14:25:00";"CE";222;160;"IRAUCUBA";"Reação tardia ou ineficiente do condutor";"Capotamento";"Sem Vítimas";"Pleno dia";"Crescente";"Chuva";"Simples";"Reta";"Não";2;0;0;0;1;1;0;2;-3,73983482;-39,87671098;"SPRF-CE";"DEL04-CE";"UOP03-DEL04-CE"
452041;2022-05-26;"quinta-feira";"06:55:00";"MG";40;728,9;"OLIVEIRA FORTES";"Problema com o freio";"Colisão com objeto";"Com Vítimas Fatais";"Pleno dia";"Crescente";"Céu Claro";"Dupla";"Curva";"Não";3;1;1;0;0;1;1;2;-21,31842199;-43,58689599;"SPRF-MG";"DEL05-MG";"UOP01-DEL05-MG"
452042;2022-05-26;"quinta-feira";"06:12:00";"SP";116;335;"JUQUITIBA";"Condutor Dormindo";"Saída de leito carroçável";"Com Vítimas Feridas";"Amanhecer";"Decrescente";"Céu Claro";"Dupla";"Reta";"Não";5;0;1;0;4;0;1;4;-23,96963408;-47,1337469;"SPRF-SP";"DEL04-SP";"UOP01-DEL04-SP"
452047;2022-05-26;"quinta-feira";"04:00:00";"PR";469;0,7;"FOZ DO IGUACU";"Objeto estático sobre o leito carroçável";"Colisão traseira";"Sem Vítimas";"Plena Noite";"Crescente";"Céu Claro";"Dupla";"Reta";"Sim";3;0;0;0;1;2;0;3;-25,57817568;-54,55732226;"SPRF-PR";"DEL05-PR";"UOP04-DEL05-PR"
452051;2022-05-26;"quinta-feira";"00:30:00";"SC";470;165;"POUSO REDONDO";"Demais falhas mecânicas ou elétricas";"Tombamento";"Sem Vítimas";"Plena Noite";"Decrescente";"Nublado";"Simples";"Aclive";"Não";1;0;0;0;1;0;0;1;-27,27663;-49,845661;"SPRF-SC";"DEL04-SC";"UOP02-DEL04-SC"
452052;2022-05-25;"quarta-feira";"17:00:00";"MT";163;535,8;"DIAMANTINO";"Reação tardia ou ineficiente do condutor";"Colisão traseira";"Sem Vítimas";"Anoitecer";"Crescente";"Céu Claro";"Simples";"Reta";"Não";4;0;0;0;3;6;0;9;-14,42375691;-56,11354441;"SPRF-MT";"DEL01-MT";"UOP01-DEL01-MT"
452058;2022-05-26;"quinta-feira";"06:55:00";"PB";230;35,7;"SANTA RITA";"Ausência de reação do condutor";"Colisão traseira";"Com Vítimas Feridas";"Pleno dia";"Decrescente";"Nublado";"Simples";"Curva";"Sim";32;0;14;3;14;1;17;22;-7,12533649;-34,94656563;"SPRF-PB";"DEL01-PB";"UOP01-DEL01-PB"
452064;2022-05-26;"quinta-feira";"06:30:00";"MG";251;487,7;"FRANCISCO SA";"Ultrapassagem Indevida";"Colisão lateral mesmo sentido";"Com Vítimas Feridas";"Pleno dia";"Decrescente";"Céu Claro";"Simples";"Reta";"Não";3;0;2;0;1;0;2;2;-16,51784211;-43,55947992;"SPRF-MG";"DEL12-MG";"UOP01-DEL12-MG"
452070;2022-05-26;"quinta-feira";"08:50:00";"RS";285;492,8;"ENTRE-IJUIS";"Velocidade Incompatível";"Saída de leito carroçável";"Com Vítimas Feridas";"Pleno dia";"Crescente";"Chuva";"Simples";"Reta";"Não";3;0;1;0;2;0;1;1;-28,3749724;-54,2321771;"SPRF-RS";"DEL10-RS";"UOP01-DEL10-RS"
452079;2022-05-17;"terça-feira";"06:10:00";"RO";364;399;"OURO PRETO DO OESTE";"Reação tardia ou ineficiente do condutor";"Colisão frontal";"Com Vítimas Feridas";"Amanhecer";"Decrescente";"Céu Claro";"Simples";"Reta";"Não";3;0;2;1;0;0;3;2;-10,61069397;-62,33724697;"SPRF-RO";"DEL03-RO";"UOP02-DEL03-RO"
452083;2022-05-26;"quinta-feira";"08:00:00";"CE";20;372;"MARANGUAPE";"Condutor deixou de manter distância do veículo da frente";"Colisão traseira";"Com Vítimas Feridas";"Pleno dia";"Crescente";"Céu Claro";"Simples";"Reta";"Não";3;0;1;0;2;0;1;3;-3,97075534;-38,8963868;"SPRF-CE";"DEL02-CE";"UOP01-DEL02-CE"
452087;2022-05-26;"quinta-feira";"06:00:00";"GO";452;61,9;"MAURILANDIA";"Reação tardia ou ineficiente do condutor";"Colisão com objeto";"Com Vítimas Feridas";"Amanhecer";"Decrescente";"Céu Claro";"Simples";"Ponte";"Não";5;0;3;0;1;1;3;3;-18,00115602;-50,380915;"SPRF-GO";"DEL04-GO";"UOP01-DEL04-GO"
452091;2022-05-15;"domingo";"19:00:00";"PA";163;398,3;"ITAITUBA";"Ausência de reação do condutor";"Colisão traseira";"Com Vítimas Fatais";"Plena Noite";"Crescente";"Ignorado";"Simples";"Aclive;Reta";"Não";9;5;3;0;0;1;3;2;-6,314286;-55,58788601;"SPRF-PA";"DEL05-PA";"UOP01-DEL05-PA"
452098;2022-05-26;"quinta-feira";"10:40:00";"PR";476;121;"CURITIBA";"Condutor deixou de manter distância do veículo da frente";"Colisão traseira";"Com Vítimas Feridas";"Pleno dia";"Crescente";"Céu Claro";"Dupla";"Reta";"Sim";6;0;2;0;2;2;2;3;-25,38562251;-49,20327365;"SPRF-PR";"DEL01-PR";"UOP01-DEL01-PR"
452102;2022-03-27;"domingo";"19:50:00";"BA";101;354;"WENCESLAU GUIMARAES";"Velocidade Incompatível";"Colisão transversal";"Com Vítimas Feridas";"Plena Noite";"Crescente";"Chuva";"Simples";"Curva";"Não";3;0;1;0;1;1;1;3;-13,674843;-39,477693;"SPRF-BA";"DEL05-BA";"UOP03-DEL05-BA"
452105;2022-05-22;"domingo";"23:00:00";"BA";407;129;"SENHOR DO BONFIM";"Ingestão de álcool pelo condutor";"Colisão traseira";"Com Vítimas Feridas";"Plena Noite";"Decrescente";"Céu Claro";"Simples";"Reta";"Não";3;0;1;0;1;1;1;3;-10,4789315;-40,1681952;"SPRF-BA";"DEL04-BA";"UOP01-DEL04-BA"
452108;2022-04-20;"quarta-feira";"23:30:00";"MG";381;517;"IGARAPE";"Demais falhas mecânicas ou elétricas";"Incêndio";"Sem Vítimas";"Plena Noite";"Decrescente";"Céu Claro";"Dupla";"Aclive";"Não";1;0;0;0;1;0;0;1;-20,10576;-44,322196;"SPRF-MG";"DEL04-MG";"UOP03-DEL04-MG"
452109;2022-05-26;"quinta-feira";"11:40:00";"SP";116;339;"JUQUITIBA";"Carga excessiva e/ou mal acondicionada";"Derramamento de carga";"Sem Vítimas";"Pleno dia";"Decrescente";"Nublado";"Dupla";"Curva";"Não";2;0;0;0;1;1;0;2;-23,9983939;-47,14927316;"SPRF-SP";"DEL04-SP";"UOP01-DEL04-SP"
452111;2022-05-26;"quinta-feira";"12:00:00";"SC";163;72;"SAO MIGUEL DO OESTE";"Ingestão de álcool pelo condutor";"Colisão lateral sentido oposto";"Sem Vítimas";"Pleno dia";"Decrescente";"Nublado";"Simples";"Reta";"Sim";2;0;0;0;2;0;0;2;-26,71908804;-53,5157791;"SPRF-SC";"DEL07-SC";"UOP03-DEL07-SC"
452113;2022-05-26;"quinta-feira";"11:27:00";"GO";20;117;"FLORES DE GOIAS";"Condutor deixou de manter distância do veículo da frente";"Colisão traseira";"Com Vítimas Feridas";"Pleno dia";"Crescente";"Céu Claro";"Simples";"Reta";"Não";6;0;0;2;3;1;2;3;-14,880402;-46,853172;"SPRF-DF";"DEL02-DF";"UOP03-DEL02-DF"
452116;2022-05-12;"quinta-feira";"19:50:00";"MS";262;355,5;"CAMPO GRANDE";"Ausência de reação do condutor";"Colisão lateral sentido oposto";"Com Vítimas Feridas";"Plena Noite";"Crescente";"Céu Claro";"Simples";"Reta";"Não";3;0;0;1;1;1;1;3;-20,56780935;-54,64946423;"SPRF-MS";"DEL01-MS";"UOP03-DEL01-MS"
452119;2022-05-26;"quinta-feira";"14:30:00";"MA";135;13,2;"SAO LUIS";"Estacionar ou parar em local proibido";"Colisão traseira";"Sem Vítimas";"Pleno dia";"Decrescente";"Céu Claro";"Dupla";"Declive";"Sim";2;0;0;0;2;0;0;2;-2,68053538;-44,29512283;"SPRF-MA";"DEL01-MA";"UOP01-DEL01-MA"
452120;2022-05-26;"quinta-feira";"13:00:00";"RJ";101;261;"RIO BONITO";"Demais falhas mecânicas ou elétricas";"Incêndio";"Sem Vítimas";"Pleno dia";"Decrescente";"Sol";"Simples";"Reta";"Sim";1;0;0;0;1;0;0;1;-22,71139378;-42,61157199;"SPRF-RJ";"DEL02-RJ";"UOP03-DEL02-RJ"
452121;2022-05-18;"quarta-feira";"06:55:00";"SE";101;206;"CRISTINAPOLIS";"Condutor Dormindo";"Colisão com objeto";"Com Vítimas Feridas";"Pleno dia";"Crescente";"Céu Claro";"Simples";"Declive";"Não";2;0;1;0;0;1;1;2;-11,519771;-37,800255;"SPRF-SE";"DEL02-SE";"UOP03-DEL02-SE"
452125;2022-05-26;"quinta-feira";"07:35:00";"MG";116;612,5;"SAO JOAO DO MANHUACU";"Demais Fenômenos da natureza";"Colisão traseira";"Com Vítimas Feridas";"Pleno dia";"Crescente";"Nevoeiro/Neblina";"Simples";"Reta";"Não";2;0;1;0;1;0;1;2;-20,41317764;-42,15248108;"SPRF-MG";"DEL07-MG";"UOP03-DEL07-MG"
452129;2022-05-26;"quinta-feira";"09:10:00";"RO";364;330;"JI-PARANA";"Ausência de reação do condutor";"Colisão traseira";"Sem Vítimas";"Pleno dia";"Crescente";"Céu Claro";"Simples";"Aclive";"Não";2;0;0;0;2;0;0;2;-10,984673;-61,9171;"SPRF-RO";"DEL02-RO";"UOP01-DEL02-RO"
452130;2022-05-26;"quinta-feira";"15:30:00";"PR";369;86,5;"CORNELIO PROCOPIO";"Curva acentuada";"Tombamento";"Com Vítimas Feridas";"Pleno dia";"Crescente";"Céu Claro";"Dupla";"Curva";"Não";3;0;2;0;0;1;2;2;-23,18;-50,626;"SPRF-PR";"DEL07-PR";"UOP01-DEL07-PR"
452135;2022-05-26;"quinta-feira";"15:40:00";"RS";116;254;"SAPUCAIA DO SUL";"Acessar a via sem observar a presença dos outros veículos";"Colisão lateral mesmo sentido";"Com Vítimas Feridas";"Pleno dia";"Decrescente";"Nublado";"Dupla";"Reta";"Sim";3;0;1;0;1;1;1;3;-29,82654797;-51,17241311;"SPRF-RS";"DEL01-RS";"UOP02-DEL01-RS"
452141;2022-05-26;"quinta-feira";"16:30:00";"PR";376;400,5;"TIBAGI";"Acessar a via sem observar a presença dos outros veículos";"Colisão transversal";"Com Vítimas Feridas";"Pleno dia";"Crescente";"Céu Claro";"Dupla";"Retorno Regulamentado;Rotatória";"Não";4;0;0;1;1;2;1;4;-24,60411577;-50,66346227;"SPRF-PR";"DEL03-PR";"UOP02-DEL03-PR"
452142;2022-04-20;"quarta-feira";"15:30:00";"PR";277;322;"GUARAPUAVA";"Frear bruscamente";"Engavetamento";"Com Vítimas Feridas";"Pleno dia";"Decrescente";"Céu Claro";"Simples";"Reta";"Não";4;0;1;0;2;2;1;5;-25,37754806;-51,28923833;"SPRF-PR";"DEL08-PR";"UOP01-DEL08-PR"
452144;2022-05-26;"quinta-feira";"15:00:00";"RJ";116;199;"QUEIMADOS";"Reação tardia ou ineficiente do condutor";"Tombamento";"Com Vítimas Feridas";"Pleno dia";"Crescente";"Céu Claro";"Dupla";"Curva";"Não";2;0;1;0;0;1;1;2;-22,72898648;-43,58452101;"SPRF-RJ";"DEL01-RJ";"UOP03-DEL01-RJ"
452146;2022-05-26;"quinta-feira";"07:30:00";"MG";116;612,8;"SAO JOAO DO MANHUACU";"Neblina";"Colisão lateral sentido oposto";"Com Vítimas Feridas";"Pleno dia";"Decrescente";"Nevoeiro/Neblina";"Simples";"Reta";"Não";4;0;1;0;2;1;1;3;-20,42881501;-42,16258798;"SPRF-MG";"DEL07-MG";"UOP03-DEL07-MG"
452148;2022-05-26;"quinta-feira";"17:00:00";"BA";116;617;"JAGUAQUARA";"Condutor deixou de manter distância do veículo da frente";"Colisão traseira";"Com Vítimas Feridas";"Anoitecer";"Crescente";"Céu Claro";"Simples";"Reta";"Não";4;0;1;0;2;1;1;3;-13,339453;-40,01671798;"SPRF-BA";"DEL03-BA";"UOP01-DEL03-BA"
452153;2022-05-26;"quinta-feira";"16:40:00";"BA";367;27;"PORTO SEGURO";"Transitar no acostamento";"Colisão transversal";"Com Vítimas Feridas";"Pleno dia";"Crescente";"Nublado";"Simples";"Reta";"Não";2;0;1;0;1;0;1;2;-16,4238769;-39,10203391;"SPRF-BA";"DEL09-BA";"UOP01-DEL09-BA"
452156;2022-05-26;"quinta-feira";"17:45:00";"PA";316;66,4;"CASTANHAL";"Manobra de mudança de faixa";"Colisão traseira";"Com Vítimas Feridas";"Pleno dia";"Decrescente";"Nublado";"Dupla";"Reta";"Sim";3;0;1;0;1;1;1;3;-1,29517133;-47,89952159;"SPRF-PA";"DEL01-PA";"UOP01-DEL01-PA"
452158;2022-05-26;"quinta-feira";"09:30:00";"BA";101;612;"MASCOTE";"Chuva";"Eventos atípicos";"Com Vítimas Fatais";"Pleno dia";"Crescente";"Chuva";"Simples";"Curva;Aclive";"Não";3;1;0;1;1;0;1;2;-15,73339108;-39,47437588;"SPRF-BA";"DEL05-BA";"UOP02-DEL05-BA"
452160;2022-05-26;"quinta-feira";"06:40:00";"MG";381;241;"SANTANA DO PARAISO";"Velocidade Incompatível";"Tombamento";"Com Vítimas Feridas";"Pleno dia";"Crescente";"Céu Claro";"Simples";"Curva";"Não";1;0;1;0;0;0;1;1;-19,42441326;-42,49683189;"SPRF-MG";"DEL06-MG";"UOP01-DEL06-MG"
452166;2022-05-26;"quinta-feira";"19:30:00";"BA";407;0;"JUAZEIRO";"Trafegar com motocicleta (ou similar) entre as faixas";"Queda de ocupante de veículo";"Com Vítimas Feridas";"Plena Noite";"Decrescente";"Céu Claro";"Simples";"Reta";"Sim";3;0;1;0;1;1;1;3;-9,409546;-40,505337;"SPRF-PE";"DEL06-PE";"UOP01-DEL06-PE"
452168;2022-05-26;"quinta-feira";"18:40:00";"SC";101;156,4;"PORTO BELO";"Transitar no acostamento";"Colisão traseira";"Com Vítimas Fatais";"Plena Noite";"Crescente";"Céu Claro";"Dupla";"Reta";"Não";2;1;0;0;1;0;0;2;-27,172272;-48,61188;"SPRF-SC";"DEL04-SC";"UOP03-DEL04-SC"
452171;2022-05-26;"quinta-feira";"16:30:00";"SP";116;289;"EMBU DAS ARTES";"Reação tardia ou ineficiente do condutor";"Colisão traseira";"Com Vítimas Feridas";"Pleno dia";"Decrescente";"Sol";"Dupla";"Reta";"Sim";2;0;1;0;1;0;1;2;-23,72290969;-46,89096614;"SPRF-SP";"DEL04-SP";"UOP01-DEL04-SP"
452174;2022-05-26;"quinta-feira";"19:40:00";"PR";376;432;"TIBAGI";"Ausência de reação do condutor";"Colisão lateral mesmo sentido";"Com Vítimas Feridas";"Plena Noite";"Decrescente";"Céu Claro";"Dupla";"Reta";"Não";3;0;1;0;1;2;1;4;-24,75674011;-50,53210974;"SPRF-PR";"DEL03-PR";"UOP02-DEL03-PR"
452177;2022-05-26;"quinta-feira";"19:40:00";"RJ";116;317;"ITATIAIA";"Demais falhas mecânicas ou elétricas";"Incêndio";"Sem Vítimas";"Plena Noite";"Decrescente";"Nublado";"Dupla";"Reta";"Sim";2;0;0;0;1;1;0;2;-22,49352604;-44,56432343;"SPRF-RJ";"DEL07-RJ";"UOP02-DEL07-RJ"
452178;2022-05-26;"quinta-feira";"20:10:00";"SC";470;25,7;"ILHOTA";"Velocidade Incompatível";"Colisão traseira";"Com Vítimas Fatais";"Plena Noite";"Crescente";"Céu Claro";"Dupla";"Reta";"Não";3;1;0;1;1;0;1;2;-26,891539;-48,8862956;"SPRF-SC";"DEL04-SC";"UOP04-DEL04-SC"