"id";"data_inversa";"dia_semana";"horario";"uf";"br";"km";"municipio";"causa_acidente";"tipo_acidente";"classificacao_acidente";"fase_dia";"sentido_via";"condicao_metereologica";"tipo_pista";"tracado_via";"uso_solo";"pessoas";"mortos";"feridos_leves";"feridos_graves";"ilesos";"ignorados";"feridos";"veiculos";"latitude";"longitude";"regional";"delegacia";"uop"
452186;2022-05-26;"quinta-feira";"21:05:00";"BA";116;667;"JEQUIE";"Condutor Dormindo";"Colisão lateral sentido oposto";"Com Vítimas Feridas";"Plena Noite";"Decrescente";"Vento";"Simples";"Reta";"Não";3;0;1;0;1;1;1;3;-13,75876008;-40,09851655;"SPRF-BA";"DEL03-BA";"UOP01-DEL03-BA"
452189;2022-05-26;"quinta-feira";"21:15:00";"SC";101;192,2;"BIGUACU";"Velocidade Incompatível";"Tombamento";"Com Vítimas Feridas";"Plena Noite";"Decrescente";"Nublado";"Dupla";"Curva";"Sim";2;0;1;0;0;1;1;2;-27,48443781;-48,64765238;"SPRF-SC";"DEL01-SC";"UOP01-DEL01-SC"
452195;2022-05-26;"quinta-feira";"22:24:00";"SP";116;323,9;"JUQUITIBA";"Manobra de mudança de faixa";"Colisão traseira";"Sem Vítimas";"Plena Noite";"Crescente";"Céu Claro";"Dupla";"Curva";"Não";3;0;0;0;1;2;0;3;-23,93663197;-47,03568002;"SPRF-SP";"DEL04-SP";"UOP01-DEL04-SP"
452199;2022-05-26;"quinta-feira";"18:27:00";"MT";364;435,3;"VARZEA GRANDE";"Trafegar com motocicleta (ou similar) entre as faixas";"Colisão traseira";"Com Vítimas Fatais";"Anoitecer";"Crescente";"Céu Claro";"Dupla";"Reta";"Sim";3;1;0;0;1;1;0;3;-15,64439096;-56,19955301;"SPRF-MT";"DEL01-MT";"UOP02-DEL01-MT"
452202;2022-05-26;"quinta-feira";"22:30:00";"PR";153;107,8;"IBAITI";"Acesso irregular";"Colisão transversal";"Com Vítimas Feridas";"Plena Noite";"Decrescente";"Céu Claro";"Simples";"Reta";"Sim";3;0;0;1;1;1;1;3;-23,83037586;-50,18796925;"SPRF-PR";"DEL07-PR";"UOP04-DEL07-PR"
452203;2022-05-26;"quinta-feira";"23:30:00";"PB";230;82;"CALDAS BRANDAO";"Acessar a via sem observar a presença dos outros veículos";"Colisão transversal";"Sem Vítimas";"Plena Noite";"Decrescente";"Nublado";"Dupla";"Declive";"Sim";2;0;0;0;2;0;0;2;-7,1727;-35,3284;"SPRF-PB";"DEL01-PB";"UOP03-DEL01-PB"
452209;2022-05-27;"sexta-feira";"01:20:00";"SC";282;134,4;"BOM RETIRO";"Transitar na contramão";"Colisão lateral sentido oposto";"Com Vítimas Fatais";"Plena Noite";"Decrescente";"Céu Claro";"Simples";"Reta";"Não";2;1;0;0;0;1;0;2;-27,827347;-49,57935;"SPRF-SC";"DEL05-SC";"UOP01-DEL05-SC"
452211;2022-05-26;"quinta-feira";"19:00:00";"SC";101;253;"PAULO LOPES";"Pedestre andava na pista";"Atropelamento de Pedestre";"Com Vítimas Fatais";"Plena Noite";"Decrescente";"Nublado";"Múltipla";"Reta;Aclive";"Sim";4;1;0;0;1;2;0;3;-27,96714939;-48,67953127;"SPRF-SC";"DEL02-SC";"UOP03-DEL02-SC"
452217;2022-05-27;"sexta-feira";"05:16:00";"RN";304;297;"MACAIBA";"Velocidade Incompatível";"Saída de leito carroçável";"Sem Vítimas";"Amanhecer";"Decrescente";"Garoa/Chuvisco";"Dupla";"Rotatória";"Sim";2;0;0;0;1;1;0;2;-5,86534101;-35,340694;"SPRF-RN";"DEL01-RN";"UOP02-DEL01-RN"
452219;2022-05-26;"quinta-feira";"17:30:00";"MG";153;107;"PRATA";"Ausência de reação do condutor";"Colisão traseira";"Com Vítimas Feridas";"Plena Noite";"Crescente";"Céu Claro";"Simples";"Reta";"Sim";3;0;1;0;1;2;1;4;-19,28824388;-48,91115575;"SPRF-MG";"DEL15-MG";"UOP03-DEL15-MG"
452220;2022-05-26;"quinta-feira";"23:15:00";"MG";381;528,2;"BRUMADINHO";"Velocidade Incompatível";"Tombamento";"Com Vítimas Feridas";"Plena Noite";"Crescente";"Céu Claro";"Dupla";"Declive;Curva";"Não";2;0;0;1;0;1;1;2;-20,167581;-44,3335;"SPRF-MG";"DEL04-MG";"UOP03-DEL04-MG"
452222;2022-05-27;"sexta-feira";"05:35:00";"SC";470;47;"BLUMENAU";"Transitar na contramão";"Colisão frontal";"Sem Vítimas";"Plena Noite";"Crescente";"Nublado";"Simples";"Reta";"Não";3;0;0;0;3;0;0;3;-26,864044;-49,046516;"SPRF-SC";"DEL04-SC";"UOP01-DEL04-SC"
452224;2022-05-27;"sexta-feira";"06:10:00";"SC";101;353;"JAGUARUNA";"Condutor Dormindo";"Colisão traseira";"Com Vítimas Feridas";"Amanhecer";"Crescente";"Céu Claro";"Dupla";"Reta";"Não";3;0;0;1;1;2;1;4;-28,61232036;-49,06197674;"SPRF-SC";"DEL02-SC";"UOP01-DEL02-SC"
452225;2022-05-27;"sexta-feira";"06:00:00";"PR";376;67,1;"GUAIRACA";"Reação tardia ou ineficiente do condutor";"Engavetamento";"Com Vítimas Feridas";"Amanhecer";"Crescente";"Céu Claro";"Simples";"Reta";"Não";4;0;1;1;1;2;2;5;-22,93149203;-52,766609;"SPRF-PR";"DEL09-PR";"UOP02-DEL09-PR"
452228;2022-05-26;"quinta-feira";"05:00:00";"BA";242;462;"IBITIARA";"Reação tardia ou ineficiente do condutor";"Colisão traseira";"Sem Vítimas";"Pleno dia";"Decrescente";"Nublado";"Simples";"Aclive";"Não";4;0;0;0;3;1;0;3;-12,44900705;-42,16775604;"SPRF-BA";"DEL06-BA";"UOP01-DEL06-BA"
452229;2022-05-27;"sexta-feira";"06:30:00";"RS";158;261,1;"JULIO DE CASTILHOS";"Ausência de reação do condutor";"Saída de leito carroçável";"Com Vítimas Feridas";"Amanhecer";"Decrescente";"Chuva";"Simples";"Reta";"Não";2;0;1;0;0;2;1;3;-29,21262413;-53,67226844;"SPRF-RS";"DEL10-RS";"UOP02-DEL10-RS"
452233;2022-05-27;"sexta-feira";"07:00:00";"BA";101;371,8;"GANDU";"Ausência de reação do condutor";"Tombamento";"Com Vítimas Feridas";"Pleno dia";"Decrescente";"Céu Claro";"Simples";"Curva";"Não";2;0;1;0;0;1;1;2;-13,9178362;-39,48511279;"SPRF-BA";"DEL05-BA";"UOP03-DEL05-BA"
452236;2022-05-27;"sexta-feira";"06:35:00";"MG";267;286,5;"BAEPENDI";"Velocidade Incompatível";"Saída de leito carroçável";"Com Vítimas Feridas";"Pleno dia";"Crescente";"Céu Claro";"Simples";"Curva";"Não";1;0;0;1;0;0;1;1;-21,92460612;-44,77877599;"SPRF-MG";"DEL17-MG";"UOP01-DEL17-MG"
452239;2022-05-27;"sexta-feira";"03:00:00";"MT";70;348,9;"CAMPO VERDE";"Condutor Dormindo";"Saída de leito carroçável";"Sem Vítimas";"Plena Noite";"Crescente";"Céu Claro";"Simples";"Aclive;Reta";"Não";3;0;0;0;2;1;0;2;-15,51349162;-54,86025579;"SPRF-MT";"DEL05-MT";"UOP02-DEL05-MT"
452241;2022-05-12;"quinta-feira";"04:30:00";"MT";70;510;"VARZEA GRANDE";"Ultrapassagem Indevida";"Colisão frontal";"Com Vítimas Fatais";"Plena Noite";"Crescente";"Céu Claro";"Simples";"Reta";"Não";4;2;0;0;1;3;0;5;-15,70501874;-56,14700317;"SPRF-MT";"DEL01-MT";"UOP02-DEL01-MT"
452270;2022-05-27;"sexta-feira";"08:15:00";"RS";285;654,8;"SAO BORJA";"Reação tardia ou ineficiente do condutor";"Colisão transversal";"Com Vítimas Feridas";"Pleno dia";"Crescente";"Chuva";"Simples";"Reta";"Não";3;0;2;0;1;0;2;2;-28,63508;-55,800156;"SPRF-RS";"DEL12-RS";"UOP01-DEL12-RS"
452274;2022-05-27;"sexta-feira";"11:00:00";"MT";163;520,5;"DIAMANTINO";"Acostamento em desnível";"Capotamento";"Com Vítimas Fatais";"Pleno dia";"Decrescente";"Sol";"Simples";"Reta";"Não";2;1;0;0;0;1;0;2;-14,51575087;-56,21122011;"SPRF-MT";"DEL01-MT";"UOP01-DEL01-MT"
452275;2022-05-27;"sexta-feira";"07:30:00";"RS";386;342,2;"LAJEADO";"Acessar a via sem observar a presença dos outros veículos";"Colisão transversal";"Com Vítimas Feridas";"Amanhecer";"Decrescente";"Nublado";"Simples";"Reta";"Sim";3;0;1;0;2;0;1;2;-29,431631;-52,011932;"SPRF-RS";"DEL04-RS";"UOP01-DEL04-RS"
452276;2022-05-27;"sexta-feira";"07:50:00";"SC";282;610,3;"MARAVILHA";"Ultrapassagem Indevida";"Colisão frontal";"Com Vítimas Fatais";"Pleno dia";"Decrescente";"Chuva";"Simples";"Reta";"Não";6;1;2;1;1;2;3;5;-26,75499362;-53,23502684;"SPRF-SC";"DEL07-SC";"UOP02-DEL07-SC"
452280;2022-05-27;"sexta-feira";"12:19:00";"MG";381;492,8;"BETIM";"Manobra de mudança de faixa";"Colisão lateral mesmo sentido";"Com Vítimas Feridas";"Pleno dia";"Crescente";"Céu Claro";"Múltipla";"Reta";"Sim";2;0;1;0;1;0;1;2;-19,97490091;-44,19004301;"SPRF-MG";"DEL01-MG";"UOP03-DEL01-MG"
452284;2022-05-27;"sexta-feira";"13:11:00";"ES";101;263;"SERRA";"Condutor deixou de manter distância do veículo da frente";"Colisão traseira";"Com Vítimas Feridas";"Pleno dia";"Crescente";"Nublado";"Dupla";"Reta";"Sim";2;0;1;0;1;0;1;2;-20,16554736;-40,27301648;"SPRF-ES";"DEL02-ES";"UOP01-DEL02-ES"
452286;2022-05-27;"sexta-feira";"11:45:00";"MS";163;42,2;"ELDORADO";"Ausência de reação do condutor";"Engavetamento";"Com Vítimas Feridas";"Pleno dia";"Crescente";"Céu Claro";"Simples";"Aclive";"Sim";5;0;1;0;3;5;1;8;-23,77140302;-54,27611382;"SPRF-MS";"DEL09-MS";"UOP02-DEL09-MS"
452290;2022-05-27;"sexta-feira";"13:20:00";"SP";153;37,6;"ONDA VERDE";"Desrespeitar a preferência no cruzamento";"Colisão transversal";"Com Vítimas Feridas";"Pleno dia";"Crescente";"Céu Claro";"Simples";"Rotatória";"Não";4;0;2;0;1;2;2;4;-20,60209688;-49,32039499;"SPRF-SP";"DEL09-SP";"UOP01-DEL09-SP"
452295;2022-05-27;"sexta-feira";"12:00:00";"MS";262;326;"CAMPO GRANDE";"Ausência de reação do condutor";"Engavetamento";"Sem Vítimas";"Pleno dia";"Crescente";"Céu Claro";"Dupla";"Reta";"Sim";4;0;0;0;3;2;0;5;-20,46867409;-54,53455902;"SPRF-MS";"DEL01-MS";"UOP01-DEL01-MS"
452296;2022-05-12;"quinta-feira";"07:05:00";"MG";381;371,2;"SAO GONCALO DO RIO ABAIXO";"Velocidade Incompatível";"Colisão lateral mesmo sentido";"Com Vítimas Fatais";"Pleno dia";"Crescente";"Nublado";"Simples";"Curva";"Não";5;1;0;0;3;1;0;4;-19,8550316;-43,26446056;"SPRF-MG";"DEL01-MG";"UOP01-DEL01-MG"
452300;2022-05-27;"sexta-feira";"13:15:00";"SC";470;75;"INDAIAL";"Mal súbito do condutor";"Saída de leito carroçável";"Com Vítimas Feridas";"Pleno dia";"Decrescente";"Céu Claro";"Simples";"Reta";"Não";1;0;1;0;0;0;1;1;-26,924833;-49,284004;"SPRF-SC";"DEL04-SC";"UOP01-DEL04-SC"
452303;2022-05-27;"sexta-feira";"14:00:00";"BA";101;731;"EUNAPOLIS";"Reação tardia ou ineficiente do condutor";"Colisão frontal";"Com Vítimas Feridas";"Pleno dia";"Crescente";"Chuva";"Simples";"Curva";"Não";3;0;1;0;1;3;1;5;-16,391415;-39,5795091;"SPRF-BA";"DEL09-BA";"UOP01-DEL09-BA"
452312;2022-05-27;"sexta-feira";"15:20:00";"RS";386;445,7;"CANOAS";"Acumulo de água sobre o pavimento";"Colisão lateral mesmo sentido";"Sem Vítimas";"Pleno dia";"Decrescente";"Chuva";"Simples";"Reta;Declive";"Não";2;0;0;0;2;0;0;2;-29,89330002;-51,18450293;"SPRF-RS";"DEL01-RS";"UOP01-DEL01-RS"
452318;2022-05-27;"sexta-feira";"16:00:00";"MG";381;376,8;"SAO GONCALO DO RIO ABAIXO";"Reação tardia ou ineficiente do condutor";"Saída de leito carroçável";"Com Vítimas Fatais";"Pleno dia";"Crescente";"Céu Claro";"Simples";"Curva";"Não";3;1;0;0;0;2;0;3;-19,8367193;-43,34504908;"SPRF-MG";"DEL01-MG";"UOP01-DEL01-MG"
452328;2022-05-27;"sexta-feira";"15:10:00";"MG";153;194;"FRUTAL";"Demais falhas mecânicas ou elétricas";"Saída de leito carroçável";"Com Vítimas Fatais";"Pleno dia";"Decrescente";"Céu Claro";"Simples";"Declive";"Não";3;1;2;0;0;0;2;1;-19,9622283;-48,98832279;"SPRF-MG";"DEL13-MG";"UOP02-DEL13-MG"
452331;2022-05-27;"sexta-feira";"16:35:00";"MG";381;530,4;"ITATIAIUCU";"Ingestão de álcool pelo condutor";"Colisão lateral mesmo sentido";"Com Vítimas Feridas";"Pleno dia";"Crescente";"Céu Claro";"Dupla";"Reta";"Não";3;0;1;0;1;1;1;3;-20,17327539;-44,37545454;"SPRF-MG";"DEL04-MG";"UOP03-DEL04-MG"
452334;2022-02-23;"quarta-feira";"13:50:00";"ES";101;94;"JAGUARE";"Ausência de reação do condutor";"Colisão traseira";"Com Vítimas Feridas";"Pleno dia";"Decrescente";"Céu Claro";"Simples";"Declive;Reta";"Sim";12;0;8;0;4;0;8;4;-18,93086484;-39,97180828;"SPRF-ES";"DEL04-ES";"UOP02-DEL04-ES"
452344;2022-05-27;"sexta-feira";"13:15:00";"BA";116;595;"IRAJUBA";"Manobra de mudança de faixa";"Tombamento";"Sem Vítimas";"Pleno dia";"Decrescente";"Céu Claro";"Simples";"Reta";"Não";2;0;0;0;1;2;0;3;-13,17351892;-39,99933014;"SPRF-BA";"DEL03-BA";"UOP02-DEL03-BA"
452348;2022-05-27;"sexta-feira";"18:00:00";"ES";259;59;"COLATINA";"Demais falhas mecânicas ou elétricas";"Colisão traseira";"Com Vítimas Feridas";"Plena Noite";"Crescente";"Chuva";"Dupla";"Aclive";"Sim";2;0;1;0;1;0;1;2;-19,52125411;-40,66594194;"SPRF-ES";"DEL02-ES";"UOP01-DEL02-ES"
452356;2022-05-27;"sexta-feira";"18:21:00";"PE";232;117;"CARUARU";"Ausência de reação do condutor";"Saída de leito carroçável";"Com Vítimas Fatais";"Plena Noite";"Crescente";"Chuva";"Dupla";"Reta";"Não";1;1;0;0;0;0;0;1;-8,29529153;-35,8754959;"SPRF-PE";"DEL02-PE";"UOP01-DEL02-PE"
452374;2022-05-27;"sexta-feira";"17:45:00";"SC";101;389;"CRICIUMA";"Manobra de mudança de faixa";"Colisão transversal";"Com Vítimas Feridas";"Anoitecer";"Decrescente";"Chuva";"Dupla";"Reta;Declive";"Não";6;0;1;1;4;0;2;3;-28,80305227;-49,36788082;"SPRF-SC";"DEL02-SC";"UOP02-DEL02-SC"
452382;2022-05-27;"sexta-feira";"19:00:00";"MT";163;930;"ITAUBA";"Reação tardia ou ineficiente do condutor";"Colisão traseira";"Com Vítimas Feridas";"Plena Noite";"Decrescente";"Céu Claro";"Simples";"Declive;Curva";"Não";3;0;1;0;1;1;1;2;-11,17218194;-55,31169576;"SPRF-MT";"DEL06-MT";"NPF/DEL06-MT"
452385;2022-05-27;"sexta-feira";"20:10:00";"BA";20;141;"SAO DESIDERIO";"Reação tardia ou ineficiente do condutor";"Colisão traseira";"Com Vítimas Feridas";"Plena Noite";"Decrescente";"Céu Claro";"Dupla";"Aclive";"Não";4;0;1;0;1;2;1;4;-12,697976;-45,931892;"SPRF-BA";"DEL10-BA";"UOP01-DEL10-BA"
452386;2022-05-27;"sexta-feira";"15:29:00";"TO";153;655,1;"GURUPI";"Ultrapassagem Indevida";"Saída de leito carroçável";"Com Vítimas Fatais";"Pleno dia";"Decrescente";"Céu Claro";"Simples";"Reta;Declive";"Não";2;1;0;1;0;0;1;1;-11,57884612;-49,03304663;"SPRF-TO";"DEL01-TO";"UOP02-DEL01-TO"
452387;2022-05-07;"sábado";"19:30:00";"BA";101;565;"ARATACA";"Velocidade Incompatível";"Colisão frontal";"Com Vítimas Fatais";"Plena Noite";"Decrescente";"Céu Claro";"Simples";"Curva;Declive";"Não";3;2;0;0;0;2;0;4;-15,3853068;-39,48541982;"SPRF-BA";"DEL05-BA";"UOP02-DEL05-BA"
452390;2022-05-27;"sexta-feira";"19:20:00";"SC";282;259;"SAO JOSE DO CERRITO";"Reação tardia ou ineficiente do condutor";"Colisão frontal";"Com Vítimas Feridas";"Plena Noite";"Crescente";"Chuva";"Simples";"Declive;Curva";"Não";2;0;1;0;1;0;1;2;-27,65705243;-50,595489;"SPRF-SC";"DEL05-SC";"UOP02-DEL05-SC"
452395;2022-05-27;"sexta-feira";"16:10:00";"SC";282;448;"PONTE SERRADA";"Problema na suspensão";"Tombamento";"Com Vítimas Feridas";"Anoitecer";"Crescente";"Chuva";"Simples";"Reta";"Não";1;0;1;0;0;0;1;1;-26,919491;-51,933693;"SPRF-SC";"DEL07-SC";"UOP04-DEL07-SC"
452398;2022-05-27;"sexta-feira";"21:30:00";"SC";101;88;"BARRA VELHA";"Demais falhas mecânicas ou elétricas";"Incêndio";"Sem Vítimas";"Plena Noite";"Crescente";"Céu Claro";"Múltipla";"Reta";"Sim";2;0;0;0;1;1;0;2;-26,64253985;-48,68950684;"SPRF-SC";"DEL03-SC";"UOP02-DEL03-SC"
452400;2022-05-27;"sexta-feira";"22:30:00";"SC";101;215;"PALHOCA";"Manobra de mudança de faixa";"Colisão lateral mesmo sentido";"Com Vítimas Feridas";"Plena Noite";"Crescente";"Garoa/Chuvisco";"Múltipla";"Curva";"Sim";2;0;1;0;1;0;1;2;-27,65184843;-48,67604941;"SPRF-SC";"DEL01-SC";"UOP02-DEL01-SC"
452401;2022-05-27;"sexta-feira";"20:51:00";"MG";381;938;"EXTREMA";"Reação tardia ou ineficiente do condutor";"Tombamento";"Com Vítimas Feridas";"Plena Noite";"Crescente";"Ignorado";"Dupla";"Reta";"Sim";2;0;1;0;0;1;1;2;-22,83909203;-46,32850893;"SPRF-MG";"DEL16-MG";"UOP03-DEL16-MG"
452403;2022-05-27;"sexta-feira";"23:00:00";"SC";101;147;"ITAPEMA";"Ausência de reação do condutor";"Colisão traseira";"Com Vítimas Feridas";"Plena Noite";"Decrescente";"Céu Claro";"Dupla";"Curva";"Sim";3;0;1;0;1;1;1;3;-27,09237407;-48,61730888;"SPRF-SC";"DEL04-SC";"UOP03-DEL04-SC"
452404;2022-05-27;"sexta-feira";"18:50:00";"MG";381;178,4;"GOVERNADOR VALADARES";"Transitar na contramão";"Colisão frontal";"Com Vítimas Fatais";"Plena Noite";"Crescente";"Céu Claro";"Simples";"Reta";"Não";3;1;0;0;1;1;0;3;-19,02403311;-42,14619668;"SPRF-MG";"DEL06-MG";"UOP01-DEL06-MG"
452407;2022-05-27;"sexta-feira";"23:00:00";"MT";163;573;"NOVA MUTUM";"Manobra de mudança de faixa";"Colisão frontal";"Com Vítimas Fatais";"Plena Noite";"Crescente";"Céu Claro";"Simples";"Reta";"Não";8;2;3;2;0;6;5;10;-14,13823325;-56,10402945;"SPRF-MT";"DEL01-MT";"UOP01-DEL01-MT"
452415;2022-05-28;"sábado";"00:50:00";"SP";116;98,2;"PINDAMONHANGABA";"Ausência de reação do condutor";"Colisão com objeto";"Com Vítimas Feridas";"Plena Noite";"Crescente";"Céu Claro";"Dupla";"Reta";"Não";1;0;1;0;0;0;1;1;-22,97805164;-45,45583318;"SPRF-SP";"DEL08-SP";"UOP01-DEL08-SP"
452421;2022-05-28;"sábado";"02:10:00";"SC";101;24,5;"JOINVILLE";"Condutor Dormindo";"Colisão traseira";"Com Vítimas Feridas";"Plena Noite";"Crescente";"Céu Claro";"Dupla";"Reta";"Sim";3;0;1;0;1;1;1;3;-26,17483309;-48,90767978;"SPRF-SC";"DEL03-SC";"UOP01-DEL03-SC"
452429;2022-05-28;"sábado";"04:30:00";"MG";381;865,5;"POUSO ALEGRE";"Objeto estático sobre o leito carroçável";"Colisão com objeto";"Com Vítimas Fatais";"Plena Noite";"Crescente";"Céu Claro";"Dupla";"Aclive;Reta";"Sim";3;1;0;0;1;1;0;3;-22,35961;-45,928866;"SPRF-MG";"DEL16-MG";"UOP01-DEL16-MG"
452432;2022-05-28;"sábado";"03:45:00";"BA";324;587;"CANDEIAS";"Demais falhas mecânicas ou elétricas";"Incêndio";"Sem Vítimas";"Plena Noite";"Crescente";"Nublado";"Dupla";"Reta";"Sim";1;0;0;0;1;0;0;1;-12,64715411;-38,47504041;"SPRF-BA";"DEL01-BA";"UOP01-DEL01-BA"
452436;2022-05-28;"sábado";"04:30:00";"MG";40;397,9;"CURVELO";"Mal súbito do condutor";"Saída de leito carroçável";"Com Vítimas Feridas";"Plena Noite";"Crescente";"Céu Claro";"Simples";"Declive";"Não";2;0;1;0;0;1;1;2;-19,0157;-44,6573;"SPRF-MG";"DEL02-MG";"UOP01-DEL02-MG"
452440;2022-05-28;"sábado";"05:50:00";"BA";116;660,9;"JEQUIE";"Ultrapassagem Indevida";"Colisão lateral mesmo sentido";"Com Vítimas Feridas";"Amanhecer";"Crescente";"Sol";"Simples";"Aclive";"Não";3;0;1;0;1;1;1;3;-13,70748902;-40,0959642;"SPRF-BA";"DEL03-BA";"UOP01-DEL03-BA"
452444;2022-02-04;"sexta-feira";"23:28:00";"MG";153;116,1;"PRATA";"Ausência de reação do condutor";"Colisão lateral sentido oposto";"Com Vítimas Fatais";"Plena Noite";"Crescente";"Céu Claro";"Simples";"Reta";"Não";3;1;0;0;1;1;0;3;-19,36692295;-48,89960054;"SPRF-MG";"DEL15-MG";"UOP03-DEL15-MG"
452445;2022-05-28;"sábado";"05:30:00";"MG";116;3;"DIVISA ALEGRE";"Pista esburacada";"Saída de leito carroçável";"Com Vítimas Feridas";"Amanhecer";"Crescente";"Nublado";"Simples";"Declive";"Não";2;0;1;0;0;1;1;2;-15,72609196;-41,34372437;"SPRF-BA";"DEL08-BA";"UOP03-DEL08-BA"
452450;2022-05-28;"sábado";"05:30:00";"MG";262;470,1;"BOM DESPACHO";"Reação tardia ou ineficiente do condutor";"Saída de leito carroçável";"Com Vítimas Feridas";"Plena Noite";"Decrescente";"Céu Claro";"Simples";"Reta";"Não";2;0;1;0;0;1;1;2;-19,7905492;-45,1584721;"SPRF-MG";"DEL08-MG";"UOP03-DEL08-MG"
452452;2022-05-28;"sábado";"06:15:00";"GO";153;71;"PORANGATU";"Desrespeitar a preferência no cruzamento";"Colisão transversal";"Com Vítimas Feridas";"Pleno dia";"Crescente";"Céu Claro";"Simples";"Reta;Interseção de Vias";"Sim";2;0;0;1;1;0;1;2;-13,419951;-49,130875;"SPRF-GO";"DEL07-GO";"UOP01-DEL07-GO"
452458;2022-05-28;"sábado";"06:26:00";"SP";153;9;"ICEM";"Acessar a via sem observar a presença dos outros veículos";"Colisão lateral mesmo sentido";"Sem Vítimas";"Pleno dia";"Decrescente";"Céu Claro";"Simples";"Declive";"Não";3;0;0;0;2;1;0;3;-20,38030491;-49,23107915;"SPRF-SP";"DEL09-SP";"UOP01-DEL09-SP"
452463;2022-05-28;"sábado";"07:50:00";"RJ";393;121;"SAPUCAIA";"Ausência de reação do condutor";"Tombamento";"Com Vítimas Feridas";"Pleno dia";"Decrescente";"Céu Claro";"Simples";"Curva";"Não";2;0;1;0;0;1;1;2;-21,93380606;-42,79637198;"SPRF-RJ";"DEL05-RJ";"UOP01-DEL05-RJ"
452464;2022-05-28;"sábado";"08:20:00";"CE";116;17;"FORTALEZA";"Manobra de mudança de faixa";"Colisão lateral mesmo sentido";"Com Vítimas Feridas";"Pleno dia";"Crescente";"Céu Claro";"Múltipla";"Reta";"Sim";3;0;1;0;2;0;1;2;-3,89617918;-38,50336042;"SPRF-CE";"DEL01-CE";"UOP02-DEL01-CE"
452470;2022-05-28;"sábado";"09:00:00";"RJ";116;181;"NOVA IGUACU";"Reação tardia ou ineficiente do condutor";"Colisão traseira";"Com Vítimas Feridas";"Pleno dia";"Decrescente";"Céu Claro";"Dupla";"Reta";"Sim";4;0;0;1;3;0;1;3;-22,761312;-43,423492;"SPRF-RJ";"DEL01-RJ";"UOP02-DEL01-RJ"
452479;2022-05-28;"sábado";"07:25:00";"MT";158;566;"AGUA BOA";"Acostamento em desnível";"Tombamento";"Com Vítimas Feridas";"Pleno dia";"Decrescente";"Céu Claro";"Simples";"Reta";"Não";3;0;2;0;0;2;2;3;-14,03761199;-52,15620489;"SPRF-MT";"DEL07-MT";"UOP02-DEL07-MT"
452484;2022-05-28;"sábado";"11:10:00";"MG";116;576;"MANHUACU";"Ausência de reação do condutor";"Tombamento";"Com Vítimas Feridas";"Pleno dia";"Crescente";"Céu Claro";"Simples";"Reta";"Não";2;0;0;1;0;1;1;2;-20,15473996;-42,18629605;"SPRF-MG";"DEL06-MG";"UOP03-DEL06-MG"
452487;2022-05-28;"sábado";"09:30:00";"RJ";40;121;"DUQUE DE CAXIAS";"Transitar na contramão";"Colisão lateral mesmo sentido";"Com Vítimas Feridas";"Pleno dia";"Decrescente";"Céu Claro";"Simples";"Curva";"Sim";3;0;1;0;2;0;1;3;-22,78185499;-43,28571273;"SPRF-RJ";"DEL01-RJ";"UOP01-DEL01-RJ"
452495;2022-05-28;"sábado";"11:20:00";"MT";163;750;"SORRISO";"Pedestre cruzava a pista fora da faixa";"Atropelamento de Pedestre";"Com Vítimas Feridas";"Pleno dia";"Decrescente";"Céu Claro";"Dupla";"Reta";"Sim";2;0;0;1;1;0;1;2;-12,67193506;-55,79367178;"SPRF-MT";"DEL06-MT";"UOP01-DEL06-MT"
452503;2022-05-28;"sábado";"05:00:00";"MG";251;472,4;"FRANCISCO SA";"Reação tardia ou ineficiente do condutor";"Saída de leito carroçável";"Com Vítimas Feridas";"Amanhecer";"Decrescente";"Céu Claro";"Simples";"Reta";"Não";2;0;1;0;0;1;1;2;-16,47012768;-43,44753404;"SPRF-MG";"DEL12-MG";"UOP01-DEL12-MG"
452508;2022-05-28;"sábado";"08:00:00";"PR";277;356;"GUARAPUAVA";"Ausência de reação do condutor";"Colisão lateral sentido oposto";"Com Vítimas Feridas";"Pleno dia";"Crescente";"Céu Claro";"Simples";"Interseção de Vias";"Não";3;0;0;1;1;2;1;4;-25,395072;-51,529876;"SPRF-PR";"DEL08-PR";"UOP01-DEL08-PR"
452510;2022-05-28;"sábado";"12:40:00";"PA";10;54;"ULIANOPOLIS";"Acessar a via sem observar a presença dos outros veículos";"Colisão transversal";"Com Vítimas Fatais";"Pleno dia";"Crescente";"Céu Claro";"Simples";"Reta";"Não";3;1;0;0;1;1;0;3;-3,977971;-47,546567;"SPRF-PA";"DEL02-PA";"UOP02-DEL02-PA"
452511;2022-05-28;"sábado";"08:15:00";"MG";116;268,7;"TEOFILO OTONI";"Pista Escorregadia";"Colisão lateral sentido oposto";"Com Vítimas Feridas";"Pleno dia";"Crescente";"Garoa/Chuvisco";"Simples";"Declive";"Não";9;0;3;1;4;2;4;7;-17,792445;-41,501889;"SPRF-MG";"DEL11-MG";"UOP01-DEL11-MG"
452513;2022-05-28;"sábado";"12:45:00";"PR";163;12,2;"BARRACAO";"Velocidade Incompatível";"Colisão frontal";"Com Vítimas Fatais";"Pleno dia";"Decrescente";"Chuva";"Simples";"Reta;Declive";"Sim";3;1;0;0;1;1;0;3;-26,25066;-53,635523;"SPRF-PR";"DEL02-PR";"UOP02-DEL02-PR"
452514;2022-05-28;"sábado";"13:00:00";"MG";381;488,9;"BETIM";"Reação tardia ou ineficiente do condutor";"Colisão traseira";"Com Vítimas Fatais";"Pleno dia";"Crescente";"Sol";"Dupla";"Reta";"Sim";2;1;0;0;1;0;0;2;-19,9598656;-44,15489715;"SPRF-MG";"DEL01-MG";"UOP03-DEL01-MG"