"id";"data_inversa";"dia_semana";"horario";"uf";"br";"km";"municipio";"causa_acidente";"tipo_acidente";"classificacao_acidente";"fase_dia";"sentido_via";"condicao_metereologica";"tipo_pista";"tracado_via";"uso_solo";"pessoas";"mortos";"feridos_leves";"feridos_graves";"ilesos";"ignorados";"feridos";"veiculos";"latitude";"longitude";"regional";"delegacia";"uop"
452515;2022-05-28;"sábado";"13:55:00";"PR";277;426;"CANTAGALO";"Conversão proibida";"Colisão transversal";"Com Vítimas Fatais";"Pleno dia";"Decrescente";"Nublado";"Simples";"Curva";"Não";4;1;0;0;1;10;0;12;-25,38590648;-52,16754913;"SPRF-PR";"DEL04-PR";"UOP02-DEL04-PR"
452518;2022-05-28;"sábado";"13:39:00";"PB";101;81;"BAYEUX";"Reação tardia ou ineficiente do condutor";"Colisão lateral mesmo sentido";"Com Vítimas Feridas";"Pleno dia";"Crescente";"Nublado";"Dupla";"Interseção de Vias";"Sim";3;0;2;0;0;1;2;2;-7,12508575;-34,94513217;"SPRF-PB";"DEL01-PB";"UOP01-DEL01-PB"
452524;2022-05-28;"sábado";"11:20:00";"MG";116;70,4;"MEDINA";"Demais falhas mecânicas ou elétricas";"Incêndio";"Sem Vítimas";"Pleno dia";"Decrescente";"Chuva";"Simples";"Curva";"Não";2;0;0;0;1;1;0;2;-16,202834;-41,47404617;"SPRF-MG";"DEL11-MG";"UOP02-DEL11-MG"
452526;2022-05-28;"sábado";"12:10:00";"MT";364;350;"SANTO ANTONIO DO LEVERGER";"Velocidade Incompatível";"Tombamento";"Com Vítimas Feridas";"Pleno dia";"Crescente";"Sol";"Dupla";"Curva";"Não";2;0;0;1;0;1;1;2;-15,80518241;-55,55686807;"SPRF-MT";"DEL05-MT";"UOP02-DEL05-MT"
452534;2022-05-28;"sábado";"10:40:00";"MG";381;185,5;"PERIQUITO";"Manobra de mudança de faixa";"Colisão lateral mesmo sentido";"Com Vítimas Feridas";"Pleno dia";"Decrescente";"Céu Claro";"Simples";"Reta";"Não";5;0;0;2;2;1;2;4;-19,07143196;-42,17623006;"SPRF-MG";"DEL06-MG";"UOP01-DEL06-MG"
452537;2022-05-28;"sábado";"08:45:00";"GO";60;379;"RIO VERDE";"Ausência de reação do condutor";"Saída de leito carroçável";"Sem Vítimas";"Pleno dia";"Decrescente";"Sol";"Dupla";"Reta";"Sim";2;0;0;0;1;2;0;3;-17,7564;-50,8793;"SPRF-GO";"DEL04-GO";"UOP01-DEL04-GO"
452546;2022-05-28;"sábado";"15:10:00";"MT";163;102;"RONDONOPOLIS";"Carga excessiva e/ou mal acondicionada";"Tombamento";"Com Vítimas Feridas";"Pleno dia";"Crescente";"Céu Claro";"Simples";"Retorno Regulamentado";"Não";2;0;0;1;0;2;1;3;-16,6450602;-54,68993838;"SPRF-MT";"DEL02-MT";"UOP01-DEL02-MT"
452553;2022-05-28;"sábado";"18:00:00";"AL";101;175;"TEOTONIO VILELA";"Ingestão de álcool pelo condutor";"Colisão lateral sentido oposto";"Sem Vítimas";"Plena Noite";"Decrescente";"Céu Claro";"Simples";"Reta";"Sim";2;0;0;0;2;0;0;2;-9,89834517;-36,3666691;"SPRF-AL";"DEL02-AL";"UOP02-DEL02-AL"
452558;2022-05-28;"sábado";"18:30:00";"PI";343;341;"TERESINA";"Falta de acostamento";"Colisão lateral mesmo sentido";"Com Vítimas Fatais";"Plena Noite";"Decrescente";"Céu Claro";"Simples";"Reta;Rotatória";"Sim";4;1;0;0;2;3;0;5;-5,0822453;-42,75001287;"SPRF-PI";"DEL01-PI";"UOP01-DEL01-PI"
452573;2022-05-28;"sábado";"19:00:00";"MT";163;781;"SORRISO";"Pedestre andava na pista";"Atropelamento de Pedestre";"Com Vítimas Fatais";"Plena Noite";"Crescente";"Céu Claro";"Simples";"Reta";"Não";2;1;0;0;1;0;0;2;-12,436658;-55,65004499;"SPRF-MT";"DEL06-MT";"UOP01-DEL06-MT"
452574;2022-03-17;"quinta-feira";"18:30:00";"RS";386;103,2;"SAO JOSE DAS MISSOES";"Manobra de mudança de faixa";"Colisão lateral sentido oposto";"Com Vítimas Feridas";"Anoitecer";"Decrescente";"Céu Claro";"Simples";"Curva";"Sim";3;0;0;1;1;1;1;3;-27,775946;-53,082054;"SPRF-RS";"DEL08-RS";"UOP01-DEL08-RS"
452578;2022-05-28;"sábado";"17:30:00";"MG";381;575;"ITAGUARA";"Ausência de reação do condutor";"Colisão traseira";"Com Vítimas Feridas";"Anoitecer";"Crescente";"Céu Claro";"Dupla";"Reta";"Não";2;0;0;1;1;0;1;2;-20,47362595;-44,58422842;"SPRF-MG";"DEL04-MG";"UOP01-DEL04-MG"
452584;2022-05-28;"sábado";"19:40:00";"RJ";40;119;"DUQUE DE CAXIAS";"Reação tardia ou ineficiente do condutor";"Colisão traseira";"Com Vítimas Feridas";"Plena Noite";"Decrescente";"Céu Claro";"Múltipla";"Reta";"Sim";3;0;2;0;0;1;2;2;-22,76375592;-43,28683062;"SPRF-RJ";"DEL01-RJ";"UOP01-DEL01-RJ"
452589;2022-04-05;"terça-feira";"13:30:00";"RJ";101;297;"ITABORAI";"Pedestre andava na pista";"Atropelamento de Pedestre";"Com Vítimas Feridas";"Pleno dia";"Crescente";"Céu Claro";"Simples";"Interseção de Vias";"Sim";2;0;0;1;1;0;1;2;-22,76942037;-42,91873581;"SPRF-RJ";"DEL02-RJ";"UOP02-DEL02-RJ"
452603;2022-05-28;"sábado";"17:00:00";"PR";277;398;"CANDOI";"Curva acentuada";"Saída de leito carroçável";"Com Vítimas Fatais";"Anoitecer";"Decrescente";"Céu Claro";"Simples";"Curva";"Não";2;1;0;0;0;1;0;2;-25,44778951;-51,90763095;"SPRF-PR";"DEL08-PR";"UOP01-DEL08-PR"
452604;2022-05-28;"sábado";"21:20:00";"MG";364;6;"PLANURA";"Demais falhas na via";"Colisão frontal";"Com Vítimas Fatais";"Plena Noite";"Crescente";"Céu Claro";"Simples";"Reta";"Não";4;3;0;0;1;0;0;2;-20,13824;-48,702347;"SPRF-MG";"DEL13-MG";"UOP02-DEL13-MG"
452610;2022-05-28;"sábado";"23:00:00";"ES";101;126,7;"SOORETAMA";"Ausência de reação do condutor";"Colisão frontal";"Com Vítimas Feridas";"Plena Noite";"Crescente";"Céu Claro";"Simples";"Declive";"Sim";5;0;3;0;1;3;3;5;-19,193953;-40,0951;"SPRF-ES";"DEL04-ES";"UOP01-DEL04-ES"
452612;2022-05-28;"sábado";"23:00:00";"MG";381;484;"BETIM";"Velocidade Incompatível";"Tombamento";"Com Vítimas Feridas";"Plena Noite";"Decrescente";"Céu Claro";"Dupla";"Reta";"Sim";2;0;1;0;0;1;1;2;-19,95939259;-44,09013033;"SPRF-MG";"DEL01-MG";"UOP03-DEL01-MG"
452617;2022-05-28;"sábado";"18:30:00";"MA";316;193;"ZE DOCA";"Pista esburacada";"Colisão transversal";"Com Vítimas Fatais";"Plena Noite";"Crescente";"Ignorado";"Simples";"Reta";"Sim";3;2;0;0;1;0;0;2;-3,232694;-45,652496;"SPRF-MA";"DEL02-MA";"UOP01-DEL02-MA"
452618;2022-05-28;"sábado";"17:55:00";"BA";330;847;"IPIAU";"Velocidade Incompatível";"Colisão traseira";"Com Vítimas Fatais";"Anoitecer";"Crescente";"Céu Claro";"Simples";"Reta";"Não";2;1;0;0;1;0;0;2;-14,17306203;-39,68148402;"SPRF-BA";"DEL03-BA";"UOP01-DEL03-BA"
452619;2022-05-28;"sábado";"23:00:00";"SP";116;202,4;"ARUJA";"Entrada inopinada do pedestre";"Atropelamento de Pedestre";"Com Vítimas Fatais";"Plena Noite";"Decrescente";"Céu Claro";"Dupla";"Aclive;Curva";"Sim";2;1;0;0;0;1;0;2;-23,40809408;-46,33859597;"SPRF-SP";"DEL01-SP";"UOP01-DEL01-SP"
452644;2022-05-28;"sábado";"20:30:00";"PE";407;99,9;"PETROLINA";"Pedestre andava na pista";"Atropelamento de Pedestre";"Com Vítimas Fatais";"Plena Noite";"Crescente";"Céu Claro";"Simples";"Reta";"Não";3;2;0;0;0;1;0;2;-9,16794101;-40,63520122;"SPRF-PE";"DEL06-PE";"UOP02-DEL06-PE"
452656;2022-05-29;"domingo";"02:03:00";"BA";101;811;"ITAMARAJU";"Transitar na contramão";"Colisão frontal";"Com Vítimas Fatais";"Plena Noite";"Crescente";"Garoa/Chuvisco";"Simples";"Curva";"Não";7;3;0;1;2;1;1;3;-17,21763389;-39,60728705;"SPRF-BA";"DEL09-BA";"UOP02-DEL09-BA"
452662;2022-05-29;"domingo";"01:10:00";"BA";407;210;"CAPIM GROSSO";"Ingestão de álcool pelo condutor";"Colisão lateral sentido oposto";"Com Vítimas Feridas";"Plena Noite";"Crescente";"Nublado";"Simples";"Reta";"Não";3;0;0;1;1;1;1;3;-11,19053424;-40,04473082;"SPRF-BA";"DEL04-BA";"UOP02-DEL04-BA"
452670;2022-05-29;"domingo";"03:45:00";"SC";282;617,5;"IRACEMINHA";"Ausência de reação do condutor";"Saída de leito carroçável";"Com Vítimas Feridas";"Plena Noite";"Crescente";"Garoa/Chuvisco";"Simples";"Curva";"Não";2;0;0;1;0;2;1;3;-26,78270194;-53,28635216;"SPRF-SC";"DEL07-SC";"UOP02-DEL07-SC"
452672;2022-05-29;"domingo";"06:00:00";"BA";101;422;"IBIRAPITANGA";"Ausência de reação do condutor";"Tombamento";"Com Vítimas Feridas";"Amanhecer";"Crescente";"Nublado";"Simples";"Curva";"Não";1;0;1;0;0;0;1;1;-14,013265;-39,436055;"SPRF-BA";"DEL05-BA";"UOP03-DEL05-BA"
452675;2022-05-09;"segunda-feira";"07:45:00";"RS";386;362,1;"BOM RETIRO DO SUL";"Acessar a via sem observar a presença dos outros veículos";"Colisão lateral mesmo sentido";"Com Vítimas Feridas";"Pleno dia";"Crescente";"Sol";"Dupla";"Reta";"Não";2;0;0;1;1;0;1;2;-29,552738;-51,900085;"SPRF-RS";"DEL04-RS";"UOP02-DEL04-RS"
452680;2022-05-29;"domingo";"07:52:00";"ES";262;55;"MARECHAL FLORIANO";"Velocidade Incompatível";"Tombamento";"Com Vítimas Feridas";"Pleno dia";"Decrescente";"Céu Claro";"Simples";"Curva";"Não";2;0;1;0;0;2;1;3;-20,412929;-40,751701;"SPRF-ES";"DEL01-ES";"UOP01-DEL01-ES"
452682;2022-05-29;"domingo";"07:30:00";"SP";116;121;"CACAPAVA";"Reação tardia ou ineficiente do condutor";"Colisão traseira";"Com Vítimas Feridas";"Pleno dia";"Decrescente";"Céu Claro";"Dupla";"Reta";"Não";8;0;2;2;2;3;4;5;-23,07631169;-45,65337222;"SPRF-SP";"DEL02-SP";"UOP02-DEL02-SP"
452687;2022-05-29;"domingo";"06:10:00";"SC";470;116,4;"IBIRAMA";"Velocidade Incompatível";"Tombamento";"Com Vítimas Feridas";"Amanhecer";"Decrescente";"Nublado";"Simples";"Curva";"Não";2;0;1;0;0;1;1;2;-27,07756;-49,49448;"SPRF-SC";"DEL04-SC";"UOP02-DEL04-SC"
452688;2022-05-29;"domingo";"06:40:00";"RO";364;517;"ARIQUEMES";"Ingestão de álcool pelo condutor";"Tombamento";"Com Vítimas Feridas";"Pleno dia";"Crescente";"Céu Claro";"Simples";"Reta";"Sim";2;0;0;1;0;3;1;4;-9,90688101;-63,05581217;"SPRF-RO";"DEL03-RO";"UOP01-DEL03-RO"
452691;2022-05-28;"sábado";"18:25:00";"SC";282;600,9;"CUNHA PORA";"Pista esburacada";"Colisão com objeto";"Com Vítimas Feridas";"Plena Noite";"Decrescente";"Chuva";"Simples";"Reta";"Não";3;0;0;1;1;1;1;3;-26,809002;-53,169399;"SPRF-SC";"DEL07-SC";"UOP02-DEL07-SC"
452693;2022-05-28;"sábado";"01:58:00";"SC";282;586,8;"PINHALZINHO";"Condutor Dormindo";"Saída de leito carroçável";"Com Vítimas Feridas";"Plena Noite";"Decrescente";"Chuva";"Simples";"Curva";"Não";1;0;1;0;0;0;1;1;-26,832605;-53,03474;"SPRF-SC";"DEL07-SC";"UOP02-DEL07-SC"
452695;2022-05-29;"domingo";"08:00:00";"MS";262;358,4;"CAMPO GRANDE";"Transitar na contramão";"Colisão lateral sentido oposto";"Com Vítimas Fatais";"Pleno dia";"Crescente";"Céu Claro";"Simples";"Reta";"Não";3;1;0;0;1;1;0;3;-20,52581098;-54,70976798;"SPRF-MS";"DEL01-MS";"UOP03-DEL01-MS"
452698;2022-05-29;"domingo";"08:30:00";"PR";277;17,8;"PARANAGUA";"Pedestre cruzava a pista fora da faixa";"Atropelamento de Pedestre";"Com Vítimas Feridas";"Pleno dia";"Crescente";"Céu Claro";"Dupla";"Reta";"Não";4;0;0;1;1;3;1;4;-25,56380488;-48,63457397;"SPRF-PR";"DEL01-PR";"UOP05-DEL01-PR"
452702;2022-05-29;"domingo";"08:00:00";"MT";163;619,6;"NOVA MUTUM";"Ultrapassagem Indevida";"Colisão lateral sentido oposto";"Com Vítimas Feridas";"Pleno dia";"Crescente";"Céu Claro";"Simples";"Reta";"Não";3;0;1;0;1;4;1;6;-13,74393307;-56,05121575;"SPRF-MT";"DEL01-MT";"UOP01-DEL01-MT"
452710;2022-05-29;"domingo";"10:20:00";"MG";40;546,9;"NOVA LIMA";"Reação tardia ou ineficiente do condutor";"Colisão traseira";"Com Vítimas Feridas";"Pleno dia";"Decrescente";"Céu Claro";"Dupla";"Declive;Curva";"Não";3;0;1;0;2;0;1;2;-20,01444685;-43,96893823;"SPRF-MG";"DEL01-MG";"UOP02-DEL01-MG"
452713;2022-05-29;"domingo";"08:00:00";"PE";407;123,8;"PETROLINA";"Velocidade Incompatível";"Tombamento";"Com Vítimas Fatais";"Pleno dia";"Crescente";"Céu Claro";"Simples";"Reta";"Sim";3;1;0;0;1;1;0;3;-9,37155186;-40,54021597;"SPRF-PE";"DEL06-PE";"UOP01-DEL06-PE"
452715;2022-05-29;"domingo";"09:45:00";"MG";381;889;"CAMBUI";"Curva acentuada";"Tombamento";"Com Vítimas Feridas";"Pleno dia";"Crescente";"Céu Claro";"Dupla";"Curva";"Não";2;0;1;0;0;1;1;2;-22,5328;-46,0305;"SPRF-MG";"DEL16-MG";"UOP03-DEL16-MG"
452727;2022-05-28;"sábado";"18:30:00";"BA";116;694;"JEQUIE";"Frear bruscamente";"Saída de leito carroçável";"Com Vítimas Feridas";"Anoitecer";"Decrescente";"Céu Claro";"Simples";"Curva";"Não";2;0;1;0;0;1;1;2;-13,97563797;-40,17289204;"SPRF-BA";"DEL03-BA";"UOP01-DEL03-BA"
452729;2022-05-28;"sábado";"03:30:00";"PR";153;462,7;"PORTO VITORIA";"Condutor Dormindo";"Saída de leito carroçável";"Com Vítimas Feridas";"Plena Noite";"Crescente";"Chuva";"Simples";"Aclive";"Não";1;0;1;0;0;0;1;1;-26,23897725;-51,15742622;"SPRF-PR";"DEL02-PR";"UOP03-DEL02-PR"
452733;2022-05-29;"domingo";"10:30:00";"SC";470;97;"APIUNA";"Velocidade Incompatível";"Saída de leito carroçável";"Com Vítimas Feridas";"Pleno dia";"Crescente";"Chuva";"Simples";"Curva";"Sim";4;0;3;0;1;0;3;1;-27,026621;-49,378124;"SPRF-SC";"DEL04-SC";"UOP01-DEL04-SC"
452737;2022-05-29;"domingo";"11:30:00";"GO";153;242;"SAO LUIZ DO NORTE";"Restrição de visibilidade em curvas verticais";"Colisão transversal";"Com Vítimas Feridas";"Pleno dia";"Decrescente";"Céu Claro";"Simples";"Interseção de Vias";"Sim";3;0;1;0;1;1;1;3;-14,86281621;-49,32641387;"SPRF-GO";"DEL07-GO";"UOP02-DEL07-GO"
452742;2022-05-29;"domingo";"09:30:00";"MG";153;14,8;"CENTRALINA";"Reação tardia ou ineficiente do condutor";"Saída de leito carroçável";"Com Vítimas Feridas";"Pleno dia";"Decrescente";"Céu Claro";"Dupla";"Reta;Declive";"Não";2;0;2;0;0;0;2;1;-18,542202;-49,19366;"SPRF-MG";"DEL15-MG";"UOP03-DEL15-MG"
452743;2022-05-29;"domingo";"14:49:00";"MS";163;691;"RIO VERDE DE MATO GROSSO";"Condutor deixou de manter distância do veículo da frente";"Engavetamento";"Com Vítimas Feridas";"Pleno dia";"Crescente";"Céu Claro";"Simples";"Reta";"Não";4;0;1;0;2;6;1;9;-18,83492498;-54,81340886;"SPRF-MS";"DEL06-MS";"UOP01-DEL06-MS"
452745;2022-05-29;"domingo";"15:45:00";"RJ";101;333;"RIO DE JANEIRO";"Condutor deixou de manter distância do veículo da frente";"Colisão traseira";"Com Vítimas Feridas";"Anoitecer";"Crescente";"Sol";"Dupla";"Reta";"Sim";3;0;0;1;1;1;1;3;-22,87827816;-43,21053578;"SPRF-RJ";"DEL02-RJ";"UOP01-DEL02-RJ"
452750;2022-05-29;"domingo";"07:30:00";"PR";277;484;"NOVA LARANJEIRAS";"Velocidade Incompatível";"Saída de leito carroçável";"Sem Vítimas";"Amanhecer";"Decrescente";"Céu Claro";"Simples";"Curva";"Não";4;0;0;0;3;2;0;3;-25,27011524;-52,61299706;"SPRF-PR";"DEL04-PR";"UOP02-DEL04-PR"
452754;2022-05-29;"domingo";"17:45:00";"SC";101;210,8;"SAO JOSE";"Chuva";"Colisão com objeto";"Sem Vítimas";"Plena Noite";"Crescente";"Chuva";"Dupla";"Reta";"Sim";2;0;0;0;2;0;0;2;-27,6167305;-48,6457265;"SPRF-SC";"DEL01-SC";"UOP01-DEL01-SC"
452757;2022-05-29;"domingo";"17:30:00";"PR";373;454,7;"CHOPINZINHO";"Avarias e/ou desgaste excessivo no pneu";"Colisão lateral sentido oposto";"Com Vítimas Feridas";"Pleno dia";"Crescente";"Chuva";"Simples";"Curva";"Não";4;0;0;2;1;3;2;5;-25,89790453;-52,37090248;"SPRF-PR";"DEL02-PR";"UOP01-DEL02-PR"
452762;2022-05-29;"domingo";"10:40:00";"PI";135;555;"SAO GONCALO DO GURGUEIA";"Ultrapassagem Indevida";"Colisão frontal";"Com Vítimas Feridas";"Pleno dia";"Decrescente";"Céu Claro";"Simples";"Reta";"Não";6;0;2;0;3;4;2;7;-10,12844684;-45,21546291;"SPRF-PI";"DEL03-PI";"UOP02-DEL03-PI"
452770;2022-05-29;"domingo";"18:00:00";"RS";386;222,9;"SOLEDADE";"Transitar na contramão";"Colisão frontal";"Com Vítimas Feridas";"Plena Noite";"Decrescente";"Chuva";"Simples";"Reta";"Não";4;0;0;1;1;2;1;3;-28,636042;-52,614704;"SPRF-RS";"DEL04-RS";"UOP03-DEL04-RS"
452771;2022-05-29;"domingo";"15:00:00";"MG";116;123;"ITAOBIM";"Ingestão de álcool pelo condutor";"Tombamento";"Com Vítimas Feridas";"Pleno dia";"Crescente";"Céu Claro";"Simples";"Curva";"Não";1;0;1;0;0;0;1;1;-16,63458823;-41,50334358;"SPRF-MG";"DEL11-MG";"UOP02-DEL11-MG"
452782;2022-05-29;"domingo";"18:50:00";"SP";116;214;"GUARULHOS";"Condutor deixou de manter distância do veículo da frente";"Colisão traseira";"Com Vítimas Feridas";"Plena Noite";"Crescente";"Nublado";"Dupla";"Reta";"Sim";4;0;1;0;2;1;1;3;-23,44333014;-46,44531294;"SPRF-SP";"DEL01-SP";"UOP01-DEL01-SP"
452783;2022-05-29;"domingo";"19:00:00";"MG";364;0;"PLANURA";"Ingestão de álcool pelo condutor";"Colisão frontal";"Com Vítimas Feridas";"Plena Noite";"Crescente";"Céu Claro";"Simples";"Reta";"Não";5;0;2;1;1;1;3;3;-20,163703;-48,689693;"SPRF-MG";"DEL13-MG";"UOP02-DEL13-MG"
452785;2022-05-29;"domingo";"18:30:00";"BA";116;153,8;"CANUDOS";"Ultrapassagem Indevida";"Colisão frontal";"Com Vítimas Fatais";"Plena Noite";"Decrescente";"Céu Claro";"Simples";"Reta";"Não";2;1;0;0;1;0;0;2;-9,94476299;-39,1640091;"SPRF-BA";"DEL07-BA";"UOP02-DEL07-BA"
452789;2022-05-29;"domingo";"19:10:00";"PR";373;179;"PONTA GROSSA";"Acessar a via sem observar a presença dos outros veículos";"Colisão transversal";"Com Vítimas Feridas";"Plena Noite";"Crescente";"Chuva";"Múltipla";"Reta";"Sim";3;0;0;1;1;3;1;5;-25,04114599;-50,2421378;"SPRF-PR";"DEL03-PR";"UOP01-DEL03-PR"
452792;2022-05-29;"domingo";"18:00:00";"SC";101;327,2;"CAPIVARI DE BAIXO";"Desrespeitar a preferência no cruzamento";"Colisão transversal";"Sem Vítimas";"Anoitecer";"Crescente";"Chuva";"Simples";"Interseção de Vias";"Sim";6;0;0;0;3;3;0;4;-28,43023306;-48,95205197;"SPRF-SC";"DEL02-SC";"UOP01-DEL02-SC"
452810;2022-05-29;"domingo";"17:30:00";"SC";116;284,5;"CAPAO ALTO";"Acessar a via sem observar a presença dos outros veículos";"Colisão transversal";"Com Vítimas Feridas";"Plena Noite";"Crescente";"Chuva";"Simples";"Reta";"Não";3;0;1;0;1;1;1;3;-28,071781;-50,57883399;"SPRF-SC";"DEL05-SC";"UOP02-DEL05-SC"
452814;2022-05-05;"quinta-feira";"16:56:00";"PI";316;308;"PICOS";"Acessar a via sem observar a presença dos outros veículos";"Colisão transversal";"Com Vítimas Feridas";"Anoitecer";"Decrescente";"Céu Claro";"Simples";"Interseção de Vias";"Sim";3;0;0;1;1;2;1;4;-7,07773683;-41,492757;"SPRF-PI";"DEL04-PI";"UOP01-DEL04-PI"
452829;2022-05-29;"domingo";"16:00:00";"MA";10;276,2;"IMPERATRIZ";"Reação tardia ou ineficiente do condutor";"Tombamento";"Com Vítimas Feridas";"Pleno dia";"Crescente";"Céu Claro";"Simples";"Reta";"Não";2;0;1;0;0;3;1;4;-5,321293;-47,492573;"SPRF-MA";"DEL04-MA";"UOP01-DEL04-MA"
452831;2022-05-29;"domingo";"23:00:00";"SP";116;347;"MIRACATU";"Curva acentuada";"Tombamento";"Com Vítimas Feridas";"Plena Noite";"Decrescente";"Céu Claro";"Dupla";"Curva";"Não";4;0;1;0;2;2;1;4;-24,050872;-47,200718;"SPRF-SP";"DEL04-SP";"UOP02-DEL04-SP"
452835;2022-05-29;"domingo";"19:40:00";"SC";470;245,7;"CURITIBANOS";"Ingestão de álcool pelo condutor";"Colisão lateral sentido oposto";"Sem Vítimas";"Plena Noite";"Crescente";"Chuva";"Simples";"Reta";"Não";3;0;0;0;2;1;0;3;-27,316158;-50,524006;"SPRF-SC";"DEL05-SC";"UOP03-DEL05-SC"
452843;2022-05-29;"domingo";"23:20:00";"MG";40;549,3;"NOVA LIMA";"Ausência de reação do condutor";"Colisão traseira";"Com Vítimas Fatais";"Plena Noite";"Crescente";"Céu Claro";"Dupla";"Curva;Aclive";"Não";2;1;0;0;0;1;0;2;-20,04423001;-43,964324;"SPRF-MG";"DEL01-MG";"UOP02-DEL01-MG"
452851;2022-05-29;"domingo";"23:20:00";"SC";470;176;"POUSO REDONDO";"Transitar na contramão";"Colisão frontal";"Com Vítimas Feridas";"Plena Noite";"Crescente";"Chuva";"Simples";"Retorno Regulamentado";"Sim";5;0;3;0;1;1;3;3;-27,254238;-49,948658;"SPRF-SC";"DEL04-SC";"UOP02-DEL04-SC"
452861;2022-05-29;"domingo";"19:30:00";"MG";365;706;"MONTE ALEGRE DE MINAS";"Desrespeitar a preferência no cruzamento";"Colisão transversal";"Com Vítimas Feridas";"Plena Noite";"Crescente";"Céu Claro";"Dupla";"Rotatória";"Não";5;0;3;0;0;2;3;3;-18,8789182;-49,05482003;"SPRF-MG";"DEL15-MG";"UOP03-DEL15-MG"
452864;2022-05-30;"segunda-feira";"03:50:00";"GO";153;506;"APARECIDA DE GOIANIA";"Velocidade Incompatível";"Colisão com objeto";"Com Vítimas Feridas";"Plena Noite";"Crescente";"Céu Claro";"Dupla";"Retorno Regulamentado";"Sim";2;0;0;1;0;1;1;2;-16,7633;-49,24;"SPRF-GO";"DEL01-GO";"UOP01-DEL01-GO"
452866;2022-05-30;"segunda-feira";"03:30:00";"RS";470;154;"NOVA PRATA";"Acessar a via sem observar a presença dos outros veículos";"Colisão transversal";"Sem Vítimas";"Plena Noite";"Crescente";"Garoa/Chuvisco";"Dupla";"Rotatória";"Não";3;0;0;0;1;2;0;3;-28,77711311;-51,61126545;"SPRF-RS";"DEL06-RS";"UOP02-DEL06-RS"
452872;2022-05-30;"segunda-feira";"05:30:00";"SC";101;367,2;"ICARA";"Ausência de reação do condutor";"Colisão traseira";"Com Vítimas Feridas";"Plena Noite";"Crescente";"Nublado";"Múltipla";"Aclive";"Não";4;0;0;1;3;0;1;2;-28,69744;-49,17897;"SPRF-SC";"DEL02-SC";"UOP01-DEL02-SC"
452873;2022-05-30;"segunda-feira";"02:50:00";"RJ";40;39,3;"AREAL";"Demais falhas mecânicas ou elétricas";"Colisão com objeto";"Com Vítimas Fatais";"Plena Noite";"Decrescente";"Céu Claro";"Dupla";"Reta";"Não";2;1;1;0;0;0;1;1;-22,23332;-43,114136;"SPRF-RJ";"DEL05-RJ";"UOP02-DEL05-RJ"
452878;2022-05-30;"segunda-feira";"07:00:00";"RS";116;465;"SAO LOURENCO DO SUL";"Desrespeitar a preferência no cruzamento";"Colisão transversal";"Com Vítimas Feridas";"Amanhecer";"Crescente";"Céu Claro";"Dupla";"Rotatória";"Não";5;0;3;1;1;0;4;2;-31,32224393;-52,03089939;"SPRF-RS";"DEL02-RS";"UOP02-DEL02-RS"
452883;2022-05-30;"segunda-feira";"08:15:00";"RJ";101;195,2;"CASIMIRO DE ABREU";"Avarias e/ou desgaste excessivo no pneu";"Colisão lateral mesmo sentido";"Com Vítimas Feridas";"Pleno dia";"Crescente";"Céu Claro";"Dupla";"Curva";"Não";2;0;2;0;0;0;2;2;-22,49220783;-42,10020136;"SPRF-RJ";"DEL08-RJ";"UOP04-DEL08-RJ"
452890;2022-05-30;"segunda-feira";"08:20:00";"MG";365;596,5;"UBERLANDIA";"Problema com o freio";"Colisão lateral mesmo sentido";"Com Vítimas Feridas";"Amanhecer";"Decrescente";"Céu Claro";"Simples";"Reta;Ponte";"Não";4;0;1;0;2;3;1;6;-18,87360026;-48,07693362;"SPRF-MG";"DEL15-MG";"UOP01-DEL15-MG"
452891;2022-05-29;"domingo";"21:00:00";"MG";116;163,8;"PADRE PARAISO";"Transitar na contramão";"Colisão transversal";"Com Vítimas Fatais";"Plena Noite";"Decrescente";"Céu Claro";"Simples";"Curva";"Não";4;2;1;0;0;1;1;3;-16,95891998;-41,45585995;"SPRF-MG";"DEL11-MG";"UOP02-DEL11-MG"
452897;2022-05-30;"segunda-feira";"08:40:00";"RS";386;75;"BOA VISTA DAS MISSOES";"Desrespeitar a preferência no cruzamento";"Colisão transversal";"Com Vítimas Feridas";"Pleno dia";"Crescente";"Nublado";"Simples";"Interseção de Vias";"Não";7;0;0;3;3;2;3;4;-27,68636875;-53,30768108;"SPRF-RS";"DEL08-RS";"UOP02-DEL08-RS"
452899;2022-05-26;"quinta-feira";"04:10:00";"MT";70;157;"GENERAL CARNEIRO";"Ausência de reação do condutor";"Saída de leito carroçável";"Com Vítimas Feridas";"Amanhecer";"Decrescente";"Céu Claro";"Simples";"Reta";"Não";2;0;1;0;0;1;1;2;-15,563728;-53,436211;"SPRF-MT";"DEL05-MT";"UOP01-DEL05-MT"
452903;2022-05-30;"segunda-feira";"09:28:00";"RS";116;248,4;"SAO LEOPOLDO";"Condutor deixou de manter distância do veículo da frente";"Colisão traseira";"Com Vítimas Feridas";"Pleno dia";"Decrescente";"Nublado";"Dupla";"Reta";"Sim";24;0;3;0;21;0;3;2;-29,77605895;-51,15508618;"SPRF-RS";"DEL01-RS";"UOP02-DEL01-RS"