"id";"data_inversa";"dia_semana";"horario";"uf";"br";"km";"municipio";"causa_acidente";"tipo_acidente";"classificacao_acidente";"fase_dia";"sentido_via";"condicao_metereologica";"tipo_pista";"tracado_via";"uso_solo";"pessoas";"mortos";"feridos_leves";"feridos_graves";"ilesos";"ignorados";"feridos";"veiculos";"latitude";"longitude";"regional";"delegacia";"uop"
452904;2022-05-30;"segunda-feira";"09:25:00";"MG";381;485,5;"BETIM";"Ausência de reação do condutor";"Colisão com objeto";"Com Vítimas Feridas";"Pleno dia";"Decrescente";"Sol";"Múltipla";"Reta";"Sim";3;0;2;0;1;0;2;2;-19,95659361;-44,12622893;"SPRF-MG";"DEL01-MG";"UOP03-DEL01-MG"
452906;2022-05-30;"segunda-feira";"08:50:00";"PR";277;320;"GUARAPUAVA";"Ausência de reação do condutor";"Saída de leito carroçável";"Sem Vítimas";"Pleno dia";"Decrescente";"Chuva";"Dupla";"Aclive";"Não";2;0;0;0;1;1;0;2;-25,34744404;-51,22120097;"SPRF-PR";"DEL08-PR";"UOP01-DEL08-PR"
452908;2022-05-30;"segunda-feira";"09:40:00";"RS";158;266,3;"JULIO DE CASTILHOS";"Manobra de mudança de faixa";"Colisão lateral mesmo sentido";"Com Vítimas Feridas";"Pleno dia";"Decrescente";"Céu Claro";"Simples";"Reta";"Não";2;0;1;0;1;0;1;2;-29,25687399;-53,66485206;"SPRF-RS";"DEL09-RS";"UOP01-DEL09-RS"
452911;2022-05-30;"segunda-feira";"10:39:00";"SP";381;55;"MAIRIPORA";"Manobra de mudança de faixa";"Colisão lateral mesmo sentido";"Com Vítimas Feridas";"Pleno dia";"Crescente";"Nublado";"Simples";"Reta";"Sim";2;0;1;0;0;1;1;2;-23,25207404;-46,59480386;"SPRF-SP";"DEL03-SP";"UOP01-DEL03-SP"
452912;2022-05-30;"segunda-feira";"09:15:00";"PR";376;307,2;"MAUA DA SERRA";"Velocidade Incompatível";"Saída de leito carroçável";"Com Vítimas Feridas";"Pleno dia";"Decrescente";"Nublado";"Dupla";"Curva";"Não";2;0;1;0;0;1;1;2;-23,9743171;-51,1035821;"SPRF-PR";"DEL07-PR";"UOP02-DEL07-PR"
452926;2022-05-30;"segunda-feira";"11:15:00";"PR";277;5,1;"PARANAGUA";"Manobra de mudança de faixa";"Colisão lateral mesmo sentido";"Sem Vítimas";"Pleno dia";"Crescente";"Garoa/Chuvisco";"Dupla";"Reta;Aclive;Viaduto";"Sim";2;0;0;0;1;1;0;2;-25,526843;-48,527472;"SPRF-PR";"DEL01-PR";"UOP05-DEL01-PR"
452930;2022-05-30;"segunda-feira";"10:00:00";"GO";153;501,5;"GOIANIA";"Acessar a via sem observar a presença dos outros veículos";"Colisão traseira";"Com Vítimas Feridas";"Pleno dia";"Crescente";"Céu Claro";"Múltipla";"Reta";"Sim";4;0;1;0;2;2;1;4;-16,7189;-49,2382;"SPRF-GO";"DEL01-GO";"UOP01-DEL01-GO"
452932;2022-05-30;"segunda-feira";"01:00:00";"BA";30;344;"BRUMADO";"Transitar na contramão";"Colisão frontal";"Com Vítimas Fatais";"Plena Noite";"Decrescente";"Céu Claro";"Simples";"Reta";"Não";3;1;0;0;1;1;0;3;-14,2444866;-41,86861421;"SPRF-BA";"DEL08-BA";"UOP01-DEL08-BA"
452937;2022-05-30;"segunda-feira";"11:40:00";"PA";10;248;"AURORA DO PARA";"Reação tardia ou ineficiente do condutor";"Tombamento";"Com Vítimas Feridas";"Pleno dia";"Crescente";"Céu Claro";"Simples";"Reta";"Não";2;0;0;1;0;1;1;2;-2,26775401;-47,56308362;"SPRF-PA";"DEL02-PA";"UOP01-DEL02-PA"
452938;2022-05-30;"segunda-feira";"13:20:00";"SC";282;48;"AGUAS MORNAS";"Acumulo de óleo sobre o pavimento";"Colisão frontal";"Com Vítimas Feridas";"Pleno dia";"Decrescente";"Garoa/Chuvisco";"Simples";"Curva";"Não";6;0;0;4;1;1;4;3;-27,714352;-48,938072;"SPRF-SC";"DEL01-SC";"UOP03-DEL01-SC"
452939;2022-05-08;"domingo";"20:19:00";"GO";20;83;"VILA BOA";"Ausência de reação do condutor";"Colisão traseira";"Com Vítimas Feridas";"Plena Noite";"Crescente";"Céu Claro";"Simples";"Reta";"Não";3;0;1;1;1;0;2;2;-15,071345;-47,084877;"SPRF-DF";"DEL02-DF";"UOP01-DEL02-DF"
452941;2022-05-30;"segunda-feira";"13:30:00";"DF";60;1;"BRASILIA";"Manobra de mudança de faixa";"Colisão traseira";"Sem Vítimas";"Pleno dia";"Crescente";"Céu Claro";"Dupla";"Reta";"Sim";5;0;0;0;5;0;0;2;-15,885093;-48,068954;"SPRF-DF";"DEL03-DF";"UOP01-DEL03-DF"
452949;2022-05-30;"segunda-feira";"14:35:00";"MG";381;525,9;"BRUMADINHO";"Velocidade Incompatível";"Colisão com objeto";"Com Vítimas Fatais";"Pleno dia";"Crescente";"Céu Claro";"Dupla";"Curva;Declive";"Não";4;3;0;0;0;1;0;2;-20,16710798;-44,33422398;"SPRF-MG";"DEL04-MG";"UOP03-DEL04-MG"
452954;2022-05-30;"segunda-feira";"10:50:00";"SC";116;143,1;"SANTA CECILIA";"Manobra de mudança de faixa";"Colisão frontal";"Com Vítimas Fatais";"Pleno dia";"Decrescente";"Garoa/Chuvisco";"Simples";"Aclive;Curva;Interseção de Vias";"Não";4;1;0;2;1;0;2;2;-26,9852768;-50,3933149;"SPRF-SC";"DEL06-SC";"UOP02-DEL06-SC"
452958;2022-05-30;"segunda-feira";"14:50:00";"MG";381;802,1;"SAO GONCALO DO SAPUCAI";"Ausência de reação do condutor";"Colisão traseira";"Com Vítimas Feridas";"Pleno dia";"Decrescente";"Céu Claro";"Dupla";"Reta";"Não";4;0;1;0;2;3;1;6;-21,9452697;-45,62013745;"SPRF-MG";"DEL16-MG";"UOP02-DEL16-MG"
452961;2022-05-30;"segunda-feira";"15:45:00";"MT";158;653,7;"NOVA XAVANTINA";"Entrada inopinada do pedestre";"Atropelamento de Pedestre";"Com Vítimas Fatais";"Pleno dia";"Crescente";"Céu Claro";"Dupla";"Reta";"Sim";3;1;0;0;1;3;0;5;-14,677501;-52,35897;"SPRF-MT";"DEL07-MT";"UOP01-DEL07-MT"
452965;2022-05-30;"segunda-feira";"14:02:00";"MG";116;525;"CARATINGA";"Transitar no acostamento";"Colisão lateral mesmo sentido";"Com Vítimas Fatais";"Pleno dia";"Decrescente";"Sol";"Simples";"Curva;Retorno Regulamentado";"Sim";2;1;0;0;1;0;0;2;-19,75656618;-42,13282585;"SPRF-MG";"DEL06-MG";"UOP02-DEL06-MG"
452970;2022-05-30;"segunda-feira";"15:30:00";"SP";381;56;"MAIRIPORA";"Ausência de reação do condutor";"Colisão lateral mesmo sentido";"Sem Vítimas";"Pleno dia";"Decrescente";"Nublado";"Simples";"Reta;Declive";"Sim";3;0;0;0;2;1;0;3;-23,25907163;-46,58982662;"SPRF-SP";"DEL03-SP";"UOP01-DEL03-SP"
452974;2022-05-30;"segunda-feira";"15:30:00";"RJ";101;76;"CAMPOS DOS GOYTACAZES";"Transitar na contramão";"Colisão frontal";"Com Vítimas Fatais";"Pleno dia";"Decrescente";"Céu Claro";"Simples";"Reta";"Não";2;1;0;0;1;0;0;2;-21,82386209;-41,40230492;"SPRF-RJ";"DEL08-RJ";"UOP02-DEL08-RJ"
452980;2022-05-30;"segunda-feira";"17:40:00";"MG";381;497,3;"BETIM";"Manobra de mudança de faixa";"Colisão lateral mesmo sentido";"Com Vítimas Feridas";"Pleno dia";"Crescente";"Céu Claro";"Múltipla";"Reta;Declive";"Sim";3;0;3;0;0;0;3;2;-20,01172662;-44,21976041;"SPRF-MG";"DEL01-MG";"UOP03-DEL01-MG"
452981;2022-05-30;"segunda-feira";"18:15:00";"MG";251;476,5;"FRANCISCO SA";"Problema com o freio";"Incêndio";"Sem Vítimas";"Anoitecer";"Crescente";"Céu Claro";"Simples";"Reta;Aclive";"Não";2;0;0;0;1;11;0;12;-16,47033272;-43,47513494;"SPRF-MG";"DEL12-MG";"UOP01-DEL12-MG"
452991;2022-05-30;"segunda-feira";"15:55:00";"MG";262;66,8;"MATIPO";"Demais falhas na via";"Colisão frontal";"Com Vítimas Feridas";"Pleno dia";"Crescente";"Céu Claro";"Simples";"Curva";"Não";4;0;2;0;1;1;2;3;-20,30403972;-42,26009805;"SPRF-MG";"DEL06-MG";"UOP03-DEL06-MG"
453000;2022-04-11;"segunda-feira";"12:15:00";"MG";251;478,8;"FRANCISCO SA";"Chuva";"Saída de leito carroçável";"Com Vítimas Feridas";"Pleno dia";"Crescente";"Chuva";"Simples";"Reta";"Sim";7;0;1;4;1;2;5;5;-16,46906162;-43,49357156;"SPRF-MG";"DEL12-MG";"UOP01-DEL12-MG"
453013;2022-05-30;"segunda-feira";"13:30:00";"CE";222;345;"TIANGUA";"Velocidade Incompatível";"Saída de leito carroçável";"Sem Vítimas";"Pleno dia";"Crescente";"Céu Claro";"Simples";"Curva";"Não";1;0;0;0;1;0;0;1;-3,90831748;-41,20630772;"SPRF-CE";"DEL04-CE";"UOP02-DEL04-CE"
453016;2022-05-30;"segunda-feira";"19:40:00";"RS";158;314,1;"ITAARA";"Acessar a via sem observar a presença dos outros veículos";"Colisão transversal";"Com Vítimas Feridas";"Plena Noite";"Crescente";"Céu Claro";"Simples";"Curva;Interseção de Vias";"Não";3;0;0;1;1;1;1;3;-29,64559817;-53,75579238;"SPRF-RS";"DEL09-RS";"UOP01-DEL09-RS"
453022;2022-05-30;"segunda-feira";"18:30:00";"SE";101;110,2;"SAO CRISTOVAO";"Condutor deixou de manter distância do veículo da frente";"Colisão traseira";"Com Vítimas Fatais";"Plena Noite";"Crescente";"Chuva";"Dupla";"Curva";"Não";3;1;0;1;1;0;1;2;-10,98417027;-37,29054761;"SPRF-SE";"DEL02-SE";"UOP01-DEL02-SE"
453024;2022-05-30;"segunda-feira";"19:15:00";"BA";407;141,1;"SENHOR DO BONFIM";"Acessar a via sem observar a presença dos outros veículos";"Colisão transversal";"Com Vítimas Feridas";"Pleno dia";"Crescente";"Céu Claro";"Simples";"Reta";"Não";2;0;0;1;1;0;1;2;-10,57803701;-40,13477808;"SPRF-BA";"DEL04-BA";"UOP01-DEL04-BA"
453027;2022-05-30;"segunda-feira";"18:40:00";"MG";40;89;"PARACATU";"Reação tardia ou ineficiente do condutor";"Colisão traseira";"Com Vítimas Feridas";"Anoitecer";"Decrescente";"Céu Claro";"Simples";"Reta;Aclive";"Não";2;0;0;1;1;0;1;2;-17,49728092;-46,58483698;"SPRF-MG";"DEL14-MG";"UOP01-DEL14-MG"
453033;2022-05-30;"segunda-feira";"17:30:00";"PR";158;525,9;"PATO BRANCO";"Transitar na contramão";"Colisão frontal";"Com Vítimas Feridas";"Anoitecer";"Crescente";"Nublado";"Simples";"Curva";"Não";3;0;0;1;1;1;1;3;-26,162378;-52,66389;"SPRF-PR";"DEL02-PR";"UOP01-DEL02-PR"
453039;2022-05-30;"segunda-feira";"19:00:00";"MG";116;493,9;"INHAPIM";"Reação tardia ou ineficiente do condutor";"Colisão transversal";"Com Vítimas Feridas";"Plena Noite";"Decrescente";"Nublado";"Simples";"Reta";"Não";3;0;2;0;1;0;2;2;-19,50119606;-42,12776218;"SPRF-MG";"DEL06-MG";"UOP02-DEL06-MG"
453040;2022-05-30;"segunda-feira";"21:25:00";"SC";470;125,1;"LONTRAS";"Ingestão de álcool pelo condutor";"Colisão frontal";"Com Vítimas Feridas";"Plena Noite";"Crescente";"Nublado";"Simples";"Aclive;Reta";"Sim";3;0;2;0;1;0;2;2;-27,120506;-49,534946;"SPRF-SC";"DEL04-SC";"UOP02-DEL04-SC"
453044;2022-05-30;"segunda-feira";"18:00:00";"MT";158;552,3;"AGUA BOA";"Pista em desnível";"Tombamento";"Com Vítimas Feridas";"Plena Noite";"Crescente";"Céu Claro";"Simples";"Aclive";"Não";2;0;1;0;0;2;1;3;-13,92829513;-52,09720965;"SPRF-MT";"DEL07-MT";"UOP02-DEL07-MT"
453047;2022-05-30;"segunda-feira";"23:00:00";"SP";116;509;"CAJATI";"Reação tardia ou ineficiente do condutor";"Eventos atípicos";"Com Vítimas Feridas";"Plena Noite";"Crescente";"Chuva";"Simples";"Curva";"Não";2;0;1;0;0;1;1;2;-24,82178987;-48,21419034;"SPRF-SP";"DEL05-SP";"UOP02-DEL05-SP"
453048;2022-05-31;"terça-feira";"01:00:00";"MG";381;791,7;"SAO GONCALO DO SAPUCAI";"Velocidade Incompatível";"Tombamento";"Com Vítimas Feridas";"Plena Noite";"Crescente";"Nublado";"Dupla";"Curva";"Não";2;0;1;0;0;1;1;2;-21,91931581;-45,59934602;"SPRF-MG";"DEL16-MG";"UOP02-DEL16-MG"
453049;2022-05-31;"terça-feira";"01:46:00";"PR";116;126,6;"FAZENDA RIO GRANDE";"Ingestão de álcool pelo condutor";"Colisão traseira";"Sem Vítimas";"Plena Noite";"Decrescente";"Céu Claro";"Dupla";"Interseção de Vias;Reta";"Sim";7;0;0;0;6;1;0;4;-25,641481;-49,312818;"SPRF-PR";"DEL01-PR";"UOP03-DEL01-PR"
453050;2022-05-31;"terça-feira";"02:35:00";"SP";381;66,4;"MAIRIPORA";"Ausência de reação do condutor";"Colisão traseira";"Com Vítimas Fatais";"Plena Noite";"Crescente";"Chuva";"Dupla";"Reta";"Sim";3;1;0;0;1;1;0;3;-23,32451103;-46,58021504;"SPRF-SP";"DEL03-SP";"UOP01-DEL03-SP"
453051;2022-05-31;"terça-feira";"04:00:00";"SP";116;113,2;"TAUBATE";"Condutor Dormindo";"Tombamento";"Com Vítimas Feridas";"Plena Noite";"Decrescente";"Chuva";"Dupla";"Reta";"Não";2;0;1;0;0;1;1;2;-23,0440828;-45,58041405;"SPRF-SP";"DEL02-SP";"UOP02-DEL02-SP"
453053;2022-05-31;"terça-feira";"04:12:00";"MG";262;825;"UBERABA";"Condutor Dormindo";"Capotamento";"Com Vítimas Feridas";"Plena Noite";"Crescente";"Céu Claro";"Dupla";"Reta";"Não";2;0;1;0;0;1;1;2;-19,75377742;-48,16593111;"SPRF-MG";"DEL13-MG";"UOP01-DEL13-MG"
453059;2022-05-31;"terça-feira";"06:40:00";"RS";386;434;"NOVA SANTA RITA";"Velocidade Incompatível";"Colisão traseira";"Com Vítimas Feridas";"Amanhecer";"Decrescente";"Céu Claro";"Dupla";"Reta";"Sim";3;0;0;1;1;1;1;3;-29,843979;-51,283891;"SPRF-RS";"DEL04-RS";"UOP02-DEL04-RS"
453063;2022-05-31;"terça-feira";"06:45:00";"SC";101;127;"ITAJAI";"Condutor deixou de manter distância do veículo da frente";"Colisão traseira";"Com Vítimas Feridas";"Pleno dia";"Crescente";"Nublado";"Dupla";"Reta";"Não";2;0;1;0;1;0;1;2;-26,9639319;-48,68328024;"SPRF-SC";"DEL04-SC";"UOP04-DEL04-SC"
453065;2022-05-30;"segunda-feira";"18:15:00";"MG";365;799;"GURINHATA";"Acessar a via sem observar a presença dos outros veículos";"Colisão traseira";"Com Vítimas Feridas";"Anoitecer";"Crescente";"Céu Claro";"Simples";"Reta";"Não";3;0;2;0;0;1;2;3;-18,90985926;-49,89852905;"SPRF-MG";"DEL15-MG";"UOP03-DEL15-MG"
453069;2022-05-31;"terça-feira";"07:00:00";"MT";70;514;"VARZEA GRANDE";"Ausência de reação do condutor";"Colisão transversal";"Com Vítimas Feridas";"Pleno dia";"Crescente";"Nublado";"Simples";"Reta";"Sim";4;0;1;1;1;2;2;4;-15,7061208;-56,13222068;"SPRF-MT";"DEL01-MT";"UOP02-DEL01-MT"
453073;2022-05-31;"terça-feira";"06:00:00";"BA";101;760,5;"ITABELA";"Neblina";"Engavetamento";"Com Vítimas Feridas";"Pleno dia";"Decrescente";"Nevoeiro/Neblina";"Simples";"Reta";"Não";11;0;5;2;4;0;7;5;-16,83633493;-39,48731411;"SPRF-BA";"DEL09-BA";"UOP01-DEL09-BA"
453076;2022-05-31;"terça-feira";"08:39:00";"GO";153;367;"JARAGUA";"Ultrapassagem Indevida";"Colisão traseira";"Com Vítimas Feridas";"Pleno dia";"Crescente";"Céu Claro";"Simples";"Desvio Temporário;Aclive;Em Obras;Reta";"Não";7;0;1;0;5;2;1;5;-15,807127;-49,296074;"SPRF-GO";"DEL02-GO";"UOP02-DEL02-GO"
453081;2022-05-31;"terça-feira";"08:30:00";"RJ";116;178;"NOVA IGUACU";"Condutor Dormindo";"Colisão traseira";"Sem Vítimas";"Pleno dia";"Crescente";"Céu Claro";"Dupla";"Reta";"Sim";2;0;0;0;2;0;0;2;-22,77496393;-43,40081465;"SPRF-RJ";"DEL01-RJ";"UOP02-DEL01-RJ"
453083;2022-05-31;"terça-feira";"05:20:00";"MG";262;501,3;"LUZ";"Condutor Dormindo";"Saída de leito carroçável";"Com Vítimas Feridas";"Amanhecer";"Decrescente";"Ignorado";"Simples";"Reta";"Não";2;0;0;1;0;1;1;2;-19,78308703;-45,446426;"SPRF-MG";"DEL08-MG";"UOP03-DEL08-MG"
453090;2022-05-31;"terça-feira";"09:30:00";"SC";280;7;"SAO FRANCISCO DO SUL";"Acessar a via sem observar a presença dos outros veículos";"Colisão transversal";"Com Vítimas Feridas";"Pleno dia";"Decrescente";"Nublado";"Simples";"Rotatória";"Não";3;0;1;0;2;0;1;2;-26,27017365;-48,64059448;"SPRF-SC";"DEL03-SC";"UOP03-DEL03-SC"
453092;2022-05-23;"segunda-feira";"20:00:00";"MS";262;521;"AQUIDAUANA";"Demais falhas mecânicas ou elétricas";"Incêndio";"Sem Vítimas";"Plena Noite";"Crescente";"Ignorado";"Simples";"Reta";"Não";2;0;0;0;1;1;0;2;-20,40192322;-56,08028022;"SPRF-MS";"DEL03-MS";"UOP01-DEL03-MS"
453099;2022-05-31;"terça-feira";"09:10:00";"SP";116;228;"SAO PAULO";"Ausência de reação do condutor";"Colisão com objeto";"Sem Vítimas";"Pleno dia";"Crescente";"Garoa/Chuvisco";"Dupla";"Reta";"Não";2;0;0;0;1;1;0;2;-23,50343484;-46,56638712;"SPRF-SP";"DEL01-SP";"UOP01-DEL01-SP"
453108;2022-05-31;"terça-feira";"11:25:00";"PE";423;114,6;"PARANATAMA";"Condutor deixou de manter distância do veículo da frente";"Colisão traseira";"Com Vítimas Feridas";"Pleno dia";"Crescente";"Nublado";"Simples";"Reta";"Não";3;0;1;0;1;1;1;3;-8,8998297;-36,64277108;"SPRF-PE";"DEL03-PE";"UOP01-DEL03-PE"
453116;2022-05-31;"terça-feira";"05:30:00";"MG";381;243;"SANTANA DO PARAISO";"Neblina";"Colisão lateral sentido oposto";"Com Vítimas Feridas";"Pleno dia";"Crescente";"Céu Claro";"Simples";"Reta";"Não";5;0;2;0;2;1;2;3;-19,4362998;-42,50986437;"SPRF-MG";"DEL06-MG";"UOP01-DEL06-MG"
453121;2022-05-31;"terça-feira";"13:15:00";"SC";101;201,9;"SAO JOSE";"Condutor Dormindo";"Colisão traseira";"Com Vítimas Feridas";"Pleno dia";"Crescente";"Nublado";"Múltipla";"Reta";"Sim";2;0;1;0;1;0;1;2;-27,55667755;-48,61912608;"SPRF-SC";"DEL01-SC";"UOP01-DEL01-SC"
453122;2022-05-31;"terça-feira";"12:30:00";"RO";364;196;"PIMENTA BUENO";"Estacionar ou parar em local proibido";"Colisão lateral mesmo sentido";"Com Vítimas Feridas";"Pleno dia";"Crescente";"Sol";"Simples";"Reta";"Sim";2;0;0;1;1;0;1;2;-11,68671732;-61,18347731;"SPRF-RO";"DEL02-RO";"UOP02-DEL02-RO"
453126;2022-05-31;"terça-feira";"14:00:00";"RS";116;152,9;"CAXIAS DO SUL";"Semáforo com defeito";"Colisão transversal";"Com Vítimas Feridas";"Pleno dia";"Decrescente";"Sol";"Dupla";"Interseção de Vias";"Sim";2;0;0;1;1;0;1;2;-29,1829343;-51,16801501;"SPRF-RS";"DEL05-RS";"UOP01-DEL05-RS"
453127;2022-05-31;"terça-feira";"14:40:00";"RS";392;67;"PELOTAS";"Desrespeitar a preferência no cruzamento";"Colisão transversal";"Com Vítimas Feridas";"Pleno dia";"Decrescente";"Sol";"Simples";"Interseção de Vias";"Sim";3;0;1;0;1;1;1;3;-31,75709532;-52,39980728;"SPRF-RS";"DEL07-RS";"UOP01-DEL07-RS"
453129;2022-05-31;"terça-feira";"14:05:00";"RJ";356;64;"ITALVA";"Curva acentuada";"Tombamento";"Com Vítimas Feridas";"Pleno dia";"Decrescente";"Sol";"Simples";"Declive";"Não";2;0;1;0;0;2;1;3;-21,36534293;-41,70754158;"SPRF-RJ";"DEL08-RJ";"UOP03-DEL08-RJ"
453131;2022-05-31;"terça-feira";"09:14:00";"SP";116;545,8;"BARRA DO TURVO";"Ausência de reação do condutor";"Colisão com objeto";"Com Vítimas Fatais";"Pleno dia";"Crescente";"Chuva";"Dupla";"Curva";"Não";1;1;0;0;0;0;0;1;-24,95016699;-48,42400302;"SPRF-SP";"DEL05-SP";"UOP02-DEL05-SP"
453136;2022-05-31;"terça-feira";"14:15:00";"SE";101;118;"ITAPORANGA DAJUDA";"Demais falhas mecânicas ou elétricas";"Atropelamento de Pedestre";"Com Vítimas Feridas";"Pleno dia";"Decrescente";"Chuva";"Dupla";"Reta";"Não";3;0;0;2;0;1;2;3;-11,02305584;-37,3262491;"SPRF-SE";"DEL02-SE";"UOP01-DEL02-SE"
453142;2022-05-31;"terça-feira";"15:40:00";"SC";282;531;"CORDILHEIRA ALTA";"Ingestão de álcool pelo condutor";"Saída de leito carroçável";"Sem Vítimas";"Pleno dia";"Decrescente";"Céu Claro";"Dupla";"Curva";"Sim";2;0;0;0;1;1;0;2;-26,98676;-52,605201;"SPRF-SC";"DEL07-SC";"UOP01-DEL07-SC"
453145;2022-05-31;"terça-feira";"17:10:00";"SP";116;385,9;"MIRACATU";"Reação tardia ou ineficiente do condutor";"Saída de leito carroçável";"Com Vítimas Feridas";"Anoitecer";"Decrescente";"Chuva";"Dupla";"Curva";"Não";2;0;1;0;0;2;1;3;-24,254993;-47,375412;"SPRF-SP";"DEL04-SP";"UOP02-DEL04-SP"
453147;2022-05-31;"terça-feira";"17:30:00";"ES";101;296;"CARIACICA";"Manobra de mudança de faixa";"Colisão transversal";"Com Vítimas Feridas";"Plena Noite";"Crescente";"Céu Claro";"Simples";"Reta";"Sim";3;0;2;0;0;1;2;3;-20,34029997;-40,40405712;"SPRF-ES";"DEL01-ES";"UOP01-DEL01-ES"
453157;2022-05-31;"terça-feira";"14:45:00";"PR";280;270,9;"FLOR DA SERRA DO SUL";"Velocidade Incompatível";"Saída de leito carroçável";"Com Vítimas Feridas";"Pleno dia";"Crescente";"Nublado";"Simples";"Curva";"Não";2;0;1;0;0;1;1;2;-26,22293196;-53,13957999;"SPRF-PR";"DEL02-PR";"UOP01-DEL02-PR"
453165;2022-02-20;"domingo";"20:45:00";"MG";153;143;"PRATA";"Condutor deixou de manter distância do veículo da frente";"Colisão traseira";"Com Vítimas Fatais";"Plena Noite";"Crescente";"Céu Claro";"Simples";"Reta";"Não";3;1;0;0;1;1;0;3;-19,60003816;-48,83435726;"SPRF-MG";"DEL15-MG";"UOP03-DEL15-MG"
453176;2022-05-31;"terça-feira";"18:45:00";"SC";282;51;"RANCHO QUEIMADO";"Acumulo de óleo sobre o pavimento";"Colisão frontal";"Com Vítimas Feridas";"Plena Noite";"Decrescente";"Nevoeiro/Neblina";"Simples";"Curva";"Não";3;0;0;2;1;0;2;2;-27,703712;-48,959267;"SPRF-SC";"DEL01-SC";"UOP03-DEL01-SC"
453177;2022-05-31;"terça-feira";"18:50:00";"GO";60;123,5;"TEREZOPOLIS DE GOIAS";"Demais falhas mecânicas ou elétricas";"Saída de leito carroçável";"Com Vítimas Feridas";"Plena Noite";"Crescente";"Céu Claro";"Dupla";"Declive";"Não";2;0;2;0;0;0;2;1;-16,521561;-49,128334;"SPRF-GO";"DEL01-GO";"UOP01-DEL01-GO"
453179;2022-05-31;"terça-feira";"18:30:00";"RJ";101;141,3;"MACAE";"Condutor Dormindo";"Colisão traseira";"Com Vítimas Feridas";"Plena Noite";"Decrescente";"Nublado";"Dupla";"Reta";"Não";6;0;1;0;3;2;1;4;-22,18778801;-41,74779008;"SPRF-RJ";"DEL08-RJ";"UOP04-DEL08-RJ"
453182;2022-05-31;"terça-feira";"19:00:00";"PE";428;189,7;"PETROLINA";"Condutor desrespeitou a iluminação vermelha do semáforo";"Colisão transversal";"Sem Vítimas";"Plena Noite";"Crescente";"Céu Claro";"Dupla";"Retorno Regulamentado";"Sim";3;0;0;0;2;1;0;3;-9,3779122;-40,50412509;"SPRF-PE";"DEL06-PE";"UOP01-DEL06-PE"
453183;2022-05-31;"terça-feira";"18:55:00";"RS";101;53,1;"TERRA DE AREIA";"Acessar a via sem observar a presença dos outros veículos";"Colisão transversal";"Com Vítimas Feridas";"Plena Noite";"Crescente";"Nublado";"Dupla";"Reta";"Não";4;0;0;1;1;2;1;4;-29,63086099;-50,10144414;"SPRF-RS";"DEL03-RS";"UOP02-DEL03-RS"
453189;2022-05-31;"terça-feira";"19:30:00";"RS";290;92,5;"PORTO ALEGRE";"Reação tardia ou ineficiente do condutor";"Colisão traseira";"Com Vítimas Feridas";"Plena Noite";"Decrescente";"Céu Claro";"Múltipla";"Viaduto";"Sim";3;0;0;1;2;0;1;3;-29,971916;-51,176838;"SPRF-RS";"DEL01-RS";"UOP01-DEL01-RS"
453194;2022-05-31;"terça-feira";"18:30:00";"MG";40;422;"CURVELO";"Reação tardia ou ineficiente do condutor";"Saída de leito carroçável";"Com Vítimas Feridas";"Plena Noite";"Crescente";"Céu Claro";"Simples";"Reta";"Não";1;0;1;0;0;0;1;1;-19,15372286;-44,54767401;"SPRF-MG";"DEL02-MG";"UOP01-DEL02-MG"
453195;2022-05-31;"terça-feira";"21:20:00";"MG";381;484;"BETIM";"Velocidade Incompatível";"Engavetamento";"Com Vítimas Feridas";"Plena Noite";"Crescente";"Céu Claro";"Dupla";"Reta;Declive";"Sim";6;0;1;0;4;1;1;4;-19,95531843;-44,1160512;"SPRF-MG";"DEL01-MG";"UOP03-DEL01-MG"
453197;2022-05-31;"terça-feira";"20:00:00";"BA";116;651;"JEQUIE";"Condutor deixou de manter distância do veículo da frente";"Colisão traseira";"Com Vítimas Feridas";"Plena Noite";"Crescente";"Céu Claro";"Simples";"Curva";"Não";3;0;2;0;1;0;2;2;-13,61963102;-40,09194573;"SPRF-BA";"DEL03-BA";"UOP01-DEL03-BA"
453202;2022-05-31;"terça-feira";"22:15:00";"SC";101;115,2;"ITAJAI";"Reação tardia ou ineficiente do condutor";"Tombamento";"Com Vítimas Feridas";"Plena Noite";"Decrescente";"Chuva";"Múltipla";"Reta";"Não";2;0;1;0;0;1;1;2;-26,87064015;-48,72954134;"SPRF-SC";"DEL04-SC";"UOP04-DEL04-SC"
453205;2022-05-31;"terça-feira";"17:00:00";"RS";472;453,8;"ITAQUI";"Ultrapassagem Indevida";"Tombamento";"Com Vítimas Feridas";"Anoitecer";"Crescente";"Sol";"Simples";"Reta";"Não";2;0;1;0;0;1;1;2;-29,03564928;-56,21018071;"SPRF-RS";"DEL12-RS";"UOP01-DEL12-RS"
453209;2022-05-31;"terça-feira";"22:00:00";"SC";282;116;"ALFREDO WAGNER";"Velocidade Incompatível";"Colisão frontal";"Com Vítimas Feridas";"Plena Noite";"Crescente";"Chuva";"Simples";"Curva";"Não";4;0;1;0;1;2;1;4;-27,755424;-49,39444;"SPRF-SC";"DEL01-SC";"UOP03-DEL01-SC"
453210;2022-05-31;"terça-feira";"20:30:00";"PE";232;458;"MIRANDIBA";"Condutor Dormindo";"Tombamento";"Sem Vítimas";"Plena Noite";"Decrescente";"Ignorado";"Simples";"Reta";"Não";1;0;0;0;1;0;0;1;-8,021237;-38,710278;"SPRF-PE";"DEL05-PE";"UOP01-DEL05-PE"