"id";"data_inversa";"dia_semana";"horario";"uf";"br";"km";"municipio";"causa_acidente";"tipo_acidente";"classificacao_acidente";"fase_dia";"sentido_via";"condicao_metereologica";"tipo_pista";"tracado_via";"uso_solo";"pessoas";"mortos";"feridos_leves";"feridos_graves";"ilesos";"ignorados";"feridos";"veiculos";"latitude";"longitude";"regional";"delegacia";"uop"
453214;2022-05-31;"terça-feira";"10:30:00";"MA";135;118,5;"MIRANDA DO NORTE";"Condutor deixou de manter distância do veículo da frente";"Colisão traseira";"Sem Vítimas";"Pleno dia";"Decrescente";"Sol";"Simples";"Reta";"Sim";6;0;0;0;5;7;0;12;-3,50268905;-44,54623388;"SPRF-MA";"DEL01-MA";"UOP02-DEL01-MA"
453218;2022-06-01;"quarta-feira";"03:50:00";"MS";163;610,9;"SAO GABRIEL DO OESTE";"Neblina";"Colisão lateral sentido oposto";"Com Vítimas Feridas";"Plena Noite";"Decrescente";"Nevoeiro/Neblina";"Simples";"Reta";"Não";4;0;2;0;1;2;2;4;-19,423867;-54,546654;"SPRF-MS";"DEL06-MS";"UOP02-DEL06-MS"
453226;2022-06-01;"quarta-feira";"06:35:00";"SP";116;288;"ITAPECERICA DA SERRA";"Acessar a via sem observar a presença dos outros veículos";"Colisão lateral mesmo sentido";"Com Vítimas Feridas";"Pleno dia";"Crescente";"Chuva";"Múltipla";"Retorno Regulamentado";"Não";3;0;1;0;2;0;1;2;-23,719254;-46,883144;"SPRF-SP";"DEL04-SP";"UOP01-DEL04-SP"
453227;2022-06-01;"quarta-feira";"05:30:00";"PR";369;414,2;"JURANDA";"Manobra de mudança de faixa";"Colisão lateral sentido oposto";"Com Vítimas Feridas";"Plena Noite";"Decrescente";"Nublado";"Simples";"Reta;Declive";"Não";4;0;0;1;1;4;1;6;-24,3535;-52,7415;"SPRF-PR";"DEL04-PR";"UOP03-DEL04-PR"
453230;2022-06-01;"quarta-feira";"06:00:00";"SE";101;169;"SANTA LUZIA DO ITANHY";"Ingestão de álcool pelo condutor";"Colisão frontal";"Sem Vítimas";"Pleno dia";"Crescente";"Céu Claro";"Simples";"Reta;Aclive";"Não";3;0;0;0;1;3;0;4;-11,32222845;-37,55958296;"SPRF-SE";"DEL02-SE";"UOP01-DEL02-SE"
453231;2022-06-01;"quarta-feira";"00:12:00";"RR";174;179;"RORAINOPOLIS";"Pista esburacada";"Tombamento";"Com Vítimas Feridas";"Plena Noite";"Crescente";"Chuva";"Simples";"Reta";"Não";1;0;0;1;0;0;1;1;0,654319;-60,452583;"SPRF-RR";"DEL01-RR";"UOP01-DEL01-RR"
453233;2022-06-01;"quarta-feira";"07:05:00";"ES";101;261,2;"SERRA";"Manobra de mudança de faixa";"Saída de leito carroçável";"Com Vítimas Feridas";"Pleno dia";"Crescente";"Sol";"Dupla";"Reta";"Sim";2;0;1;0;1;0;1;2;-20,14854215;-40,27970926;"SPRF-ES";"DEL02-ES";"UOP01-DEL02-ES"
453258;2022-06-01;"quarta-feira";"09:40:00";"PR";116;30;"CAMPINA GRANDE DO SUL";"Ausência de reação do condutor";"Saída de leito carroçável";"Com Vítimas Feridas";"Pleno dia";"Crescente";"Chuva";"Dupla";"Curva";"Não";2;0;1;0;0;1;1;2;-25,10003092;-48,82089801;"SPRF-PR";"DEL01-PR";"UOP02-DEL01-PR"
453267;2022-06-01;"quarta-feira";"10:50:00";"PR";376;312,3;"ORTIGUEIRA";"Manobra de mudança de faixa";"Colisão frontal";"Com Vítimas Feridas";"Pleno dia";"Crescente";"Chuva";"Simples";"Reta";"Não";3;0;1;0;1;1;1;3;-24,00368888;-51,0873362;"SPRF-PR";"DEL07-PR";"UOP02-DEL07-PR"
453269;2022-06-01;"quarta-feira";"10:45:00";"SP";116;511;"CAJATI";"Reação tardia ou ineficiente do condutor";"Saída de leito carroçável";"Com Vítimas Feridas";"Pleno dia";"Crescente";"Chuva";"Simples";"Curva";"Não";2;0;1;0;0;1;1;2;-24,83558399;-48,2223738;"SPRF-SP";"DEL05-SP";"UOP02-DEL05-SP"
453271;2022-06-01;"quarta-feira";"12:00:00";"PR";476;84;"BOCAIUVA DO SUL";"Velocidade Incompatível";"Tombamento";"Com Vítimas Feridas";"Pleno dia";"Crescente";"Nublado";"Simples";"Curva";"Não";2;0;0;1;0;2;1;3;-25,152304;-49,110638;"SPRF-PR";"DEL01-PR";"UOP01-DEL01-PR"
453273;2022-06-01;"quarta-feira";"09:15:00";"RJ";40;38;"AREAL";"Velocidade Incompatível";"Tombamento";"Com Vítimas Feridas";"Pleno dia";"Decrescente";"Céu Claro";"Dupla";"Curva";"Sim";2;0;1;0;0;1;1;2;-22,22937158;-43,11951399;"SPRF-RJ";"DEL05-RJ";"UOP02-DEL05-RJ"
453278;2022-06-01;"quarta-feira";"12:50:00";"SP";116;230;"SAO PAULO";"Manobra de mudança de faixa";"Colisão lateral mesmo sentido";"Com Vítimas Feridas";"Pleno dia";"Decrescente";"Céu Claro";"Múltipla";"Reta";"Sim";5;0;1;0;3;1;1;4;-23,52251783;-46,5855702;"SPRF-SP";"DEL01-SP";"UOP01-DEL01-SP"
453279;2022-01-17;"segunda-feira";"20:00:00";"CE";116;495,4;"BREJO SANTO";"Pista esburacada";"Colisão lateral sentido oposto";"Com Vítimas Feridas";"Plena Noite";"Crescente";"Nublado";"Simples";"Reta";"Não";6;0;4;1;1;0;5;3;-7,428415;-38,970452;"SPRF-CE";"DEL05-CE";"UOP03-DEL05-CE"
453283;2022-06-01;"quarta-feira";"13:20:00";"RJ";101;400;"ITAGUAI";"Manobra de mudança de faixa";"Colisão traseira";"Sem Vítimas";"Pleno dia";"Crescente";"Céu Claro";"Dupla";"Reta";"Sim";5;0;0;0;5;0;0;2;-22,8483707;-43,76952338;"SPRF-RJ";"DEL03-RJ";"UOP01-DEL03-RJ"
453284;2022-06-01;"quarta-feira";"12:04:00";"BA";116;377,8;"SANTA BARBARA";"Reação tardia ou ineficiente do condutor";"Colisão lateral sentido oposto";"Com Vítimas Feridas";"Pleno dia";"Crescente";"Céu Claro";"Simples";"Reta";"Não";5;0;1;0;3;2;1;5;-11,82301514;-38,97585349;"SPRF-BA";"DEL02-BA";"UOP01-DEL02-BA"
453285;2022-06-01;"quarta-feira";"13:45:00";"SC";101;207,3;"SAO JOSE";"Manobra de mudança de faixa";"Colisão lateral mesmo sentido";"Com Vítimas Feridas";"Pleno dia";"Crescente";"Chuva";"Dupla";"Reta";"Sim";3;0;1;0;1;1;1;3;-27,60001226;-48,6226467;"SPRF-SC";"DEL01-SC";"UOP01-DEL01-SC"
453289;2022-05-11;"quarta-feira";"16:40:00";"PE";101;26;"MORENO";"Acessar a via sem observar a presença dos outros veículos";"Saída de leito carroçável";"Com Vítimas Feridas";"Pleno dia";"Crescente";"Nublado";"Dupla";"Reta";"Não";3;0;1;0;2;0;1;2;-8,114424;-35,125227;"SPRF-PE";"DEL01-PE";"UOP02-DEL01-PE"
453293;2022-06-01;"quarta-feira";"12:30:00";"RJ";101;537;"PARATY";"Conversão proibida";"Colisão lateral mesmo sentido";"Com Vítimas Feridas";"Pleno dia";"Crescente";"Céu Claro";"Simples";"Reta";"Sim";3;0;1;0;2;0;1;2;-23,04205934;-44,57003488;"SPRF-RJ";"DEL03-RJ";"UOP04-DEL03-RJ"
453298;2022-06-01;"quarta-feira";"15:20:00";"MG";40;551;"NOVA LIMA";"Ausência de reação do condutor";"Saída de leito carroçável";"Com Vítimas Feridas";"Pleno dia";"Decrescente";"Céu Claro";"Dupla";"Curva";"Sim";2;0;0;2;0;0;2;1;-20,05411435;-43,97101875;"SPRF-MG";"DEL01-MG";"UOP02-DEL01-MG"
453299;2022-06-01;"quarta-feira";"13:10:00";"MT";364;21,2;"ALTO ARAGUAIA";"Reação tardia ou ineficiente do condutor";"Tombamento";"Com Vítimas Feridas";"Pleno dia";"Decrescente";"Sol";"Simples";"Curva";"Não";2;0;1;0;0;2;1;3;-17,21164075;-53,35544586;"SPRF-MT";"DEL02-MT";"UOP02-DEL02-MT"
453300;2022-06-01;"quarta-feira";"15:30:00";"SP";116;146,7;"SAO JOSE DOS CAMPOS";"Manobra de mudança de faixa";"Colisão lateral mesmo sentido";"Com Vítimas Feridas";"Pleno dia";"Crescente";"Nublado";"Múltipla";"Reta";"Sim";4;0;2;0;2;0;2;2;-23,19122919;-45,86327591;"SPRF-SP";"DEL02-SP";"UOP01-DEL02-SP"
453302;2022-06-01;"quarta-feira";"15:30:00";"DF";60;8,5;"BRASILIA";"Ausência de reação do condutor";"Saída de leito carroçável";"Com Vítimas Feridas";"Pleno dia";"Crescente";"Céu Claro";"Dupla";"Reta";"Sim";2;0;2;0;0;0;2;1;-15,90324;-48,130695;"SPRF-DF";"DEL03-DF";"UOP01-DEL03-DF"
453303;2022-06-01;"quarta-feira";"16:00:00";"BA";410;2;"RIBEIRA DO POMBAL";"Condutor deixou de manter distância do veículo da frente";"Colisão traseira";"Com Vítimas Feridas";"Pleno dia";"Decrescente";"Céu Claro";"Simples";"Aclive";"Não";2;0;1;0;1;0;1;2;-10,82458399;-38,54504201;"SPRF-BA";"DEL07-BA";"UOP02-DEL07-BA"
453304;2022-06-01;"quarta-feira";"14:20:00";"RJ";101;293;"ITABORAI";"Acessar a via sem observar a presença dos outros veículos";"Colisão lateral mesmo sentido";"Com Vítimas Feridas";"Pleno dia";"Decrescente";"Céu Claro";"Dupla";"Curva";"Sim";2;0;1;0;1;0;1;2;-22,756203;-42,88724;"SPRF-RJ";"DEL02-RJ";"UOP02-DEL02-RJ"
453306;2022-06-01;"quarta-feira";"16:40:00";"PR";476;146;"CURITIBA";"Acesso irregular";"Colisão com objeto";"Com Vítimas Feridas";"Pleno dia";"Decrescente";"Chuva";"Dupla";"Declive";"Sim";3;0;1;0;0;3;1;4;-25,551186;-49,330109;"SPRF-PR";"DEL01-PR";"UOP03-DEL01-PR"
453331;2022-06-01;"quarta-feira";"17:50:00";"BA";101;876;"TEIXEIRA DE FREITAS";"Acessar a via sem observar a presença dos outros veículos";"Colisão transversal";"Com Vítimas Fatais";"Anoitecer";"Crescente";"Céu Claro";"Simples";"Reta";"Sim";3;1;0;0;2;0;0;2;-17,5322786;-39,71176029;"SPRF-BA";"DEL09-BA";"UOP02-DEL09-BA"
453335;2022-06-01;"quarta-feira";"17:45:00";"GO";60;397;"RIO VERDE";"Ausência de reação do condutor";"Colisão lateral mesmo sentido";"Com Vítimas Feridas";"Pleno dia";"Decrescente";"Céu Claro";"Dupla";"Reta";"Não";3;0;1;0;1;1;1;3;-17,8235;-51,0254;"SPRF-GO";"DEL04-GO";"UOP01-DEL04-GO"
453336;2022-06-01;"quarta-feira";"12:20:00";"MS";158;32;"PARANAIBA";"Reação tardia ou ineficiente do condutor";"Saída de leito carroçável";"Sem Vítimas";"Pleno dia";"Decrescente";"Sol";"Simples";"Reta";"Não";2;0;0;0;1;2;0;3;-19,25426123;-51,50664339;"SPRF-MS";"DEL08-MS";"UOP01-DEL08-MS"
453341;2022-06-01;"quarta-feira";"18:30:00";"PR";476;134;"CURITIBA";"Chuva";"Queda de ocupante de veículo";"Com Vítimas Fatais";"Anoitecer";"Crescente";"Chuva";"Dupla";"Reta";"Sim";3;1;0;0;1;1;0;3;-25,476524;-49,259937;"SPRF-PR";"DEL01-PR";"UOP03-DEL01-PR"
453344;2022-06-01;"quarta-feira";"18:20:00";"SC";470;140,4;"RIO DO SUL";"Reação tardia ou ineficiente do condutor";"Engavetamento";"Sem Vítimas";"Plena Noite";"Decrescente";"Garoa/Chuvisco";"Simples";"Reta";"Sim";3;0;0;0;3;0;0;3;-27,205287;-49,641124;"SPRF-SC";"DEL04-SC";"UOP02-DEL04-SC"
453346;2022-06-01;"quarta-feira";"10:30:00";"GO";60;72;"ABADIANIA";"Velocidade Incompatível";"Saída de leito carroçável";"Com Vítimas Fatais";"Pleno dia";"Decrescente";"Céu Claro";"Dupla";"Declive;Curva";"Não";3;1;0;0;0;2;0;3;-16,2636;-48,764;"SPRF-GO";"DEL02-GO";"UOP01-DEL02-GO"
453347;2022-06-01;"quarta-feira";"19:20:00";"SC";101;112;"ITAJAI";"Reação tardia ou ineficiente do condutor";"Colisão traseira";"Com Vítimas Feridas";"Plena Noite";"Decrescente";"Chuva";"Dupla";"Reta;Ponte";"Não";3;0;1;0;1;2;1;4;-26,84589005;-48,72131295;"SPRF-SC";"DEL04-SC";"UOP04-DEL04-SC"
453352;2022-06-01;"quarta-feira";"18:05:00";"RS";470;204;"BENTO GONCALVES";"Reação tardia ou ineficiente do condutor";"Colisão lateral sentido oposto";"Sem Vítimas";"Plena Noite";"Decrescente";"Chuva";"Simples";"Curva";"Não";3;0;0;0;2;1;0;2;-29,082081;-51,560932;"SPRF-RS";"DEL06-RS";"UOP01-DEL06-RS"
453358;2022-06-01;"quarta-feira";"17:30:00";"RJ";101;525;"ANGRA DOS REIS";"Ultrapassagem Indevida";"Colisão lateral mesmo sentido";"Com Vítimas Feridas";"Anoitecer";"Decrescente";"Céu Claro";"Simples";"Curva";"Não";3;0;0;1;2;0;1;3;-23,00539889;-44,48448504;"SPRF-RJ";"DEL03-RJ";"UOP03-DEL03-RJ"
453359;2022-06-01;"quarta-feira";"13:00:00";"MA";222;567;"BOM JESUS DAS SELVAS";"Ausência de reação do condutor";"Tombamento";"Com Vítimas Feridas";"Pleno dia";"Decrescente";"Nublado";"Simples";"Aclive";"Não";3;0;1;1;0;1;2;2;-4,40995035;-46,75013264;"SPRF-MA";"DEL04-MA";"UOP03-DEL04-MA"
453361;2022-06-01;"quarta-feira";"15:43:00";"MA";226;527;"LAJEADO NOVO";"Demais falhas mecânicas ou elétricas";"Colisão frontal";"Com Vítimas Feridas";"Pleno dia";"Decrescente";"Céu Claro";"Simples";"Reta";"Sim";3;0;1;0;1;3;1;5;-6,18004631;-47,02347173;"SPRF-MA";"DEL04-MA";"UOP02-DEL04-MA"
453365;2022-06-01;"quarta-feira";"17:10:00";"PR";476;274;"SAO MATEUS DO SUL";"Acesso irregular";"Colisão transversal";"Com Vítimas Feridas";"Anoitecer";"Crescente";"Nublado";"Simples";"Interseção de Vias";"Sim";4;0;2;0;1;2;2;4;-25,893393;-50,377842;"SPRF-PR";"DEL02-PR";"UOP04-DEL02-PR"
453373;2022-06-01;"quarta-feira";"20:40:00";"MG";116;401,7;"GOVERNADOR VALADARES";"Animais na Pista";"Atropelamento de Animal";"Com Vítimas Feridas";"Plena Noite";"Decrescente";"Céu Claro";"Simples";"Reta";"Não";3;0;1;0;2;0;1;2;-18,78798009;-41,98938377;"SPRF-MG";"DEL06-MG";"UOP01-DEL06-MG"
453374;2022-06-01;"quarta-feira";"19:00:00";"RJ";101;404;"ITAGUAI";"Reação tardia ou ineficiente do condutor";"Colisão traseira";"Com Vítimas Feridas";"Plena Noite";"Crescente";"Céu Claro";"Dupla";"Reta";"Sim";4;0;0;1;1;2;1;4;-22,86342703;-43,79642098;"SPRF-RJ";"DEL03-RJ";"UOP01-DEL03-RJ"
453377;2022-06-01;"quarta-feira";"22:55:00";"MG";40;610,9;"CONGONHAS";"Obras na pista";"Colisão traseira";"Com Vítimas Feridas";"Plena Noite";"Crescente";"Nublado";"Simples";"Reta;Em Obras";"Não";2;0;0;1;1;0;1;2;-20,5019758;-43,83840447;"SPRF-MG";"DEL05-MG";"UOP02-DEL05-MG"
453378;2022-06-01;"quarta-feira";"21:50:00";"PB";230;501;"CAJAZEIRAS";"Condutor deixou de manter distância do veículo da frente";"Colisão traseira";"Com Vítimas Feridas";"Plena Noite";"Decrescente";"Garoa/Chuvisco";"Simples";"Reta";"Não";2;0;0;1;1;0;1;2;-6,899;-38,5159;"SPRF-PB";"DEL03-PB";"UOP03-DEL03-PB"
453381;2022-06-01;"quarta-feira";"23:15:00";"PR";373;184;"PONTA GROSSA";"Demais falhas mecânicas ou elétricas";"Colisão com objeto";"Sem Vítimas";"Plena Noite";"Crescente";"Garoa/Chuvisco";"Simples";"Reta";"Não";3;0;0;0;2;2;0;4;-25,04420006;-50,28426695;"SPRF-PR";"DEL03-PR";"UOP01-DEL03-PR"
453387;2022-06-02;"quinta-feira";"00:40:00";"MG";381;532;"ITATIAIUCU";"Velocidade Incompatível";"Saída de leito carroçável";"Com Vítimas Feridas";"Plena Noite";"Crescente";"Céu Claro";"Dupla";"Curva";"Não";1;0;1;0;0;0;1;1;-20,1904316;-44,38268793;"SPRF-MG";"DEL04-MG";"UOP03-DEL04-MG"
453388;2022-06-01;"quarta-feira";"23:40:00";"PE";423;177;"AGUAS BELAS";"Transitar no acostamento";"Colisão lateral mesmo sentido";"Com Vítimas Fatais";"Plena Noite";"Crescente";"Chuva";"Simples";"Interseção de Vias";"Sim";2;1;0;0;0;1;0;2;-9,13016345;-37,11460498;"SPRF-AL";"DEL03-AL";"UOP02-DEL03-AL"
453391;2022-06-02;"quinta-feira";"01:20:00";"SP";116;73,9;"APARECIDA";"Carga excessiva e/ou mal acondicionada";"Tombamento";"Com Vítimas Feridas";"Plena Noite";"Crescente";"Céu Claro";"Dupla";"Reta";"Não";2;0;1;0;0;1;1;2;-22,86998483;-45,24430721;"SPRF-SP";"DEL08-SP";"UOP01-DEL08-SP"
453394;2022-06-02;"quinta-feira";"01:55:00";"MG";381;457;"BELO HORIZONTE";"Manobra de mudança de faixa";"Colisão lateral mesmo sentido";"Sem Vítimas";"Plena Noite";"Crescente";"Céu Claro";"Dupla";"Curva";"Sim";2;0;0;0;1;1;0;2;-19,8517927;-43,8883692;"SPRF-MG";"DEL01-MG";"UOP01-DEL01-MG"
453400;2022-06-02;"quinta-feira";"05:24:00";"SC";470;126,6;"LONTRAS";"Desrespeitar a preferência no cruzamento";"Colisão transversal";"Com Vítimas Feridas";"Amanhecer";"Decrescente";"Garoa/Chuvisco";"Simples";"Interseção de Vias";"Não";3;0;1;0;1;1;1;3;-27,129;-49,538277;"SPRF-SC";"DEL04-SC";"UOP02-DEL04-SC"
453401;2022-06-02;"quinta-feira";"04:30:00";"SC";101;118,9;"ITAJAI";"Acumulo de água sobre o pavimento";"Colisão com objeto";"Com Vítimas Feridas";"Plena Noite";"Crescente";"Chuva";"Dupla";"Reta";"Sim";2;0;1;0;0;1;1;2;-26,895859;-48,71903;"SPRF-SC";"DEL04-SC";"UOP04-DEL04-SC"
453402;2022-06-02;"quinta-feira";"05:30:00";"SC";101;368;"ICARA";"Condutor Dormindo";"Colisão com objeto";"Com Vítimas Feridas";"Plena Noite";"Decrescente";"Chuva";"Dupla";"Reta";"Não";3;0;1;0;1;1;1;2;-28,6957326;-49,17347228;"SPRF-SC";"DEL02-SC";"UOP01-DEL02-SC"
453406;2022-06-02;"quinta-feira";"07:00:00";"ES";101;304;"VIANA";"Ausência de reação do condutor";"Colisão traseira";"Com Vítimas Feridas";"Pleno dia";"Decrescente";"Céu Claro";"Dupla";"Reta";"Não";3;0;1;0;1;1;1;3;-20,3800645;-40,45431391;"SPRF-ES";"DEL01-ES";"UOP01-DEL01-ES"
453408;2022-06-02;"quinta-feira";"07:30:00";"ES";101;186;"ARACRUZ";"Ausência de reação do condutor";"Engavetamento";"Com Vítimas Feridas";"Pleno dia";"Decrescente";"Céu Claro";"Dupla";"Reta;Aclive";"Não";5;0;0;1;4;0;1;3;-19,66488404;-40,24929498;"SPRF-ES";"DEL04-ES";"UOP01-DEL04-ES"
453410;2022-06-02;"quinta-feira";"03:40:00";"PR";153;165;"VENTANIA";"Ausência de reação do condutor";"Tombamento";"Com Vítimas Feridas";"Amanhecer";"Decrescente";"Nublado";"Simples";"Curva";"Não";2;0;1;0;0;3;1;4;-24,25730191;-50,24858714;"SPRF-PR";"DEL03-PR";"UOP02-DEL03-PR"
453411;2022-06-02;"quinta-feira";"07:20:00";"SP";116;283;"EMBU DAS ARTES";"Trafegar com motocicleta (ou similar) entre as faixas";"Colisão traseira";"Com Vítimas Feridas";"Pleno dia";"Decrescente";"Céu Claro";"Dupla";"Reta";"Sim";4;0;2;0;2;0;2;4;-23,66887449;-46,85565054;"SPRF-SP";"DEL04-SP";"UOP01-DEL04-SP"
453412;2022-06-02;"quinta-feira";"07:40:00";"RS";285;294;"PASSO FUNDO";"Acessar a via sem observar a presença dos outros veículos";"Colisão transversal";"Com Vítimas Feridas";"Pleno dia";"Crescente";"Céu Claro";"Simples";"Reta";"Sim";4;0;2;0;1;1;2;3;-28,234547;-52,384975;"SPRF-RS";"DEL08-RS";"UOP03-DEL08-RS"
453414;2022-06-02;"quinta-feira";"04:20:00";"CE";222;163;"IRAUCUBA";"Velocidade Incompatível";"Tombamento";"Sem Vítimas";"Plena Noite";"Crescente";"Chuva";"Simples";"Curva";"Não";1;0;0;0;1;0;0;1;-3,73219489;-39,90251996;"SPRF-CE";"DEL04-CE";"UOP03-DEL04-CE"
453416;2022-06-02;"quinta-feira";"07:25:00";"RN";101;118;"SAO JOSE DE MIPIBU";"Condutor deixou de manter distância do veículo da frente";"Colisão traseira";"Com Vítimas Fatais";"Pleno dia";"Decrescente";"Céu Claro";"Múltipla";"Reta";"Não";3;1;0;0;1;2;0;4;-6,016059;-35,253475;"SPRF-RN";"DEL01-RN";"UOP01-DEL01-RN"
453421;2022-06-02;"quinta-feira";"07:00:00";"PR";277;241;"IRATI";"Reação tardia ou ineficiente do condutor";"Tombamento";"Com Vítimas Feridas";"Amanhecer";"Decrescente";"Chuva";"Simples";"Declive;Curva";"Não";2;0;0;1;0;1;1;2;-25,44885492;-50,63976288;"SPRF-PR";"DEL08-PR";"UOP02-DEL08-PR"
453436;2022-05-09;"segunda-feira";"14:20:00";"MG";116;410,7;"GOVERNADOR VALADARES";"Transitar no acostamento";"Colisão lateral mesmo sentido";"Com Vítimas Fatais";"Pleno dia";"Decrescente";"Céu Claro";"Dupla";"Reta";"Sim";3;1;0;0;1;1;0;3;-18,855625;-41,975623;"SPRF-MG";"DEL06-MG";"UOP01-DEL06-MG"
453437;2022-06-02;"quinta-feira";"07:00:00";"PE";232;58,8;"POMBOS";"Pista esburacada";"Colisão traseira";"Com Vítimas Feridas";"Pleno dia";"Decrescente";"Céu Claro";"Dupla";"Reta";"Sim";3;0;1;0;2;0;1;2;-8,14462866;-35,39034714;"SPRF-PE";"DEL02-PE";"UOP02-DEL02PE"
453440;2022-06-02;"quinta-feira";"09:08:00";"SP";153;62,9;"SAO JOSE DO RIO PRETO";"Condutor deixou de manter distância do veículo da frente";"Colisão traseira";"Com Vítimas Feridas";"Pleno dia";"Crescente";"Céu Claro";"Dupla";"Reta;Aclive";"Sim";2;0;1;0;1;0;1;2;-20,81325404;-49,35675563;"SPRF-SP";"DEL09-SP";"UOP01-DEL09-SP"
453444;2022-06-02;"quinta-feira";"09:30:00";"MG";381;830;"SAO SEBASTIAO DA BELA VISTA";"Reação tardia ou ineficiente do condutor";"Colisão traseira";"Com Vítimas Feridas";"Pleno dia";"Crescente";"Céu Claro";"Dupla";"Reta";"Não";4;0;1;0;2;3;1;5;-22,13939205;-45,81344194;"SPRF-MG";"DEL16-MG";"UOP01-DEL16-MG"
453451;2022-04-09;"sábado";"12:15:00";"SP";153;344,5;"OURINHOS";"Demais falhas mecânicas ou elétricas";"Incêndio";"Sem Vítimas";"Pleno dia";"Crescente";"Céu Claro";"Dupla";"Curva";"Não";2;0;0;0;1;1;0;2;-22,96955318;-49,89990771;"SPRF-SP";"DEL07-SP";"UOP03-DEL07-SP"
453453;2022-06-02;"quinta-feira";"10:37:00";"PB";101;27,1;"MAMANGUAPE";"Acumulo de água sobre o pavimento";"Saída de leito carroçável";"Com Vítimas Feridas";"Pleno dia";"Decrescente";"Nublado";"Dupla";"Reta";"Não";5;0;1;0;3;2;1;4;-6,72589095;-35,12052811;"SPRF-PB";"DEL01-PB";"UOP04-DEL01-PB"
453456;2022-06-02;"quinta-feira";"11:00:00";"BA";101;183;"SAO GONCALO DOS CAMPOS";"Demais falhas mecânicas ou elétricas";"Incêndio";"Sem Vítimas";"Pleno dia";"Crescente";"Nublado";"Simples";"Aclive";"Não";1;0;0;0;1;0;0;1;-12,456117;-38,929013;"SPRF-BA";"DEL01-BA";"UOP03-DEL01-BA"
453457;2022-06-02;"quinta-feira";"11:21:00";"BA";116;491;"RAFAEL JAMBEIRO";"Manobra de mudança de faixa";"Colisão lateral mesmo sentido";"Com Vítimas Feridas";"Pleno dia";"Crescente";"Céu Claro";"Dupla";"Reta";"Não";6;0;2;2;1;1;4;4;-12,55311941;-39,4579268;"SPRF-BA";"DEL02-BA";"UOP01-DEL02-BA"
453458;2022-06-02;"quinta-feira";"09:45:00";"RS";290;478,1;"ROSARIO DO SUL";"Manobra de mudança de faixa";"Saída de leito carroçável";"Com Vítimas Feridas";"Pleno dia";"Crescente";"Céu Claro";"Simples";"Reta";"Não";1;0;0;1;0;0;1;1;-30,241533;-54,899208;"SPRF-RS";"DEL11-RS";"UOP02-DEL11-RS"
453463;2022-06-02;"quinta-feira";"10:00:00";"MT";163;801;"VERA";"Condutor deixou de manter distância do veículo da frente";"Colisão lateral sentido oposto";"Sem Vítimas";"Pleno dia";"Crescente";"Céu Claro";"Simples";"Reta";"Não";6;0;0;0;5;7;0;12;-12,28230098;-55,56028407;"SPRF-MT";"DEL06-MT";"UOP01-DEL06-MT"
453466;2022-03-07;"segunda-feira";"11:15:00";"BA";407;168;"FILADELFIA";"Transitar na contramão";"Colisão frontal";"Com Vítimas Fatais";"Pleno dia";"Decrescente";"Céu Claro";"Simples";"Reta";"Não";8;3;4;0;0;3;4;6;-10,82121;-40,114902;"SPRF-BA";"DEL04-BA";"UOP01-DEL04-BA"
453473;2022-06-02;"quinta-feira";"12:15:00";"PR";277;5,3;"PARANAGUA";"Ausência de sinalização";"Colisão traseira";"Com Vítimas Feridas";"Pleno dia";"Crescente";"Chuva";"Dupla";"Aclive;Ponte;Viaduto";"Sim";3;0;1;0;1;2;1;4;-25,52602603;-48,5271585;"SPRF-PR";"DEL01-PR";"UOP05-DEL01-PR"
453476;2022-06-02;"quinta-feira";"12:57:00";"RS";116;583;"ARROIO GRANDE";"Ausência de reação do condutor";"Saída de leito carroçável";"Com Vítimas Feridas";"Pleno dia";"Decrescente";"Céu Claro";"Simples";"Reta";"Não";2;0;0;1;0;3;1;4;-32,05321494;-52,86501806;"SPRF-RS";"DEL07-RS";"UOP03-DEL07-RS"
453483;2022-06-02;"quinta-feira";"09:45:00";"PR";116;16;"CAMPINA GRANDE DO SUL";"Condutor deixou de manter distância do veículo da frente";"Colisão traseira";"Com Vítimas Feridas";"Pleno dia";"Decrescente";"Chuva";"Dupla";"Reta";"Não";4;0;1;0;2;3;1;6;-25,09969807;-48,692225;"SPRF-PR";"DEL01-PR";"UOP02-DEL01-PR"
453484;2022-06-02;"quinta-feira";"11:00:00";"PR";476;48;"ADRIANOPOLIS";"Reação tardia ou ineficiente do condutor";"Colisão frontal";"Com Vítimas Feridas";"Pleno dia";"Crescente";"Chuva";"Simples";"Curva";"Não";3;0;0;1;1;1;1;3;-24,920938;-49,097561;"SPRF-PR";"DEL01-PR";"UOP01-DEL01-PR"
453485;2022-06-02;"quinta-feira";"10:15:00";"CE";20;326,8;"CARIDADE";"Pista esburacada";"Tombamento";"Sem Vítimas";"Pleno dia";"Decrescente";"Garoa/Chuvisco";"Simples";"Reta";"Não";1;0;0;0;1;0;0;1;-4,23379338;-39,20031836;"SPRF-CE";"DEL02-CE";"UOP01-DEL02-CE"
453490;2022-06-02;"quinta-feira";"09:15:00";"PR";476;205,7;"LAPA";"Velocidade Incompatível";"Colisão frontal";"Com Vítimas Feridas";"Pleno dia";"Crescente";"Chuva";"Dupla";"Curva";"Não";4;0;1;1;1;1;2;4;-25,77995254;-49,81016636;"SPRF-PR";"DEL02-PR";"UOP04-DEL02-PR"
453492;2022-06-02;"quinta-feira";"10:20:00";"MA";10;367,5;"ITINGA DO MARANHAO";"Ultrapassagem Indevida";"Colisão lateral mesmo sentido";"Com Vítimas Feridas";"Pleno dia";"Decrescente";"Céu Claro";"Simples";"Reta";"Não";3;0;1;0;2;0;1;2;-4,540208;-47,49894;"SPRF-MA";"DEL04-MA";"UOP03-DEL04-MA"