"id";"data_inversa";"dia_semana";"horario";"uf";"br";"km";"municipio";"causa_acidente";"tipo_acidente";"classificacao_acidente";"fase_dia";"sentido_via";"condicao_metereologica";"tipo_pista";"tracado_via";"uso_solo";"pessoas";"mortos";"feridos_leves";"feridos_graves";"ilesos";"ignorados";"feridos";"veiculos";"latitude";"longitude";"regional";"delegacia";"uop"
453810;2022-06-04;"sábado";"07:00:00";"CE";222;125;"ITAPAJE";"Carga excessiva e/ou mal acondicionada";"Tombamento";"Com Vítimas Feridas";"Pleno dia";"Decrescente";"Céu Claro";"Simples";"Reta";"Não";2;0;1;0;0;1;1;2;-3,68965682;-39,5968761;"SPRF-CE";"DEL04-CE";"UOP03-DEL04-CE"
453814;2022-06-04;"sábado";"07:30:00";"CE";116;251;"ALTO SANTO";"Afundamento ou ondulação no pavimento";"Colisão traseira";"Sem Vítimas";"Pleno dia";"Crescente";"Céu Claro";"Simples";"Reta";"Não";4;0;0;0;3;1;0;4;-5,49817185;-38,40791026;"SPRF-CE";"DEL05-CE";"UOP02-DEL05-CE"
453815;2022-06-04;"sábado";"05:30:00";"PR";277;618;"CEU AZUL";"Ultrapassagem Indevida";"Colisão frontal";"Com Vítimas Feridas";"Amanhecer";"Crescente";"Céu Claro";"Simples";"Aclive";"Não";4;0;2;0;2;0;2;3;-25,07577788;-53,69271805;"SPRF-PR";"DEL05-PR";"UOP02-DEL05-PR"
453822;2022-06-04;"sábado";"06:30:00";"TO";153;322,2;"GUARAI";"Ingestão de álcool pelo condutor";"Colisão lateral sentido oposto";"Sem Vítimas";"Amanhecer";"Crescente";"Céu Claro";"Simples";"Reta";"Não";5;0;0;0;4;2;0;6;-8,72787403;-48,50709564;"SPRF-TO";"DEL02-TO";"UOP02-DEL02-TO"
453826;2022-06-04;"sábado";"07:00:00";"RJ";101;188,2;"CASIMIRO DE ABREU";"Acumulo de óleo sobre o pavimento";"Colisão frontal";"Com Vítimas Feridas";"Pleno dia";"Crescente";"Chuva";"Simples";"Curva";"Não";3;0;0;1;1;1;1;3;-22,45017328;-42,05332769;"SPRF-RJ";"DEL08-RJ";"UOP04-DEL08-RJ"
453830;2022-06-04;"sábado";"08:20:00";"MG";381;448;"SANTA LUZIA";"Manobra de mudança de faixa";"Colisão lateral mesmo sentido";"Com Vítimas Feridas";"Pleno dia";"Crescente";"Céu Claro";"Simples";"Reta;Aclive";"Sim";4;0;2;0;1;1;2;3;-19,82478966;-43,82169728;"SPRF-MG";"DEL01-MG";"UOP01-DEL01-MG"
453832;2022-06-04;"sábado";"08:00:00";"ES";262;150,9;"IBATIBA";"Problema com o freio";"Tombamento";"Com Vítimas Feridas";"Pleno dia";"Crescente";"Céu Claro";"Simples";"Curva;Declive";"Não";2;0;2;0;0;0;2;1;-20,2148829;-41,44925529;"SPRF-ES";"DEL01-ES";"UOP02-DEL01-ES"
453833;2022-06-04;"sábado";"06:00:00";"RN";304;257;"SANTA MARIA";"Acessar a via sem observar a presença dos outros veículos";"Colisão lateral mesmo sentido";"Sem Vítimas";"Amanhecer";"Crescente";"Nublado";"Simples";"Reta";"Sim";2;0;0;0;2;0;0;2;-5,84181423;-35,69165405;"SPRF-RN";"DEL01-RN";"UOP02-DEL01-RN"
453834;2022-06-04;"sábado";"08:20:00";"PB";230;123;"RIACHAO DO BACAMARTE";"Reação tardia ou ineficiente do condutor";"Atropelamento de Pedestre";"Com Vítimas Feridas";"Pleno dia";"Decrescente";"Nublado";"Dupla";"Curva";"Não";2;0;0;1;0;1;1;2;-7,2478;-35,6672;"SPRF-PB";"DEL02-PB";"UOP01-DEL02-PB"
453835;2022-06-04;"sábado";"08:50:00";"ES";262;51;"MARECHAL FLORIANO";"Reação tardia ou ineficiente do condutor";"Colisão lateral sentido oposto";"Com Vítimas Feridas";"Pleno dia";"Crescente";"Nublado";"Simples";"Curva";"Não";4;0;1;0;2;1;1;3;-20,41382467;-40,71438155;"SPRF-ES";"DEL01-ES";"UOP01-DEL01-ES"
453852;2022-06-04;"sábado";"09:42:00";"ES";262;100;"VENDA NOVA DO IMIGRANTE";"Condutor deixou de manter distância do veículo da frente";"Colisão lateral mesmo sentido";"Sem Vítimas";"Pleno dia";"Crescente";"Nublado";"Simples";"Reta";"Não";2;0;0;0;2;0;0;2;-20,34889991;-41,102073;"SPRF-ES";"DEL01-ES";"UOP02-DEL01-ES"
453858;2022-06-04;"sábado";"06:40:00";"RJ";101;333;"RIO DE JANEIRO";"Manobra de mudança de faixa";"Colisão traseira";"Sem Vítimas";"Amanhecer";"Decrescente";"Céu Claro";"Dupla";"Reta";"Não";2;0;0;0;2;0;0;2;-22,87827816;-43,21053578;"SPRF-RJ";"DEL02-RJ";"UOP01-DEL02-RJ"
453861;2022-06-04;"sábado";"11:30:00";"BA";101;820,1;"ITAMARAJU";"Velocidade Incompatível";"Tombamento";"Com Vítimas Fatais";"Pleno dia";"Crescente";"Nublado";"Simples";"Curva";"Não";5;1;3;0;0;1;3;3;-17,10566783;-39,56042379;"SPRF-BA";"DEL09-BA";"UOP02-DEL09-BA"
453864;2022-06-04;"sábado";"13:00:00";"GO";40;95;"CRISTALINA";"Reação tardia ou ineficiente do condutor";"Colisão lateral mesmo sentido";"Sem Vítimas";"Pleno dia";"Decrescente";"Céu Claro";"Simples";"Reta";"Sim";3;0;0;0;2;2;0;4;-16,750555;-47,607549;"SPRF-DF";"DEL01-DF";"UOP02-DEL01-DF"
453867;2022-06-04;"sábado";"12:45:00";"MT";163;554;"DIAMANTINO";"Ausência de reação do condutor";"Colisão traseira";"Com Vítimas Feridas";"Pleno dia";"Crescente";"Céu Claro";"Simples";"Reta";"Não";3;0;1;0;1;3;1;5;-14,27573203;-56,1536305;"SPRF-MT";"DEL01-MT";"UOP01-DEL01-MT"
453869;2022-06-04;"sábado";"13:48:00";"BA";242;730;"CRISTOPOLIS";"Velocidade Incompatível";"Colisão traseira";"Com Vítimas Fatais";"Pleno dia";"Crescente";"Sol";"Simples";"Declive";"Não";9;1;4;1;2;3;5;6;-12,202296;-44,477288;"SPRF-BA";"DEL10-BA";"UOP01-DEL10-BA"
453871;2022-06-04;"sábado";"10:10:00";"GO";50;244,3;"CATALAO";"Velocidade Incompatível";"Tombamento";"Com Vítimas Feridas";"Pleno dia";"Crescente";"Céu Claro";"Simples";"Rotatória";"Não";2;0;1;0;0;2;1;3;-17,91975597;-47,78940618;"SPRF-GO";"DEL06-GO";"UOP01-DEL06-GO"
453872;2022-06-04;"sábado";"04:40:00";"BA";116;733,5;"BOA NOVA";"Transitar na contramão";"Colisão frontal";"Com Vítimas Feridas";"Amanhecer";"Crescente";"Céu Claro";"Simples";"Reta;Aclive";"Não";5;0;2;0;2;13;2;16;-14,29800003;-40,31404596;"SPRF-BA";"DEL08-BA";"UOP02-DEL08-BA"
453875;2022-06-04;"sábado";"12:00:00";"TO";153;140;"ARAGUAINA";"Acessar a via sem observar a presença dos outros veículos";"Colisão lateral mesmo sentido";"Com Vítimas Feridas";"Pleno dia";"Decrescente";"Nublado";"Dupla";"Retorno Regulamentado";"Sim";2;0;1;0;1;0;1;2;-7,169616;-48,21328;"SPRF-TO";"DEL02-TO";"UOP01-DEL02-TO"
453876;2022-01-27;"quinta-feira";"20:00:00";"PR";277;571,8;"CASCAVEL";"Ingestão de álcool pelo condutor";"Saída de leito carroçável";"Sem Vítimas";"Plena Noite";"Crescente";"Chuva";"Simples";"Reta";"Não";2;0;0;0;1;2;0;3;-25,01450282;-53,29128792;"SPRF-PR";"DEL04-PR";"UOP01-DEL04-PR"
453879;2022-05-27;"sexta-feira";"16:50:00";"MG";40;747,9;"SANTOS DUMONT";"Manobra de mudança de faixa";"Colisão lateral mesmo sentido";"Com Vítimas Feridas";"Pleno dia";"Decrescente";"Ignorado";"Simples";"Curva";"Sim";4;0;1;0;2;1;1;3;-21,47364358;-43,54586601;"SPRF-MG";"DEL05-MG";"UOP01-DEL05-MG"
453883;2022-06-04;"sábado";"14:00:00";"RJ";101;210;"CASIMIRO DE ABREU";"Pista Escorregadia";"Colisão com objeto";"Com Vítimas Feridas";"Pleno dia";"Crescente";"Chuva";"Dupla";"Curva";"Não";2;0;1;0;1;0;1;1;-22,48164701;-42,23710101;"SPRF-RJ";"DEL08-RJ";"UOP04-DEL08-RJ"
453884;2022-06-04;"sábado";"15:10:00";"MG";40;467;"SETE LAGOAS";"Reação tardia ou ineficiente do condutor";"Colisão traseira";"Com Vítimas Feridas";"Pleno dia";"Crescente";"Céu Claro";"Dupla";"Reta";"Não";2;0;1;0;1;0;1;2;-19,45038924;-44,3166822;"SPRF-MG";"DEL02-MG";"UOP01-DEL02-MG"
453885;2022-06-04;"sábado";"14:12:00";"RO";319;64;"PORTO VELHO";"Condutor deixou de manter distância do veículo da frente";"Colisão traseira";"Sem Vítimas";"Pleno dia";"Decrescente";"Céu Claro";"Dupla";"Reta";"Sim";3;0;0;0;2;2;0;4;-8,76025564;-63,88580918;"SPRF-RO";"DEL01-RO";"UOP01-DEL01-RO"
453892;2022-06-04;"sábado";"16:00:00";"ES";101;80;"SAO MATEUS";"Ausência de reação do condutor";"Colisão traseira";"Com Vítimas Feridas";"Pleno dia";"Crescente";"Céu Claro";"Dupla";"Aclive";"Não";2;0;1;0;0;1;1;2;-18,82149709;-39,90673788;"SPRF-ES";"DEL04-ES";"UOP02-DEL04-ES"
453901;2022-06-04;"sábado";"15:30:00";"MT";158;689;"BARRA DO GARCAS";"Acostamento em desnível";"Tombamento";"Com Vítimas Feridas";"Pleno dia";"Crescente";"Céu Claro";"Simples";"Reta";"Não";3;0;2;0;0;1;2;2;-14,96654112;-52,26434651;"SPRF-MT";"DEL07-MT";"UOP01-DEL07-MT"
453902;2022-06-04;"sábado";"10:40:00";"MT";70;266;"PRIMAVERA DO LESTE";"Ausência de reação do condutor";"Saída de leito carroçável";"Com Vítimas Feridas";"Pleno dia";"Crescente";"Céu Claro";"Simples";"Reta";"Não";2;0;1;0;0;1;1;2;-15,55306301;-54,19229081;"SPRF-MT";"DEL05-MT";"UOP01-DEL05-MT"
453905;2022-06-04;"sábado";"15:40:00";"PA";10;6,2;"DOM ELISEU";"Ultrapassagem Indevida";"Colisão lateral mesmo sentido";"Sem Vítimas";"Pleno dia";"Crescente";"Chuva";"Simples";"Declive;Reta";"Não";4;0;0;0;3;1;0;3;-4,38439306;-47,53529121;"SPRF-PA";"DEL02-PA";"UOP02-DEL02-PA"
453914;2022-06-04;"sábado";"16:30:00";"PR";0;0;"GUARAPUAVA";"Acessar a via sem observar a presença dos outros veículos";"Colisão transversal";"Sem Vítimas";"Pleno dia";"Não Informado";"Céu Claro";"Simples";"Interseção de Vias";"Sim";2;0;0;0;1;1;0;2;-25,39113688;-51,52102947;"SPRF-PR";"DEL08-PR";"N/A"
453918;2022-05-23;"segunda-feira";"17:49:00";"MS";262;94;"TRES LAGOAS";"Reação tardia ou ineficiente do condutor";"Colisão traseira";"Com Vítimas Feridas";"Anoitecer";"Crescente";"Céu Claro";"Simples";"Reta";"Não";6;0;1;0;4;4;1;9;-20,5894955;-52,44258304;"SPRF-MS";"DEL07-MS";"UOP02-DEL07-MS"
453923;2022-06-04;"sábado";"19:00:00";"BA";116;365;"SERRINHA";"Transitar na contramão";"Colisão frontal";"Com Vítimas Feridas";"Plena Noite";"Decrescente";"Céu Claro";"Simples";"Reta";"Não";2;0;0;1;1;0;1;2;-11,716082;-38,98655168;"SPRF-BA";"DEL02-BA";"UOP01-DEL02-BA"
453925;2022-06-04;"sábado";"18:10:00";"SC";280;28;"ARAQUARI";"Acessar a via sem observar a presença dos outros veículos";"Colisão transversal";"Com Vítimas Feridas";"Plena Noite";"Decrescente";"Garoa/Chuvisco";"Simples";"Interseção de Vias";"Sim";2;0;1;0;1;0;1;2;-26,40450077;-48,74561031;"SPRF-SC";"DEL03-SC";"UOP03-DEL03-SC"
453933;2022-06-04;"sábado";"18:10:00";"PE";232;197;"SANHARO";"Ingestão de álcool pelo condutor";"Colisão frontal";"Com Vítimas Feridas";"Plena Noite";"Crescente";"Chuva";"Simples";"Reta";"Sim";5;0;0;4;1;0;4;2;-8,36891793;-36,580362;"SPRF-PE";"DEL03-PE";"UOP02-DEL03-PE"
453952;2022-06-04;"sábado";"16:30:00";"MA";135;65;"SANTA RITA";"Acesso irregular";"Colisão transversal";"Com Vítimas Feridas";"Anoitecer";"Decrescente";"Chuva";"Simples";"Reta";"Sim";3;0;0;1;1;3;1;5;-3,09675002;-44,3220647;"SPRF-MA";"DEL01-MA";"UOP02-DEL01-MA"
453957;2022-06-04;"sábado";"12:25:00";"SE";101;8,2;"CEDRO DE SAO JOAO";"Pista Escorregadia";"Saída de leito carroçável";"Sem Vítimas";"Pleno dia";"Crescente";"Chuva";"Dupla";"Declive";"Não";2;0;0;0;1;2;0;3;-10,26375274;-36,86557237;"SPRF-SE";"DEL02-SE";"UOP02-DEL02-SE"
453960;2022-06-04;"sábado";"19:50:00";"RO";364;369,7;"OURO PRETO DO OESTE";"Pedestre andava na pista";"Atropelamento de Pedestre";"Com Vítimas Feridas";"Plena Noite";"Decrescente";"Céu Claro";"Simples";"Declive";"Não";2;0;0;1;1;0;1;2;-10,76221523;-62,13663407;"SPRF-RO";"DEL02-RO";"UOP01-DEL02-RO"
453963;2022-06-04;"sábado";"18:00:00";"MT";163;566,4;"NOVA MUTUM";"Acostamento em desnível";"Tombamento";"Com Vítimas Feridas";"Anoitecer";"Decrescente";"Céu Claro";"Simples";"Reta";"Não";2;0;1;0;0;1;1;2;-14,099522;-56,117077;"SPRF-MT";"DEL01-MT";"UOP01-DEL01-MT"
453966;2022-06-04;"sábado";"15:40:00";"SC";280;221;"TRES BARRAS";"Velocidade Incompatível";"Capotamento";"Com Vítimas Feridas";"Pleno dia";"Crescente";"Nublado";"Dupla";"Rotatória";"Não";2;0;2;0;0;0;2;1;-26,173056;-50,27445;"SPRF-SC";"DEL06-SC";"UOP04-DEL06-SC"
453974;2022-06-04;"sábado";"19:30:00";"PR";376;404;"TIBAGI";"Ausência de reação do condutor";"Saída de leito carroçável";"Com Vítimas Feridas";"Plena Noite";"Decrescente";"Céu Claro";"Dupla";"Curva";"Não";2;0;1;0;0;2;1;3;-24,627928;-50,64375;"SPRF-PR";"DEL03-PR";"UOP02-DEL03-PR"
453977;2022-06-04;"sábado";"19:40:00";"MT";163;758;"SORRISO";"Ausência de reação do condutor";"Colisão traseira";"Sem Vítimas";"Anoitecer";"Crescente";"Céu Claro";"Dupla";"Retorno Regulamentado";"Sim";3;0;0;0;2;2;0;4;-12,50864886;-55,69283009;"SPRF-MT";"DEL06-MT";"UOP01-DEL06-MT"
453978;2022-06-04;"sábado";"19:53:00";"MT";163;438;"VARZEA GRANDE";"Acessar a via sem observar a presença dos outros veículos";"Colisão transversal";"Com Vítimas Fatais";"Plena Noite";"Decrescente";"Céu Claro";"Dupla";"Reta";"Não";3;1;0;0;1;2;0;4;-15,64485781;-56,19987488;"SPRF-MT";"DEL01-MT";"UOP01-DEL01-MT"
453984;2022-06-04;"sábado";"19:00:00";"GO";80;141;"BARRO ALTO";"Carga excessiva e/ou mal acondicionada";"Tombamento";"Sem Vítimas";"Plena Noite";"Crescente";"Céu Claro";"Simples";"Reta";"Não";2;0;0;0;1;2;0;3;-14,915281;-48,953794;"SPRF-GO";"DEL07-GO";"UOP01-DEL07-GO"
453985;2022-06-05;"domingo";"00:00:00";"MG";40;484;"SETE LAGOAS";"Velocidade Incompatível";"Tombamento";"Com Vítimas Feridas";"Plena Noite";"Decrescente";"Céu Claro";"Dupla";"Curva";"Não";1;0;1;0;0;0;1;1;-19,57299;-44,23021;"SPRF-MG";"DEL02-MG";"UOP01-DEL02-MG"
453989;2022-06-05;"domingo";"01:00:00";"MG";116;804;"ALEM PARAIBA";"Condutor Dormindo";"Colisão lateral sentido oposto";"Com Vítimas Feridas";"Plena Noite";"Crescente";"Céu Claro";"Simples";"Reta";"Não";3;0;1;0;1;1;1;3;-21,79286161;-42,71488284;"SPRF-MG";"DEL07-MG";"UOP01-DEL07-MG"
453998;2022-06-05;"domingo";"02:10:00";"RS";101;12,6;"DOM PEDRO DE ALCANTARA";"Condutor deixou de manter distância do veículo da frente";"Colisão traseira";"Sem Vítimas";"Plena Noite";"Crescente";"Céu Claro";"Dupla";"Reta";"Não";2;0;0;0;2;0;0;2;-29,38659602;-49,83647398;"SPRF-RS";"DEL03-RS";"UOP02-DEL03-RS"
454009;2022-06-04;"sábado";"23:00:00";"TO";242;316;"PEIXE";"Deficiência do Sistema de Iluminação/Sinalização";"Colisão com objeto";"Com Vítimas Feridas";"Plena Noite";"Crescente";"Céu Claro";"Simples";"Reta";"Não";3;0;0;1;1;3;1;5;-12,00295522;-48,5917144;"SPRF-TO";"DEL01-TO";"UOP02-DEL01-TO"
454022;2022-06-05;"domingo";"05:40:00";"PR";277;346;"GUARAPUAVA";"Acesso irregular";"Colisão com objeto";"Sem Vítimas";"Plena Noite";"Crescente";"Céu Claro";"Simples";"Reta";"Sim";3;0;0;0;1;2;0;3;-25,36763222;-51,49332762;"SPRF-PR";"DEL08-PR";"UOP01-DEL08-PR"
454029;2022-06-05;"domingo";"06:40:00";"RS";153;17,7;"SEVERIANO DE ALMEIDA";"Transitar na contramão";"Colisão frontal";"Com Vítimas Feridas";"Amanhecer";"Decrescente";"Nublado";"Simples";"Reta";"Não";3;0;0;1;1;1;1;3;-27,45084775;-52,08195625;"SPRF-RS";"DEL08-RS";"UOP04-DEL08-RS"
454035;2022-06-05;"domingo";"07:00:00";"RJ";393;143;"SAPUCAIA";"Condutor Dormindo";"Colisão lateral sentido oposto";"Com Vítimas Feridas";"Pleno dia";"Crescente";"Céu Claro";"Simples";"Aclive;Curva";"Sim";5;0;0;2;2;1;2;4;-22,02408891;-42,97247704;"SPRF-RJ";"DEL05-RJ";"UOP01-DEL05-RJ"
454050;2022-06-05;"domingo";"09:22:00";"ES";101;176;"ARACRUZ";"Acessar a via sem observar a presença dos outros veículos";"Colisão transversal";"Com Vítimas Feridas";"Pleno dia";"Decrescente";"Nublado";"Simples";"Interseção de Vias";"Sim";3;0;0;1;1;2;1;4;-19,59523801;-40,19835299;"SPRF-ES";"DEL04-ES";"UOP01-DEL04-ES"
454052;2022-06-05;"domingo";"09:10:00";"MG";50;54;"UBERLANDIA";"Velocidade Incompatível";"Tombamento";"Com Vítimas Feridas";"Pleno dia";"Crescente";"Céu Claro";"Dupla";"Curva;Ponte;Declive";"Não";4;0;0;1;0;5;1;5;-18,77175326;-48,24419727;"SPRF-MG";"DEL15-MG";"UOP02-DEL15-MG"
454057;2022-06-02;"quinta-feira";"12:00:00";"SC";470;7,2;"NAVEGANTES";"Manobra de mudança de faixa";"Colisão lateral mesmo sentido";"Sem Vítimas";"Pleno dia";"Crescente";"Chuva";"Simples";"Viaduto;Em Obras";"Sim";2;0;0;0;2;0;0;2;-26,84257392;-48,71557344;"SPRF-SC";"DEL04-SC";"UOP04-DEL04-SC"
454063;2022-06-05;"domingo";"09:20:00";"MS";60;593,2;"JARDIM";"Ausência de reação do condutor";"Colisão lateral mesmo sentido";"Com Vítimas Feridas";"Pleno dia";"Decrescente";"Sol";"Simples";"Reta";"Não";6;0;3;0;3;0;3;2;-21,51057385;-56,16622925;"SPRF-MS";"DEL05-MS";"UOP01-DEL05-MS"
454079;2022-06-05;"domingo";"12:20:00";"SP";116;330;"JUQUITIBA";"Condutor Dormindo";"Colisão com objeto";"Com Vítimas Feridas";"Pleno dia";"Decrescente";"Céu Claro";"Dupla";"Curva";"Não";2;0;0;1;0;1;1;2;-23,9442931;-47,09668891;"SPRF-SP";"DEL04-SP";"UOP01-DEL04-SP"
454087;2022-06-05;"domingo";"12:00:00";"MS";158;69;"PARANAIBA";"Reação tardia ou ineficiente do condutor";"Colisão traseira";"Sem Vítimas";"Pleno dia";"Crescente";"Céu Claro";"Simples";"Curva";"Não";3;0;0;0;2;3;0;5;-19,4809262;-51,29955714;"SPRF-MS";"DEL08-MS";"UOP01-DEL08-MS"
454091;2022-06-05;"domingo";"13:35:00";"SP";153;93,8;"JACI";"Manobra de mudança de faixa";"Colisão lateral mesmo sentido";"Com Vítimas Feridas";"Pleno dia";"Decrescente";"Céu Claro";"Simples";"Aclive";"Não";5;0;1;0;3;1;1;3;-20,96623155;-49,58692007;"SPRF-SP";"DEL09-SP";"UOP01-DEL09-SP"
454093;2022-06-05;"domingo";"05:30:00";"GO";153;278;"NOVA GLORIA";"Pista em desnível";"Saída de leito carroçável";"Com Vítimas Feridas";"Amanhecer";"Crescente";"Céu Claro";"Simples";"Reta";"Não";2;0;1;0;0;1;1;2;-15,131799;-49,51469;"SPRF-GO";"DEL07-GO";"UOP02-DEL07-GO"
454095;2022-06-05;"domingo";"14:20:00";"GO";452;65;"MAURILANDIA";"Acessar a via sem observar a presença dos outros veículos";"Colisão transversal";"Com Vítimas Feridas";"Pleno dia";"Crescente";"Céu Claro";"Simples";"Reta";"Não";4;0;2;1;1;0;3;2;-18,0159994;-50,34680974;"SPRF-GO";"DEL04-GO";"UOP01-DEL04-GO"
454097;2022-06-05;"domingo";"09:00:00";"MT";364;1;"ALTO ARAGUAIA";"Mal súbito do condutor";"Colisão traseira";"Com Vítimas Feridas";"Pleno dia";"Crescente";"Céu Claro";"Dupla";"Reta";"Sim";3;0;1;0;1;4;1;6;-17,31227325;-53,21828343;"SPRF-MT";"DEL02-MT";"UOP02-DEL02-MT"
454098;2022-06-05;"domingo";"11:00:00";"MT";70;732;"CACERES";"Ingestão de álcool pelo condutor";"Colisão traseira";"Com Vítimas Feridas";"Pleno dia";"Decrescente";"Céu Claro";"Simples";"Reta";"Sim";3;0;1;0;1;1;1;2;-16,15109224;-57,62618406;"SPRF-MT";"DEL03-MT";"UOP01-DEL03-MT"
454108;2022-06-05;"domingo";"04:30:00";"PI";316;72;"MONSENHOR GIL";"Reação tardia ou ineficiente do condutor";"Colisão com objeto";"Com Vítimas Feridas";"Amanhecer";"Decrescente";"Nevoeiro/Neblina";"Simples";"Reta";"Não";1;0;1;0;0;0;1;1;-5,67458801;-42,59603009;"SPRF-PI";"DEL01-PI";"UOP02-DEL01-PI"
454114;2022-05-29;"domingo";"01:00:00";"ES";101;41;"CONCEICAO DA BARRA";"Demais falhas mecânicas ou elétricas";"Incêndio";"Sem Vítimas";"Plena Noite";"Crescente";"Chuva";"Simples";"Reta";"Não";2;0;0;0;1;2;0;3;-18,50841392;-39,91590574;"SPRF-ES";"DEL04-ES";"UOP02-DEL04-ES"
454116;2022-05-16;"segunda-feira";"06:20:00";"RR";174;562,1;"BOA VISTA";"Demais falhas mecânicas ou elétricas";"Incêndio";"Sem Vítimas";"Amanhecer";"Decrescente";"Ignorado";"Simples";"Reta";"Não";1;0;0;0;1;0;0;1;3,28289;-60,850662;"SPRF-RR";"DEL01-RR";"UOP01-DEL01-RR"
454120;2022-06-05;"domingo";"15:45:00";"PR";376;339,1;"ORTIGUEIRA";"Fumaça";"Colisão traseira";"Com Vítimas Feridas";"Pleno dia";"Decrescente";"Céu Claro";"Simples";"Curva";"Não";3;0;2;0;0;1;2;2;-24,16423688;-50,96922472;"SPRF-PR";"DEL07-PR";"UOP02-DEL07-PR"
454126;2022-06-05;"domingo";"18:00:00";"SC";101;334,5;"TUBARAO";"Reação tardia ou ineficiente do condutor";"Colisão traseira";"Com Vítimas Feridas";"Plena Noite";"Decrescente";"Chuva";"Múltipla";"Interseção de Vias";"Sim";2;0;1;0;1;0;1;2;-28,46927473;-49,01557908;"SPRF-SC";"DEL02-SC";"UOP01-DEL02-SC"
454129;2022-06-05;"domingo";"18:20:00";"MG";381;502,5;"BETIM";"Velocidade Incompatível";"Colisão traseira";"Com Vítimas Feridas";"Plena Noite";"Decrescente";"Nublado";"Múltipla";"Curva;Interseção de Vias";"Sim";5;0;2;0;2;1;2;4;-20,01861726;-44,22716975;"SPRF-MG";"DEL01-MG";"UOP03-DEL01-MG"
454135;2022-06-05;"domingo";"16:50:00";"MG";267;166;"LIMA DUARTE";"Velocidade Incompatível";"Tombamento";"Com Vítimas Feridas";"Pleno dia";"Decrescente";"Céu Claro";"Simples";"Curva";"Não";2;0;1;0;0;1;1;2;-21,85623502;-43,835793;"SPRF-MG";"DEL05-MG";"UOP01-DEL05-MG"
454137;2022-06-05;"domingo";"16:30:00";"RJ";40;123;"DUQUE DE CAXIAS";"Trafegar com motocicleta (ou similar) entre as faixas";"Colisão lateral mesmo sentido";"Com Vítimas Feridas";"Anoitecer";"Crescente";"Nublado";"Dupla";"Reta";"Sim";3;0;0;1;2;0;1;3;-22,79907687;-43,29015739;"SPRF-RJ";"DEL01-RJ";"UOP01-DEL01-RJ"
454141;2022-06-05;"domingo";"18:30:00";"PA";10;187,5;"IPIXUNA DO PARA";"Ultrapassagem Indevida";"Colisão frontal";"Com Vítimas Fatais";"Anoitecer";"Crescente";"Céu Claro";"Simples";"Aclive";"Não";4;2;0;0;1;1;0;3;-2,794196;-47,451664;"SPRF-PA";"DEL02-PA";"UOP01-DEL02-PA"
454144;2022-06-05;"domingo";"18:45:00";"MG";116;283,2;"TEOFILO OTONI";"Pedestre andava na pista";"Atropelamento de Pedestre";"Com Vítimas Feridas";"Plena Noite";"Decrescente";"Ignorado";"Simples";"Curva";"Não";3;0;0;2;0;1;2;3;-17,91016695;-41,52564104;"SPRF-MG";"DEL11-MG";"UOP01-DEL11-MG"
454145;2022-06-05;"domingo";"17:40:00";"MG";50;0,5;"ARAGUARI";"Velocidade Incompatível";"Tombamento";"Com Vítimas Feridas";"Pleno dia";"Crescente";"Céu Claro";"Dupla";"Aclive;Curva";"Não";2;0;1;0;0;1;1;2;-18,42432;-48,068207;"SPRF-MG";"DEL15-MG";"UOP02-DEL15-MG"
454146;2022-06-05;"domingo";"19:25:00";"SE";101;59,8;"ROSARIO DO CATETE";"Ingestão de álcool pelo condutor";"Colisão frontal";"Com Vítimas Feridas";"Plena Noite";"Decrescente";"Chuva";"Simples";"Curva";"Não";2;0;0;1;1;0;1;2;-10,66576804;-37,02953696;"SPRF-SE";"DEL02-SE";"UOP02-DEL02-SE"
454148;2022-06-05;"domingo";"18:57:00";"MT";364;349,2;"SANTO ANTONIO DO LEVERGER";"Velocidade Incompatível";"Tombamento";"Com Vítimas Feridas";"Plena Noite";"Crescente";"Céu Claro";"Dupla";"Curva";"Não";1;0;0;1;0;0;1;1;-15,80518241;-55,55686807;"SPRF-MT";"DEL05-MT";"UOP02-DEL05-MT"
454160;2022-06-05;"domingo";"18:45:00";"GO";364;78;"CACHOEIRA ALTA";"Transitar na contramão";"Colisão frontal";"Sem Vítimas";"Plena Noite";"Crescente";"Céu Claro";"Simples";"Reta";"Não";3;0;0;0;2;2;0;4;-18,602226;-51,045742;"SPRF-GO";"DEL05-GO";"UOP02-DEL05-GO"
454168;2022-06-05;"domingo";"21:15:00";"RS";468;2;"PALMEIRA DAS MISSOES";"Ausência de reação do condutor";"Saída de leito carroçável";"Com Vítimas Feridas";"Plena Noite";"Crescente";"Céu Claro";"Simples";"Reta";"Não";3;0;1;0;0;3;1;4;-27,88164588;-53,30557823;"SPRF-RS";"DEL08-RS";"UOP01-DEL08-RS"
454177;2022-06-05;"domingo";"20:00:00";"MT";364;277;"JACIARA";"Ingestão de álcool pelo condutor";"Saída de leito carroçável";"Com Vítimas Feridas";"Plena Noite";"Decrescente";"Céu Claro";"Simples";"Reta;Declive";"Não";2;0;1;0;0;2;1;3;-15,95076591;-54,99952397;"SPRF-MT";"DEL02-MT";"UOP01-DEL02-MT"
454178;2022-06-05;"domingo";"21:00:00";"MT";364;132;"PEDRA PRETA";"Velocidade Incompatível";"Saída de leito carroçável";"Com Vítimas Feridas";"Plena Noite";"Crescente";"Céu Claro";"Simples";"Curva";"Não";2;0;0;1;0;2;1;3;-16,82976583;-54,03821096;"SPRF-MT";"DEL02-MT";"UOP01-DEL02-MT"