"id";"data_inversa";"dia_semana";"horario";"uf";"br";"km";"municipio";"causa_acidente";"tipo_acidente";"classificacao_acidente";"fase_dia";"sentido_via";"condicao_metereologica";"tipo_pista";"tracado_via";"uso_solo";"pessoas";"mortos";"feridos_leves";"feridos_graves";"ilesos";"ignorados";"feridos";"veiculos";"latitude";"longitude";"regional";"delegacia";"uop"
454511;2022-06-07;"terça-feira";"17:39:00";"PE";101;82,9;"JABOATAO DOS GUARARAPES";"Reação tardia ou ineficiente do condutor";"Engavetamento";"Com Vítimas Feridas";"Anoitecer";"Decrescente";"Céu Claro";"Dupla";"Viaduto";"Sim";6;0;1;1;4;0;2;5;-8,175172;-34,942642;"SPRF-PE";"DEL01-PE";"UOP01-DEL01-PE"
454512;2022-06-07;"terça-feira";"14:12:00";"PE";104;17;"TAQUARITINGA DO NORTE";"Demais falhas mecânicas ou elétricas";"Colisão transversal";"Com Vítimas Feridas";"Pleno dia";"Decrescente";"Céu Claro";"Simples";"Reta";"Não";2;0;0;1;1;0;1;2;-7,931927;-36,11956;"SPRF-PE";"DEL02-PE";"UOP01-DEL02-PE"
454513;2022-06-07;"terça-feira";"14:50:00";"BA";116;290;"TUCANO";"Demais falhas mecânicas ou elétricas";"Incêndio";"Sem Vítimas";"Pleno dia";"Decrescente";"Nublado";"Simples";"Reta";"Não";1;0;0;0;1;0;0;1;-11,09191105;-38,83317732;"SPRF-BA";"DEL02-BA";"UOP01-DEL02-BA"
454514;2022-06-07;"terça-feira";"18:30:00";"BA";116;364,7;"SERRINHA";"Transitar na contramão";"Colisão frontal";"Com Vítimas Fatais";"Plena Noite";"Crescente";"Nublado";"Simples";"Reta";"Não";2;1;0;0;1;0;0;2;-11,70702301;-38,98667233;"SPRF-BA";"DEL02-BA";"UOP01-DEL02-BA"
454519;2022-06-07;"terça-feira";"18:45:00";"MG";381;503;"BETIM";"Velocidade Incompatível";"Engavetamento";"Com Vítimas Feridas";"Plena Noite";"Decrescente";"Céu Claro";"Dupla";"Reta";"Não";4;0;1;0;3;0;1;4;-20,01848;-44,227007;"SPRF-MG";"DEL01-MG";"UOP03-DEL01-MG"
454522;2022-05-06;"sexta-feira";"17:45:00";"ES";101;438,9;"MIMOSO DO SUL";"Entrada inopinada do pedestre";"Atropelamento de Pedestre";"Com Vítimas Feridas";"Anoitecer";"Decrescente";"Céu Claro";"Simples";"Curva";"Não";2;0;0;1;1;0;1;2;-21,07162596;-41,22737646;"SPRF-ES";"DEL03-ES";"UOP02-DEL03-ES"
454523;2022-06-07;"terça-feira";"19:15:00";"MG";267;45,9;"MARIPA DE MINAS";"Desrespeitar a preferência no cruzamento";"Colisão transversal";"Com Vítimas Feridas";"Plena Noite";"Decrescente";"Céu Claro";"Simples";"Reta;Rotatória";"Sim";3;0;0;1;1;1;1;3;-21,68357945;-42,9466561;"SPRF-MG";"DEL07-MG";"UOP01-DEL07-MG"
454524;2022-06-07;"terça-feira";"16:30:00";"PR";153;455,6;"UNIAO DA VITORIA";"Ausência de reação do condutor";"Saída de leito carroçável";"Com Vítimas Feridas";"Pleno dia";"Crescente";"Garoa/Chuvisco";"Simples";"Reta";"Não";3;0;3;0;0;0;3;1;-26,2275072;-51,0656512;"SPRF-PR";"DEL02-PR";"UOP03-DEL02-PR"
454527;2022-06-07;"terça-feira";"19:20:00";"RS";392;68;"PELOTAS";"Velocidade Incompatível";"Tombamento";"Com Vítimas Feridas";"Plena Noite";"Decrescente";"Céu Claro";"Simples";"Curva";"Não";2;0;1;0;0;1;1;2;-31,74853677;-52,40231256;"SPRF-RS";"DEL07-RS";"UOP01-DEL07-RS"
454533;2022-06-07;"terça-feira";"18:25:00";"PR";153;48,9;"SANTO ANTONIO DA PLATINA";"Ausência de sinalização";"Colisão traseira";"Com Vítimas Feridas";"Anoitecer";"Decrescente";"Chuva";"Simples";"Reta";"Não";2;0;1;0;0;1;1;2;-23,34623012;-50,0664882;"SPRF-PR";"DEL07-PR";"UOP04-DEL07-PR"
454534;2022-06-03;"sexta-feira";"18:00:00";"SE";101;152;"ESTANCIA";"Acessar a via sem observar a presença dos outros veículos";"Colisão transversal";"Com Vítimas Feridas";"Plena Noite";"Crescente";"Céu Claro";"Simples";"Reta";"Não";3;0;0;1;1;1;1;3;-11,270024;-37,444016;"SPRF-SE";"DEL02-SE";"UOP01-DEL02-SE"
454544;2022-06-07;"terça-feira";"20:15:00";"ES";101;183;"ARACRUZ";"Velocidade Incompatível";"Colisão transversal";"Com Vítimas Feridas";"Plena Noite";"Crescente";"Céu Claro";"Simples";"Curva";"Não";6;0;4;1;1;0;5;2;-19,64708421;-40,23286555;"SPRF-ES";"DEL04-ES";"UOP01-DEL04-ES"
454548;2022-06-07;"terça-feira";"21:10:00";"PR";376;407,9;"TIBAGI";"Reação tardia ou ineficiente do condutor";"Tombamento";"Com Vítimas Feridas";"Plena Noite";"Decrescente";"Nublado";"Dupla";"Curva";"Não";7;0;2;1;3;2;3;5;-24,59795811;-50,66844106;"SPRF-PR";"DEL03-PR";"UOP02-DEL03-PR"
454551;2022-06-07;"terça-feira";"17:30:00";"SC";116;144,6;"SANTA CECILIA";"Reação tardia ou ineficiente do condutor";"Tombamento";"Com Vítimas Feridas";"Pleno dia";"Decrescente";"Garoa/Chuvisco";"Simples";"Declive;Curva";"Não";4;0;1;0;2;2;1;5;-26,99601058;-50,40248394;"SPRF-SC";"DEL06-SC";"UOP02-DEL06-SC"
454553;2022-04-13;"quarta-feira";"01:15:00";"MG";365;232;"BURITIZEIRO";"Transitar na contramão";"Colisão lateral sentido oposto";"Com Vítimas Feridas";"Plena Noite";"Crescente";"Céu Claro";"Simples";"Reta";"Não";2;0;2;0;0;0;2;2;-17,69161306;-45,41014984;"SPRF-MG";"DEL12-MG";"UOP01-DEL12-MG"
454558;2022-06-07;"terça-feira";"18:55:00";"SC";282;582,1;"PINHALZINHO";"Reação tardia ou ineficiente do condutor";"Saída de leito carroçável";"Sem Vítimas";"Plena Noite";"Crescente";"Nublado";"Simples";"Rotatória";"Não";2;0;0;0;1;1;0;2;-26,82647392;-53,00326109;"SPRF-SC";"DEL07-SC";"UOP02-DEL07-SC"
454560;2022-06-07;"terça-feira";"22:00:00";"SP";116;164,5;"JACAREI";"Acessar a via sem observar a presença dos outros veículos";"Atropelamento de Pedestre";"Com Vítimas Fatais";"Plena Noite";"Crescente";"Chuva";"Dupla";"Reta";"Sim";2;1;0;0;1;0;0;2;-23,29166028;-46,00002382;"SPRF-SP";"DEL02-SP";"UOP01-DEL02-SP"
454565;2022-06-07;"terça-feira";"22:25:00";"SP";116;518;"BARRA DO TURVO";"Ausência de reação do condutor";"Colisão lateral mesmo sentido";"Com Vítimas Feridas";"Plena Noite";"Decrescente";"Garoa/Chuvisco";"Dupla";"Reta";"Não";3;0;0;1;1;1;1;3;-24,88391594;-48,22626356;"SPRF-SP";"DEL05-SP";"UOP02-DEL05-SP"
454567;2022-06-07;"terça-feira";"21:00:00";"SC";101;153,7;"PORTO BELO";"Demais falhas mecânicas ou elétricas";"Colisão traseira";"Com Vítimas Feridas";"Plena Noite";"Decrescente";"Nublado";"Dupla";"Reta";"Sim";4;0;1;0;2;1;1;4;-27,144717;-48,61063935;"SPRF-SC";"DEL04-SC";"UOP03-DEL04-SC"
454571;2022-06-07;"terça-feira";"23:30:00";"RJ";101;241;"SILVA JARDIM";"Condutor Dormindo";"Colisão traseira";"Com Vítimas Feridas";"Plena Noite";"Decrescente";"Céu Claro";"Dupla";"Reta";"Não";3;0;0;1;1;1;1;3;-22,63298511;-42,44557897;"SPRF-RJ";"DEL02-RJ";"UOP03-DEL02-RJ"
454572;2022-06-08;"quarta-feira";"01:30:00";"MG";381;493,3;"BETIM";"Estacionar ou parar em local proibido";"Colisão com objeto";"Com Vítimas Feridas";"Plena Noite";"Crescente";"Céu Claro";"Múltipla";"Reta";"Sim";3;0;1;0;1;1;1;3;-19,9641;-44,17141;"SPRF-MG";"DEL01-MG";"UOP03-DEL01-MG"
454573;2022-06-08;"quarta-feira";"02:40:00";"ES";101;117;"SOORETAMA";"Condutor Dormindo";"Saída de leito carroçável";"Com Vítimas Feridas";"Plena Noite";"Decrescente";"Céu Claro";"Simples";"Reta";"Não";2;0;1;0;1;0;1;1;-19,11932808;-40,06302982;"SPRF-ES";"DEL04-ES";"UOP01-DEL04-ES"
454574;2022-06-08;"quarta-feira";"01:30:00";"SC";101;102;"BALNEARIO PICARRAS";"Reação tardia ou ineficiente do condutor";"Colisão lateral mesmo sentido";"Com Vítimas Feridas";"Plena Noite";"Decrescente";"Nublado";"Dupla";"Reta";"Não";4;0;2;0;1;1;2;3;-26,77383397;-48,68594062;"SPRF-SC";"DEL03-SC";"UOP02-DEL03-SC"
454576;2022-06-07;"terça-feira";"23:30:00";"MA";135;73;"SANTA RITA";"Ausência de reação do condutor";"Saída de leito carroçável";"Com Vítimas Feridas";"Plena Noite";"Decrescente";"Ignorado";"Simples";"Reta";"Não";1;0;1;0;0;0;1;1;-3,16549824;-44,33811857;"SPRF-MA";"DEL01-MA";"UOP02-DEL01-MA"
454578;2022-06-08;"quarta-feira";"05:40:00";"ES";101;269;"SERRA";"Manobra de mudança de faixa";"Colisão lateral mesmo sentido";"Com Vítimas Feridas";"Amanhecer";"Crescente";"Céu Claro";"Múltipla";"Reta";"Sim";3;0;0;2;0;1;2;2;-20,21740496;-40,26990578;"SPRF-ES";"DEL02-ES";"UOP01-DEL02-ES"
454588;2022-06-08;"quarta-feira";"07:30:00";"PR";163;282;"MARECHAL CANDIDO RONDON";"Velocidade Incompatível";"Tombamento";"Com Vítimas Feridas";"Pleno dia";"Crescente";"Nublado";"Simples";"Reta;Declive";"Sim";4;0;1;0;2;4;1;7;-24,57864514;-53,99236214;"SPRF-PR";"DEL06-PR";"UOP02-DEL06-PR"
454589;2022-06-08;"quarta-feira";"01:15:00";"BA";235;140;"JEREMOABO";"Reação tardia ou ineficiente do condutor";"Saída de leito carroçável";"Com Vítimas Fatais";"Plena Noite";"Crescente";"Céu Claro";"Simples";"Curva";"Não";1;1;0;0;0;0;0;1;-9,90200035;-38,79257516;"SPRF-BA";"DEL07-BA";"UOP01-DEL07-BA"
454592;2022-06-08;"quarta-feira";"06:50:00";"MG";381;676,8;"PERDOES";"Ausência de reação do condutor";"Colisão traseira";"Sem Vítimas";"Amanhecer";"Crescente";"Céu Claro";"Simples";"Reta";"Sim";3;0;0;0;2;1;0;3;-21,12375684;-45,09790729;"SPRF-MG";"DEL04-MG";"UOP02-DEL04-MG"
454598;2022-06-08;"quarta-feira";"08:35:00";"RS";386;70,8;"BOA VISTA DAS MISSOES";"Transitar na contramão";"Colisão frontal";"Com Vítimas Fatais";"Pleno dia";"Crescente";"Nevoeiro/Neblina";"Simples";"Reta";"Não";3;1;0;0;1;1;0;3;-27,668911;-53,31282;"SPRF-RS";"DEL08-RS";"UOP02-DEL08-RS"
454599;2022-06-08;"quarta-feira";"06:40:00";"AL";316;269;"SATUBA";"Ausência de sinalização";"Colisão traseira";"Sem Vítimas";"Pleno dia";"Crescente";"Nevoeiro/Neblina";"Simples";"Reta";"Sim";2;0;0;0;2;0;0;2;-9,57589005;-35,83163597;"SPRF-AL";"DEL02-AL";"UOP01-DEL02-AL"
454602;2022-06-07;"terça-feira";"22:00:00";"MG";381;579,2;"CARMOPOLIS DE MINAS";"Mal súbito do condutor";"Saída de leito carroçável";"Com Vítimas Fatais";"Plena Noite";"Decrescente";"Nublado";"Dupla";"Reta;Declive";"Não";2;1;0;0;0;1;0;2;-20,49967704;-44,60847254;"SPRF-MG";"DEL04-MG";"UOP01-DEL04-MG"
454604;2022-06-08;"quarta-feira";"10:20:00";"SC";101;106,5;"PENHA";"Demais falhas mecânicas ou elétricas";"Colisão traseira";"Com Vítimas Feridas";"Pleno dia";"Crescente";"Nublado";"Dupla";"Reta";"Não";5;0;1;1;2;1;2;5;-26,81031601;-48,68293896;"SPRF-SC";"DEL03-SC";"UOP02-DEL03-SC"
454605;2022-06-08;"quarta-feira";"08:10:00";"MA";230;9;"BARAO DE GRAJAU";"Falta de acostamento";"Saída de leito carroçável";"Com Vítimas Feridas";"Pleno dia";"Crescente";"Céu Claro";"Simples";"Reta";"Não";2;0;1;0;1;0;1;1;-6,73250193;-43,08422897;"SPRF-PI";"DEL03-PI";"UOP01-DEL03-PI"
454608;2022-06-08;"quarta-feira";"10:30:00";"MG";40;531;"BELO HORIZONTE";"Acesso irregular";"Colisão transversal";"Com Vítimas Feridas";"Pleno dia";"Crescente";"Céu Claro";"Dupla";"Interseção de Vias";"Sim";2;0;1;0;1;0;1;2;-19,91962483;-44,02522683;"SPRF-MG";"DEL01-MG";"UOP02-DEL01-MG"
454615;2022-06-08;"quarta-feira";"08:50:00";"RO";364;308,8;"PRESIDENTE MEDICI";"Ausência de reação do condutor";"Engavetamento";"Com Vítimas Feridas";"Pleno dia";"Crescente";"Sol";"Simples";"Reta";"Sim";5;0;2;0;2;1;2;4;-11,172427;-61,901573;"SPRF-RO";"DEL02-RO";"UOP01-DEL02-RO"
454617;2022-06-08;"quarta-feira";"10:40:00";"SC";101;331,7;"TUBARAO";"Ausência de reação do condutor";"Colisão traseira";"Com Vítimas Feridas";"Pleno dia";"Crescente";"Céu Claro";"Dupla";"Reta;Viaduto";"Sim";2;0;1;0;1;0;1;2;-28,46574863;-48,9956975;"SPRF-SC";"DEL02-SC";"UOP01-DEL02-SC"
454621;2022-06-08;"quarta-feira";"11:20:00";"PR";369;522;"CASCAVEL";"Acessar a via sem observar a presença dos outros veículos";"Colisão transversal";"Com Vítimas Feridas";"Pleno dia";"Crescente";"Céu Claro";"Simples";"Reta";"Não";3;0;2;0;1;0;2;2;-24,9408;-53,3978;"SPRF-PR";"DEL04-PR";"UOP01-DEL04-PR"
454631;2022-06-08;"quarta-feira";"13:31:00";"RJ";101;209;"CASIMIRO DE ABREU";"Velocidade Incompatível";"Tombamento";"Com Vítimas Feridas";"Pleno dia";"Crescente";"Nublado";"Dupla";"Curva";"Não";1;0;1;0;0;0;1;1;-22,48133694;-42,22930101;"SPRF-RJ";"DEL08-RJ";"UOP04-DEL08-RJ"
454634;2022-06-08;"quarta-feira";"13:55:00";"ES";101;292;"CARIACICA";"Reação tardia ou ineficiente do condutor";"Engavetamento";"Com Vítimas Feridas";"Pleno dia";"Decrescente";"Céu Claro";"Dupla";"Reta";"Sim";6;0;1;0;4;2;1;7;-20,30650512;-40,39488717;"SPRF-ES";"DEL01-ES";"UOP01-DEL01-ES"
454635;2022-06-08;"quarta-feira";"13:20:00";"PR";116;42;"CAMPINA GRANDE DO SUL";"Avarias e/ou desgaste excessivo no pneu";"Tombamento";"Com Vítimas Feridas";"Pleno dia";"Crescente";"Nublado";"Dupla";"Declive;Curva;Ponte";"Não";3;0;1;0;0;2;1;3;-25,1769556;-48,87805581;"SPRF-PR";"DEL01-PR";"UOP02-DEL01-PR"
454641;2022-06-08;"quarta-feira";"14:10:00";"TO";153;96;"WANDERLANDIA";"Reação tardia ou ineficiente do condutor";"Saída de leito carroçável";"Com Vítimas Feridas";"Pleno dia";"Decrescente";"Sol";"Simples";"Declive";"Não";2;0;1;0;0;1;1;2;-6,87698114;-47,9890528;"SPRF-TO";"DEL02-TO";"UOP01-DEL02-TO"
454642;2022-06-08;"quarta-feira";"13:05:00";"ES";101;185;"ARACRUZ";"Ausência de reação do condutor";"Colisão traseira";"Com Vítimas Feridas";"Pleno dia";"Crescente";"Céu Claro";"Simples";"Reta";"Não";2;0;1;0;1;0;1;2;-19,66049104;-40,24098998;"SPRF-ES";"DEL04-ES";"UOP01-DEL04-ES"
454645;2022-06-08;"quarta-feira";"15:30:00";"CE";222;7;"CAUCAIA";"Manobra de mudança de faixa";"Colisão lateral mesmo sentido";"Com Vítimas Feridas";"Pleno dia";"Decrescente";"Céu Claro";"Dupla";"Reta";"Não";2;0;1;0;0;1;1;2;-3,75129387;-38,63349795;"SPRF-CE";"DEL01-CE";"UOP01-DEL01-CE"
454648;2022-06-08;"quarta-feira";"15:15:00";"SC";101;402,2;"MARACAJA";"Demais falhas mecânicas ou elétricas";"Incêndio";"Sem Vítimas";"Pleno dia";"Decrescente";"Nublado";"Dupla";"Reta";"Não";2;0;0;0;1;1;0;2;-28,86330994;-49,44595308;"SPRF-SC";"DEL02-SC";"UOP02-DEL02-SC"
454649;2022-06-08;"quarta-feira";"16:00:00";"CE";20;403;"CAUCAIA";"Condutor deixou de manter distância do veículo da frente";"Colisão traseira";"Sem Vítimas";"Pleno dia";"Decrescente";"Céu Claro";"Simples";"Reta";"Não";2;0;0;0;2;0;0;2;-3,78330069;-38,69351522;"SPRF-CE";"DEL01-CE";"UOP01-DEL01-CE"
454652;2022-02-16;"quarta-feira";"06:00:00";"MG";153;23;"CENTRALINA";"Objeto estático sobre o leito carroçável";"Colisão com objeto";"Com Vítimas Feridas";"Amanhecer";"Decrescente";"Nublado";"Dupla";"Reta";"Não";3;0;0;1;1;6;1;8;-18,62303102;-49,18751103;"SPRF-MG";"DEL15-MG";"UOP03-DEL15-MG"
454654;2022-06-08;"quarta-feira";"13:35:00";"PR";153;47,1;"SANTO ANTONIO DA PLATINA";"Manobra de mudança de faixa";"Colisão lateral mesmo sentido";"Com Vítimas Feridas";"Pleno dia";"Crescente";"Céu Claro";"Simples";"Curva";"Não";6;0;0;2;3;6;2;10;-23,33739902;-50,06723975;"SPRF-PR";"DEL07-PR";"UOP04-DEL07-PR"
454655;2022-06-08;"quarta-feira";"14:40:00";"SC";101;242,1;"PALHOCA";"Reação tardia ou ineficiente do condutor";"Colisão lateral mesmo sentido";"Com Vítimas Feridas";"Pleno dia";"Decrescente";"Nublado";"Dupla";"Reta";"Não";4;0;2;0;2;0;2;2;-27,8852258;-48,64768088;"SPRF-SC";"DEL01-SC";"UOP02-DEL01-SC"
454657;2022-06-08;"quarta-feira";"13:15:00";"PR";277;726;"FOZ DO IGUACU";"Reação tardia ou ineficiente do condutor";"Tombamento";"Sem Vítimas";"Pleno dia";"Decrescente";"Nublado";"Dupla";"Reta";"Sim";2;0;0;0;0;2;0;2;-25,5106015;-54,55481999;"SPRF-PR";"DEL05-PR";"UOP03-DEL05-PR"
454658;2022-06-08;"quarta-feira";"12:00:00";"MT";163;99;"RONDONOPOLIS";"Ausência de reação do condutor";"Saída de leito carroçável";"Com Vítimas Feridas";"Pleno dia";"Decrescente";"Céu Claro";"Dupla";"Reta";"Não";2;0;1;0;0;1;1;2;-16,66880219;-54,67722836;"SPRF-MT";"DEL02-MT";"UOP01-DEL02-MT"
454661;2022-06-08;"quarta-feira";"17:20:00";"MG";381;499,5;"BETIM";"Condutor deixou de manter distância do veículo da frente";"Colisão traseira";"Com Vítimas Feridas";"Pleno dia";"Decrescente";"Céu Claro";"Dupla";"Aclive";"Não";4;0;1;0;3;0;1;3;-20,01792651;-44,2261448;"SPRF-MG";"DEL01-MG";"UOP03-DEL01-MG"
454667;2022-06-08;"quarta-feira";"17:10:00";"RJ";493;99;"SEROPEDICA";"Ausência de reação do condutor";"Saída de leito carroçável";"Com Vítimas Feridas";"Anoitecer";"Decrescente";"Chuva";"Dupla";"Reta";"Sim";2;0;0;1;0;1;1;2;-22,72016822;-43,70693971;"SPRF-RJ";"DEL03-RJ";"UOP01-DEL03-RJ"
454690;2022-06-08;"quarta-feira";"19:20:00";"SP";116;280;"EMBU DAS ARTES";"Condutor deixou de manter distância do veículo da frente";"Colisão traseira";"Com Vítimas Feridas";"Plena Noite";"Decrescente";"Nublado";"Dupla";"Reta";"Sim";3;0;2;0;0;1;2;2;-23,66996108;-46,85590758;"SPRF-SP";"DEL04-SP";"UOP01-DEL04-SP"
454695;2022-06-08;"quarta-feira";"17:30:00";"PR";277;581,2;"CASCAVEL";"Desrespeitar a preferência no cruzamento";"Colisão transversal";"Com Vítimas Feridas";"Pleno dia";"Crescente";"Céu Claro";"Simples";"Reta";"Não";2;0;1;0;1;0;1;2;-24,98125257;-53,37778678;"SPRF-PR";"DEL04-PR";"UOP01-DEL04-PR"
454700;2022-06-08;"quarta-feira";"18:30:00";"MT";70;377,5;"CAMPO VERDE";"Condutor Dormindo";"Colisão frontal";"Com Vítimas Feridas";"Plena Noite";"Crescente";"Nublado";"Simples";"Reta";"Sim";3;0;1;0;1;1;1;3;-15,53684302;-55,14027542;"SPRF-MT";"DEL05-MT";"UOP02-DEL05-MT"
454705;2022-06-08;"quarta-feira";"19:40:00";"PR";116;40;"CAMPINA GRANDE DO SUL";"Velocidade Incompatível";"Saída de leito carroçável";"Com Vítimas Feridas";"Plena Noite";"Crescente";"Chuva";"Dupla";"Reta";"Não";2;0;1;0;0;1;1;2;-25,16445203;-48,86237697;"SPRF-PR";"DEL01-PR";"UOP02-DEL01-PR"
454707;2022-06-08;"quarta-feira";"18:20:00";"SC";101;43;"JOINVILLE";"Desrespeitar a preferência no cruzamento";"Colisão transversal";"Com Vítimas Feridas";"Plena Noite";"Crescente";"Nublado";"Simples";"Reta";"Sim";2;0;0;1;1;0;1;2;-26,30357106;-48,88225609;"SPRF-SC";"DEL03-SC";"UOP01-DEL03-SC"
454708;2022-06-08;"quarta-feira";"20:10:00";"PE";423;63,8;"LAJEDO";"Ingestão de álcool e/ou substâncias psicoativas pelo pedestre";"Atropelamento de Pedestre";"Com Vítimas Fatais";"Plena Noite";"Crescente";"Nublado";"Simples";"Reta;Aclive";"Não";3;1;1;0;0;1;1;3;-8,66219547;-36,34708912;"SPRF-PE";"DEL03-PE";"UOP01-DEL03-PE"
454716;2022-06-07;"terça-feira";"01:05:00";"PR";476;352,6;"UNIAO DA VITORIA";"Condutor deixou de manter distância do veículo da frente";"Colisão traseira";"Com Vítimas Feridas";"Plena Noite";"Decrescente";"Chuva";"Simples";"Reta";"Não";2;0;1;0;1;0;1;2;-26,197689;-50,992706;"SPRF-PR";"DEL02-PR";"UOP03-DEL02-PR"
454717;2022-06-08;"quarta-feira";"17:20:00";"MG";365;47;"CLARO DOS POCOES";"Reação tardia ou ineficiente do condutor";"Tombamento";"Com Vítimas Feridas";"Anoitecer";"Crescente";"Céu Claro";"Simples";"Reta";"Não";2;0;0;1;0;1;1;2;-16,92733795;-44,21992008;"SPRF-MG";"DEL12-MG";"UOP01-DEL12-MG"
454718;2022-06-08;"quarta-feira";"18:40:00";"MG";116;442;"ENGENHEIRO CALDAS";"Velocidade Incompatível";"Colisão traseira";"Sem Vítimas";"Plena Noite";"Decrescente";"Céu Claro";"Simples";"Reta";"Não";2;0;0;0;2;0;0;2;-19,09304397;-42,00040903;"SPRF-MG";"DEL06-MG";"UOP01-DEL06-MG"
454720;2022-06-08;"quarta-feira";"18:30:00";"GO";452;40;"SANTA HELENA DE GOIAS";"Reação tardia ou ineficiente do condutor";"Saída de leito carroçável";"Com Vítimas Feridas";"Plena Noite";"Crescente";"Céu Claro";"Simples";"Reta";"Não";2;0;1;0;0;2;1;3;-17,92761132;-50,55878055;"SPRF-GO";"DEL04-GO";"UOP01-DEL04-GO"
454726;2022-06-08;"quarta-feira";"17:00:00";"MA";222;620;"ACAILANDIA";"Velocidade Incompatível";"Tombamento";"Com Vítimas Feridas";"Pleno dia";"Decrescente";"Céu Claro";"Simples";"Curva";"Não";3;0;1;0;0;2;1;2;-4,74626624;-47,03632781;"SPRF-MA";"DEL04-MA";"UOP03-DEL04-MA"
454727;2022-06-08;"quarta-feira";"23:10:00";"MG";381;592,4;"CARMOPOLIS DE MINAS";"Velocidade Incompatível";"Tombamento";"Com Vítimas Feridas";"Plena Noite";"Decrescente";"Céu Claro";"Dupla";"Reta";"Não";1;0;1;0;0;0;1;1;-20,57880683;-44,6872411;"SPRF-MG";"DEL04-MG";"UOP01-DEL04-MG"
454728;2022-06-08;"quarta-feira";"15:50:00";"MT";70;268;"PRIMAVERA DO LESTE";"Ingestão de álcool pelo condutor";"Tombamento";"Sem Vítimas";"Pleno dia";"Crescente";"Nublado";"Simples";"Reta";"Não";2;0;0;0;1;1;0;2;-15,53676818;-54,19777526;"SPRF-MT";"DEL05-MT";"UOP01-DEL05-MT"
454730;2022-06-08;"quarta-feira";"20:46:00";"PR";476;357;"UNIAO DA VITORIA";"Transitar na contramão";"Colisão frontal";"Com Vítimas Fatais";"Plena Noite";"Decrescente";"Céu Claro";"Simples";"Reta";"Sim";3;1;0;0;1;2;0;4;-26,197399;-51,04232;"SPRF-PR";"DEL02-PR";"UOP03-DEL02-PR"
454736;2022-06-09;"quinta-feira";"00:10:00";"MT";364;250;"JUSCIMEIRA";"Ausência de reação do condutor";"Colisão traseira";"Com Vítimas Feridas";"Plena Noite";"Crescente";"Chuva";"Dupla";"Reta;Aclive";"Não";3;0;1;0;1;3;1;5;-16,121183;-54,851655;"SPRF-MT";"DEL02-MT";"UOP01-DEL02-MT"
454737;2022-06-09;"quinta-feira";"01:00:00";"MS";262;300,6;"CAMPO GRANDE";"Transitar na contramão";"Colisão frontal";"Com Vítimas Fatais";"Plena Noite";"Crescente";"Nevoeiro/Neblina";"Simples";"Reta";"Não";3;1;0;0;2;0;0;2;-20,49934466;-54,29493082;"SPRF-MS";"DEL01-MS";"UOP01-DEL01-MS"
454738;2022-06-08;"quarta-feira";"20:30:00";"BA";101;701;"EUNAPOLIS";"Condutor Dormindo";"Colisão lateral sentido oposto";"Com Vítimas Feridas";"Plena Noite";"Decrescente";"Céu Claro";"Simples";"Curva";"Não";3;0;1;0;1;1;1;3;-16,25451895;-39,5974946;"SPRF-BA";"DEL09-BA";"UOP01-DEL09-BA"
454739;2022-06-09;"quinta-feira";"03:50:00";"SC";101;264;"GAROPABA";"Entrada inopinada do pedestre";"Atropelamento de Pedestre";"Com Vítimas Fatais";"Plena Noite";"Decrescente";"Nublado";"Dupla";"Reta";"Não";3;1;0;0;1;1;0;3;-28,0544661;-48,7172716;"SPRF-SC";"DEL02-SC";"UOP03-DEL02-SC"
454740;2022-06-09;"quinta-feira";"04:30:00";"RJ";116;279,3;"BARRA MANSA";"Demais falhas mecânicas ou elétricas";"Incêndio";"Sem Vítimas";"Plena Noite";"Crescente";"Nublado";"Dupla";"Curva";"Não";2;0;0;0;1;1;0;2;-22,54744306;-44,1836602;"SPRF-RJ";"DEL07-RJ";"UOP02-DEL07-RJ"
454741;2022-06-09;"quinta-feira";"05:10:00";"PR";277;687;"SAO MIGUEL DO IGUACU";"Demais falhas mecânicas ou elétricas";"Colisão com objeto";"Com Vítimas Feridas";"Plena Noite";"Decrescente";"Céu Claro";"Dupla";"Reta";"Sim";4;0;1;0;2;1;1;4;-25,34377452;-54,22446208;"SPRF-PR";"DEL05-PR";"UOP01-DEL05-PR"
454742;2022-06-09;"quinta-feira";"05:59:00";"ES";101;313;"VILA VELHA";"Transitar na contramão";"Colisão frontal";"Com Vítimas Feridas";"Amanhecer";"Crescente";"Céu Claro";"Simples";"Reta";"Não";3;0;1;0;2;0;1;3;-20,45266304;-40,46227791;"SPRF-ES";"DEL01-ES";"UOP01-DEL01-ES"
454743;2022-06-09;"quinta-feira";"05:26:00";"RS";386;418,7;"MONTENEGRO";"Acessar a via sem observar a presença dos outros veículos";"Colisão transversal";"Com Vítimas Feridas";"Plena Noite";"Decrescente";"Nevoeiro/Neblina";"Simples";"Declive";"Não";3;0;1;0;1;2;1;4;-29,81767324;-51,43381476;"SPRF-RS";"DEL04-RS";"UOP02-DEL04-RS"
454744;2022-06-08;"quarta-feira";"18:00:00";"MS";158;27,5;"PARANAIBA";"Reação tardia ou ineficiente do condutor";"Colisão lateral sentido oposto";"Com Vítimas Feridas";"Anoitecer";"Decrescente";"Chuva";"Simples";"Reta";"Não";3;0;1;0;1;3;1;5;-19,219303;-51,523699;"SPRF-MS";"DEL08-MS";"UOP01-DEL08-MS"