"id";"data_inversa";"dia_semana";"horario";"uf";"br";"km";"municipio";"causa_acidente";"tipo_acidente";"classificacao_acidente";"fase_dia";"sentido_via";"condicao_metereologica";"tipo_pista";"tracado_via";"uso_solo";"pessoas";"mortos";"feridos_leves";"feridos_graves";"ilesos";"ignorados";"feridos";"veiculos";"latitude";"longitude";"regional";"delegacia";"uop"
455481;2022-06-12;"domingo";"18:30:00";"PR";153;344;"REBOUCAS";"Ingestão de álcool pelo condutor";"Colisão frontal";"Sem Vítimas";"Plena Noite";"Decrescente";"Céu Claro";"Simples";"Reta";"Não";5;0;0;0;4;1;0;4;-25,56118096;-50,67815908;"SPRF-PR";"DEL08-PR";"UOP02-DEL08-PR"
455485;2022-06-12;"domingo";"17:30:00";"MG";365;530;"MONTE CARMELO";"Ingestão de álcool pelo condutor";"Colisão transversal";"Sem Vítimas";"Anoitecer";"Crescente";"Céu Claro";"Simples";"Reta";"Não";4;0;0;0;3;1;0;4;-18,92260908;-47,49779397;"SPRF-MG";"DEL10-MG";"UOP01-DEL10-MG"
455490;2022-06-12;"domingo";"21:20:00";"RS";386;245,3;"SOLEDADE";"Ingestão de álcool pelo condutor";"Colisão transversal";"Sem Vítimas";"Plena Noite";"Decrescente";"Céu Claro";"Simples";"Interseção de Vias;Reta";"Sim";5;0;0;0;4;1;0;3;-28,80344434;-52,50803059;"SPRF-RS";"DEL04-RS";"UOP03-DEL04-RS"
455492;2022-06-12;"domingo";"21:35:00";"MG";50;115;"UBERABA";"Reação tardia ou ineficiente do condutor";"Saída de leito carroçável";"Com Vítimas Feridas";"Plena Noite";"Decrescente";"Céu Claro";"Dupla";"Reta";"Não";1;0;1;0;0;0;1;1;-19,26611991;-48,12839379;"SPRF-MG";"DEL13-MG";"UOP01-DEL13-MG"
455501;2022-06-12;"domingo";"14:05:00";"MG";116;592,8;"MANHUACU";"Demais falhas mecânicas ou elétricas";"Tombamento";"Com Vítimas Feridas";"Plena Noite";"Decrescente";"Nublado";"Simples";"Curva";"Não";3;0;2;0;0;1;2;2;-20,27018211;-42,14428578;"SPRF-MG";"DEL06-MG";"UOP03-DEL06-MG"
455503;2022-06-12;"domingo";"22:00:00";"CE";222;301;"TIANGUA";"Demais falhas mecânicas ou elétricas";"Incêndio";"Sem Vítimas";"Plena Noite";"Crescente";"Céu Claro";"Simples";"Curva";"Não";1;0;0;0;1;0;0;1;-3,66159701;-40,940041;"SPRF-CE";"DEL04-CE";"UOP02-DEL04-CE"
455509;2022-06-12;"domingo";"23:30:00";"PB";230;130,4;"MASSARANDUBA";"Velocidade Incompatível";"Tombamento";"Com Vítimas Feridas";"Plena Noite";"Decrescente";"Céu Claro";"Dupla";"Declive";"Não";1;0;1;0;0;0;1;1;-7,2685;-35,7213;"SPRF-PB";"DEL02-PB";"UOP01-DEL02-PB"
455514;2022-01-19;"quarta-feira";"09:20:00";"PI";316;0;"TERESINA";"Condutor deixou de manter distância do veículo da frente";"Colisão lateral mesmo sentido";"Com Vítimas Feridas";"Pleno dia";"Decrescente";"Céu Claro";"Simples";"Ponte";"Sim";3;0;1;1;0;3;2;5;-5,131168;-42,81564;"SPRF-PI";"DEL01-PI";"UOP02-DEL01-PI"
455525;2022-06-13;"segunda-feira";"00:45:00";"RS";290;215;"PANTANO GRANDE";"Acessar a via sem observar a presença dos outros veículos";"Colisão transversal";"Com Vítimas Feridas";"Plena Noite";"Crescente";"Céu Claro";"Simples";"Rotatória";"Sim";2;0;0;1;1;0;1;2;-30,188616;-52,366409;"SPRF-RS";"DEL02-RS";"UOP03-DEL02-RS"
455530;2022-06-13;"segunda-feira";"02:40:00";"MS";158;111;"PARANAIBA";"Demais falhas mecânicas ou elétricas";"Incêndio";"Sem Vítimas";"Plena Noite";"Crescente";"Nublado";"Simples";"Reta";"Não";2;0;0;0;1;1;0;2;-19,796205;-51,11301;"SPRF-MS";"DEL08-MS";"UOP01-DEL08-MS"
455534;2022-06-13;"segunda-feira";"04:45:00";"CE";222;24;"CAUCAIA";"Ausência de reação do condutor";"Tombamento";"Com Vítimas Feridas";"Amanhecer";"Decrescente";"Céu Claro";"Dupla";"Desvio Temporário";"Não";2;0;1;0;1;0;1;1;-3,72993822;-38,76858609;"SPRF-CE";"DEL01-CE";"UOP01-DEL01-CE"
455542;2022-06-13;"segunda-feira";"06:18:00";"MG";381;504;"BETIM";"Reação tardia ou ineficiente do condutor";"Colisão traseira";"Com Vítimas Feridas";"Amanhecer";"Decrescente";"Céu Claro";"Dupla";"Reta";"Sim";2;0;1;0;1;0;1;2;-20,04164508;-44,26386697;"SPRF-MG";"DEL01-MG";"UOP03-DEL01-MG"
455562;2022-06-13;"segunda-feira";"08:10:00";"PE";232;7;"RECIFE";"Acessar a via sem observar a presença dos outros veículos";"Colisão lateral mesmo sentido";"Sem Vítimas";"Pleno dia";"Decrescente";"Céu Claro";"Dupla";"Interseção de Vias";"Sim";2;0;0;0;2;0;0;2;-8,07333497;-34,96184301;"SPRF-PE";"DEL01-PE";"UOP01-DEL01-PE"
455568;2022-06-13;"segunda-feira";"07:45:00";"RO";364;232,5;"CACOAL";"Condutor deixou de manter distância do veículo da frente";"Colisão traseira";"Com Vítimas Feridas";"Pleno dia";"Crescente";"Sol";"Simples";"Declive;Reta";"Não";3;0;1;0;2;0;1;2;-11,462989;-61,41196;"SPRF-RO";"DEL02-RO";"UOP02-DEL02-RO"
455578;2022-06-12;"domingo";"17:20:00";"MT";174;475;"COMODORO";"Demais falhas mecânicas ou elétricas";"Incêndio";"Sem Vítimas";"Plena Noite";"Crescente";"Céu Claro";"Simples";"Reta";"Não";2;0;0;0;1;3;0;4;-13,75323994;-59,77474465;"SPRF-MT";"DEL04-MT";"UOP01-DEL04-MT"
455581;2022-06-13;"segunda-feira";"09:30:00";"SC";282;209;"LAGES";"Reação tardia ou ineficiente do condutor";"Engavetamento";"Com Vítimas Feridas";"Pleno dia";"Decrescente";"Céu Claro";"Simples";"Reta";"Não";8;0;1;0;6;1;1;4;-27,776926;-50,221893;"SPRF-SC";"DEL05-SC";"UOP01-DEL05-SC"
455583;2022-06-13;"segunda-feira";"09:50:00";"MG";381;489,9;"BETIM";"Problema com o freio";"Colisão transversal";"Sem Vítimas";"Pleno dia";"Decrescente";"Sol";"Dupla";"Reta";"Sim";3;0;0;0;2;1;0;3;-19,95665969;-44,14136052;"SPRF-MG";"DEL01-MG";"UOP03-DEL01-MG"
455584;2022-06-13;"segunda-feira";"10:30:00";"PR";116;111;"CURITIBA";"Condutor deixou de manter distância do veículo da frente";"Engavetamento";"Com Vítimas Feridas";"Pleno dia";"Decrescente";"Céu Claro";"Dupla";"Reta";"Sim";7;0;1;0;5;3;1;9;-25,56885181;-49,22724597;"SPRF-PR";"DEL01-PR";"UOP06-DEL01-PR"
455592;2022-06-11;"sábado";"16:10:00";"BA";101;718;"EUNAPOLIS";"Demais falhas mecânicas ou elétricas";"Colisão com objeto";"Sem Vítimas";"Pleno dia";"Crescente";"Céu Claro";"Simples";"Declive";"Sim";3;0;0;0;3;0;0;3;-16,37;-39,58;"SPRF-BA";"DEL09-BA";"UOP01-DEL09-BA"
455594;2022-06-13;"segunda-feira";"12:10:00";"SP";116;355;"MIRACATU";"Manobra de mudança de faixa";"Colisão lateral mesmo sentido";"Com Vítimas Feridas";"Pleno dia";"Crescente";"Céu Claro";"Dupla";"Curva";"Não";6;0;1;0;4;1;1;3;-24,08289401;-47,25237399;"SPRF-SP";"DEL04-SP";"UOP02-DEL04-SP"
455597;2022-06-13;"segunda-feira";"12:05:00";"RS";158;141,9;"CONDOR";"Mal súbito do condutor";"Colisão lateral sentido oposto";"Com Vítimas Fatais";"Pleno dia";"Decrescente";"Céu Claro";"Simples";"Ponte;Reta";"Não";5;1;0;0;3;2;0;5;-28,21609295;-53,47008348;"SPRF-RS";"DEL10-RS";"UOP02-DEL10-RS"
455598;2022-04-21;"quinta-feira";"07:30:00";"MT";364;55,8;"ALTO GARCAS";"Curva acentuada";"Colisão lateral sentido oposto";"Com Vítimas Fatais";"Pleno dia";"Decrescente";"Céu Claro";"Simples";"Aclive";"Não";3;1;0;0;1;5;0;7;-16,95268297;-53,52608392;"SPRF-MT";"DEL02-MT";"UOP02-DEL02-MT"
455604;2022-03-03;"quinta-feira";"18:10:00";"MT";163;828;"SINOP";"Ausência de reação do condutor";"Colisão lateral mesmo sentido";"Com Vítimas Feridas";"Anoitecer";"Decrescente";"Céu Claro";"Simples";"Reta";"Sim";4;0;1;0;2;4;1;6;-11,92849326;-55,51288605;"SPRF-MT";"DEL06-MT";"UOP01-DEL06-MT"
455605;2022-05-24;"terça-feira";"15:43:00";"RJ";101;311;"SAO GONCALO";"Frear bruscamente";"Colisão com objeto";"Com Vítimas Feridas";"Pleno dia";"Crescente";"Céu Claro";"Dupla";"Reta";"Sim";3;0;1;0;2;0;1;3;-22,79309326;-43,02479595;"SPRF-RJ";"DEL02-RJ";"UOP02-DEL02-RJ"
455607;2022-06-13;"segunda-feira";"11:50:00";"SC";282;278;"SAO JOSE DO CERRITO";"Acessar a via sem observar a presença dos outros veículos";"Colisão transversal";"Sem Vítimas";"Pleno dia";"Crescente";"Céu Claro";"Simples";"Reta";"Sim";2;0;0;0;1;1;0;2;-27,5835106;-50,7542647;"SPRF-SC";"DEL05-SC";"UOP02-DEL05-SC"
455609;2022-06-13;"segunda-feira";"13:00:00";"MG";381;404;"BOM JESUS DO AMPARO";"Problema com o freio";"Engavetamento";"Com Vítimas Feridas";"Pleno dia";"Decrescente";"Céu Claro";"Simples";"Reta";"Não";8;0;1;2;4;1;3;6;-19,7490622;-43,54398027;"SPRF-MG";"DEL01-MG";"UOP01-DEL01-MG"
455616;2022-06-13;"segunda-feira";"15:10:00";"MG";267;127;"JUIZ DE FORA";"Ausência de reação do condutor";"Saída de leito carroçável";"Com Vítimas Feridas";"Pleno dia";"Crescente";"Céu Claro";"Simples";"Reta";"Não";1;0;1;0;0;0;1;1;-21,71706658;-43,52762212;"SPRF-MG";"DEL05-MG";"UOP01-DEL05-MG"
455623;2022-06-13;"segunda-feira";"16:15:00";"MA";10;264;"IMPERATRIZ";"Condutor deixou de manter distância do veículo da frente";"Colisão traseira";"Com Vítimas Feridas";"Pleno dia";"Crescente";"Céu Claro";"Simples";"Reta";"Não";6;0;2;0;4;0;2;2;-5,427237;-47,472755;"SPRF-MA";"DEL04-MA";"UOP01-DEL04-MA"
455632;2022-06-13;"segunda-feira";"16:10:00";"PR";373;179,8;"PONTA GROSSA";"Velocidade Incompatível";"Colisão transversal";"Com Vítimas Feridas";"Pleno dia";"Decrescente";"Céu Claro";"Simples";"Reta";"Não";2;0;1;0;1;0;1;2;-25,04281018;-50,23950211;"SPRF-PR";"DEL03-PR";"UOP01-DEL03-PR"
455636;2022-06-13;"segunda-feira";"16:35:00";"RS";386;404;"TRIUNFO";"Ultrapassagem Indevida";"Colisão lateral mesmo sentido";"Com Vítimas Feridas";"Pleno dia";"Crescente";"Céu Claro";"Simples";"Reta";"Não";6;0;2;0;4;0;2;3;-29,773928;-51,570385;"SPRF-RS";"DEL04-RS";"UOP02-DEL04-RS"
455643;2022-06-13;"segunda-feira";"18:05:00";"PR";277;714;"SANTA TEREZINHA DE ITAIPU";"Ausência de reação do condutor";"Colisão lateral mesmo sentido";"Sem Vítimas";"Anoitecer";"Decrescente";"Céu Claro";"Dupla";"Reta";"Não";3;0;0;0;2;1;0;3;-25,4650714;-54,44902954;"SPRF-PR";"DEL05-PR";"UOP01-DEL05-PR"
455650;2022-06-13;"segunda-feira";"11:00:00";"RJ";40;103,6;"DUQUE DE CAXIAS";"Ausência de reação do condutor";"Colisão traseira";"Com Vítimas Feridas";"Pleno dia";"Crescente";"Céu Claro";"Múltipla";"Reta";"Sim";2;0;1;0;0;1;1;2;-22,62009;-43,286922;"SPRF-RJ";"DEL01-RJ";"UOP01-DEL01-RJ"
455652;2022-06-13;"segunda-feira";"16:55:00";"PR";116;205,4;"RIO NEGRO";"Transitar na contramão";"Colisão lateral mesmo sentido";"Com Vítimas Feridas";"Pleno dia";"Decrescente";"Céu Claro";"Simples";"Aclive;Curva";"Sim";8;0;1;0;6;1;1;5;-26,07679039;-49,75049257;"SPRF-SC";"DEL06-SC";"UOP01-DEL06-SC"
455658;2022-06-13;"segunda-feira";"13:00:00";"SC";470;255,9;"CURITIBANOS";"Transitar na contramão";"Colisão frontal";"Com Vítimas Fatais";"Pleno dia";"Decrescente";"Céu Claro";"Simples";"Curva";"Não";5;1;0;0;3;2;0;5;-27,3089026;-50,6459737;"SPRF-SC";"DEL05-SC";"UOP03-DEL05-SC"
455670;2022-06-13;"segunda-feira";"18:45:00";"MG";40;790,8;"JUIZ DE FORA";"Ausência de reação do condutor";"Saída de leito carroçável";"Com Vítimas Feridas";"Plena Noite";"Decrescente";"Nublado";"Dupla";"Curva";"Não";5;0;2;0;2;1;2;4;-21,77922124;-43,42576012;"SPRF-MG";"DEL05-MG";"UOP01-DEL05-MG"
455671;2022-06-13;"segunda-feira";"20:30:00";"PR";116;23,3;"ANTONINA";"Velocidade Incompatível";"Tombamento";"Com Vítimas Feridas";"Plena Noite";"Decrescente";"Céu Claro";"Dupla";"Curva";"Não";1;0;1;0;0;0;1;1;-25,1104764;-48,75592011;"SPRF-PR";"DEL01-PR";"UOP02-DEL01-PR"
455672;2022-06-13;"segunda-feira";"19:50:00";"SC";280;10;"SAO FRANCISCO DO SUL";"Velocidade Incompatível";"Colisão com objeto";"Com Vítimas Feridas";"Plena Noite";"Decrescente";"Céu Claro";"Simples";"Reta";"Sim";3;0;0;1;1;1;1;3;-26,29625399;-48,64238799;"SPRF-SC";"DEL03-SC";"UOP03-DEL03-SC"
455677;2022-06-13;"segunda-feira";"19:10:00";"RS";285;118,4;"VACARIA";"Acessar a via sem observar a presença dos outros veículos";"Colisão transversal";"Com Vítimas Feridas";"Plena Noite";"Decrescente";"Céu Claro";"Simples";"Reta";"Sim";2;0;0;1;1;0;1;2;-28,508183;-50,912724;"SPRF-RS";"DEL05-RS";"UOP03-DEL05-RS"
455682;2022-06-13;"segunda-feira";"20:40:00";"RS";116;398;"CAMAQUA";"Ausência de reação do condutor";"Colisão lateral sentido oposto";"Com Vítimas Feridas";"Plena Noite";"Decrescente";"Céu Claro";"Simples";"Reta";"Sim";3;0;1;0;1;1;1;3;-30,86172875;-51,79225916;"SPRF-RS";"DEL02-RS";"UOP02-DEL02-RS"
455690;2022-06-13;"segunda-feira";"16:40:00";"CE";116;238;"ALTO SANTO";"Pista esburacada";"Tombamento";"Sem Vítimas";"Pleno dia";"Crescente";"Sol";"Dupla";"Reta";"Não";2;0;0;0;1;1;0;2;-5,4334618;-38,31208713;"SPRF-CE";"DEL03-CE";"UOP01-DEL03-CE"
455696;2022-05-16;"segunda-feira";"22:35:00";"SC";470;226,5;"SAO CRISTOVAO DO SUL";"Ausência de reação do condutor";"Colisão frontal";"Com Vítimas Fatais";"Plena Noite";"Decrescente";"Nublado";"Simples";"Curva";"Não";3;1;0;0;1;2;0;4;-27,3278415;-50,36595693;"SPRF-SC";"DEL05-SC";"UOP03-DEL05-SC"
455697;2022-06-13;"segunda-feira";"22:30:00";"MG";365;183,7;"BURITIZEIRO";"Pista esburacada";"Saída de leito carroçável";"Com Vítimas Feridas";"Plena Noite";"Decrescente";"Céu Claro";"Simples";"Reta";"Não";2;0;0;1;0;1;1;2;-17,42205;-45,111675;"SPRF-MG";"DEL12-MG";"UOP01-DEL12-MG"
455700;2022-06-13;"segunda-feira";"21:50:00";"PR";153;365,5;"RIO AZUL";"Manobra de mudança de faixa";"Saída de leito carroçável";"Com Vítimas Feridas";"Plena Noite";"Decrescente";"Céu Claro";"Simples";"Reta";"Não";2;0;1;0;1;0;1;1;-25,7080611;-50,7839591;"SPRF-PR";"DEL08-PR";"UOP02-DEL08-PR"
455706;2022-06-13;"segunda-feira";"23:20:00";"MA";222;661,4;"ACAILANDIA";"Ingestão de álcool pelo condutor";"Colisão frontal";"Com Vítimas Feridas";"Plena Noite";"Decrescente";"Céu Claro";"Simples";"Reta";"Sim";4;0;2;0;1;1;2;3;-4,87587256;-47,35338025;"SPRF-MA";"DEL04-MA";"UOP03-DEL04-MA"
455707;2022-06-13;"segunda-feira";"20:00:00";"BA";101;817;"ITAMARAJU";"Curva acentuada";"Tombamento";"Com Vítimas Feridas";"Plena Noite";"Decrescente";"Céu Claro";"Simples";"Curva";"Não";2;0;1;0;0;1;1;2;-17,091541;-39,570419;"SPRF-BA";"DEL09-BA";"UOP02-DEL09-BA"
455709;2022-06-13;"segunda-feira";"20:50:00";"BA";235;183;"CANUDOS";"Demais falhas na via";"Tombamento";"Com Vítimas Feridas";"Plena Noite";"Decrescente";"Céu Claro";"Simples";"Reta";"Não";3;0;2;0;0;1;2;2;-9,95403867;-39,12084319;"SPRF-BA";"DEL07-BA";"UOP01-DEL07-BA"
455710;2022-06-14;"terça-feira";"01:20:00";"MG";40;467,1;"SETE LAGOAS";"Ingestão de álcool pelo condutor";"Saída de leito carroçável";"Sem Vítimas";"Plena Noite";"Crescente";"Céu Claro";"Dupla";"Aclive;Reta";"Sim";2;0;0;0;2;0;0;2;-19,45038924;-44,3166822;"SPRF-MG";"DEL02-MG";"UOP01-DEL02-MG"
455713;2022-06-14;"terça-feira";"02:50:00";"SP";116;80;"ROSEIRA";"Velocidade Incompatível";"Colisão traseira";"Com Vítimas Fatais";"Plena Noite";"Crescente";"Céu Claro";"Múltipla";"Reta";"Sim";3;1;0;0;1;1;0;3;-22,89958454;-45,30245564;"SPRF-SP";"DEL08-SP";"UOP01-DEL08-SP"
455716;2022-06-14;"terça-feira";"04:00:00";"MG";381;718;"CARMO DA CACHOEIRA";"Ausência de reação do condutor";"Saída de leito carroçável";"Com Vítimas Feridas";"Plena Noite";"Crescente";"Céu Claro";"Dupla";"Reta";"Não";2;0;1;0;0;1;1;2;-21,44490388;-45,20930119;"SPRF-MG";"DEL04-MG";"UOP02-DEL04-MG"
455735;2022-06-14;"terça-feira";"06:30:00";"MG";381;910,4;"CAMANDUCAIA";"Ausência de reação do condutor";"Colisão traseira";"Com Vítimas Feridas";"Pleno dia";"Decrescente";"Céu Claro";"Dupla";"Reta";"Não";5;0;0;1;3;2;1;6;-22,732552;-46,135303;"SPRF-MG";"DEL16-MG";"UOP03-DEL16-MG"
455747;2022-06-14;"terça-feira";"07:52:00";"PE";101;45;"IGARASSU";"Reação tardia ou ineficiente do condutor";"Engavetamento";"Sem Vítimas";"Pleno dia";"Decrescente";"Céu Claro";"Múltipla";"Reta";"Sim";4;0;0;0;4;0;0;4;-7,86521297;-34,90715176;"SPRF-PE";"DEL01-PE";"UOP02-DEL01-PE"
455748;2022-06-14;"terça-feira";"09:00:00";"ES";101;350,1;"ANCHIETA";"Acessar a via sem observar a presença dos outros veículos";"Atropelamento de Pedestre";"Com Vítimas Fatais";"Pleno dia";"Decrescente";"Céu Claro";"Simples";"Curva";"Não";3;1;0;0;0;2;0;2;-20,65985684;-40,64894709;"SPRF-ES";"DEL03-ES";"UOP01-DEL03-ES"
455756;2022-05-16;"segunda-feira";"18:50:00";"SP";116;224,3;"GUARULHOS";"Acessar a via sem observar a presença dos outros veículos";"Colisão lateral mesmo sentido";"Com Vítimas Feridas";"Plena Noite";"Crescente";"Céu Claro";"Múltipla";"Reta";"Sim";3;0;2;0;1;0;2;2;-23,48071896;-46,53271603;"SPRF-SP";"DEL01-SP";"UOP01-DEL01-SP"
455758;2022-06-14;"terça-feira";"05:30:00";"MT";364;525;"ROSARIO OESTE";"Ultrapassagem Indevida";"Colisão lateral sentido oposto";"Com Vítimas Feridas";"Pleno dia";"Decrescente";"Sol";"Simples";"Curva";"Não";5;0;1;1;2;2;2;4;-15,02570678;-56,51474476;"SPRF-MT";"DEL01-MT";"UOP01-DEL01-MT"
455764;2022-04-20;"quarta-feira";"00:00:00";"PA";230;1112;"ITAITUBA";"Curva acentuada";"Tombamento";"Sem Vítimas";"Plena Noite";"Decrescente";"Garoa/Chuvisco";"Simples";"Curva";"Não";2;0;0;0;1;1;0;2;-4,33991891;-55,77511606;"SPRF-PA";"DEL05-PA";"UOP01-DEL05-PA"
455768;2022-06-14;"terça-feira";"11:50:00";"MG";381;484;"CONTAGEM";"Condutor deixou de manter distância do veículo da frente";"Colisão traseira";"Com Vítimas Feridas";"Pleno dia";"Decrescente";"Céu Claro";"Dupla";"Aclive;Reta";"Sim";2;0;1;0;1;0;1;2;-19,95556046;-44,11289692;"SPRF-MG";"DEL01-MG";"UOP03-DEL01-MG"
455771;2022-04-07;"quinta-feira";"16:10:00";"PA";316;26;"BENEVIDES";"Manobra de mudança de faixa";"Colisão lateral mesmo sentido";"Com Vítimas Feridas";"Pleno dia";"Crescente";"Chuva";"Dupla";"Reta";"Sim";2;0;1;1;0;0;2;2;-1,3252697;-48,232117;"SPRF-PA";"DEL01-PA";"UOP01-DEL01-PA"
455772;2022-05-20;"sexta-feira";"10:00:00";"PA";316;38;"SANTA IZABEL DO PARA";"Acesso irregular";"Colisão traseira";"Com Vítimas Feridas";"Pleno dia";"Decrescente";"Céu Claro";"Dupla";"Reta";"Não";7;0;3;0;4;0;3;2;-1,28327779;-48,13995604;"SPRF-PA";"DEL01-PA";"UOP01-DEL01-PA"
455779;2022-06-14;"terça-feira";"12:59:00";"PE";316;287;"BELEM DE SAO FRANCISCO";"Reação tardia ou ineficiente do condutor";"Colisão frontal";"Com Vítimas Feridas";"Pleno dia";"Crescente";"Nublado";"Simples";"Ponte;Declive;Reta";"Não";3;0;1;2;0;0;3;2;-8,65078679;-38,71584407;"SPRF-PE";"DEL04-PE";"UOP03-DEL04-PE"
455784;2022-06-14;"terça-feira";"11:10:00";"SC";470;54,8;"BLUMENAU";"Acessar a via sem observar a presença dos outros veículos";"Colisão traseira";"Com Vítimas Fatais";"Pleno dia";"Decrescente";"Nublado";"Simples";"Reta;Interseção de Vias";"Sim";3;1;0;0;1;1;0;3;-26,8751528;-49,116953;"SPRF-SC";"DEL04-SC";"UOP01-DEL04-SC"
455791;2022-06-14;"terça-feira";"07:35:00";"ES";259;11,9;"JOAO NEIVA";"Carga excessiva e/ou mal acondicionada";"Tombamento";"Sem Vítimas";"Pleno dia";"Crescente";"Céu Claro";"Simples";"Reta";"Não";2;0;0;0;1;1;0;2;-19,65977001;-40,4045801;"SPRF-ES";"DEL02-ES";"UOP01-DEL02-ES"
455800;2022-06-14;"terça-feira";"11:43:00";"MG";116;576;"MANHUACU";"Ausência de reação do condutor";"Saída de leito carroçável";"Com Vítimas Feridas";"Pleno dia";"Crescente";"Céu Claro";"Simples";"Reta";"Não";2;0;1;0;0;1;1;2;-20,15473996;-42,18629605;"SPRF-MG";"DEL06-MG";"UOP03-DEL06-MG"
455801;2022-06-14;"terça-feira";"15:20:00";"TO";153;130,9;"WANDERLANDIA";"Transitar na contramão";"Colisão frontal";"Com Vítimas Fatais";"Pleno dia";"Decrescente";"Nublado";"Simples";"Reta";"Não";5;1;0;0;3;1;0;5;-7,10025201;-48,17644299;"SPRF-TO";"DEL02-TO";"UOP01-DEL02-TO"
455811;2022-06-14;"terça-feira";"16:30:00";"PR";376;595;"CURITIBA";"Condutor deixou de manter distância do veículo da frente";"Colisão traseira";"Com Vítimas Feridas";"Pleno dia";"Decrescente";"Céu Claro";"Múltipla";"Interseção de Vias";"Sim";4;0;1;0;3;0;1;2;-25,49317991;-49,34370776;"SPRF-PR";"DEL01-PR";"UOP06-DEL01-PR"
455813;2022-06-14;"terça-feira";"10:42:00";"MA";135;5;"SAO LUIS";"Falta de elemento de contenção que evite a saída do leito carroçável";"Saída de leito carroçável";"Com Vítimas Feridas";"Pleno dia";"Crescente";"Céu Claro";"Dupla";"Reta";"Não";2;0;0;1;0;1;1;1;-2,53073;-44,3068;"SPRF-MA";"DEL01-MA";"UOP01-DEL01-MA"
455815;2022-06-14;"terça-feira";"17:34:00";"RS";386;357,9;"ESTRELA";"Condutor deixou de manter distância do veículo da frente";"Colisão traseira";"Com Vítimas Feridas";"Anoitecer";"Crescente";"Céu Claro";"Dupla";"Reta";"Não";2;0;1;0;0;1;1;2;-29,528872;-51,928249;"SPRF-RS";"DEL04-RS";"UOP02-DEL04-RS"
455818;2022-06-14;"terça-feira";"16:30:00";"PA";10;274,5;"MAE DO RIO";"Demais falhas mecânicas ou elétricas";"Saída de leito carroçável";"Com Vítimas Feridas";"Pleno dia";"Crescente";"Nublado";"Simples";"Reta";"Não";2;0;1;0;1;0;1;1;-2,03581806;-47,54574085;"SPRF-PA";"DEL02-PA";"UOP01-DEL02-PA"
455821;2022-06-14;"terça-feira";"15:15:00";"SC";282;446,4;"PONTE SERRADA";"Velocidade Incompatível";"Colisão lateral sentido oposto";"Com Vítimas Feridas";"Pleno dia";"Crescente";"Céu Claro";"Simples";"Curva";"Não";3;0;0;1;1;1;1;3;-26,910217;-51,914951;"SPRF-SC";"DEL07-SC";"UOP04-DEL07-SC"
455826;2022-06-14;"terça-feira";"18:39:00";"SP";116;197;"ARUJA";"Ausência de reação do condutor";"Colisão traseira";"Com Vítimas Feridas";"Plena Noite";"Crescente";"Nublado";"Dupla";"Curva";"Sim";3;0;0;1;1;1;1;3;-23,39721625;-46,29284287;"SPRF-SP";"DEL01-SP";"UOP01-DEL01-SP"
455836;2022-06-14;"terça-feira";"14:20:00";"PR";163;141;"CAPITAO LEONIDAS MARQUES";"Acesso irregular";"Colisão frontal";"Com Vítimas Feridas";"Pleno dia";"Decrescente";"Céu Claro";"Simples";"Reta";"Sim";6;0;3;0;2;2;3;4;-25,49094155;-53,59476776;"SPRF-PR";"DEL05-PR";"UOP05-DEL05-PR"
455863;2022-06-14;"terça-feira";"19:35:00";"MG";381;489,7;"BETIM";"Demais falhas mecânicas ou elétricas";"Incêndio";"Sem Vítimas";"Plena Noite";"Decrescente";"Céu Claro";"Dupla";"Reta";"Não";2;0;0;0;2;0;0;1;-19,96245618;-44,16455495;"SPRF-MG";"DEL01-MG";"UOP03-DEL01-MG"
455867;2022-05-06;"sexta-feira";"00:10:00";"BA";116;908;"CANDIDO SALES";"Acessar a via sem observar a presença dos outros veículos";"Atropelamento de Pedestre";"Com Vítimas Feridas";"Plena Noite";"Decrescente";"Nublado";"Simples";"Reta";"Não";2;0;0;1;1;0;1;2;-15,42126089;-41,21621028;"SPRF-BA";"DEL08-BA";"UOP03-DEL08-BA"
455868;2022-06-14;"terça-feira";"19:30:00";"MG";459;95,3;"POUSO ALEGRE";"Ingestão de álcool e/ou substâncias psicoativas pelo pedestre";"Colisão frontal";"Com Vítimas Feridas";"Plena Noite";"Decrescente";"Céu Claro";"Simples";"Curva";"Não";2;0;2;0;0;0;2;2;-22,2014416;-45,96499443;"SPRF-MG";"DEL09-MG";"UOP01-DEL09-MG"
455871;2022-06-14;"terça-feira";"20:12:00";"SC";282;475,9;"VARGEAO";"Transitar na contramão";"Colisão frontal";"Com Vítimas Feridas";"Plena Noite";"Decrescente";"Ignorado";"Simples";"Rotatória";"Sim";3;0;1;0;1;2;1;4;-26,87366191;-52,15373576;"SPRF-SC";"DEL07-SC";"UOP01-DEL07-SC"
455872;2022-06-14;"terça-feira";"17:00:00";"MG";365;406;"PATOS DE MINAS";"Manobra de mudança de faixa";"Colisão lateral mesmo sentido";"Com Vítimas Feridas";"Pleno dia";"Crescente";"Sol";"Dupla";"Reta";"Sim";2;0;1;0;1;0;1;2;-18,63902047;-46,49098979;"SPRF-MG";"DEL10-MG";"UOP01-DEL10-MG"