"id";"data_inversa";"dia_semana";"horario";"uf";"br";"km";"municipio";"causa_acidente";"tipo_acidente";"classificacao_acidente";"fase_dia";"sentido_via";"condicao_metereologica";"tipo_pista";"tracado_via";"uso_solo";"pessoas";"mortos";"feridos_leves";"feridos_graves";"ilesos";"ignorados";"feridos";"veiculos";"latitude";"longitude";"regional";"delegacia";"uop"
456210;2022-06-16;"quinta-feira";"15:10:00";"SC";470;167,8;"POUSO REDONDO";"Manobra de mudança de faixa";"Colisão lateral mesmo sentido";"Com Vítimas Feridas";"Pleno dia";"Decrescente";"Céu Claro";"Simples";"Reta;Aclive";"Não";4;0;1;1;1;1;2;3;-27,266994;-49,872524;"SPRF-SC";"DEL04-SC";"UOP02-DEL04-SC"
456214;2022-06-16;"quinta-feira";"14:30:00";"AP";156;461;"TARTARUGALZINHO";"Acumulo de água sobre o pavimento";"Tombamento";"Com Vítimas Feridas";"Pleno dia";"Crescente";"Chuva";"Simples";"Curva";"Não";1;0;1;0;0;0;1;1;1,42841799;-50,90961456;"SPRF-AP";"DEL01-AP";"UOP02-DEL01-AP"
456217;2022-06-16;"quinta-feira";"16:20:00";"SC";470;192;"POUSO REDONDO";"Velocidade Incompatível";"Tombamento";"Com Vítimas Feridas";"Pleno dia";"Decrescente";"Céu Claro";"Simples";"Curva";"Não";2;0;1;0;0;1;1;2;-27,293324;-50,078678;"SPRF-SC";"DEL04-SC";"UOP02-DEL04-SC"
456223;2022-03-23;"quarta-feira";"14:00:00";"SC";280;32,2;"ARAQUARI";"Carga excessiva e/ou mal acondicionada";"Tombamento";"Sem Vítimas";"Pleno dia";"Decrescente";"Chuva";"Simples";"Rotatória";"Não";1;0;0;0;0;1;0;1;-26,425329;-48,78668904;"SPRF-SC";"DEL03-SC";"UOP03-DEL03-SC"
456228;2022-06-16;"quinta-feira";"17:30:00";"BA";101;895;"CARAVELAS";"Curva acentuada";"Tombamento";"Com Vítimas Feridas";"Pleno dia";"Crescente";"Céu Claro";"Simples";"Curva";"Não";2;0;1;0;0;1;1;2;-17,691116;-39,774206;"SPRF-BA";"DEL09-BA";"UOP02-DEL09-BA"
456232;2022-06-16;"quinta-feira";"18:10:00";"RS";116;262;"CANOAS";"Avarias e/ou desgaste excessivo no pneu";"Colisão com objeto";"Sem Vítimas";"Plena Noite";"Crescente";"Nublado";"Dupla";"Reta";"Sim";1;0;0;0;1;0;0;1;-29,896475;-51,17593;"SPRF-RS";"DEL01-RS";"UOP01-DEL01-RS"
456234;2022-06-16;"quinta-feira";"17:35:00";"GO";153;527;"HIDROLANDIA";"Ausência de reação do condutor";"Colisão traseira";"Com Vítimas Feridas";"Anoitecer";"Decrescente";"Céu Claro";"Dupla";"Aclive";"Não";4;0;1;0;2;1;1;3;-16,9457;-49,2511;"SPRF-GO";"DEL01-GO";"UOP03-DEL01-GO"
456235;2022-06-16;"quinta-feira";"17:30:00";"PE";424;90;"GARANHUNS";"Manobra de mudança de faixa";"Colisão transversal";"Com Vítimas Feridas";"Anoitecer";"Crescente";"Chuva";"Simples";"Reta";"Sim";6;0;2;0;2;2;2;4;-8,89635706;-36,50157593;"SPRF-PE";"DEL03-PE";"UOP01-DEL03-PE"
456239;2022-06-16;"quinta-feira";"17:33:00";"SC";470;138;"RIO DO SUL";"Conversão proibida";"Colisão transversal";"Sem Vítimas";"Anoitecer";"Crescente";"Nublado";"Simples";"Curva";"Sim";3;0;0;0;2;1;0;3;-27,21103007;-49,65195224;"SPRF-SC";"DEL04-SC";"UOP02-DEL04-SC"
456275;2022-06-16;"quinta-feira";"19:45:00";"PR";373;400,3;"CANDOI";"Manobra de mudança de faixa";"Colisão frontal";"Com Vítimas Feridas";"Plena Noite";"Crescente";"Céu Claro";"Simples";"Reta";"Sim";8;0;1;3;1;3;4;4;-25,578239;-52,055865;"SPRF-PR";"DEL08-PR";"UOP01-DEL08-PR"
456279;2022-06-16;"quinta-feira";"10:00:00";"PR";272;564;"GUAIRA";"Ausência de reação do condutor";"Tombamento";"Com Vítimas Feridas";"Pleno dia";"Decrescente";"Céu Claro";"Simples";"Rotatória";"Não";2;0;1;0;0;2;1;3;-24,08890218;-54,1897149;"SPRF-PR";"DEL06-PR";"UOP01-DEL06-PR"
456284;2022-06-16;"quinta-feira";"21:00:00";"MA";230;377;"BALSAS";"Demais falhas mecânicas ou elétricas";"Incêndio";"Sem Vítimas";"Plena Noite";"Decrescente";"Céu Claro";"Simples";"Reta";"Não";2;0;0;0;1;2;0;3;-7,30317281;-45,93977436;"SPRF-MA";"DEL05-MA";"UOP01-DEL05-MA"
456285;2022-06-16;"quinta-feira";"23:30:00";"PR";376;596;"CURITIBA";"Ausência de reação do condutor";"Colisão lateral mesmo sentido";"Com Vítimas Feridas";"Plena Noite";"Decrescente";"Céu Claro";"Dupla";"Reta";"Sim";2;0;0;1;0;1;1;2;-25,50194708;-49,3415524;"SPRF-PR";"DEL01-PR";"UOP06-DEL01-PR"
456289;2022-06-17;"sexta-feira";"01:10:00";"PR";376;638;"SAO JOSE DOS PINHAIS";"Condutor Dormindo";"Colisão traseira";"Com Vítimas Feridas";"Plena Noite";"Decrescente";"Nublado";"Dupla";"Reta";"Não";4;0;0;1;2;3;1;5;-25,76503801;-49,12449804;"SPRF-PR";"DEL01-PR";"UOP04-DEL01-PR"
456291;2022-06-17;"sexta-feira";"00:05:00";"PE";316;296;"ITACURUBA";"Pista esburacada";"Derramamento de carga";"Com Vítimas Feridas";"Plena Noite";"Decrescente";"Nublado";"Simples";"Reta";"Não";4;0;1;0;2;1;1;2;-8,62420972;-38,6390001;"SPRF-PE";"DEL04-PE";"UOP03-DEL04-PE"
456298;2022-06-17;"sexta-feira";"03:35:00";"PR";277;671;"MEDIANEIRA";"Velocidade Incompatível";"Colisão com objeto";"Sem Vítimas";"Plena Noite";"Decrescente";"Céu Claro";"Dupla";"Curva";"Sim";2;0;0;0;1;1;0;2;-25,28490106;-54,08744898;"SPRF-PR";"DEL05-PR";"UOP02-DEL05-PR"
456302;2022-06-16;"quinta-feira";"20:08:00";"PR";369;178;"ROLANDIA";"Pedestre cruzava a pista fora da faixa";"Atropelamento de Pedestre";"Com Vítimas Fatais";"Plena Noite";"Decrescente";"Nublado";"Dupla";"Aclive;Curva";"Não";3;1;0;0;0;2;0;2;-23,35824168;-51,39596879;"SPRF-PR";"DEL07-PR";"UOP01-DEL07-PR"
456303;2022-06-17;"sexta-feira";"04:22:00";"BA";324;566;"SAO SEBASTIAO DO PASSE";"Condutor Dormindo";"Colisão traseira";"Com Vítimas Feridas";"Amanhecer";"Crescente";"Céu Claro";"Dupla";"Reta";"Não";3;0;0;1;1;1;1;3;-12,52455997;-38,61040198;"SPRF-BA";"DEL01-BA";"UOP01-DEL01-BA"
456306;2022-06-17;"sexta-feira";"04:45:00";"GO";60;185;"GUAPO";"Condutor Dormindo";"Saída de leito carroçável";"Sem Vítimas";"Plena Noite";"Crescente";"Ignorado";"Dupla";"Curva";"Não";2;0;0;0;1;1;0;2;-16,7956;-49,51;"SPRF-GO";"DEL01-GO";"UOP02-DEL01-GO"
456311;2022-06-17;"sexta-feira";"06:00:00";"PR";116;115;"CURITIBA";"Reação tardia ou ineficiente do condutor";"Saída de leito carroçável";"Com Vítimas Feridas";"Amanhecer";"Decrescente";"Céu Claro";"Múltipla";"Reta";"Sim";1;0;1;0;0;0;1;1;-25,55953326;-49,26560414;"SPRF-PR";"DEL01-PR";"UOP06-DEL01-PR"
456323;2022-06-17;"sexta-feira";"07:30:00";"RJ";101;318;"SAO GONCALO";"Demais falhas mecânicas ou elétricas";"Incêndio";"Sem Vítimas";"Pleno dia";"Crescente";"Céu Claro";"Dupla";"Reta";"Sim";2;0;0;0;2;0;0;1;-22,84562994;-43,09841211;"SPRF-RJ";"DEL02-RJ";"UOP02-DEL02-RJ"
456331;2022-06-17;"sexta-feira";"09:35:00";"RS";116;296;"GUAIBA";"Ingestão de álcool pelo condutor";"Colisão lateral mesmo sentido";"Com Vítimas Feridas";"Pleno dia";"Crescente";"Chuva";"Dupla";"Viaduto";"Não";4;0;0;1;3;0;1;3;-30,08695663;-51,34220123;"SPRF-RS";"DEL02-RS";"UOP01-DEL02-RS"
456333;2022-06-17;"sexta-feira";"10:30:00";"CE";226;31;"PEREIRO";"Condutor deixou de manter distância do veículo da frente";"Colisão transversal";"Com Vítimas Feridas";"Pleno dia";"Crescente";"Céu Claro";"Simples";"Reta";"Sim";2;0;1;0;1;0;1;2;-6,04368713;-38,49463463;"SPRF-CE";"DEL05-CE";"UOP02-DEL05-CE"
456339;2022-06-17;"sexta-feira";"10:00:00";"PE";408;67;"PAUDALHO";"Reação tardia ou ineficiente do condutor";"Colisão traseira";"Com Vítimas Feridas";"Pleno dia";"Decrescente";"Nublado";"Dupla";"Reta";"Não";3;0;1;0;0;2;1;3;-7,861007;-35,210028;"SPRF-PE";"DEL01-PE";"UOP01-DEL01-PE"
456343;2022-06-17;"sexta-feira";"11:50:00";"AL";101;194,5;"SAO SEBASTIAO";"Ausência de reação do condutor";"Saída de leito carroçável";"Com Vítimas Feridas";"Pleno dia";"Decrescente";"Nublado";"Múltipla";"Curva";"Não";4;0;1;0;2;1;1;2;-9,93595808;-36,49545203;"SPRF-AL";"DEL02-AL";"UOP02-DEL02-AL"
456345;2022-06-17;"sexta-feira";"12:40:00";"PB";230;17,3;"JOAO PESSOA";"Condutor deixou de manter distância do veículo da frente";"Colisão lateral mesmo sentido";"Sem Vítimas";"Pleno dia";"Decrescente";"Céu Claro";"Dupla";"Reta";"Sim";2;0;0;0;2;0;0;2;-7,1121;-34,8426;"SPRF-PB";"DEL01-PB";"UOP01-DEL01-PB"
456358;2022-06-17;"sexta-feira";"11:45:00";"PA";316;24,9;"BENEVIDES";"Manobra de mudança de faixa";"Colisão lateral mesmo sentido";"Com Vítimas Feridas";"Pleno dia";"Crescente";"Céu Claro";"Dupla";"Reta";"Não";3;0;0;2;1;0;2;2;-1,33028139;-48,23600885;"SPRF-PA";"DEL01-PA";"UOP01-DEL01-PA"
456359;2022-03-13;"domingo";"13:30:00";"MG";365;259;"JOAO PINHEIRO";"Reação tardia ou ineficiente do condutor";"Saída de leito carroçável";"Sem Vítimas";"Pleno dia";"Crescente";"Ignorado";"Simples";"Reta";"Não";6;0;0;0;2;4;0;3;-17,86429933;-45,51317778;"SPRF-MG";"DEL14-MG";"UOP02-DEL14-MG"
456360;2022-06-17;"sexta-feira";"14:00:00";"MG";116;409;"GOVERNADOR VALADARES";"Velocidade Incompatível";"Colisão traseira";"Com Vítimas Feridas";"Pleno dia";"Decrescente";"Céu Claro";"Dupla";"Reta";"Sim";3;0;0;1;1;2;1;4;-18,84388988;-41,98186576;"SPRF-MG";"DEL06-MG";"UOP01-DEL06-MG"
456364;2022-06-17;"sexta-feira";"14:50:00";"RJ";393;286;"VOLTA REDONDA";"Acessar a via sem observar a presença dos outros veículos";"Colisão transversal";"Com Vítimas Feridas";"Pleno dia";"Decrescente";"Céu Claro";"Simples";"Reta";"Sim";2;0;0;1;0;1;1;2;-22,49133996;-44,06505619;"SPRF-RJ";"DEL05-RJ";"UOP04-DEL05-RJ"
456369;2022-06-17;"sexta-feira";"16:30:00";"SC";282;36,6;"AGUAS MORNAS";"Acessar a via sem observar a presença dos outros veículos";"Colisão transversal";"Com Vítimas Feridas";"Pleno dia";"Crescente";"Garoa/Chuvisco";"Simples";"Reta";"Não";3;0;0;1;2;0;1;3;-27,704855;-48,834026;"SPRF-SC";"DEL01-SC";"UOP03-DEL01-SC"
456374;2022-06-17;"sexta-feira";"16:40:00";"PR";116;0,4;"QUATRO BARRAS";"Acesso irregular";"Colisão traseira";"Com Vítimas Feridas";"Pleno dia";"Decrescente";"Nublado";"Dupla";"Curva";"Não";4;0;1;0;2;2;1;4;-25,34693486;-49,04629469;"SPRF-PR";"DEL01-PR";"UOP02-DEL01-PR"
456377;2022-06-17;"sexta-feira";"17:30:00";"PE";101;66,5;"RECIFE";"Condutor deixou de manter distância do veículo da frente";"Colisão traseira";"Com Vítimas Feridas";"Anoitecer";"Crescente";"Céu Claro";"Múltipla";"Reta";"Sim";2;0;1;0;1;0;1;2;-8,03368534;-34,94184125;"SPRF-PE";"DEL01-PE";"UOP01-DEL01-PE"
456380;2022-06-17;"sexta-feira";"15:20:00";"SC";282;586,8;"PINHALZINHO";"Ingestão de álcool pelo condutor";"Saída de leito carroçável";"Sem Vítimas";"Pleno dia";"Decrescente";"Chuva";"Simples";"Curva";"Não";3;0;0;0;2;1;0;3;-26,832605;-53,03474;"SPRF-SC";"DEL07-SC";"UOP02-DEL07-SC"
456384;2022-06-17;"sexta-feira";"17:30:00";"PR";277;46;"MORRETES";"Demais falhas mecânicas ou elétricas";"Incêndio";"Sem Vítimas";"Pleno dia";"Crescente";"Garoa/Chuvisco";"Dupla";"Aclive";"Não";2;0;0;0;2;0;0;1;-25,58104614;-48,96273489;"SPRF-PR";"DEL01-PR";"UOP01-DEL01-PR"
456392;2022-06-17;"sexta-feira";"18:00:00";"PR";277;124;"CAMPO LARGO";"Velocidade Incompatível";"Saída de leito carroçável";"Com Vítimas Feridas";"Plena Noite";"Crescente";"Chuva";"Dupla";"Reta;Declive";"Sim";3;0;2;0;0;1;2;2;-25,4472505;-49,47885404;"SPRF-PR";"DEL03-PR";"UOP03-DEL03-PR"
456396;2022-06-17;"sexta-feira";"16:00:00";"RS";285;618;"SANTO ANTONIO DAS MISSOES";"Manobra de mudança de faixa";"Colisão traseira";"Com Vítimas Feridas";"Pleno dia";"Crescente";"Nublado";"Simples";"Reta";"Não";3;0;1;0;1;1;1;3;-28,504004;-55,466183;"SPRF-RS";"DEL12-RS";"UOP01-DEL12-RS"
456407;2022-06-17;"sexta-feira";"20:30:00";"BA";101;256;"CONCEICAO DO ALMEIDA";"Ingestão de álcool pelo condutor";"Tombamento";"Com Vítimas Feridas";"Plena Noite";"Crescente";"Céu Claro";"Simples";"Curva";"Não";2;0;0;1;0;1;1;2;-12,93199992;-39,25363541;"SPRF-BA";"DEL01-BA";"UOP02-DEL01-BA"
456408;2022-06-17;"sexta-feira";"19:35:00";"RR";174;477;"BOA VISTA";"Demais falhas mecânicas ou elétricas";"Incêndio";"Sem Vítimas";"Plena Noite";"Crescente";"Céu Claro";"Simples";"Reta";"Não";3;0;0;0;3;0;0;1;2,680162;-60,869949;"SPRF-RR";"DEL01-RR";"UOP01-DEL01-RR"
456412;2022-06-17;"sexta-feira";"21:20:00";"SC";101;154,5;"PORTO BELO";"Condutor deixou de manter distância do veículo da frente";"Colisão lateral mesmo sentido";"Com Vítimas Feridas";"Plena Noite";"Decrescente";"Garoa/Chuvisco";"Dupla";"Reta";"Sim";4;0;0;1;3;0;1;2;-27,153819;-48,61086393;"SPRF-SC";"DEL04-SC";"UOP03-DEL04-SC"
456413;2022-06-17;"sexta-feira";"20:30:00";"PR";476;147;"ARAUCARIA";"Reação tardia ou ineficiente do condutor";"Colisão lateral mesmo sentido";"Sem Vítimas";"Plena Noite";"Crescente";"Chuva";"Dupla";"Reta";"Não";2;0;0;0;1;1;0;2;-25,557121;-49,348732;"SPRF-PR";"DEL01-PR";"UOP03-DEL01-PR"
456420;2022-06-17;"sexta-feira";"08:30:00";"PE";101;189;"PALMARES";"Reação tardia ou ineficiente do condutor";"Tombamento";"Com Vítimas Feridas";"Pleno dia";"Decrescente";"Céu Claro";"Dupla";"Curva;Retorno Regulamentado";"Sim";2;0;1;0;0;2;1;3;-8,69036647;-35,60430503;"SPRF-PE";"DEL01-PE";"UOP03-DEL01-PE"
456423;2022-06-17;"sexta-feira";"20:30:00";"SC";282;108;"ALFREDO WAGNER";"Velocidade Incompatível";"Colisão frontal";"Com Vítimas Feridas";"Plena Noite";"Crescente";"Chuva";"Simples";"Curva";"Não";2;0;0;1;1;0;1;2;-27,710777;-49,356228;"SPRF-SC";"DEL01-SC";"UOP03-DEL01-SC"
456427;2022-06-17;"sexta-feira";"22:15:00";"GO";50;140,9;"IPAMERI";"Condutor Dormindo";"Tombamento";"Com Vítimas Feridas";"Plena Noite";"Crescente";"Céu Claro";"Dupla";"Reta";"Não";2;0;0;1;0;1;1;2;-17,0877;-47,73;"SPRF-GO";"DEL06-GO";"UOP01-DEL06-GO"
456435;2022-06-17;"sexta-feira";"19:30:00";"MG";116;398,8;"GOVERNADOR VALADARES";"Ingestão de álcool pelo condutor";"Tombamento";"Com Vítimas Feridas";"Plena Noite";"Crescente";"Céu Claro";"Simples";"Reta";"Não";2;0;1;0;0;1;1;2;-18,76391211;-41,98521344;"SPRF-MG";"DEL06-MG";"UOP01-DEL06-MG"
456437;2022-06-17;"sexta-feira";"05:00:00";"PA";163;72;"ALTAMIRA";"Ausência de reação do condutor";"Tombamento";"Com Vítimas Fatais";"Amanhecer";"Decrescente";"Céu Claro";"Simples";"Reta;Aclive";"Não";3;1;0;0;0;7;0;8;-8,99519894;-54,97491273;"SPRF-PA";"DEL05-PA";"UOP01-DEL05-PA"
456438;2022-06-17;"sexta-feira";"07:30:00";"PA";163;72;"ALTAMIRA";"Desvio temporário";"Colisão lateral sentido oposto";"Sem Vítimas";"Pleno dia";"Decrescente";"Céu Claro";"Simples";"Declive;Reta";"Não";3;0;0;0;2;5;0;7;-8,99519894;-54,97491273;"SPRF-PA";"DEL05-PA";"UOP01-DEL05-PA"
456445;2022-06-18;"sábado";"00:00:00";"PE";232;182;"BELO JARDIM";"Ausência de sinalização";"Colisão frontal";"Com Vítimas Feridas";"Plena Noite";"Decrescente";"Chuva";"Simples";"Reta";"Sim";5;0;2;1;2;0;3;2;-8,346327;-36,438035;"SPRF-PE";"DEL03-PE";"UOP02-DEL03-PE"
456448;2022-06-18;"sábado";"01:44:00";"GO";153;557;"PROFESSOR JAMIL";"Pedestre andava na pista";"Atropelamento de Pedestre";"Com Vítimas Feridas";"Plena Noite";"Crescente";"Céu Claro";"Dupla";"Aclive";"Não";3;0;0;1;1;1;1;3;-17,2013;-49,2083;"SPRF-GO";"DEL03-GO";"UOP01-DEL03-GO"
456455;2022-06-18;"sábado";"02:15:00";"SP";381;90,4;"GUARULHOS";"Velocidade Incompatível";"Tombamento";"Sem Vítimas";"Plena Noite";"Decrescente";"Nublado";"Múltipla";"Curva";"Não";1;0;0;0;1;0;0;1;-23,49479479;-46,55959864;"SPRF-SP";"DEL01-SP";"UOP01-DEL01-SP"
456460;2022-06-17;"sexta-feira";"17:40:00";"PI";235;404;"SANTA FILOMENA";"Condutor Dormindo";"Colisão frontal";"Com Vítimas Fatais";"Anoitecer";"Decrescente";"Céu Claro";"Simples";"Reta;Declive";"Não";2;1;0;0;1;0;0;2;-9,23873;-45,70755;"SPRF-PI";"DEL03-PI";"UOP02-DEL03-PI"
456461;2022-06-17;"sexta-feira";"22:05:00";"MT";158;552;"AGUA BOA";"Condutor Dormindo";"Saída de leito carroçável";"Com Vítimas Feridas";"Plena Noite";"Crescente";"Céu Claro";"Simples";"Reta";"Não";2;0;1;0;0;2;1;3;-13,92829513;-52,09720965;"SPRF-MT";"DEL07-MT";"UOP02-DEL07-MT"
456473;2022-06-18;"sábado";"04:31:00";"PE";232;234;"PESQUEIRA";"Transitar na contramão";"Colisão frontal";"Com Vítimas Feridas";"Amanhecer";"Decrescente";"Garoa/Chuvisco";"Simples";"Reta";"Não";2;0;0;1;1;0;1;2;-8,40708897;-36,910579;"SPRF-PE";"DEL04-PE";"UOP02-DEL04-PE"
456474;2022-06-18;"sábado";"05:30:00";"PI";343;305;"ALTOS";"Acessar a via sem observar a presença dos outros veículos";"Atropelamento de Pedestre";"Sem Vítimas";"Plena Noite";"Decrescente";"Céu Claro";"Simples";"Reta";"Sim";2;0;0;0;1;2;0;3;-5,03444;-42,443382;"SPRF-PI";"DEL01-PI";"UOP01-DEL01-PI"
456478;2022-06-18;"sábado";"06:25:00";"BA";101;182;"SAO GONCALO DOS CAMPOS";"Reação tardia ou ineficiente do condutor";"Colisão lateral mesmo sentido";"Com Vítimas Feridas";"Amanhecer";"Crescente";"Nevoeiro/Neblina";"Simples";"Reta";"Não";5;0;2;0;2;1;2;3;-12,44519;-38,922219;"SPRF-BA";"DEL01-BA";"UOP03-DEL01-BA"
456481;2022-06-17;"sexta-feira";"11:00:00";"SC";282;419,4;"VARGEM BONITA";"Ingestão de álcool pelo condutor";"Saída de leito carroçável";"Sem Vítimas";"Pleno dia";"Decrescente";"Chuva";"Simples";"Curva;Aclive";"Não";2;0;0;0;1;1;0;2;-27,019398;-51,729195;"SPRF-SC";"DEL07-SC";"UOP05-DEL07-SC"
456503;2022-06-14;"terça-feira";"13:30:00";"BA";116;509;"SANTA TERESINHA";"Velocidade Incompatível";"Saída de leito carroçável";"Com Vítimas Feridas";"Pleno dia";"Decrescente";"Chuva";"Simples";"Reta";"Não";2;0;0;1;0;1;1;2;-12,63226412;-39,59798877;"SPRF-BA";"DEL03-BA";"UOP02-DEL03-BA"
456504;2022-06-18;"sábado";"07:40:00";"BA";101;467;"URUCUCA";"Velocidade Incompatível";"Tombamento";"Com Vítimas Feridas";"Pleno dia";"Crescente";"Céu Claro";"Simples";"Curva";"Não";3;0;2;0;1;0;2;2;-14,50640697;-39,332397;"SPRF-BA";"DEL05-BA";"UOP01-DEL05-BA"
456506;2022-06-18;"sábado";"08:55:00";"SP";153;286;"OCAUCU";"Carga excessiva e/ou mal acondicionada";"Colisão com objeto";"Com Vítimas Feridas";"Pleno dia";"Decrescente";"Nublado";"Simples";"Declive";"Não";2;0;1;0;0;1;1;2;-22,46005506;-49,87663694;"SPRF-SP";"DEL07-SP";"UOP02-DEL07-SP"
456508;2022-06-18;"sábado";"08:17:00";"MT";364;445,9;"VARZEA GRANDE";"Chuva";"Colisão lateral mesmo sentido";"Com Vítimas Feridas";"Pleno dia";"Crescente";"Chuva";"Simples";"Reta";"Não";4;0;2;0;1;1;2;3;-15,623247;-56,20528892;"SPRF-MT";"DEL01-MT";"UOP02-DEL01-MT"
456509;2022-06-18;"sábado";"06:50:00";"MA";222;624;"ACAILANDIA";"Reação tardia ou ineficiente do condutor";"Tombamento";"Com Vítimas Feridas";"Pleno dia";"Crescente";"Céu Claro";"Simples";"Reta";"Não";2;0;1;0;0;1;1;2;-4,77115757;-47,06052754;"SPRF-MA";"DEL04-MA";"UOP03-DEL04-MA"
456511;2022-06-18;"sábado";"07:50:00";"MG";40;588,5;"ITABIRITO";"Velocidade Incompatível";"Tombamento";"Sem Vítimas";"Pleno dia";"Decrescente";"Céu Claro";"Simples";"Declive;Curva";"Não";2;0;0;0;1;1;0;2;-20,35149094;-43,91313094;"SPRF-MG";"DEL01-MG";"UOP02-DEL01-MG"
456513;2022-06-18;"sábado";"09:50:00";"SC";116;69,1;"MONTE CASTELO";"Acessar a via sem observar a presença dos outros veículos";"Colisão transversal";"Com Vítimas Feridas";"Pleno dia";"Crescente";"Céu Claro";"Simples";"Rotatória";"Sim";4;0;1;0;2;1;1;3;-26,46036818;-50,22889671;"SPRF-SC";"DEL06-SC";"UOP02-DEL06-SC"
456515;2022-06-18;"sábado";"10:50:00";"MG";50;61;"UBERLANDIA";"Manobra de mudança de faixa";"Colisão traseira";"Com Vítimas Feridas";"Pleno dia";"Decrescente";"Garoa/Chuvisco";"Múltipla";"Retorno Regulamentado";"Sim";3;0;1;0;2;0;1;2;-18,81603099;-48,25003475;"SPRF-MG";"DEL15-MG";"UOP02-DEL15-MG"
456516;2022-06-18;"sábado";"07:30:00";"MG";262;534,5;"LUZ";"Reação tardia ou ineficiente do condutor";"Saída de leito carroçável";"Com Vítimas Feridas";"Pleno dia";"Crescente";"Sol";"Simples";"Reta";"Não";2;0;1;0;0;1;1;2;-19,77588012;-45,75149703;"SPRF-MG";"DEL08-MG";"UOP02-DEL08-MG"
456523;2022-06-18;"sábado";"12:15:00";"ES";262;80;"MARECHAL FLORIANO";"Velocidade Incompatível";"Tombamento";"Com Vítimas Feridas";"Pleno dia";"Crescente";"Céu Claro";"Simples";"Curva";"Não";2;0;0;1;0;1;1;2;-20,40924049;-40,94035394;"SPRF-ES";"DEL01-ES";"UOP02-DEL01-ES"
456526;2022-06-18;"sábado";"09:30:00";"RO";364;87;"VILHENA";"Ultrapassagem Indevida";"Colisão transversal";"Com Vítimas Feridas";"Pleno dia";"Crescente";"Nublado";"Simples";"Reta";"Não";4;0;1;0;2;4;1;7;-12,386794;-60,617154;"SPRF-RO";"DEL04-RO";"UOP01-DEL04-RO"
456528;2022-06-18;"sábado";"12:10:00";"PB";230;407;"POMBAL";"Acessar a via sem observar a presença dos outros veículos";"Colisão transversal";"Com Vítimas Feridas";"Pleno dia";"Decrescente";"Céu Claro";"Simples";"Interseção de Vias;Curva";"Sim";4;0;1;0;1;2;1;4;-6,7733;-37,798;"SPRF-PB";"DEL03-PB";"UOP02-DEL03-PB"
456546;2022-01-05;"quarta-feira";"21:00:00";"MG";262;554,8;"LUZ";"Ausência de reação do condutor";"Tombamento";"Com Vítimas Feridas";"Plena Noite";"Crescente";"Chuva";"Simples";"Reta";"Não";5;0;1;0;3;1;1;2;-19,71111632;-45,91314001;"SPRF-MG";"DEL08-MG";"UOP02-DEL08-MG"
456548;2022-06-18;"sábado";"15:10:00";"PR";277;34;"MORRETES";"Reação tardia ou ineficiente do condutor";"Colisão traseira";"Com Vítimas Feridas";"Pleno dia";"Decrescente";"Céu Claro";"Dupla";"Reta;Declive";"Não";3;0;1;0;1;2;1;4;-25,547373;-48,790559;"SPRF-PR";"DEL01-PR";"UOP05-DEL01-PR"
456567;2022-06-18;"sábado";"14:00:00";"MT";174;287;"PONTES E LACERDA";"Acessar a via sem observar a presença dos outros veículos";"Colisão lateral mesmo sentido";"Com Vítimas Fatais";"Pleno dia";"Decrescente";"Céu Claro";"Simples";"Reta";"Não";4;1;0;0;1;2;0;4;-15,24297301;-59,31386001;"SPRF-MT";"DEL04-MT";"UOP01-DEL04-MT"
456575;2022-06-18;"sábado";"16:50:00";"MG";381;499,9;"BETIM";"Velocidade Incompatível";"Colisão com objeto";"Sem Vítimas";"Pleno dia";"Crescente";"Céu Claro";"Dupla";"Declive;Reta";"Não";3;0;0;0;2;1;0;3;-20,01792651;-44,2261448;"SPRF-MG";"DEL01-MG";"UOP03-DEL01-MG"
456581;2022-06-18;"sábado";"17:00:00";"TO";226;26;"PALMEIRAS DO TOCANTINS";"Animais na Pista";"Colisão traseira";"Com Vítimas Feridas";"Anoitecer";"Crescente";"Céu Claro";"Simples";"Reta";"Não";2;0;1;0;1;0;1;2;-6,641345;-47,667072;"SPRF-TO";"DEL02-TO";"UOP03-DEL02-TO"
456593;2022-06-18;"sábado";"18:44:00";"PE";408;66;"CARPINA";"Ultrapassagem Indevida";"Colisão traseira";"Com Vítimas Feridas";"Plena Noite";"Decrescente";"Céu Claro";"Dupla";"Reta";"Sim";6;0;5;0;1;0;5;2;-7,85456416;-35,22363707;"SPRF-PE";"DEL01-PE";"UOP01-DEL01-PE"
456605;2022-06-18;"sábado";"19:15:00";"SC";470;118,4;"IBIRAMA";"Velocidade Incompatível";"Tombamento";"Com Vítimas Feridas";"Plena Noite";"Decrescente";"Nublado";"Simples";"Curva";"Sim";2;0;1;0;0;2;1;3;-27,08090777;-49,52018738;"SPRF-SC";"DEL04-SC";"UOP02-DEL04-SC"
456617;2022-06-18;"sábado";"18:05:00";"MG";262;694,1;"ARAXA";"Manobra de mudança de faixa";"Colisão frontal";"Com Vítimas Feridas";"Anoitecer";"Decrescente";"Céu Claro";"Simples";"Aclive";"Não";3;0;0;1;1;1;1;3;-19,57027713;-47,00583604;"SPRF-MG";"DEL08-MG";"UOP01-DEL08-MG"
456623;2022-06-18;"sábado";"16:30:00";"GO";158;126;"CAIAPONIA";"Demais falhas mecânicas ou elétricas";"Tombamento";"Sem Vítimas";"Pleno dia";"Decrescente";"Céu Claro";"Simples";"Reta";"Não";3;0;0;0;2;3;0;4;-16,70267899;-51,68110781;"SPRF-GO";"DEL04-GO";"UOP01-DEL04-GO"
456625;2022-06-18;"sábado";"18:50:00";"SC";282;522;"XAXIM";"Reação tardia ou ineficiente do condutor";"Saída de leito carroçável";"Com Vítimas Feridas";"Plena Noite";"Crescente";"Céu Claro";"Simples";"Reta";"Não";1;0;1;0;0;0;1;1;-26,956238;-52,542637;"SPRF-SC";"DEL07-SC";"UOP01-DEL07-SC"