"id";"data_inversa";"dia_semana";"horario";"uf";"br";"km";"municipio";"causa_acidente";"tipo_acidente";"classificacao_acidente";"fase_dia";"sentido_via";"condicao_metereologica";"tipo_pista";"tracado_via";"uso_solo";"pessoas";"mortos";"feridos_leves";"feridos_graves";"ilesos";"ignorados";"feridos";"veiculos";"latitude";"longitude";"regional";"delegacia";"uop"
456631;2022-06-18;"sábado";"20:30:00";"SC";101;86;"BARRA VELHA";"Acessar a via sem observar a presença dos outros veículos";"Colisão lateral mesmo sentido";"Com Vítimas Feridas";"Plena Noite";"Crescente";"Céu Claro";"Simples";"Interseção de Vias";"Sim";3;0;1;0;1;1;1;3;-26,63277317;-48,70232513;"SPRF-SC";"DEL03-SC";"UOP02-DEL03-SC"
456633;2022-06-18;"sábado";"22:10:00";"ES";262;117,3;"CONCEICAO DO CASTELO";"Velocidade Incompatível";"Colisão frontal";"Com Vítimas Feridas";"Plena Noite";"Crescente";"Céu Claro";"Simples";"Curva";"Não";3;0;0;1;1;1;1;3;-20,31467155;-41,23608094;"SPRF-ES";"DEL01-ES";"UOP02-DEL01-ES"
456641;2022-06-18;"sábado";"20:45:00";"SC";116;211,9;"PONTE ALTA";"Condutor usando celular";"Tombamento";"Com Vítimas Feridas";"Plena Noite";"Decrescente";"Céu Claro";"Simples";"Curva";"Não";1;0;0;1;0;0;1;1;-27,51040007;-50,36397936;"SPRF-SC";"DEL05-SC";"UOP03-DEL05-SC"
456658;2022-06-19;"domingo";"00:30:00";"BA";116;356;"SERRINHA";"Ingestão de álcool pelo condutor";"Colisão frontal";"Com Vítimas Feridas";"Plena Noite";"Decrescente";"Céu Claro";"Simples";"Reta";"Não";3;0;1;0;1;1;1;3;-11,626817;-38,98192797;"SPRF-BA";"DEL02-BA";"UOP01-DEL02-BA"
456663;2022-06-19;"domingo";"02:50:00";"ES";101;65,5;"SAO MATEUS";"Ingestão de álcool pelo condutor";"Colisão frontal";"Com Vítimas Feridas";"Plena Noite";"Crescente";"Céu Claro";"Simples";"Curva";"Sim";3;0;1;0;1;1;1;3;-18,70935945;-39,87762087;"SPRF-ES";"DEL04-ES";"UOP02-DEL04-ES"
456675;2022-06-19;"domingo";"03:00:00";"MG";251;371,3;"GRAO MOGOL";"Reação tardia ou ineficiente do condutor";"Colisão frontal";"Com Vítimas Fatais";"Plena Noite";"Crescente";"Céu Claro";"Simples";"Reta";"Não";3;1;1;0;0;1;1;3;-16,29735398;-42,765631;"SPRF-MG";"DEL12-MG";"UOP01-DEL12-MG"
456676;2022-06-19;"domingo";"04:10:00";"SC";101;210;"SAO JOSE";"Condutor deixou de manter distância do veículo da frente";"Colisão traseira";"Sem Vítimas";"Plena Noite";"Decrescente";"Nublado";"Dupla";"Reta";"Sim";2;0;0;0;1;1;0;2;-27,6167305;-48,6457265;"SPRF-SC";"DEL01-SC";"UOP01-DEL01-SC"
456677;2022-06-19;"domingo";"04:53:00";"PE";232;133,1;"CARUARU";"Condutor deixou de manter distância do veículo da frente";"Colisão traseira";"Com Vítimas Feridas";"Amanhecer";"Decrescente";"Chuva";"Dupla";"Reta";"Sim";3;0;1;0;2;0;1;2;-8,30607988;-36,01576003;"SPRF-PE";"DEL02-PE";"UOP01-DEL02-PE"
456678;2022-06-19;"domingo";"05:00:00";"MT";70;123,4;"GENERAL CARNEIRO";"Curva acentuada";"Tombamento";"Com Vítimas Feridas";"Plena Noite";"Decrescente";"Céu Claro";"Simples";"Curva";"Não";1;0;1;0;0;0;1;1;-15,60329778;-53,14820191;"SPRF-MT";"DEL07-MT";"UOP01-DEL07-MT"
456684;2022-06-19;"domingo";"04:10:00";"RO";364;435;"JARU";"Ingestão de álcool pelo condutor";"Colisão lateral sentido oposto";"Sem Vítimas";"Plena Noite";"Crescente";"Nevoeiro/Neblina";"Simples";"Reta";"Não";3;0;0;0;2;2;0;4;-10,38423694;-62,54709493;"SPRF-RO";"DEL03-RO";"UOP02-DEL03-RO"
456705;2022-06-19;"domingo";"06:35:00";"SP";116;75,8;"ROSEIRA";"Ingestão de álcool pelo condutor";"Colisão lateral mesmo sentido";"Com Vítimas Feridas";"Amanhecer";"Decrescente";"Nevoeiro/Neblina";"Dupla";"Curva";"Não";2;0;1;0;1;0;1;2;-22,87652031;-45,26835354;"SPRF-SP";"DEL08-SP";"UOP01-DEL08-SP"
456708;2022-06-19;"domingo";"07:00:00";"MG";381;290;"ANTONIO DIAS";"Falta de acostamento";"Queda de ocupante de veículo";"Com Vítimas Fatais";"Pleno dia";"Decrescente";"Céu Claro";"Simples";"Reta";"Não";3;1;0;0;1;1;0;3;-19,63642897;-42,83024696;"SPRF-MG";"DEL03-MG";"UOP02-DEL03-MG"
456717;2022-06-19;"domingo";"05:20:00";"BA";20;41;"CORRENTINA";"Ultrapassagem Indevida";"Colisão frontal";"Com Vítimas Fatais";"Pleno dia";"Crescente";"Céu Claro";"Simples";"Reta";"Não";6;1;2;1;1;1;3;3;-13,609638;-46,123709;"SPRF-BA";"DEL10-BA";"UOP01-DEL10-BA"
456721;2022-06-18;"sábado";"15:30:00";"PB";230;258;"JUNCO DO SERIDO";"Carga excessiva e/ou mal acondicionada";"Derramamento de carga";"Sem Vítimas";"Pleno dia";"Crescente";"Céu Claro";"Simples";"Curva";"Não";2;0;0;0;1;2;0;3;-7,0089;-36,6889;"SPRF-PB";"DEL03-PB";"UOP01-DEL03-PB"
456730;2022-06-19;"domingo";"10:20:00";"PR";376;530,6;"PONTA GROSSA";"Condutor deixou de manter distância do veículo da frente";"Colisão traseira";"Com Vítimas Feridas";"Pleno dia";"Crescente";"Céu Claro";"Dupla";"Reta";"Não";4;0;0;1;2;2;1;5;-25,29782257;-49,8934114;"SPRF-PR";"DEL03-PR";"UOP01-DEL03-PR"
456743;2022-06-19;"domingo";"10:05:00";"PB";230;504,7;"CAJAZEIRAS";"Transitar na contramão";"Colisão frontal";"Com Vítimas Fatais";"Pleno dia";"Decrescente";"Céu Claro";"Simples";"Reta";"Sim";2;1;0;0;1;0;0;2;-6,8944;-38,5429;"SPRF-PB";"DEL03-PB";"UOP03-DEL03-PB"
456746;2022-06-19;"domingo";"12:55:00";"GO";60;92,4;"ANAPOLIS";"Condutor deixou de manter distância do veículo da frente";"Colisão traseira";"Com Vítimas Feridas";"Pleno dia";"Crescente";"Céu Claro";"Dupla";"Viaduto;Aclive";"Sim";5;0;0;2;2;4;2;7;-16,3536797;-48,92690377;"SPRF-GO";"DEL02-GO";"UOP01-DEL02-GO"
456747;2022-06-19;"domingo";"13:24:00";"GO";153;631;"MORRINHOS";"Fumaça";"Colisão lateral mesmo sentido";"Com Vítimas Feridas";"Pleno dia";"Decrescente";"Céu Claro";"Dupla";"Reta";"Não";6;0;2;0;4;0;2;3;-17,7792;-49,1788;"SPRF-GO";"DEL03-GO";"UOP01-DEL03-GO"
456753;2022-06-19;"domingo";"12:20:00";"PE";104;79;"AGRESTINA";"Reação tardia ou ineficiente do condutor";"Colisão lateral sentido oposto";"Sem Vítimas";"Pleno dia";"Crescente";"Nublado";"Dupla";"Reta";"Não";3;0;0;0;2;2;0;4;-8,389074;-35,974712;"SPRF-PE";"DEL02-PE";"UOP01-DEL02-PE"
456766;2022-06-19;"domingo";"14:45:00";"SP";116;487;"CAJATI";"Modificação proibida";"Colisão traseira";"Com Vítimas Feridas";"Pleno dia";"Crescente";"Nublado";"Dupla";"Reta";"Não";2;0;1;0;1;0;1;2;-24,72633575;-48,08998415;"SPRF-SP";"DEL05-SP";"UOP01-DEL05-SP"
456767;2022-06-19;"domingo";"11:18:00";"SP";116;501;"CAJATI";"Velocidade Incompatível";"Eventos atípicos";"Com Vítimas Feridas";"Pleno dia";"Crescente";"Céu Claro";"Simples";"Reta";"Não";2;0;1;0;0;1;1;2;-24,77597089;-48,19792271;"SPRF-SP";"DEL05-SP";"UOP02-DEL05-SP"
456769;2022-06-19;"domingo";"14:30:00";"MG";262;547;"LUZ";"Transitar na contramão";"Colisão lateral sentido oposto";"Com Vítimas Feridas";"Pleno dia";"Decrescente";"Sol";"Simples";"Aclive;Curva";"Não";3;0;1;0;1;1;1;3;-19,74018668;-45,86034892;"SPRF-MG";"DEL08-MG";"UOP02-DEL08-MG"
456778;2022-06-19;"domingo";"15:20:00";"MT";163;723;"SORRISO";"Transitar na contramão";"Colisão lateral sentido oposto";"Com Vítimas Fatais";"Pleno dia";"Crescente";"Céu Claro";"Simples";"Reta";"Não";6;4;0;0;1;4;0;7;-12,89576097;-55,84616307;"SPRF-MT";"DEL06-MT";"UOP01-DEL06-MT"
456780;2022-06-19;"domingo";"15:00:00";"BA";116;596,3;"IRAJUBA";"Reação tardia ou ineficiente do condutor";"Saída de leito carroçável";"Com Vítimas Feridas";"Pleno dia";"Crescente";"Nublado";"Simples";"Curva";"Não";3;0;2;0;0;1;2;2;-13,18013991;-40,0048822;"SPRF-BA";"DEL03-BA";"UOP02-DEL03-BA"
456782;2022-06-19;"domingo";"16:00:00";"MG";50;199;"DELTA";"Acessar a via sem observar a presença dos outros veículos";"Colisão traseira";"Sem Vítimas";"Pleno dia";"Decrescente";"Céu Claro";"Dupla";"Declive;Reta";"Não";4;0;0;0;2;2;0;4;-19,92627147;-47,82191068;"SPRF-MG";"DEL13-MG";"UOP01-DEL13-MG"
456804;2022-06-19;"domingo";"14:30:00";"RJ";40;93;"DUQUE DE CAXIAS";"Reação tardia ou ineficiente do condutor";"Colisão com objeto";"Com Vítimas Feridas";"Pleno dia";"Crescente";"Chuva";"Simples";"Curva";"Não";3;0;1;0;1;1;1;2;-22,5554282;-43,25829998;"SPRF-RJ";"DEL06-RJ";"UOP01-DEL06-RJ"
456808;2022-06-19;"domingo";"17:00:00";"RJ";101;265;"RIO BONITO";"Ingestão de álcool pelo condutor";"Colisão lateral mesmo sentido";"Sem Vítimas";"Anoitecer";"Crescente";"Céu Claro";"Dupla";"Reta";"Sim";4;0;0;0;2;2;0;3;-22,71359987;-42,64391188;"SPRF-RJ";"DEL02-RJ";"UOP03-DEL02-RJ"
456823;2022-06-19;"domingo";"19:20:00";"MG";262;387;"FLORESTAL";"Condutor deixou de manter distância do veículo da frente";"Colisão traseira";"Com Vítimas Feridas";"Plena Noite";"Decrescente";"Céu Claro";"Dupla";"Reta";"Não";2;0;0;1;1;0;1;2;-19,93472988;-44,43457599;"SPRF-MG";"DEL01-MG";"UOP03-DEL01-MG"
456825;2022-06-19;"domingo";"18:45:00";"MG";153;107;"PRATA";"Conversão proibida";"Colisão lateral mesmo sentido";"Com Vítimas Feridas";"Anoitecer";"Decrescente";"Céu Claro";"Simples";"Declive";"Sim";4;0;1;1;1;2;2;4;-19,28004595;-48,9151339;"SPRF-MG";"DEL15-MG";"UOP03-DEL15-MG"
456828;2022-06-19;"domingo";"20:10:00";"MG";381;440;"SABARA";"Reação tardia ou ineficiente do condutor";"Colisão traseira";"Com Vítimas Fatais";"Plena Noite";"Crescente";"Céu Claro";"Simples";"Reta";"Não";4;1;1;0;2;0;1;3;-19,80537;-43,76192;"SPRF-MG";"DEL01-MG";"UOP01-DEL01-MG"
456838;2022-06-19;"domingo";"14:30:00";"PR";476;21;"ADRIANOPOLIS";"Reação tardia ou ineficiente do condutor";"Saída de leito carroçável";"Com Vítimas Feridas";"Pleno dia";"Crescente";"Céu Claro";"Simples";"Curva";"Não";2;0;1;0;0;1;1;2;-24,767128;-49,017269;"SPRF-PR";"DEL01-PR";"UOP01-DEL01-PR"
456839;2022-06-19;"domingo";"21:15:00";"MS";163;684;"RIO VERDE DE MATO GROSSO";"Reação tardia ou ineficiente do condutor";"Colisão com objeto";"Com Vítimas Feridas";"Plena Noite";"Decrescente";"Céu Claro";"Simples";"Curva";"Não";2;0;0;1;0;1;1;2;-18,88941498;-54,84483148;"SPRF-MS";"DEL06-MS";"UOP01-DEL06-MS"
456841;2022-06-19;"domingo";"18:00:00";"BA";116;877;"VITORIA DA CONQUISTA";"Velocidade Incompatível";"Tombamento";"Com Vítimas Feridas";"Anoitecer";"Crescente";"Céu Claro";"Simples";"Reta";"Não";3;0;0;1;1;1;1;2;-15,18537576;-41,0722304;"SPRF-BA";"DEL08-BA";"UOP03-DEL08-BA"
456845;2022-06-19;"domingo";"22:30:00";"ES";101;289;"CARIACICA";"Chuva";"Queda de ocupante de veículo";"Com Vítimas Fatais";"Plena Noite";"Decrescente";"Chuva";"Dupla";"Reta";"Sim";3;1;0;0;1;2;0;4;-20,28029304;-40,39302931;"SPRF-ES";"DEL01-ES";"UOP01-DEL01-ES"
456850;2022-06-19;"domingo";"22:40:00";"PR";369;71,3;"SANTA MARIANA";"Transitar na contramão";"Colisão frontal";"Com Vítimas Fatais";"Pleno dia";"Crescente";"Chuva";"Simples";"Reta";"Não";2;1;0;0;1;0;0;2;-23,152298;-50,500891;"SPRF-PR";"DEL07-PR";"UOP01-DEL07-PR"
456851;2022-06-19;"domingo";"22:00:00";"BA";101;385,9;"IBIRAPITANGA";"Velocidade Incompatível";"Colisão lateral sentido oposto";"Com Vítimas Feridas";"Plena Noite";"Decrescente";"Céu Claro";"Simples";"Curva";"Não";3;0;1;1;1;0;2;2;-14,00704057;-39,44548763;"SPRF-BA";"DEL05-BA";"UOP03-DEL05-BA"
456856;2022-06-19;"domingo";"21:45:00";"SC";282;381;"HERVAL DOESTE";"Condutor Dormindo";"Colisão frontal";"Com Vítimas Feridas";"Plena Noite";"Decrescente";"Céu Claro";"Simples";"Reta";"Não";3;0;0;1;1;2;1;4;-27,204979;-51,501442;"SPRF-SC";"DEL07-SC";"UOP05-DEL07-SC"
456859;2022-06-20;"segunda-feira";"00:01:00";"MG";40;443;"PARAOPEBA";"Ausência de reação do condutor";"Saída de leito carroçável";"Com Vítimas Feridas";"Plena Noite";"Crescente";"Céu Claro";"Dupla";"Reta";"Não";2;0;1;0;0;1;1;2;-19,28815;-44,392;"SPRF-MG";"DEL02-MG";"UOP01-DEL02-MG"
456877;2022-06-20;"segunda-feira";"02:00:00";"MG";40;825;"SIMAO PEREIRA";"Reação tardia ou ineficiente do condutor";"Saída de leito carroçável";"Com Vítimas Feridas";"Plena Noite";"Crescente";"Céu Claro";"Dupla";"Curva";"Não";3;0;2;1;0;0;3;1;-21,9735272;-43,28541842;"SPRF-MG";"DEL05-MG";"UOP01-DEL05-MG"
456878;2022-06-20;"segunda-feira";"01:30:00";"RJ";116;177;"NOVA IGUACU";"Pedestre andava na pista";"Atropelamento de Pedestre";"Com Vítimas Fatais";"Plena Noite";"Crescente";"Céu Claro";"Dupla";"Reta";"Sim";3;1;1;0;1;0;1;3;-22,78055198;-43,39208599;"SPRF-RJ";"DEL01-RJ";"UOP02-DEL01-RJ"
456879;2022-06-20;"segunda-feira";"09:40:00";"MG";381;441,2;"SABARA";"Velocidade Incompatível";"Colisão frontal";"Com Vítimas Feridas";"Pleno dia";"Crescente";"Sol";"Simples";"Aclive;Curva";"Não";5;0;2;0;2;2;2;5;-19,81604176;-43,80389901;"SPRF-MG";"DEL01-MG";"UOP01-DEL01-MG"
456881;2022-06-20;"segunda-feira";"08:05:00";"MG";381;380,1;"SAO GONCALO DO RIO ABAIXO";"Condutor deixou de manter distância do veículo da frente";"Colisão traseira";"Com Vítimas Feridas";"Pleno dia";"Crescente";"Nublado";"Simples";"Reta;Declive";"Sim";3;0;1;0;2;0;1;2;-19,8363259;-43,3460222;"SPRF-MG";"DEL01-MG";"UOP01-DEL01-MG"
456891;2022-06-20;"segunda-feira";"11:00:00";"RS";386;223;"SOLEDADE";"Reação tardia ou ineficiente do condutor";"Colisão frontal";"Com Vítimas Fatais";"Pleno dia";"Crescente";"Sol";"Simples";"Curva";"Não";3;1;0;0;1;2;0;4;-28,644985;-52,614906;"SPRF-RS";"DEL04-RS";"UOP03-DEL04-RS"
456896;2022-06-20;"segunda-feira";"11:00:00";"SC";101;228,8;"PALHOCA";"Manobra de mudança de faixa";"Colisão lateral mesmo sentido";"Com Vítimas Feridas";"Pleno dia";"Crescente";"Céu Claro";"Dupla";"Curva";"Não";4;0;1;0;2;1;1;3;-27,7597249;-48,63078869;"SPRF-SC";"DEL01-SC";"UOP02-DEL01-SC"
456898;2022-06-20;"segunda-feira";"08:55:00";"BA";116;15,2;"VITORIA DA CONQUISTA";"Ausência de reação do condutor";"Colisão lateral mesmo sentido";"Com Vítimas Feridas";"Pleno dia";"Crescente";"Céu Claro";"Simples";"Reta";"Sim";3;0;2;0;0;1;2;2;-14,90108731;-40,85244413;"SPRF-BA";"DEL08-BA";"UOP01-DEL08-BA"
456903;2022-06-20;"segunda-feira";"07:30:00";"SE";101;88;"NOSSA SENHORA DO SOCORRO";"Condutor deixou de manter distância do veículo da frente";"Colisão traseira";"Com Vítimas Feridas";"Pleno dia";"Decrescente";"Céu Claro";"Dupla";"Reta";"Não";3;0;0;1;2;0;1;2;-10,87113297;-37,1344637;"SPRF-SE";"DEL01-SE";"UOP01-DEL01-SE"
456925;2022-01-18;"terça-feira";"05:20:00";"SE";101;204,2;"CRISTINAPOLIS";"Transitar na contramão";"Colisão frontal";"Com Vítimas Fatais";"Amanhecer";"Crescente";"Nublado";"Simples";"Reta";"Não";11;2;6;2;0;1;8;3;-11,50911405;-37,78955394;"SPRF-SE";"DEL02-SE";"UOP03-DEL02-SE"
456927;2022-06-20;"segunda-feira";"12:10:00";"MG";262;446;"NOVA SERRANA";"Velocidade Incompatível";"Colisão traseira";"Com Vítimas Feridas";"Pleno dia";"Crescente";"Sol";"Simples";"Rotatória";"Sim";2;0;0;1;1;0;1;2;-19,87514825;-44,95031205;"SPRF-MG";"DEL08-MG";"UOP03-DEL08-MG"
456929;2022-06-20;"segunda-feira";"13:25:00";"RS";116;244;"SAO LEOPOLDO";"Reação tardia ou ineficiente do condutor";"Colisão com objeto";"Com Vítimas Feridas";"Pleno dia";"Crescente";"Céu Claro";"Dupla";"Viaduto";"Sim";2;0;0;1;0;1;1;2;-29,74088003;-51,15039566;"SPRF-RS";"DEL01-RS";"UOP02-DEL01-RS"
456931;2022-06-20;"segunda-feira";"11:30:00";"PR";376;221,1;"JANDAIA DO SUL";"Manobra de mudança de faixa";"Saída de leito carroçável";"Com Vítimas Feridas";"Pleno dia";"Decrescente";"Céu Claro";"Dupla";"Reta";"Não";2;0;1;0;1;0;1;2;-23,60010259;-51,58966138;"SPRF-PR";"DEL09-PR";"UOP01-DEL09-PR"
456932;2022-06-20;"segunda-feira";"13:30:00";"SC";101;164,4;"TIJUCAS";"Carga excessiva e/ou mal acondicionada";"Derramamento de carga";"Com Vítimas Feridas";"Pleno dia";"Crescente";"Céu Claro";"Dupla";"Reta";"Sim";2;0;1;0;1;0;1;2;-27,243868;-48,6309;"SPRF-SC";"DEL04-SC";"UOP03-DEL04-SC"
456934;2022-06-10;"sexta-feira";"06:00:00";"PA";10;325,9;"SAO MIGUEL DO GUAMA";"Ausência de reação do condutor";"Colisão traseira";"Com Vítimas Fatais";"Amanhecer";"Crescente";"Céu Claro";"Simples";"Reta";"Não";3;1;0;0;0;2;0;3;-1,60267198;-47,48656397;"SPRF-PA";"DEL01-PA";"UOP02-DEL01-PA"
456946;2022-06-20;"segunda-feira";"14:10:00";"PA";10;272,8;"MAE DO RIO";"Desrespeitar a preferência no cruzamento";"Colisão transversal";"Com Vítimas Feridas";"Pleno dia";"Decrescente";"Céu Claro";"Simples";"Reta";"Sim";2;0;0;1;1;0;1;2;-2,052389;-47,552586;"SPRF-PA";"DEL02-PA";"UOP01-DEL02-PA"
456949;2022-06-20;"segunda-feira";"09:30:00";"MT";70;676;"CACERES";"Demais falhas mecânicas ou elétricas";"Incêndio";"Sem Vítimas";"Pleno dia";"Decrescente";"Céu Claro";"Simples";"Curva";"Não";2;0;0;0;1;1;0;2;-16,09368291;-57,28984914;"SPRF-MT";"DEL03-MT";"UOP02-DEL03-MT"
456951;2022-04-13;"quarta-feira";"18:30:00";"PR";116;135,1;"MANDIRITUBA";"Conversão proibida";"Colisão frontal";"Com Vítimas Feridas";"Plena Noite";"Crescente";"Nublado";"Simples";"Reta";"Não";5;0;3;1;1;0;4;3;-25,7234802;-49,31794882;"SPRF-PR";"DEL01-PR";"UOP03-DEL01-PR"
456957;2022-06-20;"segunda-feira";"11:30:00";"RJ";101;275;"TANGUA";"Pedestre cruzava a pista fora da faixa";"Atropelamento de Pedestre";"Com Vítimas Feridas";"Pleno dia";"Crescente";"Céu Claro";"Dupla";"Reta";"Sim";4;0;0;1;2;1;1;3;-22,73653355;-42,72909106;"SPRF-RJ";"DEL02-RJ";"UOP03-DEL02-RJ"
456960;2022-06-16;"quinta-feira";"04:18:00";"MT";174;199,5;"PORTO ESPERIDIAO";"Acessar a via sem observar a presença dos outros veículos";"Colisão lateral sentido oposto";"Com Vítimas Feridas";"Plena Noite";"Crescente";"Céu Claro";"Simples";"Reta";"Não";3;0;1;0;1;1;1;3;-15,72298392;-58,69379088;"SPRF-MT";"DEL03-MT";"UOP01-DEL03-MT"
456962;2022-06-20;"segunda-feira";"16:03:00";"BA";324;605;"SIMOES FILHO";"Manobra de mudança de faixa";"Queda de ocupante de veículo";"Com Vítimas Feridas";"Pleno dia";"Crescente";"Garoa/Chuvisco";"Dupla";"Interseção de Vias";"Sim";3;0;2;0;1;0;2;2;-12,78605114;-38,40972508;"SPRF-BA";"DEL01-BA";"UOP01-DEL01-BA"
456967;2022-06-20;"segunda-feira";"15:00:00";"MS";158;81;"PARANAIBA";"Ultrapassagem Indevida";"Colisão lateral sentido oposto";"Com Vítimas Feridas";"Pleno dia";"Crescente";"Céu Claro";"Simples";"Reta";"Não";5;0;1;0;3;2;1;4;-19,56508294;-51,24341091;"SPRF-MS";"DEL08-MS";"UOP01-DEL08-MS"
456973;2022-06-20;"segunda-feira";"15:40:00";"AL";104;65,8;"MURICI";"Condutor Dormindo";"Colisão lateral sentido oposto";"Com Vítimas Feridas";"Pleno dia";"Crescente";"Nublado";"Simples";"Curva";"Não";4;0;1;0;3;0;1;3;-9,33313273;-35,8965549;"SPRF-AL";"DEL01-AL";"UOP02-DEL01-AL"
456976;2022-06-20;"segunda-feira";"17:15:00";"SP";116;58;"GUARATINGUETA";"Acesso irregular";"Colisão frontal";"Com Vítimas Fatais";"Pleno dia";"Crescente";"Céu Claro";"Dupla";"Reta";"Não";3;1;1;0;1;0;1;3;-22,78005511;-45,14572791;"SPRF-SP";"DEL08-SP";"UOP01-DEL08-SP"
456977;2022-06-20;"segunda-feira";"16:05:00";"RS";290;261,5;"CACHOEIRA DO SUL";"Desrespeitar a preferência no cruzamento";"Colisão transversal";"Com Vítimas Feridas";"Pleno dia";"Decrescente";"Céu Claro";"Simples";"Retorno Regulamentado";"Não";5;0;2;0;3;0;2;2;-30,26381184;-52,8459549;"SPRF-RS";"DEL02-RS";"UOP03-DEL02-RS"
456982;2022-06-08;"quarta-feira";"13:40:00";"RJ";116;180;"NOVA IGUACU";"Ausência de reação do condutor";"Queda de ocupante de veículo";"Com Vítimas Feridas";"Pleno dia";"Crescente";"Céu Claro";"Múltipla";"Reta";"Sim";2;0;0;1;1;0;1;2;-22,7651616;-43,4154728;"SPRF-RJ";"DEL01-RJ";"UOP02-DEL01-RJ"
456986;2022-06-19;"domingo";"14:15:00";"MG";354;757,8;"ITAMONTE";"Carga excessiva e/ou mal acondicionada";"Tombamento";"Com Vítimas Feridas";"Pleno dia";"Crescente";"Céu Claro";"Simples";"Curva";"Não";2;0;1;0;0;1;1;2;-22,32497995;-44,84170092;"SPRF-MG";"DEL17-MG";"UOP01-DEL17-MG"
457001;2022-06-20;"segunda-feira";"18:30:00";"SC";282;26,7;"SANTO AMARO DA IMPERATRIZ";"Acessar a via sem observar a presença dos outros veículos";"Colisão frontal";"Com Vítimas Feridas";"Anoitecer";"Decrescente";"Céu Claro";"Simples";"Interseção de Vias";"Não";3;0;1;0;1;1;1;3;-27,680267;-48,762482;"SPRF-SC";"DEL01-SC";"UOP03-DEL01-SC"
457003;2022-06-20;"segunda-feira";"18:00:00";"BA";116;8,8;"VITORIA DA CONQUISTA";"Conversão proibida";"Colisão transversal";"Com Vítimas Feridas";"Anoitecer";"Crescente";"Nevoeiro/Neblina";"Simples";"Reta";"Sim";2;0;1;1;0;0;2;2;-14,84991;-40,88371;"SPRF-BA";"DEL08-BA";"UOP01-DEL08-BA"
457010;2022-06-20;"segunda-feira";"10:00:00";"PA";230;122;"MARABA";"Manobra de mudança de faixa";"Colisão lateral mesmo sentido";"Sem Vítimas";"Pleno dia";"Crescente";"Céu Claro";"Dupla";"Reta";"Sim";4;0;0;0;4;0;0;2;-5,36838526;-49,12886078;"SPRF-PA";"DEL03-PA";"UOP01-DEL03-PA"
457011;2022-06-20;"segunda-feira";"17:50:00";"MS";163;331,3;"RIO BRILHANTE";"Animais na Pista";"Atropelamento de Animal";"Com Vítimas Feridas";"Plena Noite";"Crescente";"Céu Claro";"Simples";"Reta";"Não";5;0;0;1;3;3;1;7;-21,716413;-54,506462;"SPRF-MS";"DEL02-MS";"UOP02-DEL02-MS"
457012;2022-04-13;"quarta-feira";"16:40:00";"PA";316;64;"CASTANHAL";"Condutor deixou de manter distância do veículo da frente";"Colisão traseira";"Sem Vítimas";"Pleno dia";"Crescente";"Chuva";"Dupla";"Reta";"Não";5;0;0;0;5;0;0;4;-1,29629557;-47,91983997;"SPRF-PA";"DEL01-PA";"UOP01-DEL01-PA"
457014;2022-06-20;"segunda-feira";"19:20:00";"SP";116;325;"JUQUITIBA";"Velocidade Incompatível";"Colisão traseira";"Com Vítimas Feridas";"Plena Noite";"Crescente";"Nublado";"Dupla";"Reta";"Não";2;0;1;0;0;1;1;2;-23,94085262;-47,05337099;"SPRF-SP";"DEL04-SP";"UOP01-DEL04-SP"
457019;2022-06-20;"segunda-feira";"19:50:00";"ES";101;435,5;"PRESIDENTE KENNEDY";"Ausência de reação do condutor";"Tombamento";"Com Vítimas Feridas";"Plena Noite";"Crescente";"Nublado";"Simples";"Curva";"Não";3;0;1;0;2;0;1;3;-21,05500952;-41,19609059;"SPRF-ES";"DEL03-ES";"UOP02-DEL03-ES"
457023;2022-06-20;"segunda-feira";"18:30:00";"PR";369;358,2;"CAMPO MOURAO";"Ausência de reação do condutor";"Colisão traseira";"Com Vítimas Feridas";"Pleno dia";"Decrescente";"Nublado";"Simples";"Reta";"Não";3;0;0;1;1;1;1;3;-24,08968434;-52,38824129;"SPRF-PR";"DEL09-PR";"UOP03-DEL09-PR"
457026;2022-06-20;"segunda-feira";"14:00:00";"PR";376;491;"PONTA GROSSA";"Velocidade Incompatível";"Saída de leito carroçável";"Com Vítimas Feridas";"Pleno dia";"Crescente";"Céu Claro";"Dupla";"Declive";"Não";3;0;1;0;1;3;1;5;-25,16566955;-50,11640967;"SPRF-PR";"DEL03-PR";"UOP01-DEL03-PR"
457027;2022-06-20;"segunda-feira";"22:00:00";"PR";376;350;"ORTIGUEIRA";"Reação tardia ou ineficiente do condutor";"Colisão traseira";"Com Vítimas Feridas";"Plena Noite";"Decrescente";"Céu Claro";"Dupla";"Reta";"Não";3;0;0;1;1;1;1;3;-24,24186305;-50,90915505;"SPRF-PR";"DEL07-PR";"UOP02-DEL07-PR"
457031;2022-06-20;"segunda-feira";"16:30:00";"PR";376;494;"PONTA GROSSA";"Demais falhas mecânicas ou elétricas";"Eventos atípicos";"Sem Vítimas";"Pleno dia";"Decrescente";"Céu Claro";"Dupla";"Reta;Aclive";"Sim";2;0;0;0;1;2;0;3;-25,16566955;-50,11640967;"SPRF-PR";"DEL03-PR";"UOP01-DEL03-PR"