"id";"data_inversa";"dia_semana";"horario";"uf";"br";"km";"municipio";"causa_acidente";"tipo_acidente";"classificacao_acidente";"fase_dia";"sentido_via";"condicao_metereologica";"tipo_pista";"tracado_via";"uso_solo";"pessoas";"mortos";"feridos_leves";"feridos_graves";"ilesos";"ignorados";"feridos";"veiculos";"latitude";"longitude";"regional";"delegacia";"uop"
457032;2022-06-20;"segunda-feira";"21:45:00";"MG";381;481;"CONTAGEM";"Manobra de mudança de faixa";"Colisão lateral mesmo sentido";"Com Vítimas Feridas";"Plena Noite";"Decrescente";"Céu Claro";"Dupla";"Reta";"Sim";6;0;1;0;4;1;1;4;-19,95931561;-44,08825597;"SPRF-MG";"DEL01-MG";"UOP03-DEL01-MG"
457036;2022-06-20;"segunda-feira";"21:45:00";"ES";101;396,1;"RIO NOVO DO SUL";"Ingestão de álcool pelo condutor";"Colisão traseira";"Sem Vítimas";"Plena Noite";"Decrescente";"Céu Claro";"Simples";"Curva";"Não";3;0;0;0;2;2;0;4;-20,868874;-40,94103;"SPRF-ES";"DEL03-ES";"UOP02-DEL03-ES"
457042;2022-06-20;"segunda-feira";"21:00:00";"PR";116;207,1;"RIO NEGRO";"Ingestão de álcool pelo condutor";"Saída de leito carroçável";"Sem Vítimas";"Plena Noite";"Decrescente";"Céu Claro";"Simples";"Declive;Reta";"Sim";2;0;0;0;1;1;0;2;-26,06998593;-49,73493401;"SPRF-SC";"DEL06-SC";"UOP01-DEL06-SC"
457045;2022-06-20;"segunda-feira";"17:00:00";"AM";174;971;"MANAUS";"Transitar na contramão";"Colisão frontal";"Com Vítimas Fatais";"Pleno dia";"Crescente";"Ignorado";"Simples";"Aclive";"Não";5;1;1;2;0;1;3;3;-2,21578607;-60,02076775;"SPRF-AM";"DEL01-AM";"UOP02-DEL01-AM"
457048;2022-06-20;"segunda-feira";"22:30:00";"MT";163;835;"SINOP";"Condutor deixou de manter distância do veículo da frente";"Colisão traseira";"Sem Vítimas";"Plena Noite";"Crescente";"Céu Claro";"Simples";"Declive;Reta;Viaduto";"Sim";7;0;0;0;6;2;0;4;-11,85790899;-55,49431045;"SPRF-MT";"DEL06-MT";"UOP01-DEL06-MT"
457049;2022-06-20;"segunda-feira";"22:30:00";"MT";364;349;"SANTO ANTONIO DO LEVERGER";"Condutor deixou de manter distância do veículo da frente";"Colisão traseira";"Com Vítimas Feridas";"Plena Noite";"Decrescente";"Céu Claro";"Dupla";"Reta";"Não";3;0;1;0;1;4;1;6;-15,80502622;-55,5546431;"SPRF-MT";"DEL05-MT";"UOP02-DEL05-MT"
457051;2022-06-20;"segunda-feira";"22:50:00";"PR";277;727,8;"FOZ DO IGUACU";"Reação tardia ou ineficiente do condutor";"Saída de leito carroçável";"Com Vítimas Feridas";"Plena Noite";"Crescente";"Céu Claro";"Dupla";"Curva";"Sim";2;0;1;0;0;1;1;2;-25,51017487;-54,56454899;"SPRF-PR";"DEL05-PR";"UOP03-DEL05-PR"
457056;2022-06-20;"segunda-feira";"23:50:00";"MG";153;209,8;"FRUTAL";"Ausência de reação do condutor";"Saída de leito carroçável";"Com Vítimas Feridas";"Plena Noite";"Crescente";"Céu Claro";"Dupla";"Rotatória";"Sim";1;0;1;0;0;0;1;1;-20,07281424;-49,07299961;"SPRF-MG";"DEL13-MG";"UOP02-DEL13-MG"
457058;2022-06-21;"terça-feira";"01:39:00";"SP";116;349,5;"MIRACATU";"Velocidade Incompatível";"Colisão com objeto";"Com Vítimas Feridas";"Plena Noite";"Crescente";"Nublado";"Dupla";"Curva";"Não";2;0;0;1;0;1;1;2;-24,05190879;-47,213052;"SPRF-SP";"DEL04-SP";"UOP02-DEL04-SP"
457059;2022-06-20;"segunda-feira";"16:50:00";"ES";101;388,3;"RIO NOVO DO SUL";"Velocidade Incompatível";"Tombamento";"Com Vítimas Feridas";"Pleno dia";"Decrescente";"Céu Claro";"Simples";"Curva";"Não";2;0;1;0;0;1;1;2;-20,86157249;-40,87474644;"SPRF-ES";"DEL03-ES";"UOP02-DEL03-ES"
457060;2022-06-21;"terça-feira";"02:00:00";"ES";262;163,5;"IBATIBA";"Velocidade Incompatível";"Colisão traseira";"Com Vítimas Feridas";"Plena Noite";"Crescente";"Nevoeiro/Neblina";"Simples";"Reta;Declive";"Não";6;0;3;1;1;1;4;3;-20,24911466;-41,55151398;"SPRF-ES";"DEL01-ES";"UOP02-DEL01-ES"
457061;2022-06-21;"terça-feira";"01:30:00";"CE";222;20,1;"CAUCAIA";"Velocidade Incompatível";"Derramamento de carga";"Sem Vítimas";"Plena Noite";"Crescente";"Céu Claro";"Simples";"Rotatória";"Sim";1;0;0;0;1;0;0;1;-3,73647685;-38,74401569;"SPRF-CE";"DEL01-CE";"UOP01-DEL01-CE"
457062;2022-06-21;"terça-feira";"01:10:00";"MG";153;16,3;"CENTRALINA";"Reação tardia ou ineficiente do condutor";"Colisão traseira";"Com Vítimas Feridas";"Plena Noite";"Decrescente";"Céu Claro";"Dupla";"Reta";"Não";3;0;0;2;0;3;2;5;-18,56043;-49,193886;"SPRF-MG";"DEL15-MG";"UOP03-DEL15-MG"
457063;2022-06-21;"terça-feira";"04:10:00";"MG";381;813,8;"CAREACU";"Avarias e/ou desgaste excessivo no pneu";"Incêndio";"Sem Vítimas";"Plena Noite";"Decrescente";"Nevoeiro/Neblina";"Dupla";"Curva";"Não";2;0;0;0;1;1;0;2;-22,0714422;-45,70245174;"SPRF-MG";"DEL16-MG";"UOP02-DEL16-MG"
457065;2022-06-21;"terça-feira";"04:30:00";"GO";60;200;"GUAPO";"Condutor Dormindo";"Colisão traseira";"Com Vítimas Feridas";"Plena Noite";"Decrescente";"Ignorado";"Dupla";"Reta";"Não";3;0;2;0;0;2;2;4;-16,8736;-49,6126;"SPRF-GO";"DEL01-GO";"UOP02-DEL01-GO"
457069;2022-06-21;"terça-feira";"04:13:00";"RJ";493;108;"ITAGUAI";"Demais falhas mecânicas ou elétricas";"Incêndio";"Sem Vítimas";"Plena Noite";"Decrescente";"Céu Claro";"Dupla";"Reta";"Sim";1;0;0;0;1;0;0;1;-22,8588902;-43,75913;"SPRF-RJ";"DEL03-RJ";"UOP01-DEL03-RJ"
457074;2022-06-21;"terça-feira";"06:20:00";"SC";101;196;"BIGUACU";"Reação tardia ou ineficiente do condutor";"Colisão traseira";"Com Vítimas Feridas";"Amanhecer";"Crescente";"Nublado";"Múltipla";"Reta;Aclive";"Sim";2;0;0;1;1;0;1;2;-27,51101091;-48,64322292;"SPRF-SC";"DEL01-SC";"UOP01-DEL01-SC"
457075;2022-06-20;"segunda-feira";"22:00:00";"PR";373;176,3;"PONTA GROSSA";"Ausência de reação do condutor";"Colisão traseira";"Com Vítimas Feridas";"Plena Noite";"Decrescente";"Céu Claro";"Dupla";"Reta";"Sim";3;0;0;1;2;0;1;2;-25,06082803;-50,21845202;"SPRF-PR";"DEL03-PR";"UOP01-DEL03-PR"
457078;2022-06-21;"terça-feira";"05:50:00";"PR";277;599;"CASCAVEL";"Acessar a via sem observar a presença dos outros veículos";"Colisão traseira";"Com Vítimas Feridas";"Plena Noite";"Decrescente";"Céu Claro";"Dupla";"Reta";"Não";4;0;1;0;2;3;1;6;-24,996818;-53,516253;"SPRF-PR";"DEL04-PR";"UOP01-DEL04-PR"
457082;2022-06-21;"terça-feira";"00:30:00";"AL";423;66,8;"AGUA BRANCA";"Pista esburacada";"Saída de leito carroçável";"Com Vítimas Feridas";"Plena Noite";"Crescente";"Nublado";"Simples";"Reta";"Não";3;0;2;0;1;0;2;1;-9,31819615;-37,95009255;"SPRF-AL";"DEL03-AL";"UOP02-DEL03-AL"
457084;2022-06-21;"terça-feira";"07:40:00";"DF";20;5;"BRASILIA";"Trafegar com motocicleta (ou similar) entre as faixas";"Colisão lateral mesmo sentido";"Com Vítimas Feridas";"Pleno dia";"Crescente";"Sol";"Dupla";"Reta";"Sim";2;0;1;0;1;0;1;2;-15,670546;-47,816044;"SPRF-DF";"DEL02-DF";"UOP01-DEL02-DF"
457085;2022-06-21;"terça-feira";"05:00:00";"SP";116;337;"JUQUITIBA";"Demais falhas mecânicas ou elétricas";"Incêndio";"Sem Vítimas";"Amanhecer";"Decrescente";"Nevoeiro/Neblina";"Múltipla";"Curva";"Não";2;0;0;0;1;2;0;3;-23,9818403;-47,14564419;"SPRF-SP";"DEL04-SP";"UOP01-DEL04-SP"
457087;2022-06-21;"terça-feira";"07:59:00";"SP";116;213;"GUARULHOS";"Acessar a via sem observar a presença dos outros veículos";"Atropelamento de Pedestre";"Com Vítimas Feridas";"Pleno dia";"Crescente";"Nublado";"Múltipla";"Reta";"Sim";2;0;1;0;1;0;1;2;-23,43971486;-46,43667806;"SPRF-SP";"DEL01-SP";"UOP01-DEL01-SP"
457088;2022-06-21;"terça-feira";"08:20:00";"DF";20;6;"BRASILIA";"Obstrução na via";"Colisão lateral mesmo sentido";"Sem Vítimas";"Pleno dia";"Decrescente";"Céu Claro";"Dupla";"Reta;Declive;Ponte";"Sim";2;0;0;0;2;0;0;2;-15,665888;-47,808308;"SPRF-DF";"DEL02-DF";"UOP01-DEL02-DF"
457089;2022-06-21;"terça-feira";"05:58:00";"MG";381;708,4;"NEPOMUCENO";"Ausência de reação do condutor";"Colisão traseira";"Com Vítimas Feridas";"Amanhecer";"Crescente";"Céu Claro";"Dupla";"Reta;Aclive";"Não";2;0;1;0;1;0;1;2;-21,370524;-45,188652;"SPRF-MG";"DEL04-MG";"UOP02-DEL04-MG"
457099;2022-06-21;"terça-feira";"07:45:00";"MS";163;21,8;"MUNDO NOVO";"Ultrapassagem Indevida";"Colisão lateral mesmo sentido";"Sem Vítimas";"Pleno dia";"Crescente";"Céu Claro";"Simples";"Declive";"Não";5;0;0;0;4;5;0;8;-23,91127109;-54,29550011;"SPRF-MS";"DEL09-MS";"UOP02-DEL09-MS"
457104;2022-06-21;"terça-feira";"10:05:00";"PE";101;54;"PAULISTA";"Manobra de mudança de faixa";"Colisão lateral mesmo sentido";"Sem Vítimas";"Pleno dia";"Crescente";"Céu Claro";"Dupla";"Ponte;Reta";"Não";2;0;0;0;2;0;0;2;-7,93961103;-34,90356584;"SPRF-PE";"DEL01-PE";"UOP02-DEL01-PE"
457105;2022-06-21;"terça-feira";"04:00:00";"GO";153;140;"MARA ROSA";"Ultrapassagem Indevida";"Colisão frontal";"Com Vítimas Feridas";"Amanhecer";"Crescente";"Céu Claro";"Simples";"Reta";"Não";2;0;1;0;1;0;1;2;-13,994013;-49,089703;"SPRF-GO";"DEL07-GO";"UOP01-DEL07-GO"
457111;2022-05-18;"quarta-feira";"18:30:00";"PR";277;31;"MORRETES";"Condutor Dormindo";"Saída de leito carroçável";"Com Vítimas Feridas";"Pleno dia";"Decrescente";"Nublado";"Dupla";"Reta";"Não";2;0;1;0;0;2;1;3;-25,52874613;-48,73512603;"SPRF-PR";"DEL01-PR";"UOP05-DEL01-PR"
457114;2022-06-21;"terça-feira";"07:10:00";"MT";364;917,6;"CAMPO NOVO DO PARECIS";"Demais falhas mecânicas ou elétricas";"Incêndio";"Sem Vítimas";"Pleno dia";"Crescente";"Céu Claro";"Simples";"Reta";"Não";2;0;0;0;1;1;0;2;-13,44309676;-57,97641859;"SPRF-MT";"DEL01-MT";"UOP01-DEL01-MT"
457123;2022-06-21;"terça-feira";"13:15:00";"RS";290;162;"BUTIA";"Acessar a via sem observar a presença dos outros veículos";"Colisão transversal";"Com Vítimas Feridas";"Pleno dia";"Crescente";"Chuva";"Simples";"Rotatória";"Não";3;0;1;0;1;2;1;4;-30,113115;-51,828625;"SPRF-RS";"DEL02-RS";"UOP01-DEL02-RS"
457124;2022-06-21;"terça-feira";"07:30:00";"MA";10;249,2;"IMPERATRIZ";"Acessar a via sem observar a presença dos outros veículos";"Tombamento";"Com Vítimas Feridas";"Pleno dia";"Crescente";"Céu Claro";"Múltipla";"Reta";"Sim";2;0;1;0;1;0;1;2;-5,558508;-47,45417;"SPRF-MA";"DEL04-MA";"UOP01-DEL04-MA"
457125;2022-06-21;"terça-feira";"12:50:00";"MG";262;449;"NOVA SERRANA";"Demais falhas mecânicas ou elétricas";"Incêndio";"Sem Vítimas";"Pleno dia";"Crescente";"Céu Claro";"Simples";"Reta";"Não";2;0;0;0;1;1;0;2;-19,8711072;-44,97973504;"SPRF-MG";"DEL08-MG";"UOP03-DEL08-MG"
457128;2022-04-26;"terça-feira";"17:40:00";"RS";285;215,7;"CASEIROS";"Demais falhas mecânicas ou elétricas";"Colisão lateral sentido oposto";"Sem Vítimas";"Anoitecer";"Decrescente";"Garoa/Chuvisco";"Simples";"Curva";"Não";2;0;0;0;2;0;0;2;-28,267836;-51,672283;"SPRF-RS";"DEL08-RS";"UOP05-DEL08-RS"
457136;2022-06-21;"terça-feira";"12:45:00";"RO";364;15;"VILHENA";"Reação tardia ou ineficiente do condutor";"Colisão lateral mesmo sentido";"Com Vítimas Fatais";"Pleno dia";"Crescente";"Céu Claro";"Simples";"Interseção de Vias";"Sim";3;1;0;0;1;2;0;4;-12,73672751;-60,14804088;"SPRF-RO";"DEL04-RO";"UOP01-DEL04-RO"
457139;2022-06-21;"terça-feira";"14:00:00";"MS";163;251;"DOURADOS";"Ausência de reação do condutor";"Colisão traseira";"Com Vítimas Feridas";"Pleno dia";"Crescente";"Céu Claro";"Simples";"Reta";"Não";3;0;1;0;1;1;1;3;-22,34839387;-54,80707347;"SPRF-MS";"DEL04-MS";"UOP02-DEL04-MS"
457144;2022-06-21;"terça-feira";"05:50:00";"BA";324;575;"SAO SEBASTIAO DO PASSE";"Manobra de mudança de faixa";"Colisão lateral mesmo sentido";"Sem Vítimas";"Amanhecer";"Decrescente";"Ignorado";"Dupla";"Reta";"Não";2;0;0;0;1;1;0;2;-12,57298496;-38,54513072;"SPRF-BA";"DEL01-BA";"UOP01-DEL01-BA"
457151;2022-06-21;"terça-feira";"15:30:00";"PR";376;501,8;"PONTA GROSSA";"Avarias e/ou desgaste excessivo no pneu";"Saída de leito carroçável";"Com Vítimas Feridas";"Pleno dia";"Crescente";"Céu Claro";"Dupla";"Reta";"Sim";2;0;1;0;0;1;1;2;-25,20894789;-50,06444688;"SPRF-PR";"DEL03-PR";"UOP01-DEL03-PR"
457153;2022-06-21;"terça-feira";"11:00:00";"MG";381;782;"CAMPANHA";"Condutor Dormindo";"Saída de leito carroçável";"Sem Vítimas";"Pleno dia";"Crescente";"Céu Claro";"Dupla";"Reta";"Não";2;0;0;0;1;1;0;2;-21,85981403;-45,52590597;"SPRF-MG";"DEL16-MG";"UOP02-DEL16-MG"
457158;2022-06-21;"terça-feira";"16:00:00";"MG";381;509;"SAO JOAQUIM DE BICAS";"Manobra de mudança de faixa";"Colisão lateral mesmo sentido";"Sem Vítimas";"Pleno dia";"Crescente";"Céu Claro";"Dupla";"Reta";"Sim";3;0;0;0;2;2;0;4;-20,04681357;-44,27473784;"SPRF-MG";"DEL01-MG";"UOP03-DEL01-MG"
457160;2022-06-21;"terça-feira";"15:30:00";"RS";392;9,5;"RIO GRANDE";"Manobra de mudança de faixa";"Colisão frontal";"Com Vítimas Fatais";"Pleno dia";"Crescente";"Céu Claro";"Simples";"Reta";"Não";3;1;0;0;1;1;0;3;-32,11099;-52,112198;"SPRF-RS";"DEL07-RS";"UOP02-DEL07-RS"
457162;2022-06-21;"terça-feira";"12:30:00";"RO";425;90;"NOVA MAMORE";"Demais falhas mecânicas ou elétricas";"Incêndio";"Sem Vítimas";"Pleno dia";"Crescente";"Sol";"Simples";"Reta";"Não";1;0;0;0;1;0;0;1;-10,325455;-65,306931;"SPRF-RO";"DEL01-RO";"UOP03-DEL01-RO"
457173;2022-06-21;"terça-feira";"15:40:00";"SP";381;36;"ATIBAIA";"Ausência de reação do condutor";"Colisão lateral mesmo sentido";"Com Vítimas Feridas";"Pleno dia";"Decrescente";"Céu Claro";"Dupla";"Reta";"Sim";3;0;1;0;2;0;1;2;-23,09707232;-46,57180706;"SPRF-SP";"DEL03-SP";"UOP01-DEL03-SP"
457180;2022-06-21;"terça-feira";"18:00:00";"ES";101;290,1;"CARIACICA";"Manobra de mudança de faixa";"Tombamento";"Com Vítimas Feridas";"Plena Noite";"Crescente";"Céu Claro";"Dupla";"Curva";"Sim";3;0;0;1;1;1;1;3;-20,29134237;-40,39197564;"SPRF-ES";"DEL01-ES";"UOP01-DEL01-ES"
457181;2022-06-21;"terça-feira";"14:40:00";"MS";163;604;"SAO GABRIEL DO OESTE";"Manobra de mudança de faixa";"Colisão lateral mesmo sentido";"Sem Vítimas";"Pleno dia";"Crescente";"Céu Claro";"Dupla";"Reta";"Não";3;0;0;0;2;3;0;5;-19,47293886;-54,49737786;"SPRF-MS";"DEL06-MS";"UOP02-DEL06-MS"
457182;2022-06-21;"terça-feira";"18:00:00";"RS";116;256,9;"ESTEIO";"Reação tardia ou ineficiente do condutor";"Eventos atípicos";"Com Vítimas Feridas";"Plena Noite";"Decrescente";"Chuva";"Dupla";"Curva";"Sim";3;0;1;0;1;1;1;3;-29,84762995;-51,17813772;"SPRF-RS";"DEL01-RS";"UOP02-DEL01-RS"
457189;2022-06-21;"terça-feira";"18:15:00";"PR";369;519;"CASCAVEL";"Acessar a via sem observar a presença dos outros veículos";"Colisão transversal";"Com Vítimas Feridas";"Anoitecer";"Decrescente";"Céu Claro";"Simples";"Reta";"Sim";2;0;1;0;1;0;1;2;-24,9153;-53,3859;"SPRF-PR";"DEL04-PR";"UOP01-DEL04-PR"
457194;2022-06-21;"terça-feira";"19:20:00";"SC";101;216;"PALHOCA";"Acessar a via sem observar a presença dos outros veículos";"Colisão transversal";"Com Vítimas Feridas";"Plena Noite";"Crescente";"Chuva";"Dupla";"Reta";"Sim";2;0;1;0;0;1;1;2;-27,65981409;-48,67747798;"SPRF-SC";"DEL01-SC";"UOP02-DEL01-SC"
457195;2022-06-21;"terça-feira";"17:45:00";"MA";222;673,5;"ACAILANDIA";"Acessar a via sem observar a presença dos outros veículos";"Colisão transversal";"Com Vítimas Feridas";"Anoitecer";"Decrescente";"Céu Claro";"Simples";"Declive";"Sim";2;0;1;0;1;0;1;2;-4,92960481;-47,44590111;"SPRF-MA";"DEL04-MA";"UOP03-DEL04-MA"
457198;2022-06-21;"terça-feira";"19:35:00";"PE";232;178,4;"BELO JARDIM";"Pedestre cruzava a pista fora da faixa";"Atropelamento de Pedestre";"Com Vítimas Fatais";"Plena Noite";"Decrescente";"Nublado";"Simples";"Reta";"Sim";4;1;0;0;1;2;0;3;-8,347448;-36,411818;"SPRF-PE";"DEL03-PE";"UOP02-DEL03-PE"
457199;2022-06-21;"terça-feira";"19:25:00";"SC";101;28,7;"JOINVILLE";"Manobra de mudança de faixa";"Colisão lateral mesmo sentido";"Com Vítimas Feridas";"Plena Noite";"Decrescente";"Céu Claro";"Dupla";"Reta";"Sim";3;0;1;0;1;2;1;4;-26,2165;-48,916;"SPRF-SC";"DEL03-SC";"UOP01-DEL03-SC"
457205;2022-04-28;"quinta-feira";"18:00:00";"SC";280;301,3;"PORTO UNIAO";"Ausência de reação do condutor";"Colisão traseira";"Com Vítimas Feridas";"Anoitecer";"Decrescente";"Nublado";"Simples";"Reta";"Não";3;0;1;0;1;1;1;3;-26,28207506;-51,03061202;"SPRF-SC";"DEL06-SC";"UOP04-DEL06-SC"
457206;2022-06-21;"terça-feira";"16:10:00";"MT";163;957;"NOVA SANTA HELENA";"Ultrapassagem Indevida";"Tombamento";"Com Vítimas Feridas";"Pleno dia";"Crescente";"Céu Claro";"Simples";"Aclive";"Não";3;0;1;0;1;4;1;6;-10,95603714;-55,21834974;"SPRF-MT";"DEL06-MT";"NPF/DEL06-MT"
457207;2022-06-21;"terça-feira";"15:50:00";"MT";163;964;"NOVA SANTA HELENA";"Reação tardia ou ineficiente do condutor";"Colisão traseira";"Com Vítimas Feridas";"Pleno dia";"Crescente";"Sol";"Simples";"Reta";"Não";4;0;1;0;2;2;1;4;-10,7791;-55,15737;"SPRF-MT";"DEL06-MT";"NPF/DEL06-MT"
457213;2022-06-21;"terça-feira";"21:00:00";"RS";290;151;"ELDORADO DO SUL";"Acessar a via sem observar a presença dos outros veículos";"Colisão traseira";"Sem Vítimas";"Plena Noite";"Crescente";"Chuva";"Simples";"Reta";"Sim";3;0;0;0;2;1;0;3;-30,10474182;-51,72789216;"SPRF-RS";"DEL02-RS";"UOP01-DEL02-RS"
457219;2022-06-21;"terça-feira";"08:05:00";"SC";282;454,9;"PONTE SERRADA";"Transitar na contramão";"Colisão frontal";"Com Vítimas Fatais";"Pleno dia";"Decrescente";"Céu Claro";"Simples";"Curva;Aclive";"Não";3;2;0;0;0;2;0;4;-26,90048;-51,9743;"SPRF-SC";"DEL07-SC";"UOP04-DEL07-SC"
457221;2022-06-21;"terça-feira";"21:00:00";"PI";316;321;"PICOS";"Reação tardia ou ineficiente do condutor";"Colisão traseira";"Com Vítimas Feridas";"Plena Noite";"Decrescente";"Céu Claro";"Dupla";"Reta";"Não";3;0;0;1;1;1;1;2;-7,09414429;-41,38012304;"SPRF-PI";"DEL04-PI";"UOP01-DEL04-PI"
457225;2022-06-21;"terça-feira";"22:00:00";"MS";60;42;"PARAISO DAS AGUAS";"Manobra de mudança de faixa";"Colisão frontal";"Com Vítimas Feridas";"Plena Noite";"Decrescente";"Céu Claro";"Simples";"Reta";"Não";4;0;2;0;1;2;2;4;-18,96343244;-52,84188491;"SPRF-MS";"DEL08-MS";"UOP01-DEL08-MS"
457226;2022-06-21;"terça-feira";"20:30:00";"RO";364;711;"PORTO VELHO";"Velocidade Incompatível";"Engavetamento";"Com Vítimas Feridas";"Plena Noite";"Decrescente";"Céu Claro";"Dupla";"Reta";"Não";6;0;1;0;4;1;1;4;-8,78153947;-63,86531369;"SPRF-RO";"DEL01-RO";"UOP01-DEL01-RO"
457232;2022-06-21;"terça-feira";"21:30:00";"BA";242;853;"BARREIRAS";"Demais falhas mecânicas ou elétricas";"Incêndio";"Sem Vítimas";"Plena Noite";"Crescente";"Céu Claro";"Simples";"Reta";"Não";2;0;0;0;1;2;0;3;-12,10556023;-45,31564903;"SPRF-BA";"DEL10-BA";"UOP01-DEL10-BA"
457235;2022-06-22;"quarta-feira";"00:30:00";"PR";153;78;"CONSELHEIRO MAIRINCK";"Velocidade Incompatível";"Tombamento";"Sem Vítimas";"Plena Noite";"Decrescente";"Céu Claro";"Simples";"Curva";"Não";2;0;0;0;1;2;0;3;-23,59128404;-50,14263153;"SPRF-PR";"DEL07-PR";"UOP04-DEL07-PR"
457241;2022-06-22;"quarta-feira";"02:53:00";"ES";101;203,2;"JOAO NEIVA";"Ausência de reação do condutor";"Colisão frontal";"Com Vítimas Fatais";"Plena Noite";"Crescente";"Céu Claro";"Simples";"Reta;Aclive";"Não";2;1;0;0;1;0;0;2;-19,74448248;-40,37263506;"SPRF-ES";"DEL04-ES";"UOP01-DEL04-ES"
457245;2022-06-22;"quarta-feira";"04:07:00";"SE";101;51;"JAPARATUBA";"Animais na Pista";"Tombamento";"Com Vítimas Feridas";"Plena Noite";"Crescente";"Chuva";"Dupla";"Desvio Temporário";"Não";1;0;1;0;0;0;1;1;-10,61153091;-36,97737715;"SPRF-SE";"DEL02-SE";"UOP02-DEL02-SE"
457250;2022-06-22;"quarta-feira";"04:30:00";"SC";280;120;"SAO BENTO DO SUL";"Acessar a via sem observar a presença dos outros veículos";"Colisão transversal";"Sem Vítimas";"Plena Noite";"Crescente";"Nublado";"Simples";"Reta";"Não";3;0;0;0;2;1;0;3;-26,26094075;-49,44273982;"SPRF-SC";"DEL06-SC";"UOP03-DEL06-SC"
457254;2022-06-21;"terça-feira";"19:30:00";"BA";116;632;"JAGUAQUARA";"Demais falhas mecânicas ou elétricas";"Incêndio";"Sem Vítimas";"Plena Noite";"Decrescente";"Garoa/Chuvisco";"Simples";"Declive";"Sim";2;0;0;0;1;1;0;2;-13,46756485;-40,03652534;"SPRF-BA";"DEL03-BA";"UOP01-DEL03-BA"
457256;2022-06-22;"quarta-feira";"05:13:00";"MS";163;555,5;"BANDEIRANTES";"Ausência de reação do condutor";"Saída de leito carroçável";"Com Vítimas Feridas";"Amanhecer";"Crescente";"Nublado";"Simples";"Reta;Declive";"Não";1;0;1;0;0;0;1;1;-19,86479399;-54,36871565;"SPRF-MS";"DEL01-MS";"UOP02-DEL01-MS"
457259;2022-06-22;"quarta-feira";"06:15:00";"RJ";116;185;"NOVA IGUACU";"Reação tardia ou ineficiente do condutor";"Colisão traseira";"Com Vítimas Feridas";"Amanhecer";"Decrescente";"Céu Claro";"Dupla";"Reta";"Não";2;0;1;0;1;0;1;2;-22,74151051;-43,45351823;"SPRF-RJ";"DEL01-RJ";"UOP02-DEL01-RJ"
457273;2022-06-22;"quarta-feira";"07:45:00";"PR";277;586,1;"CASCAVEL";"Condutor deixou de manter distância do veículo da frente";"Colisão traseira";"Com Vítimas Feridas";"Pleno dia";"Decrescente";"Céu Claro";"Simples";"Reta";"Sim";3;0;0;1;1;1;1;3;-24,9649472;-53,4210459;"SPRF-PR";"DEL04-PR";"UOP01-DEL04-PR"
457274;2022-06-22;"quarta-feira";"07:00:00";"MG";267;248;"CARVALHOS";"Condutor Dormindo";"Colisão frontal";"Com Vítimas Feridas";"Pleno dia";"Decrescente";"Céu Claro";"Simples";"Curva";"Não";4;0;2;1;1;0;3;3;-21,93632695;-44,4741703;"SPRF-MG";"DEL17-MG";"UOP01-DEL17-MG"
457276;2022-06-22;"quarta-feira";"07:30:00";"PR";116;46,9;"CAMPINA GRANDE DO SUL";"Reação tardia ou ineficiente do condutor";"Saída de leito carroçável";"Com Vítimas Feridas";"Pleno dia";"Crescente";"Sol";"Dupla";"Curva";"Não";2;0;1;0;0;1;1;2;-25,20185401;-48,8962139;"SPRF-PR";"DEL01-PR";"UOP02-DEL01-PR"
457299;2022-06-15;"quarta-feira";"19:20:00";"PR";277;699,1;"SAO MIGUEL DO IGUACU";"Ausência de reação do condutor";"Colisão traseira";"Sem Vítimas";"Plena Noite";"Crescente";"Céu Claro";"Dupla";"Reta";"Não";4;0;0;0;2;3;0;5;-25,40119949;-54,31992672;"SPRF-PR";"DEL05-PR";"UOP01-DEL05-PR"
457302;2022-06-22;"quarta-feira";"06:00:00";"PR";277;414;"CANTAGALO";"Reação tardia ou ineficiente do condutor";"Colisão com objeto";"Com Vítimas Feridas";"Pleno dia";"Crescente";"Céu Claro";"Simples";"Aclive";"Não";3;0;2;0;0;2;2;3;-25,41999617;-52,03733995;"SPRF-PR";"DEL04-PR";"UOP02-DEL04-PR"
457305;2022-05-31;"terça-feira";"21:30:00";"MG";365;620;"UBERLANDIA";"Reação tardia ou ineficiente do condutor";"Colisão lateral mesmo sentido";"Com Vítimas Feridas";"Plena Noite";"Crescente";"Céu Claro";"Dupla";"Declive;Reta";"Sim";4;0;0;1;2;3;1;6;-18,88889862;-48,26933384;"SPRF-MG";"DEL15-MG";"UOP01-DEL15-MG"
457308;2022-06-07;"terça-feira";"11:15:00";"SC";116;21,8;"ITAIOPOLIS";"Transitar na contramão";"Colisão lateral sentido oposto";"Com Vítimas Fatais";"Pleno dia";"Decrescente";"Chuva";"Simples";"Declive;Reta";"Não";5;1;1;0;2;2;1;6;-26,2575;-49,9119;"SPRF-SC";"DEL06-SC";"UOP01-DEL06-SC"
457311;2022-06-22;"quarta-feira";"10:20:00";"PA";316;33;"SANTA IZABEL DO PARA";"Acessar a via sem observar a presença dos outros veículos";"Colisão transversal";"Com Vítimas Feridas";"Pleno dia";"Decrescente";"Céu Claro";"Dupla";"Reta";"Sim";4;0;1;0;1;2;1;4;-1,29415235;-48,17223787;"SPRF-PA";"DEL01-PA";"UOP01-DEL01-PA"
457313;2022-06-22;"quarta-feira";"07:10:00";"SC";101;148,8;"ITAPEMA";"Reação tardia ou ineficiente do condutor";"Tombamento";"Sem Vítimas";"Pleno dia";"Decrescente";"Chuva";"Dupla";"Reta";"Sim";1;0;0;0;1;0;0;1;-27,10123686;-48,61807962;"SPRF-SC";"DEL04-SC";"UOP03-DEL04-SC"