"id";"data_inversa";"dia_semana";"horario";"uf";"br";"km";"municipio";"causa_acidente";"tipo_acidente";"classificacao_acidente";"fase_dia";"sentido_via";"condicao_metereologica";"tipo_pista";"tracado_via";"uso_solo";"pessoas";"mortos";"feridos_leves";"feridos_graves";"ilesos";"ignorados";"feridos";"veiculos";"latitude";"longitude";"regional";"delegacia";"uop"
457317;2022-06-22;"quarta-feira";"08:21:00";"BA";242;488;"OLIVEIRA DOS BREJINHOS";"Ultrapassagem Indevida";"Colisão frontal";"Com Vítimas Feridas";"Pleno dia";"Crescente";"Nevoeiro/Neblina";"Simples";"Declive";"Não";6;0;2;1;2;3;3;6;-12,41266504;-42,36170394;"SPRF-BA";"DEL06-BA";"UOP01-DEL06-BA"
457318;2022-06-22;"quarta-feira";"11:45:00";"PR";376;548,2;"PALMEIRA";"Reação tardia ou ineficiente do condutor";"Saída de leito carroçável";"Com Vítimas Feridas";"Pleno dia";"Decrescente";"Céu Claro";"Dupla";"Reta";"Não";2;0;1;0;0;2;1;3;-25,46833056;-49,72640707;"SPRF-PR";"DEL03-PR";"UOP03-DEL03-PR"
457321;2022-06-22;"quarta-feira";"10:00:00";"MG";116;222;"CATUJI";"Ausência de reação do condutor";"Saída de leito carroçável";"Com Vítimas Fatais";"Pleno dia";"Decrescente";"Céu Claro";"Simples";"Curva";"Não";1;1;0;0;0;0;0;1;-17,42343294;-41,51418802;"SPRF-MG";"DEL11-MG";"UOP01-DEL11-MG"
457323;2022-06-22;"quarta-feira";"11:30:00";"SC";101;151,5;"ITAPEMA";"Trafegar com motocicleta (ou similar) entre as faixas";"Colisão lateral mesmo sentido";"Com Vítimas Feridas";"Pleno dia";"Decrescente";"Chuva";"Dupla";"Reta";"Não";4;0;0;1;1;2;1;4;-27,126536;-48,609642;"SPRF-SC";"DEL04-SC";"UOP03-DEL04-SC"
457324;2022-06-22;"quarta-feira";"11:30:00";"PR";376;593;"CURITIBA";"Reação tardia ou ineficiente do condutor";"Engavetamento";"Com Vítimas Feridas";"Pleno dia";"Crescente";"Sol";"Dupla";"Reta";"Não";7;0;1;0;4;2;1;5;-25,47642706;-49,35092413;"SPRF-PR";"DEL01-PR";"UOP06-DEL01-PR"
457335;2022-06-22;"quarta-feira";"11:30:00";"PR";376;412;"TIBAGI";"Demais falhas mecânicas ou elétricas";"Incêndio";"Sem Vítimas";"Pleno dia";"Decrescente";"Ignorado";"Dupla";"Reta";"Não";2;0;0;0;1;1;0;2;-24,68015131;-50,59555545;"SPRF-PR";"DEL03-PR";"UOP02-DEL03-PR"
457338;2022-06-22;"quarta-feira";"10:00:00";"SC";282;544,6;"CHAPECO";"Acumulo de óleo sobre o pavimento";"Saída de leito carroçável";"Com Vítimas Feridas";"Pleno dia";"Crescente";"Nublado";"Simples";"Reta";"Não";3;0;2;0;1;0;2;3;-26,99105849;-52,72677898;"SPRF-SC";"DEL07-SC";"UOP01-DEL07-SC"
457339;2022-06-22;"quarta-feira";"15:00:00";"GO";60;107,9;"GOIANAPOLIS";"Velocidade Incompatível";"Colisão traseira";"Com Vítimas Feridas";"Pleno dia";"Decrescente";"Céu Claro";"Múltipla";"Reta";"Não";4;0;2;0;2;0;2;3;-16,4389013;-49,01872516;"SPRF-GO";"DEL02-GO";"UOP01-DEL02-GO"
457344;2022-05-20;"sexta-feira";"15:00:00";"SC";101;216,1;"PALHOCA";"Ausência de reação do condutor";"Colisão lateral mesmo sentido";"Com Vítimas Feridas";"Pleno dia";"Crescente";"Céu Claro";"Dupla";"Reta";"Sim";3;0;2;0;1;0;2;2;-27,65981409;-48,67747798;"SPRF-SC";"DEL01-SC";"UOP02-DEL01-SC"
457345;2022-06-22;"quarta-feira";"14:30:00";"RS";285;372,2;"SALDANHA MARINHO";"Condutor deixou de manter distância do veículo da frente";"Colisão traseira";"Com Vítimas Feridas";"Pleno dia";"Decrescente";"Nublado";"Simples";"Reta";"Não";3;0;0;1;1;1;1;3;-28,4033186;-53,08007956;"SPRF-RS";"DEL08-RS";"UOP03-DEL08-RS"
457350;2022-06-22;"quarta-feira";"12:30:00";"PB";405;5,1;"UIRAUNA";"Ausência de reação do condutor";"Colisão com objeto";"Sem Vítimas";"Pleno dia";"Decrescente";"Nublado";"Simples";"Reta";"Não";2;0;0;0;1;1;0;2;-6,494732;-38,394413;"SPRF-PB";"DEL03-PB";"UOP03-DEL03-PB"
457352;2022-06-22;"quarta-feira";"16:30:00";"MG";267;59,5;"GUARARA";"Estacionar ou parar em local proibido";"Colisão com objeto";"Com Vítimas Fatais";"Pleno dia";"Decrescente";"Sol";"Simples";"Aclive;Reta";"Não";5;2;0;0;1;2;0;4;-21,7245573;-43,04402678;"SPRF-MG";"DEL07-MG";"UOP01-DEL07-MG"
457359;2022-06-22;"quarta-feira";"16:45:00";"SC";282;463;"PONTE SERRADA";"Acessar a via sem observar a presença dos outros veículos";"Colisão transversal";"Com Vítimas Feridas";"Pleno dia";"Crescente";"Nublado";"Simples";"Rotatória";"Sim";2;0;1;0;1;0;1;2;-26,855036;-52,059551;"SPRF-SC";"DEL07-SC";"UOP04-DEL07-SC"
457360;2022-06-22;"quarta-feira";"15:30:00";"RS";386;45,1;"SEBERI";"Ultrapassagem Indevida";"Colisão frontal";"Com Vítimas Fatais";"Pleno dia";"Crescente";"Nublado";"Simples";"Reta";"Não";4;1;0;0;2;1;0;4;-27,44713687;-53,4143348;"SPRF-RS";"DEL08-RS";"UOP02-DEL08-RS"
457362;2022-06-22;"quarta-feira";"17:05:00";"PR";277;138,9;"BALSA NOVA";"Reação tardia ou ineficiente do condutor";"Colisão lateral mesmo sentido";"Com Vítimas Feridas";"Pleno dia";"Crescente";"Nublado";"Dupla";"Curva;Aclive";"Não";4;0;1;0;2;2;1;4;-25,4750602;-49,7210088;"SPRF-PR";"DEL03-PR";"UOP03-DEL03-PR"
457363;2022-06-22;"quarta-feira";"11:40:00";"MG";153;91,9;"PRATA";"Condutor Dormindo";"Saída de leito carroçável";"Com Vítimas Feridas";"Pleno dia";"Crescente";"Céu Claro";"Simples";"Aclive";"Não";2;0;1;0;0;1;1;2;-19,15242696;-48,96164382;"SPRF-MG";"DEL15-MG";"UOP03-DEL15-MG"
457367;2022-06-22;"quarta-feira";"16:15:00";"RS";116;335;"BARRA DO RIBEIRO";"Acessar a via sem observar a presença dos outros veículos";"Colisão transversal";"Com Vítimas Feridas";"Pleno dia";"Crescente";"Garoa/Chuvisco";"Simples";"Reta";"Não";3;0;1;0;1;2;1;4;-30,41653446;-51,46133947;"SPRF-RS";"DEL02-RS";"UOP02-DEL02-RS"
457369;2022-06-22;"quarta-feira";"18:00:00";"PE";101;73,9;"RECIFE";"Transitar no acostamento";"Colisão lateral mesmo sentido";"Sem Vítimas";"Plena Noite";"Crescente";"Chuva";"Dupla";"Reta;Em Obras";"Sim";3;0;0;0;3;0;0;2;-8,102779;-34,948531;"SPRF-PE";"DEL01-PE";"UOP01-DEL01-PE"
457370;2022-06-22;"quarta-feira";"18:00:00";"DF";20;23;"BRASILIA";"Reação tardia ou ineficiente do condutor";"Tombamento";"Com Vítimas Feridas";"Plena Noite";"Decrescente";"Céu Claro";"Dupla";"Reta";"Sim";2;0;1;0;1;0;1;1;-15,595297;-47,667912;"SPRF-DF";"DEL02-DF";"UOP01-DEL02-DF"
457377;2022-06-22;"quarta-feira";"18:20:00";"MG";267;295;"BAEPENDI";"Ausência de reação do condutor";"Colisão traseira";"Com Vítimas Feridas";"Plena Noite";"Crescente";"Céu Claro";"Simples";"Reta";"Não";3;0;0;2;1;0;2;2;-21,9344205;-44,85399022;"SPRF-MG";"DEL17-MG";"UOP01-DEL17-MG"
457393;2022-06-22;"quarta-feira";"19:50:00";"MG";267;295;"BAEPENDI";"Velocidade Incompatível";"Colisão traseira";"Com Vítimas Feridas";"Plena Noite";"Decrescente";"Céu Claro";"Simples";"Reta";"Não";3;0;0;2;1;0;2;2;-21,9344205;-44,85399022;"SPRF-MG";"DEL17-MG";"UOP01-DEL17-MG"
457396;2022-06-22;"quarta-feira";"18:30:00";"BA";101;65;"ENTRE RIOS";"Conversão proibida";"Colisão transversal";"Com Vítimas Fatais";"Plena Noite";"Crescente";"Nublado";"Simples";"Rotatória";"Não";10;2;2;2;2;2;4;3;-11,96722501;-38,09785008;"SPRF-BA";"DEL01-BA";"UOP04-DEL01-BA"
457399;2022-06-22;"quarta-feira";"13:30:00";"SC";116;161,5;"PONTE ALTA DO NORTE";"Velocidade Incompatível";"Tombamento";"Com Vítimas Feridas";"Pleno dia";"Crescente";"Nublado";"Simples";"Curva";"Não";2;0;1;0;0;1;1;2;-27,11697198;-50,45795411;"SPRF-SC";"DEL05-SC";"UOP03-DEL05-SC"
457400;2022-06-22;"quarta-feira";"17:30:00";"SC";116;190;"SAO CRISTOVAO DO SUL";"Reação tardia ou ineficiente do condutor";"Saída de leito carroçável";"Com Vítimas Feridas";"Anoitecer";"Decrescente";"Nublado";"Simples";"Reta";"Não";2;0;1;0;1;0;1;2;-27,34581721;-50,43271975;"SPRF-SC";"DEL05-SC";"UOP03-DEL05-SC"
457404;2022-06-22;"quarta-feira";"16:30:00";"SC";153;59;"IRANI";"Desrespeitar a preferência no cruzamento";"Colisão transversal";"Com Vítimas Feridas";"Pleno dia";"Decrescente";"Nublado";"Simples";"Interseção de Vias";"Não";4;0;2;0;1;2;2;4;-26,967562;-51,850391;"SPRF-SC";"DEL07-SC";"UOP04-DEL07-SC"
457409;2022-06-22;"quarta-feira";"20:10:00";"GO";153;583,8;"PROFESSOR JAMIL";"Velocidade Incompatível";"Tombamento";"Com Vítimas Feridas";"Plena Noite";"Crescente";"Céu Claro";"Dupla";"Reta";"Não";2;0;1;0;0;1;1;2;-17,4071;-49,2247;"SPRF-GO";"DEL03-GO";"UOP01-DEL03-GO"
457424;2022-06-22;"quarta-feira";"09:40:00";"MG";267;246;"SERITINGA";"Ausência de reação do condutor";"Colisão traseira";"Com Vítimas Feridas";"Pleno dia";"Decrescente";"Céu Claro";"Simples";"Reta";"Não";3;0;2;0;1;0;2;3;-21,9297681;-44,45827794;"SPRF-MG";"DEL17-MG";"UOP01-DEL17-MG"
457427;2022-06-22;"quarta-feira";"22:30:00";"GO";153;200,3;"URUACU";"Acessar a via sem observar a presença dos outros veículos";"Colisão transversal";"Com Vítimas Fatais";"Pleno dia";"Decrescente";"Céu Claro";"Simples";"Interseção de Vias";"Sim";8;2;0;3;1;2;3;4;-14,53280392;-49,16081429;"SPRF-GO";"DEL07-GO";"UOP02-DEL07-GO"
457439;2022-06-23;"quinta-feira";"03:30:00";"RJ";116;272;"BARRA MANSA";"Ausência de reação do condutor";"Colisão traseira";"Com Vítimas Feridas";"Plena Noite";"Decrescente";"Céu Claro";"Dupla";"Reta";"Sim";3;0;1;0;2;0;1;2;-22,55606865;-44,13021704;"SPRF-RJ";"DEL07-RJ";"UOP02-DEL07-RJ"
457440;2022-06-23;"quinta-feira";"03:10:00";"CE";222;147,5;"IRAUCUBA";"Condutor Dormindo";"Colisão frontal";"Sem Vítimas";"Plena Noite";"Decrescente";"Céu Claro";"Simples";"Interseção de Vias;Curva";"Sim";2;0;0;0;1;1;0;2;-3,7500734;-39,77282524;"SPRF-CE";"DEL04-CE";"UOP03-DEL04-CE"
457441;2022-06-23;"quinta-feira";"05:30:00";"SP";116;228;"SAO PAULO";"Ausência de reação do condutor";"Colisão traseira";"Sem Vítimas";"Amanhecer";"Decrescente";"Céu Claro";"Múltipla";"Declive";"Sim";4;0;0;0;2;2;0;4;-23,50343484;-46,56638712;"SPRF-SP";"DEL01-SP";"UOP01-DEL01-SP"
457447;2022-06-23;"quinta-feira";"06:40:00";"MG";262;797,1;"UBERABA";"Ausência de reação do condutor";"Colisão frontal";"Com Vítimas Fatais";"Pleno dia";"Crescente";"Céu Claro";"Simples";"Reta";"Não";3;1;0;0;1;1;0;3;-19,77457655;-47,91782766;"SPRF-MG";"DEL13-MG";"UOP01-DEL13-MG"
457449;2022-06-20;"segunda-feira";"04:01:00";"GO";153;73;"PORANGATU";"Animais na Pista";"Atropelamento de Animal";"Com Vítimas Feridas";"Plena Noite";"Crescente";"Céu Claro";"Simples";"Declive";"Sim";4;0;0;1;2;1;1;3;-13,475327;-49,136101;"SPRF-GO";"DEL07-GO";"UOP01-DEL07-GO"
457454;2022-06-23;"quinta-feira";"07:00:00";"PE";232;25,6;"MORENO";"Demais falhas mecânicas ou elétricas";"Incêndio";"Sem Vítimas";"Pleno dia";"Crescente";"Nublado";"Dupla";"Reta";"Não";2;0;0;0;2;0;0;1;-8,11191765;-35,10836516;"SPRF-PE";"DEL01-PE";"UOP01-DEL01-PE"
457457;2022-06-19;"domingo";"02:30:00";"RO";319;63;"PORTO VELHO";"Condutor desrespeitou a iluminação vermelha do semáforo";"Colisão transversal";"Sem Vítimas";"Plena Noite";"Crescente";"Céu Claro";"Múltipla";"Reta";"Sim";3;0;0;0;2;2;0;4;-8,766685;-63,884052;"SPRF-RO";"DEL01-RO";"UOP01-DEL01-RO"
457459;2022-06-23;"quinta-feira";"07:40:00";"SC";101;330,6;"TUBARAO";"Manobra de mudança de faixa";"Colisão lateral mesmo sentido";"Com Vítimas Feridas";"Pleno dia";"Decrescente";"Garoa/Chuvisco";"Dupla";"Reta";"Não";3;0;1;0;1;1;1;3;-28,456018;-48,981745;"SPRF-SC";"DEL02-SC";"UOP01-DEL02-SC"
457460;2022-06-23;"quinta-feira";"08:10:00";"MG";381;644;"SANTO ANTONIO DO AMPARO";"Demais falhas mecânicas ou elétricas";"Incêndio";"Sem Vítimas";"Pleno dia";"Decrescente";"Sol";"Dupla";"Curva";"Não";2;0;0;0;1;1;0;2;-20,94919537;-44,8872138;"SPRF-MG";"DEL04-MG";"UOP02-DEL04-MG"
457461;2022-06-23;"quinta-feira";"02:00:00";"GO";60;334;"SANTO ANTONIO DA BARRA";"Reação tardia ou ineficiente do condutor";"Colisão com objeto";"Sem Vítimas";"Plena Noite";"Decrescente";"Céu Claro";"Dupla";"Ponte";"Não";1;0;0;0;1;0;0;1;-17,5449;-50,5538;"SPRF-GO";"DEL04-GO";"UOP01-DEL04-GO"
457470;2022-06-23;"quinta-feira";"05:30:00";"MG";381;198;"PERIQUITO";"Curva acentuada";"Tombamento";"Com Vítimas Feridas";"Amanhecer";"Decrescente";"Nevoeiro/Neblina";"Simples";"Curva;Aclive";"Não";2;0;1;0;0;1;1;2;-19,16031732;-42,23896076;"SPRF-MG";"DEL06-MG";"UOP01-DEL06-MG"
457474;2022-06-23;"quinta-feira";"06:40:00";"MT";163;947,5;"NOVA SANTA HELENA";"Condutor Dormindo";"Saída de leito carroçável";"Com Vítimas Feridas";"Pleno dia";"Crescente";"Céu Claro";"Simples";"Reta";"Não";2;0;1;0;0;2;1;3;-10,916745;-55,200208;"SPRF-MT";"DEL06-MT";"NPF/DEL06-MT"
457476;2022-06-23;"quinta-feira";"09:30:00";"SC";101;206;"SAO JOSE";"Obstrução na via";"Colisão traseira";"Com Vítimas Feridas";"Pleno dia";"Decrescente";"Nublado";"Múltipla";"Reta";"Sim";3;0;0;1;2;0;1;3;-27,59193546;-48,61824557;"SPRF-SC";"DEL01-SC";"UOP01-DEL01-SC"
457478;2022-06-23;"quinta-feira";"09:10:00";"MG";381;480;"CONTAGEM";"Manobra de mudança de faixa";"Colisão lateral mesmo sentido";"Com Vítimas Feridas";"Pleno dia";"Decrescente";"Céu Claro";"Dupla";"Reta";"Sim";5;0;0;2;1;2;2;4;-19,95749597;-44,07899901;"SPRF-MG";"DEL01-MG";"UOP03-DEL01-MG"
457479;2022-06-23;"quinta-feira";"06:40:00";"SC";470;207,9;"PONTE ALTA";"Manobra de mudança de faixa";"Colisão frontal";"Com Vítimas Feridas";"Amanhecer";"Decrescente";"Nublado";"Simples";"Em Obras";"Não";4;0;2;1;0;1;3;3;-27,291355;-50,194443;"SPRF-SC";"DEL05-SC";"UOP03-DEL05-SC"
457480;2022-05-12;"quinta-feira";"06:00:00";"MS";267;368;"MARACAJU";"Reação tardia ou ineficiente do condutor";"Colisão traseira";"Com Vítimas Feridas";"Pleno dia";"Decrescente";"Nevoeiro/Neblina";"Múltipla";"Reta";"Sim";3;0;1;0;1;2;1;4;-21,644662;-55,1862315;"SPRF-MS";"DEL05-MS";"UOP01-DEL05-MS"
457482;2022-06-23;"quinta-feira";"09:00:00";"PR";277;721;"FOZ DO IGUACU";"Ingestão de álcool pelo condutor";"Saída de leito carroçável";"Sem Vítimas";"Pleno dia";"Decrescente";"Céu Claro";"Dupla";"Reta";"Sim";2;0;0;0;1;1;0;2;-25,4911505;-54,51185421;"SPRF-PR";"DEL05-PR";"UOP03-DEL05-PR"
457485;2022-06-23;"quinta-feira";"07:30:00";"MA";10;256;"IMPERATRIZ";"Transitar no acostamento";"Colisão transversal";"Com Vítimas Feridas";"Pleno dia";"Crescente";"Céu Claro";"Simples";"Reta";"Sim";2;0;0;1;1;0;1;2;-5,499715;-47,471836;"SPRF-MA";"DEL04-MA";"UOP01-DEL04-MA"
457486;2022-06-23;"quinta-feira";"10:10:00";"MT";163;749;"SORRISO";"Reação tardia ou ineficiente do condutor";"Colisão frontal";"Com Vítimas Feridas";"Pleno dia";"Crescente";"Céu Claro";"Dupla";"Declive";"Sim";7;0;1;2;3;5;3;8;-12,580105;-55,732224;"SPRF-MT";"DEL06-MT";"UOP01-DEL06-MT"
457497;2022-06-22;"quarta-feira";"16:22:00";"RJ";116;298;"RESENDE";"Manobra de mudança de faixa";"Colisão lateral mesmo sentido";"Sem Vítimas";"Pleno dia";"Crescente";"Céu Claro";"Dupla";"Aclive";"Não";3;0;0;0;3;0;0;2;-22,45413576;-44,37812112;"SPRF-RJ";"DEL07-RJ";"UOP02-DEL07-RJ"
457500;2022-06-23;"quinta-feira";"11:00:00";"RN";304;156;"ANGICOS";"Reação tardia ou ineficiente do condutor";"Saída de leito carroçável";"Com Vítimas Feridas";"Pleno dia";"Crescente";"Sol";"Simples";"Reta";"Não";6;0;5;0;0;1;5;2;-5,69743714;-36,54404701;"SPRF-RN";"DEL04-RN";"UOP01-DEL04-RN"
457503;2022-06-23;"quinta-feira";"12:30:00";"CE";226;229,3;"PEDRA BRANCA";"Carga excessiva e/ou mal acondicionada";"Tombamento";"Com Vítimas Feridas";"Pleno dia";"Decrescente";"Céu Claro";"Simples";"Declive;Reta";"Não";2;0;0;1;0;1;1;2;-5,44727973;-39,78895198;"SPRF-CE";"DEL02-CE";"UOP02-DEL02-CE"
457505;2022-06-23;"quinta-feira";"13:00:00";"ES";101;71,5;"SAO MATEUS";"Ingestão de substâncias psicoativas pelo condutor";"Tombamento";"Com Vítimas Feridas";"Pleno dia";"Crescente";"Céu Claro";"Simples";"Aclive;Reta";"Não";2;0;1;0;0;1;1;2;-18,753513;-39,862598;"SPRF-ES";"DEL04-ES";"UOP02-DEL04-ES"
457509;2022-06-23;"quinta-feira";"10:40:00";"MG";381;181;"GOVERNADOR VALADARES";"Acessar a via sem observar a presença dos outros veículos";"Colisão transversal";"Sem Vítimas";"Pleno dia";"Crescente";"Céu Claro";"Simples";"Curva";"Não";2;0;0;0;2;0;0;2;-19,04766095;-42,15522105;"SPRF-MG";"DEL06-MG";"UOP01-DEL06-MG"
457511;2022-06-23;"quinta-feira";"13:20:00";"CE";20;416;"MARACANAU";"Desrespeitar a preferência no cruzamento";"Colisão transversal";"Com Vítimas Feridas";"Pleno dia";"Crescente";"Céu Claro";"Dupla";"Reta;Interseção de Vias";"Sim";3;0;1;0;1;1;1;3;-3,76999035;-38,67006282;"SPRF-CE";"DEL01-CE";"UOP02-DEL01-CE"
457515;2022-06-23;"quinta-feira";"13:50:00";"GO";60;89;"ANAPOLIS";"Manobra de mudança de faixa";"Colisão transversal";"Com Vítimas Feridas";"Pleno dia";"Crescente";"Céu Claro";"Dupla";"Reta";"Sim";4;0;1;0;2;2;1;4;-16,3367;-48,8957;"SPRF-GO";"DEL02-GO";"UOP01-DEL02-GO"
457516;2022-06-23;"quinta-feira";"09:00:00";"BA";242;351;"LENCOIS";"Reação tardia ou ineficiente do condutor";"Tombamento";"Com Vítimas Feridas";"Pleno dia";"Crescente";"Nublado";"Simples";"Curva";"Não";2;0;1;0;0;2;1;3;-12,49243908;-41,3280788;"SPRF-BA";"DEL06-BA";"UOP01-DEL06-BA"
457521;2022-06-23;"quinta-feira";"14:02:00";"MS";158;188;"SELVIRIA";"Acessar a via sem observar a presença dos outros veículos";"Tombamento";"Com Vítimas Fatais";"Pleno dia";"Crescente";"Sol";"Simples";"Reta";"Não";3;1;0;0;1;2;0;4;-20,29783595;-51,41623612;"SPRF-MS";"DEL08-MS";"UOP01-DEL08-MS"
457524;2022-06-23;"quinta-feira";"15:30:00";"RS";158;87;"PALMEIRA DAS MISSOES";"Velocidade Incompatível";"Tombamento";"Com Vítimas Feridas";"Pleno dia";"Crescente";"Nublado";"Simples";"Curva";"Não";2;0;0;1;0;1;1;2;-27,80099788;-53,33218036;"SPRF-RS";"DEL08-RS";"UOP02-DEL08-RS"
457525;2022-06-23;"quinta-feira";"13:50:00";"MG";365;676;"MONTE ALEGRE DE MINAS";"Condutor Dormindo";"Colisão traseira";"Sem Vítimas";"Pleno dia";"Crescente";"Sol";"Simples";"Curva";"Não";3;0;0;0;3;0;0;2;-18,85288291;-48,78157697;"SPRF-MG";"DEL15-MG";"UOP01-DEL15-MG"
457530;2022-06-23;"quinta-feira";"16:00:00";"CE";20;423;"MARACANAU";"Conversão proibida";"Colisão transversal";"Com Vítimas Fatais";"Pleno dia";"Crescente";"Céu Claro";"Dupla";"Reta";"Sim";3;1;0;1;1;0;1;2;-3,76999035;-38,67006282;"SPRF-CE";"DEL01-CE";"UOP02-DEL01-CE"
457532;2022-06-21;"terça-feira";"13:00:00";"GO";158;212;"JATAI";"Reação tardia ou ineficiente do condutor";"Colisão transversal";"Com Vítimas Feridas";"Pleno dia";"Decrescente";"Céu Claro";"Simples";"Reta";"Não";5;0;2;0;2;1;2;3;-17,418045;-51,895821;"SPRF-GO";"DEL05-GO";"UOP01-DEL05-GO"
457536;2022-06-23;"quinta-feira";"09:30:00";"RJ";116;118;"MAGE";"Carga excessiva e/ou mal acondicionada";"Derramamento de carga";"Sem Vítimas";"Pleno dia";"Decrescente";"Céu Claro";"Dupla";"Reta";"Não";2;0;0;0;2;0;0;2;-22,60969336;-43,03076263;"SPRF-RJ";"DEL04-RJ";"UOP02-DEL04-RJ"
457537;2022-06-23;"quinta-feira";"14:40:00";"GO";60;174,5;"ABADIA DE GOIAS";"Avarias e/ou desgaste excessivo no pneu";"Incêndio";"Sem Vítimas";"Pleno dia";"Decrescente";"Céu Claro";"Dupla";"Declive;Reta";"Não";2;0;0;0;1;1;0;2;-16,7474;-49,4238;"SPRF-GO";"DEL01-GO";"UOP02-DEL01-GO"
457542;2022-06-23;"quinta-feira";"17:20:00";"GO";50;280,3;"CATALAO";"Reação tardia ou ineficiente do condutor";"Colisão traseira";"Com Vítimas Feridas";"Anoitecer";"Crescente";"Céu Claro";"Simples";"Curva";"Sim";2;0;0;1;1;0;1;2;-18,1784;-47,9362;"SPRF-GO";"DEL06-GO";"UOP01-DEL06-GO"
457546;2022-06-23;"quinta-feira";"17:10:00";"SC";101;115,7;"ITAJAI";"Condutor deixou de manter distância do veículo da frente";"Engavetamento";"Com Vítimas Feridas";"Anoitecer";"Decrescente";"Céu Claro";"Dupla";"Reta";"Sim";7;0;1;0;6;0;1;7;-26,87064015;-48,72954134;"SPRF-SC";"DEL04-SC";"UOP04-DEL04-SC"
457552;2022-06-23;"quinta-feira";"10:30:00";"PR";476;233,2;"LAPA";"Curva acentuada";"Tombamento";"Com Vítimas Feridas";"Pleno dia";"Crescente";"Nublado";"Simples";"Curva";"Não";3;0;1;1;0;1;2;2;-25,88088636;-50,01023769;"SPRF-PR";"DEL02-PR";"UOP04-DEL02-PR"
457553;2022-06-23;"quinta-feira";"16:00:00";"ES";393;24,8;"MUQUI";"Reação tardia ou ineficiente do condutor";"Colisão traseira";"Com Vítimas Feridas";"Pleno dia";"Crescente";"Céu Claro";"Simples";"Reta";"Não";5;0;2;0;3;0;2;3;-20,94743652;-41,33924325;"SPRF-ES";"DEL03-ES";"UOP02-DEL03-ES"
457557;2022-06-23;"quinta-feira";"14:20:00";"PE";101;162,3;"GAMELEIRA";"Demais falhas mecânicas ou elétricas";"Incêndio";"Sem Vítimas";"Pleno dia";"Decrescente";"Garoa/Chuvisco";"Dupla";"Reta";"Sim";2;0;0;0;1;1;0;2;-8,55169716;-35,43739509;"SPRF-PE";"DEL01-PE";"UOP03-DEL01-PE"
457559;2022-06-23;"quinta-feira";"15:50:00";"SP";116;136;"SAO JOSE DOS CAMPOS";"Ausência de reação do condutor";"Colisão traseira";"Com Vítimas Feridas";"Pleno dia";"Crescente";"Céu Claro";"Dupla";"Reta";"Sim";3;0;0;1;1;1;1;3;-23,14874471;-45,77863714;"SPRF-SP";"DEL02-SP";"UOP01-DEL02-SP"
457562;2022-06-23;"quinta-feira";"16:47:00";"PR";376;361;"ORTIGUEIRA";"Velocidade Incompatível";"Colisão frontal";"Com Vítimas Fatais";"Pleno dia";"Crescente";"Céu Claro";"Simples";"Aclive;Curva";"Não";3;1;0;0;1;2;0;4;-24,32181;-50,853652;"SPRF-PR";"DEL07-PR";"UOP02-DEL07-PR"
457565;2022-06-23;"quinta-feira";"14:15:00";"PA";163;577;"TRAIRAO";"Velocidade Incompatível";"Colisão frontal";"Com Vítimas Fatais";"Anoitecer";"Decrescente";"Nublado";"Simples";"Declive;Curva";"Não";3;1;1;0;0;2;1;4;-5,00308296;-56,1781068;"SPRF-PA";"DEL05-PA";"UOP01-DEL05-PA"
457573;2022-06-23;"quinta-feira";"19:10:00";"MG";381;491,4;"BETIM";"Manobra de mudança de faixa";"Colisão lateral mesmo sentido";"Com Vítimas Feridas";"Plena Noite";"Decrescente";"Céu Claro";"Múltipla";"Reta;Interseção de Vias";"Sim";3;0;1;0;1;1;1;3;-19,96042119;-44,15368795;"SPRF-MG";"DEL01-MG";"UOP03-DEL01-MG"
457587;2022-06-23;"quinta-feira";"17:10:00";"RJ";116;197;"QUEIMADOS";"Ausência de reação do condutor";"Colisão lateral mesmo sentido";"Com Vítimas Feridas";"Anoitecer";"Crescente";"Céu Claro";"Dupla";"Reta";"Não";5;0;1;0;3;3;1;7;-22,72980637;-43,56512004;"SPRF-RJ";"DEL01-RJ";"UOP02-DEL01-RJ"
457604;2022-06-23;"quinta-feira";"21:30:00";"MG";354;762,8;"ITAMONTE";"Pista esburacada";"Saída de leito carroçável";"Com Vítimas Feridas";"Plena Noite";"Crescente";"Céu Claro";"Simples";"Aclive;Curva";"Não";3;0;1;0;0;2;1;3;-22,33176436;-44,83256463;"SPRF-MG";"DEL17-MG";"UOP01-DEL17-MG"
457605;2022-06-20;"segunda-feira";"06:40:00";"RJ";116;230;"PIRAI";"Ausência de reação do condutor";"Tombamento";"Com Vítimas Feridas";"Pleno dia";"Decrescente";"Céu Claro";"Simples";"Curva";"Não";2;0;1;0;0;1;1;2;-22,65208783;-43,82143902;"SPRF-RJ";"DEL07-RJ";"UOP01-DEL07-RJ"
457607;2022-06-23;"quinta-feira";"19:50:00";"GO";364;89;"CACHOEIRA ALTA";"Desrespeitar a preferência no cruzamento";"Colisão transversal";"Com Vítimas Feridas";"Plena Noite";"Decrescente";"Céu Claro";"Simples";"Interseção de Vias";"Não";3;0;1;1;1;0;2;2;-18,509233;-51,067924;"SPRF-GO";"DEL05-GO";"UOP02-DEL05-GO"
457608;2022-06-23;"quinta-feira";"18:30:00";"MG";356;282,9;"EUGENOPOLIS";"Ultrapassagem Indevida";"Colisão frontal";"Com Vítimas Feridas";"Plena Noite";"Decrescente";"Céu Claro";"Simples";"Curva";"Não";6;0;1;0;4;1;1;4;-21,12328604;-42,227459;"SPRF-MG";"DEL07-MG";"UOP02-DEL07-MG"