"id";"data_inversa";"dia_semana";"horario";"uf";"br";"km";"municipio";"causa_acidente";"tipo_acidente";"classificacao_acidente";"fase_dia";"sentido_via";"condicao_metereologica";"tipo_pista";"tracado_via";"uso_solo";"pessoas";"mortos";"feridos_leves";"feridos_graves";"ilesos";"ignorados";"feridos";"veiculos";"latitude";"longitude";"regional";"delegacia";"uop"
457609;2022-06-23;"quinta-feira";"16:00:00";"MA";316;392;"BACABAL";"Transitar na contramão";"Colisão lateral sentido oposto";"Com Vítimas Fatais";"Pleno dia";"Crescente";"Céu Claro";"Simples";"Curva";"Não";3;1;0;0;1;1;0;3;-4,173249;-44,520694;"SPRF-MA";"DEL03-MA";"UOP01-DEL03-MA"
457613;2022-06-23;"quinta-feira";"21:30:00";"GO";20;215;"POSSE";"Demais falhas mecânicas ou elétricas";"Saída de leito carroçável";"Com Vítimas Feridas";"Plena Noite";"Decrescente";"Céu Claro";"Simples";"Reta";"Não";2;0;1;0;0;1;1;2;-14,237023;-46,350555;"SPRF-DF";"DEL02-DF";"UOP03-DEL02-DF"
457615;2022-06-23;"quinta-feira";"19:30:00";"PR";376;632;"SAO JOSE DOS PINHAIS";"Ausência de reação do condutor";"Colisão traseira";"Com Vítimas Feridas";"Plena Noite";"Crescente";"Nublado";"Dupla";"Reta";"Sim";2;0;0;1;0;1;1;2;-25,71305887;-49,13941456;"SPRF-PR";"DEL01-PR";"UOP04-DEL01-PR"
457617;2022-06-23;"quinta-feira";"18:10:00";"MA";135;15,7;"SAO LUIS";"Manobra de mudança de faixa";"Colisão lateral mesmo sentido";"Com Vítimas Fatais";"Anoitecer";"Decrescente";"Ignorado";"Dupla";"Declive";"Não";4;1;0;2;1;0;2;2;-2,701395;-44,309415;"SPRF-MA";"DEL01-MA";"UOP01-DEL01-MA"
457618;2022-06-23;"quinta-feira";"22:45:00";"MG";381;851;"POUSO ALEGRE";"Ausência de reação do condutor";"Tombamento";"Com Vítimas Feridas";"Plena Noite";"Crescente";"Céu Claro";"Dupla";"Reta";"Não";2;0;1;0;0;1;1;2;-22,28746007;-45,89702873;"SPRF-MG";"DEL16-MG";"UOP01-DEL16-MG"
457620;2022-06-23;"quinta-feira";"21:50:00";"PR";277;32;"MORRETES";"Demais falhas mecânicas ou elétricas";"Tombamento";"Sem Vítimas";"Plena Noite";"Crescente";"Nublado";"Simples";"Curva";"Não";2;0;0;0;1;1;0;2;-25,547373;-48,790559;"SPRF-PR";"DEL01-PR";"UOP05-DEL01-PR"
457622;2022-06-23;"quinta-feira";"19:00:00";"MG";262;34,9;"MANHUACU";"Demais falhas mecânicas ou elétricas";"Colisão transversal";"Sem Vítimas";"Plena Noite";"Crescente";"Céu Claro";"Simples";"Declive;Reta";"Sim";4;0;0;0;3;1;0;4;-20,25692664;-42,01099203;"SPRF-MG";"DEL06-MG";"UOP03-DEL06-MG"
457624;2022-06-24;"sexta-feira";"00:20:00";"MG";381;454;"BELO HORIZONTE";"Problema na suspensão";"Colisão frontal";"Sem Vítimas";"Plena Noite";"Crescente";"Céu Claro";"Simples";"Reta";"Não";2;0;0;0;2;0;0;2;-19,84160319;-43,86800051;"SPRF-MG";"DEL01-MG";"UOP01-DEL01-MG"
457629;2022-06-24;"sexta-feira";"01:10:00";"SP";116;387;"MIRACATU";"Problema com o freio";"Incêndio";"Sem Vítimas";"Plena Noite";"Crescente";"Nublado";"Dupla";"Reta";"Não";2;0;0;0;1;1;0;2;-24,26558971;-47,38858809;"SPRF-SP";"DEL04-SP";"UOP02-DEL04-SP"
457630;2022-06-24;"sexta-feira";"02:00:00";"MT";70;46,8;"BARRA DO GARCAS";"Velocidade Incompatível";"Saída de leito carroçável";"Com Vítimas Fatais";"Plena Noite";"Crescente";"Céu Claro";"Simples";"Curva;Declive";"Não";4;1;0;0;0;4;0;4;-15,74705859;-52,60493395;"SPRF-MT";"DEL07-MT";"UOP01-DEL07-MT"
457632;2022-06-24;"sexta-feira";"01:23:00";"MG";381;453,9;"BELO HORIZONTE";"Ausência de reação do condutor";"Colisão frontal";"Com Vítimas Fatais";"Plena Noite";"Decrescente";"Céu Claro";"Simples";"Reta";"Não";4;2;0;0;1;1;0;3;-19,85862954;-43,91292495;"SPRF-MG";"DEL01-MG";"UOP01-DEL01-MG"
457639;2022-06-24;"sexta-feira";"03:20:00";"SP";116;121;"CACAPAVA";"Ausência de reação do condutor";"Tombamento";"Com Vítimas Feridas";"Plena Noite";"Decrescente";"Nublado";"Dupla";"Reta";"Não";1;0;1;0;0;0;1;1;-23,07631169;-45,65337222;"SPRF-SP";"DEL02-SP";"UOP02-DEL02-SP"
457641;2022-06-24;"sexta-feira";"03:00:00";"RS";386;154,5;"ALMIRANTE TAMANDARE DO SUL";"Chuva";"Saída de leito carroçável";"Sem Vítimas";"Plena Noite";"Decrescente";"Chuva";"Dupla";"Declive";"Não";2;0;0;0;1;1;0;2;-28,111137;-52,860538;"SPRF-RS";"DEL08-RS";"UOP01-DEL08-RS"
457643;2022-06-20;"segunda-feira";"02:30:00";"AL";104;62;"MURICI";"Animais na Pista";"Atropelamento de Animal";"Com Vítimas Feridas";"Plena Noite";"Crescente";"Chuva";"Simples";"Reta";"Não";2;0;1;0;1;0;1;2;-9,32660303;-35,92126901;"SPRF-AL";"DEL01-AL";"UOP02-DEL01-AL"
457650;2022-06-24;"sexta-feira";"05:45:00";"SP";381;10;"VARGEM";"Condutor Dormindo";"Colisão traseira";"Com Vítimas Feridas";"Amanhecer";"Crescente";"Céu Claro";"Dupla";"Reta";"Não";3;0;0;1;1;2;1;4;-22,92302192;-46,44716978;"SPRF-SP";"DEL03-SP";"UOP01-DEL03-SP"
457652;2022-06-24;"sexta-feira";"05:30:00";"MG";40;52,1;"PARACATU";"Ausência de reação do condutor";"Saída de leito carroçável";"Com Vítimas Feridas";"Plena Noite";"Crescente";"Céu Claro";"Simples";"Reta";"Não";2;0;1;0;0;1;1;2;-17,2528244;-46,7885077;"SPRF-MG";"DEL14-MG";"UOP01-DEL14-MG"
457653;2022-06-24;"sexta-feira";"05:35:00";"ES";101;174,2;"ARACRUZ";"Acessar a via sem observar a presença dos outros veículos";"Colisão transversal";"Com Vítimas Feridas";"Amanhecer";"Decrescente";"Chuva";"Simples";"Interseção de Vias";"Sim";2;0;1;0;1;0;1;2;-19,58047007;-40,18782185;"SPRF-ES";"DEL04-ES";"UOP01-DEL04-ES"
457658;2022-06-24;"sexta-feira";"06:35:00";"ES";101;142,9;"LINHARES";"Acessar a via sem observar a presença dos outros veículos";"Colisão transversal";"Com Vítimas Feridas";"Pleno dia";"Crescente";"Céu Claro";"Dupla";"Interseção de Vias";"Sim";3;0;1;0;2;0;1;2;-19,33458987;-40,06755477;"SPRF-ES";"DEL04-ES";"UOP01-DEL04-ES"
457660;2022-06-24;"sexta-feira";"06:50:00";"SP";116;218;"GUARULHOS";"Ausência de reação do condutor";"Colisão lateral mesmo sentido";"Com Vítimas Feridas";"Pleno dia";"Crescente";"Céu Claro";"Múltipla";"Reta";"Sim";2;0;1;0;1;0;1;2;-23,457972;-46,479927;"SPRF-SP";"DEL01-SP";"UOP01-DEL01-SP"
457663;2022-06-24;"sexta-feira";"05:15:00";"RS";290;16;"SANTO ANTONIO DA PATRULHA";"Ingestão de álcool pelo condutor";"Saída de leito carroçável";"Sem Vítimas";"Amanhecer";"Decrescente";"Garoa/Chuvisco";"Dupla";"Reta";"Não";2;0;0;0;1;1;0;2;-29,871721;-50,418711;"SPRF-RS";"DEL03-RS";"UOP01-DEL03-RS"
457670;2022-06-24;"sexta-feira";"06:00:00";"PB";101;85,1;"BAYEUX";"Demais falhas mecânicas ou elétricas";"Colisão traseira";"Com Vítimas Feridas";"Pleno dia";"Decrescente";"Chuva";"Dupla";"Reta";"Sim";3;0;1;0;1;1;1;3;-7,14538184;-34,91662887;"SPRF-PB";"DEL01-PB";"UOP01-DEL01-PB"
457673;2022-06-24;"sexta-feira";"02:00:00";"MG";381;551,3;"ITAGUARA";"Demais falhas mecânicas ou elétricas";"Incêndio";"Sem Vítimas";"Plena Noite";"Decrescente";"Céu Claro";"Dupla";"Reta";"Não";2;0;0;0;1;1;0;2;-20,33313075;-44,44975277;"SPRF-MG";"DEL04-MG";"UOP03-DEL04-MG"
457678;2022-05-15;"domingo";"22:09:00";"PR";277;338;"GUARAPUAVA";"Velocidade Incompatível";"Colisão traseira";"Com Vítimas Feridas";"Plena Noite";"Crescente";"Chuva";"Dupla";"Curva";"Não";2;0;1;0;1;0;1;2;-25,35029389;-51,37783491;"SPRF-PR";"DEL08-PR";"UOP01-DEL08-PR"
457680;2022-06-24;"sexta-feira";"07:50:00";"RJ";393;168,6;"TRES RIOS";"Manobra de mudança de faixa";"Tombamento";"Sem Vítimas";"Pleno dia";"Decrescente";"Céu Claro";"Simples";"Reta";"Sim";2;0;0;0;1;1;0;2;-22,127502;-43,147022;"SPRF-RJ";"DEL05-RJ";"UOP02-DEL05-RJ"
457689;2022-04-23;"sábado";"11:10:00";"MA";222;545;"BOM JESUS DAS SELVAS";"Reação tardia ou ineficiente do condutor";"Colisão frontal";"Com Vítimas Feridas";"Pleno dia";"Crescente";"Céu Claro";"Simples";"Curva";"Não";5;0;1;2;1;3;3;5;-4,326823;-46,595775;"SPRF-MA";"DEL04-MA";"UOP03-DEL04-MA"
457696;2022-06-16;"quinta-feira";"18:30:00";"MG";459;50,9;"IPUIUNA";"Transitar na contramão";"Colisão frontal";"Com Vítimas Fatais";"Plena Noite";"Crescente";"Céu Claro";"Simples";"Curva";"Não";4;2;0;0;1;1;0;3;-22,073768;-46,264305;"SPRF-MG";"DEL09-MG";"UOP01-DEL09-MG"
457698;2022-06-24;"sexta-feira";"06:30:00";"MT";174;549;"COMODORO";"Ingestão de álcool pelo condutor";"Tombamento";"Sem Vítimas";"Pleno dia";"Crescente";"Céu Claro";"Simples";"Reta";"Não";2;0;0;0;1;3;0;4;-13,12997401;-59,88135603;"SPRF-RO";"DEL04-RO";"UOP01-DEL04-RO"
457703;2022-06-24;"sexta-feira";"08:30:00";"BA";116;6;"ABARE";"Transitar na contramão";"Colisão frontal";"Sem Vítimas";"Pleno dia";"Crescente";"Céu Claro";"Simples";"Reta";"Não";2;0;0;0;1;1;0;2;-8,66829796;-39,26397381;"SPRF-PE";"DEL05-PE";"UOP03-DEL05-PE"
457707;2022-06-21;"terça-feira";"05:35:00";"PR";277;406;"CANDOI";"Condutor Dormindo";"Tombamento";"Sem Vítimas";"Amanhecer";"Crescente";"Céu Claro";"Simples";"Curva";"Não";1;0;0;0;1;0;0;1;-25,43076532;-52,00772679;"SPRF-PR";"DEL04-PR";"UOP02-DEL04-PR"
457708;2022-06-24;"sexta-feira";"11:00:00";"SC";101;137;"BALNEARIO CAMBORIU";"Ultrapassagem Indevida";"Colisão transversal";"Com Vítimas Feridas";"Pleno dia";"Crescente";"Céu Claro";"Múltipla";"Interseção de Vias";"Sim";2;0;0;1;1;0;1;2;-27,0157238;-48,61192763;"SPRF-SC";"DEL04-SC";"UOP03-DEL04-SC"
457713;2022-06-24;"sexta-feira";"10:58:00";"GO";153;609,1;"MORRINHOS";"Condutor deixou de manter distância do veículo da frente";"Colisão traseira";"Com Vítimas Feridas";"Pleno dia";"Crescente";"Céu Claro";"Dupla";"Reta";"Não";3;0;1;0;1;1;1;3;-17,6289;-49,1774;"SPRF-GO";"DEL03-GO";"UOP01-DEL03-GO"
457714;2022-05-07;"sábado";"23:58:00";"CE";222;149,6;"IRAUCUBA";"Condutor deixou de manter distância do veículo da frente";"Colisão traseira";"Com Vítimas Feridas";"Plena Noite";"Crescente";"Céu Claro";"Simples";"Reta";"Sim";3;0;0;2;1;0;2;2;-3,7500811;-39,78191501;"SPRF-CE";"DEL04-CE";"UOP03-DEL04-CE"
457715;2022-06-24;"sexta-feira";"05:00:00";"MA";222;393;"SANTA LUZIA";"Pista esburacada";"Colisão traseira";"Com Vítimas Feridas";"Pleno dia";"Crescente";"Céu Claro";"Simples";"Reta";"Não";3;0;0;1;1;2;1;4;-3,88131152;-45,56490454;"SPRF-MA";"DEL02-MA";"UOP01-DEL02-MA"
457716;2022-06-24;"sexta-feira";"11:48:00";"SC";101;216,5;"PALHOCA";"Ausência de reação do condutor";"Colisão lateral mesmo sentido";"Com Vítimas Feridas";"Pleno dia";"Decrescente";"Céu Claro";"Múltipla";"Túnel";"Sim";2;0;1;0;1;0;1;2;-27,65981409;-48,67747798;"SPRF-SC";"DEL01-SC";"UOP02-DEL01-SC"
457724;2022-06-24;"sexta-feira";"12:00:00";"MT";163;1046;"PEIXOTO DE AZEVEDO";"Obras na pista";"Colisão lateral sentido oposto";"Com Vítimas Fatais";"Pleno dia";"Crescente";"Céu Claro";"Simples";"Em Obras";"Sim";4;1;0;1;1;3;1;5;-10;-54;"SPRF-MT";"DEL06-MT";"NPF/DEL06-MT"
457733;2022-06-24;"sexta-feira";"14:30:00";"ES";101;109,8;"SOORETAMA";"Reação tardia ou ineficiente do condutor";"Tombamento";"Com Vítimas Feridas";"Pleno dia";"Crescente";"Céu Claro";"Simples";"Declive";"Não";2;0;0;1;0;2;1;3;-19,0539768;-40,0308224;"SPRF-ES";"DEL04-ES";"UOP01-DEL04-ES"
457735;2022-06-24;"sexta-feira";"13:50:00";"PR";376;202,7;"MANDAGUARI";"Velocidade Incompatível";"Tombamento";"Com Vítimas Feridas";"Pleno dia";"Crescente";"Céu Claro";"Simples";"Curva";"Não";3;0;1;0;1;1;1;2;-23,50951388;-51,72140497;"SPRF-PR";"DEL09-PR";"UOP01-DEL09-PR"
457738;2022-06-04;"sábado";"04:30:00";"RS";116;401,8;"CAMAQUA";"Entrada inopinada do pedestre";"Atropelamento de Pedestre";"Com Vítimas Feridas";"Plena Noite";"Crescente";"Nevoeiro/Neblina";"Simples";"Reta";"Sim";3;0;0;1;1;1;1;3;-30,87687893;-51,81673894;"SPRF-RS";"DEL02-RS";"UOP02-DEL02-RS"
457742;2022-06-24;"sexta-feira";"12:55:00";"SC";282;527,2;"XAXIM";"Velocidade Incompatível";"Saída de leito carroçável";"Com Vítimas Feridas";"Pleno dia";"Crescente";"Céu Claro";"Simples";"Curva";"Não";2;0;1;0;0;1;1;2;-26,97378573;-52,58377433;"SPRF-SC";"DEL07-SC";"UOP01-DEL07-SC"
457743;2022-06-24;"sexta-feira";"09:55:00";"SC";116;105,7;"MONTE CASTELO";"Velocidade Incompatível";"Saída de leito carroçável";"Sem Vítimas";"Pleno dia";"Decrescente";"Céu Claro";"Dupla";"Reta";"Não";1;0;0;0;1;0;0;1;-26,75095005;-50,31749478;"SPRF-SC";"DEL06-SC";"UOP02-DEL06-SC"
457751;2022-06-24;"sexta-feira";"16:00:00";"MG";50;82;"UBERLANDIA";"Condutor deixou de manter distância do veículo da frente";"Colisão traseira";"Sem Vítimas";"Pleno dia";"Decrescente";"Céu Claro";"Dupla";"Aclive;Reta";"Não";4;0;0;0;3;2;0;5;-18,986906;-48,211853;"SPRF-MG";"DEL15-MG";"UOP01-DEL15-MG"
457752;2022-06-18;"sábado";"18:52:00";"RS";153;44,4;"ERECHIM";"Desrespeitar a preferência no cruzamento";"Colisão transversal";"Com Vítimas Fatais";"Plena Noite";"Decrescente";"Céu Claro";"Simples";"Rotatória";"Sim";11;1;1;3;5;1;4;4;-27,62312752;-52,23687793;"SPRF-RS";"DEL08-RS";"UOP04-DEL08-RS"
457753;2022-06-24;"sexta-feira";"15:35:00";"PE";428;183;"PETROLINA";"Ingestão de álcool pelo condutor";"Colisão frontal";"Com Vítimas Feridas";"Pleno dia";"Decrescente";"Céu Claro";"Simples";"Reta";"Sim";2;0;1;0;1;0;1;2;-9,32412987;-40,46211325;"SPRF-PE";"DEL06-PE";"UOP01-DEL06-PE"
457754;2022-06-24;"sexta-feira";"13:35:00";"PR";277;685,3;"SAO MIGUEL DO IGUACU";"Velocidade Incompatível";"Colisão lateral sentido oposto";"Com Vítimas Feridas";"Pleno dia";"Crescente";"Céu Claro";"Dupla";"Em Obras";"Não";3;0;1;0;2;0;1;2;-25,3350861;-54,207268;"SPRF-PR";"DEL05-PR";"UOP01-DEL05-PR"
457757;2022-06-15;"quarta-feira";"16:25:00";"MG";116;414;"GOVERNADOR VALADARES";"Ultrapassagem Indevida";"Colisão lateral mesmo sentido";"Com Vítimas Feridas";"Pleno dia";"Decrescente";"Céu Claro";"Simples";"Reta";"Sim";3;0;2;0;1;0;2;2;-18,88401297;-41,94924399;"SPRF-MG";"DEL06-MG";"UOP01-DEL06-MG"
457760;2022-06-24;"sexta-feira";"17:00:00";"PE";101;80;"JABOATAO DOS GUARARAPES";"Ausência de reação do condutor";"Colisão traseira";"Com Vítimas Feridas";"Pleno dia";"Decrescente";"Sol";"Dupla";"Reta";"Sim";4;0;1;1;1;1;2;3;-8,15112589;-34,9428866;"SPRF-PE";"DEL01-PE";"UOP01-DEL01-PE"
457779;2022-06-24;"sexta-feira";"16:05:00";"MS";163;526,2;"JARAGUARI";"Ausência de reação do condutor";"Engavetamento";"Com Vítimas Feridas";"Pleno dia";"Decrescente";"Céu Claro";"Simples";"Reta";"Sim";4;0;1;0;2;3;1;6;-20,10884692;-54,44308417;"SPRF-MS";"DEL01-MS";"UOP02-DEL01-MS"
457783;2022-06-24;"sexta-feira";"14:00:00";"PR";476;258;"ANTONIO OLINTO";"Acessar a via sem observar a presença dos outros veículos";"Colisão transversal";"Sem Vítimas";"Pleno dia";"Decrescente";"Céu Claro";"Simples";"Interseção de Vias";"Não";3;0;0;0;2;2;0;4;-25,889473;-50,226524;"SPRF-PR";"DEL02-PR";"UOP04-DEL02-PR"
457788;2022-06-24;"sexta-feira";"18:50:00";"MG";50;88;"UBERLANDIA";"Ausência de reação do condutor";"Tombamento";"Com Vítimas Fatais";"Pleno dia";"Crescente";"Céu Claro";"Dupla";"Reta";"Não";4;1;0;0;2;1;0;4;-19,03124596;-48,20200485;"SPRF-MG";"DEL15-MG";"UOP01-DEL15-MG"
457801;2022-06-24;"sexta-feira";"11:20:00";"AM";174;918;"MANAUS";"Velocidade Incompatível";"Saída de leito carroçável";"Sem Vítimas";"Pleno dia";"Decrescente";"Céu Claro";"Simples";"Declive";"Não";2;0;0;0;1;1;0;2;-2,67437803;-60,04620579;"SPRF-AM";"DEL01-AM";"UOP01-DEL01-AM"
457812;2022-06-24;"sexta-feira";"18:15:00";"SC";470;201;"PONTE ALTA";"Reação tardia ou ineficiente do condutor";"Colisão transversal";"Sem Vítimas";"Anoitecer";"Decrescente";"Céu Claro";"Simples";"Curva";"Não";5;0;0;0;4;1;0;3;-27,298632;-50,143291;"SPRF-SC";"DEL05-SC";"UOP03-DEL05-SC"
457813;2022-06-24;"sexta-feira";"19:00:00";"MS";60;137;"PARAISO DAS AGUAS";"Reação tardia ou ineficiente do condutor";"Saída de leito carroçável";"Sem Vítimas";"Plena Noite";"Crescente";"Céu Claro";"Simples";"Em Obras;Curva";"Não";4;0;0;0;3;2;0;4;-19,35945081;-53,55241212;"SPRF-MS";"DEL06-MS";"UOP02-DEL06-MS"
457822;2022-06-24;"sexta-feira";"17:50:00";"SC";101;340,4;"TUBARAO";"Reação tardia ou ineficiente do condutor";"Saída de leito carroçável";"Sem Vítimas";"Plena Noite";"Decrescente";"Chuva";"Dupla";"Reta";"Sim";2;0;0;0;1;1;0;2;-28,501444;-49,04690399;"SPRF-SC";"DEL02-SC";"UOP01-DEL02-SC"
457825;2022-06-24;"sexta-feira";"18:20:00";"SC";282;645,5;"SAO MIGUEL DO OESTE";"Transitar na contramão";"Colisão transversal";"Com Vítimas Feridas";"Anoitecer";"Decrescente";"Céu Claro";"Simples";"Reta;Declive";"Não";4;0;1;2;1;0;3;2;-26,765184;-53,487823;"SPRF-SC";"DEL07-SC";"UOP03-DEL07-SC"
457828;2022-06-24;"sexta-feira";"17:30:00";"MA";316;569,2;"CAXIAS";"Ultrapassagem Indevida";"Saída de leito carroçável";"Sem Vítimas";"Plena Noite";"Crescente";"Céu Claro";"Simples";"Aclive";"Não";3;0;0;0;2;1;0;3;-4,91325348;-43,21996272;"SPRF-MA";"DEL03-MA";"UOP02-DEL03-MA"
457829;2022-06-24;"sexta-feira";"22:00:00";"MG";354;713,5;"CAXAMBU";"Ausência de reação do condutor";"Saída de leito carroçável";"Com Vítimas Feridas";"Plena Noite";"Decrescente";"Céu Claro";"Simples";"Curva";"Não";1;0;0;1;0;0;1;1;-22,0566569;-44,9272015;"SPRF-MG";"DEL17-MG";"UOP01-DEL17-MG"
457830;2022-06-24;"sexta-feira";"19:30:00";"ES";101;101;"JAGUARE";"Reação tardia ou ineficiente do condutor";"Colisão traseira";"Com Vítimas Feridas";"Plena Noite";"Crescente";"Nevoeiro/Neblina";"Simples";"Declive";"Não";5;0;1;1;2;1;2;4;-18,98833904;-39,99933491;"SPRF-ES";"DEL04-ES";"UOP02-DEL04-ES"
457831;2022-06-24;"sexta-feira";"22:05:00";"MG";365;0,5;"MONTES CLAROS";"Ultrapassagem Indevida";"Colisão frontal";"Com Vítimas Feridas";"Pleno dia";"Decrescente";"Céu Claro";"Simples";"Reta";"Não";3;0;0;1;1;1;1;3;-16,716154;-43,863327;"SPRF-MG";"DEL12-MG";"UOP01-DEL12-MG"
457835;2022-06-24;"sexta-feira";"16:20:00";"MG";40;151,5;"JOAO PINHEIRO";"Acessar a via sem observar a presença dos outros veículos";"Colisão transversal";"Com Vítimas Feridas";"Pleno dia";"Crescente";"Céu Claro";"Simples";"Reta;Interseção de Vias";"Não";7;0;0;2;5;0;2;2;-17,79832404;-46,13492109;"SPRF-MG";"DEL14-MG";"UOP02-DEL14-MG"
457837;2022-06-24;"sexta-feira";"16:00:00";"GO";80;411;"SAO MIGUEL DO ARAGUAIA";"Reação tardia ou ineficiente do condutor";"Saída de leito carroçável";"Sem Vítimas";"Pleno dia";"Crescente";"Céu Claro";"Simples";"Reta";"Não";1;0;0;0;0;1;0;1;-13,237758;-50,549557;"SPRF-GO";"DEL07-GO";"UOP02-DEL07-GO"
457841;2022-06-24;"sexta-feira";"14:30:00";"MS";359;526;"CORUMBA";"Reação tardia ou ineficiente do condutor";"Incêndio";"Sem Vítimas";"Pleno dia";"Decrescente";"Céu Claro";"Simples";"Aclive;Curva";"Não";2;0;0;0;1;1;0;2;-19,03923703;-57,6203996;"SPRF-MS";"DEL03-MS";"UOP03-DEL03-MS"
457868;2022-06-25;"sábado";"03:00:00";"MG";381;167,3;"GOVERNADOR VALADARES";"Ingestão de álcool pelo condutor";"Colisão lateral sentido oposto";"Sem Vítimas";"Plena Noite";"Crescente";"Céu Claro";"Simples";"Reta";"Não";3;0;0;0;2;1;0;3;-18,95969298;-42,07583292;"SPRF-MG";"DEL06-MG";"UOP01-DEL06-MG"
457869;2022-04-28;"quinta-feira";"21:20:00";"RJ";0;0;"RIO DE JANEIRO";"Reação tardia ou ineficiente do condutor";"Colisão traseira";"Com Vítimas Feridas";"Plena Noite";"Não Informado";"Céu Claro";"Múltipla";"Reta";"Sim";6;0;0;1;4;1;1;4;-22,81970492;-43,31464117;"SPRF-RJ";"N/A";"N/A"
457872;2022-06-25;"sábado";"05:55:00";"SP";116;380,4;"MIRACATU";"Condutor Dormindo";"Colisão com objeto";"Com Vítimas Feridas";"Amanhecer";"Decrescente";"Nevoeiro/Neblina";"Dupla";"Curva";"Sim";4;0;1;0;2;2;1;3;-24,21753686;-47,36651776;"SPRF-SP";"DEL04-SP";"UOP02-DEL04-SP"
457886;2022-06-25;"sábado";"07:00:00";"RJ";393;251,9;"BARRA DO PIRAI";"Ausência de reação do condutor";"Colisão traseira";"Sem Vítimas";"Amanhecer";"Decrescente";"Nevoeiro/Neblina";"Simples";"Reta";"Sim";4;0;0;0;4;0;0;4;-22,43422023;-43,77561487;"SPRF-RJ";"DEL05-RJ";"UOP04-DEL05-RJ"
457887;2022-06-01;"quarta-feira";"13:15:00";"MG";116;509,2;"UBAPORANGA";"Condutor deixou de manter distância do veículo da frente";"Colisão traseira";"Com Vítimas Feridas";"Pleno dia";"Decrescente";"Céu Claro";"Simples";"Reta";"Sim";5;0;0;2;2;3;2;6;-19,63654904;-42,10593182;"SPRF-MG";"DEL06-MG";"UOP02-DEL06-MG"
457888;2022-06-25;"sábado";"06:35:00";"PR";373;180,8;"PONTA GROSSA";"Animais na Pista";"Colisão lateral sentido oposto";"Com Vítimas Feridas";"Amanhecer";"Decrescente";"Ignorado";"Dupla";"Reta";"Sim";5;0;1;1;1;2;2;5;-25,03983629;-50,24852895;"SPRF-PR";"DEL03-PR";"UOP01-DEL03-PR"
457890;2022-06-13;"segunda-feira";"16:40:00";"PR";376;437;"TIBAGI";"Ausência de reação do condutor";"Colisão traseira";"Com Vítimas Feridas";"Anoitecer";"Crescente";"Céu Claro";"Dupla";"Reta";"Não";4;0;1;0;2;4;1;6;-24,84593393;-50,47413272;"SPRF-PR";"DEL03-PR";"UOP02-DEL03-PR"
457893;2022-06-25;"sábado";"08:30:00";"MG";262;788;"UBERABA";"Frear bruscamente";"Colisão traseira";"Com Vítimas Feridas";"Pleno dia";"Crescente";"Céu Claro";"Simples";"Reta";"Não";12;0;3;0;7;2;3;3;-19,7588328;-47,83097803;"SPRF-MG";"DEL13-MG";"UOP01-DEL13-MG"
457897;2022-06-25;"sábado";"08:20:00";"MS";262;744,4;"CORUMBA";"Manobra de mudança de faixa";"Colisão lateral sentido oposto";"Com Vítimas Fatais";"Pleno dia";"Crescente";"Garoa/Chuvisco";"Simples";"Reta";"Sim";4;2;0;0;1;3;0;5;-19,28263873;-57,63268179;"SPRF-MS";"DEL03-MS";"UOP03-DEL03-MS"
457907;2022-06-25;"sábado";"10:40:00";"ES";101;301,7;"VIANA";"Acessar a via sem observar a presença dos outros veículos";"Atropelamento de Pedestre";"Com Vítimas Feridas";"Pleno dia";"Crescente";"Céu Claro";"Dupla";"Interseção de Vias";"Sim";3;0;0;1;2;0;1;3;-20,36646972;-40,443753;"SPRF-ES";"DEL01-ES";"UOP01-DEL01-ES"
457913;2022-06-25;"sábado";"11:05:00";"MG";50;16,9;"ARAGUARI";"Velocidade Incompatível";"Saída de leito carroçável";"Com Vítimas Feridas";"Pleno dia";"Decrescente";"Céu Claro";"Dupla";"Curva";"Não";2;0;1;0;0;3;1;4;-18,55486284;-48,05572438;"SPRF-MG";"DEL15-MG";"UOP02-DEL15-MG"
457914;2022-06-25;"sábado";"10:10:00";"RJ";393;162;"TRES RIOS";"Velocidade Incompatível";"Tombamento";"Com Vítimas Feridas";"Pleno dia";"Crescente";"Céu Claro";"Simples";"Curva";"Não";2;0;1;0;0;1;1;2;-22,11418925;-43,12404156;"SPRF-RJ";"DEL05-RJ";"UOP02-DEL05-RJ"
457917;2022-06-25;"sábado";"11:15:00";"PR";369;57;"BANDEIRANTES";"Demais falhas mecânicas ou elétricas";"Derramamento de carga";"Sem Vítimas";"Pleno dia";"Crescente";"Céu Claro";"Simples";"Retorno Regulamentado";"Sim";1;0;0;0;1;0;0;1;-23,11;-50,37;"SPRF-PR";"DEL07-PR";"UOP01-DEL07-PR"
457921;2022-06-25;"sábado";"10:25:00";"BA";101;254;"DOM MACEDO COSTA";"Falta de elemento de contenção que evite a saída do leito carroçável";"Saída de leito carroçável";"Sem Vítimas";"Pleno dia";"Decrescente";"Garoa/Chuvisco";"Simples";"Reta";"Não";1;0;0;0;1;0;0;1;-12,919126;-39,246384;"SPRF-BA";"DEL01-BA";"UOP02-DEL01-BA"
457927;2022-06-25;"sábado";"14:00:00";"MG";251;462,7;"FRANCISCO SA";"Demais falhas mecânicas ou elétricas";"Incêndio";"Sem Vítimas";"Pleno dia";"Decrescente";"Céu Claro";"Simples";"Reta";"Não";2;0;0;0;1;1;0;2;-16,48154143;-43,41101901;"SPRF-MG";"DEL12-MG";"UOP01-DEL12-MG"