"id";"data_inversa";"dia_semana";"horario";"uf";"br";"km";"municipio";"causa_acidente";"tipo_acidente";"classificacao_acidente";"fase_dia";"sentido_via";"condicao_metereologica";"tipo_pista";"tracado_via";"uso_solo";"pessoas";"mortos";"feridos_leves";"feridos_graves";"ilesos";"ignorados";"feridos";"veiculos";"latitude";"longitude";"regional";"delegacia";"uop"
457930;2022-06-25;"sábado";"09:30:00";"PR";376;158;"MANDAGUACU";"Manobra de mudança de faixa";"Colisão lateral mesmo sentido";"Com Vítimas Feridas";"Pleno dia";"Crescente";"Sol";"Dupla";"Reta";"Sim";4;0;1;0;2;1;1;3;-23,35516659;-52,09044635;"SPRF-PR";"DEL09-PR";"UOP01-DEL09-PR"
457937;2022-06-25;"sábado";"15:05:00";"PR";116;2;"CAMPINA GRANDE DO SUL";"Avarias e/ou desgaste excessivo no pneu";"Colisão lateral mesmo sentido";"Com Vítimas Feridas";"Pleno dia";"Decrescente";"Sol";"Dupla";"Curva";"Sim";5;0;2;0;2;1;2;3;-25,3512495;-49,05922294;"SPRF-PR";"DEL01-PR";"UOP02-DEL01-PR"
457946;2022-06-25;"sábado";"12:20:00";"MT";158;733;"BARRA DO GARCAS";"Demais falhas mecânicas ou elétricas";"Incêndio";"Sem Vítimas";"Pleno dia";"Crescente";"Céu Claro";"Simples";"Reta";"Não";1;0;0;0;1;0;0;1;-15,33810577;-52,17969846;"SPRF-MT";"DEL07-MT";"UOP01-DEL07-MT"
457947;2022-06-25;"sábado";"15:30:00";"DF";20;19;"BRASILIA";"Acesso irregular";"Colisão traseira";"Sem Vítimas";"Pleno dia";"Decrescente";"Céu Claro";"Dupla";"Aclive;Reta";"Sim";3;0;0;0;2;1;0;3;-15,612175;-47,700928;"SPRF-DF";"DEL02-DF";"UOP01-DEL02-DF"
457949;2022-06-25;"sábado";"17:30:00";"MG";40;613;"CONGONHAS";"Ausência de reação do condutor";"Colisão traseira";"Sem Vítimas";"Anoitecer";"Crescente";"Céu Claro";"Simples";"Reta";"Sim";3;0;0;0;2;1;0;3;-20,52319889;-43,8291359;"SPRF-MG";"DEL05-MG";"UOP02-DEL05-MG"
457970;2022-06-25;"sábado";"16:39:00";"MT";364;72;"ALTO GARCAS";"Objeto estático sobre o leito carroçável";"Colisão com objeto";"Com Vítimas Feridas";"Pleno dia";"Decrescente";"Sol";"Simples";"Reta";"Não";3;0;1;0;0;2;1;3;-16,90973972;-53,6384169;"SPRF-MT";"DEL02-MT";"UOP02-DEL02-MT"
457971;2022-06-25;"sábado";"18:40:00";"PE";232;27;"MORENO";"Demais falhas mecânicas ou elétricas";"Incêndio";"Sem Vítimas";"Plena Noite";"Crescente";"Céu Claro";"Dupla";"Reta";"Não";2;0;0;0;1;1;0;2;-8,11418416;-35,12568999;"SPRF-PE";"DEL01-PE";"UOP01-DEL01-PE"
457976;2022-06-25;"sábado";"18:25:00";"MS";163;628;"SAO GABRIEL DO OESTE";"Acessar a via sem observar a presença dos outros veículos";"Colisão transversal";"Sem Vítimas";"Anoitecer";"Crescente";"Céu Claro";"Simples";"Reta";"Não";4;0;0;0;2;3;0;5;-19,29924106;-54,63020007;"SPRF-MS";"DEL06-MS";"UOP02-DEL06-MS"
457979;2022-06-25;"sábado";"19:37:00";"ES";101;428;"ATILIO VIVACQUA";"Ausência de reação do condutor";"Queda de ocupante de veículo";"Com Vítimas Fatais";"Pleno dia";"Crescente";"Céu Claro";"Simples";"Reta";"Não";2;1;0;0;0;1;0;2;-21,01942295;-41,15230903;"SPRF-ES";"DEL03-ES";"UOP02-DEL03-ES"
457990;2022-04-22;"sexta-feira";"13:40:00";"PI";222;29;"SAO JOAO DA FRONTEIRA";"Condutor deixou de manter distância do veículo da frente";"Colisão traseira";"Com Vítimas Feridas";"Pleno dia";"Crescente";"Céu Claro";"Simples";"Reta";"Sim";3;0;1;0;1;1;1;3;-4,01549505;-41,46271594;"SPRF-PI";"DEL02-PI";"UOP01-DEL02-PI"
457994;2022-06-25;"sábado";"20:30:00";"PR";153;490,9;"GENERAL CARNEIRO";"Entrada inopinada do pedestre";"Atropelamento de Pedestre";"Com Vítimas Fatais";"Plena Noite";"Decrescente";"Céu Claro";"Simples";"Viaduto";"Sim";4;1;0;0;1;2;0;3;-26,42446069;-51,30710386;"SPRF-PR";"DEL02-PR";"UOP03-DEL02-PR"
457995;2022-06-25;"sábado";"20:30:00";"PR";376;383;"IMBAU";"Problema com o freio";"Eventos atípicos";"Com Vítimas Feridas";"Plena Noite";"Crescente";"Céu Claro";"Dupla";"Reta";"Não";4;0;1;0;2;1;1;2;-24,47251574;-50,73914548;"SPRF-PR";"DEL03-PR";"UOP02-DEL03-PR"
457996;2022-06-25;"sábado";"20:10:00";"PR";277;103,1;"CAMPO LARGO";"Reação tardia ou ineficiente do condutor";"Colisão traseira";"Com Vítimas Feridas";"Plena Noite";"Crescente";"Céu Claro";"Dupla";"Aclive";"Não";3;0;2;0;1;0;2;2;-25,43006543;-49,39642407;"SPRF-PR";"DEL01-PR";"UOP06-DEL01-PR"
457998;2022-06-25;"sábado";"20:55:00";"SP";153;157,9;"PROMISSAO";"Acessar a via sem observar a presença dos outros veículos";"Colisão frontal";"Com Vítimas Feridas";"Plena Noite";"Decrescente";"Céu Claro";"Simples";"Reta";"Não";3;0;0;1;1;1;1;3;-21,48031197;-49,78090972;"SPRF-SP";"DEL07-SP";"UOP01-DEL07-SP"
458004;2022-06-25;"sábado";"18:28:00";"MG";381;651;"SANTO ANTONIO DO AMPARO";"Transitar no acostamento";"Colisão lateral mesmo sentido";"Com Vítimas Feridas";"Plena Noite";"Decrescente";"Nublado";"Dupla";"Curva;Declive";"Não";3;0;0;1;1;1;1;3;-20,958343;-44,921356;"SPRF-MG";"DEL04-MG";"UOP02-DEL04-MG"
458011;2022-06-25;"sábado";"18:10:00";"GO";153;273;"NOVA GLORIA";"Condutor Dormindo";"Colisão lateral sentido oposto";"Com Vítimas Feridas";"Anoitecer";"Decrescente";"Céu Claro";"Simples";"Reta";"Não";5;0;1;0;3;2;1;5;-15,106764;-49,482746;"SPRF-GO";"DEL07-GO";"UOP02-DEL07-GO"
458021;2022-06-26;"domingo";"00:10:00";"MG";153;65;"MONTE ALEGRE DE MINAS";"Condutor deixou de manter distância do veículo da frente";"Colisão traseira";"Com Vítimas Feridas";"Plena Noite";"Crescente";"Céu Claro";"Simples";"Reta;Aclive";"Não";3;0;2;0;0;2;2;4;-18,93538417;-49,0295424;"SPRF-MG";"DEL15-MG";"UOP03-DEL15-MG"
458055;2022-06-26;"domingo";"04:40:00";"ES";262;170,8;"IBATIBA";"Condutor Dormindo";"Colisão frontal";"Com Vítimas Feridas";"Plena Noite";"Decrescente";"Nevoeiro/Neblina";"Simples";"Curva";"Não";3;0;0;1;1;1;1;3;-20,2647513;-41,58453796;"SPRF-ES";"DEL01-ES";"UOP02-DEL01-ES"
458064;2022-06-25;"sábado";"16:00:00";"RJ";116;181;"NOVA IGUACU";"Manobra de mudança de faixa";"Colisão lateral mesmo sentido";"Com Vítimas Feridas";"Pleno dia";"Decrescente";"Céu Claro";"Dupla";"Reta";"Sim";4;0;2;0;1;1;2;3;-22,761312;-43,423492;"SPRF-RJ";"DEL01-RJ";"UOP02-DEL01-RJ"
458069;2022-06-26;"domingo";"03:40:00";"PR";277;712,8;"SANTA TEREZINHA DE ITAIPU";"Ingestão de álcool pelo condutor";"Saída de leito carroçável";"Sem Vítimas";"Plena Noite";"Decrescente";"Nevoeiro/Neblina";"Dupla";"Retorno Regulamentado";"Não";2;0;0;0;1;1;0;2;-25,460639;-54,438577;"SPRF-PR";"DEL05-PR";"UOP01-DEL05-PR"
458077;2022-05-26;"quinta-feira";"00:30:00";"PR";376;459;"PONTA GROSSA";"Reação tardia ou ineficiente do condutor";"Saída de leito carroçável";"Com Vítimas Feridas";"Plena Noite";"Crescente";"Céu Claro";"Dupla";"Curva";"Não";2;0;1;0;0;1;1;2;-24,94223848;-50,4025054;"SPRF-PR";"DEL03-PR";"UOP01-DEL03-PR"
458093;2022-06-08;"quarta-feira";"03:50:00";"PA";10;334;"SAO MIGUEL DO GUAMA";"Reação tardia ou ineficiente do condutor";"Colisão traseira";"Com Vítimas Feridas";"Plena Noite";"Crescente";"Nublado";"Simples";"Reta";"Não";3;0;1;0;0;3;1;4;-1,51973601;-47,52023905;"SPRF-PA";"DEL01-PA";"UOP02-DEL01-PA"
458096;2022-06-26;"domingo";"11:00:00";"PR";376;617;"SAO JOSE DOS PINHAIS";"Condutor deixou de manter distância do veículo da frente";"Colisão lateral mesmo sentido";"Com Vítimas Feridas";"Pleno dia";"Crescente";"Nublado";"Dupla";"Reta";"Sim";4;0;1;0;2;1;1;3;-25,58426494;-49,17618795;"SPRF-PR";"DEL01-PR";"UOP04-DEL01-PR"
458099;2022-06-26;"domingo";"11:20:00";"PA";230;121;"MARABA";"Acessar a via sem observar a presença dos outros veículos";"Colisão transversal";"Com Vítimas Feridas";"Pleno dia";"Decrescente";"Céu Claro";"Dupla";"Reta";"Sim";5;0;0;1;4;0;1;2;-5,35297407;-49,12143673;"SPRF-PA";"DEL03-PA";"UOP01-DEL03-PA"
458102;2022-06-25;"sábado";"23:00:00";"MT";364;544,5;"ROSARIO OESTE";"Acesso irregular";"Colisão transversal";"Sem Vítimas";"Plena Noite";"Decrescente";"Céu Claro";"Dupla";"Reta";"Sim";2;0;0;0;2;0;0;2;-14,89642704;-56,46577384;"SPRF-MT";"DEL01-MT";"UOP01-DEL01-MT"
458109;2022-04-28;"quinta-feira";"17:50:00";"PR";277;105;"CAMPO LARGO";"Reação tardia ou ineficiente do condutor";"Colisão traseira";"Com Vítimas Feridas";"Anoitecer";"Decrescente";"Céu Claro";"Dupla";"Declive;Reta";"Sim";3;0;1;0;2;0;1;2;-25,43195082;-49,41967239;"SPRF-PR";"DEL03-PR";"UOP03-DEL03-PR"
458113;2022-06-26;"domingo";"13:42:00";"BA";116;9;"ABARE";"Acessar a via sem observar a presença dos outros veículos";"Colisão transversal";"Com Vítimas Fatais";"Pleno dia";"Crescente";"Sol";"Simples";"Reta";"Sim";6;2;2;1;0;1;3;3;-8,69580193;-39,25989103;"SPRF-PE";"DEL05-PE";"UOP03-DEL05-PE"
458115;2022-06-26;"domingo";"13:10:00";"BA";101;690,3;"EUNAPOLIS";"Velocidade Incompatível";"Saída de leito carroçável";"Com Vítimas Fatais";"Pleno dia";"Decrescente";"Céu Claro";"Simples";"Curva";"Não";3;1;0;1;0;1;1;2;-16,171083;-39,594878;"SPRF-BA";"DEL09-BA";"UOP01-DEL09-BA"
458119;2022-06-26;"domingo";"07:00:00";"RR";174;603;"AMAJARI";"Acesso irregular";"Colisão frontal";"Com Vítimas Feridas";"Pleno dia";"Crescente";"Céu Claro";"Simples";"Reta";"Não";2;0;0;1;1;0;1;2;3,628773;-60,968739;"SPRF-RR";"DEL01-RR";"UOP01-DEL01-RR"
458122;2022-06-26;"domingo";"14:50:00";"GO";60;97;"ANAPOLIS";"Ingestão de álcool pelo condutor";"Colisão traseira";"Sem Vítimas";"Pleno dia";"Decrescente";"Céu Claro";"Dupla";"Reta";"Sim";3;0;0;0;2;1;0;3;-16,3774;-48,9483;"SPRF-GO";"DEL02-GO";"UOP01-DEL02-GO"
458129;2022-06-26;"domingo";"14:40:00";"PR";277;307;"GUARAPUAVA";"Condutor deixou de manter distância do veículo da frente";"Colisão lateral mesmo sentido";"Com Vítimas Feridas";"Pleno dia";"Decrescente";"Nublado";"Simples";"Curva;Declive";"Não";4;0;1;0;2;5;1;8;-25,318172;-51,195072;"SPRF-PR";"DEL08-PR";"UOP01-DEL08-PR"
458130;2022-06-26;"domingo";"15:25:00";"PB";101;82;"BAYEUX";"Ausência de reação do condutor";"Engavetamento";"Sem Vítimas";"Pleno dia";"Crescente";"Céu Claro";"Dupla";"Reta";"Não";3;0;0;0;3;0;0;3;-7,12911;-34,93714;"SPRF-PB";"DEL01-PB";"UOP01-DEL01-PB"
458152;2022-06-26;"domingo";"17:00:00";"GO";153;531;"HIDROLANDIA";"Ingestão de álcool pelo condutor";"Colisão traseira";"Com Vítimas Feridas";"Pleno dia";"Decrescente";"Céu Claro";"Dupla";"Aclive";"Sim";4;0;1;0;3;0;1;2;-16,9761;-49,2302;"SPRF-GO";"DEL01-GO";"UOP03-DEL01-GO"
458153;2022-06-26;"domingo";"16:00:00";"SP";116;364;"MIRACATU";"Reação tardia ou ineficiente do condutor";"Tombamento";"Com Vítimas Feridas";"Pleno dia";"Decrescente";"Céu Claro";"Dupla";"Curva";"Não";3;0;2;0;0;1;2;2;-24,137967;-47,273101;"SPRF-SP";"DEL04-SP";"UOP02-DEL04-SP"
458155;2022-06-26;"domingo";"10:28:00";"TO";153;286;"BRASILANDIA DO TOCANTINS";"Acostamento em desnível";"Capotamento";"Sem Vítimas";"Pleno dia";"Decrescente";"Céu Claro";"Simples";"Reta";"Não";2;0;0;0;1;3;0;4;-8,30094997;-48,47076742;"SPRF-TO";"DEL02-TO";"UOP02-DEL02-TO"
458156;2022-06-26;"domingo";"15:35:00";"MT";70;522;"VARZEA GRANDE";"Acessar a via sem observar a presença dos outros veículos";"Colisão transversal";"Sem Vítimas";"Pleno dia";"Decrescente";"Céu Claro";"Simples";"Reta";"Sim";3;0;0;0;2;1;0;3;-15,6629809;-56,18521929;"SPRF-MT";"DEL01-MT";"UOP02-DEL01-MT"
458161;2022-06-26;"domingo";"17:20:00";"MG";381;154;"GOVERNADOR VALADARES";"Acesso irregular";"Colisão transversal";"Com Vítimas Feridas";"Anoitecer";"Crescente";"Céu Claro";"Simples";"Reta";"Não";5;0;2;0;2;1;2;3;-18,88666107;-42,00230199;"SPRF-MG";"DEL06-MG";"UOP01-DEL06-MG"
458175;2022-06-26;"domingo";"19:20:00";"BA";116;427;"FEIRA DE SANTANA";"Carga excessiva e/ou mal acondicionada";"Tombamento";"Com Vítimas Feridas";"Plena Noite";"Decrescente";"Céu Claro";"Dupla";"Aclive";"Não";2;0;2;0;0;0;2;1;-12,24420407;-38,98563987;"SPRF-BA";"DEL02-BA";"UOP01-DEL02-BA"
458180;2022-06-26;"domingo";"18:40:00";"RJ";101;264;"RIO BONITO";"Manobra de mudança de faixa";"Colisão lateral mesmo sentido";"Com Vítimas Feridas";"Anoitecer";"Decrescente";"Céu Claro";"Dupla";"Reta";"Não";3;0;2;0;1;0;2;2;-22,71818337;-42,63600702;"SPRF-RJ";"DEL02-RJ";"UOP03-DEL02-RJ"
458181;2022-06-26;"domingo";"18:00:00";"MT";163;827;"SINOP";"Ingestão de álcool pelo condutor";"Colisão lateral mesmo sentido";"Com Vítimas Feridas";"Anoitecer";"Decrescente";"Ignorado";"Dupla";"Curva";"Sim";3;0;1;0;1;3;1;5;-12,05864;-55,51743619;"SPRF-MT";"DEL06-MT";"UOP01-DEL06-MT"
458190;2022-06-26;"domingo";"19:45:00";"PR";116;152;"MANDIRITUBA";"Ingestão de álcool pelo condutor";"Colisão traseira";"Com Vítimas Feridas";"Plena Noite";"Decrescente";"Nublado";"Simples";"Reta";"Sim";2;0;1;0;0;1;1;2;-25,83236296;-49,33609707;"SPRF-PR";"DEL01-PR";"UOP03-DEL01-PR"
458193;2022-06-05;"domingo";"19:15:00";"PE";423;82,2;"JUCATI";"Acessar a via sem observar a presença dos outros veículos";"Colisão transversal";"Com Vítimas Fatais";"Plena Noite";"Crescente";"Garoa/Chuvisco";"Simples";"Reta";"Não";4;2;0;0;0;2;0;4;-8,78236498;-36,43093004;"SPRF-PE";"DEL03-PE";"UOP01-DEL03-PE"
458202;2022-06-26;"domingo";"19:00:00";"GO";153;45;"PORANGATU";"Demais falhas mecânicas ou elétricas";"Incêndio";"Sem Vítimas";"Plena Noite";"Decrescente";"Céu Claro";"Simples";"Reta";"Não";2;0;0;0;1;1;0;2;-13,208282;-49,15361;"SPRF-GO";"DEL07-GO";"UOP01-DEL07-GO"
458208;2022-06-26;"domingo";"19:10:00";"PR";277;473,1;"LARANJEIRAS DO SUL";"Ausência de reação do condutor";"Colisão frontal";"Com Vítimas Fatais";"Plena Noite";"Crescente";"Céu Claro";"Simples";"Curva";"Não";3;1;1;0;0;2;1;4;-25,31228529;-52,52903626;"SPRF-PR";"DEL04-PR";"UOP02-DEL04-PR"
458209;2022-06-26;"domingo";"18:40:00";"MG";381;186,9;"PERIQUITO";"Ingestão de álcool pelo condutor";"Colisão lateral sentido oposto";"Com Vítimas Feridas";"Plena Noite";"Decrescente";"Céu Claro";"Simples";"Reta";"Não";4;0;2;0;1;1;2;3;-19,07889697;-42,18098707;"SPRF-MG";"DEL06-MG";"UOP01-DEL06-MG"
458215;2022-06-26;"domingo";"16:10:00";"PI";407;509;"PATOS DO PIAUI";"Manobra de mudança de faixa";"Saída de leito carroçável";"Com Vítimas Feridas";"Pleno dia";"Crescente";"Céu Claro";"Simples";"Reta";"Não";1;0;1;0;0;0;1;1;-7,64107494;-41,25971396;"SPRF-PI";"DEL04-PI";"UOP01-DEL04-PI"
458216;2022-06-26;"domingo";"17:50:00";"PI";135;489;"MONTE ALEGRE DO PIAUI";"Falta de elemento de contenção que evite a saída do leito carroçável";"Saída de leito carroçável";"Com Vítimas Feridas";"Anoitecer";"Crescente";"Céu Claro";"Simples";"Reta";"Sim";1;0;1;0;0;0;1;1;-9,73770081;-45,16895317;"SPRF-PI";"DEL03-PI";"UOP02-DEL03-PI"
458221;2022-06-26;"domingo";"15:10:00";"PR";277;202;"PALMEIRA";"Condutor Dormindo";"Saída de leito carroçável";"Sem Vítimas";"Pleno dia";"Crescente";"Céu Claro";"Simples";"Curva";"Não";2;0;0;0;1;1;0;2;-25,4617584;-50,22090389;"SPRF-PR";"DEL08-PR";"UOP02-DEL08-PR"
458226;2022-06-26;"domingo";"22:10:00";"PE";232;392,7;"SERRA TALHADA";"Ingestão de álcool pelo condutor";"Colisão lateral sentido oposto";"Sem Vítimas";"Plena Noite";"Crescente";"Nublado";"Simples";"Reta";"Não";3;0;0;0;3;0;0;3;-8,02959891;-38,15663598;"SPRF-PE";"DEL04-PE";"UOP01-DEL04-PE"
458232;2022-06-26;"domingo";"23:30:00";"SP";116;448;"REGISTRO";"Estacionar ou parar em local proibido";"Colisão traseira";"Sem Vítimas";"Plena Noite";"Crescente";"Chuva";"Dupla";"Reta";"Sim";3;0;0;0;2;1;0;3;-24,52099699;-47,85336602;"SPRF-SP";"DEL05-SP";"UOP01-DEL05-SP"
458236;2022-06-26;"domingo";"16:30:00";"MS";60;90;"PARAISO DAS AGUAS";"Demais falhas mecânicas ou elétricas";"Incêndio";"Sem Vítimas";"Anoitecer";"Crescente";"Céu Claro";"Simples";"Reta";"Não";2;0;0;0;1;3;0;4;-19,23484228;-53,13721993;"SPRF-MS";"DEL06-MS";"UOP02-DEL06-MS"
458237;2022-06-27;"segunda-feira";"00:30:00";"SP";153;95,9;"JACI";"Demais falhas mecânicas ou elétricas";"Incêndio";"Sem Vítimas";"Plena Noite";"Decrescente";"Céu Claro";"Simples";"Reta";"Não";2;0;0;0;1;1;0;2;-20,97062;-49,605372;"SPRF-SP";"DEL09-SP";"UOP01-DEL09-SP"
458245;2022-06-27;"segunda-feira";"04:10:00";"CE";222;23;"CAUCAIA";"Pista esburacada";"Tombamento";"Com Vítimas Feridas";"Plena Noite";"Decrescente";"Céu Claro";"Simples";"Desvio Temporário;Em Obras";"Não";2;0;1;0;0;1;1;2;-3,73178984;-38,75974197;"SPRF-CE";"DEL01-CE";"UOP01-DEL01-CE"
458249;2022-06-27;"segunda-feira";"05:00:00";"TO";153;257,8;"COLINAS DO TOCANTINS";"Objeto estático sobre o leito carroçável";"Atropelamento de Animal";"Com Vítimas Fatais";"Amanhecer";"Crescente";"Céu Claro";"Simples";"Reta";"Não";5;1;0;0;2;2;0;4;-8,14431604;-48,46833026;"SPRF-TO";"DEL02-TO";"UOP02-DEL02-TO"
458254;2022-06-27;"segunda-feira";"06:10:00";"PB";230;38;"SANTA RITA";"Ausência de reação do condutor";"Colisão traseira";"Com Vítimas Feridas";"Pleno dia";"Decrescente";"Nublado";"Dupla";"Aclive";"Não";8;0;0;1;7;0;1;8;-7,1341;-34,962;"SPRF-PB";"DEL01-PB";"UOP03-DEL01-PB"
458257;2022-06-27;"segunda-feira";"05:00:00";"MT";364;583,8;"DIAMANTINO";"Condutor Dormindo";"Colisão traseira";"Com Vítimas Feridas";"Plena Noite";"Crescente";"Céu Claro";"Dupla";"Reta";"Não";3;0;1;0;1;5;1;7;-14,63641302;-56,27570095;"SPRF-MT";"DEL01-MT";"UOP01-DEL01-MT"
458262;2022-06-27;"segunda-feira";"06:10:00";"RJ";101;333;"RIO DE JANEIRO";"Condutor deixou de manter distância do veículo da frente";"Colisão lateral mesmo sentido";"Com Vítimas Feridas";"Amanhecer";"Decrescente";"Nublado";"Múltipla";"Reta";"Não";2;0;1;0;1;0;1;2;-22,87827816;-43,21053578;"SPRF-RJ";"DEL02-RJ";"UOP01-DEL02-RJ"
458265;2022-06-27;"segunda-feira";"06:30:00";"SC";101;441;"SANTA ROSA DO SUL";"Condutor deixou de manter distância do veículo da frente";"Colisão traseira";"Com Vítimas Feridas";"Amanhecer";"Decrescente";"Céu Claro";"Múltipla";"Declive;Viaduto;Reta";"Sim";2;0;1;0;1;0;1;2;-29,12943524;-49,68627714;"SPRF-SC";"DEL02-SC";"UOP02-DEL02-SC"
458270;2022-06-27;"segunda-feira";"06:45:00";"MS";163;265;"DOURADOS";"Acessar a via sem observar a presença dos outros veículos";"Colisão lateral mesmo sentido";"Com Vítimas Feridas";"Pleno dia";"Crescente";"Céu Claro";"Dupla";"Rotatória";"Sim";3;0;1;0;2;0;1;2;-22,222698;-54,73128;"SPRF-MS";"DEL04-MS";"UOP01-DEL04-MS"
458274;2022-06-27;"segunda-feira";"06:00:00";"RS";285;167,4;"MUITOS CAPOES";"Problema na suspensão";"Saída de leito carroçável";"Com Vítimas Feridas";"Amanhecer";"Crescente";"Nublado";"Simples";"Curva";"Não";1;0;1;0;0;0;1;1;-28,33309298;-51,29928589;"SPRF-RS";"DEL05-RS";"UOP03-DEL05-RS"
458277;2022-06-27;"segunda-feira";"08:20:00";"PR";376;387;"IMBAU";"Reação tardia ou ineficiente do condutor";"Colisão traseira";"Com Vítimas Fatais";"Pleno dia";"Crescente";"Sol";"Dupla";"Reta";"Não";4;1;0;0;2;1;0;3;-24,45675988;-50,75398207;"SPRF-PR";"DEL03-PR";"UOP02-DEL03-PR"
458280;2022-06-27;"segunda-feira";"06:40:00";"MT";70;518;"VARZEA GRANDE";"Ausência de reação do condutor";"Colisão frontal";"Com Vítimas Fatais";"Pleno dia";"Crescente";"Sol";"Simples";"Reta";"Sim";3;1;0;0;1;2;0;4;-15,6956841;-56,16658095;"SPRF-MT";"DEL01-MT";"UOP02-DEL01-MT"
458286;2022-04-27;"quarta-feira";"08:00:00";"PA";230;1110;"ITAITUBA";"Demais falhas na via";"Tombamento";"Com Vítimas Feridas";"Pleno dia";"Decrescente";"Céu Claro";"Simples";"Reta";"Não";2;0;1;0;0;2;1;3;-4,2455429;-56,0078003;"SPRF-PA";"DEL05-PA";"UOP01-DEL05-PA"
458297;2022-06-27;"segunda-feira";"09:50:00";"MG";354;729;"POUSO ALTO";"Velocidade Incompatível";"Tombamento";"Com Vítimas Feridas";"Pleno dia";"Crescente";"Céu Claro";"Simples";"Curva";"Não";2;0;1;0;0;1;1;2;-22,15769397;-44,96393873;"SPRF-MG";"DEL17-MG";"UOP01-DEL17-MG"
458307;2022-06-27;"segunda-feira";"12:50:00";"RS";468;3,9;"PALMEIRA DAS MISSOES";"Desrespeitar a preferência no cruzamento";"Colisão transversal";"Com Vítimas Feridas";"Pleno dia";"Crescente";"Céu Claro";"Simples";"Interseção de Vias";"Não";2;0;0;1;1;0;1;2;-27,86713824;-53,34300903;"SPRF-RS";"DEL08-RS";"UOP01-DEL08-RS"
458310;2022-06-27;"segunda-feira";"12:37:00";"PE";101;74;"RECIFE";"Demais falhas mecânicas ou elétricas";"Eventos atípicos";"Com Vítimas Feridas";"Pleno dia";"Decrescente";"Céu Claro";"Dupla";"Reta";"Sim";4;0;1;1;1;1;2;3;-8,10146485;-34,94901577;"SPRF-PE";"DEL01-PE";"UOP01-DEL01-PE"
458316;2022-06-27;"segunda-feira";"08:30:00";"MG";116;467;"TARUMIRIM";"Ausência de reação do condutor";"Saída de leito carroçável";"Com Vítimas Feridas";"Pleno dia";"Decrescente";"Nublado";"Simples";"Reta";"Não";1;0;1;0;0;0;1;1;-19,29347636;-42,07682165;"SPRF-MG";"DEL06-MG";"UOP02-DEL06-MG"
458324;2022-06-27;"segunda-feira";"14:00:00";"RJ";116;298,8;"RESENDE";"Demais falhas mecânicas ou elétricas";"Incêndio";"Sem Vítimas";"Pleno dia";"Decrescente";"Nublado";"Dupla";"Declive;Reta";"Não";1;0;0;0;1;0;0;1;-22,45083254;-44,33823701;"SPRF-RJ";"DEL07-RJ";"UOP02-DEL07-RJ"
458325;2022-06-27;"segunda-feira";"14:00:00";"GO";452;9,4;"RIO VERDE";"Ultrapassagem Indevida";"Colisão lateral sentido oposto";"Com Vítimas Feridas";"Pleno dia";"Crescente";"Céu Claro";"Simples";"Reta";"Não";6;0;1;0;2;5;1;7;-17,82864418;-50,82858307;"SPRF-GO";"DEL04-GO";"UOP01-DEL04-GO"
458330;2022-06-27;"segunda-feira";"15:00:00";"SP";116;162;"JACAREI";"Ausência de reação do condutor";"Colisão traseira";"Com Vítimas Feridas";"Pleno dia";"Decrescente";"Céu Claro";"Dupla";"Reta";"Não";3;0;1;0;1;1;1;3;-23,28133317;-45,98394689;"SPRF-SP";"DEL02-SP";"UOP01-DEL02-SP"
458334;2022-06-27;"segunda-feira";"13:30:00";"PR";277;699,5;"SAO MIGUEL DO IGUACU";"Reação tardia ou ineficiente do condutor";"Colisão com objeto";"Com Vítimas Feridas";"Pleno dia";"Crescente";"Céu Claro";"Dupla";"Reta";"Não";3;0;1;0;1;2;1;4;-25,40119949;-54,31992672;"SPRF-PR";"DEL05-PR";"UOP01-DEL05-PR"
458336;2022-06-27;"segunda-feira";"10:00:00";"MG";116;442,7;"ENGENHEIRO CALDAS";"Velocidade Incompatível";"Tombamento";"Com Vítimas Fatais";"Pleno dia";"Decrescente";"Nublado";"Simples";"Reta";"Não";3;1;1;0;0;1;1;3;-19,09304397;-42,00040903;"SPRF-MG";"DEL06-MG";"UOP01-DEL06-MG"
458338;2022-06-27;"segunda-feira";"16:15:00";"TO";153;668;"GURUPI";"Acessar a via sem observar a presença dos outros veículos";"Colisão transversal";"Com Vítimas Feridas";"Pleno dia";"Decrescente";"Céu Claro";"Simples";"Declive";"Não";3;0;1;0;2;0;1;2;-11,69207791;-49,07070942;"SPRF-TO";"DEL01-TO";"UOP02-DEL01-TO"
458344;2022-06-27;"segunda-feira";"16:30:00";"ES";101;370;"ANCHIETA";"Desrespeitar a preferência no cruzamento";"Colisão transversal";"Com Vítimas Feridas";"Anoitecer";"Crescente";"Céu Claro";"Simples";"Rotatória";"Não";2;0;1;0;1;0;1;2;-20,76871121;-40,75999937;"SPRF-ES";"DEL03-ES";"UOP01-DEL03-ES"
458347;2022-06-27;"segunda-feira";"15:00:00";"RO";364;570;"ALTO PARAISO";"Reação tardia ou ineficiente do condutor";"Saída de leito carroçável";"Com Vítimas Feridas";"Pleno dia";"Crescente";"Céu Claro";"Simples";"Curva";"Não";2;0;1;0;0;2;1;3;-9,4800479;-63,10189036;"SPRF-RO";"DEL01-RO";"UOP04-DEL01-RO"
458353;2022-06-27;"segunda-feira";"17:20:00";"PR";376;183,4;"SARANDI";"Pista esburacada";"Colisão lateral mesmo sentido";"Com Vítimas Feridas";"Anoitecer";"Decrescente";"Céu Claro";"Dupla";"Reta";"Sim";2;0;1;0;1;0;1;2;-23,44159097;-51,87067398;"SPRF-PR";"DEL09-PR";"UOP01-DEL09-PR"