"id";"data_inversa";"dia_semana";"horario";"uf";"br";"km";"municipio";"causa_acidente";"tipo_acidente";"classificacao_acidente";"fase_dia";"sentido_via";"condicao_metereologica";"tipo_pista";"tracado_via";"uso_solo";"pessoas";"mortos";"feridos_leves";"feridos_graves";"ilesos";"ignorados";"feridos";"veiculos";"latitude";"longitude";"regional";"delegacia";"uop"
458621;2022-06-29;"quarta-feira";"06:30:00";"MG";40;510;"RIBEIRAO DAS NEVES";"Condutor deixou de manter distância do veículo da frente";"Colisão traseira";"Com Vítimas Feridas";"Amanhecer";"Crescente";"Céu Claro";"Dupla";"Reta";"Não";4;0;0;1;1;2;1;4;-19,77463885;-44,12321882;"SPRF-MG";"DEL01-MG";"UOP02-DEL01-MG"
458631;2022-06-29;"quarta-feira";"09:30:00";"SP";116;289;"ITAPECERICA DA SERRA";"Trafegar com motocicleta (ou similar) entre as faixas";"Colisão lateral mesmo sentido";"Com Vítimas Feridas";"Pleno dia";"Decrescente";"Céu Claro";"Dupla";"Reta";"Não";2;0;1;0;1;0;1;2;-23,72290969;-46,89096614;"SPRF-SP";"DEL04-SP";"UOP01-DEL04-SP"
458636;2022-06-29;"quarta-feira";"09:40:00";"GO";452;4,6;"RIO VERDE";"Ultrapassagem Indevida";"Colisão lateral mesmo sentido";"Com Vítimas Feridas";"Pleno dia";"Crescente";"Céu Claro";"Simples";"Reta";"Não";5;0;2;0;2;2;2;5;-17,80537247;-50,8693187;"SPRF-GO";"DEL04-GO";"UOP01-DEL04-GO"
458649;2022-06-29;"quarta-feira";"12:15:00";"MG";262;362;"JUATUBA";"Reação tardia ou ineficiente do condutor";"Colisão traseira";"Com Vítimas Feridas";"Pleno dia";"Crescente";"Sol";"Dupla";"Reta";"Sim";3;0;1;0;1;1;1;3;-19,97109006;-44,28666115;"SPRF-MG";"DEL01-MG";"UOP03-DEL01-MG"
458651;2022-06-29;"quarta-feira";"11:53:00";"CE";116;315;"JAGUARIBE";"Demais falhas mecânicas ou elétricas";"Colisão frontal";"Com Vítimas Feridas";"Pleno dia";"Crescente";"Céu Claro";"Simples";"Reta";"Não";4;0;2;0;1;1;2;3;-5,94608802;-38,63230107;"SPRF-CE";"DEL05-CE";"UOP02-DEL05-CE"
458652;2022-06-29;"quarta-feira";"11:10:00";"RJ";493;24;"MAGE";"Mal súbito do condutor";"Colisão lateral mesmo sentido";"Sem Vítimas";"Pleno dia";"Decrescente";"Céu Claro";"Simples";"Reta";"Não";5;0;0;0;4;1;0;4;-22,65715069;-43,07072902;"SPRF-RJ";"DEL04-RJ";"UOP02-DEL04-RJ"
458655;2022-06-29;"quarta-feira";"12:00:00";"SC";101;45;"JOINVILLE";"Deficiência do Sistema de Iluminação/Sinalização";"Engavetamento";"Com Vítimas Feridas";"Pleno dia";"Decrescente";"Céu Claro";"Dupla";"Declive";"Sim";5;0;1;0;3;1;1;5;-26,32214492;-48,8689509;"SPRF-SC";"DEL03-SC";"UOP01-DEL03-SC"
458656;2022-06-29;"quarta-feira";"11:25:00";"MG";381;433,2;"SABARA";"Condutor deixou de manter distância do veículo da frente";"Colisão traseira";"Com Vítimas Feridas";"Pleno dia";"Crescente";"Sol";"Simples";"Curva;Declive";"Não";2;0;1;0;1;0;1;2;-19,786485;-43,715527;"SPRF-MG";"DEL01-MG";"UOP01-DEL01-MG"
458657;2022-06-29;"quarta-feira";"11:42:00";"MS";163;477,7;"CAMPO GRANDE";"Acessar a via sem observar a presença dos outros veículos";"Colisão transversal";"Com Vítimas Feridas";"Pleno dia";"Decrescente";"Céu Claro";"Simples";"Curva";"Não";2;0;1;0;1;0;1;2;-20,50427591;-54,55557367;"SPRF-MS";"DEL01-MS";"UOP01-DEL01-MS"
458658;2022-06-29;"quarta-feira";"12:15:00";"RS";290;119,3;"ELDORADO DO SUL";"Manobra de mudança de faixa";"Colisão frontal";"Com Vítimas Feridas";"Pleno dia";"Crescente";"Céu Claro";"Simples";"Reta";"Não";7;0;0;5;1;2;5;5;-30,049431;-51,398045;"SPRF-RS";"DEL02-RS";"UOP01-DEL02-RS"
458660;2022-06-29;"quarta-feira";"12:40:00";"RJ";116;275;"BARRA MANSA";"Manobra de mudança de faixa";"Colisão lateral mesmo sentido";"Com Vítimas Feridas";"Pleno dia";"Crescente";"Sol";"Dupla";"Reta";"Não";4;0;1;0;2;1;1;4;-22,53561851;-44,19575572;"SPRF-RJ";"DEL07-RJ";"UOP02-DEL07-RJ"
458661;2022-06-29;"quarta-feira";"10:50:00";"RJ";493;17;"GUAPIMIRIM";"Ausência de reação do condutor";"Colisão traseira";"Com Vítimas Feridas";"Pleno dia";"Decrescente";"Céu Claro";"Dupla";"Reta";"Não";3;0;1;0;1;1;1;3;-22,66791406;-43,00902598;"SPRF-RJ";"DEL04-RJ";"UOP02-DEL04-RJ"
458662;2022-06-29;"quarta-feira";"11:40:00";"MT";163;108;"RONDONOPOLIS";"Reação tardia ou ineficiente do condutor";"Colisão com objeto";"Com Vítimas Feridas";"Pleno dia";"Crescente";"Sol";"Dupla";"Reta";"Não";3;0;1;0;1;3;1;5;-16,58848792;-54,69088554;"SPRF-MT";"DEL02-MT";"UOP01-DEL02-MT"
458663;2022-06-29;"quarta-feira";"12:30:00";"SC";280;109,5;"SAO BENTO DO SUL";"Desrespeitar a preferência no cruzamento";"Colisão frontal";"Com Vítimas Feridas";"Pleno dia";"Crescente";"Céu Claro";"Simples";"Curva";"Não";3;0;1;0;2;0;1;2;-26,327628;-49,382239;"SPRF-SC";"DEL06-SC";"UOP03-DEL06-SC"
458670;2022-06-29;"quarta-feira";"07:20:00";"SP";116;544;"BARRA DO TURVO";"Velocidade Incompatível";"Tombamento";"Sem Vítimas";"Pleno dia";"Decrescente";"Céu Claro";"Simples";"Curva";"Não";2;0;0;0;1;1;0;2;-24,96385446;-48,42438698;"SPRF-SP";"DEL05-SP";"UOP02-DEL05-SP"
458673;2022-06-29;"quarta-feira";"10:50:00";"SC";470;278,9;"BRUNOPOLIS";"Ausência de reação do condutor";"Colisão com objeto";"Com Vítimas Feridas";"Pleno dia";"Decrescente";"Céu Claro";"Simples";"Curva";"Não";2;0;1;0;0;1;1;2;-27,332949;-50,84285;"SPRF-SC";"DEL07-SC";"UOP06-DEL07-SC"
458676;2022-06-29;"quarta-feira";"13:10:00";"BA";101;736;"ITABELA";"Condutor deixou de manter distância do veículo da frente";"Colisão traseira";"Com Vítimas Feridas";"Pleno dia";"Crescente";"Nublado";"Dupla";"Aclive;Reta";"Não";4;0;1;0;2;2;1;4;-16,508746;-39,577201;"SPRF-BA";"DEL09-BA";"UOP01-DEL09-BA"
458681;2022-06-29;"quarta-feira";"13:30:00";"SP";153;75;"SAO JOSE DO RIO PRETO";"Ingestão de álcool pelo condutor";"Colisão traseira";"Sem Vítimas";"Pleno dia";"Crescente";"Sol";"Dupla";"Reta";"Sim";3;0;0;0;2;1;0;3;-20,89418221;-49,43387582;"SPRF-SP";"DEL09-SP";"UOP01-DEL09-SP"
458686;2022-06-29;"quarta-feira";"14:35:00";"SC";480;126,8;"CHAPECO";"Desrespeitar a preferência no cruzamento";"Colisão transversal";"Com Vítimas Feridas";"Pleno dia";"Decrescente";"Sol";"Simples";"Reta;Túnel";"Não";4;0;2;0;1;1;2;3;-27,027581;-52,634239;"SPRF-SC";"DEL07-SC";"UOP01-DEL07-SC"
458692;2022-06-29;"quarta-feira";"15:30:00";"SC";280;276,5;"IRINEOPOLIS";"Reação tardia ou ineficiente do condutor";"Colisão traseira";"Com Vítimas Feridas";"Pleno dia";"Decrescente";"Céu Claro";"Simples";"Aclive;Reta";"Não";2;0;0;1;1;0;1;2;-26,29126407;-50,79052397;"SPRF-SC";"DEL06-SC";"UOP04-DEL06-SC"
458696;2022-06-29;"quarta-feira";"16:10:00";"MT";364;220;"RONDONOPOLIS";"Reação tardia ou ineficiente do condutor";"Colisão lateral mesmo sentido";"Com Vítimas Feridas";"Pleno dia";"Crescente";"Sol";"Dupla";"Reta";"Não";4;0;1;0;2;2;1;4;-16,34786395;-54,73950295;"SPRF-MT";"DEL02-MT";"UOP01-DEL02-MT"
458698;2022-06-29;"quarta-feira";"17:20:00";"RS";470;223;"GARIBALDI";"Desrespeitar a preferência no cruzamento";"Colisão transversal";"Com Vítimas Feridas";"Anoitecer";"Crescente";"Céu Claro";"Simples";"Aclive;Reta;Retorno Regulamentado";"Sim";3;0;1;0;2;0;1;2;-29,22731429;-51,51627844;"SPRF-RS";"DEL06-RS";"UOP01-DEL06-RS"
458701;2022-06-29;"quarta-feira";"16:45:00";"PR";376;542,5;"PALMEIRA";"Manobra de mudança de faixa";"Colisão lateral mesmo sentido";"Com Vítimas Feridas";"Pleno dia";"Decrescente";"Sol";"Dupla";"Reta";"Não";5;0;2;0;1;2;2;4;-25,3757892;-49,81417316;"SPRF-PR";"DEL03-PR";"UOP03-DEL03-PR"
458703;2022-06-29;"quarta-feira";"17:00:00";"ES";101;392,6;"RIO NOVO DO SUL";"Demais falhas mecânicas ou elétricas";"Colisão frontal";"Com Vítimas Feridas";"Pleno dia";"Crescente";"Céu Claro";"Simples";"Reta";"Não";2;0;1;0;0;1;1;2;-20,86733567;-40,90426608;"SPRF-ES";"DEL03-ES";"UOP02-DEL03-ES"
458716;2022-06-29;"quarta-feira";"19:00:00";"SP";381;67;"MAIRIPORA";"Demais falhas mecânicas ou elétricas";"Incêndio";"Sem Vítimas";"Plena Noite";"Decrescente";"Céu Claro";"Múltipla";"Reta";"Não";2;0;0;0;1;1;0;2;-23,33226094;-46,57675379;"SPRF-SP";"DEL03-SP";"UOP01-DEL03-SP"
458717;2022-06-29;"quarta-feira";"19:30:00";"AL";101;200;"SAO SEBASTIAO";"Acessar a via sem observar a presença dos outros veículos";"Atropelamento de Pedestre";"Com Vítimas Fatais";"Plena Noite";"Crescente";"Nublado";"Dupla";"Reta";"Sim";3;1;0;0;1;1;0;3;-9,95081664;-36,54113619;"SPRF-AL";"DEL02-AL";"UOP02-DEL02-AL"
458719;2022-06-29;"quarta-feira";"13:00:00";"PE";104;21;"TAQUARITINGA DO NORTE";"Acostamento em desnível";"Saída de leito carroçável";"Com Vítimas Feridas";"Pleno dia";"Crescente";"Céu Claro";"Simples";"Declive;Curva";"Não";2;0;1;0;0;1;1;2;-7,964189;-36,124378;"SPRF-PE";"DEL02-PE";"UOP01-DEL02-PE"
458721;2022-06-29;"quarta-feira";"19:30:00";"BA";324;486;"SANTA BARBARA";"Ultrapassagem Indevida";"Colisão frontal";"Com Vítimas Fatais";"Plena Noite";"Decrescente";"Céu Claro";"Simples";"Aclive;Curva";"Não";5;2;0;0;2;1;0;3;-12,0291309;-39,0291493;"SPRF-BA";"DEL02-BA";"UOP01-DEL02-BA"
458727;2022-06-29;"quarta-feira";"05:00:00";"MG";116;687,8;"MURIAE";"Condutor Dormindo";"Colisão com objeto";"Com Vítimas Feridas";"Plena Noite";"Crescente";"Céu Claro";"Simples";"Ponte;Reta";"Não";1;0;1;0;0;0;1;1;-20,99763992;-42,36258307;"SPRF-MG";"DEL07-MG";"UOP02-DEL07-MG"
458728;2022-06-29;"quarta-feira";"20:10:00";"PR";277;487;"NOVA LARANJEIRAS";"Estacionar ou parar em local proibido";"Colisão traseira";"Com Vítimas Feridas";"Plena Noite";"Crescente";"Céu Claro";"Simples";"Reta";"Não";4;0;2;0;1;2;2;4;-25,25715876;-52,62556125;"SPRF-PR";"DEL04-PR";"UOP02-DEL04-PR"
458729;2022-06-29;"quarta-feira";"16:49:00";"MG";381;713;"CARMO DA CACHOEIRA";"Ausência de reação do condutor";"Saída de leito carroçável";"Com Vítimas Feridas";"Pleno dia";"Crescente";"Céu Claro";"Dupla";"Curva";"Não";1;0;1;0;0;0;1;1;-21,381452;-45,196058;"SPRF-MG";"DEL04-MG";"UOP02-DEL04-MG"
458730;2022-06-29;"quarta-feira";"17:55:00";"PR";376;530;"PONTA GROSSA";"Reação tardia ou ineficiente do condutor";"Colisão lateral mesmo sentido";"Com Vítimas Feridas";"Anoitecer";"Crescente";"Céu Claro";"Dupla";"Declive";"Não";3;0;1;0;1;1;1;3;-25,29339386;-49,89844322;"SPRF-PR";"DEL03-PR";"UOP01-DEL03-PR"
458733;2022-06-29;"quarta-feira";"22:30:00";"PR";376;491;"PONTA GROSSA";"Reação tardia ou ineficiente do condutor";"Colisão lateral mesmo sentido";"Sem Vítimas";"Plena Noite";"Crescente";"Céu Claro";"Dupla";"Reta";"Sim";3;0;0;0;1;3;0;4;-25,15130703;-50,1421625;"SPRF-PR";"DEL03-PR";"UOP01-DEL03-PR"
458734;2022-06-29;"quarta-feira";"19:45:00";"MA";10;288;"IMPERATRIZ";"Reação tardia ou ineficiente do condutor";"Colisão frontal";"Com Vítimas Feridas";"Plena Noite";"Crescente";"Céu Claro";"Simples";"Reta";"Não";3;0;0;1;1;3;1;5;-5,210461;-47,516678;"SPRF-MA";"DEL04-MA";"UOP01-DEL04-MA"
458735;2022-06-29;"quarta-feira";"23:20:00";"MG";354;732,3;"POUSO ALTO";"Velocidade Incompatível";"Tombamento";"Com Vítimas Feridas";"Plena Noite";"Crescente";"Céu Claro";"Simples";"Curva";"Não";1;0;1;0;0;0;1;1;-22,17373459;-44,96438026;"SPRF-MG";"DEL17-MG";"UOP01-DEL17-MG"
458736;2022-06-29;"quarta-feira";"23:00:00";"ES";101;439;"MIMOSO DO SUL";"Velocidade Incompatível";"Colisão traseira";"Com Vítimas Feridas";"Plena Noite";"Crescente";"Céu Claro";"Simples";"Reta";"Não";3;0;1;1;1;0;2;2;-21,07264705;-41,22787382;"SPRF-ES";"DEL03-ES";"UOP02-DEL03-ES"
458738;2022-06-29;"quarta-feira";"23:00:00";"PR";376;491;"PONTA GROSSA";"Condutor deixou de manter distância do veículo da frente";"Colisão traseira";"Com Vítimas Feridas";"Plena Noite";"Crescente";"Céu Claro";"Dupla";"Declive";"Sim";3;0;1;0;1;1;1;3;-25,15130703;-50,1421625;"SPRF-PR";"DEL03-PR";"UOP01-DEL03-PR"
458739;2022-06-30;"quinta-feira";"00:10:00";"SC";282;104;"ALFREDO WAGNER";"Condutor Dormindo";"Colisão frontal";"Com Vítimas Feridas";"Plena Noite";"Decrescente";"Nublado";"Simples";"Ponte";"Sim";3;0;2;0;0;2;2;4;-27,696043;-49,334038;"SPRF-SC";"DEL01-SC";"UOP03-DEL01-SC"
458743;2022-06-30;"quinta-feira";"00:20:00";"DF";20;3;"BRASILIA";"Ausência de reação do condutor";"Colisão traseira";"Sem Vítimas";"Plena Noite";"Decrescente";"Céu Claro";"Dupla";"Reta";"Sim";3;0;0;0;3;0;0;3;-15,679851;-47,832211;"SPRF-DF";"DEL02-DF";"UOP01-DEL02-DF"
458745;2022-06-30;"quinta-feira";"02:10:00";"PR";476;171;"CONTENDA";"Velocidade Incompatível";"Colisão traseira";"Com Vítimas Fatais";"Plena Noite";"Decrescente";"Nublado";"Simples";"Reta";"Não";3;1;0;0;1;1;0;3;-25,672495;-49,510612;"SPRF-PR";"DEL01-PR";"UOP03-DEL01-PR"
458749;2022-06-30;"quinta-feira";"00:20:00";"MT";158;552,5;"AGUA BOA";"Condutor Dormindo";"Tombamento";"Sem Vítimas";"Plena Noite";"Crescente";"Céu Claro";"Simples";"Reta";"Não";2;0;0;0;1;2;0;3;-13,93133275;-52,09840547;"SPRF-MT";"DEL07-MT";"UOP02-DEL07-MT"
458752;2022-06-30;"quinta-feira";"05:00:00";"RJ";393;285;"VOLTA REDONDA";"Acessar a via sem observar a presença dos outros veículos";"Colisão transversal";"Com Vítimas Feridas";"Amanhecer";"Crescente";"Céu Claro";"Dupla";"Interseção de Vias;Declive";"Sim";2;0;1;0;1;0;1;2;-22,50558444;-44,07422628;"SPRF-RJ";"DEL05-RJ";"UOP04-DEL05-RJ"
458754;2022-06-30;"quinta-feira";"03:55:00";"SE";101;202,6;"CRISTINAPOLIS";"Acessar a via sem observar a presença dos outros veículos";"Atropelamento de Animal";"Com Vítimas Fatais";"Plena Noite";"Crescente";"Nublado";"Simples";"Reta";"Não";2;1;0;0;0;1;0;2;-11,4968367;-37,78079941;"SPRF-SE";"DEL02-SE";"UOP03-DEL02-SE"
458758;2022-06-30;"quinta-feira";"05:19:00";"SP";116;101,9;"PINDAMONHANGABA";"Falta de acostamento";"Colisão traseira";"Com Vítimas Feridas";"Amanhecer";"Decrescente";"Nevoeiro/Neblina";"Dupla";"Aclive";"Não";3;0;0;1;1;2;1;4;-22,99074204;-45,48115098;"SPRF-SP";"DEL08-SP";"UOP01-DEL08-SP"
458765;2022-06-30;"quinta-feira";"06:20:00";"MG";153;85;"PRATA";"Objeto estático sobre o leito carroçável";"Saída de leito carroçável";"Com Vítimas Feridas";"Amanhecer";"Decrescente";"Céu Claro";"Simples";"Reta";"Não";1;0;1;0;0;0;1;1;-19,10224974;-48,97993765;"SPRF-MG";"DEL15-MG";"UOP03-DEL15-MG"
458767;2022-06-30;"quinta-feira";"07:16:00";"MG";381;492,6;"BETIM";"Ausência de reação do condutor";"Colisão traseira";"Com Vítimas Feridas";"Pleno dia";"Crescente";"Céu Claro";"Dupla";"Reta";"Sim";2;0;1;0;1;0;1;2;-19,97490091;-44,19004301;"SPRF-MG";"DEL01-MG";"UOP03-DEL01-MG"
458771;2022-06-30;"quinta-feira";"08:50:00";"RS";386;307,4;"POUSO NOVO";"Demais falhas mecânicas ou elétricas";"Saída de leito carroçável";"Com Vítimas Feridas";"Pleno dia";"Crescente";"Céu Claro";"Dupla";"Curva";"Não";2;0;1;0;1;0;1;1;-29,202335;-52,183838;"SPRF-RS";"DEL04-RS";"UOP01-DEL04-RS"
458772;2022-06-30;"quinta-feira";"08:50:00";"PR";277;43;"MORRETES";"Demais falhas mecânicas ou elétricas";"Colisão traseira";"Sem Vítimas";"Pleno dia";"Crescente";"Céu Claro";"Múltipla";"Curva";"Não";4;0;0;0;3;3;0;6;-25,57437908;-48,85418905;"SPRF-PR";"DEL01-PR";"UOP01-DEL01-PR"
458773;2022-06-30;"quinta-feira";"06:10:00";"MT";364;310;"JACIARA";"Condutor deixou de manter distância do veículo da frente";"Colisão traseira";"Com Vítimas Feridas";"Pleno dia";"Crescente";"Céu Claro";"Dupla";"Reta";"Não";3;0;0;1;1;1;1;3;-15,81540349;-55,23875092;"SPRF-MT";"DEL05-MT";"UOP02-DEL05-MT"
458777;2022-06-30;"quinta-feira";"08:20:00";"RJ";493;49;"DUQUE DE CAXIAS";"Demais falhas mecânicas ou elétricas";"Incêndio";"Sem Vítimas";"Pleno dia";"Decrescente";"Céu Claro";"Dupla";"Reta";"Sim";2;0;0;0;1;1;0;2;-22,672089;-43,285053;"SPRF-RJ";"DEL01-RJ";"UOP01-DEL01-RJ"
458782;2022-06-30;"quinta-feira";"08:10:00";"MG";354;722;"POUSO ALTO";"Velocidade Incompatível";"Tombamento";"Com Vítimas Feridas";"Pleno dia";"Decrescente";"Céu Claro";"Simples";"Curva";"Não";2;0;1;0;0;2;1;3;-22,1055941;-44,95688947;"SPRF-MG";"DEL17-MG";"UOP01-DEL17-MG"
458791;2022-06-30;"quinta-feira";"08:10:00";"SC";280;55,4;"GUARAMIRIM";"Carga excessiva e/ou mal acondicionada";"Derramamento de carga";"Sem Vítimas";"Pleno dia";"Crescente";"Céu Claro";"Dupla";"Rotatória";"Sim";1;0;0;0;1;0;0;1;-26,47584353;-48,9937858;"SPRF-SC";"DEL03-SC";"UOP03-DEL03-SC"
458794;2022-06-30;"quinta-feira";"11:10:00";"MG";40;439;"PARAOPEBA";"Condutor usando celular";"Colisão traseira";"Com Vítimas Fatais";"Pleno dia";"Crescente";"Céu Claro";"Dupla";"Aclive;Reta";"Não";2;1;0;0;1;0;0;2;-19,23100428;-44,43562244;"SPRF-MG";"DEL02-MG";"UOP01-DEL02-MG"
458795;2022-06-30;"quinta-feira";"11:30:00";"RJ";101;332;"RIO DE JANEIRO";"Demais falhas mecânicas ou elétricas";"Colisão traseira";"Com Vítimas Feridas";"Pleno dia";"Decrescente";"Céu Claro";"Dupla";"Reta";"Sim";2;0;1;0;1;0;1;2;-22,872059;-43,204784;"SPRF-RJ";"DEL02-RJ";"UOP01-DEL02-RJ"
458796;2022-06-30;"quinta-feira";"10:30:00";"GO";153;211;"URUACU";"Acessar a via sem observar a presença dos outros veículos";"Colisão transversal";"Com Vítimas Feridas";"Pleno dia";"Decrescente";"Céu Claro";"Simples";"Reta";"Não";5;0;4;0;1;0;4;2;-14,615499;-49,16959;"SPRF-GO";"DEL07-GO";"UOP02-DEL07-GO"
458797;2022-06-30;"quinta-feira";"11:50:00";"CE";116;68,3;"CHOROZINHO";"Reação tardia ou ineficiente do condutor";"Colisão traseira";"Com Vítimas Feridas";"Pleno dia";"Decrescente";"Céu Claro";"Simples";"Reta";"Não";10;0;0;8;2;0;8;2;-4,3140702;-38,49723925;"SPRF-CE";"DEL03-CE";"UOP02-DEL03-CE"
458802;2022-06-30;"quinta-feira";"12:20:00";"MG";40;102;"LAGOA GRANDE";"Ultrapassagem Indevida";"Colisão transversal";"Com Vítimas Feridas";"Pleno dia";"Crescente";"Céu Claro";"Simples";"Reta";"Não";3;0;1;0;1;1;1;3;-17,57426309;-46,49438807;"SPRF-MG";"DEL14-MG";"UOP01-DEL14-MG"
458803;2022-06-30;"quinta-feira";"09:00:00";"MS";60;385;"CAMPO GRANDE";"Demais falhas mecânicas ou elétricas";"Incêndio";"Sem Vítimas";"Pleno dia";"Decrescente";"Céu Claro";"Simples";"Reta";"Não";1;0;0;0;1;0;0;1;-20,66977888;-54,75724625;"SPRF-MS";"DEL01-MS";"UOP04-DEL01-MS"
458805;2022-06-30;"quinta-feira";"11:50:00";"MG";381;288;"JAGUARACU";"Velocidade Incompatível";"Colisão lateral mesmo sentido";"Com Vítimas Feridas";"Pleno dia";"Decrescente";"Céu Claro";"Simples";"Curva";"Não";2;0;1;0;1;0;1;2;-19,63905081;-42,81290207;"SPRF-MG";"DEL03-MG";"UOP02-DEL03-MG"
458809;2022-06-30;"quinta-feira";"13:20:00";"BA";116;578;"NOVA ITARANA";"Carga excessiva e/ou mal acondicionada";"Tombamento";"Sem Vítimas";"Pleno dia";"Crescente";"Céu Claro";"Simples";"Reta";"Não";2;0;0;0;1;2;0;3;-13,07158302;-39,9611107;"SPRF-BA";"DEL03-BA";"UOP02-DEL03-BA"
458812;2022-06-30;"quinta-feira";"10:20:00";"ES";101;396,4;"RIO NOVO DO SUL";"Ultrapassagem Indevida";"Saída de leito carroçável";"Sem Vítimas";"Pleno dia";"Crescente";"Céu Claro";"Múltipla";"Curva";"Não";1;0;0;0;1;0;0;1;-20,868874;-40,94103;"SPRF-ES";"DEL03-ES";"UOP02-DEL03-ES"
458814;2022-06-30;"quinta-feira";"07:20:00";"RR";174;303;"CARACARAI";"Ausência de reação do condutor";"Saída de leito carroçável";"Com Vítimas Feridas";"Amanhecer";"Crescente";"Céu Claro";"Simples";"Reta";"Não";2;0;2;0;0;0;2;1;1,479584;-60,807999;"SPRF-RR";"DEL01-RR";"UOP01-DEL01-RR"
458815;2022-06-30;"quinta-feira";"12:50:00";"PR";277;637,9;"CEU AZUL";"Pedestre cruzava a pista fora da faixa";"Atropelamento de Pedestre";"Com Vítimas Feridas";"Pleno dia";"Crescente";"Céu Claro";"Simples";"Reta";"Sim";3;0;0;1;1;1;1;3;-25,15127997;-53,84435289;"SPRF-PR";"DEL05-PR";"UOP02-DEL05-PR"
458823;2022-06-30;"quinta-feira";"12:00:00";"PR";373;249,2;"GUAMIRANGA";"Entrada inopinada do pedestre";"Atropelamento de Pedestre";"Com Vítimas Feridas";"Pleno dia";"Crescente";"Sol";"Simples";"Reta";"Não";3;0;0;1;2;0;1;3;-25,1899084;-50,84325602;"SPRF-PR";"DEL03-PR";"UOP04-DEL03-PR"
458825;2022-06-30;"quinta-feira";"12:30:00";"MT";163;754;"SORRISO";"Acessar a via sem observar a presença dos outros veículos";"Colisão transversal";"Sem Vítimas";"Pleno dia";"Crescente";"Céu Claro";"Dupla";"Declive;Reta;Retorno Regulamentado;Interseção de Vias";"Sim";3;0;0;0;2;2;0;4;-12,54567132;-55,70980603;"SPRF-MT";"DEL06-MT";"UOP01-DEL06-MT"
458836;2022-06-30;"quinta-feira";"17:10:00";"PR";277;572;"CASCAVEL";"Acessar a via sem observar a presença dos outros veículos";"Colisão transversal";"Com Vítimas Feridas";"Pleno dia";"Crescente";"Céu Claro";"Simples";"Retorno Regulamentado";"Não";3;0;1;0;1;1;1;3;-25,00737801;-53,29663858;"SPRF-PR";"DEL04-PR";"UOP01-DEL04-PR"
458837;2022-06-30;"quinta-feira";"13:00:00";"BA";242;362;"LENCOIS";"Velocidade Incompatível";"Tombamento";"Com Vítimas Feridas";"Pleno dia";"Decrescente";"Céu Claro";"Simples";"Curva";"Não";2;0;1;0;0;2;1;3;-12,46458265;-41,40667003;"SPRF-BA";"DEL06-BA";"UOP01-DEL06-BA"
458839;2022-06-30;"quinta-feira";"18:10:00";"MG";267;121,7;"JUIZ DE FORA";"Transitar na contramão";"Colisão frontal";"Com Vítimas Fatais";"Plena Noite";"Decrescente";"Céu Claro";"Simples";"Reta";"Não";4;1;0;1;1;1;1;3;-21,70761187;-43,48019205;"SPRF-MG";"DEL05-MG";"UOP01-DEL05-MG"
458844;2022-06-30;"quinta-feira";"18:00:00";"PR";369;34,9;"ANDIRA";"Ausência de reação do condutor";"Saída de leito carroçável";"Com Vítimas Feridas";"Anoitecer";"Crescente";"Céu Claro";"Simples";"Reta";"Não";2;0;0;1;0;1;1;2;-23,031421;-50,214936;"SPRF-PR";"DEL07-PR";"UOP01-DEL07-PR"
458847;2022-06-30;"quinta-feira";"13:27:00";"RJ";101;299;"ITABORAI";"Acessar a via sem observar a presença dos outros veículos";"Colisão lateral mesmo sentido";"Com Vítimas Fatais";"Pleno dia";"Crescente";"Céu Claro";"Simples";"Curva";"Sim";4;1;1;0;1;1;1;3;-22,77432673;-42,93823207;"SPRF-RJ";"DEL02-RJ";"UOP02-DEL02-RJ"
458860;2022-06-30;"quinta-feira";"19:45:00";"PR";277;599,5;"CASCAVEL";"Condutor deixou de manter distância do veículo da frente";"Saída de leito carroçável";"Com Vítimas Feridas";"Plena Noite";"Decrescente";"Céu Claro";"Dupla";"Reta";"Não";3;0;0;1;1;1;1;3;-25,01271087;-53,5364381;"SPRF-PR";"DEL04-PR";"UOP01-DEL04-PR"
458863;2022-06-30;"quinta-feira";"18:20:00";"GO";153;702,9;"ITUMBIARA";"Ausência de reação do condutor";"Colisão lateral mesmo sentido";"Com Vítimas Feridas";"Plena Noite";"Decrescente";"Céu Claro";"Dupla";"Curva";"Sim";3;0;1;0;1;2;1;4;-18,41176497;-49,19521093;"SPRF-GO";"DEL03-GO";"UOP02-DEL03-GO"
458865;2022-02-14;"segunda-feira";"11:50:00";"PR";277;688;"SAO MIGUEL DO IGUACU";"Acessar a via sem observar a presença dos outros veículos";"Colisão transversal";"Sem Vítimas";"Pleno dia";"Decrescente";"Céu Claro";"Dupla";"Reta";"Não";3;0;0;0;2;1;0;3;-25,34525482;-54,23408504;"SPRF-PR";"DEL05-PR";"UOP01-DEL05-PR"
458870;2022-06-12;"domingo";"15:10:00";"TO";226;40;"DARCINOPOLIS";"Ultrapassagem Indevida";"Saída de leito carroçável";"Com Vítimas Feridas";"Pleno dia";"Crescente";"Nublado";"Simples";"Reta";"Não";2;0;1;0;0;2;1;3;-6,713252;-47,757927;"SPRF-TO";"DEL02-TO";"UOP03-DEL02-TO"
458872;2022-06-30;"quinta-feira";"17:30:00";"MT";70;1,8;"BARRA DO GARCAS";"Demais falhas mecânicas ou elétricas";"Colisão com objeto";"Sem Vítimas";"Pleno dia";"Crescente";"Céu Claro";"Simples";"Reta";"Não";2;0;0;0;1;1;0;2;-15,89164596;-52,26202884;"SPRF-MT";"DEL07-MT";"UOP01-DEL07-MT"