"id";"data_inversa";"dia_semana";"horario";"uf";"br";"km";"municipio";"causa_acidente";"tipo_acidente";"classificacao_acidente";"fase_dia";"sentido_via";"condicao_metereologica";"tipo_pista";"tracado_via";"uso_solo";"pessoas";"mortos";"feridos_leves";"feridos_graves";"ilesos";"ignorados";"feridos";"veiculos";"latitude";"longitude";"regional";"delegacia";"uop"
459179;2022-07-02;"sábado";"08:30:00";"MT";163;573;"NOVA MUTUM";"Condutor deixou de manter distância do veículo da frente";"Colisão traseira";"Com Vítimas Feridas";"Pleno dia";"Decrescente";"Sol";"Simples";"Reta";"Não";3;0;0;1;1;3;1;5;-14,13823325;-56,10402945;"SPRF-MT";"DEL01-MT";"UOP01-DEL01-MT"
459180;2022-07-02;"sábado";"01:00:00";"MA";135;155;"MATOES DO NORTE";"Ausência de reação do condutor";"Saída de leito carroçável";"Sem Vítimas";"Plena Noite";"Decrescente";"Ignorado";"Simples";"Reta";"Não";1;0;0;0;1;0;0;1;-3,80516298;-44,51156804;"SPRF-MA";"DEL01-MA";"UOP02-DEL01-MA"
459184;2022-07-02;"sábado";"09:16:00";"SP";116;64,6;"GUARATINGUETA";"Avarias e/ou desgaste excessivo no pneu";"Colisão com objeto";"Com Vítimas Feridas";"Pleno dia";"Crescente";"Céu Claro";"Múltipla";"Reta";"Não";3;0;0;2;0;1;2;2;-22,81942006;-45,18421298;"SPRF-SP";"DEL08-SP";"UOP01-DEL08-SP"
459185;2022-07-02;"sábado";"05:50:00";"SC";470;239;"SAO CRISTOVAO DO SUL";"Transitar na contramão";"Colisão frontal";"Com Vítimas Feridas";"Plena Noite";"Crescente";"Céu Claro";"Simples";"Curva";"Não";2;0;1;1;0;0;2;2;-27,30665521;-50,47634125;"SPRF-SC";"DEL05-SC";"UOP03-DEL05-SC"
459189;2022-07-02;"sábado";"09:35:00";"MG";381;580,1;"CARMOPOLIS DE MINAS";"Manobra de mudança de faixa";"Colisão traseira";"Com Vítimas Feridas";"Pleno dia";"Crescente";"Céu Claro";"Dupla";"Curva;Aclive";"Não";5;0;1;0;3;2;1;5;-20,50796117;-44,61144676;"SPRF-MG";"DEL04-MG";"UOP01-DEL04-MG"
459196;2022-07-02;"sábado";"10:40:00";"SP";381;64;"MAIRIPORA";"Manobra de mudança de faixa";"Capotamento";"Com Vítimas Feridas";"Pleno dia";"Decrescente";"Céu Claro";"Múltipla";"Reta";"Não";3;0;1;0;0;2;1;3;-23,3089645;-46,57924651;"SPRF-SP";"DEL03-SP";"UOP01-DEL03-SP"
459203;2022-07-02;"sábado";"09:35:00";"PR";376;667,5;"GUARATUBA";"Demais falhas mecânicas ou elétricas";"Colisão com objeto";"Com Vítimas Feridas";"Pleno dia";"Crescente";"Sol";"Dupla";"Curva";"Não";2;0;1;0;0;1;1;2;-25,86649659;-48,94666822;"SPRF-PR";"DEL01-PR";"UOP04-DEL01-PR"
459206;2022-07-02;"sábado";"07:45:00";"PE";316;74,8;"OURICURI";"Ausência de reação do condutor";"Colisão traseira";"Com Vítimas Feridas";"Pleno dia";"Crescente";"Garoa/Chuvisco";"Simples";"Reta";"Não";3;0;0;1;1;1;1;3;-7,82841159;-40,15111969;"SPRF-PE";"DEL05-PE";"UOP02-DEL05-PE"
459208;2022-07-02;"sábado";"10:40:00";"MG";116;25;"DIVISA ALEGRE";"Curva acentuada";"Tombamento";"Com Vítimas Feridas";"Pleno dia";"Decrescente";"Nublado";"Simples";"Declive;Curva";"Não";1;0;1;0;0;0;1;1;-15,733544;-41,340903;"SPRF-BA";"DEL08-BA";"UOP03-DEL08-BA"
459211;2022-07-02;"sábado";"12:00:00";"RS";290;126;"ELDORADO DO SUL";"Demais falhas mecânicas ou elétricas";"Saída de leito carroçável";"Com Vítimas Feridas";"Pleno dia";"Decrescente";"Céu Claro";"Simples";"Reta";"Não";5;0;0;3;2;0;3;2;-30,055727;-51,46933;"SPRF-RS";"DEL02-RS";"UOP01-DEL02-RS"
459214;2022-07-02;"sábado";"13:09:00";"ES";262;38;"DOMINGOS MARTINS";"Condutor deixou de manter distância do veículo da frente";"Colisão traseira";"Com Vítimas Feridas";"Pleno dia";"Decrescente";"Céu Claro";"Simples";"Aclive";"Não";2;0;1;0;1;0;1;2;-20,38085315;-40,62068704;"SPRF-ES";"DEL01-ES";"UOP01-DEL01-ES"
459216;2022-07-02;"sábado";"13:20:00";"BA";135;170;"BARREIRAS";"Condutor deixou de manter distância do veículo da frente";"Colisão traseira";"Com Vítimas Feridas";"Pleno dia";"Crescente";"Céu Claro";"Dupla";"Reta";"Não";7;0;4;0;2;2;4;4;-12,0892869081;-44,9728772546;"SPRF-BA";"DEL10-BA";"UOP01-DEL10-BA"
459222;2022-06-15;"quarta-feira";"01:47:00";"PA";316;82,5;"SAO FRANCISCO DO PARA";"Manobra de mudança de faixa";"Colisão frontal";"Com Vítimas Feridas";"Plena Noite";"Decrescente";"Ignorado";"Simples";"Declive;Reta";"Não";2;0;0;1;1;0;1;2;-1,310041;-47,745113;"SPRF-PA";"DEL01-PA";"UOP02-DEL01-PA"
459223;2022-07-02;"sábado";"11:00:00";"PR";116;116;"CURITIBA";"Condutor deixou de manter distância do veículo da frente";"Colisão traseira";"Com Vítimas Feridas";"Pleno dia";"Crescente";"Céu Claro";"Dupla";"Declive;Reta";"Sim";2;0;1;0;0;1;1;2;-25,55468195;-49,27402397;"SPRF-PR";"DEL01-PR";"UOP06-DEL01-PR"
459228;2022-07-02;"sábado";"15:06:00";"ES";101;286;"CARIACICA";"Animais na Pista";"Atropelamento de Animal";"Com Vítimas Feridas";"Pleno dia";"Crescente";"Céu Claro";"Dupla";"Curva";"Não";2;0;1;0;1;0;1;2;-20,25902175;-40,37753412;"SPRF-ES";"DEL01-ES";"UOP01-DEL01-ES"
459229;2022-05-13;"sexta-feira";"04:30:00";"SC";101;188,3;"BIGUACU";"Reação tardia ou ineficiente do condutor";"Colisão traseira";"Com Vítimas Fatais";"Plena Noite";"Crescente";"Céu Claro";"Múltipla";"Reta";"Sim";4;1;0;1;1;1;1;3;-27,4537914;-48,6354027;"SPRF-SC";"DEL01-SC";"UOP01-DEL01-SC"
459230;2022-07-02;"sábado";"15:10:00";"ES";101;39,1;"CONCEICAO DA BARRA";"Ultrapassagem Indevida";"Colisão frontal";"Com Vítimas Feridas";"Pleno dia";"Crescente";"Sol";"Simples";"Reta";"Não";4;0;0;1;2;3;1;6;-18,49121094;-39,92115983;"SPRF-ES";"DEL04-ES";"UOP02-DEL04-ES"
459238;2022-07-02;"sábado";"15:20:00";"CE";116;141,1;"RUSSAS";"Ingestão de álcool e/ou substâncias psicoativas pelo pedestre";"Atropelamento de Pedestre";"Com Vítimas Fatais";"Pleno dia";"Crescente";"Sol";"Dupla";"Reta";"Sim";2;1;0;0;0;1;0;2;-4,75795993;-38,05953766;"SPRF-CE";"DEL03-CE";"UOP01-DEL03-CE"
459241;2022-07-02;"sábado";"10:08:00";"RJ";116;327;"RESENDE";"Velocidade Incompatível";"Derramamento de carga";"Sem Vítimas";"Pleno dia";"Decrescente";"Céu Claro";"Dupla";"Curva";"Não";2;0;0;0;1;1;0;2;-22,50162452;-44,58807495;"SPRF-RJ";"DEL07-RJ";"UOP02-DEL07-RJ"
459245;2022-07-02;"sábado";"13:00:00";"MT";70;659,2;"CACERES";"Reação tardia ou ineficiente do condutor";"Saída de leito carroçável";"Com Vítimas Feridas";"Pleno dia";"Decrescente";"Céu Claro";"Simples";"Reta";"Não";2;0;1;0;0;1;1;2;-15,98502215;-57,18910687;"SPRF-MT";"DEL03-MT";"UOP02-DEL03-MT"
459252;2022-07-02;"sábado";"13:20:00";"MT";163;576;"NOVA MUTUM";"Ultrapassagem Indevida";"Colisão lateral mesmo sentido";"Com Vítimas Feridas";"Pleno dia";"Decrescente";"Céu Claro";"Simples";"Curva";"Não";3;0;1;0;1;3;1;5;-14,11632394;-56,11857367;"SPRF-MT";"DEL01-MT";"UOP01-DEL01-MT"
459265;2022-07-02;"sábado";"18:15:00";"SC";101;197,2;"BIGUACU";"Manobra de mudança de faixa";"Colisão lateral mesmo sentido";"Sem Vítimas";"Plena Noite";"Crescente";"Céu Claro";"Múltipla";"Reta";"Sim";2;0;0;0;2;0;0;2;-27,51844497;-48,63848496;"SPRF-SC";"DEL01-SC";"UOP01-DEL01-SC"
459276;2022-07-02;"sábado";"18:00:00";"SP";116;131;"CACAPAVA";"Condutor deixou de manter distância do veículo da frente";"Engavetamento";"Com Vítimas Feridas";"Plena Noite";"Crescente";"Céu Claro";"Dupla";"Reta";"Sim";4;0;1;0;3;0;1;3;-23,12742083;-45,73636609;"SPRF-SP";"DEL02-SP";"UOP02-DEL02-SP"
459283;2022-07-02;"sábado";"11:00:00";"AL";101;11,8;"NOVO LINO";"Afundamento ou ondulação no pavimento";"Saída de leito carroçável";"Com Vítimas Feridas";"Pleno dia";"Crescente";"Chuva";"Dupla";"Reta";"Sim";2;0;1;1;0;0;2;1;-8,956187;-35,66989;"SPRF-AL";"DEL01-AL";"UOP02-DEL01-AL"
459286;2022-07-02;"sábado";"18:18:00";"ES";262;83,5;"DOMINGOS MARTINS";"Ultrapassagem Indevida";"Colisão lateral sentido oposto";"Sem Vítimas";"Plena Noite";"Decrescente";"Céu Claro";"Simples";"Curva";"Não";4;0;0;0;3;1;0;4;-20,40729391;-40,96691573;"SPRF-ES";"DEL01-ES";"UOP02-DEL01-ES"
459287;2022-07-02;"sábado";"18:30:00";"CE";116;372,3;"ICO";"Pedestre andava na pista";"Atropelamento de Pedestre";"Com Vítimas Feridas";"Plena Noite";"Decrescente";"Chuva";"Simples";"Reta";"Não";4;0;1;0;2;1;1;3;-6,38807;-38,82148;"SPRF-CE";"DEL05-CE";"UOP01-DEL05-CE"
459297;2022-07-02;"sábado";"18:40:00";"PA";316;71;"CASTANHAL";"Transitar na contramão";"Colisão frontal";"Com Vítimas Feridas";"Plena Noite";"Crescente";"Céu Claro";"Simples";"Reta";"Não";2;0;0;1;0;1;1;2;-1,29062917;-47,85733898;"SPRF-PA";"DEL01-PA";"UOP01-DEL01-PA"
459299;2022-07-02;"sábado";"20:15:00";"PA";163;987,3;"SANTAREM";"Ingestão de álcool pelo condutor";"Colisão lateral sentido oposto";"Com Vítimas Feridas";"Plena Noite";"Decrescente";"Ignorado";"Simples";"Reta";"Sim";3;0;0;1;2;0;1;3;-2,583771;-54,720398;"SPRF-PA";"DEL05-PA";"UOP01-DEL05-PA"
459300;2022-07-02;"sábado";"18:45:00";"SC";470;89,9;"ASCURRA";"Condutor deixou de manter distância do veículo da frente";"Colisão traseira";"Com Vítimas Feridas";"Plena Noite";"Decrescente";"Nevoeiro/Neblina";"Simples";"Reta";"Sim";3;0;1;0;2;0;1;3;-26,961573;-49,371918;"SPRF-SC";"DEL04-SC";"UOP01-DEL04-SC"
459303;2022-07-02;"sábado";"18:40:00";"PE";423;179,4;"AGUAS BELAS";"Pista esburacada";"Saída de leito carroçável";"Com Vítimas Feridas";"Plena Noite";"Decrescente";"Chuva";"Simples";"Reta";"Não";1;0;1;0;0;0;1;1;-9,13075762;-37,13273498;"SPRF-AL";"DEL03-AL";"UOP02-DEL03-AL"
459315;2022-07-02;"sábado";"17:45:00";"MT";364;242;"JUSCIMEIRA";"Mal súbito do condutor";"Saída de leito carroçável";"Com Vítimas Feridas";"Anoitecer";"Crescente";"Nublado";"Dupla";"Reta";"Sim";2;0;1;0;0;1;1;2;-16,16260605;-54,79546977;"SPRF-MT";"DEL02-MT";"UOP01-DEL02-MT"
459324;2022-07-02;"sábado";"18:35:00";"MT";158;562,2;"AGUA BOA";"Ingestão de álcool pelo condutor";"Colisão frontal";"Com Vítimas Feridas";"Plena Noite";"Decrescente";"Céu Claro";"Simples";"Reta";"Sim";4;0;0;2;1;2;2;4;-14,00781414;-52,15075582;"SPRF-MT";"DEL07-MT";"UOP02-DEL07-MT"
459329;2022-07-02;"sábado";"20:50:00";"RJ";101;163;"MACAE";"Condutor Dormindo";"Tombamento";"Com Vítimas Feridas";"Plena Noite";"Decrescente";"Céu Claro";"Simples";"Reta";"Não";2;0;1;0;0;1;1;2;-22,3087192;-41,88995282;"SPRF-RJ";"DEL08-RJ";"UOP04-DEL08-RJ"
459335;2022-07-02;"sábado";"22:20:00";"RS";290;213,4;"PANTANO GRANDE";"Reação tardia ou ineficiente do condutor";"Tombamento";"Com Vítimas Feridas";"Plena Noite";"Decrescente";"Céu Claro";"Simples";"Rotatória";"Sim";3;0;1;0;1;2;1;3;-30,18694276;-52,35798597;"SPRF-RS";"DEL02-RS";"UOP03-DEL02-RS"
459339;2022-07-02;"sábado";"16:30:00";"BA";116;157;"CANUDOS";"Ausência de reação do condutor";"Saída de leito carroçável";"Com Vítimas Fatais";"Pleno dia";"Crescente";"Céu Claro";"Simples";"Reta";"Não";1;1;0;0;0;0;0;1;-9,983099;-39,16209394;"SPRF-BA";"DEL07-BA";"UOP02-DEL07-BA"
459341;2022-07-02;"sábado";"19:30:00";"MG";116;90;"MEDINA";"Ausência de reação do condutor";"Saída de leito carroçável";"Sem Vítimas";"Plena Noite";"Crescente";"Céu Claro";"Simples";"Reta";"Não";2;0;0;0;1;1;0;2;-16,35068484;-41,47414989;"SPRF-MG";"DEL11-MG";"UOP02-DEL11-MG"
459369;2022-07-03;"domingo";"04:45:00";"SP";116;221;"GUARULHOS";"Acessar a via sem observar a presença dos outros veículos";"Colisão traseira";"Com Vítimas Feridas";"Amanhecer";"Decrescente";"Céu Claro";"Múltipla";"Reta";"Sim";3;0;1;0;1;1;1;3;-23,46802395;-46,50704901;"SPRF-SP";"DEL01-SP";"UOP01-DEL01-SP"
459384;2022-07-03;"domingo";"04:00:00";"SC";153;65,5;"IRANI";"Ingestão de álcool pelo condutor";"Colisão transversal";"Com Vítimas Feridas";"Plena Noite";"Crescente";"Céu Claro";"Simples";"Curva";"Sim";3;0;1;0;1;1;1;3;-27,011721;-51,876862;"SPRF-SC";"DEL07-SC";"UOP04-DEL07-SC"
459386;2022-07-03;"domingo";"05:30:00";"MS";163;632;"SAO GABRIEL DO OESTE";"Ausência de reação do condutor";"Colisão traseira";"Sem Vítimas";"Amanhecer";"Decrescente";"Céu Claro";"Dupla";"Reta";"Não";4;0;0;0;2;2;0;3;-19,27210877;-54,65489664;"SPRF-MS";"DEL06-MS";"UOP02-DEL06-MS"
459388;2022-07-03;"domingo";"06:30:00";"SP";153;171,5;"GUAICARA";"Transitar na contramão";"Colisão lateral sentido oposto";"Sem Vítimas";"Anoitecer";"Decrescente";"Céu Claro";"Simples";"Reta";"Não";3;0;0;0;3;0;0;2;-21,60538777;-49,7853291;"SPRF-SP";"DEL07-SP";"UOP01-DEL07-SP"
459395;2022-07-03;"domingo";"01:02:00";"MA";316;389,5;"BACABAL";"Velocidade Incompatível";"Capotamento";"Com Vítimas Fatais";"Plena Noite";"Decrescente";"Nublado";"Simples";"Reta";"Não";2;1;1;0;0;0;1;1;-4,178624;-44,547394;"SPRF-MA";"DEL03-MA";"UOP01-DEL03-MA"
459407;2022-07-03;"domingo";"08:33:00";"SP";116;359,2;"MIRACATU";"Velocidade Incompatível";"Tombamento";"Com Vítimas Feridas";"Pleno dia";"Decrescente";"Céu Claro";"Dupla";"Curva";"Não";2;0;1;0;0;12;1;13;-24,10954592;-47,26914883;"SPRF-SP";"DEL04-SP";"UOP02-DEL04-SP"
459408;2022-07-03;"domingo";"08:40:00";"PE";116;33,5;"SALGUEIRO";"Condutor deixou de manter distância do veículo da frente";"Colisão traseira";"Com Vítimas Feridas";"Pleno dia";"Decrescente";"Céu Claro";"Simples";"Reta";"Não";2;0;0;1;0;1;1;2;-8,127007;-39,115208;"SPRF-PE";"DEL05-PE";"UOP01-DEL05-PE"
459414;2022-07-03;"domingo";"08:20:00";"BA";116;385;"SANTA BARBARA";"Acostamento em desnível";"Tombamento";"Com Vítimas Feridas";"Pleno dia";"Crescente";"Céu Claro";"Simples";"Declive;Reta";"Não";3;0;1;2;0;0;3;1;-11,89449495;-38,98149841;"SPRF-BA";"DEL02-BA";"UOP01-DEL02-BA"
459420;2022-07-03;"domingo";"09:20:00";"GO";60;6,6;"SANTO ANTONIO DO DESCOBERTO";"Velocidade Incompatível";"Tombamento";"Com Vítimas Feridas";"Pleno dia";"Decrescente";"Céu Claro";"Dupla";"Curva";"Não";2;0;1;0;0;2;1;3;-16,102214;-48,288064;"SPRF-DF";"DEL03-DF";"UOP01-DEL03-DF"
459423;2022-05-05;"quinta-feira";"21:40:00";"MG";40;111;"LAGOA GRANDE";"Ausência de reação do condutor";"Colisão traseira";"Com Vítimas Feridas";"Plena Noite";"Crescente";"Céu Claro";"Simples";"Reta";"Não";5;0;1;0;3;1;1;4;-17,63829797;-46,44542399;"SPRF-MG";"DEL14-MG";"UOP01-DEL14-MG"
459431;2022-07-03;"domingo";"08:35:00";"RO";364;196;"PIMENTA BUENO";"Acessar a via sem observar a presença dos outros veículos";"Colisão lateral mesmo sentido";"Com Vítimas Feridas";"Pleno dia";"Crescente";"Céu Claro";"Dupla";"Reta";"Sim";3;0;1;0;1;3;1;5;-11,686567;-61,183345;"SPRF-RO";"DEL02-RO";"UOP02-DEL02-RO"
459432;2022-07-03;"domingo";"10:10:00";"MG";381;441;"SABARA";"Transitar na contramão";"Colisão lateral sentido oposto";"Com Vítimas Feridas";"Pleno dia";"Decrescente";"Céu Claro";"Simples";"Curva";"Não";3;0;0;1;1;1;1;3;-19,81604176;-43,80389901;"SPRF-MG";"DEL01-MG";"UOP01-DEL01-MG"
459438;2022-07-03;"domingo";"12:15:00";"PR";376;315;"MAUA DA SERRA";"Velocidade Incompatível";"Tombamento";"Com Vítimas Feridas";"Pleno dia";"Crescente";"Céu Claro";"Dupla";"Curva";"Não";3;0;1;0;1;2;1;4;-23,985801;-51,083735;"SPRF-PR";"DEL07-PR";"UOP02-DEL07-PR"
459443;2022-07-03;"domingo";"13:30:00";"BA";242;595;"MUQUEM DE SAO FRANCISCO";"Acessar a via sem observar a presença dos outros veículos";"Colisão transversal";"Sem Vítimas";"Pleno dia";"Decrescente";"Céu Claro";"Simples";"Reta";"Não";4;0;0;0;4;0;0;2;-12,13152309;-43,33842798;"SPRF-BA";"DEL10-BA";"UOP02-DEL10-BA"
459445;2022-07-03;"domingo";"09:15:00";"MS";163;743;"COXIM";"Curva acentuada";"Tombamento";"Sem Vítimas";"Pleno dia";"Crescente";"Céu Claro";"Simples";"Curva";"Não";2;0;0;0;1;3;0;4;-18,40730994;-54,67814203;"SPRF-MS";"DEL06-MS";"UOP01-DEL06-MS"
459451;2022-07-03;"domingo";"08:12:00";"MT";158;648;"NOVA XAVANTINA";"Ultrapassagem Indevida";"Colisão lateral sentido oposto";"Com Vítimas Feridas";"Pleno dia";"Decrescente";"Céu Claro";"Simples";"Reta";"Não";3;0;1;0;1;2;1;4;-14,63331996;-52,3560216;"SPRF-MT";"DEL07-MT";"UOP02-DEL07-MT"
459454;2022-07-03;"domingo";"15:10:00";"MG";381;783,4;"CAMPANHA";"Ausência de reação do condutor";"Colisão lateral mesmo sentido";"Com Vítimas Feridas";"Pleno dia";"Crescente";"Céu Claro";"Dupla";"Curva";"Não";3;0;0;1;1;1;1;3;-21,86536321;-45,53455982;"SPRF-MG";"DEL16-MG";"UOP02-DEL16-MG"
459458;2022-07-03;"domingo";"15:00:00";"PR";116;43;"CAMPINA GRANDE DO SUL";"Velocidade Incompatível";"Saída de leito carroçável";"Sem Vítimas";"Pleno dia";"Decrescente";"Sol";"Dupla";"Curva";"Não";1;0;0;0;1;0;0;1;-25,18476762;-48,88431072;"SPRF-PR";"DEL01-PR";"UOP02-DEL01-PR"
459460;2022-07-03;"domingo";"11:00:00";"MG";381;432,8;"SABARA";"Transitar na contramão";"Colisão frontal";"Com Vítimas Feridas";"Pleno dia";"Decrescente";"Céu Claro";"Simples";"Curva";"Não";2;0;1;0;1;0;1;2;-19,78750571;-43,73981096;"SPRF-MG";"DEL01-MG";"UOP01-DEL01-MG"
459461;2022-07-03;"domingo";"15:55:00";"MG";50;44,9;"ARAGUARI";"Velocidade Incompatível";"Colisão traseira";"Com Vítimas Fatais";"Pleno dia";"Crescente";"Céu Claro";"Dupla";"Reta";"Não";13;1;8;1;2;1;9;9;-18,712437;-48,196482;"SPRF-MG";"DEL15-MG";"UOP02-DEL15-MG"
459466;2022-07-03;"domingo";"15:40:00";"ES";101;332;"GUARAPARI";"Manobra de mudança de faixa";"Colisão lateral mesmo sentido";"Com Vítimas Feridas";"Pleno dia";"Decrescente";"Céu Claro";"Dupla";"Reta";"Não";4;0;1;0;2;1;1;3;-20,60724162;-40,50889326;"SPRF-ES";"DEL03-ES";"UOP01-DEL03-ES"
459471;2022-07-03;"domingo";"04:00:00";"BA";116;665;"JEQUIE";"Ausência de reação do condutor";"Tombamento";"Sem Vítimas";"Amanhecer";"Decrescente";"Céu Claro";"Simples";"Curva";"Não";3;0;0;0;2;1;0;2;-13,74137797;-40,09878382;"SPRF-BA";"DEL03-BA";"UOP01-DEL03-BA"
459473;2022-07-03;"domingo";"17:15:00";"BA";116;777;"PLANALTO";"Transitar no acostamento";"Colisão traseira";"Com Vítimas Fatais";"Anoitecer";"Decrescente";"Céu Claro";"Simples";"Reta";"Não";2;1;0;0;1;0;0;2;-14,607391;-40,44086601;"SPRF-BA";"DEL08-BA";"UOP02-DEL08-BA"
459477;2022-07-03;"domingo";"18:20:00";"PB";101;85,9;"BAYEUX";"Acesso irregular";"Colisão lateral mesmo sentido";"Com Vítimas Feridas";"Plena Noite";"Crescente";"Chuva";"Múltipla";"Reta";"Não";2;0;1;0;0;1;1;2;-7,14538184;-34,91662887;"SPRF-PB";"DEL01-PB";"UOP01-DEL01-PB"
459487;2022-07-03;"domingo";"09:00:00";"RN";304;249;"SANTA MARIA";"Acessar a via sem observar a presença dos outros veículos";"Colisão transversal";"Com Vítimas Fatais";"Pleno dia";"Decrescente";"Chuva";"Simples";"Reta";"Não";5;1;3;0;1;0;3;2;-5,82888181;-35,76257697;"SPRF-RN";"DEL01-RN";"UOP02-DEL01-RN"
459498;2022-07-03;"domingo";"14:00:00";"MT";364;1243;"COMODORO";"Ultrapassagem Indevida";"Saída de leito carroçável";"Com Vítimas Fatais";"Pleno dia";"Decrescente";"Céu Claro";"Simples";"Reta";"Não";3;1;0;0;0;2;0;3;-13,75362349;-59,68768543;"SPRF-MT";"DEL04-MT";"UOP01-DEL04-MT"
459500;2022-07-03;"domingo";"19:25:00";"GO";60;344;"SANTO ANTONIO DA BARRA";"Ultrapassagem Indevida";"Colisão lateral mesmo sentido";"Sem Vítimas";"Plena Noite";"Crescente";"Céu Claro";"Dupla";"Reta";"Sim";3;0;0;0;2;1;0;3;-17,5628;-50,6402;"SPRF-GO";"DEL04-GO";"UOP01-DEL04-GO"
459502;2022-07-03;"domingo";"19:25:00";"MG";40;506,3;"RIBEIRAO DAS NEVES";"Manobra de mudança de faixa";"Colisão lateral mesmo sentido";"Com Vítimas Feridas";"Plena Noite";"Crescente";"Céu Claro";"Dupla";"Curva";"Sim";4;0;2;0;1;1;2;3;-19,74716686;-44,14731173;"SPRF-MG";"DEL02-MG";"UOP01-DEL02-MG"
459506;2022-07-03;"domingo";"15:30:00";"MG";50;45,4;"ARAGUARI";"Problema com o freio";"Incêndio";"Sem Vítimas";"Pleno dia";"Decrescente";"Céu Claro";"Dupla";"Reta;Aclive";"Não";2;0;0;0;1;3;0;4;-18,71289097;-48,19662304;"SPRF-MG";"DEL15-MG";"UOP02-DEL15-MG"
459512;2022-07-03;"domingo";"18:05:00";"BA";101;270;"SANTO ANTONIO DE JESUS";"Ingestão de álcool pelo condutor";"Colisão traseira";"Com Vítimas Feridas";"Plena Noite";"Decrescente";"Chuva";"Simples";"Reta";"Não";2;0;0;1;1;0;1;2;-13,023458;-39,290833;"SPRF-BA";"DEL01-BA";"UOP02-DEL01-BA"
459517;2022-07-03;"domingo";"20:00:00";"MG";40;764,2;"JUIZ DE FORA";"Avarias e/ou desgaste excessivo no pneu";"Tombamento";"Com Vítimas Feridas";"Plena Noite";"Decrescente";"Nublado";"Simples";"Reta";"Não";2;0;1;0;0;1;1;2;-21,5606587;-43,49865196;"SPRF-MG";"DEL05-MG";"UOP01-DEL05-MG"
459519;2022-07-03;"domingo";"18:15:00";"PE";316;81;"OURICURI";"Acessar a via sem observar a presença dos outros veículos";"Colisão lateral mesmo sentido";"Com Vítimas Feridas";"Plena Noite";"Crescente";"Céu Claro";"Simples";"Reta";"Sim";3;0;2;0;1;0;2;2;-7,86751496;-40,10182598;"SPRF-PE";"DEL05-PE";"UOP02-DEL05-PE"
459522;2022-07-03;"domingo";"20:00:00";"MG";153;22,5;"CENTRALINA";"Demais falhas mecânicas ou elétricas";"Saída de leito carroçável";"Com Vítimas Feridas";"Plena Noite";"Decrescente";"Céu Claro";"Dupla";"Reta;Declive";"Não";3;0;2;0;1;0;2;2;-18,61511099;-49,19148491;"SPRF-MG";"DEL15-MG";"UOP03-DEL15-MG"
459527;2022-07-03;"domingo";"12:00:00";"BA";242;369;"PALMEIRAS";"Ultrapassagem Indevida";"Tombamento";"Com Vítimas Feridas";"Pleno dia";"Crescente";"Céu Claro";"Simples";"Reta";"Não";3;0;1;0;1;4;1;6;-12,43834712;-41,50300952;"SPRF-BA";"DEL06-BA";"UOP01-DEL06-BA"
459528;2022-07-03;"domingo";"19:45:00";"MS";262;593,1;"MIRANDA";"Pedestre andava na pista";"Atropelamento de Pedestre";"Com Vítimas Fatais";"Plena Noite";"Crescente";"Céu Claro";"Simples";"Reta";"Sim";5;1;0;0;1;3;0;3;-20,13657806;-56,63611302;"SPRF-MS";"DEL03-MS";"UOP02-DEL03-MS"
459531;2022-07-03;"domingo";"20:00:00";"BA";101;739;"ITABELA";"Demais falhas mecânicas ou elétricas";"Saída de leito carroçável";"Sem Vítimas";"Plena Noite";"Decrescente";"Nublado";"Simples";"Curva";"Não";1;0;0;0;1;0;0;1;-16,52563224;-39,56829071;"SPRF-BA";"DEL09-BA";"UOP01-DEL09-BA"
459553;2022-07-03;"domingo";"21:50:00";"BA";324;581;"CANDEIAS";"Condutor Dormindo";"Colisão traseira";"Sem Vítimas";"Plena Noite";"Crescente";"Nublado";"Dupla";"Reta";"Não";3;0;0;0;2;3;0;5;-12,60312907;-38,50096504;"SPRF-BA";"DEL01-BA";"UOP01-DEL01-BA"
459560;2022-07-03;"domingo";"21:10:00";"MT";70;523;"VARZEA GRANDE";"Ingestão de álcool pelo condutor";"Colisão traseira";"Sem Vítimas";"Plena Noite";"Decrescente";"Céu Claro";"Simples";"Reta";"Sim";3;0;0;0;2;3;0;5;-15,65617033;-56,19005799;"SPRF-MT";"DEL01-MT";"UOP02-DEL01-MT"
459569;2022-07-04;"segunda-feira";"00:10:00";"PR";277;473,1;"NOVA LARANJEIRAS";"Pedestre andava na pista";"Atropelamento de Pedestre";"Com Vítimas Feridas";"Plena Noite";"Crescente";"Céu Claro";"Simples";"Curva";"Não";2;0;0;1;0;1;1;2;-25,30197588;-52,55876541;"SPRF-PR";"DEL04-PR";"UOP02-DEL04-PR"
459579;2022-07-04;"segunda-feira";"00:15:00";"GO";50;235,9;"CATALAO";"Condutor Dormindo";"Capotamento";"Com Vítimas Feridas";"Plena Noite";"Crescente";"Céu Claro";"Dupla";"Declive;Curva";"Não";1;0;0;1;0;0;1;1;-17,8451;-47,7721;"SPRF-GO";"DEL06-GO";"UOP01-DEL06-GO"
459580;2022-07-04;"segunda-feira";"01:10:00";"MT";364;270;"JACIARA";"Entrada inopinada do pedestre";"Atropelamento de Pedestre";"Com Vítimas Feridas";"Plena Noite";"Crescente";"Céu Claro";"Dupla";"Reta";"Sim";3;0;0;1;0;2;1;2;-15,9689785;-54,94463002;"SPRF-MT";"DEL02-MT";"UOP01-DEL02-MT"