"id";"data_inversa";"dia_semana";"horario";"uf";"br";"km";"municipio";"causa_acidente";"tipo_acidente";"classificacao_acidente";"fase_dia";"sentido_via";"condicao_metereologica";"tipo_pista";"tracado_via";"uso_solo";"pessoas";"mortos";"feridos_leves";"feridos_graves";"ilesos";"ignorados";"feridos";"veiculos";"latitude";"longitude";"regional";"delegacia";"uop"
459581;2022-07-04;"segunda-feira";"01:50:00";"SC";470;267,5;"CURITIBANOS";"Transitar na contramão";"Colisão lateral sentido oposto";"Sem Vítimas";"Plena Noite";"Decrescente";"Nublado";"Simples";"Curva";"Não";4;0;0;0;3;1;0;4;-27,311771;-50,748844;"SPRF-SC";"DEL05-SC";"UOP03-DEL05-SC"
459586;2022-07-04;"segunda-feira";"00:25:00";"SP";116;228;"GUARULHOS";"Velocidade Incompatível";"Colisão traseira";"Com Vítimas Feridas";"Plena Noite";"Crescente";"Nublado";"Múltipla";"Reta";"Sim";6;0;1;1;1;3;2;4;-23,50163733;-46,56467568;"SPRF-SP";"DEL01-SP";"UOP01-DEL01-SP"
459590;2022-07-04;"segunda-feira";"04:15:00";"MG";381;652,3;"SANTO ANTONIO DO AMPARO";"Velocidade Incompatível";"Colisão com objeto";"Com Vítimas Feridas";"Plena Noite";"Crescente";"Céu Claro";"Dupla";"Declive;Curva";"Não";2;0;0;1;0;1;1;2;-20,98384831;-44,94479972;"SPRF-MG";"DEL04-MG";"UOP02-DEL04-MG"
459591;2022-07-04;"segunda-feira";"04:05:00";"CE";304;53,9;"ARACATI";"Reação tardia ou ineficiente do condutor";"Colisão com objeto";"Sem Vítimas";"Plena Noite";"Crescente";"Nublado";"Simples";"Reta";"Não";1;0;0;0;1;0;0;1;-4,57374933;-37,69365484;"SPRF-CE";"DEL03-CE";"UOP03-DEL03-CE"
459593;2022-07-04;"segunda-feira";"03:40:00";"SP";381;6;"VARGEM";"Reação tardia ou ineficiente do condutor";"Colisão com objeto";"Com Vítimas Feridas";"Plena Noite";"Crescente";"Céu Claro";"Dupla";"Reta";"Não";4;0;3;0;0;1;3;2;-22,903959;-46,421709;"SPRF-SP";"DEL03-SP";"UOP01-DEL03-SP"
459604;2022-07-04;"segunda-feira";"06:20:00";"ES";101;147;"LINHARES";"Acessar a via sem observar a presença dos outros veículos";"Colisão transversal";"Com Vítimas Feridas";"Pleno dia";"Crescente";"Céu Claro";"Dupla";"Reta";"Sim";3;0;1;0;1;1;1;3;-19,37968366;-40,06637877;"SPRF-ES";"DEL04-ES";"UOP01-DEL04-ES"
459605;2022-07-04;"segunda-feira";"01:00:00";"MG";262;764,6;"SACRAMENTO";"Ingestão de álcool pelo condutor";"Tombamento";"Sem Vítimas";"Amanhecer";"Decrescente";"Céu Claro";"Simples";"Reta";"Não";1;0;0;0;1;0;0;1;-19,664172;-47,592887;"SPRF-MG";"DEL13-MG";"UOP01-DEL13-MG"
459609;2022-07-04;"segunda-feira";"06:20:00";"RS";386;112,1;"SARANDI";"Transitar na contramão";"Colisão frontal";"Com Vítimas Fatais";"Plena Noite";"Decrescente";"Céu Claro";"Simples";"Curva";"Não";8;7;1;0;0;0;1;2;-27,81149356;-53,04971695;"SPRF-RS";"DEL08-RS";"UOP01-DEL08-RS"
459619;2022-07-04;"segunda-feira";"06:35:00";"MG";381;906,8;"CAMBUI";"Velocidade Incompatível";"Colisão traseira";"Com Vítimas Fatais";"Amanhecer";"Decrescente";"Céu Claro";"Dupla";"Declive";"Sim";4;1;0;0;2;1;0;3;-22,70254777;-46,11752735;"SPRF-MG";"DEL16-MG";"UOP03-DEL16-MG"
459627;2022-07-04;"segunda-feira";"05:00:00";"MT";364;441;"VARZEA GRANDE";"Transitar na contramão";"Colisão frontal";"Com Vítimas Fatais";"Plena Noite";"Crescente";"Céu Claro";"Simples";"Reta";"Não";3;1;0;0;1;2;0;4;-15,601886;-56,205046;"SPRF-MT";"DEL01-MT";"UOP02-DEL01-MT"
459628;2022-07-04;"segunda-feira";"07:20:00";"PR";476;350,5;"PAULA FREITAS";"Transitar na contramão";"Colisão frontal";"Com Vítimas Feridas";"Pleno dia";"Crescente";"Nevoeiro/Neblina";"Simples";"Aclive";"Não";2;0;1;0;1;0;1;2;-26,190107;-50,976234;"SPRF-PR";"DEL02-PR";"UOP03-DEL02-PR"
459642;2022-07-04;"segunda-feira";"08:50:00";"SP";116;437,4;"REGISTRO";"Ausência de reação do condutor";"Colisão com objeto";"Com Vítimas Feridas";"Pleno dia";"Decrescente";"Céu Claro";"Dupla";"Reta";"Não";3;0;1;0;1;1;1;3;-24,44201718;-47,79888683;"SPRF-SP";"DEL05-SP";"UOP01-DEL05-SP"
459647;2022-07-04;"segunda-feira";"09:25:00";"RS";116;447;"CRISTAL";"Acesso irregular";"Colisão lateral mesmo sentido";"Com Vítimas Feridas";"Pleno dia";"Decrescente";"Chuva";"Dupla";"Curva";"Não";3;0;2;0;0;1;2;2;-31,16835709;-52,02887634;"SPRF-RS";"DEL02-RS";"UOP02-DEL02-RS"
459649;2022-07-04;"segunda-feira";"09:30:00";"PR";376;488,7;"PONTA GROSSA";"Acessar a via sem observar a presença dos outros veículos";"Colisão transversal";"Com Vítimas Feridas";"Pleno dia";"Crescente";"Sol";"Dupla";"Curva;Aclive";"Sim";4;0;1;0;2;2;1;4;-25,08979362;-50,19598067;"SPRF-PR";"DEL03-PR";"UOP01-DEL03-PR"
459650;2022-07-04;"segunda-feira";"10:00:00";"GO";153;554,3;"PIRACANJUBA";"Acessar a via sem observar a presença dos outros veículos";"Saída de leito carroçável";"Com Vítimas Feridas";"Pleno dia";"Decrescente";"Céu Claro";"Dupla";"Curva";"Não";4;0;0;1;3;0;1;1;-17,1765;-49,2104;"SPRF-GO";"DEL03-GO";"UOP01-DEL03-GO"
459651;2022-07-03;"domingo";"06:10:00";"BA";242;189;"ITABERABA";"Condutor Dormindo";"Colisão frontal";"Com Vítimas Feridas";"Pleno dia";"Crescente";"Céu Claro";"Simples";"Reta";"Não";6;0;3;1;1;2;4;4;-12,51960566;-39,94814306;"SPRF-BA";"DEL06-BA";"UOP02-DEL06-BA"
459655;2022-07-04;"segunda-feira";"11:00:00";"PR";376;445;"TIBAGI";"Reação tardia ou ineficiente do condutor";"Tombamento";"Com Vítimas Feridas";"Pleno dia";"Decrescente";"Céu Claro";"Dupla";"Curva";"Não";2;0;1;0;0;1;1;2;-24,89647103;-50,42823003;"SPRF-PR";"DEL03-PR";"UOP02-DEL03-PR"
459662;2022-06-18;"sábado";"09:50:00";"RS";116;524;"PELOTAS";"Acessar a via sem observar a presença dos outros veículos";"Colisão lateral mesmo sentido";"Com Vítimas Feridas";"Pleno dia";"Decrescente";"Céu Claro";"Múltipla";"Reta";"Sim";3;0;1;0;1;2;1;4;-31,72863738;-52,38746675;"SPRF-RS";"DEL07-RS";"UOP01-DEL07-RS"
459667;2022-02-17;"quinta-feira";"09:10:00";"MG";267;124,6;"JUIZ DE FORA";"Velocidade Incompatível";"Tombamento";"Com Vítimas Feridas";"Pleno dia";"Decrescente";"Céu Claro";"Simples";"Curva";"Não";2;0;1;0;0;1;1;2;-21,70786623;-43,51812169;"SPRF-MG";"DEL05-MG";"UOP01-DEL05-MG"
459669;2022-07-04;"segunda-feira";"10:40:00";"BA";116;543;"MILAGRES";"Acessar a via sem observar a presença dos outros veículos";"Colisão transversal";"Com Vítimas Feridas";"Pleno dia";"Decrescente";"Céu Claro";"Simples";"Interseção de Vias";"Não";6;0;2;2;1;1;4;3;-12,84639;-39,84104;"SPRF-BA";"DEL03-BA";"UOP02-DEL03-BA"
459670;2022-07-04;"segunda-feira";"13:15:00";"SE";101;197;"CRISTINAPOLIS";"Ultrapassagem Indevida";"Colisão frontal";"Sem Vítimas";"Pleno dia";"Crescente";"Céu Claro";"Simples";"Reta";"Sim";3;0;0;0;2;2;0;4;-11,46981308;-37,74693679;"SPRF-SE";"DEL02-SE";"UOP03-DEL02-SE"
459671;2022-07-04;"segunda-feira";"12:50:00";"SC";470;140;"RIO DO SUL";"Conversão proibida";"Colisão transversal";"Com Vítimas Feridas";"Pleno dia";"Crescente";"Sol";"Simples";"Reta";"Sim";5;0;2;0;2;1;2;3;-27,2049842;-49,640522;"SPRF-SC";"DEL04-SC";"UOP02-DEL04-SC"
459677;2022-07-04;"segunda-feira";"11:15:00";"MG";381;712,8;"CARMO DA CACHOEIRA";"Carga excessiva e/ou mal acondicionada";"Derramamento de carga";"Sem Vítimas";"Pleno dia";"Crescente";"Sol";"Dupla";"Curva";"Não";2;0;0;0;1;1;0;2;-21,39692643;-45,20681689;"SPRF-MG";"DEL04-MG";"UOP02-DEL04-MG"
459680;2022-06-18;"sábado";"18:18:00";"MS";262;237,5;"RIBAS DO RIO PARDO";"Ausência de reação do condutor";"Colisão lateral mesmo sentido";"Com Vítimas Feridas";"Plena Noite";"Crescente";"Céu Claro";"Simples";"Reta";"Não";4;0;1;0;2;2;1;5;-20,455588;-53,740773;"SPRF-MS";"DEL01-MS";"UOP01-DEL01-MS"
459682;2022-07-04;"segunda-feira";"14:25:00";"PR";376;348,9;"ORTIGUEIRA";"Condutor deixou de manter distância do veículo da frente";"Colisão traseira";"Com Vítimas Feridas";"Pleno dia";"Decrescente";"Céu Claro";"Simples";"Aclive;Reta";"Não";3;0;1;0;1;5;1;7;-24,19821635;-50,95173664;"SPRF-PR";"DEL07-PR";"UOP02-DEL07-PR"
459686;2022-07-04;"segunda-feira";"14:50:00";"MG";381;451;"SABARA";"Mal súbito do condutor";"Colisão frontal";"Com Vítimas Feridas";"Pleno dia";"Crescente";"Sol";"Simples";"Em Obras;Desvio Temporário;Curva";"Sim";3;0;1;0;1;1;1;3;-19,83442768;-43,85005116;"SPRF-MG";"DEL01-MG";"UOP01-DEL01-MG"
459689;2022-07-04;"segunda-feira";"14:15:00";"PR";376;596;"CURITIBA";"Condutor deixou de manter distância do veículo da frente";"Engavetamento";"Com Vítimas Feridas";"Pleno dia";"Crescente";"Sol";"Dupla";"Reta";"Sim";5;0;1;0;3;2;1;5;-25,50194708;-49,3415524;"SPRF-PR";"DEL01-PR";"UOP06-DEL01-PR"
459693;2022-07-04;"segunda-feira";"09:30:00";"MG";251;244,2;"SANTA CRUZ DE SALINAS";"Transitar na contramão";"Colisão lateral sentido oposto";"Com Vítimas Feridas";"Pleno dia";"Decrescente";"Nublado";"Simples";"Curva;Declive";"Não";4;0;1;0;1;2;1;4;-16,010169;-41,793324;"SPRF-MG";"DEL11-MG";"UOP02-DEL11-MG"
459696;2022-07-04;"segunda-feira";"16:15:00";"MA";135;6,7;"SAO LUIS";"Reação tardia ou ineficiente do condutor";"Colisão traseira";"Sem Vítimas";"Pleno dia";"Crescente";"Céu Claro";"Dupla";"Reta";"Sim";3;0;0;0;2;1;0;2;-2,62877986;-44,26321818;"SPRF-MA";"DEL01-MA";"UOP01-DEL01-MA"
459700;2022-07-04;"segunda-feira";"15:50:00";"SP";381;90;"GUARULHOS";"Ausência de reação do condutor";"Colisão lateral mesmo sentido";"Com Vítimas Fatais";"Pleno dia";"Decrescente";"Céu Claro";"Dupla";"Reta";"Não";2;1;0;0;1;0;0;2;-23,49479479;-46,55959864;"SPRF-SP";"DEL03-SP";"UOP01-DEL03-SP"
459711;2022-07-04;"segunda-feira";"15:45:00";"MG";381;854;"POUSO ALEGRE";"Ultrapassagem Indevida";"Colisão lateral mesmo sentido";"Com Vítimas Fatais";"Pleno dia";"Decrescente";"Céu Claro";"Simples";"Curva";"Não";5;1;0;0;1;3;0;4;-22,3341773;-45,92156967;"SPRF-MG";"DEL16-MG";"UOP01-DEL16-MG"
459714;2022-07-04;"segunda-feira";"17:30:00";"PR";277;470,2;"NOVA LARANJEIRAS";"Transitar na contramão";"Colisão transversal";"Com Vítimas Feridas";"Pleno dia";"Decrescente";"Céu Claro";"Simples";"Interseção de Vias";"Sim";4;0;2;0;2;0;2;2;-25,33085003;-52,50834713;"SPRF-PR";"DEL04-PR";"UOP02-DEL04-PR"
459715;2022-07-04;"segunda-feira";"17:55:00";"RS";386;346,2;"LAJEADO";"Acessar a via sem observar a presença dos outros veículos";"Colisão traseira";"Com Vítimas Feridas";"Plena Noite";"Decrescente";"Céu Claro";"Dupla";"Reta";"Sim";4;0;1;0;0;3;1;3;-29,44804371;-51,97254181;"SPRF-RS";"DEL04-RS";"UOP01-DEL04-RS"
459716;2022-07-04;"segunda-feira";"08:00:00";"RS";290;104;"ELDORADO DO SUL";"Condutor Dormindo";"Saída de leito carroçável";"Com Vítimas Feridas";"Pleno dia";"Decrescente";"Nublado";"Dupla";"Reta";"Sim";1;0;1;0;0;0;1;1;-29,993122;-51,275398;"SPRF-RS";"DEL02-RS";"UOP01-DEL02-RS"
459717;2022-07-04;"segunda-feira";"17:00:00";"BA";20;18;"CORRENTINA";"Transitar na contramão";"Colisão lateral sentido oposto";"Com Vítimas Feridas";"Anoitecer";"Crescente";"Céu Claro";"Simples";"Reta";"Não";2;0;1;1;0;0;2;2;-13,796704;-46,16389;"SPRF-BA";"DEL10-BA";"UOP01-DEL10-BA"
459718;2022-07-04;"segunda-feira";"15:40:00";"MG";262;762;"UBERABA";"Ultrapassagem Indevida";"Colisão lateral mesmo sentido";"Com Vítimas Feridas";"Pleno dia";"Decrescente";"Céu Claro";"Simples";"Declive";"Não";4;0;0;1;2;1;1;2;-19,67048503;-47,62033999;"SPRF-MG";"DEL13-MG";"UOP01-DEL13-MG"
459719;2022-07-04;"segunda-feira";"18:30:00";"RS";386;414;"MONTENEGRO";"Carga excessiva e/ou mal acondicionada";"Derramamento de carga";"Sem Vítimas";"Plena Noite";"Decrescente";"Céu Claro";"Dupla";"Declive";"Não";3;0;0;0;2;1;0;3;-29,816236;-51,483341;"SPRF-RS";"DEL04-RS";"UOP02-DEL04-RS"
459724;2022-07-04;"segunda-feira";"16:00:00";"MG";153;155,7;"COMENDADOR GOMES";"Manobra de mudança de faixa";"Colisão frontal";"Com Vítimas Feridas";"Pleno dia";"Crescente";"Céu Claro";"Simples";"Declive";"Não";4;0;1;0;2;6;1;9;-19,62824275;-48,935707;"SPRF-MG";"DEL13-MG";"UOP02-DEL13-MG"
459730;2022-07-04;"segunda-feira";"17:26:00";"SC";280;159;"MAFRA";"Acumulo de areia ou detritos sobre o pavimento";"Colisão com objeto";"Com Vítimas Feridas";"Pleno dia";"Decrescente";"Céu Claro";"Simples";"Reta";"Não";2;0;0;1;0;1;1;2;-26,20208315;-49,76143098;"SPRF-SC";"DEL06-SC";"UOP03-DEL06-SC"
459736;2022-07-04;"segunda-feira";"13:00:00";"BA";242;360;"LENCOIS";"Velocidade Incompatível";"Saída de leito carroçável";"Com Vítimas Feridas";"Pleno dia";"Decrescente";"Céu Claro";"Simples";"Curva";"Não";2;0;1;0;0;2;1;3;-12,47125305;-41,38997202;"SPRF-BA";"DEL06-BA";"UOP01-DEL06-BA"
459737;2022-07-04;"segunda-feira";"21:15:00";"MG";40;727,7;"OLIVEIRA FORTES";"Reação tardia ou ineficiente do condutor";"Colisão traseira";"Com Vítimas Feridas";"Plena Noite";"Decrescente";"Céu Claro";"Dupla";"Curva";"Não";3;0;1;0;1;1;1;3;-21,31429811;-43,59529512;"SPRF-MG";"DEL05-MG";"UOP01-DEL05-MG"
459741;2022-07-04;"segunda-feira";"17:00:00";"RO";364;455;"CACAULANDIA";"Ausência de sinalização";"Engavetamento";"Com Vítimas Feridas";"Pleno dia";"Decrescente";"Céu Claro";"Simples";"Reta;Declive";"Não";4;0;2;0;2;0;2;3;-10,27263092;-62,69037594;"SPRF-RO";"DEL03-RO";"UOP02-DEL03-RO"
459742;2022-07-04;"segunda-feira";"19:20:00";"RS";285;346,1;"CARAZINHO";"Obstrução na via";"Colisão transversal";"Com Vítimas Feridas";"Plena Noite";"Decrescente";"Céu Claro";"Simples";"Curva";"Não";3;0;0;1;1;1;1;3;-28,33258191;-52,86006559;"SPRF-RS";"DEL08-RS";"UOP03-DEL08-RS"
459743;2022-07-04;"segunda-feira";"18:35:00";"SC";101;202,3;"SAO JOSE";"Reação tardia ou ineficiente do condutor";"Queda de ocupante de veículo";"Com Vítimas Feridas";"Plena Noite";"Decrescente";"Céu Claro";"Dupla";"Reta";"Sim";2;0;1;0;1;0;1;2;-27,55711595;-48,61897889;"SPRF-SC";"DEL01-SC";"UOP01-DEL01-SC"
459744;2022-07-04;"segunda-feira";"19:10:00";"BA";367;31;"PORTO SEGURO";"Acessar a via sem observar a presença dos outros veículos";"Colisão frontal";"Com Vítimas Feridas";"Plena Noite";"Crescente";"Chuva";"Simples";"Reta";"Sim";2;0;1;0;1;0;1;2;-16,41927431;-39,13551087;"SPRF-BA";"DEL09-BA";"UOP01-DEL09-BA"
459745;2022-07-04;"segunda-feira";"19:00:00";"PR";277;383;"CANDOI";"Reação tardia ou ineficiente do condutor";"Tombamento";"Com Vítimas Feridas";"Plena Noite";"Decrescente";"Céu Claro";"Simples";"Curva";"Não";2;0;1;0;0;1;1;2;-25,46075096;-51,95904493;"SPRF-PR";"DEL08-PR";"UOP01-DEL08-PR"
459746;2022-07-03;"domingo";"14:50:00";"MG";381;559,8;"ITAGUARA";"Velocidade Incompatível";"Colisão com objeto";"Sem Vítimas";"Pleno dia";"Crescente";"Céu Claro";"Dupla";"Curva;Declive";"Não";2;0;0;0;1;1;0;2;-20,3630967257;-44,4678388672;"SPRF-MG";"DEL04-MG";"UOP03-DEL04-MG"
459747;2022-07-04;"segunda-feira";"18:30:00";"MT";364;287;"JACIARA";"Demais falhas mecânicas ou elétricas";"Incêndio";"Sem Vítimas";"Anoitecer";"Decrescente";"Céu Claro";"Dupla";"Reta";"Não";2;0;0;0;1;1;0;2;-15,90304687;-55,06513802;"SPRF-MT";"DEL05-MT";"UOP02-DEL05-MT"
459751;2022-07-04;"segunda-feira";"19:10:00";"PR";277;205;"PALMEIRA";"Ultrapassagem Indevida";"Colisão frontal";"Com Vítimas Feridas";"Plena Noite";"Crescente";"Céu Claro";"Simples";"Reta";"Não";4;0;1;0;2;1;1;3;-25,46446641;-50,249942;"SPRF-PR";"DEL08-PR";"UOP02-DEL08-PR"
459752;2022-07-04;"segunda-feira";"21:10:00";"MG";381;446,1;"SANTA LUZIA";"Ausência de sinalização";"Colisão com objeto";"Com Vítimas Feridas";"Plena Noite";"Decrescente";"Céu Claro";"Simples";"Reta;Aclive";"Não";6;0;2;0;3;1;2;5;-19,8163714;-43,81034374;"SPRF-MG";"DEL01-MG";"UOP01-DEL01-MG"
459755;2022-07-04;"segunda-feira";"22:15:00";"MG";153;155,8;"COMENDADOR GOMES";"Manobra de mudança de faixa";"Colisão frontal";"Sem Vítimas";"Plena Noite";"Crescente";"Céu Claro";"Simples";"Declive";"Não";3;0;0;0;2;1;0;3;-19,62824275;-48,935707;"SPRF-MG";"DEL13-MG";"UOP02-DEL13-MG"
459760;2022-07-04;"segunda-feira";"16:30:00";"RN";226;253;"JUCURUTU";"Demais falhas mecânicas ou elétricas";"Saída de leito carroçável";"Com Vítimas Feridas";"Pleno dia";"Crescente";"Nublado";"Simples";"Curva";"Não";1;0;1;0;0;0;1;1;-5,97360727;-37,04006195;"SPRF-RN";"DEL03-RN";"UOP01-DEL03-RN"
459761;2022-07-04;"segunda-feira";"23:10:00";"PR";369;40;"ANDIRA";"Desrespeitar a preferência no cruzamento";"Colisão transversal";"Com Vítimas Fatais";"Plena Noite";"Crescente";"Céu Claro";"Simples";"Interseção de Vias";"Não";4;1;0;2;1;0;2;2;-23,05822309;-50,24827838;"SPRF-PR";"DEL07-PR";"UOP01-DEL07-PR"
459763;2022-07-05;"terça-feira";"00:20:00";"SC";470;171,3;"POUSO REDONDO";"Velocidade Incompatível";"Tombamento";"Com Vítimas Feridas";"Plena Noite";"Decrescente";"Nevoeiro/Neblina";"Simples";"Curva";"Não";2;0;1;0;0;1;1;2;-27,260828;-49,900455;"SPRF-SC";"DEL04-SC";"UOP02-DEL04-SC"
459767;2022-07-05;"terça-feira";"04:40:00";"BA";101;883;"TEIXEIRA DE FREITAS";"Ingestão de álcool pelo condutor";"Colisão frontal";"Com Vítimas Feridas";"Plena Noite";"Crescente";"Nublado";"Simples";"Reta";"Não";5;0;1;0;4;0;1;2;-17,57792114;-39,73686218;"SPRF-BA";"DEL09-BA";"UOP02-DEL09-BA"
459773;2022-07-05;"terça-feira";"05:45:00";"ES";101;226;"FUNDAO";"Condutor deixou de manter distância do veículo da frente";"Queda de ocupante de veículo";"Sem Vítimas";"Amanhecer";"Decrescente";"Céu Claro";"Simples";"Reta";"Não";2;0;0;0;0;2;0;2;-19,90117299;-40,40897598;"SPRF-ES";"DEL02-ES";"UOP01-DEL02-ES"
459774;2022-07-05;"terça-feira";"06:28:00";"SE";101;26,6;"MURIBECA";"Velocidade Incompatível";"Saída de leito carroçável";"Com Vítimas Feridas";"Pleno dia";"Crescente";"Chuva";"Dupla";"Reta";"Não";2;0;0;2;0;0;2;1;-10,41385308;-36,92027362;"SPRF-SE";"DEL02-SE";"UOP02-DEL02-SE"
459778;2022-07-05;"terça-feira";"06:14:00";"PR";277;604;"SANTA TEREZA DO OESTE";"Condutor deixou de manter distância do veículo da frente";"Colisão traseira";"Sem Vítimas";"Amanhecer";"Decrescente";"Céu Claro";"Simples";"Reta";"Não";4;0;0;0;3;1;0;4;-25,02905699;-53,569607;"SPRF-PR";"DEL05-PR";"UOP02-DEL05-PR"
459779;2022-07-05;"terça-feira";"05:20:00";"PR";476;213,3;"LAPA";"Ausência de reação do condutor";"Tombamento";"Com Vítimas Feridas";"Amanhecer";"Crescente";"Céu Claro";"Simples";"Aclive;Curva";"Não";2;0;1;0;0;2;1;3;-25,779312;-49,875546;"SPRF-PR";"DEL02-PR";"UOP04-DEL02-PR"
459784;2022-07-05;"terça-feira";"06:40:00";"ES";101;259;"SERRA";"Reação tardia ou ineficiente do condutor";"Colisão traseira";"Com Vítimas Fatais";"Pleno dia";"Crescente";"Céu Claro";"Dupla";"Reta";"Sim";2;1;0;0;1;0;0;2;-20,138397;-40,292213;"SPRF-ES";"DEL02-ES";"UOP01-DEL02-ES"
459793;2022-07-05;"terça-feira";"04:00:00";"MG";381;370;"SAO GONCALO DO RIO ABAIXO";"Ausência de reação do condutor";"Saída de leito carroçável";"Com Vítimas Feridas";"Plena Noite";"Decrescente";"Céu Claro";"Simples";"Curva";"Não";2;0;0;1;0;1;1;2;-19,85037766;-43,30242668;"SPRF-MG";"DEL01-MG";"UOP01-DEL01-MG"
459794;2022-07-04;"segunda-feira";"07:35:00";"MG";116;519,2;"UBAPORANGA";"Velocidade Incompatível";"Tombamento";"Com Vítimas Feridas";"Pleno dia";"Decrescente";"Céu Claro";"Simples";"Curva";"Não";2;0;1;0;0;1;1;2;-19,71798497;-42,12830605;"SPRF-MG";"DEL06-MG";"UOP02-DEL06-MG"
459802;2022-07-05;"terça-feira";"07:50:00";"PR";116;87;"PIRAQUARA";"Reação tardia ou ineficiente do condutor";"Colisão traseira";"Com Vítimas Feridas";"Pleno dia";"Decrescente";"Céu Claro";"Dupla";"Aclive";"Sim";3;0;1;0;1;1;1;3;-25,44106805;-49,09243759;"SPRF-PR";"DEL01-PR";"UOP01-DEL01-PR"
459806;2022-07-04;"segunda-feira";"15:30:00";"RN";226;300,9;"AUGUSTO SEVERO";"Ausência de reação do condutor";"Saída de leito carroçável";"Com Vítimas Feridas";"Pleno dia";"Decrescente";"Nublado";"Simples";"Reta";"Não";1;0;1;0;0;0;1;1;-5,94540588;-37,36163019;"SPRF-RN";"DEL04-RN";"UOP01-DEL04-RN"
459812;2022-07-05;"terça-feira";"06:59:00";"RO";364;515;"ARIQUEMES";"Acessar a via sem observar a presença dos outros veículos";"Colisão transversal";"Com Vítimas Feridas";"Pleno dia";"Crescente";"Céu Claro";"Simples";"Rotatória";"Sim";3;0;1;0;1;2;1;4;-9,91591382;-63,05522745;"SPRF-RO";"DEL03-RO";"UOP01-DEL03-RO"
459813;2022-06-04;"sábado";"13:00:00";"BA";116;561;"BREJOES";"Ultrapassagem Indevida";"Saída de leito carroçável";"Com Vítimas Feridas";"Pleno dia";"Crescente";"Céu Claro";"Simples";"Reta";"Não";4;0;1;0;1;3;1;5;-12,94139501;-39,91017299;"SPRF-BA";"DEL03-BA";"UOP02-DEL03-BA"
459814;2022-07-05;"terça-feira";"07:15:00";"BA";116;798;"PLANALTO";"Condutor Dormindo";"Colisão lateral sentido oposto";"Com Vítimas Feridas";"Pleno dia";"Decrescente";"Garoa/Chuvisco";"Simples";"Reta";"Não";4;0;2;0;1;2;2;4;-14,70088242;-40,58375478;"SPRF-BA";"DEL08-BA";"UOP02-DEL08-BA"
459819;2022-07-05;"terça-feira";"07:00:00";"CE";116;248;"JAGUARIBE";"Reação tardia ou ineficiente do condutor";"Colisão frontal";"Sem Vítimas";"Pleno dia";"Crescente";"Céu Claro";"Simples";"Reta";"Não";4;0;0;0;3;3;0;6;-5,85562074;-38,57952118;"SPRF-CE";"DEL05-CE";"UOP02-DEL05-CE"
459820;2022-07-05;"terça-feira";"09:30:00";"RJ";116;185;"NOVA IGUACU";"Reação tardia ou ineficiente do condutor";"Colisão lateral mesmo sentido";"Com Vítimas Feridas";"Pleno dia";"Crescente";"Céu Claro";"Dupla";"Reta";"Sim";3;0;1;0;1;1;1;3;-22,74151051;-43,45351823;"SPRF-RJ";"DEL01-RJ";"UOP02-DEL01-RJ"
459823;2022-05-18;"quarta-feira";"17:45:00";"MG";381;211,7;"NAQUE";"Ultrapassagem Indevida";"Colisão lateral sentido oposto";"Com Vítimas Feridas";"Anoitecer";"Crescente";"Céu Claro";"Simples";"Curva;Declive";"Não";4;0;1;0;2;3;1;6;-19,25509297;-42,34105207;"SPRF-MG";"DEL06-MG";"UOP01-DEL06-MG"
459827;2022-07-05;"terça-feira";"09:50:00";"RS";101;55,5;"TERRA DE AREIA";"Ausência de reação do condutor";"Atropelamento de Pedestre";"Com Vítimas Feridas";"Pleno dia";"Decrescente";"Céu Claro";"Dupla";"Reta";"Não";3;0;1;0;2;0;1;2;-29,64599687;-50,1117261;"SPRF-RS";"DEL03-RS";"UOP02-DEL03-RS"
459830;2022-04-29;"sexta-feira";"13:20:00";"AL";316;249;"ATALAIA";"Demais falhas mecânicas ou elétricas";"Colisão com objeto";"Com Vítimas Feridas";"Pleno dia";"Decrescente";"Céu Claro";"Simples";"Reta";"Sim";2;0;1;0;1;0;1;2;-9,54840634;-35,98068337;"SPRF-AL";"DEL01-AL";"UOP01-DEL01-AL"
459831;2022-07-05;"terça-feira";"08:30:00";"BA";101;102;"ALAGOINHAS";"Ausência de reação do condutor";"Colisão frontal";"Com Vítimas Fatais";"Pleno dia";"Crescente";"Nublado";"Simples";"Reta";"Sim";3;1;0;1;1;0;1;2;-12,15440191;-38,40413906;"SPRF-BA";"DEL01-BA";"UOP04-DEL01-BA"
459842;2022-07-05;"terça-feira";"12:40:00";"MG";381;493;"BETIM";"Manobra de mudança de faixa";"Colisão lateral mesmo sentido";"Com Vítimas Feridas";"Pleno dia";"Crescente";"Sol";"Múltipla";"Reta";"Sim";5;0;2;0;2;1;2;3;-19,96407;-44,17145;"SPRF-MG";"DEL01-MG";"UOP03-DEL01-MG"
459843;2022-07-05;"terça-feira";"06:30:00";"MS";267;209;"NOVA ALVORADA DO SUL";"Reação tardia ou ineficiente do condutor";"Colisão lateral sentido oposto";"Com Vítimas Feridas";"Amanhecer";"Crescente";"Céu Claro";"Simples";"Reta";"Não";3;0;1;0;1;5;1;7;-21,59336333;-54,03558197;"SPRF-MS";"DEL02-MS";"UOP03-DEL02-MS"