"id";"data_inversa";"dia_semana";"horario";"uf";"br";"km";"municipio";"causa_acidente";"tipo_acidente";"classificacao_acidente";"fase_dia";"sentido_via";"condicao_metereologica";"tipo_pista";"tracado_via";"uso_solo";"pessoas";"mortos";"feridos_leves";"feridos_graves";"ilesos";"ignorados";"feridos";"veiculos";"latitude";"longitude";"regional";"delegacia";"uop"
459846;2022-07-05;"terça-feira";"11:10:00";"BA";116;9;"ABARE";"Acessar a via sem observar a presença dos outros veículos";"Colisão transversal";"Com Vítimas Feridas";"Pleno dia";"Crescente";"Céu Claro";"Simples";"Reta";"Sim";4;0;0;1;1;2;1;4;-8,697061;-39,259915;"SPRF-PE";"DEL05-PE";"UOP03-DEL05-PE"
459850;2022-07-05;"terça-feira";"13:00:00";"PR";277;118;"CAMPO LARGO";"Condutor deixou de manter distância do veículo da frente";"Engavetamento";"Com Vítimas Feridas";"Pleno dia";"Crescente";"Céu Claro";"Dupla";"Reta";"Não";4;0;1;0;2;1;1;4;-25,434195;-49,415613;"SPRF-PR";"DEL03-PR";"UOP03-DEL03-PR"
459851;2022-07-05;"terça-feira";"13:30:00";"SP";116;462;"PARIQUERA-ACU";"Velocidade Incompatível";"Colisão traseira";"Com Vítimas Feridas";"Pleno dia";"Crescente";"Céu Claro";"Dupla";"Reta";"Não";3;0;1;0;1;1;1;3;-24,6228914;-47,89579562;"SPRF-SP";"DEL05-SP";"UOP01-DEL05-SP"
459852;2022-07-05;"terça-feira";"09:15:00";"PR";376;304,5;"MAUA DA SERRA";"Velocidade Incompatível";"Tombamento";"Com Vítimas Feridas";"Pleno dia";"Decrescente";"Sol";"Dupla";"Curva;Aclive";"Não";2;0;0;1;0;2;1;3;-23,93166169;-51,13091826;"SPRF-PR";"DEL07-PR";"UOP02-DEL07-PR"
459853;2022-07-05;"terça-feira";"12:50:00";"MG";381;934,5;"EXTREMA";"Velocidade Incompatível";"Colisão traseira";"Com Vítimas Feridas";"Pleno dia";"Crescente";"Céu Claro";"Dupla";"Reta;Aclive";"Não";4;0;1;0;2;1;1;3;-22,79968914;-46,2664648;"SPRF-MG";"DEL16-MG";"UOP03-DEL16-MG"
459855;2022-07-05;"terça-feira";"13:20:00";"CE";222;11;"CAUCAIA";"Reação tardia ou ineficiente do condutor";"Saída de leito carroçável";"Sem Vítimas";"Pleno dia";"Crescente";"Céu Claro";"Dupla";"Interseção de Vias";"Sim";1;0;0;0;1;0;0;1;-3,7650369;-38,66744936;"SPRF-CE";"DEL01-CE";"UOP01-DEL01-CE"
459857;2022-07-02;"sábado";"03:40:00";"PR";163;256;"TOLEDO";"Ausência de reação do condutor";"Colisão traseira";"Com Vítimas Feridas";"Plena Noite";"Crescente";"Céu Claro";"Dupla";"Reta";"Não";2;0;0;1;1;0;1;2;-24,665119;-53,811749;"SPRF-PR";"DEL06-PR";"UOP02-DEL06-PR"
459860;2022-07-05;"terça-feira";"14:40:00";"RS";116;0;"PORTO ALEGRE";"Carga excessiva e/ou mal acondicionada";"Derramamento de carga";"Com Vítimas Feridas";"Pleno dia";"Decrescente";"Céu Claro";"Dupla";"Reta";"Sim";2;0;1;0;0;1;1;2;-29,96935107;-51,17622614;"SPRF-RS";"DEL01-RS";"UOP01-DEL01-RS"
459861;2022-07-05;"terça-feira";"14:20:00";"SP";116;207;"GUARULHOS";"Manobra de mudança de faixa";"Colisão lateral mesmo sentido";"Com Vítimas Feridas";"Pleno dia";"Decrescente";"Sol";"Dupla";"Reta";"Sim";4;0;0;1;1;2;1;4;-23,41972188;-46,38419203;"SPRF-SP";"DEL01-SP";"UOP01-DEL01-SP"
459865;2022-07-05;"terça-feira";"11:30:00";"GO";153;596,4;"MORRINHOS";"Problema na suspensão";"Saída de leito carroçável";"Com Vítimas Feridas";"Pleno dia";"Crescente";"Céu Claro";"Dupla";"Declive";"Não";2;0;1;0;0;1;1;2;-17,5178;-49,2162;"SPRF-GO";"DEL03-GO";"UOP01-DEL03-GO"
459866;2022-07-05;"terça-feira";"14:50:00";"PR";476;145,8;"CURITIBA";"Reação tardia ou ineficiente do condutor";"Colisão traseira";"Com Vítimas Feridas";"Pleno dia";"Decrescente";"Céu Claro";"Dupla";"Reta";"Sim";3;0;0;1;1;2;1;4;-25,547749;-49,32095;"SPRF-PR";"DEL01-PR";"UOP03-DEL01-PR"
459870;2022-07-05;"terça-feira";"10:15:00";"PR";376;191,2;"MARIALVA";"Acessar a via sem observar a presença dos outros veículos";"Colisão transversal";"Com Vítimas Feridas";"Pleno dia";"Crescente";"Céu Claro";"Dupla";"Curva";"Não";4;0;1;0;2;1;1;3;-23,47952242;-51,80363021;"SPRF-PR";"DEL09-PR";"UOP01-DEL09-PR"
459880;2022-07-05;"terça-feira";"15:45:00";"PR";277;658,2;"MATELANDIA";"Condutor deixou de manter distância do veículo da frente";"Colisão traseira";"Com Vítimas Feridas";"Pleno dia";"Decrescente";"Céu Claro";"Dupla";"Reta;Aclive";"Não";3;0;1;0;2;0;1;2;-25,2426837;-53,97329107;"SPRF-PR";"DEL05-PR";"UOP02-DEL05-PR"
459881;2022-07-05;"terça-feira";"16:10:00";"PR";369;522;"CASCAVEL";"Acessar a via sem observar a presença dos outros veículos";"Colisão transversal";"Sem Vítimas";"Pleno dia";"Decrescente";"Céu Claro";"Simples";"Reta";"Não";3;0;0;0;2;1;0;3;-24,9408;-53,3978;"SPRF-PR";"DEL04-PR";"UOP01-DEL04-PR"
459884;2022-07-05;"terça-feira";"16:37:00";"MG";381;500,5;"BETIM";"Velocidade Incompatível";"Tombamento";"Com Vítimas Feridas";"Pleno dia";"Crescente";"Céu Claro";"Dupla";"Reta;Declive";"Sim";1;0;1;0;0;0;1;1;-20,02513493;-44,23112709;"SPRF-MG";"DEL01-MG";"UOP03-DEL01-MG"
459885;2022-07-05;"terça-feira";"16:30:00";"PR";277;125;"CAMPO LARGO";"Transitar na contramão";"Colisão lateral sentido oposto";"Sem Vítimas";"Pleno dia";"Decrescente";"Céu Claro";"Dupla";"Reta";"Não";4;0;0;0;3;5;0;8;-25,44663809;-49,48877001;"SPRF-PR";"DEL03-PR";"UOP03-DEL03-PR"
459886;2022-07-05;"terça-feira";"15:00:00";"MG";365;394;"PATOS DE MINAS";"Velocidade Incompatível";"Tombamento";"Com Vítimas Feridas";"Pleno dia";"Crescente";"Sol";"Simples";"Declive;Curva";"Não";8;0;1;0;6;3;1;7;-18,6348452;-46,35976886;"SPRF-MG";"DEL10-MG";"UOP01-DEL10-MG"
459887;2022-07-05;"terça-feira";"16:00:00";"RO";364;710;"PORTO VELHO";"Demais falhas mecânicas ou elétricas";"Queda de ocupante de veículo";"Com Vítimas Feridas";"Pleno dia";"Crescente";"Céu Claro";"Dupla";"Curva";"Sim";2;0;1;0;1;0;1;1;-8,78621576;-63,85712687;"SPRF-RO";"DEL01-RO";"UOP01-DEL01-RO"
459889;2022-07-05;"terça-feira";"17:05:00";"RS";116;517,2;"PELOTAS";"Manobra de mudança de faixa";"Colisão lateral mesmo sentido";"Com Vítimas Feridas";"Pleno dia";"Decrescente";"Chuva";"Múltipla";"Reta";"Sim";2;0;1;0;1;0;1;2;-31,68198092;-52,34368443;"SPRF-RS";"DEL07-RS";"UOP01-DEL07-RS"
459890;2022-07-05;"terça-feira";"17:15:00";"MG";262;444,5;"NOVA SERRANA";"Demais Fenômenos da natureza";"Incêndio";"Sem Vítimas";"Pleno dia";"Decrescente";"Céu Claro";"Dupla";"Reta";"Sim";2;0;0;0;1;1;0;2;-19,86847568;-44,98682499;"SPRF-MG";"DEL08-MG";"UOP03-DEL08-MG"
459892;2022-07-05;"terça-feira";"17:30:00";"PB";230;16;"JOAO PESSOA";"Ausência de reação do condutor";"Colisão traseira";"Com Vítimas Feridas";"Anoitecer";"Decrescente";"Céu Claro";"Dupla";"Aclive";"Sim";4;0;2;0;2;0;2;4;-7,10418038;-34,84560923;"SPRF-PB";"DEL01-PB";"UOP01-DEL01-PB"
459894;2022-07-05;"terça-feira";"13:20:00";"MT";70;670,3;"CACERES";"Acesso irregular";"Colisão transversal";"Com Vítimas Feridas";"Pleno dia";"Crescente";"Sol";"Simples";"Curva";"Não";7;0;3;0;4;0;3;2;-16,055449;-57,26798899;"SPRF-MT";"DEL03-MT";"UOP02-DEL03-MT"
459901;2022-07-05;"terça-feira";"14:40:00";"MT";163;666;"LUCAS DO RIO VERDE";"Ausência de reação do condutor";"Colisão transversal";"Com Vítimas Feridas";"Pleno dia";"Crescente";"Céu Claro";"Simples";"Reta";"Não";5;0;1;3;0;1;4;3;-13,35614507;-56,06233985;"SPRF-MT";"DEL06-MT";"UOP01-DEL06-MT"
459904;2022-07-05;"terça-feira";"18:05:00";"MG";50;174,9;"UBERABA";"Acessar a via sem observar a presença dos outros veículos";"Colisão lateral mesmo sentido";"Sem Vítimas";"Anoitecer";"Crescente";"Céu Claro";"Dupla";"Reta";"Sim";3;0;0;0;2;1;0;3;-19,770817;-47,973434;"SPRF-MG";"DEL13-MG";"UOP01-DEL13-MG"
459905;2022-07-05;"terça-feira";"18:30:00";"PR";476;253,7;"ANTONIO OLINTO";"Manobra de mudança de faixa";"Colisão lateral mesmo sentido";"Sem Vítimas";"Anoitecer";"Crescente";"Nublado";"Simples";"Curva";"Não";4;0;0;0;3;2;0;5;-25,885603;-50,182251;"SPRF-PR";"DEL02-PR";"UOP04-DEL02-PR"
459909;2022-07-05;"terça-feira";"15:50:00";"GO";153;260;"NOVA GLORIA";"Ausência de reação do condutor";"Tombamento";"Com Vítimas Feridas";"Pleno dia";"Decrescente";"Céu Claro";"Simples";"Reta;Declive";"Não";2;0;1;0;0;1;1;2;-14,993464;-49,406448;"SPRF-GO";"DEL07-GO";"UOP02-DEL07-GO"
459913;2022-07-05;"terça-feira";"12:30:00";"BA";101;147;"TEODORO SAMPAIO";"Condutor deixou de manter distância do veículo da frente";"Colisão traseira";"Com Vítimas Fatais";"Pleno dia";"Decrescente";"Nublado";"Simples";"Reta";"Não";3;1;0;0;1;1;0;3;-12,31534433;-38,73391289;"SPRF-BA";"DEL01-BA";"UOP04-DEL01-BA"
459925;2022-07-05;"terça-feira";"19:45:00";"PE";232;449,5;"SAO JOSE DO BELMONTE";"Demais falhas mecânicas ou elétricas";"Saída de leito carroçável";"Com Vítimas Feridas";"Plena Noite";"Crescente";"Nublado";"Simples";"Curva";"Não";2;0;2;0;0;0;2;1;-7,98629482;-38,62748158;"SPRF-PE";"DEL04-PE";"UOP01-DEL04-PE"
459930;2022-07-05;"terça-feira";"22:00:00";"GO";452;182;"ITUMBIARA";"Reação tardia ou ineficiente do condutor";"Colisão lateral mesmo sentido";"Com Vítimas Feridas";"Plena Noite";"Crescente";"Céu Claro";"Simples";"Interseção de Vias";"Não";2;0;1;0;1;0;1;2;-18,38599547;-49,34161753;"SPRF-GO";"DEL03-GO";"UOP02-DEL03-GO"
459931;2022-07-05;"terça-feira";"22:00:00";"BA";242;405;"SEABRA";"Condutor Dormindo";"Saída de leito carroçável";"Sem Vítimas";"Plena Noite";"Crescente";"Garoa/Chuvisco";"Simples";"Ponte";"Não";2;0;0;0;1;2;0;3;-12,48810878;-41,72887312;"SPRF-BA";"DEL06-BA";"UOP01-DEL06-BA"
459936;2022-07-05;"terça-feira";"23:04:00";"MT";163;58,9;"RONDONOPOLIS";"Condutor Dormindo";"Tombamento";"Com Vítimas Feridas";"Plena Noite";"Decrescente";"Céu Claro";"Dupla";"Reta";"Não";2;0;1;0;0;2;1;3;-17,004501;-54,75641299;"SPRF-MT";"DEL02-MT";"UOP01-DEL02-MT"
459941;2022-07-06;"quarta-feira";"01:00:00";"PR";277;34;"MORRETES";"Condutor Dormindo";"Colisão traseira";"Com Vítimas Feridas";"Plena Noite";"Decrescente";"Nublado";"Dupla";"Curva;Declive";"Não";3;0;1;0;1;4;1;6;-25,571197;-48,816695;"SPRF-PR";"DEL01-PR";"UOP05-DEL01-PR"
459942;2022-07-06;"quarta-feira";"00:20:00";"CE";222;119;"ITAPAJE";"Ingestão de álcool pelo condutor";"Colisão frontal";"Com Vítimas Feridas";"Plena Noite";"Decrescente";"Céu Claro";"Simples";"Curva";"Sim";3;0;0;2;0;1;2;2;-3,72231305;-39,5617951;"SPRF-CE";"DEL04-CE";"UOP03-DEL04-CE"
459947;2022-07-06;"quarta-feira";"04:15:00";"BA";101;879;"TEIXEIRA DE FREITAS";"Pedestre andava na pista";"Atropelamento de Pedestre";"Com Vítimas Feridas";"Plena Noite";"Decrescente";"Céu Claro";"Simples";"Reta";"Sim";2;0;1;0;1;0;1;2;-17,55652315;-39,7247386;"SPRF-BA";"DEL09-BA";"UOP02-DEL09-BA"
459949;2022-07-06;"quarta-feira";"04:00:00";"SP";381;84;"SAO PAULO";"Demais falhas mecânicas ou elétricas";"Incêndio";"Sem Vítimas";"Plena Noite";"Decrescente";"Nublado";"Dupla";"Reta";"Sim";1;0;0;0;0;1;0;1;-23,44907348;-46,56898499;"SPRF-SP";"DEL03-SP";"UOP01-DEL03-SP"
459956;2022-07-06;"quarta-feira";"06:30:00";"GO";414;334,4;"COCALZINHO DE GOIAS";"Ingestão de álcool pelo condutor";"Colisão frontal";"Com Vítimas Feridas";"Pleno dia";"Crescente";"Céu Claro";"Simples";"Reta";"Não";2;0;1;0;1;0;1;2;-15,580993;-48,628662;"SPRF-GO";"DEL02-GO";"UOP01-DEL02-GO"
459961;2022-07-06;"quarta-feira";"07:10:00";"ES";101;314;"VILA VELHA";"Ultrapassagem Indevida";"Colisão frontal";"Com Vítimas Feridas";"Pleno dia";"Crescente";"Céu Claro";"Simples";"Aclive";"Não";3;0;1;0;1;2;1;4;-20,461157;-40,46533;"SPRF-ES";"DEL01-ES";"UOP01-DEL01-ES"
459962;2022-07-06;"quarta-feira";"07:00:00";"PR";277;330;"GUARAPUAVA";"Reação tardia ou ineficiente do condutor";"Engavetamento";"Com Vítimas Feridas";"Amanhecer";"Crescente";"Céu Claro";"Dupla";"Reta;Aclive";"Não";4;0;1;0;2;2;1;5;-25,37353503;-51,308405;"SPRF-PR";"DEL08-PR";"UOP01-DEL08-PR"
459966;2022-07-06;"quarta-feira";"08:00:00";"SC";101;167;"TIJUCAS";"Demais falhas mecânicas ou elétricas";"Incêndio";"Sem Vítimas";"Pleno dia";"Crescente";"Céu Claro";"Dupla";"Reta";"Não";1;0;0;0;1;0;0;1;-27,27029501;-48,63176618;"SPRF-SC";"DEL04-SC";"UOP03-DEL04-SC"
459972;2022-07-06;"quarta-feira";"07:50:00";"MG";50;36;"ARAGUARI";"Ausência de reação do condutor";"Colisão lateral mesmo sentido";"Com Vítimas Feridas";"Pleno dia";"Crescente";"Céu Claro";"Dupla";"Reta";"Sim";3;0;1;0;1;1;1;3;-18,65453092;-48,14727203;"SPRF-MG";"DEL15-MG";"UOP02-DEL15-MG"
459975;2022-06-07;"terça-feira";"15:35:00";"PR";163;215,2;"CASCAVEL";"Ingestão de álcool pelo condutor";"Tombamento";"Com Vítimas Feridas";"Pleno dia";"Crescente";"Nublado";"Dupla";"Curva";"Não";2;0;1;0;0;1;1;2;-25,002954;-53,554954;"SPRF-PR";"DEL04-PR";"UOP01-DEL04-PR"
459984;2022-07-06;"quarta-feira";"09:30:00";"GO";452;37;"SANTA HELENA DE GOIAS";"Acessar a via sem observar a presença dos outros veículos";"Colisão transversal";"Com Vítimas Fatais";"Pleno dia";"Decrescente";"Céu Claro";"Simples";"Declive;Retorno Regulamentado";"Não";3;1;0;0;1;2;0;4;-17,91735752;-50,58309079;"SPRF-GO";"DEL04-GO";"UOP01-DEL04-GO"
459986;2022-07-06;"quarta-feira";"07:40:00";"RS";392;229;"CACAPAVA DO SUL";"Ultrapassagem Indevida";"Colisão frontal";"Com Vítimas Fatais";"Amanhecer";"Decrescente";"Nevoeiro/Neblina";"Simples";"Declive;Reta";"Não";8;2;0;4;0;2;4;4;-30,67025109;-53,27519308;"SPRF-RS";"DEL09-RS";"UOP02-DEL09-RS"
459994;2022-07-06;"quarta-feira";"10:30:00";"RJ";101;553;"PARATY";"Conversão proibida";"Colisão transversal";"Com Vítimas Feridas";"Pleno dia";"Crescente";"Sol";"Simples";"Reta";"Não";5;0;4;0;1;0;4;2;-23,06494306;-44,68448797;"SPRF-RJ";"DEL03-RJ";"UOP04-DEL03-RJ"
459996;2022-07-06;"quarta-feira";"10:00:00";"PR";376;632;"SAO JOSE DOS PINHAIS";"Mal súbito do condutor";"Colisão lateral mesmo sentido";"Com Vítimas Feridas";"Pleno dia";"Decrescente";"Céu Claro";"Dupla";"Reta;Aclive";"Não";4;0;1;0;1;3;1;5;-25,71305887;-49,13941456;"SPRF-PR";"DEL01-PR";"UOP04-DEL01-PR"
459997;2022-07-06;"quarta-feira";"07:40:00";"MT";174;275;"PONTES E LACERDA";"Reação tardia ou ineficiente do condutor";"Colisão lateral mesmo sentido";"Com Vítimas Feridas";"Pleno dia";"Crescente";"Céu Claro";"Simples";"Reta";"Não";3;0;0;1;1;2;1;4;-15,32483198;-59,22825699;"SPRF-MT";"DEL04-MT";"UOP01-DEL04-MT"
459998;2022-07-06;"quarta-feira";"10:18:00";"MG";40;527;"CONTAGEM";"Ausência de reação do condutor";"Colisão traseira";"Com Vítimas Feridas";"Pleno dia";"Crescente";"Céu Claro";"Dupla";"Reta";"Sim";3;0;1;0;1;1;1;3;-19,90149502;-44,04938939;"SPRF-MG";"DEL01-MG";"UOP02-DEL01-MG"
460001;2022-07-06;"quarta-feira";"10:25:00";"RJ";116;185;"NOVA IGUACU";"Ausência de reação do condutor";"Colisão traseira";"Com Vítimas Feridas";"Pleno dia";"Crescente";"Céu Claro";"Dupla";"Reta";"Sim";2;0;0;1;1;0;1;2;-22,74151051;-43,45351823;"SPRF-RJ";"DEL01-RJ";"UOP02-DEL01-RJ"
460004;2022-07-06;"quarta-feira";"07:50:00";"MS";267;375;"MARACAJU";"Reação tardia ou ineficiente do condutor";"Colisão lateral sentido oposto";"Sem Vítimas";"Pleno dia";"Crescente";"Céu Claro";"Simples";"Reta";"Não";3;0;0;0;3;0;0;2;-21,66118261;-55,24197511;"SPRF-MS";"DEL05-MS";"UOP01-DEL05-MS"
460010;2022-05-20;"sexta-feira";"15:20:00";"BA";407;113;"SENHOR DO BONFIM";"Demais falhas mecânicas ou elétricas";"Colisão frontal";"Sem Vítimas";"Pleno dia";"Crescente";"Nublado";"Simples";"Reta";"Não";4;0;0;0;3;1;0;4;-10,34247198;-40,16809641;"SPRF-BA";"DEL04-BA";"UOP01-DEL04-BA"
460015;2022-07-06;"quarta-feira";"09:30:00";"PR";476;123,5;"CURITIBA";"Ausência de reação do condutor";"Colisão lateral mesmo sentido";"Com Vítimas Fatais";"Pleno dia";"Crescente";"Sol";"Dupla";"Curva;Em Obras";"Sim";3;1;0;0;1;1;0;3;-25,392904;-49,209557;"SPRF-PR";"DEL01-PR";"UOP01-DEL01-PR"
460029;2022-07-06;"quarta-feira";"13:15:00";"PR";476;143;"CURITIBA";"Manobra de mudança de faixa";"Colisão lateral mesmo sentido";"Com Vítimas Feridas";"Pleno dia";"Crescente";"Sol";"Dupla";"Reta";"Não";3;0;1;0;1;2;1;4;-25,54236403;-49,31256294;"SPRF-PR";"DEL01-PR";"UOP06-DEL01-PR"
460030;2022-07-06;"quarta-feira";"11:30:00";"MG";40;758,5;"EWBANK DA CAMARA";"Transitar na contramão";"Colisão lateral sentido oposto";"Com Vítimas Feridas";"Pleno dia";"Crescente";"Céu Claro";"Simples";"Reta";"Sim";4;0;2;0;2;0;2;2;-21,55258021;-43,50848794;"SPRF-MG";"DEL05-MG";"UOP01-DEL05-MG"
460032;2022-07-06;"quarta-feira";"13:00:00";"MG";116;535;"SANTA RITA DE MINAS";"Velocidade Incompatível";"Tombamento";"Com Vítimas Feridas";"Pleno dia";"Crescente";"Céu Claro";"Simples";"Curva";"Não";2;0;1;0;0;1;1;2;-19,85292504;-42,14058636;"SPRF-MG";"DEL06-MG";"UOP02-DEL06-MG"
460034;2022-06-22;"quarta-feira";"01:40:00";"CE";304;71,7;"ARACATI";"Condutor deixou de manter distância do veículo da frente";"Colisão traseira";"Com Vítimas Feridas";"Plena Noite";"Crescente";"Nublado";"Simples";"Reta";"Não";3;0;1;0;1;2;1;4;-4,66592987;-37,60858586;"SPRF-CE";"DEL03-CE";"UOP03-DEL03-CE"
460039;2022-05-27;"sexta-feira";"09:20:00";"RO";364;355;"JI-PARANA";"Condutor deixou de manter distância do veículo da frente";"Engavetamento";"Sem Vítimas";"Pleno dia";"Crescente";"Céu Claro";"Simples";"Reta";"Não";8;0;0;0;7;2;0;9;-10,80768392;-62,02081678;"SPRF-RO";"DEL02-RO";"UOP01-DEL02-RO"
460047;2022-07-06;"quarta-feira";"10:40:00";"MG";381;714,8;"CARMO DA CACHOEIRA";"Velocidade Incompatível";"Engavetamento";"Com Vítimas Feridas";"Pleno dia";"Crescente";"Céu Claro";"Dupla";"Curva";"Não";6;0;1;0;5;0;1;3;-21,412341;-45,21069006;"SPRF-MG";"DEL04-MG";"UOP02-DEL04-MG"
460050;2022-07-06;"quarta-feira";"16:05:00";"SP";116;46;"CANAS";"Reação tardia ou ineficiente do condutor";"Colisão traseira";"Com Vítimas Feridas";"Pleno dia";"Decrescente";"Céu Claro";"Dupla";"Reta";"Não";4;0;1;0;2;1;1;3;-22,71393589;-45,05335608;"SPRF-SP";"DEL08-SP";"UOP02-DEL08-SP"
460052;2022-06-12;"domingo";"06:50:00";"BA";101;674,9;"ITAGIMIRIM";"Velocidade Incompatível";"Tombamento";"Com Vítimas Feridas";"Pleno dia";"Decrescente";"Céu Claro";"Simples";"Curva";"Não";2;0;0;1;0;2;1;3;-16,03831426;-39,60941618;"SPRF-BA";"DEL09-BA";"UOP01-DEL09-BA"
460053;2022-07-06;"quarta-feira";"12:50:00";"BA";324;536;"AMELIA RODRIGUES";"Frear bruscamente";"Derramamento de carga";"Com Vítimas Feridas";"Pleno dia";"Decrescente";"Céu Claro";"Dupla";"Reta";"Não";2;0;1;0;0;1;1;2;-12,35775097;-38,82802597;"SPRF-BA";"DEL01-BA";"UOP03-DEL01-BA"
460055;2022-07-06;"quarta-feira";"16:20:00";"PR";369;164;"CAMBE";"Condutor deixou de manter distância do veículo da frente";"Colisão traseira";"Com Vítimas Feridas";"Pleno dia";"Crescente";"Céu Claro";"Dupla";"Reta;Aclive";"Não";2;0;1;0;1;0;1;2;-23,295142;-51,293893;"SPRF-PR";"DEL07-PR";"UOP01-DEL07-PR"
460057;2022-07-06;"quarta-feira";"15:10:00";"ES";101;20,4;"PEDRO CANARIO";"Ingestão de álcool pelo condutor";"Colisão traseira";"Sem Vítimas";"Pleno dia";"Decrescente";"Céu Claro";"Simples";"Reta";"Não";4;0;0;0;3;7;0;10;-18,32561;-39,9584401;"SPRF-ES";"DEL04-ES";"UOP02-DEL04-ES"
460058;2022-07-06;"quarta-feira";"16:45:00";"PR";277;137,5;"BALSA NOVA";"Condutor deixou de manter distância do veículo da frente";"Colisão traseira";"Com Vítimas Feridas";"Pleno dia";"Crescente";"Céu Claro";"Dupla";"Reta";"Sim";4;0;0;1;2;3;1;6;-25,47510511;-49,70856965;"SPRF-PR";"DEL03-PR";"UOP03-DEL03-PR"
460061;2022-07-06;"quarta-feira";"09:30:00";"PE";423;182;"AGUAS BELAS";"Condutor deixou de manter distância do veículo da frente";"Colisão traseira";"Com Vítimas Feridas";"Pleno dia";"Crescente";"Chuva";"Simples";"Reta;Ponte";"Não";5;0;2;1;2;0;3;2;-9,13504335;-37,15938706;"SPRF-AL";"DEL03-AL";"UOP02-DEL03-AL"
460065;2022-07-06;"quarta-feira";"17:20:00";"SC";101;47;"JOINVILLE";"Manobra de mudança de faixa";"Colisão lateral mesmo sentido";"Com Vítimas Feridas";"Anoitecer";"Decrescente";"Céu Claro";"Dupla";"Reta";"Não";2;0;1;0;0;1;1;2;-26,36926328;-48,85720968;"SPRF-SC";"DEL03-SC";"UOP01-DEL03-SC"
460074;2022-07-06;"quarta-feira";"18:00:00";"SC";101;289,9;"IMBITUBA";"Ausência de reação do condutor";"Colisão lateral mesmo sentido";"Com Vítimas Feridas";"Anoitecer";"Crescente";"Céu Claro";"Múltipla";"Reta;Aclive";"Não";4;0;2;0;1;1;2;4;-28,281752;-48,702223;"SPRF-SC";"DEL02-SC";"UOP03-DEL02-SC"
460078;2022-07-06;"quarta-feira";"17:30:00";"RJ";116;243,9;"PIRAI";"Condutor Dormindo";"Saída de leito carroçável";"Com Vítimas Feridas";"Anoitecer";"Decrescente";"Céu Claro";"Dupla";"Reta";"Não";2;0;1;0;0;1;1;2;-22,63023454;-43,91033921;"SPRF-RJ";"DEL07-RJ";"UOP01-DEL07-RJ"
460095;2022-07-06;"quarta-feira";"18:15:00";"MS";376;118,2;"IVINHEMA";"Ausência de reação do condutor";"Colisão lateral sentido oposto";"Com Vítimas Fatais";"Plena Noite";"Decrescente";"Céu Claro";"Simples";"Reta";"Sim";9;2;1;0;5;6;1;12;-22,318195;-53,815022;"SPRF-MS";"DEL04-MS";"UOP04-DEL04-MS"
460099;2022-07-06;"quarta-feira";"17:30:00";"SC";101;205,5;"SAO JOSE";"Problema com o freio";"Capotamento";"Sem Vítimas";"Anoitecer";"Crescente";"Céu Claro";"Múltipla";"Reta";"Sim";2;0;0;0;2;0;0;2;-27,58313237;-48,61532885;"SPRF-SC";"DEL01-SC";"UOP01-DEL01-SC"
460100;2022-07-06;"quarta-feira";"19:45:00";"PR";277;173;"PALMEIRA";"Manobra de mudança de faixa";"Colisão lateral mesmo sentido";"Com Vítimas Feridas";"Plena Noite";"Crescente";"Céu Claro";"Dupla";"Reta";"Não";6;0;2;0;2;2;2;5;-25,44652554;-49,95547869;"SPRF-PR";"DEL08-PR";"UOP02-DEL08-PR"
460101;2022-07-06;"quarta-feira";"18:55:00";"PI";343;137;"PIRACURUCA";"Transitar na contramão";"Colisão frontal";"Com Vítimas Feridas";"Plena Noite";"Crescente";"Céu Claro";"Simples";"Reta";"Não";2;0;0;1;1;0;1;2;-3,894276;-41,70969;"SPRF-PI";"DEL02-PI";"UOP01-DEL02-PI"
460105;2022-07-06;"quarta-feira";"20:55:00";"MG";262;789;"UBERABA";"Ausência de reação do condutor";"Colisão traseira";"Com Vítimas Feridas";"Plena Noite";"Crescente";"Céu Claro";"Simples";"Reta";"Não";3;0;0;1;1;2;1;4;-19,76031983;-47,84038303;"SPRF-MG";"DEL13-MG";"UOP01-DEL13-MG"
460109;2022-07-06;"quarta-feira";"15:30:00";"MA";135;82;"SANTA RITA";"Reação tardia ou ineficiente do condutor";"Colisão traseira";"Com Vítimas Feridas";"Pleno dia";"Decrescente";"Céu Claro";"Simples";"Reta";"Não";3;0;1;0;1;2;1;4;-3,23619446;-44,37073844;"SPRF-MA";"DEL01-MA";"UOP02-DEL01-MA"
460110;2022-07-06;"quarta-feira";"12:00:00";"MA";135;79;"SANTA RITA";"Demais falhas mecânicas ou elétricas";"Derramamento de carga";"Sem Vítimas";"Pleno dia";"Decrescente";"Sol";"Simples";"Reta";"Sim";1;0;0;0;1;0;0;1;-3,212133;-44,36219192;"SPRF-MA";"DEL01-MA";"UOP02-DEL01-MA"
460111;2022-03-18;"sexta-feira";"13:20:00";"BA";349;874;"CORRENTINA";"Ultrapassagem Indevida";"Colisão frontal";"Com Vítimas Fatais";"Pleno dia";"Decrescente";"Sol";"Simples";"Reta";"Não";3;2;0;0;1;0;0;2;-13,413463;-44,494403;"SPRF-BA";"DEL10-BA";"UOP01-DEL10-BA"
460113;2022-07-06;"quarta-feira";"21:00:00";"MT";163;853;"SINOP";"Acessar a via sem observar a presença dos outros veículos";"Colisão transversal";"Sem Vítimas";"Plena Noite";"Crescente";"Céu Claro";"Simples";"Interseção de Vias";"Sim";2;0;0;0;1;1;0;2;-11,69690856;-55,45257038;"SPRF-MT";"DEL06-MT";"NPF/DEL06-MT"