"id";"data_inversa";"dia_semana";"horario";"uf";"br";"km";"municipio";"causa_acidente";"tipo_acidente";"classificacao_acidente";"fase_dia";"sentido_via";"condicao_metereologica";"tipo_pista";"tracado_via";"uso_solo";"pessoas";"mortos";"feridos_leves";"feridos_graves";"ilesos";"ignorados";"feridos";"veiculos";"latitude";"longitude";"regional";"delegacia";"uop"
460115;2022-07-06;"quarta-feira";"16:25:00";"MA";226;422;"GRAJAU";"Desrespeitar a preferência no cruzamento";"Colisão frontal";"Com Vítimas Fatais";"Pleno dia";"Decrescente";"Céu Claro";"Simples";"Reta";"Sim";2;1;0;0;0;1;0;2;-5,82901157;-46,1781551;"SPRF-MA";"DEL04-MA";"UOP02-DEL04-MA"
460116;2022-07-06;"quarta-feira";"21:15:00";"RS";386;27,7;"FREDERICO WESTPHALEN";"Acessar a via sem observar a presença dos outros veículos";"Colisão transversal";"Sem Vítimas";"Plena Noite";"Decrescente";"Céu Claro";"Simples";"Reta";"Não";3;0;0;0;2;1;0;3;-27,305323;-53,370804;"SPRF-RS";"DEL08-RS";"UOP02-DEL08-RS"
460118;2022-07-06;"quarta-feira";"21:30:00";"MG";365;626;"UBERLANDIA";"Velocidade Incompatível";"Tombamento";"Com Vítimas Feridas";"Plena Noite";"Crescente";"Céu Claro";"Dupla";"Aclive;Curva";"Sim";3;0;1;0;0;2;1;3;-18,90588049;-48,3374083;"SPRF-MG";"DEL15-MG";"UOP01-DEL15-MG"
460122;2022-07-06;"quarta-feira";"16:00:00";"PR";153;512;"GENERAL CARNEIRO";"Reação tardia ou ineficiente do condutor";"Saída de leito carroçável";"Sem Vítimas";"Pleno dia";"Decrescente";"Céu Claro";"Simples";"Curva";"Não";2;0;0;0;1;1;0;2;-26,51727769;-51,3583374;"SPRF-PR";"DEL02-PR";"UOP03-DEL02-PR"
460130;2022-07-06;"quarta-feira";"19:00:00";"MT";70;386,6;"CAMPO VERDE";"Transitar na contramão";"Colisão frontal";"Com Vítimas Fatais";"Plena Noite";"Crescente";"Céu Claro";"Simples";"Reta";"Não";3;1;0;0;1;1;0;3;-15,54692453;-55,1601782;"SPRF-MT";"DEL05-MT";"UOP02-DEL05-MT"
460142;2022-07-07;"quinta-feira";"05:40:00";"SP";116;136,5;"CACAPAVA";"Reação tardia ou ineficiente do condutor";"Colisão traseira";"Com Vítimas Feridas";"Amanhecer";"Crescente";"Céu Claro";"Dupla";"Reta";"Sim";2;0;1;0;1;0;1;2;-23,14874471;-45,77863714;"SPRF-SP";"DEL02-SP";"UOP01-DEL02-SP"
460143;2022-07-06;"quarta-feira";"23:20:00";"SC";470;125;"RIO DO SUL";"Condutor Dormindo";"Saída de leito carroçável";"Com Vítimas Feridas";"Plena Noite";"Crescente";"Nevoeiro/Neblina";"Simples";"Reta";"Sim";1;0;1;0;0;0;1;1;-27,120506;-49,534946;"SPRF-SC";"DEL04-SC";"UOP02-DEL04-SC"
460147;2022-07-07;"quinta-feira";"06:15:00";"PR";277;322;"GUARAPUAVA";"Ultrapassagem Indevida";"Colisão lateral sentido oposto";"Com Vítimas Feridas";"Amanhecer";"Crescente";"Céu Claro";"Simples";"Reta";"Não";4;0;1;0;2;2;1;5;-25,35708881;-51,23746716;"SPRF-PR";"DEL08-PR";"UOP01-DEL08-PR"
460148;2022-07-07;"quinta-feira";"06:40:00";"BA";116;829;"VITORIA DA CONQUISTA";"Ultrapassagem Indevida";"Saída de leito carroçável";"Com Vítimas Feridas";"Pleno dia";"Crescente";"Céu Claro";"Simples";"Reta";"Não";1;0;0;1;0;0;1;1;-14,90325186;-40,87009734;"SPRF-BA";"DEL08-BA";"UOP01-DEL08-BA"
460155;2022-07-07;"quinta-feira";"05:40:00";"AC";317;191;"XAPURI";"Ausência de reação do condutor";"Saída de leito carroçável";"Com Vítimas Feridas";"Amanhecer";"Decrescente";"Céu Claro";"Simples";"Curva";"Não";2;0;1;0;0;1;1;2;-10,62415795;-68,05025;"SPRF-AC";"DEL01-AC";"UOP02-DEL01-AC"
460158;2022-07-07;"quinta-feira";"03:00:00";"MS";262;45;"TRES LAGOAS";"Demais falhas mecânicas ou elétricas";"Incêndio";"Sem Vítimas";"Plena Noite";"Decrescente";"Céu Claro";"Simples";"Reta";"Não";2;0;0;0;1;3;0;4;-20,7605902;-52,0262973;"SPRF-MS";"DEL07-MS";"UOP01-DEL07-MS"
460160;2022-07-07;"quinta-feira";"06:00:00";"SP";116;545,1;"BARRA DO TURVO";"Reação tardia ou ineficiente do condutor";"Colisão com objeto";"Com Vítimas Feridas";"Amanhecer";"Decrescente";"Céu Claro";"Simples";"Curva";"Não";2;0;1;0;0;1;1;2;-24,96271645;-48,42876434;"SPRF-SP";"DEL05-SP";"UOP02-DEL05-SP"
460162;2022-06-13;"segunda-feira";"15:40:00";"MG";40;755;"EWBANK DA CAMARA";"Ultrapassagem Indevida";"Colisão frontal";"Com Vítimas Feridas";"Pleno dia";"Crescente";"Céu Claro";"Simples";"Reta";"Não";6;0;2;1;2;1;3;4;-21,486045;-43,53483;"SPRF-MG";"DEL05-MG";"UOP01-DEL05-MG"
460172;2022-05-12;"quinta-feira";"16:00:00";"SP";116;347;"MIRACATU";"Ausência de reação do condutor";"Tombamento";"Com Vítimas Feridas";"Pleno dia";"Decrescente";"Céu Claro";"Dupla";"Curva";"Não";3;0;1;0;1;2;1;4;-24,04699491;-47,19706111;"SPRF-SP";"DEL04-SP";"UOP02-DEL04-SP"
460173;2022-07-07;"quinta-feira";"07:00:00";"RJ";101;190;"CASIMIRO DE ABREU";"Ausência de reação do condutor";"Colisão lateral mesmo sentido";"Com Vítimas Feridas";"Pleno dia";"Decrescente";"Céu Claro";"Dupla";"Curva";"Não";3;0;1;0;2;0;1;3;-22,46340846;-42,0658817;"SPRF-RJ";"DEL08-RJ";"UOP04-DEL08-RJ"
460181;2022-06-29;"quarta-feira";"17:30:00";"MS";267;13;"BATAGUASSU";"Manobra de mudança de faixa";"Colisão lateral mesmo sentido";"Sem Vítimas";"Plena Noite";"Crescente";"Céu Claro";"Dupla";"Reta";"Não";4;0;0;0;2;2;0;4;-21,72532728;-52,26607499;"SPRF-MS";"DEL02-MS";"UOP04-DEL02-MS"
460182;2022-07-06;"quarta-feira";"17:30:00";"PE";101;80,9;"JABOATAO DOS GUARARAPES";"Trafegar com motocicleta (ou similar) entre as faixas";"Colisão lateral mesmo sentido";"Com Vítimas Feridas";"Amanhecer";"Decrescente";"Céu Claro";"Dupla";"Reta";"Não";3;0;0;1;2;0;1;3;-8,15112589;-34,9428866;"SPRF-PE";"DEL01-PE";"UOP01-DEL01-PE"
460185;2022-07-07;"quinta-feira";"09:10:00";"RJ";116;144;"DUQUE DE CAXIAS";"Conversão proibida";"Colisão transversal";"Com Vítimas Feridas";"Pleno dia";"Crescente";"Céu Claro";"Múltipla";"Reta";"Sim";4;0;1;0;2;1;1;3;-22,6735307;-43,28676581;"SPRF-RJ";"DEL01-RJ";"UOP01-DEL01-RJ"
460190;2022-06-23;"quinta-feira";"11:15:00";"MA";10;130;"ESTREITO";"Acessar a via sem observar a presença dos outros veículos";"Colisão transversal";"Com Vítimas Feridas";"Pleno dia";"Decrescente";"Céu Claro";"Simples";"Reta";"Sim";3;0;0;1;1;1;1;3;-6,553709;-47,440681;"SPRF-MA";"DEL04-MA";"UOP02-DEL04-MA"
460192;2022-07-07;"quinta-feira";"10:50:00";"SC";470;18;"ILHOTA";"Condutor deixou de manter distância do veículo da frente";"Colisão traseira";"Com Vítimas Feridas";"Pleno dia";"Crescente";"Céu Claro";"Simples";"Reta";"Não";4;0;2;0;2;0;2;2;-26,855534;-48,808922;"SPRF-SC";"DEL04-SC";"UOP04-DEL04-SC"
460193;2022-06-01;"quarta-feira";"05:00:00";"GO";50;150,9;"CAMPO ALEGRE DE GOIAS";"Condutor Dormindo";"Saída de leito carroçável";"Com Vítimas Feridas";"Amanhecer";"Decrescente";"Céu Claro";"Dupla";"Reta";"Não";2;0;0;1;0;2;1;3;-17,1748;-47,7241;"SPRF-GO";"DEL06-GO";"UOP01-DEL06-GO"
460194;2022-07-07;"quinta-feira";"05:40:00";"MT";174;405;"NOVA LACERDA";"Condutor Dormindo";"Saída de leito carroçável";"Com Vítimas Feridas";"Amanhecer";"Crescente";"Ignorado";"Simples";"Reta";"Não";4;0;1;1;1;1;2;3;-14,35546098;-59,65409089;"SPRF-MT";"DEL04-MT";"UOP01-DEL04-MT"
460195;2022-07-07;"quinta-feira";"12:00:00";"MG";40;521;"CONTAGEM";"Acessar a via sem observar a presença dos outros veículos";"Colisão lateral mesmo sentido";"Com Vítimas Fatais";"Pleno dia";"Decrescente";"Céu Claro";"Dupla";"Retorno Regulamentado";"Não";2;1;0;0;1;0;0;2;-19,85651501;-44,07213222;"SPRF-MG";"DEL01-MG";"UOP02-DEL01-MG"
460202;2022-07-07;"quinta-feira";"10:20:00";"SC";470;18;"ILHOTA";"Manobra de mudança de faixa";"Colisão frontal";"Com Vítimas Fatais";"Pleno dia";"Crescente";"Céu Claro";"Simples";"Reta";"Não";2;1;1;0;0;0;1;2;-26,855534;-48,808922;"SPRF-SC";"DEL04-SC";"UOP04-DEL04-SC"
460211;2022-06-19;"domingo";"19:47:00";"MG";381;579,6;"CARMOPOLIS DE MINAS";"Ausência de reação do condutor";"Capotamento";"Com Vítimas Fatais";"Plena Noite";"Decrescente";"Nublado";"Dupla";"Declive;Reta";"Não";9;2;4;1;1;1;5;4;-20,4834416;-44,59037626;"SPRF-MG";"DEL04-MG";"UOP01-DEL04-MG"
460212;2022-06-29;"quarta-feira";"09:00:00";"MG";40;585,5;"ITABIRITO";"Transitar na contramão";"Colisão frontal";"Com Vítimas Fatais";"Pleno dia";"Crescente";"Céu Claro";"Simples";"Declive;Curva";"Não";5;3;0;0;1;1;0;3;-20,340867;-43,919993;"SPRF-MG";"DEL01-MG";"UOP02-DEL01-MG"
460213;2022-07-07;"quinta-feira";"14:18:00";"SC";101;196,8;"BIGUACU";"Ausência de reação do condutor";"Colisão lateral mesmo sentido";"Com Vítimas Feridas";"Pleno dia";"Crescente";"Céu Claro";"Dupla";"Reta";"Sim";3;0;1;0;1;1;1;3;-27,51101091;-48,64322292;"SPRF-SC";"DEL01-SC";"UOP01-DEL01-SC"
460217;2022-07-07;"quinta-feira";"13:25:00";"MT";364;95,5;"ALTO GARCAS";"Acessar a via sem observar a presença dos outros veículos";"Colisão transversal";"Com Vítimas Feridas";"Pleno dia";"Crescente";"Céu Claro";"Simples";"Reta";"Não";3;0;0;1;1;2;1;4;-16,85806069;-53,75433289;"SPRF-MT";"DEL02-MT";"UOP02-DEL02-MT"
460218;2022-07-07;"quinta-feira";"14:56:00";"ES";101;277,9;"SERRA";"Ausência de reação do condutor";"Colisão transversal";"Com Vítimas Feridas";"Pleno dia";"Crescente";"Céu Claro";"Dupla";"Reta";"Não";5;0;0;1;3;1;1;4;-20,21858352;-40,34542076;"SPRF-ES";"DEL02-ES";"UOP01-DEL02-ES"
460226;2022-07-07;"quinta-feira";"14:10:00";"PI";316;0,4;"TERESINA";"Ultrapassagem Indevida";"Colisão lateral sentido oposto";"Com Vítimas Feridas";"Pleno dia";"Decrescente";"Nublado";"Simples";"Ponte";"Não";2;0;0;1;1;0;1;2;-5,131168;-42,81564;"SPRF-PI";"DEL01-PI";"UOP02-DEL01-PI"
460227;2022-07-07;"quinta-feira";"12:00:00";"PR";376;421;"TIBAGI";"Ausência de reação do condutor";"Colisão frontal";"Sem Vítimas";"Pleno dia";"Crescente";"Céu Claro";"Dupla";"Curva";"Não";2;0;0;0;1;1;0;2;-24,69018879;-50,58152676;"SPRF-PR";"DEL03-PR";"UOP02-DEL03-PR"
460241;2022-07-07;"quinta-feira";"15:30:00";"RS";285;294,9;"PASSO FUNDO";"Ausência de reação do condutor";"Colisão transversal";"Com Vítimas Feridas";"Pleno dia";"Decrescente";"Céu Claro";"Simples";"Reta";"Não";4;0;0;1;2;2;1;4;-28,234547;-52,384975;"SPRF-RS";"DEL08-RS";"UOP03-DEL08-RS"
460242;2022-06-11;"sábado";"21:30:00";"AM";174;997;"PRESIDENTE FIGUEIREDO";"Pista esburacada";"Saída de leito carroçável";"Sem Vítimas";"Plena Noite";"Decrescente";"Céu Claro";"Simples";"Reta";"Não";2;0;0;0;1;1;0;2;-1,994507;-60,02663;"SPRF-AM";"DEL01-AM";"UOP02-DEL01-AM"
460245;2022-07-07;"quinta-feira";"17:20:00";"MG";40;595,9;"OURO PRETO";"Transitar na contramão";"Colisão frontal";"Com Vítimas Fatais";"Anoitecer";"Crescente";"Céu Claro";"Simples";"Reta";"Sim";5;1;1;0;2;2;1;5;-20,40314903;-43,89730509;"SPRF-MG";"DEL05-MG";"UOP02-DEL05-MG"
460246;2022-07-07;"quinta-feira";"15:20:00";"RS";158;96,4;"PALMEIRA DAS MISSOES";"Desrespeitar a preferência no cruzamento";"Colisão lateral sentido oposto";"Com Vítimas Fatais";"Pleno dia";"Crescente";"Céu Claro";"Simples";"Curva";"Não";4;2;0;0;1;3;0;5;-27,92981113;-53,32389045;"SPRF-RS";"DEL08-RS";"UOP01-DEL08-RS"
460250;2022-07-07;"quinta-feira";"17:40:00";"MG";116;113,9;"ITAOBIM";"Acessar a via sem observar a presença dos outros veículos";"Atropelamento de Pedestre";"Com Vítimas Feridas";"Anoitecer";"Decrescente";"Nublado";"Simples";"Reta";"Sim";3;0;0;1;1;1;1;3;-16,53940705;-41,50576515;"SPRF-MG";"DEL11-MG";"UOP02-DEL11-MG"
460252;2022-05-07;"sábado";"19:30:00";"MA";222;90;"CHAPADINHA";"Pista esburacada";"Colisão frontal";"Com Vítimas Feridas";"Plena Noite";"Decrescente";"Ignorado";"Simples";"Reta";"Não";4;0;1;1;0;2;2;2;-3,73171463;-43,46175284;"SPRF-MA";"DEL01-MA";"UOP02-DEL01-MA"
460254;2022-07-07;"quinta-feira";"16:35:00";"PR";277;116,7;"CAMPO LARGO";"Ausência de reação do condutor";"Colisão com objeto";"Sem Vítimas";"Anoitecer";"Decrescente";"Céu Claro";"Simples";"Viaduto";"Sim";2;0;0;0;1;2;0;3;-25,43342542;-49,40593292;"SPRF-PR";"DEL03-PR";"UOP03-DEL03-PR"
460261;2022-07-07;"quinta-feira";"17:40:00";"BA";242;752;"ANGICAL";"Transitar na contramão";"Colisão frontal";"Com Vítimas Feridas";"Anoitecer";"Crescente";"Céu Claro";"Simples";"Reta";"Não";4;0;1;0;2;2;1;4;-12,157551;-44,666341;"SPRF-BA";"DEL10-BA";"UOP01-DEL10-BA"
460262;2022-07-07;"quinta-feira";"17:10:00";"MG";262;478;"BOM DESPACHO";"Ingestão de álcool e/ou substâncias psicoativas pelo pedestre";"Atropelamento de Pedestre";"Com Vítimas Feridas";"Pleno dia";"Decrescente";"Vento";"Simples";"Curva";"Não";3;0;0;1;1;2;1;4;-19,78767779;-45,22989387;"SPRF-MG";"DEL08-MG";"UOP03-DEL08-MG"
460265;2022-07-07;"quinta-feira";"18:45:00";"BA";324;480;"TANQUINHO";"Transitar na contramão";"Colisão frontal";"Com Vítimas Fatais";"Plena Noite";"Crescente";"Céu Claro";"Simples";"Reta";"Não";9;5;0;0;2;3;0;6;-11,95006486;-39,18878895;"SPRF-BA";"DEL02-BA";"UOP01-DEL02-BA"
460276;2022-07-07;"quinta-feira";"20:07:00";"SC";280;245,5;"CANOINHAS";"Carga excessiva e/ou mal acondicionada";"Colisão lateral sentido oposto";"Sem Vítimas";"Plena Noite";"Crescente";"Nublado";"Simples";"Reta";"Não";3;0;0;0;3;0;0;3;-26,22501599;-50,45997601;"SPRF-SC";"DEL06-SC";"UOP04-DEL06-SC"
460279;2022-07-07;"quinta-feira";"19:20:00";"RJ";101;69;"CAMPOS DOS GOYTACAZES";"Acessar a via sem observar a presença dos outros veículos";"Colisão transversal";"Com Vítimas Feridas";"Plena Noite";"Crescente";"Céu Claro";"Simples";"Retorno Regulamentado;Reta";"Não";2;0;1;0;1;0;1;2;-21,77624383;-41,3653321;"SPRF-RJ";"DEL08-RJ";"UOP02-DEL08-RJ"
460283;2022-07-07;"quinta-feira";"20:50:00";"BA";116;456;"SANTO ESTEVAO";"Ausência de reação do condutor";"Colisão traseira";"Sem Vítimas";"Plena Noite";"Decrescente";"Nublado";"Dupla";"Reta";"Não";3;0;0;0;2;1;0;3;-12,40612105;-39,17593097;"SPRF-BA";"DEL02-BA";"UOP01-DEL02-BA"
460284;2022-07-07;"quinta-feira";"15:00:00";"MA";135;71;"SANTA RITA";"Transitar na contramão";"Colisão lateral sentido oposto";"Com Vítimas Fatais";"Pleno dia";"Decrescente";"Nublado";"Simples";"Reta";"Sim";4;2;0;0;0;2;0;3;-3,14970425;-44,32934734;"SPRF-MA";"DEL01-MA";"UOP02-DEL01-MA"
460295;2022-07-07;"quinta-feira";"22:45:00";"MT";158;789;"BARRA DO GARCAS";"Reação tardia ou ineficiente do condutor";"Colisão com objeto";"Sem Vítimas";"Plena Noite";"Crescente";"Céu Claro";"Simples";"Reta";"Não";2;0;0;0;1;1;0;2;-15,81783013;-52,30325965;"SPRF-MT";"DEL07-MT";"UOP01-DEL07-MT"
460297;2022-07-07;"quinta-feira";"17:50:00";"PB";230;146,2;"CAMPINA GRANDE";"Frear bruscamente";"Colisão traseira";"Com Vítimas Feridas";"Anoitecer";"Decrescente";"Chuva";"Dupla";"Reta";"Sim";2;0;1;0;1;0;1;2;-7,2468;-35,8484;"SPRF-PB";"DEL02-PB";"UOP01-DEL02-PB"
460298;2022-07-07;"quinta-feira";"21:15:00";"PR";476;133;"CURITIBA";"Ingestão de álcool pelo condutor";"Colisão traseira";"Sem Vítimas";"Plena Noite";"Crescente";"Céu Claro";"Múltipla";"Reta;Interseção de Vias";"Sim";4;0;0;0;3;1;0;3;-25,469219;-49,254143;"SPRF-PR";"DEL01-PR";"UOP03-DEL01-PR"
460299;2022-07-07;"quinta-feira";"21:00:00";"MT";364;230;"RONDONOPOLIS";"Ausência de reação do condutor";"Saída de leito carroçável";"Com Vítimas Feridas";"Plena Noite";"Decrescente";"Céu Claro";"Dupla";"Reta";"Não";2;0;1;0;0;1;1;2;-16,26578313;-54,77468128;"SPRF-MT";"DEL02-MT";"UOP01-DEL02-MT"
460303;2022-07-07;"quinta-feira";"17:00:00";"RO";319;62;"PORTO VELHO";"Ausência de reação do condutor";"Colisão lateral mesmo sentido";"Sem Vítimas";"Pleno dia";"Decrescente";"Céu Claro";"Dupla";"Reta";"Sim";2;0;0;0;1;1;0;2;-8,766685;-63,884052;"SPRF-RO";"DEL01-RO";"UOP01-DEL01-RO"
460305;2022-07-07;"quinta-feira";"21:05:00";"SP";381;54,3;"MAIRIPORA";"Velocidade Incompatível";"Tombamento";"Com Vítimas Fatais";"Plena Noite";"Decrescente";"Céu Claro";"Dupla";"Declive;Curva";"Não";3;1;1;0;0;2;1;3;-23,2449074;-46,59562343;"SPRF-SP";"DEL03-SP";"UOP01-DEL03-SP"
460317;2022-07-08;"sexta-feira";"01:40:00";"PR";116;0,8;"CAMPINA GRANDE DO SUL";"Demais falhas mecânicas ou elétricas";"Engavetamento";"Com Vítimas Feridas";"Plena Noite";"Crescente";"Nublado";"Dupla";"Curva";"Não";6;0;1;0;3;3;1;6;-25,063395;-48,567405;"SPRF-PR";"DEL01-PR";"UOP02-DEL01-PR"
460319;2022-07-08;"sexta-feira";"02:45:00";"MG";267;23,3;"ARGIRITA";"Condutor Dormindo";"Saída de leito carroçável";"Com Vítimas Feridas";"Plena Noite";"Decrescente";"Céu Claro";"Simples";"Aclive;Reta";"Não";2;0;0;1;0;1;1;2;-21,60105599;-42,79649605;"SPRF-MG";"DEL07-MG";"UOP01-DEL07-MG"
460321;2022-07-08;"sexta-feira";"04:00:00";"SC";470;55,4;"BLUMENAU";"Ausência de reação do condutor";"Colisão traseira";"Sem Vítimas";"Plena Noite";"Crescente";"Céu Claro";"Simples";"Reta";"Não";3;0;0;0;2;1;0;3;-26,875601;-49,117992;"SPRF-SC";"DEL04-SC";"UOP01-DEL04-SC"
460326;2022-07-08;"sexta-feira";"04:15:00";"MG";381;576,6;"ITAGUARA";"Condutor Dormindo";"Colisão traseira";"Com Vítimas Fatais";"Plena Noite";"Decrescente";"Céu Claro";"Dupla";"Aclive;Reta";"Não";3;1;0;0;2;0;0;3;-20,459092;-44,571687;"SPRF-MG";"DEL04-MG";"UOP01-DEL04-MG"
460327;2022-07-08;"sexta-feira";"05:30:00";"MG";262;524;"LUZ";"Desrespeitar a preferência no cruzamento";"Colisão transversal";"Sem Vítimas";"Plena Noite";"Crescente";"Nublado";"Simples";"Interseção de Vias";"Sim";3;0;0;0;2;1;0;3;-19,78323056;-45,65745094;"SPRF-MG";"DEL08-MG";"UOP03-DEL08-MG"
460328;2022-07-08;"sexta-feira";"06:42:00";"ES";101;359,9;"ANCHIETA";"Ultrapassagem Indevida";"Colisão frontal";"Com Vítimas Fatais";"Pleno dia";"Crescente";"Céu Claro";"Simples";"Aclive;Reta";"Não";3;1;0;0;1;1;0;3;-20,69768274;-40,71161014;"SPRF-ES";"DEL03-ES";"UOP01-DEL03-ES"
460329;2022-07-08;"sexta-feira";"05:35:00";"MG";251;321,4;"SALINAS";"Velocidade Incompatível";"Colisão traseira";"Com Vítimas Fatais";"Amanhecer";"Crescente";"Céu Claro";"Simples";"Reta";"Não";4;1;0;2;1;0;2;2;-16,21224402;-42,35949798;"SPRF-MG";"DEL12-MG";"UOP01-DEL12-MG"
460336;2022-07-07;"quinta-feira";"06:15:00";"MA";230;498,5;"RIACHAO";"Velocidade Incompatível";"Tombamento";"Com Vítimas Feridas";"Pleno dia";"Decrescente";"Céu Claro";"Simples";"Curva;Declive";"Não";2;0;1;0;0;1;1;2;-7,434832;-46,810694;"SPRF-MA";"DEL05-MA";"UOP01-DEL05-MA"
460339;2022-07-08;"sexta-feira";"04:35:00";"MT";364;309;"CAMPO VERDE";"Reação tardia ou ineficiente do condutor";"Colisão traseira";"Com Vítimas Feridas";"Plena Noite";"Crescente";"Céu Claro";"Dupla";"Reta";"Não";3;0;0;1;1;3;1;5;-15,81682288;-55,22982198;"SPRF-MT";"DEL05-MT";"UOP02-DEL05-MT"
460341;2022-07-07;"quinta-feira";"23:30:00";"PA";230;1111;"ITAITUBA";"Ausência de sinalização";"Colisão frontal";"Com Vítimas Fatais";"Plena Noite";"Decrescente";"Ignorado";"Simples";"Curva";"Não";4;1;0;0;0;6;0;7;-4,3989965;-55,9181593;"SPRF-PA";"DEL05-PA";"UOP01-DEL05-PA"
460345;2022-07-08;"sexta-feira";"07:50:00";"BA";101;198;"CACHOEIRA";"Demais falhas mecânicas ou elétricas";"Saída de leito carroçável";"Sem Vítimas";"Pleno dia";"Crescente";"Chuva";"Simples";"Reta;Declive";"Não";2;0;0;0;2;0;0;1;-12,57450202;-38,98079038;"SPRF-BA";"DEL01-BA";"UOP03-DEL01-BA"
460352;2022-07-08;"sexta-feira";"07:16:00";"RJ";101;297;"ITABORAI";"Ausência de reação do condutor";"Engavetamento";"Com Vítimas Feridas";"Pleno dia";"Crescente";"Céu Claro";"Dupla";"Reta";"Sim";5;0;1;0;3;1;1;4;-22,76942037;-42,91873581;"SPRF-RJ";"DEL02-RJ";"UOP02-DEL02-RJ"
460353;2022-07-07;"quinta-feira";"17:20:00";"SP";0;0;"SAO PAULO";"Manobra de mudança de faixa";"Colisão com objeto";"Sem Vítimas";"Anoitecer";"Não Informado";"Céu Claro";"Dupla";"Curva";"Sim";5;0;0;0;4;1;0;2;-23,525478;-46,588384;"SPRF-SP";"DEL01-SP";"UOP01-DEL01-SP"
460355;2022-07-08;"sexta-feira";"07:50:00";"PE";101;79,6;"JABOATAO DOS GUARARAPES";"Problema com o freio";"Colisão frontal";"Com Vítimas Feridas";"Pleno dia";"Decrescente";"Céu Claro";"Dupla";"Reta";"Sim";3;0;1;0;2;0;1;2;-8,14366112;-34,94723453;"SPRF-PE";"DEL01-PE";"UOP01-DEL01-PE"
460356;2022-07-08;"sexta-feira";"07:00:00";"PR";376;338;"ORTIGUEIRA";"Velocidade Incompatível";"Tombamento";"Com Vítimas Feridas";"Pleno dia";"Crescente";"Céu Claro";"Simples";"Curva";"Não";2;0;0;1;0;2;1;3;-24,1569867;-50,97397383;"SPRF-PR";"DEL07-PR";"UOP02-DEL07-PR"
460357;2022-06-02;"quinta-feira";"14:55:00";"SC";280;162,1;"MAFRA";"Transitar na contramão";"Colisão frontal";"Com Vítimas Fatais";"Pleno dia";"Crescente";"Chuva";"Simples";"Reta";"Não";2;1;0;0;1;0;0;2;-26,1928161;-49,8031002;"SPRF-SC";"DEL06-SC";"UOP03-DEL06-SC"
460358;2022-07-08;"sexta-feira";"07:30:00";"RS";116;527;"PELOTAS";"Retorno proibido";"Colisão transversal";"Com Vítimas Feridas";"Pleno dia";"Crescente";"Nublado";"Dupla";"Reta";"Não";3;0;1;0;1;1;1;3;-31,7470243;-52,40899728;"SPRF-RS";"DEL07-RS";"UOP01-DEL07-RS"
460360;2022-07-08;"sexta-feira";"08:00:00";"PR";369;506,3;"CASCAVEL";"Ausência de reação do condutor";"Colisão traseira";"Com Vítimas Feridas";"Pleno dia";"Crescente";"Céu Claro";"Simples";"Reta";"Não";5;0;1;0;3;1;1;3;-24,8326;-53,3005;"SPRF-PR";"DEL04-PR";"UOP03-DEL04-PR"
460363;2022-07-08;"sexta-feira";"08:45:00";"MG";381;338;"BELA VISTA DE MINAS";"Desrespeitar a preferência no cruzamento";"Colisão transversal";"Com Vítimas Feridas";"Pleno dia";"Decrescente";"Céu Claro";"Simples";"Curva";"Não";3;0;1;0;1;1;1;3;-19,82924241;-43,0894489;"SPRF-MG";"DEL03-MG";"UOP01-DEL03-MG"
460367;2022-07-08;"sexta-feira";"08:50:00";"SP";116;143;"SAO JOSE DOS CAMPOS";"Ausência de reação do condutor";"Engavetamento";"Com Vítimas Feridas";"Pleno dia";"Decrescente";"Céu Claro";"Dupla";"Reta";"Sim";4;0;1;0;3;0;1;3;-23,17849879;-45,83787411;"SPRF-SP";"DEL02-SP";"UOP01-DEL02-SP"
460370;2022-07-01;"sexta-feira";"20:30:00";"MS";60;614,6;"JARDIM";"Reação tardia ou ineficiente do condutor";"Colisão traseira";"Com Vítimas Feridas";"Plena Noite";"Decrescente";"Céu Claro";"Simples";"Aclive";"Não";6;0;1;0;4;2;1;4;-21,64149386;-56,23487213;"SPRF-MS";"DEL05-MS";"UOP01-DEL05-MS"
460373;2022-07-08;"sexta-feira";"09:10:00";"PE";101;78;"RECIFE";"Manobra de mudança de faixa";"Colisão lateral mesmo sentido";"Sem Vítimas";"Pleno dia";"Crescente";"Nublado";"Dupla";"Reta";"Sim";2;0;0;0;2;0;0;2;-8,133763;-34,947327;"SPRF-PE";"DEL01-PE";"UOP01-DEL01-PE"
460374;2022-07-08;"sexta-feira";"03:10:00";"MT";70;76;"GENERAL CARNEIRO";"Reação tardia ou ineficiente do condutor";"Tombamento";"Sem Vítimas";"Plena Noite";"Crescente";"Céu Claro";"Simples";"Reta";"Não";2;0;0;0;1;3;0;4;-15,67421693;-52,81408803;"SPRF-MT";"DEL07-MT";"UOP01-DEL07-MT"
460377;2022-07-08;"sexta-feira";"07:40:00";"BA";242;243;"ITABERABA";"Reação tardia ou ineficiente do condutor";"Tombamento";"Com Vítimas Feridas";"Pleno dia";"Crescente";"Céu Claro";"Simples";"Curva";"Não";3;0;0;2;0;1;2;2;-12,50004044;-40,41835121;"SPRF-BA";"DEL06-BA";"UOP02-DEL06-BA"
460378;2022-07-08;"sexta-feira";"09:30:00";"MA";135;0,3;"SAO LUIS";"Acessar a via sem observar a presença dos outros veículos";"Colisão transversal";"Com Vítimas Feridas";"Pleno dia";"Decrescente";"Céu Claro";"Dupla";"Curva";"Não";2;0;0;1;1;0;1;2;-2,674492;-44,29607;"SPRF-MA";"DEL01-MA";"UOP01-DEL01-MA"