"id";"data_inversa";"dia_semana";"horario";"uf";"br";"km";"municipio";"causa_acidente";"tipo_acidente";"classificacao_acidente";"fase_dia";"sentido_via";"condicao_metereologica";"tipo_pista";"tracado_via";"uso_solo";"pessoas";"mortos";"feridos_leves";"feridos_graves";"ilesos";"ignorados";"feridos";"veiculos";"latitude";"longitude";"regional";"delegacia";"uop"
460381;2022-07-08;"sexta-feira";"10:15:00";"MG";354;720;"POUSO ALTO";"Velocidade Incompatível";"Colisão frontal";"Com Vítimas Feridas";"Pleno dia";"Decrescente";"Céu Claro";"Simples";"Curva";"Não";3;0;1;0;1;1;1;3;-22,08946506;-44,95649627;"SPRF-MG";"DEL17-MG";"UOP01-DEL17-MG"
460382;2022-07-08;"sexta-feira";"10:15:00";"PR";153;42,4;"SANTO ANTONIO DA PLATINA";"Ultrapassagem Indevida";"Colisão traseira";"Com Vítimas Feridas";"Pleno dia";"Crescente";"Céu Claro";"Dupla";"Reta";"Sim";5;0;0;1;2;2;1;5;-23,29512144;-50,06578041;"SPRF-PR";"DEL07-PR";"UOP04-DEL07-PR"
460383;2022-07-08;"sexta-feira";"09:45:00";"AL";104;8,6;"SAO JOSE DA LAJE";"Demais falhas mecânicas ou elétricas";"Tombamento";"Com Vítimas Feridas";"Pleno dia";"Decrescente";"Nublado";"Simples";"Curva";"Não";3;0;1;0;0;2;1;3;-8,96884518;-36,01696014;"SPRF-AL";"DEL01-AL";"UOP02-DEL01-AL"
460389;2022-07-08;"sexta-feira";"11:00:00";"MG";381;655,4;"SANTO ANTONIO DO AMPARO";"Ausência de reação do condutor";"Colisão traseira";"Com Vítimas Feridas";"Pleno dia";"Crescente";"Céu Claro";"Dupla";"Aclive;Curva";"Não";2;0;1;0;1;0;1;2;-20,98526735;-44,94654398;"SPRF-MG";"DEL04-MG";"UOP02-DEL04-MG"
460391;2022-07-08;"sexta-feira";"11:40:00";"PR";280;293,6;"FLOR DA SERRA DO SUL";"Desrespeitar a preferência no cruzamento";"Colisão transversal";"Com Vítimas Feridas";"Pleno dia";"Crescente";"Céu Claro";"Simples";"Reta";"Não";7;0;2;0;4;1;2;3;-26,25026574;-53,33540044;"SPRF-PR";"DEL02-PR";"UOP01-DEL02-PR"
460400;2022-07-08;"sexta-feira";"09:30:00";"MT";70;86,1;"GENERAL CARNEIRO";"Reação tardia ou ineficiente do condutor";"Colisão traseira";"Com Vítimas Feridas";"Pleno dia";"Crescente";"Céu Claro";"Simples";"Reta";"Não";3;0;0;1;2;0;1;3;-15,62175737;-52,85223412;"SPRF-MT";"DEL07-MT";"UOP01-DEL07-MT"
460403;2022-07-08;"sexta-feira";"07:10:00";"SC";163;72;"SAO MIGUEL DO OESTE";"Desrespeitar a preferência no cruzamento";"Colisão transversal";"Com Vítimas Feridas";"Pleno dia";"Decrescente";"Céu Claro";"Dupla";"Reta;Interseção de Vias";"Sim";3;0;1;0;1;1;1;3;-26,71908804;-53,5157791;"SPRF-SC";"DEL07-SC";"UOP03-DEL07-SC"
460409;2022-07-01;"sexta-feira";"05:00:00";"GO";60;11,8;"SANTO ANTONIO DO DESCOBERTO";"Condutor Dormindo";"Colisão traseira";"Com Vítimas Feridas";"Plena Noite";"Decrescente";"Céu Claro";"Dupla";"Aclive;Reta";"Não";5;0;2;1;2;0;3;2;-16,114329;-48,331382;"SPRF-DF";"DEL03-DF";"UOP01-DEL03-DF"
460411;2022-07-08;"sexta-feira";"13:45:00";"SP";116;221;"GUARULHOS";"Transitar no acostamento";"Colisão lateral mesmo sentido";"Com Vítimas Feridas";"Pleno dia";"Crescente";"Céu Claro";"Múltipla";"Reta";"Sim";2;0;1;0;1;0;1;2;-23,46802395;-46,50704901;"SPRF-SP";"DEL01-SP";"UOP01-DEL01-SP"
460414;2022-07-08;"sexta-feira";"13:40:00";"CE";222;5,3;"CAUCAIA";"Ausência de reação do condutor";"Colisão traseira";"Com Vítimas Feridas";"Pleno dia";"Decrescente";"Nublado";"Dupla";"Reta";"Sim";5;0;3;0;2;0;3;3;-3,74296918;-38,61330997;"SPRF-CE";"DEL01-CE";"UOP01-DEL01-CE"
460418;2022-04-08;"sexta-feira";"18:30:00";"PA";155;342;"MARABA";"Reação tardia ou ineficiente do condutor";"Engavetamento";"Com Vítimas Feridas";"Anoitecer";"Crescente";"Céu Claro";"Simples";"Reta";"Não";16;0;12;0;3;1;12;4;-5,393215;-49,078234;"SPRF-PA";"DEL03-PA";"UOP01-DEL03-PA"
460420;2022-07-08;"sexta-feira";"12:30:00";"MG";40;772,2;"JUIZ DE FORA";"Reação tardia ou ineficiente do condutor";"Colisão lateral mesmo sentido";"Com Vítimas Feridas";"Pleno dia";"Crescente";"Céu Claro";"Simples";"Curva";"Não";3;0;1;0;2;0;1;2;-21,61781996;-43,45469344;"SPRF-MG";"DEL05-MG";"UOP01-DEL05-MG"
460423;2022-07-08;"sexta-feira";"11:15:00";"PR";373;183,3;"PONTA GROSSA";"Desrespeitar a preferência no cruzamento";"Colisão transversal";"Com Vítimas Feridas";"Pleno dia";"Decrescente";"Céu Claro";"Dupla";"Interseção de Vias;Reta";"Sim";3;0;1;0;1;2;1;4;-25,0394838;-50,278269;"SPRF-PR";"DEL03-PR";"UOP01-DEL03-PR"
460424;2022-07-08;"sexta-feira";"07:00:00";"BA";407;231;"CAPIM GROSSO";"Acesso irregular";"Colisão transversal";"Com Vítimas Feridas";"Pleno dia";"Decrescente";"Nublado";"Simples";"Reta";"Sim";2;0;0;1;0;1;1;2;-11,3746;-40,00647;"SPRF-BA";"DEL04-BA";"UOP02-DEL04-BA"
460425;2022-07-08;"sexta-feira";"10:40:00";"PI";316;1;"TERESINA";"Manobra de mudança de faixa";"Colisão lateral mesmo sentido";"Sem Vítimas";"Pleno dia";"Crescente";"Sol";"Múltipla";"Viaduto;Em Obras;Curva;Interseção de Vias;Desvio Temporário;Rotatória";"Sim";3;0;0;0;2;1;0;3;-5,12861853;-42,80706778;"SPRF-PI";"DEL01-PI";"UOP02-DEL01-PI"
460429;2022-01-30;"domingo";"15:50:00";"MG";365;427;"PATOS DE MINAS";"Ingestão de álcool pelo condutor";"Colisão lateral sentido oposto";"Com Vítimas Feridas";"Pleno dia";"Crescente";"Céu Claro";"Simples";"Declive";"Não";2;0;1;0;1;0;1;2;-18,74966665;-46,6410042;"SPRF-MG";"DEL10-MG";"UOP01-DEL10-MG"
460435;2022-06-19;"domingo";"15:30:00";"MG";251;472,8;"FRANCISCO SA";"Problema com o freio";"Saída de leito carroçável";"Com Vítimas Feridas";"Pleno dia";"Crescente";"Céu Claro";"Simples";"Curva";"Não";2;0;1;1;0;0;2;1;-16,47130466;-43,45673904;"SPRF-MG";"DEL12-MG";"UOP01-DEL12-MG"
460438;2022-07-08;"sexta-feira";"10:25:00";"MT";163;691;"LUCAS DO RIO VERDE";"Reação tardia ou ineficiente do condutor";"Colisão lateral mesmo sentido";"Com Vítimas Feridas";"Pleno dia";"Crescente";"Céu Claro";"Simples";"Ponte";"Sim";4;0;1;1;1;4;2;7;-13,09744628;-55,94721448;"SPRF-MT";"DEL06-MT";"UOP01-DEL06-MT"
460442;2022-07-08;"sexta-feira";"13:50:00";"MG";116;284;"TEOFILO OTONI";"Ausência de reação do condutor";"Tombamento";"Com Vítimas Feridas";"Pleno dia";"Crescente";"Céu Claro";"Simples";"Reta";"Não";2;0;1;0;0;1;1;2;-17,91853602;-41,52729437;"SPRF-MG";"DEL11-MG";"UOP01-DEL11-MG"
460444;2022-07-08;"sexta-feira";"14:30:00";"PR";376;523;"PONTA GROSSA";"Avarias e/ou desgaste excessivo no pneu";"Saída de leito carroçável";"Sem Vítimas";"Pleno dia";"Decrescente";"Sol";"Dupla";"Declive;Reta";"Não";1;0;0;0;1;0;0;1;-25,26648;-49,951909;"SPRF-PR";"DEL03-PR";"UOP01-DEL03-PR"
460446;2022-07-08;"sexta-feira";"15:20:00";"GO";60;464;"JATAI";"Demais falhas mecânicas ou elétricas";"Incêndio";"Sem Vítimas";"Pleno dia";"Decrescente";"Céu Claro";"Dupla";"Reta";"Não";2;0;0;0;1;3;0;4;-17,883;-51,6488;"SPRF-GO";"DEL05-GO";"UOP01-DEL05-GO"
460447;2022-07-08;"sexta-feira";"15:20:00";"PI";343;189;"PIRIPIRI";"Carga excessiva e/ou mal acondicionada";"Colisão com objeto";"Sem Vítimas";"Pleno dia";"Crescente";"Céu Claro";"Simples";"Reta";"Não";3;0;0;0;1;3;0;4;-4,31367;-41,776325;"SPRF-PI";"DEL02-PI";"UOP01-DEL02-PI"
460448;2022-07-08;"sexta-feira";"15:51:00";"TO";153;682,1;"CARIRI DO TOCANTINS";"Reação tardia ou ineficiente do condutor";"Colisão traseira";"Sem Vítimas";"Pleno dia";"Crescente";"Céu Claro";"Simples";"Reta";"Não";2;0;0;0;2;0;0;2;-11,80580397;-49,12547006;"SPRF-TO";"DEL01-TO";"UOP02-DEL01-TO"
460449;2022-07-08;"sexta-feira";"14:45:00";"PR";376;664;"GUARATUBA";"Ausência de reação do condutor";"Colisão traseira";"Com Vítimas Feridas";"Pleno dia";"Crescente";"Nublado";"Múltipla";"Reta";"Não";4;0;1;0;2;1;1;3;-25,85321576;-48,96608688;"SPRF-PR";"DEL01-PR";"UOP04-DEL01-PR"
460457;2022-07-08;"sexta-feira";"17:00:00";"ES";101;125;"SOORETAMA";"Acessar a via sem observar a presença dos outros veículos";"Colisão transversal";"Com Vítimas Fatais";"Pleno dia";"Decrescente";"Céu Claro";"Simples";"Reta";"Não";3;1;0;1;1;0;1;2;-19,18496498;-40,09429827;"SPRF-ES";"DEL04-ES";"UOP01-DEL04-ES"
460458;2022-07-08;"sexta-feira";"16:45:00";"MG";381;365;"SAO GONCALO DO RIO ABAIXO";"Reação tardia ou ineficiente do condutor";"Colisão frontal";"Com Vítimas Fatais";"Pleno dia";"Crescente";"Céu Claro";"Simples";"Curva";"Não";3;1;0;0;1;1;0;3;-19,854651;-43,261071;"SPRF-MG";"DEL03-MG";"UOP01-DEL03-MG"
460459;2022-07-08;"sexta-feira";"16:10:00";"RJ";116;212;"SEROPEDICA";"Problema com o freio";"Incêndio";"Sem Vítimas";"Anoitecer";"Decrescente";"Céu Claro";"Dupla";"Reta";"Não";2;0;0;0;1;1;0;2;-22,71844298;-43,700897;"SPRF-RJ";"DEL01-RJ";"UOP03-DEL01-RJ"
460460;2022-07-08;"sexta-feira";"09:00:00";"MS";163;72;"ITAQUIRAI";"Reação tardia ou ineficiente do condutor";"Saída de leito carroçável";"Com Vítimas Feridas";"Pleno dia";"Crescente";"Céu Claro";"Simples";"Reta";"Não";3;0;1;1;0;3;2;4;-23,52761097;-54,1919883;"SPRF-MS";"DEL09-MS";"UOP02-DEL09-MS"
460462;2022-07-08;"sexta-feira";"16:20:00";"PE";101;66,8;"RECIFE";"Acessar a via sem observar a presença dos outros veículos";"Colisão lateral mesmo sentido";"Sem Vítimas";"Pleno dia";"Decrescente";"Nublado";"Dupla";"Interseção de Vias";"Sim";3;0;0;0;2;1;0;3;-8,04049044;-34,94227409;"SPRF-PE";"DEL01-PE";"UOP01-DEL01-PE"
460465;2022-07-08;"sexta-feira";"17:50:00";"RJ";101;67;"CAMPOS DOS GOYTACAZES";"Reação tardia ou ineficiente do condutor";"Colisão lateral mesmo sentido";"Com Vítimas Fatais";"Plena Noite";"Crescente";"Céu Claro";"Simples";"Reta";"Sim";4;1;0;0;0;3;0;3;-21,76751094;-41,34876249;"SPRF-RJ";"DEL08-RJ";"UOP02-DEL08-RJ"
460466;2022-07-08;"sexta-feira";"17:45:00";"RJ";101;66;"CAMPOS DOS GOYTACAZES";"Desrespeitar a preferência no cruzamento";"Colisão traseira";"Sem Vítimas";"Plena Noite";"Crescente";"Céu Claro";"Simples";"Rotatória";"Sim";3;0;0;0;2;1;0;3;-21,76090387;-41,34788959;"SPRF-RJ";"DEL08-RJ";"UOP02-DEL08-RJ"
460469;2022-07-08;"sexta-feira";"15:50:00";"MG";50;176;"UBERABA";"Ausência de reação do condutor";"Colisão lateral mesmo sentido";"Sem Vítimas";"Pleno dia";"Decrescente";"Sol";"Dupla";"Reta";"Sim";3;0;0;0;2;1;0;3;-19,77919981;-47,960032;"SPRF-MG";"DEL13-MG";"UOP01-DEL13-MG"
460473;2022-07-08;"sexta-feira";"12:35:00";"RJ";101;294;"ITABORAI";"Ausência de reação do condutor";"Colisão traseira";"Com Vítimas Feridas";"Pleno dia";"Crescente";"Céu Claro";"Simples";"Reta";"Sim";3;0;1;0;1;1;1;3;-22,7584434;-42,89502344;"SPRF-RJ";"DEL02-RJ";"UOP02-DEL02-RJ"
460474;2022-07-08;"sexta-feira";"15:10:00";"MG";262;768;"UBERABA";"Demais falhas mecânicas ou elétricas";"Incêndio";"Com Vítimas Feridas";"Pleno dia";"Decrescente";"Céu Claro";"Simples";"Reta";"Não";2;0;1;0;0;2;1;3;-19,67258;-47,628577;"SPRF-MG";"DEL13-MG";"UOP01-DEL13-MG"
460476;2022-07-08;"sexta-feira";"15:55:00";"BA";101;37,9;"ESPLANADA";"Manobra de mudança de faixa";"Colisão frontal";"Com Vítimas Feridas";"Pleno dia";"Crescente";"Céu Claro";"Simples";"Declive";"Sim";2;0;1;0;1;0;1;2;-11,83041202;-37,99123193;"SPRF-SE";"DEL02-SE";"UOP03-DEL02-SE"
460477;2022-07-08;"sexta-feira";"19:00:00";"GO";60;36;"GOIANIA";"Acessar a via sem observar a presença dos outros veículos";"Colisão lateral mesmo sentido";"Sem Vítimas";"Plena Noite";"Crescente";"Céu Claro";"Dupla";"Rotatória";"Sim";2;0;0;0;2;0;0;2;-16,72432042;-49,3529892;"SPRF-DF";"DEL03-DF";"UOP01-DEL03-DF"
460491;2022-07-08;"sexta-feira";"19:40:00";"BA";116;493;"RAFAEL JAMBEIRO";"Velocidade Incompatível";"Tombamento";"Com Vítimas Feridas";"Plena Noite";"Crescente";"Nublado";"Simples";"Reta";"Não";2;0;1;0;0;1;1;2;-12,57727014;-39,50780761;"SPRF-BA";"DEL02-BA";"UOP01-DEL02-BA"
460507;2022-07-08;"sexta-feira";"21:00:00";"PR";277;524,2;"CASCAVEL";"Ultrapassagem Indevida";"Tombamento";"Com Vítimas Feridas";"Plena Noite";"Crescente";"Céu Claro";"Simples";"Curva";"Sim";3;0;1;0;1;1;1;3;-24,96467148;-53,40317845;"SPRF-PR";"DEL04-PR";"UOP01-DEL04-PR"
460511;2022-07-08;"sexta-feira";"19:40:00";"SC";282;624,4;"IRACEMINHA";"Acessar a via sem observar a presença dos outros veículos";"Colisão transversal";"Com Vítimas Feridas";"Plena Noite";"Crescente";"Nublado";"Simples";"Interseção de Vias";"Não";4;0;0;3;0;1;3;3;-26,79847275;-53,34561288;"SPRF-SC";"DEL07-SC";"UOP02-DEL07-SC"
460515;2022-07-08;"sexta-feira";"21:15:00";"RJ";101;535;"PARATY";"Velocidade Incompatível";"Colisão lateral mesmo sentido";"Sem Vítimas";"Plena Noite";"Crescente";"Céu Claro";"Simples";"Reta";"Não";2;0;0;0;1;1;0;2;-23,03389803;-44,55267499;"SPRF-RJ";"DEL03-RJ";"UOP04-DEL03-RJ"
460518;2022-07-08;"sexta-feira";"20:20:00";"GO";158;141;"CAIAPONIA";"Reação tardia ou ineficiente do condutor";"Colisão traseira";"Com Vítimas Feridas";"Plena Noite";"Decrescente";"Céu Claro";"Simples";"Reta;Ponte";"Não";3;0;1;0;1;2;1;4;-16,81705727;-51,75711074;"SPRF-GO";"DEL04-GO";"UOP01-DEL04-GO"
460520;2022-07-08;"sexta-feira";"16:30:00";"RO";364;424;"JARU";"Manobra de mudança de faixa";"Colisão lateral mesmo sentido";"Com Vítimas Feridas";"Pleno dia";"Crescente";"Céu Claro";"Simples";"Interseção de Vias";"Sim";2;0;1;0;1;0;1;2;-10,44457274;-62,46568412;"SPRF-RO";"DEL03-RO";"UOP02-DEL03-RO"
460522;2022-07-08;"sexta-feira";"20:00:00";"PA";222;108,9;"RONDON DO PARA";"Reação tardia ou ineficiente do condutor";"Saída de leito carroçável";"Com Vítimas Fatais";"Plena Noite";"Crescente";"Céu Claro";"Simples";"Curva";"Não";1;1;0;0;0;0;0;1;-4,784832;-48,095142;"SPRF-PA";"DEL02-PA";"UOP02-DEL02-PA"
460526;2022-07-08;"sexta-feira";"19:45:00";"RS";392;231;"CACAPAVA DO SUL";"Reação tardia ou ineficiente do condutor";"Saída de leito carroçável";"Sem Vítimas";"Plena Noite";"Crescente";"Céu Claro";"Simples";"Ponte";"Não";2;0;0;0;1;1;0;2;-30,65627611;-53,28780618;"SPRF-RS";"DEL09-RS";"UOP02-DEL09-RS"
460527;2022-07-08;"sexta-feira";"22:00:00";"SP";116;304,6;"SAO LOURENCO DA SERRA";"Velocidade Incompatível";"Capotamento";"Com Vítimas Feridas";"Plena Noite";"Crescente";"Ignorado";"Dupla";"Declive";"Não";1;0;1;0;0;0;1;1;-23,835151;-46,92964497;"SPRF-SP";"DEL04-SP";"UOP01-DEL04-SP"
460530;2022-07-08;"sexta-feira";"15:15:00";"MG";381;174,2;"GOVERNADOR VALADARES";"Velocidade Incompatível";"Colisão frontal";"Com Vítimas Fatais";"Pleno dia";"Crescente";"Céu Claro";"Simples";"Reta";"Não";5;1;0;0;1;3;0;4;-18,99804398;-42,12267802;"SPRF-MG";"DEL06-MG";"UOP01-DEL06-MG"
460533;2022-07-08;"sexta-feira";"22:18:00";"TO";153;337;"GUARAI";"Ausência de reação do condutor";"Colisão traseira";"Com Vítimas Fatais";"Plena Noite";"Crescente";"Céu Claro";"Dupla";"Reta";"Não";4;1;0;0;2;1;0;3;-8,863007;-48,50835;"SPRF-TO";"DEL02-TO";"UOP02-DEL02-TO"
460538;2022-07-08;"sexta-feira";"11:30:00";"MG";381;235;"BELO ORIENTE";"Velocidade Incompatível";"Colisão frontal";"Com Vítimas Feridas";"Pleno dia";"Decrescente";"Céu Claro";"Simples";"Curva";"Não";2;0;0;1;1;0;1;2;-19,38322615;-42,4695349;"SPRF-MG";"DEL06-MG";"UOP01-DEL06-MG"
460543;2022-07-08;"sexta-feira";"22:10:00";"RJ";116;202;"SEROPEDICA";"Manobra de mudança de faixa";"Colisão lateral mesmo sentido";"Com Vítimas Fatais";"Plena Noite";"Decrescente";"Céu Claro";"Dupla";"Reta";"Não";7;1;0;1;4;1;1;4;-22,72251542;-43,6726284;"SPRF-RJ";"DEL01-RJ";"UOP03-DEL01-RJ"
460546;2022-07-08;"sexta-feira";"22:00:00";"MG";262;116;"RIO CASCA";"Ausência de reação do condutor";"Colisão lateral sentido oposto";"Sem Vítimas";"Plena Noite";"Decrescente";"Céu Claro";"Simples";"Curva";"Sim";3;0;0;0;2;1;0;3;-20,23385336;-42,6212197;"SPRF-MG";"DEL03-MG";"UOP03-DEL03-MG"
460548;2022-07-08;"sexta-feira";"23:40:00";"PR";369;524,5;"CASCAVEL";"Manobra de mudança de faixa";"Colisão lateral mesmo sentido";"Sem Vítimas";"Plena Noite";"Crescente";"Céu Claro";"Dupla";"Curva;Desvio Temporário;Aclive;Em Obras";"Sim";2;0;0;0;2;0;0;2;-24,96442832;-53,40539932;"SPRF-PR";"DEL04-PR";"UOP01-DEL04-PR"
460549;2022-07-08;"sexta-feira";"23:35:00";"SP";116;216;"GUARULHOS";"Ausência de reação do condutor";"Colisão com objeto";"Com Vítimas Feridas";"Plena Noite";"Decrescente";"Céu Claro";"Múltipla";"Declive;Reta";"Sim";5;0;2;0;2;1;2;4;-23,45137667;-46,46482944;"SPRF-SP";"DEL01-SP";"UOP01-DEL01-SP"
460551;2022-05-12;"quinta-feira";"11:20:00";"PR";277;723,2;"FOZ DO IGUACU";"Demais falhas mecânicas ou elétricas";"Colisão lateral mesmo sentido";"Com Vítimas Feridas";"Pleno dia";"Decrescente";"Céu Claro";"Dupla";"Retorno Regulamentado";"Sim";4;0;1;0;3;0;1;4;-25,49878215;-54,52985294;"SPRF-PR";"DEL05-PR";"UOP03-DEL05-PR"
460553;2022-07-08;"sexta-feira";"20:15:00";"PR";277;218;"TEIXEIRA SOARES";"Ultrapassagem Indevida";"Colisão lateral mesmo sentido";"Com Vítimas Feridas";"Plena Noite";"Crescente";"Céu Claro";"Simples";"Reta;Declive";"Não";5;0;3;0;1;2;3;5;-25,46475363;-50,35922095;"SPRF-PR";"DEL08-PR";"UOP02-DEL08-PR"
460559;2022-07-09;"sábado";"02:20:00";"MG";381;481;"BETIM";"Pedestre andava na pista";"Atropelamento de Pedestre";"Com Vítimas Fatais";"Plena Noite";"Crescente";"Céu Claro";"Múltipla";"Reta";"Sim";2;1;0;0;1;0;0;2;-19,955532;-44,097209;"SPRF-MG";"DEL01-MG";"UOP03-DEL01-MG"
460561;2022-07-08;"sexta-feira";"23:40:00";"TO";153;336;"GUARAI";"Condutor Dormindo";"Colisão traseira";"Com Vítimas Feridas";"Plena Noite";"Crescente";"Céu Claro";"Simples";"Reta";"Não";5;0;2;0;2;1;2;4;-8,85386;-48,508884;"SPRF-TO";"DEL02-TO";"UOP02-DEL02-TO"
460566;2022-07-09;"sábado";"02:20:00";"MG";381;480,1;"CONTAGEM";"Velocidade Incompatível";"Colisão lateral mesmo sentido";"Com Vítimas Feridas";"Plena Noite";"Crescente";"Céu Claro";"Dupla";"Reta";"Não";4;0;1;0;2;1;1;3;-19,95749597;-44,07899901;"SPRF-MG";"DEL01-MG";"UOP03-DEL01-MG"
460570;2022-07-09;"sábado";"02:20:00";"SC";470;35;"GASPAR";"Acessar a via sem observar a presença dos outros veículos";"Colisão transversal";"Com Vítimas Feridas";"Plena Noite";"Crescente";"Céu Claro";"Simples";"Reta";"Não";3;0;0;1;1;1;1;3;-26,912857;-48,958965;"SPRF-SC";"DEL04-SC";"UOP01-DEL04-SC"
460574;2022-07-09;"sábado";"03:40:00";"MG";50;171;"UBERABA";"Condutor deixou de manter distância do veículo da frente";"Colisão traseira";"Com Vítimas Feridas";"Plena Noite";"Decrescente";"Céu Claro";"Dupla";"Em Obras";"Não";2;0;1;0;0;1;1;2;-19,74554892;-47,98382166;"SPRF-MG";"DEL13-MG";"UOP01-DEL13-MG"
460592;2022-07-09;"sábado";"04:20:00";"GO";153;110;"SANTA TEREZA DE GOIAS";"Reação tardia ou ineficiente do condutor";"Colisão com objeto";"Com Vítimas Feridas";"Plena Noite";"Crescente";"Céu Claro";"Simples";"Declive";"Não";3;0;1;0;1;2;1;4;-13,735314;-49,027287;"SPRF-GO";"DEL07-GO";"UOP01-DEL07-GO"
460598;2022-07-09;"sábado";"06:00:00";"PR";376;665,4;"GUARATUBA";"Velocidade Incompatível";"Saída de leito carroçável";"Com Vítimas Fatais";"Amanhecer";"Crescente";"Céu Claro";"Simples";"Curva";"Não";1;1;0;0;0;0;0;1;-25,863388;-48,951082;"SPRF-PR";"DEL01-PR";"UOP04-DEL01-PR"
460600;2022-07-09;"sábado";"06:35:00";"PB";101;125;"CAAPORA";"Demais falhas mecânicas ou elétricas";"Saída de leito carroçável";"Sem Vítimas";"Pleno dia";"Decrescente";"Céu Claro";"Dupla";"Reta";"Não";2;0;0;0;1;1;0;2;-7,47616812;-34,97864057;"SPRF-PB";"DEL01-PB";"UOP02-DEL01-PB"
460601;2022-07-08;"sexta-feira";"23:30:00";"MG";116;413,9;"GOVERNADOR VALADARES";"Velocidade Incompatível";"Colisão frontal";"Com Vítimas Fatais";"Plena Noite";"Crescente";"Céu Claro";"Simples";"Declive;Reta";"Sim";5;1;0;0;2;2;0;4;-18,87910255;-41,96135759;"SPRF-MG";"DEL06-MG";"UOP01-DEL06-MG"
460603;2022-07-09;"sábado";"00:50:00";"MG";50;20,8;"ARAGUARI";"Carga excessiva e/ou mal acondicionada";"Derramamento de carga";"Com Vítimas Feridas";"Plena Noite";"Crescente";"Céu Claro";"Dupla";"Reta";"Não";3;0;1;0;1;1;1;3;-18,594852;-48,053777;"SPRF-MG";"DEL15-MG";"UOP02-DEL15-MG"
460607;2022-07-09;"sábado";"05:50:00";"PA";10;317;"IRITUIA";"Manobra de mudança de faixa";"Colisão lateral mesmo sentido";"Com Vítimas Fatais";"Amanhecer";"Crescente";"Céu Claro";"Simples";"Reta";"Não";4;1;0;0;1;3;0;4;-1,65914611;-47,49362371;"SPRF-PA";"DEL01-PA";"UOP02-DEL01-PA"
460610;2022-07-09;"sábado";"06:45:00";"MT";70;2;"BARRA DO GARCAS";"Reação tardia ou ineficiente do condutor";"Queda de ocupante de veículo";"Com Vítimas Fatais";"Pleno dia";"Crescente";"Céu Claro";"Simples";"Reta";"Sim";3;1;0;0;1;2;0;4;-15,88749699;-52,26810568;"SPRF-MT";"DEL07-MT";"UOP01-DEL07-MT"
460619;2022-07-09;"sábado";"06:45:00";"PI";316;297;"PICOS";"Ausência de reação do condutor";"Colisão com objeto";"Sem Vítimas";"Pleno dia";"Decrescente";"Céu Claro";"Simples";"Aclive";"Não";2;0;0;0;1;1;0;2;-7,02245207;-41,56280109;"SPRF-PI";"DEL04-PI";"UOP01-DEL04-PI"
460625;2022-07-09;"sábado";"05:30:00";"GO";80;2;"PADRE BERNARDO";"Transitar na contramão";"Colisão frontal";"Com Vítimas Feridas";"Amanhecer";"Decrescente";"Nevoeiro/Neblina";"Dupla";"Declive";"Não";7;0;1;0;4;2;1;4;-15,502505;-48,21132;"SPRF-DF";"DEL03-DF";"UOP02-DEL03-DF"
460628;2022-07-09;"sábado";"09:10:00";"SP";116;218;"GUARULHOS";"Trafegar com motocicleta (ou similar) entre as faixas";"Engavetamento";"Com Vítimas Feridas";"Pleno dia";"Decrescente";"Sol";"Múltipla";"Reta";"Sim";4;0;0;1;2;1;1;4;-23,457972;-46,479927;"SPRF-SP";"DEL01-SP";"UOP01-DEL01-SP"
460635;2022-07-09;"sábado";"07:30:00";"RJ";393;297,9;"BARRA MANSA";"Velocidade Incompatível";"Colisão com objeto";"Com Vítimas Fatais";"Pleno dia";"Decrescente";"Céu Claro";"Simples";"Declive;Reta";"Sim";4;1;0;1;0;2;1;3;-22,5337622;-44,11657385;"SPRF-RJ";"DEL07-RJ";"UOP02-DEL07-RJ"
460639;2022-07-09;"sábado";"07:25:00";"MG";116;391,2;"GOVERNADOR VALADARES";"Ingestão de álcool pelo condutor";"Colisão lateral sentido oposto";"Com Vítimas Feridas";"Pleno dia";"Decrescente";"Nublado";"Simples";"Curva";"Não";5;0;1;0;3;1;1;5;-18,70900203;-41,98610196;"SPRF-MG";"DEL06-MG";"UOP01-DEL06-MG"
460640;2022-07-09;"sábado";"10:20:00";"RN";101;112;"PARNAMIRIM";"Reação tardia ou ineficiente do condutor";"Colisão transversal";"Com Vítimas Feridas";"Pleno dia";"Decrescente";"Céu Claro";"Dupla";"Reta";"Não";2;0;1;0;1;0;1;2;-5,96429;-35,264877;"SPRF-RN";"DEL01-RN";"UOP01-DEL01-RN"
460641;2022-07-08;"sexta-feira";"22:30:00";"BA";324;255;"JACOBINA";"Ingestão de álcool e/ou substâncias psicoativas pelo pedestre";"Colisão frontal";"Com Vítimas Feridas";"Plena Noite";"Decrescente";"Nublado";"Simples";"Reta";"Não";3;0;0;1;1;1;1;3;-11,03733933;-40,80530405;"SPRF-BA";"DEL04-BA";"UOP02-DEL04-BA"
460648;2022-07-09;"sábado";"09:30:00";"BA";116;672;"JEQUIE";"Condutor deixou de manter distância do veículo da frente";"Colisão traseira";"Com Vítimas Feridas";"Pleno dia";"Decrescente";"Chuva";"Simples";"Reta";"Não";2;0;1;0;1;0;1;2;-13,79970305;-40,11130458;"SPRF-BA";"DEL03-BA";"UOP01-DEL03-BA"
460649;2022-07-09;"sábado";"06:30:00";"BA";116;636;"JAGUAQUARA";"Acessar a via sem observar a presença dos outros veículos";"Colisão transversal";"Com Vítimas Feridas";"Amanhecer";"Decrescente";"Garoa/Chuvisco";"Simples";"Reta";"Não";3;0;0;1;1;2;1;4;-13,49889298;-40,05022605;"SPRF-BA";"DEL03-BA";"UOP01-DEL03-BA"