"id";"data_inversa";"dia_semana";"horario";"uf";"br";"km";"municipio";"causa_acidente";"tipo_acidente";"classificacao_acidente";"fase_dia";"sentido_via";"condicao_metereologica";"tipo_pista";"tracado_via";"uso_solo";"pessoas";"mortos";"feridos_leves";"feridos_graves";"ilesos";"ignorados";"feridos";"veiculos";"latitude";"longitude";"regional";"delegacia";"uop"
460652;2022-07-09;"sábado";"11:00:00";"MG";381;926,2;"ITAPEVA";"Condutor deixou de manter distância do veículo da frente";"Colisão traseira";"Com Vítimas Feridas";"Pleno dia";"Decrescente";"Sol";"Dupla";"Declive";"Não";2;0;1;0;1;0;1;2;-22,78570092;-46,24148628;"SPRF-MG";"DEL16-MG";"UOP03-DEL16-MG"
460656;2022-07-09;"sábado";"10:10:00";"MT";163;935;"ITAUBA";"Ingestão de álcool pelo condutor";"Colisão traseira";"Sem Vítimas";"Pleno dia";"Decrescente";"Céu Claro";"Simples";"Reta";"Não";6;0;0;0;5;2;0;4;-11,12798804;-55,31138276;"SPRF-MT";"DEL06-MT";"NPF/DEL06-MT"
460657;2022-07-09;"sábado";"10:30:00";"MS";262;434;"DOIS IRMAOS DO BURITI";"Manobra de mudança de faixa";"Colisão lateral sentido oposto";"Sem Vítimas";"Pleno dia";"Crescente";"Céu Claro";"Simples";"Reta";"Não";3;0;0;0;2;3;0;5;-20,498421;-55,312333;"SPRF-MS";"DEL03-MS";"UOP01-DEL03-MS"
460675;2022-07-09;"sábado";"10:50:00";"MT";364;207,9;"RONDONOPOLIS";"Reação tardia ou ineficiente do condutor";"Colisão frontal";"Com Vítimas Feridas";"Pleno dia";"Decrescente";"Sol";"Simples";"Em Obras";"Sim";2;0;1;0;1;0;1;2;-16,44347006;-54,67236704;"SPRF-MT";"DEL02-MT";"UOP01-DEL02-MT"
460676;2022-07-09;"sábado";"12:50:00";"SP";116;112,8;"TAUBATE";"Manobra de mudança de faixa";"Colisão lateral mesmo sentido";"Sem Vítimas";"Pleno dia";"Crescente";"Sol";"Dupla";"Reta";"Sim";4;0;0;0;3;1;0;3;-23,04159343;-45,57065616;"SPRF-SP";"DEL02-SP";"UOP02-DEL02-SP"
460689;2022-07-09;"sábado";"14:15:00";"MS";163;264;"DOURADOS";"Ausência de reação do condutor";"Colisão com objeto";"Com Vítimas Feridas";"Pleno dia";"Crescente";"Céu Claro";"Dupla";"Reta";"Sim";2;0;1;0;0;1;1;2;-22,2256671;-54,73500252;"SPRF-MS";"DEL04-MS";"UOP01-DEL04-MS"
460693;2022-06-25;"sábado";"18:30:00";"BA";20;28;"CORRENTINA";"Manobra de mudança de faixa";"Colisão lateral mesmo sentido";"Sem Vítimas";"Anoitecer";"Decrescente";"Céu Claro";"Simples";"Aclive;Reta";"Não";5;0;0;0;2;4;0;5;-13,7059741;-46,144994;"SPRF-BA";"DEL10-BA";"UOP01-DEL10-BA"
460702;2022-07-09;"sábado";"16:00:00";"GO";20;15;"FORMOSA";"Ausência de reação do condutor";"Colisão traseira";"Com Vítimas Feridas";"Pleno dia";"Crescente";"Céu Claro";"Simples";"Curva";"Não";6;0;3;0;2;1;3;3;-15,564807;-47,222622;"SPRF-DF";"DEL02-DF";"UOP01-DEL02-DF"
460710;2022-07-09;"sábado";"16:30:00";"SP";116;373;"MIRACATU";"Trafegar com motocicleta (ou similar) entre as faixas";"Colisão lateral mesmo sentido";"Com Vítimas Feridas";"Pleno dia";"Crescente";"Sol";"Dupla";"Reta";"Não";3;0;1;0;1;1;1;3;-24,17118519;-47,33990085;"SPRF-SP";"DEL04-SP";"UOP02-DEL04-SP"
460714;2022-07-09;"sábado";"16:00:00";"TO";153;482,4;"PARAISO DO TOCANTINS";"Carga excessiva e/ou mal acondicionada";"Colisão com objeto";"Com Vítimas Feridas";"Pleno dia";"Crescente";"Céu Claro";"Simples";"Reta";"Não";5;0;1;1;1;3;2;5;-10,06579181;-48,84446013;"SPRF-TO";"DEL01-TO";"UOP01-DEL01-TO"
460717;2022-07-09;"sábado";"11:40:00";"RS";386;237,7;"SOLEDADE";"Manobra de mudança de faixa";"Colisão lateral mesmo sentido";"Com Vítimas Feridas";"Pleno dia";"Decrescente";"Céu Claro";"Simples";"Aclive;Reta";"Não";4;0;2;0;1;1;2;3;-28,752241;-52,54018;"SPRF-RS";"DEL04-RS";"UOP03-DEL04-RS"
460721;2022-07-09;"sábado";"17:10:00";"MS";158;31;"PARANAIBA";"Transitar na contramão";"Colisão frontal";"Com Vítimas Feridas";"Anoitecer";"Crescente";"Céu Claro";"Simples";"Reta";"Não";6;0;2;2;1;1;4;3;-19,24635014;-51,51130126;"SPRF-MS";"DEL08-MS";"UOP01-DEL08-MS"
460740;2022-07-09;"sábado";"18:00:00";"SC";153;58,7;"IRANI";"Desrespeitar a preferência no cruzamento";"Colisão transversal";"Com Vítimas Feridas";"Plena Noite";"Decrescente";"Céu Claro";"Simples";"Rotatória";"Não";3;0;1;0;1;1;1;3;-26,964373;-51,841362;"SPRF-SC";"DEL07-SC";"UOP04-DEL07-SC"
460758;2022-07-09;"sábado";"19:15:00";"MG";365;144,7;"PIRAPORA";"Transitar na contramão";"Colisão frontal";"Com Vítimas Feridas";"Plena Noite";"Decrescente";"Céu Claro";"Simples";"Reta";"Não";3;0;0;1;1;1;1;3;-17,24905773;-44,83541625;"SPRF-MG";"DEL12-MG";"UOP01-DEL12-MG"
460759;2022-07-09;"sábado";"16:06:00";"SC";163;123,7;"DIONISIO CERQUEIRA";"Ingestão de álcool pelo condutor";"Colisão lateral sentido oposto";"Com Vítimas Feridas";"Pleno dia";"Crescente";"Céu Claro";"Simples";"Reta";"Não";2;0;1;0;1;0;1;2;-26,30476469;-53,5506378;"SPRF-SC";"DEL07-SC";"UOP03-DEL07-SC"
460765;2022-07-09;"sábado";"20:00:00";"PR";376;544;"PALMEIRA";"Condutor deixou de manter distância do veículo da frente";"Colisão traseira";"Com Vítimas Feridas";"Plena Noite";"Crescente";"Céu Claro";"Dupla";"Reta";"Não";3;0;1;0;1;2;1;4;-25,384258;-49,805405;"SPRF-PR";"DEL03-PR";"UOP03-DEL03-PR"
460766;2022-07-09;"sábado";"15:56:00";"TO";153;502,4;"PARAISO DO TOCANTINS";"Ultrapassagem Indevida";"Colisão traseira";"Com Vítimas Feridas";"Pleno dia";"Crescente";"Céu Claro";"Simples";"Declive;Reta";"Não";8;0;3;0;4;2;3;5;-10,21850698;-48,87509017;"SPRF-TO";"DEL01-TO";"UOP01-DEL01-TO"
460769;2022-07-09;"sábado";"19:39:00";"GO";80;168;"URUACU";"Demais falhas mecânicas ou elétricas";"Incêndio";"Sem Vítimas";"Plena Noite";"Crescente";"Céu Claro";"Simples";"Reta";"Não";2;0;0;0;1;1;0;2;-14,70944328;-49,09727275;"SPRF-GO";"DEL07-GO";"UOP01-DEL07-GO"
460770;2022-07-09;"sábado";"19:35:00";"RS";386;235,9;"SOLEDADE";"Pedestre andava na pista";"Atropelamento de Pedestre";"Com Vítimas Fatais";"Plena Noite";"Crescente";"Céu Claro";"Simples";"Aclive";"Não";5;2;0;0;1;2;0;3;-28,730202;-52,55508;"SPRF-RS";"DEL04-RS";"UOP03-DEL04-RS"
460776;2022-07-05;"terça-feira";"20:00:00";"SC";280;130;"RIO NEGRINHO";"Manobra de mudança de faixa";"Colisão com objeto";"Sem Vítimas";"Plena Noite";"Crescente";"Céu Claro";"Simples";"Reta";"Sim";1;0;0;0;1;0;0;1;-26,2530246;-49,52924913;"SPRF-SC";"DEL06-SC";"UOP03-DEL06-SC"
460788;2022-07-09;"sábado";"21:45:00";"MG";262;39,3;"MANHUACU";"Ingestão de álcool pelo condutor";"Colisão traseira";"Com Vítimas Feridas";"Plena Noite";"Crescente";"Céu Claro";"Simples";"Reta";"Sim";3;0;1;0;2;0;1;2;-20,27165802;-42,03950458;"SPRF-MG";"DEL06-MG";"UOP03-DEL06-MG"
460795;2022-07-09;"sábado";"16:00:00";"GO";153;653;"MORRINHOS";"Problema com o freio";"Incêndio";"Sem Vítimas";"Pleno dia";"Decrescente";"Céu Claro";"Dupla";"Reta";"Não";2;0;0;0;1;1;0;2;-17,9926;-49,2601;"SPRF-GO";"DEL03-GO";"UOP01-DEL03-GO"
460818;2022-07-10;"domingo";"04:20:00";"BA";116;897,9;"CANDIDO SALES";"Reação tardia ou ineficiente do condutor";"Colisão traseira";"Sem Vítimas";"Plena Noite";"Decrescente";"Nublado";"Simples";"Reta";"Não";3;0;0;0;2;2;0;4;-15,34946178;-41,16755738;"SPRF-BA";"DEL08-BA";"UOP03-DEL08-BA"
460844;2022-07-10;"domingo";"02:30:00";"MG";116;638,3;"DIVINO";"Transitar na contramão";"Colisão frontal";"Sem Vítimas";"Plena Noite";"Decrescente";"Nublado";"Simples";"Reta";"Não";2;0;0;0;2;0;0;2;-20,63865095;-42,23648111;"SPRF-MG";"DEL07-MG";"UOP03-DEL07-MG"
460864;2022-07-10;"domingo";"06:50:00";"BA";116;764,2;"POCOES";"Reação tardia ou ineficiente do condutor";"Colisão lateral sentido oposto";"Com Vítimas Feridas";"Pleno dia";"Decrescente";"Nublado";"Simples";"Reta";"Não";5;0;2;0;2;2;2;4;-14,51619902;-40,36913998;"SPRF-BA";"DEL08-BA";"UOP02-DEL08-BA"
460867;2022-07-10;"domingo";"09:30:00";"GO";153;43;"PORANGATU";"Ausência de reação do condutor";"Queda de ocupante de veículo";"Com Vítimas Fatais";"Pleno dia";"Crescente";"Céu Claro";"Simples";"Reta";"Não";4;1;1;0;1;1;1;3;-13,192286;-49,161922;"SPRF-GO";"DEL07-GO";"UOP01-DEL07-GO"
460879;2022-07-10;"domingo";"10:35:00";"MG";381;884,2;"CAMBUI";"Velocidade Incompatível";"Colisão com objeto";"Sem Vítimas";"Pleno dia";"Crescente";"Céu Claro";"Dupla";"Curva;Em Obras";"Não";2;0;0;0;2;0;0;2;-22,53552002;-46,03550597;"SPRF-MG";"DEL16-MG";"UOP03-DEL16-MG"
460885;2022-07-10;"domingo";"12:00:00";"SC";282;160;"BOM RETIRO";"Demais falhas mecânicas ou elétricas";"Saída de leito carroçável";"Com Vítimas Feridas";"Pleno dia";"Crescente";"Céu Claro";"Simples";"Reta";"Não";1;0;1;0;0;0;1;1;-27,734652;-49,753586;"SPRF-SC";"DEL05-SC";"UOP01-DEL05-SC"
460886;2022-07-10;"domingo";"11:00:00";"RO";364;18;"VILHENA";"Demais falhas mecânicas ou elétricas";"Eventos atípicos";"Com Vítimas Feridas";"Pleno dia";"Decrescente";"Sol";"Simples";"Reta";"Não";5;0;3;0;1;1;3;2;-12,72972661;-60,17479789;"SPRF-RO";"DEL04-RO";"UOP01-DEL04-RO"
460892;2022-07-10;"domingo";"14:45:00";"PE";232;9,5;"RECIFE";"Condutor deixou de manter distância do veículo da frente";"Colisão traseira";"Sem Vítimas";"Pleno dia";"Decrescente";"Céu Claro";"Dupla";"Declive";"Sim";2;0;0;0;2;0;0;2;-8,07764447;-34,97863609;"SPRF-PE";"DEL01-PE";"UOP01-DEL01-PE"
460912;2022-07-10;"domingo";"11:42:00";"TO";153;112;"WANDERLANDIA";"Ultrapassagem Indevida";"Capotamento";"Com Vítimas Feridas";"Pleno dia";"Decrescente";"Céu Claro";"Simples";"Reta";"Não";5;0;1;1;2;1;2;3;-6,96704902;-48,09875697;"SPRF-TO";"DEL02-TO";"UOP01-DEL02-TO"
460935;2022-05-27;"sexta-feira";"10:30:00";"RS";116;1,7;"VACARIA";"Reação tardia ou ineficiente do condutor";"Colisão traseira";"Com Vítimas Fatais";"Pleno dia";"Decrescente";"Chuva";"Simples";"Curva";"Não";5;1;0;0;3;3;0;7;-28,22071199;-50,75816631;"SPRF-RS";"DEL05-RS";"UOP03-DEL05-RS"
460937;2022-07-10;"domingo";"18:15:00";"MG";365;568,9;"INDIANOPOLIS";"Ultrapassagem Indevida";"Colisão frontal";"Com Vítimas Fatais";"Anoitecer";"Crescente";"Céu Claro";"Simples";"Aclive";"Não";8;1;0;5;1;3;5;6;-18,917199;-47,849557;"SPRF-MG";"DEL15-MG";"UOP02-DEL15-MG"
460953;2022-07-10;"domingo";"19:15:00";"MG";251;359,5;"PADRE CARVALHO";"Acesso irregular";"Colisão transversal";"Com Vítimas Feridas";"Plena Noite";"Decrescente";"Céu Claro";"Simples";"Reta";"Não";5;0;1;2;1;1;3;3;-16,264905;-42,583991;"SPRF-MG";"DEL12-MG";"UOP01-DEL12-MG"
460974;2022-07-10;"domingo";"20:15:00";"ES";101;366,5;"ANCHIETA";"Acessar a via sem observar a presença dos outros veículos";"Colisão transversal";"Com Vítimas Feridas";"Plena Noite";"Crescente";"Nublado";"Simples";"Curva";"Não";2;0;0;1;1;0;1;2;-20,73937873;-40,76065063;"SPRF-ES";"DEL03-ES";"UOP01-DEL03-ES"
460980;2022-07-10;"domingo";"19:30:00";"TO";242;295,2;"PEIXE";"Reação tardia ou ineficiente do condutor";"Colisão transversal";"Com Vítimas Feridas";"Plena Noite";"Decrescente";"Céu Claro";"Simples";"Interseção de Vias";"Não";4;0;1;1;1;1;2;3;-12,16553428;-48,54061524;"SPRF-TO";"DEL01-TO";"UOP02-DEL01-TO"
460989;2022-07-10;"domingo";"21:45:00";"BA";101;949,5;"MUCURI";"Condutor Dormindo";"Colisão traseira";"Com Vítimas Feridas";"Plena Noite";"Crescente";"Nublado";"Simples";"Reta";"Não";3;0;0;1;1;3;1;5;-18,16840196;-39,91873914;"SPRF-BA";"DEL09-BA";"UOP02-DEL09-BA"
460995;2022-07-10;"domingo";"21:40:00";"ES";101;281;"SERRA";"Condutor Dormindo";"Colisão com objeto";"Sem Vítimas";"Plena Noite";"Crescente";"Chuva";"Dupla";"Reta";"Não";2;0;0;0;1;2;0;3;-20,22112792;-40,35720552;"SPRF-ES";"DEL02-ES";"UOP01-DEL02-ES"
460996;2022-07-10;"domingo";"22:50:00";"PR";373;197,7;"IPIRANGA";"Transitar na contramão";"Colisão frontal";"Com Vítimas Fatais";"Plena Noite";"Decrescente";"Céu Claro";"Simples";"Reta";"Não";4;1;0;0;1;2;0;4;-25,07565816;-50,39829969;"SPRF-PR";"DEL03-PR";"UOP01-DEL03-PR"
461011;2022-07-11;"segunda-feira";"01:45:00";"RS";116;320;"BARRA DO RIBEIRO";"Transitar na contramão";"Colisão frontal";"Com Vítimas Feridas";"Plena Noite";"Crescente";"Céu Claro";"Dupla";"Reta";"Sim";3;0;0;1;1;2;1;4;-30,29045475;-51,41549773;"SPRF-RS";"DEL02-RS";"UOP01-DEL02-RS"
461012;2022-07-11;"segunda-feira";"01:00:00";"SP";459;26,7;"LORENA";"Pedestre andava na pista";"Atropelamento de Pedestre";"Com Vítimas Feridas";"Plena Noite";"Decrescente";"Céu Claro";"Dupla";"Reta";"Não";2;0;0;1;1;0;1;2;-22,693863;-45,122944;"SPRF-SP";"DEL08-SP";"UOP02-DEL08-SP"
461018;2022-07-10;"domingo";"23:12:00";"MA";10;212;"RIBAMAR FIQUENE";"Condutor Dormindo";"Colisão frontal";"Com Vítimas Fatais";"Plena Noite";"Decrescente";"Céu Claro";"Simples";"Reta";"Não";3;1;1;0;0;2;1;4;-5,859429;-47,35815;"SPRF-MA";"DEL04-MA";"UOP01-DEL04-MA"
461021;2022-07-11;"segunda-feira";"05:15:00";"MG";262;794,9;"UBERABA";"Ultrapassagem Indevida";"Colisão lateral sentido oposto";"Com Vítimas Feridas";"Amanhecer";"Decrescente";"Céu Claro";"Simples";"Reta";"Não";4;0;1;0;2;2;1;5;-19,76058186;-47,84188092;"SPRF-MG";"DEL13-MG";"UOP01-DEL13-MG"
461023;2022-07-10;"domingo";"20:00:00";"TO";226;26;"PALMEIRAS DO TOCANTINS";"Ingestão de álcool pelo condutor";"Colisão frontal";"Sem Vítimas";"Plena Noite";"Crescente";"Céu Claro";"Simples";"Desvio Temporário";"Não";3;0;0;0;1;2;0;3;-6,641345;-47,667072;"SPRF-TO";"DEL02-TO";"UOP03-DEL02-TO"
461025;2022-07-11;"segunda-feira";"05:50:00";"PE";232;59;"POMBOS";"Condutor deixou de manter distância do veículo da frente";"Colisão traseira";"Com Vítimas Feridas";"Amanhecer";"Decrescente";"Nublado";"Dupla";"Declive";"Não";2;0;1;0;0;1;1;2;-8,1471233;-35,39890998;"SPRF-PE";"DEL02-PE";"UOP02-DEL02PE"
461027;2022-07-11;"segunda-feira";"06:27:00";"PR";277;638,1;"CEU AZUL";"Condutor Dormindo";"Colisão lateral sentido oposto";"Com Vítimas Feridas";"Plena Noite";"Crescente";"Céu Claro";"Simples";"Reta";"Sim";7;0;1;3;3;0;4;3;-25,1578934;-53,85103257;"SPRF-PR";"DEL05-PR";"UOP02-DEL05-PR"
461029;2022-07-11;"segunda-feira";"06:00:00";"MG";251;474,3;"FRANCISCO SA";"Reação tardia ou ineficiente do condutor";"Tombamento";"Com Vítimas Fatais";"Amanhecer";"Crescente";"Céu Claro";"Simples";"Declive;Reta";"Não";2;1;1;0;0;0;1;1;-16,47130466;-43,45673904;"SPRF-MG";"DEL12-MG";"UOP01-DEL12-MG"
461031;2022-07-11;"segunda-feira";"07:00:00";"MG";381;758;"TRES CORACOES";"Carga excessiva e/ou mal acondicionada";"Tombamento";"Com Vítimas Feridas";"Pleno dia";"Crescente";"Céu Claro";"Simples";"Interseção de Vias";"Não";1;0;1;0;0;0;1;1;-21,70752761;-45,37422642;"SPRF-MG";"DEL16-MG";"UOP02-DEL16-MG"
461035;2022-07-11;"segunda-feira";"07:45:00";"CE";116;249;"JAGUARIBARA";"Condutor deixou de manter distância do veículo da frente";"Colisão traseira";"Com Vítimas Feridas";"Pleno dia";"Crescente";"Céu Claro";"Simples";"Reta";"Não";4;0;1;0;1;3;1;5;-5,48391937;-38,39742739;"SPRF-CE";"DEL05-CE";"UOP02-DEL05-CE"
461036;2022-07-11;"segunda-feira";"07:45:00";"ES";101;388;"RIO NOVO DO SUL";"Velocidade Incompatível";"Tombamento";"Com Vítimas Feridas";"Pleno dia";"Crescente";"Céu Claro";"Simples";"Curva";"Não";3;0;2;0;1;0;2;1;-20,85689511;-40,8767812;"SPRF-ES";"DEL03-ES";"UOP02-DEL03-ES"
461044;2022-07-11;"segunda-feira";"08:35:00";"SP";116;211;"GUARULHOS";"Ingestão de álcool pelo condutor";"Colisão traseira";"Sem Vítimas";"Pleno dia";"Crescente";"Céu Claro";"Múltipla";"Reta";"Sim";4;0;0;0;4;0;0;4;-23,4324306;-46,4194352;"SPRF-SP";"DEL01-SP";"UOP01-DEL01-SP"
461048;2022-07-11;"segunda-feira";"08:15:00";"SC";470;59,2;"BLUMENAU";"Demais falhas mecânicas ou elétricas";"Colisão frontal";"Com Vítimas Feridas";"Pleno dia";"Crescente";"Céu Claro";"Simples";"Reta";"Não";2;0;0;1;1;0;1;2;-26,882812;-49,1548;"SPRF-SC";"DEL04-SC";"UOP01-DEL04-SC"
461057;2022-07-11;"segunda-feira";"09:20:00";"MG";40;142;"JOAO PINHEIRO";"Acessar a via sem observar a presença dos outros veículos";"Colisão transversal";"Com Vítimas Feridas";"Pleno dia";"Decrescente";"Céu Claro";"Simples";"Reta";"Não";2;0;1;0;1;0;1;2;-17,740382;-46,185728;"SPRF-MG";"DEL14-MG";"UOP01-DEL14-MG"
461072;2022-07-11;"segunda-feira";"10:50:00";"SC";101;203;"SAO JOSE";"Ausência de reação do condutor";"Colisão lateral mesmo sentido";"Com Vítimas Feridas";"Pleno dia";"Crescente";"Nublado";"Múltipla";"Reta";"Sim";2;0;1;0;0;1;1;2;-27,5650044;-48,61460082;"SPRF-SC";"DEL01-SC";"UOP01-DEL01-SC"
461077;2022-07-11;"segunda-feira";"11:10:00";"GO";40;2;"VALPARAISO DE GOIAS";"Velocidade Incompatível";"Engavetamento";"Com Vítimas Feridas";"Pleno dia";"Crescente";"Céu Claro";"Múltipla";"Reta";"Sim";7;0;2;0;4;1;2;7;-16,067129;-47,984235;"SPRF-DF";"DEL01-DF";"UOP01-DEL01-DF"
461078;2022-07-11;"segunda-feira";"07:30:00";"MA";316;573,4;"CAXIAS";"Condutor Dormindo";"Colisão frontal";"Com Vítimas Feridas";"Pleno dia";"Crescente";"Céu Claro";"Simples";"Reta";"Não";2;0;1;0;1;0;1;2;-4,933609;-43,176388;"SPRF-MA";"DEL03-MA";"UOP02-DEL03-MA"
461081;2022-07-11;"segunda-feira";"05:50:00";"PA";10;122;"PARAGOMINAS";"Manobra de mudança de faixa";"Saída de leito carroçável";"Com Vítimas Feridas";"Amanhecer";"Crescente";"Nublado";"Simples";"Reta";"Não";3;0;0;1;1;5;1;7;-3,37469105;-47,4482662;"SPRF-PA";"DEL02-PA";"UOP01-DEL02-PA"
461089;2022-07-11;"segunda-feira";"12:30:00";"PR";476;184;"LAPA";"Acessar a via sem observar a presença dos outros veículos";"Colisão transversal";"Com Vítimas Feridas";"Pleno dia";"Decrescente";"Sol";"Simples";"Reta";"Sim";3;0;0;2;1;0;2;2;-25,713835;-49,627098;"SPRF-PR";"DEL02-PR";"UOP04-DEL02-PR"
461091;2022-05-20;"sexta-feira";"18:35:00";"SC";101;209;"SAO JOSE";"Velocidade Incompatível";"Colisão traseira";"Com Vítimas Feridas";"Plena Noite";"Decrescente";"Céu Claro";"Múltipla";"Reta";"Sim";3;0;0;1;1;1;1;3;-27,61080472;-48,63940358;"SPRF-SC";"DEL01-SC";"UOP01-DEL01-SC"
461094;2022-07-11;"segunda-feira";"13:15:00";"MG";40;39,9;"PARACATU";"Ausência de reação do condutor";"Colisão traseira";"Com Vítimas Feridas";"Pleno dia";"Crescente";"Céu Claro";"Simples";"Aclive";"Não";4;0;1;0;2;1;1;3;-17,21128483;-46,89011999;"SPRF-MG";"DEL14-MG";"UOP01-DEL14-MG"
461096;2022-07-11;"segunda-feira";"12:48:00";"PI";316;5;"TERESINA";"Demais falhas mecânicas ou elétricas";"Colisão lateral mesmo sentido";"Sem Vítimas";"Pleno dia";"Decrescente";"Céu Claro";"Simples";"Declive";"Sim";3;0;0;0;3;0;0;3;-5,14169858;-42,78157276;"SPRF-PI";"DEL01-PI";"UOP02-DEL01-PI"
461099;2022-07-11;"segunda-feira";"05:00:00";"MA";135;149;"MATOES DO NORTE";"Reação tardia ou ineficiente do condutor";"Tombamento";"Sem Vítimas";"Pleno dia";"Decrescente";"Céu Claro";"Simples";"Reta";"Não";4;0;0;0;1;3;0;4;-3,75130001;-44,51012843;"SPRF-MA";"DEL01-MA";"UOP02-DEL01-MA"
461107;2022-07-11;"segunda-feira";"13:35:00";"BA";101;108;"ALAGOINHAS";"Entrada inopinada do pedestre";"Atropelamento de Pedestre";"Com Vítimas Fatais";"Pleno dia";"Crescente";"Céu Claro";"Simples";"Aclive;Reta";"Sim";2;1;0;0;1;0;0;2;-12,16492;-38,477026;"SPRF-BA";"DEL01-BA";"UOP04-DEL01-BA"
461112;2022-07-11;"segunda-feira";"14:20:00";"SP";116;228;"SAO PAULO";"Reação tardia ou ineficiente do condutor";"Colisão traseira";"Com Vítimas Feridas";"Pleno dia";"Decrescente";"Céu Claro";"Dupla";"Reta";"Sim";3;0;1;0;2;0;1;3;-23,50343484;-46,56638712;"SPRF-SP";"DEL01-SP";"UOP01-DEL01-SP"
461117;2022-07-11;"segunda-feira";"14:40:00";"SP";381;4;"VARGEM";"Condutor deixou de manter distância do veículo da frente";"Colisão traseira";"Com Vítimas Feridas";"Pleno dia";"Crescente";"Céu Claro";"Dupla";"Reta";"Não";3;0;1;0;1;1;1;2;-22,8826217;-46,40779515;"SPRF-SP";"DEL03-SP";"UOP01-DEL03-SP"
461118;2022-07-11;"segunda-feira";"14:00:00";"MT";364;299,8;"JACIARA";"Reação tardia ou ineficiente do condutor";"Saída de leito carroçável";"Com Vítimas Feridas";"Pleno dia";"Decrescente";"Céu Claro";"Dupla";"Curva";"Não";6;0;4;0;1;1;4;3;-15,84691555;-55,14590671;"SPRF-MT";"DEL05-MT";"UOP02-DEL05-MT"
461122;2022-07-11;"segunda-feira";"14:30:00";"RO";364;11;"VILHENA";"Ultrapassagem Indevida";"Colisão traseira";"Com Vítimas Feridas";"Pleno dia";"Crescente";"Céu Claro";"Simples";"Reta";"Sim";2;0;1;0;1;0;1;2;-12,74605898;-60,11270299;"SPRF-RO";"DEL04-RO";"UOP01-DEL04-RO"
461123;2022-07-11;"segunda-feira";"12:30:00";"RJ";116;255;"PINHEIRAL";"Reação tardia ou ineficiente do condutor";"Atropelamento de Pedestre";"Com Vítimas Fatais";"Pleno dia";"Crescente";"Sol";"Múltipla";"Aclive";"Não";3;1;1;0;1;0;1;3;-22,5858015;-44,05586243;"SPRF-RJ";"DEL07-RJ";"UOP02-DEL07-RJ"
461125;2022-07-11;"segunda-feira";"12:00:00";"SC";158;104;"CUNHA PORA";"Ingestão de substâncias psicoativas pelo condutor";"Colisão frontal";"Com Vítimas Feridas";"Pleno dia";"Crescente";"Céu Claro";"Simples";"Reta";"Não";3;0;0;1;1;1;1;3;-26,86046001;-53,16404912;"SPRF-SC";"DEL07-SC";"UOP02-DEL07-SC"
461126;2022-07-11;"segunda-feira";"10:50:00";"GO";70;371;"MONTES CLAROS DE GOIAS";"Transitar na contramão";"Colisão frontal";"Com Vítimas Feridas";"Pleno dia";"Crescente";"Céu Claro";"Simples";"Reta";"Não";3;0;0;1;1;1;1;3;-15,94086265;-51,37413025;"SPRF-GO";"DEL04-GO";"UOP01-DEL04-GO"
461128;2022-07-11;"segunda-feira";"05:40:00";"MG";251;350;"PADRE CARVALHO";"Reação tardia ou ineficiente do condutor";"Colisão traseira";"Com Vítimas Feridas";"Amanhecer";"Decrescente";"Céu Claro";"Simples";"Declive";"Não";4;0;1;0;2;4;1;7;-16,281267;-42,53473198;"SPRF-MG";"DEL12-MG";"UOP01-DEL12-MG"
461130;2022-07-11;"segunda-feira";"11:40:00";"PI";316;318;"PICOS";"Carga excessiva e/ou mal acondicionada";"Colisão com objeto";"Sem Vítimas";"Pleno dia";"Crescente";"Céu Claro";"Simples";"Interseção de Vias";"Sim";2;0;0;0;1;1;0;2;-7,08606465;-41,40601287;"SPRF-PI";"DEL04-PI";"UOP01-DEL04-PI"
461132;2022-03-20;"domingo";"01:00:00";"BA";101;226;"CRUZ DAS ALMAS";"Ingestão de álcool pelo condutor";"Colisão lateral sentido oposto";"Com Vítimas Feridas";"Plena Noite";"Decrescente";"Ignorado";"Simples";"Reta";"Sim";2;0;0;1;0;1;1;2;-12,679317;-39,138992;"SPRF-BA";"DEL01-BA";"UOP02-DEL01-BA"
461137;2022-07-11;"segunda-feira";"16:20:00";"ES";259;8,7;"JOAO NEIVA";"Ausência de reação do condutor";"Tombamento";"Com Vítimas Feridas";"Pleno dia";"Decrescente";"Céu Claro";"Simples";"Reta";"Não";2;0;1;0;1;0;1;1;-19,68073376;-40,39141693;"SPRF-ES";"DEL02-ES";"UOP01-DEL02-ES"
461140;2022-07-10;"domingo";"23:30:00";"SC";470;211,6;"SAO CRISTOVAO DO SUL";"Velocidade Incompatível";"Saída de leito carroçável";"Com Vítimas Feridas";"Plena Noite";"Decrescente";"Céu Claro";"Simples";"Declive;Curva";"Não";2;0;1;0;0;1;1;2;-27,30955328;-50,2345562;"SPRF-SC";"DEL05-SC";"UOP03-DEL05-SC"
461141;2022-07-11;"segunda-feira";"16:40:00";"SC";280;29,7;"ARAQUARI";"Reação tardia ou ineficiente do condutor";"Colisão frontal";"Sem Vítimas";"Pleno dia";"Decrescente";"Céu Claro";"Simples";"Reta";"Não";2;0;0;0;1;1;0;2;-26,41066264;-48,75295628;"SPRF-SC";"DEL03-SC";"UOP03-DEL03-SC"