"id";"data_inversa";"dia_semana";"horario";"uf";"br";"km";"municipio";"causa_acidente";"tipo_acidente";"classificacao_acidente";"fase_dia";"sentido_via";"condicao_metereologica";"tipo_pista";"tracado_via";"uso_solo";"pessoas";"mortos";"feridos_leves";"feridos_graves";"ilesos";"ignorados";"feridos";"veiculos";"latitude";"longitude";"regional";"delegacia";"uop"
461395;2022-07-12;"terça-feira";"23:50:00";"MG";381;567,4;"ITAGUARA";"Velocidade Incompatível";"Tombamento";"Com Vítimas Feridas";"Plena Noite";"Crescente";"Céu Claro";"Dupla";"Reta";"Não";1;0;1;0;0;0;1;1;-20,42174833;-44,53677185;"SPRF-MG";"DEL04-MG";"UOP03-DEL04-MG"
461397;2022-07-09;"sábado";"23:00:00";"MG";365;642;"UBERLANDIA";"Ausência de reação do condutor";"Colisão lateral mesmo sentido";"Sem Vítimas";"Plena Noite";"Crescente";"Céu Claro";"Dupla";"Reta";"Não";2;0;0;0;2;0;0;2;-18,8823832;-48,48418103;"SPRF-MG";"DEL15-MG";"UOP01-DEL15-MG"
461400;2022-07-13;"quarta-feira";"05:00:00";"MT";364;157;"PEDRA PRETA";"Demais falhas mecânicas ou elétricas";"Incêndio";"Com Vítimas Feridas";"Pleno dia";"Crescente";"Céu Claro";"Simples";"Reta";"Não";2;0;1;0;0;2;1;3;-16,75242006;-54,26980018;"SPRF-MT";"DEL02-MT";"UOP01-DEL02-MT"
461401;2022-07-13;"quarta-feira";"06:50:00";"PR";369;153;"LONDRINA";"Condutor deixou de manter distância do veículo da frente";"Colisão traseira";"Com Vítimas Feridas";"Pleno dia";"Decrescente";"Nublado";"Múltipla";"Interseção de Vias;Reta";"Sim";3;0;0;1;2;0;1;2;-23,297608;-51,200722;"SPRF-PR";"DEL07-PR";"UOP01-DEL07-PR"
461403;2022-07-13;"quarta-feira";"08:15:00";"MG";381;873;"ESTIVA";"Velocidade Incompatível";"Tombamento";"Com Vítimas Feridas";"Pleno dia";"Decrescente";"Nublado";"Dupla";"Curva";"Não";3;0;1;0;0;3;1;4;-22,450796;-46,000139;"SPRF-MG";"DEL16-MG";"UOP01-DEL16-MG"
461404;2022-07-13;"quarta-feira";"07:45:00";"SP";153;106,8;"JOSE BONIFACIO";"Conversão proibida";"Colisão frontal";"Com Vítimas Feridas";"Pleno dia";"Decrescente";"Céu Claro";"Simples";"Reta";"Não";2;0;0;1;1;0;1;2;-21,05570394;-49,65851012;"SPRF-SP";"DEL09-SP";"UOP01-DEL09-SP"
461415;2022-07-13;"quarta-feira";"07:50:00";"PR";376;524;"PONTA GROSSA";"Reação tardia ou ineficiente do condutor";"Tombamento";"Com Vítimas Feridas";"Pleno dia";"Decrescente";"Céu Claro";"Dupla";"Curva";"Não";3;0;0;1;0;2;1;3;-25,30994042;-49,88529732;"SPRF-PR";"DEL03-PR";"UOP01-DEL03-PR"
461419;2022-06-23;"quinta-feira";"09:10:00";"PR";158;507,1;"CORONEL VIVIDA";"Ultrapassagem Indevida";"Colisão frontal";"Com Vítimas Feridas";"Pleno dia";"Decrescente";"Céu Claro";"Simples";"Reta";"Não";4;0;2;0;1;1;2;3;-26,02180124;-52,57733183;"SPRF-PR";"DEL02-PR";"UOP01-DEL02-PR"
461421;2022-07-13;"quarta-feira";"07:40:00";"PE";423;42,8;"CACHOEIRINHA";"Transitar na contramão";"Colisão frontal";"Com Vítimas Feridas";"Pleno dia";"Decrescente";"Chuva";"Simples";"Reta";"Não";4;0;0;1;1;2;1;4;-8,50897803;-36,25103394;"SPRF-PE";"DEL03-PE";"UOP01-DEL03-PE"
461433;2022-04-13;"quarta-feira";"16:30:00";"PA";316;55;"CASTANHAL";"Acumulo de água sobre o pavimento";"Saída de leito carroçável";"Sem Vítimas";"Pleno dia";"Crescente";"Chuva";"Dupla";"Aclive";"Não";2;0;0;0;2;0;0;1;-1,30561339;-47,99919919;"SPRF-PA";"DEL01-PA";"UOP01-DEL01-PA"
461434;2022-07-13;"quarta-feira";"09:30:00";"PR";277;437,5;"VIRMOND";"Condutor deixou de manter distância do veículo da frente";"Colisão traseira";"Sem Vítimas";"Pleno dia";"Crescente";"Céu Claro";"Simples";"Curva";"Não";6;0;0;0;6;0;0;3;-25,37472497;-52,22963307;"SPRF-PR";"DEL04-PR";"UOP02-DEL04-PR"
461438;2022-07-13;"quarta-feira";"07:00:00";"MG";365;297;"JOAO PINHEIRO";"Demais falhas mecânicas ou elétricas";"Incêndio";"Sem Vítimas";"Pleno dia";"Decrescente";"Sol";"Simples";"Reta;Aclive";"Não";2;0;0;0;1;1;0;2;-18,13194146;-45,73541731;"SPRF-MG";"DEL10-MG";"UOP01-DEL10-MG"
461440;2022-07-13;"quarta-feira";"11:55:00";"RS";116;267;"CANOAS";"Condutor deixou de manter distância do veículo da frente";"Colisão traseira";"Com Vítimas Feridas";"Pleno dia";"Decrescente";"Céu Claro";"Dupla";"Reta";"Sim";3;0;2;0;1;0;2;2;-29,94142398;-51,17697062;"SPRF-RS";"DEL01-RS";"UOP01-DEL01-RS"
461453;2022-07-13;"quarta-feira";"10:55:00";"PR";280;306,4;"BARRACAO";"Conversão proibida";"Colisão transversal";"Com Vítimas Feridas";"Pleno dia";"Crescente";"Céu Claro";"Simples";"Reta";"Não";4;0;2;0;2;0;2;3;-26,29095256;-53,45389366;"SPRF-PR";"DEL02-PR";"UOP01-DEL02-PR"
461464;2022-07-09;"sábado";"20:00:00";"GO";153;665;"GOIATUBA";"Deficiência do Sistema de Iluminação/Sinalização";"Colisão traseira";"Com Vítimas Feridas";"Plena Noite";"Crescente";"Céu Claro";"Dupla";"Reta";"Não";4;0;1;0;1;2;1;4;-18,0987;-49,2738;"SPRF-GO";"DEL03-GO";"UOP02-DEL03-GO"
461466;2022-07-13;"quarta-feira";"13:15:00";"SC";101;269,7;"IMBITUBA";"Condutor usando celular";"Colisão traseira";"Sem Vítimas";"Pleno dia";"Decrescente";"Nublado";"Dupla";"Reta";"Não";3;0;0;0;2;1;0;3;-28,10211793;-48,70362639;"SPRF-SC";"DEL02-SC";"UOP03-DEL02-SC"
461473;2022-07-13;"quarta-feira";"15:00:00";"CE";222;196;"FORQUILHA";"Condutor Dormindo";"Colisão frontal";"Sem Vítimas";"Pleno dia";"Crescente";"Céu Claro";"Simples";"Curva";"Não";3;0;0;0;2;4;0;6;-3,80735907;-40,17579399;"SPRF-CE";"DEL04-CE";"UOP01-DEL04-CE"
461477;2022-07-13;"quarta-feira";"13:30:00";"PE";104;0,6;"TAQUARITINGA DO NORTE";"Reação tardia ou ineficiente do condutor";"Colisão frontal";"Com Vítimas Feridas";"Pleno dia";"Crescente";"Garoa/Chuvisco";"Simples";"Reta;Declive";"Não";2;0;1;0;0;1;1;2;-7,783875;-36,10333;"SPRF-PE";"DEL02-PE";"UOP01-DEL02-PE"
461481;2022-07-11;"segunda-feira";"16:40:00";"PI";135;474;"MONTE ALEGRE DO PIAUI";"Acostamento em desnível";"Tombamento";"Com Vítimas Feridas";"Pleno dia";"Decrescente";"Céu Claro";"Simples";"Reta";"Não";2;0;1;0;0;2;1;3;-9,63426833;-45,09383377;"SPRF-PI";"DEL03-PI";"UOP02-DEL03-PI"
461482;2022-07-13;"quarta-feira";"08:20:00";"MG";365;746;"ITUIUTABA";"Reação tardia ou ineficiente do condutor";"Colisão traseira";"Com Vítimas Feridas";"Pleno dia";"Crescente";"Céu Claro";"Simples";"Declive";"Não";10;0;4;0;5;3;4;12;-18,92782412;-49,4243538;"SPRF-MG";"DEL15-MG";"UOP03-DEL15-MG"
461485;2022-07-13;"quarta-feira";"08:15:00";"RO";364;46,5;"VILHENA";"Reação tardia ou ineficiente do condutor";"Eventos atípicos";"Com Vítimas Feridas";"Pleno dia";"Decrescente";"Céu Claro";"Simples";"Reta";"Não";2;0;1;0;0;2;1;3;-12,5205682;-60,40864205;"SPRF-RO";"DEL04-RO";"UOP01-DEL04-RO"
461486;2022-07-12;"terça-feira";"13:40:00";"SC";101;39;"JOINVILLE";"Avarias e/ou desgaste excessivo no pneu";"Colisão lateral mesmo sentido";"Com Vítimas Feridas";"Pleno dia";"Decrescente";"Céu Claro";"Dupla";"Reta";"Sim";6;0;2;0;3;2;2;4;-26,2628107;-48,90192257;"SPRF-SC";"DEL03-SC";"UOP01-DEL03-SC"
461488;2022-07-13;"quarta-feira";"16:00:00";"SC";101;215;"PALHOCA";"Ausência de reação do condutor";"Colisão transversal";"Com Vítimas Feridas";"Pleno dia";"Decrescente";"Céu Claro";"Múltipla";"Reta";"Sim";4;0;2;0;1;3;2;6;-27,65184843;-48,67604941;"SPRF-SC";"DEL01-SC";"UOP02-DEL01-SC"
461490;2022-07-13;"quarta-feira";"09:40:00";"MG";381;376;"SAO GONCALO DO RIO ABAIXO";"Frear bruscamente";"Saída de leito carroçável";"Com Vítimas Feridas";"Pleno dia";"Crescente";"Céu Claro";"Simples";"Curva";"Sim";2;0;1;0;0;1;1;2;-19,8367193;-43,34504908;"SPRF-MG";"DEL01-MG";"UOP01-DEL01-MG"
461491;2022-07-13;"quarta-feira";"16:09:00";"MG";40;483;"SETE LAGOAS";"Ausência de reação do condutor";"Saída de leito carroçável";"Com Vítimas Feridas";"Pleno dia";"Decrescente";"Céu Claro";"Dupla";"Curva";"Não";4;0;2;0;2;0;2;3;-19,56753;-44,23715;"SPRF-MG";"DEL02-MG";"UOP01-DEL02-MG"
461492;2022-07-06;"quarta-feira";"23:00:00";"PA";230;452;"PACAJA";"Reação tardia ou ineficiente do condutor";"Saída de leito carroçável";"Com Vítimas Feridas";"Plena Noite";"Crescente";"Nublado";"Simples";"Declive";"Não";2;0;0;1;0;2;1;3;-3,704567;-50,913063;"SPRF-PA";"DEL04-PA";"UOP01-DEL04-PA"
461494;2022-07-13;"quarta-feira";"13:38:00";"MG";381;697,9;"LAVRAS";"Ausência de reação do condutor";"Colisão lateral mesmo sentido";"Com Vítimas Feridas";"Pleno dia";"Decrescente";"Céu Claro";"Dupla";"Reta";"Não";4;0;2;0;1;1;2;3;-21,29043096;-45,14791909;"SPRF-MG";"DEL04-MG";"UOP02-DEL04-MG"
461495;2022-07-13;"quarta-feira";"15:10:00";"MT";364;276,3;"JACIARA";"Demais falhas mecânicas ou elétricas";"Colisão traseira";"Com Vítimas Fatais";"Anoitecer";"Decrescente";"Sol";"Simples";"Em Obras;Curva;Declive";"Não";5;2;0;0;2;2;0;4;-15,95344474;-54,99098104;"SPRF-MT";"DEL02-MT";"UOP01-DEL02-MT"
461496;2022-07-13;"quarta-feira";"16:30:00";"PR";163;32,8;"SANTO ANTONIO DO SUDOESTE";"Acessar a via sem observar a presença dos outros veículos";"Colisão transversal";"Com Vítimas Feridas";"Pleno dia";"Crescente";"Céu Claro";"Simples";"Reta;Interseção de Vias";"Sim";2;0;0;1;1;0;1;2;-26,08281317;-53,71642828;"SPRF-PR";"DEL02-PR";"UOP02-DEL02-PR"
461500;2022-07-13;"quarta-feira";"16:00:00";"CE";222;313;"TIANGUA";"Condutor deixou de manter distância do veículo da frente";"Colisão traseira";"Sem Vítimas";"Pleno dia";"Decrescente";"Céu Claro";"Simples";"Reta";"Sim";4;0;0;0;4;0;0;4;-3,7236142;-40,99670064;"SPRF-CE";"DEL04-CE";"UOP02-DEL04-CE"
461506;2022-07-02;"sábado";"17:30:00";"MG";365;523;"MONTE CARMELO";"Curva acentuada";"Tombamento";"Com Vítimas Feridas";"Pleno dia";"Decrescente";"Céu Claro";"Dupla";"Rotatória";"Não";2;0;1;0;0;2;1;3;-18,90891261;-47,43327391;"SPRF-MG";"DEL10-MG";"UOP01-DEL10-MG"
461527;2022-07-13;"quarta-feira";"18:50:00";"PR";476;351,5;"PAULA FREITAS";"Transitar na contramão";"Colisão frontal";"Com Vítimas Fatais";"Plena Noite";"Decrescente";"Garoa/Chuvisco";"Simples";"Curva";"Não";3;1;1;0;1;0;1;2;-26,196728;-50,982819;"SPRF-PR";"DEL02-PR";"UOP03-DEL02-PR"
461536;2022-07-13;"quarta-feira";"20:30:00";"SP";116;197;"ARUJA";"Reação tardia ou ineficiente do condutor";"Colisão traseira";"Com Vítimas Feridas";"Plena Noite";"Crescente";"Nublado";"Dupla";"Curva";"Não";2;0;1;0;1;0;1;2;-23,39721625;-46,29284287;"SPRF-SP";"DEL01-SP";"UOP01-DEL01-SP"
461538;2022-07-13;"quarta-feira";"22:00:00";"RS";392;20;"RIO GRANDE";"Carga excessiva e/ou mal acondicionada";"Derramamento de carga";"Com Vítimas Feridas";"Plena Noite";"Decrescente";"Céu Claro";"Dupla";"Reta";"Não";2;0;1;0;0;1;1;2;-32,08573295;-52,19690099;"SPRF-RS";"DEL07-RS";"UOP02-DEL07-RS"
461545;2022-07-13;"quarta-feira";"22:20:00";"SC";101;356,1;"SANGAO";"Ingestão de álcool pelo condutor";"Saída de leito carroçável";"Com Vítimas Feridas";"Plena Noite";"Decrescente";"Céu Claro";"Dupla";"Curva";"Não";2;0;1;0;0;1;1;2;-28,62930081;-49,08665412;"SPRF-SC";"DEL02-SC";"UOP01-DEL02-SC"
461549;2022-07-13;"quarta-feira";"22:00:00";"MG";381;426;"CAETE";"Condutor deixou de manter distância do veículo da frente";"Colisão traseira";"Com Vítimas Feridas";"Plena Noite";"Crescente";"Céu Claro";"Dupla";"Reta";"Não";3;0;0;1;1;2;1;4;-19,78686195;-43,68924804;"SPRF-MG";"DEL01-MG";"UOP01-DEL01-MG"
461552;2022-07-14;"quinta-feira";"01:00:00";"PR";277;34,7;"MORRETES";"Condutor Dormindo";"Colisão traseira";"Com Vítimas Feridas";"Plena Noite";"Decrescente";"Céu Claro";"Dupla";"Reta";"Não";3;0;1;0;0;2;1;3;-25,547373;-48,790559;"SPRF-PR";"DEL01-PR";"UOP05-DEL01-PR"
461553;2022-07-14;"quinta-feira";"04:16:00";"TO";153;334;"GUARAI";"Reação tardia ou ineficiente do condutor";"Colisão traseira";"Com Vítimas Feridas";"Plena Noite";"Decrescente";"Céu Claro";"Simples";"Reta";"Sim";2;0;0;1;0;1;1;2;-8,835718;-48,512123;"SPRF-TO";"DEL02-TO";"UOP02-DEL02-TO"
461557;2022-07-13;"quarta-feira";"18:30:00";"RS";386;347;"LAJEADO";"Reação tardia ou ineficiente do condutor";"Colisão lateral mesmo sentido";"Com Vítimas Feridas";"Plena Noite";"Crescente";"Céu Claro";"Dupla";"Reta;Viaduto";"Sim";4;0;1;0;3;0;1;3;-29,451736;-51,965893;"SPRF-RS";"DEL04-RS";"UOP01-DEL04-RS"
461558;2022-06-16;"quinta-feira";"11:30:00";"PE";232;557,5;"PARNAMIRIM";"Transitar na contramão";"Colisão frontal";"Com Vítimas Fatais";"Pleno dia";"Crescente";"Céu Claro";"Simples";"Reta";"Não";4;1;1;0;2;0;1;2;-8,09398724;-39,54986293;"SPRF-PE";"DEL05-PE";"UOP01-DEL05-PE"
461559;2022-07-13;"quarta-feira";"18:00:00";"MG";381;874,9;"ESTIVA";"Manobra de mudança de faixa";"Colisão lateral mesmo sentido";"Com Vítimas Feridas";"Plena Noite";"Decrescente";"Céu Claro";"Dupla";"Reta";"Não";4;0;1;0;1;3;1;5;-22,45619351;-46,00792634;"SPRF-MG";"DEL16-MG";"UOP01-DEL16-MG"
461561;2022-07-14;"quinta-feira";"05:20:00";"MG";40;625;"CONGONHAS";"Ausência de reação do condutor";"Colisão frontal";"Sem Vítimas";"Plena Noite";"Crescente";"Céu Claro";"Simples";"Reta";"Não";16;0;0;0;14;2;0;3;-20,61943389;-43,80624635;"SPRF-MG";"DEL05-MG";"UOP02-DEL05-MG"
461562;2022-07-13;"quarta-feira";"23:15:00";"RO";435;97,7;"COLORADO DO OESTE";"Ausência de reação do condutor";"Saída de leito carroçável";"Com Vítimas Fatais";"Plena Noite";"Decrescente";"Céu Claro";"Simples";"Curva";"Não";2;1;0;1;0;0;1;1;-13,18680238;-60,59200287;"SPRF-RO";"DEL04-RO";"UOP02-DEL04-RO"
461565;2022-07-14;"quinta-feira";"06:15:00";"RS";386;335;"LAJEADO";"Reação tardia ou ineficiente do condutor";"Saída de leito carroçável";"Com Vítimas Feridas";"Pleno dia";"Decrescente";"Chuva";"Dupla";"Curva;Declive";"Não";2;0;1;0;0;1;1;2;-29,385532;-52,052769;"SPRF-RS";"DEL04-RS";"UOP01-DEL04-RS"
461567;2022-07-14;"quinta-feira";"04:30:00";"PE";101;115,7;"IPOJUCA";"Pista esburacada";"Tombamento";"Sem Vítimas";"Amanhecer";"Crescente";"Chuva";"Dupla";"Curva";"Não";2;0;0;0;1;1;0;2;-8,33783596;-35,14164006;"SPRF-PE";"DEL01-PE";"UOP03-DEL01-PE"
461570;2022-07-14;"quinta-feira";"04:40:00";"SP";116;357,6;"MIRACATU";"Manobra de mudança de faixa";"Colisão lateral mesmo sentido";"Com Vítimas Feridas";"Plena Noite";"Decrescente";"Nublado";"Simples";"Curva";"Não";2;0;1;0;1;0;1;2;-24,09799899;-47,2538542;"SPRF-SP";"DEL04-SP";"UOP02-DEL04-SP"
461573;2022-07-14;"quinta-feira";"06:45:00";"MG";381;509,5;"SAO JOAQUIM DE BICAS";"Reação tardia ou ineficiente do condutor";"Tombamento";"Com Vítimas Feridas";"Pleno dia";"Decrescente";"Céu Claro";"Dupla";"Reta";"Sim";4;0;1;0;2;1;1;3;-20,051;-44,27987;"SPRF-MG";"DEL01-MG";"UOP03-DEL01-MG"
461577;2022-07-14;"quinta-feira";"06:00:00";"PR";277;700,1;"SAO MIGUEL DO IGUACU";"Reação tardia ou ineficiente do condutor";"Capotamento";"Com Vítimas Fatais";"Plena Noite";"Crescente";"Garoa/Chuvisco";"Dupla";"Reta";"Não";1;1;0;0;0;0;0;1;-25,40601241;-54,32821775;"SPRF-PR";"DEL05-PR";"UOP01-DEL05-PR"
461581;2022-07-14;"quinta-feira";"07:00:00";"ES";101;18;"PEDRO CANARIO";"Reação tardia ou ineficiente do condutor";"Tombamento";"Com Vítimas Feridas";"Pleno dia";"Decrescente";"Nublado";"Simples";"Declive";"Não";2;0;1;1;0;0;2;1;-18,31320539;-39,95347307;"SPRF-ES";"DEL04-ES";"UOP02-DEL04-ES"
461584;2022-07-14;"quinta-feira";"07:30:00";"ES";101;296;"CARIACICA";"Manobra de mudança de faixa";"Colisão lateral mesmo sentido";"Com Vítimas Fatais";"Pleno dia";"Crescente";"Sol";"Simples";"Reta";"Sim";3;1;0;0;2;0;0;3;-20,316994;-40,395713;"SPRF-ES";"DEL01-ES";"UOP01-DEL01-ES"
461585;2022-07-14;"quinta-feira";"02:00:00";"BA";101;371;"GANDU";"Reação tardia ou ineficiente do condutor";"Tombamento";"Com Vítimas Feridas";"Plena Noite";"Decrescente";"Nevoeiro/Neblina";"Simples";"Reta";"Não";3;0;2;0;0;1;2;2;-13,9178362;-39,48511279;"SPRF-BA";"DEL05-BA";"UOP03-DEL05-BA"
461589;2022-07-14;"quinta-feira";"08:10:00";"BA";407;8,1;"JUAZEIRO";"Ultrapassagem Indevida";"Tombamento";"Com Vítimas Fatais";"Pleno dia";"Decrescente";"Céu Claro";"Simples";"Reta";"Sim";3;1;0;0;2;0;0;2;-9,4802599;-40,4750298;"SPRF-PE";"DEL06-PE";"UOP01-DEL06-PE"
461591;2022-07-14;"quinta-feira";"08:00:00";"RS";386;414;"MONTENEGRO";"Pista Escorregadia";"Saída de leito carroçável";"Com Vítimas Feridas";"Pleno dia";"Crescente";"Chuva";"Dupla";"Curva";"Não";1;0;1;0;0;0;1;1;-29,816236;-51,483341;"SPRF-RS";"DEL04-RS";"UOP02-DEL04-RS"
461593;2022-07-14;"quinta-feira";"06:00:00";"MT";364;359,5;"SANTO ANTONIO DO LEVERGER";"Demais falhas mecânicas ou elétricas";"Incêndio";"Com Vítimas Feridas";"Pleno dia";"Crescente";"Céu Claro";"Dupla";"Reta";"Não";2;0;1;0;0;2;1;3;-15,77470584;-55,62130789;"SPRF-MT";"DEL05-MT";"UOP02-DEL05-MT"
461598;2022-07-14;"quinta-feira";"08:40:00";"ES";101;119;"SOORETAMA";"Reação tardia ou ineficiente do condutor";"Colisão traseira";"Com Vítimas Feridas";"Pleno dia";"Crescente";"Chuva";"Simples";"Reta";"Não";6;0;1;0;4;1;1;5;-19,13567283;-40,07109336;"SPRF-ES";"DEL04-ES";"UOP01-DEL04-ES"
461600;2022-07-14;"quinta-feira";"08:10:00";"DF";20;6;"BRASILIA";"Ausência de reação do condutor";"Colisão lateral mesmo sentido";"Com Vítimas Feridas";"Pleno dia";"Crescente";"Céu Claro";"Dupla";"Aclive";"Sim";2;0;1;0;1;0;1;2;-15,665888;-47,808308;"SPRF-DF";"DEL02-DF";"UOP01-DEL02-DF"
461602;2022-07-14;"quinta-feira";"09:00:00";"PA";230;116;"MARABA";"Manobra de mudança de faixa";"Colisão lateral mesmo sentido";"Sem Vítimas";"Pleno dia";"Crescente";"Céu Claro";"Dupla";"Reta";"Sim";2;0;0;0;2;0;0;2;-5,35947454;-49,08301084;"SPRF-PA";"DEL03-PA";"UOP01-DEL03-PA"
461608;2022-07-14;"quinta-feira";"06:00:00";"MG";40;440;"PARAOPEBA";"Condutor usando celular";"Tombamento";"Sem Vítimas";"Amanhecer";"Crescente";"Céu Claro";"Dupla";"Reta";"Não";1;0;0;0;1;0;0;1;-19,23100428;-44,43562244;"SPRF-MG";"DEL02-MG";"UOP01-DEL02-MG"
461613;2022-07-14;"quinta-feira";"09:40:00";"PB";230;13;"CABEDELO";"Ultrapassagem Indevida";"Colisão lateral mesmo sentido";"Com Vítimas Feridas";"Pleno dia";"Decrescente";"Céu Claro";"Dupla";"Interseção de Vias";"Sim";2;0;1;0;1;0;1;2;-7,0772;-34,8494;"SPRF-PB";"DEL01-PB";"UOP01-DEL01-PB"
461619;2022-07-14;"quinta-feira";"06:20:00";"MG";262;62,3;"MATIPO";"Frear bruscamente";"Saída de leito carroçável";"Com Vítimas Feridas";"Amanhecer";"Crescente";"Céu Claro";"Simples";"Reta";"Não";2;0;1;0;0;1;1;2;-20,29261013;-42,22680397;"SPRF-MG";"DEL06-MG";"UOP03-DEL06-MG"
461620;2022-07-14;"quinta-feira";"09:30:00";"RN";101;153,3;"GOIANINHA";"Manobra de mudança de faixa";"Colisão lateral mesmo sentido";"Sem Vítimas";"Pleno dia";"Crescente";"Céu Claro";"Múltipla";"Reta";"Não";3;0;0;0;2;1;0;3;-6,31748925;-35,18316143;"SPRF-RN";"DEL01-RN";"UOP01-DEL01-RN"
461623;2022-07-14;"quinta-feira";"08:50:00";"SC";101;101;"BALNEARIO PICARRAS";"Condutor deixou de manter distância do veículo da frente";"Colisão traseira";"Com Vítimas Feridas";"Pleno dia";"Crescente";"Garoa/Chuvisco";"Dupla";"Ponte";"Sim";5;0;1;0;3;2;1;4;-26,76404198;-48,68657667;"SPRF-SC";"DEL03-SC";"UOP02-DEL03-SC"
461624;2022-07-14;"quinta-feira";"09:30:00";"MS";262;556;"MIRANDA";"Acessar a via sem observar a presença dos outros veículos";"Colisão transversal";"Com Vítimas Fatais";"Pleno dia";"Decrescente";"Céu Claro";"Simples";"Reta";"Não";3;1;0;0;2;0;0;2;-20,24532037;-56,3602255;"SPRF-MS";"DEL03-MS";"UOP02-DEL03-MS"
461629;2022-07-14;"quinta-feira";"07:40:00";"MG";50;5;"ARAGUARI";"Acumulo de óleo sobre o pavimento";"Colisão traseira";"Com Vítimas Feridas";"Pleno dia";"Crescente";"Céu Claro";"Dupla";"Curva";"Não";3;0;1;0;1;1;1;3;-18,46209617;-48,04941261;"SPRF-MG";"DEL15-MG";"UOP02-DEL15-MG"
461630;2022-07-14;"quinta-feira";"10:30:00";"AL";101;201;"SAO SEBASTIAO";"Acessar a via sem observar a presença dos outros veículos";"Colisão transversal";"Sem Vítimas";"Pleno dia";"Crescente";"Céu Claro";"Dupla";"Reta";"Não";2;0;0;0;1;1;0;2;-9,95860397;-36,54588466;"SPRF-AL";"DEL02-AL";"UOP02-DEL02-AL"
461632;2022-07-14;"quinta-feira";"11:35:00";"RS";285;197,4;"LAGOA VERMELHA";"Acessar a via sem observar a presença dos outros veículos";"Colisão transversal";"Sem Vítimas";"Pleno dia";"Crescente";"Chuva";"Simples";"Interseção de Vias";"Sim";4;0;0;0;1;4;0;4;-28,2110595;-51,51098728;"SPRF-RS";"DEL08-RS";"UOP05-DEL08-RS"
461634;2022-07-14;"quinta-feira";"12:05:00";"SC";470;12;"NAVEGANTES";"Carga excessiva e/ou mal acondicionada";"Derramamento de carga";"Sem Vítimas";"Pleno dia";"Decrescente";"Chuva";"Dupla";"Reta";"Não";2;0;0;0;1;1;0;2;-26,835169;-48,757267;"SPRF-SC";"DEL04-SC";"UOP04-DEL04-SC"
461640;2022-07-14;"quinta-feira";"12:25:00";"MS";267;78,8;"BATAGUASSU";"Condutor Dormindo";"Colisão lateral sentido oposto";"Com Vítimas Fatais";"Pleno dia";"Crescente";"Céu Claro";"Simples";"Reta";"Não";6;1;1;1;1;3;2;6;-21,87456655;-52,84365909;"SPRF-MS";"DEL02-MS";"UOP04-DEL02-MS"
461641;2022-07-14;"quinta-feira";"09:10:00";"MT";158;633,7;"NOVA XAVANTINA";"Reação tardia ou ineficiente do condutor";"Saída de leito carroçável";"Com Vítimas Feridas";"Pleno dia";"Crescente";"Sol";"Simples";"Curva";"Não";2;0;1;0;0;2;1;3;-14,53691046;-52,32954037;"SPRF-MT";"DEL07-MT";"UOP02-DEL07-MT"
461643;2022-07-14;"quinta-feira";"13:50:00";"CE";116;14,1;"FORTALEZA";"Condutor deixou de manter distância do veículo da frente";"Colisão lateral mesmo sentido";"Com Vítimas Feridas";"Pleno dia";"Decrescente";"Céu Claro";"Múltipla";"Reta";"Sim";3;0;1;1;1;0;2;2;-3,86973356;-38,49827361;"SPRF-CE";"DEL01-CE";"UOP02-DEL01-CE"
461646;2022-07-14;"quinta-feira";"14:00:00";"RJ";101;173,5;"MACAE";"Reação tardia ou ineficiente do condutor";"Saída de leito carroçável";"Com Vítimas Feridas";"Pleno dia";"Decrescente";"Céu Claro";"Simples";"Reta";"Não";1;0;1;0;0;0;1;1;-22,37100817;-41,95186287;"SPRF-RJ";"DEL08-RJ";"UOP04-DEL08-RJ"
461660;2022-07-14;"quinta-feira";"16:30:00";"SC";470;62,1;"INDAIAL";"Acessar a via sem observar a presença dos outros veículos";"Colisão transversal";"Com Vítimas Feridas";"Pleno dia";"Crescente";"Chuva";"Simples";"Reta;Interseção de Vias";"Sim";3;0;1;0;1;1;1;3;-26,874521;-49,182938;"SPRF-SC";"DEL04-SC";"UOP01-DEL04-SC"
461663;2022-06-29;"quarta-feira";"05:30:00";"PE";101;76,5;"RECIFE";"Manobra de mudança de faixa";"Colisão lateral mesmo sentido";"Com Vítimas Feridas";"Amanhecer";"Decrescente";"Garoa/Chuvisco";"Dupla";"Reta";"Sim";4;0;0;1;2;1;1;4;-8,12445;-34,943743;"SPRF-PE";"DEL01-PE";"UOP01-DEL01-PE"
461665;2022-07-14;"quinta-feira";"15:00:00";"PR";280;280;"FLOR DA SERRA DO SUL";"Mal súbito do condutor";"Colisão frontal";"Com Vítimas Feridas";"Pleno dia";"Crescente";"Céu Claro";"Simples";"Reta";"Não";3;0;0;1;1;1;1;3;-26,24539005;-53,22355706;"SPRF-PR";"DEL02-PR";"UOP01-DEL02-PR"
461668;2022-07-14;"quinta-feira";"16:00:00";"BA";101;280;"LAJE";"Acessar a via sem observar a presença dos outros veículos";"Colisão transversal";"Sem Vítimas";"Pleno dia";"Crescente";"Sol";"Simples";"Rotatória";"Não";3;0;0;0;3;0;0;2;-13,107739;-39,284963;"SPRF-BA";"DEL01-BA";"UOP02-DEL01-BA"