"id";"data_inversa";"dia_semana";"horario";"uf";"br";"km";"municipio";"causa_acidente";"tipo_acidente";"classificacao_acidente";"fase_dia";"sentido_via";"condicao_metereologica";"tipo_pista";"tracado_via";"uso_solo";"pessoas";"mortos";"feridos_leves";"feridos_graves";"ilesos";"ignorados";"feridos";"veiculos";"latitude";"longitude";"regional";"delegacia";"uop"
461669;2022-07-14;"quinta-feira";"17:56:00";"DF";20;16;"BRASILIA";"Manobra de mudança de faixa";"Colisão traseira";"Com Vítimas Feridas";"Anoitecer";"Crescente";"Céu Claro";"Dupla";"Reta";"Não";2;0;0;1;1;0;1;2;-15,625675;-47,725159;"SPRF-DF";"DEL02-DF";"UOP01-DEL02-DF"
461675;2022-07-14;"quinta-feira";"15:30:00";"RS";392;112,8;"CANGUCU";"Condutor deixou de manter distância do veículo da frente";"Colisão traseira";"Sem Vítimas";"Pleno dia";"Decrescente";"Chuva";"Simples";"Reta";"Não";4;0;0;0;3;1;0;4;-31,44667113;-52,64345314;"SPRF-RS";"DEL07-RS";"UOP01-DEL07-RS"
461681;2022-07-14;"quinta-feira";"18:45:00";"BA";407;99,4;"JAGUARARI";"Manobra de mudança de faixa";"Colisão traseira";"Com Vítimas Feridas";"Plena Noite";"Crescente";"Nublado";"Simples";"Reta";"Não";8;0;2;3;2;2;5;5;-10,19445898;-40,22081893;"SPRF-BA";"DEL04-BA";"UOP01-DEL04-BA"
461686;2022-07-14;"quinta-feira";"18:43:00";"PR";369;521,6;"CASCAVEL";"Ingestão de álcool pelo condutor";"Colisão frontal";"Sem Vítimas";"Anoitecer";"Crescente";"Céu Claro";"Simples";"Reta";"Não";3;0;0;0;2;1;0;3;-24,9326;-53,3946;"SPRF-PR";"DEL04-PR";"UOP01-DEL04-PR"
461687;2022-07-14;"quinta-feira";"16:35:00";"SC";282;420,1;"VARGEM BONITA";"Velocidade Incompatível";"Capotamento";"Com Vítimas Feridas";"Pleno dia";"Crescente";"Céu Claro";"Simples";"Curva";"Não";2;0;1;0;0;1;1;2;-27,014505;-51,736427;"SPRF-SC";"DEL07-SC";"UOP05-DEL07-SC"
461689;2022-07-14;"quinta-feira";"17:30:00";"SC";470;277;"BRUNOPOLIS";"Ausência de reação do condutor";"Colisão lateral sentido oposto";"Com Vítimas Feridas";"Pleno dia";"Decrescente";"Nublado";"Simples";"Reta";"Não";3;0;1;0;1;2;1;4;-27,332188;-50,862553;"SPRF-SC";"DEL07-SC";"UOP06-DEL07-SC"
461701;2022-07-14;"quinta-feira";"18:31:00";"SC";280;200;"MAFRA";"Conversão proibida";"Colisão transversal";"Com Vítimas Feridas";"Anoitecer";"Crescente";"Nublado";"Simples";"Reta";"Não";2;0;0;1;1;0;1;2;-26,17433755;-50,07245636;"SPRF-SC";"DEL06-SC";"UOP01-DEL06-SC"
461709;2022-07-14;"quinta-feira";"19:40:00";"SC";116;75;"MONTE CASTELO";"Reação tardia ou ineficiente do condutor";"Incêndio";"Sem Vítimas";"Plena Noite";"Crescente";"Garoa/Chuvisco";"Simples";"Reta";"Não";1;0;0;0;1;0;0;1;-26,51214597;-50,22707097;"SPRF-SC";"DEL06-SC";"UOP02-DEL06-SC"
461712;2022-07-14;"quinta-feira";"21:50:00";"SP";116;338;"JUQUITIBA";"Velocidade Incompatível";"Colisão traseira";"Com Vítimas Feridas";"Plena Noite";"Crescente";"Nevoeiro/Neblina";"Dupla";"Reta";"Sim";4;0;0;1;2;1;1;3;-23,990126;-47,147995;"SPRF-SP";"DEL04-SP";"UOP01-DEL04-SP"
461714;2022-07-14;"quinta-feira";"18:50:00";"MG";251;308;"SALINAS";"Acessar a via sem observar a presença dos outros veículos";"Colisão transversal";"Com Vítimas Feridas";"Plena Noite";"Crescente";"Céu Claro";"Simples";"Reta";"Não";2;0;0;1;1;0;1;2;-16,14239606;-42,29855495;"SPRF-MG";"DEL11-MG";"UOP02-DEL11-MG"
461721;2022-07-14;"quinta-feira";"17:10:00";"SC";470;119,1;"IBIRAMA";"Velocidade Incompatível";"Tombamento";"Com Vítimas Feridas";"Anoitecer";"Decrescente";"Nublado";"Dupla";"Curva;Declive";"Não";2;0;1;0;0;2;1;3;-27,08238841;-49,52047706;"SPRF-SC";"DEL04-SC";"UOP02-DEL04-SC"
461722;2022-07-14;"quinta-feira";"21:30:00";"RS";290;166,6;"BUTIA";"Acessar a via sem observar a presença dos outros veículos";"Colisão transversal";"Com Vítimas Feridas";"Plena Noite";"Decrescente";"Chuva";"Simples";"Reta";"Não";6;0;1;0;4;2;1;4;-30,122547;-51,868572;"SPRF-RS";"DEL02-RS";"UOP03-DEL02-RS"
461725;2022-04-05;"terça-feira";"15:00:00";"MT";70;704,7;"CACERES";"Problema com o freio";"Colisão traseira";"Sem Vítimas";"Plena Noite";"Crescente";"Céu Claro";"Simples";"Declive";"Não";4;0;0;0;3;1;0;4;-16,25153193;-57,52154946;"SPRF-MT";"DEL03-MT";"UOP01-DEL03-MT"
461726;2022-07-13;"quarta-feira";"23:30:00";"MS";267;32;"BATAGUASSU";"Condutor Dormindo";"Saída de leito carroçável";"Com Vítimas Feridas";"Plena Noite";"Crescente";"Nublado";"Simples";"Reta";"Não";1;0;1;0;0;0;1;1;-21,73094727;-52,44889984;"SPRF-MS";"DEL02-MS";"UOP04-DEL02-MS"
461730;2022-07-14;"quinta-feira";"20:00:00";"SC";282;179;"BOCAINA DO SUL";"Demais falhas mecânicas ou elétricas";"Incêndio";"Sem Vítimas";"Plena Noite";"Decrescente";"Garoa/Chuvisco";"Simples";"Reta";"Não";2;0;0;0;1;1;0;2;-27,740141;-49,930519;"SPRF-SC";"DEL05-SC";"UOP01-DEL05-SC"
461731;2022-07-14;"quinta-feira";"23:55:00";"SC";116;139;"SANTA CECILIA";"Acessar a via sem observar a presença dos outros veículos";"Colisão frontal";"Com Vítimas Feridas";"Plena Noite";"Crescente";"Nublado";"Simples";"Reta";"Sim";3;0;1;0;1;1;1;3;-26,96007677;-50,41626976;"SPRF-SC";"DEL06-SC";"UOP02-DEL06-SC"
461733;2022-07-15;"sexta-feira";"01:15:00";"MG";381;739,5;"POUSO ALEGRE";"Ausência de reação do condutor";"Saída de leito carroçável";"Com Vítimas Feridas";"Plena Noite";"Crescente";"Ignorado";"Dupla";"Reta";"Não";2;0;1;0;0;11;1;12;-22,23152668;-45,87646008;"SPRF-MG";"DEL16-MG";"UOP02-DEL16-MG"
461738;2022-07-14;"quinta-feira";"20:20:00";"SC";470;275;"BRUNOPOLIS";"Ingestão de substâncias psicoativas pelo condutor";"Colisão frontal";"Com Vítimas Feridas";"Plena Noite";"Decrescente";"Nublado";"Simples";"Reta";"Não";4;0;1;1;1;1;2;3;-27,329201;-50,813515;"SPRF-SC";"DEL07-SC";"UOP06-DEL07-SC"
461739;2022-07-15;"sexta-feira";"04:10:00";"MS";163;611;"SAO GABRIEL DO OESTE";"Ultrapassagem Indevida";"Colisão lateral mesmo sentido";"Com Vítimas Feridas";"Amanhecer";"Decrescente";"Céu Claro";"Simples";"Declive";"Não";6;0;3;0;2;1;3;3;-19,42738291;-54,54332791;"SPRF-MS";"DEL06-MS";"UOP02-DEL06-MS"
461742;2022-07-15;"sexta-feira";"05:00:00";"PR";116;31;"CAMPINA GRANDE DO SUL";"Reação tardia ou ineficiente do condutor";"Saída de leito carroçável";"Com Vítimas Feridas";"Amanhecer";"Decrescente";"Nublado";"Dupla";"Declive;Reta";"Não";1;0;1;0;0;0;1;1;-25,1091668;-48,82824719;"SPRF-PR";"DEL01-PR";"UOP02-DEL01-PR"
461744;2022-07-15;"sexta-feira";"05:35:00";"PE";110;96,6;"SERTANIA";"Condutor Dormindo";"Saída de leito carroçável";"Com Vítimas Feridas";"Amanhecer";"Decrescente";"Céu Claro";"Simples";"Reta";"Não";4;0;0;4;0;0;4;1;-8,34796366;-37,26585388;"SPRF-PE";"DEL04-PE";"UOP02-DEL04-PE"
461745;2022-07-15;"sexta-feira";"05:30:00";"BA";116;817;"VITORIA DA CONQUISTA";"Condutor Dormindo";"Colisão frontal";"Com Vítimas Feridas";"Amanhecer";"Crescente";"Céu Claro";"Simples";"Reta";"Não";4;0;1;2;0;1;3;3;-14,82071753;-40,81313114;"SPRF-BA";"DEL08-BA";"UOP01-DEL08-BA"
461748;2022-07-14;"quinta-feira";"15:00:00";"PR";376;491;"PONTA GROSSA";"Reação tardia ou ineficiente do condutor";"Colisão traseira";"Sem Vítimas";"Pleno dia";"Decrescente";"Céu Claro";"Dupla";"Reta";"Sim";3;0;0;0;3;0;0;3;-25,15130703;-50,1421625;"SPRF-PR";"DEL03-PR";"UOP01-DEL03-PR"
461749;2022-07-15;"sexta-feira";"06:30:00";"RJ";40;116;"DUQUE DE CAXIAS";"Reação tardia ou ineficiente do condutor";"Colisão traseira";"Com Vítimas Feridas";"Pleno dia";"Crescente";"Céu Claro";"Múltipla";"Reta";"Sim";3;0;1;0;2;0;1;2;-22,73662299;-43,28858785;"SPRF-RJ";"DEL01-RJ";"UOP01-DEL01-RJ"
461752;2022-07-14;"quinta-feira";"15:00:00";"PR";376;491;"PONTA GROSSA";"Velocidade Incompatível";"Colisão traseira";"Com Vítimas Feridas";"Pleno dia";"Decrescente";"Céu Claro";"Dupla";"Reta";"Sim";3;0;1;0;1;3;1;5;-25,15130703;-50,1421625;"SPRF-PR";"DEL03-PR";"UOP01-DEL03-PR"
461753;2022-07-15;"sexta-feira";"05:20:00";"RS";116;454,9;"SAO LOURENCO DO SUL";"Ausência de reação do condutor";"Colisão traseira";"Com Vítimas Feridas";"Plena Noite";"Crescente";"Garoa/Chuvisco";"Dupla";"Reta";"Não";4;0;0;1;2;1;1;3;-31,22789039;-52,00402304;"SPRF-RS";"DEL02-RS";"UOP02-DEL02-RS"
461761;2022-07-15;"sexta-feira";"08:10:00";"SP";116;223;"GUARULHOS";"Reação tardia ou ineficiente do condutor";"Colisão traseira";"Com Vítimas Feridas";"Pleno dia";"Decrescente";"Céu Claro";"Múltipla";"Reta";"Sim";2;0;0;1;1;0;1;2;-23,47559815;-46,5246609;"SPRF-SP";"DEL01-SP";"UOP01-DEL01-SP"
461762;2022-07-15;"sexta-feira";"07:30:00";"MG";40;814;"JUIZ DE FORA";"Ausência de reação do condutor";"Colisão traseira";"Com Vítimas Feridas";"Pleno dia";"Crescente";"Céu Claro";"Dupla";"Reta";"Não";3;0;0;1;1;1;1;3;-21,6048583;-43,454237;"SPRF-MG";"DEL05-MG";"UOP01-DEL05-MG"
461763;2022-07-15;"sexta-feira";"04:30:00";"MG";381;682,1;"PERDOES";"Condutor Dormindo";"Saída de leito carroçável";"Com Vítimas Feridas";"Amanhecer";"Decrescente";"Céu Claro";"Dupla";"Reta";"Não";1;0;1;0;0;0;1;1;-21,16800802;-45,12657489;"SPRF-MG";"DEL04-MG";"UOP02-DEL04-MG"
461765;2022-07-15;"sexta-feira";"07:40:00";"PR";376;314,5;"ORTIGUEIRA";"Velocidade Incompatível";"Tombamento";"Com Vítimas Feridas";"Pleno dia";"Crescente";"Céu Claro";"Dupla";"Curva;Declive";"Não";2;0;0;1;0;2;1;3;-23,9884142;-51,0855544;"SPRF-PR";"DEL07-PR";"UOP02-DEL07-PR"
461770;2022-07-15;"sexta-feira";"07:30:00";"ES";393;3,2;"CACHOEIRO DE ITAPEMIRIM";"Acessar a via sem observar a presença dos outros veículos";"Colisão frontal";"Com Vítimas Feridas";"Pleno dia";"Crescente";"Céu Claro";"Simples";"Reta";"Não";3;0;0;1;2;0;1;3;-20,82758347;-41,18252617;"SPRF-ES";"DEL03-ES";"UOP02-DEL03-ES"
461771;2022-07-15;"sexta-feira";"09:10:00";"PB";101;116,2;"CAAPORA";"Acumulo de água sobre o pavimento";"Colisão traseira";"Com Vítimas Feridas";"Pleno dia";"Decrescente";"Chuva";"Dupla";"Reta;Declive";"Não";3;0;1;0;2;0;1;3;-7,405261;-34,95492;"SPRF-PB";"DEL01-PB";"UOP02-DEL01-PB"
461773;2022-07-15;"sexta-feira";"07:40:00";"RO";364;38;"VILHENA";"Reação tardia ou ineficiente do condutor";"Colisão lateral mesmo sentido";"Com Vítimas Feridas";"Pleno dia";"Decrescente";"Sol";"Simples";"Reta";"Não";7;0;2;0;4;3;2;5;-12,650281;-60,320248;"SPRF-RO";"DEL04-RO";"UOP01-DEL04-RO"
461774;2022-07-15;"sexta-feira";"08:45:00";"PI";135;231;"COLONIA DO GURGUEIA";"Ultrapassagem Indevida";"Colisão frontal";"Com Vítimas Fatais";"Pleno dia";"Crescente";"Céu Claro";"Simples";"Reta";"Não";8;1;3;1;2;3;4;6;-8,19666999;-43,79343605;"SPRF-PI";"DEL03-PI";"UOP02-DEL03-PI"
461777;2022-07-15;"sexta-feira";"07:30:00";"SC";282;90,7;"ALFREDO WAGNER";"Velocidade Incompatível";"Colisão frontal";"Sem Vítimas";"Amanhecer";"Decrescente";"Nublado";"Simples";"Curva";"Não";3;0;0;0;2;1;0;3;-27,683796;-49,222366;"SPRF-SC";"DEL01-SC";"UOP03-DEL01-SC"
461782;2022-06-18;"sábado";"16:40:00";"ES";101;115;"SOORETAMA";"Reação tardia ou ineficiente do condutor";"Colisão frontal";"Com Vítimas Fatais";"Pleno dia";"Crescente";"Céu Claro";"Simples";"Reta";"Não";3;1;0;0;1;2;0;4;-19,10300393;-40,05496212;"SPRF-ES";"DEL04-ES";"UOP01-DEL04-ES"
461783;2022-07-15;"sexta-feira";"11:00:00";"RJ";101;11;"CAMPOS DOS GOYTACAZES";"Reação tardia ou ineficiente do condutor";"Colisão com objeto";"Com Vítimas Feridas";"Pleno dia";"Crescente";"Céu Claro";"Simples";"Reta";"Não";2;0;2;0;0;0;2;1;-21,31648344;-41,32577696;"SPRF-RJ";"DEL08-RJ";"UOP01-DEL08-RJ"
461784;2022-07-15;"sexta-feira";"10:40:00";"MG";40;347,3;"FELIXLANDIA";"Condutor Dormindo";"Saída de leito carroçável";"Sem Vítimas";"Pleno dia";"Crescente";"Céu Claro";"Simples";"Reta";"Não";2;0;0;0;1;1;0;2;-18,70961;-44,95471;"SPRF-MG";"DEL02-MG";"UOP01-DEL02-MG"
461785;2022-07-15;"sexta-feira";"11:43:00";"TO";153;634,8;"ALIANCA DO TOCANTINS";"Condutor deixou de manter distância do veículo da frente";"Colisão traseira";"Com Vítimas Feridas";"Pleno dia";"Decrescente";"Céu Claro";"Simples";"Reta";"Não";4;0;0;1;2;1;1;3;-11,39541211;-48,97433972;"SPRF-TO";"DEL01-TO";"UOP02-DEL01-TO"
461788;2022-07-15;"sexta-feira";"11:25:00";"PE";101;68;"RECIFE";"Trafegar com motocicleta (ou similar) entre as faixas";"Colisão lateral mesmo sentido";"Com Vítimas Feridas";"Pleno dia";"Decrescente";"Céu Claro";"Múltipla";"Viaduto";"Sim";3;0;1;0;1;2;1;4;-8,05074296;-34,94580619;"SPRF-PE";"DEL01-PE";"UOP01-DEL01-PE"
461790;2022-07-15;"sexta-feira";"09:30:00";"BA";116;657;"JEQUIE";"Condutor Dormindo";"Colisão lateral sentido oposto";"Com Vítimas Feridas";"Pleno dia";"Crescente";"Céu Claro";"Simples";"Curva";"Não";4;0;0;1;2;2;1;4;-13,672783;-40,09670093;"SPRF-BA";"DEL03-BA";"UOP01-DEL03-BA"
461792;2022-07-15;"sexta-feira";"00:30:00";"PI";230;246;"OEIRAS";"Ausência de reação do condutor";"Saída de leito carroçável";"Com Vítimas Feridas";"Plena Noite";"Crescente";"Céu Claro";"Simples";"Reta";"Não";1;0;1;0;0;0;1;1;-6,98233602;-42,50816;"SPRF-PI";"DEL03-PI";"UOP01-DEL03-PI"
461795;2022-07-15;"sexta-feira";"08:30:00";"ES";101;24;"CONCEICAO DA BARRA";"Reação tardia ou ineficiente do condutor";"Tombamento";"Com Vítimas Feridas";"Pleno dia";"Decrescente";"Céu Claro";"Simples";"Reta";"Não";2;0;1;0;0;1;1;2;-18,3592689;-39,95388073;"SPRF-ES";"DEL04-ES";"UOP02-DEL04-ES"
461797;2022-07-15;"sexta-feira";"11:44:00";"MG";262;354,8;"BETIM";"Transitar na contramão";"Colisão frontal";"Com Vítimas Fatais";"Pleno dia";"Crescente";"Sol";"Dupla";"Reta";"Sim";3;2;0;0;0;3;0;5;-19,98367397;-44,20889854;"SPRF-MG";"DEL01-MG";"UOP03-DEL01-MG"
461798;2022-07-15;"sexta-feira";"12:30:00";"SP";116;281;"EMBU DAS ARTES";"Reação tardia ou ineficiente do condutor";"Colisão lateral mesmo sentido";"Com Vítimas Feridas";"Pleno dia";"Decrescente";"Céu Claro";"Dupla";"Reta";"Sim";2;0;1;0;1;0;1;2;-23,67784787;-46,85769227;"SPRF-SP";"DEL04-SP";"UOP01-DEL04-SP"
461799;2022-07-15;"sexta-feira";"10:15:00";"MG";116;374,8;"FREI INOCENCIO";"Transitar na contramão";"Colisão lateral sentido oposto";"Com Vítimas Feridas";"Pleno dia";"Decrescente";"Céu Claro";"Simples";"Ponte";"Sim";5;0;0;1;3;1;1;4;-18,57167276;-41,91082732;"SPRF-MG";"DEL11-MG";"UOP01-DEL11-MG"
461802;2022-07-15;"sexta-feira";"12:20:00";"SC";282;397;"JOACABA";"Condutor deixou de manter distância do veículo da frente";"Colisão traseira";"Com Vítimas Feridas";"Pleno dia";"Crescente";"Céu Claro";"Simples";"Aclive;Reta";"Não";3;0;1;0;1;2;1;4;-27,149391;-51,607558;"SPRF-SC";"DEL07-SC";"UOP05-DEL07-SC"
461803;2022-07-15;"sexta-feira";"12:20:00";"PR";277;37,2;"MORRETES";"Problema com o freio";"Engavetamento";"Com Vítimas Fatais";"Pleno dia";"Decrescente";"Céu Claro";"Dupla";"Declive";"Não";6;2;0;0;3;5;0;10;-25,57456091;-48,84932021;"SPRF-PR";"DEL01-PR";"UOP05-DEL01-PR"
461808;2022-03-27;"domingo";"22:25:00";"MG";40;575,5;"ITABIRITO";"Reação tardia ou ineficiente do condutor";"Colisão frontal";"Com Vítimas Fatais";"Plena Noite";"Decrescente";"Céu Claro";"Simples";"Reta";"Não";2;1;0;1;0;0;1;2;-20,25658707;-43,96098023;"SPRF-MG";"DEL01-MG";"UOP02-DEL01-MG"
461813;2022-07-15;"sexta-feira";"14:20:00";"MT";70;138,5;"GENERAL CARNEIRO";"Reação tardia ou ineficiente do condutor";"Colisão traseira";"Com Vítimas Feridas";"Pleno dia";"Decrescente";"Céu Claro";"Simples";"Reta";"Não";3;0;1;0;1;2;1;4;-15,59391181;-53,26523296;"SPRF-MT";"DEL07-MT";"UOP01-DEL07-MT"
461814;2022-07-14;"quinta-feira";"13:00:00";"BA";242;402;"SEABRA";"Velocidade Incompatível";"Tombamento";"Com Vítimas Feridas";"Pleno dia";"Decrescente";"Nublado";"Simples";"Curva";"Não";2;0;1;0;0;1;1;2;-12,47110529;-41,70823799;"SPRF-BA";"DEL06-BA";"UOP01-DEL06-BA"
461815;2022-07-15;"sexta-feira";"14:00:00";"PR";277;234;"FERNANDES PINHEIRO";"Acessar a via sem observar a presença dos outros veículos";"Colisão transversal";"Com Vítimas Feridas";"Pleno dia";"Decrescente";"Céu Claro";"Dupla";"Rotatória";"Não";5;0;1;1;2;3;2;5;-25,46482618;-50,57486951;"SPRF-PR";"DEL08-PR";"UOP02-DEL08-PR"
461817;2022-07-15;"sexta-feira";"15:00:00";"RS";285;475,7;"CORONEL BARROS";"Desrespeitar a preferência no cruzamento";"Colisão transversal";"Com Vítimas Feridas";"Pleno dia";"Decrescente";"Sol";"Dupla";"Viaduto";"Sim";2;0;1;0;1;0;1;2;-28,382405;-54,06333;"SPRF-RS";"DEL10-RS";"UOP01-DEL10-RS"
461821;2022-07-15;"sexta-feira";"09:00:00";"SC";280;96,1;"CORUPA";"Velocidade Incompatível";"Colisão com objeto";"Com Vítimas Feridas";"Pleno dia";"Crescente";"Céu Claro";"Simples";"Declive";"Não";3;0;0;2;0;1;2;2;-26,3833143;-49,31223107;"SPRF-SC";"DEL06-SC";"UOP03-DEL06-SC"
461829;2022-07-15;"sexta-feira";"11:30:00";"MT";163;1061;"GUARANTA DO NORTE";"Condutor deixou de manter distância do veículo da frente";"Colisão traseira";"Com Vítimas Feridas";"Pleno dia";"Crescente";"Céu Claro";"Simples";"Reta";"Sim";3;0;0;1;1;5;1;7;-9,977032;-54,905828;"SPRF-MT";"DEL06-MT";"NPF/DEL06-MT"
461830;2022-07-15;"sexta-feira";"16:00:00";"MG";262;500,9;"MOEMA";"Reação tardia ou ineficiente do condutor";"Tombamento";"Com Vítimas Feridas";"Pleno dia";"Crescente";"Céu Claro";"Simples";"Reta";"Não";1;0;1;0;0;0;1;1;-19,78350611;-45,43687901;"SPRF-MG";"DEL08-MG";"UOP03-DEL08-MG"
461837;2022-07-15;"sexta-feira";"16:30:00";"CE";222;297,8;"TIANGUA";"Pista Escorregadia";"Colisão transversal";"Com Vítimas Feridas";"Pleno dia";"Crescente";"Chuva";"Simples";"Curva";"Não";2;0;1;0;1;0;1;2;-3,65334406;-40,9299664;"SPRF-CE";"DEL04-CE";"UOP02-DEL04-CE"
461840;2022-07-15;"sexta-feira";"17:40:00";"DF";40;7,5;"BRASILIA";"Acessar a via sem observar a presença dos outros veículos";"Colisão transversal";"Com Vítimas Feridas";"Anoitecer";"Crescente";"Céu Claro";"Dupla";"Reta;Declive";"Sim";2;0;1;0;0;1;1;2;-16,038666;-47,979691;"SPRF-DF";"DEL01-DF";"UOP01-DEL01-DF"
461846;2022-02-15;"terça-feira";"10:30:00";"RJ";116;178,7;"NOVA IGUACU";"Acessar a via sem observar a presença dos outros veículos";"Colisão lateral mesmo sentido";"Com Vítimas Feridas";"Pleno dia";"Decrescente";"Nublado";"Dupla";"Reta";"Sim";3;0;0;1;1;1;1;3;-22,74451275;-43,44899654;"SPRF-RJ";"DEL01-RJ";"UOP02-DEL01-RJ"
461851;2022-07-15;"sexta-feira";"18:41:00";"RS";290;106;"ELDORADO DO SUL";"Condutor deixou de manter distância do veículo da frente";"Engavetamento";"Com Vítimas Feridas";"Plena Noite";"Decrescente";"Chuva";"Dupla";"Reta";"Não";5;0;1;0;4;0;1;3;-29,998999;-51,294563;"SPRF-RS";"DEL02-RS";"UOP01-DEL02-RS"
461872;2022-07-15;"sexta-feira";"18:10:00";"SC";101;253,5;"PAULO LOPES";"Pedestre andava na pista";"Atropelamento de Pedestre";"Com Vítimas Fatais";"Plena Noite";"Decrescente";"Céu Claro";"Dupla";"Reta";"Sim";5;1;0;0;2;2;0;3;-27,9715655;-48,679463;"SPRF-SC";"DEL02-SC";"UOP03-DEL02-SC"
461875;2022-07-15;"sexta-feira";"20:27:00";"ES";101;32;"CONCEICAO DA BARRA";"Acessar a via sem observar a presença dos outros veículos";"Colisão transversal";"Com Vítimas Feridas";"Plena Noite";"Crescente";"Nublado";"Simples";"Reta";"Sim";2;0;0;1;1;0;1;2;-18,42549901;-39,93487006;"SPRF-ES";"DEL04-ES";"UOP02-DEL04-ES"
461883;2022-07-15;"sexta-feira";"21:05:00";"RS";116;255;"ESTEIO";"Manobra de mudança de faixa";"Colisão lateral mesmo sentido";"Com Vítimas Feridas";"Plena Noite";"Decrescente";"Nublado";"Dupla";"Reta";"Sim";2;0;1;0;1;0;1;2;-29,83562657;-51,17485063;"SPRF-RS";"DEL01-RS";"UOP02-DEL01-RS"
461895;2022-07-15;"sexta-feira";"21:03:00";"PR";277;105;"CAMPO LARGO";"Reação tardia ou ineficiente do condutor";"Colisão com objeto";"Sem Vítimas";"Plena Noite";"Crescente";"Céu Claro";"Dupla";"Aclive";"Não";3;0;0;0;2;1;0;3;-25,43424482;-49,41510916;"SPRF-PR";"DEL03-PR";"UOP03-DEL03-PR"
461900;2022-07-15;"sexta-feira";"21:30:00";"MA";135;15,6;"SAO LUIS";"Retorno proibido";"Colisão lateral mesmo sentido";"Com Vítimas Feridas";"Plena Noite";"Decrescente";"Nublado";"Dupla";"Retorno Regulamentado";"Não";3;0;2;0;1;0;2;2;-2,69540095;-44,30511707;"SPRF-MA";"DEL01-MA";"UOP01-DEL01-MA"
461901;2022-07-15;"sexta-feira";"18:30:00";"PE";232;339;"CUSTODIA";"Ingestão de álcool pelo condutor";"Colisão lateral sentido oposto";"Com Vítimas Feridas";"Plena Noite";"Crescente";"Céu Claro";"Simples";"Reta";"Não";2;0;1;0;1;0;1;2;-8,08234604;-37,68530299;"SPRF-PE";"DEL04-PE";"UOP02-DEL04-PE"
461903;2022-07-15;"sexta-feira";"21:25:00";"PB";104;192;"ALCANTIL";"Transitar na contramão";"Colisão frontal";"Com Vítimas Feridas";"Plena Noite";"Crescente";"Céu Claro";"Simples";"Reta";"Não";2;0;1;0;1;0;1;2;-7,73784713;-36,07930276;"SPRF-PB";"DEL02-PB";"UOP03-DEL02-PB"
461904;2022-07-15;"sexta-feira";"19:20:00";"MG";381;205,5;"PERIQUITO";"Demais falhas mecânicas ou elétricas";"Colisão lateral mesmo sentido";"Com Vítimas Feridas";"Plena Noite";"Crescente";"Ignorado";"Simples";"Reta";"Não";4;0;0;1;2;2;1;5;-19,20305698;-42,29185001;"SPRF-MG";"DEL06-MG";"UOP01-DEL06-MG"
461908;2022-07-15;"sexta-feira";"22:40:00";"PR";277;689,9;"SAO MIGUEL DO IGUACU";"Avarias e/ou desgaste excessivo no pneu";"Saída de leito carroçável";"Sem Vítimas";"Plena Noite";"Crescente";"Nublado";"Dupla";"Declive;Reta";"Não";2;0;0;0;1;1;0;2;-25,35059002;-54,24064696;"SPRF-PR";"DEL05-PR";"UOP01-DEL05-PR"
461909;2022-07-15;"sexta-feira";"22:40:00";"BA";101;280;"LAJE";"Acessar a via sem observar a presença dos outros veículos";"Colisão lateral mesmo sentido";"Com Vítimas Fatais";"Plena Noite";"Crescente";"Chuva";"Simples";"Reta";"Não";2;1;0;0;1;0;0;2;-13,22604198;-39,32501409;"SPRF-BA";"DEL01-BA";"UOP02-DEL01-BA"
461910;2022-07-15;"sexta-feira";"18:45:00";"PA";230;81;"SAO JOAO DO ARAGUAIA";"Reação tardia ou ineficiente do condutor";"Colisão traseira";"Com Vítimas Feridas";"Plena Noite";"Decrescente";"Céu Claro";"Simples";"Reta";"Sim";2;0;1;0;1;0;1;2;-5,472822;-48,8047;"SPRF-PA";"DEL03-PA";"UOP01-DEL03-PA"
461915;2022-07-16;"sábado";"01:00:00";"SC";470;61,8;"BLUMENAU";"Ingestão de álcool pelo condutor";"Colisão frontal";"Sem Vítimas";"Plena Noite";"Crescente";"Nevoeiro/Neblina";"Simples";"Curva";"Não";3;0;0;0;2;1;0;3;-26,878952;-49,17421;"SPRF-SC";"DEL04-SC";"UOP01-DEL04-SC"
461917;2022-07-15;"sexta-feira";"21:00:00";"BA";324;2;"SALVADOR";"Ingestão de álcool pelo condutor";"Colisão com objeto";"Sem Vítimas";"Plena Noite";"Crescente";"Céu Claro";"Múltipla";"Reta";"Sim";1;0;0;0;1;0;0;1;-12,971561;-38,511154;"SPRF-BA";"DEL01-BA";"UOP01-DEL01-BA"
461918;2022-07-15;"sexta-feira";"15:50:00";"SC";280;221;"TRES BARRAS";"Velocidade Incompatível";"Tombamento";"Sem Vítimas";"Pleno dia";"Decrescente";"Céu Claro";"Simples";"Interseção de Vias;Rotatória;Aclive";"Não";2;0;0;0;1;1;0;2;-26,173056;-50,27445;"SPRF-SC";"DEL06-SC";"UOP04-DEL06-SC"
461921;2022-07-16;"sábado";"01:40:00";"PR";277;130,5;"BALSA NOVA";"Demais falhas mecânicas ou elétricas";"Incêndio";"Sem Vítimas";"Plena Noite";"Decrescente";"Nublado";"Dupla";"Curva";"Não";2;0;0;0;1;1;0;2;-25,47334321;-49,63554382;"SPRF-PR";"DEL03-PR";"UOP03-DEL03-PR"
461924;2022-07-16;"sábado";"04:05:00";"MG";40;134,9;"JOAO PINHEIRO";"Ultrapassagem Indevida";"Colisão lateral mesmo sentido";"Com Vítimas Feridas";"Plena Noite";"Decrescente";"Céu Claro";"Simples";"Reta";"Não";3;0;2;0;0;1;2;2;-17,71751498;-46,25002099;"SPRF-MG";"DEL14-MG";"UOP01-DEL14-MG"