"id";"data_inversa";"dia_semana";"horario";"uf";"br";"km";"municipio";"causa_acidente";"tipo_acidente";"classificacao_acidente";"fase_dia";"sentido_via";"condicao_metereologica";"tipo_pista";"tracado_via";"uso_solo";"pessoas";"mortos";"feridos_leves";"feridos_graves";"ilesos";"ignorados";"feridos";"veiculos";"latitude";"longitude";"regional";"delegacia";"uop"
461925;2022-07-16;"sábado";"04:10:00";"SP";116;52;"LORENA";"Ingestão de álcool pelo condutor";"Colisão com objeto";"Sem Vítimas";"Plena Noite";"Crescente";"Céu Claro";"Simples";"Interseção de Vias";"Sim";3;0;0;0;2;1;0;3;-22,74708138;-45,09973038;"SPRF-SP";"DEL08-SP";"UOP02-DEL08-SP"
461931;2022-07-16;"sábado";"05:20:00";"CE";116;258,6;"ALTO SANTO";"Ingestão de álcool pelo condutor";"Colisão traseira";"Com Vítimas Feridas";"Amanhecer";"Decrescente";"Céu Claro";"Simples";"Curva";"Não";2;0;1;0;1;0;1;2;-5,546215;-38,407666;"SPRF-CE";"DEL05-CE";"UOP02-DEL05-CE"
461934;2022-07-16;"sábado";"05:30:00";"SP";116;478;"JACUPIRANGA";"Reação tardia ou ineficiente do condutor";"Colisão traseira";"Com Vítimas Feridas";"Plena Noite";"Crescente";"Nevoeiro/Neblina";"Dupla";"Reta";"Sim";2;0;0;1;1;0;1;2;-24,70388258;-48,01063531;"SPRF-SP";"DEL05-SP";"UOP01-DEL05-SP"
461935;2022-07-16;"sábado";"02:15:00";"MT";70;735;"CACERES";"Reação tardia ou ineficiente do condutor";"Colisão com objeto";"Com Vítimas Feridas";"Plena Noite";"Decrescente";"Céu Claro";"Simples";"Reta;Ponte";"Sim";1;0;0;1;0;0;1;1;-16,07468174;-57,70319939;"SPRF-MT";"DEL03-MT";"UOP01-DEL03-MT"
461936;2022-07-16;"sábado";"05:00:00";"SP";116;305;"SAO LOURENCO DA SERRA";"Ausência de reação do condutor";"Colisão traseira";"Com Vítimas Feridas";"Amanhecer";"Decrescente";"Ignorado";"Dupla";"Declive";"Não";4;0;1;0;1;2;1;4;-23,84287313;-46,93238591;"SPRF-SP";"DEL04-SP";"UOP01-DEL04-SP"
461937;2022-07-16;"sábado";"05:40:00";"CE";222;163;"IRAUCUBA";"Condutor Dormindo";"Colisão lateral sentido oposto";"Com Vítimas Feridas";"Pleno dia";"Crescente";"Céu Claro";"Simples";"Reta";"Não";5;0;4;0;0;1;4;3;-3,73219489;-39,90251996;"SPRF-CE";"DEL04-CE";"UOP03-DEL04-CE"
461941;2022-07-16;"sábado";"06:05:00";"SP";116;55;"LORENA";"Deficiência do Sistema de Iluminação/Sinalização";"Colisão lateral mesmo sentido";"Com Vítimas Feridas";"Amanhecer";"Decrescente";"Nublado";"Dupla";"Reta";"Não";3;0;1;0;2;0;1;2;-22,76356421;-45,12272385;"SPRF-SP";"DEL08-SP";"UOP02-DEL08-SP"
461944;2022-07-16;"sábado";"06:50:00";"SP";116;288;"ITAPECERICA DA SERRA";"Ingestão de álcool pelo condutor";"Colisão lateral sentido oposto";"Sem Vítimas";"Pleno dia";"Decrescente";"Céu Claro";"Simples";"Curva";"Sim";2;0;0;0;2;0;0;2;-23,719254;-46,883144;"SPRF-SP";"DEL04-SP";"UOP01-DEL04-SP"
461950;2022-07-16;"sábado";"03:15:00";"PE";407;127;"PETROLINA";"Condutor desrespeitou a iluminação vermelha do semáforo";"Colisão transversal";"Com Vítimas Feridas";"Plena Noite";"Crescente";"Céu Claro";"Simples";"Interseção de Vias";"Sim";3;0;1;0;1;1;1;2;-9,3908678;-40,52038627;"SPRF-PE";"DEL06-PE";"UOP01-DEL06-PE"
461958;2022-07-16;"sábado";"07:25:00";"SC";470;141;"RIO DO SUL";"Ingestão de álcool pelo condutor";"Colisão lateral mesmo sentido";"Com Vítimas Feridas";"Pleno dia";"Crescente";"Garoa/Chuvisco";"Simples";"Reta";"Sim";5;0;2;0;2;1;2;4;-27,226065;-49,666161;"SPRF-SC";"DEL04-SC";"UOP02-DEL04-SC"
461961;2022-07-16;"sábado";"05:25:00";"MG";116;482,3;"DOM CAVATI";"Ausência de reação do condutor";"Colisão lateral sentido oposto";"Sem Vítimas";"Plena Noite";"Crescente";"Céu Claro";"Simples";"Reta";"Sim";2;0;0;0;2;0;0;2;-19,41146103;-42,11788982;"SPRF-MG";"DEL06-MG";"UOP02-DEL06-MG"
461962;2022-07-08;"sexta-feira";"21:00:00";"PA";222;148;"ABEL FIGUEIREDO";"Manobra de mudança de faixa";"Colisão frontal";"Com Vítimas Feridas";"Plena Noite";"Decrescente";"Céu Claro";"Simples";"Reta;Aclive";"Não";5;0;0;5;0;0;5;2;-4,95408;-48,397583;"SPRF-PA";"DEL03-PA";"UOP01-DEL03-PA"
461968;2022-07-16;"sábado";"08:30:00";"GO";364;195;"JATAI";"Ausência de reação do condutor";"Colisão traseira";"Sem Vítimas";"Pleno dia";"Crescente";"Céu Claro";"Dupla";"Reta";"Não";3;0;0;0;2;4;0;6;-17,921089;-51,712803;"SPRF-GO";"DEL05-GO";"UOP01-DEL05-GO"
461976;2022-07-16;"sábado";"09:00:00";"RS";392;43;"RIO GRANDE";"Reação tardia ou ineficiente do condutor";"Colisão traseira";"Com Vítimas Feridas";"Pleno dia";"Decrescente";"Chuva";"Dupla";"Reta";"Sim";3;0;1;0;2;0;1;2;-31,93715696;-52,31137473;"SPRF-RS";"DEL07-RS";"UOP02-DEL07-RS"
461977;2022-07-16;"sábado";"05:25:00";"MT";70;416,1;"CAMPO VERDE";"Ultrapassagem Indevida";"Colisão lateral sentido oposto";"Com Vítimas Feridas";"Amanhecer";"Crescente";"Céu Claro";"Simples";"Reta";"Não";4;0;0;1;2;2;1;5;-15,70614478;-55,33192533;"SPRF-MT";"DEL05-MT";"UOP02-DEL05-MT"
461986;2022-07-16;"sábado";"07:20:00";"PR";376;506,5;"PONTA GROSSA";"Condutor Dormindo";"Tombamento";"Sem Vítimas";"Pleno dia";"Crescente";"Céu Claro";"Dupla";"Reta";"Não";2;0;0;0;1;2;0;3;-25,192503;-50,079416;"SPRF-PR";"DEL03-PR";"UOP01-DEL03-PR"
461993;2022-07-16;"sábado";"11:10:00";"ES";262;37,8;"DOMINGOS MARTINS";"Desrespeitar a preferência no cruzamento";"Colisão transversal";"Com Vítimas Feridas";"Pleno dia";"Decrescente";"Sol";"Simples";"Retorno Regulamentado";"Sim";3;0;1;0;1;2;1;4;-20,3826388;-40,60330291;"SPRF-ES";"DEL01-ES";"UOP01-DEL01-ES"
461994;2022-07-16;"sábado";"10:00:00";"PI";316;19;"TERESINA";"Demais falhas mecânicas ou elétricas";"Incêndio";"Sem Vítimas";"Pleno dia";"Crescente";"Céu Claro";"Dupla";"Reta";"Não";1;0;0;0;1;0;0;1;-5,25133097;-42,73007082;"SPRF-PI";"DEL01-PI";"UOP02-DEL01-PI"
461997;2022-07-16;"sábado";"08:55:00";"SC";470;234,7;"SAO CRISTOVAO DO SUL";"Reação tardia ou ineficiente do condutor";"Colisão lateral sentido oposto";"Com Vítimas Feridas";"Pleno dia";"Crescente";"Chuva";"Simples";"Curva";"Não";4;0;1;0;2;1;1;4;-27,30118299;-50,44463569;"SPRF-SC";"DEL05-SC";"UOP03-DEL05-SC"
462000;2022-07-16;"sábado";"11:15:00";"PR";376;313,7;"ORTIGUEIRA";"Velocidade Incompatível";"Tombamento";"Com Vítimas Feridas";"Pleno dia";"Crescente";"Céu Claro";"Dupla";"Curva";"Não";2;0;1;0;0;2;1;3;-24,01071301;-51,09287371;"SPRF-PR";"DEL07-PR";"UOP02-DEL07-PR"
462002;2022-07-16;"sábado";"10:50:00";"BA";324;3,7;"FEIRA DE SANTANA";"Reação tardia ou ineficiente do condutor";"Colisão traseira";"Com Vítimas Feridas";"Pleno dia";"Crescente";"Céu Claro";"Dupla";"Curva";"Sim";3;0;1;0;0;2;1;3;-12,286247;-38,964725;"SPRF-BA";"DEL02-BA";"UOP01-DEL02-BA"
462005;2022-07-16;"sábado";"12:05:00";"PR";277;98;"CURITIBA";"Acessar a via sem observar a presença dos outros veículos";"Colisão traseira";"Com Vítimas Feridas";"Pleno dia";"Crescente";"Céu Claro";"Dupla";"Reta";"Não";2;0;1;0;0;1;1;2;-25,540113;-49,311317;"SPRF-PR";"DEL01-PR";"UOP06-DEL01-PR"
462006;2022-07-16;"sábado";"12:10:00";"SP";116;140,9;"SAO JOSE DOS CAMPOS";"Acumulo de óleo sobre o pavimento";"Colisão lateral mesmo sentido";"Com Vítimas Feridas";"Pleno dia";"Crescente";"Sol";"Dupla";"Reta";"Sim";3;0;1;0;1;1;1;3;-23,17004717;-45,82091491;"SPRF-SP";"DEL02-SP";"UOP01-DEL02-SP"
462011;2022-07-16;"sábado";"08:30:00";"BA";242;156;"RAFAEL JAMBEIRO";"Reação tardia ou ineficiente do condutor";"Tombamento";"Com Vítimas Feridas";"Pleno dia";"Decrescente";"Céu Claro";"Simples";"Reta";"Não";1;0;1;0;0;0;1;1;-12,505998;-39,655906;"SPRF-BA";"DEL06-BA";"UOP02-DEL06-BA"
462014;2022-07-16;"sábado";"11:00:00";"BA";101;612;"MASCOTE";"Demais falhas mecânicas ou elétricas";"Incêndio";"Com Vítimas Feridas";"Pleno dia";"Crescente";"Céu Claro";"Simples";"Curva";"Não";2;0;0;1;0;1;1;2;-15,74211501;-39,47647498;"SPRF-BA";"DEL05-BA";"UOP02-DEL05-BA"
462019;2022-07-16;"sábado";"13:40:00";"SC";101;196;"BIGUACU";"Manobra de mudança de faixa";"Colisão lateral mesmo sentido";"Com Vítimas Feridas";"Pleno dia";"Decrescente";"Céu Claro";"Dupla";"Reta";"Não";2;0;1;0;1;0;1;2;-27,51101091;-48,64322292;"SPRF-SC";"DEL01-SC";"UOP01-DEL01-SC"
462021;2022-07-16;"sábado";"10:40:00";"SC";470;83;"RODEIO";"Transitar na contramão";"Colisão lateral sentido oposto";"Com Vítimas Feridas";"Pleno dia";"Crescente";"Céu Claro";"Simples";"Reta";"Não";3;0;0;1;1;1;1;3;-26,963474;-49,332661;"SPRF-SC";"DEL04-SC";"UOP01-DEL04-SC"
462026;2022-07-16;"sábado";"14:02:00";"PR";369;427;"JURANDA";"Transitar na contramão";"Colisão frontal";"Com Vítimas Feridas";"Pleno dia";"Crescente";"Nublado";"Simples";"Reta";"Não";13;0;0;1;11;1;1;7;-24,4327;-52,8333;"SPRF-PR";"DEL04-PR";"UOP03-DEL04-PR"
462028;2022-07-16;"sábado";"13:20:00";"SC";116;105,6;"MONTE CASTELO";"Problema com o freio";"Tombamento";"Com Vítimas Feridas";"Pleno dia";"Decrescente";"Céu Claro";"Simples";"Curva";"Não";1;0;1;0;0;0;1;1;-26,75095005;-50,31749478;"SPRF-SC";"DEL06-SC";"UOP02-DEL06-SC"
462043;2022-06-20;"segunda-feira";"07:30:00";"SC";470;11;"NAVEGANTES";"Reação tardia ou ineficiente do condutor";"Colisão traseira";"Sem Vítimas";"Pleno dia";"Crescente";"Nublado";"Simples";"Reta";"Não";2;0;0;0;1;1;0;2;-26,83425;-48,74816;"SPRF-SC";"DEL04-SC";"UOP04-DEL04-SC"
462044;2022-07-16;"sábado";"16:45:00";"PR";280;266,1;"MARMELEIRO";"Ingestão de álcool pelo condutor";"Colisão frontal";"Sem Vítimas";"Pleno dia";"Decrescente";"Garoa/Chuvisco";"Simples";"Reta";"Não";3;0;0;0;2;1;0;3;-26,21021754;-53,10539427;"SPRF-PR";"DEL02-PR";"UOP01-DEL02-PR"
462054;2022-07-16;"sábado";"14:30:00";"GO";153;11;"PORANGATU";"Condutor deixou de manter distância do veículo da frente";"Colisão traseira";"Com Vítimas Feridas";"Pleno dia";"Decrescente";"Céu Claro";"Simples";"Declive";"Não";6;0;1;0;4;4;1;7;-12,929356;-49,127274;"SPRF-GO";"DEL07-GO";"UOP01-DEL07-GO"
462070;2022-07-16;"sábado";"19:30:00";"SC";101;211,9;"PALHOCA";"Manobra de mudança de faixa";"Queda de ocupante de veículo";"Com Vítimas Feridas";"Plena Noite";"Crescente";"Nublado";"Múltipla";"Reta";"Sim";2;0;1;0;1;0;1;2;-27,62329313;-48,65245588;"SPRF-SC";"DEL01-SC";"UOP02-DEL01-SC"
462072;2022-07-16;"sábado";"09:00:00";"AM";319;734;"HUMAITA";"Reação tardia ou ineficiente do condutor";"Tombamento";"Com Vítimas Fatais";"Pleno dia";"Decrescente";"Sol";"Simples";"Ponte;Reta";"Não";1;1;0;0;0;0;0;1;-7,92682155;-63,32900154;"SPRF-AM";"DEL01-AM";"UOP05-DEL01-AM"
462076;2022-07-16;"sábado";"15:00:00";"AP";210;78;"PORTO GRANDE";"Velocidade Incompatível";"Capotamento";"Com Vítimas Feridas";"Pleno dia";"Decrescente";"Chuva";"Simples";"Curva";"Não";4;0;2;1;1;0;3;1;0,59595973;-51,20180909;"SPRF-AP";"DEL01-AP";"UOP01-DEL01-AP"
462083;2022-07-16;"sábado";"20:03:00";"PR";376;632,8;"TIJUCAS DO SUL";"Ausência de reação do condutor";"Colisão traseira";"Sem Vítimas";"Plena Noite";"Decrescente";"Nublado";"Dupla";"Reta";"Sim";5;0;0;0;3;2;0;3;-25,72195982;-49,13632572;"SPRF-PR";"DEL01-PR";"UOP04-DEL01-PR"
462112;2022-07-16;"sábado";"20:10:00";"MG";381;618,8;"OLIVEIRA";"Objeto estático sobre o leito carroçável";"Tombamento";"Com Vítimas Fatais";"Plena Noite";"Decrescente";"Céu Claro";"Dupla";"Reta";"Não";3;1;0;0;0;2;0;3;-20,76895697;-44,78171707;"SPRF-MG";"DEL04-MG";"UOP01-DEL04-MG"
462121;2022-07-17;"domingo";"00:22:00";"MA";135;10;"SAO LUIS";"Transitar na contramão";"Colisão lateral sentido oposto";"Sem Vítimas";"Plena Noite";"Decrescente";"Céu Claro";"Dupla";"Reta";"Sim";2;0;0;0;2;0;0;2;-2,655912;-44,28629098;"SPRF-MA";"DEL01-MA";"UOP01-DEL01-MA"
462122;2022-07-16;"sábado";"18:20:00";"BA";242;497;"OLIVEIRA DOS BREJINHOS";"Problema com o freio";"Colisão lateral sentido oposto";"Com Vítimas Fatais";"Plena Noite";"Crescente";"Céu Claro";"Simples";"Reta";"Sim";6;1;0;0;4;7;0;12;-12,37707239;-42,42469314;"SPRF-BA";"DEL06-BA";"UOP01-DEL06-BA"
462131;2022-07-17;"domingo";"04:15:00";"RS";386;46,6;"SEBERI";"Transitar na contramão";"Colisão frontal";"Com Vítimas Fatais";"Plena Noite";"Decrescente";"Céu Claro";"Simples";"Curva";"Não";5;2;0;1;2;0;1;2;-27,45969165;-53,40745926;"SPRF-RS";"DEL08-RS";"UOP02-DEL08-RS"
462132;2022-07-17;"domingo";"04:00:00";"BA";101;670;"ITAGIMIRIM";"Ingestão de álcool pelo condutor";"Colisão frontal";"Com Vítimas Fatais";"Plena Noite";"Crescente";"Céu Claro";"Simples";"Curva";"Não";5;1;1;1;2;0;2;3;-16,18641695;-39,60614307;"SPRF-BA";"DEL09-BA";"UOP01-DEL09-BA"
462133;2022-07-17;"domingo";"01:50:00";"RS";290;115,7;"ELDORADO DO SUL";"Transitar na contramão";"Colisão frontal";"Com Vítimas Fatais";"Plena Noite";"Crescente";"Céu Claro";"Simples";"Reta";"Não";3;1;0;0;1;1;0;3;-30,045572;-51,357651;"SPRF-RS";"DEL02-RS";"UOP01-DEL02-RS"
462139;2022-07-17;"domingo";"01:35:00";"MG";381;840,7;"SAO SEBASTIAO DA BELA VISTA";"Condutor Dormindo";"Tombamento";"Com Vítimas Feridas";"Plena Noite";"Crescente";"Céu Claro";"Dupla";"Curva";"Não";1;0;1;0;0;0;1;1;-22,17193061;-45,83801247;"SPRF-MG";"DEL16-MG";"UOP01-DEL16-MG"
462142;2022-07-17;"domingo";"03:30:00";"BA";101;245;"CONCEICAO DO ALMEIDA";"Ingestão de álcool pelo condutor";"Colisão lateral sentido oposto";"Com Vítimas Feridas";"Amanhecer";"Crescente";"Chuva";"Simples";"Reta";"Não";2;0;0;1;1;0;1;2;-12,85054857;-39,20823097;"SPRF-BA";"DEL01-BA";"UOP02-DEL01-BA"
462170;2022-07-17;"domingo";"09:00:00";"TO";153;523;"PUGMIL";"Objeto estático sobre o leito carroçável";"Eventos atípicos";"Com Vítimas Feridas";"Pleno dia";"Crescente";"Céu Claro";"Simples";"Reta";"Não";10;0;3;0;6;3;3;7;-10,40718798;-48,89610122;"SPRF-TO";"DEL01-TO";"UOP01-DEL01-TO"
462176;2022-07-17;"domingo";"06:50:00";"PA";222;72,7;"RONDON DO PARA";"Ingestão de álcool pelo condutor";"Colisão frontal";"Com Vítimas Fatais";"Pleno dia";"Decrescente";"Céu Claro";"Simples";"Reta";"Sim";2;1;1;0;0;0;1;2;-4,586617;-47,856521;"SPRF-PA";"DEL02-PA";"UOP02-DEL02-PA"
462181;2022-07-17;"domingo";"10:00:00";"MS";262;304;"CAMPO GRANDE";"Reação tardia ou ineficiente do condutor";"Colisão traseira";"Com Vítimas Feridas";"Pleno dia";"Crescente";"Céu Claro";"Simples";"Reta";"Não";5;0;1;1;2;1;2;3;-20,49082996;-54,32964696;"SPRF-MS";"DEL01-MS";"UOP01-DEL01-MS"
462187;2022-07-17;"domingo";"11:00:00";"GO";153;619,5;"MORRINHOS";"Velocidade Incompatível";"Colisão lateral mesmo sentido";"Sem Vítimas";"Pleno dia";"Crescente";"Céu Claro";"Dupla";"Reta";"Não";5;0;0;0;4;2;0;5;-17,708703;-49,154723;"SPRF-GO";"DEL03-GO";"UOP01-DEL03-GO"
462188;2022-07-17;"domingo";"08:20:00";"MG";116;685,6;"MURIAE";"Ausência de reação do condutor";"Colisão lateral sentido oposto";"Com Vítimas Feridas";"Pleno dia";"Crescente";"Sol";"Simples";"Curva";"Não";4;0;0;1;1;2;1;4;-20,98224297;-42,35482631;"SPRF-MG";"DEL07-MG";"UOP02-DEL07-MG"
462190;2022-07-17;"domingo";"11:30:00";"MG";381;859,5;"POUSO ALEGRE";"Condutor deixou de manter distância do veículo da frente";"Saída de leito carroçável";"Com Vítimas Feridas";"Pleno dia";"Crescente";"Céu Claro";"Dupla";"Reta";"Não";7;0;5;0;1;2;5;4;-22,31274845;-45,90382022;"SPRF-MG";"DEL16-MG";"UOP01-DEL16-MG"
462195;2022-07-17;"domingo";"08:45:00";"MT";163;1020;"TERRA NOVA DO NORTE";"Condutor deixou de manter distância do veículo da frente";"Colisão traseira";"Com Vítimas Feridas";"Pleno dia";"Crescente";"Céu Claro";"Simples";"Reta";"Não";4;0;0;1;2;6;1;8;-10,448569;-55,06221399;"SPRF-MT";"DEL06-MT";"NPF/DEL06-MT"
462209;2022-07-17;"domingo";"11:48:00";"TO";153;196,7;"NOVA OLINDA";"Reação tardia ou ineficiente do condutor";"Saída de leito carroçável";"Com Vítimas Feridas";"Pleno dia";"Crescente";"Céu Claro";"Simples";"Reta";"Não";6;0;1;0;4;1;1;3;-7,61218798;-48,42626439;"SPRF-TO";"DEL02-TO";"UOP01-DEL02-TO"
462215;2022-07-17;"domingo";"12:50:00";"SC";280;301,5;"PORTO UNIAO";"Transitar na contramão";"Saída de leito carroçável";"Sem Vítimas";"Pleno dia";"Crescente";"Sol";"Simples";"Reta";"Não";5;0;0;0;3;3;0;5;-26,28105521;-51,04051996;"SPRF-SC";"DEL06-SC";"UOP04-DEL06-SC"
462219;2022-07-17;"domingo";"10:30:00";"MA";135;330;"PRESIDENTE DUTRA";"Transitar na contramão";"Colisão lateral sentido oposto";"Com Vítimas Fatais";"Pleno dia";"Decrescente";"Céu Claro";"Simples";"Curva";"Não";4;1;0;0;1;5;0;7;-5,211574;-44,477287;"SPRF-MA";"DEL03-MA";"UOP01-DEL03-MA"
462220;2022-07-17;"domingo";"08:15:00";"MG";267;165,9;"LIMA DUARTE";"Velocidade Incompatível";"Tombamento";"Sem Vítimas";"Pleno dia";"Decrescente";"Céu Claro";"Simples";"Declive;Curva";"Não";2;0;0;0;1;1;0;2;-21,85574422;-43,82699006;"SPRF-MG";"DEL05-MG";"UOP01-DEL05-MG"
462222;2022-07-17;"domingo";"08:30:00";"TO";153;634;"ALIANCA DO TOCANTINS";"Reação tardia ou ineficiente do condutor";"Tombamento";"Com Vítimas Feridas";"Pleno dia";"Crescente";"Céu Claro";"Simples";"Reta;Declive";"Não";2;0;1;0;0;2;1;3;-11,39541211;-48,97433972;"SPRF-TO";"DEL01-TO";"UOP02-DEL01-TO"
462224;2022-07-06;"quarta-feira";"08:00:00";"BA";116;543;"MILAGRES";"Desrespeitar a preferência no cruzamento";"Colisão transversal";"Com Vítimas Feridas";"Pleno dia";"Decrescente";"Chuva";"Simples";"Interseção de Vias";"Não";5;0;1;0;3;1;1;3;-12,84658307;-39,84086629;"SPRF-BA";"DEL03-BA";"UOP02-DEL03-BA"
462226;2022-07-17;"domingo";"10:45:00";"BA";407;71;"JAGUARARI";"Condutor Dormindo";"Saída de leito carroçável";"Com Vítimas Feridas";"Pleno dia";"Decrescente";"Céu Claro";"Simples";"Reta";"Não";1;0;1;0;0;0;1;1;-9,93427201;-40,25634703;"SPRF-BA";"DEL04-BA";"UOP01-DEL04-BA"
462227;2022-07-17;"domingo";"15:30:00";"ES";101;389,1;"RIO NOVO DO SUL";"Condutor Dormindo";"Colisão lateral sentido oposto";"Com Vítimas Feridas";"Pleno dia";"Crescente";"Céu Claro";"Simples";"Reta";"Não";5;0;2;0;2;1;2;4;-20,86208093;-40,88062015;"SPRF-ES";"DEL03-ES";"UOP02-DEL03-ES"
462234;2022-07-17;"domingo";"14:57:00";"MT";364;492;"JANGADA";"Acessar a via sem observar a presença dos outros veículos";"Colisão transversal";"Com Vítimas Feridas";"Pleno dia";"Crescente";"Céu Claro";"Simples";"Reta";"Não";3;0;0;1;1;1;1;3;-15,25477;-56,464531;"SPRF-MT";"DEL01-MT";"UOP02-DEL01-MT"
462253;2022-07-17;"domingo";"18:15:00";"SP";116;331;"JUQUITIBA";"Ingestão de álcool pelo condutor";"Colisão lateral mesmo sentido";"Sem Vítimas";"Anoitecer";"Decrescente";"Garoa/Chuvisco";"Dupla";"Curva";"Não";3;0;0;0;2;2;0;4;-23,95129388;-47,10220309;"SPRF-SP";"DEL04-SP";"UOP01-DEL04-SP"
462266;2022-07-17;"domingo";"16:50:00";"ES";262;65;"MARECHAL FLORIANO";"Ausência de reação do condutor";"Tombamento";"Com Vítimas Feridas";"Pleno dia";"Crescente";"Céu Claro";"Simples";"Declive;Curva";"Não";2;0;1;0;0;1;1;2;-20,41443354;-40,82302074;"SPRF-ES";"DEL01-ES";"UOP02-DEL01-ES"
462270;2022-07-17;"domingo";"17:30:00";"SC";282;401;"JOACABA";"Falta de elemento de contenção que evite a saída do leito carroçável";"Saída de leito carroçável";"Com Vítimas Feridas";"Pleno dia";"Crescente";"Céu Claro";"Simples";"Reta";"Não";2;0;1;0;1;0;1;1;-27,123957;-51,630913;"SPRF-SC";"DEL07-SC";"UOP05-DEL07-SC"
462283;2022-07-17;"domingo";"19:50:00";"BA";116;458,2;"SANTO ESTEVAO";"Transitar na contramão";"Colisão frontal";"Com Vítimas Feridas";"Plena Noite";"Decrescente";"Céu Claro";"Dupla";"Reta";"Sim";2;0;0;1;1;0;1;2;-12,41591314;-39,19120591;"SPRF-BA";"DEL02-BA";"UOP01-DEL02-BA"
462287;2022-07-17;"domingo";"20:03:00";"BA";101;716;"EUNAPOLIS";"Acessar a via sem observar a presença dos outros veículos";"Colisão transversal";"Com Vítimas Feridas";"Plena Noite";"Decrescente";"Céu Claro";"Simples";"Reta";"Sim";2;0;1;0;1;0;1;2;-16,3662;-39,5821;"SPRF-BA";"DEL09-BA";"UOP01-DEL09-BA"
462295;2022-07-17;"domingo";"19:15:00";"PR";369;460;"UBIRATA";"Demais falhas mecânicas ou elétricas";"Incêndio";"Sem Vítimas";"Anoitecer";"Decrescente";"Céu Claro";"Simples";"Reta";"Não";2;0;0;0;1;1;0;2;-24,5572;-53,0838;"SPRF-PR";"DEL04-PR";"UOP03-DEL04-PR"
462304;2022-07-17;"domingo";"21:10:00";"RS";116;54,4;"VACARIA";"Reação tardia ou ineficiente do condutor";"Saída de leito carroçável";"Com Vítimas Feridas";"Plena Noite";"Crescente";"Céu Claro";"Simples";"Curva";"Não";2;0;1;0;0;1;1;2;-28,59799149;-51,03708923;"SPRF-RS";"DEL05-RS";"UOP03-DEL05-RS"
462313;2022-07-17;"domingo";"16:50:00";"PR";277;477,7;"NOVA LARANJEIRAS";"Velocidade Incompatível";"Colisão frontal";"Com Vítimas Fatais";"Pleno dia";"Crescente";"Nublado";"Simples";"Curva";"Não";6;1;0;2;3;0;2;3;-25,29793428;-52,56841504;"SPRF-PR";"DEL04-PR";"UOP02-DEL04-PR"
462323;2022-07-17;"domingo";"22:00:00";"PB";230;48;"SANTA RITA";"Transitar na contramão";"Colisão lateral sentido oposto";"Com Vítimas Feridas";"Plena Noite";"Decrescente";"Céu Claro";"Dupla";"Reta";"Não";6;0;2;0;3;1;2;4;-7,174;-35,0397;"SPRF-PB";"DEL01-PB";"UOP03-DEL01-PB"
462327;2022-07-17;"domingo";"22:50:00";"RJ";40;88;"PETROPOLIS";"Carga excessiva e/ou mal acondicionada";"Tombamento";"Com Vítimas Feridas";"Plena Noite";"Crescente";"Céu Claro";"Simples";"Curva";"Não";2;0;1;0;0;1;1;2;-22,548575;-43,231738;"SPRF-RJ";"DEL06-RJ";"UOP01-DEL06-RJ"
462329;2022-07-17;"domingo";"23:30:00";"BA";101;249,8;"CONCEICAO DO ALMEIDA";"Transitar na contramão";"Colisão frontal";"Com Vítimas Fatais";"Plena Noite";"Decrescente";"Chuva";"Simples";"Curva";"Não";4;2;0;0;1;2;0;4;-12,984957;-39,291156;"SPRF-BA";"DEL01-BA";"UOP02-DEL01-BA"
462337;2022-07-17;"domingo";"13:30:00";"PA";155;342;"MARABA";"Reação tardia ou ineficiente do condutor";"Colisão traseira";"Sem Vítimas";"Pleno dia";"Decrescente";"Sol";"Simples";"Reta";"Não";2;0;0;0;2;0;0;2;-5,37851903;-49,07674765;"SPRF-PA";"DEL03-PA";"UOP01-DEL03-PA"
462347;2022-07-18;"segunda-feira";"00:40:00";"MG";381;380;"SAO GONCALO DO RIO ABAIXO";"Conversão proibida";"Colisão transversal";"Com Vítimas Feridas";"Plena Noite";"Decrescente";"Céu Claro";"Simples";"Reta";"Não";4;0;2;0;1;1;2;2;-19,8315359;-43,37649498;"SPRF-MG";"DEL01-MG";"UOP01-DEL01-MG"
462349;2022-07-18;"segunda-feira";"02:50:00";"GO";153;137;"MARA ROSA";"Estacionar ou parar em local proibido";"Colisão traseira";"Com Vítimas Feridas";"Plena Noite";"Decrescente";"Céu Claro";"Simples";"Reta";"Não";9;0;1;3;4;1;4;4;-13,9671;-49,090271;"SPRF-GO";"DEL07-GO";"UOP01-DEL07-GO"
462356;2022-07-18;"segunda-feira";"04:18:00";"RN";304;301,2;"MACAIBA";"Ingestão de álcool pelo condutor";"Colisão traseira";"Com Vítimas Feridas";"Plena Noite";"Crescente";"Céu Claro";"Dupla";"Reta";"Não";3;0;0;2;0;1;2;2;-5,875952;-35,308767;"SPRF-RN";"DEL01-RN";"UOP02-DEL01-RN"
462359;2022-07-18;"segunda-feira";"04:15:00";"PR";116;27,5;"CAMPINA GRANDE DO SUL";"Condutor Dormindo";"Tombamento";"Com Vítimas Feridas";"Plena Noite";"Decrescente";"Chuva";"Múltipla";"Curva";"Não";2;0;1;0;0;1;1;2;-25,11233673;-48,78341675;"SPRF-PR";"DEL01-PR";"UOP02-DEL01-PR"