"id";"data_inversa";"dia_semana";"horario";"uf";"br";"km";"municipio";"causa_acidente";"tipo_acidente";"classificacao_acidente";"fase_dia";"sentido_via";"condicao_metereologica";"tipo_pista";"tracado_via";"uso_solo";"pessoas";"mortos";"feridos_leves";"feridos_graves";"ilesos";"ignorados";"feridos";"veiculos";"latitude";"longitude";"regional";"delegacia";"uop"
462360;2022-07-18;"segunda-feira";"03:55:00";"MG";381;875,5;"ESTIVA";"Reação tardia ou ineficiente do condutor";"Colisão lateral mesmo sentido";"Sem Vítimas";"Plena Noite";"Crescente";"Céu Claro";"Dupla";"Reta";"Não";3;0;0;0;2;2;0;4;-22,43333037;-45,97836833;"SPRF-MG";"DEL16-MG";"UOP01-DEL16-MG"
462366;2022-07-18;"segunda-feira";"06:31:00";"PR";369;149,9;"LONDRINA";"Problema com o freio";"Colisão com objeto";"Com Vítimas Feridas";"Amanhecer";"Crescente";"Céu Claro";"Dupla";"Reta";"Sim";4;0;2;0;2;0;2;3;-23,2929327;-51,1611401;"SPRF-PR";"DEL07-PR";"UOP01-DEL07-PR"
462375;2022-07-18;"segunda-feira";"06:50:00";"PI";316;298,4;"PICOS";"Acessar a via sem observar a presença dos outros veículos";"Colisão transversal";"Com Vítimas Feridas";"Pleno dia";"Crescente";"Céu Claro";"Simples";"Reta";"Não";2;0;1;0;1;0;1;2;-7,02855707;-41,5570932;"SPRF-PI";"DEL04-PI";"UOP01-DEL04-PI"
462376;2022-07-18;"segunda-feira";"07:20:00";"MG";262;356;"BETIM";"Reação tardia ou ineficiente do condutor";"Colisão traseira";"Com Vítimas Feridas";"Pleno dia";"Decrescente";"Céu Claro";"Dupla";"Reta";"Não";6;0;5;0;1;0;5;2;-19,96890716;-44,18104581;"SPRF-MG";"DEL01-MG";"UOP03-DEL01-MG"
462377;2022-07-18;"segunda-feira";"07:35:00";"AL";101;134;"SAO MIGUEL DOS CAMPOS";"Condutor deixou de manter distância do veículo da frente";"Colisão traseira";"Com Vítimas Feridas";"Pleno dia";"Crescente";"Céu Claro";"Simples";"Reta";"Não";2;0;1;0;0;1;1;2;-9,78051903;-36,10610645;"SPRF-AL";"DEL02-AL";"UOP01-DEL02-AL"
462390;2022-07-18;"segunda-feira";"09:30:00";"SC";470;36,7;"GASPAR";"Manobra de mudança de faixa";"Colisão lateral mesmo sentido";"Com Vítimas Fatais";"Pleno dia";"Crescente";"Nublado";"Dupla";"Em Obras;Desvio Temporário;Reta";"Não";2;1;0;0;0;1;0;2;-26,914196;-48,968948;"SPRF-SC";"DEL04-SC";"UOP01-DEL04-SC"
462391;2022-07-18;"segunda-feira";"05:30:00";"BA";101;161;"CONCEICAO DO JACUIPE";"Demais falhas mecânicas ou elétricas";"Tombamento";"Sem Vítimas";"Pleno dia";"Decrescente";"Nublado";"Dupla";"Aclive";"Não";2;0;0;0;1;2;0;3;-12,35551436;-38,782478;"SPRF-BA";"DEL01-BA";"UOP03-DEL01-BA"
462394;2022-07-18;"segunda-feira";"10:00:00";"ES";101;297;"CARIACICA";"Reação tardia ou ineficiente do condutor";"Colisão traseira";"Com Vítimas Feridas";"Pleno dia";"Crescente";"Céu Claro";"Dupla";"Reta";"Sim";2;0;0;1;1;0;1;2;-20,34529844;-40,41026774;"SPRF-ES";"DEL01-ES";"UOP01-DEL01-ES"
462403;2022-05-31;"terça-feira";"14:33:00";"MG";116;415;"GOVERNADOR VALADARES";"Condutor deixou de manter distância do veículo da frente";"Colisão traseira";"Com Vítimas Feridas";"Pleno dia";"Decrescente";"Sol";"Simples";"Ponte";"Sim";2;0;1;0;0;1;1;2;-18,88339364;-41,95237404;"SPRF-MG";"DEL06-MG";"UOP01-DEL06-MG"
462406;2022-06-06;"segunda-feira";"12:50:00";"RR";174;263;"CARACARAI";"Carga excessiva e/ou mal acondicionada";"Saída de leito carroçável";"Com Vítimas Feridas";"Pleno dia";"Crescente";"Céu Claro";"Simples";"Curva";"Não";2;0;0;1;0;2;1;3;1,27327928;-60,50788879;"SPRF-RR";"DEL01-RR";"UOP01-DEL01-RR"
462408;2022-07-18;"segunda-feira";"09:30:00";"MT";163;834;"SINOP";"Acessar a via sem observar a presença dos outros veículos";"Colisão lateral mesmo sentido";"Sem Vítimas";"Pleno dia";"Decrescente";"Céu Claro";"Simples";"Interseção de Vias";"Sim";2;0;0;0;2;0;0;2;-11,866536;-55,496892;"SPRF-MT";"DEL06-MT";"UOP01-DEL06-MT"
462410;2022-06-14;"terça-feira";"18:50:00";"TO";153;684,5;"CARIRI DO TOCANTINS";"Reação tardia ou ineficiente do condutor";"Colisão traseira";"Com Vítimas Fatais";"Anoitecer";"Decrescente";"Nublado";"Simples";"Reta";"Não";22;1;16;4;1;0;20;2;-11,82213186;-49,1332553;"SPRF-TO";"DEL01-TO";"UOP02-DEL01-TO"
462411;2022-07-18;"segunda-feira";"09:06:00";"RS";392;45,4;"RIO GRANDE";"Demais falhas mecânicas ou elétricas";"Saída de leito carroçável";"Com Vítimas Feridas";"Pleno dia";"Decrescente";"Céu Claro";"Dupla";"Reta";"Não";2;0;1;0;0;1;1;2;-31,91917407;-52,3144974;"SPRF-RS";"DEL07-RS";"UOP02-DEL07-RS"
462415;2022-07-18;"segunda-feira";"11:30:00";"SC";282;219;"LAGES";"Acesso irregular";"Colisão lateral mesmo sentido";"Sem Vítimas";"Pleno dia";"Decrescente";"Céu Claro";"Simples";"Reta";"Sim";3;0;0;0;2;2;0;4;-27,795521;-50,323608;"SPRF-SC";"DEL05-SC";"UOP01-DEL05-SC"
462418;2022-07-18;"segunda-feira";"12:00:00";"RJ";101;416;"MANGARATIBA";"Pista Escorregadia";"Tombamento";"Sem Vítimas";"Pleno dia";"Decrescente";"Chuva";"Simples";"Curva";"Sim";3;0;0;0;3;0;0;1;-22,90729503;-43,89024997;"SPRF-RJ";"DEL03-RJ";"UOP02-DEL03-RJ"
462424;2022-07-18;"segunda-feira";"10:15:00";"SC";101;127;"ITAJAI";"Manobra de mudança de faixa";"Colisão lateral mesmo sentido";"Com Vítimas Feridas";"Pleno dia";"Decrescente";"Nublado";"Dupla";"Reta";"Sim";2;0;1;0;0;1;1;2;-26,9639319;-48,68328024;"SPRF-SC";"DEL04-SC";"UOP04-DEL04-SC"
462437;2022-07-18;"segunda-feira";"14:30:00";"GO";452;5;"RIO VERDE";"Reação tardia ou ineficiente do condutor";"Tombamento";"Com Vítimas Feridas";"Pleno dia";"Crescente";"Céu Claro";"Simples";"Reta";"Não";1;0;1;0;0;0;1;1;-17,79233336;-50,89519501;"SPRF-GO";"DEL04-GO";"UOP01-DEL04-GO"
462441;2022-06-27;"segunda-feira";"18:08:00";"SC";158;105;"CUNHA PORA";"Pista esburacada";"Tombamento";"Com Vítimas Fatais";"Anoitecer";"Crescente";"Céu Claro";"Simples";"Reta;Declive";"Não";3;1;0;0;1;1;0;3;-26,8544057;-53,1670382;"SPRF-SC";"DEL07-SC";"UOP02-DEL07-SC"
462442;2022-07-18;"segunda-feira";"15:40:00";"GO";40;70;"CRISTALINA";"Manobra de mudança de faixa";"Colisão lateral mesmo sentido";"Sem Vítimas";"Pleno dia";"Crescente";"Céu Claro";"Dupla";"Curva";"Não";6;0;0;0;5;1;0;3;-16,604358;-47,770476;"SPRF-DF";"DEL01-DF";"UOP02-DEL01-DF"
462444;2022-07-18;"segunda-feira";"15:47:00";"TO";153;144;"ARAGUAINA";"Ausência de reação do condutor";"Colisão traseira";"Com Vítimas Feridas";"Pleno dia";"Crescente";"Céu Claro";"Dupla";"Reta";"Sim";3;0;0;1;1;1;1;3;-7,19662811;-48,23636977;"SPRF-TO";"DEL02-TO";"UOP01-DEL02-TO"
462452;2022-07-18;"segunda-feira";"16:40:00";"PR";277;654;"MATELANDIA";"Reação tardia ou ineficiente do condutor";"Colisão lateral sentido oposto";"Com Vítimas Feridas";"Pleno dia";"Decrescente";"Chuva";"Simples";"Reta";"Não";3;0;1;0;2;0;1;2;-25,22232211;-53,9513177;"SPRF-PR";"DEL05-PR";"UOP02-DEL05-PR"
462453;2022-04-05;"terça-feira";"10:27:00";"ES";101;400,6;"ITAPEMIRIM";"Ausência de reação do condutor";"Colisão lateral mesmo sentido";"Com Vítimas Feridas";"Pleno dia";"Crescente";"Céu Claro";"Simples";"Curva";"Não";5;0;1;0;2;2;1;4;-20,88154434;-40,97435202;"SPRF-ES";"DEL03-ES";"UOP02-DEL03-ES"
462455;2022-07-18;"segunda-feira";"18:25:00";"GO";414;429,1;"ABADIANIA";"Acessar a via sem observar a presença dos outros veículos";"Colisão transversal";"Com Vítimas Feridas";"Plena Noite";"Crescente";"Céu Claro";"Simples";"Reta";"Não";2;0;0;1;1;0;1;2;-16,19833991;-48,90904121;"SPRF-GO";"DEL02-GO";"UOP01-DEL02-GO"
462459;2022-07-18;"segunda-feira";"16:50:00";"MG";459;97;"POUSO ALEGRE";"Acessar a via sem observar a presença dos outros veículos";"Saída de leito carroçável";"Com Vítimas Feridas";"Pleno dia";"Decrescente";"Céu Claro";"Simples";"Reta";"Não";3;0;2;0;1;0;2;2;-22,199377;-45,969555;"SPRF-MG";"DEL09-MG";"UOP01-DEL09-MG"
462465;2022-07-18;"segunda-feira";"18:45:00";"RS";116;261;"CANOAS";"Acumulo de areia ou detritos sobre o pavimento";"Colisão com objeto";"Com Vítimas Feridas";"Plena Noite";"Crescente";"Céu Claro";"Dupla";"Reta";"Sim";2;0;1;0;0;1;1;2;-29,887983;-51,17901;"SPRF-RS";"DEL01-RS";"UOP01-DEL01-RS"
462473;2022-07-18;"segunda-feira";"20:00:00";"PE";101;78,7;"RECIFE";"Reação tardia ou ineficiente do condutor";"Colisão traseira";"Com Vítimas Fatais";"Plena Noite";"Crescente";"Céu Claro";"Dupla";"Curva";"Sim";5;2;0;0;2;1;0;5;-8,13496499;-34,94738614;"SPRF-PE";"DEL01-PE";"UOP01-DEL01-PE"
462474;2022-07-18;"segunda-feira";"19:26:00";"ES";259;52;"COLATINA";"Fumaça";"Incêndio";"Sem Vítimas";"Plena Noite";"Crescente";"Céu Claro";"Simples";"Reta";"Sim";2;0;0;0;1;1;0;2;-19,50223983;-40,62081603;"SPRF-ES";"DEL02-ES";"UOP01-DEL02-ES"
462477;2022-07-18;"segunda-feira";"18:40:00";"PR";116;27;"CAMPINA GRANDE DO SUL";"Demais falhas mecânicas ou elétricas";"Incêndio";"Sem Vítimas";"Plena Noite";"Decrescente";"Garoa/Chuvisco";"Dupla";"Reta;Aclive";"Não";2;0;0;0;1;2;0;3;-25,10974682;-48,7995851;"SPRF-PR";"DEL01-PR";"UOP02-DEL01-PR"
462479;2022-07-18;"segunda-feira";"11:20:00";"RS";153;545;"CACAPAVA DO SUL";"Condutor Dormindo";"Saída de leito carroçável";"Com Vítimas Feridas";"Pleno dia";"Decrescente";"Sol";"Simples";"Reta";"Não";1;0;1;0;0;0;1;1;-30,79521699;-53,57861464;"SPRF-RS";"DEL09-RS";"UOP02-DEL09-RS"
462480;2022-07-18;"segunda-feira";"15:30:00";"BA";116;717,5;"MANOEL VITORINO";"Demais falhas mecânicas ou elétricas";"Incêndio";"Sem Vítimas";"Pleno dia";"Decrescente";"Nublado";"Simples";"Reta";"Não";2;0;0;0;1;1;0;2;-14,17300589;-40,2579312;"SPRF-BA";"DEL08-BA";"UOP02-DEL08-BA"
462487;2022-07-18;"segunda-feira";"20:45:00";"SE";235;108;"CARIRA";"Reação tardia ou ineficiente do condutor";"Colisão traseira";"Com Vítimas Feridas";"Plena Noite";"Decrescente";"Garoa/Chuvisco";"Simples";"Curva";"Sim";3;0;1;0;1;1;1;2;-10,354251;-37,703625;"SPRF-SE";"DEL01-SE";"UOP02-DEL01-SE"
462490;2022-05-29;"domingo";"21:50:00";"SP";153;177;"LINS";"Animais na Pista";"Atropelamento de Animal";"Com Vítimas Feridas";"Plena Noite";"Decrescente";"Céu Claro";"Simples";"Reta";"Não";1;0;1;0;0;0;1;1;-21,66466295;-49,78958124;"SPRF-SP";"DEL07-SP";"UOP01-DEL07-SP"
462496;2022-07-18;"segunda-feira";"22:30:00";"SE";101;70;"MARUIM";"Pista esburacada";"Saída de leito carroçável";"Com Vítimas Feridas";"Plena Noite";"Decrescente";"Nublado";"Simples";"Desvio Temporário";"Não";2;0;2;0;0;0;2;1;-10,7356;-37,08768;"SPRF-SE";"DEL01-SE";"UOP01-DEL01-SE"
462498;2022-07-18;"segunda-feira";"22:00:00";"PR";116;40;"CAMPINA GRANDE DO SUL";"Chuva";"Colisão transversal";"Com Vítimas Feridas";"Plena Noite";"Decrescente";"Chuva";"Dupla";"Reta";"Não";3;0;1;0;2;0;1;2;-25,16445203;-48,86237697;"SPRF-PR";"DEL01-PR";"UOP02-DEL01-PR"
462506;2022-07-18;"segunda-feira";"23:15:00";"MG";381;359;"JOAO MONLEVADE";"Velocidade Incompatível";"Tombamento";"Com Vítimas Feridas";"Plena Noite";"Decrescente";"Céu Claro";"Simples";"Curva";"Sim";3;0;2;0;0;1;2;2;-19,8551458;-43,22402296;"SPRF-MG";"DEL03-MG";"UOP01-DEL03-MG"
462508;2022-07-18;"segunda-feira";"21:15:00";"SP";116;567;"BARRA DO TURVO";"Pista Escorregadia";"Colisão com objeto";"Sem Vítimas";"Plena Noite";"Decrescente";"Chuva";"Dupla";"Reta";"Não";2;0;0;0;1;1;0;2;-25,0475499;-48,55355172;"SPRF-SP";"DEL05-SP";"UOP02-DEL05-SP"
462510;2022-07-18;"segunda-feira";"15:50:00";"MA";316;459;"CODO";"Manobra de mudança de faixa";"Colisão lateral sentido oposto";"Com Vítimas Feridas";"Pleno dia";"Decrescente";"Sol";"Simples";"Reta";"Não";3;0;0;1;1;1;1;3;-4,513353;-44,065304;"SPRF-MA";"DEL03-MA";"UOP01-DEL03-MA"
462512;2022-07-18;"segunda-feira";"23:40:00";"MG";381;851;"POUSO ALEGRE";"Demais falhas mecânicas ou elétricas";"Incêndio";"Sem Vítimas";"Plena Noite";"Crescente";"Céu Claro";"Dupla";"Curva";"Não";2;0;0;0;1;1;0;2;-22,28746007;-45,89702873;"SPRF-MG";"DEL16-MG";"UOP01-DEL16-MG"
462515;2022-07-18;"segunda-feira";"22:20:00";"SC";116;115;"SANTA CECILIA";"Velocidade Incompatível";"Colisão com objeto";"Com Vítimas Fatais";"Plena Noite";"Decrescente";"Chuva";"Simples";"Curva;Declive";"Não";1;1;0;0;0;0;0;1;-26,80262399;-50,33936901;"SPRF-SC";"DEL06-SC";"UOP02-DEL06-SC"
462516;2022-07-19;"terça-feira";"00:05:00";"PR";369;469;"CORBELIA";"Velocidade Incompatível";"Tombamento";"Com Vítimas Feridas";"Plena Noite";"Crescente";"Nublado";"Simples";"Declive;Curva";"Não";3;0;0;2;0;1;2;2;-24,58261772;-53,1622839;"SPRF-PR";"DEL04-PR";"UOP03-DEL04-PR"
462517;2022-07-18;"segunda-feira";"16:00:00";"BA";30;304;"RIO DO ANTONIO";"Velocidade Incompatível";"Colisão frontal";"Com Vítimas Fatais";"Pleno dia";"Decrescente";"Sol";"Simples";"Curva";"Não";13;3;1;6;1;2;7;4;-14,17157177;-42,18788624;"SPRF-BA";"DEL08-BA";"UOP01-DEL08-BA"
462519;2022-07-19;"terça-feira";"03:30:00";"MG";381;337;"NOVA ERA";"Velocidade Incompatível";"Tombamento";"Com Vítimas Fatais";"Plena Noite";"Crescente";"Céu Claro";"Simples";"Curva";"Não";3;2;0;0;0;2;0;3;-19,82388218;-43,08235792;"SPRF-MG";"DEL03-MG";"UOP01-DEL03-MG"
462520;2022-07-18;"segunda-feira";"13:30:00";"GO";158;155,9;"CAIAPONIA";"Condutor deixou de manter distância do veículo da frente";"Colisão traseira";"Sem Vítimas";"Pleno dia";"Decrescente";"Céu Claro";"Simples";"Reta;Declive";"Não";3;0;0;0;2;1;0;3;-16,93210097;-51,82272434;"SPRF-GO";"DEL05-GO";"UOP01-DEL05-GO"
462524;2022-07-18;"segunda-feira";"11:50:00";"BA";242;372;"PALMEIRAS";"Velocidade Incompatível";"Saída de leito carroçável";"Sem Vítimas";"Pleno dia";"Crescente";"Chuva";"Simples";"Curva";"Não";1;0;0;0;1;0;0;1;-12,45491007;-41,48413406;"SPRF-BA";"DEL06-BA";"UOP01-DEL06-BA"
462528;2022-07-19;"terça-feira";"05:30:00";"MG";381;422;"CAETE";"Reação tardia ou ineficiente do condutor";"Tombamento";"Sem Vítimas";"Amanhecer";"Crescente";"Céu Claro";"Dupla";"Aclive";"Não";3;0;0;0;2;2;0;4;-19,78353087;-43,66633394;"SPRF-MG";"DEL01-MG";"UOP01-DEL01-MG"
462529;2022-07-19;"terça-feira";"07:15:00";"DF";20;13;"BRASILIA";"Acessar a via sem observar a presença dos outros veículos";"Colisão lateral mesmo sentido";"Com Vítimas Feridas";"Pleno dia";"Decrescente";"Céu Claro";"Dupla";"Reta";"Sim";3;0;2;0;1;0;2;2;-15,638752;-47,749599;"SPRF-DF";"DEL02-DF";"UOP01-DEL02-DF"
462530;2022-07-19;"terça-feira";"05:00:00";"PI";316;88,3;"OLHO DAGUA DO PIAUI";"Ultrapassagem Indevida";"Tombamento";"Com Vítimas Feridas";"Amanhecer";"Decrescente";"Céu Claro";"Simples";"Curva";"Não";6;0;1;0;4;1;1;2;-5,780884;-42,565527;"SPRF-PI";"DEL04-PI";"UOP02-DEL04-PI"
462531;2022-07-19;"terça-feira";"06:00:00";"PA";316;28;"BENEVIDES";"Pista esburacada";"Tombamento";"Com Vítimas Feridas";"Pleno dia";"Decrescente";"Céu Claro";"Dupla";"Reta";"Não";2;0;1;0;1;0;1;1;-1,31121896;-48,22115206;"SPRF-PA";"DEL01-PA";"UOP01-DEL01-PA"
462532;2022-07-19;"terça-feira";"04:30:00";"MG";153;165,7;"COMENDADOR GOMES";"Demais falhas mecânicas ou elétricas";"Capotamento";"Sem Vítimas";"Plena Noite";"Decrescente";"Céu Claro";"Simples";"Reta";"Não";2;0;0;0;0;4;0;4;-19,72089526;-48,97716825;"SPRF-MG";"DEL13-MG";"UOP02-DEL13-MG"
462534;2022-07-19;"terça-feira";"06:00:00";"SP";116;335;"JUQUITIBA";"Retorno proibido";"Colisão lateral mesmo sentido";"Com Vítimas Feridas";"Amanhecer";"Crescente";"Nevoeiro/Neblina";"Dupla";"Curva";"Não";2;0;0;1;1;0;1;2;-23,96963408;-47,1337469;"SPRF-SP";"DEL04-SP";"UOP01-DEL04-SP"
462535;2022-07-19;"terça-feira";"05:40:00";"MG";40;661;"CARANDAI";"Condutor Dormindo";"Saída de leito carroçável";"Com Vítimas Feridas";"Amanhecer";"Decrescente";"Céu Claro";"Simples";"Curva";"Não";1;0;1;0;0;0;1;1;-20,91001;-43,828878;"SPRF-MG";"DEL05-MG";"UOP02-DEL05-MG"
462536;2022-07-19;"terça-feira";"00:10:00";"PR";376;668;"GUARATUBA";"Velocidade Incompatível";"Tombamento";"Sem Vítimas";"Plena Noite";"Crescente";"Céu Claro";"Dupla";"Curva";"Não";1;0;0;0;1;0;0;1;-25,864159;-48,937538;"SPRF-PR";"DEL01-PR";"UOP04-DEL01-PR"
462539;2022-07-19;"terça-feira";"06:30:00";"GO";153;303,8;"RIALMA";"Condutor Dormindo";"Colisão frontal";"Com Vítimas Feridas";"Amanhecer";"Crescente";"Céu Claro";"Simples";"Aclive";"Não";3;0;1;0;1;1;1;3;-15,33421635;-49,57006238;"SPRF-GO";"DEL02-GO";"UOP02-DEL02-GO"
462540;2022-07-19;"terça-feira";"05:15:00";"GO";364;260,3;"JATAI";"Ausência de reação do condutor";"Colisão traseira";"Com Vítimas Fatais";"Plena Noite";"Decrescente";"Céu Claro";"Simples";"Reta";"Não";3;1;0;0;1;1;0;3;-17,66603528;-52,22701264;"SPRF-GO";"DEL05-GO";"UOP01-DEL05-GO"
462546;2022-07-19;"terça-feira";"07:00:00";"MT";163;831;"SINOP";"Velocidade Incompatível";"Tombamento";"Com Vítimas Feridas";"Amanhecer";"Decrescente";"Céu Claro";"Dupla";"Rotatória";"Sim";2;0;1;0;0;3;1;4;-11,89198627;-55,50338257;"SPRF-MT";"DEL06-MT";"UOP01-DEL06-MT"
462550;2022-07-19;"terça-feira";"06:05:00";"SC";116;119,7;"SANTA CECILIA";"Ausência de reação do condutor";"Colisão com objeto";"Sem Vítimas";"Pleno dia";"Crescente";"Céu Claro";"Simples";"Reta";"Não";1;0;0;0;1;0;0;1;-26,82456089;-50,36708403;"SPRF-SC";"DEL06-SC";"UOP02-DEL06-SC"
462553;2022-07-19;"terça-feira";"08:15:00";"RO";364;216;"PIMENTA BUENO";"Manobra de mudança de faixa";"Colisão lateral mesmo sentido";"Com Vítimas Feridas";"Pleno dia";"Crescente";"Sol";"Simples";"Reta;Declive";"Não";6;0;2;0;2;3;2;5;-11,553816;-61,292937;"SPRF-RO";"DEL02-RO";"UOP02-DEL02-RO"
462560;2022-07-19;"terça-feira";"06:30:00";"PR";116;18;"ANTONINA";"Reação tardia ou ineficiente do condutor";"Saída de leito carroçável";"Com Vítimas Feridas";"Amanhecer";"Decrescente";"Céu Claro";"Dupla";"Curva;Declive";"Não";2;0;1;0;0;1;1;2;-25,103973;-48,710786;"SPRF-PR";"DEL01-PR";"UOP02-DEL01-PR"
462561;2022-07-19;"terça-feira";"09:20:00";"PR";277;41;"MORRETES";"Problema com o freio";"Colisão traseira";"Com Vítimas Feridas";"Pleno dia";"Decrescente";"Céu Claro";"Dupla";"Declive;Curva";"Não";3;0;1;0;1;2;1;4;-25,57183811;-48,83586205;"SPRF-PR";"DEL01-PR";"UOP01-DEL01-PR"
462562;2022-07-19;"terça-feira";"07:45:00";"BA";324;574;"SAO SEBASTIAO DO PASSE";"Velocidade Incompatível";"Capotamento";"Com Vítimas Feridas";"Pleno dia";"Crescente";"Céu Claro";"Dupla";"Curva";"Sim";2;0;1;0;0;2;1;3;-12,5783555;-38,54106903;"SPRF-BA";"DEL01-BA";"UOP01-DEL01-BA"
462564;2022-07-19;"terça-feira";"01:40:00";"MA";316;521;"CAXIAS";"Transitar na contramão";"Colisão lateral sentido oposto";"Com Vítimas Feridas";"Plena Noite";"Decrescente";"Ignorado";"Simples";"Ponte";"Não";4;0;0;3;0;2;3;5;-4,777439;-43,593681;"SPRF-MA";"DEL03-MA";"UOP02-DEL03-MA"
462565;2022-07-19;"terça-feira";"10:15:00";"PR";277;633;"VERA CRUZ DO OESTE";"Acesso irregular";"Colisão frontal";"Com Vítimas Feridas";"Pleno dia";"Decrescente";"Céu Claro";"Simples";"Rotatória";"Não";4;0;2;1;0;1;3;3;-25,12562574;-53,81852388;"SPRF-PR";"DEL05-PR";"UOP02-DEL05-PR"
462566;2022-07-19;"terça-feira";"09:10:00";"PR";376;349;"ORTIGUEIRA";"Transitar na contramão";"Colisão lateral sentido oposto";"Com Vítimas Feridas";"Pleno dia";"Crescente";"Céu Claro";"Dupla";"Reta";"Sim";3;0;0;1;1;1;1;3;-24,23741824;-50,91757915;"SPRF-PR";"DEL07-PR";"UOP02-DEL07-PR"
462567;2022-07-19;"terça-feira";"10:00:00";"PR";277;138,6;"BALSA NOVA";"Reação tardia ou ineficiente do condutor";"Colisão traseira";"Sem Vítimas";"Pleno dia";"Crescente";"Céu Claro";"Dupla";"Reta";"Não";15;0;0;0;14;2;0;12;-25,47582094;-49,71737266;"SPRF-PR";"DEL03-PR";"UOP03-DEL03-PR"
462569;2022-07-19;"terça-feira";"10:45:00";"SC";282;534,7;"CHAPECO";"Ausência de reação do condutor";"Colisão com objeto";"Sem Vítimas";"Pleno dia";"Decrescente";"Céu Claro";"Dupla";"Reta";"Sim";1;0;0;0;1;0;0;1;-26,9997953;-52,64586747;"SPRF-SC";"DEL07-SC";"UOP01-DEL07-SC"
462572;2022-07-19;"terça-feira";"06:50:00";"MA";135;1,1;"SAO LUIS";"Ausência de reação do condutor";"Colisão lateral mesmo sentido";"Com Vítimas Fatais";"Pleno dia";"Decrescente";"Céu Claro";"Dupla";"Reta";"Sim";2;1;0;0;1;0;0;2;-2,58917895;-44,24423719;"SPRF-MA";"DEL01-MA";"UOP01-DEL01-MA"
462573;2022-07-18;"segunda-feira";"17:30:00";"BA";430;398;"IGAPORA";"Velocidade Incompatível";"Colisão frontal";"Com Vítimas Fatais";"Anoitecer";"Crescente";"Céu Claro";"Simples";"Curva";"Não";7;1;4;1;0;2;5;4;-13,7807353;-42,68566132;"SPRF-BA";"DEL08-BA";"UOP01-DEL08-BA"
462583;2022-07-19;"terça-feira";"11:50:00";"MG";116;814,4;"ALEM PARAIBA";"Acessar a via sem observar a presença dos outros veículos";"Colisão transversal";"Com Vítimas Feridas";"Pleno dia";"Decrescente";"Céu Claro";"Simples";"Declive;Interseção de Vias";"Não";5;0;4;0;1;0;4;2;-21,85831237;-42,66197205;"SPRF-MG";"DEL07-MG";"UOP01-DEL07-MG"
462585;2022-07-19;"terça-feira";"13:00:00";"MG";116;277,5;"TEOFILO OTONI";"Ausência de reação do condutor";"Colisão lateral mesmo sentido";"Com Vítimas Feridas";"Pleno dia";"Crescente";"Céu Claro";"Simples";"Reta";"Sim";2;0;1;0;0;1;1;2;-17,86417427;-41,51569784;"SPRF-MG";"DEL11-MG";"UOP01-DEL11-MG"
462586;2022-07-19;"terça-feira";"09:40:00";"ES";101;381,9;"RIO NOVO DO SUL";"Obras na pista";"Engavetamento";"Com Vítimas Feridas";"Pleno dia";"Crescente";"Céu Claro";"Simples";"Reta";"Não";4;0;1;0;2;3;1;6;-20,81426791;-40,84094115;"SPRF-ES";"DEL03-ES";"UOP01-DEL03-ES"
462589;2022-07-19;"terça-feira";"12:30:00";"CE";116;18;"EUSEBIO";"Ausência de reação do condutor";"Colisão traseira";"Com Vítimas Feridas";"Pleno dia";"Decrescente";"Céu Claro";"Dupla";"Reta";"Sim";2;0;1;0;1;0;1;2;-3,90496605;-38,50518756;"SPRF-CE";"DEL01-CE";"UOP02-DEL01-CE"
462591;2022-07-19;"terça-feira";"12:40:00";"RN";304;302;"MACAIBA";"Carga excessiva e/ou mal acondicionada";"Tombamento";"Com Vítimas Feridas";"Pleno dia";"Crescente";"Céu Claro";"Dupla";"Reta";"Sim";1;0;1;0;0;0;1;1;-5,87937446;-35,29790983;"SPRF-RN";"DEL01-RN";"UOP02-DEL01-RN"
462593;2022-07-19;"terça-feira";"13:15:00";"PR";376;283;"MAUA DA SERRA";"Condutor Dormindo";"Colisão traseira";"Com Vítimas Feridas";"Pleno dia";"Crescente";"Céu Claro";"Simples";"Reta";"Não";3;0;1;0;1;3;1;5;-23,8748749;-51,25339287;"SPRF-PR";"DEL07-PR";"UOP02-DEL07-PR"
462594;2022-07-19;"terça-feira";"13:35:00";"SC";101;210,5;"SAO JOSE";"Reação tardia ou ineficiente do condutor";"Colisão traseira";"Com Vítimas Feridas";"Pleno dia";"Decrescente";"Céu Claro";"Múltipla";"Reta";"Sim";5;0;2;1;1;1;3;4;-27,6167305;-48,6457265;"SPRF-SC";"DEL01-SC";"UOP01-DEL01-SC"
462597;2022-07-19;"terça-feira";"13:30:00";"MS";163;331;"RIO BRILHANTE";"Demais falhas mecânicas ou elétricas";"Eventos atípicos";"Com Vítimas Feridas";"Pleno dia";"Crescente";"Céu Claro";"Dupla";"Reta";"Não";4;0;1;0;2;2;1;5;-21,68068;-54,47473;"SPRF-MS";"DEL02-MS";"UOP02-DEL02-MS"
462601;2022-07-19;"terça-feira";"01:10:00";"MT";70;144;"GENERAL CARNEIRO";"Ausência de reação do condutor";"Tombamento";"Com Vítimas Feridas";"Plena Noite";"Decrescente";"Céu Claro";"Simples";"Reta";"Não";1;0;1;0;0;0;1;1;-15,58640672;-53,31997998;"SPRF-MT";"DEL07-MT";"UOP01-DEL07-MT"
462605;2022-07-19;"terça-feira";"14:44:00";"PR";369;156,1;"LONDRINA";"Reação tardia ou ineficiente do condutor";"Colisão lateral mesmo sentido";"Com Vítimas Feridas";"Pleno dia";"Decrescente";"Céu Claro";"Dupla";"Reta";"Sim";5;0;1;0;4;0;1;5;-23,29128824;-51,21800423;"SPRF-PR";"DEL07-PR";"UOP01-DEL07-PR"