"id";"data_inversa";"dia_semana";"horario";"uf";"br";"km";"municipio";"causa_acidente";"tipo_acidente";"classificacao_acidente";"fase_dia";"sentido_via";"condicao_metereologica";"tipo_pista";"tracado_via";"uso_solo";"pessoas";"mortos";"feridos_leves";"feridos_graves";"ilesos";"ignorados";"feridos";"veiculos";"latitude";"longitude";"regional";"delegacia";"uop"
462607;2022-07-19;"terça-feira";"14:15:00";"RS";471;181,7;"RIO PARDO";"Manobra de mudança de faixa";"Colisão lateral mesmo sentido";"Com Vítimas Feridas";"Pleno dia";"Decrescente";"Sol";"Simples";"Reta";"Não";3;0;1;0;2;0;1;2;-30,085266;-52,3666;"SPRF-RS";"DEL02-RS";"UOP03-DEL02-RS"
462610;2022-07-19;"terça-feira";"15:40:00";"SC";101;203;"SAO JOSE";"Ausência de reação do condutor";"Colisão traseira";"Com Vítimas Feridas";"Pleno dia";"Decrescente";"Céu Claro";"Dupla";"Reta";"Sim";3;0;1;0;1;1;1;3;-27,57413014;-48,61363083;"SPRF-SC";"DEL01-SC";"UOP01-DEL01-SC"
462613;2022-07-19;"terça-feira";"15:00:00";"SP";116;105;"TAUBATE";"Demais Fenômenos da natureza";"Incêndio";"Sem Vítimas";"Pleno dia";"Crescente";"Céu Claro";"Múltipla";"Reta";"Sim";1;0;0;0;1;0;0;1;-23,00757973;-45,51466613;"SPRF-SP";"DEL08-SP";"UOP01-DEL08-SP"
462615;2022-07-19;"terça-feira";"15:30:00";"MG";40;686,9;"RESSAQUINHA";"Manobra de mudança de faixa";"Colisão traseira";"Com Vítimas Feridas";"Pleno dia";"Decrescente";"Céu Claro";"Simples";"Reta";"Não";2;0;1;0;1;0;1;2;-21,09712404;-43,76785755;"SPRF-MG";"DEL05-MG";"UOP02-DEL05-MG"
462618;2022-07-19;"terça-feira";"14:00:00";"PR";476;91;"BOCAIUVA DO SUL";"Ausência de reação do condutor";"Tombamento";"Com Vítimas Feridas";"Pleno dia";"Decrescente";"Céu Claro";"Simples";"Curva";"Não";2;0;1;0;0;1;1;2;-25,195853;-49,108697;"SPRF-PR";"DEL01-PR";"UOP01-DEL01-PR"
462621;2022-07-19;"terça-feira";"15:25:00";"MS";262;344,2;"CAMPO GRANDE";"Condutor Dormindo";"Colisão lateral sentido oposto";"Com Vítimas Feridas";"Pleno dia";"Crescente";"Céu Claro";"Simples";"Curva";"Não";4;0;1;0;2;1;1;4;-20,58313686;-54,58446511;"SPRF-MS";"DEL01-MS";"UOP03-DEL01-MS"
462624;2022-07-19;"terça-feira";"14:00:00";"ES";101;412;"ITAPEMIRIM";"Ingestão de álcool e/ou substâncias psicoativas pelo pedestre";"Atropelamento de Pedestre";"Com Vítimas Feridas";"Pleno dia";"Crescente";"Sol";"Simples";"Reta";"Não";2;0;1;0;0;1;1;2;-20,90878197;-41,06944138;"SPRF-ES";"DEL03-ES";"UOP02-DEL03-ES"
462628;2022-07-19;"terça-feira";"16:30:00";"PA";155;341;"MARABA";"Reação tardia ou ineficiente do condutor";"Engavetamento";"Com Vítimas Feridas";"Pleno dia";"Crescente";"Céu Claro";"Simples";"Reta";"Não";33;0;5;2;25;1;7;6;-5,387271;-49,079014;"SPRF-PA";"DEL03-PA";"UOP01-DEL03-PA"
462647;2022-07-19;"terça-feira";"20:00:00";"CE";116;23;"EUSEBIO";"Ausência de reação do condutor";"Colisão traseira";"Com Vítimas Fatais";"Plena Noite";"Decrescente";"Céu Claro";"Dupla";"Aclive";"Não";4;1;0;0;3;0;0;2;-3,94905489;-38,51212845;"SPRF-CE";"DEL01-CE";"UOP02-DEL01-CE"
462648;2022-07-19;"terça-feira";"15:00:00";"RO";364;400;"OURO PRETO DO OESTE";"Condutor Dormindo";"Colisão traseira";"Com Vítimas Feridas";"Pleno dia";"Crescente";"Sol";"Simples";"Reta";"Não";3;0;1;0;1;2;1;4;-10,6037419;-62,34299189;"SPRF-RO";"DEL03-RO";"UOP02-DEL03-RO"
462652;2022-07-19;"terça-feira";"20:30:00";"MG";381;478;"CONTAGEM";"Pedestre cruzava a pista fora da faixa";"Atropelamento de Pedestre";"Com Vítimas Feridas";"Plena Noite";"Decrescente";"Céu Claro";"Múltipla";"Reta";"Sim";2;0;1;0;1;0;1;2;-19,96308995;-44,0416535;"SPRF-MG";"DEL01-MG";"UOP03-DEL01-MG"
462655;2022-07-19;"terça-feira";"16:30:00";"SC";282;535;"CHAPECO";"Entrada inopinada do pedestre";"Atropelamento de Pedestre";"Com Vítimas Feridas";"Pleno dia";"Crescente";"Céu Claro";"Simples";"Reta";"Não";3;0;0;1;2;0;1;2;-26,998245;-52,643768;"SPRF-SC";"DEL07-SC";"UOP01-DEL07-SC"
462671;2022-07-20;"quarta-feira";"02:00:00";"MG";40;459,9;"CAETANOPOLIS";"Carga excessiva e/ou mal acondicionada";"Derramamento de carga";"Sem Vítimas";"Plena Noite";"Crescente";"Céu Claro";"Dupla";"Curva;Declive";"Não";1;0;0;0;1;0;0;1;-19,3950799;-44,33423281;"SPRF-MG";"DEL02-MG";"UOP01-DEL02-MG"
462673;2022-07-20;"quarta-feira";"01:30:00";"RJ";116;311;"ITATIAIA";"Ingestão de álcool ou de substâncias psicoativas pelo pedestre";"Colisão com objeto";"Sem Vítimas";"Plena Noite";"Decrescente";"Céu Claro";"Dupla";"Reta";"Não";3;0;0;0;2;1;0;3;-22,46086624;-44,44296321;"SPRF-RJ";"DEL07-RJ";"UOP02-DEL07-RJ"
462677;2022-07-20;"quarta-feira";"02:00:00";"MG";262;911,5;"CAMPO FLORIDO";"Demais falhas mecânicas ou elétricas";"Incêndio";"Sem Vítimas";"Plena Noite";"Decrescente";"Céu Claro";"Dupla";"Reta";"Não";1;0;0;0;1;0;0;1;-19,62512601;-48,84624481;"SPRF-MG";"DEL13-MG";"UOP02-DEL13-MG"
462678;2022-07-20;"quarta-feira";"01:30:00";"PR";277;49;"MORRETES";"Demais falhas mecânicas ou elétricas";"Incêndio";"Sem Vítimas";"Plena Noite";"Crescente";"Nevoeiro/Neblina";"Dupla";"Reta;Aclive";"Não";2;0;0;0;1;3;0;4;-25,59243579;-48,89076291;"SPRF-PR";"DEL01-PR";"UOP01-DEL01-PR"
462680;2022-07-20;"quarta-feira";"03:20:00";"SC";101;239,1;"PALHOCA";"Condutor Dormindo";"Saída de leito carroçável";"Com Vítimas Feridas";"Plena Noite";"Crescente";"Nublado";"Dupla";"Curva";"Não";3;0;1;0;1;1;1;2;-27,85046883;-48,63955216;"SPRF-SC";"DEL01-SC";"UOP02-DEL01-SC"
462682;2022-07-20;"quarta-feira";"02:50:00";"PR";369;111,2;"URAI";"Pedestre andava na pista";"Atropelamento de Pedestre";"Com Vítimas Feridas";"Plena Noite";"Crescente";"Céu Claro";"Dupla";"Reta";"Não";2;0;0;1;0;1;1;2;-23,273031;-50,81763;"SPRF-PR";"DEL07-PR";"UOP01-DEL07-PR"
462688;2022-07-20;"quarta-feira";"05:15:00";"SP";116;146,3;"SAO JOSE DOS CAMPOS";"Avarias e/ou desgaste excessivo no pneu";"Colisão traseira";"Com Vítimas Feridas";"Plena Noite";"Crescente";"Céu Claro";"Dupla";"Reta;Aclive";"Sim";2;0;1;0;1;0;1;2;-23,19122919;-45,86327591;"SPRF-SP";"DEL02-SP";"UOP01-DEL02-SP"
462689;2022-07-20;"quarta-feira";"03:20:00";"ES";101;117;"SOORETAMA";"Reação tardia ou ineficiente do condutor";"Atropelamento de Pedestre";"Com Vítimas Feridas";"Plena Noite";"Decrescente";"Nublado";"Simples";"Reta";"Não";3;0;0;1;1;1;1;2;-19,11932808;-40,06302982;"SPRF-ES";"DEL04-ES";"UOP01-DEL04-ES"
462690;2022-07-20;"quarta-feira";"06:00:00";"MG";40;529,5;"BELO HORIZONTE";"Condutor deixou de manter distância do veículo da frente";"Colisão lateral mesmo sentido";"Com Vítimas Fatais";"Amanhecer";"Crescente";"Céu Claro";"Dupla";"Reta";"Sim";5;1;0;0;3;1;0;4;-19,91635592;-44,03966566;"SPRF-MG";"DEL01-MG";"UOP02-DEL01-MG"
462691;2022-07-20;"quarta-feira";"06:10:00";"SC";101;143,8;"ITAPEMA";"Acessar a via sem observar a presença dos outros veículos";"Colisão lateral mesmo sentido";"Com Vítimas Feridas";"Amanhecer";"Crescente";"Céu Claro";"Dupla";"Reta";"Sim";4;0;0;1;2;1;1;4;-27,06436;-48,59599405;"SPRF-SC";"DEL04-SC";"UOP03-DEL04-SC"
462692;2022-07-19;"terça-feira";"18:00:00";"BA";242;489;"OLIVEIRA DOS BREJINHOS";"Demais falhas mecânicas ou elétricas";"Colisão com objeto";"Sem Vítimas";"Plena Noite";"Decrescente";"Nublado";"Dupla";"Reta";"Não";2;0;0;0;1;1;0;2;-12,41360616;-42,36805991;"SPRF-BA";"DEL06-BA";"UOP01-DEL06-BA"
462693;2022-07-20;"quarta-feira";"05:30:00";"PA";10;316;"SAO MIGUEL DO GUAMA";"Animais na Pista";"Atropelamento de Animal";"Com Vítimas Feridas";"Amanhecer";"Crescente";"Céu Claro";"Simples";"Reta";"Não";4;0;1;1;1;3;2;6;-1,66735091;-47,49702422;"SPRF-PA";"DEL01-PA";"UOP02-DEL01-PA"
462694;2022-07-20;"quarta-feira";"06:00:00";"MG";262;910;"CAMPO FLORIDO";"Condutor Dormindo";"Capotamento";"Sem Vítimas";"Plena Noite";"Crescente";"Céu Claro";"Dupla";"Reta";"Não";5;0;0;0;4;3;0;5;-19,639191;-48,8395;"SPRF-MG";"DEL13-MG";"UOP02-DEL13-MG"
462697;2022-07-20;"quarta-feira";"02:50:00";"MG";381;526;"BRUMADINHO";"Velocidade Incompatível";"Capotamento";"Com Vítimas Fatais";"Plena Noite";"Crescente";"Céu Claro";"Dupla";"Curva";"Não";1;1;0;0;0;0;0;1;-20,15189393;-44,32608074;"SPRF-MG";"DEL04-MG";"UOP03-DEL04-MG"
462718;2022-07-20;"quarta-feira";"07:15:00";"SP";116;514;"CAJATI";"Reação tardia ou ineficiente do condutor";"Tombamento";"Com Vítimas Feridas";"Amanhecer";"Decrescente";"Nublado";"Simples";"Curva";"Não";3;0;1;1;0;2;2;3;-24,85874304;-48,21731282;"SPRF-SP";"DEL05-SP";"UOP02-DEL05-SP"
462723;2022-07-20;"quarta-feira";"07:30:00";"GO";153;506,9;"APARECIDA DE GOIANIA";"Trafegar com motocicleta (ou similar) entre as faixas";"Colisão lateral mesmo sentido";"Com Vítimas Feridas";"Pleno dia";"Crescente";"Sol";"Múltipla";"Declive;Reta";"Não";3;0;1;0;2;0;1;3;-16,7715;-49,2387;"SPRF-GO";"DEL01-GO";"UOP01-DEL01-GO"
462735;2022-02-22;"terça-feira";"09:30:00";"ES";101;288,5;"CARIACICA";"Acessar a via sem observar a presença dos outros veículos";"Atropelamento de Pedestre";"Com Vítimas Feridas";"Pleno dia";"Decrescente";"Céu Claro";"Dupla";"Reta";"Sim";2;0;0;1;1;0;1;2;-20,27160351;-40,39091743;"SPRF-ES";"DEL01-ES";"UOP01-DEL01-ES"
462743;2022-07-12;"terça-feira";"22:30:00";"AL";101;37,4;"JOAQUIM GOMES";"Objeto estático sobre o leito carroçável";"Tombamento";"Com Vítimas Feridas";"Plena Noite";"Decrescente";"Nublado";"Dupla";"Curva";"Não";1;0;1;0;0;0;1;1;-9,1393861;-35,77035538;"SPRF-AL";"DEL01-AL";"UOP02-DEL01-AL"
462745;2022-07-20;"quarta-feira";"03:30:00";"MT";70;324;"DOM AQUINO";"Demais falhas mecânicas ou elétricas";"Incêndio";"Sem Vítimas";"Plena Noite";"Decrescente";"Céu Claro";"Simples";"Reta";"Não";2;0;0;0;1;1;0;2;-15,51069712;-54,65364598;"SPRF-MT";"DEL05-MT";"UOP01-DEL05-MT"
462746;2022-07-20;"quarta-feira";"07:30:00";"MG";381;484;"CONTAGEM";"Objeto estático sobre o leito carroçável";"Eventos atípicos";"Com Vítimas Feridas";"Amanhecer";"Crescente";"Céu Claro";"Dupla";"Reta;Declive";"Não";2;0;1;0;1;0;1;2;-19,95531717;-44,11722196;"SPRF-MG";"DEL01-MG";"UOP03-DEL01-MG"
462747;2022-04-04;"segunda-feira";"06:00:00";"PR";116;28;"CAMPINA GRANDE DO SUL";"Ausência de reação do condutor";"Tombamento";"Com Vítimas Feridas";"Amanhecer";"Decrescente";"Garoa/Chuvisco";"Dupla";"Curva";"Não";3;0;1;1;0;1;2;2;-25,10670298;-48,80405799;"SPRF-PR";"DEL01-PR";"UOP02-DEL01-PR"
462750;2022-07-20;"quarta-feira";"08:40:00";"SE";101;80;"LARANJEIRAS";"Demais falhas mecânicas ou elétricas";"Colisão com objeto";"Com Vítimas Feridas";"Pleno dia";"Decrescente";"Nublado";"Dupla";"Reta";"Não";1;0;1;0;0;0;1;1;-10,79993997;-37,14082565;"SPRF-SE";"DEL01-SE";"UOP01-DEL01-SE"
462751;2022-07-20;"quarta-feira";"08:00:00";"PR";277;591,7;"CASCAVEL";"Acessar a via sem observar a presença dos outros veículos";"Colisão transversal";"Com Vítimas Feridas";"Pleno dia";"Decrescente";"Céu Claro";"Simples";"Reta";"Sim";2;0;1;0;1;0;1;2;-24,98473242;-53,46501885;"SPRF-PR";"DEL04-PR";"UOP01-DEL04-PR"
462765;2022-07-20;"quarta-feira";"08:10:00";"SC";282;613,8;"MARAVILHA";"Acessar a via sem observar a presença dos outros veículos";"Colisão transversal";"Com Vítimas Feridas";"Pleno dia";"Decrescente";"Céu Claro";"Simples";"Curva";"Não";3;0;1;0;2;0;1;2;-26,765053;-53,255871;"SPRF-SC";"DEL07-SC";"UOP02-DEL07-SC"
462766;2022-07-20;"quarta-feira";"05:30:00";"MT";364;1232;"COMODORO";"Acostamento em desnível";"Saída de leito carroçável";"Com Vítimas Feridas";"Pleno dia";"Crescente";"Céu Claro";"Simples";"Reta";"Não";3;0;2;0;0;2;2;3;-13,83394291;-59,62075802;"SPRF-MT";"DEL04-MT";"UOP01-DEL04-MT"
462767;2022-07-20;"quarta-feira";"09:20:00";"SC";101;119,2;"ITAJAI";"Acessar a via sem observar a presença dos outros veículos";"Colisão lateral mesmo sentido";"Com Vítimas Feridas";"Pleno dia";"Crescente";"Sol";"Dupla";"Reta";"Não";2;0;1;0;1;0;1;2;-26,9043179;-48,71555481;"SPRF-SC";"DEL04-SC";"UOP04-DEL04-SC"
462774;2022-07-20;"quarta-feira";"07:00:00";"AL";423;39;"INHAPI";"Pista esburacada";"Tombamento";"Com Vítimas Feridas";"Amanhecer";"Decrescente";"Garoa/Chuvisco";"Simples";"Reta";"Não";3;0;3;0;0;0;3;3;-9,23022912;-37,62720396;"SPRF-AL";"DEL03-AL";"UOP02-DEL03-AL"
462779;2022-07-20;"quarta-feira";"10:00:00";"PA";222;156;"ABEL FIGUEIREDO";"Ausência de reação do condutor";"Tombamento";"Com Vítimas Feridas";"Pleno dia";"Crescente";"Sol";"Simples";"Curva";"Não";3;0;1;1;0;1;2;2;-4,988525;-48,458538;"SPRF-PA";"DEL03-PA";"UOP01-DEL03-PA"
462780;2022-07-07;"quinta-feira";"15:40:00";"PA";316;42;"SANTA IZABEL DO PARA";"Acessar a via sem observar a presença dos outros veículos";"Colisão transversal";"Com Vítimas Fatais";"Pleno dia";"Crescente";"Nublado";"Dupla";"Reta";"Sim";4;1;0;0;1;2;0;4;-1,27648404;-48,104951;"SPRF-PA";"DEL01-PA";"UOP01-DEL01-PA"
462786;2022-07-20;"quarta-feira";"07:30:00";"RS";285;671,4;"SAO BORJA";"Desrespeitar a preferência no cruzamento";"Colisão transversal";"Sem Vítimas";"Pleno dia";"Decrescente";"Céu Claro";"Simples";"Interseção de Vias";"Sim";4;0;0;0;3;1;0;3;-28,672358;-55,968838;"SPRF-RS";"DEL12-RS";"UOP01-DEL12-RS"
462791;2022-07-20;"quarta-feira";"12:40:00";"PR";376;652;"TIJUCAS DO SUL";"Manobra de mudança de faixa";"Colisão lateral mesmo sentido";"Sem Vítimas";"Pleno dia";"Crescente";"Céu Claro";"Dupla";"Reta";"Não";4;0;0;0;3;1;0;2;-25,8461583;-49,068884;"SPRF-PR";"DEL01-PR";"UOP04-DEL01-PR"
462793;2022-07-20;"quarta-feira";"12:20:00";"MS";376;168,3;"NOVA ANDRADINA";"Condutor deixou de manter distância do veículo da frente";"Colisão traseira";"Com Vítimas Feridas";"Pleno dia";"Crescente";"Céu Claro";"Simples";"Reta";"Não";6;0;2;0;3;4;2;7;-22,31386891;-53,41380303;"SPRF-MS";"DEL04-MS";"UOP04-DEL04-MS"
462795;2022-07-20;"quarta-feira";"12:00:00";"TO";153;359;"FORTALEZA DO TABOCAO";"Acessar a via sem observar a presença dos outros veículos";"Colisão transversal";"Com Vítimas Feridas";"Pleno dia";"Decrescente";"Céu Claro";"Simples";"Reta";"Sim";2;0;0;1;1;0;1;2;-9,05540165;-48,51836964;"SPRF-TO";"DEL02-TO";"UOP02-DEL02-TO"
462796;2022-07-20;"quarta-feira";"11:50:00";"PR";153;369;"RIO AZUL";"Transitar na contramão";"Colisão lateral mesmo sentido";"Com Vítimas Fatais";"Pleno dia";"Crescente";"Céu Claro";"Simples";"Reta";"Não";2;1;0;0;1;0;0;2;-25,73669789;-50,80195243;"SPRF-PR";"DEL08-PR";"UOP02-DEL08-PR"
462798;2022-06-17;"sexta-feira";"22:10:00";"PA";316;168;"SANTA LUZIA DO PARA";"Manobra de mudança de faixa";"Colisão frontal";"Com Vítimas Feridas";"Plena Noite";"Decrescente";"Vento";"Simples";"Reta";"Sim";2;0;0;1;0;1;1;2;-1,3244721;-47,07768111;"SPRF-PA";"DEL01-PA";"UOP03-DEL01-PA"
462803;2022-07-20;"quarta-feira";"14:00:00";"MA";226;286;"BARRA DO CORDA";"Ultrapassagem Indevida";"Saída de leito carroçável";"Com Vítimas Feridas";"Pleno dia";"Decrescente";"Sol";"Simples";"Curva";"Não";5;0;1;0;3;1;1;3;-5,44996044;-45,14599195;"SPRF-MA";"DEL06-MA";"UOP01-DEL06-MA"
462805;2022-07-20;"quarta-feira";"14:30:00";"MG";381;441;"SABARA";"Velocidade Incompatível";"Colisão traseira";"Com Vítimas Feridas";"Pleno dia";"Crescente";"Sol";"Simples";"Aclive;Curva";"Sim";3;0;1;0;1;1;1;3;-19,81604176;-43,80389901;"SPRF-MG";"DEL01-MG";"UOP01-DEL01-MG"
462806;2022-05-13;"sexta-feira";"17:00:00";"RO";364;703;"PORTO VELHO";"Ausência de reação do condutor";"Colisão lateral mesmo sentido";"Com Vítimas Feridas";"Pleno dia";"Decrescente";"Céu Claro";"Dupla";"Aclive;Curva";"Sim";5;0;2;0;3;0;2;2;-8,80021523;-63,79557792;"SPRF-RO";"DEL01-RO";"UOP01-DEL01-RO"
462807;2022-07-20;"quarta-feira";"14:20:00";"PE";101;65,6;"RECIFE";"Ausência de reação do condutor";"Colisão traseira";"Com Vítimas Feridas";"Pleno dia";"Decrescente";"Nublado";"Múltipla";"Reta";"Sim";3;0;1;0;2;0;1;3;-8,031838;-34,942488;"SPRF-PE";"DEL01-PE";"UOP01-DEL01-PE"
462808;2022-07-20;"quarta-feira";"14:10:00";"RJ";40;118;"DUQUE DE CAXIAS";"Avarias e/ou desgaste excessivo no pneu";"Colisão com objeto";"Com Vítimas Feridas";"Pleno dia";"Decrescente";"Céu Claro";"Múltipla";"Reta";"Sim";1;0;1;0;0;0;1;1;-22,75470802;-43,28737838;"SPRF-RJ";"DEL01-RJ";"UOP01-DEL01-RJ"
462812;2022-07-20;"quarta-feira";"08:30:00";"PR";116;32;"CAMPINA GRANDE DO SUL";"Pista Escorregadia";"Tombamento";"Com Vítimas Feridas";"Pleno dia";"Decrescente";"Garoa/Chuvisco";"Dupla";"Aclive;Curva";"Não";2;0;0;1;0;1;1;2;-25,10497579;-48,83973903;"SPRF-PR";"DEL01-PR";"UOP02-DEL01-PR"
462813;2022-07-20;"quarta-feira";"14:30:00";"PR";376;668;"GUARATUBA";"Reação tardia ou ineficiente do condutor";"Colisão traseira";"Sem Vítimas";"Pleno dia";"Crescente";"Céu Claro";"Dupla";"Declive;Curva";"Não";3;0;0;0;2;2;0;4;-25,864159;-48,937538;"SPRF-PR";"DEL01-PR";"UOP04-DEL01-PR"
462815;2022-05-06;"sexta-feira";"07:00:00";"BA";116;848,7;"VITORIA DA CONQUISTA";"Ultrapassagem Indevida";"Colisão lateral mesmo sentido";"Com Vítimas Feridas";"Pleno dia";"Crescente";"Céu Claro";"Simples";"Reta";"Não";3;0;1;0;1;2;1;4;-15,048136;-40,974825;"SPRF-BA";"DEL08-BA";"UOP01-DEL08-BA"
462816;2022-07-20;"quarta-feira";"14:45:00";"RO";364;244,7;"CACOAL";"Reação tardia ou ineficiente do condutor";"Colisão traseira";"Com Vítimas Feridas";"Pleno dia";"Decrescente";"Céu Claro";"Simples";"Reta";"Não";2;0;1;0;1;0;1;2;-11,4401053399;-61,5059239895;"SPRF-RO";"DEL02-RO";"UOP02-DEL02-RO"
462820;2022-07-20;"quarta-feira";"14:00:00";"MG";365;515;"MONTE CARMELO";"Ultrapassagem Indevida";"Colisão lateral sentido oposto";"Com Vítimas Feridas";"Pleno dia";"Crescente";"Sol";"Simples";"Aclive";"Não";4;0;1;1;1;1;2;4;-18,9145672;-47,35877801;"SPRF-MG";"DEL10-MG";"UOP01-DEL10-MG"
462824;2022-07-20;"quarta-feira";"17:30:00";"RJ";101;73,9;"CAMPOS DOS GOYTACAZES";"Acessar a via sem observar a presença dos outros veículos";"Colisão lateral mesmo sentido";"Com Vítimas Feridas";"Plena Noite";"Crescente";"Céu Claro";"Dupla";"Reta";"Sim";4;0;1;0;1;2;1;4;-21,798874;-41,393955;"SPRF-RJ";"DEL08-RJ";"UOP02-DEL08-RJ"
462830;2022-07-20;"quarta-feira";"17:45:00";"SC";101;176;"BIGUACU";"Condutor usando celular";"Colisão lateral mesmo sentido";"Com Vítimas Feridas";"Anoitecer";"Decrescente";"Céu Claro";"Dupla";"Curva";"Não";2;0;1;0;1;0;1;2;-27,34661396;-48,63300917;"SPRF-SC";"DEL01-SC";"UOP01-DEL01-SC"
462831;2022-07-20;"quarta-feira";"14:00:00";"RS";470;157;"NOVA PRATA";"Condutor deixou de manter distância do veículo da frente";"Colisão traseira";"Com Vítimas Feridas";"Pleno dia";"Crescente";"Céu Claro";"Simples";"Reta";"Não";3;0;2;0;1;0;2;2;-28,79507068;-51,61584453;"SPRF-RS";"DEL06-RS";"UOP02-DEL06-RS"
462838;2022-07-20;"quarta-feira";"12:20:00";"MG";40;100;"JOAO PINHEIRO";"Ausência de reação do condutor";"Tombamento";"Com Vítimas Feridas";"Pleno dia";"Crescente";"Céu Claro";"Simples";"Reta";"Não";3;0;1;0;1;1;1;3;-17,5617679;-46,50797791;"SPRF-MG";"DEL14-MG";"UOP01-DEL14-MG"
462843;2022-07-20;"quarta-feira";"17:50:00";"MT";163;658;"LUCAS DO RIO VERDE";"Reação tardia ou ineficiente do condutor";"Colisão traseira";"Com Vítimas Feridas";"Plena Noite";"Decrescente";"Céu Claro";"Simples";"Reta";"Não";5;0;1;0;3;4;1;8;-13,41492404;-56,0820391;"SPRF-MT";"DEL06-MT";"UOP01-DEL06-MT"
462847;2022-07-20;"quarta-feira";"18:00:00";"PE";232;10;"JABOATAO DOS GUARARAPES";"Reação tardia ou ineficiente do condutor";"Saída de leito carroçável";"Com Vítimas Feridas";"Plena Noite";"Decrescente";"Chuva";"Dupla";"Reta;Em Obras";"Não";2;0;1;0;1;0;1;1;-8,07917241;-34,98718609;"SPRF-PE";"DEL01-PE";"UOP01-DEL01-PE"
462851;2022-05-30;"segunda-feira";"01:20:00";"GO";50;167;"CAMPO ALEGRE DE GOIAS";"Condutor Dormindo";"Colisão lateral mesmo sentido";"Sem Vítimas";"Plena Noite";"Crescente";"Céu Claro";"Dupla";"Reta";"Não";4;0;0;0;3;1;0;3;-17,3083;-47,7692;"SPRF-GO";"DEL06-GO";"UOP01-DEL06-GO"
462865;2022-07-20;"quarta-feira";"15:50:00";"PR";277;262;"IRATI";"Manobra de mudança de faixa";"Colisão frontal";"Com Vítimas Feridas";"Pleno dia";"Crescente";"Céu Claro";"Simples";"Reta";"Não";3;0;1;0;1;1;1;3;-25,41985568;-50,76041076;"SPRF-PR";"DEL08-PR";"UOP02-DEL08-PR"
462869;2022-07-20;"quarta-feira";"14:20:00";"SC";153;85,9;"CONCORDIA";"Ausência de reação do condutor";"Tombamento";"Com Vítimas Feridas";"Pleno dia";"Decrescente";"Céu Claro";"Simples";"Curva";"Não";2;0;0;1;0;1;1;2;-27,142017;-51,913219;"SPRF-SC";"DEL07-SC";"UOP04-DEL07-SC"
462870;2022-07-19;"terça-feira";"21:30:00";"SC";282;374;"ERVAL VELHO";"Condutor Dormindo";"Saída de leito carroçável";"Sem Vítimas";"Plena Noite";"Crescente";"Céu Claro";"Simples";"Aclive";"Não";2;0;0;0;1;2;0;3;-27,247312;-51,448596;"SPRF-SC";"DEL07-SC";"UOP05-DEL07-SC"
462871;2022-07-20;"quarta-feira";"19:54:00";"TO";153;454;"BARROLANDIA";"Entrada inopinada do pedestre";"Atropelamento de Pedestre";"Com Vítimas Fatais";"Plena Noite";"Decrescente";"Céu Claro";"Simples";"Curva";"Não";2;1;0;0;0;1;0;2;-9,86171998;-48,72343013;"SPRF-TO";"DEL01-TO";"UOP01-DEL01-TO"
462873;2022-07-20;"quarta-feira";"19:50:00";"ES";101;262,3;"SERRA";"Trafegar com motocicleta (ou similar) entre as faixas";"Colisão lateral mesmo sentido";"Com Vítimas Feridas";"Plena Noite";"Crescente";"Céu Claro";"Dupla";"Reta";"Sim";5;0;0;2;1;2;2;4;-20,1572331;-40,27678329;"SPRF-ES";"DEL02-ES";"UOP01-DEL02-ES"
462875;2022-07-20;"quarta-feira";"19:00:00";"PE";232;101;"BEZERROS";"Ausência de reação do condutor";"Saída de leito carroçável";"Sem Vítimas";"Plena Noite";"Decrescente";"Garoa/Chuvisco";"Dupla";"Reta;Declive";"Sim";2;0;0;0;1;1;0;2;-8,24194679;-35,75097313;"SPRF-PE";"DEL02-PE";"UOP02-DEL02PE"
462877;2022-06-24;"sexta-feira";"15:29:00";"RR";174;287;"CARACARAI";"Transitar na contramão";"Colisão lateral sentido oposto";"Sem Vítimas";"Pleno dia";"Crescente";"Nublado";"Simples";"Reta";"Não";4;0;0;0;2;4;0;6;1,421305;-60,679955;"SPRF-RR";"DEL01-RR";"UOP01-DEL01-RR"
462879;2022-05-05;"quinta-feira";"20:00:00";"GO";153;83,6;"PORANGATU";"Ultrapassagem Indevida";"Colisão frontal";"Com Vítimas Feridas";"Plena Noite";"Crescente";"Céu Claro";"Simples";"Reta";"Não";2;0;1;0;1;0;1;2;-13,54985;-49,099491;"SPRF-GO";"DEL07-GO";"UOP01-DEL07-GO"
462880;2022-07-20;"quarta-feira";"15:00:00";"PE";101;192;"PALMARES";"Reação tardia ou ineficiente do condutor";"Colisão traseira";"Com Vítimas Feridas";"Pleno dia";"Crescente";"Nublado";"Múltipla";"Reta;Aclive";"Não";3;0;0;1;1;1;1;3;-8,71282291;-35,60955915;"SPRF-PE";"DEL01-PE";"UOP03-DEL01-PE"
462883;2022-07-20;"quarta-feira";"16:00:00";"SC";280;35,2;"ARAQUARI";"Retorno proibido";"Colisão transversal";"Com Vítimas Feridas";"Pleno dia";"Decrescente";"Céu Claro";"Simples";"Interseção de Vias";"Não";2;0;0;1;1;0;1;2;-26,43447549;-48,80453914;"SPRF-SC";"DEL03-SC";"UOP03-DEL03-SC"
462884;2022-07-20;"quarta-feira";"19:50:00";"PR";376;655;"TIJUCAS DO SUL";"Reação tardia ou ineficiente do condutor";"Saída de leito carroçável";"Com Vítimas Feridas";"Plena Noite";"Decrescente";"Nevoeiro/Neblina";"Múltipla";"Aclive;Curva";"Não";2;0;1;0;0;1;1;2;-25,84165409;-49,042472;"SPRF-PR";"DEL01-PR";"UOP04-DEL01-PR"