"id";"data_inversa";"dia_semana";"horario";"uf";"br";"km";"municipio";"causa_acidente";"tipo_acidente";"classificacao_acidente";"fase_dia";"sentido_via";"condicao_metereologica";"tipo_pista";"tracado_via";"uso_solo";"pessoas";"mortos";"feridos_leves";"feridos_graves";"ilesos";"ignorados";"feridos";"veiculos";"latitude";"longitude";"regional";"delegacia";"uop"
462887;2022-07-20;"quarta-feira";"13:30:00";"RJ";116;2;"SAPUCAIA";"Ingestão de substâncias psicoativas pelo condutor";"Colisão frontal";"Com Vítimas Feridas";"Pleno dia";"Decrescente";"Céu Claro";"Simples";"Reta";"Sim";4;0;0;2;1;1;2;3;-21,879488;-42,681053;"SPRF-RJ";"DEL05-RJ";"UOP01-DEL05-RJ"
462890;2022-07-20;"quarta-feira";"21:20:00";"MG";381;572;"ITAGUARA";"Retorno proibido";"Colisão transversal";"Com Vítimas Fatais";"Plena Noite";"Crescente";"Céu Claro";"Dupla";"Curva";"Não";2;1;0;0;0;1;0;2;-20,45206504;-44,5689098;"SPRF-MG";"DEL04-MG";"UOP03-DEL04-MG"
462893;2022-07-20;"quarta-feira";"22:15:00";"SP";116;214;"GUARULHOS";"Reação tardia ou ineficiente do condutor";"Colisão com objeto";"Com Vítimas Feridas";"Plena Noite";"Crescente";"Céu Claro";"Dupla";"Aclive";"Sim";2;0;1;0;0;1;1;2;-23,44333014;-46,44531294;"SPRF-SP";"DEL01-SP";"UOP01-DEL01-SP"
462895;2022-07-20;"quarta-feira";"21:20:00";"MG";40;419;"CURVELO";"Condutor usando celular";"Colisão traseira";"Com Vítimas Feridas";"Plena Noite";"Crescente";"Céu Claro";"Simples";"Reta";"Não";3;0;0;1;1;1;1;3;-19,15737904;-44,57598799;"SPRF-MG";"DEL02-MG";"UOP01-DEL02-MG"
462896;2022-07-20;"quarta-feira";"16:30:00";"MG";153;39,3;"CANAPOLIS";"Frear bruscamente";"Saída de leito carroçável";"Com Vítimas Feridas";"Pleno dia";"Decrescente";"Céu Claro";"Dupla";"Reta";"Não";2;0;1;0;0;2;1;3;-18,73958;-49,09755;"SPRF-MG";"DEL15-MG";"UOP03-DEL15-MG"
462897;2022-07-20;"quarta-feira";"21:30:00";"ES";101;75,2;"SAO MATEUS";"Condutor deixou de manter distância do veículo da frente";"Colisão traseira";"Sem Vítimas";"Plena Noite";"Crescente";"Céu Claro";"Simples";"Reta";"Não";3;0;0;0;3;0;0;3;-18,78487912;-39,87911084;"SPRF-ES";"DEL04-ES";"UOP02-DEL04-ES"
462903;2022-07-20;"quarta-feira";"20:25:00";"MG";381;921,3;"CAMANDUCAIA";"Velocidade Incompatível";"Tombamento";"Com Vítimas Feridas";"Plena Noite";"Crescente";"Céu Claro";"Dupla";"Declive;Curva";"Não";2;0;0;1;0;1;1;2;-22,76290272;-46,16989046;"SPRF-MG";"DEL16-MG";"UOP03-DEL16-MG"
462905;2022-07-20;"quarta-feira";"22:00:00";"BA";242;555;"OLIVEIRA DOS BREJINHOS";"Reação tardia ou ineficiente do condutor";"Saída de leito carroçável";"Com Vítimas Fatais";"Plena Noite";"Crescente";"Céu Claro";"Simples";"Reta";"Não";1;1;0;0;0;0;0;1;-12,15932591;-42,85696292;"SPRF-BA";"DEL10-BA";"UOP02-DEL10-BA"
462906;2022-07-20;"quarta-feira";"22:45:00";"GO";40;4,5;"VALPARAISO DE GOIAS";"Ingestão de álcool pelo condutor";"Colisão traseira";"Com Vítimas Feridas";"Plena Noite";"Crescente";"Céu Claro";"Dupla";"Reta;Aclive";"Sim";3;0;1;0;1;1;1;3;-16,085241;-47,986752;"SPRF-DF";"DEL01-DF";"UOP01-DEL01-DF"
462908;2022-07-21;"quinta-feira";"00:30:00";"SC";101;44,6;"JOINVILLE";"Participar de racha";"Colisão com objeto";"Com Vítimas Feridas";"Plena Noite";"Crescente";"Nublado";"Dupla";"Reta";"Não";6;0;3;1;0;2;4;5;-26,31368967;-48,87366772;"SPRF-SC";"DEL03-SC";"UOP01-DEL03-SC"
462914;2022-07-20;"quarta-feira";"22:50:00";"SC";280;138,5;"RIO NEGRINHO";"Ausência de reação do condutor";"Saída de leito carroçável";"Com Vítimas Feridas";"Plena Noite";"Crescente";"Céu Claro";"Simples";"Declive";"Não";2;0;0;1;0;1;1;2;-26,26237708;-49,59785109;"SPRF-SC";"DEL06-SC";"UOP03-DEL06-SC"
462918;2022-07-21;"quinta-feira";"01:30:00";"PB";230;374;"CONDADO";"Reação tardia ou ineficiente do condutor";"Colisão com objeto";"Com Vítimas Feridas";"Plena Noite";"Crescente";"Nublado";"Simples";"Ponte";"Sim";1;0;1;0;0;0;1;1;-6,9068;-37,5834;"SPRF-PB";"DEL03-PB";"UOP02-DEL03-PB"
462919;2022-07-21;"quinta-feira";"04:20:00";"SP";116;100,1;"PINDAMONHANGABA";"Condutor deixou de manter distância do veículo da frente";"Colisão traseira";"Com Vítimas Feridas";"Amanhecer";"Crescente";"Céu Claro";"Dupla";"Reta";"Sim";4;0;1;0;3;0;1;3;-22,986552;-45,47276;"SPRF-SP";"DEL08-SP";"UOP01-DEL08-SP"
462920;2022-07-21;"quinta-feira";"02:50:00";"RO";364;241,1;"CACOAL";"Velocidade Incompatível";"Colisão com objeto";"Sem Vítimas";"Plena Noite";"Decrescente";"Céu Claro";"Simples";"Declive;Curva";"Sim";1;0;0;0;1;0;0;1;-11,44070217;-61,4786063;"SPRF-RO";"DEL02-RO";"UOP02-DEL02-RO"
462923;2022-07-21;"quinta-feira";"05:49:00";"PE";101;128,2;"ESCADA";"Deficiência do Sistema de Iluminação/Sinalização";"Colisão lateral mesmo sentido";"Sem Vítimas";"Pleno dia";"Decrescente";"Céu Claro";"Dupla";"Reta";"Sim";3;0;0;0;2;1;0;3;-8,37986492;-35,24406405;"SPRF-PE";"DEL01-PE";"UOP03-DEL01-PE"
462928;2022-07-21;"quinta-feira";"04:30:00";"MS";267;172,1;"NOVA ANDRADINA";"Animais na Pista";"Colisão frontal";"Com Vítimas Feridas";"Plena Noite";"Decrescente";"Céu Claro";"Simples";"Reta";"Não";4;0;1;0;2;1;1;3;-21,618782;-53,6846;"SPRF-MS";"DEL02-MS";"UOP03-DEL02-MS"
462931;2022-07-20;"quarta-feira";"16:30:00";"RO";364;563;"ALTO PARAISO";"Acessar a via sem observar a presença dos outros veículos";"Colisão transversal";"Com Vítimas Feridas";"Pleno dia";"Decrescente";"Céu Claro";"Simples";"Interseção de Vias";"Não";3;0;1;0;1;1;1;3;-9,53480399;-63,07678083;"SPRF-RO";"DEL01-RO";"UOP04-DEL01-RO"
462933;2022-07-21;"quinta-feira";"07:00:00";"SP";116;567;"BARRA DO TURVO";"Demais falhas mecânicas ou elétricas";"Incêndio";"Sem Vítimas";"Pleno dia";"Crescente";"Garoa/Chuvisco";"Dupla";"Reta";"Não";2;0;0;0;1;1;0;2;-25,0475499;-48,55355172;"SPRF-SP";"DEL05-SP";"UOP02-DEL05-SP"
462939;2022-07-20;"quarta-feira";"22:50:00";"MS";163;666;"RIO VERDE DE MATO GROSSO";"Reação tardia ou ineficiente do condutor";"Colisão traseira";"Sem Vítimas";"Plena Noite";"Crescente";"Céu Claro";"Simples";"Reta";"Não";2;0;0;0;2;0;0;2;-19,03721216;-54,81492623;"SPRF-MS";"DEL06-MS";"UOP02-DEL06-MS"
462942;2022-07-21;"quinta-feira";"07:14:00";"SC";280;52,5;"GUARAMIRIM";"Ausência de reação do condutor";"Colisão lateral mesmo sentido";"Com Vítimas Feridas";"Pleno dia";"Crescente";"Nublado";"Dupla";"Em Obras";"Sim";2;0;1;0;0;1;1;2;-26,468904;-48,96492;"SPRF-SC";"DEL03-SC";"UOP03-DEL03-SC"
462943;2022-07-21;"quinta-feira";"07:10:00";"RJ";101;303;"SAO GONCALO";"Manobra de mudança de faixa";"Colisão lateral mesmo sentido";"Com Vítimas Feridas";"Pleno dia";"Decrescente";"Nublado";"Dupla";"Reta";"Sim";5;0;3;0;2;0;3;2;-22,7828205;-42,9766681;"SPRF-RJ";"DEL02-RJ";"UOP02-DEL02-RJ"
462946;2022-05-30;"segunda-feira";"10:00:00";"SC";282;628,4;"IRACEMINHA";"Condutor deixou de manter distância do veículo da frente";"Colisão traseira";"Com Vítimas Feridas";"Pleno dia";"Crescente";"Céu Claro";"Simples";"Declive";"Não";5;0;1;2;2;0;3;2;-26,818754;-53,365486;"SPRF-SC";"DEL07-SC";"UOP02-DEL07-SC"
462950;2022-07-21;"quinta-feira";"06:45:00";"RS";386;36;"FREDERICO WESTPHALEN";"Ultrapassagem Indevida";"Colisão transversal";"Sem Vítimas";"Plena Noite";"Decrescente";"Céu Claro";"Simples";"Reta";"Sim";4;0;0;0;2;2;0;4;-27,373381;-53,39772;"SPRF-RS";"DEL08-RS";"UOP02-DEL08-RS"
462951;2022-05-19;"quinta-feira";"12:00:00";"PR";376;552,3;"BALSA NOVA";"Velocidade Incompatível";"Tombamento";"Com Vítimas Feridas";"Pleno dia";"Decrescente";"Céu Claro";"Dupla";"Declive;Curva";"Não";3;0;1;1;0;2;2;3;-25,44350713;-49,74390507;"SPRF-PR";"DEL03-PR";"UOP03-DEL03-PR"
462960;2022-07-08;"sexta-feira";"03:00:00";"BA";242;490;"OLIVEIRA DOS BREJINHOS";"Carga excessiva e/ou mal acondicionada";"Saída de leito carroçável";"Com Vítimas Feridas";"Plena Noite";"Crescente";"Nublado";"Simples";"Reta";"Não";2;0;1;0;0;2;1;3;-12,40237709;-42,38834381;"SPRF-BA";"DEL06-BA";"UOP01-DEL06-BA"
462963;2022-07-21;"quinta-feira";"08:20:00";"RJ";493;108;"SEROPEDICA";"Acessar a via sem observar a presença dos outros veículos";"Colisão traseira";"Com Vítimas Feridas";"Pleno dia";"Crescente";"Céu Claro";"Dupla";"Declive";"Não";3;0;1;0;1;1;1;3;-22,80308576;-43,79219055;"SPRF-RJ";"DEL03-RJ";"UOP01-DEL03-RJ"
462967;2022-07-03;"domingo";"18:00:00";"PA";316;20;"BENEVIDES";"Manobra de mudança de faixa";"Colisão traseira";"Com Vítimas Feridas";"Anoitecer";"Decrescente";"Céu Claro";"Dupla";"Reta";"Não";4;0;1;1;1;1;2;3;-1,3642339;-48,266582;"SPRF-PA";"DEL01-PA";"UOP01-DEL01-PA"
462968;2022-07-21;"quinta-feira";"08:00:00";"MG";365;183;"BURITIZEIRO";"Pista esburacada";"Tombamento";"Com Vítimas Feridas";"Pleno dia";"Decrescente";"Sol";"Simples";"Reta";"Não";2;0;1;0;0;1;1;2;-17,42205;-45,111675;"SPRF-MG";"DEL12-MG";"UOP01-DEL12-MG"
462971;2022-06-22;"quarta-feira";"08:26:00";"PA";230;113;"MARABA";"Ausência de reação do condutor";"Colisão traseira";"Sem Vítimas";"Pleno dia";"Crescente";"Céu Claro";"Simples";"Reta";"Sim";3;0;0;0;3;0;0;2;-5,36689576;-49,05750094;"SPRF-PA";"DEL03-PA";"UOP01-DEL03-PA"
462972;2022-07-21;"quinta-feira";"05:30:00";"BA";101;271;"SANTO ANTONIO DE JESUS";"Desvio temporário";"Colisão lateral sentido oposto";"Com Vítimas Feridas";"Pleno dia";"Decrescente";"Chuva";"Simples";"Reta";"Não";2;0;1;0;1;0;1;2;-13,04052525;-39,28563757;"SPRF-BA";"DEL01-BA";"UOP02-DEL01-BA"
462973;2022-07-21;"quinta-feira";"10:10:00";"BA";324;550,8;"AMELIA RODRIGUES";"Reação tardia ou ineficiente do condutor";"Colisão transversal";"Sem Vítimas";"Pleno dia";"Decrescente";"Nublado";"Dupla";"Reta";"Não";3;0;0;0;2;1;0;3;-12,44409807;-38,71821505;"SPRF-BA";"DEL01-BA";"UOP03-DEL01-BA"
462976;2022-07-21;"quinta-feira";"08:20:00";"SP";116;275;"TABOAO DA SERRA";"Estacionar ou parar em local proibido";"Colisão lateral mesmo sentido";"Com Vítimas Feridas";"Pleno dia";"Decrescente";"Céu Claro";"Dupla";"Reta";"Sim";2;0;0;1;0;1;1;2;-23,63638826;-46,83251584;"SPRF-SP";"DEL04-SP";"UOP01-DEL04-SP"
462980;2022-07-21;"quinta-feira";"10:50:00";"SC";101;195,8;"BIGUACU";"Acessar a via sem observar a presença dos outros veículos";"Colisão traseira";"Com Vítimas Feridas";"Pleno dia";"Crescente";"Céu Claro";"Dupla";"Reta";"Sim";2;0;1;0;1;0;1;2;-27,5047092;-48,65010819;"SPRF-SC";"DEL01-SC";"UOP01-DEL01-SC"
462982;2022-07-21;"quinta-feira";"06:20:00";"SC";282;28,5;"SANTO AMARO DA IMPERATRIZ";"Velocidade Incompatível";"Saída de leito carroçável";"Com Vítimas Feridas";"Amanhecer";"Decrescente";"Céu Claro";"Simples";"Rotatória";"Sim";2;0;1;0;0;2;1;3;-27,67478;-48,778904;"SPRF-SC";"DEL01-SC";"UOP03-DEL01-SC"
462986;2022-07-21;"quinta-feira";"11:15:00";"MG";381;873;"ESTIVA";"Reação tardia ou ineficiente do condutor";"Tombamento";"Com Vítimas Feridas";"Pleno dia";"Crescente";"Céu Claro";"Dupla";"Curva";"Não";3;0;1;0;1;1;1;3;-22,450796;-46,000139;"SPRF-MG";"DEL16-MG";"UOP01-DEL16-MG"
462987;2022-07-21;"quinta-feira";"11:20:00";"MG";381;873,1;"ESTIVA";"Velocidade Incompatível";"Engavetamento";"Com Vítimas Feridas";"Pleno dia";"Crescente";"Céu Claro";"Dupla";"Curva;Declive";"Não";12;0;3;0;9;0;3;11;-22,41236751;-45,96194842;"SPRF-MG";"DEL16-MG";"UOP01-DEL16-MG"
462988;2022-05-11;"quarta-feira";"13:35:00";"PA";155;343;"MARABA";"Entrada inopinada do pedestre";"Atropelamento de Pedestre";"Com Vítimas Fatais";"Pleno dia";"Crescente";"Céu Claro";"Simples";"Rotatória";"Sim";3;1;0;0;1;3;0;5;-5,361796;-49,078604;"SPRF-PA";"DEL03-PA";"UOP01-DEL03-PA"
462990;2022-05-10;"terça-feira";"19:30:00";"PA";153;51;"SAO DOMINGOS DO ARAGUAIA";"Transitar na contramão";"Colisão frontal";"Com Vítimas Fatais";"Plena Noite";"Decrescente";"Céu Claro";"Simples";"Reta";"Não";3;1;0;0;1;1;0;3;-5,569681;-48,729412;"SPRF-PA";"DEL03-PA";"UOP01-DEL03-PA"
462993;2022-07-21;"quinta-feira";"06:00:00";"BA";101;862;"TEIXEIRA DE FREITAS";"Demais falhas mecânicas ou elétricas";"Saída de leito carroçável";"Com Vítimas Fatais";"Amanhecer";"Decrescente";"Céu Claro";"Simples";"Curva";"Não";1;1;0;0;0;0;0;1;-17,61407769;-39,76029838;"SPRF-BA";"DEL09-BA";"UOP02-DEL09-BA"
462997;2022-07-17;"domingo";"10:48:00";"SP";381;42;"ATIBAIA";"Reação tardia ou ineficiente do condutor";"Colisão traseira";"Com Vítimas Feridas";"Pleno dia";"Decrescente";"Céu Claro";"Simples";"Declive;Reta";"Sim";4;0;3;0;0;1;3;3;-23,147306;-46,57493202;"SPRF-SP";"DEL03-SP";"UOP01-DEL03-SP"
463006;2022-07-21;"quinta-feira";"08:55:00";"SC";116;140,1;"SANTA CECILIA";"Acumulo de areia ou detritos sobre o pavimento";"Colisão com objeto";"Com Vítimas Feridas";"Pleno dia";"Decrescente";"Céu Claro";"Simples";"Aclive;Reta";"Sim";1;0;0;1;0;0;1;1;-26,96625517;-50,40928315;"SPRF-SC";"DEL06-SC";"UOP02-DEL06-SC"
463009;2022-07-21;"quinta-feira";"13:20:00";"MG";40;105,9;"LAGOA GRANDE";"Transitar na contramão";"Colisão frontal";"Com Vítimas Feridas";"Pleno dia";"Crescente";"Céu Claro";"Simples";"Reta";"Não";3;0;0;2;0;4;2;6;-17,59772779;-46,48049362;"SPRF-MG";"DEL14-MG";"UOP01-DEL14-MG"
463015;2022-07-21;"quinta-feira";"01:00:00";"MA";222;533;"BURITICUPU";"Manobra de mudança de faixa";"Colisão frontal";"Com Vítimas Fatais";"Plena Noite";"Decrescente";"Céu Claro";"Simples";"Declive";"Não";3;1;0;0;1;1;0;3;-4,30316333;-46,50306684;"SPRF-MA";"DEL04-MA";"UOP03-DEL04-MA"
463025;2022-07-21;"quinta-feira";"14:20:00";"SP";116;121;"CACAPAVA";"Condutor deixou de manter distância do veículo da frente";"Colisão traseira";"Com Vítimas Feridas";"Pleno dia";"Crescente";"Sol";"Dupla";"Reta";"Não";3;0;1;0;1;1;1;3;-23,07631169;-45,65337222;"SPRF-SP";"DEL02-SP";"UOP02-DEL02-SP"
463029;2022-07-16;"sábado";"11:50:00";"PA";163;921;"BELTERRA";"Velocidade Incompatível";"Derramamento de carga";"Sem Vítimas";"Pleno dia";"Crescente";"Céu Claro";"Simples";"Aclive";"Não";2;0;0;0;1;3;0;4;-3,05413998;-54,92624973;"SPRF-PA";"DEL05-PA";"UOP01-DEL05-PA"
463032;2022-07-21;"quinta-feira";"09:00:00";"BA";242;386;"PALMEIRAS";"Reação tardia ou ineficiente do condutor";"Colisão com objeto";"Com Vítimas Feridas";"Pleno dia";"Decrescente";"Sol";"Simples";"Reta";"Não";2;0;1;0;0;2;1;3;-12,44592193;-41,58046246;"SPRF-BA";"DEL06-BA";"UOP01-DEL06-BA"
463041;2022-07-21;"quinta-feira";"17:00:00";"SC";101;204;"SAO JOSE";"Trafegar com motocicleta (ou similar) entre as faixas";"Colisão traseira";"Com Vítimas Feridas";"Anoitecer";"Crescente";"Céu Claro";"Múltipla";"Reta";"Não";4;0;1;0;2;1;1;3;-27,57413014;-48,61363083;"SPRF-SC";"DEL01-SC";"UOP01-DEL01-SC"
463046;2022-07-21;"quinta-feira";"11:30:00";"MA";135;80;"SANTA RITA";"Transitar na contramão";"Colisão frontal";"Com Vítimas Fatais";"Pleno dia";"Crescente";"Céu Claro";"Simples";"Reta";"Não";4;1;0;2;0;1;2;3;-3,219749;-44,362148;"SPRF-MA";"DEL01-MA";"UOP02-DEL01-MA"
463051;2022-07-21;"quinta-feira";"15:55:00";"SP";116;347,9;"MIRACATU";"Velocidade Incompatível";"Colisão traseira";"Com Vítimas Feridas";"Pleno dia";"Crescente";"Céu Claro";"Dupla";"Curva";"Não";2;0;0;1;1;0;1;2;-24,05143375;-47,20399492;"SPRF-SP";"DEL04-SP";"UOP02-DEL04-SP"
463053;2022-07-21;"quinta-feira";"18:30:00";"MG";40;652;"CRISTIANO OTONI";"Entrada inopinada do pedestre";"Atropelamento de Pedestre";"Com Vítimas Fatais";"Plena Noite";"Decrescente";"Céu Claro";"Dupla";"Curva";"Sim";3;1;0;0;1;1;0;3;-20,84062503;-43,79907712;"SPRF-MG";"DEL05-MG";"UOP02-DEL05-MG"
463054;2022-07-21;"quinta-feira";"17:20:00";"MG";40;522;"RIBEIRAO DAS NEVES";"Carga excessiva e/ou mal acondicionada";"Tombamento";"Com Vítimas Feridas";"Anoitecer";"Decrescente";"Céu Claro";"Dupla";"Reta";"Sim";2;0;1;0;1;0;1;2;-19,8638731;-44,06749809;"SPRF-MG";"DEL01-MG";"UOP02-DEL01-MG"
463066;2022-07-21;"quinta-feira";"17:00:00";"MT";163;1063;"GUARANTA DO NORTE";"Desrespeitar a preferência no cruzamento";"Colisão transversal";"Com Vítimas Feridas";"Pleno dia";"Decrescente";"Céu Claro";"Simples";"Aclive";"Sim";2;0;1;0;0;1;1;2;-9,96524237;-54,9050653;"SPRF-MT";"DEL06-MT";"NPF/DEL06-MT"
463068;2022-07-21;"quinta-feira";"16:00:00";"MG";50;19,5;"ARAGUARI";"Condutor deixou de manter distância do veículo da frente";"Colisão traseira";"Com Vítimas Feridas";"Pleno dia";"Crescente";"Céu Claro";"Dupla";"Reta";"Não";4;0;2;0;2;0;2;2;-18,58361298;-48,05831909;"SPRF-MG";"DEL15-MG";"UOP02-DEL15-MG"
463070;2022-07-21;"quinta-feira";"19:20:00";"RS";285;121,4;"VACARIA";"Transitar na contramão";"Colisão frontal";"Com Vítimas Feridas";"Plena Noite";"Crescente";"Nublado";"Simples";"Reta";"Sim";3;0;1;0;1;1;1;3;-28,510252;-50,935688;"SPRF-RS";"DEL05-RS";"UOP03-DEL05-RS"
463076;2022-07-21;"quinta-feira";"18:45:00";"BA";116;860;"VITORIA DA CONQUISTA";"Animais na Pista";"Atropelamento de Animal";"Com Vítimas Feridas";"Plena Noite";"Crescente";"Nublado";"Simples";"Declive";"Não";3;0;1;0;1;1;1;3;-15,128145;-41,037414;"SPRF-BA";"DEL08-BA";"UOP01-DEL08-BA"
463081;2022-07-21;"quinta-feira";"19:30:00";"RS";470;165;"VERANOPOLIS";"Carga excessiva e/ou mal acondicionada";"Derramamento de carga";"Sem Vítimas";"Plena Noite";"Crescente";"Céu Claro";"Simples";"Reta";"Não";3;0;0;0;2;1;0;3;-28,84169703;-51,57429796;"SPRF-RS";"DEL06-RS";"UOP02-DEL06-RS"
463083;2022-07-21;"quinta-feira";"20:30:00";"PR";369;143,5;"LONDRINA";"Ausência de reação do condutor";"Saída de leito carroçável";"Com Vítimas Fatais";"Plena Noite";"Crescente";"Céu Claro";"Dupla";"Declive";"Sim";2;1;0;0;0;2;0;3;-23,292811;-51,098673;"SPRF-PR";"DEL07-PR";"UOP01-DEL07-PR"
463086;2022-07-21;"quinta-feira";"21:00:00";"BA";101;507;"ITABUNA";"Ingestão de álcool pelo condutor";"Colisão frontal";"Sem Vítimas";"Plena Noite";"Crescente";"Céu Claro";"Simples";"Reta";"Sim";3;0;0;0;2;1;0;3;-14,96379924;-39,31343385;"SPRF-BA";"DEL05-BA";"UOP01-DEL05-BA"
463087;2022-07-21;"quinta-feira";"16:00:00";"MT";163;552;"DIAMANTINO";"Pista em desnível";"Saída de leito carroçável";"Com Vítimas Feridas";"Pleno dia";"Decrescente";"Céu Claro";"Simples";"Curva";"Não";1;0;0;1;0;0;1;1;-14,29259489;-56,1477147;"SPRF-MT";"DEL01-MT";"UOP01-DEL01-MT"
463094;2022-07-21;"quinta-feira";"19:15:00";"PA";10;108;"PARAGOMINAS";"Objeto estático sobre o leito carroçável";"Saída de leito carroçável";"Com Vítimas Feridas";"Plena Noite";"Decrescente";"Céu Claro";"Simples";"Aclive";"Não";2;0;1;0;0;1;1;2;-3,49642002;-47,47749293;"SPRF-PA";"DEL02-PA";"UOP02-DEL02-PA"
463096;2022-07-21;"quinta-feira";"22:52:00";"SC";282;334,5;"CAMPOS NOVOS";"Manobra de mudança de faixa";"Colisão frontal";"Com Vítimas Feridas";"Plena Noite";"Crescente";"Céu Claro";"Simples";"Reta";"Não";5;0;2;0;2;2;2;4;-27,390564;-51,125843;"SPRF-SC";"DEL07-SC";"UOP06-DEL07-SC"
463097;2022-07-21;"quinta-feira";"23:20:00";"SP";116;487;"CAJATI";"Condutor Dormindo";"Tombamento";"Sem Vítimas";"Pleno dia";"Decrescente";"Céu Claro";"Dupla";"Reta";"Não";2;0;0;0;2;0;0;1;-24,72633575;-48,08998415;"SPRF-SP";"DEL05-SP";"UOP01-DEL05-SP"
463106;2022-07-22;"sexta-feira";"01:35:00";"SP";116;490;"CAJATI";"Obstrução na via";"Colisão traseira";"Sem Vítimas";"Plena Noite";"Decrescente";"Céu Claro";"Dupla";"Reta";"Sim";3;0;0;0;3;0;0;2;-24,73464809;-48,11602794;"SPRF-SP";"DEL05-SP";"UOP01-DEL05-SP"
463110;2022-07-22;"sexta-feira";"02:40:00";"PR";476;358;"UNIAO DA VITORIA";"Demais falhas mecânicas ou elétricas";"Incêndio";"Sem Vítimas";"Plena Noite";"Crescente";"Céu Claro";"Simples";"Reta";"Sim";2;0;0;0;1;1;0;2;-26,198097;-51,052139;"SPRF-PR";"DEL02-PR";"UOP03-DEL02-PR"
463112;2022-07-22;"sexta-feira";"03:30:00";"BA";116;858;"VITORIA DA CONQUISTA";"Condutor Dormindo";"Saída de leito carroçável";"Com Vítimas Feridas";"Plena Noite";"Decrescente";"Nublado";"Simples";"Reta";"Não";2;0;1;0;0;2;1;3;-15,046301;-40,973644;"SPRF-BA";"DEL08-BA";"UOP01-DEL08-BA"
463114;2022-07-22;"sexta-feira";"04:00:00";"MG";381;824,9;"CAREACU";"Velocidade Incompatível";"Colisão traseira";"Com Vítimas Fatais";"Plena Noite";"Crescente";"Céu Claro";"Dupla";"Reta";"Não";3;1;0;0;1;1;0;3;-22,10197441;-45,72318008;"SPRF-MG";"DEL16-MG";"UOP01-DEL16-MG"
463118;2022-07-21;"quinta-feira";"12:15:00";"MT";174;284;"PONTES E LACERDA";"Manobra de mudança de faixa";"Tombamento";"Sem Vítimas";"Pleno dia";"Crescente";"Sol";"Simples";"Declive;Reta";"Não";2;0;0;0;1;3;0;4;-15,27590546;-59,29132462;"SPRF-MT";"DEL04-MT";"UOP01-DEL04-MT"
463119;2022-07-22;"sexta-feira";"02:34:00";"MS";163;710;"RIO VERDE DE MATO GROSSO";"Condutor Dormindo";"Tombamento";"Com Vítimas Feridas";"Amanhecer";"Crescente";"Céu Claro";"Simples";"Reta";"Não";3;0;0;1;1;2;1;3;-18,67107604;-54,80687893;"SPRF-MS";"DEL06-MS";"UOP01-DEL06-MS"
463124;2022-07-22;"sexta-feira";"04:30:00";"PR";376;268,3;"MARILANDIA DO SUL";"Condutor Dormindo";"Colisão traseira";"Com Vítimas Feridas";"Plena Noite";"Crescente";"Céu Claro";"Dupla";"Reta";"Não";3;0;1;0;1;1;1;3;-23,72679;-51,293061;"SPRF-PR";"DEL07-PR";"UOP02-DEL07-PR"
463130;2022-07-22;"sexta-feira";"06:00:00";"SC";282;572;"NOVA ERECHIM";"Ingestão de álcool pelo condutor";"Colisão lateral sentido oposto";"Sem Vítimas";"Amanhecer";"Crescente";"Céu Claro";"Simples";"Reta";"Não";2;0;0;0;2;0;0;2;-26,879332;-52,949421;"SPRF-SC";"DEL07-SC";"UOP02-DEL07-SC"
463131;2022-07-22;"sexta-feira";"06:40:00";"SP";116;278;"EMBU DAS ARTES";"Reação tardia ou ineficiente do condutor";"Eventos atípicos";"Com Vítimas Feridas";"Pleno dia";"Crescente";"Céu Claro";"Múltipla";"Reta";"Sim";1;0;1;0;0;0;1;1;-23,66233697;-46,85292907;"SPRF-SP";"DEL04-SP";"UOP01-DEL04-SP"
463133;2022-07-22;"sexta-feira";"06:30:00";"ES";101;231,1;"FUNDAO";"Acessar a via sem observar a presença dos outros veículos";"Atropelamento de Pedestre";"Com Vítimas Fatais";"Amanhecer";"Decrescente";"Céu Claro";"Simples";"Reta";"Não";3;1;0;1;1;0;1;2;-19,94425773;-40,40662323;"SPRF-ES";"DEL02-ES";"UOP01-DEL02-ES"
463135;2022-07-22;"sexta-feira";"04:43:00";"SC";280;78;"CORUPA";"Conversão proibida";"Colisão frontal";"Com Vítimas Feridas";"Plena Noite";"Crescente";"Nevoeiro/Neblina";"Simples";"Reta";"Não";3;0;1;1;0;1;2;3;-26,44340953;-49,21046734;"SPRF-SC";"DEL06-SC";"UOP03-DEL06-SC"
463137;2022-07-22;"sexta-feira";"07:00:00";"PE";424;85,8;"GARANHUNS";"Acessar a via sem observar a presença dos outros veículos";"Colisão transversal";"Sem Vítimas";"Pleno dia";"Decrescente";"Nevoeiro/Neblina";"Simples";"Declive";"Não";2;0;0;0;2;0;0;2;-8,85702308;-36,51218326;"SPRF-PE";"DEL03-PE";"UOP01-DEL03-PE"
463159;2022-07-22;"sexta-feira";"09:00:00";"ES";101;298;"CARIACICA";"Velocidade Incompatível";"Colisão traseira";"Com Vítimas Feridas";"Pleno dia";"Decrescente";"Céu Claro";"Dupla";"Reta";"Sim";3;0;2;0;0;1;2;2;-20,35374444;-40,4156433;"SPRF-ES";"DEL01-ES";"UOP01-DEL01-ES"