"id";"data_inversa";"dia_semana";"horario";"uf";"br";"km";"municipio";"causa_acidente";"tipo_acidente";"classificacao_acidente";"fase_dia";"sentido_via";"condicao_metereologica";"tipo_pista";"tracado_via";"uso_solo";"pessoas";"mortos";"feridos_leves";"feridos_graves";"ilesos";"ignorados";"feridos";"veiculos";"latitude";"longitude";"regional";"delegacia";"uop"
463164;2022-07-22;"sexta-feira";"07:28:00";"MS";359;91;"ALCINOPOLIS";"Reação tardia ou ineficiente do condutor";"Colisão frontal";"Com Vítimas Fatais";"Amanhecer";"Crescente";"Céu Claro";"Simples";"Reta";"Não";4;1;2;0;0;2;2;4;-18,40944385;-53,62197578;"SPRF-MS";"DEL06-MS";"UOP01-DEL06-MS"
463167;2022-07-22;"sexta-feira";"08:32:00";"TO";153;244;"COLINAS DO TOCANTINS";"Reação tardia ou ineficiente do condutor";"Saída de leito carroçável";"Com Vítimas Feridas";"Pleno dia";"Crescente";"Céu Claro";"Dupla";"Reta";"Sim";2;0;1;0;0;1;1;2;-8,02983501;-48,46574949;"SPRF-TO";"DEL02-TO";"UOP01-DEL02-TO"
463170;2022-07-22;"sexta-feira";"09:45:00";"MG";40;615,4;"CONGONHAS";"Demais falhas mecânicas ou elétricas";"Colisão traseira";"Com Vítimas Feridas";"Pleno dia";"Decrescente";"Sol";"Simples";"Ponte;Curva;Declive";"Não";2;0;1;0;1;0;1;2;-20,545324;-43,820661;"SPRF-MG";"DEL05-MG";"UOP02-DEL05-MG"
463171;2022-07-22;"sexta-feira";"08:27:00";"MG";381;541,5;"ITATIAIUCU";"Velocidade Incompatível";"Saída de leito carroçável";"Com Vítimas Feridas";"Pleno dia";"Decrescente";"Céu Claro";"Dupla";"Em Obras;Declive;Curva";"Não";2;0;1;1;0;0;2;2;-20,236304;-44,407303;"SPRF-MG";"DEL04-MG";"UOP03-DEL04-MG"
463174;2022-07-22;"sexta-feira";"10:30:00";"GO";60;381;"RIO VERDE";"Reação tardia ou ineficiente do condutor";"Saída de leito carroçável";"Com Vítimas Feridas";"Pleno dia";"Crescente";"Céu Claro";"Dupla";"Reta";"Não";3;0;1;0;1;1;1;3;-17,7727;-50,8862;"SPRF-GO";"DEL04-GO";"UOP01-DEL04-GO"
463176;2022-07-22;"sexta-feira";"06:00:00";"RO";364;238,1;"CACOAL";"Acessar a via sem observar a presença dos outros veículos";"Colisão transversal";"Com Vítimas Feridas";"Amanhecer";"Decrescente";"Céu Claro";"Simples";"Declive";"Sim";3;0;1;0;1;2;1;4;-11,4388578;-61,45471289;"SPRF-RO";"DEL02-RO";"UOP02-DEL02-RO"
463179;2022-07-22;"sexta-feira";"11:00:00";"ES";101;37,8;"CONCEICAO DA BARRA";"Desrespeitar a preferência no cruzamento";"Colisão transversal";"Com Vítimas Feridas";"Pleno dia";"Crescente";"Céu Claro";"Simples";"Interseção de Vias";"Sim";6;0;2;0;3;1;2;3;-18,47332967;-39,92661186;"SPRF-ES";"DEL04-ES";"UOP02-DEL04-ES"
463185;2022-06-20;"segunda-feira";"08:15:00";"MG";153;134;"PRATA";"Demais falhas mecânicas ou elétricas";"Eventos atípicos";"Com Vítimas Feridas";"Pleno dia";"Decrescente";"Céu Claro";"Simples";"Reta";"Não";3;0;0;1;2;0;1;2;-19,51436207;-48,84030206;"SPRF-MG";"DEL15-MG";"UOP03-DEL15-MG"
463188;2022-07-22;"sexta-feira";"11:15:00";"GO";60;64;"ABADIANIA";"Ingestão de álcool pelo condutor";"Colisão lateral mesmo sentido";"Sem Vítimas";"Pleno dia";"Crescente";"Céu Claro";"Dupla";"Reta";"Não";4;0;0;0;3;3;0;6;-16,2058;-48,7409;"SPRF-GO";"DEL02-GO";"UOP01-DEL02-GO"
463191;2022-07-22;"sexta-feira";"09:20:00";"MT";174;85;"CACERES";"Reação tardia ou ineficiente do condutor";"Colisão traseira";"Com Vítimas Feridas";"Pleno dia";"Crescente";"Céu Claro";"Simples";"Reta";"Não";3;0;0;1;1;2;1;4;-15,944708;-57,783665;"SPRF-MT";"DEL03-MT";"UOP01-DEL03-MT"
463199;2022-07-22;"sexta-feira";"12:45:00";"SP";116;70,4;"APARECIDA";"Acessar a via sem observar a presença dos outros veículos";"Colisão lateral mesmo sentido";"Com Vítimas Fatais";"Pleno dia";"Crescente";"Céu Claro";"Dupla";"Reta";"Sim";3;1;0;0;0;2;0;3;-22,84852898;-45,22705084;"SPRF-SP";"DEL08-SP";"UOP01-DEL08-SP"
463200;2022-07-22;"sexta-feira";"12:40:00";"RN";304;31;"MOSSORO";"Conversão proibida";"Colisão transversal";"Com Vítimas Feridas";"Pleno dia";"Crescente";"Céu Claro";"Simples";"Reta";"Não";5;0;1;0;3;3;1;5;-5,12587296;-37,34293919;"SPRF-RN";"DEL04-RN";"UOP02-DEL04-RN"
463204;2022-07-22;"sexta-feira";"12:50:00";"MT";163;606;"NOVA MUTUM";"Ultrapassagem Indevida";"Colisão lateral mesmo sentido";"Com Vítimas Feridas";"Pleno dia";"Crescente";"Céu Claro";"Simples";"Reta";"Não";3;0;0;1;1;3;1;5;-13,85460924;-56,08513817;"SPRF-MT";"DEL01-MT";"UOP01-DEL01-MT"
463208;2022-07-22;"sexta-feira";"13:20:00";"BA";330;804;"JEQUIE";"Objeto estático sobre o leito carroçável";"Colisão com objeto";"Sem Vítimas";"Pleno dia";"Crescente";"Céu Claro";"Simples";"Reta";"Não";2;0;0;0;2;0;0;2;-13,9747696;-39,95416081;"SPRF-BA";"DEL03-BA";"UOP01-DEL03-BA"
463209;2022-07-22;"sexta-feira";"14:00:00";"RS";290;118;"ELDORADO DO SUL";"Transitar na contramão";"Colisão transversal";"Com Vítimas Fatais";"Pleno dia";"Crescente";"Céu Claro";"Simples";"Reta";"Não";10;1;1;5;2;1;6;6;-30,04847;-51,387947;"SPRF-RS";"DEL02-RS";"UOP01-DEL02-RS"
463210;2022-07-22;"sexta-feira";"13:50:00";"PR";373;194,4;"PONTA GROSSA";"Mal súbito do condutor";"Saída de leito carroçável";"Com Vítimas Fatais";"Pleno dia";"Decrescente";"Céu Claro";"Simples";"Curva";"Não";3;1;0;0;0;2;0;3;-25,07808481;-50,36582311;"SPRF-PR";"DEL03-PR";"UOP01-DEL03-PR"
463217;2022-07-22;"sexta-feira";"14:10:00";"ES";101;254;"SERRA";"Ausência de reação do condutor";"Colisão lateral sentido oposto";"Com Vítimas Feridas";"Pleno dia";"Crescente";"Céu Claro";"Simples";"Reta";"Sim";4;0;1;1;1;1;2;3;-20,1100364;-40,32740141;"SPRF-ES";"DEL02-ES";"UOP01-DEL02-ES"
463218;2022-07-22;"sexta-feira";"14:00:00";"PR";163;150,7;"SANTA LUCIA";"Manobra de mudança de faixa";"Colisão lateral mesmo sentido";"Com Vítimas Feridas";"Pleno dia";"Crescente";"Sol";"Dupla";"Curva;Declive";"Não";2;0;1;0;0;1;1;2;-25,41826795;-53,57319123;"SPRF-PR";"DEL05-PR";"UOP05-DEL05-PR"
463227;2022-07-22;"sexta-feira";"10:40:00";"MG";116;528,5;"CARATINGA";"Velocidade Incompatível";"Colisão traseira";"Com Vítimas Feridas";"Pleno dia";"Decrescente";"Céu Claro";"Simples";"Reta;Aclive";"Sim";2;0;0;1;1;0;1;2;-19,794033;-42,13731414;"SPRF-MG";"DEL06-MG";"UOP02-DEL06-MG"
463231;2022-07-22;"sexta-feira";"15:00:00";"PR";163;285;"MARECHAL CANDIDO RONDON";"Condutor deixou de manter distância do veículo da frente";"Colisão traseira";"Com Vítimas Feridas";"Pleno dia";"Decrescente";"Céu Claro";"Dupla";"Reta";"Sim";7;0;2;0;4;2;2;4;-24,54681089;-54,04483795;"SPRF-PR";"DEL06-PR";"UOP02-DEL06-PR"
463232;2022-06-12;"domingo";"13:50:00";"BA";116;426,6;"FEIRA DE SANTANA";"Ultrapassagem Indevida";"Colisão lateral sentido oposto";"Com Vítimas Feridas";"Pleno dia";"Crescente";"Sol";"Simples";"Reta";"Sim";3;0;0;1;1;1;1;3;-12,25956537;-38,98947239;"SPRF-BA";"DEL02-BA";"UOP01-DEL02-BA"
463234;2022-07-22;"sexta-feira";"14:00:00";"PR";376;183;"SARANDI";"Manobra de mudança de faixa";"Colisão lateral mesmo sentido";"Com Vítimas Feridas";"Pleno dia";"Decrescente";"Céu Claro";"Dupla";"Reta";"Sim";2;0;1;0;0;1;1;2;-23,44232977;-51,86934461;"SPRF-PR";"DEL09-PR";"UOP01-DEL09-PR"
463240;2022-07-22;"sexta-feira";"15:00:00";"MG";40;525,2;"CONTAGEM";"Acessar a via sem observar a presença dos outros veículos";"Colisão lateral mesmo sentido";"Com Vítimas Feridas";"Pleno dia";"Decrescente";"Céu Claro";"Dupla";"Reta";"Sim";2;0;1;0;1;0;1;2;-19,88361702;-44,05039336;"SPRF-MG";"DEL01-MG";"UOP02-DEL01-MG"
463243;2022-07-22;"sexta-feira";"15:50:00";"RS";158;327;"SANTA MARIA";"Acessar a via sem observar a presença dos outros veículos";"Colisão transversal";"Com Vítimas Feridas";"Pleno dia";"Crescente";"Nublado";"Dupla";"Reta;Interseção de Vias";"Sim";5;0;2;0;3;0;2;2;-29,71041017;-53,82103443;"SPRF-RS";"DEL09-RS";"UOP01-DEL09-RS"
463245;2022-07-22;"sexta-feira";"13:15:00";"PR";277;200;"PALMEIRA";"Velocidade Incompatível";"Colisão com objeto";"Sem Vítimas";"Pleno dia";"Decrescente";"Céu Claro";"Dupla";"Curva";"Não";1;0;0;0;1;0;0;1;-25,45398513;-50,20300993;"SPRF-PR";"DEL08-PR";"UOP02-DEL08-PR"
463248;2022-07-22;"sexta-feira";"16:38:00";"ES";101;210;"IBIRACU";"Velocidade Incompatível";"Tombamento";"Com Vítimas Feridas";"Pleno dia";"Crescente";"Céu Claro";"Simples";"Reta";"Não";5;0;3;1;1;0;4;2;-19,798437;-40,36982;"SPRF-ES";"DEL02-ES";"UOP01-DEL02-ES"
463249;2022-07-22;"sexta-feira";"06:30:00";"MT";70;130,9;"GENERAL CARNEIRO";"Condutor Dormindo";"Saída de leito carroçável";"Com Vítimas Feridas";"Amanhecer";"Crescente";"Céu Claro";"Simples";"Reta";"Não";2;0;1;0;0;1;1;2;-15,59402;-53,201131;"SPRF-MT";"DEL07-MT";"UOP01-DEL07-MT"
463255;2022-07-22;"sexta-feira";"16:00:00";"BA";20;120;"SAO DESIDERIO";"Manobra de mudança de faixa";"Colisão frontal";"Com Vítimas Feridas";"Plena Noite";"Decrescente";"Céu Claro";"Simples";"Reta";"Não";3;0;2;0;0;2;2;4;-12,914;-45,979;"SPRF-BA";"DEL10-BA";"UOP01-DEL10-BA"
463256;2022-07-22;"sexta-feira";"16:40:00";"MG";40;523;"CONTAGEM";"Ausência de reação do condutor";"Queda de ocupante de veículo";"Com Vítimas Feridas";"Pleno dia";"Decrescente";"Céu Claro";"Dupla";"Reta";"Não";2;0;0;1;1;0;1;2;-19,86874894;-44,05962197;"SPRF-MG";"DEL01-MG";"UOP02-DEL01-MG"
463265;2022-07-22;"sexta-feira";"17:35:00";"DF";20;17;"BRASILIA";"Ingestão de substâncias psicoativas pelo condutor";"Colisão lateral mesmo sentido";"Com Vítimas Feridas";"Pleno dia";"Crescente";"Céu Claro";"Dupla";"Reta";"Não";2;0;0;1;1;0;1;2;-15,621374;-47,71698;"SPRF-DF";"DEL02-DF";"UOP01-DEL02-DF"
463269;2022-07-22;"sexta-feira";"17:28:00";"MA";135;12,8;"SAO LUIS";"Acessar a via sem observar a presença dos outros veículos";"Colisão transversal";"Sem Vítimas";"Pleno dia";"Crescente";"Céu Claro";"Dupla";"Retorno Regulamentado";"Não";3;0;0;0;2;1;0;3;-2,67223553;-44,29173767;"SPRF-MA";"DEL01-MA";"UOP01-DEL01-MA"
463270;2022-07-22;"sexta-feira";"17:30:00";"SP";116;180,8;"GUARAREMA";"Reação tardia ou ineficiente do condutor";"Colisão traseira";"Com Vítimas Feridas";"Anoitecer";"Crescente";"Céu Claro";"Múltipla";"Reta";"Não";4;0;1;0;3;0;1;2;-23,336372;-46,14513;"SPRF-SP";"DEL01-SP";"UOP01-DEL01-SP"
463271;2022-07-22;"sexta-feira";"17:00:00";"PR";376;665;"TIJUCAS DO SUL";"Ausência de reação do condutor";"Colisão lateral mesmo sentido";"Sem Vítimas";"Pleno dia";"Crescente";"Céu Claro";"Dupla";"Curva";"Não";2;0;0;0;2;0;0;2;-25,85455838;-48,95670808;"SPRF-PR";"DEL01-PR";"UOP04-DEL01-PR"
463285;2022-05-30;"segunda-feira";"18:15:00";"SP";153;312,1;"RIBEIRAO DO SUL";"Chuva";"Tombamento";"Com Vítimas Feridas";"Plena Noite";"Decrescente";"Chuva";"Simples";"Reta";"Não";2;0;1;0;0;2;1;3;-22,68670602;-49,88953938;"SPRF-SP";"DEL07-SP";"UOP03-DEL07-SP"
463286;2022-07-22;"sexta-feira";"15:35:00";"RO";364;507,5;"ARIQUEMES";"Manobra de mudança de faixa";"Colisão lateral mesmo sentido";"Com Vítimas Feridas";"Pleno dia";"Crescente";"Sol";"Simples";"Reta";"Não";8;0;2;0;5;3;2;5;-9,98347879;-63,02364384;"SPRF-RO";"DEL03-RO";"UOP01-DEL03-RO"
463292;2022-07-22;"sexta-feira";"16:50:00";"MT";364;384,4;"SANTO ANTONIO DO LEVERGER";"Reação tardia ou ineficiente do condutor";"Colisão traseira";"Com Vítimas Feridas";"Pleno dia";"Crescente";"Céu Claro";"Dupla";"Reta";"Não";4;0;1;0;2;4;1;6;-15,701493;-55,850189;"SPRF-MT";"DEL01-MT";"UOP02-DEL01-MT"
463299;2022-07-22;"sexta-feira";"16:50:00";"RS";285;393,6;"SANTA BARBARA DO SUL";"Ingestão de álcool pelo condutor";"Colisão transversal";"Sem Vítimas";"Pleno dia";"Crescente";"Céu Claro";"Simples";"Declive;Reta";"Sim";3;0;0;0;2;1;0;3;-28,388163;-53,28344;"SPRF-RS";"DEL10-RS";"UOP02-DEL10-RS"
463300;2022-07-22;"sexta-feira";"17:30:00";"SP";116;101,5;"PINDAMONHANGABA";"Trafegar com motocicleta (ou similar) entre as faixas";"Colisão lateral mesmo sentido";"Com Vítimas Feridas";"Anoitecer";"Crescente";"Céu Claro";"Dupla";"Reta";"Não";3;0;1;0;0;2;1;3;-22,99074204;-45,48115098;"SPRF-SP";"DEL08-SP";"UOP01-DEL08-SP"
463306;2022-07-22;"sexta-feira";"19:25:00";"PE";101;69,6;"RECIFE";"Ausência de reação do condutor";"Colisão lateral mesmo sentido";"Sem Vítimas";"Plena Noite";"Decrescente";"Nublado";"Simples";"Curva";"Sim";3;0;0;0;2;1;0;3;-8,05951606;-34,94581024;"SPRF-PE";"DEL01-PE";"UOP01-DEL01-PE"
463308;2022-07-22;"sexta-feira";"19:00:00";"PR";376;660;"TIJUCAS DO SUL";"Condutor deixou de manter distância do veículo da frente";"Colisão lateral mesmo sentido";"Com Vítimas Feridas";"Plena Noite";"Decrescente";"Céu Claro";"Dupla";"Curva";"Não";3;0;1;0;1;1;1;2;-25,8516758;-49,00332398;"SPRF-PR";"DEL01-PR";"UOP04-DEL01-PR"
463312;2022-07-22;"sexta-feira";"20:00:00";"MG";365;584;"INDIANOPOLIS";"Ultrapassagem Indevida";"Colisão frontal";"Com Vítimas Fatais";"Plena Noite";"Crescente";"Céu Claro";"Simples";"Reta";"Não";9;1;1;1;5;1;2;4;-18,8675148;-47,99334198;"SPRF-MG";"DEL15-MG";"UOP02-DEL15-MG"
463313;2022-07-22;"sexta-feira";"18:33:00";"SC";116;140,6;"SANTA CECILIA";"Reação tardia ou ineficiente do condutor";"Colisão transversal";"Com Vítimas Feridas";"Plena Noite";"Decrescente";"Céu Claro";"Simples";"Interseção de Vias";"Sim";2;0;0;1;1;0;1;2;-26,96625517;-50,40928315;"SPRF-SC";"DEL06-SC";"UOP02-DEL06-SC"
463314;2022-07-22;"sexta-feira";"15:10:00";"BA";116;674;"JEQUIE";"Acessar a via sem observar a presença dos outros veículos";"Colisão transversal";"Com Vítimas Feridas";"Pleno dia";"Decrescente";"Céu Claro";"Simples";"Interseção de Vias";"Sim";6;0;1;0;4;1;1;3;-13,87104577;-40,11278679;"SPRF-BA";"DEL03-BA";"UOP01-DEL03-BA"
463317;2022-07-22;"sexta-feira";"18:15:00";"PR";376;497;"PONTA GROSSA";"Manobra de mudança de faixa";"Colisão lateral mesmo sentido";"Com Vítimas Feridas";"Anoitecer";"Decrescente";"Céu Claro";"Dupla";"Reta";"Sim";3;0;1;0;1;2;1;4;-25,14305728;-50,15859604;"SPRF-PR";"DEL03-PR";"UOP01-DEL03-PR"
463319;2022-07-22;"sexta-feira";"20:00:00";"PR";369;454,4;"UBIRATA";"Acessar a via sem observar a presença dos outros veículos";"Colisão transversal";"Com Vítimas Feridas";"Plena Noite";"Decrescente";"Céu Claro";"Simples";"Curva";"Não";4;0;2;1;1;0;3;2;-24,5518;-53,0276;"SPRF-PR";"DEL04-PR";"UOP03-DEL04-PR"
463324;2022-07-22;"sexta-feira";"16:15:00";"BA";116;647;"JAGUAQUARA";"Transitar na contramão";"Colisão frontal";"Com Vítimas Feridas";"Pleno dia";"Crescente";"Céu Claro";"Simples";"Reta";"Não";3;0;0;1;1;1;1;3;-13,54854638;-40,07194519;"SPRF-BA";"DEL03-BA";"UOP01-DEL03-BA"
463326;2022-07-22;"sexta-feira";"19:35:00";"PB";101;82;"BAYEUX";"Pedestre andava na pista";"Atropelamento de Pedestre";"Com Vítimas Feridas";"Plena Noite";"Crescente";"Nublado";"Dupla";"Reta";"Sim";3;0;0;2;0;1;2;2;-7,12911;-34,93714;"SPRF-PB";"DEL01-PB";"UOP01-DEL01-PB"
463331;2022-07-22;"sexta-feira";"17:40:00";"MS";463;103,6;"PONTA PORA";"Conversão proibida";"Colisão lateral mesmo sentido";"Com Vítimas Feridas";"Plena Noite";"Decrescente";"Céu Claro";"Simples";"Reta";"Não";3;0;0;1;1;2;1;4;-22,61219637;-55,64158218;"SPRF-MS";"DEL04-MS";"UOP03-DEL04-MS"
463338;2022-07-22;"sexta-feira";"20:15:00";"PR";376;625;"SAO JOSE DOS PINHAIS";"Reação tardia ou ineficiente do condutor";"Colisão transversal";"Sem Vítimas";"Plena Noite";"Decrescente";"Nublado";"Dupla";"Reta";"Não";4;0;0;0;3;2;0;5;-25,65218089;-49,15731458;"SPRF-PR";"DEL01-PR";"UOP04-DEL01-PR"
463341;2022-07-22;"sexta-feira";"17:30:00";"BA";324;530;"FEIRA DE SANTANA";"Acessar a via sem observar a presença dos outros veículos";"Colisão transversal";"Com Vítimas Feridas";"Anoitecer";"Decrescente";"Céu Claro";"Simples";"Reta";"Sim";5;0;3;0;2;0;3;2;-12,34037029;-38,84494375;"SPRF-BA";"DEL01-BA";"UOP03-DEL01-BA"
463343;2022-07-22;"sexta-feira";"17:00:00";"SC";280;181;"MAFRA";"Acostamento em desnível";"Tombamento";"Sem Vítimas";"Pleno dia";"Crescente";"Céu Claro";"Simples";"Curva";"Não";2;0;0;0;1;2;0;3;-26,17201114;-49,89655396;"SPRF-SC";"DEL06-SC";"UOP01-DEL06-SC"
463349;2022-07-22;"sexta-feira";"15:00:00";"MT";364;21;"ALTO ARAGUAIA";"Reação tardia ou ineficiente do condutor";"Saída de leito carroçável";"Com Vítimas Feridas";"Pleno dia";"Decrescente";"Céu Claro";"Simples";"Curva";"Não";2;0;2;0;0;0;2;1;-17,20988509;-53,35638727;"SPRF-MT";"DEL02-MT";"UOP02-DEL02-MT"
463354;2022-07-22;"sexta-feira";"21:00:00";"PE";423;68,7;"JUPI";"Neblina";"Saída de leito carroçável";"Com Vítimas Feridas";"Plena Noite";"Crescente";"Garoa/Chuvisco";"Simples";"Reta";"Não";2;0;1;0;0;1;1;2;-8,67263685;-36,39346504;"SPRF-PE";"DEL03-PE";"UOP01-DEL03-PE"
463364;2022-07-22;"sexta-feira";"23:10:00";"PR";476;99;"BOCAIUVA DO SUL";"Transitar na contramão";"Colisão lateral sentido oposto";"Com Vítimas Feridas";"Plena Noite";"Crescente";"Céu Claro";"Simples";"Curva";"Não";3;0;1;0;1;1;1;3;-25,24137708;-49,12991524;"SPRF-PR";"DEL01-PR";"UOP01-DEL01-PR"
463365;2022-07-22;"sexta-feira";"19:20:00";"CE";403;4,7;"ACARAU";"Acesso irregular";"Colisão lateral sentido oposto";"Com Vítimas Fatais";"Plena Noite";"Crescente";"Céu Claro";"Simples";"Reta";"Não";2;1;0;0;0;1;0;2;-2,92024604;-40,11996768;"SPRF-CE";"DEL01-CE";"UOP03-DEL01-CE"
463372;2022-07-23;"sábado";"02:00:00";"SP";116;298,1;"SAO LOURENCO DA SERRA";"Condutor deixou de manter distância do veículo da frente";"Colisão traseira";"Com Vítimas Feridas";"Plena Noite";"Decrescente";"Nublado";"Dupla";"Curva";"Não";3;0;1;0;1;1;1;3;-23,790858;-46,91450298;"SPRF-SP";"DEL04-SP";"UOP01-DEL04-SP"
463376;2022-07-23;"sábado";"01:30:00";"ES";101;22,6;"PINHEIROS";"Condutor deixou de manter distância do veículo da frente";"Colisão traseira";"Sem Vítimas";"Plena Noite";"Crescente";"Nublado";"Simples";"Reta";"Não";7;0;0;0;6;1;0;2;-18,34285601;-39,95904671;"SPRF-ES";"DEL04-ES";"UOP02-DEL04-ES"
463377;2022-07-23;"sábado";"02:30:00";"SC";470;56,2;"BLUMENAU";"Ingestão de álcool pelo condutor";"Colisão lateral sentido oposto";"Com Vítimas Feridas";"Plena Noite";"Decrescente";"Céu Claro";"Simples";"Reta";"Sim";5;0;2;0;2;1;2;4;-26,87674;-49,127743;"SPRF-SC";"DEL04-SC";"UOP01-DEL04-SC"
463383;2022-07-23;"sábado";"03:40:00";"PR";277;636;"CEU AZUL";"Entrada inopinada do pedestre";"Atropelamento de Pedestre";"Com Vítimas Feridas";"Plena Noite";"Decrescente";"Céu Claro";"Simples";"Reta";"Sim";2;0;0;1;1;0;1;2;-25,14493869;-53,83748189;"SPRF-PR";"DEL05-PR";"UOP02-DEL05-PR"
463384;2022-07-23;"sábado";"03:40:00";"RJ";40;117;"DUQUE DE CAXIAS";"Velocidade Incompatível";"Colisão traseira";"Com Vítimas Feridas";"Plena Noite";"Crescente";"Céu Claro";"Múltipla";"Reta";"Não";2;0;0;1;1;0;1;2;-22,745676;-43,2881;"SPRF-RJ";"DEL01-RJ";"UOP01-DEL01-RJ"
463392;2022-07-23;"sábado";"06:40:00";"BA";242;797;"BARREIRAS";"Condutor Dormindo";"Colisão traseira";"Com Vítimas Feridas";"Amanhecer";"Decrescente";"Céu Claro";"Simples";"Reta";"Sim";24;0;1;0;22;2;1;4;-12,12782364;-45,02201557;"SPRF-BA";"DEL10-BA";"UOP01-DEL10-BA"
463395;2022-07-23;"sábado";"06:50:00";"MG";116;778;"LEOPOLDINA";"Ausência de reação do condutor";"Saída de leito carroçável";"Com Vítimas Feridas";"Pleno dia";"Crescente";"Céu Claro";"Simples";"Reta";"Não";2;0;1;0;0;1;1;2;-21,60159985;-42,69912624;"SPRF-MG";"DEL07-MG";"UOP01-DEL07-MG"
463396;2022-07-23;"sábado";"06:30:00";"ES";101;257,8;"SERRA";"Ausência de reação do condutor";"Colisão traseira";"Com Vítimas Feridas";"Pleno dia";"Decrescente";"Céu Claro";"Múltipla";"Reta";"Sim";5;0;2;0;2;2;2;4;-20,12455095;-40,30331881;"SPRF-ES";"DEL02-ES";"UOP01-DEL02-ES"
463399;2022-07-23;"sábado";"07:45:00";"SP";116;147,2;"SAO JOSE DOS CAMPOS";"Ausência de reação do condutor";"Colisão traseira";"Com Vítimas Feridas";"Pleno dia";"Decrescente";"Sol";"Múltipla";"Reta";"Sim";5;0;3;0;1;1;3;3;-23,19542994;-45,87176303;"SPRF-SP";"DEL02-SP";"UOP01-DEL02-SP"
463403;2022-07-23;"sábado";"06:00:00";"MS";163;74,3;"ITAQUIRAI";"Ausência de reação do condutor";"Colisão traseira";"Com Vítimas Feridas";"Pleno dia";"Decrescente";"Céu Claro";"Simples";"Reta";"Não";2;0;1;0;1;0;1;2;-23,505079;-54,188144;"SPRF-MS";"DEL09-MS";"UOP02-DEL09-MS"
463410;2022-07-23;"sábado";"07:00:00";"MT";364;383;"SANTO ANTONIO DO LEVERGER";"Acessar a via sem observar a presença dos outros veículos";"Colisão transversal";"Com Vítimas Feridas";"Pleno dia";"Crescente";"Céu Claro";"Múltipla";"Reta";"Não";7;0;1;0;5;3;1;5;-15,70277198;-55,791351;"SPRF-MT";"DEL01-MT";"UOP02-DEL01-MT"
463413;2022-07-23;"sábado";"08:45:00";"SC";101;111,3;"NAVEGANTES";"Manobra de mudança de faixa";"Colisão lateral mesmo sentido";"Sem Vítimas";"Pleno dia";"Decrescente";"Nublado";"Dupla";"Interseção de Vias;Reta";"Não";4;0;0;0;3;1;0;3;-26,83955734;-48,71418074;"SPRF-SC";"DEL04-SC";"UOP04-DEL04-SC"
463414;2022-07-23;"sábado";"08:30:00";"MG";153;66;"MONTE ALEGRE DE MINAS";"Condutor deixou de manter distância do veículo da frente";"Colisão frontal";"Sem Vítimas";"Pleno dia";"Decrescente";"Céu Claro";"Simples";"Reta";"Não";4;0;0;0;3;4;0;7;-18,947089;-49,025568;"SPRF-MG";"DEL15-MG";"UOP03-DEL15-MG"
463416;2022-07-16;"sábado";"13:25:00";"ES";101;395;"RIO NOVO DO SUL";"Reação tardia ou ineficiente do condutor";"Colisão com objeto";"Com Vítimas Feridas";"Pleno dia";"Decrescente";"Sol";"Simples";"Curva";"Não";2;0;1;0;1;0;1;2;-20,86594262;-40,93257592;"SPRF-ES";"DEL03-ES";"UOP02-DEL03-ES"
463426;2022-07-23;"sábado";"08:10:00";"AP";210;8;"MACAPA";"Carga excessiva e/ou mal acondicionada";"Colisão com objeto";"Sem Vítimas";"Pleno dia";"Decrescente";"Céu Claro";"Simples";"Reta";"Sim";3;0;0;0;1;2;0;3;0,1045;-51,126076;"SPRF-AP";"DEL01-AP";"UOP01-DEL01-AP"
463435;2022-07-23;"sábado";"11:00:00";"SE";101;96;"SAO CRISTOVAO";"Velocidade Incompatível";"Colisão traseira";"Com Vítimas Feridas";"Pleno dia";"Crescente";"Céu Claro";"Dupla";"Reta";"Não";3;0;0;1;2;0;1;3;-10,91774224;-37,16729183;"SPRF-SE";"DEL02-SE";"UOP01-DEL02-SE"
463436;2022-07-23;"sábado";"11:00:00";"MG";381;611,5;"OLIVEIRA";"Reação tardia ou ineficiente do condutor";"Saída de leito carroçável";"Com Vítimas Feridas";"Pleno dia";"Decrescente";"Céu Claro";"Dupla";"Curva";"Não";5;0;1;0;3;1;1;3;-20,690379;-44,743626;"SPRF-MG";"DEL04-MG";"UOP01-DEL04-MG"
463438;2022-07-23;"sábado";"10:45:00";"BA";324;594,9;"CANDEIAS";"Manobra de mudança de faixa";"Colisão lateral mesmo sentido";"Com Vítimas Feridas";"Pleno dia";"Decrescente";"Chuva";"Dupla";"Reta";"Sim";5;0;1;0;2;2;1;3;-12,70742041;-38,46251062;"SPRF-BA";"DEL01-BA";"UOP01-DEL01-BA"
463439;2022-07-23;"sábado";"10:40:00";"MG";50;98,7;"UBERLANDIA";"Manobra de mudança de faixa";"Colisão lateral mesmo sentido";"Com Vítimas Feridas";"Pleno dia";"Decrescente";"Céu Claro";"Dupla";"Reta";"Não";4;0;3;0;1;0;3;2;-19,127978;-48,172888;"SPRF-MG";"DEL15-MG";"UOP01-DEL15-MG"
463448;2022-07-23;"sábado";"10:50:00";"GO";153;347,1;"JARAGUA";"Demais falhas mecânicas ou elétricas";"Saída de leito carroçável";"Sem Vítimas";"Pleno dia";"Crescente";"Sol";"Simples";"Reta;Declive";"Não";1;0;0;0;1;0;0;1;-15,645235;-49,368702;"SPRF-GO";"DEL02-GO";"UOP02-DEL02-GO"