"id";"data_inversa";"dia_semana";"horario";"uf";"br";"km";"municipio";"causa_acidente";"tipo_acidente";"classificacao_acidente";"fase_dia";"sentido_via";"condicao_metereologica";"tipo_pista";"tracado_via";"uso_solo";"pessoas";"mortos";"feridos_leves";"feridos_graves";"ilesos";"ignorados";"feridos";"veiculos";"latitude";"longitude";"regional";"delegacia";"uop"
463450;2022-07-23;"sábado";"12:20:00";"GO";20;1;"FORMOSA";"Reação tardia ou ineficiente do condutor";"Queda de ocupante de veículo";"Com Vítimas Feridas";"Pleno dia";"Crescente";"Céu Claro";"Simples";"Reta;Em Obras";"Não";3;0;0;1;1;2;1;4;-15,579424;-47,334297;"SPRF-DF";"DEL02-DF";"UOP01-DEL02-DF"
463453;2022-07-23;"sábado";"10:40:00";"MA";10;263,1;"IMPERATRIZ";"Frear bruscamente";"Colisão traseira";"Com Vítimas Feridas";"Pleno dia";"Crescente";"Céu Claro";"Simples";"Declive";"Não";5;0;1;0;1;3;1;4;-5,434964;-47,472716;"SPRF-MA";"DEL04-MA";"UOP01-DEL04-MA"
463455;2022-07-23;"sábado";"12:30:00";"RN";405;3;"MOSSORO";"Reação tardia ou ineficiente do condutor";"Tombamento";"Com Vítimas Feridas";"Pleno dia";"Crescente";"Céu Claro";"Múltipla";"Curva";"Não";2;0;1;0;0;1;1;2;-5,19386547;-37,38052995;"SPRF-RN";"DEL04-RN";"UOP02-DEL04-RN"
463456;2022-07-23;"sábado";"12:45:00";"RJ";116;166;"RIO DE JANEIRO";"Manobra de mudança de faixa";"Colisão lateral mesmo sentido";"Com Vítimas Feridas";"Pleno dia";"Decrescente";"Céu Claro";"Dupla";"Reta";"Sim";3;0;1;0;1;1;1;3;-22,81560263;-43,30051808;"SPRF-RJ";"DEL01-RJ";"UOP02-DEL01-RJ"
463458;2022-07-23;"sábado";"10:20:00";"CE";222;198;"FORQUILHA";"Velocidade Incompatível";"Tombamento";"Com Vítimas Feridas";"Pleno dia";"Decrescente";"Céu Claro";"Simples";"Curva";"Não";2;0;1;0;0;2;1;3;-3,80428492;-40,18325184;"SPRF-CE";"DEL04-CE";"UOP01-DEL04-CE"
463459;2022-07-23;"sábado";"12:40:00";"PR";369;156;"LONDRINA";"Condutor deixou de manter distância do veículo da frente";"Colisão traseira";"Sem Vítimas";"Pleno dia";"Decrescente";"Céu Claro";"Dupla";"Reta";"Sim";2;0;0;0;2;0;0;2;-23,291516;-51,218039;"SPRF-PR";"DEL07-PR";"UOP01-DEL07-PR"
463467;2022-07-23;"sábado";"12:15:00";"MG";262;461,1;"ARAUJOS";"Condutor deixou de manter distância do veículo da frente";"Colisão traseira";"Com Vítimas Feridas";"Pleno dia";"Crescente";"Céu Claro";"Simples";"Aclive";"Não";2;0;1;0;1;0;1;2;-19,82283349;-45,08196173;"SPRF-MG";"DEL08-MG";"UOP03-DEL08-MG"
463468;2022-07-23;"sábado";"11:00:00";"SC";101;245;"PAULO LOPES";"Ausência de reação do condutor";"Colisão lateral mesmo sentido";"Com Vítimas Feridas";"Pleno dia";"Crescente";"Sol";"Dupla";"Reta";"Não";4;0;1;0;1;3;1;5;-27,901682;-48,64892;"SPRF-SC";"DEL02-SC";"UOP03-DEL02-SC"
463488;2022-07-23;"sábado";"16:20:00";"RS";101;86,1;"OSORIO";"Condutor deixou de manter distância do veículo da frente";"Colisão lateral mesmo sentido";"Com Vítimas Feridas";"Pleno dia";"Decrescente";"Nublado";"Dupla";"Reta";"Sim";3;0;1;0;1;1;1;3;-29,8754149;-50,25734711;"SPRF-RS";"DEL03-RS";"UOP01-DEL03-RS"
463505;2022-07-23;"sábado";"17:10:00";"SC";101;102,6;"BALNEARIO PICARRAS";"Manobra de mudança de faixa";"Colisão lateral mesmo sentido";"Com Vítimas Feridas";"Anoitecer";"Decrescente";"Nublado";"Dupla";"Declive;Reta";"Sim";3;0;1;1;0;1;2;2;-26,7786187;-48,68497472;"SPRF-SC";"DEL03-SC";"UOP02-DEL03-SC"
463514;2022-07-23;"sábado";"18:10:00";"BA";110;133;"CICERO DANTAS";"Transitar na contramão";"Colisão lateral sentido oposto";"Com Vítimas Fatais";"Plena Noite";"Crescente";"Céu Claro";"Simples";"Curva";"Não";2;1;0;0;1;0;0;2;-10,56531407;-38,37390963;"SPRF-BA";"DEL07-BA";"UOP02-DEL07-BA"
463517;2022-07-23;"sábado";"18:30:00";"RJ";116;208;"SEROPEDICA";"Acumulo de óleo sobre o pavimento";"Queda de ocupante de veículo";"Com Vítimas Feridas";"Plena Noite";"Decrescente";"Céu Claro";"Dupla";"Curva";"Não";2;0;1;0;1;0;1;2;-22,72297475;-43,67131596;"SPRF-RJ";"DEL01-RJ";"UOP03-DEL01-RJ"
463526;2022-07-23;"sábado";"14:00:00";"MT";70;654;"CACERES";"Transitar na contramão";"Colisão frontal";"Com Vítimas Fatais";"Pleno dia";"Crescente";"Céu Claro";"Simples";"Reta";"Não";5;2;0;0;2;5;0;9;-15,95587107;-57,15503594;"SPRF-MT";"DEL03-MT";"UOP02-DEL03-MT"
463548;2022-07-23;"sábado";"18:20:00";"MS";436;11;"APARECIDA DO TABOADO";"Reação tardia ou ineficiente do condutor";"Tombamento";"Sem Vítimas";"Plena Noite";"Decrescente";"Céu Claro";"Dupla";"Curva";"Não";2;0;0;0;1;1;0;2;-20,105602;-51,085728;"SPRF-MS";"DEL08-MS";"UOP01-DEL08-MS"
463551;2022-07-23;"sábado";"21:20:00";"SC";470;146,8;"RIO DO SUL";"Ingestão de álcool pelo condutor";"Colisão frontal";"Com Vítimas Feridas";"Plena Noite";"Decrescente";"Nublado";"Simples";"Reta";"Não";4;0;1;1;1;1;2;4;-27,241883;-49,687497;"SPRF-SC";"DEL04-SC";"UOP02-DEL04-SC"
463555;2022-07-23;"sábado";"21:05:00";"PR";163;290;"MARECHAL CANDIDO RONDON";"Demais falhas mecânicas ou elétricas";"Colisão frontal";"Com Vítimas Feridas";"Plena Noite";"Crescente";"Céu Claro";"Múltipla";"Reta";"Não";3;0;1;0;1;4;1;6;-24,516673;-54,085208;"SPRF-PR";"DEL06-PR";"UOP02-DEL06-PR"
463568;2022-07-23;"sábado";"20:30:00";"MG";381;436;"SABARA";"Demais falhas mecânicas ou elétricas";"Incêndio";"Sem Vítimas";"Plena Noite";"Decrescente";"Céu Claro";"Simples";"Curva";"Não";2;0;0;0;1;1;0;2;-19,804386;-43,76186596;"SPRF-MG";"DEL01-MG";"UOP01-DEL01-MG"
463574;2022-07-23;"sábado";"21:50:00";"MG";381;940,8;"EXTREMA";"Velocidade Incompatível";"Tombamento";"Com Vítimas Feridas";"Plena Noite";"Decrescente";"Céu Claro";"Dupla";"Curva";"Sim";4;0;2;0;1;1;2;2;-22,85421396;-46,33740277;"SPRF-MG";"DEL16-MG";"UOP03-DEL16-MG"
463578;2022-07-24;"domingo";"00:40:00";"MG";40;499,5;"ESMERALDAS";"Condutor Dormindo";"Saída de leito carroçável";"Com Vítimas Feridas";"Plena Noite";"Crescente";"Céu Claro";"Dupla";"Aclive;Reta";"Sim";2;0;1;0;0;1;1;2;-19,69292612;-44,17828038;"SPRF-MG";"DEL02-MG";"UOP01-DEL02-MG"
463589;2022-07-24;"domingo";"02:00:00";"CE";222;123;"ITAPAJE";"Ultrapassagem Indevida";"Colisão lateral mesmo sentido";"Com Vítimas Feridas";"Plena Noite";"Decrescente";"Céu Claro";"Simples";"Reta";"Não";2;0;1;0;0;1;1;2;-3,69455322;-39,58167619;"SPRF-CE";"DEL04-CE";"UOP03-DEL04-CE"
463593;2022-07-24;"domingo";"02:00:00";"PE";423;42,5;"CACHOEIRINHA";"Ingestão de álcool pelo condutor";"Colisão frontal";"Com Vítimas Feridas";"Plena Noite";"Decrescente";"Garoa/Chuvisco";"Simples";"Reta";"Não";5;0;1;1;3;0;2;2;-8,50897803;-36,25103394;"SPRF-PE";"DEL03-PE";"UOP01-DEL03-PE"
463597;2022-07-24;"domingo";"02:50:00";"MG";40;462,3;"SETE LAGOAS";"Carga excessiva e/ou mal acondicionada";"Tombamento";"Sem Vítimas";"Plena Noite";"Crescente";"Céu Claro";"Dupla";"Aclive;Curva";"Não";1;0;0;0;1;0;0;1;-19,4136917;-44,33879427;"SPRF-MG";"DEL02-MG";"UOP01-DEL02-MG"
463602;2022-07-24;"domingo";"00:50:00";"PI";135;366;"BOM JESUS";"Reação tardia ou ineficiente do condutor";"Tombamento";"Sem Vítimas";"Plena Noite";"Crescente";"Céu Claro";"Simples";"Declive";"Não";2;0;0;0;1;3;0;4;-9,17268798;-44,42158311;"SPRF-PI";"DEL03-PI";"UOP02-DEL03-PI"
463607;2022-07-24;"domingo";"04:15:00";"PE";101;115,7;"IPOJUCA";"Afundamento ou ondulação no pavimento";"Tombamento";"Sem Vítimas";"Amanhecer";"Crescente";"Céu Claro";"Dupla";"Curva";"Não";1;0;0;0;1;0;0;1;-8,33783596;-35,14164006;"SPRF-PE";"DEL01-PE";"UOP03-DEL01-PE"
463612;2022-07-24;"domingo";"05:53:00";"GO";153;635,7;"MORRINHOS";"Condutor Dormindo";"Tombamento";"Sem Vítimas";"Pleno dia";"Crescente";"Céu Claro";"Dupla";"Reta";"Não";2;0;0;0;1;2;0;3;-17,8366;-49,2167;"SPRF-GO";"DEL03-GO";"UOP01-DEL03-GO"
463616;2022-07-24;"domingo";"06:50:00";"MG";262;456,2;"NOVA SERRANA";"Condutor Dormindo";"Colisão lateral sentido oposto";"Com Vítimas Fatais";"Pleno dia";"Decrescente";"Céu Claro";"Simples";"Reta";"Não";3;1;1;0;1;0;1;3;-19,82204386;-45,08342743;"SPRF-MG";"DEL08-MG";"UOP03-DEL08-MG"
463619;2022-07-23;"sábado";"17:50:00";"PA";10;63,8;"ULIANOPOLIS";"Demais falhas na via";"Tombamento";"Com Vítimas Feridas";"Pleno dia";"Crescente";"Sol";"Simples";"Curva;Declive;Ponte";"Não";9;0;6;2;0;2;8;4;-3,88651957;-47,52410889;"SPRF-PA";"DEL02-PA";"UOP02-DEL02-PA"
463621;2022-07-24;"domingo";"06:30:00";"PR";373;173,7;"PONTA GROSSA";"Manobra de mudança de faixa";"Colisão lateral mesmo sentido";"Com Vítimas Feridas";"Pleno dia";"Crescente";"Céu Claro";"Dupla";"Curva";"Sim";3;0;1;0;1;1;1;3;-25,0805653;-50,20175905;"SPRF-PR";"DEL03-PR";"UOP01-DEL03-PR"
463627;2022-07-24;"domingo";"07:00:00";"PR";277;659,9;"MATELANDIA";"Ingestão de álcool pelo condutor";"Colisão traseira";"Sem Vítimas";"Amanhecer";"Decrescente";"Céu Claro";"Dupla";"Curva";"Não";3;0;0;0;1;2;0;3;-25,24664169;-53,98334832;"SPRF-PR";"DEL05-PR";"UOP02-DEL05-PR"
463633;2022-07-24;"domingo";"05:30:00";"PA";316;22;"BENEVIDES";"Frear bruscamente";"Saída de leito carroçável";"Com Vítimas Fatais";"Pleno dia";"Decrescente";"Céu Claro";"Dupla";"Reta";"Não";2;1;0;0;1;0;0;1;-1,3534463;-48,2570266;"SPRF-PA";"DEL01-PA";"UOP01-DEL01-PA"
463637;2022-07-24;"domingo";"08:16:00";"SE";101;76,3;"MARUIM";"Condutor deixou de manter distância do veículo da frente";"Colisão traseira";"Com Vítimas Feridas";"Pleno dia";"Crescente";"Céu Claro";"Simples";"Reta";"Não";4;0;1;0;2;1;1;3;-10,77357687;-37,12583705;"SPRF-SE";"DEL01-SE";"UOP01-DEL01-SE"
463641;2022-07-23;"sábado";"23:00:00";"GO";70;340;"SANTA FE DE GOIAS";"Reação tardia ou ineficiente do condutor";"Saída de leito carroçável";"Com Vítimas Feridas";"Plena Noite";"Crescente";"Ignorado";"Simples";"Interseção de Vias";"Não";3;0;1;0;1;1;1;2;-15,884403;-51,064042;"SPRF-GO";"DEL04-GO";"UOP01-DEL04-GO"
463646;2022-07-24;"domingo";"09:00:00";"MG";50;83;"UBERLANDIA";"Condutor Dormindo";"Colisão lateral mesmo sentido";"Com Vítimas Feridas";"Pleno dia";"Crescente";"Céu Claro";"Dupla";"Reta";"Não";3;0;1;0;1;1;1;3;-18,986906;-48,211853;"SPRF-MG";"DEL15-MG";"UOP01-DEL15-MG"
463653;2022-07-23;"sábado";"23:00:00";"MG";365;254,7;"JOAO PINHEIRO";"Condutor Dormindo";"Saída de leito carroçável";"Com Vítimas Fatais";"Plena Noite";"Crescente";"Céu Claro";"Simples";"Declive;Reta";"Não";1;1;0;0;0;0;0;1;-17,85528013;-45,47095902;"SPRF-MG";"DEL14-MG";"UOP02-DEL14-MG"
463654;2022-07-05;"terça-feira";"06:45:00";"MG";146;477;"BANDEIRA DO SUL";"Ultrapassagem Indevida";"Colisão lateral mesmo sentido";"Com Vítimas Feridas";"Pleno dia";"Crescente";"Céu Claro";"Simples";"Reta";"Não";4;0;1;0;2;1;1;4;-21,74441069;-46,40543987;"SPRF-MG";"DEL09-MG";"UOP01-DEL09-MG"
463662;2022-07-24;"domingo";"06:50:00";"MG";116;650,8;"FERVEDOURO";"Velocidade Incompatível";"Colisão lateral sentido oposto";"Com Vítimas Feridas";"Pleno dia";"Crescente";"Céu Claro";"Simples";"Curva";"Não";3;0;1;0;1;1;1;3;-20,71848513;-42,27851814;"SPRF-MG";"DEL07-MG";"UOP03-DEL07-MG"
463664;2022-07-24;"domingo";"10:00:00";"PI";316;310;"PICOS";"Acessar a via sem observar a presença dos outros veículos";"Colisão lateral mesmo sentido";"Com Vítimas Feridas";"Pleno dia";"Crescente";"Céu Claro";"Simples";"Rotatória";"Sim";4;0;1;0;2;1;1;3;-7,07639186;-41,47475001;"SPRF-PI";"DEL04-PI";"UOP01-DEL04-PI"
463672;2022-07-24;"domingo";"11:35:00";"SC";101;134;"BALNEARIO CAMBORIU";"Condutor deixou de manter distância do veículo da frente";"Colisão traseira";"Com Vítimas Feridas";"Pleno dia";"Decrescente";"Sol";"Múltipla";"Reta";"Sim";2;0;1;0;1;0;1;2;-27,00218;-48,636433;"SPRF-SC";"DEL04-SC";"UOP03-DEL04-SC"
463682;2022-07-24;"domingo";"12:00:00";"PR";163;275;"QUATRO PONTES";"Manobra de mudança de faixa";"Saída de leito carroçável";"Com Vítimas Feridas";"Pleno dia";"Crescente";"Céu Claro";"Dupla";"Reta";"Não";7;0;3;0;4;0;3;2;-24,61125308;-53,95455801;"SPRF-PR";"DEL06-PR";"UOP02-DEL06-PR"
463689;2022-07-24;"domingo";"03:20:00";"PB";230;236,5;"JUAZEIRINHO";"Condutor Dormindo";"Tombamento";"Com Vítimas Feridas";"Plena Noite";"Crescente";"Céu Claro";"Simples";"Reta";"Não";1;0;1;0;0;0;1;1;-7,05011649;-36,53710485;"SPRF-PB";"DEL02-PB";"UOP02-DEL02-PB"
463695;2022-07-24;"domingo";"14:45:00";"PA";316;37;"SANTA IZABEL DO PARA";"Transitar na contramão";"Colisão lateral sentido oposto";"Com Vítimas Feridas";"Pleno dia";"Decrescente";"Céu Claro";"Dupla";"Reta";"Não";3;0;0;1;1;1;1;3;-1,28522594;-48,14868959;"SPRF-PA";"DEL01-PA";"UOP01-DEL01-PA"
463701;2022-07-24;"domingo";"12:00:00";"MT";163;534,9;"DIAMANTINO";"Acessar a via sem observar a presença dos outros veículos";"Colisão lateral mesmo sentido";"Sem Vítimas";"Pleno dia";"Decrescente";"Céu Claro";"Simples";"Reta";"Não";4;0;0;0;3;2;0;4;-14,43223601;-56,11612599;"SPRF-MT";"DEL01-MT";"UOP01-DEL01-MT"
463704;2022-07-24;"domingo";"15:00:00";"PR";163;284;"MARECHAL CANDIDO RONDON";"Desrespeitar a preferência no cruzamento";"Colisão transversal";"Com Vítimas Feridas";"Pleno dia";"Decrescente";"Céu Claro";"Simples";"Rotatória";"Sim";4;0;0;1;2;2;1;4;-24,568102;-54,034168;"SPRF-PR";"DEL06-PR";"UOP02-DEL06-PR"
463707;2022-07-24;"domingo";"15:30:00";"BA";101;111;"ALAGOINHAS";"Acostamento em desnível";"Saída de leito carroçável";"Com Vítimas Feridas";"Pleno dia";"Decrescente";"Céu Claro";"Simples";"Reta";"Não";3;0;1;0;1;1;1;2;-12,1676237;-38,4228599;"SPRF-BA";"DEL01-BA";"UOP04-DEL01-BA"
463721;2022-07-24;"domingo";"15:20:00";"SE";235;111;"CARIRA";"Condutor deixou de manter distância do veículo da frente";"Colisão traseira";"Sem Vítimas";"Pleno dia";"Crescente";"Céu Claro";"Simples";"Reta";"Sim";2;0;0;0;2;0;0;2;-10,337029;-37,718269;"SPRF-SE";"DEL01-SE";"UOP02-DEL01-SE"
463729;2022-07-24;"domingo";"16:30:00";"PE";423;93,6;"GARANHUNS";"Acessar a via sem observar a presença dos outros veículos";"Colisão lateral mesmo sentido";"Sem Vítimas";"Pleno dia";"Decrescente";"Céu Claro";"Simples";"Curva";"Não";3;0;0;0;2;1;0;3;-8,86972012;-36,46323792;"SPRF-PE";"DEL03-PE";"UOP01-DEL03-PE"
463740;2022-07-24;"domingo";"08:10:00";"PR";277;173;"PALMEIRA";"Reação tardia ou ineficiente do condutor";"Colisão frontal";"Com Vítimas Fatais";"Pleno dia";"Crescente";"Céu Claro";"Simples";"Declive;Curva";"Não";7;2;1;2;1;2;3;4;-25,44652554;-49,95547869;"SPRF-PR";"DEL08-PR";"UOP02-DEL08-PR"
463748;2022-07-24;"domingo";"15:00:00";"MG";381;941,1;"EXTREMA";"Velocidade Incompatível";"Tombamento";"Com Vítimas Feridas";"Pleno dia";"Decrescente";"Sol";"Dupla";"Curva";"Não";2;0;1;0;0;1;1;2;-22,82901777;-46,31445635;"SPRF-MG";"DEL16-MG";"UOP03-DEL16-MG"
463753;2022-07-24;"domingo";"17:30:00";"RN";304;38;"MOSSORO";"Reação tardia ou ineficiente do condutor";"Colisão lateral mesmo sentido";"Sem Vítimas";"Anoitecer";"Crescente";"Céu Claro";"Múltipla";"Reta";"Não";2;0;0;0;2;0;0;2;-5,18138457;-37,36832252;"SPRF-RN";"DEL04-RN";"UOP02-DEL04-RN"
463754;2022-07-24;"domingo";"18:00:00";"PE";101;119;"ESCADA";"Condutor deixou de manter distância do veículo da frente";"Colisão traseira";"Sem Vítimas";"Plena Noite";"Decrescente";"Céu Claro";"Dupla";"Reta";"Não";2;0;0;0;2;0;0;2;-8,35291472;-35,16929901;"SPRF-PE";"DEL01-PE";"UOP03-DEL01-PE"
463762;2022-07-24;"domingo";"16:02:00";"MA";316;265;"SANTA INES";"Ingestão de álcool pelo condutor";"Tombamento";"Com Vítimas Feridas";"Pleno dia";"Decrescente";"Céu Claro";"Simples";"Reta";"Não";1;0;1;0;0;0;1;1;-3,677107;-45,354866;"SPRF-MA";"DEL02-MA";"UOP01-DEL02-MA"
463763;2022-07-24;"domingo";"15:15:00";"MA";316;296;"PIO XII";"Transitar na contramão";"Colisão transversal";"Com Vítimas Fatais";"Pleno dia";"Decrescente";"Céu Claro";"Dupla";"Interseção de Vias";"Sim";3;1;0;0;1;2;0;4;-3,871133;-45,173481;"SPRF-MA";"DEL02-MA";"UOP01-DEL02-MA"
463775;2022-07-24;"domingo";"19:05:00";"TO";153;519;"PUGMIL";"Ultrapassagem Indevida";"Queda de ocupante de veículo";"Com Vítimas Fatais";"Plena Noite";"Decrescente";"Céu Claro";"Simples";"Reta";"Não";4;1;0;0;1;3;0;4;-10,37124801;-48,89209789;"SPRF-TO";"DEL01-TO";"UOP01-DEL01-TO"
463796;2022-07-24;"domingo";"19:30:00";"PR";277;303;"PRUDENTOPOLIS";"Demais falhas mecânicas ou elétricas";"Colisão traseira";"Sem Vítimas";"Plena Noite";"Crescente";"Céu Claro";"Simples";"Reta";"Não";3;0;0;0;2;1;0;3;-25,30507971;-51,16127014;"SPRF-PR";"DEL08-PR";"UOP01-DEL08-PR"
463812;2022-07-24;"domingo";"20:40:00";"BA";116;817;"VITORIA DA CONQUISTA";"Ingestão de álcool pelo condutor";"Colisão lateral sentido oposto";"Sem Vítimas";"Plena Noite";"Crescente";"Céu Claro";"Simples";"Reta";"Não";2;0;0;0;2;0;0;2;-14,78186283;-40,73870709;"SPRF-BA";"DEL08-BA";"UOP01-DEL08-BA"
463820;2022-07-24;"domingo";"21:15:00";"MG";40;779,5;"JUIZ DE FORA";"Manobra de mudança de faixa";"Colisão lateral mesmo sentido";"Sem Vítimas";"Plena Noite";"Crescente";"Céu Claro";"Dupla";"Curva";"Sim";3;0;0;0;1;2;0;3;-21,69356023;-43,44861031;"SPRF-MG";"DEL05-MG";"UOP01-DEL05-MG"
463828;2022-07-24;"domingo";"16:40:00";"MT";163;1110;"GUARANTA DO NORTE";"Ingestão de álcool pelo condutor";"Tombamento";"Com Vítimas Feridas";"Pleno dia";"Crescente";"Céu Claro";"Simples";"Curva";"Não";2;0;1;0;0;2;1;3;-9,71780888;-54,87808527;"SPRF-MT";"DEL06-MT";"NPF/DEL06-MT"
463830;2022-07-24;"domingo";"21:50:00";"BA";407;118;"SENHOR DO BONFIM";"Transitar na contramão";"Colisão frontal";"Com Vítimas Feridas";"Plena Noite";"Crescente";"Céu Claro";"Simples";"Reta";"Não";3;0;0;1;1;1;1;3;-10,37802385;-40,17224146;"SPRF-BA";"DEL04-BA";"UOP01-DEL04-BA"
463832;2022-07-24;"domingo";"14:25:00";"MA";230;198,6;"SAO DOMINGOS DO AZEITAO";"Ausência de reação do condutor";"Colisão traseira";"Com Vítimas Feridas";"Pleno dia";"Crescente";"Céu Claro";"Simples";"Reta";"Não";3;0;0;1;1;6;1;8;-6,82715428;-44,51753404;"SPRF-MA";"DEL05-MA";"UOP01-DEL05-MA"
463856;2022-07-24;"domingo";"22:30:00";"SC";101;397,5;"MARACAJA";"Mal súbito do condutor";"Colisão com objeto";"Com Vítimas Fatais";"Plena Noite";"Crescente";"Céu Claro";"Múltipla";"Reta";"Não";2;1;0;0;0;1;0;2;-28,84537851;-49,43266153;"SPRF-SC";"DEL02-SC";"UOP02-DEL02-SC"
463857;2022-07-25;"segunda-feira";"01:00:00";"BA";324;576;"SAO SEBASTIAO DO PASSE";"Condutor deixou de manter distância do veículo da frente";"Colisão traseira";"Com Vítimas Feridas";"Plena Noite";"Crescente";"Garoa/Chuvisco";"Dupla";"Reta";"Não";2;0;1;0;1;0;1;2;-12,57834312;-38,53790009;"SPRF-BA";"DEL01-BA";"UOP01-DEL01-BA"
463861;2022-07-25;"segunda-feira";"01:30:00";"CE";222;12;"CAUCAIA";"Manobra de mudança de faixa";"Colisão frontal";"Com Vítimas Feridas";"Plena Noite";"Decrescente";"Céu Claro";"Simples";"Reta";"Não";3;0;1;0;0;4;1;5;-3,76479979;-38,66897196;"SPRF-CE";"DEL01-CE";"UOP01-DEL01-CE"
463866;2022-07-25;"segunda-feira";"02:50:00";"SE";101;166;"SANTA LUZIA DO ITANHY";"Condutor Dormindo";"Saída de leito carroçável";"Sem Vítimas";"Plena Noite";"Decrescente";"Nublado";"Simples";"Curva";"Não";2;0;0;0;1;1;0;2;-11,318579;-37,533475;"SPRF-SE";"DEL02-SE";"UOP01-DEL02-SE"
463868;2022-07-25;"segunda-feira";"02:00:00";"TO";230;137;"ARAGUATINS";"Transitar na contramão";"Colisão frontal";"Com Vítimas Feridas";"Plena Noite";"Decrescente";"Céu Claro";"Simples";"Reta";"Não";3;0;1;0;1;1;1;3;-5,736606;-48,088705;"SPRF-TO";"DEL02-TO";"UOP03-DEL02-TO"
463876;2022-07-25;"segunda-feira";"06:00:00";"BA";101;406;"IBIRAPITANGA";"Reação tardia ou ineficiente do condutor";"Colisão frontal";"Com Vítimas Feridas";"Pleno dia";"Crescente";"Chuva";"Simples";"Reta";"Não";4;0;1;0;3;0;1;2;-14,1385076;-39,35387593;"SPRF-BA";"DEL05-BA";"UOP03-DEL05-BA"
463894;2022-07-25;"segunda-feira";"07:15:00";"PA";10;345;"SANTA MARIA DO PARA";"Manobra de mudança de faixa";"Colisão frontal";"Com Vítimas Fatais";"Pleno dia";"Decrescente";"Céu Claro";"Simples";"Aclive;Reta";"Não";3;1;0;0;2;0;0;2;-1,42473187;-47,54983963;"SPRF-PA";"DEL01-PA";"UOP02-DEL01-PA"
463898;2022-07-25;"segunda-feira";"07:30:00";"RN";226;8;"MACAIBA";"Velocidade Incompatível";"Saída de leito carroçável";"Com Vítimas Feridas";"Pleno dia";"Crescente";"Céu Claro";"Simples";"Ponte";"Sim";2;0;1;0;1;0;1;1;-5,83583319;-35,28030896;"SPRF-RN";"DEL01-RN";"UOP02-DEL01-RN"
463901;2022-07-25;"segunda-feira";"08:20:00";"GO";153;501,9;"GOIANIA";"Manobra de mudança de faixa";"Colisão lateral mesmo sentido";"Com Vítimas Feridas";"Pleno dia";"Crescente";"Sol";"Dupla";"Curva";"Sim";2;0;1;0;1;0;1;2;-16,7189;-49,2382;"SPRF-GO";"DEL01-GO";"UOP01-DEL01-GO"
463914;2022-07-24;"domingo";"23:30:00";"RS";386;47,2;"SEBERI";"Reação tardia ou ineficiente do condutor";"Saída de leito carroçável";"Sem Vítimas";"Plena Noite";"Crescente";"Céu Claro";"Simples";"Reta";"Não";4;0;0;0;1;3;0;4;-27,466236;-53,404499;"SPRF-RS";"DEL08-RS";"UOP02-DEL08-RS"
463921;2022-07-25;"segunda-feira";"08:00:00";"SC";153;111;"CONCORDIA";"Neblina";"Colisão transversal";"Sem Vítimas";"Pleno dia";"Decrescente";"Nevoeiro/Neblina";"Simples";"Reta";"Não";2;0;0;0;2;0;0;2;-27,319271;-51,983299;"SPRF-SC";"DEL07-SC";"UOP04-DEL07-SC"
463922;2022-07-25;"segunda-feira";"09:25:00";"RS";290;108;"ELDORADO DO SUL";"Ausência de reação do condutor";"Colisão traseira";"Com Vítimas Feridas";"Pleno dia";"Decrescente";"Céu Claro";"Dupla";"Reta";"Sim";3;0;0;1;2;0;1;2;-30,01592483;-51,31618819;"SPRF-RS";"DEL02-RS";"UOP01-DEL02-RS"
463923;2022-07-21;"quinta-feira";"20:40:00";"ES";101;148,9;"LINHARES";"Condutor desrespeitou a iluminação vermelha do semáforo";"Colisão lateral sentido oposto";"Com Vítimas Feridas";"Plena Noite";"Crescente";"Céu Claro";"Dupla";"Interseção de Vias";"Sim";3;0;2;0;1;0;2;2;-19,38787399;-40,06752766;"SPRF-ES";"DEL04-ES";"UOP01-DEL04-ES"
463929;2022-07-25;"segunda-feira";"10:00:00";"SP";153;89,9;"BADY BASSITT";"Condutor deixou de manter distância do veículo da frente";"Colisão traseira";"Com Vítimas Feridas";"Pleno dia";"Decrescente";"Céu Claro";"Simples";"Aclive;Reta";"Não";4;0;2;0;1;1;2;3;-20,90672129;-49,4709489;"SPRF-SP";"DEL09-SP";"UOP01-DEL09-SP"
463931;2022-07-24;"domingo";"17:40:00";"MG";116;661;"SAO FRANCISCO DO GLORIA";"Acessar a via sem observar a presença dos outros veículos";"Colisão transversal";"Sem Vítimas";"Anoitecer";"Decrescente";"Céu Claro";"Simples";"Reta";"Não";3;0;0;0;1;2;0;3;-20,78170275;-42,29818605;"SPRF-MG";"DEL07-MG";"UOP03-DEL07-MG"
463934;2022-07-25;"segunda-feira";"07:30:00";"PR";369;190,2;"ARAPONGAS";"Reação tardia ou ineficiente do condutor";"Saída de leito carroçável";"Sem Vítimas";"Pleno dia";"Crescente";"Céu Claro";"Dupla";"Reta";"Sim";3;0;0;0;0;3;0;2;-23,454431;-51,42358;"SPRF-PR";"DEL07-PR";"UOP03-DEL07-PR"
463943;2022-07-25;"segunda-feira";"08:45:00";"PE";101;2,3;"JABOATAO DOS GUARARAPES";"Transitar na contramão";"Colisão frontal";"Sem Vítimas";"Pleno dia";"Crescente";"Céu Claro";"Simples";"Reta";"Sim";3;0;0;0;1;2;0;3;-8,196266;-34,957588;"SPRF-PE";"DEL01-PE";"UOP02-DEL01-PE"
463946;2022-07-25;"segunda-feira";"11:30:00";"SP";116;124;"CACAPAVA";"Demais falhas mecânicas ou elétricas";"Engavetamento";"Com Vítimas Feridas";"Pleno dia";"Decrescente";"Céu Claro";"Dupla";"Reta";"Não";7;0;2;1;3;1;3;5;-23,093116;-45,677904;"SPRF-SP";"DEL02-SP";"UOP02-DEL02-SP"