"id";"data_inversa";"dia_semana";"horario";"uf";"br";"km";"municipio";"causa_acidente";"tipo_acidente";"classificacao_acidente";"fase_dia";"sentido_via";"condicao_metereologica";"tipo_pista";"tracado_via";"uso_solo";"pessoas";"mortos";"feridos_leves";"feridos_graves";"ilesos";"ignorados";"feridos";"veiculos";"latitude";"longitude";"regional";"delegacia";"uop"
463949;2022-07-25;"segunda-feira";"12:00:00";"SP";116;394,9;"MIRACATU";"Condutor Dormindo";"Colisão com objeto";"Sem Vítimas";"Pleno dia";"Decrescente";"Céu Claro";"Dupla";"Reta";"Sim";2;0;0;0;1;2;0;3;-24,28717454;-47,45143994;"SPRF-SP";"DEL04-SP";"UOP02-DEL04-SP"
463950;2022-07-24;"domingo";"22:30:00";"PB";101;94;"JOAO PESSOA";"Demais falhas mecânicas ou elétricas";"Incêndio";"Sem Vítimas";"Plena Noite";"Crescente";"Garoa/Chuvisco";"Dupla";"Reta";"Não";2;0;0;0;1;1;0;2;-7,21483297;-34,9117521;"SPRF-PB";"DEL01-PB";"UOP02-DEL01-PB"
463957;2022-07-25;"segunda-feira";"11:40:00";"RJ";101;317;"SAO GONCALO";"Manobra de mudança de faixa";"Colisão lateral mesmo sentido";"Com Vítimas Feridas";"Pleno dia";"Decrescente";"Céu Claro";"Dupla";"Reta";"Sim";3;0;1;0;2;0;1;2;-22,83707798;-43,09492006;"SPRF-RJ";"DEL02-RJ";"UOP02-DEL02-RJ"
463972;2022-07-25;"segunda-feira";"13:40:00";"MT";364;203;"RONDONOPOLIS";"Manobra de mudança de faixa";"Colisão traseira";"Com Vítimas Fatais";"Pleno dia";"Crescente";"Céu Claro";"Dupla";"Reta";"Sim";3;1;0;0;1;1;0;3;-16,47555256;-54,65344724;"SPRF-MT";"DEL02-MT";"UOP01-DEL02-MT"
463978;2022-07-25;"segunda-feira";"15:00:00";"PR";376;505;"PONTA GROSSA";"Reação tardia ou ineficiente do condutor";"Saída de leito carroçável";"Sem Vítimas";"Pleno dia";"Decrescente";"Céu Claro";"Dupla";"Reta";"Não";2;0;0;0;1;1;0;2;-25,23727809;-50,03847808;"SPRF-PR";"DEL03-PR";"UOP01-DEL03-PR"
463984;2022-06-05;"domingo";"21:40:00";"MA";135;7,5;"SAO LUIS";"Acessar a via sem observar a presença dos outros veículos";"Colisão traseira";"Com Vítimas Feridas";"Plena Noite";"Crescente";"Garoa/Chuvisco";"Dupla";"Retorno Regulamentado";"Sim";2;0;0;1;0;1;1;2;-2,63608835;-44,26848552;"SPRF-MA";"DEL01-MA";"UOP01-DEL01-MA"
463990;2022-07-25;"segunda-feira";"15:54:00";"SP";116;169,2;"JACAREI";"Demais falhas mecânicas ou elétricas";"Incêndio";"Sem Vítimas";"Pleno dia";"Decrescente";"Céu Claro";"Dupla";"Reta";"Sim";2;0;0;0;1;1;0;2;-23,307652;-46,045128;"SPRF-SP";"DEL02-SP";"UOP01-DEL02-SP"
463991;2022-06-14;"terça-feira";"05:20:00";"BA";242;295;"LAJEDINHO";"Velocidade Incompatível";"Tombamento";"Com Vítimas Feridas";"Amanhecer";"Decrescente";"Nublado";"Simples";"Declive;Curva";"Não";2;0;0;1;0;2;1;3;-12,44361704;-40,82588196;"SPRF-BA";"DEL06-BA";"UOP02-DEL06-BA"
463992;2022-07-25;"segunda-feira";"15:28:00";"PE";232;447;"SAO JOSE DO BELMONTE";"Ausência de reação do condutor";"Colisão traseira";"Com Vítimas Feridas";"Pleno dia";"Crescente";"Céu Claro";"Simples";"Reta";"Não";3;0;0;1;2;0;1;3;-7,99961227;-38,61712517;"SPRF-PE";"DEL04-PE";"UOP01-DEL04-PE"
463995;2022-06-22;"quarta-feira";"09:40:00";"MA";135;2,6;"SAO LUIS";"Obstrução na via";"Colisão com objeto";"Com Vítimas Fatais";"Pleno dia";"Decrescente";"Sol";"Dupla";"Reta";"Sim";2;1;0;0;0;1;0;2;-2,59806699;-44,24573511;"SPRF-MA";"DEL01-MA";"UOP01-DEL01-MA"
463996;2022-07-25;"segunda-feira";"15:00:00";"RS";116;57;"VACARIA";"Carga excessiva e/ou mal acondicionada";"Derramamento de carga";"Sem Vítimas";"Pleno dia";"Crescente";"Céu Claro";"Simples";"Reta";"Não";2;0;0;0;1;1;0;2;-28,61788952;-51,04425538;"SPRF-RS";"DEL05-RS";"UOP03-DEL05-RS"
463997;2022-07-25;"segunda-feira";"10:30:00";"PR";277;485,5;"NOVA LARANJEIRAS";"Velocidade Incompatível";"Tombamento";"Com Vítimas Feridas";"Pleno dia";"Decrescente";"Céu Claro";"Simples";"Curva";"Não";2;0;1;0;0;1;1;2;-25,26613423;-52,62116896;"SPRF-PR";"DEL04-PR";"UOP02-DEL04-PR"
464004;2022-07-25;"segunda-feira";"07:45:00";"BA";101;735;"ITABELA";"Velocidade Incompatível";"Saída de leito carroçável";"Com Vítimas Feridas";"Pleno dia";"Crescente";"Céu Claro";"Simples";"Curva";"Não";1;0;1;0;0;0;1;1;-16,50094356;-39,5755336;"SPRF-BA";"DEL09-BA";"UOP01-DEL09-BA"
464016;2022-07-25;"segunda-feira";"18:00:00";"SC";280;235,5;"CANOINHAS";"Acessar a via sem observar a presença dos outros veículos";"Colisão lateral mesmo sentido";"Sem Vítimas";"Anoitecer";"Crescente";"Nublado";"Simples";"Reta";"Sim";5;0;0;0;4;2;0;4;-26,19206283;-50,41295701;"SPRF-SC";"DEL06-SC";"UOP04-DEL06-SC"
464021;2022-07-25;"segunda-feira";"19:00:00";"TO";153;290;"PRESIDENTE KENNEDY";"Reação tardia ou ineficiente do condutor";"Colisão traseira";"Com Vítimas Fatais";"Plena Noite";"Crescente";"Céu Claro";"Simples";"Reta";"Não";5;1;2;1;0;1;3;4;-8,44383195;-48,48433839;"SPRF-TO";"DEL02-TO";"UOP02-DEL02-TO"
464024;2022-07-25;"segunda-feira";"19:20:00";"MG";40;729;"OLIVEIRA FORTES";"Ausência de reação do condutor";"Colisão traseira";"Com Vítimas Feridas";"Plena Noite";"Decrescente";"Céu Claro";"Dupla";"Aclive;Reta";"Não";3;0;1;0;1;3;1;5;-21,32603098;-43,58445806;"SPRF-MG";"DEL05-MG";"UOP01-DEL05-MG"
464029;2022-07-25;"segunda-feira";"19:50:00";"MS";262;121;"AGUA CLARA";"Reação tardia ou ineficiente do condutor";"Tombamento";"Com Vítimas Feridas";"Plena Noite";"Decrescente";"Céu Claro";"Simples";"Reta";"Não";2;0;1;0;0;3;1;4;-20,50465691;-52,68242098;"SPRF-MS";"DEL07-MS";"UOP02-DEL07-MS"
464036;2022-07-25;"segunda-feira";"20:15:00";"SC";470;91,8;"ASCURRA";"Reação tardia ou ineficiente do condutor";"Colisão frontal";"Com Vítimas Feridas";"Plena Noite";"Decrescente";"Céu Claro";"Simples";"Reta";"Não";3;0;1;0;1;1;1;3;-26,98537958;-49,372859;"SPRF-SC";"DEL04-SC";"UOP01-DEL04-SC"
464039;2022-07-25;"segunda-feira";"21:00:00";"PR";369;479;"CORBELIA";"Acessar a via sem observar a presença dos outros veículos";"Colisão transversal";"Com Vítimas Feridas";"Plena Noite";"Crescente";"Céu Claro";"Simples";"Interseção de Vias";"Não";3;0;0;1;1;1;1;3;-24,6286;-53,2084;"SPRF-PR";"DEL04-PR";"UOP03-DEL04-PR"
464040;2022-07-25;"segunda-feira";"18:29:00";"AL";101;174,2;"TEOTONIO VILELA";"Falta de elemento de contenção que evite a saída do leito carroçável";"Saída de leito carroçável";"Sem Vítimas";"Plena Noite";"Decrescente";"Céu Claro";"Dupla";"Aclive;Viaduto;Reta";"Sim";2;0;0;0;0;2;0;2;-9,90270371;-36,35878384;"SPRF-AL";"DEL02-AL";"UOP02-DEL02-AL"
464046;2022-07-25;"segunda-feira";"20:00:00";"MT";163;820;"SINOP";"Ingestão de álcool pelo condutor";"Colisão lateral sentido oposto";"Com Vítimas Feridas";"Plena Noite";"Crescente";"Céu Claro";"Simples";"Reta";"Sim";4;0;2;0;1;3;2;5;-11,99235045;-55,51713467;"SPRF-MT";"DEL06-MT";"UOP01-DEL06-MT"
464052;2022-07-25;"segunda-feira";"22:30:00";"PB";230;275;"SANTA LUZIA";"Demais falhas mecânicas ou elétricas";"Saída de leito carroçável";"Com Vítimas Feridas";"Plena Noite";"Crescente";"Céu Claro";"Simples";"Declive";"Não";1;0;0;1;0;0;1;1;-6,954;-36,8259;"SPRF-PB";"DEL03-PB";"UOP01-DEL03-PB"
464055;2022-07-25;"segunda-feira";"21:00:00";"SC";116;193,2;"PONTE ALTA";"Velocidade Incompatível";"Tombamento";"Com Vítimas Fatais";"Plena Noite";"Decrescente";"Céu Claro";"Simples";"Curva";"Não";1;1;0;0;0;0;0;1;-27,37132903;-50,42959571;"SPRF-SC";"DEL05-SC";"UOP03-DEL05-SC"
464059;2022-07-26;"terça-feira";"01:30:00";"SP";116;400,8;"MIRACATU";"Condutor Dormindo";"Tombamento";"Com Vítimas Feridas";"Plena Noite";"Crescente";"Nublado";"Dupla";"Reta";"Não";3;0;1;0;1;1;1;2;-24,30807105;-47,50100998;"SPRF-SP";"DEL04-SP";"UOP02-DEL04-SP"
464061;2022-07-25;"segunda-feira";"18:20:00";"MS";267;161;"NOVA ANDRADINA";"Avarias e/ou desgaste excessivo no pneu";"Incêndio";"Sem Vítimas";"Anoitecer";"Crescente";"Céu Claro";"Simples";"Reta";"Não";2;0;0;0;1;1;0;2;-21,63213928;-53,57751102;"SPRF-MS";"DEL02-MS";"UOP03-DEL02-MS"
464062;2022-06-07;"terça-feira";"05:45:00";"MT";174;90;"CACERES";"Reação tardia ou ineficiente do condutor";"Colisão lateral sentido oposto";"Com Vítimas Feridas";"Amanhecer";"Crescente";"Nublado";"Simples";"Reta";"Não";3;0;2;0;0;2;2;4;-15,90673513;-57,8088112;"SPRF-MT";"DEL03-MT";"UOP01-DEL03-MT"
464063;2022-07-26;"terça-feira";"03:50:00";"PB";230;163,4;"CAMPINA GRANDE";"Condutor Dormindo";"Saída de leito carroçável";"Sem Vítimas";"Plena Noite";"Crescente";"Céu Claro";"Simples";"Aclive";"Não";1;0;0;0;1;0;0;1;-7,2198;-35,9443;"SPRF-PB";"DEL02-PB";"UOP01-DEL02-PB"
464064;2022-07-26;"terça-feira";"03:30:00";"PR";116;52,3;"CAMPINA GRANDE DO SUL";"Ingestão de álcool pelo condutor";"Colisão com objeto";"Com Vítimas Feridas";"Plena Noite";"Crescente";"Céu Claro";"Dupla";"Reta";"Não";2;0;1;0;0;1;1;2;-25,24905809;-48,90839593;"SPRF-PR";"DEL01-PR";"UOP02-DEL01-PR"
464066;2022-04-15;"sexta-feira";"20:18:00";"SP";116;229;"SAO PAULO";"Ausência de reação do condutor";"Eventos atípicos";"Com Vítimas Feridas";"Plena Noite";"Decrescente";"Garoa/Chuvisco";"Múltipla";"Reta";"Sim";1;0;0;1;0;0;1;1;-23,51291902;-46,57604698;"SPRF-SP";"DEL01-SP";"UOP01-DEL01-SP"
464070;2022-07-26;"terça-feira";"06:00:00";"RS";392;82,8;"PELOTAS";"Ausência de sinalização";"Colisão traseira";"Com Vítimas Feridas";"Amanhecer";"Crescente";"Nublado";"Dupla";"Aclive";"Não";3;0;1;0;1;5;1;7;-31,66084278;-52,4657217;"SPRF-RS";"DEL07-RS";"UOP01-DEL07-RS"
464072;2022-07-26;"terça-feira";"06:50:00";"MG";116;416;"GOVERNADOR VALADARES";"Pedestre cruzava a pista fora da faixa";"Atropelamento de Pedestre";"Com Vítimas Feridas";"Pleno dia";"Crescente";"Céu Claro";"Simples";"Reta";"Não";3;0;1;0;1;1;1;3;-18,89215187;-41,94699543;"SPRF-MG";"DEL06-MG";"UOP01-DEL06-MG"
464075;2022-07-26;"terça-feira";"07:15:00";"DF";20;10;"BRASILIA";"Ausência de reação do condutor";"Colisão traseira";"Com Vítimas Feridas";"Pleno dia";"Crescente";"Céu Claro";"Dupla";"Reta";"Sim";2;0;1;0;1;0;1;2;-15,650243;-47,773872;"SPRF-DF";"DEL02-DF";"UOP01-DEL02-DF"
464079;2022-07-26;"terça-feira";"06:10:00";"MS";262;112;"AGUA CLARA";"Reação tardia ou ineficiente do condutor";"Engavetamento";"Com Vítimas Feridas";"Pleno dia";"Crescente";"Céu Claro";"Simples";"Reta";"Não";3;0;1;0;1;1;1;3;-20,522866;-52,601611;"SPRF-MS";"DEL07-MS";"UOP02-DEL07-MS"
464080;2022-07-26;"terça-feira";"02:10:00";"BA";101;448;"AURELINO LEAL";"Carga excessiva e/ou mal acondicionada";"Tombamento";"Com Vítimas Feridas";"Plena Noite";"Crescente";"Chuva";"Simples";"Curva";"Não";6;0;1;0;3;3;1;7;-14,48285692;-39,32926641;"SPRF-BA";"DEL05-BA";"UOP01-DEL05-BA"
464084;2022-07-26;"terça-feira";"07:30:00";"MG";262;803,9;"UBERABA";"Ausência de reação do condutor";"Engavetamento";"Com Vítimas Feridas";"Amanhecer";"Crescente";"Céu Claro";"Dupla";"Reta";"Não";4;0;1;0;2;3;1;6;-19,77509606;-47,97201785;"SPRF-MG";"DEL13-MG";"UOP01-DEL13-MG"
464088;2022-07-26;"terça-feira";"06:23:00";"RS";116;245;"SAO LEOPOLDO";"Acessar a via sem observar a presença dos outros veículos";"Colisão lateral mesmo sentido";"Com Vítimas Fatais";"Amanhecer";"Crescente";"Garoa/Chuvisco";"Simples";"Interseção de Vias";"Sim";3;1;0;0;1;1;0;3;-29,74980902;-51,15125361;"SPRF-RS";"DEL01-RS";"UOP02-DEL01-RS"
464090;2022-07-26;"terça-feira";"08:35:00";"RN";101;114,9;"PARNAMIRIM";"Demais Fenômenos da natureza";"Queda de ocupante de veículo";"Com Vítimas Feridas";"Pleno dia";"Crescente";"Céu Claro";"Dupla";"Curva";"Sim";2;0;1;0;0;1;1;2;-5,98867392;-35,26486874;"SPRF-RN";"DEL01-RN";"UOP01-DEL01-RN"
464092;2022-07-26;"terça-feira";"07:00:00";"RJ";493;84;"JAPERI";"Reação tardia ou ineficiente do condutor";"Atropelamento de Pedestre";"Com Vítimas Feridas";"Pleno dia";"Crescente";"Céu Claro";"Dupla";"Reta";"Não";3;0;2;0;0;1;2;3;-22,66312575;-43,6239624;"SPRF-RJ";"DEL01-RJ";"UOP03-DEL01-RJ"
464100;2022-07-24;"domingo";"21:30:00";"MG";381;305;"ANTONIO DIAS";"Condutor Dormindo";"Colisão com objeto";"Sem Vítimas";"Plena Noite";"Crescente";"Céu Claro";"Dupla";"Reta";"Não";2;0;0;0;1;1;0;2;-19,64770391;-42,93106009;"SPRF-MG";"DEL03-MG";"UOP02-DEL03-MG"
464105;2022-07-26;"terça-feira";"09:35:00";"SC";101;16;"GARUVA";"Reação tardia ou ineficiente do condutor";"Colisão traseira";"Com Vítimas Feridas";"Pleno dia";"Decrescente";"Nublado";"Dupla";"Reta;Aclive";"Não";3;0;1;0;1;1;1;3;-26,11427473;-48,87647034;"SPRF-SC";"DEL03-SC";"UOP01-DEL03-SC"
464106;2022-07-26;"terça-feira";"09:40:00";"MG";381;1,5;"BETIM";"Ausência de reação do condutor";"Colisão traseira";"Com Vítimas Fatais";"Pleno dia";"Decrescente";"Céu Claro";"Dupla";"Reta";"Sim";3;1;0;0;2;0;0;2;-19,96825;-44,198708;"SPRF-MG";"DEL01-MG";"UOP03-DEL01-MG"
464111;2022-07-26;"terça-feira";"10:15:00";"CE";116;5,7;"FORTALEZA";"Ausência de reação do condutor";"Colisão traseira";"Com Vítimas Feridas";"Pleno dia";"Decrescente";"Sol";"Dupla";"Viaduto;Reta;Aclive";"Sim";2;0;1;0;1;0;1;2;-3,79919805;-38,50457137;"SPRF-CE";"DEL01-CE";"UOP02-DEL01-CE"
464113;2022-07-21;"quinta-feira";"05:50:00";"MS";163;75,8;"ITAQUIRAI";"Carga excessiva e/ou mal acondicionada";"Derramamento de carga";"Com Vítimas Fatais";"Amanhecer";"Crescente";"Céu Claro";"Simples";"Reta";"Não";4;1;0;0;1;3;0;5;-23,50091105;-54,18729772;"SPRF-MS";"DEL09-MS";"UOP01-DEL09-MS"
464114;2022-07-26;"terça-feira";"07:40:00";"PR";376;314;"MAUA DA SERRA";"Velocidade Incompatível";"Tombamento";"Com Vítimas Feridas";"Pleno dia";"Crescente";"Céu Claro";"Dupla";"Declive";"Sim";2;0;1;0;0;2;1;3;-24,0189474;-51,09284357;"SPRF-PR";"DEL07-PR";"UOP02-DEL07-PR"
464115;2022-07-26;"terça-feira";"11:00:00";"SC";101;206,4;"SAO JOSE";"Ausência de reação do condutor";"Colisão lateral mesmo sentido";"Com Vítimas Feridas";"Pleno dia";"Decrescente";"Céu Claro";"Múltipla";"Reta";"Sim";2;0;1;0;1;0;1;2;-27,59193546;-48,61824557;"SPRF-SC";"DEL01-SC";"UOP01-DEL01-SC"
464118;2022-07-26;"terça-feira";"11:27:00";"RS";116;517;"PELOTAS";"Desrespeitar a preferência no cruzamento";"Colisão transversal";"Com Vítimas Feridas";"Pleno dia";"Crescente";"Nublado";"Dupla";"Viaduto";"Sim";3;0;0;1;2;0;1;2;-31,67908686;-52,34256731;"SPRF-RS";"DEL07-RS";"UOP01-DEL07-RS"
464119;2022-07-26;"terça-feira";"11:30:00";"BA";101;877;"CARAVELAS";"Conversão proibida";"Colisão transversal";"Com Vítimas Feridas";"Pleno dia";"Decrescente";"Céu Claro";"Simples";"Reta";"Sim";2;0;1;0;1;0;1;2;-17,74485414;-39,76600733;"SPRF-BA";"DEL09-BA";"UOP02-DEL09-BA"
464120;2022-07-26;"terça-feira";"10:05:00";"GO";153;495;"GOIANIA";"Condutor deixou de manter distância do veículo da frente";"Engavetamento";"Com Vítimas Feridas";"Pleno dia";"Crescente";"Céu Claro";"Múltipla";"Reta";"Sim";6;0;1;0;0;5;1;6;-16,6681;-49,2263;"SPRF-GO";"DEL01-GO";"UOP01-DEL01-GO"
464121;2022-07-26;"terça-feira";"09:40:00";"BA";101;442;"UBAITABA";"Ultrapassagem Indevida";"Saída de leito carroçável";"Sem Vítimas";"Pleno dia";"Crescente";"Chuva";"Simples";"Reta";"Não";2;0;0;0;1;1;0;2;-14,292088;-39,324802;"SPRF-BA";"DEL05-BA";"UOP01-DEL05-BA"
464125;2022-07-26;"terça-feira";"07:00:00";"GO";70;466;"ARAGARCAS";"Transitar na contramão";"Colisão lateral sentido oposto";"Com Vítimas Feridas";"Pleno dia";"Decrescente";"Céu Claro";"Simples";"Aclive;Reta";"Não";4;0;1;0;2;2;1;4;-15,89925091;-52,21257471;"SPRF-GO";"DEL04-GO";"UOP01-DEL04-GO"
464126;2022-07-26;"terça-feira";"11:39:00";"BA";324;560;"SAO SEBASTIAO DO PASSE";"Acessar a via sem observar a presença dos outros veículos";"Saída de leito carroçável";"Sem Vítimas";"Pleno dia";"Crescente";"Chuva";"Dupla";"Reta";"Não";2;0;0;0;2;0;0;2;-12,49250283;-38,65366887;"SPRF-BA";"DEL01-BA";"UOP01-DEL01-BA"
464127;2022-07-26;"terça-feira";"12:50:00";"SP";116;144;"SAO JOSE DOS CAMPOS";"Ausência de reação do condutor";"Colisão traseira";"Com Vítimas Feridas";"Pleno dia";"Crescente";"Céu Claro";"Dupla";"Aclive";"Não";4;0;1;0;2;1;1;4;-23,18274416;-45,84633592;"SPRF-SP";"DEL02-SP";"UOP01-DEL02-SP"
464133;2022-07-26;"terça-feira";"10:45:00";"MT";158;774;"BARRA DO GARCAS";"Ultrapassagem Indevida";"Saída de leito carroçável";"Com Vítimas Feridas";"Pleno dia";"Decrescente";"Céu Claro";"Simples";"Reta";"Não";2;0;1;0;0;2;1;3;-15,69918393;-52,23602509;"SPRF-MT";"DEL07-MT";"UOP01-DEL07-MT"
464135;2022-07-26;"terça-feira";"12:05:00";"SC";282;583;"PINHALZINHO";"Ultrapassagem Indevida";"Colisão lateral mesmo sentido";"Com Vítimas Feridas";"Pleno dia";"Crescente";"Céu Claro";"Simples";"Curva";"Não";3;0;1;0;1;1;1;3;-26,828905;-53,009552;"SPRF-SC";"DEL07-SC";"UOP02-DEL07-SC"
464137;2022-07-26;"terça-feira";"14:00:00";"MS";163;658;"RIO VERDE DE MATO GROSSO";"Manobra de mudança de faixa";"Colisão frontal";"Com Vítimas Fatais";"Pleno dia";"Crescente";"Céu Claro";"Simples";"Declive";"Sim";4;1;0;0;1;2;0;4;-19,10754119;-54,81010437;"SPRF-MS";"DEL06-MS";"UOP02-DEL06-MS"
464140;2022-07-26;"terça-feira";"11:35:00";"BA";30;272;"CAETITE";"Curva acentuada";"Tombamento";"Sem Vítimas";"Pleno dia";"Crescente";"Céu Claro";"Simples";"Curva";"Não";2;0;0;0;1;3;0;4;-14,09789655;-42,58010043;"SPRF-BA";"DEL08-BA";"UOP01-DEL08-BA"
464148;2022-07-26;"terça-feira";"15:45:00";"AL";316;245,5;"ATALAIA";"Condutor deixou de manter distância do veículo da frente";"Colisão traseira";"Com Vítimas Feridas";"Pleno dia";"Decrescente";"Garoa/Chuvisco";"Simples";"Reta";"Não";4;0;1;0;3;0;1;3;-9,522046;-35,997371;"SPRF-AL";"DEL01-AL";"UOP01-DEL01-AL"
464149;2022-07-26;"terça-feira";"16:30:00";"SP";116;209,8;"GUARULHOS";"Entrada inopinada do pedestre";"Colisão com objeto";"Com Vítimas Fatais";"Pleno dia";"Crescente";"Céu Claro";"Simples";"Interseção de Vias";"Sim";5;1;0;0;4;0;0;4;-23,42511799;-46,40221101;"SPRF-SP";"DEL01-SP";"UOP01-DEL01-SP"
464153;2022-07-26;"terça-feira";"17:00:00";"MG";365;621;"UBERLANDIA";"Condutor deixou de manter distância do veículo da frente";"Colisão traseira";"Com Vítimas Feridas";"Pleno dia";"Crescente";"Céu Claro";"Dupla";"Reta";"Sim";2;0;1;0;0;1;1;2;-18,89175105;-48,27135086;"SPRF-MG";"DEL15-MG";"UOP01-DEL15-MG"
464154;2022-06-29;"quarta-feira";"19:30:00";"TO";226;68;"WANDERLANDIA";"Ausência de reação do condutor";"Saída de leito carroçável";"Com Vítimas Feridas";"Plena Noite";"Crescente";"Céu Claro";"Simples";"Curva";"Não";2;0;0;1;0;1;1;2;-6,838892;-47,945732;"SPRF-TO";"DEL02-TO";"UOP03-DEL02-TO"
464156;2022-07-26;"terça-feira";"12:25:00";"RS";386;11;"IRAI";"Transitar na contramão";"Colisão frontal";"Com Vítimas Fatais";"Pleno dia";"Crescente";"Céu Claro";"Simples";"Curva";"Não";7;4;0;0;2;1;0;3;-27,222046;-53,309917;"SPRF-RS";"DEL08-RS";"UOP02-DEL08-RS"
464158;2022-07-26;"terça-feira";"10:41:00";"SC";282;412;"CATANDUVAS";"Reação tardia ou ineficiente do condutor";"Tombamento";"Com Vítimas Feridas";"Pleno dia";"Decrescente";"Céu Claro";"Simples";"Curva";"Não";2;0;1;0;0;1;1;2;-27,055775;-51,688843;"SPRF-SC";"DEL07-SC";"UOP05-DEL07-SC"
464163;2022-07-26;"terça-feira";"12:45:00";"SC";282;553,4;"NOVA ITABERABA";"Transitar na contramão";"Colisão frontal";"Com Vítimas Feridas";"Pleno dia";"Decrescente";"Sol";"Simples";"Reta;Aclive";"Não";4;0;0;2;1;2;2;4;-26,940194;-52,79012;"SPRF-SC";"DEL07-SC";"UOP01-DEL07-SC"
464172;2022-07-26;"terça-feira";"14:00:00";"MG";50;62;"UBERLANDIA";"Manobra de mudança de faixa";"Tombamento";"Com Vítimas Feridas";"Pleno dia";"Decrescente";"Céu Claro";"Dupla";"Reta";"Não";3;0;1;0;1;1;1;3;-18,82501599;-48,24975071;"SPRF-MG";"DEL15-MG";"UOP02-DEL15-MG"
464177;2022-07-26;"terça-feira";"18:30:00";"RS";153;29,1;"TRES ARROIOS";"Manobra de mudança de faixa";"Colisão traseira";"Com Vítimas Feridas";"Plena Noite";"Decrescente";"Céu Claro";"Simples";"Reta";"Não";5;0;2;0;2;2;2;5;-27,5259505;-52,15380549;"SPRF-RS";"DEL08-RS";"UOP04-DEL08-RS"
464178;2022-07-26;"terça-feira";"19:00:00";"SC";470;116,7;"IBIRAMA";"Ausência de reação do condutor";"Tombamento";"Sem Vítimas";"Anoitecer";"Decrescente";"Céu Claro";"Simples";"Curva";"Sim";2;0;0;0;1;1;0;2;-27,07756;-49,49448;"SPRF-SC";"DEL04-SC";"UOP02-DEL04-SC"
464187;2022-07-26;"terça-feira";"21:45:00";"SP";116;296,7;"ITAPECERICA DA SERRA";"Ausência de reação do condutor";"Colisão traseira";"Com Vítimas Feridas";"Plena Noite";"Decrescente";"Céu Claro";"Dupla";"Reta";"Não";3;0;2;0;1;0;2;2;-23,775485;-46,914416;"SPRF-SP";"DEL04-SP";"UOP01-DEL04-SP"
464199;2022-07-26;"terça-feira";"22:30:00";"SC";280;9,6;"SAO FRANCISCO DO SUL";"Ausência de reação do condutor";"Colisão lateral mesmo sentido";"Com Vítimas Feridas";"Plena Noite";"Crescente";"Nublado";"Simples";"Reta";"Sim";3;0;1;0;1;1;1;3;-26,2926;-48,644275;"SPRF-SC";"DEL03-SC";"UOP03-DEL03-SC"
464200;2022-07-26;"terça-feira";"21:10:00";"MS";262;97,1;"AGUA CLARA";"Condutor deixou de manter distância do veículo da frente";"Colisão lateral mesmo sentido";"Com Vítimas Feridas";"Plena Noite";"Decrescente";"Céu Claro";"Simples";"Reta";"Não";3;0;1;0;1;3;1;5;-20,57880029;-52,46904312;"SPRF-MS";"DEL07-MS";"UOP02-DEL07-MS"
464202;2022-07-26;"terça-feira";"17:00:00";"MT";174;125;"MIRASSOL DOESTE";"Acessar a via sem observar a presença dos outros veículos";"Colisão transversal";"Com Vítimas Feridas";"Anoitecer";"Decrescente";"Céu Claro";"Simples";"Interseção de Vias";"Não";4;0;1;0;2;3;1;6;-15,81678972;-58,0834468;"SPRF-MT";"DEL03-MT";"UOP01-DEL03-MT"
464207;2022-07-26;"terça-feira";"18:30:00";"RJ";116;165;"RIO DE JANEIRO";"Manobra de mudança de faixa";"Colisão lateral mesmo sentido";"Com Vítimas Feridas";"Plena Noite";"Crescente";"Nublado";"Dupla";"Reta";"Sim";2;0;1;0;1;0;1;2;-22,80944214;-43,33672112;"SPRF-RJ";"DEL01-RJ";"UOP02-DEL01-RJ"
464208;2022-07-27;"quarta-feira";"01:00:00";"MS";60;400;"CAMPO GRANDE";"Animais na Pista";"Atropelamento de Animal";"Com Vítimas Feridas";"Plena Noite";"Decrescente";"Céu Claro";"Simples";"Reta";"Não";4;0;0;1;2;2;1;4;-20,79950695;-54,79699522;"SPRF-MS";"DEL01-MS";"UOP04-DEL01-MS"
464210;2022-07-27;"quarta-feira";"02:10:00";"PB";101;42;"MAMANGUAPE";"Ausência de reação do condutor";"Colisão traseira";"Com Vítimas Feridas";"Plena Noite";"Crescente";"Chuva";"Dupla";"Aclive";"Sim";4;0;0;2;1;2;2;4;-6,856615;-35,13444297;"SPRF-PB";"DEL01-PB";"UOP04-DEL01-PB"
464214;2022-07-27;"quarta-feira";"03:15:00";"SP";116;559;"BARRA DO TURVO";"Condutor Dormindo";"Colisão traseira";"Com Vítimas Feridas";"Plena Noite";"Crescente";"Nublado";"Dupla";"Reta";"Não";3;0;1;0;1;1;1;3;-25,00749102;-48,5074244;"SPRF-SP";"DEL05-SP";"UOP02-DEL05-SP"
464215;2022-07-27;"quarta-feira";"02:40:00";"RS";101;51,3;"TERRA DE AREIA";"Condutor Dormindo";"Saída de leito carroçável";"Com Vítimas Feridas";"Plena Noite";"Crescente";"Nublado";"Dupla";"Reta";"Não";2;0;1;0;0;1;1;2;-29,61499714;-50,0915338;"SPRF-RS";"DEL03-RS";"UOP02-DEL03-RS"