"id";"data_inversa";"dia_semana";"horario";"uf";"br";"km";"municipio";"causa_acidente";"tipo_acidente";"classificacao_acidente";"fase_dia";"sentido_via";"condicao_metereologica";"tipo_pista";"tracado_via";"uso_solo";"pessoas";"mortos";"feridos_leves";"feridos_graves";"ilesos";"ignorados";"feridos";"veiculos";"latitude";"longitude";"regional";"delegacia";"uop"
464216;2022-07-27;"quarta-feira";"03:30:00";"MT";163;580;"NOVA MUTUM";"Acostamento em desnível";"Atropelamento de Pedestre";"Com Vítimas Feridas";"Plena Noite";"Crescente";"Céu Claro";"Simples";"Reta";"Não";2;0;1;0;1;0;1;2;-14,08195789;-56,1106213;"SPRF-MT";"DEL01-MT";"UOP01-DEL01-MT"
464226;2022-07-27;"quarta-feira";"06:05:00";"ES";262;46,2;"MARECHAL FLORIANO";"Reação tardia ou ineficiente do condutor";"Colisão traseira";"Com Vítimas Feridas";"Amanhecer";"Decrescente";"Céu Claro";"Simples";"Reta";"Sim";2;0;1;0;1;0;1;2;-20,38908904;-40,66911594;"SPRF-ES";"DEL01-ES";"UOP01-DEL01-ES"
464232;2022-07-27;"quarta-feira";"06:15:00";"PB";230;158,2;"CAMPINA GRANDE";"Ultrapassagem Indevida";"Colisão lateral sentido oposto";"Com Vítimas Feridas";"Pleno dia";"Decrescente";"Nublado";"Simples";"Reta";"Sim";3;0;0;1;0;2;1;3;-7,2582;-35,9267;"SPRF-PB";"DEL02-PB";"UOP01-DEL02-PB"
464238;2022-07-27;"quarta-feira";"06:21:00";"MG";381;686,3;"LAVRAS";"Declive acentuado";"Colisão com objeto";"Com Vítimas Feridas";"Pleno dia";"Crescente";"Céu Claro";"Dupla";"Curva";"Não";3;0;1;0;1;1;1;2;-21,15751909;-45,1169014;"SPRF-MG";"DEL04-MG";"UOP02-DEL04-MG"
464245;2022-07-27;"quarta-feira";"08:00:00";"GO";70;315;"JUSSARA";"Acessar a via sem observar a presença dos outros veículos";"Colisão traseira";"Com Vítimas Feridas";"Pleno dia";"Crescente";"Céu Claro";"Dupla";"Reta";"Sim";4;0;0;1;1;3;1;5;-15,87466984;-50,86397946;"SPRF-GO";"DEL04-GO";"UOP01-DEL04-GO"
464248;2022-07-26;"terça-feira";"15:50:00";"MG";381;924;"CAMANDUCAIA";"Reação tardia ou ineficiente do condutor";"Colisão com objeto";"Sem Vítimas";"Pleno dia";"Crescente";"Céu Claro";"Dupla";"Curva";"Não";2;0;0;0;1;1;0;2;-22,77036171;-46,19320226;"SPRF-MG";"DEL16-MG";"UOP03-DEL16-MG"
464252;2022-07-27;"quarta-feira";"08:45:00";"PR";277;30;"MORRETES";"Problema com o freio";"Incêndio";"Sem Vítimas";"Pleno dia";"Decrescente";"Nublado";"Dupla";"Reta;Aclive";"Não";2;0;0;0;1;2;0;3;-25,52874613;-48,73512603;"SPRF-PR";"DEL01-PR";"UOP05-DEL01-PR"
464253;2022-07-27;"quarta-feira";"07:35:00";"PR";369;506,5;"CASCAVEL";"Ausência de reação do condutor";"Colisão traseira";"Sem Vítimas";"Pleno dia";"Decrescente";"Sol";"Simples";"Reta";"Não";3;0;0;0;3;0;0;2;-24,84284396;-53,31432559;"SPRF-PR";"DEL04-PR";"UOP03-DEL04-PR"
464259;2022-07-18;"segunda-feira";"07:50:00";"ES";101;13;"PEDRO CANARIO";"Velocidade Incompatível";"Saída de leito carroçável";"Com Vítimas Feridas";"Pleno dia";"Crescente";"Nublado";"Simples";"Curva";"Não";2;0;0;2;0;0;2;1;-18,27406403;-39,9597724;"SPRF-ES";"DEL04-ES";"UOP02-DEL04-ES"
464261;2022-07-27;"quarta-feira";"09:40:00";"BA";116;859,9;"VITORIA DA CONQUISTA";"Ultrapassagem Indevida";"Colisão frontal";"Com Vítimas Fatais";"Pleno dia";"Crescente";"Céu Claro";"Simples";"Aclive;Reta";"Não";4;1;0;0;2;1;0;4;-15,05881005;-40,98658496;"SPRF-BA";"DEL08-BA";"UOP01-DEL08-BA"
464262;2022-07-27;"quarta-feira";"10:20:00";"GO";158;257;"JATAI";"Problema com o freio";"Saída de leito carroçável";"Com Vítimas Fatais";"Pleno dia";"Crescente";"Céu Claro";"Simples";"Declive";"Não";3;1;0;0;1;1;0;2;-17,79740027;-51,79573059;"SPRF-GO";"DEL05-GO";"UOP01-DEL05-GO"
464266;2022-07-27;"quarta-feira";"06:15:00";"AC";317;182,4;"XAPURI";"Transitar na contramão";"Colisão lateral sentido oposto";"Com Vítimas Fatais";"Amanhecer";"Decrescente";"Céu Claro";"Simples";"Reta";"Não";17;5;3;0;1;8;3;2;-10,59490313;-67,98592591;"SPRF-AC";"DEL01-AC";"UOP02-DEL01-AC"
464269;2022-07-27;"quarta-feira";"09:30:00";"PR";158;509,2;"CORONEL VIVIDA";"Transitar na contramão";"Colisão frontal";"Com Vítimas Feridas";"Pleno dia";"Decrescente";"Céu Claro";"Simples";"Reta";"Não";4;0;2;0;1;1;2;3;-26,0332948;-52,59203823;"SPRF-PR";"DEL02-PR";"UOP01-DEL02-PR"
464270;2022-07-27;"quarta-feira";"11:00:00";"AL";101;184,4;"JUNQUEIRO";"Acesso irregular";"Colisão traseira";"Com Vítimas Feridas";"Pleno dia";"Decrescente";"Céu Claro";"Dupla";"Reta";"Sim";3;0;0;2;0;1;2;2;-9,89837586;-36,43841999;"SPRF-AL";"DEL02-AL";"UOP02-DEL02-AL"
464274;2022-07-27;"quarta-feira";"18:00:00";"PR";116;166;"QUITANDINHA";"Desrespeitar a preferência no cruzamento";"Colisão transversal";"Com Vítimas Feridas";"Plena Noite";"Decrescente";"Céu Claro";"Simples";"Interseção de Vias;Declive;Retorno Regulamentado";"Sim";3;0;0;1;1;1;1;3;-25,87555504;-49,48641837;"SPRF-PR";"DEL01-PR";"UOP03-DEL01-PR"
464276;2022-07-27;"quarta-feira";"11:30:00";"ES";101;398,9;"ITAPEMIRIM";"Reação tardia ou ineficiente do condutor";"Colisão traseira";"Com Vítimas Feridas";"Pleno dia";"Crescente";"Céu Claro";"Simples";"Reta";"Não";3;0;1;0;1;4;1;6;-20,87530245;-40,95792915;"SPRF-ES";"DEL03-ES";"UOP02-DEL03-ES"
464277;2022-07-27;"quarta-feira";"10:00:00";"RO";364;13;"VILHENA";"Trafegar com motocicleta (ou similar) entre as faixas";"Colisão lateral mesmo sentido";"Com Vítimas Feridas";"Pleno dia";"Decrescente";"Sol";"Dupla";"Rotatória";"Sim";5;0;1;0;2;3;1;5;-12,74140004;-60,13026401;"SPRF-RO";"DEL04-RO";"UOP01-DEL04-RO"
464280;2022-06-17;"sexta-feira";"18:10:00";"PE";101;85;"JABOATAO DOS GUARARAPES";"Velocidade Incompatível";"Colisão transversal";"Com Vítimas Feridas";"Plena Noite";"Crescente";"Céu Claro";"Simples";"Reta";"Sim";3;0;0;2;1;0;2;2;-8,193938;-34,956614;"SPRF-PE";"DEL01-PE";"UOP01-DEL01-PE"
464285;2022-07-27;"quarta-feira";"11:00:00";"BA";242;671;"MUQUEM DE SAO FRANCISCO";"Demais falhas mecânicas ou elétricas";"Incêndio";"Sem Vítimas";"Pleno dia";"Crescente";"Céu Claro";"Simples";"Reta";"Não";2;0;0;0;1;2;0;3;-12,19604764;-43,74454011;"SPRF-BA";"DEL10-BA";"UOP02-DEL10-BA"
464286;2022-07-27;"quarta-feira";"09:50:00";"SC";101;283;"IMBITUBA";"Manobra de mudança de faixa";"Saída de leito carroçável";"Com Vítimas Feridas";"Pleno dia";"Crescente";"Céu Claro";"Dupla";"Reta";"Sim";2;0;1;0;1;0;1;2;-28,20457404;-48,6984006;"SPRF-SC";"DEL02-SC";"UOP03-DEL02-SC"
464288;2022-07-27;"quarta-feira";"12:00:00";"MG";251;474,1;"FRANCISCO SA";"Velocidade Incompatível";"Colisão traseira";"Com Vítimas Feridas";"Pleno dia";"Crescente";"Céu Claro";"Simples";"Curva;Aclive";"Não";4;0;2;0;1;2;2;4;-16,47130466;-43,45673904;"SPRF-MG";"DEL12-MG";"UOP01-DEL12-MG"
464290;2022-07-27;"quarta-feira";"13:30:00";"PR";277;718,5;"FOZ DO IGUACU";"Manobra de mudança de faixa";"Colisão lateral mesmo sentido";"Com Vítimas Feridas";"Pleno dia";"Decrescente";"Céu Claro";"Dupla";"Reta;Aclive";"Não";5;0;1;0;2;3;1;5;-25,48013487;-54,48530406;"SPRF-PR";"DEL05-PR";"UOP03-DEL05-PR"
464293;2022-07-27;"quarta-feira";"12:30:00";"RO";364;689;"CANDEIAS DO JAMARI";"Transitar na contramão";"Colisão frontal";"Com Vítimas Fatais";"Pleno dia";"Decrescente";"Sol";"Simples";"Reta";"Não";6;2;3;0;1;0;3;3;-8,798112;-63,708916;"SPRF-RO";"DEL01-RO";"UOP01-DEL01-RO"
464298;2022-07-27;"quarta-feira";"11:15:00";"MT";70;616;"POCONE";"Manobra de mudança de faixa";"Colisão lateral mesmo sentido";"Com Vítimas Feridas";"Pleno dia";"Crescente";"Céu Claro";"Simples";"Reta";"Não";2;0;1;0;1;0;1;2;-15,92159094;-56,91353559;"SPRF-MT";"DEL03-MT";"UOP02-DEL03-MT"
464300;2022-07-27;"quarta-feira";"14:01:00";"RS";116;324;"BARRA DO RIBEIRO";"Acessar a via sem observar a presença dos outros veículos";"Colisão transversal";"Sem Vítimas";"Pleno dia";"Decrescente";"Céu Claro";"Dupla";"Retorno Regulamentado";"Não";2;0;0;0;2;0;0;2;-30,32702593;-51,42171417;"SPRF-RS";"DEL02-RS";"UOP01-DEL02-RS"
464303;2022-07-27;"quarta-feira";"13:30:00";"MT";364;200;"RONDONOPOLIS";"Manobra de mudança de faixa";"Colisão lateral mesmo sentido";"Sem Vítimas";"Pleno dia";"Crescente";"Céu Claro";"Dupla";"Interseção de Vias";"Sim";3;0;0;0;2;2;0;4;-16,49612525;-54,63849716;"SPRF-MT";"DEL02-MT";"UOP01-DEL02-MT"
464306;2022-07-27;"quarta-feira";"14:10:00";"RO";364;239,1;"CACOAL";"Condutor desrespeitou a iluminação vermelha do semáforo";"Colisão transversal";"Com Vítimas Feridas";"Pleno dia";"Crescente";"Sol";"Simples";"Retorno Regulamentado;Reta";"Sim";4;0;0;1;1;4;1;6;-11,433786;-61,46369;"SPRF-RO";"DEL02-RO";"UOP02-DEL02-RO"
464308;2022-07-27;"quarta-feira";"15:10:00";"MG";381;483,9;"BETIM";"Demais falhas mecânicas ou elétricas";"Eventos atípicos";"Com Vítimas Feridas";"Pleno dia";"Crescente";"Céu Claro";"Dupla";"Reta;Declive";"Não";2;0;1;0;0;1;1;2;-19,95959862;-44,08551298;"SPRF-MG";"DEL01-MG";"UOP03-DEL01-MG"
464309;2022-07-27;"quarta-feira";"15:20:00";"SP";153;35,4;"ONDA VERDE";"Transitar na contramão";"Colisão lateral sentido oposto";"Com Vítimas Feridas";"Pleno dia";"Crescente";"Céu Claro";"Simples";"Curva";"Não";3;0;2;0;0;1;2;2;-20,58054802;-49,31936791;"SPRF-SP";"DEL09-SP";"UOP01-DEL09-SP"
464311;2022-07-27;"quarta-feira";"15:15:00";"PE";232;74;"GRAVATA";"Manobra de mudança de faixa";"Colisão lateral mesmo sentido";"Com Vítimas Feridas";"Pleno dia";"Decrescente";"Nublado";"Dupla";"Aclive;Reta";"Não";3;0;0;1;1;1;1;3;-8,19466678;-35,51728814;"SPRF-PE";"DEL02-PE";"UOP02-DEL02PE"
464315;2022-07-27;"quarta-feira";"13:35:00";"PR";277;282,4;"PRUDENTOPOLIS";"Mal súbito do condutor";"Colisão lateral sentido oposto";"Com Vítimas Feridas";"Pleno dia";"Crescente";"Céu Claro";"Simples";"Reta";"Não";3;0;1;0;2;0;1;3;-25,318813;-50,9933;"SPRF-PR";"DEL08-PR";"UOP02-DEL08-PR"
464318;2022-07-11;"segunda-feira";"11:10:00";"RJ";393;138;"SAPUCAIA";"Velocidade Incompatível";"Tombamento";"Com Vítimas Fatais";"Pleno dia";"Decrescente";"Sol";"Simples";"Curva";"Não";3;1;0;1;0;2;1;4;-22,00266194;-42,93093204;"SPRF-RJ";"DEL05-RJ";"UOP01-DEL05-RJ"
464321;2022-07-27;"quarta-feira";"13:50:00";"PR";116;103,3;"SAO JOSE DOS PINHAIS";"Ausência de reação do condutor";"Colisão lateral mesmo sentido";"Com Vítimas Feridas";"Pleno dia";"Decrescente";"Céu Claro";"Múltipla";"Reta";"Sim";3;0;1;0;2;0;1;2;-25,55944814;-49,15099774;"SPRF-PR";"DEL01-PR";"UOP01-DEL01-PR"
464324;2022-07-27;"quarta-feira";"17:00:00";"ES";101;122,5;"SOORETAMA";"Reação tardia ou ineficiente do condutor";"Colisão traseira";"Com Vítimas Feridas";"Anoitecer";"Decrescente";"Céu Claro";"Simples";"Reta";"Não";3;0;1;0;1;3;1;5;-19,16016593;-40,08315314;"SPRF-ES";"DEL04-ES";"UOP01-DEL04-ES"
464326;2022-07-27;"quarta-feira";"14:30:00";"PR";376;437;"TIBAGI";"Ausência de reação do condutor";"Colisão com objeto";"Com Vítimas Feridas";"Pleno dia";"Decrescente";"Céu Claro";"Dupla";"Curva";"Não";2;0;1;0;0;1;1;2;-24,85380852;-50,46072006;"SPRF-PR";"DEL03-PR";"UOP02-DEL03-PR"
464327;2022-07-27;"quarta-feira";"14:00:00";"MT";364;254;"JUSCIMEIRA";"Demais falhas mecânicas ou elétricas";"Incêndio";"Sem Vítimas";"Pleno dia";"Decrescente";"Sol";"Dupla";"Reta";"Não";2;0;0;0;1;2;0;3;-16,0892278891;-54,8694577257;"SPRF-MT";"DEL02-MT";"UOP01-DEL02-MT"
464332;2022-07-27;"quarta-feira";"16:59:00";"PB";101;90,6;"JOAO PESSOA";"Acessar a via sem observar a presença dos outros veículos";"Colisão lateral mesmo sentido";"Com Vítimas Feridas";"Anoitecer";"Decrescente";"Céu Claro";"Dupla";"Declive;Reta";"Sim";3;0;1;1;0;1;2;3;-7,179652;-34,900417;"SPRF-PB";"DEL01-PB";"UOP02-DEL01-PB"
464333;2022-07-27;"quarta-feira";"14:50:00";"RS";116;1,9;"PORTO ALEGRE";"Reação tardia ou ineficiente do condutor";"Colisão traseira";"Sem Vítimas";"Pleno dia";"Crescente";"Céu Claro";"Dupla";"Reta";"Sim";2;0;0;0;2;0;0;2;-30,033535;-51,230453;"SPRF-RS";"DEL01-RS";"UOP01-DEL01-RS"
464339;2022-07-27;"quarta-feira";"13:30:00";"MG";50;35;"ARAGUARI";"Ausência de reação do condutor";"Colisão lateral mesmo sentido";"Sem Vítimas";"Pleno dia";"Crescente";"Sol";"Dupla";"Reta";"Não";2;0;0;0;1;1;0;2;-18,65075062;-48,13867716;"SPRF-MG";"DEL15-MG";"UOP02-DEL15-MG"
464342;2022-07-27;"quarta-feira";"16:15:00";"MG";381;927,5;"ITAPEVA";"Reação tardia ou ineficiente do condutor";"Colisão traseira";"Com Vítimas Feridas";"Pleno dia";"Decrescente";"Céu Claro";"Dupla";"Curva";"Não";3;0;2;0;1;0;2;2;-22,79271225;-46,24636988;"SPRF-MG";"DEL16-MG";"UOP03-DEL16-MG"
464354;2022-07-27;"quarta-feira";"15:30:00";"GO";452;186;"ITUMBIARA";"Demais Fenômenos da natureza";"Incêndio";"Sem Vítimas";"Pleno dia";"Crescente";"Céu Claro";"Simples";"Declive";"Não";2;0;0;0;1;1;0;2;-18,4008952;-49,31007395;"SPRF-GO";"DEL03-GO";"UOP02-DEL03-GO"
464355;2022-07-27;"quarta-feira";"18:00:00";"PR";376;433;"TIBAGI";"Reação tardia ou ineficiente do condutor";"Colisão com objeto";"Com Vítimas Feridas";"Anoitecer";"Crescente";"Céu Claro";"Múltipla";"Aclive";"Não";5;0;2;0;2;2;2;4;-24,76990192;-50,52337646;"SPRF-PR";"DEL03-PR";"UOP02-DEL03-PR"
464358;2022-07-27;"quarta-feira";"19:35:00";"PB";101;90,7;"JOAO PESSOA";"Ausência de reação do condutor";"Colisão traseira";"Com Vítimas Feridas";"Plena Noite";"Decrescente";"Céu Claro";"Dupla";"Declive;Reta";"Sim";2;0;1;0;0;1;1;2;-7,179652;-34,900417;"SPRF-PB";"DEL01-PB";"UOP02-DEL01-PB"
464366;2022-07-27;"quarta-feira";"19:10:00";"PR";277;48;"MORRETES";"Pedestre andava na pista";"Atropelamento de Pedestre";"Com Vítimas Fatais";"Plena Noite";"Decrescente";"Céu Claro";"Dupla";"Reta;Declive";"Não";2;1;0;0;0;1;0;2;-25,59302836;-48,88200785;"SPRF-PR";"DEL01-PR";"UOP01-DEL01-PR"
464371;2022-07-27;"quarta-feira";"17:50:00";"SC";470;75,2;"INDAIAL";"Ausência de reação do condutor";"Saída de leito carroçável";"Com Vítimas Feridas";"Anoitecer";"Decrescente";"Céu Claro";"Simples";"Reta";"Não";1;0;1;0;0;0;1;1;-26,924833;-49,284004;"SPRF-SC";"DEL04-SC";"UOP01-DEL04-SC"
464374;2022-07-27;"quarta-feira";"20:00:00";"PR";376;616;"SAO JOSE DOS PINHAIS";"Ausência de reação do condutor";"Colisão traseira";"Com Vítimas Feridas";"Plena Noite";"Crescente";"Céu Claro";"Dupla";"Declive;Curva";"Sim";3;0;1;0;1;1;1;3;-25,57583659;-49,17953679;"SPRF-PR";"DEL01-PR";"UOP04-DEL01-PR"
464376;2022-07-27;"quarta-feira";"20:45:00";"PR";116;126;"FAZENDA RIO GRANDE";"Ausência de reação do condutor";"Colisão lateral mesmo sentido";"Sem Vítimas";"Plena Noite";"Decrescente";"Céu Claro";"Dupla";"Reta";"Sim";3;0;0;0;1;3;0;4;-25,635855;-49,313127;"SPRF-PR";"DEL01-PR";"UOP03-DEL01-PR"
464377;2022-07-27;"quarta-feira";"21:10:00";"ES";101;122;"SOORETAMA";"Ultrapassagem Indevida";"Colisão frontal";"Com Vítimas Fatais";"Plena Noite";"Decrescente";"Nublado";"Simples";"Reta";"Não";5;1;0;1;2;1;1;4;-19,16016593;-40,08315314;"SPRF-ES";"DEL04-ES";"UOP01-DEL04-ES"
464383;2022-07-27;"quarta-feira";"22:10:00";"GO";60;368,7;"RIO VERDE";"Reação tardia ou ineficiente do condutor";"Tombamento";"Com Vítimas Feridas";"Plena Noite";"Crescente";"Céu Claro";"Dupla";"Reta";"Não";4;0;3;0;0;1;3;2;-17,6726;-50,8261;"SPRF-GO";"DEL04-GO";"UOP01-DEL04-GO"
464387;2022-07-27;"quarta-feira";"13:15:00";"PR";277;392;"CANDOI";"Mal súbito do condutor";"Colisão frontal";"Com Vítimas Fatais";"Pleno dia";"Crescente";"Céu Claro";"Simples";"Reta";"Não";4;1;1;0;0;3;1;5;-25,44274289;-51,84826801;"SPRF-PR";"DEL08-PR";"UOP01-DEL08-PR"
464389;2022-07-27;"quarta-feira";"21:15:00";"GO";414;437;"ANAPOLIS";"Ingestão de álcool pelo condutor";"Colisão transversal";"Sem Vítimas";"Plena Noite";"Decrescente";"Céu Claro";"Simples";"Reta;Interseção de Vias";"Não";3;0;0;0;2;1;0;3;-16,25657378;-48,93660307;"SPRF-GO";"DEL02-GO";"UOP01-DEL02-GO"
464391;2022-07-27;"quarta-feira";"16:30:00";"MS";163;658,4;"RIO VERDE DE MATO GROSSO";"Retorno proibido";"Colisão transversal";"Com Vítimas Feridas";"Pleno dia";"Crescente";"Sol";"Simples";"Aclive";"Não";3;0;1;0;1;2;1;4;-19,09525346;-54,77344662;"SPRF-MS";"DEL06-MS";"UOP02-DEL06-MS"
464393;2022-07-28;"quinta-feira";"00:30:00";"GO";452;13,1;"RIO VERDE";"Ausência de reação do condutor";"Colisão frontal";"Com Vítimas Feridas";"Pleno dia";"Decrescente";"Céu Claro";"Simples";"Reta";"Não";3;0;0;1;1;1;1;3;-17,83540792;-50,81097597;"SPRF-GO";"DEL04-GO";"UOP01-DEL04-GO"
464396;2022-07-27;"quarta-feira";"23:45:00";"SP";116;406;"MIRACATU";"Condutor Dormindo";"Colisão traseira";"Com Vítimas Feridas";"Plena Noite";"Crescente";"Nublado";"Dupla";"Reta";"Não";3;0;0;1;1;2;1;4;-24,32509593;-47,557608;"SPRF-SP";"DEL04-SP";"UOP02-DEL04-SP"
464398;2022-07-27;"quarta-feira";"23:40:00";"SC";470;268,3;"CURITIBANOS";"Reação tardia ou ineficiente do condutor";"Saída de leito carroçável";"Sem Vítimas";"Plena Noite";"Crescente";"Céu Claro";"Simples";"Reta";"Não";1;0;0;0;0;1;0;1;-27,311771;-50,748844;"SPRF-SC";"DEL05-SC";"UOP03-DEL05-SC"
464403;2022-07-28;"quinta-feira";"01:40:00";"RS";290;56,5;"GLORINHA";"Condutor Dormindo";"Saída de leito carroçável";"Com Vítimas Feridas";"Plena Noite";"Crescente";"Nublado";"Dupla";"Reta";"Não";2;0;1;0;0;1;1;2;-29,917173;-50,824018;"SPRF-RS";"DEL03-RS";"UOP01-DEL03-RS"
464407;2022-07-28;"quinta-feira";"04:30:00";"RN";304;67;"MOSSORO";"Ultrapassagem Indevida";"Tombamento";"Com Vítimas Feridas";"Amanhecer";"Crescente";"Céu Claro";"Simples";"Reta";"Não";2;0;1;0;0;2;1;3;-5,37857529;-37,23882451;"SPRF-RN";"DEL04-RN";"UOP01-DEL04-RN"
464408;2022-07-28;"quinta-feira";"04:15:00";"SP";101;21,3;"UBATUBA";"Condutor deixou de manter distância do veículo da frente";"Colisão traseira";"Com Vítimas Feridas";"Plena Noite";"Decrescente";"Céu Claro";"Simples";"Aclive";"Não";14;0;1;0;13;0;1;2;-23,3353068;-44,93187711;"SPRF-SP";"DEL06-SP";"UOP01-DEL06-SP"
464409;2022-07-28;"quinta-feira";"00:30:00";"PR";376;394;"IMBAU";"Velocidade Incompatível";"Tombamento";"Sem Vítimas";"Plena Noite";"Decrescente";"Céu Claro";"Dupla";"Reta";"Não";2;0;0;0;1;1;0;2;-24,51182909;-50,71246147;"SPRF-PR";"DEL03-PR";"UOP02-DEL03-PR"
464411;2022-07-28;"quinta-feira";"04:45:00";"MG";40;42,7;"PARACATU";"Ausência de reação do condutor";"Colisão traseira";"Sem Vítimas";"Plena Noite";"Crescente";"Céu Claro";"Simples";"Reta";"Sim";3;0;0;0;3;0;0;3;-17,2188441;-46,8666753;"SPRF-MG";"DEL14-MG";"UOP01-DEL14-MG"
464416;2022-07-27;"quarta-feira";"16:05:00";"MT";70;296;"POXOREO";"Ultrapassagem Indevida";"Colisão lateral sentido oposto";"Com Vítimas Feridas";"Pleno dia";"Decrescente";"Céu Claro";"Simples";"Aclive";"Não";4;0;2;0;1;1;2;3;-15,53325988;-54,36769867;"SPRF-MT";"DEL05-MT";"UOP01-DEL05-MT"
464423;2022-07-28;"quinta-feira";"06:50:00";"RO";364;246,3;"CACOAL";"Condutor Dormindo";"Colisão lateral sentido oposto";"Com Vítimas Feridas";"Amanhecer";"Crescente";"Céu Claro";"Simples";"Aclive";"Não";3;0;1;0;1;3;1;5;-11,439371;-61,524097;"SPRF-RO";"DEL02-RO";"UOP02-DEL02-RO"
464424;2022-07-28;"quinta-feira";"06:10:00";"PB";230;122,8;"RIACHAO DO BACAMARTE";"Demais falhas mecânicas ou elétricas";"Incêndio";"Sem Vítimas";"Pleno dia";"Crescente";"Céu Claro";"Simples";"Reta";"Sim";2;0;0;0;1;1;0;2;-7,2466;-35,6577;"SPRF-PB";"DEL02-PB";"UOP01-DEL02-PB"
464425;2022-07-27;"quarta-feira";"20:00:00";"PR";476;98;"BOCAIUVA DO SUL";"Velocidade Incompatível";"Tombamento";"Sem Vítimas";"Plena Noite";"Crescente";"Céu Claro";"Simples";"Curva";"Não";2;0;0;0;0;2;0;2;-25,24007;-49,127075;"SPRF-PR";"DEL01-PR";"UOP01-DEL01-PR"
464426;2022-07-28;"quinta-feira";"03:00:00";"PR";277;38;"MORRETES";"Condutor Dormindo";"Saída de leito carroçável";"Sem Vítimas";"Plena Noite";"Crescente";"Nevoeiro/Neblina";"Dupla";"Curva;Aclive";"Não";2;0;0;0;1;1;0;2;-25,57434338;-48,8551712;"SPRF-PR";"DEL01-PR";"UOP05-DEL01-PR"
464431;2022-07-28;"quinta-feira";"01:30:00";"PI";343;530;"AMARANTE";"Reação tardia ou ineficiente do condutor";"Saída de leito carroçável";"Sem Vítimas";"Plena Noite";"Crescente";"Ignorado";"Simples";"Curva";"Não";2;0;0;0;1;3;0;4;-6,450268;-42,797138;"SPRF-PI";"DEL03-PI";"UOP01-DEL03-PI"
464432;2022-07-28;"quinta-feira";"08:00:00";"MG";267;262,8;"AIURUOCA";"Velocidade Incompatível";"Tombamento";"Com Vítimas Fatais";"Pleno dia";"Decrescente";"Céu Claro";"Simples";"Curva";"Não";2;2;0;0;0;0;0;1;-21,93610724;-44,57398675;"SPRF-MG";"DEL17-MG";"UOP01-DEL17-MG"
464434;2022-07-28;"quinta-feira";"08:00:00";"RJ";40;123;"DUQUE DE CAXIAS";"Reação tardia ou ineficiente do condutor";"Colisão traseira";"Com Vítimas Feridas";"Pleno dia";"Crescente";"Céu Claro";"Dupla";"Reta";"Sim";2;0;0;1;1;0;1;2;-22,78608019;-43,28550558;"SPRF-RJ";"DEL01-RJ";"UOP01-DEL01-RJ"
464435;2022-07-28;"quinta-feira";"06:51:00";"TO";226;26;"PALMEIRAS DO TOCANTINS";"Reação tardia ou ineficiente do condutor";"Colisão com objeto";"Com Vítimas Feridas";"Pleno dia";"Decrescente";"Sol";"Simples";"Em Obras";"Não";2;0;1;0;0;1;1;2;-6,638903;-47,658455;"SPRF-TO";"DEL02-TO";"UOP03-DEL02-TO"
464439;2022-07-27;"quarta-feira";"15:25:00";"MA";135;350,4;"PRESIDENTE DUTRA";"Condutor deixou de manter distância do veículo da frente";"Colisão traseira";"Com Vítimas Feridas";"Pleno dia";"Decrescente";"Sol";"Simples";"Reta";"Não";2;0;0;1;0;1;1;2;-5,377186;-44,46705818;"SPRF-MA";"DEL06-MA";"UOP01-DEL06-MA"
464442;2022-07-28;"quinta-feira";"07:30:00";"GO";60;280;"JANDAIA";"Reação tardia ou ineficiente do condutor";"Saída de leito carroçável";"Sem Vítimas";"Pleno dia";"Crescente";"Céu Claro";"Dupla";"Reta";"Não";2;0;0;0;1;2;0;3;-17,2373;-50,2072;"SPRF-GO";"DEL04-GO";"UOP01-DEL04-GO"
464444;2022-07-28;"quinta-feira";"09:00:00";"CE";116;128;"RUSSAS";"Demais falhas mecânicas ou elétricas";"Incêndio";"Sem Vítimas";"Pleno dia";"Decrescente";"Céu Claro";"Simples";"Reta";"Não";1;0;0;0;1;0;0;1;-4,72478809;-38,0860534;"SPRF-CE";"DEL03-CE";"UOP01-DEL03-CE"
464447;2022-07-28;"quinta-feira";"10:30:00";"BA";324;519;"FEIRA DE SANTANA";"Reação tardia ou ineficiente do condutor";"Queda de ocupante de veículo";"Com Vítimas Feridas";"Pleno dia";"Crescente";"Nublado";"Dupla";"Reta";"Sim";2;0;0;1;1;0;1;1;-12,277553;-38,92833;"SPRF-BA";"DEL02-BA";"UOP01-DEL02-BA"
464448;2022-07-28;"quinta-feira";"09:45:00";"MT";163;862;"SINOP";"Ausência de reação do condutor";"Colisão traseira";"Sem Vítimas";"Pleno dia";"Crescente";"Céu Claro";"Simples";"Declive";"Não";3;0;0;0;2;5;0;7;-11,75115501;-55,46655695;"SPRF-MT";"DEL06-MT";"NPF/DEL06-MT"
464453;2022-07-28;"quinta-feira";"06:30:00";"MG";50;105;"UBERABA";"Reação tardia ou ineficiente do condutor";"Colisão traseira";"Com Vítimas Feridas";"Amanhecer";"Decrescente";"Céu Claro";"Dupla";"Reta";"Não";4;0;1;0;2;1;1;3;-19,1797979;-48,15768268;"SPRF-MG";"DEL13-MG";"UOP01-DEL13-MG"
464459;2022-07-06;"quarta-feira";"17:00:00";"PR";158;532,8;"PATO BRANCO";"Desrespeitar a preferência no cruzamento";"Colisão transversal";"Com Vítimas Feridas";"Pleno dia";"Decrescente";"Céu Claro";"Dupla";"Interseção de Vias;Reta";"Sim";2;0;1;0;1;0;1;2;-26,21840259;-52,6812458;"SPRF-PR";"DEL02-PR";"UOP01-DEL02-PR"