"id";"data_inversa";"dia_semana";"horario";"uf";"br";"km";"municipio";"causa_acidente";"tipo_acidente";"classificacao_acidente";"fase_dia";"sentido_via";"condicao_metereologica";"tipo_pista";"tracado_via";"uso_solo";"pessoas";"mortos";"feridos_leves";"feridos_graves";"ilesos";"ignorados";"feridos";"veiculos";"latitude";"longitude";"regional";"delegacia";"uop"
464460;2022-07-28;"quinta-feira";"10:48:00";"AL";101;62;"MESSIAS";"Reação tardia ou ineficiente do condutor";"Tombamento";"Com Vítimas Feridas";"Pleno dia";"Crescente";"Chuva";"Dupla";"Curva";"Não";2;0;1;0;0;1;1;2;-9,30153295;-35,82114728;"SPRF-AL";"DEL01-AL";"UOP02-DEL01-AL"
464463;2022-07-28;"quinta-feira";"08:30:00";"SC";282;557,9;"NOVA ITABERABA";"Acessar a via sem observar a presença dos outros veículos";"Colisão transversal";"Com Vítimas Feridas";"Pleno dia";"Decrescente";"Céu Claro";"Simples";"Curva";"Não";4;0;1;0;3;0;1;2;-26,932125;-52,829117;"SPRF-SC";"DEL07-SC";"UOP01-DEL07-SC"
464471;2022-07-28;"quinta-feira";"10:30:00";"CE";402;295,5;"UMIRIM";"Pista esburacada";"Colisão lateral sentido oposto";"Sem Vítimas";"Pleno dia";"Crescente";"Céu Claro";"Simples";"Curva";"Não";2;0;0;0;2;0;0;2;-3,66394565;-39,40929572;"SPRF-CE";"DEL01-CE";"UOP03-DEL01-CE"
464472;2022-07-20;"quarta-feira";"10:00:00";"BA";324;512;"FEIRA DE SANTANA";"Ausência de reação do condutor";"Colisão com objeto";"Sem Vítimas";"Pleno dia";"Decrescente";"Nublado";"Dupla";"Rotatória";"Sim";2;0;0;0;1;2;0;3;-12,22991043;-38,96462202;"SPRF-BA";"DEL02-BA";"UOP01-DEL02-BA"
464475;2022-07-28;"quinta-feira";"13:35:00";"SC";101;202,2;"SAO JOSE";"Manobra de mudança de faixa";"Colisão traseira";"Com Vítimas Feridas";"Pleno dia";"Crescente";"Céu Claro";"Múltipla";"Reta";"Sim";4;0;1;0;2;1;1;3;-27,55711595;-48,61897889;"SPRF-SC";"DEL01-SC";"UOP01-DEL01-SC"
464477;2022-07-28;"quinta-feira";"08:30:00";"MG";381;694;"LAVRAS";"Condutor usando celular";"Colisão traseira";"Sem Vítimas";"Pleno dia";"Crescente";"Céu Claro";"Dupla";"Declive;Reta";"Não";4;0;0;0;3;2;0;4;-21,26844225;-45,13721743;"SPRF-MG";"DEL04-MG";"UOP02-DEL04-MG"
464480;2022-07-28;"quinta-feira";"13:45:00";"PE";101;80;"JABOATAO DOS GUARARAPES";"Condutor deixou de manter distância do veículo da frente";"Colisão lateral mesmo sentido";"Com Vítimas Feridas";"Pleno dia";"Decrescente";"Céu Claro";"Dupla";"Reta";"Sim";4;0;1;0;2;2;1;4;-8,152057;-34,942513;"SPRF-PE";"DEL01-PE";"UOP01-DEL01-PE"
464483;2022-07-28;"quinta-feira";"09:40:00";"MS";267;35;"BATAGUASSU";"Ausência de reação do condutor";"Incêndio";"Sem Vítimas";"Pleno dia";"Decrescente";"Céu Claro";"Dupla";"Reta";"Não";2;0;0;0;1;1;0;2;-21,74649084;-52,47205115;"SPRF-MS";"DEL02-MS";"UOP04-DEL02-MS"
464484;2022-07-28;"quinta-feira";"14:00:00";"MG";365;584;"UBERLANDIA";"Ingestão de álcool pelo condutor";"Tombamento";"Sem Vítimas";"Pleno dia";"Crescente";"Céu Claro";"Simples";"Reta";"Não";2;0;0;0;1;2;0;3;-18,86833406;-48,02201396;"SPRF-MG";"DEL15-MG";"UOP02-DEL15-MG"
464488;2022-07-28;"quinta-feira";"15:20:00";"SE";235;44,5;"ITABAIANA";"Pedestre cruzava a pista fora da faixa";"Atropelamento de Pedestre";"Com Vítimas Feridas";"Pleno dia";"Decrescente";"Nublado";"Simples";"Declive";"Sim";2;0;0;1;1;0;1;2;-10,75489;-37,394836;"SPRF-SE";"DEL01-SE";"UOP02-DEL01-SE"
464493;2022-07-04;"segunda-feira";"12:55:00";"MS";163;822;"SONORA";"Acesso irregular";"Colisão traseira";"Com Vítimas Feridas";"Pleno dia";"Decrescente";"Céu Claro";"Simples";"Declive";"Não";6;0;4;0;1;3;4;5;-17,73434292;-54,75725356;"SPRF-MS";"DEL06-MS";"UOP01-DEL06-MS"
464499;2022-03-17;"quinta-feira";"15:30:00";"MS";262;4;"TRES LAGOAS";"Reação tardia ou ineficiente do condutor";"Eventos atípicos";"Sem Vítimas";"Pleno dia";"Decrescente";"Céu Claro";"Simples";"Declive;Reta";"Sim";3;0;0;0;3;0;0;2;-20,782074;-51,65705;"SPRF-MS";"DEL07-MS";"UOP01-DEL07-MS"
464500;2022-07-28;"quinta-feira";"17:08:00";"MG";116;584;"MANHUACU";"Velocidade Incompatível";"Colisão lateral mesmo sentido";"Com Vítimas Feridas";"Pleno dia";"Crescente";"Céu Claro";"Simples";"Reta";"Não";7;0;5;0;1;1;5;3;-20,22302088;-42,17880872;"SPRF-MG";"DEL06-MG";"UOP03-DEL06-MG"
464501;2022-07-18;"segunda-feira";"06:30:00";"PI";343;211,4;"CAPITAO DE CAMPOS";"Transitar no acostamento";"Colisão traseira";"Com Vítimas Fatais";"Pleno dia";"Crescente";"Céu Claro";"Simples";"Reta";"Não";3;1;0;0;1;1;0;3;-4,445459;-41,922016;"SPRF-PI";"DEL02-PI";"UOP01-DEL02-PI"
464508;2022-07-28;"quinta-feira";"14:20:00";"MA";10;276,9;"IMPERATRIZ";"Condutor deixou de manter distância do veículo da frente";"Colisão traseira";"Com Vítimas Feridas";"Pleno dia";"Decrescente";"Sol";"Simples";"Reta";"Não";3;0;1;0;1;4;1;6;-5,321293;-47,492573;"SPRF-MA";"DEL04-MA";"UOP01-DEL04-MA"
464512;2022-07-28;"quinta-feira";"06:40:00";"BA";116;405;"SANTA BARBARA";"Ausência de reação do condutor";"Colisão com objeto";"Sem Vítimas";"Pleno dia";"Crescente";"Chuva";"Simples";"Reta";"Não";2;0;0;0;1;1;0;2;-12,072906;-38,969604;"SPRF-BA";"DEL02-BA";"UOP01-DEL02-BA"
464522;2022-07-28;"quinta-feira";"15:30:00";"PR";376;412;"TIBAGI";"Ausência de reação do condutor";"Colisão traseira";"Com Vítimas Feridas";"Pleno dia";"Decrescente";"Céu Claro";"Dupla";"Aclive";"Não";3;0;1;0;1;3;1;5;-24,68015131;-50,59555545;"SPRF-PR";"DEL03-PR";"UOP02-DEL03-PR"
464528;2022-07-28;"quinta-feira";"17:40:00";"MG";50;9,9;"UBERLANDIA";"Ausência de reação do condutor";"Colisão traseira";"Com Vítimas Feridas";"Pleno dia";"Decrescente";"Céu Claro";"Dupla";"Em Obras;Reta";"Não";4;0;0;1;3;0;1;2;-18,9113;-48,2622;"SPRF-MG";"DEL15-MG";"UOP01-DEL15-MG"
464530;2022-07-28;"quinta-feira";"20:00:00";"MG";381;524;"BRUMADINHO";"Avarias e/ou desgaste excessivo no pneu";"Incêndio";"Com Vítimas Feridas";"Plena Noite";"Decrescente";"Céu Claro";"Dupla";"Curva";"Não";2;0;1;0;0;1;1;2;-20,160736;-44,329843;"SPRF-MG";"DEL04-MG";"UOP03-DEL04-MG"
464533;2022-07-28;"quinta-feira";"20:00:00";"SP";116;299;"SAO LOURENCO DA SERRA";"Ausência de reação do condutor";"Colisão traseira";"Com Vítimas Feridas";"Plena Noite";"Crescente";"Céu Claro";"Múltipla";"Reta";"Não";2;0;0;1;1;0;1;2;-23,79881101;-46,91523899;"SPRF-SP";"DEL04-SP";"UOP01-DEL04-SP"
464535;2022-07-28;"quinta-feira";"18:40:00";"PI";230;27;"FRONTEIRAS";"Transitar na contramão";"Colisão frontal";"Com Vítimas Feridas";"Plena Noite";"Crescente";"Céu Claro";"Simples";"Reta";"Não";3;0;0;1;1;2;1;4;-7,10380871;-40,69727503;"SPRF-PI";"DEL04-PI";"UOP03-DEL04-PI"
464537;2022-07-28;"quinta-feira";"15:30:00";"MT";364;347,2;"SANTO ANTONIO DO LEVERGER";"Reação tardia ou ineficiente do condutor";"Colisão traseira";"Com Vítimas Feridas";"Pleno dia";"Decrescente";"Céu Claro";"Dupla";"Reta;Aclive";"Não";3;0;0;1;1;2;1;4;-15,807347;-55,54692;"SPRF-MT";"DEL05-MT";"UOP02-DEL05-MT"
464546;2022-07-28;"quinta-feira";"21:10:00";"MT";70;382;"CAMPO VERDE";"Ausência de reação do condutor";"Colisão frontal";"Com Vítimas Feridas";"Plena Noite";"Crescente";"Céu Claro";"Simples";"Reta";"Não";3;0;0;1;1;1;1;3;-15,5271639;-55,1308021;"SPRF-MT";"DEL05-MT";"UOP02-DEL05-MT"
464552;2022-07-28;"quinta-feira";"23:00:00";"PR";116;26;"CAMPINA GRANDE DO SUL";"Demais falhas mecânicas ou elétricas";"Tombamento";"Com Vítimas Feridas";"Plena Noite";"Decrescente";"Nublado";"Dupla";"Curva";"Sim";2;0;1;0;0;1;1;2;-25,10683694;-48,785333;"SPRF-PR";"DEL01-PR";"UOP02-DEL01-PR"
464554;2022-07-28;"quinta-feira";"22:15:00";"MT";163;109;"RONDONOPOLIS";"Condutor deixou de manter distância do veículo da frente";"Colisão traseira";"Com Vítimas Feridas";"Plena Noite";"Crescente";"Céu Claro";"Dupla";"Reta;Aclive";"Não";3;0;1;0;1;3;1;5;-16,58644808;-54,69021581;"SPRF-MT";"DEL02-MT";"UOP01-DEL02-MT"
464556;2022-07-28;"quinta-feira";"23:50:00";"RJ";101;74;"CAMPOS DOS GOYTACAZES";"Pedestre cruzava a pista fora da faixa";"Atropelamento de Pedestre";"Com Vítimas Feridas";"Plena Noite";"Crescente";"Céu Claro";"Dupla";"Reta";"Sim";2;0;1;0;1;0;1;2;-21,807232;-41,39734312;"SPRF-RJ";"DEL08-RJ";"UOP02-DEL08-RJ"
464560;2022-07-28;"quinta-feira";"22:10:00";"SC";282;496,1;"XANXERE";"Transitar na contramão";"Colisão frontal";"Com Vítimas Fatais";"Plena Noite";"Crescente";"Chuva";"Simples";"Reta";"Não";3;1;0;0;1;1;0;3;-26,876416;-52,33005;"SPRF-SC";"DEL07-SC";"UOP01-DEL07-SC"
464563;2022-07-28;"quinta-feira";"23:20:00";"MT";163;55,8;"RONDONOPOLIS";"Condutor Dormindo";"Saída de leito carroçável";"Com Vítimas Feridas";"Plena Noite";"Decrescente";"Céu Claro";"Dupla";"Ponte";"Não";2;0;1;0;0;3;1;4;-17,03023299;-54,76417913;"SPRF-MT";"DEL02-MT";"UOP01-DEL02-MT"
464564;2022-07-29;"sexta-feira";"01:30:00";"BA";324;476;"TANQUINHO";"Carga excessiva e/ou mal acondicionada";"Saída de leito carroçável";"Com Vítimas Feridas";"Plena Noite";"Decrescente";"Céu Claro";"Simples";"Curva";"Não";1;0;1;0;0;0;1;1;-11,98125234;-39,0929941;"SPRF-BA";"DEL02-BA";"UOP01-DEL02-BA"
464569;2022-07-29;"sexta-feira";"03:40:00";"SC";470;141;"RIO DO SUL";"Ingestão de álcool pelo condutor";"Colisão frontal";"Com Vítimas Feridas";"Plena Noite";"Crescente";"Nublado";"Simples";"Curva";"Sim";4;0;1;0;2;2;1;5;-27,20952609;-49,65187311;"SPRF-SC";"DEL04-SC";"UOP02-DEL04-SC"
464570;2022-07-29;"sexta-feira";"04:05:00";"SC";101;103;"BALNEARIO PICARRAS";"Manobra de mudança de faixa";"Colisão lateral mesmo sentido";"Com Vítimas Feridas";"Plena Noite";"Decrescente";"Chuva";"Dupla";"Reta";"Não";7;0;3;1;2;1;4;3;-26,7832381;-48,68314632;"SPRF-SC";"DEL03-SC";"UOP02-DEL03-SC"
464572;2022-07-29;"sexta-feira";"05:20:00";"BA";116;849,7;"VITORIA DA CONQUISTA";"Reação tardia ou ineficiente do condutor";"Engavetamento";"Com Vítimas Feridas";"Amanhecer";"Decrescente";"Nublado";"Simples";"Reta";"Não";5;0;0;1;3;3;1;7;-15,06085183;-40,98896027;"SPRF-BA";"DEL08-BA";"UOP01-DEL08-BA"
464573;2022-07-29;"sexta-feira";"05:20:00";"GO";60;61;"ABADIANIA";"Estacionar ou parar em local proibido";"Colisão traseira";"Com Vítimas Feridas";"Amanhecer";"Crescente";"Céu Claro";"Dupla";"Reta;Retorno Regulamentado";"Sim";2;0;1;0;1;0;1;2;-16,1903;-48,7114;"SPRF-GO";"DEL02-GO";"UOP01-DEL02-GO"
464581;2022-07-02;"sábado";"18:35:00";"PR";277;234;"FERNANDES PINHEIRO";"Velocidade Incompatível";"Tombamento";"Com Vítimas Feridas";"Anoitecer";"Decrescente";"Céu Claro";"Simples";"Rotatória";"Não";2;0;1;0;0;2;1;3;-25,47103055;-50,49767186;"SPRF-PR";"DEL08-PR";"UOP02-DEL08-PR"
464582;2022-07-28;"quinta-feira";"18:50:00";"PR";277;347,8;"GUARAPUAVA";"Desrespeitar a preferência no cruzamento";"Colisão transversal";"Com Vítimas Feridas";"Plena Noite";"Crescente";"Céu Claro";"Simples";"Reta";"Sim";3;0;1;1;1;0;2;2;-25,373358;-51,501438;"SPRF-PR";"DEL08-PR";"UOP01-DEL08-PR"
464589;2022-07-29;"sexta-feira";"05:00:00";"MG";381;158,8;"GOVERNADOR VALADARES";"Velocidade Incompatível";"Saída de leito carroçável";"Com Vítimas Feridas";"Plena Noite";"Decrescente";"Céu Claro";"Simples";"Rotatória";"Sim";3;0;2;0;0;1;2;2;-18,91795246;-42,01337465;"SPRF-MG";"DEL06-MG";"UOP01-DEL06-MG"
464590;2022-06-27;"segunda-feira";"09:00:00";"MG";365;175,5;"BURITIZEIRO";"Condutor usando celular";"Colisão frontal";"Com Vítimas Feridas";"Pleno dia";"Crescente";"Céu Claro";"Simples";"Reta";"Não";3;0;0;2;0;2;2;4;-17,413035;-45,035545;"SPRF-MG";"DEL12-MG";"UOP01-DEL12-MG"
464592;2022-07-29;"sexta-feira";"06:00:00";"BA";116;201;"EUCLIDES DA CUNHA";"Ausência de reação do condutor";"Saída de leito carroçável";"Com Vítimas Feridas";"Pleno dia";"Crescente";"Céu Claro";"Simples";"Reta";"Não";4;0;2;0;1;1;2;2;-10,46015912;-39,02689788;"SPRF-BA";"DEL07-BA";"UOP02-DEL07-BA"
464595;2022-07-29;"sexta-feira";"07:45:00";"RJ";116;103;"GUAPIMIRIM";"Velocidade Incompatível";"Colisão lateral sentido oposto";"Com Vítimas Feridas";"Pleno dia";"Crescente";"Céu Claro";"Simples";"Curva";"Não";3;0;2;0;1;0;2;2;-22,5031646;-42,99910415;"SPRF-RJ";"DEL04-RJ";"UOP01-DEL04-RJ"
464597;2022-07-29;"sexta-feira";"07:55:00";"PR";116;119;"CURITIBA";"Reação tardia ou ineficiente do condutor";"Colisão lateral mesmo sentido";"Com Vítimas Feridas";"Pleno dia";"Decrescente";"Nublado";"Dupla";"Reta";"Não";4;0;1;0;2;2;1;4;-25,5763;-49,311985;"SPRF-PR";"DEL01-PR";"UOP06-DEL01-PR"
464599;2022-07-29;"sexta-feira";"08:30:00";"MG";40;673;"CARANDAI";"Velocidade Incompatível";"Tombamento";"Com Vítimas Feridas";"Pleno dia";"Decrescente";"Céu Claro";"Simples";"Declive;Curva";"Não";2;0;0;1;0;1;1;2;-20,98990688;-43,7813578;"SPRF-MG";"DEL05-MG";"UOP02-DEL05-MG"
464602;2022-07-29;"sexta-feira";"08:20:00";"PB";230;20,1;"JOAO PESSOA";"Reação tardia ou ineficiente do condutor";"Engavetamento";"Sem Vítimas";"Pleno dia";"Crescente";"Nublado";"Dupla";"Interseção de Vias;Viaduto;Curva;Aclive";"Sim";4;0;0;0;4;0;0;4;-7,1369551;-34,85412352;"SPRF-PB";"DEL01-PB";"UOP01-DEL01-PB"
464604;2022-07-29;"sexta-feira";"06:42:00";"PR";277;597;"CASCAVEL";"Manobra de mudança de faixa";"Saída de leito carroçável";"Sem Vítimas";"Pleno dia";"Decrescente";"Céu Claro";"Dupla";"Reta";"Sim";8;0;0;0;8;0;0;8;-24,99513602;-53,51418998;"SPRF-PR";"DEL04-PR";"UOP01-DEL04-PR"
464605;2022-07-29;"sexta-feira";"08:20:00";"SC";101;201,3;"SAO JOSE";"Manobra de mudança de faixa";"Colisão lateral mesmo sentido";"Sem Vítimas";"Pleno dia";"Crescente";"Céu Claro";"Dupla";"Reta";"Sim";3;0;0;0;2;1;0;3;-27,54836599;-48,61977975;"SPRF-SC";"DEL01-SC";"UOP01-DEL01-SC"
464609;2022-07-29;"sexta-feira";"08:40:00";"BA";367;83;"EUNAPOLIS";"Desrespeitar a preferência no cruzamento";"Colisão transversal";"Com Vítimas Feridas";"Pleno dia";"Decrescente";"Sol";"Simples";"Reta";"Sim";2;0;1;0;1;0;1;2;-16,37256267;-39,57064408;"SPRF-BA";"DEL09-BA";"UOP03-DEL09-BA"
464612;2022-07-29;"sexta-feira";"08:30:00";"MT";163;685;"LUCAS DO RIO VERDE";"Reação tardia ou ineficiente do condutor";"Colisão traseira";"Com Vítimas Feridas";"Pleno dia";"Decrescente";"Céu Claro";"Simples";"Reta;Aclive";"Sim";30;0;1;0;29;0;1;2;-13,1999472;-55,99347257;"SPRF-MT";"DEL06-MT";"UOP01-DEL06-MT"
464614;2022-07-29;"sexta-feira";"09:35:00";"ES";101;172;"LINHARES";"Condutor Dormindo";"Colisão lateral sentido oposto";"Com Vítimas Feridas";"Pleno dia";"Crescente";"Céu Claro";"Simples";"Reta";"Não";7;0;2;0;4;2;2;6;-19,56471105;-40,17869594;"SPRF-ES";"DEL04-ES";"UOP01-DEL04-ES"
464616;2022-07-29;"sexta-feira";"07:00:00";"PR";476;158;"ARAUCARIA";"Reação tardia ou ineficiente do condutor";"Colisão lateral sentido oposto";"Com Vítimas Feridas";"Pleno dia";"Decrescente";"Chuva";"Simples";"Reta";"Não";2;0;1;0;0;1;1;2;-25,577307;-49,392338;"SPRF-PR";"DEL01-PR";"UOP03-DEL01-PR"
464617;2022-07-29;"sexta-feira";"10:10:00";"RJ";393;116;"SAPUCAIA";"Demais falhas mecânicas ou elétricas";"Tombamento";"Com Vítimas Feridas";"Pleno dia";"Decrescente";"Céu Claro";"Simples";"Curva";"Não";5;0;4;0;0;1;4;2;-21,91521041;-42,75298988;"SPRF-RJ";"DEL05-RJ";"UOP01-DEL05-RJ"
464620;2022-07-29;"sexta-feira";"09:40:00";"SC";101;213,2;"PALHOCA";"Ausência de reação do condutor";"Colisão traseira";"Com Vítimas Feridas";"Pleno dia";"Decrescente";"Céu Claro";"Dupla";"Reta";"Sim";2;0;1;0;1;0;1;2;-27,63697369;-48,66514142;"SPRF-SC";"DEL01-SC";"UOP02-DEL01-SC"
464624;2022-07-29;"sexta-feira";"08:30:00";"RJ";116;222;"PIRAI";"Condutor Dormindo";"Tombamento";"Com Vítimas Feridas";"Pleno dia";"Decrescente";"Céu Claro";"Simples";"Curva";"Não";2;0;1;0;0;1;1;2;-22,68054939;-43,83699417;"SPRF-RJ";"DEL07-RJ";"UOP01-DEL07-RJ"
464626;2022-07-29;"sexta-feira";"10:20:00";"TO";153;499;"PARAISO DO TOCANTINS";"Acessar a via sem observar a presença dos outros veículos";"Colisão transversal";"Com Vítimas Feridas";"Pleno dia";"Crescente";"Céu Claro";"Simples";"Interseção de Vias";"Não";4;0;1;1;1;1;2;3;-10,21130856;-48,87421111;"SPRF-TO";"DEL01-TO";"UOP01-DEL01-TO"
464631;2022-07-29;"sexta-feira";"09:55:00";"MG";365;605,7;"UBERLANDIA";"Demais falhas mecânicas ou elétricas";"Incêndio";"Sem Vítimas";"Pleno dia";"Crescente";"Céu Claro";"Simples";"Reta;Aclive";"Não";2;0;0;0;1;2;0;3;-18,91046419;-48,17036078;"SPRF-MG";"DEL15-MG";"UOP01-DEL15-MG"
464636;2022-07-29;"sexta-feira";"10:40:00";"RS";386;94;"SAGRADA FAMILIA";"Ultrapassagem Indevida";"Colisão lateral mesmo sentido";"Com Vítimas Feridas";"Pleno dia";"Decrescente";"Céu Claro";"Simples";"Declive";"Não";6;0;0;3;3;0;3;4;-27,743614;-53,156094;"SPRF-RS";"DEL08-RS";"UOP01-DEL08-RS"
464640;2022-07-29;"sexta-feira";"11:10:00";"MG";381;503,5;"BETIM";"Ausência de reação do condutor";"Colisão traseira";"Com Vítimas Feridas";"Pleno dia";"Crescente";"Sol";"Dupla";"Aclive;Curva";"Sim";3;0;0;1;1;1;1;3;-20,04164508;-44,26386697;"SPRF-MG";"DEL01-MG";"UOP03-DEL01-MG"
464643;2022-07-29;"sexta-feira";"11:30:00";"GO";60;198;"GUAPO";"Carga excessiva e/ou mal acondicionada";"Eventos atípicos";"Sem Vítimas";"Pleno dia";"Crescente";"Céu Claro";"Dupla";"Reta";"Não";5;0;0;0;5;0;0;2;-16,8596;-49,6031;"SPRF-GO";"DEL01-GO";"UOP02-DEL01-GO"
464644;2022-07-29;"sexta-feira";"11:19:00";"SC";101;119;"ITAJAI";"Condutor deixou de manter distância do veículo da frente";"Engavetamento";"Com Vítimas Feridas";"Pleno dia";"Decrescente";"Céu Claro";"Dupla";"Reta";"Sim";5;0;1;0;3;1;1;4;-26,9043179;-48,71555481;"SPRF-SC";"DEL04-SC";"UOP04-DEL04-SC"
464654;2022-07-29;"sexta-feira";"13:20:00";"SC";101;202;"SAO JOSE";"Condutor deixou de manter distância do veículo da frente";"Colisão traseira";"Com Vítimas Feridas";"Pleno dia";"Decrescente";"Céu Claro";"Múltipla";"Reta";"Sim";3;0;1;0;2;0;1;3;-27,55711595;-48,61897889;"SPRF-SC";"DEL01-SC";"UOP01-DEL01-SC"
464657;2022-07-29;"sexta-feira";"11:20:00";"MG";381;938,2;"EXTREMA";"Velocidade Incompatível";"Tombamento";"Com Vítimas Feridas";"Pleno dia";"Crescente";"Céu Claro";"Dupla";"Curva";"Não";2;0;1;0;0;2;1;3;-22,83909203;-46,32850893;"SPRF-MG";"DEL16-MG";"UOP03-DEL16-MG"
464677;2022-07-29;"sexta-feira";"15:20:00";"RJ";116;165;"RIO DE JANEIRO";"Condutor deixou de manter distância do veículo da frente";"Colisão traseira";"Com Vítimas Feridas";"Pleno dia";"Crescente";"Nublado";"Múltipla";"Reta";"Sim";2;0;1;0;1;0;1;2;-22,81548519;-43,29087405;"SPRF-RJ";"DEL01-RJ";"UOP02-DEL01-RJ"
464681;2022-06-03;"sexta-feira";"16:20:00";"SP";116;207;"GUARULHOS";"Mal súbito do condutor";"Colisão lateral mesmo sentido";"Com Vítimas Feridas";"Anoitecer";"Decrescente";"Nublado";"Dupla";"Reta";"Sim";4;0;1;0;2;1;1;3;-23,41972188;-46,38419203;"SPRF-SP";"DEL01-SP";"UOP01-DEL01-SP"
464684;2022-07-29;"sexta-feira";"11:00:00";"PR";116;98;"SAO JOSE DOS PINHAIS";"Manobra de mudança de faixa";"Colisão lateral mesmo sentido";"Sem Vítimas";"Pleno dia";"Decrescente";"Céu Claro";"Dupla";"Reta";"Sim";3;0;0;0;2;4;0;6;-25,51973222;-49,13431573;"SPRF-PR";"DEL01-PR";"UOP01-DEL01-PR"
464689;2022-07-29;"sexta-feira";"16:10:00";"RS";290;161;"BUTIA";"Condutor deixou de manter distância do veículo da frente";"Colisão traseira";"Com Vítimas Feridas";"Pleno dia";"Crescente";"Céu Claro";"Simples";"Reta";"Não";2;0;0;1;0;1;1;2;-30,112318;-51,818535;"SPRF-RS";"DEL02-RS";"UOP01-DEL02-RS"
464690;2022-07-29;"sexta-feira";"14:35:00";"TO";153;195,2;"NOVA OLINDA";"Manobra de mudança de faixa";"Colisão frontal";"Com Vítimas Feridas";"Pleno dia";"Decrescente";"Sol";"Simples";"Reta";"Não";3;0;1;0;1;2;1;4;-7,60353185;-48,42417132;"SPRF-TO";"DEL02-TO";"UOP01-DEL02-TO"
464691;2022-07-29;"sexta-feira";"15:22:00";"PB";101;88;"BAYEUX";"Ingestão de álcool pelo condutor";"Engavetamento";"Com Vítimas Feridas";"Pleno dia";"Crescente";"Céu Claro";"Dupla";"Reta";"Sim";3;0;1;0;1;1;1;3;-7,16470016;-34,89993643;"SPRF-PB";"DEL01-PB";"UOP01-DEL01-PB"
464694;2022-07-29;"sexta-feira";"14:40:00";"MG";365;819;"SANTA VITORIA";"Manobra de mudança de faixa";"Saída de leito carroçável";"Com Vítimas Feridas";"Pleno dia";"Decrescente";"Céu Claro";"Simples";"Aclive";"Não";4;0;1;0;1;3;1;5;-18,87847363;-50,08625494;"SPRF-MG";"DEL15-MG";"UOP03-DEL15-MG"
464705;2022-07-29;"sexta-feira";"16:00:00";"BA";101;120;"ALAGOINHAS";"Velocidade Incompatível";"Colisão lateral sentido oposto";"Com Vítimas Feridas";"Pleno dia";"Crescente";"Céu Claro";"Simples";"Reta";"Não";4;0;1;1;1;1;2;4;-12,16103619;-38,5648919;"SPRF-BA";"DEL01-BA";"UOP04-DEL01-BA"
464708;2022-07-29;"sexta-feira";"11:40:00";"MT";364;447;"VARZEA GRANDE";"Demais Fenômenos da natureza";"Incêndio";"Sem Vítimas";"Pleno dia";"Decrescente";"Céu Claro";"Simples";"Reta";"Não";2;0;0;0;1;1;0;2;-15,60571404;-56,20307623;"SPRF-MT";"DEL01-MT";"UOP02-DEL01-MT"
464709;2022-07-29;"sexta-feira";"16:30:00";"PA";316;41,2;"SANTA IZABEL DO PARA";"Manobra de mudança de faixa";"Saída de leito carroçável";"Com Vítimas Feridas";"Anoitecer";"Decrescente";"Chuva";"Dupla";"Curva";"Não";4;0;3;0;0;1;3;2;-1,278197;-48,111207;"SPRF-PA";"DEL01-PA";"UOP01-DEL01-PA"
464722;2022-07-29;"sexta-feira";"16:45:00";"RO";364;516;"ARIQUEMES";"Entrada inopinada do pedestre";"Atropelamento de Pedestre";"Com Vítimas Feridas";"Pleno dia";"Crescente";"Céu Claro";"Simples";"Reta";"Sim";2;0;0;1;1;0;1;2;-9,915961;-63,05532;"SPRF-RO";"DEL03-RO";"UOP01-DEL03-RO"
464723;2022-07-29;"sexta-feira";"16:45:00";"MG";40;606;"CONGONHAS";"Acessar a via sem observar a presença dos outros veículos";"Colisão transversal";"Com Vítimas Feridas";"Pleno dia";"Crescente";"Céu Claro";"Simples";"Reta";"Sim";2;0;1;0;1;0;1;2;-20,46834617;-43,84095284;"SPRF-MG";"DEL05-MG";"UOP02-DEL05-MG"
464729;2022-07-09;"sábado";"06:30:00";"PA";163;76;"ALTAMIRA";"Velocidade Incompatível";"Colisão lateral mesmo sentido";"Sem Vítimas";"Amanhecer";"Crescente";"Céu Claro";"Simples";"Aclive";"Não";4;0;0;0;3;7;0;10;-8,95983004;-54,98194821;"SPRF-PA";"DEL05-PA";"UOP01-DEL05-PA"
464734;2022-07-29;"sexta-feira";"18:06:00";"SP";116;501;"CAJATI";"Velocidade Incompatível";"Saída de leito carroçável";"Com Vítimas Fatais";"Anoitecer";"Crescente";"Céu Claro";"Simples";"Curva";"Não";2;1;0;0;0;1;0;2;-24,77859381;-48,1923679;"SPRF-SP";"DEL05-SP";"UOP02-DEL05-SP"
464740;2022-07-29;"sexta-feira";"19:10:00";"SE";101;75,3;"MARUIM";"Condutor deixou de manter distância do veículo da frente";"Colisão traseira";"Com Vítimas Feridas";"Plena Noite";"Decrescente";"Céu Claro";"Simples";"Em Obras;Reta";"Não";3;0;0;1;1;1;1;3;-10,76855579;-37,11840018;"SPRF-SE";"DEL01-SE";"UOP01-DEL01-SE"
464751;2022-07-29;"sexta-feira";"18:40:00";"SC";116;9,5;"MAFRA";"Demais falhas mecânicas ou elétricas";"Incêndio";"Sem Vítimas";"Anoitecer";"Decrescente";"Céu Claro";"Simples";"Reta";"Não";2;0;0;0;1;3;0;4;-26,16297778;-49,84696715;"SPRF-SC";"DEL06-SC";"UOP01-DEL06-SC"
464752;2022-07-29;"sexta-feira";"17:14:00";"MG";381;536,4;"ITATIAIUCU";"Velocidade Incompatível";"Tombamento";"Com Vítimas Feridas";"Pleno dia";"Crescente";"Céu Claro";"Simples";"Curva";"Não";1;0;1;0;0;0;1;1;-20,22443302;-44,39530859;"SPRF-MG";"DEL04-MG";"UOP03-DEL04-MG"