"id";"data_inversa";"dia_semana";"horario";"uf";"br";"km";"municipio";"causa_acidente";"tipo_acidente";"classificacao_acidente";"fase_dia";"sentido_via";"condicao_metereologica";"tipo_pista";"tracado_via";"uso_solo";"pessoas";"mortos";"feridos_leves";"feridos_graves";"ilesos";"ignorados";"feridos";"veiculos";"latitude";"longitude";"regional";"delegacia";"uop"
464753;2022-07-29;"sexta-feira";"19:50:00";"CE";222;21;"CAUCAIA";"Conversão proibida";"Colisão traseira";"Com Vítimas Feridas";"Plena Noite";"Decrescente";"Céu Claro";"Simples";"Reta";"Não";2;0;1;0;0;1;1;2;-3,73715313;-38,74293507;"SPRF-CE";"DEL01-CE";"UOP01-DEL01-CE"
464754;2022-07-29;"sexta-feira";"19:00:00";"GO";153;367,9;"JARAGUA";"Carga excessiva e/ou mal acondicionada";"Incêndio";"Com Vítimas Feridas";"Plena Noite";"Decrescente";"Céu Claro";"Simples";"Reta";"Não";1;0;1;0;0;0;1;1;-15,83008343;-49,27943187;"SPRF-GO";"DEL02-GO";"UOP02-DEL02-GO"
464757;2022-07-29;"sexta-feira";"18:35:00";"SC";101;214;"PALHOCA";"Condutor deixou de manter distância do veículo da frente";"Colisão traseira";"Com Vítimas Feridas";"Plena Noite";"Crescente";"Céu Claro";"Múltipla";"Reta";"Sim";4;0;0;1;2;1;1;4;-27,64443;-48,67057;"SPRF-SC";"DEL01-SC";"UOP02-DEL01-SC"
464764;2022-07-29;"sexta-feira";"21:00:00";"MG";381;480,5;"CONTAGEM";"Desrespeitar a preferência no cruzamento";"Colisão lateral mesmo sentido";"Com Vítimas Feridas";"Plena Noite";"Crescente";"Céu Claro";"Múltipla";"Interseção de Vias";"Sim";3;0;1;0;1;1;1;3;-19,95792026;-44,05699968;"SPRF-MG";"DEL01-MG";"UOP03-DEL01-MG"
464765;2022-07-29;"sexta-feira";"20:37:00";"MG";50;14,4;"ARAGUARI";"Reação tardia ou ineficiente do condutor";"Tombamento";"Com Vítimas Feridas";"Plena Noite";"Crescente";"Céu Claro";"Dupla";"Aclive;Curva";"Não";2;0;1;0;0;2;1;3;-18,52177385;-48,04049838;"SPRF-MG";"DEL15-MG";"UOP02-DEL15-MG"
464767;2022-07-29;"sexta-feira";"18:45:00";"RR";432;205;"CANTA";"Ausência de reação do condutor";"Colisão traseira";"Com Vítimas Fatais";"Plena Noite";"Crescente";"Céu Claro";"Simples";"Reta";"Não";4;2;0;0;2;0;0;4;2,727273;-60,6101588;"SPRF-RR";"DEL01-RR";"UOP01-DEL01-RR"
464768;2022-07-29;"sexta-feira";"18:45:00";"MG";50;169,5;"UBERABA";"Ausência de reação do condutor";"Colisão com objeto";"Com Vítimas Feridas";"Plena Noite";"Crescente";"Céu Claro";"Dupla";"Reta";"Sim";2;0;1;0;1;0;1;2;-19,72800491;-47,9814219;"SPRF-MG";"DEL13-MG";"UOP01-DEL13-MG"
464771;2022-07-29;"sexta-feira";"21:06:00";"TO";226;36;"DARCINOPOLIS";"Transitar na contramão";"Colisão frontal";"Com Vítimas Feridas";"Plena Noite";"Crescente";"Céu Claro";"Simples";"Reta";"Não";2;0;1;0;0;1;1;2;-6,682549;-47,739311;"SPRF-TO";"DEL02-TO";"UOP03-DEL02-TO"
464774;2022-07-29;"sexta-feira";"22:30:00";"SP";116;181;"SANTA ISABEL";"Ausência de reação do condutor";"Colisão lateral mesmo sentido";"Sem Vítimas";"Plena Noite";"Crescente";"Nevoeiro/Neblina";"Dupla";"Reta";"Não";5;0;0;0;3;2;0;3;-23,34071022;-46,15361889;"SPRF-SP";"DEL01-SP";"UOP01-DEL01-SP"
464778;2022-07-29;"sexta-feira";"20:20:00";"MT";163;762,9;"SORRISO";"Ingestão de álcool pelo condutor";"Colisão lateral sentido oposto";"Sem Vítimas";"Plena Noite";"Crescente";"Céu Claro";"Simples";"Reta";"Não";3;0;0;0;2;3;0;5;-12,46869118;-55,6713815;"SPRF-MT";"DEL06-MT";"UOP01-DEL06-MT"
464782;2022-07-30;"sábado";"00:52:00";"MG";262;354;"BETIM";"Ingestão de álcool pelo condutor";"Colisão frontal";"Com Vítimas Feridas";"Plena Noite";"Crescente";"Céu Claro";"Dupla";"Em Obras;Desvio Temporário";"Sim";3;0;0;1;1;1;1;3;-19,98057;-44,21261;"SPRF-MG";"DEL01-MG";"UOP03-DEL01-MG"
464786;2022-07-30;"sábado";"00:05:00";"SC";163;79,2;"SAO MIGUEL DO OESTE";"Desrespeitar a preferência no cruzamento";"Colisão transversal";"Sem Vítimas";"Plena Noite";"Decrescente";"Céu Claro";"Simples";"Interseção de Vias";"Não";2;0;0;0;1;1;0;2;-26,65654895;-53,517344;"SPRF-SC";"DEL07-SC";"UOP03-DEL07-SC"
464788;2022-07-30;"sábado";"02:44:00";"ES";101;148;"LINHARES";"Desrespeitar a preferência no cruzamento";"Colisão transversal";"Com Vítimas Feridas";"Plena Noite";"Crescente";"Céu Claro";"Simples";"Interseção de Vias";"Sim";3;0;1;0;1;3;1;5;-19,38787399;-40,06752766;"SPRF-ES";"DEL04-ES";"UOP01-DEL04-ES"
464791;2022-07-30;"sábado";"03:00:00";"RJ";101;172;"MACAE";"Ausência de reação do condutor";"Colisão transversal";"Com Vítimas Feridas";"Plena Noite";"Decrescente";"Chuva";"Simples";"Curva";"Não";2;0;0;1;1;0;1;2;-22,36746684;-41,94323801;"SPRF-RJ";"DEL08-RJ";"UOP04-DEL08-RJ"
464793;2022-07-30;"sábado";"03:50:00";"RS";116;293;"ELDORADO DO SUL";"Condutor deixou de manter distância do veículo da frente";"Colisão traseira";"Com Vítimas Feridas";"Plena Noite";"Decrescente";"Nublado";"Dupla";"Reta";"Não";2;0;1;0;0;1;1;2;-30,06190803;-51,33968194;"SPRF-RS";"DEL02-RS";"UOP01-DEL02-RS"
464802;2022-07-30;"sábado";"05:30:00";"SP";116;212;"GUARULHOS";"Ingestão de álcool pelo condutor";"Colisão traseira";"Sem Vítimas";"Amanhecer";"Crescente";"Céu Claro";"Múltipla";"Reta";"Sim";2;0;0;0;2;0;0;2;-23,43608315;-46,42805094;"SPRF-SP";"DEL01-SP";"UOP01-DEL01-SP"
464803;2022-07-30;"sábado";"06:00:00";"MG";251;509,9;"FRANCISCO SA";"Condutor Dormindo";"Tombamento";"Com Vítimas Feridas";"Pleno dia";"Decrescente";"Céu Claro";"Simples";"Reta";"Não";1;0;1;0;0;0;1;1;-16,64567192;-43,70581503;"SPRF-MG";"DEL12-MG";"UOP01-DEL12-MG"
464807;2022-07-30;"sábado";"05:00:00";"MT";163;690;"LUCAS DO RIO VERDE";"Ausência de reação do condutor";"Colisão traseira";"Sem Vítimas";"Amanhecer";"Crescente";"Ignorado";"Simples";"Reta";"Sim";3;0;0;0;2;2;0;4;-13,15897005;-55,97504688;"SPRF-MT";"DEL06-MT";"UOP01-DEL06-MT"
464808;2022-07-30;"sábado";"06:30:00";"TO";226;67;"WANDERLANDIA";"Transitar na contramão";"Colisão frontal";"Com Vítimas Fatais";"Pleno dia";"Decrescente";"Sol";"Simples";"Aclive";"Não";4;1;1;0;1;2;1;4;-6,838703;-47,944683;"SPRF-TO";"DEL02-TO";"UOP03-DEL02-TO"
464809;2022-07-30;"sábado";"06:15:00";"BA";407;10;"JUAZEIRO";"Ingestão de álcool e/ou substâncias psicoativas pelo pedestre";"Colisão lateral sentido oposto";"Com Vítimas Feridas";"Pleno dia";"Decrescente";"Nublado";"Simples";"Reta";"Não";3;0;2;0;0;2;2;4;-9,48835988;-40,47117774;"SPRF-BA";"DEL04-BA";"UOP01-DEL04-BA"
464821;2022-07-30;"sábado";"06:00:00";"RS";290;164,2;"BUTIA";"Ausência de reação do condutor";"Colisão frontal";"Com Vítimas Feridas";"Plena Noite";"Crescente";"Nevoeiro/Neblina";"Simples";"Reta";"Não";3;0;1;0;1;1;1;3;-30,117533;-51,848679;"SPRF-RS";"DEL02-RS";"UOP03-DEL02-RS"
464823;2022-07-30;"sábado";"07:30:00";"PE";101;86;"JABOATAO DOS GUARARAPES";"Ingestão de álcool pelo condutor";"Colisão com objeto";"Sem Vítimas";"Pleno dia";"Crescente";"Chuva";"Dupla";"Reta";"Não";1;0;0;0;0;1;0;1;-8,18470013;-34,96816895;"SPRF-PE";"DEL01-PE";"UOP01-DEL01-PE"
464833;2022-07-30;"sábado";"08:30:00";"RJ";101;58;"CAMPOS DOS GOYTACAZES";"Reação tardia ou ineficiente do condutor";"Colisão traseira";"Com Vítimas Feridas";"Pleno dia";"Crescente";"Nublado";"Simples";"Reta";"Sim";5;0;1;0;4;0;1;2;-21,70488703;-41,30979616;"SPRF-RJ";"DEL08-RJ";"UOP01-DEL08-RJ"
464842;2022-07-30;"sábado";"09:24:00";"SC";282;393;"JOACABA";"Velocidade Incompatível";"Tombamento";"Com Vítimas Feridas";"Pleno dia";"Decrescente";"Nublado";"Simples";"Curva";"Não";3;0;1;0;1;1;1;2;-27,160221;-51,573895;"SPRF-SC";"DEL07-SC";"UOP05-DEL07-SC"
464845;2022-07-04;"segunda-feira";"08:10:00";"PI";316;0,4;"TERESINA";"Reação tardia ou ineficiente do condutor";"Engavetamento";"Com Vítimas Feridas";"Pleno dia";"Crescente";"Sol";"Simples";"Reta";"Sim";3;0;1;0;2;0;1;3;-5,131168;-42,81564;"SPRF-PI";"DEL01-PI";"UOP02-DEL01-PI"
464847;2022-07-30;"sábado";"10:00:00";"GO";153;423;"ANAPOLIS";"Estacionar ou parar em local proibido";"Colisão traseira";"Com Vítimas Feridas";"Pleno dia";"Crescente";"Céu Claro";"Dupla";"Reta";"Não";7;0;1;0;5;1;1;4;-16,197029;-49,025223;"SPRF-GO";"DEL02-GO";"UOP01-DEL02-GO"
464848;2022-07-30;"sábado";"09:05:00";"TO";226;13;"PALMEIRAS DO TOCANTINS";"Transitar na contramão";"Colisão frontal";"Com Vítimas Feridas";"Pleno dia";"Crescente";"Céu Claro";"Simples";"Reta";"Não";2;0;0;1;1;0;1;2;-6,618478;-47,553204;"SPRF-TO";"DEL02-TO";"UOP03-DEL02-TO"
464850;2022-07-30;"sábado";"06:00:00";"MT";163;566;"NOVA MUTUM";"Reação tardia ou ineficiente do condutor";"Saída de leito carroçável";"Com Vítimas Feridas";"Pleno dia";"Decrescente";"Sol";"Simples";"Reta";"Não";2;0;1;0;0;2;1;3;-14;-56;"SPRF-MT";"DEL01-MT";"UOP01-DEL01-MT"
464852;2022-07-30;"sábado";"11:30:00";"PR";116;6;"CAMPINA GRANDE DO SUL";"Velocidade Incompatível";"Engavetamento";"Com Vítimas Feridas";"Pleno dia";"Crescente";"Céu Claro";"Dupla";"Reta";"Não";5;0;0;1;3;1;1;5;-25,08710459;-48,60776389;"SPRF-PR";"DEL01-PR";"UOP02-DEL01-PR"
464854;2022-07-30;"sábado";"12:05:00";"GO";153;591;"PIRACANJUBA";"Demais falhas mecânicas ou elétricas";"Saída de leito carroçável";"Com Vítimas Fatais";"Pleno dia";"Decrescente";"Céu Claro";"Dupla";"Retorno Regulamentado;Reta;Aclive";"Não";2;1;0;0;0;1;0;2;-17,4751;-49,2138;"SPRF-GO";"DEL03-GO";"UOP01-DEL03-GO"
464858;2022-07-30;"sábado";"12:10:00";"BA";116;745;"POCOES";"Velocidade Incompatível";"Tombamento";"Com Vítimas Feridas";"Pleno dia";"Crescente";"Céu Claro";"Simples";"Curva";"Não";9;0;2;0;6;1;2;5;-14,39293597;-40,35237311;"SPRF-BA";"DEL08-BA";"UOP02-DEL08-BA"
464863;2022-07-30;"sábado";"10:40:00";"PR";376;435,9;"TIBAGI";"Reação tardia ou ineficiente do condutor";"Tombamento";"Com Vítimas Feridas";"Pleno dia";"Decrescente";"Céu Claro";"Dupla";"Reta";"Não";1;0;1;0;0;0;1;1;-24,82838892;-50,47874774;"SPRF-PR";"DEL03-PR";"UOP02-DEL03-PR"
464864;2022-07-30;"sábado";"13:00:00";"MG";381;446;"SANTA LUZIA";"Mal súbito do condutor";"Colisão transversal";"Com Vítimas Feridas";"Pleno dia";"Crescente";"Céu Claro";"Simples";"Curva";"Não";3;0;0;1;2;0;1;3;-19,83447607;-43,85011601;"SPRF-MG";"DEL01-MG";"UOP01-DEL01-MG"
464875;2022-07-30;"sábado";"14:15:00";"PI";343;344;"TERESINA";"Ausência de reação do condutor";"Colisão lateral mesmo sentido";"Com Vítimas Feridas";"Pleno dia";"Decrescente";"Garoa/Chuvisco";"Simples";"Reta";"Sim";2;0;0;1;0;1;1;2;-5,094729;-42,762775;"SPRF-PI";"DEL01-PI";"UOP01-DEL01-PI"
464877;2022-07-30;"sábado";"14:00:00";"PE";232;104,8;"BEZERROS";"Demais falhas mecânicas ou elétricas";"Saída de leito carroçável";"Com Vítimas Feridas";"Pleno dia";"Crescente";"Céu Claro";"Dupla";"Rotatória";"Não";3;0;1;0;2;0;1;1;-8,2553139;-35,77427504;"SPRF-PE";"DEL02-PE";"UOP02-DEL02PE"
464880;2022-07-30;"sábado";"12:40:00";"GO";70;316;"JUSSARA";"Entrada inopinada do pedestre";"Atropelamento de Pedestre";"Com Vítimas Feridas";"Pleno dia";"Crescente";"Céu Claro";"Dupla";"Reta";"Sim";2;0;1;0;0;1;1;2;-15,87676779;-50,87320089;"SPRF-GO";"DEL04-GO";"UOP01-DEL04-GO"
464885;2022-07-30;"sábado";"14:30:00";"PR";376;15,6;"MARINGA";"Manobra de mudança de faixa";"Colisão lateral mesmo sentido";"Sem Vítimas";"Pleno dia";"Crescente";"Céu Claro";"Dupla";"Aclive;Reta";"Sim";3;0;0;0;2;2;0;4;-23,41656276;-51,88200116;"SPRF-PR";"DEL09-PR";"UOP01-DEL09-PR"
464902;2022-07-30;"sábado";"15:30:00";"SC";153;84,9;"CONCORDIA";"Velocidade Incompatível";"Tombamento";"Com Vítimas Feridas";"Pleno dia";"Decrescente";"Céu Claro";"Simples";"Curva";"Não";2;0;1;0;0;1;1;2;-27,13419;-51,916466;"SPRF-SC";"DEL07-SC";"UOP04-DEL07-SC"
464907;2022-07-30;"sábado";"18:00:00";"PR";376;184;"SARANDI";"Conversão proibida";"Colisão transversal";"Com Vítimas Feridas";"Plena Noite";"Decrescente";"Céu Claro";"Dupla";"Reta";"Sim";4;0;2;0;1;2;2;4;-23,4465611;-51,86216706;"SPRF-PR";"DEL09-PR";"UOP01-DEL09-PR"
464918;2022-07-30;"sábado";"13:00:00";"GO";414;409;"ABADIANIA";"Desrespeitar a preferência no cruzamento";"Colisão transversal";"Com Vítimas Feridas";"Pleno dia";"Crescente";"Céu Claro";"Simples";"Rotatória";"Não";2;0;1;0;1;0;1;2;-16,04944018;-48,85300822;"SPRF-GO";"DEL02-GO";"UOP01-DEL02-GO"
464919;2022-07-30;"sábado";"18:20:00";"RN";405;162;"RAFAEL FERNANDES";"Ausência de reação do condutor";"Colisão lateral sentido oposto";"Sem Vítimas";"Plena Noite";"Crescente";"Céu Claro";"Simples";"Reta";"Não";2;0;0;0;2;0;0;2;-6,20761005;-38,22695282;"SPRF-RN";"DEL04-RN";"UOP02-DEL04-RN"
464922;2022-07-20;"quarta-feira";"07:19:00";"PI";230;160;"SAO JOAO DA VARJOTA";"Demais falhas mecânicas ou elétricas";"Incêndio";"Sem Vítimas";"Pleno dia";"Decrescente";"Céu Claro";"Simples";"Reta;Aclive";"Não";2;0;0;0;1;9;0;10;-6,92798763;-41,81442697;"SPRF-PI";"DEL04-PI";"UOP01-DEL04-PI"
464928;2022-07-30;"sábado";"15:30:00";"PA";155;268;"ELDORADO DO CARAJAS";"Condutor deixou de manter distância do veículo da frente";"Engavetamento";"Com Vítimas Feridas";"Pleno dia";"Crescente";"Céu Claro";"Simples";"Reta";"Não";5;0;2;0;2;5;2;8;-5,99430078;-49,24530826;"SPRF-PA";"DEL03-PA";"UOP01-DEL03-PA"
464929;2022-07-30;"sábado";"18:40:00";"PA";316;111,3;"SANTA MARIA DO PARA";"Acessar a via sem observar a presença dos outros veículos";"Colisão transversal";"Com Vítimas Feridas";"Plena Noite";"Crescente";"Céu Claro";"Simples";"Curva;Interseção de Vias";"Não";4;0;0;2;1;1;2;3;-1,3165269;-47,51097679;"SPRF-PA";"DEL01-PA";"UOP02-DEL01-PA"
464930;2022-07-30;"sábado";"19:00:00";"SC";101;83;"BARRA VELHA";"Pedestre andava na pista";"Atropelamento de Pedestre";"Com Vítimas Fatais";"Plena Noite";"Decrescente";"Céu Claro";"Dupla";"Curva";"Não";4;1;0;0;1;2;0;3;-26,6219458;-48,7163043;"SPRF-SC";"DEL03-SC";"UOP02-DEL03-SC"
464931;2022-07-30;"sábado";"18:00:00";"PA";230;126;"MARABA";"Ultrapassagem Indevida";"Colisão traseira";"Sem Vítimas";"Plena Noite";"Decrescente";"Céu Claro";"Simples";"Declive";"Sim";2;0;0;0;1;1;0;2;-5,37587385;-49,15164398;"SPRF-PA";"DEL03-PA";"UOP01-DEL03-PA"
464939;2022-07-30;"sábado";"19:45:00";"MG";40;480;"SETE LAGOAS";"Ingestão de álcool pelo condutor";"Colisão lateral mesmo sentido";"Sem Vítimas";"Plena Noite";"Crescente";"Nublado";"Dupla";"Aclive";"Não";3;0;0;0;2;2;0;4;-19,54293519;-44,2485434;"SPRF-MG";"DEL02-MG";"UOP01-DEL02-MG"
464946;2022-07-30;"sábado";"20:25:00";"MG";153;55,5;"MONTE ALEGRE DE MINAS";"Acessar a via sem observar a presença dos outros veículos";"Colisão transversal";"Com Vítimas Fatais";"Plena Noite";"Decrescente";"Céu Claro";"Dupla";"Reta";"Não";5;1;0;2;1;2;2;4;-18,86043261;-49,07550502;"SPRF-MG";"DEL15-MG";"UOP03-DEL15-MG"
464948;2022-07-30;"sábado";"20:20:00";"PR";277;59,1;"SAO JOSE DOS PINHAIS";"Condutor Dormindo";"Colisão com objeto";"Sem Vítimas";"Plena Noite";"Crescente";"Nublado";"Dupla";"Desvio Temporário";"Não";3;0;0;0;2;1;0;3;-25,56102614;-49,01790619;"SPRF-PR";"DEL01-PR";"UOP01-DEL01-PR"
464949;2022-07-30;"sábado";"19:20:00";"MT";163;839;"SINOP";"Deficiência do Sistema de Iluminação/Sinalização";"Colisão traseira";"Sem Vítimas";"Anoitecer";"Crescente";"Céu Claro";"Simples";"Reta";"Sim";6;0;0;0;2;6;0;6;-11,818799;-55,484141;"SPRF-MT";"DEL06-MT";"NPF/DEL06-MT"
464954;2022-07-30;"sábado";"21:15:00";"MG";50;30;"ARAGUARI";"Velocidade Incompatível";"Saída de leito carroçável";"Com Vítimas Feridas";"Pleno dia";"Crescente";"Céu Claro";"Dupla";"Declive";"Não";2;0;1;0;0;2;1;3;-18,61550987;-48,11660731;"SPRF-MG";"DEL15-MG";"UOP02-DEL15-MG"
464955;2022-07-30;"sábado";"19:00:00";"RS";101;12;"DOM PEDRO DE ALCANTARA";"Velocidade Incompatível";"Capotamento";"Com Vítimas Feridas";"Plena Noite";"Decrescente";"Céu Claro";"Simples";"Curva";"Sim";1;0;1;0;0;0;1;1;-29,38659602;-49,83647398;"SPRF-RS";"DEL03-RS";"UOP02-DEL03-RS"
464969;2022-07-30;"sábado";"22:30:00";"CE";20;7,6;"PARAMBU";"Problema com o freio";"Tombamento";"Com Vítimas Feridas";"Plena Noite";"Crescente";"Céu Claro";"Simples";"Curva";"Não";3;0;0;1;2;0;1;1;-6,47817697;-40,74776253;"SPRF-CE";"DEL02-CE";"UOP02-DEL02-CE"
464971;2022-07-30;"sábado";"22:20:00";"SC";470;120,1;"IBIRAMA";"Ingestão de álcool pelo condutor";"Colisão frontal";"Com Vítimas Feridas";"Plena Noite";"Crescente";"Nublado";"Simples";"Aclive;Curva";"Não";5;0;1;0;3;2;1;4;-27,089924;-49,520416;"SPRF-SC";"DEL04-SC";"UOP02-DEL04-SC"
464976;2022-07-30;"sábado";"16:20:00";"MG";381;532;"ITATIAIUCU";"Velocidade Incompatível";"Saída de leito carroçável";"Com Vítimas Fatais";"Pleno dia";"Decrescente";"Céu Claro";"Dupla";"Curva";"Não";1;1;0;0;0;0;0;1;-20,164314;-44,366063;"SPRF-MG";"DEL04-MG";"UOP03-DEL04-MG"
464990;2022-07-31;"domingo";"01:00:00";"PR";369;454,7;"UBIRATA";"Reação tardia ou ineficiente do condutor";"Colisão traseira";"Com Vítimas Feridas";"Plena Noite";"Decrescente";"Céu Claro";"Simples";"Reta";"Não";3;0;1;0;1;1;1;3;-24,5518;-53,0276;"SPRF-PR";"DEL04-PR";"UOP03-DEL04-PR"
464991;2022-07-31;"domingo";"01:00:00";"BA";116;735,9;"BOA NOVA";"Obstrução na via";"Colisão frontal";"Sem Vítimas";"Plena Noite";"Crescente";"Nublado";"Simples";"Aclive";"Não";3;0;0;0;2;1;0;3;-14,31290103;-40,32351191;"SPRF-BA";"DEL08-BA";"UOP02-DEL08-BA"
464993;2022-07-31;"domingo";"01:10:00";"BA";116;735;"BOA NOVA";"Velocidade Incompatível";"Tombamento";"Com Vítimas Feridas";"Plena Noite";"Decrescente";"Nublado";"Simples";"Declive;Curva";"Não";2;0;0;1;0;1;1;2;-14,31290103;-40,32351191;"SPRF-BA";"DEL08-BA";"UOP02-DEL08-BA"
465000;2022-07-31;"domingo";"01:35:00";"PR";272;547;"TERRA ROXA";"Condutor Dormindo";"Colisão frontal";"Sem Vítimas";"Plena Noite";"Crescente";"Céu Claro";"Simples";"Reta";"Não";3;0;0;0;2;1;0;2;-24,07182626;-54,03261907;"SPRF-PR";"DEL06-PR";"UOP01-DEL06-PR"
465003;2022-07-30;"sábado";"23:40:00";"MA";316;523,5;"CAXIAS";"Ingestão de álcool pelo condutor";"Tombamento";"Sem Vítimas";"Plena Noite";"Decrescente";"Céu Claro";"Simples";"Curva";"Não";4;0;0;0;3;1;0;2;-4,78737704;-43,58533859;"SPRF-MA";"DEL03-MA";"UOP02-DEL03-MA"
465015;2022-07-31;"domingo";"04:20:00";"MG";381;449;"SANTA LUZIA";"Ausência de reação do condutor";"Colisão traseira";"Com Vítimas Fatais";"Plena Noite";"Decrescente";"Céu Claro";"Simples";"Reta;Aclive";"Sim";3;1;0;0;1;2;0;4;-19,83435173;-43,85962899;"SPRF-MG";"DEL01-MG";"UOP01-DEL01-MG"
465019;2022-07-31;"domingo";"03:30:00";"SP";116;299;"SAO LOURENCO DA SERRA";"Ingestão de álcool pelo condutor";"Colisão lateral mesmo sentido";"Com Vítimas Feridas";"Plena Noite";"Crescente";"Ignorado";"Múltipla";"Curva";"Não";3;0;0;1;1;1;1;2;-23,79881101;-46,91523899;"SPRF-SP";"DEL04-SP";"UOP01-DEL04-SP"
465029;2022-07-31;"domingo";"06:00:00";"MG";381;937,3;"EXTREMA";"Ausência de reação do condutor";"Saída de leito carroçável";"Com Vítimas Feridas";"Pleno dia";"Decrescente";"Céu Claro";"Dupla";"Curva";"Não";3;0;0;1;1;1;1;3;-22,83554657;-46,32086698;"SPRF-MG";"DEL16-MG";"UOP03-DEL16-MG"
465035;2022-07-31;"domingo";"03:57:00";"RJ";116;184;"NOVA IGUACU";"Reação tardia ou ineficiente do condutor";"Colisão com objeto";"Com Vítimas Feridas";"Plena Noite";"Crescente";"Nublado";"Dupla";"Reta";"Sim";4;0;0;1;2;1;1;3;-22,743686;-43,506626;"SPRF-RJ";"DEL01-RJ";"UOP02-DEL01-RJ"
465046;2022-07-31;"domingo";"07:30:00";"GO";153;442,2;"ANAPOLIS";"Entrada inopinada do pedestre";"Atropelamento de Pedestre";"Com Vítimas Feridas";"Pleno dia";"Decrescente";"Céu Claro";"Dupla";"Reta;Declive";"Sim";3;0;0;1;1;1;1;3;-16,325272;-48,922024;"SPRF-GO";"DEL02-GO";"UOP01-DEL02-GO"
465050;2022-07-31;"domingo";"07:45:00";"GO";452;168;"ITUMBIARA";"Condutor Dormindo";"Colisão lateral sentido oposto";"Sem Vítimas";"Pleno dia";"Crescente";"Céu Claro";"Simples";"Reta";"Não";3;0;0;0;1;2;0;3;-18,332068;-49,449495;"SPRF-GO";"DEL03-GO";"UOP02-DEL03-GO"
465051;2022-07-31;"domingo";"06:56:00";"MG";381;722,3;"CARMO DA CACHOEIRA";"Velocidade Incompatível";"Tombamento";"Com Vítimas Feridas";"Amanhecer";"Decrescente";"Nublado";"Dupla";"Curva;Declive";"Sim";1;0;1;0;0;0;1;1;-21,47729514;-45,20207819;"SPRF-MG";"DEL04-MG";"UOP02-DEL04-MG"
465068;2022-07-31;"domingo";"07:29:00";"PB";230;447,9;"APARECIDA";"Demais falhas mecânicas ou elétricas";"Incêndio";"Sem Vítimas";"Pleno dia";"Decrescente";"Céu Claro";"Simples";"Reta";"Não";1;0;0;0;1;0;0;1;-6,786;-38,085;"SPRF-PB";"DEL03-PB";"UOP03-DEL03-PB"
465069;2022-07-31;"domingo";"09:15:00";"PI";316;264;"IPIRANGA DO PIAUI";"Transitar na contramão";"Colisão lateral sentido oposto";"Com Vítimas Feridas";"Pleno dia";"Decrescente";"Céu Claro";"Simples";"Reta";"Não";3;0;1;0;1;1;1;3;-6,86407719;-41,74351046;"SPRF-PI";"DEL04-PI";"UOP02-DEL04-PI"
465071;2022-07-31;"domingo";"07:30:00";"MA";10;232;"GOVERNADOR EDISON LOBAO";"Manobra de mudança de faixa";"Colisão lateral sentido oposto";"Com Vítimas Fatais";"Pleno dia";"Decrescente";"Céu Claro";"Simples";"Reta";"Não";3;1;0;0;1;1;0;3;-5,680508;-47,3723;"SPRF-MA";"DEL04-MA";"UOP01-DEL04-MA"
465075;2022-07-31;"domingo";"01:30:00";"BA";30;336;"MALHADA DE PEDRAS";"Curva acentuada";"Saída de leito carroçável";"Com Vítimas Feridas";"Plena Noite";"Crescente";"Céu Claro";"Simples";"Curva";"Não";1;0;1;0;0;0;1;1;-14,228483;-41,922196;"SPRF-BA";"DEL08-BA";"UOP01-DEL08-BA"
465079;2022-07-31;"domingo";"07:40:00";"MA";230;312,8;"SAO RAIMUNDO DAS MANGABEIRAS";"Velocidade Incompatível";"Tombamento";"Com Vítimas Feridas";"Pleno dia";"Crescente";"Céu Claro";"Simples";"Curva";"Não";4;0;0;2;0;2;2;3;-7,00505349;-45,4617429;"SPRF-MA";"DEL05-MA";"UOP01-DEL05-MA"
465084;2022-07-31;"domingo";"13:10:00";"SC";101;147;"ITAPEMA";"Condutor deixou de manter distância do veículo da frente";"Colisão traseira";"Com Vítimas Feridas";"Pleno dia";"Decrescente";"Céu Claro";"Dupla";"Reta";"Não";2;0;1;0;0;1;1;2;-27,09237407;-48,61730888;"SPRF-SC";"DEL04-SC";"UOP03-DEL04-SC"
465094;2022-07-31;"domingo";"14:45:00";"PR";476;198;"LAPA";"Condutor Dormindo";"Colisão traseira";"Com Vítimas Feridas";"Pleno dia";"Crescente";"Céu Claro";"Simples";"Declive;Reta";"Sim";4;0;0;1;2;1;1;3;-25,746958;-49,718353;"SPRF-PR";"DEL02-PR";"UOP04-DEL02-PR"
465112;2022-07-31;"domingo";"08:00:00";"MG";251;389,8;"GRAO MOGOL";"Reação tardia ou ineficiente do condutor";"Tombamento";"Sem Vítimas";"Pleno dia";"Decrescente";"Céu Claro";"Simples";"Reta";"Não";2;0;0;0;1;3;0;4;-16,25060401;-42,84054301;"SPRF-MG";"DEL12-MG";"UOP01-DEL12-MG"
465117;2022-07-31;"domingo";"15:40:00";"MT";364;530;"ROSARIO OESTE";"Demais falhas mecânicas ou elétricas";"Incêndio";"Sem Vítimas";"Pleno dia";"Crescente";"Céu Claro";"Simples";"Reta";"Não";2;0;0;0;1;1;0;2;-15,00470705;-56,51627543;"SPRF-MT";"DEL01-MT";"UOP01-DEL01-MT"
465123;2022-07-31;"domingo";"17:35:00";"MG";251;515,5;"MONTES CLAROS";"Ausência de reação do condutor";"Colisão traseira";"Com Vítimas Feridas";"Pleno dia";"Crescente";"Céu Claro";"Simples";"Aclive";"Não";3;0;1;0;1;1;1;3;-16,66055591;-43,75217401;"SPRF-MG";"DEL12-MG";"UOP01-DEL12-MG"