"id";"data_inversa";"dia_semana";"horario";"uf";"br";"km";"municipio";"causa_acidente";"tipo_acidente";"classificacao_acidente";"fase_dia";"sentido_via";"condicao_metereologica";"tipo_pista";"tracado_via";"uso_solo";"pessoas";"mortos";"feridos_leves";"feridos_graves";"ilesos";"ignorados";"feridos";"veiculos";"latitude";"longitude";"regional";"delegacia";"uop"
465138;2022-07-31;"domingo";"19:05:00";"GO";452;131;"BOM JESUS DE GOIAS";"Ultrapassagem Indevida";"Colisão frontal";"Com Vítimas Fatais";"Plena Noite";"Decrescente";"Céu Claro";"Simples";"Declive;Reta;Interseção de Vias";"Não";3;1;0;0;1;3;0;5;-18,20358816;-49,7694397;"SPRF-GO";"DEL03-GO";"UOP02-DEL03-GO"
465139;2022-07-31;"domingo";"15:30:00";"RS";386;446;"CANOAS";"Ausência de reação do condutor";"Colisão traseira";"Com Vítimas Feridas";"Pleno dia";"Crescente";"Céu Claro";"Dupla";"Aclive;Reta";"Não";3;0;1;1;0;1;2;2;-29,893251;-51,182266;"SPRF-RS";"DEL01-RS";"UOP01-DEL01-RS"
465144;2022-07-31;"domingo";"17:40:00";"SC";101;160,5;"PORTO BELO";"Manobra de mudança de faixa";"Saída de leito carroçável";"Com Vítimas Feridas";"Anoitecer";"Decrescente";"Céu Claro";"Dupla";"Reta";"Não";7;0;0;3;2;2;3;3;-27,20831288;-48,61987922;"SPRF-SC";"DEL04-SC";"UOP03-DEL04-SC"
465146;2022-07-31;"domingo";"15:00:00";"RJ";116;129;"MAGE";"Ausência de reação do condutor";"Atropelamento de Pedestre";"Com Vítimas Feridas";"Pleno dia";"Decrescente";"Céu Claro";"Dupla";"Reta";"Sim";2;0;0;1;1;0;1;2;-22,66471224;-43,11056004;"SPRF-RJ";"DEL04-RJ";"UOP02-DEL04-RJ"
465149;2022-07-31;"domingo";"19:30:00";"MG";381;490;"BETIM";"Manobra de mudança de faixa";"Colisão lateral mesmo sentido";"Com Vítimas Feridas";"Plena Noite";"Decrescente";"Céu Claro";"Dupla";"Reta";"Sim";4;0;1;0;2;1;1;3;-19,95620609;-44,14240357;"SPRF-MG";"DEL01-MG";"UOP03-DEL01-MG"
465151;2022-07-31;"domingo";"17:50:00";"PR";116;40;"CAMPINA GRANDE DO SUL";"Ausência de reação do condutor";"Tombamento";"Com Vítimas Feridas";"Anoitecer";"Crescente";"Céu Claro";"Dupla";"Reta";"Não";2;0;1;0;0;1;1;2;-25,16445203;-48,86237697;"SPRF-PR";"DEL01-PR";"UOP02-DEL01-PR"
465154;2022-07-31;"domingo";"17:30:00";"MG";251;348;"PADRE CARVALHO";"Velocidade Incompatível";"Saída de leito carroçável";"Sem Vítimas";"Pleno dia";"Decrescente";"Céu Claro";"Simples";"Reta";"Não";1;0;0;0;1;0;0;1;-16,26593598;-42,52602438;"SPRF-MG";"DEL12-MG";"UOP01-DEL12-MG"
465161;2022-07-23;"sábado";"09:00:00";"SP";116;34;"CACHOEIRA PAULISTA";"Reação tardia ou ineficiente do condutor";"Colisão lateral mesmo sentido";"Sem Vítimas";"Pleno dia";"Decrescente";"Céu Claro";"Dupla";"Reta";"Não";2;0;0;0;2;0;0;2;-22,65447396;-44,95940103;"SPRF-SP";"DEL08-SP";"UOP02-DEL08-SP"
465173;2022-07-31;"domingo";"20:45:00";"PR";376;31,9;"NOVA LONDRINA";"Reação tardia ou ineficiente do condutor";"Colisão traseira";"Com Vítimas Feridas";"Plena Noite";"Decrescente";"Céu Claro";"Simples";"Reta";"Sim";3;0;1;0;1;1;1;3;-22,81445486;-53,01573987;"SPRF-PR";"DEL09-PR";"UOP02-DEL09-PR"
465182;2022-07-31;"domingo";"19:20:00";"PR";376;592,1;"CURITIBA";"Condutor deixou de manter distância do veículo da frente";"Tombamento";"Com Vítimas Fatais";"Plena Noite";"Decrescente";"Céu Claro";"Múltipla";"Reta";"Sim";2;1;0;0;0;1;0;2;-25,472703;-49,352737;"SPRF-PR";"DEL01-PR";"UOP06-DEL01-PR"
465206;2022-07-31;"domingo";"18:40:00";"MG";40;38,2;"PARACATU";"Ultrapassagem Indevida";"Colisão frontal";"Com Vítimas Feridas";"Plena Noite";"Crescente";"Céu Claro";"Simples";"Aclive;Reta";"Sim";4;0;1;0;1;2;1;4;-17,21050388;-46,89942099;"SPRF-MG";"DEL14-MG";"UOP01-DEL14-MG"
465211;2022-07-31;"domingo";"21:00:00";"PR";376;237;"APUCARANA";"Ausência de reação do condutor";"Tombamento";"Com Vítimas Feridas";"Plena Noite";"Crescente";"Céu Claro";"Dupla";"Curva";"Não";3;0;2;0;0;1;2;3;-23,58646;-51,48174;"SPRF-PR";"DEL07-PR";"UOP03-DEL07-PR"
465213;2022-07-31;"domingo";"20:45:00";"MA";10;186;"CAMPESTRE DO MARANHAO";"Transitar na contramão";"Colisão lateral sentido oposto";"Com Vítimas Feridas";"Plena Noite";"Crescente";"Céu Claro";"Simples";"Reta";"Não";4;0;2;0;2;0;2;2;-6,089414;-47,381809;"SPRF-MA";"DEL04-MA";"UOP02-DEL04-MA"
465214;2022-07-31;"domingo";"20:10:00";"MT";158;747,9;"BARRA DO GARCAS";"Ausência de reação do condutor";"Saída de leito carroçável";"Com Vítimas Feridas";"Plena Noite";"Crescente";"Céu Claro";"Simples";"Reta";"Não";2;0;1;0;0;2;1;3;-15,460743;-52,20234382;"SPRF-MT";"DEL07-MT";"UOP01-DEL07-MT"
465216;2022-07-31;"domingo";"11:30:00";"MS";158;38;"PARANAIBA";"Reação tardia ou ineficiente do condutor";"Tombamento";"Sem Vítimas";"Pleno dia";"Crescente";"Céu Claro";"Simples";"Reta";"Não";2;0;0;0;1;3;0;4;-19,28935296;-51,46641198;"SPRF-MS";"DEL08-MS";"UOP01-DEL08-MS"
465217;2022-07-31;"domingo";"23:18:00";"PR";116;98;"SAO JOSE DOS PINHAIS";"Velocidade Incompatível";"Tombamento";"Com Vítimas Feridas";"Plena Noite";"Crescente";"Nublado";"Dupla";"Reta";"Sim";2;0;0;1;0;1;1;2;-25,54783326;-49,1502893;"SPRF-PR";"DEL01-PR";"UOP01-DEL01-PR"
465235;2022-08-01;"segunda-feira";"01:09:00";"BA";101;745,1;"ITABELA";"Transitar na contramão";"Colisão frontal";"Com Vítimas Feridas";"Plena Noite";"Decrescente";"Céu Claro";"Simples";"Reta";"Sim";4;0;1;0;2;3;1;5;-16,575023;-39,558273;"SPRF-BA";"DEL09-BA";"UOP01-DEL09-BA"
465236;2022-07-31;"domingo";"23:30:00";"MG";153;132,2;"PRATA";"Pedestre andava na pista";"Atropelamento de Pedestre";"Com Vítimas Feridas";"Plena Noite";"Crescente";"Céu Claro";"Simples";"Declive;Reta";"Não";2;0;0;1;0;1;1;2;-19,49973068;-48,85139954;"SPRF-MG";"DEL15-MG";"UOP03-DEL15-MG"
465238;2022-08-01;"segunda-feira";"02:15:00";"BA";324;602;"SIMOES FILHO";"Ingestão de álcool pelo condutor";"Colisão frontal";"Com Vítimas Feridas";"Plena Noite";"Crescente";"Nublado";"Dupla";"Aclive";"Não";3;0;1;0;1;3;1;5;-12,76402892;-38,42393483;"SPRF-BA";"DEL01-BA";"UOP01-DEL01-BA"
465256;2022-08-01;"segunda-feira";"06:30:00";"RJ";40;67;"PETROPOLIS";"Manobra de mudança de faixa";"Colisão lateral mesmo sentido";"Com Vítimas Feridas";"Pleno dia";"Crescente";"Céu Claro";"Dupla";"Curva";"Não";3;0;2;0;0;1;2;2;-22,43674775;-43,1756712;"SPRF-RJ";"DEL06-RJ";"UOP01-DEL06-RJ"
465259;2022-07-31;"domingo";"20:20:00";"MG";381;559,1;"ITAGUARA";"Manobra de mudança de faixa";"Colisão lateral mesmo sentido";"Com Vítimas Feridas";"Plena Noite";"Decrescente";"Céu Claro";"Múltipla";"Aclive;Reta";"Não";4;0;2;0;2;0;2;2;-20,38230203;-44,48068397;"SPRF-MG";"DEL04-MG";"UOP03-DEL04-MG"
465266;2022-08-01;"segunda-feira";"06:50:00";"RN";427;66;"JARDIM DO SERIDO";"Velocidade Incompatível";"Tombamento";"Com Vítimas Feridas";"Pleno dia";"Decrescente";"Céu Claro";"Simples";"Curva";"Não";2;0;0;1;0;1;1;2;-6,57328502;-36,860438;"SPRF-RN";"DEL03-RN";"UOP01-DEL03-RN"
465268;2022-07-31;"domingo";"22:00:00";"MG";262;587,1;"CAMPOS ALTOS";"Velocidade Incompatível";"Tombamento";"Com Vítimas Feridas";"Plena Noite";"Decrescente";"Céu Claro";"Simples";"Curva;Declive";"Não";2;0;0;1;0;1;1;2;-19,66218198;-46,10927701;"SPRF-MG";"DEL08-MG";"UOP02-DEL08-MG"
465269;2022-07-31;"domingo";"21:30:00";"MG";381;561,8;"ITAGUARA";"Velocidade Incompatível";"Saída de leito carroçável";"Sem Vítimas";"Plena Noite";"Crescente";"Céu Claro";"Dupla";"Curva";"Não";1;0;0;0;1;0;0;1;-20,39224209;-44,49492995;"SPRF-MG";"DEL04-MG";"UOP03-DEL04-MG"
465270;2022-08-01;"segunda-feira";"08:00:00";"RS";285;456,6;"IJUI";"Acessar a via sem observar a presença dos outros veículos";"Colisão transversal";"Sem Vítimas";"Pleno dia";"Decrescente";"Sol";"Simples";"Interseção de Vias";"Sim";2;0;0;0;2;0;0;2;-28,39353343;-53,89587879;"SPRF-RS";"DEL10-RS";"UOP01-DEL10-RS"
465271;2022-08-01;"segunda-feira";"07:30:00";"MG";50;171;"UBERABA";"Obras na pista";"Engavetamento";"Com Vítimas Feridas";"Pleno dia";"Decrescente";"Céu Claro";"Dupla";"Reta";"Sim";6;0;1;1;3;1;2;5;-19,74554892;-47,98382166;"SPRF-MG";"DEL13-MG";"UOP01-DEL13-MG"
465274;2022-05-17;"terça-feira";"16:00:00";"PA";230;372;"PACAJA";"Reação tardia ou ineficiente do condutor";"Tombamento";"Com Vítimas Fatais";"Pleno dia";"Crescente";"Céu Claro";"Simples";"Reta";"Não";3;1;0;1;0;1;1;2;-3,94430952;-50,30126121;"SPRF-PA";"DEL03-PA";"UOP01-DEL03-PA"
465279;2022-08-01;"segunda-feira";"08:50:00";"MG";381;493;"BETIM";"Ausência de reação do condutor";"Colisão lateral mesmo sentido";"Com Vítimas Feridas";"Pleno dia";"Decrescente";"Céu Claro";"Dupla";"Reta";"Sim";2;0;1;0;1;0;1;2;-19,9643137;-44,16915894;"SPRF-MG";"DEL01-MG";"UOP03-DEL01-MG"
465280;2022-08-01;"segunda-feira";"07:30:00";"MG";251;428;"GRAO MOGOL";"Ausência de reação do condutor";"Saída de leito carroçável";"Com Vítimas Feridas";"Pleno dia";"Decrescente";"Céu Claro";"Simples";"Declive;Curva";"Não";2;0;0;1;0;1;1;2;-16,325224;-43,122843;"SPRF-MG";"DEL12-MG";"UOP01-DEL12-MG"
465284;2022-08-01;"segunda-feira";"08:30:00";"RJ";116;180;"NOVA IGUACU";"Ausência de reação do condutor";"Engavetamento";"Com Vítimas Feridas";"Pleno dia";"Decrescente";"Céu Claro";"Dupla";"Reta";"Sim";4;0;2;0;2;0;2;4;-22,7651616;-43,4154728;"SPRF-RJ";"DEL01-RJ";"UOP02-DEL01-RJ"
465289;2022-08-01;"segunda-feira";"07:30:00";"ES";101;298;"VIANA";"Transitar na contramão";"Colisão lateral sentido oposto";"Com Vítimas Feridas";"Pleno dia";"Crescente";"Céu Claro";"Múltipla";"Reta";"Sim";3;0;1;0;1;1;1;3;-20,35374444;-40,4156433;"SPRF-ES";"DEL01-ES";"UOP01-DEL01-ES"
465290;2022-08-01;"segunda-feira";"08:40:00";"ES";101;292;"CARIACICA";"Acessar a via sem observar a presença dos outros veículos";"Colisão transversal";"Com Vítimas Feridas";"Pleno dia";"Decrescente";"Céu Claro";"Múltipla";"Reta";"Sim";2;0;1;0;1;0;1;2;-20,30650512;-40,39488717;"SPRF-ES";"DEL01-ES";"UOP01-DEL01-ES"
465292;2022-08-01;"segunda-feira";"09:00:00";"BA";116;9;"VITORIA DA CONQUISTA";"Acessar a via sem observar a presença dos outros veículos";"Saída de leito carroçável";"Com Vítimas Feridas";"Pleno dia";"Decrescente";"Céu Claro";"Simples";"Reta";"Sim";3;0;1;0;1;1;1;3;-14,86497313;-40,87244511;"SPRF-BA";"DEL08-BA";"UOP01-DEL08-BA"
465296;2022-08-01;"segunda-feira";"07:30:00";"RJ";101;228,4;"SILVA JARDIM";"Condutor Dormindo";"Capotamento";"Com Vítimas Fatais";"Pleno dia";"Decrescente";"Sol";"Dupla";"Curva";"Sim";2;1;0;0;0;1;0;2;-22,56241824;-42,35993577;"SPRF-RJ";"DEL02-RJ";"UOP03-DEL02-RJ"
465305;2022-08-01;"segunda-feira";"10:20:00";"MG";116;757,8;"LEOPOLDINA";"Frear bruscamente";"Colisão traseira";"Com Vítimas Feridas";"Pleno dia";"Decrescente";"Céu Claro";"Simples";"Reta";"Não";2;0;1;0;1;0;1;2;-21,50243487;-42,60067703;"SPRF-MG";"DEL07-MG";"UOP01-DEL07-MG"
465307;2022-08-01;"segunda-feira";"10:40:00";"PR";373;183,3;"PONTA GROSSA";"Acessar a via sem observar a presença dos outros veículos";"Colisão transversal";"Sem Vítimas";"Pleno dia";"Decrescente";"Nublado";"Dupla";"Reta;Interseção de Vias";"Não";5;0;0;0;4;2;0;4;-25,03947408;-50,27822256;"SPRF-PR";"DEL03-PR";"UOP01-DEL03-PR"
465309;2022-08-01;"segunda-feira";"10:50:00";"SP";381;55,7;"MAIRIPORA";"Reação tardia ou ineficiente do condutor";"Colisão traseira";"Com Vítimas Feridas";"Pleno dia";"Crescente";"Céu Claro";"Múltipla";"Aclive";"Sim";2;0;0;1;1;0;1;2;-23,25207404;-46,59480386;"SPRF-SP";"DEL03-SP";"UOP01-DEL03-SP"
465318;2022-08-01;"segunda-feira";"12:00:00";"RS";285;298,2;"PASSO FUNDO";"Ingestão de substâncias psicoativas pelo condutor";"Colisão lateral mesmo sentido";"Com Vítimas Feridas";"Pleno dia";"Decrescente";"Sol";"Simples";"Reta";"Sim";3;0;1;0;1;1;1;3;-28,236414;-52,423466;"SPRF-RS";"DEL08-RS";"UOP03-DEL08-RS"
465321;2022-08-01;"segunda-feira";"09:15:00";"MT";163;870;"SINOP";"Condutor deixou de manter distância do veículo da frente";"Colisão traseira";"Com Vítimas Feridas";"Pleno dia";"Decrescente";"Céu Claro";"Simples";"Reta";"Não";4;0;1;0;2;4;1;7;-11,68153596;-55,44846815;"SPRF-MT";"DEL06-MT";"NPF/DEL06-MT"
465326;2022-08-01;"segunda-feira";"10:30:00";"MG";153;239,8;"FRONTEIRA";"Condutor usando celular";"Colisão lateral sentido oposto";"Com Vítimas Feridas";"Pleno dia";"Decrescente";"Céu Claro";"Simples";"Reta";"Não";6;0;1;0;4;1;1;4;-20,258953;-49,176517;"SPRF-MG";"DEL13-MG";"UOP02-DEL13-MG"
465337;2022-08-01;"segunda-feira";"15:00:00";"PR";277;132,9;"BALSA NOVA";"Velocidade Incompatível";"Queda de ocupante de veículo";"Com Vítimas Feridas";"Pleno dia";"Crescente";"Céu Claro";"Dupla";"Reta";"Não";4;0;0;1;2;2;1;5;-25,471278;-49,671402;"SPRF-PR";"DEL03-PR";"UOP03-DEL03-PR"
465343;2022-08-01;"segunda-feira";"15:30:00";"PR";277;363;"GUARAPUAVA";"Ultrapassagem Indevida";"Colisão transversal";"Com Vítimas Feridas";"Pleno dia";"Crescente";"Sol";"Simples";"Reta";"Não";4;0;0;1;2;2;1;5;-25,42467366;-51,58968214;"SPRF-PR";"DEL08-PR";"UOP01-DEL08-PR"
465347;2022-06-22;"quarta-feira";"11:00:00";"BA";324;530;"FEIRA DE SANTANA";"Conversão proibida";"Colisão traseira";"Com Vítimas Feridas";"Pleno dia";"Crescente";"Chuva";"Dupla";"Curva";"Não";5;0;1;1;1;2;2;4;-12,32818491;-38,86174193;"SPRF-BA";"DEL01-BA";"UOP03-DEL01-BA"
465348;2022-08-01;"segunda-feira";"15:15:00";"MG";354;755,2;"ITAMONTE";"Carga excessiva e/ou mal acondicionada";"Eventos atípicos";"Sem Vítimas";"Pleno dia";"Decrescente";"Nublado";"Simples";"Reta";"Sim";2;0;0;0;1;1;0;2;-22,30998016;-44,85245881;"SPRF-MG";"DEL17-MG";"UOP01-DEL17-MG"
465350;2022-07-30;"sábado";"05:30:00";"MT";174;440;"NOVA LACERDA";"Acostamento em desnível";"Colisão lateral sentido oposto";"Com Vítimas Feridas";"Amanhecer";"Decrescente";"Céu Claro";"Simples";"Reta";"Não";2;0;1;0;0;3;1;4;-14,06041309;-59,74384042;"SPRF-MT";"DEL04-MT";"UOP01-DEL04-MT"
465351;2022-08-01;"segunda-feira";"17:00:00";"RS";116;242;"SAO LEOPOLDO";"Acessar a via sem observar a presença dos outros veículos";"Colisão lateral mesmo sentido";"Com Vítimas Feridas";"Pleno dia";"Crescente";"Sol";"Dupla";"Aclive";"Sim";2;0;1;0;1;0;1;2;-29,72297087;-51,14858729;"SPRF-RS";"DEL01-RS";"UOP02-DEL01-RS"
465352;2022-08-01;"segunda-feira";"17:05:00";"PR";373;255,3;"GUAMIRANGA";"Mal súbito do condutor";"Colisão lateral sentido oposto";"Com Vítimas Feridas";"Anoitecer";"Decrescente";"Nublado";"Simples";"Reta;Declive";"Não";6;0;5;0;1;0;5;3;-25,1876026;-50,89167595;"SPRF-PR";"DEL03-PR";"UOP04-DEL03-PR"
465358;2022-08-01;"segunda-feira";"12:50:00";"PR";116;150;"MANDIRITUBA";"Velocidade Incompatível";"Colisão com objeto";"Sem Vítimas";"Pleno dia";"Decrescente";"Sol";"Dupla";"Reta";"Não";3;0;0;0;2;2;0;4;-25,81557015;-49,33088979;"SPRF-PR";"DEL01-PR";"UOP03-DEL01-PR"
465361;2022-08-01;"segunda-feira";"17:00:00";"PA";155;337;"MARABA";"Ultrapassagem Indevida";"Colisão com objeto";"Sem Vítimas";"Pleno dia";"Decrescente";"Céu Claro";"Simples";"Reta;Interseção de Vias;Aclive";"Não";2;0;0;0;2;0;0;2;-5,42303401;-49,07624026;"SPRF-PA";"DEL03-PA";"UOP01-DEL03-PA"
465363;2022-08-01;"segunda-feira";"13:15:00";"MG";50;188;"UBERABA";"Reação tardia ou ineficiente do condutor";"Colisão lateral mesmo sentido";"Com Vítimas Feridas";"Pleno dia";"Crescente";"Céu Claro";"Dupla";"Aclive;Reta";"Sim";5;0;1;1;1;2;2;5;-19,84070819;-47,87993327;"SPRF-MG";"DEL13-MG";"UOP01-DEL13-MG"
465366;2022-08-01;"segunda-feira";"14:30:00";"GO";70;317;"JUSSARA";"Obras na pista";"Eventos atípicos";"Com Vítimas Feridas";"Pleno dia";"Decrescente";"Céu Claro";"Simples";"Declive";"Sim";1;0;1;0;0;0;1;1;-15,8776759;-50,88682652;"SPRF-GO";"DEL04-GO";"UOP01-DEL04-GO"
465371;2022-08-01;"segunda-feira";"17:15:00";"BA";101;231;"SAPEACU";"Velocidade Incompatível";"Tombamento";"Sem Vítimas";"Pleno dia";"Decrescente";"Céu Claro";"Simples";"Curva";"Sim";2;0;0;0;1;3;0;4;-12,7362483;-39,1842999;"SPRF-BA";"DEL01-BA";"UOP02-DEL01-BA"
465374;2022-08-01;"segunda-feira";"13:10:00";"MT";70;238;"PRIMAVERA DO LESTE";"Ultrapassagem Indevida";"Colisão lateral mesmo sentido";"Com Vítimas Feridas";"Pleno dia";"Decrescente";"Sol";"Simples";"Declive";"Não";3;0;2;0;0;1;2;3;-15,62591299;-54,011142;"SPRF-MT";"DEL05-MT";"UOP01-DEL05-MT"
465375;2022-07-08;"sexta-feira";"18:20:00";"MG";40;754,9;"EWBANK DA CAMARA";"Reação tardia ou ineficiente do condutor";"Tombamento";"Com Vítimas Feridas";"Anoitecer";"Crescente";"Céu Claro";"Dupla";"Curva";"Não";1;0;1;0;0;0;1;1;-21,47980333;-43,54250614;"SPRF-MG";"DEL05-MG";"UOP01-DEL05-MG"
465377;2022-08-01;"segunda-feira";"17:20:00";"RJ";116;170;"SAO JOAO DE MERITI";"Condutor deixou de manter distância do veículo da frente";"Colisão traseira";"Com Vítimas Feridas";"Plena Noite";"Crescente";"Céu Claro";"Múltipla";"Reta";"Sim";2;0;1;0;1;0;1;2;-22,81113183;-43,3336729;"SPRF-RJ";"DEL01-RJ";"UOP02-DEL01-RJ"
465379;2022-08-01;"segunda-feira";"13:00:00";"SC";470;121;"IBIRAMA";"Demais falhas mecânicas ou elétricas";"Colisão lateral sentido oposto";"Com Vítimas Feridas";"Pleno dia";"Crescente";"Céu Claro";"Simples";"Reta";"Não";9;0;3;3;2;1;6;6;-27,095861;-49,526859;"SPRF-SC";"DEL04-SC";"UOP02-DEL04-SC"
465381;2022-08-01;"segunda-feira";"08:00:00";"PR";158;337,5;"PALMITAL";"Velocidade Incompatível";"Saída de leito carroçável";"Com Vítimas Feridas";"Amanhecer";"Crescente";"Céu Claro";"Simples";"Curva;Declive";"Não";1;0;0;1;0;0;1;1;-24,96721439;-52,29183424;"SPRF-PR";"DEL04-PR";"UOP02-DEL04-PR"
465382;2022-08-01;"segunda-feira";"18:00:00";"RS";290;145;"ELDORADO DO SUL";"Acessar a via sem observar a presença dos outros veículos";"Colisão transversal";"Com Vítimas Fatais";"Plena Noite";"Crescente";"Céu Claro";"Simples";"Reta";"Não";3;1;0;0;1;2;0;4;-30,100563;-51,656773;"SPRF-RS";"DEL02-RS";"UOP01-DEL02-RS"
465394;2022-08-01;"segunda-feira";"16:30:00";"AC";364;115;"RIO BRANCO";"Ingestão de álcool pelo condutor";"Colisão com objeto";"Com Vítimas Feridas";"Pleno dia";"Decrescente";"Céu Claro";"Simples";"Rotatória";"Sim";4;0;1;0;1;3;1;4;-10,01295366;-67,71678686;"SPRF-AC";"DEL01-AC";"UOP01-DEL01-AC"
465397;2022-08-01;"segunda-feira";"19:00:00";"RS";116;301,6;"GUAIBA";"Transitar na contramão";"Colisão frontal";"Com Vítimas Feridas";"Plena Noite";"Crescente";"Céu Claro";"Simples";"Reta";"Não";5;0;0;2;2;1;2;4;-30,131899;-51,353867;"SPRF-RS";"DEL02-RS";"UOP01-DEL02-RS"
465401;2022-08-01;"segunda-feira";"18:20:00";"TO";153;145;"ARAGUAINA";"Acessar a via sem observar a presença dos outros veículos";"Colisão traseira";"Sem Vítimas";"Plena Noite";"Decrescente";"Céu Claro";"Dupla";"Reta";"Sim";3;0;0;0;2;3;0;5;-7,20503614;-48,24035166;"SPRF-TO";"DEL02-TO";"UOP01-DEL02-TO"
465403;2022-08-01;"segunda-feira";"19:20:00";"SP";381;88,9;"GUARULHOS";"Entrada inopinada do pedestre";"Atropelamento de Pedestre";"Com Vítimas Fatais";"Plena Noite";"Crescente";"Céu Claro";"Múltipla";"Reta";"Não";2;1;0;0;1;0;0;2;-23,47469314;-46,56112919;"SPRF-SP";"DEL03-SP";"UOP01-DEL03-SP"
465405;2022-03-18;"sexta-feira";"15:30:00";"MG";365;655;"MONTE ALEGRE DE MINAS";"Ausência de reação do condutor";"Colisão traseira";"Com Vítimas Feridas";"Pleno dia";"Crescente";"Céu Claro";"Dupla";"Reta";"Não";7;0;5;0;2;0;5;3;-18,87494995;-48,60140706;"SPRF-MG";"DEL15-MG";"UOP01-DEL15-MG"
465412;2022-08-01;"segunda-feira";"19:50:00";"SP";153;214,8;"GUAIMBE";"Ingestão de álcool pelo condutor";"Colisão lateral sentido oposto";"Sem Vítimas";"Plena Noite";"Crescente";"Céu Claro";"Simples";"Reta";"Não";2;0;0;0;2;0;0;2;-21,94403393;-49,92095441;"SPRF-SP";"DEL07-SP";"UOP02-DEL07-SP"
465414;2022-08-01;"segunda-feira";"19:40:00";"AL";316;173;"BELEM";"Acessar a via sem observar a presença dos outros veículos";"Atropelamento de Pedestre";"Com Vítimas Feridas";"Plena Noite";"Crescente";"Ignorado";"Simples";"Reta";"Sim";2;0;0;1;0;1;1;2;-9,53834482;-36,52705181;"SPRF-AL";"DEL03-AL";"UOP01-DEL03-AL"
465419;2022-08-01;"segunda-feira";"21:10:00";"MT";364;98;"ALTO GARCAS";"Acessar a via sem observar a presença dos outros veículos";"Colisão transversal";"Com Vítimas Feridas";"Plena Noite";"Decrescente";"Céu Claro";"Simples";"Reta";"Não";8;0;5;0;2;4;5;7;-16,84860788;-53,76829291;"SPRF-MT";"DEL02-MT";"UOP02-DEL02-MT"
465420;2022-08-01;"segunda-feira";"23:54:00";"RN";406;144;"CEARA-MIRIM";"Avarias e/ou desgaste excessivo no pneu";"Tombamento";"Com Vítimas Feridas";"Plena Noite";"Decrescente";"Céu Claro";"Simples";"Reta";"Não";4;0;1;0;2;1;1;3;-5,64709081;-35,48593402;"SPRF-RN";"DEL02-RN";"UOP01-DEL02-RN"
465421;2022-08-01;"segunda-feira";"20:20:00";"SC";280;257;"CANOINHAS";"Ultrapassagem Indevida";"Colisão lateral mesmo sentido";"Sem Vítimas";"Plena Noite";"Decrescente";"Céu Claro";"Simples";"Declive";"Não";5;0;0;0;4;3;0;6;-26,26373765;-50,60830397;"SPRF-SC";"DEL06-SC";"UOP04-DEL06-SC"
465422;2022-08-01;"segunda-feira";"22:30:00";"RS";392;275;"SAO SEPE";"Problema com o freio";"Incêndio";"Sem Vítimas";"Plena Noite";"Crescente";"Nevoeiro/Neblina";"Simples";"Reta";"Não";2;0;0;0;1;1;0;2;-30,34917406;-53,51922929;"SPRF-RS";"DEL09-RS";"UOP02-DEL09-RS"
465425;2022-08-02;"terça-feira";"00:25:00";"GO";153;151,8;"CAMPINORTE";"Condutor Dormindo";"Colisão lateral sentido oposto";"Com Vítimas Feridas";"Plena Noite";"Crescente";"Céu Claro";"Simples";"Reta";"Não";6;0;1;0;4;2;1;4;-14,090996;-49,100246;"SPRF-GO";"DEL07-GO";"UOP02-DEL07-GO"
465429;2022-08-02;"terça-feira";"03:05:00";"MG";251;483,5;"FRANCISCO SA";"Condutor Dormindo";"Colisão com objeto";"Com Vítimas Feridas";"Pleno dia";"Decrescente";"Céu Claro";"Simples";"Reta";"Não";2;0;1;0;1;0;1;1;-16,49782462;-43,52859022;"SPRF-MG";"DEL12-MG";"UOP01-DEL12-MG"
465432;2022-08-02;"terça-feira";"05:20:00";"PR";116;88;"PIRAQUARA";"Condutor deixou de manter distância do veículo da frente";"Colisão traseira";"Com Vítimas Feridas";"Plena Noite";"Crescente";"Céu Claro";"Dupla";"Reta";"Sim";2;0;1;0;1;0;1;2;-25,44781497;-49,09096994;"SPRF-PR";"DEL01-PR";"UOP01-DEL01-PR"
465435;2022-08-02;"terça-feira";"05:40:00";"RS";290;59,5;"GLORINHA";"Reação tardia ou ineficiente do condutor";"Colisão traseira";"Com Vítimas Feridas";"Plena Noite";"Crescente";"Céu Claro";"Dupla";"Reta";"Não";4;0;1;1;1;2;2;4;-29,920788;-50,838261;"SPRF-RS";"DEL03-RS";"UOP01-DEL03-RS"
465442;2022-08-02;"terça-feira";"07:15:00";"AL";101;80;"RIO LARGO";"Condutor Dormindo";"Colisão traseira";"Com Vítimas Feridas";"Pleno dia";"Crescente";"Chuva";"Múltipla";"Reta";"Não";4;0;1;1;2;0;2;3;-9,44631269;-35,84294014;"SPRF-AL";"DEL01-AL";"UOP01-DEL01-AL"
465449;2022-07-06;"quarta-feira";"20:05:00";"SC";101;145,8;"ITAPEMA";"Reação tardia ou ineficiente do condutor";"Tombamento";"Com Vítimas Fatais";"Plena Noite";"Decrescente";"Céu Claro";"Dupla";"Reta;Aclive";"Não";3;1;0;0;2;0;0;2;-27,0849148;-48,606322;"SPRF-SC";"DEL04-SC";"UOP03-DEL04-SC"
465450;2022-08-02;"terça-feira";"07:45:00";"ES";101;153;"LINHARES";"Condutor deixou de manter distância do veículo da frente";"Engavetamento";"Com Vítimas Feridas";"Pleno dia";"Decrescente";"Sol";"Simples";"Reta";"Não";4;0;1;0;3;0;1;4;-19,423338;-40,07872401;"SPRF-ES";"DEL04-ES";"UOP01-DEL04-ES"