"id";"data_inversa";"dia_semana";"horario";"uf";"br";"km";"municipio";"causa_acidente";"tipo_acidente";"classificacao_acidente";"fase_dia";"sentido_via";"condicao_metereologica";"tipo_pista";"tracado_via";"uso_solo";"pessoas";"mortos";"feridos_leves";"feridos_graves";"ilesos";"ignorados";"feridos";"veiculos";"latitude";"longitude";"regional";"delegacia";"uop"
465455;2022-08-02;"terça-feira";"08:50:00";"RS";448;9,6;"CANOAS";"Manobra de mudança de faixa";"Tombamento";"Sem Vítimas";"Pleno dia";"Crescente";"Céu Claro";"Dupla";"Reta";"Não";3;0;0;0;3;0;0;1;-29,896093;-51,244072;"SPRF-RS";"DEL01-RS";"UOP02-DEL01-RS"
465457;2022-08-02;"terça-feira";"08:10:00";"RS";116;425,9;"CRISTAL";"Transitar na contramão";"Colisão lateral sentido oposto";"Sem Vítimas";"Pleno dia";"Decrescente";"Nublado";"Simples";"Reta";"Não";2;0;0;0;2;0;0;2;-30,98193093;-52,02109003;"SPRF-RS";"DEL02-RS";"UOP02-DEL02-RS"
465458;2022-08-02;"terça-feira";"07:40:00";"MG";40;794,5;"JUIZ DE FORA";"Ausência de reação do condutor";"Colisão traseira";"Com Vítimas Feridas";"Pleno dia";"Crescente";"Céu Claro";"Dupla";"Reta";"Não";4;0;2;0;1;1;2;3;-21,79926451;-43,40729012;"SPRF-MG";"DEL05-MG";"UOP01-DEL05-MG"
465463;2022-08-02;"terça-feira";"07:20:00";"ES";101;383,9;"RIO NOVO DO SUL";"Reação tardia ou ineficiente do condutor";"Engavetamento";"Com Vítimas Feridas";"Pleno dia";"Decrescente";"Céu Claro";"Simples";"Reta";"Não";7;0;0;1;6;0;1;4;-20,82532924;-40,85473381;"SPRF-ES";"DEL03-ES";"UOP01-DEL03-ES"
465472;2022-08-02;"terça-feira";"09:40:00";"PR";116;109;"CURITIBA";"Reação tardia ou ineficiente do condutor";"Engavetamento";"Com Vítimas Feridas";"Pleno dia";"Decrescente";"Céu Claro";"Dupla";"Reta";"Não";10;0;1;0;9;0;1;10;-25,57140489;-49,20748999;"SPRF-PR";"DEL01-PR";"UOP06-DEL01-PR"
465473;2022-08-02;"terça-feira";"08:30:00";"MG";381;447;"SANTA LUZIA";"Carga excessiva e/ou mal acondicionada";"Tombamento";"Sem Vítimas";"Pleno dia";"Decrescente";"Céu Claro";"Simples";"Curva";"Não";2;0;0;0;1;1;0;2;-19,83447607;-43,85011601;"SPRF-MG";"DEL01-MG";"UOP01-DEL01-MG"
465475;2022-08-02;"terça-feira";"09:57:00";"RS";386;422,8;"MONTENEGRO";"Manobra de mudança de faixa";"Colisão lateral mesmo sentido";"Com Vítimas Feridas";"Pleno dia";"Decrescente";"Céu Claro";"Dupla";"Rotatória";"Não";3;0;0;1;1;1;1;2;-29,81663723;-51,39374793;"SPRF-RS";"DEL04-RS";"UOP02-DEL04-RS"
465478;2022-05-28;"sábado";"17:00:00";"MG";153;239;"FRONTEIRA";"Pedestre andava na pista";"Atropelamento de Pedestre";"Com Vítimas Fatais";"Anoitecer";"Crescente";"Céu Claro";"Simples";"Declive;Curva";"Sim";3;1;0;0;1;2;0;4;-20,29847332;-49,20614844;"SPRF-MG";"DEL13-MG";"UOP02-DEL13-MG"
465482;2022-08-02;"terça-feira";"13:25:00";"RJ";493;6;"ITABORAI";"Ausência de reação do condutor";"Colisão traseira";"Com Vítimas Feridas";"Pleno dia";"Decrescente";"Céu Claro";"Dupla";"Reta";"Sim";2;0;1;0;1;0;1;2;-22,73124198;-42,95145305;"SPRF-RJ";"DEL02-RJ";"UOP02-DEL02-RJ"
465483;2022-08-02;"terça-feira";"12:40:00";"PR";467;108;"CASCAVEL";"Manobra de mudança de faixa";"Saída de leito carroçável";"Com Vítimas Feridas";"Pleno dia";"Decrescente";"Céu Claro";"Dupla";"Declive";"Não";2;0;1;0;0;1;1;2;-24,9237;-53,4676;"SPRF-PR";"DEL04-PR";"UOP01-DEL04-PR"
465500;2022-08-02;"terça-feira";"10:50:00";"RJ";101;277;"TANGUA";"Acessar a via sem observar a presença dos outros veículos";"Colisão traseira";"Com Vítimas Feridas";"Pleno dia";"Crescente";"Céu Claro";"Dupla";"Reta";"Sim";3;0;1;0;1;1;1;3;-22,73943906;-42,748279;"SPRF-RJ";"DEL02-RJ";"UOP03-DEL02-RJ"
465502;2022-08-02;"terça-feira";"15:30:00";"RJ";356;8;"ITAPERUNA";"Ausência de reação do condutor";"Colisão traseira";"Com Vítimas Feridas";"Pleno dia";"Crescente";"Céu Claro";"Simples";"Reta";"Não";2;0;1;0;1;0;1;2;-21,16994816;-42,11525511;"SPRF-RJ";"DEL08-RJ";"UOP03-DEL08-RJ"
465506;2022-08-02;"terça-feira";"17:25:00";"AL";104;11,9;"SAO JOSE DA LAJE";"Ausência de sinalização";"Colisão traseira";"Com Vítimas Feridas";"Anoitecer";"Decrescente";"Chuva";"Simples";"Reta";"Não";4;0;2;0;1;1;2;3;-8,98214501;-36,02842324;"SPRF-AL";"DEL01-AL";"UOP02-DEL01-AL"
465511;2022-08-02;"terça-feira";"16:00:00";"RJ";116;165;"RIO DE JANEIRO";"Demais falhas mecânicas ou elétricas";"Tombamento";"Com Vítimas Feridas";"Pleno dia";"Crescente";"Céu Claro";"Múltipla";"Reta";"Sim";4;0;3;0;0;1;3;2;-22,81099777;-43,33557129;"SPRF-RJ";"DEL01-RJ";"UOP02-DEL01-RJ"
465514;2022-08-02;"terça-feira";"18:00:00";"PR";376;335;"ORTIGUEIRA";"Velocidade Incompatível";"Colisão lateral mesmo sentido";"Com Vítimas Feridas";"Plena Noite";"Decrescente";"Céu Claro";"Simples";"Curva";"Não";4;0;2;0;1;1;2;3;-24,14308978;-50,99542503;"SPRF-PR";"DEL07-PR";"UOP02-DEL07-PR"
465515;2022-08-02;"terça-feira";"17:30:00";"MS";163;639;"SAO GABRIEL DO OESTE";"Pedestre andava na pista";"Atropelamento de Pedestre";"Com Vítimas Fatais";"Plena Noite";"Crescente";"Céu Claro";"Dupla";"Reta";"Sim";3;1;0;0;1;2;0;4;-19,22843163;-54,69877591;"SPRF-MS";"DEL06-MS";"UOP02-DEL06-MS"
465517;2022-08-02;"terça-feira";"16:15:00";"MT";163;543;"DIAMANTINO";"Transitar na contramão";"Colisão frontal";"Com Vítimas Feridas";"Pleno dia";"Decrescente";"Céu Claro";"Simples";"Curva";"Não";4;0;1;1;1;3;2;5;-14,36459123;-56,14081519;"SPRF-MT";"DEL01-MT";"UOP01-DEL01-MT"
465531;2022-08-02;"terça-feira";"16:20:00";"SC";470;8;"NAVEGANTES";"Avarias e/ou desgaste excessivo no pneu";"Incêndio";"Sem Vítimas";"Pleno dia";"Crescente";"Sol";"Simples";"Reta";"Não";2;0;0;0;1;1;0;2;-26,83688;-48,718853;"SPRF-SC";"DEL04-SC";"UOP04-DEL04-SC"
465540;2022-08-02;"terça-feira";"16:30:00";"MS";163;87,7;"ITAQUIRAI";"Reação tardia ou ineficiente do condutor";"Colisão com objeto";"Com Vítimas Fatais";"Pleno dia";"Crescente";"Céu Claro";"Simples";"Ponte";"Não";2;1;0;0;0;1;0;2;-23,396976;-54,210569;"SPRF-MS";"DEL09-MS";"UOP01-DEL09-MS"
465545;2022-08-02;"terça-feira";"18:45:00";"BA";324;623,9;"SALVADOR";"Condutor deixou de manter distância do veículo da frente";"Colisão traseira";"Com Vítimas Feridas";"Plena Noite";"Crescente";"Céu Claro";"Dupla";"Reta";"Sim";5;0;3;0;1;1;3;3;-12,92628699;-38,46838679;"SPRF-BA";"DEL01-BA";"UOP01-DEL01-BA"
465547;2022-08-02;"terça-feira";"17:40:00";"RJ";116;165;"RIO DE JANEIRO";"Ausência de reação do condutor";"Colisão com objeto";"Com Vítimas Feridas";"Anoitecer";"Crescente";"Céu Claro";"Dupla";"Reta";"Sim";2;0;1;0;1;0;1;2;-22,81548519;-43,29087405;"SPRF-RJ";"DEL01-RJ";"UOP02-DEL01-RJ"
465551;2022-08-02;"terça-feira";"13:05:00";"MT";163;845,1;"SINOP";"Ausência de reação do condutor";"Colisão traseira";"Com Vítimas Feridas";"Pleno dia";"Crescente";"Céu Claro";"Simples";"Reta";"Sim";3;0;1;0;1;3;1;5;-11,773769;-55,472462;"SPRF-MT";"DEL06-MT";"NPF/DEL06-MT"
465553;2022-08-02;"terça-feira";"13:15:00";"MT";163;860,1;"SINOP";"Ausência de reação do condutor";"Engavetamento";"Com Vítimas Feridas";"Pleno dia";"Crescente";"Céu Claro";"Simples";"Declive;Reta";"Não";4;0;2;0;2;0;2;3;-11,76856796;-55,47109916;"SPRF-MT";"DEL06-MT";"NPF/DEL06-MT"
465554;2022-08-02;"terça-feira";"17:30:00";"MG";153;83;"MONTE ALEGRE DE MINAS";"Transitar na contramão";"Colisão com objeto";"Com Vítimas Feridas";"Anoitecer";"Decrescente";"Ignorado";"Simples";"Ponte;Declive";"Não";2;0;2;0;0;0;2;1;-19,08815127;-48,99176131;"SPRF-MG";"DEL15-MG";"UOP03-DEL15-MG"
465559;2022-08-02;"terça-feira";"13:25:00";"SC";282;535;"CHAPECO";"Desrespeitar a preferência no cruzamento";"Colisão transversal";"Com Vítimas Feridas";"Pleno dia";"Decrescente";"Céu Claro";"Dupla";"Rotatória;Reta";"Não";3;0;1;0;1;1;1;3;-27,00002563;-52,64695644;"SPRF-SC";"DEL07-SC";"UOP01-DEL07-SC"
465560;2022-08-02;"terça-feira";"05:30:00";"MA";135;100;"ITAPECURU MIRIM";"Transitar na contramão";"Colisão frontal";"Com Vítimas Feridas";"Amanhecer";"Crescente";"Ignorado";"Simples";"Reta";"Não";4;0;0;2;1;1;2;4;-3,36196743;-44,47232351;"SPRF-MA";"DEL01-MA";"UOP02-DEL01-MA"
465562;2022-08-02;"terça-feira";"19:30:00";"GO";50;276;"CATALAO";"Reação tardia ou ineficiente do condutor";"Colisão transversal";"Com Vítimas Feridas";"Plena Noite";"Decrescente";"Céu Claro";"Simples";"Interseção de Vias;Curva";"Não";4;0;1;1;1;3;2;5;-18,16503501;-47,91113969;"SPRF-GO";"DEL06-GO";"UOP01-DEL06-GO"
465563;2022-08-02;"terça-feira";"15:55:00";"TO";153;757,5;"ALVORADA";"Ultrapassagem Indevida";"Colisão lateral mesmo sentido";"Com Vítimas Feridas";"Pleno dia";"Crescente";"Céu Claro";"Simples";"Reta";"Não";4;0;0;1;2;1;1;3;-12,44523605;-49,12100926;"SPRF-TO";"DEL01-TO";"UOP02-DEL01-TO"
465564;2022-08-02;"terça-feira";"18:30:00";"PR";376;132,6;"NOVA ESPERANCA";"Demais falhas mecânicas ou elétricas";"Colisão traseira";"Sem Vítimas";"Pleno dia";"Crescente";"Céu Claro";"Dupla";"Declive";"Sim";3;0;0;0;2;1;0;3;-23,18188595;-52,21612797;"SPRF-PR";"DEL09-PR";"UOP02-DEL09-PR"
465565;2022-08-02;"terça-feira";"17:53:00";"BA";367;29;"PORTO SEGURO";"Acessar a via sem observar a presença dos outros veículos";"Colisão transversal";"Com Vítimas Feridas";"Plena Noite";"Crescente";"Nublado";"Simples";"Reta";"Sim";2;0;0;1;1;0;1;2;-16,415428;-39,118959;"SPRF-BA";"DEL09-BA";"UOP03-DEL09-BA"
465573;2022-08-02;"terça-feira";"09:45:00";"AM";174;1056;"PRESIDENTE FIGUEIREDO";"Ultrapassagem Indevida";"Colisão frontal";"Com Vítimas Feridas";"Pleno dia";"Crescente";"Sol";"Simples";"Reta";"Não";5;0;0;2;2;2;2;5;-1,53347134;-60,23905658;"SPRF-AM";"DEL01-AM";"UOP02-DEL01-AM"
465576;2022-08-02;"terça-feira";"21:30:00";"AP";210;48;"MACAPA";"Condutor deixou de manter distância do veículo da frente";"Colisão traseira";"Com Vítimas Feridas";"Plena Noite";"Decrescente";"Céu Claro";"Simples";"Reta";"Não";2;0;1;0;1;0;1;2;0,4210029;-51,04850279;"SPRF-AP";"DEL01-AP";"UOP01-DEL01-AP"
465577;2022-08-02;"terça-feira";"19:15:00";"SC";282;362;"ERVAL VELHO";"Ultrapassagem Indevida";"Colisão frontal";"Com Vítimas Feridas";"Plena Noite";"Crescente";"Céu Claro";"Simples";"Reta;Declive";"Não";7;0;5;0;2;0;5;4;-27,304995;-51,38102;"SPRF-SC";"DEL07-SC";"UOP05-DEL07-SC"
465581;2022-08-02;"terça-feira";"13:00:00";"PR";277;426,2;"CANTAGALO";"Velocidade Incompatível";"Tombamento";"Com Vítimas Fatais";"Pleno dia";"Decrescente";"Céu Claro";"Simples";"Declive;Curva";"Não";4;2;0;0;1;2;0;5;-25,38220585;-52,11624364;"SPRF-PR";"DEL04-PR";"UOP02-DEL04-PR"
465584;2022-08-02;"terça-feira";"19:35:00";"BA";242;471;"IBITIARA";"Ausência de reação do condutor";"Saída de leito carroçável";"Com Vítimas Fatais";"Plena Noite";"Decrescente";"Céu Claro";"Simples";"Reta";"Não";1;1;0;0;0;0;0;1;-12,46171291;-42,237764;"SPRF-BA";"DEL06-BA";"UOP01-DEL06-BA"
465586;2022-08-02;"terça-feira";"19:50:00";"MA";10;231;"GOVERNADOR EDISON LOBAO";"Manobra de mudança de faixa";"Colisão lateral sentido oposto";"Com Vítimas Fatais";"Plena Noite";"Decrescente";"Céu Claro";"Simples";"Reta";"Não";2;1;0;0;1;0;0;2;-5,69286;-47,364136;"SPRF-MA";"DEL04-MA";"UOP01-DEL04-MA"
465588;2022-08-03;"quarta-feira";"01:30:00";"MG";40;366,3;"FELIXLANDIA";"Condutor Dormindo";"Saída de leito carroçável";"Com Vítimas Feridas";"Plena Noite";"Decrescente";"Céu Claro";"Simples";"Reta";"Não";2;0;1;0;0;1;1;2;-18,787346;-44,80735;"SPRF-MG";"DEL02-MG";"UOP01-DEL02-MG"
465590;2022-08-02;"terça-feira";"20:50:00";"PR";277;206;"PALMEIRA";"Demais falhas mecânicas ou elétricas";"Incêndio";"Sem Vítimas";"Plena Noite";"Decrescente";"Céu Claro";"Simples";"Reta";"Não";2;0;0;0;1;2;0;3;-25,46468901;-50,25988;"SPRF-PR";"DEL08-PR";"UOP02-DEL08-PR"
465591;2022-08-03;"quarta-feira";"01:10:00";"SC";101;162;"TIJUCAS";"Reação tardia ou ineficiente do condutor";"Colisão traseira";"Com Vítimas Feridas";"Plena Noite";"Decrescente";"Céu Claro";"Múltipla";"Aclive";"Sim";6;0;1;4;1;0;5;2;-27,22554009;-48,6279367;"SPRF-SC";"DEL04-SC";"UOP03-DEL04-SC"
465594;2022-08-03;"quarta-feira";"02:42:00";"PE";101;89;"CABO DE SANTO AGOSTINHO";"Condutor Dormindo";"Tombamento";"Com Vítimas Feridas";"Plena Noite";"Crescente";"Chuva";"Dupla";"Reta";"Não";2;0;1;0;0;2;1;3;-8,20760697;-34,98372005;"SPRF-PE";"DEL01-PE";"UOP01-DEL01-PE"
465596;2022-08-03;"quarta-feira";"05:00:00";"RS";392;319;"SAO SEPE";"Ingestão de álcool pelo condutor";"Tombamento";"Com Vítimas Feridas";"Plena Noite";"Decrescente";"Nevoeiro/Neblina";"Simples";"Reta";"Não";2;0;1;0;0;1;1;2;-29,99369098;-53,68606086;"SPRF-RS";"DEL09-RS";"UOP01-DEL09-RS"
465602;2022-08-03;"quarta-feira";"06:49:00";"GO";20;64;"FORMOSA";"Desrespeitar a preferência no cruzamento";"Colisão lateral mesmo sentido";"Com Vítimas Feridas";"Amanhecer";"Decrescente";"Céu Claro";"Simples";"Reta";"Sim";4;0;0;1;1;3;1;5;-15,221292;-47,161102;"SPRF-DF";"DEL02-DF";"UOP01-DEL02-DF"
465607;2022-08-03;"quarta-feira";"06:30:00";"PR";163;185;"SANTA TEREZA DO OESTE";"Condutor Dormindo";"Saída de leito carroçável";"Com Vítimas Feridas";"Amanhecer";"Crescente";"Nublado";"Dupla";"Curva";"Não";1;0;1;0;0;0;1;1;-25,13565591;-53,58359882;"SPRF-PR";"DEL05-PR";"UOP05-DEL05-PR"
465609;2022-08-03;"quarta-feira";"06:20:00";"MG";365;668;"MONTE ALEGRE DE MINAS";"Ausência de reação do condutor";"Colisão traseira";"Com Vítimas Feridas";"Pleno dia";"Crescente";"Sol";"Dupla";"Reta";"Não";3;0;1;0;1;2;1;4;-18,887257;-48,718085;"SPRF-MG";"DEL15-MG";"UOP01-DEL15-MG"
465610;2022-08-03;"quarta-feira";"07:00:00";"PR";476;278,4;"SAO MATEUS DO SUL";"Reação tardia ou ineficiente do condutor";"Colisão frontal";"Com Vítimas Feridas";"Amanhecer";"Decrescente";"Nublado";"Simples";"Reta";"Sim";4;0;2;0;1;1;2;3;-25,868753;-50,396477;"SPRF-PR";"DEL02-PR";"UOP04-DEL02-PR"
465616;2022-08-03;"quarta-feira";"06:50:00";"ES";262;57;"MARECHAL FLORIANO";"Acostamento em desnível";"Saída de leito carroçável";"Com Vítimas Feridas";"Amanhecer";"Crescente";"Nublado";"Simples";"Aclive";"Não";2;0;1;0;0;1;1;2;-20,4167455;-40,76201981;"SPRF-ES";"DEL01-ES";"UOP01-DEL01-ES"
465618;2022-08-01;"segunda-feira";"13:00:00";"MT";70;174;"GENERAL CARNEIRO";"Demais falhas mecânicas ou elétricas";"Incêndio";"Sem Vítimas";"Pleno dia";"Crescente";"Céu Claro";"Simples";"Reta";"Não";2;0;0;0;1;1;0;2;-15,629998;-53,55619;"SPRF-MT";"DEL05-MT";"UOP01-DEL05-MT"
465619;2022-08-03;"quarta-feira";"07:45:00";"SP";116;226;"GUARULHOS";"Reação tardia ou ineficiente do condutor";"Colisão lateral mesmo sentido";"Com Vítimas Feridas";"Pleno dia";"Decrescente";"Céu Claro";"Múltipla";"Reta";"Sim";2;0;1;0;1;0;1;2;-23,49102507;-46,54878195;"SPRF-SP";"DEL01-SP";"UOP01-DEL01-SP"
465622;2022-08-03;"quarta-feira";"06:40:00";"BA";101;709;"EUNAPOLIS";"Neblina";"Colisão traseira";"Com Vítimas Feridas";"Amanhecer";"Crescente";"Nevoeiro/Neblina";"Simples";"Reta";"Não";3;0;0;1;2;0;1;3;-16,48013692;-39,58194883;"SPRF-BA";"DEL09-BA";"UOP01-DEL09-BA"
465623;2022-08-03;"quarta-feira";"07:20:00";"CE";222;128;"ITAPAJE";"Pista Escorregadia";"Saída de leito carroçável";"Com Vítimas Feridas";"Pleno dia";"Crescente";"Chuva";"Simples";"Curva";"Sim";2;0;1;0;0;2;1;3;-3,70427286;-39,61528609;"SPRF-CE";"DEL04-CE";"UOP03-DEL04-CE"
465634;2022-08-03;"quarta-feira";"08:20:00";"SP";116;283,8;"ITAPECERICA DA SERRA";"Reação tardia ou ineficiente do condutor";"Colisão traseira";"Com Vítimas Feridas";"Pleno dia";"Decrescente";"Céu Claro";"Dupla";"Reta";"Sim";2;0;1;0;0;1;1;2;-23,69297005;-46,86352786;"SPRF-SP";"DEL04-SP";"UOP01-DEL04-SP"
465635;2022-08-03;"quarta-feira";"07:40:00";"MT";70;118,1;"GENERAL CARNEIRO";"Velocidade Incompatível";"Saída de leito carroçável";"Com Vítimas Feridas";"Pleno dia";"Crescente";"Céu Claro";"Simples";"Curva";"Não";2;0;1;0;0;2;1;3;-15,60811784;-53,10853093;"SPRF-MT";"DEL07-MT";"UOP01-DEL07-MT"
465639;2022-07-19;"terça-feira";"22:15:00";"RJ";493;51;"DUQUE DE CAXIAS";"Demais falhas mecânicas ou elétricas";"Incêndio";"Sem Vítimas";"Plena Noite";"Decrescente";"Ignorado";"Múltipla";"Reta";"Não";2;0;0;0;1;1;0;2;-22,672089;-43,285053;"SPRF-RJ";"DEL01-RJ";"UOP01-DEL01-RJ"
465640;2022-08-03;"quarta-feira";"08:50:00";"RS";386;362;"BOM RETIRO DO SUL";"Velocidade Incompatível";"Tombamento";"Com Vítimas Feridas";"Pleno dia";"Crescente";"Nublado";"Dupla";"Interseção de Vias";"Não";2;0;1;0;0;1;1;2;-29,55843285;-51,88947916;"SPRF-RS";"DEL04-RS";"UOP02-DEL04-RS"
465646;2022-08-03;"quarta-feira";"09:00:00";"MT";70;521;"VARZEA GRANDE";"Acessar a via sem observar a presença dos outros veículos";"Colisão lateral mesmo sentido";"Com Vítimas Feridas";"Pleno dia";"Crescente";"Céu Claro";"Simples";"Reta";"Sim";3;0;1;0;1;2;1;4;-15,66862;-56,18112;"SPRF-MT";"DEL01-MT";"UOP02-DEL01-MT"
465648;2022-07-30;"sábado";"21:05:00";"MG";365;340;"VARJAO DE MINAS";"Pista Escorregadia";"Saída de leito carroçável";"Com Vítimas Feridas";"Plena Noite";"Decrescente";"Chuva";"Dupla";"Reta";"Não";1;0;1;0;0;0;1;1;-18,31137374;-45,96592214;"SPRF-MG";"DEL10-MG";"UOP01-DEL10-MG"
465651;2022-08-03;"quarta-feira";"10:00:00";"MG";40;727;"OLIVEIRA FORTES";"Velocidade Incompatível";"Saída de leito carroçável";"Com Vítimas Feridas";"Pleno dia";"Crescente";"Céu Claro";"Dupla";"Declive;Curva";"Não";3;0;2;0;0;1;2;2;-21,31429811;-43,59529512;"SPRF-MG";"DEL05-MG";"UOP01-DEL05-MG"
465652;2022-04-12;"terça-feira";"12:20:00";"RN";110;113,7;"UPANEMA";"Ausência de reação do condutor";"Saída de leito carroçável";"Com Vítimas Feridas";"Pleno dia";"Decrescente";"Sol";"Simples";"Curva";"Não";3;0;1;1;0;1;2;2;-5,74152969;-37,28536472;"SPRF-RN";"DEL04-RN";"UOP01-DEL04-RN"
465654;2022-08-03;"quarta-feira";"09:40:00";"PR";376;218,5;"JANDAIA DO SUL";"Acessar a via sem observar a presença dos outros veículos";"Colisão transversal";"Com Vítimas Feridas";"Pleno dia";"Decrescente";"Céu Claro";"Simples";"Aclive;Interseção de Vias";"Não";2;0;1;0;1;0;1;2;-23,59854688;-51,62765801;"SPRF-PR";"DEL09-PR";"UOP01-DEL09-PR"
465666;2022-08-03;"quarta-feira";"09:00:00";"MA";135;3;"SAO LUIS";"Manobra de mudança de faixa";"Colisão lateral mesmo sentido";"Sem Vítimas";"Pleno dia";"Decrescente";"Céu Claro";"Dupla";"Reta";"Sim";2;0;0;0;2;0;0;2;-2,606802;-44,247512;"SPRF-MA";"DEL01-MA";"UOP01-DEL01-MA"
465669;2022-08-03;"quarta-feira";"08:50:00";"MG";40;213;"JOAO PINHEIRO";"Velocidade Incompatível";"Tombamento";"Com Vítimas Feridas";"Pleno dia";"Decrescente";"Céu Claro";"Simples";"Aclive;Curva";"Não";2;0;1;0;0;1;1;2;-17,96471403;-45,71192059;"SPRF-MG";"DEL14-MG";"UOP02-DEL14-MG"
465670;2022-08-03;"quarta-feira";"11:30:00";"PR";116;26;"CAMPINA GRANDE DO SUL";"Velocidade Incompatível";"Tombamento";"Com Vítimas Feridas";"Pleno dia";"Decrescente";"Céu Claro";"Dupla";"Curva";"Não";2;0;1;0;0;1;1;2;-25,11412422;-48,75994205;"SPRF-PR";"DEL01-PR";"UOP02-DEL01-PR"
465671;2022-08-03;"quarta-feira";"08:00:00";"BA";116;816,8;"VITORIA DA CONQUISTA";"Velocidade Incompatível";"Colisão lateral mesmo sentido";"Sem Vítimas";"Pleno dia";"Decrescente";"Sol";"Simples";"Reta";"Sim";4;0;0;0;3;1;0;3;-14,77751018;-40,73036091;"SPRF-BA";"DEL08-BA";"UOP01-DEL08-BA"
465676;2022-08-03;"quarta-feira";"11:00:00";"PR";369;17,3;"CAMBARA";"Acessar a via sem observar a presença dos outros veículos";"Colisão transversal";"Com Vítimas Feridas";"Pleno dia";"Crescente";"Céu Claro";"Simples";"Interseção de Vias;Reta";"Sim";2;0;1;0;1;0;1;2;-23,03353175;-50,05989075;"SPRF-PR";"DEL07-PR";"UOP01-DEL07-PR"
465679;2022-08-03;"quarta-feira";"13:45:00";"RJ";116;6,8;"SAPUCAIA";"Acessar a via sem observar a presença dos outros veículos";"Colisão lateral mesmo sentido";"Com Vítimas Feridas";"Pleno dia";"Crescente";"Céu Claro";"Simples";"Curva";"Não";2;0;0;1;1;0;1;2;-21,90897631;-42,69105244;"SPRF-RJ";"DEL05-RJ";"UOP01-DEL05-RJ"
465691;2022-08-03;"quarta-feira";"13:28:00";"MG";381;454;"BELO HORIZONTE";"Demais falhas mecânicas ou elétricas";"Colisão lateral mesmo sentido";"Com Vítimas Feridas";"Pleno dia";"Crescente";"Sol";"Simples";"Reta";"Sim";12;0;2;1;7;2;3;10;-19,85593827;-43,89662047;"SPRF-MG";"DEL01-MG";"UOP01-DEL01-MG"
465696;2022-08-03;"quarta-feira";"15:42:00";"MG";381;489;"BETIM";"Acessar a via sem observar a presença dos outros veículos";"Colisão lateral mesmo sentido";"Com Vítimas Feridas";"Pleno dia";"Crescente";"Sol";"Dupla";"Reta";"Sim";2;0;1;0;1;0;1;2;-19,9598656;-44,15489715;"SPRF-MG";"DEL01-MG";"UOP03-DEL01-MG"
465699;2022-08-03;"quarta-feira";"11:50:00";"CE";402;298;"UMIRIM";"Ausência de reação do condutor";"Saída de leito carroçável";"Com Vítimas Feridas";"Pleno dia";"Decrescente";"Céu Claro";"Simples";"Reta";"Não";3;0;2;0;0;1;2;2;-3,672135;-39,384855;"SPRF-CE";"DEL01-CE";"UOP03-DEL01-CE"
465700;2022-08-01;"segunda-feira";"16:00:00";"RJ";356;69;"ITALVA";"Ausência de reação do condutor";"Tombamento";"Sem Vítimas";"Anoitecer";"Decrescente";"Céu Claro";"Simples";"Reta";"Não";2;0;0;0;1;3;0;4;-21,37560484;-41,69375282;"SPRF-RJ";"DEL08-RJ";"UOP03-DEL08-RJ"
465702;2022-08-03;"quarta-feira";"15:50:00";"MG";381;873;"ESTIVA";"Reação tardia ou ineficiente do condutor";"Saída de leito carroçável";"Com Vítimas Feridas";"Pleno dia";"Crescente";"Céu Claro";"Dupla";"Curva";"Não";2;0;1;0;1;0;1;1;-22,450796;-46,000139;"SPRF-MG";"DEL16-MG";"UOP01-DEL16-MG"
465703;2022-08-03;"quarta-feira";"14:55:00";"RS";386;296;"POUSO NOVO";"Velocidade Incompatível";"Tombamento";"Com Vítimas Feridas";"Pleno dia";"Crescente";"Nublado";"Simples";"Curva";"Não";4;0;2;0;1;1;2;4;-29,13743089;-52,24526882;"SPRF-RS";"DEL04-RS";"UOP01-DEL04-RS"
465707;2022-08-03;"quarta-feira";"16:08:00";"BA";324;519;"FEIRA DE SANTANA";"Ausência de reação do condutor";"Colisão traseira";"Com Vítimas Feridas";"Pleno dia";"Decrescente";"Céu Claro";"Dupla";"Reta";"Sim";4;0;1;0;2;2;1;5;-12,27253768;-38,93507481;"SPRF-BA";"DEL02-BA";"UOP01-DEL02-BA"
465713;2022-08-03;"quarta-feira";"15:05:00";"BA";116;817;"VITORIA DA CONQUISTA";"Acessar a via sem observar a presença dos outros veículos";"Colisão transversal";"Sem Vítimas";"Pleno dia";"Decrescente";"Sol";"Simples";"Interseção de Vias";"Não";2;0;0;0;2;0;0;2;-14,82322767;-40,81791228;"SPRF-BA";"DEL08-BA";"UOP01-DEL08-BA"
465716;2022-08-03;"quarta-feira";"14:00:00";"MG";262;587,3;"CAMPOS ALTOS";"Curva acentuada";"Colisão lateral sentido oposto";"Com Vítimas Feridas";"Pleno dia";"Decrescente";"Céu Claro";"Simples";"Curva;Declive";"Não";3;0;2;0;0;2;2;4;-19,66218198;-46,10927701;"SPRF-MG";"DEL08-MG";"UOP02-DEL08-MG"
465724;2022-08-03;"quarta-feira";"17:10:00";"PE";423;99;"GARANHUNS";"Manobra de mudança de faixa";"Colisão lateral sentido oposto";"Sem Vítimas";"Pleno dia";"Decrescente";"Garoa/Chuvisco";"Simples";"Reta";"Não";3;0;0;0;2;1;0;3;-8,87808191;-36,51252399;"SPRF-PE";"DEL03-PE";"UOP01-DEL03-PE"