"id";"data_inversa";"dia_semana";"horario";"uf";"br";"km";"municipio";"causa_acidente";"tipo_acidente";"classificacao_acidente";"fase_dia";"sentido_via";"condicao_metereologica";"tipo_pista";"tracado_via";"uso_solo";"pessoas";"mortos";"feridos_leves";"feridos_graves";"ilesos";"ignorados";"feridos";"veiculos";"latitude";"longitude";"regional";"delegacia";"uop"
465729;2022-08-03;"quarta-feira";"17:30:00";"SC";101;58;"ARAQUARI";"Ausência de reação do condutor";"Colisão com objeto";"Com Vítimas Feridas";"Anoitecer";"Decrescente";"Céu Claro";"Dupla";"Curva";"Não";3;0;1;0;1;1;1;3;-26,44025049;-48,80129043;"SPRF-SC";"DEL03-SC";"UOP02-DEL03-SC"
465730;2022-08-03;"quarta-feira";"14:00:00";"MT";364;160;"PEDRA PRETA";"Demais falhas mecânicas ou elétricas";"Incêndio";"Sem Vítimas";"Pleno dia";"Decrescente";"Nublado";"Simples";"Reta;Aclive";"Não";2;0;0;0;1;2;0;3;-16,720615;-54,26381598;"SPRF-MT";"DEL02-MT";"UOP01-DEL02-MT"
465735;2022-08-03;"quarta-feira";"14:07:00";"BA";116;535;"ITATIM";"Ultrapassagem Indevida";"Colisão traseira";"Com Vítimas Feridas";"Pleno dia";"Crescente";"Céu Claro";"Simples";"Reta";"Não";5;0;2;0;2;1;2;3;-12,72340517;-39,76870537;"SPRF-BA";"DEL03-BA";"UOP02-DEL03-BA"
465736;2022-08-03;"quarta-feira";"10:30:00";"MT";158;443;"RIBEIRAO CASCALHEIRA";"Ultrapassagem Indevida";"Colisão lateral sentido oposto";"Com Vítimas Feridas";"Pleno dia";"Decrescente";"Céu Claro";"Simples";"Curva";"Não";9;0;3;1;4;5;4;8;-13,07517082;-51,89774332;"SPRF-MT";"DEL07-MT";"UOP02-DEL07-MT"
465739;2022-08-03;"quarta-feira";"18:10:00";"RJ";116;290;"BARRA MANSA";"Demais falhas mecânicas ou elétricas";"Eventos atípicos";"Com Vítimas Feridas";"Plena Noite";"Decrescente";"Céu Claro";"Dupla";"Curva;Aclive";"Sim";3;0;1;0;1;1;1;3;-22,47546917;-44,26675004;"SPRF-RJ";"DEL07-RJ";"UOP02-DEL07-RJ"
465741;2022-08-03;"quarta-feira";"17:15:00";"PR";369;150;"LONDRINA";"Reação tardia ou ineficiente do condutor";"Colisão traseira";"Com Vítimas Feridas";"Pleno dia";"Crescente";"Céu Claro";"Dupla";"Reta";"Sim";7;0;3;0;3;1;3;7;-23,29290838;-51,1631906;"SPRF-PR";"DEL07-PR";"UOP01-DEL07-PR"
465748;2022-08-03;"quarta-feira";"19:45:00";"PB";116;12,6;"CACHOEIRA DOS INDIOS";"Chuva";"Saída de leito carroçável";"Com Vítimas Feridas";"Plena Noite";"Crescente";"Chuva";"Simples";"Reta;Declive";"Não";2;0;0;1;0;1;1;2;-6,993578;-38,746815;"SPRF-CE";"DEL05-CE";"UOP03-DEL05-CE"
465752;2022-08-03;"quarta-feira";"16:25:00";"MT";163;103;"RONDONOPOLIS";"Carga excessiva e/ou mal acondicionada";"Derramamento de carga";"Sem Vítimas";"Pleno dia";"Crescente";"Céu Claro";"Dupla";"Reta";"Não";2;0;0;0;1;1;0;2;-16,63713456;-54,69416719;"SPRF-MT";"DEL02-MT";"UOP01-DEL02-MT"
465753;2022-08-03;"quarta-feira";"19:30:00";"RS";285;312,1;"PASSO FUNDO";"Ultrapassagem Indevida";"Colisão lateral mesmo sentido";"Com Vítimas Feridas";"Plena Noite";"Crescente";"Céu Claro";"Simples";"Reta";"Não";6;0;2;0;2;2;2;4;-28,241541;-52,553028;"SPRF-RS";"DEL08-RS";"UOP03-DEL08-RS"
465763;2022-08-03;"quarta-feira";"17:55:00";"AL";101;40;"FLEXEIRAS";"Acostamento em desnível";"Saída de leito carroçável";"Sem Vítimas";"Anoitecer";"Decrescente";"Chuva";"Dupla";"Reta";"Não";2;0;0;0;1;2;0;3;-9,16377891;-35,77034503;"SPRF-AL";"DEL01-AL";"UOP02-DEL01-AL"
465765;2022-08-03;"quarta-feira";"20:00:00";"PR";376;239;"APUCARANA";"Animais na Pista";"Atropelamento de Animal";"Sem Vítimas";"Plena Noite";"Decrescente";"Céu Claro";"Dupla";"Reta";"Não";2;0;0;0;1;1;0;2;-23,58261216;-51,44500092;"SPRF-PR";"DEL07-PR";"UOP03-DEL07-PR"
465768;2022-08-03;"quarta-feira";"20:40:00";"MG";381;479;"CONTAGEM";"Manobra de mudança de faixa";"Colisão lateral mesmo sentido";"Com Vítimas Feridas";"Pleno dia";"Decrescente";"Céu Claro";"Dupla";"Reta;Declive";"Sim";3;0;1;0;1;1;1;3;-19,95889605;-44,069202;"SPRF-MG";"DEL01-MG";"UOP03-DEL01-MG"
465770;2022-08-03;"quarta-feira";"17:40:00";"SC";116;247,8;"LAGES";"Desrespeitar a preferência no cruzamento";"Colisão transversal";"Com Vítimas Feridas";"Anoitecer";"Crescente";"Céu Claro";"Simples";"Interseção de Vias;Reta";"Sim";3;0;0;1;1;1;1;3;-27,81797471;-50,37297964;"SPRF-SC";"DEL05-SC";"UOP02-DEL05-SC"
465780;2022-08-03;"quarta-feira";"19:00:00";"MA";10;175,4;"CAMPESTRE DO MARANHAO";"Ingestão de álcool pelo condutor";"Colisão frontal";"Sem Vítimas";"Plena Noite";"Decrescente";"Céu Claro";"Simples";"Reta";"Não";2;0;0;0;2;0;0;2;-6,185258;-47,361851;"SPRF-MA";"DEL04-MA";"UOP02-DEL04-MA"
465785;2022-08-03;"quarta-feira";"22:45:00";"PR";277;239,7;"IRATI";"Transitar na contramão";"Colisão frontal";"Com Vítimas Fatais";"Plena Noite";"Decrescente";"Céu Claro";"Simples";"Reta;Aclive";"Não";3;1;0;0;1;2;0;4;-25,455381;-50,628;"SPRF-PR";"DEL08-PR";"UOP02-DEL08-PR"
465787;2022-08-04;"quinta-feira";"00:40:00";"RN";405;131;"SAO FRANCISCO DO OESTE";"Velocidade Incompatível";"Saída de leito carroçável";"Com Vítimas Fatais";"Plena Noite";"Crescente";"Chuva";"Simples";"Curva";"Não";2;1;0;0;0;1;0;2;-5,964179;-38,128495;"SPRF-RN";"DEL04-RN";"UOP02-DEL04-RN"
465789;2022-08-04;"quinta-feira";"01:30:00";"MG";381;869;"POUSO ALEGRE";"Reação tardia ou ineficiente do condutor";"Colisão traseira";"Com Vítimas Feridas";"Plena Noite";"Decrescente";"Céu Claro";"Dupla";"Reta";"Sim";3;0;1;1;1;0;2;2;-22,42671983;-45,97163217;"SPRF-MG";"DEL16-MG";"UOP01-DEL16-MG"
465791;2022-08-04;"quinta-feira";"01:20:00";"PR";158;520;"CORONEL VIVIDA";"Condutor Dormindo";"Colisão frontal";"Com Vítimas Feridas";"Plena Noite";"Crescente";"Céu Claro";"Simples";"Reta";"Não";3;0;0;1;1;1;1;3;-26,10967711;-52,64031233;"SPRF-PR";"DEL02-PR";"UOP01-DEL02-PR"
465792;2022-08-04;"quinta-feira";"02:05:00";"MS";163;185;"JUTI";"Ausência de reação do condutor";"Saída de leito carroçável";"Com Vítimas Feridas";"Plena Noite";"Decrescente";"Céu Claro";"Simples";"Reta";"Não";2;0;1;0;0;1;1;2;-22,80967201;-54,720188;"SPRF-MS";"DEL09-MS";"UOP01-DEL09-MS"
465803;2022-08-03;"quarta-feira";"19:30:00";"MG";365;207;"BURITIZEIRO";"Ausência de reação do condutor";"Tombamento";"Com Vítimas Feridas";"Plena Noite";"Decrescente";"Céu Claro";"Simples";"Reta";"Não";3;0;2;0;0;1;2;2;-17,53314771;-45,28491709;"SPRF-MG";"DEL12-MG";"UOP01-DEL12-MG"
465807;2022-08-04;"quinta-feira";"02:28:00";"SC";116;159,9;"SANTA CECILIA";"Animais na Pista";"Tombamento";"Com Vítimas Feridas";"Plena Noite";"Crescente";"Céu Claro";"Simples";"Reta";"Não";2;0;1;0;0;1;1;2;-27,09960799;-50,45374278;"SPRF-SC";"DEL06-SC";"UOP02-DEL06-SC"
465823;2022-08-04;"quinta-feira";"08:15:00";"RS";116;234;"NOVO HAMBURGO";"Condutor desrespeitou a iluminação vermelha do semáforo";"Colisão com objeto";"Sem Vítimas";"Pleno dia";"Decrescente";"Chuva";"Dupla";"Reta";"Sim";3;0;0;0;3;0;0;2;-29,65121313;-51,1444433;"SPRF-RS";"DEL01-RS";"UOP02-DEL01-RS"
465826;2022-08-04;"quinta-feira";"07:10:00";"PR";116;106,7;"SAO JOSE DOS PINHAIS";"Condutor deixou de manter distância do veículo da frente";"Colisão lateral mesmo sentido";"Com Vítimas Feridas";"Pleno dia";"Crescente";"Céu Claro";"Dupla";"Reta";"Sim";2;0;0;1;0;1;1;2;-25,56830653;-49,17799791;"SPRF-PR";"DEL01-PR";"UOP06-DEL01-PR"
465828;2022-07-27;"quarta-feira";"10:35:00";"BA";324;603;"SIMOES FILHO";"Ausência de reação do condutor";"Colisão traseira";"Com Vítimas Feridas";"Pleno dia";"Decrescente";"Chuva";"Dupla";"Reta";"Sim";4;0;1;0;3;0;1;4;-12,77190917;-38,41991733;"SPRF-BA";"DEL01-BA";"UOP01-DEL01-BA"
465830;2022-08-04;"quinta-feira";"06:30:00";"BA";101;448;"AURELINO LEAL";"Transitar na contramão";"Colisão frontal";"Com Vítimas Fatais";"Amanhecer";"Decrescente";"Nublado";"Simples";"Curva";"Não";4;2;0;0;1;2;0;4;-14,48285692;-39,32926641;"SPRF-BA";"DEL05-BA";"UOP01-DEL05-BA"
465834;2022-08-04;"quinta-feira";"06:10:00";"MG";116;336,3;"CAMPANARIO";"Condutor Dormindo";"Colisão traseira";"Com Vítimas Fatais";"Amanhecer";"Crescente";"Nublado";"Simples";"Reta";"Não";5;1;0;1;2;2;1;4;-18,288144;-41,747797;"SPRF-MG";"DEL11-MG";"UOP01-DEL11-MG"
465835;2022-08-04;"quinta-feira";"08:20:00";"MS";163;359,6;"NOVA ALVORADA DO SUL";"Ausência de reação do condutor";"Colisão traseira";"Com Vítimas Feridas";"Pleno dia";"Crescente";"Céu Claro";"Simples";"Reta";"Não";6;0;4;0;1;3;4;5;-21,51594796;-54,40122012;"SPRF-MS";"DEL02-MS";"UOP02-DEL02-MS"
465836;2022-08-04;"quinta-feira";"09:00:00";"MG";40;193,8;"JOAO PINHEIRO";"Reação tardia ou ineficiente do condutor";"Colisão lateral sentido oposto";"Com Vítimas Feridas";"Pleno dia";"Decrescente";"Céu Claro";"Simples";"Declive";"Não";4;0;1;1;1;3;2;5;-18,0023996;-45,86067011;"SPRF-MG";"DEL14-MG";"UOP02-DEL14-MG"
465839;2022-08-04;"quinta-feira";"08:40:00";"PR";476;136,8;"CURITIBA";"Ausência de reação do condutor";"Colisão lateral mesmo sentido";"Com Vítimas Feridas";"Pleno dia";"Decrescente";"Céu Claro";"Múltipla";"Reta";"Sim";3;0;0;1;2;0;1;3;-25,491047;-49,271679;"SPRF-PR";"DEL01-PR";"UOP03-DEL01-PR"
465840;2022-08-04;"quinta-feira";"09:30:00";"RS";285;514;"VITORIA DAS MISSOES";"Velocidade Incompatível";"Colisão lateral sentido oposto";"Com Vítimas Feridas";"Pleno dia";"Crescente";"Garoa/Chuvisco";"Simples";"Curva";"Não";6;0;3;0;2;1;3;3;-28,39630822;-54,44729805;"SPRF-RS";"DEL10-RS";"UOP01-DEL10-RS"
465853;2022-08-04;"quinta-feira";"11:20:00";"BA";135;108;"RIACHAO DAS NEVES";"Demais falhas mecânicas ou elétricas";"Tombamento";"Com Vítimas Feridas";"Pleno dia";"Crescente";"Sol";"Simples";"Reta";"Não";3;0;2;0;0;1;2;2;-11,6404391;-44,85207477;"SPRF-BA";"DEL10-BA";"UOP01-DEL10-BA"
465856;2022-08-04;"quinta-feira";"11:20:00";"PI";316;311,8;"PICOS";"Ausência de reação do condutor";"Colisão com objeto";"Sem Vítimas";"Pleno dia";"Decrescente";"Nublado";"Dupla";"Reta";"Sim";4;0;0;0;2;2;0;4;-7,076331;-41,46596;"SPRF-PI";"DEL04-PI";"UOP01-DEL04-PI"
465857;2022-08-04;"quinta-feira";"11:00:00";"ES";101;187;"ARACRUZ";"Demais falhas mecânicas ou elétricas";"Colisão lateral sentido oposto";"Com Vítimas Feridas";"Pleno dia";"Crescente";"Nublado";"Simples";"Reta";"Não";5;0;2;0;3;0;2;2;-19,67082886;-40,25620825;"SPRF-ES";"DEL04-ES";"UOP01-DEL04-ES"
465858;2022-08-04;"quinta-feira";"09:42:00";"RJ";116;137;"DUQUE DE CAXIAS";"Acessar a via sem observar a presença dos outros veículos";"Colisão traseira";"Com Vítimas Feridas";"Pleno dia";"Decrescente";"Sol";"Dupla";"Reta";"Sim";3;0;1;0;2;0;1;3;-22,64791994;-43,18200799;"SPRF-RJ";"DEL01-RJ";"UOP01-DEL01-RJ"
465862;2022-08-04;"quinta-feira";"09:41:00";"AM";174;1040,3;"PRESIDENTE FIGUEIREDO";"Pista esburacada";"Tombamento";"Com Vítimas Feridas";"Pleno dia";"Crescente";"Céu Claro";"Simples";"Reta";"Não";2;0;1;0;0;2;1;3;-1,655716;-60,178972;"SPRF-AM";"DEL01-AM";"UOP02-DEL01-AM"
465874;2022-08-04;"quinta-feira";"13:40:00";"SP";153;57,7;"SAO JOSE DO RIO PRETO";"Pista Escorregadia";"Eventos atípicos";"Com Vítimas Feridas";"Pleno dia";"Crescente";"Céu Claro";"Dupla";"Declive";"Sim";3;0;1;0;1;1;1;3;-20,76991095;-49,34982212;"SPRF-SP";"DEL09-SP";"UOP01-DEL09-SP"
465878;2022-08-04;"quinta-feira";"15:07:00";"RJ";101;205,3;"CASIMIRO DE ABREU";"Ausência de reação do condutor";"Colisão traseira";"Com Vítimas Feridas";"Pleno dia";"Crescente";"Céu Claro";"Simples";"Reta";"Sim";3;0;1;0;2;0;1;2;-22,475714;-42,19184;"SPRF-RJ";"DEL08-RJ";"UOP04-DEL08-RJ"
465880;2022-08-04;"quinta-feira";"14:50:00";"MG";381;195;"PERIQUITO";"Curva acentuada";"Colisão com objeto";"Com Vítimas Fatais";"Pleno dia";"Decrescente";"Céu Claro";"Simples";"Curva";"Não";5;1;2;2;0;0;4;2;-19,09805376;-42,19736853;"SPRF-MG";"DEL06-MG";"UOP01-DEL06-MG"
465881;2022-08-04;"quinta-feira";"14:00:00";"MS";163;515,3;"JARAGUARI";"Ausência de reação do condutor";"Colisão traseira";"Com Vítimas Feridas";"Pleno dia";"Crescente";"Céu Claro";"Dupla";"Reta";"Não";5;0;4;0;1;0;4;2;-20,20269211;-54,46610579;"SPRF-MS";"DEL01-MS";"UOP02-DEL01-MS"
465888;2022-08-04;"quinta-feira";"14:45:00";"PR";376;672;"GUARATUBA";"Reação tardia ou ineficiente do condutor";"Colisão traseira";"Com Vítimas Feridas";"Pleno dia";"Crescente";"Céu Claro";"Dupla";"Reta";"Não";6;0;1;0;4;4;1;9;-25,89358488;-48,93146782;"SPRF-PR";"DEL01-PR";"UOP04-DEL01-PR"
465891;2022-08-04;"quinta-feira";"15:00:00";"GO";414;425,8;"ABADIANIA";"Reação tardia ou ineficiente do condutor";"Colisão lateral mesmo sentido";"Com Vítimas Fatais";"Pleno dia";"Decrescente";"Céu Claro";"Simples";"Reta";"Não";4;1;0;0;2;1;0;4;-16,16566871;-48,89446933;"SPRF-GO";"DEL02-GO";"UOP01-DEL02-GO"
465892;2022-08-04;"quinta-feira";"15:00:00";"RJ";116;46;"TERESOPOLIS";"Curva acentuada";"Tombamento";"Com Vítimas Feridas";"Pleno dia";"Decrescente";"Céu Claro";"Simples";"Curva";"Não";2;0;2;0;0;0;2;2;-22,1750727501;-42,845005331;"SPRF-RJ";"DEL04-RJ";"UOP01-DEL04-RJ"
465897;2022-08-04;"quinta-feira";"16:25:00";"CE";116;5;"FORTALEZA";"Acessar a via sem observar a presença dos outros veículos";"Colisão transversal";"Com Vítimas Fatais";"Pleno dia";"Decrescente";"Sol";"Múltipla";"Reta;Interseção de Vias";"Sim";2;1;0;0;1;0;0;2;-3,79467116;-38,50772734;"SPRF-CE";"DEL01-CE";"UOP02-DEL01-CE"
465898;2022-08-04;"quinta-feira";"14:20:00";"MS";163;555,5;"BANDEIRANTES";"Reação tardia ou ineficiente do condutor";"Eventos atípicos";"Sem Vítimas";"Pleno dia";"Crescente";"Céu Claro";"Simples";"Reta";"Não";2;0;0;0;1;2;0;3;-19,86479399;-54,36871565;"SPRF-MS";"DEL01-MS";"UOP02-DEL01-MS"
465901;2022-08-04;"quinta-feira";"16:50:00";"RN";226;341,4;"PATU";"Reação tardia ou ineficiente do condutor";"Colisão transversal";"Com Vítimas Feridas";"Pleno dia";"Crescente";"Chuva";"Simples";"Reta;Interseção de Vias";"Não";6;0;0;4;1;1;4;3;-6,10713607;-37,6480048;"SPRF-RN";"DEL04-RN";"UOP01-DEL04-RN"
465906;2022-08-04;"quinta-feira";"17:00:00";"PR";272;405;"JANIOPOLIS";"Avarias e/ou desgaste excessivo no pneu";"Colisão lateral sentido oposto";"Com Vítimas Feridas";"Pleno dia";"Crescente";"Nublado";"Simples";"Curva";"Não";3;0;1;0;1;2;1;4;-24,112368;-52,738928;"SPRF-PR";"DEL09-PR";"UOP03-DEL09-PR"
465913;2022-08-04;"quinta-feira";"13:40:00";"MG";356;264,4;"MURIAE";"Ausência de reação do condutor";"Colisão traseira";"Com Vítimas Feridas";"Pleno dia";"Decrescente";"Sol";"Simples";"Interseção de Vias";"Sim";4;0;1;0;2;1;1;4;-21,12552649;-42,37547729;"SPRF-MG";"DEL07-MG";"UOP02-DEL07-MG"
465915;2022-08-04;"quinta-feira";"17:55:00";"PI";343;48;"BURITI DOS LOPES";"Ausência de reação do condutor";"Colisão traseira";"Com Vítimas Feridas";"Anoitecer";"Decrescente";"Céu Claro";"Simples";"Reta";"Sim";2;0;1;0;1;0;1;2;-3,174765;-41,86887;"SPRF-PI";"DEL05-PI";"UOP01-DEL05-PI"
465919;2022-08-04;"quinta-feira";"15:50:00";"BA";242;374;"PALMEIRAS";"Reação tardia ou ineficiente do condutor";"Colisão frontal";"Com Vítimas Feridas";"Pleno dia";"Decrescente";"Céu Claro";"Simples";"Reta";"Não";2;0;1;0;1;0;1;2;-12,43899416;-41,48599029;"SPRF-BA";"DEL06-BA";"UOP01-DEL06-BA"
465934;2022-08-04;"quinta-feira";"19:04:00";"SP";116;107,9;"TAUBATE";"Condutor deixou de manter distância do veículo da frente";"Colisão traseira";"Com Vítimas Feridas";"Plena Noite";"Decrescente";"Céu Claro";"Dupla";"Reta";"Sim";3;0;2;0;0;1;2;2;-23,01791287;-45,53009409;"SPRF-SP";"DEL08-SP";"UOP01-DEL08-SP"
465937;2022-08-04;"quinta-feira";"18:10:00";"MG";251;401,5;"GRAO MOGOL";"Reação tardia ou ineficiente do condutor";"Tombamento";"Com Vítimas Feridas";"Plena Noite";"Crescente";"Céu Claro";"Simples";"Reta";"Não";3;0;1;0;1;2;1;4;-16,23680778;-42,91751713;"SPRF-MG";"DEL12-MG";"UOP01-DEL12-MG"
465939;2022-08-04;"quinta-feira";"17:00:00";"SC";153;96;"CONCORDIA";"Ingestão de álcool pelo condutor";"Colisão lateral sentido oposto";"Sem Vítimas";"Pleno dia";"Crescente";"Nublado";"Simples";"Reta";"Não";3;0;0;0;2;2;0;4;-27,21025125;-51,95172787;"SPRF-SC";"DEL07-SC";"UOP04-DEL07-SC"
465944;2022-08-04;"quinta-feira";"19:30:00";"ES";101;46;"CONCEICAO DA BARRA";"Manobra de mudança de faixa";"Colisão lateral mesmo sentido";"Com Vítimas Feridas";"Plena Noite";"Crescente";"Céu Claro";"Simples";"Reta";"Não";2;0;1;0;1;0;1;2;-18,55144093;-39,90284075;"SPRF-ES";"DEL04-ES";"UOP02-DEL04-ES"
465945;2022-08-04;"quinta-feira";"10:00:00";"MG";381;511;"IGARAPE";"Demais falhas mecânicas ou elétricas";"Incêndio";"Sem Vítimas";"Pleno dia";"Crescente";"Céu Claro";"Múltipla";"Reta";"Não";1;0;0;0;1;0;0;1;-20,08463223;-44,3099407;"SPRF-MG";"DEL01-MG";"UOP03-DEL01-MG"
465954;2022-08-04;"quinta-feira";"19:00:00";"BA";116;429,9;"FEIRA DE SANTANA";"Pedestre cruzava a pista fora da faixa";"Atropelamento de Pedestre";"Com Vítimas Feridas";"Plena Noite";"Decrescente";"Céu Claro";"Dupla";"Reta";"Sim";2;0;0;1;1;0;1;2;-12,28857841;-39,01399826;"SPRF-BA";"DEL02-BA";"UOP01-DEL02-BA"
465961;2022-08-04;"quinta-feira";"17:45:00";"CE";116;11;"FORTALEZA";"Trafegar com motocicleta (ou similar) entre as faixas";"Tombamento";"Com Vítimas Fatais";"Anoitecer";"Decrescente";"Céu Claro";"Dupla";"Viaduto";"Sim";2;1;0;0;1;0;0;2;-3,84953588;-38,49505305;"SPRF-CE";"DEL01-CE";"UOP02-DEL01-CE"
465962;2022-08-04;"quinta-feira";"20:15:00";"RJ";393;143,5;"SAPUCAIA";"Reação tardia ou ineficiente do condutor";"Tombamento";"Sem Vítimas";"Plena Noite";"Crescente";"Céu Claro";"Simples";"Curva";"Não";1;0;0;0;1;0;0;1;-22,02408891;-42,97247704;"SPRF-RJ";"DEL05-RJ";"UOP01-DEL05-RJ"
465969;2022-08-04;"quinta-feira";"18:30:00";"MG";116;282,8;"TEOFILO OTONI";"Demais falhas mecânicas ou elétricas";"Tombamento";"Com Vítimas Feridas";"Plena Noite";"Decrescente";"Céu Claro";"Dupla";"Aclive";"Não";2;0;1;0;0;1;1;2;-17,902369;-41,522926;"SPRF-MG";"DEL11-MG";"UOP01-DEL11-MG"
465970;2022-08-04;"quinta-feira";"22:50:00";"SP";116;87;"PINDAMONHANGABA";"Condutor deixou de manter distância do veículo da frente";"Colisão traseira";"Com Vítimas Feridas";"Plena Noite";"Crescente";"Céu Claro";"Dupla";"Reta";"Sim";3;0;1;0;2;0;1;2;-22,93065267;-45,36166116;"SPRF-SP";"DEL08-SP";"UOP01-DEL08-SP"
465974;2022-08-04;"quinta-feira";"22:30:00";"PR";116;28;"CAMPINA GRANDE DO SUL";"Carga excessiva e/ou mal acondicionada";"Derramamento de carga";"Sem Vítimas";"Plena Noite";"Decrescente";"Céu Claro";"Dupla";"Curva";"Não";2;0;0;0;1;1;0;2;-25,11249216;-48,80343676;"SPRF-PR";"DEL01-PR";"UOP02-DEL01-PR"
465975;2022-08-04;"quinta-feira";"14:40:00";"RJ";393;263,8;"BARRA DO PIRAI";"Carga excessiva e/ou mal acondicionada";"Tombamento";"Com Vítimas Feridas";"Pleno dia";"Decrescente";"Céu Claro";"Simples";"Curva";"Não";3;0;1;0;1;1;1;3;-22,47030537;-43,86674189;"SPRF-RJ";"DEL05-RJ";"UOP04-DEL05-RJ"
465980;2022-08-05;"sexta-feira";"00:50:00";"MG";50;76;"UBERLANDIA";"Acessar a via sem observar a presença dos outros veículos";"Colisão transversal";"Sem Vítimas";"Plena Noite";"Decrescente";"Céu Claro";"Dupla";"Interseção de Vias";"Sim";3;0;0;0;2;2;0;4;-18,92574706;-48,22140813;"SPRF-MG";"DEL15-MG";"UOP01-DEL15-MG"
465982;2022-08-05;"sexta-feira";"01:37:00";"MG";381;900,9;"CAMBUI";"Ausência de reação do condutor";"Colisão com objeto";"Sem Vítimas";"Plena Noite";"Crescente";"Céu Claro";"Dupla";"Reta";"Não";3;0;0;0;1;2;0;3;-22,66197715;-46,08921986;"SPRF-MG";"DEL16-MG";"UOP03-DEL16-MG"
465984;2022-08-05;"sexta-feira";"02:20:00";"PR";163;204,3;"CASCAVEL";"Transitar na contramão";"Colisão frontal";"Com Vítimas Fatais";"Plena Noite";"Decrescente";"Nublado";"Simples";"Reta";"Não";4;1;0;0;1;3;0;5;-24,9955871;-53,55699127;"SPRF-PR";"DEL05-PR";"UOP05-DEL05-PR"
465985;2022-08-05;"sexta-feira";"02:50:00";"SP";116;108;"TAUBATE";"Ingestão de álcool pelo condutor";"Colisão traseira";"Com Vítimas Feridas";"Plena Noite";"Decrescente";"Garoa/Chuvisco";"Múltipla";"Reta";"Sim";2;0;1;0;1;0;1;2;-23,0233097;-45,53763622;"SPRF-SP";"DEL08-SP";"UOP01-DEL08-SP"
465996;2022-08-04;"quinta-feira";"06:15:00";"MA";135;115;"MIRANDA DO NORTE";"Pista esburacada";"Colisão lateral sentido oposto";"Sem Vítimas";"Pleno dia";"Crescente";"Céu Claro";"Simples";"Reta";"Sim";3;0;0;0;2;1;0;3;-3,477888;-44,535427;"SPRF-MA";"DEL01-MA";"UOP02-DEL01-MA"
465998;2022-08-05;"sexta-feira";"05:43:00";"SC";101;212,5;"PALHOCA";"Condutor deixou de manter distância do veículo da frente";"Colisão lateral mesmo sentido";"Com Vítimas Fatais";"Amanhecer";"Decrescente";"Céu Claro";"Múltipla";"Reta";"Sim";5;1;0;0;2;2;0;5;-27,633577;-48,662523;"SPRF-SC";"DEL01-SC";"UOP02-DEL01-SC"
466001;2022-08-05;"sexta-feira";"06:00:00";"BA";101;830;"ITAMARAJU";"Ausência de reação do condutor";"Tombamento";"Com Vítimas Feridas";"Amanhecer";"Crescente";"Céu Claro";"Simples";"Curva";"Não";2;0;0;1;0;1;1;2;-17,184012;-39,581027;"SPRF-BA";"DEL09-BA";"UOP02-DEL09-BA"
466005;2022-08-04;"quinta-feira";"10:00:00";"MA";230;125;"PASTOS BONS";"Frear bruscamente";"Colisão transversal";"Com Vítimas Feridas";"Pleno dia";"Decrescente";"Céu Claro";"Simples";"Curva;Declive";"Não";4;0;0;1;2;5;1;8;-6,55469082;-43,95445091;"SPRF-MA";"DEL05-MA";"UOP01-DEL05-MA"
466007;2022-08-04;"quinta-feira";"21:10:00";"PR";373;420;"CANDOI";"Ausência de reação do condutor";"Saída de leito carroçável";"Com Vítimas Feridas";"Plena Noite";"Decrescente";"Céu Claro";"Simples";"Reta";"Não";1;0;1;0;0;0;1;1;-25,69481872;-52,16079429;"SPRF-PR";"DEL08-PR";"UOP01-DEL08-PR"
466008;2022-08-05;"sexta-feira";"06:20:00";"PE";232;19,8;"MORENO";"Reação tardia ou ineficiente do condutor";"Tombamento";"Com Vítimas Feridas";"Amanhecer";"Crescente";"Céu Claro";"Dupla";"Curva";"Não";1;0;1;0;0;0;1;1;-8,09543537;-35,07136107;"SPRF-PE";"DEL01-PE";"UOP01-DEL01-PE"
466010;2022-08-04;"quinta-feira";"21:30:00";"PR";277;349;"GUARAPUAVA";"Condutor deixou de manter distância do veículo da frente";"Colisão traseira";"Com Vítimas Feridas";"Plena Noite";"Crescente";"Garoa/Chuvisco";"Simples";"Reta";"Sim";3;0;1;1;1;0;2;2;-25,365634;-51,487727;"SPRF-PR";"DEL08-PR";"UOP01-DEL08-PR"
466018;2022-08-05;"sexta-feira";"07:39:00";"MG";262;39;"MANHUACU";"Ultrapassagem Indevida";"Colisão lateral mesmo sentido";"Com Vítimas Feridas";"Pleno dia";"Decrescente";"Céu Claro";"Simples";"Reta";"Sim";3;0;1;0;2;0;1;2;-20,27165802;-42,03950458;"SPRF-MG";"DEL06-MG";"UOP03-DEL06-MG"
466024;2022-08-05;"sexta-feira";"06:30:00";"SC";101;355;"SANGAO";"Ausência de reação do condutor";"Colisão traseira";"Com Vítimas Feridas";"Amanhecer";"Decrescente";"Céu Claro";"Dupla";"Aclive";"Não";6;0;2;2;1;2;4;4;-28,62380715;-49,07828489;"SPRF-SC";"DEL02-SC";"UOP01-DEL02-SC"
466032;2022-08-05;"sexta-feira";"09:00:00";"SP";116;395;"MIRACATU";"Acessar a via sem observar a presença dos outros veículos";"Tombamento";"Com Vítimas Feridas";"Pleno dia";"Decrescente";"Nublado";"Dupla";"Reta";"Não";4;0;1;0;1;2;1;4;-24,28894933;-47,46080025;"SPRF-SP";"DEL04-SP";"UOP02-DEL04-SP"