"id";"data_inversa";"dia_semana";"horario";"uf";"br";"km";"municipio";"causa_acidente";"tipo_acidente";"classificacao_acidente";"fase_dia";"sentido_via";"condicao_metereologica";"tipo_pista";"tracado_via";"uso_solo";"pessoas";"mortos";"feridos_leves";"feridos_graves";"ilesos";"ignorados";"feridos";"veiculos";"latitude";"longitude";"regional";"delegacia";"uop"
466393;2022-08-06;"sábado";"21:00:00";"RN";405;6,6;"MOSSORO";"Ingestão de álcool pelo condutor";"Colisão lateral sentido oposto";"Com Vítimas Fatais";"Plena Noite";"Decrescente";"Céu Claro";"Simples";"Reta";"Não";2;1;0;0;1;0;0;2;-5,19609575;-37,40700697;"SPRF-RN";"DEL04-RN";"UOP02-DEL04-RN"
466399;2022-08-06;"sábado";"20:20:00";"MG";365;626;"UBERLANDIA";"Ausência de reação do condutor";"Tombamento";"Sem Vítimas";"Plena Noite";"Decrescente";"Céu Claro";"Dupla";"Curva";"Sim";2;0;0;0;1;2;0;3;-18,90659356;-48,33469405;"SPRF-MG";"DEL15-MG";"UOP01-DEL15-MG"
466405;2022-08-06;"sábado";"21:00:00";"RJ";101;52;"CAMPOS DOS GOYTACAZES";"Transitar na contramão";"Colisão frontal";"Com Vítimas Fatais";"Plena Noite";"Decrescente";"Céu Claro";"Simples";"Reta";"Não";3;1;0;0;1;1;0;3;-21,65160802;-41,31128624;"SPRF-RJ";"DEL08-RJ";"UOP01-DEL08-RJ"
466410;2022-08-06;"sábado";"18:30:00";"RO";364;166;"PIMENTA BUENO";"Manobra de mudança de faixa";"Colisão lateral sentido oposto";"Sem Vítimas";"Plena Noite";"Crescente";"Céu Claro";"Simples";"Declive";"Não";4;0;0;0;3;3;0;6;-11,87573612;-60,99448813;"SPRF-RO";"DEL02-RO";"UOP02-DEL02-RO"
466423;2022-08-06;"sábado";"14:30:00";"RN";110;113,8;"AUGUSTO SEVERO";"Demais falhas mecânicas ou elétricas";"Tombamento";"Sem Vítimas";"Pleno dia";"Crescente";"Céu Claro";"Simples";"Curva";"Não";2;0;0;0;1;1;0;2;-5,73682296;-37,28766896;"SPRF-RN";"DEL04-RN";"UOP01-DEL04-RN"
466445;2022-08-07;"domingo";"01:40:00";"MT";364;238;"JUSCIMEIRA";"Ingestão de álcool pelo condutor";"Saída de leito carroçável";"Sem Vítimas";"Plena Noite";"Decrescente";"Nublado";"Dupla";"Reta";"Não";2;0;0;0;1;3;0;4;-16,20171;-54,781813;"SPRF-MT";"DEL02-MT";"UOP01-DEL02-MT"
466458;2022-08-07;"domingo";"05:50:00";"MT";163;1091;"GUARANTA DO NORTE";"Transitar na contramão";"Colisão frontal";"Com Vítimas Fatais";"Amanhecer";"Decrescente";"Ignorado";"Simples";"Reta";"Não";3;1;0;0;1;1;0;3;-9,86725297;-54,88158604;"SPRF-MT";"DEL06-MT";"NPF/DEL06-MT"
466479;2022-08-06;"sábado";"20:30:00";"RJ";116;222;"PIRAI";"Carga excessiva e/ou mal acondicionada";"Derramamento de carga";"Sem Vítimas";"Plena Noite";"Decrescente";"Nublado";"Simples";"Curva";"Não";2;0;0;0;1;1;0;2;-22,6896952;-43,79175108;"SPRF-RJ";"DEL07-RJ";"UOP01-DEL07-RJ"
466483;2022-08-07;"domingo";"08:50:00";"RJ";40;113;"DUQUE DE CAXIAS";"Ingestão de álcool pelo condutor";"Colisão traseira";"Sem Vítimas";"Pleno dia";"Decrescente";"Céu Claro";"Simples";"Reta";"Sim";4;0;0;0;3;1;0;3;-22,71501415;-43,28960773;"SPRF-RJ";"DEL01-RJ";"UOP01-DEL01-RJ"
466484;2022-08-07;"domingo";"09:10:00";"PR";116;51;"CAMPINA GRANDE DO SUL";"Velocidade Incompatível";"Tombamento";"Com Vítimas Feridas";"Pleno dia";"Decrescente";"Chuva";"Dupla";"Curva";"Não";2;0;1;0;0;1;1;2;-25,24249703;-48,90292205;"SPRF-PR";"DEL01-PR";"UOP02-DEL01-PR"
466489;2022-08-07;"domingo";"09:50:00";"MG";50;130;"UBERABA";"Demais falhas mecânicas ou elétricas";"Incêndio";"Sem Vítimas";"Pleno dia";"Decrescente";"Céu Claro";"Dupla";"Reta";"Não";2;0;0;0;1;1;0;2;-19,38989597;-48,07678044;"SPRF-MG";"DEL13-MG";"UOP01-DEL13-MG"
466490;2022-07-15;"sexta-feira";"03:15:00";"SC";470;19;"ILHOTA";"Animais na Pista";"Atropelamento de Animal";"Sem Vítimas";"Plena Noite";"Decrescente";"Nublado";"Dupla";"Reta";"Não";2;0;0;0;1;1;0;2;-26,862995;-48,814396;"SPRF-SC";"DEL04-SC";"UOP04-DEL04-SC"
466491;2022-08-07;"domingo";"08:20:00";"PR";376;406;"TIBAGI";"Velocidade Incompatível";"Colisão com objeto";"Sem Vítimas";"Pleno dia";"Decrescente";"Chuva";"Dupla";"Curva";"Não";2;0;0;0;1;1;0;2;-24,60347943;-50,66379547;"SPRF-PR";"DEL03-PR";"UOP02-DEL03-PR"
466494;2022-07-26;"terça-feira";"08:50:00";"MT";163;692,4;"LUCAS DO RIO VERDE";"Transitar na contramão";"Colisão frontal";"Com Vítimas Fatais";"Pleno dia";"Crescente";"Céu Claro";"Simples";"Reta";"Não";10;3;4;0;2;2;4;5;-13,04482199;-55,90414524;"SPRF-MT";"DEL06-MT";"UOP01-DEL06-MT"
466509;2022-08-07;"domingo";"09:00:00";"MG";262;36,1;"MANHUACU";"Ingestão de álcool pelo condutor";"Colisão lateral sentido oposto";"Com Vítimas Feridas";"Pleno dia";"Crescente";"Céu Claro";"Simples";"Curva";"Sim";3;0;1;0;1;3;1;5;-20,25932046;-42,02298331;"SPRF-MG";"DEL06-MG";"UOP03-DEL06-MG"
466510;2022-08-06;"sábado";"16:10:00";"PE";232;241;"ARCOVERDE";"Velocidade Incompatível";"Colisão lateral sentido oposto";"Sem Vítimas";"Pleno dia";"Decrescente";"Céu Claro";"Simples";"Curva";"Não";4;0;0;0;2;2;0;4;-8,41518942;-36,970926;"SPRF-PE";"DEL04-PE";"UOP02-DEL04-PE"
466513;2022-08-07;"domingo";"09:30:00";"MT";70;707;"CACERES";"Mal súbito do condutor";"Colisão lateral sentido oposto";"Com Vítimas Feridas";"Pleno dia";"Crescente";"Céu Claro";"Simples";"Reta";"Não";3;0;1;0;1;1;1;3;-16,24565149;-57,48585001;"SPRF-MT";"DEL03-MT";"UOP01-DEL03-MT"
466516;2022-08-07;"domingo";"12:20:00";"PR";116;2;"CAMPINA GRANDE DO SUL";"Reação tardia ou ineficiente do condutor";"Saída de leito carroçável";"Sem Vítimas";"Pleno dia";"Crescente";"Chuva";"Dupla";"Aclive;Curva";"Não";2;0;0;0;1;1;0;2;-25,0663717;-48,5777986;"SPRF-PR";"DEL01-PR";"UOP02-DEL01-PR"
466520;2022-08-07;"domingo";"11:30:00";"TO";153;764;"ALVORADA";"Condutor deixou de manter distância do veículo da frente";"Colisão traseira";"Com Vítimas Feridas";"Pleno dia";"Decrescente";"Céu Claro";"Simples";"Reta";"Não";3;0;2;0;1;0;2;2;-12,50714008;-49,11199418;"SPRF-TO";"DEL01-TO";"UOP02-DEL01-TO"
466523;2022-08-07;"domingo";"14:00:00";"PR";116;54;"CAMPINA GRANDE DO SUL";"Reação tardia ou ineficiente do condutor";"Colisão traseira";"Com Vítimas Feridas";"Pleno dia";"Crescente";"Chuva";"Dupla";"Aclive;Reta";"Não";4;0;2;0;1;2;2;4;-25,2656158;-48,91632335;"SPRF-PR";"DEL01-PR";"UOP02-DEL01-PR"
466526;2022-08-07;"domingo";"14:00:00";"TO";153;379;"RIO DOS BOIS";"Reação tardia ou ineficiente do condutor";"Saída de leito carroçável";"Com Vítimas Feridas";"Pleno dia";"Crescente";"Céu Claro";"Simples";"Reta";"Não";2;0;2;0;0;0;2;1;-9,23378291;-48,54730722;"SPRF-TO";"DEL02-TO";"UOP02-DEL02-TO"
466534;2022-08-07;"domingo";"12:30:00";"MG";365;325;"SAO GONCALO DO ABAETE";"Demais falhas mecânicas ou elétricas";"Incêndio";"Sem Vítimas";"Pleno dia";"Decrescente";"Céu Claro";"Simples";"Reta;Declive";"Não";2;0;0;0;1;1;0;2;-18,28289196;-45,91092202;"SPRF-MG";"DEL10-MG";"UOP01-DEL10-MG"
466537;2022-08-07;"domingo";"14:25:00";"MG";381;677,6;"PERDOES";"Mal súbito do condutor";"Tombamento";"Com Vítimas Feridas";"Pleno dia";"Crescente";"Céu Claro";"Simples";"Interseção de Vias;Reta";"Não";2;0;1;0;0;1;1;2;-21,11172628;-45,09269714;"SPRF-MG";"DEL04-MG";"UOP02-DEL04-MG"
466550;2022-08-07;"domingo";"16:45:00";"PR";116;40;"CAMPINA GRANDE DO SUL";"Condutor deixou de manter distância do veículo da frente";"Engavetamento";"Com Vítimas Feridas";"Pleno dia";"Decrescente";"Chuva";"Dupla";"Reta";"Sim";9;0;2;0;6;1;2;5;-25,16445203;-48,86237697;"SPRF-PR";"DEL01-PR";"UOP02-DEL01-PR"
466558;2022-08-07;"domingo";"14:30:00";"BA";116;735;"BOA NOVA";"Ausência de reação do condutor";"Atropelamento de Pedestre";"Com Vítimas Feridas";"Pleno dia";"Crescente";"Nublado";"Simples";"Reta;Rotatória";"Não";2;0;1;0;0;1;1;2;-14,31290103;-40,32351191;"SPRF-BA";"DEL08-BA";"UOP02-DEL08-BA"
466562;2022-08-07;"domingo";"17:27:00";"MT";163;557;"DIAMANTINO";"Acostamento em desnível";"Saída de leito carroçável";"Com Vítimas Feridas";"Plena Noite";"Crescente";"Céu Claro";"Simples";"Reta";"Não";5;0;0;1;3;3;1;5;-14,2536656;-56,1397763;"SPRF-MT";"DEL01-MT";"UOP01-DEL01-MT"
466569;2022-08-07;"domingo";"17:15:00";"CE";116;434,8;"BARRO";"Ingestão de álcool pelo condutor";"Colisão transversal";"Sem Vítimas";"Pleno dia";"Decrescente";"Céu Claro";"Simples";"Reta";"Sim";3;0;0;0;2;1;0;3;-7,00667178;-38,75272751;"SPRF-CE";"DEL05-CE";"UOP03-DEL05-CE"
466572;2022-08-07;"domingo";"18:30:00";"PR";277;594,9;"CASCAVEL";"Ingestão de álcool pelo condutor";"Colisão lateral sentido oposto";"Com Vítimas Feridas";"Plena Noite";"Decrescente";"Chuva";"Simples";"Reta";"Sim";4;0;1;0;2;2;1;4;-24,9794792;-53,49232599;"SPRF-PR";"DEL04-PR";"UOP01-DEL04-PR"
466575;2022-08-07;"domingo";"18:20:00";"PR";277;45;"MORRETES";"Reação tardia ou ineficiente do condutor";"Tombamento";"Sem Vítimas";"Anoitecer";"Crescente";"Chuva";"Dupla";"Declive;Curva";"Não";3;0;0;0;2;2;0;4;-25,58236192;-48,86961092;"SPRF-PR";"DEL01-PR";"UOP01-DEL01-PR"
466587;2022-08-07;"domingo";"18:30:00";"MT";70;507,7;"CUIABA";"Transitar na contramão";"Colisão frontal";"Com Vítimas Fatais";"Anoitecer";"Decrescente";"Céu Claro";"Simples";"Reta";"Não";4;1;1;1;0;3;2;5;-15,7030357;-56,06632233;"SPRF-MT";"DEL01-MT";"UOP02-DEL01-MT"
466589;2022-08-07;"domingo";"18:40:00";"MT";163;848;"SINOP";"Ingestão de álcool pelo condutor";"Colisão lateral sentido oposto";"Sem Vítimas";"Plena Noite";"Crescente";"Céu Claro";"Simples";"Reta";"Sim";6;0;0;0;5;2;0;6;-11,87278895;-55,49810615;"SPRF-MT";"DEL06-MT";"NPF/DEL06-MT"
466591;2022-08-07;"domingo";"18:10:00";"PR";116;28;"CAMPINA GRANDE DO SUL";"Velocidade Incompatível";"Tombamento";"Com Vítimas Feridas";"Plena Noite";"Decrescente";"Chuva";"Dupla";"Curva";"Não";2;0;1;0;0;2;1;3;-25,10670298;-48,80405799;"SPRF-PR";"DEL01-PR";"UOP02-DEL01-PR"
466597;2022-08-07;"domingo";"18:40:00";"RO";364;343;"JI-PARANA";"Ingestão de álcool pelo condutor";"Colisão traseira";"Sem Vítimas";"Anoitecer";"Crescente";"Chuva";"Múltipla";"Reta";"Sim";2;0;0;0;2;0;0;2;-10,87878519;-61,94499012;"SPRF-RO";"DEL02-RO";"UOP01-DEL02-RO"
466598;2022-08-07;"domingo";"20:05:00";"SC";470;69,9;"INDAIAL";"Transitar na contramão";"Colisão lateral sentido oposto";"Com Vítimas Fatais";"Plena Noite";"Crescente";"Chuva";"Simples";"Em Obras;Reta";"Sim";3;1;1;0;0;1;1;3;-26,88901427;-49,25408006;"SPRF-SC";"DEL04-SC";"UOP01-DEL04-SC"
466600;2022-08-07;"domingo";"20:00:00";"SC";101;24;"JOINVILLE";"Desrespeitar a preferência no cruzamento";"Colisão transversal";"Com Vítimas Feridas";"Plena Noite";"Decrescente";"Chuva";"Simples";"Interseção de Vias";"Sim";3;0;1;0;1;1;1;3;-26,18474867;-48,91078949;"SPRF-SC";"DEL03-SC";"UOP01-DEL03-SC"
466604;2022-08-07;"domingo";"19:30:00";"PE";428;24;"CABROBO";"Manobra de mudança de faixa";"Tombamento";"Com Vítimas Fatais";"Plena Noite";"Crescente";"Ignorado";"Simples";"Reta";"Não";3;1;0;1;0;1;1;2;-8,48458005;-39,43306197;"SPRF-PE";"DEL05-PE";"UOP03-DEL05-PE"
466606;2022-08-07;"domingo";"18:00:00";"PR";277;484,1;"NOVA LARANJEIRAS";"Velocidade Incompatível";"Tombamento";"Com Vítimas Feridas";"Anoitecer";"Decrescente";"Chuva";"Simples";"Curva;Ponte";"Não";2;0;1;0;0;1;1;2;-25,27011524;-52,61299706;"SPRF-PR";"DEL04-PR";"UOP02-DEL04-PR"
466609;2022-08-07;"domingo";"14:40:00";"MG";381;521,2;"BRUMADINHO";"Declive acentuado";"Tombamento";"Com Vítimas Feridas";"Pleno dia";"Crescente";"Céu Claro";"Dupla";"Curva";"Não";2;0;1;0;0;1;1;2;-20,13846621;-44,31715274;"SPRF-MG";"DEL04-MG";"UOP03-DEL04-MG"
466633;2022-08-07;"domingo";"20:50:00";"BA";116;602;"IRAJUBA";"Ausência de reação do condutor";"Saída de leito carroçável";"Com Vítimas Feridas";"Plena Noite";"Decrescente";"Céu Claro";"Simples";"Reta";"Não";1;0;1;0;0;0;1;1;-13,221848;-40,027343;"SPRF-BA";"DEL03-BA";"UOP02-DEL03-BA"
466634;2022-08-07;"domingo";"23:10:00";"SC";470;128;"LONTRAS";"Velocidade Incompatível";"Saída de leito carroçável";"Com Vítimas Feridas";"Plena Noite";"Crescente";"Garoa/Chuvisco";"Simples";"Reta";"Não";2;0;1;0;0;1;1;2;-27,143742;-49,548897;"SPRF-SC";"DEL04-SC";"UOP02-DEL04-SC"
466638;2022-08-08;"segunda-feira";"00:30:00";"PE";101;71;"RECIFE";"Retorno proibido";"Colisão transversal";"Com Vítimas Feridas";"Plena Noite";"Crescente";"Céu Claro";"Dupla";"Reta";"Sim";4;0;2;0;1;1;2;2;-8,07663102;-34,93466;"SPRF-PE";"DEL01-PE";"UOP01-DEL01-PE"
466653;2022-08-08;"segunda-feira";"00:30:00";"MG";116;497,1;"INHAPIM";"Transitar na contramão";"Colisão frontal";"Com Vítimas Feridas";"Plena Noite";"Crescente";"Céu Claro";"Múltipla";"Curva;Aclive";"Não";4;0;0;2;1;1;2;3;-19,53642905;-42,12651952;"SPRF-MG";"DEL06-MG";"UOP02-DEL06-MG"
466659;2022-08-08;"segunda-feira";"04:30:00";"MT";70;511;"CUIABA";"Ausência de reação do condutor";"Saída de leito carroçável";"Com Vítimas Feridas";"Amanhecer";"Decrescente";"Garoa/Chuvisco";"Simples";"Reta";"Não";1;0;1;0;0;0;1;1;-15,65051022;-55,99823809;"SPRF-MT";"DEL01-MT";"UOP02-DEL01-MT"
466660;2022-08-08;"segunda-feira";"05:10:00";"BA";324;556;"AMELIA RODRIGUES";"Ausência de reação do condutor";"Colisão traseira";"Com Vítimas Feridas";"Amanhecer";"Crescente";"Céu Claro";"Dupla";"Reta";"Não";2;0;0;1;1;0;1;2;-12,47640414;-38,6752181;"SPRF-BA";"DEL01-BA";"UOP03-DEL01-BA"
466666;2022-08-08;"segunda-feira";"05:50:00";"RJ";116;224;"PIRAI";"Ausência de reação do condutor";"Colisão traseira";"Com Vítimas Feridas";"Amanhecer";"Crescente";"Nublado";"Dupla";"Reta";"Não";2;0;0;1;1;0;1;2;-22,68709335;-43,81058612;"SPRF-RJ";"DEL07-RJ";"UOP01-DEL07-RJ"
466670;2022-08-08;"segunda-feira";"05:00:00";"RJ";116;223,8;"PIRAI";"Demais falhas mecânicas ou elétricas";"Incêndio";"Sem Vítimas";"Amanhecer";"Decrescente";"Nublado";"Dupla";"Declive";"Não";4;0;0;0;3;1;0;2;-22,67544132;-43,8312006;"SPRF-RJ";"DEL07-RJ";"UOP01-DEL07-RJ"
466671;2022-08-08;"segunda-feira";"06:50:00";"ES";262;45,2;"MARECHAL FLORIANO";"Acessar a via sem observar a presença dos outros veículos";"Colisão lateral mesmo sentido";"Com Vítimas Feridas";"Pleno dia";"Crescente";"Sol";"Simples";"Reta";"Sim";3;0;0;1;1;1;1;3;-20,40565705;-40,67280081;"SPRF-ES";"DEL01-ES";"UOP01-DEL01-ES"
466676;2022-08-08;"segunda-feira";"07:30:00";"MG";40;623;"CONSELHEIRO LAFAIETE";"Acumulo de óleo sobre o pavimento";"Colisão com objeto";"Com Vítimas Feridas";"Pleno dia";"Decrescente";"Céu Claro";"Simples";"Reta";"Sim";4;0;0;1;2;1;1;4;-20,60236514;-43,80699874;"SPRF-MG";"DEL05-MG";"UOP02-DEL05-MG"
466681;2022-08-08;"segunda-feira";"08:00:00";"DF";20;18;"BRASILIA";"Reação tardia ou ineficiente do condutor";"Saída de leito carroçável";"Com Vítimas Feridas";"Pleno dia";"Crescente";"Céu Claro";"Dupla";"Declive";"Não";5;0;2;0;2;1;2;3;-15,616901;-47,708927;"SPRF-DF";"DEL02-DF";"UOP01-DEL02-DF"
466690;2022-08-08;"segunda-feira";"07:40:00";"MG";381;424;"CAETE";"Condutor Dormindo";"Colisão com objeto";"Com Vítimas Feridas";"Pleno dia";"Crescente";"Céu Claro";"Dupla";"Reta";"Não";5;0;2;2;1;0;4;2;-19,7954690875;-43,6761129706;"SPRF-MG";"DEL01-MG";"UOP01-DEL01-MG"
466694;2022-08-08;"segunda-feira";"07:30:00";"SP";116;45,8;"CANAS";"Reação tardia ou ineficiente do condutor";"Saída de leito carroçável";"Com Vítimas Feridas";"Pleno dia";"Decrescente";"Chuva";"Dupla";"Reta";"Sim";2;0;2;0;0;0;2;1;-22,70843505;-45,04559397;"SPRF-SP";"DEL08-SP";"UOP02-DEL08-SP"
466695;2022-08-07;"domingo";"22:00:00";"MT";158;477,2;"CANARANA";"Ausência de reação do condutor";"Tombamento";"Sem Vítimas";"Plena Noite";"Crescente";"Céu Claro";"Simples";"Curva";"Não";2;0;0;0;0;2;0;2;-13,2715678;-51,97800338;"SPRF-MT";"DEL07-MT";"UOP02-DEL07-MT"
466696;2022-08-08;"segunda-feira";"07:45:00";"SC";101;106,2;"PENHA";"Velocidade Incompatível";"Saída de leito carroçável";"Com Vítimas Feridas";"Pleno dia";"Crescente";"Garoa/Chuvisco";"Dupla";"Declive;Curva";"Não";4;0;3;0;0;1;3;2;-26,81210996;-48,68335962;"SPRF-SC";"DEL03-SC";"UOP02-DEL03-SC"
466700;2022-08-08;"segunda-feira";"08:00:00";"MG";381;285;"JAGUARACU";"Desrespeitar a preferência no cruzamento";"Colisão com objeto";"Com Vítimas Fatais";"Pleno dia";"Decrescente";"Céu Claro";"Simples";"Ponte";"Não";4;1;0;1;1;1;1;3;-19,618952;-42,79967;"SPRF-MG";"DEL03-MG";"UOP02-DEL03-MG"
466719;2022-07-29;"sexta-feira";"09:50:00";"GO";153;494,6;"GOIANIA";"Reação tardia ou ineficiente do condutor";"Colisão traseira";"Com Vítimas Feridas";"Pleno dia";"Crescente";"Sol";"Dupla";"Reta";"Sim";3;0;0;1;1;1;1;3;-16,6614;-49,2218;"SPRF-GO";"DEL01-GO";"UOP01-DEL01-GO"
466721;2022-08-08;"segunda-feira";"09:45:00";"GO";153;628;"MORRINHOS";"Demais falhas mecânicas ou elétricas";"Capotamento";"Com Vítimas Feridas";"Pleno dia";"Decrescente";"Céu Claro";"Dupla";"Reta";"Não";4;0;1;1;1;3;2;5;-17,7843;-49,1865;"SPRF-GO";"DEL03-GO";"UOP01-DEL03-GO"
466722;2022-08-08;"segunda-feira";"10:00:00";"BA";116;192;"EUCLIDES DA CUNHA";"Condutor Dormindo";"Saída de leito carroçável";"Com Vítimas Feridas";"Pleno dia";"Decrescente";"Sol";"Simples";"Reta";"Não";3;0;2;0;0;1;2;2;-10,3300661;-39,06154239;"SPRF-BA";"DEL07-BA";"UOP02-DEL07-BA"
466726;2022-08-08;"segunda-feira";"06:15:00";"MG";262;537;"LUZ";"Condutor Dormindo";"Colisão lateral sentido oposto";"Com Vítimas Feridas";"Amanhecer";"Crescente";"Nublado";"Simples";"Declive;Curva";"Não";3;0;1;0;1;5;1;7;-19,77286917;-45,77984801;"SPRF-MG";"DEL08-MG";"UOP02-DEL08-MG"
466733;2022-08-08;"segunda-feira";"10:40:00";"PE";316;228;"BELEM DE SAO FRANCISCO";"Transitar na contramão";"Colisão lateral sentido oposto";"Com Vítimas Feridas";"Pleno dia";"Decrescente";"Céu Claro";"Simples";"Declive;Reta";"Não";3;0;1;0;1;2;1;4;-8,58789694;-39,14793897;"SPRF-PE";"DEL05-PE";"UOP03-DEL05-PE"
466738;2022-08-08;"segunda-feira";"12:30:00";"MT";70;40;"GENERAL CARNEIRO";"Acessar a via sem observar a presença dos outros veículos";"Colisão transversal";"Sem Vítimas";"Pleno dia";"Crescente";"Céu Claro";"Simples";"Interseção de Vias";"Sim";2;0;0;0;2;0;0;2;-15,70778671;-52,76128292;"SPRF-MT";"DEL07-MT";"UOP01-DEL07-MT"
466742;2022-07-18;"segunda-feira";"15:15:00";"PR";277;721,5;"FOZ DO IGUACU";"Ingestão de álcool pelo condutor";"Colisão transversal";"Com Vítimas Feridas";"Pleno dia";"Crescente";"Chuva";"Dupla";"Retorno Regulamentado;Reta";"Sim";3;0;1;0;1;1;1;3;-25,4931588;-54,51679945;"SPRF-PR";"DEL05-PR";"UOP03-DEL05-PR"
466743;2022-08-08;"segunda-feira";"12:00:00";"PB";230;27,5;"JOAO PESSOA";"Demais falhas mecânicas ou elétricas";"Tombamento";"Sem Vítimas";"Pleno dia";"Decrescente";"Céu Claro";"Simples";"Curva";"Não";2;0;0;0;1;1;0;2;-7,1651;-34,8941;"SPRF-PB";"DEL01-PB";"UOP01-DEL01-PB"
466744;2022-08-08;"segunda-feira";"09:40:00";"PR";277;485,6;"NOVA LARANJEIRAS";"Velocidade Incompatível";"Saída de leito carroçável";"Com Vítimas Feridas";"Pleno dia";"Decrescente";"Nublado";"Simples";"Curva";"Não";2;0;1;0;0;2;1;3;-25,26613423;-52,62116896;"SPRF-PR";"DEL04-PR";"UOP02-DEL04-PR"
466755;2022-08-08;"segunda-feira";"11:15:00";"MT";163;856;"SINOP";"Acessar a via sem observar a presença dos outros veículos";"Colisão transversal";"Com Vítimas Feridas";"Pleno dia";"Decrescente";"Nublado";"Simples";"Reta";"Não";3;0;1;0;2;0;1;2;-11,67144387;-55,44593811;"SPRF-MT";"DEL06-MT";"NPF/DEL06-MT"
466756;2022-06-18;"sábado";"12:15:00";"BA";407;141,2;"SENHOR DO BONFIM";"Ingestão de álcool pelo condutor";"Eventos atípicos";"Com Vítimas Feridas";"Pleno dia";"Crescente";"Céu Claro";"Simples";"Reta";"Não";2;0;0;1;0;1;1;2;-10,57803701;-40,13477808;"SPRF-BA";"DEL04-BA";"UOP01-DEL04-BA"
466757;2022-08-08;"segunda-feira";"13:40:00";"MG";40;470,8;"SETE LAGOAS";"Ausência de reação do condutor";"Colisão traseira";"Com Vítimas Feridas";"Pleno dia";"Crescente";"Céu Claro";"Dupla";"Reta;Aclive";"Não";3;0;2;0;1;0;2;2;-19,46787403;-44,29555707;"SPRF-MG";"DEL02-MG";"UOP01-DEL02-MG"
466758;2022-07-14;"quinta-feira";"21:00:00";"MA";230;210;"SAO DOMINGOS DO AZEITAO";"Reação tardia ou ineficiente do condutor";"Colisão frontal";"Com Vítimas Feridas";"Plena Noite";"Crescente";"Ignorado";"Simples";"Reta";"Sim";5;0;3;0;2;0;3;2;-6,82472164;-44,65640322;"SPRF-MA";"DEL05-MA";"UOP01-DEL05-MA"
466762;2022-08-08;"segunda-feira";"12:45:00";"SC";101;206;"SAO JOSE";"Manobra de mudança de faixa";"Colisão lateral mesmo sentido";"Com Vítimas Feridas";"Pleno dia";"Decrescente";"Nublado";"Múltipla";"Reta";"Sim";3;0;1;0;2;0;1;3;-27,59193546;-48,61824557;"SPRF-SC";"DEL01-SC";"UOP01-DEL01-SC"
466764;2022-08-08;"segunda-feira";"14:05:00";"MG";40;416,4;"CURVELO";"Condutor Dormindo";"Colisão lateral sentido oposto";"Com Vítimas Feridas";"Pleno dia";"Crescente";"Sol";"Simples";"Reta";"Não";5;0;3;0;1;3;3;6;-19,154494;-44,599108;"SPRF-MG";"DEL02-MG";"UOP01-DEL02-MG"
466768;2022-08-03;"quarta-feira";"17:00:00";"SP";116;222;"GUARULHOS";"Acessar a via sem observar a presença dos outros veículos";"Colisão lateral mesmo sentido";"Com Vítimas Feridas";"Pleno dia";"Crescente";"Céu Claro";"Múltipla";"Reta";"Não";2;0;1;0;1;0;1;2;-23,47093408;-46,51631097;"SPRF-SP";"DEL01-SP";"UOP01-DEL01-SP"
466778;2022-08-08;"segunda-feira";"15:30:00";"SC";101;113,1;"ITAJAI";"Reação tardia ou ineficiente do condutor";"Tombamento";"Com Vítimas Feridas";"Pleno dia";"Crescente";"Céu Claro";"Múltipla";"Reta";"Sim";2;0;1;0;0;1;1;2;-26,85311393;-48,72689927;"SPRF-SC";"DEL04-SC";"UOP04-DEL04-SC"
466779;2022-08-08;"segunda-feira";"09:15:00";"RJ";101;523;"ANGRA DOS REIS";"Acumulo de óleo sobre o pavimento";"Eventos atípicos";"Com Vítimas Feridas";"Pleno dia";"Crescente";"Chuva";"Simples";"Curva";"Não";16;0;2;3;10;2;5;7;-23,00283001;-44,47362994;"SPRF-RJ";"DEL03-RJ";"UOP03-DEL03-RJ"
466780;2022-08-05;"sexta-feira";"01:15:00";"SC";282;552,4;"NOVA ITABERABA";"Ingestão de álcool pelo condutor";"Colisão lateral sentido oposto";"Sem Vítimas";"Pleno dia";"Decrescente";"Céu Claro";"Simples";"Curva";"Não";3;0;0;0;2;1;0;3;-26,947606;-52,781065;"SPRF-SC";"DEL07-SC";"UOP01-DEL07-SC"
466783;2022-04-02;"sábado";"12:10:00";"GO";60;118,8;"TEREZOPOLIS DE GOIAS";"Reação tardia ou ineficiente do condutor";"Colisão lateral mesmo sentido";"Com Vítimas Feridas";"Pleno dia";"Decrescente";"Céu Claro";"Dupla";"Aclive";"Sim";2;0;0;1;1;0;1;2;-16,4848;-49,0935;"SPRF-GO";"DEL01-GO";"UOP01-DEL01-GO"
466786;2022-08-08;"segunda-feira";"16:45:00";"SP";116;284,5;"ITAPECERICA DA SERRA";"Reação tardia ou ineficiente do condutor";"Colisão traseira";"Com Vítimas Feridas";"Pleno dia";"Decrescente";"Nublado";"Dupla";"Reta";"Sim";3;0;1;0;1;1;1;3;-23,69998;-46,867767;"SPRF-SP";"DEL04-SP";"UOP01-DEL04-SP"
466788;2022-08-08;"segunda-feira";"14:30:00";"PR";277;472;"NOVA LARANJEIRAS";"Acesso irregular";"Colisão transversal";"Com Vítimas Feridas";"Pleno dia";"Crescente";"Nublado";"Simples";"Interseção de Vias";"Sim";2;0;1;0;1;0;1;2;-25,31924705;-52,52279904;"SPRF-PR";"DEL04-PR";"UOP02-DEL04-PR"
466791;2022-08-08;"segunda-feira";"15:00:00";"BA";116;420;"FEIRA DE SANTANA";"Manobra de mudança de faixa";"Colisão traseira";"Sem Vítimas";"Pleno dia";"Decrescente";"Céu Claro";"Dupla";"Reta";"Sim";2;0;0;0;1;1;0;2;-12,21212762;-38,96557781;"SPRF-BA";"DEL02-BA";"UOP01-DEL02-BA"