"id";"data_inversa";"dia_semana";"horario";"uf";"br";"km";"municipio";"causa_acidente";"tipo_acidente";"classificacao_acidente";"fase_dia";"sentido_via";"condicao_metereologica";"tipo_pista";"tracado_via";"uso_solo";"pessoas";"mortos";"feridos_leves";"feridos_graves";"ilesos";"ignorados";"feridos";"veiculos";"latitude";"longitude";"regional";"delegacia";"uop"
466792;2022-07-28;"quinta-feira";"17:00:00";"SC";101;121,5;"ITAJAI";"Trafegar com motocicleta (ou similar) entre as faixas";"Tombamento";"Com Vítimas Fatais";"Pleno dia";"Crescente";"Céu Claro";"Múltipla";"Reta";"Sim";5;1;0;0;1;3;0;4;-26,925767;-48,706547;"SPRF-SC";"DEL04-SC";"UOP04-DEL04-SC"
466794;2022-08-08;"segunda-feira";"16:15:00";"BA";0;0;"TEIXEIRA DE FREITAS";"Reação tardia ou ineficiente do condutor";"Colisão frontal";"Sem Vítimas";"Anoitecer";"Não Informado";"Céu Claro";"Simples";"Reta";"Sim";3;0;0;0;1;2;0;3;-17,5644107;-39,7240188;"SPRF-BA";"DEL09-BA";"UOP02-DEL09-BA"
466798;2022-08-04;"quinta-feira";"04:27:00";"MA";222;648;"ACAILANDIA";"Acessar a via sem observar a presença dos outros veículos";"Colisão transversal";"Sem Vítimas";"Plena Noite";"Crescente";"Nublado";"Simples";"Reta";"Não";2;0;0;0;2;0;0;2;-4,819931;-47,255517;"SPRF-MA";"DEL04-MA";"UOP03-DEL04-MA"
466803;2022-08-08;"segunda-feira";"18:00:00";"PR";163;41,9;"PRANCHITA";"Desrespeitar a preferência no cruzamento";"Colisão transversal";"Com Vítimas Feridas";"Pleno dia";"Crescente";"Céu Claro";"Simples";"Interseção de Vias";"Não";3;0;1;0;1;1;1;3;-26,012744;-53,733286;"SPRF-PR";"DEL02-PR";"UOP02-DEL02-PR"
466811;2022-08-08;"segunda-feira";"18:50:00";"PA";10;345;"SANTA MARIA DO PARA";"Iluminação deficiente";"Atropelamento de Pedestre";"Com Vítimas Fatais";"Plena Noite";"Crescente";"Céu Claro";"Simples";"Reta";"Não";3;1;0;0;0;2;0;2;-1,421442;-47,551075;"SPRF-PA";"DEL01-PA";"UOP02-DEL01-PA"
466813;2022-08-08;"segunda-feira";"08:35:00";"BA";116;535;"ITATIM";"Demais falhas mecânicas ou elétricas";"Tombamento";"Com Vítimas Feridas";"Pleno dia";"Decrescente";"Céu Claro";"Simples";"Declive";"Não";3;0;3;0;0;0;3;1;-12,7873943;-39,8177781;"SPRF-BA";"DEL03-BA";"UOP02-DEL03-BA"
466816;2022-08-08;"segunda-feira";"17:10:00";"PR";163;308;"MERCEDES";"Acessar a via sem observar a presença dos outros veículos";"Colisão transversal";"Com Vítimas Feridas";"Pleno dia";"Decrescente";"Chuva";"Simples";"Reta";"Não";4;0;2;0;1;1;2;3;-24,40323672;-54,15652698;"SPRF-PR";"DEL06-PR";"UOP02-DEL06-PR"
466824;2022-08-08;"segunda-feira";"08:40:00";"SC";101;400;"MARACAJA";"Desrespeitar a preferência no cruzamento";"Colisão transversal";"Com Vítimas Feridas";"Pleno dia";"Crescente";"Chuva";"Simples";"Interseção de Vias";"Sim";4;0;2;0;2;0;2;2;-28,84846615;-49,4346268;"SPRF-SC";"DEL02-SC";"UOP02-DEL02-SC"
466827;2022-08-08;"segunda-feira";"19:20:00";"MG";381;481;"CONTAGEM";"Pedestre cruzava a pista fora da faixa";"Atropelamento de Pedestre";"Com Vítimas Feridas";"Plena Noite";"Crescente";"Céu Claro";"Dupla";"Reta";"Sim";3;0;0;1;1;1;1;3;-19,95931561;-44,08825597;"SPRF-MG";"DEL01-MG";"UOP03-DEL01-MG"
466835;2022-08-08;"segunda-feira";"20:20:00";"SC";470;108;"APIUNA";"Ingestão de álcool pelo condutor";"Colisão traseira";"Com Vítimas Feridas";"Plena Noite";"Decrescente";"Céu Claro";"Simples";"Reta";"Sim";4;0;0;2;2;0;2;3;-27,077623;-49,43145;"SPRF-SC";"DEL04-SC";"UOP02-DEL04-SC"
466837;2022-08-08;"segunda-feira";"19:50:00";"RS";386;300;"POUSO NOVO";"Reação tardia ou ineficiente do condutor";"Colisão lateral mesmo sentido";"Sem Vítimas";"Plena Noite";"Decrescente";"Nevoeiro/Neblina";"Simples";"Curva";"Não";4;0;0;0;3;2;0;4;-29,167628;-52,221447;"SPRF-RS";"DEL04-RS";"UOP01-DEL04-RS"
466847;2022-08-08;"segunda-feira";"16:00:00";"MA";230;80,7;"SAO JOAO DOS PATOS";"Reação tardia ou ineficiente do condutor";"Saída de leito carroçável";"Com Vítimas Feridas";"Pleno dia";"Decrescente";"Céu Claro";"Simples";"Curva";"Não";2;0;1;0;0;2;1;3;-6,48823939;-43,60143507;"SPRF-PI";"DEL03-PI";"UOP01-DEL03-PI"
466852;2022-08-08;"segunda-feira";"11:45:00";"MA";10;274,8;"IMPERATRIZ";"Velocidade Incompatível";"Colisão traseira";"Sem Vítimas";"Pleno dia";"Decrescente";"Céu Claro";"Simples";"Reta";"Não";5;0;0;0;4;4;0;8;-5,338754;-47,48785;"SPRF-MA";"DEL04-MA";"UOP01-DEL04-MA"
466859;2022-08-09;"terça-feira";"00:15:00";"PR";476;130;"CURITIBA";"Mal súbito do condutor";"Colisão traseira";"Com Vítimas Feridas";"Plena Noite";"Crescente";"Céu Claro";"Múltipla";"Reta";"Sim";2;0;1;0;1;0;1;2;-25,449564;-49,236427;"SPRF-PR";"DEL01-PR";"UOP01-DEL01-PR"
466861;2022-08-09;"terça-feira";"00:20:00";"PR";376;602,3;"CURITIBA";"Condutor Dormindo";"Saída de leito carroçável";"Com Vítimas Feridas";"Plena Noite";"Decrescente";"Garoa/Chuvisco";"Múltipla";"Reta";"Não";2;0;1;0;0;1;1;2;-25,53931336;-49,31213811;"SPRF-PR";"DEL01-PR";"UOP06-DEL01-PR"
466862;2022-08-08;"segunda-feira";"23:20:00";"PR";369;172;"ROLANDIA";"Condutor Dormindo";"Saída de leito carroçável";"Sem Vítimas";"Plena Noite";"Crescente";"Chuva";"Simples";"Reta";"Sim";1;0;0;0;1;0;0;1;-23,31816;-51,37906;"SPRF-PR";"DEL07-PR";"UOP01-DEL07-PR"
466864;2022-08-09;"terça-feira";"03:10:00";"PR";116;101,8;"SAO JOSE DOS PINHAIS";"Ausência de reação do condutor";"Saída de leito carroçável";"Com Vítimas Feridas";"Plena Noite";"Crescente";"Chuva";"Dupla";"Reta";"Não";2;0;1;0;0;1;1;2;-25,56668532;-49,1696763;"SPRF-PR";"DEL01-PR";"UOP01-DEL01-PR"
466871;2022-08-09;"terça-feira";"05:20:00";"GO";60;218,9;"CEZARINA";"Condutor Dormindo";"Colisão com objeto";"Com Vítimas Fatais";"Plena Noite";"Crescente";"Céu Claro";"Dupla";"Reta;Ponte";"Não";1;1;0;0;0;0;0;1;-16,98079181;-49,74727003;"SPRF-GO";"DEL01-GO";"UOP02-DEL01-GO"
466872;2022-08-09;"terça-feira";"06:25:00";"SC";101;186;"BIGUACU";"Reação tardia ou ineficiente do condutor";"Colisão lateral mesmo sentido";"Com Vítimas Feridas";"Pleno dia";"Crescente";"Chuva";"Dupla";"Curva";"Não";3;0;1;0;1;1;1;2;-27,4341098;-48,62567129;"SPRF-SC";"DEL01-SC";"UOP01-DEL01-SC"
466874;2022-08-08;"segunda-feira";"22:10:00";"MT";364;515;"ROSARIO OESTE";"Condutor Dormindo";"Saída de leito carroçável";"Com Vítimas Feridas";"Plena Noite";"Decrescente";"Céu Claro";"Simples";"Reta";"Não";2;0;0;1;0;1;1;2;-15,13868198;-56,52240032;"SPRF-MT";"DEL01-MT";"UOP01-DEL01-MT"
466876;2022-08-08;"segunda-feira";"20:00:00";"MT";70;300;"POXOREO";"Acostamento em desnível";"Saída de leito carroçável";"Com Vítimas Feridas";"Plena Noite";"Crescente";"Céu Claro";"Simples";"Reta";"Não";3;0;1;0;0;2;1;2;-15,57911988;-54,47201099;"SPRF-MT";"DEL05-MT";"UOP01-DEL05-MT"
466883;2022-05-18;"quarta-feira";"22:30:00";"MT";158;558;"AGUA BOA";"Demais falhas mecânicas ou elétricas";"Colisão frontal";"Com Vítimas Feridas";"Plena Noite";"Crescente";"Céu Claro";"Simples";"Reta";"Não";4;0;1;1;1;4;2;7;-13,97297931;-52,12824861;"SPRF-MT";"DEL07-MT";"UOP02-DEL07-MT"
466884;2022-08-09;"terça-feira";"06:00:00";"PA";155;298;"MARABA";"Transitar na contramão";"Colisão lateral sentido oposto";"Com Vítimas Feridas";"Amanhecer";"Crescente";"Céu Claro";"Simples";"Reta";"Não";4;0;0;1;2;4;1;6;-5,74821326;-49,15246974;"SPRF-PA";"DEL03-PA";"UOP01-DEL03-PA"
466894;2022-08-09;"terça-feira";"08:05:00";"SE";101;77;"MARUIM";"Estacionar ou parar em local proibido";"Colisão traseira";"Com Vítimas Feridas";"Pleno dia";"Crescente";"Céu Claro";"Dupla";"Rotatória";"Sim";6;0;3;0;2;1;3;3;-10,776609;-37,13439;"SPRF-SE";"DEL01-SE";"UOP01-DEL01-SE"
466896;2022-06-17;"sexta-feira";"04:00:00";"AL";423;91;"DELMIRO GOUVEIA";"Animais na Pista";"Atropelamento de Animal";"Com Vítimas Feridas";"Plena Noite";"Decrescente";"Céu Claro";"Simples";"Reta";"Não";1;0;1;0;0;0;1;1;-9,36383409;-38,08008697;"SPRF-BA";"DEL07-BA";"UOP01-DEL07-BA"
466897;2022-06-29;"quarta-feira";"17:30:00";"MA";135;23;"SAO LUIS";"Manobra de mudança de faixa";"Colisão lateral mesmo sentido";"Com Vítimas Feridas";"Anoitecer";"Decrescente";"Garoa/Chuvisco";"Dupla";"Reta";"Sim";5;0;1;0;3;2;1;5;-2,75578639;-44,35075521;"SPRF-MA";"DEL01-MA";"UOP01-DEL01-MA"
466904;2022-08-09;"terça-feira";"04:55:00";"MT";163;584;"NOVA MUTUM";"Ausência de reação do condutor";"Tombamento";"Sem Vítimas";"Amanhecer";"Crescente";"Céu Claro";"Simples";"Reta";"Não";2;0;0;0;1;2;0;3;-14,049233;-56,09702105;"SPRF-MT";"DEL01-MT";"UOP01-DEL01-MT"
466907;2022-08-09;"terça-feira";"07:00:00";"RO";364;371;"OURO PRETO DO OESTE";"Condutor Dormindo";"Colisão lateral sentido oposto";"Sem Vítimas";"Pleno dia";"Crescente";"Sol";"Simples";"Reta";"Não";2;0;0;0;2;0;0;2;-10,75672971;-62,15406791;"SPRF-RO";"DEL02-RO";"UOP01-DEL02-RO"
466915;2022-08-09;"terça-feira";"09:30:00";"CE";116;195;"LIMOEIRO DO NORTE";"Reação tardia ou ineficiente do condutor";"Colisão traseira";"Com Vítimas Feridas";"Pleno dia";"Decrescente";"Céu Claro";"Simples";"Em Obras";"Não";2;0;0;1;1;0;1;2;-5,15477304;-38,15401828;"SPRF-CE";"DEL03-CE";"UOP01-DEL03-CE"
466916;2022-08-09;"terça-feira";"07:40:00";"AL";101;44;"FLEXEIRAS";"Acostamento em desnível";"Tombamento";"Sem Vítimas";"Pleno dia";"Crescente";"Nublado";"Dupla";"Curva";"Não";2;0;0;0;1;1;0;2;-9,17104293;-35,77460326;"SPRF-AL";"DEL01-AL";"UOP02-DEL01-AL"
466917;2022-08-09;"terça-feira";"08:30:00";"MT";364;506;"JANGADA";"Transitar na contramão";"Colisão lateral sentido oposto";"Com Vítimas Feridas";"Pleno dia";"Decrescente";"Nublado";"Simples";"Reta";"Não";5;0;2;0;2;2;2;4;-15,21345692;-56,50352182;"SPRF-MT";"DEL01-MT";"UOP01-DEL01-MT"
466927;2022-08-09;"terça-feira";"08:00:00";"SC";280;291,5;"PORTO UNIAO";"Desrespeitar a preferência no cruzamento";"Colisão transversal";"Com Vítimas Feridas";"Pleno dia";"Crescente";"Chuva";"Simples";"Interseção de Vias";"Não";2;0;1;0;1;0;1;2;-26,29569109;-50,93533704;"SPRF-SC";"DEL06-SC";"UOP04-DEL06-SC"
466931;2022-08-09;"terça-feira";"10:20:00";"RN";101;75,8;"NATAL";"Ingestão de álcool pelo condutor";"Colisão transversal";"Com Vítimas Feridas";"Pleno dia";"Decrescente";"Céu Claro";"Dupla";"Reta";"Sim";3;0;0;1;1;1;1;3;-5,721906;-35,27672;"SPRF-RN";"DEL02-RN";"UOP01-DEL02-RN"
466938;2022-07-13;"quarta-feira";"15:00:00";"BA";116;604;"IRAJUBA";"Frear bruscamente";"Colisão traseira";"Com Vítimas Feridas";"Pleno dia";"Decrescente";"Céu Claro";"Simples";"Ponte";"Não";6;0;3;0;2;3;3;7;-13,23346504;-40,01732582;"SPRF-BA";"DEL03-BA";"UOP02-DEL03-BA"
466942;2022-06-11;"sábado";"14:20:00";"SC";101;205;"SAO JOSE";"Reação tardia ou ineficiente do condutor";"Colisão lateral mesmo sentido";"Com Vítimas Feridas";"Pleno dia";"Decrescente";"Céu Claro";"Múltipla";"Reta";"Sim";2;0;1;0;1;0;1;2;-27,58313237;-48,61532885;"SPRF-SC";"DEL01-SC";"UOP01-DEL01-SC"
466946;2022-08-09;"terça-feira";"12:20:00";"PR";277;559,4;"CASCAVEL";"Ultrapassagem Indevida";"Colisão frontal";"Com Vítimas Feridas";"Pleno dia";"Crescente";"Nevoeiro/Neblina";"Simples";"Reta";"Não";4;0;0;1;2;1;1;4;-25,07561796;-53,20130095;"SPRF-PR";"DEL04-PR";"UOP01-DEL04-PR"
466951;2022-08-09;"terça-feira";"14:14:00";"RS";290;92;"PORTO ALEGRE";"Estacionar ou parar em local proibido";"Colisão lateral mesmo sentido";"Sem Vítimas";"Pleno dia";"Decrescente";"Chuva";"Múltipla";"Retorno Regulamentado";"Sim";5;0;0;0;4;1;0;3;-29,971916;-51,176838;"SPRF-RS";"DEL01-RS";"UOP01-DEL01-RS"
466952;2022-08-09;"terça-feira";"13:50:00";"MA";316;262,9;"SANTA INES";"Acessar a via sem observar a presença dos outros veículos";"Colisão transversal";"Com Vítimas Feridas";"Pleno dia";"Crescente";"Céu Claro";"Simples";"Reta";"Sim";3;0;1;0;1;2;1;4;-3,675505;-45,380474;"SPRF-MA";"DEL02-MA";"UOP01-DEL02-MA"
466953;2022-08-09;"terça-feira";"09:45:00";"MA";135;181,9;"SAO MATEUS DO MARANHAO";"Entrada inopinada do pedestre";"Atropelamento de Pedestre";"Com Vítimas Fatais";"Pleno dia";"Crescente";"Céu Claro";"Simples";"Reta";"Sim";3;1;0;0;1;3;0;5;-4,02943302;-44,46517693;"SPRF-MA";"DEL03-MA";"UOP01-DEL03-MA"
466954;2022-08-09;"terça-feira";"14:20:00";"SC";101;199;"BIGUACU";"Velocidade Incompatível";"Engavetamento";"Com Vítimas Feridas";"Pleno dia";"Decrescente";"Chuva";"Dupla";"Reta";"Sim";7;0;3;0;3;2;3;6;-27,53413705;-48,63003205;"SPRF-SC";"DEL01-SC";"UOP01-DEL01-SC"
466955;2022-08-09;"terça-feira";"14:20:00";"SC";101;329,5;"TUBARAO";"Acumulo de água sobre o pavimento";"Saída de leito carroçável";"Com Vítimas Feridas";"Pleno dia";"Crescente";"Chuva";"Múltipla";"Reta";"Sim";1;0;1;0;0;0;1;1;-28,44404822;-48,96611372;"SPRF-SC";"DEL02-SC";"UOP01-DEL02-SC"
466964;2022-08-08;"segunda-feira";"21:15:00";"MG";116;753;"LEOPOLDINA";"Demais falhas mecânicas ou elétricas";"Saída de leito carroçável";"Sem Vítimas";"Plena Noite";"Crescente";"Nublado";"Simples";"Reta;Aclive";"Não";1;0;0;0;1;0;0;1;-21,47568319;-42,56682787;"SPRF-MG";"DEL07-MG";"UOP01-DEL07-MG"
466966;2022-08-09;"terça-feira";"15:15:00";"SP";116;371,1;"MIRACATU";"Frear bruscamente";"Colisão traseira";"Com Vítimas Feridas";"Pleno dia";"Crescente";"Chuva";"Dupla";"Reta";"Não";4;0;1;0;2;1;1;3;-24,15895294;-47,32653413;"SPRF-SP";"DEL04-SP";"UOP02-DEL04-SP"
466969;2022-07-04;"segunda-feira";"22:00:00";"MT";364;262;"JACIARA";"Reação tardia ou ineficiente do condutor";"Colisão lateral mesmo sentido";"Sem Vítimas";"Plena Noite";"Crescente";"Céu Claro";"Dupla";"Reta";"Não";2;0;0;0;0;2;0;2;-16,023325;-54,899853;"SPRF-MT";"DEL02-MT";"UOP01-DEL02-MT"
466971;2022-08-09;"terça-feira";"10:30:00";"BA";101;828;"VEREDA";"Velocidade Incompatível";"Tombamento";"Com Vítimas Feridas";"Pleno dia";"Decrescente";"Céu Claro";"Simples";"Curva";"Não";2;0;1;0;1;0;1;1;-17,350571;-39,62935684;"SPRF-BA";"DEL09-BA";"UOP02-DEL09-BA"
466972;2022-08-09;"terça-feira";"08:00:00";"MG";365;325;"SAO GONCALO DO ABAETE";"Ausência de reação do condutor";"Colisão traseira";"Com Vítimas Feridas";"Pleno dia";"Decrescente";"Céu Claro";"Simples";"Reta";"Não";3;0;1;0;1;1;1;3;-18,27817073;-45,89940652;"SPRF-MG";"DEL10-MG";"UOP01-DEL10-MG"
466974;2022-08-09;"terça-feira";"14:40:00";"MG";262;664;"IBIA";"Reação tardia ou ineficiente do condutor";"Colisão traseira";"Com Vítimas Feridas";"Pleno dia";"Crescente";"Nublado";"Simples";"Reta";"Não";4;0;0;1;2;1;1;3;-19,56216912;-46,75071816;"SPRF-MG";"DEL08-MG";"UOP01-DEL08-MG"
466976;2022-07-04;"segunda-feira";"13:15:00";"RN";304;119,5;"ITAJA";"Reação tardia ou ineficiente do condutor";"Engavetamento";"Com Vítimas Fatais";"Pleno dia";"Decrescente";"Céu Claro";"Simples";"Aclive";"Não";16;1;5;1;8;1;6;7;-5,6339;-36,8562;"SPRF-RN";"DEL04-RN";"UOP01-DEL04-RN"
466978;2022-08-09;"terça-feira";"13:00:00";"MS";163;687;"RIO VERDE DE MATO GROSSO";"Chuva";"Colisão com objeto";"Com Vítimas Feridas";"Pleno dia";"Decrescente";"Chuva";"Simples";"Reta";"Não";4;0;2;0;2;0;2;1;-18,86803903;-54,82781994;"SPRF-MS";"DEL06-MS";"UOP01-DEL06-MS"
466981;2022-08-09;"terça-feira";"17:30:00";"ES";101;262;"SERRA";"Condutor deixou de manter distância do veículo da frente";"Colisão lateral mesmo sentido";"Com Vítimas Feridas";"Anoitecer";"Crescente";"Céu Claro";"Dupla";"Reta";"Sim";3;0;1;0;2;0;1;3;-20,1572331;-40,27678329;"SPRF-ES";"DEL02-ES";"UOP01-DEL02-ES"
466984;2022-08-09;"terça-feira";"16:00:00";"PE";116;43,3;"SALGUEIRO";"Reação tardia ou ineficiente do condutor";"Saída de leito carroçável";"Com Vítimas Feridas";"Pleno dia";"Crescente";"Céu Claro";"Simples";"Curva";"Não";2;0;1;0;0;2;1;3;-8,2145;-39,103329;"SPRF-PE";"DEL05-PE";"UOP01-DEL05-PE"
466991;2022-08-09;"terça-feira";"17:45:00";"RS";285;445,5;"BOZANO";"Transitar na contramão";"Colisão frontal";"Com Vítimas Feridas";"Anoitecer";"Decrescente";"Nublado";"Simples";"Reta";"Não";3;0;0;1;1;1;1;3;-28,36245;-53,761715;"SPRF-RS";"DEL10-RS";"UOP01-DEL10-RS"
466992;2022-08-09;"terça-feira";"16:00:00";"MT";163;744;"SORRISO";"Acessar a via sem observar a presença dos outros veículos";"Colisão transversal";"Com Vítimas Feridas";"Anoitecer";"Decrescente";"Chuva";"Simples";"Declive;Reta";"Não";4;0;3;0;0;3;3;5;-12,61433;-55,76066;"SPRF-MT";"DEL06-MT";"UOP01-DEL06-MT"
467006;2022-08-09;"terça-feira";"19:20:00";"PR";373;255,6;"GUAMIRANGA";"Avarias e/ou desgaste excessivo no pneu";"Colisão frontal";"Com Vítimas Fatais";"Plena Noite";"Crescente";"Garoa/Chuvisco";"Simples";"Reta";"Não";6;2;0;0;3;3;0;6;-25,19370198;-50,92217101;"SPRF-PR";"DEL03-PR";"UOP04-DEL03-PR"
467008;2022-08-09;"terça-feira";"18:50:00";"PE";232;410;"SERRA TALHADA";"Transitar no acostamento";"Colisão transversal";"Com Vítimas Feridas";"Plena Noite";"Crescente";"Céu Claro";"Simples";"Curva";"Não";2;0;1;0;1;0;1;2;-7,98261841;-38,30039606;"SPRF-PE";"DEL04-PE";"UOP01-DEL04-PE"
467009;2022-06-15;"quarta-feira";"20:10:00";"BA";20;181;"LUIS EDUARDO MAGALHAES";"Velocidade Incompatível";"Colisão frontal";"Com Vítimas Feridas";"Plena Noite";"Decrescente";"Céu Claro";"Simples";"Reta";"Não";4;0;0;2;1;1;2;3;-12,39413041;-45,86872458;"SPRF-BA";"DEL10-BA";"UOP01-DEL10-BA"
467010;2022-08-09;"terça-feira";"18:45:00";"PR";376;248;"APUCARANA";"Neblina";"Colisão com objeto";"Sem Vítimas";"Plena Noite";"Decrescente";"Chuva";"Dupla";"Declive;Curva";"Não";1;0;0;0;1;0;0;1;-23,62178992;-51,38837894;"SPRF-PR";"DEL07-PR";"UOP03-DEL07-PR"
467022;2022-08-09;"terça-feira";"19:00:00";"RJ";116;282;"BARRA MANSA";"Demais falhas mecânicas ou elétricas";"Incêndio";"Sem Vítimas";"Plena Noite";"Crescente";"Garoa/Chuvisco";"Dupla";"Reta";"Não";2;0;0;0;1;1;0;2;-22,52405173;-44,20072574;"SPRF-RJ";"DEL07-RJ";"UOP02-DEL07-RJ"
467023;2022-08-09;"terça-feira";"19:17:00";"RO";364;425,6;"JARU";"Reação tardia ou ineficiente do condutor";"Colisão com objeto";"Com Vítimas Feridas";"Plena Noite";"Decrescente";"Chuva";"Simples";"Retorno Regulamentado";"Sim";2;0;1;0;1;0;1;1;-10,43752488;-62,47169791;"SPRF-RO";"DEL03-RO";"UOP02-DEL03-RO"
467026;2022-08-09;"terça-feira";"21:15:00";"MG";262;546,5;"LUZ";"Acostamento em desnível";"Saída de leito carroçável";"Com Vítimas Feridas";"Plena Noite";"Decrescente";"Garoa/Chuvisco";"Simples";"Declive";"Não";3;0;2;0;0;1;2;2;-19,74018668;-45,86034892;"SPRF-MG";"DEL08-MG";"UOP02-DEL08-MG"
467028;2022-08-09;"terça-feira";"21:30:00";"SP";116;495;"CAJATI";"Acumulo de óleo sobre o pavimento";"Colisão com objeto";"Sem Vítimas";"Plena Noite";"Decrescente";"Chuva";"Dupla";"Aclive";"Não";1;0;0;0;1;0;0;1;-24,7531624;-48,1580848;"SPRF-SP";"DEL05-SP";"UOP01-DEL05-SP"
467030;2022-08-09;"terça-feira";"21:12:00";"TO";226;41;"DARCINOPOLIS";"Ausência de reação do condutor";"Tombamento";"Sem Vítimas";"Plena Noite";"Crescente";"Céu Claro";"Simples";"Reta";"Não";2;0;0;0;0;2;0;2;-6,721014;-47,762722;"SPRF-TO";"DEL02-TO";"UOP03-DEL02-TO"
467031;2022-08-09;"terça-feira";"21:50:00";"SP";116;64;"GUARATINGUETA";"Pista Escorregadia";"Tombamento";"Com Vítimas Feridas";"Plena Noite";"Crescente";"Chuva";"Dupla";"Curva";"Sim";4;0;2;0;1;1;2;3;-22,81942006;-45,18421298;"SPRF-SP";"DEL08-SP";"UOP01-DEL08-SP"
467036;2022-08-09;"terça-feira";"22:15:00";"GO";153;31;"PORANGATU";"Demais falhas mecânicas ou elétricas";"Incêndio";"Sem Vítimas";"Plena Noite";"Crescente";"Céu Claro";"Simples";"Reta";"Não";2;0;0;0;1;1;0;2;-13,095159;-49,195751;"SPRF-GO";"DEL07-GO";"UOP01-DEL07-GO"
467039;2022-08-09;"terça-feira";"23:30:00";"MG";262;361,9;"JUATUBA";"Ausência de reação do condutor";"Colisão traseira";"Com Vítimas Fatais";"Plena Noite";"Crescente";"Céu Claro";"Dupla";"Reta";"Não";3;1;0;0;1;1;0;3;-19,97245807;-44,27958369;"SPRF-MG";"DEL01-MG";"UOP03-DEL01-MG"
467040;2022-08-09;"terça-feira";"23:20:00";"RS";290;705,7;"URUGUAIANA";"Reação tardia ou ineficiente do condutor";"Colisão com objeto";"Com Vítimas Feridas";"Plena Noite";"Crescente";"Nublado";"Simples";"Reta";"Não";2;0;1;0;0;2;1;3;-29,84199;-56,939987;"SPRF-RS";"DEL13-RS";"UOP01-DEL13-RS"
467042;2022-08-09;"terça-feira";"21:10:00";"GO";414;267;"VILA PROPICIO";"Velocidade Incompatível";"Tombamento";"Sem Vítimas";"Plena Noite";"Decrescente";"Céu Claro";"Simples";"Curva";"Não";4;0;0;0;0;4;0;3;-14,97039462;-48,66764041;"SPRF-GO";"DEL07-GO";"UOP02-DEL07-GO"
467043;2022-08-10;"quarta-feira";"01:00:00";"RJ";101;51;"CAMPOS DOS GOYTACAZES";"Transitar na contramão";"Colisão frontal";"Sem Vítimas";"Plena Noite";"Crescente";"Céu Claro";"Simples";"Reta";"Sim";2;0;0;0;2;0;0;2;-21,64273198;-41,31170082;"SPRF-RJ";"DEL08-RJ";"UOP01-DEL08-RJ"
467049;2022-08-09;"terça-feira";"14:25:00";"PI";230;228,9;"OEIRAS";"Reação tardia ou ineficiente do condutor";"Colisão lateral mesmo sentido";"Com Vítimas Fatais";"Pleno dia";"Crescente";"Céu Claro";"Simples";"Reta";"Não";4;1;0;0;2;1;0;3;-6,99694888;-42,34867098;"SPRF-PI";"DEL03-PI";"UOP01-DEL03-PI"
467055;2022-08-10;"quarta-feira";"03:30:00";"MG";381;513,2;"IGARAPE";"Estacionar ou parar em local proibido";"Colisão traseira";"Com Vítimas Fatais";"Plena Noite";"Decrescente";"Céu Claro";"Múltipla";"Reta";"Sim";3;1;0;0;1;1;0;3;-20,099993;-44,318903;"SPRF-MG";"DEL01-MG";"UOP03-DEL01-MG"
467058;2022-08-10;"quarta-feira";"05:00:00";"MG";381;674;"PERDOES";"Pista Escorregadia";"Tombamento";"Com Vítimas Feridas";"Amanhecer";"Decrescente";"Chuva";"Dupla";"Curva";"Não";1;0;1;0;0;0;1;1;-21,107021;-45,09114;"SPRF-MG";"DEL04-MG";"UOP02-DEL04-MG"
467062;2022-08-10;"quarta-feira";"05:30:00";"RJ";116;129;"MAGE";"Demais falhas mecânicas ou elétricas";"Eventos atípicos";"Com Vítimas Feridas";"Amanhecer";"Crescente";"Chuva";"Dupla";"Reta";"Sim";2;0;1;0;1;0;1;2;-22,66471224;-43,11056004;"SPRF-RJ";"DEL04-RJ";"UOP02-DEL04-RJ"
467068;2022-08-09;"terça-feira";"14:30:00";"AM";174;1064;"PRESIDENTE FIGUEIREDO";"Demais falhas mecânicas ou elétricas";"Incêndio";"Sem Vítimas";"Pleno dia";"Crescente";"Sol";"Simples";"Reta";"Não";2;0;0;0;1;1;0;2;-1,472094;-60,277462;"SPRF-AM";"DEL01-AM";"UOP02-DEL01-AM"
467078;2022-08-10;"quarta-feira";"06:00:00";"SC";101;144;"ITAPEMA";"Chuva";"Eventos atípicos";"Com Vítimas Feridas";"Amanhecer";"Decrescente";"Chuva";"Dupla";"Reta";"Não";1;0;1;0;0;0;1;1;-27,0732659;-48,59672716;"SPRF-SC";"DEL04-SC";"UOP03-DEL04-SC"
467080;2022-08-10;"quarta-feira";"05:32:00";"MG";40;502,8;"ESMERALDAS";"Demais falhas mecânicas ou elétricas";"Incêndio";"Sem Vítimas";"Plena Noite";"Crescente";"Céu Claro";"Dupla";"Reta";"Não";1;0;0;0;1;0;0;1;-19,72138499;-44,15573599;"SPRF-MG";"DEL02-MG";"UOP01-DEL02-MG"
467081;2022-08-10;"quarta-feira";"08:00:00";"PE";104;72,9;"CARUARU";"Condutor deixou de manter distância do veículo da frente";"Colisão traseira";"Sem Vítimas";"Pleno dia";"Crescente";"Céu Claro";"Simples";"Reta";"Não";3;0;0;0;3;0;0;3;-8,341347;-35,982346;"SPRF-PE";"DEL02-PE";"UOP01-DEL02-PE"