"id";"data_inversa";"dia_semana";"horario";"uf";"br";"km";"municipio";"causa_acidente";"tipo_acidente";"classificacao_acidente";"fase_dia";"sentido_via";"condicao_metereologica";"tipo_pista";"tracado_via";"uso_solo";"pessoas";"mortos";"feridos_leves";"feridos_graves";"ilesos";"ignorados";"feridos";"veiculos";"latitude";"longitude";"regional";"delegacia";"uop"
467336;2022-08-11;"quinta-feira";"15:25:00";"SC";101;197,2;"BIGUACU";"Acessar a via sem observar a presença dos outros veículos";"Colisão transversal";"Sem Vítimas";"Pleno dia";"Crescente";"Nublado";"Múltipla";"Interseção de Vias";"Sim";3;0;0;0;3;0;0;2;-27,52044155;-48,63782644;"SPRF-SC";"DEL01-SC";"UOP01-DEL01-SC"
467341;2022-08-11;"quinta-feira";"16:25:00";"ES";262;136;"BREJETUBA";"Condutor Dormindo";"Tombamento";"Com Vítimas Feridas";"Pleno dia";"Decrescente";"Céu Claro";"Simples";"Curva";"Não";2;0;1;0;0;1;1;2;-20,24110613;-41,33884311;"SPRF-ES";"DEL01-ES";"UOP02-DEL01-ES"
467347;2022-08-11;"quinta-feira";"16:05:00";"SC";282;500,1;"XANXERE";"Velocidade Incompatível";"Colisão traseira";"Sem Vítimas";"Pleno dia";"Decrescente";"Céu Claro";"Dupla";"Retorno Regulamentado";"Sim";3;0;0;0;2;2;0;4;-26,88138762;-52,36998081;"SPRF-SC";"DEL07-SC";"UOP01-DEL07-SC"
467352;2022-08-11;"quinta-feira";"16:20:00";"MG";381;421;"CAETE";"Condutor Dormindo";"Colisão lateral mesmo sentido";"Com Vítimas Feridas";"Pleno dia";"Decrescente";"Céu Claro";"Dupla";"Aclive;Reta";"Sim";2;0;1;0;1;0;1;2;-19,783061;-43,66116123;"SPRF-MG";"DEL01-MG";"UOP01-DEL01-MG"
467355;2022-08-11;"quinta-feira";"17:50:00";"RJ";40;94;"DUQUE DE CAXIAS";"Demais falhas mecânicas ou elétricas";"Colisão traseira";"Sem Vítimas";"Anoitecer";"Crescente";"Nublado";"Simples";"Reta;Declive";"Não";3;0;0;0;2;1;0;3;-22,55763285;-43,26574352;"SPRF-RJ";"DEL01-RJ";"UOP01-DEL01-RJ"
467364;2022-08-11;"quinta-feira";"12:40:00";"PE";232;250;"ARCOVERDE";"Acessar a via sem observar a presença dos outros veículos";"Colisão lateral mesmo sentido";"Sem Vítimas";"Pleno dia";"Crescente";"Céu Claro";"Simples";"Interseção de Vias";"Sim";3;0;0;0;1;2;0;3;-8,42331849;-37,0523054;"SPRF-PE";"DEL04-PE";"UOP02-DEL04-PE"
467367;2022-07-30;"sábado";"06:00:00";"SC";153;59,4;"IRANI";"Acessar a via sem observar a presença dos outros veículos";"Colisão transversal";"Com Vítimas Feridas";"Amanhecer";"Decrescente";"Céu Claro";"Simples";"Rotatória";"Não";3;0;1;1;0;2;2;4;-26,96955;-51,854069;"SPRF-SC";"DEL07-SC";"UOP04-DEL07-SC"
467371;2022-08-11;"quinta-feira";"17:00:00";"RJ";116;127;"MAGE";"Mal súbito do condutor";"Colisão lateral mesmo sentido";"Sem Vítimas";"Pleno dia";"Crescente";"Chuva";"Dupla";"Curva";"Sim";3;0;0;0;2;1;0;3;-22,66137035;-43,09295957;"SPRF-RJ";"DEL04-RJ";"UOP02-DEL04-RJ"
467372;2022-08-11;"quinta-feira";"17:30:00";"TO";235;199;"GUARAI";"Reação tardia ou ineficiente do condutor";"Saída de leito carroçável";"Com Vítimas Feridas";"Anoitecer";"Decrescente";"Céu Claro";"Simples";"Reta";"Não";3;0;3;0;0;0;3;1;-8,93741407;-48,44957405;"SPRF-TO";"DEL02-TO";"UOP02-DEL02-TO"
467375;2022-08-11;"quinta-feira";"19:00:00";"MG";40;287;"TRES MARIAS";"Transitar na contramão";"Colisão transversal";"Com Vítimas Feridas";"Plena Noite";"Crescente";"Céu Claro";"Simples";"Reta";"Não";3;0;0;2;1;0;2;2;-18,25619211;-45,15924117;"SPRF-MG";"DEL14-MG";"UOP02-DEL14-MG"
467377;2022-08-11;"quinta-feira";"18:30:00";"PR";376;413;"TIBAGI";"Demais falhas mecânicas ou elétricas";"Eventos atípicos";"Com Vítimas Feridas";"Plena Noite";"Crescente";"Céu Claro";"Dupla";"Declive;Reta";"Não";3;0;1;0;1;2;1;4;-24,63920424;-50,62989973;"SPRF-PR";"DEL03-PR";"UOP02-DEL03-PR"
467379;2022-08-11;"quinta-feira";"14:50:00";"MG";116;93,6;"MEDINA";"Velocidade Incompatível";"Colisão com objeto";"Com Vítimas Feridas";"Pleno dia";"Decrescente";"Céu Claro";"Simples";"Curva;Declive";"Não";1;0;1;0;0;0;1;1;-16,37582396;-41,47226824;"SPRF-MG";"DEL11-MG";"UOP02-DEL11-MG"
467387;2022-08-11;"quinta-feira";"16:30:00";"RS";287;451,9;"UNISTALDA";"Reação tardia ou ineficiente do condutor";"Colisão traseira";"Sem Vítimas";"Pleno dia";"Decrescente";"Céu Claro";"Simples";"Reta";"Não";2;0;0;0;2;0;0;2;-28,990933;-55,283469;"SPRF-RS";"DEL12-RS";"UOP02-DEL12-RS"
467388;2022-08-11;"quinta-feira";"16:45:00";"BA";242;363;"LENCOIS";"Velocidade Incompatível";"Tombamento";"Com Vítimas Feridas";"Pleno dia";"Decrescente";"Céu Claro";"Simples";"Curva";"Não";3;0;0;1;1;2;1;3;-12,46727769;-41,4150469;"SPRF-BA";"DEL06-BA";"UOP01-DEL06-BA"
467397;2022-08-11;"quinta-feira";"20:10:00";"MG";40;281;"TRES MARIAS";"Acostamento em desnível";"Tombamento";"Com Vítimas Feridas";"Plena Noite";"Crescente";"Céu Claro";"Simples";"Declive";"Não";2;0;1;0;0;1;1;2;-18,24214561;-45,2080525;"SPRF-MG";"DEL14-MG";"UOP02-DEL14-MG"
467398;2022-08-11;"quinta-feira";"20:30:00";"MG";365;361,5;"VARJAO DE MINAS";"Demais falhas mecânicas ou elétricas";"Capotamento";"Com Vítimas Feridas";"Plena Noite";"Decrescente";"Céu Claro";"Simples";"Curva";"Não";4;0;0;1;2;2;1;5;-18,42947014;-46,06914371;"SPRF-MG";"DEL10-MG";"UOP01-DEL10-MG"
467407;2022-04-14;"quinta-feira";"09:45:00";"ES";101;270;"SERRA";"Trafegar com motocicleta (ou similar) entre as faixas";"Colisão lateral mesmo sentido";"Com Vítimas Feridas";"Pleno dia";"Crescente";"Sol";"Dupla";"Reta";"Sim";4;0;1;0;2;1;1;4;-20,22662056;-40,27075088;"SPRF-ES";"DEL02-ES";"UOP01-DEL02-ES"
467410;2022-08-11;"quinta-feira";"20:40:00";"PR";277;72;"SAO JOSE DOS PINHAIS";"Ausência de reação do condutor";"Colisão traseira";"Com Vítimas Feridas";"Plena Noite";"Crescente";"Nublado";"Dupla";"Reta;Declive";"Não";6;0;4;1;0;1;5;4;-25,50232574;-49,14844031;"SPRF-PR";"DEL01-PR";"UOP01-DEL01-PR"
467411;2022-08-11;"quinta-feira";"20:50:00";"PR";376;252,5;"CALIFORNIA";"Reação tardia ou ineficiente do condutor";"Tombamento";"Com Vítimas Fatais";"Plena Noite";"Crescente";"Céu Claro";"Dupla";"Curva";"Não";2;1;0;0;0;1;0;2;-23,62744911;-51,37782365;"SPRF-PR";"DEL07-PR";"UOP03-DEL07-PR"
467413;2022-08-11;"quinta-feira";"21:45:00";"ES";259;46,9;"COLATINA";"Reação tardia ou ineficiente do condutor";"Colisão traseira";"Com Vítimas Fatais";"Plena Noite";"Decrescente";"Céu Claro";"Simples";"Curva";"Não";5;1;0;1;1;2;1;4;-19,5315965;-40,58047635;"SPRF-ES";"DEL02-ES";"UOP01-DEL02-ES"
467415;2022-08-11;"quinta-feira";"19:40:00";"PB";412;112;"SUME";"Estacionar ou parar em local proibido";"Colisão traseira";"Com Vítimas Feridas";"Plena Noite";"Decrescente";"Céu Claro";"Simples";"Reta";"Não";2;0;0;1;1;0;1;2;-7,692223;-36,905632;"SPRF-PB";"DEL02-PB";"UOP02-DEL02-PB"
467419;2022-08-11;"quinta-feira";"21:20:00";"BA";101;739,7;"ITABELA";"Problema com o freio";"Tombamento";"Com Vítimas Feridas";"Pleno dia";"Decrescente";"Céu Claro";"Dupla";"Curva;Declive";"Não";1;0;1;0;0;0;1;1;-16,53366;-39,566694;"SPRF-BA";"DEL09-BA";"UOP01-DEL09-BA"
467426;2022-08-11;"quinta-feira";"23:10:00";"CE";116;23,5;"AQUIRAZ";"Desrespeitar a preferência no cruzamento";"Colisão transversal";"Com Vítimas Feridas";"Plena Noite";"Decrescente";"Céu Claro";"Dupla";"Curva;Declive;Retorno Regulamentado";"Não";2;0;1;0;1;0;1;2;-3,95447436;-38,51238197;"SPRF-CE";"DEL01-CE";"UOP02-DEL01-CE"
467430;2022-08-12;"sexta-feira";"01:10:00";"ES";101;123,4;"SOORETAMA";"Transitar na contramão";"Colisão frontal";"Com Vítimas Fatais";"Plena Noite";"Decrescente";"Céu Claro";"Simples";"Aclive;Reta";"Não";3;1;0;1;0;1;1;3;-19,16834502;-40,08717096;"SPRF-ES";"DEL04-ES";"UOP01-DEL04-ES"
467432;2022-08-12;"sexta-feira";"01:15:00";"SP";381;65;"MAIRIPORA";"Estacionar ou parar em local proibido";"Colisão traseira";"Com Vítimas Feridas";"Plena Noite";"Decrescente";"Garoa/Chuvisco";"Múltipla";"Reta";"Sim";4;0;1;1;1;2;2;4;-23,316547;-46,58251;"SPRF-SP";"DEL03-SP";"UOP01-DEL03-SP"
467438;2022-08-12;"sexta-feira";"01:30:00";"RS";392;34,8;"RIO GRANDE";"Condutor deixou de manter distância do veículo da frente";"Colisão traseira";"Com Vítimas Feridas";"Plena Noite";"Decrescente";"Nevoeiro/Neblina";"Dupla";"Reta";"Não";3;0;1;0;1;3;1;5;-32,01573599;-52,28800966;"SPRF-RS";"DEL07-RS";"UOP02-DEL07-RS"
467444;2022-08-12;"sexta-feira";"02:30:00";"MG";365;614,9;"UBERLANDIA";"Transitar na contramão";"Colisão frontal";"Com Vítimas Feridas";"Plena Noite";"Decrescente";"Céu Claro";"Dupla";"Interseção de Vias;Curva";"Sim";3;0;1;0;2;0;1;2;-18,909896;-48,22427983;"SPRF-MG";"DEL15-MG";"UOP01-DEL15-MG"
467448;2022-08-12;"sexta-feira";"06:20:00";"RS";386;362,7;"ESTRELA";"Neblina";"Colisão transversal";"Com Vítimas Fatais";"Amanhecer";"Decrescente";"Nevoeiro/Neblina";"Dupla";"Interseção de Vias;Reta";"Não";3;1;0;0;2;0;0;2;-29,56001936;-51,88265562;"SPRF-RS";"DEL04-RS";"UOP02-DEL04-RS"
467450;2022-08-12;"sexta-feira";"05:55:00";"MG";381;909;"CAMANDUCAIA";"Reação tardia ou ineficiente do condutor";"Saída de leito carroçável";"Com Vítimas Feridas";"Pleno dia";"Crescente";"Céu Claro";"Dupla";"Reta";"Não";1;0;1;0;0;0;1;1;-22,724494;-46,1321;"SPRF-MG";"DEL16-MG";"UOP03-DEL16-MG"
467451;2022-08-12;"sexta-feira";"05:30:00";"GO";158;223;"JATAI";"Transitar na contramão";"Colisão lateral sentido oposto";"Com Vítimas Feridas";"Amanhecer";"Decrescente";"Céu Claro";"Simples";"Reta";"Não";5;0;2;0;3;0;2;2;-17,50571209;-51,87966028;"SPRF-GO";"DEL05-GO";"UOP01-DEL05-GO"
467452;2022-08-12;"sexta-feira";"06:40:00";"MG";381;4;"BETIM";"Acessar a via sem observar a presença dos outros veículos";"Colisão traseira";"Com Vítimas Feridas";"Pleno dia";"Decrescente";"Céu Claro";"Dupla";"Reta";"Não";2;0;1;0;1;0;1;2;-19,96825;-44,198708;"SPRF-MG";"DEL01-MG";"UOP03-DEL01-MG"
467453;2022-08-12;"sexta-feira";"06:50:00";"MG";381;737,5;"TRES CORACOES";"Ausência de reação do condutor";"Colisão com objeto";"Com Vítimas Feridas";"Amanhecer";"Crescente";"Céu Claro";"Dupla";"Curva";"Não";2;0;1;0;0;2;1;3;-21,59740119;-45,23880352;"SPRF-MG";"DEL16-MG";"UOP02-DEL16-MG"
467455;2022-08-12;"sexta-feira";"06:00:00";"PR";116;103,5;"SAO JOSE DOS PINHAIS";"Reação tardia ou ineficiente do condutor";"Colisão lateral mesmo sentido";"Com Vítimas Feridas";"Amanhecer";"Crescente";"Nublado";"Dupla";"Reta";"Não";3;0;1;0;1;1;1;3;-25,55944814;-49,15099774;"SPRF-PR";"DEL01-PR";"UOP01-DEL01-PR"
467456;2022-08-12;"sexta-feira";"05:30:00";"SC";470;88;"ASCURRA";"Velocidade Incompatível";"Saída de leito carroçável";"Com Vítimas Feridas";"Amanhecer";"Crescente";"Chuva";"Simples";"Reta;Ponte";"Sim";1;0;1;0;0;0;1;1;-26,95703808;-49,37448978;"SPRF-SC";"DEL04-SC";"UOP01-DEL04-SC"
467458;2022-08-12;"sexta-feira";"05:20:00";"RJ";493;52;"DUQUE DE CAXIAS";"Frear bruscamente";"Engavetamento";"Sem Vítimas";"Amanhecer";"Crescente";"Céu Claro";"Dupla";"Reta";"Não";4;0;0;0;3;1;0;4;-22,66377455;-43,36534649;"SPRF-RJ";"DEL01-RJ";"UOP01-DEL01-RJ"
467462;2022-08-12;"sexta-feira";"06:00:00";"GO";153;335,3;"JARAGUA";"Demais falhas mecânicas ou elétricas";"Colisão com objeto";"Com Vítimas Feridas";"Amanhecer";"Crescente";"Céu Claro";"Simples";"Aclive";"Não";2;0;0;1;1;0;1;2;-15,555524;-49,427223;"SPRF-GO";"DEL02-GO";"UOP02-DEL02-GO"
467480;2022-08-12;"sexta-feira";"08:10:00";"PE";232;5,8;"RECIFE";"Condutor deixou de manter distância do veículo da frente";"Colisão lateral mesmo sentido";"Sem Vítimas";"Pleno dia";"Crescente";"Céu Claro";"Dupla";"Em Obras";"Não";2;0;0;0;2;0;0;2;-8,06795766;-34,94535414;"SPRF-PE";"DEL01-PE";"UOP01-DEL01-PE"
467484;2022-08-12;"sexta-feira";"05:10:00";"MT";364;349;"SANTO ANTONIO DO LEVERGER";"Curva acentuada";"Tombamento";"Com Vítimas Feridas";"Amanhecer";"Crescente";"Ignorado";"Dupla";"Curva";"Não";2;0;1;0;0;1;1;2;-15,80502622;-55,5546431;"SPRF-MT";"DEL05-MT";"UOP02-DEL05-MT"
467486;2022-08-12;"sexta-feira";"06:25:00";"MG";365;701,4;"MONTE ALEGRE DE MINAS";"Reação tardia ou ineficiente do condutor";"Colisão traseira";"Com Vítimas Feridas";"Amanhecer";"Crescente";"Céu Claro";"Dupla";"Reta";"Não";4;0;1;0;2;2;1;4;-18,88052284;-49,007675;"SPRF-MG";"DEL15-MG";"UOP03-DEL15-MG"
467489;2022-07-16;"sábado";"06:40:00";"TO";153;726,6;"FIGUEIROPOLIS";"Transitar na contramão";"Colisão lateral sentido oposto";"Com Vítimas Fatais";"Pleno dia";"Decrescente";"Céu Claro";"Simples";"Reta";"Não";5;1;2;0;1;2;2;4;-12,1719321;-49,1583673;"SPRF-TO";"DEL01-TO";"UOP02-DEL01-TO"
467497;2022-08-12;"sexta-feira";"10:00:00";"MG";40;595,9;"OURO PRETO";"Reação tardia ou ineficiente do condutor";"Colisão transversal";"Com Vítimas Feridas";"Pleno dia";"Decrescente";"Céu Claro";"Simples";"Curva";"Não";4;0;1;0;2;3;1;6;-20,41564;-43,89316;"SPRF-MG";"DEL05-MG";"UOP02-DEL05-MG"
467501;2022-08-12;"sexta-feira";"08:00:00";"RJ";493;91,5;"SEROPEDICA";"Demais falhas mecânicas ou elétricas";"Incêndio";"Sem Vítimas";"Pleno dia";"Crescente";"Céu Claro";"Dupla";"Reta";"Não";2;0;0;0;1;1;0;2;-22,66914508;-43,64593506;"SPRF-RJ";"DEL03-RJ";"UOP01-DEL03-RJ"
467505;2022-08-12;"sexta-feira";"09:50:00";"PR";376;652;"TIJUCAS DO SUL";"Pista Escorregadia";"Saída de leito carroçável";"Com Vítimas Feridas";"Pleno dia";"Crescente";"Chuva";"Dupla";"Curva";"Não";1;0;1;0;0;0;1;1;-25,8461583;-49,068884;"SPRF-PR";"DEL01-PR";"UOP04-DEL01-PR"
467506;2022-08-12;"sexta-feira";"10:10:00";"PR";376;628;"SAO JOSE DOS PINHAIS";"Manobra de mudança de faixa";"Colisão traseira";"Com Vítimas Feridas";"Pleno dia";"Decrescente";"Nublado";"Dupla";"Reta";"Sim";4;0;1;0;2;4;1;7;-25,69494105;-49,14468348;"SPRF-PR";"DEL01-PR";"UOP04-DEL01-PR"
467507;2022-08-12;"sexta-feira";"08:40:00";"CE";116;523;"JATI";"Condutor deixou de manter distância do veículo da frente";"Engavetamento";"Sem Vítimas";"Pleno dia";"Crescente";"Céu Claro";"Simples";"Reta";"Não";6;0;0;0;4;5;0;9;-7,6344;-39,027194;"SPRF-CE";"DEL05-CE";"UOP03-DEL05-CE"
467509;2022-08-12;"sexta-feira";"11:05:00";"GO";50;101;"CRISTALINA";"Reação tardia ou ineficiente do condutor";"Colisão lateral mesmo sentido";"Com Vítimas Feridas";"Pleno dia";"Decrescente";"Céu Claro";"Dupla";"Reta";"Sim";17;0;3;0;13;2;3;4;-16,788073;-47,637797;"SPRF-DF";"DEL01-DF";"UOP02-DEL01-DF"
467510;2022-08-12;"sexta-feira";"09:50:00";"SC";101;116;"ITAJAI";"Manobra de mudança de faixa";"Colisão lateral mesmo sentido";"Com Vítimas Feridas";"Pleno dia";"Crescente";"Céu Claro";"Dupla";"Reta";"Sim";3;0;1;0;1;1;1;3;-26,87905605;-48,72603512;"SPRF-SC";"DEL04-SC";"UOP04-DEL04-SC"
467511;2022-08-12;"sexta-feira";"06:50:00";"CE";222;315;"TIANGUA";"Área urbana sem a presença de local apropriado para a travessia de pedestres";"Atropelamento de Pedestre";"Com Vítimas Feridas";"Pleno dia";"Crescente";"Céu Claro";"Simples";"Reta";"Não";2;0;0;1;1;0;1;2;-3,738862;-41,005386;"SPRF-CE";"DEL04-CE";"UOP02-DEL04-CE"
467513;2022-06-25;"sábado";"20:25:00";"MA";316;362,1;"SANTA INES";"Acessar a via sem observar a presença dos outros veículos";"Colisão traseira";"Com Vítimas Feridas";"Plena Noite";"Crescente";"Céu Claro";"Simples";"Reta";"Sim";2;0;1;0;1;0;1;2;-3,67446535;-45,38864136;"SPRF-MA";"DEL02-MA";"UOP01-DEL02-MA"
467515;2022-08-12;"sexta-feira";"09:50:00";"RJ";101;521;"ANGRA DOS REIS";"Desrespeitar a preferência no cruzamento";"Tombamento";"Com Vítimas Feridas";"Pleno dia";"Decrescente";"Chuva";"Múltipla";"Retorno Regulamentado";"Não";2;0;1;0;1;0;1;2;-23,00343;-44,460842;"SPRF-RJ";"DEL03-RJ";"UOP03-DEL03-RJ"
467516;2022-07-04;"segunda-feira";"10:45:00";"MT";364;1204;"COMODORO";"Transitar na contramão";"Colisão frontal";"Com Vítimas Fatais";"Pleno dia";"Crescente";"Céu Claro";"Simples";"Aclive;Reta";"Não";8;5;0;1;1;7;1;10;-13,79951;-59,487812;"SPRF-MT";"DEL04-MT";"UOP01-DEL04-MT"
467524;2022-08-12;"sexta-feira";"12:00:00";"SP";116;45,1;"CANAS";"Demais falhas mecânicas ou elétricas";"Colisão com objeto";"Sem Vítimas";"Pleno dia";"Crescente";"Céu Claro";"Dupla";"Ponte;Reta";"Não";1;0;0;0;1;0;0;1;-22,70842755;-45,0459516;"SPRF-SP";"DEL08-SP";"UOP02-DEL08-SP"
467526;2022-07-05;"terça-feira";"20:00:00";"MG";50;25;"ARAGUARI";"Ausência de reação do condutor";"Colisão traseira";"Sem Vítimas";"Plena Noite";"Crescente";"Céu Claro";"Dupla";"Declive";"Não";5;0;0;0;3;5;0;8;-18,61146226;-48,07749391;"SPRF-MG";"DEL15-MG";"UOP02-DEL15-MG"
467528;2022-08-12;"sexta-feira";"11:30:00";"SC";280;29,6;"ARAQUARI";"Reação tardia ou ineficiente do condutor";"Colisão transversal";"Com Vítimas Feridas";"Pleno dia";"Crescente";"Garoa/Chuvisco";"Simples";"Interseção de Vias";"Não";4;0;2;0;1;1;2;3;-26,41066264;-48,75295628;"SPRF-SC";"DEL03-SC";"UOP03-DEL03-SC"
467530;2022-08-12;"sexta-feira";"12:15:00";"SC";470;9;"NAVEGANTES";"Acesso irregular";"Colisão frontal";"Com Vítimas Feridas";"Pleno dia";"Decrescente";"Céu Claro";"Simples";"Curva";"Sim";2;0;0;1;1;0;1;2;-26,833143;-48,727432;"SPRF-SC";"DEL04-SC";"UOP04-DEL04-SC"
467541;2022-08-12;"sexta-feira";"12:45:00";"PE";101;78;"RECIFE";"Manobra de mudança de faixa";"Colisão lateral mesmo sentido";"Com Vítimas Feridas";"Pleno dia";"Crescente";"Céu Claro";"Dupla";"Reta";"Sim";4;0;2;0;1;1;2;3;-8,13496499;-34,94738614;"SPRF-PE";"DEL01-PE";"UOP01-DEL01-PE"
467543;2022-08-12;"sexta-feira";"12:50:00";"AL";101;121;"SAO MIGUEL DOS CAMPOS";"Acesso irregular";"Colisão lateral mesmo sentido";"Com Vítimas Feridas";"Pleno dia";"Decrescente";"Céu Claro";"Dupla";"Aclive";"Não";3;0;1;0;1;3;1;5;-9,68903191;-36,03448792;"SPRF-AL";"DEL02-AL";"UOP01-DEL02-AL"
467545;2022-08-12;"sexta-feira";"11:30:00";"GO";153;15;"PORANGATU";"Condutor deixou de manter distância do veículo da frente";"Colisão traseira";"Com Vítimas Feridas";"Pleno dia";"Decrescente";"Sol";"Simples";"Reta";"Não";4;0;1;0;3;0;1;2;-12,962521;-49,140991;"SPRF-GO";"DEL07-GO";"UOP01-DEL07-GO"
467547;2022-08-12;"sexta-feira";"13:20:00";"RS";290;301,5;"CACAPAVA DO SUL";"Acessar a via sem observar a presença dos outros veículos";"Colisão transversal";"Com Vítimas Feridas";"Pleno dia";"Crescente";"Céu Claro";"Simples";"Reta";"Não";3;0;0;1;2;0;1;2;-30,319717;-53,218117;"SPRF-RS";"DEL09-RS";"UOP02-DEL09-RS"
467550;2022-08-04;"quinta-feira";"20:30:00";"BA";349;1013;"CORRENTINA";"Desrespeitar a preferência no cruzamento";"Colisão transversal";"Com Vítimas Feridas";"Plena Noite";"Decrescente";"Céu Claro";"Simples";"Reta";"Não";5;0;2;0;2;1;2;2;-13,64319264;-45,6786418;"SPRF-BA";"DEL10-BA";"UOP01-DEL10-BA"
467553;2022-08-12;"sexta-feira";"15:25:00";"ES";101;307,7;"VIANA";"Reação tardia ou ineficiente do condutor";"Colisão traseira";"Com Vítimas Feridas";"Pleno dia";"Decrescente";"Céu Claro";"Dupla";"Reta";"Não";2;0;1;0;1;0;1;2;-20,39978524;-40,45604748;"SPRF-ES";"DEL01-ES";"UOP01-DEL01-ES"
467562;2022-08-12;"sexta-feira";"15:50:00";"PA";230;136;"MARABA";"Pedestre andava na pista";"Atropelamento de Pedestre";"Com Vítimas Feridas";"Pleno dia";"Decrescente";"Céu Claro";"Simples";"Reta";"Não";3;0;1;0;1;2;1;4;-5,34007902;-49,21659807;"SPRF-PA";"DEL03-PA";"UOP01-DEL03-PA"
467563;2022-08-12;"sexta-feira";"15:30:00";"PR";277;31;"MORRETES";"Reação tardia ou ineficiente do condutor";"Saída de leito carroçável";"Com Vítimas Feridas";"Pleno dia";"Decrescente";"Céu Claro";"Dupla";"Reta";"Não";2;0;1;0;0;1;1;2;-25,52874613;-48,73512603;"SPRF-PR";"DEL01-PR";"UOP05-DEL01-PR"
467566;2022-08-12;"sexta-feira";"12:30:00";"RO";364;245,8;"CACOAL";"Reação tardia ou ineficiente do condutor";"Colisão lateral mesmo sentido";"Sem Vítimas";"Pleno dia";"Decrescente";"Sol";"Simples";"Reta;Aclive";"Não";4;0;0;0;3;1;0;3;-11,439425;-61,523066;"SPRF-RO";"DEL02-RO";"UOP02-DEL02-RO"
467569;2022-08-12;"sexta-feira";"16:00:00";"MG";40;804;"MATIAS BARBOSA";"Manobra de mudança de faixa";"Colisão lateral mesmo sentido";"Com Vítimas Feridas";"Pleno dia";"Decrescente";"Céu Claro";"Dupla";"Reta";"Não";5;0;3;0;1;1;3;3;-21,86313979;-43,37348589;"SPRF-MG";"DEL05-MG";"UOP01-DEL05-MG"
467570;2022-08-12;"sexta-feira";"14:30:00";"MT";70;3;"BARRA DO GARCAS";"Pedestre andava na pista";"Queda de ocupante de veículo";"Com Vítimas Fatais";"Pleno dia";"Crescente";"Céu Claro";"Simples";"Reta";"Sim";3;1;0;0;1;3;0;5;-15,88196877;-52,2763288;"SPRF-MT";"DEL07-MT";"UOP01-DEL07-MT"
467578;2022-08-12;"sexta-feira";"11:50:00";"MA";10;294,9;"CIDELANDIA";"Desrespeitar a preferência no cruzamento";"Colisão transversal";"Com Vítimas Feridas";"Pleno dia";"Decrescente";"Céu Claro";"Simples";"Interseção de Vias";"Não";5;0;1;0;4;0;1;2;-5,165295;-47,534004;"SPRF-MA";"DEL04-MA";"UOP01-DEL04-MA"
467581;2022-08-12;"sexta-feira";"16:30:00";"PR";116;14;"CAMPINA GRANDE DO SUL";"Pista Escorregadia";"Colisão com objeto";"Com Vítimas Feridas";"Pleno dia";"Crescente";"Nublado";"Dupla";"Curva";"Não";6;0;2;0;3;1;2;3;-25,09836429;-48,67391969;"SPRF-PR";"DEL01-PR";"UOP02-DEL01-PR"
467588;2022-08-12;"sexta-feira";"14:30:00";"SC";101;392,5;"CRICIUMA";"Demais falhas mecânicas ou elétricas";"Colisão traseira";"Com Vítimas Feridas";"Pleno dia";"Crescente";"Céu Claro";"Múltipla";"Reta";"Não";4;0;1;0;2;1;1;3;-28,80489882;-49,3712151;"SPRF-SC";"DEL02-SC";"UOP02-DEL02-SC"
467591;2022-08-12;"sexta-feira";"16:10:00";"PR";277;658,1;"MATELANDIA";"Manobra de mudança de faixa";"Colisão lateral mesmo sentido";"Com Vítimas Feridas";"Pleno dia";"Decrescente";"Céu Claro";"Dupla";"Curva";"Sim";2;0;1;0;0;1;1;2;-25,2426837;-53,97329107;"SPRF-PR";"DEL05-PR";"UOP02-DEL05-PR"
467615;2022-08-12;"sexta-feira";"17:54:00";"SP";116;102;"PINDAMONHANGABA";"Ausência de reação do condutor";"Tombamento";"Com Vítimas Feridas";"Anoitecer";"Decrescente";"Céu Claro";"Múltipla";"Aclive";"Não";2;0;1;0;0;1;1;2;-22,99497994;-45,48951403;"SPRF-SP";"DEL08-SP";"UOP01-DEL08-SP"
467629;2022-08-12;"sexta-feira";"19:30:00";"RS";285;341,3;"CARAZINHO";"Desrespeitar a preferência no cruzamento";"Colisão transversal";"Sem Vítimas";"Plena Noite";"Crescente";"Céu Claro";"Simples";"Interseção de Vias";"Sim";2;0;0;0;1;1;0;2;-28,31760441;-52,80638695;"SPRF-RS";"DEL08-RS";"UOP03-DEL08-RS"
467643;2022-08-12;"sexta-feira";"21:00:00";"RS";386;193,3;"SANTO ANTONIO DO PLANALTO";"Deficiência do Sistema de Iluminação/Sinalização";"Colisão traseira";"Sem Vítimas";"Plena Noite";"Decrescente";"Céu Claro";"Simples";"Reta";"Não";6;0;0;0;5;2;0;5;-28,4139604;-52,6829356;"SPRF-RS";"DEL08-RS";"UOP01-DEL08-RS"
467648;2022-08-12;"sexta-feira";"19:40:00";"RS";285;356,2;"CARAZINHO";"Ausência de reação do condutor";"Colisão traseira";"Sem Vítimas";"Plena Noite";"Decrescente";"Céu Claro";"Simples";"Curva";"Não";5;0;0;0;4;1;0;4;-28,34971234;-52,93968201;"SPRF-RS";"DEL08-RS";"UOP03-DEL08-RS"
467649;2022-08-12;"sexta-feira";"22:00:00";"PR";369;435,2;"UBIRATA";"Acessar a via sem observar a presença dos outros veículos";"Colisão transversal";"Com Vítimas Fatais";"Plena Noite";"Crescente";"Céu Claro";"Simples";"Reta;Interseção de Vias";"Não";3;1;0;0;1;1;0;3;-24,48855455;-52,89383769;"SPRF-PR";"DEL04-PR";"UOP03-DEL04-PR"