"id";"data_inversa";"dia_semana";"horario";"uf";"br";"km";"municipio";"causa_acidente";"tipo_acidente";"classificacao_acidente";"fase_dia";"sentido_via";"condicao_metereologica";"tipo_pista";"tracado_via";"uso_solo";"pessoas";"mortos";"feridos_leves";"feridos_graves";"ilesos";"ignorados";"feridos";"veiculos";"latitude";"longitude";"regional";"delegacia";"uop"
468148;2022-08-14;"domingo";"20:31:00";"MS";376;90,2;"DEODAPOLIS";"Ingestão de álcool pelo condutor";"Saída de leito carroçável";"Com Vítimas Feridas";"Plena Noite";"Crescente";"Céu Claro";"Simples";"Reta";"Não";2;0;1;0;0;1;1;2;-22,30606188;-54,09185595;"SPRF-MS";"DEL04-MS";"UOP04-DEL04-MS"
468154;2022-08-14;"domingo";"20:39:00";"RJ";101;27;"CAMPOS DOS GOYTACAZES";"Ingestão de álcool pelo condutor";"Colisão lateral sentido oposto";"Sem Vítimas";"Plena Noite";"Decrescente";"Céu Claro";"Simples";"Curva";"Não";3;0;0;0;2;1;0;3;-21,44032904;-41,34283239;"SPRF-RJ";"DEL08-RJ";"UOP01-DEL08-RJ"
468159;2022-08-14;"domingo";"17:30:00";"MA";10;169,5;"CAMPESTRE DO MARANHAO";"Demais falhas mecânicas ou elétricas";"Incêndio";"Sem Vítimas";"Pleno dia";"Crescente";"Céu Claro";"Simples";"Aclive;Reta";"Não";2;0;0;0;1;13;0;14;-6,239377;-47,350262;"SPRF-MA";"DEL04-MA";"UOP02-DEL04-MA"
468172;2022-08-14;"domingo";"23:34:00";"PR";272;376;"CAMPO MOURAO";"Condutor Dormindo";"Colisão lateral sentido oposto";"Com Vítimas Feridas";"Plena Noite";"Decrescente";"Céu Claro";"Simples";"Reta";"Não";3;0;0;1;1;2;1;4;-24,06221556;-52,48333492;"SPRF-PR";"DEL09-PR";"UOP03-DEL09-PR"
468173;2022-08-14;"domingo";"22:20:00";"RO";364;10,7;"VILHENA";"Reação tardia ou ineficiente do condutor";"Colisão lateral mesmo sentido";"Com Vítimas Feridas";"Plena Noite";"Crescente";"Céu Claro";"Simples";"Reta";"Sim";2;0;1;0;1;0;1;2;-12,75194006;-60,10600907;"SPRF-RO";"DEL04-RO";"UOP01-DEL04-RO"
468183;2022-08-15;"segunda-feira";"01:20:00";"PR";376;242;"APUCARANA";"Velocidade Incompatível";"Saída de leito carroçável";"Sem Vítimas";"Plena Noite";"Decrescente";"Céu Claro";"Dupla";"Reta";"Sim";2;0;0;0;1;1;0;2;-23,580543;-51,435676;"SPRF-PR";"DEL07-PR";"UOP03-DEL07-PR"
468184;2022-08-15;"segunda-feira";"01:30:00";"SP";116;307,8;"SAO LOURENCO DA SERRA";"Ausência de reação do condutor";"Colisão lateral mesmo sentido";"Sem Vítimas";"Plena Noite";"Decrescente";"Céu Claro";"Dupla";"Reta";"Não";3;0;0;0;2;1;0;3;-23,85630016;-46,94096988;"SPRF-SP";"DEL04-SP";"UOP01-DEL04-SP"
468185;2022-08-15;"segunda-feira";"01:50:00";"PR";376;601;"CURITIBA";"Reação tardia ou ineficiente do condutor";"Colisão traseira";"Com Vítimas Fatais";"Plena Noite";"Decrescente";"Nublado";"Dupla";"Reta";"Sim";4;1;2;0;0;1;2;3;-25,54112495;-49,31063175;"SPRF-PR";"DEL01-PR";"UOP06-DEL01-PR"
468188;2022-08-15;"segunda-feira";"01:20:00";"PI";135;44;"JERUMENHA";"Transitar na contramão";"Colisão frontal";"Com Vítimas Fatais";"Plena Noite";"Crescente";"Céu Claro";"Simples";"Reta;Declive";"Não";2;1;0;0;0;1;0;2;-7,11570487;-43,5184071;"SPRF-PI";"DEL03-PI";"UOP01-DEL03-PI"
468192;2022-08-15;"segunda-feira";"04:50:00";"SP";116;226,2;"GUARULHOS";"Ingestão de álcool pelo condutor";"Colisão lateral mesmo sentido";"Sem Vítimas";"Pleno dia";"Decrescente";"Céu Claro";"Múltipla";"Reta";"Sim";2;0;0;0;2;0;0;2;-23,49102507;-46,54878195;"SPRF-SP";"DEL01-SP";"UOP01-DEL01-SP"
468193;2022-08-15;"segunda-feira";"05:10:00";"PR";153;399;"MALLET";"Ausência de reação do condutor";"Saída de leito carroçável";"Com Vítimas Feridas";"Plena Noite";"Crescente";"Nevoeiro/Neblina";"Simples";"Reta";"Não";1;0;1;0;0;0;1;1;-25,93763379;-50,8582318;"SPRF-PR";"DEL02-PR";"UOP04-DEL02-PR"
468196;2022-08-15;"segunda-feira";"04:06:00";"MG";50;16;"ARAGUARI";"Curva acentuada";"Tombamento";"Com Vítimas Feridas";"Plena Noite";"Decrescente";"Céu Claro";"Dupla";"Curva";"Não";1;0;1;0;0;0;1;1;-18,55486284;-48,05572438;"SPRF-MG";"DEL15-MG";"UOP02-DEL15-MG"
468200;2022-08-15;"segunda-feira";"04:35:00";"MG";153;214,4;"FRUTAL";"Ausência de reação do condutor";"Colisão traseira";"Com Vítimas Feridas";"Plena Noite";"Decrescente";"Céu Claro";"Simples";"Reta";"Não";3;0;1;0;1;2;1;4;-20,059574;-49,060705;"SPRF-MG";"DEL13-MG";"UOP02-DEL13-MG"
468202;2022-08-15;"segunda-feira";"06:25:00";"RS";285;511,7;"VITORIA DAS MISSOES";"Transitar na contramão";"Colisão lateral sentido oposto";"Com Vítimas Feridas";"Amanhecer";"Decrescente";"Chuva";"Simples";"Curva";"Não";7;0;3;0;3;1;3;3;-28,402619;-54,389887;"SPRF-RS";"DEL10-RS";"UOP01-DEL10-RS"
468203;2022-08-14;"domingo";"07:30:00";"PA";230;1110;"ITAITUBA";"Curva acentuada";"Tombamento";"Sem Vítimas";"Pleno dia";"Crescente";"Céu Claro";"Simples";"Curva";"Não";2;0;0;0;1;2;0;3;-4,394221;-55,894403;"SPRF-PA";"DEL05-PA";"UOP01-DEL05-PA"
468205;2022-08-15;"segunda-feira";"00:51:00";"RR";174;186;"RORAINOPOLIS";"Condutor Dormindo";"Saída de leito carroçável";"Com Vítimas Feridas";"Plena Noite";"Crescente";"Céu Claro";"Simples";"Reta";"Não";2;0;1;0;0;1;1;2;0,715437;-60,450329;"SPRF-RR";"DEL01-RR";"UOP01-DEL01-RR"
468206;2022-08-15;"segunda-feira";"06:15:00";"PB";230;36;"SANTA RITA";"Velocidade Incompatível";"Engavetamento";"Sem Vítimas";"Pleno dia";"Decrescente";"Céu Claro";"Dupla";"Reta";"Sim";4;0;0;0;4;0;0;4;-7,1246;-34,9473;"SPRF-PB";"DEL01-PB";"UOP03-DEL01-PB"
468210;2022-08-15;"segunda-feira";"05:45:00";"GO";452;3;"RIO VERDE";"Reação tardia ou ineficiente do condutor";"Saída de leito carroçável";"Com Vítimas Feridas";"Amanhecer";"Crescente";"Céu Claro";"Múltipla";"Reta";"Não";2;0;1;0;0;2;1;3;-17,80066089;-50,87743393;"SPRF-GO";"DEL04-GO";"UOP01-DEL04-GO"
468218;2022-08-15;"segunda-feira";"07:30:00";"BA";101;922,8;"NOVA VICOSA";"Acessar a via sem observar a presença dos outros veículos";"Colisão frontal";"Com Vítimas Fatais";"Pleno dia";"Crescente";"Chuva";"Simples";"Interseção de Vias";"Não";4;2;0;0;2;0;0;3;-17,89510615;-39,81904199;"SPRF-BA";"DEL09-BA";"UOP02-DEL09-BA"
468219;2022-08-15;"segunda-feira";"04:30:00";"MG";381;561;"ITAGUARA";"Declive acentuado";"Colisão com objeto";"Sem Vítimas";"Amanhecer";"Crescente";"Ignorado";"Dupla";"Declive";"Não";1;0;0;0;1;0;0;1;-20,39224209;-44,49492995;"SPRF-MG";"DEL04-MG";"UOP03-DEL04-MG"
468220;2022-08-15;"segunda-feira";"06:40:00";"PI";135;40;"JERUMENHA";"Conversão proibida";"Colisão transversal";"Sem Vítimas";"Amanhecer";"Crescente";"Céu Claro";"Simples";"Curva";"Sim";3;0;0;0;2;1;0;3;-7,086553;-43,50345;"SPRF-PI";"DEL03-PI";"UOP01-DEL03-PI"
468221;2022-08-15;"segunda-feira";"07:30:00";"DF";70;19;"BRASILIA";"Transitar no acostamento";"Queda de ocupante de veículo";"Com Vítimas Feridas";"Pleno dia";"Crescente";"Sol";"Simples";"Declive;Reta";"Sim";2;0;1;0;0;1;1;2;-15,788868;-48,220242;"SPRF-DF";"DEL03-DF";"UOP02-DEL03-DF"
468233;2022-08-15;"segunda-feira";"07:30:00";"MG";381;433,8;"SABARA";"Velocidade Incompatível";"Colisão frontal";"Com Vítimas Fatais";"Pleno dia";"Decrescente";"Céu Claro";"Simples";"Em Obras;Curva;Declive";"Não";7;3;2;2;0;0;4;2;-19,7858603;-43,7216109;"SPRF-MG";"DEL01-MG";"UOP01-DEL01-MG"
468235;2022-08-15;"segunda-feira";"07:20:00";"PR";153;411,6;"PAULO FRONTIN";"Ausência de reação do condutor";"Colisão frontal";"Com Vítimas Feridas";"Amanhecer";"Crescente";"Nevoeiro/Neblina";"Simples";"Curva;Declive";"Não";4;0;1;0;3;0;1;2;-26,04160897;-50,82689384;"SPRF-PR";"DEL02-PR";"UOP04-DEL02-PR"
468236;2022-08-14;"domingo";"15:40:00";"MG";381;327;"NOVA ERA";"Velocidade Incompatível";"Tombamento";"Com Vítimas Feridas";"Pleno dia";"Crescente";"Céu Claro";"Simples";"Curva";"Não";3;0;1;1;0;1;2;2;-19,76723696;-43,04699067;"SPRF-MG";"DEL03-MG";"UOP02-DEL03-MG"
468243;2022-08-15;"segunda-feira";"09:30:00";"RS";285;441;"BOZANO";"Reação tardia ou ineficiente do condutor";"Saída de leito carroçável";"Com Vítimas Feridas";"Pleno dia";"Crescente";"Céu Claro";"Simples";"Reta;Declive";"Não";1;0;1;0;0;0;1;1;-28,36140099;-53,74801397;"SPRF-RS";"DEL10-RS";"UOP01-DEL10-RS"
468246;2022-08-15;"segunda-feira";"08:30:00";"RS";392;81;"PELOTAS";"Manobra de mudança de faixa";"Saída de leito carroçável";"Sem Vítimas";"Pleno dia";"Decrescente";"Chuva";"Simples";"Reta";"Não";1;0;0;0;1;0;0;1;-31,66857878;-52,46031269;"SPRF-RS";"DEL07-RS";"UOP01-DEL07-RS"
468253;2022-08-15;"segunda-feira";"09:50:00";"RS";392;344;"SANTA MARIA";"Demais falhas mecânicas ou elétricas";"Incêndio";"Sem Vítimas";"Pleno dia";"Crescente";"Chuva";"Simples";"Reta";"Não";3;0;0;0;2;1;0;2;-29,7877691;-53,78226228;"SPRF-RS";"DEL09-RS";"UOP01-DEL09-RS"
468259;2022-08-15;"segunda-feira";"10:48:00";"PE";101;78;"JABOATAO DOS GUARARAPES";"Mal súbito do condutor";"Saída de leito carroçável";"Com Vítimas Feridas";"Pleno dia";"Crescente";"Céu Claro";"Dupla";"Curva";"Sim";1;0;1;0;0;0;1;1;-8,141323;-34,946612;"SPRF-PE";"DEL01-PE";"UOP01-DEL01-PE"
468260;2022-08-15;"segunda-feira";"11:10:00";"ES";101;11,2;"PEDRO CANARIO";"Reação tardia ou ineficiente do condutor";"Colisão traseira";"Com Vítimas Feridas";"Pleno dia";"Crescente";"Céu Claro";"Dupla";"Aclive";"Não";3;0;1;0;1;2;1;4;-18,25673398;-39,95472013;"SPRF-ES";"DEL04-ES";"UOP02-DEL04-ES"
468263;2022-08-15;"segunda-feira";"10:20:00";"RS";470;9;"BARRACAO";"Acessar a via sem observar a presença dos outros veículos";"Colisão transversal";"Com Vítimas Feridas";"Pleno dia";"Crescente";"Céu Claro";"Simples";"Reta";"Não";4;0;2;0;1;2;2;4;-27,6539699;-51,46002477;"SPRF-RS";"DEL08-RS";"UOP05-DEL08-RS"
468264;2022-08-15;"segunda-feira";"10:07:00";"MT";364;275;"JACIARA";"Problema com o freio";"Colisão lateral sentido oposto";"Com Vítimas Feridas";"Pleno dia";"Decrescente";"Céu Claro";"Simples";"Declive";"Não";3;0;1;0;1;1;1;3;-15,95365442;-54,99163628;"SPRF-MT";"DEL02-MT";"UOP01-DEL02-MT"
468265;2022-08-15;"segunda-feira";"09:20:00";"MT";163;860;"SINOP";"Demais falhas mecânicas ou elétricas";"Tombamento";"Com Vítimas Feridas";"Pleno dia";"Decrescente";"Céu Claro";"Simples";"Reta";"Não";2;0;1;0;0;2;1;3;-11,55124406;-55,39861858;"SPRF-MT";"DEL06-MT";"NPF/DEL06-MT"
468272;2022-08-15;"segunda-feira";"12:00:00";"PR";277;39;"MORRETES";"Reação tardia ou ineficiente do condutor";"Colisão traseira";"Sem Vítimas";"Pleno dia";"Decrescente";"Céu Claro";"Dupla";"Declive;Curva";"Não";3;0;0;0;2;3;0;5;-25,571233;-48,817137;"SPRF-PR";"DEL01-PR";"UOP05-DEL01-PR"
468274;2022-08-15;"segunda-feira";"10:55:00";"SC";163;68,3;"SAO MIGUEL DO OESTE";"Reação tardia ou ineficiente do condutor";"Saída de leito carroçável";"Sem Vítimas";"Pleno dia";"Crescente";"Céu Claro";"Dupla";"Reta";"Sim";2;0;0;0;1;1;0;2;-26,74738285;-53,50073576;"SPRF-SC";"DEL07-SC";"UOP03-DEL07-SC"
468276;2022-08-15;"segunda-feira";"12:20:00";"MG";381;333;"NOVA ERA";"Velocidade Incompatível";"Colisão frontal";"Com Vítimas Feridas";"Pleno dia";"Decrescente";"Céu Claro";"Simples";"Curva";"Não";4;0;2;0;1;2;2;4;-19,80306599;-43,06083702;"SPRF-MG";"DEL03-MG";"UOP01-DEL03-MG"
468282;2022-08-15;"segunda-feira";"13:30:00";"PE";424;87,7;"GARANHUNS";"Condutor deixou de manter distância do veículo da frente";"Colisão lateral mesmo sentido";"Com Vítimas Feridas";"Pleno dia";"Crescente";"Chuva";"Simples";"Reta;Aclive";"Não";3;0;2;0;0;1;2;2;-8,88271844;-36,50834084;"SPRF-PE";"DEL03-PE";"UOP01-DEL03-PE"
468288;2022-08-15;"segunda-feira";"07:35:00";"BA";116;509;"SANTA TERESINHA";"Velocidade Incompatível";"Capotamento";"Com Vítimas Feridas";"Pleno dia";"Decrescente";"Céu Claro";"Simples";"Reta";"Não";1;0;1;0;0;0;1;1;-12,658632;-39,6249381;"SPRF-BA";"DEL03-BA";"UOP02-DEL03-BA"
468290;2022-08-15;"segunda-feira";"11:10:00";"BA";101;666,1;"ITAPEBI";"Reação tardia ou ineficiente do condutor";"Tombamento";"Com Vítimas Feridas";"Pleno dia";"Decrescente";"Céu Claro";"Simples";"Reta";"Não";2;0;1;0;0;2;1;3;-15,983383;-39,568508;"SPRF-BA";"DEL09-BA";"UOP01-DEL09-BA"
468291;2022-08-15;"segunda-feira";"10:00:00";"SC";282;550,2;"NOVA ITABERABA";"Ausência de reação do condutor";"Saída de leito carroçável";"Com Vítimas Feridas";"Pleno dia";"Decrescente";"Nublado";"Simples";"Reta";"Não";1;0;1;0;0;0;1;1;-26,959664;-52,76788;"SPRF-SC";"DEL07-SC";"UOP01-DEL07-SC"
468299;2022-08-15;"segunda-feira";"09:55:00";"MT";163;1056;"MATUPA";"Obras na pista";"Atropelamento de Pedestre";"Com Vítimas Feridas";"Pleno dia";"Crescente";"Céu Claro";"Simples";"Reta";"Não";2;0;0;1;1;0;1;2;-10,16007133;-54,93469767;"SPRF-MT";"DEL06-MT";"NPF/DEL06-MT"
468301;2022-08-15;"segunda-feira";"08:00:00";"RS";293;54,8;"CERRITO";"Ausência de reação do condutor";"Colisão lateral sentido oposto";"Com Vítimas Feridas";"Amanhecer";"Decrescente";"Garoa/Chuvisco";"Simples";"Reta";"Não";4;0;3;0;1;0;3;2;-31,72618303;-52,867977;"SPRF-RS";"DEL07-RS";"UOP01-DEL07-RS"
468305;2022-08-15;"segunda-feira";"16:00:00";"ES";101;166;"LINHARES";"Ausência de reação do condutor";"Atropelamento de Pedestre";"Com Vítimas Feridas";"Pleno dia";"Crescente";"Céu Claro";"Simples";"Reta";"Sim";4;0;0;1;1;3;1;4;-19,52077663;-40,14566638;"SPRF-ES";"DEL04-ES";"UOP01-DEL04-ES"
468308;2022-08-15;"segunda-feira";"15:00:00";"GO";80;136;"BARRO ALTO";"Demais falhas mecânicas ou elétricas";"Tombamento";"Com Vítimas Feridas";"Pleno dia";"Decrescente";"Céu Claro";"Simples";"Reta";"Não";2;0;1;0;0;1;1;2;-14,948445;-48,933927;"SPRF-GO";"DEL07-GO";"UOP01-DEL07-GO"
468313;2022-08-15;"segunda-feira";"15:20:00";"GO";153;439;"ANAPOLIS";"Manobra de mudança de faixa";"Colisão com objeto";"Com Vítimas Feridas";"Pleno dia";"Crescente";"Céu Claro";"Múltipla";"Reta";"Sim";3;0;1;0;1;1;1;3;-16,298529;-48,928207;"SPRF-GO";"DEL02-GO";"UOP01-DEL02-GO"
468316;2022-08-15;"segunda-feira";"17:00:00";"RS";386;417;"MONTENEGRO";"Avarias e/ou desgaste excessivo no pneu";"Colisão frontal";"Com Vítimas Feridas";"Pleno dia";"Crescente";"Nublado";"Simples";"Rotatória";"Não";2;0;1;1;0;0;2;2;-29,81952561;-51,45092726;"SPRF-RS";"DEL04-RS";"UOP02-DEL04-RS"
468318;2022-08-15;"segunda-feira";"17:15:00";"AL";101;102,9;"PILAR";"Demais falhas mecânicas ou elétricas";"Colisão com objeto";"Com Vítimas Feridas";"Pleno dia";"Crescente";"Garoa/Chuvisco";"Dupla";"Curva";"Não";6;0;1;0;4;1;1;2;-9,58516735;-35,97605109;"SPRF-AL";"DEL02-AL";"UOP01-DEL02-AL"
468326;2022-08-15;"segunda-feira";"15:30:00";"CE";222;189;"SOBRAL";"Demais falhas mecânicas ou elétricas";"Incêndio";"Sem Vítimas";"Pleno dia";"Decrescente";"Céu Claro";"Simples";"Reta";"Não";1;0;0;0;1;0;0;1;-3,77215371;-40,12055223;"SPRF-CE";"DEL04-CE";"UOP01-DEL04-CE"
468331;2022-02-04;"sexta-feira";"00:20:00";"MG";251;334;"FRUTA DE LEITE";"Velocidade Incompatível";"Saída de leito carroçável";"Com Vítimas Feridas";"Plena Noite";"Decrescente";"Céu Claro";"Simples";"Curva";"Não";2;0;1;0;0;13;1;14;-16,25683842;-42,43114276;"SPRF-MG";"DEL12-MG";"UOP01-DEL12-MG"
468332;2022-08-15;"segunda-feira";"17:30:00";"GO";364;213;"JATAI";"Reação tardia ou ineficiente do condutor";"Colisão traseira";"Com Vítimas Feridas";"Pleno dia";"Decrescente";"Céu Claro";"Simples";"Reta";"Não";3;0;1;0;1;2;1;4;-17,884045;-51,866974;"SPRF-GO";"DEL05-GO";"UOP01-DEL05-GO"
468341;2022-08-15;"segunda-feira";"18:45:00";"SC";101;119;"ITAJAI";"Ingestão de álcool pelo condutor";"Colisão traseira";"Sem Vítimas";"Plena Noite";"Crescente";"Nublado";"Dupla";"Reta";"Não";5;0;0;0;4;1;0;5;-26,9043179;-48,71555481;"SPRF-SC";"DEL04-SC";"UOP04-DEL04-SC"
468344;2022-08-15;"segunda-feira";"16:50:00";"MS";60;65;"PARAISO DAS AGUAS";"Frear bruscamente";"Colisão frontal";"Com Vítimas Feridas";"Anoitecer";"Crescente";"Céu Claro";"Simples";"Declive";"Não";4;0;0;1;2;2;1;5;-19,0533989;-53,01508438;"SPRF-MS";"DEL06-MS";"UOP02-DEL06-MS"
468346;2022-08-15;"segunda-feira";"16:50:00";"MS";60;214,2;"CAMAPUA";"Frear bruscamente";"Colisão traseira";"Com Vítimas Fatais";"Pleno dia";"Decrescente";"Céu Claro";"Simples";"Reta";"Não";3;1;0;0;2;0;0;2;-19,65290627;-54,09985688;"SPRF-MS";"DEL06-MS";"UOP02-DEL06-MS"
468347;2022-08-12;"sexta-feira";"06:30:00";"BA";110;13;"PAULO AFONSO";"Reação tardia ou ineficiente do condutor";"Saída de leito carroçável";"Sem Vítimas";"Amanhecer";"Decrescente";"Nublado";"Simples";"Reta";"Não";2;0;0;0;1;1;0;2;-9,56792795;-38,22294244;"SPRF-BA";"DEL07-BA";"UOP01-DEL07-BA"
468349;2022-08-15;"segunda-feira";"19:00:00";"RS";392;351;"SANTA MARIA";"Ingestão de álcool pelo condutor";"Colisão transversal";"Sem Vítimas";"Plena Noite";"Crescente";"Garoa/Chuvisco";"Dupla";"Reta";"Sim";3;0;0;0;2;2;0;4;-29,72722855;-53,80437255;"SPRF-RS";"DEL09-RS";"UOP01-DEL09-RS"
468354;2022-08-15;"segunda-feira";"16:40:00";"MG";116;220,2;"CATUJI";"Demais Fenômenos da natureza";"Incêndio";"Sem Vítimas";"Anoitecer";"Decrescente";"Nublado";"Simples";"Curva";"Não";2;0;0;0;1;1;0;2;-17,40682777;-41,51524967;"SPRF-MG";"DEL11-MG";"UOP01-DEL11-MG"
468355;2022-08-15;"segunda-feira";"19:45:00";"MG";381;494;"BETIM";"Trafegar com motocicleta (ou similar) entre as faixas";"Colisão lateral mesmo sentido";"Com Vítimas Feridas";"Plena Noite";"Decrescente";"Céu Claro";"Dupla";"Reta";"Não";4;0;1;0;1;2;1;4;-19,96552379;-44,17619705;"SPRF-MG";"DEL01-MG";"UOP03-DEL01-MG"
468365;2022-08-15;"segunda-feira";"08:00:00";"AL";101;51,9;"FLEXEIRAS";"Reação tardia ou ineficiente do condutor";"Saída de leito carroçável";"Com Vítimas Feridas";"Pleno dia";"Decrescente";"Sol";"Dupla";"Curva";"Não";2;0;1;0;0;1;1;2;-9,24783672;-35,75706482;"SPRF-AL";"DEL01-AL";"UOP02-DEL01-AL"
468370;2022-08-15;"segunda-feira";"22:10:00";"PR";116;14;"COLOMBO";"Ingestão de álcool e/ou substâncias psicoativas pelo pedestre";"Atropelamento de Pedestre";"Com Vítimas Feridas";"Plena Noite";"Crescente";"Nublado";"Dupla";"Reta";"Sim";2;0;1;0;1;0;1;2;-25,3818;-49,1643;"SPRF-PR";"DEL01-PR";"UOP02-DEL01-PR"
468371;2022-08-15;"segunda-feira";"19:10:00";"RS";448;12;"CANOAS";"Demais Fenômenos da natureza";"Tombamento";"Com Vítimas Feridas";"Plena Noite";"Crescente";"Granizo";"Dupla";"Reta";"Sim";3;0;2;0;0;1;2;2;-29,914507;-51,236031;"SPRF-RS";"DEL01-RS";"UOP01-DEL01-RS"
468372;2022-08-15;"segunda-feira";"16:00:00";"PR";153;508;"GENERAL CARNEIRO";"Ausência de reação do condutor";"Tombamento";"Com Vítimas Feridas";"Pleno dia";"Decrescente";"Nublado";"Simples";"Aclive";"Não";2;0;0;1;0;1;1;2;-26,53878004;-51,41120911;"SPRF-PR";"DEL02-PR";"UOP03-DEL02-PR"
468380;2022-08-16;"terça-feira";"03:25:00";"GO";50;247;"CATALAO";"Condutor Dormindo";"Tombamento";"Com Vítimas Feridas";"Plena Noite";"Crescente";"Céu Claro";"Dupla";"Declive;Curva";"Não";3;0;2;0;0;1;2;2;-17,948928;-47,786894;"SPRF-GO";"DEL06-GO";"UOP01-DEL06-GO"
468381;2022-08-16;"terça-feira";"05:15:00";"SC";282;607;"MARAVILHA";"Transitar na contramão";"Colisão frontal";"Com Vítimas Fatais";"Plena Noite";"Crescente";"Céu Claro";"Simples";"Reta";"Não";3;1;0;0;1;1;0;3;-26,772648;-53,2062;"SPRF-SC";"DEL07-SC";"UOP02-DEL07-SC"
468383;2022-08-16;"terça-feira";"04:20:00";"SC";101;385;"ICARA";"Reação tardia ou ineficiente do condutor";"Colisão traseira";"Com Vítimas Feridas";"Plena Noite";"Decrescente";"Nublado";"Dupla";"Reta";"Não";3;0;0;1;1;1;1;3;-28,77262259;-49,3112922;"SPRF-SC";"DEL02-SC";"UOP02-DEL02-SC"
468386;2022-08-16;"terça-feira";"05:15:00";"TO";153;610;"CRIXAS DO TOCANTINS";"Demais falhas mecânicas ou elétricas";"Incêndio";"Sem Vítimas";"Amanhecer";"Decrescente";"Ignorado";"Simples";"Reta";"Não";2;0;0;0;1;2;0;3;-11,15813805;-48,92606253;"SPRF-TO";"DEL01-TO";"UOP02-DEL01-TO"
468388;2022-08-16;"terça-feira";"05:20:00";"MT";163;540;"DIAMANTINO";"Manobra de mudança de faixa";"Colisão lateral sentido oposto";"Com Vítimas Feridas";"Amanhecer";"Decrescente";"Céu Claro";"Simples";"Reta";"Não";5;0;2;2;0;1;4;3;-14,38413105;-56,12218806;"SPRF-MT";"DEL01-MT";"UOP01-DEL01-MT"
468391;2022-08-16;"terça-feira";"03:20:00";"MA";230;478;"RIACHAO";"Transitar na contramão";"Colisão frontal";"Com Vítimas Fatais";"Plena Noite";"Decrescente";"Céu Claro";"Simples";"Reta";"Não";2;1;0;0;1;0;0;2;-7,40288422;-46,64804978;"SPRF-MA";"DEL05-MA";"UOP01-DEL05-MA"
468392;2022-08-15;"segunda-feira";"22:30:00";"PR";153;135;"VENTANIA";"Demais falhas mecânicas ou elétricas";"Incêndio";"Sem Vítimas";"Plena Noite";"Decrescente";"Céu Claro";"Simples";"Reta";"Não";2;0;0;0;1;1;0;2;-24,042482;-50,250282;"SPRF-PR";"DEL07-PR";"UOP04-DEL07-PR"
468394;2022-08-16;"terça-feira";"05:50:00";"GO";50;262,4;"CATALAO";"Reação tardia ou ineficiente do condutor";"Colisão traseira";"Com Vítimas Feridas";"Amanhecer";"Crescente";"Céu Claro";"Dupla";"Curva;Aclive";"Não";2;0;2;0;0;0;2;2;-18,041878;-47,858403;"SPRF-GO";"DEL06-GO";"UOP01-DEL06-GO"
468395;2022-08-15;"segunda-feira";"22:30:00";"MT";163;106,8;"RONDONOPOLIS";"Velocidade Incompatível";"Colisão traseira";"Com Vítimas Feridas";"Plena Noite";"Decrescente";"Céu Claro";"Dupla";"Reta";"Não";3;0;0;1;1;3;1;5;-16,60444539;-54,69800949;"SPRF-MT";"DEL02-MT";"UOP01-DEL02-MT"
468401;2022-08-16;"terça-feira";"04:10:00";"SP";116;428;"REGISTRO";"Ausência de reação do condutor";"Colisão com objeto";"Sem Vítimas";"Plena Noite";"Crescente";"Céu Claro";"Dupla";"Reta";"Não";2;0;0;0;1;2;0;3;-24,39812738;-47,73037075;"SPRF-SP";"DEL05-SP";"UOP01-DEL05-SP"
468404;2022-08-16;"terça-feira";"07:30:00";"CE";116;9,3;"FORTALEZA";"Ausência de reação do condutor";"Colisão traseira";"Com Vítimas Feridas";"Pleno dia";"Decrescente";"Céu Claro";"Dupla";"Reta";"Sim";4;0;1;1;2;0;2;2;-3,82779096;-38,50486117;"SPRF-CE";"DEL01-CE";"UOP02-DEL01-CE"
468415;2022-08-16;"terça-feira";"07:45:00";"PB";101;83,5;"BAYEUX";"Ausência de reação do condutor";"Engavetamento";"Com Vítimas Feridas";"Pleno dia";"Decrescente";"Céu Claro";"Dupla";"Reta";"Não";5;0;2;0;3;0;2;4;-7,1337703;-34,92963914;"SPRF-PB";"DEL01-PB";"UOP01-DEL01-PB"
468419;2022-08-16;"terça-feira";"07:00:00";"ES";101;147,2;"LINHARES";"Acessar a via sem observar a presença dos outros veículos";"Colisão lateral mesmo sentido";"Com Vítimas Feridas";"Pleno dia";"Decrescente";"Céu Claro";"Múltipla";"Interseção de Vias";"Sim";2;0;1;0;1;0;1;2;-19,37887202;-40,06657892;"SPRF-ES";"DEL04-ES";"UOP01-DEL04-ES"
468420;2022-08-16;"terça-feira";"07:50:00";"SC";470;136,2;"RIO DO SUL";"Trafegar com motocicleta (ou similar) entre as faixas";"Colisão lateral mesmo sentido";"Com Vítimas Feridas";"Pleno dia";"Crescente";"Garoa/Chuvisco";"Simples";"Reta";"Sim";2;0;1;0;1;0;1;2;-27,194323;-49,624554;"SPRF-SC";"DEL04-SC";"UOP02-DEL04-SC"
468422;2022-08-16;"terça-feira";"08:30:00";"PR";369;143,4;"LONDRINA";"Estacionar ou parar em local proibido";"Colisão traseira";"Com Vítimas Feridas";"Pleno dia";"Crescente";"Céu Claro";"Dupla";"Reta";"Não";2;0;1;0;0;1;1;2;-23,2928;-51,09677;"SPRF-PR";"DEL07-PR";"UOP01-DEL07-PR"