"id";"data_inversa";"dia_semana";"horario";"uf";"br";"km";"municipio";"causa_acidente";"tipo_acidente";"classificacao_acidente";"fase_dia";"sentido_via";"condicao_metereologica";"tipo_pista";"tracado_via";"uso_solo";"pessoas";"mortos";"feridos_leves";"feridos_graves";"ilesos";"ignorados";"feridos";"veiculos";"latitude";"longitude";"regional";"delegacia";"uop"
468427;2022-08-16;"terça-feira";"07:55:00";"MG";262;785;"UBERABA";"Condutor Dormindo";"Colisão traseira";"Sem Vítimas";"Pleno dia";"Crescente";"Céu Claro";"Simples";"Reta";"Não";3;0;0;0;2;2;0;4;-19,76287615;-47,80414094;"SPRF-MG";"DEL13-MG";"UOP01-DEL13-MG"
468428;2022-08-16;"terça-feira";"07:30:00";"SC";101;111,4;"NAVEGANTES";"Reação tardia ou ineficiente do condutor";"Tombamento";"Com Vítimas Feridas";"Pleno dia";"Decrescente";"Céu Claro";"Múltipla";"Interseção de Vias;Viaduto";"Sim";2;0;1;0;0;1;1;2;-26,83955734;-48,71418074;"SPRF-SC";"DEL04-SC";"UOP04-DEL04-SC"
468432;2022-08-16;"terça-feira";"08:00:00";"SC";280;32,5;"ARAQUARI";"Reação tardia ou ineficiente do condutor";"Colisão lateral mesmo sentido";"Com Vítimas Feridas";"Pleno dia";"Decrescente";"Garoa/Chuvisco";"Simples";"Reta";"Sim";3;0;1;0;1;2;1;4;-26,42373409;-48,78394246;"SPRF-SC";"DEL03-SC";"UOP03-DEL03-SC"
468433;2022-08-16;"terça-feira";"04:10:00";"RS";290;131;"ELDORADO DO SUL";"Velocidade Incompatível";"Tombamento";"Com Vítimas Feridas";"Plena Noite";"Crescente";"Céu Claro";"Simples";"Em Obras";"Não";2;0;1;0;0;1;1;2;-30,060116;-51,520683;"SPRF-RS";"DEL02-RS";"UOP01-DEL02-RS"
468446;2022-08-16;"terça-feira";"08:20:00";"RN";110;93,6;"UPANEMA";"Condutor deixou de manter distância do veículo da frente";"Colisão traseira";"Com Vítimas Feridas";"Pleno dia";"Decrescente";"Sol";"Simples";"Curva";"Não";2;0;1;0;1;0;1;2;-5,59699493;-37,29573997;"SPRF-RN";"DEL04-RN";"UOP01-DEL04-RN"
468448;2022-08-16;"terça-feira";"09:30:00";"AL";316;216,4;"ATALAIA";"Reação tardia ou ineficiente do condutor";"Saída de leito carroçável";"Com Vítimas Feridas";"Pleno dia";"Decrescente";"Nublado";"Simples";"Curva";"Não";1;0;0;1;0;0;1;1;-9,50359801;-36,21487807;"SPRF-AL";"DEL01-AL";"UOP01-DEL01-AL"
468450;2022-08-16;"terça-feira";"11:40:00";"MG";251;397,9;"GRAO MOGOL";"Ultrapassagem Indevida";"Colisão frontal";"Com Vítimas Fatais";"Pleno dia";"Crescente";"Céu Claro";"Simples";"Curva";"Não";4;2;0;0;1;1;0;3;-16,21759237;-42,88603978;"SPRF-MG";"DEL12-MG";"UOP01-DEL12-MG"
468451;2022-08-16;"terça-feira";"10:20:00";"TO";242;453,8;"FORMOSO DO ARAGUAIA";"Acessar a via sem observar a presença dos outros veículos";"Colisão frontal";"Com Vítimas Feridas";"Pleno dia";"Crescente";"Céu Claro";"Simples";"Reta";"Sim";2;0;1;0;1;0;1;2;-11,8117766;-49,5289078;"SPRF-TO";"DEL01-TO";"UOP02-DEL01-TO"
468455;2022-05-30;"segunda-feira";"22:20:00";"SC";101;213,7;"PALHOCA";"Manobra de mudança de faixa";"Colisão lateral mesmo sentido";"Com Vítimas Feridas";"Plena Noite";"Crescente";"Garoa/Chuvisco";"Múltipla";"Reta";"Sim";3;0;1;0;2;0;1;3;-27,63697369;-48,66514142;"SPRF-SC";"DEL01-SC";"UOP02-DEL01-SC"
468456;2022-07-25;"segunda-feira";"06:00:00";"PB";116;9;"CACHOEIRA DOS INDIOS";"Velocidade Incompatível";"Saída de leito carroçável";"Com Vítimas Feridas";"Amanhecer";"Crescente";"Nublado";"Simples";"Declive;Curva";"Não";1;0;0;1;0;0;1;1;-6,970903;-38,734009;"SPRF-CE";"DEL05-CE";"UOP03-DEL05-CE"
468471;2022-06-29;"quarta-feira";"11:30:00";"PR";277;338,2;"GUARAPUAVA";"Reação tardia ou ineficiente do condutor";"Atropelamento de Pedestre";"Com Vítimas Feridas";"Pleno dia";"Crescente";"Céu Claro";"Dupla";"Reta;Aclive";"Não";2;0;1;0;0;1;1;2;-25,33985567;-51,43001139;"SPRF-PR";"DEL08-PR";"UOP01-DEL08-PR"
468473;2022-08-16;"terça-feira";"14:20:00";"RJ";101;41;"CAMPOS DOS GOYTACAZES";"Frear bruscamente";"Colisão frontal";"Com Vítimas Feridas";"Pleno dia";"Crescente";"Sol";"Simples";"Curva";"Não";5;0;1;0;3;1;1;3;-21,56111173;-41,32515907;"SPRF-RJ";"DEL08-RJ";"UOP01-DEL08-RJ"
468476;2022-08-16;"terça-feira";"05:20:00";"MA";222;497,1;"SANTA LUZIA";"Transitar na contramão";"Colisão frontal";"Com Vítimas Fatais";"Amanhecer";"Decrescente";"Céu Claro";"Simples";"Reta";"Não";8;5;1;1;0;1;2;4;-4,2914714;-46,22364172;"SPRF-MA";"DEL02-MA";"UOP01-DEL02-MA"
468480;2022-08-16;"terça-feira";"15:05:00";"BA";116;6;"VITORIA DA CONQUISTA";"Conversão proibida";"Colisão lateral mesmo sentido";"Sem Vítimas";"Pleno dia";"Decrescente";"Céu Claro";"Simples";"Reta";"Sim";3;0;0;0;3;0;0;2;-14,832684;-40,887067;"SPRF-BA";"DEL08-BA";"UOP01-DEL08-BA"
468484;2022-08-16;"terça-feira";"15:50:00";"PR";116;110;"SAO JOSE DOS PINHAIS";"Velocidade Incompatível";"Saída de leito carroçável";"Com Vítimas Feridas";"Pleno dia";"Crescente";"Chuva";"Dupla";"Reta";"Sim";3;0;0;1;1;1;1;3;-25,57012941;-49,21736805;"SPRF-PR";"DEL01-PR";"UOP06-DEL01-PR"
468486;2022-08-16;"terça-feira";"15:10:00";"AL";416;18,2;"COLONIA LEOPOLDINA";"Reação tardia ou ineficiente do condutor";"Colisão traseira";"Com Vítimas Fatais";"Pleno dia";"Crescente";"Nublado";"Simples";"Reta";"Não";2;1;0;0;1;0;0;2;-8,91337461;-35,71896405;"SPRF-AL";"DEL01-AL";"UOP02-DEL01-AL"
468488;2022-08-16;"terça-feira";"15:30:00";"GO";20;196;"POSSE";"Ausência de reação do condutor";"Tombamento";"Sem Vítimas";"Pleno dia";"Crescente";"Céu Claro";"Simples";"Curva";"Não";2;0;0;0;1;1;0;2;-14,347785;-46,439873;"SPRF-DF";"DEL02-DF";"UOP03-DEL02-DF"
468491;2022-08-16;"terça-feira";"15:00:00";"SC";101;111,6;"ITAJAI";"Velocidade Incompatível";"Colisão traseira";"Com Vítimas Feridas";"Pleno dia";"Crescente";"Chuva";"Múltipla";"Aclive";"Sim";2;0;1;0;1;0;1;2;-26,84429005;-48,71955872;"SPRF-SC";"DEL04-SC";"UOP04-DEL04-SC"
468494;2022-08-16;"terça-feira";"13:20:00";"PR";476;253;"ANTONIO OLINTO";"Velocidade Incompatível";"Colisão frontal";"Com Vítimas Feridas";"Pleno dia";"Crescente";"Chuva";"Simples";"Curva";"Não";3;0;0;1;1;2;1;4;-25,885603;-50,182251;"SPRF-PR";"DEL02-PR";"UOP04-DEL02-PR"
468496;2022-08-16;"terça-feira";"13:30:00";"PR";116;121;"CURITIBA";"Reação tardia ou ineficiente do condutor";"Colisão com objeto";"Com Vítimas Feridas";"Pleno dia";"Decrescente";"Chuva";"Dupla";"Declive;Reta";"Sim";1;0;1;0;0;0;1;1;-25,58856586;-49,3148393;"SPRF-PR";"DEL01-PR";"UOP03-DEL01-PR"
468497;2022-08-16;"terça-feira";"17:35:00";"RJ";101;55;"CAMPOS DOS GOYTACAZES";"Acessar a via sem observar a presença dos outros veículos";"Colisão lateral mesmo sentido";"Com Vítimas Feridas";"Anoitecer";"Crescente";"Céu Claro";"Simples";"Reta";"Sim";2;0;1;0;1;0;1;2;-21,68430874;-41,31103992;"SPRF-RJ";"DEL08-RJ";"UOP01-DEL08-RJ"
468501;2022-08-16;"terça-feira";"16:30:00";"SP";116;553;"BARRA DO TURVO";"Reação tardia ou ineficiente do condutor";"Tombamento";"Com Vítimas Feridas";"Anoitecer";"Decrescente";"Chuva";"Simples";"Curva";"Não";2;0;1;0;0;1;1;2;-24,96694422;-48,48854689;"SPRF-SP";"DEL05-SP";"UOP02-DEL05-SP"
468504;2022-08-16;"terça-feira";"13:50:00";"MG";381;206;"NAQUE";"Manobra de mudança de faixa";"Colisão lateral mesmo sentido";"Com Vítimas Feridas";"Pleno dia";"Decrescente";"Céu Claro";"Simples";"Reta";"Não";2;0;0;1;1;0;1;2;-19,20778612;-42,30060393;"SPRF-MG";"DEL06-MG";"UOP01-DEL06-MG"
468510;2022-08-16;"terça-feira";"10:30:00";"MT";163;1110;"GUARANTA DO NORTE";"Curva acentuada";"Tombamento";"Com Vítimas Feridas";"Pleno dia";"Crescente";"Céu Claro";"Simples";"Curva";"Não";2;0;1;0;0;2;1;3;-9,60086431;-54,89122175;"SPRF-MT";"DEL06-MT";"NPF/DEL06-MT"
468514;2022-08-16;"terça-feira";"18:30:00";"PR";376;48,3;"NOVA LONDRINA";"Ultrapassagem Indevida";"Colisão lateral sentido oposto";"Com Vítimas Fatais";"Plena Noite";"Crescente";"Chuva";"Simples";"Reta";"Não";7;1;2;0;4;0;2;4;-22,88689174;-52,9325369;"SPRF-PR";"DEL09-PR";"UOP02-DEL09-PR"
468519;2022-08-16;"terça-feira";"18:30:00";"RS";386;51;"SEBERI";"Acessar a via sem observar a presença dos outros veículos";"Colisão transversal";"Com Vítimas Feridas";"Anoitecer";"Decrescente";"Nevoeiro/Neblina";"Simples";"Interseção de Vias";"Sim";2;0;1;0;1;0;1;2;-27,500874;-53,388092;"SPRF-RS";"DEL08-RS";"UOP02-DEL08-RS"
468526;2022-08-16;"terça-feira";"17:45:00";"SC";163;68,6;"SAO MIGUEL DO OESTE";"Condutor deixou de manter distância do veículo da frente";"Colisão traseira";"Com Vítimas Feridas";"Pleno dia";"Crescente";"Nublado";"Dupla";"Reta;Interseção de Vias;Declive";"Sim";4;0;1;0;2;1;1;4;-26,74467144;-53,50088244;"SPRF-SC";"DEL07-SC";"UOP03-DEL07-SC"
468527;2022-08-16;"terça-feira";"18:52:00";"PR";476;111;"COLOMBO";"Velocidade Incompatível";"Colisão frontal";"Com Vítimas Fatais";"Plena Noite";"Crescente";"Céu Claro";"Simples";"Curva;Aclive";"Não";5;1;1;0;2;2;1;5;-25,315056;-49,153545;"SPRF-PR";"DEL01-PR";"UOP01-DEL01-PR"
468530;2022-08-16;"terça-feira";"20:00:00";"SP";116;218;"GUARULHOS";"Demais falhas mecânicas ou elétricas";"Incêndio";"Sem Vítimas";"Plena Noite";"Decrescente";"Céu Claro";"Múltipla";"Reta";"Sim";1;0;0;0;1;0;0;1;-23,457972;-46,479927;"SPRF-SP";"DEL01-SP";"UOP01-DEL01-SP"
468537;2022-08-16;"terça-feira";"17:30:00";"BA";101;378;"GANDU";"Transitar na contramão";"Colisão lateral sentido oposto";"Com Vítimas Feridas";"Anoitecer";"Crescente";"Céu Claro";"Simples";"Reta";"Não";5;0;0;1;3;1;1;3;-13,850966;-39,496434;"SPRF-BA";"DEL05-BA";"UOP03-DEL05-BA"
468540;2022-08-16;"terça-feira";"19:10:00";"MG";381;828,7;"SAO SEBASTIAO DA BELA VISTA";"Manobra de mudança de faixa";"Colisão lateral mesmo sentido";"Com Vítimas Feridas";"Plena Noite";"Decrescente";"Céu Claro";"Dupla";"Reta";"Não";3;0;1;0;1;2;1;4;-22,12802668;-45,80183626;"SPRF-MG";"DEL16-MG";"UOP01-DEL16-MG"
468549;2022-08-16;"terça-feira";"12:00:00";"AL";101;148;"JEQUIA DA PRAIA";"Reação tardia ou ineficiente do condutor";"Tombamento";"Com Vítimas Feridas";"Pleno dia";"Crescente";"Céu Claro";"Dupla";"Curva";"Não";1;0;1;0;0;0;1;1;-9,88938896;-36,13497986;"SPRF-AL";"DEL02-AL";"UOP01-DEL02-AL"
468560;2022-08-16;"terça-feira";"20:30:00";"MG";365;427,8;"PATOS DE MINAS";"Pista em desnível";"Colisão com objeto";"Com Vítimas Feridas";"Plena Noite";"Crescente";"Céu Claro";"Simples";"Reta;Ponte";"Não";1;0;1;0;0;0;1;1;-18,74966665;-46,6410042;"SPRF-MG";"DEL10-MG";"UOP01-DEL10-MG"
468564;2022-08-16;"terça-feira";"23:45:00";"MG";381;504;"BETIM";"Condutor Dormindo";"Colisão traseira";"Com Vítimas Feridas";"Plena Noite";"Decrescente";"Céu Claro";"Dupla";"Reta;Aclive";"Sim";2;0;0;1;1;0;1;2;-20,04164508;-44,26386697;"SPRF-MG";"DEL01-MG";"UOP03-DEL01-MG"
468566;2022-08-16;"terça-feira";"21:40:00";"MS";267;163;"NOVA ANDRADINA";"Ausência de reação do condutor";"Colisão traseira";"Com Vítimas Feridas";"Plena Noite";"Crescente";"Chuva";"Simples";"Reta";"Não";4;0;2;0;1;2;2;5;-21,62994961;-53,59668696;"SPRF-MS";"DEL02-MS";"UOP03-DEL02-MS"
468567;2022-08-16;"terça-feira";"23:15:00";"SC";101;248,4;"PAULO LOPES";"Problema com o freio";"Incêndio";"Sem Vítimas";"Plena Noite";"Decrescente";"Garoa/Chuvisco";"Dupla";"Reta";"Não";1;0;0;0;1;0;0;1;-27,92619305;-48,65828191;"SPRF-SC";"DEL02-SC";"UOP03-DEL02-SC"
468571;2022-08-17;"quarta-feira";"01:00:00";"RO";364;33;"VILHENA";"Reação tardia ou ineficiente do condutor";"Colisão lateral sentido oposto";"Com Vítimas Feridas";"Plena Noite";"Crescente";"Ignorado";"Simples";"Curva";"Não";3;0;1;0;1;2;1;4;-12,68196465;-60,28911173;"SPRF-RO";"DEL04-RO";"UOP01-DEL04-RO"
468573;2022-08-17;"quarta-feira";"04:25:00";"PR";116;42,3;"CAMPINA GRANDE DO SUL";"Reação tardia ou ineficiente do condutor";"Saída de leito carroçável";"Sem Vítimas";"Plena Noite";"Crescente";"Chuva";"Dupla";"Curva";"Não";2;0;0;0;1;1;0;2;-25,17611697;-48,874256;"SPRF-PR";"DEL01-PR";"UOP02-DEL01-PR"
468574;2022-08-17;"quarta-feira";"05:05:00";"MG";50;80;"UBERLANDIA";"Reação tardia ou ineficiente do condutor";"Colisão traseira";"Com Vítimas Feridas";"Amanhecer";"Crescente";"Céu Claro";"Dupla";"Aclive";"Sim";3;0;1;0;1;2;1;4;-18,986906;-48,211853;"SPRF-MG";"DEL15-MG";"UOP01-DEL15-MG"
468579;2022-08-17;"quarta-feira";"05:45:00";"SC";101;72,9;"ARAQUARI";"Condutor deixou de manter distância do veículo da frente";"Colisão traseira";"Com Vítimas Feridas";"Amanhecer";"Crescente";"Nublado";"Dupla";"Reta";"Não";4;0;1;0;2;1;1;4;-26,53251033;-48,71424459;"SPRF-SC";"DEL03-SC";"UOP02-DEL03-SC"
468581;2022-08-16;"terça-feira";"20:20:00";"MG";381;705,4;"LAVRAS";"Velocidade Incompatível";"Tombamento";"Com Vítimas Feridas";"Plena Noite";"Decrescente";"Céu Claro";"Dupla";"Curva";"Não";2;0;1;0;0;1;1;2;-21,34965018;-45,17946289;"SPRF-MG";"DEL04-MG";"UOP02-DEL04-MG"
468585;2022-08-17;"quarta-feira";"07:22:00";"SP";116;157;"SAO JOSE DOS CAMPOS";"Ausência de reação do condutor";"Colisão lateral mesmo sentido";"Com Vítimas Feridas";"Pleno dia";"Decrescente";"Céu Claro";"Múltipla";"Reta";"Não";3;0;1;0;1;1;1;3;-23,25558031;-45,9437828;"SPRF-SP";"DEL02-SP";"UOP01-DEL02-SP"
468601;2022-08-17;"quarta-feira";"08:00:00";"CE";222;49,1;"SAO GONCALO DO AMARANTE";"Demais falhas mecânicas ou elétricas";"Colisão com objeto";"Com Vítimas Feridas";"Pleno dia";"Crescente";"Sol";"Simples";"Ponte;Reta";"Não";1;0;0;1;0;0;1;1;-3,66721366;-38,98364299;"SPRF-CE";"DEL01-CE";"UOP03-DEL01-CE"
468609;2022-07-16;"sábado";"16:15:00";"PR";376;598;"CURITIBA";"Condutor deixou de manter distância do veículo da frente";"Colisão traseira";"Com Vítimas Feridas";"Pleno dia";"Decrescente";"Sol";"Dupla";"Reta";"Sim";4;0;1;0;2;1;1;2;-25,5188802;-49,33506947;"SPRF-PR";"DEL01-PR";"UOP06-DEL01-PR"
468614;2022-07-20;"quarta-feira";"16:40:00";"PR";277;38;"MORRETES";"Problema com o freio";"Colisão com objeto";"Com Vítimas Feridas";"Pleno dia";"Decrescente";"Céu Claro";"Dupla";"Declive;Curva";"Não";4;0;0;2;1;2;2;4;-25,56584471;-48,81116269;"SPRF-PR";"DEL01-PR";"UOP05-DEL01-PR"
468629;2022-08-17;"quarta-feira";"11:10:00";"MG";40;584;"ITABIRITO";"Manobra de mudança de faixa";"Colisão lateral mesmo sentido";"Com Vítimas Feridas";"Pleno dia";"Crescente";"Céu Claro";"Simples";"Reta";"Não";3;0;1;0;1;1;1;3;-20,32543595;-43,92760693;"SPRF-MG";"DEL01-MG";"UOP02-DEL01-MG"
468631;2022-08-17;"quarta-feira";"12:00:00";"RS";386;387,5;"TABAI";"Ausência de reação do condutor";"Colisão traseira";"Com Vítimas Feridas";"Pleno dia";"Crescente";"Céu Claro";"Dupla";"Reta";"Sim";3;0;0;1;1;1;1;3;-29,691391;-51,706539;"SPRF-RS";"DEL04-RS";"UOP02-DEL04-RS"
468638;2022-08-17;"quarta-feira";"12:30:00";"MS";163;561;"BANDEIRANTES";"Condutor deixou de manter distância do veículo da frente";"Colisão traseira";"Com Vítimas Feridas";"Pleno dia";"Decrescente";"Céu Claro";"Simples";"Aclive;Reta";"Não";3;0;0;1;1;1;1;3;-19,810752;-54,37116992;"SPRF-MS";"DEL01-MS";"UOP02-DEL01-MS"
468640;2022-08-17;"quarta-feira";"11:40:00";"RN";226;68;"SERRA CAIADA";"Reação tardia ou ineficiente do condutor";"Colisão lateral mesmo sentido";"Sem Vítimas";"Pleno dia";"Crescente";"Céu Claro";"Simples";"Reta";"Sim";3;0;0;0;1;2;0;3;-6,10373269;-35,70531524;"SPRF-RN";"DEL01-RN";"UOP02-DEL01-RN"
468649;2022-08-17;"quarta-feira";"14:40:00";"PR";277;569;"CASCAVEL";"Demais Fenômenos da natureza";"Colisão lateral mesmo sentido";"Sem Vítimas";"Pleno dia";"Decrescente";"Nevoeiro/Neblina";"Simples";"Reta";"Não";3;0;0;0;2;2;0;4;-25,02498709;-53,27677113;"SPRF-PR";"DEL04-PR";"UOP01-DEL04-PR"
468653;2022-08-17;"quarta-feira";"13:30:00";"PR";277;569,4;"CASCAVEL";"Neblina";"Colisão lateral sentido oposto";"Com Vítimas Feridas";"Pleno dia";"Crescente";"Nevoeiro/Neblina";"Simples";"Reta";"Não";3;0;0;1;1;2;1;4;-25,01653;-53,284062;"SPRF-PR";"DEL04-PR";"UOP01-DEL04-PR"
468656;2022-08-16;"terça-feira";"04:00:00";"MS";158;93;"PARANAIBA";"Velocidade Incompatível";"Colisão com objeto";"Sem Vítimas";"Plena Noite";"Decrescente";"Céu Claro";"Dupla";"Rotatória";"Sim";2;0;0;0;1;1;0;2;-19,67487732;-51,20365103;"SPRF-MS";"DEL08-MS";"UOP01-DEL08-MS"
468658;2022-08-17;"quarta-feira";"15:10:00";"PR";277;136,1;"BALSA NOVA";"Velocidade Incompatível";"Colisão traseira";"Com Vítimas Feridas";"Pleno dia";"Crescente";"Chuva";"Dupla";"Curva";"Não";5;0;1;0;3;3;1;7;-25,47016878;-49,69228939;"SPRF-PR";"DEL03-PR";"UOP03-DEL03-PR"
468659;2022-08-17;"quarta-feira";"11:30:00";"ES";101;385,3;"RIO NOVO DO SUL";"Reação tardia ou ineficiente do condutor";"Colisão traseira";"Com Vítimas Feridas";"Pleno dia";"Crescente";"Céu Claro";"Simples";"Reta";"Não";5;0;2;0;2;1;2;3;-20,81426791;-40,84094115;"SPRF-ES";"DEL03-ES";"UOP01-DEL03-ES"
468661;2022-08-17;"quarta-feira";"11:00:00";"PE";424;83,7;"GARANHUNS";"Demais falhas mecânicas ou elétricas";"Tombamento";"Com Vítimas Feridas";"Pleno dia";"Decrescente";"Céu Claro";"Simples";"Reta";"Não";2;0;1;0;1;0;1;1;-8,84593423;-36,52457016;"SPRF-PE";"DEL03-PE";"UOP01-DEL03-PE"
468664;2022-08-17;"quarta-feira";"15:30:00";"RJ";40;124;"RIO DE JANEIRO";"Reação tardia ou ineficiente do condutor";"Colisão traseira";"Com Vítimas Feridas";"Pleno dia";"Decrescente";"Céu Claro";"Múltipla";"Reta";"Sim";2;0;1;0;1;0;1;2;-22,807953;-43,289124;"SPRF-RJ";"DEL01-RJ";"UOP01-DEL01-RJ"
468666;2022-08-17;"quarta-feira";"14:50:00";"MT";163;760;"SORRISO";"Transitar na contramão";"Colisão lateral sentido oposto";"Com Vítimas Feridas";"Pleno dia";"Decrescente";"Céu Claro";"Simples";"Reta";"Sim";4;0;0;1;2;3;1;6;-12,496699;-55,686707;"SPRF-MT";"DEL06-MT";"UOP01-DEL06-MT"
468668;2022-08-17;"quarta-feira";"16:30:00";"MG";40;143;"JOAO PINHEIRO";"Ausência de reação do condutor";"Colisão lateral mesmo sentido";"Com Vítimas Feridas";"Anoitecer";"Decrescente";"Céu Claro";"Simples";"Reta";"Sim";4;0;0;1;3;0;1;3;-17,7457975;-46,17842682;"SPRF-MG";"DEL14-MG";"UOP01-DEL14-MG"
468671;2022-08-17;"quarta-feira";"15:15:00";"PR";277;134,8;"BALSA NOVA";"Reação tardia ou ineficiente do condutor";"Engavetamento";"Com Vítimas Fatais";"Pleno dia";"Crescente";"Nevoeiro/Neblina";"Dupla";"Reta";"Não";8;3;0;2;2;3;2;6;-25,47067439;-49,68120394;"SPRF-PR";"DEL03-PR";"UOP03-DEL03-PR"
468672;2022-08-17;"quarta-feira";"16:25:00";"SC";116;12,1;"MAFRA";"Desrespeitar a preferência no cruzamento";"Colisão transversal";"Com Vítimas Feridas";"Pleno dia";"Decrescente";"Chuva";"Simples";"Rotatória";"Não";2;0;1;0;1;0;1;2;-26,17877859;-49,86720998;"SPRF-SC";"DEL06-SC";"UOP01-DEL06-SC"
468674;2022-08-17;"quarta-feira";"16:25:00";"SP";153;321;"RIBEIRAO DO SUL";"Desrespeitar a preferência no cruzamento";"Colisão transversal";"Com Vítimas Feridas";"Pleno dia";"Crescente";"Nublado";"Simples";"Retorno Regulamentado";"Não";3;0;1;0;1;1;1;3;-22,770075;-49,889694;"SPRF-SP";"DEL07-SP";"UOP03-DEL07-SP"
468675;2022-08-17;"quarta-feira";"16:30:00";"SP";116;318;"JUQUITIBA";"Manobra de mudança de faixa";"Colisão lateral mesmo sentido";"Com Vítimas Feridas";"Pleno dia";"Crescente";"Nublado";"Dupla";"Reta";"Não";3;0;1;0;1;1;1;3;-23,92536222;-46,99376156;"SPRF-SP";"DEL04-SP";"UOP01-DEL04-SP"
468677;2022-08-17;"quarta-feira";"15:35:00";"PR";277;134,6;"BALSA NOVA";"Neblina";"Engavetamento";"Sem Vítimas";"Pleno dia";"Crescente";"Nevoeiro/Neblina";"Dupla";"Reta";"Não";4;0;0;0;3;3;0;6;-25,47065514;-49,68084792;"SPRF-PR";"DEL03-PR";"UOP03-DEL03-PR"
468683;2022-08-17;"quarta-feira";"15:10:00";"PR";272;564;"GUAIRA";"Velocidade Incompatível";"Tombamento";"Com Vítimas Feridas";"Pleno dia";"Crescente";"Céu Claro";"Simples";"Rotatória";"Não";2;0;1;0;0;1;1;2;-24,21375699;-54,19958751;"SPRF-PR";"DEL06-PR";"UOP01-DEL06-PR"
468684;2022-08-17;"quarta-feira";"15:10:00";"MG";381;630,5;"OLIVEIRA";"Ausência de reação do condutor";"Colisão traseira";"Com Vítimas Feridas";"Pleno dia";"Crescente";"Céu Claro";"Dupla";"Declive;Curva";"Não";4;0;1;0;2;2;1;4;-20,84702065;-44,83281432;"SPRF-MG";"DEL04-MG";"UOP01-DEL04-MG"
468685;2022-08-17;"quarta-feira";"16:46:00";"PI";316;0,3;"TERESINA";"Transitar na contramão";"Colisão frontal";"Com Vítimas Feridas";"Pleno dia";"Crescente";"Céu Claro";"Simples";"Ponte";"Não";3;0;1;0;0;2;1;3;-5,131168;-42,81564;"SPRF-PI";"DEL01-PI";"UOP02-DEL01-PI"
468688;2022-08-17;"quarta-feira";"07:30:00";"SC";280;40;"ARAQUARI";"Ausência de reação do condutor";"Eventos atípicos";"Sem Vítimas";"Pleno dia";"Decrescente";"Garoa/Chuvisco";"Simples";"Reta";"Não";2;0;0;0;1;1;0;2;-26,44938176;-48,84792002;"SPRF-SC";"DEL03-SC";"UOP03-DEL03-SC"
468689;2022-08-17;"quarta-feira";"17:20:00";"SP";153;57,8;"SAO JOSE DO RIO PRETO";"Problema com o freio";"Engavetamento";"Com Vítimas Feridas";"Pleno dia";"Decrescente";"Nublado";"Dupla";"Reta";"Sim";6;0;2;0;3;1;2;5;-20,76991095;-49,34982212;"SPRF-SP";"DEL09-SP";"UOP01-DEL09-SP"
468691;2022-08-17;"quarta-feira";"16:15:00";"PR";277;693,2;"SAO MIGUEL DO IGUACU";"Reação tardia ou ineficiente do condutor";"Colisão lateral mesmo sentido";"Sem Vítimas";"Pleno dia";"Decrescente";"Chuva";"Dupla";"Reta";"Sim";2;0;0;0;2;0;0;2;-25,373582;-54,271815;"SPRF-PR";"DEL05-PR";"UOP01-DEL05-PR"
468695;2022-08-17;"quarta-feira";"17:10:00";"GO";153;504,1;"APARECIDA DE GOIANIA";"Acumulo de óleo sobre o pavimento";"Tombamento";"Com Vítimas Feridas";"Anoitecer";"Crescente";"Sol";"Múltipla";"Declive;Reta";"Sim";4;0;2;0;1;1;2;4;-16,7451;-49,2408;"SPRF-GO";"DEL01-GO";"UOP01-DEL01-GO"
468697;2022-08-17;"quarta-feira";"17:26:00";"PR";369;467,7;"CORBELIA";"Mal súbito do condutor";"Saída de leito carroçável";"Com Vítimas Feridas";"Pleno dia";"Decrescente";"Garoa/Chuvisco";"Simples";"Aclive;Reta";"Não";2;0;1;0;0;1;1;2;-24,5725;-53,1409;"SPRF-PR";"DEL04-PR";"UOP03-DEL04-PR"
468699;2022-08-17;"quarta-feira";"17:30:00";"TO";230;2;"AGUIARNOPOLIS";"Transitar na contramão";"Colisão frontal";"Com Vítimas Fatais";"Anoitecer";"Decrescente";"Céu Claro";"Simples";"Reta";"Não";3;1;0;0;1;1;0;3;-6,56184592;-47,46741502;"SPRF-TO";"DEL02-TO";"UOP03-DEL02-TO"
468700;2022-08-17;"quarta-feira";"17:40:00";"DF";20;29,9;"BRASILIA";"Ausência de reação do condutor";"Colisão lateral mesmo sentido";"Com Vítimas Feridas";"Anoitecer";"Crescente";"Céu Claro";"Dupla";"Reta";"Não";2;0;1;0;1;0;1;2;-15,598102;-47,612637;"SPRF-DF";"DEL02-DF";"UOP01-DEL02-DF"
468701;2022-08-17;"quarta-feira";"16:51:00";"SC";163;71,2;"SAO MIGUEL DO OESTE";"Acessar a via sem observar a presença dos outros veículos";"Colisão frontal";"Com Vítimas Feridas";"Pleno dia";"Decrescente";"Garoa/Chuvisco";"Dupla";"Reta";"Sim";5;0;2;0;2;1;2;4;-26,71908804;-53,5157791;"SPRF-SC";"DEL07-SC";"UOP03-DEL07-SC"
468704;2022-08-09;"terça-feira";"01:15:00";"BA";324;531,4;"FEIRA DE SANTANA";"Condutor Dormindo";"Colisão traseira";"Com Vítimas Fatais";"Plena Noite";"Decrescente";"Céu Claro";"Dupla";"Aclive;Reta";"Não";4;1;1;1;1;0;2;2;-12,34544759;-38,83869865;"SPRF-BA";"DEL01-BA";"UOP03-DEL01-BA"
468708;2022-08-17;"quarta-feira";"05:30:00";"MA";135;54;"BACABEIRA";"Ausência de reação do condutor";"Colisão traseira";"Sem Vítimas";"Amanhecer";"Decrescente";"Céu Claro";"Dupla";"Reta";"Não";2;0;0;0;1;1;0;2;-2,99822097;-44,3133313;"SPRF-MA";"DEL01-MA";"UOP02-DEL01-MA"