"id";"data_inversa";"dia_semana";"horario";"uf";"br";"km";"municipio";"causa_acidente";"tipo_acidente";"classificacao_acidente";"fase_dia";"sentido_via";"condicao_metereologica";"tipo_pista";"tracado_via";"uso_solo";"pessoas";"mortos";"feridos_leves";"feridos_graves";"ilesos";"ignorados";"feridos";"veiculos";"latitude";"longitude";"regional";"delegacia";"uop"
468710;2022-08-17;"quarta-feira";"18:40:00";"RS";285;320,9;"PASSO FUNDO";"Acumulo de água sobre o pavimento";"Colisão frontal";"Com Vítimas Feridas";"Plena Noite";"Crescente";"Chuva";"Simples";"Curva";"Não";3;0;2;1;0;0;3;2;-28,2676693;-52,6272017;"SPRF-RS";"DEL08-RS";"UOP03-DEL08-RS"
468711;2022-08-17;"quarta-feira";"19:30:00";"GO";153;408,3;"PIRENOPOLIS";"Velocidade Incompatível";"Tombamento";"Com Vítimas Fatais";"Plena Noite";"Decrescente";"Céu Claro";"Simples";"Declive;Curva";"Não";2;2;0;0;0;0;0;1;-16,0820921;-49,04371977;"SPRF-GO";"DEL02-GO";"UOP02-DEL02-GO"
468713;2022-08-17;"quarta-feira";"16:45:00";"RS";386;134,8;"SARANDI";"Acessar a via sem observar a presença dos outros veículos";"Colisão transversal";"Com Vítimas Fatais";"Pleno dia";"Crescente";"Nublado";"Simples";"Aclive;Interseção de Vias;Curva";"Sim";3;1;0;0;1;2;0;4;-27,95325685;-52,91706746;"SPRF-RS";"DEL08-RS";"UOP01-DEL08-RS"
468714;2022-08-17;"quarta-feira";"18:30:00";"ES";101;263,7;"SERRA";"Avarias e/ou desgaste excessivo no pneu";"Incêndio";"Sem Vítimas";"Plena Noite";"Decrescente";"Céu Claro";"Dupla";"Reta";"Sim";2;0;0;0;1;1;0;2;-20,16554736;-40,27301648;"SPRF-ES";"DEL02-ES";"UOP01-DEL02-ES"
468722;2022-08-17;"quarta-feira";"20:50:00";"MG";381;490,8;"BETIM";"Demais falhas mecânicas ou elétricas";"Incêndio";"Sem Vítimas";"Plena Noite";"Decrescente";"Céu Claro";"Dupla";"Reta";"Sim";2;0;0;0;1;3;0;4;-19,96502819;-44,17422195;"SPRF-MG";"DEL01-MG";"UOP03-DEL01-MG"
468724;2022-08-17;"quarta-feira";"20:30:00";"SC";282;617;"IRACEMINHA";"Reação tardia ou ineficiente do condutor";"Saída de leito carroçável";"Com Vítimas Feridas";"Plena Noite";"Crescente";"Chuva";"Simples";"Reta";"Não";2;0;1;0;0;2;1;3;-26,782682;-53,285789;"SPRF-SC";"DEL07-SC";"UOP02-DEL07-SC"
468728;2022-08-17;"quarta-feira";"22:00:00";"ES";101;101,9;"SOORETAMA";"Ausência de reação do condutor";"Colisão com objeto";"Com Vítimas Feridas";"Plena Noite";"Decrescente";"Céu Claro";"Simples";"Declive";"Não";2;0;1;0;0;3;1;4;-18,98833904;-39,99933491;"SPRF-ES";"DEL04-ES";"UOP01-DEL04-ES"
468730;2022-07-12;"terça-feira";"13:30:00";"MG";262;366;"JUATUBA";"Reação tardia ou ineficiente do condutor";"Tombamento";"Sem Vítimas";"Pleno dia";"Crescente";"Céu Claro";"Dupla";"Reta";"Não";2;0;0;0;1;1;0;2;-19,9734033;-44,3166412;"SPRF-MG";"DEL01-MG";"UOP03-DEL01-MG"
468737;2022-08-17;"quarta-feira";"20:36:00";"PE";232;305,5;"SERTANIA";"Reação tardia ou ineficiente do condutor";"Saída de leito carroçável";"Com Vítimas Fatais";"Plena Noite";"Crescente";"Céu Claro";"Simples";"Reta";"Não";2;1;1;0;0;0;1;1;-8,19109556;-37,44132256;"SPRF-PE";"DEL04-PE";"UOP02-DEL04-PE"
468738;2022-08-17;"quarta-feira";"22:30:00";"SC";116;104,6;"MONTE CASTELO";"Chuva";"Saída de leito carroçável";"Com Vítimas Feridas";"Plena Noite";"Decrescente";"Chuva";"Simples";"Reta";"Não";1;0;1;0;0;0;1;1;-26,742656;-50,31436699;"SPRF-SC";"DEL06-SC";"UOP02-DEL06-SC"
468742;2022-08-17;"quarta-feira";"14:50:00";"MT";174;263;"VALE DE SAO DOMINGOS";"Ultrapassagem Indevida";"Colisão lateral mesmo sentido";"Com Vítimas Feridas";"Pleno dia";"Crescente";"Céu Claro";"Simples";"Curva";"Não";6;0;2;0;3;2;2;4;-15,40187552;-59,14211023;"SPRF-MT";"DEL04-MT";"UOP01-DEL04-MT"
468745;2022-08-18;"quinta-feira";"02:30:00";"PR";476;137;"CURITIBA";"Condutor deixou de manter distância do veículo da frente";"Colisão traseira";"Com Vítimas Feridas";"Plena Noite";"Crescente";"Garoa/Chuvisco";"Dupla";"Reta";"Sim";6;0;2;0;4;0;2;2;-25,498302;-49,277546;"SPRF-PR";"DEL01-PR";"UOP03-DEL01-PR"
468746;2022-08-18;"quinta-feira";"01:40:00";"PR";376;513;"PONTA GROSSA";"Ausência de reação do condutor";"Colisão traseira";"Com Vítimas Fatais";"Plena Noite";"Crescente";"Chuva";"Dupla";"Aclive;Reta";"Não";4;1;1;0;1;1;1;3;-25,238;-50,037;"SPRF-PR";"DEL03-PR";"UOP01-DEL03-PR"
468747;2022-08-18;"quinta-feira";"03:45:00";"MS";163;654;"SAO GABRIEL DO OESTE";"Reação tardia ou ineficiente do condutor";"Saída de leito carroçável";"Com Vítimas Feridas";"Plena Noite";"Crescente";"Céu Claro";"Simples";"Curva";"Não";2;0;0;1;0;1;1;2;-19,12589197;-54,7558431;"SPRF-MS";"DEL06-MS";"UOP02-DEL06-MS"
468753;2022-08-18;"quinta-feira";"05:30:00";"RJ";40;117;"DUQUE DE CAXIAS";"Neblina";"Colisão traseira";"Sem Vítimas";"Amanhecer";"Decrescente";"Nevoeiro/Neblina";"Múltipla";"Reta";"Sim";4;0;0;0;3;1;0;3;-22,745676;-43,2881;"SPRF-RJ";"DEL01-RJ";"UOP01-DEL01-RJ"
468758;2022-08-17;"quarta-feira";"12:00:00";"BA";407;70;"JAGUARARI";"Problema com o freio";"Incêndio";"Sem Vítimas";"Pleno dia";"Decrescente";"Céu Claro";"Simples";"Reta";"Não";2;0;0;0;1;2;0;3;-9,97562804;-40,24665115;"SPRF-BA";"DEL04-BA";"UOP01-DEL04-BA"
468769;2022-08-18;"quinta-feira";"06:50:00";"SC";101;138;"BALNEARIO CAMBORIU";"Avarias e/ou desgaste excessivo no pneu";"Colisão com objeto";"Com Vítimas Feridas";"Pleno dia";"Decrescente";"Chuva";"Dupla";"Curva";"Sim";2;0;0;1;1;0;1;2;-27,02397426;-48,60761649;"SPRF-SC";"DEL04-SC";"UOP03-DEL04-SC"
468770;2022-08-18;"quinta-feira";"07:42:00";"ES";101;288,4;"CARIACICA";"Demais falhas mecânicas ou elétricas";"Colisão traseira";"Com Vítimas Feridas";"Pleno dia";"Decrescente";"Nublado";"Dupla";"Reta";"Sim";3;0;1;0;1;2;1;4;-20,27160351;-40,39091743;"SPRF-ES";"DEL01-ES";"UOP01-DEL01-ES"
468772;2022-08-17;"quarta-feira";"18:45:00";"PR";163;30;"SANTO ANTONIO DO SUDOESTE";"Acostamento em desnível";"Saída de leito carroçável";"Sem Vítimas";"Plena Noite";"Crescente";"Chuva";"Simples";"Curva";"Não";2;0;0;0;1;3;0;4;-26,13618179;-53,68172121;"SPRF-PR";"DEL02-PR";"UOP02-DEL02-PR"
468782;2022-08-18;"quinta-feira";"08:00:00";"RS";293;172;"HULHA NEGRA";"Frear bruscamente";"Engavetamento";"Com Vítimas Feridas";"Pleno dia";"Crescente";"Céu Claro";"Simples";"Reta";"Não";4;0;1;0;3;0;1;3;-31,331238;-53,975685;"SPRF-RS";"DEL11-RS";"UOP03-DEL11-RS"
468784;2022-08-18;"quinta-feira";"06:00:00";"BA";349;1024;"CORRENTINA";"Velocidade Incompatível";"Colisão traseira";"Com Vítimas Fatais";"Amanhecer";"Decrescente";"Céu Claro";"Simples";"Reta";"Não";2;1;0;0;1;0;0;2;-13,63587861;-45,63795269;"SPRF-BA";"DEL10-BA";"UOP01-DEL10-BA"
468788;2022-08-18;"quinta-feira";"08:05:00";"PR";369;190,4;"ARAPONGAS";"Ausência de reação do condutor";"Saída de leito carroçável";"Com Vítimas Feridas";"Pleno dia";"Decrescente";"Chuva";"Dupla";"Reta";"Não";2;0;1;0;1;0;1;2;-23,46313;-51,423713;"SPRF-PR";"DEL07-PR";"UOP03-DEL07-PR"
468793;2022-08-18;"quinta-feira";"09:35:00";"ES";101;370,4;"ANCHIETA";"Acessar a via sem observar a presença dos outros veículos";"Colisão transversal";"Com Vítimas Feridas";"Pleno dia";"Decrescente";"Céu Claro";"Simples";"Retorno Regulamentado";"Não";4;0;2;0;1;2;2;4;-20,76871121;-40,75999937;"SPRF-ES";"DEL03-ES";"UOP01-DEL03-ES"
468794;2022-05-28;"sábado";"17:30:00";"CE";116;124,3;"RUSSAS";"Pista Escorregadia";"Colisão frontal";"Com Vítimas Feridas";"Anoitecer";"Crescente";"Chuva";"Simples";"Reta";"Não";3;0;2;0;0;2;2;4;-4,65515598;-38,15286197;"SPRF-CE";"DEL03-CE";"UOP01-DEL03-CE"
468798;2022-08-18;"quinta-feira";"02:15:00";"MG";262;608,6;"CAMPOS ALTOS";"Condutor Dormindo";"Saída de leito carroçável";"Sem Vítimas";"Plena Noite";"Decrescente";"Céu Claro";"Simples";"Reta";"Não";1;0;0;0;1;0;0;1;-19,61802014;-46,27554711;"SPRF-MG";"DEL08-MG";"UOP02-DEL08-MG"
468799;2022-08-18;"quinta-feira";"09:00:00";"RS";386;36,2;"FREDERICO WESTPHALEN";"Acessar a via sem observar a presença dos outros veículos";"Colisão transversal";"Sem Vítimas";"Pleno dia";"Decrescente";"Nublado";"Simples";"Interseção de Vias";"Sim";2;0;0;0;2;0;0;2;-27,37736942;-53,39844704;"SPRF-RS";"DEL08-RS";"UOP02-DEL08-RS"
468801;2022-08-18;"quinta-feira";"05:35:00";"TO";153;750,5;"ALVORADA";"Demais falhas na via";"Tombamento";"Com Vítimas Feridas";"Amanhecer";"Decrescente";"Céu Claro";"Simples";"Reta";"Não";2;0;1;0;0;1;1;2;-12,38391;-49,13674;"SPRF-TO";"DEL01-TO";"UOP02-DEL01-TO"
468815;2022-08-18;"quinta-feira";"12:38:00";"RS";101;49;"TERRA DE AREIA";"Reação tardia ou ineficiente do condutor";"Atropelamento de Pedestre";"Com Vítimas Fatais";"Pleno dia";"Crescente";"Nublado";"Dupla";"Reta";"Sim";2;1;0;0;1;0;0;2;-29,59966133;-50,08022057;"SPRF-RS";"DEL03-RS";"UOP02-DEL03-RS"
468824;2022-08-18;"quinta-feira";"13:20:00";"RN";304;178;"ANGICOS";"Reação tardia ou ineficiente do condutor";"Colisão traseira";"Com Vítimas Feridas";"Pleno dia";"Crescente";"Céu Claro";"Simples";"Reta";"Não";2;0;1;0;1;0;1;2;-5,69083538;-36,33816002;"SPRF-RN";"DEL01-RN";"UOP03-DEL01-RN"
468825;2022-08-18;"quinta-feira";"12:19:00";"PR";376;323;"ORTIGUEIRA";"Velocidade Incompatível";"Saída de leito carroçável";"Com Vítimas Fatais";"Pleno dia";"Decrescente";"Chuva";"Simples";"Curva;Declive";"Não";2;1;0;0;0;2;0;3;-24,07453985;-51,0583234;"SPRF-PR";"DEL07-PR";"UOP02-DEL07-PR"
468828;2022-07-12;"terça-feira";"18:15:00";"PI";316;9;"TERESINA";"Manobra de mudança de faixa";"Colisão traseira";"Com Vítimas Feridas";"Anoitecer";"Crescente";"Céu Claro";"Dupla";"Em Obras";"Sim";5;0;0;1;3;1;1;5;-5,17381686;-42,76624952;"SPRF-PI";"DEL01-PI";"UOP02-DEL01-PI"
468831;2022-08-18;"quinta-feira";"14:00:00";"RJ";101;274;"TANGUA";"Reação tardia ou ineficiente do condutor";"Colisão traseira";"Sem Vítimas";"Pleno dia";"Decrescente";"Sol";"Simples";"Reta";"Sim";2;0;0;0;2;0;0;2;-22,73506292;-42,71948103;"SPRF-RJ";"DEL02-RJ";"UOP03-DEL02-RJ"
468839;2022-08-18;"quinta-feira";"14:20:00";"PA";10;19,5;"DOM ELISEU";"Conversão proibida";"Colisão transversal";"Com Vítimas Feridas";"Pleno dia";"Decrescente";"Céu Claro";"Simples";"Reta";"Sim";4;0;0;2;1;2;2;4;-4,28420096;-47,55821975;"SPRF-PA";"DEL02-PA";"UOP02-DEL02-PA"
468840;2022-08-18;"quinta-feira";"14:30:00";"RS";468;22;"PALMEIRA DAS MISSOES";"Transitar na contramão";"Colisão frontal";"Com Vítimas Fatais";"Pleno dia";"Crescente";"Céu Claro";"Simples";"Reta";"Não";4;2;0;1;0;1;1;3;-27,76694858;-53,45176995;"SPRF-RS";"DEL08-RS";"UOP01-DEL08-RS"
468841;2022-08-18;"quinta-feira";"13:30:00";"PB";405;21;"SAO JOAO DO RIO DO PEIXE";"Reação tardia ou ineficiente do condutor";"Colisão com objeto";"Com Vítimas Fatais";"Pleno dia";"Decrescente";"Céu Claro";"Simples";"Reta";"Não";2;1;0;0;0;1;0;2;-6,626873;-38,420803;"SPRF-PB";"DEL03-PB";"UOP03-DEL03-PB"
468846;2022-08-18;"quinta-feira";"11:50:00";"SC";470;168;"POUSO REDONDO";"Condutor deixou de manter distância do veículo da frente";"Colisão traseira";"Com Vítimas Feridas";"Pleno dia";"Decrescente";"Nublado";"Simples";"Interseção de Vias";"Não";5;0;2;0;3;0;2;3;-27,266994;-49,872524;"SPRF-SC";"DEL04-SC";"UOP02-DEL04-SC"
468848;2022-08-18;"quinta-feira";"13:37:00";"BA";101;747,7;"ITABELA";"Manobra de mudança de faixa";"Colisão lateral mesmo sentido";"Sem Vítimas";"Pleno dia";"Decrescente";"Nublado";"Múltipla";"Curva;Aclive";"Não";4;0;0;0;1;3;0;4;-16,744017;-39,454727;"SPRF-BA";"DEL09-BA";"UOP01-DEL09-BA"
468853;2022-08-18;"quinta-feira";"09:30:00";"SC";116;239;"LAGES";"Velocidade Incompatível";"Tombamento";"Com Vítimas Feridas";"Pleno dia";"Crescente";"Chuva";"Simples";"Rotatória";"Não";2;0;1;0;0;1;1;2;-27,74920303;-50,33493086;"SPRF-SC";"DEL05-SC";"UOP01-DEL05-SC"
468862;2022-08-18;"quinta-feira";"14:15:00";"RS";116;144;"CAXIAS DO SUL";"Manobra de mudança de faixa";"Colisão traseira";"Com Vítimas Feridas";"Pleno dia";"Decrescente";"Nublado";"Dupla";"Reta";"Sim";2;0;1;0;0;1;1;2;-29,1267449;-51,12768983;"SPRF-RS";"DEL05-RS";"UOP01-DEL05-RS"
468868;2022-08-18;"quinta-feira";"17:58:00";"SP";116;208;"GUARULHOS";"Trafegar com motocicleta (ou similar) entre as faixas";"Colisão traseira";"Com Vítimas Feridas";"Anoitecer";"Decrescente";"Céu Claro";"Múltipla";"Reta";"Sim";3;0;0;1;1;1;1;3;-23,42222263;-46,3932771;"SPRF-SP";"DEL01-SP";"UOP01-DEL01-SP"
468880;2022-08-18;"quinta-feira";"15:15:00";"MG";365;387;"PATOS DE MINAS";"Demais falhas mecânicas ou elétricas";"Incêndio";"Sem Vítimas";"Pleno dia";"Decrescente";"Céu Claro";"Simples";"Reta";"Não";3;0;0;0;2;1;0;2;-18,61055297;-46,28857506;"SPRF-MG";"DEL10-MG";"UOP01-DEL10-MG"
468885;2022-08-18;"quinta-feira";"18:40:00";"PR";373;173;"PONTA GROSSA";"Reação tardia ou ineficiente do condutor";"Colisão com objeto";"Sem Vítimas";"Plena Noite";"Crescente";"Chuva";"Dupla";"Reta";"Sim";2;0;0;0;1;1;0;2;-25,0805653;-50,20175905;"SPRF-PR";"DEL03-PR";"UOP01-DEL03-PR"
468886;2022-08-18;"quinta-feira";"18:30:00";"SC";470;48,5;"BLUMENAU";"Condutor deixou de manter distância do veículo da frente";"Colisão lateral mesmo sentido";"Com Vítimas Feridas";"Plena Noite";"Decrescente";"Nublado";"Dupla";"Reta;Em Obras";"Não";3;0;2;0;0;1;2;2;-26,859823;-49,055393;"SPRF-SC";"DEL04-SC";"UOP01-DEL04-SC"
468897;2022-08-18;"quinta-feira";"18:30:00";"GO";153;304,9;"RIALMA";"Problema na suspensão";"Tombamento";"Com Vítimas Feridas";"Anoitecer";"Decrescente";"Céu Claro";"Simples";"Reta;Declive";"Não";6;0;2;0;0;4;2;5;-15,34999669;-49,56825256;"SPRF-GO";"DEL02-GO";"UOP02-DEL02-GO"
468908;2022-08-18;"quinta-feira";"20:35:00";"MG";40;382;"CURVELO";"Transitar na contramão";"Colisão frontal";"Com Vítimas Fatais";"Plena Noite";"Crescente";"Céu Claro";"Simples";"Curva";"Não";4;3;0;0;1;0;0;2;-18,88846083;-44,70776088;"SPRF-MG";"DEL02-MG";"UOP01-DEL02-MG"
468915;2022-08-18;"quinta-feira";"22:35:00";"MS";158;138,2;"APARECIDA DO TABOADO";"Ausência de reação do condutor";"Tombamento";"Com Vítimas Feridas";"Plena Noite";"Crescente";"Nublado";"Simples";"Reta";"Não";2;0;1;0;0;1;1;2;-20,01696898;-51,11525142;"SPRF-MS";"DEL08-MS";"UOP01-DEL08-MS"
468920;2022-08-18;"quinta-feira";"22:30:00";"RS";392;7,5;"RIO GRANDE";"Transitar na contramão";"Colisão frontal";"Sem Vítimas";"Plena Noite";"Crescente";"Céu Claro";"Simples";"Reta";"Não";3;0;0;0;1;2;0;3;-32,093615;-52,108877;"SPRF-RS";"DEL07-RS";"UOP02-DEL07-RS"
468924;2022-08-19;"sexta-feira";"00:00:00";"RJ";116;294,3;"PORTO REAL";"Ausência de reação do condutor";"Colisão traseira";"Com Vítimas Feridas";"Plena Noite";"Decrescente";"Céu Claro";"Dupla";"Reta";"Não";4;0;3;0;1;0;3;2;-22,45429053;-44,30084012;"SPRF-RJ";"DEL07-RJ";"UOP02-DEL07-RJ"
468929;2022-08-19;"sexta-feira";"00:20:00";"RJ";101;27;"CAMPOS DOS GOYTACAZES";"Reação tardia ou ineficiente do condutor";"Colisão traseira";"Sem Vítimas";"Plena Noite";"Decrescente";"Céu Claro";"Simples";"Reta";"Não";3;0;0;0;3;0;0;2;-21,44032904;-41,34283239;"SPRF-RJ";"DEL08-RJ";"UOP01-DEL08-RJ"
468933;2022-08-19;"sexta-feira";"00:15:00";"SC";282;70,3;"RANCHO QUEIMADO";"Demais falhas mecânicas ou elétricas";"Saída de leito carroçável";"Com Vítimas Feridas";"Plena Noite";"Decrescente";"Céu Claro";"Simples";"Declive";"Não";1;0;1;0;0;0;1;1;-27,692705;-49,091351;"SPRF-SC";"DEL01-SC";"UOP03-DEL01-SC"
468934;2022-08-18;"quinta-feira";"23:15:00";"MA";316;298;"PIO XII";"Transitar na contramão";"Colisão frontal";"Com Vítimas Feridas";"Plena Noite";"Crescente";"Céu Claro";"Múltipla";"Reta";"Sim";2;0;0;1;1;0;1;2;-3,904373;-45,159225;"SPRF-MA";"DEL02-MA";"UOP01-DEL02-MA"
468936;2022-08-19;"sexta-feira";"00:40:00";"SC";280;232,5;"CANOINHAS";"Reação tardia ou ineficiente do condutor";"Colisão traseira";"Sem Vítimas";"Plena Noite";"Decrescente";"Nublado";"Simples";"Reta";"Sim";3;0;0;0;1;2;0;2;-26,18756479;-50,36192211;"SPRF-SC";"DEL06-SC";"UOP04-DEL06-SC"
468939;2022-08-19;"sexta-feira";"03:40:00";"BA";101;26;"ESPLANADA";"Condutor deixou de manter distância do veículo da frente";"Colisão traseira";"Com Vítimas Feridas";"Plena Noite";"Crescente";"Chuva";"Dupla";"Aclive";"Não";2;0;0;1;1;0;1;2;-11,75183905;-37,94144864;"SPRF-SE";"DEL02-SE";"UOP03-DEL02-SE"
468948;2022-08-19;"sexta-feira";"03:00:00";"RO";364;850;"PORTO VELHO";"Condutor Dormindo";"Tombamento";"Com Vítimas Feridas";"Plena Noite";"Decrescente";"Chuva";"Simples";"Reta";"Não";2;0;1;0;0;1;1;2;-9,46717102;-64,75770698;"SPRF-RO";"DEL01-RO";"UOP02-DEL01-RO"
468957;2022-08-19;"sexta-feira";"06:00:00";"SC";470;37,8;"GASPAR";"Ultrapassagem Indevida";"Queda de ocupante de veículo";"Com Vítimas Fatais";"Amanhecer";"Crescente";"Céu Claro";"Simples";"Desvio Temporário;Em Obras";"Sim";2;1;0;0;1;0;0;2;-26,90355662;-48,98082289;"SPRF-SC";"DEL04-SC";"UOP01-DEL04-SC"
468958;2022-08-18;"quinta-feira";"22:40:00";"BA";410;16;"TUCANO";"Demais falhas mecânicas ou elétricas";"Incêndio";"Sem Vítimas";"Plena Noite";"Crescente";"Garoa/Chuvisco";"Simples";"Reta";"Não";2;0;0;0;1;1;0;2;-10,88874427;-38,65475778;"SPRF-BA";"DEL07-BA";"UOP02-DEL07-BA"
468959;2022-08-19;"sexta-feira";"06:50:00";"MS";163;257,3;"DOURADOS";"Reação tardia ou ineficiente do condutor";"Colisão lateral mesmo sentido";"Com Vítimas Feridas";"Amanhecer";"Decrescente";"Céu Claro";"Dupla";"Reta";"Sim";6;0;1;2;3;0;3;5;-22,25888398;-54,793819;"SPRF-MS";"DEL04-MS";"UOP01-DEL04-MS"
468962;2022-08-19;"sexta-feira";"06:40:00";"GO";70;311;"JUSSARA";"Avarias e/ou desgaste excessivo no pneu";"Colisão com objeto";"Com Vítimas Feridas";"Pleno dia";"Decrescente";"Céu Claro";"Simples";"Em Obras";"Sim";1;0;1;0;0;0;1;1;-15,87420852;-50,84210873;"SPRF-GO";"DEL04-GO";"UOP01-DEL04-GO"
468966;2022-08-14;"domingo";"11:20:00";"MT";364;340;"SANTO ANTONIO DO LEVERGER";"Reação tardia ou ineficiente do condutor";"Saída de leito carroçável";"Com Vítimas Feridas";"Pleno dia";"Decrescente";"Céu Claro";"Dupla";"Declive;Reta";"Não";1;0;1;0;0;0;1;1;-15,83698099;-55,494338;"SPRF-MT";"DEL05-MT";"UOP02-DEL05-MT"
468968;2022-08-19;"sexta-feira";"08:05:00";"CE";222;234;"SOBRAL";"Ultrapassagem Indevida";"Colisão frontal";"Com Vítimas Feridas";"Pleno dia";"Decrescente";"Céu Claro";"Simples";"Curva";"Não";2;0;0;1;0;1;1;2;-3,7121005276;-40,4265540832;"SPRF-CE";"DEL04-CE";"UOP01-DEL04-CE"
468969;2022-05-27;"sexta-feira";"18:30:00";"GO";153;414;"PIRENOPOLIS";"Ultrapassagem Indevida";"Colisão frontal";"Com Vítimas Feridas";"Plena Noite";"Decrescente";"Céu Claro";"Simples";"Declive";"Não";3;0;0;2;0;1;2;3;-16,125668;-49,043564;"SPRF-GO";"DEL02-GO";"UOP02-DEL02-GO"
468980;2022-08-19;"sexta-feira";"07:30:00";"PR";376;462,9;"PONTA GROSSA";"Condutor Dormindo";"Saída de leito carroçável";"Sem Vítimas";"Pleno dia";"Crescente";"Céu Claro";"Dupla";"Reta";"Não";2;0;0;0;1;1;0;2;-25,01599;-50,338458;"SPRF-PR";"DEL03-PR";"UOP01-DEL03-PR"
468981;2022-08-19;"sexta-feira";"09:00:00";"MG";267;286,7;"BAEPENDI";"Velocidade Incompatível";"Tombamento";"Com Vítimas Fatais";"Pleno dia";"Crescente";"Céu Claro";"Simples";"Curva";"Não";1;1;0;0;0;0;0;1;-21,92768865;-44,79467774;"SPRF-MG";"DEL17-MG";"UOP01-DEL17-MG"
468984;2022-08-19;"sexta-feira";"08:20:00";"MS";262;351;"CAMPO GRANDE";"Velocidade Incompatível";"Tombamento";"Com Vítimas Feridas";"Pleno dia";"Crescente";"Céu Claro";"Dupla";"Reta";"Não";3;0;2;0;0;1;2;2;-20,56994516;-54,64056096;"SPRF-MS";"DEL01-MS";"UOP03-DEL01-MS"
468985;2022-08-19;"sexta-feira";"08:30:00";"PR";373;382;"CANDOI";"Reação tardia ou ineficiente do condutor";"Tombamento";"Com Vítimas Feridas";"Pleno dia";"Decrescente";"Céu Claro";"Simples";"Curva";"Não";2;0;1;0;0;1;1;2;-25,46046035;-51,95883036;"SPRF-PR";"DEL08-PR";"UOP01-DEL08-PR"
468992;2022-08-19;"sexta-feira";"09:20:00";"GO";414;214;"NIQUELANDIA";"Ultrapassagem Indevida";"Colisão frontal";"Com Vítimas Fatais";"Pleno dia";"Crescente";"Céu Claro";"Simples";"Curva";"Não";3;1;0;1;1;0;1;2;-14,534845;-48,537178;"SPRF-GO";"DEL07-GO";"UOP02-DEL07-GO"
468993;2022-08-19;"sexta-feira";"10:45:00";"MG";381;666,8;"PERDOES";"Manobra de mudança de faixa";"Colisão traseira";"Com Vítimas Feridas";"Pleno dia";"Decrescente";"Céu Claro";"Dupla";"Reta";"Não";4;0;1;0;2;1;1;3;-21,05519234;-45,04088189;"SPRF-MG";"DEL04-MG";"UOP02-DEL04-MG"
468994;2022-08-19;"sexta-feira";"09:00:00";"ES";447;13,6;"VILA VELHA";"Entrada inopinada do pedestre";"Atropelamento de Pedestre";"Com Vítimas Feridas";"Pleno dia";"Decrescente";"Sol";"Dupla";"Reta";"Sim";3;0;0;1;1;1;1;3;-20,34120666;-40,32809615;"SPRF-ES";"DEL01-ES";"UOP01-DEL01-ES"
468999;2022-07-03;"domingo";"23:03:00";"PI";316;320;"PICOS";"Transitar na contramão";"Colisão frontal";"Com Vítimas Fatais";"Plena Noite";"Decrescente";"Céu Claro";"Simples";"Reta";"Não";2;1;0;0;1;0;0;2;-7,092462;-41,389029;"SPRF-PI";"DEL04-PI";"UOP01-DEL04-PI"
469006;2022-08-19;"sexta-feira";"11:40:00";"RN";304;115,8;"ITAJA";"Transitar na contramão";"Colisão frontal";"Com Vítimas Feridas";"Pleno dia";"Crescente";"Céu Claro";"Simples";"Reta";"Não";6;0;3;0;2;1;3;3;-5,61387215;-36,89679107;"SPRF-RN";"DEL04-RN";"UOP01-DEL04-RN"
469009;2022-08-19;"sexta-feira";"12:30:00";"MA";230;202;"SAO DOMINGOS DO AZEITAO";"Transitar na contramão";"Colisão frontal";"Com Vítimas Feridas";"Pleno dia";"Crescente";"Céu Claro";"Simples";"Reta";"Não";3;0;0;1;1;4;1;6;-6,82251847;-44,55341693;"SPRF-MA";"DEL05-MA";"UOP01-DEL05-MA"
469011;2022-08-10;"quarta-feira";"22:00:00";"GO";153;508;"APARECIDA DE GOIANIA";"Condutor deixou de manter distância do veículo da frente";"Colisão traseira";"Com Vítimas Feridas";"Plena Noite";"Crescente";"Céu Claro";"Dupla";"Curva;Aclive";"Sim";2;0;1;0;1;0;1;2;-16,7804;-49,2371;"SPRF-GO";"DEL01-GO";"UOP03-DEL01-GO"
469013;2022-08-19;"sexta-feira";"12:55:00";"CE";116;46,7;"PACAJUS";"Velocidade Incompatível";"Tombamento";"Com Vítimas Feridas";"Pleno dia";"Crescente";"Céu Claro";"Dupla";"Curva";"Não";2;0;1;0;0;1;1;2;-4,13924054;-38,47994882;"SPRF-CE";"DEL01-CE";"UOP02-DEL01-CE"
469015;2022-08-19;"sexta-feira";"12:55:00";"RJ";116;278,9;"BARRA MANSA";"Reação tardia ou ineficiente do condutor";"Colisão traseira";"Com Vítimas Feridas";"Pleno dia";"Crescente";"Garoa/Chuvisco";"Dupla";"Curva";"Não";4;0;1;1;1;1;2;3;-22,55271018;-44,17778004;"SPRF-RJ";"DEL07-RJ";"UOP02-DEL07-RJ"
469025;2022-08-19;"sexta-feira";"13:41:00";"RS";153;35,1;"TRES ARROIOS";"Transitar na contramão";"Saída de leito carroçável";"Com Vítimas Feridas";"Pleno dia";"Crescente";"Céu Claro";"Simples";"Reta";"Não";2;0;1;0;0;1;1;2;-27,55334896;-52,20378104;"SPRF-RS";"DEL08-RS";"UOP04-DEL08-RS"
469028;2022-08-19;"sexta-feira";"08:30:00";"MT";163;1009;"TERRA NOVA DO NORTE";"Reação tardia ou ineficiente do condutor";"Tombamento";"Com Vítimas Feridas";"Pleno dia";"Crescente";"Céu Claro";"Simples";"Aclive";"Não";2;0;1;0;0;2;1;3;-10,54445093;-55,0852442;"SPRF-MT";"DEL06-MT";"NPF/DEL06-MT"