"id";"data_inversa";"dia_semana";"horario";"uf";"br";"km";"municipio";"causa_acidente";"tipo_acidente";"classificacao_acidente";"fase_dia";"sentido_via";"condicao_metereologica";"tipo_pista";"tracado_via";"uso_solo";"pessoas";"mortos";"feridos_leves";"feridos_graves";"ilesos";"ignorados";"feridos";"veiculos";"latitude";"longitude";"regional";"delegacia";"uop"
469413;2022-08-21;"domingo";"06:44:00";"PR";163;315;"TERRA ROXA";"Velocidade Incompatível";"Colisão traseira";"Sem Vítimas";"Amanhecer";"Crescente";"Céu Claro";"Simples";"Reta";"Não";3;0;0;0;1;3;0;4;-24,38679711;-54,15455126;"SPRF-PR";"DEL06-PR";"UOP02-DEL06-PR"
469428;2022-08-21;"domingo";"07:30:00";"PA";155;259;"ELDORADO DO CARAJAS";"Transitar na contramão";"Colisão lateral sentido oposto";"Sem Vítimas";"Pleno dia";"Crescente";"Céu Claro";"Simples";"Reta";"Não";3;0;0;0;2;5;0;7;-6,05692593;-49,2967731;"SPRF-PA";"DEL03-PA";"UOP01-DEL03-PA"
469430;2022-08-21;"domingo";"05:57:00";"SC";116;23,1;"ITAIOPOLIS";"Transitar na contramão";"Colisão lateral sentido oposto";"Com Vítimas Feridas";"Amanhecer";"Crescente";"Nublado";"Simples";"Reta";"Não";3;0;1;0;1;1;1;3;-26,26545939;-49,91656109;"SPRF-SC";"DEL06-SC";"UOP01-DEL06-SC"
469434;2022-08-21;"domingo";"09:00:00";"GO";50;233,7;"CATALAO";"Condutor Dormindo";"Saída de leito carroçável";"Com Vítimas Feridas";"Pleno dia";"Decrescente";"Céu Claro";"Dupla";"Aclive;Reta";"Não";2;0;1;0;0;1;1;2;-17,8272;-47,7732;"SPRF-GO";"DEL06-GO";"UOP01-DEL06-GO"
469438;2022-08-21;"domingo";"09:45:00";"MG";381;756,7;"TRES CORACOES";"Velocidade Incompatível";"Tombamento";"Sem Vítimas";"Pleno dia";"Crescente";"Céu Claro";"Simples";"Aclive;Curva";"Sim";2;0;0;0;1;2;0;3;-21,673721;-45,337291;"SPRF-MG";"DEL16-MG";"UOP02-DEL16-MG"
469444;2022-08-21;"domingo";"09:10:00";"MS";262;469;"ANASTACIO";"Demais falhas mecânicas ou elétricas";"Incêndio";"Sem Vítimas";"Pleno dia";"Crescente";"Céu Claro";"Simples";"Reta";"Não";2;0;0;0;1;1;0;2;-20,513675;-55,616027;"SPRF-MS";"DEL03-MS";"UOP01-DEL03-MS"
469448;2022-08-21;"domingo";"11:30:00";"RJ";101;298;"ITABORAI";"Pedestre andava na pista";"Atropelamento de Pedestre";"Com Vítimas Fatais";"Pleno dia";"Crescente";"Nublado";"Dupla";"Curva";"Não";3;1;0;0;1;1;0;2;-22,7714;-42,92896;"SPRF-RJ";"DEL02-RJ";"UOP02-DEL02-RJ"
469451;2022-08-21;"domingo";"10:50:00";"PI";316;285;"DOM EXPEDITO LOPES";"Reação tardia ou ineficiente do condutor";"Colisão traseira";"Com Vítimas Feridas";"Pleno dia";"Decrescente";"Céu Claro";"Dupla";"Declive";"Não";3;0;1;0;1;4;1;6;-6,96840473;-41,65280499;"SPRF-PI";"DEL04-PI";"UOP01-DEL04-PI"
469454;2022-08-17;"quarta-feira";"22:00:00";"PR";153;506;"GENERAL CARNEIRO";"Chuva";"Colisão lateral sentido oposto";"Com Vítimas Feridas";"Plena Noite";"Crescente";"Chuva";"Simples";"Curva";"Não";3;0;0;1;1;2;1;4;-26,53294408;-51,37447357;"SPRF-PR";"DEL02-PR";"UOP03-DEL02-PR"
469455;2022-08-21;"domingo";"12:20:00";"MG";40;30;"PARACATU";"Transitar na contramão";"Colisão lateral sentido oposto";"Com Vítimas Feridas";"Pleno dia";"Crescente";"Céu Claro";"Simples";"Reta";"Não";3;0;2;0;1;0;2;2;-17,15673205;-46,93875619;"SPRF-MG";"DEL14-MG";"UOP01-DEL14-MG"
469456;2022-08-21;"domingo";"11:00:00";"MG";365;83;"JEQUITAI";"Demais falhas mecânicas ou elétricas";"Incêndio";"Sem Vítimas";"Pleno dia";"Decrescente";"Céu Claro";"Simples";"Reta";"Não";1;0;0;0;1;0;0;1;-17,16221758;-44,400429;"SPRF-MG";"DEL12-MG";"UOP01-DEL12-MG"
469457;2022-08-20;"sábado";"21:00:00";"MG";365;506;"PATROCINIO";"Pista esburacada";"Incêndio";"Sem Vítimas";"Plena Noite";"Decrescente";"Céu Claro";"Simples";"Reta";"Não";1;0;0;0;1;0;0;1;-18,948325;-47,282053;"SPRF-MG";"DEL10-MG";"UOP01-DEL10-MG"
469459;2022-08-18;"quinta-feira";"02:15:00";"PR";376;309,2;"ORTIGUEIRA";"Reação tardia ou ineficiente do condutor";"Saída de leito carroçável";"Com Vítimas Feridas";"Plena Noite";"Decrescente";"Chuva";"Dupla";"Curva";"Não";2;0;1;0;0;1;1;2;-23,959796;-51,113639;"SPRF-PR";"DEL07-PR";"UOP02-DEL07-PR"
469468;2022-08-21;"domingo";"10:30:00";"BA";324;590;"CANDEIAS";"Demais falhas mecânicas ou elétricas";"Tombamento";"Com Vítimas Feridas";"Pleno dia";"Crescente";"Chuva";"Dupla";"Reta";"Não";2;0;1;0;0;2;1;3;-12,67291202;-38,46908411;"SPRF-BA";"DEL01-BA";"UOP01-DEL01-BA"
469508;2022-08-21;"domingo";"18:30:00";"SP";116;474,9;"JACUPIRANGA";"Acessar a via sem observar a presença dos outros veículos";"Tombamento";"Com Vítimas Feridas";"Plena Noite";"Decrescente";"Nublado";"Múltipla";"Reta";"Sim";2;0;1;0;1;0;1;2;-24,68015127;-47,98251273;"SPRF-SP";"DEL05-SP";"UOP01-DEL05-SP"
469518;2022-08-21;"domingo";"14:00:00";"PR";163;297,2;"MARECHAL CANDIDO RONDON";"Ingestão de substâncias psicoativas pelo condutor";"Colisão frontal";"Com Vítimas Fatais";"Pleno dia";"Crescente";"Céu Claro";"Simples";"Reta";"Não";4;1;2;0;0;3;2;5;-24,51958038;-54,10897504;"SPRF-PR";"DEL06-PR";"UOP02-DEL06-PR"
469527;2022-08-21;"domingo";"17:15:00";"MT";364;164;"PEDRA PRETA";"Acessar a via sem observar a presença dos outros veículos";"Saída de leito carroçável";"Sem Vítimas";"Anoitecer";"Decrescente";"Céu Claro";"Simples";"Reta";"Não";6;0;0;0;5;1;0;2;-16,68636802;-54,29037703;"SPRF-MT";"DEL02-MT";"UOP01-DEL02-MT"
469537;2022-08-21;"domingo";"15:00:00";"MG";116;94,4;"MEDINA";"Curva acentuada";"Derramamento de carga";"Sem Vítimas";"Pleno dia";"Decrescente";"Céu Claro";"Simples";"Curva";"Não";2;0;0;0;1;1;0;2;-16,384692;-41,47280999;"SPRF-MG";"DEL11-MG";"UOP02-DEL11-MG"
469543;2022-06-23;"quinta-feira";"22:20:00";"RJ";116;226,1;"PIRAI";"Condutor Dormindo";"Colisão com objeto";"Com Vítimas Feridas";"Plena Noite";"Decrescente";"Céu Claro";"Dupla";"Reta";"Não";2;0;1;0;0;1;1;2;-22,679905;-43,814217;"SPRF-RJ";"DEL07-RJ";"UOP01-DEL07-RJ"
469544;2022-08-21;"domingo";"20:30:00";"SP";116;301;"SAO LOURENCO DA SERRA";"Reação tardia ou ineficiente do condutor";"Colisão traseira";"Com Vítimas Feridas";"Plena Noite";"Decrescente";"Céu Claro";"Dupla";"Reta";"Não";4;0;1;0;2;2;1;4;-23,805516;-46,922589;"SPRF-SP";"DEL04-SP";"UOP01-DEL04-SP"
469550;2022-08-21;"domingo";"20:30:00";"MG";381;391;"BARAO DE COCAIS";"Reação tardia ou ineficiente do condutor";"Colisão traseira";"Com Vítimas Fatais";"Plena Noite";"Crescente";"Céu Claro";"Dupla";"Reta";"Não";2;1;0;0;0;1;0;2;-19,76956291;-43,45039195;"SPRF-MG";"DEL01-MG";"UOP01-DEL01-MG"
469552;2022-08-21;"domingo";"20:25:00";"RJ";356;10;"ITAPERUNA";"Transitar na contramão";"Colisão frontal";"Com Vítimas Fatais";"Plena Noite";"Decrescente";"Céu Claro";"Simples";"Reta";"Não";3;1;0;0;1;1;0;3;-21,17503248;-42,09717594;"SPRF-RJ";"DEL08-RJ";"UOP03-DEL08-RJ"
469577;2022-08-21;"domingo";"18:30:00";"RO";421;1;"ARIQUEMES";"Velocidade Incompatível";"Colisão transversal";"Com Vítimas Feridas";"Plena Noite";"Decrescente";"Céu Claro";"Simples";"Interseção de Vias";"Sim";5;0;3;0;1;1;3;3;-9,920987;-63,063728;"SPRF-RO";"DEL03-RO";"UOP01-DEL03-RO"
469587;2022-08-22;"segunda-feira";"03:30:00";"ES";101;269,6;"SERRA";"Reação tardia ou ineficiente do condutor";"Colisão transversal";"Sem Vítimas";"Plena Noite";"Decrescente";"Céu Claro";"Dupla";"Reta";"Sim";3;0;0;0;2;1;0;3;-20,21740496;-40,26990578;"SPRF-ES";"DEL02-ES";"UOP01-DEL02-ES"
469589;2022-08-22;"segunda-feira";"04:10:00";"MG";381;802,1;"SAO GONCALO DO SAPUCAI";"Demais falhas mecânicas ou elétricas";"Incêndio";"Sem Vítimas";"Amanhecer";"Crescente";"Céu Claro";"Dupla";"Reta;Aclive";"Não";1;0;0;0;1;0;0;1;-21,98685449;-45,65711903;"SPRF-MG";"DEL16-MG";"UOP02-DEL16-MG"
469596;2022-08-22;"segunda-feira";"05:10:00";"PR";376;645,8;"TIJUCAS DO SUL";"Reação tardia ou ineficiente do condutor";"Saída de leito carroçável";"Com Vítimas Feridas";"Amanhecer";"Decrescente";"Nevoeiro/Neblina";"Dupla";"Reta";"Não";6;0;1;0;4;2;1;4;-25,82214295;-49,12707913;"SPRF-PR";"DEL01-PR";"UOP04-DEL01-PR"
469603;2022-08-22;"segunda-feira";"05:25:00";"PR";376;590;"CURITIBA";"Ausência de reação do condutor";"Saída de leito carroçável";"Sem Vítimas";"Amanhecer";"Crescente";"Céu Claro";"Múltipla";"Reta";"Sim";1;0;0;0;1;0;0;1;-25,45155592;-49,36237578;"SPRF-PR";"DEL01-PR";"UOP06-DEL01-PR"
469620;2022-08-22;"segunda-feira";"08:30:00";"RS";285;455,1;"IJUI";"Ausência de reação do condutor";"Colisão traseira";"Sem Vítimas";"Pleno dia";"Crescente";"Céu Claro";"Simples";"Interseção de Vias";"Sim";2;0;0;0;2;0;0;2;-28,38566169;-53,88725281;"SPRF-RS";"DEL10-RS";"UOP01-DEL10-RS"
469625;2022-08-22;"segunda-feira";"08:35:00";"DF";40;5,7;"BRASILIA";"Condutor deixou de manter distância do veículo da frente";"Colisão traseira";"Com Vítimas Feridas";"Pleno dia";"Decrescente";"Céu Claro";"Dupla";"Reta";"Não";2;0;1;0;1;0;1;2;-16,020903;-47,980541;"SPRF-DF";"DEL01-DF";"UOP01-DEL01-DF"
469628;2022-07-25;"segunda-feira";"13:30:00";"SC";280;109,6;"SAO BENTO DO SUL";"Reação tardia ou ineficiente do condutor";"Tombamento";"Sem Vítimas";"Pleno dia";"Crescente";"Céu Claro";"Simples";"Interseção de Vias;Curva;Aclive";"Não";2;0;0;0;1;1;0;2;-26,327628;-49,382239;"SPRF-SC";"DEL06-SC";"UOP03-DEL06-SC"
469632;2022-08-19;"sexta-feira";"03:00:00";"PR";376;334;"ORTIGUEIRA";"Neblina";"Colisão com objeto";"Sem Vítimas";"Plena Noite";"Decrescente";"Nevoeiro/Neblina";"Dupla";"Reta;Interseção de Vias";"Não";2;0;0;0;1;1;0;2;-24,14186383;-51,0040438;"SPRF-PR";"DEL07-PR";"UOP02-DEL07-PR"
469636;2022-08-22;"segunda-feira";"09:10:00";"PR";376;674;"GUARATUBA";"Ausência de reação do condutor";"Colisão traseira";"Com Vítimas Feridas";"Pleno dia";"Crescente";"Chuva";"Dupla";"Curva";"Não";3;0;0;1;1;4;1;6;-25,90851198;-48,92070682;"SPRF-PR";"DEL01-PR";"UOP04-DEL01-PR"
469637;2022-08-22;"segunda-feira";"07:00:00";"RJ";101;556,8;"PARATY";"Reação tardia ou ineficiente do condutor";"Tombamento";"Com Vítimas Feridas";"Pleno dia";"Crescente";"Sol";"Simples";"Curva";"Não";6;0;5;0;0;1;5;3;-23,09154148;-44,6958992;"SPRF-RJ";"DEL03-RJ";"UOP04-DEL03-RJ"
469639;2022-08-22;"segunda-feira";"09:43:00";"RJ";101;296;"ITABORAI";"Manobra de mudança de faixa";"Colisão com objeto";"Com Vítimas Feridas";"Pleno dia";"Crescente";"Nublado";"Dupla";"Reta";"Sim";2;0;1;0;0;1;1;2;-22,76771348;-42,91585922;"SPRF-RJ";"DEL02-RJ";"UOP02-DEL02-RJ"
469643;2022-08-22;"segunda-feira";"10:20:00";"BA";324;569;"SAO SEBASTIAO DO PASSE";"Condutor Dormindo";"Saída de leito carroçável";"Sem Vítimas";"Pleno dia";"Crescente";"Chuva";"Dupla";"Reta";"Não";1;0;0;0;1;0;0;1;-12,54065603;-38,58868903;"SPRF-BA";"DEL01-BA";"UOP01-DEL01-BA"
469644;2022-08-17;"quarta-feira";"00:15:00";"BA";101;536;"SAO JOSE DA VITORIA";"Ausência de reação do condutor";"Saída de leito carroçável";"Sem Vítimas";"Plena Noite";"Decrescente";"Céu Claro";"Simples";"Curva";"Não";1;0;0;0;1;0;0;1;-15,16120642;-39,41897771;"SPRF-BA";"DEL05-BA";"UOP01-DEL05-BA"
469654;2022-07-25;"segunda-feira";"07:25:00";"MT";364;198;"RONDONOPOLIS";"Acessar a via sem observar a presença dos outros veículos";"Colisão lateral mesmo sentido";"Com Vítimas Feridas";"Pleno dia";"Crescente";"Sol";"Dupla";"Interseção de Vias";"Sim";3;0;0;1;2;0;1;3;-16,49612525;-54,63849716;"SPRF-MT";"DEL02-MT";"UOP01-DEL02-MT"
469657;2022-08-22;"segunda-feira";"08:00:00";"MA";10;247;"IMPERATRIZ";"Manobra de mudança de faixa";"Colisão lateral mesmo sentido";"Com Vítimas Feridas";"Pleno dia";"Decrescente";"Céu Claro";"Simples";"Reta";"Sim";4;0;2;0;2;0;2;2;-5,573772;-47,443893;"SPRF-MA";"DEL04-MA";"UOP01-DEL04-MA"
469658;2022-08-22;"segunda-feira";"12:45:00";"SC";101;127;"ITAJAI";"Carga excessiva e/ou mal acondicionada";"Colisão traseira";"Sem Vítimas";"Pleno dia";"Crescente";"Nublado";"Dupla";"Reta";"Não";3;0;0;0;2;1;0;3;-26,9639319;-48,68328024;"SPRF-SC";"DEL04-SC";"UOP04-DEL04-SC"
469659;2022-08-22;"segunda-feira";"12:55:00";"RS";386;23;"FREDERICO WESTPHALEN";"Desrespeitar a preferência no cruzamento";"Colisão transversal";"Com Vítimas Feridas";"Pleno dia";"Decrescente";"Sol";"Dupla";"Reta";"Não";3;0;2;0;1;0;2;2;-27,287005;-53,350598;"SPRF-RS";"DEL08-RS";"UOP02-DEL08-RS"
469667;2022-07-27;"quarta-feira";"15:30:00";"PR";277;382;"CANDOI";"Mal súbito do condutor";"Colisão frontal";"Com Vítimas Feridas";"Pleno dia";"Decrescente";"Céu Claro";"Simples";"Curva;Aclive";"Não";4;0;1;1;1;1;2;4;-25,40819705;-51,75947599;"SPRF-PR";"DEL08-PR";"UOP01-DEL08-PR"
469671;2022-08-22;"segunda-feira";"14:00:00";"SC";470;130;"LONTRAS";"Acessar a via sem observar a presença dos outros veículos";"Colisão transversal";"Com Vítimas Feridas";"Pleno dia";"Decrescente";"Nublado";"Simples";"Interseção de Vias";"Não";3;0;1;0;1;1;1;3;-27,15810417;-49,55651522;"SPRF-SC";"DEL04-SC";"UOP02-DEL04-SC"
469675;2022-08-22;"segunda-feira";"14:30:00";"MG";40;525;"CONTAGEM";"Demais Fenômenos da natureza";"Incêndio";"Sem Vítimas";"Pleno dia";"Decrescente";"Céu Claro";"Dupla";"Reta";"Sim";1;0;0;0;1;0;0;1;-19,88361702;-44,05039336;"SPRF-MG";"DEL01-MG";"UOP02-DEL01-MG"
469678;2022-08-22;"segunda-feira";"13:30:00";"GO";153;284,3;"NOVA GLORIA";"Condutor deixou de manter distância do veículo da frente";"Colisão traseira";"Sem Vítimas";"Pleno dia";"Crescente";"Céu Claro";"Simples";"Reta;Declive";"Não";3;0;0;0;3;0;0;2;-15,17934065;-49,54490662;"SPRF-GO";"DEL07-GO";"UOP02-DEL07-GO"
469679;2022-08-22;"segunda-feira";"14:24:00";"PR";369;76,2;"SANTA MARIANA";"Mal súbito do condutor";"Colisão frontal";"Com Vítimas Fatais";"Pleno dia";"Crescente";"Céu Claro";"Simples";"Reta;Declive";"Não";2;1;1;0;0;0;1;2;-23,14799;-50,54651;"SPRF-PR";"DEL07-PR";"UOP01-DEL07-PR"
469683;2022-08-22;"segunda-feira";"15:30:00";"PR";376;178,4;"MARINGA";"Condutor deixou de manter distância do veículo da frente";"Colisão traseira";"Com Vítimas Feridas";"Pleno dia";"Decrescente";"Céu Claro";"Múltipla";"Reta";"Sim";2;0;0;1;1;0;1;2;-23,4192146;-51,91293985;"SPRF-PR";"DEL09-PR";"UOP01-DEL09-PR"
469686;2022-08-22;"segunda-feira";"15:50:00";"BA";101;217;"CONCEICAO DO ALMEIDA";"Ausência de reação do condutor";"Colisão traseira";"Com Vítimas Feridas";"Pleno dia";"Crescente";"Nublado";"Simples";"Aclive";"Não";4;0;1;0;3;0;1;4;-12,767004;-39,183527;"SPRF-BA";"DEL01-BA";"UOP02-DEL01-BA"
469690;2022-08-22;"segunda-feira";"15:00:00";"MG";40;650;"CRISTIANO OTONI";"Condutor Dormindo";"Colisão lateral sentido oposto";"Com Vítimas Feridas";"Pleno dia";"Crescente";"Céu Claro";"Simples";"Curva";"Não";4;0;0;1;2;3;1;6;-20,82568197;-43,80917592;"SPRF-MG";"DEL05-MG";"UOP02-DEL05-MG"
469694;2022-08-22;"segunda-feira";"16:40:00";"ES";101;314,7;"VILA VELHA";"Ausência de reação do condutor";"Colisão com objeto";"Com Vítimas Feridas";"Pleno dia";"Decrescente";"Céu Claro";"Dupla";"Reta";"Não";5;0;3;0;1;1;3;3;-20,461157;-40,46533;"SPRF-ES";"DEL01-ES";"UOP01-DEL01-ES"
469698;2022-08-22;"segunda-feira";"16:30:00";"SC";101;44;"JOINVILLE";"Reação tardia ou ineficiente do condutor";"Colisão lateral mesmo sentido";"Com Vítimas Feridas";"Pleno dia";"Decrescente";"Nublado";"Dupla";"Reta";"Sim";6;0;1;0;4;1;1;3;-26,31238996;-48,87458997;"SPRF-SC";"DEL03-SC";"UOP01-DEL03-SC"
469701;2022-08-22;"segunda-feira";"13:00:00";"MT";163;543,5;"DIAMANTINO";"Condutor Dormindo";"Saída de leito carroçável";"Com Vítimas Feridas";"Pleno dia";"Crescente";"Céu Claro";"Simples";"Reta";"Não";2;0;1;0;0;3;1;4;-14,36459123;-56,14081519;"SPRF-MT";"DEL01-MT";"UOP01-DEL01-MT"
469711;2022-08-22;"segunda-feira";"17:00:00";"PE";428;182;"PETROLINA";"Transitar na contramão";"Colisão frontal";"Com Vítimas Fatais";"Pleno dia";"Crescente";"Céu Claro";"Simples";"Reta";"Sim";3;1;0;0;1;2;0;4;-9,31614989;-40,45800722;"SPRF-PE";"DEL06-PE";"UOP01-DEL06-PE"
469718;2022-08-22;"segunda-feira";"17:15:00";"RS";116;217;"MORRO REUTER";"Reação tardia ou ineficiente do condutor";"Saída de leito carroçável";"Com Vítimas Feridas";"Anoitecer";"Decrescente";"Céu Claro";"Simples";"Reta";"Não";1;0;1;0;0;0;1;1;-29,54396389;-51,08555876;"SPRF-RS";"DEL05-RS";"UOP02-DEL05-RS"
469722;2022-08-22;"segunda-feira";"14:20:00";"MA";222;154;"VARGEM GRANDE";"Reação tardia ou ineficiente do condutor";"Colisão traseira";"Com Vítimas Fatais";"Pleno dia";"Decrescente";"Céu Claro";"Simples";"Reta;Interseção de Vias";"Sim";5;1;1;0;1;4;1;6;-3,52512649;-43,95915636;"SPRF-MA";"DEL01-MA";"UOP02-DEL01-MA"
469723;2022-08-22;"segunda-feira";"17:40:00";"MS";262;758;"CORUMBA";"Reação tardia ou ineficiente do condutor";"Colisão transversal";"Com Vítimas Feridas";"Anoitecer";"Crescente";"Céu Claro";"Dupla";"Retorno Regulamentado";"Não";3;0;1;1;0;4;2;6;-19,16099898;-57,63430953;"SPRF-MS";"DEL03-MS";"UOP03-DEL03-MS"
469727;2022-08-22;"segunda-feira";"18:25:00";"PI";316;370,1;"VILA NOVA DO PIAUI";"Reação tardia ou ineficiente do condutor";"Colisão lateral mesmo sentido";"Com Vítimas Feridas";"Plena Noite";"Decrescente";"Céu Claro";"Simples";"Curva";"Não";2;0;0;1;0;1;1;2;-7,14303846;-40,93930205;"SPRF-PI";"DEL04-PI";"UOP03-DEL04-PI"
469728;2022-08-22;"segunda-feira";"17:30:00";"PB";230;109,6;"INGA";"Condutor Dormindo";"Saída de leito carroçável";"Com Vítimas Feridas";"Anoitecer";"Crescente";"Ignorado";"Dupla";"Reta";"Não";1;0;1;0;0;0;1;1;-7,2026;-35,5573;"SPRF-PB";"DEL01-PB";"UOP03-DEL01-PB"
469731;2022-08-22;"segunda-feira";"16:00:00";"MA";222;658;"ACAILANDIA";"Carga excessiva e/ou mal acondicionada";"Tombamento";"Sem Vítimas";"Pleno dia";"Crescente";"Céu Claro";"Simples";"Declive";"Não";2;0;0;0;1;3;0;4;-4,86775987;-47,32915222;"SPRF-MA";"DEL04-MA";"UOP03-DEL04-MA"
469735;2022-08-22;"segunda-feira";"20:00:00";"SP";381;68;"MAIRIPORA";"Ausência de reação do condutor";"Tombamento";"Com Vítimas Feridas";"Plena Noite";"Decrescente";"Nublado";"Dupla";"Curva";"Sim";3;0;2;0;0;1;2;3;-23,34043796;-46,57433588;"SPRF-SP";"DEL03-SP";"UOP01-DEL03-SP"
469736;2022-08-22;"segunda-feira";"20:00:00";"BA";242;815;"BARREIRAS";"Declive acentuado";"Tombamento";"Com Vítimas Feridas";"Plena Noite";"Decrescente";"Céu Claro";"Simples";"Curva";"Não";2;0;1;0;0;2;1;3;-12,14882598;-44,999386;"SPRF-BA";"DEL10-BA";"UOP01-DEL10-BA"
469738;2022-08-22;"segunda-feira";"20:30:00";"PR";116;47,8;"CAMPINA GRANDE DO SUL";"Acessar a via sem observar a presença dos outros veículos";"Colisão traseira";"Com Vítimas Feridas";"Plena Noite";"Crescente";"Garoa/Chuvisco";"Dupla";"Reta";"Sim";5;0;1;0;2;2;1;4;-25,21058799;-48,89720903;"SPRF-PR";"DEL01-PR";"UOP02-DEL01-PR"
469743;2022-08-22;"segunda-feira";"21:00:00";"PB";101;122;"CAAPORA";"Condutor Dormindo";"Colisão traseira";"Com Vítimas Feridas";"Plena Noite";"Decrescente";"Céu Claro";"Dupla";"Reta";"Não";4;0;1;0;3;0;1;2;-7,45038197;-34,97994215;"SPRF-PB";"DEL01-PB";"UOP02-DEL01-PB"
469745;2022-08-22;"segunda-feira";"20:30:00";"GO";60;244,1;"INDIARA";"Velocidade Incompatível";"Saída de leito carroçável";"Com Vítimas Feridas";"Plena Noite";"Decrescente";"Céu Claro";"Dupla";"Retorno Regulamentado;Reta";"Não";2;0;1;0;0;2;1;3;-17,10646101;-49,9290106;"SPRF-GO";"DEL01-GO";"UOP02-DEL01-GO"
469750;2022-08-22;"segunda-feira";"18:50:00";"RS";287;510,5;"SAO BORJA";"Velocidade Incompatível";"Tombamento";"Com Vítimas Feridas";"Anoitecer";"Crescente";"Céu Claro";"Simples";"Curva";"Não";2;0;1;0;0;1;1;2;-28,78672427;-55,77342619;"SPRF-RS";"DEL12-RS";"UOP01-DEL12-RS"
469751;2022-08-22;"segunda-feira";"20:09:00";"RJ";101;578;"PARATY";"Estacionar ou parar em local proibido";"Colisão traseira";"Com Vítimas Feridas";"Plena Noite";"Crescente";"Céu Claro";"Simples";"Reta";"Não";3;0;1;0;1;1;1;2;-23,23539058;-44,71182799;"SPRF-RJ";"DEL03-RJ";"UOP02-DEL03-RJ"
469755;2022-08-22;"segunda-feira";"11:30:00";"PR";277;2;"PARANAGUA";"Reação tardia ou ineficiente do condutor";"Saída de leito carroçável";"Com Vítimas Feridas";"Plena Noite";"Crescente";"Garoa/Chuvisco";"Dupla";"Reta";"Sim";5;0;1;0;0;5;1;4;-25,51370413;-48,53563612;"SPRF-PR";"DEL01-PR";"UOP05-DEL01-PR"
469756;2022-08-22;"segunda-feira";"17:30:00";"MG";116;780,4;"LEOPOLDINA";"Reação tardia ou ineficiente do condutor";"Tombamento";"Com Vítimas Fatais";"Anoitecer";"Crescente";"Céu Claro";"Simples";"Reta";"Não";3;1;0;1;0;2;1;4;-21,61482397;-42,69263203;"SPRF-MG";"DEL07-MG";"UOP01-DEL07-MG"
469761;2022-08-23;"terça-feira";"05:30:00";"GO";70;454;"ARAGARCAS";"Reação tardia ou ineficiente do condutor";"Colisão com objeto";"Com Vítimas Feridas";"Amanhecer";"Decrescente";"Céu Claro";"Simples";"Declive";"Não";1;0;1;0;0;0;1;1;-15,90954003;-52,09373474;"SPRF-GO";"DEL04-GO";"UOP01-DEL04-GO"
469763;2022-08-23;"terça-feira";"05:00:00";"SP";116;117;"TAUBATE";"Condutor deixou de manter distância do veículo da frente";"Colisão traseira";"Com Vítimas Feridas";"Plena Noite";"Crescente";"Céu Claro";"Dupla";"Reta";"Não";7;0;5;0;1;1;5;3;-23,0582298;-45,6176951;"SPRF-SP";"DEL02-SP";"UOP02-DEL02-SP"
469767;2022-08-23;"terça-feira";"06:00:00";"RJ";101;118;"CAMPOS DOS GOYTACAZES";"Reação tardia ou ineficiente do condutor";"Tombamento";"Sem Vítimas";"Amanhecer";"Crescente";"Céu Claro";"Simples";"Reta";"Não";2;0;0;0;2;0;0;1;-22,01462656;-41,67706468;"SPRF-RJ";"DEL08-RJ";"UOP02-DEL08-RJ"
469773;2022-08-23;"terça-feira";"06:00:00";"PR";376;448;"TIBAGI";"Mal súbito do condutor";"Saída de leito carroçável";"Com Vítimas Feridas";"Amanhecer";"Crescente";"Nevoeiro/Neblina";"Dupla";"Reta";"Não";2;0;1;0;0;1;1;2;-24,858358;-50,453626;"SPRF-PR";"DEL03-PR";"UOP02-DEL03-PR"
469778;2022-08-23;"terça-feira";"06:50:00";"MG";381;763;"CAMPANHA";"Demais falhas mecânicas ou elétricas";"Incêndio";"Sem Vítimas";"Pleno dia";"Crescente";"Céu Claro";"Dupla";"Reta";"Não";1;0;0;0;1;0;0;1;-21,71426743;-45,37656118;"SPRF-MG";"DEL16-MG";"UOP02-DEL16-MG"
469780;2022-08-23;"terça-feira";"07:20:00";"PR";376;177,4;"MARINGA";"Ausência de reação do condutor";"Colisão traseira";"Com Vítimas Feridas";"Pleno dia";"Crescente";"Céu Claro";"Múltipla";"Reta";"Sim";2;0;0;1;1;0;1;2;-23,41595855;-51,92226484;"SPRF-PR";"DEL09-PR";"UOP01-DEL09-PR"
469784;2022-08-08;"segunda-feira";"05:30:00";"SC";101;329;"TUBARAO";"Manobra de mudança de faixa";"Colisão lateral mesmo sentido";"Com Vítimas Feridas";"Plena Noite";"Decrescente";"Chuva";"Dupla";"Reta";"Não";2;0;1;0;0;1;1;2;-28,45414695;-48,97778034;"SPRF-SC";"DEL02-SC";"UOP01-DEL02-SC"
469785;2022-08-22;"segunda-feira";"23:00:00";"BA";101;425;"IBIRAPITANGA";"Ultrapassagem Indevida";"Saída de leito carroçável";"Com Vítimas Feridas";"Plena Noite";"Decrescente";"Ignorado";"Simples";"Curva";"Não";2;0;1;0;0;1;1;2;-14,15155681;-39,34435844;"SPRF-BA";"DEL05-BA";"UOP03-DEL05-BA"
469786;2022-08-22;"segunda-feira";"15:40:00";"MS";163;41,9;"ELDORADO";"Velocidade Incompatível";"Tombamento";"Com Vítimas Feridas";"Pleno dia";"Decrescente";"Céu Claro";"Simples";"Reta";"Não";2;0;1;0;0;2;1;3;-23,78038392;-54,2770967;"SPRF-MS";"DEL09-MS";"UOP02-DEL09-MS"