"id";"data_inversa";"dia_semana";"horario";"uf";"br";"km";"municipio";"causa_acidente";"tipo_acidente";"classificacao_acidente";"fase_dia";"sentido_via";"condicao_metereologica";"tipo_pista";"tracado_via";"uso_solo";"pessoas";"mortos";"feridos_leves";"feridos_graves";"ilesos";"ignorados";"feridos";"veiculos";"latitude";"longitude";"regional";"delegacia";"uop"
469787;2022-08-23;"terça-feira";"06:50:00";"PR";376;36;"NOVA LONDRINA";"Demais falhas na via";"Colisão lateral sentido oposto";"Com Vítimas Feridas";"Amanhecer";"Crescente";"Céu Claro";"Simples";"Aclive";"Não";4;0;1;0;2;2;1;5;-22,806239;-53,005265;"SPRF-PR";"DEL09-PR";"UOP02-DEL09-PR"
469788;2022-08-23;"terça-feira";"05:30:00";"TO";153;216;"NOVA OLINDA";"Ausência de reação do condutor";"Colisão traseira";"Sem Vítimas";"Amanhecer";"Crescente";"Céu Claro";"Simples";"Curva";"Não";3;0;0;0;2;1;0;3;-7,78605799;-48,46547734;"SPRF-TO";"DEL02-TO";"UOP01-DEL02-TO"
469793;2022-08-23;"terça-feira";"08:05:00";"DF";20;45,4;"BRASILIA";"Velocidade Incompatível";"Colisão traseira";"Com Vítimas Feridas";"Pleno dia";"Crescente";"Céu Claro";"Dupla";"Declive";"Não";4;0;1;1;2;0;2;3;-15,577153;-47,467113;"SPRF-DF";"DEL02-DF";"UOP01-DEL02-DF"
469795;2022-08-23;"terça-feira";"08:20:00";"RJ";40;77;"PETROPOLIS";"Reação tardia ou ineficiente do condutor";"Saída de leito carroçável";"Com Vítimas Feridas";"Pleno dia";"Crescente";"Céu Claro";"Simples";"Curva";"Não";2;0;1;0;0;1;1;2;-22,48005592;-43,23543994;"SPRF-RJ";"DEL06-RJ";"UOP01-DEL06-RJ"
469796;2022-08-23;"terça-feira";"08:15:00";"RJ";40;80;"PETROPOLIS";"Reação tardia ou ineficiente do condutor";"Saída de leito carroçável";"Com Vítimas Feridas";"Pleno dia";"Crescente";"Céu Claro";"Simples";"Curva";"Não";1;0;1;0;0;0;1;1;-22,49798597;-43,22878703;"SPRF-RJ";"DEL06-RJ";"UOP01-DEL06-RJ"
469802;2022-08-22;"segunda-feira";"09:00:00";"AL";424;101;"MARECHAL DEODORO";"Ultrapassagem Indevida";"Colisão frontal";"Com Vítimas Feridas";"Pleno dia";"Decrescente";"Céu Claro";"Simples";"Reta";"Não";2;0;0;1;1;0;1;2;-9,66029712;-35,85130612;"SPRF-AL";"DEL02-AL";"UOP01-DEL02-AL"
469803;2022-08-18;"quinta-feira";"12:30:00";"PR";277;635,5;"CEU AZUL";"Desrespeitar a preferência no cruzamento";"Colisão transversal";"Com Vítimas Feridas";"Pleno dia";"Decrescente";"Nublado";"Simples";"Aclive";"Sim";3;0;1;0;1;2;1;4;-25,14015274;-53,82955233;"SPRF-PR";"DEL05-PR";"UOP02-DEL05-PR"
469804;2022-08-23;"terça-feira";"09:45:00";"MT";70;28;"BARRA DO GARCAS";"Curva acentuada";"Saída de leito carroçável";"Com Vítimas Feridas";"Pleno dia";"Decrescente";"Céu Claro";"Simples";"Reta";"Não";2;0;0;1;0;2;1;3;-15,81393036;-52,47756134;"SPRF-MT";"DEL07-MT";"UOP01-DEL07-MT"
469810;2022-08-23;"terça-feira";"10:15:00";"MG";365;5,8;"MONTES CLAROS";"Reação tardia ou ineficiente do condutor";"Colisão frontal";"Com Vítimas Feridas";"Pleno dia";"Decrescente";"Céu Claro";"Simples";"Curva";"Não";3;0;0;1;1;1;1;3;-16,74574399;-43,88392402;"SPRF-MG";"DEL12-MG";"UOP01-DEL12-MG"
469814;2022-08-18;"quinta-feira";"20:06:00";"SP";116;30,4;"CRUZEIRO";"Ausência de reação do condutor";"Colisão traseira";"Com Vítimas Feridas";"Plena Noite";"Crescente";"Céu Claro";"Dupla";"Aclive";"Não";2;0;1;0;1;0;1;2;-22,63400287;-44,93203106;"SPRF-SP";"DEL08-SP";"UOP02-DEL08-SP"
469815;2022-08-23;"terça-feira";"08:30:00";"PR";116;81;"PIRAQUARA";"Reação tardia ou ineficiente do condutor";"Tombamento";"Sem Vítimas";"Pleno dia";"Decrescente";"Céu Claro";"Dupla";"Reta";"Não";3;0;0;0;2;1;0;3;-25,40969292;-49,0632661;"SPRF-PR";"DEL01-PR";"UOP02-DEL01-PR"
469818;2022-08-23;"terça-feira";"10:30:00";"RO";364;242;"CACOAL";"Manobra de mudança de faixa";"Colisão lateral mesmo sentido";"Com Vítimas Feridas";"Pleno dia";"Crescente";"Céu Claro";"Simples";"Reta";"Sim";2;0;1;0;1;0;1;2;-11,44084787;-61,48767999;"SPRF-RO";"DEL02-RO";"UOP02-DEL02-RO"
469821;2022-08-23;"terça-feira";"08:03:00";"MG";381;940;"EXTREMA";"Estacionar ou parar em local proibido";"Colisão com objeto";"Com Vítimas Fatais";"Pleno dia";"Decrescente";"Céu Claro";"Dupla";"Reta";"Sim";3;1;0;0;1;1;0;3;-22,87641;-46,36888;"SPRF-MG";"DEL16-MG";"UOP03-DEL16-MG"
469822;2022-07-30;"sábado";"05:20:00";"PE";424;12,4;"PEDRA";"Ingestão de álcool pelo condutor";"Colisão frontal";"Com Vítimas Feridas";"Amanhecer";"Crescente";"Céu Claro";"Simples";"Reta";"Não";3;0;0;1;1;1;1;3;-8,49803522;-36,99233497;"SPRF-PE";"DEL04-PE";"UOP02-DEL04-PE"
469826;2022-08-23;"terça-feira";"11:40:00";"ES";101;149,5;"LINHARES";"Conversão proibida";"Colisão transversal";"Com Vítimas Feridas";"Pleno dia";"Crescente";"Céu Claro";"Simples";"Reta";"Sim";3;0;1;0;1;1;1;3;-19,39619083;-40,06435871;"SPRF-ES";"DEL04-ES";"UOP01-DEL04-ES"
469828;2022-08-23;"terça-feira";"10:00:00";"RR";432;206,8;"CANTA";"Manobra de mudança de faixa";"Colisão lateral mesmo sentido";"Com Vítimas Feridas";"Pleno dia";"Crescente";"Nublado";"Simples";"Reta";"Não";2;0;1;0;0;1;1;2;2,73598004;-60,60845226;"SPRF-RR";"DEL01-RR";"UOP01-DEL01-RR"
469830;2022-08-23;"terça-feira";"11:40:00";"BA";116;431,8;"FEIRA DE SANTANA";"Carga excessiva e/ou mal acondicionada";"Colisão com objeto";"Sem Vítimas";"Pleno dia";"Crescente";"Nublado";"Dupla";"Reta";"Não";2;0;0;0;1;2;0;3;-12,29513358;-39,0293299;"SPRF-BA";"DEL02-BA";"UOP01-DEL02-BA"
469833;2022-08-23;"terça-feira";"12:20:00";"PA";155;337;"MARABA";"Acessar a via sem observar a presença dos outros veículos";"Colisão transversal";"Com Vítimas Feridas";"Pleno dia";"Decrescente";"Céu Claro";"Simples";"Reta";"Não";2;0;0;1;1;0;1;2;-5,42303401;-49,07624026;"SPRF-PA";"DEL03-PA";"UOP01-DEL03-PA"
469835;2022-08-23;"terça-feira";"09:17:00";"PI";316;310;"PICOS";"Demais falhas mecânicas ou elétricas";"Colisão traseira";"Sem Vítimas";"Pleno dia";"Crescente";"Céu Claro";"Simples";"Reta";"Sim";3;0;0;0;2;1;0;3;-7,07639186;-41,47475001;"SPRF-PI";"DEL04-PI";"UOP01-DEL04-PI"
469836;2022-08-23;"terça-feira";"12:00:00";"PR";376;179,1;"MARINGA";"Manobra de mudança de faixa";"Colisão lateral mesmo sentido";"Com Vítimas Feridas";"Pleno dia";"Decrescente";"Céu Claro";"Dupla";"Reta";"Sim";3;0;1;0;1;1;1;3;-23,42005376;-51,91055059;"SPRF-PR";"DEL09-PR";"UOP01-DEL09-PR"
469838;2022-08-23;"terça-feira";"13:05:00";"MG";40;312,4;"TRES MARIAS";"Demais Fenômenos da natureza";"Incêndio";"Sem Vítimas";"Pleno dia";"Crescente";"Céu Claro";"Simples";"Reta";"Não";2;0;0;0;1;1;0;2;-18,44886082;-45,06796056;"SPRF-MG";"DEL14-MG";"UOP02-DEL14-MG"
469841;2022-06-21;"terça-feira";"09:30:00";"RN";304;300;"MACAIBA";"Acessar a via sem observar a presença dos outros veículos";"Colisão lateral mesmo sentido";"Com Vítimas Feridas";"Pleno dia";"Crescente";"Céu Claro";"Múltipla";"Reta;Aclive;Retorno Regulamentado";"Não";4;0;1;0;2;4;1;7;-5,8737673;-35,3150361;"SPRF-RN";"DEL01-RN";"UOP02-DEL01-RN"
469844;2022-08-23;"terça-feira";"12:00:00";"RJ";116;129,7;"MAGE";"Manobra de mudança de faixa";"Colisão com objeto";"Com Vítimas Feridas";"Pleno dia";"Decrescente";"Céu Claro";"Dupla";"Reta";"Não";3;0;1;0;1;1;1;2;-22,66471224;-43,11056004;"SPRF-RJ";"DEL04-RJ";"UOP02-DEL04-RJ"
469846;2022-08-23;"terça-feira";"07:30:00";"GO";153;256,6;"SAO LUIZ DO NORTE";"Manobra de mudança de faixa";"Colisão lateral sentido oposto";"Com Vítimas Feridas";"Pleno dia";"Crescente";"Céu Claro";"Simples";"Reta";"Não";5;0;2;0;2;4;2;7;-14,968465;-49,388593;"SPRF-GO";"DEL07-GO";"UOP02-DEL07-GO"
469849;2022-08-23;"terça-feira";"11:30:00";"SC";101;154;"PORTO BELO";"Velocidade Incompatível";"Colisão frontal";"Com Vítimas Feridas";"Pleno dia";"Crescente";"Chuva";"Simples";"Curva";"Sim";2;0;0;1;1;0;1;2;-27,153819;-48,61086393;"SPRF-SC";"DEL04-SC";"UOP03-DEL04-SC"
469853;2022-07-01;"sexta-feira";"16:30:00";"MG";381;214,8;"NAQUE";"Acessar a via sem observar a presença dos outros veículos";"Colisão transversal";"Com Vítimas Fatais";"Pleno dia";"Crescente";"Céu Claro";"Simples";"Interseção de Vias";"Sim";2;1;0;0;1;0;0;2;-19,26345825;-42,3457167;"SPRF-MG";"DEL06-MG";"UOP01-DEL06-MG"
469855;2022-08-23;"terça-feira";"14:22:00";"SP";153;216;"MARILIA";"Ausência de reação do condutor";"Colisão traseira";"Com Vítimas Feridas";"Pleno dia";"Decrescente";"Céu Claro";"Simples";"Reta";"Não";3;0;0;1;1;2;1;4;-21,96180388;-49,92179359;"SPRF-SP";"DEL07-SP";"UOP02-DEL07-SP"
469862;2022-08-23;"terça-feira";"14:10:00";"RS";386;35,6;"FREDERICO WESTPHALEN";"Acessar a via sem observar a presença dos outros veículos";"Colisão transversal";"Com Vítimas Fatais";"Pleno dia";"Decrescente";"Sol";"Simples";"Reta";"Sim";4;1;0;1;1;1;1;3;-27,37390148;-53,39769602;"SPRF-RS";"DEL08-RS";"UOP02-DEL08-RS"
469865;2022-08-23;"terça-feira";"12:30:00";"SC";101;393,5;"CRICIUMA";"Velocidade Incompatível";"Colisão lateral mesmo sentido";"Sem Vítimas";"Pleno dia";"Crescente";"Céu Claro";"Simples";"Curva";"Não";2;0;0;0;2;0;0;2;-28,8094198;-49,37995008;"SPRF-SC";"DEL02-SC";"UOP02-DEL02-SC"
469868;2022-08-23;"terça-feira";"15:27:00";"PE";104;66;"CARUARU";"Manobra de mudança de faixa";"Colisão lateral mesmo sentido";"Com Vítimas Fatais";"Pleno dia";"Decrescente";"Chuva";"Múltipla";"Viaduto;Aclive";"Sim";2;1;0;0;1;0;0;2;-8,2937;-35,9864;"SPRF-PE";"DEL02-PE";"UOP01-DEL02-PE"
469870;2022-08-23;"terça-feira";"13:50:00";"PA";10;161;"PARAGOMINAS";"Acessar a via sem observar a presença dos outros veículos";"Colisão frontal";"Com Vítimas Feridas";"Pleno dia";"Crescente";"Céu Claro";"Simples";"Reta";"Sim";4;0;0;2;1;1;2;3;-3,0272761;-47,46507953;"SPRF-PA";"DEL02-PA";"UOP01-DEL02-PA"
469871;2022-08-23;"terça-feira";"12:25:00";"RS";158;96,4;"PALMEIRA DAS MISSOES";"Desrespeitar a preferência no cruzamento";"Colisão transversal";"Com Vítimas Feridas";"Pleno dia";"Crescente";"Céu Claro";"Simples";"Interseção de Vias";"Não";3;0;0;1;2;0;1;2;-27,86423644;-53,33220816;"SPRF-RS";"DEL08-RS";"UOP01-DEL08-RS"
469876;2022-08-23;"terça-feira";"16:40:00";"PE";407;128;"PETROLINA";"Estacionar ou parar em local proibido";"Colisão traseira";"Com Vítimas Feridas";"Pleno dia";"Decrescente";"Sol";"Dupla";"Reta";"Sim";2;0;1;0;1;0;1;2;-9,39387565;-40,51133888;"SPRF-PE";"DEL06-PE";"UOP01-DEL06-PE"
469879;2022-08-23;"terça-feira";"16:30:00";"RS";158;333;"SANTA MARIA";"Condutor deixou de manter distância do veículo da frente";"Colisão traseira";"Sem Vítimas";"Pleno dia";"Crescente";"Céu Claro";"Dupla";"Reta";"Não";4;0;0;0;3;1;0;3;-29,70846948;-53,86426102;"SPRF-RS";"DEL09-RS";"UOP01-DEL09-RS"
469880;2022-08-23;"terça-feira";"17:00:00";"CE";222;17;"CAUCAIA";"Avarias e/ou desgaste excessivo no pneu";"Colisão lateral mesmo sentido";"Com Vítimas Feridas";"Anoitecer";"Crescente";"Céu Claro";"Simples";"Declive";"Não";4;0;1;0;3;0;1;3;-3,74923332;-38,71923964;"SPRF-CE";"DEL01-CE";"UOP01-DEL01-CE"
469881;2022-08-23;"terça-feira";"15:50:00";"PE";423;67,2;"JUPI";"Demais falhas mecânicas ou elétricas";"Derramamento de carga";"Sem Vítimas";"Pleno dia";"Decrescente";"Nublado";"Simples";"Reta";"Não";3;0;0;0;1;3;0;3;-8,67054427;-36,38419094;"SPRF-PE";"DEL03-PE";"UOP01-DEL03-PE"
469885;2022-08-23;"terça-feira";"17:50:00";"PE";423;80;"JUCATI";"Reação tardia ou ineficiente do condutor";"Colisão traseira";"Com Vítimas Fatais";"Pleno dia";"Crescente";"Chuva";"Simples";"Declive";"Não";4;1;0;0;2;1;0;3;-8,76622817;-36,42895847;"SPRF-PE";"DEL03-PE";"UOP01-DEL03-PE"
469895;2022-08-23;"terça-feira";"18:55:00";"ES";259;6;"JOAO NEIVA";"Demais falhas mecânicas ou elétricas";"Colisão lateral mesmo sentido";"Com Vítimas Feridas";"Plena Noite";"Crescente";"Nublado";"Simples";"Reta";"Não";2;0;0;1;1;0;1;2;-19,69680739;-40,38547654;"SPRF-ES";"DEL02-ES";"UOP01-DEL02-ES"
469896;2022-08-23;"terça-feira";"17:00:00";"SC";280;235;"CANOINHAS";"Acessar a via sem observar a presença dos outros veículos";"Colisão transversal";"Com Vítimas Feridas";"Pleno dia";"Decrescente";"Nublado";"Simples";"Retorno Regulamentado";"Não";3;0;1;0;1;2;1;4;-26,19206283;-50,41295701;"SPRF-SC";"DEL06-SC";"UOP04-DEL06-SC"
469898;2022-06-12;"domingo";"09:30:00";"SC";116;53,9;"PAPANDUVA";"Reação tardia ou ineficiente do condutor";"Tombamento";"Com Vítimas Feridas";"Pleno dia";"Decrescente";"Céu Claro";"Dupla";"Rotatória";"Não";2;0;1;0;0;1;1;2;-26,3932492;-50,15515026;"SPRF-SC";"DEL06-SC";"UOP02-DEL06-SC"
469903;2022-08-23;"terça-feira";"19:10:00";"BA";101;245;"CONCEICAO DO ALMEIDA";"Ausência de reação do condutor";"Engavetamento";"Com Vítimas Feridas";"Plena Noite";"Crescente";"Céu Claro";"Simples";"Reta";"Não";5;0;0;3;1;1;3;4;-12,844768;-39,205898;"SPRF-BA";"DEL01-BA";"UOP02-DEL01-BA"
469904;2022-06-10;"sexta-feira";"19:58:00";"ES";101;199,3;"ARACRUZ";"Reação tardia ou ineficiente do condutor";"Colisão traseira";"Com Vítimas Feridas";"Plena Noite";"Crescente";"Céu Claro";"Simples";"Reta";"Não";3;0;0;1;1;1;1;3;-19,7194628;-40,34959416;"SPRF-ES";"DEL04-ES";"UOP01-DEL04-ES"
469909;2022-08-23;"terça-feira";"18:00:00";"RN";101;143,7;"GOIANINHA";"Manobra de mudança de faixa";"Colisão traseira";"Sem Vítimas";"Plena Noite";"Decrescente";"Chuva";"Dupla";"Reta";"Sim";3;0;0;0;3;0;0;3;-6,23717019;-35,21682501;"SPRF-RN";"DEL01-RN";"UOP01-DEL01-RN"
469914;2022-08-23;"terça-feira";"19:40:00";"MT";70;504;"CUIABA";"Ausência de reação do condutor";"Colisão traseira";"Com Vítimas Feridas";"Plena Noite";"Crescente";"Céu Claro";"Simples";"Reta";"Não";3;0;1;0;1;2;1;4;-15,66785604;-55,9564296;"SPRF-MT";"DEL01-MT";"UOP02-DEL01-MT"
469916;2022-08-23;"terça-feira";"20:00:00";"PR";376;629;"SAO JOSE DOS PINHAIS";"Demais falhas mecânicas ou elétricas";"Incêndio";"Sem Vítimas";"Plena Noite";"Crescente";"Nublado";"Dupla";"Reta";"Não";2;0;0;0;1;1;0;2;-25,67832409;-49,14963231;"SPRF-PR";"DEL01-PR";"UOP04-DEL01-PR"
469924;2022-08-23;"terça-feira";"15:56:00";"TO";153;749,8;"ALVORADA";"Reação tardia ou ineficiente do condutor";"Colisão traseira";"Sem Vítimas";"Pleno dia";"Crescente";"Céu Claro";"Simples";"Reta";"Não";2;0;0;0;2;0;0;2;-12,38391;-49,13674;"SPRF-TO";"DEL01-TO";"UOP02-DEL01-TO"
469930;2022-08-23;"terça-feira";"18:30:00";"RJ";116;198;"QUEIMADOS";"Reação tardia ou ineficiente do condutor";"Colisão traseira";"Com Vítimas Feridas";"Plena Noite";"Decrescente";"Céu Claro";"Dupla";"Reta";"Não";4;0;1;0;3;0;1;2;-22,72952183;-43,57481597;"SPRF-RJ";"DEL01-RJ";"UOP02-DEL01-RJ"
469934;2022-08-23;"terça-feira";"21:40:00";"SC";280;1;"SAO FRANCISCO DO SUL";"Condutor deixou de manter distância do veículo da frente";"Colisão traseira";"Com Vítimas Feridas";"Plena Noite";"Decrescente";"Nublado";"Simples";"Curva";"Não";3;0;1;0;1;1;1;3;-26,23513098;-48,62815601;"SPRF-SC";"DEL03-SC";"UOP03-DEL03-SC"
469936;2022-08-23;"terça-feira";"18:45:00";"RJ";116;220;"PIRAI";"Reação tardia ou ineficiente do condutor";"Tombamento";"Sem Vítimas";"Plena Noite";"Decrescente";"Céu Claro";"Dupla";"Declive";"Não";2;0;0;0;1;1;0;2;-22,682;-43,824;"SPRF-RJ";"DEL07-RJ";"UOP01-DEL07-RJ"
469938;2022-08-23;"terça-feira";"20:20:00";"PR";153;379;"MALLET";"Ausência de reação do condutor";"Colisão lateral sentido oposto";"Com Vítimas Feridas";"Plena Noite";"Crescente";"Garoa/Chuvisco";"Simples";"Curva";"Não";4;0;0;1;2;2;1;4;-25,79688596;-50,85093193;"SPRF-PR";"DEL02-PR";"UOP04-DEL02-PR"
469939;2022-08-24;"quarta-feira";"00:15:00";"RJ";101;116;"CAMPOS DOS GOYTACAZES";"Chuva";"Tombamento";"Com Vítimas Feridas";"Plena Noite";"Crescente";"Chuva";"Dupla";"Curva";"Não";3;0;2;0;0;1;2;2;-22,00307598;-41,66315777;"SPRF-RJ";"DEL08-RJ";"UOP02-DEL08-RJ"
469943;2022-08-24;"quarta-feira";"01:30:00";"RS";293;14,7;"CAPAO DO LEAO";"Ausência de reação do condutor";"Colisão frontal";"Com Vítimas Feridas";"Plena Noite";"Decrescente";"Nevoeiro/Neblina";"Simples";"Reta";"Não";3;0;1;0;1;2;1;4;-31,75233352;-52,4609969;"SPRF-RS";"DEL07-RS";"UOP01-DEL07-RS"
469945;2022-08-24;"quarta-feira";"01:15:00";"SE";235;4,8;"NOSSA SENHORA DO SOCORRO";"Velocidade Incompatível";"Colisão traseira";"Com Vítimas Feridas";"Plena Noite";"Decrescente";"Chuva";"Dupla";"Reta";"Sim";3;0;0;1;1;1;1;3;-10,9041;-37,1278;"SPRF-SE";"DEL01-SE";"UOP01-DEL01-SE"
469946;2022-08-24;"quarta-feira";"02:30:00";"SP";116;176;"GUARAREMA";"Reação tardia ou ineficiente do condutor";"Colisão traseira";"Sem Vítimas";"Plena Noite";"Decrescente";"Céu Claro";"Dupla";"Aclive";"Não";2;0;0;0;2;0;0;2;-23,32188281;-46,110083;"SPRF-SP";"DEL01-SP";"UOP01-DEL01-SP"
469948;2022-08-24;"quarta-feira";"01:30:00";"AL";101;71,4;"MESSIAS";"Demais falhas mecânicas ou elétricas";"Incêndio";"Sem Vítimas";"Plena Noite";"Crescente";"Céu Claro";"Dupla";"Reta";"Não";1;0;0;0;1;0;0;1;-9,37155696;-35,83020358;"SPRF-AL";"DEL01-AL";"UOP01-DEL01-AL"
469949;2022-08-24;"quarta-feira";"01:15:00";"RS";101;33;"TRES CACHOEIRAS";"Condutor deixou de manter distância do veículo da frente";"Colisão traseira";"Com Vítimas Feridas";"Plena Noite";"Crescente";"Céu Claro";"Dupla";"Reta";"Não";3;0;0;1;1;2;1;4;-29,5028698;-49,97956231;"SPRF-RS";"DEL03-RS";"UOP02-DEL03-RS"
469953;2022-08-24;"quarta-feira";"00:45:00";"GO";452;77;"MAURILANDIA";"Ausência de reação do condutor";"Colisão traseira";"Com Vítimas Feridas";"Plena Noite";"Decrescente";"Céu Claro";"Simples";"Reta";"Não";3;0;0;1;1;2;1;4;-18,05069974;-50,23932393;"SPRF-GO";"DEL04-GO";"UOP01-DEL04-GO"
469954;2022-08-24;"quarta-feira";"04:00:00";"MA";10;339;"ACAILANDIA";"Carga excessiva e/ou mal acondicionada";"Capotamento";"Com Vítimas Feridas";"Plena Noite";"Decrescente";"Céu Claro";"Simples";"Aclive;Reta";"Não";1;0;1;0;0;0;1;1;-4,785646;-47,499203;"SPRF-MA";"DEL04-MA";"UOP03-DEL04-MA"
469956;2022-08-24;"quarta-feira";"05:17:00";"MG";50;203;"UBERABA";"Ausência de reação do condutor";"Colisão traseira";"Com Vítimas Feridas";"Amanhecer";"Decrescente";"Céu Claro";"Dupla";"Reta";"Não";3;0;1;0;1;1;1;3;-19,92627147;-47,82191068;"SPRF-MG";"DEL13-MG";"UOP01-DEL13-MG"
469965;2022-08-23;"terça-feira";"18:10:00";"PE";423;94;"GARANHUNS";"Demais falhas na via";"Colisão traseira";"Sem Vítimas";"Plena Noite";"Decrescente";"Chuva";"Simples";"Aclive";"Sim";2;0;0;0;2;0;0;2;-8,874732;-36,46946;"SPRF-PE";"DEL03-PE";"UOP01-DEL03-PE"
469970;2022-08-24;"quarta-feira";"06:50:00";"RO";364;160;"PIMENTA BUENO";"Manobra de mudança de faixa";"Colisão lateral sentido oposto";"Com Vítimas Feridas";"Amanhecer";"Crescente";"Céu Claro";"Simples";"Curva";"Não";3;0;1;1;0;1;2;3;-11,96352798;-60,95724979;"SPRF-RO";"DEL02-RO";"UOP02-DEL02-RO"
469975;2022-07-03;"domingo";"21:35:00";"PR";277;120,1;"CAMPO LARGO";"Reação tardia ou ineficiente do condutor";"Colisão transversal";"Sem Vítimas";"Plena Noite";"Crescente";"Céu Claro";"Dupla";"Reta";"Não";4;0;0;0;3;4;0;6;-25,43651772;-49,44346612;"SPRF-PR";"DEL03-PR";"UOP03-DEL03-PR"
469978;2022-08-24;"quarta-feira";"08:41:00";"PE";232;5;"JABOATAO DOS GUARARAPES";"Transitar no acostamento";"Colisão transversal";"Sem Vítimas";"Pleno dia";"Crescente";"Céu Claro";"Dupla";"Reta";"Sim";2;0;0;0;2;0;0;2;-8,06795766;-34,94535414;"SPRF-PE";"DEL01-PE";"UOP01-DEL01-PE"
469979;2022-08-24;"quarta-feira";"07:10:00";"PR";376;398,8;"TIBAGI";"Velocidade Incompatível";"Tombamento";"Com Vítimas Feridas";"Amanhecer";"Decrescente";"Nevoeiro/Neblina";"Dupla";"Curva";"Não";1;0;0;1;0;0;1;1;-24,53224933;-50,69559574;"SPRF-PR";"DEL03-PR";"UOP02-DEL03-PR"
469983;2022-08-24;"quarta-feira";"08:50:00";"PE";101;68,5;"RECIFE";"Condutor deixou de manter distância do veículo da frente";"Colisão traseira";"Com Vítimas Feridas";"Pleno dia";"Crescente";"Céu Claro";"Dupla";"Reta";"Sim";2;0;1;0;1;0;1;2;-8,05074296;-34,94580619;"SPRF-PE";"DEL01-PE";"UOP01-DEL01-PE"
469987;2022-08-24;"quarta-feira";"07:00:00";"MG";381;874;"ESTIVA";"Velocidade Incompatível";"Saída de leito carroçável";"Com Vítimas Feridas";"Amanhecer";"Decrescente";"Sol";"Dupla";"Curva";"Não";2;0;0;1;0;2;1;3;-22,421182;-45,966079;"SPRF-MG";"DEL16-MG";"UOP01-DEL16-MG"
469989;2022-05-03;"terça-feira";"13:40:00";"PA";316;40;"SANTA IZABEL DO PARA";"Pista Escorregadia";"Saída de leito carroçável";"Com Vítimas Feridas";"Pleno dia";"Decrescente";"Chuva";"Dupla";"Curva";"Não";7;0;3;4;0;0;7;1;-1,2795637;-48,12243407;"SPRF-PA";"DEL01-PA";"UOP01-DEL01-PA"
470002;2022-08-24;"quarta-feira";"10:30:00";"SC";101;115;"ITAJAI";"Condutor deixou de manter distância do veículo da frente";"Colisão traseira";"Com Vítimas Feridas";"Pleno dia";"Crescente";"Céu Claro";"Dupla";"Reta";"Não";4;0;0;2;1;1;2;3;-26,87328792;-48,72841403;"SPRF-SC";"DEL04-SC";"UOP04-DEL04-SC"
470003;2022-08-24;"quarta-feira";"07:40:00";"SP";381;1,7;"VARGEM";"Reação tardia ou ineficiente do condutor";"Colisão traseira";"Com Vítimas Feridas";"Pleno dia";"Decrescente";"Céu Claro";"Dupla";"Curva";"Não";2;0;1;0;0;1;1;2;-22,88146043;-46,38105397;"SPRF-SP";"DEL03-SP";"UOP01-DEL03-SP"
470008;2022-08-24;"quarta-feira";"10:45:00";"PR";476;130;"CURITIBA";"Reação tardia ou ineficiente do condutor";"Colisão traseira";"Com Vítimas Feridas";"Pleno dia";"Crescente";"Céu Claro";"Múltipla";"Curva";"Sim";3;0;1;0;2;0;1;2;-25,449564;-49,236427;"SPRF-PR";"DEL01-PR";"UOP01-DEL01-PR"
470011;2022-08-24;"quarta-feira";"09:30:00";"PR";116;5,2;"CAMPINA GRANDE DO SUL";"Reação tardia ou ineficiente do condutor";"Saída de leito carroçável";"Com Vítimas Feridas";"Pleno dia";"Decrescente";"Nublado";"Dupla";"Curva";"Não";2;0;1;0;0;1;1;2;-25,08301297;-48,59994703;"SPRF-PR";"DEL01-PR";"UOP02-DEL01-PR"
470014;2022-08-12;"sexta-feira";"07:30:00";"ES";101;144,5;"LINHARES";"Reação tardia ou ineficiente do condutor";"Colisão lateral mesmo sentido";"Com Vítimas Feridas";"Pleno dia";"Decrescente";"Céu Claro";"Dupla";"Reta;Interseção de Vias";"Sim";2;0;1;0;0;1;1;2;-19,36926999;-40,06542575;"SPRF-ES";"DEL04-ES";"UOP01-DEL04-ES"
470018;2022-08-24;"quarta-feira";"12:40:00";"CE";116;16,9;"ITAITINGA";"Velocidade Incompatível";"Colisão traseira";"Com Vítimas Feridas";"Pleno dia";"Crescente";"Nublado";"Dupla";"Aclive";"Sim";2;0;1;0;1;0;1;2;-3,88732794;-38,50185439;"SPRF-CE";"DEL01-CE";"UOP02-DEL01-CE"
470024;2022-08-24;"quarta-feira";"10:50:00";"RJ";101;421;"MANGARATIBA";"Ausência de reação do condutor";"Colisão frontal";"Com Vítimas Feridas";"Pleno dia";"Decrescente";"Céu Claro";"Simples";"Curva";"Não";3;0;1;1;1;0;2;2;-22,91666975;-43,93080593;"SPRF-RJ";"DEL03-RJ";"UOP02-DEL03-RJ"
470027;2022-08-24;"quarta-feira";"10:20:00";"GO";80;3;"PADRE BERNARDO";"Velocidade Incompatível";"Tombamento";"Com Vítimas Feridas";"Pleno dia";"Crescente";"Céu Claro";"Simples";"Reta;Retorno Regulamentado";"Não";2;0;0;1;0;3;1;4;-15,49919607;-48,2213974;"SPRF-DF";"DEL03-DF";"UOP02-DEL03-DF"
470029;2022-08-24;"quarta-feira";"13:00:00";"SC";101;114;"ITAJAI";"Ausência de reação do condutor";"Colisão traseira";"Com Vítimas Feridas";"Pleno dia";"Crescente";"Céu Claro";"Múltipla";"Reta";"Sim";4;0;1;0;2;1;1;4;-26,86192886;-48,7286704;"SPRF-SC";"DEL04-SC";"UOP04-DEL04-SC"