"id";"data_inversa";"dia_semana";"horario";"uf";"br";"km";"municipio";"causa_acidente";"tipo_acidente";"classificacao_acidente";"fase_dia";"sentido_via";"condicao_metereologica";"tipo_pista";"tracado_via";"uso_solo";"pessoas";"mortos";"feridos_leves";"feridos_graves";"ilesos";"ignorados";"feridos";"veiculos";"latitude";"longitude";"regional";"delegacia";"uop"
470035;2022-08-24;"quarta-feira";"10:40:00";"SC";280;302,4;"PORTO UNIAO";"Transitar no acostamento";"Colisão traseira";"Com Vítimas Feridas";"Pleno dia";"Decrescente";"Sol";"Simples";"Reta";"Não";2;0;0;1;1;0;1;2;-26,28105521;-51,04051996;"SPRF-SC";"DEL06-SC";"UOP04-DEL06-SC"
470041;2022-08-24;"quarta-feira";"08:45:00";"MG";116;534,2;"SANTA RITA DE MINAS";"Mal súbito do condutor";"Saída de leito carroçável";"Com Vítimas Feridas";"Pleno dia";"Crescente";"Céu Claro";"Simples";"Reta";"Não";1;0;1;0;0;0;1;1;-19,84469501;-42,13981698;"SPRF-MG";"DEL06-MG";"UOP02-DEL06-MG"
470042;2022-08-24;"quarta-feira";"14:30:00";"SP";116;22;"LAVRINHAS";"Reação tardia ou ineficiente do condutor";"Colisão lateral mesmo sentido";"Com Vítimas Feridas";"Pleno dia";"Decrescente";"Céu Claro";"Dupla";"Curva";"Não";3;0;0;1;1;1;1;3;-22,58368521;-44,87772952;"SPRF-SP";"DEL08-SP";"UOP02-DEL08-SP"
470044;2022-08-24;"quarta-feira";"14:30:00";"BA";324;568;"SAO SEBASTIAO DO PASSE";"Velocidade Incompatível";"Colisão traseira";"Com Vítimas Feridas";"Pleno dia";"Crescente";"Céu Claro";"Dupla";"Reta;Declive";"Não";3;0;1;0;1;2;1;4;-12,53527699;-38,59595575;"SPRF-BA";"DEL01-BA";"UOP01-DEL01-BA"
470047;2022-08-24;"quarta-feira";"15:45:00";"SC";101;227;"PALHOCA";"Manobra de mudança de faixa";"Colisão com objeto";"Sem Vítimas";"Pleno dia";"Decrescente";"Céu Claro";"Dupla";"Reta";"Sim";2;0;0;0;1;1;0;2;-27,7509149;-48,63460277;"SPRF-SC";"DEL01-SC";"UOP02-DEL01-SC"
470048;2022-08-24;"quarta-feira";"16:26:00";"RJ";116;318,9;"ITATIAIA";"Modificação proibida";"Colisão traseira";"Sem Vítimas";"Pleno dia";"Crescente";"Céu Claro";"Múltipla";"Reta";"Sim";2;0;0;0;2;0;0;2;-22,46797868;-44,51030403;"SPRF-RJ";"DEL07-RJ";"UOP02-DEL07-RJ"
470052;2022-08-24;"quarta-feira";"11:45:00";"MT";158;578;"AGUA BOA";"Velocidade Incompatível";"Derramamento de carga";"Sem Vítimas";"Pleno dia";"Crescente";"Sol";"Simples";"Curva";"Não";2;0;0;0;1;2;0;3;-14,13004291;-52,19589907;"SPRF-MT";"DEL07-MT";"UOP02-DEL07-MT"
470058;2022-08-24;"quarta-feira";"17:00:00";"SC";101;140;"BALNEARIO CAMBORIU";"Reação tardia ou ineficiente do condutor";"Colisão traseira";"Com Vítimas Feridas";"Pleno dia";"Crescente";"Céu Claro";"Dupla";"Reta";"Sim";4;0;0;1;2;1;1;4;-27,03881189;-48,60025148;"SPRF-SC";"DEL04-SC";"UOP03-DEL04-SC"
470061;2022-08-24;"quarta-feira";"17:45:00";"SP";153;62,6;"SAO JOSE DO RIO PRETO";"Trafegar com motocicleta (ou similar) entre as faixas";"Tombamento";"Com Vítimas Feridas";"Anoitecer";"Crescente";"Céu Claro";"Dupla";"Aclive";"Sim";2;0;1;0;1;0;1;2;-20,81325404;-49,35675563;"SPRF-SP";"DEL09-SP";"UOP01-DEL09-SP"
470063;2022-08-24;"quarta-feira";"17:10:00";"MS";376;167;"NOVA ANDRADINA";"Demais falhas mecânicas ou elétricas";"Colisão frontal";"Com Vítimas Feridas";"Anoitecer";"Crescente";"Céu Claro";"Simples";"Reta";"Não";4;0;0;2;1;1;2;4;-22,31643133;-53,4225239;"SPRF-MS";"DEL04-MS";"UOP04-DEL04-MS"
470070;2022-08-24;"quarta-feira";"00:10:00";"MA";135;304,6;"DOM PEDRO";"Ingestão de álcool pelo condutor";"Colisão traseira";"Com Vítimas Feridas";"Plena Noite";"Decrescente";"Céu Claro";"Simples";"Reta";"Sim";20;0;13;5;1;1;18;3;-4,99277573;-44,42679545;"SPRF-MA";"DEL03-MA";"UOP01-DEL03-MA"
470072;2022-08-24;"quarta-feira";"17:08:00";"RS";468;78,7;"CAMPO NOVO";"Acessar a via sem observar a presença dos outros veículos";"Colisão transversal";"Com Vítimas Feridas";"Pleno dia";"Decrescente";"Sol";"Simples";"Interseção de Vias";"Não";3;0;0;1;2;0;1;2;-27,65099292;-53,85772705;"SPRF-RS";"DEL08-RS";"UOP02-DEL08-RS"
470078;2022-08-24;"quarta-feira";"19:00:00";"SP";381;25,2;"ATIBAIA";"Entrada inopinada do pedestre";"Atropelamento de Pedestre";"Com Vítimas Fatais";"Plena Noite";"Crescente";"Céu Claro";"Dupla";"Reta";"Não";3;1;0;0;1;1;0;3;-23,02018004;-46,52966596;"SPRF-SP";"DEL03-SP";"UOP01-DEL03-SP"
470081;2022-08-24;"quarta-feira";"19:15:00";"PR";369;165,7;"CAMBE";"Reação tardia ou ineficiente do condutor";"Colisão traseira";"Com Vítimas Feridas";"Plena Noite";"Decrescente";"Céu Claro";"Dupla";"Reta";"Não";5;0;1;1;2;1;2;5;-23,29538473;-51,30625427;"SPRF-PR";"DEL07-PR";"UOP01-DEL07-PR"
470093;2022-08-24;"quarta-feira";"20:13:00";"ES";101;298;"VIANA";"Acessar a via sem observar a presença dos outros veículos";"Colisão lateral mesmo sentido";"Sem Vítimas";"Plena Noite";"Decrescente";"Nublado";"Dupla";"Interseção de Vias;Reta";"Sim";2;0;0;0;1;1;0;2;-20,35374444;-40,4156433;"SPRF-ES";"DEL01-ES";"UOP01-DEL01-ES"
470095;2022-08-24;"quarta-feira";"20:20:00";"GO";70;3,7;"AGUAS LINDAS DE GOIAS";"Manobra de mudança de faixa";"Colisão lateral mesmo sentido";"Com Vítimas Feridas";"Plena Noite";"Crescente";"Céu Claro";"Dupla";"Reta";"Sim";3;0;1;0;2;0;1;3;-15,76177302;-48,2368693;"SPRF-DF";"DEL03-DF";"UOP02-DEL03-DF"
470099;2022-08-24;"quarta-feira";"19:40:00";"PR";373;430;"CHOPINZINHO";"Mal súbito do condutor";"Saída de leito carroçável";"Com Vítimas Feridas";"Pleno dia";"Crescente";"Céu Claro";"Simples";"Curva";"Não";2;0;0;1;0;1;1;2;-25,74531802;-52,23503697;"SPRF-PR";"DEL02-PR";"UOP01-DEL02-PR"
470103;2022-08-24;"quarta-feira";"19:15:00";"SC";282;483,7;"FAXINAL DOS GUEDES";"Ultrapassagem Indevida";"Colisão lateral mesmo sentido";"Com Vítimas Feridas";"Plena Noite";"Decrescente";"Céu Claro";"Simples";"Reta";"Não";4;0;1;0;2;1;1;3;-26,861937;-52,227974;"SPRF-SC";"DEL07-SC";"UOP01-DEL07-SC"
470109;2022-07-15;"sexta-feira";"12:30:00";"RJ";116;220;"PARACAMBI";"Manobra de mudança de faixa";"Derramamento de carga";"Sem Vítimas";"Pleno dia";"Crescente";"Sol";"Múltipla";"Reta";"Não";2;0;0;0;1;1;0;2;-22,69305776;-43,77362606;"SPRF-RJ";"DEL07-RJ";"UOP01-DEL07-RJ"
470113;2022-08-24;"quarta-feira";"18:15:00";"BA";324;596;"CANDEIAS";"Ausência de reação do condutor";"Queda de ocupante de veículo";"Com Vítimas Fatais";"Plena Noite";"Decrescente";"Céu Claro";"Dupla";"Reta;Declive";"Não";5;1;0;0;3;1;0;4;-12,72003796;-38,45130588;"SPRF-BA";"DEL01-BA";"UOP01-DEL01-BA"
470118;2022-08-24;"quarta-feira";"22:20:00";"SC";282;142;"BOM RETIRO";"Manobra de mudança de faixa";"Colisão frontal";"Com Vítimas Feridas";"Plena Noite";"Crescente";"Céu Claro";"Simples";"Curva";"Não";2;0;1;0;1;0;1;2;-27,813843;-49,606209;"SPRF-SC";"DEL05-SC";"UOP01-DEL05-SC"
470121;2022-07-19;"terça-feira";"21:20:00";"MG";40;461,1;"SETE LAGOAS";"Falta de elemento de contenção que evite a saída do leito carroçável";"Saída de leito carroçável";"Sem Vítimas";"Plena Noite";"Crescente";"Céu Claro";"Dupla";"Aclive;Reta";"Não";2;0;0;0;1;1;0;2;-19,40476366;-44,3340176;"SPRF-MG";"DEL02-MG";"UOP01-DEL02-MG"
470135;2022-08-25;"quinta-feira";"06:55:00";"PR";277;139;"BALSA NOVA";"Demais falhas mecânicas ou elétricas";"Colisão com objeto";"Com Vítimas Feridas";"Pleno dia";"Crescente";"Céu Claro";"Dupla";"Reta";"Não";1;0;1;0;0;0;1;1;-25,472983;-49,723545;"SPRF-PR";"DEL03-PR";"UOP03-DEL03-PR"
470141;2022-08-25;"quinta-feira";"06:45:00";"MG";381;691,4;"LAVRAS";"Condutor Dormindo";"Colisão transversal";"Com Vítimas Feridas";"Pleno dia";"Decrescente";"Céu Claro";"Dupla";"Reta;Interseção de Vias";"Não";5;0;0;2;2;3;2;6;-21,24242696;-45,13576519;"SPRF-MG";"DEL04-MG";"UOP02-DEL04-MG"
470150;2022-08-25;"quinta-feira";"07:25:00";"MG";381;487;"BETIM";"Condutor deixou de manter distância do veículo da frente";"Colisão traseira";"Sem Vítimas";"Pleno dia";"Decrescente";"Céu Claro";"Dupla";"Reta";"Sim";4;0;0;0;3;1;0;2;-19,95753704;-44,12418365;"SPRF-MG";"DEL01-MG";"UOP03-DEL01-MG"
470153;2022-08-25;"quinta-feira";"05:55:00";"PR";277;497,9;"GUARANIACU";"Ausência de reação do condutor";"Colisão traseira";"Com Vítimas Feridas";"Plena Noite";"Crescente";"Céu Claro";"Simples";"Aclive;Reta";"Não";10;0;3;1;5;2;4;5;-25,16438285;-52,69024242;"SPRF-PR";"DEL04-PR";"UOP01-DEL04-PR"
470154;2022-08-25;"quinta-feira";"05:00:00";"SC";282;177,8;"BOCAINA DO SUL";"Reação tardia ou ineficiente do condutor";"Colisão frontal";"Com Vítimas Fatais";"Plena Noite";"Crescente";"Nublado";"Simples";"Curva;Declive";"Não";5;3;1;0;0;1;1;3;-27,74212;-49,91927;"SPRF-SC";"DEL05-SC";"UOP01-DEL05-SC"
470157;2022-08-25;"quinta-feira";"09:00:00";"SC";101;328;"CAPIVARI DE BAIXO";"Ausência de reação do condutor";"Colisão transversal";"Com Vítimas Feridas";"Pleno dia";"Crescente";"Céu Claro";"Simples";"Reta";"Não";2;0;1;0;1;0;1;2;-28,43648094;-48,95989307;"SPRF-SC";"DEL02-SC";"UOP01-DEL02-SC"
470158;2022-08-25;"quinta-feira";"09:00:00";"RJ";101;274;"TANGUA";"Acesso irregular";"Atropelamento de Pedestre";"Com Vítimas Feridas";"Pleno dia";"Crescente";"Sol";"Dupla";"Reta";"Sim";3;0;1;0;1;1;1;3;-22,73506292;-42,71948103;"SPRF-RJ";"DEL02-RJ";"UOP03-DEL02-RJ"
470163;2022-07-23;"sábado";"13:30:00";"PI";343;504,5;"AMARANTE";"Ausência de reação do condutor";"Colisão lateral mesmo sentido";"Com Vítimas Feridas";"Pleno dia";"Crescente";"Céu Claro";"Simples";"Reta";"Sim";2;0;0;1;1;0;1;2;-6,246172;-42,838028;"SPRF-PI";"DEL03-PI";"UOP01-DEL03-PI"
470164;2022-08-25;"quinta-feira";"09:50:00";"BA";324;7;"FEIRA DE SANTANA";"Demais falhas mecânicas ou elétricas";"Tombamento";"Com Vítimas Feridas";"Pleno dia";"Crescente";"Nublado";"Dupla";"Curva";"Sim";3;0;1;1;0;1;2;2;-12,269363;-38,987967;"SPRF-BA";"DEL02-BA";"UOP01-DEL02-BA"
470174;2022-08-25;"quinta-feira";"08:20:00";"RS";470;228;"GARIBALDI";"Transitar na contramão";"Colisão frontal";"Com Vítimas Feridas";"Pleno dia";"Crescente";"Céu Claro";"Simples";"Retorno Regulamentado;Declive";"Não";3;0;2;0;0;1;2;3;-29,21759706;-51,51703722;"SPRF-RS";"DEL06-RS";"UOP01-DEL06-RS"
470175;2022-08-25;"quinta-feira";"10:55:00";"RS";285;125;"VACARIA";"Demais falhas mecânicas ou elétricas";"Eventos atípicos";"Com Vítimas Feridas";"Pleno dia";"Crescente";"Céu Claro";"Simples";"Curva";"Sim";5;0;1;0;2;2;1;3;-28,483797;-50,96035;"SPRF-RS";"DEL05-RS";"UOP03-DEL05-RS"
470177;2022-08-25;"quinta-feira";"11:30:00";"PI";343;8;"PARNAIBA";"Condutor deixou de manter distância do veículo da frente";"Colisão traseira";"Sem Vítimas";"Pleno dia";"Crescente";"Sol";"Simples";"Reta";"Sim";3;0;0;0;3;0;0;3;-2,899382;-41,723724;"SPRF-PI";"DEL05-PI";"UOP01-DEL05-PI"
470178;2022-08-25;"quinta-feira";"10:35:00";"SC";280;7;"SAO FRANCISCO DO SUL";"Desrespeitar a preferência no cruzamento";"Colisão transversal";"Sem Vítimas";"Pleno dia";"Crescente";"Céu Claro";"Simples";"Interseção de Vias";"Sim";3;0;0;0;2;1;0;3;-26,27127101;-48,64129599;"SPRF-SC";"DEL03-SC";"UOP03-DEL03-SC"
470183;2022-08-25;"quinta-feira";"11:45:00";"RO";364;182,3;"PIMENTA BUENO";"Ultrapassagem Indevida";"Colisão lateral mesmo sentido";"Com Vítimas Feridas";"Pleno dia";"Crescente";"Céu Claro";"Simples";"Reta";"Não";5;0;1;0;1;3;1;4;-11,76315274;-61,08465966;"SPRF-RO";"DEL02-RO";"UOP02-DEL02-RO"
470187;2022-08-25;"quinta-feira";"09:00:00";"MA";10;248,7;"IMPERATRIZ";"Acessar a via sem observar a presença dos outros veículos";"Tombamento";"Com Vítimas Feridas";"Pleno dia";"Decrescente";"Céu Claro";"Dupla";"Reta";"Sim";3;0;0;1;2;0;1;2;-5,566143;-47,449028;"SPRF-MA";"DEL04-MA";"UOP01-DEL04-MA"
470191;2022-08-25;"quinta-feira";"11:55:00";"MS";163;475;"CAMPO GRANDE";"Acessar a via sem observar a presença dos outros veículos";"Colisão transversal";"Com Vítimas Feridas";"Pleno dia";"Crescente";"Céu Claro";"Simples";"Interseção de Vias";"Sim";3;0;1;0;1;1;1;3;-20,51838231;-54,56658567;"SPRF-MS";"DEL01-MS";"UOP01-DEL01-MS"
470195;2022-08-24;"quarta-feira";"05:40:00";"SE";101;26;"MURIBECA";"Condutor deixou de manter distância do veículo da frente";"Saída de leito carroçável";"Sem Vítimas";"Amanhecer";"Crescente";"Nublado";"Dupla";"Desvio Temporário;Reta;Declive;Em Obras";"Não";1;0;0;0;1;0;0;1;-10,41385308;-36,92027362;"SPRF-SE";"DEL02-SE";"UOP02-DEL02-SE"
470198;2022-08-25;"quinta-feira";"14:00:00";"PR";116;103;"SAO JOSE DOS PINHAIS";"Ausência de reação do condutor";"Colisão traseira";"Com Vítimas Feridas";"Pleno dia";"Crescente";"Sol";"Dupla";"Reta";"Não";2;0;1;0;1;0;1;2;-25,55944814;-49,15099774;"SPRF-PR";"DEL01-PR";"UOP01-DEL01-PR"
470199;2022-07-27;"quarta-feira";"07:20:00";"MG";381;584;"CARMOPOLIS DE MINAS";"Demais falhas na via";"Colisão lateral mesmo sentido";"Com Vítimas Feridas";"Pleno dia";"Decrescente";"Céu Claro";"Dupla";"Curva";"Não";6;0;3;0;2;1;3;3;-20,52949002;-44,63874994;"SPRF-MG";"DEL04-MG";"UOP01-DEL04-MG"
470202;2022-08-25;"quinta-feira";"13:20:00";"SC";282;621;"IRACEMINHA";"Manobra de mudança de faixa";"Colisão lateral mesmo sentido";"Sem Vítimas";"Pleno dia";"Decrescente";"Céu Claro";"Simples";"Reta";"Não";3;0;0;0;2;1;0;3;-26,8032;-53,316132;"SPRF-SC";"DEL07-SC";"UOP02-DEL07-SC"
470203;2022-08-25;"quinta-feira";"13:20:00";"SC";101;274;"IMBITUBA";"Acesso irregular";"Colisão traseira";"Com Vítimas Feridas";"Pleno dia";"Decrescente";"Céu Claro";"Dupla";"Reta";"Não";3;0;0;1;1;2;1;4;-28,139772;-48,691952;"SPRF-SC";"DEL02-SC";"UOP03-DEL02-SC"
470208;2022-06-17;"sexta-feira";"17:02:00";"MA";222;524;"BURITICUPU";"Acessar a via sem observar a presença dos outros veículos";"Colisão transversal";"Com Vítimas Feridas";"Pleno dia";"Crescente";"Céu Claro";"Simples";"Reta";"Sim";2;0;1;0;1;0;1;2;-4,315447;-46,458453;"SPRF-MA";"DEL02-MA";"UOP01-DEL02-MA"
470217;2022-08-25;"quinta-feira";"17:00:00";"PE";101;45,4;"IGARASSU";"Condutor deixou de manter distância do veículo da frente";"Colisão traseira";"Sem Vítimas";"Pleno dia";"Decrescente";"Céu Claro";"Múltipla";"Reta";"Sim";3;0;0;0;2;2;0;4;-7,86521297;-34,90715176;"SPRF-PE";"DEL01-PE";"UOP02-DEL01-PE"
470218;2022-08-25;"quinta-feira";"16:00:00";"GO";153;672,5;"PANAMA";"Problema com o freio";"Incêndio";"Sem Vítimas";"Pleno dia";"Crescente";"Céu Claro";"Dupla";"Reta";"Não";2;0;0;0;1;2;0;3;-18,159;-49,2877;"SPRF-GO";"DEL03-GO";"UOP02-DEL03-GO"
470223;2022-08-25;"quinta-feira";"13:23:00";"SC";153;86;"CONCORDIA";"Velocidade Incompatível";"Saída de leito carroçável";"Sem Vítimas";"Pleno dia";"Decrescente";"Céu Claro";"Simples";"Declive;Curva";"Não";2;0;0;0;1;3;0;4;-27,14958;-51,911221;"SPRF-SC";"DEL07-SC";"UOP04-DEL07-SC"
470229;2022-08-25;"quinta-feira";"17:15:00";"CE";222;63,4;"SAO GONCALO DO AMARANTE";"Entrada inopinada do pedestre";"Atropelamento de Pedestre";"Com Vítimas Fatais";"Pleno dia";"Crescente";"Céu Claro";"Múltipla";"Reta";"Sim";4;1;0;0;1;2;0;3;-3,6717776;-39,10726798;"SPRF-CE";"DEL01-CE";"UOP03-DEL01-CE"
470230;2022-08-25;"quinta-feira";"16:15:00";"RS";471;155;"SANTA CRUZ DO SUL";"Condutor deixou de manter distância do veículo da frente";"Colisão traseira";"Com Vítimas Feridas";"Pleno dia";"Decrescente";"Sol";"Simples";"Reta";"Não";2;0;1;0;1;0;1;2;-29,861187;-52,391479;"SPRF-RS";"DEL02-RS";"UOP03-DEL02-RS"
470231;2022-08-25;"quinta-feira";"16:20:00";"MT";364;254;"JUSCIMEIRA";"Carga excessiva e/ou mal acondicionada";"Incêndio";"Sem Vítimas";"Pleno dia";"Decrescente";"Céu Claro";"Dupla";"Reta";"Não";2;0;0;0;1;1;0;2;-16,08922789;-54,86945773;"SPRF-MT";"DEL02-MT";"UOP01-DEL02-MT"
470233;2022-08-25;"quinta-feira";"18:00:00";"MG";50;76;"UBERLANDIA";"Reação tardia ou ineficiente do condutor";"Colisão com objeto";"Com Vítimas Feridas";"Plena Noite";"Crescente";"Céu Claro";"Dupla";"Reta";"Sim";3;0;1;0;1;3;1;5;-18,986906;-48,211853;"SPRF-MG";"DEL15-MG";"UOP01-DEL15-MG"
470235;2022-08-25;"quinta-feira";"17:30:00";"RS";290;94;"PORTO ALEGRE";"Manobra de mudança de faixa";"Colisão lateral mesmo sentido";"Com Vítimas Feridas";"Pleno dia";"Decrescente";"Céu Claro";"Dupla";"Curva";"Não";4;0;1;0;2;2;1;4;-29,97528996;-51,19884253;"SPRF-RS";"DEL01-RS";"UOP01-DEL01-RS"
470238;2022-08-25;"quinta-feira";"15:15:00";"GO";153;553;"PROFESSOR JAMIL";"Velocidade Incompatível";"Colisão com objeto";"Com Vítimas Feridas";"Pleno dia";"Decrescente";"Céu Claro";"Dupla";"Reta";"Não";6;0;2;2;1;1;4;3;-17,1682;-49,2117;"SPRF-GO";"DEL01-GO";"UOP03-DEL01-GO"
470239;2022-08-25;"quinta-feira";"17:05:00";"GO";153;619,9;"MORRINHOS";"Velocidade Incompatível";"Colisão traseira";"Com Vítimas Feridas";"Pleno dia";"Crescente";"Céu Claro";"Dupla";"Reta";"Não";4;0;2;0;1;1;2;3;-17,7129;-49,1549;"SPRF-GO";"DEL03-GO";"UOP01-DEL03-GO"
470241;2022-08-25;"quinta-feira";"18:20:00";"RS";386;37,5;"FREDERICO WESTPHALEN";"Reação tardia ou ineficiente do condutor";"Colisão traseira";"Com Vítimas Feridas";"Anoitecer";"Decrescente";"Céu Claro";"Simples";"Reta";"Sim";2;0;1;0;1;0;1;2;-27,38464794;-53,39982033;"SPRF-RS";"DEL08-RS";"UOP02-DEL08-RS"
470245;2022-08-25;"quinta-feira";"19:15:00";"GO";153;201;"URUACU";"Acessar a via sem observar a presença dos outros veículos";"Colisão transversal";"Com Vítimas Feridas";"Plena Noite";"Crescente";"Céu Claro";"Simples";"Interseção de Vias";"Sim";4;0;1;2;1;0;3;2;-14,53279353;-49,16079283;"SPRF-GO";"DEL07-GO";"UOP02-DEL07-GO"
470246;2022-08-25;"quinta-feira";"19:00:00";"GO";60;109,4;"GOIANAPOLIS";"Ausência de reação do condutor";"Colisão traseira";"Com Vítimas Feridas";"Plena Noite";"Decrescente";"Céu Claro";"Dupla";"Aclive;Reta";"Não";2;0;0;1;1;0;1;2;-16,448874;-49,026435;"SPRF-GO";"DEL01-GO";"UOP01-DEL01-GO"
470247;2022-08-25;"quinta-feira";"17:10:00";"RJ";116;224;"PARACAMBI";"Mal súbito do condutor";"Saída de leito carroçável";"Com Vítimas Feridas";"Anoitecer";"Crescente";"Céu Claro";"Dupla";"Reta";"Não";4;0;3;0;1;0;3;1;-22,65622313;-43,82139444;"SPRF-RJ";"DEL07-RJ";"UOP01-DEL07-RJ"
470248;2022-08-25;"quinta-feira";"08:48:00";"PE";116;26;"SALGUEIRO";"Acessar a via sem observar a presença dos outros veículos";"Atropelamento de Pedestre";"Com Vítimas Feridas";"Pleno dia";"Crescente";"Céu Claro";"Simples";"Reta";"Sim";2;0;1;0;1;0;1;2;-8,069921;-39,13364;"SPRF-PE";"DEL05-PE";"UOP01-DEL05-PE"
470249;2022-08-25;"quinta-feira";"18:45:00";"GO";40;23,7;"LUZIANIA";"Ausência de reação do condutor";"Colisão traseira";"Com Vítimas Feridas";"Plena Noite";"Decrescente";"Céu Claro";"Dupla";"Reta;Retorno Regulamentado";"Não";3;0;1;0;1;1;1;3;-16,252738;-47,900437;"SPRF-DF";"DEL01-DF";"UOP01-DEL01-DF"
470250;2022-08-25;"quinta-feira";"17:20:00";"MS";163;86;"ITAQUIRAI";"Ultrapassagem Indevida";"Colisão com objeto";"Com Vítimas Fatais";"Anoitecer";"Decrescente";"Céu Claro";"Simples";"Reta";"Não";4;2;0;0;1;6;0;9;-23,396976;-54,210569;"SPRF-MS";"DEL09-MS";"UOP01-DEL09-MS"
470251;2022-08-25;"quinta-feira";"18:30:00";"PE";101;80,4;"JABOATAO DOS GUARARAPES";"Ingestão de álcool pelo condutor";"Colisão traseira";"Sem Vítimas";"Plena Noite";"Decrescente";"Nublado";"Dupla";"Reta";"Sim";4;0;0;0;3;1;0;4;-8,154948;-34,941563;"SPRF-PE";"DEL01-PE";"UOP01-DEL01-PE"
470252;2022-08-25;"quinta-feira";"17:00:00";"SC";470;70;"INDAIAL";"Ausência de reação do condutor";"Colisão lateral mesmo sentido";"Com Vítimas Feridas";"Pleno dia";"Crescente";"Céu Claro";"Simples";"Reta";"Não";2;0;0;1;1;0;1;2;-26,889374;-49,254478;"SPRF-SC";"DEL04-SC";"UOP01-DEL04-SC"
470253;2022-08-25;"quinta-feira";"19:30:00";"MG";40;271;"SAO GONCALO DO ABAETE";"Acessar a via sem observar a presença dos outros veículos";"Colisão transversal";"Com Vítimas Feridas";"Plena Noite";"Decrescente";"Céu Claro";"Simples";"Reta;Declive";"Não";3;0;2;0;1;0;2;2;-18,17756133;-45,27818317;"SPRF-MG";"DEL14-MG";"UOP02-DEL14-MG"
470260;2022-08-25;"quinta-feira";"19:20:00";"MS";262;366,7;"CAMPO GRANDE";"Acessar a via sem observar a presença dos outros veículos";"Colisão lateral mesmo sentido";"Com Vítimas Feridas";"Plena Noite";"Crescente";"Céu Claro";"Dupla";"Rotatória";"Não";3;0;1;0;1;2;1;4;-20,47734957;-54,75069718;"SPRF-MS";"DEL01-MS";"UOP03-DEL01-MS"
470262;2022-08-25;"quinta-feira";"17:00:00";"PR";153;497,3;"GENERAL CARNEIRO";"Reação tardia ou ineficiente do condutor";"Saída de leito carroçável";"Com Vítimas Feridas";"Pleno dia";"Crescente";"Sol";"Simples";"Curva";"Não";2;0;1;0;0;2;1;3;-26,34447082;-51,27828078;"SPRF-PR";"DEL02-PR";"UOP03-DEL02-PR"
470264;2022-08-25;"quinta-feira";"14:35:00";"MA";135;107,1;"SAO JOAO DOS PATOS";"Velocidade Incompatível";"Colisão traseira";"Com Vítimas Feridas";"Pleno dia";"Crescente";"Céu Claro";"Simples";"Declive;Curva";"Não";4;0;3;0;0;2;3;5;-6,50776403;-43,81377697;"SPRF-MA";"DEL01-MA";"UOP02-DEL01-MA"
470274;2022-08-25;"quinta-feira";"20:45:00";"PR";163;83,4;"PLANALTO";"Acessar a via sem observar a presença dos outros veículos";"Colisão lateral mesmo sentido";"Sem Vítimas";"Plena Noite";"Decrescente";"Céu Claro";"Simples";"Reta";"Não";3;0;0;0;2;2;0;4;-25,706662;-53,771016;"SPRF-PR";"DEL02-PR";"UOP02-DEL02-PR"
470276;2022-08-25;"quinta-feira";"19:20:00";"MT";70;381,4;"CAMPO VERDE";"Acessar a via sem observar a presença dos outros veículos";"Colisão lateral mesmo sentido";"Com Vítimas Feridas";"Anoitecer";"Crescente";"Céu Claro";"Dupla";"Rotatória";"Não";3;0;1;0;1;3;1;5;-15,52081988;-55,12450612;"SPRF-MT";"DEL05-MT";"UOP02-DEL05-MT"
470280;2022-08-25;"quinta-feira";"21:20:00";"MT";163;1068;"GUARANTA DO NORTE";"Acesso irregular";"Colisão frontal";"Com Vítimas Feridas";"Plena Noite";"Crescente";"Céu Claro";"Dupla";"Declive";"Sim";7;0;1;5;0;2;6;4;-9,940638;-54,903255;"SPRF-MT";"DEL06-MT";"NPF/DEL06-MT"
470284;2022-08-25;"quinta-feira";"19:35:00";"MA";10;155;"PORTO FRANCO";"Ingestão de álcool pelo condutor";"Colisão frontal";"Com Vítimas Feridas";"Plena Noite";"Crescente";"Céu Claro";"Simples";"Reta";"Não";2;0;0;1;1;0;1;2;-6,36363;-47,378646;"SPRF-MA";"DEL04-MA";"UOP02-DEL04-MA"
470292;2022-08-25;"quinta-feira";"17:30:00";"MA";135;348;"PRESIDENTE DUTRA";"Transitar na contramão";"Colisão frontal";"Com Vítimas Fatais";"Pleno dia";"Crescente";"Céu Claro";"Simples";"Reta";"Não";2;1;0;0;1;0;0;2;-5,35861999;-44,47063598;"SPRF-MA";"DEL06-MA";"UOP01-DEL06-MA"
470293;2022-08-25;"quinta-feira";"22:30:00";"MT";364;573;"NOBRES";"Demais falhas mecânicas ou elétricas";"Incêndio";"Sem Vítimas";"Plena Noite";"Decrescente";"Céu Claro";"Dupla";"Curva";"Não";2;0;0;0;1;2;0;3;-14,70707506;-56,32215373;"SPRF-MT";"DEL01-MT";"UOP01-DEL01-MT"
470297;2022-08-25;"quinta-feira";"20:30:00";"MG";116;804;"ALEM PARAIBA";"Acesso irregular";"Colisão transversal";"Sem Vítimas";"Plena Noite";"Crescente";"Céu Claro";"Simples";"Reta";"Não";3;0;0;0;2;1;0;3;-21,79286161;-42,71488284;"SPRF-MG";"DEL07-MG";"UOP01-DEL07-MG"