"id";"data_inversa";"dia_semana";"horario";"uf";"br";"km";"municipio";"causa_acidente";"tipo_acidente";"classificacao_acidente";"fase_dia";"sentido_via";"condicao_metereologica";"tipo_pista";"tracado_via";"uso_solo";"pessoas";"mortos";"feridos_leves";"feridos_graves";"ilesos";"ignorados";"feridos";"veiculos";"latitude";"longitude";"regional";"delegacia";"uop"
470301;2022-08-25;"quinta-feira";"21:00:00";"SC";101;56,9;"JOINVILLE";"Estacionar ou parar em local proibido";"Colisão traseira";"Com Vítimas Feridas";"Plena Noite";"Crescente";"Nublado";"Múltipla";"Interseção de Vias";"Sim";2;0;1;0;1;0;1;2;-26,43207484;-48,82263984;"SPRF-SC";"DEL03-SC";"UOP01-DEL03-SC"
470309;2022-08-26;"sexta-feira";"05:25:00";"SC";101;23,9;"JOINVILLE";"Demais falhas mecânicas ou elétricas";"Incêndio";"Sem Vítimas";"Plena Noite";"Crescente";"Nevoeiro/Neblina";"Múltipla";"Curva";"Não";2;0;0;0;1;2;0;3;-26,16582501;-48,90742427;"SPRF-SC";"DEL03-SC";"UOP01-DEL03-SC"
470311;2022-08-26;"sexta-feira";"01:30:00";"MA";316;618,3;"TIMON";"Carga excessiva e/ou mal acondicionada";"Tombamento";"Com Vítimas Feridas";"Plena Noite";"Decrescente";"Céu Claro";"Dupla";"Reta";"Sim";1;0;1;0;0;0;1;1;-5,111158;-42,826832;"SPRF-MA";"DEL03-MA";"UOP02-DEL03-MA"
470314;2022-08-26;"sexta-feira";"05:30:00";"SP";381;0,8;"VARGEM";"Reação tardia ou ineficiente do condutor";"Tombamento";"Sem Vítimas";"Pleno dia";"Decrescente";"Sol";"Dupla";"Declive";"Não";2;0;0;0;1;1;0;2;-22,878674;-46,372143;"SPRF-SP";"DEL03-SP";"UOP01-DEL03-SP"
470316;2022-08-26;"sexta-feira";"06:56:00";"SP";116;453;"REGISTRO";"Ausência de reação do condutor";"Colisão com objeto";"Com Vítimas Feridas";"Pleno dia";"Crescente";"Céu Claro";"Dupla";"Curva";"Não";2;0;1;0;1;0;1;1;-24,56168114;-47,86752174;"SPRF-SP";"DEL05-SP";"UOP01-DEL05-SP"
470318;2022-08-26;"sexta-feira";"01:40:00";"MG";50;106;"UBERABA";"Condutor Dormindo";"Saída de leito carroçável";"Com Vítimas Feridas";"Plena Noite";"Decrescente";"Céu Claro";"Dupla";"Em Obras;Reta";"Não";2;0;1;0;0;1;1;2;-19,18854094;-48,15509282;"SPRF-MG";"DEL13-MG";"UOP01-DEL13-MG"
470325;2022-08-26;"sexta-feira";"07:00:00";"BA";116;652;"JEQUIE";"Problema com o freio";"Incêndio";"Sem Vítimas";"Pleno dia";"Decrescente";"Céu Claro";"Simples";"Reta";"Não";2;0;0;0;1;1;0;2;-13,62855903;-40,09262869;"SPRF-BA";"DEL03-BA";"UOP01-DEL03-BA"
470327;2022-08-26;"sexta-feira";"07:09:00";"DF";20;18;"BRASILIA";"Transitar no acostamento";"Colisão lateral mesmo sentido";"Sem Vítimas";"Pleno dia";"Crescente";"Céu Claro";"Múltipla";"Aclive";"Sim";2;0;0;0;2;0;0;2;-15,616901;-47,708927;"SPRF-DF";"DEL02-DF";"UOP01-DEL02-DF"
470344;2022-08-26;"sexta-feira";"06:00:00";"BA";101;534;"SAO JOSE DA VITORIA";"Velocidade Incompatível";"Tombamento";"Com Vítimas Feridas";"Amanhecer";"Decrescente";"Chuva";"Simples";"Declive;Curva";"Não";3;0;1;1;0;2;2;3;-15,1537051;-39,40306294;"SPRF-BA";"DEL05-BA";"UOP01-DEL05-BA"
470350;2022-08-26;"sexta-feira";"08:00:00";"RS";471;154;"SANTA CRUZ DO SUL";"Reação tardia ou ineficiente do condutor";"Colisão lateral mesmo sentido";"Com Vítimas Feridas";"Pleno dia";"Decrescente";"Céu Claro";"Simples";"Reta";"Não";4;0;0;1;1;3;1;5;-29,81532748;-52,40409851;"SPRF-RS";"DEL02-RS";"UOP03-DEL02-RS"
470357;2022-08-26;"sexta-feira";"09:02:00";"SC";282;510;"XANXERE";"Frear bruscamente";"Tombamento";"Com Vítimas Feridas";"Pleno dia";"Decrescente";"Céu Claro";"Simples";"Curva";"Não";2;0;1;0;1;0;1;2;-26,897114;-52,463585;"SPRF-SC";"DEL07-SC";"UOP01-DEL07-SC"
470361;2022-08-26;"sexta-feira";"07:00:00";"PR";373;435,9;"CHOPINZINHO";"Ingestão de álcool e/ou substâncias psicoativas pelo pedestre";"Colisão traseira";"Com Vítimas Feridas";"Pleno dia";"Crescente";"Céu Claro";"Simples";"Reta";"Não";3;0;1;0;1;1;1;3;-25,77547319;-52,2647957;"SPRF-PR";"DEL02-PR";"UOP01-DEL02-PR"
470365;2022-08-26;"sexta-feira";"08:00:00";"SC";163;114,5;"GUARUJA DO SUL";"Ultrapassagem Indevida";"Colisão frontal";"Com Vítimas Feridas";"Pleno dia";"Crescente";"Céu Claro";"Simples";"Reta";"Não";3;0;1;0;1;2;1;4;-26,376165;-53,5287321;"SPRF-SC";"DEL07-SC";"UOP03-DEL07-SC"
470367;2022-08-26;"sexta-feira";"10:50:00";"MG";381;506,1;"BETIM";"Acessar a via sem observar a presença dos outros veículos";"Colisão traseira";"Com Vítimas Feridas";"Pleno dia";"Crescente";"Céu Claro";"Dupla";"Declive";"Não";5;0;1;0;3;1;1;5;-20,05039397;-44,27962502;"SPRF-MG";"DEL01-MG";"UOP03-DEL01-MG"
470370;2022-08-26;"sexta-feira";"10:40:00";"SP";116;154;"SAO JOSE DOS CAMPOS";"Ausência de reação do condutor";"Colisão lateral mesmo sentido";"Com Vítimas Feridas";"Pleno dia";"Crescente";"Céu Claro";"Dupla";"Reta";"Sim";3;0;1;0;1;1;1;3;-23,23903999;-45,92061901;"SPRF-SP";"DEL02-SP";"UOP01-DEL02-SP"
470372;2022-08-26;"sexta-feira";"10:00:00";"PE";101;51,5;"PAULISTA";"Ultrapassagem Indevida";"Colisão lateral mesmo sentido";"Com Vítimas Feridas";"Pleno dia";"Decrescente";"Sol";"Múltipla";"Reta";"Sim";3;0;0;1;1;1;1;3;-7,9169968;-34,89689272;"SPRF-PE";"DEL01-PE";"UOP02-DEL01-PE"
470374;2022-08-26;"sexta-feira";"11:20:00";"GO";414;412,7;"ABADIANIA";"Condutor deixou de manter distância do veículo da frente";"Colisão traseira";"Com Vítimas Feridas";"Pleno dia";"Crescente";"Céu Claro";"Simples";"Reta";"Não";2;0;0;1;0;1;1;2;-16,07287818;-48,8532177;"SPRF-GO";"DEL02-GO";"UOP01-DEL02-GO"
470375;2022-08-26;"sexta-feira";"10:10:00";"CE";222;45;"SAO GONCALO DO AMARANTE";"Demais falhas mecânicas ou elétricas";"Colisão com objeto";"Com Vítimas Feridas";"Pleno dia";"Crescente";"Céu Claro";"Simples";"Reta";"Não";5;0;1;0;4;0;1;2;-3,67349567;-38,94937096;"SPRF-CE";"DEL01-CE";"UOP03-DEL01-CE"
470380;2022-08-26;"sexta-feira";"11:30:00";"MG";381;452,8;"SABARA";"Condutor Dormindo";"Colisão lateral sentido oposto";"Com Vítimas Feridas";"Pleno dia";"Decrescente";"Céu Claro";"Simples";"Curva";"Sim";3;0;2;0;1;0;2;2;-19,84339604;-43,88596993;"SPRF-MG";"DEL01-MG";"UOP01-DEL01-MG"
470391;2022-08-23;"terça-feira";"09:30:00";"BA";242;527;"OLIVEIRA DOS BREJINHOS";"Demais falhas mecânicas ou elétricas";"Incêndio";"Sem Vítimas";"Pleno dia";"Crescente";"Céu Claro";"Simples";"Reta";"Não";2;0;0;0;1;3;0;4;-12,28236947;-42,68271417;"SPRF-BA";"DEL06-BA";"UOP01-DEL06-BA"
470392;2022-08-26;"sexta-feira";"11:55:00";"SC";282;506;"XANXERE";"Ausência de reação do condutor";"Colisão lateral mesmo sentido";"Sem Vítimas";"Pleno dia";"Crescente";"Céu Claro";"Dupla";"Reta";"Não";3;0;0;0;2;1;0;3;-26,885712;-52,42907;"SPRF-SC";"DEL07-SC";"UOP01-DEL07-SC"
470393;2022-08-26;"sexta-feira";"12:00:00";"MG";40;699;"BARBACENA";"Manobra de mudança de faixa";"Colisão lateral mesmo sentido";"Com Vítimas Feridas";"Pleno dia";"Crescente";"Céu Claro";"Dupla";"Reta;Aclive";"Sim";3;0;1;0;1;1;1;3;-21,16945;-43,756498;"SPRF-MG";"DEL05-MG";"UOP02-DEL05-MG"
470395;2022-08-26;"sexta-feira";"11:40:00";"PA";230;116;"MARABA";"Acessar a via sem observar a presença dos outros veículos";"Colisão transversal";"Com Vítimas Feridas";"Pleno dia";"Crescente";"Céu Claro";"Dupla";"Retorno Regulamentado";"Sim";3;0;0;1;2;0;1;2;-5,35947454;-49,08301084;"SPRF-PA";"DEL03-PA";"UOP01-DEL03-PA"
470414;2022-08-26;"sexta-feira";"03:50:00";"MT";364;1155;"CAMPOS DE JULIO";"Ultrapassagem Indevida";"Colisão lateral mesmo sentido";"Com Vítimas Fatais";"Amanhecer";"Crescente";"Céu Claro";"Simples";"Reta";"Não";6;2;1;1;1;2;2;5;-13,55601968;-59,04134427;"SPRF-MT";"DEL04-MT";"UOP01-DEL04-MT"
470416;2022-08-26;"sexta-feira";"14:30:00";"BA";116;758,7;"POCOES";"Velocidade Incompatível";"Colisão transversal";"Com Vítimas Feridas";"Pleno dia";"Decrescente";"Nublado";"Simples";"Reta;Retorno Regulamentado";"Sim";3;0;1;0;1;2;1;4;-14,48268504;-40,33737489;"SPRF-BA";"DEL08-BA";"UOP02-DEL08-BA"
470425;2022-08-26;"sexta-feira";"10:35:00";"MT";364;349;"SANTO ANTONIO DO LEVERGER";"Velocidade Incompatível";"Colisão traseira";"Com Vítimas Feridas";"Pleno dia";"Crescente";"Céu Claro";"Dupla";"Curva;Aclive";"Não";3;0;0;1;1;3;1;5;-15,80502622;-55,5546431;"SPRF-MT";"DEL05-MT";"UOP02-DEL05-MT"
470433;2022-08-26;"sexta-feira";"17:00:00";"MG";365;6;"MONTES CLAROS";"Velocidade Incompatível";"Saída de leito carroçável";"Com Vítimas Feridas";"Pleno dia";"Decrescente";"Céu Claro";"Simples";"Curva";"Não";2;0;0;1;1;0;1;1;-16,76417412;-43,88409886;"SPRF-MG";"DEL12-MG";"UOP01-DEL12-MG"
470441;2022-08-26;"sexta-feira";"17:00:00";"GO";153;440,8;"ANAPOLIS";"Condutor Dormindo";"Saída de leito carroçável";"Com Vítimas Feridas";"Pleno dia";"Crescente";"Céu Claro";"Dupla";"Reta";"Sim";1;0;1;0;0;0;1;1;-16,306765;-48,923847;"SPRF-GO";"DEL02-GO";"UOP01-DEL02-GO"
470447;2022-08-26;"sexta-feira";"16:00:00";"MT";158;796,9;"BARRA DO GARCAS";"Problema com o freio";"Colisão com objeto";"Sem Vítimas";"Pleno dia";"Decrescente";"Céu Claro";"Simples";"Interseção de Vias";"Sim";2;0;0;0;1;2;0;3;-15,87425662;-52,31551604;"SPRF-MT";"DEL07-MT";"UOP01-DEL07-MT"
470454;2022-08-26;"sexta-feira";"18:20:00";"RN";406;168;"SAO GONCALO DO AMARANTE";"Objeto estático sobre o leito carroçável";"Colisão traseira";"Com Vítimas Feridas";"Plena Noite";"Crescente";"Céu Claro";"Dupla";"Rotatória";"Sim";2;0;1;0;1;0;1;2;-5,75269453;-35,31535484;"SPRF-RN";"DEL02-RN";"UOP01-DEL02-RN"
470455;2022-08-26;"sexta-feira";"18:20:00";"PB";101;87;"JOAO PESSOA";"Trafegar com motocicleta (ou similar) entre as faixas";"Colisão lateral mesmo sentido";"Com Vítimas Feridas";"Plena Noite";"Decrescente";"Céu Claro";"Múltipla";"Viaduto";"Sim";2;0;1;0;0;1;1;2;-7,16552706;-34,89770528;"SPRF-PB";"DEL01-PB";"UOP01-DEL01-PB"
470460;2022-08-26;"sexta-feira";"17:29:00";"AL";101;182,3;"JUNQUEIRO";"Condutor deixou de manter distância do veículo da frente";"Colisão traseira";"Sem Vítimas";"Plena Noite";"Crescente";"Céu Claro";"Dupla";"Aclive";"Não";3;0;0;0;2;1;0;3;-9,8991741;-36,42042097;"SPRF-AL";"DEL02-AL";"UOP02-DEL02-AL"
470464;2022-08-26;"sexta-feira";"19:20:00";"SP";116;189;"SANTA ISABEL";"Ausência de reação do condutor";"Colisão traseira";"Com Vítimas Feridas";"Plena Noite";"Crescente";"Nublado";"Múltipla";"Reta";"Não";2;0;1;0;1;0;1;2;-23,36435234;-46,22488684;"SPRF-SP";"DEL01-SP";"UOP01-DEL01-SP"
470465;2022-08-26;"sexta-feira";"16:45:00";"MG";116;286,3;"TEOFILO OTONI";"Carga excessiva e/ou mal acondicionada";"Derramamento de carga";"Sem Vítimas";"Pleno dia";"Decrescente";"Céu Claro";"Simples";"Aclive;Curva";"Não";2;0;0;0;1;1;0;2;-17,93577075;-41,52783055;"SPRF-MG";"DEL11-MG";"UOP01-DEL11-MG"
470468;2022-08-26;"sexta-feira";"16:50:00";"SC";101;127;"ITAJAI";"Reação tardia ou ineficiente do condutor";"Colisão traseira";"Com Vítimas Feridas";"Pleno dia";"Crescente";"Céu Claro";"Dupla";"Reta";"Não";3;0;0;2;0;1;2;2;-26,9639319;-48,68328024;"SPRF-SC";"DEL04-SC";"UOP04-DEL04-SC"
470471;2022-08-26;"sexta-feira";"19:10:00";"PE";407;129;"PETROLINA";"Faixas de trânsito com largura insuficiente";"Colisão lateral mesmo sentido";"Com Vítimas Feridas";"Plena Noite";"Crescente";"Céu Claro";"Simples";"Ponte";"Sim";4;0;3;0;1;0;3;2;-9,40095;-40,503649;"SPRF-PE";"DEL06-PE";"UOP01-DEL06-PE"
470472;2022-08-13;"sábado";"01:15:00";"MG";153;55,9;"MONTE ALEGRE DE MINAS";"Condutor deixou de manter distância do veículo da frente";"Colisão traseira";"Com Vítimas Fatais";"Plena Noite";"Decrescente";"Céu Claro";"Dupla";"Declive;Reta";"Não";5;1;2;0;1;1;2;4;-18,85895798;-49,07613398;"SPRF-MG";"DEL15-MG";"UOP03-DEL15-MG"
470479;2022-08-26;"sexta-feira";"18:40:00";"GO";60;86;"ANAPOLIS";"Ingestão de substâncias psicoativas pelo condutor";"Colisão traseira";"Sem Vítimas";"Plena Noite";"Decrescente";"Céu Claro";"Dupla";"Reta";"Não";2;0;0;0;1;1;0;2;-16,3212;-48,8728;"SPRF-GO";"DEL02-GO";"UOP01-DEL02-GO"
470494;2022-08-26;"sexta-feira";"15:32:00";"RS";392;348,4;"SANTA MARIA";"Acessar a via sem observar a presença dos outros veículos";"Colisão transversal";"Com Vítimas Feridas";"Pleno dia";"Decrescente";"Céu Claro";"Simples";"Reta";"Sim";3;0;0;1;1;1;1;3;-29,7526249;-53,7898177;"SPRF-RS";"DEL09-RS";"UOP01-DEL09-RS"
470497;2022-08-26;"sexta-feira";"19:20:00";"GO";20;140,3;"FLORES DE GOIAS";"Entrada inopinada do pedestre";"Atropelamento de Pedestre";"Com Vítimas Feridas";"Plena Noite";"Crescente";"Céu Claro";"Simples";"Reta";"Não";3;0;0;1;1;1;1;3;-14,772248;-46,68399;"SPRF-DF";"DEL02-DF";"UOP03-DEL02-DF"
470498;2022-08-26;"sexta-feira";"21:10:00";"RS";290;261,5;"CACHOEIRA DO SUL";"Desrespeitar a preferência no cruzamento";"Colisão transversal";"Com Vítimas Feridas";"Plena Noite";"Decrescente";"Céu Claro";"Simples";"Reta";"Não";3;0;1;0;1;1;1;3;-30,263657;-52,845249;"SPRF-RS";"DEL02-RS";"UOP03-DEL02-RS"
470499;2022-08-26;"sexta-feira";"07:50:00";"MT";174;486;"COMODORO";"Ingestão de álcool e/ou substâncias psicoativas pelo pedestre";"Atropelamento de Pedestre";"Com Vítimas Feridas";"Pleno dia";"Decrescente";"Céu Claro";"Simples";"Reta";"Sim";3;0;1;0;1;3;1;5;-13,65634179;-59,79467309;"SPRF-MT";"DEL04-MT";"UOP01-DEL04-MT"
470506;2022-08-26;"sexta-feira";"16:14:00";"TO";153;84,5;"WANDERLANDIA";"Condutor usando celular";"Saída de leito carroçável";"Com Vítimas Feridas";"Pleno dia";"Crescente";"Céu Claro";"Simples";"Reta";"Não";2;0;1;0;0;2;1;3;-6,80404493;-48,015346;"SPRF-TO";"DEL02-TO";"UOP01-DEL02-TO"
470511;2022-08-26;"sexta-feira";"17:00:00";"PR";376;339;"ORTIGUEIRA";"Velocidade Incompatível";"Tombamento";"Com Vítimas Feridas";"Pleno dia";"Crescente";"Céu Claro";"Simples";"Declive;Curva";"Não";2;0;0;1;0;1;1;2;-24,16423688;-50,96922472;"SPRF-PR";"DEL07-PR";"UOP02-DEL07-PR"
470524;2022-08-26;"sexta-feira";"22:30:00";"MG";40;461,7;"SETE LAGOAS";"Carga excessiva e/ou mal acondicionada";"Tombamento";"Com Vítimas Feridas";"Plena Noite";"Crescente";"Céu Claro";"Dupla";"Declive";"Não";1;0;1;0;0;0;1;1;-19,4065509;-44,33367766;"SPRF-MG";"DEL02-MG";"UOP01-DEL02-MG"
470530;2022-08-27;"sábado";"00:00:00";"MG";153;59;"MONTE ALEGRE DE MINAS";"Demais falhas mecânicas ou elétricas";"Saída de leito carroçável";"Com Vítimas Feridas";"Plena Noite";"Decrescente";"Vento";"Simples";"Declive;Reta";"Não";2;0;1;0;0;1;1;2;-18,88622703;-49,05195006;"SPRF-MG";"DEL15-MG";"UOP03-DEL15-MG"
470535;2022-08-26;"sexta-feira";"22:30:00";"SC";282;426,4;"VARGEM BONITA";"Transitar na contramão";"Colisão lateral sentido oposto";"Com Vítimas Fatais";"Plena Noite";"Decrescente";"Céu Claro";"Simples";"Curva";"Não";19;1;0;1;16;1;1;4;-26,978425;-51,759594;"SPRF-SC";"DEL07-SC";"UOP05-DEL07-SC"
470553;2022-08-27;"sábado";"05:10:00";"BA";407;57,3;"JUAZEIRO";"Acessar a via sem observar a presença dos outros veículos";"Colisão transversal";"Com Vítimas Fatais";"Amanhecer";"Crescente";"Céu Claro";"Simples";"Reta";"Sim";3;1;0;0;2;0;0;3;-9,87216168;-40,28692137;"SPRF-BA";"DEL04-BA";"UOP01-DEL04-BA"
470557;2022-08-19;"sexta-feira";"16:35:00";"SC";101;207;"SAO JOSE";"Condutor deixou de manter distância do veículo da frente";"Colisão com objeto";"Com Vítimas Feridas";"Pleno dia";"Decrescente";"Céu Claro";"Múltipla";"Declive;Reta";"Sim";5;0;1;0;4;0;1;4;-27,60001226;-48,6226467;"SPRF-SC";"DEL01-SC";"UOP01-DEL01-SC"
470559;2022-08-27;"sábado";"02:15:00";"SC";116;81;"MONTE CASTELO";"Reação tardia ou ineficiente do condutor";"Colisão com objeto";"Sem Vítimas";"Plena Noite";"Decrescente";"Céu Claro";"Múltipla";"Reta";"Não";1;0;0;0;1;0;0;1;-26,57054621;-50,22160649;"SPRF-SC";"DEL06-SC";"UOP02-DEL06-SC"
470560;2022-08-26;"sexta-feira";"18:15:00";"RS";392;57,9;"RIO GRANDE";"Ingestão de álcool e/ou substâncias psicoativas pelo pedestre";"Saída de leito carroçável";"Sem Vítimas";"Anoitecer";"Decrescente";"Céu Claro";"Dupla";"Reta";"Não";2;0;0;0;1;1;0;2;-31,81173799;-52,32339689;"SPRF-RS";"DEL07-RS";"UOP02-DEL07-RS"
470568;2022-08-27;"sábado";"02:00:00";"BA";110;366;"CATU";"Problema na suspensão";"Saída de leito carroçável";"Com Vítimas Feridas";"Plena Noite";"Decrescente";"Chuva";"Simples";"Declive";"Não";3;0;2;0;0;1;2;2;-12,40314093;-38,3898051;"SPRF-BA";"DEL01-BA";"UOP04-DEL01-BA"
470572;2022-08-27;"sábado";"01:00:00";"RJ";40;61;"PETROPOLIS";"Ausência de reação do condutor";"Colisão lateral mesmo sentido";"Com Vítimas Fatais";"Plena Noite";"Crescente";"Vento";"Dupla";"Curva";"Não";3;1;0;0;2;0;0;2;-22,40240833;-43,13786279;"SPRF-RJ";"DEL05-RJ";"UOP02-DEL05-RJ"
470577;2022-08-27;"sábado";"06:40:00";"MA";10;312,7;"ACAILANDIA";"Manobra de mudança de faixa";"Colisão frontal";"Com Vítimas Fatais";"Amanhecer";"Crescente";"Céu Claro";"Simples";"Declive";"Não";3;1;0;0;1;1;0;3;-5,008836;-47,545898;"SPRF-MA";"DEL04-MA";"UOP03-DEL04-MA"
470579;2022-08-27;"sábado";"08:30:00";"PA";230;98;"SAO JOAO DO ARAGUAIA";"Entrada inopinada do pedestre";"Atropelamento de Pedestre";"Com Vítimas Feridas";"Pleno dia";"Crescente";"Céu Claro";"Simples";"Reta";"Sim";4;0;0;1;1;3;1;4;-5,41919096;-48,93656196;"SPRF-PA";"DEL03-PA";"UOP01-DEL03-PA"
470580;2022-08-27;"sábado";"09:30:00";"PR";373;237,4;"GUAMIRANGA";"Velocidade Incompatível";"Saída de leito carroçável";"Com Vítimas Feridas";"Pleno dia";"Crescente";"Céu Claro";"Simples";"Curva";"Não";2;0;1;0;0;2;1;3;-25,19023004;-50,73977299;"SPRF-PR";"DEL03-PR";"UOP04-DEL03-PR"
470581;2022-06-06;"segunda-feira";"23:45:00";"MG";365;410;"PATOS DE MINAS";"Carga excessiva e/ou mal acondicionada";"Tombamento";"Com Vítimas Feridas";"Plena Noite";"Crescente";"Céu Claro";"Simples";"Ponte";"Não";2;0;1;0;0;1;1;2;-18,65773478;-46,52207118;"SPRF-MG";"DEL10-MG";"UOP01-DEL10-MG"
470589;2022-08-27;"sábado";"01:00:00";"PR";376;523,8;"PONTA GROSSA";"Condutor Dormindo";"Saída de leito carroçável";"Sem Vítimas";"Plena Noite";"Crescente";"Céu Claro";"Dupla";"Reta";"Sim";1;0;0;0;1;0;0;1;-25,30994042;-49,88529732;"SPRF-PR";"DEL03-PR";"UOP01-DEL03-PR"
470590;2022-08-27;"sábado";"10:50:00";"BA";324;494;"FEIRA DE SANTANA";"Trafegar com motocicleta (ou similar) entre as faixas";"Colisão lateral mesmo sentido";"Com Vítimas Feridas";"Pleno dia";"Decrescente";"Céu Claro";"Simples";"Reta";"Sim";2;0;1;0;1;0;1;2;-12,06227794;-38,9703083;"SPRF-BA";"DEL02-BA";"UOP01-DEL02-BA"
470592;2022-08-27;"sábado";"11:30:00";"PE";101;82,5;"JABOATAO DOS GUARARAPES";"Demais falhas na via";"Colisão traseira";"Com Vítimas Feridas";"Pleno dia";"Crescente";"Céu Claro";"Múltipla";"Reta";"Sim";2;0;0;1;1;0;1;2;-8,168383;-34,9376;"SPRF-PE";"DEL01-PE";"UOP01-DEL01-PE"
470596;2022-08-27;"sábado";"11:52:00";"SP";116;506;"CAJATI";"Problema com o freio";"Incêndio";"Sem Vítimas";"Pleno dia";"Decrescente";"Céu Claro";"Dupla";"Reta";"Não";2;0;0;0;1;1;0;2;-24,8119065;-48,2108577;"SPRF-SP";"DEL05-SP";"UOP02-DEL05-SP"
470599;2022-08-27;"sábado";"10:50:00";"PI";316;2;"TERESINA";"Entrada inopinada do pedestre";"Atropelamento de Pedestre";"Com Vítimas Feridas";"Pleno dia";"Decrescente";"Sol";"Dupla";"Rotatória";"Sim";4;0;0;1;1;4;1;5;-5,124695;-42,798886;"SPRF-PI";"DEL01-PI";"UOP02-DEL01-PI"
470600;2022-08-27;"sábado";"11:00:00";"PE";423;97;"GARANHUNS";"Pedestre andava na pista";"Atropelamento de Pedestre";"Com Vítimas Fatais";"Pleno dia";"Crescente";"Sol";"Simples";"Reta";"Sim";2;1;0;0;1;0;0;2;-8,8796227;-36,49484286;"SPRF-PE";"DEL03-PE";"UOP01-DEL03-PE"
470601;2022-08-27;"sábado";"09:00:00";"RS";285;270,8;"MATO CASTELHANO";"Carga excessiva e/ou mal acondicionada";"Derramamento de carga";"Sem Vítimas";"Pleno dia";"Crescente";"Céu Claro";"Simples";"Reta";"Sim";2;0;0;0;1;2;0;3;-28,287241;-52,169132;"SPRF-RS";"DEL08-RS";"UOP03-DEL08-RS"
470607;2022-08-27;"sábado";"12:00:00";"PA";163;993;"SANTAREM";"Ingestão de álcool pelo condutor";"Colisão traseira";"Com Vítimas Feridas";"Pleno dia";"Crescente";"Céu Claro";"Simples";"Reta";"Não";3;0;1;0;2;0;1;2;-2,529841;-54,722595;"SPRF-PA";"DEL05-PA";"UOP01-DEL05-PA"
470609;2022-08-27;"sábado";"13:30:00";"MG";381;940;"EXTREMA";"Manobra de mudança de faixa";"Colisão lateral mesmo sentido";"Com Vítimas Feridas";"Pleno dia";"Decrescente";"Céu Claro";"Dupla";"Reta";"Não";5;0;3;0;1;1;3;3;-22,85421396;-46,33740277;"SPRF-MG";"DEL16-MG";"UOP03-DEL16-MG"
470610;2022-08-27;"sábado";"12:30:00";"PE";101;123;"ESCADA";"Demais falhas mecânicas ou elétricas";"Colisão com objeto";"Com Vítimas Feridas";"Pleno dia";"Crescente";"Chuva";"Dupla";"Reta";"Não";2;0;1;0;0;1;1;2;-8,35963442;-35,20419694;"SPRF-PE";"DEL01-PE";"UOP03-DEL01-PE"
470612;2022-08-27;"sábado";"13:47:00";"PR";476;148;"ARAUCARIA";"Acessar a via sem observar a presença dos outros veículos";"Colisão transversal";"Com Vítimas Feridas";"Pleno dia";"Crescente";"Céu Claro";"Dupla";"Reta";"Sim";3;0;0;1;1;1;1;3;-25,557121;-49,348732;"SPRF-PR";"DEL01-PR";"UOP03-DEL01-PR"
470613;2022-08-27;"sábado";"13:10:00";"PA";230;126;"MARABA";"Ultrapassagem Indevida";"Colisão frontal";"Com Vítimas Feridas";"Pleno dia";"Crescente";"Céu Claro";"Simples";"Declive;Reta";"Não";5;0;0;2;1;2;2;4;-5,37587385;-49,15164398;"SPRF-PA";"DEL03-PA";"UOP01-DEL03-PA"
470614;2022-08-27;"sábado";"13:10:00";"RN";406;126;"TAIPU";"Acessar a via sem observar a presença dos outros veículos";"Colisão transversal";"Com Vítimas Feridas";"Pleno dia";"Crescente";"Sol";"Simples";"Reta";"Sim";3;0;1;0;1;1;1;3;-5,60075079;-35,61643132;"SPRF-RN";"DEL02-RN";"UOP01-DEL02-RN"
470615;2022-08-27;"sábado";"11:20:00";"MT";364;310;"JACIARA";"Reação tardia ou ineficiente do condutor";"Saída de leito carroçável";"Com Vítimas Feridas";"Pleno dia";"Crescente";"Céu Claro";"Dupla";"Reta";"Não";2;0;1;0;0;1;1;2;-15,81540349;-55,23875092;"SPRF-MT";"DEL05-MT";"UOP02-DEL05-MT"
470619;2022-08-27;"sábado";"10:35:00";"SC";116;94,8;"MONTE CASTELO";"Transitar na contramão";"Colisão frontal";"Com Vítimas Fatais";"Pleno dia";"Crescente";"Sol";"Simples";"Reta;Declive";"Não";2;1;0;0;1;0;0;2;-26,670652;-50,284847;"SPRF-SC";"DEL06-SC";"UOP02-DEL06-SC"
470625;2022-08-27;"sábado";"14:39:00";"MG";50;9;"ARAGUARI";"Ausência de reação do condutor";"Colisão traseira";"Sem Vítimas";"Pleno dia";"Crescente";"Céu Claro";"Dupla";"Reta";"Não";2;0;0;0;0;2;0;2;-18,49737007;-48,04354824;"SPRF-MG";"DEL15-MG";"UOP02-DEL15-MG"
470633;2022-08-27;"sábado";"16:20:00";"BA";116;428;"FEIRA DE SANTANA";"Manobra de mudança de faixa";"Colisão lateral mesmo sentido";"Sem Vítimas";"Pleno dia";"Crescente";"Céu Claro";"Dupla";"Reta";"Não";3;0;0;0;2;3;0;5;-12,28801046;-39,00373926;"SPRF-BA";"DEL02-BA";"UOP01-DEL02-BA"
470640;2022-08-27;"sábado";"16:50:00";"PI";316;391;"FRANCISCO MACEDO";"Transitar na contramão";"Colisão frontal";"Com Vítimas Fatais";"Pleno dia";"Decrescente";"Céu Claro";"Simples";"Reta;Declive";"Não";3;1;0;0;1;1;0;3;-7,28618984;-40,82555981;"SPRF-PI";"DEL04-PI";"UOP03-DEL04-PI"
470641;2022-08-27;"sábado";"15:30:00";"GO";60;113,5;"TEREZOPOLIS DE GOIAS";"Pedestre andava na pista";"Atropelamento de Pedestre";"Com Vítimas Feridas";"Pleno dia";"Decrescente";"Céu Claro";"Múltipla";"Reta";"Sim";3;0;0;1;1;1;1;3;-16,4572;-49,0567;"SPRF-GO";"DEL01-GO";"UOP01-DEL01-GO"