"id";"data_inversa";"dia_semana";"horario";"uf";"br";"km";"municipio";"causa_acidente";"tipo_acidente";"classificacao_acidente";"fase_dia";"sentido_via";"condicao_metereologica";"tipo_pista";"tracado_via";"uso_solo";"pessoas";"mortos";"feridos_leves";"feridos_graves";"ilesos";"ignorados";"feridos";"veiculos";"latitude";"longitude";"regional";"delegacia";"uop"
470642;2022-08-27;"sábado";"15:30:00";"TO";153;184;"NOVA OLINDA";"Objeto estático sobre o leito carroçável";"Eventos atípicos";"Com Vítimas Feridas";"Pleno dia";"Crescente";"Céu Claro";"Simples";"Reta";"Não";2;0;0;1;0;1;1;2;-7,51327207;-48,39265684;"SPRF-TO";"DEL02-TO";"UOP01-DEL02-TO"
470644;2022-08-27;"sábado";"11:08:00";"MT";364;148;"PEDRA PRETA";"Acostamento em desnível";"Saída de leito carroçável";"Com Vítimas Feridas";"Pleno dia";"Crescente";"Céu Claro";"Simples";"Reta";"Não";2;0;1;0;0;2;1;3;-16,79954137;-54,18799724;"SPRF-MT";"DEL02-MT";"UOP01-DEL02-MT"
470648;2022-08-27;"sábado";"13:30:00";"MT";70;332;"DOM AQUINO";"Avarias e/ou desgaste excessivo no pneu";"Colisão com objeto";"Com Vítimas Feridas";"Pleno dia";"Crescente";"Céu Claro";"Simples";"Reta";"Não";4;0;2;0;1;3;2;5;-15,51528107;-54,72453099;"SPRF-MT";"DEL05-MT";"UOP01-DEL05-MT"
470654;2022-08-27;"sábado";"17:30:00";"SC";101;41;"JOINVILLE";"Ausência de reação do condutor";"Colisão com objeto";"Com Vítimas Feridas";"Pleno dia";"Decrescente";"Céu Claro";"Dupla";"Curva;Aclive";"Sim";2;0;0;1;0;1;1;2;-26,28215489;-48,88973081;"SPRF-SC";"DEL03-SC";"UOP01-DEL03-SC"
470656;2022-05-03;"terça-feira";"09:30:00";"PA";316;65,7;"CASTANHAL";"Manobra de mudança de faixa";"Colisão lateral mesmo sentido";"Com Vítimas Feridas";"Pleno dia";"Crescente";"Céu Claro";"Dupla";"Reta";"Sim";4;0;0;1;2;1;1;4;-1,29580361;-47,91084002;"SPRF-PA";"DEL01-PA";"UOP01-DEL01-PA"
470660;2022-08-27;"sábado";"16:00:00";"PR";116;28;"CAMPINA GRANDE DO SUL";"Velocidade Incompatível";"Tombamento";"Com Vítimas Feridas";"Pleno dia";"Decrescente";"Céu Claro";"Dupla";"Curva";"Não";2;0;1;0;0;1;1;2;-25,10670298;-48,80405799;"SPRF-PR";"DEL01-PR";"UOP02-DEL01-PR"
470670;2022-08-27;"sábado";"19:10:00";"RJ";101;56;"CAMPOS DOS GOYTACAZES";"Acessar a via sem observar a presença dos outros veículos";"Colisão lateral mesmo sentido";"Com Vítimas Feridas";"Plena Noite";"Decrescente";"Céu Claro";"Simples";"Reta";"Sim";3;0;1;0;1;1;1;3;-21,68714199;-41,31063697;"SPRF-RJ";"DEL08-RJ";"UOP01-DEL08-RJ"
470675;2022-08-27;"sábado";"18:20:00";"MS";163;168;"JUTI";"Pedestre andava na pista";"Atropelamento de Pedestre";"Com Vítimas Fatais";"Amanhecer";"Crescente";"Céu Claro";"Simples";"Reta";"Não";2;1;0;0;0;1;0;2;-22,88883092;-54,58126796;"SPRF-MS";"DEL09-MS";"UOP01-DEL09-MS"
470679;2022-08-27;"sábado";"19:40:00";"SC";101;100;"BALNEARIO PICARRAS";"Ultrapassagem Indevida";"Colisão com objeto";"Sem Vítimas";"Plena Noite";"Decrescente";"Céu Claro";"Dupla";"Reta";"Não";2;0;0;0;1;1;0;2;-26,75482787;-48,68993675;"SPRF-SC";"DEL03-SC";"UOP02-DEL03-SC"
470682;2022-08-27;"sábado";"12:30:00";"AL";101;191;"JUNQUEIRO";"Curva acentuada";"Tombamento";"Com Vítimas Feridas";"Pleno dia";"Crescente";"Garoa/Chuvisco";"Simples";"Curva";"Sim";5;0;1;0;1;3;1;4;-9,93330214;-36,47155881;"SPRF-AL";"DEL02-AL";"UOP02-DEL02-AL"
470688;2022-08-27;"sábado";"19:10:00";"PI";343;289;"ALTOS";"Transitar na contramão";"Colisão frontal";"Com Vítimas Feridas";"Plena Noite";"Crescente";"Céu Claro";"Simples";"Reta";"Não";3;0;1;1;0;2;2;4;-4,945915;-42,337227;"SPRF-PI";"DEL01-PI";"UOP03-DEL01-PI"
470690;2022-08-27;"sábado";"10:40:00";"BA";30;318;"RIO DO ANTONIO";"Fumaça";"Colisão frontal";"Com Vítimas Fatais";"Pleno dia";"Crescente";"Céu Claro";"Simples";"Reta";"Não";3;2;0;0;1;0;0;2;-14,21056452;-42,0943451;"SPRF-BA";"DEL08-BA";"UOP01-DEL08-BA"
470695;2022-08-27;"sábado";"18:50:00";"BA";407;108;"JAGUARARI";"Ultrapassagem Indevida";"Capotamento";"Com Vítimas Feridas";"Plena Noite";"Crescente";"Céu Claro";"Simples";"Reta";"Não";5;0;1;0;3;1;1;3;-10,29777402;-40,16974209;"SPRF-BA";"DEL04-BA";"UOP01-DEL04-BA"
470728;2022-08-27;"sábado";"20:00:00";"GO";158;195;"CAIAPONIA";"Ausência de reação do condutor";"Colisão traseira";"Com Vítimas Feridas";"Plena Noite";"Crescente";"Céu Claro";"Simples";"Em Obras";"Não";3;0;1;0;1;2;1;4;-17,27298878;-51,89494754;"SPRF-GO";"DEL05-GO";"UOP01-DEL05-GO"
470741;2022-08-27;"sábado";"22:50:00";"RS";290;182,6;"MINAS DO LEAO";"Desrespeitar a preferência no cruzamento";"Colisão transversal";"Com Vítimas Feridas";"Plena Noite";"Decrescente";"Chuva";"Simples";"Interseção de Vias";"Sim";3;0;1;0;1;2;1;4;-30,14393961;-52,04532623;"SPRF-RS";"DEL02-RS";"UOP03-DEL02-RS"
470743;2022-08-28;"domingo";"00:05:00";"RJ";101;137;"CARAPEBUS";"Entrada inopinada do pedestre";"Atropelamento de Pedestre";"Com Vítimas Fatais";"Plena Noite";"Decrescente";"Nublado";"Dupla";"Curva";"Não";2;1;0;0;0;1;0;2;-22,15452252;-41,73977437;"SPRF-RJ";"DEL08-RJ";"UOP04-DEL08-RJ"
470759;2022-08-27;"sábado";"07:00:00";"CE";116;25;"ITAITINGA";"Demais falhas mecânicas ou elétricas";"Colisão com objeto";"Sem Vítimas";"Pleno dia";"Decrescente";"Sol";"Dupla";"Reta";"Não";1;0;0;0;1;0;0;1;-3,96633279;-38,51525324;"SPRF-CE";"DEL01-CE";"UOP02-DEL01-CE"
470769;2022-08-28;"domingo";"02:50:00";"BA";116;860,9;"VITORIA DA CONQUISTA";"Transitar na contramão";"Colisão lateral sentido oposto";"Com Vítimas Feridas";"Plena Noite";"Decrescente";"Céu Claro";"Simples";"Reta";"Não";6;0;4;0;1;2;4;4;-15;-41,04195;"SPRF-BA";"DEL08-BA";"UOP01-DEL08-BA"
470772;2022-08-28;"domingo";"06:40:00";"RJ";101;222;"SILVA JARDIM";"Reação tardia ou ineficiente do condutor";"Tombamento";"Com Vítimas Feridas";"Pleno dia";"Decrescente";"Nevoeiro/Neblina";"Dupla";"Curva";"Não";2;0;1;0;1;0;1;1;-22,51762059;-42,336715;"SPRF-RJ";"DEL02-RJ";"UOP03-DEL02-RJ"
470775;2022-08-28;"domingo";"07:15:00";"MG";262;366,9;"JUATUBA";"Reação tardia ou ineficiente do condutor";"Colisão traseira";"Com Vítimas Fatais";"Pleno dia";"Decrescente";"Sol";"Dupla";"Reta";"Sim";3;1;0;0;1;1;0;3;-19,974217;-44,261798;"SPRF-MG";"DEL01-MG";"UOP03-DEL01-MG"
470777;2022-08-28;"domingo";"04:30:00";"RJ";393;164,9;"TRES RIOS";"Reação tardia ou ineficiente do condutor";"Tombamento";"Com Vítimas Feridas";"Plena Noite";"Decrescente";"Céu Claro";"Simples";"Curva";"Não";3;0;2;0;0;1;2;2;-22,11074015;-43,11764107;"SPRF-RJ";"DEL05-RJ";"UOP02-DEL05-RJ"
470785;2022-08-27;"sábado";"15:40:00";"RO";435;114;"CEREJEIRAS";"Demais falhas mecânicas ou elétricas";"Tombamento";"Com Vítimas Feridas";"Anoitecer";"Crescente";"Céu Claro";"Simples";"Reta";"Não";1;0;1;0;0;0;1;1;-13,1895014;-60,73025902;"SPRF-RO";"DEL04-RO";"UOP02-DEL04-RO"
470786;2022-08-27;"sábado";"16:00:00";"RO";364;70,9;"VILHENA";"Condutor deixou de manter distância do veículo da frente";"Colisão lateral mesmo sentido";"Sem Vítimas";"Pleno dia";"Decrescente";"Céu Claro";"Dupla";"Reta";"Não";3;0;0;0;2;2;0;4;-12,45997357;-60,50376957;"SPRF-RO";"DEL04-RO";"UOP01-DEL04-RO"
470797;2022-08-28;"domingo";"08:00:00";"SP";381;88,3;"GUARULHOS";"Reação tardia ou ineficiente do condutor";"Colisão com objeto";"Com Vítimas Feridas";"Pleno dia";"Decrescente";"Céu Claro";"Múltipla";"Reta";"Sim";4;0;2;0;1;1;2;3;-23,47469314;-46,56112919;"SPRF-SP";"DEL03-SP";"UOP01-DEL03-SP"
470798;2022-08-28;"domingo";"05:55:00";"RS";116;595;"ARROIO GRANDE";"Condutor Dormindo";"Saída de leito carroçável";"Sem Vítimas";"Pleno dia";"Decrescente";"Nublado";"Simples";"Declive;Reta";"Não";2;0;0;0;0;2;0;2;-32,13419521;-52,95364171;"SPRF-RS";"DEL07-RS";"UOP03-DEL07-RS"
470799;2022-08-28;"domingo";"02:30:00";"MG";40;279;"TRES MARIAS";"Ingestão de álcool pelo condutor";"Colisão traseira";"Com Vítimas Feridas";"Plena Noite";"Crescente";"Céu Claro";"Simples";"Reta;Aclive";"Não";5;0;1;1;2;1;2;3;-18,22833211;-45,2202001;"SPRF-MG";"DEL14-MG";"UOP02-DEL14-MG"
470805;2022-08-28;"domingo";"08:08:00";"RN";304;264;"SAO PEDRO";"Condutor deixou de manter distância do veículo da frente";"Colisão traseira";"Com Vítimas Feridas";"Pleno dia";"Decrescente";"Céu Claro";"Simples";"Reta";"Não";3;0;2;0;1;0;2;2;-5,8566823;-35,62992183;"SPRF-RN";"DEL01-RN";"UOP02-DEL01-RN"
470815;2022-08-28;"domingo";"11:30:00";"SP";116;128;"CACAPAVA";"Manobra de mudança de faixa";"Colisão lateral mesmo sentido";"Sem Vítimas";"Pleno dia";"Crescente";"Céu Claro";"Dupla";"Reta";"Sim";3;0;0;0;2;1;0;3;-23,11454664;-45,71105567;"SPRF-SP";"DEL02-SP";"UOP02-DEL02-SP"
470816;2022-08-28;"domingo";"10:40:00";"RS";386;27;"FREDERICO WESTPHALEN";"Transitar na contramão";"Colisão frontal";"Com Vítimas Feridas";"Pleno dia";"Decrescente";"Chuva";"Simples";"Reta";"Não";2;0;0;1;1;0;1;2;-27,305323;-53,370804;"SPRF-RS";"DEL08-RS";"UOP02-DEL08-RS"
470821;2022-08-28;"domingo";"08:22:00";"SC";101;404,2;"ARARANGUA";"Mal súbito do condutor";"Saída de leito carroçável";"Com Vítimas Feridas";"Pleno dia";"Decrescente";"Garoa/Chuvisco";"Múltipla";"Reta";"Sim";3;0;0;1;1;1;1;3;-28,896121;-49,471658;"SPRF-SC";"DEL02-SC";"UOP02-DEL02-SC"
470828;2022-08-28;"domingo";"12:50:00";"PR";376;313,7;"ORTIGUEIRA";"Velocidade Incompatível";"Tombamento";"Com Vítimas Feridas";"Pleno dia";"Crescente";"Céu Claro";"Dupla";"Curva";"Não";2;0;1;0;0;1;1;2;-24,01071301;-51,09287371;"SPRF-PR";"DEL07-PR";"UOP02-DEL07-PR"
470837;2022-08-28;"domingo";"14:00:00";"ES";259;59;"COLATINA";"Acessar a via sem observar a presença dos outros veículos";"Colisão frontal";"Com Vítimas Feridas";"Pleno dia";"Crescente";"Céu Claro";"Simples";"Reta";"Não";3;0;2;0;0;1;2;2;-19,52125411;-40,66594194;"SPRF-ES";"DEL02-ES";"UOP01-DEL02-ES"
470839;2022-08-28;"domingo";"13:30:00";"MG";459;67;"SENADOR JOSE BENTO";"Velocidade Incompatível";"Tombamento";"Com Vítimas Feridas";"Pleno dia";"Crescente";"Sol";"Simples";"Curva;Declive";"Sim";1;0;1;0;0;0;1;1;-22,131327;-46,181057;"SPRF-MG";"DEL09-MG";"UOP01-DEL09-MG"
470846;2022-08-28;"domingo";"14:30:00";"PR";277;102;"SAO JOSE DOS PINHAIS";"Reação tardia ou ineficiente do condutor";"Colisão traseira";"Com Vítimas Feridas";"Pleno dia";"Crescente";"Céu Claro";"Dupla";"Reta";"Sim";4;0;1;0;2;3;1;6;-25,56891407;-49,18094158;"SPRF-PR";"DEL01-PR";"UOP06-DEL01-PR"
470847;2022-08-28;"domingo";"07:30:00";"MA";135;145,5;"MATOES DO NORTE";"Condutor Dormindo";"Colisão lateral sentido oposto";"Sem Vítimas";"Pleno dia";"Crescente";"Sol";"Simples";"Reta";"Não";2;0;0;0;2;0;0;2;-3,71557602;-44,51527912;"SPRF-MA";"DEL01-MA";"UOP02-DEL01-MA"
470851;2022-08-28;"domingo";"14:05:00";"MT";163;837;"SINOP";"Ingestão de álcool pelo condutor";"Colisão lateral mesmo sentido";"Sem Vítimas";"Pleno dia";"Decrescente";"Céu Claro";"Dupla";"Reta";"Sim";3;0;0;0;2;2;0;4;-11,83647007;-55,48886418;"SPRF-MT";"DEL06-MT";"NPF/DEL06-MT"
470856;2022-08-28;"domingo";"09:20:00";"SP";116;359,2;"MIRACATU";"Velocidade Incompatível";"Tombamento";"Com Vítimas Fatais";"Pleno dia";"Decrescente";"Céu Claro";"Dupla";"Curva";"Não";3;1;1;0;0;1;1;2;-24,10993763;-47,2693634;"SPRF-SP";"DEL04-SP";"UOP02-DEL04-SP"
470861;2022-08-28;"domingo";"14:29:00";"GO";20;18;"FORMOSA";"Pista em desnível";"Saída de leito carroçável";"Sem Vítimas";"Pleno dia";"Crescente";"Céu Claro";"Simples";"Declive;Reta";"Não";2;0;0;0;1;1;0;2;-15,556626;-47,195999;"SPRF-DF";"DEL02-DF";"UOP01-DEL02-DF"
470864;2022-08-28;"domingo";"09:45:00";"SC";470;281;"BRUNOPOLIS";"Reação tardia ou ineficiente do condutor";"Colisão frontal";"Com Vítimas Feridas";"Pleno dia";"Crescente";"Chuva";"Simples";"Curva";"Não";3;0;1;0;1;1;1;3;-27,334003;-50,872852;"SPRF-SC";"DEL07-SC";"UOP06-DEL07-SC"
470868;2022-08-28;"domingo";"13:10:00";"RO";364;513;"ARIQUEMES";"Acessar a via sem observar a presença dos outros veículos";"Colisão lateral mesmo sentido";"Com Vítimas Feridas";"Pleno dia";"Crescente";"Nublado";"Simples";"Curva";"Sim";2;0;0;1;0;1;1;2;-9,94283084;-63,05467875;"SPRF-RO";"DEL03-RO";"UOP01-DEL03-RO"
470872;2022-08-28;"domingo";"17:00:00";"PR";116;114;"CURITIBA";"Ausência de reação do condutor";"Colisão lateral mesmo sentido";"Com Vítimas Feridas";"Pleno dia";"Crescente";"Céu Claro";"Dupla";"Reta";"Sim";6;0;4;0;1;2;4;4;-25,56296907;-49,25643801;"SPRF-PR";"DEL01-PR";"UOP06-DEL01-PR"
470875;2022-08-28;"domingo";"17:10:00";"PR";277;32;"MORRETES";"Demais falhas mecânicas ou elétricas";"Incêndio";"Sem Vítimas";"Anoitecer";"Crescente";"Garoa/Chuvisco";"Dupla";"Curva;Declive";"Não";2;0;0;0;1;2;0;3;-25,547373;-48,790559;"SPRF-PR";"DEL01-PR";"UOP05-DEL01-PR"
470882;2022-08-28;"domingo";"16:30:00";"MG";365;753;"ITUIUTABA";"Acessar a via sem observar a presença dos outros veículos";"Colisão traseira";"Sem Vítimas";"Pleno dia";"Crescente";"Céu Claro";"Simples";"Reta;Em Obras";"Sim";3;0;0;0;1;2;0;3;-18,947495;-49,45934;"SPRF-MG";"DEL15-MG";"UOP03-DEL15-MG"
470887;2022-08-28;"domingo";"07:00:00";"TO";226;68;"WANDERLANDIA";"Ultrapassagem Indevida";"Colisão traseira";"Com Vítimas Fatais";"Pleno dia";"Decrescente";"Céu Claro";"Simples";"Reta";"Não";5;1;1;0;2;24;1;28;-6,834774;-47,918655;"SPRF-TO";"DEL02-TO";"UOP03-DEL02-TO"
470902;2022-08-28;"domingo";"18:55:00";"PR";376;16;"MARINGA";"Manobra de mudança de faixa";"Colisão lateral mesmo sentido";"Com Vítimas Feridas";"Plena Noite";"Crescente";"Céu Claro";"Dupla";"Viaduto";"Não";4;0;1;0;2;2;1;4;-23,42193121;-51,88375181;"SPRF-PR";"DEL09-PR";"UOP01-DEL09-PR"
470904;2022-08-28;"domingo";"18:05:00";"PR";277;138;"BALSA NOVA";"Ingestão de álcool pelo condutor";"Colisão com objeto";"Com Vítimas Feridas";"Anoitecer";"Decrescente";"Céu Claro";"Dupla";"Aclive";"Não";2;0;1;0;0;1;1;2;-25,476422;-49,713848;"SPRF-PR";"DEL03-PR";"UOP03-DEL03-PR"
470906;2022-08-28;"domingo";"18:32:00";"PR";376;366;"ORTIGUEIRA";"Manobra de mudança de faixa";"Colisão lateral mesmo sentido";"Com Vítimas Feridas";"Plena Noite";"Decrescente";"Céu Claro";"Simples";"Reta";"Não";6;0;3;0;3;0;3;2;-24,35375003;-50,82296603;"SPRF-PR";"DEL07-PR";"UOP02-DEL07-PR"
470907;2022-08-28;"domingo";"20:00:00";"TO";153;491;"PARAISO DO TOCANTINS";"Transitar na contramão";"Colisão frontal";"Com Vítimas Feridas";"Plena Noite";"Crescente";"Céu Claro";"Simples";"Declive";"Sim";3;0;0;1;1;1;1;3;-10,14363203;-48,8866818;"SPRF-TO";"DEL01-TO";"UOP01-DEL01-TO"
470911;2022-08-28;"domingo";"19:20:00";"MT";364;543;"ROSARIO OESTE";"Transitar na contramão";"Colisão frontal";"Com Vítimas Fatais";"Plena Noite";"Crescente";"Céu Claro";"Simples";"Ponte";"Sim";2;1;0;0;1;0;0;2;-14,90512097;-56,4679881;"SPRF-MT";"DEL01-MT";"UOP01-DEL01-MT"
470913;2022-08-28;"domingo";"19:10:00";"MG";116;179,3;"PADRE PARAISO";"Reação tardia ou ineficiente do condutor";"Colisão com objeto";"Sem Vítimas";"Anoitecer";"Crescente";"Nublado";"Simples";"Reta";"Sim";2;0;0;0;1;1;0;2;-17,0764477;-41,48612089;"SPRF-MG";"DEL11-MG";"UOP02-DEL11-MG"
470916;2022-08-28;"domingo";"20:30:00";"RN";101;116,3;"SAO JOSE DE MIPIBU";"Acessar a via sem observar a presença dos outros veículos";"Colisão transversal";"Sem Vítimas";"Plena Noite";"Crescente";"Céu Claro";"Dupla";"Interseção de Vias";"Sim";2;0;0;0;2;0;0;2;-6,00019771;-35,26006222;"SPRF-RN";"DEL01-RN";"UOP01-DEL01-RN"
470918;2022-08-28;"domingo";"19:30:00";"SC";101;16;"GARUVA";"Demais falhas mecânicas ou elétricas";"Incêndio";"Sem Vítimas";"Plena Noite";"Crescente";"Chuva";"Dupla";"Declive";"Não";2;0;0;0;1;1;0;2;-26,11427473;-48,87647034;"SPRF-SC";"DEL03-SC";"UOP01-DEL03-SC"
470933;2022-08-28;"domingo";"21:00:00";"GO";50;306;"CUMARI";"Ausência de reação do condutor";"Tombamento";"Sem Vítimas";"Plena Noite";"Crescente";"Céu Claro";"Dupla";"Curva";"Não";2;0;0;0;0;3;0;3;-18,3701;-48,0555;"SPRF-GO";"DEL06-GO";"UOP01-DEL06-GO"
470934;2022-08-28;"domingo";"18:35:00";"BA";20;137;"SAO DESIDERIO";"Manobra de mudança de faixa";"Colisão frontal";"Com Vítimas Feridas";"Anoitecer";"Decrescente";"Céu Claro";"Simples";"Reta";"Não";4;0;1;0;2;2;1;5;-12,72537;-45,937558;"SPRF-BA";"DEL10-BA";"UOP01-DEL10-BA"
470936;2022-08-28;"domingo";"21:50:00";"MG";267;286,9;"BAEPENDI";"Velocidade Incompatível";"Tombamento";"Com Vítimas Fatais";"Plena Noite";"Crescente";"Céu Claro";"Simples";"Curva";"Não";8;3;0;4;0;2;4;5;-21,9286349;-44,78473663;"SPRF-MG";"DEL17-MG";"UOP01-DEL17-MG"
470947;2022-08-28;"domingo";"22:30:00";"RS";290;48,1;"GLORINHA";"Condutor Dormindo";"Colisão com objeto";"Sem Vítimas";"Plena Noite";"Crescente";"Céu Claro";"Múltipla";"Reta";"Não";2;0;0;0;1;1;0;2;-29,8907614;-50,69675446;"SPRF-RS";"DEL03-RS";"UOP01-DEL03-RS"
470958;2022-08-28;"domingo";"22:51:00";"PE";423;62;"LAJEDO";"Transitar na contramão";"Colisão frontal";"Com Vítimas Feridas";"Plena Noite";"Decrescente";"Céu Claro";"Simples";"Reta";"Sim";3;0;0;2;1;0;2;2;-8,66011023;-36,33781395;"SPRF-PE";"DEL03-PE";"UOP01-DEL03-PE"
470959;2022-08-28;"domingo";"18:50:00";"PR";277;424;"CANTAGALO";"Demais falhas mecânicas ou elétricas";"Derramamento de carga";"Sem Vítimas";"Plena Noite";"Decrescente";"Céu Claro";"Simples";"Reta;Aclive";"Não";2;0;0;0;1;2;0;3;-25,38373202;-52,14509368;"SPRF-PR";"DEL04-PR";"UOP02-DEL04-PR"
470961;2022-08-28;"domingo";"23:30:00";"BA";116;345;"TEOFILANDIA";"Demais falhas mecânicas ou elétricas";"Incêndio";"Sem Vítimas";"Plena Noite";"Decrescente";"Céu Claro";"Simples";"Reta";"Não";1;0;0;0;1;0;0;1;-11,54673796;-38,99080056;"SPRF-BA";"DEL02-BA";"UOP01-DEL02-BA"
470962;2022-08-29;"segunda-feira";"00:25:00";"BA";324;6;"FEIRA DE SANTANA";"Frear bruscamente";"Colisão traseira";"Sem Vítimas";"Plena Noite";"Decrescente";"Céu Claro";"Dupla";"Reta";"Sim";2;0;0;0;2;0;0;2;-12,27521719;-38,98377592;"SPRF-BA";"DEL02-BA";"UOP01-DEL02-BA"
470963;2022-08-28;"domingo";"21:20:00";"PR";277;161;"PALMEIRA";"Pista Escorregadia";"Saída de leito carroçável";"Com Vítimas Feridas";"Plena Noite";"Decrescente";"Chuva";"Simples";"Curva";"Não";2;0;1;0;0;2;1;3;-25,47289;-49,895964;"SPRF-PR";"DEL03-PR";"UOP03-DEL03-PR"
470968;2022-08-28;"domingo";"15:40:00";"PE";423;108;"GARANHUNS";"Acessar a via sem observar a presença dos outros veículos";"Colisão transversal";"Sem Vítimas";"Pleno dia";"Decrescente";"Céu Claro";"Simples";"Reta";"Não";8;0;0;0;3;5;0;2;-8,88624339;-36,59029116;"SPRF-PE";"DEL03-PE";"UOP01-DEL03-PE"
470970;2022-08-29;"segunda-feira";"00:30:00";"PE";423;89;"GARANHUNS";"Reação tardia ou ineficiente do condutor";"Colisão lateral sentido oposto";"Com Vítimas Feridas";"Plena Noite";"Decrescente";"Céu Claro";"Simples";"Reta";"Não";2;0;1;0;1;0;1;2;-8,83774896;-36,45604009;"SPRF-PE";"DEL03-PE";"UOP01-DEL03-PE"
470972;2022-08-29;"segunda-feira";"02:30:00";"MG";381;759;"TRES CORACOES";"Condutor Dormindo";"Saída de leito carroçável";"Com Vítimas Feridas";"Plena Noite";"Decrescente";"Céu Claro";"Dupla";"Curva";"Não";2;0;0;1;1;0;1;1;-21,71597801;-45,37713297;"SPRF-MG";"DEL16-MG";"UOP02-DEL16-MG"
470974;2022-08-29;"segunda-feira";"01:15:00";"SP";116;100,5;"PINDAMONHANGABA";"Condutor Dormindo";"Colisão traseira";"Com Vítimas Feridas";"Plena Noite";"Crescente";"Nublado";"Dupla";"Reta";"Não";4;0;2;0;1;1;2;3;-22,986552;-45,47276;"SPRF-SP";"DEL08-SP";"UOP01-DEL08-SP"
470979;2022-08-29;"segunda-feira";"03:40:00";"RS";386;415;"MONTENEGRO";"Entrada inopinada do pedestre";"Atropelamento de Pedestre";"Com Vítimas Fatais";"Plena Noite";"Decrescente";"Céu Claro";"Simples";"Reta";"Sim";4;1;0;0;1;2;0;2;-29,814081;-51,493126;"SPRF-RS";"DEL04-RS";"UOP02-DEL04-RS"
470985;2022-08-29;"segunda-feira";"03:09:00";"ES";101;66;"SAO MATEUS";"Estacionar ou parar em local proibido";"Colisão lateral mesmo sentido";"Com Vítimas Feridas";"Plena Noite";"Crescente";"Nevoeiro/Neblina";"Simples";"Reta";"Sim";3;0;1;0;1;5;1;7;-18,71580182;-39,87602776;"SPRF-ES";"DEL04-ES";"UOP02-DEL04-ES"
470987;2022-08-29;"segunda-feira";"01:00:00";"BA";418;60;"NOVA VICOSA";"Transitar na contramão";"Colisão frontal";"Com Vítimas Feridas";"Plena Noite";"Crescente";"Nevoeiro/Neblina";"Simples";"Reta";"Não";3;0;0;1;1;3;1;5;-17,78858795;-39,6038218;"SPRF-BA";"DEL09-BA";"UOP02-DEL09-BA"
470988;2022-08-29;"segunda-feira";"04:44:00";"BA";101;911;"NOVA VICOSA";"Neblina";"Capotamento";"Com Vítimas Fatais";"Amanhecer";"Decrescente";"Nevoeiro/Neblina";"Simples";"Curva";"Não";2;1;0;0;0;2;0;3;-17,815141;-39,791726;"SPRF-BA";"DEL09-BA";"UOP02-DEL09-BA"
470989;2022-08-29;"segunda-feira";"03:18:00";"SC";101;132;"CAMBORIU";"Reação tardia ou ineficiente do condutor";"Colisão traseira";"Com Vítimas Feridas";"Plena Noite";"Crescente";"Nublado";"Múltipla";"Reta";"Sim";3;0;1;0;1;1;1;3;-26,99654133;-48,65564711;"SPRF-SC";"DEL04-SC";"UOP03-DEL04-SC"
470998;2022-08-29;"segunda-feira";"00:40:00";"PR";116;2;"CAMPINA GRANDE DO SUL";"Reação tardia ou ineficiente do condutor";"Saída de leito carroçável";"Sem Vítimas";"Plena Noite";"Decrescente";"Chuva";"Dupla";"Curva";"Não";2;0;0;0;1;1;0;2;-25,06602975;-48,57857703;"SPRF-PR";"DEL01-PR";"UOP02-DEL01-PR"
470999;2022-08-29;"segunda-feira";"07:10:00";"PE";316;33;"ARARIPINA";"Conversão proibida";"Colisão transversal";"Com Vítimas Fatais";"Pleno dia";"Decrescente";"Céu Claro";"Simples";"Reta";"Sim";3;1;0;0;1;3;0;5;-7,63446174;-40,44091289;"SPRF-PE";"DEL05-PE";"UOP02-DEL05-PE"
471001;2022-08-29;"segunda-feira";"06:40:00";"CE";222;55,7;"SAO GONCALO DO AMARANTE";"Ultrapassagem Indevida";"Tombamento";"Com Vítimas Fatais";"Pleno dia";"Decrescente";"Céu Claro";"Simples";"Reta";"Não";2;1;0;0;1;0;0;2;-3,66940167;-39,03637001;"SPRF-CE";"DEL01-CE";"UOP03-DEL01-CE"
471003;2022-08-29;"segunda-feira";"06:00:00";"CE";20;7,4;"PARAMBU";"Reação tardia ou ineficiente do condutor";"Saída de leito carroçável";"Com Vítimas Feridas";"Pleno dia";"Crescente";"Céu Claro";"Simples";"Curva;Declive";"Não";2;0;0;1;0;2;1;3;-6,47817697;-40,74776253;"SPRF-CE";"DEL02-CE";"UOP02-DEL02-CE"
471005;2022-08-29;"segunda-feira";"07:30:00";"PR";376;664;"TIJUCAS DO SUL";"Reação tardia ou ineficiente do condutor";"Colisão traseira";"Com Vítimas Feridas";"Pleno dia";"Crescente";"Garoa/Chuvisco";"Dupla";"Curva";"Não";5;0;1;0;4;0;1;3;-25,85321576;-48,96608688;"SPRF-PR";"DEL01-PR";"UOP04-DEL01-PR"
471011;2022-08-17;"quarta-feira";"17:40:00";"PR";116;32;"CAMPINA GRANDE DO SUL";"Reação tardia ou ineficiente do condutor";"Tombamento";"Sem Vítimas";"Pleno dia";"Decrescente";"Chuva";"Dupla";"Declive;Curva";"Não";1;0;0;0;1;0;0;1;-25,10497579;-48,83973903;"SPRF-PR";"DEL01-PR";"UOP02-DEL01-PR"
471014;2022-08-29;"segunda-feira";"07:35:00";"SC";116;8,2;"MAFRA";"Manobra de mudança de faixa";"Colisão lateral mesmo sentido";"Sem Vítimas";"Pleno dia";"Crescente";"Céu Claro";"Simples";"Reta";"Sim";3;0;0;0;2;1;0;3;-26,15748603;-49,83898198;"SPRF-SC";"DEL06-SC";"UOP01-DEL06-SC"