"id";"data_inversa";"dia_semana";"horario";"uf";"br";"km";"municipio";"causa_acidente";"tipo_acidente";"classificacao_acidente";"fase_dia";"sentido_via";"condicao_metereologica";"tipo_pista";"tracado_via";"uso_solo";"pessoas";"mortos";"feridos_leves";"feridos_graves";"ilesos";"ignorados";"feridos";"veiculos";"latitude";"longitude";"regional";"delegacia";"uop"
471016;2022-08-29;"segunda-feira";"08:00:00";"PE";232;9,2;"RECIFE";"Acessar a via sem observar a presença dos outros veículos";"Colisão lateral mesmo sentido";"Sem Vítimas";"Pleno dia";"Decrescente";"Céu Claro";"Múltipla";"Em Obras";"Sim";2;0;0;0;2;0;0;2;-8,07764447;-34,97863609;"SPRF-PE";"DEL01-PE";"UOP01-DEL01-PE"
471022;2022-08-29;"segunda-feira";"06:00:00";"MT";364;134;"PEDRA PRETA";"Demais falhas mecânicas ou elétricas";"Saída de leito carroçável";"Com Vítimas Feridas";"Amanhecer";"Crescente";"Céu Claro";"Simples";"Declive";"Não";1;0;0;1;0;0;1;1;-16,783397;-54,164897;"SPRF-MT";"DEL02-MT";"UOP01-DEL02-MT"
471023;2022-08-29;"segunda-feira";"09:00:00";"BA";116;832,8;"VITORIA DA CONQUISTA";"Acessar a via sem observar a presença dos outros veículos";"Colisão transversal";"Com Vítimas Feridas";"Pleno dia";"Decrescente";"Céu Claro";"Simples";"Reta";"Sim";2;0;0;1;1;0;1;2;-14,93919316;-40,89249811;"SPRF-BA";"DEL08-BA";"UOP01-DEL08-BA"
471024;2022-07-01;"sexta-feira";"04:30:00";"PE";101;103;"CABO DE SANTO AGOSTINHO";"Objeto estático sobre o leito carroçável";"Derramamento de carga";"Sem Vítimas";"Plena Noite";"Decrescente";"Nublado";"Múltipla";"Reta";"Sim";2;0;0;0;2;0;0;2;-8,29241321;-35,05598304;"SPRF-PE";"DEL01-PE";"UOP03-DEL01-PE"
471026;2022-08-29;"segunda-feira";"06:05:00";"MT";158;615;"AGUA BOA";"Reação tardia ou ineficiente do condutor";"Colisão transversal";"Com Vítimas Feridas";"Pleno dia";"Crescente";"Céu Claro";"Simples";"Reta";"Não";3;0;1;0;1;2;1;4;-14,41644373;-52,23824512;"SPRF-MT";"DEL07-MT";"UOP02-DEL07-MT"
471027;2022-03-30;"quarta-feira";"21:30:00";"MG";381;631,7;"OLIVEIRA";"Reação tardia ou ineficiente do condutor";"Tombamento";"Com Vítimas Feridas";"Plena Noite";"Crescente";"Céu Claro";"Dupla";"Curva";"Não";2;0;1;0;0;1;1;2;-20,85469891;-44,83709639;"SPRF-MG";"DEL04-MG";"UOP01-DEL04-MG"
471029;2022-08-29;"segunda-feira";"09:30:00";"DF";80;5,2;"BRASILIA";"Acesso irregular";"Colisão lateral mesmo sentido";"Sem Vítimas";"Pleno dia";"Crescente";"Céu Claro";"Simples";"Interseção de Vias";"Não";2;0;0;0;2;0;0;2;-15,729602;-48,121304;"SPRF-DF";"DEL03-DF";"UOP02-DEL03-DF"
471049;2022-08-29;"segunda-feira";"11:00:00";"SC";282;30;"SANTO AMARO DA IMPERATRIZ";"Retorno proibido";"Colisão transversal";"Com Vítimas Feridas";"Pleno dia";"Decrescente";"Céu Claro";"Simples";"Reta";"Não";4;0;1;0;3;0;1;3;-27,687376;-48,79071;"SPRF-SC";"DEL01-SC";"UOP03-DEL01-SC"
471061;2022-08-29;"segunda-feira";"10:20:00";"MG";251;508;"FRANCISCO SA";"Reação tardia ou ineficiente do condutor";"Colisão frontal";"Com Vítimas Fatais";"Pleno dia";"Decrescente";"Céu Claro";"Simples";"Reta";"Não";6;1;2;1;1;1;3;3;-16,63317695;-43,69642613;"SPRF-MG";"DEL12-MG";"UOP01-DEL12-MG"
471063;2022-08-29;"segunda-feira";"13:21:00";"ES";101;393,5;"RIO NOVO DO SUL";"Manobra de mudança de faixa";"Colisão frontal";"Com Vítimas Feridas";"Pleno dia";"Crescente";"Garoa/Chuvisco";"Simples";"Reta";"Não";3;0;2;0;1;0;2;2;-20,865694;-40,91366;"SPRF-ES";"DEL03-ES";"UOP02-DEL03-ES"
471069;2022-08-29;"segunda-feira";"13:58:00";"RS";116;240;"NOVO HAMBURGO";"Ingestão de álcool pelo condutor";"Colisão lateral mesmo sentido";"Sem Vítimas";"Pleno dia";"Crescente";"Nublado";"Dupla";"Declive";"Sim";2;0;0;0;2;0;0;2;-29,70496497;-51,14676523;"SPRF-RS";"DEL01-RS";"UOP02-DEL01-RS"
471082;2022-08-29;"segunda-feira";"13:50:00";"GO";153;512;"APARECIDA DE GOIANIA";"Estacionar ou parar em local proibido";"Colisão traseira";"Com Vítimas Feridas";"Pleno dia";"Decrescente";"Céu Claro";"Dupla";"Reta";"Não";3;0;1;0;1;1;1;3;-16,8156;-49,2402;"SPRF-GO";"DEL01-GO";"UOP03-DEL01-GO"
471085;2022-08-29;"segunda-feira";"11:20:00";"SC";282;571,4;"NOVA ERECHIM";"Pista esburacada";"Colisão lateral sentido oposto";"Com Vítimas Feridas";"Pleno dia";"Crescente";"Sol";"Simples";"Reta";"Não";3;0;1;0;1;1;1;3;-26,883053;-52,939816;"SPRF-SC";"DEL07-SC";"UOP02-DEL07-SC"
471087;2022-08-24;"quarta-feira";"00:40:00";"SC";470;65;"BLUMENAU";"Transitar na contramão";"Colisão frontal";"Com Vítimas Feridas";"Plena Noite";"Decrescente";"Nublado";"Simples";"Reta";"Não";3;0;1;0;1;1;1;3;-26,870411;-49,211864;"SPRF-SC";"DEL04-SC";"UOP01-DEL04-SC"
471095;2022-08-29;"segunda-feira";"15:18:00";"TO";153;694;"CARIRI DO TOCANTINS";"Reação tardia ou ineficiente do condutor";"Saída de leito carroçável";"Com Vítimas Feridas";"Pleno dia";"Crescente";"Céu Claro";"Simples";"Reta";"Não";2;0;1;0;0;1;1;2;-11,90375887;-49,17221228;"SPRF-TO";"DEL01-TO";"UOP02-DEL01-TO"
471099;2022-08-29;"segunda-feira";"16:20:00";"MG";262;781;"UBERABA";"Velocidade Incompatível";"Saída de leito carroçável";"Com Vítimas Feridas";"Pleno dia";"Crescente";"Céu Claro";"Simples";"Aclive";"Não";1;0;1;0;0;0;1;1;-19,729576;-47,726567;"SPRF-MG";"DEL13-MG";"UOP01-DEL13-MG"
471101;2022-08-29;"segunda-feira";"16:20:00";"PR";277;276,2;"PRUDENTOPOLIS";"Manobra de mudança de faixa";"Colisão frontal";"Com Vítimas Fatais";"Pleno dia";"Crescente";"Céu Claro";"Simples";"Reta";"Não";4;1;0;1;1;2;1;4;-25,37484809;-50,88324199;"SPRF-PR";"DEL08-PR";"UOP02-DEL08-PR"
471103;2022-08-29;"segunda-feira";"10:00:00";"MS";163;681;"RIO VERDE DE MATO GROSSO";"Ausência de reação do condutor";"Engavetamento";"Com Vítimas Feridas";"Pleno dia";"Crescente";"Céu Claro";"Simples";"Reta";"Sim";4;0;1;0;2;2;1;5;-18,91578008;-54,83862738;"SPRF-MS";"DEL06-MS";"UOP02-DEL06-MS"
471105;2022-08-18;"quinta-feira";"16:10:00";"MA";10;310;"ACAILANDIA";"Reação tardia ou ineficiente do condutor";"Colisão lateral sentido oposto";"Com Vítimas Feridas";"Pleno dia";"Crescente";"Céu Claro";"Simples";"Reta";"Não";3;0;0;1;1;3;1;5;-5,018515;-47,5476;"SPRF-MA";"DEL04-MA";"UOP03-DEL04-MA"
471114;2022-08-29;"segunda-feira";"17:00:00";"SP";116;138;"SAO JOSE DOS CAMPOS";"Trafegar com motocicleta (ou similar) entre as faixas";"Colisão lateral mesmo sentido";"Com Vítimas Feridas";"Plena Noite";"Crescente";"Céu Claro";"Dupla";"Reta";"Sim";2;0;1;0;0;1;1;2;-23,1572739;-45,79554605;"SPRF-SP";"DEL02-SP";"UOP01-DEL02-SP"
471119;2022-08-29;"segunda-feira";"17:10:00";"MG";262;366;"JUATUBA";"Ausência de reação do condutor";"Colisão traseira";"Com Vítimas Feridas";"Pleno dia";"Decrescente";"Céu Claro";"Dupla";"Reta";"Não";2;0;1;0;1;0;1;2;-19,974217;-44,261798;"SPRF-MG";"DEL01-MG";"UOP03-DEL01-MG"
471121;2022-08-29;"segunda-feira";"17:30:00";"MG";40;618,2;"CONGONHAS";"Velocidade Incompatível";"Tombamento";"Com Vítimas Feridas";"Anoitecer";"Decrescente";"Nublado";"Simples";"Curva";"Não";2;0;1;0;0;1;1;2;-20,56986498;-43,81179842;"SPRF-MG";"DEL05-MG";"UOP02-DEL05-MG"
471123;2022-08-14;"domingo";"05:15:00";"RR";174;200;"RORAINOPOLIS";"Transitar na contramão";"Colisão frontal";"Com Vítimas Fatais";"Amanhecer";"Decrescente";"Nublado";"Simples";"Reta";"Não";4;1;0;0;1;2;0;4;0,802759;-60,445217;"SPRF-RR";"DEL01-RR";"UOP01-DEL01-RR"
471124;2022-08-29;"segunda-feira";"17:40:00";"MT";163;775;"SORRISO";"Ausência de reação do condutor";"Colisão traseira";"Com Vítimas Feridas";"Anoitecer";"Decrescente";"Céu Claro";"Simples";"Reta";"Não";4;0;2;0;2;0;2;2;-12,375906;-55,610028;"SPRF-MT";"DEL06-MT";"UOP01-DEL06-MT"
471127;2022-08-29;"segunda-feira";"17:55:00";"MT";70;525;"VARZEA GRANDE";"Acessar a via sem observar a presença dos outros veículos";"Colisão transversal";"Com Vítimas Feridas";"Anoitecer";"Decrescente";"Céu Claro";"Simples";"Reta";"Não";4;0;0;1;3;0;1;3;-15,649207;-56,19486;"SPRF-MT";"DEL01-MT";"UOP02-DEL01-MT"
471130;2022-08-29;"segunda-feira";"18:10:00";"PR";163;215;"CASCAVEL";"Velocidade Incompatível";"Tombamento";"Com Vítimas Feridas";"Pleno dia";"Crescente";"Céu Claro";"Simples";"Curva";"Não";2;0;1;0;0;2;1;3;-24,90004678;-53,53300273;"SPRF-PR";"DEL04-PR";"UOP01-DEL04-PR"
471132;2022-08-29;"segunda-feira";"19:00:00";"ES";101;66;"SAO MATEUS";"Reação tardia ou ineficiente do condutor";"Colisão lateral mesmo sentido";"Com Vítimas Feridas";"Plena Noite";"Crescente";"Céu Claro";"Simples";"Reta";"Sim";2;0;1;0;0;1;1;2;-18,7165195;-39,87436378;"SPRF-ES";"DEL04-ES";"UOP02-DEL04-ES"
471144;2022-07-17;"domingo";"18:30:00";"PR";373;427,7;"CANDOI";"Transitar na contramão";"Colisão lateral sentido oposto";"Com Vítimas Fatais";"Anoitecer";"Decrescente";"Céu Claro";"Simples";"Reta";"Não";4;1;0;0;2;2;0;5;-25,73212818;-52,2226755;"SPRF-PR";"DEL08-PR";"UOP01-DEL08-PR"
471147;2022-08-29;"segunda-feira";"16:05:00";"MT";70;686;"CACERES";"Reação tardia ou ineficiente do condutor";"Colisão lateral sentido oposto";"Com Vítimas Feridas";"Pleno dia";"Crescente";"Sol";"Simples";"Curva";"Não";2;0;1;0;1;0;1;2;-16,14594784;-57,3534;"SPRF-MT";"DEL03-MT";"UOP02-DEL03-MT"
471148;2022-08-29;"segunda-feira";"18:10:00";"BA";110;128;"CICERO DANTAS";"Reação tardia ou ineficiente do condutor";"Queda de ocupante de veículo";"Com Vítimas Feridas";"Plena Noite";"Crescente";"Céu Claro";"Simples";"Reta";"Não";2;0;1;0;0;1;1;2;-10,52423685;-38,38039833;"SPRF-BA";"DEL07-BA";"UOP02-DEL07-BA"
471150;2022-08-29;"segunda-feira";"20:40:00";"RJ";116;184,7;"NOVA IGUACU";"Pedestre andava na pista";"Atropelamento de Pedestre";"Com Vítimas Fatais";"Plena Noite";"Crescente";"Céu Claro";"Dupla";"Reta";"Não";3;1;0;0;0;2;0;2;-22,74151051;-43,45351823;"SPRF-RJ";"DEL01-RJ";"UOP02-DEL01-RJ"
471153;2022-08-29;"segunda-feira";"20:00:00";"SP";116;514;"CAJATI";"Ausência de reação do condutor";"Tombamento";"Com Vítimas Feridas";"Plena Noite";"Decrescente";"Nublado";"Simples";"Curva";"Não";3;0;1;1;0;1;2;2;-24,86320806;-48,21447036;"SPRF-SP";"DEL05-SP";"UOP02-DEL05-SP"
471155;2022-08-29;"segunda-feira";"19:30:00";"SC";101;43,9;"JOINVILLE";"Reação tardia ou ineficiente do condutor";"Tombamento";"Com Vítimas Fatais";"Plena Noite";"Crescente";"Céu Claro";"Múltipla";"Reta";"Não";2;1;0;0;0;1;0;2;-26,33940975;-48,85917842;"SPRF-SC";"DEL03-SC";"UOP01-DEL03-SC"
471159;2022-08-29;"segunda-feira";"22:15:00";"RS";386;290,7;"POUSO NOVO";"Problema com o freio";"Incêndio";"Sem Vítimas";"Plena Noite";"Crescente";"Céu Claro";"Simples";"Declive;Curva";"Não";3;0;0;0;2;1;0;2;-29,089539;-52,253685;"SPRF-RS";"DEL04-RS";"UOP01-DEL04-RS"
471160;2022-08-29;"segunda-feira";"19:40:00";"MS";163;118,2;"NAVIRAI";"Carga excessiva e/ou mal acondicionada";"Derramamento de carga";"Com Vítimas Feridas";"Plena Noite";"Decrescente";"Céu Claro";"Simples";"Reta";"Não";4;0;1;1;1;1;2;2;-23,125543;-54,20547;"SPRF-MS";"DEL09-MS";"UOP01-DEL09-MS"
471162;2022-08-29;"segunda-feira";"20:10:00";"MG";381;923,6;"CAMANDUCAIA";"Ingestão de álcool pelo condutor";"Colisão lateral mesmo sentido";"Com Vítimas Feridas";"Plena Noite";"Decrescente";"Céu Claro";"Dupla";"Curva";"Não";2;0;0;1;0;1;1;2;-22,7624275;-46,16950254;"SPRF-MG";"DEL16-MG";"UOP03-DEL16-MG"
471168;2022-08-27;"sábado";"10:40:00";"MS";163;188;"CAARAPO";"Falta de acostamento";"Saída de leito carroçável";"Com Vítimas Feridas";"Pleno dia";"Crescente";"Céu Claro";"Simples";"Aclive";"Não";3;0;1;0;0;2;1;3;-22,79559784;-54,74502787;"SPRF-MS";"DEL09-MS";"UOP01-DEL09-MS"
471174;2022-08-29;"segunda-feira";"13:00:00";"MT";163;903;"CLAUDIA";"Ausência de reação do condutor";"Saída de leito carroçável";"Com Vítimas Feridas";"Pleno dia";"Decrescente";"Céu Claro";"Simples";"Aclive";"Não";8;0;1;0;6;5;1;9;-11,28683414;-55,31779289;"SPRF-MT";"DEL06-MT";"NPF/DEL06-MT"
471176;2022-08-29;"segunda-feira";"22:25:00";"PR";277;474,2;"NOVA LARANJEIRAS";"Demais falhas mecânicas ou elétricas";"Tombamento";"Sem Vítimas";"Plena Noite";"Decrescente";"Céu Claro";"Simples";"Reta";"Não";2;0;0;0;1;1;0;2;-25,30767734;-52,53721208;"SPRF-PR";"DEL04-PR";"UOP02-DEL04-PR"
471181;2022-08-30;"terça-feira";"02:50:00";"RJ";116;75;"TERESOPOLIS";"Condutor Dormindo";"Colisão frontal";"Com Vítimas Feridas";"Plena Noite";"Decrescente";"Chuva";"Simples";"Ponte";"Não";3;0;2;0;1;0;2;2;-22,3617791;-42,94152556;"SPRF-RJ";"DEL04-RJ";"UOP01-DEL04-RJ"
471185;2022-08-30;"terça-feira";"05:00:00";"SC";470;69;"INDAIAL";"Acessar a via sem observar a presença dos outros veículos";"Colisão transversal";"Com Vítimas Feridas";"Amanhecer";"Crescente";"Céu Claro";"Simples";"Em Obras;Reta";"Sim";3;0;1;0;1;1;1;3;-26,883745;-49,246704;"SPRF-SC";"DEL04-SC";"UOP01-DEL04-SC"
471188;2022-08-30;"terça-feira";"06:00:00";"PR";369;412;"JURANDA";"Acessar a via sem observar a presença dos outros veículos";"Colisão transversal";"Com Vítimas Feridas";"Amanhecer";"Decrescente";"Nublado";"Simples";"Curva";"Não";5;0;2;0;2;1;2;3;-24,3445;-52,7277;"SPRF-PR";"DEL04-PR";"UOP03-DEL04-PR"
471191;2022-08-30;"terça-feira";"07:20:00";"SP";116;219;"GUARULHOS";"Trafegar com motocicleta (ou similar) entre as faixas";"Colisão traseira";"Com Vítimas Feridas";"Pleno dia";"Crescente";"Nublado";"Múltipla";"Reta";"Sim";3;0;2;0;1;0;2;2;-23,46143954;-46,48885316;"SPRF-SP";"DEL01-SP";"UOP01-DEL01-SP"
471195;2022-08-30;"terça-feira";"05:00:00";"MG";116;299;"ITAMBACURI";"Transitar na contramão";"Colisão frontal";"Com Vítimas Feridas";"Amanhecer";"Crescente";"Garoa/Chuvisco";"Simples";"Reta";"Não";2;0;0;1;1;0;1;2;-18,01255032;-41,6076398;"SPRF-MG";"DEL11-MG";"UOP01-DEL11-MG"
471198;2022-08-30;"terça-feira";"07:04:00";"PI";343;343;"TERESINA";"Condutor deixou de manter distância do veículo da frente";"Colisão lateral mesmo sentido";"Com Vítimas Feridas";"Pleno dia";"Decrescente";"Céu Claro";"Simples";"Reta";"Sim";2;0;0;1;0;1;1;2;-5,087362;-42,757851;"SPRF-PI";"DEL01-PI";"UOP01-DEL01-PI"
471199;2022-08-30;"terça-feira";"05:45:00";"BA";101;139;"TEODORO SAMPAIO";"Transitar na contramão";"Colisão frontal";"Com Vítimas Feridas";"Amanhecer";"Crescente";"Nublado";"Simples";"Reta";"Não";2;0;1;0;0;1;1;2;-12,27276396;-38,67949002;"SPRF-BA";"DEL01-BA";"UOP04-DEL01-BA"
471201;2022-08-30;"terça-feira";"06:57:00";"MG";40;38,8;"PARACATU";"Conversão proibida";"Colisão transversal";"Com Vítimas Feridas";"Pleno dia";"Decrescente";"Céu Claro";"Simples";"Interseção de Vias";"Não";4;0;1;1;1;2;2;4;-17,21050388;-46,89942099;"SPRF-MG";"DEL14-MG";"UOP01-DEL14-MG"
471212;2022-08-30;"terça-feira";"08:35:00";"RJ";40;100;"DUQUE DE CAXIAS";"Reação tardia ou ineficiente do condutor";"Colisão traseira";"Com Vítimas Feridas";"Pleno dia";"Crescente";"Nublado";"Dupla";"Curva";"Não";3;0;1;0;2;0;1;2;-22,59404803;-43,28079889;"SPRF-RJ";"DEL01-RJ";"UOP01-DEL01-RJ"
471216;2022-08-30;"terça-feira";"07:40:00";"MA";135;12,5;"SAO LUIS";"Manobra de mudança de faixa";"Colisão transversal";"Com Vítimas Feridas";"Pleno dia";"Decrescente";"Céu Claro";"Dupla";"Reta";"Sim";3;0;1;0;1;1;1;3;-2,67223553;-44,29173767;"SPRF-MA";"DEL01-MA";"UOP01-DEL01-MA"
471219;2022-08-30;"terça-feira";"07:50:00";"BA";101;508;"ITABUNA";"Acessar a via sem observar a presença dos outros veículos";"Colisão transversal";"Com Vítimas Feridas";"Pleno dia";"Crescente";"Céu Claro";"Simples";"Reta";"Sim";3;0;1;0;2;0;1;2;-14,81486899;-39,29668687;"SPRF-BA";"DEL05-BA";"UOP01-DEL05-BA"
471220;2022-08-30;"terça-feira";"09:40:00";"MG";381;563,6;"ITAGUARA";"Velocidade Incompatível";"Tombamento";"Com Vítimas Feridas";"Pleno dia";"Decrescente";"Sol";"Dupla";"Curva";"Sim";2;0;0;1;0;1;1;2;-20,385755;-44,489509;"SPRF-MG";"DEL04-MG";"UOP03-DEL04-MG"
471224;2022-08-30;"terça-feira";"08:00:00";"MT";364;196;"RONDONOPOLIS";"Velocidade Incompatível";"Saída de leito carroçável";"Com Vítimas Feridas";"Plena Noite";"Decrescente";"Céu Claro";"Simples";"Reta";"Não";2;0;1;0;0;3;1;4;-16,51632055;-54,6074167;"SPRF-MT";"DEL02-MT";"UOP01-DEL02-MT"
471225;2022-08-30;"terça-feira";"09:20:00";"RS";386;189,9;"SANTO ANTONIO DO PLANALTO";"Transitar na contramão";"Colisão frontal";"Com Vítimas Fatais";"Pleno dia";"Crescente";"Céu Claro";"Simples";"Reta";"Não";6;1;2;1;1;1;3;3;-28,3768;-52,7044;"SPRF-RS";"DEL08-RS";"UOP01-DEL08-RS"
471228;2022-08-30;"terça-feira";"08:45:00";"SP";153;273;"OCAUCU";"Manobra de mudança de faixa";"Colisão lateral mesmo sentido";"Sem Vítimas";"Pleno dia";"Decrescente";"Céu Claro";"Simples";"Reta";"Não";4;0;0;0;4;0;0;2;-22,36820795;-49,87888297;"SPRF-SP";"DEL07-SP";"UOP02-DEL07-SP"
471231;2022-08-30;"terça-feira";"05:30:00";"MG";381;313;"ANTONIO DIAS";"Demais falhas mecânicas ou elétricas";"Incêndio";"Sem Vítimas";"Amanhecer";"Decrescente";"Céu Claro";"Simples";"Reta";"Não";2;0;0;0;1;1;0;2;-19,68108013;-42,98147866;"SPRF-MG";"DEL03-MG";"UOP02-DEL03-MG"
471235;2022-08-30;"terça-feira";"10:30:00";"PR";116;22,5;"ANTONINA";"Velocidade Incompatível";"Colisão transversal";"Com Vítimas Feridas";"Pleno dia";"Crescente";"Chuva";"Dupla";"Curva";"Não";4;0;1;0;2;1;1;3;-25,11105438;-48,75170231;"SPRF-PR";"DEL01-PR";"UOP02-DEL01-PR"
471241;2022-08-30;"terça-feira";"11:50:00";"GO";153;498;"GOIANIA";"Manobra de mudança de faixa";"Colisão lateral mesmo sentido";"Sem Vítimas";"Pleno dia";"Crescente";"Céu Claro";"Dupla";"Aclive";"Sim";3;0;0;0;2;1;0;3;-16,6939;-49,2321;"SPRF-GO";"DEL01-GO";"UOP01-DEL01-GO"
471243;2022-08-30;"terça-feira";"11:45:00";"MT";158;694,9;"BARRA DO GARCAS";"Ausência de reação do condutor";"Colisão traseira";"Com Vítimas Feridas";"Pleno dia";"Decrescente";"Céu Claro";"Simples";"Reta";"Não";5;0;1;1;3;0;2;3;-15,01073211;-52,25554748;"SPRF-MT";"DEL07-MT";"UOP01-DEL07-MT"
471245;2022-06-10;"sexta-feira";"12:25:00";"GO";60;420;"RIO VERDE";"Transitar no acostamento";"Colisão traseira";"Com Vítimas Feridas";"Pleno dia";"Crescente";"Céu Claro";"Dupla";"Declive";"Não";4;0;1;0;0;3;1;3;-17,8214;-51,2417;"SPRF-GO";"DEL04-GO";"UOP01-DEL04-GO"
471246;2022-08-30;"terça-feira";"11:00:00";"MS";267;189,9;"NOVA ALVORADA DO SUL";"Acessar a via sem observar a presença dos outros veículos";"Colisão transversal";"Com Vítimas Feridas";"Pleno dia";"Crescente";"Nublado";"Simples";"Interseção de Vias;Reta";"Não";4;0;0;2;1;1;2;3;-21,599758;-53,859299;"SPRF-MS";"DEL02-MS";"UOP03-DEL02-MS"
471255;2022-08-30;"terça-feira";"13:05:00";"RN";304;38;"MOSSORO";"Manobra de mudança de faixa";"Colisão lateral mesmo sentido";"Com Vítimas Feridas";"Pleno dia";"Decrescente";"Sol";"Dupla";"Reta";"Não";3;0;1;0;1;2;1;4;-5,18138457;-37,36832252;"SPRF-RN";"DEL04-RN";"UOP02-DEL04-RN"
471260;2022-08-30;"terça-feira";"12:30:00";"MS";163;547,9;"BANDEIRANTES";"Ausência de reação do condutor";"Colisão traseira";"Com Vítimas Feridas";"Pleno dia";"Decrescente";"Céu Claro";"Simples";"Reta";"Não";3;0;0;1;1;1;1;3;-19,922552;-54,367427;"SPRF-MS";"DEL01-MS";"UOP02-DEL01-MS"
471264;2022-08-30;"terça-feira";"11:40:00";"RJ";40;122;"DUQUE DE CAXIAS";"Manobra de mudança de faixa";"Colisão lateral mesmo sentido";"Com Vítimas Feridas";"Pleno dia";"Decrescente";"Chuva";"Múltipla";"Reta";"Sim";3;0;1;0;2;0;1;2;-22,79083113;-43,28611569;"SPRF-RJ";"DEL01-RJ";"UOP01-DEL01-RJ"
471266;2022-08-30;"terça-feira";"14:05:00";"SC";101;203,3;"SAO JOSE";"Acessar a via sem observar a presença dos outros veículos";"Colisão lateral mesmo sentido";"Com Vítimas Feridas";"Pleno dia";"Crescente";"Céu Claro";"Dupla";"Viaduto";"Sim";4;0;0;1;2;1;1;4;-27,5650044;-48,61460082;"SPRF-SC";"DEL01-SC";"UOP01-DEL01-SC"
471268;2022-04-30;"sábado";"05:40:00";"BA";324;546;"AMELIA RODRIGUES";"Manobra de mudança de faixa";"Colisão traseira";"Com Vítimas Feridas";"Pleno dia";"Decrescente";"Céu Claro";"Dupla";"Reta";"Não";5;0;4;0;1;0;4;2;-12,41513603;-38,75158107;"SPRF-BA";"DEL01-BA";"UOP03-DEL01-BA"
471269;2022-08-30;"terça-feira";"06:00:00";"MA";135;139;"MATOES DO NORTE";"Ausência de reação do condutor";"Tombamento";"Sem Vítimas";"Pleno dia";"Decrescente";"Céu Claro";"Simples";"Reta";"Não";2;0;0;0;0;3;0;3;-3,66558305;-44,53547412;"SPRF-MA";"DEL01-MA";"UOP02-DEL01-MA"
471270;2022-08-30;"terça-feira";"14:00:00";"SP";381;81;"SAO PAULO";"Frear bruscamente";"Colisão lateral mesmo sentido";"Sem Vítimas";"Pleno dia";"Crescente";"Sol";"Dupla";"Reta";"Não";5;0;0;0;5;0;0;4;-23,41704481;-46,58022057;"SPRF-SP";"DEL03-SP";"UOP01-DEL03-SP"
471278;2022-08-30;"terça-feira";"15:50:00";"RS";386;74,8;"JABOTICABA";"Desrespeitar a preferência no cruzamento";"Colisão transversal";"Com Vítimas Feridas";"Pleno dia";"Crescente";"Sol";"Simples";"Interseção de Vias";"Sim";2;0;0;1;1;0;1;2;-27,686358;-53,3070659;"SPRF-RS";"DEL08-RS";"UOP02-DEL08-RS"
471282;2022-08-30;"terça-feira";"15:00:00";"GO";60;348;"SANTO ANTONIO DA BARRA";"Reação tardia ou ineficiente do condutor";"Colisão traseira";"Com Vítimas Fatais";"Pleno dia";"Crescente";"Céu Claro";"Dupla";"Reta";"Não";7;1;4;0;1;1;4;3;-17,5708;-50,677;"SPRF-GO";"DEL04-GO";"UOP01-DEL04-GO"
471285;2022-08-30;"terça-feira";"14:55:00";"ES";101;315;"VILA VELHA";"Reação tardia ou ineficiente do condutor";"Saída de leito carroçável";"Com Vítimas Feridas";"Pleno dia";"Decrescente";"Céu Claro";"Múltipla";"Curva;Declive";"Não";1;0;1;0;0;0;1;1;-20,46976694;-40,46795209;"SPRF-ES";"DEL01-ES";"UOP01-DEL01-ES"
471287;2022-08-29;"segunda-feira";"18:20:00";"MT";364;21;"ALTO ARAGUAIA";"Condutor deixou de manter distância do veículo da frente";"Colisão lateral mesmo sentido";"Sem Vítimas";"Plena Noite";"Decrescente";"Céu Claro";"Simples";"Reta";"Não";5;0;0;0;4;1;0;3;-17,212698;-53,35272;"SPRF-MT";"DEL02-MT";"UOP02-DEL02-MT"
471291;2022-08-30;"terça-feira";"17:30:00";"BA";101;228;"SAPEACU";"Acessar a via sem observar a presença dos outros veículos";"Colisão lateral mesmo sentido";"Com Vítimas Feridas";"Pleno dia";"Crescente";"Chuva";"Simples";"Reta";"Sim";2;0;1;0;1;0;1;2;-12,81758597;-39,20011274;"SPRF-BA";"DEL01-BA";"UOP02-DEL01-BA"
471294;2022-08-30;"terça-feira";"15:50:00";"PR";272;425;"GOIOERE";"Condutor Dormindo";"Colisão frontal";"Com Vítimas Feridas";"Pleno dia";"Crescente";"Céu Claro";"Simples";"Reta;Declive";"Não";3;0;0;1;1;2;1;4;-24,16941423;-52,91945975;"SPRF-PR";"DEL09-PR";"UOP03-DEL09-PR"
471297;2022-08-30;"terça-feira";"16:30:00";"SP";116;33,6;"CACHOEIRA PAULISTA";"Ausência de reação do condutor";"Colisão lateral mesmo sentido";"Sem Vítimas";"Pleno dia";"Decrescente";"Céu Claro";"Dupla";"Curva";"Não";4;0;0;0;2;2;0;4;-22,64775685;-44,95420606;"SPRF-SP";"DEL08-SP";"UOP02-DEL08-SP"
471316;2022-08-30;"terça-feira";"18:15:00";"MT";158;557,4;"AGUA BOA";"Manobra de mudança de faixa";"Colisão lateral mesmo sentido";"Com Vítimas Feridas";"Plena Noite";"Decrescente";"Céu Claro";"Simples";"Reta";"Não";3;0;1;0;1;2;1;4;-13,96585002;-52,12248897;"SPRF-MT";"DEL07-MT";"UOP02-DEL07-MT"