"id";"data_inversa";"dia_semana";"horario";"uf";"br";"km";"municipio";"causa_acidente";"tipo_acidente";"classificacao_acidente";"fase_dia";"sentido_via";"condicao_metereologica";"tipo_pista";"tracado_via";"uso_solo";"pessoas";"mortos";"feridos_leves";"feridos_graves";"ilesos";"ignorados";"feridos";"veiculos";"latitude";"longitude";"regional";"delegacia";"uop"
471321;2022-08-30;"terça-feira";"19:20:00";"MT";158;704,3;"BARRA DO GARCAS";"Ausência de sinalização";"Colisão traseira";"Com Vítimas Feridas";"Plena Noite";"Crescente";"Nublado";"Simples";"Curva;Túnel";"Não";7;0;2;0;4;7;2;11;-15,09087901;-52,21782204;"SPRF-MT";"DEL07-MT";"UOP01-DEL07-MT"
471324;2022-08-30;"terça-feira";"16:09:00";"MG";381;561,2;"ITAGUARA";"Velocidade Incompatível";"Colisão traseira";"Com Vítimas Feridas";"Pleno dia";"Crescente";"Céu Claro";"Dupla";"Curva;Declive";"Não";3;0;0;1;1;1;1;3;-20,39224209;-44,49492995;"SPRF-MG";"DEL04-MG";"UOP03-DEL04-MG"
471327;2022-08-30;"terça-feira";"20:00:00";"RS";158;285;"JULIO DE CASTILHOS";"Ingestão de álcool pelo condutor";"Colisão traseira";"Sem Vítimas";"Plena Noite";"Decrescente";"Céu Claro";"Simples";"Reta";"Não";4;0;0;0;3;2;0;5;-29,42410006;-53,6731828;"SPRF-RS";"DEL09-RS";"UOP01-DEL09-RS"
471330;2022-08-20;"sábado";"19:00:00";"GO";153;698;"ITUMBIARA";"Desrespeitar a preferência no cruzamento";"Colisão lateral sentido oposto";"Com Vítimas Feridas";"Plena Noite";"Crescente";"Chuva";"Simples";"Reta";"Sim";7;0;1;0;5;2;1;4;-18,3777;-49,2106;"SPRF-GO";"DEL03-GO";"UOP02-DEL03-GO"
471332;2022-08-30;"terça-feira";"19:30:00";"MS";262;396;"TERENOS";"Ausência de reação do condutor";"Colisão com objeto";"Sem Vítimas";"Plena Noite";"Decrescente";"Nublado";"Simples";"Reta";"Não";1;0;0;0;1;0;0;1;-20,42479738;-54,97302205;"SPRF-MS";"DEL01-MS";"UOP03-DEL01-MS"
471334;2022-08-30;"terça-feira";"20:45:00";"PR";376;386;"IMBAU";"Entrada inopinada do pedestre";"Atropelamento de Pedestre";"Com Vítimas Feridas";"Plena Noite";"Crescente";"Céu Claro";"Dupla";"Reta";"Sim";4;0;0;1;1;2;1;3;-24,45133953;-50,7581985;"SPRF-PR";"DEL03-PR";"UOP02-DEL03-PR"
471335;2022-08-30;"terça-feira";"14:30:00";"PR";376;348,6;"ORTIGUEIRA";"Problema na suspensão";"Saída de leito carroçável";"Sem Vítimas";"Pleno dia";"Decrescente";"Céu Claro";"Simples";"Declive";"Não";2;0;0;0;1;1;0;2;-24,23074593;-50,92419293;"SPRF-PR";"DEL07-PR";"UOP02-DEL07-PR"
471336;2022-08-30;"terça-feira";"19:35:00";"MG";381;187;"PERIQUITO";"Ingestão de álcool pelo condutor";"Colisão lateral sentido oposto";"Sem Vítimas";"Plena Noite";"Crescente";"Céu Claro";"Simples";"Reta";"Não";3;0;0;0;2;1;0;3;-19,08514282;-42,18687937;"SPRF-MG";"DEL06-MG";"UOP01-DEL06-MG"
471338;2022-08-30;"terça-feira";"21:30:00";"SP";116;554;"BARRA DO TURVO";"Animais na Pista";"Atropelamento de Animal";"Sem Vítimas";"Plena Noite";"Decrescente";"Garoa/Chuvisco";"Simples";"Reta";"Não";4;0;0;0;1;3;0;3;-24,97035013;-48,49691597;"SPRF-SP";"DEL05-SP";"UOP02-DEL05-SP"
471339;2022-08-30;"terça-feira";"18:00:00";"PB";230;261;"JUNCO DO SERIDO";"Ausência de reação do condutor";"Colisão traseira";"Sem Vítimas";"Anoitecer";"Decrescente";"Nublado";"Simples";"Declive";"Sim";3;0;0;0;2;1;0;3;-6,9942;-36,7127;"SPRF-PB";"DEL03-PB";"UOP01-DEL03-PB"
471340;2022-08-30;"terça-feira";"17:45:00";"MG";40;41;"PARACATU";"Ultrapassagem Indevida";"Colisão lateral mesmo sentido";"Com Vítimas Feridas";"Anoitecer";"Crescente";"Céu Claro";"Simples";"Curva";"Sim";3;0;1;0;1;1;1;3;-17,21271307;-46,87295209;"SPRF-MG";"DEL14-MG";"UOP01-DEL14-MG"
471341;2022-08-30;"terça-feira";"23:00:00";"RJ";393;146;"TRES RIOS";"Reação tardia ou ineficiente do condutor";"Queda de ocupante de veículo";"Com Vítimas Fatais";"Plena Noite";"Crescente";"Céu Claro";"Simples";"Curva";"Não";1;1;0;0;0;0;0;1;-22,0463883;-43,00066133;"SPRF-RJ";"DEL05-RJ";"UOP02-DEL05-RJ"
471345;2022-08-30;"terça-feira";"22:45:00";"MG";116;429;"ALPERCATA";"Condutor Dormindo";"Colisão com objeto";"Com Vítimas Feridas";"Plena Noite";"Decrescente";"Nublado";"Simples";"Curva";"Não";1;0;1;0;0;0;1;1;-18,99119185;-41,98354684;"SPRF-MG";"DEL06-MG";"UOP01-DEL06-MG"
471348;2022-08-31;"quarta-feira";"00:05:00";"SP";116;391,8;"MIRACATU";"Velocidade Incompatível";"Tombamento";"Com Vítimas Feridas";"Plena Noite";"Crescente";"Nublado";"Dupla";"Curva";"Não";2;0;1;0;0;1;1;2;-24,27988597;-47,42392801;"SPRF-SP";"DEL04-SP";"UOP02-DEL04-SP"
471349;2022-08-30;"terça-feira";"14:30:00";"GO";153;355,7;"JARAGUA";"Acessar a via sem observar a presença dos outros veículos";"Colisão transversal";"Com Vítimas Feridas";"Pleno dia";"Decrescente";"Céu Claro";"Simples";"Reta";"Sim";2;0;1;0;1;0;1;2;-15,707553;-49,331131;"SPRF-GO";"DEL02-GO";"UOP02-DEL02-GO"
471354;2022-07-16;"sábado";"04:00:00";"MG";381;402;"BOM JESUS DO AMPARO";"Neblina";"Colisão transversal";"Sem Vítimas";"Plena Noite";"Crescente";"Nevoeiro/Neblina";"Dupla";"Reta";"Sim";2;0;0;0;2;0;0;2;-19,74202539;-43,5050869;"SPRF-MG";"DEL01-MG";"UOP01-DEL01-MG"
471355;2022-08-31;"quarta-feira";"03:40:00";"RJ";116;189;"QUEIMADOS";"Acessar a via sem observar a presença dos outros veículos";"Colisão traseira";"Com Vítimas Feridas";"Amanhecer";"Decrescente";"Céu Claro";"Dupla";"Reta";"Não";2;0;1;0;1;0;1;2;-22,73765712;-43,49182298;"SPRF-RJ";"DEL01-RJ";"UOP02-DEL01-RJ"
471359;2022-08-31;"quarta-feira";"05:25:00";"MG";50;168;"UBERABA";"Condutor deixou de manter distância do veículo da frente";"Colisão traseira";"Com Vítimas Feridas";"Amanhecer";"Decrescente";"Nublado";"Dupla";"Em Obras;Reta;Aclive";"Não";2;0;0;1;1;0;1;2;-19,71878606;-47,97991239;"SPRF-MG";"DEL13-MG";"UOP01-DEL13-MG"
471362;2022-08-22;"segunda-feira";"05:46:00";"TO";153;11;"XAMBIOA";"Transitar na contramão";"Colisão frontal";"Com Vítimas Fatais";"Amanhecer";"Crescente";"Céu Claro";"Simples";"Curva";"Não";3;1;0;0;1;3;0;5;-6,46729703;-48,49387083;"SPRF-TO";"DEL02-TO";"UOP01-DEL02-TO"
471364;2022-08-31;"quarta-feira";"06:00:00";"MG";381;434;"SABARA";"Acessar a via sem observar a presença dos outros veículos";"Colisão transversal";"Com Vítimas Feridas";"Pleno dia";"Decrescente";"Céu Claro";"Simples";"Reta";"Não";2;0;1;0;1;0;1;2;-19,80043184;-43,75031407;"SPRF-MG";"DEL01-MG";"UOP01-DEL01-MG"
471377;2022-08-31;"quarta-feira";"06:45:00";"RJ";40;13;"TRES RIOS";"Ausência de reação do condutor";"Colisão traseira";"Com Vítimas Feridas";"Pleno dia";"Crescente";"Sol";"Dupla";"Reta";"Não";5;0;2;0;3;0;2;2;-22,06578516;-43,19613934;"SPRF-RJ";"DEL05-RJ";"UOP02-DEL05-RJ"
471379;2022-08-31;"quarta-feira";"07:40:00";"AL";101;117;"SAO MIGUEL DOS CAMPOS";"Reação tardia ou ineficiente do condutor";"Tombamento";"Com Vítimas Feridas";"Pleno dia";"Decrescente";"Garoa/Chuvisco";"Dupla";"Reta";"Não";1;0;1;0;0;0;1;1;-9,66002291;-36,01975024;"SPRF-AL";"DEL02-AL";"UOP01-DEL02-AL"
471380;2022-08-31;"quarta-feira";"08:55:00";"SP";116;284;"EMBU DAS ARTES";"Trafegar com motocicleta (ou similar) entre as faixas";"Colisão lateral mesmo sentido";"Com Vítimas Feridas";"Pleno dia";"Decrescente";"Céu Claro";"Dupla";"Reta";"Sim";5;0;1;1;2;2;2;5;-23,69998;-46,867767;"SPRF-SP";"DEL04-SP";"UOP01-DEL04-SP"
471381;2022-08-28;"domingo";"07:30:00";"PA";230;1111;"ITAITUBA";"Curva acentuada";"Tombamento";"Sem Vítimas";"Pleno dia";"Crescente";"Céu Claro";"Simples";"Aclive;Curva";"Não";2;0;0;0;1;2;0;3;-4,39187;-55,900534;"SPRF-PA";"DEL05-PA";"UOP01-DEL05-PA"
471395;2022-08-31;"quarta-feira";"10:45:00";"PE";101;79,8;"JABOATAO DOS GUARARAPES";"Manobra de mudança de faixa";"Colisão lateral mesmo sentido";"Com Vítimas Feridas";"Pleno dia";"Crescente";"Céu Claro";"Dupla";"Reta";"Sim";2;0;1;0;1;0;1;2;-8,14366112;-34,94723453;"SPRF-PE";"DEL01-PE";"UOP01-DEL01-PE"
471400;2022-08-31;"quarta-feira";"10:40:00";"SC";280;52;"GUARAMIRIM";"Manobra de mudança de faixa";"Colisão lateral mesmo sentido";"Com Vítimas Feridas";"Pleno dia";"Crescente";"Nublado";"Simples";"Reta";"Sim";2;0;1;0;1;0;1;2;-26,470872;-48,970795;"SPRF-SC";"DEL03-SC";"UOP03-DEL03-SC"
471401;2022-08-31;"quarta-feira";"11:10:00";"SC";101;82,8;"BARRA VELHA";"Acessar a via sem observar a presença dos outros veículos";"Atropelamento de Pedestre";"Com Vítimas Feridas";"Pleno dia";"Decrescente";"Nublado";"Dupla";"Em Obras";"Sim";3;0;0;1;2;0;1;2;-26,61085222;-48,72204472;"SPRF-SC";"DEL03-SC";"UOP02-DEL03-SC"
471402;2022-08-31;"quarta-feira";"11:00:00";"MG";365;485;"PATROCINIO";"Problema com o freio";"Incêndio";"Sem Vítimas";"Pleno dia";"Crescente";"Céu Claro";"Dupla";"Rotatória";"Não";2;0;0;0;1;2;0;3;-18,89580605;-47,11380401;"SPRF-MG";"DEL10-MG";"UOP01-DEL10-MG"
471404;2022-08-31;"quarta-feira";"11:30:00";"ES";101;366,7;"ANCHIETA";"Velocidade Incompatível";"Saída de leito carroçável";"Com Vítimas Feridas";"Pleno dia";"Decrescente";"Chuva";"Simples";"Curva";"Não";2;0;1;0;0;2;1;3;-20,74480799;-40,7602114;"SPRF-ES";"DEL03-ES";"UOP01-DEL03-ES"
471410;2022-08-31;"quarta-feira";"10:30:00";"MG";381;723,2;"CARMO DA CACHOEIRA";"Reação tardia ou ineficiente do condutor";"Colisão traseira";"Com Vítimas Feridas";"Pleno dia";"Decrescente";"Céu Claro";"Dupla";"Reta";"Não";6;0;1;0;4;2;1;6;-21,484833;-45,2055;"SPRF-MG";"DEL04-MG";"UOP02-DEL04-MG"
471417;2022-08-31;"quarta-feira";"13:25:00";"RN";110;47,9;"MOSSORO";"Transitar no acostamento";"Colisão transversal";"Com Vítimas Feridas";"Pleno dia";"Crescente";"Céu Claro";"Simples";"Reta";"Sim";4;0;1;0;1;2;1;4;-5,20338376;-37,32563418;"SPRF-RN";"DEL04-RN";"UOP01-DEL04-RN"
471422;2022-08-31;"quarta-feira";"13:00:00";"RJ";493;105;"SEROPEDICA";"Ausência de reação do condutor";"Colisão traseira";"Com Vítimas Feridas";"Pleno dia";"Decrescente";"Céu Claro";"Dupla";"Retorno Regulamentado";"Não";3;0;0;1;1;1;1;3;-22,780709;-43,751004;"SPRF-RJ";"DEL03-RJ";"UOP01-DEL03-RJ"
471426;2022-08-31;"quarta-feira";"13:05:00";"MS";163;39,1;"ELDORADO";"Acessar a via sem observar a presença dos outros veículos";"Colisão frontal";"Com Vítimas Feridas";"Pleno dia";"Decrescente";"Céu Claro";"Simples";"Reta";"Sim";4;0;1;1;1;2;2;4;-23,7948851;-54,28686992;"SPRF-MS";"DEL09-MS";"UOP02-DEL09-MS"
471428;2022-08-31;"quarta-feira";"13:55:00";"GO";60;14,1;"ALEXANIA";"Problema com o freio";"Incêndio";"Sem Vítimas";"Pleno dia";"Crescente";"Céu Claro";"Dupla";"Reta;Aclive";"Não";2;0;0;0;1;1;0;2;-16,11069631;-48,3530134;"SPRF-DF";"DEL03-DF";"UOP01-DEL03-DF"
471430;2022-08-31;"quarta-feira";"06:40:00";"MT";163;602;"NOVA MUTUM";"Desrespeitar a preferência no cruzamento";"Colisão transversal";"Com Vítimas Feridas";"Pleno dia";"Decrescente";"Céu Claro";"Simples";"Reta";"Sim";3;0;0;1;1;2;1;4;-13,89007603;-56,08964479;"SPRF-MT";"DEL01-MT";"UOP01-DEL01-MT"
471432;2022-08-31;"quarta-feira";"09:17:00";"MG";381;720,5;"CARMO DA CACHOEIRA";"Velocidade Incompatível";"Tombamento";"Com Vítimas Feridas";"Pleno dia";"Decrescente";"Céu Claro";"Dupla";"Curva";"Não";2;0;1;0;0;1;1;2;-21,46061202;-45,20743901;"SPRF-MG";"DEL04-MG";"UOP02-DEL04-MG"
471434;2022-08-31;"quarta-feira";"15:00:00";"PR";277;722;"FOZ DO IGUACU";"Acessar a via sem observar a presença dos outros veículos";"Colisão transversal";"Com Vítimas Feridas";"Pleno dia";"Decrescente";"Céu Claro";"Dupla";"Reta";"Sim";2;0;1;0;1;0;1;2;-25,49494908;-54,52095097;"SPRF-PR";"DEL05-PR";"UOP03-DEL05-PR"
471436;2022-08-31;"quarta-feira";"14:00:00";"MG";116;3;"DIVISA ALEGRE";"Pedestre andava na pista";"Atropelamento de Pedestre";"Com Vítimas Fatais";"Pleno dia";"Crescente";"Céu Claro";"Simples";"Curva";"Sim";4;1;0;0;1;3;0;4;-15,72609196;-41,34372437;"SPRF-BA";"DEL08-BA";"UOP03-DEL08-BA"
471446;2022-08-31;"quarta-feira";"15:35:00";"SC";101;169;"TIJUCAS";"Manobra de mudança de faixa";"Colisão lateral mesmo sentido";"Sem Vítimas";"Pleno dia";"Crescente";"Céu Claro";"Dupla";"Reta";"Não";3;0;0;0;2;1;0;3;-27,32475977;-48,62729073;"SPRF-SC";"DEL04-SC";"UOP03-DEL04-SC"
471447;2022-08-31;"quarta-feira";"14:50:00";"MT";163;831;"SINOP";"Acessar a via sem observar a presença dos outros veículos";"Colisão transversal";"Sem Vítimas";"Pleno dia";"Crescente";"Céu Claro";"Dupla";"Interseção de Vias;Retorno Regulamentado";"Sim";4;0;0;0;3;2;0;5;-11,89239338;-55,50311435;"SPRF-MT";"DEL06-MT";"UOP01-DEL06-MT"
471448;2022-08-31;"quarta-feira";"17:00:00";"MG";459;90;"CONGONHAL";"Avarias e/ou desgaste excessivo no pneu";"Saída de leito carroçável";"Com Vítimas Feridas";"Anoitecer";"Decrescente";"Céu Claro";"Simples";"Curva";"Não";5;0;1;0;0;4;1;4;-22,157057;-46,007881;"SPRF-MG";"DEL09-MG";"UOP01-DEL09-MG"
471453;2022-08-31;"quarta-feira";"15:45:00";"RS";158;436;"ROSARIO DO SUL";"Ausência de reação do condutor";"Colisão lateral sentido oposto";"Com Vítimas Feridas";"Pleno dia";"Crescente";"Céu Claro";"Simples";"Reta";"Não";2;0;1;0;1;0;1;2;-30,16607313;-54,68406383;"SPRF-RS";"DEL11-RS";"UOP02-DEL11-RS"
471461;2022-08-31;"quarta-feira";"17:18:00";"MS";60;422,6;"SIDROLANDIA";"Acessar a via sem observar a presença dos outros veículos";"Colisão frontal";"Com Vítimas Feridas";"Anoitecer";"Crescente";"Céu Claro";"Simples";"Reta";"Sim";3;0;0;1;1;1;1;3;-20,90647275;-54,94123021;"SPRF-MS";"DEL01-MS";"UOP04-DEL01-MS"
471465;2022-08-31;"quarta-feira";"16:55:00";"MT";70;514;"VARZEA GRANDE";"Entrada inopinada do pedestre";"Atropelamento de Pedestre";"Com Vítimas Feridas";"Pleno dia";"Decrescente";"Céu Claro";"Simples";"Reta";"Sim";3;0;1;0;1;1;1;3;-15,70609288;-56,13284111;"SPRF-MT";"DEL01-MT";"UOP02-DEL01-MT"
471468;2022-08-31;"quarta-feira";"16:15:00";"DF";80;27,9;"BRASILIA";"Reação tardia ou ineficiente do condutor";"Tombamento";"Com Vítimas Feridas";"Pleno dia";"Decrescente";"Céu Claro";"Simples";"Curva;Declive";"Não";2;0;1;0;0;1;1;2;-15,590775;-48,195732;"SPRF-DF";"DEL03-DF";"UOP02-DEL03-DF"
471470;2022-08-31;"quarta-feira";"17:00:00";"AL";101;61;"MESSIAS";"Ausência de reação do condutor";"Tombamento";"Sem Vítimas";"Plena Noite";"Crescente";"Garoa/Chuvisco";"Dupla";"Curva";"Não";2;0;0;0;1;1;0;2;-9,29281333;-35,81891166;"SPRF-AL";"DEL01-AL";"UOP02-DEL01-AL"
471472;2022-08-31;"quarta-feira";"15:53:00";"MG";381;941;"EXTREMA";"Manobra de mudança de faixa";"Colisão lateral mesmo sentido";"Com Vítimas Feridas";"Pleno dia";"Decrescente";"Céu Claro";"Dupla";"Reta";"Não";2;0;0;1;1;0;1;2;-22,86021873;-46,34260711;"SPRF-MG";"DEL16-MG";"UOP03-DEL16-MG"
471476;2022-08-31;"quarta-feira";"11:40:00";"MG";381;164,9;"GOVERNADOR VALADARES";"Ingestão de substâncias psicoativas pelo condutor";"Colisão transversal";"Com Vítimas Feridas";"Pleno dia";"Crescente";"Sol";"Simples";"Reta";"Não";3;0;1;0;1;2;1;4;-18,94120195;-42,05863304;"SPRF-MG";"DEL06-MG";"UOP01-DEL06-MG"
471482;2022-08-31;"quarta-feira";"18:25:00";"RS";116;151,3;"CAXIAS DO SUL";"Pedestre cruzava a pista fora da faixa";"Atropelamento de Pedestre";"Com Vítimas Feridas";"Anoitecer";"Crescente";"Céu Claro";"Dupla";"Aclive";"Sim";3;0;0;1;1;1;1;2;-29,17694502;-51,16173896;"SPRF-RS";"DEL05-RS";"UOP01-DEL05-RS"
471485;2022-08-31;"quarta-feira";"17:50:00";"SC";101;429,8;"SOMBRIO";"Transitar no acostamento";"Tombamento";"Com Vítimas Fatais";"Anoitecer";"Crescente";"Ignorado";"Múltipla";"Reta";"Não";5;1;1;0;2;1;1;4;-29,06192519;-49,62408727;"SPRF-SC";"DEL02-SC";"UOP02-DEL02-SC"
471489;2022-08-31;"quarta-feira";"10:40:00";"PR";277;124;"CAMPO LARGO";"Mal súbito do condutor";"Saída de leito carroçável";"Com Vítimas Feridas";"Pleno dia";"Crescente";"Céu Claro";"Dupla";"Aclive;Curva";"Não";2;0;1;0;1;0;1;1;-25,4472505;-49,47885404;"SPRF-PR";"DEL03-PR";"UOP03-DEL03-PR"
471495;2022-08-31;"quarta-feira";"16:55:00";"PR";277;729;"FOZ DO IGUACU";"Ausência de reação do condutor";"Colisão traseira";"Com Vítimas Fatais";"Anoitecer";"Crescente";"Céu Claro";"Dupla";"Reta";"Sim";2;1;0;0;1;0;0;2;-25,50749887;-54,58379896;"SPRF-PR";"DEL05-PR";"UOP03-DEL05-PR"
471502;2022-08-31;"quarta-feira";"17:20:00";"RJ";101;463;"ANGRA DOS REIS";"Mal súbito do condutor";"Colisão frontal";"Sem Vítimas";"Pleno dia";"Crescente";"Nublado";"Simples";"Reta";"Não";3;0;0;0;3;0;0;3;-23,02635686;-44,21296905;"SPRF-RJ";"DEL03-RJ";"UOP03-DEL03-RJ"
471510;2022-08-31;"quarta-feira";"19:30:00";"RS";392;18,1;"RIO GRANDE";"Ausência de reação do condutor";"Colisão traseira";"Com Vítimas Feridas";"Pleno dia";"Crescente";"Céu Claro";"Dupla";"Reta";"Sim";4;0;2;0;1;2;2;4;-32,08956848;-52,1788466;"SPRF-RS";"DEL07-RS";"UOP02-DEL07-RS"
471519;2022-08-31;"quarta-feira";"22:00:00";"BA";324;561;"SAO SEBASTIAO DO PASSE";"Condutor deixou de manter distância do veículo da frente";"Engavetamento";"Com Vítimas Feridas";"Plena Noite";"Crescente";"Chuva";"Dupla";"Retorno Regulamentado";"Não";3;0;1;0;2;0;1;3;-12,49783433;-38,64646092;"SPRF-BA";"DEL01-BA";"UOP01-DEL01-BA"
471523;2022-08-31;"quarta-feira";"21:40:00";"SC";163;68,6;"SAO MIGUEL DO OESTE";"Manobra de mudança de faixa";"Colisão lateral mesmo sentido";"Sem Vítimas";"Plena Noite";"Crescente";"Céu Claro";"Dupla";"Reta;Interseção de Vias;Declive";"Sim";3;0;0;0;1;3;0;4;-26,74470018;-53,50095034;"SPRF-SC";"DEL07-SC";"UOP03-DEL07-SC"
471524;2022-08-31;"quarta-feira";"21:40:00";"MT";364;325,7;"CAMPO VERDE";"Reação tardia ou ineficiente do condutor";"Saída de leito carroçável";"Com Vítimas Feridas";"Plena Noite";"Decrescente";"Céu Claro";"Dupla";"Reta";"Não";2;0;0;1;0;1;1;2;-15,81328866;-55,38501307;"SPRF-MT";"DEL05-MT";"UOP02-DEL05-MT"
471529;2022-08-31;"quarta-feira";"22:00:00";"PR";116;23;"ANTONINA";"Ausência de reação do condutor";"Colisão traseira";"Com Vítimas Feridas";"Plena Noite";"Crescente";"Nublado";"Dupla";"Reta";"Não";3;0;1;0;1;2;1;4;-25,1104764;-48,75592011;"SPRF-PR";"DEL01-PR";"UOP02-DEL01-PR"
471532;2022-08-31;"quarta-feira";"17:00:00";"MT";70;225;"GENERAL CARNEIRO";"Ingestão de álcool pelo condutor";"Tombamento";"Com Vítimas Feridas";"Anoitecer";"Crescente";"Céu Claro";"Simples";"Reta";"Não";2;0;1;0;0;1;1;2;-15,656784;-53,90401;"SPRF-MT";"DEL05-MT";"UOP01-DEL05-MT"
471541;2022-08-31;"quarta-feira";"19:10:00";"RJ";393;279,8;"BARRA DO PIRAI";"Reação tardia ou ineficiente do condutor";"Colisão traseira";"Com Vítimas Feridas";"Plena Noite";"Crescente";"Céu Claro";"Simples";"Reta";"Sim";2;0;0;1;1;0;1;2;-22,4769519;-44,048321;"SPRF-RJ";"DEL05-RJ";"UOP04-DEL05-RJ"
471543;2022-09-01;"quinta-feira";"02:15:00";"PR";376;617,9;"SAO JOSE DOS PINHAIS";"Manobra de mudança de faixa";"Colisão traseira";"Com Vítimas Feridas";"Plena Noite";"Crescente";"Nublado";"Dupla";"Reta";"Não";4;0;0;1;2;1;1;3;-25,58426494;-49,17618795;"SPRF-PR";"DEL01-PR";"UOP04-DEL01-PR"
471546;2022-09-01;"quinta-feira";"04:30:00";"GO";60;305;"ACREUNA";"Ausência de reação do condutor";"Colisão traseira";"Com Vítimas Feridas";"Plena Noite";"Decrescente";"Céu Claro";"Dupla";"Reta";"Sim";4;0;2;0;1;1;2;3;-17,3862;-50,375;"SPRF-GO";"DEL04-GO";"UOP01-DEL04-GO"
471553;2022-09-01;"quinta-feira";"05:50:00";"RN";101;148,3;"GOIANINHA";"Manobra de mudança de faixa";"Colisão lateral mesmo sentido";"Com Vítimas Feridas";"Pleno dia";"Crescente";"Céu Claro";"Dupla";"Aclive";"Não";3;0;1;0;2;0;1;3;-6,27673706;-35,20680428;"SPRF-RN";"DEL01-RN";"UOP01-DEL01-RN"
471558;2022-09-01;"quinta-feira";"06:40:00";"PA";316;41;"SANTA IZABEL DO PARA";"Demais falhas mecânicas ou elétricas";"Colisão lateral mesmo sentido";"Com Vítimas Feridas";"Pleno dia";"Crescente";"Céu Claro";"Dupla";"Reta";"Não";9;0;0;5;3;2;5;4;-1,27865788;-48,113552;"SPRF-PA";"DEL01-PA";"UOP01-DEL01-PA"
471572;2022-08-31;"quarta-feira";"18:45:00";"MT";70;290;"PRIMAVERA DO LESTE";"Fumaça";"Colisão frontal";"Com Vítimas Feridas";"Plena Noite";"Crescente";"Céu Claro";"Simples";"Reta";"Não";5;0;2;0;2;2;2;5;-15,57938791;-54,40567017;"SPRF-MT";"DEL05-MT";"UOP01-DEL05-MT"
471574;2022-09-01;"quinta-feira";"03:30:00";"RJ";116;31;"SAPUCAIA";"Reação tardia ou ineficiente do condutor";"Tombamento";"Sem Vítimas";"Plena Noite";"Crescente";"Céu Claro";"Simples";"Curva;Declive";"Não";2;0;0;0;1;1;0;2;-22,07933369;-42,80038411;"SPRF-RJ";"DEL05-RJ";"UOP01-DEL05-RJ"
471583;2022-09-01;"quinta-feira";"08:52:00";"GO";40;2,9;"VALPARAISO DE GOIAS";"Condutor usando celular";"Colisão traseira";"Sem Vítimas";"Pleno dia";"Decrescente";"Céu Claro";"Dupla";"Reta";"Sim";2;0;0;0;2;0;0;2;-16,067129;-47,984235;"SPRF-DF";"DEL01-DF";"UOP01-DEL01-DF"
471584;2022-09-01;"quinta-feira";"09:00:00";"MG";381;481;"CONTAGEM";"Trafegar com motocicleta (ou similar) entre as faixas";"Colisão lateral mesmo sentido";"Com Vítimas Feridas";"Pleno dia";"Crescente";"Céu Claro";"Dupla";"Reta";"Sim";2;0;1;0;1;0;1;2;-19,95931561;-44,08825597;"SPRF-MG";"DEL01-MG";"UOP03-DEL01-MG"
471586;2022-09-01;"quinta-feira";"09:22:00";"ES";101;176;"ARACRUZ";"Acessar a via sem observar a presença dos outros veículos";"Colisão transversal";"Com Vítimas Feridas";"Pleno dia";"Crescente";"Nublado";"Simples";"Reta";"Sim";2;0;0;1;0;1;1;2;-19,59523801;-40,19835299;"SPRF-ES";"DEL04-ES";"UOP01-DEL04-ES"
471589;2022-09-01;"quinta-feira";"09:10:00";"SE";235;3,5;"NOSSA SENHORA DO SOCORRO";"Condutor deixou de manter distância do veículo da frente";"Colisão traseira";"Sem Vítimas";"Pleno dia";"Crescente";"Chuva";"Dupla";"Reta;Declive";"Sim";2;0;0;0;2;0;0;2;-10,9059;-37,111;"SPRF-SE";"DEL01-SE";"UOP01-DEL01-SE"
471590;2022-09-01;"quinta-feira";"07:45:00";"PR";277;455,2;"LARANJEIRAS DO SUL";"Acesso irregular";"Colisão transversal";"Com Vítimas Fatais";"Amanhecer";"Decrescente";"Céu Claro";"Simples";"Aclive;Reta";"Não";3;1;0;0;1;1;0;3;-25,36980336;-52,37913399;"SPRF-PR";"DEL04-PR";"UOP02-DEL04-PR"
471592;2022-09-01;"quinta-feira";"09:00:00";"MA";316;420;"PERITORO";"Ausência de reação do condutor";"Colisão frontal";"Com Vítimas Feridas";"Pleno dia";"Crescente";"Céu Claro";"Simples";"Reta";"Não";8;0;3;0;4;1;3;3;-4,352625;-44,369662;"SPRF-MA";"DEL03-MA";"UOP01-DEL03-MA"
471598;2022-09-01;"quinta-feira";"08:55:00";"SP";116;139,5;"SAO JOSE DOS CAMPOS";"Reação tardia ou ineficiente do condutor";"Colisão traseira";"Sem Vítimas";"Pleno dia";"Crescente";"Céu Claro";"Dupla";"Reta";"Sim";2;0;0;0;2;0;0;2;-23,1675075;-45,81573486;"SPRF-SP";"DEL02-SP";"UOP01-DEL02-SP"
471600;2022-09-01;"quinta-feira";"07:30:00";"BA";242;280;"RUY BARBOSA";"Pista esburacada";"Colisão lateral sentido oposto";"Com Vítimas Feridas";"Amanhecer";"Decrescente";"Nublado";"Simples";"Reta";"Não";6;0;1;0;4;2;1;4;-12,445624;-40,722929;"SPRF-BA";"DEL06-BA";"UOP02-DEL06-BA"
471603;2022-09-01;"quinta-feira";"09:25:00";"BA";101;746,9;"ITABELA";"Velocidade Incompatível";"Tombamento";"Com Vítimas Fatais";"Pleno dia";"Crescente";"Sol";"Simples";"Curva";"Não";2;1;0;0;0;1;0;2;-16,584659;-39,554247;"SPRF-BA";"DEL09-BA";"UOP01-DEL09-BA"
471605;2022-09-01;"quinta-feira";"07:12:00";"GO";60;373;"RIO VERDE";"Ausência de reação do condutor";"Saída de leito carroçável";"Sem Vítimas";"Pleno dia";"Decrescente";"Céu Claro";"Dupla";"Retorno Regulamentado";"Não";1;0;0;0;0;1;0;1;-17,7116;-50,8524;"SPRF-GO";"DEL04-GO";"UOP01-DEL04-GO"