"id";"data_inversa";"dia_semana";"horario";"uf";"br";"km";"municipio";"causa_acidente";"tipo_acidente";"classificacao_acidente";"fase_dia";"sentido_via";"condicao_metereologica";"tipo_pista";"tracado_via";"uso_solo";"pessoas";"mortos";"feridos_leves";"feridos_graves";"ilesos";"ignorados";"feridos";"veiculos";"latitude";"longitude";"regional";"delegacia";"uop"
471606;2022-08-14;"domingo";"13:30:00";"GO";153;280,7;"NOVA GLORIA";"Ingestão de álcool pelo condutor";"Colisão lateral mesmo sentido";"Com Vítimas Feridas";"Pleno dia";"Decrescente";"Céu Claro";"Simples";"Reta";"Não";2;0;1;0;1;0;1;2;-15,134809;-49,518436;"SPRF-GO";"DEL07-GO";"UOP02-DEL07-GO"
471609;2022-09-01;"quinta-feira";"11:30:00";"MG";50;116;"UBERABA";"Ausência de reação do condutor";"Colisão traseira";"Com Vítimas Feridas";"Pleno dia";"Decrescente";"Céu Claro";"Dupla";"Reta";"Não";3;0;1;0;1;1;1;3;-19,27451393;-48,12473983;"SPRF-MG";"DEL13-MG";"UOP01-DEL13-MG"
471610;2022-09-01;"quinta-feira";"11:10:00";"ES";101;263;"SERRA";"Ausência de reação do condutor";"Colisão lateral mesmo sentido";"Com Vítimas Feridas";"Pleno dia";"Crescente";"Nublado";"Múltipla";"Reta";"Sim";5;0;1;0;4;0;1;4;-20,16554736;-40,27301648;"SPRF-ES";"DEL02-ES";"UOP01-DEL02-ES"
471611;2022-09-01;"quinta-feira";"12:30:00";"ES";101;240,3;"FUNDAO";"Objeto estático sobre o leito carroçável";"Colisão com objeto";"Com Vítimas Feridas";"Pleno dia";"Decrescente";"Céu Claro";"Simples";"Reta";"Não";1;0;1;0;0;0;1;1;-20,01594191;-40,40401764;"SPRF-ES";"DEL02-ES";"UOP01-DEL02-ES"
471612;2022-08-24;"quarta-feira";"04:20:00";"BA";324;576;"SAO SEBASTIAO DO PASSE";"Condutor Dormindo";"Colisão traseira";"Com Vítimas Feridas";"Plena Noite";"Crescente";"Céu Claro";"Dupla";"Reta";"Não";2;0;1;0;1;0;1;2;-12,57834312;-38,53790009;"SPRF-BA";"DEL01-BA";"UOP01-DEL01-BA"
471619;2022-09-01;"quinta-feira";"12:00:00";"BA";101;404;"IBIRAPITANGA";"Desrespeitar a preferência no cruzamento";"Colisão transversal";"Com Vítimas Feridas";"Pleno dia";"Decrescente";"Chuva";"Simples";"Reta";"Sim";3;0;1;0;1;3;1;5;-14,019889;-39,429886;"SPRF-BA";"DEL05-BA";"UOP03-DEL05-BA"
471623;2022-09-01;"quinta-feira";"13:10:00";"MS";436;18;"APARECIDA DO TABOADO";"Ausência de reação do condutor";"Tombamento";"Com Vítimas Feridas";"Pleno dia";"Decrescente";"Céu Claro";"Simples";"Curva";"Não";2;0;1;0;0;1;1;2;-20,08263628;-51,13723755;"SPRF-MS";"DEL08-MS";"UOP01-DEL08-MS"
471625;2022-09-01;"quinta-feira";"13:50:00";"RS";290;90;"PORTO ALEGRE";"Manobra de mudança de faixa";"Colisão lateral mesmo sentido";"Sem Vítimas";"Pleno dia";"Decrescente";"Céu Claro";"Múltipla";"Reta";"Não";4;0;0;0;4;0;0;4;-29,968319;-51,157398;"SPRF-RS";"DEL01-RS";"UOP01-DEL01-RS"
471638;2022-09-01;"quinta-feira";"15:25:00";"PR";369;165;"CAMBE";"Condutor deixou de manter distância do veículo da frente";"Colisão transversal";"Com Vítimas Feridas";"Pleno dia";"Crescente";"Céu Claro";"Dupla";"Aclive";"Sim";8;0;1;0;6;2;1;5;-23,29530697;-51,29870653;"SPRF-PR";"DEL07-PR";"UOP01-DEL07-PR"
471641;2022-09-01;"quinta-feira";"16:52:00";"RJ";116;278;"BARRA MANSA";"Condutor deixou de manter distância do veículo da frente";"Colisão traseira";"Com Vítimas Feridas";"Pleno dia";"Crescente";"Nublado";"Dupla";"Aclive";"Não";3;0;0;1;1;2;1;4;-22,55271018;-44,17778004;"SPRF-RJ";"DEL07-RJ";"UOP02-DEL07-RJ"
471642;2022-07-19;"terça-feira";"21:45:00";"ES";259;20;"JOAO NEIVA";"Ausência de reação do condutor";"Derramamento de carga";"Com Vítimas Feridas";"Plena Noite";"Crescente";"Céu Claro";"Simples";"Curva";"Não";3;0;2;1;0;0;3;1;-19,65378613;-40,46226743;"SPRF-ES";"DEL02-ES";"UOP01-DEL02-ES"
471645;2022-09-01;"quinta-feira";"16:30:00";"PR";376;597,5;"CURITIBA";"Pedestre andava na pista";"Atropelamento de Pedestre";"Com Vítimas Fatais";"Pleno dia";"Decrescente";"Céu Claro";"Dupla";"Reta";"Sim";4;1;0;0;1;2;0;3;-25,5188802;-49,33506947;"SPRF-PR";"DEL01-PR";"UOP06-DEL01-PR"
471646;2022-09-01;"quinta-feira";"16:12:00";"MG";381;486;"BETIM";"Ausência de reação do condutor";"Colisão lateral mesmo sentido";"Com Vítimas Feridas";"Pleno dia";"Crescente";"Céu Claro";"Dupla";"Curva;Declive";"Não";5;0;0;3;2;0;3;4;-19,95644414;-44,13611598;"SPRF-MG";"DEL01-MG";"UOP03-DEL01-MG"
471647;2022-09-01;"quinta-feira";"10:05:00";"PR";277;401;"CANDOI";"Ingestão de álcool pelo condutor";"Tombamento";"Sem Vítimas";"Pleno dia";"Crescente";"Céu Claro";"Simples";"Curva";"Não";2;0;0;0;1;3;0;4;-25,45261579;-51,93633605;"SPRF-PR";"DEL08-PR";"UOP01-DEL08-PR"
471649;2022-09-01;"quinta-feira";"08:30:00";"MT";70;240;"PRIMAVERA DO LESTE";"Velocidade Incompatível";"Colisão lateral sentido oposto";"Sem Vítimas";"Pleno dia";"Crescente";"Céu Claro";"Simples";"Reta";"Não";4;0;0;0;3;3;0;6;-15,622198;-54,028728;"SPRF-MT";"DEL05-MT";"UOP01-DEL05-MT"
471657;2022-09-01;"quinta-feira";"18:10:00";"PE";232;144;"SAO CAITANO";"Ingestão de álcool pelo condutor";"Colisão lateral mesmo sentido";"Sem Vítimas";"Plena Noite";"Crescente";"Nublado";"Dupla";"Reta";"Não";2;0;0;0;2;0;0;2;-8,32522249;-36,11250878;"SPRF-PE";"DEL03-PE";"UOP02-DEL03-PE"
471661;2022-09-01;"quinta-feira";"17:40:00";"MG";262;436;"NOVA SERRANA";"Manobra de mudança de faixa";"Colisão lateral mesmo sentido";"Sem Vítimas";"Anoitecer";"Decrescente";"Céu Claro";"Dupla";"Reta";"Sim";3;0;0;0;2;1;0;3;-19,89783676;-44,86031995;"SPRF-MG";"DEL08-MG";"UOP03-DEL08-MG"
471662;2022-09-01;"quinta-feira";"10:30:00";"SC";282;310,8;"VARGEM";"Velocidade Incompatível";"Colisão frontal";"Com Vítimas Fatais";"Pleno dia";"Decrescente";"Céu Claro";"Simples";"Curva;Aclive";"Não";3;1;0;0;2;0;0;2;-27,4739124;-50,9824937;"SPRF-SC";"DEL07-SC";"UOP06-DEL07-SC"
471663;2022-09-01;"quinta-feira";"17:00:00";"RS";153;525;"CACAPAVA DO SUL";"Carga excessiva e/ou mal acondicionada";"Tombamento";"Com Vítimas Feridas";"Pleno dia";"Decrescente";"Nublado";"Simples";"Curva";"Não";1;0;1;0;0;0;1;1;-30,67866817;-53,44093323;"SPRF-RS";"DEL09-RS";"UOP02-DEL09-RS"
471665;2022-09-01;"quinta-feira";"18:20:00";"MG";116;707,1;"MURIAE";"Acessar a via sem observar a presença dos outros veículos";"Colisão lateral mesmo sentido";"Com Vítimas Feridas";"Plena Noite";"Crescente";"Nublado";"Simples";"Rotatória";"Sim";3;0;0;1;1;1;1;3;-21,15538281;-42,38264744;"SPRF-MG";"DEL07-MG";"UOP02-DEL07-MG"
471683;2022-09-01;"quinta-feira";"21:05:00";"SC";470;48,4;"BLUMENAU";"Ausência de reação do condutor";"Tombamento";"Com Vítimas Feridas";"Plena Noite";"Decrescente";"Nublado";"Simples";"Reta";"Não";3;0;0;1;1;1;1;3;-26,859823;-49,055393;"SPRF-SC";"DEL04-SC";"UOP01-DEL04-SC"
471684;2022-09-01;"quinta-feira";"21:10:00";"GO";50;147;"IPAMERI";"Condutor Dormindo";"Tombamento";"Com Vítimas Feridas";"Pleno dia";"Decrescente";"Céu Claro";"Dupla";"Reta";"Não";2;0;0;1;0;1;1;2;-17,1482;-47,7229;"SPRF-GO";"DEL06-GO";"UOP01-DEL06-GO"
471685;2022-09-01;"quinta-feira";"12:50:00";"PR";376;215;"JANDAIA DO SUL";"Retorno proibido";"Colisão transversal";"Com Vítimas Fatais";"Pleno dia";"Crescente";"Sol";"Múltipla";"Retorno Regulamentado";"Não";2;1;0;1;0;0;1;2;-23,58069;-51,65148;"SPRF-PR";"DEL09-PR";"UOP01-DEL09-PR"
471690;2022-09-01;"quinta-feira";"22:25:00";"RS";386;356;"ESTRELA";"Velocidade Incompatível";"Colisão traseira";"Com Vítimas Feridas";"Plena Noite";"Decrescente";"Céu Claro";"Dupla";"Curva";"Não";5;0;2;0;2;1;2;4;-29,52356991;-51,93459392;"SPRF-RS";"DEL04-RS";"UOP02-DEL04-RS"
471691;2022-09-01;"quinta-feira";"19:15:00";"MA";135;79;"SANTA RITA";"Pista em desnível";"Derramamento de carga";"Sem Vítimas";"Plena Noite";"Decrescente";"Céu Claro";"Simples";"Reta";"Sim";2;0;0;0;1;2;0;3;-3,212133;-44,36219192;"SPRF-MA";"DEL01-MA";"UOP02-DEL01-MA"
471692;2022-09-01;"quinta-feira";"22:15:00";"RS";158;147,3;"PANAMBI";"Ultrapassagem Indevida";"Colisão traseira";"Com Vítimas Feridas";"Plena Noite";"Crescente";"Céu Claro";"Simples";"Curva";"Não";9;0;6;1;0;2;7;5;-28,257503;-53,482775;"SPRF-RS";"DEL10-RS";"UOP02-DEL10-RS"
471695;2022-09-01;"quinta-feira";"17:50:00";"MG";381;778;"CAMPANHA";"Ausência de reação do condutor";"Colisão lateral mesmo sentido";"Sem Vítimas";"Anoitecer";"Decrescente";"Céu Claro";"Dupla";"Curva";"Não";3;0;0;0;3;0;0;2;-21,83280868;-45,50064606;"SPRF-MG";"DEL16-MG";"UOP02-DEL16-MG"
471700;2022-09-01;"quinta-feira";"21:30:00";"PR";277;122,8;"CAMPO LARGO";"Ingestão de álcool pelo condutor";"Colisão lateral mesmo sentido";"Sem Vítimas";"Plena Noite";"Decrescente";"Céu Claro";"Dupla";"Interseção de Vias";"Sim";2;0;0;0;2;0;0;2;-25,454625;-49,575873;"SPRF-PR";"DEL03-PR";"UOP03-DEL03-PR"
471703;2022-09-02;"sexta-feira";"00:00:00";"SP";116;199;"ARUJA";"Reação tardia ou ineficiente do condutor";"Colisão lateral mesmo sentido";"Sem Vítimas";"Plena Noite";"Crescente";"Céu Claro";"Dupla";"Curva";"Sim";2;0;0;0;2;0;0;2;-23,40185327;-46,31154312;"SPRF-SP";"DEL01-SP";"UOP01-DEL01-SP"
471706;2022-09-01;"quinta-feira";"23:40:00";"MG";251;505;"FRANCISCO SA";"Ingestão de substâncias psicoativas pelo condutor";"Colisão lateral mesmo sentido";"Sem Vítimas";"Plena Noite";"Decrescente";"Céu Claro";"Simples";"Reta";"Não";3;0;0;0;2;2;0;4;-16,61623136;-43,68084596;"SPRF-MG";"DEL12-MG";"UOP01-DEL12-MG"
471712;2022-09-02;"sexta-feira";"02:10:00";"SC";101;181;"BIGUACU";"Acessar a via sem observar a presença dos outros veículos";"Colisão traseira";"Com Vítimas Feridas";"Plena Noite";"Crescente";"Céu Claro";"Dupla";"Reta;Em Obras";"Não";2;0;0;1;1;0;1;2;-27,38958699;-48,63197593;"SPRF-SC";"DEL01-SC";"UOP01-DEL01-SC"
471716;2022-09-01;"quinta-feira";"23:40:00";"GO";80;61,4;"PADRE BERNARDO";"Condutor deixou de manter distância do veículo da frente";"Colisão traseira";"Com Vítimas Feridas";"Plena Noite";"Crescente";"Céu Claro";"Simples";"Reta";"Não";3;0;1;0;1;3;1;5;-15,176723;-48,409849;"SPRF-DF";"DEL03-DF";"UOP02-DEL03-DF"
471719;2022-09-02;"sexta-feira";"05:10:00";"GO";153;700;"ITUMBIARA";"Condutor Dormindo";"Colisão traseira";"Com Vítimas Feridas";"Pleno dia";"Crescente";"Céu Claro";"Dupla";"Reta";"Sim";3;0;1;0;1;1;1;3;-18,3945;-49,2051;"SPRF-GO";"DEL03-GO";"UOP02-DEL03-GO"
471720;2022-09-02;"sexta-feira";"06:05:00";"RS";386;379,3;"TAQUARI";"Demais falhas mecânicas ou elétricas";"Incêndio";"Sem Vítimas";"Amanhecer";"Crescente";"Céu Claro";"Dupla";"Reta";"Não";2;0;0;0;1;1;0;2;-29,644915;-51,766876;"SPRF-RS";"DEL04-RS";"UOP02-DEL04-RS"
471721;2022-09-02;"sexta-feira";"04:40:00";"PR";153;26,9;"JACAREZINHO";"Ingestão de álcool pelo condutor";"Colisão traseira";"Com Vítimas Feridas";"Plena Noite";"Decrescente";"Céu Claro";"Simples";"Reta";"Não";7;0;3;0;2;2;3;4;-23,20590733;-49,98586178;"SPRF-PR";"DEL07-PR";"UOP04-DEL07-PR"
471724;2022-09-02;"sexta-feira";"06:50:00";"MG";262;765;"UBERABA";"Condutor Dormindo";"Tombamento";"Com Vítimas Feridas";"Amanhecer";"Decrescente";"Céu Claro";"Simples";"Reta";"Não";2;0;1;0;0;1;1;2;-19,67812676;-47,64827307;"SPRF-MG";"DEL13-MG";"UOP01-DEL13-MG"
471725;2022-09-02;"sexta-feira";"06:30:00";"MS";163;510;"JARAGUARI";"Conversão proibida";"Colisão lateral mesmo sentido";"Com Vítimas Feridas";"Pleno dia";"Decrescente";"Céu Claro";"Simples";"Reta";"Não";3;0;1;0;1;2;1;4;-20,2366678;-54,47891707;"SPRF-MS";"DEL01-MS";"UOP02-DEL01-MS"
471727;2022-09-02;"sexta-feira";"07:30:00";"RS";386;440;"CANOAS";"Ausência de reação do condutor";"Colisão transversal";"Com Vítimas Feridas";"Pleno dia";"Decrescente";"Chuva";"Dupla";"Interseção de Vias";"Não";2;0;1;0;1;0;1;2;-29,878265;-51,241951;"SPRF-RS";"DEL01-RS";"UOP01-DEL01-RS"
471731;2022-08-29;"segunda-feira";"07:00:00";"BA";116;668,8;"JEQUIE";"Ausência de reação do condutor";"Tombamento";"Com Vítimas Feridas";"Pleno dia";"Decrescente";"Sol";"Simples";"Reta";"Sim";2;0;1;0;0;1;1;2;-13,7667851;-40,10212978;"SPRF-BA";"DEL03-BA";"UOP01-DEL03-BA"
471738;2022-06-23;"quinta-feira";"07:00:00";"SC";101;111;"NAVEGANTES";"Velocidade Incompatível";"Tombamento";"Sem Vítimas";"Pleno dia";"Decrescente";"Ignorado";"Dupla";"Interseção de Vias";"Não";1;0;0;0;1;0;0;1;-26,83955734;-48,71418074;"SPRF-SC";"DEL04-SC";"UOP04-DEL04-SC"
471746;2022-09-02;"sexta-feira";"07:14:00";"MT";364;494;"JANGADA";"Acessar a via sem observar a presença dos outros veículos";"Colisão transversal";"Sem Vítimas";"Pleno dia";"Crescente";"Céu Claro";"Simples";"Reta";"Sim";3;0;0;0;2;3;0;5;-15,29227197;-56,43455719;"SPRF-MT";"DEL01-MT";"UOP02-DEL01-MT"
471755;2022-09-02;"sexta-feira";"07:52:00";"SP";116;511;"CAJATI";"Condutor Dormindo";"Colisão lateral mesmo sentido";"Com Vítimas Feridas";"Pleno dia";"Decrescente";"Céu Claro";"Simples";"Reta";"Não";4;0;1;0;2;1;1;3;-24,85874304;-48,21731282;"SPRF-SP";"DEL05-SP";"UOP02-DEL05-SP"
471756;2022-07-20;"quarta-feira";"08:30:00";"MG";262;553;"LUZ";"Velocidade Incompatível";"Capotamento";"Com Vítimas Fatais";"Pleno dia";"Decrescente";"Céu Claro";"Simples";"Reta";"Não";1;1;0;0;0;0;0;1;-19,71819541;-45,89938601;"SPRF-MG";"DEL08-MG";"UOP02-DEL08-MG"
471758;2022-09-02;"sexta-feira";"09:00:00";"PR";163;185;"SANTA TEREZA DO OESTE";"Velocidade Incompatível";"Tombamento";"Com Vítimas Feridas";"Pleno dia";"Decrescente";"Chuva";"Dupla";"Curva";"Não";2;0;1;0;1;0;1;1;-25,13565591;-53,58359882;"SPRF-PR";"DEL05-PR";"UOP05-DEL05-PR"
471760;2022-09-02;"sexta-feira";"07:45:00";"MG";267;34;"ARGIRITA";"Ausência de reação do condutor";"Colisão lateral sentido oposto";"Com Vítimas Feridas";"Pleno dia";"Crescente";"Céu Claro";"Simples";"Reta";"Não";3;0;0;1;1;1;1;3;-21,65174033;-42,86293197;"SPRF-MG";"DEL07-MG";"UOP01-DEL07-MG"
471763;2022-09-02;"sexta-feira";"08:15:00";"SC";282;575,7;"PINHALZINHO";"Condutor Dormindo";"Colisão lateral sentido oposto";"Com Vítimas Feridas";"Pleno dia";"Crescente";"Chuva";"Simples";"Reta";"Não";4;0;1;1;1;1;2;3;-26,86744217;-52,9649806;"SPRF-SC";"DEL07-SC";"UOP02-DEL07-SC"
471764;2022-09-02;"sexta-feira";"10:50:00";"GO";153;495;"GOIANIA";"Condutor deixou de manter distância do veículo da frente";"Colisão traseira";"Com Vítimas Feridas";"Pleno dia";"Crescente";"Céu Claro";"Dupla";"Reta";"Sim";2;0;1;0;1;0;1;2;-16,6681;-49,2263;"SPRF-GO";"DEL01-GO";"UOP01-DEL01-GO"
471765;2022-08-18;"quinta-feira";"13:30:00";"PI";135;138;"BERTOLINIA";"Manobra de mudança de faixa";"Colisão frontal";"Com Vítimas Fatais";"Pleno dia";"Crescente";"Sol";"Simples";"Reta";"Não";5;2;0;0;1;4;0;6;-7,7257842;-43,8781464;"SPRF-PI";"DEL03-PI";"UOP01-DEL03-PI"
471766;2022-09-02;"sexta-feira";"09:25:00";"MG";251;475,2;"FRANCISCO SA";"Ultrapassagem Indevida";"Colisão frontal";"Com Vítimas Feridas";"Pleno dia";"Decrescente";"Sol";"Simples";"Aclive";"Não";3;0;1;1;0;1;2;3;-16,47174429;-43,46596604;"SPRF-MG";"DEL12-MG";"UOP01-DEL12-MG"
471771;2022-09-02;"sexta-feira";"11:15:00";"SC";101;206,3;"SAO JOSE";"Desrespeitar a preferência no cruzamento";"Colisão transversal";"Com Vítimas Fatais";"Pleno dia";"Decrescente";"Céu Claro";"Múltipla";"Reta";"Sim";4;1;0;0;1;2;0;4;-27,5949941;-48,6189754;"SPRF-SC";"DEL01-SC";"UOP01-DEL01-SC"
471776;2022-09-02;"sexta-feira";"11:15:00";"RS";290;147,9;"ARROIO DOS RATOS";"Manobra de mudança de faixa";"Colisão lateral mesmo sentido";"Sem Vítimas";"Pleno dia";"Decrescente";"Céu Claro";"Simples";"Reta";"Não";4;0;0;0;4;0;0;2;-30,10755;-51,675858;"SPRF-RS";"DEL02-RS";"UOP01-DEL02-RS"
471780;2022-09-02;"sexta-feira";"12:00:00";"PE";101;45;"IGARASSU";"Manobra de mudança de faixa";"Colisão lateral mesmo sentido";"Sem Vítimas";"Pleno dia";"Crescente";"Céu Claro";"Múltipla";"Reta";"Sim";5;0;0;0;4;1;0;3;-7,86521297;-34,90715176;"SPRF-PE";"DEL01-PE";"UOP02-DEL01-PE"
471784;2022-09-02;"sexta-feira";"10:35:00";"MG";40;25;"PARACATU";"Transitar na contramão";"Colisão lateral sentido oposto";"Com Vítimas Feridas";"Pleno dia";"Decrescente";"Céu Claro";"Simples";"Aclive";"Não";3;0;1;0;1;1;1;3;-17,133504;-46,973414;"SPRF-MG";"DEL14-MG";"UOP01-DEL14-MG"
471785;2022-09-02;"sexta-feira";"12:30:00";"RN";101;104,8;"PARNAMIRIM";"Frear bruscamente";"Colisão traseira";"Com Vítimas Feridas";"Pleno dia";"Crescente";"Céu Claro";"Múltipla";"Reta";"Sim";5;0;2;0;1;2;2;4;-5,897899;-35,258577;"SPRF-RN";"DEL01-RN";"UOP01-DEL01-RN"
471787;2022-09-02;"sexta-feira";"12:10:00";"PE";232;334;"CUSTODIA";"Desrespeitar a preferência no cruzamento";"Colisão transversal";"Com Vítimas Feridas";"Pleno dia";"Decrescente";"Céu Claro";"Simples";"Reta";"Sim";6;0;0;1;5;0;1;4;-8,08607274;-37,64060855;"SPRF-PE";"DEL04-PE";"UOP02-DEL04-PE"
471789;2022-08-20;"sábado";"20:25:00";"ES";101;32;"CONCEICAO DA BARRA";"Transitar na contramão";"Colisão frontal";"Com Vítimas Fatais";"Plena Noite";"Crescente";"Nublado";"Simples";"Declive";"Sim";7;2;0;3;1;2;3;4;-18,41695394;-39,93608555;"SPRF-ES";"DEL04-ES";"UOP02-DEL04-ES"
471795;2022-09-02;"sexta-feira";"11:50:00";"PR";476;138;"CURITIBA";"Reação tardia ou ineficiente do condutor";"Colisão lateral mesmo sentido";"Com Vítimas Feridas";"Pleno dia";"Decrescente";"Nublado";"Múltipla";"Reta";"Sim";4;0;2;0;2;0;2;2;-25,505564;-49,283417;"SPRF-PR";"DEL01-PR";"UOP03-DEL01-PR"
471800;2022-09-02;"sexta-feira";"09:20:00";"BA";407;126;"SENHOR DO BONFIM";"Afundamento ou ondulação no pavimento";"Tombamento";"Com Vítimas Feridas";"Pleno dia";"Crescente";"Nublado";"Simples";"Curva";"Sim";1;0;1;0;0;0;1;1;-10,46231315;-40,17519422;"SPRF-BA";"DEL04-BA";"UOP01-DEL04-BA"
471805;2022-09-02;"sexta-feira";"10:30:00";"BA";324;347;"CAPIM GROSSO";"Ausência de reação do condutor";"Colisão lateral sentido oposto";"Com Vítimas Fatais";"Pleno dia";"Crescente";"Garoa/Chuvisco";"Simples";"Reta";"Não";3;1;1;0;0;3;1;5;-11,35881278;-40,06512523;"SPRF-BA";"DEL04-BA";"UOP02-DEL04-BA"
471811;2022-09-02;"sexta-feira";"13:00:00";"SP";381;33,7;"ATIBAIA";"Condutor deixou de manter distância do veículo da frente";"Colisão lateral mesmo sentido";"Sem Vítimas";"Pleno dia";"Decrescente";"Céu Claro";"Dupla";"Reta";"Sim";2;0;0;0;2;0;0;2;-23,0728028;-46,56673562;"SPRF-SP";"DEL03-SP";"UOP01-DEL03-SP"
471815;2022-08-18;"quinta-feira";"10:10:00";"BA";116;596;"NOVA ITARANA";"Velocidade Incompatível";"Saída de leito carroçável";"Com Vítimas Feridas";"Pleno dia";"Crescente";"Céu Claro";"Simples";"Curva";"Não";1;0;0;1;0;0;1;1;-13,18013991;-40,0048822;"SPRF-BA";"DEL03-BA";"UOP02-DEL03-BA"
471816;2022-09-02;"sexta-feira";"14:30:00";"PB";230;40,4;"SANTA RITA";"Demais falhas mecânicas ou elétricas";"Colisão traseira";"Com Vítimas Feridas";"Pleno dia";"Crescente";"Céu Claro";"Dupla";"Aclive";"Sim";3;0;1;0;2;0;1;2;-7,1432;-34,9869;"SPRF-PB";"DEL01-PB";"UOP03-DEL01-PB"
471818;2022-07-22;"sexta-feira";"07:06:00";"PA";163;603;"ITAITUBA";"Transitar na contramão";"Tombamento";"Sem Vítimas";"Amanhecer";"Decrescente";"Céu Claro";"Simples";"Curva";"Não";3;0;0;0;2;2;0;4;-4,82294307;-56,12476891;"SPRF-PA";"DEL05-PA";"UOP01-DEL05-PA"
471820;2022-09-02;"sexta-feira";"15:00:00";"MG";381;497;"BETIM";"Ausência de reação do condutor";"Colisão lateral mesmo sentido";"Sem Vítimas";"Pleno dia";"Crescente";"Céu Claro";"Dupla";"Reta";"Sim";3;0;0;0;2;1;0;3;-20,00483625;-44,21367172;"SPRF-MG";"DEL01-MG";"UOP03-DEL01-MG"
471824;2022-09-02;"sexta-feira";"08:30:00";"CE";222;285,7;"FRECHEIRINHA";"Pista em desnível";"Tombamento";"Sem Vítimas";"Pleno dia";"Decrescente";"Céu Claro";"Simples";"Reta";"Não";2;0;0;0;1;3;0;4;-3,7247969;-40,84639109;"SPRF-CE";"DEL04-CE";"UOP02-DEL04-CE"
471825;2022-09-02;"sexta-feira";"10:10:00";"BA";116;882;"VITORIA DA CONQUISTA";"Transitar na contramão";"Colisão lateral sentido oposto";"Com Vítimas Feridas";"Pleno dia";"Crescente";"Céu Claro";"Simples";"Reta";"Não";3;0;1;0;1;1;1;3;-15,22398993;-41,09579712;"SPRF-BA";"DEL08-BA";"UOP03-DEL08-BA"
471826;2022-09-02;"sexta-feira";"12:05:00";"MG";40;580,3;"ITABIRITO";"Acumulo de óleo sobre o pavimento";"Tombamento";"Sem Vítimas";"Pleno dia";"Crescente";"Céu Claro";"Dupla";"Reta";"Não";3;0;0;0;2;2;0;4;-20,29439498;-43,93886497;"SPRF-MG";"DEL01-MG";"UOP02-DEL01-MG"
471831;2022-09-02;"sexta-feira";"16:00:00";"ES";101;294;"CARIACICA";"Velocidade Incompatível";"Engavetamento";"Com Vítimas Feridas";"Pleno dia";"Crescente";"Sol";"Dupla";"Reta;Declive";"Não";5;0;2;0;3;0;2;4;-20,32415948;-40,3952903;"SPRF-ES";"DEL01-ES";"UOP01-DEL01-ES"
471833;2022-05-06;"sexta-feira";"09:40:00";"PA";316;59;"CASTANHAL";"Manobra de mudança de faixa";"Colisão lateral mesmo sentido";"Sem Vítimas";"Pleno dia";"Decrescente";"Sol";"Dupla";"Reta";"Não";4;0;0;0;2;3;0;4;-1,29825;-47,96125;"SPRF-PA";"DEL01-PA";"UOP01-DEL01-PA"
471842;2022-09-02;"sexta-feira";"15:00:00";"BA";101;910;"NOVA VICOSA";"Ausência de reação do condutor";"Tombamento";"Com Vítimas Fatais";"Pleno dia";"Crescente";"Céu Claro";"Simples";"Curva";"Não";2;1;0;0;0;2;0;3;-17,81433658;-39,78814602;"SPRF-BA";"DEL09-BA";"UOP02-DEL09-BA"
471844;2022-09-02;"sexta-feira";"16:00:00";"PR";116;182;"CAMPO DO TENENTE";"Chuva";"Colisão transversal";"Sem Vítimas";"Pleno dia";"Crescente";"Chuva";"Simples";"Reta";"Não";3;0;0;0;2;1;0;3;-25,91143478;-49,591865;"SPRF-PR";"DEL01-PR";"UOP03-DEL01-PR"
471849;2022-09-02;"sexta-feira";"16:10:00";"SP";381;89,7;"SAO PAULO";"Demais falhas mecânicas ou elétricas";"Saída de leito carroçável";"Com Vítimas Feridas";"Pleno dia";"Decrescente";"Céu Claro";"Simples";"Declive";"Sim";1;0;1;0;0;0;1;1;-23,49472627;-46,55915737;"SPRF-SP";"DEL03-SP";"UOP01-DEL03-SP"
471856;2022-09-02;"sexta-feira";"16:20:00";"ES";101;69,6;"SAO MATEUS";"Acessar a via sem observar a presença dos outros veículos";"Colisão transversal";"Com Vítimas Feridas";"Pleno dia";"Crescente";"Nublado";"Simples";"Interseção de Vias";"Sim";2;0;0;1;1;0;1;2;-18,73556097;-39,86069526;"SPRF-ES";"DEL04-ES";"UOP02-DEL04-ES"
471860;2022-08-29;"segunda-feira";"17:40:00";"BA";101;250,9;"CONCEICAO DO ALMEIDA";"Desrespeitar a preferência no cruzamento";"Colisão lateral mesmo sentido";"Com Vítimas Feridas";"Anoitecer";"Decrescente";"Ignorado";"Simples";"Reta";"Não";2;0;1;0;0;1;1;2;-12,89222557;-39,23023766;"SPRF-BA";"DEL01-BA";"UOP02-DEL01-BA"
471861;2022-09-02;"sexta-feira";"11:00:00";"BA";324;565,8;"SAO SEBASTIAO DO PASSE";"Manobra de mudança de faixa";"Saída de leito carroçável";"Sem Vítimas";"Pleno dia";"Crescente";"Chuva";"Dupla";"Reta";"Não";1;0;0;0;1;0;0;1;-12,52455997;-38,61040198;"SPRF-BA";"DEL01-BA";"UOP01-DEL01-BA"
471862;2022-09-02;"sexta-feira";"17:30:00";"MT";70;505;"CUIABA";"Manobra de mudança de faixa";"Colisão frontal";"Com Vítimas Feridas";"Anoitecer";"Crescente";"Céu Claro";"Simples";"Reta";"Não";3;0;1;0;1;2;1;4;-15,66438002;-55,96475201;"SPRF-MT";"DEL01-MT";"UOP02-DEL01-MT"