"id";"data_inversa";"dia_semana";"horario";"uf";"br";"km";"municipio";"causa_acidente";"tipo_acidente";"classificacao_acidente";"fase_dia";"sentido_via";"condicao_metereologica";"tipo_pista";"tracado_via";"uso_solo";"pessoas";"mortos";"feridos_leves";"feridos_graves";"ilesos";"ignorados";"feridos";"veiculos";"latitude";"longitude";"regional";"delegacia";"uop"
471864;2022-09-02;"sexta-feira";"17:50:00";"RS";392;81,9;"PELOTAS";"Reação tardia ou ineficiente do condutor";"Colisão lateral sentido oposto";"Com Vítimas Feridas";"Anoitecer";"Decrescente";"Nublado";"Simples";"Reta";"Não";3;0;0;1;2;0;1;3;-31,66084278;-52,4657217;"SPRF-RS";"DEL07-RS";"UOP01-DEL07-RS"
471873;2022-09-02;"sexta-feira";"17:40:00";"SC";280;128;"RIO NEGRINHO";"Velocidade Incompatível";"Colisão lateral sentido oposto";"Com Vítimas Feridas";"Anoitecer";"Decrescente";"Chuva";"Simples";"Reta";"Sim";4;0;2;0;2;0;2;2;-26,24317941;-49,51320018;"SPRF-SC";"DEL06-SC";"UOP03-DEL06-SC"
471878;2022-09-02;"sexta-feira";"18:35:00";"MG";40;547;"NOVA LIMA";"Velocidade Incompatível";"Saída de leito carroçável";"Com Vítimas Feridas";"Anoitecer";"Decrescente";"Céu Claro";"Dupla";"Curva;Declive";"Não";2;0;0;1;0;1;1;2;-20,01444685;-43,96893823;"SPRF-MG";"DEL01-MG";"UOP02-DEL01-MG"
471880;2022-09-02;"sexta-feira";"18:50:00";"GO";60;95;"ANAPOLIS";"Manobra de mudança de faixa";"Colisão lateral mesmo sentido";"Com Vítimas Feridas";"Anoitecer";"Decrescente";"Céu Claro";"Dupla";"Declive;Reta";"Sim";3;0;1;1;1;0;2;3;-16,3679;-48,939;"SPRF-GO";"DEL02-GO";"UOP01-DEL02-GO"
471889;2022-09-02;"sexta-feira";"16:50:00";"BA";116;451;"ANTONIO CARDOSO";"Condutor deixou de manter distância do veículo da frente";"Colisão traseira";"Com Vítimas Feridas";"Pleno dia";"Decrescente";"Chuva";"Dupla";"Reta";"Sim";2;0;1;0;0;1;1;2;-12,385248;-39,135998;"SPRF-BA";"DEL02-BA";"UOP01-DEL02-BA"
471892;2022-08-17;"quarta-feira";"22:20:00";"RS";386;154;"ALMIRANTE TAMANDARE DO SUL";"Chuva";"Saída de leito carroçável";"Sem Vítimas";"Plena Noite";"Decrescente";"Chuva";"Simples";"Curva";"Não";1;0;0;0;1;0;0;1;-28,111137;-52,860538;"SPRF-RS";"DEL08-RS";"UOP01-DEL08-RS"
471899;2022-09-02;"sexta-feira";"17:55:00";"BA";410;26;"TUCANO";"Pista esburacada";"Saída de leito carroçável";"Com Vítimas Feridas";"Anoitecer";"Crescente";"Nublado";"Simples";"Declive";"Não";2;0;2;0;0;0;2;1;-10,9458839;-38,7252251;"SPRF-BA";"DEL07-BA";"UOP02-DEL07-BA"
471905;2022-09-02;"sexta-feira";"19:00:00";"MG";40;277;"TRES MARIAS";"Ausência de reação do condutor";"Colisão frontal";"Com Vítimas Feridas";"Plena Noite";"Decrescente";"Vento";"Simples";"Reta";"Sim";5;0;0;1;3;1;1;4;-18,21264695;-45,22480595;"SPRF-MG";"DEL14-MG";"UOP02-DEL14-MG"
471908;2022-09-02;"sexta-feira";"21:25:00";"GO";50;112,5;"CRISTALINA";"Acessar a via sem observar a presença dos outros veículos";"Colisão traseira";"Com Vítimas Fatais";"Plena Noite";"Crescente";"Céu Claro";"Dupla";"Interseção de Vias";"Não";5;2;0;2;0;1;2;2;-16,87759259;-47,67910838;"SPRF-DF";"DEL01-DF";"UOP02-DEL01-DF"
471917;2022-08-08;"segunda-feira";"19:20:00";"MA";222;449;"SANTA LUZIA";"Demais falhas mecânicas ou elétricas";"Colisão frontal";"Com Vítimas Feridas";"Plena Noite";"Crescente";"Céu Claro";"Simples";"Aclive;Curva";"Não";3;0;1;1;0;1;2;3;-4,09361502;-45,96747197;"SPRF-MA";"DEL02-MA";"UOP01-DEL02-MA"
471920;2022-09-02;"sexta-feira";"20:45:00";"MG";116;517;"UBAPORANGA";"Ingestão de álcool pelo condutor";"Colisão frontal";"Com Vítimas Feridas";"Plena Noite";"Crescente";"Céu Claro";"Simples";"Curva";"Não";2;0;1;0;1;0;1;2;-19,6916879;-42,11716175;"SPRF-MG";"DEL06-MG";"UOP02-DEL06-MG"
471921;2022-07-28;"quinta-feira";"09:20:00";"MA";10;263;"IMPERATRIZ";"Obras na pista";"Colisão lateral mesmo sentido";"Com Vítimas Feridas";"Pleno dia";"Decrescente";"Céu Claro";"Simples";"Reta";"Não";2;0;1;0;1;0;1;2;-5,41338055;-47,4729538;"SPRF-MA";"DEL04-MA";"UOP01-DEL04-MA"
471932;2022-09-02;"sexta-feira";"18:05:00";"RJ";101;484,7;"ANGRA DOS REIS";"Acessar a via sem observar a presença dos outros veículos";"Colisão transversal";"Com Vítimas Feridas";"Plena Noite";"Crescente";"Nublado";"Dupla";"Retorno Regulamentado";"Sim";3;0;1;0;1;1;1;3;-22,9842244;-44,29637074;"SPRF-RJ";"DEL03-RJ";"UOP03-DEL03-RJ"
471935;2022-09-02;"sexta-feira";"19:30:00";"RN";304;89,1;"ACU";"Ingestão de álcool pelo condutor";"Colisão com objeto";"Com Vítimas Feridas";"Plena Noite";"Decrescente";"Céu Claro";"Simples";"Aclive;Reta";"Não";3;0;0;1;1;1;1;3;-5,52779;-37,103495;"SPRF-RN";"DEL04-RN";"UOP01-DEL04-RN"
471936;2022-09-02;"sexta-feira";"22:05:00";"MS";158;123;"APARECIDA DO TABOADO";"Ultrapassagem Indevida";"Colisão lateral mesmo sentido";"Sem Vítimas";"Plena Noite";"Decrescente";"Céu Claro";"Simples";"Reta";"Não";3;0;0;0;2;2;0;4;-19,89756602;-51,14115395;"SPRF-MS";"DEL08-MS";"UOP01-DEL08-MS"
471939;2022-09-03;"sábado";"00:40:00";"GO";50;180,7;"CAMPO ALEGRE DE GOIAS";"Condutor Dormindo";"Saída de leito carroçável";"Com Vítimas Feridas";"Plena Noite";"Crescente";"Céu Claro";"Dupla";"Curva";"Não";2;0;1;0;0;3;1;4;-17,4105;-47,787;"SPRF-GO";"DEL06-GO";"UOP01-DEL06-GO"
471942;2022-09-03;"sábado";"00:25:00";"SP";116;58;"GUARATINGUETA";"Reação tardia ou ineficiente do condutor";"Colisão lateral sentido oposto";"Sem Vítimas";"Plena Noite";"Decrescente";"Céu Claro";"Simples";"Retorno Regulamentado;Curva";"Sim";2;0;0;0;2;0;0;2;-22,78005511;-45,14572791;"SPRF-SP";"DEL08-SP";"UOP01-DEL08-SP"
471944;2022-09-03;"sábado";"01:55:00";"PE";101;137;"RIBEIRAO";"Condutor Dormindo";"Saída de leito carroçável";"Com Vítimas Feridas";"Plena Noite";"Decrescente";"Céu Claro";"Dupla";"Curva";"Não";1;0;1;0;0;0;1;1;-8,41675194;-35,31126636;"SPRF-PE";"DEL01-PE";"UOP03-DEL01-PE"
471947;2022-09-03;"sábado";"00:15:00";"SP";153;64;"SAO JOSE DO RIO PRETO";"Mal súbito do condutor";"Colisão lateral mesmo sentido";"Com Vítimas Feridas";"Plena Noite";"Decrescente";"Céu Claro";"Dupla";"Viaduto";"Não";2;0;1;0;0;1;1;2;-20,82919401;-49,36046325;"SPRF-SP";"DEL09-SP";"UOP01-DEL09-SP"
471954;2022-09-03;"sábado";"04:00:00";"PR";116;44;"CAMPINA GRANDE DO SUL";"Pista Escorregadia";"Colisão com objeto";"Com Vítimas Feridas";"Plena Noite";"Crescente";"Garoa/Chuvisco";"Dupla";"Curva";"Não";2;0;0;1;1;0;1;1;-25,1882321;-48,88492529;"SPRF-PR";"DEL01-PR";"UOP02-DEL01-PR"
471960;2022-09-03;"sábado";"03:50:00";"CE";116;134,5;"RUSSAS";"Demais falhas mecânicas ou elétricas";"Incêndio";"Sem Vítimas";"Amanhecer";"Decrescente";"Céu Claro";"Simples";"Reta;Aclive";"Não";2;0;0;0;1;1;0;2;-4,71618693;-38,08872484;"SPRF-CE";"DEL03-CE";"UOP01-DEL03-CE"
471964;2022-09-03;"sábado";"04:00:00";"AL";423;31;"CANAPI";"Demais falhas mecânicas ou elétricas";"Incêndio";"Sem Vítimas";"Amanhecer";"Crescente";"Nublado";"Simples";"Reta";"Não";1;0;0;0;1;0;0;1;-9,2076023;-37,5580429;"SPRF-AL";"DEL03-AL";"UOP02-DEL03-AL"
471969;2022-09-03;"sábado";"05:20:00";"PR";277;308;"GUARAPUAVA";"Velocidade Incompatível";"Colisão lateral sentido oposto";"Com Vítimas Feridas";"Plena Noite";"Crescente";"Chuva";"Simples";"Curva;Aclive";"Não";3;0;1;0;1;1;1;2;-25,30642557;-51,16341129;"SPRF-PR";"DEL08-PR";"UOP01-DEL08-PR"
471971;2022-09-02;"sexta-feira";"19:15:00";"PR";116;26;"CAMPINA GRANDE DO SUL";"Chuva";"Tombamento";"Com Vítimas Feridas";"Plena Noite";"Decrescente";"Garoa/Chuvisco";"Dupla";"Curva";"Não";2;0;2;0;0;0;2;2;-25,10683694;-48,785333;"SPRF-PR";"DEL01-PR";"UOP02-DEL01-PR"
471973;2022-09-03;"sábado";"06:30:00";"BA";116;822,5;"VITORIA DA CONQUISTA";"Reação tardia ou ineficiente do condutor";"Colisão lateral mesmo sentido";"Com Vítimas Fatais";"Amanhecer";"Crescente";"Céu Claro";"Dupla";"Interseção de Vias;Reta";"Sim";3;1;0;0;1;1;0;3;-14,84937335;-40,84852165;"SPRF-BA";"DEL08-BA";"UOP01-DEL08-BA"
471984;2022-09-03;"sábado";"08:00:00";"SP";116;485;"CAJATI";"Reação tardia ou ineficiente do condutor";"Saída de leito carroçável";"Com Vítimas Feridas";"Pleno dia";"Decrescente";"Chuva";"Dupla";"Reta";"Não";2;0;1;0;0;1;1;2;-24,72188994;-48,072155;"SPRF-SP";"DEL05-SP";"UOP01-DEL05-SP"
471987;2022-09-03;"sábado";"08:17:00";"ES";101;113,5;"SOORETAMA";"Reação tardia ou ineficiente do condutor";"Tombamento";"Com Vítimas Feridas";"Pleno dia";"Crescente";"Céu Claro";"Simples";"Reta";"Não";2;0;1;0;0;1;1;2;-19,08668002;-40,04691895;"SPRF-ES";"DEL04-ES";"UOP01-DEL04-ES"
471991;2022-09-03;"sábado";"09:00:00";"PR";277;23;"MORRETES";"Velocidade Incompatível";"Colisão com objeto";"Com Vítimas Feridas";"Pleno dia";"Crescente";"Chuva";"Dupla";"Curva";"Não";3;0;1;1;0;1;2;2;-25,52879152;-48,74352694;"SPRF-PR";"DEL01-PR";"UOP05-DEL01-PR"
471993;2022-09-03;"sábado";"08:45:00";"PR";153;26;"JACAREZINHO";"Condutor Dormindo";"Colisão traseira";"Com Vítimas Feridas";"Pleno dia";"Decrescente";"Céu Claro";"Simples";"Reta";"Não";4;0;0;1;1;2;1;4;-23,200816;-49,9848467;"SPRF-PR";"DEL07-PR";"UOP04-DEL07-PR"
472000;2022-09-02;"sexta-feira";"05:00:00";"CE";116;456,2;"BARRO";"Velocidade Incompatível";"Saída de leito carroçável";"Com Vítimas Feridas";"Amanhecer";"Decrescente";"Céu Claro";"Simples";"Reta";"Não";2;0;2;0;0;0;2;1;-7,16973094;-38,78066669;"SPRF-CE";"DEL05-CE";"UOP03-DEL05-CE"
472003;2022-09-03;"sábado";"10:00:00";"RS";290;708;"URUGUAIANA";"Acesso irregular";"Saída de leito carroçável";"Com Vítimas Feridas";"Pleno dia";"Decrescente";"Céu Claro";"Simples";"Reta";"Não";1;0;1;0;0;0;1;1;-29,83197;-56,968742;"SPRF-RS";"DEL13-RS";"UOP01-DEL13-RS"
472006;2022-09-03;"sábado";"09:00:00";"PR";376;621;"SAO JOSE DOS PINHAIS";"Manobra de mudança de faixa";"Colisão frontal";"Com Vítimas Feridas";"Pleno dia";"Crescente";"Chuva";"Dupla";"Reta";"Não";2;0;1;0;1;0;1;2;-25,62330246;-49,16652203;"SPRF-PR";"DEL01-PR";"UOP04-DEL01-PR"
472013;2022-09-03;"sábado";"10:40:00";"RJ";101;61;"CAMPOS DOS GOYTACAZES";"Condutor desrespeitou a iluminação vermelha do semáforo";"Colisão transversal";"Com Vítimas Feridas";"Pleno dia";"Crescente";"Céu Claro";"Simples";"Reta";"Sim";3;0;0;1;1;1;1;3;-21,72655788;-41,32133519;"SPRF-RJ";"DEL08-RJ";"UOP01-DEL08-RJ"
472015;2022-09-03;"sábado";"09:40:00";"RO";364;711;"PORTO VELHO";"Velocidade Incompatível";"Engavetamento";"Com Vítimas Feridas";"Pleno dia";"Decrescente";"Céu Claro";"Dupla";"Declive";"Sim";5;0;2;0;2;3;2;6;-8,78153947;-63,86531369;"SPRF-RO";"DEL01-RO";"UOP01-DEL01-RO"
472016;2022-09-03;"sábado";"10:30:00";"SC";101;152;"PORTO BELO";"Reação tardia ou ineficiente do condutor";"Colisão traseira";"Sem Vítimas";"Pleno dia";"Crescente";"Céu Claro";"Dupla";"Reta";"Não";4;0;0;0;3;1;0;4;-27,13563503;-48,61004665;"SPRF-SC";"DEL04-SC";"UOP03-DEL04-SC"
472020;2022-09-03;"sábado";"11:50:00";"RS";158;326;"SANTA MARIA";"Condutor deixou de manter distância do veículo da frente";"Colisão lateral mesmo sentido";"Com Vítimas Feridas";"Pleno dia";"Decrescente";"Céu Claro";"Simples";"Rotatória";"Sim";2;0;1;0;1;0;1;2;-29,71502925;-53,80945265;"SPRF-RS";"DEL09-RS";"UOP01-DEL09-RS"
472027;2022-09-03;"sábado";"11:45:00";"MT";163;854,8;"SINOP";"Ultrapassagem Indevida";"Colisão lateral mesmo sentido";"Com Vítimas Feridas";"Pleno dia";"Decrescente";"Vento";"Simples";"Reta";"Sim";7;0;5;0;1;3;5;5;-11,69;-55,451;"SPRF-MT";"DEL06-MT";"NPF/DEL06-MT"
472030;2022-09-03;"sábado";"12:37:00";"DF";70;9,6;"BRASILIA";"Demais falhas na via";"Colisão traseira";"Com Vítimas Feridas";"Pleno dia";"Decrescente";"Céu Claro";"Dupla";"Interseção de Vias";"Sim";2;0;1;0;1;0;1;2;-15,784615;-48,132023;"SPRF-DF";"DEL03-DF";"UOP02-DEL03-DF"
472034;2022-09-03;"sábado";"13:30:00";"RJ";116;181;"NOVA IGUACU";"Condutor deixou de manter distância do veículo da frente";"Colisão traseira";"Com Vítimas Feridas";"Pleno dia";"Decrescente";"Sol";"Dupla";"Reta";"Sim";2;0;1;0;1;0;1;2;-22,761312;-43,423492;"SPRF-RJ";"DEL01-RJ";"UOP02-DEL01-RJ"
472055;2022-09-03;"sábado";"15:40:00";"ES";101;298;"VIANA";"Reação tardia ou ineficiente do condutor";"Colisão lateral mesmo sentido";"Sem Vítimas";"Pleno dia";"Decrescente";"Céu Claro";"Dupla";"Reta";"Sim";2;0;0;0;2;0;0;2;-20,35374444;-40,4156433;"SPRF-ES";"DEL01-ES";"UOP01-DEL01-ES"
472056;2022-09-03;"sábado";"09:20:00";"GO";153;260;"NOVA GLORIA";"Reação tardia ou ineficiente do condutor";"Tombamento";"Sem Vítimas";"Pleno dia";"Decrescente";"Céu Claro";"Simples";"Declive";"Não";2;0;0;0;1;1;0;2;-14,993464;-49,406448;"SPRF-GO";"DEL07-GO";"UOP02-DEL07-GO"
472062;2022-09-03;"sábado";"12:30:00";"TO";153;479;"PARAISO DO TOCANTINS";"Carga excessiva e/ou mal acondicionada";"Saída de leito carroçável";"Com Vítimas Feridas";"Pleno dia";"Decrescente";"Céu Claro";"Simples";"Curva";"Não";2;0;1;0;0;1;1;2;-10,01369084;-48,77146918;"SPRF-TO";"DEL01-TO";"UOP01-DEL01-TO"
472064;2022-09-03;"sábado";"09:00:00";"PR";376;412,8;"TIBAGI";"Chuva";"Saída de leito carroçável";"Sem Vítimas";"Pleno dia";"Crescente";"Chuva";"Dupla";"Declive";"Não";1;0;0;0;1;0;0;1;-24,63783103;-50,63364744;"SPRF-PR";"DEL03-PR";"UOP02-DEL03-PR"
472067;2022-09-03;"sábado";"15:20:00";"RS";290;707;"URUGUAIANA";"Ausência de reação do condutor";"Colisão traseira";"Com Vítimas Feridas";"Pleno dia";"Crescente";"Céu Claro";"Simples";"Reta";"Não";3;0;1;0;1;1;1;3;-29,83531;-56,959156;"SPRF-RS";"DEL13-RS";"UOP01-DEL13-RS"
472068;2022-09-03;"sábado";"16:15:00";"PR";116;13;"COLOMBO";"Demais falhas mecânicas ou elétricas";"Colisão com objeto";"Com Vítimas Feridas";"Pleno dia";"Crescente";"Nublado";"Dupla";"Reta";"Sim";1;0;1;0;0;0;1;1;-25,37373162;-49,14502144;"SPRF-PR";"DEL01-PR";"UOP02-DEL01-PR"
472069;2022-09-03;"sábado";"14:20:00";"MA";10;260;"IMPERATRIZ";"Demais Fenômenos da natureza";"Incêndio";"Sem Vítimas";"Pleno dia";"Decrescente";"Céu Claro";"Simples";"Reta";"Não";2;0;0;0;1;3;0;4;-5,463405;-47,472332;"SPRF-MA";"DEL04-MA";"UOP01-DEL04-MA"
472077;2022-09-03;"sábado";"16:00:00";"GO";364;286,8;"MINEIROS";"Demais falhas mecânicas ou elétricas";"Incêndio";"Sem Vítimas";"Pleno dia";"Crescente";"Céu Claro";"Simples";"Curva;Aclive";"Não";2;0;0;0;1;1;0;2;-17,606343;-52,432995;"SPRF-GO";"DEL05-GO";"UOP01-DEL05-GO"
472081;2022-09-03;"sábado";"13:30:00";"PR";376;68,7;"GUAIRACA";"Velocidade Incompatível";"Colisão frontal";"Com Vítimas Fatais";"Pleno dia";"Crescente";"Chuva";"Simples";"Reta";"Não";4;2;0;0;1;3;0;5;-22,93149203;-52,766609;"SPRF-PR";"DEL09-PR";"UOP02-DEL09-PR"
472085;2022-09-03;"sábado";"18:00:00";"PR";277;33;"MORRETES";"Manobra de mudança de faixa";"Colisão lateral mesmo sentido";"Com Vítimas Feridas";"Plena Noite";"Decrescente";"Chuva";"Múltipla";"Curva";"Não";3;0;1;1;0;1;2;2;-25,547373;-48,790559;"SPRF-PR";"DEL01-PR";"UOP05-DEL01-PR"
472101;2022-09-03;"sábado";"19:00:00";"PE";101;48,6;"ABREU E LIMA";"Manobra de mudança de faixa";"Colisão lateral mesmo sentido";"Com Vítimas Feridas";"Plena Noite";"Decrescente";"Céu Claro";"Múltipla";"Reta";"Sim";3;0;1;0;2;0;1;2;-7,90938602;-34,90123228;"SPRF-PE";"DEL01-PE";"UOP02-DEL01-PE"
472140;2022-09-03;"sábado";"22:20:00";"MG";50;189;"UBERABA";"Reação tardia ou ineficiente do condutor";"Colisão traseira";"Com Vítimas Feridas";"Plena Noite";"Decrescente";"Céu Claro";"Dupla";"Reta;Declive";"Não";4;0;0;1;2;1;1;3;-19,84851283;-47,87469974;"SPRF-MG";"DEL13-MG";"UOP01-DEL13-MG"
472147;2022-09-03;"sábado";"23:13:00";"GO";40;14;"LUZIANIA";"Acessar a via sem observar a presença dos outros veículos";"Colisão transversal";"Com Vítimas Feridas";"Plena Noite";"Crescente";"Céu Claro";"Dupla";"Interseção de Vias";"Não";3;0;0;1;2;0;1;3;-16,158753;-47,933136;"SPRF-DF";"DEL01-DF";"UOP01-DEL01-DF"
472148;2022-09-03;"sábado";"22:50:00";"MG";262;493,1;"MOEMA";"Ultrapassagem Indevida";"Colisão frontal";"Com Vítimas Fatais";"Plena Noite";"Decrescente";"Céu Claro";"Simples";"Aclive";"Não";5;3;0;1;0;1;1;3;-19,78501462;-45,40330593;"SPRF-MG";"DEL08-MG";"UOP03-DEL08-MG"
472152;2022-09-03;"sábado";"23:25:00";"DF";20;21;"BRASILIA";"Ausência de reação do condutor";"Derramamento de carga";"Sem Vítimas";"Plena Noite";"Decrescente";"Céu Claro";"Dupla";"Reta";"Não";2;0;0;0;1;2;0;3;-15,603384;-47,684692;"SPRF-DF";"DEL02-DF";"UOP01-DEL02-DF"
472154;2022-09-03;"sábado";"22:30:00";"RJ";356;155;"CAMPOS DOS GOYTACAZES";"Ingestão de álcool pelo condutor";"Colisão lateral sentido oposto";"Sem Vítimas";"Plena Noite";"Decrescente";"Céu Claro";"Simples";"Reta";"Não";3;0;0;0;1;2;0;3;-21,750868;-41,225838;"SPRF-RJ";"DEL08-RJ";"UOP02-DEL08-RJ"
472157;2022-09-03;"sábado";"23:50:00";"RS";116;367,4;"SENTINELA DO SUL";"Entrada inopinada do pedestre";"Atropelamento de Pedestre";"Com Vítimas Fatais";"Plena Noite";"Crescente";"Céu Claro";"Dupla";"Reta";"Não";5;1;0;0;4;0;0;2;-30,68126501;-51,57374996;"SPRF-RS";"DEL02-RS";"UOP02-DEL02-RS"
472170;2022-09-03;"sábado";"20:00:00";"RO";364;132;"PIMENTA BUENO";"Demais falhas mecânicas ou elétricas";"Incêndio";"Sem Vítimas";"Plena Noite";"Decrescente";"Céu Claro";"Simples";"Reta";"Não";2;0;0;0;1;1;0;2;-12,02835298;-60,77458299;"SPRF-RO";"DEL02-RO";"UOP02-DEL02-RO"
472184;2022-09-04;"domingo";"03:50:00";"SC";101;123,9;"ITAJAI";"Condutor deixou de manter distância do veículo da frente";"Colisão lateral mesmo sentido";"Com Vítimas Feridas";"Plena Noite";"Crescente";"Céu Claro";"Dupla";"Reta";"Não";4;0;1;0;1;2;1;3;-26,93668609;-48,69876905;"SPRF-SC";"DEL04-SC";"UOP04-DEL04-SC"
472187;2022-09-04;"domingo";"04:00:00";"PR";153;349;"REBOUCAS";"Transitar na contramão";"Saída de leito carroçável";"Sem Vítimas";"Plena Noite";"Crescente";"Céu Claro";"Simples";"Reta";"Sim";3;0;0;0;2;1;0;3;-25,610643;-50,700933;"SPRF-PR";"DEL08-PR";"UOP02-DEL08-PR"
472190;2022-09-04;"domingo";"05:30:00";"MG";40;461;"SETE LAGOAS";"Reação tardia ou ineficiente do condutor";"Colisão traseira";"Com Vítimas Feridas";"Amanhecer";"Decrescente";"Nublado";"Dupla";"Curva";"Não";2;0;1;0;1;0;1;2;-19,4065509;-44,33367766;"SPRF-MG";"DEL02-MG";"UOP01-DEL02-MG"
472201;2022-09-04;"domingo";"06:15:00";"SC";101;441,7;"SANTA ROSA DO SUL";"Ausência de reação do condutor";"Colisão com objeto";"Com Vítimas Feridas";"Amanhecer";"Crescente";"Nublado";"Múltipla";"Reta";"Não";3;0;0;1;1;2;1;4;-29,13076501;-49,69096011;"SPRF-SC";"DEL02-SC";"UOP02-DEL02-SC"
472202;2022-09-04;"domingo";"06:55:00";"SE";235;86,8;"FREI PAULO";"Velocidade Incompatível";"Atropelamento de Animal";"Com Vítimas Fatais";"Pleno dia";"Crescente";"Céu Claro";"Simples";"Reta";"Não";3;1;0;0;0;2;0;2;-10,540155;-37,643147;"SPRF-SE";"DEL01-SE";"UOP02-DEL01-SE"
472209;2022-09-04;"domingo";"07:15:00";"RJ";101;52;"CAMPOS DOS GOYTACAZES";"Transitar na contramão";"Colisão lateral sentido oposto";"Sem Vítimas";"Pleno dia";"Decrescente";"Nublado";"Simples";"Reta";"Sim";3;0;0;0;2;1;0;3;-21,653867;-41,311248;"SPRF-RJ";"DEL08-RJ";"UOP01-DEL08-RJ"
472210;2022-09-03;"sábado";"20:00:00";"MT";70;374;"CAMPO VERDE";"Ausência de reação do condutor";"Colisão frontal";"Com Vítimas Fatais";"Plena Noite";"Crescente";"Céu Claro";"Simples";"Reta";"Não";4;1;1;0;0;4;1;5;-15,49146984;-55,07245305;"SPRF-MT";"DEL05-MT";"UOP02-DEL05-MT"
472216;2022-09-04;"domingo";"04:00:00";"MA";226;305,7;"BARRA DO CORDA";"Transitar na contramão";"Colisão frontal";"Com Vítimas Fatais";"Plena Noite";"Decrescente";"Céu Claro";"Simples";"Reta";"Sim";3;1;0;1;1;0;1;3;-5,47585787;-45,27913477;"SPRF-MA";"DEL06-MA";"UOP01-DEL06-MA"
472218;2022-09-03;"sábado";"23:20:00";"MT";70;375;"CAMPO VERDE";"Reação tardia ou ineficiente do condutor";"Colisão traseira";"Com Vítimas Feridas";"Plena Noite";"Crescente";"Céu Claro";"Simples";"Reta";"Não";2;0;1;0;1;0;1;2;-15,49384211;-55,08112299;"SPRF-MT";"DEL05-MT";"UOP02-DEL05-MT"
472224;2022-07-24;"domingo";"15:00:00";"RS";116;238;"NOVO HAMBURGO";"Entrada inopinada do pedestre";"Atropelamento de Pedestre";"Com Vítimas Feridas";"Pleno dia";"Decrescente";"Céu Claro";"Múltipla";"Aclive";"Sim";4;0;0;1;1;2;1;3;-29,68739789;-51,14197352;"SPRF-RS";"DEL01-RS";"UOP02-DEL01-RS"
472232;2022-09-04;"domingo";"09:45:00";"MG";40;520;"CONTAGEM";"Demais falhas mecânicas ou elétricas";"Saída de leito carroçável";"Com Vítimas Feridas";"Pleno dia";"Crescente";"Céu Claro";"Dupla";"Curva;Declive";"Sim";2;0;1;0;1;0;1;1;-19,84761911;-44,07276144;"SPRF-MG";"DEL01-MG";"UOP02-DEL01-MG"
472234;2022-09-04;"domingo";"06:58:00";"SC";116;120,7;"SANTA CECILIA";"Acessar a via sem observar a presença dos outros veículos";"Colisão lateral mesmo sentido";"Com Vítimas Feridas";"Pleno dia";"Decrescente";"Céu Claro";"Simples";"Reta";"Não";3;0;1;0;1;1;1;3;-26,82744878;-50,37663407;"SPRF-SC";"DEL06-SC";"UOP02-DEL06-SC"
472235;2022-09-03;"sábado";"02:30:00";"PA";163;141;"ALTAMIRA";"Transitar na contramão";"Colisão frontal";"Com Vítimas Fatais";"Plena Noite";"Crescente";"Nevoeiro/Neblina";"Simples";"Declive";"Não";6;4;0;0;1;2;0;4;-8,46738004;-55,13425715;"SPRF-PA";"DEL05-PA";"UOP01-DEL05-PA"
472238;2022-09-04;"domingo";"09:50:00";"RJ";116;290;"BARRA MANSA";"Reação tardia ou ineficiente do condutor";"Colisão com objeto";"Com Vítimas Feridas";"Pleno dia";"Decrescente";"Nublado";"Dupla";"Curva";"Não";2;0;1;0;0;1;1;2;-22,45447846;-44,3014141;"SPRF-RJ";"DEL07-RJ";"UOP02-DEL07-RJ"
472255;2022-08-19;"sexta-feira";"16:00:00";"PB";101;110;"ALHANDRA";"Condutor Dormindo";"Colisão traseira";"Com Vítimas Feridas";"Pleno dia";"Decrescente";"Céu Claro";"Múltipla";"Declive";"Sim";5;0;1;0;3;1;1;3;-7,35255626;-34,94940909;"SPRF-PB";"DEL01-PB";"UOP02-DEL01-PB"
472271;2022-09-04;"domingo";"10:50:00";"CE";222;310;"TIANGUA";"Problema com o freio";"Colisão com objeto";"Sem Vítimas";"Pleno dia";"Decrescente";"Céu Claro";"Múltipla";"Interseção de Vias;Em Obras;Reta;Viaduto";"Sim";1;0;0;0;1;0;0;1;-3,70670595;-40,97707006;"SPRF-CE";"DEL04-CE";"UOP02-DEL04-CE"
472278;2022-09-04;"domingo";"11:00:00";"SP";381;69;"MAIRIPORA";"Carga excessiva e/ou mal acondicionada";"Tombamento";"Sem Vítimas";"Pleno dia";"Decrescente";"Nublado";"Múltipla";"Declive;Curva";"Não";4;0;0;0;1;4;0;4;-23,34553108;-46,56787903;"SPRF-SP";"DEL03-SP";"UOP01-DEL03-SP"
472280;2022-09-04;"domingo";"14:15:00";"MG";153;148;"CAMPO FLORIDO";"Acessar a via sem observar a presença dos outros veículos";"Colisão transversal";"Com Vítimas Feridas";"Pleno dia";"Decrescente";"Céu Claro";"Simples";"Reta;Interseção de Vias";"Não";4;0;1;2;0;1;3;3;-19,63284117;-48,85120975;"SPRF-MG";"DEL13-MG";"UOP02-DEL13-MG"
472295;2022-09-04;"domingo";"06:30:00";"TO";153;343;"GUARAI";"Reação tardia ou ineficiente do condutor";"Colisão com objeto";"Com Vítimas Feridas";"Amanhecer";"Decrescente";"Céu Claro";"Simples";"Aclive";"Não";2;0;1;0;0;2;1;3;-8,91782199;-48,50944146;"SPRF-TO";"DEL02-TO";"UOP02-DEL02-TO"