"id";"data_inversa";"dia_semana";"horario";"uf";"br";"km";"municipio";"causa_acidente";"tipo_acidente";"classificacao_acidente";"fase_dia";"sentido_via";"condicao_metereologica";"tipo_pista";"tracado_via";"uso_solo";"pessoas";"mortos";"feridos_leves";"feridos_graves";"ilesos";"ignorados";"feridos";"veiculos";"latitude";"longitude";"regional";"delegacia";"uop"
472298;2022-09-04;"domingo";"13:28:00";"MA";10;128;"ESTREITO";"Acessar a via sem observar a presença dos outros veículos";"Colisão transversal";"Sem Vítimas";"Pleno dia";"Crescente";"Céu Claro";"Simples";"Reta";"Sim";3;0;0;0;2;2;0;4;-6,56643;-47,446896;"SPRF-MA";"DEL04-MA";"UOP02-DEL04-MA"
472300;2022-09-04;"domingo";"13:45:00";"MG";116;301,5;"ITAMBACURI";"Ingestão de álcool pelo condutor";"Colisão frontal";"Com Vítimas Fatais";"Pleno dia";"Decrescente";"Sol";"Simples";"Curva";"Não";5;1;0;0;1;3;0;4;-18,016372;-41,629444;"SPRF-MG";"DEL11-MG";"UOP01-DEL11-MG"
472304;2022-09-04;"domingo";"15:35:00";"PR";277;656;"MATELANDIA";"Condutor deixou de manter distância do veículo da frente";"Colisão lateral mesmo sentido";"Com Vítimas Feridas";"Pleno dia";"Decrescente";"Céu Claro";"Dupla";"Reta";"Sim";5;0;0;2;2;1;2;4;-25,23423637;-53,96184188;"SPRF-PR";"DEL05-PR";"UOP02-DEL05-PR"
472306;2022-09-04;"domingo";"11:00:00";"MT";70;59;"BARRA DO GARCAS";"Demais falhas mecânicas ou elétricas";"Engavetamento";"Com Vítimas Feridas";"Pleno dia";"Decrescente";"Céu Claro";"Simples";"Aclive;Reta";"Não";5;0;1;0;3;2;1;5;-15,6977442;-52,68428613;"SPRF-MT";"DEL07-MT";"UOP01-DEL07-MT"
472308;2022-09-04;"domingo";"12:30:00";"BA";242;425;"SEABRA";"Velocidade Incompatível";"Colisão transversal";"Sem Vítimas";"Pleno dia";"Decrescente";"Céu Claro";"Simples";"Reta";"Não";5;0;0;0;4;6;0;9;-12,40784291;-41,85991101;"SPRF-BA";"DEL06-BA";"UOP01-DEL06-BA"
472311;2022-09-04;"domingo";"14:20:00";"RS";116;427;"CRISTAL";"Acessar a via sem observar a presença dos outros veículos";"Colisão transversal";"Com Vítimas Feridas";"Pleno dia";"Crescente";"Sol";"Simples";"Reta";"Sim";2;0;0;1;1;0;1;2;-30,99035;-52,038357;"SPRF-RS";"DEL02-RS";"UOP02-DEL02-RS"
472316;2022-09-04;"domingo";"17:20:00";"SE";101;39;"CAPELA";"Condutor deixou de manter distância do veículo da frente";"Colisão traseira";"Sem Vítimas";"Pleno dia";"Decrescente";"Céu Claro";"Dupla";"Aclive";"Não";3;0;0;0;2;2;0;4;-10,517972;-36,950147;"SPRF-SE";"DEL02-SE";"UOP02-DEL02-SE"
472326;2022-09-04;"domingo";"14:45:00";"BA";116;640;"JAGUAQUARA";"Acostamento em desnível";"Tombamento";"Com Vítimas Feridas";"Pleno dia";"Crescente";"Céu Claro";"Simples";"Declive";"Não";1;0;1;0;0;0;1;1;-13,56246517;-40,07887065;"SPRF-BA";"DEL03-BA";"UOP01-DEL03-BA"
472328;2022-09-04;"domingo";"17:35:00";"SP";116;308;"SAO LOURENCO DA SERRA";"Manobra de mudança de faixa";"Colisão lateral mesmo sentido";"Sem Vítimas";"Pleno dia";"Decrescente";"Nublado";"Dupla";"Reta";"Não";3;0;0;0;2;1;0;2;-23,86213995;-46,94718508;"SPRF-SP";"DEL04-SP";"UOP01-DEL04-SP"
472330;2022-09-04;"domingo";"15:53:00";"RS";287;313;"SAO VICENTE DO SUL";"Demais falhas mecânicas ou elétricas";"Saída de leito carroçável";"Com Vítimas Feridas";"Pleno dia";"Decrescente";"Céu Claro";"Simples";"Reta";"Não";2;0;1;0;0;1;1;2;-29,65951182;-54,50333795;"SPRF-RS";"DEL09-RS";"UOP01-DEL09-RS"
472343;2022-09-04;"domingo";"18:00:00";"GO";50;251,7;"CATALAO";"Reação tardia ou ineficiente do condutor";"Saída de leito carroçável";"Sem Vítimas";"Pleno dia";"Crescente";"Céu Claro";"Dupla";"Reta";"Não";1;0;0;0;0;1;0;1;-17,9767;-47,7964;"SPRF-GO";"DEL06-GO";"UOP01-DEL06-GO"
472344;2022-09-04;"domingo";"08:30:00";"MG";153;128;"PRATA";"Manobra de mudança de faixa";"Colisão lateral mesmo sentido";"Com Vítimas Feridas";"Pleno dia";"Decrescente";"Céu Claro";"Dupla";"Reta";"Não";8;0;6;0;1;2;6;4;-19,46960475;-48,87246865;"SPRF-MG";"DEL15-MG";"UOP03-DEL15-MG"
472348;2022-09-04;"domingo";"18:25:00";"PA";316;149;"CAPANEMA";"Ausência de reação do condutor";"Colisão traseira";"Com Vítimas Fatais";"Anoitecer";"Crescente";"Céu Claro";"Simples";"Reta";"Não";4;1;0;0;3;0;0;2;-1,22001077;-47,19790415;"SPRF-PA";"DEL01-PA";"UOP03-DEL01-PA"
472370;2022-09-04;"domingo";"20:10:00";"PR";163;167,5;"LINDOESTE";"Falta de acostamento";"Saída de leito carroçável";"Com Vítimas Feridas";"Plena Noite";"Crescente";"Chuva";"Simples";"Reta";"Sim";2;0;1;0;0;1;1;2;-25,25214853;-53,57791901;"SPRF-PR";"DEL05-PR";"UOP05-DEL05-PR"
472376;2022-09-04;"domingo";"20:30:00";"MS";267;342;"RIO BRILHANTE";"Animais na Pista";"Atropelamento de Animal";"Com Vítimas Feridas";"Plena Noite";"Decrescente";"Céu Claro";"Simples";"Reta";"Não";4;0;0;2;1;1;2;3;-21,599966;-54,939637;"SPRF-MS";"DEL02-MS";"UOP02-DEL02-MS"
472377;2022-09-04;"domingo";"21:50:00";"RS";386;299;"POUSO NOVO";"Ingestão de álcool pelo condutor";"Colisão frontal";"Com Vítimas Feridas";"Plena Noite";"Decrescente";"Céu Claro";"Simples";"Curva";"Não";3;0;1;0;1;1;1;3;-29,155434;-52,229389;"SPRF-RS";"DEL04-RS";"UOP01-DEL04-RS"
472387;2022-09-04;"domingo";"22:00:00";"BA";101;513;"ITABUNA";"Transitar na contramão";"Colisão frontal";"Com Vítimas Fatais";"Plena Noite";"Decrescente";"Céu Claro";"Simples";"Curva";"Não";2;1;0;0;1;0;0;2;-15,02367504;-39,3288227;"SPRF-BA";"DEL05-BA";"UOP01-DEL05-BA"
472391;2022-09-04;"domingo";"22:40:00";"CE";116;458,9;"BARRO";"Ingestão de álcool pelo condutor";"Colisão lateral sentido oposto";"Com Vítimas Feridas";"Plena Noite";"Crescente";"Céu Claro";"Simples";"Reta";"Não";3;0;1;0;1;3;1;5;-7,20036301;-38,80813551;"SPRF-CE";"DEL05-CE";"UOP03-DEL05-CE"
472440;2022-09-04;"domingo";"18:20:00";"MG";116;323;"ITAMBACURI";"Ultrapassagem Indevida";"Colisão frontal";"Com Vítimas Feridas";"Plena Noite";"Crescente";"Céu Claro";"Simples";"Declive";"Não";6;0;4;0;2;0;4;3;-18,18098088;-41,70885046;"SPRF-MG";"DEL11-MG";"UOP01-DEL11-MG"
472441;2022-09-04;"domingo";"15:20:00";"MG";381;333;"NOVA ERA";"Ultrapassagem Indevida";"Colisão lateral mesmo sentido";"Com Vítimas Feridas";"Pleno dia";"Decrescente";"Céu Claro";"Simples";"Curva;Declive";"Não";3;0;1;0;1;2;1;4;-19,784208;-43,044277;"SPRF-MG";"DEL03-MG";"UOP01-DEL03-MG"
472452;2022-09-04;"domingo";"21:30:00";"SC";280;2;"SAO FRANCISCO DO SUL";"Manobra de mudança de faixa";"Colisão frontal";"Com Vítimas Feridas";"Plena Noite";"Decrescente";"Nublado";"Simples";"Reta";"Não";3;0;1;0;1;1;1;3;-26,23700996;-48,61979093;"SPRF-SC";"DEL03-SC";"UOP03-DEL03-SC"
472454;2022-09-04;"domingo";"22:15:00";"RJ";393;187;"PARAIBA DO SUL";"Acessar a via sem observar a presença dos outros veículos";"Colisão lateral mesmo sentido";"Com Vítimas Feridas";"Plena Noite";"Crescente";"Céu Claro";"Simples";"Reta";"Não";3;0;1;0;1;1;1;3;-22,15136914;-43,30023095;"SPRF-RJ";"DEL05-RJ";"UOP03-DEL05-RJ"
472457;2022-09-04;"domingo";"21:25:00";"PR";277;309,4;"GUARAPUAVA";"Pista Escorregadia";"Colisão com objeto";"Com Vítimas Feridas";"Pleno dia";"Crescente";"Chuva";"Simples";"Declive;Curva";"Não";2;0;1;0;0;1;1;2;-25,30764032;-51,21027946;"SPRF-PR";"DEL08-PR";"UOP01-DEL08-PR"
472467;2022-09-05;"segunda-feira";"00:45:00";"SC";101;192,9;"BIGUACU";"Entrada inopinada do pedestre";"Atropelamento de Pedestre";"Com Vítimas Feridas";"Plena Noite";"Decrescente";"Céu Claro";"Múltipla";"Desvio Temporário;Curva;Em Obras";"Sim";2;0;0;1;1;0;1;2;-27,4887938;-48,6549731;"SPRF-SC";"DEL01-SC";"UOP01-DEL01-SC"
472470;2022-09-05;"segunda-feira";"00:45:00";"ES";101;275;"SERRA";"Condutor deixou de manter distância do veículo da frente";"Colisão traseira";"Sem Vítimas";"Plena Noite";"Crescente";"Céu Claro";"Dupla";"Reta";"Sim";2;0;0;0;2;0;0;2;-20,20828089;-40,30388897;"SPRF-ES";"DEL02-ES";"UOP01-DEL02-ES"
472476;2022-09-04;"domingo";"22:10:00";"MA";10;343;"ACAILANDIA";"Ultrapassagem Indevida";"Colisão frontal";"Com Vítimas Fatais";"Plena Noite";"Decrescente";"Céu Claro";"Simples";"Reta";"Não";3;1;0;0;1;1;0;3;-4,75423;-47,491013;"SPRF-MA";"DEL04-MA";"UOP03-DEL04-MA"
472478;2022-09-05;"segunda-feira";"02:30:00";"BA";324;542;"AMELIA RODRIGUES";"Acessar a via sem observar a presença dos outros veículos";"Colisão transversal";"Sem Vítimas";"Plena Noite";"Crescente";"Céu Claro";"Dupla";"Retorno Regulamentado";"Sim";2;0;0;0;2;0;0;2;-12,39373185;-38,77646394;"SPRF-BA";"DEL01-BA";"UOP03-DEL01-BA"
472481;2022-09-05;"segunda-feira";"03:45:00";"GO";153;440;"ANAPOLIS";"Condutor deixou de manter distância do veículo da frente";"Colisão traseira";"Com Vítimas Feridas";"Plena Noite";"Decrescente";"Céu Claro";"Dupla";"Reta";"Sim";4;0;2;0;1;1;2;3;-16,306765;-48,923847;"SPRF-GO";"DEL02-GO";"UOP01-DEL02-GO"
472483;2022-09-05;"segunda-feira";"04:30:00";"MG";251;506;"FRANCISCO SA";"Reação tardia ou ineficiente do condutor";"Colisão frontal";"Com Vítimas Feridas";"Amanhecer";"Crescente";"Céu Claro";"Simples";"Curva";"Não";7;0;2;0;4;1;2;4;-16,61894941;-43,6887828;"SPRF-MG";"DEL12-MG";"UOP01-DEL12-MG"
472486;2022-09-05;"segunda-feira";"05:00:00";"MG";251;503;"FRANCISCO SA";"Demais falhas mecânicas ou elétricas";"Incêndio";"Sem Vítimas";"Amanhecer";"Crescente";"Céu Claro";"Simples";"Reta";"Não";2;0;0;0;1;1;0;2;-16,61695707;-43,67246999;"SPRF-MG";"DEL12-MG";"UOP01-DEL12-MG"
472489;2022-09-05;"segunda-feira";"05:00:00";"MG";381;575;"ITAGUARA";"Ausência de reação do condutor";"Colisão com objeto";"Com Vítimas Fatais";"Amanhecer";"Crescente";"Céu Claro";"Dupla";"Curva";"Não";4;1;0;0;2;1;0;3;-20,47362595;-44,58422842;"SPRF-MG";"DEL04-MG";"UOP01-DEL04-MG"
472492;2022-09-05;"segunda-feira";"03:20:00";"PE";232;357,9;"FLORES";"Reação tardia ou ineficiente do condutor";"Colisão traseira";"Com Vítimas Feridas";"Plena Noite";"Crescente";"Céu Claro";"Simples";"Aclive";"Não";2;0;1;0;0;1;1;2;-8,04849067;-37,84054579;"SPRF-PE";"DEL04-PE";"UOP01-DEL04-PE"
472494;2022-09-05;"segunda-feira";"05:45:00";"MG";381;385,9;"SAO GONCALO DO RIO ABAIXO";"Reação tardia ou ineficiente do condutor";"Colisão frontal";"Com Vítimas Feridas";"Amanhecer";"Crescente";"Garoa/Chuvisco";"Simples";"Declive;Curva";"Não";3;0;2;0;1;0;2;2;-19,80286099;-43,409962;"SPRF-MG";"DEL01-MG";"UOP01-DEL01-MG"
472513;2022-09-05;"segunda-feira";"07:39:00";"PR";369;161;"CAMBE";"Reação tardia ou ineficiente do condutor";"Engavetamento";"Sem Vítimas";"Pleno dia";"Crescente";"Nublado";"Simples";"Reta";"Sim";5;0;0;0;4;1;0;5;-23,28674231;-51,26004517;"SPRF-PR";"DEL07-PR";"UOP01-DEL07-PR"
472514;2022-09-05;"segunda-feira";"07:30:00";"AP";210;28;"MACAPA";"Demais falhas mecânicas ou elétricas";"Colisão lateral sentido oposto";"Com Vítimas Feridas";"Pleno dia";"Decrescente";"Céu Claro";"Simples";"Reta";"Não";4;0;0;1;2;3;1;5;0,25921224;-51,08507547;"SPRF-AP";"DEL01-AP";"UOP01-DEL01-AP"
472526;2022-09-04;"domingo";"23:00:00";"BA";101;324;"PRESIDENTE TANCREDO NEVES";"Ingestão de álcool pelo condutor";"Colisão frontal";"Com Vítimas Feridas";"Plena Noite";"Decrescente";"Céu Claro";"Simples";"Reta";"Não";2;0;0;1;1;0;1;2;-13,54533964;-39,45772639;"SPRF-BA";"DEL05-BA";"UOP03-DEL05-BA"
472533;2022-09-05;"segunda-feira";"08:32:00";"BA";242;378;"PALMEIRAS";"Velocidade Incompatível";"Tombamento";"Com Vítimas Feridas";"Pleno dia";"Decrescente";"Céu Claro";"Simples";"Curva";"Não";4;0;1;1;1;5;2;8;-12,4305294;-41,50637602;"SPRF-BA";"DEL06-BA";"UOP01-DEL06-BA"
472535;2022-09-02;"sexta-feira";"08:30:00";"SP";116;207;"GUARULHOS";"Condutor deixou de manter distância do veículo da frente";"Engavetamento";"Com Vítimas Feridas";"Pleno dia";"Crescente";"Céu Claro";"Múltipla";"Reta";"Sim";9;0;1;0;8;0;1;6;-23,41972188;-46,38419203;"SPRF-SP";"DEL01-SP";"UOP01-DEL01-SP"
472536;2022-09-05;"segunda-feira";"09:00:00";"BA";324;609;"SIMOES FILHO";"Trafegar com motocicleta (ou similar) entre as faixas";"Colisão traseira";"Com Vítimas Feridas";"Pleno dia";"Crescente";"Céu Claro";"Dupla";"Reta";"Sim";2;0;1;0;1;0;1;2;-12,82066;-38,40798;"SPRF-BA";"DEL01-BA";"UOP01-DEL01-BA"
472539;2022-06-15;"quarta-feira";"13:00:00";"GO";153;643,8;"MORRINHOS";"Demais falhas mecânicas ou elétricas";"Incêndio";"Sem Vítimas";"Pleno dia";"Decrescente";"Céu Claro";"Dupla";"Reta";"Não";2;0;0;0;1;1;0;2;-17,9057;-49,2375;"SPRF-GO";"DEL03-GO";"UOP01-DEL03-GO"
472543;2022-08-17;"quarta-feira";"15:45:00";"PR";277;134,5;"BALSA NOVA";"Neblina";"Engavetamento";"Com Vítimas Feridas";"Pleno dia";"Crescente";"Nevoeiro/Neblina";"Dupla";"Reta";"Não";6;0;1;0;4;1;1;5;-25,469938;-49,67704;"SPRF-PR";"DEL03-PR";"UOP03-DEL03-PR"
472546;2022-09-05;"segunda-feira";"10:20:00";"MG";381;642,5;"SANTO ANTONIO DO AMPARO";"Ausência de reação do condutor";"Atropelamento de Pedestre";"Com Vítimas Feridas";"Pleno dia";"Decrescente";"Céu Claro";"Dupla";"Reta";"Não";3;0;0;1;1;3;1;5;-20,93717503;-44,87533274;"SPRF-MG";"DEL04-MG";"UOP01-DEL04-MG"
472547;2022-09-05;"segunda-feira";"07:00:00";"BA";116;510;"SANTA TERESINHA";"Condutor Dormindo";"Saída de leito carroçável";"Com Vítimas Feridas";"Pleno dia";"Decrescente";"Céu Claro";"Simples";"Reta";"Não";1;0;1;0;0;0;1;1;-12,64028919;-39,60205663;"SPRF-BA";"DEL03-BA";"UOP02-DEL03-BA"
472551;2022-09-05;"segunda-feira";"07:30:00";"GO";153;209;"URUACU";"Ultrapassagem Indevida";"Colisão frontal";"Com Vítimas Feridas";"Pleno dia";"Crescente";"Céu Claro";"Simples";"Aclive";"Não";4;0;3;0;0;1;3;2;-14,596173;-49,163906;"SPRF-GO";"DEL07-GO";"UOP02-DEL07-GO"
472552;2022-09-05;"segunda-feira";"10:30:00";"GO";80;125,9;"BARRO ALTO";"Reação tardia ou ineficiente do condutor";"Colisão traseira";"Com Vítimas Feridas";"Pleno dia";"Crescente";"Céu Claro";"Dupla";"Interseção de Vias;Retorno Regulamentado";"Não";4;0;1;0;2;1;1;3;-15,02296083;-48,89612317;"SPRF-GO";"DEL07-GO";"UOP01-DEL07-GO"
472555;2022-08-30;"terça-feira";"18:00:00";"MS";163;476;"CAMPO GRANDE";"Acessar a via sem observar a presença dos outros veículos";"Colisão transversal";"Com Vítimas Feridas";"Plena Noite";"Crescente";"Céu Claro";"Simples";"Reta";"Não";6;0;1;0;5;0;1;2;-20,51162825;-54,56030973;"SPRF-MS";"DEL01-MS";"UOP01-DEL01-MS"
472556;2022-09-05;"segunda-feira";"09:00:00";"BA";324;517;"FEIRA DE SANTANA";"Pedestre cruzava a pista fora da faixa";"Atropelamento de Pedestre";"Com Vítimas Feridas";"Pleno dia";"Crescente";"Nublado";"Simples";"Reta";"Sim";3;0;0;1;1;1;1;3;-12,24953308;-38,93362525;"SPRF-BA";"DEL02-BA";"UOP01-DEL02-BA"
472557;2022-09-05;"segunda-feira";"11:00:00";"SP";116;188;"SANTA ISABEL";"Manobra de mudança de faixa";"Colisão lateral mesmo sentido";"Com Vítimas Feridas";"Pleno dia";"Crescente";"Nublado";"Dupla";"Reta;Declive";"Não";8;0;3;0;4;1;3;3;-23,3594352;-46,21675791;"SPRF-SP";"DEL01-SP";"UOP01-DEL01-SP"
472564;2022-09-05;"segunda-feira";"12:15:00";"BA";116;18;"VITORIA DA CONQUISTA";"Transitar na contramão";"Colisão frontal";"Com Vítimas Feridas";"Pleno dia";"Crescente";"Céu Claro";"Simples";"Reta";"Sim";3;0;0;1;1;1;1;3;-14,851;-40,8485;"SPRF-BA";"DEL08-BA";"UOP01-DEL08-BA"
472566;2022-09-05;"segunda-feira";"10:10:00";"MG";381;943;"EXTREMA";"Ausência de reação do condutor";"Saída de leito carroçável";"Com Vítimas Fatais";"Pleno dia";"Decrescente";"Céu Claro";"Dupla";"Reta;Aclive";"Não";2;1;1;0;0;0;1;1;-22,87018424;-46,3581479;"SPRF-MG";"DEL16-MG";"UOP03-DEL16-MG"
472567;2022-09-05;"segunda-feira";"12:40:00";"ES";101;265,7;"SERRA";"Ausência de reação do condutor";"Colisão traseira";"Com Vítimas Feridas";"Pleno dia";"Crescente";"Nublado";"Múltipla";"Reta";"Sim";4;0;1;0;2;1;1;3;-20,1816849;-40,26536036;"SPRF-ES";"DEL02-ES";"UOP01-DEL02-ES"
472568;2022-09-05;"segunda-feira";"12:10:00";"PR";476;133;"CURITIBA";"Reação tardia ou ineficiente do condutor";"Colisão traseira";"Com Vítimas Feridas";"Pleno dia";"Decrescente";"Nublado";"Múltipla";"Reta";"Sim";4;0;2;0;2;0;2;2;-25,469219;-49,254143;"SPRF-PR";"DEL01-PR";"UOP03-DEL01-PR"
472569;2022-09-01;"quinta-feira";"12:00:00";"RN";226;230,3;"FLORANIA";"Problema com o freio";"Colisão frontal";"Sem Vítimas";"Pleno dia";"Crescente";"Céu Claro";"Simples";"Aclive";"Não";2;0;0;0;2;0;0;2;-6,11362671;-36,90941889;"SPRF-RN";"DEL03-RN";"UOP01-DEL03-RN"
472570;2022-09-05;"segunda-feira";"12:50:00";"RS";116;262;"CANOAS";"Manobra de mudança de faixa";"Tombamento";"Com Vítimas Feridas";"Pleno dia";"Decrescente";"Céu Claro";"Dupla";"Reta";"Sim";3;0;1;0;1;1;1;3;-29,896475;-51,17593;"SPRF-RS";"DEL01-RS";"UOP01-DEL01-RS"
472572;2022-08-19;"sexta-feira";"12:40:00";"PE";101;71;"RECIFE";"Reação tardia ou ineficiente do condutor";"Colisão lateral mesmo sentido";"Sem Vítimas";"Pleno dia";"Crescente";"Sol";"Dupla";"Reta";"Sim";3;0;0;0;2;1;0;3;-8,07663102;-34,94277871;"SPRF-PE";"DEL01-PE";"UOP01-DEL01-PE"
472574;2022-09-05;"segunda-feira";"13:30:00";"ES";259;6,5;"JOAO NEIVA";"Ausência de reação do condutor";"Colisão frontal";"Com Vítimas Fatais";"Pleno dia";"Crescente";"Nublado";"Simples";"Curva";"Sim";3;1;0;0;1;1;0;3;-19,69680739;-40,38547654;"SPRF-ES";"DEL02-ES";"UOP01-DEL02-ES"
472583;2022-09-05;"segunda-feira";"10:40:00";"SP";116;435;"REGISTRO";"Falta de elemento de contenção que evite a saída do leito carroçável";"Saída de leito carroçável";"Com Vítimas Feridas";"Pleno dia";"Decrescente";"Garoa/Chuvisco";"Dupla";"Reta";"Não";3;0;1;0;1;1;1;3;-24,42978592;-47,78559107;"SPRF-SP";"DEL05-SP";"UOP01-DEL05-SP"
472584;2022-09-05;"segunda-feira";"12:00:00";"SC";153;45;"VARGEM BONITA";"Transitar na contramão";"Colisão lateral sentido oposto";"Com Vítimas Feridas";"Pleno dia";"Decrescente";"Nublado";"Simples";"Reta";"Não";2;0;0;1;1;0;1;2;-26,883162;-51,757702;"SPRF-SC";"DEL07-SC";"UOP05-DEL07-SC"
472587;2022-09-05;"segunda-feira";"09:25:00";"SC";282;424,9;"VARGEM BONITA";"Transitar na contramão";"Colisão lateral sentido oposto";"Com Vítimas Feridas";"Pleno dia";"Crescente";"Nublado";"Simples";"Curva";"Não";2;0;1;0;0;1;1;2;-26,980412;-51,756256;"SPRF-SC";"DEL07-SC";"UOP05-DEL07-SC"
472590;2022-09-02;"sexta-feira";"17:58:00";"MT";163;816;"SINOP";"Acessar a via sem observar a presença dos outros veículos";"Colisão transversal";"Com Vítimas Feridas";"Plena Noite";"Decrescente";"Céu Claro";"Simples";"Reta";"Não";6;0;0;4;1;3;4;5;-12,02557494;-55,51738466;"SPRF-MT";"DEL06-MT";"UOP01-DEL06-MT"
472593;2022-09-05;"segunda-feira";"14:20:00";"MG";116;754;"LEOPOLDINA";"Manobra de mudança de faixa";"Saída de leito carroçável";"Com Vítimas Feridas";"Pleno dia";"Crescente";"Céu Claro";"Simples";"Curva;Aclive";"Não";5;0;2;0;2;1;2;3;-21,47859776;-42,57564516;"SPRF-MG";"DEL07-MG";"UOP01-DEL07-MG"
472594;2022-09-05;"segunda-feira";"16:32:00";"MG";40;563;"NOVA LIMA";"Velocidade Incompatível";"Saída de leito carroçável";"Com Vítimas Feridas";"Pleno dia";"Decrescente";"Céu Claro";"Simples";"Reta";"Não";2;0;2;0;0;0;2;1;-20,15241986;-43,96263156;"SPRF-MG";"DEL01-MG";"UOP02-DEL01-MG"
472599;2022-09-05;"segunda-feira";"13:30:00";"RJ";393;151,9;"TRES RIOS";"Velocidade Incompatível";"Tombamento";"Com Vítimas Feridas";"Pleno dia";"Crescente";"Nublado";"Simples";"Curva";"Não";2;0;1;0;0;1;1;2;-22,06019504;-43,02885795;"SPRF-RJ";"DEL05-RJ";"UOP02-DEL05-RJ"
472601;2022-09-05;"segunda-feira";"14:10:00";"PR";116;115;"CURITIBA";"Velocidade Incompatível";"Tombamento";"Sem Vítimas";"Pleno dia";"Decrescente";"Nublado";"Simples";"Curva";"Não";2;0;0;0;1;1;0;2;-25,54547135;-49,30187702;"SPRF-PR";"DEL01-PR";"UOP06-DEL01-PR"
472605;2022-09-05;"segunda-feira";"17:30:00";"MG";40;803;"JUIZ DE FORA";"Reação tardia ou ineficiente do condutor";"Colisão transversal";"Com Vítimas Feridas";"Anoitecer";"Decrescente";"Céu Claro";"Dupla";"Reta";"Não";4;0;1;0;2;1;1;3;-21,85782703;-43,37661004;"SPRF-MG";"DEL05-MG";"UOP01-DEL05-MG"
472613;2022-09-05;"segunda-feira";"18:20:00";"SC";101;128,6;"BALNEARIO CAMBORIU";"Condutor deixou de manter distância do veículo da frente";"Colisão lateral mesmo sentido";"Com Vítimas Feridas";"Plena Noite";"Decrescente";"Nublado";"Dupla";"Curva";"Sim";3;0;1;0;1;1;1;3;-26,97284292;-48,68299451;"SPRF-SC";"DEL04-SC";"UOP03-DEL04-SC"
472615;2022-09-05;"segunda-feira";"16:40:00";"MA";10;250,2;"IMPERATRIZ";"Acessar a via sem observar a presença dos outros veículos";"Colisão lateral mesmo sentido";"Com Vítimas Feridas";"Pleno dia";"Decrescente";"Céu Claro";"Simples";"Reta";"Sim";4;0;1;0;2;3;1;6;-5,550874;-47,459305;"SPRF-MA";"DEL04-MA";"UOP01-DEL04-MA"
472625;2022-09-05;"segunda-feira";"17:40:00";"MA";10;245;"IMPERATRIZ";"Transitar no acostamento";"Colisão lateral mesmo sentido";"Com Vítimas Feridas";"Pleno dia";"Decrescente";"Céu Claro";"Simples";"Reta";"Sim";3;0;0;1;1;1;1;3;-5,588685;-47,433857;"SPRF-MA";"DEL04-MA";"UOP01-DEL04-MA"
472636;2022-09-05;"segunda-feira";"20:10:00";"RS";468;84;"CAMPO NOVO";"Desrespeitar a preferência no cruzamento";"Colisão transversal";"Com Vítimas Feridas";"Plena Noite";"Decrescente";"Chuva";"Simples";"Interseção de Vias";"Não";3;0;2;0;1;0;2;2;-27,58756716;-53,87094498;"SPRF-RS";"DEL08-RS";"UOP02-DEL08-RS"
472637;2022-09-05;"segunda-feira";"20:00:00";"PB";101;24;"RIO TINTO";"Manobra de mudança de faixa";"Colisão lateral mesmo sentido";"Sem Vítimas";"Plena Noite";"Crescente";"Nublado";"Dupla";"Reta";"Não";6;0;0;0;6;0;0;2;-6,69904299;-35,11650009;"SPRF-PB";"DEL01-PB";"UOP04-DEL01-PB"
472642;2022-09-05;"segunda-feira";"18:00:00";"BA";415;52;"ITABUNA";"Animais na Pista";"Colisão frontal";"Com Vítimas Fatais";"Anoitecer";"Decrescente";"Céu Claro";"Simples";"Reta";"Não";5;2;2;0;0;1;2;3;-14,81574494;-39,29612388;"SPRF-BA";"DEL05-BA";"UOP01-DEL05-BA"
472652;2022-09-05;"segunda-feira";"16:50:00";"RS";285;208,2;"LAGOA VERMELHA";"Reação tardia ou ineficiente do condutor";"Colisão traseira";"Com Vítimas Feridas";"Pleno dia";"Crescente";"Céu Claro";"Simples";"Aclive";"Não";2;0;1;0;1;0;1;2;-28,221825;-51,598278;"SPRF-RS";"DEL08-RS";"UOP05-DEL08-RS"
472653;2022-09-05;"segunda-feira";"20:30:00";"RS";386;88,2;"LAJEADO DO BUGRE";"Ausência de reação do condutor";"Saída de leito carroçável";"Com Vítimas Feridas";"Plena Noite";"Crescente";"Nublado";"Simples";"Curva";"Não";2;0;1;0;0;1;1;2;-27,744874;-53,224849;"SPRF-RS";"DEL08-RS";"UOP01-DEL08-RS"
472655;2022-08-05;"sexta-feira";"04:50:00";"GO";20;38;"FORMOSA";"Reação tardia ou ineficiente do condutor";"Colisão traseira";"Com Vítimas Feridas";"Plena Noite";"Decrescente";"Céu Claro";"Simples";"Aclive;Reta";"Não";7;0;0;5;1;1;5;3;-15,41031;-47,099354;"SPRF-DF";"DEL02-DF";"UOP01-DEL02-DF"
472656;2022-09-05;"segunda-feira";"21:20:00";"GO";153;295,8;"RIALMA";"Acessar a via sem observar a presença dos outros veículos";"Colisão transversal";"Com Vítimas Feridas";"Plena Noite";"Decrescente";"Céu Claro";"Simples";"Reta";"Não";4;0;0;1;2;1;1;3;-15,24967;-49,556309;"SPRF-GO";"DEL02-GO";"UOP02-DEL02-GO"
472658;2022-09-05;"segunda-feira";"23:00:00";"SC";101;195,9;"BIGUACU";"Pedestre andava na pista";"Atropelamento de Pedestre";"Com Vítimas Feridas";"Plena Noite";"Decrescente";"Chuva";"Múltipla";"Reta";"Sim";2;0;0;1;0;1;1;2;-27,51101091;-48,64322292;"SPRF-SC";"DEL01-SC";"UOP01-DEL01-SC"