"id";"data_inversa";"dia_semana";"horario";"uf";"br";"km";"municipio";"causa_acidente";"tipo_acidente";"classificacao_acidente";"fase_dia";"sentido_via";"condicao_metereologica";"tipo_pista";"tracado_via";"uso_solo";"pessoas";"mortos";"feridos_leves";"feridos_graves";"ilesos";"ignorados";"feridos";"veiculos";"latitude";"longitude";"regional";"delegacia";"uop"
472665;2022-09-05;"segunda-feira";"18:30:00";"RJ";40;35,9;"AREAL";"Velocidade Incompatível";"Tombamento";"Com Vítimas Feridas";"Plena Noite";"Decrescente";"Céu Claro";"Dupla";"Declive;Curva";"Não";5;0;1;0;3;1;1;4;-22,214845;-43,13128;"SPRF-RJ";"DEL05-RJ";"UOP02-DEL05-RJ"
472670;2022-09-05;"segunda-feira";"23:30:00";"RJ";101;147;"MACAE";"Condutor Dormindo";"Saída de leito carroçável";"Com Vítimas Feridas";"Plena Noite";"Decrescente";"Céu Claro";"Simples";"Curva";"Não";2;0;1;0;0;2;1;3;-22,22773196;-41,77649004;"SPRF-RJ";"DEL08-RJ";"UOP04-DEL08-RJ"
472675;2022-09-06;"terça-feira";"00:30:00";"BA";235;262;"CURACA";"Transitar na contramão";"Colisão transversal";"Com Vítimas Fatais";"Plena Noite";"Decrescente";"Céu Claro";"Simples";"Reta";"Não";3;1;1;0;0;2;1;4;-9,65437511;-39,76390413;"SPRF-BA";"DEL07-BA";"UOP01-DEL07-BA"
472678;2022-09-06;"terça-feira";"03:15:00";"BA";101;806,7;"ITAMARAJU";"Condutor deixou de manter distância do veículo da frente";"Colisão traseira";"Com Vítimas Fatais";"Plena Noite";"Crescente";"Chuva";"Simples";"Reta";"Sim";3;1;0;0;1;1;0;3;-17,0093;-39,546433;"SPRF-BA";"DEL09-BA";"UOP02-DEL09-BA"
472685;2022-09-06;"terça-feira";"03:30:00";"SC";101;276,5;"IMBITUBA";"Ausência de reação do condutor";"Colisão traseira";"Com Vítimas Feridas";"Plena Noite";"Decrescente";"Garoa/Chuvisco";"Dupla";"Reta";"Sim";3;0;0;1;1;1;1;3;-28,14644701;-48,69204746;"SPRF-SC";"DEL02-SC";"UOP03-DEL02-SC"
472691;2022-05-26;"quinta-feira";"06:00:00";"MG";381;435;"SABARA";"Problema com o freio";"Colisão transversal";"Com Vítimas Feridas";"Pleno dia";"Decrescente";"Céu Claro";"Simples";"Curva";"Não";4;0;0;3;0;1;3;3;-19,80010099;-43,75771301;"SPRF-MG";"DEL01-MG";"UOP01-DEL01-MG"
472693;2022-09-06;"terça-feira";"06:15:00";"PR";116;146,4;"MANDIRITUBA";"Pedestre andava na pista";"Atropelamento de Pedestre";"Com Vítimas Fatais";"Amanhecer";"Crescente";"Chuva";"Simples";"Reta";"Não";2;1;0;0;1;0;0;2;-25,78172684;-49,32535079;"SPRF-PR";"DEL01-PR";"UOP03-DEL01-PR"
472694;2022-09-06;"terça-feira";"07:00:00";"RS";386;418;"MONTENEGRO";"Condutor Dormindo";"Tombamento";"Sem Vítimas";"Pleno dia";"Crescente";"Garoa/Chuvisco";"Simples";"Reta";"Não";3;0;0;0;2;1;0;3;-29,819609;-51,442814;"SPRF-RS";"DEL04-RS";"UOP02-DEL04-RS"
472699;2022-09-06;"terça-feira";"05:20:00";"SC";470;178,3;"POUSO REDONDO";"Ausência de reação do condutor";"Saída de leito carroçável";"Com Vítimas Feridas";"Amanhecer";"Crescente";"Chuva";"Simples";"Reta";"Não";2;0;0;1;0;1;1;2;-27,248392;-49,967083;"SPRF-SC";"DEL04-SC";"UOP02-DEL04-SC"
472704;2022-08-30;"terça-feira";"11:20:00";"MS";163;656;"RIO VERDE DE MATO GROSSO";"Reação tardia ou ineficiente do condutor";"Saída de leito carroçável";"Com Vítimas Feridas";"Pleno dia";"Decrescente";"Céu Claro";"Simples";"Curva";"Não";2;0;1;0;0;1;1;2;-19,10980596;-54,76245493;"SPRF-MS";"DEL06-MS";"UOP02-DEL06-MS"
472706;2022-08-22;"segunda-feira";"05:50:00";"PR";476;120;"COLOMBO";"Acessar a via sem observar a presença dos outros veículos";"Colisão transversal";"Com Vítimas Feridas";"Amanhecer";"Crescente";"Nublado";"Múltipla";"Reta";"Sim";4;0;3;0;0;1;3;4;-25,37191;-49,19146;"SPRF-PR";"DEL01-PR";"UOP01-DEL01-PR"
472708;2022-06-28;"terça-feira";"21:30:00";"MG";381;830,4;"SAO SEBASTIAO DA BELA VISTA";"Reação tardia ou ineficiente do condutor";"Colisão traseira";"Com Vítimas Fatais";"Plena Noite";"Decrescente";"Céu Claro";"Dupla";"Reta";"Não";6;1;0;1;3;4;1;8;-22,14509897;-45,81876904;"SPRF-MG";"DEL16-MG";"UOP01-DEL16-MG"
472711;2022-09-06;"terça-feira";"09:00:00";"GO";452;173,2;"ITUMBIARA";"Condutor Dormindo";"Saída de leito carroçável";"Com Vítimas Feridas";"Pleno dia";"Crescente";"Céu Claro";"Simples";"Aclive";"Não";2;0;1;0;0;3;1;4;-18,34558398;-49,403355;"SPRF-GO";"DEL03-GO";"UOP02-DEL03-GO"
472714;2022-09-06;"terça-feira";"08:50:00";"PR";116;106,9;"SAO JOSE DOS PINHAIS";"Condutor deixou de manter distância do veículo da frente";"Colisão traseira";"Com Vítimas Feridas";"Pleno dia";"Decrescente";"Chuva";"Dupla";"Reta";"Sim";3;0;1;0;1;1;1;3;-25,56830653;-49,17799791;"SPRF-PR";"DEL01-PR";"UOP06-DEL01-PR"
472718;2022-09-06;"terça-feira";"08:05:00";"RO";174;16;"VILHENA";"Reação tardia ou ineficiente do condutor";"Colisão lateral sentido oposto";"Com Vítimas Feridas";"Pleno dia";"Crescente";"Céu Claro";"Simples";"Reta";"Sim";2;0;1;0;1;0;1;2;-12,71452302;-60,1262149;"SPRF-RO";"DEL04-RO";"UOP01-DEL04-RO"
472726;2022-09-06;"terça-feira";"08:35:00";"RJ";101;59;"CAMPOS DOS GOYTACAZES";"Manobra de mudança de faixa";"Colisão frontal";"Com Vítimas Feridas";"Pleno dia";"Decrescente";"Céu Claro";"Simples";"Reta";"Sim";2;0;1;0;1;0;1;2;-21,71366497;-41,30861915;"SPRF-RJ";"DEL08-RJ";"UOP01-DEL08-RJ"
472727;2022-09-06;"terça-feira";"09:10:00";"MT";163;266;"SAO PEDRO DA CIPA";"Reação tardia ou ineficiente do condutor";"Colisão traseira";"Com Vítimas Feridas";"Pleno dia";"Decrescente";"Céu Claro";"Dupla";"Reta";"Não";5;0;2;0;2;3;2;5;-15,99434954;-54,92162358;"SPRF-MT";"DEL05-MT";"UOP02-DEL05-MT"
472730;2022-09-06;"terça-feira";"09:45:00";"AL";316;205;"MARIBONDO";"Ausência de reação do condutor";"Colisão lateral sentido oposto";"Com Vítimas Feridas";"Pleno dia";"Decrescente";"Garoa/Chuvisco";"Simples";"Reta";"Não";3;0;1;0;2;0;1;2;-9,56756073;-36,28622715;"SPRF-AL";"DEL03-AL";"UOP01-DEL03-AL"
472731;2022-04-29;"sexta-feira";"07:00:00";"MG";116;353;"JAMPRUCA";"Velocidade Incompatível";"Tombamento";"Com Vítimas Feridas";"Pleno dia";"Decrescente";"Céu Claro";"Simples";"Curva";"Não";2;0;1;0;0;1;1;2;-18,40984621;-41,82022076;"SPRF-MG";"DEL11-MG";"UOP01-DEL11-MG"
472737;2022-07-02;"sábado";"11:15:00";"ES";259;101,5;"BAIXO GUANDU";"Trafegar com motocicleta (ou similar) entre as faixas";"Colisão lateral mesmo sentido";"Com Vítimas Feridas";"Pleno dia";"Crescente";"Céu Claro";"Simples";"Rotatória";"Sim";3;0;1;0;1;1;1;3;-19,51441295;-40,99560702;"SPRF-ES";"DEL02-ES";"UOP01-DEL02-ES"
472739;2022-09-06;"terça-feira";"10:20:00";"RJ";116;165;"RIO DE JANEIRO";"Ausência de reação do condutor";"Colisão transversal";"Com Vítimas Feridas";"Pleno dia";"Crescente";"Céu Claro";"Dupla";"Reta";"Sim";2;0;1;0;0;1;1;2;-22,81548519;-43,29087405;"SPRF-RJ";"DEL01-RJ";"UOP02-DEL01-RJ"
472741;2022-09-06;"terça-feira";"12:10:00";"PE";101;49,8;"ABREU E LIMA";"Pedestre cruzava a pista fora da faixa";"Atropelamento de Pedestre";"Com Vítimas Feridas";"Pleno dia";"Decrescente";"Céu Claro";"Múltipla";"Reta";"Sim";5;0;0;1;1;5;1;5;-7,9005152;-34,90180641;"SPRF-PE";"DEL01-PE";"UOP02-DEL01-PE"
472743;2022-09-06;"terça-feira";"12:30:00";"MG";40;726,5;"BARBACENA";"Acumulo de água sobre o pavimento";"Colisão traseira";"Com Vítimas Feridas";"Pleno dia";"Crescente";"Garoa/Chuvisco";"Dupla";"Curva";"Não";4;0;2;0;2;0;2;2;-21,31059847;-43,60380204;"SPRF-MG";"DEL05-MG";"UOP01-DEL05-MG"
472748;2022-09-06;"terça-feira";"12:00:00";"SP";116;276;"EMBU DAS ARTES";"Reação tardia ou ineficiente do condutor";"Colisão traseira";"Com Vítimas Feridas";"Pleno dia";"Decrescente";"Céu Claro";"Dupla";"Reta";"Sim";2;0;0;1;1;0;1;2;-23,62922776;-46,81961244;"SPRF-SP";"DEL04-SP";"UOP01-DEL04-SP"
472749;2022-09-06;"terça-feira";"11:15:00";"PR";163;324;"TERRA ROXA";"Velocidade Incompatível";"Saída de leito carroçável";"Com Vítimas Feridas";"Pleno dia";"Crescente";"Chuva";"Simples";"Reta";"Não";3;0;1;0;1;2;1;4;-24,30956598;-54,1588218;"SPRF-PR";"DEL06-PR";"UOP01-DEL06-PR"
472752;2022-08-05;"sexta-feira";"19:00:00";"SC";116;89,9;"MONTE CASTELO";"Transitar na contramão";"Colisão frontal";"Com Vítimas Fatais";"Plena Noite";"Crescente";"Céu Claro";"Simples";"Reta";"Não";3;1;0;0;1;2;0;4;-26,6357988;-50,2529397;"SPRF-SC";"DEL06-SC";"UOP02-DEL06-SC"
472758;2022-09-06;"terça-feira";"14:04:00";"BA";116;419;"FEIRA DE SANTANA";"Manobra de mudança de faixa";"Colisão traseira";"Com Vítimas Feridas";"Pleno dia";"Crescente";"Céu Claro";"Dupla";"Reta";"Sim";3;0;1;0;1;1;1;3;-12,194529;-38,965336;"SPRF-BA";"DEL02-BA";"UOP01-DEL02-BA"
472759;2022-09-06;"terça-feira";"14:40:00";"RJ";465;0;"SEROPEDICA";"Acessar a via sem observar a presença dos outros veículos";"Colisão transversal";"Com Vítimas Feridas";"Pleno dia";"Crescente";"Céu Claro";"Simples";"Reta";"Sim";3;0;1;0;2;0;1;2;-22,713446;-43,734077;"SPRF-RJ";"DEL01-RJ";"UOP03-DEL01-RJ"
472760;2022-09-06;"terça-feira";"15:20:00";"PR";116;42;"CAMPINA GRANDE DO SUL";"Chuva";"Colisão com objeto";"Sem Vítimas";"Plena Noite";"Crescente";"Chuva";"Dupla";"Reta";"Sim";2;0;0;0;1;1;0;2;-25,17611697;-48,874256;"SPRF-PR";"DEL01-PR";"UOP02-DEL01-PR"
472764;2022-09-06;"terça-feira";"10:30:00";"PI";20;382;"PIO IX";"Demais falhas mecânicas ou elétricas";"Incêndio";"Sem Vítimas";"Pleno dia";"Decrescente";"Céu Claro";"Simples";"Reta";"Não";1;0;0;0;1;0;0;1;-6,68646913;-40,92116285;"SPRF-PI";"DEL04-PI";"UOP01-DEL04-PI"
472766;2022-09-06;"terça-feira";"15:11:00";"SC";470;58,1;"BLUMENAU";"Desrespeitar a preferência no cruzamento";"Colisão transversal";"Com Vítimas Feridas";"Pleno dia";"Crescente";"Chuva";"Simples";"Interseção de Vias";"Sim";5;0;0;1;3;1;1;4;-26,883879;-49,145622;"SPRF-SC";"DEL04-SC";"UOP01-DEL04-SC"
472769;2022-09-06;"terça-feira";"16:00:00";"PA";316;149;"CAPANEMA";"Pista Escorregadia";"Saída de leito carroçável";"Sem Vítimas";"Pleno dia";"Crescente";"Chuva";"Simples";"Reta";"Não";1;0;0;0;1;0;0;1;-1,22001077;-47,19790415;"SPRF-PA";"DEL01-PA";"UOP03-DEL01-PA"
472770;2022-09-06;"terça-feira";"15:00:00";"PR";277;42;"MORRETES";"Condutor deixou de manter distância do veículo da frente";"Colisão lateral mesmo sentido";"Com Vítimas Feridas";"Pleno dia";"Decrescente";"Chuva";"Dupla";"Curva";"Não";5;0;2;0;2;3;2;6;-25,57361239;-48,84469597;"SPRF-PR";"DEL01-PR";"UOP01-DEL01-PR"
472771;2022-09-06;"terça-feira";"14:00:00";"MT";70;325;"DOM AQUINO";"Manobra de mudança de faixa";"Colisão lateral mesmo sentido";"Sem Vítimas";"Pleno dia";"Decrescente";"Céu Claro";"Simples";"Reta";"Não";2;0;0;0;2;0;0;2;-15,51180358;-54,66260005;"SPRF-MT";"DEL05-MT";"UOP01-DEL05-MT"
472775;2022-02-10;"quinta-feira";"13:30:00";"MG";40;236,8;"SAO GONCALO DO ABAETE";"Reação tardia ou ineficiente do condutor";"Saída de leito carroçável";"Com Vítimas Feridas";"Pleno dia";"Decrescente";"Chuva";"Simples";"Reta;Retorno Regulamentado;Declive;Interseção de Vias";"Sim";1;0;1;0;0;0;1;1;-18,041442;-45,524922;"SPRF-MG";"DEL14-MG";"UOP02-DEL14-MG"
472778;2022-09-06;"terça-feira";"10:00:00";"BA";242;360;"LENCOIS";"Velocidade Incompatível";"Tombamento";"Com Vítimas Feridas";"Pleno dia";"Decrescente";"Céu Claro";"Simples";"Curva";"Não";2;0;0;1;0;2;1;3;-12,47125305;-41,38997202;"SPRF-BA";"DEL06-BA";"UOP01-DEL06-BA"
472779;2022-09-06;"terça-feira";"16:00:00";"PE";232;9,2;"RECIFE";"Acessar a via sem observar a presença dos outros veículos";"Colisão lateral mesmo sentido";"Com Vítimas Feridas";"Pleno dia";"Decrescente";"Céu Claro";"Múltipla";"Em Obras";"Sim";4;0;1;0;1;2;1;4;-8,07764447;-34,97863609;"SPRF-PE";"DEL01-PE";"UOP01-DEL01-PE"
472781;2022-09-06;"terça-feira";"14:00:00";"MT";163;913;"ITAUBA";"Reação tardia ou ineficiente do condutor";"Colisão lateral mesmo sentido";"Sem Vítimas";"Pleno dia";"Crescente";"Céu Claro";"Simples";"Reta";"Não";3;0;0;0;2;4;0;6;-11,197999;-55,307006;"SPRF-MT";"DEL06-MT";"NPF/DEL06-MT"
472782;2022-07-13;"quarta-feira";"14:10:00";"SC";101;212;"PALHOCA";"Reação tardia ou ineficiente do condutor";"Engavetamento";"Com Vítimas Feridas";"Pleno dia";"Decrescente";"Nublado";"Dupla";"Reta";"Sim";4;0;1;0;2;1;1;4;-27,62996929;-48,65903871;"SPRF-SC";"DEL01-SC";"UOP02-DEL01-SC"
472784;2022-09-06;"terça-feira";"07:00:00";"MG";381;254;"SANTANA DO PARAISO";"Condutor Dormindo";"Colisão frontal";"Com Vítimas Feridas";"Pleno dia";"Crescente";"Céu Claro";"Simples";"Curva";"Sim";4;0;0;2;1;2;2;5;-19,45997464;-42,52563369;"SPRF-MG";"DEL03-MG";"UOP01-DEL03-MG"
472790;2022-09-06;"terça-feira";"16:00:00";"AL";316;233,5;"ATALAIA";"Velocidade Incompatível";"Colisão traseira";"Com Vítimas Feridas";"Pleno dia";"Crescente";"Nublado";"Simples";"Reta";"Não";2;0;1;0;1;0;1;1;-9,49500482;-36,09152499;"SPRF-AL";"DEL01-AL";"UOP01-DEL01-AL"
472791;2022-09-06;"terça-feira";"17:40:00";"PR";376;245,3;"APUCARANA";"Manobra de mudança de faixa";"Colisão lateral mesmo sentido";"Com Vítimas Fatais";"Pleno dia";"Crescente";"Nublado";"Dupla";"Reta;Aclive";"Não";4;1;0;0;2;2;0;4;-23,60491501;-51,40907589;"SPRF-PR";"DEL07-PR";"UOP03-DEL07-PR"
472793;2022-09-06;"terça-feira";"17:00:00";"SC";101;327;"CAPIVARI DE BAIXO";"Reação tardia ou ineficiente do condutor";"Colisão lateral mesmo sentido";"Com Vítimas Feridas";"Pleno dia";"Crescente";"Nublado";"Dupla";"Reta;Aclive";"Não";5;0;1;0;3;1;1;5;-28,43023306;-48,95205197;"SPRF-SC";"DEL02-SC";"UOP01-DEL02-SC"
472794;2022-09-06;"terça-feira";"16:14:00";"TO";153;625;"ALIANCA DO TOCANTINS";"Desrespeitar a preferência no cruzamento";"Colisão transversal";"Com Vítimas Feridas";"Pleno dia";"Crescente";"Sol";"Simples";"Interseção de Vias;Reta";"Sim";4;0;2;0;1;3;2;6;-11,30516698;-48,94054592;"SPRF-TO";"DEL01-TO";"UOP02-DEL01-TO"
472804;2022-09-06;"terça-feira";"18:05:00";"GO";20;50,5;"FORMOSA";"Reação tardia ou ineficiente do condutor";"Colisão frontal";"Com Vítimas Fatais";"Anoitecer";"Crescente";"Céu Claro";"Simples";"Aclive";"Não";3;1;0;0;1;2;0;4;-15,328272;-47,129505;"SPRF-DF";"DEL02-DF";"UOP01-DEL02-DF"
472806;2022-09-06;"terça-feira";"18:10:00";"BA";116;425;"FEIRA DE SANTANA";"Acessar a via sem observar a presença dos outros veículos";"Colisão transversal";"Com Vítimas Feridas";"Plena Noite";"Crescente";"Céu Claro";"Simples";"Reta";"Sim";5;0;1;0;3;1;1;4;-12,23736613;-38,97999588;"SPRF-BA";"DEL02-BA";"UOP01-DEL02-BA"
472812;2022-09-06;"terça-feira";"15:40:00";"SP";381;57;"MAIRIPORA";"Ausência de reação do condutor";"Tombamento";"Sem Vítimas";"Pleno dia";"Decrescente";"Nublado";"Dupla";"Curva";"Não";2;0;0;0;1;1;0;2;-23,2658219;-46,5839857;"SPRF-SP";"DEL03-SP";"UOP01-DEL03-SP"
472816;2022-09-06;"terça-feira";"17:05:00";"SC";101;100,2;"BALNEARIO PICARRAS";"Reação tardia ou ineficiente do condutor";"Colisão traseira";"Com Vítimas Feridas";"Anoitecer";"Crescente";"Garoa/Chuvisco";"Dupla";"Reta";"Sim";3;0;0;1;1;3;1;5;-26,75926695;-48,68765545;"SPRF-SC";"DEL03-SC";"UOP02-DEL03-SC"
472818;2022-09-06;"terça-feira";"18:25:00";"MG";40;546;"NOVA LIMA";"Condutor deixou de manter distância do veículo da frente";"Colisão traseira";"Com Vítimas Feridas";"Plena Noite";"Crescente";"Céu Claro";"Dupla";"Curva";"Não";4;0;1;0;2;1;1;3;-20,01444685;-43,96893823;"SPRF-MG";"DEL01-MG";"UOP02-DEL01-MG"
472822;2022-09-06;"terça-feira";"17:50:00";"MT";70;518,2;"CUIABA";"Pedestre cruzava a pista fora da faixa";"Atropelamento de Pedestre";"Com Vítimas Feridas";"Anoitecer";"Decrescente";"Céu Claro";"Simples";"Reta";"Sim";4;0;2;0;1;3;2;6;-15,65051022;-55,99823809;"SPRF-MT";"DEL01-MT";"UOP02-DEL01-MT"
472834;2022-09-06;"terça-feira";"18:50:00";"PR";376;506,5;"PONTA GROSSA";"Reação tardia ou ineficiente do condutor";"Tombamento";"Sem Vítimas";"Plena Noite";"Crescente";"Chuva";"Dupla";"Reta";"Não";1;0;0;0;1;0;0;1;-25,19542758;-50,07679939;"SPRF-PR";"DEL03-PR";"UOP01-DEL03-PR"
472835;2022-09-06;"terça-feira";"18:50:00";"PA";316;22,7;"BENEVIDES";"Reação tardia ou ineficiente do condutor";"Tombamento";"Com Vítimas Feridas";"Plena Noite";"Crescente";"Chuva";"Dupla";"Reta";"Não";2;0;0;1;0;1;1;2;-1,3534463;-48,2570266;"SPRF-PA";"DEL01-PA";"UOP01-DEL01-PA"
472836;2022-09-06;"terça-feira";"19:50:00";"RS";116;431;"CRISTAL";"Ausência de reação do condutor";"Saída de leito carroçável";"Com Vítimas Feridas";"Plena Noite";"Decrescente";"Céu Claro";"Dupla";"Reta";"Sim";2;0;1;0;0;1;1;2;-31,02246002;-52,05131205;"SPRF-RS";"DEL02-RS";"UOP02-DEL02-RS"
472838;2022-09-06;"terça-feira";"09:30:00";"GO";452;179,3;"ITUMBIARA";"Velocidade Incompatível";"Saída de leito carroçável";"Sem Vítimas";"Pleno dia";"Decrescente";"Céu Claro";"Simples";"Declive";"Não";2;0;0;0;1;1;0;2;-18,37027474;-49,36134287;"SPRF-GO";"DEL03-GO";"UOP02-DEL03-GO"
472840;2022-09-06;"terça-feira";"16:50:00";"TO";153;85,2;"WANDERLANDIA";"Demais falhas mecânicas ou elétricas";"Incêndio";"Sem Vítimas";"Anoitecer";"Crescente";"Céu Claro";"Simples";"Reta";"Não";2;0;0;0;1;1;0;2;-6,80449303;-48,006319;"SPRF-TO";"DEL02-TO";"UOP01-DEL02-TO"
472849;2022-09-06;"terça-feira";"20:00:00";"PR";163;163;"LINDOESTE";"Ingestão de álcool pelo condutor";"Colisão frontal";"Sem Vítimas";"Plena Noite";"Crescente";"Garoa/Chuvisco";"Simples";"Curva";"Não";3;0;0;0;2;2;0;4;-25,31300556;-53,58699122;"SPRF-PR";"DEL05-PR";"UOP05-DEL05-PR"
472854;2022-09-06;"terça-feira";"21:45:00";"SP";116;165;"JACAREI";"Reação tardia ou ineficiente do condutor";"Colisão traseira";"Com Vítimas Feridas";"Plena Noite";"Decrescente";"Céu Claro";"Múltipla";"Reta";"Não";3;0;0;1;1;1;1;3;-23,29650118;-46,00696564;"SPRF-SP";"DEL02-SP";"UOP01-DEL02-SP"
472855;2022-09-06;"terça-feira";"22:25:00";"MG";381;749;"TRES CORACOES";"Ausência de reação do condutor";"Colisão traseira";"Com Vítimas Feridas";"Plena Noite";"Decrescente";"Nublado";"Dupla";"Aclive";"Não";3;0;0;1;1;1;1;3;-21,66281681;-45,30798018;"SPRF-MG";"DEL16-MG";"UOP02-DEL16-MG"
472864;2022-09-06;"terça-feira";"20:50:00";"PR";376;530,6;"PONTA GROSSA";"Reação tardia ou ineficiente do condutor";"Colisão traseira";"Com Vítimas Feridas";"Plena Noite";"Decrescente";"Chuva";"Dupla";"Curva";"Não";3;0;0;1;1;2;1;4;-25,29866828;-49,89313245;"SPRF-PR";"DEL03-PR";"UOP01-DEL03-PR"
472882;2022-09-07;"quarta-feira";"02:00:00";"PA";163;626;"TRAIRAO";"Transitar na contramão";"Colisão frontal";"Com Vítimas Fatais";"Plena Noite";"Crescente";"Ignorado";"Simples";"Reta";"Sim";3;1;0;0;1;2;0;4;-4,69594486;-55,99082066;"SPRF-PA";"DEL05-PA";"UOP01-DEL05-PA"
472891;2022-09-07;"quarta-feira";"05:00:00";"TO";153;553;"OLIVEIRA DE FATIMA";"Obstrução na via";"Colisão com objeto";"Com Vítimas Feridas";"Plena Noite";"Crescente";"Céu Claro";"Simples";"Declive";"Não";1;0;1;0;0;0;1;1;-10,67611102;-48,90760829;"SPRF-TO";"DEL01-TO";"UOP01-DEL01-TO"
472892;2022-09-07;"quarta-feira";"04:40:00";"SC";101;333;"TUBARAO";"Pedestre andava na pista";"Atropelamento de Pedestre";"Com Vítimas Fatais";"Plena Noite";"Decrescente";"Nublado";"Dupla";"Curva";"Sim";3;1;0;0;1;1;0;3;-28,4674448;-49,0077866;"SPRF-SC";"DEL02-SC";"UOP01-DEL02-SC"
472900;2022-09-07;"quarta-feira";"06:30:00";"PR";376;666;"TIJUCAS DO SUL";"Ausência de reação do condutor";"Colisão lateral mesmo sentido";"Com Vítimas Feridas";"Pleno dia";"Crescente";"Nublado";"Múltipla";"Curva";"Não";4;0;1;0;2;1;1;3;-25,86037408;-48,95087256;"SPRF-PR";"DEL01-PR";"UOP04-DEL01-PR"
472912;2022-09-06;"terça-feira";"23:09:00";"MG";381;707,1;"NEPOMUCENO";"Velocidade Incompatível";"Tombamento";"Sem Vítimas";"Plena Noite";"Decrescente";"Céu Claro";"Dupla";"Curva;Declive";"Não";2;0;0;0;1;1;0;2;-21,33298717;-45,17102918;"SPRF-MG";"DEL04-MG";"UOP02-DEL04-MG"
472920;2022-09-06;"terça-feira";"22:30:00";"RJ";116;182;"NOVA IGUACU";"Manobra de mudança de faixa";"Colisão lateral mesmo sentido";"Com Vítimas Feridas";"Plena Noite";"Decrescente";"Céu Claro";"Dupla";"Reta";"Sim";3;0;1;0;1;1;1;2;-22,7567755;-43,43107234;"SPRF-RJ";"DEL01-RJ";"UOP02-DEL01-RJ"
472921;2022-09-07;"quarta-feira";"06:50:00";"MT";364;509;"JANGADA";"Ultrapassagem Indevida";"Colisão frontal";"Com Vítimas Feridas";"Pleno dia";"Decrescente";"Céu Claro";"Simples";"Reta";"Não";3;0;1;0;1;2;1;4;-15,18947216;-56,51524322;"SPRF-MT";"DEL01-MT";"UOP01-DEL01-MT"
472923;2022-09-07;"quarta-feira";"08:20:00";"CE";222;202,1;"FORQUILHA";"Velocidade Incompatível";"Tombamento";"Com Vítimas Fatais";"Pleno dia";"Crescente";"Céu Claro";"Simples";"Curva";"Não";2;1;0;0;0;1;0;2;-3,79695907;-40,21547705;"SPRF-CE";"DEL04-CE";"UOP01-DEL04-CE"
472926;2022-09-07;"quarta-feira";"05:15:00";"MA";316;438;"PERITORO";"Ausência de reação do condutor";"Tombamento";"Com Vítimas Feridas";"Amanhecer";"Decrescente";"Céu Claro";"Simples";"Curva";"Não";1;0;1;0;0;0;1;1;-4,420809;-44,224987;"SPRF-MA";"DEL03-MA";"UOP01-DEL03-MA"
472927;2022-09-07;"quarta-feira";"05:00:00";"SC";282;155;"BOM RETIRO";"Manobra de mudança de faixa";"Colisão lateral sentido oposto";"Com Vítimas Feridas";"Plena Noite";"Crescente";"Garoa/Chuvisco";"Simples";"Reta";"Não";3;0;0;1;1;1;1;3;-27,75168;-49,707371;"SPRF-SC";"DEL05-SC";"UOP01-DEL05-SC"
472936;2022-09-07;"quarta-feira";"10:30:00";"PR";116;102;"SAO JOSE DOS PINHAIS";"Reação tardia ou ineficiente do condutor";"Colisão traseira";"Com Vítimas Feridas";"Pleno dia";"Crescente";"Chuva";"Dupla";"Reta";"Sim";7;0;1;0;5;1;1;4;-25,56838177;-49,17883873;"SPRF-PR";"DEL01-PR";"UOP01-DEL01-PR"
472940;2022-09-07;"quarta-feira";"10:30:00";"MT";163;838;"SINOP";"Ultrapassagem Indevida";"Colisão transversal";"Com Vítimas Feridas";"Pleno dia";"Decrescente";"Céu Claro";"Simples";"Retorno Regulamentado;Reta";"Sim";3;0;0;1;1;1;1;3;-11,960007;-55,516914;"SPRF-MT";"DEL06-MT";"NPF/DEL06-MT"
472945;2022-09-07;"quarta-feira";"08:30:00";"MT";163;527,5;"DIAMANTINO";"Reação tardia ou ineficiente do condutor";"Colisão lateral mesmo sentido";"Com Vítimas Feridas";"Pleno dia";"Decrescente";"Céu Claro";"Simples";"Reta";"Não";3;0;1;0;1;3;1;5;-14,47470292;-56,16291107;"SPRF-MT";"DEL01-MT";"UOP01-DEL01-MT"
472961;2022-09-07;"quarta-feira";"14:45:00";"SP";116;546;"BARRA DO TURVO";"Reação tardia ou ineficiente do condutor";"Tombamento";"Com Vítimas Fatais";"Pleno dia";"Crescente";"Céu Claro";"Dupla";"Curva";"Não";4;1;1;0;1;1;1;3;-24,9470862;-48,43042095;"SPRF-SP";"DEL05-SP";"UOP02-DEL05-SP"
472966;2022-09-07;"quarta-feira";"17:10:00";"MG";116;721,2;"MURIAE";"Velocidade Incompatível";"Tombamento";"Com Vítimas Feridas";"Pleno dia";"Crescente";"Céu Claro";"Simples";"Curva";"Não";2;0;1;0;0;1;1;2;-21,23941057;-42,39307187;"SPRF-MG";"DEL07-MG";"UOP02-DEL07-MG"
472971;2022-09-07;"quarta-feira";"15:55:00";"MS";163;75,2;"ITAQUIRAI";"Transitar na contramão";"Colisão frontal";"Com Vítimas Fatais";"Pleno dia";"Decrescente";"Sol";"Simples";"Declive;Reta;Ponte";"Não";4;2;0;0;1;2;0;4;-23,499573;-54,186909;"SPRF-MS";"DEL09-MS";"UOP02-DEL09-MS"