"id";"data_inversa";"dia_semana";"horario";"uf";"br";"km";"municipio";"causa_acidente";"tipo_acidente";"classificacao_acidente";"fase_dia";"sentido_via";"condicao_metereologica";"tipo_pista";"tracado_via";"uso_solo";"pessoas";"mortos";"feridos_leves";"feridos_graves";"ilesos";"ignorados";"feridos";"veiculos";"latitude";"longitude";"regional";"delegacia";"uop"
473266;2022-09-09;"sexta-feira";"06:00:00";"SC";282;75;"RANCHO QUEIMADO";"Pista Escorregadia";"Saída de leito carroçável";"Com Vítimas Fatais";"Amanhecer";"Decrescente";"Chuva";"Simples";"Reta;Declive";"Não";6;1;1;0;3;2;1;4;-27,690931;-49,129143;"SPRF-SC";"DEL01-SC";"UOP03-DEL01-SC"
473267;2022-09-09;"sexta-feira";"08:30:00";"RS";472;154,7;"SANTA ROSA";"Demais falhas mecânicas ou elétricas";"Colisão frontal";"Com Vítimas Feridas";"Pleno dia";"Decrescente";"Sol";"Simples";"Reta";"Não";4;0;1;1;2;0;2;2;-27,82986472;-54,42373725;"SPRF-RS";"DEL10-RS";"UOP01-DEL10-RS"
473268;2022-09-09;"sexta-feira";"07:00:00";"MT";364;537;"JANGADA";"Reação tardia ou ineficiente do condutor";"Colisão lateral sentido oposto";"Com Vítimas Feridas";"Pleno dia";"Crescente";"Sol";"Simples";"Reta";"Não";4;0;0;1;1;4;1;6;-15,13868198;-56,52240032;"SPRF-MT";"DEL01-MT";"UOP01-DEL01-MT"
473275;2022-09-09;"sexta-feira";"08:10:00";"SC";470;122,5;"IBIRAMA";"Reação tardia ou ineficiente do condutor";"Colisão traseira";"Com Vítimas Feridas";"Pleno dia";"Crescente";"Chuva";"Simples";"Reta";"Não";4;0;1;0;2;1;1;4;-27,082176;-49,511818;"SPRF-SC";"DEL04-SC";"UOP02-DEL04-SC"
473276;2022-09-09;"sexta-feira";"08:00:00";"SC";163;72;"SAO MIGUEL DO OESTE";"Desrespeitar a preferência no cruzamento";"Colisão frontal";"Com Vítimas Feridas";"Pleno dia";"Decrescente";"Nublado";"Dupla";"Reta";"Sim";2;0;1;0;1;0;1;2;-26,71908804;-53,5157791;"SPRF-SC";"DEL07-SC";"UOP03-DEL07-SC"
473283;2022-09-09;"sexta-feira";"10:15:00";"SC";282;213,4;"LAGES";"Entrada inopinada do pedestre";"Atropelamento de Pedestre";"Com Vítimas Fatais";"Pleno dia";"Decrescente";"Céu Claro";"Simples";"Reta";"Sim";5;1;0;0;1;3;0;3;-27,7872198;-50,2669977;"SPRF-SC";"DEL05-SC";"UOP01-DEL05-SC"
473284;2022-09-07;"quarta-feira";"07:30:00";"BA";116;601;"IRAJUBA";"Ultrapassagem Indevida";"Colisão frontal";"Com Vítimas Feridas";"Pleno dia";"Crescente";"Céu Claro";"Simples";"Declive;Reta";"Não";7;0;2;0;4;1;2;3;-13,21447505;-40,02668493;"SPRF-BA";"DEL03-BA";"UOP02-DEL03-BA"
473288;2022-09-09;"sexta-feira";"10:02:00";"TO";153;177;"NOVA OLINDA";"Ultrapassagem Indevida";"Colisão lateral mesmo sentido";"Com Vítimas Feridas";"Pleno dia";"Crescente";"Céu Claro";"Simples";"Reta";"Não";3;0;1;0;2;0;1;2;-7,45461898;-48,37052606;"SPRF-TO";"DEL02-TO";"UOP01-DEL02-TO"
473292;2022-08-29;"segunda-feira";"22:00:00";"PR";476;315;"PAULO FRONTIN";"Velocidade Incompatível";"Saída de leito carroçável";"Com Vítimas Feridas";"Plena Noite";"Decrescente";"Céu Claro";"Simples";"Curva";"Não";1;0;1;0;0;0;1;1;-26,034035;-50,698009;"SPRF-PR";"DEL02-PR";"UOP04-DEL02-PR"
473304;2022-09-09;"sexta-feira";"12:45:00";"GO";60;74,7;"ANAPOLIS";"Fumaça";"Colisão traseira";"Com Vítimas Feridas";"Pleno dia";"Decrescente";"Céu Claro";"Dupla";"Declive";"Não";7;0;4;0;2;1;4;4;-16,2759;-48,7774;"SPRF-GO";"DEL02-GO";"UOP01-DEL02-GO"
473308;2022-09-09;"sexta-feira";"12:45:00";"BA";324;545;"AMELIA RODRIGUES";"Reação tardia ou ineficiente do condutor";"Colisão lateral mesmo sentido";"Sem Vítimas";"Pleno dia";"Crescente";"Céu Claro";"Dupla";"Reta;Aclive";"Não";3;0;0;0;2;3;0;5;-12,40647;-38,753143;"SPRF-BA";"DEL01-BA";"UOP03-DEL01-BA"
473309;2022-08-29;"segunda-feira";"08:20:00";"PR";376;350;"ORTIGUEIRA";"Demais falhas mecânicas ou elétricas";"Colisão com objeto";"Com Vítimas Feridas";"Pleno dia";"Crescente";"Céu Claro";"Dupla";"Reta";"Não";4;0;2;0;1;1;2;2;-24,20679972;-50,94401121;"SPRF-PR";"DEL07-PR";"UOP02-DEL07-PR"
473311;2022-09-09;"sexta-feira";"13:10:00";"MG";381;480;"CONTAGEM";"Manobra de mudança de faixa";"Colisão traseira";"Com Vítimas Feridas";"Pleno dia";"Decrescente";"Céu Claro";"Múltipla";"Reta;Aclive";"Sim";2;0;1;0;0;1;1;2;-19,95749597;-44,07899901;"SPRF-MG";"DEL01-MG";"UOP03-DEL01-MG"
473313;2022-09-09;"sexta-feira";"09:00:00";"RO";364;476;"ARIQUEMES";"Manobra de mudança de faixa";"Colisão lateral mesmo sentido";"Com Vítimas Feridas";"Pleno dia";"Crescente";"Nublado";"Simples";"Reta";"Não";5;0;4;0;0;1;4;2;-10,16004307;-62,83555811;"SPRF-RO";"DEL03-RO";"UOP01-DEL03-RO"
473314;2022-09-09;"sexta-feira";"14:00:00";"PA";308;158;"CAPANEMA";"Avarias e/ou desgaste excessivo no pneu";"Colisão frontal";"Com Vítimas Fatais";"Pleno dia";"Crescente";"Céu Claro";"Simples";"Declive;Reta";"Não";4;3;0;0;1;0;0;2;-1,21105939;-47,12313599;"SPRF-PA";"DEL01-PA";"UOP03-DEL01-PA"
473315;2022-09-09;"sexta-feira";"13:50:00";"MG";251;472,2;"FRANCISCO SA";"Velocidade Incompatível";"Tombamento";"Com Vítimas Feridas";"Pleno dia";"Crescente";"Sol";"Simples";"Declive;Curva";"Não";2;0;0;1;0;1;1;2;-16,47012768;-43,44753404;"SPRF-MG";"DEL12-MG";"UOP01-DEL12-MG"
473318;2022-08-25;"quinta-feira";"00:03:00";"PR";116;30,9;"CAMPINA GRANDE DO SUL";"Reação tardia ou ineficiente do condutor";"Colisão traseira";"Com Vítimas Feridas";"Plena Noite";"Crescente";"Ignorado";"Dupla";"Reta";"Não";3;0;0;1;1;2;1;4;-25,10003092;-48,82089801;"SPRF-PR";"DEL01-PR";"UOP02-DEL01-PR"
473319;2022-09-09;"sexta-feira";"11:00:00";"AC";364;198;"BUJARI";"Condutor Dormindo";"Saída de leito carroçável";"Com Vítimas Feridas";"Pleno dia";"Crescente";"Céu Claro";"Simples";"Reta";"Não";2;0;1;0;0;1;1;2;-9,60474674;-68,25172069;"SPRF-AC";"DEL01-AC";"UOP01-DEL01-AC"
473326;2022-09-09;"sexta-feira";"14:50:00";"RS";158;264,4;"JULIO DE CASTILHOS";"Desrespeitar a preferência no cruzamento";"Colisão frontal";"Com Vítimas Feridas";"Pleno dia";"Crescente";"Chuva";"Simples";"Reta";"Sim";4;0;0;1;2;2;1;5;-29,23801835;-53,66567016;"SPRF-RS";"DEL09-RS";"UOP01-DEL09-RS"
473329;2022-07-20;"quarta-feira";"02:51:00";"PI";343;337;"TERESINA";"Condutor deixou de manter distância do veículo da frente";"Colisão traseira";"Com Vítimas Feridas";"Plena Noite";"Decrescente";"Céu Claro";"Simples";"Reta";"Sim";2;0;0;1;0;1;1;2;-5,063362;-42,722912;"SPRF-PI";"DEL01-PI";"UOP01-DEL01-PI"
473330;2022-09-09;"sexta-feira";"15:19:00";"SP";153;99,2;"JOSE BONIFACIO";"Conversão proibida";"Colisão transversal";"Com Vítimas Feridas";"Pleno dia";"Crescente";"Céu Claro";"Simples";"Reta";"Não";3;0;1;0;1;1;1;3;-20,99894814;-49,6292216;"SPRF-SP";"DEL09-SP";"UOP01-DEL09-SP"
473332;2022-09-09;"sexta-feira";"15:30:00";"TO";153;154;"ARAGUAINA";"Ultrapassagem Indevida";"Colisão frontal";"Com Vítimas Fatais";"Pleno dia";"Crescente";"Céu Claro";"Simples";"Reta";"Sim";4;1;0;1;2;0;1;2;-7,27973969;-48,27188825;"SPRF-TO";"DEL02-TO";"UOP01-DEL02-TO"
473340;2022-09-09;"sexta-feira";"10:27:00";"RO";435;121,9;"CEREJEIRAS";"Acessar a via sem observar a presença dos outros veículos";"Colisão transversal";"Com Vítimas Feridas";"Pleno dia";"Crescente";"Céu Claro";"Dupla";"Reta";"Sim";2;0;1;0;1;0;1;2;-13,188953;-60,809523;"SPRF-RO";"DEL04-RO";"UOP02-DEL04-RO"
473341;2022-09-09;"sexta-feira";"14:27:00";"MG";381;699,9;"LAVRAS";"Manobra de mudança de faixa";"Colisão traseira";"Com Vítimas Feridas";"Pleno dia";"Decrescente";"Céu Claro";"Dupla";"Reta;Aclive";"Não";3;0;1;0;1;1;1;3;-21,281911;-45,13998;"SPRF-MG";"DEL04-MG";"UOP02-DEL04-MG"
473346;2022-09-09;"sexta-feira";"15:55:00";"SP";116;411;"JUQUIA";"Demais falhas mecânicas ou elétricas";"Derramamento de carga";"Com Vítimas Feridas";"Pleno dia";"Crescente";"Céu Claro";"Múltipla";"Reta";"Não";7;0;1;0;3;3;1;4;-24,33308537;-47,60360609;"SPRF-SP";"DEL05-SP";"UOP01-DEL05-SP"
473349;2022-09-09;"sexta-feira";"14:00:00";"MA";135;10;"SAO LUIS";"Manobra de mudança de faixa";"Colisão lateral mesmo sentido";"Sem Vítimas";"Pleno dia";"Decrescente";"Chuva";"Dupla";"Reta";"Sim";3;0;0;0;2;2;0;4;-2,655912;-44,28629098;"SPRF-MA";"DEL01-MA";"UOP01-DEL01-MA"
473361;2022-09-09;"sexta-feira";"18:20:00";"SP";116;140;"SAO JOSE DOS CAMPOS";"Manobra de mudança de faixa";"Colisão traseira";"Com Vítimas Feridas";"Plena Noite";"Crescente";"Nublado";"Dupla";"Reta";"Sim";3;0;0;1;1;1;1;3;-23,16577714;-45,81246193;"SPRF-SP";"DEL02-SP";"UOP01-DEL02-SP"
473381;2022-09-09;"sexta-feira";"15:00:00";"PE";407;122;"PETROLINA";"Conversão proibida";"Colisão transversal";"Com Vítimas Fatais";"Pleno dia";"Decrescente";"Céu Claro";"Simples";"Reta";"Sim";3;1;0;1;0;1;1;2;-9,35368726;-40,55051642;"SPRF-PE";"DEL06-PE";"UOP01-DEL06-PE"
473386;2022-09-09;"sexta-feira";"16:15:00";"MG";381;196,5;"PERIQUITO";"Ausência de reação do condutor";"Colisão lateral sentido oposto";"Com Vítimas Feridas";"Pleno dia";"Decrescente";"Céu Claro";"Simples";"Reta";"Não";5;0;0;2;2;1;2;4;-19,14485403;-42,22899998;"SPRF-MG";"DEL06-MG";"UOP01-DEL06-MG"
473389;2022-09-09;"sexta-feira";"19:30:00";"SE";101;23;"MALHADA DOS BOIS";"Acessar a via sem observar a presença dos outros veículos";"Colisão transversal";"Com Vítimas Feridas";"Plena Noite";"Crescente";"Chuva";"Dupla";"Reta";"Não";2;0;1;0;1;0;1;2;-10,383584;-36,915659;"SPRF-SE";"DEL02-SE";"UOP02-DEL02-SE"
473390;2022-09-09;"sexta-feira";"20:00:00";"PE";101;77,9;"RECIFE";"Condutor usando celular";"Colisão transversal";"Com Vítimas Feridas";"Plena Noite";"Decrescente";"Céu Claro";"Dupla";"Reta";"Sim";3;0;1;0;1;1;1;3;-8,126982;-34,94386;"SPRF-PE";"DEL01-PE";"UOP01-DEL01-PE"
473391;2022-09-09;"sexta-feira";"20:00:00";"PR";277;68;"SAO JOSE DOS PINHAIS";"Velocidade Incompatível";"Colisão com objeto";"Sem Vítimas";"Plena Noite";"Crescente";"Céu Claro";"Dupla";"Reta";"Não";2;0;0;0;1;1;0;2;-25,5250487;-49,09761071;"SPRF-PR";"DEL01-PR";"UOP01-DEL01-PR"
473394;2022-09-09;"sexta-feira";"20:00:00";"PA";230;129,2;"MARABA";"Ausência de reação do condutor";"Tombamento";"Com Vítimas Fatais";"Plena Noite";"Decrescente";"Céu Claro";"Simples";"Reta;Aclive";"Não";4;1;0;0;0;3;0;4;-5,3718815;-49,17587792;"SPRF-PA";"DEL03-PA";"UOP01-DEL03-PA"
473396;2022-08-11;"quinta-feira";"07:20:00";"MG";153;94,1;"PRATA";"Reação tardia ou ineficiente do condutor";"Saída de leito carroçável";"Com Vítimas Feridas";"Pleno dia";"Crescente";"Céu Claro";"Simples";"Reta";"Não";3;0;1;0;0;3;1;4;-19,17736794;-48,95075187;"SPRF-MG";"DEL15-MG";"UOP03-DEL15-MG"
473401;2022-09-09;"sexta-feira";"21:00:00";"MG";381;507;"SAO JOAQUIM DE BICAS";"Ausência de reação do condutor";"Colisão com objeto";"Sem Vítimas";"Plena Noite";"Crescente";"Céu Claro";"Dupla";"Reta";"Sim";3;0;0;0;2;1;0;3;-20,05643192;-44,28663308;"SPRF-MG";"DEL01-MG";"UOP03-DEL01-MG"
473402;2022-09-09;"sexta-feira";"21:30:00";"RJ";116;274,5;"BARRA MANSA";"Ingestão de álcool pelo condutor";"Tombamento";"Com Vítimas Feridas";"Plena Noite";"Decrescente";"Céu Claro";"Dupla";"Reta";"Sim";2;0;1;0;0;1;1;2;-22,56207185;-44,15671311;"SPRF-RJ";"DEL07-RJ";"UOP02-DEL07-RJ"
473405;2022-09-09;"sexta-feira";"21:45:00";"SP";116;45;"LORENA";"Reação tardia ou ineficiente do condutor";"Colisão traseira";"Com Vítimas Feridas";"Plena Noite";"Decrescente";"Céu Claro";"Dupla";"Reta";"Não";2;0;1;0;1;0;1;2;-22,70843505;-45,04559397;"SPRF-SP";"DEL08-SP";"UOP02-DEL08-SP"
473407;2022-09-09;"sexta-feira";"16:45:00";"SC";116;71,9;"MONTE CASTELO";"Condutor deixou de manter distância do veículo da frente";"Colisão traseira";"Com Vítimas Feridas";"Pleno dia";"Decrescente";"Céu Claro";"Simples";"Aclive";"Não";3;0;0;1;1;1;1;3;-26,47804399;-50,23238915;"SPRF-SC";"DEL06-SC";"UOP02-DEL06-SC"
473413;2022-09-09;"sexta-feira";"18:00:00";"GO";70;472;"ARAGARCAS";"Trafegar com motocicleta (ou similar) entre as faixas";"Queda de ocupante de veículo";"Com Vítimas Feridas";"Anoitecer";"Crescente";"Céu Claro";"Dupla";"Reta";"Sim";3;0;0;1;1;1;1;3;-15,89719947;-52,23561287;"SPRF-GO";"DEL04-GO";"UOP01-DEL04-GO"
473416;2022-09-09;"sexta-feira";"23:15:00";"PR";153;352;"REBOUCAS";"Ingestão de álcool pelo condutor";"Saída de leito carroçável";"Sem Vítimas";"Plena Noite";"Crescente";"Garoa/Chuvisco";"Simples";"Reta";"Não";1;0;0;0;1;0;0;1;-25,6240101;-50,70976188;"SPRF-PR";"DEL08-PR";"UOP02-DEL08-PR"
473418;2022-09-09;"sexta-feira";"20:30:00";"GO";153;284;"NOVA GLORIA";"Condutor usando celular";"Colisão traseira";"Com Vítimas Feridas";"Plena Noite";"Crescente";"Céu Claro";"Simples";"Declive;Reta";"Sim";3;0;1;0;1;2;1;4;-15,162119;-49,5406;"SPRF-GO";"DEL07-GO";"UOP02-DEL07-GO"
473419;2022-09-10;"sábado";"00:10:00";"MG";262;450,9;"NOVA SERRANA";"Condutor deixou de manter distância do veículo da frente";"Colisão lateral sentido oposto";"Com Vítimas Feridas";"Plena Noite";"Decrescente";"Céu Claro";"Simples";"Aclive;Reta";"Não";5;0;1;2;1;1;3;4;-19,86755552;-44,9889018;"SPRF-MG";"DEL08-MG";"UOP03-DEL08-MG"
473425;2022-09-10;"sábado";"02:50:00";"PR";116;98;"SAO JOSE DOS PINHAIS";"Velocidade Incompatível";"Colisão traseira";"Sem Vítimas";"Plena Noite";"Crescente";"Céu Claro";"Dupla";"Reta";"Não";2;0;0;0;2;0;0;2;-25,51973222;-49,13431573;"SPRF-PR";"DEL01-PR";"UOP01-DEL01-PR"
473427;2022-09-10;"sábado";"02:45:00";"SP";116;64,4;"GUARATINGUETA";"Carga excessiva e/ou mal acondicionada";"Derramamento de carga";"Sem Vítimas";"Plena Noite";"Decrescente";"Céu Claro";"Dupla";"Reta";"Sim";2;0;0;0;1;1;0;2;-22,81942006;-45,18421298;"SPRF-SP";"DEL08-SP";"UOP01-DEL08-SP"
473429;2022-09-10;"sábado";"03:50:00";"RS";116;241;"SAO LEOPOLDO";"Ausência de reação do condutor";"Colisão traseira";"Sem Vítimas";"Plena Noite";"Decrescente";"Céu Claro";"Dupla";"Aclive";"Sim";7;0;0;0;5;2;0;3;-29,72037109;-51,14828825;"SPRF-RS";"DEL01-RS";"UOP02-DEL01-RS"
473440;2022-09-10;"sábado";"02:30:00";"SC";101;77,5;"ARAQUARI";"Ausência de reação do condutor";"Colisão traseira";"Com Vítimas Fatais";"Plena Noite";"Decrescente";"Chuva";"Dupla";"Curva";"Sim";3;1;0;0;1;1;0;3;-26,577618;-48,7224401;"SPRF-SC";"DEL03-SC";"UOP02-DEL03-SC"
473442;2022-09-10;"sábado";"05:20:00";"SP";381;41,5;"ATIBAIA";"Entrada inopinada do pedestre";"Atropelamento de Pedestre";"Com Vítimas Fatais";"Amanhecer";"Crescente";"Céu Claro";"Dupla";"Declive;Reta";"Não";3;1;0;0;2;0;0;2;-23,13863999;-46,57584088;"SPRF-SP";"DEL03-SP";"UOP01-DEL03-SP"
473444;2022-09-10;"sábado";"05:45:00";"RS";101;9;"TORRES";"Ausência de reação do condutor";"Capotamento";"Com Vítimas Feridas";"Pleno dia";"Decrescente";"Céu Claro";"Dupla";"Reta";"Sim";2;0;0;1;1;0;1;2;-29,36685801;-49,81514399;"SPRF-RS";"DEL03-RS";"UOP02-DEL03-RS"
473446;2022-09-10;"sábado";"06:20:00";"PE";232;68;"GRAVATA";"Demais falhas mecânicas ou elétricas";"Colisão com objeto";"Com Vítimas Feridas";"Pleno dia";"Decrescente";"Nublado";"Dupla";"Declive;Curva";"Não";1;0;1;0;0;0;1;1;-8,176922;-35,478498;"SPRF-PE";"DEL02-PE";"UOP02-DEL02PE"
473451;2022-09-10;"sábado";"04:30:00";"RO";364;382,2;"OURO PRETO DO OESTE";"Transitar na contramão";"Colisão frontal";"Com Vítimas Fatais";"Plena Noite";"Crescente";"Céu Claro";"Simples";"Curva";"Não";4;1;0;1;1;2;1;4;-10,72605374;-62,23652595;"SPRF-RO";"DEL02-RO";"UOP01-DEL02-RO"
473452;2022-09-09;"sexta-feira";"21:15:00";"MT";364;1235;"COMODORO";"Acostamento em desnível";"Tombamento";"Sem Vítimas";"Plena Noite";"Crescente";"Nublado";"Simples";"Reta";"Não";2;0;0;0;1;3;0;4;-13,81534705;-59,6400421;"SPRF-MT";"DEL04-MT";"UOP01-DEL04-MT"
473460;2022-09-10;"sábado";"06:50:00";"BA";20;157;"CORRENTINA";"Reação tardia ou ineficiente do condutor";"Colisão frontal";"Com Vítimas Feridas";"Pleno dia";"Decrescente";"Céu Claro";"Simples";"Reta";"Não";4;0;0;1;2;3;1;6;-14,009943;-46,211913;"SPRF-BA";"DEL10-BA";"UOP01-DEL10-BA"
473461;2022-09-10;"sábado";"07:50:00";"SP";116;408;"JUQUIA";"Carga excessiva e/ou mal acondicionada";"Derramamento de carga";"Com Vítimas Feridas";"Pleno dia";"Decrescente";"Céu Claro";"Dupla";"Reta";"Não";2;0;1;0;1;0;1;2;-24,32873462;-47,57541707;"SPRF-SP";"DEL05-SP";"UOP01-DEL05-SP"
473464;2022-09-10;"sábado";"06:15:00";"MT";364;332;"SANTO ANTONIO DO LEVERGER";"Curva acentuada";"Saída de leito carroçável";"Com Vítimas Feridas";"Amanhecer";"Crescente";"Céu Claro";"Dupla";"Curva";"Não";2;0;1;0;0;2;1;3;-15,82506773;-55,42827212;"SPRF-MT";"DEL05-MT";"UOP02-DEL05-MT"
473478;2022-09-10;"sábado";"06:10:00";"DF";251;45;"BRASILIA";"Avarias e/ou desgaste excessivo no pneu";"Colisão transversal";"Com Vítimas Fatais";"Pleno dia";"Crescente";"Céu Claro";"Simples";"Reta";"Não";3;1;0;0;2;0;0;2;-15,946664;-47,840978;"SPRF-DF";"DEL01-DF";"UOP01-DEL01-DF"
473480;2022-09-10;"sábado";"10:00:00";"MG";251;472,3;"FRANCISCO SA";"Ausência de reação do condutor";"Colisão lateral mesmo sentido";"Sem Vítimas";"Pleno dia";"Crescente";"Céu Claro";"Simples";"Curva;Aclive";"Não";3;0;0;0;2;1;0;3;-16,4669101;-43,43947986;"SPRF-MG";"DEL12-MG";"UOP01-DEL12-MG"
473490;2022-09-10;"sábado";"11:10:00";"MG";40;559,5;"NOVA LIMA";"Ausência de reação do condutor";"Colisão traseira";"Com Vítimas Feridas";"Pleno dia";"Decrescente";"Céu Claro";"Dupla";"Reta";"Não";3;0;1;1;1;0;2;2;-20,11861708;-43,96783926;"SPRF-MG";"DEL01-MG";"UOP02-DEL01-MG"
473496;2022-09-10;"sábado";"09:45:00";"RS";386;32,5;"FREDERICO WESTPHALEN";"Demais falhas mecânicas ou elétricas";"Eventos atípicos";"Com Vítimas Feridas";"Pleno dia";"Crescente";"Céu Claro";"Simples";"Reta";"Sim";3;0;1;0;1;1;1;3;-27,341396;-53,387527;"SPRF-RS";"DEL08-RS";"UOP02-DEL08-RS"
473498;2022-09-10;"sábado";"12:00:00";"MG";50;187,3;"UBERABA";"Condutor usando celular";"Saída de leito carroçável";"Com Vítimas Feridas";"Pleno dia";"Decrescente";"Sol";"Dupla";"Reta";"Não";3;0;1;0;1;1;1;3;-19,83290398;-47,88516697;"SPRF-MG";"DEL13-MG";"UOP01-DEL13-MG"
473500;2022-09-10;"sábado";"12:18:00";"AL";101;176;"TEOTONIO VILELA";"Entrada inopinada do pedestre";"Atropelamento de Pedestre";"Com Vítimas Fatais";"Pleno dia";"Decrescente";"Nublado";"Dupla";"Reta";"Sim";2;1;0;0;0;1;0;2;-9,89398192;-36,37454896;"SPRF-AL";"DEL02-AL";"UOP02-DEL02-AL"
473501;2022-09-10;"sábado";"12:00:00";"CE";116;6;"FORTALEZA";"Reação tardia ou ineficiente do condutor";"Colisão traseira";"Com Vítimas Feridas";"Pleno dia";"Crescente";"Céu Claro";"Dupla";"Reta";"Sim";2;0;1;0;1;0;1;2;-3,802624;-38,50400499;"SPRF-CE";"DEL01-CE";"UOP02-DEL01-CE"
473503;2022-09-10;"sábado";"12:30:00";"RJ";493;109;"SEROPEDICA";"Demais falhas mecânicas ou elétricas";"Incêndio";"Sem Vítimas";"Pleno dia";"Crescente";"Céu Claro";"Dupla";"Reta";"Não";2;0;0;0;2;0;0;1;-22,79220193;-43,7815124;"SPRF-RJ";"DEL03-RJ";"UOP01-DEL03-RJ"
473506;2022-09-10;"sábado";"11:00:00";"SC";280;38;"ARAQUARI";"Ultrapassagem Indevida";"Colisão lateral mesmo sentido";"Com Vítimas Feridas";"Pleno dia";"Decrescente";"Chuva";"Simples";"Reta";"Não";2;0;1;0;0;1;1;2;-26,44812855;-48,82794004;"SPRF-SC";"DEL03-SC";"UOP03-DEL03-SC"
473510;2022-09-10;"sábado";"12:20:00";"ES";262;17,1;"VIANA";"Ausência de reação do condutor";"Colisão lateral sentido oposto";"Sem Vítimas";"Pleno dia";"Crescente";"Céu Claro";"Simples";"Reta";"Sim";3;0;0;0;2;1;0;3;-20,38671038;-40,47361135;"SPRF-ES";"DEL01-ES";"UOP01-DEL01-ES"
473513;2022-08-29;"segunda-feira";"20:00:00";"PR";116;82;"PIRAQUARA";"Demais falhas mecânicas ou elétricas";"Colisão traseira";"Com Vítimas Feridas";"Plena Noite";"Decrescente";"Céu Claro";"Dupla";"Reta";"Sim";3;0;0;2;1;0;2;2;-25,41529716;-49,0678198;"SPRF-PR";"DEL01-PR";"UOP02-DEL01-PR"
473514;2022-09-10;"sábado";"14:20:00";"MG";262;545,6;"LUZ";"Demais falhas mecânicas ou elétricas";"Incêndio";"Sem Vítimas";"Pleno dia";"Decrescente";"Céu Claro";"Simples";"Reta";"Não";1;0;0;0;1;0;0;1;-19,74135904;-45,84378401;"SPRF-MG";"DEL08-MG";"UOP02-DEL08-MG"
473516;2022-09-10;"sábado";"12:20:00";"BA";101;925,8;"NOVA VICOSA";"Ultrapassagem Indevida";"Colisão frontal";"Com Vítimas Feridas";"Pleno dia";"Crescente";"Céu Claro";"Simples";"Reta";"Não";3;0;0;1;2;0;1;3;-17,931848;-39,840821;"SPRF-BA";"DEL09-BA";"UOP02-DEL09-BA"
473521;2022-09-10;"sábado";"04:30:00";"CE";116;512,4;"BREJO SANTO";"Demais falhas na via";"Tombamento";"Sem Vítimas";"Amanhecer";"Crescente";"Céu Claro";"Simples";"Reta";"Não";2;0;0;0;1;1;0;2;-7,53998719;-39,01103988;"SPRF-CE";"DEL05-CE";"UOP03-DEL05-CE"
473524;2022-09-10;"sábado";"12:40:00";"MG";40;712,4;"BARBACENA";"Velocidade Incompatível";"Colisão com objeto";"Com Vítimas Feridas";"Pleno dia";"Crescente";"Céu Claro";"Dupla";"Aclive;Curva";"Não";1;0;1;0;0;0;1;1;-21,25019651;-43,66509903;"SPRF-MG";"DEL05-MG";"UOP02-DEL05-MG"
473529;2022-09-10;"sábado";"13:00:00";"MT";70;508;"CUIABA";"Transitar na contramão";"Colisão lateral sentido oposto";"Sem Vítimas";"Pleno dia";"Crescente";"Céu Claro";"Simples";"Reta";"Não";3;0;0;0;2;5;0;7;-15,69700382;-56,08752251;"SPRF-MT";"DEL01-MT";"UOP02-DEL01-MT"
473531;2022-09-10;"sábado";"14:45:00";"RS";285;455,4;"IJUI";"Desrespeitar a preferência no cruzamento";"Colisão transversal";"Com Vítimas Feridas";"Pleno dia";"Decrescente";"Sol";"Simples";"Interseção de Vias;Rotatória";"Sim";4;0;2;0;1;1;2;3;-28,38441575;-53,88720989;"SPRF-RS";"DEL10-RS";"UOP01-DEL10-RS"
473542;2022-09-10;"sábado";"14:50:00";"PI";230;166,2;"SAO JOAO DA VARJOTA";"Reação tardia ou ineficiente do condutor";"Colisão com objeto";"Sem Vítimas";"Pleno dia";"Decrescente";"Céu Claro";"Simples";"Aclive";"Não";3;0;0;0;3;0;0;2;-6,92870595;-41,86789979;"SPRF-PI";"DEL04-PI";"UOP01-DEL04-PI"
473543;2022-09-10;"sábado";"15:40:00";"MG";381;808,3;"CAREACU";"Ausência de reação do condutor";"Colisão lateral mesmo sentido";"Com Vítimas Feridas";"Pleno dia";"Decrescente";"Céu Claro";"Dupla";"Reta";"Não";5;0;1;0;3;1;1;3;-21,987037;-45,657102;"SPRF-MG";"DEL16-MG";"UOP02-DEL16-MG"
473544;2022-09-10;"sábado";"15:33:00";"MS";163;598;"SAO GABRIEL DO OESTE";"Mal súbito do condutor";"Colisão traseira";"Com Vítimas Feridas";"Pleno dia";"Decrescente";"Céu Claro";"Dupla";"Reta";"Não";3;0;1;0;1;1;1;3;-19,51826916;-54,46698123;"SPRF-MS";"DEL06-MS";"UOP02-DEL06-MS"
473563;2022-09-10;"sábado";"18:00:00";"PB";101;83,8;"BAYEUX";"Acumulo de areia ou detritos sobre o pavimento";"Colisão com objeto";"Com Vítimas Feridas";"Anoitecer";"Crescente";"Céu Claro";"Dupla";"Reta";"Sim";2;0;1;0;1;0;1;2;-7,1337703;-34,92963914;"SPRF-PB";"DEL01-PB";"UOP01-DEL01-PB"
473565;2022-09-10;"sábado";"16:45:00";"RS";285;138;"MUITOS CAPOES";"Frear bruscamente";"Saída de leito carroçável";"Com Vítimas Feridas";"Pleno dia";"Crescente";"Céu Claro";"Simples";"Reta";"Não";2;0;1;0;1;0;1;1;-28,403036;-51,04961;"SPRF-RS";"DEL05-RS";"UOP03-DEL05-RS"