"id";"data_inversa";"dia_semana";"horario";"uf";"br";"km";"municipio";"causa_acidente";"tipo_acidente";"classificacao_acidente";"fase_dia";"sentido_via";"condicao_metereologica";"tipo_pista";"tracado_via";"uso_solo";"pessoas";"mortos";"feridos_leves";"feridos_graves";"ilesos";"ignorados";"feridos";"veiculos";"latitude";"longitude";"regional";"delegacia";"uop"
474035;2022-09-12;"segunda-feira";"16:50:00";"PR";376;507;"PONTA GROSSA";"Acumulo de água sobre o pavimento";"Colisão lateral mesmo sentido";"Com Vítimas Feridas";"Pleno dia";"Decrescente";"Chuva";"Dupla";"Reta";"Não";3;0;1;0;1;1;1;3;-25,24704785;-50,02183083;"SPRF-PR";"DEL03-PR";"UOP01-DEL03-PR"
474036;2022-05-25;"quarta-feira";"19:00:00";"MG";365;626,5;"UBERLANDIA";"Objeto estático sobre o leito carroçável";"Colisão com objeto";"Com Vítimas Feridas";"Plena Noite";"Crescente";"Ignorado";"Dupla";"Aclive";"Sim";3;0;1;1;1;0;2;3;-18,908559;-48,311709;"SPRF-MG";"DEL15-MG";"UOP01-DEL15-MG"
474046;2022-09-12;"segunda-feira";"20:35:00";"SC";101;33;"JOINVILLE";"Condutor deixou de manter distância do veículo da frente";"Colisão traseira";"Com Vítimas Feridas";"Plena Noite";"Decrescente";"Chuva";"Dupla";"Viaduto";"Sim";4;0;2;0;1;1;2;3;-26,25644635;-48,90460243;"SPRF-SC";"DEL03-SC";"UOP01-DEL03-SC"
474050;2022-09-12;"segunda-feira";"21:30:00";"MG";116;712,4;"MURIAE";"Curva acentuada";"Saída de leito carroçável";"Com Vítimas Feridas";"Pleno dia";"Decrescente";"Céu Claro";"Simples";"Curva";"Não";1;0;1;0;0;0;1;1;-21,19049794;-42,3684161;"SPRF-MG";"DEL07-MG";"UOP02-DEL07-MG"
474051;2022-09-12;"segunda-feira";"21:20:00";"RJ";116;282;"BARRA MANSA";"Ingestão de álcool pelo condutor";"Colisão lateral mesmo sentido";"Sem Vítimas";"Plena Noite";"Crescente";"Chuva";"Dupla";"Reta";"Não";3;0;0;0;2;1;0;3;-22,52405173;-44,20072574;"SPRF-RJ";"DEL07-RJ";"UOP02-DEL07-RJ"
474052;2022-09-12;"segunda-feira";"19:20:00";"PR";376;371;"ARAPOTI";"Manobra de mudança de faixa";"Colisão lateral mesmo sentido";"Com Vítimas Feridas";"Plena Noite";"Decrescente";"Céu Claro";"Dupla";"Curva";"Não";3;0;1;0;1;1;1;3;-24;-50;"SPRF-PR";"DEL07-PR";"UOP02-DEL07-PR"
474074;2022-09-12;"segunda-feira";"20:30:00";"SC";282;213;"LAGES";"Transitar na contramão";"Colisão lateral sentido oposto";"Com Vítimas Feridas";"Plena Noite";"Crescente";"Chuva";"Simples";"Reta";"Sim";10;0;4;0;5;1;4;4;-27,785299;-50,261921;"SPRF-SC";"DEL05-SC";"UOP01-DEL05-SC"
474080;2022-09-12;"segunda-feira";"20:54:00";"RO";364;363,3;"OURO PRETO DO OESTE";"Transitar na contramão";"Colisão lateral sentido oposto";"Com Vítimas Feridas";"Plena Noite";"Decrescente";"Nublado";"Simples";"Reta;Aclive";"Não";4;0;0;1;2;2;1;5;-10,77534003;-62,083405;"SPRF-RO";"DEL02-RO";"UOP01-DEL02-RO"
474082;2022-09-13;"terça-feira";"00:05:00";"BA";367;82;"EUNAPOLIS";"Transitar na contramão";"Colisão frontal";"Com Vítimas Fatais";"Plena Noite";"Decrescente";"Nublado";"Simples";"Reta";"Sim";4;1;0;0;3;0;0;2;-16,37205962;-39,56163401;"SPRF-BA";"DEL09-BA";"UOP03-DEL09-BA"
474083;2022-09-12;"segunda-feira";"21:15:00";"MT";364;349;"SANTO ANTONIO DO LEVERGER";"Demais falhas mecânicas ou elétricas";"Saída de leito carroçável";"Com Vítimas Feridas";"Plena Noite";"Decrescente";"Céu Claro";"Dupla";"Aclive";"Não";2;0;1;0;1;0;1;1;-15,80289;-55,563751;"SPRF-MT";"DEL05-MT";"UOP02-DEL05-MT"
474085;2022-09-13;"terça-feira";"01:25:00";"PR";376;631,2;"SAO JOSE DOS PINHAIS";"Manobra de mudança de faixa";"Saída de leito carroçável";"Com Vítimas Feridas";"Plena Noite";"Decrescente";"Garoa/Chuvisco";"Dupla";"Reta";"Sim";2;0;0;1;0;1;1;2;-25,713047;-49,1399259;"SPRF-PR";"DEL01-PR";"UOP04-DEL01-PR"
474089;2022-09-12;"segunda-feira";"22:10:00";"RO";364;804;"PORTO VELHO";"Manobra de mudança de faixa";"Colisão frontal";"Com Vítimas Fatais";"Plena Noite";"Decrescente";"Céu Claro";"Simples";"Reta";"Não";3;1;0;0;1;2;0;4;-9,25821072;-64,43092606;"SPRF-RO";"DEL01-RO";"UOP02-DEL01-RO"
474092;2022-09-13;"terça-feira";"04:35:00";"BA";324;486;"FEIRA DE SANTANA";"Condutor Dormindo";"Saída de leito carroçável";"Com Vítimas Feridas";"Plena Noite";"Crescente";"Céu Claro";"Simples";"Curva";"Não";1;0;1;0;0;0;1;1;-12,0350776;-39,01463596;"SPRF-BA";"DEL02-BA";"UOP01-DEL02-BA"
474096;2022-09-13;"terça-feira";"04:00:00";"BA";407;4;"JUAZEIRO";"Condutor Dormindo";"Colisão lateral sentido oposto";"Sem Vítimas";"Amanhecer";"Crescente";"Céu Claro";"Simples";"Reta";"Sim";3;0;0;0;2;1;0;3;-9,44244722;-40,49289107;"SPRF-PE";"DEL06-PE";"UOP01-DEL06-PE"
474098;2022-09-13;"terça-feira";"05:30:00";"SP";153;45,3;"ONDA VERDE";"Velocidade Incompatível";"Colisão traseira";"Com Vítimas Feridas";"Amanhecer";"Crescente";"Céu Claro";"Simples";"Reta";"Sim";3;0;1;0;2;0;1;3;-20,66398299;-49,34086178;"SPRF-SP";"DEL09-SP";"UOP01-DEL09-SP"
474103;2022-09-13;"terça-feira";"01:30:00";"ES";262;32,5;"DOMINGOS MARTINS";"Velocidade Incompatível";"Colisão com objeto";"Sem Vítimas";"Plena Noite";"Decrescente";"Céu Claro";"Simples";"Curva";"Não";1;0;0;0;1;0;0;1;-20,37885575;-40,577728;"SPRF-ES";"DEL01-ES";"UOP01-DEL01-ES"
474104;2022-09-13;"terça-feira";"06:30:00";"ES";101;100;"JAGUARE";"Condutor deixou de manter distância do veículo da frente";"Colisão traseira";"Com Vítimas Feridas";"Pleno dia";"Crescente";"Céu Claro";"Simples";"Interseção de Vias";"Não";3;0;0;1;1;2;1;4;-18,98833904;-39,99933491;"SPRF-ES";"DEL04-ES";"UOP02-DEL04-ES"
474105;2022-09-13;"terça-feira";"06:00:00";"RS";386;37,7;"FREDERICO WESTPHALEN";"Neblina";"Colisão lateral sentido oposto";"Com Vítimas Feridas";"Amanhecer";"Decrescente";"Nevoeiro/Neblina";"Simples";"Reta";"Sim";2;0;0;1;1;0;1;2;-27,382351;-53,399605;"SPRF-RS";"DEL08-RS";"UOP02-DEL08-RS"
474113;2022-09-13;"terça-feira";"06:00:00";"PE";423;53;"LAJEDO";"Demais falhas mecânicas ou elétricas";"Saída de leito carroçável";"Com Vítimas Feridas";"Pleno dia";"Decrescente";"Céu Claro";"Simples";"Reta";"Não";1;0;0;1;0;0;1;1;-8,59893;-36,29195398;"SPRF-PE";"DEL03-PE";"UOP01-DEL03-PE"
474114;2022-09-13;"terça-feira";"05:00:00";"PR";369;416,9;"JURANDA";"Neblina";"Colisão lateral sentido oposto";"Com Vítimas Feridas";"Plena Noite";"Crescente";"Nevoeiro/Neblina";"Simples";"Reta";"Não";3;0;1;1;1;0;2;2;-24,369958;-52,770964;"SPRF-PR";"DEL04-PR";"UOP03-DEL04-PR"
474117;2022-09-13;"terça-feira";"07:10:00";"MG";50;156;"UBERABA";"Reação tardia ou ineficiente do condutor";"Colisão traseira";"Com Vítimas Feridas";"Pleno dia";"Decrescente";"Céu Claro";"Dupla";"Reta;Declive";"Não";2;0;1;0;0;1;1;2;-19,61676094;-48,01874384;"SPRF-MG";"DEL13-MG";"UOP01-DEL13-MG"
474121;2022-09-13;"terça-feira";"05:50:00";"RS";386;307,3;"POUSO NOVO";"Reação tardia ou ineficiente do condutor";"Tombamento";"Com Vítimas Feridas";"Plena Noite";"Crescente";"Nublado";"Simples";"Declive;Curva";"Não";2;0;1;0;0;1;1;2;-29,2083536;-52,18143225;"SPRF-RS";"DEL04-RS";"UOP01-DEL04-RS"
474125;2022-09-13;"terça-feira";"08:10:00";"MG";381;937,1;"EXTREMA";"Velocidade Incompatível";"Saída de leito carroçável";"Com Vítimas Feridas";"Pleno dia";"Decrescente";"Chuva";"Dupla";"Curva";"Não";3;0;1;0;2;0;1;3;-22,81255131;-46,28501992;"SPRF-MG";"DEL16-MG";"UOP03-DEL16-MG"
474135;2022-09-13;"terça-feira";"06:10:00";"MG";40;511,8;"RIBEIRAO DAS NEVES";"Ausência de reação do condutor";"Colisão lateral mesmo sentido";"Com Vítimas Feridas";"Pleno dia";"Crescente";"Céu Claro";"Dupla";"Reta";"Não";12;0;5;0;6;1;5;10;-19,78164295;-44,11733194;"SPRF-MG";"DEL01-MG";"UOP02-DEL01-MG"
474141;2022-09-13;"terça-feira";"09:30:00";"PR";369;85;"CORNELIO PROCOPIO";"Desrespeitar a preferência no cruzamento";"Colisão transversal";"Com Vítimas Feridas";"Pleno dia";"Decrescente";"Nublado";"Simples";"Interseção de Vias";"Sim";3;0;1;0;2;0;1;2;-23,1733361;-50,6207811;"SPRF-PR";"DEL07-PR";"UOP01-DEL07-PR"
474145;2022-09-13;"terça-feira";"09:50:00";"MG";381;938,6;"EXTREMA";"Velocidade Incompatível";"Saída de leito carroçável";"Com Vítimas Feridas";"Pleno dia";"Crescente";"Chuva";"Dupla";"Reta";"Não";5;0;1;0;3;2;1;6;-22,83909203;-46,32850893;"SPRF-MG";"DEL16-MG";"UOP03-DEL16-MG"
474151;2022-09-13;"terça-feira";"05:30:00";"BA";101;669,8;"ITAPEBI";"Carga excessiva e/ou mal acondicionada";"Tombamento";"Sem Vítimas";"Amanhecer";"Decrescente";"Céu Claro";"Simples";"Curva";"Não";2;0;0;0;1;1;0;2;-16,001675;-39,585307;"SPRF-BA";"DEL09-BA";"UOP01-DEL09-BA"
474152;2022-09-13;"terça-feira";"11:04:00";"SC";470;144,5;"RIO DO SUL";"Velocidade Incompatível";"Colisão traseira";"Com Vítimas Feridas";"Pleno dia";"Decrescente";"Céu Claro";"Simples";"Reta";"Sim";4;0;1;1;2;0;2;3;-27,243439;-49,690025;"SPRF-SC";"DEL04-SC";"UOP02-DEL04-SC"
474154;2022-09-13;"terça-feira";"10:30:00";"RO";364;120,8;"PIMENTA BUENO";"Condutor deixou de manter distância do veículo da frente";"Engavetamento";"Com Vítimas Feridas";"Pleno dia";"Crescente";"Céu Claro";"Simples";"Aclive;Reta";"Não";27;0;3;0;23;5;3;11;-12,12029;-60,74014;"SPRF-RO";"DEL02-RO";"UOP02-DEL02-RO"
474155;2022-09-13;"terça-feira";"11:15:00";"MG";40;511;"RIBEIRAO DAS NEVES";"Ausência de reação do condutor";"Colisão lateral mesmo sentido";"Sem Vítimas";"Pleno dia";"Crescente";"Céu Claro";"Dupla";"Reta";"Não";2;0;0;0;2;0;0;2;-19,78164295;-44,11733194;"SPRF-MG";"DEL01-MG";"UOP02-DEL01-MG"
474156;2022-09-13;"terça-feira";"09:25:00";"RO";364;425;"JARU";"Desrespeitar a preferência no cruzamento";"Colisão transversal";"Com Vítimas Feridas";"Pleno dia";"Decrescente";"Céu Claro";"Dupla";"Reta";"Sim";5;0;1;0;4;0;1;3;-10,43752488;-62,47169791;"SPRF-RO";"DEL03-RO";"UOP02-DEL03-RO"
474160;2022-09-13;"terça-feira";"12:45:00";"MG";40;450,6;"CAETANOPOLIS";"Condutor Dormindo";"Colisão com objeto";"Sem Vítimas";"Pleno dia";"Crescente";"Céu Claro";"Dupla";"Reta";"Sim";2;0;0;0;2;0;0;2;-19,32303;-44,36512;"SPRF-MG";"DEL02-MG";"UOP01-DEL02-MG"
474164;2022-09-13;"terça-feira";"12:05:00";"MS";60;373,3;"CAMPO GRANDE";"Ausência de reação do condutor";"Colisão frontal";"Com Vítimas Fatais";"Pleno dia";"Crescente";"Céu Claro";"Simples";"Curva";"Não";3;1;0;0;1;3;0;5;-20,58027066;-54,70629953;"SPRF-MS";"DEL01-MS";"UOP04-DEL01-MS"
474165;2022-09-13;"terça-feira";"13:00:00";"MG";365;677,8;"MONTE ALEGRE DE MINAS";"Condutor Dormindo";"Saída de leito carroçável";"Com Vítimas Feridas";"Pleno dia";"Crescente";"Céu Claro";"Dupla";"Reta;Retorno Regulamentado";"Não";1;0;1;0;0;0;1;1;-18,85119331;-48,79505754;"SPRF-MG";"DEL15-MG";"UOP01-DEL15-MG"
474168;2022-09-13;"terça-feira";"13:00:00";"MG";251;442,5;"GRAO MOGOL";"Demais falhas mecânicas ou elétricas";"Incêndio";"Sem Vítimas";"Pleno dia";"Decrescente";"Sol";"Simples";"Reta";"Não";2;0;0;0;1;2;0;3;-16,41288188;-43,24348411;"SPRF-MG";"DEL12-MG";"UOP01-DEL12-MG"
474170;2022-09-13;"terça-feira";"13:15:00";"MG";381;361;"JOAO MONLEVADE";"Manobra de mudança de faixa";"Colisão com objeto";"Sem Vítimas";"Pleno dia";"Decrescente";"Céu Claro";"Simples";"Reta";"Não";1;0;0;0;1;0;0;1;-19,85881293;-43,234108;"SPRF-MG";"DEL03-MG";"UOP01-DEL03-MG"
474177;2022-09-13;"terça-feira";"13:50:00";"PR";116;191,4;"CAMPO DO TENENTE";"Reação tardia ou ineficiente do condutor";"Colisão traseira";"Com Vítimas Feridas";"Pleno dia";"Crescente";"Céu Claro";"Simples";"Reta";"Não";3;0;1;0;1;1;1;3;-25,99633487;-49,66762304;"SPRF-SC";"DEL06-SC";"UOP01-DEL06-SC"
474181;2022-08-12;"sexta-feira";"08:00:00";"PR";369;150;"LONDRINA";"Condutor desrespeitou a iluminação vermelha do semáforo";"Colisão transversal";"Com Vítimas Feridas";"Pleno dia";"Crescente";"Céu Claro";"Dupla";"Reta";"Sim";2;0;0;1;1;0;1;2;-23,2928;-51,162934;"SPRF-PR";"DEL07-PR";"UOP01-DEL07-PR"
474183;2022-09-13;"terça-feira";"15:30:00";"PE";101;74;"RECIFE";"Manobra de mudança de faixa";"Colisão lateral mesmo sentido";"Com Vítimas Feridas";"Pleno dia";"Decrescente";"Céu Claro";"Dupla";"Curva";"Sim";2;0;1;0;0;1;1;2;-8,10146485;-34,94901577;"SPRF-PE";"DEL01-PE";"UOP01-DEL01-PE"
474185;2022-09-13;"terça-feira";"14:30:00";"MG";40;508,9;"RIBEIRAO DAS NEVES";"Ausência de reação do condutor";"Colisão lateral mesmo sentido";"Com Vítimas Feridas";"Pleno dia";"Crescente";"Céu Claro";"Dupla";"Reta";"Sim";5;0;1;0;3;1;1;3;-19,76728744;-44,12855905;"SPRF-MG";"DEL01-MG";"UOP02-DEL01-MG"
474186;2022-09-13;"terça-feira";"14:40:00";"PR";376;185;"SARANDI";"Chuva";"Saída de leito carroçável";"Sem Vítimas";"Pleno dia";"Decrescente";"Chuva";"Múltipla";"Reta";"Sim";2;0;0;0;1;2;0;3;-23,45147413;-51,85361808;"SPRF-PR";"DEL09-PR";"UOP01-DEL09-PR"
474192;2022-09-13;"terça-feira";"14:50:00";"RS";287;316;"SAO VICENTE DO SUL";"Ultrapassagem Indevida";"Saída de leito carroçável";"Com Vítimas Feridas";"Pleno dia";"Crescente";"Céu Claro";"Simples";"Aclive;Reta";"Não";4;0;1;0;1;3;1;5;-29,65140716;-54,53287505;"SPRF-RS";"DEL09-RS";"UOP01-DEL09-RS"
474200;2022-09-13;"terça-feira";"17:51:00";"BA";116;425;"FEIRA DE SANTANA";"Condutor deixou de manter distância do veículo da frente";"Queda de ocupante de veículo";"Com Vítimas Fatais";"Anoitecer";"Decrescente";"Céu Claro";"Simples";"Reta";"Sim";2;1;0;0;1;0;0;2;-12,23736613;-38,97999588;"SPRF-BA";"DEL02-BA";"UOP01-DEL02-BA"
474204;2022-08-29;"segunda-feira";"14:00:00";"MT";163;747;"SORRISO";"Acessar a via sem observar a presença dos outros veículos";"Colisão transversal";"Com Vítimas Feridas";"Pleno dia";"Decrescente";"Céu Claro";"Dupla";"Retorno Regulamentado";"Sim";3;0;1;0;1;2;1;4;-12,69420885;-55,80767215;"SPRF-MT";"DEL06-MT";"UOP01-DEL06-MT"
474213;2022-09-13;"terça-feira";"16:45:00";"PR";376;166,1;"MARINGA";"Condutor deixou de manter distância do veículo da frente";"Colisão traseira";"Com Vítimas Feridas";"Pleno dia";"Crescente";"Chuva";"Dupla";"Reta;Declive";"Não";2;0;0;1;1;0;1;2;-23,39663206;-52,00514304;"SPRF-PR";"DEL09-PR";"UOP01-DEL09-PR"
474216;2022-09-13;"terça-feira";"18:00:00";"SP";116;32,7;"CRUZEIRO";"Reação tardia ou ineficiente do condutor";"Colisão traseira";"Sem Vítimas";"Anoitecer";"Crescente";"Nublado";"Dupla";"Declive;Reta";"Não";4;0;0;0;3;1;0;4;-22,6422031;-44,94731891;"SPRF-SP";"DEL08-SP";"UOP02-DEL08-SP"
474218;2022-09-13;"terça-feira";"16:10:00";"SP";116;363;"MIRACATU";"Problema com o freio";"Incêndio";"Sem Vítimas";"Pleno dia";"Crescente";"Nublado";"Dupla";"Reta";"Não";2;0;0;0;1;1;0;2;-24,13038097;-47,27114281;"SPRF-SP";"DEL04-SP";"UOP02-DEL04-SP"
474220;2022-09-13;"terça-feira";"16:18:00";"RS";471;185,9;"RIO PARDO";"Ausência de reação do condutor";"Saída de leito carroçável";"Com Vítimas Feridas";"Pleno dia";"Crescente";"Céu Claro";"Simples";"Reta";"Não";2;0;1;0;0;2;1;3;-30,121273;-52,368622;"SPRF-RS";"DEL02-RS";"UOP03-DEL02-RS"
474231;2022-09-13;"terça-feira";"21:00:00";"PR";163;168;"LINDOESTE";"Acostamento em desnível";"Saída de leito carroçável";"Com Vítimas Feridas";"Plena Noite";"Crescente";"Garoa/Chuvisco";"Simples";"Curva";"Não";2;0;1;0;0;2;1;3;-25,29248982;-53,57038619;"SPRF-PR";"DEL05-PR";"UOP05-DEL05-PR"
474242;2022-09-13;"terça-feira";"22:00:00";"PE";101;80,2;"JABOATAO DOS GUARARAPES";"Acessar a via sem observar a presença dos outros veículos";"Colisão lateral mesmo sentido";"Com Vítimas Feridas";"Plena Noite";"Decrescente";"Céu Claro";"Dupla";"Reta";"Não";5;0;1;0;3;1;1;4;-8,15112589;-34,9428866;"SPRF-PE";"DEL01-PE";"UOP01-DEL01-PE"
474243;2022-09-13;"terça-feira";"22:43:00";"ES";101;279,4;"SERRA";"Ausência de reação do condutor";"Colisão traseira";"Com Vítimas Feridas";"Plena Noite";"Decrescente";"Céu Claro";"Múltipla";"Reta";"Sim";2;0;0;1;1;0;1;2;-20,218122;-40,339325;"SPRF-ES";"DEL02-ES";"UOP01-DEL02-ES"
474244;2022-09-13;"terça-feira";"22:57:00";"MG";381;529;"BRUMADINHO";"Velocidade Incompatível";"Colisão com objeto";"Com Vítimas Feridas";"Plena Noite";"Crescente";"Céu Claro";"Dupla";"Curva";"Não";3;0;0;1;1;1;1;3;-20,16619722;-44,36914378;"SPRF-MG";"DEL04-MG";"UOP03-DEL04-MG"
474253;2022-09-13;"terça-feira";"22:30:00";"SC";282;437;"IRANI";"Velocidade Incompatível";"Tombamento";"Com Vítimas Feridas";"Plena Noite";"Decrescente";"Nublado";"Simples";"Interseção de Vias";"Não";1;0;1;0;0;0;1;1;-26,963764;-51,854839;"SPRF-SC";"DEL07-SC";"UOP04-DEL07-SC"
474255;2022-09-13;"terça-feira";"16:10:00";"MA";135;122;"MIRANDA DO NORTE";"Pista Escorregadia";"Saída de leito carroçável";"Com Vítimas Feridas";"Pleno dia";"Crescente";"Chuva";"Simples";"Reta";"Não";1;0;0;1;0;0;1;1;-3,5346825;-44,56242943;"SPRF-MA";"DEL01-MA";"UOP02-DEL01-MA"
474256;2022-09-13;"terça-feira";"22:45:00";"PR";163;39,9;"PRANCHITA";"Manobra de mudança de faixa";"Colisão frontal";"Com Vítimas Fatais";"Plena Noite";"Decrescente";"Céu Claro";"Simples";"Reta";"Sim";3;1;0;0;1;2;0;4;-26,02993701;-53,73266101;"SPRF-PR";"DEL02-PR";"UOP02-DEL02-PR"
474258;2022-09-13;"terça-feira";"23:17:00";"MT";70;381,4;"CAMPO VERDE";"Acessar a via sem observar a presença dos outros veículos";"Colisão lateral sentido oposto";"Com Vítimas Feridas";"Plena Noite";"Crescente";"Céu Claro";"Simples";"Rotatória;Reta";"Sim";2;0;1;0;1;0;1;2;-15,55604;-55,1713;"SPRF-MT";"DEL05-MT";"UOP02-DEL05-MT"
474261;2022-09-13;"terça-feira";"23:20:00";"SC";282;129,8;"BOM RETIRO";"Transitar na contramão";"Colisão frontal";"Com Vítimas Fatais";"Plena Noite";"Decrescente";"Nublado";"Simples";"Reta";"Não";3;1;0;0;1;1;0;3;-27,80233579;-49,50370789;"SPRF-SC";"DEL05-SC";"UOP01-DEL05-SC"
474265;2022-09-14;"quarta-feira";"02:30:00";"BA";242;831;"BARREIRAS";"Ingestão de álcool pelo condutor";"Colisão lateral sentido oposto";"Com Vítimas Feridas";"Plena Noite";"Decrescente";"Céu Claro";"Simples";"Reta";"Não";3;0;1;0;1;2;1;4;-12,13294831;-45,11393419;"SPRF-BA";"DEL10-BA";"UOP01-DEL10-BA"
474266;2022-09-14;"quarta-feira";"03:10:00";"RJ";393;177;"PARAIBA DO SUL";"Condutor Dormindo";"Colisão traseira";"Com Vítimas Fatais";"Plena Noite";"Crescente";"Nublado";"Simples";"Reta";"Sim";5;1;0;0;3;1;0;3;-22,13549609;-43,2488029;"SPRF-RJ";"DEL05-RJ";"UOP03-DEL05-RJ"
474271;2022-09-13;"terça-feira";"23:25:00";"BA";116;757,6;"POCOES";"Ingestão de álcool pelo condutor";"Colisão frontal";"Com Vítimas Feridas";"Plena Noite";"Decrescente";"Céu Claro";"Simples";"Reta";"Não";3;0;1;0;1;1;1;3;-14,47565506;-40,33469583;"SPRF-BA";"DEL08-BA";"UOP02-DEL08-BA"
474276;2022-09-14;"quarta-feira";"05:50:00";"SP";116;38;"CACHOEIRA PAULISTA";"Reação tardia ou ineficiente do condutor";"Colisão traseira";"Com Vítimas Feridas";"Amanhecer";"Crescente";"Céu Claro";"Dupla";"Curva";"Não";3;0;1;0;1;1;1;2;-22,67026579;-44,99183604;"SPRF-SP";"DEL08-SP";"UOP02-DEL08-SP"
474278;2022-09-12;"segunda-feira";"19:30:00";"PI";135;542,8;"SAO GONCALO DO GURGUEIA";"Reação tardia ou ineficiente do condutor";"Tombamento";"Com Vítimas Feridas";"Plena Noite";"Decrescente";"Céu Claro";"Simples";"Curva;Declive";"Não";2;0;1;0;0;1;1;2;-10,05360804;-45,28336399;"SPRF-PI";"DEL03-PI";"UOP02-DEL03-PI"
474281;2022-09-14;"quarta-feira";"06:10:00";"PE";232;28;"MORENO";"Reação tardia ou ineficiente do condutor";"Colisão traseira";"Com Vítimas Feridas";"Pleno dia";"Crescente";"Céu Claro";"Dupla";"Reta";"Não";3;0;0;1;2;0;1;3;-8,11290892;-35,13442099;"SPRF-PE";"DEL01-PE";"UOP01-DEL01-PE"
474282;2022-09-14;"quarta-feira";"06:30:00";"PR";277;254,8;"IRATI";"Acessar a via sem observar a presença dos outros veículos";"Colisão transversal";"Com Vítimas Feridas";"Amanhecer";"Crescente";"Céu Claro";"Simples";"Reta";"Não";4;0;1;1;1;1;2;3;-25,44185051;-50,68868994;"SPRF-PR";"DEL08-PR";"UOP02-DEL08-PR"
474283;2022-09-14;"quarta-feira";"03:00:00";"RJ";101;118;"CAMPOS DOS GOYTACAZES";"Carga excessiva e/ou mal acondicionada";"Colisão traseira";"Com Vítimas Feridas";"Plena Noite";"Crescente";"Nublado";"Múltipla";"Reta";"Sim";5;0;0;2;2;1;2;4;-22,01462656;-41,67706468;"SPRF-RJ";"DEL08-RJ";"UOP02-DEL08-RJ"
474285;2022-09-14;"quarta-feira";"06:00:00";"RJ";393;204;"VASSOURAS";"Reação tardia ou ineficiente do condutor";"Derramamento de carga";"Sem Vítimas";"Pleno dia";"Decrescente";"Céu Claro";"Simples";"Reta";"Não";2;0;0;0;1;1;0;2;-22,23315315;-43,41975301;"SPRF-RJ";"DEL05-RJ";"UOP03-DEL05-RJ"
474290;2022-09-14;"quarta-feira";"04:00:00";"MT";174;439;"NOVA LACERDA";"Estacionar ou parar em local proibido";"Colisão traseira";"Com Vítimas Feridas";"Plena Noite";"Crescente";"Céu Claro";"Simples";"Reta";"Não";3;0;1;0;1;3;1;5;-14,06925404;-59,74197717;"SPRF-MT";"DEL04-MT";"UOP01-DEL04-MT"
474296;2022-09-14;"quarta-feira";"07:30:00";"MA";10;274,3;"IMPERATRIZ";"Reação tardia ou ineficiente do condutor";"Tombamento";"Com Vítimas Feridas";"Pleno dia";"Crescente";"Céu Claro";"Simples";"Reta";"Não";2;0;1;0;0;1;1;2;-5,338754;-47,48785;"SPRF-MA";"DEL04-MA";"UOP01-DEL04-MA"
474301;2022-09-14;"quarta-feira";"05:10:00";"BA";101;164;"CONCEICAO DO JACUIPE";"Condutor Dormindo";"Saída de leito carroçável";"Com Vítimas Feridas";"Amanhecer";"Crescente";"Nublado";"Dupla";"Reta";"Não";3;0;2;0;0;1;2;2;-12,35551436;-38,782478;"SPRF-BA";"DEL01-BA";"UOP03-DEL01-BA"
474302;2022-09-14;"quarta-feira";"06:55:00";"MS";163;185,8;"JUTI";"Condutor Dormindo";"Saída de leito carroçável";"Com Vítimas Feridas";"Pleno dia";"Crescente";"Chuva";"Simples";"Reta";"Não";2;0;1;0;0;1;1;2;-22,8077;-54,724;"SPRF-MS";"DEL09-MS";"UOP01-DEL09-MS"
474308;2022-09-14;"quarta-feira";"09:20:00";"MG";116;765,1;"LEOPOLDINA";"Reação tardia ou ineficiente do condutor";"Colisão traseira";"Com Vítimas Feridas";"Pleno dia";"Decrescente";"Sol";"Simples";"Reta";"Sim";2;0;0;1;1;0;1;2;-21,51953406;-42,64713591;"SPRF-MG";"DEL07-MG";"UOP01-DEL07-MG"
474310;2022-09-14;"quarta-feira";"09:20:00";"SC";280;27,5;"ARAQUARI";"Condutor deixou de manter distância do veículo da frente";"Colisão traseira";"Com Vítimas Feridas";"Pleno dia";"Decrescente";"Nublado";"Simples";"Reta;Em Obras";"Sim";2;0;0;1;1;0;1;2;-26,39685622;-48,74021969;"SPRF-SC";"DEL03-SC";"UOP03-DEL03-SC"
474313;2022-09-14;"quarta-feira";"07:30:00";"RJ";116;237,8;"PIRAI";"Condutor deixou de manter distância do veículo da frente";"Colisão traseira";"Com Vítimas Feridas";"Pleno dia";"Decrescente";"Céu Claro";"Dupla";"Reta";"Não";9;0;4;0;4;1;4;7;-22,6648253;-43,8735;"SPRF-RJ";"DEL07-RJ";"UOP01-DEL07-RJ"
474315;2022-09-14;"quarta-feira";"09:30:00";"GO";153;181;"CAMPINORTE";"Reação tardia ou ineficiente do condutor";"Colisão transversal";"Com Vítimas Fatais";"Pleno dia";"Decrescente";"Céu Claro";"Dupla";"Curva";"Não";4;2;0;1;0;1;1;3;-14,352376;-49,1586;"SPRF-GO";"DEL07-GO";"UOP02-DEL07-GO"
474318;2022-09-14;"quarta-feira";"08:36:00";"SC";282;624,4;"IRACEMINHA";"Ausência de reação do condutor";"Colisão lateral mesmo sentido";"Sem Vítimas";"Pleno dia";"Decrescente";"Céu Claro";"Simples";"Reta;Interseção de Vias;Declive";"Não";5;0;0;0;4;1;0;5;-26,798008;-53,34169;"SPRF-SC";"DEL07-SC";"UOP02-DEL07-SC"