"id";"data_inversa";"dia_semana";"horario";"uf";"br";"km";"municipio";"causa_acidente";"tipo_acidente";"classificacao_acidente";"fase_dia";"sentido_via";"condicao_metereologica";"tipo_pista";"tracado_via";"uso_solo";"pessoas";"mortos";"feridos_leves";"feridos_graves";"ilesos";"ignorados";"feridos";"veiculos";"latitude";"longitude";"regional";"delegacia";"uop"
474321;2022-09-14;"quarta-feira";"08:25:00";"BA";116;9,5;"ABARE";"Demais falhas mecânicas ou elétricas";"Incêndio";"Sem Vítimas";"Pleno dia";"Crescente";"Sol";"Simples";"Reta";"Não";2;0;0;0;1;1;0;2;-8,69580193;-39,25989103;"SPRF-PE";"DEL05-PE";"UOP03-DEL05-PE"
474323;2022-09-14;"quarta-feira";"10:30:00";"MG";381;479;"CONTAGEM";"Reação tardia ou ineficiente do condutor";"Colisão traseira";"Com Vítimas Feridas";"Pleno dia";"Decrescente";"Céu Claro";"Dupla";"Curva";"Sim";7;0;2;0;5;0;2;3;-19,964077;-44,046932;"SPRF-MG";"DEL01-MG";"UOP03-DEL01-MG"
474324;2022-09-14;"quarta-feira";"10:45:00";"RS";158;314;"ITAARA";"Velocidade Incompatível";"Tombamento";"Com Vítimas Feridas";"Pleno dia";"Decrescente";"Sol";"Simples";"Curva";"Não";2;0;1;0;0;1;1;2;-29,642699;-53,758895;"SPRF-RS";"DEL09-RS";"UOP01-DEL09-RS"
474325;2022-09-14;"quarta-feira";"10:20:00";"SC";470;9,9;"NAVEGANTES";"Acessar a via sem observar a presença dos outros veículos";"Colisão transversal";"Com Vítimas Feridas";"Pleno dia";"Crescente";"Nublado";"Simples";"Reta;Em Obras;Interseção de Vias";"Sim";6;0;4;0;1;1;4;3;-26,83372134;-48,73646736;"SPRF-SC";"DEL04-SC";"UOP04-DEL04-SC"
474326;2022-09-14;"quarta-feira";"10:30:00";"RJ";40;118;"DUQUE DE CAXIAS";"Ausência de reação do condutor";"Colisão traseira";"Com Vítimas Feridas";"Pleno dia";"Crescente";"Céu Claro";"Múltipla";"Reta";"Sim";2;0;1;0;1;0;1;2;-22,75470802;-43,28737838;"SPRF-RJ";"DEL01-RJ";"UOP01-DEL01-RJ"
474328;2022-09-14;"quarta-feira";"10:39:00";"PR";116;100,9;"SAO JOSE DOS PINHAIS";"Trafegar com motocicleta (ou similar) entre as faixas";"Colisão lateral mesmo sentido";"Com Vítimas Fatais";"Pleno dia";"Crescente";"Nublado";"Múltipla";"Reta";"Sim";4;1;0;0;2;3;0;6;-25,56668532;-49,1696763;"SPRF-PR";"DEL01-PR";"UOP01-DEL01-PR"
474329;2022-09-14;"quarta-feira";"11:00:00";"MG";381;643,2;"SANTO ANTONIO DO AMPARO";"Condutor deixou de manter distância do veículo da frente";"Colisão traseira";"Com Vítimas Feridas";"Pleno dia";"Crescente";"Céu Claro";"Dupla";"Declive";"Não";3;0;1;0;1;1;1;3;-20,944136;-44,880592;"SPRF-MG";"DEL04-MG";"UOP01-DEL04-MG"
474330;2022-08-11;"quinta-feira";"23:30:00";"PR";376;545,6;"PALMEIRA";"Reação tardia ou ineficiente do condutor";"Colisão traseira";"Com Vítimas Fatais";"Plena Noite";"Crescente";"Céu Claro";"Dupla";"Reta";"Não";14;6;0;4;1;3;4;4;-25,39521809;-49,79425013;"SPRF-PR";"DEL03-PR";"UOP03-DEL03-PR"
474334;2022-09-14;"quarta-feira";"11:50:00";"BA";116;423;"FEIRA DE SANTANA";"Acessar a via sem observar a presença dos outros veículos";"Colisão transversal";"Com Vítimas Feridas";"Pleno dia";"Decrescente";"Céu Claro";"Simples";"Reta";"Sim";3;0;1;0;1;1;1;3;-12,23588;-38,978052;"SPRF-BA";"DEL02-BA";"UOP01-DEL02-BA"
474337;2022-09-14;"quarta-feira";"10:30:00";"SC";282;574,5;"PINHALZINHO";"Velocidade Incompatível";"Saída de leito carroçável";"Com Vítimas Feridas";"Pleno dia";"Crescente";"Céu Claro";"Simples";"Reta";"Não";2;0;1;0;0;1;1;2;-26,867399;-52,965149;"SPRF-SC";"DEL07-SC";"UOP02-DEL07-SC"
474343;2022-09-14;"quarta-feira";"11:45:00";"AL";316;232,8;"ATALAIA";"Ausência de reação do condutor";"Colisão frontal";"Com Vítimas Fatais";"Pleno dia";"Crescente";"Céu Claro";"Simples";"Reta";"Não";3;1;0;0;1;2;0;4;-9,49454317;-36,10062101;"SPRF-AL";"DEL01-AL";"UOP01-DEL01-AL"
474347;2022-09-14;"quarta-feira";"13:01:00";"PE";232;5;"RECIFE";"Acessar a via sem observar a presença dos outros veículos";"Colisão lateral mesmo sentido";"Sem Vítimas";"Pleno dia";"Crescente";"Céu Claro";"Dupla";"Em Obras";"Sim";3;0;0;0;2;2;0;4;-8,06795766;-34,94535414;"SPRF-PE";"DEL01-PE";"UOP01-DEL01-PE"
474352;2022-09-14;"quarta-feira";"12:27:00";"SC";163;72,2;"SAO MIGUEL DO OESTE";"Acessar a via sem observar a presença dos outros veículos";"Colisão transversal";"Com Vítimas Feridas";"Pleno dia";"Crescente";"Céu Claro";"Simples";"Interseção de Vias";"Sim";3;0;1;0;1;1;1;3;-26,71908804;-53,5157791;"SPRF-SC";"DEL07-SC";"UOP03-DEL07-SC"
474356;2022-09-14;"quarta-feira";"14:15:00";"BA";116;345;"TEOFILANDIA";"Condutor deixou de manter distância do veículo da frente";"Colisão lateral sentido oposto";"Com Vítimas Feridas";"Pleno dia";"Decrescente";"Céu Claro";"Simples";"Reta";"Não";3;0;0;1;1;1;1;3;-11,54673796;-38,99080056;"SPRF-BA";"DEL02-BA";"UOP01-DEL02-BA"
474361;2022-09-02;"sexta-feira";"16:00:00";"BA";116;834,1;"VITORIA DA CONQUISTA";"Condutor deixou de manter distância do veículo da frente";"Colisão lateral mesmo sentido";"Sem Vítimas";"Pleno dia";"Crescente";"Nublado";"Simples";"Reta";"Sim";4;0;0;0;3;1;0;3;-14,942169;-40,894379;"SPRF-BA";"DEL08-BA";"UOP01-DEL08-BA"
474363;2022-09-14;"quarta-feira";"10:20:00";"SC";470;141;"RIO DO SUL";"Acesso irregular";"Colisão com objeto";"Sem Vítimas";"Pleno dia";"Crescente";"Nublado";"Simples";"Túnel";"Sim";1;0;0;0;1;0;0;1;-27,20960242;-49,65180874;"SPRF-SC";"DEL04-SC";"UOP02-DEL04-SC"
474369;2022-09-14;"quarta-feira";"14:18:00";"GO";153;408;"PIRENOPOLIS";"Demais falhas mecânicas ou elétricas";"Incêndio";"Sem Vítimas";"Pleno dia";"Decrescente";"Sol";"Simples";"Declive";"Não";1;0;0;0;1;0;0;1;-16,081564;-49,04475;"SPRF-GO";"DEL02-GO";"UOP02-DEL02-GO"
474377;2022-08-19;"sexta-feira";"15:45:00";"PR";163;333;"GUAIRA";"Desrespeitar a preferência no cruzamento";"Colisão transversal";"Com Vítimas Feridas";"Pleno dia";"Crescente";"Sol";"Simples";"Reta;Em Obras";"Não";4;0;0;1;2;3;1;6;-24,19888487;-54,20207977;"SPRF-PR";"DEL06-PR";"UOP01-DEL06-PR"
474380;2022-09-14;"quarta-feira";"11:54:00";"BA";367;64;"PORTO SEGURO";"Demais falhas mecânicas ou elétricas";"Incêndio";"Sem Vítimas";"Pleno dia";"Crescente";"Céu Claro";"Simples";"Reta";"Não";1;0;0;0;1;0;0;1;-16,39485517;-39,41850207;"SPRF-BA";"DEL09-BA";"UOP03-DEL09-BA"
474385;2022-09-06;"terça-feira";"08:20:00";"BA";242;807;"BARREIRAS";"Acessar a via sem observar a presença dos outros veículos";"Colisão traseira";"Com Vítimas Feridas";"Pleno dia";"Crescente";"Sol";"Simples";"Reta";"Não";6;0;1;2;3;0;3;2;-12,134;-45,107;"SPRF-BA";"DEL10-BA";"UOP01-DEL10-BA"
474387;2022-09-14;"quarta-feira";"16:45:00";"RS";101;49,2;"TERRA DE AREIA";"Reação tardia ou ineficiente do condutor";"Saída de leito carroçável";"Com Vítimas Feridas";"Pleno dia";"Decrescente";"Nublado";"Dupla";"Reta";"Não";2;0;1;0;0;1;1;2;-29,604364;-50,083722;"SPRF-RS";"DEL03-RS";"UOP02-DEL03-RS"
474389;2022-09-14;"quarta-feira";"16:30:00";"PR";116;39;"CAMPINA GRANDE DO SUL";"Chuva";"Colisão lateral mesmo sentido";"Sem Vítimas";"Pleno dia";"Crescente";"Nublado";"Simples";"Curva";"Não";3;0;0;0;2;1;0;3;-25,160939;-48,862131;"SPRF-PR";"DEL01-PR";"UOP02-DEL01-PR"
474391;2022-09-14;"quarta-feira";"14:30:00";"PB";412;59;"SAO JOAO DO CARIRI";"Demais falhas mecânicas ou elétricas";"Saída de leito carroçável";"Com Vítimas Feridas";"Pleno dia";"Decrescente";"Céu Claro";"Simples";"Reta";"Não";1;0;1;0;0;0;1;1;-7,410051;-36,542015;"SPRF-PB";"DEL02-PB";"UOP02-DEL02-PB"
474393;2022-09-14;"quarta-feira";"11:00:00";"MT";163;973;"TERRA NOVA DO NORTE";"Reação tardia ou ineficiente do condutor";"Engavetamento";"Com Vítimas Feridas";"Pleno dia";"Crescente";"Céu Claro";"Simples";"Reta";"Não";5;0;1;0;3;5;1;8;-10,707643;-55,121623;"SPRF-MT";"DEL06-MT";"NPF/DEL06-MT"
474398;2022-09-14;"quarta-feira";"16:30:00";"RS";468;34,4;"CORONEL BICACO";"Afundamento ou ondulação no pavimento";"Saída de leito carroçável";"Com Vítimas Feridas";"Pleno dia";"Crescente";"Sol";"Simples";"Curva;Declive";"Não";2;0;1;1;0;0;2;1;-27,75709716;-53,56490194;"SPRF-RS";"DEL08-RS";"UOP01-DEL08-RS"
474403;2022-09-14;"quarta-feira";"14:40:00";"RN";406;46,9;"JANDAIRA";"Acostamento em desnível";"Saída de leito carroçável";"Com Vítimas Feridas";"Pleno dia";"Decrescente";"Céu Claro";"Simples";"Reta";"Não";3;0;2;0;0;1;2;2;-5,29636511;-36,26075662;"SPRF-RN";"DEL02-RN";"UOP01-DEL02-RN"
474404;2022-09-14;"quarta-feira";"15:49:00";"RO";364;481;"ARIQUEMES";"Ausência de reação do condutor";"Saída de leito carroçável";"Com Vítimas Feridas";"Pleno dia";"Crescente";"Céu Claro";"Simples";"Reta";"Não";44;0;3;0;40;1;3;2;-10,13388468;-62,87095286;"SPRF-RO";"DEL03-RO";"UOP01-DEL03-RO"
474409;2022-09-14;"quarta-feira";"15:50:00";"SC";282;439;"IRANI";"Transitar na contramão";"Colisão lateral sentido oposto";"Com Vítimas Feridas";"Pleno dia";"Crescente";"Céu Claro";"Simples";"Reta";"Não";3;0;1;0;1;1;1;3;-26,945671;-51,861717;"SPRF-SC";"DEL07-SC";"UOP04-DEL07-SC"
474413;2022-09-14;"quarta-feira";"18:45:00";"RJ";116;181;"NOVA IGUACU";"Velocidade Incompatível";"Colisão traseira";"Com Vítimas Feridas";"Plena Noite";"Crescente";"Céu Claro";"Dupla";"Reta";"Não";3;0;1;0;1;1;1;3;-22,761312;-43,423492;"SPRF-RJ";"DEL01-RJ";"UOP02-DEL01-RJ"
474414;2022-09-14;"quarta-feira";"18:50:00";"MA";226;303;"BARRA DO CORDA";"Ausência de reação do condutor";"Colisão traseira";"Com Vítimas Fatais";"Plena Noite";"Crescente";"Céu Claro";"Simples";"Reta";"Sim";4;1;0;0;0;3;0;4;-5,4925089;-45,27266489;"SPRF-MA";"DEL06-MA";"UOP01-DEL06-MA"
474415;2022-09-14;"quarta-feira";"18:45:00";"PR";153;1,8;"IMBITUVA";"Acessar a via sem observar a presença dos outros veículos";"Colisão transversal";"Com Vítimas Feridas";"Plena Noite";"Decrescente";"Chuva";"Simples";"Reta";"Sim";2;0;1;0;1;0;1;2;-25,19708766;-50,59859633;"SPRF-PR";"DEL03-PR";"UOP01-DEL03-PR"
474430;2022-09-14;"quarta-feira";"14:05:00";"MA";10;150;"PORTO FRANCO";"Ingestão de álcool pelo condutor";"Colisão com objeto";"Com Vítimas Feridas";"Pleno dia";"Decrescente";"Céu Claro";"Simples";"Reta;Ponte";"Não";4;0;2;0;1;3;2;6;-6,408138;-47,391319;"SPRF-MA";"DEL04-MA";"UOP02-DEL04-MA"
474431;2022-09-14;"quarta-feira";"20:40:00";"SP";116;446;"REGISTRO";"Velocidade Incompatível";"Colisão lateral mesmo sentido";"Com Vítimas Feridas";"Plena Noite";"Decrescente";"Garoa/Chuvisco";"Simples";"Reta";"Sim";2;0;1;0;1;0;1;2;-24,50467087;-47,84772743;"SPRF-SP";"DEL05-SP";"UOP01-DEL05-SP"
474432;2022-09-14;"quarta-feira";"16:50:00";"ES";262;49,4;"MARECHAL FLORIANO";"Transitar na contramão";"Colisão frontal";"Com Vítimas Feridas";"Pleno dia";"Crescente";"Céu Claro";"Simples";"Reta";"Não";3;0;1;0;0;2;1;2;-20,41192401;-40,68856;"SPRF-ES";"DEL01-ES";"UOP01-DEL01-ES"
474433;2022-09-14;"quarta-feira";"18:55:00";"PR";277;637,5;"CEU AZUL";"Transitar na contramão";"Colisão transversal";"Sem Vítimas";"Plena Noite";"Decrescente";"Nublado";"Simples";"Reta";"Sim";6;0;0;0;5;1;0;3;-25,153998;-53,847298;"SPRF-PR";"DEL05-PR";"UOP02-DEL05-PR"
474437;2022-09-14;"quarta-feira";"19:45:00";"PE";101;60,9;"RECIFE";"Ausência de reação do condutor";"Colisão lateral mesmo sentido";"Sem Vítimas";"Plena Noite";"Crescente";"Céu Claro";"Dupla";"Reta";"Não";4;0;0;0;4;0;0;2;-7,98344307;-34,93176727;"SPRF-PE";"DEL01-PE";"UOP02-DEL01-PE"
474441;2022-09-14;"quarta-feira";"21:30:00";"RJ";101;11;"CAMPOS DOS GOYTACAZES";"Demais falhas mecânicas ou elétricas";"Colisão com objeto";"Com Vítimas Feridas";"Plena Noite";"Crescente";"Nublado";"Simples";"Curva";"Não";1;0;1;0;0;0;1;1;-21,30766784;-41,3253282;"SPRF-RJ";"DEL08-RJ";"UOP01-DEL08-RJ"
474445;2022-09-14;"quarta-feira";"20:30:00";"MG";40;558,5;"NOVA LIMA";"Acessar a via sem observar a presença dos outros veículos";"Atropelamento de Pedestre";"Com Vítimas Fatais";"Plena Noite";"Decrescente";"Céu Claro";"Dupla";"Curva;Declive";"Não";4;1;0;0;1;2;0;3;-20,11082646;-43,97221642;"SPRF-MG";"DEL01-MG";"UOP02-DEL01-MG"
474449;2022-09-14;"quarta-feira";"19:30:00";"SP";116;380;"MIRACATU";"Chuva";"Saída de leito carroçável";"Com Vítimas Feridas";"Plena Noite";"Decrescente";"Chuva";"Dupla";"Reta";"Não";8;0;2;1;4;2;3;6;-24,21753686;-47,36651776;"SPRF-SP";"DEL04-SP";"UOP02-DEL04-SP"
474455;2022-09-15;"quinta-feira";"01:10:00";"SC";116;236;"LAGES";"Ausência de reação do condutor";"Saída de leito carroçável";"Com Vítimas Feridas";"Plena Noite";"Crescente";"Nublado";"Simples";"Reta";"Não";1;0;1;0;0;0;1;1;-27,72090493;-50,33607643;"SPRF-SC";"DEL05-SC";"UOP01-DEL05-SC"
474460;2022-09-15;"quinta-feira";"03:00:00";"ES";262;63,9;"MARECHAL FLORIANO";"Velocidade Incompatível";"Tombamento";"Com Vítimas Feridas";"Plena Noite";"Crescente";"Ignorado";"Simples";"Curva";"Não";3;0;2;0;0;1;2;2;-20,42077468;-40,80814348;"SPRF-ES";"DEL01-ES";"UOP02-DEL01-ES"
474466;2022-09-15;"quinta-feira";"05:00:00";"MG";153;188,3;"FRUTAL";"Velocidade Incompatível";"Saída de leito carroçável";"Com Vítimas Feridas";"Anoitecer";"Crescente";"Chuva";"Simples";"Curva";"Não";2;0;1;0;0;1;1;2;-19,869611;-48,972458;"SPRF-MG";"DEL13-MG";"UOP02-DEL13-MG"
474467;2022-09-15;"quinta-feira";"04:30:00";"BA";101;260;"SANTO ANTONIO DE JESUS";"Problema com o freio";"Colisão traseira";"Com Vítimas Feridas";"Plena Noite";"Decrescente";"Céu Claro";"Simples";"Declive";"Sim";8;0;5;1;2;0;6;2;-12,9555476;-39,2645078;"SPRF-BA";"DEL01-BA";"UOP02-DEL01-BA"
474469;2022-09-15;"quinta-feira";"04:30:00";"PR";376;549;"PALMEIRA";"Ausência de reação do condutor";"Saída de leito carroçável";"Com Vítimas Feridas";"Plena Noite";"Crescente";"Garoa/Chuvisco";"Dupla";"Reta";"Não";2;0;1;0;0;1;1;2;-25,41830663;-49,77037617;"SPRF-PR";"DEL03-PR";"UOP03-DEL03-PR"
474472;2022-09-15;"quinta-feira";"05:30:00";"RJ";101;66;"CAMPOS DOS GOYTACAZES";"Transitar na contramão";"Colisão lateral sentido oposto";"Sem Vítimas";"Amanhecer";"Decrescente";"Céu Claro";"Simples";"Reta";"Sim";3;0;0;0;1;2;0;3;-21,76116791;-41,34781837;"SPRF-RJ";"DEL08-RJ";"UOP02-DEL08-RJ"
474475;2022-09-15;"quinta-feira";"06:50:00";"MG";251;476,6;"FRANCISCO SA";"Condutor Dormindo";"Colisão frontal";"Com Vítimas Fatais";"Pleno dia";"Decrescente";"Céu Claro";"Simples";"Reta";"Não";6;1;0;3;1;1;3;3;-16,46906162;-43,49357156;"SPRF-MG";"DEL12-MG";"UOP01-DEL12-MG"
474476;2022-09-15;"quinta-feira";"06:05:00";"SC";101;460;"PASSO DE TORRES";"Ausência de reação do condutor";"Saída de leito carroçável";"Com Vítimas Feridas";"Amanhecer";"Decrescente";"Chuva";"Dupla";"Reta";"Não";2;0;0;1;0;1;1;2;-29,26510828;-49,75543857;"SPRF-RS";"DEL03-RS";"UOP02-DEL03-RS"
474479;2022-09-15;"quinta-feira";"05:10:00";"AL";101;50,8;"FLEXEIRAS";"Condutor Dormindo";"Tombamento";"Com Vítimas Feridas";"Amanhecer";"Crescente";"Céu Claro";"Dupla";"Reta";"Não";1;0;1;0;0;0;1;1;-9,23626636;-35,76617122;"SPRF-AL";"DEL01-AL";"UOP02-DEL01-AL"
474480;2022-09-15;"quinta-feira";"05:55:00";"MG";153;194,8;"FRUTAL";"Velocidade Incompatível";"Saída de leito carroçável";"Com Vítimas Feridas";"Amanhecer";"Decrescente";"Chuva";"Simples";"Curva";"Não";2;0;1;0;0;1;1;2;-19,926724;-48,95826;"SPRF-MG";"DEL13-MG";"UOP02-DEL13-MG"
474489;2022-09-14;"quarta-feira";"18:30:00";"SP";116;161;"JACAREI";"Velocidade Incompatível";"Engavetamento";"Sem Vítimas";"Plena Noite";"Decrescente";"Chuva";"Dupla";"Reta";"Sim";7;0;0;0;5;2;0;7;-23,27617003;-45,97592098;"SPRF-SP";"DEL02-SP";"UOP01-DEL02-SP"
474491;2022-09-15;"quinta-feira";"07:00:00";"SP";116;354;"MIRACATU";"Reação tardia ou ineficiente do condutor";"Colisão traseira";"Com Vítimas Feridas";"Pleno dia";"Decrescente";"Chuva";"Múltipla";"Reta;Aclive";"Não";4;0;0;1;2;3;1;6;-24,07491092;-47,24973213;"SPRF-SP";"DEL04-SP";"UOP02-DEL04-SP"
474495;2022-09-15;"quinta-feira";"08:10:00";"RJ";40;122;"DUQUE DE CAXIAS";"Trafegar com motocicleta (ou similar) entre as faixas";"Colisão lateral mesmo sentido";"Com Vítimas Feridas";"Pleno dia";"Crescente";"Chuva";"Múltipla";"Reta";"Sim";3;0;1;0;2;0;1;3;-22,79083113;-43,28611569;"SPRF-RJ";"DEL01-RJ";"UOP01-DEL01-RJ"
474496;2022-09-15;"quinta-feira";"07:28:00";"PE";232;7;"RECIFE";"Reação tardia ou ineficiente do condutor";"Colisão traseira";"Sem Vítimas";"Pleno dia";"Crescente";"Céu Claro";"Dupla";"Reta";"Não";2;0;0;0;2;0;0;2;-8,074072;-34,964565;"SPRF-PE";"DEL01-PE";"UOP01-DEL01-PE"
474499;2022-09-15;"quinta-feira";"06:50:00";"CE";222;301,4;"TIANGUA";"Declive acentuado";"Tombamento";"Com Vítimas Feridas";"Pleno dia";"Decrescente";"Céu Claro";"Simples";"Declive;Curva";"Não";2;0;1;0;0;1;1;2;-3,66341744;-40,95009697;"SPRF-CE";"DEL04-CE";"UOP02-DEL04-CE"
474501;2022-09-15;"quinta-feira";"07:30:00";"MT";174;255;"JAURU";"Demais falhas mecânicas ou elétricas";"Colisão lateral mesmo sentido";"Sem Vítimas";"Pleno dia";"Crescente";"Nublado";"Simples";"Reta";"Não";2;0;0;0;2;0;0;2;-15,45717878;-59,09780256;"SPRF-MT";"DEL04-MT";"UOP01-DEL04-MT"
474507;2022-09-15;"quinta-feira";"09:00:00";"MG";381;884,4;"ESTIVA";"Condutor deixou de manter distância do veículo da frente";"Colisão traseira";"Sem Vítimas";"Pleno dia";"Crescente";"Garoa/Chuvisco";"Dupla";"Reta";"Não";2;0;0;0;1;1;0;2;-22,53552002;-46,03550597;"SPRF-MG";"DEL16-MG";"UOP03-DEL16-MG"
474511;2022-08-03;"quarta-feira";"23:00:00";"RJ";101;391;"ITAGUAI";"Demais falhas mecânicas ou elétricas";"Incêndio";"Sem Vítimas";"Plena Noite";"Decrescente";"Céu Claro";"Dupla";"Reta";"Não";1;0;0;0;1;0;0;1;-22,894827;-43,68492;"SPRF-RJ";"DEL03-RJ";"UOP01-DEL03-RJ"
474513;2022-09-15;"quinta-feira";"09:50:00";"SP";381;75,5;"SAO PAULO";"Ausência de reação do condutor";"Colisão traseira";"Sem Vítimas";"Pleno dia";"Decrescente";"Garoa/Chuvisco";"Dupla";"Curva";"Não";3;0;0;0;2;1;0;3;-23,37660089;-46,56409613;"SPRF-SP";"DEL03-SP";"UOP01-DEL03-SP"
474519;2022-09-15;"quinta-feira";"11:18:00";"MG";381;889;"ESTIVA";"Reação tardia ou ineficiente do condutor";"Colisão com objeto";"Com Vítimas Feridas";"Pleno dia";"Crescente";"Céu Claro";"Dupla";"Declive";"Não";2;0;1;0;1;0;1;2;-22,53253659;-46,02859497;"SPRF-MG";"DEL16-MG";"UOP03-DEL16-MG"
474523;2022-09-15;"quinta-feira";"12:00:00";"MG";381;873,9;"POUSO ALEGRE";"Velocidade Incompatível";"Tombamento";"Com Vítimas Feridas";"Pleno dia";"Crescente";"Nublado";"Dupla";"Curva;Declive";"Não";3;0;1;0;1;2;1;4;-22,42099999;-45,96577844;"SPRF-MG";"DEL16-MG";"UOP01-DEL16-MG"
474525;2022-09-15;"quinta-feira";"06:13:00";"AM";174;895;"MANAUS";"Demais falhas na via";"Colisão lateral mesmo sentido";"Sem Vítimas";"Amanhecer";"Crescente";"Céu Claro";"Simples";"Aclive";"Não";4;0;0;0;3;4;0;7;-2,85248508;-60,03576584;"SPRF-AM";"DEL01-AM";"UOP01-DEL01-AM"
474530;2022-09-15;"quinta-feira";"12:00:00";"PE";232;6,6;"RECIFE";"Ausência de reação do condutor";"Colisão lateral mesmo sentido";"Sem Vítimas";"Pleno dia";"Crescente";"Sol";"Dupla";"Reta";"Sim";2;0;0;0;2;0;0;2;-8,07079525;-34,9535389;"SPRF-PE";"DEL01-PE";"UOP01-DEL01-PE"
474535;2022-09-15;"quinta-feira";"13:25:00";"BA";101;913;"NOVA VICOSA";"Reação tardia ou ineficiente do condutor";"Tombamento";"Com Vítimas Feridas";"Pleno dia";"Crescente";"Céu Claro";"Simples";"Reta";"Não";3;0;1;1;1;0;2;1;-18,02214003;-39,86241954;"SPRF-BA";"DEL09-BA";"UOP02-DEL09-BA"
474546;2022-09-15;"quinta-feira";"12:35:00";"BA";116;643,8;"JAGUAQUARA";"Problema com o freio";"Colisão traseira";"Com Vítimas Feridas";"Pleno dia";"Crescente";"Céu Claro";"Dupla";"Curva";"Não";3;0;0;2;0;1;2;3;-13,55599586;-40,07502733;"SPRF-BA";"DEL03-BA";"UOP01-DEL03-BA"
474551;2022-09-15;"quinta-feira";"14:45:00";"SP";381;87,9;"GUARULHOS";"Reação tardia ou ineficiente do condutor";"Colisão traseira";"Com Vítimas Feridas";"Pleno dia";"Decrescente";"Nublado";"Múltipla";"Reta";"Sim";2;0;0;1;1;0;1;2;-23,477706;-46,559939;"SPRF-SP";"DEL03-SP";"UOP01-DEL03-SP"
474553;2022-09-15;"quinta-feira";"14:50:00";"GO";153;575;"PROFESSOR JAMIL";"Manobra de mudança de faixa";"Colisão lateral mesmo sentido";"Com Vítimas Feridas";"Pleno dia";"Decrescente";"Céu Claro";"Dupla";"Reta";"Não";5;0;2;0;2;1;2;3;-17,3442;-49,2472;"SPRF-GO";"DEL03-GO";"UOP01-DEL03-GO"
474557;2022-09-15;"quinta-feira";"09:45:00";"PR";476;261,9;"SAO MATEUS DO SUL";"Manobra de mudança de faixa";"Colisão lateral sentido oposto";"Com Vítimas Feridas";"Pleno dia";"Decrescente";"Céu Claro";"Simples";"Curva";"Não";3;0;1;0;1;2;1;4;-25,89557037;-50,26180601;"SPRF-PR";"DEL02-PR";"UOP04-DEL02-PR"
474559;2022-09-15;"quinta-feira";"15:20:00";"MG";153;0,6;"ARAPORA";"Condutor deixou de manter distância do veículo da frente";"Colisão traseira";"Com Vítimas Feridas";"Pleno dia";"Decrescente";"Sol";"Simples";"Reta;Ponte";"Não";3;0;1;0;1;1;1;3;-18,41758;-49,194427;"SPRF-MG";"DEL15-MG";"UOP03-DEL15-MG"
474563;2022-09-15;"quinta-feira";"16:10:00";"PR";476;138;"CURITIBA";"Ausência de reação do condutor";"Tombamento";"Com Vítimas Feridas";"Pleno dia";"Decrescente";"Garoa/Chuvisco";"Múltipla";"Reta";"Sim";3;0;1;0;2;0;1;2;-25,508542;-49,285697;"SPRF-PR";"DEL01-PR";"UOP03-DEL01-PR"
474567;2022-09-15;"quinta-feira";"17:20:00";"RN";304;296;"MACAIBA";"Acessar a via sem observar a presença dos outros veículos";"Colisão transversal";"Com Vítimas Feridas";"Anoitecer";"Decrescente";"Céu Claro";"Simples";"Interseção de Vias";"Sim";3;0;0;1;1;2;1;4;-5,86484905;-35,34931012;"SPRF-RN";"DEL01-RN";"UOP02-DEL01-RN"
474573;2022-09-15;"quinta-feira";"10:15:00";"BA";116;192;"EUCLIDES DA CUNHA";"Reação tardia ou ineficiente do condutor";"Saída de leito carroçável";"Com Vítimas Feridas";"Pleno dia";"Decrescente";"Céu Claro";"Simples";"Reta";"Não";2;0;1;0;0;1;1;2;-10,3300661;-39,06154239;"SPRF-BA";"DEL07-BA";"UOP02-DEL07-BA"
474575;2022-09-15;"quinta-feira";"18:00:00";"SC";280;11;"SAO FRANCISCO DO SUL";"Demais falhas mecânicas ou elétricas";"Colisão com objeto";"Com Vítimas Feridas";"Plena Noite";"Decrescente";"Chuva";"Simples";"Reta;Aclive";"Não";7;0;2;0;3;3;2;6;-26,304752;-48,641014;"SPRF-SC";"DEL03-SC";"UOP03-DEL03-SC"
474576;2022-09-15;"quinta-feira";"16:40:00";"TO";153;133;"ARAGUAINA";"Reação tardia ou ineficiente do condutor";"Tombamento";"Sem Vítimas";"Pleno dia";"Decrescente";"Garoa/Chuvisco";"Simples";"Rotatória";"Não";2;0;0;0;1;1;0;2;-7,11461109;-48,18743388;"SPRF-TO";"DEL02-TO";"UOP01-DEL02-TO"
474577;2022-09-15;"quinta-feira";"17:30:00";"RJ";40;110;"DUQUE DE CAXIAS";"Manobra de mudança de faixa";"Colisão lateral mesmo sentido";"Com Vítimas Feridas";"Anoitecer";"Decrescente";"Chuva";"Múltipla";"Reta";"Não";2;0;1;0;1;0;1;2;-22,68289906;-43,28549346;"SPRF-RJ";"DEL01-RJ";"UOP01-DEL01-RJ"
474580;2022-09-15;"quinta-feira";"17:30:00";"GO";40;44,4;"LUZIANIA";"Transitar na contramão";"Colisão frontal";"Com Vítimas Fatais";"Pleno dia";"Decrescente";"Céu Claro";"Simples";"Aclive";"Não";2;1;1;0;0;0;1;2;-16,393143;-47,824869;"SPRF-DF";"DEL01-DF";"UOP02-DEL01-DF"