"id";"data_inversa";"dia_semana";"horario";"uf";"br";"km";"municipio";"causa_acidente";"tipo_acidente";"classificacao_acidente";"fase_dia";"sentido_via";"condicao_metereologica";"tipo_pista";"tracado_via";"uso_solo";"pessoas";"mortos";"feridos_leves";"feridos_graves";"ilesos";"ignorados";"feridos";"veiculos";"latitude";"longitude";"regional";"delegacia";"uop"
474888;2022-09-17;"sábado";"04:05:00";"SE";101;84,7;"LARANJEIRAS";"Afundamento ou ondulação no pavimento";"Colisão com objeto";"Com Vítimas Feridas";"Plena Noite";"Crescente";"Céu Claro";"Dupla";"Reta";"Não";2;0;1;0;0;1;1;2;-10,835002;-37,13775504;"SPRF-SE";"DEL01-SE";"UOP01-DEL01-SE"
474890;2022-09-17;"sábado";"06:00:00";"MG";116;553,7;"SANTA BARBARA DO LESTE";"Transitar na contramão";"Colisão frontal";"Com Vítimas Fatais";"Amanhecer";"Decrescente";"Garoa/Chuvisco";"Simples";"Reta;Aclive";"Não";4;1;0;0;1;4;0;6;-20,00117809;-42,14034158;"SPRF-MG";"DEL06-MG";"UOP02-DEL06-MG"
474893;2022-09-16;"sexta-feira";"23:00:00";"MG";50;42,8;"ARAGUARI";"Reação tardia ou ineficiente do condutor";"Saída de leito carroçável";"Com Vítimas Feridas";"Plena Noite";"Crescente";"Céu Claro";"Dupla";"Reta";"Não";2;0;1;0;0;2;1;3;-18,69101412;-48,18009275;"SPRF-MG";"DEL15-MG";"UOP02-DEL15-MG"
474901;2022-09-17;"sábado";"06:40:00";"GO";452;2;"RIO VERDE";"Manobra de mudança de faixa";"Colisão lateral mesmo sentido";"Sem Vítimas";"Pleno dia";"Crescente";"Céu Claro";"Múltipla";"Reta";"Sim";6;0;0;0;5;2;0;5;-17,79595391;-50,88555295;"SPRF-GO";"DEL04-GO";"UOP01-DEL04-GO"
474903;2022-09-17;"sábado";"04:30:00";"RO";319;62;"PORTO VELHO";"Ingestão de álcool pelo condutor";"Atropelamento de Pedestre";"Com Vítimas Feridas";"Amanhecer";"Crescente";"Céu Claro";"Dupla";"Reta";"Sim";3;0;0;1;2;0;1;3;-8,766685;-63,884052;"SPRF-RO";"DEL01-RO";"UOP01-DEL01-RO"
474904;2022-09-17;"sábado";"05:25:00";"RJ";493;25;"MAGE";"Pedestre andava na pista";"Atropelamento de Pedestre";"Com Vítimas Fatais";"Amanhecer";"Decrescente";"Chuva";"Simples";"Reta";"Sim";2;1;0;0;0;1;0;2;-22,65788388;-43,079654;"SPRF-RJ";"DEL04-RJ";"UOP02-DEL04-RJ"
474907;2022-09-17;"sábado";"07:20:00";"PR";376;658,6;"TIJUCAS DO SUL";"Demais falhas mecânicas ou elétricas";"Incêndio";"Sem Vítimas";"Pleno dia";"Decrescente";"Nublado";"Simples";"Reta";"Não";2;0;0;0;1;1;0;2;-25,85300602;-49,02166198;"SPRF-PR";"DEL01-PR";"UOP04-DEL01-PR"
474911;2022-09-17;"sábado";"05:50:00";"SC";101;228;"PALHOCA";"Ausência de reação do condutor";"Colisão traseira";"Com Vítimas Feridas";"Amanhecer";"Crescente";"Chuva";"Dupla";"Reta";"Não";4;0;3;0;1;0;3;2;-27,7597249;-48,63078869;"SPRF-SC";"DEL01-SC";"UOP02-DEL01-SC"
474918;2022-09-17;"sábado";"08:01:00";"PE";101;50,4;"ABREU E LIMA";"Manobra de mudança de faixa";"Colisão traseira";"Sem Vítimas";"Pleno dia";"Decrescente";"Céu Claro";"Múltipla";"Reta";"Sim";3;0;0;0;2;1;0;3;-7,91376271;-34,89926755;"SPRF-PE";"DEL01-PE";"UOP02-DEL01-PE"
474922;2022-07-31;"domingo";"20:30:00";"PR";487;118,8;"TUNEIRAS DO OESTE";"Transitar na contramão";"Colisão frontal";"Com Vítimas Fatais";"Pleno dia";"Crescente";"Céu Claro";"Simples";"Reta";"Não";2;1;1;0;0;0;1;2;-23,84230361;-52,94115186;"SPRF-PR";"DEL09-PR";"UOP03-DEL09-PR"
474924;2022-09-17;"sábado";"08:20:00";"MG";251;333,9;"FRUTA DE LEITE";"Reação tardia ou ineficiente do condutor";"Tombamento";"Com Vítimas Fatais";"Pleno dia";"Decrescente";"Sol";"Simples";"Curva";"Não";4;1;2;0;0;2;2;4;-16,25683842;-42,43114276;"SPRF-MG";"DEL12-MG";"UOP01-DEL12-MG"
474926;2022-09-17;"sábado";"06:10:00";"PR";476;137;"CURITIBA";"Ingestão de álcool pelo condutor";"Colisão traseira";"Sem Vítimas";"Pleno dia";"Decrescente";"Nublado";"Múltipla";"Interseção de Vias";"Sim";2;0;0;0;2;0;0;2;-25,498302;-49,277546;"SPRF-PR";"DEL01-PR";"UOP03-DEL01-PR"
474927;2022-09-17;"sábado";"07:30:00";"MG";267;161;"LIMA DUARTE";"Acessar a via sem observar a presença dos outros veículos";"Colisão transversal";"Sem Vítimas";"Pleno dia";"Crescente";"Céu Claro";"Simples";"Interseção de Vias";"Sim";4;0;0;0;1;3;0;2;-21,8462762;-43,79762289;"SPRF-MG";"DEL05-MG";"UOP01-DEL05-MG"
474930;2022-09-17;"sábado";"06:22:00";"RN";304;167;"ANGICOS";"Condutor Dormindo";"Colisão frontal";"Com Vítimas Feridas";"Pleno dia";"Crescente";"Céu Claro";"Simples";"Reta";"Não";3;0;1;0;1;1;1;3;-5,6806294;-36,45476004;"SPRF-RN";"DEL01-RN";"UOP03-DEL01-RN"
474934;2022-09-17;"sábado";"08:55:00";"PR";369;391,2;"MAMBORE";"Problema com o freio";"Colisão frontal";"Com Vítimas Feridas";"Pleno dia";"Crescente";"Sol";"Simples";"Interseção de Vias";"Não";3;0;1;0;1;2;1;4;-24,28220558;-52,54667401;"SPRF-PR";"DEL04-PR";"UOP03-DEL04-PR"
474937;2022-09-02;"sexta-feira";"16:53:00";"TO";153;575;"SANTA RITA DO TOCANTINS";"Declive acentuado";"Colisão lateral sentido oposto";"Com Vítimas Feridas";"Pleno dia";"Crescente";"Céu Claro";"Simples";"Reta;Aclive";"Não";4;0;1;1;1;1;2;3;-10,87325201;-48,90596476;"SPRF-TO";"DEL01-TO";"UOP01-DEL01-TO"
474949;2022-09-17;"sábado";"06:40:00";"MG";116;624,9;"ORIZANIA";"Ultrapassagem Indevida";"Colisão frontal";"Com Vítimas Feridas";"Amanhecer";"Crescente";"Garoa/Chuvisco";"Simples";"Reta";"Não";4;0;2;0;1;1;2;3;-20,53111007;-42,20163271;"SPRF-MG";"DEL07-MG";"UOP03-DEL07-MG"
474950;2022-09-17;"sábado";"10:00:00";"MT";364;108;"RONDONOPOLIS";"Problema com o freio";"Colisão traseira";"Com Vítimas Feridas";"Pleno dia";"Decrescente";"Sol";"Múltipla";"Reta";"Não";3;0;1;0;1;4;1;6;-16,57941705;-54,68745942;"SPRF-MT";"DEL02-MT";"UOP02-DEL02-MT"
474951;2022-09-17;"sábado";"10:31:00";"MG";365;393;"PATOS DE MINAS";"Acumulo de água sobre o pavimento";"Colisão frontal";"Com Vítimas Feridas";"Pleno dia";"Decrescente";"Garoa/Chuvisco";"Simples";"Curva";"Não";8;0;0;2;4;3;2;6;-18,63481872;-46,34836686;"SPRF-MG";"DEL10-MG";"UOP01-DEL10-MG"
474954;2022-09-17;"sábado";"11:45:00";"BA";101;502;"ITABUNA";"Acessar a via sem observar a presença dos outros veículos";"Colisão transversal";"Com Vítimas Fatais";"Pleno dia";"Decrescente";"Céu Claro";"Simples";"Reta";"Não";2;1;0;0;1;0;0;2;-14,92453419;-39,29545275;"SPRF-BA";"DEL05-BA";"UOP01-DEL05-BA"
474958;2022-09-17;"sábado";"11:00:00";"BA";324;582;"CANDEIAS";"Ingestão de álcool pelo condutor";"Colisão traseira";"Sem Vítimas";"Pleno dia";"Crescente";"Céu Claro";"Dupla";"Reta";"Não";3;0;0;0;2;2;0;4;-12,60856603;-38,49390902;"SPRF-BA";"DEL01-BA";"UOP01-DEL01-BA"
474963;2022-09-17;"sábado";"13:20:00";"GO";70;189,7;"ITABERAI";"Desrespeitar a preferência no cruzamento";"Colisão transversal";"Com Vítimas Feridas";"Pleno dia";"Crescente";"Sol";"Simples";"Interseção de Vias;Reta";"Sim";6;0;1;3;1;1;4;3;-16,02500507;-49,77733612;"SPRF-GO";"DEL02-GO";"UOP02-DEL02-GO"
474967;2022-09-17;"sábado";"12:40:00";"ES";101;4;"PEDRO CANARIO";"Velocidade Incompatível";"Colisão frontal";"Com Vítimas Feridas";"Pleno dia";"Crescente";"Nublado";"Simples";"Curva";"Não";4;0;0;2;1;1;2;3;-18,2058992;-39,93492691;"SPRF-ES";"DEL04-ES";"UOP02-DEL04-ES"
474970;2022-09-17;"sábado";"13:21:00";"PE";101;74;"RECIFE";"Condutor deixou de manter distância do veículo da frente";"Colisão traseira";"Com Vítimas Feridas";"Pleno dia";"Decrescente";"Céu Claro";"Dupla";"Reta";"Sim";2;0;0;1;1;0;1;2;-8,10146485;-34,94901577;"SPRF-PE";"DEL01-PE";"UOP01-DEL01-PE"
474972;2022-09-17;"sábado";"13:00:00";"RN";101;85,5;"NATAL";"Condutor deixou de manter distância do veículo da frente";"Colisão traseira";"Com Vítimas Feridas";"Pleno dia";"Decrescente";"Sol";"Dupla";"Ponte";"Não";4;0;0;2;1;1;2;3;-5,78299794;-35,24697304;"SPRF-RN";"DEL02-RN";"UOP01-DEL02-RN"
474978;2022-09-17;"sábado";"12:30:00";"MT";364;208;"RONDONOPOLIS";"Demais falhas mecânicas ou elétricas";"Incêndio";"Sem Vítimas";"Pleno dia";"Decrescente";"Céu Claro";"Dupla";"Interseção de Vias";"Não";2;0;0;0;1;2;0;3;-16,43621099;-54,68287599;"SPRF-MT";"DEL02-MT";"UOP01-DEL02-MT"
474980;2022-09-17;"sábado";"14:00:00";"PR";277;94;"CURITIBA";"Ausência de reação do condutor";"Colisão traseira";"Com Vítimas Feridas";"Pleno dia";"Crescente";"Nublado";"Dupla";"Interseção de Vias";"Sim";2;0;1;0;1;0;1;2;-25,55282988;-49,27722493;"SPRF-PR";"DEL01-PR";"UOP06-DEL01-PR"
474990;2022-09-17;"sábado";"12:10:00";"MA";135;80,7;"ITAPECURU MIRIM";"Reação tardia ou ineficiente do condutor";"Engavetamento";"Com Vítimas Feridas";"Pleno dia";"Decrescente";"Céu Claro";"Simples";"Em Obras";"Sim";7;0;5;0;2;0;5;3;-3,221162;-44,36206;"SPRF-MA";"DEL01-MA";"UOP02-DEL01-MA"
474991;2022-09-17;"sábado";"11:00:00";"MG";251;209;"CACHOEIRA DE PAJEU";"Reação tardia ou ineficiente do condutor";"Saída de leito carroçável";"Sem Vítimas";"Pleno dia";"Crescente";"Céu Claro";"Simples";"Curva";"Não";2;0;0;0;1;1;0;2;-15,9039968;-41,53868225;"SPRF-MG";"DEL11-MG";"UOP02-DEL11-MG"
475000;2022-09-17;"sábado";"15:20:00";"PI";230;188,7;"OEIRAS";"Transitar na contramão";"Colisão frontal";"Com Vítimas Fatais";"Pleno dia";"Crescente";"Céu Claro";"Simples";"Reta";"Não";3;1;0;0;1;2;0;4;-6,984621;-42,069421;"SPRF-PI";"DEL04-PI";"UOP01-DEL04-PI"
475001;2022-09-17;"sábado";"14:45:00";"PR";116;0,7;"CAMPINA GRANDE DO SUL";"Ausência de reação do condutor";"Colisão traseira";"Com Vítimas Feridas";"Pleno dia";"Crescente";"Nublado";"Dupla";"Reta";"Não";4;0;1;0;2;1;1;3;-25,0604;-48,562973;"SPRF-PR";"DEL01-PR";"UOP02-DEL01-PR"
475003;2022-09-17;"sábado";"16:00:00";"RS";293;105;"PINHEIRO MACHADO";"Demais falhas mecânicas ou elétricas";"Incêndio";"Sem Vítimas";"Pleno dia";"Crescente";"Céu Claro";"Simples";"Reta";"Sim";2;0;0;0;1;1;0;2;-31,58287601;-53,35585301;"SPRF-RS";"DEL11-RS";"UOP03-DEL11-RS"
475005;2022-09-17;"sábado";"16:50:00";"CE";116;14;"FORTALEZA";"Entrada inopinada do pedestre";"Atropelamento de Pedestre";"Com Vítimas Feridas";"Pleno dia";"Crescente";"Céu Claro";"Dupla";"Reta";"Sim";2;0;0;1;1;0;1;2;-3,879157;-38,500744;"SPRF-CE";"DEL01-CE";"UOP02-DEL01-CE"
475012;2022-09-17;"sábado";"17:28:00";"MG";50;119;"UBERABA";"Velocidade Incompatível";"Colisão transversal";"Com Vítimas Feridas";"Pleno dia";"Decrescente";"Céu Claro";"Dupla";"Retorno Regulamentado";"Não";3;0;0;1;1;1;1;3;-19,29969201;-48,11376802;"SPRF-MG";"DEL13-MG";"UOP01-DEL13-MG"
475015;2022-09-17;"sábado";"17:45:00";"SP";116;145,5;"SAO JOSE DOS CAMPOS";"Manobra de mudança de faixa";"Colisão traseira";"Com Vítimas Fatais";"Anoitecer";"Crescente";"Céu Claro";"Dupla";"Reta";"Sim";4;1;0;1;2;0;1;3;-23,19122919;-45,86327591;"SPRF-SP";"DEL02-SP";"UOP01-DEL02-SP"
475019;2022-09-17;"sábado";"14:30:00";"MG";381;908,1;"CAMBUI";"Velocidade Incompatível";"Tombamento";"Com Vítimas Feridas";"Pleno dia";"Decrescente";"Céu Claro";"Dupla";"Curva;Declive";"Não";2;0;1;0;0;1;1;2;-22,71744092;-46,12652111;"SPRF-MG";"DEL16-MG";"UOP03-DEL16-MG"
475029;2022-09-17;"sábado";"17:20:00";"MG";116;409,7;"GOVERNADOR VALADARES";"Curva acentuada";"Tombamento";"Com Vítimas Feridas";"Anoitecer";"Crescente";"Chuva";"Simples";"Curva";"Sim";4;0;3;0;0;1;3;2;-18,84708115;-41,98073387;"SPRF-MG";"DEL06-MG";"UOP01-DEL06-MG"
475033;2022-09-17;"sábado";"19:35:00";"SP";116;280;"EMBU DAS ARTES";"Ingestão de álcool pelo condutor";"Colisão lateral mesmo sentido";"Sem Vítimas";"Plena Noite";"Crescente";"Garoa/Chuvisco";"Dupla";"Reta";"Sim";3;0;0;0;2;2;0;4;-23,66996108;-46,85590758;"SPRF-SP";"DEL04-SP";"UOP01-DEL04-SP"
475040;2022-09-17;"sábado";"16:50:00";"BA";116;350;"SERRINHA";"Acumulo de areia ou detritos sobre o pavimento";"Saída de leito carroçável";"Sem Vítimas";"Pleno dia";"Decrescente";"Céu Claro";"Simples";"Reta";"Não";2;0;0;0;1;1;0;2;-11,59121503;-38,98584031;"SPRF-BA";"DEL02-BA";"UOP01-DEL02-BA"
475064;2022-09-17;"sábado";"19:20:00";"RJ";116;127;"MAGE";"Velocidade Incompatível";"Colisão transversal";"Com Vítimas Feridas";"Plena Noite";"Crescente";"Nublado";"Simples";"Viaduto";"Sim";3;0;0;1;1;1;1;2;-22,66137035;-43,09295957;"SPRF-RJ";"DEL04-RJ";"UOP02-DEL04-RJ"
475066;2022-09-17;"sábado";"15:45:00";"MT";163;603;"NOVA MUTUM";"Velocidade Incompatível";"Colisão com objeto";"Com Vítimas Feridas";"Pleno dia";"Crescente";"Céu Claro";"Simples";"Rotatória";"Sim";3;0;1;0;1;3;1;5;-13,79435287;-56,06629198;"SPRF-MT";"DEL01-MT";"UOP01-DEL01-MT"
475069;2022-09-17;"sábado";"22:20:00";"MG";251;472;"FRANCISCO SA";"Reação tardia ou ineficiente do condutor";"Colisão traseira";"Com Vítimas Feridas";"Plena Noite";"Crescente";"Céu Claro";"Simples";"Declive;Reta";"Não";49;0;2;0;46;1;2;3;-16,4669101;-43,43947986;"SPRF-MG";"DEL12-MG";"UOP01-DEL12-MG"
475077;2022-09-17;"sábado";"21:20:00";"MG";262;589,2;"CAMPOS ALTOS";"Velocidade Incompatível";"Saída de leito carroçável";"Com Vítimas Fatais";"Plena Noite";"Decrescente";"Céu Claro";"Simples";"Curva";"Não";1;1;0;0;0;0;0;1;-19,66756392;-46,14455223;"SPRF-MG";"DEL08-MG";"UOP02-DEL08-MG"
475085;2022-09-17;"sábado";"22:10:00";"MG";116;703,2;"MURIAE";"Transitar na contramão";"Colisão frontal";"Com Vítimas Feridas";"Plena Noite";"Crescente";"Nublado";"Simples";"Reta";"Sim";5;0;1;1;1;2;2;4;-21,12682309;-42,3832189;"SPRF-MG";"DEL07-MG";"UOP02-DEL07-MG"
475088;2022-09-17;"sábado";"22:30:00";"SC";116;211,9;"PONTE ALTA";"Ingestão de álcool pelo condutor";"Colisão transversal";"Sem Vítimas";"Plena Noite";"Decrescente";"Céu Claro";"Simples";"Curva";"Não";3;0;0;0;2;1;0;3;-27,51040007;-50,36397936;"SPRF-SC";"DEL05-SC";"UOP03-DEL05-SC"
475090;2022-09-17;"sábado";"23:05:00";"GO";20;14;"FORMOSA";"Manobra de mudança de faixa";"Tombamento";"Com Vítimas Feridas";"Plena Noite";"Crescente";"Garoa/Chuvisco";"Simples";"Interseção de Vias";"Não";2;0;1;0;0;1;1;2;-15,567566;-47,231537;"SPRF-DF";"DEL02-DF";"UOP01-DEL02-DF"
475101;2022-09-18;"domingo";"01:40:00";"MG";381;938;"EXTREMA";"Ausência de reação do condutor";"Saída de leito carroçável";"Com Vítimas Feridas";"Plena Noite";"Crescente";"Céu Claro";"Dupla";"Reta";"Sim";1;0;1;0;0;0;1;1;-22,81546476;-46,29228334;"SPRF-MG";"DEL16-MG";"UOP03-DEL16-MG"
475112;2022-09-18;"domingo";"02:20:00";"BA";101;693;"EUNAPOLIS";"Transitar na contramão";"Colisão lateral sentido oposto";"Sem Vítimas";"Plena Noite";"Decrescente";"Nublado";"Simples";"Reta";"Não";2;0;0;0;1;1;0;2;-16,35950997;-39,57983311;"SPRF-BA";"DEL09-BA";"UOP01-DEL09-BA"
475113;2022-09-18;"domingo";"03:00:00";"SC";101;287,2;"IMBITUBA";"Condutor Dormindo";"Saída de leito carroçável";"Com Vítimas Fatais";"Plena Noite";"Decrescente";"Céu Claro";"Dupla";"Reta";"Não";1;1;0;0;0;0;0;1;-28,2588648;-48,7044101;"SPRF-SC";"DEL02-SC";"UOP03-DEL02-SC"
475119;2022-09-18;"domingo";"03:40:00";"RS";285;198;"LAGOA VERMELHA";"Ingestão de álcool pelo condutor";"Saída de leito carroçável";"Sem Vítimas";"Plena Noite";"Decrescente";"Céu Claro";"Simples";"Reta";"Sim";2;0;0;0;1;1;0;2;-28,210049;-51,511726;"SPRF-RS";"DEL08-RS";"UOP05-DEL08-RS"
475123;2022-09-17;"sábado";"23:30:00";"PR";163;117,5;"CAPANEMA";"Velocidade Incompatível";"Colisão frontal";"Com Vítimas Fatais";"Plena Noite";"Decrescente";"Céu Claro";"Simples";"Curva";"Não";2;1;0;0;1;0;0;2;-25,61223494;-53,64290028;"SPRF-PR";"DEL02-PR";"UOP02-DEL02-PR"
475128;2022-09-18;"domingo";"06:00:00";"BA";101;24;"ESPLANADA";"Demais falhas mecânicas ou elétricas";"Saída de leito carroçável";"Com Vítimas Feridas";"Pleno dia";"Decrescente";"Sol";"Simples";"Reta;Desvio Temporário;Em Obras";"Não";2;0;1;0;0;1;1;2;-11,68932622;-37,90193081;"SPRF-SE";"DEL02-SE";"UOP03-DEL02-SE"
475129;2022-09-18;"domingo";"03:11:00";"PI";316;77;"MIGUEL LEAO";"Condutor Dormindo";"Tombamento";"Com Vítimas Feridas";"Plena Noite";"Crescente";"Céu Claro";"Simples";"Curva";"Não";1;0;1;0;0;0;1;1;-5,71848967;-42,60454112;"SPRF-PI";"DEL01-PI";"UOP02-DEL01-PI"
475150;2022-09-17;"sábado";"18:15:00";"BA";101;677;"ITAGIMIRIM";"Acessar a via sem observar a presença dos outros veículos";"Colisão transversal";"Com Vítimas Feridas";"Plena Noite";"Crescente";"Nublado";"Simples";"Reta";"Não";4;0;0;1;2;3;1;6;-16,09859801;-39,61669922;"SPRF-BA";"DEL09-BA";"UOP01-DEL09-BA"
475152;2022-09-18;"domingo";"04:05:00";"PI";343;290,8;"ALTOS";"Reação tardia ou ineficiente do condutor";"Saída de leito carroçável";"Com Vítimas Feridas";"Plena Noite";"Crescente";"Céu Claro";"Simples";"Curva";"Não";1;0;1;0;0;0;1;1;-4,950524;-42,344837;"SPRF-PI";"DEL01-PI";"UOP03-DEL01-PI"
475156;2022-09-18;"domingo";"02:00:00";"SP";116;16;"LAVRINHAS";"Ausência de reação do condutor";"Tombamento";"Sem Vítimas";"Plena Noite";"Decrescente";"Céu Claro";"Dupla";"Reta";"Não";1;0;0;0;1;0;0;1;-22,55822433;-44,83795788;"SPRF-SP";"DEL08-SP";"UOP02-DEL08-SP"
475158;2022-09-18;"domingo";"07:30:00";"SC";101;118;"ITAJAI";"Entrada inopinada do pedestre";"Atropelamento de Pedestre";"Com Vítimas Feridas";"Pleno dia";"Decrescente";"Chuva";"Múltipla";"Reta";"Sim";3;0;0;1;1;1;1;3;-26,895859;-48,71903;"SPRF-SC";"DEL04-SC";"UOP04-DEL04-SC"
475159;2022-09-17;"sábado";"19:00:00";"GO";153;572;"PROFESSOR JAMIL";"Ausência de reação do condutor";"Tombamento";"Com Vítimas Feridas";"Plena Noite";"Decrescente";"Céu Claro";"Dupla";"Reta";"Não";2;0;1;0;0;1;1;2;-17,3209;-49,2392;"SPRF-GO";"DEL03-GO";"UOP01-DEL03-GO"
475164;2022-09-18;"domingo";"07:50:00";"TO";153;334;"GUARAI";"Ingestão de substâncias psicoativas pelo condutor";"Colisão com objeto";"Sem Vítimas";"Pleno dia";"Crescente";"Céu Claro";"Dupla";"Reta";"Sim";3;0;0;0;2;2;0;4;-8,835718;-48,512123;"SPRF-TO";"DEL02-TO";"UOP02-DEL02-TO"
475165;2022-09-18;"domingo";"04:15:00";"MG";381;549,1;"ITATIAIUCU";"Condutor Dormindo";"Saída de leito carroçável";"Com Vítimas Feridas";"Plena Noite";"Decrescente";"Nublado";"Dupla";"Reta";"Não";2;0;1;0;0;1;1;2;-20,31815092;-44,45448614;"SPRF-MG";"DEL04-MG";"UOP03-DEL04-MG"
475166;2022-09-18;"domingo";"07:30:00";"MT";163;792;"VERA";"Ingestão de álcool pelo condutor";"Colisão traseira";"Com Vítimas Feridas";"Pleno dia";"Crescente";"Céu Claro";"Simples";"Reta";"Não";3;0;1;0;1;1;1;3;-12,3529838;-55,59851843;"SPRF-MT";"DEL06-MT";"UOP01-DEL06-MT"
475172;2022-09-18;"domingo";"05:50:00";"MT";163;977;"TERRA NOVA DO NORTE";"Manobra de mudança de faixa";"Colisão lateral sentido oposto";"Com Vítimas Feridas";"Pleno dia";"Decrescente";"Céu Claro";"Simples";"Reta";"Não";3;0;0;1;1;2;1;4;-10,668008;-55,136465;"SPRF-MT";"DEL06-MT";"NPF/DEL06-MT"
475175;2022-09-18;"domingo";"06:40:00";"MS";376;111,3;"IVINHEMA";"Transitar na contramão";"Colisão frontal";"Com Vítimas Fatais";"Pleno dia";"Crescente";"Céu Claro";"Simples";"Reta";"Não";3;1;0;0;1;3;0;5;-22,29912034;-53,87112212;"SPRF-MS";"DEL04-MS";"UOP04-DEL04-MS"
475190;2022-09-18;"domingo";"11:35:00";"DF";70;15;"BRASILIA";"Condutor deixou de manter distância do veículo da frente";"Colisão traseira";"Com Vítimas Feridas";"Pleno dia";"Decrescente";"Céu Claro";"Dupla";"Reta";"Não";2;0;1;0;1;0;1;2;-15,79720284;-48,1907022;"SPRF-DF";"DEL03-DF";"UOP02-DEL03-DF"
475194;2022-09-18;"domingo";"11:50:00";"RS";290;103;"PORTO ALEGRE";"Manobra de mudança de faixa";"Colisão lateral mesmo sentido";"Sem Vítimas";"Pleno dia";"Crescente";"Céu Claro";"Dupla";"Ponte";"Sim";2;0;0;0;2;0;0;2;-29,99017;-51,265766;"SPRF-RS";"DEL01-RS";"UOP01-DEL01-RS"
475199;2022-09-18;"domingo";"11:00:00";"PR";116;197;"RIO NEGRO";"Ingestão de álcool pelo condutor";"Derramamento de carga";"Sem Vítimas";"Pleno dia";"Crescente";"Céu Claro";"Simples";"Reta";"Não";2;0;0;0;1;1;0;2;-26,02848128;-49,68446732;"SPRF-SC";"DEL06-SC";"UOP01-DEL06-SC"
475203;2022-09-18;"domingo";"13:30:00";"MG";153;175;"COMENDADOR GOMES";"Ausência de reação do condutor";"Colisão traseira";"Com Vítimas Feridas";"Pleno dia";"Decrescente";"Céu Claro";"Simples";"Reta";"Não";3;0;1;0;1;4;1;6;-19,75269;-48,968228;"SPRF-MG";"DEL13-MG";"UOP02-DEL13-MG"
475205;2022-09-18;"domingo";"13:40:00";"PB";230;40,4;"SANTA RITA";"Ausência de reação do condutor";"Saída de leito carroçável";"Com Vítimas Feridas";"Pleno dia";"Crescente";"Céu Claro";"Dupla";"Reta;Aclive";"Não";2;0;1;0;0;1;1;2;-7,1414;-34,9778;"SPRF-PB";"DEL01-PB";"UOP03-DEL01-PB"
475209;2022-09-18;"domingo";"13:20:00";"BA";116;372,8;"LAMARAO";"Mal súbito do condutor";"Colisão lateral sentido oposto";"Com Vítimas Feridas";"Pleno dia";"Decrescente";"Céu Claro";"Simples";"Declive";"Não";4;0;1;0;1;2;1;4;-11,77929;-38,985714;"SPRF-BA";"DEL02-BA";"UOP01-DEL02-BA"
475241;2022-09-18;"domingo";"16:05:00";"MG";40;159,8;"JOAO PINHEIRO";"Reação tardia ou ineficiente do condutor";"Colisão frontal";"Com Vítimas Fatais";"Pleno dia";"Crescente";"Céu Claro";"Simples";"Reta";"Não";3;1;1;0;0;1;1;3;-17,877073;-46,126798;"SPRF-MG";"DEL14-MG";"UOP02-DEL14-MG"
475243;2022-09-18;"domingo";"16:10:00";"SC";116;59,8;"PAPANDUVA";"Acessar a via sem observar a presença dos outros veículos";"Colisão transversal";"Com Vítimas Feridas";"Pleno dia";"Crescente";"Céu Claro";"Simples";"Reta";"Não";7;0;4;1;2;0;5;3;-26,38218176;-50,21541595;"SPRF-SC";"DEL06-SC";"UOP02-DEL06-SC"
475259;2022-09-18;"domingo";"18:00:00";"RS";386;418,6;"MONTENEGRO";"Reação tardia ou ineficiente do condutor";"Colisão com objeto";"Com Vítimas Feridas";"Pleno dia";"Decrescente";"Céu Claro";"Simples";"Reta";"Não";3;0;1;0;1;1;1;3;-29,819609;-51,442814;"SPRF-RS";"DEL04-RS";"UOP02-DEL04-RS"
475269;2022-09-18;"domingo";"17:30:00";"ES";101;258,7;"SERRA";"Manobra de mudança de faixa";"Colisão lateral mesmo sentido";"Com Vítimas Feridas";"Plena Noite";"Crescente";"Céu Claro";"Dupla";"Curva";"Sim";7;0;1;4;1;1;5;3;-20,13059888;-40,2961019;"SPRF-ES";"DEL02-ES";"UOP01-DEL02-ES"
475273;2022-09-18;"domingo";"15:40:00";"MG";116;719,8;"MURIAE";"Velocidade Incompatível";"Tombamento";"Com Vítimas Feridas";"Pleno dia";"Crescente";"Céu Claro";"Simples";"Curva";"Não";2;0;1;0;0;1;1;2;-21,23756793;-42,39406193;"SPRF-MG";"DEL07-MG";"UOP02-DEL07-MG"
475278;2022-09-18;"domingo";"18:30:00";"PR";116;27;"CAMPINA GRANDE DO SUL";"Carga excessiva e/ou mal acondicionada";"Derramamento de carga";"Sem Vítimas";"Plena Noite";"Decrescente";"Céu Claro";"Simples";"Curva";"Não";2;0;0;0;1;1;0;2;-25,11012;-48,798441;"SPRF-PR";"DEL01-PR";"UOP02-DEL01-PR"
475291;2022-09-18;"domingo";"17:48:00";"SC";163;88;"GUARACIABA";"Ultrapassagem Indevida";"Colisão lateral mesmo sentido";"Sem Vítimas";"Pleno dia";"Decrescente";"Céu Claro";"Simples";"Reta;Aclive;Em Obras";"Não";4;0;0;0;3;3;0;6;-26,58233094;-53,51749809;"SPRF-SC";"DEL07-SC";"UOP03-DEL07-SC"
475296;2022-09-18;"domingo";"20:50:00";"GO";40;4,2;"VALPARAISO DE GOIAS";"Acessar a via sem observar a presença dos outros veículos";"Colisão transversal";"Com Vítimas Feridas";"Plena Noite";"Crescente";"Chuva";"Dupla";"Reta";"Sim";3;0;1;0;2;0;1;3;-16,085241;-47,986752;"SPRF-DF";"DEL01-DF";"UOP01-DEL01-DF"