"id";"data_inversa";"dia_semana";"horario";"uf";"br";"km";"municipio";"causa_acidente";"tipo_acidente";"classificacao_acidente";"fase_dia";"sentido_via";"condicao_metereologica";"tipo_pista";"tracado_via";"uso_solo";"pessoas";"mortos";"feridos_leves";"feridos_graves";"ilesos";"ignorados";"feridos";"veiculos";"latitude";"longitude";"regional";"delegacia";"uop"
475298;2022-09-18;"domingo";"20:15:00";"RS";285;178;"LAGOA VERMELHA";"Acessar a via sem observar a presença dos outros veículos";"Colisão transversal";"Sem Vítimas";"Plena Noite";"Decrescente";"Céu Claro";"Simples";"Reta";"Não";4;0;0;0;3;2;0;4;-28,29892;-51,386448;"SPRF-RS";"DEL08-RS";"UOP05-DEL08-RS"
475300;2022-09-18;"domingo";"19:30:00";"TO";226;70;"WANDERLANDIA";"Transitar na contramão";"Colisão frontal";"Com Vítimas Fatais";"Plena Noite";"Decrescente";"Céu Claro";"Simples";"Reta";"Sim";2;1;0;0;1;0;0;2;-6,847741;-47,961678;"SPRF-TO";"DEL02-TO";"UOP03-DEL02-TO"
475312;2022-09-18;"domingo";"20:00:00";"SC";101;97,3;"BALNEARIO PICARRAS";"Reação tardia ou ineficiente do condutor";"Colisão lateral mesmo sentido";"Sem Vítimas";"Plena Noite";"Decrescente";"Nublado";"Dupla";"Reta";"Não";3;0;0;0;2;1;0;3;-26,72823703;-48,70224928;"SPRF-SC";"DEL03-SC";"UOP02-DEL03-SC"
475314;2022-09-18;"domingo";"21:00:00";"PR";116;175;"QUITANDINHA";"Reação tardia ou ineficiente do condutor";"Colisão com objeto";"Com Vítimas Feridas";"Plena Noite";"Decrescente";"Nublado";"Simples";"Aclive";"Não";2;0;1;0;1;0;1;2;-25,89489049;-49,52560893;"SPRF-PR";"DEL01-PR";"UOP03-DEL01-PR"
475322;2022-09-18;"domingo";"21:40:00";"PB";230;154,3;"CAMPINA GRANDE";"Ingestão de álcool pelo condutor";"Colisão transversal";"Sem Vítimas";"Plena Noite";"Crescente";"Céu Claro";"Simples";"Reta";"Não";2;0;0;0;2;0;0;2;-7,2777;-35,8985;"SPRF-PB";"DEL02-PB";"UOP01-DEL02-PB"
475334;2022-09-18;"domingo";"21:35:00";"BA";242;779;"BARREIRAS";"Problema com o freio";"Tombamento";"Com Vítimas Feridas";"Plena Noite";"Crescente";"Nublado";"Simples";"Declive;Curva";"Não";2;0;1;0;0;2;1;3;-12,14066481;-44,8855255;"SPRF-BA";"DEL10-BA";"UOP01-DEL10-BA"
475353;2022-09-18;"domingo";"21:35:00";"PI";316;350;"CAMPO GRANDE DO PIAUI";"Transitar na contramão";"Colisão lateral sentido oposto";"Com Vítimas Fatais";"Plena Noite";"Decrescente";"Céu Claro";"Simples";"Reta";"Não";3;1;0;0;1;1;0;3;-7,12347967;-41,11935696;"SPRF-PI";"DEL04-PI";"UOP03-DEL04-PI"
475356;2022-09-19;"segunda-feira";"02:00:00";"SP";116;122,8;"CACAPAVA";"Entrada inopinada do pedestre";"Atropelamento de Pedestre";"Com Vítimas Fatais";"Plena Noite";"Decrescente";"Céu Claro";"Dupla";"Reta";"Não";4;1;2;0;0;1;2;3;-23,08192414;-45,66154591;"SPRF-SP";"DEL02-SP";"UOP02-DEL02-SP"
475365;2022-09-06;"terça-feira";"18:08:00";"PR";163;290;"MARECHAL CANDIDO RONDON";"Chuva";"Colisão traseira";"Com Vítimas Feridas";"Plena Noite";"Decrescente";"Chuva";"Simples";"Reta";"Não";4;0;1;0;2;1;1;3;-24,51705068;-54,08065265;"SPRF-PR";"DEL06-PR";"UOP02-DEL06-PR"
475366;2022-09-19;"segunda-feira";"04:50:00";"SP";116;353;"MIRACATU";"Ausência de reação do condutor";"Colisão traseira";"Com Vítimas Feridas";"Amanhecer";"Decrescente";"Céu Claro";"Dupla";"Reta";"Não";3;0;1;0;1;3;1;5;-24,07031103;-47,24202498;"SPRF-SP";"DEL04-SP";"UOP02-DEL04-SP"
475372;2022-09-19;"segunda-feira";"04:50:00";"BA";324;602;"SIMOES FILHO";"Chuva";"Colisão traseira";"Com Vítimas Feridas";"Amanhecer";"Decrescente";"Nevoeiro/Neblina";"Dupla";"Reta";"Não";6;0;2;0;3;1;2;3;-12,76402892;-38,42393483;"SPRF-BA";"DEL01-BA";"UOP01-DEL01-BA"
475375;2022-09-19;"segunda-feira";"03:57:00";"RO";364;15;"VILHENA";"Ingestão de substâncias psicoativas pelo condutor";"Colisão traseira";"Com Vítimas Feridas";"Plena Noite";"Decrescente";"Céu Claro";"Simples";"Reta";"Sim";3;0;1;0;1;3;1;5;-12,73672751;-60,14804088;"SPRF-RO";"DEL04-RO";"UOP01-DEL04-RO"
475387;2022-09-19;"segunda-feira";"07:15:00";"PR";116;116,6;"CURITIBA";"Condutor deixou de manter distância do veículo da frente";"Colisão traseira";"Com Vítimas Feridas";"Pleno dia";"Crescente";"Céu Claro";"Múltipla";"Reta";"Sim";2;0;1;0;1;0;1;2;-25,55468195;-49,27402397;"SPRF-PR";"DEL01-PR";"UOP06-DEL01-PR"
475390;2022-09-19;"segunda-feira";"07:50:00";"RS";290;720;"URUGUAIANA";"Ingestão de álcool pelo condutor";"Colisão lateral mesmo sentido";"Sem Vítimas";"Pleno dia";"Decrescente";"Nublado";"Simples";"Rotatória";"Sim";3;0;0;0;2;1;0;3;-29,766502;-57,058228;"SPRF-RS";"DEL13-RS";"UOP01-DEL13-RS"
475394;2022-08-03;"quarta-feira";"01:30:00";"DF";20;23;"BRASILIA";"Ausência de reação do condutor";"Atropelamento de Pedestre";"Com Vítimas Fatais";"Plena Noite";"Crescente";"Céu Claro";"Dupla";"Curva";"Não";4;1;0;0;3;0;0;2;-15,595297;-47,667912;"SPRF-DF";"DEL02-DF";"UOP01-DEL02-DF"
475400;2022-09-19;"segunda-feira";"04:30:00";"MG";381;235;"BELO ORIENTE";"Transitar na contramão";"Colisão frontal";"Com Vítimas Feridas";"Amanhecer";"Crescente";"Nublado";"Simples";"Reta";"Não";4;0;0;2;1;1;2;3;-19,38322615;-42,4695349;"SPRF-MG";"DEL06-MG";"UOP01-DEL06-MG"
475401;2022-09-19;"segunda-feira";"05:30:00";"MG";365;592;"ARAGUARI";"Condutor Dormindo";"Colisão frontal";"Com Vítimas Feridas";"Amanhecer";"Crescente";"Céu Claro";"Simples";"Curva;Aclive";"Não";4;0;2;0;1;1;2;3;-18,87951334;-48,06156814;"SPRF-MG";"DEL15-MG";"UOP02-DEL15-MG"
475405;2022-09-19;"segunda-feira";"09:10:00";"CE";116;14;"FORTALEZA";"Manobra de mudança de faixa";"Colisão lateral mesmo sentido";"Com Vítimas Feridas";"Pleno dia";"Crescente";"Céu Claro";"Múltipla";"Reta";"Sim";2;0;1;0;1;0;1;2;-3,86973356;-38,49827361;"SPRF-CE";"DEL01-CE";"UOP02-DEL01-CE"
475406;2022-09-19;"segunda-feira";"08:30:00";"PR";0;0;"SAO JOSE DOS PINHAIS";"Reação tardia ou ineficiente do condutor";"Tombamento";"Com Vítimas Feridas";"Pleno dia";"Não Informado";"Sol";"Simples";"Reta";"Sim";2;0;1;0;1;0;1;2;-25,57216588;-49,19845104;"SPRF-PR";"DEL01-PR";"UOP01-DEL01-PR"
475415;2022-09-19;"segunda-feira";"09:15:00";"PR";277;101;"CURITIBA";"Manobra de mudança de faixa";"Colisão lateral mesmo sentido";"Com Vítimas Feridas";"Pleno dia";"Decrescente";"Céu Claro";"Dupla";"Curva";"Sim";3;0;1;0;0;2;1;3;-25,52924091;-49,32682192;"SPRF-PR";"DEL01-PR";"UOP06-DEL01-PR"
475422;2022-09-19;"segunda-feira";"11:40:00";"SP";116;90,8;"PINDAMONHANGABA";"Avarias e/ou desgaste excessivo no pneu";"Capotamento";"Com Vítimas Feridas";"Pleno dia";"Decrescente";"Sol";"Dupla";"Reta";"Não";2;0;2;0;0;0;2;1;-22,94361839;-45,3873088;"SPRF-SP";"DEL08-SP";"UOP01-DEL08-SP"
475425;2022-05-11;"quarta-feira";"18:50:00";"MG";153;13;"ARAPORA";"Condutor deixou de manter distância do veículo da frente";"Colisão traseira";"Com Vítimas Feridas";"Plena Noite";"Crescente";"Nublado";"Dupla";"Aclive;Reta";"Não";13;0;10;1;2;0;11;2;-18,53318003;-49,19222975;"SPRF-MG";"DEL15-MG";"UOP03-DEL15-MG"
475429;2022-09-19;"segunda-feira";"09:55:00";"RS";472;530;"URUGUAIANA";"Ausência de reação do condutor";"Saída de leito carroçável";"Com Vítimas Feridas";"Pleno dia";"Crescente";"Nublado";"Simples";"Reta";"Não";2;0;1;0;0;1;1;2;-29,48438091;-56,68763514;"SPRF-RS";"DEL13-RS";"UOP01-DEL13-RS"
475434;2022-09-19;"segunda-feira";"11:45:00";"SP";116;331,8;"JUQUITIBA";"Manobra de mudança de faixa";"Colisão lateral mesmo sentido";"Sem Vítimas";"Pleno dia";"Crescente";"Sol";"Dupla";"Em Obras";"Não";3;0;0;0;2;1;0;3;-23,95129388;-47,10220309;"SPRF-SP";"DEL04-SP";"UOP01-DEL04-SP"
475438;2022-07-27;"quarta-feira";"21:45:00";"GO";50;115;"CRISTALINA";"Ausência de reação do condutor";"Colisão traseira";"Com Vítimas Fatais";"Plena Noite";"Decrescente";"Céu Claro";"Dupla";"Reta";"Não";3;1;1;0;0;1;1;3;-16,9309;-47,7117;"SPRF-DF";"DEL01-DF";"UOP02-DEL01-DF"
475448;2022-08-10;"quarta-feira";"06:30:00";"BA";101;503;"ITABUNA";"Desrespeitar a preferência no cruzamento";"Colisão transversal";"Com Vítimas Fatais";"Pleno dia";"Crescente";"Céu Claro";"Simples";"Interseção de Vias";"Não";2;1;0;0;1;0;0;2;-14,93204115;-39,30057969;"SPRF-BA";"DEL05-BA";"UOP01-DEL05-BA"
475454;2022-09-19;"segunda-feira";"14:50:00";"RJ";354;6;"RESENDE";"Reação tardia ou ineficiente do condutor";"Colisão lateral sentido oposto";"Com Vítimas Feridas";"Pleno dia";"Crescente";"Sol";"Simples";"Curva";"Não";3;0;0;2;1;0;2;2;-22,40226028;-44,75658417;"SPRF-RJ";"DEL07-RJ";"UOP02-DEL07-RJ"
475460;2022-09-19;"segunda-feira";"12:30:00";"RJ";101;272;"RIO BONITO";"Acessar a via sem observar a presença dos outros veículos";"Colisão transversal";"Sem Vítimas";"Pleno dia";"Crescente";"Céu Claro";"Dupla";"Reta";"Não";2;0;0;0;2;0;0;2;-22,72935968;-42,70112512;"SPRF-RJ";"DEL02-RJ";"UOP03-DEL02-RJ"
475465;2022-09-19;"segunda-feira";"15:45:00";"ES";262;177,8;"IUNA";"Velocidade Incompatível";"Tombamento";"Sem Vítimas";"Pleno dia";"Decrescente";"Nublado";"Simples";"Curva;Aclive";"Não";2;0;0;0;1;1;0;2;-20,28062181;-41,64687634;"SPRF-ES";"DEL01-ES";"UOP02-DEL01-ES"
475466;2022-09-19;"segunda-feira";"16:37:00";"MG";381;513;"IGARAPE";"Entrada inopinada do pedestre";"Atropelamento de Pedestre";"Com Vítimas Feridas";"Pleno dia";"Crescente";"Céu Claro";"Simples";"Reta";"Sim";3;0;0;1;1;1;1;3;-20,07617;-44,30376;"SPRF-MG";"DEL01-MG";"UOP03-DEL01-MG"
475471;2022-09-19;"segunda-feira";"03:56:00";"MG";50;29;"ARAGUARI";"Reação tardia ou ineficiente do condutor";"Saída de leito carroçável";"Com Vítimas Feridas";"Plena Noite";"Crescente";"Céu Claro";"Dupla";"Curva";"Não";1;0;1;0;0;0;1;1;-18,62034416;-48,11087208;"SPRF-MG";"DEL15-MG";"UOP02-DEL15-MG"
475482;2022-09-19;"segunda-feira";"18:15:00";"RJ";116;94;"GUAPIMIRIM";"Demais falhas mecânicas ou elétricas";"Tombamento";"Com Vítimas Feridas";"Plena Noite";"Crescente";"Céu Claro";"Simples";"Declive;Curva";"Não";2;0;1;0;0;1;1;2;-22,46643519;-43,00088701;"SPRF-RJ";"DEL04-RJ";"UOP01-DEL04-RJ"
475487;2022-09-19;"segunda-feira";"15:10:00";"GO";153;699;"ITUMBIARA";"Acessar a via sem observar a presença dos outros veículos";"Colisão transversal";"Com Vítimas Feridas";"Pleno dia";"Decrescente";"Céu Claro";"Simples";"Interseção de Vias";"Sim";3;0;0;1;1;3;1;5;-18,3862;-49,2076;"SPRF-GO";"DEL03-GO";"UOP02-DEL03-GO"
475496;2022-09-16;"sexta-feira";"17:25:00";"RO";421;63;"MONTE NEGRO";"Ingestão de álcool pelo condutor";"Saída de leito carroçável";"Com Vítimas Feridas";"Anoitecer";"Crescente";"Céu Claro";"Simples";"Reta";"Sim";1;0;1;0;0;0;1;1;-10,343851;-63,373764;"SPRF-RO";"DEL03-RO";"UOP01-DEL03-RO"
475499;2022-09-19;"segunda-feira";"18:15:00";"MT";174;379;"CONQUISTA DOESTE";"Acessar a via sem observar a presença dos outros veículos";"Colisão frontal";"Com Vítimas Feridas";"Anoitecer";"Crescente";"Céu Claro";"Simples";"Reta";"Não";3;0;0;1;1;1;1;3;-14,54560168;-59,54265515;"SPRF-MT";"DEL04-MT";"UOP01-DEL04-MT"
475507;2022-06-30;"quinta-feira";"09:20:00";"CE";116;204;"TABULEIRO DO NORTE";"Pista esburacada";"Colisão lateral sentido oposto";"Com Vítimas Feridas";"Pleno dia";"Decrescente";"Céu Claro";"Simples";"Aclive;Reta";"Não";3;0;1;0;1;1;1;3;-5,20519288;-38,20608954;"SPRF-CE";"DEL03-CE";"UOP01-DEL03-CE"
475508;2022-09-19;"segunda-feira";"19:04:00";"MT";163;664;"LUCAS DO RIO VERDE";"Reação tardia ou ineficiente do condutor";"Colisão traseira";"Com Vítimas Feridas";"Plena Noite";"Crescente";"Céu Claro";"Simples";"Reta";"Não";3;0;1;0;1;3;1;5;-13,36939399;-56,07438701;"SPRF-MT";"DEL06-MT";"UOP01-DEL06-MT"
475511;2022-09-19;"segunda-feira";"19:20:00";"MT";174;108;"CACERES";"Demais falhas mecânicas ou elétricas";"Colisão lateral sentido oposto";"Com Vítimas Feridas";"Plena Noite";"Crescente";"Céu Claro";"Simples";"Reta";"Não";6;0;1;1;2;2;2;4;-15,821487;-57,941789;"SPRF-MT";"DEL03-MT";"UOP01-DEL03-MT"
475518;2022-09-19;"segunda-feira";"17:15:00";"PA";316;30;"SANTA IZABEL DO PARA";"Reação tardia ou ineficiente do condutor";"Tombamento";"Com Vítimas Feridas";"Anoitecer";"Crescente";"Chuva";"Dupla";"Reta";"Não";2;0;1;0;0;2;1;3;-1,30604012;-48,20471397;"SPRF-PA";"DEL01-PA";"UOP01-DEL01-PA"
475522;2022-09-19;"segunda-feira";"19:40:00";"RS";386;154;"ALMIRANTE TAMANDARE DO SUL";"Transitar na contramão";"Colisão frontal";"Com Vítimas Feridas";"Plena Noite";"Crescente";"Garoa/Chuvisco";"Simples";"Curva";"Não";3;0;0;1;1;1;1;3;-28,111137;-52,860538;"SPRF-RS";"DEL08-RS";"UOP01-DEL08-RS"
475523;2022-09-19;"segunda-feira";"22:24:00";"RJ";116;177;"NOVA IGUACU";"Condutor deixou de manter distância do veículo da frente";"Colisão traseira";"Com Vítimas Feridas";"Plena Noite";"Crescente";"Céu Claro";"Dupla";"Reta";"Sim";3;0;1;0;1;1;1;3;-22,78055198;-43,39208599;"SPRF-RJ";"DEL01-RJ";"UOP02-DEL01-RJ"
475533;2022-09-20;"terça-feira";"00:52:00";"BA";324;525;"FEIRA DE SANTANA";"Estacionar ou parar em local proibido";"Colisão traseira";"Com Vítimas Feridas";"Plena Noite";"Decrescente";"Nublado";"Dupla";"Reta";"Sim";2;0;0;1;1;0;1;2;-12,30106981;-38,8977869;"SPRF-BA";"DEL01-BA";"UOP03-DEL01-BA"
475535;2022-09-20;"terça-feira";"01:47:00";"RS";290;102,9;"PORTO ALEGRE";"Velocidade Incompatível";"Colisão traseira";"Com Vítimas Feridas";"Plena Noite";"Crescente";"Chuva";"Dupla";"Reta";"Sim";5;0;2;0;3;0;2;2;-29,987228;-51,25613;"SPRF-RS";"DEL01-RS";"UOP01-DEL01-RS"
475538;2022-09-20;"terça-feira";"03:30:00";"AL";316;256;"PILAR";"Velocidade Incompatível";"Colisão traseira";"Com Vítimas Feridas";"Plena Noite";"Decrescente";"Céu Claro";"Simples";"Reta";"Não";2;0;1;0;0;1;1;2;-9,59085179;-35,94104899;"SPRF-AL";"DEL02-AL";"UOP01-DEL02-AL"
475540;2022-09-20;"terça-feira";"03:00:00";"BA";324;515;"FEIRA DE SANTANA";"Transitar na contramão";"Colisão lateral sentido oposto";"Sem Vítimas";"Plena Noite";"Crescente";"Nublado";"Simples";"Reta";"Sim";2;0;0;0;1;1;0;2;-12,23547809;-38,94396807;"SPRF-BA";"DEL02-BA";"UOP01-DEL02-BA"
475541;2022-09-20;"terça-feira";"05:00:00";"PR";376;462;"PONTA GROSSA";"Demais falhas mecânicas ou elétricas";"Incêndio";"Sem Vítimas";"Pleno dia";"Decrescente";"Céu Claro";"Dupla";"Reta";"Não";2;0;0;0;1;2;0;3;-25,01599;-50,338458;"SPRF-PR";"DEL03-PR";"UOP01-DEL03-PR"
475547;2022-06-04;"sábado";"09:15:00";"ES";262;42,2;"DOMINGOS MARTINS";"Velocidade Incompatível";"Saída de leito carroçável";"Sem Vítimas";"Pleno dia";"Crescente";"Chuva";"Simples";"Curva";"Não";1;0;0;0;1;0;0;1;-20,38521335;-40,64485887;"SPRF-ES";"DEL01-ES";"UOP01-DEL01-ES"
475558;2022-09-20;"terça-feira";"08:10:00";"SE";235;6,2;"NOSSA SENHORA DO SOCORRO";"Velocidade Incompatível";"Saída de leito carroçável";"Com Vítimas Feridas";"Pleno dia";"Decrescente";"Céu Claro";"Múltipla";"Viaduto;Reta";"Sim";2;0;1;0;1;0;1;2;-10,903087;-37,13093;"SPRF-SE";"DEL01-SE";"UOP01-DEL01-SE"
475559;2022-09-20;"terça-feira";"08:10:00";"MG";381;839,9;"SAO SEBASTIAO DA BELA VISTA";"Reação tardia ou ineficiente do condutor";"Saída de leito carroçável";"Com Vítimas Feridas";"Pleno dia";"Crescente";"Céu Claro";"Dupla";"Reta";"Não";2;0;1;0;1;0;1;1;-22,19834327;-45,85343083;"SPRF-MG";"DEL16-MG";"UOP01-DEL16-MG"
475571;2022-09-20;"terça-feira";"06:30:00";"MT";163;755;"SORRISO";"Manobra de mudança de faixa";"Colisão traseira";"Com Vítimas Feridas";"Pleno dia";"Crescente";"Céu Claro";"Dupla";"Aclive";"Não";4;0;1;0;2;4;1;7;-12,63198432;-55,77543862;"SPRF-MT";"DEL06-MT";"UOP01-DEL06-MT"
475574;2022-09-20;"terça-feira";"07:00:00";"PR";376;307,6;"MAUA DA SERRA";"Velocidade Incompatível";"Tombamento";"Com Vítimas Feridas";"Pleno dia";"Crescente";"Nublado";"Dupla";"Curva;Declive";"Não";3;0;1;0;1;1;1;3;-23,95100551;-51,11842453;"SPRF-PR";"DEL07-PR";"UOP02-DEL07-PR"
475575;2022-09-20;"terça-feira";"09:30:00";"PR";376;218,3;"JANDAIA DO SUL";"Acessar a via sem observar a presença dos outros veículos";"Colisão transversal";"Com Vítimas Feridas";"Pleno dia";"Decrescente";"Nublado";"Simples";"Reta;Aclive";"Sim";3;0;1;0;1;1;1;3;-23,59717604;-51,615043;"SPRF-PR";"DEL09-PR";"UOP01-DEL09-PR"
475576;2022-09-20;"terça-feira";"09:25:00";"RN";304;74;"MOSSORO";"Carga excessiva e/ou mal acondicionada";"Derramamento de carga";"Sem Vítimas";"Pleno dia";"Decrescente";"Céu Claro";"Simples";"Reta";"Não";2;0;0;0;1;2;0;3;-5,451587;-37,186554;"SPRF-RN";"DEL04-RN";"UOP01-DEL04-RN"
475577;2022-09-20;"terça-feira";"06:00:00";"MS";267;69,3;"BATAGUASSU";"Condutor Dormindo";"Saída de leito carroçável";"Com Vítimas Feridas";"Amanhecer";"Crescente";"Nublado";"Simples";"Aclive";"Não";2;0;1;0;0;1;1;2;-21,85767227;-52,75964694;"SPRF-MS";"DEL02-MS";"UOP04-DEL02-MS"
475579;2022-09-20;"terça-feira";"09:00:00";"RO";364;12;"VILHENA";"Condutor deixou de manter distância do veículo da frente";"Colisão traseira";"Com Vítimas Feridas";"Pleno dia";"Decrescente";"Céu Claro";"Simples";"Rotatória";"Sim";3;0;1;0;1;2;1;4;-12,74370233;-60,12147609;"SPRF-RO";"DEL04-RO";"UOP01-DEL04-RO"
475583;2022-09-20;"terça-feira";"07:45:00";"SC";101;56,5;"ARAQUARI";"Ausência de reação do condutor";"Colisão lateral mesmo sentido";"Com Vítimas Feridas";"Pleno dia";"Crescente";"Céu Claro";"Simples";"Interseção de Vias";"Não";2;0;0;1;1;0;1;2;-26,43601701;-48,8143442;"SPRF-SC";"DEL03-SC";"UOP01-DEL03-SC"
475587;2022-09-20;"terça-feira";"08:30:00";"BA";242;365;"LENCOIS";"Neblina";"Colisão transversal";"Com Vítimas Feridas";"Pleno dia";"Crescente";"Nevoeiro/Neblina";"Simples";"Reta";"Não";5;0;0;2;2;3;2;5;-12,46473057;-41,43016112;"SPRF-BA";"DEL06-BA";"UOP01-DEL06-BA"
475588;2022-09-20;"terça-feira";"12:30:00";"GO";153;609;"MORRINHOS";"Reação tardia ou ineficiente do condutor";"Colisão com objeto";"Sem Vítimas";"Pleno dia";"Crescente";"Nublado";"Dupla";"Reta";"Não";1;0;0;0;1;0;0;1;-17,6289;-49,1774;"SPRF-GO";"DEL03-GO";"UOP01-DEL03-GO"
475592;2022-02-18;"sexta-feira";"02:53:00";"ES";101;146;"LINHARES";"Ingestão de álcool pelo condutor";"Colisão transversal";"Com Vítimas Feridas";"Plena Noite";"Decrescente";"Nublado";"Simples";"Interseção de Vias";"Sim";3;0;2;0;1;0;2;2;-19,36990998;-40,06560718;"SPRF-ES";"DEL04-ES";"UOP01-DEL04-ES"
475598;2022-09-20;"terça-feira";"13:35:00";"SC";101;189,1;"BIGUACU";"Condutor deixou de manter distância do veículo da frente";"Tombamento";"Com Vítimas Feridas";"Pleno dia";"Crescente";"Céu Claro";"Dupla";"Reta";"Sim";2;0;1;0;1;0;1;2;-27,459393;-48,638914;"SPRF-SC";"DEL01-SC";"UOP01-DEL01-SC"
475599;2022-09-20;"terça-feira";"13:21:00";"RJ";116;308;"RESENDE";"Ultrapassagem Indevida";"Colisão lateral mesmo sentido";"Sem Vítimas";"Pleno dia";"Crescente";"Céu Claro";"Dupla";"Reta";"Não";3;0;0;0;1;2;0;3;-22,45783299;-44,418685;"SPRF-RJ";"DEL07-RJ";"UOP02-DEL07-RJ"
475601;2022-09-20;"terça-feira";"12:30:00";"MT";364;188,5;"RONDONOPOLIS";"Transitar na contramão";"Colisão lateral sentido oposto";"Com Vítimas Feridas";"Pleno dia";"Crescente";"Nublado";"Simples";"Reta";"Não";4;0;1;0;2;1;1;3;-16,56158088;-54,5531929;"SPRF-MT";"DEL02-MT";"UOP01-DEL02-MT"
475602;2022-09-20;"terça-feira";"14:00:00";"AL";101;139;"SAO MIGUEL DOS CAMPOS";"Reação tardia ou ineficiente do condutor";"Colisão transversal";"Sem Vítimas";"Pleno dia";"Decrescente";"Céu Claro";"Simples";"Interseção de Vias";"Não";2;0;0;0;2;0;0;2;-9,80851968;-36,11633599;"SPRF-AL";"DEL02-AL";"UOP01-DEL02-AL"
475604;2022-09-20;"terça-feira";"12:05:00";"RJ";40;7;"COMENDADOR LEVY GASPARIAN";"Reação tardia ou ineficiente do condutor";"Tombamento";"Sem Vítimas";"Pleno dia";"Decrescente";"Céu Claro";"Dupla";"Curva";"Sim";2;0;0;0;1;1;0;2;-22,03172956;-43,2244336;"SPRF-RJ";"DEL05-RJ";"UOP02-DEL05-RJ"
475611;2022-09-20;"terça-feira";"13:35:00";"MG";381;489,1;"BETIM";"Condutor deixou de manter distância do veículo da frente";"Engavetamento";"Com Vítimas Feridas";"Pleno dia";"Crescente";"Nublado";"Dupla";"Reta";"Sim";4;0;1;0;3;0;1;3;-19,96245618;-44,16455495;"SPRF-MG";"DEL01-MG";"UOP03-DEL01-MG"
475613;2022-09-20;"terça-feira";"14:35:00";"PE";101;48,2;"ABREU E LIMA";"Manobra de mudança de faixa";"Colisão lateral mesmo sentido";"Com Vítimas Feridas";"Pleno dia";"Decrescente";"Céu Claro";"Múltipla";"Reta";"Sim";4;0;1;0;3;0;1;3;-7,89174705;-34,9033493;"SPRF-PE";"DEL01-PE";"UOP02-DEL01-PE"
475616;2022-09-20;"terça-feira";"15:10:00";"MG";381;777,9;"CAMPANHA";"Pedestre andava na pista";"Atropelamento de Pedestre";"Com Vítimas Feridas";"Pleno dia";"Crescente";"Chuva";"Dupla";"Curva";"Não";4;0;1;0;0;3;1;3;-21,82472705;-45,49551193;"SPRF-MG";"DEL16-MG";"UOP02-DEL16-MG"
475618;2022-09-20;"terça-feira";"15:20:00";"PR";277;729;"FOZ DO IGUACU";"Problema com o freio";"Engavetamento";"Com Vítimas Feridas";"Pleno dia";"Crescente";"Céu Claro";"Dupla";"Viaduto";"Sim";13;0;2;0;10;1;2;8;-25,5072263;-54,58457535;"SPRF-PR";"DEL05-PR";"UOP03-DEL05-PR"
475623;2022-09-20;"terça-feira";"14:10:00";"MT";163;539,5;"DIAMANTINO";"Pista Escorregadia";"Tombamento";"Com Vítimas Feridas";"Pleno dia";"Crescente";"Garoa/Chuvisco";"Simples";"Declive";"Não";2;0;0;1;0;2;1;3;-14,300292;-56,142848;"SPRF-MT";"DEL01-MT";"UOP01-DEL01-MT"
475628;2022-09-20;"terça-feira";"14:00:00";"RJ";40;6,9;"COMENDADOR LEVY GASPARIAN";"Condutor deixou de manter distância do veículo da frente";"Colisão traseira";"Com Vítimas Feridas";"Pleno dia";"Decrescente";"Sol";"Dupla";"Curva";"Não";3;0;1;0;1;1;1;3;-22,0261703;-43,23146528;"SPRF-RJ";"DEL05-RJ";"UOP02-DEL05-RJ"
475632;2022-09-20;"terça-feira";"16:50:00";"SP";459;24,9;"LORENA";"Ultrapassagem Indevida";"Colisão frontal";"Com Vítimas Fatais";"Pleno dia";"Decrescente";"Nublado";"Simples";"Reta";"Não";7;1;2;1;1;2;3;5;-22,679707;-45,13483;"SPRF-SP";"DEL08-SP";"UOP02-DEL08-SP"
475635;2022-09-20;"terça-feira";"16:30:00";"MG";40;139,3;"JOAO PINHEIRO";"Transitar na contramão";"Colisão frontal";"Com Vítimas Feridas";"Pleno dia";"Decrescente";"Chuva";"Simples";"Reta";"Não";7;0;3;1;2;3;4;6;-17,73619961;-46,21019125;"SPRF-MG";"DEL14-MG";"UOP01-DEL14-MG"
475647;2022-09-20;"terça-feira";"15:30:00";"MT";163;744;"SORRISO";"Demais falhas na via";"Saída de leito carroçável";"Com Vítimas Feridas";"Pleno dia";"Decrescente";"Céu Claro";"Simples";"Reta";"Não";1;0;0;1;0;0;1;1;-12,71577635;-55,82368745;"SPRF-MT";"DEL06-MT";"UOP01-DEL06-MT"
475648;2022-09-20;"terça-feira";"12:30:00";"MG";365;502;"PATROCINIO";"Condutor Dormindo";"Colisão frontal";"Sem Vítimas";"Pleno dia";"Crescente";"Céu Claro";"Simples";"Reta";"Não";2;0;0;0;2;0;0;2;-18,95990548;-47,24650221;"SPRF-MG";"DEL10-MG";"UOP01-DEL10-MG"
475653;2022-09-20;"terça-feira";"18:40:00";"ES";101;170;"LINHARES";"Transitar no acostamento";"Colisão traseira";"Com Vítimas Feridas";"Plena Noite";"Crescente";"Céu Claro";"Simples";"Reta";"Não";5;0;2;0;2;3;2;5;-19,54971588;-40,16824317;"SPRF-ES";"DEL04-ES";"UOP01-DEL04-ES"
475654;2022-09-20;"terça-feira";"17:45:00";"SP";116;226;"GUARULHOS";"Condutor deixou de manter distância do veículo da frente";"Colisão lateral mesmo sentido";"Com Vítimas Feridas";"Anoitecer";"Decrescente";"Céu Claro";"Múltipla";"Reta";"Sim";5;0;0;1;4;0;1;3;-23,49102507;-46,54878195;"SPRF-SP";"DEL01-SP";"UOP01-DEL01-SP"