"id";"data_inversa";"dia_semana";"horario";"uf";"br";"km";"municipio";"causa_acidente";"tipo_acidente";"classificacao_acidente";"fase_dia";"sentido_via";"condicao_metereologica";"tipo_pista";"tracado_via";"uso_solo";"pessoas";"mortos";"feridos_leves";"feridos_graves";"ilesos";"ignorados";"feridos";"veiculos";"latitude";"longitude";"regional";"delegacia";"uop"
475662;2022-09-20;"terça-feira";"17:30:00";"PA";222;25,4;"DOM ELISEU";"Reação tardia ou ineficiente do condutor";"Colisão lateral mesmo sentido";"Com Vítimas Feridas";"Pleno dia";"Decrescente";"Céu Claro";"Simples";"Declive;Reta";"Não";4;0;1;0;1;4;1;6;-4,311721;-47,617702;"SPRF-PA";"DEL02-PA";"UOP02-DEL02-PA"
475666;2022-09-20;"terça-feira";"17:30:00";"MT";364;188;"RONDONOPOLIS";"Demais falhas mecânicas ou elétricas";"Saída de leito carroçável";"Com Vítimas Feridas";"Pleno dia";"Crescente";"Céu Claro";"Simples";"Reta";"Não";2;0;1;0;0;1;1;2;-16,56158088;-54,5531929;"SPRF-MT";"DEL02-MT";"UOP01-DEL02-MT"
475671;2022-09-20;"terça-feira";"19:30:00";"RS";290;718,3;"URUGUAIANA";"Pedestre andava na pista";"Atropelamento de Pedestre";"Com Vítimas Fatais";"Anoitecer";"Decrescente";"Céu Claro";"Simples";"Interseção de Vias";"Sim";2;1;0;0;0;1;0;2;-29,774612;-57,04377;"SPRF-RS";"DEL13-RS";"UOP01-DEL13-RS"
475674;2022-09-20;"terça-feira";"18:05:00";"PR";376;398,5;"TIBAGI";"Demais falhas mecânicas ou elétricas";"Colisão com objeto";"Sem Vítimas";"Anoitecer";"Crescente";"Sol";"Dupla";"Curva";"Não";2;0;0;0;1;1;0;2;-24,534789;-50,6939;"SPRF-PR";"DEL03-PR";"UOP02-DEL03-PR"
475675;2022-09-20;"terça-feira";"19:10:00";"PR";163;258;"TOLEDO";"Acessar a via sem observar a presença dos outros veículos";"Colisão lateral mesmo sentido";"Com Vítimas Feridas";"Plena Noite";"Decrescente";"Céu Claro";"Dupla";"Retorno Regulamentado";"Não";5;0;0;1;2;2;1;4;-24,66187738;-53,81679654;"SPRF-PR";"DEL06-PR";"UOP02-DEL06-PR"
475678;2022-09-20;"terça-feira";"18:20:00";"SC";153;69,6;"IRANI";"Ingestão de álcool pelo condutor";"Saída de leito carroçável";"Sem Vítimas";"Anoitecer";"Decrescente";"Céu Claro";"Simples";"Curva";"Não";2;0;0;0;1;1;0;2;-27,041891;-51,882576;"SPRF-SC";"DEL07-SC";"UOP04-DEL07-SC"
475680;2022-09-20;"terça-feira";"20:30:00";"SC";470;82,6;"RODEIO";"Pedestre andava na pista";"Atropelamento de Pedestre";"Com Vítimas Feridas";"Plena Noite";"Decrescente";"Céu Claro";"Simples";"Reta";"Não";2;0;0;1;1;0;1;2;-26,9630818;-49,33075905;"SPRF-SC";"DEL04-SC";"UOP01-DEL04-SC"
475683;2022-09-20;"terça-feira";"21:50:00";"DF";20;10;"BRASILIA";"Condutor Dormindo";"Saída de leito carroçável";"Com Vítimas Feridas";"Plena Noite";"Decrescente";"Chuva";"Dupla";"Reta";"Sim";3;0;2;1;0;0;3;1;-15,650243;-47,773872;"SPRF-DF";"DEL02-DF";"UOP01-DEL02-DF"
475687;2022-09-20;"terça-feira";"22:00:00";"MS";376;113,4;"IVINHEMA";"Manobra de mudança de faixa";"Colisão frontal";"Com Vítimas Feridas";"Plena Noite";"Decrescente";"Chuva";"Simples";"Reta";"Não";3;0;0;2;0;1;2;3;-22,29912034;-53,87112212;"SPRF-MS";"DEL04-MS";"UOP04-DEL04-MS"
475688;2022-09-20;"terça-feira";"18:00:00";"MT";174;123;"MIRASSOL DOESTE";"Ultrapassagem Indevida";"Saída de leito carroçável";"Com Vítimas Feridas";"Anoitecer";"Decrescente";"Nublado";"Simples";"Declive";"Não";8;0;6;0;0;2;6;3;-15,8281439;-58,07190892;"SPRF-MT";"DEL03-MT";"UOP01-DEL03-MT"
475694;2022-09-21;"quarta-feira";"00:00:00";"PR";116;114;"CURITIBA";"Velocidade Incompatível";"Tombamento";"Com Vítimas Feridas";"Plena Noite";"Crescente";"Nublado";"Dupla";"Reta";"Sim";1;0;0;1;0;0;1;1;-25,54524584;-49,29991549;"SPRF-PR";"DEL01-PR";"UOP06-DEL01-PR"
475700;2022-09-20;"terça-feira";"21:30:00";"MG";381;248,5;"SANTANA DO PARAISO";"Condutor Dormindo";"Colisão lateral sentido oposto";"Com Vítimas Feridas";"Plena Noite";"Crescente";"Céu Claro";"Simples";"Reta";"Não";2;0;1;0;1;0;1;2;-19,47088645;-42,53935557;"SPRF-MG";"DEL06-MG";"UOP01-DEL06-MG"
475701;2022-09-21;"quarta-feira";"00:55:00";"BA";242;778,5;"BARREIRAS";"Pista Escorregadia";"Tombamento";"Sem Vítimas";"Plena Noite";"Crescente";"Garoa/Chuvisco";"Simples";"Declive";"Não";1;0;0;0;1;0;0;1;-12,15464258;-44,69270978;"SPRF-BA";"DEL10-BA";"UOP01-DEL10-BA"
475702;2022-09-21;"quarta-feira";"02:20:00";"GO";20;204;"POSSE";"Acostamento em desnível";"Tombamento";"Com Vítimas Feridas";"Plena Noite";"Decrescente";"Nublado";"Simples";"Curva";"Não";2;0;0;1;0;1;1;2;-14,290096;-46,428474;"SPRF-DF";"DEL02-DF";"UOP03-DEL02-DF"
475703;2022-09-20;"terça-feira";"23:45:00";"MG";381;497,9;"BETIM";"Ingestão de álcool pelo condutor";"Colisão com objeto";"Sem Vítimas";"Plena Noite";"Crescente";"Nublado";"Dupla";"Curva";"Sim";2;0;0;0;1;1;0;2;-20,00483625;-44,21367172;"SPRF-MG";"DEL01-MG";"UOP03-DEL01-MG"
475706;2022-09-21;"quarta-feira";"01:00:00";"MG";381;923;"CAMANDUCAIA";"Acessar a via sem observar a presença dos outros veículos";"Colisão transversal";"Com Vítimas Feridas";"Plena Noite";"Decrescente";"Céu Claro";"Dupla";"Reta";"Não";4;0;0;1;2;3;1;5;-22,7671484;-46,22667493;"SPRF-MG";"DEL16-MG";"UOP03-DEL16-MG"
475707;2022-09-21;"quarta-feira";"04:30:00";"SC";470;61;"BLUMENAU";"Velocidade Incompatível";"Colisão frontal";"Sem Vítimas";"Amanhecer";"Decrescente";"Nublado";"Simples";"Curva";"Sim";3;0;0;0;1;2;0;3;-26,878952;-49,17421;"SPRF-SC";"DEL04-SC";"UOP01-DEL04-SC"
475711;2022-09-21;"quarta-feira";"06:00:00";"SC";280;37,1;"ARAQUARI";"Demais falhas mecânicas ou elétricas";"Colisão frontal";"Com Vítimas Feridas";"Pleno dia";"Decrescente";"Céu Claro";"Simples";"Reta";"Não";3;0;2;0;0;1;2;3;-26,44572892;-48,81862707;"SPRF-SC";"DEL03-SC";"UOP03-DEL03-SC"
475713;2022-09-21;"quarta-feira";"03:30:00";"SP";116;209,5;"GUARULHOS";"Demais falhas mecânicas ou elétricas";"Incêndio";"Sem Vítimas";"Plena Noite";"Crescente";"Céu Claro";"Múltipla";"Reta";"Sim";2;0;0;0;1;1;0;2;-23,42511799;-46,40221101;"SPRF-SP";"DEL01-SP";"UOP01-DEL01-SP"
475714;2022-09-21;"quarta-feira";"04:15:00";"SP";116;359;"MIRACATU";"Reação tardia ou ineficiente do condutor";"Tombamento";"Com Vítimas Feridas";"Plena Noite";"Decrescente";"Nublado";"Múltipla";"Curva";"Não";2;0;1;0;0;2;1;3;-24,10862227;-47,26589989;"SPRF-SP";"DEL04-SP";"UOP02-DEL04-SP"
475717;2022-09-21;"quarta-feira";"05:30:00";"PR";116;15;"COLOMBO";"Ausência de reação do condutor";"Saída de leito carroçável";"Com Vítimas Fatais";"Amanhecer";"Crescente";"Nublado";"Dupla";"Reta";"Sim";4;1;0;0;2;1;0;4;-25,385019;-49,17157;"SPRF-PR";"DEL01-PR";"UOP02-DEL01-PR"
475721;2022-09-20;"terça-feira";"19:10:00";"AC";364;121;"RIO BRANCO";"Deficiência do Sistema de Iluminação/Sinalização";"Colisão traseira";"Com Vítimas Fatais";"Plena Noite";"Crescente";"Céu Claro";"Simples";"Reta";"Sim";5;1;0;1;2;1;1;3;-10,01209268;-67,764365;"SPRF-AC";"DEL01-AC";"UOP01-DEL01-AC"
475725;2022-09-21;"quarta-feira";"07:30:00";"PI";135;225;"COLONIA DO GURGUEIA";"Reação tardia ou ineficiente do condutor";"Tombamento";"Com Vítimas Feridas";"Pleno dia";"Crescente";"Céu Claro";"Simples";"Curva";"Não";2;0;1;0;0;1;1;2;-8,16179524;-43,78495258;"SPRF-PI";"DEL03-PI";"UOP02-DEL03-PI"
475729;2022-09-21;"quarta-feira";"06:20:00";"BA";242;414;"SEABRA";"Velocidade Incompatível";"Saída de leito carroçável";"Com Vítimas Fatais";"Pleno dia";"Decrescente";"Céu Claro";"Simples";"Reta";"Não";10;2;0;3;4;3;3;7;-12,427427;-41,77020288;"SPRF-BA";"DEL06-BA";"UOP01-DEL06-BA"
475732;2022-09-21;"quarta-feira";"06:10:00";"SC";101;76;"ARAQUARI";"Ausência de reação do condutor";"Colisão traseira";"Com Vítimas Feridas";"Amanhecer";"Decrescente";"Céu Claro";"Dupla";"Reta";"Não";2;0;0;1;1;0;1;2;-26,55954801;-48,72063404;"SPRF-SC";"DEL03-SC";"UOP02-DEL03-SC"
475736;2022-07-15;"sexta-feira";"14:30:00";"BA";101;534;"SAO JOSE DA VITORIA";"Velocidade Incompatível";"Colisão lateral sentido oposto";"Com Vítimas Feridas";"Pleno dia";"Decrescente";"Chuva";"Simples";"Curva";"Não";2;0;1;0;1;0;1;2;-15,1537051;-39,40306294;"SPRF-BA";"DEL05-BA";"UOP01-DEL05-BA"
475737;2022-02-10;"quinta-feira";"09:40:00";"SP";116;215;"GUARULHOS";"Frear bruscamente";"Engavetamento";"Com Vítimas Feridas";"Pleno dia";"Crescente";"Céu Claro";"Múltipla";"Reta";"Sim";12;0;11;0;1;0;11;2;-23,448094;-46,457626;"SPRF-SP";"DEL01-SP";"UOP01-DEL01-SP"
475750;2022-09-13;"terça-feira";"15:10:00";"MG";40;612,1;"CONGONHAS";"Ultrapassagem Indevida";"Colisão com objeto";"Com Vítimas Feridas";"Pleno dia";"Decrescente";"Céu Claro";"Simples";"Reta";"Não";3;0;0;1;1;2;1;4;-20,51778098;-43,83603641;"SPRF-MG";"DEL05-MG";"UOP02-DEL05-MG"
475752;2022-09-21;"quarta-feira";"11:05:00";"PE";101;70;"RECIFE";"Condutor deixou de manter distância do veículo da frente";"Colisão traseira";"Sem Vítimas";"Pleno dia";"Decrescente";"Céu Claro";"Dupla";"Reta";"Sim";2;0;0;0;2;0;0;2;-8,06776119;-34,94265074;"SPRF-PE";"DEL01-PE";"UOP01-DEL01-PE"
475757;2022-07-03;"domingo";"09:10:00";"MG";267;142,7;"LIMA DUARTE";"Transitar na contramão";"Colisão lateral sentido oposto";"Com Vítimas Fatais";"Pleno dia";"Crescente";"Céu Claro";"Simples";"Curva";"Não";8;3;0;2;2;1;2;4;-21,80088547;-43,70015799;"SPRF-MG";"DEL05-MG";"UOP01-DEL05-MG"
475759;2022-09-21;"quarta-feira";"10:55:00";"PE";232;7;"JABOATAO DOS GUARARAPES";"Condutor deixou de manter distância do veículo da frente";"Colisão traseira";"Com Vítimas Feridas";"Pleno dia";"Decrescente";"Céu Claro";"Múltipla";"Reta";"Não";4;0;1;0;2;1;1;4;-8,07333497;-34,96184301;"SPRF-PE";"DEL01-PE";"UOP01-DEL01-PE"
475760;2022-09-21;"quarta-feira";"11:30:00";"PR";277;721;"FOZ DO IGUACU";"Chuva";"Colisão transversal";"Com Vítimas Feridas";"Pleno dia";"Decrescente";"Chuva";"Dupla";"Reta";"Sim";15;0;10;2;1;2;12;4;-25,4911505;-54,51185421;"SPRF-PR";"DEL05-PR";"UOP03-DEL05-PR"
475763;2022-09-21;"quarta-feira";"10:00:00";"MT";70;512,8;"VARZEA GRANDE";"Velocidade Incompatível";"Colisão traseira";"Com Vítimas Feridas";"Pleno dia";"Crescente";"Céu Claro";"Simples";"Reta";"Não";5;0;1;0;3;3;1;6;-15,70247602;-56,11783147;"SPRF-MT";"DEL01-MT";"UOP02-DEL01-MT"
475771;2022-09-21;"quarta-feira";"13:15:00";"MG";381;486;"BETIM";"Condutor deixou de manter distância do veículo da frente";"Colisão traseira";"Com Vítimas Feridas";"Pleno dia";"Decrescente";"Nublado";"Dupla";"Reta";"Não";3;0;0;1;1;1;1;3;-19,95605162;-44,10796702;"SPRF-MG";"DEL01-MG";"UOP03-DEL01-MG"
475773;2022-08-28;"domingo";"09:30:00";"MT";70;81;"BARRA DO GARCAS";"Ausência de reação do condutor";"Colisão traseira";"Sem Vítimas";"Pleno dia";"Decrescente";"Céu Claro";"Simples";"Reta";"Não";3;0;0;0;2;3;0;5;-15,638575;-52,811987;"SPRF-MT";"DEL07-MT";"UOP01-DEL07-MT"
475774;2022-09-21;"quarta-feira";"13:04:00";"RN";101;108;"PARNAMIRIM";"Ausência de reação do condutor";"Colisão com objeto";"Sem Vítimas";"Pleno dia";"Decrescente";"Céu Claro";"Múltipla";"Interseção de Vias";"Sim";2;0;0;0;2;0;0;2;-5,92825102;-35,26465683;"SPRF-RN";"DEL01-RN";"UOP01-DEL01-RN"
475776;2022-09-21;"quarta-feira";"09:50:00";"RJ";116;229;"PIRAI";"Reação tardia ou ineficiente do condutor";"Colisão lateral mesmo sentido";"Com Vítimas Fatais";"Pleno dia";"Crescente";"Nublado";"Múltipla";"Reta";"Não";2;1;0;0;1;0;0;2;-22,66876888;-43,85682106;"SPRF-RJ";"DEL07-RJ";"UOP01-DEL07-RJ"
475779;2022-09-21;"quarta-feira";"11:30:00";"GO";364;279;"MINEIROS";"Reação tardia ou ineficiente do condutor";"Colisão traseira";"Com Vítimas Fatais";"Pleno dia";"Decrescente";"Céu Claro";"Simples";"Aclive";"Não";4;1;0;0;1;2;0;4;-17,630621;-52,37748;"SPRF-GO";"DEL05-GO";"UOP01-DEL05-GO"
475785;2022-09-21;"quarta-feira";"14:00:00";"RJ";40;59;"PETROPOLIS";"Manobra de mudança de faixa";"Saída de leito carroçável";"Com Vítimas Feridas";"Pleno dia";"Crescente";"Nublado";"Simples";"Curva";"Não";2;0;1;0;1;0;1;1;-22,38628773;-43,13543464;"SPRF-RJ";"DEL05-RJ";"UOP02-DEL05-RJ"
475786;2022-09-21;"quarta-feira";"12:45:00";"MG";262;429,8;"SAO GONCALO DO PARA";"Velocidade Incompatível";"Colisão traseira";"Com Vítimas Feridas";"Pleno dia";"Decrescente";"Céu Claro";"Dupla";"Reta";"Não";3;0;1;0;1;2;1;4;-19,88839281;-44,79613504;"SPRF-MG";"DEL08-MG";"UOP03-DEL08-MG"
475791;2022-09-21;"quarta-feira";"13:25:00";"MA";222;662;"ACAILANDIA";"Reação tardia ou ineficiente do condutor";"Colisão frontal";"Com Vítimas Feridas";"Pleno dia";"Decrescente";"Céu Claro";"Simples";"Reta";"Sim";2;0;1;0;1;0;1;2;-4,90282037;-47,40045409;"SPRF-MA";"DEL04-MA";"UOP03-DEL04-MA"
475798;2022-09-21;"quarta-feira";"14:00:00";"MT";364;403;"CUIABA";"Reação tardia ou ineficiente do condutor";"Engavetamento";"Com Vítimas Feridas";"Pleno dia";"Crescente";"Céu Claro";"Múltipla";"Reta";"Sim";4;0;1;0;2;6;1;9;-15,64393292;-56,01407984;"SPRF-MT";"DEL01-MT";"UOP02-DEL01-MT"
475799;2022-09-21;"quarta-feira";"12:20:00";"MS";60;416;"SIDROLANDIA";"Ausência de reação do condutor";"Colisão com objeto";"Sem Vítimas";"Pleno dia";"Decrescente";"Céu Claro";"Simples";"Reta";"Não";1;0;0;0;1;0;0;1;-20,89806786;-54,88480401;"SPRF-MS";"DEL01-MS";"UOP04-DEL01-MS"
475801;2022-09-21;"quarta-feira";"15:35:00";"PR";116;103;"SAO JOSE DOS PINHAIS";"Velocidade Incompatível";"Saída de leito carroçável";"Com Vítimas Feridas";"Pleno dia";"Decrescente";"Chuva";"Dupla";"Reta";"Não";1;0;1;0;0;0;1;1;-25,55944814;-49,15099774;"SPRF-PR";"DEL01-PR";"UOP01-DEL01-PR"
475812;2022-09-21;"quarta-feira";"17:20:00";"MG";262;803;"UBERABA";"Demais falhas mecânicas ou elétricas";"Engavetamento";"Com Vítimas Feridas";"Anoitecer";"Crescente";"Céu Claro";"Simples";"Reta;Declive";"Sim";4;0;2;0;1;1;2;3;-19,777001;-47,921755;"SPRF-MG";"DEL13-MG";"UOP01-DEL13-MG"
475813;2022-09-21;"quarta-feira";"17:30:00";"PB";104;72,8;"REMIGIO";"Transitar na contramão";"Colisão frontal";"Com Vítimas Fatais";"Pleno dia";"Crescente";"Sol";"Simples";"Reta";"Não";2;1;1;0;0;0;1;2;-6,89593952;-35,89655835;"SPRF-PB";"DEL02-PB";"UOP04-DEL02-PB"
475814;2022-09-21;"quarta-feira";"17:30:00";"MG";50;171;"UBERABA";"Manobra de mudança de faixa";"Colisão traseira";"Com Vítimas Feridas";"Anoitecer";"Crescente";"Nublado";"Dupla";"Em Obras;Reta;Declive";"Não";2;0;1;0;1;0;1;2;-19,74554892;-47,98382166;"SPRF-MG";"DEL13-MG";"UOP01-DEL13-MG"
475821;2022-09-21;"quarta-feira";"17:00:00";"RS";471;187,5;"RIO PARDO";"Manobra de mudança de faixa";"Colisão lateral mesmo sentido";"Com Vítimas Feridas";"Pleno dia";"Decrescente";"Nublado";"Simples";"Reta";"Não";3;0;1;0;2;0;1;2;-30,139168;-52,37114;"SPRF-RS";"DEL02-RS";"UOP03-DEL02-RS"
475822;2022-06-29;"quarta-feira";"13:40:00";"PR";158;507,2;"CORONEL VIVIDA";"Condutor Dormindo";"Colisão frontal";"Com Vítimas Feridas";"Pleno dia";"Crescente";"Céu Claro";"Simples";"Reta";"Não";4;0;0;1;2;1;1;3;-26,02180124;-52,57733183;"SPRF-PR";"DEL02-PR";"UOP01-DEL02-PR"
475827;2022-09-21;"quarta-feira";"16:50:00";"SC";282;500;"XANXERE";"Velocidade Incompatível";"Colisão com objeto";"Sem Vítimas";"Pleno dia";"Decrescente";"Chuva";"Dupla";"Reta";"Sim";3;0;0;0;2;1;0;2;-26,881372;-52,37252;"SPRF-SC";"DEL07-SC";"UOP01-DEL07-SC"
475832;2022-09-21;"quarta-feira";"21:25:00";"PR";116;86,7;"PIRAQUARA";"Manobra de mudança de faixa";"Colisão lateral mesmo sentido";"Sem Vítimas";"Plena Noite";"Decrescente";"Garoa/Chuvisco";"Dupla";"Reta";"Não";3;0;0;0;1;2;0;3;-25,46790449;-49,09095347;"SPRF-PR";"DEL01-PR";"UOP01-DEL01-PR"
475834;2022-09-21;"quarta-feira";"19:00:00";"MG";50;148;"UBERABA";"Velocidade Incompatível";"Colisão frontal";"Com Vítimas Feridas";"Plena Noite";"Decrescente";"Céu Claro";"Dupla";"Reta";"Não";2;0;1;0;1;0;1;2;-19,54676795;-48,03584554;"SPRF-MG";"DEL13-MG";"UOP01-DEL13-MG"
475835;2022-09-21;"quarta-feira";"17:00:00";"MG";116;724;"MURIAE";"Reação tardia ou ineficiente do condutor";"Colisão lateral sentido oposto";"Com Vítimas Feridas";"Pleno dia";"Crescente";"Nublado";"Simples";"Reta";"Não";4;0;1;0;2;1;1;3;-21,27269894;-42,40559578;"SPRF-MG";"DEL07-MG";"UOP02-DEL07-MG"
475837;2022-09-21;"quarta-feira";"18:09:00";"SC";116;239;"LAGES";"Reação tardia ou ineficiente do condutor";"Tombamento";"Com Vítimas Feridas";"Anoitecer";"Decrescente";"Chuva";"Simples";"Curva";"Sim";1;0;1;0;0;0;1;1;-27,74920303;-50,33493086;"SPRF-SC";"DEL05-SC";"UOP01-DEL05-SC"
475838;2022-09-21;"quarta-feira";"18:40:00";"MS";163;475;"CAMPO GRANDE";"Acessar a via sem observar a presença dos outros veículos";"Colisão traseira";"Com Vítimas Feridas";"Plena Noite";"Crescente";"Nublado";"Simples";"Reta";"Sim";2;0;1;0;1;0;1;2;-20,51838231;-54,56658567;"SPRF-MS";"DEL01-MS";"UOP01-DEL01-MS"
475840;2022-09-21;"quarta-feira";"20:00:00";"SC";282;220,6;"LAGES";"Reação tardia ou ineficiente do condutor";"Colisão traseira";"Sem Vítimas";"Plena Noite";"Decrescente";"Chuva";"Simples";"Declive;Reta";"Sim";3;0;0;0;2;1;0;3;-27,794014;-50,33363;"SPRF-SC";"DEL05-SC";"UOP01-DEL05-SC"
475848;2022-09-21;"quarta-feira";"19:00:00";"MG";153;219,8;"FRUTAL";"Acessar a via sem observar a presença dos outros veículos";"Colisão transversal";"Com Vítimas Fatais";"Plena Noite";"Decrescente";"Chuva";"Simples";"Reta";"Sim";4;1;2;0;1;0;2;2;-20,14538599;-49,11088214;"SPRF-MG";"DEL13-MG";"UOP02-DEL13-MG"
475849;2022-09-21;"quarta-feira";"22:30:00";"PR";376;467,8;"PONTA GROSSA";"Reação tardia ou ineficiente do condutor";"Tombamento";"Com Vítimas Feridas";"Plena Noite";"Decrescente";"Chuva";"Dupla";"Reta";"Não";2;0;1;0;0;1;1;2;-25,008649;-50,352047;"SPRF-PR";"DEL03-PR";"UOP01-DEL03-PR"
475855;2022-09-21;"quarta-feira";"17:50:00";"SC";101;335,8;"TUBARAO";"Manobra de mudança de faixa";"Colisão lateral mesmo sentido";"Com Vítimas Feridas";"Anoitecer";"Decrescente";"Nublado";"Múltipla";"Curva";"Sim";4;0;1;0;2;1;1;3;-28,47887681;-49,03335571;"SPRF-SC";"DEL02-SC";"UOP01-DEL02-SC"
475856;2022-09-22;"quinta-feira";"03:00:00";"SC";101;197;"BIGUACU";"Entrada inopinada do pedestre";"Atropelamento de Pedestre";"Com Vítimas Feridas";"Plena Noite";"Crescente";"Nublado";"Múltipla";"Reta";"Sim";3;0;1;0;0;2;1;2;-27,51844497;-48,63848496;"SPRF-SC";"DEL01-SC";"UOP01-DEL01-SC"
475857;2022-09-22;"quinta-feira";"01:30:00";"SP";116;442;"REGISTRO";"Acessar a via sem observar a presença dos outros veículos";"Atropelamento de Pedestre";"Com Vítimas Fatais";"Plena Noite";"Crescente";"Chuva";"Dupla";"Reta";"Não";3;1;0;0;1;1;0;2;-24,47609886;-47,8273532;"SPRF-SP";"DEL05-SP";"UOP01-DEL05-SP"
475858;2022-09-22;"quinta-feira";"03:22:00";"MG";381;895;"CAMBUI";"Falta de acostamento";"Colisão traseira";"Com Vítimas Feridas";"Plena Noite";"Crescente";"Chuva";"Dupla";"Reta";"Não";3;0;1;0;1;1;1;3;-22,62324893;-46,07503911;"SPRF-MG";"DEL16-MG";"UOP03-DEL16-MG"
475863;2022-09-22;"quinta-feira";"05:15:00";"MG";381;361;"JOAO MONLEVADE";"Velocidade Incompatível";"Colisão lateral sentido oposto";"Sem Vítimas";"Amanhecer";"Decrescente";"Garoa/Chuvisco";"Simples";"Curva";"Sim";3;0;0;0;2;1;0;3;-19,85881293;-43,234108;"SPRF-MG";"DEL03-MG";"UOP01-DEL03-MG"
475876;2022-09-21;"quarta-feira";"12:20:00";"PR";163;212;"CASCAVEL";"Velocidade Incompatível";"Tombamento";"Com Vítimas Feridas";"Pleno dia";"Crescente";"Céu Claro";"Simples";"Viaduto";"Não";2;0;1;0;0;2;1;3;-24,89654913;-53,53299249;"SPRF-PR";"DEL05-PR";"UOP05-DEL05-PR"
475880;2022-09-22;"quinta-feira";"01:01:00";"GO";40;95;"CRISTALINA";"Condutor deixou de manter distância do veículo da frente";"Colisão traseira";"Sem Vítimas";"Plena Noite";"Crescente";"Chuva";"Simples";"Reta";"Sim";2;0;0;0;2;0;0;2;-16,750555;-47,607549;"SPRF-DF";"DEL01-DF";"UOP02-DEL01-DF"
475881;2022-09-21;"quarta-feira";"19:00:00";"MT";70;518;"VARZEA GRANDE";"Mal súbito do condutor";"Saída de leito carroçável";"Com Vítimas Feridas";"Plena Noite";"Decrescente";"Céu Claro";"Simples";"Reta";"Sim";2;0;1;0;0;2;1;3;-15,67791546;-56,17652893;"SPRF-MT";"DEL01-MT";"UOP02-DEL01-MT"
475882;2022-09-21;"quarta-feira";"17:00:00";"PR";153;131,7;"VENTANIA";"Acumulo de água sobre o pavimento";"Colisão frontal";"Com Vítimas Feridas";"Pleno dia";"Decrescente";"Chuva";"Simples";"Curva";"Não";6;0;2;2;2;0;4;3;-24,0140882;-50,25322437;"SPRF-PR";"DEL07-PR";"UOP04-DEL07-PR"
475888;2022-09-21;"quarta-feira";"10:20:00";"GO";364;198;"JATAI";"Acessar a via sem observar a presença dos outros veículos";"Saída de leito carroçável";"Com Vítimas Feridas";"Pleno dia";"Crescente";"Céu Claro";"Dupla";"Reta;Retorno Regulamentado";"Não";3;0;1;0;0;2;1;3;-17,920603;-51,739265;"SPRF-GO";"DEL05-GO";"UOP01-DEL05-GO"
475891;2022-09-22;"quinta-feira";"07:00:00";"PR";277;80;"CURITIBA";"Ausência de reação do condutor";"Colisão traseira";"Com Vítimas Feridas";"Pleno dia";"Crescente";"Céu Claro";"Dupla";"Reta";"Sim";4;0;1;0;2;1;1;4;-25,568939;-49,181978;"SPRF-PR";"DEL01-PR";"UOP01-DEL01-PR"
475895;2022-09-21;"quarta-feira";"14:45:00";"MG";381;693,2;"LAVRAS";"Manobra de mudança de faixa";"Colisão lateral mesmo sentido";"Com Vítimas Feridas";"Pleno dia";"Decrescente";"Nublado";"Dupla";"Reta;Em Obras";"Não";5;0;0;1;2;2;1;4;-21,228201;-45,132265;"SPRF-MG";"DEL04-MG";"UOP02-DEL04-MG"
475899;2022-09-22;"quinta-feira";"07:30:00";"SC";101;25;"JOINVILLE";"Acessar a via sem observar a presença dos outros veículos";"Colisão lateral mesmo sentido";"Com Vítimas Feridas";"Pleno dia";"Crescente";"Céu Claro";"Dupla";"Interseção de Vias";"Sim";2;0;1;0;1;0;1;2;-26,1834739;-48,9105912;"SPRF-SC";"DEL03-SC";"UOP01-DEL03-SC"
475903;2022-09-21;"quarta-feira";"17:15:00";"MT";163;606,6;"NOVA MUTUM";"Falta de acostamento";"Colisão frontal";"Sem Vítimas";"Anoitecer";"Decrescente";"Céu Claro";"Simples";"Reta";"Não";2;0;0;0;2;0;0;2;-13,85460924;-56,08513817;"SPRF-MT";"DEL01-MT";"UOP01-DEL01-MT"
475906;2022-09-22;"quinta-feira";"07:30:00";"RN";304;295;"MACAIBA";"Condutor deixou de manter distância do veículo da frente";"Engavetamento";"Com Vítimas Feridas";"Pleno dia";"Decrescente";"Céu Claro";"Simples";"Reta";"Sim";8;0;1;0;6;1;1;4;-5,86605927;-35,35822096;"SPRF-RN";"DEL01-RN";"UOP02-DEL01-RN"
475907;2022-09-22;"quinta-feira";"07:30:00";"PR";277;144;"PORTO AMAZONAS";"Ausência de reação do condutor";"Saída de leito carroçável";"Com Vítimas Feridas";"Pleno dia";"Crescente";"Garoa/Chuvisco";"Simples";"Curva";"Não";2;0;1;0;0;1;1;2;-25,467359;-49,768008;"SPRF-PR";"DEL03-PR";"UOP03-DEL03-PR"
475908;2022-09-21;"quarta-feira";"18:10:00";"MT";163;636,1;"NOVA MUTUM";"Demais falhas mecânicas ou elétricas";"Tombamento";"Sem Vítimas";"Anoitecer";"Decrescente";"Céu Claro";"Simples";"Reta";"Não";2;0;0;0;1;2;0;3;-13,59341597;-56,03112436;"SPRF-MT";"DEL01-MT";"UOP01-DEL01-MT"
475910;2022-09-22;"quinta-feira";"08:10:00";"MG";365;45,9;"CLARO DOS POCOES";"Chuva";"Colisão frontal";"Com Vítimas Feridas";"Pleno dia";"Crescente";"Garoa/Chuvisco";"Simples";"Reta";"Não";4;0;2;1;0;1;3;3;-16,91338837;-44,20830575;"SPRF-MG";"DEL12-MG";"UOP01-DEL12-MG"