"id";"data_inversa";"dia_semana";"horario";"uf";"br";"km";"municipio";"causa_acidente";"tipo_acidente";"classificacao_acidente";"fase_dia";"sentido_via";"condicao_metereologica";"tipo_pista";"tracado_via";"uso_solo";"pessoas";"mortos";"feridos_leves";"feridos_graves";"ilesos";"ignorados";"feridos";"veiculos";"latitude";"longitude";"regional";"delegacia";"uop"
475915;2022-09-22;"quinta-feira";"08:20:00";"RN";110;15,1;"AREIA BRANCA";"Demais falhas mecânicas ou elétricas";"Colisão com objeto";"Com Vítimas Feridas";"Pleno dia";"Decrescente";"Céu Claro";"Simples";"Reta";"Não";3;0;3;0;0;0;3;1;-5,0337873;-37,1297123;"SPRF-RN";"DEL04-RN";"UOP01-DEL04-RN"
475916;2022-09-22;"quinta-feira";"05:15:00";"RS";153;8,2;"MARCELINO RAMOS";"Carga excessiva e/ou mal acondicionada";"Derramamento de carga";"Com Vítimas Fatais";"Amanhecer";"Crescente";"Nevoeiro/Neblina";"Simples";"Curva";"Não";2;1;0;0;1;0;0;2;-27,42440461;-52,02551007;"SPRF-RS";"DEL08-RS";"UOP04-DEL08-RS"
475922;2022-09-22;"quinta-feira";"08:30:00";"PR";277;1,7;"PARANAGUA";"Ultrapassagem Indevida";"Colisão lateral mesmo sentido";"Com Vítimas Feridas";"Pleno dia";"Decrescente";"Nublado";"Simples";"Reta";"Sim";3;0;0;1;1;2;1;4;-25,51182856;-48,53341341;"SPRF-PR";"DEL01-PR";"UOP05-DEL01-PR"
475928;2022-09-22;"quinta-feira";"05:45:00";"PR";116;40,9;"CAMPINA GRANDE DO SUL";"Demais falhas mecânicas ou elétricas";"Tombamento";"Com Vítimas Feridas";"Amanhecer";"Decrescente";"Nublado";"Múltipla";"Curva";"Não";2;0;1;0;0;1;1;2;-25,17443685;-48,86836767;"SPRF-PR";"DEL01-PR";"UOP02-DEL01-PR"
475930;2022-09-22;"quinta-feira";"09:10:00";"RJ";493;21;"MAGE";"Ausência de reação do condutor";"Atropelamento de Pedestre";"Com Vítimas Feridas";"Pleno dia";"Crescente";"Céu Claro";"Simples";"Reta";"Sim";3;0;0;1;1;1;1;3;-22,66151289;-43,04480692;"SPRF-RJ";"DEL04-RJ";"UOP02-DEL04-RJ"
475933;2022-09-22;"quinta-feira";"10:30:00";"SC";101;126,3;"ITAJAI";"Ausência de reação do condutor";"Engavetamento";"Com Vítimas Feridas";"Pleno dia";"Decrescente";"Céu Claro";"Dupla";"Reta";"Não";6;0;3;0;2;3;3;6;-26,95564404;-48,67978366;"SPRF-SC";"DEL04-SC";"UOP04-DEL04-SC"
475935;2022-08-25;"quinta-feira";"09:00:00";"SC";101;328;"CAPIVARI DE BAIXO";"Transitar na contramão";"Colisão transversal";"Com Vítimas Feridas";"Pleno dia";"Crescente";"Céu Claro";"Simples";"Reta";"Não";2;0;1;0;1;0;1;2;-28,43648094;-48,95989307;"SPRF-SC";"DEL02-SC";"UOP01-DEL02-SC"
475936;2022-09-22;"quinta-feira";"04:15:00";"SP";116;310;"SAO LOURENCO DA SERRA";"Ausência de reação do condutor";"Tombamento";"Sem Vítimas";"Plena Noite";"Decrescente";"Céu Claro";"Dupla";"Reta";"Não";2;0;0;0;1;1;0;2;-23,8717102;-46,96137189;"SPRF-SP";"DEL04-SP";"UOP01-DEL04-SP"
475940;2022-09-03;"sábado";"10:45:00";"RS";293;122;"PINHEIRO MACHADO";"Reação tardia ou ineficiente do condutor";"Saída de leito carroçável";"Sem Vítimas";"Pleno dia";"Decrescente";"Céu Claro";"Simples";"Aclive";"Não";2;0;0;0;1;2;0;3;-31,51975195;-53,51507297;"SPRF-RS";"DEL11-RS";"UOP03-DEL11-RS"
475945;2022-09-14;"quarta-feira";"09:30:00";"MS";163;374;"NOVA ALVORADA DO SUL";"Chuva";"Saída de leito carroçável";"Com Vítimas Feridas";"Pleno dia";"Crescente";"Chuva";"Simples";"Aclive";"Não";1;0;1;0;0;0;1;1;-21,39332793;-54,40779977;"SPRF-MS";"DEL02-MS";"UOP01-DEL02-MS"
475952;2022-09-22;"quinta-feira";"10:00:00";"RJ";493;60;"DUQUE DE CAXIAS";"Demais falhas na via";"Saída de leito carroçável";"Sem Vítimas";"Pleno dia";"Decrescente";"Céu Claro";"Dupla";"Reta";"Não";2;0;0;0;1;1;0;2;-22,672089;-43,285053;"SPRF-RJ";"DEL01-RJ";"UOP03-DEL01-RJ"
475960;2022-09-22;"quinta-feira";"12:55:00";"ES";101;298,6;"CARIACICA";"Reação tardia ou ineficiente do condutor";"Colisão traseira";"Com Vítimas Feridas";"Pleno dia";"Crescente";"Céu Claro";"Múltipla";"Reta";"Sim";2;0;1;0;1;0;1;2;-20,35860628;-40,42327504;"SPRF-ES";"DEL01-ES";"UOP01-DEL01-ES"
475962;2022-09-22;"quinta-feira";"11:40:00";"MT";163;773;"SORRISO";"Chuva";"Colisão traseira";"Com Vítimas Feridas";"Pleno dia";"Decrescente";"Chuva";"Simples";"Aclive";"Não";6;0;1;0;4;6;1;11;-12,40404741;-55,62558543;"SPRF-MT";"DEL06-MT";"UOP01-DEL06-MT"
475966;2022-09-22;"quinta-feira";"14:00:00";"ES";101;140,8;"LINHARES";"Acessar a via sem observar a presença dos outros veículos";"Colisão lateral mesmo sentido";"Com Vítimas Feridas";"Pleno dia";"Crescente";"Nublado";"Dupla";"Reta";"Sim";2;0;1;0;1;0;1;2;-19,31817306;-40,07552313;"SPRF-ES";"DEL04-ES";"UOP01-DEL04-ES"
475970;2022-09-22;"quinta-feira";"12:00:00";"SC";470;135,6;"RIO DO SUL";"Retorno proibido";"Colisão transversal";"Com Vítimas Feridas";"Pleno dia";"Crescente";"Nublado";"Simples";"Reta";"Sim";2;0;1;0;1;0;1;2;-27,18608949;-49,60638285;"SPRF-SC";"DEL04-SC";"UOP02-DEL04-SC"
475972;2022-09-22;"quinta-feira";"12:30:00";"SC";282;497,1;"XANXERE";"Manobra de mudança de faixa";"Colisão lateral mesmo sentido";"Sem Vítimas";"Pleno dia";"Decrescente";"Céu Claro";"Simples";"Curva";"Não";2;0;0;0;2;0;0;2;-26,880062;-52,344685;"SPRF-SC";"DEL07-SC";"UOP01-DEL07-SC"
475975;2022-09-22;"quinta-feira";"12:00:00";"BA";101;325;"PRESIDENTE TANCREDO NEVES";"Velocidade Incompatível";"Tombamento";"Com Vítimas Feridas";"Pleno dia";"Decrescente";"Céu Claro";"Simples";"Declive;Curva";"Não";2;0;0;1;0;2;1;3;-13,55311074;-39,46219125;"SPRF-BA";"DEL05-BA";"UOP03-DEL05-BA"
475978;2022-09-12;"segunda-feira";"23:00:00";"PI";135;174;"MANOEL EMIDIO";"Reação tardia ou ineficiente do condutor";"Colisão com objeto";"Com Vítimas Feridas";"Plena Noite";"Decrescente";"Céu Claro";"Simples";"Curva";"Não";2;0;1;0;0;1;1;2;-7,98196801;-43,86302296;"SPRF-PI";"DEL03-PI";"UOP01-DEL03-PI"
475984;2022-09-22;"quinta-feira";"14:50:00";"ES";101;389;"RIO NOVO DO SUL";"Ausência de sinalização";"Colisão frontal";"Com Vítimas Feridas";"Pleno dia";"Decrescente";"Céu Claro";"Simples";"Curva";"Não";3;0;1;0;1;1;1;3;-20,86442606;-40,88184357;"SPRF-ES";"DEL03-ES";"UOP02-DEL03-ES"
475987;2022-09-22;"quinta-feira";"12:47:00";"SP";116;64,8;"GUARATINGUETA";"Acessar a via sem observar a presença dos outros veículos";"Colisão lateral mesmo sentido";"Com Vítimas Feridas";"Pleno dia";"Decrescente";"Nublado";"Dupla";"Curva";"Sim";2;0;1;0;1;0;1;2;-22,82308247;-45,19146681;"SPRF-SP";"DEL08-SP";"UOP01-DEL08-SP"
475989;2022-09-22;"quinta-feira";"08:20:00";"SC";282;534,8;"CHAPECO";"Ultrapassagem Indevida";"Colisão frontal";"Com Vítimas Fatais";"Pleno dia";"Crescente";"Garoa/Chuvisco";"Simples";"Reta";"Não";4;1;1;0;1;1;1;4;-26,996832;-52,634586;"SPRF-SC";"DEL07-SC";"UOP01-DEL07-SC"
475992;2022-09-22;"quinta-feira";"15:40:00";"DF";20;18,3;"BRASILIA";"Reação tardia ou ineficiente do condutor";"Colisão lateral mesmo sentido";"Sem Vítimas";"Pleno dia";"Crescente";"Nublado";"Dupla";"Declive";"Sim";2;0;0;0;2;0;0;2;-15,616901;-47,708927;"SPRF-DF";"DEL02-DF";"UOP01-DEL02-DF"
475993;2022-09-22;"quinta-feira";"10:10:00";"SC";101;41;"JOINVILLE";"Reação tardia ou ineficiente do condutor";"Engavetamento";"Com Vítimas Feridas";"Pleno dia";"Crescente";"Céu Claro";"Dupla";"Declive";"Sim";4;0;1;1;1;2;2;5;-26,28215489;-48,88973081;"SPRF-SC";"DEL03-SC";"UOP01-DEL03-SC"
475994;2022-09-22;"quinta-feira";"08:40:00";"SC";101;48;"JOINVILLE";"Demais falhas mecânicas ou elétricas";"Colisão com objeto";"Com Vítimas Feridas";"Pleno dia";"Crescente";"Céu Claro";"Múltipla";"Reta";"Não";3;0;2;0;1;0;2;2;-26,3769338;-48,85345459;"SPRF-SC";"DEL03-SC";"UOP01-DEL03-SC"
475996;2022-07-08;"sexta-feira";"19:00:00";"AM";174;942;"MANAUS";"Velocidade Incompatível";"Colisão traseira";"Com Vítimas Feridas";"Plena Noite";"Crescente";"Céu Claro";"Simples";"Reta";"Não";3;0;0;1;1;1;1;3;-3,080192;-60,014592;"SPRF-AM";"DEL01-AM";"UOP01-DEL01-AM"
476005;2022-09-22;"quinta-feira";"15:45:00";"BA";101;107;"ALAGOINHAS";"Desrespeitar a preferência no cruzamento";"Colisão transversal";"Com Vítimas Feridas";"Pleno dia";"Crescente";"Céu Claro";"Simples";"Reta";"Sim";2;0;1;0;1;0;1;2;-12,16492;-38,477026;"SPRF-BA";"DEL01-BA";"UOP04-DEL01-BA"
476008;2022-09-22;"quinta-feira";"08:10:00";"MG";267;286;"BAEPENDI";"Velocidade Incompatível";"Tombamento";"Com Vítimas Feridas";"Pleno dia";"Crescente";"Garoa/Chuvisco";"Simples";"Curva";"Não";2;0;1;0;0;1;1;2;-21,92460612;-44,77877599;"SPRF-MG";"DEL17-MG";"UOP01-DEL17-MG"
476011;2022-08-29;"segunda-feira";"14:45:00";"MS";262;374;"TERENOS";"Condutor Dormindo";"Colisão frontal";"Com Vítimas Fatais";"Pleno dia";"Crescente";"Céu Claro";"Simples";"Curva";"Não";5;3;0;1;0;1;1;3;-20,48772428;-54,81319021;"SPRF-MS";"DEL01-MS";"UOP03-DEL01-MS"
476012;2022-09-22;"quinta-feira";"12:08:00";"PR";277;474;"NOVA LARANJEIRAS";"Ausência de reação do condutor";"Tombamento";"Sem Vítimas";"Pleno dia";"Crescente";"Céu Claro";"Simples";"Curva";"Não";2;0;0;0;1;3;0;4;-25,30767734;-52,53721208;"SPRF-PR";"DEL04-PR";"UOP02-DEL04-PR"
476017;2022-09-22;"quinta-feira";"17:40:00";"GO";20;16,2;"FORMOSA";"Chuva";"Colisão transversal";"Com Vítimas Fatais";"Anoitecer";"Crescente";"Chuva";"Simples";"Reta";"Não";3;1;0;0;1;1;0;3;-15,56247;-47,215034;"SPRF-DF";"DEL02-DF";"UOP01-DEL02-DF"
476021;2022-09-22;"quinta-feira";"17:00:00";"MT";163;539;"DIAMANTINO";"Chuva";"Tombamento";"Sem Vítimas";"Anoitecer";"Crescente";"Chuva";"Simples";"Reta";"Não";2;0;0;0;1;3;0;4;-14,39101303;-56,11636404;"SPRF-MT";"DEL01-MT";"UOP01-DEL01-MT"
476026;2022-09-22;"quinta-feira";"18:40:00";"MG";356;269;"MURIAE";"Desrespeitar a preferência no cruzamento";"Colisão transversal";"Com Vítimas Feridas";"Plena Noite";"Decrescente";"Céu Claro";"Simples";"Reta";"Sim";2;0;1;0;1;0;1;2;-21,12681272;-42,34069001;"SPRF-MG";"DEL07-MG";"UOP02-DEL07-MG"
476033;2022-09-22;"quinta-feira";"08:00:00";"MG";365;737;"ITUIUTABA";"Velocidade Incompatível";"Colisão traseira";"Com Vítimas Feridas";"Pleno dia";"Crescente";"Garoa/Chuvisco";"Simples";"Ponte";"Não";5;0;2;0;2;1;2;4;-18,90839013;-49,34501698;"SPRF-MG";"DEL15-MG";"UOP03-DEL15-MG"
476034;2022-09-22;"quinta-feira";"19:10:00";"GO";153;509;"APARECIDA DE GOIANIA";"Reação tardia ou ineficiente do condutor";"Colisão traseira";"Com Vítimas Feridas";"Plena Noite";"Crescente";"Nublado";"Dupla";"Reta";"Sim";2;0;1;0;1;0;1;2;-16,7888;-49,2379;"SPRF-GO";"DEL01-GO";"UOP03-DEL01-GO"
476040;2022-09-22;"quinta-feira";"17:50:00";"PE";232;179,7;"BELO JARDIM";"Ausência de reação do condutor";"Colisão frontal";"Com Vítimas Feridas";"Anoitecer";"Crescente";"Nublado";"Simples";"Reta";"Sim";3;0;0;1;1;1;1;3;-8,34397529;-36,42642617;"SPRF-PE";"DEL03-PE";"UOP02-DEL03-PE"
476042;2022-09-22;"quinta-feira";"04:00:00";"MG";40;642,1;"CONSELHEIRO LAFAIETE";"Velocidade Incompatível";"Tombamento";"Com Vítimas Feridas";"Plena Noite";"Crescente";"Chuva";"Simples";"Declive;Curva";"Não";1;0;1;0;0;0;1;1;-20,75516683;-43,805059;"SPRF-MG";"DEL05-MG";"UOP02-DEL05-MG"
476047;2022-09-22;"quinta-feira";"18:00:00";"PR";376;536;"PALMEIRA";"Manobra de mudança de faixa";"Colisão lateral mesmo sentido";"Sem Vítimas";"Pleno dia";"Decrescente";"Chuva";"Dupla";"Reta";"Não";2;0;0;0;1;1;0;2;-25,387061;-49,802507;"SPRF-PR";"DEL03-PR";"UOP03-DEL03-PR"
476051;2022-09-22;"quinta-feira";"19:40:00";"TO";230;81;"CACHOEIRINHA";"Objeto estático sobre o leito carroçável";"Colisão lateral mesmo sentido";"Com Vítimas Fatais";"Plena Noite";"Crescente";"Céu Claro";"Simples";"Reta";"Não";7;2;0;1;2;3;1;5;-6,10229926;-47,89374604;"SPRF-TO";"DEL02-TO";"UOP03-DEL02-TO"
476052;2022-09-22;"quinta-feira";"17:40:00";"BA";101;447,9;"AURELINO LEAL";"Reação tardia ou ineficiente do condutor";"Tombamento";"Com Vítimas Feridas";"Anoitecer";"Crescente";"Céu Claro";"Simples";"Curva";"Não";2;0;0;1;0;1;1;2;-14,47398806;-39,32749872;"SPRF-BA";"DEL05-BA";"UOP01-DEL05-BA"
476054;2022-09-22;"quinta-feira";"19:40:00";"PR";277;151;"PORTO AMAZONAS";"Ausência de reação do condutor";"Colisão traseira";"Com Vítimas Fatais";"Plena Noite";"Decrescente";"Céu Claro";"Simples";"Reta";"Não";3;1;0;0;1;2;0;4;-25,4737835;-49,8353072;"SPRF-PR";"DEL03-PR";"UOP03-DEL03-PR"
476064;2022-09-22;"quinta-feira";"19:35:00";"SC";282;376;"HERVAL DOESTE";"Velocidade Incompatível";"Saída de leito carroçável";"Com Vítimas Feridas";"Plena Noite";"Decrescente";"Céu Claro";"Simples";"Reta";"Não";3;0;1;0;2;0;1;2;-27,226302;-51,457033;"SPRF-SC";"DEL07-SC";"UOP05-DEL07-SC"
476073;2022-09-22;"quinta-feira";"16:00:00";"MA";135;138;"MATOES DO NORTE";"Acostamento em desnível";"Saída de leito carroçável";"Com Vítimas Feridas";"Pleno dia";"Crescente";"Ignorado";"Simples";"Reta";"Não";2;0;1;0;0;1;1;2;-3,65746779;-44,53946857;"SPRF-MA";"DEL01-MA";"UOP02-DEL01-MA"
476077;2022-09-22;"quinta-feira";"18:30:00";"RJ";116;285,4;"BARRA MANSA";"Manobra de mudança de faixa";"Saída de leito carroçável";"Com Vítimas Fatais";"Plena Noite";"Decrescente";"Garoa/Chuvisco";"Simples";"Aclive";"Não";2;1;0;0;0;2;0;3;-22,50496778;-44,22509483;"SPRF-RJ";"DEL07-RJ";"UOP02-DEL07-RJ"
476078;2022-09-22;"quinta-feira";"22:10:00";"MG";381;931;"ITAPEVA";"Demais falhas mecânicas ou elétricas";"Colisão com objeto";"Com Vítimas Feridas";"Plena Noite";"Decrescente";"Nublado";"Dupla";"Curva";"Não";3;0;1;0;1;2;1;4;-22,78786385;-46,24262334;"SPRF-MG";"DEL16-MG";"UOP03-DEL16-MG"
476082;2022-09-22;"quinta-feira";"22:45:00";"MG";262;716;"ARAXA";"Condutor Dormindo";"Saída de leito carroçável";"Com Vítimas Feridas";"Plena Noite";"Decrescente";"Nublado";"Simples";"Reta";"Não";2;0;0;1;0;1;1;2;-19,61249764;-47,17432201;"SPRF-MG";"DEL08-MG";"UOP01-DEL08-MG"
476085;2022-09-23;"sexta-feira";"00:17:00";"MS";262;238,6;"RIBAS DO RIO PARDO";"Ultrapassagem Indevida";"Colisão frontal";"Com Vítimas Fatais";"Plena Noite";"Decrescente";"Céu Claro";"Simples";"Reta";"Sim";3;1;0;0;1;1;0;3;-20,45650895;-53,75168324;"SPRF-MS";"DEL01-MS";"UOP01-DEL01-MS"
476089;2022-09-22;"quinta-feira";"22:30:00";"RJ";354;18;"RESENDE";"Pista Escorregadia";"Colisão lateral sentido oposto";"Com Vítimas Feridas";"Plena Noite";"Crescente";"Nevoeiro/Neblina";"Simples";"Curva;Declive";"Não";3;0;1;0;1;1;1;3;-22,465595;-44,716988;"SPRF-RJ";"DEL07-RJ";"UOP02-DEL07-RJ"
476092;2022-09-23;"sexta-feira";"01:50:00";"RN";304;61,3;"MOSSORO";"Ausência de reação do condutor";"Saída de leito carroçável";"Com Vítimas Feridas";"Plena Noite";"Decrescente";"Céu Claro";"Simples";"Reta";"Não";2;0;1;0;0;2;1;3;-5,334523;-37,26332;"SPRF-RN";"DEL04-RN";"UOP01-DEL04-RN"
476095;2022-09-23;"sexta-feira";"01:00:00";"MA";222;668;"ACAILANDIA";"Ausência de reação do condutor";"Colisão traseira";"Com Vítimas Feridas";"Plena Noite";"Crescente";"Céu Claro";"Simples";"Aclive";"Sim";3;0;0;1;1;1;1;3;-4,90710878;-47,40740013;"SPRF-MA";"DEL04-MA";"UOP03-DEL04-MA"
476096;2022-09-23;"sexta-feira";"02:00:00";"MT";70;373,8;"CAMPO VERDE";"Ultrapassagem Indevida";"Colisão frontal";"Com Vítimas Feridas";"Plena Noite";"Crescente";"Céu Claro";"Simples";"Reta";"Não";4;0;1;1;1;2;2;4;-15,4889926;-55,06380512;"SPRF-MT";"DEL05-MT";"UOP02-DEL05-MT"
476100;2022-09-22;"quinta-feira";"21:00:00";"PI";343;504,4;"AMARANTE";"Transitar na contramão";"Colisão frontal";"Com Vítimas Feridas";"Plena Noite";"Decrescente";"Céu Claro";"Simples";"Curva";"Sim";2;0;0;1;1;0;1;2;-6,246172;-42,838028;"SPRF-PI";"DEL03-PI";"UOP01-DEL03-PI"
476102;2022-09-23;"sexta-feira";"05:00:00";"DF";60;26,2;"BRASILIA";"Iluminação deficiente";"Colisão traseira";"Com Vítimas Feridas";"Plena Noite";"Decrescente";"Garoa/Chuvisco";"Dupla";"Aclive;Reta";"Não";3;0;2;0;1;0;2;2;-16,003504;-48,245281;"SPRF-DF";"DEL03-DF";"UOP01-DEL03-DF"
476108;2022-09-23;"sexta-feira";"06:30:00";"PR";369;158,3;"LONDRINA";"Velocidade Incompatível";"Colisão lateral mesmo sentido";"Com Vítimas Feridas";"Pleno dia";"Crescente";"Céu Claro";"Dupla";"Reta;Aclive";"Sim";2;0;1;0;1;0;1;2;-23,285368;-51,237269;"SPRF-PR";"DEL07-PR";"UOP01-DEL07-PR"
476111;2022-09-23;"sexta-feira";"06:10:00";"PR";277;338,8;"GUARAPUAVA";"Ausência de reação do condutor";"Colisão traseira";"Com Vítimas Feridas";"Amanhecer";"Crescente";"Céu Claro";"Dupla";"Reta";"Não";4;0;0;1;2;1;1;3;-25,34446;-51,44166;"SPRF-PR";"DEL08-PR";"UOP01-DEL08-PR"
476113;2022-09-23;"sexta-feira";"07:00:00";"SC";101;317;"PESCARIA BRAVA";"Avarias e/ou desgaste excessivo no pneu";"Colisão com objeto";"Com Vítimas Feridas";"Pleno dia";"Crescente";"Céu Claro";"Dupla";"Curva";"Não";6;0;2;0;3;1;2;3;-28,42708421;-48,85211624;"SPRF-SC";"DEL02-SC";"UOP01-DEL02-SC"
476119;2022-09-23;"sexta-feira";"06:30:00";"RJ";116;166,3;"SAO JOAO DE MERITI";"Manobra de mudança de faixa";"Queda de ocupante de veículo";"Com Vítimas Feridas";"Amanhecer";"Decrescente";"Céu Claro";"Dupla";"Reta";"Sim";2;0;1;0;1;0;1;2;-22,81560263;-43,30051808;"SPRF-RJ";"DEL01-RJ";"UOP02-DEL01-RJ"
476126;2022-09-23;"sexta-feira";"07:50:00";"PR";376;185,5;"SARANDI";"Frear bruscamente";"Engavetamento";"Com Vítimas Feridas";"Pleno dia";"Decrescente";"Céu Claro";"Dupla";"Reta";"Não";3;0;1;0;2;0;1;3;-23,45147413;-51,85361808;"SPRF-PR";"DEL09-PR";"UOP01-DEL09-PR"
476130;2022-09-23;"sexta-feira";"08:37:00";"MG";40;660,5;"CARANDAI";"Condutor usando celular";"Colisão traseira";"Com Vítimas Feridas";"Pleno dia";"Crescente";"Céu Claro";"Simples";"Reta;Aclive";"Sim";3;0;1;0;1;2;1;4;-20,89806015;-43,8232099;"SPRF-MG";"DEL05-MG";"UOP02-DEL05-MG"
476133;2022-09-23;"sexta-feira";"09:15:00";"MG";381;511,5;"IGARAPE";"Velocidade Incompatível";"Colisão traseira";"Com Vítimas Feridas";"Pleno dia";"Decrescente";"Céu Claro";"Dupla";"Declive";"Não";2;0;0;1;1;0;1;2;-20,06534;-44,29516;"SPRF-MG";"DEL01-MG";"UOP03-DEL01-MG"
476135;2022-09-08;"quinta-feira";"20:00:00";"MG";116;483,9;"DOM CAVATI";"Ingestão de álcool pelo condutor";"Saída de leito carroçável";"Sem Vítimas";"Plena Noite";"Crescente";"Céu Claro";"Simples";"Reta";"Não";2;0;0;0;1;1;0;2;-19,420368;-42,11922802;"SPRF-MG";"DEL06-MG";"UOP02-DEL06-MG"
476142;2022-09-21;"quarta-feira";"08:00:00";"MG";116;149;"PONTO DOS VOLANTES";"Ausência de reação do condutor";"Saída de leito carroçável";"Com Vítimas Feridas";"Pleno dia";"Crescente";"Céu Claro";"Simples";"Reta";"Não";3;0;0;2;1;0;2;1;-16,715023;-41,499625;"SPRF-MG";"DEL11-MG";"UOP02-DEL11-MG"
476149;2022-09-12;"segunda-feira";"00:11:00";"MG";262;893;"CAMPO FLORIDO";"Reação tardia ou ineficiente do condutor";"Saída de leito carroçável";"Sem Vítimas";"Plena Noite";"Decrescente";"Céu Claro";"Simples";"Reta";"Não";2;0;0;0;1;2;0;3;-19,76694276;-48,58091387;"SPRF-MG";"DEL13-MG";"UOP02-DEL13-MG"
476154;2022-09-23;"sexta-feira";"11:35:00";"MT";70;521;"VARZEA GRANDE";"Reação tardia ou ineficiente do condutor";"Colisão transversal";"Com Vítimas Feridas";"Pleno dia";"Decrescente";"Céu Claro";"Simples";"Reta";"Não";2;0;1;0;1;0;1;2;-15,658969;-56,187616;"SPRF-MT";"DEL01-MT";"UOP02-DEL01-MT"
476155;2022-08-18;"quinta-feira";"20:40:00";"SC";470;103,6;"APIUNA";"Ultrapassagem Indevida";"Colisão frontal";"Com Vítimas Fatais";"Plena Noite";"Decrescente";"Céu Claro";"Simples";"Reta";"Não";3;1;0;0;1;1;0;3;-27,06221;-49,40906;"SPRF-SC";"DEL04-SC";"UOP02-DEL04-SC"
476156;2022-09-23;"sexta-feira";"12:40:00";"PI";316;352;"CAMPO GRANDE DO PIAUI";"Pedestre andava na pista";"Atropelamento de Pedestre";"Com Vítimas Fatais";"Pleno dia";"Decrescente";"Céu Claro";"Simples";"Reta";"Sim";3;1;0;0;1;1;0;3;-7,12546739;-41,10127504;"SPRF-PI";"DEL04-PI";"UOP03-DEL04-PI"
476160;2022-09-23;"sexta-feira";"07:30:00";"MA";135;79,8;"SANTA RITA";"Reação tardia ou ineficiente do condutor";"Saída de leito carroçável";"Com Vítimas Feridas";"Pleno dia";"Crescente";"Céu Claro";"Simples";"Reta";"Não";1;0;1;0;0;0;1;1;-3,20309;-44,36232614;"SPRF-MA";"DEL01-MA";"UOP02-DEL01-MA"
476166;2022-09-23;"sexta-feira";"12:40:00";"MT";364;198;"RONDONOPOLIS";"Ultrapassagem Indevida";"Colisão frontal";"Com Vítimas Fatais";"Pleno dia";"Crescente";"Céu Claro";"Simples";"Reta";"Sim";4;1;0;1;0;2;1;4;-16,50621198;-54,62294799;"SPRF-MT";"DEL02-MT";"UOP01-DEL02-MT"
476169;2022-09-23;"sexta-feira";"13:10:00";"RJ";101;159;"MACAE";"Ultrapassagem Indevida";"Colisão lateral mesmo sentido";"Com Vítimas Feridas";"Pleno dia";"Decrescente";"Céu Claro";"Simples";"Reta";"Não";3;0;1;0;1;1;1;3;-22,27732291;-41,87226924;"SPRF-RJ";"DEL08-RJ";"UOP04-DEL08-RJ"
476171;2022-09-23;"sexta-feira";"07:30:00";"GO";153;233,9;"HIDROLINA";"Transitar na contramão";"Colisão frontal";"Com Vítimas Fatais";"Pleno dia";"Decrescente";"Nublado";"Simples";"Reta";"Não";7;3;0;0;2;2;0;4;-14,785928;-49,275658;"SPRF-GO";"DEL07-GO";"UOP02-DEL07-GO"
476179;2022-09-23;"sexta-feira";"14:45:00";"GO";153;401,1;"PIRENOPOLIS";"Velocidade Incompatível";"Colisão traseira";"Com Vítimas Feridas";"Pleno dia";"Decrescente";"Céu Claro";"Simples";"Reta";"Não";3;0;0;1;1;1;1;3;-16,04899556;-49,07369571;"SPRF-GO";"DEL02-GO";"UOP02-DEL02-GO"
476181;2022-09-23;"sexta-feira";"09:40:00";"MS";158;40;"PARANAIBA";"Reação tardia ou ineficiente do condutor";"Saída de leito carroçável";"Com Vítimas Feridas";"Pleno dia";"Crescente";"Céu Claro";"Simples";"Aclive;Reta";"Não";2;0;1;0;0;1;1;2;-19,30063886;-51,4516189;"SPRF-MS";"DEL08-MS";"UOP01-DEL08-MS"
476182;2022-09-23;"sexta-feira";"14:10:00";"RS";285;284;"PASSO FUNDO";"Ultrapassagem Indevida";"Colisão traseira";"Com Vítimas Feridas";"Pleno dia";"Decrescente";"Céu Claro";"Simples";"Reta";"Não";7;0;1;0;5;1;1;5;-28,246628;-52,290237;"SPRF-RS";"DEL08-RS";"UOP03-DEL08-RS"
476184;2022-09-23;"sexta-feira";"15:20:00";"SP";116;214;"GUARULHOS";"Reação tardia ou ineficiente do condutor";"Colisão traseira";"Com Vítimas Feridas";"Pleno dia";"Decrescente";"Céu Claro";"Múltipla";"Reta";"Sim";3;0;0;1;1;1;1;3;-23,44333014;-46,44531294;"SPRF-SP";"DEL01-SP";"UOP01-DEL01-SP"
476192;2022-09-23;"sexta-feira";"14:35:00";"AM";174;905;"MANAUS";"Velocidade Incompatível";"Colisão traseira";"Sem Vítimas";"Pleno dia";"Crescente";"Céu Claro";"Simples";"Declive";"Não";7;0;0;0;7;0;0;2;-2,793107;-60,03682;"SPRF-AM";"DEL01-AM";"UOP01-DEL01-AM"
476193;2022-09-23;"sexta-feira";"13:00:00";"SC";116;93,1;"MONTE CASTELO";"Ultrapassagem Indevida";"Saída de leito carroçável";"Com Vítimas Feridas";"Pleno dia";"Decrescente";"Céu Claro";"Simples";"Reta";"Não";2;0;1;0;0;1;1;2;-26,65724415;-50,27454781;"SPRF-SC";"DEL06-SC";"UOP02-DEL06-SC"
476195;2022-09-23;"sexta-feira";"15:55:00";"ES";101;141,9;"LINHARES";"Desrespeitar a preferência no cruzamento";"Colisão transversal";"Sem Vítimas";"Pleno dia";"Crescente";"Nublado";"Simples";"Interseção de Vias";"Sim";3;0;0;0;2;2;0;4;-19,32655693;-40,07192387;"SPRF-ES";"DEL04-ES";"UOP01-DEL04-ES"