"id";"data_inversa";"dia_semana";"horario";"uf";"br";"km";"municipio";"causa_acidente";"tipo_acidente";"classificacao_acidente";"fase_dia";"sentido_via";"condicao_metereologica";"tipo_pista";"tracado_via";"uso_solo";"pessoas";"mortos";"feridos_leves";"feridos_graves";"ilesos";"ignorados";"feridos";"veiculos";"latitude";"longitude";"regional";"delegacia";"uop"
476203;2022-09-15;"quinta-feira";"12:40:00";"PA";230;1129;"ITAITUBA";"Demais falhas mecânicas ou elétricas";"Colisão lateral sentido oposto";"Com Vítimas Feridas";"Pleno dia";"Crescente";"Céu Claro";"Simples";"Reta";"Não";4;0;0;1;2;2;1;5;-4,39738563;-55,91015508;"SPRF-PA";"DEL05-PA";"UOP01-DEL05-PA"
476208;2022-09-23;"sexta-feira";"17:30:00";"PE";232;178,8;"BELO JARDIM";"Acessar a via sem observar a presença dos outros veículos";"Colisão transversal";"Com Vítimas Feridas";"Anoitecer";"Crescente";"Céu Claro";"Simples";"Reta";"Sim";4;0;2;1;1;0;3;2;-8,347448;-36,411818;"SPRF-PE";"DEL03-PE";"UOP02-DEL03-PE"
476209;2022-09-23;"sexta-feira";"17:00:00";"RJ";116;274;"BARRA MANSA";"Velocidade Incompatível";"Colisão traseira";"Com Vítimas Feridas";"Pleno dia";"Crescente";"Céu Claro";"Dupla";"Reta;Declive";"Sim";6;0;2;0;4;0;2;4;-22,56163574;-44,14771584;"SPRF-RJ";"DEL07-RJ";"UOP02-DEL07-RJ"
476211;2022-09-23;"sexta-feira";"12:05:00";"SC";101;320,5;"PESCARIA BRAVA";"Condutor deixou de manter distância do veículo da frente";"Colisão traseira";"Com Vítimas Feridas";"Pleno dia";"Decrescente";"Céu Claro";"Dupla";"Reta";"Sim";4;0;1;1;1;1;2;3;-28,42926979;-48,87858152;"SPRF-SC";"DEL02-SC";"UOP01-DEL02-SC"
476212;2022-09-23;"sexta-feira";"16:00:00";"RJ";116;279,9;"BARRA MANSA";"Reação tardia ou ineficiente do condutor";"Engavetamento";"Sem Vítimas";"Pleno dia";"Crescente";"Céu Claro";"Dupla";"Aclive";"Sim";6;0;0;0;4;2;0;5;-22,54744306;-44,1836602;"SPRF-RJ";"DEL07-RJ";"UOP02-DEL07-RJ"
476213;2022-09-23;"sexta-feira";"14:17:00";"TO";153;757,9;"ALVORADA";"Reação tardia ou ineficiente do condutor";"Colisão traseira";"Com Vítimas Feridas";"Pleno dia";"Decrescente";"Céu Claro";"Simples";"Reta";"Não";4;0;1;0;2;3;1;5;-12,45418101;-49,11937505;"SPRF-TO";"DEL01-TO";"UOP02-DEL01-TO"
476218;2022-09-23;"sexta-feira";"17:10:00";"SC";282;599,6;"CUNHA PORA";"Ausência de reação do condutor";"Colisão traseira";"Com Vítimas Feridas";"Pleno dia";"Crescente";"Sol";"Simples";"Curva;Aclive";"Não";3;0;0;1;1;1;1;3;-26,820206;-53,155052;"SPRF-SC";"DEL07-SC";"UOP02-DEL07-SC"
476225;2022-09-23;"sexta-feira";"17:50:00";"PE";232;181,2;"BELO JARDIM";"Acessar a via sem observar a presença dos outros veículos";"Colisão traseira";"Com Vítimas Feridas";"Plena Noite";"Decrescente";"Céu Claro";"Simples";"Reta";"Sim";3;0;1;1;0;1;2;2;-8,346873;-36,440561;"SPRF-PE";"DEL03-PE";"UOP02-DEL03-PE"
476227;2022-09-23;"sexta-feira";"11:50:00";"BA";30;269;"CAETITE";"Ultrapassagem Indevida";"Colisão frontal";"Com Vítimas Fatais";"Pleno dia";"Crescente";"Céu Claro";"Simples";"Reta";"Não";3;1;0;0;1;1;0;3;-14,09789655;-42,58010043;"SPRF-BA";"DEL08-BA";"UOP01-DEL08-BA"
476229;2022-09-23;"sexta-feira";"16:40:00";"SC";280;157,6;"MAFRA";"Reação tardia ou ineficiente do condutor";"Colisão traseira";"Com Vítimas Feridas";"Pleno dia";"Decrescente";"Céu Claro";"Simples";"Aclive;Reta";"Não";7;0;1;0;6;0;1;4;-26,233981;-49,689027;"SPRF-SC";"DEL06-SC";"UOP03-DEL06-SC"
476241;2022-02-14;"segunda-feira";"06:55:00";"GO";40;18,8;"LUZIANIA";"Retorno proibido";"Colisão lateral mesmo sentido";"Com Vítimas Feridas";"Pleno dia";"Decrescente";"Céu Claro";"Dupla";"Reta";"Sim";3;0;2;0;1;0;2;2;-16,19349;-47,925575;"SPRF-DF";"DEL01-DF";"UOP01-DEL01-DF"
476246;2022-09-23;"sexta-feira";"18:45:00";"MS";163;458,5;"CAMPO GRANDE";"Transitar na contramão";"Colisão frontal";"Com Vítimas Feridas";"Plena Noite";"Crescente";"Céu Claro";"Simples";"Aclive";"Não";5;0;0;1;3;2;1;5;-20,66403994;-54,5606768;"SPRF-MS";"DEL01-MS";"UOP01-DEL01-MS"
476256;2022-09-23;"sexta-feira";"19:45:00";"PR";116;101;"SAO JOSE DOS PINHAIS";"Manobra de mudança de faixa";"Colisão lateral mesmo sentido";"Com Vítimas Feridas";"Plena Noite";"Crescente";"Céu Claro";"Dupla";"Viaduto";"Sim";3;0;1;0;1;1;1;3;-25,568913;-49,18155;"SPRF-PR";"DEL01-PR";"UOP01-DEL01-PR"
476266;2022-09-23;"sexta-feira";"13:00:00";"MA";222;449,3;"SANTA LUZIA";"Condutor Dormindo";"Colisão lateral sentido oposto";"Com Vítimas Feridas";"Pleno dia";"Decrescente";"Céu Claro";"Simples";"Aclive";"Não";3;0;1;0;1;1;1;3;-4,09361502;-45,96747197;"SPRF-MA";"DEL02-MA";"UOP01-DEL02-MA"
476272;2022-09-23;"sexta-feira";"20:00:00";"SC";470;173,5;"POUSO REDONDO";"Reação tardia ou ineficiente do condutor";"Colisão frontal";"Com Vítimas Feridas";"Plena Noite";"Decrescente";"Céu Claro";"Simples";"Declive";"Não";2;0;1;0;1;0;1;2;-27,25984;-49,919285;"SPRF-SC";"DEL04-SC";"UOP02-DEL04-SC"
476273;2022-09-23;"sexta-feira";"20:30:00";"PR";116;0,9;"CAMPINA GRANDE DO SUL";"Ingestão de álcool e/ou substâncias psicoativas pelo pedestre";"Tombamento";"Com Vítimas Feridas";"Plena Noite";"Crescente";"Nublado";"Dupla";"Curva";"Não";2;0;1;0;0;1;1;2;-25,06134326;-48,56884003;"SPRF-PR";"DEL01-PR";"UOP02-DEL01-PR"
476280;2022-09-23;"sexta-feira";"19:30:00";"MA";226;313,4;"BARRA DO CORDA";"Ausência de reação do condutor";"Colisão lateral sentido oposto";"Com Vítimas Fatais";"Plena Noite";"Crescente";"Céu Claro";"Simples";"Reta";"Não";2;1;0;0;0;1;0;2;-5,43205999;-45,33010199;"SPRF-MA";"DEL06-MA";"UOP01-DEL06-MA"
476287;2022-09-23;"sexta-feira";"19:30:00";"GO";153;132;"MARA ROSA";"Transitar no acostamento";"Colisão lateral mesmo sentido";"Com Vítimas Feridas";"Plena Noite";"Decrescente";"Céu Claro";"Simples";"Reta";"Não";3;0;1;0;1;1;1;3;-13,92662;-49,070942;"SPRF-GO";"DEL07-GO";"UOP01-DEL07-GO"
476295;2022-09-23;"sexta-feira";"20:40:00";"MT";163;538,7;"DIAMANTINO";"Reação tardia ou ineficiente do condutor";"Saída de leito carroçável";"Com Vítimas Feridas";"Plena Noite";"Decrescente";"Nublado";"Simples";"Reta";"Não";1;0;1;0;0;0;1;1;-14,39790283;-56,11054979;"SPRF-MT";"DEL01-MT";"UOP01-DEL01-MT"
476297;2022-05-11;"quarta-feira";"05:45:00";"PA";10;299;"IRITUIA";"Transitar na contramão";"Colisão lateral sentido oposto";"Com Vítimas Feridas";"Amanhecer";"Decrescente";"Céu Claro";"Simples";"Reta";"Não";3;0;1;0;1;2;1;4;-1,81734895;-47,51474475;"SPRF-PA";"DEL02-PA";"UOP01-DEL02-PA"
476303;2022-09-23;"sexta-feira";"23:20:00";"MG";365;681;"MONTE ALEGRE DE MINAS";"Velocidade Incompatível";"Colisão traseira";"Com Vítimas Feridas";"Plena Noite";"Crescente";"Vento";"Dupla";"Reta";"Não";2;0;0;1;1;0;1;2;-18,84997;-48,832984;"SPRF-MG";"DEL15-MG";"UOP01-DEL15-MG"
476307;2022-09-24;"sábado";"01:30:00";"BA";116;749,9;"POCOES";"Curva acentuada";"Tombamento";"Com Vítimas Feridas";"Plena Noite";"Decrescente";"Nublado";"Simples";"Curva";"Sim";1;0;1;0;0;0;1;1;-14,474276;-40,334467;"SPRF-BA";"DEL08-BA";"UOP02-DEL08-BA"
476308;2022-09-24;"sábado";"02:15:00";"SC";101;268,6;"IMBITUBA";"Condutor Dormindo";"Saída de leito carroçável";"Com Vítimas Feridas";"Plena Noite";"Crescente";"Céu Claro";"Dupla";"Curva";"Não";1;0;1;0;0;0;1;1;-28,09462883;-48,70882099;"SPRF-SC";"DEL02-SC";"UOP03-DEL02-SC"
476311;2022-09-24;"sábado";"02:00:00";"MT";158;552;"AGUA BOA";"Condutor Dormindo";"Saída de leito carroçável";"Sem Vítimas";"Plena Noite";"Crescente";"Céu Claro";"Simples";"Reta";"Não";2;0;0;0;0;4;0;4;-13,92829513;-52,09720965;"SPRF-MT";"DEL07-MT";"UOP02-DEL07-MT"
476313;2022-09-24;"sábado";"03:10:00";"PR";376;182;"MARINGA";"Reação tardia ou ineficiente do condutor";"Colisão transversal";"Com Vítimas Feridas";"Pleno dia";"Decrescente";"Céu Claro";"Dupla";"Rotatória";"Sim";2;0;0;1;1;0;1;2;-23,43684112;-51,87880764;"SPRF-PR";"DEL09-PR";"UOP01-DEL09-PR"
476331;2022-09-24;"sábado";"05:50:00";"MA";10;246;"IMPERATRIZ";"Ausência de reação do condutor";"Colisão traseira";"Com Vítimas Feridas";"Pleno dia";"Decrescente";"Céu Claro";"Dupla";"Reta";"Sim";3;0;0;1;1;1;1;3;-5,581313;-47,438831;"SPRF-MA";"DEL04-MA";"UOP01-DEL04-MA"
476338;2022-09-24;"sábado";"07:18:00";"SC";101;215,3;"PALHOCA";"Manobra de mudança de faixa";"Colisão lateral mesmo sentido";"Sem Vítimas";"Pleno dia";"Crescente";"Céu Claro";"Múltipla";"Curva";"Sim";3;0;0;0;2;1;0;3;-27,65474496;-48,6782527;"SPRF-SC";"DEL01-SC";"UOP02-DEL01-SC"
476358;2022-09-23;"sexta-feira";"11:50:00";"RJ";40;93,8;"DUQUE DE CAXIAS";"Declive acentuado";"Saída de leito carroçável";"Com Vítimas Feridas";"Pleno dia";"Crescente";"Nublado";"Dupla";"Curva";"Não";1;0;1;0;0;0;1;1;-22,5554282;-43,25829998;"SPRF-RJ";"DEL01-RJ";"UOP01-DEL01-RJ"
476360;2022-09-15;"quinta-feira";"06:30:00";"MS";262;606,2;"MIRANDA";"Pista esburacada";"Colisão lateral sentido oposto";"Com Vítimas Feridas";"Amanhecer";"Crescente";"Nublado";"Simples";"Reta";"Não";3;0;1;0;1;4;1;6;-20,05914612;-56,77506515;"SPRF-MS";"DEL03-MS";"UOP02-DEL03-MS"
476361;2022-09-04;"domingo";"09:39:00";"CE";222;202,1;"FORQUILHA";"Velocidade Incompatível";"Tombamento";"Com Vítimas Feridas";"Pleno dia";"Decrescente";"Céu Claro";"Simples";"Curva";"Não";6;0;1;2;2;3;3;5;-3,7942875;-40,21837234;"SPRF-CE";"DEL04-CE";"UOP01-DEL04-CE"
476387;2022-09-24;"sábado";"03:30:00";"RJ";101;289;"ITABORAI";"Entrada inopinada do pedestre";"Atropelamento de Pedestre";"Com Vítimas Fatais";"Plena Noite";"Crescente";"Céu Claro";"Simples";"Reta";"Sim";2;1;0;0;1;0;0;2;-22,76376316;-42,85172094;"SPRF-RJ";"DEL02-RJ";"UOP02-DEL02-RJ"
476389;2022-09-24;"sábado";"06:35:00";"SC";282;570;"NOVA ERECHIM";"Ultrapassagem Indevida";"Colisão lateral mesmo sentido";"Com Vítimas Feridas";"Amanhecer";"Decrescente";"Céu Claro";"Simples";"Reta";"Não";4;0;3;0;1;0;3;2;-26,89006;-52,93306;"SPRF-SC";"DEL07-SC";"UOP02-DEL07-SC"
476390;2022-09-24;"sábado";"07:30:00";"SC";101;44;"JOINVILLE";"Demais falhas mecânicas ou elétricas";"Eventos atípicos";"Com Vítimas Feridas";"Pleno dia";"Crescente";"Sol";"Simples";"Reta";"Sim";4;0;1;0;2;3;1;6;-26,33939802;-48,8589405;"SPRF-SC";"DEL03-SC";"UOP01-DEL03-SC"
476392;2022-09-24;"sábado";"08:15:00";"MG";262;479,4;"BOM DESPACHO";"Transitar na contramão";"Colisão frontal";"Com Vítimas Fatais";"Pleno dia";"Decrescente";"Céu Claro";"Simples";"Reta";"Sim";2;1;0;0;1;0;0;2;-19,78628062;-45,23887303;"SPRF-MG";"DEL08-MG";"UOP03-DEL08-MG"
476411;2022-09-21;"quarta-feira";"18:50:00";"MT";163;697;"SORRISO";"Condutor deixou de manter distância do veículo da frente";"Derramamento de carga";"Sem Vítimas";"Anoitecer";"Decrescente";"Céu Claro";"Simples";"Reta";"Não";6;0;0;0;5;1;0;4;-13,001013;-55,887134;"SPRF-MT";"DEL06-MT";"UOP01-DEL06-MT"
476414;2022-09-24;"sábado";"09:50:00";"BA";242;659;"MUQUEM DE SAO FRANCISCO";"Pista Escorregadia";"Colisão lateral sentido oposto";"Com Vítimas Feridas";"Pleno dia";"Crescente";"Garoa/Chuvisco";"Simples";"Aclive";"Não";6;0;2;0;3;1;2;3;-12,22995815;-43,83841775;"SPRF-BA";"DEL10-BA";"UOP02-DEL10-BA"
476418;2022-09-24;"sábado";"09:04:00";"MA";230;406,6;"BALSAS";"Acessar a via sem observar a presença dos outros veículos";"Colisão transversal";"Com Vítimas Feridas";"Pleno dia";"Decrescente";"Nublado";"Simples";"Reta";"Sim";3;0;1;0;1;2;1;4;-7,51971965;-46,05845601;"SPRF-MA";"DEL05-MA";"UOP01-DEL05-MA"
476419;2022-09-24;"sábado";"10:28:00";"ES";101;358;"ANCHIETA";"Ausência de reação do condutor";"Saída de leito carroçável";"Com Vítimas Feridas";"Pleno dia";"Decrescente";"Céu Claro";"Simples";"Aclive";"Não";2;0;1;0;0;1;1;2;-20,691717;-40,704254;"SPRF-ES";"DEL03-ES";"UOP01-DEL03-ES"
476429;2022-09-23;"sexta-feira";"23:30:00";"GO";251;20,4;"CRISTALINA";"Demais falhas mecânicas ou elétricas";"Incêndio";"Sem Vítimas";"Plena Noite";"Decrescente";"Céu Claro";"Simples";"Reta;Aclive";"Não";2;0;0;0;1;1;0;2;-16,15807936;-47,47889607;"SPRF-DF";"DEL01-DF";"UOP01-DEL01-DF"
476431;2022-09-24;"sábado";"11:10:00";"SC";101;333,8;"TUBARAO";"Ingestão de álcool pelo condutor";"Colisão lateral mesmo sentido";"Com Vítimas Feridas";"Pleno dia";"Decrescente";"Céu Claro";"Dupla";"Viaduto;Reta";"Sim";3;0;1;0;1;1;1;3;-28,46528176;-48,99736583;"SPRF-SC";"DEL02-SC";"UOP01-DEL02-SC"
476432;2022-09-24;"sábado";"11:30:00";"GO";50;278,7;"CATALAO";"Acessar a via sem observar a presença dos outros veículos";"Colisão transversal";"Com Vítimas Feridas";"Pleno dia";"Decrescente";"Céu Claro";"Simples";"Reta";"Sim";6;0;1;0;5;0;1;3;-18,1696;-47,92;"SPRF-GO";"DEL06-GO";"UOP01-DEL06-GO"
476433;2022-09-24;"sábado";"10:40:00";"MT";158;765,5;"BARRA DO GARCAS";"Ausência de reação do condutor";"Saída de leito carroçável";"Com Vítimas Feridas";"Pleno dia";"Decrescente";"Céu Claro";"Simples";"Reta";"Não";6;0;2;0;4;0;2;2;-15,62531698;-52,20765246;"SPRF-MT";"DEL07-MT";"UOP01-DEL07-MT"
476435;2022-09-24;"sábado";"00:00:00";"MT";163;1103;"GUARANTA DO NORTE";"Reação tardia ou ineficiente do condutor";"Tombamento";"Com Vítimas Fatais";"Plena Noite";"Decrescente";"Céu Claro";"Simples";"Curva";"Não";2;1;0;0;0;3;0;4;-9,644425;-54,878633;"SPRF-MT";"DEL06-MT";"NPF/DEL06-MT"
476457;2022-09-24;"sábado";"14:30:00";"MT";158;731;"BARRA DO GARCAS";"Demais falhas mecânicas ou elétricas";"Engavetamento";"Com Vítimas Feridas";"Pleno dia";"Crescente";"Céu Claro";"Simples";"Reta";"Não";4;0;1;0;2;3;1;6;-15,32198225;-52,17141151;"SPRF-MT";"DEL07-MT";"UOP01-DEL07-MT"
476466;2022-09-14;"quarta-feira";"11:50:00";"RO";364;715;"PORTO VELHO";"Reação tardia ou ineficiente do condutor";"Colisão traseira";"Sem Vítimas";"Pleno dia";"Crescente";"Céu Claro";"Dupla";"Declive";"Sim";3;0;0;0;2;2;0;4;-8,77957291;-63,89174213;"SPRF-RO";"DEL01-RO";"UOP01-DEL01-RO"
476468;2022-09-24;"sábado";"11:40:00";"MG";40;18,1;"PARACATU";"Transitar na contramão";"Colisão frontal";"Com Vítimas Fatais";"Pleno dia";"Decrescente";"Céu Claro";"Simples";"Reta";"Não";4;1;0;1;0;3;1;5;-17,10212785;-47,02436969;"SPRF-MG";"DEL14-MG";"UOP01-DEL14-MG"
476476;2022-09-24;"sábado";"14:10:00";"PR";163;153,4;"SANTA LUCIA";"Demais falhas mecânicas ou elétricas";"Incêndio";"Sem Vítimas";"Pleno dia";"Crescente";"Céu Claro";"Simples";"Declive";"Não";2;0;0;0;1;1;0;2;-25,39324795;-53,57661137;"SPRF-PR";"DEL05-PR";"UOP05-DEL05-PR"
476481;2022-09-24;"sábado";"15:15:00";"MT";364;541;"ROSARIO OESTE";"Ausência de reação do condutor";"Colisão traseira";"Com Vítimas Feridas";"Pleno dia";"Crescente";"Céu Claro";"Simples";"Reta";"Sim";3;0;1;0;1;3;1;5;-14,92009078;-56,47771528;"SPRF-MT";"DEL01-MT";"UOP01-DEL01-MT"
476493;2022-09-24;"sábado";"16:15:00";"PE";232;145;"SAO CAITANO";"Reação tardia ou ineficiente do condutor";"Colisão com objeto";"Sem Vítimas";"Pleno dia";"Decrescente";"Céu Claro";"Simples";"Reta";"Sim";1;0;0;0;1;0;0;1;-8,32868;-36,120811;"SPRF-PE";"DEL03-PE";"UOP02-DEL03-PE"
476497;2022-09-24;"sábado";"11:35:00";"MG";116;540;"SANTA RITA DE MINAS";"Transitar na contramão";"Colisão frontal";"Com Vítimas Feridas";"Pleno dia";"Crescente";"Nevoeiro/Neblina";"Simples";"Curva";"Não";5;0;3;1;1;0;4;2;-19,886814;-42,13777186;"SPRF-MG";"DEL06-MG";"UOP02-DEL06-MG"
476501;2022-09-24;"sábado";"16:30:00";"MG";116;663,5;"SAO FRANCISCO DO GLORIA";"Demais falhas mecânicas ou elétricas";"Colisão lateral mesmo sentido";"Com Vítimas Feridas";"Anoitecer";"Decrescente";"Nublado";"Simples";"Curva";"Não";4;0;1;0;2;1;1;3;-20,81146518;-42,31323268;"SPRF-MG";"DEL07-MG";"UOP03-DEL07-MG"
476506;2022-09-24;"sábado";"12:15:00";"MA";226;115;"SAO JOAO DO SOTER";"Acessar a via sem observar a presença dos outros veículos";"Colisão transversal";"Com Vítimas Feridas";"Pleno dia";"Crescente";"Céu Claro";"Simples";"Reta";"Não";2;0;1;0;1;0;1;2;-5,27652965;-43,77898781;"SPRF-MA";"DEL03-MA";"UOP02-DEL03-MA"
476508;2022-09-24;"sábado";"14:29:00";"MG";251;335,6;"FRUTA DE LEITE";"Velocidade Incompatível";"Capotamento";"Com Vítimas Feridas";"Pleno dia";"Decrescente";"Céu Claro";"Simples";"Declive;Curva";"Não";1;0;0;1;0;0;1;1;-16,26404799;-42,41031703;"SPRF-MG";"DEL12-MG";"UOP01-DEL12-MG"
476510;2022-09-24;"sábado";"17:00:00";"SC";101;334,1;"TUBARAO";"Ingestão de álcool pelo condutor";"Colisão lateral mesmo sentido";"Com Vítimas Feridas";"Pleno dia";"Crescente";"Céu Claro";"Dupla";"Reta";"Sim";3;0;1;0;1;1;1;3;-28,47055871;-49,01964426;"SPRF-SC";"DEL02-SC";"UOP01-DEL02-SC"
476538;2022-09-24;"sábado";"19:45:00";"BA";135;45;"FORMOSA DO RIO PRETO";"Reação tardia ou ineficiente do condutor";"Colisão traseira";"Com Vítimas Feridas";"Plena Noite";"Decrescente";"Chuva";"Simples";"Reta";"Não";3;0;0;1;1;2;1;4;-11,15104932;-45,07025335;"SPRF-BA";"DEL10-BA";"UOP01-DEL10-BA"
476592;2022-09-24;"sábado";"19:14:00";"MS";163;47;"ELDORADO";"Ausência de reação do condutor";"Colisão traseira";"Com Vítimas Feridas";"Plena Noite";"Crescente";"Nublado";"Simples";"Aclive";"Não";3;0;1;1;1;0;2;2;-23,73139197;-54,27559419;"SPRF-MS";"DEL09-MS";"UOP02-DEL09-MS"
476601;2022-09-24;"sábado";"18:00:00";"BA";407;104,6;"JAGUARARI";"Deficiência do Sistema de Iluminação/Sinalização";"Colisão frontal";"Com Vítimas Fatais";"Anoitecer";"Decrescente";"Céu Claro";"Simples";"Reta";"Não";2;1;0;0;1;0;0;2;-10,26491494;-40,18277092;"SPRF-BA";"DEL04-BA";"UOP01-DEL04-BA"
476608;2022-09-24;"sábado";"11:00:00";"MS";158;38,6;"PARANAIBA";"Ausência de reação do condutor";"Colisão traseira";"Sem Vítimas";"Pleno dia";"Decrescente";"Céu Claro";"Simples";"Reta";"Não";3;0;0;0;2;1;0;3;-19,28295923;-51,48398215;"SPRF-MS";"DEL08-MS";"UOP01-DEL08-MS"
476609;2022-09-21;"quarta-feira";"17:00:00";"SP";116;310;"SAO LOURENCO DA SERRA";"Ausência de reação do condutor";"Colisão traseira";"Com Vítimas Feridas";"Pleno dia";"Crescente";"Céu Claro";"Dupla";"Reta";"Não";3;0;1;0;1;1;1;3;-23,8717102;-46,96137189;"SPRF-SP";"DEL04-SP";"UOP01-DEL04-SP"
476612;2022-09-24;"sábado";"19:00:00";"BA";116;9,8;"VITORIA DA CONQUISTA";"Entrada inopinada do pedestre";"Atropelamento de Pedestre";"Com Vítimas Fatais";"Plena Noite";"Crescente";"Céu Claro";"Simples";"Reta";"Sim";3;1;0;0;0;2;0;2;-14,85829;-40,87729;"SPRF-PE";"DEL05-PE";"UOP03-DEL05-PE"
476634;2022-09-24;"sábado";"21:40:00";"GO";153;71,7;"PORANGATU";"Acessar a via sem observar a presença dos outros veículos";"Colisão transversal";"Com Vítimas Fatais";"Plena Noite";"Crescente";"Céu Claro";"Simples";"Interseção de Vias";"Sim";4;1;1;0;1;1;1;3;-13,45846;-49,135578;"SPRF-GO";"DEL07-GO";"UOP01-DEL07-GO"
476635;2022-09-24;"sábado";"21:20:00";"MG";50;98;"UBERLANDIA";"Condutor deixou de manter distância do veículo da frente";"Colisão traseira";"Com Vítimas Feridas";"Plena Noite";"Decrescente";"Céu Claro";"Dupla";"Aclive";"Não";6;0;2;0;3;2;2;4;-19,11861301;-48,17588405;"SPRF-MG";"DEL15-MG";"UOP01-DEL15-MG"
476642;2022-09-23;"sexta-feira";"23:00:00";"BA";235;252;"CURACA";"Reação tardia ou ineficiente do condutor";"Colisão com objeto";"Com Vítimas Feridas";"Plena Noite";"Decrescente";"Céu Claro";"Simples";"Curva";"Não";1;0;1;0;0;0;1;1;-9,71595683;-39,68373885;"SPRF-BA";"DEL07-BA";"UOP01-DEL07-BA"
476648;2022-09-24;"sábado";"23:30:00";"GO";452;185,9;"ITUMBIARA";"Ingestão de álcool pelo condutor";"Colisão frontal";"Com Vítimas Fatais";"Plena Noite";"Crescente";"Céu Claro";"Simples";"Reta";"Não";3;1;0;1;0;3;1;5;-18,39956326;-49,31881109;"SPRF-GO";"DEL03-GO";"UOP02-DEL03-GO"
476655;2022-09-25;"domingo";"00:20:00";"SP";116;204;"ARUJA";"Velocidade Incompatível";"Tombamento";"Com Vítimas Fatais";"Plena Noite";"Decrescente";"Céu Claro";"Múltipla";"Reta";"Sim";4;1;0;1;1;1;1;3;-23,41236123;-46,35692496;"SPRF-SP";"DEL01-SP";"UOP01-DEL01-SP"
476657;2022-09-25;"domingo";"00:50:00";"PR";376;488,9;"PONTA GROSSA";"Pista esburacada";"Colisão traseira";"Com Vítimas Feridas";"Plena Noite";"Crescente";"Nublado";"Dupla";"Reta";"Sim";5;0;1;0;3;1;1;3;-25,13510082;-50,16497282;"SPRF-PR";"DEL03-PR";"UOP01-DEL03-PR"
476661;2022-09-25;"domingo";"00:40:00";"BA";101;877,6;"TEIXEIRA DE FREITAS";"Frear bruscamente";"Colisão traseira";"Sem Vítimas";"Plena Noite";"Crescente";"Garoa/Chuvisco";"Simples";"Reta";"Sim";3;0;0;0;2;3;0;5;-17,54350106;-39,71746445;"SPRF-BA";"DEL09-BA";"UOP02-DEL09-BA"
476674;2022-09-25;"domingo";"02:00:00";"MA";135;3;"SAO LUIS";"Reação tardia ou ineficiente do condutor";"Colisão traseira";"Sem Vítimas";"Plena Noite";"Decrescente";"Céu Claro";"Dupla";"Reta";"Sim";3;0;0;0;2;3;0;5;-2,66221443;-44,30198377;"SPRF-MA";"DEL01-MA";"UOP01-DEL01-MA"
476676;2022-09-24;"sábado";"23:30:00";"SC";153;58,6;"IRANI";"Desrespeitar a preferência no cruzamento";"Colisão transversal";"Com Vítimas Feridas";"Plena Noite";"Decrescente";"Nublado";"Simples";"Interseção de Vias";"Não";6;0;4;0;1;2;4;4;-26,96965112;-51,85406327;"SPRF-SC";"DEL07-SC";"UOP05-DEL07-SC"
476679;2022-09-25;"domingo";"03:05:00";"PR";376;657;"TIJUCAS DO SUL";"Demais falhas mecânicas ou elétricas";"Saída de leito carroçável";"Com Vítimas Feridas";"Plena Noite";"Crescente";"Vento";"Dupla";"Curva";"Não";1;0;1;0;0;0;1;1;-25,85232468;-49,03032776;"SPRF-PR";"DEL01-PR";"UOP04-DEL01-PR"
476682;2022-09-25;"domingo";"00:00:00";"BA";407;98,5;"JAGUARARI";"Ingestão de álcool pelo condutor";"Colisão frontal";"Com Vítimas Feridas";"Plena Noite";"Crescente";"Céu Claro";"Simples";"Reta";"Não";2;0;0;1;1;0;1;2;-10,22018224;-40,21285144;"SPRF-BA";"DEL04-BA";"UOP01-DEL04-BA"
476697;2022-09-24;"sábado";"19:10:00";"MA";135;67;"SANTA RITA";"Transitar na contramão";"Colisão frontal";"Sem Vítimas";"Plena Noite";"Crescente";"Céu Claro";"Simples";"Reta";"Não";2;0;0;0;1;1;0;2;-3,11481199;-44,32344911;"SPRF-MA";"DEL01-MA";"UOP02-DEL01-MA"
476700;2022-09-25;"domingo";"00:05:00";"MG";381;595,2;"CARMOPOLIS DE MINAS";"Condutor Dormindo";"Saída de leito carroçável";"Com Vítimas Feridas";"Plena Noite";"Crescente";"Céu Claro";"Dupla";"Reta";"Não";2;0;1;0;0;1;1;2;-20,59692997;-44,70822603;"SPRF-MG";"DEL04-MG";"UOP01-DEL04-MG"
476703;2022-09-25;"domingo";"02:00:00";"BA";116;471;"SANTO ESTEVAO";"Demais falhas mecânicas ou elétricas";"Tombamento";"Com Vítimas Feridas";"Plena Noite";"Decrescente";"Céu Claro";"Dupla";"Reta";"Não";2;0;1;0;0;2;1;3;-12,47244824;-39,29477088;"SPRF-BA";"DEL02-BA";"UOP01-DEL02-BA"
476705;2022-09-25;"domingo";"06:00:00";"PR";369;155;"LONDRINA";"Pedestre andava na pista";"Atropelamento de Pedestre";"Com Vítimas Fatais";"Amanhecer";"Crescente";"Nublado";"Dupla";"Reta;Declive";"Sim";5;1;0;0;1;4;0;4;-23,29322911;-51,21332377;"SPRF-PR";"DEL07-PR";"UOP01-DEL07-PR"
476723;2022-09-25;"domingo";"08:00:00";"PR";116;28;"CAMPINA GRANDE DO SUL";"Reação tardia ou ineficiente do condutor";"Colisão com objeto";"Sem Vítimas";"Pleno dia";"Decrescente";"Céu Claro";"Simples";"Curva";"Não";2;0;0;0;1;1;0;2;-25,11058806;-48,80689144;"SPRF-PR";"DEL01-PR";"UOP02-DEL01-PR"