"id";"data_inversa";"dia_semana";"horario";"uf";"br";"km";"municipio";"causa_acidente";"tipo_acidente";"classificacao_acidente";"fase_dia";"sentido_via";"condicao_metereologica";"tipo_pista";"tracado_via";"uso_solo";"pessoas";"mortos";"feridos_leves";"feridos_graves";"ilesos";"ignorados";"feridos";"veiculos";"latitude";"longitude";"regional";"delegacia";"uop"
476741;2022-09-25;"domingo";"09:40:00";"BA";116;853;"VITORIA DA CONQUISTA";"Ultrapassagem Indevida";"Colisão lateral sentido oposto";"Com Vítimas Feridas";"Pleno dia";"Decrescente";"Nublado";"Simples";"Curva";"Não";4;0;1;0;2;3;1;6;-15,01274203;-40,94342996;"SPRF-BA";"DEL08-BA";"UOP01-DEL08-BA"
476742;2022-08-28;"domingo";"18:15:00";"MG";381;540;"ITATIAIUCU";"Velocidade Incompatível";"Colisão lateral mesmo sentido";"Com Vítimas Feridas";"Plena Noite";"Decrescente";"Nublado";"Dupla";"Curva";"Não";4;0;0;2;1;2;2;4;-20,25145691;-44,41136239;"SPRF-MG";"DEL04-MG";"UOP03-DEL04-MG"
476744;2022-09-25;"domingo";"10:00:00";"ES";262;190,9;"IUNA";"Velocidade Incompatível";"Colisão traseira";"Com Vítimas Fatais";"Pleno dia";"Crescente";"Céu Claro";"Simples";"Reta;Declive";"Não";2;1;0;0;1;0;0;2;-20,30306943;-41,74719226;"SPRF-ES";"DEL01-ES";"UOP02-DEL01-ES"
476745;2022-09-21;"quarta-feira";"23:00:00";"MG";365;410,6;"PATOS DE MINAS";"Condutor Dormindo";"Saída de leito carroçável";"Sem Vítimas";"Plena Noite";"Crescente";"Nublado";"Simples";"Curva";"Não";2;0;0;0;2;0;0;1;-18,65773478;-46,52207118;"SPRF-MG";"DEL10-MG";"UOP01-DEL10-MG"
476746;2022-09-25;"domingo";"09:45:00";"MT";163;539,8;"DIAMANTINO";"Falta de acostamento";"Tombamento";"Com Vítimas Feridas";"Pleno dia";"Crescente";"Céu Claro";"Simples";"Reta";"Não";2;0;1;0;0;3;1;4;-14,39101303;-56,11636404;"SPRF-MT";"DEL01-MT";"UOP01-DEL01-MT"
476752;2022-08-08;"segunda-feira";"16:30:00";"GO";153;648,5;"MORRINHOS";"Demais falhas mecânicas ou elétricas";"Incêndio";"Sem Vítimas";"Pleno dia";"Decrescente";"Céu Claro";"Dupla";"Reta";"Não";2;0;0;0;1;1;0;2;-17,9492;-49,2488;"SPRF-GO";"DEL03-GO";"UOP01-DEL03-GO"
476757;2022-09-25;"domingo";"12:20:00";"PR";376;170,8;"MARINGA";"Desrespeitar a preferência no cruzamento";"Colisão com objeto";"Sem Vítimas";"Pleno dia";"Decrescente";"Garoa/Chuvisco";"Dupla";"Interseção de Vias";"Sim";4;0;0;0;2;4;0;6;-23,41001153;-51,98739052;"SPRF-PR";"DEL09-PR";"UOP01-DEL09-PR"
476758;2022-09-25;"domingo";"13:31:00";"TO";153;405;"MIRANORTE";"Acessar a via sem observar a presença dos outros veículos";"Colisão lateral mesmo sentido";"Com Vítimas Feridas";"Pleno dia";"Decrescente";"Céu Claro";"Simples";"Declive";"Não";2;0;1;0;1;0;1;2;-9,45445904;-48,57818379;"SPRF-TO";"DEL02-TO";"UOP02-DEL02-TO"
476770;2022-09-25;"domingo";"13:10:00";"PR";153;509,9;"GENERAL CARNEIRO";"Reação tardia ou ineficiente do condutor";"Colisão frontal";"Com Vítimas Fatais";"Pleno dia";"Crescente";"Chuva";"Simples";"Curva";"Não";3;1;1;0;0;1;1;3;-26,54246575;-51,39026642;"SPRF-PR";"DEL02-PR";"UOP03-DEL02-PR"
476774;2022-09-25;"domingo";"08:50:00";"SC";101;20;"JOINVILLE";"Demais falhas mecânicas ou elétricas";"Incêndio";"Sem Vítimas";"Pleno dia";"Crescente";"Garoa/Chuvisco";"Simples";"Reta";"Não";2;0;0;0;1;1;0;2;-26,140675;-48,902995;"SPRF-SC";"DEL03-SC";"UOP01-DEL03-SC"
476784;2022-09-25;"domingo";"15:10:00";"SC";282;391;"JOACABA";"Condutor deixou de manter distância do veículo da frente";"Colisão com objeto";"Sem Vítimas";"Pleno dia";"Crescente";"Chuva";"Simples";"Reta";"Não";1;0;0;0;1;0;0;1;-27,170649;-51,559193;"SPRF-SC";"DEL07-SC";"UOP05-DEL07-SC"
476797;2022-09-25;"domingo";"16:00:00";"MS";163;704;"RIO VERDE DE MATO GROSSO";"Manobra de mudança de faixa";"Colisão frontal";"Com Vítimas Feridas";"Pleno dia";"Crescente";"Céu Claro";"Simples";"Reta";"Não";5;0;2;1;1;1;3;3;-18,83871438;-54,82177734;"SPRF-MS";"DEL06-MS";"UOP01-DEL06-MS"
476802;2022-09-25;"domingo";"09:55:00";"PR";116;209;"RIO NEGRO";"Acessar a via sem observar a presença dos outros veículos";"Colisão transversal";"Com Vítimas Feridas";"Pleno dia";"Decrescente";"Chuva";"Simples";"Aclive;Interseção de Vias;Reta";"Sim";3;0;1;0;1;1;1;3;-26,07620916;-49,75230908;"SPRF-SC";"DEL06-SC";"UOP01-DEL06-SC"
476815;2022-09-25;"domingo";"15:17:00";"SC";282;486,9;"FAXINAL DOS GUEDES";"Velocidade Incompatível";"Colisão frontal";"Sem Vítimas";"Pleno dia";"Crescente";"Chuva";"Simples";"Curva";"Não";3;0;0;0;2;1;0;3;-26,855315;-52,250354;"SPRF-SC";"DEL07-SC";"UOP01-DEL07-SC"
476824;2022-09-25;"domingo";"18:10:00";"PR";277;99,5;"CURITIBA";"Manobra de mudança de faixa";"Colisão lateral mesmo sentido";"Com Vítimas Feridas";"Anoitecer";"Crescente";"Chuva";"Dupla";"Interseção de Vias";"Não";2;0;0;1;0;1;1;2;-25,52924091;-49,32682192;"SPRF-PR";"DEL01-PR";"UOP06-DEL01-PR"
476832;2022-09-25;"domingo";"17:20:00";"MG";365;625;"UBERLANDIA";"Manobra de mudança de faixa";"Colisão transversal";"Sem Vítimas";"Pleno dia";"Crescente";"Céu Claro";"Dupla";"Retorno Regulamentado";"Sim";2;0;0;0;1;1;0;2;-18,90585472;-48,32526001;"SPRF-MG";"DEL15-MG";"UOP01-DEL15-MG"
476835;2022-09-25;"domingo";"18:00:00";"BA";101;163;"CONCEICAO DO JACUIPE";"Ingestão de álcool pelo condutor";"Colisão traseira";"Com Vítimas Feridas";"Anoitecer";"Decrescente";"Nublado";"Dupla";"Declive";"Não";3;0;0;1;1;1;1;3;-12,35551436;-38,782478;"SPRF-BA";"DEL01-BA";"UOP03-DEL01-BA"
476851;2022-09-25;"domingo";"20:03:00";"PR";373;479,5;"CORONEL VIVIDA";"Velocidade Incompatível";"Colisão frontal";"Com Vítimas Fatais";"Plena Noite";"Decrescente";"Chuva";"Simples";"Reta";"Não";2;1;0;0;1;0;0;2;-25,97849917;-52,53923293;"SPRF-PR";"DEL02-PR";"UOP01-DEL02-PR"
476853;2022-08-08;"segunda-feira";"17:20:00";"PE";232;9,6;"JABOATAO DOS GUARARAPES";"Frear bruscamente";"Engavetamento";"Com Vítimas Feridas";"Anoitecer";"Crescente";"Céu Claro";"Dupla";"Em Obras;Reta";"Sim";6;0;2;0;4;0;2;6;-8,07917241;-34,98718609;"SPRF-PE";"DEL01-PE";"UOP01-DEL01-PE"
476867;2022-09-25;"domingo";"21:05:00";"RS";116;476;"SAO LOURENCO DO SUL";"Transitar na contramão";"Colisão frontal";"Com Vítimas Feridas";"Pleno dia";"Decrescente";"Céu Claro";"Simples";"Reta;Interseção de Vias";"Não";9;0;1;0;7;1;1;3;-31,37997;-52,120505;"SPRF-RS";"DEL07-RS";"UOP01-DEL07-RS"
476868;2022-09-25;"domingo";"20:00:00";"MG";116;589;"MANHUACU";"Reação tardia ou ineficiente do condutor";"Tombamento";"Sem Vítimas";"Plena Noite";"Crescente";"Nublado";"Simples";"Curva";"Não";2;0;0;0;1;1;0;2;-20,2465879;-42,1574619;"SPRF-MG";"DEL06-MG";"UOP03-DEL06-MG"
476879;2022-09-25;"domingo";"14:15:00";"RS";116;91,9;"CAMPESTRE DA SERRA";"Reação tardia ou ineficiente do condutor";"Tombamento";"Com Vítimas Feridas";"Pleno dia";"Crescente";"Nublado";"Simples";"Curva;Declive";"Não";1;0;1;0;0;0;1;1;-28,86918963;-51,11955903;"SPRF-RS";"DEL05-RS";"UOP03-DEL05-RS"
476886;2022-09-25;"domingo";"20:00:00";"SC";153;38;"AGUA DOCE";"Pista esburacada";"Saída de leito carroçável";"Sem Vítimas";"Plena Noite";"Crescente";"Céu Claro";"Simples";"Curva";"Não";2;0;0;0;1;1;0;2;-26,833155;-51,734047;"SPRF-SC";"DEL07-SC";"UOP05-DEL07-SC"
476890;2022-09-25;"domingo";"20:00:00";"RO";364;855;"PORTO VELHO";"Ausência de reação do condutor";"Saída de leito carroçável";"Sem Vítimas";"Plena Noite";"Decrescente";"Céu Claro";"Simples";"Reta";"Não";1;0;0;0;0;1;0;1;-9,49484221;-64,79370184;"SPRF-RO";"DEL01-RO";"UOP02-DEL01-RO"
476892;2022-09-25;"domingo";"21:45:00";"MG";153;17,2;"CENTRALINA";"Ausência de reação do condutor";"Saída de leito carroçável";"Com Vítimas Feridas";"Plena Noite";"Decrescente";"Chuva";"Múltipla";"Reta";"Não";6;0;4;0;1;2;4;4;-18,569555;-49,193806;"SPRF-MG";"DEL15-MG";"UOP03-DEL15-MG"
476904;2022-09-25;"domingo";"21:45:00";"PA";155;295;"MARABA";"Reação tardia ou ineficiente do condutor";"Colisão traseira";"Com Vítimas Feridas";"Plena Noite";"Decrescente";"Céu Claro";"Simples";"Reta;Aclive";"Não";4;0;0;2;0;4;2;5;-5,770036;-49,168077;"SPRF-PA";"DEL03-PA";"UOP01-DEL03-PA"
476907;2022-09-25;"domingo";"21:00:00";"MG";116;371,8;"FREI INOCENCIO";"Transitar na contramão";"Colisão frontal";"Com Vítimas Fatais";"Plena Noite";"Crescente";"Ignorado";"Simples";"Curva";"Não";2;1;0;0;1;0;0;2;-18,5460679;-41,90227418;"SPRF-MG";"DEL11-MG";"UOP01-DEL11-MG"
476909;2022-09-26;"segunda-feira";"00:45:00";"MS";60;515,7;"NIOAQUE";"Demais falhas mecânicas ou elétricas";"Saída de leito carroçável";"Sem Vítimas";"Plena Noite";"Crescente";"Chuva";"Dupla";"Curva";"Não";2;0;0;0;0;2;0;2;-21,17023684;-55,64486492;"SPRF-MS";"DEL05-MS";"UOP01-DEL05-MS"
476913;2022-09-26;"segunda-feira";"04:30:00";"BA";116;16,2;"VITORIA DA CONQUISTA";"Desrespeitar a preferência no cruzamento";"Colisão transversal";"Com Vítimas Feridas";"Amanhecer";"Decrescente";"Nevoeiro/Neblina";"Simples";"Rotatória;Interseção de Vias";"Não";3;0;1;0;1;1;1;3;-14,851;-40,8485;"SPRF-BA";"DEL08-BA";"UOP01-DEL08-BA"
476921;2022-09-26;"segunda-feira";"05:58:00";"MG";50;175;"UBERABA";"Manobra de mudança de faixa";"Colisão lateral mesmo sentido";"Com Vítimas Feridas";"Amanhecer";"Crescente";"Céu Claro";"Dupla";"Curva";"Não";2;0;1;0;0;1;1;2;-19,77880359;-47,9695118;"SPRF-MG";"DEL13-MG";"UOP01-DEL13-MG"
476922;2022-09-26;"segunda-feira";"05:30:00";"SP";116;331;"JUQUITIBA";"Ausência de reação do condutor";"Colisão traseira";"Com Vítimas Feridas";"Amanhecer";"Decrescente";"Chuva";"Dupla";"Reta";"Não";3;0;2;0;1;0;2;2;-23,95129388;-47,10220309;"SPRF-SP";"DEL04-SP";"UOP01-DEL04-SP"
476930;2022-09-26;"segunda-feira";"23:45:00";"MT";163;663;"LUCAS DO RIO VERDE";"Ausência de reação do condutor";"Colisão frontal";"Com Vítimas Fatais";"Plena Noite";"Decrescente";"Nublado";"Simples";"Reta";"Não";3;1;1;0;1;0;1;2;-13,37562091;-56,08095608;"SPRF-MT";"DEL06-MT";"UOP01-DEL06-MT"
476932;2022-09-26;"segunda-feira";"07:10:00";"MG";381;617;"OLIVEIRA";"Velocidade Incompatível";"Tombamento";"Com Vítimas Fatais";"Pleno dia";"Decrescente";"Nublado";"Simples";"Interseção de Vias;Curva";"Não";3;1;0;0;1;1;0;3;-20,728665;-44,773365;"SPRF-MG";"DEL04-MG";"UOP01-DEL04-MG"
476938;2022-09-26;"segunda-feira";"06:40:00";"SP";381;33;"ATIBAIA";"Reação tardia ou ineficiente do condutor";"Colisão traseira";"Com Vítimas Feridas";"Amanhecer";"Decrescente";"Chuva";"Dupla";"Curva;Aclive";"Não";4;0;1;0;2;2;1;5;-23,0728028;-46,56673562;"SPRF-SP";"DEL03-SP";"UOP01-DEL03-SP"
476939;2022-09-26;"segunda-feira";"06:45:00";"PB";230;166;"CAMPINA GRANDE";"Manobra de mudança de faixa";"Colisão traseira";"Com Vítimas Feridas";"Pleno dia";"Crescente";"Céu Claro";"Simples";"Reta";"Sim";2;0;0;1;0;1;1;2;-7,1976;-35,955;"SPRF-PB";"DEL02-PB";"UOP02-DEL02-PB"
476943;2022-09-26;"segunda-feira";"04:15:00";"BA";367;31,8;"PORTO SEGURO";"Ingestão de álcool pelo condutor";"Colisão frontal";"Com Vítimas Fatais";"Plena Noite";"Decrescente";"Chuva";"Simples";"Curva";"Não";2;1;0;0;1;0;0;2;-16,42224408;-39,14290309;"SPRF-BA";"DEL09-BA";"UOP03-DEL09-BA"
476951;2022-09-26;"segunda-feira";"00:10:00";"MA";230;569,8;"CAROLINA";"Transitar na contramão";"Colisão lateral sentido oposto";"Com Vítimas Feridas";"Plena Noite";"Crescente";"Céu Claro";"Simples";"Reta";"Não";3;0;1;0;1;1;1;3;-7,35442363;-47,42540789;"SPRF-MA";"DEL05-MA";"UOP01-DEL05-MA"
476953;2022-09-26;"segunda-feira";"07:40:00";"CE";116;23;"AQUIRAZ";"Acessar a via sem observar a presença dos outros veículos";"Colisão lateral mesmo sentido";"Com Vítimas Feridas";"Pleno dia";"Decrescente";"Céu Claro";"Múltipla";"Retorno Regulamentado";"Não";2;0;1;0;0;1;1;2;-3,94905489;-38,51212845;"SPRF-CE";"DEL01-CE";"UOP02-DEL01-CE"
476959;2022-09-26;"segunda-feira";"00:00:00";"MT";163;736;"SORRISO";"Ingestão de álcool pelo condutor";"Colisão com objeto";"Com Vítimas Feridas";"Plena Noite";"Crescente";"Céu Claro";"Simples";"Reta";"Não";2;0;1;0;0;3;1;4;-12,67194;-55,793656;"SPRF-MT";"DEL06-MT";"UOP01-DEL06-MT"
476963;2022-09-26;"segunda-feira";"08:40:00";"PI";343;324;"TERESINA";"Condutor deixou de manter distância do veículo da frente";"Tombamento";"Com Vítimas Feridas";"Pleno dia";"Decrescente";"Céu Claro";"Simples";"Aclive";"Sim";1;0;1;0;0;0;1;1;-5,061587;-42,60183;"SPRF-PI";"DEL01-PI";"UOP01-DEL01-PI"
476964;2022-04-04;"segunda-feira";"07:25:00";"PR";376;488;"PONTA GROSSA";"Mal súbito do condutor";"Colisão lateral mesmo sentido";"Sem Vítimas";"Pleno dia";"Decrescente";"Nevoeiro/Neblina";"Simples";"Curva;Aclive";"Sim";3;0;0;0;2;1;0;3;-25,13510082;-50,16497282;"SPRF-PR";"DEL03-PR";"UOP01-DEL03-PR"
476966;2022-09-26;"segunda-feira";"09:00:00";"RS";290;720;"URUGUAIANA";"Acessar a via sem observar a presença dos outros veículos";"Colisão lateral sentido oposto";"Com Vítimas Feridas";"Pleno dia";"Decrescente";"Céu Claro";"Simples";"Curva";"Sim";4;0;0;1;1;2;1;4;-29,76961138;-57,05819249;"SPRF-RS";"DEL13-RS";"UOP01-DEL13-RS"
476967;2022-09-26;"segunda-feira";"08:15:00";"MG";116;415,5;"GOVERNADOR VALADARES";"Desrespeitar a preferência no cruzamento";"Colisão transversal";"Com Vítimas Feridas";"Pleno dia";"Crescente";"Nublado";"Simples";"Reta";"Sim";2;0;1;0;1;0;1;2;-18,88401297;-41,94924399;"SPRF-MG";"DEL06-MG";"UOP01-DEL06-MG"
476968;2022-09-26;"segunda-feira";"09:10:00";"PR";376;493;"PONTA GROSSA";"Manobra de mudança de faixa";"Colisão lateral mesmo sentido";"Sem Vítimas";"Pleno dia";"Crescente";"Chuva";"Dupla";"Reta";"Sim";2;0;0;0;2;0;0;2;-25,12241442;-50,18404853;"SPRF-PR";"DEL03-PR";"UOP01-DEL03-PR"
476971;2022-04-03;"domingo";"21:10:00";"BA";407;132,8;"SENHOR DO BONFIM";"Condutor Dormindo";"Colisão frontal";"Com Vítimas Feridas";"Pleno dia";"Decrescente";"Nublado";"Simples";"Reta";"Não";2;0;2;0;0;0;2;2;-10,502887;-40,155955;"SPRF-BA";"DEL04-BA";"UOP01-DEL04-BA"
476974;2022-09-26;"segunda-feira";"10:30:00";"PR";116;45;"CAMPINA GRANDE DO SUL";"Chuva";"Saída de leito carroçável";"Com Vítimas Feridas";"Pleno dia";"Crescente";"Chuva";"Simples";"Curva";"Não";2;0;2;0;0;0;2;1;-25,19502698;-48,89003802;"SPRF-PR";"DEL01-PR";"UOP02-DEL01-PR"
476975;2022-09-26;"segunda-feira";"10:20:00";"SC";282;526;"XAXIM";"Transitar na contramão";"Colisão frontal";"Sem Vítimas";"Pleno dia";"Crescente";"Céu Claro";"Simples";"Curva";"Sim";4;0;0;0;4;0;0;4;-26,969427;-52,57497;"SPRF-SC";"DEL07-SC";"UOP01-DEL07-SC"
476976;2022-09-26;"segunda-feira";"11:00:00";"GO";153;443;"ANAPOLIS";"Ausência de reação do condutor";"Colisão traseira";"Com Vítimas Feridas";"Pleno dia";"Crescente";"Céu Claro";"Dupla";"Reta;Aclive";"Sim";2;0;0;1;1;0;1;2;-16,334681;-48,922447;"SPRF-GO";"DEL02-GO";"UOP01-DEL02-GO"
476977;2022-09-26;"segunda-feira";"07:25:00";"MT";364;147,8;"PEDRA PRETA";"Demais falhas na via";"Tombamento";"Com Vítimas Feridas";"Pleno dia";"Decrescente";"Céu Claro";"Simples";"Reta";"Não";2;0;1;0;0;2;1;3;-16,80005239;-54,17710991;"SPRF-MT";"DEL02-MT";"UOP01-DEL02-MT"
476980;2022-09-26;"segunda-feira";"10:00:00";"BA";101;288;"LAJE";"Velocidade Incompatível";"Tombamento";"Com Vítimas Feridas";"Pleno dia";"Crescente";"Céu Claro";"Simples";"Curva";"Não";2;0;1;0;0;2;1;3;-13,16747991;-39,31246296;"SPRF-BA";"DEL01-BA";"UOP02-DEL01-BA"
476986;2022-09-26;"segunda-feira";"08:00:00";"MS";262;761;"CORUMBA";"Acostamento em desnível";"Tombamento";"Com Vítimas Feridas";"Pleno dia";"Crescente";"Céu Claro";"Simples";"Curva";"Não";2;0;1;0;0;1;1;2;-19,16134721;-57,63458463;"SPRF-MS";"DEL03-MS";"UOP03-DEL03-MS"
476990;2022-09-26;"segunda-feira";"12:20:00";"GO";153;495,9;"GOIANIA";"Trafegar com motocicleta (ou similar) entre as faixas";"Colisão lateral mesmo sentido";"Com Vítimas Feridas";"Pleno dia";"Crescente";"Sol";"Múltipla";"Reta;Aclive";"Sim";2;0;1;0;1;0;1;2;-16,6681;-49,2263;"SPRF-GO";"DEL01-GO";"UOP01-DEL01-GO"
476994;2022-06-29;"quarta-feira";"07:50:00";"SP";116;101;"PINDAMONHANGABA";"Declive acentuado";"Colisão traseira";"Com Vítimas Fatais";"Pleno dia";"Crescente";"Céu Claro";"Dupla";"Reta";"Não";3;1;0;0;1;1;0;3;-22,99074204;-45,48115098;"SPRF-SP";"DEL08-SP";"UOP01-DEL08-SP"
476998;2022-09-26;"segunda-feira";"12:30:00";"RJ";116;135;"MAGE";"Reação tardia ou ineficiente do condutor";"Colisão lateral mesmo sentido";"Sem Vítimas";"Pleno dia";"Crescente";"Nublado";"Dupla";"Reta";"Não";2;0;0;0;2;0;0;2;-22,64657125;-43,20579529;"SPRF-RJ";"DEL04-RJ";"UOP02-DEL04-RJ"
477000;2022-09-26;"segunda-feira";"12:30:00";"PE";232;187,1;"SANHARO";"Condutor deixou de manter distância do veículo da frente";"Colisão traseira";"Com Vítimas Feridas";"Pleno dia";"Crescente";"Céu Claro";"Simples";"Reta";"Não";6;0;4;0;1;2;4;4;-8,353769;-36,491964;"SPRF-PE";"DEL03-PE";"UOP02-DEL03-PE"
477001;2022-09-26;"segunda-feira";"12:00:00";"TO";153;105;"WANDERLANDIA";"Transitar na contramão";"Colisão frontal";"Com Vítimas Fatais";"Pleno dia";"Decrescente";"Céu Claro";"Simples";"Reta";"Não";3;2;1;0;0;0;1;2;-6,9197705;-48,0574615;"SPRF-TO";"DEL02-TO";"UOP01-DEL02-TO"
477003;2022-09-26;"segunda-feira";"13:31:00";"SP";116;166;"JACAREI";"Condutor deixou de manter distância do veículo da frente";"Colisão traseira";"Sem Vítimas";"Pleno dia";"Decrescente";"Chuva";"Dupla";"Reta";"Sim";3;0;0;0;2;2;0;4;-23,30055667;-46,01686506;"SPRF-SP";"DEL02-SP";"UOP01-DEL02-SP"
477004;2022-09-26;"segunda-feira";"13:00:00";"SP";116;38;"CACHOEIRA PAULISTA";"Condutor deixou de manter distância do veículo da frente";"Colisão traseira";"Com Vítimas Feridas";"Pleno dia";"Crescente";"Céu Claro";"Múltipla";"Reta";"Sim";3;0;1;0;2;0;1;2;-22,67026579;-44,99183604;"SPRF-SP";"DEL08-SP";"UOP02-DEL08-SP"
477005;2022-09-26;"segunda-feira";"13:50:00";"RS";386;387;"TRIUNFO";"Demais falhas mecânicas ou elétricas";"Incêndio";"Sem Vítimas";"Pleno dia";"Crescente";"Céu Claro";"Dupla";"Reta";"Não";1;0;0;0;1;0;0;1;-29,691391;-51,706539;"SPRF-RS";"DEL04-RS";"UOP02-DEL04-RS"
477006;2022-09-26;"segunda-feira";"13:50:00";"RJ";116;170;"SAO JOAO DE MERITI";"Manobra de mudança de faixa";"Colisão lateral mesmo sentido";"Com Vítimas Feridas";"Pleno dia";"Crescente";"Céu Claro";"Múltipla";"Reta";"Sim";2;0;1;0;0;1;1;2;-22,81113183;-43,3336729;"SPRF-RJ";"DEL01-RJ";"UOP02-DEL01-RJ"
477007;2022-09-26;"segunda-feira";"11:30:00";"MG";365;76,7;"JEQUITAI";"Avarias e/ou desgaste excessivo no pneu";"Saída de leito carroçável";"Com Vítimas Feridas";"Pleno dia";"Crescente";"Céu Claro";"Simples";"Reta";"Não";1;0;1;0;0;0;1;1;-17,133612;-44,35523801;"SPRF-MG";"DEL12-MG";"UOP01-DEL12-MG"
477008;2022-09-26;"segunda-feira";"12:40:00";"RS";116;194,4;"PICADA CAFE";"Transitar na contramão";"Colisão frontal";"Com Vítimas Feridas";"Pleno dia";"Crescente";"Céu Claro";"Simples";"Curva";"Sim";3;0;0;1;2;0;1;3;-29,45252442;-51,13569545;"SPRF-RS";"DEL05-RS";"UOP02-DEL05-RS"
477012;2022-09-26;"segunda-feira";"14:35:00";"PR";277;32;"MORRETES";"Demais falhas mecânicas ou elétricas";"Tombamento";"Com Vítimas Feridas";"Pleno dia";"Decrescente";"Nublado";"Dupla";"Reta";"Não";3;0;0;1;1;2;1;3;-25,547373;-48,790559;"SPRF-PR";"DEL01-PR";"UOP05-DEL01-PR"
477013;2022-09-26;"segunda-feira";"14:30:00";"RJ";116;169;"SAO JOAO DE MERITI";"Condutor deixou de manter distância do veículo da frente";"Colisão traseira";"Com Vítimas Feridas";"Pleno dia";"Crescente";"Nublado";"Múltipla";"Reta";"Sim";2;0;1;0;1;0;1;2;-22,78620894;-43,37802714;"SPRF-RJ";"DEL01-RJ";"UOP02-DEL01-RJ"
477017;2022-09-26;"segunda-feira";"14:10:00";"SC";101;90,7;"BARRA VELHA";"Condutor deixou de manter distância do veículo da frente";"Colisão traseira";"Com Vítimas Feridas";"Pleno dia";"Decrescente";"Céu Claro";"Múltipla";"Curva";"Sim";4;0;1;0;2;2;1;5;-26,66148503;-48,68866176;"SPRF-SC";"DEL03-SC";"UOP02-DEL03-SC"
477020;2022-09-26;"segunda-feira";"12:00:00";"PE";232;221;"PESQUEIRA";"Ausência de reação do condutor";"Colisão lateral sentido oposto";"Com Vítimas Feridas";"Pleno dia";"Crescente";"Céu Claro";"Simples";"Reta";"Não";3;0;1;0;1;1;1;3;-8,40095324;-36,79199096;"SPRF-PE";"DEL03-PE";"UOP02-DEL03-PE"
477023;2022-09-26;"segunda-feira";"14:10:00";"MT";163;562;"NOVA MUTUM";"Avarias e/ou desgaste excessivo no pneu";"Colisão lateral sentido oposto";"Com Vítimas Fatais";"Pleno dia";"Crescente";"Garoa/Chuvisco";"Múltipla";"Aclive";"Não";7;5;0;0;1;1;0;3;-14,139;-56,104;"SPRF-MT";"DEL01-MT";"UOP01-DEL01-MT"
477024;2022-09-26;"segunda-feira";"13:20:00";"MG";116;636,5;"DIVINO";"Curva acentuada";"Tombamento";"Com Vítimas Fatais";"Pleno dia";"Crescente";"Nublado";"Simples";"Curva";"Não";2;1;0;0;0;1;0;2;-20,6269077;-42,22298361;"SPRF-MG";"DEL07-MG";"UOP03-DEL07-MG"
477030;2022-09-26;"segunda-feira";"14:20:00";"MS";163;821;"SONORA";"Reação tardia ou ineficiente do condutor";"Tombamento";"Sem Vítimas";"Pleno dia";"Decrescente";"Vento";"Simples";"Reta";"Não";2;0;0;0;1;2;0;3;-17,74321101;-54,75549203;"SPRF-MS";"DEL06-MS";"UOP01-DEL06-MS"
477031;2022-09-26;"segunda-feira";"14:40:00";"MT";364;274,8;"JACIARA";"Acessar a via sem observar a presença dos outros veículos";"Queda de ocupante de veículo";"Com Vítimas Fatais";"Pleno dia";"Crescente";"Nublado";"Dupla";"Reta";"Sim";3;1;0;0;1;2;0;4;-15,95570165;-54,97510461;"SPRF-MT";"DEL02-MT";"UOP01-DEL02-MT"
477032;2022-04-29;"sexta-feira";"10:30:00";"MS";262;353;"CAMPO GRANDE";"Acumulo de areia ou detritos sobre o pavimento";"Tombamento";"Com Vítimas Fatais";"Pleno dia";"Crescente";"Céu Claro";"Simples";"Aclive";"Não";4;1;0;1;1;2;1;4;-20,55910512;-54,66200536;"SPRF-MS";"DEL01-MS";"UOP03-DEL01-MS"
477036;2022-09-26;"segunda-feira";"15:00:00";"SC";101;214,1;"PALHOCA";"Manobra de mudança de faixa";"Colisão lateral mesmo sentido";"Com Vítimas Feridas";"Pleno dia";"Crescente";"Nublado";"Dupla";"Reta";"Sim";4;0;1;0;0;3;1;4;-27,64443;-48,67057;"SPRF-SC";"DEL01-SC";"UOP02-DEL01-SC"
477039;2022-09-26;"segunda-feira";"15:50:00";"MG";262;370;"JUATUBA";"Acessar a via sem observar a presença dos outros veículos";"Colisão lateral mesmo sentido";"Com Vítimas Feridas";"Pleno dia";"Crescente";"Céu Claro";"Dupla";"Reta;Aclive";"Não";4;0;1;0;2;1;1;4;-19,957657;-44,356061;"SPRF-MG";"DEL01-MG";"UOP03-DEL01-MG"
477041;2022-09-26;"segunda-feira";"15:05:00";"SC";101;39;"JOINVILLE";"Estacionar ou parar em local proibido";"Colisão traseira";"Com Vítimas Feridas";"Pleno dia";"Crescente";"Céu Claro";"Simples";"Reta";"Não";3;0;1;0;1;2;1;4;-26,2628107;-48,90192257;"SPRF-SC";"DEL03-SC";"UOP01-DEL03-SC"
477055;2022-09-26;"segunda-feira";"17:15:00";"SC";280;46,4;"GUARAMIRIM";"Obras na pista";"Colisão traseira";"Com Vítimas Feridas";"Pleno dia";"Crescente";"Céu Claro";"Simples";"Em Obras";"Sim";3;0;1;0;1;1;1;3;-26,45295055;-48,90788103;"SPRF-SC";"DEL03-SC";"UOP03-DEL03-SC"
477061;2022-09-26;"segunda-feira";"18:00:00";"PR";277;679,6;"MEDIANEIRA";"Estacionar ou parar em local proibido";"Colisão traseira";"Com Vítimas Feridas";"Pleno dia";"Crescente";"Chuva";"Dupla";"Reta;Declive";"Não";2;0;1;0;1;0;1;2;-25,31758044;-54,15684223;"SPRF-PR";"DEL05-PR";"UOP01-DEL05-PR"