"id";"data_inversa";"dia_semana";"horario";"uf";"br";"km";"municipio";"causa_acidente";"tipo_acidente";"classificacao_acidente";"fase_dia";"sentido_via";"condicao_metereologica";"tipo_pista";"tracado_via";"uso_solo";"pessoas";"mortos";"feridos_leves";"feridos_graves";"ilesos";"ignorados";"feridos";"veiculos";"latitude";"longitude";"regional";"delegacia";"uop"
477064;2022-09-26;"segunda-feira";"16:25:00";"MG";116;706,1;"MURIAE";"Transitar na contramão";"Colisão lateral sentido oposto";"Com Vítimas Feridas";"Pleno dia";"Decrescente";"Céu Claro";"Simples";"Curva";"Sim";3;0;1;1;1;0;2;2;-21,147048;-42,381522;"SPRF-MG";"DEL07-MG";"UOP02-DEL07-MG"
477066;2022-09-26;"segunda-feira";"09:30:00";"ES";262;183;"IRUPI";"Velocidade Incompatível";"Saída de leito carroçável";"Com Vítimas Feridas";"Pleno dia";"Decrescente";"Céu Claro";"Simples";"Aclive;Curva";"Não";1;0;0;1;0;0;1;1;-20,29771;-41,693367;"SPRF-ES";"DEL01-ES";"UOP02-DEL01-ES"
477067;2022-09-26;"segunda-feira";"16:28:00";"TO";153;145;"ARAGUAINA";"Avarias e/ou desgaste excessivo no pneu";"Colisão traseira";"Sem Vítimas";"Pleno dia";"Crescente";"Céu Claro";"Dupla";"Reta";"Sim";4;0;0;0;3;4;0;7;-7,20503614;-48,24035166;"SPRF-TO";"DEL02-TO";"UOP01-DEL02-TO"
477070;2022-08-10;"quarta-feira";"05:30:00";"MG";262;611,3;"IBIA";"Velocidade Incompatível";"Saída de leito carroçável";"Sem Vítimas";"Plena Noite";"Crescente";"Chuva";"Simples";"Curva;Declive";"Não";7;0;0;0;6;5;0;11;-19,58693525;-46,34371346;"SPRF-MG";"DEL08-MG";"UOP02-DEL08-MG"
477071;2022-09-26;"segunda-feira";"19:30:00";"MG";364;31;"FRUTAL";"Reação tardia ou ineficiente do condutor";"Colisão transversal";"Com Vítimas Feridas";"Plena Noite";"Decrescente";"Chuva";"Simples";"Interseção de Vias";"Não";3;0;1;0;1;1;1;3;-19,99879153;-48,95240664;"SPRF-MG";"DEL13-MG";"UOP02-DEL13-MG"
477078;2022-09-26;"segunda-feira";"18:35:00";"SP";116;15,5;"LAVRINHAS";"Condutor deixou de manter distância do veículo da frente";"Colisão traseira";"Com Vítimas Feridas";"Plena Noite";"Crescente";"Chuva";"Múltipla";"Reta";"Sim";4;0;1;1;2;0;2;4;-22,56007021;-44,82886594;"SPRF-SP";"DEL08-SP";"UOP02-DEL08-SP"
477085;2022-09-26;"segunda-feira";"18:45:00";"MG";262;141,2;"RIO CASCA";"Ingestão de álcool pelo condutor";"Colisão lateral sentido oposto";"Com Vítimas Feridas";"Plena Noite";"Crescente";"Céu Claro";"Simples";"Curva;Aclive";"Não";5;0;2;1;1;1;3;3;-20,06604947;-42,71844864;"SPRF-MG";"DEL03-MG";"UOP03-DEL03-MG"
477090;2022-09-26;"segunda-feira";"21:45:00";"SP";116;213,4;"GUARULHOS";"Pedestre andava na pista";"Atropelamento de Pedestre";"Com Vítimas Fatais";"Plena Noite";"Crescente";"Garoa/Chuvisco";"Dupla";"Reta;Aclive";"Sim";2;1;0;0;1;0;0;2;-23,43971486;-46,43667806;"SPRF-SP";"DEL01-SP";"UOP01-DEL01-SP"
477092;2022-09-26;"segunda-feira";"21:18:00";"MG";40;757,2;"EWBANK DA CAMARA";"Reação tardia ou ineficiente do condutor";"Colisão frontal";"Com Vítimas Feridas";"Plena Noite";"Crescente";"Chuva";"Simples";"Curva";"Sim";2;0;0;1;1;0;1;2;-21,50323045;-43,53179519;"SPRF-MG";"DEL05-MG";"UOP01-DEL05-MG"
477096;2022-09-26;"segunda-feira";"21:20:00";"PE";101;52;"PAULISTA";"Manobra de mudança de faixa";"Saída de leito carroçável";"Com Vítimas Feridas";"Plena Noite";"Decrescente";"Céu Claro";"Dupla";"Curva";"Sim";3;0;2;0;0;1;2;2;-7,92358799;-34,89607201;"SPRF-PE";"DEL01-PE";"UOP02-DEL01-PE"
477097;2022-09-09;"sexta-feira";"03:40:00";"GO";80;164;"SANTA RITA DO NOVO DESTINO";"Transitar na contramão";"Colisão lateral sentido oposto";"Com Vítimas Feridas";"Plena Noite";"Decrescente";"Ignorado";"Simples";"Curva";"Não";3;0;2;0;0;2;2;4;-14,74832321;-49,06768799;"SPRF-GO";"DEL07-GO";"UOP01-DEL07-GO"
477104;2022-09-26;"segunda-feira";"21:50:00";"RJ";101;381;"RIO DE JANEIRO";"Reação tardia ou ineficiente do condutor";"Colisão traseira";"Sem Vítimas";"Plena Noite";"Decrescente";"Chuva";"Dupla";"Reta";"Sim";2;0;0;0;1;1;0;2;-22,86665409;-43,58896989;"SPRF-RJ";"DEL03-RJ";"UOP01-DEL03-RJ"
477105;2022-09-26;"segunda-feira";"12:00:00";"MG";381;242,9;"SANTANA DO PARAISO";"Condutor Dormindo";"Colisão frontal";"Com Vítimas Feridas";"Pleno dia";"Decrescente";"Céu Claro";"Simples";"Reta";"Não";3;0;0;1;1;1;1;3;-19,42980464;-42,50381335;"SPRF-MG";"DEL06-MG";"UOP01-DEL06-MG"
477116;2022-09-27;"terça-feira";"00:10:00";"MG";381;503;"BETIM";"Ausência de reação do condutor";"Colisão traseira";"Com Vítimas Feridas";"Plena Noite";"Crescente";"Céu Claro";"Dupla";"Reta";"Sim";2;0;1;0;1;0;1;2;-20,03855134;-44,25495493;"SPRF-MG";"DEL01-MG";"UOP03-DEL01-MG"
477118;2022-09-27;"terça-feira";"00:05:00";"PB";230;98,8;"GURINHEM";"Reação tardia ou ineficiente do condutor";"Colisão com objeto";"Sem Vítimas";"Plena Noite";"Decrescente";"Céu Claro";"Dupla";"Curva";"Não";1;0;0;0;1;0;0;1;-7,193498;-35,481125;"SPRF-PB";"DEL01-PB";"UOP03-DEL01-PB"
477119;2022-09-26;"segunda-feira";"21:14:00";"MA";230;329;"SAO RAIMUNDO DAS MANGABEIRAS";"Acessar a via sem observar a presença dos outros veículos";"Colisão transversal";"Com Vítimas Feridas";"Plena Noite";"Crescente";"Céu Claro";"Simples";"Desvio Temporário";"Não";3;0;0;1;0;7;1;8;-7,06986621;-45,59130488;"SPRF-MA";"DEL05-MA";"UOP01-DEL05-MA"
477120;2022-09-27;"terça-feira";"01:06:00";"PR";116;92;"SAO JOSE DOS PINHAIS";"Reação tardia ou ineficiente do condutor";"Saída de leito carroçável";"Com Vítimas Feridas";"Plena Noite";"Crescente";"Nublado";"Dupla";"Viaduto";"Não";2;0;1;0;0;1;1;2;-25,47691403;-49,09767498;"SPRF-PR";"DEL01-PR";"UOP01-DEL01-PR"
477123;2022-09-27;"terça-feira";"02:00:00";"PR";373;183,3;"PONTA GROSSA";"Desrespeitar a preferência no cruzamento";"Colisão transversal";"Com Vítimas Feridas";"Plena Noite";"Decrescente";"Nublado";"Dupla";"Interseção de Vias;Reta";"Não";3;0;1;0;1;1;1;3;-25,0394838;-50,27830839;"SPRF-PR";"DEL03-PR";"UOP01-DEL03-PR"
477126;2022-09-27;"terça-feira";"04:25:00";"SP";116;223;"GUARULHOS";"Manobra de mudança de faixa";"Colisão traseira";"Com Vítimas Feridas";"Plena Noite";"Crescente";"Nublado";"Dupla";"Reta";"Sim";3;0;1;0;1;2;1;4;-23,47559815;-46,5246609;"SPRF-SP";"DEL01-SP";"UOP01-DEL01-SP"
477127;2022-09-27;"terça-feira";"03:50:00";"MG";381;309;"ANTONIO DIAS";"Reação tardia ou ineficiente do condutor";"Colisão traseira";"Com Vítimas Feridas";"Plena Noite";"Decrescente";"Céu Claro";"Dupla";"Reta";"Não";2;0;1;0;1;0;1;2;-19,656227;-42,958355;"SPRF-MG";"DEL03-MG";"UOP02-DEL03-MG"
477130;2022-09-26;"segunda-feira";"10:30:00";"MG";365;493;"PATROCINIO";"Velocidade Incompatível";"Colisão lateral mesmo sentido";"Sem Vítimas";"Pleno dia";"Crescente";"Céu Claro";"Simples";"Curva";"Não";5;0;0;0;4;3;0;7;-18,91052317;-47,18665587;"SPRF-MG";"DEL10-MG";"UOP01-DEL10-MG"
477131;2022-09-27;"terça-feira";"05:40:00";"SC";470;139;"RIO DO SUL";"Condutor Dormindo";"Colisão transversal";"Com Vítimas Feridas";"Amanhecer";"Crescente";"Nublado";"Simples";"Reta";"Sim";2;0;1;0;0;1;1;2;-27,217564;-49,65461;"SPRF-SC";"DEL04-SC";"UOP02-DEL04-SC"
477132;2022-09-27;"terça-feira";"05:20:00";"PA";316;51;"CASTANHAL";"Condutor deixou de manter distância do veículo da frente";"Colisão traseira";"Com Vítimas Feridas";"Amanhecer";"Decrescente";"Céu Claro";"Dupla";"Reta";"Não";4;0;2;1;0;1;3;2;-1,30696138;-48,03478;"SPRF-PA";"DEL01-PA";"UOP01-DEL01-PA"
477139;2022-09-27;"terça-feira";"06:00:00";"MG";262;676,9;"ARAXA";"Condutor Dormindo";"Saída de leito carroçável";"Com Vítimas Feridas";"Amanhecer";"Crescente";"Chuva";"Simples";"Reta";"Não";1;0;1;0;0;0;1;1;-19,55315466;-46,87304378;"SPRF-MG";"DEL08-MG";"UOP01-DEL08-MG"
477142;2022-09-27;"terça-feira";"07:25:00";"MG";381;486,4;"BETIM";"Ausência de reação do condutor";"Tombamento";"Com Vítimas Fatais";"Pleno dia";"Crescente";"Nublado";"Dupla";"Reta";"Sim";3;1;0;0;1;1;0;3;-19,955776;-44,110361;"SPRF-MG";"DEL01-MG";"UOP03-DEL01-MG"
477144;2022-09-27;"terça-feira";"07:40:00";"SP";116;217;"GUARULHOS";"Reação tardia ou ineficiente do condutor";"Colisão traseira";"Com Vítimas Feridas";"Amanhecer";"Crescente";"Garoa/Chuvisco";"Múltipla";"Reta";"Sim";4;0;1;0;1;2;1;4;-23,45423824;-46,47119028;"SPRF-SP";"DEL01-SP";"UOP01-DEL01-SP"
477150;2022-09-27;"terça-feira";"07:58:00";"DF";20;44,4;"BRASILIA";"Velocidade Incompatível";"Saída de leito carroçável";"Com Vítimas Feridas";"Pleno dia";"Decrescente";"Céu Claro";"Dupla";"Curva";"Não";2;0;1;0;1;0;1;2;-15,575328;-47,476139;"SPRF-DF";"DEL02-DF";"UOP01-DEL02-DF"
477155;2022-09-27;"terça-feira";"07:20:00";"PE";101;63,5;"RECIFE";"Reação tardia ou ineficiente do condutor";"Colisão traseira";"Com Vítimas Feridas";"Pleno dia";"Crescente";"Céu Claro";"Dupla";"Reta";"Sim";4;0;2;0;1;1;2;3;-8,012485;-34,938461;"SPRF-PE";"DEL01-PE";"UOP01-DEL01-PE"
477156;2022-09-27;"terça-feira";"08:08:00";"SC";101;134;"BALNEARIO CAMBORIU";"Trafegar com motocicleta (ou similar) entre as faixas";"Colisão lateral mesmo sentido";"Com Vítimas Feridas";"Pleno dia";"Crescente";"Sol";"Simples";"Reta";"Sim";3;0;0;1;2;0;1;3;-27,00218;-48,636433;"SPRF-SC";"DEL04-SC";"UOP03-DEL04-SC"
477158;2022-09-27;"terça-feira";"06:55:00";"GO";452;0,5;"RIO VERDE";"Condutor deixou de manter distância do veículo da frente";"Colisão traseira";"Sem Vítimas";"Pleno dia";"Decrescente";"Garoa/Chuvisco";"Dupla";"Reta";"Sim";3;0;0;0;2;3;0;5;-17,786345;-50,901516;"SPRF-GO";"DEL04-GO";"UOP01-DEL04-GO"
477161;2022-09-27;"terça-feira";"05:40:00";"AC";364;122;"RIO BRANCO";"Trafegar com motocicleta (ou similar) entre as faixas";"Colisão lateral mesmo sentido";"Com Vítimas Feridas";"Pleno dia";"Decrescente";"Céu Claro";"Dupla";"Retorno Regulamentado";"Sim";2;0;0;1;1;0;1;2;-10,01188291;-67,773345;"SPRF-AC";"DEL01-AC";"UOP01-DEL01-AC"
477164;2022-09-27;"terça-feira";"09:00:00";"SP";116;215;"GUARULHOS";"Ausência de reação do condutor";"Colisão lateral mesmo sentido";"Sem Vítimas";"Pleno dia";"Decrescente";"Céu Claro";"Múltipla";"Reta";"Sim";2;0;0;0;1;1;0;2;-23,44695693;-46,45394103;"SPRF-SP";"DEL01-SP";"UOP01-DEL01-SP"
477167;2022-09-27;"terça-feira";"08:55:00";"RS";386;417,1;"MONTENEGRO";"Velocidade Incompatível";"Tombamento";"Com Vítimas Feridas";"Pleno dia";"Crescente";"Céu Claro";"Simples";"Rotatória";"Não";2;0;1;0;0;1;1;2;-29,8196997;-51,45100772;"SPRF-RS";"DEL04-RS";"UOP02-DEL04-RS"
477175;2022-09-27;"terça-feira";"08:30:00";"BA";101;96;"ALAGOINHAS";"Acessar a via sem observar a presença dos outros veículos";"Colisão frontal";"Com Vítimas Feridas";"Pleno dia";"Crescente";"Céu Claro";"Simples";"Interseção de Vias";"Não";3;0;1;0;2;0;1;2;-12,11006784;-38,38454512;"SPRF-BA";"DEL01-BA";"UOP04-DEL01-BA"
477178;2022-09-27;"terça-feira";"10:00:00";"MG";40;592,7;"OURO PRETO";"Velocidade Incompatível";"Colisão com objeto";"Com Vítimas Feridas";"Pleno dia";"Decrescente";"Chuva";"Dupla";"Declive";"Não";1;0;1;0;0;0;1;1;-20,39189961;-43,90591621;"SPRF-MG";"DEL05-MG";"UOP02-DEL05-MG"
477181;2022-09-21;"quarta-feira";"07:15:00";"MT";364;524;"ROSARIO OESTE";"Afundamento ou ondulação no pavimento";"Colisão lateral sentido oposto";"Com Vítimas Feridas";"Pleno dia";"Decrescente";"Céu Claro";"Simples";"Ponte";"Não";3;0;1;0;0;4;1;5;-15,06720104;-56,51751552;"SPRF-MT";"DEL01-MT";"UOP01-DEL01-MT"
477186;2022-09-27;"terça-feira";"10:40:00";"RS";158;85,5;"BOA VISTA DAS MISSOES";"Ultrapassagem Indevida";"Colisão lateral mesmo sentido";"Com Vítimas Feridas";"Pleno dia";"Crescente";"Céu Claro";"Simples";"Reta";"Não";4;0;0;1;1;4;1;6;-27,77844919;-53,32808733;"SPRF-RS";"DEL08-RS";"UOP02-DEL08-RS"
477188;2022-09-27;"terça-feira";"07:45:00";"BA";101;805;"ITAMARAJU";"Carga excessiva e/ou mal acondicionada";"Saída de leito carroçável";"Com Vítimas Feridas";"Pleno dia";"Decrescente";"Céu Claro";"Simples";"Reta";"Sim";4;0;0;2;1;1;2;3;-17,0018;-39,5509;"SPRF-BA";"DEL09-BA";"UOP02-DEL09-BA"
477190;2022-09-27;"terça-feira";"10:30:00";"MS";376;158,3;"NOVA ANDRADINA";"Ultrapassagem Indevida";"Colisão traseira";"Com Vítimas Feridas";"Pleno dia";"Decrescente";"Nublado";"Simples";"Reta";"Não";3;0;1;0;2;0;1;3;-22,34373289;-53,49807212;"SPRF-MS";"DEL04-MS";"UOP04-DEL04-MS"
477195;2022-09-27;"terça-feira";"11:10:00";"BA";101;903;"IBIRAPUA";"Transitar na contramão";"Colisão frontal";"Com Vítimas Fatais";"Pleno dia";"Crescente";"Céu Claro";"Simples";"Reta;Aclive";"Não";3;1;0;0;1;1;0;3;-17,752839;-39,76639;"SPRF-BA";"DEL09-BA";"UOP02-DEL09-BA"
477202;2022-09-27;"terça-feira";"12:30:00";"MG";40;530;"BELO HORIZONTE";"Avarias e/ou desgaste excessivo no pneu";"Saída de leito carroçável";"Com Vítimas Feridas";"Pleno dia";"Decrescente";"Chuva";"Dupla";"Reta";"Sim";2;0;1;0;1;0;1;1;-19,92064782;-44,0335681;"SPRF-MG";"DEL01-MG";"UOP02-DEL01-MG"
477203;2022-09-27;"terça-feira";"12:55:00";"RS";386;55;"SEBERI";"Reação tardia ou ineficiente do condutor";"Colisão frontal";"Com Vítimas Feridas";"Pleno dia";"Crescente";"Céu Claro";"Simples";"Curva";"Não";6;0;1;0;3;2;1;4;-27,535421;-53,36916;"SPRF-RS";"DEL08-RS";"UOP02-DEL08-RS"
477205;2022-09-22;"quinta-feira";"12:10:00";"SE";101;94;"NOSSA SENHORA DO SOCORRO";"Velocidade Incompatível";"Saída de leito carroçável";"Sem Vítimas";"Pleno dia";"Crescente";"Céu Claro";"Múltipla";"Reta";"Não";2;0;0;0;1;1;0;2;-10,90732013;-37,15236691;"SPRF-SE";"DEL01-SE";"UOP01-DEL01-SE"
477206;2022-09-27;"terça-feira";"12:30:00";"MG";381;796,1;"SAO GONCALO DO SAPUCAI";"Demais falhas mecânicas ou elétricas";"Incêndio";"Sem Vítimas";"Pleno dia";"Crescente";"Nublado";"Dupla";"Reta";"Sim";2;0;0;0;1;1;0;2;-21,94639129;-45,62086966;"SPRF-MG";"DEL16-MG";"UOP02-DEL16-MG"
477209;2022-09-19;"segunda-feira";"21:00:00";"RS";386;155,8;"ALMIRANTE TAMANDARE DO SUL";"Condutor deixou de manter distância do veículo da frente";"Engavetamento";"Com Vítimas Feridas";"Plena Noite";"Decrescente";"Chuva";"Simples";"Declive";"Não";7;0;4;0;2;1;4;4;-28,111137;-52,860538;"SPRF-RS";"DEL08-RS";"UOP01-DEL08-RS"
477210;2022-09-27;"terça-feira";"13:30:00";"ES";262;115,3;"CONCEICAO DO CASTELO";"Velocidade Incompatível";"Tombamento";"Com Vítimas Fatais";"Pleno dia";"Crescente";"Nublado";"Simples";"Curva";"Não";4;1;1;1;0;2;2;4;-20,32053818;-41,21864322;"SPRF-ES";"DEL01-ES";"UOP02-DEL01-ES"
477213;2022-08-02;"terça-feira";"12:40:00";"SC";470;73,5;"INDAIAL";"Ultrapassagem Indevida";"Colisão frontal";"Com Vítimas Fatais";"Pleno dia";"Crescente";"Nublado";"Simples";"Em Obras;Curva";"Não";2;1;0;0;1;0;0;2;-26,91466889;-49,28019497;"SPRF-SC";"DEL04-SC";"UOP01-DEL04-SC"
477217;2022-09-27;"terça-feira";"08:40:00";"MT";163;603;"NOVA MUTUM";"Conversão proibida";"Colisão transversal";"Com Vítimas Feridas";"Pleno dia";"Crescente";"Céu Claro";"Simples";"Reta";"Não";3;0;1;0;1;2;1;4;-13,88122005;-56,08852761;"SPRF-MT";"DEL01-MT";"UOP01-DEL01-MT"
477218;2022-09-27;"terça-feira";"14:35:00";"SP";116;438;"REGISTRO";"Manobra de mudança de faixa";"Saída de leito carroçável";"Com Vítimas Feridas";"Pleno dia";"Decrescente";"Céu Claro";"Dupla";"Reta";"Não";2;0;1;0;0;1;1;2;-24,44811308;-47,80555693;"SPRF-SP";"DEL05-SP";"UOP01-DEL05-SP"
477220;2022-09-03;"sábado";"03:50:00";"SC";101;277,6;"IMBITUBA";"Ausência de reação do condutor";"Colisão traseira";"Com Vítimas Fatais";"Plena Noite";"Decrescente";"Nublado";"Múltipla";"Reta";"Sim";4;1;0;0;2;1;0;4;-28,1728439;-48,6947075;"SPRF-SC";"DEL02-SC";"UOP03-DEL02-SC"
477223;2022-09-27;"terça-feira";"08:30:00";"MG";381;541,4;"ITATIAIUCU";"Velocidade Incompatível";"Colisão lateral mesmo sentido";"Sem Vítimas";"Pleno dia";"Decrescente";"Chuva";"Dupla";"Declive;Reta";"Não";6;0;0;0;5;5;0;10;-20,25686585;-44,4185141;"SPRF-MG";"DEL04-MG";"UOP03-DEL04-MG"
477226;2022-09-27;"terça-feira";"12:00:00";"RS";470;204,5;"BENTO GONCALVES";"Transitar na contramão";"Colisão frontal";"Com Vítimas Fatais";"Pleno dia";"Crescente";"Céu Claro";"Simples";"Declive;Reta";"Não";3;1;1;0;1;0;1;2;-29,07878136;-51,5682871;"SPRF-RS";"DEL06-RS";"UOP01-DEL06-RS"
477232;2022-09-27;"terça-feira";"13:10:00";"SC";101;58;"ARAQUARI";"Velocidade Incompatível";"Colisão lateral mesmo sentido";"Sem Vítimas";"Pleno dia";"Crescente";"Céu Claro";"Dupla";"Curva";"Não";4;0;0;0;4;0;0;4;-26,44025049;-48,80129043;"SPRF-SC";"DEL03-SC";"UOP02-DEL03-SC"
477236;2022-09-27;"terça-feira";"12:50:00";"TO";226;53;"DARCINOPOLIS";"Acessar a via sem observar a presença dos outros veículos";"Colisão traseira";"Com Vítimas Feridas";"Pleno dia";"Crescente";"Céu Claro";"Simples";"Reta";"Não";2;0;1;0;1;0;1;2;-6,815603;-47,815376;"SPRF-TO";"DEL02-TO";"UOP03-DEL02-TO"
477240;2022-09-27;"terça-feira";"16:00:00";"CE";222;63,9;"SAO GONCALO DO AMARANTE";"Acessar a via sem observar a presença dos outros veículos";"Colisão lateral mesmo sentido";"Com Vítimas Feridas";"Pleno dia";"Decrescente";"Céu Claro";"Dupla";"Reta";"Sim";2;0;1;0;1;0;1;2;-3,67229187;-39,11810875;"SPRF-CE";"DEL01-CE";"UOP03-DEL01-CE"
477241;2022-09-27;"terça-feira";"10:00:00";"PR";277;425;"CANTAGALO";"Mal súbito do condutor";"Tombamento";"Com Vítimas Feridas";"Pleno dia";"Decrescente";"Chuva";"Simples";"Declive";"Não";2;0;1;0;0;2;1;3;-25,38220585;-52,11624364;"SPRF-PR";"DEL04-PR";"UOP02-DEL04-PR"
477243;2022-09-27;"terça-feira";"16:00:00";"SP";381;23;"BRAGANCA PAULISTA";"Reação tardia ou ineficiente do condutor";"Colisão traseira";"Com Vítimas Feridas";"Pleno dia";"Decrescente";"Nublado";"Dupla";"Reta";"Não";3;0;0;1;1;2;1;4;-23,000336;-46,518658;"SPRF-SP";"DEL03-SP";"UOP01-DEL03-SP"
477244;2022-09-27;"terça-feira";"16:00:00";"MG";381;942;"EXTREMA";"Chuva";"Colisão traseira";"Com Vítimas Feridas";"Pleno dia";"Crescente";"Chuva";"Dupla";"Reta;Declive";"Não";3;0;1;0;1;1;1;2;-22,86605937;-46,34940386;"SPRF-MG";"DEL16-MG";"UOP03-DEL16-MG"
477247;2022-09-26;"segunda-feira";"18:30:00";"SP";116;107;"TAUBATE";"Condutor deixou de manter distância do veículo da frente";"Colisão lateral mesmo sentido";"Com Vítimas Feridas";"Anoitecer";"Crescente";"Garoa/Chuvisco";"Dupla";"Declive;Reta";"Sim";5;0;1;0;2;2;1;4;-23,01791287;-45,53009409;"SPRF-SP";"DEL08-SP";"UOP01-DEL08-SP"
477256;2022-08-17;"quarta-feira";"22:15:00";"SC";101;52;"JOINVILLE";"Ausência de reação do condutor";"Tombamento";"Com Vítimas Fatais";"Plena Noite";"Crescente";"Chuva";"Dupla";"Reta";"Não";4;1;0;0;2;1;0;4;-26,4087923;-48,8371207;"SPRF-SC";"DEL03-SC";"UOP01-DEL03-SC"
477260;2022-05-06;"sexta-feira";"17:00:00";"MG";40;516,6;"RIBEIRAO DAS NEVES";"Manobra de mudança de faixa";"Colisão lateral mesmo sentido";"Com Vítimas Feridas";"Anoitecer";"Crescente";"Céu Claro";"Dupla";"Curva";"Sim";2;0;1;0;1;0;1;2;-19,81628624;-44,08960124;"SPRF-MG";"DEL01-MG";"UOP02-DEL01-MG"
477262;2022-09-27;"terça-feira";"17:30:00";"RJ";116;167;"SAO JOAO DE MERITI";"Demais falhas mecânicas ou elétricas";"Colisão transversal";"Sem Vítimas";"Anoitecer";"Decrescente";"Céu Claro";"Múltipla";"Reta";"Sim";2;0;0;0;2;0;0;2;-22,8012981;-43,3528115;"SPRF-RJ";"DEL01-RJ";"UOP02-DEL01-RJ"
477267;2022-09-27;"terça-feira";"14:40:00";"PR";116;17;"COLOMBO";"Reação tardia ou ineficiente do condutor";"Saída de leito carroçável";"Com Vítimas Feridas";"Pleno dia";"Decrescente";"Nublado";"Dupla";"Curva";"Sim";1;0;1;0;0;0;1;1;-25,389;-49,1867;"SPRF-PR";"DEL01-PR";"UOP02-DEL01-PR"
477268;2022-09-27;"terça-feira";"15:22:00";"MG";50;60;"UBERLANDIA";"Demais falhas mecânicas ou elétricas";"Tombamento";"Com Vítimas Feridas";"Pleno dia";"Decrescente";"Chuva";"Dupla";"Declive;Curva";"Não";2;0;1;0;1;0;1;1;-18,80909682;-48,24439716;"SPRF-MG";"DEL15-MG";"UOP02-DEL15-MG"
477273;2022-09-27;"terça-feira";"14:55:00";"RJ";493;105;"SEROPEDICA";"Velocidade Incompatível";"Tombamento";"Com Vítimas Feridas";"Pleno dia";"Decrescente";"Chuva";"Dupla";"Retorno Regulamentado";"Não";2;0;1;0;0;1;1;2;-22,77934699;-43,74893188;"SPRF-RJ";"DEL03-RJ";"UOP01-DEL03-RJ"
477281;2022-09-27;"terça-feira";"18:40:00";"SP";116;154;"SAO JOSE DOS CAMPOS";"Chuva";"Colisão lateral mesmo sentido";"Com Vítimas Feridas";"Plena Noite";"Decrescente";"Chuva";"Dupla";"Reta";"Sim";2;0;1;0;1;0;1;2;-23,23903999;-45,92061901;"SPRF-SP";"DEL02-SP";"UOP01-DEL02-SP"
477285;2022-09-27;"terça-feira";"19:00:00";"PR";116;113;"CURITIBA";"Acessar a via sem observar a presença dos outros veículos";"Colisão transversal";"Sem Vítimas";"Plena Noite";"Crescente";"Nublado";"Dupla";"Reta";"Sim";3;0;0;0;2;2;0;4;-25,54730086;-49,28904533;"SPRF-PR";"DEL01-PR";"UOP06-DEL01-PR"
477288;2022-09-27;"terça-feira";"20:10:00";"SP";116;444;"REGISTRO";"Condutor deixou de manter distância do veículo da frente";"Engavetamento";"Sem Vítimas";"Plena Noite";"Decrescente";"Garoa/Chuvisco";"Dupla";"Reta";"Não";11;0;0;0;10;1;0;6;-24,49129421;-47,83614553;"SPRF-SP";"DEL05-SP";"UOP01-DEL05-SP"
477290;2022-09-27;"terça-feira";"19:00:00";"AP";210;17;"MACAPA";"Acessar a via sem observar a presença dos outros veículos";"Colisão frontal";"Com Vítimas Feridas";"Plena Noite";"Crescente";"Céu Claro";"Simples";"Reta";"Não";3;0;1;1;1;0;2;2;0,17108692;-51,1248476;"SPRF-AP";"DEL01-AP";"UOP01-DEL01-AP"
477291;2022-09-27;"terça-feira";"18:58:00";"ES";101;1,8;"ICONHA";"Pedestre andava na pista";"Atropelamento de Pedestre";"Com Vítimas Fatais";"Plena Noite";"Decrescente";"Céu Claro";"Dupla";"Reta";"Não";4;1;0;0;1;2;0;3;-20,8003786;-40,7887883;"SPRF-ES";"DEL04-ES";"UOP02-DEL04-ES"
477292;2022-09-27;"terça-feira";"19:30:00";"MG";116;135,4;"PONTO DOS VOLANTES";"Ingestão de álcool pelo condutor";"Colisão frontal";"Com Vítimas Feridas";"Plena Noite";"Crescente";"Céu Claro";"Simples";"Reta";"Não";3;0;1;0;1;1;1;3;-16,731626;-41,50644479;"SPRF-MG";"DEL11-MG";"UOP02-DEL11-MG"
477293;2022-09-27;"terça-feira";"19:10:00";"PR";163;299;"MARECHAL CANDIDO RONDON";"Ingestão de álcool pelo condutor";"Colisão transversal";"Sem Vítimas";"Plena Noite";"Crescente";"Garoa/Chuvisco";"Simples";"Curva";"Não";3;0;0;0;2;1;0;3;-24,50685298;-54,12243998;"SPRF-PR";"DEL06-PR";"UOP02-DEL06-PR"
477297;2022-09-27;"terça-feira";"19:40:00";"MG";116;412;"GOVERNADOR VALADARES";"Acessar a via sem observar a presença dos outros veículos";"Colisão lateral mesmo sentido";"Com Vítimas Feridas";"Plena Noite";"Crescente";"Céu Claro";"Dupla";"Curva";"Sim";3;0;0;1;1;2;1;4;-18,86882342;-41,97144241;"SPRF-MG";"DEL06-MG";"UOP01-DEL06-MG"
477299;2022-09-27;"terça-feira";"12:50:00";"MG";116;548,6;"SANTA BARBARA DO LESTE";"Condutor Dormindo";"Saída de leito carroçável";"Com Vítimas Feridas";"Pleno dia";"Crescente";"Nublado";"Simples";"Reta";"Não";6;0;1;0;4;1;1;3;-19,94898513;-42,13089466;"SPRF-MG";"DEL06-MG";"UOP02-DEL06-MG"
477300;2022-09-27;"terça-feira";"16:20:00";"MG";116;536,6;"SANTA RITA DE MINAS";"Velocidade Incompatível";"Tombamento";"Com Vítimas Feridas";"Pleno dia";"Decrescente";"Chuva";"Simples";"Curva";"Não";2;0;0;1;0;1;1;2;-19,8582936;-42,1353868;"SPRF-MG";"DEL06-MG";"UOP02-DEL06-MG"