"id";"data_inversa";"dia_semana";"horario";"uf";"br";"km";"municipio";"causa_acidente";"tipo_acidente";"classificacao_acidente";"fase_dia";"sentido_via";"condicao_metereologica";"tipo_pista";"tracado_via";"uso_solo";"pessoas";"mortos";"feridos_leves";"feridos_graves";"ilesos";"ignorados";"feridos";"veiculos";"latitude";"longitude";"regional";"delegacia";"uop"
477304;2022-09-27;"terça-feira";"20:00:00";"PR";163;291,5;"MARECHAL CANDIDO RONDON";"Reação tardia ou ineficiente do condutor";"Saída de leito carroçável";"Com Vítimas Feridas";"Plena Noite";"Crescente";"Chuva";"Simples";"Curva";"Não";2;0;1;0;0;2;1;3;-24,523366;-54,058046;"SPRF-PR";"DEL06-PR";"UOP02-DEL06-PR"
477308;2022-09-27;"terça-feira";"22:30:00";"RJ";116;99;"GUAPIMIRIM";"Problema com o freio";"Tombamento";"Com Vítimas Feridas";"Plena Noite";"Crescente";"Céu Claro";"Simples";"Curva;Declive";"Não";2;0;1;0;1;0;1;1;-22,5029817;-43,0009466;"SPRF-RJ";"DEL04-RJ";"UOP01-DEL04-RJ"
477312;2022-09-27;"terça-feira";"23:08:00";"TO";153;623;"ALIANCA DO TOCANTINS";"Ingestão de álcool pelo condutor";"Colisão traseira";"Com Vítimas Feridas";"Plena Noite";"Crescente";"Céu Claro";"Simples";"Reta";"Não";4;0;1;0;2;1;1;3;-11,30983199;-48,94108506;"SPRF-TO";"DEL01-TO";"UOP02-DEL01-TO"
477313;2022-09-27;"terça-feira";"21:55:00";"MG";40;697,8;"BARBACENA";"Transitar na contramão";"Colisão frontal";"Com Vítimas Fatais";"Plena Noite";"Crescente";"Céu Claro";"Simples";"Reta";"Não";3;1;0;0;2;0;0;2;-21,14688299;-43,76443098;"SPRF-MG";"DEL05-MG";"UOP02-DEL05-MG"
477316;2022-09-27;"terça-feira";"23:15:00";"SE";101;89;"NOSSA SENHORA DO SOCORRO";"Velocidade Incompatível";"Tombamento";"Com Vítimas Feridas";"Plena Noite";"Decrescente";"Nublado";"Dupla";"Curva";"Não";2;0;1;0;0;1;1;2;-10,88051024;-37,13355535;"SPRF-SE";"DEL01-SE";"UOP01-DEL01-SE"
477321;2022-09-28;"quarta-feira";"00:00:00";"BA";30;242;"GUANAMBI";"Problema na suspensão";"Tombamento";"Com Vítimas Feridas";"Plena Noite";"Crescente";"Céu Claro";"Simples";"Curva";"Não";1;0;1;0;0;0;1;1;-14,11449914;-42,60245091;"SPRF-BA";"DEL08-BA";"UOP01-DEL08-BA"
477325;2022-09-28;"quarta-feira";"01:00:00";"SC";101;5;"GARUVA";"Condutor Dormindo";"Saída de leito carroçável";"Com Vítimas Feridas";"Plena Noite";"Decrescente";"Céu Claro";"Dupla";"Ponte";"Não";2;0;1;0;0;1;1;2;-26,01779797;-48,86233322;"SPRF-SC";"DEL03-SC";"UOP01-DEL03-SC"
477328;2022-09-28;"quarta-feira";"04:50:00";"MG";40;464,9;"SETE LAGOAS";"Chuva";"Saída de leito carroçável";"Com Vítimas Feridas";"Amanhecer";"Crescente";"Garoa/Chuvisco";"Dupla";"Curva";"Não";3;0;3;0;0;0;3;1;-19,43110896;-44,33657482;"SPRF-MG";"DEL02-MG";"UOP01-DEL02-MG"
477345;2022-09-28;"quarta-feira";"07:50:00";"PR";277;570,7;"CASCAVEL";"Demais falhas mecânicas ou elétricas";"Saída de leito carroçável";"Sem Vítimas";"Pleno dia";"Decrescente";"Nublado";"Simples";"Aclive;Reta";"Sim";1;0;0;0;1;0;0;1;-25,01577321;-53,28723192;"SPRF-PR";"DEL04-PR";"UOP01-DEL04-PR"
477348;2022-09-27;"terça-feira";"21:40:00";"RJ";493;70;"NOVA IGUACU";"Ausência de reação do condutor";"Saída de leito carroçável";"Com Vítimas Feridas";"Plena Noite";"Decrescente";"Chuva";"Dupla";"Reta";"Não";2;0;2;0;0;0;2;1;-22,68530091;-43,44921112;"SPRF-RJ";"DEL01-RJ";"UOP03-DEL01-RJ"
477352;2022-09-20;"terça-feira";"05:20:00";"PR";280;273,4;"MARMELEIRO";"Reação tardia ou ineficiente do condutor";"Saída de leito carroçável";"Com Vítimas Feridas";"Pleno dia";"Crescente";"Céu Claro";"Simples";"Reta";"Não";2;0;1;0;0;2;1;3;-26,2251318;-53,16720714;"SPRF-PR";"DEL02-PR";"UOP01-DEL02-PR"
477353;2022-09-28;"quarta-feira";"08:15:00";"AL";101;51;"FLEXEIRAS";"Velocidade Incompatível";"Tombamento";"Com Vítimas Feridas";"Pleno dia";"Crescente";"Céu Claro";"Dupla";"Curva";"Não";4;0;1;0;2;1;1;3;-9,241987;-35,760014;"SPRF-AL";"DEL01-AL";"UOP02-DEL01-AL"
477354;2022-09-28;"quarta-feira";"08:15:00";"CE";116;9,8;"FORTALEZA";"Ausência de reação do condutor";"Colisão com objeto";"Com Vítimas Feridas";"Pleno dia";"Crescente";"Sol";"Múltipla";"Reta";"Sim";2;0;0;1;1;0;1;2;-3,83471736;-38,50358432;"SPRF-CE";"DEL01-CE";"UOP02-DEL01-CE"
477357;2022-09-05;"segunda-feira";"03:40:00";"PR";116;144;"MANDIRITUBA";"Pedestre andava na pista";"Atropelamento de Pedestre";"Com Vítimas Fatais";"Plena Noite";"Crescente";"Céu Claro";"Simples";"Curva";"Não";3;2;0;0;1;0;0;3;-25,80027756;-49,32960033;"SPRF-PR";"DEL01-PR";"UOP03-DEL01-PR"
477358;2022-09-28;"quarta-feira";"09:40:00";"RJ";101;271;"RIO BONITO";"Transitar no acostamento";"Colisão traseira";"Com Vítimas Feridas";"Pleno dia";"Crescente";"Chuva";"Dupla";"Reta";"Não";2;0;1;0;1;0;1;2;-22,72443147;-42,69368143;"SPRF-RJ";"DEL02-RJ";"UOP03-DEL02-RJ"
477360;2022-09-28;"quarta-feira";"06:10:00";"MG";153;111,5;"PRATA";"Ausência de reação do condutor";"Colisão frontal";"Com Vítimas Feridas";"Amanhecer";"Decrescente";"Chuva";"Simples";"Reta";"Sim";4;0;1;1;0;4;2;6;-19,323623;-48,90629302;"SPRF-MG";"DEL15-MG";"UOP03-DEL15-MG"
477361;2022-09-28;"quarta-feira";"08:00:00";"AL";104;46,8;"BRANQUINHA";"Conversão proibida";"Colisão traseira";"Com Vítimas Feridas";"Pleno dia";"Decrescente";"Nublado";"Simples";"Reta";"Não";4;0;1;0;3;0;1;4;-9,24110114;-36,01331702;"SPRF-AL";"DEL01-AL";"UOP02-DEL01-AL"
477363;2022-09-28;"quarta-feira";"10:00:00";"RS";392;346;"SANTA MARIA";"Ultrapassagem Indevida";"Colisão frontal";"Com Vítimas Fatais";"Pleno dia";"Crescente";"Céu Claro";"Simples";"Reta";"Não";3;1;0;0;1;1;0;3;-29,769868;-53,78433605;"SPRF-RS";"DEL09-RS";"UOP01-DEL09-RS"
477365;2022-09-28;"quarta-feira";"10:00:00";"SP";116;279,8;"EMBU DAS ARTES";"Reação tardia ou ineficiente do condutor";"Colisão traseira";"Com Vítimas Feridas";"Pleno dia";"Decrescente";"Garoa/Chuvisco";"Múltipla";"Reta";"Sim";2;0;1;0;1;0;1;2;-23,66233697;-46,85292907;"SPRF-SP";"DEL04-SP";"UOP01-DEL04-SP"
477369;2022-09-28;"quarta-feira";"10:00:00";"PR";376;260;"CALIFORNIA";"Velocidade Incompatível";"Saída de leito carroçável";"Com Vítimas Feridas";"Pleno dia";"Crescente";"Céu Claro";"Simples";"Curva";"Não";3;0;3;0;0;0;3;1;-23,70381166;-51,32998181;"SPRF-PR";"DEL07-PR";"UOP03-DEL07-PR"
477374;2022-09-28;"quarta-feira";"10:44:00";"PI";343;345,6;"TERESINA";"Manobra de mudança de faixa";"Colisão lateral mesmo sentido";"Com Vítimas Feridas";"Pleno dia";"Decrescente";"Céu Claro";"Simples";"Interseção de Vias";"Sim";2;0;1;0;1;0;1;2;-5,102889;-42,766506;"SPRF-PI";"DEL01-PI";"UOP01-DEL01-PI"
477375;2022-05-13;"sexta-feira";"08:55:00";"RJ";101;330;"RIO DE JANEIRO";"Ausência de reação do condutor";"Colisão traseira";"Com Vítimas Feridas";"Pleno dia";"Decrescente";"Céu Claro";"Dupla";"Reta";"Sim";2;0;0;1;1;0;1;2;-22,8684989;-43,18548699;"SPRF-RJ";"DEL02-RJ";"UOP01-DEL02-RJ"
477376;2022-09-28;"quarta-feira";"11:50:00";"MG";381;486,5;"BETIM";"Ausência de reação do condutor";"Colisão traseira";"Com Vítimas Feridas";"Pleno dia";"Crescente";"Nublado";"Dupla";"Reta";"Sim";5;0;2;1;2;0;3;2;-19,95644414;-44,13611598;"SPRF-MG";"DEL01-MG";"UOP03-DEL01-MG"
477377;2022-09-28;"quarta-feira";"12:00:00";"BA";116;817,8;"VITORIA DA CONQUISTA";"Desrespeitar a preferência no cruzamento";"Colisão transversal";"Com Vítimas Fatais";"Pleno dia";"Decrescente";"Céu Claro";"Simples";"Rotatória";"Sim";3;1;0;0;1;1;0;3;-14,823476;-40,818414;"SPRF-BA";"DEL08-BA";"UOP01-DEL08-BA"
477378;2022-09-28;"quarta-feira";"12:14:00";"MG";381;423,8;"CAETE";"Velocidade Incompatível";"Engavetamento";"Com Vítimas Feridas";"Pleno dia";"Crescente";"Nublado";"Dupla";"Curva";"Não";13;0;2;3;7;1;5;8;-19,78015174;-43,65762949;"SPRF-MG";"DEL01-MG";"UOP01-DEL01-MG"
477381;2022-08-11;"quinta-feira";"14:30:00";"RS";158;148,1;"PANAMBI";"Acessar a via sem observar a presença dos outros veículos";"Colisão transversal";"Com Vítimas Feridas";"Pleno dia";"Crescente";"Céu Claro";"Simples";"Interseção de Vias;Aclive;Curva";"Não";5;0;1;1;2;1;2;4;-28,26400697;-53,47990078;"SPRF-RS";"DEL10-RS";"UOP02-DEL10-RS"
477386;2022-09-04;"domingo";"21:00:00";"SC";480;125,1;"CHAPECO";"Desrespeitar a preferência no cruzamento";"Colisão frontal";"Com Vítimas Fatais";"Plena Noite";"Crescente";"Céu Claro";"Múltipla";"Interseção de Vias";"Sim";4;1;1;0;1;1;1;3;-27,0126038;-52,6392545;"SPRF-SC";"DEL07-SC";"UOP01-DEL07-SC"
477394;2022-09-28;"quarta-feira";"13:15:00";"SC";282;364,4;"ERVAL VELHO";"Transitar na contramão";"Colisão lateral sentido oposto";"Com Vítimas Feridas";"Pleno dia";"Decrescente";"Chuva";"Simples";"Reta";"Não";2;0;1;0;1;0;1;2;-27,297649;-51,398533;"SPRF-SC";"DEL07-SC";"UOP05-DEL07-SC"
477398;2022-09-28;"quarta-feira";"13:30:00";"MS";262;738,6;"CORUMBA";"Acessar a via sem observar a presença dos outros veículos";"Colisão transversal";"Com Vítimas Fatais";"Pleno dia";"Decrescente";"Nublado";"Simples";"Interseção de Vias";"Não";14;1;1;0;10;4;1;6;-19,3175221;-57,5935936;"SPRF-MS";"DEL03-MS";"UOP03-DEL03-MS"
477404;2022-08-12;"sexta-feira";"04:00:00";"PR";153;91;"JAPIRA";"Ultrapassagem Indevida";"Saída de leito carroçável";"Com Vítimas Feridas";"Pleno dia";"Crescente";"Ignorado";"Simples";"Reta";"Não";4;0;1;0;0;3;1;3;-23,69924979;-50,17637372;"SPRF-PR";"DEL07-PR";"UOP04-DEL07-PR"
477405;2022-09-28;"quarta-feira";"14:40:00";"PI";316;3,9;"TERESINA";"Manobra de mudança de faixa";"Colisão lateral mesmo sentido";"Sem Vítimas";"Pleno dia";"Crescente";"Sol";"Múltipla";"Interseção de Vias";"Sim";2;0;0;0;2;0;0;2;-5,12826443;-42,79292384;"SPRF-PI";"DEL01-PI";"UOP02-DEL01-PI"
477407;2022-09-28;"quarta-feira";"11:50:00";"PA";316;164;"TRACUATEUA";"Ausência de reação do condutor";"Colisão traseira";"Com Vítimas Feridas";"Pleno dia";"Decrescente";"Céu Claro";"Simples";"Reta;Ponte";"Não";5;0;2;0;2;1;2;3;-1,2974848;-47,10158577;"SPRF-PA";"DEL01-PA";"UOP03-DEL01-PA"
477408;2022-09-28;"quarta-feira";"12:40:00";"PR";476;241;"LAPA";"Ausência de reação do condutor";"Tombamento";"Com Vítimas Feridas";"Pleno dia";"Crescente";"Garoa/Chuvisco";"Simples";"Curva";"Não";2;0;1;0;0;2;1;3;-25,859262;-50,077301;"SPRF-PR";"DEL02-PR";"UOP04-DEL02-PR"
477409;2022-09-28;"quarta-feira";"15:55:00";"SC";101;192,9;"BIGUACU";"Reação tardia ou ineficiente do condutor";"Colisão lateral mesmo sentido";"Com Vítimas Feridas";"Pleno dia";"Decrescente";"Céu Claro";"Múltipla";"Em Obras";"Sim";2;0;1;0;1;0;1;2;-27,48443781;-48,64765238;"SPRF-SC";"DEL01-SC";"UOP01-DEL01-SC"
477410;2022-09-28;"quarta-feira";"11:30:00";"MT";163;1077;"GUARANTA DO NORTE";"Manobra de mudança de faixa";"Colisão lateral mesmo sentido";"Com Vítimas Feridas";"Pleno dia";"Crescente";"Céu Claro";"Simples";"Curva";"Não";3;0;0;1;1;3;1;5;-9,86062815;-54,88048553;"SPRF-MT";"DEL06-MT";"NPF/DEL06-MT"
477417;2022-09-28;"quarta-feira";"16:00:00";"PE";101;187,3;"PALMARES";"Demais falhas mecânicas ou elétricas";"Colisão com objeto";"Sem Vítimas";"Pleno dia";"Crescente";"Céu Claro";"Dupla";"Curva";"Não";1;0;0;0;1;0;0;1;-8,686644;-35,587478;"SPRF-PE";"DEL01-PE";"UOP03-DEL01-PE"
477418;2022-09-28;"quarta-feira";"17:15:00";"PA";155;343;"MARABA";"Condutor deixou de manter distância do veículo da frente";"Colisão traseira";"Sem Vítimas";"Pleno dia";"Decrescente";"Céu Claro";"Simples";"Reta";"Sim";3;0;0;0;2;1;0;3;-5,36957395;-49,07796968;"SPRF-PA";"DEL03-PA";"UOP01-DEL03-PA"
477421;2022-09-28;"quarta-feira";"17:09:00";"PE";428;186;"PETROLINA";"Acessar a via sem observar a presença dos outros veículos";"Colisão frontal";"Com Vítimas Feridas";"Anoitecer";"Crescente";"Céu Claro";"Dupla";"Reta";"Sim";2;0;0;1;1;0;1;2;-9,34807826;-40,47441248;"SPRF-PE";"DEL06-PE";"UOP01-DEL06-PE"
477435;2022-09-28;"quarta-feira";"17:20:00";"MG";40;514;"RIBEIRAO DAS NEVES";"Demais falhas mecânicas ou elétricas";"Eventos atípicos";"Com Vítimas Feridas";"Anoitecer";"Crescente";"Céu Claro";"Dupla";"Reta";"Sim";3;0;1;0;1;1;1;3;-19,80151928;-44,10000333;"SPRF-MG";"DEL01-MG";"UOP02-DEL01-MG"
477437;2022-09-28;"quarta-feira";"14:10:00";"MS";163;581,2;"BANDEIRANTES";"Reação tardia ou ineficiente do condutor";"Saída de leito carroçável";"Com Vítimas Feridas";"Pleno dia";"Crescente";"Garoa/Chuvisco";"Dupla";"Reta";"Não";5;0;1;0;3;3;1;5;-19,63795482;-54,36828176;"SPRF-MS";"DEL06-MS";"UOP02-DEL06-MS"
477438;2022-09-28;"quarta-feira";"18:20:00";"RS";101;30,4;"TRES CACHOEIRAS";"Manobra de mudança de faixa";"Colisão traseira";"Com Vítimas Feridas";"Anoitecer";"Crescente";"Nublado";"Dupla";"Reta";"Sim";3;0;1;0;1;1;1;3;-29,47606791;-49,96067047;"SPRF-RS";"DEL03-RS";"UOP02-DEL03-RS"
477442;2022-09-28;"quarta-feira";"18:24:00";"ES";101;244;"SERRA";"Acessar a via sem observar a presença dos outros veículos";"Colisão transversal";"Com Vítimas Feridas";"Amanhecer";"Crescente";"Nublado";"Simples";"Reta";"Sim";3;0;1;0;1;1;1;3;-20,04725275;-40,38731559;"SPRF-ES";"DEL02-ES";"UOP01-DEL02-ES"
477445;2022-09-28;"quarta-feira";"19:00:00";"MG";381;855;"POUSO ALEGRE";"Manobra de mudança de faixa";"Colisão lateral mesmo sentido";"Com Vítimas Feridas";"Plena Noite";"Crescente";"Garoa/Chuvisco";"Dupla";"Reta";"Não";3;0;1;0;1;1;1;3;-22,32218405;-45,90735795;"SPRF-MG";"DEL16-MG";"UOP01-DEL16-MG"
477447;2022-09-28;"quarta-feira";"18:30:00";"MG";262;561;"CORREGO DANTA";"Transitar no acostamento";"Tombamento";"Sem Vítimas";"Plena Noite";"Decrescente";"Nublado";"Simples";"Reta";"Não";2;0;0;0;1;1;0;2;-19,74235817;-45,94580685;"SPRF-MG";"DEL08-MG";"UOP02-DEL08-MG"
477450;2022-09-28;"quarta-feira";"18:50:00";"RO";364;242;"CACOAL";"Acessar a via sem observar a presença dos outros veículos";"Colisão transversal";"Com Vítimas Feridas";"Plena Noite";"Crescente";"Céu Claro";"Simples";"Reta";"Sim";2;0;1;0;0;1;1;2;-11,44084787;-61,48767999;"SPRF-RO";"DEL02-RO";"UOP02-DEL02-RO"
477451;2022-09-28;"quarta-feira";"19:20:00";"BA";242;846;"BARREIRAS";"Ausência de reação do condutor";"Colisão com objeto";"Com Vítimas Feridas";"Plena Noite";"Decrescente";"Céu Claro";"Simples";"Reta";"Não";3;0;0;1;1;2;1;4;-12,11517427;-45,25212704;"SPRF-BA";"DEL10-BA";"UOP01-DEL10-BA"
477453;2022-09-06;"terça-feira";"17:16:00";"MG";365;522,8;"MONTE CARMELO";"Velocidade Incompatível";"Tombamento";"Com Vítimas Feridas";"Anoitecer";"Decrescente";"Céu Claro";"Simples";"Interseção de Vias";"Não";2;0;0;1;0;1;1;2;-18,9119351;-47,4243047;"SPRF-MG";"DEL10-MG";"UOP01-DEL10-MG"
477456;2022-09-28;"quarta-feira";"15:45:00";"MT";163;653;"LUCAS DO RIO VERDE";"Manobra de mudança de faixa";"Colisão traseira";"Com Vítimas Feridas";"Pleno dia";"Crescente";"Céu Claro";"Simples";"Curva;Em Obras";"Não";6;0;1;0;4;2;1;5;-13,35972934;-56,06320611;"SPRF-MT";"DEL06-MT";"UOP01-DEL06-MT"
477460;2022-09-28;"quarta-feira";"18:10:00";"BA";116;882;"VITORIA DA CONQUISTA";"Transitar na contramão";"Colisão frontal";"Com Vítimas Feridas";"Pleno dia";"Crescente";"Céu Claro";"Simples";"Reta";"Não";5;0;0;2;3;0;2;3;-15,22398993;-41,09579712;"SPRF-BA";"DEL08-BA";"UOP03-DEL08-BA"
477461;2022-09-20;"terça-feira";"10:00:00";"MG";365;45;"CLARO DOS POCOES";"Demais falhas mecânicas ou elétricas";"Saída de leito carroçável";"Com Vítimas Feridas";"Pleno dia";"Crescente";"Céu Claro";"Simples";"Reta";"Não";2;0;1;0;0;1;1;2;-16,91338837;-44,20830575;"SPRF-MG";"DEL12-MG";"UOP01-DEL12-MG"
477465;2022-09-28;"quarta-feira";"19:45:00";"ES";101;179,7;"IBATIBA";"Carga excessiva e/ou mal acondicionada";"Derramamento de carga";"Sem Vítimas";"Plena Noite";"Crescente";"Céu Claro";"Simples";"Curva;Declive";"Não";1;0;0;0;1;0;0;1;-20,2932764;-41,66620731;"SPRF-ES";"DEL04-ES";"UOP01-DEL04-ES"
477471;2022-09-28;"quarta-feira";"05:00:00";"BA";101;650;"ITAPEBI";"Demais falhas mecânicas ou elétricas";"Incêndio";"Sem Vítimas";"Amanhecer";"Decrescente";"Céu Claro";"Simples";"Curva";"Não";1;0;0;0;1;0;0;1;-15,87311539;-39,52409844;"SPRF-BA";"DEL05-BA";"UOP02-DEL05-BA"
477472;2022-09-28;"quarta-feira";"20:15:00";"MG";116;518,8;"UBAPORANGA";"Transitar na contramão";"Colisão lateral sentido oposto";"Com Vítimas Feridas";"Plena Noite";"Decrescente";"Nublado";"Simples";"Ponte";"Não";3;0;1;0;1;1;1;3;-19,71038379;-42,12370706;"SPRF-MG";"DEL06-MG";"UOP02-DEL06-MG"
477482;2022-09-28;"quarta-feira";"22:20:00";"BA";101;712;"EUNAPOLIS";"Reação tardia ou ineficiente do condutor";"Colisão frontal";"Com Vítimas Feridas";"Plena Noite";"Crescente";"Nublado";"Simples";"Curva";"Não";2;0;2;0;0;0;2;2;-16,50123361;-39,57709602;"SPRF-BA";"DEL09-BA";"UOP01-DEL09-BA"
477483;2022-09-28;"quarta-feira";"22:10:00";"MG";50;56;"UBERLANDIA";"Velocidade Incompatível";"Saída de leito carroçável";"Com Vítimas Feridas";"Plena Noite";"Decrescente";"Céu Claro";"Dupla";"Curva;Declive";"Não";2;0;1;0;0;1;1;2;-18,78734706;-48,23107481;"SPRF-MG";"DEL15-MG";"UOP02-DEL15-MG"
477484;2022-09-28;"quarta-feira";"23:20:00";"RJ";40;113;"DUQUE DE CAXIAS";"Acumulo de água sobre o pavimento";"Colisão transversal";"Com Vítimas Feridas";"Plena Noite";"Crescente";"Chuva";"Dupla";"Reta";"Sim";2;0;1;0;1;0;1;2;-22,70948502;-43,29040354;"SPRF-RJ";"DEL01-RJ";"UOP01-DEL01-RJ"
477487;2022-09-28;"quarta-feira";"23:20:00";"AL";316;222;"ATALAIA";"Manobra de mudança de faixa";"Colisão frontal";"Com Vítimas Feridas";"Plena Noite";"Crescente";"Céu Claro";"Simples";"Curva";"Não";4;0;1;0;2;1;1;3;-9,497557;-36,073702;"SPRF-AL";"DEL01-AL";"UOP01-DEL01-AL"
477491;2022-09-28;"quarta-feira";"21:40:00";"MS";158;75,1;"PARANAIBA";"Ausência de reação do condutor";"Colisão com objeto";"Sem Vítimas";"Plena Noite";"Crescente";"Garoa/Chuvisco";"Simples";"Reta";"Não";1;0;0;0;1;0;0;1;-19,52779693;-51,2708249;"SPRF-MS";"DEL08-MS";"UOP01-DEL08-MS"
477492;2022-09-28;"quarta-feira";"23:34:00";"SP";116;489;"CAJATI";"Demais falhas mecânicas ou elétricas";"Saída de leito carroçável";"Sem Vítimas";"Plena Noite";"Crescente";"Chuva";"Dupla";"Reta";"Sim";2;0;0;0;1;1;0;2;-24,73034183;-48,10760707;"SPRF-SP";"DEL05-SP";"UOP01-DEL05-SP"
477493;2022-09-29;"quinta-feira";"00:02:00";"SC";116;170;"PONTE ALTA DO NORTE";"Ausência de reação do condutor";"Tombamento";"Com Vítimas Feridas";"Plena Noite";"Decrescente";"Nublado";"Múltipla";"Curva";"Não";2;0;1;0;0;2;1;3;-27,194962;-50,463425;"SPRF-SC";"DEL05-SC";"UOP03-DEL05-SC"
477495;2022-09-28;"quarta-feira";"20:59:00";"PI";316;74;"MONSENHOR GIL";"Reação tardia ou ineficiente do condutor";"Colisão lateral sentido oposto";"Sem Vítimas";"Plena Noite";"Crescente";"Céu Claro";"Simples";"Reta";"Não";3;0;0;0;2;1;0;3;-5,69173602;-42,60047789;"SPRF-PI";"DEL01-PI";"UOP02-DEL01-PI"
477499;2022-09-28;"quarta-feira";"23:40:00";"MT";364;443,5;"VARZEA GRANDE";"Problema com o freio";"Saída de leito carroçável";"Com Vítimas Fatais";"Plena Noite";"Decrescente";"Chuva";"Simples";"Curva";"Não";2;1;0;0;0;2;0;3;-15,59101359;-56,23246591;"SPRF-MT";"DEL01-MT";"UOP02-DEL01-MT"
477501;2022-09-29;"quinta-feira";"03:20:00";"DF";80;6,4;"BRASILIA";"Manobra de mudança de faixa";"Colisão frontal";"Com Vítimas Fatais";"Plena Noite";"Crescente";"Céu Claro";"Simples";"Reta";"Não";3;1;0;0;2;0;0;2;-15,728868;-48,130203;"SPRF-DF";"DEL03-DF";"UOP02-DEL03-DF"
477504;2022-09-29;"quinta-feira";"03:46:00";"BA";324;586;"CANDEIAS";"Demais falhas mecânicas ou elétricas";"Incêndio";"Sem Vítimas";"Pleno dia";"Crescente";"Céu Claro";"Dupla";"Reta";"Não";3;0;0;0;3;0;0;1;-12,66871241;-38,46971691;"SPRF-BA";"DEL01-BA";"UOP01-DEL01-BA"
477516;2022-09-29;"quinta-feira";"05:05:00";"PR";277;44;"MORRETES";"Ausência de reação do condutor";"Tombamento";"Com Vítimas Feridas";"Plena Noite";"Decrescente";"Nevoeiro/Neblina";"Dupla";"Declive";"Não";3;0;1;0;1;2;1;4;-25,57846682;-48,86174512;"SPRF-PR";"DEL01-PR";"UOP01-DEL01-PR"
477519;2022-09-29;"quinta-feira";"04:17:00";"MG";365;642,7;"UBERLANDIA";"Condutor Dormindo";"Colisão traseira";"Com Vítimas Feridas";"Plena Noite";"Crescente";"Céu Claro";"Dupla";"Reta";"Não";3;0;1;0;1;2;1;4;-18,8823832;-48,48418103;"SPRF-MG";"DEL15-MG";"UOP01-DEL15-MG"
477520;2022-09-29;"quinta-feira";"07:00:00";"PR";116;115;"CURITIBA";"Manobra de mudança de faixa";"Colisão lateral mesmo sentido";"Sem Vítimas";"Pleno dia";"Crescente";"Nublado";"Dupla";"Reta";"Sim";2;0;0;0;1;1;0;2;-25,55953326;-49,26560414;"SPRF-PR";"DEL01-PR";"UOP06-DEL01-PR"
477523;2022-01-13;"quinta-feira";"12:30:00";"PR";116;108,5;"CURITIBA";"Velocidade Incompatível";"Engavetamento";"Com Vítimas Fatais";"Pleno dia";"Crescente";"Nublado";"Dupla";"Reta";"Sim";6;2;0;0;3;2;0;6;-25,57147018;-49,19760597;"SPRF-PR";"DEL01-PR";"UOP01-DEL01-PR"
477524;2022-09-29;"quinta-feira";"06:59:00";"RS";290;19,4;"SANTO ANTONIO DA PATRULHA";"Pedestre andava na pista";"Atropelamento de Pedestre";"Com Vítimas Fatais";"Pleno dia";"Crescente";"Céu Claro";"Dupla";"Reta";"Não";3;1;0;0;1;1;0;3;-29,884407;-50,444893;"SPRF-RS";"DEL03-RS";"UOP01-DEL03-RS"
477531;2022-08-09;"terça-feira";"04:40:00";"RS";101;14,5;"DOM PEDRO DE ALCANTARA";"Condutor Dormindo";"Saída de leito carroçável";"Com Vítimas Feridas";"Plena Noite";"Decrescente";"Chuva";"Dupla";"Declive";"Não";3;0;0;2;0;1;2;3;-29,40700232;-49,85836029;"SPRF-RS";"DEL03-RS";"UOP02-DEL03-RS"
477532;2022-09-21;"quarta-feira";"10:50:00";"SC";116;131,8;"SANTA CECILIA";"Transitar na contramão";"Colisão frontal";"Com Vítimas Fatais";"Pleno dia";"Decrescente";"Nublado";"Simples";"Reta";"Não";3;1;0;0;1;1;0;3;-26,9043042;-50,43928;"SPRF-SC";"DEL06-SC";"UOP02-DEL06-SC"
477534;2022-09-29;"quinta-feira";"08:45:00";"MG";381;510;"SAO JOAQUIM DE BICAS";"Velocidade Incompatível";"Saída de leito carroçável";"Com Vítimas Feridas";"Pleno dia";"Decrescente";"Céu Claro";"Múltipla";"Aclive;Reta";"Sim";2;0;1;0;0;1;1;2;-20,07738209;-44,30434488;"SPRF-MG";"DEL01-MG";"UOP03-DEL01-MG"
477537;2022-09-29;"quinta-feira";"04:00:00";"MT";163;876;"SINOP";"Reação tardia ou ineficiente do condutor";"Tombamento";"Com Vítimas Feridas";"Amanhecer";"Decrescente";"Céu Claro";"Simples";"Reta";"Não";1;0;1;0;0;0;1;1;-11,62938088;-55,43496146;"SPRF-MT";"DEL06-MT";"NPF/DEL06-MT"
477545;2022-09-22;"quinta-feira";"04:50:00";"MG";262;548,9;"LUZ";"Velocidade Incompatível";"Saída de leito carroçável";"Com Vítimas Feridas";"Plena Noite";"Decrescente";"Chuva";"Simples";"Declive;Curva";"Não";1;0;1;0;0;0;1;1;-19,73163489;-45,8631039;"SPRF-MG";"DEL08-MG";"UOP02-DEL08-MG"
477547;2022-09-29;"quinta-feira";"09:30:00";"SP";116;291;"ITAPECERICA DA SERRA";"Ausência de reação do condutor";"Colisão lateral mesmo sentido";"Com Vítimas Feridas";"Pleno dia";"Decrescente";"Garoa/Chuvisco";"Dupla";"Reta";"Não";2;0;1;0;1;0;1;2;-23,73826593;-46,89672721;"SPRF-SP";"DEL04-SP";"UOP01-DEL04-SP"
477549;2022-09-19;"segunda-feira";"00:15:00";"CE";116;90;"CASCAVEL";"Reação tardia ou ineficiente do condutor";"Tombamento";"Com Vítimas Feridas";"Plena Noite";"Crescente";"Céu Claro";"Simples";"Curva";"Não";1;0;1;0;0;0;1;1;-4,46407774;-38,36786069;"SPRF-CE";"DEL03-CE";"UOP02-DEL03-CE"