"id";"data_inversa";"dia_semana";"horario";"uf";"br";"km";"municipio";"causa_acidente";"tipo_acidente";"classificacao_acidente";"fase_dia";"sentido_via";"condicao_metereologica";"tipo_pista";"tracado_via";"uso_solo";"pessoas";"mortos";"feridos_leves";"feridos_graves";"ilesos";"ignorados";"feridos";"veiculos";"latitude";"longitude";"regional";"delegacia";"uop"
477558;2022-09-29;"quinta-feira";"12:40:00";"ES";101;433,5;"ATILIO VIVACQUA";"Reação tardia ou ineficiente do condutor";"Colisão com objeto";"Com Vítimas Feridas";"Pleno dia";"Decrescente";"Nublado";"Simples";"Curva";"Não";2;0;1;0;0;1;1;2;-21,04218499;-41,18389907;"SPRF-ES";"DEL03-ES";"UOP02-DEL03-ES"
477571;2022-09-29;"quinta-feira";"15:00:00";"SE";235;74,8;"FREI PAULO";"Condutor deixou de manter distância do veículo da frente";"Colisão traseira";"Com Vítimas Feridas";"Plena Noite";"Crescente";"Céu Claro";"Simples";"Reta";"Não";4;0;1;0;3;0;1;2;-10,544461;-37,545914;"SPRF-SE";"DEL01-SE";"UOP02-DEL01-SE"
477577;2022-09-29;"quinta-feira";"15:15:00";"MG";50;0,5;"ARAGUARI";"Restrição de visibilidade em curvas horizontais";"Colisão lateral sentido oposto";"Sem Vítimas";"Pleno dia";"Crescente";"Céu Claro";"Dupla";"Aclive;Desvio Temporário;Curva";"Não";3;0;0;0;2;3;0;5;-18,42432;-48,068207;"SPRF-MG";"DEL15-MG";"UOP02-DEL15-MG"
477591;2022-09-29;"quinta-feira";"16:20:00";"PR";116;42;"CAMPINA GRANDE DO SUL";"Chuva";"Colisão com objeto";"Sem Vítimas";"Pleno dia";"Crescente";"Garoa/Chuvisco";"Dupla";"Curva";"Sim";5;0;0;0;4;1;0;5;-25,17611697;-48,874256;"SPRF-PR";"DEL01-PR";"UOP02-DEL01-PR"
477595;2022-09-29;"quinta-feira";"07:30:00";"BA";101;507;"ITABUNA";"Acessar a via sem observar a presença dos outros veículos";"Colisão lateral mesmo sentido";"Com Vítimas Feridas";"Pleno dia";"Crescente";"Céu Claro";"Simples";"Reta";"Não";2;0;1;0;1;0;1;2;-14,96379924;-39,31343385;"SPRF-BA";"DEL05-BA";"UOP01-DEL05-BA"
477597;2022-09-29;"quinta-feira";"17:45:00";"SC";280;29,5;"ARAQUARI";"Ausência de reação do condutor";"Colisão lateral sentido oposto";"Com Vítimas Fatais";"Pleno dia";"Decrescente";"Céu Claro";"Múltipla";"Reta;Interseção de Vias";"Sim";3;1;0;0;1;1;0;3;-26,4130747;-48,7571644;"SPRF-SC";"DEL03-SC";"UOP03-DEL03-SC"
477599;2022-09-29;"quinta-feira";"17:00:00";"PE";232;11;"JABOATAO DOS GUARARAPES";"Transitar na contramão";"Colisão lateral sentido oposto";"Sem Vítimas";"Anoitecer";"Decrescente";"Céu Claro";"Simples";"Curva";"Não";2;0;0;0;1;1;0;2;-8,08195464;-34,99545022;"SPRF-PE";"DEL01-PE";"UOP01-DEL01-PE"
477600;2022-09-29;"quinta-feira";"12:20:00";"RO";364;620;"ITAPUA DO OESTE";"Manobra de mudança de faixa";"Colisão frontal";"Com Vítimas Fatais";"Pleno dia";"Crescente";"Sol";"Simples";"Reta";"Não";3;2;1;0;0;0;1;2;-9,08979614;-63,28675308;"SPRF-RO";"DEL01-RO";"UOP04-DEL01-RO"
477601;2022-09-29;"quinta-feira";"17:00:00";"GO";60;388;"RIO VERDE";"Afundamento ou ondulação no pavimento";"Colisão traseira";"Com Vítimas Feridas";"Pleno dia";"Decrescente";"Céu Claro";"Dupla";"Reta";"Sim";2;0;1;0;1;0;1;2;-17,8151;-50,9343;"SPRF-GO";"DEL04-GO";"UOP02-DEL04-GO"
477608;2022-09-29;"quinta-feira";"15:55:00";"SC";470;192,4;"POUSO REDONDO";"Problema com o freio";"Tombamento";"Com Vítimas Feridas";"Pleno dia";"Decrescente";"Chuva";"Simples";"Curva;Declive";"Não";2;0;1;0;0;1;1;2;-27,293324;-50,078678;"SPRF-SC";"DEL04-SC";"UOP02-DEL04-SC"
477620;2022-09-29;"quinta-feira";"18:15:00";"SP";153;284;"OCAUCU";"Pista esburacada";"Eventos atípicos";"Sem Vítimas";"Anoitecer";"Decrescente";"Céu Claro";"Simples";"Reta";"Não";3;0;0;0;3;0;0;2;-22,44825692;-49,86247915;"SPRF-SP";"DEL07-SP";"UOP02-DEL07-SP"
477624;2022-09-29;"quinta-feira";"17:20:00";"MG";251;510,8;"FRANCISCO SA";"Afundamento ou ondulação no pavimento";"Colisão frontal";"Com Vítimas Fatais";"Pleno dia";"Decrescente";"Céu Claro";"Simples";"Declive";"Não";4;3;0;0;0;1;0;3;-16,64971316;-43,71299785;"SPRF-MG";"DEL12-MG";"UOP01-DEL12-MG"
477625;2022-09-29;"quinta-feira";"18:13:00";"RO";319;59;"PORTO VELHO";"Chuva";"Colisão lateral mesmo sentido";"Com Vítimas Feridas";"Plena Noite";"Crescente";"Chuva";"Dupla";"Reta";"Sim";4;0;2;0;1;2;2;4;-8,74023933;-63,89137499;"SPRF-RO";"DEL01-RO";"UOP01-DEL01-RO"
477631;2022-09-29;"quinta-feira";"19:28:00";"ES";101;143;"LINHARES";"Reação tardia ou ineficiente do condutor";"Colisão traseira";"Com Vítimas Feridas";"Plena Noite";"Decrescente";"Céu Claro";"Dupla";"Reta";"Sim";3;0;0;1;1;1;1;3;-19,34286596;-40,0638568;"SPRF-ES";"DEL04-ES";"UOP01-DEL04-ES"
477635;2022-09-29;"quinta-feira";"19:35:00";"PR";277;721,1;"FOZ DO IGUACU";"Acessar a via sem observar a presença dos outros veículos";"Colisão transversal";"Com Vítimas Feridas";"Plena Noite";"Decrescente";"Garoa/Chuvisco";"Dupla";"Reta";"Sim";3;0;1;1;0;1;2;2;-25,491753;-54,512814;"SPRF-PR";"DEL05-PR";"UOP03-DEL05-PR"
477640;2022-09-01;"quinta-feira";"16:55:00";"PI";222;0,5;"SAO JOAO DA FRONTEIRA";"Ausência de reação do condutor";"Colisão com objeto";"Com Vítimas Fatais";"Pleno dia";"Crescente";"Céu Claro";"Simples";"Reta;Declive";"Não";2;1;0;0;0;2;0;3;-3,91754773;-41,24171405;"SPRF-PI";"DEL02-PI";"UOP01-DEL02-PI"
477652;2022-09-29;"quinta-feira";"17:30:00";"RJ";116;210;"SEROPEDICA";"Demais falhas mecânicas ou elétricas";"Incêndio";"Sem Vítimas";"Plena Noite";"Crescente";"Chuva";"Simples";"Curva";"Não";2;0;0;0;1;1;0;2;-22,71981759;-43,69099294;"SPRF-RJ";"DEL01-RJ";"UOP03-DEL01-RJ"
477653;2022-09-29;"quinta-feira";"20:10:00";"MA";316;428,7;"PERITORO";"Animais na Pista";"Colisão com objeto";"Com Vítimas Feridas";"Plena Noite";"Crescente";"Céu Claro";"Simples";"Ponte";"Não";3;0;2;0;1;0;2;2;-4,381895;-44,305927;"SPRF-MA";"DEL03-MA";"UOP01-DEL03-MA"
477661;2022-09-29;"quinta-feira";"21:50:00";"PR";369;148;"LONDRINA";"Conversão proibida";"Colisão frontal";"Com Vítimas Feridas";"Pleno dia";"Crescente";"Céu Claro";"Dupla";"Interseção de Vias";"Sim";3;0;1;0;1;1;1;3;-23,293;-51,143;"SPRF-PR";"DEL07-PR";"UOP01-DEL07-PR"
477663;2022-09-29;"quinta-feira";"20:30:00";"CE";116;452,5;"BARRO";"Acessar a via sem observar a presença dos outros veículos";"Colisão traseira";"Com Vítimas Feridas";"Plena Noite";"Crescente";"Céu Claro";"Simples";"Reta";"Não";4;0;1;0;2;1;1;3;-7,13323104;-38,77998022;"SPRF-CE";"DEL05-CE";"UOP03-DEL05-CE"
477672;2022-09-29;"quinta-feira";"22:15:00";"SC";101;419,9;"ARARANGUA";"Ingestão de álcool pelo condutor";"Colisão lateral mesmo sentido";"Com Vítimas Feridas";"Plena Noite";"Decrescente";"Ignorado";"Múltipla";"Reta";"Não";2;0;0;1;1;0;1;2;-28,98712406;-49,54395294;"SPRF-SC";"DEL02-SC";"UOP02-DEL02-SC"
477675;2022-09-29;"quinta-feira";"22:35:00";"PE";232;508;"SALGUEIRO";"Iluminação deficiente";"Atropelamento de Pedestre";"Com Vítimas Feridas";"Plena Noite";"Crescente";"Céu Claro";"Simples";"Reta;Declive";"Sim";4;0;2;1;1;0;3;3;-8,06223271;-39,12095006;"SPRF-PE";"DEL05-PE";"UOP01-DEL05-PE"
477676;2022-09-30;"sexta-feira";"01:00:00";"SC";101;319;"PESCARIA BRAVA";"Ausência de reação do condutor";"Saída de leito carroçável";"Com Vítimas Feridas";"Plena Noite";"Decrescente";"Nublado";"Dupla";"Curva";"Sim";2;0;0;1;0;2;1;3;-28,42978736;-48,87148792;"SPRF-SC";"DEL02-SC";"UOP01-DEL02-SC"
477677;2022-09-29;"quinta-feira";"21:45:00";"SC";101;416,7;"ARARANGUA";"Ausência de reação do condutor";"Colisão com objeto";"Sem Vítimas";"Plena Noite";"Crescente";"Nublado";"Múltipla";"Reta";"Sim";2;0;0;0;1;1;0;2;-28,96708874;-49,52338825;"SPRF-SC";"DEL02-SC";"UOP02-DEL02-SC"
477679;2022-09-30;"sexta-feira";"00:25:00";"SC";280;26,7;"ARAQUARI";"Transitar na contramão";"Colisão frontal";"Com Vítimas Feridas";"Plena Noite";"Crescente";"Nublado";"Simples";"Reta";"Sim";3;0;1;0;1;2;1;4;-26,39568503;-48,73947144;"SPRF-SC";"DEL03-SC";"UOP03-DEL03-SC"
477680;2022-09-30;"sexta-feira";"01:45:00";"RS";101;85,6;"OSORIO";"Condutor Dormindo";"Colisão traseira";"Com Vítimas Feridas";"Plena Noite";"Decrescente";"Céu Claro";"Múltipla";"Reta";"Sim";3;0;1;0;1;1;1;3;-29,86832721;-50,2517237;"SPRF-RS";"DEL03-RS";"UOP01-DEL03-RS"
477684;2022-09-30;"sexta-feira";"02:40:00";"RS";290;53;"GLORINHA";"Condutor Dormindo";"Saída de leito carroçável";"Com Vítimas Feridas";"Plena Noite";"Decrescente";"Céu Claro";"Dupla";"Reta";"Não";2;0;1;0;0;1;1;2;-29,912384;-50,788282;"SPRF-RS";"DEL03-RS";"UOP01-DEL03-RS"
477687;2022-09-30;"sexta-feira";"02:30:00";"RJ";116;284;"BARRA MANSA";"Condutor deixou de manter distância do veículo da frente";"Colisão traseira";"Sem Vítimas";"Plena Noite";"Decrescente";"Nublado";"Dupla";"Reta";"Não";3;0;0;0;2;1;0;3;-22,51174295;-44,21705393;"SPRF-RJ";"DEL07-RJ";"UOP02-DEL07-RJ"
477688;2022-09-30;"sexta-feira";"05:10:00";"MG";40;613;"CONGONHAS";"Transitar na contramão";"Colisão lateral sentido oposto";"Com Vítimas Feridas";"Amanhecer";"Crescente";"Céu Claro";"Simples";"Reta";"Não";2;0;1;0;1;0;1;2;-20,52319889;-43,8291359;"SPRF-MG";"DEL05-MG";"UOP02-DEL05-MG"
477689;2022-09-30;"sexta-feira";"04:55:00";"PR";476;344,9;"PAULA FREITAS";"Acumulo de óleo sobre o pavimento";"Colisão frontal";"Com Vítimas Fatais";"Amanhecer";"Crescente";"Garoa/Chuvisco";"Simples";"Reta";"Não";3;1;0;0;1;1;0;3;-26,18211;-50,925163;"SPRF-PR";"DEL02-PR";"UOP03-DEL02-PR"
477690;2022-09-30;"sexta-feira";"05:40:00";"RJ";40;86;"PETROPOLIS";"Demais falhas mecânicas ou elétricas";"Colisão traseira";"Com Vítimas Fatais";"Amanhecer";"Crescente";"Chuva";"Simples";"Curva";"Não";2;1;0;0;1;0;0;2;-22,54274333;-43,23372245;"SPRF-RJ";"DEL06-RJ";"UOP01-DEL06-RJ"
477691;2022-09-30;"sexta-feira";"05:30:00";"PB";101;67,3;"SANTA RITA";"Condutor Dormindo";"Saída de leito carroçável";"Com Vítimas Feridas";"Amanhecer";"Crescente";"Céu Claro";"Dupla";"Reta";"Não";1;0;1;0;0;0;1;1;-7,05298058;-35,03595029;"SPRF-PB";"DEL01-PB";"UOP04-DEL01-PB"
477693;2022-09-30;"sexta-feira";"06:20:00";"SC";470;129,1;"LONTRAS";"Velocidade Incompatível";"Tombamento";"Com Vítimas Feridas";"Amanhecer";"Crescente";"Garoa/Chuvisco";"Simples";"Curva";"Não";3;0;2;0;0;1;2;2;-27,143742;-49,548897;"SPRF-SC";"DEL04-SC";"UOP02-DEL04-SC"
477695;2022-09-30;"sexta-feira";"06:20:00";"ES";101;393,7;"RIO NOVO DO SUL";"Velocidade Incompatível";"Colisão frontal";"Com Vítimas Feridas";"Pleno dia";"Crescente";"Chuva";"Simples";"Reta";"Não";4;0;2;1;0;2;3;5;-20,86561852;-40,92318907;"SPRF-ES";"DEL03-ES";"UOP02-DEL03-ES"
477699;2022-09-30;"sexta-feira";"05:00:00";"RJ";116;284;"BARRA MANSA";"Velocidade Incompatível";"Colisão traseira";"Com Vítimas Feridas";"Amanhecer";"Decrescente";"Nublado";"Dupla";"Curva";"Não";2;0;1;0;1;0;1;2;-22,51174295;-44,21705393;"SPRF-RJ";"DEL07-RJ";"UOP02-DEL07-RJ"
477700;2022-09-30;"sexta-feira";"07:00:00";"MG";381;396;"BARAO DE COCAIS";"Velocidade Incompatível";"Engavetamento";"Com Vítimas Feridas";"Pleno dia";"Decrescente";"Nublado";"Dupla";"Reta";"Não";4;0;1;1;2;0;2;3;-19,74873228;-43,48895304;"SPRF-MG";"DEL01-MG";"UOP01-DEL01-MG"
477701;2022-09-30;"sexta-feira";"07:20:00";"SC";101;196;"BIGUACU";"Manobra de mudança de faixa";"Colisão lateral mesmo sentido";"Com Vítimas Feridas";"Pleno dia";"Crescente";"Nublado";"Dupla";"Reta";"Sim";2;0;1;0;0;1;1;2;-27,51844497;-48,63848496;"SPRF-SC";"DEL01-SC";"UOP01-DEL01-SC"
477702;2022-09-30;"sexta-feira";"07:25:00";"ES";101;266,8;"SERRA";"Avarias e/ou desgaste excessivo no pneu";"Saída de leito carroçável";"Com Vítimas Feridas";"Pleno dia";"Crescente";"Céu Claro";"Dupla";"Reta";"Sim";2;0;1;0;1;0;1;1;-20,190199;-40,26828891;"SPRF-ES";"DEL02-ES";"UOP01-DEL02-ES"
477703;2022-09-30;"sexta-feira";"07:05:00";"PB";101;12,6;"MAMANGUAPE";"Demais falhas mecânicas ou elétricas";"Saída de leito carroçável";"Com Vítimas Feridas";"Pleno dia";"Decrescente";"Céu Claro";"Dupla";"Curva";"Não";3;0;1;0;1;1;1;2;-6,60110408;-35,14339905;"SPRF-PB";"DEL01-PB";"UOP04-DEL01-PB"
477704;2022-09-30;"sexta-feira";"08:00:00";"RS";285;518,9;"VITORIA DAS MISSOES";"Manobra de mudança de faixa";"Colisão frontal";"Com Vítimas Feridas";"Pleno dia";"Crescente";"Garoa/Chuvisco";"Simples";"Reta";"Não";3;0;1;0;1;1;1;3;-28,39777772;-54,46171224;"SPRF-RS";"DEL10-RS";"UOP01-DEL10-RS"
477707;2022-09-30;"sexta-feira";"07:52:00";"BA";324;551;"AMELIA RODRIGUES";"Demais falhas mecânicas ou elétricas";"Incêndio";"Sem Vítimas";"Pleno dia";"Decrescente";"Céu Claro";"Múltipla";"Reta";"Não";2;0;0;0;1;1;0;2;-12,44409807;-38,71821505;"SPRF-BA";"DEL01-BA";"UOP03-DEL01-BA"
477708;2022-09-30;"sexta-feira";"08:00:00";"MG";50;20,1;"UBERLANDIA";"Reação tardia ou ineficiente do condutor";"Colisão lateral mesmo sentido";"Com Vítimas Feridas";"Pleno dia";"Crescente";"Sol";"Dupla";"Reta";"Sim";3;0;1;0;1;1;1;3;-18,9113;-48,2622;"SPRF-MG";"DEL15-MG";"UOP01-DEL15-MG"
477711;2022-08-18;"quinta-feira";"13:00:00";"RS";290;142;"ELDORADO DO SUL";"Transitar na contramão";"Colisão frontal";"Com Vítimas Feridas";"Pleno dia";"Crescente";"Céu Claro";"Simples";"Reta";"Não";3;0;2;0;0;1;2;3;-30,089678;-51,628311;"SPRF-RS";"DEL02-RS";"UOP01-DEL02-RS"
477712;2022-08-05;"sexta-feira";"21:35:00";"MA";10;301;"SAO FRANCISCO DO BREJAO";"Ultrapassagem Indevida";"Colisão lateral mesmo sentido";"Com Vítimas Fatais";"Plena Noite";"Crescente";"Céu Claro";"Simples";"Reta";"Sim";3;1;0;0;1;1;0;3;-5,105053;-47,552158;"SPRF-MA";"DEL04-MA";"UOP03-DEL04-MA"
477725;2022-08-08;"segunda-feira";"20:55:00";"RS";290;107,9;"ELDORADO DO SUL";"Reação tardia ou ineficiente do condutor";"Colisão lateral mesmo sentido";"Com Vítimas Feridas";"Plena Noite";"Crescente";"Garoa/Chuvisco";"Dupla";"Reta";"Sim";7;0;0;4;2;1;4;3;-30,006546;-51,312927;"SPRF-RS";"DEL02-RS";"UOP01-DEL02-RS"
477726;2022-09-24;"sábado";"19:00:00";"BA";20;191;"LUIS EDUARDO MAGALHAES";"Demais falhas mecânicas ou elétricas";"Saída de leito carroçável";"Sem Vítimas";"Plena Noite";"Crescente";"Nublado";"Simples";"Reta";"Não";1;0;0;0;1;0;0;1;-12,41642833;-45,87278545;"SPRF-BA";"DEL10-BA";"UOP01-DEL10-BA"
477729;2022-09-30;"sexta-feira";"09:00:00";"RO";364;238;"CACOAL";"Ausência de sinalização";"Colisão transversal";"Com Vítimas Feridas";"Pleno dia";"Crescente";"Nublado";"Simples";"Interseção de Vias";"Sim";3;0;1;0;1;1;1;3;-11,4388578;-61,45471289;"SPRF-RO";"DEL02-RO";"UOP02-DEL02-RO"
477731;2022-09-30;"sexta-feira";"10:25:00";"PR";277;584;"CASCAVEL";"Manobra de mudança de faixa";"Colisão lateral mesmo sentido";"Sem Vítimas";"Pleno dia";"Crescente";"Nublado";"Dupla";"Interseção de Vias;Viaduto";"Sim";3;0;0;0;2;3;0;5;-24,96424979;-53,40752883;"SPRF-PR";"DEL04-PR";"UOP01-DEL04-PR"
477732;2022-09-30;"sexta-feira";"10:50:00";"RJ";40;122;"DUQUE DE CAXIAS";"Condutor deixou de manter distância do veículo da frente";"Colisão traseira";"Com Vítimas Feridas";"Pleno dia";"Crescente";"Céu Claro";"Múltipla";"Reta";"Sim";3;0;1;0;1;1;1;3;-22,79083113;-43,28611569;"SPRF-RJ";"DEL01-RJ";"UOP01-DEL01-RJ"
477735;2022-09-30;"sexta-feira";"11:30:00";"SP";116;67;"GUARATINGUETA";"Reação tardia ou ineficiente do condutor";"Colisão traseira";"Com Vítimas Feridas";"Pleno dia";"Crescente";"Nublado";"Dupla";"Reta";"Sim";3;0;1;0;1;2;1;4;-22,82867578;-45,2088941;"SPRF-SP";"DEL08-SP";"UOP01-DEL08-SP"
477739;2022-09-30;"sexta-feira";"11:05:00";"RJ";393;257;"BARRA DO PIRAI";"Demais falhas mecânicas ou elétricas";"Colisão com objeto";"Com Vítimas Feridas";"Pleno dia";"Decrescente";"Nublado";"Simples";"Reta";"Não";4;0;1;0;3;0;1;3;-22,46307114;-43,853302;"SPRF-RJ";"DEL05-RJ";"UOP04-DEL05-RJ"
477742;2022-09-30;"sexta-feira";"12:15:00";"RS";116;154;"CAXIAS DO SUL";"Reação tardia ou ineficiente do condutor";"Colisão traseira";"Com Vítimas Feridas";"Pleno dia";"Crescente";"Céu Claro";"Simples";"Reta";"Sim";3;0;1;0;1;1;1;3;-29,19074818;-51,18073734;"SPRF-RS";"DEL05-RS";"UOP01-DEL05-RS"
477749;2022-07-26;"terça-feira";"13:00:00";"PR";476;29;"ADRIANOPOLIS";"Curva acentuada";"Colisão lateral mesmo sentido";"Com Vítimas Feridas";"Pleno dia";"Decrescente";"Céu Claro";"Simples";"Curva";"Não";2;0;1;0;0;1;1;2;-24,79733169;-49,0422821;"SPRF-PR";"DEL01-PR";"UOP01-DEL01-PR"
477750;2022-09-30;"sexta-feira";"11:45:00";"PE";101;98,5;"CABO DE SANTO AGOSTINHO";"Fumaça";"Colisão lateral mesmo sentido";"Com Vítimas Feridas";"Pleno dia";"Decrescente";"Nublado";"Dupla";"Reta";"Não";2;0;1;0;1;0;1;2;-8,25653422;-35,03811793;"SPRF-PE";"DEL01-PE";"UOP03-DEL01-PE"
477751;2022-09-30;"sexta-feira";"12:30:00";"PE";101;136;"RIBEIRAO";"Curva acentuada";"Tombamento";"Sem Vítimas";"Pleno dia";"Decrescente";"Céu Claro";"Dupla";"Curva";"Não";2;0;0;0;1;2;0;3;-8,41439454;-35,3044618;"SPRF-PE";"DEL01-PE";"UOP03-DEL01-PE"
477752;2022-09-30;"sexta-feira";"13:30:00";"PE";101;73,7;"RECIFE";"Desrespeitar a preferência no cruzamento";"Colisão transversal";"Com Vítimas Feridas";"Pleno dia";"Decrescente";"Céu Claro";"Dupla";"Reta;Retorno Regulamentado;Interseção de Vias";"Sim";2;0;1;0;1;0;1;2;-8,09916;-34,950001;"SPRF-PE";"DEL01-PE";"UOP01-DEL01-PE"
477753;2022-09-30;"sexta-feira";"13:10:00";"RO";364;718;"PORTO VELHO";"Manobra de mudança de faixa";"Colisão lateral mesmo sentido";"Sem Vítimas";"Pleno dia";"Crescente";"Céu Claro";"Dupla";"Curva";"Não";2;0;0;0;2;0;0;2;-8,798451;-63,911437;"SPRF-RO";"DEL01-RO";"UOP01-DEL01-RO"
477756;2022-09-30;"sexta-feira";"13:10:00";"RJ";116;258;"VOLTA REDONDA";"Velocidade Incompatível";"Tombamento";"Com Vítimas Feridas";"Pleno dia";"Crescente";"Nublado";"Simples";"Interseção de Vias";"Não";3;0;0;2;0;1;2;3;-22,58138777;-44,02160689;"SPRF-RJ";"DEL07-RJ";"UOP02-DEL07-RJ"
477763;2022-09-30;"sexta-feira";"14:50:00";"GO";60;84;"ANAPOLIS";"Demais falhas mecânicas ou elétricas";"Saída de leito carroçável";"Com Vítimas Feridas";"Pleno dia";"Crescente";"Céu Claro";"Dupla";"Reta";"Não";2;0;1;0;1;0;1;1;-16,3162;-48,8552;"SPRF-GO";"DEL02-GO";"UOP01-DEL02-GO"
477775;2022-09-30;"sexta-feira";"15:10:00";"GO";60;460;"JATAI";"Ausência de reação do condutor";"Saída de leito carroçável";"Com Vítimas Feridas";"Pleno dia";"Crescente";"Chuva";"Dupla";"Reta;Declive";"Não";4;0;2;1;1;0;3;1;-17,8715;-51,6163;"SPRF-GO";"DEL05-GO";"UOP01-DEL05-GO"
477780;2022-09-30;"sexta-feira";"15:15:00";"PR";158;510,2;"CORONEL VIVIDA";"Velocidade Incompatível";"Colisão traseira";"Com Vítimas Feridas";"Pleno dia";"Decrescente";"Céu Claro";"Simples";"Curva";"Não";5;0;2;0;2;1;2;3;-26,03865087;-52,60068705;"SPRF-PR";"DEL02-PR";"UOP01-DEL02-PR"
477781;2022-09-30;"sexta-feira";"15:30:00";"RN";304;144,3;"ANGICOS";"Ausência de reação do condutor";"Saída de leito carroçável";"Com Vítimas Fatais";"Pleno dia";"Decrescente";"Céu Claro";"Simples";"Declive;Reta";"Não";2;1;0;0;0;2;0;3;-5,672769;-36,642923;"SPRF-RN";"DEL04-RN";"UOP01-DEL04-RN"
477796;2022-09-30;"sexta-feira";"17:30:00";"SC";480;130,9;"CHAPECO";"Ingestão de álcool pelo condutor";"Colisão traseira";"Sem Vítimas";"Anoitecer";"Crescente";"Garoa/Chuvisco";"Dupla";"Reta";"Sim";4;0;0;0;4;0;0;3;-27,06241246;-52,63338447;"SPRF-SC";"DEL07-SC";"UOP01-DEL07-SC"
477807;2022-09-30;"sexta-feira";"17:30:00";"RS";285;215,4;"CASEIROS";"Acumulo de água sobre o pavimento";"Colisão frontal";"Com Vítimas Fatais";"Anoitecer";"Decrescente";"Chuva";"Simples";"Declive;Curva";"Não";3;1;0;0;1;1;0;3;-28,263868;-51,661053;"SPRF-RS";"DEL08-RS";"UOP05-DEL08-RS"
477811;2022-09-30;"sexta-feira";"17:40:00";"MG";50;163,9;"UBERABA";"Ausência de reação do condutor";"Colisão traseira";"Com Vítimas Feridas";"Anoitecer";"Crescente";"Chuva";"Dupla";"Aclive";"Não";3;0;1;0;1;2;1;4;-19,67626592;-47,99599279;"SPRF-MG";"DEL13-MG";"UOP01-DEL13-MG"
477813;2022-09-30;"sexta-feira";"17:10:00";"MS";158;287;"TRES LAGOAS";"Manobra de mudança de faixa";"Colisão lateral sentido oposto";"Com Vítimas Feridas";"Anoitecer";"Crescente";"Nublado";"Dupla";"Reta";"Não";4;0;1;0;3;0;1;2;-20,88557295;-51,75354412;"SPRF-MS";"DEL07-MS";"UOP01-DEL07-MS"
477814;2022-09-30;"sexta-feira";"18:50:00";"RN";101;148;"GOIANINHA";"Pedestre andava na pista";"Atropelamento de Pedestre";"Com Vítimas Fatais";"Plena Noite";"Decrescente";"Céu Claro";"Dupla";"Reta";"Não";2;1;0;0;0;1;0;2;-6,27949119;-35,20490033;"SPRF-RN";"DEL01-RN";"UOP01-DEL01-RN"
477815;2022-09-30;"sexta-feira";"19:10:00";"MG";40;523,8;"CONTAGEM";"Condutor deixou de manter distância do veículo da frente";"Colisão traseira";"Com Vítimas Feridas";"Plena Noite";"Crescente";"Nublado";"Dupla";"Reta";"Sim";3;0;0;1;2;0;1;3;-19,86874894;-44,05962197;"SPRF-MG";"DEL01-MG";"UOP02-DEL01-MG"
477819;2022-09-30;"sexta-feira";"14:00:00";"MS";163;380,4;"NOVA ALVORADA DO SUL";"Reação tardia ou ineficiente do condutor";"Colisão lateral sentido oposto";"Com Vítimas Feridas";"Pleno dia";"Decrescente";"Céu Claro";"Simples";"Reta";"Não";6;0;1;1;3;1;2;3;-21,3403479615;-54,4199498077;"SPRF-MS";"DEL02-MS";"UOP01-DEL02-MS"
477831;2022-09-30;"sexta-feira";"18:40:00";"SC";280;119;"SAO BENTO DO SUL";"Ultrapassagem Indevida";"Colisão lateral mesmo sentido";"Com Vítimas Feridas";"Plena Noite";"Decrescente";"Chuva";"Simples";"Aclive";"Não";3;0;0;1;1;1;1;3;-26,26519673;-49,434177;"SPRF-SC";"DEL06-SC";"UOP03-DEL06-SC"
477836;2022-09-30;"sexta-feira";"19:10:00";"BA";242;905;"LUIS EDUARDO MAGALHAES";"Falta de acostamento";"Saída de leito carroçável";"Com Vítimas Feridas";"Plena Noite";"Crescente";"Céu Claro";"Simples";"Reta";"Não";2;0;0;1;0;2;1;3;-12,111;-45,948;"SPRF-BA";"DEL10-BA";"UOP01-DEL10-BA"
477840;2022-09-30;"sexta-feira";"14:32:00";"PR";272;368;"CAMPO MOURAO";"Desrespeitar a preferência no cruzamento";"Colisão transversal";"Com Vítimas Feridas";"Pleno dia";"Crescente";"Nublado";"Dupla";"Reta";"Não";2;0;1;0;1;0;1;2;-24,05475193;-52,41061403;"SPRF-PR";"DEL09-PR";"UOP03-DEL09-PR"
477842;2022-09-30;"sexta-feira";"16:00:00";"MT";70;560;"NOSSA SENHORA DO LIVRAMENTO";"Ultrapassagem Indevida";"Colisão lateral sentido oposto";"Com Vítimas Feridas";"Pleno dia";"Decrescente";"Céu Claro";"Simples";"Curva";"Não";5;0;1;0;3;3;1;6;-15,69937282;-56,39709306;"SPRF-MT";"DEL03-MT";"UOP02-DEL03-MT"
477851;2022-09-30;"sexta-feira";"22:24:00";"BA";101;704;"EUNAPOLIS";"Velocidade Incompatível";"Colisão frontal";"Sem Vítimas";"Plena Noite";"Decrescente";"Garoa/Chuvisco";"Simples";"Curva";"Não";2;0;0;0;2;0;0;2;-16,44299197;-39,57454172;"SPRF-BA";"DEL09-BA";"UOP01-DEL09-BA"
477856;2022-09-30;"sexta-feira";"14:10:00";"BA";116;683;"JEQUIE";"Mal súbito do condutor";"Colisão traseira";"Sem Vítimas";"Pleno dia";"Decrescente";"Céu Claro";"Simples";"Curva";"Não";2;0;0;0;2;0;0;2;-13,87769527;-40,13464153;"SPRF-BA";"DEL03-BA";"UOP01-DEL03-BA"