"id";"data_inversa";"dia_semana";"horario";"uf";"br";"km";"municipio";"causa_acidente";"tipo_acidente";"classificacao_acidente";"fase_dia";"sentido_via";"condicao_metereologica";"tipo_pista";"tracado_via";"uso_solo";"pessoas";"mortos";"feridos_leves";"feridos_graves";"ilesos";"ignorados";"feridos";"veiculos";"latitude";"longitude";"regional";"delegacia";"uop"
478349;2022-08-09;"terça-feira";"06:40:00";"MT";158;565;"AGUA BOA";"Manobra de mudança de faixa";"Colisão transversal";"Com Vítimas Feridas";"Pleno dia";"Decrescente";"Céu Claro";"Simples";"Reta";"Não";6;0;1;0;5;0;1;2;-14,02874999;-52,15679016;"SPRF-MT";"DEL07-MT";"UOP02-DEL07-MT"
478352;2022-10-02;"domingo";"20:00:00";"GO";153;320;"RIANAPOLIS";"Condutor deixou de manter distância do veículo da frente";"Colisão traseira";"Com Vítimas Feridas";"Plena Noite";"Decrescente";"Céu Claro";"Simples";"Reta";"Não";6;0;4;1;1;0;5;2;-15,447845;-49,505455;"SPRF-GO";"DEL02-GO";"UOP02-DEL02-GO"
478358;2022-10-03;"segunda-feira";"08:25:00";"RS";290;115,1;"ELDORADO DO SUL";"Reação tardia ou ineficiente do condutor";"Colisão lateral sentido oposto";"Com Vítimas Feridas";"Pleno dia";"Crescente";"Céu Claro";"Dupla";"Reta";"Não";5;0;2;0;2;2;2;5;-30,045572;-51,357651;"SPRF-RS";"DEL02-RS";"UOP01-DEL02-RS"
478359;2022-10-03;"segunda-feira";"07:10:00";"SC";280;126,5;"RIO NEGRINHO";"Trafegar com motocicleta (ou similar) entre as faixas";"Tombamento";"Com Vítimas Fatais";"Pleno dia";"Crescente";"Nublado";"Simples";"Reta";"Sim";4;1;0;0;2;1;0;3;-26,2443319;-49,5166376;"SPRF-SC";"DEL06-SC";"UOP03-DEL06-SC"
478360;2022-10-03;"segunda-feira";"08:00:00";"BA";116;414;"FEIRA DE SANTANA";"Acessar a via sem observar a presença dos outros veículos";"Colisão lateral mesmo sentido";"Com Vítimas Feridas";"Pleno dia";"Crescente";"Céu Claro";"Múltipla";"Retorno Regulamentado";"Não";5;0;2;1;2;0;3;2;-12,15091699;-38,96471948;"SPRF-BA";"DEL02-BA";"UOP01-DEL02-BA"
478371;2022-10-03;"segunda-feira";"07:47:00";"MG";262;34,7;"MANHUACU";"Ausência de reação do condutor";"Colisão traseira";"Com Vítimas Feridas";"Pleno dia";"Decrescente";"Céu Claro";"Simples";"Reta";"Não";3;0;1;0;2;0;1;3;-20,25692664;-42,01099203;"SPRF-MG";"DEL06-MG";"UOP03-DEL06-MG"
478372;2022-09-23;"sexta-feira";"01:50:00";"SC";101;196,2;"BIGUACU";"Pedestre andava na pista";"Atropelamento de Pedestre";"Com Vítimas Fatais";"Plena Noite";"Crescente";"Céu Claro";"Dupla";"Reta";"Sim";2;1;0;0;0;1;0;2;-27,51241;-48,641676;"SPRF-SC";"DEL01-SC";"UOP01-DEL01-SC"
478373;2022-10-03;"segunda-feira";"08:30:00";"MG";262;371,2;"JUATUBA";"Velocidade Incompatível";"Colisão traseira";"Com Vítimas Feridas";"Pleno dia";"Decrescente";"Céu Claro";"Dupla";"Declive;Reta;Retorno Regulamentado";"Sim";2;0;0;1;1;0;1;2;-19,95643483;-44,365502;"SPRF-MG";"DEL01-MG";"UOP03-DEL01-MG"
478375;2022-10-03;"segunda-feira";"09:10:00";"PR";376;252;"APUCARANA";"Reação tardia ou ineficiente do condutor";"Colisão traseira";"Com Vítimas Feridas";"Pleno dia";"Crescente";"Céu Claro";"Dupla";"Reta";"Não";2;0;1;0;1;0;1;2;-23,650385;-51,37400796;"SPRF-PR";"DEL07-PR";"UOP03-DEL07-PR"
478382;2022-10-03;"segunda-feira";"09:00:00";"PE";101;185,1;"PALMARES";"Frear bruscamente";"Colisão lateral mesmo sentido";"Sem Vítimas";"Pleno dia";"Decrescente";"Céu Claro";"Dupla";"Reta";"Sim";3;0;0;0;2;1;0;3;-8,67427585;-35,57646077;"SPRF-PE";"DEL01-PE";"UOP03-DEL01-PE"
478384;2022-10-03;"segunda-feira";"11:00:00";"TO";153;160;"ARAGUAINA";"Condutor deixou de manter distância do veículo da frente";"Colisão traseira";"Com Vítimas Feridas";"Pleno dia";"Crescente";"Céu Claro";"Simples";"Reta";"Não";2;0;1;0;1;0;1;2;-7,32115694;-48,3055211;"SPRF-TO";"DEL02-TO";"UOP01-DEL02-TO"
478386;2022-10-03;"segunda-feira";"10:00:00";"MT";163;840;"SINOP";"Reação tardia ou ineficiente do condutor";"Engavetamento";"Com Vítimas Feridas";"Pleno dia";"Decrescente";"Céu Claro";"Simples";"Reta";"Sim";6;0;1;0;4;2;1;5;-11,94214306;-55,51630378;"SPRF-MT";"DEL06-MT";"NPF/DEL06-MT"
478389;2022-10-03;"segunda-feira";"10:10:00";"RS";290;109;"ELDORADO DO SUL";"Ausência de reação do condutor";"Colisão traseira";"Com Vítimas Fatais";"Pleno dia";"Crescente";"Céu Claro";"Dupla";"Reta";"Sim";3;1;0;0;1;1;0;3;-30,015047;-51,317017;"SPRF-RS";"DEL02-RS";"UOP01-DEL02-RS"
478391;2022-10-03;"segunda-feira";"10:33:00";"RS";285;79;"BOM JESUS";"Acessar a via sem observar a presença dos outros veículos";"Colisão transversal";"Com Vítimas Feridas";"Pleno dia";"Decrescente";"Céu Claro";"Simples";"Interseção de Vias";"Não";3;0;1;0;2;0;1;2;-28,64477;-50,592995;"SPRF-RS";"DEL05-RS";"UOP03-DEL05-RS"
478392;2022-10-03;"segunda-feira";"11:13:00";"MG";40;603;"CONGONHAS";"Reação tardia ou ineficiente do condutor";"Colisão transversal";"Com Vítimas Feridas";"Pleno dia";"Crescente";"Nublado";"Simples";"Reta";"Não";3;0;1;0;1;1;1;3;-20,44326;-43,83981;"SPRF-MG";"DEL05-MG";"UOP02-DEL05-MG"
478395;2022-10-03;"segunda-feira";"11:40:00";"ES";101;223,8;"IBIRACU";"Ausência de reação do condutor";"Tombamento";"Com Vítimas Feridas";"Pleno dia";"Crescente";"Nublado";"Simples";"Curva";"Não";2;0;1;0;0;1;1;2;-19,87635624;-40,41496163;"SPRF-ES";"DEL02-ES";"UOP01-DEL02-ES"
478399;2022-10-03;"segunda-feira";"08:50:00";"SP";116;363,8;"MIRACATU";"Velocidade Incompatível";"Tombamento";"Com Vítimas Feridas";"Pleno dia";"Decrescente";"Nublado";"Dupla";"Curva";"Não";3;0;1;1;0;1;2;2;-24,13748818;-47,27315471;"SPRF-SP";"DEL04-SP";"UOP02-DEL04-SP"
478402;2022-10-03;"segunda-feira";"08:00:00";"MG";365;428;"PATOS DE MINAS";"Ausência de reação do condutor";"Colisão frontal";"Com Vítimas Fatais";"Pleno dia";"Crescente";"Sol";"Simples";"Reta";"Não";3;1;1;0;0;2;1;4;-18,75337522;-46,64951796;"SPRF-MG";"DEL10-MG";"UOP01-DEL10-MG"
478404;2022-10-03;"segunda-feira";"13:00:00";"PR";153;205;"TIBAGI";"Ausência de reação do condutor";"Colisão lateral sentido oposto";"Com Vítimas Feridas";"Pleno dia";"Crescente";"Céu Claro";"Simples";"Declive";"Não";4;0;3;0;1;0;3;2;-24,52203962;-50,43926239;"SPRF-PR";"DEL03-PR";"UOP02-DEL03-PR"
478407;2022-05-07;"sábado";"03:00:00";"MG";365;257;"JOAO PINHEIRO";"Transitar na contramão";"Colisão frontal";"Com Vítimas Fatais";"Amanhecer";"Decrescente";"Céu Claro";"Simples";"Reta";"Não";5;3;1;0;1;0;1;2;-17,85644745;-45,49716183;"SPRF-MG";"DEL14-MG";"UOP02-DEL14-MG"
478408;2022-10-03;"segunda-feira";"09:20:00";"MA";10;228;"GOVERNADOR EDISON LOBAO";"Demais falhas mecânicas ou elétricas";"Tombamento";"Com Vítimas Feridas";"Pleno dia";"Crescente";"Céu Claro";"Simples";"Reta";"Não";2;0;1;0;0;1;1;2;-5,718728;-47,359982;"SPRF-MA";"DEL04-MA";"UOP01-DEL04-MA"
478412;2022-10-03;"segunda-feira";"12:50:00";"BA";415;52;"ITABUNA";"Condutor deixou de manter distância do veículo da frente";"Colisão transversal";"Com Vítimas Feridas";"Pleno dia";"Crescente";"Sol";"Simples";"Reta";"Não";2;0;1;0;1;0;1;2;-14,81574494;-39,29612388;"SPRF-BA";"DEL05-BA";"UOP01-DEL05-BA"
478417;2022-10-03;"segunda-feira";"09:50:00";"MT";364;1187;"CAMPOS DE JULIO";"Acessar a via sem observar a presença dos outros veículos";"Colisão transversal";"Com Vítimas Fatais";"Pleno dia";"Decrescente";"Nublado";"Simples";"Interseção de Vias;Reta";"Não";3;1;0;0;1;2;0;4;-13,7656744;-59,3024192;"SPRF-MT";"DEL04-MT";"UOP01-DEL04-MT"
478421;2022-10-03;"segunda-feira";"10:35:00";"MG";459;13,5;"POCOS DE CALDAS";"Demais falhas mecânicas ou elétricas";"Tombamento";"Com Vítimas Feridas";"Pleno dia";"Crescente";"Céu Claro";"Simples";"Curva";"Não";2;0;1;0;0;1;1;2;-21,824181;-46,454407;"SPRF-MG";"DEL09-MG";"UOP01-DEL09-MG"
478426;2022-10-03;"segunda-feira";"14:40:00";"RS";386;325,8;"MARQUES DE SOUZA";"Ausência de reação do condutor";"Colisão lateral sentido oposto";"Com Vítimas Feridas";"Pleno dia";"Crescente";"Sol";"Simples";"Reta";"Não";4;0;0;2;1;2;2;5;-29,32438985;-52,10233283;"SPRF-RS";"DEL04-RS";"UOP01-DEL04-RS"
478439;2022-10-03;"segunda-feira";"15:05:00";"SC";470;166,4;"TROMBUDO CENTRAL";"Velocidade Incompatível";"Colisão lateral sentido oposto";"Com Vítimas Feridas";"Pleno dia";"Crescente";"Céu Claro";"Simples";"Reta";"Não";3;0;0;2;1;0;2;2;-27,27663;-49,845661;"SPRF-SC";"DEL04-SC";"UOP02-DEL04-SC"
478441;2022-10-03;"segunda-feira";"15:15:00";"MG";40;567;"NOVA LIMA";"Ausência de reação do condutor";"Tombamento";"Sem Vítimas";"Pleno dia";"Crescente";"Céu Claro";"Simples";"Reta";"Não";2;0;0;0;1;1;0;2;-20,18749199;-43,96845002;"SPRF-MG";"DEL01-MG";"UOP02-DEL01-MG"
478442;2022-10-03;"segunda-feira";"15:40:00";"PB";230;3;"CABEDELO";"Condutor deixou de manter distância do veículo da frente";"Colisão com objeto";"Com Vítimas Fatais";"Pleno dia";"Decrescente";"Céu Claro";"Simples";"Reta;Desvio Temporário;Em Obras";"Sim";3;1;0;0;1;2;0;4;-6,9915;-34,8287;"SPRF-PB";"DEL01-PB";"UOP01-DEL01-PB"
478447;2022-10-03;"segunda-feira";"15:45:00";"SC";101;332;"TUBARAO";"Condutor deixou de manter distância do veículo da frente";"Colisão traseira";"Com Vítimas Feridas";"Pleno dia";"Decrescente";"Céu Claro";"Dupla";"Curva";"Sim";3;0;0;1;1;1;1;3;-28,46016431;-48,98968873;"SPRF-SC";"DEL02-SC";"UOP01-DEL02-SC"
478450;2022-10-03;"segunda-feira";"14:15:00";"MS";262;130,6;"AGUA CLARA";"Reação tardia ou ineficiente do condutor";"Engavetamento";"Com Vítimas Feridas";"Pleno dia";"Crescente";"Céu Claro";"Simples";"Em Obras;Reta";"Não";5;0;1;1;2;2;2;6;-20,48881316;-52,76728103;"SPRF-MS";"DEL07-MS";"UOP02-DEL07-MS"
478453;2022-10-03;"segunda-feira";"16:50:00";"ES";101;297;"VIANA";"Manobra de mudança de faixa";"Colisão lateral mesmo sentido";"Sem Vítimas";"Pleno dia";"Crescente";"Céu Claro";"Dupla";"Reta";"Sim";5;0;0;0;4;2;0;6;-20,34529844;-40,41026774;"SPRF-ES";"DEL01-ES";"UOP01-DEL01-ES"
478454;2022-09-17;"sábado";"20:15:00";"MA";230;396,6;"BALSAS";"Ausência de reação do condutor";"Colisão transversal";"Com Vítimas Feridas";"Plena Noite";"Decrescente";"Céu Claro";"Simples";"Reta";"Não";6;0;1;3;1;2;4;4;-7,45784721;-46,01508455;"SPRF-MA";"DEL05-MA";"UOP01-DEL05-MA"
478459;2022-10-03;"segunda-feira";"11:30:00";"MG";40;45,4;"PARACATU";"Reação tardia ou ineficiente do condutor";"Saída de leito carroçável";"Com Vítimas Feridas";"Pleno dia";"Decrescente";"Céu Claro";"Simples";"Reta;Declive";"Sim";1;0;1;0;0;0;1;1;-17,23875763;-46,83697693;"SPRF-MG";"DEL14-MG";"UOP01-DEL14-MG"
478462;2022-10-03;"segunda-feira";"14:11:00";"RO";364;343;"JI-PARANA";"Reação tardia ou ineficiente do condutor";"Colisão traseira";"Com Vítimas Feridas";"Pleno dia";"Crescente";"Nublado";"Dupla";"Aclive";"Sim";4;0;0;1;2;1;1;4;-10,87878519;-61,94499012;"SPRF-RO";"DEL02-RO";"UOP01-DEL02-RO"
478463;2022-10-03;"segunda-feira";"18:30:00";"ES";101;244;"SERRA";"Ultrapassagem Indevida";"Colisão lateral sentido oposto";"Com Vítimas Feridas";"Plena Noite";"Decrescente";"Céu Claro";"Simples";"Reta";"Não";3;0;1;0;1;1;1;3;-20,04725275;-40,38731559;"SPRF-ES";"DEL02-ES";"UOP01-DEL02-ES"
478464;2022-10-03;"segunda-feira";"17:10:00";"RJ";40;107;"DUQUE DE CAXIAS";"Condutor deixou de manter distância do veículo da frente";"Colisão traseira";"Com Vítimas Feridas";"Anoitecer";"Decrescente";"Garoa/Chuvisco";"Dupla";"Reta";"Sim";5;0;2;0;2;1;2;3;-22,65581497;-43,28378546;"SPRF-RJ";"DEL01-RJ";"UOP01-DEL01-RJ"
478465;2022-10-03;"segunda-feira";"17:30:00";"PR";116;2,9;"QUATRO BARRAS";"Reação tardia ou ineficiente do condutor";"Colisão traseira";"Com Vítimas Feridas";"Anoitecer";"Decrescente";"Nublado";"Dupla";"Reta";"Não";5;0;3;1;1;0;4;2;-25,3593;-49,0744;"SPRF-PR";"DEL01-PR";"UOP02-DEL01-PR"
478467;2022-09-19;"segunda-feira";"17:00:00";"MS";163;320;"RIO BRILHANTE";"Condutor deixou de manter distância do veículo da frente";"Engavetamento";"Com Vítimas Feridas";"Pleno dia";"Decrescente";"Nublado";"Simples";"Reta";"Não";6;0;1;0;4;1;1;3;-21,81239402;-54,52449128;"SPRF-MS";"DEL02-MS";"UOP02-DEL02-MS"
478469;2022-10-03;"segunda-feira";"16:40:00";"AC";364;124;"RIO BRANCO";"Condutor deixou de manter distância do veículo da frente";"Colisão traseira";"Sem Vítimas";"Pleno dia";"Decrescente";"Céu Claro";"Simples";"Reta";"Não";3;0;0;0;2;2;0;4;-10,01195737;-67,79854244;"SPRF-AC";"DEL01-AC";"UOP01-DEL01-AC"
478474;2022-04-29;"sexta-feira";"12:33:00";"PR";376;602,7;"CURITIBA";"Condutor deixou de manter distância do veículo da frente";"Colisão traseira";"Com Vítimas Feridas";"Pleno dia";"Crescente";"Nublado";"Múltipla";"Reta";"Sim";3;0;1;0;0;2;1;3;-25,54329052;-49,30719981;"SPRF-PR";"DEL01-PR";"UOP06-DEL01-PR"
478482;2022-10-03;"segunda-feira";"19:00:00";"SP";116;170;"JACAREI";"Manobra de mudança de faixa";"Capotamento";"Com Vítimas Feridas";"Pleno dia";"Crescente";"Nublado";"Dupla";"Curva";"Sim";3;0;2;0;0;1;2;2;-23,30794749;-46,0548351;"SPRF-SP";"DEL02-SP";"UOP01-DEL02-SP"
478485;2022-10-03;"segunda-feira";"18:30:00";"MS";163;166;"JUTI";"Pedestre andava na pista";"Atropelamento de Pedestre";"Com Vítimas Feridas";"Plena Noite";"Crescente";"Céu Claro";"Dupla";"Reta";"Não";2;0;0;1;0;1;1;2;-22,89739059;-54,56409981;"SPRF-MS";"DEL09-MS";"UOP01-DEL09-MS"
478492;2022-10-03;"segunda-feira";"18:24:00";"BA";324;433;"RIACHAO DO JACUIPE";"Ingestão de álcool pelo condutor";"Colisão lateral sentido oposto";"Com Vítimas Feridas";"Plena Noite";"Decrescente";"Céu Claro";"Simples";"Reta";"Não";3;0;1;0;1;1;1;3;-11,78465185;-39,4313739;"SPRF-BA";"DEL04-BA";"UOP02-DEL04-BA"
478494;2022-09-05;"segunda-feira";"11:20:00";"DF";20;18,1;"BRASILIA";"Manobra de mudança de faixa";"Colisão transversal";"Com Vítimas Fatais";"Pleno dia";"Decrescente";"Céu Claro";"Múltipla";"Aclive;Retorno Regulamentado";"Sim";3;1;1;0;0;1;1;3;-15,616151;-47,708191;"SPRF-DF";"DEL02-DF";"UOP01-DEL02-DF"
478499;2022-10-03;"segunda-feira";"20:00:00";"MG";262;358;"BETIM";"Ausência de reação do condutor";"Queda de ocupante de veículo";"Com Vítimas Feridas";"Plena Noite";"Crescente";"Nublado";"Dupla";"Reta";"Não";5;0;2;0;2;1;2;4;-19,97562699;-44,197751;"SPRF-MG";"DEL01-MG";"UOP03-DEL01-MG"
478502;2022-10-03;"segunda-feira";"20:45:00";"RN";304;287;"MACAIBA";"Condutor deixou de manter distância do veículo da frente";"Colisão traseira";"Com Vítimas Feridas";"Plena Noite";"Decrescente";"Céu Claro";"Simples";"Declive";"Não";5;0;2;0;3;0;2;3;-5,8711714;-35,42930088;"SPRF-RN";"DEL01-RN";"UOP02-DEL01-RN"
478503;2022-10-03;"segunda-feira";"16:15:00";"MA";135;87,5;"ITAPECURU MIRIM";"Condutor deixou de manter distância do veículo da frente";"Colisão traseira";"Sem Vítimas";"Pleno dia";"Crescente";"Sol";"Simples";"Reta";"Sim";3;0;0;0;3;0;0;3;-3,27056114;-44,39988784;"SPRF-MA";"DEL01-MA";"UOP02-DEL01-MA"
478506;2022-10-03;"segunda-feira";"12:15:00";"MA";230;57;"SUCUPIRA DO RIACHAO";"Reação tardia ou ineficiente do condutor";"Tombamento";"Com Vítimas Feridas";"Pleno dia";"Decrescente";"Céu Claro";"Simples";"Curva";"Não";2;0;1;0;1;0;1;1;-6,59435598;-43,46122742;"SPRF-PI";"DEL03-PI";"UOP01-DEL03-PI"
478507;2022-10-03;"segunda-feira";"18:20:00";"PR";376;323;"ORTIGUEIRA";"Reação tardia ou ineficiente do condutor";"Tombamento";"Sem Vítimas";"Plena Noite";"Crescente";"Nublado";"Simples";"Curva";"Não";2;0;0;0;1;3;0;4;-24,04294;-51,077179;"SPRF-PR";"DEL07-PR";"UOP02-DEL07-PR"
478510;2022-10-03;"segunda-feira";"16:00:00";"SP";381;85;"SAO PAULO";"Ausência de sinalização";"Colisão traseira";"Com Vítimas Fatais";"Pleno dia";"Crescente";"Céu Claro";"Dupla";"Viaduto";"Sim";4;1;0;1;2;0;1;2;-23,449343;-46,56983501;"SPRF-SP";"DEL03-SP";"UOP01-DEL03-SP"
478521;2022-10-04;"terça-feira";"00:50:00";"SC";470;170;"POUSO REDONDO";"Ingestão de álcool pelo condutor";"Saída de leito carroçável";"Com Vítimas Feridas";"Plena Noite";"Decrescente";"Chuva";"Simples";"Reta";"Não";2;0;1;0;0;1;1;2;-27,265903;-49,892441;"SPRF-SC";"DEL04-SC";"UOP02-DEL04-SC"
478525;2022-10-04;"terça-feira";"00:15:00";"PI";343;547;"FRANCISCO AYRES";"Carga excessiva e/ou mal acondicionada";"Colisão lateral mesmo sentido";"Com Vítimas Feridas";"Plena Noite";"Crescente";"Céu Claro";"Simples";"Reta";"Não";3;0;0;2;1;0;2;2;-6,590336;-42,800976;"SPRF-PI";"DEL03-PI";"UOP01-DEL03-PI"
478526;2022-10-04;"terça-feira";"03:45:00";"MG";381;644;"SANTO ANTONIO DO AMPARO";"Reação tardia ou ineficiente do condutor";"Tombamento";"Com Vítimas Feridas";"Plena Noite";"Crescente";"Garoa/Chuvisco";"Dupla";"Reta";"Não";1;0;1;0;0;0;1;1;-20,94919537;-44,8872138;"SPRF-MG";"DEL04-MG";"UOP02-DEL04-MG"
478532;2022-10-04;"terça-feira";"06:35:00";"MG";251;505,5;"FRANCISCO SA";"Pista Escorregadia";"Colisão frontal";"Com Vítimas Feridas";"Pleno dia";"Decrescente";"Garoa/Chuvisco";"Simples";"Curva";"Não";6;0;5;0;0;1;5;3;-16,62566493;-43,69317517;"SPRF-MG";"DEL12-MG";"UOP01-DEL12-MG"
478534;2022-10-04;"terça-feira";"07:20:00";"RJ";101;58;"CAMPOS DOS GOYTACAZES";"Acessar a via sem observar a presença dos outros veículos";"Colisão transversal";"Com Vítimas Feridas";"Pleno dia";"Crescente";"Céu Claro";"Simples";"Reta";"Sim";2;0;1;0;0;1;1;2;-21,70488703;-41,30979616;"SPRF-RJ";"DEL08-RJ";"UOP01-DEL08-RJ"
478537;2022-10-04;"terça-feira";"06:10:00";"PR";277;28;"MORRETES";"Acessar a via sem observar a presença dos outros veículos";"Colisão traseira";"Com Vítimas Feridas";"Amanhecer";"Crescente";"Garoa/Chuvisco";"Dupla";"Curva";"Não";3;0;1;0;1;3;1;5;-25,52874613;-48,73512603;"SPRF-PR";"DEL01-PR";"UOP05-DEL01-PR"
478541;2022-10-04;"terça-feira";"06:00:00";"RJ";116;187;"NOVA IGUACU";"Velocidade Incompatível";"Colisão com objeto";"Com Vítimas Feridas";"Amanhecer";"Decrescente";"Nublado";"Dupla";"Reta";"Não";1;0;1;0;0;0;1;1;-22,73883756;-43,47245197;"SPRF-RJ";"DEL01-RJ";"UOP02-DEL01-RJ"
478544;2022-10-04;"terça-feira";"07:50:00";"MG";365;580,6;"INDIANOPOLIS";"Mal súbito do condutor";"Saída de leito carroçável";"Com Vítimas Fatais";"Pleno dia";"Crescente";"Sol";"Simples";"Aclive;Reta";"Não";2;1;0;0;0;1;0;2;-18,87417828;-47,95534008;"SPRF-MG";"DEL15-MG";"UOP02-DEL15-MG"
478545;2022-10-04;"terça-feira";"07:50:00";"PR";376;160;"MARINGA";"Acessar a via sem observar a presença dos outros veículos";"Colisão transversal";"Com Vítimas Feridas";"Pleno dia";"Crescente";"Sol";"Dupla";"Interseção de Vias";"Sim";2;0;0;1;1;0;1;2;-23,36838484;-52,06572891;"SPRF-PR";"DEL09-PR";"UOP01-DEL09-PR"
478549;2022-10-04;"terça-feira";"07:15:00";"MG";365;165,9;"BURITIZEIRO";"Pista Escorregadia";"Tombamento";"Com Vítimas Fatais";"Pleno dia";"Crescente";"Garoa/Chuvisco";"Simples";"Reta";"Não";3;1;0;0;1;1;0;3;-17,38124701;-44,960901;"SPRF-MG";"DEL12-MG";"UOP01-DEL12-MG"
478553;2022-10-04;"terça-feira";"07:51:00";"GO";20;8;"FORMOSA";"Ausência de sinalização";"Colisão frontal";"Com Vítimas Feridas";"Pleno dia";"Decrescente";"Nublado";"Simples";"Reta";"Sim";2;0;1;0;1;0;1;2;-15,547604;-47,291592;"SPRF-DF";"DEL02-DF";"UOP02-DEL02-DF"
478559;2022-10-04;"terça-feira";"07:55:00";"PE";423;110,5;"CAETES";"Reação tardia ou ineficiente do condutor";"Colisão lateral sentido oposto";"Com Vítimas Feridas";"Pleno dia";"Crescente";"Céu Claro";"Simples";"Aclive";"Sim";3;0;1;0;1;2;1;4;-8,89176;-36,611478;"SPRF-PE";"DEL03-PE";"UOP01-DEL03-PE"
478560;2022-10-04;"terça-feira";"09:00:00";"ES";101;225,3;"IBIRACU";"Carga excessiva e/ou mal acondicionada";"Tombamento";"Com Vítimas Feridas";"Pleno dia";"Crescente";"Sol";"Simples";"Curva";"Não";1;0;1;0;0;0;1;1;-19,89290688;-40,41230369;"SPRF-ES";"DEL02-ES";"UOP01-DEL02-ES"
478564;2022-10-04;"terça-feira";"08:00:00";"MG";381;686,1;"LAVRAS";"Reação tardia ou ineficiente do condutor";"Colisão traseira";"Com Vítimas Feridas";"Pleno dia";"Decrescente";"Céu Claro";"Dupla";"Reta";"Não";5;0;3;0;1;2;3;4;-21,20030689;-45,11944438;"SPRF-MG";"DEL04-MG";"UOP02-DEL04-MG"
478565;2022-10-04;"terça-feira";"08:45:00";"SC";101;358;"SANGAO";"Condutor deixou de manter distância do veículo da frente";"Colisão traseira";"Com Vítimas Feridas";"Pleno dia";"Decrescente";"Nublado";"Dupla";"Reta";"Não";3;0;1;0;2;0;1;2;-28,642765;-49,100403;"SPRF-SC";"DEL02-SC";"UOP01-DEL02-SC"
478566;2022-10-04;"terça-feira";"08:35:00";"MG";251;492,2;"FRANCISCO SA";"Velocidade Incompatível";"Colisão frontal";"Com Vítimas Feridas";"Pleno dia";"Crescente";"Chuva";"Simples";"Reta";"Não";4;0;1;0;2;3;1;5;-16,54433804;-43,59543496;"SPRF-MG";"DEL12-MG";"UOP01-DEL12-MG"
478572;2022-09-14;"quarta-feira";"08:37:00";"PE";101;84,7;"JABOATAO DOS GUARARAPES";"Ausência de reação do condutor";"Colisão traseira";"Com Vítimas Feridas";"Pleno dia";"Decrescente";"Céu Claro";"Dupla";"Reta;Ponte";"Não";8;0;1;0;7;0;1;7;-8,17778559;-34,95087297;"SPRF-PE";"DEL01-PE";"UOP01-DEL01-PE"
478575;2022-10-04;"terça-feira";"10:13:00";"MG";381;500;"BETIM";"Ausência de reação do condutor";"Engavetamento";"Sem Vítimas";"Pleno dia";"Crescente";"Céu Claro";"Dupla";"Reta";"Não";5;0;0;0;5;0;0;5;-20,02513493;-44,23112709;"SPRF-MG";"DEL01-MG";"UOP03-DEL01-MG"
478583;2022-10-04;"terça-feira";"12:30:00";"ES";101;289;"CARIACICA";"Frear bruscamente";"Engavetamento";"Com Vítimas Feridas";"Pleno dia";"Decrescente";"Nublado";"Dupla";"Reta";"Sim";4;0;1;0;3;0;1;4;-20,28029304;-40,39302931;"SPRF-ES";"DEL01-ES";"UOP01-DEL01-ES"
478584;2022-10-04;"terça-feira";"12:20:00";"CE";222;17,2;"CAUCAIA";"Ultrapassagem Indevida";"Colisão frontal";"Com Vítimas Feridas";"Pleno dia";"Crescente";"Sol";"Simples";"Reta";"Não";2;0;1;0;1;0;1;2;-3,751192;-38,715302;"SPRF-CE";"DEL01-CE";"UOP01-DEL01-CE"
478585;2022-10-04;"terça-feira";"11:37:00";"MS";163;249,2;"DOURADOS";"Reação tardia ou ineficiente do condutor";"Saída de leito carroçável";"Com Vítimas Feridas";"Pleno dia";"Decrescente";"Céu Claro";"Simples";"Reta";"Não";1;0;1;0;0;0;1;1;-22,31490301;-54,8198581;"SPRF-MS";"DEL04-MS";"UOP02-DEL04-MS"
478590;2022-10-04;"terça-feira";"14:00:00";"CE";222;0,1;"FORTALEZA";"Trafegar com motocicleta (ou similar) entre as faixas";"Tombamento";"Com Vítimas Fatais";"Pleno dia";"Crescente";"Céu Claro";"Simples";"Reta";"Sim";2;1;0;0;1;0;0;2;-3,7367737;-38,56923;"SPRF-CE";"DEL01-CE";"UOP01-DEL01-CE"
478593;2022-10-04;"terça-feira";"13:30:00";"MG";365;635;"UBERLANDIA";"Ausência de reação do condutor";"Colisão com objeto";"Com Vítimas Feridas";"Pleno dia";"Decrescente";"Sol";"Dupla";"Reta";"Não";2;0;1;0;0;2;1;3;-18,89262095;-48,41859299;"SPRF-MG";"DEL15-MG";"UOP01-DEL15-MG"
478601;2022-10-04;"terça-feira";"14:20:00";"MG";116;313;"ITAMBACURI";"Demais falhas mecânicas ou elétricas";"Tombamento";"Com Vítimas Feridas";"Pleno dia";"Decrescente";"Céu Claro";"Simples";"Reta";"Não";2;0;2;0;0;0;2;1;-18,08475408;-41,68643781;"SPRF-MG";"DEL11-MG";"UOP01-DEL11-MG"