"id";"data_inversa";"dia_semana";"horario";"uf";"br";"km";"municipio";"causa_acidente";"tipo_acidente";"classificacao_acidente";"fase_dia";"sentido_via";"condicao_metereologica";"tipo_pista";"tracado_via";"uso_solo";"pessoas";"mortos";"feridos_leves";"feridos_graves";"ilesos";"ignorados";"feridos";"veiculos";"latitude";"longitude";"regional";"delegacia";"uop"
478852;2022-10-05;"quarta-feira";"18:50:00";"PR";376;335;"ORTIGUEIRA";"Ultrapassagem Indevida";"Colisão frontal";"Com Vítimas Feridas";"Plena Noite";"Crescente";"Chuva";"Simples";"Aclive;Curva";"Não";9;0;2;4;2;1;6;5;-24,14308978;-50,99542503;"SPRF-PR";"DEL07-PR";"UOP02-DEL07-PR"
478857;2022-10-06;"quinta-feira";"01:10:00";"RJ";116;218;"PARACAMBI";"Ausência de reação do condutor";"Tombamento";"Sem Vítimas";"Plena Noite";"Decrescente";"Nevoeiro/Neblina";"Dupla";"Curva";"Não";2;0;0;0;1;1;0;2;-22,700907;-43,757046;"SPRF-RJ";"DEL01-RJ";"UOP03-DEL01-RJ"
478859;2022-10-06;"quinta-feira";"03:30:00";"SP";116;111,5;"TAUBATE";"Condutor deixou de manter distância do veículo da frente";"Colisão traseira";"Com Vítimas Feridas";"Plena Noite";"Decrescente";"Nublado";"Dupla";"Reta";"Sim";2;0;1;0;1;0;1;2;-23,03887149;-45,56097419;"SPRF-SP";"DEL02-SP";"UOP02-DEL02-SP"
478860;2022-10-06;"quinta-feira";"03:33:00";"RJ";101;484;"ANGRA DOS REIS";"Ingestão de álcool pelo condutor";"Colisão frontal";"Com Vítimas Fatais";"Plena Noite";"Crescente";"Céu Claro";"Simples";"Curva";"Sim";2;1;0;0;1;0;0;2;-22,99096308;-44,30429882;"SPRF-RJ";"DEL03-RJ";"UOP03-DEL03-RJ"
478861;2022-10-06;"quinta-feira";"01:30:00";"MG";267;138,4;"JUIZ DE FORA";"Ausência de reação do condutor";"Saída de leito carroçável";"Com Vítimas Feridas";"Plena Noite";"Crescente";"Nublado";"Simples";"Reta";"Não";3;0;2;0;0;1;2;2;-21,79071223;-43,67401443;"SPRF-MG";"DEL05-MG";"UOP01-DEL05-MG"
478865;2022-10-06;"quinta-feira";"06:00:00";"SC";282;501,3;"XANXERE";"Acessar a via sem observar a presença dos outros veículos";"Colisão transversal";"Com Vítimas Feridas";"Amanhecer";"Decrescente";"Chuva";"Dupla";"Rotatória";"Sim";2;0;1;0;1;0;1;2;-26,882715;-52,381729;"SPRF-SC";"DEL07-SC";"UOP01-DEL07-SC"
478871;2022-10-06;"quinta-feira";"06:30:00";"MG";50;92;"UBERLANDIA";"Condutor deixou de manter distância do veículo da frente";"Colisão traseira";"Com Vítimas Feridas";"Amanhecer";"Decrescente";"Céu Claro";"Dupla";"Reta";"Não";3;0;1;0;1;2;1;4;-19,06618803;-48,19153611;"SPRF-MG";"DEL15-MG";"UOP01-DEL15-MG"
478873;2022-10-06;"quinta-feira";"02:50:00";"SC";153;49;"VARGEM BONITA";"Pista Escorregadia";"Colisão frontal";"Com Vítimas Feridas";"Plena Noite";"Decrescente";"Chuva";"Simples";"Reta;Declive";"Não";3;0;0;1;1;3;1;5;-26,908381;-51,783154;"SPRF-SC";"DEL07-SC";"UOP05-DEL07-SC"
478882;2022-10-06;"quinta-feira";"07:43:00";"PR";369;36;"ANDIRA";"Conversão proibida";"Colisão transversal";"Com Vítimas Feridas";"Pleno dia";"Decrescente";"Nublado";"Simples";"Reta";"Sim";2;0;0;1;1;0;1;2;-23,04149302;-50,22802502;"SPRF-PR";"DEL07-PR";"UOP01-DEL07-PR"
478883;2022-10-06;"quinta-feira";"08:20:00";"SC";101;211;"SAO JOSE";"Chuva";"Colisão traseira";"Sem Vítimas";"Pleno dia";"Decrescente";"Chuva";"Dupla";"Reta";"Sim";2;0;0;0;2;0;0;2;-27,62329313;-48,65245588;"SPRF-SC";"DEL01-SC";"UOP02-DEL01-SC"
478891;2022-10-06;"quinta-feira";"07:00:00";"PE";232;362,9;"FLORES";"Ultrapassagem Indevida";"Colisão lateral sentido oposto";"Com Vítimas Feridas";"Pleno dia";"Crescente";"Céu Claro";"Simples";"Aclive";"Não";4;0;2;0;1;3;2;5;-8,04421701;-37,894719;"SPRF-PE";"DEL04-PE";"UOP01-DEL04-PE"
478895;2022-10-06;"quinta-feira";"09:30:00";"SP";153;293,8;"CAMPOS NOVOS PAULISTA";"Ausência de reação do condutor";"Colisão traseira";"Com Vítimas Fatais";"Pleno dia";"Decrescente";"Céu Claro";"Simples";"Reta";"Não";2;1;0;0;1;0;0;2;-22,5304357;-49,88949537;"SPRF-SP";"DEL07-SP";"UOP02-DEL07-SP"
478896;2022-10-06;"quinta-feira";"06:00:00";"RO";174;16;"VILHENA";"Ingestão de álcool pelo condutor";"Colisão traseira";"Sem Vítimas";"Amanhecer";"Crescente";"Céu Claro";"Simples";"Reta";"Sim";4;0;0;0;2;3;0;5;-12,74370233;-60,12147609;"SPRF-RO";"DEL04-RO";"UOP01-DEL04-RO"
478897;2022-08-16;"terça-feira";"15:05:00";"RS";290;371,3;"VILA NOVA DO SUL";"Acessar a via sem observar a presença dos outros veículos";"Colisão transversal";"Com Vítimas Feridas";"Pleno dia";"Decrescente";"Céu Claro";"Simples";"Reta";"Sim";4;0;1;1;1;1;2;3;-30,339428;-53,869404;"SPRF-RS";"DEL09-RS";"UOP02-DEL09-RS"
478901;2022-05-19;"quinta-feira";"10:50:00";"RS";470;178;"VERANOPOLIS";"Semáforo com defeito";"Colisão transversal";"Com Vítimas Feridas";"Pleno dia";"Decrescente";"Garoa/Chuvisco";"Simples";"Interseção de Vias";"Sim";2;0;1;0;1;0;1;2;-28,94753484;-51,55413312;"SPRF-RS";"DEL06-RS";"UOP02-DEL06-RS"
478904;2022-02-12;"sábado";"01:00:00";"RJ";101;46;"CAMPOS DOS GOYTACAZES";"Iluminação deficiente";"Colisão traseira";"Com Vítimas Fatais";"Plena Noite";"Decrescente";"Céu Claro";"Simples";"Reta";"Sim";2;1;0;0;1;0;0;2;-21,59839998;-41,3168335;"SPRF-RJ";"DEL08-RJ";"UOP01-DEL08-RJ"
478906;2022-10-06;"quinta-feira";"08:45:00";"RS";153;10,4;"SEVERIANO DE ALMEIDA";"Demais falhas mecânicas ou elétricas";"Tombamento";"Com Vítimas Feridas";"Pleno dia";"Decrescente";"Chuva";"Simples";"Declive;Curva";"Não";2;0;1;0;0;1;1;2;-27,43198;-52,04055595;"SPRF-RS";"DEL08-RS";"UOP04-DEL08-RS"
478911;2022-10-06;"quinta-feira";"10:20:00";"BA";116;742,6;"POCOES";"Reação tardia ou ineficiente do condutor";"Colisão traseira";"Sem Vítimas";"Pleno dia";"Crescente";"Céu Claro";"Simples";"Reta;Aclive";"Não";2;0;0;0;2;0;0;2;-14,37019003;-40,34587988;"SPRF-BA";"DEL08-BA";"UOP02-DEL08-BA"
478913;2022-05-17;"terça-feira";"15:10:00";"GO";158;152;"CAIAPONIA";"Transitar na contramão";"Colisão traseira";"Com Vítimas Feridas";"Pleno dia";"Crescente";"Céu Claro";"Simples";"Declive;Reta";"Não";5;0;1;0;2;3;1;6;-16,93165526;-51,80463979;"SPRF-GO";"DEL04-GO";"UOP01-DEL04-GO"
478918;2022-10-06;"quinta-feira";"14:30:00";"MG";354;732,4;"POUSO ALTO";"Problema com o freio";"Tombamento";"Com Vítimas Feridas";"Pleno dia";"Crescente";"Céu Claro";"Simples";"Curva";"Não";1;0;1;0;0;0;1;1;-22,17502858;-44,97005105;"SPRF-MG";"DEL17-MG";"UOP01-DEL17-MG"
478921;2022-10-06;"quinta-feira";"10:15:00";"GO";364;83;"CACHOEIRA ALTA";"Reação tardia ou ineficiente do condutor";"Colisão lateral mesmo sentido";"Sem Vítimas";"Pleno dia";"Crescente";"Céu Claro";"Simples";"Reta";"Não";4;0;0;0;3;2;0;4;-18,558655;-51,048683;"SPRF-GO";"DEL05-GO";"UOP02-DEL05-GO"
478933;2022-10-06;"quinta-feira";"13:10:00";"MT";163;716;"SORRISO";"Ultrapassagem Indevida";"Colisão traseira";"Com Vítimas Feridas";"Pleno dia";"Decrescente";"Céu Claro";"Simples";"Curva";"Não";5;0;0;1;3;2;1;5;-12,839664;-55,824534;"SPRF-MT";"DEL06-MT";"UOP01-DEL06-MT"
478940;2022-04-13;"quarta-feira";"23:30:00";"SC";280;188,9;"MAFRA";"Condutor Dormindo";"Colisão com objeto";"Com Vítimas Fatais";"Plena Noite";"Decrescente";"Garoa/Chuvisco";"Simples";"Declive;Curva";"Não";2;1;0;0;0;1;0;2;-26,174618;-49,967928;"SPRF-SC";"DEL06-SC";"UOP01-DEL06-SC"
478943;2022-10-06;"quinta-feira";"12:17:00";"RS";290;50;"GLORINHA";"Ausência de reação do condutor";"Colisão com objeto";"Com Vítimas Fatais";"Pleno dia";"Decrescente";"Chuva";"Dupla";"Curva";"Não";4;2;0;1;1;0;1;2;-29,906633;-50,757706;"SPRF-RS";"DEL03-RS";"UOP01-DEL03-RS"
478948;2022-10-06;"quinta-feira";"16:55:00";"SP";116;175,7;"GUARAREMA";"Reação tardia ou ineficiente do condutor";"Colisão traseira";"Com Vítimas Feridas";"Pleno dia";"Decrescente";"Nublado";"Dupla";"Aclive;Reta";"Não";2;0;1;0;1;0;1;2;-23,32173972;-46,100353;"SPRF-SP";"DEL01-SP";"UOP01-DEL01-SP"
478955;2022-10-06;"quinta-feira";"13:45:00";"GO";153;169;"CAMPINORTE";"Condutor deixou de manter distância do veículo da frente";"Colisão traseira";"Com Vítimas Feridas";"Pleno dia";"Crescente";"Céu Claro";"Simples";"Reta";"Não";4;0;2;0;1;1;2;3;-14,344052;-49,156754;"SPRF-GO";"DEL07-GO";"UOP02-DEL07-GO"
478959;2022-10-06;"quinta-feira";"16:50:00";"PR";376;651;"TIJUCAS DO SUL";"Ausência de reação do condutor";"Colisão com objeto";"Com Vítimas Feridas";"Pleno dia";"Decrescente";"Chuva";"Dupla";"Curva";"Não";2;0;2;0;0;0;2;1;-25,845243;-49,078578;"SPRF-PR";"DEL01-PR";"UOP04-DEL01-PR"
478964;2022-10-06;"quinta-feira";"12:30:00";"RJ";101;292;"ITABORAI";"Demais falhas mecânicas ou elétricas";"Tombamento";"Com Vítimas Feridas";"Pleno dia";"Crescente";"Céu Claro";"Dupla";"Curva";"Não";1;0;0;1;0;0;1;1;-22,76038215;-42,87856408;"SPRF-RJ";"DEL02-RJ";"UOP02-DEL02-RJ"
478966;2022-10-06;"quinta-feira";"04:50:00";"BA";242;323;"ANDARAI";"Velocidade Incompatível";"Capotamento";"Com Vítimas Feridas";"Pleno dia";"Decrescente";"Céu Claro";"Simples";"Curva";"Não";1;0;1;0;0;0;1;1;-12,46733959;-41,08997199;"SPRF-BA";"DEL06-BA";"UOP01-DEL06-BA"
478967;2022-10-06;"quinta-feira";"16:20:00";"PE";101;64,1;"RECIFE";"Trafegar com motocicleta (ou similar) entre as faixas";"Colisão lateral mesmo sentido";"Com Vítimas Feridas";"Anoitecer";"Decrescente";"Céu Claro";"Dupla";"Reta";"Sim";3;0;0;1;1;1;1;3;-8,01884;-34,942095;"SPRF-PE";"DEL01-PE";"UOP01-DEL01-PE"
478970;2022-10-06;"quinta-feira";"16:50:00";"PR";116;111;"CURITIBA";"Frear bruscamente";"Saída de leito carroçável";"Sem Vítimas";"Pleno dia";"Crescente";"Garoa/Chuvisco";"Dupla";"Reta";"Sim";1;0;0;0;1;0;0;1;-25,56885181;-49,22724597;"SPRF-PR";"DEL01-PR";"UOP06-DEL01-PR"
478972;2022-10-06;"quinta-feira";"07:09:00";"SC";470;191;"POUSO REDONDO";"Velocidade Incompatível";"Tombamento";"Com Vítimas Feridas";"Pleno dia";"Decrescente";"Garoa/Chuvisco";"Simples";"Curva";"Não";2;0;1;0;0;1;1;2;-27,28352512;-50,07101655;"SPRF-SC";"DEL04-SC";"UOP02-DEL04-SC"
478973;2022-10-06;"quinta-feira";"13:00:00";"SC";282;470;"VARGEAO";"Acessar a via sem observar a presença dos outros veículos";"Saída de leito carroçável";"Com Vítimas Feridas";"Pleno dia";"Crescente";"Nublado";"Simples";"Reta";"Sim";3;0;1;0;1;1;1;3;-26,862293;-52,12109;"SPRF-SC";"DEL07-SC";"UOP01-DEL07-SC"
478977;2022-09-28;"quarta-feira";"20:10:00";"MS";163;76;"ITAQUIRAI";"Acessar a via sem observar a presença dos outros veículos";"Colisão frontal";"Com Vítimas Feridas";"Plena Noite";"Decrescente";"Nublado";"Simples";"Reta";"Sim";4;0;2;0;1;1;2;3;-23,49206599;-54,18537803;"SPRF-MS";"DEL09-MS";"UOP01-DEL09-MS"
478986;2022-10-06;"quinta-feira";"09:10:00";"RS";471;182,8;"RIO PARDO";"Ausência de reação do condutor";"Colisão frontal";"Com Vítimas Feridas";"Pleno dia";"Decrescente";"Chuva";"Simples";"Reta";"Não";6;0;1;0;4;1;1;5;-30,094278;-52,366913;"SPRF-RS";"DEL02-RS";"UOP03-DEL02-RS"
478989;2022-10-06;"quinta-feira";"17:30:00";"AL";101;151;"JEQUIA DA PRAIA";"Demais falhas mecânicas ou elétricas";"Saída de leito carroçável";"Sem Vítimas";"Anoitecer";"Decrescente";"Nublado";"Dupla";"Curva";"Não";2;0;0;0;1;1;0;2;-9,8900974;-36,15847202;"SPRF-AL";"DEL02-AL";"UOP02-DEL02-AL"
478991;2022-10-06;"quinta-feira";"18:50:00";"PR";373;178;"PONTA GROSSA";"Desrespeitar a preferência no cruzamento";"Colisão transversal";"Com Vítimas Feridas";"Anoitecer";"Decrescente";"Chuva";"Dupla";"Reta";"Sim";3;0;1;0;1;1;1;3;-25,0476167;-50,23579538;"SPRF-PR";"DEL03-PR";"UOP01-DEL03-PR"
478994;2022-10-06;"quinta-feira";"19:50:00";"ES";262;150;"IBATIBA";"Problema com o freio";"Colisão lateral sentido oposto";"Com Vítimas Fatais";"Plena Noite";"Crescente";"Céu Claro";"Dupla";"Reta";"Não";4;1;1;1;1;0;2;2;-20,21857136;-41,44093913;"SPRF-ES";"DEL01-ES";"UOP02-DEL01-ES"
478998;2022-10-06;"quinta-feira";"18:50:00";"MS";262;218,3;"RIBAS DO RIO PARDO";"Acumulo de água sobre o pavimento";"Colisão lateral sentido oposto";"Com Vítimas Feridas";"Plena Noite";"Decrescente";"Chuva";"Simples";"Reta";"Não";5;0;0;1;2;2;1;4;-20,47033298;-53,595788;"SPRF-MS";"DEL07-MS";"UOP02-DEL07-MS"
478999;2022-10-06;"quinta-feira";"19:25:00";"PE";232;34,8;"MORENO";"Demais falhas mecânicas ou elétricas";"Colisão com objeto";"Com Vítimas Feridas";"Plena Noite";"Crescente";"Céu Claro";"Dupla";"Reta";"Sim";3;0;1;0;2;0;1;3;-8,10702537;-35,18394691;"SPRF-PE";"DEL01-PE";"UOP01-DEL01-PE"
479009;2022-10-06;"quinta-feira";"18:00:00";"MS";163;714;"RIO VERDE DE MATO GROSSO";"Ingestão de álcool pelo condutor";"Saída de leito carroçável";"Com Vítimas Feridas";"Plena Noite";"Crescente";"Nublado";"Simples";"Reta";"Não";1;0;1;0;0;0;1;1;-18,64290896;-54,78331204;"SPRF-MS";"DEL06-MS";"UOP01-DEL06-MS"
479015;2022-10-06;"quinta-feira";"20:00:00";"BA";116;796,2;"VITORIA DA CONQUISTA";"Velocidade Incompatível";"Colisão traseira";"Com Vítimas Feridas";"Plena Noite";"Crescente";"Céu Claro";"Simples";"Reta;Declive";"Não";2;0;1;0;0;1;1;2;-14,69237819;-40,5675019;"SPRF-BA";"DEL08-BA";"UOP02-DEL08-BA"
479019;2022-10-06;"quinta-feira";"21:30:00";"PR";116;92,3;"SAO JOSE DOS PINHAIS";"Reação tardia ou ineficiente do condutor";"Colisão traseira";"Com Vítimas Feridas";"Plena Noite";"Decrescente";"Chuva";"Dupla";"Interseção de Vias";"Sim";4;0;1;0;2;2;1;5;-25,508201;-49,125467;"SPRF-PR";"DEL01-PR";"UOP01-DEL01-PR"
479025;2022-10-06;"quinta-feira";"20:15:00";"RJ";116;132,6;"MAGE";"Retorno proibido";"Engavetamento";"Com Vítimas Feridas";"Plena Noite";"Decrescente";"Nublado";"Dupla";"Reta";"Sim";4;0;0;2;1;2;2;5;-22,65703272;-43,13458092;"SPRF-RJ";"DEL04-RJ";"UOP02-DEL04-RJ"
479043;2022-10-06;"quinta-feira";"13:40:00";"CE";222;300;"TIANGUA";"Velocidade Incompatível";"Tombamento";"Com Vítimas Feridas";"Pleno dia";"Crescente";"Sol";"Simples";"Curva";"Não";2;0;1;0;0;1;1;2;-3,65653078;-40,9347551;"SPRF-CE";"DEL04-CE";"UOP02-DEL04-CE"
479044;2022-10-06;"quinta-feira";"22:40:00";"SC";470;126;"LONTRAS";"Acessar a via sem observar a presença dos outros veículos";"Colisão transversal";"Com Vítimas Feridas";"Plena Noite";"Decrescente";"Nevoeiro/Neblina";"Simples";"Reta";"Sim";3;0;1;1;1;0;2;2;-27,129;-49,538277;"SPRF-SC";"DEL04-SC";"UOP02-DEL04-SC"
479049;2022-10-06;"quinta-feira";"17:15:00";"MT";163;709;"SORRISO";"Chuva";"Colisão frontal";"Com Vítimas Feridas";"Pleno dia";"Crescente";"Chuva";"Simples";"Reta";"Não";19;0;4;3;11;3;7;6;-13,01280402;-55,89161195;"SPRF-MT";"DEL06-MT";"UOP01-DEL06-MT"
479050;2022-10-07;"sexta-feira";"01:40:00";"MG";40;608,3;"CONGONHAS";"Demais falhas mecânicas ou elétricas";"Colisão traseira";"Com Vítimas Feridas";"Plena Noite";"Decrescente";"Céu Claro";"Simples";"Reta;Aclive";"Não";4;0;0;1;1;3;1;5;-20,490822;-43,837034;"SPRF-MG";"DEL05-MG";"UOP02-DEL05-MG"
479053;2022-10-07;"sexta-feira";"01:10:00";"PR";277;419,8;"CANTAGALO";"Ingestão de álcool pelo condutor";"Colisão frontal";"Com Vítimas Feridas";"Plena Noite";"Crescente";"Garoa/Chuvisco";"Simples";"Reta";"Não";3;0;1;0;1;2;1;4;-25,38792797;-52,11331487;"SPRF-PR";"DEL04-PR";"UOP02-DEL04-PR"
479058;2022-10-07;"sexta-feira";"04:30:00";"PR";153;453,7;"UNIAO DA VITORIA";"Acessar a via sem observar a presença dos outros veículos";"Colisão transversal";"Com Vítimas Feridas";"Plena Noite";"Crescente";"Nublado";"Simples";"Curva";"Sim";3;0;0;1;1;1;1;3;-26,19909802;-51,09300792;"SPRF-PR";"DEL02-PR";"UOP03-DEL02-PR"
479061;2022-10-07;"sexta-feira";"05:30:00";"PE";101;75,6;"RECIFE";"Reação tardia ou ineficiente do condutor";"Colisão com objeto";"Com Vítimas Feridas";"Pleno dia";"Decrescente";"Céu Claro";"Dupla";"Curva";"Sim";2;0;1;0;0;1;1;2;-8,11813811;-34,94329214;"SPRF-PE";"DEL01-PE";"UOP01-DEL01-PE"
479062;2022-10-07;"sexta-feira";"05:15:00";"RS";392;92,5;"MORRO REDONDO";"Ausência de reação do condutor";"Colisão frontal";"Com Vítimas Feridas";"Plena Noite";"Crescente";"Céu Claro";"Simples";"Curva";"Não";6;0;0;3;2;2;3;5;-31,59202994;-52,53032793;"SPRF-RS";"DEL07-RS";"UOP01-DEL07-RS"
479065;2022-10-07;"sexta-feira";"05:45:00";"PE";101;64,6;"RECIFE";"Manobra de mudança de faixa";"Colisão lateral mesmo sentido";"Com Vítimas Feridas";"Pleno dia";"Crescente";"Sol";"Dupla";"Ponte";"Sim";3;0;0;1;1;1;1;3;-8,023252;-34,942875;"SPRF-PE";"DEL01-PE";"UOP01-DEL01-PE"
479070;2022-10-07;"sexta-feira";"07:00:00";"PR";369;100,5;"CORNELIO PROCOPIO";"Manobra de mudança de faixa";"Colisão lateral mesmo sentido";"Com Vítimas Feridas";"Pleno dia";"Crescente";"Céu Claro";"Dupla";"Reta";"Não";2;0;1;0;0;1;1;2;-23,24607795;-50,72490692;"SPRF-PR";"DEL07-PR";"UOP01-DEL07-PR"
479074;2022-10-07;"sexta-feira";"06:30:00";"SE";101;193;"CRISTINAPOLIS";"Acessar a via sem observar a presença dos outros veículos";"Colisão transversal";"Sem Vítimas";"Pleno dia";"Crescente";"Céu Claro";"Simples";"Curva;Declive";"Não";3;0;0;0;1;4;0;5;-11,44262788;-37,73258333;"SPRF-SE";"DEL02-SE";"UOP03-DEL02-SE"
479075;2022-10-07;"sexta-feira";"06:30:00";"MT";163;540;"DIAMANTINO";"Pista Escorregadia";"Saída de leito carroçável";"Com Vítimas Feridas";"Pleno dia";"Crescente";"Chuva";"Simples";"Declive";"Não";3;0;2;0;0;2;2;3;-14,38413105;-56,12218806;"SPRF-MT";"DEL01-MT";"UOP01-DEL01-MT"
479097;2022-10-07;"sexta-feira";"07:30:00";"RJ";116;98,3;"GUAPIMIRIM";"Ultrapassagem Indevida";"Colisão lateral sentido oposto";"Com Vítimas Feridas";"Pleno dia";"Decrescente";"Chuva";"Múltipla";"Curva";"Não";3;0;1;0;2;0;1;3;-22,48285706;-42,99723936;"SPRF-RJ";"DEL04-RJ";"UOP01-DEL04-RJ"
479098;2022-10-07;"sexta-feira";"07:45:00";"PR";376;552;"BALSA NOVA";"Velocidade Incompatível";"Saída de leito carroçável";"Sem Vítimas";"Pleno dia";"Crescente";"Céu Claro";"Simples";"Curva";"Não";2;0;0;0;1;1;0;2;-25,4434926;-49,74958599;"SPRF-PR";"DEL03-PR";"UOP03-DEL03-PR"
479100;2022-10-07;"sexta-feira";"07:30:00";"MT";158;409;"RIBEIRAO CASCALHEIRA";"Condutor Dormindo";"Colisão frontal";"Com Vítimas Fatais";"Pleno dia";"Crescente";"Céu Claro";"Simples";"Reta";"Não";5;2;1;1;0;2;2;4;-12,8469446;-51,79436096;"SPRF-MT";"DEL07-MT";"UOP02-DEL07-MT"
479106;2022-10-07;"sexta-feira";"07:20:00";"MG";116;556;"MANHUACU";"Transitar na contramão";"Colisão frontal";"Com Vítimas Feridas";"Pleno dia";"Decrescente";"Céu Claro";"Simples";"Curva;Aclive";"Não";2;0;1;0;1;0;1;2;-20,00995;-42,151594;"SPRF-MG";"DEL06-MG";"UOP02-DEL06-MG"
479118;2022-10-07;"sexta-feira";"10:21:00";"RS";386;309,8;"POUSO NOVO";"Problema com o freio";"Capotamento";"Sem Vítimas";"Pleno dia";"Crescente";"Céu Claro";"Simples";"Curva";"Não";2;0;0;0;1;1;0;2;-29,22413362;-52,17235565;"SPRF-RS";"DEL04-RS";"UOP01-DEL04-RS"
479126;2022-10-07;"sexta-feira";"11:35:00";"SE";101;149,7;"ESTANCIA";"Acessar a via sem observar a presença dos outros veículos";"Colisão transversal";"Com Vítimas Feridas";"Pleno dia";"Decrescente";"Céu Claro";"Simples";"Reta";"Sim";4;0;0;1;2;2;1;4;-11,25175386;-37,43688941;"SPRF-SE";"DEL02-SE";"UOP01-DEL02-SE"
479129;2022-10-07;"sexta-feira";"10:50:00";"RS";290;236,1;"RIO PARDO";"Ausência de reação do condutor";"Colisão lateral sentido oposto";"Sem Vítimas";"Pleno dia";"Crescente";"Céu Claro";"Simples";"Aclive";"Não";3;0;0;0;2;1;0;3;-30,217392;-52,581612;"SPRF-RS";"DEL02-RS";"UOP03-DEL02-RS"
479135;2022-10-07;"sexta-feira";"12:30:00";"PR";376;672;"GUARATUBA";"Problema com o freio";"Incêndio";"Sem Vítimas";"Pleno dia";"Crescente";"Céu Claro";"Dupla";"Reta";"Não";2;0;0;0;1;1;0;2;-25,909587;-48,920558;"SPRF-PR";"DEL01-PR";"UOP04-DEL01-PR"
479137;2022-10-07;"sexta-feira";"09:35:00";"MG";354;261,2;"AIURUOCA";"Velocidade Incompatível";"Colisão frontal";"Com Vítimas Feridas";"Pleno dia";"Decrescente";"Chuva";"Simples";"Declive";"Não";5;0;1;1;2;1;2;3;-21,93204673;-44,56754945;"SPRF-MG";"DEL10-MG";"UOP01-DEL10-MG"
479139;2022-10-07;"sexta-feira";"09:15:00";"MG";262;607,9;"CAMPOS ALTOS";"Velocidade Incompatível";"Capotamento";"Com Vítimas Feridas";"Pleno dia";"Decrescente";"Chuva";"Simples";"Reta";"Não";4;0;1;0;2;4;1;7;-19,62457601;-46,26930901;"SPRF-MG";"DEL08-MG";"UOP02-DEL08-MG"
479145;2022-10-07;"sexta-feira";"11:45:00";"MG";40;746,4;"SANTOS DUMONT";"Ausência de reação do condutor";"Colisão lateral sentido oposto";"Com Vítimas Feridas";"Pleno dia";"Crescente";"Nublado";"Simples";"Curva";"Não";9;0;5;0;3;2;5;7;-21,43028197;-43,55615283;"SPRF-MG";"DEL05-MG";"UOP01-DEL05-MG"
479146;2022-09-25;"domingo";"10:30:00";"MG";262;861;"CAMPO FLORIDO";"Conversão proibida";"Colisão traseira";"Com Vítimas Feridas";"Pleno dia";"Crescente";"Céu Claro";"Dupla";"Retorno Regulamentado";"Não";4;0;0;2;1;2;2;4;-19,77475039;-48,56798172;"SPRF-MG";"DEL13-MG";"UOP01-DEL13-MG"
479151;2022-09-21;"quarta-feira";"21:50:00";"SP";381;41;"ATIBAIA";"Pista Escorregadia";"Tombamento";"Com Vítimas Feridas";"Plena Noite";"Decrescente";"Chuva";"Dupla";"Reta";"Sim";2;0;1;0;0;1;1;2;-23,13863999;-46,57584088;"SPRF-SP";"DEL03-SP";"UOP01-DEL03-SP"
479156;2022-10-07;"sexta-feira";"13:30:00";"SP";153;63,9;"SAO JOSE DO RIO PRETO";"Manobra de mudança de faixa";"Colisão lateral mesmo sentido";"Com Vítimas Feridas";"Pleno dia";"Decrescente";"Nublado";"Dupla";"Curva";"Sim";2;0;1;0;0;1;1;2;-20,82149698;-49,35764818;"SPRF-SP";"DEL09-SP";"UOP01-DEL09-SP"
479162;2022-10-03;"segunda-feira";"13:30:00";"MG";262;177;"SAO DOMINGOS DO PRATA";"Demais falhas mecânicas ou elétricas";"Incêndio";"Sem Vítimas";"Pleno dia";"Decrescente";"Céu Claro";"Simples";"Curva";"Não";2;0;0;0;1;1;0;2;-19,92841856;-42,9728859;"SPRF-MG";"DEL03-MG";"UOP01-DEL03-MG"
479163;2022-10-07;"sexta-feira";"13:57:00";"DF";20;9,8;"BRASILIA";"Ultrapassagem Indevida";"Colisão lateral mesmo sentido";"Sem Vítimas";"Pleno dia";"Crescente";"Nublado";"Dupla";"Reta;Em Obras";"Sim";3;0;0;0;2;1;0;3;-15,654671;-47,782917;"SPRF-DF";"DEL02-DF";"UOP01-DEL02-DF"
479166;2022-10-07;"sexta-feira";"15:00:00";"RJ";116;303;"RESENDE";"Velocidade Incompatível";"Engavetamento";"Com Vítimas Feridas";"Pleno dia";"Crescente";"Sol";"Dupla";"Reta";"Não";3;0;1;0;2;0;1;3;-22,45434989;-44,37845201;"SPRF-RJ";"DEL07-RJ";"UOP02-DEL07-RJ"
479168;2022-09-26;"segunda-feira";"02:20:00";"SC";282;524,2;"XAXIM";"Transitar na contramão";"Colisão frontal";"Com Vítimas Fatais";"Plena Noite";"Decrescente";"Nublado";"Simples";"Curva";"Não";4;1;0;1;1;1;1;3;-26,963935;-52,55865;"SPRF-SC";"DEL07-SC";"UOP01-DEL07-SC"
479173;2022-10-07;"sexta-feira";"12:45:00";"MG";153;57,1;"MONTE ALEGRE DE MINAS";"Demais falhas mecânicas ou elétricas";"Saída de leito carroçável";"Com Vítimas Feridas";"Pleno dia";"Decrescente";"Nublado";"Simples";"Rotatória;Curva;Declive;Interseção de Vias";"Não";2;0;1;0;0;1;1;2;-18,87909071;-49,0564388;"SPRF-MG";"DEL15-MG";"UOP03-DEL15-MG"
479174;2022-10-07;"sexta-feira";"15:00:00";"ES";101;350;"GUARAPARI";"Condutor deixou de manter distância do veículo da frente";"Colisão traseira";"Com Vítimas Feridas";"Pleno dia";"Crescente";"Nublado";"Simples";"Reta";"Não";4;0;1;0;2;3;1;6;-20,65985684;-40,64894709;"SPRF-ES";"DEL03-ES";"UOP01-DEL03-ES"