"id";"data_inversa";"dia_semana";"horario";"uf";"br";"km";"municipio";"causa_acidente";"tipo_acidente";"classificacao_acidente";"fase_dia";"sentido_via";"condicao_metereologica";"tipo_pista";"tracado_via";"uso_solo";"pessoas";"mortos";"feridos_leves";"feridos_graves";"ilesos";"ignorados";"feridos";"veiculos";"latitude";"longitude";"regional";"delegacia";"uop"
479182;2022-10-07;"sexta-feira";"15:30:00";"SC";101;148,8;"ITAPEMA";"Mal súbito do condutor";"Colisão transversal";"Com Vítimas Fatais";"Pleno dia";"Crescente";"Céu Claro";"Múltipla";"Interseção de Vias;Reta";"Sim";2;1;0;0;1;0;0;2;-27,106556;-48,614972;"SPRF-SC";"DEL04-SC";"UOP03-DEL04-SC"
479190;2022-10-07;"sexta-feira";"16:10:00";"RS";392;639,7;"GUARANI DAS MISSOES";"Ultrapassagem Indevida";"Colisão traseira";"Com Vítimas Feridas";"Pleno dia";"Decrescente";"Sol";"Simples";"Reta;Aclive";"Não";3;0;1;0;1;2;1;4;-28,14784509;-54,52734697;"SPRF-RS";"DEL10-RS";"UOP01-DEL10-RS"
479192;2022-07-26;"terça-feira";"19:10:00";"RS";470;228;"GARIBALDI";"Acessar a via sem observar a presença dos outros veículos";"Colisão transversal";"Com Vítimas Feridas";"Plena Noite";"Decrescente";"Céu Claro";"Dupla";"Interseção de Vias";"Não";6;0;4;1;1;0;5;2;-29,21759706;-51,51703722;"SPRF-RS";"DEL06-RS";"UOP01-DEL06-RS"
479193;2022-10-07;"sexta-feira";"15:16:00";"PE";232;10;"JABOATAO DOS GUARARAPES";"Manobra de mudança de faixa";"Colisão traseira";"Com Vítimas Feridas";"Pleno dia";"Crescente";"Céu Claro";"Dupla";"Em Obras";"Sim";2;0;0;1;1;0;1;2;-8,07917241;-34,98718609;"SPRF-PE";"DEL01-PE";"UOP01-DEL01-PE"
479210;2022-10-07;"sexta-feira";"18:15:00";"RN";101;102,1;"PARNAMIRIM";"Acessar a via sem observar a presença dos outros veículos";"Colisão traseira";"Sem Vítimas";"Plena Noite";"Crescente";"Céu Claro";"Múltipla";"Interseção de Vias";"Sim";2;0;0;0;2;0;0;2;-5,88867;-35,24282;"SPRF-RN";"DEL01-RN";"UOP01-DEL01-RN"
479212;2022-10-07;"sexta-feira";"17:00:00";"SC";116;179,9;"SAO CRISTOVAO DO SUL";"Acessar a via sem observar a presença dos outros veículos";"Colisão transversal";"Com Vítimas Feridas";"Pleno dia";"Crescente";"Céu Claro";"Simples";"Reta";"Sim";3;0;1;0;1;1;1;3;-27,26584537;-50,44222355;"SPRF-SC";"DEL05-SC";"UOP03-DEL05-SC"
479215;2022-10-07;"sexta-feira";"18:20:00";"SP";116;116;"TAUBATE";"Reação tardia ou ineficiente do condutor";"Colisão traseira";"Com Vítimas Feridas";"Anoitecer";"Decrescente";"Nublado";"Dupla";"Reta";"Não";2;0;0;1;0;1;1;2;-23,05376319;-45,6088049;"SPRF-SP";"DEL02-SP";"UOP02-DEL02-SP"
479216;2022-10-07;"sexta-feira";"16:40:00";"RR";401;10;"CANTA";"Reação tardia ou ineficiente do condutor";"Colisão com objeto";"Com Vítimas Feridas";"Pleno dia";"Crescente";"Céu Claro";"Dupla";"Interseção de Vias";"Sim";2;0;1;0;1;0;1;1;2,811818;-60,609478;"SPRF-RR";"DEL01-RR";"UOP01-DEL01-RR"
479237;2022-10-07;"sexta-feira";"19:00:00";"PE";101;45;"IGARASSU";"Manobra de mudança de faixa";"Colisão lateral mesmo sentido";"Com Vítimas Feridas";"Plena Noite";"Crescente";"Céu Claro";"Múltipla";"Reta";"Não";3;0;0;1;1;1;1;3;-7,86521297;-34,90715176;"SPRF-PE";"DEL01-PE";"UOP02-DEL01-PE"
479242;2022-10-07;"sexta-feira";"20:07:00";"SC";116;70,4;"MONTE CASTELO";"Ultrapassagem Indevida";"Colisão com objeto";"Com Vítimas Feridas";"Plena Noite";"Crescente";"Nublado";"Simples";"Reta";"Não";2;0;0;1;1;0;1;2;-26,47804399;-50,23238915;"SPRF-SC";"DEL06-SC";"UOP02-DEL06-SC"
479249;2022-10-07;"sexta-feira";"16:40:00";"PE";101;45;"IGARASSU";"Condutor deixou de manter distância do veículo da frente";"Colisão lateral mesmo sentido";"Sem Vítimas";"Anoitecer";"Decrescente";"Vento";"Múltipla";"Reta";"Sim";4;0;0;0;1;3;0;4;-7,86521297;-34,90715176;"SPRF-PE";"DEL01-PE";"UOP02-DEL01-PE"
479251;2022-05-05;"quinta-feira";"06:00:00";"MG";153;139;"PRATA";"Transitar na contramão";"Colisão lateral sentido oposto";"Com Vítimas Feridas";"Amanhecer";"Crescente";"Céu Claro";"Simples";"Reta";"Não";6;0;1;2;2;3;3;6;-19,55619902;-48,82682012;"SPRF-MG";"DEL15-MG";"UOP03-DEL15-MG"
479252;2022-10-07;"sexta-feira";"20:10:00";"PI";316;234;"INHUMA";"Transitar na contramão";"Colisão frontal";"Com Vítimas Fatais";"Plena Noite";"Crescente";"Céu Claro";"Simples";"Reta";"Não";2;2;0;0;0;0;0;2;-6,59809701;-41,72425115;"SPRF-PI";"DEL04-PI";"UOP02-DEL04-PI"
479265;2022-10-07;"sexta-feira";"20:30:00";"MG";40;473,4;"SETE LAGOAS";"Chuva";"Colisão com objeto";"Com Vítimas Feridas";"Plena Noite";"Decrescente";"Chuva";"Dupla";"Reta";"Sim";1;0;1;0;0;0;1;1;-19,496351;-44,27992;"SPRF-MG";"DEL02-MG";"UOP01-DEL02-MG"
479267;2022-10-07;"sexta-feira";"20:00:00";"SP";116;324,6;"JUQUITIBA";"Reação tardia ou ineficiente do condutor";"Colisão lateral mesmo sentido";"Com Vítimas Feridas";"Plena Noite";"Decrescente";"Céu Claro";"Dupla";"Reta";"Sim";2;0;1;0;0;1;1;2;-23,94029914;-47,04398301;"SPRF-SP";"DEL04-SP";"UOP01-DEL04-SP"
479273;2022-10-07;"sexta-feira";"19:50:00";"PA";163;986;"SANTAREM";"Ingestão de álcool pelo condutor";"Colisão traseira";"Com Vítimas Feridas";"Plena Noite";"Crescente";"Céu Claro";"Simples";"Reta";"Sim";2;0;1;0;1;0;1;2;-2,59271401;-54,71976013;"SPRF-PA";"DEL05-PA";"UOP01-DEL05-PA"
479280;2022-10-07;"sexta-feira";"19:00:00";"PB";230;464,6;"SOUSA";"Acessar a via sem observar a presença dos outros veículos";"Colisão transversal";"Com Vítimas Feridas";"Plena Noite";"Crescente";"Céu Claro";"Simples";"Reta";"Sim";2;0;0;1;1;0;1;2;-6,7786;-38,2341;"SPRF-PB";"DEL03-PB";"UOP03-DEL03-PB"
479281;2022-10-07;"sexta-feira";"19:30:00";"MG";40;588;"ITABIRITO";"Velocidade Incompatível";"Tombamento";"Com Vítimas Feridas";"Plena Noite";"Crescente";"Garoa/Chuvisco";"Simples";"Curva";"Não";3;0;0;2;0;1;2;2;-20,35647;-43,909441;"SPRF-MG";"DEL01-MG";"UOP02-DEL01-MG"
479292;2022-10-07;"sexta-feira";"22:20:00";"PR";116;48,8;"CAMPINA GRANDE DO SUL";"Reação tardia ou ineficiente do condutor";"Colisão traseira";"Com Vítimas Feridas";"Plena Noite";"Crescente";"Ignorado";"Dupla";"Reta";"Não";6;0;1;0;4;1;1;3;-25,21708693;-48,90395114;"SPRF-PR";"DEL01-PR";"UOP02-DEL01-PR"
479299;2022-10-07;"sexta-feira";"22:15:00";"GO";60;136;"GOIANIA";"Condutor deixou de manter distância do veículo da frente";"Engavetamento";"Com Vítimas Feridas";"Plena Noite";"Crescente";"Chuva";"Dupla";"Reta";"Sim";3;0;2;0;1;0;2;3;-16,5959;-49,1965;"SPRF-GO";"DEL01-GO";"UOP01-DEL01-GO"
479300;2022-10-07;"sexta-feira";"15:00:00";"PA";163;775;"RUROPOLIS";"Problema na suspensão";"Eventos atípicos";"Com Vítimas Feridas";"Pleno dia";"Crescente";"Céu Claro";"Simples";"Curva";"Não";2;0;1;0;0;3;1;4;-4,118445;-54,993918;"SPRF-PA";"DEL05-PA";"UOP01-DEL05-PA"
479308;2022-10-08;"sábado";"00:00:00";"RS";392;1,5;"RIO GRANDE";"Ingestão de álcool pelo condutor";"Colisão frontal";"Com Vítimas Feridas";"Plena Noite";"Decrescente";"Céu Claro";"Simples";"Curva";"Sim";3;0;1;0;1;1;1;3;-32,04488513;-52,0855305;"SPRF-RS";"DEL07-RS";"UOP02-DEL07-RS"
479309;2022-10-08;"sábado";"01:10:00";"GO";60;68;"ABADIANIA";"Condutor Dormindo";"Colisão traseira";"Com Vítimas Feridas";"Plena Noite";"Decrescente";"Ignorado";"Dupla";"Aclive;Reta";"Não";3;0;1;0;1;2;1;4;-16,2295;-48,7547;"SPRF-GO";"DEL02-GO";"UOP01-DEL02-GO"
479311;2022-10-08;"sábado";"00:40:00";"SP";116;311;"SAO LOURENCO DA SERRA";"Condutor deixou de manter distância do veículo da frente";"Colisão traseira";"Com Vítimas Feridas";"Plena Noite";"Crescente";"Nublado";"Dupla";"Curva";"Não";6;0;2;0;2;2;2;3;-23,87725502;-46,96775798;"SPRF-SP";"DEL04-SP";"UOP01-DEL04-SP"
479313;2022-10-08;"sábado";"00:30:00";"MT";364;399,8;"CUIABA";"Transitar na contramão";"Colisão frontal";"Com Vítimas Fatais";"Plena Noite";"Crescente";"Céu Claro";"Dupla";"Aclive;Viaduto";"Sim";2;1;0;0;1;0;0;2;-15,65786263;-55,98079942;"SPRF-MT";"DEL01-MT";"UOP02-DEL01-MT"
479316;2022-10-07;"sexta-feira";"22:00:00";"MG";116;498,1;"INHAPIM";"Ingestão de álcool pelo condutor";"Colisão frontal";"Com Vítimas Feridas";"Plena Noite";"Crescente";"Nublado";"Simples";"Reta";"Não";2;0;0;1;1;0;1;2;-19,54476495;-42,12568405;"SPRF-MG";"DEL06-MG";"UOP02-DEL06-MG"
479318;2022-10-07;"sexta-feira";"23:40:00";"GO";153;573;"PROFESSOR JAMIL";"Condutor Dormindo";"Tombamento";"Sem Vítimas";"Plena Noite";"Crescente";"Céu Claro";"Dupla";"Reta";"Não";2;0;0;0;1;3;0;4;-17,3299;-49,2395;"SPRF-GO";"DEL03-GO";"UOP01-DEL03-GO"
479323;2022-10-07;"sexta-feira";"22:40:00";"MG";116;54;"MEDINA";"Entrada inopinada do pedestre";"Atropelamento de Pedestre";"Com Vítimas Feridas";"Plena Noite";"Crescente";"Céu Claro";"Simples";"Reta";"Não";3;0;1;0;1;1;1;3;-16,09056095;-41,44909448;"SPRF-MG";"DEL11-MG";"UOP02-DEL11-MG"
479325;2022-10-08;"sábado";"04:20:00";"MG";40;602,1;"CONGONHAS";"Conversão proibida";"Colisão transversal";"Sem Vítimas";"Plena Noite";"Crescente";"Nublado";"Simples";"Aclive";"Sim";3;0;0;0;2;1;0;3;-20,43679609;-43,84638106;"SPRF-MG";"DEL05-MG";"UOP02-DEL05-MG"
479328;2022-10-08;"sábado";"03:10:00";"RS";158;232,3;"CRUZ ALTA";"Condutor Dormindo";"Colisão frontal";"Com Vítimas Feridas";"Pleno dia";"Crescente";"Céu Claro";"Simples";"Reta";"Não";3;0;1;0;2;0;1;2;-28,96472032;-53,64519954;"SPRF-RS";"DEL10-RS";"UOP02-DEL10-RS"
479329;2022-10-08;"sábado";"02:35:00";"SC";116;218,9;"CORREIA PINTO";"Reação tardia ou ineficiente do condutor";"Colisão lateral sentido oposto";"Com Vítimas Fatais";"Plena Noite";"Decrescente";"Céu Claro";"Simples";"Declive";"Não";5;2;0;0;2;4;0;7;-27,5778318;-50,3698725;"SPRF-SC";"DEL05-SC";"UOP03-DEL05-SC"
479330;2022-10-08;"sábado";"01:00:00";"MG";251;452;"FRANCISCO SA";"Condutor Dormindo";"Colisão lateral sentido oposto";"Com Vítimas Feridas";"Plena Noite";"Crescente";"Céu Claro";"Simples";"Reta";"Não";3;0;1;0;1;1;1;3;-16,42120408;-43,31698598;"SPRF-MG";"DEL12-MG";"UOP01-DEL12-MG"
479336;2022-10-08;"sábado";"05:30:00";"SC";101;82,3;"BARRA VELHA";"Reação tardia ou ineficiente do condutor";"Colisão traseira";"Com Vítimas Feridas";"Pleno dia";"Decrescente";"Céu Claro";"Dupla";"Reta";"Não";3;0;1;0;1;2;1;4;-26,61444228;-48,72020049;"SPRF-SC";"DEL03-SC";"UOP02-DEL03-SC"
479339;2022-10-07;"sexta-feira";"19:30:00";"RJ";356;93;"CARDOSO MOREIRA";"Ingestão de álcool pelo condutor";"Queda de ocupante de veículo";"Com Vítimas Fatais";"Plena Noite";"Decrescente";"Chuva";"Simples";"Reta";"Não";3;1;0;0;2;0;0;3;-21,5112422;-41,58454079;"SPRF-RJ";"DEL08-RJ";"UOP03-DEL08-RJ"
479341;2022-10-08;"sábado";"04:00:00";"SP";381;14,2;"VARGEM";"Ultrapassagem Indevida";"Capotamento";"Com Vítimas Fatais";"Plena Noite";"Crescente";"Céu Claro";"Dupla";"Aclive;Reta";"Não";6;1;0;1;3;2;1;5;-22,93319831;-46,46980452;"SPRF-SP";"DEL03-SP";"UOP01-DEL03-SP"
479345;2022-10-08;"sábado";"05:48:00";"SP";381;14,3;"VARGEM";"Condutor Dormindo";"Colisão traseira";"Com Vítimas Feridas";"Amanhecer";"Crescente";"Céu Claro";"Dupla";"Aclive;Reta";"Não";4;0;0;1;2;2;1;4;-22,93319831;-46,46980452;"SPRF-SP";"DEL03-SP";"UOP01-DEL03-SP"
479346;2022-10-08;"sábado";"06:30:00";"MG";381;453;"SABARA";"Demais falhas mecânicas ou elétricas";"Colisão traseira";"Com Vítimas Feridas";"Amanhecer";"Crescente";"Céu Claro";"Simples";"Reta";"Não";2;0;0;1;1;0;1;2;-19,83433685;-43,85894537;"SPRF-MG";"DEL01-MG";"UOP01-DEL01-MG"
479347;2022-10-08;"sábado";"03:10:00";"RS";285;212,3;"CASEIROS";"Ausência de reação do condutor";"Colisão traseira";"Com Vítimas Feridas";"Plena Noite";"Crescente";"Céu Claro";"Simples";"Aclive;Reta";"Não";3;0;1;0;1;1;1;3;-28,237215;-51,639805;"SPRF-RS";"DEL08-RS";"UOP05-DEL08-RS"
479349;2022-10-07;"sexta-feira";"23:00:00";"PR";163;26;"SANTO ANTONIO DO SUDOESTE";"Condutor deixou de manter distância do veículo da frente";"Colisão traseira";"Com Vítimas Feridas";"Plena Noite";"Decrescente";"Céu Claro";"Simples";"Reta";"Não";3;0;1;0;2;0;1;3;-26,16802908;-53,67383107;"SPRF-PR";"DEL02-PR";"UOP02-DEL02-PR"
479351;2022-10-08;"sábado";"06:30:00";"TO";153;298,6;"PRESIDENTE KENNEDY";"Transitar na contramão";"Colisão lateral sentido oposto";"Com Vítimas Fatais";"Pleno dia";"Decrescente";"Céu Claro";"Simples";"Reta";"Não";7;3;3;0;0;1;3;4;-8,60554704;-48,48158619;"SPRF-TO";"DEL02-TO";"UOP02-DEL02-TO"
479352;2022-10-08;"sábado";"00:40:00";"MG";381;661,3;"SANTO ANTONIO DO AMPARO";"Condutor Dormindo";"Saída de leito carroçável";"Com Vítimas Feridas";"Plena Noite";"Decrescente";"Ignorado";"Dupla";"Reta";"Não";1;0;1;0;0;0;1;1;-21,04169602;-45,0008111;"SPRF-MG";"DEL04-MG";"UOP02-DEL04-MG"
479372;2022-10-08;"sábado";"08:30:00";"RS";285;500,3;"ENTRE-IJUIS";"Acessar a via sem observar a presença dos outros veículos";"Colisão transversal";"Com Vítimas Feridas";"Pleno dia";"Decrescente";"Céu Claro";"Simples";"Interseção de Vias";"Não";2;0;0;1;1;0;1;2;-28,37829911;-54,28361893;"SPRF-RS";"DEL10-RS";"UOP01-DEL10-RS"
479383;2022-10-08;"sábado";"08:55:00";"SP";116;154,9;"SAO JOSE DOS CAMPOS";"Manobra de mudança de faixa";"Colisão lateral mesmo sentido";"Com Vítimas Feridas";"Pleno dia";"Crescente";"Nublado";"Múltipla";"Reta";"Sim";5;0;1;0;3;1;1;4;-23,23903999;-45,92061901;"SPRF-SP";"DEL02-SP";"UOP01-DEL02-SP"
479384;2022-10-08;"sábado";"09:28:00";"RS";290;106;"ELDORADO DO SUL";"Ausência de reação do condutor";"Saída de leito carroçável";"Sem Vítimas";"Pleno dia";"Decrescente";"Céu Claro";"Dupla";"Reta";"Não";1;0;0;0;1;0;0;1;-29,998999;-51,294563;"SPRF-RS";"DEL02-RS";"UOP01-DEL02-RS"
479386;2022-10-08;"sábado";"09:59:00";"SP";116;444;"REGISTRO";"Acessar a via sem observar a presença dos outros veículos";"Colisão transversal";"Com Vítimas Feridas";"Pleno dia";"Crescente";"Sol";"Simples";"Interseção de Vias";"Sim";3;0;0;1;2;0;1;2;-24,49709751;-47,84186482;"SPRF-SP";"DEL05-SP";"UOP01-DEL05-SP"
479391;2022-10-08;"sábado";"10:21:00";"DF";60;4;"BRASILIA";"Acessar a via sem observar a presença dos outros veículos";"Colisão transversal";"Com Vítimas Feridas";"Pleno dia";"Decrescente";"Céu Claro";"Dupla";"Reta";"Sim";3;0;1;0;2;0;1;2;-15,892721;-48,095741;"SPRF-DF";"DEL03-DF";"UOP01-DEL03-DF"
479394;2022-10-08;"sábado";"08:00:00";"SE";101;185;"UMBAUBA";"Ausência de reação do condutor";"Colisão traseira";"Com Vítimas Feridas";"Pleno dia";"Crescente";"Céu Claro";"Simples";"Interseção de Vias";"Não";2;0;0;1;1;0;1;2;-11,39433203;-37,67508698;"SPRF-SE";"DEL02-SE";"UOP03-DEL02-SE"
479397;2022-09-02;"sexta-feira";"22:05:00";"PR";376;636;"TIJUCAS DO SUL";"Ausência de reação do condutor";"Tombamento";"Com Vítimas Feridas";"Plena Noite";"Crescente";"Chuva";"Dupla";"Reta";"Não";2;0;0;1;0;1;1;2;-25,74788291;-49,12970664;"SPRF-PR";"DEL01-PR";"UOP04-DEL01-PR"
479407;2022-10-08;"sábado";"09:30:00";"MA";135;79;"SANTA RITA";"Reação tardia ou ineficiente do condutor";"Colisão frontal";"Com Vítimas Feridas";"Pleno dia";"Crescente";"Céu Claro";"Simples";"Reta";"Não";4;0;1;0;2;2;1;4;-3,212133;-44,36219192;"SPRF-MA";"DEL01-MA";"UOP02-DEL01-MA"
479409;2022-10-08;"sábado";"12:00:00";"TO";153;148;"ARAGUAINA";"Entrada inopinada do pedestre";"Atropelamento de Pedestre";"Com Vítimas Fatais";"Pleno dia";"Decrescente";"Céu Claro";"Simples";"Reta";"Não";3;1;0;0;1;1;0;3;-7,23023092;-48,25208725;"SPRF-TO";"DEL02-TO";"UOP01-DEL02-TO"
479417;2022-10-08;"sábado";"09:25:00";"SC";282;521,6;"XAXIM";"Acessar a via sem observar a presença dos outros veículos";"Colisão transversal";"Com Vítimas Fatais";"Pleno dia";"Decrescente";"Céu Claro";"Simples";"Rotatória";"Sim";5;1;1;0;1;2;1;4;-26,95324056;-52,53856653;"SPRF-SC";"DEL07-SC";"UOP01-DEL07-SC"
479419;2022-10-08;"sábado";"13:40:00";"RN";226;4;"NATAL";"Ingestão de álcool pelo condutor";"Colisão traseira";"Sem Vítimas";"Pleno dia";"Decrescente";"Sol";"Dupla";"Reta";"Sim";2;0;0;0;2;0;0;2;-5,81958019;-35,25969486;"SPRF-RN";"DEL01-RN";"UOP02-DEL01-RN"
479421;2022-10-08;"sábado";"14:00:00";"MG";40;631,1;"CONSELHEIRO LAFAIETE";"Pedestre cruzava a pista fora da faixa";"Atropelamento de Pedestre";"Com Vítimas Feridas";"Pleno dia";"Crescente";"Céu Claro";"Simples";"Curva;Aclive";"Sim";3;0;0;1;1;1;1;3;-20,66865235;-43,80233115;"SPRF-MG";"DEL05-MG";"UOP02-DEL05-MG"
479422;2022-10-08;"sábado";"12:30:00";"RS";392;29;"RIO GRANDE";"Demais falhas mecânicas ou elétricas";"Saída de leito carroçável";"Com Vítimas Feridas";"Pleno dia";"Crescente";"Céu Claro";"Dupla";"Reta";"Não";4;0;1;0;1;3;1;5;-32,05788691;-52,27184185;"SPRF-RS";"DEL07-RS";"UOP02-DEL07-RS"
479423;2022-10-08;"sábado";"10:40:00";"MG";116;282,2;"TEOFILO OTONI";"Transitar na contramão";"Colisão transversal";"Com Vítimas Feridas";"Pleno dia";"Crescente";"Sol";"Simples";"Declive";"Não";4;0;0;1;2;4;1;7;-17,902369;-41,522926;"SPRF-MG";"DEL11-MG";"UOP01-DEL11-MG"
479426;2022-10-08;"sábado";"14:01:00";"RS";290;342;"SAO SEPE";"Transitar na contramão";"Colisão lateral sentido oposto";"Com Vítimas Feridas";"Pleno dia";"Crescente";"Céu Claro";"Simples";"Reta";"Não";8;0;1;0;7;0;1;3;-30,372641;-53,598228;"SPRF-RS";"DEL09-RS";"UOP02-DEL09-RS"
479427;2022-10-08;"sábado";"00:30:00";"MT";70;103,4;"GENERAL CARNEIRO";"Reação tardia ou ineficiente do condutor";"Saída de leito carroçável";"Com Vítimas Feridas";"Plena Noite";"Crescente";"Céu Claro";"Simples";"Reta";"Não";2;0;1;0;0;2;1;3;-15,56517109;-52,9773;"SPRF-MT";"DEL07-MT";"UOP01-DEL07-MT"
479433;2022-10-08;"sábado";"08:00:00";"MT";174;301;"PONTES E LACERDA";"Ausência de reação do condutor";"Colisão traseira";"Com Vítimas Fatais";"Pleno dia";"Decrescente";"Sol";"Simples";"Reta";"Não";6;2;1;1;1;2;2;4;-15,12277311;-59,31584778;"SPRF-MT";"DEL04-MT";"UOP01-DEL04-MT"
479438;2022-10-08;"sábado";"12:30:00";"MG";153;50;"MONTE ALEGRE DE MINAS";"Ausência de reação do condutor";"Saída de leito carroçável";"Com Vítimas Feridas";"Pleno dia";"Crescente";"Sol";"Dupla";"Reta";"Não";2;0;1;0;0;1;1;2;-18,82561;-49,088086;"SPRF-MG";"DEL15-MG";"UOP03-DEL15-MG"
479439;2022-10-08;"sábado";"13:50:00";"PR";373;275;"PRUDENTOPOLIS";"Demais falhas mecânicas ou elétricas";"Saída de leito carroçável";"Com Vítimas Feridas";"Pleno dia";"Decrescente";"Céu Claro";"Simples";"Reta";"Não";1;0;1;0;0;0;1;1;-25,25482841;-51,06799702;"SPRF-PR";"DEL08-PR";"UOP01-DEL08-PR"
479441;2022-10-08;"sábado";"14:15:00";"MA";135;83,8;"ITAPECURU MIRIM";"Reação tardia ou ineficiente do condutor";"Colisão lateral mesmo sentido";"Sem Vítimas";"Pleno dia";"Crescente";"Céu Claro";"Simples";"Reta";"Não";3;0;0;0;2;4;0;6;-3,24306403;-44,37657396;"SPRF-MA";"DEL01-MA";"UOP02-DEL01-MA"
479444;2022-10-08;"sábado";"14:23:00";"GO";80;22;"PADRE BERNARDO";"Ingestão de álcool pelo condutor";"Colisão traseira";"Com Vítimas Feridas";"Pleno dia";"Crescente";"Céu Claro";"Dupla";"Reta";"Sim";4;0;1;0;2;3;1;5;-15,361717;-48,223977;"SPRF-DF";"DEL03-DF";"UOP02-DEL03-DF"
479455;2022-10-08;"sábado";"15:30:00";"MG";365;81,2;"JEQUITAI";"Carga excessiva e/ou mal acondicionada";"Tombamento";"Com Vítimas Feridas";"Pleno dia";"Decrescente";"Garoa/Chuvisco";"Simples";"Reta";"Não";1;0;0;1;0;0;1;1;-17,15114301;-44,35975095;"SPRF-MG";"DEL12-MG";"UOP01-DEL12-MG"
479471;2022-10-08;"sábado";"17:30:00";"MG";381;763;"CAMPANHA";"Manobra de mudança de faixa";"Colisão lateral mesmo sentido";"Com Vítimas Feridas";"Pleno dia";"Crescente";"Sol";"Dupla";"Reta";"Não";4;0;2;0;1;1;2;3;-21,80533771;-45,47582709;"SPRF-MG";"DEL16-MG";"UOP02-DEL16-MG"
479472;2022-10-08;"sábado";"17:30:00";"RJ";465;1;"SEROPEDICA";"Ingestão de álcool pelo condutor";"Colisão lateral mesmo sentido";"Com Vítimas Feridas";"Anoitecer";"Decrescente";"Nublado";"Dupla";"Reta";"Sim";2;0;1;0;1;0;1;2;-22,719835;-43,725739;"SPRF-RJ";"DEL01-RJ";"UOP03-DEL01-RJ"
479475;2022-10-08;"sábado";"19:00:00";"PR";376;385;"IMBAU";"Reação tardia ou ineficiente do condutor";"Colisão transversal";"Com Vítimas Fatais";"Plena Noite";"Crescente";"Céu Claro";"Dupla";"Interseção de Vias";"Sim";3;1;0;0;0;2;0;3;-24,441411;-50,762307;"SPRF-PR";"DEL03-PR";"UOP02-DEL03-PR"
479479;2022-10-08;"sábado";"14:30:00";"RJ";40;90;"PETROPOLIS";"Demais falhas mecânicas ou elétricas";"Saída de leito carroçável";"Com Vítimas Feridas";"Pleno dia";"Crescente";"Nublado";"Dupla";"Reta";"Não";2;0;1;0;1;0;1;1;-22,550738;-43,236397;"SPRF-RJ";"DEL06-RJ";"UOP01-DEL06-RJ"
479484;2022-10-08;"sábado";"18:30:00";"MT";364;554;"ROSARIO OESTE";"Acumulo de areia ou detritos sobre o pavimento";"Engavetamento";"Com Vítimas Fatais";"Plena Noite";"Crescente";"Céu Claro";"Dupla";"Reta";"Não";7;1;1;0;4;2;1;7;-14,769951;-56,355903;"SPRF-MT";"DEL01-MT";"UOP01-DEL01-MT"
479485;2022-10-08;"sábado";"20:00:00";"TO";153;140;"ARAGUAINA";"Manobra de mudança de faixa";"Tombamento";"Com Vítimas Feridas";"Plena Noite";"Crescente";"Céu Claro";"Dupla";"Reta";"Sim";2;0;1;0;1;0;1;2;-7,169616;-48,21328;"SPRF-TO";"DEL02-TO";"UOP01-DEL02-TO"
479494;2022-10-08;"sábado";"20:50:00";"BA";116;495,7;"SANTA TERESINHA";"Ultrapassagem Indevida";"Colisão frontal";"Com Vítimas Feridas";"Plena Noite";"Crescente";"Céu Claro";"Simples";"Reta;Ponte";"Não";2;0;0;1;1;0;1;2;-12,587787;-39,523574;"SPRF-BA";"DEL02-BA";"UOP01-DEL02-BA"
479507;2022-10-08;"sábado";"20:30:00";"BA";324;606;"SIMOES FILHO";"Manobra de mudança de faixa";"Colisão lateral mesmo sentido";"Com Vítimas Feridas";"Plena Noite";"Crescente";"Céu Claro";"Dupla";"Reta";"Sim";6;0;1;0;5;0;1;2;-12,811733;-38,404668;"SPRF-BA";"DEL01-BA";"UOP01-DEL01-BA"
479513;2022-10-08;"sábado";"09:00:00";"MA";135;401;"JATOBA";"Demais falhas mecânicas ou elétricas";"Tombamento";"Sem Vítimas";"Pleno dia";"Crescente";"Céu Claro";"Simples";"Aclive";"Não";2;0;0;0;1;1;0;2;-5,78882905;-44,32760215;"SPRF-MA";"DEL06-MA";"UOP01-DEL06-MA"
479517;2022-10-08;"sábado";"15:00:00";"BA";101;379;"IBIRAPITANGA";"Carga excessiva e/ou mal acondicionada";"Tombamento";"Com Vítimas Feridas";"Pleno dia";"Crescente";"Sol";"Simples";"Curva";"Não";3;0;1;1;0;1;2;2;-13,933759;-39,48753;"SPRF-BA";"DEL05-BA";"UOP03-DEL05-BA"
479528;2022-10-08;"sábado";"19:45:00";"RO";364;198;"PIMENTA BUENO";"Transitar na contramão";"Colisão lateral sentido oposto";"Sem Vítimas";"Plena Noite";"Crescente";"Nublado";"Simples";"Reta";"Sim";3;0;0;0;2;1;0;3;-11,67049488;-61,19146173;"SPRF-RO";"DEL02-RO";"UOP02-DEL02-RO"
479530;2022-10-08;"sábado";"16:20:00";"MA";135;395;"SAO DOMINGOS DO MARANHAO";"Velocidade Incompatível";"Tombamento";"Com Vítimas Feridas";"Anoitecer";"Decrescente";"Céu Claro";"Simples";"Curva";"Não";2;0;1;0;0;3;1;4;-5,73936397;-44,3395292;"SPRF-MA";"DEL06-MA";"UOP01-DEL06-MA"
479532;2022-10-08;"sábado";"18:30:00";"BA";110;110;"ANTAS";"Ausência de reação do condutor";"Colisão frontal";"Com Vítimas Feridas";"Plena Noite";"Crescente";"Céu Claro";"Simples";"Reta";"Não";3;0;2;0;0;1;2;3;-10,3412395;-38,32273051;"SPRF-BA";"DEL07-BA";"UOP01-DEL07-BA"