"id";"data_inversa";"dia_semana";"horario";"uf";"br";"km";"municipio";"causa_acidente";"tipo_acidente";"classificacao_acidente";"fase_dia";"sentido_via";"condicao_metereologica";"tipo_pista";"tracado_via";"uso_solo";"pessoas";"mortos";"feridos_leves";"feridos_graves";"ilesos";"ignorados";"feridos";"veiculos";"latitude";"longitude";"regional";"delegacia";"uop"
479533;2022-10-08;"sábado";"22:30:00";"MS";163;550;"BANDEIRANTES";"Condutor Dormindo";"Saída de leito carroçável";"Com Vítimas Feridas";"Plena Noite";"Crescente";"Céu Claro";"Simples";"Reta";"Não";2;0;0;1;0;1;1;2;-19,90101325;-54,37326908;"SPRF-MS";"DEL01-MS";"UOP02-DEL01-MS"
479557;2022-10-09;"domingo";"04:15:00";"MT";70;2,3;"BARRA DO GARCAS";"Ingestão de álcool pelo condutor";"Colisão traseira";"Com Vítimas Feridas";"Plena Noite";"Crescente";"Céu Claro";"Dupla";"Reta";"Sim";4;0;2;0;1;2;2;4;-15,88749699;-52,26810568;"SPRF-MT";"DEL07-MT";"UOP01-DEL07-MT"
479566;2022-10-09;"domingo";"05:30:00";"BA";101;804;"ITAMARAJU";"Transitar na contramão";"Colisão frontal";"Com Vítimas Fatais";"Pleno dia";"Decrescente";"Céu Claro";"Simples";"Aclive";"Não";6;2;0;0;1;3;0;4;-16,988519;-39,552035;"SPRF-BA";"DEL09-BA";"UOP02-DEL09-BA"
479571;2022-10-08;"sábado";"00:00:00";"CE";116;349;"ICO";"Transitar na contramão";"Colisão lateral sentido oposto";"Com Vítimas Feridas";"Plena Noite";"Crescente";"Céu Claro";"Simples";"Reta";"Não";2;0;1;0;1;0;1;2;-6,23489592;-38,6792471;"SPRF-CE";"DEL05-CE";"UOP02-DEL05-CE"
479574;2022-10-09;"domingo";"04:50:00";"SC";101;70,9;"ARAQUARI";"Reação tardia ou ineficiente do condutor";"Tombamento";"Com Vítimas Feridas";"Plena Noite";"Crescente";"Céu Claro";"Dupla";"Reta";"Não";4;0;1;0;2;1;1;3;-26,51853246;-48,71896327;"SPRF-SC";"DEL03-SC";"UOP02-DEL03-SC"
479582;2022-10-09;"domingo";"05:40:00";"MT";364;600;"DIAMANTINO";"Reação tardia ou ineficiente do condutor";"Colisão traseira";"Com Vítimas Fatais";"Pleno dia";"Crescente";"Céu Claro";"Simples";"Curva";"Não";2;1;0;0;1;0;0;2;-14,50980608;-56,2257026;"SPRF-MT";"DEL01-MT";"UOP01-DEL01-MT"
479607;2022-10-08;"sábado";"23:45:00";"MS";267;140;"NOVA ANDRADINA";"Manobra de mudança de faixa";"Colisão lateral sentido oposto";"Sem Vítimas";"Plena Noite";"Crescente";"Céu Claro";"Simples";"Reta";"Não";4;0;0;0;3;1;0;3;-21,687416;-53,387485;"SPRF-MS";"DEL02-MS";"UOP03-DEL02-MS"
479629;2022-08-18;"quinta-feira";"06:30:00";"RS";470;232;"CARLOS BARBOSA";"Velocidade Incompatível";"Colisão transversal";"Com Vítimas Feridas";"Amanhecer";"Decrescente";"Chuva";"Simples";"Curva";"Não";4;0;2;1;1;0;3;2;-29,23579206;-51,51193423;"SPRF-RS";"DEL06-RS";"UOP01-DEL06-RS"
479636;2022-10-09;"domingo";"11:45:00";"MG";40;446,6;"PARAOPEBA";"Transitar no acostamento";"Colisão com objeto";"Com Vítimas Fatais";"Pleno dia";"Decrescente";"Nublado";"Dupla";"Reta";"Não";6;3;0;1;1;1;1;3;-19,28815;-44,392;"SPRF-MG";"DEL02-MG";"UOP01-DEL02-MG"
479637;2022-10-09;"domingo";"10:50:00";"SC";101;71;"ARAQUARI";"Condutor deixou de manter distância do veículo da frente";"Colisão traseira";"Com Vítimas Feridas";"Pleno dia";"Crescente";"Sol";"Múltipla";"Curva";"Sim";3;0;2;0;1;0;2;2;-26,51864822;-48,71874636;"SPRF-SC";"DEL03-SC";"UOP02-DEL03-SC"
479638;2022-10-09;"domingo";"05:00:00";"MG";365;194;"BURITIZEIRO";"Chuva";"Saída de leito carroçável";"Com Vítimas Feridas";"Amanhecer";"Crescente";"Chuva";"Simples";"Curva";"Não";2;0;2;0;0;0;2;1;-17,46514923;-45,19237868;"SPRF-MG";"DEL12-MG";"UOP01-DEL12-MG"
479640;2022-10-09;"domingo";"10:50:00";"MS";163;182,9;"JUTI";"Ausência de reação do condutor";"Saída de leito carroçável";"Com Vítimas Feridas";"Pleno dia";"Decrescente";"Nublado";"Simples";"Curva";"Não";2;0;1;0;0;2;1;3;-22,81911;-54,699469;"SPRF-MS";"DEL09-MS";"UOP01-DEL09-MS"
479642;2022-10-09;"domingo";"12:30:00";"MG";381;1,9;"BETIM";"Ausência de reação do condutor";"Colisão transversal";"Com Vítimas Feridas";"Pleno dia";"Decrescente";"Chuva";"Dupla";"Curva";"Não";5;0;2;0;2;1;2;3;-19,97833;-44,16033;"SPRF-MG";"DEL01-MG";"UOP03-DEL01-MG"
479643;2022-10-09;"domingo";"09:30:00";"GO";70;354;"SANTA FE DE GOIAS";"Ultrapassagem Indevida";"Colisão lateral sentido oposto";"Com Vítimas Feridas";"Pleno dia";"Decrescente";"Céu Claro";"Simples";"Declive";"Não";5;0;4;0;1;0;4;2;-15,89123141;-51,09270617;"SPRF-GO";"DEL04-GO";"UOP02-DEL04-GO"
479644;2022-10-09;"domingo";"09:00:00";"BA";101;353;"WENCESLAU GUIMARAES";"Ausência de reação do condutor";"Saída de leito carroçável";"Com Vítimas Feridas";"Pleno dia";"Crescente";"Céu Claro";"Simples";"Reta;Declive";"Não";2;0;1;0;1;0;1;1;-13,63159977;-39,49311551;"SPRF-BA";"DEL05-BA";"UOP03-DEL05-BA"
479646;2022-10-08;"sábado";"22:20:00";"PI";316;106;"PASSAGEM FRANCA DO PIAUI";"Ingestão de álcool pelo condutor";"Colisão com objeto";"Sem Vítimas";"Plena Noite";"Crescente";"Ignorado";"Simples";"Reta";"Sim";2;0;0;0;1;1;0;2;-5,85744545;-42,44014183;"SPRF-PI";"DEL04-PI";"UOP02-DEL04-PI"
479647;2022-10-09;"domingo";"11:20:00";"SE";101;147;"ESTANCIA";"Curva acentuada";"Tombamento";"Com Vítimas Feridas";"Pleno dia";"Crescente";"Céu Claro";"Dupla";"Curva";"Sim";2;0;1;0;0;1;1;2;-11,22094463;-37,41933749;"SPRF-SE";"DEL02-SE";"UOP01-DEL02-SE"
479653;2022-10-09;"domingo";"13:10:00";"PR";376;602;"CURITIBA";"Reação tardia ou ineficiente do condutor";"Colisão traseira";"Com Vítimas Feridas";"Pleno dia";"Crescente";"Céu Claro";"Dupla";"Reta";"Não";3;0;1;0;1;1;1;3;-25,54329052;-49,30719981;"SPRF-PR";"DEL01-PR";"UOP06-DEL01-PR"
479671;2022-09-10;"sábado";"18:20:00";"AC";364;120;"RIO BRANCO";"Acessar a via sem observar a presença dos outros veículos";"Colisão transversal";"Com Vítimas Feridas";"Plena Noite";"Crescente";"Céu Claro";"Simples";"Reta";"Sim";2;0;0;1;1;0;1;2;-10,01177776;-67,78078621;"SPRF-AC";"DEL01-AC";"UOP01-DEL01-AC"
479676;2022-10-09;"domingo";"15:45:00";"RO";319;64;"PORTO VELHO";"Condutor deixou de manter distância do veículo da frente";"Colisão traseira";"Com Vítimas Feridas";"Pleno dia";"Crescente";"Garoa/Chuvisco";"Dupla";"Interseção de Vias;Reta";"Sim";5;0;1;0;3;1;1;2;-8,766685;-63,884052;"SPRF-RO";"DEL01-RO";"UOP01-DEL01-RO"
479680;2022-10-09;"domingo";"15:50:00";"SC";470;0,9;"GASPAR";"Ultrapassagem Indevida";"Colisão lateral mesmo sentido";"Sem Vítimas";"Pleno dia";"Crescente";"Nublado";"Simples";"Reta";"Sim";3;0;0;0;3;0;0;2;-26,921414;-48,958918;"SPRF-SC";"DEL04-SC";"UOP04-DEL04-SC"
479682;2022-10-09;"domingo";"15:00:00";"RS";287;294,5;"SAO PEDRO DO SUL";"Condutor Dormindo";"Colisão lateral sentido oposto";"Com Vítimas Feridas";"Pleno dia";"Crescente";"Céu Claro";"Simples";"Aclive";"Não";2;0;1;0;1;0;1;2;-29,63924773;-54,31293903;"SPRF-RS";"DEL09-RS";"UOP01-DEL09-RS"
479689;2022-10-09;"domingo";"16:30:00";"PR";376;631;"SAO JOSE DOS PINHAIS";"Frear bruscamente";"Colisão traseira";"Sem Vítimas";"Pleno dia";"Decrescente";"Chuva";"Dupla";"Reta";"Sim";3;0;0;0;1;2;0;3;-25,70434399;-49,14198595;"SPRF-PR";"DEL01-PR";"UOP04-DEL01-PR"
479690;2022-10-09;"domingo";"17:10:00";"PR";376;454;"TIBAGI";"Manobra de mudança de faixa";"Colisão com objeto";"Sem Vítimas";"Pleno dia";"Crescente";"Céu Claro";"Dupla";"Curva;Declive";"Não";3;0;0;0;2;3;0;5;-24,903255;-50,422604;"SPRF-PR";"DEL03-PR";"UOP02-DEL03-PR"
479694;2022-10-09;"domingo";"15:10:00";"BA";116;919,5;"ENCRUZILHADA";"Velocidade Incompatível";"Tombamento";"Com Vítimas Feridas";"Pleno dia";"Crescente";"Céu Claro";"Simples";"Curva";"Não";2;0;1;0;0;1;1;2;-15,588355;-41,280878;"SPRF-BA";"DEL08-BA";"UOP03-DEL08-BA"
479700;2022-10-09;"domingo";"14:55:00";"PR";376;325,7;"ORTIGUEIRA";"Ausência de reação do condutor";"Colisão frontal";"Com Vítimas Fatais";"Pleno dia";"Crescente";"Nublado";"Simples";"Curva";"Não";4;1;0;1;1;4;1;7;-24,09427565;-51,04402976;"SPRF-PR";"DEL07-PR";"UOP02-DEL07-PR"
479701;2022-10-09;"domingo";"17:40:00";"BA";20;195,6;"LUIS EDUARDO MAGALHAES";"Transitar na contramão";"Colisão frontal";"Com Vítimas Fatais";"Anoitecer";"Decrescente";"Céu Claro";"Simples";"Reta";"Não";7;5;0;0;1;1;0;3;-12,229044;-45,834199;"SPRF-BA";"DEL10-BA";"UOP01-DEL10-BA"
479722;2022-10-09;"domingo";"18:56:00";"MT";163;839;"SINOP";"Acessar a via sem observar a presença dos outros veículos";"Atropelamento de Pedestre";"Com Vítimas Feridas";"Plena Noite";"Crescente";"Céu Claro";"Simples";"Reta";"Sim";3;0;0;1;1;3;1;5;-11,82077;-55,4846;"SPRF-MT";"DEL06-MT";"NPF/DEL06-MT"
479728;2022-10-09;"domingo";"19:10:00";"BA";242;560;"OLIVEIRA DOS BREJINHOS";"Transitar na contramão";"Colisão lateral sentido oposto";"Com Vítimas Feridas";"Plena Noite";"Crescente";"Céu Claro";"Simples";"Curva";"Não";3;0;1;0;1;2;1;4;-12,09121886;-42,92948289;"SPRF-BA";"DEL10-BA";"UOP02-DEL10-BA"
479731;2022-10-09;"domingo";"20:00:00";"PR";116;75;"QUATRO BARRAS";"Ingestão de álcool pelo condutor";"Colisão traseira";"Com Vítimas Feridas";"Plena Noite";"Crescente";"Nublado";"Dupla";"Reta";"Não";3;0;0;1;1;4;1;6;-25,37129423;-49,04588263;"SPRF-PR";"DEL01-PR";"UOP02-DEL01-PR"
479735;2022-10-09;"domingo";"14:30:00";"MA";10;40;"CAROLINA";"Transitar na contramão";"Colisão frontal";"Com Vítimas Fatais";"Pleno dia";"Crescente";"Nublado";"Simples";"Reta";"Não";3;1;0;0;1;3;0;5;-7,289859;-47,453782;"SPRF-MA";"DEL04-MA";"UOP02-DEL04-MA"
479736;2022-10-09;"domingo";"21:00:00";"MG";381;1,4;"BETIM";"Condutor deixou de manter distância do veículo da frente";"Colisão traseira";"Com Vítimas Feridas";"Plena Noite";"Crescente";"Céu Claro";"Dupla";"Reta";"Sim";2;0;1;0;0;1;1;2;-19,96825;-44,198708;"SPRF-MG";"DEL01-MG";"UOP03-DEL01-MG"
479739;2022-10-09;"domingo";"19:48:00";"PR";277;671;"MEDIANEIRA";"Pedestre andava na pista";"Atropelamento de Pedestre";"Com Vítimas Feridas";"Plena Noite";"Crescente";"Céu Claro";"Dupla";"Declive";"Sim";3;0;0;1;0;2;1;2;-25,28490106;-54,08744898;"SPRF-PR";"DEL05-PR";"UOP02-DEL05-PR"
479751;2022-10-09;"domingo";"19:30:00";"MG";153;234;"FRONTEIRA";"Animais na Pista";"Atropelamento de Animal";"Com Vítimas Feridas";"Plena Noite";"Decrescente";"Garoa/Chuvisco";"Simples";"Reta";"Não";3;0;0;1;2;0;1;2;-20,26155414;-49,17849882;"SPRF-MG";"DEL13-MG";"UOP02-DEL13-MG"
479759;2022-10-09;"domingo";"20:00:00";"RJ";393;272;"BARRA DO PIRAI";"Transitar na contramão";"Colisão frontal";"Com Vítimas Fatais";"Plena Noite";"Crescente";"Chuva";"Simples";"Reta";"Sim";4;1;1;1;0;1;2;3;-22,47624386;-43,94112;"SPRF-RJ";"DEL05-RJ";"UOP04-DEL05-RJ"
479760;2022-10-09;"domingo";"21:50:00";"BA";101;79;"ENTRE RIOS";"Desvio temporário";"Tombamento";"Com Vítimas Feridas";"Plena Noite";"Decrescente";"Céu Claro";"Dupla";"Reta;Desvio Temporário";"Não";2;0;1;0;0;2;1;3;-12,01196305;-38,26882996;"SPRF-BA";"DEL01-BA";"UOP04-DEL01-BA"
479767;2022-10-09;"domingo";"20:30:00";"MG";381;247;"SANTANA DO PARAISO";"Demais falhas mecânicas ou elétricas";"Incêndio";"Sem Vítimas";"Plena Noite";"Decrescente";"Céu Claro";"Simples";"Reta";"Não";2;0;0;0;1;2;0;3;-19,46214741;-42,53253983;"SPRF-MG";"DEL06-MG";"UOP01-DEL06-MG"
479770;2022-10-09;"domingo";"23:40:00";"SP";116;135;"SAO JOSE DOS CAMPOS";"Pedestre andava na pista";"Atropelamento de Pedestre";"Com Vítimas Feridas";"Plena Noite";"Decrescente";"Nublado";"Dupla";"Reta";"Não";3;0;0;1;0;2;1;2;-23,144484;-45,77018;"SPRF-SP";"DEL02-SP";"UOP01-DEL02-SP"
479783;2022-10-10;"segunda-feira";"03:03:00";"PI";343;604;"FLORIANO";"Transitar na contramão";"Colisão frontal";"Com Vítimas Feridas";"Plena Noite";"Crescente";"Céu Claro";"Simples";"Reta";"Não";2;0;0;1;0;1;1;2;-6,854369;-43,09721;"SPRF-PI";"DEL03-PI";"UOP01-DEL03-PI"
479787;2022-10-10;"segunda-feira";"04:10:00";"PB";101;90;"JOAO PESSOA";"Condutor Dormindo";"Colisão transversal";"Sem Vítimas";"Plena Noite";"Crescente";"Céu Claro";"Dupla";"Reta";"Sim";2;0;0;0;1;1;0;2;-7,1831466;-34,901415;"SPRF-PB";"DEL01-PB";"UOP02-DEL01-PB"
479789;2022-10-10;"segunda-feira";"04:30:00";"PR";277;720,5;"FOZ DO IGUACU";"Chuva";"Colisão lateral mesmo sentido";"Com Vítimas Feridas";"Plena Noite";"Decrescente";"Chuva";"Dupla";"Reta";"Sim";3;0;1;0;1;1;1;3;-25,48750984;-54,50317706;"SPRF-PR";"DEL05-PR";"UOP03-DEL05-PR"
479799;2022-10-10;"segunda-feira";"02:30:00";"MG";381;825,4;"CAREACU";"Acessar a via sem observar a presença dos outros veículos";"Colisão transversal";"Com Vítimas Feridas";"Plena Noite";"Crescente";"Chuva";"Dupla";"Reta";"Não";2;0;1;0;1;0;1;2;-22,12143959;-45,77847994;"SPRF-MG";"DEL16-MG";"UOP01-DEL16-MG"
479801;2022-10-10;"segunda-feira";"04:30:00";"RN";101;170,4;"BAIA FORMOSA";"Acumulo de água sobre o pavimento";"Saída de leito carroçável";"Com Vítimas Feridas";"Plena Noite";"Crescente";"Chuva";"Dupla";"Reta";"Não";2;0;1;0;0;1;1;2;-6,45018768;-35,11015892;"SPRF-RN";"DEL01-RN";"UOP01-DEL01-RN"
479810;2022-10-10;"segunda-feira";"07:30:00";"PR";369;160;"CAMBE";"Condutor deixou de manter distância do veículo da frente";"Engavetamento";"Com Vítimas Feridas";"Pleno dia";"Crescente";"Nublado";"Dupla";"Reta;Aclive";"Sim";5;0;1;0;4;0;1;3;-23,28561193;-51,25933707;"SPRF-PR";"DEL07-PR";"UOP01-DEL07-PR"
479812;2022-10-10;"segunda-feira";"02:49:00";"MT";364;502,8;"JANGADA";"Ausência de reação do condutor";"Tombamento";"Com Vítimas Feridas";"Plena Noite";"Crescente";"Ignorado";"Simples";"Reta";"Não";1;0;1;0;0;0;1;1;-15,17851229;-56,52225494;"SPRF-MT";"DEL01-MT";"UOP01-DEL01-MT"
479813;2022-10-10;"segunda-feira";"05:30:00";"GO";60;360;"RIO VERDE";"Problema com o freio";"Incêndio";"Sem Vítimas";"Amanhecer";"Decrescente";"Chuva";"Dupla";"Reta";"Não";2;0;0;0;1;3;0;4;-17,6276;-50,7675;"SPRF-GO";"DEL04-GO";"UOP02-DEL04-GO"
479816;2022-10-10;"segunda-feira";"08:00:00";"DF";60;0,8;"BRASILIA";"Manobra de mudança de faixa";"Colisão lateral mesmo sentido";"Com Vítimas Feridas";"Pleno dia";"Decrescente";"Céu Claro";"Dupla";"Reta";"Sim";3;0;1;1;1;0;2;2;-15,884798;-48,067925;"SPRF-DF";"DEL03-DF";"UOP01-DEL03-DF"
479819;2022-10-10;"segunda-feira";"07:50:00";"PR";369;411,4;"JURANDA";"Desrespeitar a preferência no cruzamento";"Saída de leito carroçável";"Com Vítimas Feridas";"Pleno dia";"Crescente";"Céu Claro";"Simples";"Reta";"Não";2;0;1;0;1;0;1;2;-24,3419;-52,7176;"SPRF-PR";"DEL04-PR";"UOP03-DEL04-PR"
479821;2022-10-09;"domingo";"19:00:00";"BA";242;270;"BOA VISTA DO TUPIM";"Transitar na contramão";"Colisão frontal";"Com Vítimas Feridas";"Plena Noite";"Decrescente";"Céu Claro";"Simples";"Reta";"Não";3;0;2;0;0;3;2;5;-12,45174691;-40,61988831;"SPRF-BA";"DEL06-BA";"UOP02-DEL06-BA"
479824;2022-10-10;"segunda-feira";"08:00:00";"PR";116;109;"CURITIBA";"Condutor deixou de manter distância do veículo da frente";"Colisão traseira";"Com Vítimas Feridas";"Pleno dia";"Decrescente";"Nublado";"Dupla";"Reta";"Sim";2;0;0;1;1;0;1;2;-25,57140489;-49,20748999;"SPRF-PR";"DEL01-PR";"UOP06-DEL01-PR"
479826;2022-10-10;"segunda-feira";"07:30:00";"PE";101;57;"PAULISTA";"Trafegar com motocicleta (ou similar) entre as faixas";"Colisão lateral mesmo sentido";"Com Vítimas Feridas";"Pleno dia";"Crescente";"Nublado";"Dupla";"Reta";"Sim";4;0;0;1;1;2;1;4;-7,96346213;-34,91513486;"SPRF-PE";"DEL01-PE";"UOP02-DEL01-PE"
479829;2022-10-09;"domingo";"04:20:00";"MG";251;503,5;"FRANCISCO SA";"Velocidade Incompatível";"Saída de leito carroçável";"Sem Vítimas";"Pleno dia";"Crescente";"Céu Claro";"Simples";"Reta";"Não";2;0;0;0;1;1;0;2;-16,61472808;-43,6647179;"SPRF-MG";"DEL12-MG";"UOP01-DEL12-MG"
479833;2022-10-10;"segunda-feira";"08:40:00";"PI";316;2,4;"TERESINA";"Condutor deixou de manter distância do veículo da frente";"Colisão lateral mesmo sentido";"Com Vítimas Feridas";"Pleno dia";"Decrescente";"Sol";"Múltipla";"Reta";"Sim";4;0;0;1;2;1;1;4;-5,12477477;-42,79848465;"SPRF-PI";"DEL01-PI";"UOP02-DEL01-PI"
479837;2022-10-10;"segunda-feira";"09:55:00";"PR";376;413;"TIBAGI";"Velocidade Incompatível";"Tombamento";"Com Vítimas Fatais";"Pleno dia";"Decrescente";"Nublado";"Dupla";"Declive;Curva";"Não";2;1;0;0;0;2;0;3;-24,6903938;-50,58144256;"SPRF-PR";"DEL03-PR";"UOP02-DEL03-PR"
479840;2022-08-19;"sexta-feira";"23:30:00";"MG";116;220,7;"CATUJI";"Reação tardia ou ineficiente do condutor";"Saída de leito carroçável";"Com Vítimas Fatais";"Plena Noite";"Crescente";"Garoa/Chuvisco";"Simples";"Reta";"Não";2;1;0;0;0;1;0;2;-17,40682777;-41,51524967;"SPRF-MG";"DEL11-MG";"UOP01-DEL11-MG"
479842;2022-10-10;"segunda-feira";"10:45:00";"ES";262;136,5;"BREJETUBA";"Velocidade Incompatível";"Saída de leito carroçável";"Com Vítimas Feridas";"Pleno dia";"Crescente";"Sol";"Simples";"Declive;Curva";"Não";2;0;0;1;0;1;1;2;-20,23485842;-41,34000778;"SPRF-ES";"DEL01-ES";"UOP02-DEL01-ES"
479844;2022-10-07;"sexta-feira";"01:10:00";"MS";158;88;"PARANAIBA";"Ausência de reação do condutor";"Colisão traseira";"Com Vítimas Feridas";"Plena Noite";"Crescente";"Chuva";"Simples";"Reta";"Não";4;0;0;1;2;1;1;3;-19,62101804;-51,21351915;"SPRF-MS";"DEL08-MS";"UOP01-DEL08-MS"
479846;2022-09-21;"quarta-feira";"07:33:00";"BA";116;776,5;"PLANALTO";"Reação tardia ou ineficiente do condutor";"Colisão frontal";"Com Vítimas Fatais";"Pleno dia";"Decrescente";"Céu Claro";"Simples";"Declive;Reta";"Sim";3;1;0;1;1;0;1;2;-14,59897899;-40,43763203;"SPRF-BA";"DEL08-BA";"UOP02-DEL08-BA"
479848;2022-10-10;"segunda-feira";"10:37:00";"RS";472;569;"URUGUAIANA";"Problema com o freio";"Eventos atípicos";"Com Vítimas Fatais";"Pleno dia";"Crescente";"Céu Claro";"Simples";"Curva";"Sim";1;1;0;0;0;0;0;1;-29,764301;-57,006203;"SPRF-RS";"DEL13-RS";"UOP01-DEL13-RS"
479850;2022-10-10;"segunda-feira";"09:30:00";"MG";116;658,9;"SAO FRANCISCO DO GLORIA";"Velocidade Incompatível";"Tombamento";"Com Vítimas Feridas";"Pleno dia";"Crescente";"Nublado";"Simples";"Declive;Curva";"Sim";2;0;1;0;0;1;1;2;-20,7721851;-42,29961634;"SPRF-MG";"DEL07-MG";"UOP03-DEL07-MG"
479853;2022-10-10;"segunda-feira";"12:30:00";"RS";158;351;"SANTA MARIA";"Conversão proibida";"Colisão traseira";"Com Vítimas Feridas";"Pleno dia";"Decrescente";"Céu Claro";"Simples";"Reta";"Não";7;0;0;3;2;2;3;4;-29,7614129;-54,01763147;"SPRF-RS";"DEL09-RS";"UOP01-DEL09-RS"
479859;2022-10-10;"segunda-feira";"12:05:00";"PR";163;147,2;"SANTA LUCIA";"Acumulo de água sobre o pavimento";"Colisão lateral mesmo sentido";"Sem Vítimas";"Pleno dia";"Crescente";"Nublado";"Simples";"Reta";"Não";2;0;0;0;2;0;0;2;-25,44415695;-53,57850109;"SPRF-PR";"DEL05-PR";"UOP05-DEL05-PR"
479869;2022-10-10;"segunda-feira";"13:30:00";"MG";262;473;"BOM DESPACHO";"Reação tardia ou ineficiente do condutor";"Colisão traseira";"Sem Vítimas";"Pleno dia";"Crescente";"Céu Claro";"Simples";"Reta";"Não";2;0;0;0;2;0;0;2;-19,79019148;-45,18399783;"SPRF-MG";"DEL08-MG";"UOP03-DEL08-MG"
479870;2022-10-10;"segunda-feira";"12:20:00";"MT";364;202;"RONDONOPOLIS";"Condutor deixou de manter distância do veículo da frente";"Colisão traseira";"Com Vítimas Feridas";"Pleno dia";"Crescente";"Céu Claro";"Dupla";"Aclive;Reta";"Sim";2;0;1;0;0;1;1;2;-16,48347324;-54,64970354;"SPRF-MT";"DEL02-MT";"UOP01-DEL02-MT"
479872;2022-10-10;"segunda-feira";"13:30:00";"RS";116;142,8;"CAXIAS DO SUL";"Reação tardia ou ineficiente do condutor";"Engavetamento";"Com Vítimas Feridas";"Pleno dia";"Crescente";"Chuva";"Dupla";"Interseção de Vias";"Sim";7;0;1;0;6;0;1;7;-29,11727;-51,115208;"SPRF-RS";"DEL05-RS";"UOP01-DEL05-RS"
479873;2022-10-10;"segunda-feira";"10:30:00";"PI";20;383;"PIO IX";"Demais falhas mecânicas ou elétricas";"Colisão lateral sentido oposto";"Com Vítimas Feridas";"Pleno dia";"Crescente";"Sol";"Simples";"Reta";"Não";4;0;1;0;2;6;1;9;-6,67965306;-40,91521993;"SPRF-PI";"DEL04-PI";"UOP01-DEL04-PI"
479874;2022-10-10;"segunda-feira";"13:40:00";"MG";251;269,7;"SALINAS";"Transitar na contramão";"Colisão lateral sentido oposto";"Com Vítimas Feridas";"Pleno dia";"Crescente";"Céu Claro";"Simples";"Reta";"Não";3;0;1;0;1;1;1;3;-15,98920779;-42,02651085;"SPRF-MG";"DEL11-MG";"UOP02-DEL11-MG"
479888;2022-10-10;"segunda-feira";"14:00:00";"RS";468;3,7;"PALMEIRA DAS MISSOES";"Desrespeitar a preferência no cruzamento";"Colisão transversal";"Com Vítimas Feridas";"Pleno dia";"Crescente";"Chuva";"Simples";"Rotatória";"Não";4;0;2;0;1;2;2;4;-27,86687643;-53,33318889;"SPRF-RS";"DEL08-RS";"UOP01-DEL08-RS"
479900;2022-10-10;"segunda-feira";"14:02:00";"RS";472;577;"URUGUAIANA";"Acessar a via sem observar a presença dos outros veículos";"Colisão transversal";"Com Vítimas Feridas";"Pleno dia";"Decrescente";"Céu Claro";"Simples";"Interseção de Vias";"Sim";3;0;1;1;1;0;2;2;-29,78125188;-57,06590652;"SPRF-RS";"DEL13-RS";"UOP01-DEL13-RS"
479904;2022-08-17;"quarta-feira";"19:35:00";"RS";293;45;"CERRITO";"Condutor deixou de manter distância do veículo da frente";"Colisão lateral mesmo sentido";"Com Vítimas Feridas";"Plena Noite";"Crescente";"Céu Claro";"Dupla";"Reta";"Não";2;0;0;1;1;0;1;2;-31,74187865;-52,77644296;"SPRF-RS";"DEL07-RS";"UOP01-DEL07-RS"
479932;2022-10-10;"segunda-feira";"18:50:00";"SP";116;215;"GUARULHOS";"Reação tardia ou ineficiente do condutor";"Engavetamento";"Com Vítimas Feridas";"Plena Noite";"Decrescente";"Garoa/Chuvisco";"Múltipla";"Reta";"Sim";3;0;1;0;2;0;1;3;-23,44695693;-46,45394103;"SPRF-SP";"DEL01-SP";"UOP01-DEL01-SP"
479934;2022-10-10;"segunda-feira";"18:05:00";"SC";282;92,5;"ALFREDO WAGNER";"Velocidade Incompatível";"Colisão frontal";"Com Vítimas Feridas";"Pleno dia";"Crescente";"Chuva";"Simples";"Curva";"Não";3;0;1;1;1;0;2;2;-27,704929;-49,239353;"SPRF-SC";"DEL01-SC";"UOP03-DEL01-SC"
479938;2022-10-10;"segunda-feira";"18:30:00";"RS";386;156;"ALMIRANTE TAMANDARE DO SUL";"Problema com o freio";"Colisão com objeto";"Com Vítimas Feridas";"Anoitecer";"Crescente";"Chuva";"Simples";"Curva";"Não";2;0;1;0;0;1;1;2;-28,125227;-52,849892;"SPRF-RS";"DEL08-RS";"UOP01-DEL08-RS"
479942;2022-10-10;"segunda-feira";"11:45:00";"PR";376;364,5;"ORTIGUEIRA";"Reação tardia ou ineficiente do condutor";"Atropelamento de Pedestre";"Com Vítimas Feridas";"Pleno dia";"Crescente";"Céu Claro";"Simples";"Reta";"Não";2;0;1;0;1;0;1;2;-24,33855503;-50,83188503;"SPRF-PR";"DEL07-PR";"UOP02-DEL07-PR"
479945;2022-09-11;"domingo";"18:00:00";"SC";116;142;"SANTA CECILIA";"Ingestão de álcool e/ou substâncias psicoativas pelo pedestre";"Colisão transversal";"Sem Vítimas";"Plena Noite";"Decrescente";"Nublado";"Simples";"Reta";"Não";3;0;0;0;2;1;0;3;-26,97880161;-50,3961135;"SPRF-SC";"DEL06-SC";"UOP02-DEL06-SC"
479952;2022-10-10;"segunda-feira";"14:10:00";"MG";262;612,5;"IBIA";"Condutor Dormindo";"Saída de leito carroçável";"Sem Vítimas";"Pleno dia";"Decrescente";"Sol";"Simples";"Reta";"Não";2;0;0;0;1;1;0;2;-19,59587062;-46,30033692;"SPRF-MG";"DEL08-MG";"UOP02-DEL08-MG"
479953;2022-10-10;"segunda-feira";"22:00:00";"MG";381;883,2;"ESTIVA";"Reação tardia ou ineficiente do condutor";"Colisão traseira";"Com Vítimas Feridas";"Plena Noite";"Crescente";"Nublado";"Dupla";"Reta";"Não";4;0;1;0;2;2;1;5;-22,481569;-46,010834;"SPRF-MG";"DEL16-MG";"UOP03-DEL16-MG"