"id";"data_inversa";"dia_semana";"horario";"uf";"br";"km";"municipio";"causa_acidente";"tipo_acidente";"classificacao_acidente";"fase_dia";"sentido_via";"condicao_metereologica";"tipo_pista";"tracado_via";"uso_solo";"pessoas";"mortos";"feridos_leves";"feridos_graves";"ilesos";"ignorados";"feridos";"veiculos";"latitude";"longitude";"regional";"delegacia";"uop"
479955;2022-10-10;"segunda-feira";"21:15:00";"PR";277;145;"PORTO AMAZONAS";"Ausência de reação do condutor";"Atropelamento de Pedestre";"Com Vítimas Fatais";"Plena Noite";"Decrescente";"Céu Claro";"Simples";"Reta";"Não";2;1;0;0;0;1;0;2;-25,46922827;-49,78263885;"SPRF-PR";"DEL03-PR";"UOP03-DEL03-PR"
479960;2022-10-10;"segunda-feira";"19:40:00";"BA";101;771,1;"ITABELA";"Reação tardia ou ineficiente do condutor";"Saída de leito carroçável";"Com Vítimas Feridas";"Plena Noite";"Decrescente";"Céu Claro";"Simples";"Curva";"Não";3;0;3;0;0;0;3;1;-16,74815039;-39,45106417;"SPRF-BA";"DEL09-BA";"UOP01-DEL09-BA"
479962;2022-10-10;"segunda-feira";"23:50:00";"PR";116;58;"CAMPINA GRANDE DO SUL";"Reação tardia ou ineficiente do condutor";"Colisão com objeto";"Com Vítimas Fatais";"Plena Noite";"Decrescente";"Garoa/Chuvisco";"Dupla";"Curva;Aclive";"Não";2;1;0;0;0;1;0;2;-25,29614033;-48,93795675;"SPRF-PR";"DEL01-PR";"UOP02-DEL01-PR"
479964;2022-10-11;"terça-feira";"00:40:00";"RS";392;128,3;"CANGUCU";"Ausência de reação do condutor";"Saída de leito carroçável";"Com Vítimas Feridas";"Pleno dia";"Decrescente";"Chuva";"Simples";"Reta";"Não";2;0;1;0;0;2;1;3;-31,34171543;-52,74081444;"SPRF-RS";"DEL07-RS";"UOP01-DEL07-RS"
479965;2022-10-10;"segunda-feira";"23:00:00";"MA";10;273;"IMPERATRIZ";"Ingestão de álcool pelo condutor";"Colisão lateral sentido oposto";"Com Vítimas Feridas";"Plena Noite";"Crescente";"Céu Claro";"Simples";"Reta";"Não";2;0;1;0;1;0;1;2;-5,3477103;-47,48565674;"SPRF-MA";"DEL04-MA";"UOP01-DEL04-MA"
479966;2022-10-10;"segunda-feira";"18:45:00";"MA";226;527;"LAJEADO NOVO";"Reação tardia ou ineficiente do condutor";"Colisão frontal";"Com Vítimas Feridas";"Anoitecer";"Decrescente";"Céu Claro";"Simples";"Reta";"Não";4;0;0;2;1;1;2;3;-6,18603733;-47,03023659;"SPRF-MA";"DEL04-MA";"UOP02-DEL04-MA"
479967;2022-10-10;"segunda-feira";"23:35:00";"PR";376;333,9;"ORTIGUEIRA";"Reação tardia ou ineficiente do condutor";"Colisão com objeto";"Com Vítimas Feridas";"Plena Noite";"Crescente";"Céu Claro";"Simples";"Reta";"Não";2;0;1;0;0;1;1;2;-24,13507378;-51,00438382;"SPRF-PR";"DEL07-PR";"UOP02-DEL07-PR"
479972;2022-10-11;"terça-feira";"05:35:00";"MG";381;492,1;"BETIM";"Manobra de mudança de faixa";"Colisão lateral mesmo sentido";"Com Vítimas Feridas";"Amanhecer";"Decrescente";"Sol";"Múltipla";"Reta";"Sim";3;0;1;0;1;1;1;3;-19,97490091;-44,19004301;"SPRF-MG";"DEL01-MG";"UOP03-DEL01-MG"
479973;2022-10-10;"segunda-feira";"21:45:00";"RN";304;247,9;"SANTA MARIA";"Ultrapassagem Indevida";"Colisão frontal";"Com Vítimas Fatais";"Plena Noite";"Decrescente";"Céu Claro";"Simples";"Reta";"Não";3;1;0;0;2;0;0;3;-5,82570344;-35,78031508;"SPRF-RN";"DEL01-RN";"UOP02-DEL01-RN"
479975;2022-10-11;"terça-feira";"06:00:00";"PR";277;571,5;"CASCAVEL";"Mal súbito do condutor";"Saída de leito carroçável";"Com Vítimas Feridas";"Amanhecer";"Decrescente";"Chuva";"Simples";"Reta";"Não";1;0;1;0;0;0;1;1;-25,01450282;-53,29128792;"SPRF-PR";"DEL04-PR";"UOP01-DEL04-PR"
479976;2022-10-11;"terça-feira";"05:20:00";"AL";104;22;"UNIAO DOS PALMARES";"Reação tardia ou ineficiente do condutor";"Tombamento";"Com Vítimas Feridas";"Pleno dia";"Crescente";"Céu Claro";"Simples";"Curva";"Não";2;0;1;0;0;1;1;2;-9,07371688;-36,03702576;"SPRF-AL";"DEL01-AL";"UOP02-DEL01-AL"
479977;2022-10-11;"terça-feira";"05:30:00";"RJ";101;51;"CAMPOS DOS GOYTACAZES";"Condutor Dormindo";"Colisão traseira";"Com Vítimas Feridas";"Pleno dia";"Crescente";"Céu Claro";"Simples";"Aclive";"Não";4;0;0;1;2;1;1;3;-21,64273198;-41,31170082;"SPRF-RJ";"DEL08-RJ";"UOP01-DEL08-RJ"
479979;2022-10-11;"terça-feira";"02:30:00";"PR";277;502;"GUARANIACU";"Condutor Dormindo";"Colisão frontal";"Com Vítimas Fatais";"Plena Noite";"Decrescente";"Nevoeiro/Neblina";"Simples";"Aclive;Reta";"Não";3;1;0;0;1;1;0;3;-25,15665106;-52,69694215;"SPRF-PR";"DEL04-PR";"UOP01-DEL04-PR"
479987;2022-10-11;"terça-feira";"00:36:00";"RJ";101;334;"RIO DE JANEIRO";"Estacionar ou parar em local proibido";"Colisão traseira";"Com Vítimas Feridas";"Plena Noite";"Decrescente";"Garoa/Chuvisco";"Múltipla";"Ponte";"Sim";7;0;5;1;1;0;6;2;-22,88517902;-43,21704364;"SPRF-RJ";"DEL02-RJ";"UOP01-DEL02-RJ"
479997;2022-10-11;"terça-feira";"08:10:00";"PA";316;63;"CASTANHAL";"Acessar a via sem observar a presença dos outros veículos";"Colisão lateral mesmo sentido";"Sem Vítimas";"Pleno dia";"Decrescente";"Céu Claro";"Dupla";"Reta";"Sim";4;0;0;0;2;3;0;5;-1,29641159;-47,92431856;"SPRF-PA";"DEL01-PA";"UOP01-DEL01-PA"
480001;2022-10-11;"terça-feira";"07:45:00";"PE";101;78,6;"JABOATAO DOS GUARARAPES";"Condutor deixou de manter distância do veículo da frente";"Colisão traseira";"Com Vítimas Feridas";"Pleno dia";"Decrescente";"Céu Claro";"Dupla";"Reta";"Não";4;0;0;1;2;1;1;4;-8,13496499;-34,94738614;"SPRF-PE";"DEL01-PE";"UOP01-DEL01-PE"
480002;2022-10-11;"terça-feira";"02:00:00";"RJ";116;187;"QUEIMADOS";"Ausência de reação do condutor";"Colisão traseira";"Com Vítimas Feridas";"Plena Noite";"Decrescente";"Céu Claro";"Múltipla";"Reta";"Sim";2;0;1;0;1;0;1;2;-22,73985234;-43,528862;"SPRF-RJ";"DEL01-RJ";"UOP02-DEL01-RJ"
480009;2022-10-11;"terça-feira";"09:12:00";"SP";153;270,8;"OCAUCU";"Transitar na contramão";"Colisão lateral sentido oposto";"Com Vítimas Feridas";"Pleno dia";"Decrescente";"Nublado";"Simples";"Curva;Aclive";"Não";3;0;1;0;1;1;1;3;-22,356713;-49,889391;"SPRF-SP";"DEL07-SP";"UOP02-DEL07-SP"
480014;2022-09-12;"segunda-feira";"07:15:00";"PR";376;437;"TIBAGI";"Velocidade Incompatível";"Tombamento";"Com Vítimas Fatais";"Pleno dia";"Crescente";"Nublado";"Dupla";"Curva;Declive";"Não";8;4;0;1;2;1;1;3;-24,79031897;-50,50393581;"SPRF-PR";"DEL03-PR";"UOP02-DEL03-PR"
480015;2022-10-11;"terça-feira";"09:45:00";"MG";267;74,9;"JUIZ DE FORA";"Velocidade Incompatível";"Colisão frontal";"Com Vítimas Feridas";"Pleno dia";"Decrescente";"Céu Claro";"Simples";"Curva";"Não";2;0;0;1;1;0;1;2;-21,75716623;-43,16530485;"SPRF-MG";"DEL05-MG";"UOP01-DEL05-MG"
480017;2022-10-11;"terça-feira";"10:40:00";"RS";101;33;"TRES CACHOEIRAS";"Reação tardia ou ineficiente do condutor";"Colisão traseira";"Com Vítimas Feridas";"Pleno dia";"Decrescente";"Nublado";"Dupla";"Reta";"Sim";5;0;0;1;2;5;1;7;-29,5028698;-49,97956231;"SPRF-RS";"DEL03-RS";"UOP02-DEL03-RS"
480018;2022-10-11;"terça-feira";"10:30:00";"PR";376;462,7;"PONTA GROSSA";"Demais falhas mecânicas ou elétricas";"Colisão com objeto";"Sem Vítimas";"Pleno dia";"Crescente";"Nublado";"Dupla";"Curva";"Não";1;0;0;0;1;0;0;1;-24,969955;-50,384372;"SPRF-PR";"DEL03-PR";"UOP01-DEL03-PR"
480023;2022-10-11;"terça-feira";"12:10:00";"PR";369;502,9;"CORBELIA";"Retorno proibido";"Colisão transversal";"Com Vítimas Feridas";"Pleno dia";"Crescente";"Chuva";"Simples";"Declive";"Não";3;0;1;1;1;0;2;2;-24,801;-53,2905;"SPRF-PR";"DEL04-PR";"UOP03-DEL04-PR"
480024;2022-10-11;"terça-feira";"10:45:00";"SC";158;115,2;"CUNHA PORA";"Condutor deixou de manter distância do veículo da frente";"Colisão traseira";"Com Vítimas Feridas";"Pleno dia";"Decrescente";"Chuva";"Simples";"Reta";"Não";2;0;1;0;1;0;1;2;-26,929314;-53,199386;"SPRF-SC";"DEL07-SC";"UOP02-DEL07-SC"
480034;2022-10-11;"terça-feira";"13:50:00";"MG";381;454;"BELO HORIZONTE";"Mal súbito do condutor";"Colisão transversal";"Com Vítimas Feridas";"Pleno dia";"Crescente";"Céu Claro";"Simples";"Reta";"Sim";3;0;0;1;1;1;1;3;-19,85593827;-43,89662047;"SPRF-MG";"DEL01-MG";"UOP01-DEL01-MG"
480047;2022-08-06;"sábado";"15:40:00";"SP";381;38;"ATIBAIA";"Acessar a via sem observar a presença dos outros veículos";"Colisão lateral mesmo sentido";"Com Vítimas Fatais";"Pleno dia";"Crescente";"Nublado";"Dupla";"Aclive";"Sim";3;1;0;0;1;1;0;3;-23,1133221;-46,57174974;"SPRF-SP";"DEL03-SP";"UOP01-DEL03-SP"
480049;2022-10-11;"terça-feira";"15:30:00";"SP";116;227;"SAO PAULO";"Ausência de reação do condutor";"Colisão traseira";"Com Vítimas Feridas";"Pleno dia";"Decrescente";"Céu Claro";"Múltipla";"Reta";"Sim";3;0;1;0;1;1;1;3;-23,4965926434;-46,5564875418;"SPRF-SP";"DEL01-SP";"UOP01-DEL01-SP"
480050;2022-10-06;"quinta-feira";"00:20:00";"MT";158;439,8;"RIBEIRAO CASCALHEIRA";"Transitar na contramão";"Colisão lateral sentido oposto";"Com Vítimas Feridas";"Plena Noite";"Crescente";"Céu Claro";"Simples";"Reta";"Não";4;0;1;0;2;3;1;5;-13,04849101;-51,88760706;"SPRF-MT";"DEL07-MT";"UOP02-DEL07-MT"
480051;2022-10-11;"terça-feira";"14:05:00";"BA";242;416;"SEABRA";"Velocidade Incompatível";"Colisão traseira";"Com Vítimas Feridas";"Pleno dia";"Decrescente";"Céu Claro";"Simples";"Declive";"Sim";4;0;1;2;0;2;3;4;-12,42981176;-41,78832603;"SPRF-BA";"DEL06-BA";"UOP01-DEL06-BA"
480053;2022-10-11;"terça-feira";"15:45:00";"MG";40;474,2;"SETE LAGOAS";"Demais falhas mecânicas ou elétricas";"Incêndio";"Com Vítimas Feridas";"Pleno dia";"Decrescente";"Céu Claro";"Múltipla";"Declive;Reta";"Não";2;0;1;0;0;1;1;2;-19,49804878;-44,27929974;"SPRF-MG";"DEL02-MG";"UOP01-DEL02-MG"
480054;2022-10-11;"terça-feira";"15:30:00";"PE";101;66;"RECIFE";"Ultrapassagem Indevida";"Colisão lateral mesmo sentido";"Com Vítimas Feridas";"Pleno dia";"Crescente";"Céu Claro";"Dupla";"Reta";"Sim";4;0;0;2;1;1;2;3;-8,036423;-34,941546;"SPRF-PE";"DEL01-PE";"UOP01-DEL01-PE"
480059;2022-10-11;"terça-feira";"16:20:00";"PR";277;134,5;"BALSA NOVA";"Condutor deixou de manter distância do veículo da frente";"Colisão traseira";"Com Vítimas Feridas";"Pleno dia";"Crescente";"Nublado";"Dupla";"Reta";"Não";5;0;1;1;3;0;2;3;-25,471;-49,677;"SPRF-PR";"DEL03-PR";"UOP03-DEL03-PR"
480061;2022-10-11;"terça-feira";"16:40:00";"PE";101;69;"RECIFE";"Condutor deixou de manter distância do veículo da frente";"Colisão traseira";"Com Vítimas Feridas";"Pleno dia";"Decrescente";"Céu Claro";"Dupla";"Reta";"Sim";4;0;0;1;3;0;1;4;-8,05951606;-34,94581024;"SPRF-PE";"DEL01-PE";"UOP01-DEL01-PE"
480063;2022-10-11;"terça-feira";"16:00:00";"SC";470;84,2;"RODEIO";"Ausência de reação do condutor";"Colisão frontal";"Com Vítimas Feridas";"Pleno dia";"Decrescente";"Chuva";"Simples";"Reta";"Não";4;0;1;2;0;1;3;3;-26,96137;-49,342415;"SPRF-SC";"DEL04-SC";"UOP01-DEL04-SC"
480068;2022-10-11;"terça-feira";"15:50:00";"BA";116;646;"JAGUAQUARA";"Condutor deixou de manter distância do veículo da frente";"Colisão traseira";"Com Vítimas Feridas";"Pleno dia";"Decrescente";"Céu Claro";"Simples";"Reta";"Não";3;0;1;0;2;0;1;3;-13,58007199;-40,08034578;"SPRF-BA";"DEL03-BA";"UOP01-DEL03-BA"
480071;2022-10-11;"terça-feira";"15:30:00";"RS";153;25,2;"TRES ARROIOS";"Avarias e/ou desgaste excessivo no pneu";"Colisão frontal";"Com Vítimas Fatais";"Pleno dia";"Crescente";"Chuva";"Simples";"Curva";"Não";3;1;1;0;1;0;1;2;-27,50240811;-52,12605681;"SPRF-RS";"DEL08-RS";"UOP04-DEL08-RS"
480079;2022-06-15;"quarta-feira";"03:40:00";"SC";101;20,9;"JOINVILLE";"Condutor Dormindo";"Colisão traseira";"Com Vítimas Feridas";"Plena Noite";"Crescente";"Céu Claro";"Dupla";"Reta";"Não";4;0;1;0;2;2;1;5;-26,14723273;-48,90821457;"SPRF-SC";"DEL03-SC";"UOP01-DEL03-SC"
480096;2022-10-11;"terça-feira";"14:40:00";"MA";135;247;"PERITORO";"Ingestão de álcool pelo condutor";"Colisão lateral sentido oposto";"Com Vítimas Feridas";"Pleno dia";"Crescente";"Céu Claro";"Simples";"Curva";"Não";3;0;1;1;0;3;2;5;-4,5475667;-44,34910371;"SPRF-MA";"DEL03-MA";"UOP01-DEL03-MA"
480098;2022-10-11;"terça-feira";"14:45:00";"SC";282;629,8;"DESCANSO";"Manobra de mudança de faixa";"Colisão lateral sentido oposto";"Com Vítimas Fatais";"Pleno dia";"Decrescente";"Chuva";"Simples";"Ponte;Reta";"Não";6;1;2;2;1;0;4;4;-26,82154312;-53,38361979;"SPRF-SC";"DEL07-SC";"UOP03-DEL07-SC"
480101;2022-10-11;"terça-feira";"13:35:00";"PR";277;473,5;"NOVA LARANJEIRAS";"Transitar na contramão";"Colisão frontal";"Com Vítimas Fatais";"Pleno dia";"Decrescente";"Chuva";"Simples";"Curva";"Não";2;1;0;0;1;0;0;2;-25,30500212;-52,55859375;"SPRF-PR";"DEL04-PR";"UOP02-DEL04-PR"
480103;2022-10-11;"terça-feira";"19:45:00";"ES";101;72;"SAO MATEUS";"Reação tardia ou ineficiente do condutor";"Saída de leito carroçável";"Com Vítimas Feridas";"Plena Noite";"Crescente";"Nublado";"Simples";"Reta";"Não";5;0;4;0;1;0;4;2;-18,76249002;-39,86354384;"SPRF-ES";"DEL04-ES";"UOP02-DEL04-ES"
480109;2022-10-11;"terça-feira";"19:10:00";"SP";101;51;"UBATUBA";"Ultrapassagem Indevida";"Colisão lateral sentido oposto";"Com Vítimas Feridas";"Plena Noite";"Decrescente";"Chuva";"Simples";"Reta";"Sim";2;0;1;0;1;0;1;2;-23,45627795;-45,07111896;"SPRF-SP";"DEL06-SP";"UOP01-DEL06-SP"
480114;2022-10-11;"terça-feira";"18:20:00";"MA";222;300,7;"CIDELANDIA";"Ingestão de álcool pelo condutor";"Colisão traseira";"Com Vítimas Feridas";"Plena Noite";"Decrescente";"Céu Claro";"Simples";"Reta";"Sim";3;0;1;0;1;2;1;4;-5,107295;-47,551624;"SPRF-MA";"DEL02-MA";"UOP01-DEL02-MA"
480129;2022-10-11;"terça-feira";"20:39:00";"SC";153;94;"CONCORDIA";"Transitar na contramão";"Colisão frontal";"Com Vítimas Feridas";"Plena Noite";"Crescente";"Céu Claro";"Simples";"Curva";"Sim";3;0;0;1;1;1;1;3;-27,200716;-51,940483;"SPRF-SC";"DEL07-SC";"UOP04-DEL07-SC"
480131;2022-10-11;"terça-feira";"21:00:00";"MG";365;706;"MONTE ALEGRE DE MINAS";"Reação tardia ou ineficiente do condutor";"Colisão traseira";"Sem Vítimas";"Plena Noite";"Crescente";"Céu Claro";"Dupla";"Rotatória";"Não";3;0;0;0;3;0;0;2;-18,878242;-49,056334;"SPRF-MG";"DEL15-MG";"UOP03-DEL15-MG"
480135;2022-10-11;"terça-feira";"22:40:00";"DF";60;12;"BRASILIA";"Ingestão de álcool pelo condutor";"Colisão lateral mesmo sentido";"Sem Vítimas";"Pleno dia";"Crescente";"Céu Claro";"Dupla";"Reta";"Sim";2;0;0;0;2;0;0;2;-15,9182256;-48,164756;"SPRF-DF";"DEL03-DF";"UOP01-DEL03-DF"
480141;2022-10-11;"terça-feira";"18:20:00";"SC";470;153,7;"AGRONOMICA";"Desrespeitar a preferência no cruzamento";"Colisão transversal";"Com Vítimas Feridas";"Anoitecer";"Crescente";"Chuva";"Simples";"Curva";"Não";4;0;0;3;1;0;3;2;-27,272911;-49,734741;"SPRF-SC";"DEL04-SC";"UOP02-DEL04-SC"
480142;2022-10-11;"terça-feira";"23:00:00";"RS";392;313,4;"SAO SEPE";"Reação tardia ou ineficiente do condutor";"Colisão traseira";"Com Vítimas Fatais";"Plena Noite";"Crescente";"Nublado";"Simples";"Reta";"Não";4;1;0;1;1;2;1;4;-30,02053093;-53,68300157;"SPRF-RS";"DEL09-RS";"UOP01-DEL09-RS"
480144;2022-10-11;"terça-feira";"22:50:00";"RJ";101;204;"CASIMIRO DE ABREU";"Ingestão de álcool pelo condutor";"Colisão traseira";"Com Vítimas Feridas";"Plena Noite";"Crescente";"Céu Claro";"Dupla";"Reta";"Não";3;0;1;0;1;2;1;4;-22,47451129;-42,18198196;"SPRF-RJ";"DEL08-RJ";"UOP04-DEL08-RJ"
480147;2022-09-12;"segunda-feira";"21:10:00";"PR";116;47,4;"CAMPINA GRANDE DO SUL";"Reação tardia ou ineficiente do condutor";"Colisão lateral sentido oposto";"Com Vítimas Feridas";"Plena Noite";"Crescente";"Chuva";"Dupla";"Retorno Regulamentado;Curva";"Não";5;0;2;1;1;1;3;3;-25,217237;-48,903921;"SPRF-PR";"DEL01-PR";"UOP02-DEL01-PR"
480150;2022-10-11;"terça-feira";"22:30:00";"SC";280;84;"CORUPA";"Velocidade Incompatível";"Colisão lateral sentido oposto";"Com Vítimas Feridas";"Plena Noite";"Decrescente";"Garoa/Chuvisco";"Simples";"Curva";"Não";3;0;1;0;1;1;1;3;-26,43589072;-49,24351466;"SPRF-SC";"DEL06-SC";"UOP03-DEL06-SC"
480153;2022-10-11;"terça-feira";"23:00:00";"SC";282;207,6;"LAGES";"Ausência de reação do condutor";"Colisão com objeto";"Sem Vítimas";"Plena Noite";"Crescente";"Chuva";"Simples";"Aclive";"Não";1;0;0;0;1;0;0;1;-27,77505719;-50,21053433;"SPRF-SC";"DEL05-SC";"UOP01-DEL05-SC"
480158;2022-10-12;"quarta-feira";"00:05:00";"RS";386;37,9;"FREDERICO WESTPHALEN";"Reação tardia ou ineficiente do condutor";"Colisão frontal";"Com Vítimas Fatais";"Plena Noite";"Crescente";"Garoa/Chuvisco";"Simples";"Reta";"Sim";4;1;0;1;1;1;1;3;-27,382351;-53,399605;"SPRF-RS";"DEL08-RS";"UOP02-DEL08-RS"
480166;2022-10-12;"quarta-feira";"03:40:00";"MG";40;687,6;"RESSAQUINHA";"Condutor Dormindo";"Colisão com objeto";"Com Vítimas Fatais";"Amanhecer";"Crescente";"Céu Claro";"Simples";"Reta";"Não";3;1;2;0;0;0;2;1;-21,101825;-43,763782;"SPRF-MG";"DEL05-MG";"UOP02-DEL05-MG"
480167;2022-10-12;"quarta-feira";"04:40:00";"GO";60;307;"ACREUNA";"Ausência de reação do condutor";"Saída de leito carroçável";"Com Vítimas Feridas";"Plena Noite";"Crescente";"Céu Claro";"Dupla";"Reta";"Não";1;0;1;0;0;0;1;1;-17,3986;-50,3873;"SPRF-GO";"DEL04-GO";"UOP02-DEL04-GO"
480168;2022-10-12;"quarta-feira";"04:00:00";"MG";116;276;"TEOFILO OTONI";"Transitar na contramão";"Colisão frontal";"Com Vítimas Fatais";"Amanhecer";"Crescente";"Céu Claro";"Dupla";"Reta";"Sim";5;1;0;0;1;3;0;4;-17,85105696;-41,51454492;"SPRF-MG";"DEL11-MG";"UOP01-DEL11-MG"
480171;2022-10-12;"quarta-feira";"05:00:00";"CE";222;136;"ITAPAJE";"Condutor Dormindo";"Colisão frontal";"Com Vítimas Fatais";"Amanhecer";"Crescente";"Céu Claro";"Simples";"Reta";"Não";3;1;0;0;1;1;0;3;-3,73622251;-39,67622342;"SPRF-CE";"DEL04-CE";"UOP03-DEL04-CE"
480173;2022-10-12;"quarta-feira";"03:40:00";"RJ";493;84;"JAPERI";"Condutor Dormindo";"Tombamento";"Sem Vítimas";"Plena Noite";"Decrescente";"Nevoeiro/Neblina";"Dupla";"Reta";"Não";2;0;0;0;1;2;0;3;-22,67389699;-43,54362488;"SPRF-RJ";"DEL01-RJ";"UOP03-DEL01-RJ"
480180;2022-10-12;"quarta-feira";"06:30:00";"PE";428;140,9;"PETROLINA";"Demais falhas mecânicas ou elétricas";"Colisão lateral sentido oposto";"Sem Vítimas";"Pleno dia";"Decrescente";"Céu Claro";"Simples";"Declive";"Sim";3;0;0;0;2;2;0;4;-9,01031889;-40,27594512;"SPRF-PE";"DEL06-PE";"UOP03-DEL06-PE"
480185;2022-10-12;"quarta-feira";"02:00:00";"MG";459;95,6;"POUSO ALEGRE";"Velocidade Incompatível";"Tombamento";"Com Vítimas Feridas";"Plena Noite";"Crescente";"Céu Claro";"Simples";"Curva";"Não";2;0;1;0;0;1;1;2;-22,20159;-45,963919;"SPRF-MG";"DEL09-MG";"UOP01-DEL09-MG"
480188;2022-10-12;"quarta-feira";"07:00:00";"SP";116;545;"BARRA DO TURVO";"Ausência de reação do condutor";"Colisão com objeto";"Sem Vítimas";"Amanhecer";"Decrescente";"Garoa/Chuvisco";"Simples";"Curva";"Não";2;0;0;0;1;1;0;2;-24,96333895;-48,42910767;"SPRF-SP";"DEL05-SP";"UOP02-DEL05-SP"
480203;2022-10-12;"quarta-feira";"08:15:00";"SP";116;182;"SANTA ISABEL";"Demais falhas mecânicas ou elétricas";"Tombamento";"Com Vítimas Feridas";"Pleno dia";"Decrescente";"Nublado";"Múltipla";"Declive;Reta";"Não";2;0;1;0;0;1;1;2;-23,34505765;-46,16213519;"SPRF-SP";"DEL01-SP";"NPF/DEL01-SP"
480223;2022-10-12;"quarta-feira";"11:40:00";"PR";373;436;"CHOPINZINHO";"Velocidade Incompatível";"Tombamento";"Com Vítimas Feridas";"Pleno dia";"Decrescente";"Céu Claro";"Simples";"Curva";"Não";2;0;0;1;0;1;1;2;-25,7835481;-52,26884658;"SPRF-PR";"DEL02-PR";"UOP01-DEL02-PR"
480226;2022-10-12;"quarta-feira";"13:15:00";"PE";232;197,5;"SANHARO";"Manobra de mudança de faixa";"Colisão lateral sentido oposto";"Com Vítimas Feridas";"Pleno dia";"Crescente";"Céu Claro";"Simples";"Reta";"Sim";7;0;3;1;3;0;4;2;-8,36941743;-36,58942097;"SPRF-PE";"DEL03-PE";"UOP02-DEL03-PE"
480229;2022-10-12;"quarta-feira";"13:05:00";"PI";343;16;"PARNAIBA";"Acessar a via sem observar a presença dos outros veículos";"Colisão transversal";"Com Vítimas Feridas";"Pleno dia";"Decrescente";"Céu Claro";"Simples";"Reta";"Sim";2;0;1;0;1;0;1;2;-2,945431;-41,756462;"SPRF-PI";"DEL05-PI";"UOP01-DEL05-PI"
480232;2022-10-12;"quarta-feira";"08:00:00";"SC";116;211;"CORREIA PINTO";"Velocidade Incompatível";"Saída de leito carroçável";"Com Vítimas Feridas";"Amanhecer";"Crescente";"Chuva";"Simples";"Curva";"Não";4;0;3;0;0;1;3;2;-27,51040007;-50,36397936;"SPRF-SC";"DEL05-SC";"UOP03-DEL05-SC"
480237;2022-10-12;"quarta-feira";"06:50:00";"BA";116;183;"CANUDOS";"Ausência de reação do condutor";"Saída de leito carroçável";"Com Vítimas Feridas";"Pleno dia";"Decrescente";"Céu Claro";"Simples";"Reta";"Não";3;0;1;0;1;3;1;4;-10,23966291;-39,08593564;"SPRF-BA";"DEL07-BA";"UOP02-DEL07-BA"
480238;2022-09-22;"quinta-feira";"10:00:00";"MT";70;270;"PRIMAVERA DO LESTE";"Reação tardia ou ineficiente do condutor";"Tombamento";"Com Vítimas Feridas";"Pleno dia";"Decrescente";"Céu Claro";"Simples";"Reta";"Não";2;0;0;1;0;2;1;3;-15,52958728;-54,21318586;"SPRF-MT";"DEL05-MT";"UOP01-DEL05-MT"
480242;2022-10-12;"quarta-feira";"12:00:00";"MA";10;251,1;"IMPERATRIZ";"Desrespeitar a preferência no cruzamento";"Colisão transversal";"Com Vítimas Feridas";"Pleno dia";"Decrescente";"Sol";"Simples";"Reta";"Sim";3;0;1;0;1;2;1;4;-5,543249;-47,464447;"SPRF-MA";"DEL04-MA";"UOP01-DEL04-MA"
480249;2022-09-21;"quarta-feira";"07:50:00";"PR";476;307,2;"SAO MATEUS DO SUL";"Avarias e/ou desgaste excessivo no pneu";"Colisão lateral sentido oposto";"Com Vítimas Feridas";"Pleno dia";"Crescente";"Nublado";"Simples";"Reta";"Não";3;0;1;0;1;2;1;4;-26,014744;-50,623989;"SPRF-PR";"DEL02-PR";"UOP04-DEL02-PR"
480253;2022-09-30;"sexta-feira";"13:00:00";"MG";116;55,3;"MEDINA";"Ausência de reação do condutor";"Colisão lateral sentido oposto";"Com Vítimas Feridas";"Pleno dia";"Decrescente";"Nublado";"Simples";"Reta";"Não";5;0;1;1;2;1;2;4;-16,09906303;-41,44690504;"SPRF-MG";"DEL11-MG";"UOP02-DEL11-MG"
480256;2022-10-12;"quarta-feira";"10:20:00";"BA";101;623;"MASCOTE";"Demais falhas mecânicas ou elétricas";"Tombamento";"Com Vítimas Feridas";"Pleno dia";"Decrescente";"Céu Claro";"Simples";"Curva";"Não";2;0;1;0;0;2;1;3;-15,676956;-39,440488;"SPRF-BA";"DEL05-BA";"UOP02-DEL05-BA"
480258;2022-10-12;"quarta-feira";"14:15:00";"CE";20;327,9;"CARIDADE";"Demais Fenômenos da natureza";"Incêndio";"Sem Vítimas";"Pleno dia";"Crescente";"Céu Claro";"Simples";"Reta";"Não";2;0;0;0;1;1;0;2;-4,22533442;-39,19640908;"SPRF-CE";"DEL02-CE";"UOP01-DEL02-CE"
480262;2022-10-12;"quarta-feira";"16:20:00";"MT";163;837;"SINOP";"Ausência de reação do condutor";"Engavetamento";"Com Vítimas Feridas";"Pleno dia";"Decrescente";"Nublado";"Simples";"Reta";"Sim";9;0;2;0;6;2;2;5;-11,83463244;-55,48833847;"SPRF-MT";"DEL06-MT";"NPF/DEL06-MT"
480267;2022-10-12;"quarta-feira";"07:00:00";"MT";158;662,6;"NOVA XAVANTINA";"Acostamento em desnível";"Tombamento";"Sem Vítimas";"Pleno dia";"Crescente";"Céu Claro";"Simples";"Reta";"Não";2;0;0;0;1;3;0;4;-14,73954593;-52,33761683;"SPRF-MT";"DEL07-MT";"UOP01-DEL07-MT"