"id";"data_inversa";"dia_semana";"horario";"uf";"br";"km";"municipio";"causa_acidente";"tipo_acidente";"classificacao_acidente";"fase_dia";"sentido_via";"condicao_metereologica";"tipo_pista";"tracado_via";"uso_solo";"pessoas";"mortos";"feridos_leves";"feridos_graves";"ilesos";"ignorados";"feridos";"veiculos";"latitude";"longitude";"regional";"delegacia";"uop"
480271;2022-10-12;"quarta-feira";"17:30:00";"PR";376;665;"GUARATUBA";"Problema com o freio";"Tombamento";"Com Vítimas Feridas";"Pleno dia";"Crescente";"Céu Claro";"Múltipla";"Curva";"Não";2;0;1;1;0;0;2;1;-25,85455838;-48,95670808;"SPRF-PR";"DEL01-PR";"UOP04-DEL01-PR"
480275;2022-08-21;"domingo";"07:05:00";"MG";153;66;"MONTE ALEGRE DE MINAS";"Ultrapassagem Indevida";"Colisão frontal";"Com Vítimas Feridas";"Pleno dia";"Crescente";"Céu Claro";"Simples";"Ponte";"Não";4;0;2;0;1;2;2;5;-18,9435501;-49,02560333;"SPRF-MG";"DEL15-MG";"UOP03-DEL15-MG"
480279;2022-10-12;"quarta-feira";"18:15:00";"MG";381;360;"JOAO MONLEVADE";"Ingestão de álcool pelo condutor";"Colisão frontal";"Com Vítimas Feridas";"Plena Noite";"Decrescente";"Céu Claro";"Simples";"Curva";"Sim";5;0;0;2;2;2;2;4;-19,85985912;-43,22566968;"SPRF-MG";"DEL03-MG";"UOP01-DEL03-MG"
480286;2022-10-12;"quarta-feira";"18:40:00";"SC";101;36;"JOINVILLE";"Ausência de reação do condutor";"Colisão traseira";"Sem Vítimas";"Plena Noite";"Crescente";"Nublado";"Dupla";"Reta";"Sim";2;0;0;0;1;1;0;2;-26,24573198;-48,9101069;"SPRF-SC";"DEL03-SC";"UOP01-DEL03-SC"
480288;2022-10-12;"quarta-feira";"20:05:00";"ES";101;270;"SERRA";"Velocidade Incompatível";"Tombamento";"Com Vítimas Feridas";"Plena Noite";"Crescente";"Céu Claro";"Dupla";"Viaduto";"Não";2;0;1;0;0;1;1;2;-20,22662056;-40,27075088;"SPRF-ES";"DEL02-ES";"UOP01-DEL02-ES"
480289;2022-10-12;"quarta-feira";"12:10:00";"MG";354;756;"ITAMONTE";"Animais na Pista";"Atropelamento de Animal";"Com Vítimas Feridas";"Pleno dia";"Decrescente";"Céu Claro";"Simples";"Reta";"Não";3;0;1;0;1;1;1;3;-22,31636395;-44,85331983;"SPRF-MG";"DEL17-MG";"UOP01-DEL17-MG"
480291;2022-10-12;"quarta-feira";"19:50:00";"PE";232;251;"ARCOVERDE";"Condutor deixou de manter distância do veículo da frente";"Colisão traseira";"Com Vítimas Feridas";"Plena Noite";"Decrescente";"Céu Claro";"Simples";"Ponte;Reta";"Não";6;0;2;0;4;0;2;2;-8,429241;-37,060127;"SPRF-PE";"DEL04-PE";"UOP02-DEL04-PE"
480295;2022-10-12;"quarta-feira";"21:20:00";"SP";116;448,4;"REGISTRO";"Objeto estático sobre o leito carroçável";"Colisão com objeto";"Sem Vítimas";"Plena Noite";"Decrescente";"Nublado";"Múltipla";"Reta";"Não";3;0;0;0;1;2;0;3;-24,52099699;-47,85336602;"SPRF-SP";"DEL05-SP";"UOP01-DEL05-SP"
480299;2022-10-12;"quarta-feira";"21:00:00";"PR";369;430;"JURANDA";"Mal súbito do condutor";"Tombamento";"Com Vítimas Fatais";"Plena Noite";"Decrescente";"Nublado";"Simples";"Aclive";"Não";2;1;0;0;0;1;0;2;-24,4538;-52,8507;"SPRF-PR";"DEL04-PR";"UOP03-DEL04-PR"
480303;2022-10-12;"quarta-feira";"17:45:00";"RO";435;123;"CEREJEIRAS";"Acessar a via sem observar a presença dos outros veículos";"Colisão lateral mesmo sentido";"Com Vítimas Feridas";"Anoitecer";"Decrescente";"Céu Claro";"Dupla";"Reta";"Sim";2;0;0;1;1;0;1;2;-13,18889171;-60,808424;"SPRF-RO";"DEL04-RO";"UOP02-DEL04-RO"
480320;2022-10-12;"quarta-feira";"23:00:00";"PI";343;333,5;"TERESINA";"Velocidade Incompatível";"Saída de leito carroçável";"Sem Vítimas";"Plena Noite";"Crescente";"Céu Claro";"Simples";"Interseção de Vias";"Não";3;0;0;0;3;0;0;3;-5,05674643;-42,68428802;"SPRF-PI";"DEL01-PI";"UOP01-DEL01-PI"
480325;2022-10-12;"quarta-feira";"18:30:00";"RO";364;579;"ITAPUA DO OESTE";"Ultrapassagem Indevida";"Colisão frontal";"Com Vítimas Fatais";"Plena Noite";"Decrescente";"Nublado";"Simples";"Reta";"Não";6;2;0;2;2;0;2;2;-9,40639392;-63,12436268;"SPRF-RO";"DEL01-RO";"UOP04-DEL01-RO"
480330;2022-10-13;"quinta-feira";"01:30:00";"MG";381;799,8;"SAO GONCALO DO SAPUCAI";"Condutor Dormindo";"Saída de leito carroçável";"Sem Vítimas";"Plena Noite";"Crescente";"Céu Claro";"Dupla";"Curva";"Não";1;0;0;0;1;0;0;1;-21,97237106;-45,63123585;"SPRF-MG";"DEL16-MG";"UOP02-DEL16-MG"
480332;2022-10-12;"quarta-feira";"23:00:00";"MG";251;259;"SANTA CRUZ DE SALINAS";"Condutor Dormindo";"Saída de leito carroçável";"Com Vítimas Feridas";"Plena Noite";"Decrescente";"Céu Claro";"Simples";"Curva";"Não";1;0;0;1;0;0;1;1;-16,00274632;-41,93284524;"SPRF-MG";"DEL11-MG";"UOP02-DEL11-MG"
480335;2022-10-13;"quinta-feira";"05:15:00";"SC";470;141,8;"RIO DO SUL";"Animais na Pista";"Atropelamento de Animal";"Sem Vítimas";"Amanhecer";"Crescente";"Nublado";"Simples";"Ponte;Curva";"Não";3;0;0;0;2;1;0;3;-27,20956426;-49,65189457;"SPRF-SC";"DEL04-SC";"UOP02-DEL04-SC"
480340;2022-10-13;"quinta-feira";"06:00:00";"PR";277;710;"SANTA TEREZINHA DE ITAIPU";"Reação tardia ou ineficiente do condutor";"Colisão com objeto";"Sem Vítimas";"Pleno dia";"Decrescente";"Céu Claro";"Dupla";"Reta";"Sim";1;0;0;0;1;0;0;1;-25,45042905;-54,41348698;"SPRF-PR";"DEL05-PR";"UOP01-DEL05-PR"
480346;2022-10-13;"quinta-feira";"06:30:00";"SP";116;132,9;"CACAPAVA";"Reação tardia ou ineficiente do condutor";"Colisão lateral mesmo sentido";"Com Vítimas Fatais";"Pleno dia";"Decrescente";"Céu Claro";"Dupla";"Reta";"Sim";3;1;0;0;2;0;0;2;-23,13169757;-45,74481322;"SPRF-SP";"DEL02-SP";"UOP02-DEL02-SP"
480358;2022-10-13;"quinta-feira";"07:35:00";"SC";101;413,2;"ARARANGUA";"Condutor deixou de manter distância do veículo da frente";"Colisão traseira";"Com Vítimas Feridas";"Pleno dia";"Decrescente";"Céu Claro";"Simples";"Rotatória";"Sim";6;0;1;1;3;1;2;4;-28,96316767;-49,51914668;"SPRF-SC";"DEL02-SC";"UOP02-DEL02-SC"
480359;2022-09-03;"sábado";"17:30:00";"MG";262;713;"ARAXA";"Ultrapassagem Indevida";"Saída de leito carroçável";"Com Vítimas Feridas";"Pleno dia";"Crescente";"Céu Claro";"Simples";"Reta";"Não";2;0;1;0;0;2;1;3;-19,5529156;-46,8786926;"SPRF-MG";"DEL08-MG";"UOP01-DEL08-MG"
480366;2022-10-13;"quinta-feira";"08:50:00";"RS";290;85,8;"PORTO ALEGRE";"Manobra de mudança de faixa";"Colisão lateral mesmo sentido";"Sem Vítimas";"Pleno dia";"Decrescente";"Céu Claro";"Múltipla";"Reta";"Não";6;0;0;0;5;1;0;4;-29,967936;-51,106873;"SPRF-RS";"DEL01-RS";"UOP01-DEL01-RS"
480370;2022-10-13;"quinta-feira";"08:10:00";"PR";116;111;"CURITIBA";"Condutor deixou de manter distância do veículo da frente";"Colisão traseira";"Com Vítimas Feridas";"Pleno dia";"Decrescente";"Garoa/Chuvisco";"Dupla";"Reta";"Sim";3;0;1;1;1;0;2;3;-25,56885181;-49,22724597;"SPRF-PR";"DEL01-PR";"UOP06-DEL01-PR"
480372;2022-10-13;"quinta-feira";"08:00:00";"PE";423;93;"GARANHUNS";"Reação tardia ou ineficiente do condutor";"Colisão traseira";"Sem Vítimas";"Pleno dia";"Crescente";"Céu Claro";"Simples";"Rotatória";"Sim";2;0;0;0;2;0;0;2;-8,86972012;-36,46323792;"SPRF-PE";"DEL03-PE";"UOP01-DEL03-PE"
480373;2022-10-13;"quinta-feira";"01:10:00";"AL";101;40;"JOAQUIM GOMES";"Acostamento em desnível";"Tombamento";"Com Vítimas Feridas";"Plena Noite";"Decrescente";"Céu Claro";"Dupla";"Reta";"Não";2;0;1;0;0;1;1;2;-9,16377891;-35,77034503;"SPRF-AL";"DEL01-AL";"UOP02-DEL01-AL"
480377;2022-10-13;"quinta-feira";"09:55:00";"MS";60;540;"NIOAQUE";"Conversão proibida";"Colisão traseira";"Com Vítimas Feridas";"Amanhecer";"Crescente";"Céu Claro";"Simples";"Declive";"Não";2;0;1;0;1;0;1;2;-21,144754;-55,82692;"SPRF-MS";"DEL05-MS";"UOP01-DEL05-MS"
480381;2022-08-03;"quarta-feira";"14:20:00";"SC";470;246;"CURITIBANOS";"Reação tardia ou ineficiente do condutor";"Colisão traseira";"Com Vítimas Feridas";"Pleno dia";"Decrescente";"Céu Claro";"Simples";"Reta";"Sim";2;0;1;0;1;0;1;2;-27,315086;-50,532715;"SPRF-SC";"DEL05-SC";"UOP03-DEL05-SC"
480382;2022-10-13;"quinta-feira";"09:18:00";"TO";153;736;"ALVORADA";"Demais falhas mecânicas ou elétricas";"Saída de leito carroçável";"Com Vítimas Feridas";"Pleno dia";"Crescente";"Céu Claro";"Simples";"Reta";"Não";2;0;2;0;0;0;2;1;-12,26229402;-49,15950958;"SPRF-TO";"DEL01-TO";"UOP02-DEL01-TO"
480386;2022-10-13;"quinta-feira";"10:55:00";"RJ";101;333;"RIO DE JANEIRO";"Condutor deixou de manter distância do veículo da frente";"Colisão traseira";"Sem Vítimas";"Pleno dia";"Decrescente";"Céu Claro";"Múltipla";"Reta";"Não";3;0;0;0;3;0;0;3;-22,87827816;-43,21053578;"SPRF-RJ";"DEL02-RJ";"UOP01-DEL02-RJ"
480390;2022-10-13;"quinta-feira";"11:50:00";"RS";116;476,4;"SAO LOURENCO DO SUL";"Mal súbito do condutor";"Saída de leito carroçável";"Sem Vítimas";"Pleno dia";"Decrescente";"Céu Claro";"Simples";"Curva";"Não";1;0;0;0;1;0;0;1;-31,37991208;-52,117431;"SPRF-RS";"DEL07-RS";"UOP01-DEL07-RS"
480391;2022-10-13;"quinta-feira";"11:00:00";"SC";282;21;"PALHOCA";"Acessar a via sem observar a presença dos outros veículos";"Colisão lateral mesmo sentido";"Com Vítimas Feridas";"Pleno dia";"Crescente";"Nublado";"Simples";"Reta";"Sim";2;0;0;1;1;0;1;2;-27,68907;-48,717541;"SPRF-SC";"DEL01-SC";"UOP02-DEL01-SC"
480393;2022-10-13;"quinta-feira";"12:50:00";"PR";369;87;"CORNELIO PROCOPIO";"Problema na suspensão";"Tombamento";"Com Vítimas Fatais";"Pleno dia";"Crescente";"Céu Claro";"Simples";"Curva";"Não";1;1;0;0;0;0;0;1;-23,18010679;-50,62520016;"SPRF-PR";"DEL07-PR";"UOP01-DEL07-PR"
480397;2022-10-13;"quinta-feira";"12:20:00";"PB";230;4;"CABEDELO";"Demais falhas na via";"Colisão com objeto";"Sem Vítimas";"Pleno dia";"Decrescente";"Céu Claro";"Dupla";"Aclive;Viaduto;Reta";"Sim";1;0;0;0;1;0;0;1;-7,00466294;-34,82897636;"SPRF-PB";"DEL01-PB";"UOP01-DEL01-PB"
480400;2022-10-13;"quinta-feira";"12:47:00";"RO";364;4,8;"VILHENA";"Acessar a via sem observar a presença dos outros veículos";"Colisão frontal";"Com Vítimas Fatais";"Pleno dia";"Decrescente";"Céu Claro";"Simples";"Reta";"Não";3;2;0;0;1;0;0;2;-12,789279;-60,088779;"SPRF-RO";"DEL04-RO";"UOP01-DEL04-RO"
480401;2022-09-18;"domingo";"16:00:00";"DF";80;0,2;"BRASILIA";"Acessar a via sem observar a presença dos outros veículos";"Colisão transversal";"Com Vítimas Feridas";"Pleno dia";"Crescente";"Céu Claro";"Simples";"Reta;Interseção de Vias";"Não";8;0;3;0;5;0;3;2;-15,735591;-48,075591;"SPRF-DF";"DEL03-DF";"UOP02-DEL03-DF"
480402;2022-10-13;"quinta-feira";"13:00:00";"PR";277;58;"SAO JOSE DOS PINHAIS";"Reação tardia ou ineficiente do condutor";"Colisão traseira";"Sem Vítimas";"Pleno dia";"Crescente";"Chuva";"Dupla";"Aclive";"Não";3;0;0;0;2;2;0;4;-25,55775346;-49,024316;"SPRF-PR";"DEL01-PR";"UOP01-DEL01-PR"
480404;2022-10-13;"quinta-feira";"07:40:00";"MA";222;477;"SANTA LUZIA";"Velocidade Incompatível";"Saída de leito carroçável";"Com Vítimas Feridas";"Pleno dia";"Decrescente";"Neve";"Simples";"Curva";"Não";2;0;1;0;0;2;1;3;-4,16836105;-46,12149397;"SPRF-MA";"DEL02-MA";"UOP01-DEL02-MA"
480406;2022-10-13;"quinta-feira";"14:52:00";"SC";470;58;"BLUMENAU";"Acesso irregular";"Colisão transversal";"Com Vítimas Feridas";"Pleno dia";"Decrescente";"Céu Claro";"Simples";"Em Obras;Reta";"Não";2;0;0;1;1;0;1;2;-26,883879;-49,145622;"SPRF-SC";"DEL04-SC";"UOP01-DEL04-SC"
480420;2022-10-09;"domingo";"22:00:00";"BA";30;277;"CAETITE";"Velocidade Incompatível";"Tombamento";"Com Vítimas Feridas";"Plena Noite";"Crescente";"Céu Claro";"Simples";"Curva";"Não";1;0;0;1;0;0;1;1;-14,09789655;-42,58010043;"SPRF-BA";"DEL08-BA";"UOP01-DEL08-BA"
480421;2022-10-13;"quinta-feira";"11:20:00";"PR";376;186,7;"MARIALVA";"Velocidade Incompatível";"Tombamento";"Sem Vítimas";"Pleno dia";"Crescente";"Chuva";"Dupla";"Aclive";"Não";2;0;0;0;1;3;0;4;-23,45643624;-51,84510713;"SPRF-PR";"DEL09-PR";"UOP01-DEL09-PR"
480424;2022-08-18;"quinta-feira";"23:05:00";"RJ";116;292,5;"PORTO REAL";"Condutor Dormindo";"Colisão traseira";"Com Vítimas Feridas";"Plena Noite";"Decrescente";"Nublado";"Dupla";"Aclive;Reta";"Sim";10;0;6;1;2;1;7;3;-22,46511993;-44,28491095;"SPRF-RJ";"DEL07-RJ";"UOP02-DEL07-RJ"
480427;2022-10-13;"quinta-feira";"14:45:00";"SC";116;271,6;"CAPAO ALTO";"Pedestre andava na pista";"Atropelamento de Pedestre";"Com Vítimas Feridas";"Pleno dia";"Decrescente";"Céu Claro";"Simples";"Reta";"Não";2;0;0;1;0;1;1;2;-27,97707988;-50,50914813;"SPRF-SC";"DEL05-SC";"UOP02-DEL05-SC"
480434;2022-10-13;"quinta-feira";"14:15:00";"MA";135;238,2;"PERITORO";"Condutor deixou de manter distância do veículo da frente";"Colisão traseira";"Com Vítimas Feridas";"Pleno dia";"Decrescente";"Céu Claro";"Simples";"Em Obras;Reta";"Não";2;0;1;0;0;1;1;2;-4,47096623;-44,36931852;"SPRF-MA";"DEL03-MA";"UOP01-DEL03-MA"
480438;2022-10-13;"quinta-feira";"16:40:00";"PR";376;254;"CALIFORNIA";"Velocidade Incompatível";"Tombamento";"Com Vítimas Feridas";"Pleno dia";"Crescente";"Nublado";"Simples";"Reta";"Não";3;0;1;1;0;1;2;2;-23,67758682;-51,35312989;"SPRF-PR";"DEL07-PR";"UOP03-DEL07-PR"
480443;2022-10-13;"quinta-feira";"16:15:00";"RS";101;379,9;"SAO JOSE DO NORTE";"Animais na Pista";"Atropelamento de Animal";"Com Vítimas Fatais";"Pleno dia";"Decrescente";"Céu Claro";"Simples";"Reta";"Não";5;2;0;1;1;2;1;4;-31,862571;-51,815801;"SPRF-RS";"DEL03-RS";"UOP01-DEL03-RS"
480448;2022-10-13;"quinta-feira";"15:50:00";"MT";163;1004;"TERRA NOVA DO NORTE";"Ultrapassagem Indevida";"Colisão frontal";"Com Vítimas Feridas";"Pleno dia";"Decrescente";"Garoa/Chuvisco";"Simples";"Reta";"Não";5;0;2;1;1;3;3;6;-10,58824596;-55,09321322;"SPRF-MT";"DEL06-MT";"UOP03-DEL06-MT"
480456;2022-10-13;"quinta-feira";"19:20:00";"RJ";116;305;"RESENDE";"Condutor Dormindo";"Colisão traseira";"Com Vítimas Feridas";"Plena Noite";"Crescente";"Céu Claro";"Dupla";"Reta";"Sim";3;0;1;0;1;1;1;3;-22,45573779;-44,39454802;"SPRF-RJ";"DEL07-RJ";"UOP02-DEL07-RJ"
480463;2022-10-13;"quinta-feira";"19:30:00";"MG";40;525;"CONTAGEM";"Entrada inopinada do pedestre";"Atropelamento de Pedestre";"Sem Vítimas";"Plena Noite";"Crescente";"Céu Claro";"Dupla";"Reta";"Sim";1;0;0;0;1;0;0;1;-19,88361702;-44,05039336;"SPRF-MG";"DEL01-MG";"UOP02-DEL01-MG"
480464;2022-10-13;"quinta-feira";"15:30:00";"MG";251;290,3;"SALINAS";"Carga excessiva e/ou mal acondicionada";"Tombamento";"Com Vítimas Feridas";"Pleno dia";"Crescente";"Céu Claro";"Simples";"Declive";"Não";2;0;1;0;1;0;1;1;-16,0601127;-42,19594908;"SPRF-MG";"DEL11-MG";"UOP02-DEL11-MG"
480465;2022-10-13;"quinta-feira";"19:20:00";"SC";470;12;"NAVEGANTES";"Acessar a via sem observar a presença dos outros veículos";"Colisão transversal";"Sem Vítimas";"Plena Noite";"Decrescente";"Nublado";"Simples";"Interseção de Vias";"Sim";3;0;0;0;2;1;0;3;-26,835169;-48,757267;"SPRF-SC";"DEL04-SC";"UOP04-DEL04-SC"
480469;2022-10-13;"quinta-feira";"18:20:00";"MS";163;377,4;"NOVA ALVORADA DO SUL";"Acessar a via sem observar a presença dos outros veículos";"Colisão traseira";"Com Vítimas Feridas";"Plena Noite";"Crescente";"Nublado";"Simples";"Reta";"Não";4;0;2;0;1;1;2;3;-21,36701296;-54,41465578;"SPRF-MS";"DEL02-MS";"UOP01-DEL02-MS"
480472;2022-10-13;"quinta-feira";"19:00:00";"BA";101;178;"SAO GONCALO DOS CAMPOS";"Acessar a via sem observar a presença dos outros veículos";"Atropelamento de Animal";"Com Vítimas Feridas";"Plena Noite";"Decrescente";"Céu Claro";"Simples";"Reta";"Não";2;0;0;1;0;1;1;2;-12,519078;-38,970829;"SPRF-BA";"DEL01-BA";"UOP03-DEL01-BA"
480486;2022-10-13;"quinta-feira";"23:00:00";"ES";101;429;"ATILIO VIVACQUA";"Transitar no acostamento";"Colisão traseira";"Com Vítimas Feridas";"Pleno dia";"Crescente";"Céu Claro";"Simples";"Aclive";"Não";3;0;1;0;1;1;1;3;-21,0256572;-41,15890984;"SPRF-ES";"DEL03-ES";"UOP02-DEL03-ES"
480489;2022-10-13;"quinta-feira";"23:00:00";"SC";470;115,1;"IBIRAMA";"Reação tardia ou ineficiente do condutor";"Colisão lateral sentido oposto";"Com Vítimas Feridas";"Plena Noite";"Decrescente";"Chuva";"Simples";"Reta";"Sim";3;0;1;0;1;1;1;3;-27,07865334;-49,4886446;"SPRF-SC";"DEL04-SC";"UOP02-DEL04-SC"
480490;2022-10-14;"sexta-feira";"00:40:00";"RS";386;45,3;"SEBERI";"Transitar na contramão";"Colisão frontal";"Com Vítimas Fatais";"Plena Noite";"Crescente";"Garoa/Chuvisco";"Simples";"Reta";"Não";2;1;0;0;1;0;0;2;-27,448933;-53,414272;"SPRF-RS";"DEL08-RS";"UOP02-DEL08-RS"
480494;2022-10-13;"quinta-feira";"23:50:00";"SP";116;437;"REGISTRO";"Reação tardia ou ineficiente do condutor";"Colisão traseira";"Sem Vítimas";"Plena Noite";"Decrescente";"Nublado";"Dupla";"Reta";"Não";4;0;0;0;3;1;0;3;-24,44201718;-47,79888683;"SPRF-SP";"DEL05-SP";"UOP01-DEL05-SP"
480497;2022-10-14;"sexta-feira";"03:10:00";"RJ";116;260;"VOLTA REDONDA";"Ausência de reação do condutor";"Colisão traseira";"Com Vítimas Fatais";"Pleno dia";"Decrescente";"Céu Claro";"Dupla";"Reta";"Não";3;2;0;0;1;0;0;2;-22,58273208;-44,04078998;"SPRF-RJ";"DEL07-RJ";"UOP02-DEL07-RJ"
480499;2022-10-14;"sexta-feira";"03:45:00";"SC";101;151;"ITAPEMA";"Ingestão de álcool pelo condutor";"Colisão traseira";"Sem Vítimas";"Plena Noite";"Crescente";"Chuva";"Dupla";"Reta";"Sim";3;0;0;0;2;2;0;4;-27,11744799;-48,60940987;"SPRF-SC";"DEL04-SC";"UOP03-DEL04-SC"
480501;2022-10-14;"sexta-feira";"03:25:00";"PR";476;268,4;"SAO MATEUS DO SUL";"Velocidade Incompatível";"Tombamento";"Com Vítimas Feridas";"Plena Noite";"Crescente";"Chuva";"Simples";"Reta";"Não";2;0;1;0;0;1;1;2;-25,896599;-50,320179;"SPRF-PR";"DEL02-PR";"UOP04-DEL02-PR"
480507;2022-10-14;"sexta-feira";"07:00:00";"BA";101;38;"ESPLANADA";"Acesso irregular";"Colisão traseira";"Com Vítimas Feridas";"Pleno dia";"Crescente";"Céu Claro";"Simples";"Declive";"Não";4;0;2;0;1;2;2;4;-11,83926609;-37,9902807;"SPRF-SE";"DEL02-SE";"UOP03-DEL02-SE"
480509;2022-10-14;"sexta-feira";"06:20:00";"GO";60;175,2;"ABADIA DE GOIAS";"Ausência de reação do condutor";"Colisão traseira";"Com Vítimas Feridas";"Amanhecer";"Decrescente";"Céu Claro";"Dupla";"Aclive";"Não";3;0;0;1;1;2;1;4;-16,7563;-49,4402;"SPRF-GO";"DEL01-GO";"UOP02-DEL01-GO"
480510;2022-10-14;"sexta-feira";"04:30:00";"PE";232;20;"MORENO";"Ausência de sinalização";"Colisão lateral mesmo sentido";"Sem Vítimas";"Amanhecer";"Decrescente";"Ignorado";"Dupla";"Reta";"Não";2;0;0;0;1;1;0;2;-8,096068;-35,070252;"SPRF-PE";"DEL01-PE";"UOP01-DEL01-PE"
480512;2022-10-14;"sexta-feira";"05:20:00";"MG";116;711;"MURIAE";"Velocidade Incompatível";"Tombamento";"Com Vítimas Feridas";"Amanhecer";"Crescente";"Céu Claro";"Simples";"Curva";"Não";2;0;1;0;0;1;1;2;-21,16879312;-42,37062715;"SPRF-MG";"DEL07-MG";"UOP02-DEL07-MG"
480519;2022-10-14;"sexta-feira";"07:15:00";"SC";470;119;"IBIRAMA";"Velocidade Incompatível";"Tombamento";"Com Vítimas Feridas";"Pleno dia";"Decrescente";"Garoa/Chuvisco";"Simples";"Interseção de Vias";"Sim";2;0;1;0;0;1;1;2;-27,08241707;-49,52055216;"SPRF-SC";"DEL04-SC";"UOP02-DEL04-SC"
480521;2022-10-14;"sexta-feira";"07:50:00";"MG";40;522;"CONTAGEM";"Reação tardia ou ineficiente do condutor";"Colisão traseira";"Com Vítimas Feridas";"Pleno dia";"Crescente";"Céu Claro";"Dupla";"Reta";"Não";3;0;2;0;1;0;2;2;-19,8638731;-44,06749809;"SPRF-MG";"DEL01-MG";"UOP02-DEL01-MG"
480523;2022-10-14;"sexta-feira";"08:20:00";"PR";277;53;"SAO JOSE DOS PINHAIS";"Condutor deixou de manter distância do veículo da frente";"Colisão traseira";"Com Vítimas Feridas";"Pleno dia";"Decrescente";"Chuva";"Dupla";"Declive";"Não";3;0;1;0;1;1;1;3;-25,591842;-48,92584;"SPRF-PR";"DEL01-PR";"UOP01-DEL01-PR"
480524;2022-10-14;"sexta-feira";"07:20:00";"RJ";40;93,8;"PETROPOLIS";"Velocidade Incompatível";"Saída de leito carroçável";"Com Vítimas Feridas";"Pleno dia";"Crescente";"Céu Claro";"Simples";"Curva;Declive";"Não";2;0;0;1;0;1;1;2;-22,5566748;-43,263731;"SPRF-RJ";"DEL01-RJ";"UOP01-DEL01-RJ"
480526;2022-10-14;"sexta-feira";"07:10:00";"RJ";116;142;"DUQUE DE CAXIAS";"Ausência de reação do condutor";"Engavetamento";"Com Vítimas Feridas";"Pleno dia";"Crescente";"Céu Claro";"Dupla";"Reta";"Não";6;0;3;0;3;0;3;3;-22,64876087;-43,23031638;"SPRF-RJ";"DEL01-RJ";"UOP01-DEL01-RJ"
480529;2022-10-14;"sexta-feira";"04:40:00";"MT";70;371;"CAMPO VERDE";"Condutor Dormindo";"Tombamento";"Com Vítimas Feridas";"Plena Noite";"Crescente";"Ignorado";"Simples";"Curva";"Não";1;0;1;0;0;0;1;1;-15,49238084;-55,08747362;"SPRF-MT";"DEL05-MT";"UOP02-DEL05-MT"
480535;2022-10-13;"quinta-feira";"19:00:00";"RN";304;231;"RIACHUELO";"Reação tardia ou ineficiente do condutor";"Saída de leito carroçável";"Sem Vítimas";"Plena Noite";"Crescente";"Ignorado";"Simples";"Curva";"Não";1;0;0;0;0;1;0;1;-5,753102;-35,892558;"SPRF-RN";"DEL01-RN";"UOP02-DEL01-RN"
480536;2022-10-14;"sexta-feira";"08:30:00";"PE";101;80,8;"JABOATAO DOS GUARARAPES";"Acessar a via sem observar a presença dos outros veículos";"Colisão transversal";"Com Vítimas Fatais";"Pleno dia";"Decrescente";"Céu Claro";"Múltipla";"Reta";"Sim";4;1;1;0;1;1;1;3;-8,155003;-34,941621;"SPRF-PE";"DEL01-PE";"UOP01-DEL01-PE"
480540;2022-10-14;"sexta-feira";"07:00:00";"MS";262;53;"TRES LAGOAS";"Condutor deixou de manter distância do veículo da frente";"Colisão traseira";"Com Vítimas Feridas";"Pleno dia";"Crescente";"Céu Claro";"Simples";"Reta";"Não";3;0;1;0;2;0;1;2;-20,74424025;-52,08835706;"SPRF-MS";"DEL07-MS";"UOP01-DEL07-MS"
480542;2022-10-14;"sexta-feira";"07:10:00";"BA";101;147;"TEODORO SAMPAIO";"Acostamento em desnível";"Tombamento";"Com Vítimas Feridas";"Pleno dia";"Crescente";"Céu Claro";"Simples";"Reta";"Não";2;0;1;0;0;2;1;3;-12,30610301;-38,71948397;"SPRF-BA";"DEL01-BA";"UOP04-DEL01-BA"
480544;2022-10-14;"sexta-feira";"10:00:00";"PR";277;12,2;"PARANAGUA";"Reação tardia ou ineficiente do condutor";"Colisão transversal";"Com Vítimas Fatais";"Pleno dia";"Decrescente";"Chuva";"Dupla";"Retorno Regulamentado";"Não";5;1;0;1;1;4;1;6;-25,5640444;-48,6328111;"SPRF-PR";"DEL01-PR";"UOP05-DEL01-PR"
480546;2022-10-14;"sexta-feira";"10:25:00";"ES";259;91,8;"BAIXO GUANDU";"Transitar na contramão";"Colisão transversal";"Com Vítimas Feridas";"Pleno dia";"Crescente";"Sol";"Simples";"Reta";"Não";4;0;2;1;1;0;3;3;-19,50862357;-40,91646598;"SPRF-ES";"DEL02-ES";"UOP01-DEL02-ES"
480556;2022-09-28;"quarta-feira";"22:35:00";"GO";153;496,5;"GOIANIA";"Manobra de mudança de faixa";"Tombamento";"Com Vítimas Feridas";"Plena Noite";"Decrescente";"Céu Claro";"Dupla";"Reta";"Sim";3;0;1;1;0;1;2;2;-16,6776;-49,2314;"SPRF-GO";"DEL01-GO";"UOP01-DEL01-GO"
480558;2022-10-14;"sexta-feira";"09:46:00";"RJ";116;127;"MAGE";"Acessar a via sem observar a presença dos outros veículos";"Colisão lateral mesmo sentido";"Com Vítimas Feridas";"Pleno dia";"Crescente";"Nublado";"Dupla";"Reta";"Sim";2;0;1;0;0;1;1;2;-22,65718537;-43,12949181;"SPRF-RJ";"DEL04-RJ";"UOP02-DEL04-RJ"
480559;2022-10-14;"sexta-feira";"11:00:00";"SC";470;64,5;"INDAIAL";"Condutor deixou de manter distância do veículo da frente";"Colisão traseira";"Com Vítimas Feridas";"Pleno dia";"Crescente";"Chuva";"Simples";"Reta";"Não";3;0;1;0;2;0;1;3;-26,869867;-49,201859;"SPRF-SC";"DEL04-SC";"UOP01-DEL04-SC"