"id";"data_inversa";"dia_semana";"horario";"uf";"br";"km";"municipio";"causa_acidente";"tipo_acidente";"classificacao_acidente";"fase_dia";"sentido_via";"condicao_metereologica";"tipo_pista";"tracado_via";"uso_solo";"pessoas";"mortos";"feridos_leves";"feridos_graves";"ilesos";"ignorados";"feridos";"veiculos";"latitude";"longitude";"regional";"delegacia";"uop"
480922;2022-10-15;"sábado";"22:50:00";"MT";163;829;"SINOP";"Ingestão de álcool pelo condutor";"Colisão traseira";"Sem Vítimas";"Plena Noite";"Crescente";"Nublado";"Dupla";"Reta";"Sim";2;0;0;0;1;1;0;2;-12,040704;-55,51732275;"SPRF-MT";"DEL06-MT";"NPF/DEL06-MT"
480926;2022-10-15;"sábado";"21:30:00";"SP";116;230;"SAO PAULO";"Entrada inopinada do pedestre";"Atropelamento de Pedestre";"Com Vítimas Feridas";"Plena Noite";"Decrescente";"Nublado";"Múltipla";"Reta";"Sim";2;0;0;1;1;0;1;2;-23,52251783;-46,5855702;"SPRF-SP";"DEL01-SP";"UOP01-DEL01-SP"
480928;2022-10-16;"domingo";"00:25:00";"PR";376;14;"MARINGA";"Condutor deixou de manter distância do veículo da frente";"Colisão traseira";"Sem Vítimas";"Plena Noite";"Crescente";"Nublado";"Dupla";"Aclive";"Sim";3;0;0;0;2;1;0;3;-23,39955207;-51,88084781;"SPRF-PR";"DEL09-PR";"UOP01-DEL09-PR"
480941;2022-10-16;"domingo";"02:30:00";"RJ";101;472;"ANGRA DOS REIS";"Transitar na contramão";"Colisão transversal";"Com Vítimas Feridas";"Plena Noite";"Crescente";"Nublado";"Simples";"Curva";"Não";8;0;2;2;4;0;4;2;-22,988676;-44,23305893;"SPRF-RJ";"DEL03-RJ";"UOP03-DEL03-RJ"
480945;2022-10-16;"domingo";"02:20:00";"MG";251;473,7;"FRANCISCO SA";"Demais falhas mecânicas ou elétricas";"Saída de leito carroçável";"Com Vítimas Feridas";"Plena Noite";"Decrescente";"Céu Claro";"Simples";"Curva;Declive";"Não";1;0;0;1;0;0;1;1;-16,47012768;-43,44753404;"SPRF-MG";"DEL12-MG";"UOP01-DEL12-MG"
480946;2022-10-15;"sábado";"21:45:00";"BA";242;463,4;"IBITIARA";"Condutor Dormindo";"Colisão frontal";"Com Vítimas Fatais";"Plena Noite";"Crescente";"Nublado";"Simples";"Curva";"Não";2;1;0;0;1;0;0;2;-12,4423791;-42,17379204;"SPRF-BA";"DEL06-BA";"UOP01-DEL06-BA"
480978;2022-10-16;"domingo";"06:30:00";"PR";376;593,9;"CURITIBA";"Pedestre andava na pista";"Atropelamento de Pedestre";"Com Vítimas Fatais";"Pleno dia";"Crescente";"Chuva";"Dupla";"Viaduto";"Sim";3;1;0;0;1;1;0;3;-25,47642706;-49,35092413;"SPRF-PR";"DEL01-PR";"UOP06-DEL01-PR"
480980;2022-10-16;"domingo";"06:20:00";"MA";10;257;"IMPERATRIZ";"Condutor Dormindo";"Colisão lateral sentido oposto";"Sem Vítimas";"Amanhecer";"Crescente";"Céu Claro";"Simples";"Reta";"Sim";3;0;0;0;2;1;0;3;-5,492242;-47,471959;"SPRF-MA";"DEL04-MA";"UOP01-DEL04-MA"
480984;2022-10-16;"domingo";"04:10:00";"BA";242;416;"SEABRA";"Ingestão de álcool pelo condutor";"Colisão frontal";"Com Vítimas Fatais";"Amanhecer";"Decrescente";"Nublado";"Simples";"Reta";"Não";3;1;0;0;1;2;0;4;-12,42981176;-41,78832603;"SPRF-BA";"DEL06-BA";"UOP01-DEL06-BA"
480987;2022-10-16;"domingo";"08:00:00";"MG";153;147,8;"CAMPO FLORIDO";"Desrespeitar a preferência no cruzamento";"Colisão transversal";"Com Vítimas Feridas";"Pleno dia";"Crescente";"Céu Claro";"Simples";"Interseção de Vias";"Não";4;0;0;1;2;1;1;3;-19,62432356;-48,84561218;"SPRF-MG";"DEL13-MG";"UOP02-DEL13-MG"
481001;2022-10-16;"domingo";"07:45:00";"PR";376;653;"TIJUCAS DO SUL";"Demais falhas mecânicas ou elétricas";"Incêndio";"Sem Vítimas";"Pleno dia";"Decrescente";"Chuva";"Dupla";"Curva";"Não";2;0;0;0;1;2;0;3;-25,84420191;-49,0604381;"SPRF-PR";"DEL01-PR";"UOP04-DEL01-PR"
481003;2022-10-16;"domingo";"08:29:00";"MT";163;1063;"GUARANTA DO NORTE";"Acesso irregular";"Colisão transversal";"Com Vítimas Feridas";"Pleno dia";"Crescente";"Sol";"Simples";"Reta";"Sim";3;0;1;0;1;3;1;5;-9,96531499;-54,90507971;"SPRF-MT";"DEL06-MT";"NPF/DEL06-MT"
481007;2022-10-16;"domingo";"10:00:00";"PR";116;66;"QUATRO BARRAS";"Ausência de reação do condutor";"Colisão com objeto";"Com Vítimas Feridas";"Pleno dia";"Decrescente";"Chuva";"Dupla";"Curva";"Não";3;0;1;1;1;0;2;2;-25,31033956;-49,01212903;"SPRF-PR";"DEL01-PR";"UOP02-DEL01-PR"
481009;2022-10-16;"domingo";"09:00:00";"AP";156;303;"MACAPA";"Transitar na contramão";"Colisão frontal";"Com Vítimas Fatais";"Pleno dia";"Crescente";"Céu Claro";"Simples";"Curva";"Não";3;1;2;0;0;0;2;2;0,46993371;-51,08203332;"SPRF-AP";"DEL01-AP";"UOP01-DEL01-AP"
481019;2022-10-16;"domingo";"06:30:00";"BA";242;645;"MUQUEM DE SAO FRANCISCO";"Ausência de reação do condutor";"Colisão traseira";"Sem Vítimas";"Pleno dia";"Decrescente";"Sol";"Simples";"Reta";"Não";3;0;0;0;2;4;0;6;-12,21425604;-43,553941;"SPRF-BA";"DEL10-BA";"UOP02-DEL10-BA"
481023;2022-10-15;"sábado";"19:00:00";"BA";30;272;"CAETITE";"Curva acentuada";"Saída de leito carroçável";"Com Vítimas Feridas";"Anoitecer";"Decrescente";"Céu Claro";"Simples";"Reta";"Não";1;0;1;0;0;0;1;1;-14,09789655;-42,58010043;"SPRF-BA";"DEL08-BA";"UOP01-DEL08-BA"
481026;2022-10-16;"domingo";"11:20:00";"CE";304;56,3;"ARACATI";"Reação tardia ou ineficiente do condutor";"Saída de leito carroçável";"Sem Vítimas";"Pleno dia";"Decrescente";"Céu Claro";"Simples";"Reta";"Não";1;0;0;0;0;1;0;1;-4,58369534;-37,71124914;"SPRF-CE";"DEL03-CE";"UOP03-DEL03-CE"
481037;2022-10-16;"domingo";"13:20:00";"SC";101;16,6;"GARUVA";"Ausência de reação do condutor";"Colisão traseira";"Com Vítimas Feridas";"Pleno dia";"Crescente";"Nublado";"Dupla";"Reta";"Não";3;0;0;1;1;1;1;3;-26,11427473;-48,87647034;"SPRF-SC";"DEL03-SC";"UOP01-DEL03-SC"
481044;2022-10-16;"domingo";"13:45:00";"PR";277;352;"GUARAPUAVA";"Desrespeitar a preferência no cruzamento";"Colisão transversal";"Com Vítimas Feridas";"Pleno dia";"Decrescente";"Nublado";"Simples";"Interseção de Vias";"Sim";3;0;1;0;1;1;1;3;-25,390621;-51,521241;"SPRF-PR";"DEL08-PR";"UOP01-DEL08-PR"
481049;2022-10-16;"domingo";"09:50:00";"PB";230;27;"JOAO PESSOA";"Demais falhas mecânicas ou elétricas";"Tombamento";"Com Vítimas Feridas";"Pleno dia";"Crescente";"Céu Claro";"Dupla";"Reta";"Sim";1;0;1;0;0;0;1;1;-7,1653252;-34,89506721;"SPRF-PB";"DEL01-PB";"UOP01-DEL01-PB"
481050;2022-10-16;"domingo";"13:40:00";"MG";381;526,7;"BRUMADINHO";"Velocidade Incompatível";"Tombamento";"Com Vítimas Feridas";"Pleno dia";"Crescente";"Céu Claro";"Dupla";"Declive;Curva";"Não";3;0;2;0;0;1;2;2;-20,16175378;-44,34144636;"SPRF-MG";"DEL04-MG";"UOP03-DEL04-MG"
481051;2022-10-16;"domingo";"15:50:00";"SP";116;225;"GUARULHOS";"Pedestre andava na pista";"Atropelamento de Pedestre";"Com Vítimas Feridas";"Pleno dia";"Decrescente";"Nublado";"Múltipla";"Reta";"Sim";3;0;0;1;1;1;1;3;-23,48586772;-46,54075317;"SPRF-SP";"DEL01-SP";"UOP01-DEL01-SP"
481074;2022-10-16;"domingo";"17:15:00";"GO";153;356,2;"JARAGUA";"Acesso irregular";"Colisão transversal";"Com Vítimas Feridas";"Pleno dia";"Decrescente";"Sol";"Dupla";"Interseção de Vias;Reta";"Sim";3;0;0;1;1;1;1;3;-15,707553;-49,331131;"SPRF-GO";"DEL02-GO";"UOP02-DEL02-GO"
481077;2022-10-16;"domingo";"15:00:00";"MG";251;263;"SALINAS";"Transitar na contramão";"Colisão frontal";"Com Vítimas Feridas";"Pleno dia";"Decrescente";"Céu Claro";"Simples";"Reta";"Não";3;0;1;0;1;2;1;4;-15,99703676;-41,96998007;"SPRF-MG";"DEL11-MG";"UOP02-DEL11-MG"
481081;2022-10-16;"domingo";"11:15:00";"MT";70;147;"GENERAL CARNEIRO";"Demais falhas mecânicas ou elétricas";"Incêndio";"Sem Vítimas";"Pleno dia";"Crescente";"Céu Claro";"Simples";"Curva";"Não";1;0;0;0;1;0;0;1;-15,58798236;-53,34568731;"SPRF-MT";"DEL07-MT";"UOP01-DEL07-MT"
481086;2022-10-16;"domingo";"16:00:00";"MT";158;561,5;"AGUA BOA";"Reação tardia ou ineficiente do condutor";"Tombamento";"Sem Vítimas";"Pleno dia";"Crescente";"Céu Claro";"Simples";"Reta";"Não";2;0;0;0;1;3;0;4;-13,99436262;-52,14553549;"SPRF-MT";"DEL07-MT";"UOP02-DEL07-MT"
481093;2022-10-16;"domingo";"18:40:00";"MG";381;441;"SABARA";"Entrada inopinada do pedestre";"Atropelamento de Pedestre";"Com Vítimas Feridas";"Anoitecer";"Crescente";"Céu Claro";"Simples";"Reta";"Não";3;0;0;1;1;1;1;2;-19,81604176;-43,80389901;"SPRF-MG";"DEL01-MG";"UOP01-DEL01-MG"
481097;2022-10-16;"domingo";"12:20:00";"PR";277;169;"PALMEIRA";"Velocidade Incompatível";"Tombamento";"Com Vítimas Feridas";"Pleno dia";"Crescente";"Céu Claro";"Simples";"Curva";"Não";3;0;1;0;1;2;1;3;-25,46271613;-49,922854;"SPRF-PR";"DEL03-PR";"UOP03-DEL03-PR"
481098;2022-10-16;"domingo";"18:15:00";"MG";116;705,3;"MURIAE";"Entrada inopinada do pedestre";"Atropelamento de Pedestre";"Com Vítimas Feridas";"Anoitecer";"Crescente";"Céu Claro";"Simples";"Interseção de Vias";"Sim";3;0;1;0;1;1;1;2;-21,1404896;-42,38136978;"SPRF-MG";"DEL07-MG";"UOP02-DEL07-MG"
481105;2022-10-16;"domingo";"20:20:00";"MG";40;569,8;"NOVA LIMA";"Pedestre andava na pista";"Atropelamento de Pedestre";"Com Vítimas Feridas";"Plena Noite";"Decrescente";"Céu Claro";"Simples";"Reta";"Sim";3;0;0;1;1;1;1;3;-20,20394093;-43,97409456;"SPRF-MG";"DEL01-MG";"UOP02-DEL01-MG"
481107;2022-10-16;"domingo";"15:22:00";"PI";230;260;"NAZARE DO PIAUI";"Demais falhas mecânicas ou elétricas";"Incêndio";"Sem Vítimas";"Pleno dia";"Decrescente";"Sol";"Simples";"Curva";"Não";2;0;0;0;1;2;0;3;-7,00209294;-42,63428502;"SPRF-PI";"DEL03-PI";"UOP01-DEL03-PI"
481108;2022-10-16;"domingo";"19:50:00";"SC";282;406;"CATANDUVAS";"Ingestão de álcool pelo condutor";"Colisão traseira";"Com Vítimas Feridas";"Plena Noite";"Decrescente";"Nublado";"Simples";"Aclive";"Sim";3;0;1;0;1;2;1;4;-27,092703;-51,659904;"SPRF-SC";"DEL07-SC";"UOP05-DEL07-SC"
481119;2022-10-16;"domingo";"19:30:00";"RS";386;281,6;"SAO JOSE DO HERVAL";"Acessar a via sem observar a presença dos outros veículos";"Colisão transversal";"Com Vítimas Fatais";"Plena Noite";"Decrescente";"Céu Claro";"Simples";"Reta";"Sim";3;1;0;0;1;1;0;3;-29,043218;-52,297842;"SPRF-RS";"DEL04-RS";"UOP03-DEL04-RS"
481138;2022-10-16;"domingo";"19:00:00";"PE";104;18;"TAQUARITINGA DO NORTE";"Ingestão de álcool pelo condutor";"Colisão frontal";"Com Vítimas Feridas";"Plena Noite";"Crescente";"Nublado";"Simples";"Reta";"Não";4;0;0;2;0;2;2;3;-7,939486;-36,124489;"SPRF-PE";"DEL02-PE";"UOP01-DEL02-PE"
481141;2022-10-16;"domingo";"13:00:00";"MA";230;124;"PASTOS BONS";"Carga excessiva e/ou mal acondicionada";"Tombamento";"Com Vítimas Feridas";"Pleno dia";"Crescente";"Céu Claro";"Simples";"Curva";"Não";3;0;1;1;0;1;2;2;-6,55030267;-43,94863606;"SPRF-MA";"DEL05-MA";"UOP01-DEL05-MA"
481146;2022-10-16;"domingo";"22:55:00";"MG";381;851,9;"POUSO ALEGRE";"Reação tardia ou ineficiente do condutor";"Saída de leito carroçável";"Com Vítimas Feridas";"Pleno dia";"Crescente";"Céu Claro";"Dupla";"Reta";"Não";2;0;1;0;0;1;1;2;-22,254146;-45,888101;"SPRF-MG";"DEL16-MG";"UOP01-DEL16-MG"
481148;2022-10-16;"domingo";"23:15:00";"SC";101;158,8;"PORTO BELO";"Acessar a via sem observar a presença dos outros veículos";"Colisão transversal";"Com Vítimas Feridas";"Plena Noite";"Crescente";"Céu Claro";"Dupla";"Reta";"Não";3;0;1;0;1;1;1;3;-27,19096301;-48,61259017;"SPRF-SC";"DEL04-SC";"UOP03-DEL04-SC"
481160;2022-10-16;"domingo";"22:15:00";"MG";50;107,8;"UBERABA";"Ausência de reação do condutor";"Saída de leito carroçável";"Com Vítimas Feridas";"Plena Noite";"Decrescente";"Céu Claro";"Dupla";"Aclive";"Não";1;0;1;0;0;0;1;1;-19,19728496;-48,15250484;"SPRF-MG";"DEL13-MG";"UOP01-DEL13-MG"
481173;2022-10-17;"segunda-feira";"00:05:00";"MG";153;75,8;"MONTE ALEGRE DE MINAS";"Ausência de reação do condutor";"Tombamento";"Com Vítimas Feridas";"Plena Noite";"Crescente";"Vento";"Simples";"Reta";"Não";2;0;1;0;0;1;1;2;-19,02227706;-49,01308814;"SPRF-MG";"DEL15-MG";"UOP03-DEL15-MG"
481186;2022-10-17;"segunda-feira";"04:25:00";"SP";116;283;"EMBU DAS ARTES";"Pedestre andava na pista";"Atropelamento de Pedestre";"Com Vítimas Fatais";"Amanhecer";"Crescente";"Nublado";"Dupla";"Reta";"Sim";2;1;0;0;0;1;0;2;-23,69297005;-46,86352786;"SPRF-SP";"DEL04-SP";"UOP01-DEL04-SP"
481189;2022-10-17;"segunda-feira";"05:40:00";"ES";262;40;"DOMINGOS MARTINS";"Velocidade Incompatível";"Tombamento";"Com Vítimas Feridas";"Pleno dia";"Crescente";"Céu Claro";"Dupla";"Declive;Curva";"Não";1;0;1;0;0;0;1;1;-20,38288086;-40,63997854;"SPRF-ES";"DEL01-ES";"UOP01-DEL01-ES"
481192;2022-10-16;"domingo";"21:20:00";"CE";222;265,7;"COREAU";"Demais falhas mecânicas ou elétricas";"Colisão com objeto";"Com Vítimas Feridas";"Plena Noite";"Decrescente";"Nublado";"Simples";"Ponte";"Não";4;0;0;1;2;1;1;4;-3,75009482;-40,70704937;"SPRF-CE";"DEL04-CE";"UOP02-DEL04-CE"
481200;2022-10-16;"domingo";"13:30:00";"BA";242;243;"ITABERABA";"Velocidade Incompatível";"Tombamento";"Com Vítimas Fatais";"Pleno dia";"Decrescente";"Sol";"Simples";"Curva";"Não";3;1;0;0;1;4;0;6;-12,501126;-40,426228;"SPRF-BA";"DEL06-BA";"UOP02-DEL06-BA"
481203;2022-10-17;"segunda-feira";"07:55:00";"PR";369;107,9;"URAI";"Ausência de reação do condutor";"Colisão lateral mesmo sentido";"Com Vítimas Feridas";"Pleno dia";"Decrescente";"Sol";"Dupla";"Declive;Reta";"Não";3;0;0;1;1;1;1;3;-23,26448129;-50,78701615;"SPRF-PR";"DEL07-PR";"UOP05-DEL07-PR"
481209;2022-10-17;"segunda-feira";"06:00:00";"SC";282;564;"NOVA ERECHIM";"Pedestre andava na pista";"Atropelamento de Pedestre";"Com Vítimas Feridas";"Amanhecer";"Decrescente";"Nublado";"Simples";"Declive";"Não";2;0;1;0;1;0;1;2;-26,898739;-52,877975;"SPRF-SC";"DEL07-SC";"UOP02-DEL07-SC"
481210;2022-10-17;"segunda-feira";"06:05:00";"GO";20;3,5;"FORMOSA";"Acumulo de óleo sobre o pavimento";"Colisão traseira";"Sem Vítimas";"Amanhecer";"Crescente";"Céu Claro";"Dupla";"Reta";"Não";5;0;0;0;4;5;0;9;-15,567487;-47,320309;"SPRF-DF";"DEL02-DF";"UOP02-DEL02-DF"
481211;2022-10-16;"domingo";"12:30:00";"MG";381;560,5;"ITAGUARA";"Velocidade Incompatível";"Tombamento";"Com Vítimas Feridas";"Pleno dia";"Crescente";"Céu Claro";"Dupla";"Curva";"Não";2;0;2;0;0;0;2;1;-20,38551554;-44,48916608;"SPRF-MG";"DEL04-MG";"UOP03-DEL04-MG"
481215;2022-08-29;"segunda-feira";"07:40:00";"GO";153;324,9;"RIANAPOLIS";"Condutor deixou de manter distância do veículo da frente";"Engavetamento";"Com Vítimas Feridas";"Pleno dia";"Decrescente";"Céu Claro";"Simples";"Aclive;Reta";"Não";7;0;4;0;1;2;4;5;-15,490137;-49,490105;"SPRF-GO";"DEL02-GO";"UOP02-DEL02-GO"
481217;2022-10-17;"segunda-feira";"09:00:00";"RJ";40;103;"DUQUE DE CAXIAS";"Avarias e/ou desgaste excessivo no pneu";"Queda de ocupante de veículo";"Com Vítimas Feridas";"Pleno dia";"Crescente";"Céu Claro";"Múltipla";"Reta";"Sim";3;0;2;0;1;0;2;2;-22,62009;-43,286922;"SPRF-RJ";"DEL01-RJ";"UOP01-DEL01-RJ"
481226;2022-10-17;"segunda-feira";"10:00:00";"PE";101;92,3;"CABO DE SANTO AGOSTINHO";"Reação tardia ou ineficiente do condutor";"Tombamento";"Com Vítimas Feridas";"Pleno dia";"Crescente";"Céu Claro";"Dupla";"Reta";"Sim";2;0;1;0;1;0;1;1;-8,23201792;-34,99778611;"SPRF-PE";"DEL01-PE";"UOP01-DEL01-PE"
481227;2022-10-17;"segunda-feira";"10:20:00";"PR";116;81;"PIRAQUARA";"Ausência de reação do condutor";"Colisão traseira";"Com Vítimas Feridas";"Pleno dia";"Decrescente";"Céu Claro";"Dupla";"Reta";"Não";3;0;1;0;1;1;1;3;-25,40969292;-49,0632661;"SPRF-PR";"DEL01-PR";"UOP02-DEL01-PR"
481228;2022-10-17;"segunda-feira";"10:54:00";"RS";290;77;"GRAVATAI";"Condutor Dormindo";"Colisão lateral mesmo sentido";"Com Vítimas Feridas";"Pleno dia";"Decrescente";"Céu Claro";"Múltipla";"Reta";"Não";4;0;2;0;0;3;2;5;-29,955027;-51,027363;"SPRF-RS";"DEL01-RS";"UOP01-DEL01-RS"
481233;2022-09-29;"quinta-feira";"18:30:00";"MA";10;277;"IMPERATRIZ";"Acessar a via sem observar a presença dos outros veículos";"Atropelamento de Pedestre";"Com Vítimas Fatais";"Plena Noite";"Crescente";"Céu Claro";"Simples";"Reta";"Não";2;1;0;0;1;0;0;2;-5,277627;-47,504314;"SPRF-MA";"DEL04-MA";"UOP01-DEL04-MA"
481235;2022-10-17;"segunda-feira";"11:00:00";"RS";290;76;"GRAVATAI";"Manobra de mudança de faixa";"Colisão lateral mesmo sentido";"Com Vítimas Feridas";"Pleno dia";"Decrescente";"Céu Claro";"Dupla";"Reta";"Sim";3;0;1;0;1;1;1;3;-29,956612;-51,017124;"SPRF-RS";"DEL01-RS";"UOP01-DEL01-RS"
481237;2022-10-17;"segunda-feira";"10:40:00";"PE";424;3;"ARCOVERDE";"Ultrapassagem Indevida";"Colisão lateral sentido oposto";"Com Vítimas Feridas";"Pleno dia";"Crescente";"Céu Claro";"Simples";"Reta";"Não";3;0;1;0;2;0;1;3;-8,45381694;-37,0485949;"SPRF-PE";"DEL04-PE";"UOP02-DEL04-PE"
481238;2022-10-17;"segunda-feira";"10:03:00";"MG";262;52,8;"MANHUACU";"Ausência de reação do condutor";"Tombamento";"Com Vítimas Feridas";"Pleno dia";"Decrescente";"Céu Claro";"Simples";"Reta";"Não";2;0;1;0;0;3;1;4;-20,25156822;-42,16003418;"SPRF-MG";"DEL06-MG";"UOP03-DEL06-MG"
481239;2022-10-17;"segunda-feira";"11:15:00";"RS";285;335,2;"CARAZINHO";"Ausência de reação do condutor";"Colisão traseira";"Com Vítimas Feridas";"Pleno dia";"Decrescente";"Sol";"Simples";"Reta";"Não";3;0;1;0;1;1;1;3;-28,314695;-52,750206;"SPRF-RS";"DEL08-RS";"UOP03-DEL08-RS"
481240;2022-10-17;"segunda-feira";"11:50:00";"MG";40;497;"ESMERALDAS";"Reação tardia ou ineficiente do condutor";"Colisão traseira";"Com Vítimas Feridas";"Pleno dia";"Decrescente";"Céu Claro";"Simples";"Declive";"Sim";5;0;2;0;2;2;2;5;-19,67802022;-44,18830216;"SPRF-MG";"DEL02-MG";"UOP01-DEL02-MG"
481246;2022-10-17;"segunda-feira";"09:01:00";"MT";70;512;"VARZEA GRANDE";"Ausência de reação do condutor";"Colisão traseira";"Com Vítimas Feridas";"Pleno dia";"Decrescente";"Sol";"Simples";"Reta";"Não";4;0;0;1;1;3;1;5;-15,7002554;-56,11439489;"SPRF-MT";"DEL01-MT";"UOP02-DEL01-MT"
481252;2022-09-04;"domingo";"04:20:00";"SC";101;9;"GARUVA";"Reação tardia ou ineficiente do condutor";"Colisão traseira";"Com Vítimas Feridas";"Plena Noite";"Decrescente";"Nublado";"Dupla";"Reta";"Não";7;0;1;1;2;3;2;5;-26,063011;-48,86020605;"SPRF-SC";"DEL03-SC";"UOP01-DEL03-SC"
481254;2022-10-17;"segunda-feira";"13:40:00";"SC";282;19;"PALHOCA";"Condutor deixou de manter distância do veículo da frente";"Engavetamento";"Com Vítimas Feridas";"Pleno dia";"Crescente";"Céu Claro";"Simples";"Reta";"Sim";5;0;2;0;3;0;2;5;-27,678635;-48,70192;"SPRF-SC";"DEL01-SC";"UOP02-DEL01-SC"
481258;2022-10-17;"segunda-feira";"09:30:00";"BA";116;747,4;"POCOES";"Ausência de reação do condutor";"Colisão traseira";"Com Vítimas Feridas";"Pleno dia";"Crescente";"Céu Claro";"Simples";"Aclive";"Não";2;0;0;1;0;1;1;2;-14,456965;-40,344994;"SPRF-BA";"DEL08-BA";"UOP02-DEL08-BA"
481261;2022-10-17;"segunda-feira";"13:00:00";"MT";70;497;"CUIABA";"Demais falhas mecânicas ou elétricas";"Incêndio";"Sem Vítimas";"Pleno dia";"Crescente";"Céu Claro";"Dupla";"Reta";"Sim";2;0;0;0;1;3;0;4;-15,69464314;-55,89988508;"SPRF-MT";"DEL01-MT";"UOP02-DEL01-MT"
481263;2022-04-20;"quarta-feira";"11:10:00";"SC";282;104;"ALFREDO WAGNER";"Desrespeitar a preferência no cruzamento";"Colisão transversal";"Com Vítimas Feridas";"Pleno dia";"Crescente";"Céu Claro";"Simples";"Interseção de Vias;Reta;Aclive";"Sim";8;0;2;3;1;3;5;6;-27,696043;-49,334038;"SPRF-SC";"DEL01-SC";"UOP03-DEL01-SC"
481268;2022-10-17;"segunda-feira";"12:50:00";"MG";381;442;"SABARA";"Pedestre cruzava a pista fora da faixa";"Atropelamento de Pedestre";"Com Vítimas Fatais";"Pleno dia";"Crescente";"Céu Claro";"Simples";"Reta";"Sim";3;1;0;1;1;0;1;2;-19,8183901;-43,81131985;"SPRF-MG";"DEL01-MG";"UOP01-DEL01-MG"
481270;2022-10-06;"quinta-feira";"08:30:00";"MG";381;598,7;"CARMOPOLIS DE MINAS";"Ausência de reação do condutor";"Colisão traseira";"Com Vítimas Fatais";"Pleno dia";"Decrescente";"Céu Claro";"Dupla";"Reta";"Não";3;1;1;0;1;0;1;2;-20,60716895;-44,73310303;"SPRF-MG";"DEL04-MG";"UOP01-DEL04-MG"
481273;2022-10-17;"segunda-feira";"11:40:00";"MG";116;777,1;"LEOPOLDINA";"Demais falhas mecânicas ou elétricas";"Tombamento";"Com Vítimas Fatais";"Pleno dia";"Decrescente";"Céu Claro";"Simples";"Curva";"Não";1;1;0;0;0;0;0;1;-21,59632074;-42,69196405;"SPRF-MG";"DEL07-MG";"UOP01-DEL07-MG"
481277;2022-10-17;"segunda-feira";"15:15:00";"SC";101;92,7;"BARRA VELHA";"Condutor deixou de manter distância do veículo da frente";"Colisão traseira";"Com Vítimas Feridas";"Pleno dia";"Decrescente";"Céu Claro";"Simples";"Reta";"Sim";2;0;1;0;1;0;1;2;-26,6806041;-48,6931497;"SPRF-SC";"DEL03-SC";"UOP02-DEL03-SC"
481283;2022-10-17;"segunda-feira";"12:10:00";"GO";364;236;"JATAI";"Condutor deixou de manter distância do veículo da frente";"Colisão traseira";"Com Vítimas Feridas";"Pleno dia";"Crescente";"Céu Claro";"Simples";"Reta";"Não";7;0;5;0;1;2;5;4;-17,79560235;-52,05373764;"SPRF-GO";"DEL05-GO";"UOP01-DEL05-GO"
481290;2022-10-17;"segunda-feira";"14:45:00";"BA";116;1;"ABARE";"Ultrapassagem Indevida";"Colisão frontal";"Com Vítimas Fatais";"Pleno dia";"Crescente";"Céu Claro";"Simples";"Curva";"Não";3;2;0;0;1;0;0;2;-8,63195424;-39,2514528;"SPRF-PE";"DEL05-PE";"UOP03-DEL05-PE"
481293;2022-10-17;"segunda-feira";"17:10:00";"MG";381;496,8;"BETIM";"Manobra de mudança de faixa";"Colisão lateral mesmo sentido";"Com Vítimas Feridas";"Pleno dia";"Decrescente";"Céu Claro";"Múltipla";"Aclive;Curva";"Sim";3;0;1;0;1;1;1;3;-19,97595031;-44,19837356;"SPRF-MG";"DEL01-MG";"UOP03-DEL01-MG"
481294;2022-10-17;"segunda-feira";"17:15:00";"BA";116;425;"FEIRA DE SANTANA";"Pedestre cruzava a pista fora da faixa";"Atropelamento de Pedestre";"Com Vítimas Feridas";"Pleno dia";"Crescente";"Céu Claro";"Simples";"Reta";"Sim";2;0;0;1;0;1;1;2;-12,23736613;-38,97999588;"SPRF-BA";"DEL02-BA";"UOP01-DEL02-BA"
481297;2022-10-17;"segunda-feira";"17:30:00";"ES";101;64;"SAO MATEUS";"Acessar a via sem observar a presença dos outros veículos";"Colisão transversal";"Com Vítimas Feridas";"Anoitecer";"Decrescente";"Céu Claro";"Simples";"Reta";"Não";2;0;1;0;1;0;1;2;-18,70428583;-39,87065983;"SPRF-ES";"DEL04-ES";"UOP02-DEL04-ES"
481316;2022-10-17;"segunda-feira";"19:25:00";"SC";282;19,5;"PALHOCA";"Pedestre andava na pista";"Atropelamento de Pedestre";"Com Vítimas Feridas";"Plena Noite";"Crescente";"Nublado";"Simples";"Reta";"Sim";2;0;0;1;1;0;1;2;-27,678635;-48,70192;"SPRF-SC";"DEL01-SC";"UOP02-DEL01-SC"
481325;2022-10-17;"segunda-feira";"19:50:00";"MS";376;139;"IVINHEMA";"Reação tardia ou ineficiente do condutor";"Colisão lateral sentido oposto";"Com Vítimas Fatais";"Plena Noite";"Crescente";"Chuva";"Simples";"Curva";"Não";5;3;1;0;1;0;1;3;-22,38308887;-53,66383094;"SPRF-MS";"DEL04-MS";"UOP04-DEL04-MS"
481326;2022-10-17;"segunda-feira";"21:00:00";"SP";116;219;"GUARULHOS";"Ausência de reação do condutor";"Engavetamento";"Com Vítimas Feridas";"Plena Noite";"Crescente";"Céu Claro";"Múltipla";"Reta";"Sim";6;0;1;1;3;1;2;5;-23,46143954;-46,48885316;"SPRF-SP";"DEL01-SP";"UOP01-DEL01-SP"
481334;2022-10-17;"segunda-feira";"20:30:00";"BA";324;616;"SALVADOR";"Reação tardia ou ineficiente do condutor";"Colisão transversal";"Com Vítimas Feridas";"Plena Noite";"Decrescente";"Céu Claro";"Múltipla";"Reta";"Sim";3;0;1;0;1;1;1;3;-12,87957905;-38,43213893;"SPRF-BA";"DEL01-BA";"UOP01-DEL01-BA"