"id";"data_inversa";"dia_semana";"horario";"uf";"br";"km";"municipio";"causa_acidente";"tipo_acidente";"classificacao_acidente";"fase_dia";"sentido_via";"condicao_metereologica";"tipo_pista";"tracado_via";"uso_solo";"pessoas";"mortos";"feridos_leves";"feridos_graves";"ilesos";"ignorados";"feridos";"veiculos";"latitude";"longitude";"regional";"delegacia";"uop"
481339;2022-10-17;"segunda-feira";"22:00:00";"PR";277;229,9;"FERNANDES PINHEIRO";"Obstrução na via";"Colisão com objeto";"Com Vítimas Fatais";"Plena Noite";"Crescente";"Nublado";"Simples";"Aclive;Reta";"Não";3;1;0;0;1;1;0;3;-25,465886;-50,536918;"SPRF-PR";"DEL08-PR";"UOP02-DEL08-PR"
481347;2022-10-17;"segunda-feira";"16:30:00";"PA";230;696;"BRASIL NOVO";"Velocidade Incompatível";"Tombamento";"Com Vítimas Fatais";"Pleno dia";"Decrescente";"Céu Claro";"Simples";"Declive;Curva";"Não";3;1;0;0;0;2;0;3;-3,30609035;-52,51566881;"SPRF-PA";"DEL04-PA";"UOP01-DEL04-PA"
481350;2022-10-18;"terça-feira";"00:15:00";"MG";381;873,8;"ESTIVA";"Condutor Dormindo";"Saída de leito carroçável";"Com Vítimas Feridas";"Plena Noite";"Crescente";"Nublado";"Dupla";"Reta";"Não";2;0;0;1;0;1;1;2;-22,42209109;-45,96655511;"SPRF-MG";"DEL16-MG";"UOP01-DEL16-MG"
481352;2022-10-18;"terça-feira";"03:10:00";"MG";381;825;"CAREACU";"Reação tardia ou ineficiente do condutor";"Colisão com objeto";"Com Vítimas Feridas";"Plena Noite";"Decrescente";"Ignorado";"Dupla";"Reta";"Não";3;0;2;0;1;0;2;2;-22,12143959;-45,77847994;"SPRF-MG";"DEL16-MG";"UOP01-DEL16-MG"
481355;2022-10-18;"terça-feira";"06:40:00";"CE";20;283;"CANINDE";"Reação tardia ou ineficiente do condutor";"Tombamento";"Com Vítimas Feridas";"Pleno dia";"Crescente";"Céu Claro";"Simples";"Declive";"Não";2;0;1;0;0;2;1;3;-4,55425601;-39,35831908;"SPRF-CE";"DEL02-CE";"UOP01-DEL02-CE"
481365;2022-10-18;"terça-feira";"06:50:00";"PB";101;56;"SANTA RITA";"Ausência de reação do condutor";"Colisão lateral mesmo sentido";"Sem Vítimas";"Pleno dia";"Crescente";"Céu Claro";"Dupla";"Reta";"Não";5;0;0;0;4;1;0;2;-6,96986418;-35,08206934;"SPRF-PB";"DEL01-PB";"UOP04-DEL01-PB"
481369;2022-10-18;"terça-feira";"06:30:00";"PR";376;665;"GUARATUBA";"Problema com o freio";"Engavetamento";"Com Vítimas Feridas";"Pleno dia";"Crescente";"Chuva";"Dupla";"Curva";"Não";4;0;1;0;2;4;1;7;-25,85455838;-48,95670808;"SPRF-PR";"DEL01-PR";"UOP04-DEL01-PR"
481373;2022-10-18;"terça-feira";"07:00:00";"BA";324;521;"FEIRA DE SANTANA";"Ultrapassagem Indevida";"Colisão lateral mesmo sentido";"Com Vítimas Feridas";"Pleno dia";"Crescente";"Céu Claro";"Dupla";"Reta";"Não";3;0;1;0;1;1;1;2;-12,27918591;-38,92645693;"SPRF-BA";"DEL01-BA";"UOP03-DEL01-BA"
481377;2022-10-18;"terça-feira";"08:10:00";"MG";40;628,7;"CONSELHEIRO LAFAIETE";"Condutor deixou de manter distância do veículo da frente";"Engavetamento";"Com Vítimas Feridas";"Pleno dia";"Decrescente";"Sol";"Simples";"Curva";"Sim";5;0;3;0;1;1;3;4;-20,653542;-43,808798;"SPRF-MG";"DEL05-MG";"UOP02-DEL05-MG"
481380;2022-10-18;"terça-feira";"08:20:00";"RS";290;126;"ELDORADO DO SUL";"Carga excessiva e/ou mal acondicionada";"Tombamento";"Com Vítimas Feridas";"Pleno dia";"Decrescente";"Nublado";"Simples";"Reta";"Não";2;0;1;0;1;0;1;1;-30,055727;-51,46933;"SPRF-RS";"DEL02-RS";"UOP01-DEL02-RS"
481390;2022-09-12;"segunda-feira";"08:00:00";"ES";101;258;"SERRA";"Condutor deixou de manter distância do veículo da frente";"Colisão traseira";"Com Vítimas Feridas";"Pleno dia";"Crescente";"Céu Claro";"Dupla";"Declive";"Sim";5;0;2;0;1;2;2;4;-20,13059888;-40,2961019;"SPRF-ES";"DEL02-ES";"UOP01-DEL02-ES"
481397;2022-10-18;"terça-feira";"08:40:00";"SC";101;215;"PALHOCA";"Reação tardia ou ineficiente do condutor";"Colisão traseira";"Com Vítimas Feridas";"Pleno dia";"Decrescente";"Nublado";"Múltipla";"Reta";"Sim";2;0;1;0;1;0;1;2;-27,65184843;-48,67604941;"SPRF-SC";"DEL01-SC";"UOP02-DEL01-SC"
481401;2022-10-18;"terça-feira";"07:55:00";"SP";381;9;"VARGEM";"Ausência de reação do condutor";"Colisão traseira";"Com Vítimas Feridas";"Pleno dia";"Crescente";"Nublado";"Dupla";"Reta";"Não";3;0;0;1;1;1;1;3;-22,91927215;-46,43621564;"SPRF-SP";"DEL03-SP";"UOP02-DEL03-SP"
481402;2022-09-09;"sexta-feira";"11:30:00";"RJ";40;109;"DUQUE DE CAXIAS";"Reação tardia ou ineficiente do condutor";"Colisão traseira";"Sem Vítimas";"Pleno dia";"Crescente";"Céu Claro";"Múltipla";"Reta";"Sim";4;0;0;0;3;1;0;4;-22,680185;-43,2858917;"SPRF-RJ";"DEL01-RJ";"UOP01-DEL01-RJ"
481404;2022-10-18;"terça-feira";"10:22:00";"MG";50;171;"UBERABA";"Condutor deixou de manter distância do veículo da frente";"Engavetamento";"Com Vítimas Feridas";"Pleno dia";"Decrescente";"Céu Claro";"Dupla";"Reta";"Sim";40;0;1;0;38;3;1;7;-19,74554892;-47,98382166;"SPRF-MG";"DEL13-MG";"UOP01-DEL13-MG"
481405;2022-10-18;"terça-feira";"11:25:00";"SC";101;117;"ITAJAI";"Velocidade Incompatível";"Tombamento";"Sem Vítimas";"Pleno dia";"Decrescente";"Nublado";"Múltipla";"Rotatória";"Sim";2;0;0;0;1;1;0;2;-26,88747187;-48,72252969;"SPRF-SC";"DEL04-SC";"UOP04-DEL04-SC"
481406;2022-10-18;"terça-feira";"10:45:00";"MS";163;323;"RIO BRILHANTE";"Ausência de reação do condutor";"Eventos atípicos";"Sem Vítimas";"Pleno dia";"Crescente";"Nublado";"Simples";"Reta";"Não";3;0;0;0;2;2;0;4;-21,7853948635;-54,5268153125;"SPRF-MS";"DEL02-MS";"UOP02-DEL02-MS"
481413;2022-09-30;"sexta-feira";"19:24:00";"TO";226;39;"DARCINOPOLIS";"Acessar a via sem observar a presença dos outros veículos";"Colisão transversal";"Com Vítimas Feridas";"Plena Noite";"Crescente";"Céu Claro";"Simples";"Reta";"Sim";3;0;0;1;1;1;1;3;-6,705505;-47,753178;"SPRF-TO";"DEL02-TO";"UOP03-DEL02-TO"
481420;2022-10-18;"terça-feira";"12:30:00";"PR";476;144,7;"CURITIBA";"Reação tardia ou ineficiente do condutor";"Tombamento";"Sem Vítimas";"Pleno dia";"Decrescente";"Sol";"Dupla";"Reta";"Sim";2;0;0;0;1;1;0;2;-25,542501;-49,313011;"SPRF-PR";"DEL01-PR";"UOP06-DEL01-PR"
481421;2022-10-18;"terça-feira";"13:45:00";"MG";146;405,3;"JURUAIA";"Demais falhas mecânicas ou elétricas";"Saída de leito carroçável";"Com Vítimas Feridas";"Pleno dia";"Crescente";"Chuva";"Simples";"Curva";"Não";1;0;0;1;0;0;1;1;-21,30752;-46,63313;"SPRF-MG";"DEL09-MG";"UOP01-DEL09-MG"
481422;2022-10-18;"terça-feira";"14:15:00";"ES";101;288;"CARIACICA";"Avarias e/ou desgaste excessivo no pneu";"Colisão lateral mesmo sentido";"Com Vítimas Feridas";"Pleno dia";"Crescente";"Céu Claro";"Dupla";"Reta";"Não";3;0;3;0;0;0;3;1;-20,27160351;-40,39091743;"SPRF-ES";"DEL01-ES";"UOP01-DEL01-ES"
481423;2022-10-18;"terça-feira";"11:10:00";"MT";364;308,1;"JACIARA";"Reação tardia ou ineficiente do condutor";"Saída de leito carroçável";"Sem Vítimas";"Pleno dia";"Crescente";"Céu Claro";"Dupla";"Reta";"Não";2;0;0;0;1;3;0;4;-15,81860731;-55,22097308;"SPRF-MT";"DEL05-MT";"UOP02-DEL05-MT"
481428;2022-10-18;"terça-feira";"11:05:00";"MG";262;52;"MANHUACU";"Ausência de reação do condutor";"Colisão traseira";"Com Vítimas Feridas";"Pleno dia";"Crescente";"Céu Claro";"Simples";"Reta";"Não";4;0;1;1;1;1;2;3;-20,24685283;-42,15478501;"SPRF-MG";"DEL06-MG";"UOP03-DEL06-MG"
481431;2022-10-18;"terça-feira";"12:00:00";"BA";116;546;"MILAGRES";"Acessar a via sem observar a presença dos outros veículos";"Colisão transversal";"Com Vítimas Feridas";"Pleno dia";"Decrescente";"Céu Claro";"Simples";"Declive";"Sim";4;0;1;0;2;1;1;3;-12,8753764;-39,8570806;"SPRF-BA";"DEL03-BA";"UOP02-DEL03-BA"
481433;2022-10-18;"terça-feira";"15:00:00";"CE";20;109;"TAUA";"Reação tardia ou ineficiente do condutor";"Saída de leito carroçável";"Com Vítimas Fatais";"Pleno dia";"Decrescente";"Céu Claro";"Simples";"Curva";"Não";3;1;0;0;0;2;0;3;-5,81287506;-40,17376694;"SPRF-CE";"DEL02-CE";"UOP02-DEL02-CE"
481436;2022-09-18;"domingo";"16:35:00";"PE";101;82,3;"JABOATAO DOS GUARARAPES";"Acessar a via sem observar a presença dos outros veículos";"Colisão lateral mesmo sentido";"Com Vítimas Feridas";"Pleno dia";"Decrescente";"Céu Claro";"Dupla";"Interseção de Vias";"Sim";8;0;2;0;5;2;2;5;-8,1733881;-34,94017124;"SPRF-PE";"DEL01-PE";"UOP01-DEL01-PE"
481437;2022-10-18;"terça-feira";"15:30:00";"SC";101;122;"ITAJAI";"Pista Escorregadia";"Colisão com objeto";"Sem Vítimas";"Pleno dia";"Decrescente";"Chuva";"Dupla";"Reta";"Sim";2;0;0;0;1;1;0;2;-26,92955916;-48,70499836;"SPRF-SC";"DEL04-SC";"UOP04-DEL04-SC"
481438;2022-09-24;"sábado";"10:04:00";"PE";232;70;"GRAVATA";"Condutor deixou de manter distância do veículo da frente";"Colisão traseira";"Com Vítimas Feridas";"Pleno dia";"Decrescente";"Céu Claro";"Dupla";"Ponte";"Não";3;0;2;0;1;0;2;2;-8,17698676;-35,48742522;"SPRF-PE";"DEL02-PE";"UOP02-DEL02PE"
481441;2022-10-06;"quinta-feira";"09:18:00";"BA";30;354;"BRUMADO";"Frear bruscamente";"Colisão traseira";"Com Vítimas Feridas";"Pleno dia";"Decrescente";"Céu Claro";"Simples";"Reta";"Não";4;0;1;0;2;1;1;4;-14,24774558;-41,72744751;"SPRF-BA";"DEL08-BA";"UOP01-DEL08-BA"
481449;2022-10-18;"terça-feira";"16:33:00";"RJ";116;179;"NOVA IGUACU";"Condutor deixou de manter distância do veículo da frente";"Incêndio";"Sem Vítimas";"Pleno dia";"Crescente";"Céu Claro";"Dupla";"Reta";"Sim";2;0;0;0;1;1;0;2;-22,769902;-43,408036;"SPRF-RJ";"DEL01-RJ";"UOP02-DEL01-RJ"
481450;2022-10-18;"terça-feira";"12:32:00";"BA";110;134,7;"CICERO DANTAS";"Manobra de mudança de faixa";"Colisão frontal";"Com Vítimas Fatais";"Pleno dia";"Decrescente";"Céu Claro";"Simples";"Aclive";"Não";2;1;0;0;0;1;0;2;-10,651503;-38,409901;"SPRF-BA";"DEL07-BA";"UOP02-DEL07-BA"
481459;2022-10-18;"terça-feira";"18:30:00";"RS";285;464,6;"IJUI";"Desrespeitar a preferência no cruzamento";"Colisão transversal";"Com Vítimas Feridas";"Anoitecer";"Crescente";"Céu Claro";"Simples";"Interseção de Vias";"Sim";3;0;1;0;1;1;1;3;-28,40106483;-53,95557404;"SPRF-RS";"DEL10-RS";"UOP01-DEL10-RS"
481460;2022-10-18;"terça-feira";"14:20:00";"PR";369;520,3;"CASCAVEL";"Acessar a via sem observar a presença dos outros veículos";"Colisão transversal";"Sem Vítimas";"Pleno dia";"Crescente";"Garoa/Chuvisco";"Simples";"Reta";"Não";2;0;0;0;2;0;0;2;-24,9235;-53,3911;"SPRF-PR";"DEL04-PR";"UOP01-DEL04-PR"
481463;2022-10-18;"terça-feira";"06:40:00";"BA";420;254;"MUTUIPE";"Ultrapassagem Indevida";"Colisão lateral mesmo sentido";"Com Vítimas Fatais";"Pleno dia";"Crescente";"Céu Claro";"Simples";"Reta";"Sim";3;1;0;1;1;0;1;2;-13,2268533;-39,49969001;"SPRF-BA";"DEL01-BA";"UOP02-DEL01-BA"
481467;2022-10-18;"terça-feira";"19:30:00";"SC";101;155,5;"PORTO BELO";"Condutor usando celular";"Colisão traseira";"Com Vítimas Fatais";"Plena Noite";"Decrescente";"Garoa/Chuvisco";"Múltipla";"Reta";"Sim";3;1;0;0;1;1;0;3;-27,1668103;-48,6113562;"SPRF-SC";"DEL04-SC";"UOP03-DEL04-SC"
481472;2022-10-18;"terça-feira";"18:50:00";"AL";104;38;"UNIAO DOS PALMARES";"Animais na Pista";"Atropelamento de Animal";"Sem Vítimas";"Plena Noite";"Crescente";"Céu Claro";"Simples";"Reta";"Não";1;0;0;0;1;0;0;1;-9,18136996;-36,03557612;"SPRF-AL";"DEL01-AL";"UOP02-DEL01-AL"
481473;2022-10-18;"terça-feira";"18:45:00";"MS";376;164;"NOVA ANDRADINA";"Transitar na contramão";"Colisão frontal";"Com Vítimas Fatais";"Plena Noite";"Crescente";"Nublado";"Simples";"Reta";"Não";3;1;0;0;1;1;0;3;-22,32412833;-53,44868191;"SPRF-MS";"DEL04-MS";"UOP04-DEL04-MS"
481479;2022-10-18;"terça-feira";"19:50:00";"ES";101;11;"PEDRO CANARIO";"Condutor usando celular";"Saída de leito carroçável";"Com Vítimas Fatais";"Plena Noite";"Decrescente";"Nublado";"Simples";"Declive";"Não";2;1;0;0;0;1;0;2;-18,25673398;-39,95472013;"SPRF-ES";"DEL04-ES";"UOP02-DEL04-ES"
481480;2022-10-18;"terça-feira";"21:10:00";"RS";116;400;"CAMAQUA";"Ingestão de álcool pelo condutor";"Saída de leito carroçável";"Sem Vítimas";"Plena Noite";"Crescente";"Garoa/Chuvisco";"Simples";"Reta";"Sim";1;0;0;0;1;0;0;1;-30,87210669;-51,80852516;"SPRF-RS";"DEL02-RS";"UOP02-DEL02-RS"
481482;2022-10-18;"terça-feira";"22:15:00";"RJ";101;318;"SAO GONCALO";"Reação tardia ou ineficiente do condutor";"Colisão com objeto";"Com Vítimas Fatais";"Plena Noite";"Crescente";"Nublado";"Simples";"Reta";"Sim";1;1;0;0;0;0;0;1;-22,84562994;-43,09841211;"SPRF-RJ";"DEL02-RJ";"UOP02-DEL02-RJ"
481483;2022-10-18;"terça-feira";"21:40:00";"RS";392;88,8;"PELOTAS";"Reação tardia ou ineficiente do condutor";"Colisão transversal";"Com Vítimas Feridas";"Plena Noite";"Decrescente";"Chuva";"Simples";"Reta";"Não";4;0;2;0;1;2;2;4;-31,62068801;-52,50653602;"SPRF-RS";"DEL07-RS";"UOP01-DEL07-RS"
481484;2022-10-18;"terça-feira";"22:40:00";"GO";50;274;"CATALAO";"Ausência de reação do condutor";"Colisão traseira";"Com Vítimas Feridas";"Plena Noite";"Crescente";"Céu Claro";"Dupla";"Reta";"Não";3;0;1;0;1;1;1;3;-18,1392;-47,9059;"SPRF-GO";"DEL06-GO";"UOP01-DEL06-GO"
481485;2022-10-18;"terça-feira";"17:50:00";"MG";116;771,8;"LEOPOLDINA";"Demais falhas mecânicas ou elétricas";"Incêndio";"Sem Vítimas";"Anoitecer";"Crescente";"Céu Claro";"Simples";"Reta";"Não";2;0;0;0;1;1;0;2;-21,55638202;-42,67583002;"SPRF-MG";"DEL07-MG";"UOP01-DEL07-MG"
481493;2022-10-18;"terça-feira";"20:30:00";"MG";116;161,8;"PONTO DOS VOLANTES";"Reação tardia ou ineficiente do condutor";"Tombamento";"Com Vítimas Feridas";"Plena Noite";"Crescente";"Céu Claro";"Simples";"Curva;Declive";"Não";2;0;1;0;0;2;1;3;-16,94236685;-41,45959948;"SPRF-MG";"DEL11-MG";"UOP02-DEL11-MG"
481496;2022-10-19;"quarta-feira";"00:30:00";"RJ";393;172,3;"TRES RIOS";"Ausência de reação do condutor";"Tombamento";"Com Vítimas Feridas";"Plena Noite";"Crescente";"Céu Claro";"Simples";"Curva";"Não";2;0;0;1;0;1;1;2;-22,12463126;-43,17771104;"SPRF-RJ";"DEL05-RJ";"UOP02-DEL05-RJ"
481500;2022-10-19;"quarta-feira";"01:00:00";"MG";381;680,2;"PERDOES";"Condutor Dormindo";"Tombamento";"Com Vítimas Feridas";"Plena Noite";"Decrescente";"Céu Claro";"Dupla";"Reta";"Não";2;0;1;0;0;1;1;2;-21,15537584;-45,11394611;"SPRF-MG";"DEL04-MG";"UOP02-DEL04-MG"
481505;2022-10-18;"terça-feira";"20:30:00";"GO";364;360;"MINEIROS";"Velocidade Incompatível";"Tombamento";"Com Vítimas Feridas";"Plena Noite";"Decrescente";"Céu Claro";"Simples";"Reta";"Não";2;0;1;0;0;2;1;3;-17,395638;-52,990402;"SPRF-GO";"DEL05-GO";"UOP01-DEL05-GO"
481506;2022-10-19;"quarta-feira";"03:15:00";"RS";153;21;"SEVERIANO DE ALMEIDA";"Velocidade Incompatível";"Tombamento";"Com Vítimas Feridas";"Plena Noite";"Decrescente";"Nublado";"Simples";"Curva;Declive";"Não";3;0;0;1;1;1;1;2;-27,4744926;-52,10589097;"SPRF-RS";"DEL08-RS";"UOP04-DEL08-RS"
481507;2022-10-19;"quarta-feira";"03:32:00";"MS";163;34,7;"ELDORADO";"Ausência de reação do condutor";"Colisão com objeto";"Sem Vítimas";"Plena Noite";"Decrescente";"Nublado";"Simples";"Curva";"Não";2;0;0;0;1;2;0;3;-23,81545012;-54,32823559;"SPRF-MS";"DEL09-MS";"UOP02-DEL09-MS"
481516;2022-10-19;"quarta-feira";"06:30:00";"MS";163;692;"RIO VERDE DE MATO GROSSO";"Ausência de reação do condutor";"Tombamento";"Com Vítimas Feridas";"Amanhecer";"Crescente";"Céu Claro";"Simples";"Reta";"Não";2;0;1;0;0;2;1;3;-18,82623701;-54,81596602;"SPRF-MS";"DEL06-MS";"UOP01-DEL06-MS"
481518;2022-10-19;"quarta-feira";"06:45:00";"ES";101;286,5;"CARIACICA";"Condutor deixou de manter distância do veículo da frente";"Colisão traseira";"Com Vítimas Feridas";"Pleno dia";"Crescente";"Chuva";"Dupla";"Retorno Regulamentado";"Sim";4;0;2;0;2;0;2;3;-20,25902175;-40,37753412;"SPRF-ES";"DEL01-ES";"UOP01-DEL01-ES"
481519;2022-10-07;"sexta-feira";"13:20:00";"ES";262;46,9;"MARECHAL FLORIANO";"Manobra de mudança de faixa";"Tombamento";"Com Vítimas Feridas";"Pleno dia";"Decrescente";"Céu Claro";"Simples";"Reta";"Sim";2;0;2;0;0;0;2;2;-20,38908904;-40,66911594;"SPRF-ES";"DEL01-ES";"UOP01-DEL01-ES"
481520;2022-10-19;"quarta-feira";"07:25:00";"MG";40;612,9;"CONGONHAS";"Manobra de mudança de faixa";"Colisão lateral mesmo sentido";"Com Vítimas Fatais";"Pleno dia";"Decrescente";"Céu Claro";"Simples";"Curva";"Não";5;1;0;0;2;3;0;6;-20,523964;-43,828513;"SPRF-MG";"DEL05-MG";"UOP02-DEL05-MG"
481529;2022-10-19;"quarta-feira";"06:50:00";"BA";242;400;"SEABRA";"Chuva";"Tombamento";"Com Vítimas Feridas";"Pleno dia";"Crescente";"Chuva";"Simples";"Curva";"Não";2;0;1;0;0;1;1;2;-12,47134497;-41,69102199;"SPRF-BA";"DEL06-BA";"UOP01-DEL06-BA"
481535;2022-10-19;"quarta-feira";"08:10:00";"PR";376;182;"SARANDI";"Manobra de mudança de faixa";"Colisão lateral mesmo sentido";"Com Vítimas Feridas";"Pleno dia";"Decrescente";"Céu Claro";"Dupla";"Reta";"Sim";2;0;1;0;1;0;1;2;-23,43684112;-51,87880764;"SPRF-PR";"DEL09-PR";"UOP01-DEL09-PR"
481544;2022-09-05;"segunda-feira";"21:00:00";"GO";80;181;"URUACU";"Velocidade Incompatível";"Saída de leito carroçável";"Com Vítimas Feridas";"Plena Noite";"Crescente";"Céu Claro";"Simples";"Interseção de Vias";"Não";1;0;1;0;0;0;1;1;-14,635411;-49,176119;"SPRF-GO";"DEL07-GO";"UOP02-DEL07-GO"
481547;2022-10-19;"quarta-feira";"09:00:00";"CE";116;14;"FORTALEZA";"Reação tardia ou ineficiente do condutor";"Colisão lateral mesmo sentido";"Com Vítimas Feridas";"Pleno dia";"Decrescente";"Céu Claro";"Dupla";"Reta";"Sim";2;0;1;0;1;0;1;2;-3,86973356;-38,49827361;"SPRF-CE";"DEL01-CE";"UOP02-DEL01-CE"
481557;2022-10-19;"quarta-feira";"11:25:00";"CE";222;17;"CAUCAIA";"Condutor deixou de manter distância do veículo da frente";"Colisão traseira";"Com Vítimas Feridas";"Pleno dia";"Crescente";"Céu Claro";"Simples";"Reta";"Não";4;0;3;0;1;0;3;2;-3,75327316;-38,71134808;"SPRF-CE";"DEL01-CE";"UOP01-DEL01-CE"
481559;2022-10-19;"quarta-feira";"11:40:00";"RJ";101;465;"ANGRA DOS REIS";"Chuva";"Colisão frontal";"Com Vítimas Feridas";"Pleno dia";"Crescente";"Chuva";"Simples";"Curva";"Não";2;0;0;1;1;0;1;2;-23,01794979;-44,21352319;"SPRF-RJ";"DEL03-RJ";"UOP03-DEL03-RJ"
481562;2022-10-19;"quarta-feira";"12:00:00";"MG";50;176,8;"UBERABA";"Entrada inopinada do pedestre";"Atropelamento de Pedestre";"Com Vítimas Fatais";"Pleno dia";"Decrescente";"Nublado";"Dupla";"Reta;Declive";"Sim";5;1;0;0;1;5;0;5;-19,77914852;-47,95047701;"SPRF-MG";"DEL13-MG";"UOP01-DEL13-MG"
481567;2022-10-19;"quarta-feira";"11:10:00";"PE";101;58,8;"RECIFE";"Trafegar com motocicleta (ou similar) entre as faixas";"Colisão lateral mesmo sentido";"Com Vítimas Fatais";"Pleno dia";"Decrescente";"Céu Claro";"Dupla";"Aclive;Reta";"Não";3;1;0;0;1;1;0;3;-7,97063209;-34,92064675;"SPRF-PE";"DEL01-PE";"UOP02-DEL01-PE"
481577;2022-10-19;"quarta-feira";"11:50:00";"MG";262;515,4;"LUZ";"Condutor Dormindo";"Colisão traseira";"Com Vítimas Feridas";"Pleno dia";"Crescente";"Céu Claro";"Simples";"Em Obras";"Não";4;0;2;0;1;3;2;5;-19,78598942;-45,57270191;"SPRF-MG";"DEL08-MG";"UOP03-DEL08-MG"
481582;2022-10-19;"quarta-feira";"11:50:00";"PR";376;321;"ORTIGUEIRA";"Pedestre andava na pista";"Atropelamento de Pedestre";"Com Vítimas Feridas";"Pleno dia";"Crescente";"Sol";"Simples";"Reta";"Não";3;0;0;1;1;1;1;3;-24,034562;-51,08892;"SPRF-PR";"DEL07-PR";"UOP02-DEL07-PR"
481589;2022-10-19;"quarta-feira";"12:50:00";"MG";262;363,2;"JUATUBA";"Pedestre andava na pista";"Atropelamento de Pedestre";"Com Vítimas Fatais";"Pleno dia";"Decrescente";"Nublado";"Dupla";"Declive;Reta";"Sim";3;1;0;0;1;1;0;3;-19,97089548;-44,28994602;"SPRF-MG";"DEL01-MG";"UOP03-DEL01-MG"
481592;2022-09-06;"terça-feira";"00:15:00";"SP";381;79;"SAO PAULO";"Velocidade Incompatível";"Tombamento";"Com Vítimas Feridas";"Plena Noite";"Decrescente";"Céu Claro";"Dupla";"Aclive;Curva";"Sim";2;0;1;0;0;1;1;2;-23,40319901;-46,57564699;"SPRF-SP";"DEL03-SP";"UOP01-DEL03-SP"
481598;2022-10-19;"quarta-feira";"15:30:00";"SP";116;363;"MIRACATU";"Carga excessiva e/ou mal acondicionada";"Tombamento";"Sem Vítimas";"Pleno dia";"Crescente";"Céu Claro";"Dupla";"Curva";"Não";2;0;0;0;1;1;0;2;-24,13038097;-47,27114281;"SPRF-SP";"DEL04-SP";"UOP02-DEL04-SP"
481605;2022-10-19;"quarta-feira";"15:15:00";"TO";153;414;"MIRANORTE";"Transitar na contramão";"Colisão lateral sentido oposto";"Com Vítimas Feridas";"Pleno dia";"Crescente";"Céu Claro";"Dupla";"Rotatória";"Sim";2;0;0;1;0;1;1;2;-9,532369;-48,593407;"SPRF-TO";"DEL02-TO";"UOP02-DEL02-TO"
481606;2022-10-19;"quarta-feira";"17:00:00";"GO";60;128;"GOIANAPOLIS";"Manobra de mudança de faixa";"Colisão traseira";"Com Vítimas Feridas";"Pleno dia";"Crescente";"Céu Claro";"Dupla";"Reta";"Não";5;0;2;0;2;1;2;4;-16,5498;-49,1518;"SPRF-GO";"DEL01-GO";"UOP01-DEL01-GO"
481610;2022-10-19;"quarta-feira";"15:00:00";"RJ";116;243,8;"PIRAI";"Ausência de sinalização";"Saída de leito carroçável";"Com Vítimas Feridas";"Pleno dia";"Decrescente";"Céu Claro";"Simples";"Curva";"Não";2;0;1;0;1;0;1;1;-22,63023454;-43,91033921;"SPRF-RJ";"DEL07-RJ";"UOP01-DEL07-RJ"
481612;2022-10-19;"quarta-feira";"17:15:00";"SC";101;44;"JOINVILLE";"Condutor deixou de manter distância do veículo da frente";"Colisão traseira";"Com Vítimas Feridas";"Anoitecer";"Decrescente";"Céu Claro";"Dupla";"Reta;Declive";"Sim";3;0;1;0;1;1;1;3;-26,31238996;-48,87458997;"SPRF-SC";"DEL03-SC";"UOP01-DEL03-SC"
481614;2022-10-19;"quarta-feira";"11:00:00";"AP";210;109;"PORTO GRANDE";"Ausência de sinalização";"Colisão lateral sentido oposto";"Sem Vítimas";"Pleno dia";"Crescente";"Céu Claro";"Simples";"Reta";"Não";3;0;0;0;1;2;0;3;0,70564616;-51,41271608;"SPRF-AP";"DEL01-AP";"UOP01-DEL01-AP"
481617;2022-10-19;"quarta-feira";"03:50:00";"RS";293;58;"PIRATINI";"Condutor Dormindo";"Tombamento";"Com Vítimas Feridas";"Plena Noite";"Decrescente";"Nublado";"Simples";"Reta";"Não";2;0;1;0;0;1;1;2;-31,71567214;-52,90731605;"SPRF-RS";"DEL07-RS";"UOP01-DEL07-RS"
481637;2022-08-22;"segunda-feira";"17:00:00";"PR";116;111,6;"CURITIBA";"Ausência de reação do condutor";"Colisão traseira";"Com Vítimas Feridas";"Pleno dia";"Crescente";"Nublado";"Múltipla";"Reta";"Não";3;0;0;1;2;0;1;3;-25,55506387;-49,27359581;"SPRF-PR";"DEL01-PR";"UOP06-DEL01-PR"
481641;2022-10-19;"quarta-feira";"20:00:00";"ES";101;347,9;"GUARAPARI";"Condutor Dormindo";"Saída de leito carroçável";"Com Vítimas Feridas";"Plena Noite";"Crescente";"Chuva";"Simples";"Reta";"Não";1;0;1;0;0;0;1;1;-20,65365634;-40,62631414;"SPRF-ES";"DEL03-ES";"UOP01-DEL03-ES"
481645;2022-10-19;"quarta-feira";"20:10:00";"SC";282;372,8;"ERVAL VELHO";"Ingestão de álcool pelo condutor";"Tombamento";"Sem Vítimas";"Plena Noite";"Crescente";"Garoa/Chuvisco";"Simples";"Aclive;Reta";"Não";2;0;0;0;1;1;0;2;-27,251827;-51,446991;"SPRF-SC";"DEL07-SC";"UOP05-DEL07-SC"
481646;2022-09-23;"sexta-feira";"08:00:00";"PR";116;93;"SAO JOSE DOS PINHAIS";"Reação tardia ou ineficiente do condutor";"Colisão traseira";"Com Vítimas Feridas";"Pleno dia";"Decrescente";"Sol";"Dupla";"Reta";"Não";3;0;0;1;1;2;1;4;-25,51077314;-49,1272223;"SPRF-PR";"DEL01-PR";"UOP01-DEL01-PR"