"id";"data_inversa";"dia_semana";"horario";"uf";"br";"km";"municipio";"causa_acidente";"tipo_acidente";"classificacao_acidente";"fase_dia";"sentido_via";"condicao_metereologica";"tipo_pista";"tracado_via";"uso_solo";"pessoas";"mortos";"feridos_leves";"feridos_graves";"ilesos";"ignorados";"feridos";"veiculos";"latitude";"longitude";"regional";"delegacia";"uop"
481649;2022-10-19;"quarta-feira";"20:20:00";"MG";116;765,5;"LEOPOLDINA";"Desrespeitar a preferência no cruzamento";"Colisão transversal";"Com Vítimas Feridas";"Plena Noite";"Decrescente";"Nublado";"Simples";"Interseção de Vias;Aclive";"Não";4;0;1;0;2;1;1;3;-21,52098425;-42,65141487;"SPRF-MG";"DEL07-MG";"UOP01-DEL07-MG"
481664;2022-10-19;"quarta-feira";"18:20:00";"PR";277;412,7;"CANDOI";"Mal súbito do condutor";"Saída de leito carroçável";"Com Vítimas Feridas";"Anoitecer";"Decrescente";"Céu Claro";"Simples";"Aclive;Curva";"Não";2;0;0;1;0;1;1;2;-25,42374367;-52,02135088;"SPRF-PR";"DEL04-PR";"UOP02-DEL04-PR"
481665;2022-10-19;"quarta-feira";"22:53:00";"SC";101;32,5;"JOINVILLE";"Ingestão de álcool pelo condutor";"Colisão traseira";"Sem Vítimas";"Plena Noite";"Crescente";"Céu Claro";"Dupla";"Reta";"Sim";2;0;0;0;1;1;0;2;-26,226987;-48,91657;"SPRF-SC";"DEL03-SC";"UOP01-DEL03-SC"
481678;2022-10-19;"quarta-feira";"22:20:00";"MG";153;53;"MONTE ALEGRE DE MINAS";"Ingestão de álcool pelo condutor";"Saída de leito carroçável";"Com Vítimas Feridas";"Plena Noite";"Decrescente";"Céu Claro";"Dupla";"Reta";"Não";1;0;1;0;0;0;1;1;-18,84716712;-49,09042109;"SPRF-MG";"DEL15-MG";"UOP03-DEL15-MG"
481681;2022-10-19;"quarta-feira";"17:30:00";"SP";116;347,3;"MIRACATU";"Demais falhas mecânicas ou elétricas";"Tombamento";"Com Vítimas Feridas";"Anoitecer";"Crescente";"Nublado";"Dupla";"Curva";"Não";2;0;1;0;0;1;1;2;-24,04699491;-47,19706111;"SPRF-SP";"DEL04-SP";"UOP03-DEL04-SP"
481682;2022-10-20;"quinta-feira";"01:20:00";"RS";116;447;"SAO LOURENCO DO SUL";"Reação tardia ou ineficiente do condutor";"Colisão traseira";"Sem Vítimas";"Plena Noite";"Crescente";"Céu Claro";"Dupla";"Reta";"Não";1;0;0;0;1;0;0;1;-31,16835709;-52,02887634;"SPRF-RS";"DEL02-RS";"UOP02-DEL02-RS"
481683;2022-10-20;"quinta-feira";"01:30:00";"SC";101;366;"SANGAO";"Ingestão de álcool pelo condutor";"Colisão traseira";"Com Vítimas Feridas";"Plena Noite";"Crescente";"Céu Claro";"Dupla";"Reta";"Não";5;0;1;1;2;1;2;3;-28,68718511;-49,15621795;"SPRF-SC";"DEL02-SC";"UOP01-DEL02-SC"
481688;2022-10-20;"quinta-feira";"05:40:00";"PI";316;288;"PICOS";"Ultrapassagem Indevida";"Colisão lateral mesmo sentido";"Com Vítimas Feridas";"Amanhecer";"Crescente";"Céu Claro";"Simples";"Reta";"Sim";3;0;1;0;1;1;1;3;-6,9914097;-41,62679567;"SPRF-PI";"DEL04-PI";"UOP01-DEL04-PI"
481693;2022-10-20;"quinta-feira";"06:30:00";"MG";40;530;"BELO HORIZONTE";"Ausência de reação do condutor";"Engavetamento";"Com Vítimas Feridas";"Pleno dia";"Crescente";"Céu Claro";"Dupla";"Aclive;Reta";"Não";4;0;1;0;3;0;1;3;-19,92064782;-44,0335681;"SPRF-MG";"DEL01-MG";"UOP02-DEL01-MG"
481699;2022-10-20;"quinta-feira";"07:00:00";"RS";153;53,8;"ERECHIM";"Condutor deixou de manter distância do veículo da frente";"Colisão traseira";"Com Vítimas Feridas";"Pleno dia";"Decrescente";"Céu Claro";"Simples";"Aclive";"Sim";3;0;0;1;1;1;1;3;-27,66693813;-52,29069167;"SPRF-RS";"DEL08-RS";"UOP04-DEL08-RS"
481700;2022-10-20;"quinta-feira";"04:40:00";"SP";116;49,6;"LORENA";"Reação tardia ou ineficiente do condutor";"Colisão traseira";"Com Vítimas Feridas";"Plena Noite";"Crescente";"Céu Claro";"Dupla";"Reta";"Não";3;0;2;0;1;0;2;2;-22,73051614;-45,0765859;"SPRF-SP";"DEL08-SP";"UOP02-DEL08-SP"
481701;2022-10-20;"quinta-feira";"07:00:00";"MG";381;921,2;"CAMANDUCAIA";"Velocidade Incompatível";"Colisão com objeto";"Com Vítimas Feridas";"Pleno dia";"Crescente";"Céu Claro";"Dupla";"Curva";"Não";2;0;2;0;0;0;2;1;-22,76334649;-46,17113677;"SPRF-MG";"DEL16-MG";"UOP03-DEL16-MG"
481702;2022-10-20;"quinta-feira";"07:30:00";"GO";50;192,9;"CAMPO ALEGRE DE GOIAS";"Reação tardia ou ineficiente do condutor";"Saída de leito carroçável";"Com Vítimas Feridas";"Pleno dia";"Decrescente";"Céu Claro";"Dupla";"Reta";"Não";2;0;0;1;0;1;1;2;-17,5101;-47,8246;"SPRF-GO";"DEL06-GO";"UOP01-DEL06-GO"
481708;2022-10-20;"quinta-feira";"06:45:00";"MT";364;198;"RONDONOPOLIS";"Ausência de reação do condutor";"Colisão lateral mesmo sentido";"Com Vítimas Feridas";"Pleno dia";"Crescente";"Céu Claro";"Dupla";"Reta";"Não";2;0;1;0;1;0;1;2;-16,50621198;-54,62294799;"SPRF-MT";"DEL02-MT";"UOP01-DEL02-MT"
481712;2022-10-20;"quinta-feira";"08:40:00";"ES";101;303;"VIANA";"Reação tardia ou ineficiente do condutor";"Colisão traseira";"Com Vítimas Feridas";"Pleno dia";"Decrescente";"Céu Claro";"Dupla";"Reta";"Sim";5;0;1;0;3;1;1;2;-20,36958283;-40,44384551;"SPRF-ES";"DEL01-ES";"UOP01-DEL01-ES"
481715;2022-09-21;"quarta-feira";"03:05:00";"PE";232;70,9;"GRAVATA";"Condutor Dormindo";"Colisão traseira";"Com Vítimas Feridas";"Plena Noite";"Decrescente";"Céu Claro";"Dupla";"Reta";"Não";2;0;0;1;1;0;1;2;-8,18013165;-35,48714876;"SPRF-PE";"DEL02-PE";"UOP02-DEL02PE"
481720;2022-10-20;"quinta-feira";"08:35:00";"SP";116;430;"REGISTRO";"Reação tardia ou ineficiente do condutor";"Colisão lateral mesmo sentido";"Sem Vítimas";"Pleno dia";"Decrescente";"Chuva";"Dupla";"Reta";"Sim";4;0;0;0;3;1;0;3;-24,40730885;-47,7459871;"SPRF-SP";"DEL05-SP";"UOP01-DEL05-SP"
481726;2022-10-20;"quinta-feira";"06:40:00";"PR";163;315,6;"TERRA ROXA";"Ultrapassagem Indevida";"Colisão lateral mesmo sentido";"Com Vítimas Feridas";"Pleno dia";"Decrescente";"Céu Claro";"Simples";"Declive";"Não";6;0;4;0;1;3;4;5;-24,34991025;-54,14854917;"SPRF-PR";"DEL06-PR";"UOP02-DEL06-PR"
481727;2022-10-20;"quinta-feira";"07:35:00";"AL";101;177;"TEOTONIO VILELA";"Condutor Dormindo";"Tombamento";"Com Vítimas Feridas";"Pleno dia";"Decrescente";"Céu Claro";"Dupla";"Reta";"Sim";1;0;1;0;0;0;1;1;-9,88962;-36,382435;"SPRF-AL";"DEL02-AL";"UOP02-DEL02-AL"
481730;2022-10-20;"quinta-feira";"07:00:00";"PE";428;188;"PETROLINA";"Acessar a via sem observar a presença dos outros veículos";"Colisão lateral mesmo sentido";"Sem Vítimas";"Pleno dia";"Decrescente";"Céu Claro";"Dupla";"Interseção de Vias";"Sim";2;0;0;0;2;0;0;2;-9,36400596;-40,48266808;"SPRF-PE";"DEL06-PE";"UOP01-DEL06-PE"
481733;2022-10-20;"quinta-feira";"09:20:00";"MS";163;37,5;"ELDORADO";"Ausência de reação do condutor";"Colisão traseira";"Com Vítimas Feridas";"Pleno dia";"Decrescente";"Chuva";"Simples";"Declive";"Não";3;0;1;0;1;1;1;3;-23,80317571;-54,3038891;"SPRF-MS";"DEL09-MS";"UOP02-DEL09-MS"
481735;2022-10-20;"quinta-feira";"10:20:00";"RJ";116;307;"RESENDE";"Reação tardia ou ineficiente do condutor";"Colisão traseira";"Com Vítimas Feridas";"Pleno dia";"Crescente";"Céu Claro";"Dupla";"Reta";"Não";5;0;2;0;2;1;2;4;-22,45713262;-44,41063703;"SPRF-RJ";"DEL07-RJ";"UOP02-DEL07-RJ"
481740;2022-10-20;"quinta-feira";"11:00:00";"PR";476;168;"ARAUCARIA";"Reação tardia ou ineficiente do condutor";"Colisão lateral sentido oposto";"Sem Vítimas";"Pleno dia";"Crescente";"Nublado";"Simples";"Curva";"Não";3;0;0;0;2;2;0;4;-25,66757493;-49,49773774;"SPRF-PR";"DEL01-PR";"UOP06-DEL01-PR"
481741;2022-10-20;"quinta-feira";"11:15:00";"BA";242;820;"BARREIRAS";"Reação tardia ou ineficiente do condutor";"Colisão traseira";"Com Vítimas Feridas";"Pleno dia";"Decrescente";"Céu Claro";"Simples";"Reta";"Não";5;0;1;0;2;2;1;3;-12,1176;-45,222279;"SPRF-BA";"DEL10-BA";"UOP01-DEL10-BA"
481742;2022-10-20;"quinta-feira";"12:00:00";"RN";101;98;"NATAL";"Ausência de sinalização";"Colisão traseira";"Com Vítimas Feridas";"Pleno dia";"Crescente";"Céu Claro";"Dupla";"Reta";"Sim";2;0;1;0;1;0;1;2;-5,86567888;-35,21651625;"SPRF-RN";"DEL01-RN";"UOP01-DEL01-RN"
481744;2022-10-20;"quinta-feira";"11:55:00";"PB";230;35,5;"BAYEUX";"Reação tardia ou ineficiente do condutor";"Engavetamento";"Com Vítimas Feridas";"Pleno dia";"Decrescente";"Sol";"Dupla";"Declive";"Sim";8;0;2;1;5;0;3;8;-7,12546091;-34,94450446;"SPRF-PB";"DEL01-PB";"UOP01-DEL01-PB"
481747;2022-10-20;"quinta-feira";"11:15:00";"MG";50;157;"UBERABA";"Ingestão de álcool pelo condutor";"Tombamento";"Com Vítimas Feridas";"Pleno dia";"Decrescente";"Sol";"Dupla";"Reta;Em Obras";"Não";1;0;0;1;0;0;1;1;-19,63001104;-48,01373374;"SPRF-MG";"DEL13-MG";"UOP01-DEL13-MG"
481748;2022-10-20;"quinta-feira";"13:05:00";"SP";116;82,6;"ROSEIRA";"Acessar a via sem observar a presença dos outros veículos";"Colisão traseira";"Com Vítimas Feridas";"Pleno dia";"Crescente";"Céu Claro";"Dupla";"Reta";"Não";2;0;1;0;1;0;1;2;-22,91151049;-45,32377043;"SPRF-SP";"DEL08-SP";"UOP01-DEL08-SP"
481752;2022-10-20;"quinta-feira";"09:00:00";"PR";163;159,6;"LINDOESTE";"Objeto estático sobre o leito carroçável";"Saída de leito carroçável";"Sem Vítimas";"Pleno dia";"Decrescente";"Chuva";"Simples";"Declive;Curva";"Não";2;0;0;0;1;1;0;2;-25,34495402;-53,58666028;"SPRF-PR";"DEL05-PR";"UOP05-DEL05-PR"
481754;2022-10-20;"quinta-feira";"11:00:00";"RO";364;433;"JARU";"Condutor deixou de manter distância do veículo da frente";"Colisão traseira";"Com Vítimas Feridas";"Pleno dia";"Decrescente";"Sol";"Simples";"Reta";"Não";2;0;1;0;1;0;1;2;-10,39528019;-62,53268714;"SPRF-RO";"DEL03-RO";"UOP02-DEL03-RO"
481756;2022-10-11;"terça-feira";"15:00:00";"PR";277;364;"GUARAPUAVA";"Ausência de reação do condutor";"Saída de leito carroçável";"Com Vítimas Feridas";"Pleno dia";"Crescente";"Chuva";"Simples";"Curva";"Não";2;0;0;1;0;2;1;3;-25,4358338;-51,65041924;"SPRF-PR";"DEL08-PR";"UOP01-DEL08-PR"
481759;2022-10-20;"quinta-feira";"12:07:00";"PR";277;161,4;"PORTO AMAZONAS";"Transitar na contramão";"Colisão frontal";"Com Vítimas Fatais";"Pleno dia";"Crescente";"Garoa/Chuvisco";"Simples";"Reta";"Não";4;1;0;3;0;0;3;2;-25,46284186;-49,93205398;"SPRF-PR";"DEL03-PR";"UOP03-DEL03-PR"
481772;2022-10-15;"sábado";"03:50:00";"ES";262;139,1;"MUNIZ FREIRE";"Transitar na contramão";"Colisão frontal";"Com Vítimas Feridas";"Plena Noite";"Crescente";"Céu Claro";"Dupla";"Curva";"Não";3;0;0;2;1;0;2;2;-20,23135279;-41,36098834;"SPRF-ES";"DEL01-ES";"UOP02-DEL01-ES"
481775;2022-10-20;"quinta-feira";"16:00:00";"MG";40;475;"SETE LAGOAS";"Carga excessiva e/ou mal acondicionada";"Tombamento";"Com Vítimas Feridas";"Pleno dia";"Crescente";"Céu Claro";"Dupla";"Declive";"Não";1;0;1;0;0;0;1;1;-19,50551591;-44,27423377;"SPRF-MG";"DEL02-MG";"UOP01-DEL02-MG"
481780;2022-10-20;"quinta-feira";"10:20:00";"RJ";116;234;"PIRAI";"Carga excessiva e/ou mal acondicionada";"Derramamento de carga";"Sem Vítimas";"Pleno dia";"Crescente";"Céu Claro";"Simples";"Curva";"Sim";2;0;0;0;1;1;0;2;-22,66632663;-43,84704988;"SPRF-RJ";"DEL07-RJ";"UOP01-DEL07-RJ"
481782;2022-10-20;"quinta-feira";"16:00:00";"PR";376;594,2;"CURITIBA";"Ausência de reação do condutor";"Colisão traseira";"Com Vítimas Feridas";"Pleno dia";"Crescente";"Céu Claro";"Dupla";"Reta";"Sim";2;0;1;0;1;0;1;2;-25,48479613;-49,34730331;"SPRF-PR";"DEL01-PR";"UOP06-DEL01-PR"
481783;2022-10-20;"quinta-feira";"16:00:00";"GO";60;114;"GOIANAPOLIS";"Manobra de mudança de faixa";"Colisão frontal";"Com Vítimas Feridas";"Pleno dia";"Decrescente";"Céu Claro";"Dupla";"Reta";"Não";3;0;0;1;1;2;1;4;-16,4633;-49,0636;"SPRF-GO";"DEL01-GO";"UOP01-DEL01-GO"
481788;2022-10-20;"quinta-feira";"14:06:00";"SC";282;450,4;"PONTE SERRADA";"Condutor deixou de manter distância do veículo da frente";"Colisão traseira";"Com Vítimas Feridas";"Pleno dia";"Crescente";"Chuva";"Dupla";"Aclive";"Não";5;0;2;0;2;1;2;3;-26,920099;-51,937246;"SPRF-SC";"DEL07-SC";"UOP04-DEL07-SC"
481789;2022-10-20;"quinta-feira";"16:30:00";"MG";381;452;"SABARA";"Reação tardia ou ineficiente do condutor";"Colisão lateral sentido oposto";"Com Vítimas Feridas";"Pleno dia";"Decrescente";"Céu Claro";"Simples";"Reta";"Sim";4;0;0;1;2;2;1;5;-19,84339604;-43,88596993;"SPRF-MG";"DEL01-MG";"UOP01-DEL01-MG"
481793;2022-10-20;"quinta-feira";"16:00:00";"RJ";101;401;"ITAGUAI";"Ingestão de álcool pelo condutor";"Colisão com objeto";"Com Vítimas Feridas";"Pleno dia";"Crescente";"Céu Claro";"Dupla";"Reta";"Sim";3;0;1;0;1;1;1;3;-22,84853075;-43,77998836;"SPRF-RJ";"DEL03-RJ";"UOP01-DEL03-RJ"
481795;2022-10-20;"quinta-feira";"16:50:00";"SP";116;358;"MIRACATU";"Condutor deixou de manter distância do veículo da frente";"Colisão traseira";"Com Vítimas Feridas";"Pleno dia";"Crescente";"Céu Claro";"Múltipla";"Curva";"Não";5;0;1;0;3;1;1;3;-24,10798;-47,263945;"SPRF-SP";"DEL04-SP";"UOP03-DEL04-SP"
481800;2022-10-20;"quinta-feira";"18:20:00";"RJ";101;69;"CAMPOS DOS GOYTACAZES";"Acessar a via sem observar a presença dos outros veículos";"Colisão transversal";"Com Vítimas Feridas";"Anoitecer";"Crescente";"Céu Claro";"Simples";"Reta";"Sim";4;0;2;0;1;1;2;3;-21,77624383;-41,3653321;"SPRF-RJ";"DEL08-RJ";"UOP02-DEL08-RJ"
481802;2022-10-20;"quinta-feira";"16:44:00";"PE";116;55;"CABROBO";"Reação tardia ou ineficiente do condutor";"Colisão lateral mesmo sentido";"Sem Vítimas";"Pleno dia";"Decrescente";"Céu Claro";"Simples";"Reta";"Não";2;0;0;0;1;1;0;2;-8,319089;-39,128674;"SPRF-PE";"DEL05-PE";"UOP01-DEL05-PE"
481810;2022-10-20;"quinta-feira";"16:00:00";"MG";365;737;"ITUIUTABA";"Transitar na contramão";"Colisão frontal";"Com Vítimas Feridas";"Pleno dia";"Decrescente";"Céu Claro";"Simples";"Reta";"Não";4;0;1;0;2;1;1;4;-18,908402;-49,34464;"SPRF-MG";"DEL15-MG";"UOP03-DEL15-MG"
481814;2022-10-20;"quinta-feira";"16:20:00";"SC";163;108,7;"GUARUJA DO SUL";"Transitar na contramão";"Colisão frontal";"Com Vítimas Feridas";"Pleno dia";"Decrescente";"Chuva";"Simples";"Em Obras;Aclive;Reta";"Não";3;0;0;1;1;1;1;3;-26,42169886;-53,52568081;"SPRF-SC";"DEL07-SC";"UOP03-DEL07-SC"
481823;2022-08-09;"terça-feira";"05:10:00";"SE";101;45,1;"JAPARATUBA";"Ausência de reação do condutor";"Colisão traseira";"Com Vítimas Fatais";"Amanhecer";"Crescente";"Nublado";"Dupla";"Reta";"Não";3;1;0;0;1;1;0;3;-10,56293009;-36,96671215;"SPRF-SE";"DEL02-SE";"UOP02-DEL02-SE"
481826;2022-10-20;"quinta-feira";"19:20:00";"TO";153;385;"RIO DOS BOIS";"Demais falhas mecânicas ou elétricas";"Colisão transversal";"Com Vítimas Fatais";"Plena Noite";"Decrescente";"Céu Claro";"Simples";"Reta";"Não";3;1;0;0;1;2;0;4;-9,28706698;-48,55350918;"SPRF-TO";"DEL02-TO";"UOP02-DEL02-TO"
481827;2022-10-20;"quinta-feira";"18:10:00";"RO";364;440;"JARU";"Ausência de reação do condutor";"Colisão traseira";"Sem Vítimas";"Pleno dia";"Decrescente";"Céu Claro";"Simples";"Reta";"Não";2;0;0;0;2;0;0;2;-10,35487178;-62,58147084;"SPRF-RO";"DEL03-RO";"UOP02-DEL03-RO"
481832;2022-10-20;"quinta-feira";"21:20:00";"SC";280;26,3;"ARAQUARI";"Conversão proibida";"Colisão transversal";"Com Vítimas Feridas";"Plena Noite";"Crescente";"Garoa/Chuvisco";"Simples";"Reta;Em Obras";"Sim";6;0;2;2;1;2;4;4;-26,38972308;-48,73411593;"SPRF-SC";"DEL03-SC";"UOP03-DEL03-SC"
481837;2022-10-20;"quinta-feira";"13:58:00";"RO";435;65;"COLORADO DO OESTE";"Ausência de reação do condutor";"Colisão traseira";"Com Vítimas Feridas";"Pleno dia";"Decrescente";"Céu Claro";"Simples";"Curva";"Não";7;0;3;0;3;2;3;5;-13,09591;-60,3754815;"SPRF-RO";"DEL04-RO";"UOP02-DEL04-RO"
481849;2022-10-20;"quinta-feira";"23:00:00";"SP";116;225;"GUARULHOS";"Manobra de mudança de faixa";"Colisão lateral mesmo sentido";"Com Vítimas Feridas";"Plena Noite";"Decrescente";"Nublado";"Múltipla";"Declive";"Sim";4;0;0;1;1;2;1;4;-23,48586772;-46,54075317;"SPRF-SP";"DEL01-SP";"UOP01-DEL01-SP"
481851;2022-10-20;"quinta-feira";"21:45:00";"SC";282;228,3;"LAGES";"Ingestão de álcool pelo condutor";"Colisão traseira";"Com Vítimas Feridas";"Pleno dia";"Decrescente";"Nublado";"Simples";"Curva";"Não";2;0;1;0;1;0;1;2;-27,791557;-50,4077;"SPRF-SC";"DEL05-SC";"UOP02-DEL05-SC"
481855;2022-10-20;"quinta-feira";"23:15:00";"PR";277;0,5;"PARANAGUA";"Ausência de reação do condutor";"Colisão com objeto";"Sem Vítimas";"Plena Noite";"Crescente";"Garoa/Chuvisco";"Dupla";"Reta";"Sim";2;0;0;0;1;1;0;2;-25,5205;-48,5095;"SPRF-PR";"DEL01-PR";"UOP05-DEL01-PR"
481857;2022-10-20;"quinta-feira";"22:00:00";"RJ";101;173;"MACAE";"Avarias e/ou desgaste excessivo no pneu";"Colisão com objeto";"Sem Vítimas";"Plena Noite";"Crescente";"Céu Claro";"Simples";"Curva";"Não";3;0;0;0;2;2;0;4;-22,37100817;-41,95186287;"SPRF-RJ";"DEL08-RJ";"UOP04-DEL08-RJ"
481859;2022-09-04;"domingo";"20:39:00";"RJ";116;178;"NOVA IGUACU";"Ausência de reação do condutor";"Engavetamento";"Com Vítimas Feridas";"Plena Noite";"Decrescente";"Nublado";"Dupla";"Reta";"Sim";5;0;2;0;2;1;2;4;-22,77496393;-43,40081465;"SPRF-RJ";"DEL01-RJ";"UOP02-DEL01-RJ"
481862;2022-10-20;"quinta-feira";"23:40:00";"PR";376;497,7;"PONTA GROSSA";"Ausência de reação do condutor";"Saída de leito carroçável";"Com Vítimas Feridas";"Plena Noite";"Crescente";"Chuva";"Dupla";"Declive";"Sim";1;0;1;0;0;0;1;1;-25,148803;-50,147372;"SPRF-PR";"DEL03-PR";"UOP04-DEL03-PR"
481863;2022-10-21;"sexta-feira";"00:01:00";"PR";376;326,8;"ORTIGUEIRA";"Chuva";"Colisão com objeto";"Com Vítimas Feridas";"Plena Noite";"Crescente";"Chuva";"Simples";"Curva;Declive";"Não";3;0;2;0;0;1;2;2;-24,06597012;-51,06422178;"SPRF-PR";"DEL07-PR";"UOP02-DEL07-PR"
481867;2022-10-20;"quinta-feira";"22:50:00";"MS";463;70,9;"PONTA PORA";"Ingestão de álcool pelo condutor";"Saída de leito carroçável";"Sem Vítimas";"Plena Noite";"Decrescente";"Chuva";"Simples";"Reta";"Não";2;0;0;0;1;2;0;3;-22,46653187;-55,39738313;"SPRF-MS";"DEL04-MS";"UOP03-DEL04-MS"
481868;2022-10-20;"quinta-feira";"21:00:00";"ES";259;87,7;"BAIXO GUANDU";"Condutor Dormindo";"Tombamento";"Com Vítimas Feridas";"Plena Noite";"Crescente";"Nublado";"Simples";"Curva";"Não";2;0;1;0;1;0;1;1;-19,51794277;-40,89319018;"SPRF-ES";"DEL02-ES";"UOP01-DEL02-ES"
481869;2022-10-20;"quinta-feira";"23:45:00";"RS";386;309;"POUSO NOVO";"Condutor Dormindo";"Colisão frontal";"Com Vítimas Feridas";"Plena Noite";"Crescente";"Céu Claro";"Simples";"Curva;Declive";"Não";2;0;1;0;1;0;1;2;-29,218215;-52,170414;"SPRF-RS";"DEL04-RS";"UOP01-DEL04-RS"
481870;2022-10-21;"sexta-feira";"00:30:00";"TO";153;90;"WANDERLANDIA";"Entrada inopinada do pedestre";"Atropelamento de Pedestre";"Com Vítimas Fatais";"Plena Noite";"Crescente";"Céu Claro";"Simples";"Reta";"Não";3;1;0;0;1;2;0;4;-6,82999194;-47,97547071;"SPRF-TO";"DEL02-TO";"UOP01-DEL02-TO"
481876;2022-10-20;"quinta-feira";"23:00:00";"SC";101;5;"GARUVA";"Demais falhas mecânicas ou elétricas";"Incêndio";"Sem Vítimas";"Plena Noite";"Crescente";"Garoa/Chuvisco";"Dupla";"Reta";"Não";2;0;0;0;1;1;0;2;-26,01779797;-48,86233322;"SPRF-SC";"DEL03-SC";"UOP01-DEL03-SC"
481880;2022-10-21;"sexta-feira";"01:45:00";"MG";50;173;"UBERABA";"Condutor Dormindo";"Tombamento";"Com Vítimas Feridas";"Pleno dia";"Decrescente";"Céu Claro";"Dupla";"Reta;Em Obras";"Não";1;0;1;0;0;0;1;1;-19,7611426;-47,97765245;"SPRF-MG";"DEL13-MG";"UOP01-DEL13-MG"
481882;2022-10-21;"sexta-feira";"01:50:00";"BA";101;98;"ALAGOINHAS";"Transitar na contramão";"Colisão frontal";"Com Vítimas Fatais";"Plena Noite";"Decrescente";"Céu Claro";"Simples";"Reta";"Não";3;1;0;2;0;0;2;2;-12,12395106;-38,39300331;"SPRF-BA";"DEL01-BA";"UOP04-DEL01-BA"
481884;2022-10-21;"sexta-feira";"03:30:00";"BA";101;480;"URUCUCA";"Velocidade Incompatível";"Capotamento";"Com Vítimas Feridas";"Plena Noite";"Crescente";"Chuva";"Simples";"Curva";"Não";1;0;1;0;0;0;1;1;-14,61381335;-39,33088303;"SPRF-BA";"DEL05-BA";"UOP01-DEL05-BA"
481886;2022-10-21;"sexta-feira";"05:15:00";"RS";386;161,1;"ALMIRANTE TAMANDARE DO SUL";"Transitar na contramão";"Colisão frontal";"Com Vítimas Feridas";"Amanhecer";"Crescente";"Garoa/Chuvisco";"Simples";"Reta";"Não";2;0;0;1;1;0;1;2;-28,165079;-52,837311;"SPRF-RS";"DEL08-RS";"UOP01-DEL08-RS"
481890;2022-10-21;"sexta-feira";"02:03:00";"MA";222;437;"SANTA LUZIA";"Problema com o freio";"Tombamento";"Sem Vítimas";"Plena Noite";"Decrescente";"Céu Claro";"Simples";"Aclive";"Não";2;0;0;0;1;1;0;2;-4,082038;-45,87698;"SPRF-MA";"DEL02-MA";"UOP01-DEL02-MA"
481891;2022-10-21;"sexta-feira";"06:00:00";"BA";324;623;"SALVADOR";"Condutor deixou de manter distância do veículo da frente";"Colisão lateral mesmo sentido";"Sem Vítimas";"Pleno dia";"Crescente";"Céu Claro";"Dupla";"Reta";"Sim";3;0;0;0;2;1;0;3;-12,93912356;-38,47184412;"SPRF-BA";"DEL01-BA";"UOP01-DEL01-BA"
481895;2022-10-21;"sexta-feira";"05:10:00";"PR";476;325;"PAULO FRONTIN";"Ausência de sinalização";"Colisão com objeto";"Com Vítimas Feridas";"Plena Noite";"Decrescente";"Céu Claro";"Simples";"Reta";"Não";2;0;2;0;0;0;2;1;-26,09347997;-50,77468872;"SPRF-PR";"DEL02-PR";"UOP04-DEL02-PR"
481897;2022-10-20;"quinta-feira";"18:50:00";"MT";70;58;"BARRA DO GARCAS";"Acostamento em desnível";"Saída de leito carroçável";"Com Vítimas Feridas";"Plena Noite";"Crescente";"Nublado";"Simples";"Reta";"Não";3;0;2;0;0;1;2;2;-15,69328544;-52,69094467;"SPRF-MT";"DEL07-MT";"UOP01-DEL07-MT"
481908;2022-10-21;"sexta-feira";"06:30:00";"MG";50;206,6;"UBERABA";"Acumulo de água sobre o pavimento";"Saída de leito carroçável";"Com Vítimas Feridas";"Amanhecer";"Crescente";"Chuva";"Dupla";"Declive";"Não";1;0;1;0;0;0;1;1;-19,92627147;-47,82191068;"SPRF-MG";"DEL13-MG";"UOP01-DEL13-MG"
481913;2022-10-21;"sexta-feira";"07:20:00";"PA";316;25;"BENEVIDES";"Acessar a via sem observar a presença dos outros veículos";"Colisão traseira";"Com Vítimas Feridas";"Pleno dia";"Crescente";"Céu Claro";"Dupla";"Reta";"Sim";5;0;2;0;2;1;2;4;-1,3252697;-48,232117;"SPRF-PA";"DEL01-PA";"UOP01-DEL01-PA"
481925;2022-10-21;"sexta-feira";"00:05:00";"RO";364;417,6;"JARU";"Reação tardia ou ineficiente do condutor";"Colisão lateral sentido oposto";"Com Vítimas Feridas";"Plena Noite";"Decrescente";"Chuva";"Simples";"Curva;Declive";"Não";2;0;0;1;1;0;1;2;-10,49204616;-62,42765112;"SPRF-RO";"DEL03-RO";"UOP02-DEL03-RO"
481931;2022-08-31;"quarta-feira";"17:00:00";"MA";10;105,1;"ESTREITO";"Demais falhas mecânicas ou elétricas";"Atropelamento de Pedestre";"Com Vítimas Fatais";"Pleno dia";"Decrescente";"Sol";"Simples";"Reta";"Não";1;1;0;0;0;0;0;1;-6,750896;-47,450539;"SPRF-MA";"DEL04-MA";"UOP02-DEL04-MA"
481934;2022-09-11;"domingo";"04:30:00";"MG";50;27,6;"ARAGUARI";"Ausência de reação do condutor";"Atropelamento de Pedestre";"Com Vítimas Feridas";"Pleno dia";"Decrescente";"Céu Claro";"Dupla";"Rotatória";"Não";2;0;1;0;1;0;1;1;-18,61943321;-48,09375199;"SPRF-MG";"DEL15-MG";"UOP02-DEL15-MG"
481936;2022-10-21;"sexta-feira";"09:00:00";"PR";277;221,1;"TEIXEIRA SOARES";"Problema com o freio";"Saída de leito carroçável";"Com Vítimas Fatais";"Pleno dia";"Decrescente";"Garoa/Chuvisco";"Simples";"Declive;Reta";"Não";4;1;1;0;1;2;1;3;-25,46433634;-50,38781484;"SPRF-PR";"DEL08-PR";"UOP02-DEL08-PR"