"id";"data_inversa";"dia_semana";"horario";"uf";"br";"km";"municipio";"causa_acidente";"tipo_acidente";"classificacao_acidente";"fase_dia";"sentido_via";"condicao_metereologica";"tipo_pista";"tracado_via";"uso_solo";"pessoas";"mortos";"feridos_leves";"feridos_graves";"ilesos";"ignorados";"feridos";"veiculos";"latitude";"longitude";"regional";"delegacia";"uop"
481938;2022-10-21;"sexta-feira";"09:30:00";"RJ";116;278;"BARRA MANSA";"Ultrapassagem Indevida";"Colisão lateral mesmo sentido";"Com Vítimas Feridas";"Pleno dia";"Decrescente";"Garoa/Chuvisco";"Dupla";"Curva";"Sim";3;0;1;0;1;1;1;3;-22,55271018;-44,17778004;"SPRF-RJ";"DEL07-RJ";"UOP02-DEL07-RJ"
481939;2022-10-21;"sexta-feira";"07:56:00";"PI";316;0,2;"TERESINA";"Acessar a via sem observar a presença dos outros veículos";"Colisão lateral mesmo sentido";"Sem Vítimas";"Pleno dia";"Crescente";"Céu Claro";"Simples";"Ponte";"Não";3;0;0;0;2;2;0;4;-5,131168;-42,81564;"SPRF-PI";"DEL01-PI";"UOP02-DEL01-PI"
481942;2022-10-21;"sexta-feira";"07:56:00";"PR";163;184;"SANTA TEREZA DO OESTE";"Acesso irregular";"Colisão transversal";"Com Vítimas Feridas";"Pleno dia";"Crescente";"Céu Claro";"Simples";"Reta";"Sim";5;0;1;1;2;1;2;4;-25,14143492;-53,58620904;"SPRF-PR";"DEL05-PR";"UOP05-DEL05-PR"
481945;2022-10-21;"sexta-feira";"08:10:00";"RJ";40;121;"DUQUE DE CAXIAS";"Reação tardia ou ineficiente do condutor";"Colisão traseira";"Com Vítimas Feridas";"Pleno dia";"Crescente";"Céu Claro";"Múltipla";"Reta";"Sim";3;0;1;0;1;1;1;3;-22,78185499;-43,28571273;"SPRF-RJ";"DEL01-RJ";"UOP01-DEL01-RJ"
481952;2022-10-21;"sexta-feira";"10:20:00";"PE";101;80;"JABOATAO DOS GUARARAPES";"Ultrapassagem Indevida";"Colisão lateral mesmo sentido";"Com Vítimas Feridas";"Pleno dia";"Decrescente";"Céu Claro";"Múltipla";"Reta";"Sim";2;0;1;0;1;0;1;2;-8,151682;-34,942586;"SPRF-PE";"DEL01-PE";"UOP01-DEL01-PE"
481953;2022-10-21;"sexta-feira";"10:30:00";"MT";364;205;"RONDONOPOLIS";"Acessar a via sem observar a presença dos outros veículos";"Colisão lateral mesmo sentido";"Com Vítimas Feridas";"Pleno dia";"Decrescente";"Chuva";"Dupla";"Declive";"Sim";2;0;1;0;1;0;1;2;-16,45928621;-54,66092345;"SPRF-MT";"DEL02-MT";"UOP01-DEL02-MT"
481958;2022-10-21;"sexta-feira";"10:00:00";"MS";163;28,6;"MUNDO NOVO";"Ausência de reação do condutor";"Colisão traseira";"Sem Vítimas";"Pleno dia";"Crescente";"Céu Claro";"Simples";"Reta";"Não";5;0;0;0;4;2;0;4;-23,86670284;-54,32884278;"SPRF-MS";"DEL09-MS";"UOP02-DEL09-MS"
481959;2022-10-21;"sexta-feira";"10:00:00";"GO";153;500;"GOIANIA";"Chuva";"Saída de leito carroçável";"Sem Vítimas";"Pleno dia";"Decrescente";"Chuva";"Múltipla";"Reta";"Sim";2;0;0;0;1;1;0;2;-16,7118;-49,2324;"SPRF-GO";"DEL01-GO";"UOP01-DEL01-GO"
481960;2022-10-21;"sexta-feira";"10:10:00";"GO";153;497;"GOIANIA";"Demais falhas mecânicas ou elétricas";"Saída de leito carroçável";"Sem Vítimas";"Pleno dia";"Decrescente";"Chuva";"Dupla";"Reta";"Sim";2;0;0;0;1;1;0;2;-16,6854;-49,2338;"SPRF-GO";"DEL01-GO";"UOP01-DEL01-GO"
481961;2022-10-21;"sexta-feira";"09:47:00";"GO";153;94,2;"SANTA TEREZA DE GOIAS";"Reação tardia ou ineficiente do condutor";"Saída de leito carroçável";"Com Vítimas Feridas";"Pleno dia";"Decrescente";"Nublado";"Simples";"Reta";"Não";2;0;1;0;0;3;1;4;-13,604548;-49,042053;"SPRF-GO";"DEL07-GO";"UOP01-DEL07-GO"
481965;2022-10-21;"sexta-feira";"07:31:00";"SC";101;337,9;"TUBARAO";"Condutor Dormindo";"Colisão traseira";"Com Vítimas Feridas";"Pleno dia";"Crescente";"Nublado";"Dupla";"Curva;Declive";"Sim";4;0;1;0;2;1;1;4;-28,47801624;-49,03246283;"SPRF-SC";"DEL02-SC";"UOP01-DEL02-SC"
481967;2022-10-21;"sexta-feira";"10:50:00";"PR";376;488,2;"PONTA GROSSA";"Ausência de reação do condutor";"Colisão traseira";"Sem Vítimas";"Pleno dia";"Crescente";"Chuva";"Dupla";"Declive;Curva;Viaduto";"Sim";6;0;0;0;5;3;0;6;-25,13510082;-50,16497282;"SPRF-PR";"DEL03-PR";"UOP04-DEL03-PR"
481973;2022-10-21;"sexta-feira";"11:30:00";"PR";376;651;"TIJUCAS DO SUL";"Ausência de reação do condutor";"Colisão lateral mesmo sentido";"Com Vítimas Feridas";"Pleno dia";"Crescente";"Chuva";"Dupla";"Reta";"Não";3;0;1;0;1;1;1;3;-25,845243;-49,078578;"SPRF-PR";"DEL01-PR";"UOP04-DEL01-PR"
481974;2022-10-21;"sexta-feira";"11:40:00";"PR";376;649,9;"TIJUCAS DO SUL";"Reação tardia ou ineficiente do condutor";"Capotamento";"Com Vítimas Feridas";"Pleno dia";"Crescente";"Chuva";"Dupla";"Curva";"Não";3;0;2;0;0;1;2;2;-25,84594782;-49,08245087;"SPRF-PR";"DEL01-PR";"UOP04-DEL01-PR"
481981;2022-10-21;"sexta-feira";"10:45:00";"GO";80;161;"SANTA RITA DO NOVO DESTINO";"Mal súbito do condutor";"Saída de leito carroçável";"Com Vítimas Feridas";"Pleno dia";"Crescente";"Céu Claro";"Simples";"Curva";"Não";2;0;0;1;0;1;1;2;-14,767243;-49,058138;"SPRF-GO";"DEL07-GO";"UOP02-DEL07-GO"
481982;2022-10-21;"sexta-feira";"12:20:00";"PB";230;49,9;"SANTA RITA";"Manobra de mudança de faixa";"Saída de leito carroçável";"Com Vítimas Feridas";"Pleno dia";"Decrescente";"Sol";"Dupla";"Reta";"Não";1;0;1;0;0;0;1;1;-7,1897;-35,0615;"SPRF-PB";"DEL01-PB";"UOP03-DEL01-PB"
481987;2022-10-21;"sexta-feira";"10:30:00";"BA";116;27;"VITORIA DA CONQUISTA";"Ausência de reação do condutor";"Saída de leito carroçável";"Com Vítimas Feridas";"Pleno dia";"Crescente";"Sol";"Simples";"Reta";"Não";1;0;1;0;0;0;1;1;-14,8369107;-40,82094669;"SPRF-BA";"DEL08-BA";"UOP01-DEL08-BA"
481989;2022-10-21;"sexta-feira";"14:40:00";"SC";101;25;"JOINVILLE";"Ingestão de álcool pelo condutor";"Colisão traseira";"Sem Vítimas";"Pleno dia";"Crescente";"Céu Claro";"Dupla";"Reta";"Sim";2;0;0;0;2;0;0;2;-26,1834739;-48,9105912;"SPRF-SC";"DEL03-SC";"UOP01-DEL03-SC"
481998;2022-10-21;"sexta-feira";"14:30:00";"SC";101;460;"PASSO DE TORRES";"Ausência de reação do condutor";"Colisão traseira";"Com Vítimas Feridas";"Pleno dia";"Crescente";"Chuva";"Dupla";"Reta";"Não";6;0;4;0;1;1;4;3;-29,25788799;-49,7565232;"SPRF-RS";"DEL03-RS";"UOP02-DEL03-RS"
482002;2022-10-21;"sexta-feira";"14:55:00";"RJ";40;24,9;"TRES RIOS";"Demais falhas mecânicas ou elétricas";"Colisão com objeto";"Com Vítimas Feridas";"Pleno dia";"Crescente";"Céu Claro";"Dupla";"Curva";"Não";2;0;1;0;0;1;1;2;-22,1462606;-43,15797687;"SPRF-RJ";"DEL05-RJ";"UOP02-DEL05-RJ"
482007;2022-10-21;"sexta-feira";"15:20:00";"BA";324;613;"SALVADOR";"Manobra de mudança de faixa";"Colisão lateral mesmo sentido";"Com Vítimas Feridas";"Pleno dia";"Decrescente";"Sol";"Dupla";"Reta";"Sim";9;0;5;0;4;0;5;2;-12,85531601;-38,42055197;"SPRF-BA";"DEL01-BA";"UOP01-DEL01-BA"
482008;2022-10-21;"sexta-feira";"16:00:00";"MG";40;592,4;"OURO PRETO";"Chuva";"Colisão com objeto";"Com Vítimas Feridas";"Pleno dia";"Decrescente";"Chuva";"Múltipla";"Reta;Viaduto;Declive";"Não";7;0;1;0;5;2;1;8;-20,39008944;-43,90681744;"SPRF-MG";"DEL05-MG";"UOP02-DEL05-MG"
482015;2022-10-21;"sexta-feira";"16:22:00";"ES";101;293;"CARIACICA";"Reação tardia ou ineficiente do condutor";"Colisão lateral mesmo sentido";"Com Vítimas Feridas";"Pleno dia";"Decrescente";"Céu Claro";"Simples";"Reta";"Sim";2;0;1;0;1;0;1;2;-20,31533075;-40,39610624;"SPRF-ES";"DEL01-ES";"UOP01-DEL01-ES"
482017;2022-08-17;"quarta-feira";"17:00:00";"MG";116;221,9;"CATUJI";"Reação tardia ou ineficiente do condutor";"Tombamento";"Com Vítimas Fatais";"Plena Noite";"Decrescente";"Céu Claro";"Simples";"Curva";"Não";4;1;1;0;0;2;1;4;-17,42308687;-41,51360035;"SPRF-MG";"DEL11-MG";"UOP01-DEL11-MG"
482023;2022-10-21;"sexta-feira";"16:00:00";"AL";316;246;"ATALAIA";"Transitar na contramão";"Colisão transversal";"Com Vítimas Feridas";"Pleno dia";"Crescente";"Céu Claro";"Simples";"Reta";"Sim";2;0;0;1;1;0;1;2;-9,52549872;-35,99508253;"SPRF-AL";"DEL01-AL";"UOP01-DEL01-AL"
482024;2022-10-21;"sexta-feira";"14:00:00";"MA";135;68;"SANTA RITA";"Reação tardia ou ineficiente do condutor";"Colisão lateral sentido oposto";"Com Vítimas Feridas";"Pleno dia";"Decrescente";"Céu Claro";"Simples";"Reta";"Sim";5;0;1;0;4;0;1;2;-3,12384398;-44,32413425;"SPRF-MA";"DEL01-MA";"UOP02-DEL01-MA"
482025;2022-10-21;"sexta-feira";"16:50:00";"RS";290;87,4;"PORTO ALEGRE";"Condutor deixou de manter distância do veículo da frente";"Colisão traseira";"Com Vítimas Feridas";"Anoitecer";"Decrescente";"Nublado";"Dupla";"Reta";"Sim";3;0;1;0;2;0;1;3;-29,967838;-51,127197;"SPRF-RS";"DEL01-RS";"UOP01-DEL01-RS"
482029;2022-10-21;"sexta-feira";"12:50:00";"PR";369;152;"LONDRINA";"Condutor deixou de manter distância do veículo da frente";"Colisão traseira";"Sem Vítimas";"Pleno dia";"Crescente";"Céu Claro";"Dupla";"Aclive";"Sim";2;0;0;0;0;2;0;2;-23,29393908;-51,18783474;"SPRF-PR";"DEL07-PR";"UOP01-DEL07-PR"
482034;2022-10-21;"sexta-feira";"08:20:00";"MT";163;574,9;"NOVA MUTUM";"Chuva";"Colisão frontal";"Com Vítimas Fatais";"Pleno dia";"Crescente";"Chuva";"Simples";"Reta";"Não";3;1;0;1;0;2;1;4;-14,13148636;-56,10995832;"SPRF-MT";"DEL01-MT";"UOP01-DEL01-MT"
482037;2022-10-21;"sexta-feira";"16:00:00";"RS";470;31;"BARRACAO";"Ausência de reação do condutor";"Saída de leito carroçável";"Com Vítimas Feridas";"Pleno dia";"Crescente";"Céu Claro";"Simples";"Aclive";"Não";2;0;1;0;0;1;1;2;-27,66229079;-51,45618168;"SPRF-RS";"DEL08-RS";"UOP05-DEL08-RS"
482038;2022-10-21;"sexta-feira";"16:30:00";"GO";60;94;"ANAPOLIS";"Condutor deixou de manter distância do veículo da frente";"Colisão traseira";"Sem Vítimas";"Pleno dia";"Decrescente";"Chuva";"Dupla";"Declive";"Sim";3;0;0;0;1;2;0;3;-16,3611;-48,9328;"SPRF-GO";"DEL02-GO";"UOP01-DEL02-GO"
482039;2022-10-21;"sexta-feira";"15:30:00";"PR";153;77,8;"CONSELHEIRO MAIRINCK";"Manobra de mudança de faixa";"Derramamento de carga";"Sem Vítimas";"Pleno dia";"Crescente";"Céu Claro";"Simples";"Reta";"Não";2;0;0;0;1;3;0;4;-23,57791495;-50,1473248;"SPRF-PR";"DEL07-PR";"UOP04-DEL07-PR"
482044;2022-10-21;"sexta-feira";"16:00:00";"GO";153;506,5;"APARECIDA DE GOIANIA";"Ausência de reação do condutor";"Saída de leito carroçável";"Sem Vítimas";"Pleno dia";"Crescente";"Céu Claro";"Dupla";"Reta";"Sim";1;0;0;0;1;0;0;1;-16,7633;-49,24;"SPRF-GO";"DEL01-GO";"UOP01-DEL01-GO"
482045;2022-10-21;"sexta-feira";"18:00:00";"PR";376;667,6;"GUARATUBA";"Problema com o freio";"Colisão com objeto";"Sem Vítimas";"Anoitecer";"Decrescente";"Céu Claro";"Dupla";"Curva";"Não";1;0;0;0;1;0;0;1;-25,86316254;-48,93640995;"SPRF-PR";"DEL01-PR";"UOP04-DEL01-PR"
482048;2022-10-21;"sexta-feira";"18:20:00";"MG";40;784;"JUIZ DE FORA";"Entrada inopinada do pedestre";"Atropelamento de Pedestre";"Com Vítimas Fatais";"Plena Noite";"Decrescente";"Chuva";"Dupla";"Curva";"Não";3;1;0;0;2;0;0;2;-21,71178893;-43,44743099;"SPRF-MG";"DEL05-MG";"UOP01-DEL05-MG"
482054;2022-10-21;"sexta-feira";"18:30:00";"ES";101;212,5;"IBIRACU";"Velocidade Incompatível";"Engavetamento";"Com Vítimas Feridas";"Plena Noite";"Crescente";"Nublado";"Simples";"Reta";"Sim";5;0;1;0;4;0;1;4;-19,8157456;-40,36680579;"SPRF-ES";"DEL02-ES";"UOP01-DEL02-ES"
482055;2022-10-21;"sexta-feira";"18:30:00";"SC";101;119;"ITAJAI";"Ausência de reação do condutor";"Colisão traseira";"Com Vítimas Feridas";"Plena Noite";"Decrescente";"Chuva";"Dupla";"Reta";"Sim";3;0;1;0;2;0;1;2;-26,9043179;-48,71555481;"SPRF-SC";"DEL04-SC";"UOP04-DEL04-SC"
482060;2022-10-21;"sexta-feira";"15:45:00";"PR";277;127;"CAMPO LARGO";"Reação tardia ou ineficiente do condutor";"Colisão traseira";"Com Vítimas Feridas";"Pleno dia";"Decrescente";"Céu Claro";"Simples";"Reta";"Não";4;0;0;1;2;3;1;6;-25,47;-49,607;"SPRF-PR";"DEL03-PR";"UOP03-DEL03-PR"
482077;2022-10-21;"sexta-feira";"14:40:00";"MG";153;75;"MONTE ALEGRE DE MINAS";"Condutor Dormindo";"Saída de leito carroçável";"Com Vítimas Feridas";"Pleno dia";"Decrescente";"Céu Claro";"Múltipla";"Reta;Declive";"Não";1;0;1;0;0;0;1;1;-19,02227706;-49,01308814;"SPRF-MG";"DEL15-MG";"UOP03-DEL15-MG"
482079;2022-10-21;"sexta-feira";"14:40:00";"MT";364;29;"ALTO ARAGUAIA";"Ausência de reação do condutor";"Colisão lateral sentido oposto";"Com Vítimas Feridas";"Pleno dia";"Crescente";"Céu Claro";"Simples";"Curva";"Não";4;0;2;1;0;1;3;3;-17,1652858;-53,40949869;"SPRF-MT";"DEL02-MT";"UOP02-DEL02-MT"
482083;2022-10-21;"sexta-feira";"20:00:00";"MG";251;522,4;"MONTES CLAROS";"Condutor deixou de manter distância do veículo da frente";"Colisão traseira";"Com Vítimas Feridas";"Plena Noite";"Decrescente";"Chuva";"Simples";"Aclive;Reta";"Não";3;0;1;0;1;1;1;3;-16,6754567;-43,7987724;"SPRF-MG";"DEL12-MG";"UOP01-DEL12-MG"
482100;2022-10-21;"sexta-feira";"19:00:00";"BA";116;303;"TUCANO";"Transitar na contramão";"Colisão frontal";"Com Vítimas Fatais";"Plena Noite";"Decrescente";"Céu Claro";"Simples";"Reta";"Não";4;1;1;0;1;1;1;3;-11,19943176;-38,87215633;"SPRF-BA";"DEL02-BA";"UOP01-DEL02-BA"
482101;2022-10-21;"sexta-feira";"17:30:00";"SC";116;234;"CORREIA PINTO";"Transitar na contramão";"Colisão frontal";"Com Vítimas Feridas";"Pleno dia";"Decrescente";"Céu Claro";"Dupla";"Reta";"Não";5;0;1;0;3;1;1;4;-27,70240496;-50,33486119;"SPRF-SC";"DEL05-SC";"UOP01-DEL05-SC"
482108;2022-07-09;"sábado";"09:30:00";"MG";40;453;"CAETANOPOLIS";"Acessar a via sem observar a presença dos outros veículos";"Colisão lateral mesmo sentido";"Com Vítimas Feridas";"Pleno dia";"Decrescente";"Céu Claro";"Dupla";"Retorno Regulamentado";"Não";3;0;1;1;0;1;2;2;-19,34189163;-44,35667832;"SPRF-MG";"DEL02-MG";"UOP01-DEL02-MG"
482116;2022-10-22;"sábado";"00:10:00";"RS";290;461,5;"ROSARIO DO SUL";"Ausência de reação do condutor";"Saída de leito carroçável";"Com Vítimas Feridas";"Plena Noite";"Decrescente";"Céu Claro";"Simples";"Interseção de Vias";"Não";2;0;0;1;0;1;1;2;-30,229847;-54,726006;"SPRF-RS";"DEL11-RS";"UOP02-DEL11-RS"
482127;2022-10-22;"sábado";"02:05:00";"SP";116;219;"GUARULHOS";"Manobra de mudança de faixa";"Colisão transversal";"Com Vítimas Feridas";"Plena Noite";"Decrescente";"Garoa/Chuvisco";"Múltipla";"Reta";"Sim";2;0;1;0;1;0;1;2;-23,46143954;-46,48885316;"SPRF-SP";"DEL01-SP";"UOP01-DEL01-SP"
482136;2022-10-22;"sábado";"04:00:00";"SP";116;436;"REGISTRO";"Condutor Dormindo";"Tombamento";"Sem Vítimas";"Plena Noite";"Decrescente";"Céu Claro";"Dupla";"Reta";"Não";2;0;0;0;1;1;0;2;-24,43589911;-47,7922419;"SPRF-SP";"DEL05-SP";"UOP01-DEL05-SP"
482143;2022-10-22;"sábado";"04:30:00";"MG";459;68,7;"SENADOR JOSE BENTO";"Velocidade Incompatível";"Tombamento";"Com Vítimas Feridas";"Plena Noite";"Crescente";"Céu Claro";"Simples";"Curva;Declive";"Não";4;0;0;1;0;3;1;3;-22,135356;-46,160701;"SPRF-MG";"DEL09-MG";"UOP01-DEL09-MG"
482145;2022-10-22;"sábado";"03:10:00";"SC";282;455;"PONTE SERRADA";"Ausência de sinalização";"Colisão lateral sentido oposto";"Com Vítimas Feridas";"Plena Noite";"Crescente";"Céu Claro";"Simples";"Em Obras;Reta";"Não";2;0;1;0;0;1;1;2;-26,888617;-51,99427;"SPRF-SC";"DEL07-SC";"UOP04-DEL07-SC"
482146;2022-10-22;"sábado";"05:20:00";"MG";381;749;"TRES CORACOES";"Condutor Dormindo";"Colisão traseira";"Com Vítimas Feridas";"Amanhecer";"Decrescente";"Nublado";"Dupla";"Aclive;Reta";"Não";3;0;1;0;1;2;1;4;-21,66281681;-45,30798018;"SPRF-MG";"DEL16-MG";"UOP02-DEL16-MG"
482148;2022-10-22;"sábado";"05:40:00";"BA";135;156;"RIACHAO DAS NEVES";"Reação tardia ou ineficiente do condutor";"Colisão lateral sentido oposto";"Com Vítimas Feridas";"Amanhecer";"Crescente";"Céu Claro";"Simples";"Reta";"Não";3;0;0;1;1;2;1;4;-11,97959327;-44,92846269;"SPRF-BA";"DEL08-BA";"UOP04-DEL08-BA"
482150;2022-10-22;"sábado";"04:40:00";"ES";262;188;"IUNA";"Condutor Dormindo";"Colisão traseira";"Com Vítimas Feridas";"Amanhecer";"Decrescente";"Nublado";"Simples";"Reta;Aclive";"Não";7;0;4;1;1;1;5;3;-20,3151883;-41,72886028;"SPRF-ES";"DEL01-ES";"UOP02-DEL01-ES"
482159;2022-10-22;"sábado";"05:20:00";"PE";423;106;"PARANATAMA";"Avarias e/ou desgaste excessivo no pneu";"Colisão traseira";"Com Vítimas Feridas";"Pleno dia";"Decrescente";"Céu Claro";"Simples";"Aclive;Reta";"Não";2;0;1;0;0;1;1;2;-8,88171776;-36,57279606;"SPRF-PE";"DEL03-PE";"UOP01-DEL03-PE"
482162;2022-10-22;"sábado";"07:55:00";"MG";116;498,3;"INHAPIM";"Transitar na contramão";"Colisão frontal";"Com Vítimas Fatais";"Pleno dia";"Decrescente";"Nublado";"Múltipla";"Aclive;Curva";"Não";2;1;0;0;1;0;0;2;-19,54476495;-42,12568405;"SPRF-MG";"DEL06-MG";"UOP02-DEL06-MG"
482163;2022-10-21;"sexta-feira";"09:30:00";"RJ";116;220;"PIRAI";"Demais falhas mecânicas ou elétricas";"Tombamento";"Sem Vítimas";"Pleno dia";"Decrescente";"Céu Claro";"Dupla";"Curva";"Não";2;0;0;0;1;1;0;2;-22,69305776;-43,77362606;"SPRF-RJ";"DEL07-RJ";"UOP01-DEL07-RJ"
482164;2022-10-22;"sábado";"05:30:00";"TO";153;245;"COLINAS DO TOCANTINS";"Ausência de reação do condutor";"Colisão traseira";"Sem Vítimas";"Amanhecer";"Decrescente";"Céu Claro";"Simples";"Reta";"Não";3;0;0;0;2;6;0;8;-8,038621;-48,466015;"SPRF-TO";"DEL02-TO";"UOP02-DEL02-TO"
482165;2022-10-22;"sábado";"05:55:00";"RS";116;506,5;"PELOTAS";"Condutor Dormindo";"Saída de leito carroçável";"Com Vítimas Feridas";"Amanhecer";"Crescente";"Nublado";"Dupla";"Reta";"Não";1;0;1;0;0;0;1;1;-31,59540811;-52,2869939;"SPRF-RS";"DEL07-RS";"UOP01-DEL07-RS"
482179;2022-10-22;"sábado";"09:00:00";"PR";116;109,4;"SAO JOSE DOS PINHAIS";"Condutor deixou de manter distância do veículo da frente";"Colisão traseira";"Com Vítimas Feridas";"Pleno dia";"Crescente";"Sol";"Dupla";"Reta";"Não";2;0;1;0;1;0;1;2;-25,57140489;-49,20748999;"SPRF-PR";"DEL01-PR";"UOP07-DEL01-PR"
482186;2022-10-22;"sábado";"10:00:00";"ES";101;266;"SERRA";"Manobra de mudança de faixa";"Colisão transversal";"Com Vítimas Feridas";"Pleno dia";"Crescente";"Céu Claro";"Múltipla";"Reta";"Sim";4;0;2;0;1;1;2;3;-20,190199;-40,26828891;"SPRF-ES";"DEL02-ES";"UOP01-DEL02-ES"
482208;2022-10-07;"sexta-feira";"10:20:00";"MG";381;792;"SAO GONCALO DO SAPUCAI";"Ausência de reação do condutor";"Colisão lateral mesmo sentido";"Com Vítimas Feridas";"Pleno dia";"Crescente";"Chuva";"Dupla";"Curva";"Não";6;0;3;0;2;2;3;4;-21,91931581;-45,59934602;"SPRF-MG";"DEL16-MG";"UOP02-DEL16-MG"
482219;2022-10-22;"sábado";"11:25:00";"SC";163;100,5;"SAO JOSE DO CEDRO";"Ingestão de álcool pelo condutor";"Colisão traseira";"Com Vítimas Feridas";"Pleno dia";"Decrescente";"Céu Claro";"Simples";"Em Obras;Reta";"Não";5;0;1;0;3;1;1;5;-26,48079129;-53,50526333;"SPRF-SC";"DEL07-SC";"UOP03-DEL07-SC"
482229;2022-10-22;"sábado";"13:00:00";"MT";70;509;"CUIABA";"Reação tardia ou ineficiente do condutor";"Engavetamento";"Com Vítimas Feridas";"Pleno dia";"Decrescente";"Céu Claro";"Simples";"Reta";"Não";8;0;3;1;2;9;4;13;-15,69468404;-56,09158874;"SPRF-MT";"DEL01-MT";"UOP02-DEL01-MT"
482239;2022-10-13;"quinta-feira";"05:40:00";"SC";282;601;"MARAVILHA";"Velocidade Incompatível";"Tombamento";"Com Vítimas Feridas";"Amanhecer";"Decrescente";"Nublado";"Simples";"Curva";"Não";1;0;1;0;0;0;1;1;-26,809002;-53,169399;"SPRF-SC";"DEL07-SC";"UOP02-DEL07-SC"
482247;2022-10-11;"terça-feira";"19:40:00";"PA";155;255;"ELDORADO DO CARAJAS";"Manobra de mudança de faixa";"Colisão lateral sentido oposto";"Com Vítimas Fatais";"Plena Noite";"Crescente";"Céu Claro";"Simples";"Reta";"Não";8;1;3;1;2;5;4;8;-6,08510399;-49,31872679;"SPRF-PA";"DEL03-PA";"UOP01-DEL03-PA"
482251;2022-10-22;"sábado";"15:20:00";"MG";381;403;"BOM JESUS DO AMPARO";"Velocidade Incompatível";"Colisão traseira";"Com Vítimas Feridas";"Pleno dia";"Decrescente";"Céu Claro";"Dupla";"Declive";"Não";3;0;0;1;1;2;1;4;-19,75137942;-43,53638096;"SPRF-MG";"DEL01-MG";"UOP01-DEL01-MG"
482254;2022-10-22;"sábado";"15:20:00";"SC";101;211,3;"PALHOCA";"Ingestão de álcool pelo condutor";"Colisão traseira";"Sem Vítimas";"Pleno dia";"Decrescente";"Céu Claro";"Múltipla";"Interseção de Vias";"Sim";2;0;0;0;2;0;0;2;-27,62329313;-48,65245588;"SPRF-SC";"DEL01-SC";"UOP02-DEL01-SC"
482258;2022-10-22;"sábado";"17:00:00";"SP";153;192,9;"GETULINA";"Ingestão de álcool pelo condutor";"Colisão lateral sentido oposto";"Com Vítimas Feridas";"Pleno dia";"Crescente";"Céu Claro";"Simples";"Declive";"Não";6;0;1;0;3;2;1;5;-21,75610418;-49,87282181;"SPRF-SP";"DEL07-SP";"UOP01-DEL07-SP"
482267;2022-10-22;"sábado";"15:20:00";"MG";116;409,9;"GOVERNADOR VALADARES";"Reação tardia ou ineficiente do condutor";"Colisão com objeto";"Sem Vítimas";"Pleno dia";"Crescente";"Nublado";"Dupla";"Interseção de Vias";"Sim";2;0;0;0;1;1;0;2;-18,84716238;-41,98047638;"SPRF-MG";"DEL06-MG";"UOP01-DEL06-MG"
482269;2022-10-22;"sábado";"17:00:00";"MT";163;829;"SINOP";"Manobra de mudança de faixa";"Colisão lateral mesmo sentido";"Sem Vítimas";"Pleno dia";"Crescente";"Céu Claro";"Dupla";"Reta";"Não";3;0;0;0;2;1;0;2;-11,90221447;-55,50591415;"SPRF-MT";"DEL06-MT";"NPF/DEL06-MT"
482279;2022-10-22;"sábado";"18:55:00";"SC";101;215,4;"PALHOCA";"Ingestão de álcool e/ou substâncias psicoativas pelo pedestre";"Colisão com objeto";"Sem Vítimas";"Plena Noite";"Crescente";"Nublado";"Múltipla";"Curva;Aclive";"Sim";2;0;0;0;1;1;0;2;-27,65184843;-48,67604941;"SPRF-SC";"DEL01-SC";"UOP02-DEL01-SC"
482282;2022-10-22;"sábado";"19:00:00";"RS";290;103;"ELDORADO DO SUL";"Reação tardia ou ineficiente do condutor";"Engavetamento";"Sem Vítimas";"Anoitecer";"Crescente";"Céu Claro";"Dupla";"Ponte";"Não";5;0;0;0;4;1;0;4;-29,99017;-51,265766;"SPRF-RS";"DEL01-RS";"UOP01-DEL01-RS"
482289;2022-10-22;"sábado";"18:20:00";"SC";282;207,7;"LAGES";"Restrição de visibilidade em curvas verticais";"Colisão traseira";"Com Vítimas Feridas";"Anoitecer";"Crescente";"Céu Claro";"Simples";"Aclive;Reta";"Não";3;0;1;0;1;1;1;3;-27,77689876;-50,22125244;"SPRF-SC";"DEL05-SC";"UOP01-DEL05-SC"
482297;2022-10-22;"sábado";"15:30:00";"PA";155;230;"ELDORADO DO CARAJAS";"Ausência de reação do condutor";"Colisão traseira";"Com Vítimas Feridas";"Pleno dia";"Decrescente";"Céu Claro";"Simples";"Reta";"Não";3;0;1;0;1;3;1;5;-6,273255;-49,35978;"SPRF-PA";"DEL03-PA";"UOP01-DEL03-PA"
482298;2022-10-22;"sábado";"19:30:00";"MG";262;381,8;"MATEUS LEME";"Velocidade Incompatível";"Colisão com objeto";"Com Vítimas Feridas";"Plena Noite";"Crescente";"Nublado";"Dupla";"Curva";"Não";1;0;0;1;0;0;1;1;-19,937646;-44,445846;"SPRF-MG";"DEL01-MG";"UOP03-DEL01-MG"
482309;2022-10-22;"sábado";"21:14:00";"MT";70;515,5;"CUIABA";"Reação tardia ou ineficiente do condutor";"Colisão traseira";"Com Vítimas Fatais";"Plena Noite";"Crescente";"Céu Claro";"Simples";"Reta";"Sim";4;1;0;0;2;3;0;5;-15,703909;-56,149268;"SPRF-MT";"DEL01-MT";"UOP02-DEL01-MT"
482334;2022-10-22;"sábado";"19:20:00";"SC";282;46;"AGUAS MORNAS";"Ausência de reação do condutor";"Tombamento";"Com Vítimas Fatais";"Plena Noite";"Decrescente";"Nublado";"Simples";"Reta;Declive";"Não";3;1;0;0;0;2;0;3;-27,7211487;-48,9274286;"SPRF-SC";"DEL01-SC";"UOP03-DEL01-SC"
482364;2022-10-23;"domingo";"03:05:00";"SP";116;93,7;"PINDAMONHANGABA";"Ausência de reação do condutor";"Colisão traseira";"Com Vítimas Feridas";"Plena Noite";"Crescente";"Céu Claro";"Dupla";"Reta";"Não";3;0;1;0;2;0;1;2;-22,95653207;-45,41300297;"SPRF-SP";"DEL08-SP";"UOP01-DEL08-SP"