"id";"data_inversa";"dia_semana";"horario";"uf";"br";"km";"municipio";"causa_acidente";"tipo_acidente";"classificacao_acidente";"fase_dia";"sentido_via";"condicao_metereologica";"tipo_pista";"tracado_via";"uso_solo";"pessoas";"mortos";"feridos_leves";"feridos_graves";"ilesos";"ignorados";"feridos";"veiculos";"latitude";"longitude";"regional";"delegacia";"uop"
482376;2022-10-23;"domingo";"04:40:00";"AL";424;96,1;"SANTA LUZIA DO NORTE";"Reação tardia ou ineficiente do condutor";"Colisão frontal";"Com Vítimas Fatais";"Amanhecer";"Crescente";"Céu Claro";"Simples";"Reta";"Não";4;1;1;1;0;1;2;3;-9,62466795;-35,86207867;"SPRF-AL";"DEL02-AL";"UOP01-DEL02-AL"
482380;2022-10-23;"domingo";"05:05:00";"GO";153;508,6;"APARECIDA DE GOIANIA";"Reação tardia ou ineficiente do condutor";"Colisão lateral mesmo sentido";"Com Vítimas Feridas";"Amanhecer";"Decrescente";"Chuva";"Dupla";"Desvio Temporário";"Sim";3;0;1;0;1;2;1;4;-16,7804;-49,2371;"SPRF-GO";"DEL01-GO";"UOP03-DEL01-GO"
482387;2022-10-23;"domingo";"05:50:00";"MT";364;266;"JACIARA";"Pista esburacada";"Tombamento";"Com Vítimas Feridas";"Amanhecer";"Crescente";"Nublado";"Dupla";"Curva;Aclive";"Não";2;0;1;0;0;1;1;2;-15,995969;-54,92259699;"SPRF-MT";"DEL02-MT";"UOP01-DEL02-MT"
482395;2022-10-23;"domingo";"01:15:00";"RS";472;477;"ITAQUI";"Acessar a via sem observar a presença dos outros veículos";"Colisão transversal";"Com Vítimas Feridas";"Plena Noite";"Crescente";"Céu Claro";"Simples";"Interseção de Vias";"Não";7;0;3;2;1;1;5;3;-29,16400125;-56,40414655;"SPRF-RS";"DEL12-RS";"UOP01-DEL12-RS"
482397;2022-10-23;"domingo";"00:30:00";"MA";135;18;"SAO LUIS";"Demais falhas mecânicas ou elétricas";"Incêndio";"Sem Vítimas";"Plena Noite";"Crescente";"Céu Claro";"Dupla";"Reta";"Não";2;0;0;0;1;2;0;3;-2,71719899;-44,32099307;"SPRF-MA";"DEL01-MA";"UOP01-DEL01-MA"
482405;2022-10-23;"domingo";"07:00:00";"PR";116;152,4;"MANDIRITUBA";"Desrespeitar a preferência no cruzamento";"Colisão transversal";"Sem Vítimas";"Pleno dia";"Decrescente";"Céu Claro";"Simples";"Interseção de Vias";"Não";2;0;0;0;2;0;0;2;-25,86199151;-49,36174929;"SPRF-PR";"DEL01-PR";"UOP03-DEL01-PR"
482413;2022-10-23;"domingo";"02:45:00";"BA";407;68;"JAGUARARI";"Condutor Dormindo";"Colisão traseira";"Com Vítimas Feridas";"Plena Noite";"Decrescente";"Céu Claro";"Simples";"Reta";"Não";2;0;0;1;0;1;1;2;-9,95876499;-40,24974087;"SPRF-BA";"DEL04-BA";"UOP01-DEL04-BA"
482415;2022-10-23;"domingo";"08:00:00";"BA";330;863;"UBATA";"Entrada inopinada do pedestre";"Atropelamento de Pedestre";"Com Vítimas Fatais";"Pleno dia";"Crescente";"Sol";"Simples";"Curva";"Não";2;1;0;0;1;0;0;2;-14,193876;-39,550414;"SPRF-BA";"DEL03-BA";"UOP01-DEL03-BA"
482417;2022-08-08;"segunda-feira";"21:30:00";"SC";101;77,7;"ARAQUARI";"Ausência de reação do condutor";"Colisão com objeto";"Com Vítimas Feridas";"Plena Noite";"Crescente";"Garoa/Chuvisco";"Dupla";"Reta";"Não";7;0;3;0;4;0;3;3;-26,56833103;-48,72029393;"SPRF-SC";"DEL03-SC";"UOP02-DEL03-SC"
482421;2022-10-22;"sábado";"19:30:00";"MA";316;26,2;"BOA VISTA DO GURUPI";"Demais falhas mecânicas ou elétricas";"Incêndio";"Sem Vítimas";"Plena Noite";"Crescente";"Céu Claro";"Simples";"Reta";"Não";2;0;0;0;1;1;0;2;-1,827806;-46,105797;"SPRF-MA";"DEL02-MA";"UOP02-DEL02-MA"
482423;2022-10-23;"domingo";"09:41:00";"GO";80;0,3;"PADRE BERNARDO";"Velocidade Incompatível";"Saída de leito carroçável";"Com Vítimas Feridas";"Pleno dia";"Decrescente";"Sol";"Simples";"Curva;Declive";"Não";2;0;1;0;0;1;1;2;-15,50433239;-48,20180655;"SPRF-DF";"DEL03-DF";"UOP02-DEL03-DF"
482444;2022-10-23;"domingo";"10:10:00";"RO";364;198,4;"PIMENTA BUENO";"Condutor deixou de manter distância do veículo da frente";"Colisão lateral sentido oposto";"Sem Vítimas";"Pleno dia";"Crescente";"Sol";"Simples";"Ponte;Reta";"Sim";4;0;0;0;3;2;0;5;-11,666106;-61,191736;"SPRF-RO";"DEL02-RO";"UOP02-DEL02-RO"
482449;2022-10-23;"domingo";"09:15:00";"MG";381;680,5;"RIBEIRAO VERMELHO";"Acessar a via sem observar a presença dos outros veículos";"Saída de leito carroçável";"Com Vítimas Feridas";"Pleno dia";"Crescente";"Nublado";"Dupla";"Reta";"Não";8;0;1;0;3;5;1;6;-21,13202257;-45,10290027;"SPRF-MG";"DEL04-MG";"UOP02-DEL04-MG"
482453;2022-10-23;"domingo";"13:00:00";"PR";277;650;"MATELANDIA";"Desrespeitar a preferência no cruzamento";"Colisão transversal";"Com Vítimas Feridas";"Pleno dia";"Crescente";"Sol";"Simples";"Interseção de Vias";"Sim";4;0;2;0;1;1;2;3;-25,194843;-53,941416;"SPRF-PR";"DEL05-PR";"UOP02-DEL05-PR"
482455;2022-10-23;"domingo";"13:15:00";"MG";262;55,6;"MANHUACU";"Ingestão de álcool pelo condutor";"Colisão traseira";"Sem Vítimas";"Pleno dia";"Crescente";"Nublado";"Simples";"Curva";"Não";2;0;0;0;2;0;0;2;-20,26317518;-42,17398201;"SPRF-MG";"DEL06-MG";"UOP03-DEL06-MG"
482462;2022-10-23;"domingo";"14:00:00";"RS";116;2;"PORTO ALEGRE";"Ingestão de álcool pelo condutor";"Colisão lateral mesmo sentido";"Com Vítimas Feridas";"Pleno dia";"Decrescente";"Céu Claro";"Dupla";"Reta";"Sim";6;0;1;0;1;4;1;3;-29,98419022;-51,1807698;"SPRF-RS";"DEL01-RS";"UOP01-DEL01-RS"
482479;2022-10-23;"domingo";"15:20:00";"PR";277;5,5;"PARANAGUA";"Manobra de mudança de faixa";"Tombamento";"Com Vítimas Feridas";"Pleno dia";"Decrescente";"Céu Claro";"Dupla";"Reta";"Sim";5;0;1;0;2;4;1;6;-25,557887;-48,569935;"SPRF-PR";"DEL01-PR";"UOP05-DEL01-PR"
482499;2022-10-23;"domingo";"14:20:00";"BA";101;347;"TEOLANDIA";"Transitar na contramão";"Colisão transversal";"Com Vítimas Feridas";"Pleno dia";"Crescente";"Céu Claro";"Dupla";"Reta";"Sim";5;0;3;0;2;0;3;3;-13,601575;-39,484089;"SPRF-BA";"DEL05-BA";"UOP03-DEL05-BA"
482511;2022-10-23;"domingo";"17:00:00";"PR";373;183,5;"PONTA GROSSA";"Carga excessiva e/ou mal acondicionada";"Tombamento";"Com Vítimas Feridas";"Pleno dia";"Crescente";"Céu Claro";"Dupla";"Curva";"Não";2;0;1;0;0;1;1;2;-25,03935712;-50,2767641;"SPRF-PR";"DEL03-PR";"UOP01-DEL03-PR"
482516;2022-10-23;"domingo";"17:54:00";"TO";153;145;"ARAGUAINA";"Ingestão de álcool pelo condutor";"Colisão lateral mesmo sentido";"Com Vítimas Feridas";"Anoitecer";"Crescente";"Céu Claro";"Simples";"Reta";"Não";3;0;0;2;1;0;2;2;-7,20503614;-48,24035166;"SPRF-TO";"DEL02-TO";"UOP01-DEL02-TO"
482526;2022-10-23;"domingo";"18:50:00";"SP";153;74;"SAO JOSE DO RIO PRETO";"Ausência de reação do condutor";"Colisão lateral mesmo sentido";"Com Vítimas Feridas";"Plena Noite";"Decrescente";"Céu Claro";"Dupla";"Reta";"Não";7;0;2;0;4;1;2;3;-20,88538598;-49,42676402;"SPRF-SP";"DEL09-SP";"UOP01-DEL09-SP"
482542;2022-10-23;"domingo";"20:00:00";"PR";277;30;"MORRETES";"Ingestão de álcool pelo condutor";"Colisão traseira";"Sem Vítimas";"Plena Noite";"Crescente";"Céu Claro";"Múltipla";"Reta";"Não";2;0;0;0;2;0;0;2;-25,547373;-48,790559;"SPRF-PR";"DEL01-PR";"UOP05-DEL01-PR"
482544;2022-10-23;"domingo";"17:30:00";"MT";163;718;"SORRISO";"Ultrapassagem Indevida";"Colisão lateral mesmo sentido";"Sem Vítimas";"Anoitecer";"Decrescente";"Nublado";"Simples";"Curva";"Não";5;0;0;0;3;3;0;5;-12,832118;-55,823947;"SPRF-MT";"DEL06-MT";"UOP02-DEL06-MT"
482569;2022-10-23;"domingo";"16:20:00";"MT";174;555;"COMODORO";"Retorno proibido";"Colisão traseira";"Com Vítimas Feridas";"Pleno dia";"Crescente";"Céu Claro";"Simples";"Aclive";"Não";4;0;3;0;1;0;3;2;-13,09414796;-59,89015582;"SPRF-MT";"DEL04-MT";"UOP02-DEL04-MT"
482570;2022-10-23;"domingo";"21:35:00";"MG";262;185;"SAO DOMINGOS DO PRATA";"Transitar na contramão";"Colisão frontal";"Com Vítimas Fatais";"Plena Noite";"Crescente";"Céu Claro";"Simples";"Declive;Curva";"Não";3;1;0;0;1;1;0;3;-19,90042846;-43,03589608;"SPRF-MG";"DEL03-MG";"UOP01-DEL03-MG"
482576;2022-10-23;"domingo";"21:05:00";"PE";101;182,5;"PALMARES";"Problema na suspensão";"Tombamento";"Com Vítimas Feridas";"Plena Noite";"Decrescente";"Céu Claro";"Dupla";"Curva;Retorno Regulamentado";"Sim";1;0;1;0;0;0;1;1;-8,66134204;-35,56484699;"SPRF-PE";"DEL01-PE";"UOP03-DEL01-PE"
482580;2022-10-23;"domingo";"17:50:00";"PE";232;245,5;"ARCOVERDE";"Acostamento em desnível";"Tombamento";"Com Vítimas Fatais";"Plena Noite";"Decrescente";"Céu Claro";"Simples";"Reta";"Não";3;1;0;1;0;1;1;2;-8,41869672;-37,00744604;"SPRF-PE";"DEL04-PE";"UOP02-DEL04-PE"
482585;2022-10-23;"domingo";"17:45:00";"MG";153;17,7;"CENTRALINA";"Ausência de reação do condutor";"Colisão transversal";"Com Vítimas Feridas";"Plena Noite";"Decrescente";"Chuva";"Múltipla";"Reta";"Não";3;0;1;0;1;2;1;4;-18,569555;-49,193806;"SPRF-MG";"DEL15-MG";"UOP03-DEL15-MG"
482586;2022-10-23;"domingo";"19:55:00";"MT";163;768;"SORRISO";"Ausência de reação do condutor";"Colisão lateral sentido oposto";"Com Vítimas Feridas";"Plena Noite";"Crescente";"Nublado";"Simples";"Reta";"Não";6;0;1;1;3;2;2;4;-12,421357;-55,638485;"SPRF-MT";"DEL06-MT";"UOP02-DEL06-MT"
482592;2022-10-23;"domingo";"20:20:00";"SP";116;500;"CAJATI";"Reação tardia ou ineficiente do condutor";"Colisão com objeto";"Sem Vítimas";"Plena Noite";"Decrescente";"Céu Claro";"Dupla";"Reta";"Não";2;0;0;0;1;1;0;2;-24,78162109;-48,18342711;"SPRF-SP";"DEL05-SP";"UOP02-DEL05-SP"
482600;2022-10-23;"domingo";"22:30:00";"PB";104;97,7;"ESPERANCA";"Animais na Pista";"Atropelamento de Animal";"Sem Vítimas";"Plena Noite";"Crescente";"Nublado";"Simples";"Reta";"Sim";1;0;0;0;1;0;0;1;-7,02582;-35,856133;"SPRF-PB";"DEL02-PB";"UOP04-DEL02-PB"
482606;2022-10-23;"domingo";"21:30:00";"MG";116;137,4;"PONTO DOS VOLANTES";"Transitar na contramão";"Colisão frontal";"Com Vítimas Feridas";"Plena Noite";"Decrescente";"Chuva";"Simples";"Reta";"Sim";3;0;1;0;1;1;1;3;-16,74953496;-41,50421089;"SPRF-MG";"DEL11-MG";"UOP02-DEL11-MG"
482610;2022-10-24;"segunda-feira";"01:15:00";"SP";116;65;"GUARATINGUETA";"Ausência de reação do condutor";"Colisão com objeto";"Com Vítimas Feridas";"Plena Noite";"Decrescente";"Nublado";"Dupla";"Viaduto";"Sim";2;0;0;1;0;1;1;2;-22,823273;-45,192806;"SPRF-SP";"DEL08-SP";"UOP01-DEL08-SP"
482614;2022-10-23;"domingo";"19:00:00";"MA";135;287;"SANTO ANTONIO DOS LOPES";"Manobra de mudança de faixa";"Colisão frontal";"Com Vítimas Fatais";"Plena Noite";"Crescente";"Céu Claro";"Simples";"Curva";"Não";6;2;0;1;2;1;1;4;-4,8749691;-44,35887277;"SPRF-MA";"DEL03-MA";"UOP01-DEL03-MA"
482615;2022-10-24;"segunda-feira";"02:20:00";"SC";101;206,8;"SAO JOSE";"Condutor deixou de manter distância do veículo da frente";"Colisão traseira";"Com Vítimas Feridas";"Plena Noite";"Decrescente";"Chuva";"Dupla";"Curva";"Sim";3;0;0;2;1;0;2;3;-27,59193546;-48,61824557;"SPRF-SC";"DEL01-SC";"UOP01-DEL01-SC"
482618;2022-10-24;"segunda-feira";"01:15:00";"MG";251;506;"FRANCISCO SA";"Reação tardia ou ineficiente do condutor";"Colisão com objeto";"Sem Vítimas";"Plena Noite";"Crescente";"Chuva";"Simples";"Curva;Declive";"Não";1;0;0;0;1;0;0;1;-16,61894941;-43,6887828;"SPRF-MG";"DEL12-MG";"UOP01-DEL12-MG"
482621;2022-10-24;"segunda-feira";"03:50:00";"RS";471;191,5;"PANTANO GRANDE";"Ingestão de álcool pelo condutor";"Colisão frontal";"Com Vítimas Feridas";"Plena Noite";"Crescente";"Céu Claro";"Simples";"Reta";"Não";3;0;1;0;1;2;1;4;-30,1338447;-52,37010956;"SPRF-RS";"DEL02-RS";"UOP03-DEL02-RS"
482628;2022-10-24;"segunda-feira";"06:30:00";"RN";304;297;"MACAIBA";"Animais na Pista";"Tombamento";"Com Vítimas Feridas";"Pleno dia";"Crescente";"Céu Claro";"Dupla";"Rotatória";"Sim";2;0;1;0;0;1;1;2;-5,86534101;-35,340694;"SPRF-RN";"DEL01-RN";"UOP02-DEL01-RN"
482629;2022-10-23;"domingo";"21:30:00";"PI";135;481;"MONTE ALEGRE DO PIAUI";"Reação tardia ou ineficiente do condutor";"Colisão com objeto";"Com Vítimas Feridas";"Plena Noite";"Decrescente";"Céu Claro";"Simples";"Reta";"Não";3;0;1;0;1;1;1;3;-9,68770615;-45,11747391;"SPRF-PI";"DEL03-PI";"UOP02-DEL03-PI"
482630;2022-10-24;"segunda-feira";"06:20:00";"PE";101;31,8;"IGARASSU";"Ingestão de álcool pelo condutor";"Tombamento";"Sem Vítimas";"Pleno dia";"Crescente";"Céu Claro";"Dupla";"Reta";"Sim";2;0;0;0;1;1;0;2;-7,74443874;-34,93872764;"SPRF-PE";"DEL01-PE";"UOP02-DEL01-PE"
482631;2022-10-24;"segunda-feira";"06:30:00";"MG";262;882,5;"CAMPO FLORIDO";"Acessar a via sem observar a presença dos outros veículos";"Colisão transversal";"Com Vítimas Fatais";"Pleno dia";"Crescente";"Céu Claro";"Simples";"Reta";"Não";6;2;2;2;0;0;4;2;-19,77587626;-48,54819709;"SPRF-MG";"DEL13-MG";"UOP02-DEL13-MG"
482633;2022-10-24;"segunda-feira";"06:45:00";"MG";40;611,9;"CONGONHAS";"Reação tardia ou ineficiente do condutor";"Colisão traseira";"Com Vítimas Feridas";"Pleno dia";"Decrescente";"Nublado";"Simples";"Ponte;Interseção de Vias";"Sim";3;0;1;0;1;2;1;4;-20,51884586;-43,83413184;"SPRF-MG";"DEL05-MG";"UOP02-DEL05-MG"
482642;2022-10-24;"segunda-feira";"06:00:00";"MG";116;788,9;"ALEM PARAIBA";"Acesso irregular";"Colisão transversal";"Com Vítimas Feridas";"Amanhecer";"Crescente";"Nublado";"Simples";"Interseção de Vias";"Não";5;0;2;1;1;1;3;3;-21,65956391;-42,72605628;"SPRF-MG";"DEL07-MG";"UOP01-DEL07-MG"
482654;2022-10-24;"segunda-feira";"07:00:00";"BA";101;735;"ITABELA";"Velocidade Incompatível";"Tombamento";"Com Vítimas Feridas";"Amanhecer";"Crescente";"Chuva";"Simples";"Curva;Aclive";"Não";2;0;0;1;0;1;1;2;-16,50091423;-39,5755434;"SPRF-BA";"DEL09-BA";"UOP01-DEL09-BA"
482657;2022-10-24;"segunda-feira";"07:00:00";"SP";116;339,8;"JUQUITIBA";"Reação tardia ou ineficiente do condutor";"Colisão com objeto";"Com Vítimas Feridas";"Pleno dia";"Decrescente";"Céu Claro";"Dupla";"Curva";"Não";2;0;1;0;0;1;1;2;-23,9983939;-47,14927316;"SPRF-SP";"DEL04-SP";"UOP03-DEL04-SP"
482661;2022-10-24;"segunda-feira";"06:40:00";"MT";163;839;"SINOP";"Acessar a via sem observar a presença dos outros veículos";"Colisão lateral mesmo sentido";"Sem Vítimas";"Pleno dia";"Decrescente";"Céu Claro";"Dupla";"Interseção de Vias";"Sim";3;0;0;0;2;1;0;3;-11,951051;-55,516876;"SPRF-MT";"DEL06-MT";"NPF/DEL06-MT"
482663;2022-10-24;"segunda-feira";"08:45:00";"BA";135;201;"SAO DESIDERIO";"Reação tardia ou ineficiente do condutor";"Colisão lateral sentido oposto";"Com Vítimas Fatais";"Pleno dia";"Decrescente";"Chuva";"Simples";"Curva";"Não";33;1;1;0;5;26;1;3;-12,32799289;-45,00663811;"SPRF-BA";"DEL08-BA";"UOP04-DEL08-BA"
482664;2022-10-24;"segunda-feira";"09:27:00";"BA";324;371,2;"SAO JOSE DO JACUIPE";"Demais falhas mecânicas ou elétricas";"Tombamento";"Com Vítimas Feridas";"Pleno dia";"Crescente";"Céu Claro";"Simples";"Declive";"Não";2;0;1;0;0;1;1;2;-11,43087968;-39,87264688;"SPRF-BA";"DEL04-BA";"UOP02-DEL04-BA"
482667;2022-10-24;"segunda-feira";"08:30:00";"DF";20;18,4;"BRASILIA";"Manobra de mudança de faixa";"Colisão lateral mesmo sentido";"Sem Vítimas";"Pleno dia";"Crescente";"Nublado";"Dupla";"Reta";"Sim";4;0;0;0;3;1;0;3;-15,612175;-47,700928;"SPRF-DF";"DEL02-DF";"UOP01-DEL02-DF"
482671;2022-10-24;"segunda-feira";"07:30:00";"PE";101;109,3;"IPOJUCA";"Curva acentuada";"Tombamento";"Com Vítimas Feridas";"Pleno dia";"Crescente";"Céu Claro";"Simples";"Curva";"Não";2;0;1;0;0;1;1;2;-8,31012798;-35,09967817;"SPRF-PE";"DEL01-PE";"UOP03-DEL01-PE"
482677;2022-10-24;"segunda-feira";"06:43:00";"RO";364;608;"ITAPUA DO OESTE";"Ausência de reação do condutor";"Colisão lateral sentido oposto";"Com Vítimas Feridas";"Pleno dia";"Crescente";"Céu Claro";"Simples";"Reta";"Não";4;0;1;0;1;3;1;5;-9,16665862;-63,21396561;"SPRF-RO";"DEL01-RO";"UOP04-DEL01-RO"
482680;2022-10-24;"segunda-feira";"07:04:00";"PE";423;130,9;"SALOA";"Condutor Dormindo";"Colisão frontal";"Com Vítimas Fatais";"Pleno dia";"Crescente";"Céu Claro";"Simples";"Reta";"Não";4;1;2;1;0;0;3;2;-8,96086814;-36,74928798;"SPRF-PE";"DEL03-PE";"UOP01-DEL03-PE"
482684;2022-10-24;"segunda-feira";"10:00:00";"MA";230;414;"BALSAS";"Reação tardia ou ineficiente do condutor";"Colisão frontal";"Com Vítimas Fatais";"Pleno dia";"Crescente";"Céu Claro";"Simples";"Aclive";"Não";2;1;0;0;0;1;0;2;-7,49785363;-46,12701822;"SPRF-MA";"DEL05-MA";"UOP01-DEL05-MA"
482704;2022-10-24;"segunda-feira";"08:00:00";"MG";116;488,9;"INHAPIM";"Velocidade Incompatível";"Tombamento";"Com Vítimas Feridas";"Pleno dia";"Crescente";"Nublado";"Simples";"Curva;Declive";"Não";2;0;1;0;0;1;1;2;-19,45372476;-42,12982178;"SPRF-MG";"DEL06-MG";"UOP02-DEL06-MG"
482706;2022-10-24;"segunda-feira";"13:30:00";"GO";50;129,8;"IPAMERI";"Demais falhas mecânicas ou elétricas";"Incêndio";"Sem Vítimas";"Pleno dia";"Crescente";"Chuva";"Dupla";"Reta";"Não";2;0;0;0;1;3;0;4;-16,9985;-47,7549;"SPRF-GO";"DEL06-GO";"UOP01-DEL06-GO"
482709;2022-10-18;"terça-feira";"17:15:00";"GO";50;280;"CATALAO";"Acessar a via sem observar a presença dos outros veículos";"Colisão lateral mesmo sentido";"Sem Vítimas";"Pleno dia";"Crescente";"Céu Claro";"Simples";"Interseção de Vias";"Sim";4;0;0;0;3;1;0;3;-18,181592;-47,941415;"SPRF-GO";"DEL06-GO";"UOP01-DEL06-GO"
482710;2022-10-24;"segunda-feira";"11:00:00";"SC";282;215;"LAGES";"Condutor deixou de manter distância do veículo da frente";"Colisão traseira";"Com Vítimas Feridas";"Pleno dia";"Decrescente";"Sol";"Simples";"Reta";"Sim";4;0;1;0;3;0;1;3;-27,793665;-50,281799;"SPRF-SC";"DEL05-SC";"UOP01-DEL05-SC"
482716;2022-10-24;"segunda-feira";"13:25:00";"RJ";40;93,7;"DUQUE DE CAXIAS";"Demais falhas mecânicas ou elétricas";"Colisão traseira";"Com Vítimas Feridas";"Pleno dia";"Crescente";"Nublado";"Dupla";"Curva;Declive";"Não";3;0;1;1;1;0;2;3;-22,5554282;-43,25829998;"SPRF-RJ";"DEL01-RJ";"UOP01-DEL01-RJ"
482717;2022-10-24;"segunda-feira";"15:15:00";"MG";40;467,8;"SETE LAGOAS";"Reação tardia ou ineficiente do condutor";"Colisão lateral mesmo sentido";"Com Vítimas Feridas";"Pleno dia";"Crescente";"Nublado";"Dupla";"Reta";"Não";3;0;1;0;1;1;1;3;-19,4503892382;-44,3166821996;"SPRF-MG";"DEL02-MG";"UOP01-DEL02-MG"
482724;2022-10-24;"segunda-feira";"09:30:00";"SC";282;560;"NOVA ITABERABA";"Ausência de reação do condutor";"Colisão lateral mesmo sentido";"Com Vítimas Feridas";"Pleno dia";"Crescente";"Céu Claro";"Simples";"Reta";"Não";2;0;0;1;1;0;1;2;-26,927247;-52,846077;"SPRF-SC";"DEL07-SC";"UOP01-DEL07-SC"
482725;2022-10-24;"segunda-feira";"15:25:00";"MG";381;853,9;"POUSO ALEGRE";"Velocidade Incompatível";"Saída de leito carroçável";"Com Vítimas Feridas";"Pleno dia";"Crescente";"Chuva";"Dupla";"Reta";"Não";3;0;3;0;0;0;3;2;-22,271091;-45,892503;"SPRF-MG";"DEL16-MG";"UOP01-DEL16-MG"
482729;2022-10-24;"segunda-feira";"16:34:00";"SP";116;174,3;"JACAREI";"Reação tardia ou ineficiente do condutor";"Colisão traseira";"Com Vítimas Feridas";"Pleno dia";"Decrescente";"Céu Claro";"Dupla";"Aclive";"Não";3;0;1;0;0;2;1;3;-23,32057287;-46,09074403;"SPRF-SP";"DEL02-SP";"UOP01-DEL02-SP"
482730;2022-10-24;"segunda-feira";"16:11:00";"MA";316;513;"CAXIAS";"Condutor Dormindo";"Colisão frontal";"Com Vítimas Fatais";"Pleno dia";"Crescente";"Nublado";"Simples";"Ponte";"Não";3;1;1;0;1;0;1;2;-4,754811;-43,656265;"SPRF-MA";"DEL03-MA";"UOP02-DEL03-MA"
482740;2022-10-24;"segunda-feira";"15:40:00";"MG";50;54,5;"ARAGUARI";"Ausência de reação do condutor";"Tombamento";"Com Vítimas Feridas";"Pleno dia";"Crescente";"Céu Claro";"Dupla";"Curva";"Não";2;0;1;0;0;1;1;2;-18,76664393;-48,24409132;"SPRF-MG";"DEL15-MG";"UOP02-DEL15-MG"
482741;2022-10-24;"segunda-feira";"17:10:00";"MG";50;59,6;"UBERLANDIA";"Ausência de reação do condutor";"Colisão traseira";"Com Vítimas Feridas";"Pleno dia";"Crescente";"Céu Claro";"Dupla";"Reta";"Não";3;0;1;0;1;1;1;3;-18,80182592;-48,23899615;"SPRF-MG";"DEL15-MG";"UOP02-DEL15-MG"
482748;2022-10-24;"segunda-feira";"18:00:00";"PE";101;87,5;"JABOATAO DOS GUARARAPES";"Reação tardia ou ineficiente do condutor";"Colisão traseira";"Com Vítimas Feridas";"Plena Noite";"Decrescente";"Céu Claro";"Dupla";"Reta";"Não";3;0;0;1;1;1;1;3;-8,19120206;-34,97449985;"SPRF-PE";"DEL01-PE";"UOP01-DEL01-PE"
482765;2022-10-24;"segunda-feira";"17:00:00";"MT";70;501;"CUIABA";"Acessar a via sem observar a presença dos outros veículos";"Colisão frontal";"Com Vítimas Fatais";"Pleno dia";"Crescente";"Céu Claro";"Simples";"Reta";"Não";3;1;0;0;1;1;0;3;-15,6884308;-56,01885796;"SPRF-MT";"DEL01-MT";"UOP02-DEL01-MT"
482768;2022-10-24;"segunda-feira";"17:45:00";"SC";101;113;"ITAJAI";"Acessar a via sem observar a presença dos outros veículos";"Colisão lateral mesmo sentido";"Sem Vítimas";"Pleno dia";"Decrescente";"Nublado";"Dupla";"Reta";"Sim";2;0;0;0;1;1;0;2;-26,85638925;-48,72728348;"SPRF-SC";"DEL04-SC";"UOP04-DEL04-SC"
482770;2022-10-24;"segunda-feira";"19:00:00";"CE";116;3;"FORTALEZA";"Acessar a via sem observar a presença dos outros veículos";"Colisão lateral mesmo sentido";"Sem Vítimas";"Plena Noite";"Decrescente";"Céu Claro";"Múltipla";"Viaduto";"Sim";3;0;0;0;3;0;0;2;-3,77866493;-38,51490171;"SPRF-CE";"DEL01-CE";"UOP02-DEL01-CE"
482774;2022-10-24;"segunda-feira";"18:45:00";"PR";376;590;"CURITIBA";"Condutor deixou de manter distância do veículo da frente";"Colisão traseira";"Com Vítimas Feridas";"Plena Noite";"Crescente";"Céu Claro";"Dupla";"Reta";"Sim";3;0;1;0;1;1;1;3;-25,45155592;-49,36237578;"SPRF-PR";"DEL01-PR";"UOP06-DEL01-PR"
482777;2022-10-24;"segunda-feira";"17:00:00";"MS";262;176;"RIBAS DO RIO PARDO";"Acessar a via sem observar a presença dos outros veículos";"Colisão traseira";"Com Vítimas Fatais";"Anoitecer";"Crescente";"Céu Claro";"Simples";"Reta";"Não";2;1;0;0;1;0;0;2;-20,41389695;-53,17029699;"SPRF-MS";"DEL07-MS";"UOP02-DEL07-MS"
482778;2022-10-24;"segunda-feira";"20:00:00";"PR";376;244,3;"APUCARANA";"Ausência de reação do condutor";"Capotamento";"Com Vítimas Feridas";"Plena Noite";"Decrescente";"Céu Claro";"Dupla";"Declive;Curva";"Não";1;0;1;0;0;0;1;1;-23,587692;-51,413357;"SPRF-PR";"DEL07-PR";"UOP03-DEL07-PR"
482788;2022-10-24;"segunda-feira";"20:45:00";"RS";392;26,7;"RIO GRANDE";"Pedestre andava na pista";"Atropelamento de Pedestre";"Com Vítimas Fatais";"Plena Noite";"Crescente";"Céu Claro";"Dupla";"Curva";"Sim";3;1;0;0;1;1;0;3;-32,07835445;-52,25665029;"SPRF-RS";"DEL07-RS";"UOP02-DEL07-RS"
482789;2022-10-24;"segunda-feira";"19:50:00";"PR";376;675;"GUARATUBA";"Ausência de reação do condutor";"Colisão traseira";"Sem Vítimas";"Plena Noite";"Crescente";"Chuva";"Dupla";"Reta";"Não";3;0;0;0;2;1;0;3;-25,91744399;-48,91940295;"SPRF-PR";"DEL01-PR";"UOP04-DEL01-PR"
482797;2022-10-24;"segunda-feira";"21:08:00";"RN";304;268;"IELMO MARINHO";"Velocidade Incompatível";"Tombamento";"Com Vítimas Feridas";"Plena Noite";"Crescente";"Céu Claro";"Simples";"Reta;Aclive";"Não";2;0;0;1;0;1;1;2;-5,866039;-35,594997;"SPRF-RN";"DEL01-RN";"UOP02-DEL01-RN"