"id";"data_inversa";"dia_semana";"horario";"uf";"br";"km";"municipio";"causa_acidente";"tipo_acidente";"classificacao_acidente";"fase_dia";"sentido_via";"condicao_metereologica";"tipo_pista";"tracado_via";"uso_solo";"pessoas";"mortos";"feridos_leves";"feridos_graves";"ilesos";"ignorados";"feridos";"veiculos";"latitude";"longitude";"regional";"delegacia";"uop"
483767;2022-10-30;"domingo";"01:50:00";"SP";381;30;"ATIBAIA";"Condutor Dormindo";"Saída de leito carroçável";"Com Vítimas Feridas";"Plena Noite";"Decrescente";"Garoa/Chuvisco";"Dupla";"Reta";"Não";2;0;1;0;1;0;1;2;-23,04885102;-46,56482797;"SPRF-SP";"DEL03-SP";"UOP02-DEL03-SP"
483777;2022-10-30;"domingo";"01:20:00";"PE";423;109;"CAETES";"Transitar no acostamento";"Tombamento";"Com Vítimas Feridas";"Plena Noite";"Decrescente";"Céu Claro";"Simples";"Reta";"Não";2;0;1;0;0;1;1;2;-8,888511;-36,599037;"SPRF-PE";"DEL03-PE";"UOP01-DEL03-PE"
483787;2022-10-30;"domingo";"04:20:00";"PE";232;267;"SERTANIA";"Ingestão de álcool pelo condutor";"Colisão frontal";"Com Vítimas Fatais";"Amanhecer";"Decrescente";"Céu Claro";"Simples";"Reta";"Não";7;1;0;1;4;1;1;3;-8,40747261;-37,19190605;"SPRF-PE";"DEL04-PE";"UOP02-DEL04-PE"
483806;2022-10-30;"domingo";"03:35:00";"SP";116;376;"MIRACATU";"Condutor Dormindo";"Saída de leito carroçável";"Sem Vítimas";"Plena Noite";"Crescente";"Nublado";"Dupla";"Curva";"Não";2;0;0;0;1;1;0;2;-24,18884701;-47,35994124;"SPRF-SP";"DEL04-SP";"UOP02-DEL04-SP"
483809;2022-10-29;"sábado";"21:00:00";"RO";364;321;"PRESIDENTE MEDICI";"Pedestre andava na pista";"Atropelamento de Pedestre";"Com Vítimas Fatais";"Plena Noite";"Crescente";"Céu Claro";"Simples";"Aclive;Reta";"Não";2;1;0;0;1;0;0;2;-11,06132884;-61,92740568;"SPRF-RO";"DEL02-RO";"UOP01-DEL02-RO"
483815;2022-10-30;"domingo";"04:00:00";"AL";101;50;"FLEXEIRAS";"Reação tardia ou ineficiente do condutor";"Tombamento";"Sem Vítimas";"Amanhecer";"Decrescente";"Céu Claro";"Dupla";"Curva";"Não";1;0;0;0;1;0;0;1;-9,23626636;-35,76617122;"SPRF-AL";"DEL01-AL";"UOP02-DEL01-AL"
483816;2022-10-29;"sábado";"15:45:00";"MT";163;929;"ITAUBA";"Reação tardia ou ineficiente do condutor";"Colisão lateral mesmo sentido";"Com Vítimas Feridas";"Pleno dia";"Decrescente";"Céu Claro";"Simples";"Reta";"Não";4;0;3;0;0;1;3;2;-11,18101607;-55,31012039;"SPRF-MT";"DEL06-MT";"NPF/DEL06-MT"
483817;2022-10-30;"domingo";"06:50:00";"MG";153;35;"CANAPOLIS";"Ausência de reação do condutor";"Colisão traseira";"Com Vítimas Feridas";"Amanhecer";"Decrescente";"Céu Claro";"Dupla";"Reta";"Sim";3;0;1;0;1;1;1;3;-18,71634072;-49,12946978;"SPRF-MG";"DEL15-MG";"UOP03-DEL15-MG"
483818;2022-10-30;"domingo";"06:00:00";"MG";381;624,4;"OLIVEIRA";"Demais falhas mecânicas ou elétricas";"Colisão com objeto";"Com Vítimas Feridas";"Pleno dia";"Decrescente";"Nublado";"Dupla";"Reta;Declive";"Não";9;0;3;0;6;0;3;2;-20,817322;-44,795982;"SPRF-MG";"DEL04-MG";"UOP01-DEL04-MG"
483831;2022-10-30;"domingo";"06:55:00";"PR";163;344;"GUAIRA";"Condutor deixou de manter distância do veículo da frente";"Colisão traseira";"Com Vítimas Feridas";"Amanhecer";"Crescente";"Chuva";"Simples";"Aclive";"Não";3;0;1;0;1;2;1;4;-24,21375699;-54,19958751;"SPRF-PR";"DEL06-PR";"UOP01-DEL06-PR"
483835;2022-10-30;"domingo";"06:53:00";"PR";376;664;"GUARATUBA";"Velocidade Incompatível";"Tombamento";"Com Vítimas Fatais";"Pleno dia";"Decrescente";"Sol";"Simples";"Curva";"Não";3;1;0;0;0;2;0;3;-25,85321576;-48,96608688;"SPRF-PR";"DEL01-PR";"UOP04-DEL01-PR"
483849;2022-10-30;"domingo";"09:00:00";"TO";153;468;"MIRACEMA DO TOCANTINS";"Condutor deixou de manter distância do veículo da frente";"Colisão traseira";"Com Vítimas Feridas";"Pleno dia";"Decrescente";"Céu Claro";"Simples";"Reta";"Não";8;0;1;2;4;3;3;8;-9,974805;-48,747005;"SPRF-TO";"DEL01-TO";"UOP01-DEL01-TO"
483851;2022-10-30;"domingo";"11:20:00";"MG";262;880;"CAMPO FLORIDO";"Ausência de reação do condutor";"Colisão lateral sentido oposto";"Com Vítimas Feridas";"Pleno dia";"Crescente";"Céu Claro";"Simples";"Declive";"Não";3;0;1;0;1;3;1;5;-19,78186132;-48,53534315;"SPRF-MG";"DEL13-MG";"UOP02-DEL13-MG"
483869;2022-10-27;"quinta-feira";"14:35:00";"AL";316;268;"SATUBA";"Demais falhas mecânicas ou elétricas";"Colisão traseira";"Sem Vítimas";"Pleno dia";"Decrescente";"Céu Claro";"Simples";"Aclive;Curva";"Não";3;0;0;0;2;1;0;3;-9,58021969;-35,83876014;"SPRF-AL";"DEL02-AL";"UOP01-DEL02-AL"
483888;2022-07-02;"sábado";"07:15:00";"BA";116;782,3;"PLANALTO";"Ultrapassagem Indevida";"Colisão lateral sentido oposto";"Com Vítimas Feridas";"Pleno dia";"Decrescente";"Nublado";"Simples";"Reta;Declive";"Não";4;0;1;0;2;1;1;3;-14,64944606;-40,45704985;"SPRF-BA";"DEL08-BA";"UOP02-DEL08-BA"
483890;2022-10-30;"domingo";"15:50:00";"MG";381;452,3;"SABARA";"Velocidade Incompatível";"Tombamento";"Com Vítimas Feridas";"Pleno dia";"Decrescente";"Céu Claro";"Simples";"Declive;Reta";"Sim";2;0;1;0;0;1;1;2;-19,85197588;-43,88851019;"SPRF-MG";"DEL01-MG";"UOP01-DEL01-MG"
483907;2022-10-30;"domingo";"15:30:00";"MG";251;449,2;"GRAO MOGOL";"Chuva";"Colisão lateral sentido oposto";"Com Vítimas Feridas";"Pleno dia";"Decrescente";"Chuva";"Simples";"Declive;Curva";"Não";4;0;2;0;1;1;2;3;-16,420528;-43,28967;"SPRF-MG";"DEL12-MG";"UOP01-DEL12-MG"
483908;2022-10-30;"domingo";"14:00:00";"BA";116;861,8;"VITORIA DA CONQUISTA";"Avarias e/ou desgaste excessivo no pneu";"Colisão lateral sentido oposto";"Com Vítimas Feridas";"Pleno dia";"Decrescente";"Sol";"Simples";"Reta";"Não";7;0;4;1;1;2;5;4;-15,139275;-41,044077;"SPRF-BA";"DEL08-BA";"UOP01-DEL08-BA"
483909;2022-10-30;"domingo";"14:35:00";"SC";280;161;"MAFRA";"Entrada inopinada do pedestre";"Atropelamento de Pedestre";"Com Vítimas Feridas";"Pleno dia";"Decrescente";"Céu Claro";"Simples";"Reta";"Não";5;0;1;0;1;4;1;4;-26,20444373;-49,78114403;"SPRF-SC";"DEL06-SC";"UOP03-DEL06-SC"
483926;2022-10-30;"domingo";"16:20:00";"RJ";116;183;"NOVA IGUACU";"Reação tardia ou ineficiente do condutor";"Colisão traseira";"Com Vítimas Feridas";"Pleno dia";"Decrescente";"Céu Claro";"Dupla";"Reta";"Sim";7;0;3;0;4;0;3;5;-22,7516014;-43,43849831;"SPRF-RJ";"DEL01-RJ";"UOP02-DEL01-RJ"
483935;2022-10-30;"domingo";"17:30:00";"RS";290;94;"PORTO ALEGRE";"Ingestão de álcool pelo condutor";"Colisão com objeto";"Sem Vítimas";"Pleno dia";"Decrescente";"Nublado";"Simples";"Curva";"Sim";4;0;0;0;1;3;0;4;-29,987855;-51,202658;"SPRF-RS";"DEL01-RS";"UOP01-DEL01-RS"
483940;2022-10-30;"domingo";"15:00:00";"BA";242;685;"MUQUEM DE SAO FRANCISCO";"Ausência de reação do condutor";"Saída de leito carroçável";"Com Vítimas Feridas";"Pleno dia";"Decrescente";"Garoa/Chuvisco";"Simples";"Reta";"Não";2;0;1;0;1;0;1;1;-12,21621626;-43,86072402;"SPRF-BA";"DEL10-BA";"UOP02-DEL10-BA"
483941;2022-10-30;"domingo";"18:15:00";"RS";470;225,2;"GARIBALDI";"Ingestão de álcool pelo condutor";"Colisão traseira";"Com Vítimas Feridas";"Pleno dia";"Decrescente";"Céu Claro";"Múltipla";"Rotatória";"Não";2;0;1;0;0;1;1;2;-29,21454003;-51,51762617;"SPRF-RS";"DEL06-RS";"UOP01-DEL06-RS"
483945;2022-10-30;"domingo";"18:35:00";"RJ";101;50;"CAMPOS DOS GOYTACAZES";"Condutor deixou de manter distância do veículo da frente";"Colisão traseira";"Com Vítimas Feridas";"Plena Noite";"Decrescente";"Céu Claro";"Simples";"Reta";"Não";4;0;1;0;2;1;1;4;-21,63390905;-41,31292839;"SPRF-RJ";"DEL08-RJ";"UOP01-DEL08-RJ"
483962;2022-10-30;"domingo";"19:45:00";"BA";116;350;"SERRINHA";"Reação tardia ou ineficiente do condutor";"Atropelamento de Pedestre";"Com Vítimas Feridas";"Pleno dia";"Crescente";"Nublado";"Simples";"Reta";"Não";3;0;2;0;0;1;2;2;-11,55500191;-38,99000645;"SPRF-BA";"DEL02-BA";"UOP01-DEL02-BA"
483964;2022-10-30;"domingo";"18:36:00";"RS";392;208;"SANTANA DA BOA VISTA";"Velocidade Incompatível";"Saída de leito carroçável";"Com Vítimas Feridas";"Anoitecer";"Crescente";"Chuva";"Simples";"Curva";"Não";4;0;1;0;2;3;1;6;-30,819895;-53,175655;"SPRF-RS";"DEL09-RS";"UOP02-DEL09-RS"
483970;2022-10-30;"domingo";"13:50:00";"MT";70;297,2;"POXOREO";"Ultrapassagem Indevida";"Colisão frontal";"Com Vítimas Fatais";"Pleno dia";"Crescente";"Céu Claro";"Simples";"Declive";"Não";7;1;1;1;4;0;2;3;-15,58134047;-54,44650497;"SPRF-MT";"DEL05-MT";"UOP01-DEL05-MT"
483971;2022-10-30;"domingo";"20:00:00";"MG";381;774,5;"CAMPANHA";"Entrada inopinada do pedestre";"Atropelamento de Pedestre";"Com Vítimas Feridas";"Plena Noite";"Decrescente";"Ignorado";"Dupla";"Reta";"Não";2;0;0;1;1;0;1;2;-21,78891158;-45,44150233;"SPRF-MG";"DEL16-MG";"UOP02-DEL16-MG"
483972;2022-10-30;"domingo";"20:15:00";"MG";50;168,6;"UBERABA";"Condutor Dormindo";"Colisão com objeto";"Com Vítimas Feridas";"Plena Noite";"Crescente";"Céu Claro";"Dupla";"Reta";"Sim";2;0;1;0;0;1;1;2;-19,71878606;-47,97991239;"SPRF-MG";"DEL13-MG";"UOP01-DEL13-MG"
483975;2022-10-30;"domingo";"20:30:00";"MG";40;796;"JUIZ DE FORA";"Ausência de reação do condutor";"Colisão traseira";"Com Vítimas Feridas";"Plena Noite";"Decrescente";"Céu Claro";"Dupla";"Aclive;Reta";"Não";2;0;0;1;1;0;1;2;-21,81119295;-43,394771;"SPRF-MG";"DEL05-MG";"UOP01-DEL05-MG"
484001;2022-10-30;"domingo";"14:40:00";"MG";153;47;"CANAPOLIS";"Demais falhas mecânicas ou elétricas";"Tombamento";"Com Vítimas Feridas";"Pleno dia";"Decrescente";"Sol";"Dupla";"Curva";"Não";4;0;3;0;0;1;3;2;-18,7941;-49,083921;"SPRF-MG";"DEL15-MG";"UOP03-DEL15-MG"
484005;2022-10-30;"domingo";"23:23:00";"GO";60;167;"GOIANIA";"Ausência de reação do condutor";"Colisão com objeto";"Com Vítimas Feridas";"Plena Noite";"Decrescente";"Nublado";"Simples";"Reta";"Sim";3;0;0;1;1;1;1;3;-16,717307;-49,365033;"SPRF-GO";"DEL01-GO";"UOP02-DEL01-GO"
484006;2022-10-30;"domingo";"22:25:00";"PR";467;77,3;"TOLEDO";"Ingestão de álcool pelo condutor";"Saída de leito carroçável";"Com Vítimas Feridas";"Plena Noite";"Decrescente";"Nublado";"Dupla";"Reta";"Não";2;0;1;0;0;1;1;2;-24,7652;-53,6899;"SPRF-PR";"DEL04-PR";"UOP01-DEL04-PR"
484007;2022-10-30;"domingo";"19:15:00";"AL";101;69,2;"MESSIAS";"Velocidade Incompatível";"Colisão lateral mesmo sentido";"Com Vítimas Feridas";"Plena Noite";"Decrescente";"Ignorado";"Dupla";"Curva";"Não";1;0;1;0;0;0;1;1;-9,3567039;-35,83770223;"SPRF-AL";"DEL01-AL";"UOP02-DEL01-AL"
484022;2022-10-30;"domingo";"19:00:00";"MG";381;381;"SAO GONCALO DO RIO ABAIXO";"Acostamento em desnível";"Tombamento";"Com Vítimas Feridas";"Plena Noite";"Decrescente";"Chuva";"Simples";"Reta";"Não";2;0;1;0;0;1;1;2;-19,8315359;-43,37649498;"SPRF-MG";"DEL01-MG";"UOP01-DEL01-MG"
484035;2022-10-31;"segunda-feira";"02:50:00";"RJ";116;195;"NOVA IGUACU";"Deficiência do Sistema de Iluminação/Sinalização";"Colisão traseira";"Sem Vítimas";"Plena Noite";"Decrescente";"Céu Claro";"Dupla";"Reta";"Não";3;0;0;0;2;1;0;2;-22,73573614;-43,54749701;"SPRF-RJ";"DEL01-RJ";"UOP02-DEL01-RJ"
484041;2022-10-31;"segunda-feira";"01:20:00";"PR";116;19;"ANTONINA";"Pista Escorregadia";"Colisão traseira";"Sem Vítimas";"Plena Noite";"Decrescente";"Garoa/Chuvisco";"Dupla";"Reta";"Não";2;0;0;0;0;2;0;2;-25,103087;-48,72037;"SPRF-PR";"DEL01-PR";"UOP02-DEL01-PR"
484044;2022-10-31;"segunda-feira";"03:20:00";"MG";40;519,8;"CONTAGEM";"Ausência de reação do condutor";"Colisão traseira";"Com Vítimas Feridas";"Plena Noite";"Decrescente";"Chuva";"Dupla";"Reta";"Sim";3;0;1;0;1;1;1;3;-19,8447922;-44,07392979;"SPRF-MG";"DEL01-MG";"UOP02-DEL01-MG"
484048;2022-10-31;"segunda-feira";"05:30:00";"MG";381;343;"BELA VISTA DE MINAS";"Velocidade Incompatível";"Colisão frontal";"Com Vítimas Fatais";"Amanhecer";"Decrescente";"Chuva";"Simples";"Curva";"Não";6;1;3;1;0;1;4;3;-19,85663904;-43,10916603;"SPRF-MG";"DEL03-MG";"UOP01-DEL03-MG"
484049;2022-10-31;"segunda-feira";"05:58:00";"ES";101;241,6;"SERRA";"Acessar a via sem observar a presença dos outros veículos";"Colisão transversal";"Com Vítimas Feridas";"Amanhecer";"Crescente";"Nublado";"Simples";"Retorno Regulamentado";"Sim";2;0;0;1;1;0;1;2;-20,02836864;-40,39797949;"SPRF-ES";"DEL02-ES";"UOP01-DEL02-ES"
484054;2022-10-30;"domingo";"14:15:00";"SP";116;208;"GUARULHOS";"Acessar a via sem observar a presença dos outros veículos";"Colisão frontal";"Com Vítimas Feridas";"Pleno dia";"Decrescente";"Garoa/Chuvisco";"Simples";"Interseção de Vias";"Não";3;0;1;0;2;0;1;2;-23,42222263;-46,3932771;"SPRF-SP";"DEL01-SP";"UOP01-DEL01-SP"
484065;2022-10-31;"segunda-feira";"07:38:00";"SP";116;287;"ITAPECERICA DA SERRA";"Reação tardia ou ineficiente do condutor";"Colisão traseira";"Com Vítimas Feridas";"Pleno dia";"Decrescente";"Nublado";"Dupla";"Reta";"Sim";3;0;1;0;1;1;1;3;-23,71441779;-46,87929634;"SPRF-SP";"DEL04-SP";"UOP01-DEL04-SP"
484069;2022-10-31;"segunda-feira";"07:00:00";"PI";316;314;"PICOS";"Conversão proibida";"Colisão transversal";"Com Vítimas Feridas";"Pleno dia";"Crescente";"Sol";"Simples";"Rotatória";"Sim";2;0;1;0;1;0;1;2;-7,0795352;-41,43304825;"SPRF-PI";"DEL04-PI";"UOP01-DEL04-PI"
484070;2022-10-30;"domingo";"18:01:00";"MG";381;531,2;"ITATIAIUCU";"Velocidade Incompatível";"Capotamento";"Com Vítimas Feridas";"Anoitecer";"Decrescente";"Chuva";"Dupla";"Curva";"Não";4;0;1;1;2;0;2;3;-20,18182886;-44,37895835;"SPRF-MG";"DEL04-MG";"UOP03-DEL04-MG"
484079;2022-10-20;"quinta-feira";"04:45:00";"MG";50;3;"ARAGUARI";"Reação tardia ou ineficiente do condutor";"Colisão traseira";"Com Vítimas Feridas";"Amanhecer";"Decrescente";"Nublado";"Dupla";"Curva";"Não";3;0;1;0;1;1;1;3;-18,44503579;-48,0519047;"SPRF-MG";"DEL15-MG";"UOP02-DEL15-MG"
484085;2022-10-31;"segunda-feira";"09:30:00";"RS";470;228;"GARIBALDI";"Desrespeitar a preferência no cruzamento";"Colisão transversal";"Com Vítimas Feridas";"Pleno dia";"Crescente";"Chuva";"Simples";"Rotatória;Interseção de Vias";"Não";4;0;1;0;2;1;1;3;-29,21759706;-51,51703722;"SPRF-RS";"DEL06-RS";"UOP01-DEL06-RS"
484087;2022-10-31;"segunda-feira";"10:00:00";"RS";116;253;"SAPUCAIA DO SUL";"Velocidade Incompatível";"Colisão traseira";"Com Vítimas Feridas";"Pleno dia";"Decrescente";"Chuva";"Múltipla";"Reta";"Sim";3;0;1;0;1;1;1;3;-29,81784209;-51,16996166;"SPRF-RS";"DEL01-RS";"UOP02-DEL01-RS"
484097;2022-10-31;"segunda-feira";"12:05:00";"SE";235;45,5;"ITABAIANA";"Velocidade Incompatível";"Colisão frontal";"Com Vítimas Fatais";"Pleno dia";"Decrescente";"Céu Claro";"Simples";"Reta";"Não";3;1;0;0;1;1;0;3;-10,739394;-37,405602;"SPRF-SE";"DEL01-SE";"UOP02-DEL01-SE"
484100;2022-10-31;"segunda-feira";"07:00:00";"PR";277;501,2;"GUARANIACU";"Velocidade Incompatível";"Tombamento";"Com Vítimas Feridas";"Pleno dia";"Crescente";"Chuva";"Simples";"Curva";"Não";2;0;1;0;0;2;1;3;-25,14373066;-52,70197392;"SPRF-PR";"DEL04-PR";"UOP04-DEL04-PR"
484114;2022-10-31;"segunda-feira";"13:00:00";"PE";101;39,6;"IGARASSU";"Entrada inopinada do pedestre";"Atropelamento de Pedestre";"Com Vítimas Feridas";"Pleno dia";"Decrescente";"Sol";"Múltipla";"Declive";"Não";2;0;1;0;1;0;1;2;-7,81259899;-34,91890497;"SPRF-PE";"DEL01-PE";"UOP02-DEL01-PE"
484118;2022-10-31;"segunda-feira";"12:30:00";"MG";365;68,8;"JEQUITAI";"Velocidade Incompatível";"Capotamento";"Com Vítimas Feridas";"Pleno dia";"Decrescente";"Chuva";"Simples";"Reta";"Não";2;0;0;2;0;0;2;1;-17,06346094;-44,3372752;"SPRF-MG";"DEL12-MG";"UOP01-DEL12-MG"
484119;2022-10-31;"segunda-feira";"11:20:00";"MG";40;245;"SAO GONCALO DO ABAETE";"Ultrapassagem Indevida";"Saída de leito carroçável";"Com Vítimas Feridas";"Pleno dia";"Crescente";"Nublado";"Simples";"Reta";"Não";1;0;0;1;0;0;1;1;-18,0946169;-45,47580786;"SPRF-MG";"DEL14-MG";"UOP02-DEL14-MG"
484122;2022-10-31;"segunda-feira";"11:30:00";"MT";364;113;"ALTO GARCAS";"Ausência de reação do condutor";"Saída de leito carroçável";"Sem Vítimas";"Pleno dia";"Crescente";"Céu Claro";"Simples";"Curva";"Não";2;0;0;0;1;1;0;2;-16,84630678;-53,84867993;"SPRF-MT";"DEL02-MT";"UOP02-DEL02-MT"
484125;2022-10-31;"segunda-feira";"15:15:00";"ES";101;267,8;"SERRA";"Demais falhas mecânicas ou elétricas";"Colisão traseira";"Com Vítimas Feridas";"Pleno dia";"Crescente";"Nublado";"Dupla";"Reta";"Sim";3;0;0;1;1;1;1;3;-20,19930999;-40,26884609;"SPRF-ES";"DEL02-ES";"UOP01-DEL02-ES"
484129;2022-10-31;"segunda-feira";"15:40:00";"PE";424;88,9;"GARANHUNS";"Acessar a via sem observar a presença dos outros veículos";"Colisão transversal";"Com Vítimas Feridas";"Pleno dia";"Crescente";"Céu Claro";"Simples";"Reta";"Sim";2;0;0;1;0;1;1;2;-8,88289772;-36,50848532;"SPRF-PE";"DEL03-PE";"UOP01-DEL03-PE"
484130;2022-10-31;"segunda-feira";"15:24:00";"TO";226;1;"AGUIARNOPOLIS";"Ausência de reação do condutor";"Colisão transversal";"Com Vítimas Feridas";"Pleno dia";"Decrescente";"Céu Claro";"Simples";"Aclive";"Sim";3;0;1;1;1;0;2;2;-6,561846;-47,467415;"SPRF-TO";"DEL02-TO";"UOP03-DEL02-TO"
484136;2022-10-31;"segunda-feira";"11:00:00";"PR";376;470,5;"PONTA GROSSA";"Acumulo de óleo sobre o pavimento";"Colisão com objeto";"Sem Vítimas";"Pleno dia";"Crescente";"Garoa/Chuvisco";"Dupla";"Curva";"Não";2;0;0;0;2;0;0;2;-25,01952234;-50,33511221;"SPRF-PR";"DEL03-PR";"UOP01-DEL03-PR"
484137;2022-10-27;"quinta-feira";"21:20:00";"MG";262;537,8;"LUZ";"Ausência de reação do condutor";"Saída de leito carroçável";"Sem Vítimas";"Pleno dia";"Crescente";"Nublado";"Simples";"Aclive;Reta";"Não";1;0;0;0;1;0;0;1;-19,77286917;-45,77984801;"SPRF-MG";"DEL08-MG";"UOP02-DEL08-MG"
484138;2022-10-31;"segunda-feira";"15:30:00";"MG";381;906,9;"CAMBUI";"Chuva";"Colisão traseira";"Com Vítimas Feridas";"Pleno dia";"Decrescente";"Chuva";"Dupla";"Curva";"Não";2;0;1;0;1;0;1;2;-22,67220562;-46,09363478;"SPRF-MG";"DEL16-MG";"UOP03-DEL16-MG"
484141;2022-10-31;"segunda-feira";"16:20:00";"GO";60;383,5;"RIO VERDE";"Reação tardia ou ineficiente do condutor";"Colisão traseira";"Com Vítimas Feridas";"Pleno dia";"Crescente";"Nublado";"Dupla";"Reta";"Sim";2;0;1;0;1;0;1;2;-17,7845;-50,9002;"SPRF-GO";"DEL04-GO";"UOP02-DEL04-GO"
484144;2022-10-31;"segunda-feira";"14:10:00";"PA";316;111;"SANTA MARIA DO PARA";"Conversão proibida";"Colisão transversal";"Com Vítimas Feridas";"Pleno dia";"Crescente";"Céu Claro";"Simples";"Curva";"Não";4;0;2;0;1;1;2;3;-1,33767446;-47,54282581;"SPRF-PA";"DEL01-PA";"UOP02-DEL01-PA"
484155;2022-10-31;"segunda-feira";"17:10:00";"PR";153;112,4;"IBAITI";"Transitar no acostamento";"Colisão lateral mesmo sentido";"Sem Vítimas";"Pleno dia";"Decrescente";"Céu Claro";"Simples";"Reta";"Não";2;0;0;0;2;0;0;2;-23,87002672;-50,20241747;"SPRF-PR";"DEL07-PR";"UOP04-DEL07-PR"
484158;2022-10-31;"segunda-feira";"09:20:00";"MG";116;227,8;"TEOFILO OTONI";"Ausência de reação do condutor";"Saída de leito carroçável";"Com Vítimas Feridas";"Pleno dia";"Decrescente";"Céu Claro";"Simples";"Curva";"Não";3;0;0;2;0;2;2;3;-17,46112209;-41,49712931;"SPRF-MG";"DEL11-MG";"UOP01-DEL11-MG"
484172;2022-10-31;"segunda-feira";"16:00:00";"GO";153;684;"ITUMBIARA";"Condutor deixou de manter distância do veículo da frente";"Colisão traseira";"Com Vítimas Feridas";"Pleno dia";"Crescente";"Chuva";"Dupla";"Reta";"Não";4;0;1;0;2;1;1;3;-18,2572;-49,2498;"SPRF-GO";"DEL03-GO";"UOP02-DEL03-GO"
484173;2022-10-31;"segunda-feira";"17:00:00";"PE";408;92;"SAO LOURENCO DA MATA";"Carga excessiva e/ou mal acondicionada";"Colisão traseira";"Com Vítimas Feridas";"Anoitecer";"Crescente";"Céu Claro";"Dupla";"Reta";"Não";4;0;1;0;2;1;1;4;-7,99979861;-35,06313386;"SPRF-PE";"DEL01-PE";"UOP01-DEL01-PE"
484174;2022-10-31;"segunda-feira";"18:00:00";"PE";408;103,9;"RECIFE";"Condutor deixou de manter distância do veículo da frente";"Colisão traseira";"Com Vítimas Feridas";"Plena Noite";"Crescente";"Céu Claro";"Dupla";"Reta";"Não";5;0;0;3;2;0;3;4;-8,05746154;-34,99468175;"SPRF-PE";"DEL01-PE";"UOP01-DEL01-PE"
484179;2022-10-31;"segunda-feira";"19:20:00";"MG";40;607,6;"CONGONHAS";"Demais falhas na via";"Saída de leito carroçável";"Com Vítimas Feridas";"Plena Noite";"Decrescente";"Céu Claro";"Simples";"Reta";"Sim";3;0;1;0;1;1;1;3;-20,47579776;-43,84269847;"SPRF-MG";"DEL05-MG";"UOP02-DEL05-MG"
484181;2022-10-31;"segunda-feira";"18:10:00";"MT";364;437;"VARZEA GRANDE";"Ausência de reação do condutor";"Colisão com objeto";"Com Vítimas Fatais";"Anoitecer";"Decrescente";"Chuva";"Simples";"Reta";"Não";3;1;0;0;1;1;0;3;-15,626575;-56,205155;"SPRF-MT";"DEL01-MT";"UOP02-DEL01-MT"
484189;2022-10-31;"segunda-feira";"11:00:00";"MA";10;216,3;"GOVERNADOR EDISON LOBAO";"Animais na Pista";"Atropelamento de Animal";"Com Vítimas Feridas";"Pleno dia";"Crescente";"Sol";"Simples";"Reta";"Não";3;0;0;1;1;1;1;3;-5,827052;-47,357731;"SPRF-MA";"DEL04-MA";"UOP01-DEL04-MA"
484192;2022-10-31;"segunda-feira";"20:25:00";"MG";116;737,9;"LARANJAL";"Transitar na contramão";"Colisão lateral sentido oposto";"Sem Vítimas";"Plena Noite";"Crescente";"Céu Claro";"Simples";"Reta";"Não";2;0;0;0;1;1;0;2;-21,36166664;-42,47158181;"SPRF-MG";"DEL07-MG";"UOP02-DEL07-MG"
484193;2022-10-31;"segunda-feira";"21:20:00";"SC";101;152,5;"PORTO BELO";"Ingestão de álcool pelo condutor";"Colisão traseira";"Com Vítimas Feridas";"Plena Noite";"Decrescente";"Céu Claro";"Dupla";"Reta";"Sim";3;0;1;0;2;0;1;2;-27,13563503;-48,61004665;"SPRF-SC";"DEL04-SC";"UOP03-DEL04-SC"
484195;2022-10-15;"sábado";"04:50:00";"SC";101;207;"SAO JOSE";"Objeto estático sobre o leito carroçável";"Engavetamento";"Com Vítimas Feridas";"Plena Noite";"Decrescente";"Garoa/Chuvisco";"Múltipla";"Aclive";"Não";5;0;0;1;3;1;1;4;-27,60001226;-48,6226467;"SPRF-SC";"DEL01-SC";"UOP01-DEL01-SC"
484205;2022-10-31;"segunda-feira";"19:00:00";"MG";365;437,2;"GUIMARANIA";"Ausência de reação do condutor";"Saída de leito carroçável";"Com Vítimas Feridas";"Pleno dia";"Decrescente";"Nublado";"Simples";"Reta";"Não";4;0;2;0;1;1;2;3;-18,797996;-46,740511;"SPRF-MG";"DEL10-MG";"UOP01-DEL10-MG"
484208;2022-03-03;"quinta-feira";"12:45:00";"PR";476;77;"BOCAIUVA DO SUL";"Ausência de reação do condutor";"Saída de leito carroçável";"Com Vítimas Feridas";"Pleno dia";"Decrescente";"Nublado";"Simples";"Reta";"Não";2;0;1;0;0;1;1;2;-25,108524;-49,105446;"SPRF-PR";"DEL01-PR";"UOP01-DEL01-PR"
484211;2022-10-31;"segunda-feira";"20:40:00";"SP";116;289;"ITAPECERICA DA SERRA";"Reação tardia ou ineficiente do condutor";"Colisão traseira";"Com Vítimas Feridas";"Plena Noite";"Decrescente";"Garoa/Chuvisco";"Dupla";"Reta";"Sim";3;0;1;0;2;0;1;2;-23,72290969;-46,89096614;"SPRF-SP";"DEL04-SP";"UOP01-DEL04-SP"
484212;2022-10-31;"segunda-feira";"21:40:00";"MG";381;571,5;"ITAGUARA";"Reação tardia ou ineficiente do condutor";"Colisão traseira";"Com Vítimas Feridas";"Plena Noite";"Crescente";"Chuva";"Dupla";"Reta";"Não";8;0;2;4;1;1;6;3;-20,44411687;-44,56483443;"SPRF-MG";"DEL04-MG";"UOP03-DEL04-MG"