"id";"data_inversa";"dia_semana";"horario";"uf";"br";"km";"municipio";"causa_acidente";"tipo_acidente";"classificacao_acidente";"fase_dia";"sentido_via";"condicao_metereologica";"tipo_pista";"tracado_via";"uso_solo";"pessoas";"mortos";"feridos_leves";"feridos_graves";"ilesos";"ignorados";"feridos";"veiculos";"latitude";"longitude";"regional";"delegacia";"uop"
484213;2022-10-31;"segunda-feira";"23:00:00";"MG";40;446,2;"PARAOPEBA";"Reação tardia ou ineficiente do condutor";"Atropelamento de Pedestre";"Com Vítimas Fatais";"Plena Noite";"Decrescente";"Chuva";"Dupla";"Reta;Aclive;Interseção de Vias;Viaduto";"Sim";2;1;0;0;0;1;0;2;-19,28951451;-44,38956141;"SPRF-MG";"DEL02-MG";"UOP01-DEL02-MG"
484217;2022-11-01;"terça-feira";"00:05:00";"MS";60;369;"CAMPO GRANDE";"Ausência de reação do condutor";"Colisão traseira";"Com Vítimas Feridas";"Plena Noite";"Decrescente";"Nublado";"Simples";"Reta";"Não";3;0;0;1;1;1;1;3;-20,55918932;-54,6760057;"SPRF-MS";"DEL01-MS";"UOP04-DEL01-MS"
484218;2022-11-01;"terça-feira";"00:58:00";"GO";50;249,7;"CATALAO";"Velocidade Incompatível";"Saída de leito carroçável";"Com Vítimas Feridas";"Plena Noite";"Crescente";"Chuva";"Dupla";"Reta";"Não";2;0;2;0;0;0;2;1;-17,9676;-47,7962;"SPRF-GO";"DEL06-GO";"UOP01-DEL06-GO"
484224;2022-11-01;"terça-feira";"04:50:00";"MG";50;176;"UBERABA";"Pedestre andava na pista";"Atropelamento de Pedestre";"Com Vítimas Feridas";"Plena Noite";"Crescente";"Céu Claro";"Dupla";"Reta";"Não";2;0;0;1;0;1;1;2;-19,77919981;-47,960032;"SPRF-MG";"DEL13-MG";"UOP01-DEL13-MG"
484225;2022-10-31;"segunda-feira";"15:40:00";"CE";222;49,1;"SAO GONCALO DO AMARANTE";"Transitar na contramão";"Colisão lateral sentido oposto";"Com Vítimas Feridas";"Pleno dia";"Crescente";"Céu Claro";"Simples";"Reta;Ponte";"Não";3;0;1;1;1;0;2;2;-3,6712086;-39,0867321;"SPRF-CE";"DEL01-CE";"UOP03-DEL01-CE"
484226;2022-11-01;"terça-feira";"05:10:00";"TO";153;155;"ARAGUAINA";"Ausência de reação do condutor";"Colisão traseira";"Com Vítimas Feridas";"Amanhecer";"Decrescente";"Céu Claro";"Simples";"Declive";"Não";9;0;6;2;1;0;8;2;-7,28546601;-48,27885899;"SPRF-TO";"DEL02-TO";"UOP01-DEL02-TO"
484229;2022-10-31;"segunda-feira";"08:00:00";"RJ";40;120;"DUQUE DE CAXIAS";"Trafegar com motocicleta (ou similar) entre as faixas";"Colisão lateral mesmo sentido";"Com Vítimas Feridas";"Pleno dia";"Crescente";"Sol";"Múltipla";"Reta";"Sim";2;0;1;0;1;0;1;2;-22,77280597;-43,28626763;"SPRF-RJ";"DEL01-RJ";"UOP01-DEL01-RJ"
484230;2022-11-01;"terça-feira";"03:15:00";"SP";116;111,6;"TAUBATE";"Obstrução na via";"Colisão traseira";"Com Vítimas Feridas";"Plena Noite";"Crescente";"Garoa/Chuvisco";"Dupla";"Reta";"Sim";3;0;0;1;2;0;1;2;-23,03887149;-45,56097419;"SPRF-SP";"DEL02-SP";"UOP02-DEL02-SP"
484232;2022-10-31;"segunda-feira";"23:00:00";"PA";155;343;"MARABA";"Ausência de reação do condutor";"Colisão traseira";"Com Vítimas Feridas";"Plena Noite";"Decrescente";"Chuva";"Simples";"Reta";"Não";4;0;0;1;2;7;1;10;-5,36957395;-49,07796968;"SPRF-PA";"DEL03-PA";"UOP01-DEL03-PA"
484233;2022-11-01;"terça-feira";"07:30:00";"RS";293;196,5;"BAGE";"Demais falhas mecânicas ou elétricas";"Saída de leito carroçável";"Com Vítimas Feridas";"Pleno dia";"Crescente";"Céu Claro";"Simples";"Reta";"Não";2;0;2;0;0;0;2;1;-31,25363194;-54,20977898;"SPRF-RS";"DEL11-RS";"UOP03-DEL11-RS"
484248;2022-11-01;"terça-feira";"08:30:00";"RS";392;258;"CACAPAVA DO SUL";"Ausência de reação do condutor";"Colisão traseira";"Com Vítimas Feridas";"Pleno dia";"Decrescente";"Céu Claro";"Simples";"Reta";"Sim";3;0;2;0;0;1;2;3;-30,48863107;-53,47903132;"SPRF-RS";"DEL09-RS";"UOP02-DEL09-RS"
484252;2022-09-03;"sábado";"02:00:00";"BA";410;27;"TUCANO";"Ausência de reação do condutor";"Saída de leito carroçável";"Com Vítimas Fatais";"Plena Noite";"Crescente";"Nublado";"Simples";"Reta;Declive";"Não";1;1;0;0;0;0;0;1;-10,9543377;-38,73847961;"SPRF-BA";"DEL07-BA";"UOP02-DEL07-BA"
484257;2022-11-01;"terça-feira";"10:50:00";"CE";222;12;"CAUCAIA";"Reação tardia ou ineficiente do condutor";"Colisão lateral mesmo sentido";"Sem Vítimas";"Pleno dia";"Crescente";"Céu Claro";"Simples";"Reta";"Não";3;0;0;0;3;0;0;2;-3,76479979;-38,66897196;"SPRF-CE";"DEL01-CE";"UOP01-DEL01-CE"
484271;2022-11-01;"terça-feira";"15:00:00";"ES";101;294,7;"CARIACICA";"Reação tardia ou ineficiente do condutor";"Colisão lateral mesmo sentido";"Com Vítimas Feridas";"Pleno dia";"Decrescente";"Céu Claro";"Dupla";"Reta";"Sim";4;0;0;1;1;2;1;3;-20,32415948;-40,3952903;"SPRF-ES";"DEL01-ES";"UOP01-DEL01-ES"
484272;2022-08-17;"quarta-feira";"07:35:00";"RS";285;295;"PASSO FUNDO";"Acessar a via sem observar a presença dos outros veículos";"Colisão lateral mesmo sentido";"Com Vítimas Feridas";"Pleno dia";"Crescente";"Sol";"Simples";"Reta";"Não";6;0;2;0;3;1;2;5;-28,231071;-52,394299;"SPRF-RS";"DEL08-RS";"UOP03-DEL08-RS"
484274;2022-10-20;"quinta-feira";"22:41:00";"SP";116;511;"CAJATI";"Demais falhas mecânicas ou elétricas";"Colisão com objeto";"Com Vítimas Fatais";"Plena Noite";"Decrescente";"Garoa/Chuvisco";"Simples";"Curva";"Não";1;1;0;0;0;0;0;1;-24,83558399;-48,2223738;"SPRF-SP";"DEL05-SP";"UOP02-DEL05-SP"
484275;2022-11-01;"terça-feira";"15:50:00";"SE";235;51;"ITABAIANA";"Acessar a via sem observar a presença dos outros veículos";"Colisão traseira";"Com Vítimas Feridas";"Pleno dia";"Decrescente";"Céu Claro";"Simples";"Retorno Regulamentado";"Sim";2;0;1;0;1;0;1;2;-10,700226;-37,431423;"SPRF-SE";"DEL01-SE";"UOP02-DEL01-SE"
484286;2022-11-01;"terça-feira";"13:50:00";"BA";135;102;"RIACHAO DAS NEVES";"Acostamento em desnível";"Tombamento";"Sem Vítimas";"Pleno dia";"Crescente";"Nublado";"Simples";"Reta";"Não";2;0;0;0;1;1;0;2;-11,57110502;-44,83262724;"SPRF-BA";"DEL08-BA";"UOP04-DEL08-BA"
484288;2022-10-31;"segunda-feira";"18:30:00";"PR";277;127;"CAMPO LARGO";"Ausência de reação do condutor";"Saída de leito carroçável";"Com Vítimas Feridas";"Plena Noite";"Crescente";"Chuva";"Dupla";"Aclive";"Não";3;0;0;3;0;0;3;1;-25,44518045;-49,4985659;"SPRF-PR";"DEL03-PR";"UOP03-DEL03-PR"
484290;2022-11-01;"terça-feira";"17:35:00";"ES";101;388;"RIO NOVO DO SUL";"Reação tardia ou ineficiente do condutor";"Tombamento";"Com Vítimas Feridas";"Plena Noite";"Decrescente";"Chuva";"Simples";"Curva";"Não";2;0;0;1;0;1;1;2;-20,85689511;-40,8767812;"SPRF-ES";"DEL03-ES";"UOP02-DEL03-ES"
484292;2022-11-01;"terça-feira";"16:13:00";"GO";50;307,1;"CUMARI";"Demais falhas mecânicas ou elétricas";"Incêndio";"Sem Vítimas";"Pleno dia";"Decrescente";"Céu Claro";"Dupla";"Aclive;Curva";"Não";3;0;0;0;1;2;0;3;-18,3769;-48,0609;"SPRF-GO";"DEL06-GO";"UOP01-DEL06-GO"
484295;2022-11-01;"terça-feira";"16:15:00";"SC";280;33,4;"ARAQUARI";"Objeto estático sobre o leito carroçável";"Derramamento de carga";"Com Vítimas Feridas";"Pleno dia";"Crescente";"Nublado";"Simples";"Túnel";"Não";2;0;1;0;1;0;1;2;-26,42576441;-48,78741376;"SPRF-SC";"DEL03-SC";"UOP03-DEL03-SC"
484302;2022-11-01;"terça-feira";"18:40:00";"GO";153;444;"ANAPOLIS";"Velocidade Incompatível";"Colisão traseira";"Com Vítimas Feridas";"Plena Noite";"Crescente";"Céu Claro";"Simples";"Rotatória";"Sim";2;0;0;1;1;0;1;2;-16,343756;-48,9245;"SPRF-GO";"DEL02-GO";"UOP01-DEL02-GO"
484312;2022-11-01;"terça-feira";"19:15:00";"PB";101;93,5;"CONDE";"Ausência de reação do condutor";"Colisão traseira";"Com Vítimas Feridas";"Plena Noite";"Crescente";"Céu Claro";"Dupla";"Reta";"Não";4;0;2;1;0;1;3;3;-7,205825;-34,90879;"SPRF-PB";"DEL01-PB";"UOP02-DEL01-PB"
484315;2022-11-01;"terça-feira";"18:05:00";"RJ";393;263,9;"BARRA DO PIRAI";"Velocidade Incompatível";"Saída de leito carroçável";"Com Vítimas Feridas";"Anoitecer";"Decrescente";"Chuva";"Simples";"Curva";"Não";3;0;2;0;1;0;2;1;-22,47030537;-43,86674189;"SPRF-RJ";"DEL05-RJ";"UOP04-DEL05-RJ"
484316;2022-10-23;"domingo";"23:45:00";"PI";135;128;"BERTOLINIA";"Transitar na contramão";"Colisão frontal";"Sem Vítimas";"Plena Noite";"Crescente";"Céu Claro";"Simples";"Curva";"Não";4;0;0;0;2;2;0;3;-7,66967498;-43,94398391;"SPRF-PI";"DEL03-PI";"UOP01-DEL03-PI"
484326;2022-11-01;"terça-feira";"17:30:00";"BA";116;785,2;"PLANALTO";"Condutor Dormindo";"Capotamento";"Com Vítimas Feridas";"Anoitecer";"Decrescente";"Céu Claro";"Simples";"Reta";"Não";2;0;0;1;0;1;1;2;-14,66957943;-40,47225013;"SPRF-BA";"DEL08-BA";"UOP02-DEL08-BA"
484327;2022-11-01;"terça-feira";"18:40:00";"MT";364;194,7;"RONDONOPOLIS";"Ultrapassagem Indevida";"Colisão frontal";"Com Vítimas Fatais";"Plena Noite";"Decrescente";"Céu Claro";"Simples";"Aclive;Reta";"Não";5;2;2;0;0;1;2;3;-16,52647302;-54,59191501;"SPRF-MT";"DEL02-MT";"UOP01-DEL02-MT"
484328;2022-11-01;"terça-feira";"13:51:00";"AL";104;74;"MESSIAS";"Velocidade Incompatível";"Tombamento";"Com Vítimas Feridas";"Pleno dia";"Decrescente";"Céu Claro";"Simples";"Retorno Regulamentado";"Não";2;0;0;1;0;1;1;2;-9,36779394;-35,83375454;"SPRF-AL";"DEL01-AL";"UOP02-DEL01-AL"
484335;2022-11-01;"terça-feira";"21:45:00";"BA";116;433,5;"FEIRA DE SANTANA";"Velocidade Incompatível";"Saída de leito carroçável";"Com Vítimas Feridas";"Amanhecer";"Crescente";"Céu Claro";"Dupla";"Curva";"Não";2;0;1;0;0;1;1;2;-12,3027989;-39,04178271;"SPRF-BA";"DEL02-BA";"UOP01-DEL02-BA"
484338;2022-11-01;"terça-feira";"19:30:00";"BA";116;239;"QUIJINGUE";"Reação tardia ou ineficiente do condutor";"Saída de leito carroçável";"Com Vítimas Feridas";"Plena Noite";"Crescente";"Céu Claro";"Simples";"Aclive";"Não";1;0;1;0;0;0;1;1;-10,68561988;-38,93639573;"SPRF-BA";"DEL07-BA";"UOP02-DEL07-BA"
484341;2022-11-01;"terça-feira";"19:30:00";"MG";116;123,6;"ITAOBIM";"Chuva";"Capotamento";"Com Vítimas Feridas";"Plena Noite";"Crescente";"Chuva";"Simples";"Curva";"Não";1;0;0;1;0;0;1;1;-16,62714205;-41,50269872;"SPRF-MG";"DEL11-MG";"UOP02-DEL11-MG"
484342;2022-10-24;"segunda-feira";"17:40:00";"MS";163;223;"CAARAPO";"Reação tardia ou ineficiente do condutor";"Colisão lateral sentido oposto";"Com Vítimas Feridas";"Plena Noite";"Crescente";"Céu Claro";"Simples";"Reta";"Não";3;0;1;0;1;3;1;5;-22,51758799;-54,86012799;"SPRF-MS";"DEL04-MS";"UOP02-DEL04-MS"
484350;2022-11-01;"terça-feira";"14:58:00";"BA";20;149;"SAO DESIDERIO";"Obstrução na via";"Saída de leito carroçável";"Sem Vítimas";"Pleno dia";"Crescente";"Nublado";"Simples";"Reta";"Não";2;0;0;0;1;3;0;4;-12,647293;-45,921122;"SPRF-BA";"DEL10-BA";"UOP01-DEL10-BA"
484357;2022-11-01;"terça-feira";"10:30:00";"RJ";116;283;"BARRA MANSA";"Condutor deixou de manter distância do veículo da frente";"Colisão traseira";"Com Vítimas Feridas";"Pleno dia";"Decrescente";"Céu Claro";"Dupla";"Curva";"Não";3;0;1;0;1;1;1;3;-22,51669896;-44,20814495;"SPRF-RJ";"DEL07-RJ";"UOP02-DEL07-RJ"
484361;2022-11-02;"quarta-feira";"04:30:00";"MG";251;475,4;"FRANCISCO SA";"Velocidade Incompatível";"Saída de leito carroçável";"Com Vítimas Feridas";"Amanhecer";"Crescente";"Chuva";"Simples";"Curva";"Não";2;0;0;1;0;1;1;2;-16,47174429;-43,46596604;"SPRF-MG";"DEL12-MG";"UOP01-DEL12-MG"
484376;2022-11-02;"quarta-feira";"08:41:00";"ES";101;324;"GUARAPARI";"Acumulo de água sobre o pavimento";"Saída de leito carroçável";"Com Vítimas Feridas";"Pleno dia";"Crescente";"Chuva";"Dupla";"Reta";"Não";5;0;2;1;1;2;3;4;-20,54592303;-40,48155635;"SPRF-ES";"DEL03-ES";"UOP01-DEL03-ES"
484377;2022-11-02;"quarta-feira";"08:40:00";"RN";304;127,8;"ITAJA";"Reação tardia ou ineficiente do condutor";"Colisão transversal";"Com Vítimas Feridas";"Pleno dia";"Decrescente";"Sol";"Simples";"Declive";"Não";3;0;2;0;0;2;2;4;-5,6564504;-36,79826403;"SPRF-RN";"DEL04-RN";"UOP01-DEL04-RN"
484378;2022-11-02;"quarta-feira";"09:20:00";"MG";40;741,3;"SANTOS DUMONT";"Ausência de reação do condutor";"Tombamento";"Com Vítimas Feridas";"Pleno dia";"Decrescente";"Nublado";"Simples";"Curva";"Não";4;0;1;0;2;1;1;2;-21,40505399;-43,56732403;"SPRF-MG";"DEL05-MG";"UOP01-DEL05-MG"
484383;2022-11-02;"quarta-feira";"08:40:00";"MS";163;550;"BANDEIRANTES";"Avarias e/ou desgaste excessivo no pneu";"Tombamento";"Com Vítimas Feridas";"Pleno dia";"Decrescente";"Nublado";"Simples";"Reta";"Não";2;0;1;0;0;2;1;3;-19,899154;-54,373369;"SPRF-MS";"DEL01-MS";"UOP02-DEL01-MS"
484386;2022-11-02;"quarta-feira";"07:40:00";"MG";381;431;"SABARA";"Avarias e/ou desgaste excessivo no pneu";"Saída de leito carroçável";"Com Vítimas Feridas";"Pleno dia";"Crescente";"Nublado";"Simples";"Curva";"Não";2;0;0;1;0;1;1;2;-19,78673408;-43,70155334;"SPRF-MG";"DEL01-MG";"UOP01-DEL01-MG"
484387;2022-11-01;"terça-feira";"22:00:00";"BA";324;424;"RIACHAO DO JACUIPE";"Reação tardia ou ineficiente do condutor";"Colisão lateral sentido oposto";"Com Vítimas Feridas";"Plena Noite";"Crescente";"Céu Claro";"Simples";"Aclive";"Não";2;0;0;1;1;0;1;2;-11,73226126;-39,49617924;"SPRF-BA";"DEL04-BA";"UOP02-DEL04-BA"
484391;2022-11-02;"quarta-feira";"11:50:00";"MG";40;504;"ESMERALDAS";"Velocidade Incompatível";"Saída de leito carroçável";"Sem Vítimas";"Pleno dia";"Decrescente";"Chuva";"Dupla";"Declive";"Sim";3;0;0;0;2;1;0;3;-19,72987888;-44,15253368;"SPRF-MG";"DEL02-MG";"UOP01-DEL02-MG"
484398;2022-11-02;"quarta-feira";"12:00:00";"PR";116;67;"CAMPINA GRANDE DO SUL";"Obstrução na via";"Colisão lateral mesmo sentido";"Sem Vítimas";"Pleno dia";"Decrescente";"Céu Claro";"Múltipla";"Desvio Temporário";"Sim";2;0;0;0;2;0;0;2;-25,31679789;-49,01854527;"SPRF-PR";"DEL01-PR";"UOP02-DEL01-PR"
484399;2022-11-02;"quarta-feira";"11:45:00";"SC";101;445;"SANTA ROSA DO SUL";"Obstrução na via";"Atropelamento de Pedestre";"Com Vítimas Feridas";"Pleno dia";"Decrescente";"Céu Claro";"Múltipla";"Reta";"Não";3;0;0;1;1;1;1;3;-29,13876138;-49,71567783;"SPRF-SC";"DEL02-SC";"UOP02-DEL02-SC"
484401;2022-11-02;"quarta-feira";"13:21:00";"ES";101;233;"FUNDAO";"Ausência de reação do condutor";"Tombamento";"Com Vítimas Feridas";"Pleno dia";"Decrescente";"Céu Claro";"Dupla";"Curva";"Não";1;0;1;0;0;0;1;1;-19,961042;-40,406889;"SPRF-ES";"DEL02-ES";"UOP01-DEL02-ES"
484403;2022-11-02;"quarta-feira";"13:30:00";"MG";40;764;"JUIZ DE FORA";"Velocidade Incompatível";"Tombamento";"Com Vítimas Feridas";"Pleno dia";"Decrescente";"Chuva";"Simples";"Curva";"Não";3;0;2;0;0;1;2;2;-21,5606587;-43,49865196;"SPRF-MG";"DEL05-MG";"UOP01-DEL05-MG"
484409;2022-11-02;"quarta-feira";"13:05:00";"MG";251;474,3;"FRANCISCO SA";"Chuva";"Colisão traseira";"Com Vítimas Feridas";"Pleno dia";"Decrescente";"Chuva";"Simples";"Reta";"Não";3;0;1;0;2;0;1;2;-16,47012768;-43,44753404;"SPRF-MG";"DEL12-MG";"UOP01-DEL12-MG"
484411;2022-11-02;"quarta-feira";"15:40:00";"MG";356;271,5;"MURIAE";"Ausência de reação do condutor";"Tombamento";"Com Vítimas Feridas";"Pleno dia";"Decrescente";"Chuva";"Simples";"Curva";"Não";4;0;2;0;0;2;2;3;-21,13210421;-42,31711942;"SPRF-MG";"DEL07-MG";"UOP02-DEL07-MG"
484414;2022-11-02;"quarta-feira";"15:50:00";"ES";101;289;"CARIACICA";"Ausência de reação do condutor";"Colisão traseira";"Sem Vítimas";"Pleno dia";"Decrescente";"Chuva";"Dupla";"Reta";"Não";4;0;0;0;4;0;0;2;-20,28029304;-40,39302931;"SPRF-ES";"DEL01-ES";"UOP01-DEL01-ES"
484415;2022-11-02;"quarta-feira";"15:45:00";"MG";459;67;"SENADOR JOSE BENTO";"Chuva";"Colisão frontal";"Com Vítimas Fatais";"Pleno dia";"Crescente";"Garoa/Chuvisco";"Simples";"Curva;Aclive";"Não";4;1;2;0;1;0;2;2;-22,131327;-46,181057;"SPRF-MG";"DEL09-MG";"UOP01-DEL09-MG"
484418;2022-11-02;"quarta-feira";"12:10:00";"RJ";40;94;"DUQUE DE CAXIAS";"Velocidade Incompatível";"Saída de leito carroçável";"Com Vítimas Fatais";"Pleno dia";"Crescente";"Chuva";"Dupla";"Curva";"Não";2;1;0;0;0;1;0;2;-22,55763285;-43,26574352;"SPRF-RJ";"DEL01-RJ";"UOP01-DEL01-RJ"
484425;2022-11-02;"quarta-feira";"14:50:00";"PR";376;659;"TIJUCAS DO SUL";"Ausência de reação do condutor";"Tombamento";"Com Vítimas Feridas";"Pleno dia";"Decrescente";"Céu Claro";"Dupla";"Curva";"Não";2;0;1;0;0;1;1;2;-25,8497383;-49,01288607;"SPRF-PR";"DEL01-PR";"UOP04-DEL01-PR"
484431;2022-11-02;"quarta-feira";"17:07:00";"TO";153;701;"CARIRI DO TOCANTINS";"Acessar a via sem observar a presença dos outros veículos";"Colisão transversal";"Com Vítimas Fatais";"Pleno dia";"Decrescente";"Nublado";"Simples";"Reta;Retorno Regulamentado";"Não";3;1;0;0;1;1;0;3;-11,9609026;-49,19947692;"SPRF-TO";"DEL01-TO";"UOP02-DEL01-TO"
484433;2022-11-02;"quarta-feira";"16:34:00";"PE";116;59;"CABROBO";"Problema com o freio";"Incêndio";"Com Vítimas Feridas";"Pleno dia";"Decrescente";"Céu Claro";"Simples";"Reta";"Não";2;0;1;0;0;1;1;2;-8,352674;-39,141792;"SPRF-PE";"DEL05-PE";"UOP03-DEL05-PE"
484440;2022-10-03;"segunda-feira";"11:50:00";"PR";376;303,6;"MAUA DA SERRA";"Velocidade Incompatível";"Tombamento";"Com Vítimas Feridas";"Pleno dia";"Crescente";"Céu Claro";"Dupla";"Curva";"Não";2;0;1;0;0;2;1;3;-23,932801;-51,13765;"SPRF-PR";"DEL07-PR";"UOP02-DEL07-PR"
484442;2022-11-02;"quarta-feira";"18:40:00";"BA";101;502;"ITABUNA";"Acostamento em desnível";"Colisão transversal";"Com Vítimas Feridas";"Plena Noite";"Crescente";"Chuva";"Simples";"Reta";"Não";4;0;2;0;1;1;2;3;-14,92453419;-39,29545275;"SPRF-BA";"DEL05-BA";"UOP01-DEL05-BA"
484448;2022-11-02;"quarta-feira";"17:45:00";"MG";381;388,8;"BARAO DE COCAIS";"Pista Escorregadia";"Colisão frontal";"Com Vítimas Fatais";"Pleno dia";"Crescente";"Chuva";"Simples";"Curva";"Não";4;1;0;1;1;2;1;4;-19,78768531;-43,42997106;"SPRF-MG";"DEL01-MG";"UOP01-DEL01-MG"
484454;2022-09-11;"domingo";"17:50:00";"PR";376;591,3;"CURITIBA";"Ultrapassagem Indevida";"Colisão lateral mesmo sentido";"Com Vítimas Fatais";"Pleno dia";"Crescente";"Nublado";"Dupla";"Reta";"Sim";4;1;0;2;0;1;2;3;-25,45999605;-49,35895013;"SPRF-PR";"DEL01-PR";"UOP06-DEL01-PR"
484455;2022-11-02;"quarta-feira";"20:30:00";"MG";381;479,9;"CONTAGEM";"Ingestão de álcool pelo condutor";"Colisão com objeto";"Com Vítimas Feridas";"Plena Noite";"Crescente";"Nublado";"Dupla";"Reta";"Sim";3;0;1;0;1;1;1;3;-19,96124;-44,05101;"SPRF-MG";"DEL01-MG";"UOP03-DEL01-MG"
484457;2022-11-02;"quarta-feira";"21:03:00";"ES";101;311;"VILA VELHA";"Reação tardia ou ineficiente do condutor";"Saída de leito carroçável";"Com Vítimas Feridas";"Plena Noite";"Decrescente";"Chuva";"Múltipla";"Reta";"Não";1;0;1;0;0;0;1;1;-20,43478198;-40,45963937;"SPRF-ES";"DEL01-ES";"UOP01-DEL01-ES"
484462;2022-11-02;"quarta-feira";"22:15:00";"MG";459;22,4;"CALDAS";"Velocidade Incompatível";"Tombamento";"Com Vítimas Feridas";"Plena Noite";"Decrescente";"Garoa/Chuvisco";"Simples";"Declive;Curva";"Não";2;0;1;0;0;1;1;2;-21,8813139;-46,3829879;"SPRF-MG";"DEL09-MG";"UOP01-DEL09-MG"
484464;2022-11-02;"quarta-feira";"17:30:00";"BA";242;488;"OLIVEIRA DOS BREJINHOS";"Reação tardia ou ineficiente do condutor";"Tombamento";"Com Vítimas Feridas";"Pleno dia";"Crescente";"Céu Claro";"Simples";"Declive;Curva";"Não";2;0;1;0;0;2;1;3;-12,41266504;-42,36170394;"SPRF-BA";"DEL06-BA";"UOP01-DEL06-BA"
484469;2022-11-02;"quarta-feira";"21:55:00";"CE";20;395,5;"CAUCAIA";"Animais na Pista";"Atropelamento de Animal";"Com Vítimas Feridas";"Plena Noite";"Crescente";"Céu Claro";"Simples";"Reta";"Não";3;0;1;0;2;0;1;2;-3,82645524;-38,7511478;"SPRF-CE";"DEL01-CE";"UOP01-DEL01-CE"
484476;2022-11-02;"quarta-feira";"23:50:00";"CE";222;26;"CAUCAIA";"Reação tardia ou ineficiente do condutor";"Saída de leito carroçável";"Sem Vítimas";"Plena Noite";"Crescente";"Céu Claro";"Dupla";"Reta";"Não";1;0;0;0;0;1;0;1;-3,72347597;-38,78550699;"SPRF-CE";"DEL01-CE";"UOP01-DEL01-CE"
484480;2022-11-02;"quarta-feira";"23:45:00";"PR";153;99,2;"IBAITI";"Transitar na contramão";"Colisão frontal";"Com Vítimas Fatais";"Plena Noite";"Crescente";"Céu Claro";"Simples";"Reta";"Não";3;1;0;0;1;1;0;3;-23,76532526;-50,1877141;"SPRF-PR";"DEL07-PR";"UOP04-DEL07-PR"
484484;2022-11-03;"quinta-feira";"01:00:00";"SC";153;66,5;"IRANI";"Conversão proibida";"Colisão frontal";"Com Vítimas Fatais";"Plena Noite";"Crescente";"Nublado";"Simples";"Reta";"Não";2;1;0;0;1;0;0;2;-27,028358;-51,88303;"SPRF-SC";"DEL07-SC";"UOP04-DEL07-SC"
484487;2022-11-03;"quinta-feira";"03:00:00";"PE";232;136,8;"CARUARU";"Reação tardia ou ineficiente do condutor";"Colisão traseira";"Sem Vítimas";"Plena Noite";"Crescente";"Céu Claro";"Dupla";"Reta";"Não";2;0;0;0;1;1;0;2;-8,31339932;-36,04175591;"SPRF-PE";"DEL02-PE";"UOP01-DEL02-PE"
484489;2022-11-03;"quinta-feira";"02:40:00";"RN";226;113,6;"SANTA CRUZ";"Demais falhas na via";"Tombamento";"Com Vítimas Fatais";"Plena Noite";"Decrescente";"Céu Claro";"Simples";"Curva";"Sim";1;1;0;0;0;0;0;1;-6,21120499;-36,01975098;"SPRF-RN";"DEL03-RN";"UOP02-DEL03-RN"
484490;2022-11-02;"quarta-feira";"21:30:00";"PR";376;623;"SAO JOSE DOS PINHAIS";"Ausência de reação do condutor";"Colisão traseira";"Com Vítimas Feridas";"Plena Noite";"Crescente";"Nublado";"Simples";"Reta";"Não";3;0;1;0;1;1;1;3;-25,63462416;-49,16182135;"SPRF-PR";"DEL01-PR";"UOP04-DEL01-PR"
484502;2022-11-03;"quinta-feira";"06:45:00";"SC";101;441;"SANTA ROSA DO SUL";"Ausência de reação do condutor";"Colisão traseira";"Com Vítimas Fatais";"Pleno dia";"Crescente";"Céu Claro";"Múltipla";"Aclive;Reta";"Não";4;1;0;1;1;1;1;3;-29,129092;-49,685166;"SPRF-SC";"DEL02-SC";"UOP02-DEL02-SC"
484503;2022-10-22;"sábado";"02:00:00";"BA";410;19;"TUCANO";"Demais falhas mecânicas ou elétricas";"Incêndio";"Sem Vítimas";"Plena Noite";"Decrescente";"Céu Claro";"Simples";"Reta";"Não";1;0;0;0;1;0;0;1;-10,90591184;-38,67589213;"SPRF-BA";"DEL07-BA";"UOP02-DEL07-BA"
484504;2022-11-03;"quinta-feira";"03:40:00";"CE";20;292;"CANINDE";"Reação tardia ou ineficiente do condutor";"Colisão com objeto";"Com Vítimas Feridas";"Plena Noite";"Crescente";"Céu Claro";"Simples";"Curva";"Não";2;0;1;0;1;0;1;1;-4,47051;-39,354663;"SPRF-CE";"DEL02-CE";"UOP01-DEL02-CE"
484518;2022-10-22;"sábado";"08:30:00";"PR";476;137;"CURITIBA";"Reação tardia ou ineficiente do condutor";"Colisão traseira";"Com Vítimas Fatais";"Pleno dia";"Crescente";"Céu Claro";"Dupla";"Reta";"Sim";5;1;0;0;3;1;0;4;-25,491047;-49,271679;"SPRF-PR";"DEL01-PR";"UOP03-DEL01-PR"
484525;2022-11-03;"quinta-feira";"09:00:00";"SP";116;204,5;"ARUJA";"Frear bruscamente";"Colisão traseira";"Com Vítimas Feridas";"Pleno dia";"Decrescente";"Garoa/Chuvisco";"Múltipla";"Reta";"Sim";3;0;1;0;2;0;1;2;-23,41236123;-46,35692496;"SPRF-SP";"DEL01-SP";"UOP01-DEL01-SP"
484529;2022-11-03;"quinta-feira";"09:30:00";"SP";116;140;"SAO JOSE DOS CAMPOS";"Reação tardia ou ineficiente do condutor";"Engavetamento";"Com Vítimas Feridas";"Pleno dia";"Decrescente";"Nublado";"Dupla";"Reta";"Não";4;0;1;0;2;2;1;5;-23,16577714;-45,81246193;"SPRF-SP";"DEL02-SP";"UOP01-DEL02-SP"
484530;2022-11-03;"quinta-feira";"10:09:00";"PE";101;67,9;"RECIFE";"Trafegar com motocicleta (ou similar) entre as faixas";"Colisão lateral mesmo sentido";"Com Vítimas Feridas";"Pleno dia";"Decrescente";"Céu Claro";"Dupla";"Reta";"Sim";4;0;2;0;1;1;2;3;-8,049992;-34,945652;"SPRF-PE";"DEL01-PE";"UOP01-DEL01-PE"