"id";"data_inversa";"dia_semana";"horario";"uf";"br";"km";"municipio";"causa_acidente";"tipo_acidente";"classificacao_acidente";"fase_dia";"sentido_via";"condicao_metereologica";"tipo_pista";"tracado_via";"uso_solo";"pessoas";"mortos";"feridos_leves";"feridos_graves";"ilesos";"ignorados";"feridos";"veiculos";"latitude";"longitude";"regional";"delegacia";"uop"
484532;2022-10-30;"domingo";"15:50:00";"MG";365;45,5;"CLARO DOS POCOES";"Velocidade Incompatível";"Colisão frontal";"Com Vítimas Fatais";"Pleno dia";"Crescente";"Chuva";"Simples";"Curva;Declive";"Não";4;2;0;0;1;1;0;3;-16,905425;-44,196611;"SPRF-MG";"DEL12-MG";"UOP01-DEL12-MG"
484534;2022-11-03;"quinta-feira";"10:45:00";"RS";386;411,3;"TRIUNFO";"Acessar a via sem observar a presença dos outros veículos";"Colisão traseira";"Com Vítimas Feridas";"Pleno dia";"Decrescente";"Sol";"Dupla";"Reta";"Não";3;0;1;0;2;0;1;2;-29,80550633;-51,50544047;"SPRF-RS";"DEL01-RS";"UOP01-DEL01-RS"
484535;2022-11-03;"quinta-feira";"11:00:00";"PR";277;48;"MORRETES";"Reação tardia ou ineficiente do condutor";"Colisão traseira";"Com Vítimas Feridas";"Pleno dia";"Decrescente";"Céu Claro";"Dupla";"Declive";"Não";3;0;0;1;1;3;1;5;-25,59302836;-48,88200785;"SPRF-PR";"DEL01-PR";"UOP01-DEL01-PR"
484539;2022-11-03;"quinta-feira";"02:30:00";"MG";381;431,5;"SABARA";"Pista em desnível";"Tombamento";"Sem Vítimas";"Plena Noite";"Decrescente";"Chuva";"Simples";"Reta;Aclive";"Não";2;0;0;0;1;1;0;2;-19,78709751;-43,70125294;"SPRF-MG";"DEL01-MG";"UOP01-DEL01-MG"
484545;2022-11-03;"quinta-feira";"13:20:00";"SE";101;38,8;"CAPELA";"Ausência de reação do condutor";"Colisão traseira";"Com Vítimas Feridas";"Pleno dia";"Decrescente";"Céu Claro";"Dupla";"Aclive";"Não";2;0;1;0;1;0;1;2;-10,51013504;-36,94596282;"SPRF-SE";"DEL02-SE";"UOP02-DEL02-SE"
484549;2022-11-03;"quinta-feira";"13:30:00";"MG";262;555,9;"CORREGO DANTA";"Restrição de visibilidade em curvas horizontais";"Saída de leito carroçável";"Sem Vítimas";"Pleno dia";"Decrescente";"Nublado";"Simples";"Curva;Declive";"Não";2;0;0;0;1;2;0;3;-19,732616;-45,941566;"SPRF-MG";"DEL08-MG";"UOP02-DEL08-MG"
484550;2022-11-03;"quinta-feira";"12:15:00";"BA";415;18;"ILHEUS";"Manobra de mudança de faixa";"Colisão frontal";"Com Vítimas Fatais";"Pleno dia";"Decrescente";"Céu Claro";"Simples";"Reta";"Não";2;1;1;0;0;0;1;2;-14,80001229;-39,12580669;"SPRF-BA";"DEL05-BA";"UOP01-DEL05-BA"
484554;2022-11-03;"quinta-feira";"08:10:00";"MT";364;353;"SANTO ANTONIO DO LEVERGER";"Curva acentuada";"Tombamento";"Com Vítimas Fatais";"Pleno dia";"Crescente";"Sol";"Dupla";"Curva";"Não";2;1;0;0;0;1;0;2;-15,7996367;-55,58299395;"SPRF-MT";"DEL05-MT";"UOP02-DEL05-MT"
484560;2022-11-03;"quinta-feira";"14:50:00";"SP";153;85;"MIRASSOL";"Acessar a via sem observar a presença dos outros veículos";"Colisão transversal";"Com Vítimas Feridas";"Pleno dia";"Decrescente";"Nublado";"Simples";"Em Obras";"Não";3;0;1;1;0;1;2;3;-20,9344296;-49,51909431;"SPRF-SP";"DEL09-SP";"UOP01-DEL09-SP"
484564;2022-11-03;"quinta-feira";"14:00:00";"MG";40;617,5;"CONGONHAS";"Ingestão de álcool pelo condutor";"Colisão lateral mesmo sentido";"Sem Vítimas";"Pleno dia";"Crescente";"Nublado";"Simples";"Reta";"Não";3;0;0;0;2;3;0;5;-20,561744;-43,812335;"SPRF-MG";"DEL05-MG";"UOP02-DEL05-MG"
484565;2022-11-03;"quinta-feira";"15:15:00";"RN";101;125,5;"SAO JOSE DE MIPIBU";"Condutor deixou de manter distância do veículo da frente";"Colisão traseira";"Com Vítimas Feridas";"Pleno dia";"Decrescente";"Céu Claro";"Dupla";"Reta";"Sim";2;0;1;0;1;0;1;2;-6,07907972;-35,23385248;"SPRF-RN";"DEL01-RN";"UOP01-DEL01-RN"
484570;2022-11-03;"quinta-feira";"14:50:00";"RS";470;226;"GARIBALDI";"Acessar a via sem observar a presença dos outros veículos";"Colisão transversal";"Com Vítimas Feridas";"Pleno dia";"Decrescente";"Céu Claro";"Dupla";"Interseção de Vias";"Sim";4;0;1;0;3;0;1;2;-29,21556004;-51,51743821;"SPRF-RS";"DEL06-RS";"UOP01-DEL06-RS"
484576;2022-11-03;"quinta-feira";"14:55:00";"GO";60;438;"RIO VERDE";"Reação tardia ou ineficiente do condutor";"Tombamento";"Com Vítimas Feridas";"Pleno dia";"Decrescente";"Nublado";"Dupla";"Curva;Aclive";"Não";3;0;0;1;0;2;1;3;-17,836561;-51,409105;"SPRF-GO";"DEL04-GO";"UOP02-DEL04-GO"
484577;2022-11-03;"quinta-feira";"14:40:00";"ES";262;40;"DOMINGOS MARTINS";"Reação tardia ou ineficiente do condutor";"Tombamento";"Com Vítimas Feridas";"Pleno dia";"Crescente";"Chuva";"Simples";"Declive;Curva";"Não";2;0;1;0;0;1;1;2;-20,38395807;-40,63664401;"SPRF-ES";"DEL01-ES";"UOP01-DEL01-ES"
484586;2022-11-03;"quinta-feira";"17:00:00";"PR";476;152;"ARAUCARIA";"Manobra de mudança de faixa";"Colisão lateral mesmo sentido";"Com Vítimas Feridas";"Pleno dia";"Crescente";"Sol";"Dupla";"Reta";"Sim";4;0;2;0;2;0;2;4;-25,570036;-49,384193;"SPRF-PR";"DEL01-PR";"UOP06-DEL01-PR"
484591;2022-11-03;"quinta-feira";"15:49:00";"GO";60;438;"RIO VERDE";"Velocidade Incompatível";"Colisão traseira";"Sem Vítimas";"Pleno dia";"Decrescente";"Nublado";"Dupla";"Reta";"Não";4;0;0;0;3;1;0;3;-17,8357;-51,4044;"SPRF-GO";"DEL04-GO";"UOP02-DEL04-GO"
484595;2022-11-03;"quinta-feira";"18:00:00";"RJ";40;120;"DUQUE DE CAXIAS";"Reação tardia ou ineficiente do condutor";"Colisão traseira";"Com Vítimas Feridas";"Anoitecer";"Decrescente";"Nublado";"Múltipla";"Reta";"Sim";3;0;1;1;1;0;2;2;-22,77280597;-43,28626763;"SPRF-RJ";"DEL01-RJ";"UOP01-DEL01-RJ"
484605;2022-11-03;"quinta-feira";"16:00:00";"MG";354;706,9;"CAXAMBU";"Demais falhas mecânicas ou elétricas";"Saída de leito carroçável";"Com Vítimas Feridas";"Pleno dia";"Decrescente";"Nublado";"Simples";"Curva";"Sim";2;0;0;1;1;0;1;1;-22,000017;-44,925655;"SPRF-MG";"DEL17-MG";"UOP01-DEL17-MG"
484607;2022-11-03;"quinta-feira";"16:20:00";"PR";116;193,5;"CAMPO DO TENENTE";"Manobra de mudança de faixa";"Colisão lateral sentido oposto";"Sem Vítimas";"Pleno dia";"Decrescente";"Céu Claro";"Simples";"Reta";"Não";4;0;0;0;3;1;0;4;-25,97956005;-49,66051132;"SPRF-SC";"DEL06-SC";"UOP01-DEL06-SC"
484612;2022-11-03;"quinta-feira";"19:10:00";"SP";116;224;"GUARULHOS";"Reação tardia ou ineficiente do condutor";"Colisão traseira";"Com Vítimas Feridas";"Plena Noite";"Decrescente";"Ignorado";"Múltipla";"Reta";"Sim";2;0;1;0;1;0;1;2;-23,48071896;-46,53271603;"SPRF-SP";"DEL01-SP";"UOP01-DEL01-SP"
484632;2022-11-03;"quinta-feira";"18:30:00";"MG";40;631,7;"CONSELHEIRO LAFAIETE";"Área urbana sem a presença de local apropriado para a travessia de pedestres";"Atropelamento de Pedestre";"Com Vítimas Fatais";"Plena Noite";"Crescente";"Chuva";"Simples";"Reta";"Sim";5;1;0;1;1;2;1;2;-20,66692199;-43,80314095;"SPRF-MG";"DEL05-MG";"UOP02-DEL05-MG"
484633;2022-11-03;"quinta-feira";"17:40:00";"PR";277;721,5;"FOZ DO IGUACU";"Desrespeitar a preferência no cruzamento";"Colisão transversal";"Com Vítimas Fatais";"Anoitecer";"Crescente";"Céu Claro";"Dupla";"Retorno Regulamentado;Reta";"Sim";3;1;0;0;1;1;0;3;-25,4911505;-54,51185421;"SPRF-PR";"DEL05-PR";"UOP03-DEL05-PR"
484641;2022-11-03;"quinta-feira";"21:15:00";"GO";50;184;"CAMPO ALEGRE DE GOIAS";"Condutor Dormindo";"Colisão traseira";"Com Vítimas Feridas";"Plena Noite";"Crescente";"Nublado";"Dupla";"Reta";"Não";3;0;1;0;1;1;1;3;-17,4413;-47,8018;"SPRF-GO";"DEL06-GO";"UOP01-DEL06-GO"
484645;2022-11-03;"quinta-feira";"18:00:00";"AL";101;108;"PILAR";"Condutor deixou de manter distância do veículo da frente";"Colisão traseira";"Com Vítimas Fatais";"Plena Noite";"Crescente";"Céu Claro";"Dupla";"Aclive";"Não";2;1;0;0;1;0;0;2;-9,5965694828;-36,0091408969;"SPRF-AL";"DEL02-AL";"UOP01-DEL02-AL"
484646;2022-11-03;"quinta-feira";"18:30:00";"MG";365;495;"PATROCINIO";"Demais falhas na via";"Saída de leito carroçável";"Com Vítimas Feridas";"Anoitecer";"Decrescente";"Céu Claro";"Simples";"Curva";"Não";2;0;1;0;0;2;1;3;-18,917469;-47,203773;"SPRF-MG";"DEL10-MG";"UOP01-DEL10-MG"
484647;2022-11-03;"quinta-feira";"23:20:00";"MG";381;600,2;"CARMOPOLIS DE MINAS";"Transitar no acostamento";"Colisão traseira";"Com Vítimas Feridas";"Plena Noite";"Crescente";"Nublado";"Dupla";"Reta;Aclive";"Não";4;0;0;1;2;3;1;6;-20,61995721;-44,74615964;"SPRF-MG";"DEL04-MG";"UOP01-DEL04-MG"
484651;2022-11-03;"quinta-feira";"22:40:00";"PR";116;175;"QUITANDINHA";"Ausência de reação do condutor";"Colisão frontal";"Com Vítimas Feridas";"Plena Noite";"Decrescente";"Céu Claro";"Simples";"Reta";"Não";3;0;1;0;1;1;1;3;-25,89489049;-49,52560893;"SPRF-PR";"DEL01-PR";"UOP03-DEL01-PR"
484655;2022-11-03;"quinta-feira";"23:30:00";"SC";116;107,6;"MONTE CASTELO";"Curva acentuada";"Tombamento";"Com Vítimas Feridas";"Plena Noite";"Decrescente";"Nublado";"Simples";"Curva";"Não";1;0;1;0;0;0;1;1;-26,75568818;-50,32812388;"SPRF-SC";"DEL06-SC";"UOP02-DEL06-SC"
484656;2022-11-04;"sexta-feira";"01:10:00";"PA";222;78;"RONDON DO PARA";"Iluminação deficiente";"Colisão traseira";"Com Vítimas Feridas";"Plena Noite";"Crescente";"Nublado";"Simples";"Reta";"Não";2;0;1;0;0;1;1;2;-4,624794;-47,891785;"SPRF-PA";"DEL02-PA";"UOP02-DEL02-PA"
484662;2022-11-04;"sexta-feira";"00:00:00";"SP";116;507;"CAJATI";"Ausência de reação do condutor";"Tombamento";"Com Vítimas Feridas";"Plena Noite";"Decrescente";"Nublado";"Dupla";"Reta";"Não";1;0;0;1;0;0;1;1;-24,805288;-48,214966;"SPRF-SP";"DEL05-SP";"UOP02-DEL05-SP"
484671;2022-11-04;"sexta-feira";"06:30:00";"SP";116;286;"ITAPECERICA DA SERRA";"Mal súbito do condutor";"Colisão lateral mesmo sentido";"Com Vítimas Feridas";"Pleno dia";"Decrescente";"Nublado";"Dupla";"Curva";"Sim";3;0;1;0;1;1;1;3;-23,69469718;-46,86417818;"SPRF-SP";"DEL04-SP";"UOP01-DEL04-SP"
484673;2022-11-03;"quinta-feira";"18:30:00";"BA";101;321;"PRESIDENTE TANCREDO NEVES";"Ultrapassagem Indevida";"Colisão lateral sentido oposto";"Com Vítimas Feridas";"Plena Noite";"Crescente";"Céu Claro";"Simples";"Reta";"Não";6;0;5;0;1;0;5;3;-13,52223296;-39,44931768;"SPRF-BA";"DEL05-BA";"UOP03-DEL05-BA"
484678;2022-11-04;"sexta-feira";"07:40:00";"SC";101;192,9;"BIGUACU";"Acessar a via sem observar a presença dos outros veículos";"Colisão traseira";"Com Vítimas Feridas";"Pleno dia";"Crescente";"Céu Claro";"Simples";"Reta";"Sim";3;0;1;0;2;0;1;3;-27,48443781;-48,64765238;"SPRF-SC";"DEL01-SC";"UOP01-DEL01-SC"
484680;2022-11-04;"sexta-feira";"07:00:00";"RN";110;45,5;"MOSSORO";"Reação tardia ou ineficiente do condutor";"Colisão traseira";"Com Vítimas Feridas";"Pleno dia";"Decrescente";"Sol";"Simples";"Reta";"Sim";2;0;0;1;1;0;1;2;-5,19257993;-37,31114905;"SPRF-RN";"DEL04-RN";"UOP01-DEL04-RN"
484688;2022-11-04;"sexta-feira";"03:00:00";"RS";285;235,4;"MULITERNO";"Animais na Pista";"Atropelamento de Pedestre";"Com Vítimas Fatais";"Plena Noite";"Decrescente";"Céu Claro";"Simples";"Reta";"Não";3;1;0;0;0;2;0;3;-28,251627;-51,832825;"SPRF-RS";"DEL08-RS";"UOP03-DEL08-RS"
484694;2022-11-04;"sexta-feira";"05:00:00";"CE";116;193;"LIMOEIRO DO NORTE";"Demais falhas mecânicas ou elétricas";"Tombamento";"Com Vítimas Feridas";"Amanhecer";"Crescente";"Céu Claro";"Simples";"Curva";"Não";2;0;1;0;0;2;1;3;-5,1394461;-38,15730688;"SPRF-CE";"DEL03-CE";"UOP01-DEL03-CE"
484697;2022-11-04;"sexta-feira";"07:56:00";"SC";282;2;"FLORIANOPOLIS";"Condutor deixou de manter distância do veículo da frente";"Colisão traseira";"Com Vítimas Feridas";"Pleno dia";"Decrescente";"Céu Claro";"Dupla";"Reta";"Não";2;0;1;0;1;0;1;2;-27,603289;-48,590416;"SPRF-SC";"DEL01-SC";"UOP01-DEL01-SC"
484698;2022-11-04;"sexta-feira";"07:45:00";"ES";262;70,3;"MARECHAL FLORIANO";"Ultrapassagem Indevida";"Colisão frontal";"Com Vítimas Feridas";"Pleno dia";"Crescente";"Nublado";"Simples";"Curva";"Não";6;0;2;1;1;2;3;5;-20,41561467;-40,86684776;"SPRF-ES";"DEL01-ES";"UOP02-DEL01-ES"
484705;2022-11-04;"sexta-feira";"09:00:00";"ES";101;315,8;"VILA VELHA";"Velocidade Incompatível";"Tombamento";"Com Vítimas Feridas";"Pleno dia";"Decrescente";"Nublado";"Dupla";"Curva";"Não";2;0;0;1;0;1;1;2;-20,46976694;-40,46795209;"SPRF-ES";"DEL01-ES";"UOP01-DEL01-ES"
484712;2022-11-04;"sexta-feira";"09:50:00";"ES";101;148;"LINHARES";"Acesso irregular";"Colisão com objeto";"Sem Vítimas";"Pleno dia";"Crescente";"Nublado";"Dupla";"Reta";"Sim";1;0;0;0;0;1;0;1;-19,38787399;-40,06752766;"SPRF-ES";"DEL04-ES";"UOP01-DEL04-ES"
484713;2022-11-04;"sexta-feira";"10:00:00";"PR";153;24,8;"JACAREZINHO";"Desrespeitar a preferência no cruzamento";"Colisão transversal";"Com Vítimas Feridas";"Pleno dia";"Crescente";"Céu Claro";"Simples";"Interseção de Vias";"Não";3;0;1;0;1;3;1;5;-23,18975804;-49,98573303;"SPRF-PR";"DEL07-PR";"UOP04-DEL07-PR"
484718;2022-11-04;"sexta-feira";"10:00:00";"SC";101;379;"ICARA";"Manobra de mudança de faixa";"Colisão transversal";"Com Vítimas Feridas";"Pleno dia";"Decrescente";"Céu Claro";"Simples";"Declive;Reta";"Sim";3;0;1;0;1;1;1;3;-28,75600607;-49,27867055;"SPRF-SC";"DEL02-SC";"UOP02-DEL02-SC"
484720;2022-11-04;"sexta-feira";"08:30:00";"MS";163;485;"CAMPO GRANDE";"Acessar a via sem observar a presença dos outros veículos";"Colisão transversal";"Com Vítimas Feridas";"Pleno dia";"Decrescente";"Céu Claro";"Simples";"Interseção de Vias";"Sim";4;0;1;0;3;0;1;3;-20,44301824;-54,54192638;"SPRF-MS";"DEL01-MS";"UOP02-DEL01-MS"
484721;2022-11-04;"sexta-feira";"10:30:00";"SC";282;16;"PALHOCA";"Retorno proibido";"Colisão transversal";"Com Vítimas Feridas";"Pleno dia";"Crescente";"Sol";"Simples";"Reta";"Sim";2;0;0;1;1;0;1;2;-27,65743611;-48,68096709;"SPRF-SC";"DEL01-SC";"UOP02-DEL01-SC"
484723;2022-11-04;"sexta-feira";"11:00:00";"BA";116;831,9;"VITORIA DA CONQUISTA";"Chuva";"Tombamento";"Com Vítimas Feridas";"Pleno dia";"Crescente";"Chuva";"Simples";"Reta";"Não";1;0;1;0;0;0;1;1;-14,925521;-40,883977;"SPRF-BA";"DEL08-BA";"UOP01-DEL08-BA"
484724;2022-11-04;"sexta-feira";"11:35:00";"PE";428;178;"PETROLINA";"Acessar a via sem observar a presença dos outros veículos";"Colisão transversal";"Com Vítimas Feridas";"Pleno dia";"Crescente";"Garoa/Chuvisco";"Simples";"Reta";"Não";4;0;2;0;2;0;2;2;-9,2842098;-40,4416324;"SPRF-PE";"DEL06-PE";"UOP01-DEL06-PE"
484729;2022-11-04;"sexta-feira";"11:50:00";"RS";386;375,2;"TAQUARI";"Manobra de mudança de faixa";"Colisão lateral mesmo sentido";"Com Vítimas Feridas";"Pleno dia";"Decrescente";"Céu Claro";"Dupla";"Curva";"Não";3;0;1;0;1;2;1;4;-29,62188331;-51,77625775;"SPRF-RS";"DEL04-RS";"NPF/DEL04-RS"
484736;2022-11-04;"sexta-feira";"11:50:00";"RS";386;179;"CARAZINHO";"Acessar a via sem observar a presença dos outros veículos";"Colisão transversal";"Com Vítimas Feridas";"Pleno dia";"Decrescente";"Céu Claro";"Simples";"Reta";"Sim";4;0;2;0;1;1;2;3;-28,295532;-52,753395;"SPRF-RS";"DEL08-RS";"UOP01-DEL08-RS"
484738;2022-11-04;"sexta-feira";"13:00:00";"TO";226;10;"PALMEIRAS DO TOCANTINS";"Condutor Dormindo";"Colisão com objeto";"Sem Vítimas";"Pleno dia";"Decrescente";"Nublado";"Simples";"Reta";"Não";2;0;0;0;1;1;0;2;-6,600472;-47,533829;"SPRF-TO";"DEL02-TO";"UOP03-DEL02-TO"
484739;2022-10-30;"domingo";"19:20:00";"BA";242;410;"SEABRA";"Entrada inopinada do pedestre";"Atropelamento de Pedestre";"Com Vítimas Feridas";"Plena Noite";"Decrescente";"Céu Claro";"Simples";"Reta";"Não";4;0;0;1;1;2;1;3;-12,4520299;-41,75055052;"SPRF-BA";"DEL06-BA";"UOP01-DEL06-BA"
484742;2022-11-04;"sexta-feira";"12:35:00";"RJ";101;69,6;"CAMPOS DOS GOYTACAZES";"Ultrapassagem Indevida";"Colisão lateral mesmo sentido";"Com Vítimas Feridas";"Pleno dia";"Decrescente";"Céu Claro";"Simples";"Retorno Regulamentado";"Não";3;0;0;1;1;1;1;3;-21,77624383;-41,3653321;"SPRF-RJ";"DEL08-RJ";"UOP02-DEL08-RJ"
484745;2022-04-13;"quarta-feira";"19:30:00";"SC";101;194;"BIGUACU";"Manobra de mudança de faixa";"Colisão lateral mesmo sentido";"Com Vítimas Feridas";"Plena Noite";"Decrescente";"Céu Claro";"Dupla";"Reta";"Sim";5;0;1;1;2;1;2;3;-27,49815117;-48,65661236;"SPRF-SC";"DEL01-SC";"UOP01-DEL01-SC"
484746;2022-11-04;"sexta-feira";"13:30:00";"PI";316;11;"TERESINA";"Desrespeitar a preferência no cruzamento";"Colisão transversal";"Com Vítimas Feridas";"Pleno dia";"Crescente";"Nublado";"Múltipla";"Rotatória";"Sim";2;0;1;0;1;0;1;2;-5,191739;-42,76076102;"SPRF-PI";"DEL01-PI";"UOP02-DEL01-PI"
484750;2022-11-04;"sexta-feira";"07:55:00";"MT";163;803;"SINOP";"Reação tardia ou ineficiente do condutor";"Colisão lateral mesmo sentido";"Com Vítimas Feridas";"Pleno dia";"Decrescente";"Céu Claro";"Simples";"Aclive;Reta";"Não";3;0;1;0;1;4;1;6;-12,14029;-55,51444;"SPRF-MT";"DEL06-MT";"NPF/DEL06-MT"
484751;2022-11-04;"sexta-feira";"09:00:00";"BA";101;440;"UBAITABA";"Velocidade Incompatível";"Colisão transversal";"Com Vítimas Feridas";"Pleno dia";"Crescente";"Céu Claro";"Simples";"Interseção de Vias";"Não";3;0;1;0;1;1;1;3;-14,26704497;-39,32676315;"SPRF-BA";"DEL05-BA";"UOP01-DEL05-BA"
484752;2022-11-04;"sexta-feira";"13:00:00";"PE";101;7;"GOIANA";"Acessar a via sem observar a presença dos outros veículos";"Colisão transversal";"Com Vítimas Feridas";"Pleno dia";"Crescente";"Sol";"Dupla";"Interseção de Vias";"Sim";3;0;0;1;1;1;1;3;-7,55997111;-34,99072674;"SPRF-PE";"DEL01-PE";"UOP02-DEL01-PE"
484753;2022-11-04;"sexta-feira";"07:40:00";"MT";364;93;"ALTO GARCAS";"Reação tardia ou ineficiente do condutor";"Derramamento de carga";"Com Vítimas Feridas";"Pleno dia";"Crescente";"Sol";"Simples";"Reta";"Não";2;0;1;0;0;2;1;3;-16,8602062389;-53,743151027;"SPRF-MT";"DEL02-MT";"UOP02-DEL02-MT"
484756;2022-11-04;"sexta-feira";"09:25:00";"BA";242;365;"LENCOIS";"Ultrapassagem Indevida";"Colisão frontal";"Com Vítimas Feridas";"Pleno dia";"Crescente";"Chuva";"Simples";"Reta";"Não";3;0;0;1;1;2;1;4;-12,46808969;-41,44008636;"SPRF-BA";"DEL06-BA";"UOP01-DEL06-BA"
484764;2022-11-04;"sexta-feira";"14:15:00";"SP";116;142,8;"SAO JOSE DOS CAMPOS";"Entrada inopinada do pedestre";"Atropelamento de Pedestre";"Com Vítimas Fatais";"Pleno dia";"Decrescente";"Céu Claro";"Dupla";"Reta";"Sim";4;1;0;0;1;2;0;3;-23,17426078;-45,82940111;"SPRF-SP";"DEL02-SP";"UOP01-DEL02-SP"
484769;2022-11-04;"sexta-feira";"15:00:00";"SC";470;141,9;"RIO DO SUL";"Desrespeitar a preferência no cruzamento";"Colisão transversal";"Com Vítimas Feridas";"Pleno dia";"Decrescente";"Sol";"Simples";"Reta";"Sim";3;0;1;0;1;1;1;3;-27,226065;-49,666161;"SPRF-SC";"DEL04-SC";"UOP02-DEL04-SC"
484775;2022-10-06;"quinta-feira";"07:40:00";"RS";470;240;"CARLOS BARBOSA";"Transitar na contramão";"Colisão frontal";"Com Vítimas Feridas";"Pleno dia";"Crescente";"Garoa/Chuvisco";"Simples";"Curva";"Não";4;0;3;0;1;0;3;3;-29,33853872;-51,5054282;"SPRF-RS";"DEL06-RS";"UOP01-DEL06-RS"
484784;2022-11-04;"sexta-feira";"15:40:00";"SP";116;225;"GUARULHOS";"Reação tardia ou ineficiente do condutor";"Colisão traseira";"Sem Vítimas";"Pleno dia";"Crescente";"Céu Claro";"Múltipla";"Reta";"Sim";3;0;0;0;3;0;0;2;-23,48586772;-46,54075317;"SPRF-SP";"DEL01-SP";"UOP01-DEL01-SP"
484785;2022-10-27;"quinta-feira";"18:30:00";"PE";101;72;"RECIFE";"Manobra de mudança de faixa";"Colisão com objeto";"Sem Vítimas";"Plena Noite";"Decrescente";"Céu Claro";"Dupla";"Curva";"Sim";1;0;0;0;1;0;0;1;-8,08493106;-34,9450639;"SPRF-PE";"DEL01-PE";"UOP01-DEL01-PE"
484788;2022-11-04;"sexta-feira";"11:10:00";"MG";381;478;"CONTAGEM";"Manobra de mudança de faixa";"Colisão lateral mesmo sentido";"Com Vítimas Feridas";"Pleno dia";"Crescente";"Céu Claro";"Dupla";"Reta";"Sim";5;0;0;1;1;3;1;4;-19,95826094;-44,05921101;"SPRF-MG";"DEL01-MG";"UOP03-DEL01-MG"
484791;2022-11-04;"sexta-feira";"16:00:00";"MG";381;908,2;"CAMBUI";"Curva acentuada";"Tombamento";"Com Vítimas Feridas";"Pleno dia";"Decrescente";"Céu Claro";"Dupla";"Curva";"Não";2;0;1;0;0;1;1;2;-22,71744092;-46,12652111;"SPRF-MG";"DEL16-MG";"UOP03-DEL16-MG"
484794;2022-11-04;"sexta-feira";"16:25:00";"MG";40;609,3;"CONGONHAS";"Retorno proibido";"Colisão transversal";"Com Vítimas Feridas";"Pleno dia";"Decrescente";"Céu Claro";"Simples";"Reta";"Não";2;0;1;0;1;0;1;2;-20,500275;-43,837691;"SPRF-MG";"DEL05-MG";"UOP02-DEL05-MG"
484801;2022-11-04;"sexta-feira";"15:50:00";"MG";262;124,7;"RIO CASCA";"Pista esburacada";"Colisão transversal";"Com Vítimas Feridas";"Pleno dia";"Decrescente";"Nublado";"Simples";"Curva";"Não";4;0;1;2;1;0;3;2;-20,19688226;-42,68214226;"SPRF-MG";"DEL03-MG";"UOP03-DEL03-MG"
484802;2022-11-04;"sexta-feira";"16:30:00";"MG";40;511,9;"RIBEIRAO DAS NEVES";"Manobra de mudança de faixa";"Colisão lateral mesmo sentido";"Com Vítimas Feridas";"Anoitecer";"Decrescente";"Céu Claro";"Dupla";"Reta;Aclive";"Não";3;0;1;0;1;1;1;3;-19,78164295;-44,11733194;"SPRF-MG";"DEL01-MG";"UOP02-DEL01-MG"
484809;2022-11-04;"sexta-feira";"16:30:00";"PR";376;84;"GUAIRACA";"Ausência de reação do condutor";"Colisão transversal";"Com Vítimas Feridas";"Pleno dia";"Decrescente";"Sol";"Simples";"Interseção de Vias";"Não";3;0;2;0;1;0;2;2;-22,97308539;-52,61369807;"SPRF-PR";"DEL09-PR";"UOP02-DEL09-PR"
484824;2022-11-04;"sexta-feira";"18:30:00";"PE";232;65;"RECIFE";"Carga excessiva e/ou mal acondicionada";"Colisão lateral mesmo sentido";"Sem Vítimas";"Plena Noite";"Decrescente";"Céu Claro";"Dupla";"Reta";"Sim";4;0;0;0;3;1;0;3;-8,031535;-34,942487;"SPRF-PE";"DEL02-PE";"UOP02-DEL02PE"
484829;2022-11-04;"sexta-feira";"19:20:00";"MG";40;806;"MATIAS BARBOSA";"Condutor deixou de manter distância do veículo da frente";"Colisão traseira";"Com Vítimas Feridas";"Plena Noite";"Decrescente";"Céu Claro";"Dupla";"Aclive";"Não";3;0;0;1;1;3;1;5;-21,86659197;-43,361643;"SPRF-MG";"DEL05-MG";"UOP01-DEL05-MG"
484835;2022-11-04;"sexta-feira";"19:40:00";"RS";392;352;"SANTA MARIA";"Iluminação deficiente";"Atropelamento de Pedestre";"Com Vítimas Feridas";"Plena Noite";"Decrescente";"Céu Claro";"Dupla";"Reta;Em Obras";"Sim";3;0;1;0;0;2;1;3;-29,71582404;-53,80996227;"SPRF-RS";"DEL09-RS";"UOP01-DEL09-RS"
484836;2022-11-04;"sexta-feira";"17:10:00";"PA";316;82;"SAO FRANCISCO DO PARA";"Transitar na contramão";"Colisão frontal";"Com Vítimas Fatais";"Anoitecer";"Crescente";"Chuva";"Simples";"Reta";"Não";8;1;0;5;1;3;5;7;-1,30709738;-47,76215689;"SPRF-PA";"DEL01-PA";"UOP02-DEL01-PA"
484842;2022-11-04;"sexta-feira";"15:00:00";"MA";222;212;"ITAPECURU MIRIM";"Reação tardia ou ineficiente do condutor";"Colisão frontal";"Com Vítimas Feridas";"Pleno dia";"Decrescente";"Nublado";"Simples";"Reta";"Sim";3;0;0;2;1;0;2;2;-3,36930695;-44,39109197;"SPRF-MA";"DEL01-MA";"UOP02-DEL01-MA"
484845;2022-10-18;"terça-feira";"20:30:00";"PA";230;1113;"ITAITUBA";"Reação tardia ou ineficiente do condutor";"Tombamento";"Sem Vítimas";"Plena Noite";"Decrescente";"Ignorado";"Simples";"Curva";"Não";2;0;0;0;1;1;0;2;-4,34481903;-55,78267997;"SPRF-PA";"DEL05-PA";"UOP01-DEL05-PA"