"id";"data_inversa";"dia_semana";"horario";"uf";"br";"km";"municipio";"causa_acidente";"tipo_acidente";"classificacao_acidente";"fase_dia";"sentido_via";"condicao_metereologica";"tipo_pista";"tracado_via";"uso_solo";"pessoas";"mortos";"feridos_leves";"feridos_graves";"ilesos";"ignorados";"feridos";"veiculos";"latitude";"longitude";"regional";"delegacia";"uop"
484853;2022-11-04;"sexta-feira";"14:00:00";"PR";476;313,9;"PAULO FRONTIN";"Velocidade Incompatível";"Saída de leito carroçável";"Com Vítimas Feridas";"Pleno dia";"Decrescente";"Sol";"Simples";"Curva";"Não";2;0;1;0;0;1;1;2;-26,04605732;-50,70518062;"SPRF-PR";"DEL02-PR";"UOP03-DEL02-PR"
484863;2022-11-04;"sexta-feira";"20:40:00";"RN";101;146;"GOIANINHA";"Ausência de reação do condutor";"Saída de leito carroçável";"Sem Vítimas";"Plena Noite";"Decrescente";"Céu Claro";"Dupla";"Reta";"Sim";2;0;0;0;1;1;0;2;-6,25332906;-35,21460513;"SPRF-RN";"DEL01-RN";"UOP01-DEL01-RN"
484866;2022-11-04;"sexta-feira";"22:20:00";"MG";365;178;"BURITIZEIRO";"Velocidade Incompatível";"Tombamento";"Com Vítimas Feridas";"Plena Noite";"Decrescente";"Nublado";"Simples";"Reta";"Não";1;0;1;0;0;0;1;1;-17,40719309;-45,06977597;"SPRF-MG";"DEL12-MG";"UOP01-DEL12-MG"
484867;2022-11-04;"sexta-feira";"20:30:00";"BA";116;794,4;"PLANALTO";"Chuva";"Colisão traseira";"Com Vítimas Feridas";"Plena Noite";"Crescente";"Chuva";"Simples";"Reta";"Não";6;0;4;0;1;1;4;3;-14,72029;-40,62091;"SPRF-BA";"DEL08-BA";"UOP02-DEL08-BA"
484875;2022-11-04;"sexta-feira";"22:40:00";"SP";116;321;"JUQUITIBA";"Reação tardia ou ineficiente do condutor";"Tombamento";"Com Vítimas Fatais";"Plena Noite";"Decrescente";"Céu Claro";"Dupla";"Reta";"Não";3;1;0;0;0;2;0;3;-23,934612;-47,01729;"SPRF-SP";"DEL04-SP";"UOP03-DEL04-SP"
484880;2022-11-04;"sexta-feira";"23:10:00";"PR";376;218,2;"JANDAIA DO SUL";"Desrespeitar a preferência no cruzamento";"Colisão transversal";"Com Vítimas Feridas";"Plena Noite";"Crescente";"Céu Claro";"Simples";"Interseção de Vias;Reta";"Sim";3;0;0;1;1;2;1;4;-23,588165;-51,64554;"SPRF-PR";"DEL09-PR";"UOP01-DEL09-PR"
484884;2022-11-05;"sábado";"01:00:00";"MG";40;395,7;"CURVELO";"Conversão proibida";"Colisão lateral mesmo sentido";"Com Vítimas Feridas";"Plena Noite";"Decrescente";"Céu Claro";"Simples";"Curva";"Não";3;0;1;0;1;2;1;4;-18,99718895;-44,66139058;"SPRF-MG";"DEL02-MG";"UOP01-DEL02-MG"
484885;2022-11-05;"sábado";"00:50:00";"PE";232;5;"RECIFE";"Transitar no acostamento";"Tombamento";"Com Vítimas Feridas";"Plena Noite";"Crescente";"Céu Claro";"Simples";"Reta";"Não";2;0;0;1;0;1;1;2;-8,06795766;-34,94535414;"SPRF-PE";"DEL01-PE";"UOP01-DEL01-PE"
484887;2022-11-05;"sábado";"01:35:00";"MG";459;86;"CONGONHAL";"Acessar a via sem observar a presença dos outros veículos";"Colisão transversal";"Com Vítimas Feridas";"Plena Noite";"Crescente";"Céu Claro";"Simples";"Reta";"Não";2;0;1;0;0;1;1;2;-22,149164;-46,021377;"SPRF-MG";"DEL09-MG";"UOP01-DEL09-MG"
484892;2022-11-05;"sábado";"01:10:00";"SP";116;104,3;"TAUBATE";"Ausência de reação do condutor";"Colisão traseira";"Com Vítimas Feridas";"Plena Noite";"Decrescente";"Nublado";"Dupla";"Reta";"Não";3;0;0;1;1;1;1;3;-23,00340176;-45,50626912;"SPRF-SP";"DEL02-SP";"UOP02-DEL02-SP"
484895;2022-11-05;"sábado";"02:30:00";"SP";116;312;"SAO LOURENCO DA SERRA";"Entrada inopinada do pedestre";"Atropelamento de Pedestre";"Com Vítimas Fatais";"Plena Noite";"Crescente";"Céu Claro";"Dupla";"Reta";"Não";2;1;0;0;1;0;0;2;-23,88342825;-46,97368879;"SPRF-SP";"DEL04-SP";"UOP01-DEL04-SP"
484901;2022-11-05;"sábado";"04:00:00";"SC";470;54,6;"BLUMENAU";"Ingestão de álcool pelo condutor";"Colisão transversal";"Sem Vítimas";"Amanhecer";"Decrescente";"Céu Claro";"Simples";"Rotatória";"Sim";3;0;0;0;1;2;0;3;-26,871065;-49,110374;"SPRF-SC";"DEL04-SC";"UOP01-DEL04-SC"
484906;2022-11-05;"sábado";"04:30:00";"SP";116;72;"APARECIDA";"Manobra de mudança de faixa";"Colisão traseira";"Com Vítimas Feridas";"Plena Noite";"Crescente";"Nublado";"Múltipla";"Aclive";"Sim";4;0;3;0;0;1;3;2;-22,86354218;-45,23746093;"SPRF-SP";"DEL08-SP";"UOP01-DEL08-SP"
484909;2022-11-05;"sábado";"03:00:00";"MG";364;27,8;"FRUTAL";"Carga excessiva e/ou mal acondicionada";"Saída de leito carroçável";"Com Vítimas Feridas";"Plena Noite";"Crescente";"Céu Claro";"Dupla";"Curva";"Sim";1;0;1;0;0;0;1;1;-20,02218;-48,898737;"SPRF-MG";"DEL13-MG";"UOP02-DEL13-MG"
484912;2022-11-03;"quinta-feira";"13:15:00";"SC";158;109,5;"CUNHA PORA";"Condutor deixou de manter distância do veículo da frente";"Colisão traseira";"Com Vítimas Feridas";"Pleno dia";"Crescente";"Céu Claro";"Simples";"Curva";"Não";3;0;1;0;1;1;1;3;-26,88165557;-53,1746006;"SPRF-SC";"DEL07-SC";"UOP02-DEL07-SC"
484914;2022-11-05;"sábado";"03:20:00";"AL";316;185;"TANQUE DARCA";"Reação tardia ou ineficiente do condutor";"Tombamento";"Com Vítimas Feridas";"Plena Noite";"Crescente";"Chuva";"Simples";"Curva";"Não";1;0;1;0;0;0;1;1;-9,58713085;-36,45173077;"SPRF-AL";"DEL03-AL";"UOP01-DEL03-AL"
484915;2022-11-05;"sábado";"05:58:00";"TO";153;659;"GURUPI";"Frear bruscamente";"Tombamento";"Com Vítimas Feridas";"Amanhecer";"Crescente";"Céu Claro";"Simples";"Reta";"Não";2;0;1;0;0;1;1;2;-11,61367288;-49,04469534;"SPRF-TO";"DEL01-TO";"UOP02-DEL01-TO"
484916;2022-11-05;"sábado";"06:00:00";"ES";101;361;"ANCHIETA";"Velocidade Incompatível";"Tombamento";"Com Vítimas Feridas";"Pleno dia";"Decrescente";"Céu Claro";"Simples";"Curva";"Não";2;0;1;0;0;1;1;2;-20,71074392;-40,72242606;"SPRF-ES";"DEL03-ES";"UOP01-DEL03-ES"
484924;2022-11-05;"sábado";"04:00:00";"BA";116;418;"FEIRA DE SANTANA";"Transitar na contramão";"Colisão lateral sentido oposto";"Sem Vítimas";"Plena Noite";"Decrescente";"Céu Claro";"Dupla";"Reta";"Sim";2;0;0;0;2;0;0;2;-12,20812872;-38,96581829;"SPRF-BA";"DEL02-BA";"UOP01-DEL02-BA"
484925;2022-10-19;"quarta-feira";"02:30:00";"MT";158;493;"CANARANA";"Demais falhas mecânicas ou elétricas";"Incêndio";"Sem Vítimas";"Plena Noite";"Crescente";"Céu Claro";"Simples";"Reta";"Não";1;0;0;0;1;0;0;1;-13,44728425;-51,94161853;"SPRF-MT";"DEL07-MT";"UOP02-DEL07-MT"
484932;2022-04-24;"domingo";"00:30:00";"PR";277;39;"MORRETES";"Reação tardia ou ineficiente do condutor";"Tombamento";"Com Vítimas Feridas";"Plena Noite";"Decrescente";"Céu Claro";"Dupla";"Curva";"Não";2;0;0;1;0;1;1;2;-25,571233;-48,817137;"SPRF-PR";"DEL01-PR";"UOP05-DEL01-PR"
484940;2022-11-05;"sábado";"06:10:00";"MG";262;445;"NOVA SERRANA";"Acessar a via sem observar a presença dos outros veículos";"Colisão lateral mesmo sentido";"Com Vítimas Feridas";"Pleno dia";"Decrescente";"Céu Claro";"Dupla";"Reta";"Sim";4;0;2;0;1;1;2;3;-19,87799664;-44,94086286;"SPRF-MG";"DEL08-MG";"UOP03-DEL08-MG"
484942;2022-11-05;"sábado";"03:00:00";"PA";163;843;"PLACAS";"Condutor Dormindo";"Tombamento";"Com Vítimas Fatais";"Plena Noite";"Crescente";"Ignorado";"Simples";"Curva";"Não";2;1;0;0;0;1;0;2;-3,69422005;-54,82604889;"SPRF-PA";"DEL05-PA";"UOP01-DEL05-PA"
484943;2022-11-05;"sábado";"08:25:00";"PE";423;75,6;"JUPI";"Velocidade Incompatível";"Tombamento";"Com Vítimas Fatais";"Pleno dia";"Crescente";"Nublado";"Simples";"Declive";"Não";3;1;0;1;0;1;1;2;-8,72817813;-36,43180132;"SPRF-PE";"DEL03-PE";"UOP01-DEL03-PE"
484944;2022-11-03;"quinta-feira";"15:00:00";"GO";452;20;"RIO VERDE";"Manobra de mudança de faixa";"Tombamento";"Sem Vítimas";"Pleno dia";"Crescente";"Céu Claro";"Dupla";"Declive;Curva";"Não";2;0;0;0;1;2;0;3;-17,8687406;-50,73337771;"SPRF-GO";"DEL04-GO";"UOP01-DEL04-GO"
484945;2022-09-06;"terça-feira";"16:40:00";"RJ";393;237;"VASSOURAS";"Acessar a via sem observar a presença dos outros veículos";"Colisão transversal";"Com Vítimas Feridas";"Pleno dia";"Crescente";"Céu Claro";"Simples";"Reta";"Sim";2;0;1;0;1;0;1;2;-22,42232231;-43,6876077;"SPRF-RJ";"DEL05-RJ";"UOP03-DEL05-RJ"
484946;2022-10-21;"sexta-feira";"04:15:00";"MG";153;58,2;"MONTE ALEGRE DE MINAS";"Ausência de reação do condutor";"Colisão transversal";"Com Vítimas Fatais";"Amanhecer";"Crescente";"Chuva";"Dupla";"Interseção de Vias";"Não";3;1;0;0;1;12;0;14;-18,878386;-49,056637;"SPRF-MG";"DEL15-MG";"UOP03-DEL15-MG"
484948;2022-11-05;"sábado";"09:47:00";"ES";101;258,3;"SERRA";"Trafegar com motocicleta (ou similar) entre as faixas";"Colisão lateral mesmo sentido";"Com Vítimas Fatais";"Pleno dia";"Decrescente";"Céu Claro";"Dupla";"Aclive;Reta";"Sim";4;1;0;0;1;3;0;5;-20,13059888;-40,2961019;"SPRF-ES";"DEL02-ES";"UOP01-DEL02-ES"
484949;2022-11-05;"sábado";"08:55:00";"RS";386;14,9;"FREDERICO WESTPHALEN";"Velocidade Incompatível";"Colisão lateral sentido oposto";"Com Vítimas Feridas";"Pleno dia";"Decrescente";"Céu Claro";"Simples";"Curva";"Não";4;0;1;0;1;5;1;7;-27,239553;-53,328884;"SPRF-RS";"DEL08-RS";"UOP02-DEL08-RS"
484951;2022-11-05;"sábado";"05:20:00";"BA";242;322;"LAJEDINHO";"Acumulo de óleo sobre o pavimento";"Tombamento";"Com Vítimas Feridas";"Pleno dia";"Crescente";"Chuva";"Simples";"Reta";"Não";8;0;4;0;3;2;4;6;-12,46792208;-41,07564926;"SPRF-BA";"DEL06-BA";"UOP01-DEL06-BA"
484955;2022-11-05;"sábado";"06:30:00";"MG";116;519;"CARATINGA";"Velocidade Incompatível";"Saída de leito carroçável";"Com Vítimas Feridas";"Amanhecer";"Decrescente";"Céu Claro";"Simples";"Curva";"Não";2;0;1;0;0;1;1;2;-19,71798497;-42,12830605;"SPRF-MG";"DEL06-MG";"UOP02-DEL06-MG"
484956;2022-11-05;"sábado";"09:00:00";"PE";104;74,4;"CARUARU";"Reação tardia ou ineficiente do condutor";"Colisão traseira";"Com Vítimas Feridas";"Pleno dia";"Decrescente";"Nublado";"Simples";"Reta";"Não";7;0;1;3;2;1;4;3;-8,349874;-35,985184;"SPRF-PE";"DEL02-PE";"UOP01-DEL02-PE"
484959;2022-11-05;"sábado";"07:19:00";"MG";381;722,5;"CARMO DA CACHOEIRA";"Velocidade Incompatível";"Tombamento";"Com Vítimas Feridas";"Pleno dia";"Decrescente";"Céu Claro";"Dupla";"Declive";"Não";2;0;1;0;0;1;1;2;-21,43477402;-45,20831108;"SPRF-MG";"DEL04-MG";"UOP02-DEL04-MG"
484960;2022-10-31;"segunda-feira";"01:50:00";"SC";470;173;"POUSO REDONDO";"Condutor deixou de manter distância do veículo da frente";"Colisão traseira";"Com Vítimas Feridas";"Plena Noite";"Decrescente";"Céu Claro";"Simples";"Reta";"Não";2;0;0;1;1;0;1;2;-27,25984;-49,919285;"SPRF-SC";"DEL04-SC";"UOP02-DEL04-SC"
484961;2022-11-05;"sábado";"09:14:00";"SC";280;67,2;"JARAGUA DO SUL";"Transitar no acostamento";"Colisão traseira";"Com Vítimas Feridas";"Pleno dia";"Decrescente";"Céu Claro";"Simples";"Reta";"Sim";2;0;0;1;1;0;1;2;-26,4775146;-49,10363575;"SPRF-SC";"DEL03-SC";"UOP03-DEL03-SC"
484965;2022-11-05;"sábado";"10:20:00";"PR";476;142;"CURITIBA";"Ausência de reação do condutor";"Colisão traseira";"Com Vítimas Feridas";"Pleno dia";"Decrescente";"Céu Claro";"Dupla";"Reta";"Sim";3;0;2;0;1;0;2;2;-25,537161;-49,301632;"SPRF-PR";"DEL01-PR";"UOP03-DEL01-PR"
484970;2022-11-05;"sábado";"11:10:00";"SP";153;201,3;"GETULINA";"Ultrapassagem Indevida";"Colisão lateral sentido oposto";"Com Vítimas Feridas";"Pleno dia";"Decrescente";"Céu Claro";"Simples";"Declive";"Não";4;0;1;0;2;1;1;3;-21,82878495;-49,90313344;"SPRF-SP";"DEL07-SP";"UOP01-DEL07-SP"
484971;2022-11-05;"sábado";"11:20:00";"MG";116;265;"TEOFILO OTONI";"Acesso irregular";"Colisão transversal";"Com Vítimas Feridas";"Pleno dia";"Crescente";"Céu Claro";"Simples";"Curva";"Não";4;0;2;0;1;1;2;3;-17,762903;-41,50256799;"SPRF-MG";"DEL11-MG";"UOP01-DEL11-MG"
484981;2022-11-05;"sábado";"12:45:00";"RS";392;120,7;"CANGUCU";"Desrespeitar a preferência no cruzamento";"Colisão transversal";"Com Vítimas Feridas";"Pleno dia";"Crescente";"Céu Claro";"Simples";"Rotatória";"Não";5;0;3;0;1;2;3;4;-31,39134151;-52,69918993;"SPRF-RS";"DEL07-RS";"UOP01-DEL07-RS"
484982;2022-11-05;"sábado";"13:45:00";"SP";381;41;"ATIBAIA";"Condutor Dormindo";"Colisão lateral mesmo sentido";"Sem Vítimas";"Pleno dia";"Decrescente";"Céu Claro";"Dupla";"Reta";"Sim";3;0;0;0;2;1;0;3;-23,13863999;-46,57584088;"SPRF-SP";"DEL03-SP";"UOP01-DEL03-SP"
484988;2022-11-05;"sábado";"14:05:00";"RJ";101;60,5;"CAMPOS DOS GOYTACAZES";"Condutor desrespeitou a iluminação vermelha do semáforo";"Colisão transversal";"Com Vítimas Feridas";"Pleno dia";"Decrescente";"Céu Claro";"Simples";"Reta";"Sim";6;0;3;0;2;1;3;4;-21,72474971;-41,31996632;"SPRF-RJ";"DEL08-RJ";"UOP01-DEL08-RJ"
484993;2022-11-05;"sábado";"14:20:00";"PR";153;27;"JACAREZINHO";"Manobra de mudança de faixa";"Saída de leito carroçável";"Com Vítimas Feridas";"Pleno dia";"Crescente";"Céu Claro";"Simples";"Curva";"Não";5;0;1;1;2;1;2;3;-23,20965194;-49,98695323;"SPRF-PR";"DEL07-PR";"UOP04-DEL07-PR"
484999;2022-11-04;"sexta-feira";"17:00:00";"PA";222;124;"RONDON DO PARA";"Carga excessiva e/ou mal acondicionada";"Derramamento de carga";"Sem Vítimas";"Pleno dia";"Crescente";"Céu Claro";"Simples";"Declive;Curva";"Não";3;0;0;0;1;2;0;3;-4,852596;-48,215118;"SPRF-PA";"DEL02-PA";"UOP02-DEL02-PA"
485003;2022-11-05;"sábado";"13:03:00";"MT";158;633,5;"NOVA XAVANTINA";"Curva acentuada";"Tombamento";"Com Vítimas Feridas";"Pleno dia";"Crescente";"Sol";"Simples";"Curva";"Não";2;0;1;0;0;2;1;3;-14,53691046;-52,32954037;"SPRF-MT";"DEL07-MT";"UOP02-DEL07-MT"
485009;2022-11-05;"sábado";"14:20:00";"MG";381;404;"BOM JESUS DO AMPARO";"Ausência de reação do condutor";"Colisão traseira";"Com Vítimas Feridas";"Pleno dia";"Crescente";"Nublado";"Dupla";"Reta";"Não";3;0;0;1;1;1;1;3;-19,7490622;-43,54398027;"SPRF-MG";"DEL01-MG";"UOP01-DEL01-MG"
485010;2022-11-05;"sábado";"16:05:00";"GO";40;7;"VALPARAISO DE GOIAS";"Acessar a via sem observar a presença dos outros veículos";"Colisão traseira";"Com Vítimas Feridas";"Pleno dia";"Crescente";"Céu Claro";"Dupla";"Retorno Regulamentado";"Sim";2;0;0;1;1;0;1;2;-16,108482;-47,972524;"SPRF-DF";"DEL01-DF";"UOP01-DEL01-DF"
485017;2022-11-05;"sábado";"13:30:00";"PI";135;426;"MONTE ALEGRE DO PIAUI";"Reação tardia ou ineficiente do condutor";"Saída de leito carroçável";"Com Vítimas Feridas";"Pleno dia";"Crescente";"Garoa/Chuvisco";"Simples";"Curva";"Não";2;0;1;0;0;2;1;3;-9,51154295;-44,74040671;"SPRF-PI";"DEL03-PI";"UOP02-DEL03-PI"
485018;2022-11-05;"sábado";"15:30:00";"MT";364;349;"SANTO ANTONIO DO LEVERGER";"Problema com o freio";"Tombamento";"Com Vítimas Feridas";"Pleno dia";"Crescente";"Céu Claro";"Dupla";"Curva;Declive";"Não";3;0;1;0;1;3;1;5;-15,80502622;-55,5546431;"SPRF-MT";"DEL05-MT";"UOP02-DEL05-MT"
485019;2022-11-05;"sábado";"16:00:00";"MG";381;378;"SAO GONCALO DO RIO ABAIXO";"Condutor Dormindo";"Tombamento";"Sem Vítimas";"Pleno dia";"Crescente";"Nublado";"Simples";"Curva";"Não";2;0;0;0;1;1;0;2;-19,83376284;-43,36060015;"SPRF-MG";"DEL01-MG";"UOP01-DEL01-MG"
485038;2022-11-05;"sábado";"18:45:00";"BA";116;632;"JAGUAQUARA";"Acessar a via sem observar a presença dos outros veículos";"Colisão transversal";"Com Vítimas Feridas";"Plena Noite";"Decrescente";"Garoa/Chuvisco";"Simples";"Reta";"Sim";6;0;2;0;3;1;2;3;-13,46756485;-40,03652534;"SPRF-BA";"DEL03-BA";"UOP01-DEL03-BA"
485046;2022-11-05;"sábado";"16:30:00";"BA";101;399;"IBIRAPITANGA";"Curva acentuada";"Colisão frontal";"Com Vítimas Feridas";"Pleno dia";"Decrescente";"Chuva";"Simples";"Curva";"Não";4;0;2;0;1;1;2;3;-14,08645601;-39,37944903;"SPRF-BA";"DEL05-BA";"UOP03-DEL05-BA"
485056;2022-11-05;"sábado";"18:00:00";"MG";262;443,9;"NOVA SERRANA";"Acessar a via sem observar a presença dos outros veículos";"Colisão transversal";"Com Vítimas Feridas";"Anoitecer";"Crescente";"Céu Claro";"Dupla";"Reta";"Sim";3;0;0;1;1;1;1;3;-19,88065393;-44,92197102;"SPRF-MG";"DEL08-MG";"UOP03-DEL08-MG"
485062;2022-11-05;"sábado";"21:00:00";"MG";40;486;"SETE LAGOAS";"Reação tardia ou ineficiente do condutor";"Colisão traseira";"Com Vítimas Feridas";"Plena Noite";"Decrescente";"Céu Claro";"Dupla";"Reta";"Não";4;0;1;0;2;1;1;3;-19,59064511;-44,22670625;"SPRF-MG";"DEL02-MG";"UOP01-DEL02-MG"
485071;2022-11-05;"sábado";"21:22:00";"SC";280;38,3;"ARAQUARI";"Ingestão de álcool pelo condutor";"Colisão com objeto";"Sem Vítimas";"Pleno dia";"Decrescente";"Nublado";"Simples";"Ponte";"Não";2;0;0;0;2;0;0;2;-26,44812855;-48,82794004;"SPRF-SC";"DEL03-SC";"UOP03-DEL03-SC"
485078;2022-11-05;"sábado";"19:50:00";"MG";381;633,5;"OLIVEIRA";"Avarias e/ou desgaste excessivo no pneu";"Incêndio";"Sem Vítimas";"Plena Noite";"Decrescente";"Céu Claro";"Dupla";"Aclive;Reta";"Não";2;0;0;0;1;1;0;2;-20,86933705;-44,84336892;"SPRF-MG";"DEL04-MG";"UOP01-DEL04-MG"
485083;2022-11-05;"sábado";"23:15:00";"PI";343;591,8;"FLORIANO";"Acessar a via sem observar a presença dos outros veículos";"Colisão lateral mesmo sentido";"Com Vítimas Feridas";"Plena Noite";"Decrescente";"Nublado";"Dupla";"Reta";"Sim";4;0;1;0;3;0;1;2;-6,77810564;-43,03108692;"SPRF-PI";"DEL03-PI";"UOP01-DEL03-PI"
485090;2022-11-06;"domingo";"02:00:00";"MT";364;0,9;"ALTO ARAGUAIA";"Transitar na contramão";"Colisão frontal";"Com Vítimas Feridas";"Plena Noite";"Crescente";"Céu Claro";"Simples";"Reta";"Não";2;0;0;1;1;0;1;2;-17,31871;-53,211903;"SPRF-MT";"DEL02-MT";"UOP02-DEL02-MT"
485093;2022-11-05;"sábado";"17:00:00";"MT";163;647;"LUCAS DO RIO VERDE";"Manobra de mudança de faixa";"Colisão lateral sentido oposto";"Com Vítimas Fatais";"Pleno dia";"Crescente";"Céu Claro";"Simples";"Reta";"Não";8;1;2;1;3;7;3;11;-13,403;-56,086;"SPRF-MT";"DEL06-MT";"UOP02-DEL06-MT"
485096;2022-11-06;"domingo";"03:30:00";"DF";20;9;"BRASILIA";"Acessar a via sem observar a presença dos outros veículos";"Colisão traseira";"Com Vítimas Feridas";"Plena Noite";"Crescente";"Chuva";"Dupla";"Reta";"Sim";4;0;2;0;2;0;2;2;-15,654671;-47,782917;"SPRF-DF";"DEL02-DF";"UOP01-DEL02-DF"
485108;2022-11-05;"sábado";"19:30:00";"BA";242;658;"MUQUEM DE SAO FRANCISCO";"Curva acentuada";"Tombamento";"Com Vítimas Fatais";"Plena Noite";"Decrescente";"Nublado";"Simples";"Curva";"Não";2;1;0;0;0;1;0;2;-12,20534301;-43,6267;"SPRF-BA";"DEL10-BA";"UOP02-DEL10-BA"
485111;2022-11-06;"domingo";"06:05:00";"MG";50;61,6;"UBERLANDIA";"Ingestão de álcool pelo condutor";"Saída de leito carroçável";"Com Vítimas Feridas";"Pleno dia";"Decrescente";"Céu Claro";"Dupla";"Curva;Declive";"Não";6;0;3;1;1;2;4;4;-18,81603099;-48,25003475;"SPRF-MG";"DEL15-MG";"UOP02-DEL15-MG"
485112;2022-11-06;"domingo";"03:40:00";"PI";343;279;"CAMPO MAIOR";"Reação tardia ou ineficiente do condutor";"Tombamento";"Com Vítimas Feridas";"Plena Noite";"Decrescente";"Ignorado";"Simples";"Reta";"Não";2;0;0;1;0;1;1;2;-4,913814;-42,254261;"SPRF-PI";"DEL01-PI";"UOP03-DEL01-PI"
485114;2022-11-05;"sábado";"23:15:00";"BA";116;798,9;"VITORIA DA CONQUISTA";"Condutor Dormindo";"Colisão lateral sentido oposto";"Com Vítimas Feridas";"Plena Noite";"Crescente";"Céu Claro";"Simples";"Reta";"Não";5;0;0;4;0;3;4;6;-14,70088242;-40,58375478;"SPRF-BA";"DEL08-BA";"UOP02-DEL08-BA"
485119;2022-11-06;"domingo";"06:50:00";"TO";153;675;"GURUPI";"Transitar na contramão";"Colisão frontal";"Com Vítimas Fatais";"Pleno dia";"Decrescente";"Céu Claro";"Simples";"Reta";"Não";3;1;0;0;1;1;0;3;-11,75312428;-49,09074565;"SPRF-TO";"DEL01-TO";"UOP02-DEL01-TO"
485121;2022-11-06;"domingo";"05:13:00";"MS";163;692,4;"RIO VERDE DE MATO GROSSO";"Transitar na contramão";"Colisão frontal";"Com Vítimas Fatais";"Amanhecer";"Crescente";"Céu Claro";"Simples";"Curva";"Não";3;1;1;0;0;3;1;5;-18,83821492;-54,81371664;"SPRF-MS";"DEL06-MS";"UOP01-DEL06-MS"
485128;2022-11-05;"sábado";"17:30:00";"MG";267;203,7;"BOM JARDIM DE MINAS";"Reação tardia ou ineficiente do condutor";"Tombamento";"Com Vítimas Feridas";"Anoitecer";"Decrescente";"Nublado";"Simples";"Curva";"Não";2;0;1;0;0;1;1;2;-21,93193766;-44,11060298;"SPRF-MG";"DEL05-MG";"UOP01-DEL05-MG"
485133;2022-11-06;"domingo";"05:30:00";"MT";364;333;"SANTO ANTONIO DO LEVERGER";"Ausência de reação do condutor";"Saída de leito carroçável";"Com Vítimas Feridas";"Pleno dia";"Crescente";"Céu Claro";"Dupla";"Aclive";"Não";2;0;0;1;0;3;1;4;-15,82967713;-55,43580087;"SPRF-MT";"DEL05-MT";"UOP02-DEL05-MT"
485135;2022-11-06;"domingo";"07:20:00";"RS";116;246;"SAO LEOPOLDO";"Condutor deixou de manter distância do veículo da frente";"Colisão traseira";"Sem Vítimas";"Pleno dia";"Decrescente";"Céu Claro";"Dupla";"Curva";"Sim";3;0;0;0;2;1;0;3;-29,74980902;-51,15125361;"SPRF-RS";"DEL01-RS";"UOP02-DEL01-RS"
485141;2022-11-06;"domingo";"07:54:00";"PE";101;60;"RECIFE";"Acumulo de óleo sobre o pavimento";"Colisão lateral mesmo sentido";"Com Vítimas Feridas";"Pleno dia";"Decrescente";"Chuva";"Dupla";"Curva";"Sim";4;0;1;1;1;2;2;4;-7,98344307;-34,93176727;"SPRF-PE";"DEL01-PE";"UOP02-DEL01-PE"
485143;2022-08-15;"segunda-feira";"14:20:00";"GO";20;77;"VILA BOA";"Acessar a via sem observar a presença dos outros veículos";"Atropelamento de Pedestre";"Com Vítimas Fatais";"Pleno dia";"Crescente";"Céu Claro";"Simples";"Reta";"Não";2;1;0;0;1;0;0;2;-15,110663;-47,122963;"SPRF-DF";"DEL02-DF";"UOP02-DEL02-DF"
485147;2022-11-06;"domingo";"05:00:00";"PB";230;260;"TENORIO";"Reação tardia ou ineficiente do condutor";"Saída de leito carroçável";"Sem Vítimas";"Amanhecer";"Crescente";"Céu Claro";"Simples";"Declive";"Não";1;0;0;0;0;1;0;1;-7,0033;-36,7061;"SPRF-PB";"DEL03-PB";"UOP01-DEL03-PB"
485151;2022-11-05;"sábado";"22:11:00";"MG";381;543;"ITATIAIUCU";"Ultrapassagem Indevida";"Saída de leito carroçável";"Sem Vítimas";"Plena Noite";"Decrescente";"Nublado";"Dupla";"Reta";"Não";2;0;0;0;2;0;0;2;-20,27336801;-44,42585498;"SPRF-MG";"DEL04-MG";"UOP03-DEL04-MG"
485166;2022-11-06;"domingo";"09:45:00";"PR";376;307,5;"MAUA DA SERRA";"Velocidade Incompatível";"Tombamento";"Com Vítimas Feridas";"Pleno dia";"Decrescente";"Céu Claro";"Dupla";"Curva";"Não";2;0;1;0;0;1;1;2;-23,9743171;-51,1035821;"SPRF-PR";"DEL07-PR";"UOP02-DEL07-PR"
485172;2022-11-06;"domingo";"11:25:00";"TO";153;697,9;"CARIRI DO TOCANTINS";"Condutor Dormindo";"Tombamento";"Com Vítimas Feridas";"Pleno dia";"Decrescente";"Céu Claro";"Simples";"Reta";"Não";2;0;0;1;0;1;1;2;-11,9282522;-49,18389058;"SPRF-TO";"DEL01-TO";"UOP02-DEL01-TO"
485183;2022-11-06;"domingo";"15:27:00";"BA";116;631,7;"JAGUAQUARA";"Desrespeitar a preferência no cruzamento";"Colisão transversal";"Com Vítimas Feridas";"Pleno dia";"Crescente";"Céu Claro";"Simples";"Retorno Regulamentado";"Sim";4;0;1;0;2;1;1;4;-13,5090354;-40,0546284;"SPRF-BA";"DEL03-BA";"UOP01-DEL03-BA"
485195;2022-11-06;"domingo";"16:40:00";"MG";40;470;"SETE LAGOAS";"Manobra de mudança de faixa";"Colisão lateral mesmo sentido";"Sem Vítimas";"Pleno dia";"Crescente";"Céu Claro";"Dupla";"Reta";"Não";4;0;0;0;3;1;0;3;-19,46787403;-44,29555707;"SPRF-MG";"DEL02-MG";"UOP01-DEL02-MG"
485199;2022-11-06;"domingo";"15:15:00";"SC";116;8,5;"MAFRA";"Demais falhas mecânicas ou elétricas";"Incêndio";"Sem Vítimas";"Pleno dia";"Crescente";"Céu Claro";"Simples";"Reta";"Sim";2;0;0;0;1;1;0;2;-26,15748603;-49,83898198;"SPRF-SC";"DEL06-SC";"UOP01-DEL06-SC"