"id";"data_inversa";"dia_semana";"horario";"uf";"br";"km";"municipio";"causa_acidente";"tipo_acidente";"classificacao_acidente";"fase_dia";"sentido_via";"condicao_metereologica";"tipo_pista";"tracado_via";"uso_solo";"pessoas";"mortos";"feridos_leves";"feridos_graves";"ilesos";"ignorados";"feridos";"veiculos";"latitude";"longitude";"regional";"delegacia";"uop"
485209;2022-11-06;"domingo";"16:20:00";"RJ";101;333;"RIO DE JANEIRO";"Condutor deixou de manter distância do veículo da frente";"Colisão traseira";"Com Vítimas Feridas";"Pleno dia";"Crescente";"Nublado";"Dupla";"Reta";"Sim";2;0;2;0;0;0;2;2;-22,882936;-43,215151;"SPRF-RJ";"DEL02-RJ";"UOP01-DEL02-RJ"
485211;2022-11-06;"domingo";"14:40:00";"GO";60;461;"JATAI";"Ausência de reação do condutor";"Saída de leito carroçável";"Com Vítimas Feridas";"Pleno dia";"Decrescente";"Sol";"Dupla";"Reta";"Não";3;0;1;0;2;0;1;1;-17,8741;-51,6251;"SPRF-GO";"DEL05-GO";"UOP01-DEL05-GO"
485212;2022-11-06;"domingo";"13:50:00";"MT";70;503;"CUIABA";"Afundamento ou ondulação no pavimento";"Tombamento";"Com Vítimas Feridas";"Pleno dia";"Decrescente";"Céu Claro";"Simples";"Rotatória";"Sim";2;0;1;0;0;2;1;3;-15,6713908934;-55,9481529549;"SPRF-MT";"DEL01-MT";"UOP02-DEL01-MT"
485215;2022-11-06;"domingo";"17:45:00";"TO";153;447;"BARROLANDIA";"Acessar a via sem observar a presença dos outros veículos";"Colisão traseira";"Com Vítimas Fatais";"Pleno dia";"Crescente";"Nublado";"Simples";"Declive";"Não";5;2;0;0;2;2;0;5;-9,80725418;-48,72064769;"SPRF-TO";"DEL01-TO";"UOP01-DEL01-TO"
485220;2022-11-06;"domingo";"18:50:00";"TO";153;451;"BARROLANDIA";"Transitar na contramão";"Colisão frontal";"Sem Vítimas";"Plena Noite";"Crescente";"Nublado";"Simples";"Reta";"Sim";3;0;0;0;1;2;0;3;-9,83463289;-48,72230259;"SPRF-TO";"DEL01-TO";"UOP01-DEL01-TO"
485228;2022-11-06;"domingo";"18:20:00";"MG";116;412;"GOVERNADOR VALADARES";"Ausência de reação do condutor";"Colisão lateral mesmo sentido";"Com Vítimas Fatais";"Plena Noite";"Crescente";"Céu Claro";"Dupla";"Declive";"Sim";2;1;0;0;0;1;0;2;-18,86882342;-41,97144241;"SPRF-MG";"DEL06-MG";"UOP01-DEL06-MG"
485230;2022-11-06;"domingo";"19:25:00";"SC";101;216,5;"PALHOCA";"Ultrapassagem Indevida";"Tombamento";"Com Vítimas Feridas";"Plena Noite";"Crescente";"Nublado";"Simples";"Rotatória";"Sim";1;0;1;0;0;0;1;1;-27,65981409;-48,67747798;"SPRF-SC";"DEL01-SC";"UOP02-DEL01-SC"
485257;2022-11-06;"domingo";"19:56:00";"SP";116;512;"CAJATI";"Velocidade Incompatível";"Tombamento";"Com Vítimas Feridas";"Plena Noite";"Decrescente";"Nublado";"Simples";"Curva";"Não";2;0;1;0;0;1;1;2;-24,84304306;-48,22027915;"SPRF-SP";"DEL05-SP";"UOP02-DEL05-SP"
485269;2022-11-06;"domingo";"18:30:00";"MA";316;521;"CAXIAS";"Iluminação deficiente";"Colisão traseira";"Com Vítimas Fatais";"Plena Noite";"Decrescente";"Garoa/Chuvisco";"Simples";"Reta";"Não";3;1;0;0;1;1;0;3;-4,777439;-43,593681;"SPRF-MA";"DEL03-MA";"UOP02-DEL03-MA"
485276;2022-11-06;"domingo";"22:45:00";"PR";376;590;"CURITIBA";"Reação tardia ou ineficiente do condutor";"Saída de leito carroçável";"Com Vítimas Feridas";"Plena Noite";"Decrescente";"Céu Claro";"Dupla";"Reta";"Sim";3;0;1;0;2;0;1;3;-25,45155592;-49,36237578;"SPRF-PR";"DEL01-PR";"UOP06-DEL01-PR"
485277;2022-11-06;"domingo";"23:30:00";"RJ";101;61,1;"CAMPOS DOS GOYTACAZES";"Acesso irregular";"Colisão transversal";"Com Vítimas Fatais";"Plena Noite";"Crescente";"Céu Claro";"Simples";"Reta";"Sim";4;1;0;1;1;1;1;3;-21,72655788;-41,32133519;"SPRF-RJ";"DEL08-RJ";"UOP01-DEL08-RJ"
485287;2022-11-07;"segunda-feira";"03:15:00";"RS";386;388,9;"TRIUNFO";"Pedestre andava na pista";"Atropelamento de Pedestre";"Com Vítimas Feridas";"Plena Noite";"Decrescente";"Céu Claro";"Dupla";"Reta;Declive";"Sim";3;0;1;0;1;1;1;3;-29,69501493;-51,69288397;"SPRF-RS";"DEL04-RS";"NPF/DEL04-RS"
485288;2022-11-07;"segunda-feira";"02:40:00";"MT";163;819;"SINOP";"Condutor Dormindo";"Saída de leito carroçável";"Com Vítimas Feridas";"Plena Noite";"Crescente";"Céu Claro";"Simples";"Reta";"Não";2;0;1;0;0;1;1;2;-12;-55,517;"SPRF-MT";"DEL06-MT";"NPF/DEL06-MT"
485291;2022-11-07;"segunda-feira";"03:30:00";"MG";365;168,4;"BURITIZEIRO";"Transitar na contramão";"Colisão frontal";"Com Vítimas Fatais";"Plena Noite";"Decrescente";"Céu Claro";"Simples";"Reta";"Não";3;1;0;1;1;0;1;2;-17,38542984;-44,98850414;"SPRF-MG";"DEL12-MG";"UOP01-DEL12-MG"
485292;2022-11-07;"segunda-feira";"04:30:00";"CE";222;315;"TIANGUA";"Demais falhas mecânicas ou elétricas";"Saída de leito carroçável";"Com Vítimas Fatais";"Amanhecer";"Crescente";"Nevoeiro/Neblina";"Simples";"Reta";"Não";2;1;1;0;0;0;1;1;-3,738862;-41,005386;"SPRF-CE";"DEL04-CE";"UOP02-DEL04-CE"
485298;2022-11-07;"segunda-feira";"03:00:00";"PR";467;73;"TOLEDO";"Ausência de reação do condutor";"Colisão lateral sentido oposto";"Sem Vítimas";"Plena Noite";"Crescente";"Céu Claro";"Dupla";"Reta";"Não";3;0;0;0;1;2;0;2;-24,7346722;-53,698767;"SPRF-PR";"DEL04-PR";"UOP01-DEL04-PR"
485301;2022-11-07;"segunda-feira";"07:05:00";"MG";381;526;"BRUMADINHO";"Problema na suspensão";"Tombamento";"Com Vítimas Feridas";"Amanhecer";"Decrescente";"Céu Claro";"Dupla";"Aclive;Curva";"Não";2;0;1;0;0;1;1;2;-20,16175378;-44,34144636;"SPRF-MG";"DEL04-MG";"UOP03-DEL04-MG"
485303;2022-11-07;"segunda-feira";"06:30:00";"PR";476;112;"COLOMBO";"Acessar a via sem observar a presença dos outros veículos";"Tombamento";"Com Vítimas Feridas";"Amanhecer";"Crescente";"Nublado";"Simples";"Aclive";"Não";2;0;1;0;0;1;1;2;-25,318485;-49,159;"SPRF-PR";"DEL01-PR";"UOP01-DEL01-PR"
485304;2022-10-13;"quinta-feira";"08:50:00";"RS";386;276,9;"SAO JOSE DO HERVAL";"Reação tardia ou ineficiente do condutor";"Saída de leito carroçável";"Com Vítimas Feridas";"Pleno dia";"Decrescente";"Céu Claro";"Simples";"Curva";"Não";2;0;0;1;0;1;1;2;-29,007221;-52,338665;"SPRF-RS";"DEL04-RS";"UOP03-DEL04-RS"
485314;2022-11-07;"segunda-feira";"06:35:00";"SP";116;360,4;"MIRACATU";"Velocidade Incompatível";"Tombamento";"Com Vítimas Feridas";"Amanhecer";"Decrescente";"Nublado";"Dupla";"Aclive;Curva";"Não";2;0;0;1;0;1;1;2;-24,11248793;-47,26510606;"SPRF-SP";"DEL04-SP";"UOP03-DEL04-SP"
485330;2022-11-07;"segunda-feira";"08:05:00";"PR";476;169;"CONTENDA";"Desrespeitar a preferência no cruzamento";"Colisão transversal";"Com Vítimas Fatais";"Pleno dia";"Decrescente";"Céu Claro";"Simples";"Reta;Interseção de Vias";"Sim";2;1;0;0;1;0;0;2;-25,67006396;-49,50817846;"SPRF-PR";"DEL01-PR";"UOP06-DEL01-PR"
485334;2022-11-07;"segunda-feira";"08:50:00";"SC";282;130;"CHAPECO";"Condutor usando celular";"Colisão lateral mesmo sentido";"Com Vítimas Feridas";"Pleno dia";"Crescente";"Céu Claro";"Dupla";"Reta";"Sim";3;0;1;0;1;1;1;3;-27,06298481;-52,63269061;"SPRF-SC";"DEL05-SC";"UOP01-DEL05-SC"
485344;2022-11-07;"segunda-feira";"03:00:00";"RJ";116;209;"SEROPEDICA";"Demais falhas mecânicas ou elétricas";"Incêndio";"Sem Vítimas";"Plena Noite";"Decrescente";"Chuva";"Dupla";"Reta";"Não";1;0;0;0;1;0;0;1;-22,721238;-43,681105;"SPRF-RJ";"DEL01-RJ";"UOP03-DEL01-RJ"
485348;2022-05-23;"segunda-feira";"20:15:00";"ES";101;268,9;"SERRA";"Pedestre andava na pista";"Atropelamento de Pedestre";"Com Vítimas Fatais";"Plena Noite";"Decrescente";"Nublado";"Múltipla";"Reta";"Não";4;2;0;0;1;1;0;3;-20,20842;-40,269405;"SPRF-ES";"DEL02-ES";"UOP01-DEL02-ES"
485357;2022-11-07;"segunda-feira";"07:47:00";"RO";364;14;"VILHENA";"Reação tardia ou ineficiente do condutor";"Colisão lateral mesmo sentido";"Com Vítimas Feridas";"Pleno dia";"Crescente";"Céu Claro";"Simples";"Reta";"Sim";3;0;1;0;1;1;1;3;-12,73898138;-60,13911417;"SPRF-RO";"DEL04-RO";"UOP01-DEL04-RO"
485361;2022-11-07;"segunda-feira";"10:20:00";"PR";369;441,8;"UBIRATA";"Manobra de mudança de faixa";"Colisão frontal";"Com Vítimas Fatais";"Pleno dia";"Crescente";"Sol";"Simples";"Declive";"Não";4;1;1;0;0;2;1;4;-24,5181;-52,9326;"SPRF-PR";"DEL04-PR";"UOP03-DEL04-PR"
485364;2022-11-07;"segunda-feira";"08:40:00";"SP";116;509;"CAJATI";"Velocidade Incompatível";"Colisão com objeto";"Com Vítimas Feridas";"Pleno dia";"Decrescente";"Céu Claro";"Dupla";"Curva;Aclive";"Não";3;0;1;0;1;1;1;2;-24,82178987;-48,21419034;"SPRF-SP";"DEL05-SP";"UOP02-DEL05-SP"
485365;2022-11-07;"segunda-feira";"08:30:00";"PR";280;263;"MARMELEIRO";"Ingestão de álcool pelo condutor";"Colisão frontal";"Sem Vítimas";"Plena Noite";"Crescente";"Céu Claro";"Simples";"Reta";"Não";2;0;0;0;0;2;0;2;-26,1926079;-53,08348112;"SPRF-PR";"DEL02-PR";"UOP01-DEL02-PR"
485371;2022-11-07;"segunda-feira";"11:30:00";"MG";262;521,1;"LUZ";"Acessar a via sem observar a presença dos outros veículos";"Colisão transversal";"Com Vítimas Feridas";"Pleno dia";"Crescente";"Sol";"Simples";"Em Obras;Interseção de Vias";"Sim";4;0;1;2;1;0;3;2;-19,7876765;-45,62916392;"SPRF-MG";"DEL08-MG";"UOP03-DEL08-MG"
485378;2022-11-07;"segunda-feira";"13:10:00";"PA";316;31,6;"SANTA IZABEL DO PARA";"Estacionar ou parar em local proibido";"Colisão traseira";"Com Vítimas Fatais";"Pleno dia";"Decrescente";"Céu Claro";"Dupla";"Reta";"Não";3;1;0;1;1;0;1;2;-1,3025866;-48,1965672;"SPRF-PA";"DEL01-PA";"UOP01-DEL01-PA"
485382;2022-09-28;"quarta-feira";"04:00:00";"SP";116;109;"TAUBATE";"Demais falhas mecânicas ou elétricas";"Incêndio";"Sem Vítimas";"Pleno dia";"Decrescente";"Chuva";"Dupla";"Reta";"Sim";2;0;0;0;1;1;0;2;-23,02871304;-45,54517097;"SPRF-SP";"DEL08-SP";"UOP01-DEL08-SP"
485383;2022-09-16;"sexta-feira";"08:20:00";"SC";101;38,7;"JOINVILLE";"Condutor deixou de manter distância do veículo da frente";"Engavetamento";"Com Vítimas Feridas";"Pleno dia";"Crescente";"Chuva";"Dupla";"Viaduto;Reta";"Sim";8;0;2;0;5;1;2;6;-26,25472505;-48,90561309;"SPRF-SC";"DEL03-SC";"UOP01-DEL03-SC"
485387;2022-11-07;"segunda-feira";"09:10:00";"SC";101;372;"ICARA";"Condutor Dormindo";"Colisão traseira";"Com Vítimas Feridas";"Pleno dia";"Crescente";"Céu Claro";"Dupla";"Reta";"Não";3;0;1;0;2;0;1;2;-28,70864509;-49,20924696;"SPRF-SC";"DEL02-SC";"UOP01-DEL02-SC"
485389;2022-10-27;"quinta-feira";"14:45:00";"RJ";0;0;"RIO DE JANEIRO";"Velocidade Incompatível";"Colisão lateral mesmo sentido";"Sem Vítimas";"Pleno dia";"Não Informado";"Céu Claro";"Múltipla";"Reta";"Sim";3;0;0;0;3;0;0;2;-22,82382862;-43,33047216;"SPRF-RJ";"DEL01-RJ";"N/A"
485390;2022-11-07;"segunda-feira";"15:15:00";"PE";101;46;"IGARASSU";"Reação tardia ou ineficiente do condutor";"Colisão traseira";"Com Vítimas Feridas";"Pleno dia";"Crescente";"Céu Claro";"Múltipla";"Reta";"Sim";5;0;0;2;2;1;2;4;-7,87406004;-34,90588126;"SPRF-PE";"DEL01-PE";"UOP02-DEL01-PE"
485391;2022-11-07;"segunda-feira";"15:20:00";"PR";163;175;"LINDOESTE";"Velocidade Incompatível";"Tombamento";"Com Vítimas Feridas";"Pleno dia";"Decrescente";"Céu Claro";"Dupla";"Aclive;Reta";"Não";2;0;2;0;0;0;2;1;-25,22660602;-53,59168008;"SPRF-PR";"DEL05-PR";"UOP05-DEL05-PR"
485392;2022-11-07;"segunda-feira";"03:55:00";"BA";324;533;"FEIRA DE SANTANA";"Condutor Dormindo";"Colisão traseira";"Com Vítimas Feridas";"Plena Noite";"Crescente";"Céu Claro";"Dupla";"Aclive";"Não";4;0;1;0;2;1;1;3;-12,34449694;-38,84017496;"SPRF-BA";"DEL01-BA";"UOP03-DEL01-BA"
485395;2022-11-07;"segunda-feira";"09:00:00";"RR";174;488;"BOA VISTA";"Reação tardia ou ineficiente do condutor";"Colisão traseira";"Com Vítimas Feridas";"Pleno dia";"Crescente";"Céu Claro";"Simples";"Reta";"Não";4;0;2;0;1;2;2;4;2,728907;-60,790611;"SPRF-RR";"DEL01-RR";"UOP01-DEL01-RR"
485397;2022-08-14;"domingo";"00:10:00";"PI";316;285,2;"DOM EXPEDITO LOPES";"Reação tardia ou ineficiente do condutor";"Colisão lateral mesmo sentido";"Com Vítimas Feridas";"Plena Noite";"Decrescente";"Céu Claro";"Simples";"Curva";"Não";19;0;16;2;1;0;18;2;-6,969897;-41,645135;"SPRF-PI";"DEL04-PI";"UOP01-DEL04-PI"
485400;2022-11-07;"segunda-feira";"16:00:00";"MG";267;203,9;"BOM JARDIM DE MINAS";"Reação tardia ou ineficiente do condutor";"Saída de leito carroçável";"Com Vítimas Feridas";"Pleno dia";"Decrescente";"Chuva";"Simples";"Curva;Declive";"Não";5;0;2;1;2;0;3;2;-21,93193766;-44,11060298;"SPRF-MG";"DEL05-MG";"UOP01-DEL05-MG"
485401;2022-11-07;"segunda-feira";"16:00:00";"PR";373;175,5;"PONTA GROSSA";"Reação tardia ou ineficiente do condutor";"Colisão lateral mesmo sentido";"Com Vítimas Feridas";"Pleno dia";"Crescente";"Céu Claro";"Dupla";"Curva";"Sim";2;0;0;1;1;0;1;2;-25,06380603;-50,21358132;"SPRF-PR";"DEL03-PR";"UOP01-DEL03-PR"
485415;2022-11-07;"segunda-feira";"17:30:00";"SP";116;224,4;"GUARULHOS";"Reação tardia ou ineficiente do condutor";"Colisão lateral mesmo sentido";"Com Vítimas Feridas";"Anoitecer";"Crescente";"Nublado";"Múltipla";"Reta";"Sim";3;0;1;0;1;1;1;3;-23,48071896;-46,53271603;"SPRF-SP";"DEL01-SP";"UOP01-DEL01-SP"
485425;2022-11-07;"segunda-feira";"18:40:00";"MG";50;174;"UBERABA";"Ausência de reação do condutor";"Colisão lateral mesmo sentido";"Com Vítimas Fatais";"Anoitecer";"Crescente";"Céu Claro";"Dupla";"Em Obras;Viaduto;Reta";"Sim";4;1;0;0;1;4;0;6;-19,770817;-47,973434;"SPRF-MG";"DEL13-MG";"UOP01-DEL13-MG"
485432;2022-10-24;"segunda-feira";"13:00:00";"BA";330;803,5;"JEQUIE";"Reação tardia ou ineficiente do condutor";"Saída de leito carroçável";"Sem Vítimas";"Pleno dia";"Decrescente";"Céu Claro";"Simples";"Curva";"Não";1;0;0;0;1;0;0;1;-13,96907506;-39,95788922;"SPRF-BA";"DEL03-BA";"UOP01-DEL03-BA"
485442;2022-11-07;"segunda-feira";"18:50:00";"MG";116;336,5;"CAMPANARIO";"Transitar na contramão";"Colisão frontal";"Com Vítimas Fatais";"Plena Noite";"Decrescente";"Céu Claro";"Simples";"Reta";"Não";3;1;0;0;1;1;0;3;-18,28563004;-41,74726381;"SPRF-MG";"DEL11-MG";"UOP01-DEL11-MG"
485444;2022-11-06;"domingo";"14:00:00";"MA";230;124;"PASTOS BONS";"Demais falhas mecânicas ou elétricas";"Tombamento";"Com Vítimas Feridas";"Pleno dia";"Decrescente";"Céu Claro";"Simples";"Declive;Curva";"Não";2;0;1;0;0;1;1;2;-6,55030267;-43,94863606;"SPRF-MA";"DEL05-MA";"UOP01-DEL05-MA"
485455;2022-11-07;"segunda-feira";"22:30:00";"PR";116;30;"CAMPINA GRANDE DO SUL";"Objeto estático sobre o leito carroçável";"Colisão com objeto";"Sem Vítimas";"Plena Noite";"Decrescente";"Nublado";"Dupla";"Reta";"Não";1;0;0;0;1;0;0;1;-25,108347;-48,825373;"SPRF-PR";"DEL01-PR";"UOP02-DEL01-PR"
485457;2022-11-07;"segunda-feira";"22:11:00";"GO";414;431;"ABADIANIA";"Ingestão de álcool pelo condutor";"Colisão transversal";"Com Vítimas Feridas";"Plena Noite";"Crescente";"Céu Claro";"Simples";"Reta";"Sim";3;0;1;0;1;1;1;3;-16,21405015;-48,91838475;"SPRF-GO";"DEL02-GO";"UOP01-DEL02-GO"
485460;2022-10-26;"quarta-feira";"11:40:00";"MS";158;216,3;"SELVIRIA";"Manobra de mudança de faixa";"Colisão lateral mesmo sentido";"Com Vítimas Feridas";"Pleno dia";"Decrescente";"Sol";"Simples";"Reta";"Não";2;0;1;0;0;1;1;2;-20,48792781;-51,53506406;"SPRF-MS";"DEL07-MS";"UOP01-DEL07-MS"
485463;2022-11-08;"terça-feira";"02:45:00";"SC";282;356;"CAMPOS NOVOS";"Ausência de reação do condutor";"Saída de leito carroçável";"Com Vítimas Feridas";"Plena Noite";"Decrescente";"Céu Claro";"Simples";"Curva";"Não";1;0;1;0;0;0;1;1;-27,342428;-51,340664;"SPRF-SC";"DEL07-SC";"UOP05-DEL07-SC"
485467;2022-11-08;"terça-feira";"02:30:00";"RJ";40;96;"DUQUE DE CAXIAS";"Pista Escorregadia";"Tombamento";"Com Vítimas Feridas";"Plena Noite";"Crescente";"Garoa/Chuvisco";"Simples";"Curva";"Não";1;0;1;0;0;0;1;1;-22,56876595;-43,27693723;"SPRF-RJ";"DEL01-RJ";"UOP01-DEL01-RJ"
485468;2022-11-08;"terça-feira";"03:45:00";"SP";116;22,1;"LAVRINHAS";"Reação tardia ou ineficiente do condutor";"Colisão com objeto";"Com Vítimas Feridas";"Plena Noite";"Crescente";"Nublado";"Dupla";"Reta";"Não";4;0;1;1;1;1;2;3;-22,58368521;-44,87772952;"SPRF-SP";"DEL08-SP";"UOP02-DEL08-SP"
485469;2022-11-08;"terça-feira";"04:30:00";"SP";116;230;"SAO PAULO";"Reação tardia ou ineficiente do condutor";"Tombamento";"Com Vítimas Feridas";"Amanhecer";"Decrescente";"Céu Claro";"Múltipla";"Reta";"Sim";1;0;1;0;0;0;1;1;-23,52251783;-46,5855702;"SPRF-SP";"DEL01-SP";"UOP01-DEL01-SP"
485472;2022-11-08;"terça-feira";"03:30:00";"SP";116;511;"CAJATI";"Ausência de reação do condutor";"Tombamento";"Com Vítimas Feridas";"Amanhecer";"Decrescente";"Céu Claro";"Dupla";"Curva";"Não";2;0;1;0;0;1;1;2;-24,83558399;-48,2223738;"SPRF-SP";"DEL05-SP";"UOP02-DEL05-SP"
485475;2022-11-08;"terça-feira";"05:50:00";"RN";101;104;"PARNAMIRIM";"Condutor deixou de manter distância do veículo da frente";"Colisão traseira";"Sem Vítimas";"Pleno dia";"Decrescente";"Céu Claro";"Dupla";"Reta";"Sim";2;0;0;0;2;0;0;2;-5,892745;-35,257225;"SPRF-RN";"DEL01-RN";"UOP01-DEL01-RN"
485491;2022-11-08;"terça-feira";"01:20:00";"MS";158;165;"APARECIDA DO TABOADO";"Pista esburacada";"Incêndio";"Sem Vítimas";"Plena Noite";"Decrescente";"Céu Claro";"Simples";"Reta";"Não";2;0;0;0;1;2;0;3;-20,20155964;-51,26263501;"SPRF-MS";"DEL08-MS";"UOP01-DEL08-MS"
485493;2022-11-08;"terça-feira";"07:35:00";"PI";316;77,4;"MIGUEL LEAO";"Acessar a via sem observar a presença dos outros veículos";"Colisão transversal";"Sem Vítimas";"Pleno dia";"Decrescente";"Nublado";"Simples";"Reta";"Não";2;0;0;0;2;0;0;2;-5,71848967;-42,60454112;"SPRF-PI";"DEL01-PI";"UOP02-DEL01-PI"
485495;2022-11-08;"terça-feira";"05:10:00";"PE";101;207,2;"XEXEU";"Condutor Dormindo";"Colisão com objeto";"Com Vítimas Feridas";"Amanhecer";"Crescente";"Céu Claro";"Dupla";"Reta";"Não";2;0;0;1;0;1;1;2;-8,82545377;-35,64542552;"SPRF-PE";"DEL01-PE";"UOP03-DEL01-PE"
485496;2022-11-08;"terça-feira";"09:30:00";"BA";116;358;"SERRINHA";"Reação tardia ou ineficiente do condutor";"Colisão lateral sentido oposto";"Sem Vítimas";"Pleno dia";"Crescente";"Céu Claro";"Simples";"Reta";"Não";2;0;0;0;2;0;0;2;-11,6582739;-38,99663315;"SPRF-BA";"DEL02-BA";"UOP01-DEL02-BA"
485503;2022-11-08;"terça-feira";"10:30:00";"SP";116;227;"GUARULHOS";"Reação tardia ou ineficiente do condutor";"Colisão traseira";"Com Vítimas Feridas";"Pleno dia";"Crescente";"Céu Claro";"Múltipla";"Reta";"Sim";6;0;2;0;3;1;2;3;-23,49659264;-46,55648754;"SPRF-SP";"DEL01-SP";"UOP01-DEL01-SP"
485504;2022-11-08;"terça-feira";"09:30:00";"SC";282;267,1;"SAO JOSE DO CERRITO";"Velocidade Incompatível";"Tombamento";"Com Vítimas Feridas";"Pleno dia";"Decrescente";"Nublado";"Simples";"Curva";"Não";2;0;1;0;0;1;1;2;-27,624544;-50,651848;"SPRF-SC";"DEL05-SC";"UOP02-DEL05-SC"
485514;2022-11-08;"terça-feira";"11:00:00";"SC";470;60,1;"BLUMENAU";"Condutor deixou de manter distância do veículo da frente";"Colisão traseira";"Com Vítimas Feridas";"Pleno dia";"Decrescente";"Sol";"Simples";"Reta;Rotatória";"Sim";2;0;1;0;1;0;1;2;-26,88081345;-49,16690826;"SPRF-SC";"DEL04-SC";"UOP01-DEL04-SC"
485515;2022-11-08;"terça-feira";"10:40:00";"PR";369;438;"UBIRATA";"Frear bruscamente";"Colisão traseira";"Com Vítimas Feridas";"Pleno dia";"Crescente";"Céu Claro";"Simples";"Reta";"Não";3;0;1;0;1;1;1;3;-24,5009;-52,9103;"SPRF-PR";"DEL04-PR";"UOP03-DEL04-PR"
485518;2022-11-08;"terça-feira";"06:30:00";"BA";101;947;"MUCURI";"Velocidade Incompatível";"Tombamento";"Com Vítimas Feridas";"Pleno dia";"Decrescente";"Céu Claro";"Simples";"Curva";"Não";2;0;1;0;0;1;1;2;-18,16840196;-39,91873914;"SPRF-BA";"DEL09-BA";"UOP02-DEL09-BA"
485521;2022-11-08;"terça-feira";"08:40:00";"SC";480;127,5;"CHAPECO";"Manobra de mudança de faixa";"Colisão lateral mesmo sentido";"Sem Vítimas";"Pleno dia";"Crescente";"Sol";"Dupla";"Reta";"Não";2;0;0;0;2;0;0;2;-27,03388969;-52,63368487;"SPRF-SC";"DEL07-SC";"UOP01-DEL07-SC"
485525;2022-11-08;"terça-feira";"11:45:00";"RJ";101;209,3;"CASIMIRO DE ABREU";"Velocidade Incompatível";"Tombamento";"Com Vítimas Feridas";"Pleno dia";"Decrescente";"Nublado";"Dupla";"Curva";"Não";2;0;0;1;0;1;1;2;-22,48133694;-42,22930101;"SPRF-RJ";"DEL08-RJ";"UOP04-DEL08-RJ"
485531;2022-11-08;"terça-feira";"12:50:00";"SC";470;254;"CURITIBANOS";"Demais falhas mecânicas ou elétricas";"Incêndio";"Sem Vítimas";"Pleno dia";"Decrescente";"Céu Claro";"Simples";"Curva";"Não";2;0;0;0;1;1;0;2;-27,30934;-50,610031;"SPRF-SC";"DEL05-SC";"UOP03-DEL05-SC"
485533;2022-11-08;"terça-feira";"14:05:00";"PR";272;366,6;"CAMPO MOURAO";"Ausência de reação do condutor";"Colisão lateral mesmo sentido";"Sem Vítimas";"Pleno dia";"Decrescente";"Céu Claro";"Dupla";"Reta";"Sim";3;0;0;0;3;0;0;2;-24,04891341;-52,39786506;"SPRF-PR";"DEL09-PR";"UOP03-DEL09-PR"
485537;2022-11-08;"terça-feira";"15:30:00";"BA";101;896;"CARAVELAS";"Curva acentuada";"Tombamento";"Com Vítimas Feridas";"Pleno dia";"Crescente";"Céu Claro";"Simples";"Curva";"Não";2;0;0;1;0;2;1;3;-17,74922172;-39,7634541;"SPRF-BA";"DEL09-BA";"UOP02-DEL09-BA"
485538;2022-11-08;"terça-feira";"10:00:00";"MT";70;124,4;"GENERAL CARNEIRO";"Acostamento em desnível";"Saída de leito carroçável";"Sem Vítimas";"Pleno dia";"Decrescente";"Céu Claro";"Simples";"Reta;Aclive";"Não";2;0;0;0;1;1;0;2;-15,59946241;-53,15665719;"SPRF-MT";"DEL07-MT";"UOP01-DEL07-MT"
485539;2022-11-08;"terça-feira";"16:00:00";"RJ";116;129;"MAGE";"Ultrapassagem Indevida";"Colisão com objeto";"Com Vítimas Feridas";"Pleno dia";"Decrescente";"Nublado";"Dupla";"Reta";"Não";3;0;1;0;1;1;1;3;-22,659396;-43,0910086;"SPRF-RJ";"DEL04-RJ";"UOP02-DEL04-RJ"
485542;2022-11-08;"terça-feira";"12:55:00";"RS";293;241,4;"DOM PEDRITO";"Reação tardia ou ineficiente do condutor";"Engavetamento";"Com Vítimas Feridas";"Pleno dia";"Crescente";"Céu Claro";"Simples";"Declive";"Não";7;0;1;0;4;2;1;6;-31,02422916;-54,59126507;"SPRF-RS";"DEL11-RS";"UOP03-DEL11-RS"
485543;2022-11-08;"terça-feira";"16:15:00";"PB";101;101;"ALHANDRA";"Acessar a via sem observar a presença dos outros veículos";"Colisão lateral mesmo sentido";"Com Vítimas Feridas";"Pleno dia";"Decrescente";"Céu Claro";"Dupla";"Reta";"Não";2;0;1;0;0;1;1;2;-7,27367006;-34,93816262;"SPRF-PB";"DEL01-PB";"UOP02-DEL01-PB"
485545;2022-11-08;"terça-feira";"10:15:00";"PR";163;282;"MARECHAL CANDIDO RONDON";"Ausência de reação do condutor";"Colisão lateral sentido oposto";"Com Vítimas Feridas";"Pleno dia";"Decrescente";"Céu Claro";"Simples";"Reta";"Sim";3;0;0;1;1;1;1;3;-24,56833491;-54,02001327;"SPRF-PR";"DEL06-PR";"UOP02-DEL06-PR"
485546;2022-11-08;"terça-feira";"15:30:00";"SC";101;117,3;"ITAJAI";"Transitar na contramão";"Colisão transversal";"Com Vítimas Feridas";"Pleno dia";"Crescente";"Nublado";"Dupla";"Interseção de Vias";"Não";3;0;2;0;1;0;2;3;-26,89017988;-48,72198343;"SPRF-SC";"DEL04-SC";"UOP04-DEL04-SC"
485547;2022-11-08;"terça-feira";"15:40:00";"SC";101;61;"ARAQUARI";"Reação tardia ou ineficiente do condutor";"Colisão lateral mesmo sentido";"Com Vítimas Feridas";"Pleno dia";"Decrescente";"Nublado";"Dupla";"Reta";"Não";3;0;1;0;2;0;1;3;-26,45475405;-48,77534866;"SPRF-SC";"DEL03-SC";"UOP02-DEL03-SC"