"id";"data_inversa";"dia_semana";"horario";"uf";"br";"km";"municipio";"causa_acidente";"tipo_acidente";"classificacao_acidente";"fase_dia";"sentido_via";"condicao_metereologica";"tipo_pista";"tracado_via";"uso_solo";"pessoas";"mortos";"feridos_leves";"feridos_graves";"ilesos";"ignorados";"feridos";"veiculos";"latitude";"longitude";"regional";"delegacia";"uop"
485832;2022-11-10;"quinta-feira";"04:00:00";"PI";343;302;"ALTOS";"Transitar na contramão";"Colisão frontal";"Com Vítimas Fatais";"Plena Noite";"Crescente";"Céu Claro";"Simples";"Curva";"Não";3;1;0;0;1;3;0;5;-5,017174;-42,423988;"SPRF-PI";"DEL01-PI";"UOP03-DEL01-PI"
485833;2022-11-10;"quinta-feira";"03:30:00";"MG";381;299,4;"ANTONIO DIAS";"Condutor Dormindo";"Colisão com objeto";"Com Vítimas Feridas";"Plena Noite";"Decrescente";"Nublado";"Dupla";"Curva";"Não";1;0;1;0;0;0;1;1;-19,63253785;-42,89437573;"SPRF-MG";"DEL03-MG";"UOP02-DEL03-MG"
485837;2022-11-10;"quinta-feira";"06:30:00";"RJ";40;112;"DUQUE DE CAXIAS";"Demais falhas mecânicas ou elétricas";"Colisão lateral mesmo sentido";"Com Vítimas Feridas";"Pleno dia";"Crescente";"Céu Claro";"Dupla";"Reta;Aclive";"Sim";6;0;2;0;4;0;2;5;-22,7004454;-43,29014851;"SPRF-RJ";"DEL01-RJ";"UOP01-DEL01-RJ"
485842;2022-11-09;"quarta-feira";"13:40:00";"MT";163;745;"SORRISO";"Acessar a via sem observar a presença dos outros veículos";"Colisão transversal";"Com Vítimas Feridas";"Pleno dia";"Decrescente";"Céu Claro";"Simples";"Reta";"Sim";3;0;1;0;2;0;1;2;-12,60377;-55,751962;"SPRF-MT";"DEL06-MT";"UOP02-DEL06-MT"
485845;2022-11-10;"quinta-feira";"07:00:00";"MG";40;514;"RIBEIRAO DAS NEVES";"Trafegar com motocicleta (ou similar) entre as faixas";"Colisão lateral mesmo sentido";"Com Vítimas Feridas";"Pleno dia";"Crescente";"Céu Claro";"Dupla";"Reta";"Não";3;0;1;0;1;1;1;3;-19,80151928;-44,10000333;"SPRF-MG";"DEL01-MG";"UOP02-DEL01-MG"
485846;2022-11-10;"quinta-feira";"03:00:00";"AM";174;889;"MANAUS";"Ingestão de álcool pelo condutor";"Tombamento";"Sem Vítimas";"Plena Noite";"Crescente";"Céu Claro";"Simples";"Reta";"Não";3;0;0;0;2;3;0;4;-2,93314499;-60,03449693;"SPRF-AM";"DEL01-AM";"UOP01-DEL01-AM"
485853;2022-11-10;"quinta-feira";"07:40:00";"PR";369;158;"CAMBE";"Manobra de mudança de faixa";"Colisão lateral mesmo sentido";"Sem Vítimas";"Pleno dia";"Decrescente";"Céu Claro";"Dupla";"Reta";"Sim";2;0;0;0;2;0;0;2;-23,285375;-51,239289;"SPRF-PR";"DEL07-PR";"UOP01-DEL07-PR"
485856;2022-09-17;"sábado";"20:00:00";"PR";376;492;"PONTA GROSSA";"Condutor deixou de manter distância do veículo da frente";"Colisão traseira";"Com Vítimas Feridas";"Plena Noite";"Crescente";"Céu Claro";"Dupla";"Reta";"Não";4;0;2;0;1;2;2;4;-25,11430698;-50,18770002;"SPRF-PR";"DEL03-PR";"UOP01-DEL03-PR"
485859;2022-11-10;"quinta-feira";"09:20:00";"SC";101;212;"PALHOCA";"Condutor deixou de manter distância do veículo da frente";"Colisão traseira";"Com Vítimas Feridas";"Pleno dia";"Decrescente";"Céu Claro";"Múltipla";"Reta";"Sim";2;0;1;0;0;1;1;2;-27,62996929;-48,65903871;"SPRF-SC";"DEL01-SC";"UOP02-DEL01-SC"
485861;2022-11-10;"quinta-feira";"08:30:00";"PR";376;187;"MARIALVA";"Reação tardia ou ineficiente do condutor";"Engavetamento";"Com Vítimas Feridas";"Pleno dia";"Crescente";"Céu Claro";"Dupla";"Aclive";"Sim";7;0;2;0;4;2;2;7;-23,46141044;-51,83659926;"SPRF-PR";"DEL09-PR";"UOP01-DEL09-PR"
485863;2022-09-09;"sexta-feira";"19:40:00";"BA";418;53;"CARAVELAS";"Demais falhas na via";"Colisão frontal";"Com Vítimas Fatais";"Plena Noite";"Crescente";"Nublado";"Simples";"Reta";"Não";3;1;0;1;1;0;1;2;-17,74189272;-39,56954413;"SPRF-BA";"DEL09-BA";"UOP02-DEL09-BA"
485867;2022-11-10;"quinta-feira";"06:40:00";"RN";427;91;"CAICO";"Curva acentuada";"Tombamento";"Com Vítimas Feridas";"Pleno dia";"Decrescente";"Céu Claro";"Simples";"Curva;Declive";"Não";2;0;0;1;0;1;1;2;-6,48385303;-37,037128;"SPRF-RN";"DEL03-RN";"UOP01-DEL03-RN"
485875;2022-11-10;"quinta-feira";"10:00:00";"PB";230;407,6;"POMBAL";"Condutor deixou de manter distância do veículo da frente";"Colisão traseira";"Com Vítimas Feridas";"Pleno dia";"Decrescente";"Céu Claro";"Simples";"Reta";"Sim";3;0;1;0;2;0;1;2;-6,7733;-37,798;"SPRF-PB";"DEL03-PB";"UOP02-DEL03-PB"
485877;2022-11-10;"quinta-feira";"10:00:00";"RO";319;60;"PORTO VELHO";"Ausência de reação do condutor";"Colisão lateral mesmo sentido";"Com Vítimas Feridas";"Pleno dia";"Crescente";"Céu Claro";"Dupla";"Rotatória";"Sim";3;0;1;0;1;3;1;5;-8,73990662;-63,88991833;"SPRF-RO";"DEL01-RO";"UOP01-DEL01-RO"
485880;2022-11-04;"sexta-feira";"19:10:00";"RS";116;73;"CAMPESTRE DA SERRA";"Ultrapassagem Indevida";"Colisão traseira";"Sem Vítimas";"Plena Noite";"Decrescente";"Céu Claro";"Simples";"Reta";"Não";2;0;0;0;2;0;0;2;-28,74332992;-51,09542518;"SPRF-RS";"DEL05-RS";"UOP03-DEL05-RS"
485884;2022-11-10;"quinta-feira";"12:40:00";"RS";392;182;"PIRATINI";"Velocidade Incompatível";"Tombamento";"Com Vítimas Fatais";"Pleno dia";"Crescente";"Céu Claro";"Dupla";"Curva";"Não";2;1;0;0;0;2;0;3;-30,97610378;-53,04979521;"SPRF-RS";"DEL07-RS";"UOP01-DEL07-RS"
485887;2022-10-25;"terça-feira";"14:00:00";"SC";282;220,1;"LAGES";"Acessar a via sem observar a presença dos outros veículos";"Eventos atípicos";"Sem Vítimas";"Pleno dia";"Crescente";"Céu Claro";"Simples";"Reta;Interseção de Vias";"Sim";4;0;0;0;3;1;0;2;-27,794014;-50,33363;"SPRF-SC";"DEL05-SC";"UOP01-DEL05-SC"
485889;2022-11-10;"quinta-feira";"07:40:00";"MG";116;25,3;"CACHOEIRA DE PAJEU";"Acessar a via sem observar a presença dos outros veículos";"Colisão transversal";"Sem Vítimas";"Pleno dia";"Decrescente";"Nublado";"Simples";"Interseção de Vias";"Sim";3;0;0;0;2;2;0;4;-15,87144601;-41,43021999;"SPRF-MG";"DEL11-MG";"UOP02-DEL11-MG"
485891;2022-11-10;"quinta-feira";"13:25:00";"MG";381;607;"OLIVEIRA";"Avarias e/ou desgaste excessivo no pneu";"Tombamento";"Com Vítimas Feridas";"Pleno dia";"Decrescente";"Céu Claro";"Dupla";"Reta";"Não";1;0;1;0;0;0;1;1;-20,6851019;-44,73967015;"SPRF-MG";"DEL04-MG";"UOP01-DEL04-MG"
485896;2022-11-10;"quinta-feira";"14:15:00";"SC";282;619,8;"MARAVILHA";"Faixas de trânsito com largura insuficiente";"Colisão lateral sentido oposto";"Com Vítimas Feridas";"Pleno dia";"Decrescente";"Céu Claro";"Simples";"Curva";"Não";5;0;1;0;3;1;1;3;-26,798042;-53,306549;"SPRF-SC";"DEL07-SC";"UOP02-DEL07-SC"
485901;2022-08-18;"quinta-feira";"16:00:00";"PI";316;310;"PICOS";"Desrespeitar a preferência no cruzamento";"Colisão transversal";"Com Vítimas Feridas";"Pleno dia";"Crescente";"Céu Claro";"Dupla";"Rotatória";"Sim";3;0;0;1;1;3;1;5;-7,07623461;-41,47266984;"SPRF-PI";"DEL04-PI";"UOP01-DEL04-PI"
485902;2022-11-10;"quinta-feira";"14:10:00";"PR";277;490,7;"NOVA LARANJEIRAS";"Reação tardia ou ineficiente do condutor";"Tombamento";"Com Vítimas Feridas";"Pleno dia";"Crescente";"Céu Claro";"Simples";"Reta";"Sim";4;0;3;0;0;1;3;2;-25,23353017;-52,6472803;"SPRF-PR";"DEL04-PR";"UOP02-DEL04-PR"
485904;2022-11-10;"quinta-feira";"14:50:00";"SC";101;97;"BALNEARIO PICARRAS";"Ausência de reação do condutor";"Colisão traseira";"Com Vítimas Feridas";"Pleno dia";"Crescente";"Céu Claro";"Dupla";"Aclive";"Não";5;0;1;0;3;1;1;5;-26,72823703;-48,70224928;"SPRF-SC";"DEL03-SC";"UOP02-DEL03-SC"
485908;2022-11-10;"quinta-feira";"13:10:00";"MG";116;578,1;"MANHUACU";"Ausência de reação do condutor";"Derramamento de carga";"Sem Vítimas";"Pleno dia";"Crescente";"Céu Claro";"Simples";"Curva";"Não";2;0;0;0;1;1;0;2;-20,16991998;-42,18875093;"SPRF-MG";"DEL06-MG";"UOP03-DEL06-MG"
485910;2022-11-10;"quinta-feira";"13:30:00";"TO";153;772,1;"ALVORADA";"Transitar na contramão";"Colisão frontal";"Com Vítimas Fatais";"Pleno dia";"Crescente";"Chuva";"Simples";"Reta";"Não";3;1;0;0;1;1;0;3;-12,57003684;-49,07919681;"SPRF-TO";"DEL01-TO";"UOP02-DEL01-TO"
485913;2022-11-10;"quinta-feira";"14:50:00";"TO";153;133,1;"ARAGUAINA";"Chuva";"Colisão com objeto";"Sem Vítimas";"Pleno dia";"Crescente";"Chuva";"Simples";"Rotatória";"Não";2;0;0;0;1;1;0;2;-7,12178379;-48,19293926;"SPRF-TO";"DEL02-TO";"UOP01-DEL02-TO"
485914;2022-11-10;"quinta-feira";"13:30:00";"RN";405;155;"PAU DOS FERROS";"Acessar a via sem observar a presença dos outros veículos";"Colisão lateral sentido oposto";"Com Vítimas Feridas";"Pleno dia";"Decrescente";"Céu Claro";"Simples";"Reta";"Sim";3;0;0;2;0;1;2;2;-6,14970137;-38,20583544;"SPRF-RN";"DEL04-RN";"UOP02-DEL04-RN"
485916;2022-11-10;"quinta-feira";"16:45:00";"ES";101;94,2;"JAGUARE";"Problema com o freio";"Tombamento";"Sem Vítimas";"Anoitecer";"Crescente";"Céu Claro";"Simples";"Reta";"Não";2;0;0;0;1;1;0;2;-18,93086484;-39,97180828;"SPRF-ES";"DEL04-ES";"UOP02-DEL04-ES"
485919;2022-11-10;"quinta-feira";"14:55:00";"SC";116;308,7;"CAPAO ALTO";"Reação tardia ou ineficiente do condutor";"Tombamento";"Com Vítimas Feridas";"Pleno dia";"Decrescente";"Céu Claro";"Simples";"Curva";"Não";4;0;1;0;0;3;1;3;-28,196981;-50,75833797;"SPRF-SC";"DEL05-SC";"UOP02-DEL05-SC"
485920;2022-11-10;"quinta-feira";"16:55:00";"MG";365;406,3;"PATOS DE MINAS";"Velocidade Incompatível";"Colisão frontal";"Com Vítimas Feridas";"Pleno dia";"Crescente";"Chuva";"Simples";"Reta";"Sim";4;0;2;0;2;0;2;2;-18,64392302;-46,49892399;"SPRF-MG";"DEL10-MG";"UOP01-DEL10-MG"
485923;2022-10-29;"sábado";"08:35:00";"RS";386;147,4;"SARANDI";"Transitar na contramão";"Colisão frontal";"Com Vítimas Fatais";"Pleno dia";"Decrescente";"Chuva";"Simples";"Curva";"Não";6;1;0;3;1;1;3;3;-28,05509044;-52,87123203;"SPRF-RS";"DEL08-RS";"UOP01-DEL08-RS"
485926;2022-11-10;"quinta-feira";"16:00:00";"SC";101;135;"BALNEARIO CAMBORIU";"Velocidade Incompatível";"Colisão traseira";"Com Vítimas Feridas";"Pleno dia";"Crescente";"Céu Claro";"Dupla";"Ponte";"Não";5;0;0;1;2;2;1;5;-27,0050108;-48,62677494;"SPRF-SC";"DEL04-SC";"UOP03-DEL04-SC"
485928;2022-11-10;"quinta-feira";"14:40:00";"PR";476;242,5;"LAPA";"Velocidade Incompatível";"Saída de leito carroçável";"Com Vítimas Feridas";"Pleno dia";"Decrescente";"Céu Claro";"Simples";"Curva";"Não";2;0;1;0;0;1;1;2;-25,858768;-50,08609;"SPRF-PR";"DEL02-PR";"UOP03-DEL02-PR"
485937;2022-11-10;"quinta-feira";"17:00:00";"PI";343;13,6;"PARNAIBA";"Acessar a via sem observar a presença dos outros veículos";"Tombamento";"Com Vítimas Fatais";"Anoitecer";"Decrescente";"Céu Claro";"Dupla";"Reta";"Sim";2;1;0;0;0;1;0;2;-2,919029;-41,754124;"SPRF-PI";"DEL05-PI";"UOP01-DEL05-PI"
485940;2022-10-29;"sábado";"15:10:00";"PR";376;447;"TIBAGI";"Reação tardia ou ineficiente do condutor";"Saída de leito carroçável";"Sem Vítimas";"Pleno dia";"Decrescente";"Chuva";"Dupla";"Declive;Curva";"Não";1;0;0;0;1;0;0;1;-24,84999228;-50,46252251;"SPRF-PR";"DEL03-PR";"UOP02-DEL03-PR"
485941;2022-11-10;"quinta-feira";"17:46:00";"MT";364;439;"VARZEA GRANDE";"Ultrapassagem Indevida";"Colisão traseira";"Sem Vítimas";"Anoitecer";"Crescente";"Céu Claro";"Simples";"Curva";"Não";5;0;0;0;4;1;0;2;-15,60725;-56,203027;"SPRF-MT";"DEL01-MT";"UOP02-DEL01-MT"
485942;2022-11-10;"quinta-feira";"18:00:00";"PB";361;59,8;"OLHO DAGUA";"Estacionar ou parar em local proibido";"Colisão com objeto";"Com Vítimas Feridas";"Plena Noite";"Crescente";"Céu Claro";"Simples";"Reta";"Não";4;0;2;1;0;1;3;3;-7,194069;-37,721944;"SPRF-PB";"DEL03-PB";"UOP01-DEL03-PB"
485945;2022-11-10;"quinta-feira";"11:35:00";"MS";262;35,8;"TRES LAGOAS";"Demais falhas mecânicas ou elétricas";"Incêndio";"Sem Vítimas";"Pleno dia";"Decrescente";"Sol";"Simples";"Reta";"Não";2;0;0;0;1;1;0;2;-20,78788029;-51,92238608;"SPRF-MS";"DEL07-MS";"UOP01-DEL07-MS"
485947;2022-11-10;"quinta-feira";"18:25:00";"SP";116;507;"CAJATI";"Velocidade Incompatível";"Tombamento";"Com Vítimas Feridas";"Anoitecer";"Decrescente";"Céu Claro";"Simples";"Curva";"Não";2;0;0;1;0;1;1;2;-24,805288;-48,214966;"SPRF-SP";"DEL05-SP";"UOP02-DEL05-SP"
485956;2022-11-10;"quinta-feira";"16:00:00";"MT";163;798;"SINOP";"Reação tardia ou ineficiente do condutor";"Tombamento";"Com Vítimas Feridas";"Anoitecer";"Decrescente";"Ignorado";"Simples";"Reta";"Não";3;0;1;0;0;3;1;4;-12,186888;-55,530248;"SPRF-MT";"DEL06-MT";"UOP02-DEL06-MT"
485966;2022-11-10;"quinta-feira";"19:00:00";"MG";40;293,1;"TRES MARIAS";"Ultrapassagem Indevida";"Saída de leito carroçável";"Com Vítimas Feridas";"Plena Noite";"Decrescente";"Céu Claro";"Simples";"Ponte";"Não";4;0;0;2;1;2;2;4;-18,29623795;-45,12429391;"SPRF-MG";"DEL14-MG";"UOP02-DEL14-MG"
485967;2022-11-10;"quinta-feira";"07:44:00";"MT";163;557,6;"DIAMANTINO";"Ausência de reação do condutor";"Tombamento";"Com Vítimas Feridas";"Pleno dia";"Decrescente";"Céu Claro";"Simples";"Reta";"Não";2;0;1;0;0;1;1;2;-14,2536656;-56,1397763;"SPRF-MT";"DEL01-MT";"UOP01-DEL01-MT"
485968;2022-11-10;"quinta-feira";"20:28:00";"PE";104;13,6;"TAQUARITINGA DO NORTE";"Velocidade Incompatível";"Colisão frontal";"Com Vítimas Feridas";"Plena Noite";"Decrescente";"Céu Claro";"Simples";"Curva";"Não";2;0;1;0;1;0;1;2;-7,897198;-36,113335;"SPRF-PE";"DEL02-PE";"UOP01-DEL02-PE"
485971;2022-11-10;"quinta-feira";"17:50:00";"RJ";101;449;"MANGARATIBA";"Ultrapassagem Indevida";"Colisão lateral mesmo sentido";"Com Vítimas Feridas";"Anoitecer";"Decrescente";"Céu Claro";"Simples";"Declive";"Sim";4;0;1;0;3;0;1;2;-23,01670937;-44,10952856;"SPRF-RJ";"DEL03-RJ";"UOP02-DEL03-RJ"
485977;2022-11-10;"quinta-feira";"22:30:00";"MG";381;499,3;"BETIM";"Ingestão de álcool pelo condutor";"Colisão com objeto";"Sem Vítimas";"Plena Noite";"Decrescente";"Céu Claro";"Dupla";"Reta;Aclive";"Sim";2;0;0;0;2;0;0;2;-19,998142;-44,2095562;"SPRF-MG";"DEL01-MG";"UOP03-DEL01-MG"
485978;2022-11-10;"quinta-feira";"17:30:00";"SC";282;349,7;"CAMPOS NOVOS";"Velocidade Incompatível";"Tombamento";"Com Vítimas Feridas";"Anoitecer";"Crescente";"Céu Claro";"Simples";"Curva";"Não";2;0;1;0;0;1;1;2;-27,358049;-51,282482;"SPRF-SC";"DEL07-SC";"UOP06-DEL07-SC"
485980;2022-11-10;"quinta-feira";"23:37:00";"ES";259;21;"COLATINA";"Carga excessiva e/ou mal acondicionada";"Tombamento";"Com Vítimas Feridas";"Plena Noite";"Decrescente";"Nublado";"Simples";"Curva;Aclive";"Não";2;0;1;0;0;1;1;2;-19,61948318;-40,47748416;"SPRF-ES";"DEL02-ES";"UOP01-DEL02-ES"
485981;2022-11-10;"quinta-feira";"22:00:00";"MG";459;28,3;"CALDAS";"Velocidade Incompatível";"Tombamento";"Com Vítimas Feridas";"Plena Noite";"Crescente";"Nublado";"Simples";"Curva";"Não";3;0;2;0;0;1;2;2;-21,92373813;-46,37243271;"SPRF-MG";"DEL09-MG";"UOP01-DEL09-MG"
485987;2022-11-10;"quinta-feira";"23:00:00";"BA";116;474;"SANTO ESTEVAO";"Reação tardia ou ineficiente do condutor";"Tombamento";"Com Vítimas Feridas";"Plena Noite";"Decrescente";"Céu Claro";"Dupla";"Aclive";"Não";3;0;1;0;1;2;1;3;-12,48458706;-39,31922297;"SPRF-BA";"DEL02-BA";"UOP01-DEL02-BA"
485994;2022-11-11;"sexta-feira";"02:00:00";"MG";381;444;"SABARA";"Transitar na contramão";"Colisão frontal";"Sem Vítimas";"Plena Noite";"Crescente";"Céu Claro";"Simples";"Reta";"Sim";2;0;0;0;1;1;0;2;-19,82360393;-43,82539293;"SPRF-MG";"DEL01-MG";"UOP01-DEL01-MG"
485995;2022-11-11;"sexta-feira";"03:23:00";"SE";235;17,9;"LARANJEIRAS";"Transitar na contramão";"Colisão frontal";"Com Vítimas Feridas";"Plena Noite";"Crescente";"Nublado";"Simples";"Reta";"Não";2;0;1;0;0;1;1;2;-10,850533;-37,201527;"SPRF-SE";"DEL01-SE";"UOP02-DEL01-SE"
485996;2022-11-11;"sexta-feira";"03:15:00";"MG";262;463,3;"ARAUJOS";"Ausência de reação do condutor";"Colisão traseira";"Com Vítimas Fatais";"Plena Noite";"Decrescente";"Céu Claro";"Simples";"Aclive;Reta";"Não";2;1;0;0;1;0;0;2;-19,81413516;-45,09767404;"SPRF-MG";"DEL08-MG";"UOP03-DEL08-MG"
485997;2022-11-11;"sexta-feira";"02:20:00";"PE";101;84;"JABOATAO DOS GUARARAPES";"Ingestão de álcool pelo condutor";"Saída de leito carroçável";"Sem Vítimas";"Plena Noite";"Crescente";"Chuva";"Dupla";"Reta";"Não";3;0;0;0;1;3;0;4;-8,17778559;-34,95087297;"SPRF-PE";"DEL01-PE";"UOP01-DEL01-PE"
485999;2022-11-11;"sexta-feira";"04:32:00";"MG";381;481,3;"CONTAGEM";"Pedestre cruzava a pista fora da faixa";"Colisão com objeto";"Com Vítimas Feridas";"Amanhecer";"Decrescente";"Céu Claro";"Dupla";"Reta";"Sim";2;0;1;0;0;1;1;2;-19,95906;-44,06493;"SPRF-MG";"DEL01-MG";"UOP03-DEL01-MG"
486002;2022-11-11;"sexta-feira";"03:50:00";"RS";386;215,4;"TIO HUGO";"Acessar a via sem observar a presença dos outros veículos";"Colisão transversal";"Com Vítimas Feridas";"Plena Noite";"Decrescente";"Céu Claro";"Simples";"Reta";"Sim";3;0;1;1;1;0;2;2;-28,579763;-52,598233;"SPRF-RS";"DEL04-RS";"UOP03-DEL04-RS"
486004;2022-11-11;"sexta-feira";"03:00:00";"MG";381;562;"ITAGUARA";"Velocidade Incompatível";"Tombamento";"Com Vítimas Feridas";"Plena Noite";"Decrescente";"Nublado";"Dupla";"Curva";"Sim";2;0;0;1;0;1;1;2;-20,38585044;-44,48827724;"SPRF-MG";"DEL04-MG";"UOP03-DEL04-MG"
486006;2022-11-11;"sexta-feira";"04:00:00";"MS";267;81,5;"BATAGUASSU";"Condutor Dormindo";"Colisão frontal";"Com Vítimas Fatais";"Plena Noite";"Decrescente";"Céu Claro";"Simples";"Reta";"Não";2;1;0;0;1;0;0;2;-21,879725;-52,871727;"SPRF-MS";"DEL02-MS";"UOP04-DEL02-MS"
486007;2022-11-11;"sexta-feira";"04:00:00";"SC";101;340,2;"TUBARAO";"Ingestão de álcool pelo condutor";"Colisão traseira";"Sem Vítimas";"Plena Noite";"Crescente";"Céu Claro";"Múltipla";"Reta";"Sim";3;0;0;0;1;2;0;3;-28,51197292;-49,0515089;"SPRF-SC";"DEL02-SC";"UOP01-DEL02-SC"
486012;2022-11-11;"sexta-feira";"02:35:00";"MG";116;505;"INHAPIM";"Ingestão de álcool pelo condutor";"Colisão lateral sentido oposto";"Com Vítimas Feridas";"Plena Noite";"Decrescente";"Nublado";"Simples";"Reta";"Não";2;0;1;0;1;0;1;2;-19,6030931;-42,11376783;"SPRF-MG";"DEL06-MG";"UOP02-DEL06-MG"
486013;2022-11-11;"sexta-feira";"05:34:00";"PI";343;237;"COCAL DE TELHA";"Manobra de mudança de faixa";"Colisão lateral sentido oposto";"Com Vítimas Fatais";"Amanhecer";"Crescente";"Céu Claro";"Simples";"Reta";"Não";2;1;0;0;1;0;0;2;-4,63901;-42,032162;"SPRF-PI";"DEL01-PI";"UOP03-DEL01-PI"
486014;2022-11-11;"sexta-feira";"00:20:00";"MA";226;478,4;"SITIO NOVO";"Ingestão de álcool pelo condutor";"Colisão frontal";"Com Vítimas Fatais";"Plena Noite";"Crescente";"Céu Claro";"Simples";"Reta;Interseção de Vias";"Não";4;3;0;0;1;0;0;2;-6,03617595;-46,63061142;"SPRF-MA";"DEL04-MA";"UOP02-DEL04-MA"
486018;2022-11-11;"sexta-feira";"06:45:00";"MG";262;355;"BETIM";"Manobra de mudança de faixa";"Colisão transversal";"Com Vítimas Feridas";"Pleno dia";"Crescente";"Céu Claro";"Dupla";"Reta";"Não";4;0;1;0;2;1;1;3;-19,98243377;-44,20999289;"SPRF-MG";"DEL01-MG";"UOP03-DEL01-MG"
486021;2022-11-11;"sexta-feira";"07:30:00";"SP";116;229;"SAO PAULO";"Manobra de mudança de faixa";"Colisão lateral mesmo sentido";"Com Vítimas Feridas";"Pleno dia";"Crescente";"Sol";"Múltipla";"Reta";"Sim";3;0;1;0;2;0;1;3;-23,51291902;-46,57604698;"SPRF-SP";"DEL01-SP";"UOP01-DEL01-SP"
486022;2022-11-11;"sexta-feira";"00:15:00";"RN";304;193;"LAJES";"Condutor Dormindo";"Colisão frontal";"Com Vítimas Feridas";"Plena Noite";"Crescente";"Céu Claro";"Simples";"Reta";"Não";2;0;0;1;1;0;1;2;-5,70633343;-36,22453201;"SPRF-RN";"DEL01-RN";"UOP03-DEL01-RN"
486026;2022-11-11;"sexta-feira";"07:20:00";"RS";290;710;"URUGUAIANA";"Ultrapassagem Indevida";"Colisão lateral mesmo sentido";"Com Vítimas Feridas";"Amanhecer";"Crescente";"Céu Claro";"Simples";"Reta";"Não";4;0;1;0;2;3;1;5;-29,822845;-56,986382;"SPRF-RS";"DEL13-RS";"UOP01-DEL13-RS"
486027;2022-11-11;"sexta-feira";"07:40:00";"PR";158;528;"PATO BRANCO";"Reação tardia ou ineficiente do condutor";"Colisão traseira";"Com Vítimas Feridas";"Pleno dia";"Decrescente";"Nublado";"Simples";"Reta";"Não";4;0;2;0;1;1;2;3;-26,17852896;-52,66276667;"SPRF-PR";"DEL02-PR";"UOP01-DEL02-PR"
486029;2022-11-11;"sexta-feira";"07:40:00";"PB";101;90;"JOAO PESSOA";"Ausência de reação do condutor";"Colisão traseira";"Com Vítimas Feridas";"Pleno dia";"Decrescente";"Nublado";"Dupla";"Reta";"Sim";6;0;1;0;4;1;1;6;-7,18326158;-34,90132324;"SPRF-PB";"DEL01-PB";"UOP02-DEL01-PB"
486032;2022-11-11;"sexta-feira";"05:50:00";"CE";116;428,3;"IPAUMIRIM";"Velocidade Incompatível";"Saída de leito carroçável";"Com Vítimas Feridas";"Amanhecer";"Decrescente";"Céu Claro";"Simples";"Rotatória";"Não";2;0;1;0;0;1;1;2;-6,841557;-38,736964;"SPRF-CE";"DEL05-CE";"UOP01-DEL05-CE"
486034;2022-11-11;"sexta-feira";"07:00:00";"MG";381;494;"BETIM";"Reação tardia ou ineficiente do condutor";"Colisão traseira";"Com Vítimas Feridas";"Pleno dia";"Decrescente";"Céu Claro";"Dupla";"Reta";"Sim";2;0;1;0;1;0;1;2;-19,985563;-44,20318;"SPRF-MG";"DEL01-MG";"UOP03-DEL01-MG"
486035;2022-11-11;"sexta-feira";"06:00:00";"MS";158;74;"PARANAIBA";"Condutor deixou de manter distância do veículo da frente";"Colisão traseira";"Sem Vítimas";"Amanhecer";"Crescente";"Céu Claro";"Simples";"Reta";"Não";3;0;0;0;2;2;0;4;-19,51951997;-51,27472394;"SPRF-MS";"DEL08-MS";"UOP01-DEL08-MS"
486040;2022-11-11;"sexta-feira";"07:10:00";"SP";381;50;"ATIBAIA";"Reação tardia ou ineficiente do condutor";"Colisão lateral mesmo sentido";"Com Vítimas Feridas";"Pleno dia";"Crescente";"Céu Claro";"Dupla";"Reta";"Não";16;0;4;0;10;2;4;12;-23,21359807;-46,59367981;"SPRF-SP";"DEL03-SP";"UOP01-DEL03-SP"
486052;2022-11-11;"sexta-feira";"06:50:00";"MT";163;97,7;"RONDONOPOLIS";"Condutor deixou de manter distância do veículo da frente";"Colisão traseira";"Com Vítimas Feridas";"Pleno dia";"Crescente";"Chuva";"Dupla";"Reta";"Não";3;0;1;0;1;2;1;4;-16,68462981;-54,66875067;"SPRF-MT";"DEL02-MT";"UOP03-DEL02-MT"
486055;2022-11-11;"sexta-feira";"06:00:00";"GO";60;381;"RIO VERDE";"Acessar a via sem observar a presença dos outros veículos";"Colisão lateral mesmo sentido";"Com Vítimas Feridas";"Amanhecer";"Crescente";"Céu Claro";"Dupla";"Aclive";"Não";2;0;1;0;0;1;1;2;-17,7727;-50,8862;"SPRF-GO";"DEL04-GO";"UOP02-DEL04-GO"
486059;2022-11-11;"sexta-feira";"07:15:00";"BA";101;676;"ITAGIMIRIM";"Transitar na contramão";"Colisão frontal";"Com Vítimas Fatais";"Pleno dia";"Crescente";"Céu Claro";"Simples";"Reta";"Não";7;3;0;1;2;1;1;4;-16,050977;-39,615802;"SPRF-BA";"DEL09-BA";"UOP01-DEL09-BA"
486060;2022-09-17;"sábado";"21:00:00";"PI";316;307;"PICOS";"Transitar na contramão";"Colisão frontal";"Com Vítimas Feridas";"Plena Noite";"Crescente";"Céu Claro";"Dupla";"Curva";"Não";2;0;0;1;1;0;1;2;-7,07934356;-41,50731325;"SPRF-PI";"DEL04-PI";"UOP01-DEL04-PI"
486064;2022-11-11;"sexta-feira";"11:40:00";"RJ";116;176;"NOVA IGUACU";"Avarias e/ou desgaste excessivo no pneu";"Colisão traseira";"Com Vítimas Feridas";"Pleno dia";"Crescente";"Céu Claro";"Dupla";"Reta";"Sim";2;0;1;0;1;0;1;2;-22,7589155;-43,42790149;"SPRF-RJ";"DEL01-RJ";"UOP02-DEL01-RJ"
486065;2022-05-03;"terça-feira";"20:30:00";"CE";116;56;"CHOROZINHO";"Afundamento ou ondulação no pavimento";"Eventos atípicos";"Sem Vítimas";"Plena Noite";"Crescente";"Céu Claro";"Simples";"Reta";"Sim";2;0;0;0;0;3;0;3;-4,21228207;-38,47322379;"SPRF-CE";"DEL03-CE";"UOP02-DEL03-CE"