"id";"data_inversa";"dia_semana";"horario";"uf";"br";"km";"municipio";"causa_acidente";"tipo_acidente";"classificacao_acidente";"fase_dia";"sentido_via";"condicao_metereologica";"tipo_pista";"tracado_via";"uso_solo";"pessoas";"mortos";"feridos_leves";"feridos_graves";"ilesos";"ignorados";"feridos";"veiculos";"latitude";"longitude";"regional";"delegacia";"uop"
486068;2022-10-31;"segunda-feira";"05:05:00";"MS";163;273,2;"DOURADOS";"Condutor Dormindo";"Colisão com objeto";"Com Vítimas Feridas";"Amanhecer";"Crescente";"Nublado";"Dupla";"Reta";"Não";2;0;0;1;0;1;1;2;-22,17808;-54,67083;"SPRF-MS";"DEL04-MS";"UOP01-DEL04-MS"
486069;2022-11-11;"sexta-feira";"12:15:00";"RJ";116;132;"MAGE";"Entrada inopinada do pedestre";"Atropelamento de Pedestre";"Com Vítimas Feridas";"Pleno dia";"Decrescente";"Sol";"Dupla";"Rotatória";"Sim";2;0;1;0;1;0;1;2;-22,64694751;-43,18062544;"SPRF-RJ";"DEL04-RJ";"UOP02-DEL04-RJ"
486079;2022-11-11;"sexta-feira";"13:04:00";"MT";163;646;"NOVA MUTUM";"Ausência de reação do condutor";"Saída de leito carroçável";"Com Vítimas Feridas";"Pleno dia";"Crescente";"Chuva";"Simples";"Reta";"Não";2;0;0;1;0;1;1;2;-13,50867745;-56,04130061;"SPRF-MT";"DEL06-MT";"UOP02-DEL06-MT"
486081;2022-11-11;"sexta-feira";"13:20:00";"PR";163;43;"PRANCHITA";"Ausência de reação do condutor";"Colisão traseira";"Com Vítimas Feridas";"Pleno dia";"Crescente";"Céu Claro";"Dupla";"Declive;Reta";"Não";5;0;1;0;3;2;1;6;-26,032026;-53,73488;"SPRF-PR";"DEL02-PR";"UOP02-DEL02-PR"
486089;2022-04-23;"sábado";"04:30:00";"MG";40;295;"TRES MARIAS";"Avarias e/ou desgaste excessivo no pneu";"Tombamento";"Sem Vítimas";"Amanhecer";"Decrescente";"Céu Claro";"Simples";"Reta;Ponte";"Não";2;0;0;0;1;11;0;12;-18,3102052;-45,11324941;"SPRF-MG";"DEL14-MG";"UOP02-DEL14-MG"
486092;2022-11-11;"sexta-feira";"14:30:00";"PR";369;50,3;"BANDEIRANTES";"Velocidade Incompatível";"Saída de leito carroçável";"Com Vítimas Fatais";"Pleno dia";"Decrescente";"Nublado";"Simples";"Declive;Curva";"Não";1;1;0;0;0;0;0;1;-23,1211409;-50,3228595;"SPRF-PR";"DEL07-PR";"UOP05-DEL07-PR"
486096;2022-11-11;"sexta-feira";"09:00:00";"MG";262;433,5;"NOVA SERRANA";"Velocidade Incompatível";"Saída de leito carroçável";"Com Vítimas Feridas";"Pleno dia";"Crescente";"Sol";"Dupla";"Reta";"Não";2;0;0;2;0;0;2;1;-19,89020759;-44,83338711;"SPRF-MG";"DEL08-MG";"UOP03-DEL08-MG"
486097;2022-11-11;"sexta-feira";"07:00:00";"BA";30;271,6;"CAETITE";"Curva acentuada";"Tombamento";"Com Vítimas Feridas";"Pleno dia";"Decrescente";"Céu Claro";"Simples";"Curva;Aclive";"Não";1;0;1;0;0;0;1;1;-14,1121043;-42,5952816;"SPRF-BA";"DEL08-BA";"UOP01-DEL08-BA"
486099;2022-11-11;"sexta-feira";"14:15:00";"SP";116;221,8;"GUARULHOS";"Problema com o freio";"Colisão com objeto";"Sem Vítimas";"Pleno dia";"Crescente";"Chuva";"Múltipla";"Reta";"Sim";2;0;0;0;1;1;0;2;-23,46802395;-46,50704901;"SPRF-SP";"DEL01-SP";"UOP01-DEL01-SP"
486103;2022-11-11;"sexta-feira";"15:15:00";"PE";232;6;"RECIFE";"Condutor deixou de manter distância do veículo da frente";"Colisão traseira";"Sem Vítimas";"Pleno dia";"Crescente";"Sol";"Dupla";"Reta";"Sim";4;0;0;0;3;1;0;4;-8,07079525;-34,9535389;"SPRF-PE";"DEL01-PE";"UOP01-DEL01-PE"
486107;2022-11-11;"sexta-feira";"16:10:00";"MA";135;11;"SAO LUIS";"Reação tardia ou ineficiente do condutor";"Tombamento";"Com Vítimas Feridas";"Pleno dia";"Crescente";"Céu Claro";"Dupla";"Reta";"Sim";1;0;1;0;0;0;1;1;-2,66470782;-44,28673431;"SPRF-MA";"DEL01-MA";"UOP01-DEL01-MA"
486109;2022-11-11;"sexta-feira";"15:15:00";"GO";60;9;"ALEXANIA";"Reação tardia ou ineficiente do condutor";"Colisão lateral mesmo sentido";"Sem Vítimas";"Pleno dia";"Decrescente";"Céu Claro";"Dupla";"Reta";"Não";6;0;0;0;5;2;0;4;-16,094168;-48,517212;"SPRF-DF";"DEL03-DF";"UOP01-DEL03-DF"
486111;2022-11-11;"sexta-feira";"15:15:00";"PB";412;40,9;"SAO JOAO DO CARIRI";"Ultrapassagem Indevida";"Colisão transversal";"Com Vítimas Feridas";"Pleno dia";"Decrescente";"Céu Claro";"Simples";"Reta";"Não";2;0;0;1;1;0;1;2;-7,32829;-36,403881;"SPRF-PB";"DEL02-PB";"UOP02-DEL02-PB"
486116;2022-11-11;"sexta-feira";"15:30:00";"PR";376;666,3;"GUARATUBA";"Reação tardia ou ineficiente do condutor";"Saída de leito carroçável";"Com Vítimas Feridas";"Pleno dia";"Decrescente";"Chuva";"Simples";"Aclive;Curva";"Não";2;0;1;0;1;0;1;1;-25,86381903;-48,93911362;"SPRF-PR";"DEL01-PR";"UOP04-DEL01-PR"
486117;2022-11-11;"sexta-feira";"14:40:00";"SC";101;88,5;"BARRA VELHA";"Ultrapassagem Indevida";"Colisão transversal";"Com Vítimas Feridas";"Pleno dia";"Crescente";"Garoa/Chuvisco";"Dupla";"Reta";"Sim";2;0;0;1;1;0;1;2;-26,64253985;-48,68950684;"SPRF-SC";"DEL03-SC";"UOP02-DEL03-SC"
486118;2022-11-11;"sexta-feira";"17:15:00";"ES";101;270,6;"SERRA";"Reação tardia ou ineficiente do condutor";"Tombamento";"Com Vítimas Fatais";"Pleno dia";"Decrescente";"Céu Claro";"Múltipla";"Reta";"Sim";3;1;0;0;1;1;0;3;-20,22662056;-40,27075088;"SPRF-ES";"DEL02-ES";"UOP01-DEL02-ES"
486129;2022-11-11;"sexta-feira";"11:55:00";"PR";376;402;"TIBAGI";"Demais falhas mecânicas ou elétricas";"Incêndio";"Sem Vítimas";"Pleno dia";"Crescente";"Chuva";"Dupla";"Reta";"Não";2;0;0;0;1;1;0;2;-24,61299272;-50,65451768;"SPRF-PR";"DEL03-PR";"UOP02-DEL03-PR"
486133;2022-11-11;"sexta-feira";"17:50:00";"SP";381;57;"MAIRIPORA";"Chuva";"Colisão lateral mesmo sentido";"Com Vítimas Feridas";"Anoitecer";"Decrescente";"Chuva";"Dupla";"Reta";"Não";3;0;1;0;2;0;1;2;-23,2658219;-46,5839857;"SPRF-SP";"DEL03-SP";"UOP01-DEL03-SP"
486135;2022-11-11;"sexta-feira";"17:11:00";"SC";470;143;"RIO DO SUL";"Acessar a via sem observar a presença dos outros veículos";"Colisão transversal";"Com Vítimas Feridas";"Pleno dia";"Decrescente";"Nublado";"Simples";"Rotatória";"Sim";3;0;1;0;1;1;1;3;-27,221564;-49,660691;"SPRF-SC";"DEL04-SC";"UOP02-DEL04-SC"
486138;2022-11-05;"sábado";"15:57:00";"MG";381;489;"BETIM";"Manobra de mudança de faixa";"Colisão traseira";"Com Vítimas Fatais";"Pleno dia";"Decrescente";"Céu Claro";"Múltipla";"Reta";"Sim";3;1;0;0;2;0;0;2;-19,96245618;-44,16455495;"SPRF-MG";"DEL01-MG";"UOP03-DEL01-MG"
486139;2022-11-11;"sexta-feira";"17:00:00";"TO";242;352;"GURUPI";"Pedestre cruzava a pista fora da faixa";"Atropelamento de Pedestre";"Com Vítimas Fatais";"Pleno dia";"Decrescente";"Céu Claro";"Simples";"Reta";"Não";3;1;0;0;1;1;0;3;-11,86926956;-48,87444287;"SPRF-TO";"DEL01-TO";"UOP02-DEL01-TO"
486141;2022-11-11;"sexta-feira";"18:40:00";"ES";259;52,9;"COLATINA";"Ausência de reação do condutor";"Colisão traseira";"Com Vítimas Feridas";"Plena Noite";"Crescente";"Céu Claro";"Dupla";"Aclive";"Não";3;0;0;1;1;1;1;3;-19,50453008;-40,61265703;"SPRF-ES";"DEL02-ES";"UOP01-DEL02-ES"
486147;2022-11-11;"sexta-feira";"17:55:00";"BA";116;420;"FEIRA DE SANTANA";"Velocidade Incompatível";"Queda de ocupante de veículo";"Com Vítimas Feridas";"Anoitecer";"Crescente";"Céu Claro";"Múltipla";"Reta";"Sim";3;0;1;1;1;0;2;2;-12,21304136;-38,96568;"SPRF-BA";"DEL02-BA";"UOP01-DEL02-BA"
486150;2022-11-11;"sexta-feira";"04:45:00";"MG";116;220,7;"CATUJI";"Condutor Dormindo";"Tombamento";"Com Vítimas Feridas";"Amanhecer";"Decrescente";"Céu Claro";"Simples";"Declive;Curva";"Não";1;0;1;0;0;0;1;1;-17,412577;-41,513826;"SPRF-MG";"DEL11-MG";"UOP01-DEL11-MG"
486155;2022-11-11;"sexta-feira";"17:30:00";"MT";364;147;"PEDRA PRETA";"Frear bruscamente";"Engavetamento";"Com Vítimas Feridas";"Anoitecer";"Decrescente";"Nublado";"Simples";"Reta";"Não";5;0;1;0;3;3;1;6;-16,79020572;-54,14182091;"SPRF-MT";"DEL02-MT";"UOP01-DEL02-MT"
486159;2022-11-11;"sexta-feira";"17:00:00";"BA";242;463;"IBITIARA";"Velocidade Incompatível";"Tombamento";"Sem Vítimas";"Pleno dia";"Crescente";"Céu Claro";"Simples";"Curva";"Não";2;0;0;0;1;1;0;2;-12,4423791;-42,17379204;"SPRF-BA";"DEL06-BA";"UOP01-DEL06-BA"
486161;2022-09-29;"quinta-feira";"15:03:00";"MG";381;650,7;"SANTO ANTONIO DO AMPARO";"Acessar a via sem observar a presença dos outros veículos";"Colisão traseira";"Com Vítimas Feridas";"Pleno dia";"Crescente";"Nublado";"Dupla";"Reta";"Sim";4;0;1;0;3;0;1;2;-20,9711341;-44,93201068;"SPRF-MG";"DEL04-MG";"UOP02-DEL04-MG"
486169;2022-11-11;"sexta-feira";"17:25:00";"MG";116;413,1;"GOVERNADOR VALADARES";"Acessar a via sem observar a presença dos outros veículos";"Colisão transversal";"Com Vítimas Feridas";"Pleno dia";"Decrescente";"Sol";"Simples";"Viaduto";"Sim";4;0;1;1;1;1;2;3;-18,873907;-41,966366;"SPRF-MG";"DEL06-MG";"UOP01-DEL06-MG"
486174;2022-11-11;"sexta-feira";"21:10:00";"RJ";116;13;"SAPUCAIA";"Ausência de reação do condutor";"Colisão lateral sentido oposto";"Com Vítimas Feridas";"Plena Noite";"Crescente";"Chuva";"Simples";"Curva;Aclive;Ponte";"Não";5;0;1;1;3;0;2;2;-21,95256217;-42,73351991;"SPRF-RJ";"DEL05-RJ";"UOP01-DEL05-RJ"
486180;2022-11-11;"sexta-feira";"20:00:00";"SC";470;121,8;"IBIRAMA";"Ultrapassagem Indevida";"Colisão frontal";"Sem Vítimas";"Plena Noite";"Crescente";"Nublado";"Simples";"Reta";"Não";5;0;0;0;4;1;0;5;-27,099888;-49,527679;"SPRF-SC";"DEL04-SC";"UOP02-DEL04-SC"
486191;2022-11-11;"sexta-feira";"21:50:00";"PB";101;117;"CAAPORA";"Ausência de reação do condutor";"Colisão traseira";"Com Vítimas Feridas";"Plena Noite";"Crescente";"Céu Claro";"Dupla";"Aclive;Reta";"Não";2;0;1;0;1;0;1;2;-7,41381104;-34,95578047;"SPRF-PB";"DEL01-PB";"UOP02-DEL01-PB"
486192;2022-11-11;"sexta-feira";"17:20:00";"AM";174;1010;"PRESIDENTE FIGUEIREDO";"Condutor deixou de manter distância do veículo da frente";"Colisão traseira";"Com Vítimas Feridas";"Anoitecer";"Decrescente";"Céu Claro";"Simples";"Aclive;Reta";"Não";5;0;2;0;2;2;2;4;-1,88676715;-60,07097133;"SPRF-AM";"DEL01-AM";"UOP02-DEL01-AM"
486194;2022-11-11;"sexta-feira";"22:20:00";"AL";424;102;"MARECHAL DEODORO";"Condutor deixou de manter distância do veículo da frente";"Colisão traseira";"Com Vítimas Feridas";"Plena Noite";"Decrescente";"Céu Claro";"Simples";"Reta";"Não";2;0;0;1;0;1;1;2;-9,66670281;-35,84489382;"SPRF-AL";"DEL02-AL";"UOP01-DEL02-AL"
486197;2022-11-11;"sexta-feira";"20:15:00";"MA";10;274;"IMPERATRIZ";"Manobra de mudança de faixa";"Colisão frontal";"Com Vítimas Feridas";"Plena Noite";"Decrescente";"Céu Claro";"Simples";"Declive";"Não";3;0;1;1;0;1;2;3;-5,338754;-47,48785;"SPRF-MA";"DEL04-MA";"UOP01-DEL04-MA"
486201;2022-11-11;"sexta-feira";"13:00:00";"GO";158;51;"BOM JARDIM DE GOIAS";"Ausência de reação do condutor";"Colisão traseira";"Sem Vítimas";"Pleno dia";"Crescente";"Nublado";"Simples";"Reta";"Não";4;0;0;0;3;8;0;11;-16,24029671;-52,0647745;"SPRF-GO";"DEL04-GO";"UOP02-DEL04-GO"
486204;2022-11-11;"sexta-feira";"04:30:00";"GO";158;80;"PIRANHAS";"Ausência de reação do condutor";"Colisão lateral sentido oposto";"Sem Vítimas";"Amanhecer";"Crescente";"Céu Claro";"Simples";"Em Obras";"Não";4;0;0;0;3;3;0;6;-16,37901844;-51,85279906;"SPRF-GO";"DEL04-GO";"UOP02-DEL04-GO"
486213;2022-11-11;"sexta-feira";"23:30:00";"RS";386;404;"TRIUNFO";"Falta de acostamento";"Atropelamento de Pedestre";"Com Vítimas Feridas";"Plena Noite";"Crescente";"Céu Claro";"Simples";"Curva";"Não";2;0;1;0;0;1;1;2;-29,77853278;-51,55832291;"SPRF-RS";"DEL01-RS";"UOP01-DEL01-RS"
486214;2022-11-11;"sexta-feira";"22:00:00";"MT";163;542,5;"DIAMANTINO";"Acostamento em desnível";"Saída de leito carroçável";"Com Vítimas Feridas";"Plena Noite";"Decrescente";"Chuva";"Simples";"Reta";"Não";2;0;1;0;0;1;1;2;-14,37039023;-56,13386022;"SPRF-MT";"DEL01-MT";"UOP01-DEL01-MT"
486220;2022-11-11;"sexta-feira";"16:30:00";"SP";116;540;"BARRA DO TURVO";"Chuva";"Colisão com objeto";"Com Vítimas Feridas";"Pleno dia";"Crescente";"Chuva";"Dupla";"Aclive";"Não";2;0;1;0;0;1;1;2;-24,96815654;-48,39159909;"SPRF-SP";"DEL05-SP";"UOP02-DEL05-SP"
486229;2022-11-12;"sábado";"03:20:00";"MT";364;534;"ROSARIO OESTE";"Ingestão de álcool pelo condutor";"Colisão lateral sentido oposto";"Sem Vítimas";"Plena Noite";"Crescente";"Nublado";"Simples";"Reta";"Não";3;0;0;0;2;1;0;3;-14,96960698;-56,51566704;"SPRF-MT";"DEL01-MT";"UOP01-DEL01-MT"
486231;2022-11-12;"sábado";"05:20:00";"RS";116;482,9;"TURUCU";"Condutor Dormindo";"Colisão traseira";"Com Vítimas Feridas";"Amanhecer";"Crescente";"Céu Claro";"Dupla";"Reta";"Sim";5;0;3;0;2;0;3;2;-31,40823579;-52,16643032;"SPRF-RS";"DEL07-RS";"UOP01-DEL07-RS"
486238;2022-11-12;"sábado";"06:00:00";"SP";116;165;"JACAREI";"Condutor deixou de manter distância do veículo da frente";"Engavetamento";"Com Vítimas Feridas";"Pleno dia";"Decrescente";"Céu Claro";"Dupla";"Reta";"Sim";4;0;1;0;3;0;1;3;-23,29691791;-46,00798704;"SPRF-SP";"DEL02-SP";"UOP01-DEL02-SP"
486244;2022-11-12;"sábado";"06:09:00";"ES";262;174;"IBATIBA";"Velocidade Incompatível";"Colisão traseira";"Com Vítimas Feridas";"Pleno dia";"Decrescente";"Chuva";"Simples";"Ponte";"Não";3;0;0;2;0;1;2;2;-20,27069252;-41,62018606;"SPRF-ES";"DEL01-ES";"UOP02-DEL01-ES"
486247;2022-11-11;"sexta-feira";"17:30:00";"PA";163;577;"TRAIRAO";"Velocidade Incompatível";"Colisão lateral sentido oposto";"Com Vítimas Fatais";"Anoitecer";"Decrescente";"Céu Claro";"Simples";"Curva";"Não";3;1;0;0;1;1;0;3;-5,00308296;-56,1781068;"SPRF-PA";"DEL05-PA";"UOP01-DEL05-PA"
486249;2022-11-12;"sábado";"05:30:00";"PE";101;76,7;"RECIFE";"Condutor deixou de manter distância do veículo da frente";"Colisão traseira";"Sem Vítimas";"Amanhecer";"Crescente";"Chuva";"Dupla";"Reta";"Sim";3;0;0;0;1;2;0;3;-8,126328;-34,943958;"SPRF-PE";"DEL01-PE";"UOP01-DEL01-PE"
486255;2022-11-12;"sábado";"08:00:00";"MG";381;849;"POUSO ALEGRE";"Carga excessiva e/ou mal acondicionada";"Derramamento de carga";"Sem Vítimas";"Pleno dia";"Decrescente";"Sol";"Dupla";"Curva";"Não";2;0;0;0;1;1;0;2;-22,26991499;-45,89241402;"SPRF-MG";"DEL16-MG";"UOP01-DEL16-MG"
486256;2022-11-12;"sábado";"06:35:00";"MG";365;11,5;"MONTES CLAROS";"Velocidade Incompatível";"Colisão frontal";"Com Vítimas Feridas";"Amanhecer";"Crescente";"Chuva";"Simples";"Curva";"Não";3;0;0;2;0;1;2;3;-16,83940793;-43,96033008;"SPRF-MG";"DEL12-MG";"UOP01-DEL12-MG"
486261;2022-11-12;"sábado";"06:10:00";"PA";230;1127;"ITAITUBA";"Manobra de mudança de faixa";"Colisão frontal";"Com Vítimas Feridas";"Pleno dia";"Decrescente";"Sol";"Simples";"Reta";"Não";5;0;2;1;1;3;3;5;-4,39393493;-55,89491498;"SPRF-PA";"DEL05-PA";"UOP01-DEL05-PA"
486262;2022-11-12;"sábado";"07:30:00";"BA";101;107;"ALAGOINHAS";"Entrada inopinada do pedestre";"Atropelamento de Pedestre";"Com Vítimas Feridas";"Pleno dia";"Crescente";"Céu Claro";"Simples";"Reta";"Não";3;0;1;0;1;2;1;4;-12,16492;-38,477026;"SPRF-BA";"DEL01-BA";"UOP04-DEL01-BA"
486275;2022-11-12;"sábado";"07:30:00";"MG";116;613;"SAO JOAO DO MANHUACU";"Ingestão de álcool pelo condutor";"Colisão frontal";"Com Vítimas Feridas";"Pleno dia";"Crescente";"Céu Claro";"Simples";"Curva";"Não";4;0;0;1;3;0;1;2;-20,42881501;-42,16258798;"SPRF-MG";"DEL07-MG";"UOP03-DEL07-MG"
486280;2022-11-12;"sábado";"10:50:00";"MG";262;67;"MATIPO";"Desrespeitar a preferência no cruzamento";"Colisão transversal";"Com Vítimas Feridas";"Pleno dia";"Crescente";"Nublado";"Simples";"Interseção de Vias";"Não";5;0;3;0;1;2;3;4;-20,30577418;-42,26805605;"SPRF-MG";"DEL06-MG";"UOP03-DEL06-MG"
486281;2022-11-12;"sábado";"11:20:00";"MG";381;908,2;"CAMBUI";"Velocidade Incompatível";"Tombamento";"Com Vítimas Feridas";"Pleno dia";"Decrescente";"Céu Claro";"Dupla";"Curva;Declive";"Não";3;0;1;0;1;1;1;3;-22,71744092;-46,12652111;"SPRF-MG";"DEL16-MG";"UOP03-DEL16-MG"
486291;2022-11-12;"sábado";"08:40:00";"PR";277;729;"FOZ DO IGUACU";"Ingestão de álcool pelo condutor";"Colisão lateral mesmo sentido";"Sem Vítimas";"Pleno dia";"Crescente";"Nublado";"Dupla";"Reta";"Sim";3;0;0;0;2;1;0;3;-25,50735506;-54,58471298;"SPRF-PR";"DEL05-PR";"UOP03-DEL05-PR"
486292;2022-11-12;"sábado";"12:40:00";"SP";116;217;"GUARULHOS";"Reação tardia ou ineficiente do condutor";"Colisão traseira";"Sem Vítimas";"Pleno dia";"Crescente";"Céu Claro";"Múltipla";"Reta";"Sim";1;0;0;0;1;0;0;1;-23,45423824;-46,47119028;"SPRF-SP";"DEL01-SP";"UOP01-DEL01-SP"
486299;2022-11-12;"sábado";"13:30:00";"RJ";116;298;"PORTO REAL";"Acessar a via sem observar a presença dos outros veículos";"Colisão traseira";"Com Vítimas Fatais";"Pleno dia";"Decrescente";"Céu Claro";"Dupla";"Reta";"Sim";5;1;1;0;2;1;1;3;-22,45083254;-44,33823701;"SPRF-RJ";"DEL07-RJ";"UOP02-DEL07-RJ"
486305;2022-11-12;"sábado";"14:00:00";"SC";101;215;"PALHOCA";"Reação tardia ou ineficiente do condutor";"Colisão lateral mesmo sentido";"Sem Vítimas";"Pleno dia";"Decrescente";"Céu Claro";"Múltipla";"Curva";"Sim";3;0;0;0;2;1;0;3;-27,65184843;-48,67604941;"SPRF-SC";"DEL01-SC";"UOP02-DEL01-SC"
486307;2022-11-12;"sábado";"13:40:00";"PR";277;2,5;"PARANAGUA";"Retorno proibido";"Colisão frontal";"Com Vítimas Feridas";"Pleno dia";"Decrescente";"Céu Claro";"Dupla";"Reta";"Sim";3;0;2;1;0;0;3;2;-25,537115;-48,556912;"SPRF-PR";"DEL01-PR";"UOP05-DEL01-PR"
486309;2022-11-12;"sábado";"14:00:00";"SP";116;216;"GUARULHOS";"Demais falhas mecânicas ou elétricas";"Colisão com objeto";"Com Vítimas Feridas";"Pleno dia";"Decrescente";"Céu Claro";"Múltipla";"Reta";"Sim";3;0;2;0;1;0;2;2;-23,45056589;-46,46258105;"SPRF-SP";"DEL01-SP";"UOP01-DEL01-SP"
486311;2022-11-12;"sábado";"15:00:00";"PB";230;88,1;"JOAO PESSOA";"Carga excessiva e/ou mal acondicionada";"Derramamento de carga";"Sem Vítimas";"Pleno dia";"Decrescente";"Céu Claro";"Dupla";"Curva";"Não";1;0;0;0;1;0;0;1;-7,16687189;-34,89648219;"SPRF-PB";"DEL01-PB";"UOP03-DEL01-PB"
486317;2022-11-12;"sábado";"14:20:00";"MG";381;502;"BETIM";"Condutor deixou de manter distância do veículo da frente";"Engavetamento";"Com Vítimas Feridas";"Pleno dia";"Crescente";"Céu Claro";"Dupla";"Reta";"Sim";6;0;2;0;4;0;2;4;-20,03619694;-44,24586303;"SPRF-MG";"DEL01-MG";"UOP03-DEL01-MG"
486321;2022-11-12;"sábado";"14:30:00";"MG";251;333,8;"FRUTA DE LEITE";"Velocidade Incompatível";"Tombamento";"Com Vítimas Feridas";"Pleno dia";"Decrescente";"Nublado";"Simples";"Curva";"Não";2;0;1;0;0;1;1;2;-16,25683842;-42,43114276;"SPRF-MG";"DEL12-MG";"UOP01-DEL12-MG"
486322;2022-11-12;"sábado";"14:45:00";"MG";50;157;"UBERABA";"Demais falhas mecânicas ou elétricas";"Incêndio";"Sem Vítimas";"Pleno dia";"Crescente";"Céu Claro";"Dupla";"Reta";"Não";2;0;0;0;1;1;0;2;-19,62528388;-48,01556068;"SPRF-MG";"DEL13-MG";"UOP01-DEL13-MG"
486326;2022-11-12;"sábado";"15:00:00";"MS";376;1,8;"DOURADOS";"Manobra de mudança de faixa";"Colisão frontal";"Com Vítimas Fatais";"Pleno dia";"Crescente";"Céu Claro";"Simples";"Reta";"Não";2;1;0;1;0;0;1;2;-22,22300006;-54,66789607;"SPRF-MS";"DEL04-MS";"UOP01-DEL04-MS"
486327;2022-11-12;"sábado";"13:00:00";"MS";163;103,5;"ITAQUIRAI";"Ausência de reação do condutor";"Saída de leito carroçável";"Com Vítimas Feridas";"Pleno dia";"Crescente";"Céu Claro";"Simples";"Reta";"Não";5;0;1;0;3;2;1;4;-23,25402074;-54,22770482;"SPRF-MS";"DEL09-MS";"UOP01-DEL09-MS"
486328;2022-11-12;"sábado";"14:40:00";"TO";153;352,1;"FORTALEZA DO TABOCAO";"Reação tardia ou ineficiente do condutor";"Engavetamento";"Com Vítimas Feridas";"Pleno dia";"Decrescente";"Nublado";"Simples";"Reta";"Não";9;0;1;0;7;1;1;4;-8,99597;-48,50060503;"SPRF-TO";"DEL02-TO";"UOP02-DEL02-TO"
486330;2022-11-12;"sábado";"14:55:00";"SE";235;52,5;"ITABAIANA";"Ingestão de álcool pelo condutor";"Colisão traseira";"Sem Vítimas";"Pleno dia";"Decrescente";"Céu Claro";"Simples";"Reta";"Sim";2;0;0;0;2;0;0;2;-10,693279;-37,437557;"SPRF-SE";"DEL01-SE";"UOP02-DEL01-SE"
486337;2022-11-12;"sábado";"16:30:00";"SC";101;88;"BARRA VELHA";"Carga excessiva e/ou mal acondicionada";"Colisão lateral mesmo sentido";"Com Vítimas Feridas";"Pleno dia";"Decrescente";"Sol";"Múltipla";"Reta";"Sim";3;0;1;0;1;1;1;3;-26,64253985;-48,68950684;"SPRF-SC";"DEL03-SC";"UOP02-DEL03-SC"
486338;2022-11-12;"sábado";"16:40:00";"ES";101;238;"FUNDAO";"Ausência de reação do condutor";"Colisão lateral mesmo sentido";"Com Vítimas Feridas";"Pleno dia";"Crescente";"Nublado";"Simples";"Reta";"Não";4;0;2;0;1;1;2;3;-20,00196;-40,41321;"SPRF-ES";"DEL02-ES";"UOP01-DEL02-ES"
486342;2022-11-12;"sábado";"16:30:00";"SC";101;207;"SAO JOSE";"Ausência de reação do condutor";"Colisão lateral mesmo sentido";"Sem Vítimas";"Pleno dia";"Decrescente";"Sol";"Dupla";"Reta";"Sim";4;0;0;0;3;1;0;4;-27,60327979;-48,63201818;"SPRF-SC";"DEL01-SC";"UOP01-DEL01-SC"
486355;2022-11-12;"sábado";"13:30:00";"RJ";116;225;"PIRAI";"Carga excessiva e/ou mal acondicionada";"Derramamento de carga";"Sem Vítimas";"Pleno dia";"Crescente";"Céu Claro";"Simples";"Reta";"Não";2;0;0;0;1;1;0;2;-22,66756107;-43,8175106;"SPRF-RJ";"DEL07-RJ";"UOP01-DEL07-RJ"
486364;2022-11-05;"sábado";"08:00:00";"RJ";116;99;"GUAPIMIRIM";"Demais falhas mecânicas ou elétricas";"Tombamento";"Com Vítimas Feridas";"Pleno dia";"Crescente";"Céu Claro";"Simples";"Curva";"Não";2;0;2;0;0;0;2;1;-22,48851488;-42,99935184;"SPRF-RJ";"DEL04-RJ";"UOP01-DEL04-RJ"
486366;2022-11-12;"sábado";"19:00:00";"RS";392;21;"RIO GRANDE";"Manobra de mudança de faixa";"Colisão traseira";"Com Vítimas Feridas";"Anoitecer";"Decrescente";"Céu Claro";"Dupla";"Reta";"Sim";4;0;1;0;3;0;1;2;-32,08769775;-52,20709106;"SPRF-RS";"DEL07-RS";"UOP02-DEL07-RS"
486377;2022-11-12;"sábado";"19:00:00";"SP";116;109;"TAUBATE";"Ausência de reação do condutor";"Colisão traseira";"Com Vítimas Feridas";"Plena Noite";"Decrescente";"Céu Claro";"Dupla";"Reta";"Não";4;0;1;0;2;1;1;3;-23,02871304;-45,54517097;"SPRF-SP";"DEL02-SP";"UOP02-DEL02-SP"
486382;2022-11-12;"sábado";"19:58:00";"MG";40;733,7;"OLIVEIRA FORTES";"Reação tardia ou ineficiente do condutor";"Colisão traseira";"Com Vítimas Feridas";"Plena Noite";"Crescente";"Céu Claro";"Dupla";"Curva";"Não";4;0;0;2;1;1;2;3;-21,35659703;-43,5810239;"SPRF-MG";"DEL05-MG";"UOP01-DEL05-MG"
486385;2022-11-12;"sábado";"20:10:00";"ES";101;344,9;"GUARAPARI";"Entrada inopinada do pedestre";"Atropelamento de Pedestre";"Com Vítimas Fatais";"Plena Noite";"Crescente";"Céu Claro";"Múltipla";"Reta";"Não";2;1;0;0;0;1;0;2;-20,66307033;-40,5994571;"SPRF-ES";"DEL03-ES";"UOP01-DEL03-ES"
486386;2022-11-12;"sábado";"20:20:00";"ES";262;145,8;"IBATIBA";"Velocidade Incompatível";"Colisão lateral sentido oposto";"Com Vítimas Feridas";"Plena Noite";"Decrescente";"Nublado";"Simples";"Curva";"Não";3;0;0;1;1;2;1;4;-20,23216053;-41,4136076;"SPRF-ES";"DEL01-ES";"UOP02-DEL01-ES"
486387;2022-11-12;"sábado";"20:30:00";"MG";381;893;"CAMBUI";"Transitar no acostamento";"Colisão lateral mesmo sentido";"Com Vítimas Feridas";"Plena Noite";"Decrescente";"Céu Claro";"Dupla";"Aclive";"Não";4;0;1;0;2;2;1;4;-22,6103125;-46,0623465;"SPRF-MG";"DEL16-MG";"UOP03-DEL16-MG"