"id";"data_inversa";"dia_semana";"horario";"uf";"br";"km";"municipio";"causa_acidente";"tipo_acidente";"classificacao_acidente";"fase_dia";"sentido_via";"condicao_metereologica";"tipo_pista";"tracado_via";"uso_solo";"pessoas";"mortos";"feridos_leves";"feridos_graves";"ilesos";"ignorados";"feridos";"veiculos";"latitude";"longitude";"regional";"delegacia";"uop"
486392;2022-11-12;"sábado";"16:15:00";"SC";470;258;"CURITIBANOS";"Reação tardia ou ineficiente do condutor";"Tombamento";"Com Vítimas Feridas";"Anoitecer";"Decrescente";"Céu Claro";"Simples";"Curva";"Não";2;0;1;0;0;1;1;2;-27,300754;-50,677346;"SPRF-SC";"DEL05-SC";"UOP03-DEL05-SC"
486394;2022-11-12;"sábado";"19:40:00";"RJ";356;38;"ITAPERUNA";"Condutor Dormindo";"Colisão frontal";"Com Vítimas Fatais";"Plena Noite";"Crescente";"Chuva";"Simples";"Reta";"Não";6;1;0;0;5;0;0;4;-21,21051895;-41,85951401;"SPRF-RJ";"DEL08-RJ";"UOP03-DEL08-RJ"
486396;2022-11-12;"sábado";"20:50:00";"SP";116;148;"SAO JOSE DOS CAMPOS";"Ausência de reação do condutor";"Colisão com objeto";"Com Vítimas Feridas";"Plena Noite";"Crescente";"Céu Claro";"Dupla";"Reta";"Sim";2;0;1;0;1;0;1;2;-23,20067421;-45,8795018;"SPRF-SP";"DEL02-SP";"UOP01-DEL02-SP"
486407;2022-11-12;"sábado";"19:44:00";"MT";70;517;"VARZEA GRANDE";"Reação tardia ou ineficiente do condutor";"Colisão lateral sentido oposto";"Com Vítimas Feridas";"Plena Noite";"Decrescente";"Céu Claro";"Simples";"Reta";"Sim";3;0;1;0;1;1;1;3;-15,67565744;-56,17642533;"SPRF-MT";"DEL01-MT";"UOP02-DEL01-MT"
486410;2022-11-12;"sábado";"18:30:00";"MG";116;414,9;"GOVERNADOR VALADARES";"Mal súbito do condutor";"Colisão frontal";"Com Vítimas Feridas";"Plena Noite";"Decrescente";"Céu Claro";"Simples";"Reta";"Sim";4;0;2;0;1;1;2;3;-18,88322408;-41,9536972;"SPRF-MG";"DEL06-MG";"UOP01-DEL06-MG"
486418;2022-11-12;"sábado";"19:30:00";"PA";230;1108;"ITAITUBA";"Deficiência do Sistema de Iluminação/Sinalização";"Colisão com objeto";"Sem Vítimas";"Anoitecer";"Crescente";"Céu Claro";"Simples";"Reta";"Não";5;0;0;0;4;3;0;5;-4,388794;-55,882881;"SPRF-PA";"DEL05-PA";"UOP01-DEL05-PA"
486421;2022-11-12;"sábado";"19:30:00";"SP";116;323;"JUQUITIBA";"Ingestão de álcool pelo condutor";"Colisão frontal";"Com Vítimas Feridas";"Plena Noite";"Decrescente";"Céu Claro";"Dupla";"Reta";"Não";6;0;1;1;3;1;2;4;-23,93663197;-47,03568002;"SPRF-SP";"DEL04-SP";"UOP03-DEL04-SP"
486424;2022-11-12;"sábado";"11:00:00";"AM";319;508;"TAPAUA";"Condutor deixou de manter distância do veículo da frente";"Colisão traseira";"Com Vítimas Feridas";"Pleno dia";"Decrescente";"Céu Claro";"Simples";"Reta";"Não";3;0;0;1;1;5;1;7;-6,33418491;-62,77810716;"SPRF-AM";"DEL01-AM";"UOP04-DEL01-AM"
486425;2022-11-12;"sábado";"22:10:00";"PR";373;229,6;"IMBITUVA";"Acessar a via sem observar a presença dos outros veículos";"Colisão transversal";"Com Vítimas Feridas";"Plena Noite";"Crescente";"Céu Claro";"Dupla";"Reta;Rotatória;Interseção de Vias";"Sim";4;0;1;1;1;3;2;6;-25,178;-50,653;"SPRF-PR";"DEL03-PR";"UOP01-DEL03-PR"
486428;2022-11-12;"sábado";"19:00:00";"SC";282;580;"PINHALZINHO";"Ingestão de álcool pelo condutor";"Tombamento";"Com Vítimas Feridas";"Plena Noite";"Decrescente";"Chuva";"Simples";"Rotatória";"Sim";2;0;1;0;0;1;1;2;-26,832148;-52,994308;"SPRF-SC";"DEL07-SC";"UOP02-DEL07-SC"
486434;2022-11-12;"sábado";"17:25:00";"MG";116;468,6;"TARUMIRIM";"Ausência de reação do condutor";"Saída de leito carroçável";"Sem Vítimas";"Pleno dia";"Decrescente";"Nublado";"Simples";"Reta";"Não";2;0;0;0;1;1;0;2;-19,30162475;-42,07997246;"SPRF-MG";"DEL06-MG";"UOP02-DEL06-MG"
486439;2022-11-12;"sábado";"19:40:00";"MS";158;3;"CASSILANDIA";"Reação tardia ou ineficiente do condutor";"Colisão lateral sentido oposto";"Sem Vítimas";"Plena Noite";"Decrescente";"Céu Claro";"Simples";"Reta";"Sim";4;0;0;0;3;3;0;6;-19,11975938;-51,73211299;"SPRF-MS";"DEL08-MS";"UOP01-DEL08-MS"
486440;2022-11-12;"sábado";"14:00:00";"MT";70;565;"NOSSA SENHORA DO LIVRAMENTO";"Mal súbito do condutor";"Colisão frontal";"Com Vítimas Feridas";"Pleno dia";"Crescente";"Nublado";"Simples";"Curva";"Não";3;0;0;1;1;1;1;3;-15,69411116;-56,44290597;"SPRF-MT";"DEL03-MT";"UOP02-DEL03-MT"
486441;2022-11-12;"sábado";"21:45:00";"MG";381;934,2;"EXTREMA";"Curva acentuada";"Tombamento";"Com Vítimas Feridas";"Plena Noite";"Decrescente";"Nublado";"Dupla";"Curva";"Não";2;0;1;0;0;1;1;2;-22,80538254;-46,25967313;"SPRF-MG";"DEL16-MG";"UOP03-DEL16-MG"
486442;2022-11-12;"sábado";"18:00:00";"PE";423;62;"LAJEDO";"Transitar na contramão";"Colisão frontal";"Com Vítimas Fatais";"Plena Noite";"Crescente";"Nublado";"Simples";"Reta";"Sim";5;1;0;0;2;2;0;4;-8,66011023;-36,33781395;"SPRF-PE";"DEL03-PE";"UOP01-DEL03-PE"
486449;2022-11-12;"sábado";"20:30:00";"PE";232;465,1;"MIRANDIBA";"Transitar na contramão";"Colisão frontal";"Com Vítimas Fatais";"Plena Noite";"Decrescente";"Céu Claro";"Simples";"Reta";"Não";2;1;0;0;1;0;0;2;-8,02484479;-38,75777201;"SPRF-PE";"DEL05-PE";"UOP01-DEL05-PE"
486450;2022-11-12;"sábado";"23:15:00";"MG";381;839;"SAO SEBASTIAO DA BELA VISTA";"Condutor Dormindo";"Saída de leito carroçável";"Com Vítimas Feridas";"Plena Noite";"Decrescente";"Nublado";"Dupla";"Reta";"Não";2;0;1;0;0;2;1;3;-22,19834327;-45,85343083;"SPRF-MG";"DEL16-MG";"UOP01-DEL16-MG"
486452;2022-11-13;"domingo";"00:00:00";"MG";251;430;"GRAO MOGOL";"Ausência de reação do condutor";"Tombamento";"Com Vítimas Feridas";"Plena Noite";"Crescente";"Céu Claro";"Simples";"Reta";"Não";3;0;2;0;0;1;2;2;-16,353917;-43,159598;"SPRF-MG";"DEL12-MG";"UOP01-DEL12-MG"
486453;2022-11-13;"domingo";"01:15:00";"ES";101;165;"LINHARES";"Condutor Dormindo";"Colisão frontal";"Com Vítimas Fatais";"Plena Noite";"Decrescente";"Nublado";"Simples";"Reta";"Não";5;2;0;0;1;4;0;6;-19,51360307;-40,1399459;"SPRF-ES";"DEL04-ES";"UOP01-DEL04-ES"
486454;2022-11-13;"domingo";"00:27:00";"SC";101;12,5;"GARUVA";"Condutor deixou de manter distância do veículo da frente";"Colisão traseira";"Com Vítimas Feridas";"Plena Noite";"Crescente";"Céu Claro";"Dupla";"Reta;Aclive";"Não";4;0;1;1;1;1;2;3;-26,08104399;-48,86175612;"SPRF-SC";"DEL03-SC";"UOP01-DEL03-SC"
486464;2022-11-13;"domingo";"01:20:00";"GO";153;201;"URUACU";"Ingestão de álcool pelo condutor";"Colisão frontal";"Com Vítimas Fatais";"Plena Noite";"Decrescente";"Céu Claro";"Simples";"Declive;Reta";"Sim";2;1;0;0;1;0;0;2;-14,536007;-49,161518;"SPRF-GO";"DEL07-GO";"UOP02-DEL07-GO"
486488;2022-11-13;"domingo";"00:40:00";"MS";158;192,1;"SELVIRIA";"Transitar na contramão";"Colisão frontal";"Com Vítimas Fatais";"Plena Noite";"Decrescente";"Céu Claro";"Simples";"Reta";"Não";3;1;0;0;1;2;0;4;-20,33222599;-51,41383942;"SPRF-MS";"DEL08-MS";"UOP01-DEL08-MS"
486489;2022-11-13;"domingo";"03:00:00";"PA";316;65;"CASTANHAL";"Ingestão de álcool pelo condutor";"Colisão traseira";"Sem Vítimas";"Plena Noite";"Crescente";"Céu Claro";"Dupla";"Reta";"Sim";2;0;0;0;2;0;0;2;-1,29580361;-47,91084002;"SPRF-PA";"DEL01-PA";"UOP01-DEL01-PA"
486494;2022-11-13;"domingo";"04:55:00";"ES";101;294,5;"CARIACICA";"Velocidade Incompatível";"Colisão com objeto";"Sem Vítimas";"Plena Noite";"Crescente";"Céu Claro";"Dupla";"Reta";"Sim";1;0;0;0;1;0;0;1;-20,32415948;-40,3952903;"SPRF-ES";"DEL01-ES";"UOP01-DEL01-ES"
486508;2022-11-12;"sábado";"22:00:00";"BA";101;365;"GANDU";"Transitar na contramão";"Colisão frontal";"Com Vítimas Feridas";"Plena Noite";"Crescente";"Céu Claro";"Simples";"Reta";"Não";3;0;1;0;1;1;1;3;-13,8723118;-39,49285679;"SPRF-BA";"DEL05-BA";"UOP03-DEL05-BA"
486510;2022-11-13;"domingo";"05:58:00";"MS";163;39,7;"ELDORADO";"Reação tardia ou ineficiente do condutor";"Tombamento";"Com Vítimas Fatais";"Pleno dia";"Decrescente";"Nublado";"Simples";"Reta";"Sim";3;1;0;0;1;3;0;5;-23,7948851;-54,28686992;"SPRF-MS";"DEL09-MS";"UOP02-DEL09-MS"
486513;2022-11-13;"domingo";"06:00:00";"RS";153;10,4;"SEVERIANO DE ALMEIDA";"Velocidade Incompatível";"Tombamento";"Com Vítimas Feridas";"Amanhecer";"Decrescente";"Céu Claro";"Simples";"Curva;Declive";"Não";2;0;1;0;0;1;1;2;-27,43454627;-52,03894258;"SPRF-RS";"DEL08-RS";"UOP04-DEL08-RS"
486514;2022-11-13;"domingo";"07:30:00";"SC";101;216;"PALHOCA";"Manobra de mudança de faixa";"Colisão lateral mesmo sentido";"Com Vítimas Feridas";"Pleno dia";"Crescente";"Céu Claro";"Múltipla";"Reta";"Sim";4;0;2;0;1;3;2;5;-27,65981409;-48,67747798;"SPRF-SC";"DEL01-SC";"UOP02-DEL01-SC"
486520;2022-11-13;"domingo";"06:40:00";"PR";376;660;"TIJUCAS DO SUL";"Acessar a via sem observar a presença dos outros veículos";"Queda de ocupante de veículo";"Com Vítimas Feridas";"Pleno dia";"Crescente";"Céu Claro";"Simples";"Desvio Temporário";"Não";3;0;2;0;1;0;2;3;-25,8516758;-49,00332398;"SPRF-PR";"DEL01-PR";"UOP04-DEL01-PR"
486522;2022-11-13;"domingo";"06:15:00";"RN";226;107;"SANTA CRUZ";"Avarias e/ou desgaste excessivo no pneu";"Tombamento";"Com Vítimas Feridas";"Amanhecer";"Crescente";"Chuva";"Simples";"Reta";"Não";5;0;2;2;0;1;4;2;-6,2449684;-35,98651488;"SPRF-RN";"DEL03-RN";"UOP02-DEL03-RN"
486540;2022-11-13;"domingo";"07:55:00";"MS";163;473,9;"CAMPO GRANDE";"Reação tardia ou ineficiente do condutor";"Engavetamento";"Com Vítimas Feridas";"Pleno dia";"Crescente";"Céu Claro";"Simples";"Aclive";"Não";5;0;1;0;3;3;1;7;-20,51838231;-54,56658567;"SPRF-MS";"DEL01-MS";"UOP01-DEL01-MS"
486542;2022-11-13;"domingo";"09:54:00";"MG";262;383;"MATEUS LEME";"Velocidade Incompatível";"Tombamento";"Com Vítimas Feridas";"Pleno dia";"Decrescente";"Céu Claro";"Dupla";"Curva;Declive";"Não";4;0;3;1;0;0;4;2;-19,935684;-44,45697;"SPRF-MG";"DEL01-MG";"UOP03-DEL01-MG"
486547;2022-11-13;"domingo";"09:15:00";"RO";364;690;"CANDEIAS DO JAMARI";"Ausência de reação do condutor";"Saída de leito carroçável";"Com Vítimas Feridas";"Pleno dia";"Crescente";"Céu Claro";"Simples";"Reta";"Não";3;0;2;0;0;3;2;4;-8,79523268;-63,67788703;"SPRF-RO";"DEL01-RO";"UOP01-DEL01-RO"
486548;2022-11-13;"domingo";"09:40:00";"GO";40;46;"LUZIANIA";"Condutor Dormindo";"Colisão lateral sentido oposto";"Com Vítimas Feridas";"Pleno dia";"Crescente";"Céu Claro";"Simples";"Declive;Reta";"Não";3;0;2;0;1;0;2;2;-16,411082;-47,823527;"SPRF-DF";"DEL01-DF";"UOP02-DEL01-DF"
486556;2022-11-13;"domingo";"10:00:00";"MG";116;733,2;"LARANJAL";"Entrada inopinada do pedestre";"Atropelamento de Pedestre";"Com Vítimas Feridas";"Pleno dia";"Crescente";"Nublado";"Simples";"Reta";"Não";3;0;1;0;1;2;1;4;-21,33792021;-42,45883159;"SPRF-MG";"DEL07-MG";"UOP02-DEL07-MG"
486558;2022-11-13;"domingo";"11:15:00";"ES";101;343,4;"GUARAPARI";"Velocidade Incompatível";"Capotamento";"Com Vítimas Feridas";"Pleno dia";"Crescente";"Céu Claro";"Dupla";"Curva";"Não";3;0;1;1;0;1;2;2;-20,66191662;-40,59045821;"SPRF-ES";"DEL03-ES";"UOP01-DEL03-ES"
486564;2022-11-13;"domingo";"11:39:00";"ES";101;372;"ICONHA";"Velocidade Incompatível";"Colisão frontal";"Com Vítimas Feridas";"Pleno dia";"Decrescente";"Céu Claro";"Simples";"Curva";"Não";3;0;1;0;1;1;1;3;-20,77215419;-40,77695658;"SPRF-ES";"DEL03-ES";"UOP01-DEL03-ES"
486565;2022-11-13;"domingo";"12:00:00";"PR";163;177,3;"LINDOESTE";"Velocidade Incompatível";"Tombamento";"Com Vítimas Feridas";"Pleno dia";"Decrescente";"Nublado";"Dupla";"Curva";"Não";2;0;1;0;0;1;1;2;-25,2011763;-53,60081316;"SPRF-PR";"DEL05-PR";"UOP05-DEL05-PR"
486566;2022-11-13;"domingo";"12:30:00";"SP";381;60,5;"MAIRIPORA";"Reação tardia ou ineficiente do condutor";"Tombamento";"Com Vítimas Feridas";"Pleno dia";"Crescente";"Céu Claro";"Dupla";"Curva;Declive";"Não";2;0;1;0;0;1;1;2;-23,291143;-46,585015;"SPRF-SP";"DEL03-SP";"UOP01-DEL03-SP"
486571;2022-11-13;"domingo";"06:30:00";"MG";381;390;"BARAO DE COCAIS";"Ausência de reação do condutor";"Saída de leito carroçável";"Com Vítimas Feridas";"Pleno dia";"Decrescente";"Céu Claro";"Simples";"Reta";"Não";2;0;1;0;0;1;1;2;-19,77537194;-43,44320495;"SPRF-MG";"DEL01-MG";"UOP01-DEL01-MG"
486574;2022-11-13;"domingo";"14:20:00";"GO";153;83;"PORANGATU";"Transitar na contramão";"Colisão lateral sentido oposto";"Com Vítimas Fatais";"Pleno dia";"Crescente";"Céu Claro";"Simples";"Reta";"Não";4;1;0;0;2;1;0;3;-13,542865;-49,104237;"SPRF-GO";"DEL07-GO";"UOP01-DEL07-GO"
486583;2022-11-13;"domingo";"14:50:00";"RJ";101;203;"CASIMIRO DE ABREU";"Condutor deixou de manter distância do veículo da frente";"Colisão traseira";"Com Vítimas Feridas";"Pleno dia";"Crescente";"Céu Claro";"Dupla";"Reta";"Não";2;0;1;0;1;0;1;2;-22,47557761;-42,17219006;"SPRF-RJ";"DEL08-RJ";"UOP04-DEL08-RJ"
486587;2022-11-13;"domingo";"12:25:00";"AL";101;28,9;"JOAQUIM GOMES";"Velocidade Incompatível";"Saída de leito carroçável";"Com Vítimas Feridas";"Pleno dia";"Decrescente";"Chuva";"Simples";"Curva";"Não";2;0;1;0;0;1;1;2;-9,06864496;-35,74109702;"SPRF-AL";"DEL01-AL";"UOP02-DEL01-AL"
486599;2022-11-13;"domingo";"15:00:00";"SE";101;76;"MARUIM";"Ingestão de álcool pelo condutor";"Colisão lateral mesmo sentido";"Com Vítimas Feridas";"Pleno dia";"Crescente";"Céu Claro";"Simples";"Reta";"Sim";7;0;4;0;2;5;4;9;-10,77357687;-37,12583705;"SPRF-SE";"DEL01-SE";"UOP01-DEL01-SE"
486606;2022-11-13;"domingo";"10:33:00";"SP";153;137,3;"PROMISSAO";"Condutor deixou de manter distância do veículo da frente";"Engavetamento";"Com Vítimas Feridas";"Pleno dia";"Decrescente";"Céu Claro";"Simples";"Reta";"Não";4;0;1;0;2;2;1;5;-21,30103796;-49,79359234;"SPRF-SP";"DEL07-SP";"UOP01-DEL07-SP"
486607;2022-11-13;"domingo";"13:15:00";"PE";101;137;"ESCADA";"Curva acentuada";"Saída de leito carroçável";"Sem Vítimas";"Pleno dia";"Crescente";"Nublado";"Dupla";"Curva";"Não";2;0;0;0;1;2;0;3;-8,41675194;-35,31126636;"SPRF-PE";"DEL01-PE";"UOP03-DEL01-PE"
486608;2022-11-13;"domingo";"14:45:00";"RS";290;405;"SANTA MARGARIDA DO SUL";"Condutor Dormindo";"Colisão frontal";"Com Vítimas Feridas";"Pleno dia";"Crescente";"Chuva";"Simples";"Ponte;Reta";"Não";4;0;1;0;3;0;1;4;-30,36434047;-54,20800209;"SPRF-RS";"DEL09-RS";"UOP02-DEL09-RS"
486610;2022-11-13;"domingo";"16:30:00";"MG";381;873,9;"ESTIVA";"Velocidade Incompatível";"Tombamento";"Com Vítimas Feridas";"Pleno dia";"Crescente";"Nublado";"Dupla";"Declive;Curva";"Não";2;0;1;0;0;1;1;2;-22,42096652;-45,96571326;"SPRF-MG";"DEL16-MG";"UOP01-DEL16-MG"
486612;2022-11-13;"domingo";"15:30:00";"RS";386;109,9;"SARANDI";"Velocidade Incompatível";"Colisão traseira";"Com Vítimas Feridas";"Pleno dia";"Decrescente";"Céu Claro";"Simples";"Reta;Aclive";"Não";3;0;2;0;0;1;2;2;-27,7973461;-53,052352;"SPRF-RS";"DEL08-RS";"UOP01-DEL08-RS"
486627;2022-11-13;"domingo";"17:20:00";"BA";116;530;"FEIRA DE SANTANA";"Carga excessiva e/ou mal acondicionada";"Incêndio";"Sem Vítimas";"Anoitecer";"Decrescente";"Céu Claro";"Dupla";"Reta";"Sim";4;0;0;0;1;3;0;3;-12,288593;-39,0105308;"SPRF-BA";"DEL03-BA";"UOP02-DEL03-BA"
486629;2022-11-13;"domingo";"18:50:00";"SE";101;77;"MARUIM";"Acessar a via sem observar a presença dos outros veículos";"Colisão frontal";"Com Vítimas Feridas";"Plena Noite";"Decrescente";"Céu Claro";"Simples";"Reta";"Não";4;0;1;0;1;3;1;4;-10,776609;-37,13439;"SPRF-SE";"DEL01-SE";"UOP01-DEL01-SE"
486655;2022-11-13;"domingo";"19:30:00";"BA";116;426;"FEIRA DE SANTANA";"Conversão proibida";"Colisão transversal";"Com Vítimas Feridas";"Plena Noite";"Crescente";"Céu Claro";"Simples";"Curva";"Sim";5;0;1;1;0;3;2;4;-12,25551167;-38,98942709;"SPRF-BA";"DEL02-BA";"UOP01-DEL02-BA"
486658;2022-11-13;"domingo";"19:00:00";"SP";381;31,9;"ATIBAIA";"Reação tardia ou ineficiente do condutor";"Colisão traseira";"Sem Vítimas";"Plena Noite";"Decrescente";"Chuva";"Dupla";"Reta";"Não";5;0;0;0;4;1;0;5;-23,0559669;-46,57063716;"SPRF-SP";"DEL03-SP";"UOP02-DEL03-SP"
486661;2022-11-13;"domingo";"20:05:00";"MG";365;162,4;"PIRAPORA";"Acessar a via sem observar a presença dos outros veículos";"Colisão transversal";"Com Vítimas Feridas";"Plena Noite";"Crescente";"Nublado";"Simples";"Reta";"Sim";3;0;1;1;1;0;2;3;-17,366379;-44,93767;"SPRF-MG";"DEL12-MG";"UOP01-DEL12-MG"
486666;2022-11-13;"domingo";"19:30:00";"PR";277;123,1;"BALSA NOVA";"Ausência de reação do condutor";"Colisão com objeto";"Sem Vítimas";"Plena Noite";"Decrescente";"Chuva";"Dupla";"Reta";"Sim";2;0;0;0;1;2;0;3;-25,46170027;-49,57930326;"SPRF-PR";"DEL03-PR";"UOP03-DEL03-PR"
486668;2022-11-13;"domingo";"19:35:00";"SC";280;159,8;"MAFRA";"Ultrapassagem Indevida";"Capotamento";"Com Vítimas Feridas";"Plena Noite";"Crescente";"Céu Claro";"Simples";"Reta;Aclive";"Não";5;0;2;0;1;2;2;4;-26,20208315;-49,76143098;"SPRF-SC";"DEL06-SC";"UOP03-DEL06-SC"
486675;2022-11-13;"domingo";"15:20:00";"PR";376;324,5;"ORTIGUEIRA";"Reação tardia ou ineficiente do condutor";"Colisão frontal";"Com Vítimas Fatais";"Pleno dia";"Crescente";"Chuva";"Simples";"Curva";"Não";6;1;0;3;1;1;3;3;-24,08335501;-51,05936802;"SPRF-PR";"DEL07-PR";"UOP02-DEL07-PR"
486681;2022-11-13;"domingo";"21:00:00";"RJ";116;67;"TERESOPOLIS";"Acessar a via sem observar a presença dos outros veículos";"Colisão transversal";"Com Vítimas Feridas";"Plena Noite";"Decrescente";"Céu Claro";"Simples";"Declive";"Sim";4;0;1;0;2;2;1;4;-22,316056;-42,93772;"SPRF-RJ";"DEL04-RJ";"UOP01-DEL04-RJ"
486693;2022-11-13;"domingo";"19:20:00";"MT";70;178;"GENERAL CARNEIRO";"Condutor deixou de manter distância do veículo da frente";"Colisão frontal";"Com Vítimas Feridas";"Plena Noite";"Decrescente";"Céu Claro";"Simples";"Declive";"Não";3;0;1;1;0;3;2;5;-15,65395772;-53,5833174;"SPRF-MT";"DEL05-MT";"UOP01-DEL05-MT"
486694;2022-11-13;"domingo";"23:50:00";"MG";40;474,2;"SETE LAGOAS";"Demais falhas mecânicas ou elétricas";"Tombamento";"Sem Vítimas";"Plena Noite";"Crescente";"Céu Claro";"Dupla";"Reta";"Sim";1;0;0;0;1;0;0;1;-19,49804878;-44,27929974;"SPRF-MG";"DEL02-MG";"UOP01-DEL02-MG"
486705;2022-11-13;"domingo";"21:00:00";"MS";163;115;"ITAQUIRAI";"Condutor deixou de manter distância do veículo da frente";"Colisão lateral mesmo sentido";"Sem Vítimas";"Plena Noite";"Crescente";"Ignorado";"Simples";"Reta";"Não";2;0;0;0;1;1;0;2;-23,14892;-54,197526;"SPRF-MS";"DEL09-MS";"UOP01-DEL09-MS"
486707;2022-11-13;"domingo";"23:25:00";"MS";163;483;"CAMPO GRANDE";"Acessar a via sem observar a presença dos outros veículos";"Colisão transversal";"Com Vítimas Feridas";"Plena Noite";"Crescente";"Nublado";"Simples";"Reta";"Sim";4;0;0;2;1;2;2;4;-20,45726263;-54,54671829;"SPRF-MS";"DEL01-MS";"UOP02-DEL01-MS"
486713;2022-11-14;"segunda-feira";"01:25:00";"SC";116;277;"CAPAO ALTO";"Ingestão de álcool pelo condutor";"Colisão lateral mesmo sentido";"Sem Vítimas";"Plena Noite";"Crescente";"Nublado";"Simples";"Reta";"Não";4;0;0;0;4;0;0;2;-28,02261627;-50,55760353;"SPRF-SC";"DEL05-SC";"UOP02-DEL05-SC"
486728;2022-11-14;"segunda-feira";"04:30:00";"GO";60;13;"ALEXANIA";"Manobra de mudança de faixa";"Colisão traseira";"Sem Vítimas";"Amanhecer";"Decrescente";"Céu Claro";"Dupla";"Reta;Aclive";"Não";3;0;0;0;2;1;0;3;-16,094168;-48,517212;"SPRF-DF";"DEL03-DF";"UOP01-DEL03-DF"
486736;2022-11-14;"segunda-feira";"06:00:00";"PB";230;180,5;"POCINHOS";"Transitar na contramão";"Colisão frontal";"Com Vítimas Fatais";"Pleno dia";"Crescente";"Céu Claro";"Simples";"Reta";"Não";3;1;0;0;1;1;0;3;-7,165;-36,067;"SPRF-PB";"DEL02-PB";"UOP02-DEL02-PB"
486739;2022-11-14;"segunda-feira";"06:55:00";"MG";116;748;"LEOPOLDINA";"Ultrapassagem Indevida";"Colisão frontal";"Com Vítimas Feridas";"Pleno dia";"Crescente";"Céu Claro";"Simples";"Ponte;Reta";"Não";6;0;2;2;2;0;4;3;-21,429308;-42,51473;"SPRF-MG";"DEL07-MG";"UOP01-DEL07-MG"
486754;2022-11-07;"segunda-feira";"00:40:00";"PR";272;377,6;"CAMPO MOURAO";"Reação tardia ou ineficiente do condutor";"Colisão com objeto";"Com Vítimas Feridas";"Plena Noite";"Decrescente";"Céu Claro";"Simples";"Reta";"Não";3;0;1;0;0;2;1;3;-24,06074886;-52,492907;"SPRF-PR";"DEL09-PR";"UOP03-DEL09-PR"
486758;2022-11-14;"segunda-feira";"09:00:00";"SC";101;32;"JOINVILLE";"Acesso irregular";"Colisão traseira";"Com Vítimas Feridas";"Pleno dia";"Decrescente";"Garoa/Chuvisco";"Dupla";"Reta";"Sim";4;0;0;1;1;2;1;4;-26,226987;-48,91657;"SPRF-SC";"DEL03-SC";"UOP01-DEL03-SC"
486759;2022-11-14;"segunda-feira";"05:40:00";"PI";316;116;"PASSAGEM FRANCA DO PIAUI";"Frear bruscamente";"Colisão traseira";"Com Vítimas Feridas";"Amanhecer";"Decrescente";"Céu Claro";"Simples";"Reta";"Não";2;0;1;0;1;0;1;1;-5,92707069;-42,38666471;"SPRF-PI";"DEL04-PI";"UOP02-DEL04-PI"
486766;2022-11-14;"segunda-feira";"06:20:00";"PR";153;52,1;"SANTO ANTONIO DA PLATINA";"Transitar na contramão";"Colisão frontal";"Com Vítimas Fatais";"Amanhecer";"Decrescente";"Nublado";"Dupla";"Reta";"Não";3;2;0;0;1;0;0;2;-23,38045053;-50,06145351;"SPRF-PR";"DEL07-PR";"UOP04-DEL07-PR"
486770;2022-11-14;"segunda-feira";"08:35:00";"RO";364;232,6;"CACOAL";"Manobra de mudança de faixa";"Colisão frontal";"Com Vítimas Fatais";"Pleno dia";"Crescente";"Céu Claro";"Simples";"Reta;Declive";"Não";3;1;0;0;1;3;0;5;-11,463614;-61,410935;"SPRF-RO";"DEL02-RO";"UOP02-DEL02-RO"
486775;2022-11-14;"segunda-feira";"10:10:00";"SC";280;32,2;"ARAQUARI";"Reação tardia ou ineficiente do condutor";"Colisão traseira";"Com Vítimas Feridas";"Pleno dia";"Decrescente";"Céu Claro";"Simples";"Aclive;Reta";"Não";4;0;2;0;2;0;2;3;-26,420618;-48,779335;"SPRF-SC";"DEL03-SC";"UOP03-DEL03-SC"
486777;2022-11-14;"segunda-feira";"11:30:00";"SP";116;230;"SAO PAULO";"Chuva";"Colisão traseira";"Com Vítimas Feridas";"Pleno dia";"Crescente";"Sol";"Múltipla";"Reta";"Não";3;0;1;0;1;1;1;3;-23,52251783;-46,5855702;"SPRF-SP";"DEL01-SP";"UOP01-DEL01-SP"
486779;2022-11-14;"segunda-feira";"08:40:00";"BA";235;471,4;"CASA NOVA";"Manobra de mudança de faixa";"Colisão frontal";"Com Vítimas Feridas";"Pleno dia";"Decrescente";"Céu Claro";"Simples";"Declive";"Não";7;0;0;1;6;0;1;2;-9,21903241;-41,07170105;"SPRF-BA";"DEL04-BA";"UOP01-DEL04-BA"
486785;2022-11-14;"segunda-feira";"12:19:00";"TO";153;504;"PARAISO DO TOCANTINS";"Acessar a via sem observar a presença dos outros veículos";"Colisão transversal";"Com Vítimas Feridas";"Pleno dia";"Decrescente";"Céu Claro";"Simples";"Interseção de Vias;Reta";"Não";2;0;0;1;1;0;1;2;-10,24938117;-48,87854397;"SPRF-TO";"DEL01-TO";"UOP01-DEL01-TO"
486812;2022-11-14;"segunda-feira";"14:20:00";"SC";282;526,9;"XAXIM";"Condutor Dormindo";"Colisão frontal";"Com Vítimas Fatais";"Pleno dia";"Crescente";"Sol";"Simples";"Curva";"Não";4;1;0;1;0;2;1;4;-26,9716247;-52,5825442;"SPRF-SC";"DEL07-SC";"UOP01-DEL07-SC"
486814;2022-11-14;"segunda-feira";"15:00:00";"DF";20;5,6;"BRASILIA";"Chuva";"Colisão lateral mesmo sentido";"Com Vítimas Feridas";"Pleno dia";"Crescente";"Chuva";"Dupla";"Reta";"Não";5;0;3;0;2;0;3;3;-15,670546;-47,816044;"SPRF-DF";"DEL02-DF";"UOP01-DEL02-DF"
486815;2022-11-14;"segunda-feira";"15:40:00";"BA";101;858;"TEIXEIRA DE FREITAS";"Transitar na contramão";"Colisão frontal";"Com Vítimas Feridas";"Pleno dia";"Crescente";"Céu Claro";"Simples";"Declive";"Não";2;0;0;1;1;0;1;2;-17,58553983;-39,74107631;"SPRF-BA";"DEL09-BA";"UOP02-DEL09-BA"