"id";"data_inversa";"dia_semana";"horario";"uf";"br";"km";"municipio";"causa_acidente";"tipo_acidente";"classificacao_acidente";"fase_dia";"sentido_via";"condicao_metereologica";"tipo_pista";"tracado_via";"uso_solo";"pessoas";"mortos";"feridos_leves";"feridos_graves";"ilesos";"ignorados";"feridos";"veiculos";"latitude";"longitude";"regional";"delegacia";"uop"
486816;2022-11-14;"segunda-feira";"14:40:00";"PE";423;104;"GARANHUNS";"Transitar na contramão";"Colisão lateral sentido oposto";"Com Vítimas Feridas";"Pleno dia";"Crescente";"Céu Claro";"Simples";"Aclive;Reta";"Não";3;0;1;0;1;1;1;3;-8,87705776;-36,55534007;"SPRF-PE";"DEL03-PE";"UOP01-DEL03-PE"
486817;2022-11-14;"segunda-feira";"15:00:00";"RS";392;4,6;"RIO GRANDE";"Acessar a via sem observar a presença dos outros veículos";"Colisão transversal";"Com Vítimas Feridas";"Pleno dia";"Decrescente";"Céu Claro";"Simples";"Reta";"Não";3;0;1;0;1;1;1;3;-32,074117;-52,099456;"SPRF-RS";"DEL07-RS";"UOP02-DEL07-RS"
486818;2022-11-14;"segunda-feira";"16:15:00";"PR";277;45;"MORRETES";"Transitar no acostamento";"Colisão lateral mesmo sentido";"Sem Vítimas";"Pleno dia";"Decrescente";"Céu Claro";"Dupla";"Reta";"Não";3;0;0;0;2;2;0;4;-25,58236192;-48,86961092;"SPRF-PR";"DEL01-PR";"UOP01-DEL01-PR"
486824;2022-11-14;"segunda-feira";"17:00:00";"MG";381;365;"SAO GONCALO DO RIO ABAIXO";"Pista Escorregadia";"Colisão frontal";"Com Vítimas Feridas";"Pleno dia";"Crescente";"Céu Claro";"Simples";"Curva";"Não";3;0;1;0;1;1;1;3;-19,854651;-43,261071;"SPRF-MG";"DEL03-MG";"UOP01-DEL03-MG"
486835;2022-11-14;"segunda-feira";"17:15:00";"PR";277;209;"TEIXEIRA SOARES";"Reação tardia ou ineficiente do condutor";"Saída de leito carroçável";"Com Vítimas Feridas";"Pleno dia";"Crescente";"Céu Claro";"Simples";"Curva";"Não";2;0;1;0;0;1;1;2;-25,46432536;-50,37626266;"SPRF-PR";"DEL08-PR";"UOP02-DEL08-PR"
486839;2022-11-14;"segunda-feira";"16:05:00";"MG";251;473,4;"FRANCISCO SA";"Demais falhas mecânicas ou elétricas";"Colisão com objeto";"Com Vítimas Feridas";"Pleno dia";"Crescente";"Chuva";"Simples";"Curva;Declive";"Não";2;0;0;1;0;1;1;2;-16,47012768;-43,44753404;"SPRF-MG";"DEL12-MG";"UOP01-DEL12-MG"
486843;2022-11-14;"segunda-feira";"17:20:00";"SC";101;214;"PALHOCA";"Trafegar com motocicleta (ou similar) entre as faixas";"Colisão lateral mesmo sentido";"Com Vítimas Feridas";"Anoitecer";"Crescente";"Céu Claro";"Dupla";"Reta";"Sim";3;0;0;1;2;0;1;3;-27,64443;-48,67057;"SPRF-SC";"DEL01-SC";"UOP02-DEL01-SC"
486853;2022-11-14;"segunda-feira";"19:15:00";"CE";116;16,8;"ITAITINGA";"Condutor deixou de manter distância do veículo da frente";"Colisão traseira";"Com Vítimas Feridas";"Plena Noite";"Crescente";"Céu Claro";"Dupla";"Reta";"Sim";2;0;1;0;1;0;1;2;-3,88732794;-38,50185439;"SPRF-CE";"DEL01-CE";"UOP02-DEL01-CE"
486854;2022-11-14;"segunda-feira";"13:30:00";"SP";116;12,1;"QUELUZ";"Ausência de reação do condutor";"Colisão traseira";"Com Vítimas Feridas";"Pleno dia";"Decrescente";"Nublado";"Múltipla";"Reta";"Não";7;0;3;1;1;2;4;5;-22,54819028;-44,80604595;"SPRF-SP";"DEL08-SP";"UOP02-DEL08-SP"
486857;2022-11-14;"segunda-feira";"18:30:00";"CE";20;239,1;"MADALENA";"Manobra de mudança de faixa";"Colisão frontal";"Com Vítimas Feridas";"Anoitecer";"Crescente";"Céu Claro";"Simples";"Reta";"Não";4;0;0;1;2;1;1;4;-4,854955;-39,573919;"SPRF-CE";"DEL02-CE";"UOP02-DEL02-CE"
486858;2022-11-14;"segunda-feira";"10:00:00";"RJ";116;228;"PIRAI";"Problema com o freio";"Tombamento";"Com Vítimas Feridas";"Pleno dia";"Decrescente";"Nublado";"Dupla";"Curva;Declive";"Não";1;0;1;0;0;0;1;1;-22,660623;-43,82667;"SPRF-RJ";"DEL07-RJ";"UOP01-DEL07-RJ"
486870;2022-11-14;"segunda-feira";"07:00:00";"MG";267;289;"BAEPENDI";"Velocidade Incompatível";"Capotamento";"Com Vítimas Feridas";"Amanhecer";"Crescente";"Chuva";"Simples";"Curva";"Não";1;0;1;0;0;0;1;1;-21,92477423;-44,80183983;"SPRF-MG";"DEL17-MG";"UOP01-DEL17-MG"
486873;2022-11-14;"segunda-feira";"20:10:00";"ES";101;160;"LINHARES";"Conversão proibida";"Colisão frontal";"Com Vítimas Fatais";"Plena Noite";"Crescente";"Céu Claro";"Simples";"Reta";"Não";5;1;0;1;2;1;1;4;-19,47662979;-40,11402541;"SPRF-ES";"DEL04-ES";"UOP01-DEL04-ES"
486886;2022-11-14;"segunda-feira";"21:30:00";"PE";232;12,5;"JABOATAO DOS GUARARAPES";"Entrada inopinada do pedestre";"Atropelamento de Pedestre";"Com Vítimas Fatais";"Plena Noite";"Decrescente";"Chuva";"Dupla";"Reta;Aclive";"Não";2;1;0;0;1;0;0;2;-8,087742;-35,008757;"SPRF-PE";"DEL01-PE";"UOP01-DEL01-PE"
486904;2022-11-15;"terça-feira";"00:10:00";"RJ";116;192;"NOVA IGUACU";"Condutor deixou de manter distância do veículo da frente";"Colisão traseira";"Com Vítimas Feridas";"Plena Noite";"Crescente";"Céu Claro";"Dupla";"Reta";"Não";3;0;1;0;1;1;1;3;-22,74207737;-43,5192401;"SPRF-RJ";"DEL01-RJ";"UOP02-DEL01-RJ"
486908;2022-11-15;"terça-feira";"00:30:00";"RS";101;84,6;"OSORIO";"Reação tardia ou ineficiente do condutor";"Colisão com objeto";"Com Vítimas Feridas";"Plena Noite";"Decrescente";"Céu Claro";"Dupla";"Rotatória";"Sim";2;0;1;0;0;1;1;2;-29,869242;-50,251765;"SPRF-RS";"DEL03-RS";"UOP01-DEL03-RS"
486909;2022-11-14;"segunda-feira";"21:00:00";"MG";116;593,3;"MANHUACU";"Demais falhas mecânicas ou elétricas";"Colisão com objeto";"Sem Vítimas";"Plena Noite";"Crescente";"Chuva";"Simples";"Reta;Aclive";"Não";2;0;0;0;1;1;0;2;-20,27877125;-42,14511164;"SPRF-MG";"DEL06-MG";"UOP03-DEL06-MG"
486912;2022-11-15;"terça-feira";"00:10:00";"CE";222;5,1;"CAUCAIA";"Manobra de mudança de faixa";"Colisão lateral mesmo sentido";"Sem Vítimas";"Plena Noite";"Crescente";"Céu Claro";"Dupla";"Reta";"Sim";2;0;0;0;1;1;0;2;-3,74296918;-38,61330997;"SPRF-CE";"DEL01-CE";"UOP01-DEL01-CE"
486916;2022-11-15;"terça-feira";"00:57:00";"MG";365;398;"PATOS DE MINAS";"Ausência de sinalização";"Colisão traseira";"Com Vítimas Feridas";"Plena Noite";"Crescente";"Garoa/Chuvisco";"Simples";"Reta;Aclive";"Não";3;0;1;0;1;2;1;4;-18,62844934;-46,40554592;"SPRF-MG";"DEL10-MG";"UOP01-DEL10-MG"
486920;2022-11-15;"terça-feira";"02:30:00";"SC";101;112;"ITAJAI";"Ingestão de álcool pelo condutor";"Colisão lateral mesmo sentido";"Sem Vítimas";"Plena Noite";"Crescente";"Céu Claro";"Dupla";"Reta";"Não";3;0;0;0;2;1;0;3;-26,84589005;-48,72131295;"SPRF-SC";"DEL04-SC";"UOP04-DEL04-SC"
486923;2022-11-15;"terça-feira";"04:30:00";"GO";153;507,1;"APARECIDA DE GOIANIA";"Condutor Dormindo";"Colisão com objeto";"Com Vítimas Feridas";"Amanhecer";"Decrescente";"Nublado";"Dupla";"Reta";"Sim";2;0;1;0;0;1;1;2;-16,7715;-49,2387;"SPRF-GO";"DEL01-GO";"UOP03-DEL01-GO"
486927;2022-11-15;"terça-feira";"02:30:00";"SC";470;200,1;"PONTE ALTA";"Objeto estático sobre o leito carroçável";"Colisão com objeto";"Com Vítimas Feridas";"Plena Noite";"Crescente";"Céu Claro";"Simples";"Reta";"Não";3;0;1;0;1;2;1;4;-27,305405;-50,136627;"SPRF-SC";"DEL05-SC";"UOP03-DEL05-SC"
486928;2022-11-15;"terça-feira";"02:30:00";"MG";356;279,3;"EUGENOPOLIS";"Condutor Dormindo";"Colisão com objeto";"Com Vítimas Feridas";"Plena Noite";"Crescente";"Céu Claro";"Simples";"Reta;Aclive";"Não";3;0;3;0;0;0;3;1;-21,12511085;-42,2536442;"SPRF-MG";"DEL07-MG";"UOP02-DEL07-MG"
486930;2022-11-15;"terça-feira";"05:29:00";"MG";153;108;"PRATA";"Ingestão de álcool pelo condutor";"Colisão com objeto";"Sem Vítimas";"Pleno dia";"Decrescente";"Céu Claro";"Dupla";"Rotatória";"Sim";3;0;0;0;2;2;0;4;-19,29654087;-48,90748046;"SPRF-MG";"DEL15-MG";"UOP03-DEL15-MG"
486934;2022-11-15;"terça-feira";"06:33:00";"SC";101;204;"SAO JOSE";"Manobra de mudança de faixa";"Colisão lateral mesmo sentido";"Com Vítimas Feridas";"Pleno dia";"Crescente";"Céu Claro";"Dupla";"Curva";"Sim";3;0;1;0;1;1;1;3;-27,578213;-48,613662;"SPRF-SC";"DEL01-SC";"UOP01-DEL01-SC"
486939;2022-11-15;"terça-feira";"06:20:00";"MG";381;500,9;"BETIM";"Condutor Dormindo";"Tombamento";"Com Vítimas Feridas";"Pleno dia";"Decrescente";"Céu Claro";"Múltipla";"Reta";"Não";1;0;1;0;0;0;1;1;-20,009877;-44,218005;"SPRF-MG";"DEL01-MG";"UOP03-DEL01-MG"
486949;2022-11-15;"terça-feira";"06:45:00";"SC";101;43;"JOINVILLE";"Manobra de mudança de faixa";"Engavetamento";"Com Vítimas Feridas";"Pleno dia";"Decrescente";"Céu Claro";"Dupla";"Reta";"Sim";8;0;1;0;4;3;1;6;-26,3343454;-48,86100769;"SPRF-SC";"DEL03-SC";"UOP01-DEL03-SC"
486958;2022-11-15;"terça-feira";"07:25:00";"PR";163;138,4;"CAPITAO LEONIDAS MARQUES";"Ingestão de álcool pelo condutor";"Colisão lateral mesmo sentido";"Sem Vítimas";"Pleno dia";"Decrescente";"Céu Claro";"Simples";"Reta";"Sim";3;0;0;0;1;2;0;3;-25,48759992;-53,59319687;"SPRF-PR";"DEL05-PR";"UOP05-DEL05-PR"
486968;2022-11-15;"terça-feira";"06:30:00";"BA";101;242;"CONCEICAO DO ALMEIDA";"Ausência de reação do condutor";"Colisão frontal";"Com Vítimas Feridas";"Pleno dia";"Crescente";"Céu Claro";"Simples";"Reta;Aclive";"Não";4;0;3;0;1;0;3;2;-12,86332718;-39,21430032;"SPRF-BA";"DEL01-BA";"UOP02-DEL01-BA"
486970;2022-11-15;"terça-feira";"10:10:00";"ES";101;408;"ITAPEMIRIM";"Condutor Dormindo";"Tombamento";"Com Vítimas Feridas";"Pleno dia";"Crescente";"Nublado";"Simples";"Curva";"Não";3;0;1;0;1;1;1;2;-20,89068697;-41,03879708;"SPRF-ES";"DEL03-ES";"UOP02-DEL03-ES"
486974;2022-11-15;"terça-feira";"10:50:00";"SC";101;63;"ARAQUARI";"Reação tardia ou ineficiente do condutor";"Engavetamento";"Com Vítimas Feridas";"Pleno dia";"Decrescente";"Céu Claro";"Dupla";"Reta";"Não";4;0;1;0;3;0;1;4;-26,454818;-48,771179;"SPRF-SC";"DEL03-SC";"UOP02-DEL03-SC"
486976;2022-11-15;"terça-feira";"11:20:00";"PE";232;4,5;"RECIFE";"Ausência de reação do condutor";"Colisão traseira";"Com Vítimas Feridas";"Pleno dia";"Crescente";"Céu Claro";"Simples";"Reta";"Sim";3;0;0;1;1;1;1;3;-8,064473;-34,936928;"SPRF-PE";"DEL01-PE";"UOP01-DEL01-PE"
486979;2022-11-15;"terça-feira";"10:30:00";"MG";381;749,2;"TRES CORACOES";"Ingestão de álcool pelo condutor";"Colisão traseira";"Sem Vítimas";"Pleno dia";"Crescente";"Céu Claro";"Dupla";"Reta";"Não";2;0;0;0;1;1;0;2;-21,66281681;-45,30798018;"SPRF-MG";"DEL16-MG";"UOP02-DEL16-MG"
486982;2022-11-15;"terça-feira";"11:57:00";"MG";267;77,5;"JUIZ DE FORA";"Condutor deixou de manter distância do veículo da frente";"Colisão traseira";"Com Vítimas Feridas";"Pleno dia";"Crescente";"Nublado";"Simples";"Reta";"Não";4;0;0;1;2;1;1;4;-21,75169373;-43,19078013;"SPRF-MG";"DEL05-MG";"UOP01-DEL05-MG"
486985;2022-11-15;"terça-feira";"11:30:00";"RS";290;72,3;"GRAVATAI";"Condutor deixou de manter distância do veículo da frente";"Colisão traseira";"Com Vítimas Feridas";"Pleno dia";"Decrescente";"Céu Claro";"Múltipla";"Reta";"Não";6;0;3;0;2;1;3;3;-29,952784;-50,976074;"SPRF-RS";"DEL03-RS";"UOP01-DEL03-RS"
486990;2022-11-15;"terça-feira";"09:30:00";"SC";116;63;"PAPANDUVA";"Condutor deixou de manter distância do veículo da frente";"Colisão lateral mesmo sentido";"Com Vítimas Feridas";"Pleno dia";"Crescente";"Céu Claro";"Simples";"Reta";"Não";3;0;1;0;2;0;1;2;-26,40644298;-50,22649816;"SPRF-SC";"DEL06-SC";"UOP02-DEL06-SC"
486993;2022-11-13;"domingo";"14:40:00";"BA";116;598;"IRAJUBA";"Carga excessiva e/ou mal acondicionada";"Derramamento de carga";"Sem Vítimas";"Pleno dia";"Crescente";"Céu Claro";"Simples";"Reta";"Não";1;0;0;0;1;0;0;1;-13,19620697;-40,01044016;"SPRF-BA";"DEL03-BA";"UOP02-DEL03-BA"
486998;2022-11-15;"terça-feira";"13:45:00";"MG";381;494,8;"BETIM";"Chuva";"Colisão com objeto";"Com Vítimas Feridas";"Pleno dia";"Decrescente";"Chuva";"Dupla";"Reta";"Sim";11;0;4;0;6;1;4;9;-19,973527;-44,184685;"SPRF-MG";"DEL01-MG";"UOP03-DEL01-MG"
486999;2022-11-15;"terça-feira";"09:00:00";"PI";135;468;"MONTE ALEGRE DO PIAUI";"Falta de acostamento";"Saída de leito carroçável";"Com Vítimas Feridas";"Pleno dia";"Crescente";"Céu Claro";"Simples";"Reta;Aclive";"Não";2;0;1;0;0;1;1;2;-9,60233583;-45,04962316;"SPRF-PI";"DEL03-PI";"UOP02-DEL03-PI"
487002;2022-11-15;"terça-feira";"13:30:00";"BA";116;696;"JEQUIE";"Velocidade Incompatível";"Saída de leito carroçável";"Com Vítimas Feridas";"Pleno dia";"Crescente";"Céu Claro";"Simples";"Curva";"Não";3;0;2;0;0;1;2;2;-13,99324878;-40,17891829;"SPRF-BA";"DEL03-BA";"UOP01-DEL03-BA"
487013;2022-11-15;"terça-feira";"14:30:00";"CE";116;41;"HORIZONTE";"Ausência de reação do condutor";"Colisão lateral mesmo sentido";"Sem Vítimas";"Pleno dia";"Crescente";"Sol";"Dupla";"Reta";"Sim";2;0;0;0;1;1;0;2;-4,1024351;-38,50001011;"SPRF-CE";"DEL01-CE";"UOP02-DEL01-CE"
487015;2022-11-15;"terça-feira";"13:20:00";"PR";280;293;"FLOR DA SERRA DO SUL";"Desrespeitar a preferência no cruzamento";"Colisão transversal";"Com Vítimas Feridas";"Pleno dia";"Crescente";"Céu Claro";"Simples";"Interseção de Vias";"Não";2;0;0;1;1;0;1;2;-26,2478708;-53,36323696;"SPRF-PR";"DEL02-PR";"UOP01-DEL02-PR"
487024;2022-11-15;"terça-feira";"14:40:00";"SP";153;297,3;"CAMPOS NOVOS PAULISTA";"Ultrapassagem Indevida";"Colisão lateral mesmo sentido";"Com Vítimas Feridas";"Pleno dia";"Decrescente";"Céu Claro";"Simples";"Reta";"Não";4;0;1;0;2;1;1;3;-22,554539;-49,88954626;"SPRF-SP";"DEL07-SP";"UOP03-DEL07-SP"
487030;2022-11-15;"terça-feira";"13:00:00";"MG";381;291;"ANTONIO DIAS";"Conversão proibida";"Tombamento";"Com Vítimas Feridas";"Pleno dia";"Crescente";"Céu Claro";"Dupla";"Reta";"Não";1;0;1;0;0;0;1;1;-19,62853405;-42,83357819;"SPRF-MG";"DEL03-MG";"UOP02-DEL03-MG"
487031;2022-11-15;"terça-feira";"13:00:00";"RO";364;18;"VILHENA";"Demais falhas na via";"Eventos atípicos";"Sem Vítimas";"Pleno dia";"Decrescente";"Céu Claro";"Simples";"Reta";"Não";2;0;0;0;1;1;0;2;-12,72972661;-60,17479789;"SPRF-RO";"DEL04-RO";"UOP01-DEL04-RO"
487032;2022-11-15;"terça-feira";"15:00:00";"BA";101;675;"ITAGIMIRIM";"Curva acentuada";"Tombamento";"Com Vítimas Feridas";"Pleno dia";"Decrescente";"Nublado";"Simples";"Curva";"Não";5;0;2;1;1;1;3;2;-16,14609212;-39,59472656;"SPRF-BA";"DEL09-BA";"UOP01-DEL09-BA"
487043;2022-11-15;"terça-feira";"16:30:00";"RS";392;180;"CARAZINHO";"Condutor deixou de manter distância do veículo da frente";"Colisão traseira";"Com Vítimas Feridas";"Pleno dia";"Crescente";"Céu Claro";"Simples";"Reta";"Sim";3;0;2;0;1;0;2;2;-28,29887861;-52,74772655;"SPRF-RS";"DEL07-RS";"UOP01-DEL07-RS"
487051;2022-11-15;"terça-feira";"16:00:00";"SP";381;69;"MAIRIPORA";"Manobra de mudança de faixa";"Colisão lateral mesmo sentido";"Sem Vítimas";"Pleno dia";"Decrescente";"Céu Claro";"Dupla";"Reta;Declive";"Não";2;0;0;0;1;1;0;2;-23,34553108;-46,56787903;"SPRF-SP";"DEL03-SP";"UOP01-DEL03-SP"
487057;2022-11-15;"terça-feira";"16:41:00";"RS";158;308,5;"ITAARA";"Acessar a via sem observar a presença dos outros veículos";"Colisão lateral mesmo sentido";"Com Vítimas Feridas";"Pleno dia";"Decrescente";"Sol";"Simples";"Reta";"Não";6;0;1;2;2;2;3;5;-29,60096147;-53,7672776;"SPRF-RS";"DEL09-RS";"UOP01-DEL09-RS"
487061;2022-11-15;"terça-feira";"16:40:00";"PR";163;14;"BARRACAO";"Demais falhas na via";"Colisão lateral sentido oposto";"Com Vítimas Feridas";"Pleno dia";"Crescente";"Céu Claro";"Simples";"Curva";"Não";3;0;1;0;1;1;1;3;-26,25066;-53,635523;"SPRF-PR";"DEL02-PR";"UOP02-DEL02-PR"
487062;2022-11-15;"terça-feira";"13:20:00";"BA";116;743,8;"POCOES";"Condutor deixou de manter distância do veículo da frente";"Colisão lateral mesmo sentido";"Com Vítimas Feridas";"Pleno dia";"Decrescente";"Céu Claro";"Simples";"Reta";"Não";4;0;2;0;1;2;2;4;-14,37848904;-40,34823985;"SPRF-BA";"DEL08-BA";"UOP02-DEL08-BA"
487065;2022-11-15;"terça-feira";"08:50:00";"SC";282;587;"PINHALZINHO";"Velocidade Incompatível";"Tombamento";"Com Vítimas Feridas";"Pleno dia";"Decrescente";"Céu Claro";"Simples";"Curva";"Não";2;0;0;1;0;2;1;3;-26,830677;-53,04443;"SPRF-SC";"DEL07-SC";"UOP02-DEL07-SC"
487091;2022-11-15;"terça-feira";"19:00:00";"SP";381;64,5;"MAIRIPORA";"Velocidade Incompatível";"Colisão traseira";"Com Vítimas Fatais";"Plena Noite";"Crescente";"Céu Claro";"Dupla";"Reta;Declive";"Sim";11;2;3;1;4;1;4;6;-23,302805;-46,572767;"SPRF-SP";"DEL03-SP";"UOP01-DEL03-SP"
487106;2022-11-15;"terça-feira";"21:40:00";"ES";101;439;"MIMOSO DO SUL";"Acessar a via sem observar a presença dos outros veículos";"Colisão transversal";"Com Vítimas Feridas";"Plena Noite";"Decrescente";"Chuva";"Simples";"Curva";"Não";2;0;0;1;1;0;1;2;-21,07264705;-41,22787382;"SPRF-ES";"DEL03-ES";"UOP02-DEL03-ES"
487113;2022-11-15;"terça-feira";"22:00:00";"MG";267;251,7;"CARVALHOS";"Velocidade Incompatível";"Tombamento";"Com Vítimas Feridas";"Plena Noite";"Decrescente";"Nublado";"Simples";"Curva;Declive";"Não";2;0;0;1;0;1;1;2;-21,933913;-44,493161;"SPRF-MG";"DEL17-MG";"UOP01-DEL17-MG"
487130;2022-11-15;"terça-feira";"20:20:00";"PR";153;321;"IRATI";"Demais falhas mecânicas ou elétricas";"Saída de leito carroçável";"Sem Vítimas";"Plena Noite";"Decrescente";"Céu Claro";"Simples";"Curva";"Não";2;0;0;0;1;2;0;3;-25,3800171;-50,62271438;"SPRF-PR";"DEL08-PR";"UOP02-DEL08-PR"
487133;2022-11-15;"terça-feira";"19:20:00";"MS";376;168,7;"NOVA ANDRADINA";"Reação tardia ou ineficiente do condutor";"Colisão lateral sentido oposto";"Com Vítimas Feridas";"Plena Noite";"Decrescente";"Céu Claro";"Simples";"Reta";"Não";2;0;1;0;1;0;1;2;-22,31386891;-53,41380303;"SPRF-MS";"DEL04-MS";"UOP04-DEL04-MS"
487140;2022-11-16;"quarta-feira";"00:15:00";"CE";222;346;"TIANGUA";"Velocidade Incompatível";"Saída de leito carroçável";"Com Vítimas Feridas";"Plena Noite";"Decrescente";"Céu Claro";"Simples";"Reta";"Não";1;0;1;0;0;0;1;1;-3,90809422;-41,21509903;"SPRF-CE";"DEL04-CE";"UOP02-DEL04-CE"
487142;2022-11-16;"quarta-feira";"00:15:00";"SP";116;204,5;"ARUJA";"Reação tardia ou ineficiente do condutor";"Colisão traseira";"Com Vítimas Feridas";"Plena Noite";"Decrescente";"Céu Claro";"Múltipla";"Reta";"Não";3;0;1;0;1;1;1;3;-23,41236123;-46,35692496;"SPRF-SP";"DEL01-SP";"UOP01-DEL01-SP"
487145;2022-11-16;"quarta-feira";"04:50:00";"MG";381;583,5;"CARMOPOLIS DE MINAS";"Condutor Dormindo";"Saída de leito carroçável";"Com Vítimas Feridas";"Amanhecer";"Decrescente";"Nublado";"Dupla";"Reta";"Não";1;0;1;0;0;0;1;1;-20,52516037;-44,63089389;"SPRF-MG";"DEL04-MG";"UOP01-DEL04-MG"
487146;2022-11-16;"quarta-feira";"05:40:00";"PE";101;37,8;"ITAPISSUMA";"Acumulo de areia ou detritos sobre o pavimento";"Colisão transversal";"Com Vítimas Feridas";"Pleno dia";"Decrescente";"Céu Claro";"Dupla";"Aclive";"Não";2;0;0;1;0;1;1;2;-7,79726705;-34,9274932;"SPRF-PE";"DEL01-PE";"UOP02-DEL01-PE"
487149;2022-11-16;"quarta-feira";"06:00:00";"CE";222;226;"SOBRAL";"Reação tardia ou ineficiente do condutor";"Colisão transversal";"Com Vítimas Feridas";"Amanhecer";"Crescente";"Céu Claro";"Simples";"Reta";"Não";2;0;0;1;1;0;1;2;-3,70648417;-40,36099807;"SPRF-CE";"DEL04-CE";"UOP01-DEL04-CE"
487150;2022-11-16;"quarta-feira";"05:30:00";"RJ";116;234;"PIRAI";"Reação tardia ou ineficiente do condutor";"Tombamento";"Com Vítimas Feridas";"Amanhecer";"Decrescente";"Nublado";"Dupla";"Curva";"Não";2;0;1;0;0;1;1;2;-22,66632663;-43,84704988;"SPRF-RJ";"DEL07-RJ";"UOP01-DEL07-RJ"
487152;2022-11-16;"quarta-feira";"06:20:00";"MG";40;299;"TRES MARIAS";"Velocidade Incompatível";"Saída de leito carroçável";"Com Vítimas Feridas";"Amanhecer";"Decrescente";"Nublado";"Simples";"Curva";"Não";2;0;1;1;0;0;2;1;-18,3429839;-45,09908688;"SPRF-MG";"DEL14-MG";"UOP02-DEL14-MG"
487158;2022-11-15;"terça-feira";"23:50:00";"MG";116;74;"MEDINA";"Reação tardia ou ineficiente do condutor";"Saída de leito carroçável";"Com Vítimas Feridas";"Plena Noite";"Decrescente";"Nublado";"Simples";"Reta";"Não";2;0;1;0;0;1;1;2;-16,23556;-41,47365;"SPRF-MG";"DEL11-MG";"UOP02-DEL11-MG"
487160;2022-11-16;"quarta-feira";"07:00:00";"MG";262;802,9;"UBERABA";"Reação tardia ou ineficiente do condutor";"Colisão com objeto";"Com Vítimas Feridas";"Pleno dia";"Crescente";"Céu Claro";"Dupla";"Reta";"Sim";1;0;1;0;0;0;1;1;-19,779234;-47,964844;"SPRF-MG";"DEL13-MG";"UOP01-DEL13-MG"
487168;2022-11-16;"quarta-feira";"07:30:00";"PR";116;9;"COLOMBO";"Condutor deixou de manter distância do veículo da frente";"Colisão traseira";"Com Vítimas Feridas";"Pleno dia";"Crescente";"Céu Claro";"Dupla";"Reta";"Sim";3;0;1;0;1;1;1;3;-25,3708;-49,1246;"SPRF-PR";"DEL01-PR";"UOP02-DEL01-PR"
487179;2022-11-16;"quarta-feira";"08:45:00";"SC";470;22;"ILHOTA";"Velocidade Incompatível";"Tombamento";"Com Vítimas Feridas";"Pleno dia";"Decrescente";"Céu Claro";"Simples";"Viaduto;Retorno Regulamentado;Curva";"Não";2;0;1;0;0;1;1;2;-26,880066;-48,836224;"SPRF-SC";"DEL04-SC";"UOP04-DEL04-SC"
487185;2022-11-16;"quarta-feira";"05:50:00";"MS";267;91,5;"BATAGUASSU";"Ausência de reação do condutor";"Colisão traseira";"Com Vítimas Feridas";"Pleno dia";"Crescente";"Céu Claro";"Simples";"Curva";"Não";2;0;1;0;1;0;1;2;-21,86088675;-52,96489003;"SPRF-MS";"DEL02-MS";"UOP04-DEL02-MS"
487187;2022-11-16;"quarta-feira";"07:50:00";"SC";470;168,8;"POUSO REDONDO";"Desrespeitar a preferência no cruzamento";"Colisão transversal";"Com Vítimas Feridas";"Pleno dia";"Crescente";"Céu Claro";"Simples";"Interseção de Vias";"Sim";3;0;1;0;1;1;1;3;-27,266994;-49,872524;"SPRF-SC";"DEL04-SC";"UOP02-DEL04-SC"
487199;2022-11-03;"quinta-feira";"18:30:00";"SE";101;109,4;"SAO CRISTOVAO";"Transitar no acostamento";"Colisão com objeto";"Com Vítimas Fatais";"Plena Noite";"Decrescente";"Céu Claro";"Dupla";"Curva";"Não";4;1;0;1;2;0;1;2;-10,9693368;-37,2788322;"SPRF-SE";"DEL02-SE";"UOP01-DEL02-SE"
487205;2022-11-16;"quarta-feira";"12:00:00";"SC";282;49,8;"AGUAS MORNAS";"Condutor Dormindo";"Saída de leito carroçável";"Com Vítimas Feridas";"Pleno dia";"Decrescente";"Céu Claro";"Simples";"Curva";"Não";1;0;1;0;0;0;1;1;-27,712931;-48,943741;"SPRF-SC";"DEL01-SC";"UOP03-DEL01-SC"
487207;2022-11-16;"quarta-feira";"09:40:00";"AL";101;129;"SAO MIGUEL DOS CAMPOS";"Ausência de reação do condutor";"Colisão com objeto";"Com Vítimas Feridas";"Pleno dia";"Crescente";"Céu Claro";"Simples";"Curva;Viaduto";"Não";3;0;2;1;0;0;3;1;-9,74963266;-36,06531248;"SPRF-AL";"DEL02-AL";"UOP01-DEL02-AL"
487211;2022-11-16;"quarta-feira";"12:50:00";"ES";262;41;"MARECHAL FLORIANO";"Velocidade Incompatível";"Colisão frontal";"Com Vítimas Feridas";"Pleno dia";"Crescente";"Chuva";"Simples";"Declive;Curva";"Não";4;0;0;1;2;1;1;4;-20,38521335;-40,64485887;"SPRF-ES";"DEL01-ES";"UOP01-DEL01-ES"
487214;2022-11-16;"quarta-feira";"13:00:00";"ES";101;388;"RIO NOVO DO SUL";"Velocidade Incompatível";"Tombamento";"Com Vítimas Feridas";"Pleno dia";"Crescente";"Céu Claro";"Simples";"Curva";"Não";2;0;0;1;0;1;1;2;-20,85689511;-40,8767812;"SPRF-ES";"DEL03-ES";"UOP02-DEL03-ES"