"id";"data_inversa";"dia_semana";"horario";"uf";"br";"km";"municipio";"causa_acidente";"tipo_acidente";"classificacao_acidente";"fase_dia";"sentido_via";"condicao_metereologica";"tipo_pista";"tracado_via";"uso_solo";"pessoas";"mortos";"feridos_leves";"feridos_graves";"ilesos";"ignorados";"feridos";"veiculos";"latitude";"longitude";"regional";"delegacia";"uop"
487221;2022-11-16;"quarta-feira";"08:30:00";"MA";316;521;"CAXIAS";"Carga excessiva e/ou mal acondicionada";"Tombamento";"Com Vítimas Feridas";"Pleno dia";"Decrescente";"Sol";"Simples";"Reta";"Não";2;0;0;1;1;0;1;1;-4,777439;-43,593681;"SPRF-MA";"DEL03-MA";"UOP02-DEL03-MA"
487223;2022-11-16;"quarta-feira";"13:30:00";"MG";251;383;"GRAO MOGOL";"Reação tardia ou ineficiente do condutor";"Tombamento";"Com Vítimas Feridas";"Pleno dia";"Decrescente";"Nublado";"Simples";"Curva";"Não";2;0;1;0;0;2;1;3;-16,28585563;-42,80024583;"SPRF-MG";"DEL12-MG";"UOP01-DEL12-MG"
487226;2022-11-16;"quarta-feira";"14:20:00";"ES";101;221;"IBIRACU";"Ausência de reação do condutor";"Colisão traseira";"Com Vítimas Feridas";"Pleno dia";"Decrescente";"Chuva";"Simples";"Reta";"Não";2;0;1;0;1;0;1;2;-19,86695538;-40,40056491;"SPRF-ES";"DEL02-ES";"UOP01-DEL02-ES"
487227;2022-11-16;"quarta-feira";"13:30:00";"SP";116;110;"TAUBATE";"Manobra de mudança de faixa";"Colisão lateral mesmo sentido";"Sem Vítimas";"Pleno dia";"Decrescente";"Céu Claro";"Simples";"Reta";"Sim";3;0;0;0;2;1;0;2;-23,03412614;-45,5526999;"SPRF-SP";"DEL02-SP";"UOP02-DEL02-SP"
487228;2022-11-16;"quarta-feira";"14:10:00";"CE";116;26;"AQUIRAZ";"Condutor deixou de manter distância do veículo da frente";"Colisão traseira";"Com Vítimas Feridas";"Pleno dia";"Crescente";"Céu Claro";"Dupla";"Reta;Aclive";"Não";3;0;1;0;2;0;1;2;-3,9752959;-38,51436047;"SPRF-CE";"DEL01-CE";"UOP02-DEL01-CE"
487233;2022-11-16;"quarta-feira";"12:00:00";"RJ";493;93;"SEROPEDICA";"Condutor deixou de manter distância do veículo da frente";"Colisão lateral mesmo sentido";"Com Vítimas Feridas";"Pleno dia";"Crescente";"Céu Claro";"Dupla";"Reta";"Não";7;0;2;0;5;0;2;2;-22,74958856;-43,72970581;"SPRF-RJ";"DEL03-RJ";"UOP01-DEL03-RJ"
487234;2022-11-16;"quarta-feira";"15:00:00";"SP";116;230;"SAO PAULO";"Reação tardia ou ineficiente do condutor";"Colisão lateral mesmo sentido";"Com Vítimas Feridas";"Pleno dia";"Crescente";"Céu Claro";"Múltipla";"Reta";"Sim";3;0;1;0;2;0;1;2;-23,52251783;-46,5855702;"SPRF-SP";"DEL01-SP";"UOP01-DEL01-SP"
487237;2022-11-16;"quarta-feira";"14:00:00";"PE";101;49,4;"ABREU E LIMA";"Manobra de mudança de faixa";"Colisão lateral mesmo sentido";"Sem Vítimas";"Pleno dia";"Decrescente";"Céu Claro";"Múltipla";"Reta";"Sim";3;0;0;0;1;2;0;3;-7,9005152;-34,90180641;"SPRF-PE";"DEL01-PE";"UOP02-DEL01-PE"
487258;2022-11-16;"quarta-feira";"17:05:00";"SP";153;84,8;"MIRASSOL";"Pedestre andava na pista";"Atropelamento de Pedestre";"Com Vítimas Feridas";"Pleno dia";"Crescente";"Céu Claro";"Simples";"Reta;Em Obras";"Não";3;0;0;1;1;1;1;3;-20,92853368;-49,51181226;"SPRF-SP";"DEL09-SP";"UOP01-DEL09-SP"
487265;2022-11-16;"quarta-feira";"17:40:00";"RS";392;680;"ROQUE GONZALES";"Demais falhas mecânicas ou elétricas";"Incêndio";"Sem Vítimas";"Pleno dia";"Decrescente";"Céu Claro";"Simples";"Reta";"Não";2;0;0;0;2;0;0;1;-28,10773448;-54,99793599;"SPRF-RS";"DEL10-RS";"UOP01-DEL10-RS"
487267;2022-11-16;"quarta-feira";"15:30:00";"MA";10;373;"ITINGA DO MARANHAO";"Transitar na contramão";"Colisão lateral sentido oposto";"Com Vítimas Feridas";"Pleno dia";"Decrescente";"Céu Claro";"Simples";"Reta";"Não";3;0;1;0;1;3;1;5;-4,487131;-47,507629;"SPRF-MA";"DEL04-MA";"UOP03-DEL04-MA"
487273;2022-11-16;"quarta-feira";"18:15:00";"RS";290;17;"SANTO ANTONIO DA PATRULHA";"Carga excessiva e/ou mal acondicionada";"Derramamento de carga";"Com Vítimas Feridas";"Pleno dia";"Decrescente";"Céu Claro";"Dupla";"Reta";"Não";2;0;1;0;0;1;1;2;-29,876405;-50,426099;"SPRF-RS";"DEL03-RS";"UOP01-DEL03-RS"
487277;2022-11-15;"terça-feira";"05:00:00";"BA";101;421,9;"IBIRAPITANGA";"Velocidade Incompatível";"Tombamento";"Com Vítimas Feridas";"Amanhecer";"Crescente";"Chuva";"Simples";"Curva";"Não";3;0;2;0;0;2;2;3;-14,13599;-39,35839;"SPRF-BA";"DEL05-BA";"UOP03-DEL05-BA"
487280;2022-11-16;"quarta-feira";"18:05:00";"PR";277;617,3;"SANTA TEREZA DO OESTE";"Ultrapassagem Indevida";"Colisão lateral sentido oposto";"Com Vítimas Fatais";"Anoitecer";"Crescente";"Céu Claro";"Simples";"Curva";"Não";9;2;1;3;1;3;4;6;-25,07416578;-53,683266;"SPRF-PR";"DEL05-PR";"UOP02-DEL05-PR"
487293;2022-11-16;"quarta-feira";"19:00:00";"MG";40;585;"ITABIRITO";"Retorno proibido";"Colisão transversal";"Com Vítimas Feridas";"Plena Noite";"Decrescente";"Céu Claro";"Simples";"Reta";"Sim";3;0;1;1;1;0;2;2;-20,3335261;-43,92335419;"SPRF-MG";"DEL01-MG";"UOP02-DEL01-MG"
487295;2022-11-16;"quarta-feira";"19:10:00";"GO";153;359,1;"JARAGUA";"Demais falhas mecânicas ou elétricas";"Colisão traseira";"Com Vítimas Fatais";"Plena Noite";"Decrescente";"Céu Claro";"Simples";"Interseção de Vias";"Sim";3;1;0;0;1;1;0;3;-15,742197;-49,320297;"SPRF-GO";"DEL02-GO";"UOP02-DEL02-GO"
487297;2022-11-16;"quarta-feira";"20:00:00";"SP";153;97;"JOSE BONIFACIO";"Demais falhas mecânicas ou elétricas";"Colisão com objeto";"Com Vítimas Feridas";"Plena Noite";"Crescente";"Céu Claro";"Simples";"Aclive";"Sim";4;0;1;0;2;1;1;2;-20,98473984;-49,61733921;"SPRF-SP";"DEL09-SP";"UOP01-DEL09-SP"
487299;2022-11-16;"quarta-feira";"17:10:00";"MS";60;369;"CAMPO GRANDE";"Objeto estático sobre o leito carroçável";"Colisão com objeto";"Com Vítimas Feridas";"Anoitecer";"Decrescente";"Céu Claro";"Simples";"Reta";"Não";3;0;1;0;1;2;1;4;-20,5714807;-54,69565099;"SPRF-MS";"DEL01-MS";"UOP04-DEL01-MS"
487309;2022-11-16;"quarta-feira";"20:30:00";"MG";381;182;"GOVERNADOR VALADARES";"Ausência de reação do condutor";"Colisão traseira";"Com Vítimas Fatais";"Plena Noite";"Decrescente";"Céu Claro";"Simples";"Reta";"Não";2;1;0;0;1;0;0;2;-19,05474801;-42,16027093;"SPRF-MG";"DEL06-MG";"UOP01-DEL06-MG"
487313;2022-09-29;"quinta-feira";"16:00:00";"PR";476;129,2;"CURITIBA";"Ausência de reação do condutor";"Colisão lateral mesmo sentido";"Com Vítimas Feridas";"Pleno dia";"Crescente";"Nublado";"Múltipla";"Reta";"Sim";3;0;1;0;1;1;1;3;-25,440983;-49,233715;"SPRF-PR";"DEL01-PR";"UOP01-DEL01-PR"
487315;2022-11-16;"quarta-feira";"20:30:00";"PE";232;330;"CUSTODIA";"Ingestão de álcool pelo condutor";"Colisão transversal";"Sem Vítimas";"Plena Noite";"Crescente";"Céu Claro";"Simples";"Reta";"Não";2;0;0;0;2;0;0;2;-8,09012961;-37,60830897;"SPRF-PE";"DEL04-PE";"UOP02-DEL04-PE"
487320;2022-11-12;"sábado";"01:20:00";"SC";101;307,9;"LAGUNA";"Estacionar ou parar em local proibido";"Colisão com objeto";"Com Vítimas Feridas";"Plena Noite";"Decrescente";"Céu Claro";"Simples";"Reta";"Não";4;0;1;0;2;2;1;4;-28,39199505;-48,77826295;"SPRF-SC";"DEL02-SC";"UOP01-DEL02-SC"
487321;2022-11-12;"sábado";"19:02:00";"BA";242;352;"LENCOIS";"Demais falhas mecânicas ou elétricas";"Colisão traseira";"Sem Vítimas";"Anoitecer";"Decrescente";"Céu Claro";"Simples";"Reta";"Não";1;0;0;0;1;0;0;1;-12,49857081;-41,33159186;"SPRF-BA";"DEL08-BA";"UOP04-DEL08-BA"
487324;2022-11-16;"quarta-feira";"19:30:00";"SC";280;268,7;"IRINEOPOLIS";"Demais falhas mecânicas ou elétricas";"Colisão com objeto";"Com Vítimas Feridas";"Plena Noite";"Crescente";"Céu Claro";"Simples";"Reta";"Não";2;0;1;0;0;1;1;2;-26,26348261;-50,71794494;"SPRF-SC";"DEL06-SC";"UOP04-DEL06-SC"
487325;2022-11-16;"quarta-feira";"23:30:00";"SC";101;196;"BIGUACU";"Reação tardia ou ineficiente do condutor";"Colisão traseira";"Com Vítimas Feridas";"Plena Noite";"Crescente";"Nublado";"Dupla";"Reta";"Sim";2;0;1;0;1;0;1;2;-27,51101091;-48,64322292;"SPRF-SC";"DEL01-SC";"UOP01-DEL01-SC"
487329;2022-11-16;"quarta-feira";"23:35:00";"PR";369;507;"CASCAVEL";"Manobra de mudança de faixa";"Colisão frontal";"Com Vítimas Fatais";"Plena Noite";"Decrescente";"Céu Claro";"Simples";"Reta;Aclive";"Não";2;1;0;0;0;1;0;2;-24,8386;-53,3091;"SPRF-PR";"DEL04-PR";"UOP03-DEL04-PR"
487332;2022-11-16;"quarta-feira";"23:30:00";"MG";116;666;"MIRADOURO";"Ausência de reação do condutor";"Colisão traseira";"Com Vítimas Feridas";"Plena Noite";"Crescente";"Nublado";"Simples";"Reta";"Não";4;0;2;0;1;1;2;3;-20,83594493;-42,32274316;"SPRF-MG";"DEL07-MG";"UOP03-DEL07-MG"
487333;2022-11-17;"quinta-feira";"00:10:00";"ES";101;407,9;"ITAPEMIRIM";"Velocidade Incompatível";"Tombamento";"Sem Vítimas";"Plena Noite";"Crescente";"Nublado";"Simples";"Curva";"Não";2;0;0;0;0;2;0;1;-20,89643008;-41,04527197;"SPRF-ES";"DEL03-ES";"UOP02-DEL03-ES"
487336;2022-11-17;"quinta-feira";"02:30:00";"RS";392;44;"RIO GRANDE";"Pedestre andava na pista";"Atropelamento de Pedestre";"Com Vítimas Fatais";"Plena Noite";"Crescente";"Céu Claro";"Dupla";"Reta;Desvio Temporário;Interseção de Vias;Ponte;Rotatória;Em Obras";"Sim";3;1;0;0;1;2;0;4;-31,9250404;-52,3131067;"SPRF-RS";"DEL07-RS";"UOP02-DEL07-RS"
487337;2022-11-17;"quinta-feira";"03:50:00";"GO";60;197;"GUAPO";"Ausência de reação do condutor";"Colisão traseira";"Com Vítimas Feridas";"Plena Noite";"Decrescente";"Céu Claro";"Dupla";"Reta";"Não";2;0;1;0;1;0;1;2;-16,8546;-49,5945;"SPRF-GO";"DEL01-GO";"UOP02-DEL01-GO"
487340;2022-11-16;"quarta-feira";"20:15:00";"PE";101;78,8;"RECIFE";"Reação tardia ou ineficiente do condutor";"Saída de leito carroçável";"Com Vítimas Feridas";"Plena Noite";"Crescente";"Céu Claro";"Dupla";"Curva";"Sim";3;0;1;0;1;1;1;3;-8,13496499;-34,94738614;"SPRF-PE";"DEL01-PE";"UOP01-DEL01-PE"
487348;2022-11-17;"quinta-feira";"00:19:00";"MG";381;650,1;"SANTO ANTONIO DO AMPARO";"Ausência de reação do condutor";"Colisão com objeto";"Com Vítimas Feridas";"Plena Noite";"Crescente";"Nublado";"Dupla";"Reta;Viaduto";"Não";2;0;1;0;0;1;1;2;-20,954756;-44,912315;"SPRF-MG";"DEL04-MG";"UOP02-DEL04-MG"
487352;2022-11-17;"quinta-feira";"05:40:00";"PR";277;436,1;"VIRMOND";"Velocidade Incompatível";"Tombamento";"Com Vítimas Feridas";"Amanhecer";"Decrescente";"Céu Claro";"Simples";"Curva;Declive";"Não";2;0;1;0;0;2;1;3;-25,37714;-52,25308;"SPRF-PR";"DEL04-PR";"UOP02-DEL04-PR"
487356;2022-11-17;"quinta-feira";"06:35:00";"PR";116;108,9;"SAO JOSE DOS PINHAIS";"Manobra de mudança de faixa";"Colisão lateral mesmo sentido";"Com Vítimas Feridas";"Pleno dia";"Crescente";"Céu Claro";"Dupla";"Reta";"Sim";3;0;1;0;1;1;1;3;-25,57147018;-49,19760597;"SPRF-PR";"DEL01-PR";"UOP07-DEL01-PR"
487358;2022-11-17;"quinta-feira";"04:30:00";"BA";101;122;"ALAGOINHAS";"Velocidade Incompatível";"Tombamento";"Com Vítimas Feridas";"Amanhecer";"Crescente";"Nublado";"Simples";"Curva";"Não";2;0;1;0;0;1;1;2;-12,17564101;-38,57512499;"SPRF-BA";"DEL01-BA";"UOP04-DEL01-BA"
487359;2022-11-16;"quarta-feira";"21:00:00";"BA";110;131;"CICERO DANTAS";"Demais falhas mecânicas ou elétricas";"Incêndio";"Com Vítimas Feridas";"Plena Noite";"Decrescente";"Céu Claro";"Simples";"Reta";"Não";2;0;1;0;0;2;1;3;-10,5479569;-38,37534274;"SPRF-BA";"DEL07-BA";"UOP02-DEL07-BA"
487361;2022-11-17;"quinta-feira";"07:00:00";"RJ";393;216;"VASSOURAS";"Ausência de reação do condutor";"Saída de leito carroçável";"Com Vítimas Feridas";"Amanhecer";"Crescente";"Céu Claro";"Simples";"Reta;Aclive";"Não";2;0;1;0;0;1;1;2;-22,29667323;-43,4899208;"SPRF-RJ";"DEL05-RJ";"UOP03-DEL05-RJ"
487363;2022-11-17;"quinta-feira";"08:20:00";"RS";285;533,2;"CAIBATE";"Ausência de reação do condutor";"Saída de leito carroçável";"Com Vítimas Fatais";"Pleno dia";"Decrescente";"Sol";"Simples";"Reta";"Não";3;1;0;1;0;1;1;2;-28,40936479;-54,60061312;"SPRF-RS";"DEL10-RS";"UOP01-DEL10-RS"
487365;2022-11-17;"quinta-feira";"08:00:00";"ES";101;82,7;"SAO MATEUS";"Manobra de mudança de faixa";"Colisão lateral sentido oposto";"Com Vítimas Feridas";"Pleno dia";"Crescente";"Nublado";"Simples";"Reta";"Não";2;0;1;0;1;0;1;2;-18,83616999;-39,91775501;"SPRF-ES";"DEL04-ES";"UOP02-DEL04-ES"
487371;2022-11-17;"quinta-feira";"08:50:00";"RS";386;239;"SOLEDADE";"Demais falhas mecânicas ou elétricas";"Colisão frontal";"Com Vítimas Feridas";"Pleno dia";"Crescente";"Sol";"Simples";"Reta";"Não";5;0;5;0;0;0;5;2;-28,757807;-52,532127;"SPRF-RS";"DEL04-RS";"UOP03-DEL04-RS"
487372;2022-11-17;"quinta-feira";"08:15:00";"SC";282;617,8;"IRACEMINHA";"Transitar na contramão";"Colisão lateral sentido oposto";"Com Vítimas Feridas";"Pleno dia";"Decrescente";"Céu Claro";"Simples";"Curva";"Não";3;0;0;1;2;0;1;3;-26,78530217;-53,29149767;"SPRF-SC";"DEL07-SC";"UOP02-DEL07-SC"
487376;2022-10-16;"domingo";"17:30:00";"PA";10;71,7;"ULIANOPOLIS";"Ultrapassagem Indevida";"Saída de leito carroçável";"Com Vítimas Feridas";"Pleno dia";"Crescente";"Ignorado";"Simples";"Declive";"Não";3;0;0;1;0;4;1;5;-3,826521;-47,513492;"SPRF-PA";"DEL02-PA";"UOP02-DEL02-PA"
487379;2022-11-17;"quinta-feira";"08:40:00";"SP";116;51;"LORENA";"Condutor deixou de manter distância do veículo da frente";"Colisão traseira";"Com Vítimas Feridas";"Pleno dia";"Crescente";"Céu Claro";"Múltipla";"Reta";"Sim";2;0;0;1;1;0;1;2;-22,74157511;-45,09206392;"SPRF-SP";"DEL08-SP";"UOP02-DEL08-SP"
487382;2022-11-17;"quinta-feira";"09:20:00";"PR";277;32;"MORRETES";"Velocidade Incompatível";"Tombamento";"Sem Vítimas";"Pleno dia";"Crescente";"Céu Claro";"Dupla";"Curva";"Não";2;0;0;0;1;2;0;3;-25,547373;-48,790559;"SPRF-PR";"DEL01-PR";"UOP05-DEL01-PR"
487385;2022-11-17;"quinta-feira";"09:30:00";"MT";70;514;"VARZEA GRANDE";"Condutor desrespeitou a iluminação vermelha do semáforo";"Colisão transversal";"Com Vítimas Feridas";"Pleno dia";"Crescente";"Céu Claro";"Simples";"Interseção de Vias";"Sim";3;0;1;0;1;3;1;5;-15,705927;-56,132589;"SPRF-MT";"DEL01-MT";"UOP02-DEL01-MT"
487391;2022-11-05;"sábado";"15:15:00";"PA";163;277;"NOVO PROGRESSO";"Transitar na contramão";"Tombamento";"Com Vítimas Feridas";"Pleno dia";"Crescente";"Céu Claro";"Simples";"Reta;Aclive";"Não";2;0;1;0;0;2;1;3;-7,317149;-55,31333;"SPRF-PA";"DEL05-PA";"UOP01-DEL05-PA"
487394;2022-11-05;"sábado";"07:50:00";"MS";163;480,5;"CAMPO GRANDE";"Transitar na contramão";"Colisão frontal";"Com Vítimas Feridas";"Pleno dia";"Crescente";"Céu Claro";"Simples";"Reta";"Não";3;0;1;0;1;2;1;4;-20,47835401;-54,55936408;"SPRF-MS";"DEL01-MS";"UOP01-DEL01-MS"
487396;2022-11-17;"quinta-feira";"12:20:00";"SC";101;145;"ITAPEMA";"Manobra de mudança de faixa";"Tombamento";"Com Vítimas Feridas";"Pleno dia";"Crescente";"Sol";"Dupla";"Reta";"Não";2;0;1;0;1;0;1;2;-27,08139206;-48,60130993;"SPRF-SC";"DEL04-SC";"UOP03-DEL04-SC"
487402;2022-11-17;"quinta-feira";"13:05:00";"SC";101;192;"BIGUACU";"Reação tardia ou ineficiente do condutor";"Colisão traseira";"Com Vítimas Feridas";"Pleno dia";"Crescente";"Céu Claro";"Simples";"Reta";"Sim";2;0;1;0;1;0;1;2;-27,48443781;-48,64765238;"SPRF-SC";"DEL01-SC";"UOP01-DEL01-SC"
487407;2022-11-17;"quinta-feira";"12:55:00";"SP";116;111;"TAUBATE";"Manobra de mudança de faixa";"Colisão traseira";"Sem Vítimas";"Pleno dia";"Decrescente";"Céu Claro";"Dupla";"Reta";"Não";4;0;0;0;3;1;0;3;-23,03887149;-45,56097419;"SPRF-SP";"DEL02-SP";"UOP02-DEL02-SP"
487410;2022-11-10;"quinta-feira";"09:00:00";"MS";267;18,1;"BATAGUASSU";"Ultrapassagem Indevida";"Colisão lateral mesmo sentido";"Sem Vítimas";"Pleno dia";"Crescente";"Céu Claro";"Simples";"Reta";"Não";3;0;0;0;2;1;0;3;-21,7262375;-52,31542002;"SPRF-MS";"DEL02-MS";"UOP04-DEL02-MS"
487416;2022-11-16;"quarta-feira";"20:00:00";"BA";242;197;"ITABERABA";"Demais falhas mecânicas ou elétricas";"Incêndio";"Sem Vítimas";"Plena Noite";"Decrescente";"Nublado";"Simples";"Reta";"Não";2;0;0;0;1;2;0;3;-12,52016396;-40,02168;"SPRF-BA";"DEL06-BA";"UOP02-DEL06-BA"
487417;2022-11-17;"quinta-feira";"09:30:00";"MT";158;501;"CANARANA";"Avarias e/ou desgaste excessivo no pneu";"Colisão com objeto";"Com Vítimas Feridas";"Pleno dia";"Crescente";"Céu Claro";"Simples";"Reta";"Não";5;0;1;0;3;1;1;3;-13,53230705;-51,91888579;"SPRF-MT";"DEL07-MT";"UOP02-DEL07-MT"
487418;2022-11-17;"quinta-feira";"04:30:00";"BA";101;121,5;"ALAGOINHAS";"Velocidade Incompatível";"Tombamento";"Com Vítimas Feridas";"Amanhecer";"Crescente";"Ignorado";"Simples";"Curva;Declive";"Não";2;0;1;0;0;1;1;2;-12,15209103;-38,51687953;"SPRF-BA";"DEL01-BA";"UOP04-DEL01-BA"
487420;2022-11-17;"quinta-feira";"14:45:00";"MG";381;479;"CONTAGEM";"Manobra de mudança de faixa";"Colisão traseira";"Com Vítimas Feridas";"Pleno dia";"Decrescente";"Céu Claro";"Múltipla";"Declive;Reta";"Sim";4;0;0;1;1;2;1;4;-19,95889605;-44,069202;"SPRF-MG";"DEL01-MG";"UOP03-DEL01-MG"
487421;2022-11-17;"quinta-feira";"14:20:00";"SC";282;46,1;"AGUAS MORNAS";"Velocidade Incompatível";"Colisão traseira";"Sem Vítimas";"Pleno dia";"Decrescente";"Céu Claro";"Simples";"Curva";"Não";3;0;0;0;2;1;0;3;-27,721041;-48,925152;"SPRF-SC";"DEL01-SC";"UOP03-DEL01-SC"
487422;2022-11-17;"quinta-feira";"14:35:00";"ES";101;93,5;"JAGUARE";"Demais falhas mecânicas ou elétricas";"Tombamento";"Com Vítimas Feridas";"Pleno dia";"Crescente";"Sol";"Simples";"Reta";"Sim";3;0;2;0;1;0;2;1;-18,92266916;-39,96785068;"SPRF-ES";"DEL04-ES";"UOP02-DEL04-ES"
487424;2022-10-04;"terça-feira";"17:30:00";"RO";364;1058;"PORTO VELHO";"Reação tardia ou ineficiente do condutor";"Colisão traseira";"Com Vítimas Fatais";"Pleno dia";"Crescente";"Céu Claro";"Simples";"Reta";"Sim";3;1;0;0;0;3;0;4;-9,79621619;-66,5331651;"SPRF-RO";"DEL01-RO";"UOP03-DEL01-RO"
487425;2022-11-17;"quinta-feira";"15:20:00";"SC";101;216,1;"PALHOCA";"Ultrapassagem Indevida";"Colisão lateral mesmo sentido";"Com Vítimas Feridas";"Pleno dia";"Crescente";"Céu Claro";"Múltipla";"Viaduto";"Não";2;0;0;1;1;0;1;2;-27,65981409;-48,67747798;"SPRF-SC";"DEL01-SC";"UOP02-DEL01-SC"
487426;2022-11-17;"quinta-feira";"12:40:00";"ES";101;260,8;"SERRA";"Carga excessiva e/ou mal acondicionada";"Derramamento de carga";"Com Vítimas Feridas";"Pleno dia";"Crescente";"Nublado";"Dupla";"Reta";"Não";3;0;0;1;1;1;1;2;-20,14616415;-40,28836206;"SPRF-ES";"DEL02-ES";"UOP01-DEL02-ES"
487427;2022-11-17;"quinta-feira";"15:35:00";"GO";40;9,7;"LUZIANIA";"Reação tardia ou ineficiente do condutor";"Saída de leito carroçável";"Com Vítimas Feridas";"Pleno dia";"Decrescente";"Céu Claro";"Dupla";"Reta";"Sim";1;0;1;0;0;0;1;1;-16,131158;-47,957739;"SPRF-DF";"DEL01-DF";"UOP01-DEL01-DF"
487428;2022-11-17;"quinta-feira";"13:10:00";"SC";101;258;"PAULO LOPES";"Demais falhas mecânicas ou elétricas";"Eventos atípicos";"Sem Vítimas";"Pleno dia";"Decrescente";"Céu Claro";"Múltipla";"Aclive";"Não";2;0;0;0;1;1;0;2;-28,00482282;-48,69190437;"SPRF-SC";"DEL02-SC";"UOP03-DEL02-SC"
487430;2022-11-17;"quinta-feira";"15:10:00";"SC";163;73,2;"SAO MIGUEL DO OESTE";"Ultrapassagem Indevida";"Colisão lateral mesmo sentido";"Sem Vítimas";"Pleno dia";"Crescente";"Céu Claro";"Simples";"Declive";"Não";2;0;0;0;1;1;0;2;-26,71084646;-53,51502434;"SPRF-SC";"DEL07-SC";"UOP03-DEL07-SC"
487431;2022-11-03;"quinta-feira";"18:30:00";"MS";163;464;"CAMPO GRANDE";"Ultrapassagem Indevida";"Colisão frontal";"Com Vítimas Feridas";"Anoitecer";"Crescente";"Céu Claro";"Simples";"Reta";"Não";3;0;0;1;1;1;1;3;-20,60305192;-54,57852768;"SPRF-MS";"DEL01-MS";"UOP01-DEL01-MS"
487432;2022-11-17;"quinta-feira";"14:35:00";"ES";101;144;"LINHARES";"Transitar na contramão";"Colisão frontal";"Com Vítimas Feridas";"Pleno dia";"Crescente";"Nublado";"Dupla";"Reta";"Sim";4;0;0;3;0;1;3;3;-19,35188295;-40,0636685;"SPRF-ES";"DEL04-ES";"UOP01-DEL04-ES"
487433;2022-11-17;"quinta-feira";"15:50:00";"RS";386;345,3;"LAJEADO";"Pedestre cruzava a pista fora da faixa";"Atropelamento de Pedestre";"Com Vítimas Feridas";"Pleno dia";"Crescente";"Sol";"Simples";"Reta";"Não";2;0;1;0;1;0;1;2;-29,44488028;-51,97963357;"SPRF-RS";"DEL04-RS";"UOP01-DEL04-RS"
487443;2022-11-17;"quinta-feira";"15:12:00";"GO";251;8;"CRISTALINA";"Acessar a via sem observar a presença dos outros veículos";"Colisão lateral mesmo sentido";"Com Vítimas Feridas";"Pleno dia";"Crescente";"Céu Claro";"Simples";"Reta";"Não";2;0;1;0;1;0;1;2;-16,21866189;-47,39503003;"SPRF-DF";"DEL01-DF";"UOP01-DEL01-DF"
487444;2022-11-17;"quinta-feira";"16:30:00";"SP";116;398,8;"MIRACATU";"Trafegar com motocicleta (ou similar) entre as faixas";"Colisão lateral mesmo sentido";"Com Vítimas Feridas";"Pleno dia";"Crescente";"Sol";"Dupla";"Reta";"Não";3;0;1;0;2;0;1;3;-24,30085222;-47,48456072;"SPRF-SP";"DEL04-SP";"UOP02-DEL04-SP"
487445;2022-11-17;"quinta-feira";"16:34:00";"SC";470;167,2;"POUSO REDONDO";"Reação tardia ou ineficiente do condutor";"Colisão traseira";"Com Vítimas Feridas";"Pleno dia";"Decrescente";"Céu Claro";"Simples";"Reta;Declive";"Não";4;0;1;0;2;4;1;7;-27,269835;-49,863087;"SPRF-SC";"DEL04-SC";"UOP02-DEL04-SC"
487448;2022-11-17;"quinta-feira";"16:30:00";"SC";470;73;"INDAIAL";"Transitar na contramão";"Colisão frontal";"Com Vítimas Fatais";"Pleno dia";"Crescente";"Céu Claro";"Dupla";"Reta";"Não";3;1;0;0;1;1;0;3;-26,909461;-49,275692;"SPRF-SC";"DEL04-SC";"UOP01-DEL04-SC"
487449;2022-11-17;"quinta-feira";"17:30:00";"RS";101;66,8;"MAQUINE";"Condutor deixou de manter distância do veículo da frente";"Colisão com objeto";"Com Vítimas Feridas";"Pleno dia";"Decrescente";"Céu Claro";"Dupla";"Reta";"Não";4;0;1;0;2;2;1;4;-29,724619;-50,198845;"SPRF-RS";"DEL03-RS";"UOP02-DEL03-RS"
487467;2022-11-17;"quinta-feira";"18:45:00";"PR";116;104;"SAO JOSE DOS PINHAIS";"Acessar a via sem observar a presença dos outros veículos";"Colisão transversal";"Sem Vítimas";"Plena Noite";"Crescente";"Céu Claro";"Múltipla";"Reta";"Não";3;0;0;0;2;1;0;3;-25,5721562;-49,1983974;"SPRF-PR";"DEL01-PR";"UOP07-DEL01-PR"
487468;2022-11-17;"quinta-feira";"18:55:00";"PR";277;109,9;"CURITIBA";"Trafegar com motocicleta (ou similar) entre as faixas";"Colisão lateral mesmo sentido";"Com Vítimas Feridas";"Anoitecer";"Crescente";"Céu Claro";"Dupla";"Reta";"Não";5;0;0;1;2;5;1;8;-25,562309;-49,259279;"SPRF-PR";"DEL03-PR";"UOP03-DEL03-PR"
487469;2022-11-17;"quinta-feira";"19:10:00";"MG";262;424;"IGARATINGA";"Acessar a via sem observar a presença dos outros veículos";"Colisão transversal";"Com Vítimas Feridas";"Plena Noite";"Crescente";"Vento";"Dupla";"Aclive;Reta";"Não";3;0;0;1;1;2;1;4;-19,88325202;-44,748945;"SPRF-MG";"DEL08-MG";"UOP03-DEL08-MG"
487472;2022-11-17;"quinta-feira";"12:55:00";"MG";116;488;"INHAPIM";"Velocidade Incompatível";"Tombamento";"Sem Vítimas";"Pleno dia";"Crescente";"Chuva";"Simples";"Curva";"Não";2;0;0;0;1;1;0;2;-19,45939593;-42,13063936;"SPRF-MG";"DEL06-MG";"UOP02-DEL06-MG"
487473;2022-11-08;"terça-feira";"16:30:00";"MS";163;485;"CAMPO GRANDE";"Ausência de reação do condutor";"Engavetamento";"Sem Vítimas";"Pleno dia";"Decrescente";"Céu Claro";"Simples";"Reta";"Não";4;0;0;0;3;2;0;5;-20,44233707;-54,54201834;"SPRF-MS";"DEL01-MS";"UOP02-DEL01-MS"