"id";"data_inversa";"dia_semana";"horario";"uf";"br";"km";"municipio";"causa_acidente";"tipo_acidente";"classificacao_acidente";"fase_dia";"sentido_via";"condicao_metereologica";"tipo_pista";"tracado_via";"uso_solo";"pessoas";"mortos";"feridos_leves";"feridos_graves";"ilesos";"ignorados";"feridos";"veiculos";"latitude";"longitude";"regional";"delegacia";"uop"
487476;2022-11-17;"quinta-feira";"18:50:00";"MG";251;458;"GRAO MOGOL";"Demais falhas mecânicas ou elétricas";"Saída de leito carroçável";"Com Vítimas Feridas";"Plena Noite";"Decrescente";"Nublado";"Simples";"Reta";"Não";3;0;1;0;0;3;1;4;-16,41473399;-43,368613;"SPRF-MG";"DEL12-MG";"UOP01-DEL12-MG"
487484;2022-11-17;"quinta-feira";"17:15:00";"PR";277;110,7;"CAMPO LARGO";"Acessar a via sem observar a presença dos outros veículos";"Colisão transversal";"Com Vítimas Fatais";"Pleno dia";"Decrescente";"Sol";"Dupla";"Retorno Regulamentado";"Sim";3;1;0;0;1;1;0;3;-25,443376;-49,453167;"SPRF-PR";"DEL03-PR";"UOP03-DEL03-PR"
487489;2022-11-17;"quinta-feira";"20:30:00";"GO";153;381,5;"SAO FRANCISCO DE GOIAS";"Avarias e/ou desgaste excessivo no pneu";"Tombamento";"Com Vítimas Fatais";"Plena Noite";"Decrescente";"Céu Claro";"Simples";"Declive;Curva";"Não";2;1;0;0;0;1;0;2;-15,913847;-49,221775;"SPRF-GO";"DEL02-GO";"UOP02-DEL02-GO"
487491;2022-11-17;"quinta-feira";"19:10:00";"BA";101;467;"URUCUCA";"Ultrapassagem Indevida";"Colisão lateral mesmo sentido";"Com Vítimas Feridas";"Plena Noite";"Decrescente";"Nublado";"Simples";"Reta";"Não";6;0;4;0;2;0;4;2;-14,52194829;-39,33520681;"SPRF-BA";"DEL05-BA";"UOP01-DEL05-BA"
487495;2022-11-17;"quinta-feira";"21:00:00";"RJ";101;67,8;"CAMPOS DOS GOYTACAZES";"Entrada inopinada do pedestre";"Atropelamento de Pedestre";"Com Vítimas Feridas";"Plena Noite";"Crescente";"Céu Claro";"Simples";"Reta";"Não";3;0;0;1;1;1;1;3;-21,76751094;-41,34876249;"SPRF-RJ";"DEL08-RJ";"UOP02-DEL08-RJ"
487499;2022-10-24;"segunda-feira";"17:30:00";"MT";70;505;"CUIABA";"Reação tardia ou ineficiente do condutor";"Colisão lateral mesmo sentido";"Com Vítimas Feridas";"Pleno dia";"Decrescente";"Céu Claro";"Simples";"Reta";"Não";5;0;0;1;3;5;1;9;-15,68206569;-55,92335686;"SPRF-MT";"DEL01-MT";"UOP02-DEL01-MT"
487500;2022-11-17;"quinta-feira";"21:45:00";"PR";116;122;"CURITIBA";"Manobra de mudança de faixa";"Colisão transversal";"Com Vítimas Feridas";"Plena Noite";"Crescente";"Céu Claro";"Dupla";"Curva";"Não";3;0;1;0;2;0;1;2;-25,56857207;-49,31023179;"SPRF-PR";"DEL01-PR";"UOP03-DEL01-PR"
487504;2022-04-08;"sexta-feira";"19:35:00";"SC";280;128;"RIO NEGRINHO";"Velocidade Incompatível";"Colisão transversal";"Com Vítimas Feridas";"Plena Noite";"Decrescente";"Chuva";"Simples";"Ponte";"Sim";7;0;2;1;1;3;3;4;-26,24338645;-49,51358914;"SPRF-SC";"DEL06-SC";"UOP03-DEL06-SC"
487507;2022-11-17;"quinta-feira";"22:30:00";"RJ";101;58;"CAMPOS DOS GOYTACAZES";"Condutor deixou de manter distância do veículo da frente";"Colisão traseira";"Sem Vítimas";"Plena Noite";"Crescente";"Céu Claro";"Simples";"Reta";"Sim";3;0;0;0;1;2;0;3;-21,70488703;-41,30979616;"SPRF-RJ";"DEL08-RJ";"UOP01-DEL08-RJ"
487514;2022-11-17;"quinta-feira";"22:20:00";"SC";101;388,5;"CRICIUMA";"Reação tardia ou ineficiente do condutor";"Tombamento";"Com Vítimas Feridas";"Plena Noite";"Decrescente";"Ignorado";"Múltipla";"Reta";"Sim";2;0;1;0;0;1;1;2;-28,79737362;-49,35805321;"SPRF-SC";"DEL02-SC";"UOP02-DEL02-SC"
487517;2022-11-18;"sexta-feira";"00:50:00";"SP";116;293;"ITAPECERICA DA SERRA";"Carga excessiva e/ou mal acondicionada";"Colisão lateral mesmo sentido";"Com Vítimas Feridas";"Plena Noite";"Crescente";"Céu Claro";"Múltipla";"Reta";"Sim";1;0;0;1;0;0;1;1;-23,75393807;-46,90168863;"SPRF-SP";"DEL04-SP";"UOP01-DEL04-SP"
487521;2022-11-18;"sexta-feira";"02:30:00";"SP";153;90;"MIRASSOL";"Manobra de mudança de faixa";"Colisão frontal";"Com Vítimas Fatais";"Plena Noite";"Crescente";"Nublado";"Simples";"Reta";"Não";5;2;2;0;1;0;2;2;-20,95840029;-49,55965384;"SPRF-SP";"DEL09-SP";"UOP01-DEL09-SP"
487523;2022-11-18;"sexta-feira";"04:30:00";"RJ";40;60,5;"PETROPOLIS";"Condutor Dormindo";"Saída de leito carroçável";"Com Vítimas Feridas";"Amanhecer";"Crescente";"Céu Claro";"Dupla";"Reta";"Não";1;0;1;0;0;0;1;1;-22,39450315;-43,13468983;"SPRF-RJ";"DEL05-RJ";"UOP02-DEL05-RJ"
487525;2022-11-16;"quarta-feira";"00:25:00";"BA";20;5;"SAO DESIDERIO";"Reação tardia ou ineficiente do condutor";"Colisão frontal";"Com Vítimas Feridas";"Plena Noite";"Crescente";"Nublado";"Simples";"Reta";"Não";5;0;3;0;1;2;3;4;-13;-46;"SPRF-BA";"DEL10-BA";"UOP01-DEL10-BA"
487541;2022-11-18;"sexta-feira";"05:00:00";"RJ";393;139;"SAPUCAIA";"Condutor Dormindo";"Tombamento";"Com Vítimas Feridas";"Amanhecer";"Decrescente";"Céu Claro";"Simples";"Curva";"Não";2;0;1;0;0;1;1;2;-22,00724015;-42,93944592;"SPRF-RJ";"DEL05-RJ";"UOP01-DEL05-RJ"
487542;2022-11-17;"quinta-feira";"13:40:00";"MG";381;871,8;"POUSO ALEGRE";"Reação tardia ou ineficiente do condutor";"Saída de leito carroçável";"Com Vítimas Feridas";"Pleno dia";"Decrescente";"Céu Claro";"Dupla";"Curva";"Não";1;0;1;0;0;0;1;1;-22,40512688;-45,95999479;"SPRF-MG";"DEL16-MG";"UOP01-DEL16-MG"
487550;2022-11-18;"sexta-feira";"05:20:00";"SP";116;377;"MIRACATU";"Acessar a via sem observar a presença dos outros veículos";"Colisão transversal";"Sem Vítimas";"Amanhecer";"Decrescente";"Céu Claro";"Dupla";"Reta";"Não";5;0;0;0;4;1;0;3;-24,19592033;-47,36368081;"SPRF-SP";"DEL04-SP";"UOP02-DEL04-SP"
487551;2022-11-18;"sexta-feira";"06:50:00";"MG";262;393,9;"PARA DE MINAS";"Acessar a via sem observar a presença dos outros veículos";"Colisão transversal";"Com Vítimas Feridas";"Pleno dia";"Crescente";"Céu Claro";"Dupla";"Reta;Retorno Regulamentado";"Não";3;0;1;0;1;1;1;3;-19,89851;-44,55122;"SPRF-MG";"DEL01-MG";"UOP03-DEL01-MG"
487553;2022-11-18;"sexta-feira";"08:08:00";"MG";40;525,5;"RIBEIRAO DAS NEVES";"Trafegar com motocicleta (ou similar) entre as faixas";"Colisão lateral mesmo sentido";"Com Vítimas Fatais";"Pleno dia";"Decrescente";"Céu Claro";"Dupla";"Reta";"Sim";3;1;0;0;1;1;0;3;-19,888726;-44,050217;"SPRF-MG";"DEL01-MG";"UOP02-DEL01-MG"
487556;2022-11-18;"sexta-feira";"05:50:00";"SC";282;161,3;"BOM RETIRO";"Reação tardia ou ineficiente do condutor";"Colisão traseira";"Com Vítimas Feridas";"Amanhecer";"Decrescente";"Sol";"Simples";"Reta;Declive";"Não";7;0;1;0;6;0;1;3;-27,731232;-49,763027;"SPRF-SC";"DEL05-SC";"UOP01-DEL05-SC"
487561;2022-11-18;"sexta-feira";"00:19:00";"BA";242;536;"OLIVEIRA DOS BREJINHOS";"Ausência de sinalização";"Colisão traseira";"Sem Vítimas";"Plena Noite";"Decrescente";"Céu Claro";"Simples";"Reta";"Não";3;0;0;0;2;1;0;3;-12,24864959;-42,76521653;"SPRF-BA";"DEL06-BA";"UOP01-DEL06-BA"
487566;2022-11-18;"sexta-feira";"08:30:00";"SC";101;201;"SAO JOSE";"Reação tardia ou ineficiente do condutor";"Colisão lateral mesmo sentido";"Com Vítimas Feridas";"Pleno dia";"Crescente";"Céu Claro";"Dupla";"Reta";"Sim";3;0;0;1;2;0;1;3;-27,54836599;-48,61977975;"SPRF-SC";"DEL01-SC";"UOP01-DEL01-SC"
487567;2022-11-18;"sexta-feira";"08:15:00";"RJ";40;123;"DUQUE DE CAXIAS";"Trafegar com motocicleta (ou similar) entre as faixas";"Colisão lateral mesmo sentido";"Com Vítimas Feridas";"Pleno dia";"Crescente";"Sol";"Múltipla";"Reta";"Sim";5;0;2;0;2;1;2;5;-22,79907687;-43,29015739;"SPRF-RJ";"DEL01-RJ";"UOP01-DEL01-RJ"
487570;2022-11-18;"sexta-feira";"09:00:00";"MG";381;364;"SAO GONCALO DO RIO ABAIXO";"Velocidade Incompatível";"Tombamento";"Com Vítimas Feridas";"Pleno dia";"Crescente";"Céu Claro";"Simples";"Curva";"Não";2;0;1;0;0;1;1;2;-19,84955579;-43,25424839;"SPRF-MG";"DEL03-MG";"UOP01-DEL03-MG"
487574;2022-10-05;"quarta-feira";"10:00:00";"PR";277;71;"SAO JOSE DOS PINHAIS";"Acessar a via sem observar a presença dos outros veículos";"Colisão transversal";"Com Vítimas Feridas";"Pleno dia";"Crescente";"Céu Claro";"Dupla";"Interseção de Vias";"Sim";4;0;0;1;1;3;1;5;-25,51087678;-49,12886918;"SPRF-PR";"DEL01-PR";"UOP01-DEL01-PR"
487576;2022-11-18;"sexta-feira";"07:00:00";"SC";101;357;"SANGAO";"Desrespeitar a preferência no cruzamento";"Colisão transversal";"Com Vítimas Feridas";"Pleno dia";"Decrescente";"Céu Claro";"Simples";"Interseção de Vias";"Sim";2;0;1;0;1;0;1;2;-28,64374504;-49,09996033;"SPRF-SC";"DEL02-SC";"UOP01-DEL02-SC"
487578;2022-11-18;"sexta-feira";"00:19:00";"MG";40;140;"JOAO PINHEIRO";"Condutor Dormindo";"Saída de leito carroçável";"Com Vítimas Feridas";"Amanhecer";"Crescente";"Nublado";"Simples";"Aclive;Curva";"Não";1;0;1;0;0;0;1;1;-17,7389698;-46,20223198;"SPRF-MG";"DEL14-MG";"UOP01-DEL14-MG"
487583;2022-11-18;"sexta-feira";"07:20:00";"MG";40;614;"CONGONHAS";"Afundamento ou ondulação no pavimento";"Derramamento de carga";"Sem Vítimas";"Pleno dia";"Crescente";"Céu Claro";"Simples";"Curva";"Não";2;0;0;0;1;1;0;2;-20,52977973;-43,82351464;"SPRF-MG";"DEL05-MG";"UOP02-DEL05-MG"
487589;2022-11-18;"sexta-feira";"09:15:00";"MS";163;548;"BANDEIRANTES";"Desrespeitar a preferência no cruzamento";"Colisão transversal";"Com Vítimas Feridas";"Pleno dia";"Crescente";"Céu Claro";"Simples";"Reta;Interseção de Vias";"Sim";2;0;1;0;1;0;1;2;-19,91869106;-54,36860922;"SPRF-MS";"DEL01-MS";"UOP02-DEL01-MS"
487595;2022-11-18;"sexta-feira";"11:10:00";"PI";343;327;"TERESINA";"Manobra de mudança de faixa";"Colisão frontal";"Com Vítimas Fatais";"Pleno dia";"Crescente";"Céu Claro";"Simples";"Reta";"Não";6;1;0;1;3;1;1;5;-5,071425;-42,625938;"SPRF-PI";"DEL01-PI";"UOP01-DEL01-PI"
487597;2022-11-18;"sexta-feira";"11:00:00";"MG";381;453;"SABARA";"Acessar a via sem observar a presença dos outros veículos";"Atropelamento de Pedestre";"Com Vítimas Feridas";"Pleno dia";"Crescente";"Céu Claro";"Simples";"Reta";"Não";3;0;1;0;1;1;1;3;-19,85197588;-43,88851019;"SPRF-MG";"DEL01-MG";"UOP01-DEL01-MG"
487598;2022-11-18;"sexta-feira";"11:57:00";"PE";104;51;"CARUARU";"Velocidade Incompatível";"Saída de leito carroçável";"Com Vítimas Feridas";"Pleno dia";"Decrescente";"Céu Claro";"Dupla";"Reta";"Não";1;0;1;0;0;0;1;1;-8,159284;-35,982044;"SPRF-PE";"DEL02-PE";"UOP01-DEL02-PE"
487601;2022-11-18;"sexta-feira";"10:15:00";"SC";101;419,3;"ARARANGUA";"Reação tardia ou ineficiente do condutor";"Colisão lateral mesmo sentido";"Com Vítimas Feridas";"Pleno dia";"Decrescente";"Céu Claro";"Múltipla";"Reta";"Sim";2;0;1;0;0;1;1;2;-28,98712406;-49,54395294;"SPRF-SC";"DEL02-SC";"UOP02-DEL02-SC"
487611;2022-11-18;"sexta-feira";"12:30:00";"SC";101;118;"ITAJAI";"Acessar a via sem observar a presença dos outros veículos";"Colisão transversal";"Sem Vítimas";"Pleno dia";"Crescente";"Céu Claro";"Simples";"Interseção de Vias";"Sim";3;0;0;0;2;1;0;3;-26,895859;-48,71903;"SPRF-SC";"DEL04-SC";"UOP04-DEL04-SC"
487614;2022-11-18;"sexta-feira";"13:45:00";"PR";116;59;"CAMPINA GRANDE DO SUL";"Velocidade Incompatível";"Colisão com objeto";"Sem Vítimas";"Pleno dia";"Crescente";"Sol";"Dupla";"Curva;Declive";"Não";8;0;0;0;7;1;0;3;-25,30335724;-48,94378885;"SPRF-PR";"DEL01-PR";"UOP02-DEL01-PR"
487620;2022-11-18;"sexta-feira";"13:00:00";"PR";369;101;"URAI";"Problema com o freio";"Incêndio";"Sem Vítimas";"Pleno dia";"Crescente";"Céu Claro";"Dupla";"Reta";"Não";2;0;0;0;1;2;0;3;-23,248019;-50,75112;"SPRF-PR";"DEL07-PR";"UOP05-DEL07-PR"
487624;2022-11-18;"sexta-feira";"12:20:00";"SP";153;335;"OURINHOS";"Problema na suspensão";"Saída de leito carroçável";"Com Vítimas Feridas";"Pleno dia";"Crescente";"Céu Claro";"Dupla";"Reta";"Não";1;0;1;0;0;0;1;1;-22,89976601;-49,8895705;"SPRF-SP";"DEL07-SP";"UOP03-DEL07-SP"
487626;2022-11-18;"sexta-feira";"14:20:00";"SC";101;193;"BIGUACU";"Condutor deixou de manter distância do veículo da frente";"Colisão lateral mesmo sentido";"Com Vítimas Feridas";"Pleno dia";"Decrescente";"Céu Claro";"Múltipla";"Desvio Temporário;Em Obras;Curva";"Sim";4;0;1;0;0;3;1;4;-27,489574;-48,655914;"SPRF-SC";"DEL01-SC";"UOP01-DEL01-SC"
487627;2022-11-18;"sexta-feira";"13:50:00";"RS";116;476;"SAO LOURENCO DO SUL";"Ausência de reação do condutor";"Colisão traseira";"Com Vítimas Feridas";"Pleno dia";"Crescente";"Céu Claro";"Simples";"Em Obras";"Não";3;0;1;0;1;2;1;4;-31,37991208;-52,117431;"SPRF-RS";"DEL07-RS";"UOP01-DEL07-RS"
487628;2022-11-18;"sexta-feira";"10:30:00";"RS";285;249;"CIRIACO";"Faixas de trânsito com largura insuficiente";"Derramamento de carga";"Com Vítimas Feridas";"Pleno dia";"Crescente";"Céu Claro";"Simples";"Reta";"Não";3;0;1;0;1;2;1;4;-28,289093;-51,966801;"SPRF-RS";"DEL08-RS";"UOP03-DEL08-RS"
487629;2022-11-18;"sexta-feira";"13:50:00";"RJ";40;112;"DUQUE DE CAXIAS";"Manobra de mudança de faixa";"Colisão traseira";"Com Vítimas Feridas";"Pleno dia";"Decrescente";"Céu Claro";"Múltipla";"Reta";"Não";5;0;1;0;3;1;1;4;-22,7004454;-43,29014851;"SPRF-RJ";"DEL01-RJ";"UOP01-DEL01-RJ"
487630;2022-11-18;"sexta-feira";"09:55:00";"MS";376;40;"VICENTINA";"Manobra de mudança de faixa";"Colisão transversal";"Com Vítimas Feridas";"Pleno dia";"Crescente";"Céu Claro";"Simples";"Reta";"Não";2;0;2;0;0;0;2;2;-22,41636922;-54,41693508;"SPRF-MS";"DEL04-MS";"UOP01-DEL04-MS"
487633;2022-11-18;"sexta-feira";"14:15:00";"PR";376;440;"TIBAGI";"Reação tardia ou ineficiente do condutor";"Tombamento";"Com Vítimas Feridas";"Pleno dia";"Crescente";"Sol";"Dupla";"Curva";"Não";2;0;1;0;0;1;1;2;-24,79899532;-50,4948163;"SPRF-PR";"DEL03-PR";"UOP02-DEL03-PR"
487634;2022-11-18;"sexta-feira";"15:00:00";"SC";101;215;"PALHOCA";"Acesso irregular";"Colisão transversal";"Com Vítimas Feridas";"Pleno dia";"Crescente";"Céu Claro";"Dupla";"Reta";"Não";2;0;0;1;1;0;1;2;-27,6512709;-48,6743474;"SPRF-SC";"DEL01-SC";"UOP02-DEL01-SC"
487640;2022-09-24;"sábado";"05:15:00";"PI";343;589;"FLORIANO";"Ausência de reação do condutor";"Colisão traseira";"Com Vítimas Feridas";"Pleno dia";"Decrescente";"Chuva";"Simples";"Reta";"Sim";2;0;0;1;0;1;1;2;-6,776695;-43,009346;"SPRF-PI";"DEL03-PI";"UOP01-DEL03-PI"
487641;2022-11-18;"sexta-feira";"14:45:00";"PR";376;186,5;"MARIALVA";"Reação tardia ou ineficiente do condutor";"Engavetamento";"Com Vítimas Feridas";"Pleno dia";"Crescente";"Céu Claro";"Dupla";"Reta";"Sim";4;0;2;0;1;1;2;3;-23,45643624;-51,84510713;"SPRF-PR";"DEL09-PR";"UOP01-DEL09-PR"
487642;2022-11-18;"sexta-feira";"15:00:00";"PR";376;182;"SARANDI";"Acessar a via sem observar a presença dos outros veículos";"Colisão lateral mesmo sentido";"Com Vítimas Feridas";"Pleno dia";"Decrescente";"Céu Claro";"Dupla";"Interseção de Vias";"Sim";4;0;1;1;1;1;2;3;-23,43684112;-51,87880764;"SPRF-PR";"DEL09-PR";"UOP01-DEL09-PR"
487646;2022-11-18;"sexta-feira";"15:30:00";"SP";381;78;"SAO PAULO";"Manobra de mudança de faixa";"Colisão lateral mesmo sentido";"Com Vítimas Feridas";"Pleno dia";"Crescente";"Céu Claro";"Dupla";"Declive";"Não";3;0;2;0;0;1;2;2;-23,39620774;-46,57355227;"SPRF-SP";"DEL03-SP";"UOP01-DEL03-SP"
487648;2022-11-18;"sexta-feira";"16:00:00";"SP";116;220,8;"GUARULHOS";"Manobra de mudança de faixa";"Queda de ocupante de veículo";"Com Vítimas Feridas";"Pleno dia";"Crescente";"Céu Claro";"Múltipla";"Reta";"Sim";2;0;1;0;1;0;1;2;-23,46472809;-46,49793962;"SPRF-SP";"DEL01-SP";"UOP01-DEL01-SP"
487649;2022-11-18;"sexta-feira";"15:50:00";"ES";101;119,5;"LINHARES";"Condutor Dormindo";"Colisão lateral sentido oposto";"Com Vítimas Feridas";"Pleno dia";"Crescente";"Céu Claro";"Simples";"Reta";"Não";3;0;1;0;1;3;1;5;-19,13567283;-40,07109336;"SPRF-ES";"DEL04-ES";"UOP01-DEL04-ES"
487650;2022-11-18;"sexta-feira";"16:00:00";"RS";293;80;"PIRATINI";"Demais falhas mecânicas ou elétricas";"Colisão com objeto";"Com Vítimas Feridas";"Pleno dia";"Crescente";"Céu Claro";"Simples";"Reta";"Não";6;0;1;0;4;2;1;4;-31,65857248;-53,11799273;"SPRF-RS";"DEL07-RS";"UOP01-DEL07-RS"
487652;2022-11-18;"sexta-feira";"15:30:00";"DF";60;2,6;"BRASILIA";"Condutor deixou de manter distância do veículo da frente";"Colisão traseira";"Com Vítimas Feridas";"Pleno dia";"Crescente";"Sol";"Dupla";"Reta";"Sim";6;0;4;0;1;1;4;3;-15,887383;-48,077988;"SPRF-DF";"DEL03-DF";"UOP01-DEL03-DF"
487655;2022-11-18;"sexta-feira";"15:40:00";"SP";381;83;"SAO PAULO";"Ausência de reação do condutor";"Colisão traseira";"Com Vítimas Feridas";"Pleno dia";"Crescente";"Céu Claro";"Dupla";"Reta";"Sim";2;0;0;1;1;0;1;2;-23,4309671;-46,56998022;"SPRF-SP";"DEL03-SP";"UOP01-DEL03-SP"
487659;2022-11-18;"sexta-feira";"10:20:00";"PA";155;269;"ELDORADO DO CARAJAS";"Ultrapassagem Indevida";"Colisão frontal";"Com Vítimas Feridas";"Pleno dia";"Decrescente";"Nublado";"Simples";"Reta";"Não";3;0;1;0;2;0;1;2;-5,98744935;-49,23940559;"SPRF-PA";"DEL03-PA";"UOP01-DEL03-PA"
487677;2022-11-18;"sexta-feira";"18:00:00";"RN";405;3;"MOSSORO";"Conversão proibida";"Colisão transversal";"Com Vítimas Feridas";"Plena Noite";"Decrescente";"Céu Claro";"Simples";"Reta;Viaduto";"Não";2;0;1;0;1;0;1;2;-5,19386547;-37,38052995;"SPRF-RN";"DEL04-RN";"UOP02-DEL04-RN"
487678;2022-11-18;"sexta-feira";"16:45:00";"PR";277;584;"CASCAVEL";"Desrespeitar a preferência no cruzamento";"Colisão lateral mesmo sentido";"Sem Vítimas";"Pleno dia";"Crescente";"Céu Claro";"Simples";"Interseção de Vias";"Não";2;0;0;0;2;0;0;2;-24,96684176;-53,40258186;"SPRF-PR";"DEL04-PR";"UOP01-DEL04-PR"
487682;2022-11-18;"sexta-feira";"16:22:00";"MS";163;393,1;"NOVA ALVORADA DO SUL";"Reação tardia ou ineficiente do condutor";"Tombamento";"Com Vítimas Feridas";"Pleno dia";"Crescente";"Céu Claro";"Simples";"Reta";"Não";2;0;1;0;0;1;1;2;-21,228445;-54,456296;"SPRF-MS";"DEL02-MS";"UOP01-DEL02-MS"
487692;2022-11-13;"domingo";"13:30:00";"MG";251;472,1;"FRANCISCO SA";"Problema com o freio";"Saída de leito carroçável";"Com Vítimas Feridas";"Pleno dia";"Crescente";"Céu Claro";"Simples";"Curva";"Não";1;0;0;1;0;0;1;1;-16,4669101;-43,43947986;"SPRF-MG";"DEL12-MG";"UOP01-DEL12-MG"
487696;2022-11-18;"sexta-feira";"18:50:00";"PR";163;164;"LINDOESTE";"Condutor deixou de manter distância do veículo da frente";"Engavetamento";"Sem Vítimas";"Anoitecer";"Crescente";"Céu Claro";"Simples";"Reta";"Não";3;0;0;0;3;0;0;3;-25,29791775;-53,57424304;"SPRF-PR";"DEL05-PR";"UOP05-DEL05-PR"
487699;2022-11-18;"sexta-feira";"19:30:00";"RJ";101;473;"ANGRA DOS REIS";"Acessar a via sem observar a presença dos outros veículos";"Colisão transversal";"Com Vítimas Feridas";"Plena Noite";"Decrescente";"Céu Claro";"Simples";"Interseção de Vias";"Não";4;0;1;0;3;0;1;2;-22,98960623;-44,24168693;"SPRF-RJ";"DEL03-RJ";"UOP03-DEL03-RJ"
487700;2022-11-18;"sexta-feira";"17:50:00";"SC";480;124,5;"CHAPECO";"Demais falhas mecânicas ou elétricas";"Colisão com objeto";"Com Vítimas Feridas";"Pleno dia";"Crescente";"Céu Claro";"Dupla";"Declive";"Não";2;0;2;0;0;0;2;1;-27,00359519;-52,64391044;"SPRF-SC";"DEL07-SC";"UOP01-DEL07-SC"
487704;2022-11-18;"sexta-feira";"18:45:00";"BA";407;40;"JUAZEIRO";"Animais na Pista";"Colisão frontal";"Com Vítimas Feridas";"Plena Noite";"Crescente";"Céu Claro";"Simples";"Curva";"Não";6;0;2;2;2;0;4;3;-9,730264;-40,354084;"SPRF-BA";"DEL04-BA";"UOP01-DEL04-BA"
487705;2022-11-18;"sexta-feira";"16:50:00";"BA";101;526;"BUERAREMA";"Acesso irregular";"Colisão transversal";"Com Vítimas Feridas";"Plena Noite";"Decrescente";"Chuva";"Simples";"Curva;Interseção de Vias";"Não";5;0;2;0;2;1;2;3;-14,97023173;-39,32024002;"SPRF-BA";"DEL05-BA";"UOP01-DEL05-BA"
487706;2022-11-18;"sexta-feira";"18:00:00";"RS";392;275;"SAO SEPE";"Demais falhas mecânicas ou elétricas";"Colisão com objeto";"Sem Vítimas";"Pleno dia";"Crescente";"Céu Claro";"Simples";"Reta;Declive";"Não";1;0;0;0;1;0;0;1;-30,34917406;-53,51922929;"SPRF-RS";"DEL09-RS";"UOP02-DEL09-RS"
487709;2022-11-18;"sexta-feira";"20:05:00";"SP";116;97,6;"PINDAMONHANGABA";"Reação tardia ou ineficiente do condutor";"Tombamento";"Com Vítimas Feridas";"Plena Noite";"Crescente";"Nublado";"Dupla";"Reta;Declive";"Não";2;0;1;0;1;0;1;2;-22,97375666;-45,44726115;"SPRF-SP";"DEL08-SP";"UOP01-DEL08-SP"
487722;2022-11-18;"sexta-feira";"22:10:00";"PR";163;112,9;"CAPANEMA";"Ultrapassagem Indevida";"Colisão frontal";"Com Vítimas Fatais";"Plena Noite";"Crescente";"Céu Claro";"Simples";"Reta";"Não";3;1;0;0;1;1;0;3;-25,62241033;-53,67019922;"SPRF-PR";"DEL02-PR";"UOP02-DEL02-PR"
487731;2022-11-18;"sexta-feira";"22:20:00";"MG";40;459;"SETE LAGOAS";"Demais falhas mecânicas ou elétricas";"Colisão lateral sentido oposto";"Com Vítimas Feridas";"Plena Noite";"Crescente";"Céu Claro";"Múltipla";"Curva;Declive";"Sim";2;0;1;1;0;0;2;2;-19,388919;-44,335457;"SPRF-MG";"DEL02-MG";"UOP01-DEL02-MG"
487738;2022-11-18;"sexta-feira";"23:30:00";"PR";116;132;"FAZENDA RIO GRANDE";"Reação tardia ou ineficiente do condutor";"Colisão traseira";"Com Vítimas Feridas";"Plena Noite";"Decrescente";"Céu Claro";"Dupla";"Reta";"Sim";3;0;1;0;2;0;1;2;-25,65845161;-49,31235909;"SPRF-PR";"DEL01-PR";"UOP03-DEL01-PR"
487739;2022-11-18;"sexta-feira";"22:45:00";"RS";290;175;"BUTIA";"Acessar a via sem observar a presença dos outros veículos";"Colisão transversal";"Com Vítimas Feridas";"Plena Noite";"Crescente";"Céu Claro";"Simples";"Reta";"Sim";3;0;0;1;1;1;1;3;-30,129343;-51,961823;"SPRF-RS";"DEL02-RS";"UOP03-DEL02-RS"
487749;2022-11-19;"sábado";"01:00:00";"PR";153;465,9;"UNIAO DA VITORIA";"Obstrução na via";"Eventos atípicos";"Com Vítimas Feridas";"Plena Noite";"Decrescente";"Céu Claro";"Simples";"Reta";"Não";17;0;3;0;13;1;3;2;-26,27188312;-51,17667552;"SPRF-PR";"DEL02-PR";"UOP03-DEL02-PR"
487754;2022-11-18;"sexta-feira";"17:30:00";"MA";222;486;"SANTA LUZIA";"Curva acentuada";"Capotamento";"Com Vítimas Fatais";"Anoitecer";"Decrescente";"Nublado";"Simples";"Curva";"Não";1;1;0;0;0;0;0;1;-4,20090485;-46,13777161;"SPRF-MA";"DEL02-MA";"UOP01-DEL02-MA"
487765;2022-11-19;"sábado";"05:40:00";"BA";116;414;"FEIRA DE SANTANA";"Ingestão de álcool e/ou substâncias psicoativas pelo pedestre";"Colisão traseira";"Com Vítimas Feridas";"Amanhecer";"Crescente";"Céu Claro";"Dupla";"Reta";"Não";3;0;1;1;1;0;2;2;-12,14262724;-38,96649599;"SPRF-BA";"DEL02-BA";"UOP01-DEL02-BA"
487767;2022-11-19;"sábado";"05:15:00";"CE";222;162;"IRAUCUBA";"Avarias e/ou desgaste excessivo no pneu";"Tombamento";"Com Vítimas Feridas";"Amanhecer";"Crescente";"Céu Claro";"Simples";"Curva";"Não";2;0;2;0;0;0;2;1;-3,7353958;-39,89410391;"SPRF-CE";"DEL04-CE";"UOP03-DEL04-CE"
487773;2022-11-19;"sábado";"05:30:00";"RJ";101;275;"TANGUA";"Reação tardia ou ineficiente do condutor";"Colisão traseira";"Com Vítimas Feridas";"Amanhecer";"Decrescente";"Céu Claro";"Dupla";"Reta";"Não";3;0;1;0;1;1;1;3;-22,73653355;-42,72909106;"SPRF-RJ";"DEL02-RJ";"UOP03-DEL02-RJ"