"id";"data_inversa";"dia_semana";"horario";"uf";"br";"km";"municipio";"causa_acidente";"tipo_acidente";"classificacao_acidente";"fase_dia";"sentido_via";"condicao_metereologica";"tipo_pista";"tracado_via";"uso_solo";"pessoas";"mortos";"feridos_leves";"feridos_graves";"ilesos";"ignorados";"feridos";"veiculos";"latitude";"longitude";"regional";"delegacia";"uop"
487775;2022-11-19;"sábado";"05:40:00";"PI";316;270;"DOM EXPEDITO LOPES";"Demais falhas mecânicas ou elétricas";"Eventos atípicos";"Com Vítimas Feridas";"Amanhecer";"Crescente";"Céu Claro";"Simples";"Reta";"Não";1;0;0;1;0;0;1;1;-6,91631897;-41,74328344;"SPRF-PI";"DEL04-PI";"UOP02-DEL04-PI"
487778;2022-11-18;"sexta-feira";"20:30:00";"BA";30;352;"BRUMADO";"Ultrapassagem Indevida";"Colisão transversal";"Com Vítimas Feridas";"Plena Noite";"Crescente";"Céu Claro";"Simples";"Reta";"Não";4;0;3;0;0;1;3;2;-14,26082041;-41,79797695;"SPRF-BA";"DEL08-BA";"UOP01-DEL08-BA"
487794;2022-11-19;"sábado";"08:10:00";"MG";116;712,2;"MURIAE";"Demais falhas mecânicas ou elétricas";"Colisão lateral sentido oposto";"Com Vítimas Fatais";"Pleno dia";"Crescente";"Céu Claro";"Simples";"Curva";"Não";5;1;0;2;1;1;2;3;-21,18310032;-42,37036434;"SPRF-MG";"DEL07-MG";"UOP02-DEL07-MG"
487802;2022-11-01;"terça-feira";"17:00:00";"MG";381;796;"SAO GONCALO DO SAPUCAI";"Reação tardia ou ineficiente do condutor";"Colisão traseira";"Com Vítimas Feridas";"Pleno dia";"Crescente";"Céu Claro";"Dupla";"Reta";"Não";3;0;1;0;1;1;1;3;-21,94639129;-45,62086966;"SPRF-MG";"DEL16-MG";"UOP02-DEL16-MG"
487809;2022-11-19;"sábado";"09:50:00";"PR";373;179,2;"PONTA GROSSA";"Manobra de mudança de faixa";"Colisão lateral mesmo sentido";"Com Vítimas Feridas";"Pleno dia";"Crescente";"Céu Claro";"Simples";"Reta";"Sim";2;0;1;0;1;0;1;2;-25,04281018;-50,23950211;"SPRF-PR";"DEL03-PR";"UOP01-DEL03-PR"
487810;2022-11-19;"sábado";"10:30:00";"MG";40;802,1;"MATIAS BARBOSA";"Ausência de reação do condutor";"Atropelamento de Pedestre";"Com Vítimas Fatais";"Pleno dia";"Crescente";"Céu Claro";"Dupla";"Reta";"Não";4;1;0;0;0;3;0;3;-21,85254954;-43,37996627;"SPRF-MG";"DEL05-MG";"UOP01-DEL05-MG"
487812;2022-11-19;"sábado";"10:00:00";"MA";222;115;"VARGEM GRANDE";"Transitar na contramão";"Colisão frontal";"Com Vítimas Fatais";"Pleno dia";"Decrescente";"Céu Claro";"Simples";"Ponte";"Não";4;3;0;1;0;0;1;2;-3,618081;-43,633198;"SPRF-MA";"DEL01-MA";"UOP02-DEL01-MA"
487815;2022-11-19;"sábado";"09:10:00";"PR";373;449,1;"CHOPINZINHO";"Velocidade Incompatível";"Tombamento";"Com Vítimas Feridas";"Pleno dia";"Decrescente";"Céu Claro";"Simples";"Reta";"Não";2;0;1;0;0;1;1;2;-25,86586124;-52,34221783;"SPRF-PR";"DEL02-PR";"UOP01-DEL02-PR"
487816;2022-10-02;"domingo";"11:44:00";"MG";381;700,8;"LAVRAS";"Velocidade Incompatível";"Colisão com objeto";"Com Vítimas Feridas";"Pleno dia";"Crescente";"Sol";"Dupla";"Curva;Declive";"Não";12;0;1;0;10;1;1;7;-21,31137883;-45,16451703;"SPRF-MG";"DEL04-MG";"UOP02-DEL04-MG"
487817;2022-08-23;"terça-feira";"23:43:00";"RJ";101;149,8;"MACAE";"Retorno proibido";"Colisão traseira";"Com Vítimas Feridas";"Plena Noite";"Crescente";"Chuva";"Simples";"Reta";"Não";3;0;2;0;1;0;2;2;-22,23477782;-41,79211012;"SPRF-RJ";"DEL08-RJ";"UOP04-DEL08-RJ"
487822;2022-11-19;"sábado";"11:00:00";"PR";376;197,1;"MARIALVA";"Manobra de mudança de faixa";"Colisão lateral mesmo sentido";"Com Vítimas Feridas";"Pleno dia";"Decrescente";"Céu Claro";"Dupla";"Reta;Aclive";"Não";3;0;1;0;2;0;1;2;-23,50138736;-51,77611828;"SPRF-PR";"DEL09-PR";"UOP01-DEL09-PR"
487823;2022-11-19;"sábado";"10:50:00";"RS";285;602;"SANTO ANTONIO DAS MISSOES";"Carga excessiva e/ou mal acondicionada";"Colisão lateral sentido oposto";"Sem Vítimas";"Pleno dia";"Crescente";"Céu Claro";"Simples";"Reta";"Não";3;0;0;0;3;0;0;2;-28,492363;-55,303795;"SPRF-RS";"DEL12-RS";"UOP01-DEL12-RS"
487825;2022-11-19;"sábado";"11:30:00";"RS";116;248;"SAO LEOPOLDO";"Ausência de reação do condutor";"Colisão traseira";"Com Vítimas Feridas";"Pleno dia";"Decrescente";"Céu Claro";"Dupla";"Reta;Aclive";"Sim";4;0;2;0;2;0;2;3;-29,77605895;-51,15508618;"SPRF-RS";"DEL01-RS";"UOP02-DEL01-RS"
487830;2022-11-19;"sábado";"11:30:00";"RS";386;436,5;"NOVA SANTA RITA";"Condutor deixou de manter distância do veículo da frente";"Colisão lateral mesmo sentido";"Com Vítimas Feridas";"Pleno dia";"Decrescente";"Céu Claro";"Dupla";"Reta";"Sim";2;0;1;0;1;0;1;2;-29,850487;-51,266758;"SPRF-RS";"DEL01-RS";"UOP01-DEL01-RS"
487833;2022-11-19;"sábado";"09:30:00";"MG";262;456,8;"NOVA SERRANA";"Reação tardia ou ineficiente do condutor";"Saída de leito carroçável";"Com Vítimas Feridas";"Pleno dia";"Decrescente";"Nublado";"Simples";"Reta";"Não";2;0;1;0;0;2;1;3;-19,84401343;-45,04068778;"SPRF-MG";"DEL08-MG";"UOP03-DEL08-MG"
487835;2022-11-19;"sábado";"12:40:00";"SC";282;331;"CAMPOS NOVOS";"Reação tardia ou ineficiente do condutor";"Colisão com objeto";"Sem Vítimas";"Pleno dia";"Crescente";"Nublado";"Simples";"Reta";"Não";3;0;0;0;2;1;0;2;-27,387941;-51,116081;"SPRF-SC";"DEL07-SC";"UOP06-DEL07-SC"
487846;2022-10-29;"sábado";"22:00:00";"SP";153;47,2;"SAO JOSE DO RIO PRETO";"Ultrapassagem Indevida";"Tombamento";"Com Vítimas Feridas";"Plena Noite";"Crescente";"Garoa/Chuvisco";"Simples";"Aclive";"Sim";7;0;3;0;3;2;3;6;-20,683289;-49,340041;"SPRF-SP";"DEL09-SP";"UOP01-DEL09-SP"
487855;2022-11-19;"sábado";"13:00:00";"SC";101;104;"BALNEARIO PICARRAS";"Manobra de mudança de faixa";"Colisão lateral mesmo sentido";"Com Vítimas Feridas";"Pleno dia";"Decrescente";"Céu Claro";"Dupla";"Reta";"Não";6;0;3;0;2;2;3;4;-26,79281742;-48,68080819;"SPRF-SC";"DEL03-SC";"UOP02-DEL03-SC"
487869;2022-11-19;"sábado";"17:15:00";"MG";381;528,1;"BRUMADINHO";"Velocidade Incompatível";"Tombamento";"Com Vítimas Feridas";"Pleno dia";"Crescente";"Céu Claro";"Dupla";"Curva;Declive";"Não";3;0;0;1;1;13;1;15;-20,16368096;-44,36025002;"SPRF-MG";"DEL04-MG";"UOP03-DEL04-MG"
487877;2022-11-19;"sábado";"16:08:00";"SC";153;9,1;"AGUA DOCE";"Ultrapassagem Indevida";"Saída de leito carroçável";"Com Vítimas Feridas";"Pleno dia";"Crescente";"Céu Claro";"Simples";"Reta";"Não";6;0;1;2;2;1;3;3;-26,669853;-51,549504;"SPRF-SC";"DEL07-SC";"UOP07-DEL07-SC"
487878;2022-11-19;"sábado";"15:25:00";"RO";364;22,3;"VILHENA";"Retorno proibido";"Colisão lateral mesmo sentido";"Com Vítimas Feridas";"Pleno dia";"Crescente";"Céu Claro";"Simples";"Reta";"Não";6;0;2;0;2;2;2;4;-12,72526539;-60,21119301;"SPRF-RO";"DEL04-RO";"UOP01-DEL04-RO"
487890;2022-11-19;"sábado";"17:10:00";"PR";476;134;"CURITIBA";"Demais falhas mecânicas ou elétricas";"Eventos atípicos";"Com Vítimas Feridas";"Anoitecer";"Crescente";"Céu Claro";"Dupla";"Reta";"Sim";3;0;0;1;1;1;1;3;-25,476524;-49,259937;"SPRF-PR";"DEL01-PR";"UOP03-DEL01-PR"
487903;2022-11-19;"sábado";"19:20:00";"SC";282;486,7;"FAXINAL DOS GUEDES";"Manobra de mudança de faixa";"Colisão lateral mesmo sentido";"Com Vítimas Feridas";"Anoitecer";"Decrescente";"Céu Claro";"Simples";"Reta;Aclive";"Sim";2;0;1;0;1;0;1;2;-26,855415;-52,25423;"SPRF-SC";"DEL07-SC";"UOP01-DEL07-SC"
487906;2022-11-19;"sábado";"20:15:00";"SC";163;109,1;"GUARUJA DO SUL";"Ingestão de álcool pelo condutor";"Colisão transversal";"Com Vítimas Feridas";"Plena Noite";"Crescente";"Céu Claro";"Simples";"Reta";"Não";3;0;1;0;1;2;1;4;-26,41337297;-53,52364405;"SPRF-SC";"DEL07-SC";"UOP03-DEL07-SC"
487911;2022-11-19;"sábado";"21:20:00";"MG";40;445,9;"PARAOPEBA";"Entrada inopinada do pedestre";"Atropelamento de Pedestre";"Com Vítimas Feridas";"Plena Noite";"Crescente";"Nublado";"Dupla";"Curva";"Não";3;0;0;1;1;1;1;3;-19,28815;-44,392;"SPRF-MG";"DEL02-MG";"UOP01-DEL02-MG"
487913;2022-11-19;"sábado";"18:30:00";"GO";364;305;"MINEIROS";"Transitar na contramão";"Colisão frontal";"Com Vítimas Fatais";"Plena Noite";"Crescente";"Chuva";"Simples";"Reta";"Não";3;1;0;0;1;1;0;3;-17,505203;-52,539672;"SPRF-GO";"DEL05-GO";"UOP01-DEL05-GO"
487915;2022-11-19;"sábado";"19:00:00";"PR";153;119;"IBAITI";"Problema com o freio";"Tombamento";"Com Vítimas Feridas";"Anoitecer";"Crescente";"Nublado";"Simples";"Curva";"Não";2;0;1;0;0;1;1;2;-23,91890681;-50,23269642;"SPRF-PR";"DEL07-PR";"UOP04-DEL07-PR"
487916;2022-11-19;"sábado";"18:30:00";"SC";116;105,9;"MONTE CASTELO";"Demais falhas mecânicas ou elétricas";"Tombamento";"Com Vítimas Feridas";"Pleno dia";"Decrescente";"Céu Claro";"Simples";"Curva";"Não";3;0;1;0;1;1;1;2;-26,75726027;-50,31686783;"SPRF-SC";"DEL06-SC";"UOP02-DEL06-SC"
487918;2022-11-19;"sábado";"21:30:00";"SP";116;153;"SAO JOSE DOS CAMPOS";"Ausência de reação do condutor";"Colisão lateral mesmo sentido";"Sem Vítimas";"Plena Noite";"Crescente";"Céu Claro";"Dupla";"Aclive";"Sim";3;0;0;0;2;1;0;3;-23,23262274;-45,91372624;"SPRF-SP";"DEL02-SP";"UOP01-DEL02-SP"
487928;2022-11-19;"sábado";"21:30:00";"SC";158;145,9;"PALMITOS";"Transitar na contramão";"Colisão frontal";"Com Vítimas Feridas";"Plena Noite";"Crescente";"Céu Claro";"Simples";"Curva";"Não";3;0;0;1;1;1;1;3;-27,16705;-53,22246;"SPRF-SC";"DEL07-SC";"UOP02-DEL07-SC"
487936;2022-11-19;"sábado";"22:17:00";"GO";153;233;"SAO LUIZ DO NORTE";"Ausência de reação do condutor";"Colisão traseira";"Com Vítimas Feridas";"Plena Noite";"Crescente";"Céu Claro";"Simples";"Declive";"Não";35;0;2;0;32;2;2;6;-14,785928;-49,275658;"SPRF-GO";"DEL07-GO";"UOP02-DEL07-GO"
487944;2022-11-20;"domingo";"01:40:00";"PR";376;303,3;"MAUA DA SERRA";"Reação tardia ou ineficiente do condutor";"Tombamento";"Com Vítimas Fatais";"Plena Noite";"Crescente";"Céu Claro";"Dupla";"Curva";"Não";2;1;0;0;0;2;0;3;-23,94940698;-51,11940888;"SPRF-PR";"DEL07-PR";"UOP02-DEL07-PR"
487954;2022-11-20;"domingo";"04:40:00";"RJ";116;298;"PORTO REAL";"Ingestão de álcool pelo condutor";"Colisão lateral mesmo sentido";"Sem Vítimas";"Plena Noite";"Decrescente";"Céu Claro";"Simples";"Curva";"Não";3;0;0;0;2;1;0;3;-22,45083254;-44,33823701;"SPRF-RJ";"DEL07-RJ";"UOP02-DEL07-RJ"
487963;2022-11-20;"domingo";"04:50:00";"SC";101;317,3;"PESCARIA BRAVA";"Ingestão de álcool pelo condutor";"Colisão traseira";"Com Vítimas Feridas";"Plena Noite";"Crescente";"Céu Claro";"Dupla";"Curva";"Não";5;0;3;1;1;0;4;2;-28,42982645;-48,87259483;"SPRF-SC";"DEL02-SC";"UOP01-DEL02-SC"
487972;2022-11-20;"domingo";"08:21:00";"BA";242;827;"BARREIRAS";"Ingestão de álcool pelo condutor";"Colisão lateral sentido oposto";"Com Vítimas Feridas";"Pleno dia";"Crescente";"Céu Claro";"Simples";"Reta;Aclive";"Não";2;0;1;0;1;0;1;2;-12,1227649134;-45,0913141099;"SPRF-BA";"DEL10-BA";"UOP01-DEL10-BA"
487991;2022-11-20;"domingo";"08:55:00";"BA";116;676;"JEQUIE";"Ausência de reação do condutor";"Tombamento";"Com Vítimas Feridas";"Pleno dia";"Crescente";"Céu Claro";"Simples";"Curva";"Não";2;0;1;0;0;2;1;3;-13,83349688;-40,1065688;"SPRF-BA";"DEL03-BA";"UOP01-DEL03-BA"
487993;2022-11-20;"domingo";"11:10:00";"ES";101;259,6;"SERRA";"Ultrapassagem Indevida";"Colisão transversal";"Com Vítimas Fatais";"Pleno dia";"Crescente";"Céu Claro";"Dupla";"Reta";"Sim";6;2;1;0;2;3;1;7;-20,138397;-40,292213;"SPRF-ES";"DEL02-ES";"UOP01-DEL02-ES"
487994;2022-11-20;"domingo";"09:00:00";"SP";116;340;"MIRACATU";"Ausência de reação do condutor";"Tombamento";"Com Vítimas Feridas";"Pleno dia";"Decrescente";"Céu Claro";"Dupla";"Aclive";"Não";2;0;1;0;0;1;1;2;-24,00328505;-47,15633198;"SPRF-SP";"DEL04-SP";"UOP03-DEL04-SP"
488016;2022-11-20;"domingo";"10:40:00";"MG";40;593,8;"OURO PRETO";"Demais falhas mecânicas ou elétricas";"Colisão lateral mesmo sentido";"Com Vítimas Feridas";"Pleno dia";"Crescente";"Céu Claro";"Simples";"Reta;Aclive";"Não";4;0;1;0;2;1;1;3;-20,39749091;-43,90268147;"SPRF-MG";"DEL05-MG";"UOP02-DEL05-MG"
488022;2022-11-20;"domingo";"12:50:00";"PR";376;4;"MARINGA";"Reação tardia ou ineficiente do condutor";"Colisão traseira";"Com Vítimas Feridas";"Pleno dia";"Decrescente";"Céu Claro";"Dupla";"Aclive";"Não";5;0;1;0;3;2;1;4;-23,4273;-51,9375;"SPRF-PR";"DEL09-PR";"UOP01-DEL09-PR"
488025;2022-11-20;"domingo";"13:30:00";"MG";40;548;"NOVA LIMA";"Mal súbito do condutor";"Colisão lateral mesmo sentido";"Com Vítimas Feridas";"Pleno dia";"Crescente";"Nublado";"Dupla";"Reta;Aclive";"Não";4;0;1;0;3;0;1;3;-20,03136499;-43,96967792;"SPRF-MG";"DEL01-MG";"UOP02-DEL01-MG"
488027;2022-11-20;"domingo";"12:30:00";"RO";364;275,5;"CACOAL";"Obstrução na via";"Saída de leito carroçável";"Com Vítimas Feridas";"Pleno dia";"Decrescente";"Céu Claro";"Simples";"Curva";"Não";4;0;1;0;0;3;1;3;-11,38809521;-61,75925597;"SPRF-RO";"DEL02-RO";"UOP02-DEL02-RO"
488051;2022-11-20;"domingo";"10:50:00";"MA";135;6;"SAO LUIS";"Ultrapassagem Indevida";"Capotamento";"Com Vítimas Feridas";"Pleno dia";"Crescente";"Céu Claro";"Dupla";"Reta";"Sim";2;0;1;0;1;0;1;2;-2,62145385;-44,25797421;"SPRF-MA";"DEL01-MA";"UOP01-DEL01-MA"
488054;2022-11-20;"domingo";"16:50:00";"BA";116;566;"NOVA ITARANA";"Reação tardia ou ineficiente do condutor";"Colisão frontal";"Com Vítimas Fatais";"Pleno dia";"Crescente";"Céu Claro";"Simples";"Rotatória";"Não";4;1;0;0;2;2;0;4;-12,97847221;-39,93906524;"SPRF-BA";"DEL03-BA";"UOP02-DEL03-BA"
488059;2022-11-20;"domingo";"18:00:00";"SP";153;58,1;"SAO JOSE DO RIO PRETO";"Reação tardia ou ineficiente do condutor";"Colisão traseira";"Com Vítimas Feridas";"Anoitecer";"Crescente";"Nublado";"Dupla";"Curva";"Sim";4;0;2;0;1;1;2;3;-20,77838195;-49,35300538;"SPRF-SP";"DEL09-SP";"UOP01-DEL09-SP"
488063;2022-11-20;"domingo";"18:30:00";"PR";163;163;"LINDOESTE";"Ingestão de álcool pelo condutor";"Colisão traseira";"Sem Vítimas";"Anoitecer";"Crescente";"Céu Claro";"Simples";"Reta";"Sim";3;0;0;0;2;2;0;4;-25,31300556;-53,58699122;"SPRF-PR";"DEL05-PR";"UOP05-DEL05-PR"
488079;2022-11-20;"domingo";"16:20:00";"SC";470;10;"NAVEGANTES";"Transitar na contramão";"Colisão frontal";"Com Vítimas Fatais";"Pleno dia";"Decrescente";"Céu Claro";"Simples";"Reta";"Sim";2;1;0;0;1;0;0;2;-26,833932;-48,7420371;"SPRF-SC";"DEL04-SC";"UOP04-DEL04-SC"
488084;2022-11-20;"domingo";"18:00:00";"MG";381;652;"SANTO ANTONIO DO AMPARO";"Velocidade Incompatível";"Colisão com objeto";"Com Vítimas Feridas";"Anoitecer";"Decrescente";"Ignorado";"Dupla";"Curva;Declive";"Não";3;0;2;0;0;1;2;2;-20,98384831;-44,94479972;"SPRF-MG";"DEL04-MG";"UOP02-DEL04-MG"
488120;2022-11-24;"quinta-feira";"20:40:00";"SC";101;115;"ITAJAI";"Ingestão de álcool pelo condutor";"Colisão traseira";"Sem Vítimas";"Plena Noite";"Decrescente";"Céu Claro";"Dupla";"Reta";"Não";3;0;0;0;2;2;0;4;-26,87064015;-48,72954134;"SPRF-SC";"DEL04-SC";"UOP04-DEL04-SC"
488124;2022-11-22;"terça-feira";"17:40:00";"MT";70;696,1;"CACERES";"Problema com o freio";"Colisão lateral sentido oposto";"Com Vítimas Feridas";"Pleno dia";"Crescente";"Céu Claro";"Simples";"Declive";"Não";3;0;0;1;1;1;1;3;-16,248368;-57,47045;"SPRF-MT";"DEL03-MT";"UOP01-DEL03-MT"
488136;2022-11-24;"quinta-feira";"11:50:00";"SC";470;276,1;"BRUNOPOLIS";"Conversão proibida";"Colisão transversal";"Com Vítimas Fatais";"Pleno dia";"Decrescente";"Céu Claro";"Simples";"Interseção de Vias";"Não";4;1;1;0;1;2;1;5;-27,328242;-50,832061;"SPRF-SC";"DEL07-SC";"UOP06-DEL07-SC"
488148;2022-11-20;"domingo";"21:00:00";"SC";101;276;"IMBITUBA";"Mal súbito do condutor";"Saída de leito carroçável";"Com Vítimas Feridas";"Plena Noite";"Decrescente";"Céu Claro";"Múltipla";"Aclive";"Não";2;0;1;0;0;1;1;2;-28,14644701;-48,69204746;"SPRF-SC";"DEL02-SC";"UOP03-DEL02-SC"
488150;2022-11-24;"quinta-feira";"23:35:00";"MG";40;735,1;"SANTOS DUMONT";"Velocidade Incompatível";"Colisão frontal";"Com Vítimas Feridas";"Plena Noite";"Decrescente";"Nublado";"Simples";"Curva";"Não";3;0;0;1;1;1;1;3;-21,37012696;-43,57558994;"SPRF-MG";"DEL05-MG";"UOP01-DEL05-MG"
488151;2022-11-22;"terça-feira";"16:50:00";"MT";364;479;"JANGADA";"Reação tardia ou ineficiente do condutor";"Colisão traseira";"Com Vítimas Feridas";"Anoitecer";"Crescente";"Céu Claro";"Múltipla";"Reta";"Sim";3;0;1;0;1;1;1;3;-15,40475654;-56,37242084;"SPRF-MT";"DEL01-MT";"UOP02-DEL01-MT"
488161;2022-11-21;"segunda-feira";"18:30:00";"RS";290;178;"BUTIA";"Ausência de reação do condutor";"Colisão frontal";"Com Vítimas Fatais";"Anoitecer";"Crescente";"Céu Claro";"Simples";"Reta";"Sim";3;1;0;0;1;1;0;3;-30,13562623;-51,998806;"SPRF-RS";"DEL02-RS";"UOP03-DEL02-RS"
488162;2022-11-22;"terça-feira";"18:50:00";"SC";282;1,1;"FLORIANOPOLIS";"Trafegar com motocicleta (ou similar) entre as faixas";"Colisão lateral mesmo sentido";"Com Vítimas Feridas";"Anoitecer";"Crescente";"Nublado";"Múltipla";"Reta";"Sim";3;0;1;0;2;0;1;3;-27,602955;-48,580509;"SPRF-SC";"DEL01-SC";"UOP01-DEL01-SC"
488164;2022-11-22;"terça-feira";"18:30:00";"MT";163;555;"DIAMANTINO";"Acostamento em desnível";"Saída de leito carroçável";"Com Vítimas Feridas";"Plena Noite";"Crescente";"Céu Claro";"Simples";"Reta;Declive";"Não";2;0;1;0;0;2;1;3;-14,22744617;-56,10374451;"SPRF-MT";"DEL01-MT";"UOP01-DEL01-MT"
488173;2022-11-20;"domingo";"20:10:00";"MG";381;610,8;"OLIVEIRA";"Ingestão de álcool pelo condutor";"Colisão transversal";"Com Vítimas Fatais";"Plena Noite";"Crescente";"Céu Claro";"Dupla";"Reta";"Não";5;1;0;0;2;2;0;4;-20,68439929;-44,73925106;"SPRF-MG";"DEL04-MG";"UOP01-DEL04-MG"
488174;2022-11-24;"quinta-feira";"04:25:00";"PE";232;281,5;"SERTANIA";"Reação tardia ou ineficiente do condutor";"Saída de leito carroçável";"Com Vítimas Feridas";"Amanhecer";"Crescente";"Céu Claro";"Simples";"Reta";"Não";2;0;1;0;0;3;1;4;-8,34770731;-37,29960517;"SPRF-PE";"DEL04-PE";"UOP02-DEL04-PE"
488175;2022-11-24;"quinta-feira";"12:30:00";"GO";50;279,5;"CATALAO";"Condutor Dormindo";"Colisão transversal";"Com Vítimas Feridas";"Pleno dia";"Decrescente";"Sol";"Simples";"Reta";"Sim";6;0;1;0;4;3;1;5;-18,1739;-47,9289;"SPRF-GO";"DEL06-GO";"UOP01-DEL06-GO"
488176;2022-11-24;"quinta-feira";"15:10:00";"ES";101;361;"ANCHIETA";"Ausência de reação do condutor";"Colisão lateral sentido oposto";"Com Vítimas Feridas";"Pleno dia";"Decrescente";"Chuva";"Simples";"Reta";"Não";2;0;1;0;1;0;1;2;-20,71074392;-40,72242606;"SPRF-ES";"DEL03-ES";"UOP01-DEL03-ES"
488182;2022-11-24;"quinta-feira";"04:10:00";"PE";232;258,6;"ARCOVERDE";"Iluminação deficiente";"Colisão traseira";"Com Vítimas Fatais";"Plena Noite";"Decrescente";"Céu Claro";"Simples";"Reta";"Não";2;1;0;0;0;1;0;2;-8,40763741;-37,11127205;"SPRF-PE";"DEL04-PE";"UOP02-DEL04-PE"
488186;2022-11-22;"terça-feira";"20:15:00";"PR";163;63,8;"PEROLA DOESTE";"Ultrapassagem Indevida";"Colisão frontal";"Com Vítimas Fatais";"Plena Noite";"Decrescente";"Céu Claro";"Simples";"Reta";"Não";3;1;0;0;1;1;0;3;-25,88197709;-53,74777986;"SPRF-PR";"DEL02-PR";"UOP02-DEL02-PR"
488188;2022-11-25;"sexta-feira";"07:00:00";"SC";101;111;"ITAJAI";"Ingestão de álcool pelo condutor";"Saída de leito carroçável";"Sem Vítimas";"Pleno dia";"Decrescente";"Céu Claro";"Múltipla";"Curva";"Sim";1;0;0;0;1;0;0;1;-26,84555364;-48,72050285;"SPRF-SC";"DEL04-SC";"UOP04-DEL04-SC"
488189;2022-11-22;"terça-feira";"14:00:00";"MG";381;523,5;"BRUMADINHO";"Reação tardia ou ineficiente do condutor";"Colisão lateral mesmo sentido";"Com Vítimas Feridas";"Pleno dia";"Decrescente";"Céu Claro";"Dupla";"Reta";"Não";3;0;1;0;1;1;1;3;-20,1530682;-44,32617552;"SPRF-MG";"DEL04-MG";"UOP03-DEL04-MG"
488190;2022-11-21;"segunda-feira";"17:50:00";"MT";163;516,6;"DIAMANTINO";"Chuva";"Capotamento";"Com Vítimas Feridas";"Anoitecer";"Crescente";"Garoa/Chuvisco";"Simples";"Reta";"Não";1;0;1;0;0;0;1;1;-14,54279705;-56,23245816;"SPRF-MT";"DEL01-MT";"UOP01-DEL01-MT"
488191;2022-11-25;"sexta-feira";"07:00:00";"GO";153;338;"JARAGUA";"Velocidade Incompatível";"Saída de leito carroçável";"Com Vítimas Feridas";"Pleno dia";"Crescente";"Céu Claro";"Simples";"Reta;Declive";"Não";2;0;1;0;0;1;1;2;-15,579773;-49,416214;"SPRF-GO";"DEL02-GO";"UOP02-DEL02-GO"
488193;2022-11-25;"sexta-feira";"00:25:00";"SP";153;84,6;"MIRASSOL";"Ingestão de álcool pelo condutor";"Colisão com objeto";"Sem Vítimas";"Plena Noite";"Crescente";"Nublado";"Simples";"Curva";"Não";2;0;0;0;1;1;0;2;-20,94035079;-49,52635316;"SPRF-SP";"DEL09-SP";"UOP01-DEL09-SP"
488194;2022-11-20;"domingo";"17:12:00";"BA";242;323;"LAJEDINHO";"Curva acentuada";"Tombamento";"Com Vítimas Feridas";"Pleno dia";"Crescente";"Nublado";"Simples";"Curva";"Não";2;0;0;1;0;1;1;2;-12,46733959;-41,08997199;"SPRF-BA";"DEL06-BA";"UOP01-DEL06-BA"
488196;2022-11-21;"segunda-feira";"06:15:00";"PR";153;36;"SANTO ANTONIO DA PLATINA";"Condutor Dormindo";"Colisão frontal";"Com Vítimas Feridas";"Amanhecer";"Decrescente";"Céu Claro";"Simples";"Reta";"Não";7;0;1;3;2;2;4;5;-23,25412433;-50,05017065;"SPRF-PR";"DEL07-PR";"UOP04-DEL07-PR"
488198;2022-11-24;"quinta-feira";"10:30:00";"PR";376;176;"MARINGA";"Condutor deixou de manter distância do veículo da frente";"Colisão traseira";"Com Vítimas Feridas";"Pleno dia";"Crescente";"Céu Claro";"Múltipla";"Reta";"Sim";3;0;1;0;1;2;1;4;-23,41269173;-51,93158327;"SPRF-PR";"DEL09-PR";"UOP01-DEL09-PR"
488199;2022-11-20;"domingo";"23:10:00";"ES";101;172;"ARACRUZ";"Condutor Dormindo";"Colisão frontal";"Com Vítimas Feridas";"Plena Noite";"Crescente";"Céu Claro";"Simples";"Reta";"Não";4;0;0;1;1;4;1;6;-19,56471105;-40,17869594;"SPRF-ES";"DEL04-ES";"UOP01-DEL04-ES"
488201;2022-11-24;"quinta-feira";"10:00:00";"MG";365;25,5;"MONTES CLAROS";"Pista Escorregadia";"Saída de leito carroçável";"Com Vítimas Feridas";"Pleno dia";"Crescente";"Chuva";"Simples";"Declive;Curva";"Não";1;0;1;0;0;0;1;1;-16,8557147;-44,06141289;"SPRF-MG";"DEL12-MG";"UOP01-DEL12-MG"
488204;2022-11-24;"quinta-feira";"09:50:00";"SC";153;106,3;"CONCORDIA";"Transitar na contramão";"Colisão lateral sentido oposto";"Com Vítimas Feridas";"Pleno dia";"Crescente";"Céu Claro";"Simples";"Curva";"Não";3;0;0;1;1;1;1;3;-27,290276;-51,967644;"SPRF-SC";"DEL07-SC";"UOP04-DEL07-SC"
488205;2022-11-24;"quinta-feira";"12:30:00";"MT";163;900;"CLAUDIA";"Transitar na contramão";"Colisão frontal";"Com Vítimas Feridas";"Pleno dia";"Crescente";"Céu Claro";"Simples";"Reta";"Não";3;0;1;0;1;3;1;5;-11,318;-55,326;"SPRF-MT";"DEL06-MT";"NPF/DEL06-MT"
488210;2022-11-21;"segunda-feira";"11:10:00";"PR";277;585,1;"CASCAVEL";"Manobra de mudança de faixa";"Colisão lateral mesmo sentido";"Com Vítimas Feridas";"Pleno dia";"Decrescente";"Céu Claro";"Simples";"Reta";"Sim";4;0;0;1;3;0;1;4;-24,96400704;-53,41227401;"SPRF-PR";"DEL04-PR";"UOP01-DEL04-PR"
488211;2022-11-24;"quinta-feira";"18:50:00";"MS";158;9;"CASSILANDIA";"Ultrapassagem Indevida";"Colisão frontal";"Com Vítimas Fatais";"Plena Noite";"Decrescente";"Céu Claro";"Simples";"Reta";"Não";3;1;0;0;1;1;0;3;-19,1439686;-51,68224184;"SPRF-MS";"DEL08-MS";"UOP01-DEL08-MS"
488213;2022-11-25;"sexta-feira";"00:30:00";"MG";381;689,1;"PERDOES";"Reação tardia ou ineficiente do condutor";"Colisão traseira";"Com Vítimas Feridas";"Plena Noite";"Crescente";"Nublado";"Dupla";"Aclive";"Não";3;0;0;1;1;1;1;3;-21,225698;-45,130486;"SPRF-MG";"DEL04-MG";"UOP02-DEL04-MG"