"id";"data_inversa";"dia_semana";"horario";"uf";"br";"km";"municipio";"causa_acidente";"tipo_acidente";"classificacao_acidente";"fase_dia";"sentido_via";"condicao_metereologica";"tipo_pista";"tracado_via";"uso_solo";"pessoas";"mortos";"feridos_leves";"feridos_graves";"ilesos";"ignorados";"feridos";"veiculos";"latitude";"longitude";"regional";"delegacia";"uop"
488470;2022-11-22;"terça-feira";"18:30:00";"MS";262;3,6;"TRES LAGOAS";"Acumulo de areia ou detritos sobre o pavimento";"Colisão frontal";"Com Vítimas Feridas";"Plena Noite";"Crescente";"Chuva";"Simples";"Reta";"Não";3;0;0;1;1;1;1;3;-20,782074;-51,65705;"SPRF-MS";"DEL07-MS";"UOP01-DEL07-MS"
488472;2022-11-21;"segunda-feira";"06:00:00";"MT";158;416,8;"RIBEIRAO CASCALHEIRA";"Animais na Pista";"Atropelamento de Animal";"Com Vítimas Fatais";"Plena Noite";"Decrescente";"Céu Claro";"Simples";"Reta";"Não";1;1;0;0;0;0;0;1;-12,88628215;-51,81995734;"SPRF-MT";"DEL07-MT";"UOP02-DEL07-MT"
488476;2022-11-25;"sexta-feira";"12:30:00";"MT";70;396;"CUIABA";"Condutor Dormindo";"Colisão lateral sentido oposto";"Com Vítimas Feridas";"Pleno dia";"Crescente";"Céu Claro";"Simples";"Reta";"Não";3;0;1;0;1;5;1;7;-15,65898447;-56,0050429;"SPRF-MT";"DEL05-MT";"UOP02-DEL05-MT"
488477;2022-11-25;"sexta-feira";"08:20:00";"ES";393;1;"CACHOEIRO DE ITAPEMIRIM";"Ausência de reação do condutor";"Colisão frontal";"Com Vítimas Feridas";"Pleno dia";"Decrescente";"Céu Claro";"Simples";"Reta";"Sim";2;0;0;1;1;0;1;2;-20,83723289;-41,16733095;"SPRF-ES";"DEL03-ES";"UOP02-DEL03-ES"
488478;2022-11-25;"sexta-feira";"16:45:00";"SP";116;230;"SAO PAULO";"Demais falhas mecânicas ou elétricas";"Incêndio";"Sem Vítimas";"Pleno dia";"Decrescente";"Nublado";"Múltipla";"Reta";"Sim";1;0;0;0;1;0;0;1;-23,52251783;-46,5855702;"SPRF-SP";"DEL01-SP";"UOP01-DEL01-SP"
488484;2022-11-25;"sexta-feira";"16:20:00";"RJ";116;273;"BARRA MANSA";"Condutor Dormindo";"Colisão lateral mesmo sentido";"Sem Vítimas";"Pleno dia";"Crescente";"Céu Claro";"Dupla";"Curva";"Não";2;0;0;0;2;0;0;2;-22,56100142;-44,13833993;"SPRF-RJ";"DEL07-RJ";"UOP02-DEL07-RJ"
488491;2022-11-08;"terça-feira";"20:55:00";"MG";381;677,8;"PERDOES";"Ausência de reação do condutor";"Colisão traseira";"Com Vítimas Feridas";"Plena Noite";"Decrescente";"Nublado";"Simples";"Reta";"Sim";4;0;1;0;2;1;1;3;-21,10798298;-45,09005785;"SPRF-MG";"DEL04-MG";"UOP02-DEL04-MG"
488493;2022-11-25;"sexta-feira";"04:40:00";"RJ";116;210;"SEROPEDICA";"Ausência de reação do condutor";"Colisão traseira";"Com Vítimas Feridas";"Amanhecer";"Crescente";"Nublado";"Dupla";"Reta";"Não";3;0;1;0;1;1;1;3;-22,71981759;-43,69099294;"SPRF-RJ";"DEL01-RJ";"UOP03-DEL01-RJ"
488494;2022-11-25;"sexta-feira";"14:40:00";"MG";354;729;"POUSO ALTO";"Velocidade Incompatível";"Colisão frontal";"Com Vítimas Feridas";"Pleno dia";"Crescente";"Chuva";"Simples";"Curva";"Não";2;0;1;0;1;0;1;2;-22,15769397;-44,96393873;"SPRF-MG";"DEL17-MG";"UOP01-DEL17-MG"
488499;2022-10-19;"quarta-feira";"10:00:00";"BA";242;655;"MUQUEM DE SAO FRANCISCO";"Problema com o freio";"Tombamento";"Com Vítimas Feridas";"Pleno dia";"Decrescente";"Céu Claro";"Simples";"Curva";"Não";3;0;2;0;0;1;2;2;-12,22460205;-43,82892609;"SPRF-BA";"DEL10-BA";"UOP02-DEL10-BA"
488509;2022-11-22;"terça-feira";"17:30:00";"ES";101;146;"LINHARES";"Trafegar com motocicleta (ou similar) entre as faixas";"Colisão lateral mesmo sentido";"Com Vítimas Feridas";"Plena Noite";"Crescente";"Nublado";"Dupla";"Reta";"Sim";4;0;1;0;3;0;1;2;-19,36990998;-40,06560718;"SPRF-ES";"DEL04-ES";"UOP01-DEL04-ES"
488513;2022-11-21;"segunda-feira";"07:15:00";"BA";116;596;"IRAJUBA";"Demais falhas na via";"Tombamento";"Sem Vítimas";"Pleno dia";"Decrescente";"Céu Claro";"Simples";"Reta";"Não";2;0;0;0;1;1;0;2;-13,18013991;-40,0048822;"SPRF-BA";"DEL03-BA";"UOP02-DEL03-BA"
488514;2022-11-25;"sexta-feira";"17:20:00";"RS";285;130,1;"VACARIA";"Manobra de mudança de faixa";"Colisão frontal";"Com Vítimas Feridas";"Pleno dia";"Crescente";"Céu Claro";"Simples";"Reta";"Não";4;0;2;1;1;0;3;2;-28,449982;-50,992405;"SPRF-RS";"DEL05-RS";"UOP03-DEL05-RS"
488519;2022-11-21;"segunda-feira";"23:40:00";"PR";376;185;"SARANDI";"Acessar a via sem observar a presença dos outros veículos";"Atropelamento de Pedestre";"Com Vítimas Fatais";"Plena Noite";"Crescente";"Céu Claro";"Dupla";"Reta";"Sim";3;1;0;0;1;1;0;2;-23,45147413;-51,85361808;"SPRF-PR";"DEL09-PR";"UOP01-DEL09-PR"
488526;2022-11-25;"sexta-feira";"18:50:00";"ES";101;242,8;"SERRA";"Pedestre cruzava a pista fora da faixa";"Atropelamento de Pedestre";"Com Vítimas Fatais";"Plena Noite";"Crescente";"Chuva";"Simples";"Reta";"Não";4;1;0;0;3;0;0;3;-20,04007795;-40,39273658;"SPRF-ES";"DEL02-ES";"UOP01-DEL02-ES"
488531;2022-11-25;"sexta-feira";"17:00:00";"MG";262;633;"IBIA";"Demais falhas mecânicas ou elétricas";"Incêndio";"Sem Vítimas";"Anoitecer";"Decrescente";"Nublado";"Simples";"Reta";"Não";2;0;0;0;1;1;0;2;-19,58015801;-46,51908182;"SPRF-MG";"DEL08-MG";"UOP01-DEL08-MG"
488536;2022-11-25;"sexta-feira";"19:10:00";"RJ";40;113;"DUQUE DE CAXIAS";"Reação tardia ou ineficiente do condutor";"Colisão traseira";"Com Vítimas Feridas";"Plena Noite";"Decrescente";"Céu Claro";"Múltipla";"Reta";"Sim";3;0;1;0;1;1;1;3;-22,70948502;-43,29040354;"SPRF-RJ";"DEL01-RJ";"UOP01-DEL01-RJ"
488539;2022-11-25;"sexta-feira";"09:15:00";"RJ";101;59;"CAMPOS DOS GOYTACAZES";"Condutor deixou de manter distância do veículo da frente";"Colisão traseira";"Com Vítimas Feridas";"Pleno dia";"Crescente";"Chuva";"Simples";"Reta";"Sim";3;0;1;0;1;1;1;3;-21,71366497;-41,30861915;"SPRF-RJ";"DEL08-RJ";"UOP01-DEL08-RJ"
488541;2022-11-25;"sexta-feira";"17:00:00";"MS";163;456,5;"CAMPO GRANDE";"Desrespeitar a preferência no cruzamento";"Colisão transversal";"Sem Vítimas";"Pleno dia";"Decrescente";"Céu Claro";"Simples";"Reta";"Não";3;0;0;0;2;2;0;4;-20,67271305;-54,55795016;"SPRF-MS";"DEL01-MS";"UOP01-DEL01-MS"
488543;2022-11-25;"sexta-feira";"11:00:00";"BA";242;308;"IBIQUERA";"Reação tardia ou ineficiente do condutor";"Tombamento";"Com Vítimas Feridas";"Pleno dia";"Decrescente";"Chuva";"Simples";"Reta";"Não";3;0;2;0;0;2;2;3;-12,46975265;-40,95991997;"SPRF-BA";"DEL06-BA";"UOP02-DEL06-BA"
488546;2022-11-25;"sexta-feira";"19:00:00";"GO";364;276,5;"MINEIROS";"Reação tardia ou ineficiente do condutor";"Tombamento";"Com Vítimas Fatais";"Plena Noite";"Decrescente";"Céu Claro";"Simples";"Reta";"Não";2;1;0;0;0;1;0;2;-17,649042;-52,358006;"SPRF-GO";"DEL05-GO";"UOP01-DEL05-GO"
488548;2022-11-25;"sexta-feira";"18:00:00";"PR";277;424,1;"CANTAGALO";"Condutor deixou de manter distância do veículo da frente";"Colisão traseira";"Com Vítimas Feridas";"Pleno dia";"Decrescente";"Céu Claro";"Simples";"Reta";"Não";3;0;1;0;1;2;1;4;-25,38919955;-52,11074682;"SPRF-PR";"DEL04-PR";"UOP02-DEL04-PR"
488549;2022-11-23;"quarta-feira";"22:15:00";"MG";381;580,5;"CARMOPOLIS DE MINAS";"Condutor Dormindo";"Colisão lateral mesmo sentido";"Com Vítimas Feridas";"Plena Noite";"Crescente";"Nublado";"Dupla";"Reta;Declive";"Não";6;0;2;0;3;2;2;4;-20,50796117;-44,61144676;"SPRF-MG";"DEL04-MG";"UOP01-DEL04-MG"
488552;2022-11-25;"sexta-feira";"19:30:00";"SP";381;78,8;"SAO PAULO";"Velocidade Incompatível";"Saída de leito carroçável";"Com Vítimas Feridas";"Plena Noite";"Decrescente";"Chuva";"Dupla";"Curva";"Sim";2;0;1;0;0;1;1;2;-23,40319901;-46,57564699;"SPRF-SP";"DEL03-SP";"UOP01-DEL03-SP"
488553;2022-11-24;"quinta-feira";"03:45:00";"MG";381;579,3;"CARMOPOLIS DE MINAS";"Ausência de reação do condutor";"Saída de leito carroçável";"Com Vítimas Feridas";"Plena Noite";"Decrescente";"Nublado";"Dupla";"Reta";"Não";2;0;1;0;0;1;1;2;-20,49967704;-44,60847254;"SPRF-MG";"DEL04-MG";"UOP01-DEL04-MG"
488559;2022-11-25;"sexta-feira";"19:00:00";"MG";381;675,7;"PERDOES";"Demais falhas mecânicas ou elétricas";"Saída de leito carroçável";"Com Vítimas Feridas";"Plena Noite";"Decrescente";"Chuva";"Simples";"Reta";"Sim";1;0;1;0;0;0;1;1;-21,09491069;-45,07822394;"SPRF-MG";"DEL04-MG";"UOP02-DEL04-MG"
488563;2022-11-25;"sexta-feira";"21:00:00";"ES";101;94;"JAGUARE";"Sinalização mal posicionada";"Colisão transversal";"Com Vítimas Feridas";"Plena Noite";"Crescente";"Chuva";"Simples";"Interseção de Vias";"Sim";3;0;2;0;1;0;2;2;-18,93307737;-39,97302717;"SPRF-ES";"DEL04-ES";"UOP02-DEL04-ES"
488572;2022-11-25;"sexta-feira";"21:50:00";"PB";230;144,9;"CAMPINA GRANDE";"Pedestre andava na pista";"Atropelamento de Pedestre";"Com Vítimas Fatais";"Plena Noite";"Crescente";"Céu Claro";"Múltipla";"Reta";"Sim";2;1;0;0;1;0;0;2;-7,2536;-35,8317;"SPRF-PB";"DEL02-PB";"UOP01-DEL02-PB"
488582;2022-11-25;"sexta-feira";"03:30:00";"MA";10;168;"CAMPESTRE DO MARANHAO";"Manobra de mudança de faixa";"Tombamento";"Com Vítimas Feridas";"Amanhecer";"Decrescente";"Nublado";"Simples";"Reta";"Não";4;0;0;3;0;2;3;3;-6,248398;-47,352127;"SPRF-MA";"DEL04-MA";"UOP02-DEL04-MA"
488584;2022-11-24;"quinta-feira";"08:25:00";"PR";116;47,7;"CAMPINA GRANDE DO SUL";"Acessar a via sem observar a presença dos outros veículos";"Colisão lateral mesmo sentido";"Com Vítimas Feridas";"Pleno dia";"Decrescente";"Céu Claro";"Dupla";"Reta";"Sim";3;0;0;1;1;1;1;3;-25,21058799;-48,89720903;"SPRF-PR";"DEL01-PR";"UOP02-DEL01-PR"
488585;2022-11-25;"sexta-feira";"03:20:00";"PR";116;12,4;"CAMPINA GRANDE DO SUL";"Ausência de reação do condutor";"Colisão traseira";"Com Vítimas Feridas";"Plena Noite";"Crescente";"Garoa/Chuvisco";"Dupla";"Curva";"Não";4;0;1;0;2;1;1;2;-25,09706813;-48,65517895;"SPRF-PR";"DEL01-PR";"UOP02-DEL01-PR"
488591;2022-11-25;"sexta-feira";"21:00:00";"PR";153;366;"RIO AZUL";"Transitar na contramão";"Colisão frontal";"Com Vítimas Fatais";"Plena Noite";"Crescente";"Céu Claro";"Simples";"Reta";"Não";3;1;0;0;1;2;0;4;-25,73963424;-50,80371022;"SPRF-PR";"DEL08-PR";"UOP02-DEL08-PR"
488593;2022-11-21;"segunda-feira";"12:30:00";"RJ";40;109;"DUQUE DE CAXIAS";"Reação tardia ou ineficiente do condutor";"Colisão traseira";"Com Vítimas Feridas";"Pleno dia";"Crescente";"Céu Claro";"Múltipla";"Reta";"Sim";8;0;1;0;6;1;1;6;-22,67374628;-43,28638368;"SPRF-RJ";"DEL01-RJ";"UOP01-DEL01-RJ"
488597;2022-11-25;"sexta-feira";"18:20:00";"MG";381;228,5;"BELO ORIENTE";"Velocidade Incompatível";"Colisão lateral sentido oposto";"Sem Vítimas";"Pleno dia";"Decrescente";"Nublado";"Dupla";"Reta";"Não";3;0;0;0;2;2;0;4;-19,34371912;-42,43183775;"SPRF-MG";"DEL06-MG";"UOP01-DEL06-MG"
488598;2022-11-21;"segunda-feira";"22:19:00";"BA";116;496,3;"SANTA TERESINHA";"Desrespeitar a preferência no cruzamento";"Colisão transversal";"Com Vítimas Feridas";"Plena Noite";"Crescente";"Nublado";"Simples";"Interseção de Vias";"Não";2;0;1;0;0;1;1;2;-12,5925328;-39,5283371;"SPRF-BA";"DEL02-BA";"UOP01-DEL02-BA"
488599;2022-11-25;"sexta-feira";"23:40:00";"SP";116;158,6;"JACAREI";"Ausência de reação do condutor";"Colisão traseira";"Com Vítimas Feridas";"Plena Noite";"Decrescente";"Nublado";"Dupla";"Reta";"Sim";3;0;1;0;1;1;1;3;-23,26585409;-45,95983994;"SPRF-SP";"DEL02-SP";"UOP01-DEL02-SP"
488607;2022-11-26;"sábado";"01:15:00";"PR";163;182,9;"SANTA TEREZA DO OESTE";"Transitar na contramão";"Colisão frontal";"Sem Vítimas";"Plena Noite";"Decrescente";"Céu Claro";"Dupla";"Curva";"Sim";2;0;0;0;2;0;0;2;-25,14321919;-53,58795779;"SPRF-PR";"DEL05-PR";"UOP05-DEL05-PR"
488611;2022-11-26;"sábado";"01:40:00";"AL";424;97,2;"MARECHAL DEODORO";"Reação tardia ou ineficiente do condutor";"Colisão transversal";"Com Vítimas Feridas";"Plena Noite";"Crescente";"Céu Claro";"Simples";"Reta";"Não";4;0;1;1;1;2;2;4;-9,62621998;-35,86159389;"SPRF-AL";"DEL02-AL";"UOP01-DEL02-AL"
488614;2022-11-26;"sábado";"01:58:00";"PE";101;25;"ITAPISSUMA";"Ausência de reação do condutor";"Colisão traseira";"Com Vítimas Feridas";"Plena Noite";"Crescente";"Céu Claro";"Dupla";"Aclive";"Não";4;0;1;1;1;2;2;4;-7,7009082;-34,9229207;"SPRF-PE";"DEL01-PE";"UOP02-DEL01-PE"
488616;2022-11-26;"sábado";"02:00:00";"RN";427;0,8;"CURRAIS NOVOS";"Ingestão de álcool pelo condutor";"Colisão traseira";"Sem Vítimas";"Plena Noite";"Decrescente";"Céu Claro";"Simples";"Reta";"Não";2;0;0;0;2;0;0;2;-6,268149;-36,52254;"SPRF-RN";"DEL03-RN";"UOP02-DEL03-RN"
488621;2022-11-26;"sábado";"02:30:00";"SC";101;282;"IMBITUBA";"Desrespeitar a preferência no cruzamento";"Colisão transversal";"Com Vítimas Feridas";"Plena Noite";"Decrescente";"Garoa/Chuvisco";"Dupla";"Viaduto";"Sim";4;0;0;1;1;2;1;4;-28,19626005;-48,69739859;"SPRF-SC";"DEL02-SC";"UOP03-DEL02-SC"
488623;2022-11-26;"sábado";"03:30:00";"MS";158;90,1;"PARANAIBA";"Acessar a via sem observar a presença dos outros veículos";"Colisão transversal";"Com Vítimas Feridas";"Plena Noite";"Crescente";"Céu Claro";"Simples";"Reta";"Não";3;0;0;1;1;2;1;4;-19,648302;-51,206068;"SPRF-MS";"DEL08-MS";"UOP01-DEL08-MS"
488625;2022-11-26;"sábado";"04:30:00";"SC";282;323;"CAMPOS NOVOS";"Condutor Dormindo";"Tombamento";"Com Vítimas Feridas";"Amanhecer";"Crescente";"Céu Claro";"Simples";"Rotatória";"Não";1;0;1;0;0;0;1;1;-27,394375;-51,0495;"SPRF-SC";"DEL07-SC";"UOP06-DEL07-SC"
488628;2022-11-26;"sábado";"04:51:00";"SC";101;213;"PALHOCA";"Ausência de reação do condutor";"Colisão traseira";"Com Vítimas Feridas";"Amanhecer";"Crescente";"Nublado";"Múltipla";"Reta";"Sim";3;0;0;1;1;1;1;3;-27,63697369;-48,66514142;"SPRF-SC";"DEL01-SC";"UOP02-DEL01-SC"
488634;2022-11-26;"sábado";"05:45:00";"SC";470;60,8;"BLUMENAU";"Ingestão de álcool pelo condutor";"Colisão lateral sentido oposto";"Sem Vítimas";"Pleno dia";"Crescente";"Garoa/Chuvisco";"Simples";"Reta";"Sim";4;0;0;0;3;1;0;4;-26,87936843;-49,17327046;"SPRF-SC";"DEL04-SC";"UOP01-DEL04-SC"
488637;2022-11-25;"sexta-feira";"12:30:00";"MT";70;94;"GENERAL CARNEIRO";"Curva acentuada";"Tombamento";"Sem Vítimas";"Pleno dia";"Decrescente";"Sol";"Simples";"Curva";"Não";2;0;0;0;1;2;0;3;-15,57393657;-52,89453804;"SPRF-MT";"DEL07-MT";"UOP01-DEL07-MT"
488643;2022-11-21;"segunda-feira";"12:00:00";"MG";381;409;"NOVA UNIAO";"Mal súbito do condutor";"Colisão com objeto";"Com Vítimas Feridas";"Pleno dia";"Decrescente";"Céu Claro";"Dupla";"Reta";"Não";2;0;0;1;1;0;1;2;-19,72316131;-43,57826387;"SPRF-MG";"DEL01-MG";"UOP01-DEL01-MG"
488645;2022-11-26;"sábado";"07:00:00";"PR";373;174;"PONTA GROSSA";"Ausência de reação do condutor";"Colisão transversal";"Com Vítimas Feridas";"Pleno dia";"Crescente";"Céu Claro";"Dupla";"Reta";"Sim";3;0;2;0;0;2;2;4;-25,07594908;-50,20995715;"SPRF-PR";"DEL03-PR";"UOP01-DEL03-PR"
488646;2022-11-25;"sexta-feira";"18:35:00";"MG";381;225,1;"BELO ORIENTE";"Velocidade Incompatível";"Colisão lateral sentido oposto";"Sem Vítimas";"Plena Noite";"Crescente";"Nublado";"Simples";"Reta";"Não";4;0;0;0;3;2;0;4;-19,32412065;-42,41550504;"SPRF-MG";"DEL06-MG";"UOP01-DEL06-MG"
488647;2022-11-23;"quarta-feira";"08:35:00";"MG";365;373;"PATOS DE MINAS";"Reação tardia ou ineficiente do condutor";"Tombamento";"Com Vítimas Feridas";"Pleno dia";"Decrescente";"Chuva";"Simples";"Declive";"Não";3;0;2;0;0;2;2;3;-18,52680796;-46,14524208;"SPRF-MG";"DEL10-MG";"UOP01-DEL10-MG"
488657;2022-11-23;"quarta-feira";"07:45:00";"MG";262;597;"CAMPOS ALTOS";"Chuva";"Colisão com objeto";"Sem Vítimas";"Amanhecer";"Decrescente";"Chuva";"Simples";"Reta;Declive";"Não";2;0;0;0;1;1;0;2;-19,65499912;-46,18848896;"SPRF-MG";"DEL08-MG";"UOP02-DEL08-MG"
488661;2022-11-21;"segunda-feira";"12:30:00";"RS";285;76,4;"BOM JESUS";"Ausência de reação do condutor";"Tombamento";"Com Vítimas Feridas";"Pleno dia";"Crescente";"Céu Claro";"Simples";"Curva";"Não";2;0;1;0;0;2;1;3;-28,641621;-50,563793;"SPRF-RS";"DEL05-RS";"UOP03-DEL05-RS"
488663;2022-11-22;"terça-feira";"10:10:00";"PR";376;498;"PONTA GROSSA";"Reação tardia ou ineficiente do condutor";"Colisão com objeto";"Com Vítimas Feridas";"Pleno dia";"Crescente";"Chuva";"Dupla";"Reta;Declive";"Sim";2;0;2;0;0;0;2;2;-25,148038;-50,148433;"SPRF-PR";"DEL03-PR";"UOP04-DEL03-PR"
488664;2022-11-24;"quinta-feira";"21:30:00";"BA";101;817;"ITAMARAJU";"Velocidade Incompatível";"Saída de leito carroçável";"Sem Vítimas";"Plena Noite";"Crescente";"Chuva";"Simples";"Curva;Declive";"Não";1;0;0;0;1;0;0;1;-17,086112;-39,5712;"SPRF-BA";"DEL09-BA";"UOP02-DEL09-BA"
488668;2022-11-20;"domingo";"15:15:00";"MT";174;288;"PONTES E LACERDA";"Entrada inopinada do pedestre";"Eventos atípicos";"Com Vítimas Feridas";"Pleno dia";"Crescente";"Céu Claro";"Simples";"Reta";"Não";5;0;1;0;1;3;1;2;-15,249947;-59,311217;"SPRF-MT";"DEL04-MT";"UOP01-DEL04-MT"
488672;2022-11-22;"terça-feira";"14:50:00";"MG";267;31,6;"ARGIRITA";"Transitar na contramão";"Colisão lateral sentido oposto";"Com Vítimas Feridas";"Pleno dia";"Crescente";"Céu Claro";"Simples";"Curva";"Não";4;0;2;0;1;1;2;2;-21,64465779;-42,8469463;"SPRF-MG";"DEL07-MG";"UOP01-DEL07-MG"
488674;2022-11-24;"quinta-feira";"12:30:00";"SE";235;54;"ITABAIANA";"Velocidade Incompatível";"Colisão transversal";"Com Vítimas Feridas";"Pleno dia";"Decrescente";"Céu Claro";"Simples";"Reta";"Sim";2;0;0;1;1;0;1;2;-10,676047;-37,443279;"SPRF-SE";"DEL01-SE";"UOP02-DEL01-SE"
488676;2022-11-22;"terça-feira";"16:00:00";"PR";153;18;"JACAREZINHO";"Acesso irregular";"Colisão transversal";"Com Vítimas Feridas";"Pleno dia";"Decrescente";"Céu Claro";"Simples";"Reta";"Sim";2;0;1;0;1;0;1;2;-23,14524047;-49,95049233;"SPRF-PR";"DEL07-PR";"UOP04-DEL07-PR"
488679;2022-11-26;"sábado";"08:00:00";"DF";70;2,4;"BRASILIA";"Trafegar com motocicleta (ou similar) entre as faixas";"Colisão lateral mesmo sentido";"Com Vítimas Feridas";"Pleno dia";"Decrescente";"Nublado";"Dupla";"Reta;Declive";"Sim";2;0;1;0;1;0;1;2;-15,800631;-48,076472;"SPRF-DF";"DEL03-DF";"UOP02-DEL03-DF"
488683;2022-11-24;"quinta-feira";"08:30:00";"GO";153;279;"NOVA GLORIA";"Ultrapassagem Indevida";"Colisão lateral mesmo sentido";"Sem Vítimas";"Pleno dia";"Crescente";"Céu Claro";"Simples";"Reta";"Não";2;0;0;0;1;1;0;2;-15,129216;-49,511303;"SPRF-GO";"DEL07-GO";"UOP02-DEL07-GO"
488687;2022-11-26;"sábado";"07:50:00";"PR";116;115;"CURITIBA";"Ingestão de álcool pelo condutor";"Colisão traseira";"Com Vítimas Feridas";"Pleno dia";"Decrescente";"Nublado";"Dupla";"Reta";"Sim";5;0;2;1;1;1;3;3;-25,55953326;-49,26560414;"SPRF-PR";"DEL01-PR";"UOP07-DEL01-PR"
488689;2022-11-22;"terça-feira";"10:00:00";"RS";116;146;"CAXIAS DO SUL";"Condutor deixou de manter distância do veículo da frente";"Colisão traseira";"Com Vítimas Feridas";"Pleno dia";"Crescente";"Chuva";"Dupla";"Reta";"Sim";3;0;1;0;2;0;1;2;-29,14228897;-51,13622202;"SPRF-RS";"DEL05-RS";"UOP01-DEL05-RS"
488690;2022-11-23;"quarta-feira";"00:05:00";"SP";116;491,5;"CAJATI";"Ausência de reação do condutor";"Colisão traseira";"Com Vítimas Feridas";"Plena Noite";"Crescente";"Céu Claro";"Dupla";"Aclive;Reta";"Não";2;0;0;1;1;0;1;2;-24,73981193;-48,12375607;"SPRF-SP";"DEL05-SP";"UOP01-DEL05-SP"
488697;2022-11-26;"sábado";"08:35:00";"SC";101;127,4;"ITAJAI";"Condutor deixou de manter distância do veículo da frente";"Tombamento";"Com Vítimas Fatais";"Pleno dia";"Crescente";"Chuva";"Dupla";"Interseção de Vias;Reta";"Não";2;1;0;0;1;0;0;2;-26,9680142;-48,683697;"SPRF-SC";"DEL04-SC";"UOP04-DEL04-SC"
488709;2022-11-22;"terça-feira";"07:00:00";"RJ";101;311;"SAO GONCALO";"Ausência de reação do condutor";"Colisão traseira";"Com Vítimas Feridas";"Pleno dia";"Crescente";"Céu Claro";"Dupla";"Reta";"Sim";2;0;1;0;1;0;1;2;-22,80062246;-43,05318779;"SPRF-RJ";"DEL02-RJ";"UOP02-DEL02-RJ"
488712;2022-11-26;"sábado";"09:00:00";"MA";316;553,4;"CAXIAS";"Desrespeitar a preferência no cruzamento";"Colisão transversal";"Com Vítimas Feridas";"Pleno dia";"Decrescente";"Céu Claro";"Dupla";"Rotatória";"Sim";4;0;1;1;1;1;2;3;-4,87986027;-43,34239119;"SPRF-MA";"DEL03-MA";"UOP02-DEL03-MA"
488715;2022-11-23;"quarta-feira";"00:45:00";"PE";423;18;"SAO CAITANO";"Condutor deixou de manter distância do veículo da frente";"Colisão traseira";"Com Vítimas Feridas";"Plena Noite";"Decrescente";"Céu Claro";"Simples";"Reta";"Não";2;0;1;0;1;0;1;2;-8,33033097;-36,14470299;"SPRF-PE";"DEL03-PE";"UOP02-DEL03-PE"
488717;2022-11-26;"sábado";"08:10:00";"PR";116;6;"CAMPINA GRANDE DO SUL";"Velocidade Incompatível";"Tombamento";"Com Vítimas Feridas";"Pleno dia";"Crescente";"Chuva";"Dupla";"Curva";"Não";1;0;1;0;0;0;1;1;-25,08710459;-48,60776389;"SPRF-PR";"DEL01-PR";"UOP02-DEL01-PR"
488725;2022-11-23;"quarta-feira";"15:00:00";"PI";343;495;"AMARANTE";"Transitar na contramão";"Colisão frontal";"Com Vítimas Fatais";"Pleno dia";"Crescente";"Céu Claro";"Simples";"Curva;Declive";"Não";3;1;0;0;1;1;0;3;-6,248091;-42,758327;"SPRF-PI";"DEL03-PI";"UOP01-DEL03-PI"
488729;2022-11-26;"sábado";"09:30:00";"PR";277;136,3;"BALSA NOVA";"Condutor deixou de manter distância do veículo da frente";"Colisão traseira";"Sem Vítimas";"Pleno dia";"Crescente";"Garoa/Chuvisco";"Dupla";"Curva";"Não";3;0;0;0;2;2;0;4;-25,47075;-49,693887;"SPRF-PR";"DEL03-PR";"UOP03-DEL03-PR"
488730;2022-11-21;"segunda-feira";"17:10:00";"ES";101;269,8;"SERRA";"Trafegar com motocicleta (ou similar) entre as faixas";"Tombamento";"Com Vítimas Feridas";"Anoitecer";"Decrescente";"Chuva";"Dupla";"Reta";"Sim";4;0;0;1;1;4;1;6;-20,21740496;-40,26990578;"SPRF-ES";"DEL02-ES";"UOP01-DEL02-ES"
488731;2022-11-26;"sábado";"07:40:00";"PA";316;61,5;"CASTANHAL";"Conversão proibida";"Colisão transversal";"Com Vítimas Feridas";"Pleno dia";"Crescente";"Céu Claro";"Dupla";"Reta";"Sim";3;0;1;0;1;1;1;3;-1,29686015;-47,94639002;"SPRF-PA";"DEL01-PA";"UOP01-DEL01-PA"
488732;2022-11-22;"terça-feira";"19:00:00";"SP";116;294,7;"ITAPECERICA DA SERRA";"Ausência de reação do condutor";"Colisão traseira";"Com Vítimas Feridas";"Plena Noite";"Crescente";"Garoa/Chuvisco";"Dupla";"Reta";"Não";3;0;0;1;1;1;1;3;-23,76154691;-46,90483412;"SPRF-SP";"DEL04-SP";"UOP01-DEL04-SP"
488734;2022-11-26;"sábado";"10:30:00";"SC";101;212;"PALHOCA";"Manobra de mudança de faixa";"Colisão traseira";"Com Vítimas Feridas";"Pleno dia";"Decrescente";"Chuva";"Dupla";"Reta";"Sim";2;0;0;1;1;0;1;2;-27,62996929;-48,65903871;"SPRF-SC";"DEL01-SC";"UOP02-DEL01-SC"
488735;2022-11-26;"sábado";"08:30:00";"PI";343;338;"TERESINA";"Ausência de reação do condutor";"Colisão com objeto";"Sem Vítimas";"Pleno dia";"Decrescente";"Céu Claro";"Dupla";"Reta";"Sim";1;0;0;0;0;1;0;1;-5,063362;-42,722912;"SPRF-PI";"DEL01-PI";"UOP01-DEL01-PI"
488738;2022-11-25;"sexta-feira";"18:00:00";"MT";163;1042;"MATUPA";"Reação tardia ou ineficiente do condutor";"Colisão lateral mesmo sentido";"Com Vítimas Feridas";"Plena Noite";"Crescente";"Céu Claro";"Simples";"Reta";"Não";3;0;1;0;1;3;1;5;-10,153938;-54,932182;"SPRF-MT";"DEL06-MT";"UOP03-DEL06-MT"