"id";"data_inversa";"dia_semana";"horario";"uf";"br";"km";"municipio";"causa_acidente";"tipo_acidente";"classificacao_acidente";"fase_dia";"sentido_via";"condicao_metereologica";"tipo_pista";"tracado_via";"uso_solo";"pessoas";"mortos";"feridos_leves";"feridos_graves";"ilesos";"ignorados";"feridos";"veiculos";"latitude";"longitude";"regional";"delegacia";"uop"
488739;2022-11-21;"segunda-feira";"19:30:00";"SP";116;282,9;"EMBU DAS ARTES";"Condutor deixou de manter distância do veículo da frente";"Colisão traseira";"Com Vítimas Feridas";"Plena Noite";"Crescente";"Céu Claro";"Dupla";"Reta";"Sim";5;0;1;0;3;1;1;4;-23,68570216;-46,85970975;"SPRF-SP";"DEL04-SP";"UOP01-DEL04-SP"
488745;2022-11-22;"terça-feira";"14:50:00";"MG";40;519;"RIBEIRAO DAS NEVES";"Manobra de mudança de faixa";"Colisão traseira";"Com Vítimas Feridas";"Pleno dia";"Crescente";"Céu Claro";"Dupla";"Reta";"Não";3;0;1;0;1;3;1;5;-19,84078574;-44,07629013;"SPRF-MG";"DEL01-MG";"UOP02-DEL01-MG"
488749;2022-11-21;"segunda-feira";"18:30:00";"PR";376;241,9;"APUCARANA";"Carga excessiva e/ou mal acondicionada";"Derramamento de carga";"Sem Vítimas";"Pleno dia";"Crescente";"Nublado";"Dupla";"Curva;Declive";"Não";2;0;0;0;1;1;0;2;-23,58168461;-51,42681594;"SPRF-PR";"DEL07-PR";"UOP03-DEL07-PR"
488750;2022-11-26;"sábado";"10:09:00";"SP";116;364;"MIRACATU";"Velocidade Incompatível";"Tombamento";"Com Vítimas Feridas";"Pleno dia";"Crescente";"Céu Claro";"Dupla";"Curva";"Não";2;0;1;0;0;1;1;2;-24,13881806;-47,27310246;"SPRF-SP";"DEL04-SP";"UOP02-DEL04-SP"
488753;2022-11-25;"sexta-feira";"06:40:00";"PR";376;460,1;"TIBAGI";"Velocidade Incompatível";"Tombamento";"Com Vítimas Feridas";"Pleno dia";"Crescente";"Nublado";"Dupla";"Curva;Declive";"Não";2;0;1;0;0;2;1;3;-24,9483337;-50,3950004;"SPRF-PR";"DEL03-PR";"UOP01-DEL03-PR"
488754;2022-11-26;"sábado";"08:37:00";"MA";135;7;"SAO LUIS";"Mal súbito do condutor";"Colisão com objeto";"Sem Vítimas";"Pleno dia";"Decrescente";"Céu Claro";"Dupla";"Reta";"Não";1;0;0;0;1;0;0;1;-2,53073;-44,3068;"SPRF-MA";"DEL01-MA";"UOP01-DEL01-MA"
488757;2022-11-26;"sábado";"10:00:00";"PE";101;30;"ITAPISSUMA";"Manobra de mudança de faixa";"Colisão com objeto";"Com Vítimas Feridas";"Pleno dia";"Decrescente";"Céu Claro";"Dupla";"Curva";"Não";2;0;1;0;0;1;1;2;-7,73816195;-34,94265811;"SPRF-PE";"DEL01-PE";"UOP02-DEL01-PE"
488758;2022-11-22;"terça-feira";"17:50:00";"RJ";116;183;"NOVA IGUACU";"Reação tardia ou ineficiente do condutor";"Colisão lateral mesmo sentido";"Com Vítimas Feridas";"Anoitecer";"Crescente";"Céu Claro";"Dupla";"Reta";"Não";2;0;1;0;1;0;1;2;-22,7516014;-43,43849831;"SPRF-RJ";"DEL01-RJ";"UOP02-DEL01-RJ"
488760;2022-11-26;"sábado";"11:05:00";"CE";222;63;"SAO GONCALO DO AMARANTE";"Acessar a via sem observar a presença dos outros veículos";"Colisão transversal";"Com Vítimas Feridas";"Pleno dia";"Crescente";"Céu Claro";"Simples";"Reta";"Sim";2;0;1;0;1;0;1;2;-3,6717776;-39,10726798;"SPRF-CE";"DEL01-CE";"UOP03-DEL01-CE"
488763;2022-11-22;"terça-feira";"16:20:00";"PE";101;53,5;"RECIFE";"Manobra de mudança de faixa";"Colisão lateral mesmo sentido";"Com Vítimas Feridas";"Pleno dia";"Crescente";"Nublado";"Dupla";"Ponte;Reta";"Sim";4;0;3;0;1;0;3;2;-7,93124094;-34,90068606;"SPRF-PE";"DEL01-PE";"UOP02-DEL01-PE"
488764;2022-11-23;"quarta-feira";"17:00:00";"GO";158;37,6;"BOM JARDIM DE GOIAS";"Acessar a via sem observar a presença dos outros veículos";"Colisão transversal";"Com Vítimas Feridas";"Pleno dia";"Crescente";"Céu Claro";"Simples";"Interseção de Vias";"Sim";3;0;0;1;1;3;1;5;-16,18786679;-52,17095017;"SPRF-GO";"DEL04-GO";"UOP02-DEL04-GO"
488771;2022-11-22;"terça-feira";"06:50:00";"SC";282;223;"LAGES";"Velocidade Incompatível";"Colisão frontal";"Com Vítimas Feridas";"Amanhecer";"Decrescente";"Garoa/Chuvisco";"Simples";"Curva";"Não";2;0;1;0;1;0;1;2;-27,79846367;-50,35883904;"SPRF-SC";"DEL05-SC";"UOP01-DEL05-SC"
488774;2022-11-26;"sábado";"06:30:00";"BA";101;535;"SAO JOSE DA VITORIA";"Curva acentuada";"Saída de leito carroçável";"Com Vítimas Feridas";"Amanhecer";"Decrescente";"Nevoeiro/Neblina";"Simples";"Curva;Declive";"Não";3;0;1;1;0;1;2;2;-15,15775202;-39,41074199;"SPRF-BA";"DEL05-BA";"UOP01-DEL05-BA"
488776;2022-11-26;"sábado";"11:00:00";"BA";242;809;"BARREIRAS";"Condutor deixou de manter distância do veículo da frente";"Engavetamento";"Com Vítimas Feridas";"Pleno dia";"Decrescente";"Céu Claro";"Simples";"Reta";"Não";5;0;0;1;3;3;1;5;-12,14075975;-44,94630996;"SPRF-BA";"DEL10-BA";"UOP01-DEL10-BA"
488786;2022-11-23;"quarta-feira";"04:00:00";"MA";135;39;"BACABEIRA";"Animais na Pista";"Atropelamento de Animal";"Com Vítimas Feridas";"Plena Noite";"Decrescente";"Ignorado";"Dupla";"Reta";"Não";1;0;1;0;0;0;1;1;-2,88509899;-44,3749714;"SPRF-MA";"DEL01-MA";"UOP01-DEL01-MA"
488790;2022-11-21;"segunda-feira";"17:22:00";"SC";101;289,6;"IMBITUBA";"Manobra de mudança de faixa";"Colisão lateral mesmo sentido";"Com Vítimas Feridas";"Pleno dia";"Decrescente";"Céu Claro";"Dupla";"Reta";"Sim";4;0;2;0;1;1;2;3;-28,25395282;-48,70289554;"SPRF-SC";"DEL02-SC";"UOP03-DEL02-SC"
488792;2022-11-26;"sábado";"11:00:00";"MT";163;807;"SINOP";"Reação tardia ou ineficiente do condutor";"Saída de leito carroçável";"Com Vítimas Feridas";"Pleno dia";"Decrescente";"Céu Claro";"Simples";"Reta";"Sim";2;0;1;0;0;3;1;4;-12,10881;-55,51705;"SPRF-MT";"DEL06-MT";"NPF/DEL06-MT"
488797;2022-11-26;"sábado";"12:55:00";"PR";277;698,5;"SAO MIGUEL DO IGUACU";"Demais falhas mecânicas ou elétricas";"Colisão transversal";"Com Vítimas Feridas";"Pleno dia";"Crescente";"Céu Claro";"Dupla";"Reta;Aclive";"Não";3;0;1;0;1;1;1;3;-25,3964712;-54,31179289;"SPRF-PR";"DEL05-PR";"UOP01-DEL05-PR"
488799;2022-11-22;"terça-feira";"17:45:00";"RJ";393;167,7;"TRES RIOS";"Condutor deixou de manter distância do veículo da frente";"Colisão traseira";"Com Vítimas Feridas";"Pleno dia";"Decrescente";"Céu Claro";"Simples";"Reta";"Sim";4;0;1;0;2;1;1;4;-22,127502;-43,147022;"SPRF-RJ";"DEL05-RJ";"UOP02-DEL05-RJ"
488802;2022-11-23;"quarta-feira";"01:30:00";"SC";101;164;"TIJUCAS";"Reação tardia ou ineficiente do condutor";"Colisão traseira";"Com Vítimas Feridas";"Plena Noite";"Crescente";"Garoa/Chuvisco";"Dupla";"Ponte";"Não";4;0;1;0;2;3;1;5;-27,243868;-48,6309;"SPRF-SC";"DEL04-SC";"UOP03-DEL04-SC"
488804;2022-11-23;"quarta-feira";"04:10:00";"SP";116;364;"MIRACATU";"Velocidade Incompatível";"Colisão com objeto";"Com Vítimas Feridas";"Plena Noite";"Decrescente";"Nublado";"Dupla";"Curva";"Não";2;0;0;1;0;1;1;2;-24,14515;-47,274241;"SPRF-SP";"DEL04-SP";"UOP02-DEL04-SP"
488807;2022-11-26;"sábado";"11:00:00";"PB";361;6,4;"PATOS";"Condutor deixou de manter distância do veículo da frente";"Colisão traseira";"Com Vítimas Feridas";"Pleno dia";"Crescente";"Céu Claro";"Simples";"Reta";"Sim";3;0;1;1;0;1;2;2;-7,03594312;-37,31112598;"SPRF-PB";"DEL03-PB";"UOP01-DEL03-PB"
488808;2022-11-22;"terça-feira";"10:30:00";"PR";376;435,9;"TIBAGI";"Reação tardia ou ineficiente do condutor";"Colisão com objeto";"Com Vítimas Feridas";"Pleno dia";"Decrescente";"Garoa/Chuvisco";"Dupla";"Reta";"Não";2;0;1;0;1;0;1;1;-24,78234838;-50,51264226;"SPRF-PR";"DEL03-PR";"UOP02-DEL03-PR"
488815;2022-11-26;"sábado";"14:50:00";"PR";376;635;"TIJUCAS DO SUL";"Ausência de reação do condutor";"Colisão traseira";"Sem Vítimas";"Pleno dia";"Crescente";"Chuva";"Múltipla";"Reta";"Não";2;0;0;0;1;1;0;2;-25,73890105;-49,13059434;"SPRF-PR";"DEL01-PR";"UOP04-DEL01-PR"
488820;2022-11-25;"sexta-feira";"16:00:00";"SP";459;18;"PIQUETE";"Acumulo de água sobre o pavimento";"Colisão frontal";"Com Vítimas Feridas";"Pleno dia";"Crescente";"Granizo";"Simples";"Curva";"Não";4;0;3;0;1;0;3;2;-22,633976;-45,15704;"SPRF-SP";"DEL08-SP";"NPF/DEL08-SP"
488824;2022-11-21;"segunda-feira";"19:00:00";"BA";30;333;"BRUMADO";"Ultrapassagem Indevida";"Tombamento";"Com Vítimas Feridas";"Plena Noite";"Crescente";"Ignorado";"Simples";"Reta";"Não";1;0;1;0;0;0;1;1;-14,23463379;-41,96571298;"SPRF-BA";"DEL08-BA";"UOP01-DEL08-BA"
488826;2022-11-26;"sábado";"14:20:00";"PR";153;471,5;"PORTO VITORIA";"Ausência de reação do condutor";"Tombamento";"Com Vítimas Feridas";"Pleno dia";"Crescente";"Céu Claro";"Simples";"Curva";"Não";2;0;0;1;0;1;1;2;-26,31065062;-51,21723175;"SPRF-PR";"DEL02-PR";"UOP03-DEL02-PR"
488828;2022-11-26;"sábado";"12:00:00";"SC";280;237,4;"CANOINHAS";"Reação tardia ou ineficiente do condutor";"Saída de leito carroçável";"Com Vítimas Feridas";"Pleno dia";"Decrescente";"Nublado";"Simples";"Reta;Declive";"Não";1;0;1;0;0;0;1;1;-26,19844599;-50,43216601;"SPRF-SC";"DEL06-SC";"UOP04-DEL06-SC"
488832;2022-11-26;"sábado";"09:50:00";"SC";470;194,4;"POUSO REDONDO";"Velocidade Incompatível";"Colisão frontal";"Com Vítimas Fatais";"Pleno dia";"Crescente";"Nublado";"Simples";"Curva";"Não";3;1;0;0;1;2;0;4;-27,30249863;-50,08512497;"SPRF-SC";"DEL04-SC";"UOP02-DEL04-SC"
488834;2022-11-26;"sábado";"15:00:00";"MG";381;494,8;"BETIM";"Manobra de mudança de faixa";"Colisão lateral mesmo sentido";"Sem Vítimas";"Pleno dia";"Decrescente";"Céu Claro";"Dupla";"Curva";"Não";4;0;0;0;3;1;0;3;-19,97398;-44,18511;"SPRF-MG";"DEL01-MG";"UOP03-DEL01-MG"
488838;2022-11-26;"sábado";"12:20:00";"SC";470;128,7;"LONTRAS";"Manobra de mudança de faixa";"Colisão lateral mesmo sentido";"Com Vítimas Feridas";"Pleno dia";"Decrescente";"Nublado";"Simples";"Aclive;Curva";"Não";3;0;1;0;1;2;1;4;-27,14828091;-49,55601096;"SPRF-SC";"DEL04-SC";"UOP02-DEL04-SC"
488855;2022-11-26;"sábado";"16:25:00";"SP";116;215;"GUARULHOS";"Reação tardia ou ineficiente do condutor";"Colisão traseira";"Com Vítimas Fatais";"Pleno dia";"Decrescente";"Nublado";"Múltipla";"Reta";"Não";13;2;8;2;0;1;10;2;-23,44695693;-46,45394103;"SPRF-SP";"DEL01-SP";"UOP01-DEL01-SP"
488867;2022-11-22;"terça-feira";"11:20:00";"PR";376;184,2;"SARANDI";"Reação tardia ou ineficiente do condutor";"Saída de leito carroçável";"Sem Vítimas";"Pleno dia";"Crescente";"Chuva";"Múltipla";"Reta";"Sim";1;0;0;0;1;0;0;1;-23,4465611;-51,86216706;"SPRF-PR";"DEL09-PR";"UOP01-DEL09-PR"
488874;2022-11-26;"sábado";"16:05:00";"SP";116;347;"MIRACATU";"Velocidade Incompatível";"Colisão traseira";"Sem Vítimas";"Pleno dia";"Decrescente";"Nublado";"Dupla";"Curva;Aclive";"Não";3;0;0;0;2;2;0;4;-24,04926612;-47,19932556;"SPRF-SP";"DEL04-SP";"UOP03-DEL04-SP"
488875;2022-11-22;"terça-feira";"23:00:00";"RJ";465;12;"SEROPEDICA";"Deficiência do Sistema de Iluminação/Sinalização";"Colisão transversal";"Com Vítimas Feridas";"Plena Noite";"Decrescente";"Nublado";"Simples";"Reta";"Sim";2;0;0;1;1;0;1;2;-22,791252;-43,651257;"SPRF-RJ";"DEL01-RJ";"UOP03-DEL01-RJ"
488876;2022-11-25;"sexta-feira";"05:52:00";"PR";277;456,5;"LARANJEIRAS DO SUL";"Ausência de reação do condutor";"Tombamento";"Com Vítimas Feridas";"Plena Noite";"Crescente";"Céu Claro";"Simples";"Curva";"Não";2;0;1;0;0;2;1;3;-25,36874188;-52,44445712;"SPRF-PR";"DEL04-PR";"UOP02-DEL04-PR"
488880;2022-11-26;"sábado";"13:30:00";"SE";101;147;"ESTANCIA";"Velocidade Incompatível";"Tombamento";"Sem Vítimas";"Pleno dia";"Crescente";"Céu Claro";"Dupla";"Rotatória";"Sim";2;0;0;0;1;1;0;2;-11,23887076;-37,43079007;"SPRF-SE";"DEL02-SE";"UOP01-DEL02-SE"
488882;2022-11-22;"terça-feira";"10:40:00";"SP";116;310;"SAO LOURENCO DA SERRA";"Ausência de reação do condutor";"Colisão traseira";"Sem Vítimas";"Pleno dia";"Crescente";"Céu Claro";"Dupla";"Reta";"Não";3;0;0;0;2;1;0;3;-23,8717102;-46,96137189;"SPRF-SP";"DEL04-SP";"UOP01-DEL04-SP"
488883;2022-11-26;"sábado";"17:08:00";"ES";101;110,3;"SOORETAMA";"Reação tardia ou ineficiente do condutor";"Colisão traseira";"Com Vítimas Feridas";"Pleno dia";"Crescente";"Céu Claro";"Simples";"Reta";"Não";3;0;1;0;1;2;1;4;-19,06215201;-40,03484798;"SPRF-ES";"DEL04-ES";"UOP01-DEL04-ES"
488887;2022-11-22;"terça-feira";"16:00:00";"SC";280;140,5;"MAFRA";"Condutor deixou de manter distância do veículo da frente";"Engavetamento";"Sem Vítimas";"Pleno dia";"Crescente";"Céu Claro";"Simples";"Declive";"Não";3;0;0;0;3;0;0;3;-26,25385392;-49,612674;"SPRF-SC";"DEL06-SC";"UOP03-DEL06-SC"
488890;2022-11-24;"quinta-feira";"05:35:00";"SP";116;564;"BARRA DO TURVO";"Reação tardia ou ineficiente do condutor";"Saída de leito carroçável";"Com Vítimas Feridas";"Pleno dia";"Crescente";"Garoa/Chuvisco";"Dupla";"Curva";"Não";1;0;1;0;0;0;1;1;-25,03458919;-48,53543877;"SPRF-SP";"DEL05-SP";"UOP02-DEL05-SP"
488893;2022-11-24;"quinta-feira";"08:00:00";"RJ";40;52;"PETROPOLIS";"Avarias e/ou desgaste excessivo no pneu";"Colisão com objeto";"Com Vítimas Feridas";"Pleno dia";"Decrescente";"Chuva";"Dupla";"Curva;Declive";"Não";2;0;1;0;1;0;1;1;-22,34312963;-43,13331127;"SPRF-RJ";"DEL05-RJ";"UOP02-DEL05-RJ"
488898;2022-11-26;"sábado";"16:50:00";"MS";163;662;"RIO VERDE DE MATO GROSSO";"Ingestão de álcool pelo condutor";"Saída de leito carroçável";"Sem Vítimas";"Pleno dia";"Decrescente";"Céu Claro";"Simples";"Curva";"Não";2;0;0;0;1;2;0;3;-19,06604393;-54,79270684;"SPRF-MS";"DEL06-MS";"UOP02-DEL06-MS"
488903;2022-11-22;"terça-feira";"15:00:00";"BA";116;587;"NOVA ITARANA";"Velocidade Incompatível";"Saída de leito carroçável";"Com Vítimas Feridas";"Pleno dia";"Decrescente";"Nublado";"Simples";"Curva";"Não";3;0;2;0;0;1;2;2;-13,11649705;-39,98928038;"SPRF-BA";"DEL03-BA";"UOP02-DEL03-BA"
488905;2022-11-26;"sábado";"18:35:00";"SC";116;193,3;"PONTE ALTA";"Velocidade Incompatível";"Colisão lateral sentido oposto";"Sem Vítimas";"Pleno dia";"Decrescente";"Garoa/Chuvisco";"Simples";"Reta";"Não";3;0;0;0;3;0;0;2;-27,37129308;-50,42970441;"SPRF-SC";"DEL05-SC";"UOP03-DEL05-SC"
488911;2022-11-22;"terça-feira";"10:15:00";"PI";343;22,8;"PARNAIBA";"Avarias e/ou desgaste excessivo no pneu";"Queda de ocupante de veículo";"Com Vítimas Feridas";"Pleno dia";"Decrescente";"Céu Claro";"Simples";"Reta";"Não";2;0;1;0;1;0;1;2;-2,998956;-41,76561;"SPRF-PI";"DEL05-PI";"UOP01-DEL05-PI"
488913;2022-11-26;"sábado";"17:00:00";"RS";116;0,1;"VACARIA";"Problema com o freio";"Tombamento";"Com Vítimas Feridas";"Pleno dia";"Decrescente";"Céu Claro";"Simples";"Curva";"Não";2;0;1;0;0;2;1;3;-28,210476;-50,759827;"SPRF-RS";"DEL05-RS";"UOP03-DEL05-RS"
488914;2022-11-26;"sábado";"20:30:00";"PR";476;157;"ARAUCARIA";"Ingestão de álcool ou de substâncias psicoativas pelo pedestre";"Colisão lateral sentido oposto";"Sem Vítimas";"Plena Noite";"Crescente";"Nublado";"Simples";"Reta";"Sim";3;0;0;0;2;1;0;3;-25,60639;-49,421112;"SPRF-PR";"DEL01-PR";"UOP06-DEL01-PR"
488923;2022-11-23;"quarta-feira";"06:00:00";"ES";101;366,5;"ANCHIETA";"Velocidade Incompatível";"Tombamento";"Com Vítimas Feridas";"Amanhecer";"Crescente";"Nublado";"Simples";"Curva";"Não";2;0;1;0;0;2;1;3;-20,74480799;-40,7602114;"SPRF-ES";"DEL03-ES";"UOP01-DEL03-ES"
488930;2022-11-26;"sábado";"21:30:00";"PB";101;37,8;"MAMANGUAPE";"Condutor usando celular";"Colisão com objeto";"Sem Vítimas";"Plena Noite";"Crescente";"Céu Claro";"Dupla";"Reta";"Não";2;0;0;0;1;1;0;2;-6,81169597;-35,13969074;"SPRF-PB";"DEL01-PB";"UOP04-DEL01-PB"
488939;2022-11-06;"domingo";"10:11:00";"PR";116;48;"CAMPINA GRANDE DO SUL";"Acessar a via sem observar a presença dos outros veículos";"Colisão lateral mesmo sentido";"Sem Vítimas";"Pleno dia";"Decrescente";"Céu Claro";"Dupla";"Reta";"Sim";2;0;0;0;2;0;0;2;-25,21708693;-48,90395114;"SPRF-PR";"DEL01-PR";"UOP02-DEL01-PR"
488945;2022-11-26;"sábado";"21:30:00";"SC";282;642;"SAO MIGUEL DO OESTE";"Ingestão de álcool pelo condutor";"Colisão frontal";"Com Vítimas Feridas";"Plena Noite";"Crescente";"Céu Claro";"Simples";"Reta";"Não";3;0;1;0;1;1;1;3;-26,76975192;-53,46419334;"SPRF-SC";"DEL07-SC";"UOP03-DEL07-SC"
488946;2022-11-26;"sábado";"21:20:00";"RJ";101;262;"RIO BONITO";"Manobra de mudança de faixa";"Tombamento";"Com Vítimas Feridas";"Plena Noite";"Crescente";"Chuva";"Simples";"Declive";"Sim";2;0;1;0;0;1;1;2;-22,71367506;-42,62052996;"SPRF-RJ";"DEL02-RJ";"UOP03-DEL02-RJ"
488955;2022-11-26;"sábado";"13:30:00";"PB";230;169;"CAMPINA GRANDE";"Condutor deixou de manter distância do veículo da frente";"Colisão traseira";"Sem Vítimas";"Pleno dia";"Crescente";"Céu Claro";"Simples";"Reta";"Não";1;0;0;0;1;0;0;1;-7,1853;-35,9764;"SPRF-PB";"DEL02-PB";"UOP02-DEL02-PB"
488956;2022-11-26;"sábado";"21:15:00";"BA";110;357;"CATU";"Condutor Dormindo";"Saída de leito carroçável";"Com Vítimas Fatais";"Plena Noite";"Crescente";"Nublado";"Simples";"Curva";"Não";1;1;0;0;0;0;0;1;-12,34225607;-38,38638782;"SPRF-BA";"DEL01-BA";"UOP04-DEL01-BA"
488957;2022-11-26;"sábado";"20:25:00";"MA";230;81;"SAO JOAO DOS PATOS";"Reação tardia ou ineficiente do condutor";"Colisão com objeto";"Com Vítimas Feridas";"Plena Noite";"Crescente";"Céu Claro";"Simples";"Reta";"Não";3;0;3;0;0;0;3;1;-6,48714235;-43,61077789;"SPRF-PI";"DEL03-PI";"UOP01-DEL03-PI"
488966;2022-11-27;"domingo";"00:47:00";"MG";40;446,9;"PARAOPEBA";"Pista Escorregadia";"Saída de leito carroçável";"Com Vítimas Feridas";"Plena Noite";"Decrescente";"Chuva";"Dupla";"Reta";"Não";3;0;2;0;1;0;2;1;-19,29359592;-44,38358492;"SPRF-MG";"DEL02-MG";"UOP01-DEL02-MG"
488971;2022-11-26;"sábado";"22:05:00";"BA";116;26,1;"ABARE";"Condutor usando celular";"Saída de leito carroçável";"Com Vítimas Feridas";"Plena Noite";"Decrescente";"Nublado";"Simples";"Reta";"Não";2;0;1;0;0;1;1;2;-8,850426;-39,259525;"SPRF-PE";"DEL05-PE";"UOP03-DEL05-PE"
488974;2022-11-27;"domingo";"02:15:00";"BA";116;370;"LAMARAO";"Reação tardia ou ineficiente do condutor";"Colisão traseira";"Com Vítimas Feridas";"Plena Noite";"Crescente";"Nublado";"Simples";"Reta";"Não";2;0;1;0;0;1;1;2;-11,761244;-38,985943;"SPRF-BA";"DEL02-BA";"UOP01-DEL02-BA"
488991;2022-11-27;"domingo";"05:10:00";"GO";153;196;"URUACU";"Condutor deixou de manter distância do veículo da frente";"Colisão traseira";"Com Vítimas Fatais";"Amanhecer";"Decrescente";"Céu Claro";"Simples";"Aclive";"Não";3;1;0;0;1;2;0;4;-14,479928;-49,154346;"SPRF-GO";"DEL07-GO";"UOP02-DEL07-GO"
489031;2022-11-23;"quarta-feira";"14:30:00";"SC";101;200,9;"SAO JOSE";"Manobra de mudança de faixa";"Colisão lateral mesmo sentido";"Com Vítimas Feridas";"Pleno dia";"Crescente";"Céu Claro";"Múltipla";"Reta";"Sim";7;0;3;0;3;1;3;3;-27,54018513;-48,62287714;"SPRF-SC";"DEL01-SC";"UOP01-DEL01-SC"
489035;2022-11-24;"quinta-feira";"05:45:00";"ES";101;280;"SERRA";"Reação tardia ou ineficiente do condutor";"Colisão lateral mesmo sentido";"Sem Vítimas";"Amanhecer";"Crescente";"Chuva";"Dupla";"Curva";"Não";2;0;0;0;1;1;0;2;-20,21828666;-40,34895595;"SPRF-ES";"DEL02-ES";"UOP01-DEL02-ES"
489041;2022-11-27;"domingo";"07:39:00";"PE";101;64,2;"RECIFE";"Manobra de mudança de faixa";"Queda de ocupante de veículo";"Com Vítimas Feridas";"Pleno dia";"Crescente";"Céu Claro";"Dupla";"Curva";"Sim";3;0;1;0;1;1;1;3;-8,0162921;-34,94045886;"SPRF-PE";"DEL01-PE";"UOP01-DEL01-PE"
489049;2022-11-23;"quarta-feira";"16:00:00";"AL";316;264;"SATUBA";"Ausência de reação do condutor";"Colisão traseira";"Com Vítimas Fatais";"Pleno dia";"Decrescente";"Céu Claro";"Múltipla";"Reta";"Não";3;1;0;0;1;1;0;3;-9,58847626;-35,8696781;"SPRF-AL";"DEL02-AL";"UOP01-DEL02-AL"
489052;2022-11-23;"quarta-feira";"08:20:00";"GO";153;514;"APARECIDA DE GOIANIA";"Reação tardia ou ineficiente do condutor";"Colisão frontal";"Sem Vítimas";"Pleno dia";"Decrescente";"Céu Claro";"Dupla";"Interseção de Vias";"Sim";2;0;0;0;0;2;0;2;-16,8315;-49,2434;"SPRF-GO";"DEL01-GO";"UOP03-DEL01-GO"
489059;2022-11-23;"quarta-feira";"07:20:00";"RS";392;26,5;"RIO GRANDE";"Reação tardia ou ineficiente do condutor";"Colisão traseira";"Com Vítimas Feridas";"Pleno dia";"Crescente";"Céu Claro";"Dupla";"Interseção de Vias;Reta";"Sim";6;0;2;0;4;0;2;2;-32,07835445;-52,25665029;"SPRF-RS";"DEL07-RS";"UOP02-DEL07-RS"
489060;2022-11-27;"domingo";"06:00:00";"PE";407;100;"PETROLINA";"Ingestão de álcool pelo condutor";"Colisão lateral sentido oposto";"Com Vítimas Feridas";"Pleno dia";"Decrescente";"Garoa/Chuvisco";"Simples";"Reta";"Não";3;0;1;0;1;1;1;3;-9,184902;-40,634316;"SPRF-PE";"DEL06-PE";"UOP01-DEL06-PE"
489064;2022-11-27;"domingo";"08:00:00";"MS";163;639;"SAO GABRIEL DO OESTE";"Reação tardia ou ineficiente do condutor";"Colisão frontal";"Com Vítimas Feridas";"Plena Noite";"Decrescente";"Céu Claro";"Dupla";"Reta";"Não";3;0;1;0;1;3;1;5;-19,22843163;-54,69877591;"SPRF-MS";"DEL06-MS";"UOP02-DEL06-MS"
489069;2022-11-23;"quarta-feira";"16:30:00";"SP";116;210;"GUARULHOS";"Ausência de reação do condutor";"Colisão traseira";"Com Vítimas Feridas";"Pleno dia";"Crescente";"Garoa/Chuvisco";"Múltipla";"Reta";"Sim";8;0;2;0;5;1;2;7;-23,42870023;-46,41085991;"SPRF-SP";"DEL01-SP";"UOP01-DEL01-SP"
489070;2022-11-23;"quarta-feira";"18:57:00";"PE";101;56;"PAULISTA";"Conversão proibida";"Colisão transversal";"Com Vítimas Fatais";"Plena Noite";"Decrescente";"Céu Claro";"Dupla";"Reta";"Sim";2;1;0;0;1;0;0;2;-7,963071;-34,914831;"SPRF-PE";"DEL01-PE";"UOP02-DEL01-PE"
489078;2022-11-24;"quinta-feira";"03:40:00";"MT";364;241;"JUSCIMEIRA";"Demais falhas na via";"Tombamento";"Sem Vítimas";"Plena Noite";"Decrescente";"Céu Claro";"Dupla";"Reta";"Não";3;0;0;0;2;6;0;8;-16,17086222;-54,79226759;"SPRF-MT";"DEL02-MT";"UOP01-DEL02-MT"
489080;2022-11-23;"quarta-feira";"12:10:00";"PR";277;136,5;"BALSA NOVA";"Reação tardia ou ineficiente do condutor";"Colisão traseira";"Com Vítimas Feridas";"Pleno dia";"Crescente";"Céu Claro";"Dupla";"Aclive";"Não";2;0;0;1;1;0;1;2;-25,47046559;-49,69490746;"SPRF-PR";"DEL03-PR";"UOP03-DEL03-PR"
489082;2022-11-23;"quarta-feira";"13:00:00";"RJ";356;43;"ITAPERUNA";"Velocidade Incompatível";"Saída de leito carroçável";"Sem Vítimas";"Pleno dia";"Crescente";"Nublado";"Simples";"Curva";"Não";2;0;0;0;2;0;0;1;-21,22315454;-41,81951572;"SPRF-RJ";"DEL08-RJ";"UOP03-DEL08-RJ"
489083;2022-11-16;"quarta-feira";"05:50:00";"MS";163;378,9;"NOVA ALVORADA DO SUL";"Afundamento ou ondulação no pavimento";"Saída de leito carroçável";"Com Vítimas Feridas";"Pleno dia";"Crescente";"Céu Claro";"Simples";"Reta";"Não";2;0;1;0;0;1;1;2;-21,34923407;-54,41817236;"SPRF-MS";"DEL02-MS";"UOP01-DEL02-MS"
489100;2022-11-23;"quarta-feira";"13:30:00";"RJ";101;265;"RIO BONITO";"Ausência de reação do condutor";"Tombamento";"Com Vítimas Feridas";"Pleno dia";"Crescente";"Nublado";"Simples";"Retorno Regulamentado";"Sim";2;0;1;0;0;1;1;2;-22,71359987;-42,64391188;"SPRF-RJ";"DEL02-RJ";"UOP03-DEL02-RJ"
489101;2022-11-23;"quarta-feira";"13:00:00";"PE";232;83;"GRAVATA";"Pedestre cruzava a pista fora da faixa";"Atropelamento de Pedestre";"Com Vítimas Feridas";"Pleno dia";"Crescente";"Céu Claro";"Dupla";"Retorno Regulamentado";"Não";2;0;0;1;1;0;1;2;-8,2024868;-35,59542005;"SPRF-PE";"DEL02-PE";"UOP02-DEL02PE"