"id";"data_inversa";"dia_semana";"horario";"uf";"br";"km";"municipio";"causa_acidente";"tipo_acidente";"classificacao_acidente";"fase_dia";"sentido_via";"condicao_metereologica";"tipo_pista";"tracado_via";"uso_solo";"pessoas";"mortos";"feridos_leves";"feridos_graves";"ilesos";"ignorados";"feridos";"veiculos";"latitude";"longitude";"regional";"delegacia";"uop"
489110;2022-11-19;"sábado";"18:00:00";"MG";153;66,9;"MONTE ALEGRE DE MINAS";"Objeto estático sobre o leito carroçável";"Saída de leito carroçável";"Com Vítimas Feridas";"Anoitecer";"Crescente";"Céu Claro";"Dupla";"Reta";"Não";2;0;1;0;0;2;1;3;-18,9435501;-49,02560333;"SPRF-MG";"DEL15-MG";"UOP03-DEL15-MG"
489111;2022-11-23;"quarta-feira";"23:00:00";"GO";60;4,6;"SANTO ANTONIO DO DESCOBERTO";"Demais falhas mecânicas ou elétricas";"Tombamento";"Com Vítimas Feridas";"Plena Noite";"Crescente";"Chuva";"Dupla";"Ponte";"Não";2;0;1;0;0;2;1;3;-16,089891;-48,27487;"SPRF-DF";"DEL03-DF";"UOP01-DEL03-DF"
489117;2022-11-27;"domingo";"08:30:00";"MA";316;600;"TIMON";"Avarias e/ou desgaste excessivo no pneu";"Colisão frontal";"Com Vítimas Feridas";"Pleno dia";"Decrescente";"Nublado";"Simples";"Reta";"Não";4;0;1;0;2;1;1;3;-5,024982;-42,954735;"SPRF-MA";"DEL03-MA";"UOP02-DEL03-MA"
489118;2022-11-27;"domingo";"11:00:00";"MS";163;149;"NAVIRAI";"Demais falhas mecânicas ou elétricas";"Incêndio";"Com Vítimas Feridas";"Pleno dia";"Decrescente";"Céu Claro";"Simples";"Aclive";"Não";2;0;1;0;0;1;1;2;-22,96919073;-54,42187272;"SPRF-MS";"DEL09-MS";"UOP01-DEL09-MS"
489121;2022-11-24;"quinta-feira";"04:45:00";"MG";381;526,5;"BRUMADINHO";"Problema na suspensão";"Tombamento";"Com Vítimas Feridas";"Amanhecer";"Crescente";"Nublado";"Dupla";"Curva";"Não";4;0;1;0;2;1;1;4;-20,16175378;-44,34144636;"SPRF-MG";"DEL04-MG";"UOP03-DEL04-MG"
489124;2022-11-21;"segunda-feira";"23:15:00";"GO";20;19;"FORMOSA";"Iluminação deficiente";"Colisão traseira";"Com Vítimas Feridas";"Plena Noite";"Crescente";"Céu Claro";"Dupla";"Declive";"Não";2;0;0;1;1;0;1;2;-15,553887;-47,18708;"SPRF-DF";"DEL02-DF";"UOP02-DEL02-DF"
489129;2022-11-27;"domingo";"12:50:00";"PR";116;0,5;"CAMPINA GRANDE DO SUL";"Pista Escorregadia";"Colisão lateral mesmo sentido";"Com Vítimas Fatais";"Pleno dia";"Decrescente";"Chuva";"Dupla";"Declive;Reta";"Não";4;2;0;1;1;0;1;2;-25,0604;-48,562973;"SPRF-PR";"DEL01-PR";"UOP02-DEL01-PR"
489133;2022-11-23;"quarta-feira";"14:10:00";"SC";101;3,9;"GARUVA";"Condutor Dormindo";"Saída de leito carroçável";"Com Vítimas Feridas";"Pleno dia";"Decrescente";"Chuva";"Dupla";"Curva";"Não";2;0;0;1;0;2;1;3;-26,00380807;-48,87233005;"SPRF-SC";"DEL03-SC";"UOP01-DEL03-SC"
489140;2022-11-27;"domingo";"13:22:00";"PR";116;42;"CAMPINA GRANDE DO SUL";"Reação tardia ou ineficiente do condutor";"Colisão com objeto";"Com Vítimas Feridas";"Pleno dia";"Crescente";"Chuva";"Dupla";"Curva";"Não";2;0;0;1;0;1;1;2;-25,17841203;-48,87949347;"SPRF-PR";"DEL01-PR";"UOP02-DEL01-PR"
489150;2022-11-27;"domingo";"14:40:00";"BA";116;921,5;"ENCRUZILHADA";"Reação tardia ou ineficiente do condutor";"Saída de leito carroçável";"Com Vítimas Fatais";"Pleno dia";"Decrescente";"Nublado";"Simples";"Curva";"Não";2;1;0;0;0;1;0;2;-15,523232;-41,243477;"SPRF-BA";"DEL08-BA";"UOP03-DEL08-BA"
489153;2022-11-27;"domingo";"14:40:00";"MT";364;443;"VARZEA GRANDE";"Ultrapassagem Indevida";"Colisão frontal";"Com Vítimas Feridas";"Pleno dia";"Crescente";"Céu Claro";"Simples";"Reta";"Não";14;0;10;1;2;3;11;8;-15,59133442;-56,23223305;"SPRF-MT";"DEL01-MT";"UOP02-DEL01-MT"
489154;2022-11-23;"quarta-feira";"14:47:00";"BA";101;638;"ITAPEBI";"Pista Escorregadia";"Atropelamento de Pedestre";"Com Vítimas Fatais";"Pleno dia";"Decrescente";"Chuva";"Simples";"Reta";"Não";3;1;0;0;0;2;0;3;-15,93915304;-39,56123702;"SPRF-BA";"DEL05-BA";"UOP02-DEL05-BA"
489157;2022-11-23;"quarta-feira";"16:50:00";"MS";262;487;"ANASTACIO";"Carga excessiva e/ou mal acondicionada";"Tombamento";"Sem Vítimas";"Pleno dia";"Decrescente";"Céu Claro";"Dupla";"Rotatória";"Sim";1;0;0;0;1;0;0;1;-20,49896967;-55,78739397;"SPRF-MS";"DEL03-MS";"UOP01-DEL03-MS"
489158;2022-11-27;"domingo";"13:40:00";"PE";232;197;"SANHARO";"Condutor Dormindo";"Colisão frontal";"Com Vítimas Feridas";"Pleno dia";"Decrescente";"Céu Claro";"Simples";"Reta";"Sim";2;0;1;1;0;0;2;2;-8,36891793;-36,580362;"SPRF-PE";"DEL03-PE";"UOP02-DEL03-PE"
489161;2022-11-27;"domingo";"16:55:00";"ES";262;93;"DOMINGOS MARTINS";"Transitar na contramão";"Colisão frontal";"Com Vítimas Fatais";"Pleno dia";"Crescente";"Chuva";"Simples";"Reta";"Não";3;1;0;0;1;1;0;3;-20,37908136;-41,05047852;"SPRF-ES";"DEL01-ES";"UOP02-DEL01-ES"
489164;2022-11-23;"quarta-feira";"19:00:00";"GO";153;654,1;"GOIATUBA";"Problema com o freio";"Colisão traseira";"Com Vítimas Feridas";"Plena Noite";"Decrescente";"Nevoeiro/Neblina";"Dupla";"Aclive";"Não";2;0;1;0;1;0;1;2;-18,0012;-49,2623;"SPRF-GO";"DEL03-GO";"UOP01-DEL03-GO"
489167;2022-11-27;"domingo";"14:15:00";"MG";116;775,8;"LEOPOLDINA";"Reação tardia ou ineficiente do condutor";"Tombamento";"Com Vítimas Feridas";"Pleno dia";"Decrescente";"Céu Claro";"Simples";"Reta";"Não";2;0;1;0;0;1;1;2;-21,59023796;-42,68715187;"SPRF-MG";"DEL07-MG";"UOP01-DEL07-MG"
489178;2022-11-25;"sexta-feira";"02:05:00";"MG";116;749,5;"LEOPOLDINA";"Velocidade Incompatível";"Derramamento de carga";"Sem Vítimas";"Plena Noite";"Crescente";"Nublado";"Simples";"Curva";"Não";2;0;0;0;1;1;0;2;-21,44738715;-42,54573392;"SPRF-MG";"DEL07-MG";"UOP01-DEL07-MG"
489179;2022-11-22;"terça-feira";"19:00:00";"BA";324;612;"SALVADOR";"Condutor deixou de manter distância do veículo da frente";"Colisão traseira";"Com Vítimas Feridas";"Plena Noite";"Crescente";"Céu Claro";"Dupla";"Reta";"Sim";2;0;1;0;1;0;1;2;-12,84664721;-38,41741648;"SPRF-BA";"DEL01-BA";"UOP01-DEL01-BA"
489183;2022-11-27;"domingo";"17:20:00";"SC";282;55;"AGUAS MORNAS";"Pista Escorregadia";"Colisão lateral sentido oposto";"Com Vítimas Feridas";"Pleno dia";"Crescente";"Chuva";"Simples";"Curva";"Não";2;0;1;0;1;0;1;2;-27,689514;-48,982376;"SPRF-SC";"DEL01-SC";"UOP03-DEL01-SC"
489189;2022-11-27;"domingo";"17:30:00";"PI";316;3,7;"TERESINA";"Transitar na contramão";"Colisão transversal";"Com Vítimas Feridas";"Anoitecer";"Crescente";"Céu Claro";"Dupla";"Reta";"Não";2;0;1;0;0;1;1;2;-5,12826443;-42,79292384;"SPRF-PI";"DEL01-PI";"UOP02-DEL01-PI"
489191;2022-11-27;"domingo";"18:20:00";"RS";290;99,2;"PORTO ALEGRE";"Manobra de mudança de faixa";"Colisão lateral mesmo sentido";"Com Vítimas Feridas";"Pleno dia";"Decrescente";"Céu Claro";"Dupla";"Reta";"Sim";3;0;2;0;1;0;2;2;-29,99022768;-51,23194098;"SPRF-RS";"DEL01-RS";"UOP01-DEL01-RS"
489195;2022-11-27;"domingo";"17:00:00";"RO";364;216;"PIMENTA BUENO";"Ingestão de álcool pelo condutor";"Colisão transversal";"Sem Vítimas";"Anoitecer";"Crescente";"Garoa/Chuvisco";"Simples";"Reta";"Não";4;0;0;0;3;1;0;3;-11,55310568;-61,29357762;"SPRF-RO";"DEL02-RO";"UOP02-DEL02-RO"
489202;2022-11-07;"segunda-feira";"15:00:00";"BA";116;777;"PLANALTO";"Entrada inopinada do pedestre";"Atropelamento de Pedestre";"Com Vítimas Feridas";"Pleno dia";"Crescente";"Céu Claro";"Simples";"Reta";"Sim";2;0;1;0;1;0;1;2;-14,607391;-40,44086601;"SPRF-BA";"DEL08-BA";"UOP02-DEL08-BA"
489217;2022-11-27;"domingo";"19:30:00";"PE";232;10;"JABOATAO DOS GUARARAPES";"Ingestão de álcool pelo condutor";"Tombamento";"Sem Vítimas";"Plena Noite";"Decrescente";"Céu Claro";"Dupla";"Curva";"Sim";1;0;0;0;1;0;0;1;-8,07895;-34,984069;"SPRF-PE";"DEL01-PE";"UOP01-DEL01-PE"
489218;2022-11-27;"domingo";"17:40:00";"GO";153;633,3;"MORRINHOS";"Chuva";"Saída de leito carroçável";"Com Vítimas Fatais";"Anoitecer";"Crescente";"Chuva";"Dupla";"Reta";"Não";4;1;2;0;0;1;2;3;-17,8191;-49,2117;"SPRF-GO";"DEL03-GO";"UOP01-DEL03-GO"
489222;2022-11-27;"domingo";"19:45:00";"MT";70;516,6;"VARZEA GRANDE";"Manobra de mudança de faixa";"Colisão frontal";"Com Vítimas Feridas";"Plena Noite";"Decrescente";"Céu Claro";"Simples";"Reta";"Sim";5;0;1;1;2;1;2;4;-15,70205869;-56,15671277;"SPRF-MT";"DEL01-MT";"UOP02-DEL01-MT"
489228;2022-11-27;"domingo";"21:30:00";"AL";316;245;"ATALAIA";"Ingestão de álcool pelo condutor";"Colisão traseira";"Com Vítimas Feridas";"Plena Noite";"Crescente";"Céu Claro";"Simples";"Reta";"Não";4;0;0;1;2;1;1;4;-9,51787134;-35,99989354;"SPRF-AL";"DEL01-AL";"UOP01-DEL01-AL"
489234;2022-11-27;"domingo";"21:30:00";"CE";230;43;"LAVRAS DA MANGABEIRA";"Transitar na contramão";"Colisão frontal";"Com Vítimas Feridas";"Plena Noite";"Crescente";"Céu Claro";"Simples";"Em Obras;Curva";"Não";2;0;0;1;1;0;1;2;-6,76544;-38,998717;"SPRF-CE";"DEL05-CE";"UOP01-DEL05-CE"
489236;2022-11-27;"domingo";"21:20:00";"MA";135;4;"SAO LUIS";"Manobra de mudança de faixa";"Colisão lateral mesmo sentido";"Com Vítimas Feridas";"Plena Noite";"Decrescente";"Céu Claro";"Simples";"Reta";"Sim";3;0;2;0;1;0;2;2;-2,614;-44,258;"SPRF-MA";"DEL01-MA";"UOP01-DEL01-MA"
489237;2022-11-27;"domingo";"20:20:00";"MT";364;1131;"SAPEZAL";"Ultrapassagem Indevida";"Colisão frontal";"Com Vítimas Feridas";"Plena Noite";"Crescente";"Céu Claro";"Simples";"Reta";"Não";7;0;1;1;4;3;2;6;-13,532279;-58,917051;"SPRF-MT";"DEL04-MT";"UOP01-DEL04-MT"
489239;2022-11-27;"domingo";"22:05:00";"ES";101;338,8;"GUARAPARI";"Chuva";"Colisão frontal";"Com Vítimas Feridas";"Plena Noite";"Crescente";"Chuva";"Simples";"Curva";"Não";6;0;1;3;1;1;4;3;-20,64347205;-40,55826601;"SPRF-ES";"DEL03-ES";"UOP01-DEL03-ES"
489241;2022-11-27;"domingo";"20:00:00";"PB";230;370;"MALTA";"Ausência de reação do condutor";"Colisão frontal";"Com Vítimas Fatais";"Plena Noite";"Crescente";"Céu Claro";"Simples";"Reta";"Não";3;1;2;0;0;0;2;2;-6,908284;-37,55525774;"SPRF-PB";"DEL03-PB";"UOP02-DEL03-PB"
489245;2022-11-27;"domingo";"18:35:00";"BA";407;61;"JAGUARARI";"Transitar na contramão";"Colisão frontal";"Com Vítimas Feridas";"Plena Noite";"Crescente";"Nublado";"Simples";"Reta";"Não";2;0;1;1;0;0;2;2;-9,90335008;-40,27153816;"SPRF-BA";"DEL04-BA";"UOP01-DEL04-BA"
489247;2022-11-27;"domingo";"17:50:00";"RS";386;80,4;"BOA VISTA DAS MISSOES";"Velocidade Incompatível";"Tombamento";"Com Vítimas Feridas";"Pleno dia";"Crescente";"Nublado";"Simples";"Curva";"Não";2;0;1;0;0;1;1;2;-27,71438192;-53,26798439;"SPRF-RS";"DEL08-RS";"UOP02-DEL08-RS"
489252;2022-11-27;"domingo";"21:15:00";"SC";470;139,9;"RIO DO SUL";"Acessar a via sem observar a presença dos outros veículos";"Colisão traseira";"Sem Vítimas";"Plena Noite";"Crescente";"Chuva";"Dupla";"Reta";"Sim";2;0;0;0;2;0;0;2;-27,201712;-49,633815;"SPRF-SC";"DEL04-SC";"UOP02-DEL04-SC"
489256;2022-11-27;"domingo";"22:50:00";"PB";230;462,8;"SOUSA";"Pedestre andava na pista";"Atropelamento de Pedestre";"Com Vítimas Fatais";"Plena Noite";"Crescente";"Céu Claro";"Simples";"Reta";"Sim";2;1;0;0;0;1;0;2;-6,7768;-38,215;"SPRF-PB";"DEL03-PB";"UOP03-DEL03-PB"
489266;2022-11-27;"domingo";"21:15:00";"SC";116;74,1;"MONTE CASTELO";"Entrada inopinada do pedestre";"Atropelamento de Pedestre";"Com Vítimas Fatais";"Plena Noite";"Decrescente";"Chuva";"Simples";"Curva";"Não";3;1;0;0;1;1;0;3;-26,50510886;-50,23328349;"SPRF-SC";"DEL06-SC";"UOP02-DEL06-SC"
489267;2022-11-27;"domingo";"22:19:00";"PB";101;75;"SANTA RITA";"Velocidade Incompatível";"Tombamento";"Com Vítimas Feridas";"Plena Noite";"Crescente";"Céu Claro";"Dupla";"Declive;Curva";"Não";1;0;1;0;0;0;1;1;-7,08342296;-34,97202399;"SPRF-PB";"DEL01-PB";"UOP04-DEL01-PB"
489271;2022-11-28;"segunda-feira";"01:43:00";"PE";232;13,9;"JABOATAO DOS GUARARAPES";"Ausência de reação do condutor";"Saída de leito carroçável";"Com Vítimas Feridas";"Plena Noite";"Decrescente";"Céu Claro";"Dupla";"Reta";"Sim";1;0;1;0;0;0;1;1;-8,090449;-35,020409;"SPRF-PE";"DEL01-PE";"UOP01-DEL01-PE"
489274;2022-11-28;"segunda-feira";"01:30:00";"CE";226;33,6;"PEREIRO";"Reação tardia ou ineficiente do condutor";"Derramamento de carga";"Sem Vítimas";"Plena Noite";"Decrescente";"Céu Claro";"Simples";"Curva;Aclive";"Não";2;0;0;0;1;2;0;3;-6,036696;-38,509507;"SPRF-CE";"DEL05-CE";"UOP02-DEL05-CE"
489278;2022-11-27;"domingo";"23:00:00";"PI";230;193;"OEIRAS";"Manobra de mudança de faixa";"Colisão lateral sentido oposto";"Com Vítimas Feridas";"Plena Noite";"Decrescente";"Garoa/Chuvisco";"Simples";"Reta";"Sim";2;0;1;1;0;0;2;2;-6,99024993;-42,09712204;"SPRF-PI";"DEL04-PI";"UOP01-DEL04-PI"
489282;2022-11-28;"segunda-feira";"06:42:00";"SP";116;193;"ARUJA";"Falta de elemento de contenção que evite a saída do leito carroçável";"Saída de leito carroçável";"Com Vítimas Feridas";"Pleno dia";"Decrescente";"Chuva";"Dupla";"Reta";"Não";1;0;1;0;0;0;1;1;-23,38346119;-46,26407829;"SPRF-SP";"DEL01-SP";"NPF/DEL01-SP"
489283;2022-11-28;"segunda-feira";"05:55:00";"PE";101;7;"GOIANA";"Ausência de reação do condutor";"Colisão traseira";"Com Vítimas Feridas";"Pleno dia";"Decrescente";"Céu Claro";"Múltipla";"Reta";"Sim";9;0;8;0;1;0;8;2;-7,55997111;-34,99072674;"SPRF-PE";"DEL01-PE";"UOP02-DEL01-PE"
489285;2022-11-28;"segunda-feira";"06:23:00";"MT";70;76;"GENERAL CARNEIRO";"Reação tardia ou ineficiente do condutor";"Saída de leito carroçável";"Com Vítimas Feridas";"Amanhecer";"Crescente";"Céu Claro";"Simples";"Curva";"Não";3;0;1;0;1;1;1;2;-15,6709738;-52,80235291;"SPRF-MT";"DEL07-MT";"UOP01-DEL07-MT"
489287;2022-11-21;"segunda-feira";"09:20:00";"MT";70;524;"VARZEA GRANDE";"Manobra de mudança de faixa";"Colisão lateral mesmo sentido";"Sem Vítimas";"Pleno dia";"Decrescente";"Sol";"Simples";"Rotatória";"Sim";3;0;0;0;2;1;0;3;-15,649207;-56,19486;"SPRF-MT";"DEL01-MT";"UOP02-DEL01-MT"
489292;2022-11-27;"domingo";"22:40:00";"MG";365;19,2;"MONTES CLAROS";"Velocidade Incompatível";"Saída de leito carroçável";"Com Vítimas Feridas";"Plena Noite";"Crescente";"Chuva";"Simples";"Reta";"Não";5;0;3;1;0;1;4;2;-16,8754229;-44,01143194;"SPRF-MG";"DEL12-MG";"UOP01-DEL12-MG"
489295;2022-11-22;"terça-feira";"19:00:00";"SC";101;379,7;"ICARA";"Reação tardia ou ineficiente do condutor";"Colisão transversal";"Com Vítimas Feridas";"Plena Noite";"Crescente";"Garoa/Chuvisco";"Múltipla";"Reta";"Sim";3;0;1;0;1;1;1;3;-28,74651646;-49,2599038;"SPRF-SC";"DEL02-SC";"UOP02-DEL02-SC"
489299;2022-11-24;"quinta-feira";"19:40:00";"MT";364;267;"JACIARA";"Pista esburacada";"Engavetamento";"Com Vítimas Feridas";"Plena Noite";"Decrescente";"Céu Claro";"Dupla";"Reta";"Não";4;0;1;0;2;2;1;5;-15,9882532;-54,92679723;"SPRF-MT";"DEL02-MT";"UOP01-DEL02-MT"
489310;2022-11-21;"segunda-feira";"06:05:00";"MG";40;507,1;"RIBEIRAO DAS NEVES";"Manobra de mudança de faixa";"Colisão lateral mesmo sentido";"Sem Vítimas";"Pleno dia";"Decrescente";"Céu Claro";"Dupla";"Reta";"Sim";4;0;0;0;3;2;0;4;-19,75431705;-44,14152606;"SPRF-MG";"DEL02-MG";"UOP01-DEL02-MG"
489312;2022-11-28;"segunda-feira";"08:00:00";"RS";285;299,9;"PASSO FUNDO";"Desrespeitar a preferência no cruzamento";"Queda de ocupante de veículo";"Com Vítimas Feridas";"Pleno dia";"Decrescente";"Sol";"Simples";"Interseção de Vias";"Sim";3;0;1;0;1;2;1;4;-28,234184;-52,43314;"SPRF-RS";"DEL08-RS";"UOP03-DEL08-RS"
489313;2022-11-16;"quarta-feira";"08:50:00";"RS";386;350,1;"ESTRELA";"Manobra de mudança de faixa";"Colisão lateral mesmo sentido";"Com Vítimas Feridas";"Pleno dia";"Crescente";"Céu Claro";"Dupla";"Reta";"Sim";3;0;0;1;2;0;1;2;-29,4743;-51,952923;"SPRF-RS";"DEL04-RS";"UOP02-DEL04-RS"
489316;2022-11-28;"segunda-feira";"07:30:00";"PA";10;247,6;"AURORA DO PARA";"Afundamento ou ondulação no pavimento";"Colisão frontal";"Com Vítimas Fatais";"Pleno dia";"Crescente";"Céu Claro";"Simples";"Reta";"Não";4;1;0;0;1;2;0;4;-2,27678601;-47,56327175;"SPRF-PA";"DEL02-PA";"UOP01-DEL02-PA"
489317;2022-11-28;"segunda-feira";"08:00:00";"PR";277;257,8;"IRATI";"Ausência de reação do condutor";"Colisão traseira";"Com Vítimas Fatais";"Pleno dia";"Decrescente";"Nublado";"Simples";"Aclive";"Não";2;1;0;0;1;0;0;2;-25,436883;-50,715778;"SPRF-PR";"DEL08-PR";"UOP02-DEL08-PR"
489319;2022-11-27;"domingo";"19:50:00";"MT";158;365,6;"BOM JESUS DO ARAGUAIA";"Reação tardia ou ineficiente do condutor";"Tombamento";"Com Vítimas Feridas";"Plena Noite";"Crescente";"Céu Claro";"Simples";"Curva";"Não";2;0;1;0;0;1;1;2;-12,46215394;-51,75832278;"SPRF-MT";"DEL07-MT";"UOP02-DEL07-MT"
489324;2022-11-21;"segunda-feira";"02:15:00";"RS";470;194;"BENTO GONCALVES";"Velocidade Incompatível";"Colisão frontal";"Com Vítimas Feridas";"Plena Noite";"Decrescente";"Céu Claro";"Simples";"Declive;Curva";"Não";3;0;2;0;1;0;2;2;-29,05068399;-51,57438029;"SPRF-RS";"DEL06-RS";"UOP02-DEL06-RS"
489335;2022-11-23;"quarta-feira";"17:30:00";"MS";262;368;"TERENOS";"Entrada inopinada do pedestre";"Atropelamento de Pedestre";"Com Vítimas Fatais";"Anoitecer";"Decrescente";"Céu Claro";"Simples";"Reta";"Sim";3;1;0;0;1;2;0;4;-20,47852447;-54,76010297;"SPRF-MS";"DEL01-MS";"UOP03-DEL01-MS"
489342;2022-11-28;"segunda-feira";"07:20:00";"AL";316;268;"SATUBA";"Ausência de reação do condutor";"Colisão frontal";"Com Vítimas Feridas";"Pleno dia";"Decrescente";"Nublado";"Simples";"Ponte";"Não";3;0;1;0;1;2;1;4;-9,58021969;-35,83876014;"SPRF-AL";"DEL02-AL";"UOP01-DEL02-AL"
489348;2022-11-24;"quinta-feira";"13:30:00";"PR";376;246;"APUCARANA";"Reação tardia ou ineficiente do condutor";"Colisão traseira";"Com Vítimas Feridas";"Pleno dia";"Decrescente";"Céu Claro";"Dupla";"Reta";"Sim";4;0;2;0;2;0;2;3;-23,5887017;-51,4129482;"SPRF-PR";"DEL07-PR";"UOP03-DEL07-PR"
489352;2022-11-25;"sexta-feira";"00:00:00";"PR";277;144;"BALSA NOVA";"Ausência de reação do condutor";"Saída de leito carroçável";"Com Vítimas Fatais";"Plena Noite";"Crescente";"Céu Claro";"Simples";"Declive";"Não";2;1;0;0;0;1;0;2;-25,465893;-49,766626;"SPRF-PR";"DEL03-PR";"UOP03-DEL03-PR"
489353;2022-11-21;"segunda-feira";"15:15:00";"PE";408;84;"PAUDALHO";"Reação tardia ou ineficiente do condutor";"Saída de leito carroçável";"Com Vítimas Feridas";"Pleno dia";"Crescente";"Céu Claro";"Dupla";"Curva";"Não";2;0;1;0;0;1;1;2;-7,95123498;-35,10915987;"SPRF-PE";"DEL01-PE";"UOP01-DEL01-PE"
489373;2022-11-28;"segunda-feira";"11:09:00";"RJ";40;109;"DUQUE DE CAXIAS";"Manobra de mudança de faixa";"Colisão lateral mesmo sentido";"Sem Vítimas";"Pleno dia";"Crescente";"Sol";"Múltipla";"Reta";"Sim";2;0;0;0;2;0;0;2;-22,67374628;-43,28638368;"SPRF-RJ";"DEL01-RJ";"UOP01-DEL01-RJ"
489374;2022-11-27;"domingo";"14:10:00";"PA";163;362;"NOVO PROGRESSO";"Ausência de reação do condutor";"Colisão frontal";"Com Vítimas Feridas";"Pleno dia";"Crescente";"Chuva";"Simples";"Declive;Curva";"Não";7;0;4;1;1;1;5;3;-6,62063994;-55,50139215;"SPRF-PA";"DEL05-PA";"UOP01-DEL05-PA"
489379;2022-10-27;"quinta-feira";"12:45:00";"PR";163;30;"SANTO ANTONIO DO SUDOESTE";"Pista esburacada";"Saída de leito carroçável";"Sem Vítimas";"Pleno dia";"Decrescente";"Sol";"Simples";"Aclive";"Não";2;0;0;0;1;3;0;4;-26,13618179;-53,68172121;"SPRF-PR";"DEL02-PR";"UOP02-DEL02-PR"
489393;2022-11-28;"segunda-feira";"12:30:00";"RS";386;325;"MARQUES DE SOUZA";"Acessar a via sem observar a presença dos outros veículos";"Colisão transversal";"Com Vítimas Feridas";"Pleno dia";"Crescente";"Céu Claro";"Simples";"Reta";"Sim";6;0;4;0;1;1;4;3;-29,318314;-52,104053;"SPRF-RS";"DEL04-RS";"UOP01-DEL04-RS"
489397;2022-11-28;"segunda-feira";"12:30:00";"SP";116;224;"GUARULHOS";"Ingestão de álcool pelo condutor";"Colisão lateral mesmo sentido";"Com Vítimas Feridas";"Pleno dia";"Crescente";"Nublado";"Múltipla";"Reta";"Sim";7;0;3;0;3;1;3;5;-23,48071896;-46,53271603;"SPRF-SP";"DEL01-SP";"UOP01-DEL01-SP"
489400;2022-11-28;"segunda-feira";"10:00:00";"RJ";116;171;"RIO DE JANEIRO";"Acessar a via sem observar a presença dos outros veículos";"Colisão com objeto";"Com Vítimas Feridas";"Pleno dia";"Decrescente";"Nublado";"Dupla";"Reta";"Sim";2;0;1;0;0;1;1;2;-22,81113183;-43,3336729;"SPRF-RJ";"DEL01-RJ";"UOP02-DEL01-RJ"
489403;2022-11-28;"segunda-feira";"12:00:00";"MS";163;530,5;"JARAGUARI";"Velocidade Incompatível";"Colisão traseira";"Com Vítimas Feridas";"Pleno dia";"Decrescente";"Chuva";"Simples";"Reta";"Não";3;0;0;1;1;1;1;3;-20,07707647;-54,42883894;"SPRF-MS";"DEL01-MS";"UOP02-DEL01-MS"
489405;2022-11-28;"segunda-feira";"12:20:00";"SC";280;246,1;"CANOINHAS";"Entrada inopinada do pedestre";"Atropelamento de Pedestre";"Com Vítimas Feridas";"Pleno dia";"Crescente";"Nublado";"Simples";"Reta";"Não";4;0;1;0;0;3;1;2;-26,24768921;-50,5033452;"SPRF-SC";"DEL06-SC";"UOP04-DEL06-SC"
489408;2022-11-23;"quarta-feira";"19:40:00";"PB";101;117;"CAAPORA";"Ingestão de álcool pelo condutor";"Colisão com objeto";"Com Vítimas Feridas";"Plena Noite";"Decrescente";"Céu Claro";"Dupla";"Declive";"Não";2;0;1;0;0;1;1;2;-7,41357983;-34,95743528;"SPRF-PB";"DEL01-PB";"UOP02-DEL01-PB"
489411;2022-11-28;"segunda-feira";"14:00:00";"RS";448;19;"PORTO ALEGRE";"Ausência de reação do condutor";"Colisão traseira";"Com Vítimas Feridas";"Pleno dia";"Decrescente";"Sol";"Múltipla";"Reta";"Não";2;0;1;0;1;0;1;2;-29,951647;-51,203125;"SPRF-RS";"DEL01-RS";"UOP01-DEL01-RS"
489415;2022-11-24;"quinta-feira";"08:00:00";"RS";116;222,4;"DOIS IRMAOS";"Acessar a via sem observar a presença dos outros veículos";"Colisão transversal";"Com Vítimas Feridas";"Pleno dia";"Decrescente";"Céu Claro";"Simples";"Reta";"Sim";2;0;1;0;1;0;1;2;-29,58147875;-51,09566867;"SPRF-RS";"DEL01-RS";"UOP02-DEL01-RS"
489418;2022-11-28;"segunda-feira";"12:00:00";"SP";116;165,4;"JACAREI";"Manobra de mudança de faixa";"Saída de leito carroçável";"Com Vítimas Feridas";"Pleno dia";"Crescente";"Nublado";"Dupla";"Aclive;Reta";"Não";2;0;1;0;0;1;1;2;-23,29779206;-46,00994825;"SPRF-SP";"DEL02-SP";"UOP01-DEL02-SP"
489424;2022-06-19;"domingo";"19:18:00";"GO";153;34;"PORANGATU";"Ingestão de álcool pelo condutor";"Colisão lateral sentido oposto";"Sem Vítimas";"Plena Noite";"Crescente";"Céu Claro";"Simples";"Reta";"Não";3;0;0;0;2;1;0;3;-13,120278;-49,199387;"SPRF-GO";"DEL07-GO";"UOP01-DEL07-GO"
489426;2022-09-26;"segunda-feira";"01:20:00";"RJ";101;98;"CAMPOS DOS GOYTACAZES";"Condutor Dormindo";"Saída de leito carroçável";"Sem Vítimas";"Plena Noite";"Decrescente";"Céu Claro";"Dupla";"Curva";"Não";2;0;0;0;1;1;0;2;-21,87578294;-41,57377702;"SPRF-RJ";"DEL08-RJ";"UOP02-DEL08-RJ"
489427;2022-11-28;"segunda-feira";"11:40:00";"RS";290;26;"SANTO ANTONIO DA PATRULHA";"Acessar a via sem observar a presença dos outros veículos";"Colisão lateral mesmo sentido";"Com Vítimas Feridas";"Pleno dia";"Decrescente";"Nublado";"Dupla";"Reta";"Não";4;0;1;1;1;1;2;3;-29,880135;-50,514297;"SPRF-RS";"DEL03-RS";"UOP01-DEL03-RS"
489429;2022-11-28;"segunda-feira";"14:15:00";"MG";40;281;"TRES MARIAS";"Ausência de reação do condutor";"Colisão lateral sentido oposto";"Sem Vítimas";"Pleno dia";"Decrescente";"Céu Claro";"Simples";"Reta";"Não";3;0;0;0;1;2;0;3;-18,24214561;-45,2080525;"SPRF-MG";"DEL14-MG";"UOP02-DEL14-MG"