"id";"data_inversa";"dia_semana";"horario";"uf";"br";"km";"municipio";"causa_acidente";"tipo_acidente";"classificacao_acidente";"fase_dia";"sentido_via";"condicao_metereologica";"tipo_pista";"tracado_via";"uso_solo";"pessoas";"mortos";"feridos_leves";"feridos_graves";"ilesos";"ignorados";"feridos";"veiculos";"latitude";"longitude";"regional";"delegacia";"uop"
489435;2022-11-13;"domingo";"00:45:00";"RS";290;5,2;"OSORIO";"Condutor Dormindo";"Colisão com objeto";"Sem Vítimas";"Plena Noite";"Crescente";"Céu Claro";"Dupla";"Reta";"Não";3;0;0;0;2;1;0;2;-29,896823;-50,326023;"SPRF-RS";"DEL03-RS";"UOP01-DEL03-RS"
489437;2022-11-20;"domingo";"22:00:00";"ES";101;253,3;"SERRA";"Transitar na contramão";"Colisão frontal";"Com Vítimas Fatais";"Plena Noite";"Crescente";"Garoa/Chuvisco";"Simples";"Reta";"Sim";5;2;0;1;1;1;1;3;-20,10336754;-40,33383553;"SPRF-ES";"DEL02-ES";"UOP01-DEL02-ES"
489440;2022-11-28;"segunda-feira";"14:10:00";"PR";277;114;"CAMPO LARGO";"Manobra de mudança de faixa";"Colisão frontal";"Com Vítimas Feridas";"Pleno dia";"Crescente";"Chuva";"Dupla";"Reta";"Sim";3;0;1;0;1;1;1;3;-25,42766575;-49,38724005;"SPRF-PR";"DEL03-PR";"UOP03-DEL03-PR"
489447;2022-11-28;"segunda-feira";"12:30:00";"BA";324;414,5;"RIACHAO DO JACUIPE";"Condutor Dormindo";"Colisão lateral sentido oposto";"Com Vítimas Feridas";"Pleno dia";"Crescente";"Céu Claro";"Simples";"Reta";"Não";5;0;4;0;1;0;4;2;-11,6689896;-39,56463563;"SPRF-BA";"DEL04-BA";"UOP02-DEL04-BA"
489451;2022-11-28;"segunda-feira";"12:30:00";"MG";251;469,1;"FRANCISCO SA";"Reação tardia ou ineficiente do condutor";"Tombamento";"Com Vítimas Feridas";"Pleno dia";"Crescente";"Chuva";"Simples";"Declive;Curva";"Não";1;0;1;0;0;0;1;1;-16,47846186;-43,41953476;"SPRF-MG";"DEL12-MG";"UOP01-DEL12-MG"
489454;2022-11-23;"quarta-feira";"05:25:00";"MS";163;682;"RIO VERDE DE MATO GROSSO";"Manobra de mudança de faixa";"Colisão frontal";"Com Vítimas Feridas";"Pleno dia";"Decrescente";"Céu Claro";"Simples";"Reta";"Sim";5;0;2;0;2;2;2;4;-18,90701005;-54,84077521;"SPRF-MS";"DEL06-MS";"UOP02-DEL06-MS"
489457;2022-11-28;"segunda-feira";"17:05:00";"SC";101;199,9;"SAO JOSE";"Reação tardia ou ineficiente do condutor";"Colisão traseira";"Com Vítimas Feridas";"Pleno dia";"Decrescente";"Garoa/Chuvisco";"Múltipla";"Declive";"Sim";2;0;0;1;0;1;1;2;-27,53413705;-48,63003205;"SPRF-SC";"DEL01-SC";"UOP01-DEL01-SC"
489463;2022-11-23;"quarta-feira";"08:10:00";"PR";376;172,3;"MARINGA";"Demais falhas na via";"Colisão com objeto";"Sem Vítimas";"Pleno dia";"Crescente";"Céu Claro";"Dupla";"Reta";"Sim";2;0;0;0;1;1;0;2;-23,4191001;-51,96816601;"SPRF-PR";"DEL09-PR";"UOP01-DEL09-PR"
489471;2022-11-22;"terça-feira";"09:09:00";"PR";277;451,3;"LARANJEIRAS DO SUL";"Desrespeitar a preferência no cruzamento";"Colisão transversal";"Com Vítimas Feridas";"Pleno dia";"Decrescente";"Nublado";"Simples";"Interseção de Vias;Reta;Declive";"Sim";3;0;0;1;1;2;1;4;-25,36888683;-52,3599691;"SPRF-PR";"DEL04-PR";"UOP02-DEL04-PR"
489472;2022-11-28;"segunda-feira";"17:40:00";"RS";290;0;"URUGUAIANA";"Acessar a via sem observar a presença dos outros veículos";"Colisão lateral mesmo sentido";"Sem Vítimas";"Pleno dia";"Crescente";"Céu Claro";"Simples";"Curva";"Sim";4;0;0;0;3;1;0;3;-29,766502;-57,058228;"SPRF-RS";"DEL13-RS";"UOP01-DEL13-RS"
489489;2022-11-28;"segunda-feira";"16:16:00";"GO";40;61;"CRISTALINA";"Demais falhas mecânicas ou elétricas";"Colisão lateral sentido oposto";"Com Vítimas Feridas";"Pleno dia";"Crescente";"Chuva";"Simples";"Declive";"Sim";3;0;1;0;1;1;1;3;-16,534451;-47,799907;"SPRF-DF";"DEL01-DF";"UOP02-DEL01-DF"
489491;2022-11-28;"segunda-feira";"18:45:00";"SP";116;326;"JUQUITIBA";"Pista Escorregadia";"Colisão lateral mesmo sentido";"Com Vítimas Feridas";"Anoitecer";"Decrescente";"Chuva";"Dupla";"Curva";"Sim";3;0;1;0;2;0;1;2;-23,93901304;-47,06241203;"SPRF-SP";"DEL04-SP";"UOP03-DEL04-SP"
489498;2022-11-28;"segunda-feira";"20:19:00";"PR";277;137;"BALSA NOVA";"Reação tardia ou ineficiente do condutor";"Colisão transversal";"Com Vítimas Feridas";"Plena Noite";"Crescente";"Chuva";"Dupla";"Curva";"Não";5;0;1;2;1;1;3;3;-25,47334321;-49,65957642;"SPRF-PR";"DEL03-PR";"UOP03-DEL03-PR"
489503;2022-11-28;"segunda-feira";"19:45:00";"MG";267;140;"JUIZ DE FORA";"Acessar a via sem observar a presença dos outros veículos";"Colisão transversal";"Com Vítimas Feridas";"Plena Noite";"Crescente";"Chuva";"Simples";"Reta";"Não";2;0;0;1;1;0;1;2;-21,79894313;-43,68684497;"SPRF-MG";"DEL05-MG";"UOP01-DEL05-MG"
489504;2022-11-28;"segunda-feira";"13:00:00";"MA";230;206,2;"SAO DOMINGOS DO AZEITAO";"Ausência de reação do condutor";"Colisão traseira";"Com Vítimas Feridas";"Pleno dia";"Crescente";"Chuva";"Dupla";"Reta";"Não";5;0;1;2;1;3;3;5;-6,8178762;-44,58929802;"SPRF-MA";"DEL05-MA";"UOP01-DEL05-MA"
489507;2022-11-28;"segunda-feira";"21:30:00";"RS";285;23,8;"SAO JOSE DOS AUSENTES";"Reação tardia ou ineficiente do condutor";"Saída de leito carroçável";"Com Vítimas Feridas";"Plena Noite";"Crescente";"Chuva";"Simples";"Reta";"Não";7;0;5;0;2;0;5;2;-28,732016;-50,120724;"SPRF-RS";"DEL05-RS";"UOP03-DEL05-RS"
489515;2022-11-28;"segunda-feira";"10:00:00";"BA";410;27;"TUCANO";"Demais falhas mecânicas ou elétricas";"Incêndio";"Sem Vítimas";"Pleno dia";"Decrescente";"Chuva";"Simples";"Reta;Aclive";"Não";2;0;0;0;1;1;0;2;-10,95142068;-38,73229015;"SPRF-BA";"DEL07-BA";"UOP02-DEL07-BA"
489516;2022-11-28;"segunda-feira";"20:00:00";"RO";319;58;"PORTO VELHO";"Acessar a via sem observar a presença dos outros veículos";"Colisão transversal";"Sem Vítimas";"Plena Noite";"Crescente";"Céu Claro";"Dupla";"Interseção de Vias";"Não";2;0;0;0;1;1;0;2;-8,739714;-63,93214024;"SPRF-RO";"DEL01-RO";"UOP01-DEL01-RO"
489520;2022-11-28;"segunda-feira";"22:00:00";"BA";116;524;"ITATIM";"Ausência de reação do condutor";"Tombamento";"Com Vítimas Feridas";"Plena Noite";"Decrescente";"Nublado";"Simples";"Curva";"Não";2;0;1;0;0;1;1;2;-12,70024334;-39,71218183;"SPRF-BA";"DEL03-BA";"UOP02-DEL03-BA"
489524;2022-11-28;"segunda-feira";"09:40:00";"PR";376;323;"ORTIGUEIRA";"Velocidade Incompatível";"Tombamento";"Com Vítimas Feridas";"Pleno dia";"Crescente";"Céu Claro";"Simples";"Curva";"Não";2;0;1;0;0;1;1;2;-24,04286;-51,07698;"SPRF-PR";"DEL07-PR";"UOP02-DEL07-PR"
489528;2022-11-28;"segunda-feira";"23:10:00";"MG";381;893,6;"CAMBUI";"Problema com o freio";"Incêndio";"Sem Vítimas";"Plena Noite";"Decrescente";"Nublado";"Dupla";"Reta";"Não";1;0;0;0;1;0;0;1;-22,6103125;-46,0623465;"SPRF-MG";"DEL16-MG";"UOP03-DEL16-MG"
489533;2022-11-28;"segunda-feira";"23:30:00";"GO";158;65;"BOM JARDIM DE GOIAS";"Reação tardia ou ineficiente do condutor";"Tombamento";"Com Vítimas Feridas";"Plena Noite";"Decrescente";"Céu Claro";"Simples";"Aclive;Reta";"Não";1;0;1;0;0;0;1;1;-16,306065;-51,95834;"SPRF-GO";"DEL04-GO";"UOP02-DEL04-GO"
489537;2022-11-29;"terça-feira";"00:30:00";"RJ";101;203;"CASIMIRO DE ABREU";"Condutor Dormindo";"Colisão com objeto";"Sem Vítimas";"Plena Noite";"Decrescente";"Céu Claro";"Dupla";"Desvio Temporário";"Não";1;0;0;0;1;0;0;1;-22,47557761;-42,17219006;"SPRF-RJ";"DEL08-RJ";"UOP04-DEL08-RJ"
489538;2022-11-28;"segunda-feira";"23:00:00";"PE";232;173,3;"BELO JARDIM";"Ausência de reação do condutor";"Saída de leito carroçável";"Com Vítimas Feridas";"Plena Noite";"Crescente";"Nublado";"Simples";"Reta";"Não";1;0;0;1;0;0;1;1;-8,33916255;-36,36917103;"SPRF-PE";"DEL03-PE";"UOP02-DEL03-PE"
489544;2022-11-29;"terça-feira";"02:15:00";"SP";116;469,8;"JACUPIRANGA";"Demais falhas mecânicas ou elétricas";"Eventos atípicos";"Com Vítimas Feridas";"Plena Noite";"Crescente";"Chuva";"Dupla";"Reta";"Não";2;0;0;1;0;1;1;2;-24,65092046;-47,94065092;"SPRF-SP";"DEL05-SP";"UOP01-DEL05-SP"
489546;2022-11-29;"terça-feira";"04:00:00";"SP";116;109;"TAUBATE";"Pedestre andava na pista";"Atropelamento de Pedestre";"Com Vítimas Fatais";"Plena Noite";"Crescente";"Céu Claro";"Dupla";"Reta";"Sim";2;1;0;0;1;0;0;2;-23,02871304;-45,54517097;"SPRF-SP";"DEL02-SP";"UOP02-DEL02-SP"
489551;2022-11-28;"segunda-feira";"22:30:00";"RJ";101;382;"RIO DE JANEIRO";"Ausência de reação do condutor";"Colisão traseira";"Com Vítimas Fatais";"Plena Noite";"Decrescente";"Céu Claro";"Dupla";"Aclive";"Não";3;1;0;0;1;1;0;3;-22,87265669;-43,60655915;"SPRF-RJ";"DEL03-RJ";"UOP01-DEL03-RJ"
489552;2022-11-20;"domingo";"20:50:00";"SC";163;69;"SAO MIGUEL DO OESTE";"Manobra de mudança de faixa";"Colisão lateral mesmo sentido";"Sem Vítimas";"Plena Noite";"Decrescente";"Céu Claro";"Dupla";"Reta";"Sim";3;0;0;0;2;1;0;3;-26,74132699;-53,50120591;"SPRF-SC";"DEL07-SC";"UOP03-DEL07-SC"
489555;2022-11-28;"segunda-feira";"06:30:00";"BA";116;189;"CANUDOS";"Ausência de reação do condutor";"Colisão traseira";"Com Vítimas Feridas";"Amanhecer";"Crescente";"Chuva";"Simples";"Reta";"Não";4;0;1;0;3;0;1;2;-10,29993308;-39,06968229;"SPRF-BA";"DEL07-BA";"UOP02-DEL07-BA"
489556;2022-11-29;"terça-feira";"04:50:00";"AL";101;212,9;"IGREJA NOVA";"Condutor Dormindo";"Colisão traseira";"Com Vítimas Feridas";"Amanhecer";"Decrescente";"Nublado";"Dupla";"Reta";"Não";4;0;1;0;2;1;1;3;-10,0199233;-36,6211984;"SPRF-AL";"DEL02-AL";"UOP02-DEL02-AL"
489559;2022-11-28;"segunda-feira";"13:40:00";"RS";468;7;"PALMEIRA DAS MISSOES";"Reação tardia ou ineficiente do condutor";"Colisão traseira";"Com Vítimas Feridas";"Pleno dia";"Decrescente";"Céu Claro";"Simples";"Reta";"Não";3;0;1;0;1;1;1;3;-27,84730559;-53,3706449;"SPRF-RS";"DEL08-RS";"UOP01-DEL08-RS"
489561;2022-11-29;"terça-feira";"03:00:00";"PR";277;123;"BALSA NOVA";"Acumulo de água sobre o pavimento";"Saída de leito carroçável";"Sem Vítimas";"Amanhecer";"Crescente";"Chuva";"Dupla";"Curva";"Não";1;0;0;0;0;1;0;1;-25,47551282;-49,72068787;"SPRF-PR";"DEL03-PR";"UOP03-DEL03-PR"
489565;2022-11-28;"segunda-feira";"10:35:00";"MG";40;144,8;"JOAO PINHEIRO";"Ausência de reação do condutor";"Colisão traseira";"Com Vítimas Feridas";"Pleno dia";"Decrescente";"Céu Claro";"Múltipla";"Curva";"Não";4;0;2;0;2;0;2;3;-17,74968182;-46,16992584;"SPRF-MG";"DEL14-MG";"UOP01-DEL14-MG"
489566;2022-11-29;"terça-feira";"05:55:00";"SC";101;298;"LAGUNA";"Condutor deixou de manter distância do veículo da frente";"Colisão traseira";"Com Vítimas Feridas";"Pleno dia";"Crescente";"Céu Claro";"Múltipla";"Reta";"Sim";3;0;1;0;2;0;1;2;-28,32102597;-48,72829906;"SPRF-SC";"DEL02-SC";"UOP03-DEL02-SC"
489569;2022-11-29;"terça-feira";"05:45:00";"SC";116;305,2;"CAPAO ALTO";"Velocidade Incompatível";"Saída de leito carroçável";"Com Vítimas Feridas";"Amanhecer";"Crescente";"Céu Claro";"Simples";"Declive;Curva";"Não";2;0;1;0;0;1;1;2;-28,19914632;-50,72618365;"SPRF-SC";"DEL05-SC";"UOP02-DEL05-SC"
489578;2022-11-29;"terça-feira";"06:15:00";"SC";470;109,6;"APIUNA";"Velocidade Incompatível";"Tombamento";"Com Vítimas Feridas";"Pleno dia";"Decrescente";"Céu Claro";"Simples";"Reta";"Não";2;0;1;0;0;1;1;2;-27,083876;-49,449543;"SPRF-SC";"DEL04-SC";"UOP02-DEL04-SC"
489580;2022-11-29;"terça-feira";"06:10:00";"ES";101;284,7;"CARIACICA";"Chuva";"Colisão lateral mesmo sentido";"Com Vítimas Feridas";"Pleno dia";"Decrescente";"Chuva";"Dupla";"Declive;Reta";"Não";3;0;1;0;1;1;1;3;-20,24334991;-40,3696926;"SPRF-ES";"DEL01-ES";"UOP01-DEL01-ES"
489585;2022-11-21;"segunda-feira";"11:38:00";"MG";262;494,3;"MOEMA";"Ausência de reação do condutor";"Saída de leito carroçável";"Com Vítimas Feridas";"Pleno dia";"Decrescente";"Céu Claro";"Simples";"Reta";"Não";2;0;0;1;0;2;1;3;-19,78590815;-45,37959199;"SPRF-MG";"DEL08-MG";"UOP03-DEL08-MG"
489586;2022-11-29;"terça-feira";"05:10:00";"MS";376;39,2;"VICENTINA";"Ausência de reação do condutor";"Colisão traseira";"Com Vítimas Fatais";"Pleno dia";"Crescente";"Céu Claro";"Simples";"Declive;Reta";"Não";2;1;0;0;1;0;0;2;-22,41293836;-54,42584814;"SPRF-MS";"DEL04-MS";"UOP01-DEL04-MS"
489587;2022-11-23;"quarta-feira";"16:00:00";"SC";470;111;"IBIRAMA";"Pista Escorregadia";"Colisão frontal";"Com Vítimas Feridas";"Pleno dia";"Crescente";"Nevoeiro/Neblina";"Simples";"Curva";"Não";3;0;1;0;1;2;1;4;-27,095388;-49,457878;"SPRF-SC";"DEL04-SC";"UOP02-DEL04-SC"
489591;2022-11-11;"sexta-feira";"18:00:00";"PR";277;590;"CASCAVEL";"Conversão proibida";"Colisão lateral mesmo sentido";"Com Vítimas Feridas";"Pleno dia";"Crescente";"Céu Claro";"Simples";"Declive";"Não";3;0;0;1;1;1;1;3;-24,98120697;-53,45591501;"SPRF-PR";"DEL04-PR";"UOP01-DEL04-PR"
489592;2022-11-29;"terça-feira";"08:30:00";"SC";101;102,8;"BALNEARIO PICARRAS";"Velocidade Incompatível";"Engavetamento";"Com Vítimas Feridas";"Pleno dia";"Crescente";"Chuva";"Dupla";"Reta";"Sim";5;0;1;0;3;1;1;5;-26,77383397;-48,68594062;"SPRF-SC";"DEL03-SC";"UOP02-DEL03-SC"
489593;2022-11-24;"quinta-feira";"01:10:00";"MG";381;774;"CAMPANHA";"Velocidade Incompatível";"Tombamento";"Com Vítimas Feridas";"Plena Noite";"Crescente";"Nublado";"Simples";"Curva";"Não";1;0;1;0;0;0;1;1;-21,78625647;-45,43627243;"SPRF-MG";"DEL16-MG";"UOP02-DEL16-MG"
489594;2022-06-04;"sábado";"13:38:00";"MT";364;277,5;"JACIARA";"Ausência de reação do condutor";"Colisão traseira";"Com Vítimas Feridas";"Pleno dia";"Decrescente";"Céu Claro";"Simples";"Reta";"Não";5;0;1;0;3;8;1;11;-15,95076591;-54,99952397;"SPRF-MT";"DEL02-MT";"UOP01-DEL02-MT"
489595;2022-11-29;"terça-feira";"09:05:00";"SC";101;106;"PENHA";"Acessar a via sem observar a presença dos outros veículos";"Colisão lateral mesmo sentido";"Com Vítimas Feridas";"Pleno dia";"Crescente";"Chuva";"Dupla";"Interseção de Vias";"Não";4;0;1;0;2;1;1;4;-26,81031601;-48,68293896;"SPRF-SC";"DEL03-SC";"UOP02-DEL03-SC"
489603;2022-10-04;"terça-feira";"10:50:00";"PE";423;86,2;"GARANHUNS";"Transitar na contramão";"Colisão frontal";"Com Vítimas Fatais";"Pleno dia";"Decrescente";"Céu Claro";"Simples";"Reta";"Não";4;1;0;0;1;2;0;4;-8,81401714;-36,4452687;"SPRF-PE";"DEL03-PE";"UOP01-DEL03-PE"
489605;2022-09-09;"sexta-feira";"05:20:00";"MT";364;226;"RONDONOPOLIS";"Condutor Dormindo";"Saída de leito carroçável";"Com Vítimas Fatais";"Amanhecer";"Crescente";"Céu Claro";"Dupla";"Declive;Reta";"Não";2;1;0;0;0;1;0;2;-16,29869398;-54,76073095;"SPRF-MT";"DEL02-MT";"UOP01-DEL02-MT"
489609;2022-11-29;"terça-feira";"09:40:00";"RJ";116;274;"BARRA MANSA";"Demais falhas mecânicas ou elétricas";"Colisão com objeto";"Com Vítimas Feridas";"Pleno dia";"Crescente";"Céu Claro";"Dupla";"Curva";"Sim";2;0;1;0;1;0;1;2;-22,56163574;-44,14771584;"SPRF-RJ";"DEL07-RJ";"UOP02-DEL07-RJ"
489611;2022-11-17;"quinta-feira";"11:00:00";"RJ";116;94;"GUAPIMIRIM";"Velocidade Incompatível";"Tombamento";"Com Vítimas Feridas";"Pleno dia";"Decrescente";"Céu Claro";"Simples";"Curva";"Não";2;0;1;0;1;0;1;2;-22,46643519;-43,00088701;"SPRF-RJ";"DEL04-RJ";"UOP01-DEL04-RJ"
489614;2022-11-22;"terça-feira";"01:00:00";"RJ";116;66;"TERESOPOLIS";"Reação tardia ou ineficiente do condutor";"Tombamento";"Com Vítimas Feridas";"Plena Noite";"Crescente";"Céu Claro";"Simples";"Reta";"Não";1;0;1;0;0;0;1;1;-22,28530513;-42,9306046;"SPRF-RJ";"DEL04-RJ";"UOP01-DEL04-RJ"
489615;2022-11-29;"terça-feira";"10:35:00";"RN";427;0,5;"CURRAIS NOVOS";"Reação tardia ou ineficiente do condutor";"Colisão traseira";"Com Vítimas Feridas";"Pleno dia";"Decrescente";"Céu Claro";"Simples";"Reta";"Sim";2;0;1;0;1;0;1;2;-6,270221;-36,52318954;"SPRF-RN";"DEL03-RN";"UOP02-DEL03-RN"
489622;2022-08-08;"segunda-feira";"18:45:00";"DF";70;10,7;"BRASILIA";"Condutor deixou de manter distância do veículo da frente";"Engavetamento";"Com Vítimas Feridas";"Anoitecer";"Crescente";"Céu Claro";"Dupla";"Reta";"Sim";25;0;6;0;19;0;6;3;-15,787066;-48,140709;"SPRF-DF";"DEL03-DF";"UOP02-DEL03-DF"
489624;2022-11-29;"terça-feira";"11:10:00";"SC";101;212;"PALHOCA";"Reação tardia ou ineficiente do condutor";"Colisão traseira";"Com Vítimas Feridas";"Pleno dia";"Crescente";"Garoa/Chuvisco";"Múltipla";"Reta";"Não";3;0;1;0;2;0;1;2;-27,62996929;-48,65903871;"SPRF-SC";"DEL01-SC";"UOP02-DEL01-SC"
489637;2022-11-29;"terça-feira";"10:10:00";"SC";282;338,6;"CAMPOS NOVOS";"Manobra de mudança de faixa";"Colisão lateral sentido oposto";"Com Vítimas Feridas";"Pleno dia";"Crescente";"Céu Claro";"Simples";"Curva";"Não";4;0;2;0;1;1;2;3;-27,394457;-51,185211;"SPRF-SC";"DEL07-SC";"UOP06-DEL07-SC"
489646;2022-11-29;"terça-feira";"13:50:00";"ES";101;145;"LINHARES";"Acessar a via sem observar a presença dos outros veículos";"Colisão traseira";"Com Vítimas Feridas";"Pleno dia";"Crescente";"Garoa/Chuvisco";"Simples";"Reta";"Sim";2;0;0;1;1;0;1;2;-19,36990998;-40,06560718;"SPRF-ES";"DEL04-ES";"UOP01-DEL04-ES"
489647;2022-11-29;"terça-feira";"13:20:00";"RJ";393;263;"BARRA DO PIRAI";"Mal súbito do condutor";"Colisão frontal";"Com Vítimas Feridas";"Pleno dia";"Decrescente";"Céu Claro";"Simples";"Reta";"Sim";6;0;2;0;4;0;2;5;-22,47030537;-43,86674189;"SPRF-RJ";"DEL05-RJ";"UOP04-DEL05-RJ"
489649;2022-11-21;"segunda-feira";"07:40:00";"RJ";116;278;"BARRA MANSA";"Acessar a via sem observar a presença dos outros veículos";"Colisão traseira";"Com Vítimas Feridas";"Pleno dia";"Crescente";"Céu Claro";"Dupla";"Reta";"Não";2;0;1;0;1;0;1;2;-22,55271018;-44,17778004;"SPRF-RJ";"DEL07-RJ";"UOP02-DEL07-RJ"
489650;2022-11-25;"sexta-feira";"10:45:00";"PB";230;155,7;"CAMPINA GRANDE";"Ultrapassagem Indevida";"Colisão frontal";"Com Vítimas Fatais";"Pleno dia";"Crescente";"Céu Claro";"Simples";"Reta";"Sim";2;1;0;0;1;0;0;2;-7,2748;-35,9058;"SPRF-PB";"DEL02-PB";"UOP01-DEL02-PB"
489660;2022-11-29;"terça-feira";"14:05:00";"MS";163;481,8;"CAMPO GRANDE";"Transitar na contramão";"Colisão frontal";"Com Vítimas Feridas";"Pleno dia";"Crescente";"Céu Claro";"Simples";"Reta";"Sim";4;0;1;1;1;1;2;3;-20,469381;-54,55955;"SPRF-MS";"DEL01-MS";"UOP02-DEL01-MS"
489666;2022-11-29;"terça-feira";"11:30:00";"PE";101;144,7;"RIBEIRAO";"Demais falhas mecânicas ou elétricas";"Saída de leito carroçável";"Com Vítimas Feridas";"Pleno dia";"Crescente";"Nublado";"Dupla";"Reta";"Não";2;0;1;0;0;1;1;2;-8,45351687;-35,35716511;"SPRF-PE";"DEL01-PE";"UOP03-DEL01-PE"
489667;2022-11-29;"terça-feira";"14:55:00";"PR";277;591,8;"CASCAVEL";"Conversão proibida";"Colisão transversal";"Com Vítimas Feridas";"Pleno dia";"Decrescente";"Céu Claro";"Simples";"Curva";"Não";2;0;1;0;1;0;1;2;-24,98285697;-53,47319399;"SPRF-PR";"DEL04-PR";"UOP01-DEL04-PR"
489672;2022-11-29;"terça-feira";"15:30:00";"MG";116;287;"TEOFILO OTONI";"Ingestão de álcool pelo condutor";"Colisão frontal";"Com Vítimas Feridas";"Pleno dia";"Decrescente";"Céu Claro";"Simples";"Reta";"Sim";2;0;0;1;1;0;1;2;-17,95192286;-41,53354148;"SPRF-MG";"DEL11-MG";"UOP01-DEL11-MG"
489673;2022-11-29;"terça-feira";"15:00:00";"PB";230;135,3;"CAMPINA GRANDE";"Demais falhas mecânicas ou elétricas";"Tombamento";"Com Vítimas Feridas";"Pleno dia";"Decrescente";"Céu Claro";"Dupla";"Declive";"Não";1;0;1;0;0;0;1;1;-7,28095409;-35,76963902;"SPRF-PB";"DEL02-PB";"UOP01-DEL02-PB"
489674;2022-11-10;"quinta-feira";"07:11:00";"RS";290;89;"PORTO ALEGRE";"Manobra de mudança de faixa";"Colisão lateral mesmo sentido";"Com Vítimas Feridas";"Pleno dia";"Crescente";"Céu Claro";"Múltipla";"Reta";"Não";4;0;1;0;2;1;1;4;-29,967892;-51,147331;"SPRF-RS";"DEL01-RS";"UOP01-DEL01-RS"
489678;2022-11-29;"terça-feira";"15:30:00";"SC";470;146;"RIO DO SUL";"Condutor deixou de manter distância do veículo da frente";"Colisão traseira";"Com Vítimas Feridas";"Pleno dia";"Crescente";"Garoa/Chuvisco";"Simples";"Reta";"Não";4;0;1;0;1;2;1;4;-27,240673;-49,685822;"SPRF-SC";"DEL04-SC";"UOP02-DEL04-SC"
489679;2022-11-29;"terça-feira";"16:00:00";"GO";452;177,2;"ITUMBIARA";"Velocidade Incompatível";"Colisão com objeto";"Com Vítimas Feridas";"Pleno dia";"Crescente";"Chuva";"Simples";"Curva";"Não";4;0;1;2;1;0;3;2;-18,35924338;-49,3730033;"SPRF-GO";"DEL03-GO";"UOP02-DEL03-GO"
489681;2022-11-29;"terça-feira";"16:02:00";"BA";415;47,5;"ITABUNA";"Ingestão de álcool pelo condutor";"Colisão traseira";"Sem Vítimas";"Pleno dia";"Crescente";"Nublado";"Simples";"Declive";"Sim";2;0;0;0;2;0;0;2;-14,81604299;-39,29951191;"SPRF-BA";"DEL05-BA";"UOP01-DEL05-BA"
489683;2022-11-29;"terça-feira";"16:10:00";"SE";101;67,6;"MARUIM";"Condutor Dormindo";"Colisão lateral sentido oposto";"Com Vítimas Feridas";"Pleno dia";"Crescente";"Chuva";"Simples";"Reta";"Não";4;0;1;0;2;2;1;4;-10,721947;-37,070262;"SPRF-SE";"DEL01-SE";"UOP01-DEL01-SE"
489689;2022-11-29;"terça-feira";"17:00:00";"BA";324;610;"SIMOES FILHO";"Ausência de reação do condutor";"Colisão com objeto";"Sem Vítimas";"Pleno dia";"Crescente";"Céu Claro";"Simples";"Reta";"Não";1;0;0;0;0;1;0;1;-12,82931703;-38,41113193;"SPRF-BA";"DEL01-BA";"UOP01-DEL01-BA"
489691;2022-11-29;"terça-feira";"17:00:00";"MG";40;711;"BARBACENA";"Velocidade Incompatível";"Tombamento";"Com Vítimas Feridas";"Anoitecer";"Crescente";"Nublado";"Dupla";"Declive;Curva";"Não";3;0;0;2;0;1;2;2;-21,24667083;-43,68098172;"SPRF-MG";"DEL05-MG";"UOP02-DEL05-MG"
489694;2022-11-29;"terça-feira";"13:00:00";"PR";467;92,3;"CASCAVEL";"Pista em desnível";"Tombamento";"Sem Vítimas";"Pleno dia";"Decrescente";"Céu Claro";"Dupla";"Curva";"Não";2;0;0;0;1;1;0;2;-24,8543;-53,5952;"SPRF-PR";"DEL04-PR";"UOP01-DEL04-PR"
489696;2022-11-29;"terça-feira";"17:30:00";"RJ";116;174;"NOVA IGUACU";"Reação tardia ou ineficiente do condutor";"Colisão traseira";"Com Vítimas Feridas";"Pleno dia";"Crescente";"Nublado";"Dupla";"Reta";"Sim";2;0;1;0;1;0;1;2;-22,76486431;-43,41633797;"SPRF-RJ";"DEL01-RJ";"UOP02-DEL01-RJ"
489706;2022-11-29;"terça-feira";"17:45:00";"SE";235;19;"NOSSA SENHORA DO SOCORRO";"Pedestre andava na pista";"Atropelamento de Pedestre";"Com Vítimas Feridas";"Plena Noite";"Crescente";"Chuva";"Simples";"Curva";"Não";2;0;0;1;0;1;1;2;-10,84079;-37,215904;"SPRF-SE";"DEL01-SE";"UOP02-DEL01-SE"
489707;2022-11-29;"terça-feira";"18:25:00";"RJ";116;136;"DUQUE DE CAXIAS";"Pedestre cruzava a pista fora da faixa";"Atropelamento de Pedestre";"Com Vítimas Feridas";"Plena Noite";"Decrescente";"Nublado";"Dupla";"Reta";"Sim";3;0;0;1;2;0;1;2;-22,64988985;-43,17250297;"SPRF-RJ";"DEL01-RJ";"UOP01-DEL01-RJ"
489719;2022-11-29;"terça-feira";"16:40:00";"RJ";101;449;"MANGARATIBA";"Problema com o freio";"Colisão transversal";"Com Vítimas Feridas";"Pleno dia";"Decrescente";"Garoa/Chuvisco";"Simples";"Reta";"Não";5;0;2;0;2;1;2;3;-23,01670937;-44,10952856;"SPRF-RJ";"DEL03-RJ";"UOP02-DEL03-RJ"
489721;2022-11-29;"terça-feira";"13:55:00";"PR";153;32;"SANTO ANTONIO DA PLATINA";"Reação tardia ou ineficiente do condutor";"Colisão lateral sentido oposto";"Com Vítimas Feridas";"Pleno dia";"Crescente";"Céu Claro";"Simples";"Declive";"Não";2;0;1;0;1;0;1;2;-23,22711873;-50,02866715;"SPRF-PR";"DEL07-PR";"UOP04-DEL07-PR"