"id";"data_inversa";"dia_semana";"horario";"uf";"br";"km";"municipio";"causa_acidente";"tipo_acidente";"classificacao_acidente";"fase_dia";"sentido_via";"condicao_metereologica";"tipo_pista";"tracado_via";"uso_solo";"pessoas";"mortos";"feridos_leves";"feridos_graves";"ilesos";"ignorados";"feridos";"veiculos";"latitude";"longitude";"regional";"delegacia";"uop"
489723;2022-11-29;"terça-feira";"13:00:00";"BA";116;597;"IRAJUBA";"Demais falhas na via";"Tombamento";"Sem Vítimas";"Pleno dia";"Decrescente";"Céu Claro";"Simples";"Aclive;Reta";"Não";2;0;0;0;1;1;0;2;-13,1886621;-40,00636166;"SPRF-BA";"DEL03-BA";"UOP02-DEL03-BA"
489726;2022-11-29;"terça-feira";"17:35:00";"MG";40;517,2;"RIBEIRAO DAS NEVES";"Condutor deixou de manter distância do veículo da frente";"Engavetamento";"Com Vítimas Feridas";"Pleno dia";"Crescente";"Chuva";"Dupla";"Reta";"Sim";7;0;1;0;5;1;1;7;-19,82825513;-44,08381104;"SPRF-MG";"DEL01-MG";"UOP02-DEL01-MG"
489728;2022-11-27;"domingo";"22:00:00";"BA";116;189;"CANUDOS";"Demais falhas mecânicas ou elétricas";"Incêndio";"Sem Vítimas";"Plena Noite";"Crescente";"Garoa/Chuvisco";"Simples";"Reta";"Não";2;0;0;0;1;1;0;2;-10,29993308;-39,06968229;"SPRF-BA";"DEL07-BA";"UOP02-DEL07-BA"
489739;2022-11-29;"terça-feira";"20:30:00";"MG";381;514,8;"IGARAPE";"Manobra de mudança de faixa";"Colisão lateral mesmo sentido";"Com Vítimas Feridas";"Plena Noite";"Crescente";"Chuva";"Dupla";"Reta";"Não";4;0;1;0;2;1;1;3;-20,1065028;-44,32327616;"SPRF-MG";"DEL01-MG";"UOP03-DEL01-MG"
489742;2022-11-29;"terça-feira";"21:00:00";"MG";40;327;"FELIXLANDIA";"Condutor deixou de manter distância do veículo da frente";"Colisão traseira";"Com Vítimas Feridas";"Plena Noite";"Crescente";"Nublado";"Simples";"Reta;Aclive";"Não";3;0;1;0;1;3;1;5;-18,55022585;-45,02982475;"SPRF-MG";"DEL14-MG";"UOP02-DEL14-MG"
489743;2022-11-29;"terça-feira";"20:15:00";"ES";101;66,5;"SAO MATEUS";"Ausência de reação do condutor";"Colisão traseira";"Com Vítimas Feridas";"Plena Noite";"Decrescente";"Nublado";"Simples";"Interseção de Vias";"Sim";5;0;2;1;2;0;3;2;-18,7165195;-39,87436378;"SPRF-ES";"DEL04-ES";"UOP02-DEL04-ES"
489747;2022-11-29;"terça-feira";"20:30:00";"BA";367;83;"EUNAPOLIS";"Acessar a via sem observar a presença dos outros veículos";"Colisão transversal";"Sem Vítimas";"Plena Noite";"Decrescente";"Chuva";"Simples";"Reta;Interseção de Vias";"Sim";3;0;0;0;2;1;0;3;-16,37256267;-39,57064408;"SPRF-BA";"DEL09-BA";"UOP03-DEL09-BA"
489753;2022-11-29;"terça-feira";"17:00:00";"RS";285;598;"SANTO ANTONIO DAS MISSOES";"Desrespeitar a preferência no cruzamento";"Colisão transversal";"Com Vítimas Feridas";"Pleno dia";"Decrescente";"Céu Claro";"Simples";"Interseção de Vias";"Não";3;0;1;0;2;0;1;2;-28,48951395;-55,26582241;"SPRF-RS";"DEL12-RS";"UOP01-DEL12-RS"
489755;2022-11-29;"terça-feira";"21:55:00";"MG";365;635,2;"UBERLANDIA";"Ausência de reação do condutor";"Colisão traseira";"Com Vítimas Feridas";"Plena Noite";"Decrescente";"Céu Claro";"Dupla";"Reta";"Não";3;0;0;1;1;2;1;4;-18,89262095;-48,41859299;"SPRF-MG";"DEL15-MG";"UOP01-DEL15-MG"
489758;2022-11-29;"terça-feira";"19:35:00";"PI";230;309;"FLORIANO";"Ausência de reação do condutor";"Colisão lateral sentido oposto";"Com Vítimas Feridas";"Plena Noite";"Crescente";"Nublado";"Simples";"Reta";"Sim";3;0;1;0;1;1;1;3;-6,77433132;-43,00632318;"SPRF-PI";"DEL03-PI";"UOP01-DEL03-PI"
489766;2022-11-29;"terça-feira";"22:10:00";"PR";163;150;"SANTA LUCIA";"Pedestre andava na pista";"Atropelamento de Pedestre";"Com Vítimas Feridas";"Plena Noite";"Decrescente";"Céu Claro";"Dupla";"Reta;Aclive";"Não";3;0;1;0;1;2;1;4;-25,39304022;-53,57645988;"SPRF-PR";"DEL05-PR";"UOP05-DEL05-PR"
489768;2022-11-30;"quarta-feira";"00:10:00";"MG";381;430;"SABARA";"Ausência de reação do condutor";"Colisão frontal";"Com Vítimas Fatais";"Plena Noite";"Crescente";"Nublado";"Simples";"Reta";"Não";3;1;0;0;1;1;0;3;-19,78885371;-43,70613892;"SPRF-MG";"DEL01-MG";"UOP01-DEL01-MG"
489770;2022-11-29;"terça-feira";"22:30:00";"BA";242;594;"MUQUEM DE SAO FRANCISCO";"Manobra de mudança de faixa";"Colisão frontal";"Com Vítimas Feridas";"Plena Noite";"Crescente";"Céu Claro";"Simples";"Reta";"Não";5;0;0;2;1;3;2;4;-12,16;-43,294;"SPRF-BA";"DEL10-BA";"UOP02-DEL10-BA"
489772;2022-11-29;"terça-feira";"23:20:00";"MA";226;299;"BARRA DO CORDA";"Carga excessiva e/ou mal acondicionada";"Tombamento";"Com Vítimas Feridas";"Plena Noite";"Crescente";"Céu Claro";"Simples";"Declive";"Sim";3;0;1;0;1;1;1;2;-5,49791235;-45,24263176;"SPRF-MA";"DEL06-MA";"UOP01-DEL06-MA"
489776;2022-11-30;"quarta-feira";"01:00:00";"BA";116;419;"FEIRA DE SANTANA";"Condutor Dormindo";"Saída de leito carroçável";"Com Vítimas Feridas";"Plena Noite";"Crescente";"Garoa/Chuvisco";"Dupla";"Interseção de Vias";"Sim";1;0;1;0;0;0;1;1;-12,194529;-38,965336;"SPRF-BA";"DEL02-BA";"UOP01-DEL02-BA"
489777;2022-11-30;"quarta-feira";"01:40:00";"MG";381;210;"NAQUE";"Demais falhas mecânicas ou elétricas";"Saída de leito carroçável";"Com Vítimas Feridas";"Plena Noite";"Decrescente";"Chuva";"Simples";"Curva";"Não";2;0;1;0;0;1;1;2;-19,22999819;-42,32682471;"SPRF-MG";"DEL06-MG";"UOP01-DEL06-MG"
489781;2022-11-30;"quarta-feira";"05:50:00";"RJ";116;181;"NOVA IGUACU";"Condutor Dormindo";"Colisão lateral mesmo sentido";"Com Vítimas Feridas";"Amanhecer";"Decrescente";"Céu Claro";"Dupla";"Reta";"Sim";5;0;2;0;3;0;2;4;-22,761312;-43,423492;"SPRF-RJ";"DEL01-RJ";"UOP02-DEL01-RJ"
489784;2022-11-29;"terça-feira";"18:30:00";"BA";101;116;"ALAGOINHAS";"Chuva";"Tombamento";"Com Vítimas Feridas";"Plena Noite";"Crescente";"Chuva";"Simples";"Reta";"Não";2;0;1;0;1;0;1;1;-12,1577336;-38,52847705;"SPRF-BA";"DEL01-BA";"UOP04-DEL01-BA"
489786;2022-11-29;"terça-feira";"18:15:00";"MG";381;942;"EXTREMA";"Estacionar ou parar em local proibido";"Engavetamento";"Com Vítimas Feridas";"Anoitecer";"Crescente";"Chuva";"Dupla";"Reta";"Não";8;0;2;0;5;3;2;8;-22,86605937;-46,34940386;"SPRF-MG";"DEL16-MG";"UOP03-DEL16-MG"
489788;2022-11-30;"quarta-feira";"06:00:00";"SC";470;83,8;"RODEIO";"Deficiência do Sistema de Iluminação/Sinalização";"Colisão frontal";"Com Vítimas Feridas";"Pleno dia";"Decrescente";"Garoa/Chuvisco";"Simples";"Reta";"Não";2;0;0;1;1;0;1;2;-26,96159344;-49,34163809;"SPRF-SC";"DEL04-SC";"UOP01-DEL04-SC"
489804;2022-11-30;"quarta-feira";"07:16:00";"MG";365;6;"MONTES CLAROS";"Velocidade Incompatível";"Tombamento";"Com Vítimas Feridas";"Pleno dia";"Crescente";"Céu Claro";"Simples";"Curva;Declive";"Não";2;0;0;1;0;1;1;2;-16,76417412;-43,88409886;"SPRF-MG";"DEL12-MG";"UOP01-DEL12-MG"
489822;2022-11-30;"quarta-feira";"10:00:00";"MG";381;489,4;"BETIM";"Trafegar com motocicleta (ou similar) entre as faixas";"Colisão lateral mesmo sentido";"Com Vítimas Feridas";"Pleno dia";"Crescente";"Céu Claro";"Múltipla";"Reta";"Sim";4;0;2;0;1;1;2;3;-19,95659619;-44,13890546;"SPRF-MG";"DEL01-MG";"UOP03-DEL01-MG"
489823;2022-11-30;"quarta-feira";"08:40:00";"SC";282;50;"AGUAS MORNAS";"Ausência de reação do condutor";"Colisão transversal";"Com Vítimas Feridas";"Pleno dia";"Crescente";"Chuva";"Simples";"Curva";"Não";4;0;2;0;2;0;2;4;-27,708536;-48,952251;"SPRF-SC";"DEL01-SC";"UOP03-DEL01-SC"
489827;2022-11-18;"sexta-feira";"18:10:00";"SC";470;319,6;"CAMPOS NOVOS";"Acessar a via sem observar a presença dos outros veículos";"Colisão transversal";"Com Vítimas Feridas";"Anoitecer";"Decrescente";"Céu Claro";"Simples";"Interseção de Vias";"Sim";2;0;0;1;1;0;1;2;-27,41181432;-51,23066425;"SPRF-SC";"DEL07-SC";"UOP06-DEL07-SC"
489830;2022-11-30;"quarta-feira";"11:15:00";"GO";60;132,4;"GOIANIA";"Manobra de mudança de faixa";"Colisão lateral mesmo sentido";"Com Vítimas Feridas";"Pleno dia";"Decrescente";"Nublado";"Dupla";"Reta;Aclive";"Não";4;0;1;0;2;1;1;3;-16,581;-49,168;"SPRF-GO";"DEL01-GO";"UOP01-DEL01-GO"
489834;2022-11-30;"quarta-feira";"09:40:00";"RJ";116;139;"DUQUE DE CAXIAS";"Reação tardia ou ineficiente do condutor";"Colisão traseira";"Com Vítimas Feridas";"Pleno dia";"Crescente";"Céu Claro";"Dupla";"Reta";"Sim";2;0;1;0;1;0;1;2;-22,64655224;-43,20138601;"SPRF-RJ";"DEL01-RJ";"UOP01-DEL01-RJ"
489836;2022-08-01;"segunda-feira";"15:20:00";"PA";230;1127;"ITAITUBA";"Acessar a via sem observar a presença dos outros veículos";"Colisão transversal";"Com Vítimas Feridas";"Pleno dia";"Crescente";"Nublado";"Simples";"Reta";"Não";7;0;1;0;5;2;1;4;-4,39393493;-55,89491498;"SPRF-PA";"DEL05-PA";"UOP01-DEL05-PA"
489847;2022-11-30;"quarta-feira";"12:45:00";"SP";116;347;"MIRACATU";"Problema com o freio";"Colisão traseira";"Com Vítimas Feridas";"Pleno dia";"Crescente";"Chuva";"Dupla";"Curva";"Não";5;0;1;0;3;2;1;6;-24,04699491;-47,19706111;"SPRF-SP";"DEL04-SP";"UOP03-DEL04-SP"
489848;2022-11-28;"segunda-feira";"14:25:00";"SC";163;72,3;"SAO MIGUEL DO OESTE";"Manobra de mudança de faixa";"Colisão transversal";"Com Vítimas Feridas";"Pleno dia";"Crescente";"Céu Claro";"Dupla";"Reta;Interseção de Vias";"Sim";2;0;1;0;1;0;1;2;-26,71908804;-53,5157791;"SPRF-SC";"DEL07-SC";"UOP03-DEL07-SC"
489850;2022-11-30;"quarta-feira";"13:00:00";"PR";163;258;"TOLEDO";"Demais falhas mecânicas ou elétricas";"Incêndio";"Sem Vítimas";"Pleno dia";"Decrescente";"Céu Claro";"Dupla";"Reta";"Não";1;0;0;0;1;0;0;1;-24,67131206;-53,80266304;"SPRF-PR";"DEL06-PR";"UOP02-DEL06-PR"
489853;2022-11-30;"quarta-feira";"13:25:00";"RS";386;345;"LAJEADO";"Reação tardia ou ineficiente do condutor";"Colisão traseira";"Com Vítimas Feridas";"Pleno dia";"Crescente";"Céu Claro";"Simples";"Reta";"Sim";5;0;2;0;3;0;2;3;-29,443213;-51,983748;"SPRF-RS";"DEL04-RS";"UOP01-DEL04-RS"
489862;2022-11-30;"quarta-feira";"13:50:00";"MT";163;855;"SINOP";"Acessar a via sem observar a presença dos outros veículos";"Colisão transversal";"Com Vítimas Feridas";"Pleno dia";"Crescente";"Céu Claro";"Simples";"Reta";"Sim";6;0;2;0;3;1;2;3;-11,81199405;-55,48239482;"SPRF-MT";"DEL06-MT";"NPF/DEL06-MT"
489866;2022-11-30;"quarta-feira";"13:20:00";"SC";101;399,2;"MARACAJA";"Acumulo de água sobre o pavimento";"Colisão com objeto";"Com Vítimas Feridas";"Pleno dia";"Decrescente";"Chuva";"Múltipla";"Reta";"Não";2;0;1;0;1;0;1;1;-28,84171475;-49,42814418;"SPRF-SC";"DEL02-SC";"UOP02-DEL02-SC"
489867;2022-11-30;"quarta-feira";"15:00:00";"MG";381;480;"CONTAGEM";"Pedestre cruzava a pista fora da faixa";"Atropelamento de Pedestre";"Com Vítimas Fatais";"Pleno dia";"Crescente";"Nublado";"Múltipla";"Curva";"Sim";3;1;0;0;1;1;0;2;-19,9588441;-44,0553712;"SPRF-MG";"DEL01-MG";"UOP03-DEL01-MG"
489869;2022-11-30;"quarta-feira";"14:40:00";"RS";116;45;"VACARIA";"Velocidade Incompatível";"Colisão frontal";"Com Vítimas Feridas";"Pleno dia";"Crescente";"Chuva";"Simples";"Curva";"Não";7;0;0;5;1;1;5;3;-28,54765041;-50,97612262;"SPRF-RS";"DEL05-RS";"UOP03-DEL05-RS"
489872;2022-11-30;"quarta-feira";"11:40:00";"PR";153;75,8;"CONSELHEIRO MAIRINCK";"Carga excessiva e/ou mal acondicionada";"Tombamento";"Com Vítimas Feridas";"Pleno dia";"Crescente";"Nublado";"Simples";"Curva";"Não";2;0;1;0;0;2;1;3;-23,56153514;-50,14239777;"SPRF-PR";"DEL07-PR";"UOP04-DEL07-PR"
489875;2022-11-09;"quarta-feira";"11:00:00";"MS";262;281;"RIBAS DO RIO PARDO";"Reação tardia ou ineficiente do condutor";"Colisão lateral mesmo sentido";"Sem Vítimas";"Pleno dia";"Crescente";"Céu Claro";"Simples";"Declive";"Não";3;0;0;0;2;1;0;3;-20,47706786;-54,11872303;"SPRF-MS";"DEL01-MS";"UOP01-DEL01-MS"
489885;2022-11-30;"quarta-feira";"16:15:00";"SP";153;344;"OURINHOS";"Reação tardia ou ineficiente do condutor";"Colisão lateral mesmo sentido";"Sem Vítimas";"Pleno dia";"Crescente";"Céu Claro";"Dupla";"Reta";"Sim";4;0;0;0;3;1;0;3;-22,96840896;-49,89986421;"SPRF-SP";"DEL07-SP";"UOP03-DEL07-SP"
489904;2022-11-30;"quarta-feira";"11:30:00";"BA";242;459;"IBITIARA";"Reação tardia ou ineficiente do condutor";"Colisão lateral sentido oposto";"Com Vítimas Feridas";"Pleno dia";"Decrescente";"Céu Claro";"Simples";"Reta";"Não";3;0;0;1;1;5;1;7;-12,4441819;-42,13487408;"SPRF-BA";"DEL06-BA";"UOP01-DEL06-BA"
489908;2022-11-30;"quarta-feira";"09:00:00";"SC";116;87;"MONTE CASTELO";"Condutor Dormindo";"Colisão traseira";"Com Vítimas Feridas";"Pleno dia";"Decrescente";"Chuva";"Simples";"Reta";"Não";3;0;0;1;1;1;1;3;-26,61710581;-50,23483816;"SPRF-SC";"DEL06-SC";"UOP02-DEL06-SC"
489909;2022-11-30;"quarta-feira";"19:05:00";"RS";116;253;"SAPUCAIA DO SUL";"Manobra de mudança de faixa";"Colisão transversal";"Sem Vítimas";"Pleno dia";"Crescente";"Céu Claro";"Dupla";"Reta";"Sim";2;0;0;0;2;0;0;2;-29,81784209;-51,16996166;"SPRF-RS";"DEL01-RS";"UOP02-DEL01-RS"
489914;2022-11-30;"quarta-feira";"18:42:00";"SP";116;112;"TAUBATE";"Demais falhas mecânicas ou elétricas";"Incêndio";"Sem Vítimas";"Plena Noite";"Crescente";"Chuva";"Dupla";"Reta";"Sim";1;0;0;0;0;1;0;1;-23,04159343;-45,57065616;"SPRF-SP";"DEL02-SP";"UOP02-DEL02-SP"
489916;2022-11-30;"quarta-feira";"11:10:00";"RJ";40;67;"PETROPOLIS";"Ausência de reação do condutor";"Tombamento";"Com Vítimas Feridas";"Pleno dia";"Decrescente";"Céu Claro";"Dupla";"Reta";"Não";2;0;1;0;1;0;1;2;-22,43674775;-43,1756712;"SPRF-RJ";"DEL06-RJ";"UOP01-DEL06-RJ"
489927;2022-11-30;"quarta-feira";"13:00:00";"MG";354;726,8;"POUSO ALTO";"Velocidade Incompatível";"Saída de leito carroçável";"Com Vítimas Feridas";"Pleno dia";"Crescente";"Chuva";"Simples";"Curva";"Não";2;0;1;0;0;1;1;2;-22,135409;-44,96858846;"SPRF-MG";"DEL17-MG";"UOP01-DEL17-MG"
489931;2022-11-04;"sexta-feira";"06:40:00";"MG";50;51;"UBERLANDIA";"Problema com o freio";"Saída de leito carroçável";"Com Vítimas Feridas";"Pleno dia";"Crescente";"Céu Claro";"Dupla";"Reta";"Não";2;0;1;0;0;3;1;4;-18,74433705;-48,2313459;"SPRF-MG";"DEL15-MG";"UOP02-DEL15-MG"
489932;2022-11-30;"quarta-feira";"21:30:00";"PR";369;102,8;"URAI";"Condutor deixou de manter distância do veículo da frente";"Colisão traseira";"Com Vítimas Feridas";"Plena Noite";"Crescente";"Céu Claro";"Dupla";"Reta";"Não";3;0;1;0;1;1;1;3;-23,24725904;-50,74474454;"SPRF-PR";"DEL07-PR";"UOP05-DEL07-PR"
489934;2022-11-30;"quarta-feira";"18:35:00";"SC";282;406,8;"CATANDUVAS";"Condutor Dormindo";"Saída de leito carroçável";"Sem Vítimas";"Plena Noite";"Crescente";"Chuva";"Simples";"Reta";"Não";1;0;0;0;1;0;0;1;-27,092703;-51,659904;"SPRF-SC";"DEL07-SC";"UOP05-DEL07-SC"
489939;2022-11-30;"quarta-feira";"21:48:00";"PE";101;68;"RECIFE";"Condutor deixou de manter distância do veículo da frente";"Colisão lateral mesmo sentido";"Sem Vítimas";"Plena Noite";"Crescente";"Garoa/Chuvisco";"Dupla";"Reta";"Sim";3;0;0;0;2;1;0;3;-8,042334;-34,943096;"SPRF-PE";"DEL01-PE";"UOP01-DEL01-PE"
489940;2022-11-30;"quarta-feira";"21:45:00";"ES";259;103,1;"BAIXO GUANDU";"Transitar na contramão";"Colisão frontal";"Com Vítimas Fatais";"Plena Noite";"Crescente";"Céu Claro";"Simples";"Declive";"Não";3;1;0;0;1;1;0;3;-19,51753177;-41,01967578;"SPRF-ES";"DEL02-ES";"UOP01-DEL02-ES"
489945;2022-11-30;"quarta-feira";"22:00:00";"MG";354;748,9;"ITAMONTE";"Ausência de reação do condutor";"Colisão lateral sentido oposto";"Com Vítimas Feridas";"Plena Noite";"Decrescente";"Garoa/Chuvisco";"Simples";"Curva";"Não";2;0;1;0;1;0;1;2;-22,26374472;-44,89067792;"SPRF-MG";"DEL17-MG";"UOP01-DEL17-MG"
489948;2022-11-30;"quarta-feira";"21:12:00";"MA";10;257;"IMPERATRIZ";"Ingestão de álcool pelo condutor";"Colisão frontal";"Com Vítimas Feridas";"Plena Noite";"Decrescente";"Céu Claro";"Simples";"Reta";"Sim";2;0;1;0;1;0;1;2;-5,490634;-47,471973;"SPRF-MA";"DEL04-MA";"UOP01-DEL04-MA"
489951;2022-11-30;"quarta-feira";"23:30:00";"MG";381;451;"SANTA LUZIA";"Transitar na contramão";"Colisão lateral sentido oposto";"Com Vítimas Feridas";"Plena Noite";"Decrescente";"Céu Claro";"Simples";"Reta";"Não";2;0;0;1;1;0;1;2;-19,83832024;-43,8806931;"SPRF-MG";"DEL01-MG";"UOP01-DEL01-MG"
489952;2022-11-30;"quarta-feira";"19:55:00";"MT";163;573,4;"NOBRES";"Problema com o freio";"Colisão traseira";"Com Vítimas Feridas";"Plena Noite";"Decrescente";"Céu Claro";"Dupla";"Declive;Reta";"Não";5;0;0;2;2;4;2;7;-14,63230626;-56,27303481;"SPRF-MT";"DEL01-MT";"UOP01-DEL01-MT"
489954;2022-11-30;"quarta-feira";"21:30:00";"SC";470;101;"APIUNA";"Transitar na contramão";"Colisão frontal";"Com Vítimas Feridas";"Plena Noite";"Crescente";"Chuva";"Simples";"Reta";"Não";2;0;1;0;1;0;1;2;-27,053085;-49,390018;"SPRF-SC";"DEL04-SC";"UOP02-DEL04-SC"
489955;2022-11-30;"quarta-feira";"20:00:00";"SC";470;119,5;"IBIRAMA";"Demais falhas mecânicas ou elétricas";"Colisão frontal";"Com Vítimas Feridas";"Plena Noite";"Crescente";"Chuva";"Simples";"Reta";"Não";8;0;3;2;1;2;5;6;-27,08858778;-49,51954365;"SPRF-SC";"DEL04-SC";"UOP02-DEL04-SC"
489960;2022-12-01;"quinta-feira";"02:00:00";"SP";116;326;"JUQUITIBA";"Reação tardia ou ineficiente do condutor";"Colisão traseira";"Com Vítimas Feridas";"Plena Noite";"Crescente";"Nublado";"Dupla";"Curva";"Não";4;0;1;0;2;1;1;3;-23,93901304;-47,06241203;"SPRF-SP";"DEL04-SP";"UOP03-DEL04-SP"
489964;2022-12-01;"quinta-feira";"04:20:00";"RJ";101;321;"NITEROI";"Carga excessiva e/ou mal acondicionada";"Tombamento";"Sem Vítimas";"Amanhecer";"Crescente";"Céu Claro";"Múltipla";"Curva";"Sim";1;0;0;0;1;0;0;1;-22,86981096;-43,11046465;"SPRF-RJ";"DEL02-RJ";"UOP01-DEL02-RJ"
489967;2022-11-30;"quarta-feira";"17:45:00";"PR";277;64;"SAO JOSE DOS PINHAIS";"Falta de elemento de contenção que evite a saída do leito carroçável";"Saída de leito carroçável";"Sem Vítimas";"Anoitecer";"Decrescente";"Garoa/Chuvisco";"Dupla";"Reta";"Não";2;0;0;0;1;1;0;2;-25,55703867;-49,02612685;"SPRF-PR";"DEL01-PR";"UOP01-DEL01-PR"
489969;2022-11-28;"segunda-feira";"02:20:00";"RJ";101;312;"SAO GONCALO";"Entrada inopinada do pedestre";"Atropelamento de Pedestre";"Com Vítimas Feridas";"Plena Noite";"Decrescente";"Céu Claro";"Simples";"Reta";"Sim";2;0;0;1;1;0;1;2;-22,80546555;-43,06156967;"SPRF-RJ";"DEL02-RJ";"UOP02-DEL02-RJ"
489973;2022-12-01;"quinta-feira";"01:00:00";"PE";232;482;"VERDEJANTE";"Transitar na contramão";"Colisão transversal";"Sem Vítimas";"Plena Noite";"Crescente";"Nublado";"Simples";"Reta";"Não";3;0;0;0;1;2;0;3;-8,00832162;-38,91254425;"SPRF-PE";"DEL05-PE";"UOP01-DEL05-PE"
489980;2022-12-01;"quinta-feira";"07:41:00";"SP";116;109,7;"TAUBATE";"Condutor deixou de manter distância do veículo da frente";"Colisão traseira";"Com Vítimas Feridas";"Pleno dia";"Decrescente";"Nublado";"Dupla";"Reta";"Sim";4;0;0;2;2;0;2;3;-23,02871304;-45,54517097;"SPRF-SP";"DEL02-SP";"UOP02-DEL02-SP"
489983;2022-11-28;"segunda-feira";"01:00:00";"PR";116;52;"CAMPINA GRANDE DO SUL";"Chuva";"Tombamento";"Com Vítimas Feridas";"Plena Noite";"Crescente";"Chuva";"Dupla";"Reta";"Não";2;0;1;0;0;1;1;2;-25,24905809;-48,90839593;"SPRF-PR";"DEL01-PR";"UOP02-DEL01-PR"
489986;2022-11-11;"sexta-feira";"16:37:00";"PB";230;20,9;"JOAO PESSOA";"Trafegar com motocicleta (ou similar) entre as faixas";"Colisão lateral mesmo sentido";"Com Vítimas Fatais";"Pleno dia";"Crescente";"Céu Claro";"Dupla";"Reta";"Sim";3;1;0;0;1;3;0;5;-7,1337;-34,8544;"SPRF-PB";"DEL01-PB";"UOP01-DEL01-PB"
489989;2022-12-01;"quinta-feira";"08:30:00";"ES";101;388,3;"RIO NOVO DO SUL";"Velocidade Incompatível";"Tombamento";"Sem Vítimas";"Pleno dia";"Decrescente";"Nublado";"Simples";"Curva";"Não";2;0;0;0;1;1;0;2;-20,85923595;-40,87608814;"SPRF-ES";"DEL03-ES";"UOP02-DEL03-ES"
489990;2022-12-01;"quinta-feira";"07:30:00";"SC";101;216,2;"PALHOCA";"Ultrapassagem Indevida";"Colisão lateral mesmo sentido";"Com Vítimas Feridas";"Pleno dia";"Crescente";"Chuva";"Múltipla";"Interseção de Vias";"Sim";2;0;1;0;1;0;1;2;-27,65981409;-48,67747798;"SPRF-SC";"DEL01-SC";"UOP02-DEL01-SC"
489994;2022-11-30;"quarta-feira";"22:40:00";"MT";364;359;"SANTO ANTONIO DO LEVERGER";"Ingestão de álcool pelo condutor";"Colisão lateral mesmo sentido";"Sem Vítimas";"Plena Noite";"Crescente";"Nublado";"Dupla";"Reta";"Não";2;0;0;0;2;0;0;2;-15,77470584;-55,62130789;"SPRF-MT";"DEL05-MT";"UOP02-DEL05-MT"
489995;2022-11-18;"sexta-feira";"07:30:00";"SP";116;205;"ARUJA";"Reação tardia ou ineficiente do condutor";"Colisão traseira";"Com Vítimas Feridas";"Pleno dia";"Crescente";"Céu Claro";"Múltipla";"Reta";"Sim";4;0;2;0;2;0;2;2;-23,41475243;-46,36600788;"SPRF-SP";"DEL01-SP";"UOP01-DEL01-SP"
489996;2022-12-01;"quinta-feira";"08:20:00";"RO";364;688;"PORTO VELHO";"Entrada inopinada do pedestre";"Atropelamento de Pedestre";"Com Vítimas Feridas";"Pleno dia";"Crescente";"Nublado";"Simples";"Reta";"Não";3;0;0;1;1;1;1;3;-8,79333792;-63,65996601;"SPRF-RO";"DEL01-RO";"UOP01-DEL01-RO"
490001;2022-11-04;"sexta-feira";"21:30:00";"MG";381;1;"BETIM";"Sinalização mal posicionada";"Colisão traseira";"Com Vítimas Feridas";"Plena Noite";"Decrescente";"Ignorado";"Dupla";"Reta";"Sim";3;0;1;0;1;1;1;3;-19,96683104;-44,15940301;"SPRF-MG";"DEL01-MG";"UOP03-DEL01-MG"
490007;2022-08-24;"quarta-feira";"19:40:00";"PR";376;391,1;"IMBAU";"Velocidade Incompatível";"Colisão com objeto";"Com Vítimas Fatais";"Plena Noite";"Decrescente";"Céu Claro";"Dupla";"Curva";"Não";5;1;0;1;2;4;1;8;-24,53023946;-50,69807528;"SPRF-PR";"DEL03-PR";"UOP02-DEL03-PR"
490010;2022-12-01;"quinta-feira";"10:27:00";"RS";386;347,6;"LAJEADO";"Manobra de mudança de faixa";"Colisão lateral mesmo sentido";"Com Vítimas Feridas";"Pleno dia";"Crescente";"Céu Claro";"Dupla";"Desvio Temporário";"Sim";3;0;1;0;2;0;1;2;-29,451736;-51,965893;"SPRF-RS";"DEL04-RS";"UOP01-DEL04-RS"
490012;2022-12-01;"quinta-feira";"10:00:00";"PR";163;62,5;"PEROLA DOESTE";"Velocidade Incompatível";"Colisão lateral sentido oposto";"Com Vítimas Feridas";"Pleno dia";"Decrescente";"Céu Claro";"Simples";"Declive;Curva";"Não";4;0;1;1;1;1;2;4;-25,849809;-53,751279;"SPRF-PR";"DEL02-PR";"UOP02-DEL02-PR"
490020;2022-11-14;"segunda-feira";"17:30:00";"MS";163;485,5;"CAMPO GRANDE";"Acessar a via sem observar a presença dos outros veículos";"Colisão transversal";"Com Vítimas Feridas";"Plena Noite";"Crescente";"Nublado";"Simples";"Reta";"Sim";3;0;1;0;1;1;1;2;-20,4354782;-54,54338551;"SPRF-MS";"DEL01-MS";"UOP02-DEL01-MS"
490023;2022-12-01;"quinta-feira";"11:30:00";"SC";470;59,5;"BLUMENAU";"Condutor deixou de manter distância do veículo da frente";"Colisão traseira";"Com Vítimas Feridas";"Pleno dia";"Crescente";"Céu Claro";"Simples";"Reta";"Não";3;0;0;1;1;1;1;3;-26,882812;-49,1548;"SPRF-SC";"DEL04-SC";"UOP01-DEL04-SC"
490027;2022-11-24;"quinta-feira";"04:00:00";"MG";251;512;"FRANCISCO SA";"Ausência de reação do condutor";"Saída de leito carroçável";"Com Vítimas Feridas";"Plena Noite";"Crescente";"Garoa/Chuvisco";"Simples";"Reta";"Não";2;0;1;0;0;1;1;2;-16,6553239;-43,71906108;"SPRF-MG";"DEL12-MG";"UOP01-DEL12-MG"