"id";"data_inversa";"dia_semana";"horario";"uf";"br";"km";"municipio";"causa_acidente";"tipo_acidente";"classificacao_acidente";"fase_dia";"sentido_via";"condicao_metereologica";"tipo_pista";"tracado_via";"uso_solo";"pessoas";"mortos";"feridos_leves";"feridos_graves";"ilesos";"ignorados";"feridos";"veiculos";"latitude";"longitude";"regional";"delegacia";"uop"
490034;2022-12-01;"quinta-feira";"13:45:00";"GO";60;387;"RIO VERDE";"Reação tardia ou ineficiente do condutor";"Colisão com objeto";"Sem Vítimas";"Pleno dia";"Decrescente";"Chuva";"Múltipla";"Reta;Aclive";"Sim";2;0;0;0;1;1;0;2;-17,810011;-50,92685;"SPRF-GO";"DEL04-GO";"UOP02-DEL04-GO"
490042;2022-11-23;"quarta-feira";"16:30:00";"MA";222;526,7;"BURITICUPU";"Acessar a via sem observar a presença dos outros veículos";"Colisão frontal";"Com Vítimas Fatais";"Pleno dia";"Decrescente";"Céu Claro";"Simples";"Declive";"Sim";2;1;0;0;1;0;0;2;-4,31885797;-46,44858997;"SPRF-MA";"DEL02-MA";"UOP01-DEL02-MA"
490043;2022-12-01;"quinta-feira";"13:40:00";"MG";40;573;"ITABIRITO";"Velocidade Incompatível";"Saída de leito carroçável";"Com Vítimas Feridas";"Pleno dia";"Decrescente";"Chuva";"Simples";"Aclive";"Não";2;0;1;0;0;1;1;2;-20,23925113;-43,9663564;"SPRF-MG";"DEL01-MG";"UOP02-DEL01-MG"
490044;2022-12-01;"quinta-feira";"11:30:00";"MT";364;205;"RONDONOPOLIS";"Pedestre cruzava a pista fora da faixa";"Atropelamento de Pedestre";"Com Vítimas Fatais";"Pleno dia";"Crescente";"Sol";"Dupla";"Reta;Aclive";"Sim";3;1;0;0;1;3;0;5;-16,45928621;-54,66092345;"SPRF-MT";"DEL02-MT";"UOP01-DEL02-MT"
490056;2022-12-01;"quinta-feira";"08:10:00";"RS";285;593;"SANTO ANTONIO DAS MISSOES";"Reação tardia ou ineficiente do condutor";"Colisão traseira";"Sem Vítimas";"Pleno dia";"Crescente";"Céu Claro";"Simples";"Reta";"Não";4;0;0;0;3;1;0;4;-28,481873;-55,21349;"SPRF-RS";"DEL12-RS";"UOP01-DEL12-RS"
490059;2022-12-01;"quinta-feira";"13:50:00";"MG";116;401,5;"GOVERNADOR VALADARES";"Desrespeitar a preferência no cruzamento";"Colisão transversal";"Com Vítimas Feridas";"Pleno dia";"Decrescente";"Nublado";"Simples";"Reta";"Não";4;0;3;0;1;0;3;3;-18,78798009;-41,98938377;"SPRF-MG";"DEL06-MG";"UOP01-DEL06-MG"
490062;2022-12-01;"quinta-feira";"12:40:00";"BA";116;218;"EUCLIDES DA CUNHA";"Ultrapassagem Indevida";"Colisão lateral mesmo sentido";"Com Vítimas Feridas";"Pleno dia";"Decrescente";"Nublado";"Simples";"Reta";"Não";5;0;1;1;2;2;2;5;-10,56529598;-38,98910163;"SPRF-BA";"DEL07-BA";"UOP02-DEL07-BA"
490064;2022-11-17;"quinta-feira";"16:20:00";"PR";476;299;"SAO MATEUS DO SUL";"Acesso irregular";"Colisão transversal";"Sem Vítimas";"Pleno dia";"Crescente";"Sol";"Simples";"Reta";"Não";3;0;0;0;2;2;0;4;-25,979588;-50,555653;"SPRF-PR";"DEL02-PR";"UOP03-DEL02-PR"
490078;2022-12-01;"quinta-feira";"16:40:00";"BA";101;500;"ITABUNA";"Ultrapassagem Indevida";"Colisão frontal";"Com Vítimas Feridas";"Anoitecer";"Crescente";"Chuva";"Simples";"Reta";"Não";4;0;3;0;1;0;3;3;-14,907918;-39,28869299;"SPRF-BA";"DEL05-BA";"UOP01-DEL05-BA"
490083;2022-12-01;"quinta-feira";"17:00:00";"MT";70;112,8;"GENERAL CARNEIRO";"Reação tardia ou ineficiente do condutor";"Colisão lateral sentido oposto";"Com Vítimas Feridas";"Pleno dia";"Crescente";"Céu Claro";"Simples";"Curva";"Não";6;0;3;0;2;1;3;3;-15,59286112;-53,05797982;"SPRF-MT";"DEL07-MT";"UOP01-DEL07-MT"
490086;2022-12-01;"quinta-feira";"11:01:00";"RJ";116;233;"PIRAI";"Manobra de mudança de faixa";"Colisão lateral mesmo sentido";"Sem Vítimas";"Pleno dia";"Decrescente";"Céu Claro";"Simples";"Curva";"Não";2;0;0;0;2;0;0;2;-22,66825407;-43,8386035;"SPRF-RJ";"DEL07-RJ";"UOP01-DEL07-RJ"
490089;2022-12-01;"quinta-feira";"16:00:00";"MT";70;513;"VARZEA GRANDE";"Reação tardia ou ineficiente do condutor";"Colisão traseira";"Com Vítimas Feridas";"Pleno dia";"Decrescente";"Céu Claro";"Simples";"Curva";"Não";5;0;1;0;3;2;1;5;-15,70567975;-56,12305641;"SPRF-MT";"DEL01-MT";"UOP02-DEL01-MT"
490092;2022-12-01;"quinta-feira";"15:30:00";"BA";110;125,7;"ANTAS";"Reação tardia ou ineficiente do condutor";"Colisão lateral mesmo sentido";"Com Vítimas Feridas";"Pleno dia";"Crescente";"Garoa/Chuvisco";"Simples";"Reta;Declive";"Não";5;0;1;2;1;1;3;3;-10,50691592;-38,37995578;"SPRF-BA";"DEL07-BA";"UOP02-DEL07-BA"
490093;2022-12-01;"quinta-feira";"07:45:00";"PR";116;8;"CAMPINA GRANDE DO SUL";"Reação tardia ou ineficiente do condutor";"Tombamento";"Com Vítimas Feridas";"Pleno dia";"Crescente";"Nublado";"Dupla";"Declive;Curva;Ponte";"Não";4;0;2;0;1;1;2;3;-25,08123277;-48,62449108;"SPRF-PR";"DEL01-PR";"UOP02-DEL01-PR"
490095;2022-12-01;"quinta-feira";"17:30:00";"PR";116;114;"CURITIBA";"Manobra de mudança de faixa";"Saída de leito carroçável";"Sem Vítimas";"Anoitecer";"Decrescente";"Chuva";"Dupla";"Reta";"Sim";2;0;0;0;1;1;0;2;-25,56296907;-49,25643801;"SPRF-PR";"DEL01-PR";"UOP07-DEL01-PR"
490096;2022-12-01;"quinta-feira";"18:00:00";"PB";230;202;"SOLEDADE";"Ultrapassagem Indevida";"Colisão lateral sentido oposto";"Com Vítimas Feridas";"Anoitecer";"Decrescente";"Céu Claro";"Simples";"Reta";"Não";3;0;1;0;2;0;1;2;-7,0984;-36,253;"SPRF-PB";"DEL02-PB";"UOP02-DEL02-PB"
490098;2022-12-01;"quinta-feira";"16:45:00";"PR";467;102,9;"CASCAVEL";"Acessar a via sem observar a presença dos outros veículos";"Tombamento";"Com Vítimas Feridas";"Pleno dia";"Decrescente";"Sol";"Dupla";"Reta";"Não";4;0;1;1;0;2;2;3;-24,9036;-53,5184;"SPRF-PR";"DEL04-PR";"UOP01-DEL04-PR"
490102;2022-12-01;"quinta-feira";"19:40:00";"PR";277;723;"FOZ DO IGUACU";"Ingestão de álcool pelo condutor";"Colisão transversal";"Com Vítimas Fatais";"Plena Noite";"Crescente";"Céu Claro";"Dupla";"Reta";"Sim";4;1;0;1;2;0;1;2;-25,49878215;-54,52985294;"SPRF-PR";"DEL05-PR";"UOP03-DEL05-PR"
490107;2022-12-01;"quinta-feira";"20:30:00";"GO";20;127;"FLORES DE GOIAS";"Acessar a via sem observar a presença dos outros veículos";"Colisão transversal";"Com Vítimas Feridas";"Plena Noite";"Crescente";"Céu Claro";"Simples";"Reta";"Não";2;0;0;1;1;0;1;2;-14,849504;-46,766163;"SPRF-DF";"DEL02-DF";"UOP03-DEL02-DF"
490109;2022-11-20;"domingo";"05:00:00";"MS";262;156;"RIBAS DO RIO PARDO";"Condutor Dormindo";"Colisão lateral sentido oposto";"Com Vítimas Feridas";"Pleno dia";"Decrescente";"Céu Claro";"Simples";"Reta";"Não";3;0;0;1;1;1;1;3;-20,46097219;-52,98788205;"SPRF-MS";"DEL07-MS";"UOP02-DEL07-MS"
490112;2022-12-01;"quinta-feira";"14:30:00";"BA";407;147;"FILADELFIA";"Condutor deixou de manter distância do veículo da frente";"Colisão traseira";"Com Vítimas Feridas";"Pleno dia";"Decrescente";"Nublado";"Simples";"Reta";"Não";21;0;6;0;14;1;6;3;-10,64576212;-40,12962341;"SPRF-BA";"DEL04-BA";"UOP01-DEL04-BA"
490117;2022-12-01;"quinta-feira";"19:40:00";"BA";101;503;"ITABUNA";"Acumulo de água sobre o pavimento";"Tombamento";"Com Vítimas Feridas";"Plena Noite";"Decrescente";"Chuva";"Simples";"Interseção de Vias;Curva;Declive";"Não";2;0;1;0;0;1;1;2;-14,93204115;-39,30057969;"SPRF-BA";"DEL05-BA";"UOP01-DEL05-BA"
490118;2022-12-01;"quinta-feira";"20:20:00";"RS";158;316;"ITAARA";"Reação tardia ou ineficiente do condutor";"Tombamento";"Com Vítimas Feridas";"Plena Noite";"Crescente";"Céu Claro";"Simples";"Curva";"Não";3;0;1;1;0;1;2;2;-29,65561869;-53,77369344;"SPRF-RS";"DEL09-RS";"UOP01-DEL09-RS"
490119;2022-12-01;"quinta-feira";"06:40:00";"BA";116;472;"SANTO ESTEVAO";"Falta de elemento de contenção que evite a saída do leito carroçável";"Saída de leito carroçável";"Com Vítimas Feridas";"Pleno dia";"Decrescente";"Sol";"Dupla";"Declive";"Não";2;0;1;0;0;1;1;2;-12,476505;-39,302916;"SPRF-BA";"DEL02-BA";"UOP01-DEL02-BA"
490121;2022-11-30;"quarta-feira";"21:50:00";"MG";251;290,6;"SALINAS";"Reação tardia ou ineficiente do condutor";"Tombamento";"Com Vítimas Fatais";"Plena Noite";"Crescente";"Chuva";"Simples";"Curva";"Não";3;1;0;0;0;2;0;3;-16,054547;-42,15512;"SPRF-MG";"DEL11-MG";"UOP02-DEL11-MG"
490122;2022-12-01;"quinta-feira";"05:00:00";"MG";116;58,1;"MEDINA";"Reação tardia ou ineficiente do condutor";"Tombamento";"Com Vítimas Feridas";"Amanhecer";"Decrescente";"Céu Claro";"Simples";"Curva";"Não";2;0;0;1;0;1;1;2;-16,123043;-41,427912;"SPRF-MG";"DEL11-MG";"UOP02-DEL11-MG"
490125;2022-12-01;"quinta-feira";"16:30:00";"GO";153;549,3;"PIRACANJUBA";"Chuva";"Saída de leito carroçável";"Com Vítimas Feridas";"Pleno dia";"Crescente";"Chuva";"Dupla";"Declive";"Não";2;0;1;0;0;1;1;2;-17,1321;-49,2141;"SPRF-GO";"DEL01-GO";"UOP03-DEL01-GO"
490126;2022-12-01;"quinta-feira";"21:30:00";"PE";232;95;"BEZERROS";"Manobra de mudança de faixa";"Saída de leito carroçável";"Com Vítimas Feridas";"Plena Noite";"Crescente";"Nublado";"Dupla";"Reta";"Não";3;0;2;0;0;1;2;2;-8,22740988;-35,69941904;"SPRF-PE";"DEL02-PE";"UOP02-DEL02PE"
490136;2022-12-02;"sexta-feira";"00:10:00";"RS";158;324;"SANTA MARIA";"Ingestão de álcool pelo condutor";"Colisão traseira";"Com Vítimas Feridas";"Plena Noite";"Crescente";"Céu Claro";"Dupla";"Viaduto";"Sim";3;0;1;0;1;1;1;3;-29,70890713;-53,80165279;"SPRF-RS";"DEL09-RS";"UOP01-DEL09-RS"
490139;2022-12-01;"quinta-feira";"23:50:00";"PR";116;129;"FAZENDA RIO GRANDE";"Ingestão de álcool pelo condutor";"Colisão traseira";"Sem Vítimas";"Pleno dia";"Decrescente";"Céu Claro";"Dupla";"Reta";"Sim";4;0;0;0;3;1;0;4;-25,63027814;-49,31381255;"SPRF-PR";"DEL01-PR";"UOP03-DEL01-PR"
490143;2022-12-01;"quinta-feira";"21:10:00";"RN";304;194;"LAJES";"Ausência de reação do condutor";"Colisão traseira";"Com Vítimas Feridas";"Plena Noite";"Decrescente";"Céu Claro";"Simples";"Reta";"Não";6;0;3;0;3;0;3;2;-5,70682682;-36,21552905;"SPRF-RN";"DEL01-RN";"UOP03-DEL01-RN"
490146;2022-12-01;"quinta-feira";"22:00:00";"MT";364;252;"JUSCIMEIRA";"Pista esburacada";"Tombamento";"Com Vítimas Feridas";"Plena Noite";"Crescente";"Céu Claro";"Dupla";"Reta";"Não";2;0;1;0;0;1;1;2;-16,10571816;-54,86275136;"SPRF-MT";"DEL02-MT";"UOP01-DEL02-MT"
490151;2022-12-02;"sexta-feira";"02:55:00";"MS";163;464;"CAMPO GRANDE";"Ausência de reação do condutor";"Colisão traseira";"Com Vítimas Feridas";"Plena Noite";"Decrescente";"Nublado";"Simples";"Reta";"Não";2;0;0;1;1;0;1;2;-20,60305192;-54,57852768;"SPRF-MS";"DEL01-MS";"UOP01-DEL01-MS"
490152;2022-12-02;"sexta-feira";"04:00:00";"MG";381;915;"ITAPEVA";"Condutor Dormindo";"Colisão com objeto";"Sem Vítimas";"Amanhecer";"Crescente";"Nublado";"Dupla";"Curva;Declive";"Sim";1;0;0;0;1;0;0;1;-22,76087082;-46,16278597;"SPRF-MG";"DEL16-MG";"UOP03-DEL16-MG"
490154;2022-12-02;"sexta-feira";"04:37:00";"SP";116;280;"EMBU DAS ARTES";"Condutor deixou de manter distância do veículo da frente";"Colisão traseira";"Com Vítimas Feridas";"Plena Noite";"Decrescente";"Nublado";"Dupla";"Declive";"Não";3;0;1;0;2;0;1;3;-23,66996108;-46,85590758;"SPRF-SP";"DEL04-SP";"UOP01-DEL04-SP"
490156;2022-12-02;"sexta-feira";"04:50:00";"RS";386;224,1;"MORMACO";"Ausência de reação do condutor";"Colisão frontal";"Com Vítimas Feridas";"Amanhecer";"Crescente";"Céu Claro";"Simples";"Reta";"Não";3;0;1;1;1;0;2;2;-28,65362;-52,613049;"SPRF-RS";"DEL04-RS";"UOP03-DEL04-RS"
490157;2022-12-02;"sexta-feira";"05:50:00";"ES";101;7,1;"PEDRO CANARIO";"Chuva";"Saída de leito carroçável";"Com Vítimas Feridas";"Amanhecer";"Crescente";"Chuva";"Simples";"Declive";"Não";1;0;1;0;0;0;1;1;-18,22768508;-39,94459291;"SPRF-ES";"DEL04-ES";"UOP02-DEL04-ES"
490164;2022-12-01;"quinta-feira";"22:40:00";"GO";50;207;"CAMPO ALEGRE DE GOIAS";"Velocidade Incompatível";"Tombamento";"Com Vítimas Feridas";"Pleno dia";"Crescente";"Céu Claro";"Simples";"Reta";"Sim";1;0;1;0;0;0;1;1;-17,628151;-47,772906;"SPRF-GO";"DEL06-GO";"UOP01-DEL06-GO"
490166;2022-12-02;"sexta-feira";"06:10:00";"MG";381;441;"SABARA";"Ultrapassagem Indevida";"Colisão lateral mesmo sentido";"Com Vítimas Feridas";"Pleno dia";"Crescente";"Céu Claro";"Simples";"Curva";"Não";5;0;0;1;3;1;1;5;-19,80934448;-43,77032697;"SPRF-MG";"DEL01-MG";"UOP01-DEL01-MG"
490178;2022-11-24;"quinta-feira";"08:00:00";"RJ";116;183;"NOVA IGUACU";"Ultrapassagem Indevida";"Colisão lateral mesmo sentido";"Com Vítimas Feridas";"Pleno dia";"Decrescente";"Céu Claro";"Dupla";"Reta";"Sim";2;0;1;0;1;0;1;2;-22,74044224;-43,49846353;"SPRF-RJ";"DEL01-RJ";"UOP02-DEL01-RJ"
490186;2022-12-02;"sexta-feira";"06:40:00";"PR";376;546,5;"PALMEIRA";"Frear bruscamente";"Saída de leito carroçável";"Com Vítimas Feridas";"Amanhecer";"Crescente";"Nublado";"Dupla";"Reta";"Não";5;0;0;2;1;2;2;4;-25,45305085;-49,7368738;"SPRF-PR";"DEL03-PR";"UOP03-DEL03-PR"
490189;2022-12-02;"sexta-feira";"02:00:00";"BA";324;434;"RIACHAO DO JACUIPE";"Condutor Dormindo";"Saída de leito carroçável";"Com Vítimas Feridas";"Plena Noite";"Crescente";"Chuva";"Simples";"Curva";"Não";1;0;0;1;0;0;1;1;-11,7904633;-39,42407122;"SPRF-BA";"DEL04-BA";"UOP02-DEL04-BA"
490190;2022-12-02;"sexta-feira";"08:20:00";"ES";101;278,9;"SERRA";"Estacionar ou parar em local proibido";"Colisão traseira";"Com Vítimas Feridas";"Pleno dia";"Decrescente";"Chuva";"Dupla";"Reta";"Sim";3;0;0;1;2;0;1;3;-20,21698365;-40,32974606;"SPRF-ES";"DEL02-ES";"UOP01-DEL02-ES"
490191;2022-12-02;"sexta-feira";"03:00:00";"MA";226;389;"GRAJAU";"Ausência de reação do condutor";"Colisão frontal";"Com Vítimas Fatais";"Plena Noite";"Crescente";"Céu Claro";"Simples";"Reta";"Não";3;1;1;0;0;1;1;3;-5,69473396;-45,91728202;"SPRF-MA";"DEL06-MA";"UOP01-DEL06-MA"
490194;2022-12-02;"sexta-feira";"07:35:00";"MT";70;225,3;"POXOREO";"Reação tardia ou ineficiente do condutor";"Tombamento";"Sem Vítimas";"Pleno dia";"Decrescente";"Céu Claro";"Simples";"Reta";"Não";3;0;0;0;2;1;0;2;-15,656784;-53,90401;"SPRF-MT";"DEL05-MT";"UOP01-DEL05-MT"
490197;2022-11-11;"sexta-feira";"16:30:00";"MA";135;83;"ITAPECURU MIRIM";"Reação tardia ou ineficiente do condutor";"Atropelamento de Pedestre";"Com Vítimas Fatais";"Pleno dia";"Decrescente";"Garoa/Chuvisco";"Simples";"Reta;Em Obras";"Não";5;1;1;0;2;1;1;3;-3,24306403;-44,37657396;"SPRF-MA";"DEL01-MA";"UOP02-DEL01-MA"
490208;2022-12-02;"sexta-feira";"10:08:00";"RJ";40;65;"PETROPOLIS";"Velocidade Incompatível";"Colisão traseira";"Sem Vítimas";"Pleno dia";"Crescente";"Céu Claro";"Dupla";"Curva";"Não";6;0;0;0;5;1;0;4;-22,427473;-43,16011;"SPRF-RJ";"DEL06-RJ";"UOP01-DEL06-RJ"
490209;2022-11-30;"quarta-feira";"16:30:00";"RJ";116;228;"PIRAI";"Demais falhas mecânicas ou elétricas";"Tombamento";"Sem Vítimas";"Pleno dia";"Decrescente";"Garoa/Chuvisco";"Simples";"Curva";"Não";1;0;0;0;1;0;0;1;-22,660623;-43,82667;"SPRF-RJ";"DEL07-RJ";"UOP01-DEL07-RJ"
490211;2022-12-02;"sexta-feira";"05:46:00";"SP";116;91,7;"PINDAMONHANGABA";"Manobra de mudança de faixa";"Tombamento";"Com Vítimas Feridas";"Amanhecer";"Crescente";"Céu Claro";"Dupla";"Reta";"Não";2;0;1;0;0;1;1;2;-22,94792286;-45,39587407;"SPRF-SP";"DEL08-SP";"UOP01-DEL08-SP"
490212;2022-12-02;"sexta-feira";"10:30:00";"MG";251;471,4;"FRANCISCO SA";"Problema com o freio";"Saída de leito carroçável";"Com Vítimas Feridas";"Pleno dia";"Crescente";"Sol";"Simples";"Declive;Reta";"Não";1;0;1;0;0;0;1;1;-16,46801304;-43,43121303;"SPRF-MG";"DEL12-MG";"UOP01-DEL12-MG"
490216;2022-12-02;"sexta-feira";"09:00:00";"MA";226;306;"BARRA DO CORDA";"Acessar a via sem observar a presença dos outros veículos";"Colisão frontal";"Com Vítimas Feridas";"Pleno dia";"Decrescente";"Sol";"Simples";"Reta";"Sim";2;0;1;0;1;0;1;2;-5,46803891;-45,28368284;"SPRF-MA";"DEL06-MA";"UOP01-DEL06-MA"
490223;2022-12-02;"sexta-feira";"11:30:00";"SC";470;56;"BLUMENAU";"Ausência de reação do condutor";"Colisão traseira";"Com Vítimas Feridas";"Pleno dia";"Crescente";"Nublado";"Simples";"Reta";"Não";4;0;0;1;2;2;1;5;-26,87674;-49,127743;"SPRF-SC";"DEL04-SC";"UOP01-DEL04-SC"
490225;2022-12-02;"sexta-feira";"11:00:00";"MG";116;269;"TEOFILO OTONI";"Transitar na contramão";"Colisão lateral sentido oposto";"Com Vítimas Feridas";"Pleno dia";"Crescente";"Chuva";"Simples";"Declive;Curva";"Não";3;0;1;0;1;1;1;3;-17,79508603;-41,50201207;"SPRF-MG";"DEL11-MG";"UOP01-DEL11-MG"
490226;2022-11-08;"terça-feira";"15:20:00";"MG";116;578;"MANHUACU";"Curva acentuada";"Tombamento";"Com Vítimas Feridas";"Pleno dia";"Crescente";"Nublado";"Simples";"Curva";"Não";2;0;1;0;0;1;1;2;-20,16991998;-42,18875093;"SPRF-MG";"DEL06-MG";"UOP03-DEL06-MG"
490230;2022-12-02;"sexta-feira";"12:25:00";"SC";101;285,5;"IMBITUBA";"Manobra de mudança de faixa";"Colisão traseira";"Com Vítimas Feridas";"Pleno dia";"Crescente";"Céu Claro";"Dupla";"Reta";"Não";4;0;1;0;2;1;1;3;-28,22947996;-48,70163526;"SPRF-SC";"DEL02-SC";"UOP03-DEL02-SC"
490235;2022-12-02;"sexta-feira";"07:00:00";"PR";369;161;"CAMBE";"Reação tardia ou ineficiente do condutor";"Colisão com objeto";"Sem Vítimas";"Pleno dia";"Crescente";"Chuva";"Dupla";"Reta";"Sim";1;0;0;0;1;0;0;1;-23,28836142;-51,2615633;"SPRF-PR";"DEL07-PR";"UOP01-DEL07-PR"
490237;2022-12-02;"sexta-feira";"08:20:00";"CE";222;202,1;"FORQUILHA";"Velocidade Incompatível";"Colisão lateral sentido oposto";"Com Vítimas Feridas";"Pleno dia";"Crescente";"Céu Claro";"Simples";"Curva";"Não";3;0;0;1;1;2;1;4;-3,79695907;-40,21547705;"SPRF-CE";"DEL04-CE";"UOP01-DEL04-CE"
490244;2022-12-02;"sexta-feira";"14:30:00";"RJ";116;257;"PIRAI";"Acessar a via sem observar a presença dos outros veículos";"Colisão lateral mesmo sentido";"Sem Vítimas";"Pleno dia";"Decrescente";"Sol";"Dupla";"Curva";"Não";3;0;0;0;3;0;0;2;-22,58631777;-44,01407302;"SPRF-RJ";"DEL07-RJ";"UOP02-DEL07-RJ"
490245;2022-12-02;"sexta-feira";"11:00:00";"RJ";116;240;"PIRAI";"Reação tardia ou ineficiente do condutor";"Colisão traseira";"Sem Vítimas";"Pleno dia";"Crescente";"Sol";"Múltipla";"Reta";"Sim";3;0;0;0;2;1;0;3;-22,62225072;-43,92505646;"SPRF-RJ";"DEL07-RJ";"UOP01-DEL07-RJ"
490246;2022-11-28;"segunda-feira";"10:30:00";"BA";415;59,4;"ITABUNA";"Velocidade Incompatível";"Saída de leito carroçável";"Com Vítimas Feridas";"Pleno dia";"Decrescente";"Chuva";"Simples";"Curva";"Não";1;0;1;0;0;0;1;1;-14,81574494;-39,29612388;"SPRF-BA";"DEL05-BA";"UOP01-DEL05-BA"
490247;2022-12-02;"sexta-feira";"14:10:00";"TO";153;496,6;"PARAISO DO TOCANTINS";"Acessar a via sem observar a presença dos outros veículos";"Colisão transversal";"Com Vítimas Feridas";"Pleno dia";"Crescente";"Nublado";"Simples";"Interseção de Vias;Reta";"Sim";2;0;1;0;1;0;1;2;-10,171278;-48,880739;"SPRF-TO";"DEL01-TO";"UOP01-DEL01-TO"
490253;2022-12-02;"sexta-feira";"15:00:00";"CE";116;25;"ITAITINGA";"Condutor deixou de manter distância do veículo da frente";"Colisão lateral mesmo sentido";"Com Vítimas Feridas";"Pleno dia";"Crescente";"Céu Claro";"Dupla";"Reta";"Não";2;0;1;0;1;0;1;2;-3,96633279;-38,51525324;"SPRF-CE";"DEL01-CE";"UOP02-DEL01-CE"
490258;2022-11-25;"sexta-feira";"21:00:00";"SP";116;506;"CAJATI";"Problema com o freio";"Incêndio";"Sem Vítimas";"Plena Noite";"Decrescente";"Céu Claro";"Dupla";"Reta";"Não";2;0;0;0;1;1;0;2;-24,79651356;-48,20839405;"SPRF-SP";"DEL05-SP";"UOP02-DEL05-SP"
490270;2022-12-02;"sexta-feira";"15:40:00";"RS";285;491,5;"ENTRE-IJUIS";"Ultrapassagem Indevida";"Saída de leito carroçável";"Com Vítimas Feridas";"Pleno dia";"Crescente";"Nublado";"Simples";"Reta";"Não";5;0;3;0;2;0;3;3;-28,375273;-54,237846;"SPRF-RS";"DEL10-RS";"UOP01-DEL10-RS"
490273;2022-12-02;"sexta-feira";"13:45:00";"BA";116;708;"MANOEL VITORINO";"Velocidade Incompatível";"Saída de leito carroçável";"Com Vítimas Feridas";"Pleno dia";"Crescente";"Chuva";"Simples";"Curva";"Não";3;0;3;0;0;0;3;1;-14,09843687;-40,22015629;"SPRF-BA";"DEL03-BA";"UOP01-DEL03-BA"
490282;2022-11-23;"quarta-feira";"12:00:00";"PR";376;170,8;"MARINGA";"Desrespeitar a preferência no cruzamento";"Colisão transversal";"Com Vítimas Feridas";"Pleno dia";"Crescente";"Céu Claro";"Dupla";"Interseção de Vias";"Sim";2;0;1;0;0;1;1;2;-23,41018291;-51,9874227;"SPRF-PR";"DEL09-PR";"UOP01-DEL09-PR"
490283;2022-12-02;"sexta-feira";"16:15:00";"PR";116;116,4;"CURITIBA";"Velocidade Incompatível";"Colisão traseira";"Sem Vítimas";"Pleno dia";"Crescente";"Sol";"Dupla";"Reta;Declive";"Sim";3;0;0;0;3;0;0;3;-25,55764049;-49,30643745;"SPRF-PR";"DEL01-PR";"UOP03-DEL01-PR"
490289;2022-12-02;"sexta-feira";"16:30:00";"GO";452;153;"BOM JESUS DE GOIAS";"Frear bruscamente";"Saída de leito carroçável";"Com Vítimas Feridas";"Pleno dia";"Decrescente";"Chuva";"Simples";"Aclive";"Não";1;0;1;0;0;0;1;1;-18,2996509;-49,56252302;"SPRF-GO";"DEL03-GO";"UOP02-DEL03-GO"
490301;2022-12-02;"sexta-feira";"16:30:00";"SC";470;68,1;"INDAIAL";"Pedestre andava na pista";"Atropelamento de Pedestre";"Com Vítimas Feridas";"Pleno dia";"Crescente";"Nublado";"Simples";"Reta";"Não";3;0;1;0;1;1;1;3;-26,877615;-49,239231;"SPRF-SC";"DEL04-SC";"UOP01-DEL04-SC"
490303;2022-12-02;"sexta-feira";"15:00:00";"MT";158;540;"AGUA BOA";"Entrada inopinada do pedestre";"Atropelamento de Pedestre";"Com Vítimas Feridas";"Pleno dia";"Crescente";"Céu Claro";"Simples";"Reta";"Não";4;0;0;1;2;2;1;5;-13,789161;-52,0403649;"SPRF-MT";"DEL07-MT";"UOP02-DEL07-MT"
490308;2022-12-02;"sexta-feira";"15:14:00";"MT";70;514;"VARZEA GRANDE";"Acesso irregular";"Queda de ocupante de veículo";"Com Vítimas Feridas";"Pleno dia";"Crescente";"Céu Claro";"Simples";"Reta";"Sim";3;0;1;0;1;1;1;3;-15,70607;-56,135012;"SPRF-MT";"DEL01-MT";"UOP02-DEL01-MT"
490311;2022-12-02;"sexta-feira";"17:40:00";"GO";40;101,1;"CRISTALINA";"Manobra de mudança de faixa";"Colisão frontal";"Com Vítimas Fatais";"Pleno dia";"Crescente";"Nublado";"Simples";"Reta";"Não";3;1;0;0;1;3;0;5;-16,793379;-47,573374;"SPRF-DF";"DEL01-DF";"UOP02-DEL01-DF"
490315;2022-12-02;"sexta-feira";"16:43:00";"PR";277;42;"MORRETES";"Velocidade Incompatível";"Colisão com objeto";"Com Vítimas Feridas";"Pleno dia";"Decrescente";"Nublado";"Dupla";"Reta;Declive";"Não";2;0;1;0;1;0;1;1;-25,57361239;-48,84469597;"SPRF-PR";"DEL01-PR";"UOP01-DEL01-PR"
490316;2022-12-02;"sexta-feira";"18:20:00";"MG";354;729,3;"POUSO ALTO";"Reação tardia ou ineficiente do condutor";"Colisão frontal";"Com Vítimas Feridas";"Plena Noite";"Crescente";"Chuva";"Simples";"Curva";"Não";3;0;1;0;1;2;1;4;-22,15348484;-44,96440172;"SPRF-MG";"DEL17-MG";"UOP01-DEL17-MG"
490322;2022-12-02;"sexta-feira";"15:45:00";"PR";277;633;"CEU AZUL";"Acessar a via sem observar a presença dos outros veículos";"Colisão transversal";"Sem Vítimas";"Pleno dia";"Crescente";"Chuva";"Simples";"Curva";"Não";2;0;0;0;2;0;0;2;-25,12585236;-53,81903487;"SPRF-PR";"DEL05-PR";"UOP02-DEL05-PR"
490323;2022-12-02;"sexta-feira";"10:00:00";"MG";262;741;"PERDIZES";"Condutor deixou de manter distância do veículo da frente";"Colisão traseira";"Com Vítimas Feridas";"Pleno dia";"Crescente";"Céu Claro";"Simples";"Reta;Desvio Temporário";"Não";4;0;1;0;2;1;1;4;-19,61348393;-47,39124298;"SPRF-MG";"DEL08-MG";"UOP01-DEL08-MG"