"id";"data_inversa";"dia_semana";"horario";"uf";"br";"km";"municipio";"causa_acidente";"tipo_acidente";"classificacao_acidente";"fase_dia";"sentido_via";"condicao_metereologica";"tipo_pista";"tracado_via";"uso_solo";"pessoas";"mortos";"feridos_leves";"feridos_graves";"ilesos";"ignorados";"feridos";"veiculos";"latitude";"longitude";"regional";"delegacia";"uop"
490328;2022-12-02;"sexta-feira";"17:00:00";"SC";101;276;"IMBITUBA";"Desrespeitar a preferência no cruzamento";"Colisão transversal";"Com Vítimas Feridas";"Pleno dia";"Decrescente";"Céu Claro";"Simples";"Interseção de Vias";"Sim";4;0;1;1;1;3;2;5;-28,14644701;-48,69204746;"SPRF-SC";"DEL02-SC";"UOP03-DEL02-SC"
490329;2022-12-02;"sexta-feira";"18:20:00";"PR";163;344;"GUAIRA";"Ingestão de álcool pelo condutor";"Colisão lateral sentido oposto";"Com Vítimas Feridas";"Pleno dia";"Crescente";"Sol";"Simples";"Reta";"Sim";3;0;1;0;1;1;1;3;-24,21375699;-54,19958751;"SPRF-PR";"DEL06-PR";"UOP01-DEL06-PR"
490332;2022-12-02;"sexta-feira";"19:40:00";"MG";40;462,8;"SETE LAGOAS";"Velocidade Incompatível";"Saída de leito carroçável";"Com Vítimas Feridas";"Plena Noite";"Crescente";"Chuva";"Dupla";"Reta;Declive";"Sim";1;0;1;0;0;0;1;1;-19,42045;-44,339154;"SPRF-MG";"DEL02-MG";"UOP01-DEL02-MG"
490339;2022-12-02;"sexta-feira";"19:00:00";"BA";116;406;"FEIRA DE SANTANA";"Ingestão de álcool pelo condutor";"Colisão frontal";"Sem Vítimas";"Plena Noite";"Decrescente";"Céu Claro";"Simples";"Reta";"Não";3;0;0;0;2;1;0;3;-12,08501763;-38,96910895;"SPRF-BA";"DEL02-BA";"UOP01-DEL02-BA"
490347;2022-12-02;"sexta-feira";"18:15:00";"PR";376;130;"NOVA ESPERANCA";"Reação tardia ou ineficiente do condutor";"Tombamento";"Com Vítimas Feridas";"Pleno dia";"Decrescente";"Céu Claro";"Dupla";"Reta";"Sim";2;0;0;1;0;2;1;3;-23,17504848;-52,23423918;"SPRF-PR";"DEL09-PR";"UOP02-DEL09-PR"
490349;2022-12-02;"sexta-feira";"18:10:00";"MG";381;908,2;"CAMBUI";"Velocidade Incompatível";"Tombamento";"Sem Vítimas";"Pleno dia";"Decrescente";"Chuva";"Dupla";"Curva";"Não";2;0;0;0;1;1;0;2;-22,71744092;-46,12652111;"SPRF-MG";"DEL16-MG";"UOP03-DEL16-MG"
490355;2022-12-02;"sexta-feira";"18:45:00";"AL";104;9;"SAO JOSE DA LAJE";"Problema com o freio";"Saída de leito carroçável";"Com Vítimas Feridas";"Plena Noite";"Crescente";"Céu Claro";"Simples";"Declive;Curva";"Não";1;0;1;0;0;0;1;1;-8,96746748;-36,01657391;"SPRF-AL";"DEL01-AL";"UOP02-DEL01-AL"
490358;2022-12-02;"sexta-feira";"21:10:00";"PR";277;635,5;"CEU AZUL";"Ingestão de álcool pelo condutor";"Colisão traseira";"Sem Vítimas";"Plena Noite";"Decrescente";"Nevoeiro/Neblina";"Simples";"Reta;Aclive";"Não";3;0;0;0;2;1;0;3;-25,142596;-53,83292;"SPRF-PR";"DEL05-PR";"UOP02-DEL05-PR"
490362;2022-12-02;"sexta-feira";"22:00:00";"SC";470;54,4;"BLUMENAU";"Ultrapassagem Indevida";"Colisão lateral mesmo sentido";"Com Vítimas Feridas";"Plena Noite";"Crescente";"Nublado";"Simples";"Reta";"Sim";5;0;1;1;2;1;2;4;-26,871065;-49,110374;"SPRF-SC";"DEL04-SC";"UOP01-DEL04-SC"
490369;2022-11-28;"segunda-feira";"12:23:00";"SC";282;54;"AGUAS MORNAS";"Pista Escorregadia";"Colisão frontal";"Com Vítimas Feridas";"Pleno dia";"Decrescente";"Garoa/Chuvisco";"Simples";"Curva";"Não";2;0;1;0;1;0;1;2;-27,685799;-48,974514;"SPRF-SC";"DEL01-SC";"UOP03-DEL01-SC"
490371;2022-12-02;"sexta-feira";"18:30:00";"MG";116;183;"CARAI";"Reação tardia ou ineficiente do condutor";"Atropelamento de Pedestre";"Com Vítimas Feridas";"Plena Noite";"Crescente";"Chuva";"Simples";"Curva;Em Obras";"Não";2;0;0;1;1;0;1;2;-17,107378;-41,49919;"SPRF-MG";"DEL11-MG";"UOP01-DEL11-MG"
490379;2022-12-02;"sexta-feira";"19:30:00";"PR";277;290;"PRUDENTOPOLIS";"Objeto estático sobre o leito carroçável";"Colisão com objeto";"Com Vítimas Feridas";"Anoitecer";"Decrescente";"Céu Claro";"Simples";"Reta";"Não";4;0;1;0;2;2;1;4;-25,315231;-51,062557;"SPRF-PR";"DEL08-PR";"UOP02-DEL08-PR"
490382;2022-12-02;"sexta-feira";"22:20:00";"MG";381;357;"JOAO MONLEVADE";"Transitar na contramão";"Colisão frontal";"Sem Vítimas";"Plena Noite";"Decrescente";"Chuva";"Simples";"Curva";"Sim";3;0;0;0;2;1;0;3;-19,85175308;-43,213709;"SPRF-MG";"DEL03-MG";"UOP01-DEL03-MG"
490388;2022-12-02;"sexta-feira";"22:45:00";"AL";101;82,5;"RIO LARGO";"Condutor Dormindo";"Colisão traseira";"Sem Vítimas";"Plena Noite";"Decrescente";"Céu Claro";"Dupla";"Reta;Aclive";"Não";3;0;0;0;2;2;0;4;-9,44864971;-35,86079908;"SPRF-AL";"DEL01-AL";"UOP01-DEL01-AL"
490391;2022-12-03;"sábado";"00:15:00";"MG";381;490;"BETIM";"Ausência de reação do condutor";"Colisão com objeto";"Com Vítimas Feridas";"Plena Noite";"Decrescente";"Nublado";"Dupla";"Reta";"Sim";4;0;0;1;2;1;1;4;-19,96502819;-44,17422195;"SPRF-MG";"DEL01-MG";"UOP03-DEL01-MG"
490394;2022-12-02;"sexta-feira";"13:05:00";"RS";392;315;"SAO SEPE";"Manobra de mudança de faixa";"Colisão lateral mesmo sentido";"Com Vítimas Feridas";"Pleno dia";"Crescente";"Céu Claro";"Simples";"Reta";"Não";4;0;1;1;1;3;2;5;-30,12131465;-53,6168164;"SPRF-RS";"DEL09-RS";"UOP01-DEL09-RS"
490412;2022-12-03;"sábado";"01:30:00";"BA";324;573;"SAO SEBASTIAO DO PASSE";"Ausência de reação do condutor";"Colisão lateral mesmo sentido";"Sem Vítimas";"Plena Noite";"Crescente";"Garoa/Chuvisco";"Dupla";"Reta";"Não";3;0;0;0;2;2;0;4;-12,5622012;-38,55964515;"SPRF-BA";"DEL01-BA";"UOP01-DEL01-BA"
490418;2022-12-03;"sábado";"02:00:00";"GO";153;494;"GOIANIA";"Velocidade Incompatível";"Colisão lateral mesmo sentido";"Com Vítimas Feridas";"Plena Noite";"Decrescente";"Chuva";"Dupla";"Reta";"Não";3;0;1;0;1;1;1;3;-16,6614;-49,2218;"SPRF-GO";"DEL01-GO";"UOP01-DEL01-GO"
490424;2022-12-03;"sábado";"02:10:00";"PE";232;210;"PESQUEIRA";"Condutor deixou de manter distância do veículo da frente";"Colisão traseira";"Com Vítimas Feridas";"Plena Noite";"Decrescente";"Céu Claro";"Simples";"Aclive";"Não";2;0;1;0;1;0;1;2;-8,36537624;-36,69766903;"SPRF-PE";"DEL03-PE";"UOP02-DEL03-PE"
490426;2022-12-03;"sábado";"02:16:00";"GO";50;125;"IPAMERI";"Chuva";"Capotamento";"Com Vítimas Feridas";"Plena Noite";"Crescente";"Chuva";"Dupla";"Reta";"Não";2;0;1;1;0;0;2;1;-16,96707657;-47,74014473;"SPRF-GO";"DEL06-GO";"UOP01-DEL06-GO"
490435;2022-12-03;"sábado";"05:00:00";"SP";116;62,2;"GUARATINGUETA";"Ingestão de álcool pelo condutor";"Colisão traseira";"Sem Vítimas";"Pleno dia";"Decrescente";"Céu Claro";"Dupla";"Reta";"Não";3;0;0;0;2;1;0;3;-22,80538606;-45,17236692;"SPRF-SP";"DEL08-SP";"UOP01-DEL08-SP"
490436;2022-12-03;"sábado";"02:30:00";"SP";116;210;"GUARULHOS";"Ausência de reação do condutor";"Colisão traseira";"Com Vítimas Feridas";"Plena Noite";"Crescente";"Vento";"Múltipla";"Aclive";"Sim";3;0;0;1;1;1;1;3;-23,42870023;-46,41085991;"SPRF-SP";"DEL01-SP";"UOP01-DEL01-SP"
490437;2022-12-03;"sábado";"05:00:00";"PR";277;77,2;"SAO JOSE DOS PINHAIS";"Ausência de reação do condutor";"Colisão traseira";"Sem Vítimas";"Plena Noite";"Decrescente";"Céu Claro";"Dupla";"Reta";"Sim";2;0;0;0;0;2;0;2;-25,51327981;-49,12433291;"SPRF-PR";"DEL01-PR";"UOP01-DEL01-PR"
490442;2022-12-03;"sábado";"05:10:00";"MA";316;280;"BELA VISTA DO MARANHAO";"Ingestão de álcool pelo condutor";"Colisão frontal";"Com Vítimas Fatais";"Amanhecer";"Decrescente";"Céu Claro";"Simples";"Reta";"Não";2;1;0;0;1;0;0;2;-3,747769;-45,2397;"SPRF-MA";"DEL02-MA";"UOP01-DEL02-MA"
490444;2022-12-03;"sábado";"05:45:00";"RS";116;260;"CANOAS";"Ausência de reação do condutor";"Colisão traseira";"Com Vítimas Feridas";"Amanhecer";"Decrescente";"Nublado";"Dupla";"Reta";"Sim";2;0;1;0;1;0;1;2;-29,881366;-51,18046872;"SPRF-RS";"DEL01-RS";"UOP01-DEL01-RS"
490448;2022-12-03;"sábado";"04:00:00";"AL";101;21,5;"MATRIZ DE CAMARAGIBE";"Ingestão de álcool pelo condutor";"Colisão frontal";"Com Vítimas Fatais";"Plena Noite";"Decrescente";"Nublado";"Simples";"Reta";"Não";5;1;0;0;1;3;0;4;-9,03672447;-35,68744275;"SPRF-AL";"DEL01-AL";"UOP02-DEL01-AL"
490449;2022-12-03;"sábado";"05:30:00";"RN";405;130,5;"SAO FRANCISCO DO OESTE";"Condutor Dormindo";"Tombamento";"Com Vítimas Fatais";"Amanhecer";"Crescente";"Céu Claro";"Simples";"Curva";"Não";2;1;1;0;0;0;1;1;-5,95858888;-38,12653433;"SPRF-RN";"DEL04-RN";"UOP02-DEL04-RN"
490453;2022-11-21;"segunda-feira";"20:30:00";"PE";232;15,5;"JABOATAO DOS GUARARAPES";"Condutor Dormindo";"Saída de leito carroçável";"Com Vítimas Feridas";"Plena Noite";"Decrescente";"Céu Claro";"Múltipla";"Curva";"Não";2;0;1;0;0;1;1;2;-8,09137732;-35,02917918;"SPRF-PE";"DEL01-PE";"UOP01-DEL01-PE"
490455;2022-12-02;"sexta-feira";"15:20:00";"MT";364;331;"CAMPO VERDE";"Chuva";"Tombamento";"Com Vítimas Feridas";"Pleno dia";"Crescente";"Chuva";"Dupla";"Curva";"Não";2;0;2;0;0;0;2;1;-15,822813;-55,419647;"SPRF-MT";"DEL05-MT";"UOP02-DEL05-MT"
490456;2022-12-02;"sexta-feira";"22:10:00";"SC";282;500,1;"XANXERE";"Acessar a via sem observar a presença dos outros veículos";"Colisão transversal";"Sem Vítimas";"Plena Noite";"Crescente";"Céu Claro";"Dupla";"Interseção de Vias";"Não";5;0;0;0;4;1;0;3;-26,88073689;-52,35877991;"SPRF-SC";"DEL07-SC";"UOP01-DEL07-SC"
490457;2022-12-03;"sábado";"05:00:00";"MT";163;1030;"PEIXOTO DE AZEVEDO";"Ultrapassagem Indevida";"Colisão lateral sentido oposto";"Sem Vítimas";"Amanhecer";"Crescente";"Nublado";"Simples";"Reta";"Sim";3;0;0;0;2;1;0;3;-10,24283751;-54,98744315;"SPRF-MT";"DEL06-MT";"UOP03-DEL06-MT"
490461;2022-12-03;"sábado";"03:10:00";"PI";343;266,7;"CAMPO MAIOR";"Ausência de reação do condutor";"Colisão traseira";"Com Vítimas Fatais";"Plena Noite";"Crescente";"Céu Claro";"Simples";"Reta;Interseção de Vias";"Sim";6;1;0;1;2;2;1;4;-4,825312;-42,1609271;"SPRF-PI";"DEL01-PI";"UOP03-DEL01-PI"
490463;2022-12-02;"sexta-feira";"19:18:00";"PE";232;412;"SERRA TALHADA";"Ausência de reação do condutor";"Colisão frontal";"Sem Vítimas";"Plena Noite";"Decrescente";"Céu Claro";"Simples";"Reta";"Sim";2;0;0;0;0;2;0;2;-7,98377927;-38,3208774;"SPRF-PE";"DEL04-PE";"UOP01-DEL04-PE"
490465;2022-11-21;"segunda-feira";"01:45:00";"AL";316;188;"TANQUE DARCA";"Ausência de reação do condutor";"Tombamento";"Sem Vítimas";"Plena Noite";"Crescente";"Céu Claro";"Simples";"Reta";"Não";1;0;0;0;1;0;0;1;-9,58496006;-36,43440843;"SPRF-AL";"DEL03-AL";"UOP01-DEL03-AL"
490473;2022-12-03;"sábado";"03:00:00";"MS";158;35;"PARANAIBA";"Demais falhas mecânicas ou elétricas";"Incêndio";"Sem Vítimas";"Plena Noite";"Crescente";"Ignorado";"Simples";"Curva";"Sim";4;0;0;0;3;5;0;8;-19,27563662;-51,4892634;"SPRF-MS";"DEL08-MS";"UOP01-DEL08-MS"
490474;2022-12-03;"sábado";"07:15:00";"PE";232;55,3;"POMBOS";"Condutor Dormindo";"Saída de leito carroçável";"Com Vítimas Fatais";"Pleno dia";"Crescente";"Céu Claro";"Dupla";"Reta";"Sim";3;1;0;0;1;1;0;3;-8,13255758;-35,36570027;"SPRF-PE";"DEL02-PE";"UOP02-DEL02PE"
490485;2022-12-03;"sábado";"09:30:00";"PR";116;31;"CAMPINA GRANDE DO SUL";"Ausência de reação do condutor";"Colisão traseira";"Com Vítimas Feridas";"Pleno dia";"Decrescente";"Nublado";"Simples";"Aclive;Reta";"Não";4;0;0;2;1;2;2;4;-25,108242;-48,825126;"SPRF-PR";"DEL01-PR";"UOP02-DEL01-PR"
490490;2022-12-03;"sábado";"05:30:00";"MT";70;195,8;"GENERAL CARNEIRO";"Reação tardia ou ineficiente do condutor";"Tombamento";"Sem Vítimas";"Amanhecer";"Decrescente";"Chuva";"Simples";"Reta";"Não";2;0;0;0;1;1;0;2;-15,72052819;-53,70372904;"SPRF-MT";"DEL05-MT";"UOP01-DEL05-MT"
490491;2022-12-03;"sábado";"09:30:00";"MS";163;477;"CAMPO GRANDE";"Condutor Dormindo";"Tombamento";"Com Vítimas Feridas";"Pleno dia";"Decrescente";"Nublado";"Simples";"Reta";"Sim";2;0;0;1;0;1;1;2;-20,50427591;-54,55557367;"SPRF-MS";"DEL01-MS";"UOP01-DEL01-MS"
490492;2022-12-03;"sábado";"10:38:00";"DF";70;7;"BRASILIA";"Ingestão de álcool pelo condutor";"Colisão traseira";"Com Vítimas Feridas";"Pleno dia";"Decrescente";"Nublado";"Múltipla";"Reta";"Sim";2;0;1;0;1;0;1;2;-15,787601;-48,114429;"SPRF-DF";"DEL03-DF";"UOP02-DEL03-DF"
490493;2022-12-03;"sábado";"08:30:00";"MA";316;246,2;"BOM JARDIM";"Velocidade Incompatível";"Colisão lateral mesmo sentido";"Com Vítimas Fatais";"Pleno dia";"Crescente";"Nublado";"Simples";"Declive";"Não";6;1;0;1;0;4;1;4;-3,630885;-45,503601;"SPRF-MA";"DEL02-MA";"UOP01-DEL02-MA"
490494;2022-12-03;"sábado";"09:10:00";"MG";381;490;"BETIM";"Ausência de reação do condutor";"Colisão traseira";"Com Vítimas Feridas";"Pleno dia";"Decrescente";"Céu Claro";"Simples";"Reta";"Sim";3;0;1;0;1;1;1;3;-19,95652859;-44,13697243;"SPRF-MG";"DEL01-MG";"UOP03-DEL01-MG"
490499;2022-12-03;"sábado";"09:55:00";"GO";60;386;"RIO VERDE";"Manobra de mudança de faixa";"Colisão lateral mesmo sentido";"Sem Vítimas";"Pleno dia";"Crescente";"Céu Claro";"Dupla";"Reta";"Sim";4;0;0;0;3;1;0;3;-17,8029;-50,9205;"SPRF-GO";"DEL04-GO";"UOP02-DEL04-GO"
490516;2022-12-03;"sábado";"13:40:00";"PE";101;80;"JABOATAO DOS GUARARAPES";"Acessar a via sem observar a presença dos outros veículos";"Colisão lateral mesmo sentido";"Sem Vítimas";"Pleno dia";"Crescente";"Céu Claro";"Dupla";"Curva";"Sim";2;0;0;0;2;0;0;2;-8,15112589;-34,9428866;"SPRF-PE";"DEL01-PE";"UOP01-DEL01-PE"
490517;2022-12-03;"sábado";"12:55:00";"RJ";101;327;"NITEROI";"Demais falhas mecânicas ou elétricas";"Incêndio";"Sem Vítimas";"Pleno dia";"Decrescente";"Nublado";"Dupla";"Reta";"Sim";1;0;0;0;1;0;0;1;-22,87117393;-43,15595099;"SPRF-RJ";"DEL02-RJ";"UOP01-DEL02-RJ"
490522;2022-12-03;"sábado";"12:30:00";"RS";285;332;"CARAZINHO";"Acessar a via sem observar a presença dos outros veículos";"Colisão transversal";"Com Vítimas Feridas";"Pleno dia";"Crescente";"Nublado";"Simples";"Reta";"Sim";2;0;1;0;1;0;1;2;-28,295189;-52,731426;"SPRF-RS";"DEL08-RS";"UOP03-DEL08-RS"
490530;2022-12-03;"sábado";"15:50:00";"ES";101;18;"PEDRO CANARIO";"Ausência de reação do condutor";"Tombamento";"Com Vítimas Feridas";"Pleno dia";"Decrescente";"Nublado";"Simples";"Curva";"Não";2;0;1;0;0;3;1;4;-18,31320539;-39,95347307;"SPRF-ES";"DEL04-ES";"UOP02-DEL04-ES"
490532;2022-12-03;"sábado";"14:43:00";"PB";101;93;"JOAO PESSOA";"Reação tardia ou ineficiente do condutor";"Colisão lateral mesmo sentido";"Com Vítimas Feridas";"Pleno dia";"Decrescente";"Céu Claro";"Dupla";"Aclive";"Sim";2;0;1;0;1;0;1;2;-7,205825;-34,90879;"SPRF-PB";"DEL01-PB";"UOP02-DEL01-PB"
490536;2022-12-03;"sábado";"15:40:00";"PR";116;152;"MANDIRITUBA";"Acessar a via sem observar a presença dos outros veículos";"Colisão transversal";"Com Vítimas Feridas";"Pleno dia";"Decrescente";"Nublado";"Simples";"Reta";"Sim";4;0;1;0;2;1;1;3;-25,83236296;-49,33609707;"SPRF-PR";"DEL01-PR";"UOP03-DEL01-PR"
490537;2022-12-03;"sábado";"06:30:00";"MT";163;664;"LUCAS DO RIO VERDE";"Problema com o freio";"Colisão traseira";"Sem Vítimas";"Pleno dia";"Decrescente";"Céu Claro";"Múltipla";"Reta";"Não";3;0;0;0;2;3;0;5;-13,266139;-56,022782;"SPRF-MT";"DEL06-MT";"UOP02-DEL06-MT"
490540;2022-12-03;"sábado";"15:15:00";"PR";116;89,1;"PIRAQUARA";"Ausência de reação do condutor";"Colisão traseira";"Com Vítimas Feridas";"Pleno dia";"Crescente";"Chuva";"Dupla";"Reta";"Não";2;0;1;0;0;1;1;2;-25,45428705;-49,08817119;"SPRF-PR";"DEL01-PR";"UOP07-DEL01-PR"
490544;2022-12-03;"sábado";"16:30:00";"CE";116;23;"ITAITINGA";"Ingestão de álcool pelo condutor";"Colisão lateral mesmo sentido";"Sem Vítimas";"Pleno dia";"Crescente";"Céu Claro";"Dupla";"Reta";"Sim";3;0;0;0;3;0;0;2;-3,94905489;-38,51212845;"SPRF-CE";"DEL01-CE";"UOP02-DEL01-CE"
490548;2022-12-03;"sábado";"14:45:00";"SP";116;431;"REGISTRO";"Reação tardia ou ineficiente do condutor";"Colisão traseira";"Com Vítimas Fatais";"Pleno dia";"Crescente";"Sol";"Dupla";"Reta";"Não";4;1;0;0;1;2;0;3;-24,41194876;-47,75392914;"SPRF-SP";"DEL05-SP";"UOP01-DEL05-SP"
490550;2022-12-03;"sábado";"16:30:00";"PR";376;66,2;"GUAIRACA";"Avarias e/ou desgaste excessivo no pneu";"Colisão com objeto";"Com Vítimas Feridas";"Pleno dia";"Crescente";"Sol";"Simples";"Reta";"Não";4;0;0;1;2;4;1;7;-22,93107785;-52,77601999;"SPRF-PR";"DEL09-PR";"UOP02-DEL09-PR"
490552;2022-12-03;"sábado";"14:00:00";"RS";116;158,2;"CAXIAS DO SUL";"Reação tardia ou ineficiente do condutor";"Saída de leito carroçável";"Com Vítimas Feridas";"Pleno dia";"Crescente";"Céu Claro";"Simples";"Curva";"Não";2;0;1;0;0;1;1;2;-29,22015528;-51,16867117;"SPRF-RS";"DEL05-RS";"UOP01-DEL05-RS"
490554;2022-12-03;"sábado";"16:30:00";"MS";163;8;"MUNDO NOVO";"Manobra de mudança de faixa";"Colisão frontal";"Com Vítimas Fatais";"Pleno dia";"Crescente";"Chuva";"Simples";"Curva";"Não";8;1;0;4;2;2;4;5;-23,99553602;-54,32870801;"SPRF-MS";"DEL09-MS";"UOP02-DEL09-MS"
490571;2022-12-03;"sábado";"19:20:00";"ES";101;238,5;"SERRA";"Acessar a via sem observar a presença dos outros veículos";"Colisão transversal";"Com Vítimas Feridas";"Plena Noite";"Decrescente";"Chuva";"Simples";"Reta";"Não";5;0;0;2;2;1;2;4;-20,00196;-40,41321;"SPRF-ES";"DEL02-ES";"UOP01-DEL02-ES"
490572;2022-12-03;"sábado";"17:10:00";"PR";163;152;"SANTA LUCIA";"Pista em desnível";"Tombamento";"Sem Vítimas";"Pleno dia";"Crescente";"Nublado";"Simples";"Curva";"Não";2;0;0;0;1;1;0;2;-25,40191702;-53,57498103;"SPRF-PR";"DEL05-PR";"UOP05-DEL05-PR"
490598;2022-12-03;"sábado";"19:50:00";"BA";420;241;"LAJE";"Transitar na contramão";"Colisão lateral sentido oposto";"Com Vítimas Feridas";"Plena Noite";"Decrescente";"Garoa/Chuvisco";"Simples";"Curva";"Não";3;0;2;0;0;1;2;2;-13,16641107;-39,41087723;"SPRF-BA";"DEL01-BA";"UOP02-DEL01-BA"
490605;2022-12-03;"sábado";"11:45:00";"SC";116;68,4;"MONTE CASTELO";"Transitar na contramão";"Colisão frontal";"Com Vítimas Fatais";"Pleno dia";"Decrescente";"Nublado";"Simples";"Reta";"Sim";5;3;0;0;1;1;0;3;-26,4550454;-50,2275973;"SPRF-SC";"DEL06-SC";"UOP02-DEL06-SC"
490610;2022-12-03;"sábado";"16:50:00";"MG";251;496,7;"FRANCISCO SA";"Velocidade Incompatível";"Colisão traseira";"Com Vítimas Feridas";"Pleno dia";"Decrescente";"Chuva";"Simples";"Reta";"Não";4;0;2;0;1;2;2;4;-16,56915479;-43,62221124;"SPRF-MG";"DEL12-MG";"UOP01-DEL12-MG"
490622;2022-12-03;"sábado";"18:20:00";"PE";232;330;"CUSTODIA";"Ingestão de álcool pelo condutor";"Colisão lateral mesmo sentido";"Com Vítimas Fatais";"Plena Noite";"Crescente";"Céu Claro";"Simples";"Reta";"Sim";3;1;0;0;1;1;0;3;-8,09012961;-37,60830897;"SPRF-PE";"DEL04-PE";"UOP02-DEL04-PE"
490626;2022-12-03;"sábado";"21:50:00";"MT";70;533;"VARZEA GRANDE";"Transitar na contramão";"Colisão frontal";"Com Vítimas Fatais";"Plena Noite";"Crescente";"Céu Claro";"Simples";"Reta";"Não";3;1;0;0;1;1;0;3;-15,6682983;-56,23906732;"SPRF-MT";"DEL01-MT";"UOP02-DEL01-MT"
490632;2022-12-03;"sábado";"23:36:00";"RS";392;20,2;"RIO GRANDE";"Manobra de mudança de faixa";"Colisão lateral mesmo sentido";"Sem Vítimas";"Plena Noite";"Crescente";"Nublado";"Dupla";"Reta";"Sim";3;0;0;0;2;1;0;3;-32,0860561;-52,20090508;"SPRF-RS";"DEL07-RS";"UOP02-DEL07-RS"
490635;2022-12-03;"sábado";"23:00:00";"PR";373;232;"IMBITUVA";"Reação tardia ou ineficiente do condutor";"Tombamento";"Com Vítimas Feridas";"Plena Noite";"Crescente";"Chuva";"Simples";"Reta";"Não";3;0;2;0;0;1;2;3;-25,18503294;-50,68743801;"SPRF-PR";"DEL03-PR";"UOP01-DEL03-PR"
490637;2022-12-03;"sábado";"23:30:00";"MT";163;842;"SINOP";"Conversão proibida";"Colisão transversal";"Com Vítimas Feridas";"Plena Noite";"Decrescente";"Chuva";"Simples";"Reta";"Sim";8;0;5;0;2;2;5;4;-11,79972562;-55,47924042;"SPRF-MT";"DEL06-MT";"NPF/DEL06-MT"
490645;2022-12-03;"sábado";"14:45:00";"GO";153;88;"PORANGATU";"Manobra de mudança de faixa";"Colisão lateral mesmo sentido";"Com Vítimas Feridas";"Pleno dia";"Decrescente";"Garoa/Chuvisco";"Simples";"Curva";"Não";3;0;1;0;1;1;1;3;-13,560633;-49,058643;"SPRF-GO";"DEL07-GO";"UOP01-DEL07-GO"
490648;2022-12-04;"domingo";"01:45:00";"GO";70;316;"JUSSARA";"Ausência de reação do condutor";"Colisão traseira";"Com Vítimas Fatais";"Plena Noite";"Decrescente";"Nublado";"Dupla";"Reta;Declive";"Sim";3;1;0;0;1;3;0;5;-15,8758557;-50,8706468;"SPRF-GO";"DEL04-GO";"UOP02-DEL04-GO"
490654;2022-12-04;"domingo";"03:50:00";"PR";476;168;"CONTENDA";"Ingestão de álcool pelo condutor";"Colisão lateral sentido oposto";"Com Vítimas Feridas";"Plena Noite";"Decrescente";"Céu Claro";"Simples";"Curva";"Não";4;0;1;0;2;1;1;3;-25,667832;-49,4978714;"SPRF-PR";"DEL01-PR";"UOP06-DEL01-PR"
490657;2022-12-04;"domingo";"05:20:00";"CE";116;19,4;"ITAITINGA";"Transitar na contramão";"Colisão frontal";"Com Vítimas Fatais";"Amanhecer";"Crescente";"Céu Claro";"Dupla";"Reta";"Não";3;1;0;0;1;1;0;3;-3,91384397;-38,50667231;"SPRF-CE";"DEL01-CE";"UOP02-DEL01-CE"
490662;2022-12-03;"sábado";"23:10:00";"SC";470;168,6;"POUSO REDONDO";"Ingestão de álcool pelo condutor";"Colisão frontal";"Com Vítimas Feridas";"Plena Noite";"Crescente";"Chuva";"Simples";"Reta";"Sim";3;0;0;1;1;1;1;3;-27,266994;-49,872524;"SPRF-SC";"DEL04-SC";"UOP02-DEL04-SC"
490664;2022-12-04;"domingo";"04:00:00";"BA";101;116,6;"ALAGOINHAS";"Demais falhas mecânicas ou elétricas";"Incêndio";"Sem Vítimas";"Plena Noite";"Decrescente";"Nublado";"Simples";"Reta";"Não";2;0;0;0;1;1;0;2;-12,1577336;-38,52847705;"SPRF-BA";"DEL01-BA";"UOP04-DEL01-BA"
490665;2022-12-04;"domingo";"05:00:00";"MG";40;462,1;"SETE LAGOAS";"Condutor Dormindo";"Colisão traseira";"Com Vítimas Fatais";"Amanhecer";"Decrescente";"Nublado";"Dupla";"Reta";"Não";3;1;1;0;1;0;1;2;-19,4136917;-44,33879427;"SPRF-MG";"DEL02-MG";"UOP01-DEL02-MG"
490677;2022-12-04;"domingo";"06:50:00";"PE";424;38;"VENTUROSA";"Reação tardia ou ineficiente do condutor";"Colisão traseira";"Com Vítimas Fatais";"Pleno dia";"Crescente";"Céu Claro";"Simples";"Reta";"Não";4;1;1;0;1;1;1;3;-8,642627;-36,834539;"SPRF-PE";"DEL04-PE";"UOP02-DEL04-PE"
490682;2022-12-03;"sábado";"14:10:00";"RJ";40;68;"PETROPOLIS";"Ausência de reação do condutor";"Colisão lateral mesmo sentido";"Com Vítimas Feridas";"Pleno dia";"Decrescente";"Céu Claro";"Dupla";"Reta";"Não";5;0;3;0;2;0;3;3;-22,4381808;-43,18488009;"SPRF-RJ";"DEL06-RJ";"UOP01-DEL06-RJ"
490683;2022-12-04;"domingo";"07:50:00";"SE";101;103;"SAO CRISTOVAO";"Ausência de reação do condutor";"Colisão lateral mesmo sentido";"Com Vítimas Feridas";"Pleno dia";"Crescente";"Céu Claro";"Dupla";"Reta";"Não";4;0;1;1;1;1;2;3;-10,95275718;-37,21920991;"SPRF-SE";"DEL02-SE";"UOP01-DEL02-SE"
490684;2022-11-14;"segunda-feira";"14:30:00";"PA";316;60,1;"CASTANHAL";"Manobra de mudança de faixa";"Colisão lateral mesmo sentido";"Com Vítimas Feridas";"Pleno dia";"Decrescente";"Céu Claro";"Dupla";"Curva";"Sim";3;0;1;0;1;1;1;2;-1,29772957;-47,95528793;"SPRF-PA";"DEL01-PA";"UOP01-DEL01-PA"
490690;2022-12-04;"domingo";"09:42:00";"RN";101;75;"NATAL";"Reação tardia ou ineficiente do condutor";"Colisão com objeto";"Sem Vítimas";"Pleno dia";"Decrescente";"Céu Claro";"Dupla";"Reta";"Não";2;0;0;0;1;1;0;2;-5,72411581;-35,2801466;"SPRF-RN";"DEL02-RN";"UOP01-DEL02-RN"