"id";"data_inversa";"dia_semana";"horario";"uf";"br";"km";"municipio";"causa_acidente";"tipo_acidente";"classificacao_acidente";"fase_dia";"sentido_via";"condicao_metereologica";"tipo_pista";"tracado_via";"uso_solo";"pessoas";"mortos";"feridos_leves";"feridos_graves";"ilesos";"ignorados";"feridos";"veiculos";"latitude";"longitude";"regional";"delegacia";"uop"
490691;2022-12-04;"domingo";"10:10:00";"GO";60;385;"RIO VERDE";"Condutor Dormindo";"Saída de leito carroçável";"Com Vítimas Feridas";"Pleno dia";"Decrescente";"Nublado";"Dupla";"Reta";"Sim";2;0;1;0;0;3;1;4;-17,7964;-50,914;"SPRF-GO";"DEL04-GO";"UOP02-DEL04-GO"
490702;2022-12-04;"domingo";"09:50:00";"PR";376;670,2;"GUARATUBA";"Ausência de reação do condutor";"Colisão com objeto";"Com Vítimas Feridas";"Pleno dia";"Decrescente";"Céu Claro";"Dupla";"Reta";"Não";1;0;1;0;0;0;1;1;-25,87689214;-48,93585725;"SPRF-PR";"DEL01-PR";"UOP04-DEL01-PR"
490705;2022-10-21;"sexta-feira";"19:50:00";"PR";153;10;"JACAREZINHO";"Acessar a via sem observar a presença dos outros veículos";"Colisão transversal";"Com Vítimas Feridas";"Plena Noite";"Crescente";"Nublado";"Simples";"Reta";"Não";3;0;1;0;1;2;1;4;-23,07581697;-49,93444116;"SPRF-PR";"DEL07-PR";"UOP04-DEL07-PR"
490706;2022-12-03;"sábado";"20:00:00";"PA";163;265;"NOVO PROGRESSO";"Reação tardia ou ineficiente do condutor";"Colisão traseira";"Com Vítimas Feridas";"Plena Noite";"Decrescente";"Ignorado";"Simples";"Reta";"Não";4;0;2;1;0;1;3;3;-6,60519016;-55,5072732;"SPRF-PA";"DEL05-PA";"UOP01-DEL05-PA"
490710;2022-12-04;"domingo";"11:51:00";"MS";163;678;"RIO VERDE DE MATO GROSSO";"Ausência de reação do condutor";"Colisão com objeto";"Com Vítimas Feridas";"Pleno dia";"Decrescente";"Céu Claro";"Simples";"Reta";"Não";2;0;1;0;0;1;1;2;-18,94110596;-54,82984864;"SPRF-MS";"DEL06-MS";"UOP02-DEL06-MS"
490713;2022-12-04;"domingo";"12:29:00";"PR";376;96;"PARANAVAI";"Ultrapassagem Indevida";"Colisão frontal";"Com Vítimas Feridas";"Pleno dia";"Decrescente";"Céu Claro";"Simples";"Reta";"Não";2;0;1;0;1;0;1;2;-23,01506057;-52,51163922;"SPRF-PR";"DEL09-PR";"UOP02-DEL09-PR"
490714;2022-11-30;"quarta-feira";"09:30:00";"SE";101;155;"ESTANCIA";"Carga excessiva e/ou mal acondicionada";"Derramamento de carga";"Sem Vítimas";"Pleno dia";"Decrescente";"Nublado";"Simples";"Reta";"Não";2;0;0;0;1;1;0;2;-11,28543839;-37,45485295;"SPRF-SE";"DEL02-SE";"UOP01-DEL02-SE"
490720;2022-12-04;"domingo";"13:09:00";"MS";163;809;"SONORA";"Ingestão de álcool pelo condutor";"Colisão frontal";"Com Vítimas Feridas";"Pleno dia";"Crescente";"Nublado";"Simples";"Reta";"Não";3;0;1;0;1;3;1;5;-17,84084271;-54,71163666;"SPRF-MS";"DEL06-MS";"UOP01-DEL06-MS"
490737;2022-12-04;"domingo";"08:10:00";"BA";116;259;"TUCANO";"Pista esburacada";"Tombamento";"Sem Vítimas";"Pleno dia";"Crescente";"Sol";"Simples";"Reta";"Sim";2;0;0;0;1;3;0;4;-10,84710114;-38,85617431;"SPRF-BA";"DEL07-BA";"UOP02-DEL07-BA"
490738;2022-11-30;"quarta-feira";"07:20:00";"SC";282;467,1;"PONTE SERRADA";"Mal súbito do condutor";"Saída de leito carroçável";"Com Vítimas Feridas";"Pleno dia";"Crescente";"Céu Claro";"Simples";"Reta";"Não";1;0;1;0;0;0;1;1;-26,85426433;-52,09612727;"SPRF-SC";"DEL07-SC";"UOP04-DEL07-SC"
490753;2022-12-04;"domingo";"10:00:00";"PR";467;91,2;"CASCAVEL";"Condutor deixou de manter distância do veículo da frente";"Colisão traseira";"Com Vítimas Feridas";"Pleno dia";"Decrescente";"Céu Claro";"Dupla";"Curva";"Não";4;0;2;0;1;1;2;3;-24,8515;-53,6035;"SPRF-PR";"DEL04-PR";"UOP01-DEL04-PR"
490756;2022-12-02;"sexta-feira";"21:40:00";"MG";262;549;"LUZ";"Velocidade Incompatível";"Colisão lateral sentido oposto";"Sem Vítimas";"Plena Noite";"Decrescente";"Chuva";"Simples";"Curva";"Não";4;0;0;0;3;1;0;4;-19,72508993;-45,86948395;"SPRF-MG";"DEL08-MG";"UOP02-DEL08-MG"
490758;2022-12-04;"domingo";"16:15:00";"RJ";116;314;"RESENDE";"Reação tardia ou ineficiente do condutor";"Colisão com objeto";"Com Vítimas Feridas";"Pleno dia";"Decrescente";"Nublado";"Dupla";"Reta";"Não";5;0;1;0;2;2;1;4;-22,46045833;-44,47218299;"SPRF-RJ";"DEL07-RJ";"UOP02-DEL07-RJ"
490765;2022-12-04;"domingo";"13:30:00";"MT";364;312;"JACIARA";"Ausência de reação do condutor";"Tombamento";"Com Vítimas Feridas";"Pleno dia";"Crescente";"Nublado";"Dupla";"Reta";"Não";3;0;2;0;0;1;2;2;-15,81254719;-55,25660503;"SPRF-MT";"DEL05-MT";"UOP02-DEL05-MT"
490770;2022-12-04;"domingo";"18:15:00";"PE";110;105;"SERTANIA";"Demais falhas mecânicas ou elétricas";"Incêndio";"Sem Vítimas";"Plena Noite";"Decrescente";"Nublado";"Simples";"Reta";"Não";2;0;0;0;1;1;0;2;-8,401968;-37,360338;"SPRF-PE";"DEL04-PE";"UOP02-DEL04-PE"
490775;2022-12-04;"domingo";"18:00:00";"MG";40;612;"CONGONHAS";"Demais falhas mecânicas ou elétricas";"Colisão traseira";"Com Vítimas Feridas";"Plena Noite";"Crescente";"Chuva";"Simples";"Viaduto;Curva";"Sim";6;0;1;0;5;0;1;2;-20,51778098;-43,83603641;"SPRF-MG";"DEL05-MG";"UOP02-DEL05-MG"
490794;2022-12-04;"domingo";"19:30:00";"RJ";116;181;"NOVA IGUACU";"Ingestão de álcool pelo condutor";"Colisão traseira";"Sem Vítimas";"Plena Noite";"Crescente";"Céu Claro";"Múltipla";"Reta";"Sim";2;0;0;0;2;0;0;2;-22,761312;-43,423492;"SPRF-RJ";"DEL01-RJ";"UOP02-DEL01-RJ"
490799;2022-12-04;"domingo";"21:10:00";"PR";116;22;"ANTONINA";"Ingestão de álcool ou de substâncias psicoativas pelo pedestre";"Atropelamento de Pedestre";"Com Vítimas Feridas";"Plena Noite";"Decrescente";"Nublado";"Dupla";"Reta";"Não";4;0;0;1;1;2;1;3;-25,10922624;-48,74659689;"SPRF-PR";"DEL01-PR";"UOP02-DEL01-PR"
490821;2022-12-04;"domingo";"12:45:00";"PR";376;307,5;"MAUA DA SERRA";"Velocidade Incompatível";"Tombamento";"Com Vítimas Feridas";"Pleno dia";"Decrescente";"Sol";"Dupla";"Curva";"Não";2;0;1;1;0;0;2;1;-23,94997889;-51,11908436;"SPRF-PR";"DEL07-PR";"UOP02-DEL07-PR"
490823;2022-12-04;"domingo";"21:00:00";"MT";364;892;"CAMPO NOVO DO PARECIS";"Pista em desnível";"Tombamento";"Sem Vítimas";"Plena Noite";"Decrescente";"Chuva";"Simples";"Reta";"Não";3;0;0;0;0;3;0;2;-13,62971092;-57,90084069;"SPRF-MT";"DEL01-MT";"UOP01-DEL01-MT"
490825;2022-12-04;"domingo";"23:40:00";"PR";369;164,8;"CAMBE";"Ausência de reação do condutor";"Colisão traseira";"Com Vítimas Feridas";"Plena Noite";"Crescente";"Nublado";"Dupla";"Aclive";"Sim";2;0;1;0;1;0;1;2;-23,29518272;-51,2944264;"SPRF-PR";"DEL07-PR";"UOP01-DEL07-PR"
490834;2022-12-04;"domingo";"16:30:00";"BA";116;842,6;"VITORIA DA CONQUISTA";"Reação tardia ou ineficiente do condutor";"Colisão traseira";"Com Vítimas Feridas";"Pleno dia";"Crescente";"Nublado";"Simples";"Reta";"Não";8;0;3;1;3;1;4;4;-14,9308819;-40,88735915;"SPRF-BA";"DEL08-BA";"UOP01-DEL08-BA"
490836;2022-12-05;"segunda-feira";"03:30:00";"PE";423;122;"SALOA";"Ingestão de álcool pelo condutor";"Colisão traseira";"Com Vítimas Feridas";"Plena Noite";"Crescente";"Céu Claro";"Simples";"Reta";"Sim";3;0;1;0;1;1;1;3;-8,91969478;-36,71197083;"SPRF-PE";"DEL03-PE";"UOP01-DEL03-PE"
490842;2022-12-05;"segunda-feira";"03:45:00";"MS";163;662;"RIO VERDE DE MATO GROSSO";"Condutor Dormindo";"Saída de leito carroçável";"Com Vítimas Feridas";"Plena Noite";"Crescente";"Céu Claro";"Simples";"Reta";"Não";1;0;1;0;0;0;1;1;-19,06604393;-54,79270684;"SPRF-MS";"DEL06-MS";"UOP02-DEL06-MS"
490847;2022-12-04;"domingo";"20:50:00";"RS";386;154;"ALMIRANTE TAMANDARE DO SUL";"Ingestão de álcool pelo condutor";"Colisão frontal";"Com Vítimas Fatais";"Plena Noite";"Crescente";"Céu Claro";"Simples";"Reta";"Não";3;1;0;0;1;1;0;3;-28,10282;-52,86056;"SPRF-RS";"DEL08-RS";"UOP01-DEL08-RS"
490848;2022-12-05;"segunda-feira";"05:10:00";"AL";101;211;"SAO SEBASTIAO";"Manobra de mudança de faixa";"Saída de leito carroçável";"Com Vítimas Feridas";"Pleno dia";"Decrescente";"Chuva";"Dupla";"Em Obras";"Não";2;0;0;1;0;1;1;2;-10,01079526;-36,61367881;"SPRF-AL";"DEL02-AL";"UOP02-DEL02-AL"
490849;2022-10-09;"domingo";"08:30:00";"RS";285;405,8;"PANAMBI";"Transitar na contramão";"Colisão frontal";"Com Vítimas Fatais";"Pleno dia";"Decrescente";"Nublado";"Simples";"Declive";"Não";3;1;0;0;1;1;0;3;-28,378822;-53,383121;"SPRF-RS";"DEL10-RS";"UOP02-DEL10-RS"
490857;2022-12-05;"segunda-feira";"06:35:00";"PR";116;110;"CURITIBA";"Frear bruscamente";"Colisão traseira";"Com Vítimas Feridas";"Pleno dia";"Decrescente";"Céu Claro";"Dupla";"Reta";"Sim";3;0;1;0;1;1;1;3;-25,56304898;-49,25711632;"SPRF-PR";"DEL01-PR";"UOP07-DEL01-PR"
490861;2022-12-05;"segunda-feira";"06:00:00";"MS";163;183;"JUTI";"Manobra de mudança de faixa";"Colisão frontal";"Com Vítimas Feridas";"Pleno dia";"Crescente";"Céu Claro";"Simples";"Reta";"Não";3;0;0;1;1;1;1;3;-22,81789076;-54,70297393;"SPRF-MS";"DEL09-MS";"UOP01-DEL09-MS"
490862;2022-12-05;"segunda-feira";"00:30:00";"CE";20;136,9;"TAUA";"Demais falhas na via";"Saída de leito carroçável";"Sem Vítimas";"Plena Noite";"Crescente";"Céu Claro";"Simples";"Reta";"Não";2;0;0;0;1;1;0;2;-5,59110308;-40,09534887;"SPRF-CE";"DEL02-CE";"UOP02-DEL02-CE"
490865;2022-12-05;"segunda-feira";"03:30:00";"GO";153;314,5;"RIALMA";"Demais falhas mecânicas ou elétricas";"Tombamento";"Sem Vítimas";"Plena Noite";"Crescente";"Nublado";"Simples";"Reta";"Não";2;0;0;0;1;2;0;3;-15,398662;-49,538452;"SPRF-GO";"DEL02-GO";"UOP02-DEL02-GO"
490866;2022-12-05;"segunda-feira";"05:30:00";"RS";116;260;"CANOAS";"Objeto estático sobre o leito carroçável";"Eventos atípicos";"Sem Vítimas";"Amanhecer";"Crescente";"Céu Claro";"Dupla";"Reta";"Sim";5;0;0;0;4;1;0;5;-29,879208;-51,18045622;"SPRF-RS";"DEL01-RS";"UOP01-DEL01-RS"
490867;2022-12-05;"segunda-feira";"05:07:00";"TO";153;93;"WANDERLANDIA";"Demais falhas mecânicas ou elétricas";"Incêndio";"Sem Vítimas";"Amanhecer";"Crescente";"Céu Claro";"Simples";"Aclive";"Não";2;0;0;0;1;3;0;4;-6,85508282;-47,97299287;"SPRF-TO";"DEL02-TO";"UOP01-DEL02-TO"
490869;2022-12-05;"segunda-feira";"05:00:00";"SE";101;155,6;"ESTANCIA";"Acumulo de óleo sobre o pavimento";"Colisão frontal";"Com Vítimas Fatais";"Amanhecer";"Crescente";"Nublado";"Simples";"Curva";"Não";3;1;0;0;1;1;0;3;-11,28543839;-37,45485295;"SPRF-SE";"DEL02-SE";"UOP01-DEL02-SE"
490870;2022-12-04;"domingo";"15:10:00";"BA";116;795;"VITORIA DA CONQUISTA";"Ultrapassagem Indevida";"Colisão frontal";"Com Vítimas Fatais";"Pleno dia";"Crescente";"Nublado";"Simples";"Reta";"Não";8;4;1;2;0;1;3;4;-14,68813082;-40,5593791;"SPRF-BA";"DEL08-BA";"UOP02-DEL08-BA"
490874;2022-12-05;"segunda-feira";"07:50:00";"RS";470;225;"GARIBALDI";"Acessar a via sem observar a presença dos outros veículos";"Colisão transversal";"Com Vítimas Feridas";"Pleno dia";"Crescente";"Nublado";"Simples";"Curva;Interseção de Vias;Declive";"Sim";9;0;2;0;6;2;2;5;-29,21454003;-51,51762617;"SPRF-RS";"DEL06-RS";"UOP01-DEL06-RS"
490882;2022-12-05;"segunda-feira";"07:00:00";"PI";343;309;"ALTOS";"Ausência de reação do condutor";"Colisão lateral mesmo sentido";"Com Vítimas Feridas";"Pleno dia";"Decrescente";"Céu Claro";"Simples";"Curva";"Sim";3;0;0;2;1;0;2;2;-5,04012;-42,476742;"SPRF-PI";"DEL01-PI";"UOP01-DEL01-PI"
490883;2022-12-05;"segunda-feira";"06:59:00";"SP";381;76,5;"SAO PAULO";"Reação tardia ou ineficiente do condutor";"Tombamento";"Com Vítimas Feridas";"Pleno dia";"Crescente";"Nublado";"Dupla";"Curva";"Não";2;0;1;0;0;2;1;3;-23,390184;-46,570356;"SPRF-SP";"DEL03-SP";"UOP01-DEL03-SP"
490888;2022-12-05;"segunda-feira";"08:00:00";"SP";116;401;"MIRACATU";"Sinalização mal posicionada";"Saída de leito carroçável";"Com Vítimas Feridas";"Pleno dia";"Decrescente";"Céu Claro";"Dupla";"Reta";"Não";2;0;1;0;0;1;1;2;-24,31051469;-47,50995275;"SPRF-SP";"DEL04-SP";"UOP02-DEL04-SP"
490895;2022-12-05;"segunda-feira";"08:28:00";"MG";381;377;"SAO GONCALO DO RIO ABAIXO";"Reação tardia ou ineficiente do condutor";"Colisão traseira";"Com Vítimas Feridas";"Pleno dia";"Decrescente";"Nublado";"Dupla";"Curva";"Não";7;0;3;0;4;0;3;2;-19,832064;-43,35244;"SPRF-MG";"DEL01-MG";"UOP01-DEL01-MG"
490899;2022-12-02;"sexta-feira";"23:50:00";"RS";386;154,2;"ALMIRANTE TAMANDARE DO SUL";"Ausência de reação do condutor";"Saída de leito carroçável";"Sem Vítimas";"Plena Noite";"Decrescente";"Céu Claro";"Simples";"Reta";"Não";1;0;0;0;1;0;0;1;-28,111137;-52,860538;"SPRF-RS";"DEL08-RS";"UOP01-DEL08-RS"
490902;2022-12-05;"segunda-feira";"09:50:00";"SP";153;264;"MARILIA";"Ultrapassagem Indevida";"Colisão frontal";"Com Vítimas Feridas";"Pleno dia";"Decrescente";"Garoa/Chuvisco";"Simples";"Reta";"Não";3;0;3;0;0;0;3;2;-22,29842576;-49,90881386;"SPRF-SP";"DEL07-SP";"UOP02-DEL07-SP"
490908;2022-12-05;"segunda-feira";"10:25:00";"MG";40;397,1;"CURVELO";"Ultrapassagem Indevida";"Colisão frontal";"Com Vítimas Feridas";"Pleno dia";"Decrescente";"Céu Claro";"Simples";"Curva;Declive";"Não";4;0;1;1;1;1;2;3;-19,00510122;-44,65692336;"SPRF-MG";"DEL02-MG";"UOP01-DEL02-MG"
490912;2022-11-11;"sexta-feira";"05:40:00";"MA";222;186;"ITAPECURU MIRIM";"Reação tardia ou ineficiente do condutor";"Colisão com objeto";"Com Vítimas Feridas";"Amanhecer";"Crescente";"Céu Claro";"Simples";"Curva";"Não";2;0;1;0;0;1;1;2;-3,47755237;-44,20823599;"SPRF-MA";"DEL01-MA";"UOP02-DEL01-MA"
490913;2022-12-05;"segunda-feira";"11:00:00";"PR";369;186;"ARAPONGAS";"Entrada inopinada do pedestre";"Atropelamento de Pedestre";"Com Vítimas Feridas";"Pleno dia";"Decrescente";"Céu Claro";"Simples";"Reta;Interseção de Vias";"Sim";3;0;0;1;1;1;1;2;-23,40755009;-51,42806411;"SPRF-PR";"DEL07-PR";"UOP03-DEL07-PR"
490918;2022-11-27;"domingo";"07:33:00";"MG";381;707;"LAVRAS";"Velocidade Incompatível";"Capotamento";"Com Vítimas Feridas";"Pleno dia";"Decrescente";"Céu Claro";"Dupla";"Curva";"Sim";2;0;1;0;0;1;1;2;-21,356461;-45,18478;"SPRF-MG";"DEL04-MG";"UOP02-DEL04-MG"
490920;2022-12-05;"segunda-feira";"10:30:00";"RJ";465;16;"NOVA IGUACU";"Reação tardia ou ineficiente do condutor";"Colisão traseira";"Sem Vítimas";"Pleno dia";"Crescente";"Nublado";"Simples";"Curva";"Não";2;0;0;0;2;0;0;2;-22,815538;-43,624565;"SPRF-RJ";"DEL03-RJ";"UOP01-DEL03-RJ"
490921;2022-12-05;"segunda-feira";"11:15:00";"SP";116;230;"SAO PAULO";"Condutor deixou de manter distância do veículo da frente";"Engavetamento";"Com Vítimas Feridas";"Pleno dia";"Crescente";"Chuva";"Simples";"Reta";"Não";5;0;2;0;3;0;2;3;-23,52251783;-46,5855702;"SPRF-SP";"DEL01-SP";"UOP01-DEL01-SP"
490925;2022-12-05;"segunda-feira";"05:55:00";"BA";101;750,8;"ITABELA";"Curva acentuada";"Saída de leito carroçável";"Com Vítimas Feridas";"Amanhecer";"Crescente";"Céu Claro";"Simples";"Curva;Aclive";"Não";2;0;1;0;0;3;1;4;-16,76080808;-39,46601898;"SPRF-BA";"DEL09-BA";"UOP01-DEL09-BA"
490928;2022-12-05;"segunda-feira";"11:00:00";"MG";50;160,2;"UBERABA";"Velocidade Incompatível";"Saída de leito carroçável";"Com Vítimas Feridas";"Pleno dia";"Crescente";"Céu Claro";"Dupla";"Reta";"Não";3;0;2;0;0;1;2;3;-19,67699678;-47,995947;"SPRF-MG";"DEL13-MG";"UOP01-DEL13-MG"
490932;2022-12-05;"segunda-feira";"11:50:00";"CE";116;16;"EUSEBIO";"Ausência de reação do condutor";"Colisão lateral mesmo sentido";"Com Vítimas Feridas";"Pleno dia";"Decrescente";"Céu Claro";"Dupla";"Reta";"Sim";3;0;1;0;1;1;1;3;-3,88732794;-38,50185439;"SPRF-CE";"DEL01-CE";"UOP02-DEL01-CE"
490933;2022-12-05;"segunda-feira";"11:20:00";"GO";153;67;"PORANGATU";"Problema com o freio";"Eventos atípicos";"Sem Vítimas";"Pleno dia";"Crescente";"Céu Claro";"Simples";"Reta";"Não";5;0;0;0;3;2;0;4;-13,419951;-49,130875;"SPRF-GO";"DEL07-GO";"UOP01-DEL07-GO"
490936;2022-12-05;"segunda-feira";"08:00:00";"SC";158;136,5;"PALMITOS";"Faixas de trânsito com largura insuficiente";"Saída de leito carroçável";"Sem Vítimas";"Pleno dia";"Crescente";"Céu Claro";"Simples";"Curva";"Não";4;0;0;0;1;3;0;4;-27,08534008;-53,21966171;"SPRF-SC";"DEL07-SC";"UOP02-DEL07-SC"
490940;2022-12-05;"segunda-feira";"14:30:00";"PR";373;203;"IPIRANGA";"Condutor Dormindo";"Colisão lateral sentido oposto";"Sem Vítimas";"Pleno dia";"Crescente";"Céu Claro";"Simples";"Reta";"Não";3;0;0;0;2;2;0;4;-25,11338273;-50,43173139;"SPRF-PR";"DEL03-PR";"UOP01-DEL03-PR"
490941;2022-12-05;"segunda-feira";"13:20:00";"PR";158;527,2;"PATO BRANCO";"Velocidade Incompatível";"Tombamento";"Com Vítimas Feridas";"Pleno dia";"Crescente";"Céu Claro";"Simples";"Curva";"Sim";3;0;0;1;1;1;1;3;-26,16899899;-52,66361486;"SPRF-PR";"DEL02-PR";"UOP01-DEL02-PR"
490945;2022-12-05;"segunda-feira";"13:10:00";"MS";158;109;"PARANAIBA";"Transitar na contramão";"Colisão lateral sentido oposto";"Com Vítimas Feridas";"Pleno dia";"Crescente";"Céu Claro";"Simples";"Reta";"Não";5;0;1;0;3;2;1;6;-19,772513;-51,119828;"SPRF-MS";"DEL08-MS";"UOP01-DEL08-MS"
490946;2022-12-05;"segunda-feira";"15:28:00";"MG";40;438;"PARAOPEBA";"Demais falhas mecânicas ou elétricas";"Saída de leito carroçável";"Com Vítimas Feridas";"Pleno dia";"Crescente";"Céu Claro";"Dupla";"Reta";"Não";3;0;2;0;0;1;2;2;-19,23100428;-44,43562244;"SPRF-MG";"DEL02-MG";"UOP01-DEL02-MG"
490948;2022-12-05;"segunda-feira";"14:30:00";"PR";373;176,8;"PONTA GROSSA";"Ausência de reação do condutor";"Engavetamento";"Com Vítimas Feridas";"Pleno dia";"Crescente";"Céu Claro";"Dupla";"Reta";"Sim";6;0;0;1;4;3;1;7;-25,06082803;-50,21845202;"SPRF-PR";"DEL03-PR";"UOP01-DEL03-PR"
490949;2022-12-05;"segunda-feira";"15:00:00";"RS";116;149,7;"CAXIAS DO SUL";"Reação tardia ou ineficiente do condutor";"Colisão traseira";"Com Vítimas Feridas";"Pleno dia";"Crescente";"Nublado";"Dupla";"Reta;Declive";"Sim";5;0;1;0;4;0;1;4;-29,15996905;-51,15645292;"SPRF-RS";"DEL05-RS";"UOP01-DEL05-RS"
490951;2022-12-05;"segunda-feira";"13:20:00";"GO";452;156;"ITUMBIARA";"Chuva";"Colisão lateral sentido oposto";"Com Vítimas Fatais";"Pleno dia";"Crescente";"Chuva";"Simples";"Reta";"Não";5;1;0;2;1;2;2;4;-18,29685014;-49,53730602;"SPRF-GO";"DEL03-GO";"UOP02-DEL03-GO"
490960;2022-12-05;"segunda-feira";"15:59:00";"PR";369;177,1;"ROLANDIA";"Reação tardia ou ineficiente do condutor";"Saída de leito carroçável";"Sem Vítimas";"Pleno dia";"Crescente";"Céu Claro";"Dupla";"Reta";"Sim";1;0;0;0;1;0;0;1;-23,351451;-51,388089;"SPRF-PR";"DEL07-PR";"UOP01-DEL07-PR"
490963;2022-12-05;"segunda-feira";"16:31:00";"BA";242;305;"LAJEDINHO";"Manobra de mudança de faixa";"Colisão traseira";"Sem Vítimas";"Pleno dia";"Decrescente";"Nublado";"Simples";"Reta";"Não";3;0;0;0;2;1;0;3;-12,479197;-41,120894;"SPRF-BA";"DEL06-BA";"UOP02-DEL06-BA"
490966;2022-12-05;"segunda-feira";"17:10:00";"RN";406;149;"CEARA-MIRIM";"Acessar a via sem observar a presença dos outros veículos";"Colisão transversal";"Com Vítimas Feridas";"Plena Noite";"Crescente";"Céu Claro";"Simples";"Reta";"Sim";2;0;1;0;1;0;1;2;-5,6485583;-35,44127004;"SPRF-RN";"DEL02-RN";"UOP01-DEL02-RN"
490967;2022-12-05;"segunda-feira";"15:05:00";"GO";60;381;"RIO VERDE";"Acessar a via sem observar a presença dos outros veículos";"Colisão lateral mesmo sentido";"Com Vítimas Feridas";"Pleno dia";"Crescente";"Chuva";"Dupla";"Viaduto";"Sim";4;0;1;0;2;1;1;4;-17,7727;-50,8862;"SPRF-GO";"DEL04-GO";"UOP02-DEL04-GO"
490970;2022-12-05;"segunda-feira";"15:40:00";"MG";262;465,7;"BOM DESPACHO";"Chuva";"Engavetamento";"Com Vítimas Feridas";"Pleno dia";"Crescente";"Chuva";"Simples";"Aclive";"Não";4;0;2;0;2;0;2;3;-19,80935414;-45,11587504;"SPRF-MG";"DEL08-MG";"UOP03-DEL08-MG"
490974;2022-12-05;"segunda-feira";"07:55:00";"SC";470;8;"NAVEGANTES";"Ultrapassagem Indevida";"Colisão frontal";"Com Vítimas Feridas";"Pleno dia";"Crescente";"Nublado";"Simples";"Viaduto";"Não";5;0;0;1;3;2;1;6;-26,83688;-48,718853;"SPRF-SC";"DEL04-SC";"UOP04-DEL04-SC"
490979;2022-12-05;"segunda-feira";"16:40:00";"PR";116;122;"CURITIBA";"Trafegar com motocicleta (ou similar) entre as faixas";"Colisão traseira";"Com Vítimas Feridas";"Pleno dia";"Crescente";"Chuva";"Dupla";"Reta";"Sim";3;0;0;1;2;0;1;3;-25,601269;-49,317752;"SPRF-PR";"DEL01-PR";"UOP03-DEL01-PR"
490980;2022-12-05;"segunda-feira";"17:54:00";"SP";153;16,7;"NOVA GRANADA";"Ausência de reação do condutor";"Colisão frontal";"Com Vítimas Feridas";"Pleno dia";"Decrescente";"Nublado";"Simples";"Reta";"Não";3;0;1;0;1;1;1;3;-20,42728093;-49,27318514;"SPRF-SP";"DEL09-SP";"UOP01-DEL09-SP"
490995;2022-12-05;"segunda-feira";"12:00:00";"GO";60;46,3;"ALEXANIA";"Velocidade Incompatível";"Colisão com objeto";"Com Vítimas Feridas";"Pleno dia";"Crescente";"Chuva";"Dupla";"Curva";"Não";2;0;1;0;0;1;1;2;-16,143545;-48,600014;"SPRF-GO";"DEL02-GO";"UOP01-DEL02-GO"
490998;2022-12-05;"segunda-feira";"16:00:00";"MG";40;45,7;"PARACATU";"Acessar a via sem observar a presença dos outros veículos";"Colisão transversal";"Com Vítimas Feridas";"Pleno dia";"Crescente";"Céu Claro";"Simples";"Interseção de Vias;Reta;Retorno Regulamentado";"Sim";4;0;1;0;2;1;1;3;-17,23557257;-46,84580984;"SPRF-MG";"DEL14-MG";"UOP01-DEL14-MG"
491011;2022-12-05;"segunda-feira";"21:50:00";"MG";381;652;"SANTO ANTONIO DO AMPARO";"Reação tardia ou ineficiente do condutor";"Colisão com objeto";"Com Vítimas Feridas";"Plena Noite";"Crescente";"Chuva";"Dupla";"Curva";"Não";2;0;0;1;0;1;1;2;-20,98384831;-44,94479972;"SPRF-MG";"DEL04-MG";"UOP02-DEL04-MG"
491021;2022-12-05;"segunda-feira";"21:15:00";"SC";116;172;"PONTE ALTA DO NORTE";"Manobra de mudança de faixa";"Colisão lateral mesmo sentido";"Com Vítimas Feridas";"Plena Noite";"Decrescente";"Céu Claro";"Simples";"Aclive";"Não";5;0;1;0;3;1;1;3;-27,21243998;-50,4652468;"SPRF-SC";"DEL05-SC";"UOP03-DEL05-SC"
491024;2022-12-05;"segunda-feira";"16:20:00";"RJ";116;229;"PIRAI";"Velocidade Incompatível";"Saída de leito carroçável";"Com Vítimas Feridas";"Pleno dia";"Decrescente";"Chuva";"Dupla";"Curva";"Não";1;0;1;0;0;0;1;1;-22,65646622;-43,82206692;"SPRF-RJ";"DEL07-RJ";"UOP01-DEL07-RJ"
491027;2022-12-05;"segunda-feira";"19:40:00";"MT";158;501;"CANARANA";"Demais falhas na via";"Tombamento";"Sem Vítimas";"Plena Noite";"Crescente";"Céu Claro";"Simples";"Reta";"Não";2;0;0;0;1;2;0;3;-13,53230705;-51,91888579;"SPRF-MT";"DEL07-MT";"UOP02-DEL07-MT"
491040;2022-12-05;"segunda-feira";"09:40:00";"PR";376;497,4;"PONTA GROSSA";"Manobra de mudança de faixa";"Colisão lateral mesmo sentido";"Sem Vítimas";"Pleno dia";"Crescente";"Céu Claro";"Dupla";"Reta";"Não";2;0;0;0;2;0;0;2;-25,18271102;-50,09257101;"SPRF-PR";"DEL03-PR";"UOP04-DEL03-PR"
491052;2022-11-30;"quarta-feira";"16:30:00";"PR";153;504;"GENERAL CARNEIRO";"Reação tardia ou ineficiente do condutor";"Colisão frontal";"Com Vítimas Feridas";"Pleno dia";"Crescente";"Chuva";"Simples";"Curva";"Não";3;0;1;0;1;1;1;3;-26,52245654;-51,35848046;"SPRF-PR";"DEL02-PR";"UOP03-DEL02-PR"
491066;2022-12-06;"terça-feira";"07:30:00";"RJ";116;70;"TERESOPOLIS";"Chuva";"Capotamento";"Com Vítimas Feridas";"Amanhecer";"Crescente";"Chuva";"Simples";"Curva";"Não";1;0;1;0;0;0;1;1;-22,36325274;-42,95036316;"SPRF-RJ";"DEL04-RJ";"UOP01-DEL04-RJ"