"id";"data_inversa";"dia_semana";"horario";"uf";"br";"km";"municipio";"causa_acidente";"tipo_acidente";"classificacao_acidente";"fase_dia";"sentido_via";"condicao_metereologica";"tipo_pista";"tracado_via";"uso_solo";"pessoas";"mortos";"feridos_leves";"feridos_graves";"ilesos";"ignorados";"feridos";"veiculos";"latitude";"longitude";"regional";"delegacia";"uop"
491084;2022-12-06;"terça-feira";"09:45:00";"RS";285;262;"GENTIL";"Conversão proibida";"Saída de leito carroçável";"Com Vítimas Feridas";"Pleno dia";"Crescente";"Céu Claro";"Simples";"Reta";"Não";3;0;1;1;1;0;2;2;-28,307819;-52,099564;"SPRF-RS";"DEL08-RS";"UOP03-DEL08-RS"
491085;2022-12-06;"terça-feira";"09:50:00";"MG";40;593,4;"OURO PRETO";"Chuva";"Colisão lateral sentido oposto";"Com Vítimas Feridas";"Pleno dia";"Crescente";"Chuva";"Simples";"Curva";"Não";3;0;1;0;1;2;1;4;-20,39652552;-43,90310526;"SPRF-MG";"DEL05-MG";"UOP02-DEL05-MG"
491088;2022-12-06;"terça-feira";"10:00:00";"BA";242;330;"LENCOIS";"Transitar na contramão";"Colisão transversal";"Com Vítimas Feridas";"Pleno dia";"Crescente";"Nublado";"Simples";"Curva";"Não";3;0;1;0;1;2;1;4;-12,48804969;-41,1498261;"SPRF-BA";"DEL08-BA";"UOP04-DEL08-BA"
491089;2022-12-06;"terça-feira";"10:20:00";"RJ";116;196;"QUEIMADOS";"Acessar a via sem observar a presença dos outros veículos";"Colisão lateral mesmo sentido";"Com Vítimas Feridas";"Pleno dia";"Decrescente";"Céu Claro";"Dupla";"Reta";"Sim";3;0;1;0;1;1;1;3;-22,73336575;-43,55659479;"SPRF-RJ";"DEL01-RJ";"UOP02-DEL01-RJ"
491094;2022-12-06;"terça-feira";"09:15:00";"PR";376;177,1;"MARINGA";"Velocidade Incompatível";"Engavetamento";"Com Vítimas Feridas";"Pleno dia";"Decrescente";"Céu Claro";"Múltipla";"Reta";"Sim";4;0;1;0;3;0;1;4;-23,41595855;-51,92226484;"SPRF-PR";"DEL09-PR";"UOP01-DEL09-PR"
491101;2022-12-06;"terça-feira";"06:00:00";"BA";330;826;"IPIAU";"Curva acentuada";"Saída de leito carroçável";"Com Vítimas Feridas";"Pleno dia";"Crescente";"Nevoeiro/Neblina";"Simples";"Curva";"Não";1;0;1;0;0;0;1;1;-14,05617432;-39,80408506;"SPRF-BA";"DEL03-BA";"UOP01-DEL03-BA"
491102;2022-12-06;"terça-feira";"10:30:00";"PE";101;38,8;"IGARASSU";"Problema com o freio";"Colisão com objeto";"Sem Vítimas";"Pleno dia";"Crescente";"Sol";"Múltipla";"Declive";"Não";1;0;0;0;1;0;0;1;-7,80600806;-34,92522908;"SPRF-PE";"DEL01-PE";"UOP02-DEL01-PE"
491108;2022-11-08;"terça-feira";"13:50:00";"SC";101;119;"ITAJAI";"Condutor deixou de manter distância do veículo da frente";"Colisão lateral mesmo sentido";"Com Vítimas Feridas";"Pleno dia";"Decrescente";"Céu Claro";"Múltipla";"Reta";"Sim";2;0;1;0;1;0;1;2;-26,9043179;-48,71555481;"SPRF-SC";"DEL04-SC";"UOP04-DEL04-SC"
491109;2022-12-06;"terça-feira";"10:45:00";"RS";153;380,5;"NOVO CABRAIS";"Manobra de mudança de faixa";"Colisão lateral mesmo sentido";"Com Vítimas Feridas";"Pleno dia";"Decrescente";"Céu Claro";"Simples";"Reta";"Não";4;0;1;1;1;1;2;3;-29,84735704;-52,96439139;"SPRF-RS";"DEL02-RS";"UOP03-DEL02-RS"
491114;2022-12-06;"terça-feira";"11:20:00";"ES";101;385,5;"RIO NOVO DO SUL";"Condutor usando celular";"Tombamento";"Sem Vítimas";"Pleno dia";"Decrescente";"Nublado";"Simples";"Curva";"Não";2;0;0;0;1;1;0;2;-20,83675912;-40,86790091;"SPRF-ES";"DEL03-ES";"UOP01-DEL03-ES"
491115;2022-11-05;"sábado";"01:30:00";"SC";101;376;"ICARA";"Estacionar ou parar em local proibido";"Colisão traseira";"Com Vítimas Feridas";"Plena Noite";"Decrescente";"Céu Claro";"Dupla";"Reta";"Sim";4;0;2;1;1;0;3;2;-28,740265;-49,250273;"SPRF-SC";"DEL02-SC";"UOP01-DEL02-SC"
491117;2022-12-06;"terça-feira";"11:30:00";"SP";116;511;"CAJATI";"Reação tardia ou ineficiente do condutor";"Tombamento";"Com Vítimas Feridas";"Pleno dia";"Decrescente";"Chuva";"Simples";"Curva";"Não";2;0;1;0;0;1;1;2;-24,83558399;-48,2223738;"SPRF-SP";"DEL05-SP";"UOP02-DEL05-SP"
491121;2022-10-11;"terça-feira";"16:00:00";"PA";155;273;"ELDORADO DO CARAJAS";"Acessar a via sem observar a presença dos outros veículos";"Colisão transversal";"Sem Vítimas";"Pleno dia";"Crescente";"Céu Claro";"Simples";"Reta";"Não";3;0;0;0;1;2;0;3;-5,95626497;-49,2223761;"SPRF-PA";"DEL03-PA";"UOP01-DEL03-PA"
491130;2022-12-06;"terça-feira";"12:00:00";"MG";381;836;"SAO SEBASTIAO DA BELA VISTA";"Demais falhas mecânicas ou elétricas";"Incêndio";"Sem Vítimas";"Pleno dia";"Crescente";"Chuva";"Dupla";"Aclive;Reta";"Não";2;0;0;0;1;1;0;2;-22,17812195;-45,84097411;"SPRF-MG";"DEL16-MG";"UOP01-DEL16-MG"
491133;2022-12-06;"terça-feira";"09:10:00";"SC";470;65,5;"INDAIAL";"Ausência de reação do condutor";"Colisão traseira";"Com Vítimas Feridas";"Pleno dia";"Decrescente";"Nublado";"Simples";"Reta";"Sim";2;0;1;0;0;1;1;2;-26,870411;-49,211864;"SPRF-SC";"DEL04-SC";"UOP01-DEL04-SC"
491134;2022-11-22;"terça-feira";"01:20:00";"SP";116;545;"BARRA DO TURVO";"Ausência de reação do condutor";"Tombamento";"Com Vítimas Feridas";"Plena Noite";"Decrescente";"Céu Claro";"Simples";"Curva";"Não";2;0;0;1;0;1;1;2;-24,96407817;-48,42679024;"SPRF-SP";"DEL05-SP";"UOP02-DEL05-SP"
491138;2022-12-06;"terça-feira";"12:35:00";"SC";282;339,6;"CAMPOS NOVOS";"Desrespeitar a preferência no cruzamento";"Colisão transversal";"Com Vítimas Feridas";"Pleno dia";"Decrescente";"Céu Claro";"Simples";"Interseção de Vias";"Não";4;0;2;1;1;0;3;2;-27,388266;-51,203793;"SPRF-SC";"DEL07-SC";"UOP06-DEL07-SC"
491139;2022-12-06;"terça-feira";"09:00:00";"SC";153;56;"IRANI";"Demais falhas mecânicas ou elétricas";"Tombamento";"Sem Vítimas";"Pleno dia";"Crescente";"Céu Claro";"Simples";"Curva";"Não";2;0;0;0;1;1;0;2;-26,950708;-51,829006;"SPRF-SC";"DEL07-SC";"UOP07-DEL07-SC"
491144;2022-12-06;"terça-feira";"14:40:00";"SP";116;178;"SANTA ISABEL";"Reação tardia ou ineficiente do condutor";"Colisão lateral mesmo sentido";"Com Vítimas Feridas";"Pleno dia";"Crescente";"Nublado";"Dupla";"Declive";"Sim";7;0;1;0;5;1;1;7;-23,327667;-46,128108;"SPRF-SP";"DEL01-SP";"NPF/DEL01-SP"
491148;2022-12-06;"terça-feira";"13:00:00";"MS";163;179,5;"JUTI";"Demais falhas mecânicas ou elétricas";"Incêndio";"Sem Vítimas";"Pleno dia";"Crescente";"Nublado";"Simples";"Reta";"Não";1;0;0;0;1;0;0;1;-22,83983611;-54,67208409;"SPRF-MS";"DEL09-MS";"UOP01-DEL09-MS"
491150;2022-12-06;"terça-feira";"08:00:00";"MT";364;350;"SANTO ANTONIO DO LEVERGER";"Reação tardia ou ineficiente do condutor";"Saída de leito carroçável";"Com Vítimas Feridas";"Pleno dia";"Crescente";"Céu Claro";"Dupla";"Curva;Declive";"Não";3;0;1;0;1;2;1;3;-15,80518241;-55,55686807;"SPRF-MT";"DEL05-MT";"UOP02-DEL05-MT"
491161;2022-12-06;"terça-feira";"15:30:00";"GO";20;163,6;"ALVORADA DO NORTE";"Condutor deixou de manter distância do veículo da frente";"Colisão traseira";"Com Vítimas Feridas";"Pleno dia";"Crescente";"Céu Claro";"Simples";"Reta";"Não";3;0;1;0;1;1;1;3;-14,595838;-46,594223;"SPRF-DF";"DEL02-DF";"UOP03-DEL02-DF"
491169;2022-12-06;"terça-feira";"17:10:00";"MG";381;487;"BETIM";"Reação tardia ou ineficiente do condutor";"Colisão com objeto";"Com Vítimas Feridas";"Pleno dia";"Crescente";"Chuva";"Dupla";"Reta";"Sim";1;0;1;0;0;0;1;1;-19,95586853;-44,14609501;"SPRF-MG";"DEL01-MG";"UOP03-DEL01-MG"
491170;2022-09-26;"segunda-feira";"03:00:00";"MA";222;457,5;"SANTA LUZIA";"Condutor Dormindo";"Colisão com objeto";"Com Vítimas Fatais";"Amanhecer";"Crescente";"Céu Claro";"Simples";"Aclive";"Sim";8;2;1;1;4;0;2;5;-4,13880791;-45,99862407;"SPRF-MA";"DEL02-MA";"UOP01-DEL02-MA"
491171;2022-12-06;"terça-feira";"16:30:00";"ES";101;282;"CARIACICA";"Transitar na contramão";"Colisão lateral sentido oposto";"Com Vítimas Feridas";"Pleno dia";"Crescente";"Nublado";"Simples";"Curva;Viaduto";"Não";3;0;0;1;1;1;1;3;-20,22694;-40,36458;"SPRF-ES";"DEL01-ES";"UOP01-DEL01-ES"
491175;2022-12-06;"terça-feira";"15:50:00";"MT";364;383;"SANTO ANTONIO DO LEVERGER";"Condutor deixou de manter distância do veículo da frente";"Colisão traseira";"Com Vítimas Feridas";"Pleno dia";"Crescente";"Céu Claro";"Dupla";"Reta";"Não";3;0;0;1;1;6;1;8;-15,70277198;-55,791351;"SPRF-MT";"DEL01-MT";"UOP02-DEL01-MT"
491178;2022-12-06;"terça-feira";"08:30:00";"RJ";116;85;"TERESOPOLIS";"Mal súbito do condutor";"Colisão frontal";"Com Vítimas Feridas";"Pleno dia";"Decrescente";"Chuva";"Simples";"Aclive;Curva";"Não";2;0;1;0;1;0;1;2;-22,42972396;-42,95095697;"SPRF-RJ";"DEL04-RJ";"UOP01-DEL04-RJ"
491184;2022-12-06;"terça-feira";"18:30:00";"PR";116;91;"SAO JOSE DOS PINHAIS";"Manobra de mudança de faixa";"Colisão lateral mesmo sentido";"Sem Vítimas";"Anoitecer";"Decrescente";"Garoa/Chuvisco";"Múltipla";"Reta";"Não";3;0;0;0;3;0;0;2;-25,46961587;-49,09184037;"SPRF-PR";"DEL01-PR";"UOP07-DEL01-PR"
491188;2022-12-06;"terça-feira";"18:05:00";"RS";290;458;"ROSARIO DO SUL";"Ultrapassagem Indevida";"Colisão lateral mesmo sentido";"Com Vítimas Feridas";"Pleno dia";"Decrescente";"Céu Claro";"Simples";"Reta";"Não";2;0;1;0;1;0;1;2;-30,227504;-54,701622;"SPRF-RS";"DEL11-RS";"UOP02-DEL11-RS"
491189;2022-12-04;"domingo";"23:00:00";"TO";153;409,5;"MIRANORTE";"Velocidade Incompatível";"Saída de leito carroçável";"Com Vítimas Feridas";"Plena Noite";"Crescente";"Nublado";"Simples";"Curva";"Não";1;0;0;1;0;0;1;1;-9,49014778;-48,58485911;"SPRF-TO";"DEL02-TO";"UOP02-DEL02-TO"
491190;2022-12-06;"terça-feira";"13:45:00";"MT";364;227;"RONDONOPOLIS";"Velocidade Incompatível";"Tombamento";"Com Vítimas Feridas";"Pleno dia";"Decrescente";"Céu Claro";"Dupla";"Reta";"Não";2;0;0;1;0;1;1;2;-16,29044795;-54,76386888;"SPRF-MT";"DEL02-MT";"UOP01-DEL02-MT"
491191;2022-12-06;"terça-feira";"15:50:00";"RS";392;198,3;"SANTANA DA BOA VISTA";"Manobra de mudança de faixa";"Colisão frontal";"Com Vítimas Fatais";"Pleno dia";"Crescente";"Céu Claro";"Simples";"Reta";"Não";3;1;0;0;1;2;0;4;-30,88732318;-53,12761215;"SPRF-RS";"DEL09-RS";"UOP02-DEL09-RS"
491194;2022-12-06;"terça-feira";"13:17:00";"SC";116;2;"MAFRA";"Ausência de reação do condutor";"Colisão lateral mesmo sentido";"Sem Vítimas";"Pleno dia";"Decrescente";"Céu Claro";"Simples";"Reta";"Sim";4;0;0;0;3;1;0;2;-26,12391791;-49,79303212;"SPRF-SC";"DEL06-SC";"UOP01-DEL06-SC"
491205;2022-12-06;"terça-feira";"17:00:00";"SC";470;119,8;"IBIRAMA";"Problema com o freio";"Saída de leito carroçável";"Com Vítimas Feridas";"Pleno dia";"Decrescente";"Chuva";"Simples";"Curva";"Não";2;0;0;1;0;1;1;2;-27,081554;-49,520206;"SPRF-SC";"DEL04-SC";"UOP02-DEL04-SC"
491212;2022-12-06;"terça-feira";"18:50:00";"MA";316;528,4;"CAXIAS";"Animais na Pista";"Atropelamento de Animal";"Com Vítimas Feridas";"Plena Noite";"Crescente";"Céu Claro";"Simples";"Reta";"Não";2;0;0;1;1;0;1;1;-4,808832;-43,551792;"SPRF-MA";"DEL03-MA";"UOP02-DEL03-MA"
491219;2022-11-29;"terça-feira";"20:50:00";"MS";262;294;"CAMPO GRANDE";"Transitar na contramão";"Colisão frontal";"Sem Vítimas";"Plena Noite";"Crescente";"Céu Claro";"Simples";"Reta";"Não";3;0;0;0;2;1;0;3;-20,50108066;-54,24045307;"SPRF-MS";"DEL01-MS";"UOP01-DEL01-MS"
491221;2022-10-19;"quarta-feira";"12:24:00";"PR";476;141,2;"CURITIBA";"Acessar a via sem observar a presença dos outros veículos";"Colisão transversal";"Com Vítimas Feridas";"Pleno dia";"Crescente";"Céu Claro";"Dupla";"Interseção de Vias";"Sim";2;0;1;0;1;0;1;2;-25,528614;-49,298798;"SPRF-PR";"DEL01-PR";"UOP03-DEL01-PR"
491224;2022-12-06;"terça-feira";"16:00:00";"RO";364;516;"ARIQUEMES";"Manobra de mudança de faixa";"Colisão lateral mesmo sentido";"Com Vítimas Feridas";"Pleno dia";"Crescente";"Céu Claro";"Simples";"Reta";"Sim";3;0;1;0;1;1;1;3;-9,915961;-63,05532;"SPRF-RO";"DEL03-RO";"UOP01-DEL03-RO"
491225;2022-12-06;"terça-feira";"19:00:00";"MA";226;370;"GRAJAU";"Entrada inopinada do pedestre";"Atropelamento de Pedestre";"Com Vítimas Fatais";"Plena Noite";"Crescente";"Nublado";"Simples";"Reta";"Não";2;1;0;0;1;0;0;2;-5,6195371;-45,76305194;"SPRF-MA";"DEL06-MA";"UOP01-DEL06-MA"
491226;2022-12-06;"terça-feira";"14:45:00";"PR";277;345,7;"GUARAPUAVA";"Ultrapassagem Indevida";"Colisão frontal";"Com Vítimas Feridas";"Pleno dia";"Decrescente";"Céu Claro";"Simples";"Reta";"Sim";2;0;0;1;1;0;1;2;-25,33928412;-51,42880296;"SPRF-PR";"DEL08-PR";"UOP01-DEL08-PR"
491231;2022-12-06;"terça-feira";"21:35:00";"MG";116;377,6;"MATHIAS LOBATO";"Ausência de reação do condutor";"Colisão frontal";"Com Vítimas Feridas";"Plena Noite";"Decrescente";"Céu Claro";"Simples";"Declive";"Não";3;0;0;1;2;0;1;2;-18,59671795;-41,9254726;"SPRF-MG";"DEL06-MG";"UOP01-DEL06-MG"
491237;2022-12-07;"quarta-feira";"01:00:00";"RJ";116;264;"VOLTA REDONDA";"Chuva";"Atropelamento de Pedestre";"Com Vítimas Fatais";"Plena Noite";"Crescente";"Chuva";"Dupla";"Reta";"Não";2;1;0;0;0;1;0;2;-22,59213864;-44,07723781;"SPRF-RJ";"DEL07-RJ";"UOP02-DEL07-RJ"
491239;2022-12-07;"quarta-feira";"03:10:00";"RN";405;109;"ITAU";"Ausência de reação do condutor";"Colisão traseira";"Com Vítimas Feridas";"Plena Noite";"Decrescente";"Céu Claro";"Simples";"Reta";"Não";2;0;1;0;1;0;1;2;-5,83846381;-37,98775618;"SPRF-RN";"DEL04-RN";"UOP02-DEL04-RN"
491240;2022-12-07;"quarta-feira";"02:00:00";"RJ";101;283;"ITABORAI";"Chuva";"Tombamento";"Com Vítimas Feridas";"Plena Noite";"Crescente";"Garoa/Chuvisco";"Dupla";"Curva";"Não";2;0;1;0;0;1;1;2;-22,73591014;-42,80592689;"SPRF-RJ";"DEL02-RJ";"UOP02-DEL02-RJ"
491241;2022-12-07;"quarta-feira";"01:45:00";"BA";101;24,5;"ESPLANADA";"Velocidade Incompatível";"Saída de leito carroçável";"Com Vítimas Feridas";"Plena Noite";"Decrescente";"Céu Claro";"Dupla";"Ponte;Em Obras;Desvio Temporário";"Não";2;0;2;0;0;0;2;1;-11,73553002;-37,93456395;"SPRF-SE";"DEL02-SE";"UOP03-DEL02-SE"
491246;2022-12-07;"quarta-feira";"04:30:00";"MT";364;230;"RONDONOPOLIS";"Reação tardia ou ineficiente do condutor";"Colisão traseira";"Com Vítimas Feridas";"Amanhecer";"Decrescente";"Nublado";"Dupla";"Declive";"Não";8;0;5;1;2;0;6;3;-16,26578313;-54,77468128;"SPRF-MT";"DEL02-MT";"UOP01-DEL02-MT"
491248;2022-12-06;"terça-feira";"19:25:00";"PA";155;190;"XINGUARA";"Demais falhas mecânicas ou elétricas";"Incêndio";"Sem Vítimas";"Plena Noite";"Crescente";"Nublado";"Simples";"Reta";"Não";2;0;0;0;1;2;0;3;-6,60572793;-49,44794112;"SPRF-PA";"DEL03-PA";"UOP01-DEL03-PA"
491250;2022-12-07;"quarta-feira";"05:00:00";"BA";116;4,5;"FEIRA DE SANTANA";"Ausência de reação do condutor";"Colisão traseira";"Com Vítimas Feridas";"Amanhecer";"Decrescente";"Céu Claro";"Dupla";"Reta;Aclive";"Sim";5;0;2;1;2;0;3;2;-12,284399;-38,972008;"SPRF-PE";"DEL05-PE";"UOP03-DEL05-PE"
491252;2022-12-07;"quarta-feira";"03:40:00";"SC";282;244,8;"SAO JOSE DO CERRITO";"Condutor Dormindo";"Tombamento";"Com Vítimas Feridas";"Plena Noite";"Crescente";"Céu Claro";"Simples";"Curva";"Não";1;0;1;0;0;0;1;1;-27,73609;-50,51841;"SPRF-SC";"DEL05-SC";"UOP02-DEL05-SC"
491253;2022-12-06;"terça-feira";"23:00:00";"BA";116;687;"JEQUIE";"Ultrapassagem Indevida";"Colisão frontal";"Sem Vítimas";"Plena Noite";"Decrescente";"Céu Claro";"Simples";"Reta";"Não";2;0;0;0;1;1;0;2;-13,9121709;-40,15218318;"SPRF-BA";"DEL03-BA";"UOP01-DEL03-BA"
491257;2022-12-07;"quarta-feira";"06:45:00";"RS";285;488,8;"ENTRE-IJUIS";"Condutor deixou de manter distância do veículo da frente";"Colisão traseira";"Sem Vítimas";"Pleno dia";"Decrescente";"Sol";"Simples";"Reta";"Não";3;0;0;0;2;2;0;4;-28,37457042;-54,18855071;"SPRF-RS";"DEL10-RS";"UOP01-DEL10-RS"
491261;2022-12-07;"quarta-feira";"07:55:00";"BA";116;423,1;"FEIRA DE SANTANA";"Acessar a via sem observar a presença dos outros veículos";"Colisão transversal";"Com Vítimas Fatais";"Pleno dia";"Crescente";"Céu Claro";"Simples";"Reta";"Sim";3;1;0;0;1;1;0;3;-12,229301;-38,964527;"SPRF-BA";"DEL02-BA";"UOP01-DEL02-BA"
491263;2022-12-07;"quarta-feira";"06:00:00";"MG";365;391;"PATOS DE MINAS";"Velocidade Incompatível";"Saída de leito carroçável";"Com Vítimas Feridas";"Amanhecer";"Decrescente";"Ignorado";"Simples";"Curva";"Não";1;0;0;1;0;0;1;1;-18,63481872;-46,34836686;"SPRF-MG";"DEL10-MG";"UOP01-DEL10-MG"
491266;2022-05-14;"sábado";"00:45:00";"PR";376;162;"MARINGA";"Condutor deixou de manter distância do veículo da frente";"Colisão traseira";"Com Vítimas Feridas";"Plena Noite";"Decrescente";"Céu Claro";"Dupla";"Reta";"Não";3;0;1;0;1;2;1;4;-23,37710685;-52,04510993;"SPRF-PR";"DEL09-PR";"UOP01-DEL09-PR"
491272;2022-12-07;"quarta-feira";"08:17:00";"MG";381;597,3;"CARMOPOLIS DE MINAS";"Ausência de reação do condutor";"Engavetamento";"Com Vítimas Feridas";"Pleno dia";"Decrescente";"Chuva";"Dupla";"Reta";"Não";5;0;1;0;4;0;1;3;-20,59200364;-44,70134139;"SPRF-MG";"DEL04-MG";"UOP01-DEL04-MG"
491275;2022-12-07;"quarta-feira";"08:30:00";"MG";381;501;"BETIM";"Ausência de reação do condutor";"Colisão transversal";"Com Vítimas Feridas";"Pleno dia";"Decrescente";"Garoa/Chuvisco";"Dupla";"Reta";"Não";4;0;2;0;1;1;2;3;-20,00416099;-44,21293259;"SPRF-MG";"DEL01-MG";"UOP03-DEL01-MG"
491276;2022-12-07;"quarta-feira";"08:30:00";"PB";101;86;"JOAO PESSOA";"Demais falhas mecânicas ou elétricas";"Colisão lateral mesmo sentido";"Com Vítimas Feridas";"Pleno dia";"Decrescente";"Céu Claro";"Dupla";"Curva";"Sim";5;0;1;0;3;1;1;3;-7,15118983;-34,91012184;"SPRF-PB";"DEL01-PB";"UOP01-DEL01-PB"
491289;2022-12-07;"quarta-feira";"09:00:00";"MG";381;929;"ITAPEVA";"Ausência de reação do condutor";"Colisão traseira";"Com Vítimas Feridas";"Pleno dia";"Decrescente";"Chuva";"Dupla";"Reta";"Não";3;0;1;0;1;1;1;3;-22,77092568;-46,23449391;"SPRF-MG";"DEL16-MG";"UOP03-DEL16-MG"
491291;2022-12-07;"quarta-feira";"09:20:00";"PI";343;348;"TERESINA";"Acessar a via sem observar a presença dos outros veículos";"Colisão transversal";"Com Vítimas Feridas";"Pleno dia";"Crescente";"Céu Claro";"Dupla";"Reta";"Sim";2;0;0;1;1;0;1;2;-5,118706;-42,786411;"SPRF-PI";"DEL01-PI";"UOP01-DEL01-PI"
491293;2022-12-07;"quarta-feira";"09:25:00";"PR";277;649,8;"MATELANDIA";"Condutor deixou de manter distância do veículo da frente";"Colisão traseira";"Com Vítimas Feridas";"Pleno dia";"Crescente";"Céu Claro";"Simples";"Aclive";"Não";3;0;1;0;1;1;1;3;-25,18405201;-53,93053899;"SPRF-PR";"DEL05-PR";"UOP02-DEL05-PR"
491296;2022-12-07;"quarta-feira";"09:56:00";"MA";10;321;"ACAILANDIA";"Ausência de reação do condutor";"Colisão traseira";"Com Vítimas Feridas";"Pleno dia";"Decrescente";"Céu Claro";"Simples";"Reta";"Sim";3;0;0;1;1;1;1;3;-4,943377;-47,503078;"SPRF-MA";"DEL04-MA";"UOP03-DEL04-MA"
491299;2022-12-07;"quarta-feira";"10:20:00";"PB";230;35,6;"SANTA RITA";"Condutor deixou de manter distância do veículo da frente";"Colisão lateral mesmo sentido";"Com Vítimas Feridas";"Pleno dia";"Decrescente";"Céu Claro";"Dupla";"Curva";"Não";4;0;1;0;2;1;1;3;-7,1268;-34,9412;"SPRF-PB";"DEL01-PB";"UOP01-DEL01-PB"
491301;2022-12-07;"quarta-feira";"10:30:00";"PB";230;35,7;"SANTA RITA";"Reação tardia ou ineficiente do condutor";"Colisão com objeto";"Sem Vítimas";"Pleno dia";"Decrescente";"Céu Claro";"Dupla";"Declive;Curva";"Sim";1;0;0;0;1;0;0;1;-7,125114;-34,946503;"SPRF-PB";"DEL01-PB";"UOP01-DEL01-PB"
491302;2022-03-14;"segunda-feira";"13:14:00";"MG";459;16,9;"CALDAS";"Avarias e/ou desgaste excessivo no pneu";"Colisão frontal";"Com Vítimas Feridas";"Pleno dia";"Decrescente";"Chuva";"Simples";"Curva;Declive";"Não";6;0;2;1;1;2;3;4;-21,845097;-46,439472;"SPRF-MG";"DEL09-MG";"UOP01-DEL09-MG"
491309;2022-10-08;"sábado";"21:00:00";"MG";365;17,8;"MONTES CLAROS";"Velocidade Incompatível";"Saída de leito carroçável";"Com Vítimas Feridas";"Plena Noite";"Crescente";"Chuva";"Simples";"Declive";"Não";1;0;0;1;0;0;1;1;-16,87724015;-43,993381;"SPRF-MG";"DEL12-MG";"UOP01-DEL12-MG"
491311;2022-12-03;"sábado";"05:20:00";"PA";316;25,6;"BENEVIDES";"Conversão proibida";"Colisão transversal";"Sem Vítimas";"Amanhecer";"Crescente";"Chuva";"Dupla";"Retorno Regulamentado";"Não";3;0;0;0;1;3;0;4;-1,3252697;-48,232117;"SPRF-PA";"DEL01-PA";"UOP01-DEL01-PA"
491320;2022-12-07;"quarta-feira";"11:45:00";"RJ";116;301;"PORTO REAL";"Ausência de reação do condutor";"Colisão lateral mesmo sentido";"Com Vítimas Feridas";"Pleno dia";"Decrescente";"Céu Claro";"Dupla";"Reta";"Não";3;0;0;1;1;1;1;3;-22,4529399;-44,36236901;"SPRF-RJ";"DEL07-RJ";"UOP02-DEL07-RJ"
491321;2022-12-07;"quarta-feira";"10:30:00";"MG";381;528;"BRUMADINHO";"Chuva";"Colisão traseira";"Com Vítimas Feridas";"Pleno dia";"Decrescente";"Chuva";"Dupla";"Reta";"Não";5;0;2;0;2;1;2;3;-20,16368096;-44,36025002;"SPRF-MG";"DEL04-MG";"UOP03-DEL04-MG"
491323;2022-11-26;"sábado";"23:20:00";"PE";101;77;"RECIFE";"Velocidade Incompatível";"Saída de leito carroçável";"Com Vítimas Feridas";"Plena Noite";"Decrescente";"Céu Claro";"Dupla";"Reta";"Sim";2;0;1;0;0;1;1;2;-8,126982;-34,94386;"SPRF-PE";"DEL01-PE";"UOP01-DEL01-PE"
491324;2022-12-07;"quarta-feira";"06:30:00";"SC";116;37,2;"ITAIOPOLIS";"Ausência de reação do condutor";"Colisão traseira";"Com Vítimas Feridas";"Pleno dia";"Decrescente";"Céu Claro";"Simples";"Aclive";"Não";4;0;0;1;2;1;1;3;-26,34065776;-50,02444605;"SPRF-SC";"DEL06-SC";"UOP01-DEL06-SC"
491325;2022-12-07;"quarta-feira";"11:25:00";"SC";116;3;"MAFRA";"Condutor deixou de manter distância do veículo da frente";"Colisão traseira";"Sem Vítimas";"Pleno dia";"Decrescente";"Nublado";"Simples";"Reta";"Sim";4;0;0;0;3;1;0;4;-26,13073161;-49,79922442;"SPRF-SC";"DEL06-SC";"UOP01-DEL06-SC"
491326;2022-12-07;"quarta-feira";"11:00:00";"RS";116;157;"CAXIAS DO SUL";"Acessar a via sem observar a presença dos outros veículos";"Atropelamento de Pedestre";"Com Vítimas Feridas";"Pleno dia";"Crescente";"Céu Claro";"Simples";"Declive";"Não";3;0;0;1;1;1;1;2;-29,21503981;-51,17675573;"SPRF-RS";"DEL05-RS";"UOP01-DEL05-RS"
491331;2022-12-07;"quarta-feira";"05:00:00";"SC";282;626,5;"FLOR DO SERTAO";"Demais falhas mecânicas ou elétricas";"Incêndio";"Sem Vítimas";"Amanhecer";"Decrescente";"Céu Claro";"Simples";"Reta";"Não";1;0;0;0;1;0;0;1;-26,803452;-53,360672;"SPRF-SC";"DEL07-SC";"UOP02-DEL07-SC"
491334;2022-12-07;"quarta-feira";"13:35:00";"RN";405;82;"APODI";"Acessar a via sem observar a presença dos outros veículos";"Colisão transversal";"Com Vítimas Feridas";"Pleno dia";"Decrescente";"Sol";"Simples";"Declive;Reta";"Não";3;0;0;2;1;0;2;2;-5,69852912;-37,8003086;"SPRF-RN";"DEL04-RN";"UOP02-DEL04-RN"
491338;2022-12-07;"quarta-feira";"13:05:00";"MS";262;137,5;"AGUA CLARA";"Reação tardia ou ineficiente do condutor";"Colisão traseira";"Com Vítimas Feridas";"Pleno dia";"Crescente";"Chuva";"Simples";"Declive";"Não";4;0;2;0;1;3;2;5;-20,4610931;-52,82046308;"SPRF-MS";"DEL07-MS";"UOP02-DEL07-MS"
491339;2022-09-14;"quarta-feira";"16:30:00";"ES";262;49,4;"MARECHAL FLORIANO";"Condutor deixou de manter distância do veículo da frente";"Colisão frontal";"Com Vítimas Feridas";"Pleno dia";"Crescente";"Céu Claro";"Simples";"Reta";"Não";3;0;2;0;1;0;2;2;-20,41251052;-40,69798571;"SPRF-ES";"DEL01-ES";"UOP01-DEL01-ES"