"id";"data_inversa";"dia_semana";"horario";"uf";"br";"km";"municipio";"causa_acidente";"tipo_acidente";"classificacao_acidente";"fase_dia";"sentido_via";"condicao_metereologica";"tipo_pista";"tracado_via";"uso_solo";"pessoas";"mortos";"feridos_leves";"feridos_graves";"ilesos";"ignorados";"feridos";"veiculos";"latitude";"longitude";"regional";"delegacia";"uop"
491341;2022-12-07;"quarta-feira";"14:25:00";"PR";369;152,7;"LONDRINA";"Reação tardia ou ineficiente do condutor";"Colisão traseira";"Sem Vítimas";"Pleno dia";"Decrescente";"Céu Claro";"Dupla";"Declive";"Sim";7;0;0;0;6;1;0;7;-23,29389966;-51,18763089;"SPRF-PR";"DEL07-PR";"UOP01-DEL07-PR"
491345;2022-12-07;"quarta-feira";"13:20:00";"MT";364;278;"JACIARA";"Condutor deixou de manter distância do veículo da frente";"Colisão traseira";"Sem Vítimas";"Pleno dia";"Decrescente";"Chuva";"Simples";"Declive";"Não";3;0;0;0;2;2;0;4;-15,94550399;-55,00613199;"SPRF-MT";"DEL05-MT";"UOP02-DEL05-MT"
491346;2022-12-07;"quarta-feira";"15:15:00";"PR";369;161;"CAMBE";"Condutor deixou de manter distância do veículo da frente";"Colisão traseira";"Sem Vítimas";"Pleno dia";"Decrescente";"Céu Claro";"Dupla";"Curva";"Sim";2;0;0;0;2;0;0;2;-23,2883;-51,2597;"SPRF-PR";"DEL07-PR";"UOP01-DEL07-PR"
491348;2022-12-07;"quarta-feira";"11:45:00";"SP";116;11;"QUELUZ";"Chuva";"Colisão traseira";"Com Vítimas Feridas";"Pleno dia";"Decrescente";"Chuva";"Dupla";"Curva";"Não";3;0;1;0;1;1;1;3;-22,54158257;-44,79682894;"SPRF-SP";"DEL08-SP";"UOP02-DEL08-SP"
491357;2022-10-21;"sexta-feira";"09:45:00";"MG";116;358,6;"FREI INOCENCIO";"Ausência de reação do condutor";"Colisão traseira";"Com Vítimas Feridas";"Pleno dia";"Decrescente";"Sol";"Simples";"Reta";"Não";6;0;1;0;4;1;1;4;-18,44604914;-41,84297392;"SPRF-MG";"DEL11-MG";"UOP01-DEL11-MG"
491359;2022-11-28;"segunda-feira";"15:00:00";"MS";262;356;"CAMPO GRANDE";"Demais falhas mecânicas ou elétricas";"Incêndio";"Sem Vítimas";"Pleno dia";"Crescente";"Ignorado";"Simples";"Reta";"Não";1;0;0;0;1;0;0;1;-20,54745913;-54,68046404;"SPRF-MS";"DEL01-MS";"UOP03-DEL01-MS"
491363;2022-12-07;"quarta-feira";"15:55:00";"SC";101;141,9;"BALNEARIO CAMBORIU";"Velocidade Incompatível";"Colisão traseira";"Com Vítimas Feridas";"Pleno dia";"Crescente";"Céu Claro";"Simples";"Reta";"Não";3;0;1;1;1;0;2;2;-27,04761729;-48,59995855;"SPRF-SC";"DEL04-SC";"UOP03-DEL04-SC"
491364;2022-12-06;"terça-feira";"13:30:00";"PA";163;417;"ITAITUBA";"Transitar na contramão";"Colisão lateral sentido oposto";"Com Vítimas Feridas";"Pleno dia";"Crescente";"Céu Claro";"Simples";"Curva";"Não";3;0;1;0;0;7;1;8;-6,16164103;-55,62975394;"SPRF-PA";"DEL05-PA";"UOP01-DEL05-PA"
491365;2022-12-07;"quarta-feira";"16:20:00";"ES";101;225;"IBIRACU";"Chuva";"Colisão frontal";"Com Vítimas Feridas";"Pleno dia";"Crescente";"Chuva";"Simples";"Reta";"Não";3;0;0;1;2;0;1;2;-19,89290688;-40,41230369;"SPRF-ES";"DEL02-ES";"UOP01-DEL02-ES"
491366;2022-12-07;"quarta-feira";"16:30:00";"PI";343;189;"PIRIPIRI";"Reação tardia ou ineficiente do condutor";"Colisão com objeto";"Sem Vítimas";"Pleno dia";"Crescente";"Céu Claro";"Simples";"Reta";"Não";2;0;0;0;1;1;0;2;-4,31367;-41,776325;"SPRF-PI";"DEL02-PI";"UOP01-DEL02-PI"
491372;2022-12-07;"quarta-feira";"08:30:00";"RJ";116;30;"SAPUCAIA";"Demais falhas mecânicas ou elétricas";"Saída de leito carroçável";"Com Vítimas Feridas";"Pleno dia";"Decrescente";"Chuva";"Simples";"Declive";"Não";3;0;3;0;0;0;3;1;-22,073463;-42,79567691;"SPRF-RJ";"DEL05-RJ";"UOP01-DEL05-RJ"
491373;2022-10-31;"segunda-feira";"00:10:00";"PR";116;47,4;"CAMPINA GRANDE DO SUL";"Acessar a via sem observar a presença dos outros veículos";"Colisão transversal";"Com Vítimas Feridas";"Plena Noite";"Crescente";"Chuva";"Dupla";"Reta";"Não";4;0;0;1;2;2;1;4;-25,21058799;-48,89720903;"SPRF-PR";"DEL01-PR";"UOP02-DEL01-PR"
491386;2022-12-07;"quarta-feira";"17:20:00";"PR";116;92;"SAO JOSE DOS PINHAIS";"Transitar na contramão";"Colisão frontal";"Com Vítimas Feridas";"Pleno dia";"Crescente";"Nublado";"Dupla";"Reta";"Não";3;0;2;0;0;1;2;3;-25,47691403;-49,09767498;"SPRF-PR";"DEL01-PR";"UOP07-DEL01-PR"
491400;2022-12-07;"quarta-feira";"18:58:00";"ES";101;298;"VIANA";"Reação tardia ou ineficiente do condutor";"Colisão traseira";"Sem Vítimas";"Plena Noite";"Decrescente";"Chuva";"Dupla";"Reta";"Sim";3;0;0;0;3;0;0;3;-20,35374444;-40,4156433;"SPRF-ES";"DEL01-ES";"UOP01-DEL01-ES"
491401;2022-12-07;"quarta-feira";"11:00:00";"SC";282;408;"CATANDUVAS";"Curva acentuada";"Saída de leito carroçável";"Com Vítimas Feridas";"Pleno dia";"Crescente";"Céu Claro";"Dupla";"Curva";"Não";3;0;1;0;1;2;1;3;-27,074812;-51,663269;"SPRF-SC";"DEL07-SC";"UOP05-DEL07-SC"
491404;2022-12-07;"quarta-feira";"16:30:00";"RJ";116;286;"BARRA MANSA";"Chuva";"Tombamento";"Sem Vítimas";"Anoitecer";"Decrescente";"Chuva";"Dupla";"Reta";"Não";2;0;0;0;1;1;0;2;-22,49846046;-44,23342487;"SPRF-RJ";"DEL07-RJ";"UOP02-DEL07-RJ"
491417;2022-12-07;"quarta-feira";"21:20:00";"ES";262;183;"IRUPI";"Acessar a via sem observar a presença dos outros veículos";"Colisão frontal";"Com Vítimas Feridas";"Plena Noite";"Decrescente";"Garoa/Chuvisco";"Simples";"Reta";"Não";6;0;0;3;1;2;3;3;-20,29757379;-41,69637874;"SPRF-ES";"DEL01-ES";"UOP02-DEL01-ES"
491418;2022-12-07;"quarta-feira";"15:00:00";"GO";452;21;"RIO VERDE";"Problema com o freio";"Tombamento";"Sem Vítimas";"Pleno dia";"Decrescente";"Céu Claro";"Dupla";"Retorno Regulamentado";"Não";2;0;0;0;1;1;0;2;-17,87416193;-50,72575996;"SPRF-GO";"DEL04-GO";"UOP01-DEL04-GO"
491422;2022-12-07;"quarta-feira";"22:00:00";"MG";381;190;"PERIQUITO";"Acumulo de água sobre o pavimento";"Saída de leito carroçável";"Com Vítimas Feridas";"Plena Noite";"Crescente";"Chuva";"Simples";"Curva";"Não";2;0;1;0;0;1;1;2;-19,1056021;-42,20198773;"SPRF-MG";"DEL06-MG";"UOP01-DEL06-MG"
491426;2022-12-07;"quarta-feira";"17:20:00";"SC";470;124,8;"LONTRAS";"Desrespeitar a preferência no cruzamento";"Colisão transversal";"Com Vítimas Feridas";"Pleno dia";"Crescente";"Céu Claro";"Simples";"Reta";"Sim";4;0;1;0;2;1;1;3;-27,113192;-49,529163;"SPRF-SC";"DEL04-SC";"UOP02-DEL04-SC"
491428;2022-11-23;"quarta-feira";"04:15:00";"PR";116;126;"FAZENDA RIO GRANDE";"Reação tardia ou ineficiente do condutor";"Colisão traseira";"Com Vítimas Fatais";"Amanhecer";"Decrescente";"Nublado";"Múltipla";"Reta";"Sim";4;1;1;0;1;1;1;3;-25,638346;-49,312988;"SPRF-PR";"DEL01-PR";"UOP03-DEL01-PR"
491429;2022-12-07;"quarta-feira";"19:40:00";"MT";364;359,4;"SANTO ANTONIO DO LEVERGER";"Ausência de reação do condutor";"Colisão traseira";"Com Vítimas Fatais";"Plena Noite";"Decrescente";"Céu Claro";"Dupla";"Reta";"Não";3;1;1;0;0;1;1;3;-15,77470584;-55,62130789;"SPRF-MT";"DEL05-MT";"UOP02-DEL05-MT"
491431;2022-12-07;"quarta-feira";"23:00:00";"PR";277;59;"SAO JOSE DOS PINHAIS";"Ingestão de álcool e/ou substâncias psicoativas pelo pedestre";"Atropelamento de Pedestre";"Com Vítimas Feridas";"Plena Noite";"Decrescente";"Nublado";"Dupla";"Reta";"Não";3;0;0;1;1;2;1;4;-25,57488091;-48,980886;"SPRF-PR";"DEL01-PR";"UOP01-DEL01-PR"
491433;2022-12-07;"quarta-feira";"21:14:00";"RR";174;518;"BOA VISTA";"Objeto estático sobre o leito carroçável";"Colisão com objeto";"Com Vítimas Fatais";"Plena Noite";"Decrescente";"Chuva";"Simples";"Declive";"Não";4;1;1;1;0;1;2;4;2,921912;-60,712013;"SPRF-RR";"DEL01-RR";"UOP01-DEL01-RR"
491439;2022-12-08;"quinta-feira";"00:10:00";"PE";423;80,2;"JUCATI";"Demais falhas mecânicas ou elétricas";"Colisão com objeto";"Sem Vítimas";"Plena Noite";"Crescente";"Céu Claro";"Simples";"Reta;Declive";"Não";2;0;0;0;2;0;0;2;-8,76622817;-36,42895847;"SPRF-PE";"DEL03-PE";"UOP01-DEL03-PE"
491443;2022-12-07;"quarta-feira";"22:00:00";"MT";364;135;"PEDRA PRETA";"Ingestão de álcool pelo condutor";"Tombamento";"Sem Vítimas";"Plena Noite";"Crescente";"Céu Claro";"Simples";"Curva;Declive";"Não";2;0;0;0;1;3;0;4;-16,79312696;-54,19716781;"SPRF-MT";"DEL02-MT";"UOP01-DEL02-MT"
491445;2022-12-08;"quinta-feira";"05:25:00";"MG";381;364;"SAO GONCALO DO RIO ABAIXO";"Velocidade Incompatível";"Saída de leito carroçável";"Com Vítimas Feridas";"Pleno dia";"Crescente";"Nublado";"Simples";"Curva";"Não";2;0;1;0;0;1;1;2;-19,84955579;-43,25424839;"SPRF-MG";"DEL03-MG";"UOP01-DEL03-MG"
491446;2022-12-08;"quinta-feira";"05:20:00";"MG";40;610,4;"CONGONHAS";"Ausência de reação do condutor";"Colisão traseira";"Sem Vítimas";"Amanhecer";"Crescente";"Céu Claro";"Simples";"Curva";"Não";2;0;0;0;1;1;0;2;-20,49313702;-43,83689143;"SPRF-MG";"DEL05-MG";"UOP02-DEL05-MG"
491449;2022-12-08;"quinta-feira";"06:05:00";"ES";101;144;"LINHARES";"Condutor desrespeitou a iluminação vermelha do semáforo";"Colisão transversal";"Com Vítimas Feridas";"Pleno dia";"Decrescente";"Garoa/Chuvisco";"Dupla";"Interseção de Vias";"Sim";2;0;0;1;1;0;1;2;-19,35188295;-40,0636685;"SPRF-ES";"DEL04-ES";"UOP01-DEL04-ES"
491453;2022-12-07;"quarta-feira";"17:20:00";"GO";158;118;"PIRANHAS";"Demais falhas mecânicas ou elétricas";"Saída de leito carroçável";"Com Vítimas Feridas";"Anoitecer";"Decrescente";"Nublado";"Simples";"Reta";"Não";2;0;1;1;0;0;2;1;-16,60191474;-51,73077557;"SPRF-GO";"DEL04-GO";"UOP02-DEL04-GO"
491461;2022-12-04;"domingo";"20:05:00";"SE";101;155,8;"ESTANCIA";"Velocidade Incompatível";"Colisão com objeto";"Sem Vítimas";"Plena Noite";"Crescente";"Chuva";"Simples";"Curva";"Não";1;0;0;0;1;0;0;1;-11,28543839;-37,45485295;"SPRF-SE";"DEL02-SE";"UOP01-DEL02-SE"
491468;2022-12-08;"quinta-feira";"07:59:00";"RJ";116;179;"MESQUITA";"Manobra de mudança de faixa";"Colisão lateral mesmo sentido";"Com Vítimas Feridas";"Pleno dia";"Decrescente";"Céu Claro";"Múltipla";"Reta";"Sim";3;0;1;0;1;1;1;3;-22,77181895;-43,40584517;"SPRF-RJ";"DEL01-RJ";"UOP02-DEL01-RJ"
491470;2022-12-08;"quinta-feira";"08:00:00";"GO";60;95;"ANAPOLIS";"Acessar a via sem observar a presença dos outros veículos";"Colisão traseira";"Com Vítimas Feridas";"Pleno dia";"Crescente";"Céu Claro";"Dupla";"Aclive;Reta";"Sim";2;0;1;0;1;0;1;2;-16,3679;-48,939;"SPRF-GO";"DEL02-GO";"UOP01-DEL02-GO"
491474;2022-12-08;"quinta-feira";"05:00:00";"GO";60;274;"JANDAIA";"Reação tardia ou ineficiente do condutor";"Colisão lateral mesmo sentido";"Com Vítimas Feridas";"Amanhecer";"Crescente";"Céu Claro";"Dupla";"Reta";"Não";3;0;1;0;1;2;1;4;-17,2123;-50,1583;"SPRF-GO";"DEL01-GO";"UOP02-DEL01-GO"
491475;2022-03-03;"quinta-feira";"06:50:00";"MG";365;614,2;"UBERLANDIA";"Reação tardia ou ineficiente do condutor";"Colisão lateral mesmo sentido";"Com Vítimas Fatais";"Amanhecer";"Crescente";"Céu Claro";"Simples";"Reta;Declive";"Sim";4;1;0;0;1;2;0;4;-18,912214;-48,2197237;"SPRF-MG";"DEL15-MG";"UOP01-DEL15-MG"
491477;2022-12-08;"quinta-feira";"06:40:00";"PE";316;58,1;"TRINDADE";"Acessar a via sem observar a presença dos outros veículos";"Colisão transversal";"Com Vítimas Feridas";"Pleno dia";"Crescente";"Sol";"Simples";"Reta";"Sim";3;0;1;0;1;1;1;3;-7,75370631;-40,26496546;"SPRF-PE";"DEL05-PE";"UOP02-DEL05-PE"
491488;2022-12-08;"quinta-feira";"07:20:00";"RS";158;506,2;"SANTANA DO LIVRAMENTO";"Condutor deixou de manter distância do veículo da frente";"Engavetamento";"Sem Vítimas";"Pleno dia";"Crescente";"Céu Claro";"Simples";"Reta";"Não";3;0;0;0;3;0;0;3;-30,57369998;-55,08514007;"SPRF-RS";"DEL11-RS";"UOP01-DEL11-RS"
491491;2022-12-08;"quinta-feira";"06:45:00";"PR";376;347;"ORTIGUEIRA";"Reação tardia ou ineficiente do condutor";"Tombamento";"Sem Vítimas";"Pleno dia";"Decrescente";"Céu Claro";"Simples";"Aclive;Curva";"Não";2;0;0;0;1;3;0;4;-24,18883326;-50,96086621;"SPRF-PR";"DEL07-PR";"UOP02-DEL07-PR"
491494;2022-12-08;"quinta-feira";"07:30:00";"MS";163;276;"DOURADOS";"Reação tardia ou ineficiente do condutor";"Tombamento";"Sem Vítimas";"Pleno dia";"Decrescente";"Céu Claro";"Simples";"Rotatória";"Não";2;0;0;0;1;3;0;4;-22,16094591;-54,64879607;"SPRF-MS";"DEL04-MS";"UOP01-DEL04-MS"
491496;2022-12-08;"quinta-feira";"10:15:00";"RS";285;464,5;"IJUI";"Velocidade Incompatível";"Tombamento";"Com Vítimas Feridas";"Pleno dia";"Decrescente";"Céu Claro";"Simples";"Rotatória";"Não";3;0;3;0;0;0;3;1;-28,40110258;-53,95521998;"SPRF-RS";"DEL10-RS";"UOP01-DEL10-RS"
491504;2022-12-08;"quinta-feira";"09:40:00";"SP";116;288;"ITAPECERICA DA SERRA";"Ultrapassagem Indevida";"Colisão lateral mesmo sentido";"Com Vítimas Feridas";"Pleno dia";"Decrescente";"Céu Claro";"Simples";"Rotatória";"Não";3;0;0;1;1;1;1;3;-23,71004965;-46,87190414;"SPRF-SP";"DEL04-SP";"UOP01-DEL04-SP"
491506;2022-12-08;"quinta-feira";"10:50:00";"PR";277;673,7;"MEDIANEIRA";"Condutor Dormindo";"Colisão traseira";"Com Vítimas Feridas";"Pleno dia";"Decrescente";"Céu Claro";"Dupla";"Reta;Aclive";"Não";4;0;1;0;2;3;1;5;-25,29999715;-54,12448883;"SPRF-PR";"DEL05-PR";"UOP01-DEL05-PR"
491509;2022-11-11;"sexta-feira";"00:40:00";"PB";230;76,8;"RIACHAO DO POCO";"Objeto estático sobre o leito carroçável";"Colisão com objeto";"Com Vítimas Feridas";"Plena Noite";"Crescente";"Céu Claro";"Dupla";"Reta";"Não";3;0;2;0;0;1;2;3;-7,18461678;-35,29654976;"SPRF-PB";"DEL01-PB";"UOP03-DEL01-PB"
491514;2022-12-08;"quinta-feira";"11:53:00";"ES";101;65;"SAO MATEUS";"Obstrução na via";"Queda de ocupante de veículo";"Com Vítimas Feridas";"Pleno dia";"Crescente";"Sol";"Dupla";"Reta";"Sim";2;0;0;1;1;0;1;2;-18,70935945;-39,87762087;"SPRF-ES";"DEL04-ES";"UOP02-DEL04-ES"
491525;2022-12-08;"quinta-feira";"14:05:00";"MG";381;501;"BETIM";"Carga excessiva e/ou mal acondicionada";"Tombamento";"Com Vítimas Feridas";"Pleno dia";"Crescente";"Nublado";"Múltipla";"Interseção de Vias";"Sim";1;0;1;0;0;0;1;1;-20,01135905;-44,21956301;"SPRF-MG";"DEL01-MG";"UOP03-DEL01-MG"
491528;2022-11-08;"terça-feira";"16:00:00";"GO";364;288;"MINEIROS";"Ausência de reação do condutor";"Engavetamento";"Com Vítimas Feridas";"Pleno dia";"Crescente";"Céu Claro";"Simples";"Reta";"Não";4;0;1;0;2;3;1;6;-17,594793;-52,449528;"SPRF-GO";"DEL05-GO";"UOP01-DEL05-GO"
491533;2022-12-08;"quinta-feira";"14:47:00";"RS";290;25,6;"SANTO ANTONIO DA PATRULHA";"Reação tardia ou ineficiente do condutor";"Colisão lateral mesmo sentido";"Com Vítimas Feridas";"Pleno dia";"Decrescente";"Céu Claro";"Múltipla";"Reta";"Não";3;0;1;0;1;3;1;5;-29,880203;-50,503971;"SPRF-RS";"DEL03-RS";"UOP01-DEL03-RS"
491538;2022-12-08;"quinta-feira";"14:00:00";"RS";285;258,4;"AGUA SANTA";"Transitar na contramão";"Colisão frontal";"Com Vítimas Fatais";"Pleno dia";"Crescente";"Céu Claro";"Simples";"Reta";"Não";7;1;1;2;1;3;3;5;-28,30358721;-52,05790043;"SPRF-RS";"DEL08-RS";"UOP03-DEL08-RS"
491543;2022-12-08;"quinta-feira";"15:10:00";"SP";116;272;"TABOAO DA SERRA";"Trafegar com motocicleta (ou similar) entre as faixas";"Colisão lateral mesmo sentido";"Com Vítimas Feridas";"Pleno dia";"Crescente";"Céu Claro";"Dupla";"Reta";"Sim";3;0;0;1;2;0;1;3;-23,621691;-46,813288;"SPRF-SP";"DEL04-SP";"UOP01-DEL04-SP"
491545;2022-12-08;"quinta-feira";"16:30:00";"RJ";116;242;"PIRAI";"Reação tardia ou ineficiente do condutor";"Colisão traseira";"Com Vítimas Feridas";"Pleno dia";"Decrescente";"Céu Claro";"Dupla";"Reta";"Não";4;0;1;0;2;3;1;6;-22,63522537;-43,90258636;"SPRF-RJ";"DEL07-RJ";"UOP01-DEL07-RJ"
491560;2022-12-08;"quinta-feira";"17:45:00";"PR";163;283;"MARECHAL CANDIDO RONDON";"Condutor deixou de manter distância do veículo da frente";"Colisão traseira";"Com Vítimas Feridas";"Pleno dia";"Decrescente";"Garoa/Chuvisco";"Simples";"Reta";"Não";3;0;1;0;2;0;1;2;-24,57864514;-53,99236214;"SPRF-PR";"DEL06-PR";"UOP02-DEL06-PR"
491561;2022-12-08;"quinta-feira";"12:10:00";"BA";30;277;"CAETITE";"Curva acentuada";"Saída de leito carroçável";"Com Vítimas Feridas";"Pleno dia";"Crescente";"Nublado";"Simples";"Curva";"Não";1;0;1;0;0;0;1;1;-14,130924;-42,41091;"SPRF-BA";"DEL08-BA";"UOP01-DEL08-BA"
491564;2022-12-08;"quinta-feira";"17:40:00";"RJ";40;121;"DUQUE DE CAXIAS";"Ausência de reação do condutor";"Colisão lateral mesmo sentido";"Com Vítimas Feridas";"Pleno dia";"Decrescente";"Céu Claro";"Múltipla";"Reta";"Sim";2;0;1;0;1;0;1;2;-22,78185499;-43,28571273;"SPRF-RJ";"DEL01-RJ";"UOP01-DEL01-RJ"
491574;2022-12-08;"quinta-feira";"18:30:00";"BA";116;831;"VITORIA DA CONQUISTA";"Condutor deixou de manter distância do veículo da frente";"Colisão traseira";"Com Vítimas Feridas";"Plena Noite";"Crescente";"Garoa/Chuvisco";"Simples";"Declive";"Não";3;0;1;0;1;2;1;4;-14,848261;-40,84835;"SPRF-BA";"DEL08-BA";"UOP01-DEL08-BA"
491575;2022-12-08;"quinta-feira";"18:40:00";"RN";226;317;"JANDUIS";"Reação tardia ou ineficiente do condutor";"Colisão traseira";"Com Vítimas Fatais";"Plena Noite";"Decrescente";"Céu Claro";"Simples";"Reta";"Não";2;1;0;0;0;1;0;2;-6,04743897;-37,46433702;"SPRF-RN";"DEL04-RN";"UOP01-DEL04-RN"
491577;2022-05-26;"quinta-feira";"23:49:00";"CE";20;428;"FORTALEZA";"Demais falhas mecânicas ou elétricas";"Tombamento";"Com Vítimas Feridas";"Plena Noite";"Decrescente";"Céu Claro";"Dupla";"Reta";"Sim";1;0;1;0;0;0;1;1;-3,76999035;-38,67006282;"SPRF-CE";"DEL01-CE";"UOP02-DEL01-CE"
491580;2022-12-08;"quinta-feira";"19:02:00";"RJ";116;173;"SAO JOAO DE MERITI";"Reação tardia ou ineficiente do condutor";"Engavetamento";"Com Vítimas Feridas";"Plena Noite";"Crescente";"Céu Claro";"Múltipla";"Reta";"Sim";5;0;1;0;4;0;1;3;-22,79810324;-43,35726614;"SPRF-RJ";"DEL01-RJ";"UOP02-DEL01-RJ"
491581;2022-12-08;"quinta-feira";"12:17:00";"SP";116;512,7;"CAJATI";"Velocidade Incompatível";"Tombamento";"Com Vítimas Feridas";"Pleno dia";"Decrescente";"Sol";"Dupla";"Curva";"Não";2;0;1;0;0;2;1;3;-24,84304306;-48,22027915;"SPRF-SP";"DEL05-SP";"UOP02-DEL05-SP"
491592;2022-10-14;"sexta-feira";"09:15:00";"BA";324;408;"NOVA FATIMA";"Ultrapassagem Indevida";"Saída de leito carroçável";"Com Vítimas Feridas";"Pleno dia";"Crescente";"Céu Claro";"Simples";"Reta";"Não";1;0;1;0;0;0;1;1;-11,636996;-39,598506;"SPRF-BA";"DEL04-BA";"UOP02-DEL04-BA"
491595;2022-12-08;"quinta-feira";"20:00:00";"MG";381;499,9;"BETIM";"Condutor deixou de manter distância do veículo da frente";"Colisão traseira";"Com Vítimas Feridas";"Plena Noite";"Decrescente";"Céu Claro";"Dupla";"Reta";"Sim";3;0;1;0;2;0;1;2;-20,00844;-44,21639;"SPRF-MG";"DEL01-MG";"UOP03-DEL01-MG"
491598;2022-12-08;"quinta-feira";"19:50:00";"SE";101;115,6;"ITAPORANGA DAJUDA";"Ausência de reação do condutor";"Colisão traseira";"Com Vítimas Feridas";"Plena Noite";"Crescente";"Céu Claro";"Dupla";"Aclive;Reta";"Não";2;0;0;1;1;0;1;2;-11,01144069;-37,31322762;"SPRF-SE";"DEL02-SE";"UOP01-DEL02-SE"
491599;2022-12-08;"quinta-feira";"19:15:00";"SC";101;225,4;"PALHOCA";"Trafegar com motocicleta (ou similar) entre as faixas";"Colisão lateral mesmo sentido";"Com Vítimas Feridas";"Plena Noite";"Crescente";"Céu Claro";"Dupla";"Reta;Declive";"Não";4;0;2;0;1;1;2;3;-27,73292191;-48,6409567;"SPRF-SC";"DEL01-SC";"UOP02-DEL01-SC"
491600;2022-12-01;"quinta-feira";"13:30:00";"MS";158;87;"PARANAIBA";"Reação tardia ou ineficiente do condutor";"Colisão com objeto";"Sem Vítimas";"Pleno dia";"Crescente";"Chuva";"Simples";"Reta";"Não";2;0;0;0;1;2;0;3;-19,62101804;-51,21351915;"SPRF-MS";"DEL08-MS";"UOP01-DEL08-MS"
491606;2022-12-08;"quinta-feira";"20:00:00";"RS";386;183;"CARAZINHO";"Ultrapassagem Indevida";"Colisão traseira";"Com Vítimas Feridas";"Plena Noite";"Decrescente";"Céu Claro";"Simples";"Reta";"Não";5;0;2;0;2;1;2;4;-28,315172;-52,733284;"SPRF-RS";"DEL08-RS";"UOP01-DEL08-RS"
491610;2022-12-08;"quinta-feira";"18:30:00";"PA";230;106,4;"SAO JOAO DO ARAGUAIA";"Ausência de reação do condutor";"Colisão traseira";"Com Vítimas Fatais";"Anoitecer";"Decrescente";"Céu Claro";"Simples";"Reta";"Não";5;1;0;0;1;3;0;4;-5,38163789;-48,99618596;"SPRF-PA";"DEL03-PA";"UOP01-DEL03-PA"
491611;2022-12-08;"quinta-feira";"18:30:00";"BA";116;752,3;"POCOES";"Transitar na contramão";"Colisão frontal";"Com Vítimas Fatais";"Plena Noite";"Decrescente";"Chuva";"Simples";"Reta";"Não";4;2;0;0;1;1;0;3;-14,49049;-40,34384;"SPRF-BA";"DEL08-BA";"UOP02-DEL08-BA"
491615;2022-12-08;"quinta-feira";"20:45:00";"BA";116;752;"POCOES";"Reação tardia ou ineficiente do condutor";"Colisão traseira";"Com Vítimas Feridas";"Plena Noite";"Crescente";"Céu Claro";"Simples";"Reta";"Não";4;0;0;1;2;1;1;3;-14,44441985;-40,35241363;"SPRF-BA";"DEL08-BA";"UOP02-DEL08-BA"
491618;2022-12-08;"quinta-feira";"21:30:00";"PR";277;32;"MORRETES";"Reação tardia ou ineficiente do condutor";"Tombamento";"Com Vítimas Feridas";"Plena Noite";"Decrescente";"Céu Claro";"Dupla";"Curva;Declive";"Não";2;0;0;1;0;2;1;3;-25,547373;-48,790559;"SPRF-PR";"DEL01-PR";"UOP05-DEL01-PR"
491625;2022-12-08;"quinta-feira";"19:45:00";"PR";163;313;"TERRA ROXA";"Ingestão de substâncias psicoativas pelo condutor";"Saída de leito carroçável";"Com Vítimas Feridas";"Plena Noite";"Decrescente";"Céu Claro";"Simples";"Reta";"Não";4;0;0;1;0;3;1;3;-24,355664;-54,148653;"SPRF-PR";"DEL06-PR";"UOP02-DEL06-PR"
491626;2022-12-08;"quinta-feira";"21:00:00";"BA";101;540;"SAO JOSE DA VITORIA";"Velocidade Incompatível";"Colisão lateral sentido oposto";"Com Vítimas Feridas";"Plena Noite";"Decrescente";"Nublado";"Simples";"Reta";"Não";3;0;0;1;1;1;1;3;-15,079253;-39,337175;"SPRF-BA";"DEL05-BA";"UOP01-DEL05-BA"
491632;2022-12-08;"quinta-feira";"22:40:00";"MS";158;220,7;"SELVIRIA";"Condutor Dormindo";"Colisão frontal";"Com Vítimas Feridas";"Plena Noite";"Decrescente";"Céu Claro";"Simples";"Reta";"Não";3;0;0;1;1;2;1;4;-20,50090596;-51,57206709;"SPRF-MS";"DEL07-MS";"UOP01-DEL07-MS"
491633;2022-12-08;"quinta-feira";"23:10:00";"RN";406;147,5;"CEARA-MIRIM";"Transitar na contramão";"Colisão frontal";"Com Vítimas Feridas";"Plena Noite";"Decrescente";"Nublado";"Simples";"Interseção de Vias";"Sim";3;0;0;1;1;1;1;3;-5,64619702;-35,459121;"SPRF-RN";"DEL02-RN";"UOP01-DEL02-RN"
491634;2022-12-08;"quinta-feira";"22:45:00";"SC";101;388,5;"CRICIUMA";"Reação tardia ou ineficiente do condutor";"Colisão traseira";"Com Vítimas Feridas";"Plena Noite";"Crescente";"Céu Claro";"Múltipla";"Reta";"Não";3;0;1;0;1;1;1;3;-28,78529329;-49,33739925;"SPRF-SC";"DEL02-SC";"UOP02-DEL02-SC"
491642;2022-12-09;"sexta-feira";"02:20:00";"PR";277;16;"PARANAGUA";"Condutor Dormindo";"Saída de leito carroçável";"Com Vítimas Feridas";"Plena Noite";"Decrescente";"Nublado";"Dupla";"Reta";"Não";2;0;1;0;0;1;1;2;-25,56610574;-48,62495594;"SPRF-PR";"DEL01-PR";"UOP05-DEL01-PR"
491643;2022-12-09;"sexta-feira";"02:30:00";"PR";277;324,9;"GUARAPUAVA";"Pedestre andava na pista";"Atropelamento de Pedestre";"Com Vítimas Fatais";"Plena Noite";"Decrescente";"Nublado";"Simples";"Reta;Aclive";"Não";2;1;0;0;1;0;0;2;-25,373188;-51,304498;"SPRF-PR";"DEL08-PR";"UOP01-DEL08-PR"