"id";"data_inversa";"dia_semana";"horario";"uf";"br";"km";"municipio";"causa_acidente";"tipo_acidente";"classificacao_acidente";"fase_dia";"sentido_via";"condicao_metereologica";"tipo_pista";"tracado_via";"uso_solo";"pessoas";"mortos";"feridos_leves";"feridos_graves";"ilesos";"ignorados";"feridos";"veiculos";"latitude";"longitude";"regional";"delegacia";"uop"
492457;2022-12-12;"segunda-feira";"15:00:00";"BA";242;459;"IBITIARA";"Entrada inopinada do pedestre";"Atropelamento de Pedestre";"Com Vítimas Fatais";"Pleno dia";"Crescente";"Nublado";"Simples";"Reta";"Não";3;1;0;0;1;2;0;4;-12,44991173;-42,14186123;"SPRF-BA";"DEL06-BA";"UOP01-DEL06-BA"
492459;2022-12-12;"segunda-feira";"17:30:00";"PR";277;1,5;"PARANAGUA";"Trafegar com motocicleta (ou similar) entre as faixas";"Colisão lateral mesmo sentido";"Com Vítimas Feridas";"Pleno dia";"Decrescente";"Céu Claro";"Dupla";"Reta";"Sim";4;0;0;1;1;3;1;5;-25,550281;-48,550566;"SPRF-PR";"DEL01-PR";"UOP05-DEL01-PR"
492466;2022-12-11;"domingo";"21:25:00";"RS";116;269;"CANOAS";"Acessar a via sem observar a presença dos outros veículos";"Colisão traseira";"Com Vítimas Feridas";"Plena Noite";"Decrescente";"Céu Claro";"Dupla";"Reta";"Sim";3;0;1;0;2;0;1;2;-29,95942501;-51,17608515;"SPRF-RS";"DEL01-RS";"UOP01-DEL01-RS"
492467;2022-12-12;"segunda-feira";"19:25:00";"MG";365;182;"BURITIZEIRO";"Ausência de sinalização";"Colisão lateral sentido oposto";"Com Vítimas Feridas";"Plena Noite";"Decrescente";"Nublado";"Simples";"Reta";"Não";3;0;2;0;0;1;2;2;-17,41676095;-45,10405231;"SPRF-MG";"DEL12-MG";"UOP01-DEL12-MG"
492472;2022-12-12;"segunda-feira";"19:50:00";"RJ";101;227;"SILVA JARDIM";"Objeto estático sobre o leito carroçável";"Colisão com objeto";"Sem Vítimas";"Plena Noite";"Crescente";"Céu Claro";"Dupla";"Curva";"Não";4;0;0;0;4;0;0;4;-22,55519463;-42,35508949;"SPRF-RJ";"DEL02-RJ";"UOP03-DEL02-RJ"
492476;2022-12-12;"segunda-feira";"17:20:00";"RJ";40;99;"DUQUE DE CAXIAS";"Velocidade Incompatível";"Tombamento";"Com Vítimas Feridas";"Pleno dia";"Decrescente";"Céu Claro";"Simples";"Curva";"Não";2;0;1;0;0;1;1;2;-22,58585204;-43,27716391;"SPRF-RJ";"DEL01-RJ";"UOP01-DEL01-RJ"
492481;2022-12-12;"segunda-feira";"22:52:00";"RS";116;397;"CAMAQUA";"Ingestão de álcool pelo condutor";"Colisão com objeto";"Com Vítimas Feridas";"Plena Noite";"Crescente";"Chuva";"Simples";"Desvio Temporário";"Sim";5;0;4;0;1;0;4;4;-30,85668978;-51,7840381;"SPRF-RS";"DEL02-RS";"UOP02-DEL02-RS"
492485;2022-12-12;"segunda-feira";"21:00:00";"RJ";116;337;"RESENDE";"Reação tardia ou ineficiente do condutor";"Colisão traseira";"Com Vítimas Feridas";"Plena Noite";"Crescente";"Vento";"Dupla";"Reta";"Sim";2;0;0;1;0;1;1;2;-22,50524715;-44,67643994;"SPRF-RJ";"DEL07-RJ";"UOP02-DEL07-RJ"
492487;2022-12-13;"terça-feira";"00:40:00";"TO";153;477,1;"BARROLANDIA";"Transitar na contramão";"Colisão lateral sentido oposto";"Com Vítimas Feridas";"Plena Noite";"Decrescente";"Céu Claro";"Simples";"Reta";"Não";4;0;0;1;2;3;1;6;-10,04091944;-48,80805067;"SPRF-TO";"DEL01-TO";"UOP01-DEL01-TO"
492491;2022-12-12;"segunda-feira";"23:30:00";"MA";135;28,6;"BACABEIRA";"Mal súbito do condutor";"Colisão traseira";"Com Vítimas Feridas";"Plena Noite";"Decrescente";"Céu Claro";"Dupla";"Reta";"Não";3;0;0;1;1;1;1;3;-2,786069;-44,37413;"SPRF-MA";"DEL01-MA";"UOP01-DEL01-MA"
492495;2022-12-13;"terça-feira";"03:15:00";"PR";376;303,9;"MAUA DA SERRA";"Velocidade Incompatível";"Tombamento";"Sem Vítimas";"Plena Noite";"Crescente";"Garoa/Chuvisco";"Dupla";"Declive;Curva";"Não";3;0;0;0;2;1;0;3;-23,94940698;-51,11940888;"SPRF-PR";"DEL07-PR";"UOP02-DEL07-PR"
492503;2022-12-13;"terça-feira";"03:51:00";"MT";163;4;"ITIQUIRA";"Reação tardia ou ineficiente do condutor";"Colisão traseira";"Com Vítimas Feridas";"Plena Noite";"Decrescente";"Céu Claro";"Dupla";"Declive";"Não";3;0;1;0;1;1;1;3;-17,48391995;-54,7397947;"SPRF-MT";"DEL02-MT";"UOP03-DEL02-MT"
492505;2022-12-13;"terça-feira";"05:00:00";"PE";232;307,9;"SERTANIA";"Condutor Dormindo";"Colisão com objeto";"Com Vítimas Feridas";"Amanhecer";"Decrescente";"Céu Claro";"Simples";"Reta";"Não";2;0;0;1;0;1;1;2;-8,17813014;-37,45401618;"SPRF-PE";"DEL04-PE";"UOP02-DEL04-PE"
492516;2022-11-18;"sexta-feira";"01:00:00";"SP";116;536;"BARRA DO TURVO";"Ausência de reação do condutor";"Colisão traseira";"Com Vítimas Feridas";"Plena Noite";"Decrescente";"Céu Claro";"Simples";"Reta";"Não";3;0;1;0;1;1;1;3;-24,97138929;-48,3547251;"SPRF-SP";"DEL05-SP";"UOP02-DEL05-SP"
492517;2022-12-13;"terça-feira";"07:00:00";"PA";230;592,4;"VITORIA DO XINGU";"Velocidade Incompatível";"Tombamento";"Com Vítimas Feridas";"Pleno dia";"Crescente";"Céu Claro";"Simples";"Aclive;Curva";"Não";2;0;1;0;0;1;1;2;-3,09657705;-51,85129929;"SPRF-PA";"DEL04-PA";"UOP01-DEL04-PA"
492518;2022-12-13;"terça-feira";"07:00:00";"RJ";40;25;"TRES RIOS";"Demais falhas mecânicas ou elétricas";"Colisão com objeto";"Com Vítimas Feridas";"Pleno dia";"Crescente";"Céu Claro";"Dupla";"Curva";"Não";1;0;1;0;0;0;1;1;-22,14680002;-43,15810757;"SPRF-RJ";"DEL05-RJ";"UOP02-DEL05-RJ"
492520;2022-09-08;"quinta-feira";"06:40:00";"SC";101;105;"PENHA";"Ausência de reação do condutor";"Colisão traseira";"Com Vítimas Feridas";"Pleno dia";"Decrescente";"Céu Claro";"Dupla";"Reta";"Não";5;0;2;0;3;0;2;4;-26,80215497;-48,67891041;"SPRF-SC";"DEL03-SC";"UOP02-DEL03-SC"
492528;2022-12-12;"segunda-feira";"05:30:00";"MS";262;285;"RIBAS DO RIO PARDO";"Problema com o freio";"Colisão com objeto";"Sem Vítimas";"Amanhecer";"Decrescente";"Céu Claro";"Simples";"Declive;Ponte";"Não";2;0;0;0;1;1;0;2;-20,48932604;-54,18241382;"SPRF-MS";"DEL01-MS";"UOP01-DEL01-MS"
492529;2022-12-13;"terça-feira";"09:10:00";"RJ";116;192;"NOVA IGUACU";"Condutor deixou de manter distância do veículo da frente";"Colisão traseira";"Com Vítimas Feridas";"Pleno dia";"Decrescente";"Céu Claro";"Dupla";"Reta";"Não";3;0;1;0;1;1;1;3;-22,74207737;-43,5192401;"SPRF-RJ";"DEL01-RJ";"UOP02-DEL01-RJ"
492541;2022-12-13;"terça-feira";"11:06:00";"SP";116;285;"ITAPECERICA DA SERRA";"Trafegar com motocicleta (ou similar) entre as faixas";"Queda de ocupante de veículo";"Com Vítimas Feridas";"Pleno dia";"Decrescente";"Chuva";"Dupla";"Reta";"Não";4;0;1;0;2;1;1;3;-23,70407794;-46,87249709;"SPRF-SP";"DEL04-SP";"UOP01-DEL04-SP"
492542;2022-12-13;"terça-feira";"11:45:00";"ES";101;297;"VIANA";"Acessar a via sem observar a presença dos outros veículos";"Colisão lateral mesmo sentido";"Com Vítimas Feridas";"Pleno dia";"Crescente";"Sol";"Dupla";"Interseção de Vias;Curva";"Não";5;0;2;1;1;1;3;4;-20,34529844;-40,41026774;"SPRF-ES";"DEL01-ES";"UOP01-DEL01-ES"
492546;2022-12-13;"terça-feira";"09:40:00";"MA";135;96;"ITAPECURU MIRIM";"Acostamento em desnível";"Tombamento";"Com Vítimas Feridas";"Pleno dia";"Crescente";"Céu Claro";"Simples";"Reta";"Não";2;0;1;0;0;2;1;3;-3,33474838;-44,44835256;"SPRF-MA";"DEL01-MA";"UOP02-DEL01-MA"
492549;2022-12-13;"terça-feira";"12:10:00";"RS";448;17;"CANOAS";"Animais na Pista";"Colisão lateral mesmo sentido";"Sem Vítimas";"Pleno dia";"Decrescente";"Céu Claro";"Múltipla";"Reta";"Sim";3;0;0;0;3;0;0;2;-29,937889;-51,207005;"SPRF-RS";"DEL01-RS";"UOP01-DEL01-RS"
492554;2022-08-22;"segunda-feira";"14:35:00";"MG";50;1;"ARAGUARI";"Condutor deixou de manter distância do veículo da frente";"Colisão traseira";"Com Vítimas Feridas";"Pleno dia";"Decrescente";"Céu Claro";"Dupla";"Declive";"Não";10;0;7;1;1;2;8;5;-18,42982393;-48,06250588;"SPRF-MG";"DEL15-MG";"UOP02-DEL15-MG"
492555;2022-12-13;"terça-feira";"12:30:00";"PA";155;304;"MARABA";"Condutor deixou de manter distância do veículo da frente";"Colisão traseira";"Com Vítimas Feridas";"Pleno dia";"Crescente";"Céu Claro";"Simples";"Reta";"Sim";2;0;0;1;0;1;1;2;-5,70189219;-49,12615878;"SPRF-PA";"DEL03-PA";"UOP01-DEL03-PA"
492557;2022-12-13;"terça-feira";"08:20:00";"SP";116;193;"ARUJA";"Acumulo de água sobre o pavimento";"Colisão com objeto";"Sem Vítimas";"Pleno dia";"Crescente";"Chuva";"Múltipla";"Reta";"Não";2;0;0;0;1;1;0;2;-23,380407;-46,258509;"SPRF-SP";"DEL01-SP";"NPF/DEL01-SP"
492558;2022-12-13;"terça-feira";"11:25:00";"MS";163;726;"COXIM";"Reação tardia ou ineficiente do condutor";"Colisão transversal";"Com Vítimas Feridas";"Pleno dia";"Crescente";"Céu Claro";"Simples";"Reta";"Sim";4;0;2;0;2;0;2;2;-18,54433098;-54,74667804;"SPRF-MS";"DEL06-MS";"UOP01-DEL06-MS"
492559;2022-12-13;"terça-feira";"11:15:00";"MG";365;5,6;"MONTES CLAROS";"Pista Escorregadia";"Colisão lateral sentido oposto";"Com Vítimas Feridas";"Pleno dia";"Crescente";"Chuva";"Simples";"Curva";"Não";7;0;5;0;2;0;5;3;-16,74574399;-43,88392402;"SPRF-MG";"DEL12-MG";"UOP01-DEL12-MG"
492560;2022-12-13;"terça-feira";"12:45:00";"SE";101;72,5;"MARUIM";"Reação tardia ou ineficiente do condutor";"Colisão lateral sentido oposto";"Com Vítimas Feridas";"Pleno dia";"Crescente";"Céu Claro";"Simples";"Declive;Em Obras";"Não";6;0;2;0;2;2;2;4;-10,752;-37,101;"SPRF-SE";"DEL01-SE";"UOP01-DEL01-SE"
492563;2022-11-19;"sábado";"20:30:00";"PR";376;591;"CURITIBA";"Entrada inopinada do pedestre";"Atropelamento de Pedestre";"Com Vítimas Fatais";"Plena Noite";"Decrescente";"Céu Claro";"Dupla";"Reta";"Sim";4;1;0;0;0;3;0;3;-25,45999605;-49,35895013;"SPRF-PR";"DEL01-PR";"UOP06-DEL01-PR"
492568;2022-10-14;"sexta-feira";"18:20:00";"PR";476;76;"BOCAIUVA DO SUL";"Reação tardia ou ineficiente do condutor";"Colisão frontal";"Com Vítimas Fatais";"Plena Noite";"Decrescente";"Chuva";"Simples";"Declive;Curva";"Não";3;1;0;0;2;0;0;2;-25,104088;-49,112267;"SPRF-PR";"DEL01-PR";"UOP01-DEL01-PR"
492575;2022-11-12;"sábado";"23:25:00";"PR";476;171;"CONTENDA";"Velocidade Incompatível";"Tombamento";"Com Vítimas Feridas";"Plena Noite";"Crescente";"Céu Claro";"Simples";"Reta";"Não";2;0;1;0;0;1;1;2;-25,67417542;-49,51377153;"SPRF-PR";"DEL01-PR";"UOP06-DEL01-PR"
492580;2022-12-13;"terça-feira";"14:00:00";"SC";101;192,3;"BIGUACU";"Manobra de mudança de faixa";"Colisão lateral mesmo sentido";"Com Vítimas Feridas";"Pleno dia";"Decrescente";"Sol";"Múltipla";"Reta;Em Obras;Desvio Temporário";"Sim";4;0;0;1;2;1;1;3;-27,48443781;-48,64765238;"SPRF-SC";"DEL01-SC";"UOP01-DEL01-SC"
492583;2022-12-13;"terça-feira";"13:25:00";"MG";116;302,9;"ITAMBACURI";"Transitar na contramão";"Colisão lateral sentido oposto";"Com Vítimas Feridas";"Pleno dia";"Crescente";"Céu Claro";"Simples";"Curva";"Não";4;0;2;0;2;0;2;2;-18,01809416;-41,63418999;"SPRF-MG";"DEL11-MG";"UOP01-DEL11-MG"
492584;2022-12-13;"terça-feira";"12:45:00";"RJ";101;185;"CASIMIRO DE ABREU";"Velocidade Incompatível";"Colisão traseira";"Sem Vítimas";"Pleno dia";"Decrescente";"Chuva";"Simples";"Curva";"Não";2;0;0;0;2;0;0;2;-22,43288427;-42,04019845;"SPRF-RJ";"DEL08-RJ";"UOP04-DEL08-RJ"
492585;2022-12-13;"terça-feira";"13:00:00";"MG";50;194;"DELTA";"Chuva";"Tombamento";"Com Vítimas Feridas";"Pleno dia";"Crescente";"Chuva";"Dupla";"Reta";"Não";1;0;1;0;0;0;1;1;-19,887439;-47,848374;"SPRF-MG";"DEL13-MG";"UOP01-DEL13-MG"
492587;2022-12-13;"terça-feira";"14:40:00";"ES";101;217,2;"IBIRACU";"Problema com o freio";"Colisão traseira";"Sem Vítimas";"Pleno dia";"Crescente";"Céu Claro";"Dupla";"Reta";"Não";4;0;0;0;3;1;0;4;-19,84725157;-40,38436001;"SPRF-ES";"DEL02-ES";"UOP01-DEL02-ES"
492591;2022-12-13;"terça-feira";"14:10:00";"SC";101;234;"PALHOCA";"Ultrapassagem Indevida";"Colisão lateral mesmo sentido";"Com Vítimas Feridas";"Pleno dia";"Decrescente";"Sol";"Dupla";"Reta;Em Obras;Declive";"Não";4;0;2;0;1;1;2;3;-27,81043812;-48,63537111;"SPRF-SC";"DEL01-SC";"UOP02-DEL01-SC"
492594;2022-12-13;"terça-feira";"14:35:00";"MG";381;526;"BRUMADINHO";"Acumulo de água sobre o pavimento";"Colisão lateral mesmo sentido";"Sem Vítimas";"Pleno dia";"Crescente";"Chuva";"Dupla";"Curva";"Não";2;0;0;0;2;0;0;2;-20,16175378;-44,34144636;"SPRF-MG";"DEL04-MG";"UOP03-DEL04-MG"
492598;2022-11-23;"quarta-feira";"11:00:00";"PR";116;126;"FAZENDA RIO GRANDE";"Trafegar com motocicleta (ou similar) entre as faixas";"Colisão lateral mesmo sentido";"Com Vítimas Feridas";"Pleno dia";"Crescente";"Céu Claro";"Dupla";"Reta";"Sim";2;0;1;0;1;0;1;2;-25,60389895;-49,31824423;"SPRF-PR";"DEL01-PR";"UOP03-DEL01-PR"
492605;2022-12-13;"terça-feira";"14:30:00";"SC";282;412;"CATANDUVAS";"Manobra de mudança de faixa";"Engavetamento";"Com Vítimas Feridas";"Pleno dia";"Decrescente";"Céu Claro";"Múltipla";"Reta";"Não";5;0;2;0;2;1;2;4;-27,055775;-51,688843;"SPRF-SC";"DEL07-SC";"UOP05-DEL07-SC"
492610;2022-12-13;"terça-feira";"15:40:00";"RS";471;484,3;"RIO GRANDE";"Manobra de mudança de faixa";"Colisão frontal";"Com Vítimas Feridas";"Pleno dia";"Decrescente";"Céu Claro";"Simples";"Reta";"Não";3;0;0;2;0;1;2;3;-32,227108;-52,472321;"SPRF-RS";"DEL07-RS";"UOP02-DEL07-RS"
492618;2022-12-13;"terça-feira";"17:30:00";"SC";101;122;"ITAJAI";"Velocidade Incompatível";"Colisão lateral mesmo sentido";"Com Vítimas Feridas";"Pleno dia";"Decrescente";"Nublado";"Dupla";"Reta";"Sim";2;0;0;1;1;0;1;2;-26,92955916;-48,70499836;"SPRF-SC";"DEL04-SC";"UOP04-DEL04-SC"
492619;2022-12-13;"terça-feira";"17:30:00";"SP";116;155;"SAO JOSE DOS CAMPOS";"Ausência de reação do condutor";"Colisão traseira";"Com Vítimas Feridas";"Pleno dia";"Decrescente";"Nublado";"Dupla";"Reta";"Sim";4;0;0;1;1;2;1;4;-23,24524337;-45,92772774;"SPRF-SP";"DEL02-SP";"UOP01-DEL02-SP"
492624;2022-12-13;"terça-feira";"12:10:00";"BA";242;813;"BARREIRAS";"Reação tardia ou ineficiente do condutor";"Tombamento";"Com Vítimas Feridas";"Pleno dia";"Decrescente";"Sol";"Simples";"Curva";"Não";2;0;0;1;0;2;1;3;-12,116278;-45,157993;"SPRF-BA";"DEL10-BA";"UOP01-DEL10-BA"
492627;2022-12-13;"terça-feira";"17:10:00";"SC";280;116,8;"SAO BENTO DO SUL";"Acessar a via sem observar a presença dos outros veículos";"Colisão lateral mesmo sentido";"Com Vítimas Feridas";"Anoitecer";"Decrescente";"Céu Claro";"Simples";"Curva";"Não";2;0;1;0;1;0;1;2;-26,2808956;-49,4169527;"SPRF-SC";"DEL06-SC";"UOP03-DEL06-SC"
492637;2022-12-13;"terça-feira";"18:10:00";"MT";364;349;"SANTO ANTONIO DO LEVERGER";"Curva acentuada";"Saída de leito carroçável";"Com Vítimas Feridas";"Plena Noite";"Crescente";"Ignorado";"Dupla";"Curva";"Não";2;0;1;0;0;1;1;2;-15,80502622;-55,5546431;"SPRF-MT";"DEL05-MT";"UOP02-DEL05-MT"
492638;2022-12-13;"terça-feira";"16:25:00";"BA";116;588;"NOVA ITARANA";"Demais falhas na via";"Tombamento";"Com Vítimas Feridas";"Pleno dia";"Decrescente";"Céu Claro";"Simples";"Aclive";"Não";2;0;1;0;0;1;1;2;-13,1549659;-39,998325;"SPRF-BA";"DEL03-BA";"UOP02-DEL03-BA"
492654;2022-12-13;"terça-feira";"15:40:00";"MT";163;701;"SORRISO";"Reação tardia ou ineficiente do condutor";"Tombamento";"Sem Vítimas";"Pleno dia";"Decrescente";"Céu Claro";"Simples";"Reta";"Não";2;0;0;0;1;3;0;4;-13,07203253;-55,92962546;"SPRF-MT";"DEL06-MT";"UOP02-DEL06-MT"
492658;2022-12-13;"terça-feira";"20:40:00";"PE";232;7;"RECIFE";"Acessar a via sem observar a presença dos outros veículos";"Colisão transversal";"Com Vítimas Feridas";"Plena Noite";"Decrescente";"Céu Claro";"Dupla";"Reta";"Sim";2;0;1;0;1;0;1;2;-8,07333497;-34,96184301;"SPRF-PE";"DEL01-PE";"UOP01-DEL01-PE"
492659;2022-12-13;"terça-feira";"19:20:00";"GO";153;565,6;"PROFESSOR JAMIL";"Ausência de reação do condutor";"Tombamento";"Com Vítimas Feridas";"Plena Noite";"Decrescente";"Chuva";"Dupla";"Reta;Declive";"Não";2;0;2;0;0;0;2;1;-17,2566;-49,2418;"SPRF-GO";"DEL03-GO";"UOP01-DEL03-GO"
492660;2022-12-13;"terça-feira";"20:00:00";"MT";163;603;"NOVA MUTUM";"Condutor deixou de manter distância do veículo da frente";"Colisão lateral sentido oposto";"Com Vítimas Feridas";"Pleno dia";"Decrescente";"Chuva";"Simples";"Reta";"Não";3;0;1;0;2;0;1;2;-13,88122005;-56,08852761;"SPRF-MT";"DEL01-MT";"UOP01-DEL01-MT"
492667;2022-12-13;"terça-feira";"16:50:00";"GO";364;5,4;"SAO SIMAO";"Velocidade Incompatível";"Tombamento";"Com Vítimas Feridas";"Pleno dia";"Decrescente";"Chuva";"Dupla";"Reta";"Não";2;0;0;1;0;1;1;2;-19,01911;-50,535496;"SPRF-GO";"DEL05-GO";"UOP02-DEL05-GO"
492670;2022-12-13;"terça-feira";"23:00:00";"SP";116;526;"BARRA DO TURVO";"Objeto estático sobre o leito carroçável";"Colisão com objeto";"Sem Vítimas";"Anoitecer";"Decrescente";"Garoa/Chuvisco";"Dupla";"Reta";"Não";4;0;0;0;3;1;0;3;-24,9299205;-48,27412524;"SPRF-SP";"DEL05-SP";"UOP02-DEL05-SP"
492671;2022-12-13;"terça-feira";"23:10:00";"MG";459;94;"POUSO ALEGRE";"Ingestão de substâncias psicoativas pelo condutor";"Tombamento";"Sem Vítimas";"Plena Noite";"Decrescente";"Céu Claro";"Simples";"Reta";"Não";2;0;0;0;1;1;0;2;-22,184677;-45,988678;"SPRF-MG";"DEL09-MG";"UOP01-DEL09-MG"
492673;2022-12-12;"segunda-feira";"12:20:00";"BA";116;250,8;"TUCANO";"Demais falhas mecânicas ou elétricas";"Tombamento";"Sem Vítimas";"Pleno dia";"Decrescente";"Céu Claro";"Simples";"Reta";"Não";2;0;0;0;1;3;0;4;-10,77574202;-38,89432205;"SPRF-BA";"DEL07-BA";"UOP02-DEL07-BA"
492674;2022-12-13;"terça-feira";"21:30:00";"PR";116;13;"CAMPINA GRANDE DO SUL";"Demais falhas mecânicas ou elétricas";"Eventos atípicos";"Sem Vítimas";"Plena Noite";"Decrescente";"Garoa/Chuvisco";"Dupla";"Reta;Em Obras";"Não";2;0;0;0;1;2;0;3;-25,096447;-48,664562;"SPRF-PR";"DEL01-PR";"UOP02-DEL01-PR"
492675;2022-12-14;"quarta-feira";"00:05:00";"ES";101;265,9;"SERRA";"Condutor desrespeitou a iluminação vermelha do semáforo";"Colisão transversal";"Com Vítimas Feridas";"Plena Noite";"Crescente";"Chuva";"Múltipla";"Reta;Interseção de Vias";"Sim";2;0;0;1;1;0;1;2;-20,19930999;-40,26884609;"SPRF-ES";"DEL02-ES";"UOP01-DEL02-ES"
492677;2022-12-13;"terça-feira";"17:45:00";"RJ";101;51,1;"CAMPOS DOS GOYTACAZES";"Ultrapassagem Indevida";"Colisão frontal";"Com Vítimas Fatais";"Pleno dia";"Crescente";"Chuva";"Simples";"Declive";"Não";3;1;0;0;1;1;0;3;-21,64273198;-41,31170082;"SPRF-RJ";"DEL08-RJ";"UOP01-DEL08-RJ"
492680;2022-12-13;"terça-feira";"18:45:00";"MS";436;7,4;"APARECIDA DO TABOADO";"Condutor deixou de manter distância do veículo da frente";"Saída de leito carroçável";"Com Vítimas Feridas";"Plena Noite";"Decrescente";"Céu Claro";"Simples";"Reta";"Não";2;0;1;0;0;2;1;3;-20,09575534;-51,05357409;"SPRF-MS";"DEL08-MS";"UOP01-DEL08-MS"
492681;2022-12-14;"quarta-feira";"02:20:00";"SP";116;509,7;"CAJATI";"Velocidade Incompatível";"Tombamento";"Com Vítimas Feridas";"Plena Noite";"Decrescente";"Céu Claro";"Simples";"Curva";"Não";1;0;1;0;0;0;1;1;-24,82178987;-48,21419034;"SPRF-SP";"DEL05-SP";"UOP02-DEL05-SP"
492686;2022-12-14;"quarta-feira";"04:30:00";"SP";116;467;"PARIQUERA-ACU";"Condutor Dormindo";"Colisão traseira";"Com Vítimas Feridas";"Amanhecer";"Decrescente";"Céu Claro";"Dupla";"Reta";"Não";3;0;0;1;1;2;1;4;-24,64935089;-47,93124902;"SPRF-SP";"DEL05-SP";"UOP01-DEL05-SP"
492694;2022-12-14;"quarta-feira";"06:14:00";"ES";259;93,7;"BAIXO GUANDU";"Mal súbito do condutor";"Colisão frontal";"Com Vítimas Feridas";"Amanhecer";"Crescente";"Céu Claro";"Simples";"Reta";"Não";3;0;1;2;0;0;3;2;-19,50636034;-40,93463713;"SPRF-ES";"DEL02-ES";"UOP01-DEL02-ES"
492696;2022-12-13;"terça-feira";"23:40:00";"RJ";101;180;"RIO DAS OSTRAS";"Chuva";"Colisão frontal";"Com Vítimas Feridas";"Plena Noite";"Decrescente";"Chuva";"Simples";"Curva";"Não";5;0;3;0;1;1;3;3;-22,40868134;-41,99838761;"SPRF-RJ";"DEL08-RJ";"UOP04-DEL08-RJ"
492701;2022-10-13;"quinta-feira";"07:30:00";"GO";153;294;"RIALMA";"Velocidade Incompatível";"Tombamento";"Com Vítimas Feridas";"Pleno dia";"Decrescente";"Céu Claro";"Simples";"Curva";"Não";3;0;1;1;0;1;2;2;-15,258693;-49,547087;"SPRF-GO";"DEL02-GO";"UOP02-DEL02-GO"
492704;2022-12-14;"quarta-feira";"09:20:00";"GO";452;0;"RIO VERDE";"Manobra de mudança de faixa";"Colisão traseira";"Com Vítimas Feridas";"Pleno dia";"Decrescente";"Chuva";"Dupla";"Reta";"Sim";2;0;1;0;1;0;1;2;-17,786345;-50,901516;"SPRF-GO";"DEL04-GO";"UOP01-DEL04-GO"
492705;2022-12-14;"quarta-feira";"09:45:00";"MG";381;452;"SABARA";"Entrada inopinada do pedestre";"Atropelamento de Pedestre";"Com Vítimas Fatais";"Pleno dia";"Crescente";"Nublado";"Simples";"Curva";"Sim";3;1;0;0;1;1;0;3;-19,84339604;-43,88596993;"SPRF-MG";"DEL01-MG";"UOP01-DEL01-MG"
492711;2022-11-26;"sábado";"10:30:00";"PR";476;83;"BOCAIUVA DO SUL";"Faixas de trânsito com largura insuficiente";"Colisão frontal";"Com Vítimas Feridas";"Pleno dia";"Decrescente";"Chuva";"Simples";"Curva";"Não";5;0;0;3;1;1;3;3;-25,144646;-49,106556;"SPRF-PR";"DEL01-PR";"UOP01-DEL01-PR"
492713;2022-12-14;"quarta-feira";"03:50:00";"RJ";40;115;"DUQUE DE CAXIAS";"Ausência de reação do condutor";"Colisão com objeto";"Com Vítimas Feridas";"Plena Noite";"Crescente";"Céu Claro";"Dupla";"Reta";"Não";1;0;1;0;0;0;1;1;-22,735654;-43,288485;"SPRF-RJ";"DEL01-RJ";"UOP01-DEL01-RJ"
492714;2022-12-14;"quarta-feira";"09:50:00";"GO";60;98;"ANAPOLIS";"Velocidade Incompatível";"Colisão traseira";"Com Vítimas Feridas";"Pleno dia";"Decrescente";"Céu Claro";"Dupla";"Reta";"Não";5;0;2;0;2;2;2;4;-16,3846;-48,9541;"SPRF-GO";"DEL02-GO";"UOP01-DEL02-GO"
492716;2022-11-24;"quinta-feira";"20:00:00";"GO";153;588;"PROFESSOR JAMIL";"Demais falhas mecânicas ou elétricas";"Incêndio";"Sem Vítimas";"Plena Noite";"Decrescente";"Nublado";"Dupla";"Reta";"Não";2;0;0;0;1;1;0;2;-17,4509;-49,2274;"SPRF-GO";"DEL03-GO";"UOP01-DEL03-GO"
492718;2022-12-12;"segunda-feira";"05:10:00";"MG";381;441;"SABARA";"Ausência de reação do condutor";"Colisão lateral mesmo sentido";"Sem Vítimas";"Amanhecer";"Decrescente";"Chuva";"Simples";"Curva;Aclive";"Não";2;0;0;0;0;2;0;2;-19,81604176;-43,80389901;"SPRF-MG";"DEL01-MG";"UOP01-DEL01-MG"
492722;2022-12-14;"quarta-feira";"09:55:00";"RJ";393;268;"BARRA DO PIRAI";"Acessar a via sem observar a presença dos outros veículos";"Colisão transversal";"Com Vítimas Feridas";"Pleno dia";"Crescente";"Céu Claro";"Simples";"Retorno Regulamentado;Interseção de Vias";"Não";4;0;1;0;2;1;1;3;-22,48780458;-43,90932706;"SPRF-RJ";"DEL05-RJ";"UOP04-DEL05-RJ"
492731;2022-12-05;"segunda-feira";"15:20:00";"PA";316;97;"IGARAPE-ACU";"Ausência de reação do condutor";"Colisão traseira";"Com Vítimas Feridas";"Pleno dia";"Crescente";"Chuva";"Simples";"Reta";"Não";6;0;2;0;4;0;2;3;-1,33032929;-47,63036005;"SPRF-PA";"DEL01-PA";"UOP02-DEL01-PA"
492732;2022-12-14;"quarta-feira";"10:34:00";"AL";101;64;"FLEXEIRAS";"Curva acentuada";"Saída de leito carroçável";"Com Vítimas Fatais";"Pleno dia";"Crescente";"Céu Claro";"Dupla";"Curva";"Não";2;1;0;0;0;1;0;2;-9,30306662;-35,82126617;"SPRF-AL";"DEL01-AL";"UOP02-DEL01-AL"
492737;2022-12-14;"quarta-feira";"08:30:00";"RS";386;347,5;"LAJEADO";"Velocidade Incompatível";"Colisão traseira";"Sem Vítimas";"Pleno dia";"Crescente";"Céu Claro";"Dupla";"Reta";"Sim";2;0;0;0;2;0;0;2;-29,451736;-51,965893;"SPRF-RS";"DEL04-RS";"UOP01-DEL04-RS"