"id";"data_inversa";"dia_semana";"horario";"uf";"br";"km";"municipio";"causa_acidente";"tipo_acidente";"classificacao_acidente";"fase_dia";"sentido_via";"condicao_metereologica";"tipo_pista";"tracado_via";"uso_solo";"pessoas";"mortos";"feridos_leves";"feridos_graves";"ilesos";"ignorados";"feridos";"veiculos";"latitude";"longitude";"regional";"delegacia";"uop"
492738;2022-11-23;"quarta-feira";"18:00:00";"SC";153;38,5;"PONTE SERRADA";"Demais falhas mecânicas ou elétricas";"Colisão traseira";"Com Vítimas Feridas";"Anoitecer";"Crescente";"Céu Claro";"Simples";"Reta";"Não";3;0;0;1;1;1;1;3;-26,83793363;-51,74526215;"SPRF-SC";"DEL07-SC";"UOP07-DEL07-SC"
492745;2022-12-14;"quarta-feira";"11:50:00";"PR";277;32;"MORRETES";"Velocidade Incompatível";"Tombamento";"Com Vítimas Feridas";"Pleno dia";"Crescente";"Céu Claro";"Dupla";"Declive;Curva";"Não";2;0;1;0;0;2;1;3;-25,547373;-48,790559;"SPRF-PR";"DEL01-PR";"UOP05-DEL01-PR"
492747;2022-12-14;"quarta-feira";"13:20:00";"CE";116;179,6;"RUSSAS";"Desrespeitar a preferência no cruzamento";"Colisão transversal";"Com Vítimas Feridas";"Pleno dia";"Crescente";"Céu Claro";"Simples";"Reta";"Não";2;0;0;1;1;0;1;2;-5,03750487;-38,08630013;"SPRF-CE";"DEL03-CE";"UOP01-DEL03-CE"
492748;2022-12-14;"quarta-feira";"13:20:00";"SC";101;145;"ITAPEMA";"Manobra de mudança de faixa";"Colisão lateral mesmo sentido";"Com Vítimas Feridas";"Pleno dia";"Crescente";"Céu Claro";"Dupla";"Reta";"Sim";3;0;1;0;1;2;1;4;-27,08139206;-48,60130993;"SPRF-SC";"DEL04-SC";"UOP03-DEL04-SC"
492749;2022-12-14;"quarta-feira";"12:20:00";"SC";101;202;"SAO JOSE";"Reação tardia ou ineficiente do condutor";"Colisão traseira";"Com Vítimas Feridas";"Pleno dia";"Crescente";"Céu Claro";"Dupla";"Reta";"Sim";4;0;2;0;1;1;2;3;-27,55711595;-48,61897889;"SPRF-SC";"DEL01-SC";"UOP01-DEL01-SC"
492750;2022-12-14;"quarta-feira";"11:00:00";"SC";101;116;"ITAJAI";"Condutor deixou de manter distância do veículo da frente";"Colisão traseira";"Com Vítimas Feridas";"Pleno dia";"Crescente";"Nublado";"Dupla";"Reta";"Sim";3;0;1;0;1;3;1;5;-26,87905605;-48,72603512;"SPRF-SC";"DEL04-SC";"UOP04-DEL04-SC"
492757;2022-12-14;"quarta-feira";"12:45:00";"MG";381;354;"BETIM";"Frear bruscamente";"Tombamento";"Com Vítimas Feridas";"Pleno dia";"Crescente";"Nublado";"Dupla";"Curva";"Sim";1;0;1;0;0;0;1;1;-19,98464192;-44,20108795;"SPRF-MG";"DEL03-MG";"UOP01-DEL03-MG"
492761;2022-12-14;"quarta-feira";"14:45:00";"MG";381;801,8;"SAO GONCALO DO SAPUCAI";"Condutor Dormindo";"Saída de leito carroçável";"Com Vítimas Feridas";"Pleno dia";"Crescente";"Céu Claro";"Dupla";"Curva";"Não";2;0;1;0;0;2;1;3;-21,98436367;-45,64717924;"SPRF-MG";"DEL16-MG";"UOP02-DEL16-MG"
492767;2022-12-14;"quarta-feira";"14:45:00";"RS";116;144;"CAXIAS DO SUL";"Carga excessiva e/ou mal acondicionada";"Tombamento";"Com Vítimas Feridas";"Pleno dia";"Crescente";"Céu Claro";"Dupla";"Reta";"Sim";3;0;1;0;1;1;1;3;-29,13174245;-51,12891197;"SPRF-RS";"DEL05-RS";"UOP01-DEL05-RS"
492772;2022-12-14;"quarta-feira";"14:30:00";"MT";364;393;"CUIABA";"Chuva";"Saída de leito carroçável";"Com Vítimas Feridas";"Pleno dia";"Crescente";"Chuva";"Dupla";"Reta";"Sim";1;0;1;0;0;0;1;1;-15,666208;-55,960681;"SPRF-MT";"DEL01-MT";"UOP02-DEL01-MT"
492778;2022-12-14;"quarta-feira";"15:58:00";"GO";153;306,5;"RIALMA";"Ultrapassagem Indevida";"Colisão lateral mesmo sentido";"Com Vítimas Fatais";"Pleno dia";"Decrescente";"Chuva";"Simples";"Reta";"Sim";3;1;0;0;1;1;0;3;-15,319148;-49,572132;"SPRF-GO";"DEL02-GO";"UOP02-DEL02-GO"
492783;2022-12-14;"quarta-feira";"13:50:00";"BA";420;283;"UBAIRA";"Velocidade Incompatível";"Saída de leito carroçável";"Com Vítimas Feridas";"Pleno dia";"Decrescente";"Ignorado";"Simples";"Reta";"Não";2;0;1;1;0;0;2;1;-13,26383513;-39,68515198;"SPRF-BA";"DEL03-BA";"UOP01-DEL03-BA"
492784;2022-12-14;"quarta-feira";"16:20:00";"BA";242;230;"ITABERABA";"Pista Escorregadia";"Colisão lateral sentido oposto";"Com Vítimas Feridas";"Pleno dia";"Crescente";"Chuva";"Simples";"Reta";"Sim";3;0;1;0;1;1;1;3;-12,51024093;-40,31003952;"SPRF-BA";"DEL06-BA";"UOP02-DEL06-BA"
492785;2022-10-29;"sábado";"15:15:00";"MG";365;7,5;"MONTES CLAROS";"Demais falhas mecânicas ou elétricas";"Tombamento";"Com Vítimas Feridas";"Pleno dia";"Decrescente";"Céu Claro";"Simples";"Curva";"Não";9;0;2;1;5;1;3;4;-16,82885665;-43,92602929;"SPRF-MG";"DEL12-MG";"UOP01-DEL12-MG"
492788;2022-12-14;"quarta-feira";"16:30:00";"SP";116;227;"GUARULHOS";"Manobra de mudança de faixa";"Colisão lateral mesmo sentido";"Sem Vítimas";"Pleno dia";"Decrescente";"Céu Claro";"Múltipla";"Curva";"Sim";5;0;0;0;4;1;0;3;-23,49845534;-46,55856729;"SPRF-SP";"DEL01-SP";"UOP01-DEL01-SP"
492791;2022-12-14;"quarta-feira";"17:50:00";"SP";116;161;"JACAREI";"Reação tardia ou ineficiente do condutor";"Engavetamento";"Com Vítimas Feridas";"Anoitecer";"Decrescente";"Céu Claro";"Múltipla";"Reta";"Sim";7;0;1;0;5;2;1;7;-23,27617003;-45,97592098;"SPRF-SP";"DEL02-SP";"UOP01-DEL02-SP"
492800;2022-12-14;"quarta-feira";"15:00:00";"MT";163;1012;"TERRA NOVA DO NORTE";"Ultrapassagem Indevida";"Colisão frontal";"Sem Vítimas";"Pleno dia";"Decrescente";"Céu Claro";"Simples";"Reta";"Não";3;0;0;0;2;3;0;5;-10,5188801;-55,0767357;"SPRF-MT";"DEL06-MT";"UOP03-DEL06-MT"
492801;2022-12-14;"quarta-feira";"17:30:00";"SP";116;306;"SAO LOURENCO DA SERRA";"Manobra de mudança de faixa";"Colisão lateral mesmo sentido";"Com Vítimas Feridas";"Pleno dia";"Crescente";"Céu Claro";"Dupla";"Reta";"Sim";3;0;1;0;0;2;1;2;-23,8486091;-46,93801566;"SPRF-SP";"DEL04-SP";"UOP01-DEL04-SP"
492809;2022-12-14;"quarta-feira";"18:40:00";"RS";386;348;"LAJEADO";"Ingestão de álcool pelo condutor";"Colisão lateral mesmo sentido";"Sem Vítimas";"Pleno dia";"Crescente";"Céu Claro";"Dupla";"Reta";"Sim";3;0;0;0;2;1;0;3;-29,456644;-51,957329;"SPRF-RS";"DEL04-RS";"UOP02-DEL04-RS"
492810;2022-12-14;"quarta-feira";"18:40:00";"ES";101;216,1;"IBIRACU";"Ausência de reação do condutor";"Colisão traseira";"Com Vítimas Feridas";"Plena Noite";"Decrescente";"Nublado";"Múltipla";"Curva";"Não";4;0;1;0;2;2;1;5;-19,83935411;-40,3835169;"SPRF-ES";"DEL02-ES";"UOP01-DEL02-ES"
492812;2022-12-14;"quarta-feira";"18:00:00";"MG";40;199;"JOAO PINHEIRO";"Acumulo de água sobre o pavimento";"Saída de leito carroçável";"Com Vítimas Feridas";"Anoitecer";"Crescente";"Chuva";"Simples";"Reta";"Não";2;0;2;0;0;0;2;1;-18,00961206;-45,82144902;"SPRF-MG";"DEL14-MG";"UOP02-DEL14-MG"
492814;2022-11-08;"terça-feira";"07:40:00";"SC";470;280,2;"BRUNOPOLIS";"Velocidade Incompatível";"Tombamento";"Com Vítimas Fatais";"Pleno dia";"Crescente";"Céu Claro";"Simples";"Reta";"Não";7;1;2;0;3;1;2;3;-27,33318;-50,86818;"SPRF-SC";"DEL07-SC";"UOP06-DEL07-SC"
492815;2022-12-14;"quarta-feira";"10:10:00";"PA";155;261;"ELDORADO DO CARAJAS";"Transitar na contramão";"Colisão frontal";"Com Vítimas Feridas";"Pleno dia";"Crescente";"Céu Claro";"Simples";"Reta";"Não";3;0;0;1;1;3;1;5;-6,04218191;-49,28629213;"SPRF-PA";"DEL03-PA";"UOP01-DEL03-PA"
492819;2022-12-14;"quarta-feira";"18:50:00";"PB";101;86,5;"BAYEUX";"Manobra de mudança de faixa";"Colisão com objeto";"Sem Vítimas";"Plena Noite";"Crescente";"Nublado";"Dupla";"Reta";"Sim";1;0;0;0;1;0;0;1;-7,15118983;-34,91012184;"SPRF-PB";"DEL01-PB";"UOP01-DEL01-PB"
492823;2022-12-14;"quarta-feira";"20:15:00";"MG";40;769,7;"JUIZ DE FORA";"Demais falhas mecânicas ou elétricas";"Incêndio";"Sem Vítimas";"Plena Noite";"Decrescente";"Garoa/Chuvisco";"Simples";"Curva";"Não";2;0;0;0;1;1;0;2;-21,59924304;-43,4579108;"SPRF-MG";"DEL05-MG";"UOP01-DEL05-MG"
492824;2022-12-14;"quarta-feira";"17:45:00";"SP";116;35,3;"CACHOEIRA PAULISTA";"Objeto estático sobre o leito carroçável";"Colisão com objeto";"Com Vítimas Feridas";"Pleno dia";"Crescente";"Nublado";"Dupla";"Reta";"Não";2;0;0;1;1;0;1;2;-22,65892521;-44,96708995;"SPRF-SP";"DEL08-SP";"UOP02-DEL08-SP"
492830;2022-12-14;"quarta-feira";"19:50:00";"RJ";101;303;"SAO GONCALO";"Estacionar ou parar em local proibido";"Colisão lateral mesmo sentido";"Sem Vítimas";"Plena Noite";"Crescente";"Céu Claro";"Dupla";"Declive";"Sim";4;0;0;0;3;1;0;4;-22,7828205;-42,9766681;"SPRF-RJ";"DEL02-RJ";"UOP02-DEL02-RJ"
492838;2022-12-14;"quarta-feira";"21:35:00";"PR";376;248;"APUCARANA";"Reação tardia ou ineficiente do condutor";"Colisão traseira";"Com Vítimas Feridas";"Plena Noite";"Crescente";"Céu Claro";"Simples";"Viaduto;Reta";"Sim";5;0;1;0;3;1;1;5;-23,60725;-51,40741;"SPRF-PR";"DEL07-PR";"UOP03-DEL07-PR"
492843;2022-12-14;"quarta-feira";"22:35:00";"SC";280;55,4;"GUARAMIRIM";"Desrespeitar a preferência no cruzamento";"Colisão transversal";"Com Vítimas Feridas";"Plena Noite";"Decrescente";"Nublado";"Dupla";"Interseção de Vias;Em Obras;Rotatória";"Sim";3;0;0;1;1;1;1;3;-26,47584353;-48,9937858;"SPRF-SC";"DEL03-SC";"UOP03-DEL03-SC"
492846;2022-12-14;"quarta-feira";"07:30:00";"SC";282;137,5;"BOM RETIRO";"Velocidade Incompatível";"Tombamento";"Com Vítimas Feridas";"Pleno dia";"Decrescente";"Céu Claro";"Simples";"Rotatória;Reta";"Não";1;0;1;0;0;0;1;1;-27,82256727;-49,5692718;"SPRF-SC";"DEL05-SC";"UOP01-DEL05-SC"
492850;2022-11-21;"segunda-feira";"20:35:00";"PE";423;81;"JUCATI";"Demais falhas mecânicas ou elétricas";"Incêndio";"Sem Vítimas";"Plena Noite";"Decrescente";"Céu Claro";"Simples";"Aclive";"Não";2;0;0;0;1;1;0;2;-8,77445381;-36,42734142;"SPRF-PE";"DEL03-PE";"UOP01-DEL03-PE"
492853;2022-12-14;"quarta-feira";"19:30:00";"MG";116;360;"FREI INOCENCIO";"Reação tardia ou ineficiente do condutor";"Colisão frontal";"Com Vítimas Fatais";"Plena Noite";"Decrescente";"Chuva";"Simples";"Reta";"Não";5;2;1;1;1;0;2;2;-18,457246;-41,8503;"SPRF-MG";"DEL11-MG";"UOP01-DEL11-MG"
492854;2022-12-14;"quarta-feira";"23:00:00";"SC";470;115,7;"IBIRAMA";"Carga excessiva e/ou mal acondicionada";"Tombamento";"Com Vítimas Feridas";"Plena Noite";"Decrescente";"Céu Claro";"Simples";"Reta";"Não";2;0;1;0;0;1;1;2;-27,07813418;-49,49101646;"SPRF-SC";"DEL04-SC";"UOP02-DEL04-SC"
492859;2022-12-15;"quinta-feira";"02:00:00";"MG";267;291,8;"BAEPENDI";"Condutor Dormindo";"Colisão frontal";"Com Vítimas Feridas";"Plena Noite";"Crescente";"Céu Claro";"Simples";"Reta";"Não";4;0;1;1;1;1;2;3;-21,923267;-44,8194;"SPRF-MG";"DEL17-MG";"UOP01-DEL17-MG"
492866;2022-12-15;"quinta-feira";"04:00:00";"SP";116;145;"SAO JOSE DOS CAMPOS";"Ausência de reação do condutor";"Colisão traseira";"Com Vítimas Feridas";"Amanhecer";"Crescente";"Céu Claro";"Dupla";"Aclive;Reta";"Não";2;0;1;0;1;0;1;2;-23,1869844;-45,8548078;"SPRF-SP";"DEL02-SP";"UOP01-DEL02-SP"
492869;2022-12-15;"quinta-feira";"06:20:00";"SC";470;130,4;"LONTRAS";"Ultrapassagem Indevida";"Colisão lateral mesmo sentido";"Sem Vítimas";"Pleno dia";"Crescente";"Céu Claro";"Simples";"Interseção de Vias";"Sim";2;0;0;0;2;0;0;2;-27,170237;-49,574718;"SPRF-SC";"DEL04-SC";"UOP02-DEL04-SC"
492873;2022-12-14;"quarta-feira";"17:55:00";"CE";222;305;"TIANGUA";"Ultrapassagem Indevida";"Colisão lateral mesmo sentido";"Com Vítimas Feridas";"Plena Noite";"Crescente";"Garoa/Chuvisco";"Simples";"Reta";"Não";6;0;1;0;4;1;1;3;-3,67107564;-40,96050301;"SPRF-CE";"DEL04-CE";"UOP02-DEL04-CE"
492874;2022-12-15;"quinta-feira";"06:50:00";"SP";116;273,4;"TABOAO DA SERRA";"Trafegar com motocicleta (ou similar) entre as faixas";"Colisão traseira";"Com Vítimas Feridas";"Pleno dia";"Decrescente";"Céu Claro";"Dupla";"Reta";"Sim";2;0;1;0;1;0;1;2;-23,61673703;-46,79120064;"SPRF-SP";"DEL04-SP";"UOP01-DEL04-SP"
492875;2022-12-15;"quinta-feira";"05:20:00";"PI";343;214,5;"CAPITAO DE CAMPOS";"Neblina";"Colisão lateral sentido oposto";"Com Vítimas Feridas";"Pleno dia";"Crescente";"Céu Claro";"Simples";"Reta";"Sim";3;0;1;0;2;0;1;2;-4,462317;-41,943611;"SPRF-PI";"DEL02-PI";"UOP01-DEL02-PI"
492880;2022-12-15;"quinta-feira";"06:55:00";"PE";101;50,7;"ABREU E LIMA";"Demais falhas mecânicas ou elétricas";"Incêndio";"Sem Vítimas";"Pleno dia";"Decrescente";"Céu Claro";"Múltipla";"Reta";"Sim";1;0;0;0;1;0;0;1;-7,90938602;-34,90123228;"SPRF-PE";"DEL01-PE";"UOP02-DEL01-PE"
492890;2022-12-15;"quinta-feira";"06:10:00";"SC";470;81,1;"RODEIO";"Transitar na contramão";"Colisão frontal";"Com Vítimas Fatais";"Pleno dia";"Crescente";"Nublado";"Simples";"Curva";"Não";2;1;1;0;0;0;1;2;-26,9516061;-49,32681084;"SPRF-SC";"DEL04-SC";"UOP01-DEL04-SC"
492893;2022-12-14;"quarta-feira";"17:30:00";"RJ";116;142;"DUQUE DE CAXIAS";"Acessar a via sem observar a presença dos outros veículos";"Atropelamento de Pedestre";"Com Vítimas Feridas";"Anoitecer";"Crescente";"Nublado";"Múltipla";"Reta";"Sim";2;0;1;0;1;0;1;2;-22,64876087;-43,23031638;"SPRF-RJ";"DEL01-RJ";"UOP01-DEL01-RJ"
492895;2022-12-15;"quinta-feira";"06:40:00";"GO";153;23;"PORANGATU";"Ausência de reação do condutor";"Saída de leito carroçável";"Com Vítimas Feridas";"Pleno dia";"Decrescente";"Nublado";"Simples";"Reta";"Não";2;0;2;0;0;0;2;1;-13,028863;-49,168381;"SPRF-GO";"DEL07-GO";"UOP01-DEL07-GO"
492916;2022-12-15;"quinta-feira";"11:00:00";"SP";116;230;"SAO PAULO";"Reação tardia ou ineficiente do condutor";"Colisão traseira";"Com Vítimas Feridas";"Pleno dia";"Crescente";"Céu Claro";"Múltipla";"Reta";"Sim";3;0;1;0;1;2;1;4;-23,52251783;-46,5855702;"SPRF-SP";"DEL01-SP";"UOP01-DEL01-SP"
492917;2022-12-15;"quinta-feira";"10:00:00";"MG";381;295;"ANTONIO DIAS";"Ausência de reação do condutor";"Colisão traseira";"Com Vítimas Feridas";"Pleno dia";"Decrescente";"Céu Claro";"Simples";"Ponte";"Não";4;0;1;0;2;2;1;5;-19,62589942;-42,86308111;"SPRF-MG";"DEL03-MG";"UOP02-DEL03-MG"
492918;2022-12-15;"quinta-feira";"10:45:00";"MG";40;521,3;"CONTAGEM";"Manobra de mudança de faixa";"Colisão lateral mesmo sentido";"Com Vítimas Feridas";"Pleno dia";"Crescente";"Céu Claro";"Dupla";"Curva";"Não";2;0;1;0;0;1;1;2;-19,85651501;-44,07213222;"SPRF-MG";"DEL01-MG";"UOP02-DEL01-MG"
492920;2022-12-15;"quinta-feira";"11:00:00";"PI";407;534;"JACOBINA DO PIAUI";"Avarias e/ou desgaste excessivo no pneu";"Tombamento";"Com Vítimas Feridas";"Pleno dia";"Decrescente";"Sol";"Simples";"Reta";"Não";1;0;1;0;0;0;1;1;-7,79307104;-41,2195732;"SPRF-PI";"DEL04-PI";"UOP01-DEL04-PI"
492928;2022-12-15;"quinta-feira";"09:54:00";"RO";364;11;"VILHENA";"Reação tardia ou ineficiente do condutor";"Atropelamento de Pedestre";"Com Vítimas Feridas";"Pleno dia";"Decrescente";"Nublado";"Dupla";"Rotatória";"Sim";3;0;1;0;1;2;1;4;-12,74605898;-60,11270299;"SPRF-RO";"DEL04-RO";"UOP01-DEL04-RO"
492931;2022-10-12;"quarta-feira";"11:00:00";"MT";163;555;"NOVA MUTUM";"Condutor deixou de manter distância do veículo da frente";"Colisão traseira";"Com Vítimas Feridas";"Pleno dia";"Crescente";"Céu Claro";"Simples";"Reta";"Não";5;0;3;0;1;3;3;6;-14,187402;-56,087806;"SPRF-MT";"DEL01-MT";"UOP01-DEL01-MT"
492932;2022-12-15;"quinta-feira";"11:45:00";"PB";230;35,9;"SANTA RITA";"Problema com o freio";"Colisão com objeto";"Sem Vítimas";"Pleno dia";"Crescente";"Céu Claro";"Múltipla";"Aclive";"Sim";2;0;0;0;1;1;0;2;-7,1246;-34,9473;"SPRF-PB";"DEL01-PB";"UOP03-DEL01-PB"
492935;2022-12-15;"quinta-feira";"10:30:00";"RJ";493;118;"ITAGUAI";"Reação tardia ou ineficiente do condutor";"Saída de leito carroçável";"Com Vítimas Feridas";"Pleno dia";"Decrescente";"Céu Claro";"Dupla";"Curva";"Não";1;0;1;0;0;0;1;1;-22,8405846;-43,80987167;"SPRF-RJ";"DEL03-RJ";"UOP01-DEL03-RJ"
492937;2022-12-15;"quinta-feira";"13:00:00";"GO";153;174;"CAMPINORTE";"Ingestão de álcool pelo condutor";"Colisão transversal";"Com Vítimas Feridas";"Pleno dia";"Crescente";"Nublado";"Simples";"Reta";"Sim";3;0;1;0;1;3;1;5;-14,292733;-49,150192;"SPRF-GO";"DEL07-GO";"UOP02-DEL07-GO"
492940;2022-12-15;"quinta-feira";"13:23:00";"PR";376;652,9;"TIJUCAS DO SUL";"Condutor deixou de manter distância do veículo da frente";"Colisão traseira";"Com Vítimas Feridas";"Pleno dia";"Decrescente";"Céu Claro";"Dupla";"Declive;Reta";"Não";4;0;2;0;1;1;2;3;-25,8424814;-49,05569315;"SPRF-PR";"DEL01-PR";"UOP04-DEL01-PR"
492953;2022-11-13;"domingo";"19:17:00";"SC";280;236,5;"CANOINHAS";"Ausência de reação do condutor";"Atropelamento de Animal";"Com Vítimas Feridas";"Plena Noite";"Crescente";"Garoa/Chuvisco";"Simples";"Reta";"Sim";3;0;0;1;1;2;1;4;-26,19473731;-50,42288587;"SPRF-SC";"DEL06-SC";"UOP04-DEL06-SC"
492954;2022-12-15;"quinta-feira";"14:30:00";"MG";40;139,9;"JOAO PINHEIRO";"Transitar na contramão";"Colisão lateral sentido oposto";"Com Vítimas Feridas";"Pleno dia";"Crescente";"Céu Claro";"Dupla";"Reta;Aclive";"Não";3;0;1;1;1;0;2;3;-17,73570757;-46,21099068;"SPRF-MG";"DEL14-MG";"UOP01-DEL14-MG"
492961;2022-12-15;"quinta-feira";"15:30:00";"BA";324;609;"SIMOES FILHO";"Reação tardia ou ineficiente do condutor";"Colisão traseira";"Com Vítimas Feridas";"Pleno dia";"Crescente";"Céu Claro";"Dupla";"Reta";"Não";3;0;1;0;2;0;1;2;-12,82066;-38,40798;"SPRF-BA";"DEL01-BA";"UOP01-DEL01-BA"
492962;2022-12-15;"quinta-feira";"15:50:00";"GO";50;110,3;"CRISTALINA";"Reação tardia ou ineficiente do condutor";"Tombamento";"Sem Vítimas";"Pleno dia";"Crescente";"Nublado";"Dupla";"Reta";"Não";1;0;0;0;1;0;0;1;-16,9309;-47,7117;"SPRF-DF";"DEL01-DF";"UOP02-DEL01-DF"
492964;2022-12-15;"quinta-feira";"14:40:00";"SC";101;46;"JOINVILLE";"Manobra de mudança de faixa";"Colisão lateral mesmo sentido";"Com Vítimas Feridas";"Pleno dia";"Decrescente";"Céu Claro";"Múltipla";"Reta";"Não";2;0;1;0;0;1;1;2;-26,35443414;-48,85874391;"SPRF-SC";"DEL03-SC";"UOP01-DEL03-SC"
492967;2022-12-15;"quinta-feira";"16:00:00";"SC";470;56,3;"BLUMENAU";"Reação tardia ou ineficiente do condutor";"Engavetamento";"Com Vítimas Feridas";"Pleno dia";"Decrescente";"Céu Claro";"Simples";"Reta";"Sim";5;0;1;0;4;0;1;4;-26,87674;-49,127743;"SPRF-SC";"DEL04-SC";"UOP01-DEL04-SC"
492968;2022-12-15;"quinta-feira";"13:55:00";"MG";262;117,3;"RIO CASCA";"Pista esburacada";"Saída de leito carroçável";"Com Vítimas Feridas";"Pleno dia";"Decrescente";"Céu Claro";"Simples";"Curva";"Sim";2;0;2;0;0;0;2;1;-20,22891636;-42,62843995;"SPRF-MG";"DEL03-MG";"UOP03-DEL03-MG"
492971;2022-12-15;"quinta-feira";"09:03:00";"RS";470;261;"SALVADOR DO SUL";"Reação tardia ou ineficiente do condutor";"Tombamento";"Sem Vítimas";"Pleno dia";"Crescente";"Sol";"Simples";"Reta;Declive";"Não";2;0;0;0;1;1;0;2;-29,46783998;-51,48973889;"SPRF-RS";"DEL06-RS";"UOP01-DEL06-RS"
492972;2022-12-15;"quinta-feira";"16:00:00";"PR";277;339;"GUARAPUAVA";"Acessar a via sem observar a presença dos outros veículos";"Colisão lateral mesmo sentido";"Sem Vítimas";"Pleno dia";"Crescente";"Céu Claro";"Dupla";"Reta";"Não";3;0;0;0;2;1;0;3;-25,34632226;-51,38590684;"SPRF-PR";"DEL08-PR";"UOP01-DEL08-PR"
492973;2022-12-15;"quinta-feira";"09:40:00";"MG";251;468,7;"GRAO MOGOL";"Velocidade Incompatível";"Colisão com objeto";"Com Vítimas Feridas";"Pleno dia";"Crescente";"Chuva";"Simples";"Reta";"Não";2;0;1;0;0;1;1;2;-16,48154143;-43,41101901;"SPRF-MG";"DEL12-MG";"UOP01-DEL12-MG"
492981;2022-12-15;"quinta-feira";"15:45:00";"CE";0;0;"FORTALEZA";"Condutor deixou de manter distância do veículo da frente";"Colisão traseira";"Sem Vítimas";"Pleno dia";"Não Informado";"Céu Claro";"Dupla";"Reta";"Sim";2;0;0;0;2;0;0;2;-3,750773;-38,536156;"SPRF-CE";"DEL01-CE";"UOP01-DEL01-CE"
492983;2022-12-15;"quinta-feira";"16:20:00";"PE";232;101;"BEZERROS";"Manobra de mudança de faixa";"Colisão lateral mesmo sentido";"Sem Vítimas";"Pleno dia";"Crescente";"Céu Claro";"Dupla";"Reta";"Sim";2;0;0;0;2;0;0;2;-8,24194679;-35,75097313;"SPRF-PE";"DEL02-PE";"UOP02-DEL02PE"
492984;2022-12-15;"quinta-feira";"17:30:00";"GO";153;499,8;"GOIANIA";"Condutor deixou de manter distância do veículo da frente";"Colisão traseira";"Sem Vítimas";"Pleno dia";"Crescente";"Nublado";"Dupla";"Reta";"Sim";4;0;0;0;2;4;0;6;-16,70361515;-49,23108816;"SPRF-GO";"DEL01-GO";"UOP01-DEL01-GO"
492985;2022-12-15;"quinta-feira";"17:55:00";"RS";153;51,5;"ERECHIM";"Problema com o freio";"Eventos atípicos";"Sem Vítimas";"Pleno dia";"Decrescente";"Céu Claro";"Simples";"Reta";"Sim";2;0;0;0;1;1;0;2;-27,66024898;-52,28414106;"SPRF-RS";"DEL08-RS";"UOP04-DEL08-RS"
492987;2022-12-15;"quinta-feira";"17:30:00";"MG";40;592;"OURO PRETO";"Problema com o freio";"Colisão traseira";"Com Vítimas Feridas";"Pleno dia";"Decrescente";"Sol";"Dupla";"Declive;Viaduto;Curva";"Não";4;0;1;1;0;4;2;6;-20,38551213;-43,90858862;"SPRF-MG";"DEL05-MG";"UOP02-DEL05-MG"
492990;2022-11-10;"quinta-feira";"21:00:00";"BA";349;1024;"CORRENTINA";"Pista esburacada";"Saída de leito carroçável";"Com Vítimas Feridas";"Plena Noite";"Decrescente";"Céu Claro";"Simples";"Reta";"Não";3;0;1;1;0;1;2;2;-13,63097292;-45,42640686;"SPRF-BA";"DEL08-BA";"UOP04-DEL08-BA"
492992;2022-12-15;"quinta-feira";"18:11:00";"RS";116;241;"SAO LEOPOLDO";"Condutor deixou de manter distância do veículo da frente";"Colisão traseira";"Sem Vítimas";"Pleno dia";"Decrescente";"Céu Claro";"Dupla";"Reta";"Não";2;0;0;0;2;0;0;2;-29,71757303;-51,14804685;"SPRF-RS";"DEL01-RS";"UOP02-DEL01-RS"
492994;2022-12-15;"quinta-feira";"17:30:00";"PI";343;345,3;"TERESINA";"Manobra de mudança de faixa";"Colisão lateral mesmo sentido";"Com Vítimas Feridas";"Pleno dia";"Crescente";"Céu Claro";"Simples";"Reta";"Sim";3;0;1;0;2;0;1;3;-5,102889;-42,766506;"SPRF-PI";"DEL01-PI";"UOP01-DEL01-PI"
492995;2022-12-15;"quinta-feira";"18:20:00";"MT";70;4;"BARRA DO GARCAS";"Manobra de mudança de faixa";"Colisão lateral mesmo sentido";"Com Vítimas Feridas";"Pleno dia";"Decrescente";"Céu Claro";"Dupla";"Interseção de Vias";"Sim";2;0;0;1;1;0;1;2;-15,87907036;-52,28563311;"SPRF-MT";"DEL07-MT";"UOP01-DEL07-MT"
492996;2022-12-15;"quinta-feira";"15:00:00";"MG";116;405;"GOVERNADOR VALADARES";"Ausência de reação do condutor";"Colisão traseira";"Com Vítimas Feridas";"Pleno dia";"Crescente";"Céu Claro";"Simples";"Reta";"Não";4;0;2;0;1;1;2;2;-18,81853329;-41,98467936;"SPRF-MG";"DEL06-MG";"UOP01-DEL06-MG"
492998;2022-12-15;"quinta-feira";"11:15:00";"MG";116;644;"FERVEDOURO";"Velocidade Incompatível";"Colisão lateral sentido oposto";"Com Vítimas Feridas";"Pleno dia";"Crescente";"Nublado";"Simples";"Curva";"Não";5;0;3;1;0;1;4;4;-20,67036494;-42,26892041;"SPRF-MG";"DEL07-MG";"UOP03-DEL07-MG"
493011;2022-12-15;"quinta-feira";"19:10:00";"RS";386;46,5;"SEBERI";"Acumulo de óleo sobre o pavimento";"Tombamento";"Com Vítimas Feridas";"Anoitecer";"Crescente";"Nublado";"Simples";"Reta";"Não";3;0;2;0;1;0;2;2;-27,457483;-53,409458;"SPRF-RS";"DEL08-RS";"UOP02-DEL08-RS"
493012;2022-12-15;"quinta-feira";"18:15:00";"SC";163;72;"SAO MIGUEL DO OESTE";"Acessar a via sem observar a presença dos outros veículos";"Colisão transversal";"Com Vítimas Feridas";"Anoitecer";"Decrescente";"Céu Claro";"Dupla";"Interseção de Vias";"Sim";2;0;1;0;1;0;1;2;-26,71908804;-53,5157791;"SPRF-SC";"DEL07-SC";"UOP03-DEL07-SC"