"id";"data_inversa";"dia_semana";"horario";"uf";"br";"km";"municipio";"causa_acidente";"tipo_acidente";"classificacao_acidente";"fase_dia";"sentido_via";"condicao_metereologica";"tipo_pista";"tracado_via";"uso_solo";"pessoas";"mortos";"feridos_leves";"feridos_graves";"ilesos";"ignorados";"feridos";"veiculos";"latitude";"longitude";"regional";"delegacia";"uop"
493013;2022-12-15;"quinta-feira";"19:10:00";"PE";232;253,8;"ARCOVERDE";"Ingestão de álcool pelo condutor";"Colisão frontal";"Com Vítimas Feridas";"Plena Noite";"Decrescente";"Céu Claro";"Simples";"Reta";"Sim";5;0;2;0;3;0;2;3;-8,42522112;-37,07235809;"SPRF-PE";"DEL04-PE";"UOP02-DEL04-PE"
493015;2022-12-15;"quinta-feira";"20:30:00";"PE";104;63,4;"CARUARU";"Ausência de reação do condutor";"Colisão traseira";"Com Vítimas Fatais";"Plena Noite";"Crescente";"Céu Claro";"Dupla";"Reta";"Sim";3;1;0;1;1;0;1;2;-8,2783;-35,9815;"SPRF-PE";"DEL02-PE";"UOP01-DEL02-PE"
493016;2022-12-15;"quinta-feira";"16:10:00";"RJ";40;85;"PETROPOLIS";"Demais falhas na via";"Colisão com objeto";"Sem Vítimas";"Pleno dia";"Crescente";"Céu Claro";"Simples";"Reta";"Não";1;0;0;0;1;0;0;1;-22,52850694;-43,2349802;"SPRF-RJ";"DEL06-RJ";"UOP01-DEL06-RJ"
493019;2022-12-15;"quinta-feira";"15:20:00";"GO";153;248;"SAO LUIZ DO NORTE";"Transitar na contramão";"Colisão lateral mesmo sentido";"Com Vítimas Feridas";"Pleno dia";"Crescente";"Nublado";"Simples";"Declive";"Não";5;0;2;0;2;1;2;4;-14,900861;-49,348507;"SPRF-GO";"DEL07-GO";"UOP02-DEL07-GO"
493022;2022-12-15;"quinta-feira";"21:37:00";"RS";386;32,6;"FREDERICO WESTPHALEN";"Acessar a via sem observar a presença dos outros veículos";"Colisão lateral mesmo sentido";"Com Vítimas Feridas";"Plena Noite";"Decrescente";"Nublado";"Simples";"Interseção de Vias";"Sim";2;0;1;0;1;0;1;2;-27,341396;-53,387527;"SPRF-RS";"DEL08-RS";"UOP02-DEL08-RS"
493024;2022-12-15;"quinta-feira";"17:30:00";"PR";277;123;"CAMPO LARGO";"Ausência de reação do condutor";"Capotamento";"Com Vítimas Feridas";"Pleno dia";"Decrescente";"Ignorado";"Dupla";"Reta";"Sim";4;0;2;0;2;0;2;2;-25,44558428;-49,46924586;"SPRF-PR";"DEL03-PR";"UOP03-DEL03-PR"
493029;2022-12-15;"quinta-feira";"19:07:00";"MG";381;600,3;"CARMOPOLIS DE MINAS";"Ausência de reação do condutor";"Colisão com objeto";"Sem Vítimas";"Plena Noite";"Crescente";"Chuva";"Dupla";"Declive;Reta";"Não";1;0;0;0;1;0;0;1;-20,603803;-44,721526;"SPRF-MG";"DEL04-MG";"UOP01-DEL04-MG"
493030;2022-11-01;"terça-feira";"18:05:00";"AL";316;142,2;"ESTRELA DE ALAGOAS";"Ausência de reação do condutor";"Colisão lateral sentido oposto";"Com Vítimas Fatais";"Plena Noite";"Crescente";"Céu Claro";"Simples";"Reta";"Não";6;1;0;0;4;1;0;4;-9,39355673;-36,74054595;"SPRF-AL";"DEL03-AL";"UOP01-DEL03-AL"
493031;2022-12-15;"quinta-feira";"21:30:00";"BA";324;585;"CANDEIAS";"Demais falhas mecânicas ou elétricas";"Incêndio";"Sem Vítimas";"Plena Noite";"Decrescente";"Céu Claro";"Dupla";"Reta";"Não";1;0;0;0;1;0;0;1;-12,63012705;-38,47968619;"SPRF-BA";"DEL01-BA";"UOP01-DEL01-BA"
493034;2022-12-15;"quinta-feira";"22:05:00";"MG";40;592,7;"ITABIRITO";"Ausência de reação do condutor";"Colisão traseira";"Com Vítimas Feridas";"Plena Noite";"Decrescente";"Céu Claro";"Dupla";"Curva";"Não";7;0;0;1;5;3;1;9;-20,38067507;-43,90128711;"SPRF-MG";"DEL05-MG";"UOP02-DEL05-MG"
493038;2022-12-15;"quinta-feira";"21:20:00";"PR";376;362,5;"ORTIGUEIRA";"Reação tardia ou ineficiente do condutor";"Colisão frontal";"Com Vítimas Fatais";"Plena Noite";"Decrescente";"Céu Claro";"Simples";"Curva";"Não";6;2;2;2;0;0;4;2;-24,28976;-50,87735;"SPRF-PR";"DEL07-PR";"UOP02-DEL07-PR"
493041;2022-12-15;"quinta-feira";"21:42:00";"MG";50;151;"UBERABA";"Ausência de reação do condutor";"Colisão traseira";"Com Vítimas Feridas";"Plena Noite";"Crescente";"Nublado";"Dupla";"Reta";"Não";3;0;1;0;1;1;1;2;-19,57370204;-48,03246832;"SPRF-MG";"DEL13-MG";"UOP01-DEL13-MG"
493044;2022-12-15;"quinta-feira";"23:15:00";"RJ";116;329;"ITATIAIA";"Acumulo de água sobre o pavimento";"Colisão traseira";"Com Vítimas Feridas";"Plena Noite";"Crescente";"Chuva";"Dupla";"Reta";"Não";2;0;1;0;1;0;1;2;-22,50466912;-44,606568;"SPRF-RJ";"DEL07-RJ";"UOP02-DEL07-RJ"
493045;2022-12-15;"quinta-feira";"23:15:00";"MG";381;519;"IGARAPE";"Ausência de reação do condutor";"Tombamento";"Com Vítimas Feridas";"Plena Noite";"Decrescente";"Nevoeiro/Neblina";"Dupla";"Declive";"Não";3;0;2;0;0;1;2;2;-20,12834104;-44,30330781;"SPRF-MG";"DEL04-MG";"UOP03-DEL04-MG"
493048;2022-12-16;"sexta-feira";"00:25:00";"MG";381;359;"SAO GONCALO DO RIO ABAIXO";"Velocidade Incompatível";"Colisão traseira";"Com Vítimas Feridas";"Plena Noite";"Decrescente";"Nublado";"Simples";"Reta";"Sim";2;0;1;0;0;1;1;2;-19,83986438;-43,19677418;"SPRF-MG";"DEL03-MG";"UOP01-DEL03-MG"
493049;2022-12-15;"quinta-feira";"23:30:00";"SC";116;187,9;"SAO CRISTOVAO DO SUL";"Condutor deixou de manter distância do veículo da frente";"Colisão traseira";"Com Vítimas Feridas";"Plena Noite";"Crescente";"Nublado";"Simples";"Curva";"Não";3;0;1;0;1;1;1;3;-27,32788196;-50,42344809;"SPRF-SC";"DEL05-SC";"UOP03-DEL05-SC"
493050;2022-12-16;"sexta-feira";"01:00:00";"SC";101;193;"BIGUACU";"Ausência de reação do condutor";"Colisão lateral mesmo sentido";"Com Vítimas Feridas";"Plena Noite";"Decrescente";"Céu Claro";"Dupla";"Em Obras;Curva";"Sim";2;0;1;0;1;0;1;2;-27,489574;-48,655914;"SPRF-SC";"DEL01-SC";"UOP01-DEL01-SC"
493052;2022-12-15;"quinta-feira";"18:15:00";"RO";364;106,4;"CHUPINGUAIA";"Ultrapassagem Indevida";"Colisão frontal";"Com Vítimas Fatais";"Plena Noite";"Crescente";"Chuva";"Simples";"Reta";"Não";4;3;0;0;1;0;0;2;-12,23970382;-60,68053067;"SPRF-RO";"DEL04-RO";"UOP01-DEL04-RO"
493058;2022-12-16;"sexta-feira";"00:10:00";"RS";472;444;"ITAQUI";"Ausência de reação do condutor";"Saída de leito carroçável";"Com Vítimas Feridas";"Plena Noite";"Crescente";"Céu Claro";"Simples";"Reta";"Não";1;0;1;0;0;0;1;1;-28,97420588;-56,15044112;"SPRF-RS";"DEL12-RS";"UOP01-DEL12-RS"
493061;2022-12-11;"domingo";"10:00:00";"BA";101;199,3;"GOVERNADOR MANGABEIRA";"Manobra de mudança de faixa";"Colisão lateral mesmo sentido";"Sem Vítimas";"Pleno dia";"Decrescente";"Céu Claro";"Dupla";"Aclive";"Não";4;0;0;0;3;1;0;4;-12,60774662;-39,06280006;"SPRF-BA";"DEL01-BA";"UOP03-DEL01-BA"
493062;2022-12-16;"sexta-feira";"03:50:00";"SC";280;12,1;"SAO FRANCISCO DO SUL";"Ingestão de álcool pelo condutor";"Colisão lateral sentido oposto";"Sem Vítimas";"Amanhecer";"Crescente";"Nublado";"Simples";"Reta";"Não";2;0;0;0;1;1;0;2;-26,31323107;-48,64449483;"SPRF-SC";"DEL03-SC";"UOP03-DEL03-SC"
493063;2022-12-16;"sexta-feira";"03:49:00";"RS";116;420;"CAMAQUA";"Reação tardia ou ineficiente do condutor";"Saída de leito carroçável";"Sem Vítimas";"Plena Noite";"Decrescente";"Céu Claro";"Simples";"Reta";"Não";2;0;0;0;1;1;0;2;-30,96085312;-51,97794694;"SPRF-RS";"DEL02-RS";"UOP02-DEL02-RS"
493064;2022-12-16;"sexta-feira";"04:30:00";"MG";40;614;"CONGONHAS";"Demais falhas mecânicas ou elétricas";"Incêndio";"Sem Vítimas";"Amanhecer";"Crescente";"Nublado";"Simples";"Reta";"Sim";2;0;0;0;2;0;0;2;-20,533282;-43,82409657;"SPRF-MG";"DEL05-MG";"UOP02-DEL05-MG"
493069;2022-12-16;"sexta-feira";"05:50:00";"MG";381;453;"SABARA";"Ausência de reação do condutor";"Colisão traseira";"Com Vítimas Feridas";"Amanhecer";"Crescente";"Céu Claro";"Simples";"Reta";"Não";3;0;1;0;1;1;1;3;-19,85197588;-43,88851019;"SPRF-MG";"DEL01-MG";"UOP01-DEL01-MG"
493070;2022-12-16;"sexta-feira";"06:20:00";"BA";101;173,1;"FEIRA DE SANTANA";"Reação tardia ou ineficiente do condutor";"Colisão transversal";"Com Vítimas Feridas";"Amanhecer";"Crescente";"Céu Claro";"Simples";"Reta";"Sim";2;0;1;0;1;0;1;2;-12,375511;-38,878186;"SPRF-BA";"DEL01-BA";"UOP03-DEL01-BA"
493084;2022-12-16;"sexta-feira";"07:05:00";"SP";116;289,8;"ITAPECERICA DA SERRA";"Reação tardia ou ineficiente do condutor";"Tombamento";"Com Vítimas Feridas";"Pleno dia";"Decrescente";"Céu Claro";"Dupla";"Reta";"Sim";4;0;1;1;1;2;2;4;-23,72290969;-46,89096614;"SPRF-SP";"DEL04-SP";"UOP01-DEL04-SP"
493093;2022-12-16;"sexta-feira";"06:30:00";"MA";135;6,3;"SAO LUIS";"Reação tardia ou ineficiente do condutor";"Colisão lateral mesmo sentido";"Sem Vítimas";"Pleno dia";"Crescente";"Céu Claro";"Dupla";"Reta";"Sim";3;0;0;0;2;3;0;5;-2,6237698;-44,31690574;"SPRF-MA";"DEL01-MA";"UOP01-DEL01-MA"
493094;2022-07-15;"sexta-feira";"18:55:00";"PR";277;652,8;"MATELANDIA";"Acessar a via sem observar a presença dos outros veículos";"Colisão transversal";"Com Vítimas Feridas";"Plena Noite";"Crescente";"Céu Claro";"Simples";"Reta";"Não";5;0;3;0;1;1;3;3;-25,20466596;-53,94913311;"SPRF-PR";"DEL05-PR";"UOP02-DEL05-PR"
493096;2022-12-16;"sexta-feira";"07:10:00";"PR";376;182;"SARANDI";"Manobra de mudança de faixa";"Colisão lateral mesmo sentido";"Sem Vítimas";"Pleno dia";"Decrescente";"Sol";"Dupla";"Reta";"Sim";7;0;0;0;5;3;0;8;-23,43393066;-51,88389654;"SPRF-PR";"DEL09-PR";"UOP01-DEL09-PR"
493097;2022-12-16;"sexta-feira";"08:00:00";"RJ";40;118;"DUQUE DE CAXIAS";"Acesso irregular";"Colisão lateral mesmo sentido";"Com Vítimas Feridas";"Pleno dia";"Decrescente";"Céu Claro";"Múltipla";"Reta";"Sim";3;0;0;1;1;1;1;3;-22,76233166;-43,28666925;"SPRF-RJ";"DEL01-RJ";"UOP01-DEL01-RJ"
493100;2022-12-16;"sexta-feira";"06:50:00";"PI";316;378;"VILA NOVA DO PIAUI";"Condutor Dormindo";"Saída de leito carroçável";"Com Vítimas Feridas";"Amanhecer";"Crescente";"Céu Claro";"Simples";"Aclive";"Não";2;0;1;0;1;0;1;2;-7,19236202;-40,89425006;"SPRF-PI";"DEL04-PI";"UOP03-DEL04-PI"
493105;2022-12-16;"sexta-feira";"08:40:00";"PE";232;96;"SAIRE";"Manobra de mudança de faixa";"Colisão com objeto";"Com Vítimas Feridas";"Pleno dia";"Crescente";"Céu Claro";"Dupla";"Reta";"Não";3;0;1;0;2;0;1;3;-8,23076854;-35,70778281;"SPRF-PE";"DEL02-PE";"UOP02-DEL02PE"
493106;2022-11-27;"domingo";"10:40:00";"SC";470;129;"LONTRAS";"Pista em desnível";"Colisão frontal";"Com Vítimas Feridas";"Pleno dia";"Crescente";"Chuva";"Simples";"Curva";"Não";3;0;1;0;2;0;1;3;-27,148499;-49,556137;"SPRF-SC";"DEL04-SC";"UOP02-DEL04-SC"
493107;2022-12-16;"sexta-feira";"06:20:00";"RS";392;114,1;"CANGUCU";"Demais falhas mecânicas ou elétricas";"Tombamento";"Com Vítimas Feridas";"Pleno dia";"Crescente";"Sol";"Simples";"Reta;Aclive;Ponte";"Não";2;0;1;0;0;2;1;3;-31,43234525;-52,65622636;"SPRF-RS";"DEL07-RS";"UOP01-DEL07-RS"
493108;2022-12-16;"sexta-feira";"04:25:00";"MS";262;156;"RIBAS DO RIO PARDO";"Demais falhas mecânicas ou elétricas";"Incêndio";"Sem Vítimas";"Pleno dia";"Decrescente";"Céu Claro";"Simples";"Reta";"Não";2;0;0;0;1;3;0;4;-20,46097219;-52,98788205;"SPRF-MS";"DEL07-MS";"UOP02-DEL07-MS"
493109;2022-12-16;"sexta-feira";"08:10:00";"SP";116;294;"ITAPECERICA DA SERRA";"Reação tardia ou ineficiente do condutor";"Colisão traseira";"Com Vítimas Feridas";"Pleno dia";"Crescente";"Céu Claro";"Dupla";"Reta";"Sim";3;0;0;1;1;1;1;3;-23,76154691;-46,90483412;"SPRF-SP";"DEL04-SP";"UOP01-DEL04-SP"
493110;2022-12-16;"sexta-feira";"09:50:00";"RJ";101;482;"ANGRA DOS REIS";"Acessar a via sem observar a presença dos outros veículos";"Colisão transversal";"Com Vítimas Feridas";"Pleno dia";"Crescente";"Céu Claro";"Simples";"Em Obras";"Não";2;0;1;0;1;0;1;2;-23,00453;-44,29746;"SPRF-RJ";"DEL03-RJ";"UOP03-DEL03-RJ"
493113;2022-12-16;"sexta-feira";"07:20:00";"MG";381;389,7;"BARAO DE COCAIS";"Ausência de reação do condutor";"Colisão traseira";"Com Vítimas Feridas";"Pleno dia";"Decrescente";"Chuva";"Dupla";"Em Obras;Declive;Curva";"Não";2;0;1;0;1;0;1;2;-19,781548;-43,436355;"SPRF-MG";"DEL01-MG";"UOP01-DEL01-MG"
493120;2022-10-21;"sexta-feira";"11:41:00";"RJ";101;274;"TANGUA";"Condutor deixou de manter distância do veículo da frente";"Colisão com objeto";"Com Vítimas Feridas";"Pleno dia";"Decrescente";"Céu Claro";"Dupla";"Reta";"Sim";4;0;1;0;2;1;1;3;-22,73506292;-42,71948103;"SPRF-RJ";"DEL02-RJ";"UOP03-DEL02-RJ"
493121;2022-12-16;"sexta-feira";"06:50:00";"BA";407;101;"JAGUARARI";"Condutor deixou de manter distância do veículo da frente";"Colisão traseira";"Com Vítimas Feridas";"Amanhecer";"Decrescente";"Nublado";"Simples";"Aclive";"Não";2;0;1;0;1;0;1;2;-10,24363321;-40,19909237;"SPRF-BA";"DEL04-BA";"UOP01-DEL04-BA"
493122;2022-12-16;"sexta-feira";"10:00:00";"BA";101;853;"TEIXEIRA DE FREITAS";"Falta de elemento de contenção que evite a saída do leito carroçável";"Saída de leito carroçável";"Com Vítimas Feridas";"Pleno dia";"Decrescente";"Céu Claro";"Simples";"Curva";"Não";2;0;1;0;0;1;1;2;-17,3544;-39,6294;"SPRF-BA";"DEL09-BA";"UOP02-DEL09-BA"
493124;2022-12-16;"sexta-feira";"10:35:00";"SC";282;337,6;"CAMPOS NOVOS";"Demais falhas mecânicas ou elétricas";"Colisão frontal";"Com Vítimas Feridas";"Pleno dia";"Crescente";"Céu Claro";"Simples";"Reta";"Não";3;0;1;0;1;2;1;4;-27,392557;-51,165817;"SPRF-SC";"DEL07-SC";"UOP06-DEL07-SC"
493126;2022-11-14;"segunda-feira";"10:30:00";"SP";116;347;"MIRACATU";"Reação tardia ou ineficiente do condutor";"Tombamento";"Com Vítimas Feridas";"Pleno dia";"Decrescente";"Céu Claro";"Múltipla";"Curva";"Não";2;0;1;0;0;1;1;2;-24,04699491;-47,19706111;"SPRF-SP";"DEL04-SP";"UOP03-DEL04-SP"
493127;2022-11-11;"sexta-feira";"05:30:00";"RJ";116;71,5;"TERESOPOLIS";"Demais falhas mecânicas ou elétricas";"Saída de leito carroçável";"Sem Vítimas";"Amanhecer";"Decrescente";"Nublado";"Simples";"Curva";"Sim";3;0;0;0;1;2;0;2;-22,35855463;-42,94154942;"SPRF-RJ";"DEL04-RJ";"UOP01-DEL04-RJ"
493132;2022-12-11;"domingo";"11:50:00";"SP";116;197;"ARUJA";"Reação tardia ou ineficiente do condutor";"Colisão traseira";"Com Vítimas Feridas";"Pleno dia";"Decrescente";"Céu Claro";"Dupla";"Reta";"Sim";3;0;1;0;2;0;1;2;-23,39721625;-46,29284287;"SPRF-SP";"DEL01-SP";"NPF/DEL01-SP"
493134;2022-11-02;"quarta-feira";"14:45:00";"AL";101;181,4;"JUNQUEIRO";"Demais falhas mecânicas ou elétricas";"Capotamento";"Com Vítimas Feridas";"Pleno dia";"Decrescente";"Céu Claro";"Dupla";"Curva";"Não";4;0;0;2;1;1;2;3;-9,89535548;-36,41225988;"SPRF-AL";"DEL02-AL";"UOP02-DEL02-AL"
493136;2022-12-16;"sexta-feira";"10:30:00";"TO";153;569,3;"FATIMA";"Manobra de mudança de faixa";"Tombamento";"Com Vítimas Feridas";"Pleno dia";"Decrescente";"Chuva";"Simples";"Reta";"Não";3;0;2;0;0;1;2;2;-10,819616;-48,903416;"SPRF-TO";"DEL01-TO";"UOP01-DEL01-TO"
493138;2022-12-16;"sexta-feira";"12:32:00";"DF";20;10;"BRASILIA";"Chuva";"Saída de leito carroçável";"Com Vítimas Feridas";"Pleno dia";"Decrescente";"Chuva";"Dupla";"Reta;Declive";"Sim";1;0;1;0;0;0;1;1;-15,650243;-47,773872;"SPRF-DF";"DEL02-DF";"UOP01-DEL02-DF"
493143;2022-12-15;"quinta-feira";"19:10:00";"PE";232;413;"SERRA TALHADA";"Obstrução na via";"Colisão traseira";"Com Vítimas Feridas";"Plena Noite";"Crescente";"Nublado";"Simples";"Reta";"Não";5;0;3;0;1;1;3;3;-7,98690265;-38,3265996;"SPRF-PE";"DEL04-PE";"UOP01-DEL04-PE"
493147;2022-12-16;"sexta-feira";"10:40:00";"PR";277;55;"MORRETES";"Manobra de mudança de faixa";"Colisão lateral mesmo sentido";"Com Vítimas Feridas";"Pleno dia";"Crescente";"Garoa/Chuvisco";"Dupla";"Reta";"Não";5;0;0;1;3;1;1;4;-25,573643;-48,988298;"SPRF-PR";"DEL01-PR";"UOP01-DEL01-PR"
493149;2022-12-16;"sexta-feira";"12:00:00";"SC";470;33;"GASPAR";"Condutor Dormindo";"Colisão traseira";"Com Vítimas Feridas";"Pleno dia";"Crescente";"Sol";"Dupla";"Reta";"Sim";2;0;1;0;1;0;1;2;-26,906223;-48,940575;"SPRF-SC";"DEL04-SC";"UOP01-DEL04-SC"
493153;2022-12-16;"sexta-feira";"09:00:00";"MG";251;507,4;"FRANCISCO SA";"Demais falhas mecânicas ou elétricas";"Incêndio";"Sem Vítimas";"Pleno dia";"Decrescente";"Céu Claro";"Simples";"Curva";"Não";2;0;0;0;1;1;0;2;-16,62566493;-43,69317517;"SPRF-MG";"DEL12-MG";"UOP01-DEL12-MG"
493159;2022-12-16;"sexta-feira";"08:35:00";"MT";163;557;"DIAMANTINO";"Reação tardia ou ineficiente do condutor";"Colisão traseira";"Com Vítimas Feridas";"Pleno dia";"Crescente";"Chuva";"Simples";"Reta";"Não";5;0;1;0;3;3;1;5;-14,2536656;-56,1397763;"SPRF-MT";"DEL01-MT";"UOP01-DEL01-MT"
493162;2022-12-16;"sexta-feira";"13:11:00";"ES";101;260;"SERRA";"Condutor deixou de manter distância do veículo da frente";"Colisão traseira";"Com Vítimas Feridas";"Pleno dia";"Decrescente";"Nublado";"Simples";"Curva";"Sim";3;0;2;0;1;0;2;2;-20,14616415;-40,28836206;"SPRF-ES";"DEL02-ES";"UOP01-DEL02-ES"
493164;2022-12-16;"sexta-feira";"13:30:00";"TO";153;150;"ARAGUAINA";"Transitar na contramão";"Colisão frontal";"Com Vítimas Feridas";"Pleno dia";"Crescente";"Céu Claro";"Simples";"Reta";"Não";4;0;1;1;2;0;2;3;-7,25605036;-48,2583046;"SPRF-TO";"DEL02-TO";"UOP01-DEL02-TO"
493165;2022-12-16;"sexta-feira";"11:55:00";"RN";226;110,9;"SANTA CRUZ";"Reação tardia ou ineficiente do condutor";"Colisão com objeto";"Sem Vítimas";"Pleno dia";"Crescente";"Céu Claro";"Simples";"Reta";"Sim";3;0;0;0;2;1;0;2;-6,23557582;-36,01208682;"SPRF-RN";"DEL03-RN";"UOP02-DEL03-RN"
493166;2022-11-06;"domingo";"18:45:00";"GO";20;30;"FORMOSA";"Acesso irregular";"Colisão frontal";"Com Vítimas Feridas";"Plena Noite";"Decrescente";"Nublado";"Simples";"Declive";"Não";3;0;0;1;2;0;1;3;-15,498156;-47,109814;"SPRF-DF";"DEL02-DF";"UOP02-DEL02-DF"
493169;2022-12-16;"sexta-feira";"14:55:00";"SC";101;59,4;"ARAQUARI";"Problema com o freio";"Colisão lateral mesmo sentido";"Com Vítimas Fatais";"Pleno dia";"Crescente";"Nublado";"Dupla";"Reta";"Não";13;2;1;2;4;5;3;11;-26,4483984;-48,7893867;"SPRF-SC";"DEL03-SC";"UOP02-DEL03-SC"
493170;2022-12-16;"sexta-feira";"13:25:00";"RJ";40;87;"PETROPOLIS";"Problema com o freio";"Capotamento";"Com Vítimas Feridas";"Pleno dia";"Crescente";"Céu Claro";"Simples";"Curva";"Não";2;0;1;1;0;0;2;1;-22,54413793;-43,23287799;"SPRF-RJ";"DEL06-RJ";"UOP01-DEL06-RJ"
493172;2022-12-16;"sexta-feira";"14:50:00";"MG";381;505,8;"SAO JOAQUIM DE BICAS";"Trafegar com motocicleta (ou similar) entre as faixas";"Colisão lateral mesmo sentido";"Com Vítimas Feridas";"Pleno dia";"Decrescente";"Céu Claro";"Múltipla";"Reta;Aclive";"Sim";4;0;0;1;1;3;1;5;-20,038192;-44,251547;"SPRF-MG";"DEL01-MG";"UOP03-DEL01-MG"
493173;2022-12-16;"sexta-feira";"10:00:00";"MT";364;113;"ALTO GARCAS";"Condutor deixou de manter distância do veículo da frente";"Engavetamento";"Com Vítimas Feridas";"Pleno dia";"Crescente";"Céu Claro";"Simples";"Reta";"Não";7;0;1;0;5;2;1;5;-16,84630678;-53,84867993;"SPRF-MT";"DEL02-MT";"UOP02-DEL02-MT"
493176;2022-12-16;"sexta-feira";"15:50:00";"CE";116;37;"HORIZONTE";"Acessar a via sem observar a presença dos outros veículos";"Colisão lateral mesmo sentido";"Com Vítimas Feridas";"Pleno dia";"Crescente";"Céu Claro";"Dupla";"Reta";"Sim";3;0;1;0;1;1;1;3;-4,07003597;-38,50180289;"SPRF-CE";"DEL01-CE";"UOP02-DEL01-CE"
493181;2022-12-16;"sexta-feira";"15:30:00";"RS";471;192,6;"PANTANO GRANDE";"Avarias e/ou desgaste excessivo no pneu";"Capotamento";"Sem Vítimas";"Pleno dia";"Decrescente";"Sol";"Simples";"Reta";"Não";2;0;0;0;1;1;0;2;-30,16167744;-52,37500191;"SPRF-RS";"DEL02-RS";"UOP03-DEL02-RS"
493183;2022-12-16;"sexta-feira";"16:50:00";"SC";101;157;"PORTO BELO";"Conversão proibida";"Colisão traseira";"Com Vítimas Feridas";"Pleno dia";"Crescente";"Céu Claro";"Dupla";"Reta";"Não";5;0;1;0;2;2;1;5;-27,181625;-48,6121179;"SPRF-SC";"DEL04-SC";"UOP03-DEL04-SC"
493188;2022-12-16;"sexta-feira";"14:02:00";"PR";277;305;"PRUDENTOPOLIS";"Reação tardia ou ineficiente do condutor";"Saída de leito carroçável";"Com Vítimas Feridas";"Pleno dia";"Crescente";"Céu Claro";"Simples";"Aclive;Reta";"Não";6;0;0;1;4;1;1;5;-25,315612;-51,188455;"SPRF-PR";"DEL08-PR";"UOP01-DEL08-PR"
493190;2022-12-16;"sexta-feira";"16:40:00";"GO";20;7;"FORMOSA";"Acostamento em desnível";"Tombamento";"Com Vítimas Feridas";"Pleno dia";"Crescente";"Nublado";"Simples";"Curva";"Não";3;0;1;0;1;1;1;2;-15,547604;-47,291592;"SPRF-DF";"DEL02-DF";"UOP02-DEL02-DF"
493194;2022-12-16;"sexta-feira";"16:40:00";"SC";470;249,2;"CURITIBANOS";"Desrespeitar a preferência no cruzamento";"Colisão transversal";"Com Vítimas Feridas";"Pleno dia";"Crescente";"Céu Claro";"Simples";"Rotatória";"Sim";4;0;1;0;3;0;1;2;-27,31262287;-50,56127071;"SPRF-SC";"DEL05-SC";"UOP03-DEL05-SC"
493195;2022-12-16;"sexta-feira";"15:50:00";"RO";319;63;"PORTO VELHO";"Manobra de mudança de faixa";"Colisão lateral mesmo sentido";"Sem Vítimas";"Pleno dia";"Decrescente";"Céu Claro";"Dupla";"Reta";"Sim";2;0;0;0;2;0;0;2;-8,766685;-63,884052;"SPRF-RO";"DEL01-RO";"UOP01-DEL01-RO"
493196;2022-12-16;"sexta-feira";"17:30:00";"MG";262;438,4;"NOVA SERRANA";"Condutor deixou de manter distância do veículo da frente";"Colisão traseira";"Com Vítimas Feridas";"Pleno dia";"Crescente";"Céu Claro";"Dupla";"Reta";"Sim";3;0;1;0;1;1;1;3;-19,89280962;-44,878453;"SPRF-MG";"DEL08-MG";"UOP03-DEL08-MG"
493200;2022-12-16;"sexta-feira";"15:00:00";"SC";470;185,3;"POUSO REDONDO";"Demais falhas mecânicas ou elétricas";"Colisão traseira";"Com Vítimas Feridas";"Pleno dia";"Decrescente";"Nublado";"Simples";"Reta;Declive";"Não";3;0;1;0;2;0;1;2;-27,25520184;-50,0413084;"SPRF-SC";"DEL04-SC";"UOP02-DEL04-SC"
493208;2022-12-16;"sexta-feira";"17:15:00";"SC";101;121;"ITAJAI";"Reação tardia ou ineficiente do condutor";"Colisão traseira";"Com Vítimas Feridas";"Pleno dia";"Decrescente";"Garoa/Chuvisco";"Dupla";"Reta";"Sim";2;0;1;0;1;0;1;2;-26,92103178;-48,70856446;"SPRF-SC";"DEL04-SC";"UOP04-DEL04-SC"
493212;2022-12-16;"sexta-feira";"16:10:00";"RN";304;198;"LAJES";"Condutor deixou de manter distância do veículo da frente";"Colisão traseira";"Com Vítimas Feridas";"Pleno dia";"Decrescente";"Céu Claro";"Simples";"Reta";"Não";2;0;1;0;1;0;1;2;-5,71529329;-36,19000118;"SPRF-RN";"DEL01-RN";"UOP03-DEL01-RN"
493218;2022-12-16;"sexta-feira";"17:45:00";"SC";280;167,4;"MAFRA";"Transitar na contramão";"Colisão frontal";"Com Vítimas Fatais";"Pleno dia";"Crescente";"Nublado";"Simples";"Declive;Reta";"Sim";4;1;0;0;1;3;0;5;-26,1515663;-49,8130401;"SPRF-SC";"DEL06-SC";"UOP01-DEL06-SC"
493219;2022-12-16;"sexta-feira";"14:20:00";"RO";364;66;"VILHENA";"Transitar na contramão";"Colisão lateral sentido oposto";"Sem Vítimas";"Pleno dia";"Crescente";"Chuva";"Simples";"Declive;Reta";"Não";3;0;0;0;2;1;0;3;-12,50180101;-60,48839901;"SPRF-RO";"DEL04-RO";"UOP01-DEL04-RO"
493226;2022-12-15;"quinta-feira";"05:40:00";"MT";70;146;"GENERAL CARNEIRO";"Demais falhas mecânicas ou elétricas";"Incêndio";"Sem Vítimas";"Amanhecer";"Decrescente";"Céu Claro";"Simples";"Reta";"Não";2;0;0;0;0;2;0;2;-15,58935408;-53,33789297;"SPRF-MT";"DEL07-MT";"UOP01-DEL07-MT"
493237;2022-12-16;"sexta-feira";"20:40:00";"SC";101;75;"ARAQUARI";"Reação tardia ou ineficiente do condutor";"Colisão traseira";"Com Vítimas Feridas";"Plena Noite";"Decrescente";"Nublado";"Dupla";"Curva";"Não";7;0;3;2;1;2;5;4;-26,5519717;-48,71688324;"SPRF-SC";"DEL03-SC";"UOP02-DEL03-SC"