"id";"data_inversa";"dia_semana";"horario";"uf";"br";"km";"municipio";"causa_acidente";"tipo_acidente";"classificacao_acidente";"fase_dia";"sentido_via";"condicao_metereologica";"tipo_pista";"tracado_via";"uso_solo";"pessoas";"mortos";"feridos_leves";"feridos_graves";"ilesos";"ignorados";"feridos";"veiculos";"latitude";"longitude";"regional";"delegacia";"uop"
493243;2022-12-16;"sexta-feira";"14:23:00";"PR";376;446;"TIBAGI";"Reação tardia ou ineficiente do condutor";"Tombamento";"Sem Vítimas";"Pleno dia";"Decrescente";"Céu Claro";"Dupla";"Curva";"Não";2;0;0;0;1;3;0;4;-24,90359202;-50,42244741;"SPRF-PR";"DEL03-PR";"UOP02-DEL03-PR"
493247;2022-12-16;"sexta-feira";"17:50:00";"SC";470;45;"GASPAR";"Ultrapassagem Indevida";"Colisão lateral sentido oposto";"Com Vítimas Feridas";"Pleno dia";"Decrescente";"Céu Claro";"Simples";"Aclive;Curva;Em Obras";"Não";4;0;0;1;2;1;1;3;-26,867064;-49,031109;"SPRF-SC";"DEL04-SC";"UOP01-DEL04-SC"
493253;2022-12-16;"sexta-feira";"19:55:00";"MS";163;76;"ITAQUIRAI";"Pedestre andava na pista";"Atropelamento de Pedestre";"Com Vítimas Feridas";"Plena Noite";"Crescente";"Céu Claro";"Simples";"Declive";"Não";3;0;0;1;1;2;1;4;-23,4964836;-54,18625769;"SPRF-MS";"DEL09-MS";"UOP01-DEL09-MS"
493254;2022-12-16;"sexta-feira";"22:10:00";"SP";381;61;"MAIRIPORA";"Reação tardia ou ineficiente do condutor";"Tombamento";"Com Vítimas Feridas";"Plena Noite";"Crescente";"Céu Claro";"Dupla";"Aclive;Curva";"Não";2;0;1;0;0;1;1;2;-23,29011611;-46,5800681;"SPRF-SP";"DEL03-SP";"UOP01-DEL03-SP"
493260;2022-12-16;"sexta-feira";"19:20:00";"RS";153;566;"BAGE";"Ausência de reação do condutor";"Tombamento";"Com Vítimas Feridas";"Anoitecer";"Crescente";"Céu Claro";"Simples";"Curva";"Não";2;0;1;0;0;1;1;2;-30,96114605;-53,63823583;"SPRF-RS";"DEL11-RS";"UOP03-DEL11-RS"
493261;2022-12-16;"sexta-feira";"22:15:00";"SC";470;144;"RIO DO SUL";"Ultrapassagem Indevida";"Colisão lateral sentido oposto";"Com Vítimas Feridas";"Plena Noite";"Crescente";"Céu Claro";"Simples";"Reta";"Não";2;0;0;1;1;0;1;2;-27,235138;-49,677608;"SPRF-SC";"DEL04-SC";"UOP02-DEL04-SC"
493262;2022-12-16;"sexta-feira";"22:50:00";"ES";101;289;"CARIACICA";"Reação tardia ou ineficiente do condutor";"Colisão lateral mesmo sentido";"Sem Vítimas";"Plena Noite";"Crescente";"Céu Claro";"Dupla";"Reta";"Sim";4;0;0;0;3;2;0;5;-20,28029304;-40,39302931;"SPRF-ES";"DEL01-ES";"UOP01-DEL01-ES"
493267;2022-12-16;"sexta-feira";"20:15:00";"MT";163;955;"NOVA SANTA HELENA";"Transitar na contramão";"Colisão lateral sentido oposto";"Sem Vítimas";"Plena Noite";"Crescente";"Chuva";"Simples";"Reta";"Não";3;0;0;0;2;3;0;5;-10,849152;-55,187721;"SPRF-MT";"DEL06-MT";"NPF/DEL06-MT"
493268;2022-12-16;"sexta-feira";"22:00:00";"MT";163;766;"SORRISO";"Velocidade Incompatível";"Saída de leito carroçável";"Com Vítimas Feridas";"Plena Noite";"Crescente";"Ignorado";"Simples";"Reta";"Não";2;0;1;0;0;1;1;2;-12,44737951;-55,6581537;"SPRF-MT";"DEL06-MT";"UOP02-DEL06-MT"
493269;2022-12-16;"sexta-feira";"20:10:00";"MT";364;587;"DIAMANTINO";"Condutor deixou de manter distância do veículo da frente";"Colisão traseira";"Com Vítimas Feridas";"Plena Noite";"Crescente";"Nublado";"Dupla";"Reta";"Não";4;0;0;2;1;2;2;4;-14,61012536;-56,25164264;"SPRF-MT";"DEL01-MT";"UOP01-DEL01-MT"
493274;2022-12-17;"sábado";"00:30:00";"SC";101;24;"JOINVILLE";"Desrespeitar a preferência no cruzamento";"Colisão transversal";"Com Vítimas Feridas";"Plena Noite";"Decrescente";"Nublado";"Simples";"Reta;Interseção de Vias";"Não";2;0;1;0;1;0;1;2;-26,1834739;-48,9105912;"SPRF-SC";"DEL03-SC";"UOP01-DEL03-SC"
493279;2022-12-16;"sexta-feira";"23:30:00";"BA";242;414;"SEABRA";"Conversão proibida";"Colisão transversal";"Sem Vítimas";"Plena Noite";"Crescente";"Chuva";"Simples";"Interseção de Vias";"Sim";3;0;0;0;2;1;0;2;-12,427427;-41,77020288;"SPRF-BA";"DEL06-BA";"UOP01-DEL06-BA"
493282;2022-12-17;"sábado";"00:30:00";"GO";80;127;"BARRO ALTO";"Transitar na contramão";"Colisão lateral sentido oposto";"Com Vítimas Feridas";"Plena Noite";"Crescente";"Chuva";"Simples";"Reta";"Sim";3;0;0;2;1;0;2;3;-15,01708541;-48,89911652;"SPRF-GO";"DEL07-GO";"UOP02-DEL07-GO"
493287;2022-12-17;"sábado";"02:00:00";"SC";101;214;"PALHOCA";"Condutor deixou de manter distância do veículo da frente";"Colisão traseira";"Com Vítimas Feridas";"Plena Noite";"Crescente";"Nublado";"Múltipla";"Reta";"Sim";2;0;1;0;1;0;1;2;-27,64443;-48,67057;"SPRF-SC";"DEL01-SC";"UOP02-DEL01-SC"
493296;2022-12-16;"sexta-feira";"21:45:00";"MG";381;376,6;"SAO GONCALO DO RIO ABAIXO";"Declive acentuado";"Tombamento";"Com Vítimas Feridas";"Plena Noite";"Crescente";"Nublado";"Simples";"Curva";"Não";2;0;0;1;0;1;1;2;-19,8367193;-43,34504908;"SPRF-MG";"DEL01-MG";"UOP01-DEL01-MG"
493301;2022-12-17;"sábado";"04:47:00";"MT";70;8;"BARRA DO GARCAS";"Reação tardia ou ineficiente do condutor";"Atropelamento de Pedestre";"Com Vítimas Feridas";"Plena Noite";"Crescente";"Céu Claro";"Simples";"Reta;Interseção de Vias";"Sim";5;0;0;1;1;3;1;2;-15,87825854;-52,325823;"SPRF-MT";"DEL07-MT";"UOP01-DEL07-MT"
493303;2022-12-17;"sábado";"03:45:00";"PR";467;87;"CASCAVEL";"Reação tardia ou ineficiente do condutor";"Incêndio";"Sem Vítimas";"Plena Noite";"Crescente";"Céu Claro";"Dupla";"Reta";"Não";2;0;0;0;1;2;0;3;-24,8349;-53,6349;"SPRF-PR";"DEL04-PR";"UOP01-DEL04-PR"
493304;2022-12-17;"sábado";"04:55:00";"MG";381;795,9;"SAO GONCALO DO SAPUCAI";"Ausência de reação do condutor";"Colisão traseira";"Com Vítimas Feridas";"Plena Noite";"Decrescente";"Nublado";"Dupla";"Aclive;Reta";"Não";3;0;1;0;1;1;1;3;-21,91484987;-45,58054805;"SPRF-MG";"DEL16-MG";"UOP02-DEL16-MG"
493305;2022-12-17;"sábado";"01:10:00";"MT";364;349,1;"SANTO ANTONIO DO LEVERGER";"Reação tardia ou ineficiente do condutor";"Colisão traseira";"Sem Vítimas";"Plena Noite";"Decrescente";"Céu Claro";"Dupla";"Reta";"Não";4;0;0;0;2;3;0;5;-15,80502622;-55,5546431;"SPRF-MT";"DEL05-MT";"UOP02-DEL05-MT"
493308;2022-12-17;"sábado";"04:35:00";"MG";116;281;"TEOFILO OTONI";"Condutor Dormindo";"Saída de leito carroçável";"Com Vítimas Feridas";"Amanhecer";"Crescente";"Céu Claro";"Dupla";"Reta";"Não";3;0;1;0;1;1;1;2;-17,89352518;-41,52352462;"SPRF-MG";"DEL11-MG";"UOP01-DEL11-MG"
493310;2022-12-17;"sábado";"05:30:00";"DF";20;21,3;"BRASILIA";"Reação tardia ou ineficiente do condutor";"Colisão traseira";"Sem Vítimas";"Amanhecer";"Crescente";"Chuva";"Dupla";"Reta;Aclive";"Sim";2;0;0;0;2;0;0;2;-15,603384;-47,684692;"SPRF-DF";"DEL02-DF";"UOP01-DEL02-DF"
493318;2022-12-17;"sábado";"04:30:00";"CE";116;179,4;"RUSSAS";"Ausência de reação do condutor";"Colisão traseira";"Com Vítimas Feridas";"Amanhecer";"Crescente";"Céu Claro";"Simples";"Reta";"Não";2;0;1;0;0;1;1;2;-5,044712;-38,093802;"SPRF-CE";"DEL03-CE";"UOP01-DEL03-CE"
493324;2022-12-17;"sábado";"06:21:00";"ES";101;11,7;"PEDRO CANARIO";"Curva acentuada";"Tombamento";"Com Vítimas Feridas";"Amanhecer";"Crescente";"Chuva";"Simples";"Curva";"Não";2;0;1;0;0;1;1;2;-18,25673398;-39,95472013;"SPRF-ES";"DEL04-ES";"UOP02-DEL04-ES"
493325;2022-12-17;"sábado";"01:00:00";"RS";116;524,1;"PELOTAS";"Ausência de reação do condutor";"Saída de leito carroçável";"Com Vítimas Feridas";"Plena Noite";"Crescente";"Céu Claro";"Simples";"Reta";"Sim";2;0;1;0;0;2;1;3;-31,72863738;-52,38746675;"SPRF-RS";"DEL07-RS";"UOP01-DEL07-RS"
493329;2022-12-16;"sexta-feira";"19:20:00";"PR";277;408,4;"CANDOI";"Velocidade Incompatível";"Tombamento";"Com Vítimas Feridas";"Anoitecer";"Crescente";"Nublado";"Simples";"Curva;Declive";"Não";3;0;0;2;0;3;2;5;-25,43738344;-51,990051;"SPRF-PR";"DEL04-PR";"UOP02-DEL04-PR"
493333;2022-12-17;"sábado";"07:30:00";"SC";101;280;"IMBITUBA";"Acessar a via sem observar a presença dos outros veículos";"Colisão lateral mesmo sentido";"Com Vítimas Feridas";"Pleno dia";"Crescente";"Céu Claro";"Dupla";"Reta";"Não";4;0;1;0;2;1;1;4;-28,17962805;-48,6956297;"SPRF-SC";"DEL02-SC";"UOP03-DEL02-SC"
493334;2022-12-05;"segunda-feira";"23:10:00";"SP";116;564;"BARRA DO TURVO";"Condutor deixou de manter distância do veículo da frente";"Engavetamento";"Com Vítimas Feridas";"Plena Noite";"Crescente";"Chuva";"Simples";"Reta";"Não";24;0;1;0;21;2;1;3;-25,03458919;-48,53543877;"SPRF-SP";"DEL05-SP";"UOP02-DEL05-SP"
493339;2022-12-17;"sábado";"03:36:00";"PA";163;105;"ALTAMIRA";"Curva acentuada";"Tombamento";"Com Vítimas Feridas";"Plena Noite";"Decrescente";"Nevoeiro/Neblina";"Simples";"Curva";"Não";2;0;1;0;0;3;1;4;-8,72632457;-54,97348185;"SPRF-PA";"DEL05-PA";"UOP01-DEL05-PA"
493345;2022-12-17;"sábado";"08:20:00";"BA";116;853,5;"VITORIA DA CONQUISTA";"Velocidade Incompatível";"Colisão frontal";"Com Vítimas Fatais";"Pleno dia";"Crescente";"Chuva";"Simples";"Interseção de Vias";"Não";4;1;1;0;1;1;1;3;-15,08241782;-41,00961512;"SPRF-BA";"DEL08-BA";"UOP01-DEL08-BA"
493347;2022-12-17;"sábado";"07:20:00";"PI";316;140;"ELESBAO VELOSO";"Transitar na contramão";"Colisão frontal";"Com Vítimas Fatais";"Pleno dia";"Crescente";"Nublado";"Simples";"Reta";"Não";3;1;0;0;1;1;0;3;-6,08122081;-42,23896478;"SPRF-PI";"DEL04-PI";"UOP02-DEL04-PI"
493348;2022-12-13;"terça-feira";"18:30:00";"GO";153;565,2;"PROFESSOR JAMIL";"Acumulo de óleo sobre o pavimento";"Capotamento";"Com Vítimas Feridas";"Anoitecer";"Decrescente";"Garoa/Chuvisco";"Dupla";"Reta";"Não";1;0;1;0;0;0;1;1;-17,2566;-49,2418;"SPRF-GO";"DEL03-GO";"UOP01-DEL03-GO"
493351;2022-12-17;"sábado";"05:00:00";"MT";174;372,5;"CONQUISTA DOESTE";"Condutor Dormindo";"Colisão lateral sentido oposto";"Com Vítimas Feridas";"Amanhecer";"Decrescente";"Céu Claro";"Simples";"Reta";"Não";3;0;1;0;1;1;1;3;-14,59512456;-59,50773777;"SPRF-MT";"DEL04-MT";"UOP01-DEL04-MT"
493353;2022-12-17;"sábado";"08:10:00";"SP";116;138;"SAO JOSE DOS CAMPOS";"Velocidade Incompatível";"Colisão traseira";"Sem Vítimas";"Pleno dia";"Decrescente";"Sol";"Dupla";"Reta";"Não";4;0;0;0;4;0;0;4;-23,1572739;-45,79554605;"SPRF-SP";"DEL02-SP";"UOP01-DEL02-SP"
493354;2022-12-17;"sábado";"10:00:00";"SP";381;22;"BRAGANCA PAULISTA";"Velocidade Incompatível";"Colisão traseira";"Com Vítimas Feridas";"Pleno dia";"Decrescente";"Céu Claro";"Dupla";"Reta";"Não";2;0;1;0;1;0;1;2;-22,99697186;-46,5163051;"SPRF-SP";"DEL03-SP";"UOP02-DEL03-SP"
493363;2022-12-17;"sábado";"09:12:00";"SC";101;226,5;"PALHOCA";"Trafegar com motocicleta (ou similar) entre as faixas";"Colisão lateral mesmo sentido";"Com Vítimas Feridas";"Pleno dia";"Crescente";"Céu Claro";"Dupla";"Reta";"Não";3;0;0;1;2;0;1;3;-27,74200001;-48,63806504;"SPRF-SC";"DEL01-SC";"UOP02-DEL01-SC"
493365;2022-12-17;"sábado";"11:15:00";"SC";101;125,2;"ITAJAI";"Velocidade Incompatível";"Colisão traseira";"Com Vítimas Feridas";"Pleno dia";"Crescente";"Céu Claro";"Dupla";"Reta";"Não";2;0;0;1;1;0;1;2;-26,94802427;-48,68338515;"SPRF-SC";"DEL04-SC";"UOP04-DEL04-SC"
493366;2022-12-17;"sábado";"11:20:00";"MG";40;529;"CONTAGEM";"Reação tardia ou ineficiente do condutor";"Colisão traseira";"Sem Vítimas";"Pleno dia";"Crescente";"Chuva";"Dupla";"Reta";"Sim";2;0;0;0;2;0;0;2;-19,9175771;-44,03956532;"SPRF-MG";"DEL01-MG";"UOP02-DEL01-MG"
493376;2022-12-17;"sábado";"12:20:00";"PR";376;331;"ORTIGUEIRA";"Manobra de mudança de faixa";"Colisão lateral mesmo sentido";"Com Vítimas Feridas";"Pleno dia";"Decrescente";"Sol";"Dupla";"Reta";"Não";5;0;1;0;3;1;1;3;-24,1238469;-51,0184822;"SPRF-PR";"DEL07-PR";"UOP02-DEL07-PR"
493379;2022-12-17;"sábado";"12:30:00";"SC";101;201,6;"SAO JOSE";"Reação tardia ou ineficiente do condutor";"Colisão traseira";"Com Vítimas Feridas";"Pleno dia";"Decrescente";"Sol";"Múltipla";"Reta";"Sim";4;0;1;0;2;2;1;5;-27,54836599;-48,61977975;"SPRF-SC";"DEL01-SC";"UOP01-DEL01-SC"
493383;2022-12-17;"sábado";"09:30:00";"PA";163;618;"TRAIRAO";"Demais falhas mecânicas ou elétricas";"Tombamento";"Com Vítimas Feridas";"Pleno dia";"Crescente";"Céu Claro";"Simples";"Curva;Aclive";"Não";2;0;1;0;0;2;1;3;-4,73343252;-56,04523015;"SPRF-PA";"DEL05-PA";"UOP01-DEL05-PA"
493390;2022-12-17;"sábado";"11:35:00";"PR";277;128,4;"BALSA NOVA";"Entrada inopinada do pedestre";"Atropelamento de Pedestre";"Com Vítimas Feridas";"Pleno dia";"Crescente";"Céu Claro";"Dupla";"Reta";"Não";3;0;0;1;1;1;1;2;-25,4520856;-49,6237404;"SPRF-PR";"DEL03-PR";"UOP03-DEL03-PR"
493391;2022-12-17;"sábado";"13:25:00";"GO";50;241,6;"CATALAO";"Velocidade Incompatível";"Saída de leito carroçável";"Com Vítimas Feridas";"Pleno dia";"Crescente";"Chuva";"Dupla";"Curva";"Não";10;0;2;1;6;1;3;3;-17,90845628;-47,79637367;"SPRF-GO";"DEL06-GO";"UOP01-DEL06-GO"
493392;2022-12-17;"sábado";"13:00:00";"BA";415;25;"ILHEUS";"Reação tardia ou ineficiente do condutor";"Saída de leito carroçável";"Com Vítimas Feridas";"Pleno dia";"Decrescente";"Sol";"Simples";"Reta";"Não";2;0;1;0;1;0;1;1;-14,794881;-39,191825;"SPRF-BA";"DEL05-BA";"UOP01-DEL05-BA"
493395;2022-12-17;"sábado";"13:15:00";"SC";101;109,4;"PENHA";"Condutor deixou de manter distância do veículo da frente";"Engavetamento";"Com Vítimas Feridas";"Pleno dia";"Crescente";"Céu Claro";"Dupla";"Reta";"Não";5;0;1;0;3;1;1;4;-26,8346657;-48,700977;"SPRF-SC";"DEL03-SC";"UOP02-DEL03-SC"
493396;2022-12-17;"sábado";"12:45:00";"AL";101;49,7;"FLEXEIRAS";"Manobra de mudança de faixa";"Colisão traseira";"Com Vítimas Feridas";"Pleno dia";"Crescente";"Céu Claro";"Dupla";"Curva";"Não";2;0;1;0;1;0;1;2;-9,23058131;-35,77286231;"SPRF-AL";"DEL01-AL";"UOP02-DEL01-AL"
493397;2022-12-17;"sábado";"10:45:00";"MS";262;389;"TERENOS";"Reação tardia ou ineficiente do condutor";"Colisão traseira";"Sem Vítimas";"Pleno dia";"Crescente";"Céu Claro";"Simples";"Reta";"Não";7;0;0;0;6;2;0;4;-20,4264062;-54,91953697;"SPRF-MS";"DEL01-MS";"UOP03-DEL01-MS"
493398;2022-12-17;"sábado";"14:20:00";"PA";163;381;"NOVO PROGRESSO";"Condutor Dormindo";"Colisão lateral sentido oposto";"Com Vítimas Feridas";"Pleno dia";"Decrescente";"Céu Claro";"Simples";"Aclive";"Não";3;0;1;0;1;3;1;5;-6,46224996;-55,55582667;"SPRF-PA";"DEL05-PA";"UOP01-DEL05-PA"
493399;2022-12-17;"sábado";"13:40:00";"SC";101;214,4;"PALHOCA";"Reação tardia ou ineficiente do condutor";"Colisão com objeto";"Com Vítimas Feridas";"Pleno dia";"Crescente";"Céu Claro";"Dupla";"Reta";"Sim";5;0;2;0;2;1;2;4;-27,64443;-48,67057;"SPRF-SC";"DEL01-SC";"UOP02-DEL01-SC"
493400;2022-12-17;"sábado";"10:40:00";"MG";40;754,9;"EWBANK DA CAMARA";"Reação tardia ou ineficiente do condutor";"Saída de leito carroçável";"Com Vítimas Feridas";"Pleno dia";"Crescente";"Garoa/Chuvisco";"Simples";"Curva";"Não";5;0;1;0;3;1;1;2;-21,47980333;-43,54250614;"SPRF-MG";"DEL05-MG";"UOP01-DEL05-MG"
493404;2022-12-17;"sábado";"11:21:00";"RO";364;15;"VILHENA";"Acesso irregular";"Colisão lateral mesmo sentido";"Com Vítimas Feridas";"Pleno dia";"Decrescente";"Nublado";"Dupla";"Rotatória";"Sim";2;0;1;0;1;0;1;2;-12,73525073;-60,15504068;"SPRF-RO";"DEL04-RO";"UOP01-DEL04-RO"
493421;2022-12-17;"sábado";"16:20:00";"GO";60;27;"ALEXANIA";"Ausência de reação do condutor";"Colisão traseira";"Com Vítimas Feridas";"Pleno dia";"Decrescente";"Céu Claro";"Dupla";"Reta";"Não";4;0;2;0;1;2;2;4;-16,0963;-48,5202;"SPRF-DF";"DEL03-DF";"UOP01-DEL03-DF"
493422;2022-12-17;"sábado";"14:55:00";"RO";364;691;"CANDEIAS DO JAMARI";"Acessar a via sem observar a presença dos outros veículos";"Colisão transversal";"Com Vítimas Feridas";"Pleno dia";"Crescente";"Céu Claro";"Dupla";"Reta";"Sim";3;0;0;1;1;2;1;4;-8,7961943;-63,68738597;"SPRF-RO";"DEL01-RO";"UOP01-DEL01-RO"
493429;2022-12-17;"sábado";"15:00:00";"MT";364;22;"ALTO ARAGUAIA";"Reação tardia ou ineficiente do condutor";"Colisão traseira";"Com Vítimas Feridas";"Pleno dia";"Crescente";"Sol";"Simples";"Aclive";"Não";3;0;1;0;1;6;1;8;-17,20112689;-53,35935874;"SPRF-MT";"DEL02-MT";"UOP02-DEL02-MT"
493434;2022-12-17;"sábado";"12:50:00";"RJ";101;309;"SAO GONCALO";"Condutor Dormindo";"Colisão lateral mesmo sentido";"Com Vítimas Feridas";"Pleno dia";"Crescente";"Céu Claro";"Simples";"Reta";"Sim";3;0;1;0;2;0;1;2;-22,79498873;-43,03446105;"SPRF-RJ";"DEL02-RJ";"UOP02-DEL02-RJ"
493435;2022-12-17;"sábado";"15:50:00";"RS";116;362;"TAPES";"Acessar a via sem observar a presença dos outros veículos";"Colisão lateral mesmo sentido";"Com Vítimas Feridas";"Pleno dia";"Decrescente";"Céu Claro";"Dupla";"Reta";"Não";3;0;1;0;2;0;1;3;-30,63994236;-51,55691954;"SPRF-RS";"DEL02-RS";"UOP02-DEL02-RS"
493440;2022-12-17;"sábado";"14:30:00";"MT";163;118;"RONDONOPOLIS";"Ingestão de álcool pelo condutor";"Colisão lateral mesmo sentido";"Sem Vítimas";"Pleno dia";"Crescente";"Céu Claro";"Dupla";"Reta";"Não";3;0;0;0;2;2;0;4;-16,51361392;-54,65519619;"SPRF-MT";"DEL02-MT";"UOP01-DEL02-MT"
493447;2022-12-17;"sábado";"15:20:00";"MA";135;26;"SAO LUIS";"Fumaça";"Colisão traseira";"Com Vítimas Feridas";"Pleno dia";"Decrescente";"Céu Claro";"Dupla";"Curva";"Não";3;0;3;0;0;0;3;2;-2,77023451;-44,36931635;"SPRF-MA";"DEL01-MA";"UOP01-DEL01-MA"
493450;2022-12-17;"sábado";"17:25:00";"RS";285;234,2;"MULITERNO";"Transitar na contramão";"Colisão frontal";"Com Vítimas Fatais";"Pleno dia";"Decrescente";"Céu Claro";"Simples";"Reta";"Não";4;2;1;0;0;1;1;3;-28,248945;-51,824085;"SPRF-RS";"DEL08-RS";"UOP03-DEL08-RS"
493462;2022-12-17;"sábado";"17:30:00";"SC";470;56;"BLUMENAU";"Acessar a via sem observar a presença dos outros veículos";"Colisão lateral mesmo sentido";"Com Vítimas Feridas";"Pleno dia";"Crescente";"Céu Claro";"Simples";"Reta;Interseção de Vias";"Sim";2;0;1;0;1;0;1;2;-26,87674;-49,127743;"SPRF-SC";"DEL04-SC";"UOP01-DEL04-SC"
493484;2022-12-17;"sábado";"19:00:00";"MT";364;536;"ROSARIO OESTE";"Manobra de mudança de faixa";"Colisão frontal";"Com Vítimas Feridas";"Plena Noite";"Crescente";"Nublado";"Simples";"Reta";"Não";3;0;0;1;1;2;1;4;-14,95357719;-56,50745464;"SPRF-MT";"DEL01-MT";"UOP01-DEL01-MT"
493486;2022-12-17;"sábado";"09:40:00";"MG";116;93;"MEDINA";"Velocidade Incompatível";"Saída de leito carroçável";"Com Vítimas Fatais";"Pleno dia";"Crescente";"Nublado";"Simples";"Curva";"Não";3;2;0;0;0;1;0;2;-16,37582396;-41,47226824;"SPRF-MG";"DEL11-MG";"UOP02-DEL11-MG"
493489;2022-12-17;"sábado";"16:40:00";"MG";365;393,4;"PATOS DE MINAS";"Ultrapassagem Indevida";"Colisão frontal";"Com Vítimas Feridas";"Pleno dia";"Crescente";"Chuva";"Simples";"Curva";"Não";6;0;3;0;2;1;3;5;-18,64104023;-46,33483887;"SPRF-MG";"DEL10-MG";"UOP01-DEL10-MG"
493491;2022-12-17;"sábado";"17:10:00";"ES";101;17;"PEDRO CANARIO";"Chuva";"Eventos atípicos";"Sem Vítimas";"Pleno dia";"Crescente";"Chuva";"Dupla";"Aclive;Reta";"Não";2;0;0;0;1;2;0;3;-18,30705804;-39,95727392;"SPRF-ES";"DEL04-ES";"UOP02-DEL04-ES"
493501;2022-12-17;"sábado";"20:20:00";"PI";316;305,1;"PICOS";"Conversão proibida";"Colisão transversal";"Com Vítimas Feridas";"Plena Noite";"Decrescente";"Céu Claro";"Simples";"Reta";"Não";3;0;1;1;1;0;2;2;-7,062291;-41,51845;"SPRF-PI";"DEL04-PI";"UOP01-DEL04-PI"
493502;2022-12-17;"sábado";"20:30:00";"MG";262;497,5;"MOEMA";"Ausência de reação do condutor";"Colisão frontal";"Sem Vítimas";"Plena Noite";"Decrescente";"Nublado";"Simples";"Curva";"Não";2;0;0;0;1;1;0;2;-19,7847365;-45,40822903;"SPRF-MG";"DEL08-MG";"UOP03-DEL08-MG"
493504;2022-12-17;"sábado";"14:30:00";"MG";40;513,5;"RIBEIRAO DAS NEVES";"Condutor deixou de manter distância do veículo da frente";"Colisão traseira";"Com Vítimas Feridas";"Pleno dia";"Decrescente";"Nublado";"Dupla";"Reta";"Não";2;0;1;0;0;1;1;2;-19,7970544;-44,1080512;"SPRF-MG";"DEL01-MG";"UOP02-DEL01-MG"
493506;2022-12-17;"sábado";"09:40:00";"PR";476;192,1;"LAPA";"Velocidade Incompatível";"Tombamento";"Com Vítimas Feridas";"Pleno dia";"Crescente";"Nublado";"Simples";"Curva";"Não";2;0;1;0;0;1;1;2;-25,7293;-49,701283;"SPRF-PR";"DEL01-PR";"UOP06-DEL01-PR"
493512;2022-12-17;"sábado";"20:00:00";"PA";230;135;"MARABA";"Manobra de mudança de faixa";"Colisão frontal";"Com Vítimas Feridas";"Plena Noite";"Crescente";"Céu Claro";"Simples";"Reta";"Não";3;0;1;1;1;0;2;2;-5,34790991;-49,21415571;"SPRF-PA";"DEL03-PA";"UOP01-DEL03-PA"
493521;2022-12-17;"sábado";"15:05:00";"MT";70;187;"GENERAL CARNEIRO";"Velocidade Incompatível";"Colisão frontal";"Com Vítimas Fatais";"Pleno dia";"Crescente";"Céu Claro";"Simples";"Curva";"Não";4;1;0;1;1;2;1;4;-15,71819975;-53,63321899;"SPRF-MT";"DEL05-MT";"UOP01-DEL05-MT"
493525;2022-12-17;"sábado";"23:30:00";"SP";116;126,5;"CACAPAVA";"Pedestre cruzava a pista fora da faixa";"Atropelamento de Pedestre";"Com Vítimas Fatais";"Plena Noite";"Crescente";"Céu Claro";"Dupla";"Reta";"Não";8;1;0;0;2;5;0;4;-23,10433057;-45,69425762;"SPRF-SP";"DEL02-SP";"UOP02-DEL02-SP"
493529;2022-12-18;"domingo";"00:01:00";"PR";153;7,7;"JACAREZINHO";"Condutor Dormindo";"Colisão traseira";"Com Vítimas Feridas";"Plena Noite";"Crescente";"Céu Claro";"Simples";"Reta";"Não";3;0;1;0;1;2;1;4;-23,04989996;-49,92880418;"SPRF-PR";"DEL07-PR";"UOP04-DEL07-PR"
493535;2022-12-18;"domingo";"01:33:00";"SP";116;322;"JUQUITIBA";"Ausência de reação do condutor";"Colisão traseira";"Com Vítimas Fatais";"Plena Noite";"Crescente";"Céu Claro";"Múltipla";"Aclive;Reta";"Sim";2;1;0;0;1;0;0;2;-23,935106;-47,026682;"SPRF-SP";"DEL04-SP";"UOP03-DEL04-SP"
493546;2022-12-17;"sábado";"23:50:00";"RJ";465;4;"SEROPEDICA";"Ausência de reação do condutor";"Colisão transversal";"Com Vítimas Fatais";"Plena Noite";"Crescente";"Chuva";"Simples";"Reta";"Não";5;1;0;2;1;1;2;3;-22,740971;-43,705597;"SPRF-RJ";"DEL01-RJ";"UOP03-DEL01-RJ"
493548;2022-12-18;"domingo";"05:00:00";"MG";40;497;"ESMERALDAS";"Condutor Dormindo";"Colisão traseira";"Com Vítimas Feridas";"Amanhecer";"Crescente";"Nublado";"Dupla";"Reta;Declive";"Não";3;0;2;0;1;0;2;2;-19,67802022;-44,18830216;"SPRF-MG";"DEL02-MG";"UOP01-DEL02-MG"
493555;2022-12-18;"domingo";"05:00:00";"BA";116;666,8;"JEQUIE";"Condutor Dormindo";"Colisão lateral sentido oposto";"Com Vítimas Feridas";"Pleno dia";"Crescente";"Céu Claro";"Simples";"Aclive;Reta";"Não";6;0;1;1;3;2;2;5;-13,75004102;-40,09738978;"SPRF-BA";"DEL03-BA";"UOP01-DEL03-BA"
493557;2022-12-18;"domingo";"04:25:00";"SC";282;127,9;"BOM RETIRO";"Transitar na contramão";"Colisão frontal";"Com Vítimas Fatais";"Amanhecer";"Decrescente";"Céu Claro";"Simples";"Reta;Aclive";"Sim";3;1;0;0;1;1;0;3;-27,803208;-49,485504;"SPRF-SC";"DEL05-SC";"UOP01-DEL05-SC"
493566;2022-12-18;"domingo";"06:50:00";"MG";116;704,6;"MURIAE";"Transitar na contramão";"Colisão lateral sentido oposto";"Sem Vítimas";"Pleno dia";"Crescente";"Nublado";"Múltipla";"Curva";"Não";3;0;0;0;2;1;0;3;-21,13416858;-42,38722798;"SPRF-MG";"DEL07-MG";"UOP02-DEL07-MG"