"id";"data_inversa";"dia_semana";"horario";"uf";"br";"km";"municipio";"causa_acidente";"tipo_acidente";"classificacao_acidente";"fase_dia";"sentido_via";"condicao_metereologica";"tipo_pista";"tracado_via";"uso_solo";"pessoas";"mortos";"feridos_leves";"feridos_graves";"ilesos";"ignorados";"feridos";"veiculos";"latitude";"longitude";"regional";"delegacia";"uop"
493583;2022-11-08;"terça-feira";"20:10:00";"SC";282;611,2;"MARAVILHA";"Transitar na contramão";"Colisão frontal";"Com Vítimas Fatais";"Pleno dia";"Decrescente";"Céu Claro";"Simples";"Reta;Declive";"Não";3;1;1;0;0;1;1;3;-26,755428;-53,239933;"SPRF-SC";"DEL07-SC";"UOP02-DEL07-SC"
493590;2022-12-18;"domingo";"08:10:00";"MG";153;36,8;"CANAPOLIS";"Condutor Dormindo";"Colisão traseira";"Com Vítimas Feridas";"Pleno dia";"Decrescente";"Nublado";"Dupla";"Reta";"Sim";3;0;0;1;1;1;1;3;-18,72436061;-49,1185534;"SPRF-MG";"DEL15-MG";"UOP03-DEL15-MG"
493607;2022-12-18;"domingo";"09:20:00";"MT";163;604;"NOVA MUTUM";"Acumulo de água sobre o pavimento";"Colisão lateral sentido oposto";"Com Vítimas Feridas";"Pleno dia";"Decrescente";"Chuva";"Simples";"Reta";"Não";3;0;0;1;1;3;1;5;-13,87236604;-56,08739473;"SPRF-MT";"DEL01-MT";"UOP01-DEL01-MT"
493610;2022-12-18;"domingo";"09:20:00";"GO";364;270;"MINEIROS";"Reação tardia ou ineficiente do condutor";"Colisão lateral sentido oposto";"Com Vítimas Fatais";"Pleno dia";"Crescente";"Sol";"Simples";"Curva";"Não";4;1;0;0;2;5;0;8;-17,66832;-52,312248;"SPRF-GO";"DEL05-GO";"UOP01-DEL05-GO"
493621;2022-12-18;"domingo";"11:10:00";"AL";101;40;"FLEXEIRAS";"Velocidade Incompatível";"Tombamento";"Com Vítimas Feridas";"Pleno dia";"Decrescente";"Céu Claro";"Dupla";"Curva";"Não";2;0;1;0;0;1;1;2;-9,16377891;-35,77034503;"SPRF-AL";"DEL01-AL";"UOP02-DEL01-AL"
493623;2022-12-18;"domingo";"12:25:00";"SC";101;233;"PALHOCA";"Manobra de mudança de faixa";"Colisão traseira";"Com Vítimas Feridas";"Pleno dia";"Crescente";"Chuva";"Dupla";"Desvio Temporário;Reta";"Não";4;0;1;0;2;1;1;3;-27,80376397;-48,63826211;"SPRF-SC";"DEL01-SC";"UOP02-DEL01-SC"
493626;2022-12-18;"domingo";"13:30:00";"SP";116;405,7;"MIRACATU";"Condutor deixou de manter distância do veículo da frente";"Colisão traseira";"Com Vítimas Feridas";"Pleno dia";"Decrescente";"Céu Claro";"Dupla";"Reta";"Não";3;0;1;0;1;2;1;4;-24,32322982;-47,54625904;"SPRF-SP";"DEL04-SP";"UOP02-DEL04-SP"
493630;2022-12-18;"domingo";"13:30:00";"BA";101;496,4;"ITABUNA";"Transitar na contramão";"Colisão frontal";"Com Vítimas Feridas";"Pleno dia";"Decrescente";"Sol";"Simples";"Reta";"Não";3;0;2;0;0;1;2;2;-14,735861;-39,335768;"SPRF-BA";"DEL05-BA";"UOP01-DEL05-BA"
493637;2022-12-18;"domingo";"12:00:00";"RJ";101;164;"MACAE";"Velocidade Incompatível";"Colisão frontal";"Com Vítimas Feridas";"Pleno dia";"Crescente";"Chuva";"Simples";"Reta";"Não";3;0;0;1;1;1;1;3;-22,31511508;-41,89679192;"SPRF-RJ";"DEL08-RJ";"UOP04-DEL08-RJ"
493638;2022-12-18;"domingo";"09:50:00";"MS";158;48;"PARANAIBA";"Transitar na contramão";"Colisão lateral sentido oposto";"Com Vítimas Feridas";"Pleno dia";"Crescente";"Céu Claro";"Simples";"Reta";"Não";4;0;1;0;1;3;1;4;-19,36263698;-51,45139383;"SPRF-MS";"DEL08-MS";"UOP01-DEL08-MS"
493639;2022-12-18;"domingo";"11:25:00";"SE";101;64,6;"ROSARIO DO CATETE";"Ausência de sinalização";"Engavetamento";"Com Vítimas Feridas";"Pleno dia";"Decrescente";"Céu Claro";"Simples";"Reta;Ponte;Em Obras";"Não";9;0;0;3;5;4;3;8;-10,69863603;-37,04704997;"SPRF-SE";"DEL02-SE";"UOP02-DEL02-SE"
493641;2022-12-18;"domingo";"14:00:00";"MG";365;30,9;"MONTES CLAROS";"Ausência de reação do condutor";"Colisão com objeto";"Com Vítimas Feridas";"Pleno dia";"Decrescente";"Chuva";"Simples";"Curva";"Não";1;0;0;1;0;0;1;1;-16,85144573;-44,06967486;"SPRF-MG";"DEL12-MG";"UOP01-DEL12-MG"
493674;2022-12-18;"domingo";"17:30:00";"SC";101;196;"BIGUACU";"Ausência de reação do condutor";"Colisão transversal";"Sem Vítimas";"Pleno dia";"Decrescente";"Garoa/Chuvisco";"Simples";"Reta";"Sim";3;0;0;0;3;0;0;2;-27,51101091;-48,64322292;"SPRF-SC";"DEL01-SC";"UOP01-DEL01-SC"
493689;2022-12-18;"domingo";"16:30:00";"TO";153;336,8;"GUARAI";"Ingestão de álcool pelo condutor";"Saída de leito carroçável";"Com Vítimas Feridas";"Pleno dia";"Decrescente";"Céu Claro";"Simples";"Reta";"Não";2;0;1;0;0;1;1;2;-8,85386;-48,508884;"SPRF-TO";"DEL02-TO";"UOP02-DEL02-TO"
493699;2022-12-18;"domingo";"18:10:00";"MS";262;539,1;"MIRANDA";"Ingestão de álcool pelo condutor";"Colisão lateral sentido oposto";"Com Vítimas Feridas";"Anoitecer";"Crescente";"Garoa/Chuvisco";"Simples";"Declive";"Não";3;0;1;0;1;3;1;5;-20,30973925;-56,2469946;"SPRF-MS";"DEL03-MS";"UOP02-DEL03-MS"
493703;2022-11-30;"quarta-feira";"14:45:00";"RO";364;514;"ARIQUEMES";"Acessar a via sem observar a presença dos outros veículos";"Colisão lateral mesmo sentido";"Com Vítimas Feridas";"Pleno dia";"Crescente";"Céu Claro";"Simples";"Reta";"Sim";3;0;0;1;1;3;1;5;-9,93398403;-63,05522959;"SPRF-RO";"DEL03-RO";"UOP01-DEL03-RO"
493704;2022-12-18;"domingo";"13:30:00";"PR";153;507;"GENERAL CARNEIRO";"Carga excessiva e/ou mal acondicionada";"Derramamento de carga";"Sem Vítimas";"Pleno dia";"Crescente";"Chuva";"Simples";"Curva";"Não";3;0;0;0;2;2;0;4;-26,52772219;-51,35902405;"SPRF-PR";"DEL02-PR";"UOP03-DEL02-PR"
493713;2022-12-18;"domingo";"19:20:00";"PR";376;350;"ORTIGUEIRA";"Ausência de reação do condutor";"Colisão traseira";"Com Vítimas Feridas";"Plena Noite";"Crescente";"Nublado";"Dupla";"Reta";"Sim";2;0;1;0;1;0;1;2;-24,24186305;-50,90915505;"SPRF-PR";"DEL07-PR";"UOP02-DEL07-PR"
493714;2022-12-18;"domingo";"19:20:00";"RS";116;314,5;"GUAIBA";"Desvio temporário";"Colisão lateral mesmo sentido";"Sem Vítimas";"Plena Noite";"Decrescente";"Nublado";"Dupla";"Desvio Temporário";"Não";3;0;0;0;2;1;0;3;-30,23652496;-51,40721575;"SPRF-RS";"DEL02-RS";"UOP01-DEL02-RS"
493715;2022-12-18;"domingo";"19:10:00";"PR";277;39;"MORRETES";"Ingestão de álcool pelo condutor";"Colisão transversal";"Sem Vítimas";"Plena Noite";"Crescente";"Nublado";"Múltipla";"Aclive";"Não";3;0;0;0;2;2;0;4;-25,571233;-48,817137;"SPRF-PR";"DEL01-PR";"UOP05-DEL01-PR"
493719;2022-12-18;"domingo";"19:40:00";"SC";101;269,9;"IMBITUBA";"Animais na Pista";"Atropelamento de Animal";"Com Vítimas Feridas";"Plena Noite";"Crescente";"Chuva";"Dupla";"Reta";"Não";8;0;1;0;5;2;1;5;-28,1015411;-48,70410641;"SPRF-SC";"DEL02-SC";"UOP03-DEL02-SC"
493729;2022-12-18;"domingo";"18:00:00";"SC";470;111,2;"IBIRAMA";"Ingestão de álcool pelo condutor";"Colisão frontal";"Com Vítimas Feridas";"Pleno dia";"Decrescente";"Garoa/Chuvisco";"Simples";"Curva";"Não";3;0;1;0;1;1;1;3;-27,09961015;-49,46085691;"SPRF-SC";"DEL04-SC";"UOP02-DEL04-SC"
493735;2022-12-18;"domingo";"21:20:00";"ES";101;342,8;"GUARAPARI";"Ultrapassagem Indevida";"Colisão lateral mesmo sentido";"Com Vítimas Feridas";"Plena Noite";"Crescente";"Garoa/Chuvisco";"Dupla";"Reta";"Não";2;0;1;0;1;0;1;2;-20,65737321;-40,5823519;"SPRF-ES";"DEL03-ES";"UOP01-DEL03-ES"
493742;2022-12-18;"domingo";"21:00:00";"SC";282;618;"IRACEMINHA";"Neblina";"Colisão transversal";"Com Vítimas Feridas";"Plena Noite";"Decrescente";"Nevoeiro/Neblina";"Simples";"Reta";"Não";6;0;0;1;2;4;1;6;-26,788088;-53,293259;"SPRF-SC";"DEL07-SC";"UOP02-DEL07-SC"
493744;2022-12-18;"domingo";"22:32:00";"MA";316;527,2;"CAXIAS";"Ultrapassagem Indevida";"Colisão frontal";"Com Vítimas Fatais";"Plena Noite";"Crescente";"Céu Claro";"Simples";"Aclive";"Não";6;3;1;0;1;1;1;3;-4,808832;-43,551792;"SPRF-MA";"DEL03-MA";"UOP02-DEL03-MA"
493748;2022-12-18;"domingo";"19:00:00";"MG";116;22,1;"CACHOEIRA DE PAJEU";"Pista esburacada";"Eventos atípicos";"Com Vítimas Feridas";"Plena Noite";"Crescente";"Chuva";"Simples";"Reta;Declive";"Não";6;0;0;1;4;1;1;2;-15,85066652;-41,41356067;"SPRF-BA";"DEL08-BA";"UOP03-DEL08-BA"
493749;2022-12-18;"domingo";"19:20:00";"MG";116;3,5;"DIVISA ALEGRE";"Pista esburacada";"Saída de leito carroçável";"Com Vítimas Fatais";"Plena Noite";"Crescente";"Chuva";"Simples";"Reta";"Não";2;1;0;0;1;0;0;1;-15,72609196;-41,34372437;"SPRF-BA";"DEL08-BA";"UOP03-DEL08-BA"
493752;2022-12-18;"domingo";"22:00:00";"SC";470;65,9;"INDAIAL";"Condutor deixou de manter distância do veículo da frente";"Colisão lateral mesmo sentido";"Com Vítimas Feridas";"Pleno dia";"Crescente";"Garoa/Chuvisco";"Simples";"Interseção de Vias";"Não";5;0;1;1;2;1;2;4;-26,870411;-49,211864;"SPRF-SC";"DEL04-SC";"UOP01-DEL04-SC"
493764;2022-12-19;"segunda-feira";"01:56:00";"MA";226;298,5;"BARRA DO CORDA";"Ingestão de álcool pelo condutor";"Colisão frontal";"Sem Vítimas";"Plena Noite";"Decrescente";"Ignorado";"Simples";"Curva";"Sim";2;0;0;0;2;0;0;2;-5,50176103;-45,23562004;"SPRF-MA";"DEL06-MA";"UOP01-DEL06-MA"
493771;2022-12-19;"segunda-feira";"04:45:00";"SC";470;66,6;"INDAIAL";"Ausência de sinalização";"Atropelamento de Pedestre";"Com Vítimas Feridas";"Plena Noite";"Crescente";"Garoa/Chuvisco";"Simples";"Em Obras";"Sim";3;0;0;1;2;0;1;2;-26,870407;-49,221844;"SPRF-SC";"DEL04-SC";"UOP01-DEL04-SC"
493772;2022-12-19;"segunda-feira";"06:30:00";"MG";40;474,1;"SETE LAGOAS";"Velocidade Incompatível";"Colisão com objeto";"Com Vítimas Feridas";"Amanhecer";"Decrescente";"Chuva";"Múltipla";"Reta;Declive";"Sim";1;0;1;0;0;0;1;1;-19,49884;-44,27853;"SPRF-MG";"DEL02-MG";"UOP01-DEL02-MG"
493774;2022-12-19;"segunda-feira";"03:30:00";"BA";30;277,9;"CAETITE";"Curva acentuada";"Saída de leito carroçável";"Com Vítimas Feridas";"Plena Noite";"Crescente";"Nublado";"Simples";"Curva";"Não";1;0;1;0;0;0;1;1;-14,09789655;-42,58010043;"SPRF-BA";"DEL08-BA";"UOP01-DEL08-BA"
493777;2022-12-18;"domingo";"21:00:00";"BA";30;289;"CAETITE";"Chuva";"Colisão frontal";"Com Vítimas Feridas";"Pleno dia";"Crescente";"Chuva";"Simples";"Reta";"Não";3;0;1;0;1;1;1;3;-14,1527;-42,3239;"SPRF-BA";"DEL08-BA";"UOP01-DEL08-BA"
493781;2022-12-19;"segunda-feira";"06:00:00";"MG";40;600,8;"OURO PRETO";"Demais falhas mecânicas ou elétricas";"Incêndio";"Sem Vítimas";"Pleno dia";"Crescente";"Chuva";"Simples";"Reta;Declive";"Não";2;0;0;0;1;1;0;2;-20,43280391;-43,85287285;"SPRF-MG";"DEL05-MG";"UOP02-DEL05-MG"
493794;2022-12-19;"segunda-feira";"06:05:00";"TO";153;645,1;"DUERE";"Transitar na contramão";"Colisão lateral sentido oposto";"Com Vítimas Feridas";"Amanhecer";"Crescente";"Sol";"Simples";"Declive";"Não";3;0;1;0;1;1;1;3;-11,4917799;-49,00391231;"SPRF-TO";"DEL01-TO";"UOP02-DEL01-TO"
493801;2022-12-19;"segunda-feira";"08:00:00";"RS";116;247;"SAO LEOPOLDO";"Manobra de mudança de faixa";"Colisão lateral mesmo sentido";"Com Vítimas Feridas";"Pleno dia";"Decrescente";"Nublado";"Dupla";"Reta";"Não";2;0;1;0;1;0;1;2;-29,76733091;-51,1535296;"SPRF-RS";"DEL01-RS";"UOP02-DEL01-RS"
493804;2022-12-01;"quinta-feira";"08:45:00";"MG";251;473;"FRANCISCO SA";"Problema com o freio";"Colisão traseira";"Com Vítimas Feridas";"Pleno dia";"Crescente";"Nublado";"Simples";"Curva";"Não";53;0;1;0;51;1;1;3;-16,47012768;-43,44753404;"SPRF-MG";"DEL12-MG";"UOP01-DEL12-MG"
493812;2022-12-19;"segunda-feira";"09:30:00";"MG";262;464,9;"BOM DESPACHO";"Velocidade Incompatível";"Saída de leito carroçável";"Sem Vítimas";"Pleno dia";"Decrescente";"Chuva";"Simples";"Reta";"Não";1;0;0;0;1;0;0;1;-19,8117408;-45,10677395;"SPRF-MG";"DEL08-MG";"UOP03-DEL08-MG"
493818;2022-11-18;"sexta-feira";"21:30:00";"SC";282;18;"PALHOCA";"Conversão proibida";"Tombamento";"Com Vítimas Feridas";"Plena Noite";"Crescente";"Céu Claro";"Simples";"Reta";"Não";2;0;0;1;0;1;1;2;-27,672798;-48,694286;"SPRF-SC";"DEL01-SC";"UOP02-DEL01-SC"
493822;2022-12-19;"segunda-feira";"10:27:00";"PE";101;37;"IGARASSU";"Manobra de mudança de faixa";"Colisão lateral mesmo sentido";"Com Vítimas Feridas";"Pleno dia";"Decrescente";"Céu Claro";"Dupla";"Interseção de Vias";"Não";3;0;1;0;1;1;1;3;-7,79726705;-34,9274932;"SPRF-PE";"DEL01-PE";"UOP02-DEL01-PE"
493823;2022-11-20;"domingo";"03:00:00";"SP";153;34;"NOVA GRANADA";"Ausência de reação do condutor";"Saída de leito carroçável";"Com Vítimas Fatais";"Amanhecer";"Decrescente";"Céu Claro";"Simples";"Reta";"Não";2;1;0;0;0;1;0;2;-20,57168502;-49,31773682;"SPRF-SP";"DEL09-SP";"UOP01-DEL09-SP"
493824;2022-11-29;"terça-feira";"09:15:00";"MT";70;726;"CACERES";"Ultrapassagem Indevida";"Colisão frontal";"Com Vítimas Feridas";"Pleno dia";"Decrescente";"Céu Claro";"Simples";"Reta";"Não";9;0;2;2;4;2;4;7;-16,18646;-57,608257;"SPRF-MT";"DEL03-MT";"UOP01-DEL03-MT"
493830;2022-12-19;"segunda-feira";"07:40:00";"SC";470;290;"CAMPOS NOVOS";"Ultrapassagem Indevida";"Saída de leito carroçável";"Com Vítimas Feridas";"Pleno dia";"Decrescente";"Céu Claro";"Simples";"Reta";"Não";2;0;1;1;0;0;2;1;-27,335585;-50,962185;"SPRF-SC";"DEL07-SC";"UOP06-DEL07-SC"
493833;2022-12-19;"segunda-feira";"10:45:00";"ES";101;204,8;"JOAO NEIVA";"Desrespeitar a preferência no cruzamento";"Colisão transversal";"Com Vítimas Feridas";"Pleno dia";"Crescente";"Chuva";"Simples";"Interseção de Vias";"Sim";7;0;3;0;3;1;3;4;-19,74948916;-40,37922678;"SPRF-ES";"DEL02-ES";"UOP01-DEL02-ES"
493839;2022-12-19;"segunda-feira";"11:50:00";"SP";116;545;"BARRA DO TURVO";"Chuva";"Tombamento";"Com Vítimas Feridas";"Pleno dia";"Decrescente";"Chuva";"Dupla";"Declive";"Não";2;0;1;0;0;1;1;2;-24,96489519;-48,42636108;"SPRF-SP";"DEL05-SP";"UOP02-DEL05-SP"
493845;2022-12-19;"segunda-feira";"00:20:00";"PA";153;135;"SAO GERALDO DO ARAGUAIA";"Transitar na contramão";"Colisão frontal";"Com Vítimas Fatais";"Amanhecer";"Decrescente";"Nublado";"Simples";"Reta";"Não";3;1;0;0;1;1;0;3;-6,271617;-48,598881;"SPRF-PA";"DEL03-PA";"UOP01-DEL03-PA"
493847;2022-12-19;"segunda-feira";"13:00:00";"MG";153;239,4;"FRONTEIRA";"Reação tardia ou ineficiente do condutor";"Colisão frontal";"Com Vítimas Feridas";"Pleno dia";"Decrescente";"Chuva";"Simples";"Reta";"Sim";3;0;3;0;0;0;3;2;-20,256084;-49,174142;"SPRF-MG";"DEL13-MG";"UOP02-DEL13-MG"
493849;2022-12-19;"segunda-feira";"12:30:00";"MG";116;456;"ENGENHEIRO CALDAS";"Ausência de reação do condutor";"Colisão com objeto";"Sem Vítimas";"Pleno dia";"Crescente";"Garoa/Chuvisco";"Simples";"Aclive;Reta";"Sim";2;0;0;0;1;1;0;2;-19,20082084;-42,04762426;"SPRF-MG";"DEL06-MG";"UOP02-DEL06-MG"
493854;2022-12-19;"segunda-feira";"12:00:00";"RS";386;356,6;"ESTRELA";"Acessar a via sem observar a presença dos outros veículos";"Colisão traseira";"Com Vítimas Feridas";"Pleno dia";"Decrescente";"Nublado";"Dupla";"Interseção de Vias";"Não";2;0;1;0;0;1;1;2;-29,52762153;-51,93058133;"SPRF-RS";"DEL04-RS";"UOP02-DEL04-RS"
493855;2022-12-11;"domingo";"16:00:00";"MA";10;330;"ACAILANDIA";"Condutor deixou de manter distância do veículo da frente";"Colisão traseira";"Com Vítimas Feridas";"Pleno dia";"Decrescente";"Céu Claro";"Simples";"Aclive";"Não";3;0;0;1;1;1;1;3;-4,871528;-47,515585;"SPRF-MA";"DEL04-MA";"UOP03-DEL04-MA"
493856;2022-12-19;"segunda-feira";"13:20:00";"PR";376;615,5;"SAO JOSE DOS PINHAIS";"Reação tardia ou ineficiente do condutor";"Tombamento";"Com Vítimas Feridas";"Pleno dia";"Decrescente";"Nublado";"Múltipla";"Reta;Declive";"Sim";3;0;0;1;1;1;1;3;-25,569237;-49,183735;"SPRF-PR";"DEL01-PR";"UOP04-DEL01-PR"
493863;2022-12-08;"quinta-feira";"01:30:00";"AM";319;768;"CANUTAMA";"Deficiência do Sistema de Iluminação/Sinalização";"Colisão traseira";"Com Vítimas Feridas";"Plena Noite";"Crescente";"Ignorado";"Simples";"Reta";"Não";4;0;3;0;0;3;3;5;-8,19795113;-63,86548994;"SPRF-RO";"DEL01-RO";"UOP01-DEL01-RO"
493865;2022-12-19;"segunda-feira";"13:40:00";"SP";116;510;"CAJATI";"Pista Escorregadia";"Colisão traseira";"Com Vítimas Feridas";"Pleno dia";"Crescente";"Chuva";"Simples";"Curva";"Não";4;0;1;0;2;1;1;3;-24,82768986;-48,21855823;"SPRF-SP";"DEL05-SP";"UOP02-DEL05-SP"
493869;2022-11-17;"quinta-feira";"18:10:00";"BA";242;558;"OLIVEIRA DOS BREJINHOS";"Reação tardia ou ineficiente do condutor";"Saída de leito carroçável";"Sem Vítimas";"Plena Noite";"Crescente";"Chuva";"Simples";"Reta";"Não";2;0;0;0;0;2;0;1;-12,03614;-43,067389;"SPRF-BA";"DEL10-BA";"UOP02-DEL10-BA"
493876;2022-12-19;"segunda-feira";"10:30:00";"MG";381;647,9;"SANTO ANTONIO DO AMPARO";"Reação tardia ou ineficiente do condutor";"Atropelamento de Pedestre";"Com Vítimas Feridas";"Pleno dia";"Crescente";"Nublado";"Dupla";"Curva";"Não";3;0;0;1;1;1;1;3;-20,95465676;-44,91211505;"SPRF-MG";"DEL04-MG";"UOP02-DEL04-MG"
493879;2022-12-19;"segunda-feira";"15:30:00";"PE";101;85,7;"JABOATAO DOS GUARARAPES";"Estacionar ou parar em local proibido";"Colisão traseira";"Com Vítimas Feridas";"Pleno dia";"Decrescente";"Céu Claro";"Dupla";"Reta";"Não";4;0;2;0;1;2;2;5;-8,18065563;-34,95965322;"SPRF-PE";"DEL01-PE";"UOP01-DEL01-PE"
493882;2022-12-19;"segunda-feira";"14:30:00";"SC";470;135;"RIO DO SUL";"Carga excessiva e/ou mal acondicionada";"Derramamento de carga";"Sem Vítimas";"Pleno dia";"Crescente";"Céu Claro";"Simples";"Reta";"Sim";1;0;0;0;1;0;0;1;-27,188492;-49,61232;"SPRF-SC";"DEL04-SC";"UOP02-DEL04-SC"
493887;2022-12-19;"segunda-feira";"16:14:00";"MG";381;490,5;"BETIM";"Trafegar com motocicleta (ou similar) entre as faixas";"Tombamento";"Com Vítimas Fatais";"Pleno dia";"Crescente";"Garoa/Chuvisco";"Dupla";"Reta";"Sim";3;1;0;0;1;1;0;3;-19,955882;-44,146138;"SPRF-MG";"DEL01-MG";"UOP03-DEL01-MG"
493888;2022-12-19;"segunda-feira";"13:32:00";"BA";116;319;"ARACI";"Demais falhas mecânicas ou elétricas";"Incêndio";"Sem Vítimas";"Pleno dia";"Decrescente";"Céu Claro";"Simples";"Reta";"Não";3;0;0;0;2;1;0;2;-11,32295708;-38,94963686;"SPRF-BA";"DEL02-BA";"UOP01-DEL02-BA"
493892;2022-12-19;"segunda-feira";"16:30:00";"PE";101;13,7;"GOIANA";"Condutor Dormindo";"Colisão traseira";"Com Vítimas Feridas";"Pleno dia";"Decrescente";"Céu Claro";"Dupla";"Reta";"Não";3;0;1;0;1;1;1;3;-7,615824;-34,9722181;"SPRF-PE";"DEL01-PE";"UOP02-DEL01-PE"
493906;2022-12-19;"segunda-feira";"17:50:00";"PR";376;681,4;"GUARATUBA";"Demais falhas mecânicas ou elétricas";"Colisão traseira";"Com Vítimas Feridas";"Pleno dia";"Crescente";"Chuva";"Dupla";"Curva;Declive";"Não";2;0;1;0;1;0;1;2;-25,96596616;-48,89663319;"SPRF-PR";"DEL01-PR";"UOP04-DEL01-PR"
493907;2022-12-19;"segunda-feira";"17:49:00";"SC";470;138;"RIO DO SUL";"Área urbana sem a presença de local apropriado para a travessia de pedestres";"Atropelamento de Pedestre";"Com Vítimas Feridas";"Anoitecer";"Crescente";"Chuva";"Simples";"Reta;Declive";"Sim";3;0;1;0;1;1;1;3;-27,19583036;-49,62688078;"SPRF-SC";"DEL04-SC";"UOP02-DEL04-SC"
493910;2022-12-19;"segunda-feira";"17:50:00";"SC";280;164,4;"MAFRA";"Acessar a via sem observar a presença dos outros veículos";"Colisão transversal";"Com Vítimas Feridas";"Pleno dia";"Decrescente";"Céu Claro";"Simples";"Interseção de Vias";"Não";2;0;0;1;1;0;1;2;-26,19131398;-49,80487298;"SPRF-SC";"DEL06-SC";"UOP01-DEL06-SC"
493913;2022-12-19;"segunda-feira";"13:55:00";"SC";282;375,2;"ERVAL VELHO";"Pista Escorregadia";"Colisão frontal";"Com Vítimas Fatais";"Pleno dia";"Crescente";"Chuva";"Simples";"Curva";"Não";3;1;0;0;1;1;0;3;-27,232734;-51,453235;"SPRF-SC";"DEL07-SC";"UOP05-DEL07-SC"
493919;2022-12-19;"segunda-feira";"18:02:00";"MT";70;522;"VARZEA GRANDE";"Conversão proibida";"Colisão transversal";"Sem Vítimas";"Anoitecer";"Crescente";"Céu Claro";"Simples";"Reta";"Sim";3;0;0;0;2;1;0;3;-15,66425303;-56,18435025;"SPRF-MT";"DEL01-MT";"UOP02-DEL01-MT"
493922;2022-12-19;"segunda-feira";"08:15:00";"PI";230;260;"NAZARE DO PIAUI";"Ausência de reação do condutor";"Colisão traseira";"Com Vítimas Feridas";"Pleno dia";"Crescente";"Céu Claro";"Simples";"Reta";"Não";4;0;2;0;2;0;2;2;-7,00209294;-42,63428502;"SPRF-PI";"DEL03-PI";"UOP01-DEL03-PI"
493935;2022-12-19;"segunda-feira";"21:20:00";"SP";116;99;"PINDAMONHANGABA";"Trafegar com motocicleta (ou similar) entre as faixas";"Tombamento";"Com Vítimas Feridas";"Plena Noite";"Crescente";"Chuva";"Dupla";"Reta";"Não";3;0;2;0;1;0;2;2;-22,98236971;-45,46436617;"SPRF-SP";"DEL08-SP";"UOP01-DEL08-SP"
493946;2022-12-19;"segunda-feira";"21:10:00";"PE";316;108;"BODOCO";"Deficiência do Sistema de Iluminação/Sinalização";"Colisão traseira";"Com Vítimas Feridas";"Plena Noite";"Decrescente";"Céu Claro";"Simples";"Reta";"Não";3;0;1;0;0;2;1;3;-7,96586164;-39,88066827;"SPRF-PE";"DEL05-PE";"UOP02-DEL05-PE"
493966;2022-12-17;"sábado";"05:30:00";"PR";369;189;"ARAPONGAS";"Acessar a via sem observar a presença dos outros veículos";"Colisão lateral mesmo sentido";"Sem Vítimas";"Pleno dia";"Crescente";"Céu Claro";"Dupla";"Reta;Interseção de Vias";"Sim";3;0;0;0;2;1;0;3;-23,44146479;-51,42277479;"SPRF-PR";"DEL07-PR";"UOP03-DEL07-PR"
493967;2022-12-20;"terça-feira";"09:30:00";"PR";116;110,4;"CURITIBA";"Condutor deixou de manter distância do veículo da frente";"Colisão traseira";"Sem Vítimas";"Pleno dia";"Crescente";"Chuva";"Dupla";"Curva";"Sim";5;0;0;0;4;1;0;3;-25,561835;-49,26079;"SPRF-PR";"DEL01-PR";"UOP07-DEL01-PR"
493968;2022-12-20;"terça-feira";"10:10:00";"MS";463;110;"PONTA PORA";"Acessar a via sem observar a presença dos outros veículos";"Colisão transversal";"Com Vítimas Feridas";"Pleno dia";"Crescente";"Céu Claro";"Dupla";"Interseção de Vias";"Sim";3;0;1;0;1;1;1;3;-22,57302287;-55,69391958;"SPRF-MS";"DEL04-MS";"UOP03-DEL04-MS"
493970;2022-12-20;"terça-feira";"09:20:00";"AL";316;268;"SATUBA";"Condutor usando celular";"Colisão frontal";"Com Vítimas Feridas";"Pleno dia";"Crescente";"Céu Claro";"Simples";"Curva";"Não";2;0;1;0;1;0;1;2;-9,58021969;-35,83876014;"SPRF-AL";"DEL02-AL";"UOP01-DEL02-AL"
493975;2022-12-15;"quinta-feira";"10:57:00";"GO";60;20;"ALEXANIA";"Reação tardia ou ineficiente do condutor";"Colisão traseira";"Com Vítimas Feridas";"Pleno dia";"Decrescente";"Chuva";"Dupla";"Reta";"Sim";6;0;2;0;4;0;2;2;-16,0963;-48,5202;"SPRF-DF";"DEL03-DF";"UOP01-DEL03-DF"
493976;2022-12-20;"terça-feira";"12:20:00";"MG";381;926;"ITAPEVA";"Ausência de reação do condutor";"Colisão traseira";"Com Vítimas Feridas";"Pleno dia";"Crescente";"Chuva";"Dupla";"Curva;Declive";"Não";4;0;1;0;2;1;1;3;-22,78570092;-46,24148628;"SPRF-MG";"DEL16-MG";"UOP03-DEL16-MG"
493983;2022-12-20;"terça-feira";"08:44:00";"TO";226;49;"DARCINOPOLIS";"Demais falhas mecânicas ou elétricas";"Incêndio";"Sem Vítimas";"Pleno dia";"Crescente";"Nublado";"Simples";"Declive";"Não";2;0;0;0;1;1;0;2;-6,783306;-47,798363;"SPRF-TO";"DEL02-TO";"UOP03-DEL02-TO"
493984;2022-12-20;"terça-feira";"07:40:00";"MG";262;657;"IBIA";"Ultrapassagem Indevida";"Colisão frontal";"Com Vítimas Feridas";"Pleno dia";"Crescente";"Chuva";"Simples";"Reta";"Não";2;0;1;0;1;0;1;2;-19,57971323;-46,7094972;"SPRF-MG";"DEL08-MG";"UOP01-DEL08-MG"
493995;2022-12-20;"terça-feira";"14:10:00";"PI";316;1,2;"TERESINA";"Pista em desnível";"Colisão lateral mesmo sentido";"Sem Vítimas";"Pleno dia";"Decrescente";"Sol";"Dupla";"Rotatória";"Sim";2;0;0;0;2;0;0;2;-5,12861853;-42,80706778;"SPRF-PI";"DEL01-PI";"UOP02-DEL01-PI"