"id";"data_inversa";"dia_semana";"horario";"uf";"br";"km";"municipio";"causa_acidente";"tipo_acidente";"classificacao_acidente";"fase_dia";"sentido_via";"condicao_metereologica";"tipo_pista";"tracado_via";"uso_solo";"pessoas";"mortos";"feridos_leves";"feridos_graves";"ilesos";"ignorados";"feridos";"veiculos";"latitude";"longitude";"regional";"delegacia";"uop"
493996;2022-12-20;"terça-feira";"12:35:00";"SC";282;636,9;"DESCANSO";"Condutor Dormindo";"Colisão lateral sentido oposto";"Com Vítimas Feridas";"Pleno dia";"Decrescente";"Sol";"Simples";"Reta;Declive";"Não";5;0;2;0;2;1;2;3;-26,806304;-53,441074;"SPRF-SC";"DEL07-SC";"UOP03-DEL07-SC"
493997;2022-12-20;"terça-feira";"11:40:00";"RS";293;164;"HULHA NEGRA";"Manobra de mudança de faixa";"Colisão lateral mesmo sentido";"Com Vítimas Feridas";"Pleno dia";"Decrescente";"Céu Claro";"Simples";"Reta";"Não";4;0;1;0;1;3;1;5;-31,37744358;-53,90995769;"SPRF-RS";"DEL11-RS";"UOP03-DEL11-RS"
493999;2022-12-20;"terça-feira";"13:20:00";"SP";116;125,1;"CACAPAVA";"Acessar a via sem observar a presença dos outros veículos";"Colisão lateral mesmo sentido";"Com Vítimas Feridas";"Pleno dia";"Crescente";"Nublado";"Dupla";"Reta";"Não";5;0;3;0;2;0;3;3;-23,09872598;-45,68608201;"SPRF-SP";"DEL02-SP";"UOP02-DEL02-SP"
494000;2022-12-20;"terça-feira";"07:42:00";"BA";101;707,8;"EUNAPOLIS";"Transitar na contramão";"Colisão frontal";"Com Vítimas Fatais";"Pleno dia";"Decrescente";"Céu Claro";"Simples";"Reta";"Não";5;1;2;0;0;2;2;4;-16,302472;-39,594461;"SPRF-BA";"DEL09-BA";"UOP01-DEL09-BA"
494001;2022-12-20;"terça-feira";"15:00:00";"BA";324;605,9;"SIMOES FILHO";"Reação tardia ou ineficiente do condutor";"Capotamento";"Sem Vítimas";"Pleno dia";"Crescente";"Sol";"Dupla";"Reta";"Não";1;0;0;0;1;0;0;1;-12,78605114;-38,40972508;"SPRF-BA";"DEL01-BA";"UOP01-DEL01-BA"
494003;2022-12-20;"terça-feira";"14:30:00";"RS";116;235;"NOVO HAMBURGO";"Manobra de mudança de faixa";"Colisão lateral mesmo sentido";"Com Vítimas Feridas";"Pleno dia";"Decrescente";"Céu Claro";"Dupla";"Reta;Interseção de Vias";"Sim";5;0;1;0;3;1;1;3;-29,66037586;-51,14386509;"SPRF-RS";"DEL01-RS";"UOP02-DEL01-RS"
494005;2022-12-20;"terça-feira";"08:40:00";"PR";277;588,5;"CASCAVEL";"Reação tardia ou ineficiente do condutor";"Colisão traseira";"Sem Vítimas";"Pleno dia";"Decrescente";"Céu Claro";"Simples";"Declive;Reta";"Não";8;0;0;0;8;0;0;3;-24,97369293;-53,43816604;"SPRF-PR";"DEL04-PR";"UOP01-DEL04-PR"
494007;2022-12-20;"terça-feira";"15:00:00";"PR";277;29;"MORRETES";"Acessar a via sem observar a presença dos outros veículos";"Saída de leito carroçável";"Com Vítimas Feridas";"Pleno dia";"Crescente";"Garoa/Chuvisco";"Dupla";"Reta";"Sim";6;0;1;0;4;1;1;3;-25,52874613;-48,73512603;"SPRF-PR";"DEL01-PR";"UOP05-DEL01-PR"
494008;2022-12-20;"terça-feira";"10:12:00";"AL";101;182,2;"JUNQUEIRO";"Reação tardia ou ineficiente do condutor";"Tombamento";"Com Vítimas Feridas";"Pleno dia";"Crescente";"Sol";"Dupla";"Aclive;Reta";"Não";2;0;1;0;0;1;1;2;-9,8991741;-36,42042097;"SPRF-AL";"DEL02-AL";"UOP02-DEL02-AL"
494015;2022-12-20;"terça-feira";"14:00:00";"MG";381;869;"POUSO ALEGRE";"Reação tardia ou ineficiente do condutor";"Colisão frontal";"Com Vítimas Feridas";"Pleno dia";"Decrescente";"Nublado";"Simples";"Reta";"Não";2;0;1;0;1;0;1;2;-22,38018534;-45,9441648;"SPRF-MG";"DEL16-MG";"UOP01-DEL16-MG"
494018;2022-12-20;"terça-feira";"13:30:00";"PR";376;488;"PONTA GROSSA";"Reação tardia ou ineficiente do condutor";"Colisão traseira";"Com Vítimas Feridas";"Pleno dia";"Crescente";"Céu Claro";"Dupla";"Reta";"Sim";2;0;0;1;1;0;1;2;-25,13510082;-50,16497282;"SPRF-PR";"DEL03-PR";"UOP04-DEL03-PR"
494021;2022-12-20;"terça-feira";"05:30:00";"MT";163;995;"TERRA NOVA DO NORTE";"Ultrapassagem Indevida";"Saída de leito carroçável";"Com Vítimas Feridas";"Amanhecer";"Decrescente";"Chuva";"Simples";"Reta;Declive";"Não";2;0;0;1;0;3;1;4;-10,65228007;-55,13016961;"SPRF-MT";"DEL06-MT";"UOP03-DEL06-MT"
494022;2022-12-20;"terça-feira";"15:20:00";"MG";459;74,9;"SENADOR JOSE BENTO";"Velocidade Incompatível";"Colisão traseira";"Com Vítimas Feridas";"Pleno dia";"Crescente";"Chuva";"Simples";"Reta";"Não";4;0;0;2;1;1;2;3;-22,151255;-46,126593;"SPRF-MG";"DEL09-MG";"UOP01-DEL09-MG"
494023;2022-12-20;"terça-feira";"15:35:00";"PE";232;189,1;"SANHARO";"Ultrapassagem Indevida";"Colisão frontal";"Com Vítimas Fatais";"Pleno dia";"Crescente";"Céu Claro";"Simples";"Reta";"Não";14;2;10;1;1;0;11;5;-8,35542691;-36,50966301;"SPRF-PE";"DEL03-PE";"UOP02-DEL03-PE"
494040;2022-12-20;"terça-feira";"16:15:00";"PB";230;18,9;"JOAO PESSOA";"Ausência de reação do condutor";"Engavetamento";"Sem Vítimas";"Pleno dia";"Crescente";"Sol";"Múltipla";"Curva";"Sim";3;0;0;0;2;1;0;3;-7,1281;-34,8466;"SPRF-PB";"DEL01-PB";"UOP01-DEL01-PB"
494052;2022-12-20;"terça-feira";"17:20:00";"MG";381;435;"SABARA";"Velocidade Incompatível";"Colisão traseira";"Com Vítimas Feridas";"Anoitecer";"Decrescente";"Chuva";"Simples";"Aclive;Curva";"Sim";4;0;1;0;2;1;1;3;-19,80010099;-43,75771301;"SPRF-MG";"DEL01-MG";"UOP01-DEL01-MG"
494065;2022-12-20;"terça-feira";"06:30:00";"SP";116;421;"JUQUIA";"Ausência de reação do condutor";"Saída de leito carroçável";"Com Vítimas Feridas";"Pleno dia";"Decrescente";"Nublado";"Dupla";"Reta";"Não";2;0;1;0;0;1;1;2;-24,35890388;-47,68686533;"SPRF-SP";"DEL05-SP";"UOP01-DEL05-SP"
494066;2022-12-20;"terça-feira";"19:15:00";"SC";101;219;"PALHOCA";"Chuva";"Colisão lateral mesmo sentido";"Com Vítimas Feridas";"Plena Noite";"Crescente";"Chuva";"Dupla";"Reta";"Não";2;0;1;0;1;0;1;2;-27,68392194;-48,66710085;"SPRF-SC";"DEL01-SC";"UOP02-DEL01-SC"
494071;2022-12-19;"segunda-feira";"23:00:00";"MG";381;567,5;"ITAGUARA";"Condutor Dormindo";"Saída de leito carroçável";"Com Vítimas Feridas";"Plena Noite";"Decrescente";"Chuva";"Dupla";"Reta";"Não";2;0;1;0;0;1;1;2;-20,42174833;-44,53677185;"SPRF-MG";"DEL04-MG";"UOP03-DEL04-MG"
494078;2022-12-20;"terça-feira";"20:00:00";"SC";101;120;"ITAJAI";"Trafegar com motocicleta (ou similar) entre as faixas";"Colisão lateral mesmo sentido";"Com Vítimas Fatais";"Plena Noite";"Decrescente";"Garoa/Chuvisco";"Dupla";"Reta";"Não";3;1;0;0;1;2;0;4;-26,919075;-48,709216;"SPRF-SC";"DEL04-SC";"UOP04-DEL04-SC"
494086;2022-12-20;"terça-feira";"17:30:00";"SC";282;57,8;"RANCHO QUEIMADO";"Condutor Dormindo";"Colisão frontal";"Com Vítimas Feridas";"Pleno dia";"Decrescente";"Chuva";"Simples";"Curva";"Não";4;0;0;1;1;4;1;6;-27,688864;-48,998455;"SPRF-SC";"DEL01-SC";"UOP03-DEL01-SC"
494087;2022-12-20;"terça-feira";"08:16:00";"SP";116;546;"BARRA DO TURVO";"Carga excessiva e/ou mal acondicionada";"Engavetamento";"Com Vítimas Feridas";"Amanhecer";"Crescente";"Garoa/Chuvisco";"Múltipla";"Curva";"Não";12;0;2;0;9;7;2;15;-24,9470862;-48,43042095;"SPRF-SP";"DEL05-SP";"UOP02-DEL05-SP"
494088;2022-12-20;"terça-feira";"10:40:00";"SC";282;254;"SAO JOSE DO CERRITO";"Acessar a via sem observar a presença dos outros veículos";"Colisão transversal";"Com Vítimas Feridas";"Pleno dia";"Crescente";"Céu Claro";"Simples";"Rotatória";"Não";5;0;3;0;2;0;3;2;-27,67416002;-50,57420969;"SPRF-SC";"DEL05-SC";"UOP02-DEL05-SC"
494097;2022-12-20;"terça-feira";"20:30:00";"RS";392;322;"SAO SEPE";"Ingestão de álcool pelo condutor";"Colisão lateral mesmo sentido";"Sem Vítimas";"Plena Noite";"Decrescente";"Céu Claro";"Simples";"Reta";"Não";3;0;0;0;1;3;0;4;-29,96721008;-53,69170915;"SPRF-RS";"DEL09-RS";"UOP01-DEL09-RS"
494098;2022-12-20;"terça-feira";"16:00:00";"MT";70;207;"GENERAL CARNEIRO";"Falta de acostamento";"Saída de leito carroçável";"Com Vítimas Feridas";"Pleno dia";"Decrescente";"Ignorado";"Simples";"Curva";"Não";2;0;1;0;0;1;1;2;-15,74291483;-53,78853498;"SPRF-MT";"DEL05-MT";"UOP01-DEL05-MT"
494099;2022-12-20;"terça-feira";"21:50:00";"PR";376;291,7;"MAUA DA SERRA";"Ausência de reação do condutor";"Tombamento";"Com Vítimas Feridas";"Plena Noite";"Decrescente";"Vento";"Dupla";"Declive;Curva";"Sim";2;0;1;0;0;1;1;2;-23,90325901;-51,2240231;"SPRF-PR";"DEL07-PR";"UOP02-DEL07-PR"
494108;2022-12-20;"terça-feira";"14:00:00";"SC";282;252;"SAO JOSE DO CERRITO";"Ausência de reação do condutor";"Colisão lateral sentido oposto";"Com Vítimas Feridas";"Pleno dia";"Decrescente";"Céu Claro";"Simples";"Declive";"Não";2;0;1;0;1;0;1;2;-27,691267;-50,561481;"SPRF-SC";"DEL05-SC";"UOP02-DEL05-SC"
494109;2022-12-20;"terça-feira";"15:56:00";"MT";163;609;"NOVA MUTUM";"Ultrapassagem Indevida";"Colisão frontal";"Com Vítimas Feridas";"Pleno dia";"Decrescente";"Garoa/Chuvisco";"Simples";"Reta";"Não";3;0;2;0;0;3;2;5;-13,723536;-56,045587;"SPRF-MT";"DEL01-MT";"UOP01-DEL01-MT"
494110;2022-12-20;"terça-feira";"17:20:00";"RO";364;874;"PORTO VELHO";"Reação tardia ou ineficiente do condutor";"Colisão traseira";"Com Vítimas Feridas";"Anoitecer";"Crescente";"Chuva";"Simples";"Reta";"Não";2;0;0;1;0;1;1;2;-9,60689377;-64,91258315;"SPRF-RO";"DEL01-RO";"UOP02-DEL01-RO"
494117;2022-12-20;"terça-feira";"16:30:00";"PA";163;913,4;"BELTERRA";"Condutor deixou de manter distância do veículo da frente";"Colisão traseira";"Com Vítimas Feridas";"Pleno dia";"Crescente";"Céu Claro";"Simples";"Reta";"Não";3;0;1;0;2;0;1;2;-3,146361;-54,943219;"SPRF-PA";"DEL05-PA";"UOP01-DEL05-PA"
494119;2022-12-21;"quarta-feira";"00:01:00";"MS";262;134;"AGUA CLARA";"Ausência de reação do condutor";"Colisão traseira";"Com Vítimas Feridas";"Plena Noite";"Crescente";"Céu Claro";"Simples";"Reta";"Não";3;0;1;0;1;1;1;3;-20,48177826;-52,80499506;"SPRF-MS";"DEL07-MS";"UOP02-DEL07-MS"
494123;2022-12-20;"terça-feira";"22:30:00";"MG";116;191;"CARAI";"Pedestre andava na pista";"Atropelamento de Pedestre";"Com Vítimas Fatais";"Plena Noite";"Decrescente";"Garoa/Chuvisco";"Simples";"Reta";"Não";2;1;0;0;0;1;0;2;-17,174628;-41,496306;"SPRF-MG";"DEL11-MG";"UOP01-DEL11-MG"
494124;2022-12-21;"quarta-feira";"02:30:00";"ES";262;94;"DOMINGOS MARTINS";"Demais Fenômenos da natureza";"Colisão com objeto";"Com Vítimas Feridas";"Plena Noite";"Crescente";"Chuva";"Simples";"Reta";"Não";2;0;0;1;1;0;1;2;-20,37386581;-41,05851884;"SPRF-ES";"DEL01-ES";"UOP02-DEL01-ES"
494127;2022-12-21;"quarta-feira";"03:25:00";"RS";290;110;"ELDORADO DO SUL";"Animais na Pista";"Atropelamento de Animal";"Com Vítimas Feridas";"Plena Noite";"Crescente";"Céu Claro";"Dupla";"Reta";"Não";4;0;2;0;2;0;2;1;-30,023552;-51,321091;"SPRF-RS";"DEL02-RS";"UOP01-DEL02-RS"
494129;2022-12-21;"quarta-feira";"00:10:00";"MG";381;908;"CAMBUI";"Velocidade Incompatível";"Tombamento";"Com Vítimas Feridas";"Plena Noite";"Decrescente";"Nublado";"Dupla";"Declive;Curva";"Não";2;0;1;0;0;1;1;2;-22,68016178;-46,1006797;"SPRF-MG";"DEL16-MG";"UOP03-DEL16-MG"
494133;2022-12-21;"quarta-feira";"04:50:00";"SP";116;69,6;"APARECIDA";"Velocidade Incompatível";"Tombamento";"Com Vítimas Feridas";"Amanhecer";"Decrescente";"Nublado";"Dupla";"Curva;Viaduto;Declive";"Não";3;0;0;1;1;1;1;3;-22,84017188;-45,22364349;"SPRF-SP";"DEL08-SP";"UOP01-DEL08-SP"
494134;2022-12-10;"sábado";"20:20:00";"MS";262;241;"RIBAS DO RIO PARDO";"Ingestão de álcool pelo condutor";"Colisão frontal";"Com Vítimas Feridas";"Pleno dia";"Crescente";"Céu Claro";"Simples";"Interseção de Vias";"Sim";3;0;1;0;1;1;1;3;-20,458027;-53,759551;"SPRF-MS";"DEL01-MS";"UOP01-DEL01-MS"
494136;2022-12-20;"terça-feira";"07:26:00";"TO";153;167,1;"ARAGUAINA";"Condutor deixou de manter distância do veículo da frente";"Colisão traseira";"Com Vítimas Feridas";"Pleno dia";"Decrescente";"Céu Claro";"Simples";"Reta";"Não";3;0;1;0;1;2;1;4;-7,37051795;-48,34467406;"SPRF-TO";"DEL02-TO";"UOP01-DEL02-TO"
494142;2022-12-21;"quarta-feira";"05:30:00";"RJ";116;262;"PINHEIRAL";"Reação tardia ou ineficiente do condutor";"Colisão traseira";"Com Vítimas Feridas";"Amanhecer";"Decrescente";"Nublado";"Dupla";"Reta";"Não";3;0;0;1;1;1;1;3;-22,5876092;-44,05945791;"SPRF-RJ";"DEL07-RJ";"UOP02-DEL07-RJ"
494143;2022-12-20;"terça-feira";"14:30:00";"RJ";40;94;"DUQUE DE CAXIAS";"Demais falhas mecânicas ou elétricas";"Engavetamento";"Com Vítimas Feridas";"Pleno dia";"Crescente";"Nublado";"Simples";"Reta;Declive";"Não";16;0;5;0;10;1;5;14;-22,55763285;-43,26574352;"SPRF-RJ";"DEL01-RJ";"UOP01-DEL01-RJ"
494149;2022-12-21;"quarta-feira";"04:40:00";"PR";476;345,2;"PAULA FREITAS";"Condutor Dormindo";"Tombamento";"Sem Vítimas";"Amanhecer";"Decrescente";"Nublado";"Simples";"Curva";"Não";3;0;0;0;2;1;0;3;-26,179943;-50,934467;"SPRF-PR";"DEL02-PR";"UOP03-DEL02-PR"
494150;2022-12-21;"quarta-feira";"07:00:00";"MG";381;705;"LAVRAS";"Condutor Dormindo";"Saída de leito carroçável";"Com Vítimas Feridas";"Pleno dia";"Decrescente";"Nublado";"Dupla";"Curva";"Não";1;0;1;0;0;0;1;1;-21,34965018;-45,17946289;"SPRF-MG";"DEL04-MG";"UOP02-DEL04-MG"
494151;2022-12-19;"segunda-feira";"15:45:00";"SC";280;110,4;"SAO BENTO DO SUL";"Ausência de reação do condutor";"Tombamento";"Com Vítimas Feridas";"Pleno dia";"Crescente";"Garoa/Chuvisco";"Simples";"Curva";"Não";2;0;1;0;0;1;1;2;-26,32140672;-49,38932175;"SPRF-SC";"DEL06-SC";"UOP03-DEL06-SC"
494154;2022-12-21;"quarta-feira";"04:30:00";"GO";50;105,3;"CRISTALINA";"Condutor Dormindo";"Saída de leito carroçável";"Com Vítimas Feridas";"Amanhecer";"Crescente";"Garoa/Chuvisco";"Dupla";"Retorno Regulamentado";"Não";2;0;0;1;0;1;1;2;-16,81611273;-47,66963666;"SPRF-DF";"DEL01-DF";"UOP02-DEL01-DF"
494158;2022-12-20;"terça-feira";"18:30:00";"PR";376;490;"PONTA GROSSA";"Ausência de reação do condutor";"Colisão traseira";"Sem Vítimas";"Anoitecer";"Crescente";"Céu Claro";"Dupla";"Reta";"Sim";5;0;0;0;4;5;0;9;-25,14692309;-50,15072006;"SPRF-PR";"DEL03-PR";"UOP04-DEL03-PR"
494159;2022-12-21;"quarta-feira";"07:00:00";"MS";163;503,7;"CAMPO GRANDE";"Transitar na contramão";"Colisão frontal";"Com Vítimas Fatais";"Pleno dia";"Crescente";"Céu Claro";"Dupla";"Reta";"Não";3;1;0;0;1;1;0;3;-20,31813699;-54,51434503;"SPRF-MS";"DEL01-MS";"UOP02-DEL01-MS"
494176;2022-12-21;"quarta-feira";"08:00:00";"RJ";101;177;"MACAE";"Reação tardia ou ineficiente do condutor";"Tombamento";"Com Vítimas Feridas";"Pleno dia";"Crescente";"Nublado";"Simples";"Reta";"Não";2;0;1;0;1;0;1;1;-22,38696304;-41,98541396;"SPRF-RJ";"DEL08-RJ";"UOP04-DEL08-RJ"
494183;2022-12-21;"quarta-feira";"09:55:00";"SP";116;323;"JUQUITIBA";"Condutor Dormindo";"Colisão com objeto";"Com Vítimas Feridas";"Pleno dia";"Decrescente";"Céu Claro";"Dupla";"Reta";"Sim";4;0;1;1;1;1;2;3;-23,93663197;-47,03568002;"SPRF-SP";"DEL04-SP";"UOP03-DEL04-SP"
494185;2022-12-21;"quarta-feira";"05:00:00";"MS";158;284,8;"TRES LAGOAS";"Reação tardia ou ineficiente do condutor";"Saída de leito carroçável";"Com Vítimas Feridas";"Pleno dia";"Decrescente";"Céu Claro";"Simples";"Reta";"Não";2;0;1;0;0;1;1;2;-20,86906298;-51,74671504;"SPRF-MS";"DEL07-MS";"UOP01-DEL07-MS"
494186;2022-12-21;"quarta-feira";"09:25:00";"GO";20;59;"FORMOSA";"Reação tardia ou ineficiente do condutor";"Colisão traseira";"Com Vítimas Feridas";"Pleno dia";"Decrescente";"Chuva";"Simples";"Declive;Reta";"Não";2;0;1;0;1;0;1;2;-15,25577;-47,165115;"SPRF-DF";"DEL02-DF";"UOP02-DEL02-DF"
494188;2022-12-21;"quarta-feira";"09:20:00";"SC";101;114;"ITAJAI";"Transitar na contramão";"Colisão transversal";"Com Vítimas Feridas";"Pleno dia";"Crescente";"Nublado";"Dupla";"Reta";"Sim";2;0;1;0;1;0;1;2;-26,86192886;-48,7286704;"SPRF-SC";"DEL04-SC";"UOP04-DEL04-SC"
494193;2022-12-21;"quarta-feira";"09:30:00";"PR";116;114;"CURITIBA";"Reação tardia ou ineficiente do condutor";"Colisão lateral mesmo sentido";"Sem Vítimas";"Pleno dia";"Crescente";"Nublado";"Dupla";"Reta";"Sim";2;0;0;0;1;1;0;2;-25,54528441;-49,29791685;"SPRF-PR";"DEL01-PR";"UOP07-DEL01-PR"
494194;2022-12-20;"terça-feira";"19:40:00";"MG";381;412,9;"NOVA UNIAO";"Velocidade Incompatível";"Saída de leito carroçável";"Sem Vítimas";"Plena Noite";"Decrescente";"Chuva";"Dupla";"Declive;Curva";"Não";1;0;0;0;1;0;0;1;-19,7241372;-43,5743621;"SPRF-MG";"DEL01-MG";"UOP01-DEL01-MG"
494195;2022-12-21;"quarta-feira";"10:20:00";"AL";423;7,4;"OURO BRANCO";"Acessar a via sem observar a presença dos outros veículos";"Colisão transversal";"Com Vítimas Fatais";"Pleno dia";"Crescente";"Céu Claro";"Simples";"Reta";"Não";6;1;0;1;3;1;1;5;-9,14088261;-37,35354077;"SPRF-AL";"DEL03-AL";"UOP02-DEL03-AL"
494201;2022-12-21;"quarta-feira";"10:00:00";"RO";319;62;"PORTO VELHO";"Trafegar com motocicleta (ou similar) entre as faixas";"Colisão lateral mesmo sentido";"Com Vítimas Feridas";"Pleno dia";"Crescente";"Nublado";"Múltipla";"Interseção de Vias";"Sim";3;0;2;0;1;0;2;2;-8,74949275;-63,8882339;"SPRF-RO";"DEL01-RO";"UOP01-DEL01-RO"
494208;2022-12-21;"quarta-feira";"11:20:00";"SC";101;122;"ITAJAI";"Demais falhas mecânicas ou elétricas";"Saída de leito carroçável";"Sem Vítimas";"Pleno dia";"Crescente";"Garoa/Chuvisco";"Dupla";"Reta";"Sim";2;0;0;0;1;1;0;2;-26,92955916;-48,70499836;"SPRF-SC";"DEL04-SC";"UOP04-DEL04-SC"
494209;2022-12-21;"quarta-feira";"09:00:00";"SC";101;29;"JOINVILLE";"Condutor deixou de manter distância do veículo da frente";"Colisão com objeto";"Com Vítimas Feridas";"Pleno dia";"Decrescente";"Nublado";"Dupla";"Reta";"Não";1;0;1;0;0;0;1;1;-26,211903;-48,91589904;"SPRF-SC";"DEL03-SC";"UOP01-DEL03-SC"
494214;2022-12-21;"quarta-feira";"11:30:00";"SC";101;282;"IMBITUBA";"Transitar na contramão";"Colisão traseira";"Com Vítimas Feridas";"Pleno dia";"Crescente";"Nublado";"Dupla";"Reta";"Não";4;0;1;0;2;1;1;4;-28,2130449;-48,6999464;"SPRF-SC";"DEL02-SC";"UOP03-DEL02-SC"
494215;2022-12-21;"quarta-feira";"11:05:00";"RJ";101;483;"ANGRA DOS REIS";"Reação tardia ou ineficiente do condutor";"Colisão lateral sentido oposto";"Sem Vítimas";"Pleno dia";"Crescente";"Chuva";"Simples";"Curva";"Sim";3;0;0;0;2;1;0;3;-22,99719001;-44,30136205;"SPRF-RJ";"DEL03-RJ";"UOP03-DEL03-RJ"
494219;2022-12-20;"terça-feira";"09:30:00";"MG";40;463;"SETE LAGOAS";"Pista Escorregadia";"Colisão lateral mesmo sentido";"Com Vítimas Feridas";"Pleno dia";"Crescente";"Chuva";"Dupla";"Reta;Declive";"Não";3;0;1;0;1;3;1;5;-19,42224803;-44,33870213;"SPRF-MG";"DEL02-MG";"UOP01-DEL02-MG"
494220;2022-12-21;"quarta-feira";"12:00:00";"SC";470;49,5;"BLUMENAU";"Velocidade Incompatível";"Colisão com objeto";"Sem Vítimas";"Pleno dia";"Crescente";"Nublado";"Dupla";"Curva";"Sim";1;0;0;0;1;0;0;1;-26,860662;-49,065159;"SPRF-SC";"DEL04-SC";"UOP01-DEL04-SC"
494222;2022-12-21;"quarta-feira";"07:45:00";"SC";153;105,4;"CONCORDIA";"Carga excessiva e/ou mal acondicionada";"Derramamento de carga";"Sem Vítimas";"Pleno dia";"Decrescente";"Sol";"Simples";"Curva";"Não";2;0;0;0;1;1;0;2;-27,2819;-51,969429;"SPRF-SC";"DEL07-SC";"UOP04-DEL07-SC"
494225;2022-12-21;"quarta-feira";"13:00:00";"MG";381;483;"BETIM";"Mal súbito do condutor";"Colisão lateral mesmo sentido";"Com Vítimas Feridas";"Pleno dia";"Decrescente";"Nublado";"Dupla";"Aclive";"Sim";3;0;1;0;1;1;1;3;-19,95594491;-44,10721699;"SPRF-MG";"DEL01-MG";"UOP03-DEL01-MG"
494227;2022-12-21;"quarta-feira";"12:00:00";"MT";163;114;"RONDONOPOLIS";"Retorno proibido";"Colisão traseira";"Com Vítimas Feridas";"Pleno dia";"Crescente";"Sol";"Dupla";"Reta";"Não";3;0;1;0;1;2;1;4;-16,54595325;-54,67086252;"SPRF-MT";"DEL02-MT";"UOP01-DEL02-MT"
494229;2022-12-21;"quarta-feira";"13:42:00";"RS";386;333;"MARQUES DE SOUZA";"Velocidade Incompatível";"Tombamento";"Com Vítimas Feridas";"Pleno dia";"Decrescente";"Céu Claro";"Simples";"Declive;Curva";"Não";2;0;1;0;0;1;1;2;-29,371275;-52,062;"SPRF-RS";"DEL04-RS";"UOP01-DEL04-RS"
494231;2022-12-21;"quarta-feira";"12:00:00";"BA";116;777,9;"PLANALTO";"Ausência de reação do condutor";"Queda de ocupante de veículo";"Com Vítimas Feridas";"Pleno dia";"Crescente";"Nublado";"Simples";"Reta";"Sim";4;0;0;1;1;2;1;4;-14,607391;-40,44086601;"SPRF-BA";"DEL08-BA";"UOP02-DEL08-BA"
494236;2022-12-21;"quarta-feira";"08:40:00";"SC";101;49;"JOINVILLE";"Ultrapassagem Indevida";"Colisão lateral mesmo sentido";"Com Vítimas Feridas";"Pleno dia";"Crescente";"Nublado";"Múltipla";"Reta;Viaduto";"Não";3;0;1;0;1;1;1;3;-26,36479799;-48,85878798;"SPRF-SC";"DEL03-SC";"UOP01-DEL03-SC"
494237;2022-12-21;"quarta-feira";"10:00:00";"PR";476;49;"TUNAS DO PARANA";"Transitar na contramão";"Colisão frontal";"Com Vítimas Feridas";"Pleno dia";"Crescente";"Chuva";"Simples";"Curva";"Não";7;0;3;0;3;2;3;4;-24,929337;-49,097168;"SPRF-PR";"DEL01-PR";"UOP01-DEL01-PR"
494240;2022-12-21;"quarta-feira";"14:10:00";"RJ";116;241;"PIRAI";"Acumulo de água sobre o pavimento";"Colisão transversal";"Com Vítimas Feridas";"Pleno dia";"Crescente";"Chuva";"Dupla";"Curva";"Não";3;0;0;1;1;1;1;3;-22,64242197;-43,89766093;"SPRF-RJ";"DEL07-RJ";"UOP01-DEL07-RJ"
494245;2022-12-21;"quarta-feira";"13:40:00";"RS";116;344;"BARRA DO RIBEIRO";"Condutor Dormindo";"Colisão traseira";"Com Vítimas Fatais";"Pleno dia";"Crescente";"Céu Claro";"Dupla";"Curva";"Não";4;1;0;1;2;0;1;3;-30,49030601;-51,48990254;"SPRF-RS";"DEL02-RS";"UOP02-DEL02-RS"
494248;2022-12-21;"quarta-feira";"15:45:00";"CE";116;37;"HORIZONTE";"Ausência de reação do condutor";"Colisão traseira";"Com Vítimas Feridas";"Pleno dia";"Crescente";"Sol";"Dupla";"Reta;Aclive";"Não";2;0;1;0;1;0;1;2;-4,07126356;-38,50153327;"SPRF-CE";"DEL01-CE";"UOP02-DEL01-CE"
494249;2022-12-21;"quarta-feira";"14:45:00";"BA";101;158,2;"CONCEICAO DO JACUIPE";"Reação tardia ou ineficiente do condutor";"Colisão traseira";"Com Vítimas Feridas";"Pleno dia";"Decrescente";"Céu Claro";"Dupla";"Aclive;Reta;Retorno Regulamentado";"Não";3;0;1;0;0;2;1;3;-12,38833956;-38,73146603;"SPRF-BA";"DEL01-BA";"UOP03-DEL01-BA"
494252;2022-12-17;"sábado";"12:00:00";"MG";365;658;"UBERLANDIA";"Velocidade Incompatível";"Colisão traseira";"Sem Vítimas";"Pleno dia";"Decrescente";"Céu Claro";"Dupla";"Reta";"Não";3;0;0;0;2;1;0;3;-18,88840325;-48,62283397;"SPRF-MG";"DEL15-MG";"UOP01-DEL15-MG"
494255;2022-12-21;"quarta-feira";"16:00:00";"PA";316;21;"BENEVIDES";"Reação tardia ou ineficiente do condutor";"Colisão lateral mesmo sentido";"Com Vítimas Feridas";"Pleno dia";"Crescente";"Céu Claro";"Dupla";"Reta";"Sim";2;0;0;1;1;0;1;2;-1,36097138;-48,26241527;"SPRF-PA";"DEL01-PA";"UOP01-DEL01-PA"
494263;2022-12-21;"quarta-feira";"17:00:00";"MG";381;508;"SAO JOAQUIM DE BICAS";"Ausência de reação do condutor";"Colisão traseira";"Com Vítimas Feridas";"Pleno dia";"Decrescente";"Céu Claro";"Múltipla";"Reta";"Sim";4;0;1;0;2;2;1;5;-20,06277698;-44,29329002;"SPRF-MG";"DEL01-MG";"UOP03-DEL01-MG"
494265;2022-12-21;"quarta-feira";"15:30:00";"PE";232;449,5;"SAO JOSE DO BELMONTE";"Problema com o freio";"Saída de leito carroçável";"Sem Vítimas";"Pleno dia";"Decrescente";"Céu Claro";"Simples";"Reta";"Não";2;0;0;0;1;1;0;2;-7,98629482;-38,62748158;"SPRF-PE";"DEL04-PE";"UOP01-DEL04-PE"