"id";"data_inversa";"dia_semana";"horario";"uf";"br";"km";"municipio";"causa_acidente";"tipo_acidente";"classificacao_acidente";"fase_dia";"sentido_via";"condicao_metereologica";"tipo_pista";"tracado_via";"uso_solo";"pessoas";"mortos";"feridos_leves";"feridos_graves";"ilesos";"ignorados";"feridos";"veiculos";"latitude";"longitude";"regional";"delegacia";"uop"
494266;2022-12-21;"quarta-feira";"17:45:00";"RS";471;174,6;"RIO PARDO";"Acessar a via sem observar a presença dos outros veículos";"Colisão transversal";"Com Vítimas Feridas";"Pleno dia";"Decrescente";"Sol";"Dupla";"Rotatória";"Sim";2;0;1;0;1;0;1;2;-29,98664353;-52,36833394;"SPRF-RS";"DEL02-RS";"UOP03-DEL02-RS"
494269;2022-12-21;"quarta-feira";"18:23:00";"CE";222;244;"SOBRAL";"Condutor deixou de manter distância do veículo da frente";"Colisão traseira";"Com Vítimas Feridas";"Plena Noite";"Crescente";"Nublado";"Simples";"Reta";"Não";7;0;1;0;5;1;1;4;-3,74916207;-40,50785595;"SPRF-CE";"DEL04-CE";"UOP01-DEL04-CE"
494275;2022-12-21;"quarta-feira";"17:30:00";"PR";116;42;"CAMPINA GRANDE DO SUL";"Pista Escorregadia";"Colisão lateral mesmo sentido";"Com Vítimas Feridas";"Anoitecer";"Crescente";"Chuva";"Dupla";"Reta";"Não";5;0;1;0;3;1;1;3;-25,17611697;-48,874256;"SPRF-PR";"DEL01-PR";"UOP02-DEL01-PR"
494278;2022-12-21;"quarta-feira";"15:05:00";"SE";235;18,3;"LARANJEIRAS";"Ausência de reação do condutor";"Colisão traseira";"Com Vítimas Feridas";"Pleno dia";"Decrescente";"Céu Claro";"Simples";"Reta;Em Obras";"Não";2;0;1;0;1;0;1;2;-10,846077;-37,209404;"SPRF-SE";"DEL01-SE";"UOP02-DEL01-SE"
494280;2022-11-06;"domingo";"03:30:00";"MG";365;251,3;"JOAO PINHEIRO";"Ausência de reação do condutor";"Saída de leito carroçável";"Com Vítimas Fatais";"Plena Noite";"Crescente";"Céu Claro";"Simples";"Reta";"Não";2;1;0;0;0;1;0;2;-17,82889606;-45,45113681;"SPRF-MG";"DEL14-MG";"UOP02-DEL14-MG"
494282;2022-12-21;"quarta-feira";"15:00:00";"MG";116;209;"CATUJI";"Reação tardia ou ineficiente do condutor";"Tombamento";"Com Vítimas Feridas";"Pleno dia";"Crescente";"Chuva";"Simples";"Curva;Aclive";"Não";1;0;1;0;0;0;1;1;-17,31584103;-41,52356589;"SPRF-MG";"DEL11-MG";"UOP01-DEL11-MG"
494297;2022-12-21;"quarta-feira";"20:20:00";"RJ";101;71;"CAMPOS DOS GOYTACAZES";"Acessar a via sem observar a presença dos outros veículos";"Colisão transversal";"Com Vítimas Feridas";"Plena Noite";"Crescente";"Nublado";"Simples";"Reta";"Sim";5;0;3;0;1;1;3;3;-21,786567;-41,38279;"SPRF-RJ";"DEL08-RJ";"UOP02-DEL08-RJ"
494300;2022-12-21;"quarta-feira";"19:00:00";"SC";282;19;"PALHOCA";"Ausência de reação do condutor";"Engavetamento";"Com Vítimas Feridas";"Anoitecer";"Decrescente";"Garoa/Chuvisco";"Simples";"Reta";"Não";8;0;2;0;5;1;2;4;-27,67952823;-48,70316505;"SPRF-SC";"DEL01-SC";"UOP02-DEL01-SC"
494303;2022-12-21;"quarta-feira";"19:45:00";"RJ";493;19;"MAGE";"Condutor deixou de manter distância do veículo da frente";"Colisão traseira";"Sem Vítimas";"Plena Noite";"Decrescente";"Chuva";"Simples";"Reta";"Sim";2;0;0;0;2;0;0;2;-22,6663848;-43,02770248;"SPRF-RJ";"DEL04-RJ";"UOP02-DEL04-RJ"
494305;2022-12-21;"quarta-feira";"19:30:00";"SP";153;73;"SAO JOSE DO RIO PRETO";"Velocidade Incompatível";"Tombamento";"Com Vítimas Feridas";"Plena Noite";"Decrescente";"Céu Claro";"Dupla";"Retorno Regulamentado";"Não";4;0;1;0;2;1;1;2;-20,87627206;-49,42004692;"SPRF-SP";"DEL09-SP";"UOP01-DEL09-SP"
494307;2022-12-21;"quarta-feira";"07:20:00";"TO";153;360;"FORTALEZA DO TABOCAO";"Acessar a via sem observar a presença dos outros veículos";"Colisão transversal";"Com Vítimas Feridas";"Pleno dia";"Decrescente";"Céu Claro";"Simples";"Reta";"Sim";3;0;1;0;1;1;1;3;-9,06426723;-48,52025097;"SPRF-TO";"DEL02-TO";"UOP02-DEL02-TO"
494312;2022-12-21;"quarta-feira";"20:00:00";"MT";364;261;"JUSCIMEIRA";"Reação tardia ou ineficiente do condutor";"Colisão lateral mesmo sentido";"Com Vítimas Feridas";"Plena Noite";"Decrescente";"Nublado";"Dupla";"Aclive;Curva";"Não";5;0;2;0;1;3;2;4;-16,0304041;-54,88798365;"SPRF-MT";"DEL02-MT";"UOP01-DEL02-MT"
494317;2022-12-21;"quarta-feira";"20:20:00";"MG";40;459,9;"SETE LAGOAS";"Carga excessiva e/ou mal acondicionada";"Tombamento";"Com Vítimas Feridas";"Plena Noite";"Crescente";"Nublado";"Dupla";"Curva;Declive";"Não";1;0;1;0;0;0;1;1;-19,388919;-44,335457;"SPRF-MG";"DEL02-MG";"UOP01-DEL02-MG"
494322;2022-12-21;"quarta-feira";"14:50:00";"SC";101;75;"ARAQUARI";"Ingestão de álcool pelo condutor";"Colisão lateral mesmo sentido";"Sem Vítimas";"Pleno dia";"Decrescente";"Céu Claro";"Dupla";"Reta";"Não";3;0;0;0;2;3;0;5;-26,5519717;-48,71688324;"SPRF-SC";"DEL03-SC";"UOP02-DEL03-SC"
494325;2022-12-21;"quarta-feira";"20:30:00";"SC";282;361,5;"ERVAL VELHO";"Demais falhas mecânicas ou elétricas";"Incêndio";"Sem Vítimas";"Plena Noite";"Decrescente";"Céu Claro";"Simples";"Reta";"Não";2;0;0;0;2;0;0;1;-27,308971;-51,375222;"SPRF-SC";"DEL07-SC";"UOP05-DEL07-SC"
494327;2022-12-21;"quarta-feira";"22:10:00";"MG";381;744,5;"TRES CORACOES";"Objeto estático sobre o leito carroçável";"Colisão traseira";"Com Vítimas Feridas";"Plena Noite";"Crescente";"Nublado";"Dupla";"Curva";"Não";3;0;1;0;1;1;1;3;-21,63153073;-45,27650319;"SPRF-MG";"DEL16-MG";"UOP02-DEL16-MG"
494334;2022-12-21;"quarta-feira";"23:40:00";"SP";116;564;"BARRA DO TURVO";"Velocidade Incompatível";"Saída de leito carroçável";"Sem Vítimas";"Plena Noite";"Crescente";"Chuva";"Dupla";"Curva;Aclive";"Não";2;0;0;0;2;0;0;1;-25,03458919;-48,53543877;"SPRF-SP";"DEL05-SP";"UOP02-DEL05-SP"
494336;2022-12-21;"quarta-feira";"21:19:00";"PI";343;344;"TERESINA";"Ultrapassagem Indevida";"Colisão lateral mesmo sentido";"Com Vítimas Fatais";"Plena Noite";"Decrescente";"Céu Claro";"Simples";"Reta";"Sim";5;1;0;0;3;1;0;4;-5,094729;-42,762775;"SPRF-PI";"DEL01-PI";"UOP01-DEL01-PI"
494339;2022-12-18;"domingo";"18:55:00";"PA";163;573;"TRAIRAO";"Transitar na contramão";"Colisão frontal";"Sem Vítimas";"Plena Noite";"Crescente";"Nublado";"Simples";"Reta;Declive";"Não";3;0;0;0;1;3;0;4;-5,03449202;-56,18823605;"SPRF-PA";"DEL05-PA";"UOP01-DEL05-PA"
494342;2022-12-21;"quarta-feira";"23:20:00";"RO";364;46;"VILHENA";"Reação tardia ou ineficiente do condutor";"Colisão traseira";"Com Vítimas Feridas";"Plena Noite";"Decrescente";"Chuva";"Simples";"Reta";"Não";5;0;2;0;2;5;2;7;-12,58433298;-60,34423392;"SPRF-RO";"DEL04-RO";"UOP01-DEL04-RO"
494343;2022-12-22;"quinta-feira";"00:05:00";"MS";262;444;"DOIS IRMAOS DO BURITI";"Reação tardia ou ineficiente do condutor";"Colisão traseira";"Com Vítimas Feridas";"Plena Noite";"Decrescente";"Céu Claro";"Simples";"Rotatória";"Não";9;0;1;0;8;0;1;2;-20,52699281;-55,40120011;"SPRF-MS";"DEL03-MS";"UOP01-DEL03-MS"
494344;2022-12-22;"quinta-feira";"00:30:00";"SP";116;509;"CAJATI";"Reação tardia ou ineficiente do condutor";"Colisão com objeto";"Com Vítimas Feridas";"Plena Noite";"Decrescente";"Garoa/Chuvisco";"Dupla";"Curva;Declive";"Não";2;0;1;0;0;1;1;2;-24,82178987;-48,21419034;"SPRF-SP";"DEL05-SP";"UOP02-DEL05-SP"
494351;2022-12-22;"quinta-feira";"01:40:00";"BA";101;752;"ITABELA";"Reação tardia ou ineficiente do condutor";"Colisão frontal";"Com Vítimas Fatais";"Plena Noite";"Crescente";"Céu Claro";"Simples";"Declive";"Não";5;1;1;1;1;1;2;3;-16,77596214;-39,47110569;"SPRF-BA";"DEL09-BA";"UOP01-DEL09-BA"
494352;2022-12-22;"quinta-feira";"03:50:00";"RJ";101;82;"CAMPOS DOS GOYTACAZES";"Condutor deixou de manter distância do veículo da frente";"Colisão traseira";"Com Vítimas Feridas";"Plena Noite";"Decrescente";"Garoa/Chuvisco";"Simples";"Aclive;Curva";"Não";3;0;2;0;1;0;2;2;-21,822381;-41,459216;"SPRF-RJ";"DEL08-RJ";"UOP02-DEL08-RJ"
494357;2022-12-22;"quinta-feira";"04:45:00";"SE";101;192,3;"CRISTINAPOLIS";"Condutor Dormindo";"Colisão traseira";"Com Vítimas Fatais";"Amanhecer";"Crescente";"Céu Claro";"Simples";"Reta";"Não";7;1;4;0;1;2;4;4;-11,4332193;-37,73032763;"SPRF-SE";"DEL02-SE";"UOP03-DEL02-SE"
494358;2022-12-22;"quinta-feira";"03:00:00";"BA";324;540;"AMELIA RODRIGUES";"Condutor deixou de manter distância do veículo da frente";"Colisão traseira";"Com Vítimas Feridas";"Plena Noite";"Crescente";"Céu Claro";"Dupla";"Reta;Declive";"Não";5;0;2;2;1;0;4;2;-12,38543536;-38,79238728;"SPRF-BA";"DEL01-BA";"UOP03-DEL01-BA"
494362;2022-12-22;"quinta-feira";"00:20:00";"MG";365;606;"UBERLANDIA";"Ingestão de álcool pelo condutor";"Saída de leito carroçável";"Sem Vítimas";"Plena Noite";"Crescente";"Céu Claro";"Simples";"Reta";"Não";1;0;0;0;1;0;0;1;-18,91688593;-48,17707923;"SPRF-MG";"DEL15-MG";"UOP01-DEL15-MG"
494363;2022-12-22;"quinta-feira";"01:00:00";"GO";452;20;"RIO VERDE";"Reação tardia ou ineficiente do condutor";"Saída de leito carroçável";"Sem Vítimas";"Plena Noite";"Crescente";"Nublado";"Dupla";"Curva;Declive";"Não";2;0;0;0;1;2;0;3;-17,8687406;-50,73337771;"SPRF-GO";"DEL04-GO";"UOP01-DEL04-GO"
494365;2022-12-22;"quinta-feira";"03:30:00";"PB";230;269;"SANTA LUZIA";"Animais na Pista";"Atropelamento de Animal";"Sem Vítimas";"Plena Noite";"Decrescente";"Céu Claro";"Simples";"Reta";"Não";3;0;0;0;3;0;0;1;-6,9674;-36,7726;"SPRF-PB";"DEL03-PB";"UOP01-DEL03-PB"
494366;2022-12-22;"quinta-feira";"06:00:00";"PA";316;58;"CASTANHAL";"Ausência de reação do condutor";"Saída de leito carroçável";"Com Vítimas Feridas";"Pleno dia";"Crescente";"Céu Claro";"Dupla";"Curva";"Não";4;0;2;0;0;2;2;3;-1,2998299;-47,97307488;"SPRF-PA";"DEL01-PA";"UOP01-DEL01-PA"
494371;2022-12-22;"quinta-feira";"06:40:00";"GO";50;158,5;"CAMPO ALEGRE DE GOIAS";"Condutor Dormindo";"Saída de leito carroçável";"Com Vítimas Feridas";"Amanhecer";"Crescente";"Céu Claro";"Dupla";"Reta";"Não";2;0;1;0;0;1;1;2;-17,2368;-47,7623;"SPRF-GO";"DEL06-GO";"UOP01-DEL06-GO"
494372;2022-12-22;"quinta-feira";"00:15:00";"MG";116;719,1;"MURIAE";"Velocidade Incompatível";"Tombamento";"Com Vítimas Feridas";"Plena Noite";"Decrescente";"Nublado";"Simples";"Curva";"Não";3;0;1;0;1;2;1;4;-21,22211535;-42,39405524;"SPRF-MG";"DEL07-MG";"UOP02-DEL07-MG"
494377;2022-12-02;"sexta-feira";"07:00:00";"PR";116;158,7;"MANDIRITUBA";"Reação tardia ou ineficiente do condutor";"Colisão traseira";"Com Vítimas Fatais";"Pleno dia";"Crescente";"Sol";"Simples";"Curva";"Não";3;1;0;0;1;1;0;3;-25,864668;-49,417153;"SPRF-PR";"DEL01-PR";"UOP03-DEL01-PR"
494378;2022-12-21;"quarta-feira";"22:55:00";"SP";116;88,8;"PINDAMONHANGABA";"Pedestre andava na pista";"Atropelamento de Pedestre";"Com Vítimas Fatais";"Plena Noite";"Crescente";"Garoa/Chuvisco";"Dupla";"Reta";"Não";2;1;0;0;0;1;0;2;-22,93500994;-45,37019403;"SPRF-SP";"DEL08-SP";"UOP01-DEL08-SP"
494390;2022-12-22;"quinta-feira";"08:07:00";"SC";101;214,6;"PALHOCA";"Condutor Dormindo";"Colisão traseira";"Com Vítimas Feridas";"Pleno dia";"Crescente";"Céu Claro";"Múltipla";"Reta";"Sim";3;0;1;0;1;3;1;5;-27,64443;-48,67057;"SPRF-SC";"DEL01-SC";"UOP02-DEL01-SC"
494391;2022-12-15;"quinta-feira";"16:45:00";"PE";232;405,9;"SERRA TALHADA";"Carga excessiva e/ou mal acondicionada";"Tombamento";"Com Vítimas Feridas";"Anoitecer";"Decrescente";"Céu Claro";"Simples";"Reta";"Não";2;0;2;0;0;0;2;1;-7,98758264;-38,26134682;"SPRF-PE";"DEL04-PE";"UOP01-DEL04-PE"
494399;2022-12-13;"terça-feira";"19:40:00";"GO";364;93;"CACHOEIRA ALTA";"Conversão proibida";"Colisão transversal";"Com Vítimas Feridas";"Plena Noite";"Decrescente";"Chuva";"Simples";"Reta";"Não";3;0;1;0;1;1;1;2;-18,49274273;-51,07440457;"SPRF-GO";"DEL05-GO";"UOP02-DEL05-GO"
494407;2022-12-22;"quinta-feira";"09:45:00";"SP";116;88,2;"PINDAMONHANGABA";"Reação tardia ou ineficiente do condutor";"Colisão traseira";"Sem Vítimas";"Pleno dia";"Decrescente";"Garoa/Chuvisco";"Dupla";"Reta";"Não";3;0;0;0;2;1;0;3;-22,93500994;-45,37019403;"SPRF-SP";"DEL08-SP";"UOP01-DEL08-SP"
494411;2022-12-22;"quinta-feira";"07:20:00";"MT";70;733;"CACERES";"Desrespeitar a preferência no cruzamento";"Colisão transversal";"Com Vítimas Feridas";"Pleno dia";"Decrescente";"Céu Claro";"Simples";"Reta;Interseção de Vias";"Sim";2;0;0;1;0;1;1;2;-16,090481;-57,688314;"SPRF-MT";"DEL03-MT";"UOP01-DEL03-MT"
494416;2022-11-28;"segunda-feira";"19:00:00";"PR";376;669;"GUARATUBA";"Chuva";"Eventos atípicos";"Com Vítimas Fatais";"Plena Noite";"Crescente";"Chuva";"Dupla";"Reta";"Não";17;2;11;0;1;6;11;15;-25,86958174;-48,93464712;"SPRF-PR";"DEL01-PR";"UOP04-DEL01-PR"
494419;2022-12-22;"quinta-feira";"08:55:00";"RS";290;548,7;"ALEGRETE";"Manobra de mudança de faixa";"Colisão lateral sentido oposto";"Com Vítimas Feridas";"Pleno dia";"Crescente";"Céu Claro";"Simples";"Curva";"Não";4;0;1;0;2;1;1;3;-29,944349;-55,491749;"SPRF-RS";"DEL13-RS";"UOP02-DEL13-RS"
494422;2022-12-22;"quinta-feira";"10:00:00";"RJ";101;4,4;"CAMPOS DOS GOYTACAZES";"Transitar na contramão";"Colisão frontal";"Com Vítimas Feridas";"Pleno dia";"Crescente";"Chuva";"Simples";"Reta";"Não";3;0;1;0;1;1;1;2;-21,255028;-41,325019;"SPRF-RJ";"DEL08-RJ";"UOP01-DEL08-RJ"
494424;2022-12-22;"quinta-feira";"10:00:00";"RJ";101;561;"PARATY";"Pista Escorregadia";"Tombamento";"Com Vítimas Feridas";"Pleno dia";"Decrescente";"Céu Claro";"Simples";"Curva";"Não";1;0;1;0;0;0;1;1;-23,12268096;-44,70929318;"SPRF-RJ";"DEL03-RJ";"UOP04-DEL03-RJ"
494425;2022-12-22;"quinta-feira";"11:15:00";"MG";381;484,2;"BETIM";"Manobra de mudança de faixa";"Colisão lateral mesmo sentido";"Com Vítimas Feridas";"Pleno dia";"Decrescente";"Nublado";"Dupla";"Curva;Declive";"Não";4;0;1;0;1;2;1;4;-19,95885139;-44,09084988;"SPRF-MG";"DEL01-MG";"UOP03-DEL01-MG"
494428;2022-12-22;"quinta-feira";"11:50:00";"PR";277;32;"MORRETES";"Problema com o freio";"Tombamento";"Com Vítimas Feridas";"Pleno dia";"Decrescente";"Garoa/Chuvisco";"Dupla";"Curva;Declive";"Não";2;0;1;0;0;2;1;3;-25,56119068;-48,81131172;"SPRF-PR";"DEL01-PR";"UOP05-DEL01-PR"
494431;2022-12-22;"quinta-feira";"12:35:00";"RJ";116;292;"PORTO REAL";"Reação tardia ou ineficiente do condutor";"Colisão traseira";"Com Vítimas Feridas";"Pleno dia";"Crescente";"Nublado";"Dupla";"Reta";"Não";3;0;2;0;1;0;2;2;-22,46511993;-44,28491095;"SPRF-RJ";"DEL07-RJ";"UOP02-DEL07-RJ"
494439;2022-12-22;"quinta-feira";"13:10:00";"BA";116;806;"VITORIA DA CONQUISTA";"Ausência de reação do condutor";"Colisão lateral sentido oposto";"Com Vítimas Feridas";"Pleno dia";"Decrescente";"Chuva";"Simples";"Reta";"Não";3;0;1;0;1;1;1;3;-14,76037784;-40,69756008;"SPRF-BA";"DEL08-BA";"UOP01-DEL08-BA"
494441;2022-12-22;"quinta-feira";"06:45:00";"PR";376;505;"PONTA GROSSA";"Velocidade Incompatível";"Tombamento";"Com Vítimas Fatais";"Amanhecer";"Decrescente";"Sol";"Dupla";"Reta;Ponte";"Não";4;1;1;1;0;1;2;2;-25,23727809;-50,03847808;"SPRF-PR";"DEL03-PR";"UOP04-DEL03-PR"
494443;2022-12-22;"quinta-feira";"09:30:00";"RJ";101;480;"ANGRA DOS REIS";"Reação tardia ou ineficiente do condutor";"Colisão traseira";"Sem Vítimas";"Pleno dia";"Decrescente";"Chuva";"Simples";"Aclive;Reta;Em Obras";"Não";3;0;0;0;2;1;0;3;-23,01331268;-44,28361913;"SPRF-RJ";"DEL03-RJ";"UOP03-DEL03-RJ"
494445;2022-12-22;"quinta-feira";"14:30:00";"SP";381;36,5;"ATIBAIA";"Manobra de mudança de faixa";"Colisão traseira";"Com Vítimas Feridas";"Pleno dia";"Crescente";"Céu Claro";"Dupla";"Reta;Declive";"Sim";3;0;0;2;1;0;2;2;-23,09994421;-46,56967163;"SPRF-SP";"DEL03-SP";"UOP01-DEL03-SP"
494448;2022-12-22;"quinta-feira";"10:10:00";"MS";262;701;"CORUMBA";"Demais falhas na via";"Derramamento de carga";"Sem Vítimas";"Pleno dia";"Crescente";"Céu Claro";"Simples";"Curva";"Não";2;0;0;0;2;0;0;2;-19,55588226;-57,38895114;"SPRF-MS";"DEL03-MS";"UOP03-DEL03-MS"
494459;2022-12-22;"quinta-feira";"15:10:00";"PE";423;116,3;"PARANATAMA";"Acessar a via sem observar a presença dos outros veículos";"Colisão transversal";"Com Vítimas Fatais";"Pleno dia";"Decrescente";"Céu Claro";"Simples";"Reta";"Não";3;1;0;0;1;1;0;3;-8,9043579;-36,66026303;"SPRF-PE";"DEL03-PE";"UOP01-DEL03-PE"
494461;2022-12-22;"quinta-feira";"14:00:00";"PE";232;253;"ARCOVERDE";"Condutor deixou de manter distância do veículo da frente";"Colisão traseira";"Com Vítimas Feridas";"Pleno dia";"Decrescente";"Céu Claro";"Simples";"Reta";"Sim";5;0;2;0;2;1;2;3;-8,42522112;-37,07235809;"SPRF-PE";"DEL04-PE";"UOP02-DEL04-PE"
494462;2022-12-20;"terça-feira";"00:00:00";"MG";50;174,8;"UBERABA";"Manobra de mudança de faixa";"Colisão traseira";"Sem Vítimas";"Plena Noite";"Crescente";"Nublado";"Dupla";"Reta";"Sim";4;0;0;0;3;1;0;4;-19,770817;-47,973434;"SPRF-MG";"DEL13-MG";"UOP01-DEL13-MG"
494463;2022-12-22;"quinta-feira";"15:20:00";"MG";116;137;"PONTO DOS VOLANTES";"Condutor deixou de manter distância do veículo da frente";"Colisão traseira";"Com Vítimas Feridas";"Pleno dia";"Decrescente";"Chuva";"Simples";"Reta;Aclive";"Sim";2;0;0;1;1;0;1;2;-16,74953496;-41,50421089;"SPRF-MG";"DEL11-MG";"UOP02-DEL11-MG"
494464;2022-12-22;"quinta-feira";"09:40:00";"PR";277;423,4;"CANTAGALO";"Velocidade Incompatível";"Saída de leito carroçável";"Com Vítimas Feridas";"Pleno dia";"Crescente";"Céu Claro";"Simples";"Curva";"Não";2;0;1;0;0;1;1;2;-25,39623005;-52,10550115;"SPRF-PR";"DEL04-PR";"UOP02-DEL04-PR"
494467;2022-12-22;"quinta-feira";"14:58:00";"GO";20;86;"VILA BOA";"Condutor deixou de manter distância do veículo da frente";"Colisão traseira";"Com Vítimas Feridas";"Pleno dia";"Decrescente";"Nublado";"Simples";"Reta";"Não";3;0;1;0;2;0;1;2;-15,050093;-47,067516;"SPRF-DF";"DEL02-DF";"UOP02-DEL02-DF"
494483;2022-12-22;"quinta-feira";"16:30:00";"RJ";393;114;"SAPUCAIA";"Velocidade Incompatível";"Tombamento";"Com Vítimas Feridas";"Pleno dia";"Decrescente";"Chuva";"Simples";"Curva";"Não";3;0;2;0;0;1;2;2;-21,90846963;-42,73541595;"SPRF-RJ";"DEL05-RJ";"UOP01-DEL05-RJ"
494486;2022-12-22;"quinta-feira";"17:45:00";"MT";364;7;"ALTO ARAGUAIA";"Reação tardia ou ineficiente do condutor";"Colisão lateral mesmo sentido";"Sem Vítimas";"Pleno dia";"Crescente";"Céu Claro";"Simples";"Reta";"Não";3;0;0;0;2;2;0;4;-17,27901945;-53,26017712;"SPRF-MT";"DEL02-MT";"UOP02-DEL02-MT"
494491;2022-12-22;"quinta-feira";"18:35:00";"PR";277;693;"SAO MIGUEL DO IGUACU";"Frear bruscamente";"Colisão traseira";"Com Vítimas Feridas";"Pleno dia";"Decrescente";"Céu Claro";"Dupla";"Reta;Aclive";"Não";7;0;4;0;2;1;4;3;-25,37239725;-54,27033988;"SPRF-PR";"DEL05-PR";"UOP01-DEL05-PR"
494492;2022-12-18;"domingo";"20:40:00";"BA";324;547;"AMELIA RODRIGUES";"Reação tardia ou ineficiente do condutor";"Colisão lateral mesmo sentido";"Sem Vítimas";"Plena Noite";"Crescente";"Céu Claro";"Dupla";"Curva;Declive";"Não";3;0;0;0;2;3;0;5;-12,42109386;-38,74516692;"SPRF-BA";"DEL01-BA";"UOP03-DEL01-BA"
494494;2022-12-22;"quinta-feira";"19:00:00";"MG";251;492,6;"FRANCISCO SA";"Obstrução na via";"Colisão traseira";"Com Vítimas Feridas";"Anoitecer";"Crescente";"Chuva";"Simples";"Reta;Declive";"Não";5;0;0;2;1;3;2;6;-16,54433804;-43,59543496;"SPRF-MG";"DEL12-MG";"UOP01-DEL12-MG"
494498;2022-12-22;"quinta-feira";"11:20:00";"BA";101;118;"ALAGOINHAS";"Ultrapassagem Indevida";"Colisão frontal";"Com Vítimas Feridas";"Pleno dia";"Crescente";"Céu Claro";"Simples";"Reta";"Não";2;0;0;1;1;0;1;2;-12,15886142;-38,546794;"SPRF-BA";"DEL01-BA";"UOP04-DEL01-BA"
494504;2022-12-22;"quinta-feira";"17:40:00";"MG";262;523;"LUZ";"Acessar a via sem observar a presença dos outros veículos";"Colisão transversal";"Com Vítimas Fatais";"Pleno dia";"Crescente";"Céu Claro";"Simples";"Interseção de Vias";"Sim";6;1;3;0;1;1;3;3;-19,78470144;-45,64801807;"SPRF-MG";"DEL08-MG";"UOP03-DEL08-MG"
494509;2022-12-22;"quinta-feira";"18:20:00";"RJ";393;266;"BARRA DO PIRAI";"Transitar na contramão";"Colisão frontal";"Com Vítimas Feridas";"Anoitecer";"Crescente";"Chuva";"Simples";"Curva";"Não";2;0;0;1;1;0;1;2;-22,48062523;-43,89336791;"SPRF-RJ";"DEL05-RJ";"UOP04-DEL05-RJ"
494510;2022-12-22;"quinta-feira";"19:00:00";"PE";101;52,4;"PAULISTA";"Velocidade Incompatível";"Tombamento";"Com Vítimas Feridas";"Plena Noite";"Crescente";"Vento";"Dupla";"Aclive;Curva";"Não";2;0;1;0;0;1;1;2;-7,92358799;-34,89607201;"SPRF-PE";"DEL01-PE";"UOP02-DEL01-PE"
494516;2022-12-22;"quinta-feira";"15:10:00";"GO";364;365;"MINEIROS";"Manobra de mudança de faixa";"Colisão lateral sentido oposto";"Com Vítimas Fatais";"Pleno dia";"Crescente";"Céu Claro";"Simples";"Reta";"Não";5;1;0;0;2;4;0;6;-17,386873;-53,033463;"SPRF-GO";"DEL05-GO";"UOP01-DEL05-GO"
494520;2022-12-22;"quinta-feira";"16:30:00";"MS";163;468;"CAMPO GRANDE";"Reação tardia ou ineficiente do condutor";"Colisão lateral sentido oposto";"Com Vítimas Feridas";"Pleno dia";"Decrescente";"Céu Claro";"Simples";"Reta";"Sim";3;0;1;0;1;1;1;3;-20,57406377;-54,56902615;"SPRF-MS";"DEL01-MS";"UOP01-DEL01-MS"
494543;2022-12-22;"quinta-feira";"21:00:00";"MT";163;843;"SINOP";"Chuva";"Colisão traseira";"Com Vítimas Feridas";"Plena Noite";"Crescente";"Chuva";"Simples";"Reta";"Sim";3;0;1;0;1;1;1;3;-11,783933;-55,475113;"SPRF-MT";"DEL06-MT";"NPF/DEL06-MT"
494544;2022-12-22;"quinta-feira";"11:40:00";"RS";386;180,3;"CARAZINHO";"Retorno proibido";"Colisão frontal";"Com Vítimas Feridas";"Pleno dia";"Decrescente";"Céu Claro";"Simples";"Viaduto";"Não";5;0;2;0;2;1;2;3;-28,300436;-52,744934;"SPRF-RS";"DEL08-RS";"UOP01-DEL08-RS"
494545;2022-12-22;"quinta-feira";"22:30:00";"GO";70;8;"AGUAS LINDAS DE GOIAS";"Ingestão de álcool pelo condutor";"Colisão lateral mesmo sentido";"Sem Vítimas";"Plena Noite";"Crescente";"Chuva";"Dupla";"Reta";"Sim";2;0;0;0;2;0;0;2;-15,73733681;-48,27407468;"SPRF-DF";"DEL03-DF";"UOP02-DEL03-DF"
494547;2022-12-22;"quinta-feira";"16:00:00";"PR";163;271,9;"TOLEDO";"Reação tardia ou ineficiente do condutor";"Saída de leito carroçável";"Com Vítimas Feridas";"Pleno dia";"Decrescente";"Céu Claro";"Dupla";"Reta;Aclive;Viaduto";"Sim";4;0;1;1;1;3;2;5;-24,61972008;-53,92487884;"SPRF-PR";"DEL06-PR";"UOP02-DEL06-PR"
494553;2022-12-22;"quinta-feira";"23:43:00";"SC";470;174;"POUSO REDONDO";"Condutor deixou de manter distância do veículo da frente";"Colisão traseira";"Com Vítimas Feridas";"Plena Noite";"Decrescente";"Céu Claro";"Simples";"Reta;Ponte";"Sim";3;0;1;0;1;1;1;3;-27,258179;-49,929146;"SPRF-SC";"DEL04-SC";"UOP02-DEL04-SC"
494561;2022-12-22;"quinta-feira";"22:30:00";"PI";316;94;"BARRO DURO";"Manobra de mudança de faixa";"Colisão frontal";"Sem Vítimas";"Plena Noite";"Crescente";"Chuva";"Simples";"Reta";"Sim";2;0;0;0;1;1;0;2;-5,80521663;-42,5285828;"SPRF-PI";"DEL04-PI";"UOP02-DEL04-PI"
494562;2022-12-22;"quinta-feira";"22:00:00";"RJ";40;119;"DUQUE DE CAXIAS";"Ultrapassagem Indevida";"Colisão frontal";"Com Vítimas Feridas";"Plena Noite";"Decrescente";"Nublado";"Dupla";"Viaduto;Retorno Regulamentado;Curva";"Sim";3;0;1;0;1;1;1;3;-22,76375592;-43,28683062;"SPRF-RJ";"DEL01-RJ";"UOP01-DEL01-RJ"