"id";"data_inversa";"dia_semana";"horario";"uf";"br";"km";"municipio";"causa_acidente";"tipo_acidente";"classificacao_acidente";"fase_dia";"sentido_via";"condicao_metereologica";"tipo_pista";"tracado_via";"uso_solo";"pessoas";"mortos";"feridos_leves";"feridos_graves";"ilesos";"ignorados";"feridos";"veiculos";"latitude";"longitude";"regional";"delegacia";"uop"
494868;2022-12-23;"sexta-feira";"17:00:00";"GO";60;237,2;"INDIARA";"Demais falhas mecânicas ou elétricas";"Saída de leito carroçável";"Sem Vítimas";"Anoitecer";"Crescente";"Nublado";"Dupla";"Declive";"Não";1;0;0;0;1;0;0;1;-17,087;-49,8474;"SPRF-GO";"DEL01-GO";"UOP02-DEL01-GO"
494869;2022-12-23;"sexta-feira";"21:28:00";"MG";116;17;"DIVISA ALEGRE";"Condutor deixou de manter distância do veículo da frente";"Colisão traseira";"Sem Vítimas";"Plena Noite";"Crescente";"Chuva";"Simples";"Reta;Aclive";"Não";4;0;0;0;3;3;0;6;-15,81769104;-41,38754395;"SPRF-BA";"DEL08-BA";"UOP03-DEL08-BA"
494884;2022-12-23;"sexta-feira";"23:50:00";"PR";116;199,1;"RIO NEGRO";"Ingestão de álcool pelo condutor";"Colisão frontal";"Com Vítimas Fatais";"Plena Noite";"Crescente";"Céu Claro";"Simples";"Curva";"Não";2;1;0;0;1;0;0;2;-26,0497451;-49,7078282;"SPRF-SC";"DEL06-SC";"UOP01-DEL06-SC"
494897;2022-12-24;"sábado";"04:00:00";"RJ";101;120;"CAMPOS DOS GOYTACAZES";"Ausência de reação do condutor";"Colisão transversal";"Com Vítimas Feridas";"Amanhecer";"Crescente";"Céu Claro";"Dupla";"Reta";"Não";4;0;0;1;2;1;1;3;-22,02621833;-41,69171397;"SPRF-RJ";"DEL08-RJ";"UOP02-DEL08-RJ"
494898;2022-12-24;"sábado";"03:45:00";"PR";116;126;"FAZENDA RIO GRANDE";"Trafegar com motocicleta (ou similar) entre as faixas";"Colisão lateral mesmo sentido";"Com Vítimas Feridas";"Plena Noite";"Crescente";"Garoa/Chuvisco";"Múltipla";"Reta";"Sim";3;0;1;0;1;1;1;3;-25,60389895;-49,31824423;"SPRF-PR";"DEL01-PR";"UOP03-DEL01-PR"
494901;2022-12-24;"sábado";"02:00:00";"SC";470;139;"RIO DO SUL";"Ingestão de álcool pelo condutor";"Colisão transversal";"Com Vítimas Feridas";"Plena Noite";"Decrescente";"Céu Claro";"Simples";"Rotatória";"Sim";4;0;2;0;2;0;2;2;-27,217564;-49,65461;"SPRF-SC";"DEL04-SC";"UOP02-DEL04-SC"
494902;2022-12-24;"sábado";"01:50:00";"RJ";116;129;"MAGE";"Condutor Dormindo";"Saída de leito carroçável";"Com Vítimas Feridas";"Plena Noite";"Crescente";"Céu Claro";"Dupla";"Reta";"Sim";8;0;3;1;2;2;4;4;-22,66471224;-43,11056004;"SPRF-RJ";"DEL04-RJ";"UOP02-DEL04-RJ"
494910;2022-12-23;"sexta-feira";"21:20:00";"MG";251;245;"SANTA CRUZ DE SALINAS";"Reação tardia ou ineficiente do condutor";"Colisão traseira";"Com Vítimas Fatais";"Plena Noite";"Decrescente";"Chuva";"Simples";"Declive;Curva";"Não";3;1;0;0;1;1;0;3;-15,99103453;-41,8209875;"SPRF-MG";"DEL11-MG";"UOP02-DEL11-MG"
494912;2022-12-24;"sábado";"05:25:00";"PR";277;594,2;"CASCAVEL";"Condutor deixou de manter distância do veículo da frente";"Colisão traseira";"Sem Vítimas";"Amanhecer";"Crescente";"Céu Claro";"Simples";"Reta";"Sim";3;0;0;0;2;1;0;3;-24,9794792;-53,49232599;"SPRF-PR";"DEL04-PR";"UOP01-DEL04-PR"
494916;2022-12-23;"sexta-feira";"22:45:00";"PR";376;502;"PONTA GROSSA";"Ausência de reação do condutor";"Colisão traseira";"Com Vítimas Feridas";"Plena Noite";"Crescente";"Ignorado";"Dupla";"Aclive;Reta";"Sim";3;0;1;0;1;1;1;3;-25,21604594;-50,05797693;"SPRF-PR";"DEL03-PR";"UOP04-DEL03-PR"
494917;2022-12-24;"sábado";"06:50:00";"GO";40;94;"CRISTALINA";"Acessar a via sem observar a presença dos outros veículos";"Colisão transversal";"Com Vítimas Feridas";"Amanhecer";"Crescente";"Céu Claro";"Simples";"Interseção de Vias";"Não";7;0;1;2;3;1;3;3;-16,743671;-47,613373;"SPRF-DF";"DEL01-DF";"UOP02-DEL01-DF"
494920;2022-12-24;"sábado";"03:40:00";"PE";423;106,7;"GARANHUNS";"Objeto estático sobre o leito carroçável";"Colisão com objeto";"Com Vítimas Fatais";"Amanhecer";"Crescente";"Nevoeiro/Neblina";"Simples";"Reta";"Não";2;1;0;0;1;0;0;2;-8,88331;-36,579148;"SPRF-PE";"DEL03-PE";"UOP01-DEL03-PE"
494939;2022-12-24;"sábado";"08:15:00";"MS";163;784;"COXIM";"Ausência de reação do condutor";"Colisão traseira";"Com Vítimas Feridas";"Pleno dia";"Crescente";"Céu Claro";"Simples";"Reta;Aclive";"Não";6;0;1;0;4;3;1;5;-18,05981191;-54,68946248;"SPRF-MS";"DEL06-MS";"UOP01-DEL06-MS"
494949;2022-12-14;"quarta-feira";"10:00:00";"MS";163;485;"CAMPO GRANDE";"Ausência de reação do condutor";"Colisão traseira";"Com Vítimas Feridas";"Pleno dia";"Crescente";"Sol";"Simples";"Reta";"Sim";3;0;1;0;1;3;1;5;-20,44233707;-54,54201834;"SPRF-MS";"DEL01-MS";"UOP02-DEL01-MS"
494953;2022-12-24;"sábado";"07:20:00";"GO";364;43;"CACHOEIRA ALTA";"Ingestão de álcool pelo condutor";"Saída de leito carroçável";"Sem Vítimas";"Pleno dia";"Decrescente";"Céu Claro";"Simples";"Reta";"Não";2;0;0;0;2;0;0;1;-18,85207;-50,845936;"SPRF-GO";"DEL05-GO";"UOP02-DEL05-GO"
494954;2022-12-21;"quarta-feira";"05:40:00";"MT";163;656;"LUCAS DO RIO VERDE";"Reação tardia ou ineficiente do condutor";"Colisão lateral sentido oposto";"Com Vítimas Feridas";"Pleno dia";"Decrescente";"Chuva";"Simples";"Reta";"Não";10;0;2;0;7;8;2;15;-13,32504399;-56,04;"SPRF-MT";"DEL06-MT";"UOP02-DEL06-MT"
494960;2022-11-14;"segunda-feira";"23:00:00";"RJ";116;185;"SAO JOAO DE MERITI";"Reação tardia ou ineficiente do condutor";"Colisão traseira";"Com Vítimas Feridas";"Plena Noite";"Crescente";"Céu Claro";"Múltipla";"Reta";"Sim";3;0;1;0;1;1;1;3;-22,7903607;-43,3703877;"SPRF-RJ";"DEL01-RJ";"UOP02-DEL01-RJ"
494962;2022-12-24;"sábado";"12:00:00";"MG";381;347;"BELA VISTA DE MINAS";"Reação tardia ou ineficiente do condutor";"Tombamento";"Com Vítimas Fatais";"Pleno dia";"Decrescente";"Nublado";"Simples";"Reta;Aclive";"Não";4;1;0;0;2;1;0;2;-19,85674061;-43,10944769;"SPRF-MG";"DEL03-MG";"UOP01-DEL03-MG"
494966;2022-12-24;"sábado";"08:35:00";"TO";153;495;"PARAISO DO TOCANTINS";"Ausência de sinalização";"Colisão frontal";"Com Vítimas Feridas";"Pleno dia";"Crescente";"Chuva";"Simples";"Reta;Declive";"Sim";3;0;1;0;1;2;1;4;-10,17584617;-48,88047349;"SPRF-TO";"DEL01-TO";"UOP01-DEL01-TO"
494968;2022-12-07;"quarta-feira";"19:00:00";"PE";232;180;"BELO JARDIM";"Transitar na contramão";"Colisão frontal";"Com Vítimas Feridas";"Plena Noite";"Crescente";"Céu Claro";"Simples";"Reta";"Sim";2;0;1;0;1;0;1;2;-8,34449745;-36,4288801;"SPRF-PE";"DEL03-PE";"UOP02-DEL03-PE"
494969;2022-12-24;"sábado";"05:30:00";"RO";364;115,7;"PIMENTA BUENO";"Condutor Dormindo";"Saída de leito carroçável";"Com Vítimas Feridas";"Amanhecer";"Crescente";"Chuva";"Simples";"Curva;Declive";"Não";2;0;1;0;0;1;1;2;-12,16555399;-60,71298494;"SPRF-RO";"DEL02-RO";"UOP02-DEL02-RO"
494978;2022-12-20;"terça-feira";"10:00:00";"MG";40;462,5;"SETE LAGOAS";"Acumulo de óleo sobre o pavimento";"Colisão traseira";"Com Vítimas Feridas";"Pleno dia";"Crescente";"Chuva";"Dupla";"Reta;Declive";"Não";5;0;0;1;3;2;1;5;-19,4136917;-44,33879427;"SPRF-MG";"DEL02-MG";"UOP01-DEL02-MG"
494981;2022-12-24;"sábado";"10:15:00";"MG";251;471,8;"FRANCISCO SA";"Velocidade Incompatível";"Colisão traseira";"Com Vítimas Feridas";"Pleno dia";"Crescente";"Garoa/Chuvisco";"Simples";"Reta;Declive";"Não";3;0;0;1;1;3;1;5;-16,46801304;-43,43121303;"SPRF-MG";"DEL12-MG";"UOP01-DEL12-MG"
494986;2022-12-24;"sábado";"12:35:00";"BA";116;392;"SANTA BARBARA";"Condutor deixou de manter distância do veículo da frente";"Colisão traseira";"Com Vítimas Feridas";"Pleno dia";"Crescente";"Chuva";"Dupla";"Reta";"Sim";3;0;1;0;1;1;1;3;-11,95668603;-38,97578416;"SPRF-BA";"DEL02-BA";"UOP01-DEL02-BA"
494995;2022-12-24;"sábado";"14:00:00";"CE";116;120,6;"RUSSAS";"Pista esburacada";"Colisão traseira";"Com Vítimas Feridas";"Pleno dia";"Decrescente";"Céu Claro";"Simples";"Reta";"Não";5;0;1;0;4;0;1;2;-4,62766128;-38,17588522;"SPRF-CE";"DEL03-CE";"UOP01-DEL03-CE"
494997;2022-11-30;"quarta-feira";"05:30:00";"PA";163;11;"NOVO PROGRESSO";"Transitar na contramão";"Colisão lateral sentido oposto";"Com Vítimas Feridas";"Amanhecer";"Crescente";"Céu Claro";"Simples";"Reta";"Não";3;0;0;1;1;1;1;3;-9,47393197;-54,85889492;"SPRF-PA";"DEL05-PA";"UOP01-DEL05-PA"
495015;2022-12-24;"sábado";"14:20:00";"BA";242;420;"SEABRA";"Transitar na contramão";"Colisão lateral sentido oposto";"Com Vítimas Feridas";"Pleno dia";"Crescente";"Chuva";"Simples";"Curva";"Não";3;0;2;0;1;0;2;2;-12,4324521644;-41,8242661297;"SPRF-BA";"DEL06-BA";"UOP01-DEL06-BA"
495016;2022-12-24;"sábado";"09:30:00";"SC";282;502,6;"XANXERE";"Velocidade Incompatível";"Colisão com objeto";"Com Vítimas Feridas";"Pleno dia";"Crescente";"Céu Claro";"Dupla";"Curva";"Sim";3;0;1;0;1;1;1;3;-26,884584;-52,390911;"SPRF-SC";"DEL07-SC";"UOP01-DEL07-SC"
495019;2022-12-24;"sábado";"17:30:00";"MG";251;450;"GRAO MOGOL";"Velocidade Incompatível";"Colisão frontal";"Com Vítimas Feridas";"Pleno dia";"Crescente";"Chuva";"Simples";"Curva";"Não";4;0;1;2;1;0;3;2;-16,41910292;-43,29880499;"SPRF-MG";"DEL12-MG";"UOP01-DEL12-MG"
495033;2022-12-24;"sábado";"06:50:00";"PR";153;144,7;"VENTANIA";"Velocidade Incompatível";"Tombamento";"Com Vítimas Feridas";"Pleno dia";"Crescente";"Nublado";"Simples";"Curva";"Não";2;0;1;0;0;2;1;3;-24,11588866;-50,24468958;"SPRF-PR";"DEL07-PR";"UOP04-DEL07-PR"
495036;2022-12-24;"sábado";"16:35:00";"MT";364;272,7;"JACIARA";"Reação tardia ou ineficiente do condutor";"Tombamento";"Com Vítimas Feridas";"Pleno dia";"Crescente";"Nublado";"Dupla";"Declive";"Sim";2;0;1;0;0;3;1;4;-15,96667987;-54,96121981;"SPRF-MT";"DEL05-MT";"UOP02-DEL05-MT"
495038;2022-10-26;"quarta-feira";"13:05:00";"SC";101;435,1;"SOMBRIO";"Entrada inopinada do pedestre";"Atropelamento de Pedestre";"Com Vítimas Fatais";"Pleno dia";"Decrescente";"Céu Claro";"Múltipla";"Reta";"Sim";2;1;0;0;1;0;0;2;-29,107615;-49,637162;"SPRF-SC";"DEL02-SC";"UOP02-DEL02-SC"
495040;2022-12-24;"sábado";"17:15:00";"MG";116;590,1;"MANHUACU";"Condutor deixou de manter distância do veículo da frente";"Colisão traseira";"Com Vítimas Feridas";"Anoitecer";"Decrescente";"Chuva";"Simples";"Reta";"Sim";2;0;0;1;1;0;1;2;-20,25539878;-42,14140443;"SPRF-MG";"DEL06-MG";"UOP03-DEL06-MG"
495047;2022-12-24;"sábado";"18:30:00";"PI";343;252,7;"CAMPO MAIOR";"Reação tardia ou ineficiente do condutor";"Colisão transversal";"Com Vítimas Feridas";"Plena Noite";"Crescente";"Nublado";"Simples";"Reta";"Não";2;0;1;0;1;0;1;2;-4,742479;-42,10807;"SPRF-PI";"DEL01-PI";"UOP03-DEL01-PI"
495061;2022-12-24;"sábado";"19:40:00";"MG";251;511,9;"FRANCISCO SA";"Ingestão de álcool pelo condutor";"Colisão frontal";"Com Vítimas Feridas";"Plena Noite";"Crescente";"Chuva";"Simples";"Reta";"Não";3;0;1;0;1;1;1;3;-16,64971316;-43,71299785;"SPRF-MG";"DEL12-MG";"UOP01-DEL12-MG"
495073;2022-12-24;"sábado";"17:00:00";"MG";116;779,5;"LEOPOLDINA";"Demais falhas mecânicas ou elétricas";"Tombamento";"Com Vítimas Feridas";"Anoitecer";"Decrescente";"Nublado";"Simples";"Curva";"Não";3;0;1;0;1;2;1;3;-21,60837977;-42,69596393;"SPRF-MG";"DEL07-MG";"UOP01-DEL07-MG"
495094;2022-12-24;"sábado";"10:30:00";"MG";251;349,7;"PADRE CARVALHO";"Ausência de reação do condutor";"Engavetamento";"Com Vítimas Feridas";"Pleno dia";"Decrescente";"Chuva";"Simples";"Curva;Declive;Ponte";"Não";8;0;1;0;5;2;1;5;-16,25737202;-42,52297997;"SPRF-MG";"DEL12-MG";"UOP01-DEL12-MG"
495096;2022-12-25;"domingo";"03:58:00";"SE";101;52;"CARMOPOLIS";"Transitar na contramão";"Colisão frontal";"Com Vítimas Feridas";"Amanhecer";"Decrescente";"Céu Claro";"Simples";"Reta";"Não";4;0;2;1;0;1;3;3;-10,61909194;-36,9820081;"SPRF-SE";"DEL02-SE";"UOP02-DEL02-SE"
495106;2022-12-24;"sábado";"14:10:00";"SP";459;9,5;"PIQUETE";"Transitar na contramão";"Colisão lateral sentido oposto";"Com Vítimas Feridas";"Pleno dia";"Crescente";"Nublado";"Simples";"Declive;Curva";"Não";4;0;1;1;1;1;2;3;-22,580744;-45,196285;"SPRF-SP";"DEL08-SP";"UOP02-DEL08-SP"
495114;2022-12-25;"domingo";"06:45:00";"CE";222;192;"FORQUILHA";"Curva acentuada";"Tombamento";"Com Vítimas Feridas";"Amanhecer";"Decrescente";"Céu Claro";"Simples";"Curva";"Não";3;0;2;0;0;2;2;3;-3,79360997;-40,13571103;"SPRF-CE";"DEL04-CE";"UOP01-DEL04-CE"
495116;2022-12-25;"domingo";"06:20:00";"SC";282;561;"NOVA ERECHIM";"Velocidade Incompatível";"Saída de leito carroçável";"Com Vítimas Feridas";"Pleno dia";"Decrescente";"Céu Claro";"Simples";"Curva";"Não";2;0;1;0;0;2;1;3;-26,919464;-52,861614;"SPRF-SC";"DEL07-SC";"UOP02-DEL07-SC"
495119;2022-11-15;"terça-feira";"21:50:00";"SP";116;74;"APARECIDA";"Ultrapassagem Indevida";"Colisão traseira";"Com Vítimas Feridas";"Plena Noite";"Crescente";"Céu Claro";"Dupla";"Reta";"Não";6;0;0;1;2;3;1;6;-22,87353809;-45,25320023;"SPRF-SP";"DEL08-SP";"UOP01-DEL08-SP"
495123;2022-12-25;"domingo";"08:00:00";"TO";153;736;"ALVORADA";"Condutor Dormindo";"Colisão frontal";"Com Vítimas Feridas";"Pleno dia";"Crescente";"Garoa/Chuvisco";"Simples";"Reta;Declive";"Não";3;0;1;0;1;1;1;3;-12,26229402;-49,15950958;"SPRF-TO";"DEL01-TO";"UOP02-DEL01-TO"
495125;2022-12-25;"domingo";"00:05:00";"GO";414;318;"VILA PROPICIO";"Demais falhas mecânicas ou elétricas";"Colisão traseira";"Com Vítimas Feridas";"Plena Noite";"Crescente";"Chuva";"Simples";"Reta";"Não";4;0;2;1;0;1;3;2;-15,20091703;-48,70185812;"SPRF-GO";"DEL02-GO";"UOP01-DEL02-GO"
495127;2022-12-24;"sábado";"18:20:00";"BA";110;175;"RIBEIRA DO POMBAL";"Ausência de reação do condutor";"Colisão lateral sentido oposto";"Com Vítimas Feridas";"Pleno dia";"Crescente";"Céu Claro";"Simples";"Reta";"Não";3;0;0;1;0;2;1;3;-10,887348;-38,52479999;"SPRF-BA";"DEL07-BA";"UOP02-DEL07-BA"
495135;2022-12-25;"domingo";"05:30:00";"RJ";101;58;"CAMPOS DOS GOYTACAZES";"Condutor deixou de manter distância do veículo da frente";"Colisão traseira";"Com Vítimas Feridas";"Pleno dia";"Crescente";"Chuva";"Simples";"Reta";"Sim";2;0;1;0;1;0;1;2;-21,70488703;-41,30979616;"SPRF-RJ";"DEL08-RJ";"UOP01-DEL08-RJ"
495137;2022-12-25;"domingo";"08:30:00";"DF";80;9;"BRASILIA";"Acessar a via sem observar a presença dos outros veículos";"Colisão lateral mesmo sentido";"Com Vítimas Feridas";"Pleno dia";"Crescente";"Céu Claro";"Simples";"Aclive;Reta";"Não";3;0;2;0;1;0;2;2;-15,731064;-48,159393;"SPRF-DF";"DEL03-DF";"UOP02-DEL03-DF"
495143;2022-12-25;"domingo";"09:00:00";"SE";101;203;"CRISTINAPOLIS";"Ausência de reação do condutor";"Saída de leito carroçável";"Sem Vítimas";"Pleno dia";"Decrescente";"Céu Claro";"Simples";"Reta;Aclive";"Não";2;0;0;0;1;1;0;2;-11,50296897;-37,78518904;"SPRF-SE";"DEL02-SE";"UOP03-DEL02-SE"
495173;2022-12-25;"domingo";"13:30:00";"BA";407;1;"JUAZEIRO";"Transitar na contramão";"Colisão frontal";"Com Vítimas Feridas";"Pleno dia";"Decrescente";"Nublado";"Simples";"Reta;Viaduto";"Sim";4;0;2;0;1;1;2;3;-9,41845604;-40,50725978;"SPRF-PE";"DEL06-PE";"UOP01-DEL06-PE"
495184;2022-12-25;"domingo";"14:50:00";"DF";20;16;"BRASILIA";"Pedestre cruzava a pista fora da faixa";"Atropelamento de Pedestre";"Com Vítimas Fatais";"Pleno dia";"Crescente";"Chuva";"Dupla";"Reta";"Sim";3;1;0;0;1;1;0;3;-15,625675;-47,725159;"SPRF-DF";"DEL02-DF";"UOP01-DEL02-DF"
495187;2022-12-25;"domingo";"10:40:00";"ES";262;167,5;"IBATIBA";"Reação tardia ou ineficiente do condutor";"Tombamento";"Com Vítimas Fatais";"Pleno dia";"Crescente";"Nublado";"Dupla";"Curva";"Não";2;1;0;0;0;1;0;2;-20,2531047;-41,56633803;"SPRF-ES";"DEL01-ES";"UOP02-DEL01-ES"
495198;2022-12-25;"domingo";"16:25:00";"SE";101;72;"MARUIM";"Ingestão de álcool pelo condutor";"Colisão lateral mesmo sentido";"Com Vítimas Feridas";"Pleno dia";"Crescente";"Sol";"Simples";"Reta;Aclive";"Não";5;0;3;0;1;1;3;3;-10,74969633;-37,0990116;"SPRF-SE";"DEL01-SE";"UOP01-DEL01-SE"
495201;2022-12-24;"sábado";"18:40:00";"MG";40;633,4;"CONSELHEIRO LAFAIETE";"Chuva";"Colisão lateral mesmo sentido";"Com Vítimas Feridas";"Plena Noite";"Decrescente";"Chuva";"Simples";"Retorno Regulamentado;Interseção de Vias";"Sim";3;0;1;0;1;2;1;4;-20,68168197;-43,79419779;"SPRF-MG";"DEL05-MG";"UOP02-DEL05-MG"
495258;2022-12-25;"domingo";"19:15:00";"GO";153;150,7;"CAMPINORTE";"Condutor Dormindo";"Saída de leito carroçável";"Com Vítimas Feridas";"Plena Noite";"Decrescente";"Nublado";"Simples";"Reta";"Não";1;0;1;0;0;0;1;1;-14,097522;-49,101478;"SPRF-GO";"DEL07-GO";"UOP02-DEL07-GO"
495263;2022-12-25;"domingo";"17:30:00";"MS";376;160;"NOVA ANDRADINA";"Transitar na contramão";"Colisão frontal";"Com Vítimas Feridas";"Pleno dia";"Crescente";"Céu Claro";"Simples";"Reta";"Não";3;0;0;1;1;1;1;3;-22,33443362;-53,48355211;"SPRF-MS";"DEL04-MS";"UOP04-DEL04-MS"
495264;2022-12-25;"domingo";"20:30:00";"RJ";356;162;"SAO JOAO DA BARRA";"Manobra de mudança de faixa";"Colisão frontal";"Com Vítimas Feridas";"Plena Noite";"Crescente";"Céu Claro";"Simples";"Reta";"Não";3;0;0;1;1;3;1;5;-21,713868;-41,163871;"SPRF-RJ";"DEL08-RJ";"UOP02-DEL08-RJ"
495273;2022-12-25;"domingo";"22:40:00";"MG";40;137,7;"JOAO PINHEIRO";"Reação tardia ou ineficiente do condutor";"Colisão com objeto";"Com Vítimas Feridas";"Plena Noite";"Decrescente";"Chuva";"Simples";"Reta";"Não";2;0;1;0;0;1;1;2;-17,72382989;-46,22254698;"SPRF-MG";"DEL14-MG";"UOP01-DEL14-MG"
495276;2022-12-25;"domingo";"21:50:00";"PR";277;129;"BALSA NOVA";"Curva acentuada";"Tombamento";"Com Vítimas Feridas";"Plena Noite";"Crescente";"Garoa/Chuvisco";"Dupla";"Curva;Declive";"Não";10;0;4;0;5;2;4;5;-25,46776404;-49,62627411;"SPRF-PR";"DEL03-PR";"UOP03-DEL03-PR"
495280;2022-12-25;"domingo";"23:10:00";"RJ";40;36,5;"TRES RIOS";"Condutor Dormindo";"Colisão com objeto";"Sem Vítimas";"Plena Noite";"Crescente";"Céu Claro";"Dupla";"Curva";"Não";1;0;0;0;1;0;0;1;-22,20877957;-43,13804875;"SPRF-RJ";"DEL05-RJ";"UOP02-DEL05-RJ"
495287;2022-12-25;"domingo";"16:30:00";"MG";116;451,5;"ENGENHEIRO CALDAS";"Manobra de mudança de faixa";"Colisão lateral mesmo sentido";"Com Vítimas Feridas";"Pleno dia";"Decrescente";"Céu Claro";"Simples";"Reta";"Não";4;0;1;0;2;1;1;3;-19,16092497;-42,02606406;"SPRF-MG";"DEL06-MG";"UOP02-DEL06-MG"
495289;2022-12-25;"domingo";"22:27:00";"SC";470;236,6;"SAO CRISTOVAO DO SUL";"Ausência de reação do condutor";"Colisão frontal";"Com Vítimas Feridas";"Plena Noite";"Decrescente";"Garoa/Chuvisco";"Simples";"Reta";"Não";3;0;0;1;1;1;1;3;-27,30307;-50,447491;"SPRF-SC";"DEL05-SC";"UOP03-DEL05-SC"
495295;2022-12-26;"segunda-feira";"00:40:00";"PI";343;344;"TERESINA";"Ingestão de álcool pelo condutor";"Colisão transversal";"Sem Vítimas";"Plena Noite";"Decrescente";"Céu Claro";"Simples";"Reta";"Sim";3;0;0;0;2;1;0;3;-5,10193733;-42,76614016;"SPRF-PI";"DEL01-PI";"UOP01-DEL01-PI"
495304;2022-12-26;"segunda-feira";"05:25:00";"GO";60;96;"ANAPOLIS";"Frear bruscamente";"Queda de ocupante de veículo";"Com Vítimas Feridas";"Amanhecer";"Crescente";"Chuva";"Dupla";"Reta";"Sim";2;0;0;1;1;0;1;2;-16,371;-48,9422;"SPRF-GO";"DEL02-GO";"UOP01-DEL02-GO"
495310;2022-12-26;"segunda-feira";"06:00:00";"RS";392;19,3;"RIO GRANDE";"Manobra de mudança de faixa";"Tombamento";"Com Vítimas Feridas";"Pleno dia";"Crescente";"Céu Claro";"Dupla";"Reta";"Sim";4;0;1;0;3;0;1;2;-32,0879243;-52,18669807;"SPRF-RS";"DEL07-RS";"UOP02-DEL07-RS"
495315;2022-12-25;"domingo";"21:30:00";"MG";153;144,3;"COMENDADOR GOMES";"Ausência de reação do condutor";"Colisão lateral sentido oposto";"Com Vítimas Feridas";"Plena Noite";"Decrescente";"Chuva";"Simples";"Reta";"Não";2;0;1;0;1;0;1;2;-19,59964093;-48,83389116;"SPRF-MG";"DEL13-MG";"UOP02-DEL13-MG"
495323;2022-12-26;"segunda-feira";"08:00:00";"PR";277;24;"MORRETES";"Condutor deixou de manter distância do veículo da frente";"Colisão traseira";"Com Vítimas Feridas";"Pleno dia";"Crescente";"Céu Claro";"Dupla";"Reta";"Não";2;0;1;0;1;0;1;2;-25,53035989;-48,74822617;"SPRF-PR";"DEL01-PR";"UOP05-DEL01-PR"
495325;2022-12-26;"segunda-feira";"02:20:00";"PR";476;325,6;"PAULO FRONTIN";"Reação tardia ou ineficiente do condutor";"Colisão com objeto";"Sem Vítimas";"Plena Noite";"Decrescente";"Céu Claro";"Simples";"Reta";"Não";2;0;0;0;1;1;0;2;-26,091063;-50,771263;"SPRF-PR";"DEL02-PR";"UOP03-DEL02-PR"
495326;2022-12-26;"segunda-feira";"08:15:00";"RS";116;514,4;"PELOTAS";"Ausência de reação do condutor";"Colisão traseira";"Com Vítimas Fatais";"Pleno dia";"Crescente";"Nublado";"Dupla";"Reta";"Sim";4;1;0;0;1;2;0;4;-31,65213506;-52,33684672;"SPRF-RS";"DEL07-RS";"UOP01-DEL07-RS"
495328;2022-12-14;"quarta-feira";"14:05:00";"GO";364;353;"MINEIROS";"Ausência de reação do condutor";"Colisão traseira";"Com Vítimas Feridas";"Pleno dia";"Decrescente";"Nublado";"Simples";"Declive;Reta";"Não";3;0;1;0;2;0;1;3;-17,378428;-52,932693;"SPRF-GO";"DEL05-GO";"UOP01-DEL05-GO"
495330;2022-10-14;"sexta-feira";"11:30:00";"RJ";40;121;"DUQUE DE CAXIAS";"Acessar a via sem observar a presença dos outros veículos";"Colisão lateral mesmo sentido";"Com Vítimas Feridas";"Pleno dia";"Crescente";"Céu Claro";"Múltipla";"Interseção de Vias";"Sim";6;0;1;2;3;0;3;2;-22,78185499;-43,28571273;"SPRF-RJ";"DEL01-RJ";"UOP01-DEL01-RJ"
495343;2022-12-26;"segunda-feira";"07:30:00";"SC";470;86,9;"RODEIO";"Velocidade Incompatível";"Capotamento";"Com Vítimas Fatais";"Pleno dia";"Crescente";"Céu Claro";"Simples";"Ponte;Curva";"Não";1;1;0;0;0;0;0;1;-26,9480484;-49,3654561;"SPRF-SC";"DEL04-SC";"UOP01-DEL04-SC"
495351;2022-12-26;"segunda-feira";"10:31:00";"RJ";116;302;"PORTO REAL";"Ausência de reação do condutor";"Colisão traseira";"Com Vítimas Feridas";"Pleno dia";"Crescente";"Chuva";"Dupla";"Reta";"Não";3;0;0;1;1;1;1;3;-22,45364576;-44,37040802;"SPRF-RJ";"DEL07-RJ";"UOP02-DEL07-RJ"
495355;2022-12-26;"segunda-feira";"07:50:00";"PB";101;119;"CAAPORA";"Demais falhas mecânicas ou elétricas";"Incêndio";"Sem Vítimas";"Pleno dia";"Decrescente";"Sol";"Dupla";"Aclive;Curva";"Não";1;0;0;0;1;0;0;1;-7,42897814;-34,96672977;"SPRF-PB";"DEL01-PB";"UOP02-DEL01-PB"
495359;2022-10-30;"domingo";"14:00:00";"MA";230;361;"SAO RAIMUNDO DAS MANGABEIRAS";"Transitar na contramão";"Saída de leito carroçável";"Com Vítimas Feridas";"Pleno dia";"Decrescente";"Ignorado";"Simples";"Reta";"Não";3;0;0;2;0;1;2;2;-7,21414714;-45,83724395;"SPRF-MA";"DEL05-MA";"UOP01-DEL05-MA"
495362;2022-12-26;"segunda-feira";"08:10:00";"SC";470;138;"RIO DO SUL";"Reação tardia ou ineficiente do condutor";"Colisão traseira";"Com Vítimas Feridas";"Pleno dia";"Crescente";"Sol";"Simples";"Reta";"Sim";5;0;3;0;1;1;3;3;-27,207214;-49,648476;"SPRF-SC";"DEL04-SC";"UOP02-DEL04-SC"
495365;2022-12-26;"segunda-feira";"10:35:00";"MG";381;879,2;"POUSO ALEGRE";"Manobra de mudança de faixa";"Colisão traseira";"Com Vítimas Feridas";"Pleno dia";"Decrescente";"Chuva";"Dupla";"Reta";"Não";3;0;1;0;1;1;1;2;-22,3972949;-45,9598516;"SPRF-MG";"DEL16-MG";"UOP01-DEL16-MG"