"id";"data_inversa";"dia_semana";"horario";"uf";"br";"km";"municipio";"causa_acidente";"tipo_acidente";"classificacao_acidente";"fase_dia";"sentido_via";"condicao_metereologica";"tipo_pista";"tracado_via";"uso_solo";"pessoas";"mortos";"feridos_leves";"feridos_graves";"ilesos";"ignorados";"feridos";"veiculos";"latitude";"longitude";"regional";"delegacia";"uop"
495637;2022-12-27;"terça-feira";"15:00:00";"MG";459;65;"IPUIUNA";"Demais falhas mecânicas ou elétricas";"Incêndio";"Sem Vítimas";"Pleno dia";"Decrescente";"Nublado";"Simples";"Reta;Aclive";"Não";1;0;0;0;1;0;0;1;-22,115179;-46,179901;"SPRF-MG";"DEL09-MG";"UOP01-DEL09-MG"
495638;2022-12-27;"terça-feira";"13:00:00";"MG";40;645,3;"CRISTIANO OTONI";"Pedestre andava na pista";"Atropelamento de Pedestre";"Com Vítimas Feridas";"Pleno dia";"Crescente";"Chuva";"Simples";"Reta;Aclive";"Não";2;0;0;1;0;1;1;2;-20,78218897;-43,81150169;"SPRF-MG";"DEL05-MG";"UOP02-DEL05-MG"
495643;2022-11-29;"terça-feira";"09:30:00";"PA";10;208;"IPIXUNA DO PARA";"Avarias e/ou desgaste excessivo no pneu";"Capotamento";"Com Vítimas Fatais";"Pleno dia";"Decrescente";"Sol";"Simples";"Aclive;Reta";"Não";8;1;0;3;0;4;3;3;-2,60992395;-47,48478472;"SPRF-PA";"DEL02-PA";"UOP01-DEL02-PA"
495646;2022-12-27;"terça-feira";"15:25:00";"PR";376;411;"TIBAGI";"Manobra de mudança de faixa";"Colisão lateral mesmo sentido";"Sem Vítimas";"Pleno dia";"Crescente";"Céu Claro";"Dupla";"Viaduto;Reta;Aclive";"Não";2;0;0;0;2;0;0;2;-24,628502;-50,643375;"SPRF-PR";"DEL03-PR";"UOP02-DEL03-PR"
495650;2022-12-27;"terça-feira";"10:30:00";"MG";262;178,6;"SAO DOMINGOS DO PRATA";"Pista esburacada";"Colisão lateral mesmo sentido";"Sem Vítimas";"Pleno dia";"Decrescente";"Nublado";"Simples";"Curva";"Não";4;0;0;0;3;2;0;4;-19,92625471;-42,98211105;"SPRF-MG";"DEL03-MG";"UOP01-DEL03-MG"
495655;2022-12-27;"terça-feira";"16:00:00";"SE";235;64,7;"FREI PAULO";"Animais na Pista";"Capotamento";"Com Vítimas Feridas";"Pleno dia";"Decrescente";"Céu Claro";"Simples";"Curva";"Não";2;0;0;1;0;1;1;2;-10,590935;-37,492405;"SPRF-SE";"DEL01-SE";"UOP02-DEL01-SE"
495662;2022-12-27;"terça-feira";"16:40:00";"AL";101;71,9;"MESSIAS";"Fumaça";"Colisão traseira";"Com Vítimas Feridas";"Pleno dia";"Decrescente";"Céu Claro";"Dupla";"Reta";"Não";6;0;3;1;1;3;4;5;-9,37155696;-35,83020358;"SPRF-AL";"DEL01-AL";"UOP01-DEL01-AL"
495671;2022-12-27;"terça-feira";"16:30:00";"MG";251;444,4;"GRAO MOGOL";"Condutor deixou de manter distância do veículo da frente";"Colisão traseira";"Com Vítimas Feridas";"Pleno dia";"Crescente";"Céu Claro";"Simples";"Curva";"Não";3;0;1;0;1;2;1;4;-16,4185062;-43,26071281;"SPRF-MG";"DEL12-MG";"UOP01-DEL12-MG"
495684;2022-12-27;"terça-feira";"18:10:00";"SP";116;99,4;"PINDAMONHANGABA";"Condutor deixou de manter distância do veículo da frente";"Engavetamento";"Com Vítimas Feridas";"Pleno dia";"Crescente";"Nublado";"Dupla";"Reta;Aclive";"Não";7;0;2;0;3;2;2;4;-22,9828416;-45,46570659;"SPRF-SP";"DEL08-SP";"UOP01-DEL08-SP"
495692;2022-12-16;"sexta-feira";"02:50:00";"SP";381;49;"ATIBAIA";"Reação tardia ou ineficiente do condutor";"Colisão traseira";"Com Vítimas Feridas";"Plena Noite";"Crescente";"Céu Claro";"Dupla";"Reta";"Não";3;0;0;1;1;1;1;3;-23,20535293;-46,59066516;"SPRF-SP";"DEL03-SP";"UOP01-DEL03-SP"
495702;2022-12-27;"terça-feira";"17:30:00";"PB";104;114,2;"LAGOA SECA";"Condutor deixou de manter distância do veículo da frente";"Colisão traseira";"Com Vítimas Feridas";"Plena Noite";"Crescente";"Céu Claro";"Simples";"Reta";"Sim";2;0;1;0;1;0;1;2;-7,1620139;-35,85712429;"SPRF-PB";"DEL02-PB";"UOP04-DEL02-PB"
495710;2022-12-19;"segunda-feira";"19:30:00";"MG";116;399;"GOVERNADOR VALADARES";"Conversão proibida";"Colisão transversal";"Com Vítimas Feridas";"Plena Noite";"Decrescente";"Céu Claro";"Simples";"Reta";"Não";3;0;1;0;1;1;1;3;-18,77195692;-41,98589732;"SPRF-MG";"DEL06-MG";"UOP01-DEL06-MG"
495719;2022-12-27;"terça-feira";"09:20:00";"PE";423;177;"AGUAS BELAS";"Ausência de reação do condutor";"Tombamento";"Com Vítimas Feridas";"Pleno dia";"Decrescente";"Céu Claro";"Simples";"Reta";"Não";2;0;1;0;0;1;1;2;-9,13016345;-37,11460498;"SPRF-AL";"DEL03-AL";"UOP02-DEL03-AL"
495729;2022-12-27;"terça-feira";"19:40:00";"RJ";101;392;"RIO DE JANEIRO";"Acessar a via sem observar a presença dos outros veículos";"Colisão traseira";"Com Vítimas Feridas";"Plena Noite";"Decrescente";"Chuva";"Dupla";"Reta";"Não";3;0;1;1;0;1;2;2;-22,89265625;-43,6945091;"SPRF-RJ";"DEL03-RJ";"UOP01-DEL03-RJ"
495738;2022-12-28;"quarta-feira";"00:50:00";"ES";101;36;"CONCEICAO DA BARRA";"Ultrapassagem Indevida";"Colisão lateral mesmo sentido";"Com Vítimas Feridas";"Plena Noite";"Crescente";"Céu Claro";"Simples";"Reta";"Não";4;0;2;0;1;3;2;5;-18,46388405;-39,92935329;"SPRF-ES";"DEL04-ES";"UOP02-DEL04-ES"
495739;2022-12-27;"terça-feira";"22:30:00";"MG";381;890,4;"CAMBUI";"Velocidade Incompatível";"Saída de leito carroçável";"Com Vítimas Feridas";"Plena Noite";"Decrescente";"Chuva";"Dupla";"Curva";"Não";2;0;1;0;0;1;1;2;-22,54172672;-46,03748213;"SPRF-MG";"DEL16-MG";"UOP03-DEL16-MG"
495740;2022-12-28;"quarta-feira";"01:30:00";"BA";101;31,9;"ESPLANADA";"Reação tardia ou ineficiente do condutor";"Colisão traseira";"Com Vítimas Feridas";"Plena Noite";"Decrescente";"Nublado";"Dupla";"Reta";"Não";2;0;0;1;1;0;1;2;-11,79445617;-37,9546697;"SPRF-SE";"DEL02-SE";"UOP03-DEL02-SE"
495747;2022-12-28;"quarta-feira";"04:00:00";"PR";376;184;"SARANDI";"Ingestão de álcool pelo condutor";"Colisão traseira";"Com Vítimas Feridas";"Plena Noite";"Crescente";"Céu Claro";"Dupla";"Aclive";"Não";3;0;1;0;1;1;1;3;-23,4465611;-51,86216706;"SPRF-PR";"DEL09-PR";"UOP01-DEL09-PR"
495751;2022-12-28;"quarta-feira";"00:45:00";"PR";376;513,9;"PONTA GROSSA";"Velocidade Incompatível";"Saída de leito carroçável";"Com Vítimas Feridas";"Plena Noite";"Crescente";"Chuva";"Dupla";"Reta;Declive";"Não";5;0;0;1;3;2;1;4;-25,241;-50,03;"SPRF-PR";"DEL03-PR";"UOP04-DEL03-PR"
495754;2022-12-28;"quarta-feira";"06:40:00";"RS";116;243;"SAO LEOPOLDO";"Reação tardia ou ineficiente do condutor";"Colisão traseira";"Com Vítimas Feridas";"Pleno dia";"Crescente";"Garoa/Chuvisco";"Dupla";"Viaduto;Curva;Interseção de Vias;Rotatória";"Sim";2;0;1;0;1;0;1;2;-29,73049595;-51,15001023;"SPRF-RS";"DEL01-RS";"UOP02-DEL01-RS"
495756;2022-12-27;"terça-feira";"23:00:00";"BA";242;699;"CRISTOPOLIS";"Reação tardia ou ineficiente do condutor";"Tombamento";"Com Vítimas Feridas";"Plena Noite";"Crescente";"Ignorado";"Simples";"Reta";"Não";2;0;0;1;0;1;1;2;-12,22611636;-43,98679402;"SPRF-BA";"DEL10-BA";"UOP02-DEL10-BA"
495757;2022-12-28;"quarta-feira";"06:50:00";"PR";376;402,2;"TIBAGI";"Reação tardia ou ineficiente do condutor";"Colisão lateral mesmo sentido";"Com Vítimas Feridas";"Pleno dia";"Crescente";"Sol";"Dupla";"Declive;Curva";"Não";6;0;0;1;4;2;1;4;-24,5647772;-50,68683268;"SPRF-PR";"DEL03-PR";"UOP02-DEL03-PR"
495759;2022-12-28;"quarta-feira";"06:15:00";"MG";262;612,3;"IBIA";"Velocidade Incompatível";"Saída de leito carroçável";"Sem Vítimas";"Pleno dia";"Crescente";"Chuva";"Simples";"Curva";"Não";1;0;0;0;1;0;0;1;-19,59587062;-46,30033692;"SPRF-MG";"DEL08-MG";"UOP02-DEL08-MG"
495761;2022-12-28;"quarta-feira";"07:40:00";"PR";277;638;"CEU AZUL";"Desrespeitar a preferência no cruzamento";"Colisão transversal";"Com Vítimas Feridas";"Pleno dia";"Decrescente";"Céu Claro";"Simples";"Reta;Retorno Regulamentado";"Sim";4;0;2;0;2;0;2;2;-25,1538698;-53,84693384;"SPRF-PR";"DEL05-PR";"UOP02-DEL05-PR"
495765;2022-12-28;"quarta-feira";"06:40:00";"MG";40;34;"PARACATU";"Ausência de reação do condutor";"Colisão lateral sentido oposto";"Com Vítimas Fatais";"Pleno dia";"Decrescente";"Chuva";"Múltipla";"Declive;Curva";"Não";9;1;4;0;3;1;4;3;-17,18867389;-46,92301984;"SPRF-MG";"DEL14-MG";"UOP01-DEL14-MG"
495774;2022-08-31;"quarta-feira";"22:40:00";"RJ";116;220;"PARACAMBI";"Carga excessiva e/ou mal acondicionada";"Derramamento de carga";"Sem Vítimas";"Plena Noite";"Crescente";"Céu Claro";"Dupla";"Curva";"Não";2;0;0;0;1;1;0;2;-22,6736594;-43,81768227;"SPRF-RJ";"DEL07-RJ";"UOP01-DEL07-RJ"
495776;2022-12-28;"quarta-feira";"08:25:00";"ES";101;148;"LINHARES";"Acessar a via sem observar a presença dos outros veículos";"Atropelamento de Pedestre";"Com Vítimas Feridas";"Pleno dia";"Crescente";"Céu Claro";"Simples";"Reta";"Sim";3;0;1;0;1;1;1;3;-19,38787399;-40,06752766;"SPRF-ES";"DEL04-ES";"UOP01-DEL04-ES"
495779;2022-12-20;"terça-feira";"23:10:00";"MG";153;22,4;"CENTRALINA";"Velocidade Incompatível";"Saída de leito carroçável";"Com Vítimas Fatais";"Plena Noite";"Crescente";"Chuva";"Dupla";"Declive;Curva";"Não";9;2;1;3;0;3;4;3;-18,617755;-49,191316;"SPRF-MG";"DEL15-MG";"UOP03-DEL15-MG"
495788;2022-12-28;"quarta-feira";"08:20:00";"RJ";116;264;"VOLTA REDONDA";"Ausência de reação do condutor";"Engavetamento";"Com Vítimas Feridas";"Pleno dia";"Decrescente";"Nublado";"Dupla";"Reta;Aclive";"Não";7;0;3;0;3;2;3;5;-22,59213864;-44,07723781;"SPRF-RJ";"DEL07-RJ";"UOP02-DEL07-RJ"
495791;2022-12-27;"terça-feira";"20:20:00";"BA";324;350;"CAPIM GROSSO";"Trafegar com motocicleta (ou similar) entre as faixas";"Colisão lateral sentido oposto";"Com Vítimas Feridas";"Plena Noite";"Crescente";"Céu Claro";"Simples";"Reta";"Não";2;0;0;1;1;0;1;2;-11,36796319;-40,04207611;"SPRF-BA";"DEL04-BA";"UOP02-DEL04-BA"
495792;2022-12-28;"quarta-feira";"09:00:00";"AL";101;65;"MESSIAS";"Demais falhas na via";"Tombamento";"Com Vítimas Fatais";"Pleno dia";"Crescente";"Garoa/Chuvisco";"Dupla";"Curva";"Não";2;2;0;0;0;0;0;1;-9,32413414;-35,82956829;"SPRF-AL";"DEL01-AL";"UOP02-DEL01-AL"
495804;2022-12-28;"quarta-feira";"07:30:00";"BA";116;590;"IRAJUBA";"Ultrapassagem Indevida";"Saída de leito carroçável";"Com Vítimas Feridas";"Pleno dia";"Decrescente";"Céu Claro";"Simples";"Curva;Aclive";"Não";3;0;1;0;1;4;1;6;-13,13736057;-40,00011212;"SPRF-BA";"DEL03-BA";"UOP02-DEL03-BA"
495815;2022-12-28;"quarta-feira";"13:00:00";"MG";116;581,9;"MANHUACU";"Condutor Dormindo";"Engavetamento";"Com Vítimas Feridas";"Pleno dia";"Crescente";"Sol";"Simples";"Reta;Em Obras";"Não";7;0;0;2;4;1;2;5;-20,21424995;-42,18135561;"SPRF-MG";"DEL06-MG";"UOP03-DEL06-MG"
495816;2022-12-28;"quarta-feira";"11:15:00";"MS";262;616,2;"MIRANDA";"Manobra de mudança de faixa";"Colisão frontal";"Com Vítimas Fatais";"Pleno dia";"Crescente";"Céu Claro";"Simples";"Reta";"Não";5;2;1;1;0;3;2;5;-19,988187;-56,825728;"SPRF-MS";"DEL03-MS";"UOP02-DEL03-MS"
495819;2022-12-28;"quarta-feira";"11:38:00";"ES";101;427;"ATILIO VIVACQUA";"Velocidade Incompatível";"Saída de leito carroçável";"Sem Vítimas";"Pleno dia";"Crescente";"Sol";"Simples";"Reta";"Não";2;0;0;0;1;1;0;2;-20,9947948;-41,12521918;"SPRF-ES";"DEL03-ES";"UOP02-DEL03-ES"
495820;2022-12-28;"quarta-feira";"10:25:00";"SC";101;12;"GARUVA";"Condutor deixou de manter distância do veículo da frente";"Colisão traseira";"Com Vítimas Feridas";"Pleno dia";"Crescente";"Nublado";"Dupla";"Reta";"Não";6;0;1;0;5;0;1;5;-26,08104399;-48,86175612;"SPRF-SC";"DEL03-SC";"UOP01-DEL03-SC"
495821;2022-12-28;"quarta-feira";"10:00:00";"BA";116;324;"ARACI";"Transitar na contramão";"Colisão lateral sentido oposto";"Com Vítimas Feridas";"Pleno dia";"Decrescente";"Céu Claro";"Simples";"Reta";"Não";3;0;2;0;0;1;2;2;-11,36524105;-38,96331864;"SPRF-BA";"DEL02-BA";"UOP01-DEL02-BA"
495825;2022-12-28;"quarta-feira";"13:30:00";"PR";116;65;"CAMPINA GRANDE DO SUL";"Velocidade Incompatível";"Colisão traseira";"Com Vítimas Fatais";"Pleno dia";"Crescente";"Chuva";"Dupla";"Curva;Declive";"Não";5;2;0;0;2;1;0;4;-25,31031746;-49,00207969;"SPRF-PR";"DEL01-PR";"UOP02-DEL01-PR"
495837;2022-12-28;"quarta-feira";"14:00:00";"SP";116;197;"ARUJA";"Reação tardia ou ineficiente do condutor";"Colisão traseira";"Com Vítimas Feridas";"Pleno dia";"Crescente";"Céu Claro";"Dupla";"Reta";"Não";4;0;1;0;2;1;1;3;-23,39721625;-46,29284287;"SPRF-SP";"DEL01-SP";"UOP01-DEL01-SP"
495838;2022-12-19;"segunda-feira";"23:00:00";"RS";116;313;"GUAIBA";"Demais falhas mecânicas ou elétricas";"Incêndio";"Sem Vítimas";"Plena Noite";"Crescente";"Nublado";"Simples";"Aclive";"Não";2;0;0;0;2;0;0;2;-30,22747401;-51,40581186;"SPRF-RS";"DEL02-RS";"UOP01-DEL02-RS"
495841;2022-12-28;"quarta-feira";"14:10:00";"SC";101;214;"PALHOCA";"Condutor deixou de manter distância do veículo da frente";"Colisão traseira";"Com Vítimas Feridas";"Pleno dia";"Decrescente";"Céu Claro";"Múltipla";"Reta";"Sim";2;0;1;0;0;1;1;2;-27,64443;-48,67057;"SPRF-SC";"DEL01-SC";"UOP02-DEL01-SC"
495859;2022-12-28;"quarta-feira";"14:20:00";"MA";135;86,2;"ITAPECURU MIRIM";"Reação tardia ou ineficiente do condutor";"Colisão transversal";"Com Vítimas Fatais";"Pleno dia";"Decrescente";"Chuva";"Simples";"Reta";"Sim";2;1;0;0;1;0;0;2;-3,26368262;-44,39404642;"SPRF-MA";"DEL01-MA";"UOP02-DEL01-MA"
495863;2022-12-28;"quarta-feira";"16:50:00";"SC";282;3,5;"FLORIANOPOLIS";"Acumulo de água sobre o pavimento";"Colisão frontal";"Com Vítimas Feridas";"Pleno dia";"Decrescente";"Chuva";"Múltipla";"Reta";"Sim";2;0;1;0;1;0;1;2;-27,600384;-48,599705;"SPRF-SC";"DEL01-SC";"UOP01-DEL01-SC"
495866;2022-12-28;"quarta-feira";"15:50:00";"SC";470;52;"BLUMENAU";"Desrespeitar a preferência no cruzamento";"Colisão transversal";"Com Vítimas Feridas";"Pleno dia";"Crescente";"Sol";"Simples";"Interseção de Vias";"Sim";3;0;1;0;1;1;1;3;-26,86532881;-49,09970284;"SPRF-SC";"DEL04-SC";"UOP01-DEL04-SC"
495869;2022-12-28;"quarta-feira";"14:50:00";"MT";364;587;"DIAMANTINO";"Reação tardia ou ineficiente do condutor";"Colisão traseira";"Com Vítimas Feridas";"Pleno dia";"Crescente";"Céu Claro";"Dupla";"Reta";"Não";3;0;1;0;1;2;1;4;-14,61012536;-56,25164264;"SPRF-MT";"DEL01-MT";"UOP01-DEL01-MT"
495874;2022-12-28;"quarta-feira";"16:40:00";"PR";376;239;"APUCARANA";"Condutor deixou de manter distância do veículo da frente";"Colisão traseira";"Com Vítimas Feridas";"Pleno dia";"Crescente";"Chuva";"Dupla";"Reta;Declive";"Não";3;0;1;0;1;1;1;3;-23,58261216;-51,44500092;"SPRF-PR";"DEL07-PR";"UOP03-DEL07-PR"
495882;2022-12-28;"quarta-feira";"18:40:00";"PR";376;494;"PONTA GROSSA";"Condutor deixou de manter distância do veículo da frente";"Engavetamento";"Com Vítimas Feridas";"Anoitecer";"Crescente";"Chuva";"Dupla";"Declive;Reta";"Não";5;0;0;1;3;1;1;5;-25,16566955;-50,11640967;"SPRF-PR";"DEL03-PR";"UOP04-DEL03-PR"
495883;2022-12-28;"quarta-feira";"16:30:00";"PR";376;307,7;"MAUA DA SERRA";"Velocidade Incompatível";"Colisão traseira";"Sem Vítimas";"Pleno dia";"Decrescente";"Céu Claro";"Dupla";"Curva";"Não";4;0;0;0;3;2;0;4;-23,9743171;-51,1035821;"SPRF-PR";"DEL07-PR";"UOP02-DEL07-PR"
495886;2022-12-28;"quarta-feira";"19:30:00";"SP";116;214;"GUARULHOS";"Ingestão de álcool pelo condutor";"Colisão traseira";"Sem Vítimas";"Plena Noite";"Crescente";"Garoa/Chuvisco";"Múltipla";"Reta";"Sim";3;0;0;0;2;1;0;3;-23,44333014;-46,44531294;"SPRF-SP";"DEL01-SP";"UOP01-DEL01-SP"
495893;2022-12-28;"quarta-feira";"15:00:00";"RJ";116;295;"BARRA MANSA";"Demais falhas mecânicas ou elétricas";"Colisão lateral mesmo sentido";"Com Vítimas Feridas";"Pleno dia";"Decrescente";"Garoa/Chuvisco";"Dupla";"Reta";"Não";6;0;1;0;4;2;1;7;-22,45013044;-44,3107408;"SPRF-RJ";"DEL07-RJ";"UOP02-DEL07-RJ"
495901;2022-12-28;"quarta-feira";"21:30:00";"SP";116;211;"GUARULHOS";"Ingestão de álcool pelo condutor";"Engavetamento";"Com Vítimas Feridas";"Plena Noite";"Crescente";"Chuva";"Múltipla";"Declive";"Sim";15;0;4;0;10;1;4;13;-23,43219587;-46,41908169;"SPRF-SP";"DEL01-SP";"UOP01-DEL01-SP"
495906;2022-12-28;"quarta-feira";"22:20:00";"RJ";101;205;"CASIMIRO DE ABREU";"Ausência de reação do condutor";"Colisão lateral mesmo sentido";"Com Vítimas Feridas";"Plena Noite";"Crescente";"Céu Claro";"Simples";"Reta";"Sim";10;0;3;0;7;0;3;2;-22,475714;-42,19184;"SPRF-RJ";"DEL08-RJ";"UOP04-DEL08-RJ"
495910;2022-12-28;"quarta-feira";"23:50:00";"SP";116;294;"ITAPECERICA DA SERRA";"Demais falhas mecânicas ou elétricas";"Incêndio";"Sem Vítimas";"Plena Noite";"Crescente";"Céu Claro";"Dupla";"Reta";"Não";2;0;0;0;2;0;0;1;-23,76154691;-46,90483412;"SPRF-SP";"DEL04-SP";"UOP01-DEL04-SP"
495911;2022-12-28;"quarta-feira";"23:48:00";"SC";101;136;"BALNEARIO CAMBORIU";"Entrada inopinada do pedestre";"Atropelamento de Pedestre";"Com Vítimas Fatais";"Plena Noite";"Decrescente";"Céu Claro";"Múltipla";"Curva";"Sim";2;1;0;0;1;0;0;2;-27,0102883;-48,6146903;"SPRF-SC";"DEL04-SC";"UOP03-DEL04-SC"
495916;2022-12-29;"quinta-feira";"05:00:00";"ES";262;148,3;"IBATIBA";"Curva acentuada";"Tombamento";"Com Vítimas Feridas";"Amanhecer";"Crescente";"Nublado";"Simples";"Declive;Curva";"Não";2;0;1;0;0;1;1;2;-20,21477309;-41,42392501;"SPRF-ES";"DEL01-ES";"UOP02-DEL01-ES"
495918;2022-12-29;"quinta-feira";"05:50:00";"SE";101;115;"ITAPORANGA DAJUDA";"Condutor Dormindo";"Colisão traseira";"Com Vítimas Feridas";"Pleno dia";"Crescente";"Céu Claro";"Dupla";"Aclive;Curva";"Não";3;0;0;1;1;2;1;4;-11,00451077;-37,30888444;"SPRF-SE";"DEL02-SE";"UOP01-DEL02-SE"
495919;2022-12-29;"quinta-feira";"05:25:00";"MS";267;27;"BATAGUASSU";"Condutor Dormindo";"Saída de leito carroçável";"Sem Vítimas";"Amanhecer";"Crescente";"Céu Claro";"Dupla";"Curva";"Sim";2;0;0;0;1;2;0;3;-21,720677;-52,413359;"SPRF-MS";"DEL02-MS";"UOP04-DEL02-MS"
495920;2022-12-29;"quinta-feira";"05:20:00";"BA";324;460;"CANDEAL";"Condutor Dormindo";"Colisão frontal";"Com Vítimas Fatais";"Amanhecer";"Crescente";"Céu Claro";"Simples";"Reta";"Não";4;2;0;0;1;1;0;3;-11,93210599;-39,23155299;"SPRF-BA";"DEL02-BA";"UOP01-DEL02-BA"
495922;2022-12-28;"quarta-feira";"23:40:00";"MT";163;551;"DIAMANTINO";"Ausência de reação do condutor";"Tombamento";"Com Vítimas Feridas";"Plena Noite";"Decrescente";"Garoa/Chuvisco";"Simples";"Reta";"Não";2;0;1;0;0;2;1;3;-14,30008609;-56,1429591;"SPRF-MT";"DEL01-MT";"UOP01-DEL01-MT"
495924;2022-11-19;"sábado";"21:00:00";"SC";158;140,9;"PALMITOS";"Demais falhas mecânicas ou elétricas";"Saída de leito carroçável";"Com Vítimas Feridas";"Plena Noite";"Crescente";"Céu Claro";"Simples";"Reta";"Não";2;0;1;0;0;1;1;2;-27,12575601;-53,21242903;"SPRF-SC";"DEL07-SC";"UOP02-DEL07-SC"
495929;2022-12-28;"quarta-feira";"20:17:00";"MG";365;843,8;"SANTA VITORIA";"Velocidade Incompatível";"Colisão traseira";"Com Vítimas Feridas";"Pleno dia";"Crescente";"Nublado";"Simples";"Reta";"Não";8;0;5;0;2;1;5;3;-18,96010087;-50,28432321;"SPRF-MG";"DEL15-MG";"UOP03-DEL15-MG"
495937;2022-12-29;"quinta-feira";"06:57:00";"ES";101;410,3;"CACHOEIRO DE ITAPEMIRIM";"Ausência de reação do condutor";"Colisão lateral sentido oposto";"Com Vítimas Feridas";"Pleno dia";"Crescente";"Céu Claro";"Simples";"Curva";"Não";6;0;3;1;1;1;4;4;-20,89897356;-41,05387129;"SPRF-ES";"DEL03-ES";"UOP02-DEL03-ES"
495943;2022-12-29;"quinta-feira";"01:40:00";"RO";364;83;"VILHENA";"Chuva";"Saída de leito carroçável";"Com Vítimas Feridas";"Plena Noite";"Crescente";"Chuva";"Dupla";"Reta";"Não";5;0;2;1;2;0;3;1;-12,34268495;-60,63354492;"SPRF-RO";"DEL04-RO";"UOP01-DEL04-RO"
495945;2022-12-08;"quinta-feira";"08:30:00";"PE";101;91;"JABOATAO DOS GUARARAPES";"Demais falhas mecânicas ou elétricas";"Incêndio";"Sem Vítimas";"Pleno dia";"Crescente";"Céu Claro";"Dupla";"Reta";"Não";1;0;0;0;1;0;0;1;-8,22399812;-34,99290474;"SPRF-PE";"DEL01-PE";"UOP01-DEL01-PE"
495946;2022-12-29;"quinta-feira";"07:45:00";"RS";290;197,7;"RIO PARDO";"Reação tardia ou ineficiente do condutor";"Colisão frontal";"Com Vítimas Feridas";"Pleno dia";"Crescente";"Céu Claro";"Simples";"Reta";"Não";4;0;3;0;0;1;3;3;-30,168652;-52,185661;"SPRF-RS";"DEL02-RS";"UOP03-DEL02-RS"
495950;2022-12-29;"quinta-feira";"05:30:00";"MG";381;741,5;"TRES CORACOES";"Ausência de reação do condutor";"Saída de leito carroçável";"Com Vítimas Feridas";"Amanhecer";"Crescente";"Chuva";"Dupla";"Reta";"Não";1;0;1;0;0;0;1;1;-21,61577478;-45,25777775;"SPRF-MG";"DEL16-MG";"UOP02-DEL16-MG"
495962;2022-12-29;"quinta-feira";"07:35:00";"BA";407;107,9;"JAGUARARI";"Ultrapassagem Indevida";"Colisão lateral sentido oposto";"Com Vítimas Feridas";"Pleno dia";"Crescente";"Nublado";"Simples";"Reta";"Não";4;0;0;1;1;2;1;4;-10,28895105;-40,17156628;"SPRF-BA";"DEL04-BA";"UOP01-DEL04-BA"
495967;2022-12-29;"quinta-feira";"09:30:00";"SC";101;13,5;"GARUVA";"Desrespeitar a preferência no cruzamento";"Colisão transversal";"Com Vítimas Feridas";"Pleno dia";"Crescente";"Sol";"Dupla";"Retorno Regulamentado";"Não";4;0;2;0;1;1;2;3;-26,08986803;-48,86345096;"SPRF-SC";"DEL03-SC";"UOP01-DEL03-SC"
495971;2022-12-29;"quinta-feira";"09:37:00";"RS";470;192;"VERANOPOLIS";"Problema com o freio";"Colisão traseira";"Com Vítimas Feridas";"Pleno dia";"Crescente";"Céu Claro";"Simples";"Declive;Curva";"Não";22;0;5;0;17;0;5;9;-29,03826903;-51,56647017;"SPRF-RS";"DEL06-RS";"UOP02-DEL06-RS"
495975;2022-11-27;"domingo";"22:10:00";"MS";262;145;"AGUA CLARA";"Ingestão de álcool pelo condutor";"Colisão frontal";"Com Vítimas Feridas";"Plena Noite";"Crescente";"Céu Claro";"Simples";"Reta";"Sim";3;0;0;1;1;3;1;5;-20,44291645;-52,89089596;"SPRF-MS";"DEL07-MS";"UOP02-DEL07-MS"
495983;2022-12-29;"quinta-feira";"11:45:00";"MG";40;608,3;"CONGONHAS";"Conversão proibida";"Colisão transversal";"Com Vítimas Feridas";"Pleno dia";"Crescente";"Céu Claro";"Simples";"Reta;Declive";"Não";3;0;0;1;1;2;1;4;-20,490666;-43,837123;"SPRF-MG";"DEL05-MG";"UOP02-DEL05-MG"
495990;2022-12-29;"quinta-feira";"08:15:00";"BA";116;825,8;"VITORIA DA CONQUISTA";"Acessar a via sem observar a presença dos outros veículos";"Colisão lateral mesmo sentido";"Sem Vítimas";"Pleno dia";"Decrescente";"Céu Claro";"Dupla";"Reta";"Não";3;0;0;0;2;2;0;4;-14,87892732;-40,85472291;"SPRF-BA";"DEL08-BA";"UOP01-DEL08-BA"
495996;2022-12-29;"quinta-feira";"10:30:00";"MS";158;332;"BRASILANDIA";"Ingestão de álcool pelo condutor";"Saída de leito carroçável";"Com Vítimas Feridas";"Pleno dia";"Decrescente";"Nublado";"Simples";"Reta";"Não";2;0;1;0;0;1;1;2;-21,19361031;-51,99651654;"SPRF-MS";"DEL07-MS";"UOP01-DEL07-MS"
495998;2022-12-29;"quinta-feira";"11:15:00";"MT";163;816;"SINOP";"Acessar a via sem observar a presença dos outros veículos";"Colisão transversal";"Com Vítimas Feridas";"Pleno dia";"Crescente";"Nublado";"Simples";"Retorno Regulamentado;Interseção de Vias";"Não";4;0;1;0;1;2;1;4;-12,157108;-55,51313;"SPRF-MT";"DEL06-MT";"NPF/DEL06-MT"
496001;2022-12-29;"quinta-feira";"12:30:00";"MG";381;557;"ITAGUARA";"Acessar a via sem observar a presença dos outros veículos";"Colisão traseira";"Com Vítimas Feridas";"Pleno dia";"Crescente";"Chuva";"Dupla";"Reta";"Não";4;0;1;0;2;1;1;3;-20,36904195;-44,46938756;"SPRF-MG";"DEL04-MG";"UOP03-DEL04-MG"