"id";"data_inversa";"dia_semana";"horario";"uf";"br";"km";"municipio";"causa_acidente";"tipo_acidente";"classificacao_acidente";"fase_dia";"sentido_via";"condicao_metereologica";"tipo_pista";"tracado_via";"uso_solo";"pessoas";"mortos";"feridos_leves";"feridos_graves";"ilesos";"ignorados";"feridos";"veiculos";"latitude";"longitude";"regional";"delegacia";"uop"
500192;2022-12-04;"domingo";"01:06:00";"TO";242;470,1;"FORMOSO DO ARAGUAIA";"Transitar na contramão";"Saída de leito carroçável";"Com Vítimas Fatais";"Plena Noite";"Decrescente";"Garoa/Chuvisco";"Simples";"Reta";"Não";2;1;0;1;0;0;1;1;-11,79332086;-49,68213598;"SPRF-TO";"DEL01-TO";"UOP02-DEL01-TO"
500202;2022-11-13;"domingo";"16:00:00";"PA";155;332;"MARABA";"Ausência de reação do condutor";"Colisão traseira";"Com Vítimas Feridas";"Pleno dia";"Decrescente";"Sol";"Simples";"Reta";"Não";3;0;1;0;1;5;1;7;-5,468274;-49,075905;"SPRF-PA";"DEL03-PA";"UOP01-DEL03-PA"
500284;2022-12-16;"sexta-feira";"11:00:00";"PR";376;530;"PALMEIRA";"Reação tardia ou ineficiente do condutor";"Colisão frontal";"Com Vítimas Feridas";"Pleno dia";"Decrescente";"Chuva";"Dupla";"Curva;Aclive";"Não";3;0;1;0;2;0;1;3;-25,34745014;-49,84282912;"SPRF-PR";"DEL03-PR";"UOP04-DEL03-PR"
500293;2022-12-03;"sábado";"16:45:00";"PR";376;494;"PONTA GROSSA";"Reação tardia ou ineficiente do condutor";"Colisão frontal";"Com Vítimas Feridas";"Pleno dia";"Decrescente";"Chuva";"Dupla";"Reta";"Sim";8;0;2;2;3;1;4;5;-25,13113144;-50,17033339;"SPRF-PR";"DEL03-PR";"UOP04-DEL03-PR"
500543;2022-12-29;"quinta-feira";"18:15:00";"RJ";101;456;"MANGARATIBA";"Condutor deixou de manter distância do veículo da frente";"Colisão traseira";"Sem Vítimas";"Anoitecer";"Crescente";"Nublado";"Dupla";"Reta";"Não";3;0;0;0;3;0;0;2;-23,03288558;-44,16793391;"SPRF-RJ";"DEL03-RJ";"UOP02-DEL03-RJ"
500549;2022-11-28;"segunda-feira";"09:35:00";"PA";163;244,9;"NOVO PROGRESSO";"Ausência de reação do condutor";"Colisão traseira";"Sem Vítimas";"Pleno dia";"Decrescente";"Céu Claro";"Simples";"Reta";"Não";2;0;0;0;0;2;0;2;-7,57467803;-55,24307609;"SPRF-PA";"DEL05-PA";"UOP01-DEL05-PA"
500599;2022-09-04;"domingo";"05:00:00";"MG";116;496,9;"INHAPIM";"Condutor Dormindo";"Colisão frontal";"Com Vítimas Fatais";"Plena Noite";"Crescente";"Céu Claro";"Múltipla";"Declive";"Não";3;1;0;0;1;1;0;3;-19,52772702;-42,12719586;"SPRF-MG";"DEL06-MG";"UOP02-DEL06-MG"
500639;2022-08-04;"quinta-feira";"15:54:00";"DF";40;2,6;"BRASILIA";"Ausência de reação do condutor";"Colisão lateral mesmo sentido";"Com Vítimas Fatais";"Pleno dia";"Crescente";"Céu Claro";"Dupla";"Aclive";"Sim";3;1;0;0;1;2;0;4;-15,99435;-47,985947;"SPRF-DF";"DEL01-DF";"UOP01-DEL01-DF"
500686;2022-12-09;"sexta-feira";"16:43:00";"GO";153;245;"SAO LUIZ DO NORTE";"Transitar na contramão";"Colisão com objeto";"Com Vítimas Fatais";"Pleno dia";"Crescente";"Céu Claro";"Simples";"Declive;Reta";"Não";6;1;1;0;3;1;1;3;-14,877201;-49,33485;"SPRF-GO";"DEL07-GO";"UOP02-DEL07-GO"
500700;2022-10-28;"sexta-feira";"13:27:00";"PA";163;500;"ITAITUBA";"Velocidade Incompatível";"Colisão frontal";"Sem Vítimas";"Pleno dia";"Crescente";"Nublado";"Simples";"Curva";"Não";3;0;0;0;2;3;0;5;-5,50289987;-55,83120751;"SPRF-PA";"DEL05-PA";"UOP01-DEL05-PA"
500762;2022-10-25;"terça-feira";"17:10:00";"SC";470;269,2;"BRUNOPOLIS";"Velocidade Incompatível";"Colisão lateral sentido oposto";"Com Vítimas Feridas";"Pleno dia";"Decrescente";"Céu Claro";"Simples";"Aclive;Curva";"Não";3;0;0;1;1;1;1;3;-27,313988;-50,758327;"SPRF-SC";"DEL07-SC";"UOP06-DEL07-SC"
500833;2022-11-21;"segunda-feira";"09:20:00";"GO";153;342,7;"JARAGUA";"Condutor deixou de manter distância do veículo da frente";"Colisão traseira";"Sem Vítimas";"Pleno dia";"Decrescente";"Céu Claro";"Simples";"Aclive;Reta";"Não";3;0;0;0;3;0;0;3;-15,61235;-49,401028;"SPRF-GO";"DEL02-GO";"UOP02-DEL02-GO"
500838;2022-12-30;"sexta-feira";"17:40:00";"PA";163;372;"NOVO PROGRESSO";"Chuva";"Colisão lateral sentido oposto";"Com Vítimas Feridas";"Anoitecer";"Decrescente";"Chuva";"Simples";"Reta;Declive";"Não";6;0;1;3;1;3;4;5;-6,53896398;-55,53101227;"SPRF-PA";"DEL05-PA";"UOP01-DEL05-PA"
500902;2022-10-13;"quinta-feira";"07:20:00";"SC";282;393,7;"JOACABA";"Ausência de reação do condutor";"Colisão frontal";"Com Vítimas Fatais";"Amanhecer";"Decrescente";"Céu Claro";"Simples";"Curva";"Não";3;1;0;0;1;1;0;3;-27,1606142;-51,5736502;"SPRF-SC";"DEL07-SC";"UOP05-DEL07-SC"
501022;2022-12-27;"terça-feira";"09:50:00";"PA";163;622;"TRAIRAO";"Chuva";"Tombamento";"Com Vítimas Feridas";"Pleno dia";"Crescente";"Chuva";"Simples";"Curva";"Não";2;0;1;0;0;2;1;3;-4,71904094;-56,01445115;"SPRF-PA";"DEL05-PA";"UOP01-DEL05-PA"
501097;2022-12-23;"sexta-feira";"11:30:00";"RN";405;131;"SAO FRANCISCO DO OESTE";"Velocidade Incompatível";"Saída de leito carroçável";"Com Vítimas Feridas";"Pleno dia";"Crescente";"Céu Claro";"Simples";"Curva";"Não";2;0;1;0;0;2;1;3;-5,96528486;-38,13128806;"SPRF-RN";"DEL04-RN";"UOP02-DEL04-RN"
501136;2022-12-12;"segunda-feira";"23:59:00";"MG";251;391,8;"GRAO MOGOL";"Reação tardia ou ineficiente do condutor";"Colisão lateral sentido oposto";"Com Vítimas Feridas";"Plena Noite";"Decrescente";"Ignorado";"Simples";"Reta";"Não";3;0;1;0;1;1;1;3;-16,23528181;-42,8503017;"SPRF-MG";"DEL12-MG";"UOP01-DEL12-MG"
501153;2022-12-14;"quarta-feira";"06:40:00";"PA";163;440,7;"ITAITUBA";"Reação tardia ou ineficiente do condutor";"Derramamento de carga";"Com Vítimas Feridas";"Pleno dia";"Decrescente";"Garoa/Chuvisco";"Simples";"Reta;Aclive";"Não";2;0;1;0;0;1;1;2;-6,00273115;-55,68878645;"SPRF-PA";"DEL05-PA";"UOP01-DEL05-PA"
501248;2022-12-08;"quinta-feira";"12:49:00";"RR";174;101;"RORAINOPOLIS";"Transitar na contramão";"Colisão frontal";"Com Vítimas Feridas";"Pleno dia";"Decrescente";"Céu Claro";"Simples";"Reta";"Não";2;0;1;1;0;0;2;2;0,001825;-60,648285;"SPRF-RR";"DEL01-RR";"UOP01-DEL01-RR"
501253;2022-12-06;"terça-feira";"07:00:00";"MG";365;622;"UBERLANDIA";"Velocidade Incompatível";"Engavetamento";"Com Vítimas Feridas";"Pleno dia";"Crescente";"Chuva";"Dupla";"Reta;Aclive";"Sim";4;0;1;0;3;0;1;4;-18,90751667;-48,29937209;"SPRF-MG";"DEL15-MG";"UOP01-DEL15-MG"
501268;2022-12-01;"quinta-feira";"15:30:00";"PA";163;968;"BELTERRA";"Conversão proibida";"Colisão transversal";"Com Vítimas Feridas";"Pleno dia";"Decrescente";"Nublado";"Simples";"Reta;Declive";"Não";4;0;1;2;0;1;3;3;-2,67381493;-54,84298712;"SPRF-PA";"DEL05-PA";"UOP01-DEL05-PA"
501338;2022-09-07;"quarta-feira";"07:00:00";"MA";135;258;"CAPINZAL DO NORTE";"Ausência de reação do condutor";"Tombamento";"Com Vítimas Feridas";"Pleno dia";"Crescente";"Céu Claro";"Simples";"Reta";"Sim";2;0;0;1;0;1;1;2;-4,64012389;-44,33562862;"SPRF-MA";"DEL03-MA";"UOP01-DEL03-MA"
501443;2022-10-26;"quarta-feira";"05:20:00";"BA";101;18,2;"RIO REAL";"Chuva";"Saída de leito carroçável";"Com Vítimas Feridas";"Amanhecer";"Decrescente";"Chuva";"Múltipla";"Reta;Declive";"Não";2;0;1;0;0;1;1;2;-11,68441447;-37,90266037;"SPRF-SE";"DEL02-SE";"UOP03-DEL02-SE"
501518;2022-10-27;"quinta-feira";"23:00:00";"PR";376;394;"IMBAU";"Reação tardia ou ineficiente do condutor";"Colisão traseira";"Com Vítimas Feridas";"Plena Noite";"Crescente";"Céu Claro";"Dupla";"Reta";"Não";4;0;1;0;2;4;1;6;-24,51065765;-50,71409225;"SPRF-PR";"DEL03-PR";"UOP02-DEL03-PR"
501592;2022-12-19;"segunda-feira";"11:30:00";"PA";10;306,7;"IRITUIA";"Ausência de reação do condutor";"Tombamento";"Com Vítimas Fatais";"Pleno dia";"Decrescente";"Céu Claro";"Simples";"Reta";"Não";1;1;0;0;0;0;0;1;-1,75691395;-47,5039093;"SPRF-PA";"DEL02-PA";"UOP01-DEL02-PA"
501699;2022-11-17;"quinta-feira";"10:00:00";"PA";230;119;"MARABA";"Reação tardia ou ineficiente do condutor";"Colisão traseira";"Com Vítimas Feridas";"Pleno dia";"Decrescente";"Céu Claro";"Dupla";"Reta";"Sim";4;0;2;0;1;1;2;2;-5,350407;-49,105981;"SPRF-PA";"DEL03-PA";"UOP01-DEL03-PA"
501703;2022-11-26;"sábado";"05:55:00";"MG";40;614,1;"CONGONHAS";"Ausência de reação do condutor";"Colisão frontal";"Com Vítimas Fatais";"Amanhecer";"Crescente";"Céu Claro";"Simples";"Reta";"Não";2;1;0;0;1;0;0;2;-20,52977973;-43,82351464;"SPRF-MG";"DEL05-MG";"UOP02-DEL05-MG"
501790;2022-11-17;"quinta-feira";"08:20:00";"PA";230;685;"MEDICILANDIA";"Transitar na contramão";"Colisão frontal";"Com Vítimas Fatais";"Pleno dia";"Decrescente";"Céu Claro";"Simples";"Aclive";"Não";2;1;0;0;0;1;0;2;-3,390089;-52,707765;"SPRF-PA";"DEL04-PA";"UOP01-DEL04-PA"
501999;2022-11-08;"terça-feira";"09:20:00";"RO";364;14;"VILHENA";"Manobra de mudança de faixa";"Colisão lateral mesmo sentido";"Com Vítimas Feridas";"Pleno dia";"Decrescente";"Céu Claro";"Dupla";"Interseção de Vias";"Sim";4;0;1;1;1;2;2;4;-12,73892486;-60,13953567;"SPRF-RO";"DEL04-RO";"UOP01-DEL04-RO"
502120;2022-12-17;"sábado";"18:00:00";"MA";135;4;"SAO LUIS";"Demais falhas na via";"Colisão com objeto";"Com Vítimas Fatais";"Anoitecer";"Decrescente";"Céu Claro";"Dupla";"Reta";"Sim";3;1;0;0;0;2;0;3;-2,6477556;-44,3070493;"SPRF-MA";"DEL01-MA";"UOP01-DEL01-MA"
502142;2022-12-09;"sexta-feira";"21:00:00";"SP";116;109;"TAUBATE";"Acesso irregular";"Atropelamento de Pedestre";"Com Vítimas Feridas";"Plena Noite";"Decrescente";"Céu Claro";"Dupla";"Reta";"Sim";2;0;0;1;0;1;1;2;-23,02871304;-45,54517097;"SPRF-SP";"DEL02-SP";"UOP02-DEL02-SP"
502177;2022-12-30;"sexta-feira";"23:00:00";"RR";174;211;"RORAINOPOLIS";"Conversão proibida";"Saída de leito carroçável";"Com Vítimas Feridas";"Plena Noite";"Crescente";"Céu Claro";"Simples";"Reta";"Sim";5;0;3;1;1;0;4;2;0,936114;-60,426502;"SPRF-RR";"DEL01-RR";"UOP01-DEL01-RR"
502269;2022-10-20;"quinta-feira";"12:50:00";"MG";356;273,4;"EUGENOPOLIS";"Ausência de reação do condutor";"Colisão frontal";"Com Vítimas Fatais";"Pleno dia";"Crescente";"Céu Claro";"Simples";"Reta";"Não";28;1;21;5;0;1;26;4;-21,13822699;-42,30556011;"SPRF-MG";"DEL07-MG";"UOP02-DEL07-MG"
502281;2022-12-14;"quarta-feira";"09:00:00";"SP";116;503;"CAJATI";"Reação tardia ou ineficiente do condutor";"Colisão lateral mesmo sentido";"Sem Vítimas";"Pleno dia";"Crescente";"Céu Claro";"Simples";"Reta";"Não";2;0;0;0;2;0;0;2;-24,77541893;-48,20947907;"SPRF-SP";"DEL05-SP";"UOP02-DEL05-SP"
502317;2022-12-06;"terça-feira";"14:45:00";"MG";381;163,8;"GOVERNADOR VALADARES";"Transitar na contramão";"Colisão frontal";"Com Vítimas Fatais";"Pleno dia";"Decrescente";"Céu Claro";"Simples";"Curva";"Não";4;2;1;1;0;0;2;2;-18,92471334;-42,01928902;"SPRF-MG";"DEL06-MG";"UOP01-DEL06-MG"
502318;2022-10-13;"quinta-feira";"09:00:00";"MG";116;351,3;"JAMPRUCA";"Reação tardia ou ineficiente do condutor";"Saída de leito carroçável";"Sem Vítimas";"Pleno dia";"Crescente";"Céu Claro";"Simples";"Curva";"Não";2;0;0;0;1;2;0;3;-18,39269701;-41,81900105;"SPRF-MG";"DEL11-MG";"UOP01-DEL11-MG"
502351;2022-12-13;"terça-feira";"15:00:00";"SC";470;348,5;"CAMPOS NOVOS";"Velocidade Incompatível";"Saída de leito carroçável";"Com Vítimas Feridas";"Pleno dia";"Crescente";"Céu Claro";"Simples";"Curva";"Não";2;0;0;1;0;1;1;2;-27,549416;-51,44669;"SPRF-SC";"DEL07-SC";"UOP06-DEL07-SC"
502393;2022-10-12;"quarta-feira";"00:20:00";"CE";20;387;"CAUCAIA";"Ingestão de álcool pelo condutor";"Colisão frontal";"Com Vítimas Feridas";"Plena Noite";"Decrescente";"Céu Claro";"Simples";"Reta";"Não";2;0;0;1;0;1;1;2;-3,87165377;-38,80727818;"SPRF-CE";"DEL01-CE";"UOP01-DEL01-CE"
502448;2022-11-07;"segunda-feira";"05:25:00";"PR";277;654,3;"MATELANDIA";"Ultrapassagem Indevida";"Colisão frontal";"Com Vítimas Feridas";"Amanhecer";"Crescente";"Céu Claro";"Simples";"Reta";"Não";2;0;0;1;1;0;1;2;-25,22232211;-53,9513177;"SPRF-PR";"DEL05-PR";"UOP02-DEL05-PR"
502463;2022-09-22;"quinta-feira";"17:43:00";"MG";381;481,4;"CONTAGEM";"Ausência de reação do condutor";"Colisão traseira";"Com Vítimas Feridas";"Anoitecer";"Crescente";"Nublado";"Simples";"Reta";"Sim";3;0;1;0;1;1;1;3;-19,95779741;-44,06238556;"SPRF-MG";"DEL01-MG";"UOP03-DEL01-MG"
502599;2022-12-26;"segunda-feira";"08:05:00";"MG";262;3;"MARTINS SOARES";"Condutor deixou de manter distância do veículo da frente";"Colisão lateral mesmo sentido";"Com Vítimas Feridas";"Pleno dia";"Decrescente";"Céu Claro";"Simples";"Reta";"Não";3;0;1;0;1;1;1;3;-20,25456176;-41,78231847;"SPRF-MG";"DEL06-MG";"UOP03-DEL06-MG"
502637;2022-12-30;"sexta-feira";"14:20:00";"PB";104;133,5;"QUEIMADAS";"Reação tardia ou ineficiente do condutor";"Colisão traseira";"Com Vítimas Fatais";"Pleno dia";"Crescente";"Sol";"Simples";"Reta";"Sim";2;1;0;0;0;1;0;2;-7,31674795;-35,89500926;"SPRF-PB";"DEL02-PB";"UOP03-DEL02-PB"
502666;2022-12-29;"quinta-feira";"05:20:00";"MT";163;686;"LUCAS DO RIO VERDE";"Acessar a via sem observar a presença dos outros veículos";"Colisão transversal";"Com Vítimas Feridas";"Pleno dia";"Decrescente";"Céu Claro";"Simples";"Reta";"Sim";2;0;0;1;0;1;1;2;-13,19174413;-55,98980472;"SPRF-MT";"DEL06-MT";"UOP02-DEL06-MT"
502795;2022-11-25;"sexta-feira";"09:30:00";"RJ";101;480;"ANGRA DOS REIS";"Reação tardia ou ineficiente do condutor";"Colisão frontal";"Com Vítimas Feridas";"Pleno dia";"Decrescente";"Nublado";"Simples";"Curva";"Sim";3;0;0;1;2;0;1;2;-23,01331268;-44,28361913;"SPRF-RJ";"DEL03-RJ";"UOP03-DEL03-RJ"
502799;2022-12-18;"domingo";"11:30:00";"MG";116;262;"TEOFILO OTONI";"Transitar na contramão";"Colisão frontal";"Com Vítimas Fatais";"Pleno dia";"Crescente";"Chuva";"Simples";"Reta;Declive";"Não";3;1;0;0;1;1;0;3;-17,73929595;-41,50092126;"SPRF-MG";"DEL11-MG";"UOP01-DEL11-MG"
502875;2022-11-20;"domingo";"23:15:00";"PR";376;638;"TIJUCAS DO SUL";"Ausência de reação do condutor";"Colisão traseira";"Com Vítimas Feridas";"Plena Noite";"Decrescente";"Nublado";"Dupla";"Reta";"Não";3;0;1;1;1;0;2;2;-25,76503801;-49,12449804;"SPRF-PR";"DEL01-PR";"UOP04-DEL01-PR"
502922;2022-12-13;"terça-feira";"14:30:00";"PA";230;107;"SAO JOAO DO ARAGUAIA";"Ultrapassagem Indevida";"Saída de leito carroçável";"Com Vítimas Feridas";"Pleno dia";"Crescente";"Céu Claro";"Simples";"Reta";"Não";4;0;1;0;2;5;1;7;-5,37926183;-49,00486996;"SPRF-PA";"DEL03-PA";"UOP01-DEL03-PA"
503002;2022-12-19;"segunda-feira";"19:25:00";"SC";101;210;"SAO JOSE";"Reação tardia ou ineficiente do condutor";"Colisão lateral mesmo sentido";"Com Vítimas Feridas";"Plena Noite";"Crescente";"Chuva";"Múltipla";"Reta";"Sim";4;0;0;1;0;3;1;4;-27,6167305;-48,6457265;"SPRF-SC";"DEL01-SC";"UOP01-DEL01-SC"
503025;2022-08-13;"sábado";"10:30:00";"BA";116;641,5;"JAGUAQUARA";"Ultrapassagem Indevida";"Colisão lateral sentido oposto";"Com Vítimas Feridas";"Pleno dia";"Crescente";"Céu Claro";"Simples";"Declive";"Não";4;0;2;0;1;2;2;5;-13,5395071;-40,06790376;"SPRF-BA";"DEL03-BA";"UOP01-DEL03-BA"
503082;2022-12-17;"sábado";"05:40:00";"MG";116;126,4;"ITAOBIM";"Transitar na contramão";"Colisão frontal";"Com Vítimas Feridas";"Amanhecer";"Decrescente";"Nublado";"Simples";"Reta";"Não";2;0;0;1;0;1;1;2;-16,653504;-41,50203205;"SPRF-MG";"DEL11-MG";"UOP02-DEL11-MG"
503094;2022-11-06;"domingo";"22:50:00";"PE";104;144,3;"QUIPAPA";"Acumulo de areia ou detritos sobre o pavimento";"Tombamento";"Sem Vítimas";"Plena Noite";"Crescente";"Chuva";"Simples";"Reta";"Não";2;0;0;0;1;1;0;2;-8,877309;-36,025791;"SPRF-PE";"DEL02-PE";"UOP03-DEL02-PE"
503268;2022-06-11;"sábado";"04:00:00";"PR";116;91;"PIRAQUARA";"Condutor Dormindo";"Saída de leito carroçável";"Com Vítimas Fatais";"Plena Noite";"Decrescente";"Nublado";"Múltipla";"Reta;Declive";"Sim";3;3;0;0;0;0;0;2;-25,46961587;-49,09184037;"SPRF-PR";"DEL01-PR";"UOP01-DEL01-PR"
503269;2022-11-14;"segunda-feira";"03:20:00";"RJ";465;19;"NOVA IGUACU";"Afundamento ou ondulação no pavimento";"Tombamento";"Com Vítimas Feridas";"Plena Noite";"Crescente";"Nublado";"Simples";"Reta";"Sim";3;0;1;1;1;0;2;2;-22,839184;-43,610451;"SPRF-RJ";"DEL03-RJ";"UOP01-DEL03-RJ"
503312;2022-11-01;"terça-feira";"13:25:00";"SP";381;78,8;"SAO PAULO";"Reação tardia ou ineficiente do condutor";"Tombamento";"Com Vítimas Feridas";"Pleno dia";"Decrescente";"Nublado";"Dupla";"Curva";"Não";2;0;1;0;1;0;1;1;-23,40319901;-46,57564699;"SPRF-SP";"DEL03-SP";"UOP01-DEL03-SP"
503454;2022-12-15;"quinta-feira";"09:00:00";"RJ";393;265,5;"BARRA DO PIRAI";"Condutor Dormindo";"Colisão frontal";"Com Vítimas Fatais";"Pleno dia";"Decrescente";"Céu Claro";"Simples";"Reta";"Sim";3;1;0;0;1;1;0;3;-22,48062523;-43,89336791;"SPRF-RJ";"DEL05-RJ";"UOP04-DEL05-RJ"
503481;2022-09-14;"quarta-feira";"19:45:00";"MT";174;98;"CACERES";"Transitar na contramão";"Colisão lateral sentido oposto";"Com Vítimas Feridas";"Plena Noite";"Crescente";"Céu Claro";"Simples";"Reta";"Não";3;0;0;1;1;1;1;3;-15,8480331;-57,85101104;"SPRF-MT";"DEL03-MT";"UOP01-DEL03-MT"
503520;2022-11-01;"terça-feira";"21:10:00";"SC";116;3;"MAFRA";"Transitar na contramão";"Colisão frontal";"Com Vítimas Feridas";"Plena Noite";"Decrescente";"Garoa/Chuvisco";"Simples";"Reta";"Não";5;0;1;1;1;2;2;4;-26,13073161;-49,79922442;"SPRF-SC";"DEL06-SC";"UOP01-DEL06-SC"
503523;2022-12-18;"domingo";"21:20:00";"PA";316;110;"SANTA MARIA DO PARA";"Ausência de reação do condutor";"Colisão com objeto";"Com Vítimas Feridas";"Plena Noite";"Crescente";"Ignorado";"Simples";"Reta";"Sim";2;0;2;0;0;0;2;2;-1,32235116;-47,52052288;"SPRF-PA";"DEL01-PA";"UOP02-DEL01-PA"
503537;2022-11-21;"segunda-feira";"11:30:00";"MG";381;873;"POUSO ALEGRE";"Velocidade Incompatível";"Tombamento";"Com Vítimas Feridas";"Pleno dia";"Crescente";"Céu Claro";"Dupla";"Reta";"Não";3;0;2;0;0;1;2;2;-22,450796;-46,000139;"SPRF-MG";"DEL16-MG";"UOP01-DEL16-MG"
503712;2022-12-03;"sábado";"21:50:00";"PR";116;101;"SAO JOSE DOS PINHAIS";"Estacionar ou parar em local proibido";"Colisão traseira";"Com Vítimas Feridas";"Plena Noite";"Crescente";"Nublado";"Dupla";"Reta";"Não";3;0;2;0;0;1;2;3;-25,54167701;-49,1509368;"SPRF-PR";"DEL01-PR";"UOP07-DEL01-PR"
503834;2022-11-17;"quinta-feira";"22:00:00";"MS";376;22;"FATIMA DO SUL";"Reação tardia ou ineficiente do condutor";"Saída de leito carroçável";"Com Vítimas Feridas";"Plena Noite";"Crescente";"Céu Claro";"Simples";"Reta";"Não";2;0;0;1;0;2;1;3;-22,34317476;-54,56030174;"SPRF-MS";"DEL04-MS";"UOP01-DEL04-MS"
503877;2022-11-24;"quinta-feira";"06:30:00";"ES";262;40;"DOMINGOS MARTINS";"Transitar na contramão";"Colisão frontal";"Com Vítimas Feridas";"Pleno dia";"Decrescente";"Chuva";"Simples";"Curva";"Não";8;0;1;4;2;1;5;3;-20,38395807;-40,63664401;"SPRF-ES";"DEL01-ES";"UOP01-DEL01-ES"
503910;2022-11-12;"sábado";"19:40:00";"BA";101;311;"PRESIDENTE TANCREDO NEVES";"Transitar na contramão";"Colisão frontal";"Com Vítimas Feridas";"Plena Noite";"Crescente";"Céu Claro";"Simples";"Reta";"Não";14;0;9;3;2;0;12;2;-13,44561083;-39,42167573;"SPRF-BA";"DEL05-BA";"UOP03-DEL05-BA"
504233;2022-11-12;"sábado";"17:15:00";"RJ";116;138;"DUQUE DE CAXIAS";"Reação tardia ou ineficiente do condutor";"Tombamento";"Com Vítimas Feridas";"Pleno dia";"Crescente";"Céu Claro";"Dupla";"Curva;Interseção de Vias";"Sim";2;0;0;1;1;0;1;1;-22,6488288;-43,23145866;"SPRF-RJ";"DEL01-RJ";"UOP01-DEL01-RJ"
504241;2022-12-12;"segunda-feira";"14:30:00";"PA";163;36;"NOVO PROGRESSO";"Sinalização mal posicionada";"Tombamento";"Com Vítimas Fatais";"Pleno dia";"Crescente";"Céu Claro";"Simples";"Curva";"Não";9;1;0;1;1;8;1;7;-9,26214276;-54,8350963;"SPRF-PA";"DEL05-PA";"UOP01-DEL05-PA"
504320;2022-12-12;"segunda-feira";"11:30:00";"MG";50;192,3;"UBERABA";"Ausência de reação do condutor";"Colisão traseira";"Com Vítimas Feridas";"Pleno dia";"Crescente";"Nublado";"Dupla";"Reta;Declive";"Não";3;0;2;0;1;0;2;2;-19,87187797;-47,85892196;"SPRF-MG";"DEL13-MG";"UOP01-DEL13-MG"
504393;2022-12-30;"sexta-feira";"02:00:00";"PR";277;112,5;"CAMPO LARGO";"Ausência de reação do condutor";"Colisão traseira";"Com Vítimas Feridas";"Plena Noite";"Crescente";"Céu Claro";"Dupla";"Reta";"Sim";3;0;1;0;1;1;1;3;-25,446519;-49,481606;"SPRF-PR";"DEL03-PR";"UOP03-DEL03-PR"
504461;2022-11-23;"quarta-feira";"08:00:00";"CE";222;203,9;"FORQUILHA";"Velocidade Incompatível";"Tombamento";"Sem Vítimas";"Pleno dia";"Crescente";"Céu Claro";"Simples";"Curva";"Não";2;0;0;0;1;3;0;4;-3,789336;-40,21799;"SPRF-CE";"DEL04-CE";"UOP01-DEL04-CE"
504513;2022-11-19;"sábado";"20:00:00";"RS";293;105;"PINHEIRO MACHADO";"Reação tardia ou ineficiente do condutor";"Tombamento";"Com Vítimas Feridas";"Plena Noite";"Decrescente";"Céu Claro";"Simples";"Reta";"Não";2;0;1;0;0;2;1;3;-31,58287601;-53,35585301;"SPRF-RS";"DEL11-RS";"UOP03-DEL11-RS"
504713;2022-11-12;"sábado";"12:00:00";"MG";262;362,4;"JUATUBA";"Reação tardia ou ineficiente do condutor";"Engavetamento";"Com Vítimas Feridas";"Pleno dia";"Decrescente";"Céu Claro";"Dupla";"Reta";"Não";4;0;0;2;1;1;2;4;-19,97238077;-44,28215504;"SPRF-MG";"DEL01-MG";"UOP03-DEL01-MG"
504732;2022-12-09;"sexta-feira";"18:30:00";"ES";101;220;"IBIRACU";"Manobra de mudança de faixa";"Colisão lateral mesmo sentido";"Com Vítimas Feridas";"Plena Noite";"Decrescente";"Céu Claro";"Dupla";"Curva";"Não";2;0;0;1;1;0;1;2;-19,86379124;-40,39171492;"SPRF-ES";"DEL02-ES";"UOP01-DEL02-ES"
504857;2022-11-19;"sábado";"21:15:00";"PA";10;304;"IRITUIA";"Reação tardia ou ineficiente do condutor";"Colisão traseira";"Com Vítimas Feridas";"Plena Noite";"Decrescente";"Céu Claro";"Simples";"Reta";"Não";2;0;0;1;0;1;1;2;-1,785247;-47,513613;"SPRF-PA";"DEL02-PA";"UOP01-DEL02-PA"
504888;2022-12-19;"segunda-feira";"05:30:00";"PA";316;118;"SANTA MARIA DO PARA";"Ausência de reação do condutor";"Colisão traseira";"Com Vítimas Feridas";"Amanhecer";"Decrescente";"Céu Claro";"Simples";"Reta";"Sim";2;0;0;1;0;1;1;2;-1,30866922;-47,45203805;"SPRF-PA";"DEL01-PA";"UOP02-DEL01-PA"
505083;2022-12-07;"quarta-feira";"03:22:00";"PA";230;1102;"RUROPOLIS";"Reação tardia ou ineficiente do condutor";"Saída de leito carroçável";"Sem Vítimas";"Plena Noite";"Crescente";"Ignorado";"Simples";"Declive;Reta";"Não";1;0;0;0;1;0;0;1;-4;-55;"SPRF-PA";"DEL05-PA";"UOP02-DEL05-PA"
505128;2022-12-21;"quarta-feira";"09:15:00";"BA";30;238;"GUANAMBI";"Problema com o freio";"Saída de leito carroçável";"Com Vítimas Fatais";"Pleno dia";"Decrescente";"Nublado";"Simples";"Curva;Declive";"Não";2;1;0;0;0;1;0;2;-14,152997;-42,699628;"SPRF-BA";"DEL08-BA";"UOP01-DEL08-BA"
505218;2022-12-17;"sábado";"15:30:00";"BA";116;63,4;"CHORROCHO";"Transitar na contramão";"Colisão frontal";"Com Vítimas Fatais";"Pleno dia";"Crescente";"Céu Claro";"Simples";"Reta";"Não";5;3;0;0;1;2;0;4;-9,15582996;-39,11560992;"SPRF-PE";"DEL05-PE";"UOP03-DEL05-PE"
505219;2022-09-06;"terça-feira";"18:45:00";"PR";277;170;"PALMEIRA";"Pedestre cruzava a pista fora da faixa";"Atropelamento de Pedestre";"Com Vítimas Feridas";"Anoitecer";"Decrescente";"Chuva";"Simples";"Declive;Reta";"Sim";2;0;0;1;1;0;1;2;-25,43445798;-50,00487328;"SPRF-PR";"DEL03-PR";"UOP03-DEL03-PR"