"id";"data_inversa";"dia_semana";"horario";"uf";"br";"km";"municipio";"causa_acidente";"tipo_acidente";"classificacao_acidente";"fase_dia";"sentido_via";"condicao_metereologica";"tipo_pista";"tracado_via";"uso_solo";"pessoas";"mortos";"feridos_leves";"feridos_graves";"ilesos";"ignorados";"feridos";"veiculos";"latitude";"longitude";"regional";"delegacia";"uop"
505287;2022-11-10;"quinta-feira";"08:00:00";"MG";116;124;"ITAOBIM";"Condutor deixou de manter distância do veículo da frente";"Saída de leito carroçável";"Com Vítimas Feridas";"Pleno dia";"Decrescente";"Céu Claro";"Simples";"Curva";"Não";2;0;1;0;0;1;1;2;-16,637169;-41,501524;"SPRF-MG";"DEL11-MG";"UOP02-DEL11-MG"
505370;2022-12-23;"sexta-feira";"14:30:00";"PA";316;62;"CASTANHAL";"Problema com o freio";"Engavetamento";"Sem Vítimas";"Pleno dia";"Decrescente";"Chuva";"Dupla";"Reta";"Sim";3;0;0;0;2;1;0;3;-1,29786885;-47,93764104;"SPRF-PA";"DEL01-PA";"UOP01-DEL01-PA"
505391;2022-11-17;"quinta-feira";"03:30:00";"PR";116;77,5;"PIRAQUARA";"Ausência de reação do condutor";"Colisão traseira";"Com Vítimas Fatais";"Plena Noite";"Crescente";"Céu Claro";"Dupla";"Reta";"Não";4;1;0;1;1;1;1;3;-25,38360492;-49,05301123;"SPRF-PR";"DEL01-PR";"UOP07-DEL01-PR"
505393;2022-07-27;"quarta-feira";"16:20:00";"PR";277;2,4;"PARANAGUA";"Acessar a via sem observar a presença dos outros veículos";"Colisão lateral mesmo sentido";"Com Vítimas Feridas";"Pleno dia";"Decrescente";"Céu Claro";"Dupla";"Interseção de Vias;Reta";"Sim";3;0;1;0;1;1;1;3;-25,51937511;-48,54305159;"SPRF-PR";"DEL01-PR";"UOP05-DEL01-PR"
505627;2022-11-06;"domingo";"23:45:00";"PA";10;145;"PARAGOMINAS";"Ausência de reação do condutor";"Colisão traseira";"Com Vítimas Feridas";"Plena Noite";"Crescente";"Céu Claro";"Simples";"Reta";"Não";4;0;0;1;2;1;1;3;-3,16937103;-47,48935313;"SPRF-PA";"DEL02-PA";"UOP01-DEL02-PA"
505682;2022-11-18;"sexta-feira";"21:00:00";"MT";163;583;"NOVA MUTUM";"Obstrução na via";"Tombamento";"Com Vítimas Feridas";"Plena Noite";"Crescente";"Nevoeiro/Neblina";"Simples";"Reta";"Não";4;0;1;0;2;2;1;5;-14,05793518;-56,09856364;"SPRF-MT";"DEL01-MT";"UOP01-DEL01-MT"
506088;2022-11-29;"terça-feira";"17:30:00";"MG";381;943;"EXTREMA";"Condutor usando celular";"Saída de leito carroçável";"Sem Vítimas";"Anoitecer";"Decrescente";"Nublado";"Dupla";"Reta;Aclive";"Não";2;0;0;0;1;1;0;2;-22,87018424;-46,3581479;"SPRF-MG";"DEL16-MG";"UOP03-DEL16-MG"
506333;2022-11-21;"segunda-feira";"06:25:00";"MG";381;480;"CONTAGEM";"Reação tardia ou ineficiente do condutor";"Colisão traseira";"Com Vítimas Feridas";"Amanhecer";"Decrescente";"Céu Claro";"Simples";"Aclive";"Sim";13;0;10;0;2;1;10;3;-19,95749597;-44,07899901;"SPRF-MG";"DEL01-MG";"UOP03-DEL01-MG"
506798;2022-04-27;"quarta-feira";"17:30:00";"BA";116;138;"CANUDOS";"Afundamento ou ondulação no pavimento";"Saída de leito carroçável";"Com Vítimas Feridas";"Anoitecer";"Crescente";"Céu Claro";"Simples";"Reta";"Não";7;0;6;1;0;0;7;1;-9,81523227;-39,15421445;"SPRF-BA";"DEL07-BA";"UOP01-DEL07-BA"
507006;2022-12-26;"segunda-feira";"08:00:00";"RO";319;62;"PORTO VELHO";"Reação tardia ou ineficiente do condutor";"Colisão transversal";"Com Vítimas Feridas";"Pleno dia";"Decrescente";"Nublado";"Dupla";"Reta";"Não";2;0;1;0;1;0;1;2;-8,75142046;-63,88734095;"SPRF-RO";"DEL01-RO";"UOP01-DEL01-RO"
507298;2022-12-28;"quarta-feira";"13:30:00";"PR";476;200;"LAPA";"Acessar a via sem observar a presença dos outros veículos";"Colisão transversal";"Com Vítimas Feridas";"Pleno dia";"Decrescente";"Céu Claro";"Simples";"Reta";"Não";2;0;0;1;1;0;1;2;-25,77438;-49,755112;"SPRF-PR";"DEL01-PR";"UOP06-DEL01-PR"
507343;2022-10-28;"sexta-feira";"13:50:00";"PR";280;286,2;"FLOR DA SERRA DO SUL";"Ausência de reação do condutor";"Atropelamento de Pedestre";"Com Vítimas Feridas";"Pleno dia";"Crescente";"Céu Claro";"Simples";"Aclive";"Não";1;0;0;1;0;0;1;1;-26,24620085;-53,27606088;"SPRF-PR";"DEL02-PR";"UOP01-DEL02-PR"
507489;2022-12-17;"sábado";"05:40:00";"SC";470;89;"ASCURRA";"Ausência de reação do condutor";"Colisão lateral sentido oposto";"Com Vítimas Feridas";"Pleno dia";"Crescente";"Céu Claro";"Simples";"Declive";"Sim";5;0;2;0;2;3;2;6;-26,961573;-49,371918;"SPRF-SC";"DEL04-SC";"UOP01-DEL04-SC"
507508;2022-11-03;"quinta-feira";"01:00:00";"BA";101;82;"ENTRE RIOS";"Ausência de reação do condutor";"Atropelamento de Pedestre";"Com Vítimas Feridas";"Plena Noite";"Crescente";"Céu Claro";"Simples";"Reta";"Não";1;0;0;1;0;0;1;1;-11,96591305;-38,13984275;"SPRF-BA";"DEL01-BA";"UOP04-DEL01-BA"
507514;2022-10-04;"terça-feira";"10:00:00";"PA";10;305;"IRITUIA";"Transitar na contramão";"Colisão frontal";"Com Vítimas Fatais";"Pleno dia";"Crescente";"Sol";"Simples";"Reta";"Não";3;1;0;0;1;1;0;3;-1,76332019;-47,51018185;"SPRF-PA";"DEL02-PA";"UOP01-DEL02-PA"
507537;2022-05-25;"quarta-feira";"09:10:00";"PA";230;625;"VITORIA DO XINGU";"Reação tardia ou ineficiente do condutor";"Colisão traseira";"Sem Vítimas";"Pleno dia";"Crescente";"Céu Claro";"Simples";"Reta";"Não";6;0;0;0;5;1;0;3;-3,17079165;-52,11657402;"SPRF-PA";"DEL04-PA";"UOP01-DEL04-PA"
507667;2022-05-28;"sábado";"13:00:00";"PA";316;62;"CASTANHAL";"Reação tardia ou ineficiente do condutor";"Engavetamento";"Com Vítimas Feridas";"Pleno dia";"Crescente";"Céu Claro";"Dupla";"Reta";"Sim";7;0;1;0;3;3;1;7;-1,29786885;-47,93764104;"SPRF-PA";"DEL01-PA";"UOP01-DEL01-PA"
507702;2022-08-17;"quarta-feira";"10:20:00";"MG";40;287,1;"TRES MARIAS";"Ultrapassagem Indevida";"Colisão frontal";"Com Vítimas Fatais";"Pleno dia";"Decrescente";"Céu Claro";"Simples";"Reta;Aclive";"Não";4;2;0;0;1;1;0;3;-18,25619211;-45,15924117;"SPRF-MG";"DEL14-MG";"UOP02-DEL14-MG"
507956;2022-12-30;"sexta-feira";"17:50:00";"MG";365;88,8;"JEQUITAI";"Condutor Dormindo";"Saída de leito carroçável";"Com Vítimas Fatais";"Pleno dia";"Crescente";"Céu Claro";"Simples";"Reta;Declive";"Não";1;1;0;0;0;0;0;1;-17,17858;-44,42545;"SPRF-MG";"DEL12-MG";"UOP01-DEL12-MG"
507982;2022-08-17;"quarta-feira";"17:20:00";"MG";40;551,7;"NOVA LIMA";"Trafegar com motocicleta (ou similar) entre as faixas";"Colisão lateral mesmo sentido";"Com Vítimas Fatais";"Anoitecer";"Decrescente";"Céu Claro";"Dupla";"Reta";"Sim";4;1;1;0;1;1;1;4;-20,05411435;-43,97101875;"SPRF-MG";"DEL01-MG";"UOP02-DEL01-MG"
508021;2022-10-04;"terça-feira";"19:05:00";"SP";116;225;"GUARULHOS";"Demais falhas mecânicas ou elétricas";"Queda de ocupante de veículo";"Com Vítimas Feridas";"Plena Noite";"Decrescente";"Céu Claro";"Múltipla";"Reta";"Sim";3;0;1;0;1;1;1;3;-23,48586772;-46,54075317;"SPRF-SP";"DEL01-SP";"UOP01-DEL01-SP"
508244;2022-09-04;"domingo";"09:00:00";"MG";251;284;"SALINAS";"Reação tardia ou ineficiente do condutor";"Colisão traseira";"Com Vítimas Fatais";"Pleno dia";"Crescente";"Sol";"Simples";"Reta";"Não";3;1;0;1;0;3;1;5;-16,04423465;-42,14383737;"SPRF-MG";"DEL11-MG";"UOP02-DEL11-MG"
508749;2022-07-16;"sábado";"04:00:00";"MG";381;220,7;"BELO ORIENTE";"Ausência de reação do condutor";"Capotamento";"Com Vítimas Feridas";"Plena Noite";"Decrescente";"Céu Claro";"Simples";"Curva";"Não";2;0;1;0;0;1;1;2;-19,30023178;-42,37677407;"SPRF-MG";"DEL06-MG";"UOP01-DEL06-MG"
508824;2022-11-30;"quarta-feira";"21:40:00";"MG";262;398;"PARA DE MINAS";"Conversão proibida";"Colisão transversal";"Com Vítimas Feridas";"Plena Noite";"Crescente";"Céu Claro";"Dupla";"Reta";"Sim";4;0;0;1;2;1;1;4;-19,89064231;-44,58448291;"SPRF-MG";"DEL01-MG";"UOP03-DEL01-MG"
509021;2022-12-29;"quinta-feira";"15:45:00";"RJ";101;101,1;"CAMPOS DOS GOYTACAZES";"Manobra de mudança de faixa";"Colisão lateral mesmo sentido";"Com Vítimas Feridas";"Pleno dia";"Decrescente";"Céu Claro";"Dupla";"Reta";"Não";3;0;1;0;1;1;1;3;-21,88787408;-41,59597873;"SPRF-RJ";"DEL08-RJ";"UOP02-DEL08-RJ"
509029;2022-10-07;"sexta-feira";"14:00:00";"PI";230;303,2;"FLORIANO";"Condutor deixou de manter distância do veículo da frente";"Colisão lateral mesmo sentido";"Com Vítimas Feridas";"Pleno dia";"Crescente";"Céu Claro";"Simples";"Reta";"Não";3;0;1;0;1;1;1;3;-6,80739287;-42,96341596;"SPRF-PI";"DEL03-PI";"UOP01-DEL03-PI"
509098;2022-11-23;"quarta-feira";"14:20:00";"SC";101;198;"BIGUACU";"Ausência de reação do condutor";"Engavetamento";"Com Vítimas Feridas";"Pleno dia";"Crescente";"Céu Claro";"Múltipla";"Reta";"Sim";3;0;0;1;2;0;1;3;-27,52658712;-48,63506019;"SPRF-SC";"DEL01-SC";"UOP01-DEL01-SC"
509137;2022-09-23;"sexta-feira";"01:30:00";"RO";364;356;"JI-PARANA";"Reação tardia ou ineficiente do condutor";"Saída de leito carroçável";"Com Vítimas Feridas";"Plena Noite";"Crescente";"Chuva";"Simples";"Curva";"Não";1;0;0;1;0;0;1;1;-10,80011066;-62,0253528;"SPRF-RO";"DEL02-RO";"UOP01-DEL02-RO"
509193;2022-12-04;"domingo";"00:10:00";"MT";163;115;"RONDONOPOLIS";"Reação tardia ou ineficiente do condutor";"Saída de leito carroçável";"Com Vítimas Feridas";"Plena Noite";"Decrescente";"Céu Claro";"Dupla";"Reta";"Sim";2;0;1;0;0;2;1;3;-16,53799506;-54,66666488;"SPRF-MT";"DEL02-MT";"UOP01-DEL02-MT"
509449;2022-10-17;"segunda-feira";"05:20:00";"MG";40;505;"RIBEIRAO DAS NEVES";"Condutor Dormindo";"Colisão traseira";"Com Vítimas Feridas";"Amanhecer";"Crescente";"Céu Claro";"Dupla";"Reta";"Não";9;0;6;3;0;0;9;2;-19,73838088;-44,14935661;"SPRF-MG";"DEL02-MG";"UOP01-DEL02-MG"
509528;2022-09-02;"sexta-feira";"13:30:00";"PA";155;214;"XINGUARA";"Manobra de mudança de faixa";"Colisão frontal";"Com Vítimas Feridas";"Pleno dia";"Crescente";"Céu Claro";"Simples";"Reta";"Não";2;0;0;1;0;1;1;2;-6,40412392;-49,41201529;"SPRF-PA";"DEL03-PA";"UOP01-DEL03-PA"
509654;2022-12-05;"segunda-feira";"23:40:00";"MT";163;909;"ITAUBA";"Animais na Pista";"Atropelamento de Animal";"Com Vítimas Feridas";"Plena Noite";"Crescente";"Céu Claro";"Simples";"Declive";"Não";2;0;1;0;0;1;1;2;-11,228904;-55,303088;"SPRF-MT";"DEL06-MT";"NPF/DEL06-MT"
510268;2022-09-08;"quinta-feira";"14:30:00";"MG";381;526;"BRUMADINHO";"Velocidade Incompatível";"Tombamento";"Com Vítimas Feridas";"Pleno dia";"Crescente";"Céu Claro";"Dupla";"Curva";"Não";1;0;0;1;0;0;1;1;-20,16175378;-44,34144636;"SPRF-MG";"DEL04-MG";"UOP03-DEL04-MG"
510443;2022-09-04;"domingo";"18:15:00";"SE";101;178,3;"UMBAUBA";"Reação tardia ou ineficiente do condutor";"Colisão traseira";"Com Vítimas Fatais";"Plena Noite";"Crescente";"Céu Claro";"Simples";"Curva";"Não";3;1;0;1;0;1;1;2;-11,36576411;-37,62353684;"SPRF-SE";"DEL02-SE";"UOP03-DEL02-SE"
510450;2022-08-18;"quinta-feira";"16:48:00";"GO";50;104,4;"CRISTALINA";"Reação tardia ou ineficiente do condutor";"Colisão traseira";"Com Vítimas Fatais";"Pleno dia";"Crescente";"Céu Claro";"Dupla";"Reta";"Não";4;1;1;0;1;1;1;3;-16,809129;-47,661586;"SPRF-DF";"DEL01-DF";"UOP02-DEL01-DF"
510469;2022-02-21;"segunda-feira";"17:00:00";"MG";40;519;"RIBEIRAO DAS NEVES";"Velocidade Incompatível";"Saída de leito carroçável";"Com Vítimas Feridas";"Anoitecer";"Decrescente";"Chuva";"Dupla";"Curva";"Sim";1;0;0;1;0;0;1;1;-19,83957589;-44,07684485;"SPRF-MG";"DEL01-MG";"UOP02-DEL01-MG"
510894;2022-08-29;"segunda-feira";"06:50:00";"BA";116;757,3;"POCOES";"Pedestre andava na pista";"Atropelamento de Pedestre";"Com Vítimas Feridas";"Pleno dia";"Decrescente";"Céu Claro";"Simples";"Reta";"Sim";4;0;2;0;1;1;2;3;-14,47565506;-40,33469583;"SPRF-BA";"DEL08-BA";"UOP02-DEL08-BA"
511063;2022-11-16;"quarta-feira";"11:00:00";"SC";101;86;"BARRA VELHA";"Condutor deixou de manter distância do veículo da frente";"Colisão traseira";"Com Vítimas Feridas";"Pleno dia";"Crescente";"Sol";"Múltipla";"Interseção de Vias";"Sim";3;0;0;1;2;0;1;3;-26,63754014;-48,69618595;"SPRF-SC";"DEL03-SC";"UOP02-DEL03-SC"
511109;2022-10-29;"sábado";"12:54:00";"PR";163;33;"SANTO ANTONIO DO SUDOESTE";"Condutor deixou de manter distância do veículo da frente";"Colisão traseira";"Com Vítimas Feridas";"Pleno dia";"Decrescente";"Chuva";"Simples";"Reta";"Não";2;0;1;0;1;0;1;2;-26,11742426;-53,68960404;"SPRF-PR";"DEL02-PR";"UOP02-DEL02-PR"
511497;2022-05-24;"terça-feira";"05:40:00";"RS";290;178,2;"BUTIA";"Manobra de mudança de faixa";"Tombamento";"Sem Vítimas";"Amanhecer";"Decrescente";"Céu Claro";"Simples";"Declive";"Não";2;0;0;0;1;2;0;3;-30,134542;-51,992455;"SPRF-RS";"DEL02-RS";"UOP03-DEL02-RS"
511742;2022-08-03;"quarta-feira";"08:15:00";"RS";392;5,2;"RIO GRANDE";"Conversão proibida";"Colisão transversal";"Sem Vítimas";"Pleno dia";"Decrescente";"Chuva";"Simples";"Reta";"Não";3;0;0;0;2;1;0;3;-32,07687877;-52,10166627;"SPRF-RS";"DEL07-RS";"UOP02-DEL07-RS"
511776;2022-11-24;"quinta-feira";"20:00:00";"PR";376;681;"GUARATUBA";"Reação tardia ou ineficiente do condutor";"Colisão traseira";"Com Vítimas Feridas";"Pleno dia";"Crescente";"Garoa/Chuvisco";"Dupla";"Retorno Regulamentado;Reta";"Não";4;0;0;1;2;2;1;5;-25,96596616;-48,89663319;"SPRF-PR";"DEL01-PR";"UOP04-DEL01-PR"
511809;2022-11-29;"terça-feira";"16:00:00";"BA";101;126;"TEODORO SAMPAIO";"Reação tardia ou ineficiente do condutor";"Colisão traseira";"Com Vítimas Feridas";"Pleno dia";"Crescente";"Chuva";"Simples";"Declive";"Não";4;0;2;0;1;2;2;4;-12,18239275;-38,58123328;"SPRF-BA";"DEL01-BA";"UOP04-DEL01-BA"
511977;2022-11-06;"domingo";"13:30:00";"MG";116;41;"PEDRA AZUL";"Ausência de reação do condutor";"Saída de leito carroçável";"Com Vítimas Feridas";"Pleno dia";"Decrescente";"Céu Claro";"Simples";"Reta";"Não";3;0;1;1;0;1;2;2;-15,990554;-41,40912;"SPRF-MG";"DEL11-MG";"UOP02-DEL11-MG"
512164;2022-12-25;"domingo";"08:20:00";"RJ";101;151;"MACAE";"Condutor Dormindo";"Saída de leito carroçável";"Com Vítimas Feridas";"Pleno dia";"Decrescente";"Céu Claro";"Simples";"Curva";"Não";2;0;1;0;1;0;1;1;-22,24496929;-41,80720879;"SPRF-RJ";"DEL08-RJ";"UOP04-DEL08-RJ"
512317;2022-12-28;"quarta-feira";"04:10:00";"BA";367;40,1;"PORTO SEGURO";"Condutor Dormindo";"Colisão frontal";"Com Vítimas Fatais";"Pleno dia";"Crescente";"Céu Claro";"Simples";"Curva";"Não";5;1;0;2;1;1;2;3;-16,38667547;-39,20954904;"SPRF-BA";"DEL09-BA";"UOP03-DEL09-BA"
512705;2022-10-31;"segunda-feira";"19:20:00";"MG";116;531,6;"ENGENHEIRO CALDAS";"Ausência de reação do condutor";"Colisão lateral sentido oposto";"Com Vítimas Feridas";"Plena Noite";"Crescente";"Céu Claro";"Simples";"Reta";"Não";4;0;0;2;1;1;2;3;-19,0012598;-41,97705053;"SPRF-MG";"DEL06-MG";"UOP02-DEL06-MG"
513022;2022-10-15;"sábado";"06:49:00";"MA";10;331;"ACAILANDIA";"Demais falhas mecânicas ou elétricas";"Incêndio";"Sem Vítimas";"Pleno dia";"Decrescente";"Céu Claro";"Simples";"Reta";"Não";2;0;0;0;1;3;0;4;-4,851991;-47,51484;"SPRF-MA";"DEL04-MA";"UOP03-DEL04-MA"
513344;2022-05-05;"quinta-feira";"19:30:00";"GO";452;32;"SANTA HELENA DE GOIAS";"Reação tardia ou ineficiente do condutor";"Colisão traseira";"Com Vítimas Feridas";"Plena Noite";"Crescente";"Céu Claro";"Simples";"Reta";"Não";5;0;0;1;3;4;1;8;-17,90785488;-50,62796394;"SPRF-GO";"DEL04-GO";"UOP01-DEL04-GO"
513391;2022-10-23;"domingo";"14:40:00";"MG";116;572,3;"MANHUACU";"Velocidade Incompatível";"Tombamento";"Com Vítimas Fatais";"Pleno dia";"Crescente";"Chuva";"Simples";"Reta";"Não";3;1;0;0;1;1;0;3;-20,10775901;-42,17646487;"SPRF-MG";"DEL06-MG";"UOP03-DEL06-MG"
513509;2022-11-14;"segunda-feira";"06:50:00";"MA";10;236;"GOVERNADOR EDISON LOBAO";"Entrada inopinada do pedestre";"Atropelamento de Pedestre";"Com Vítimas Fatais";"Amanhecer";"Decrescente";"Céu Claro";"Simples";"Reta";"Sim";2;1;0;0;1;0;0;2;-5,655617;-47,388985;"SPRF-MA";"DEL04-MA";"UOP01-DEL04-MA"
513579;2022-07-12;"terça-feira";"09:20:00";"MT";364;347,7;"SANTO ANTONIO DO LEVERGER";"Reação tardia ou ineficiente do condutor";"Saída de leito carroçável";"Com Vítimas Feridas";"Pleno dia";"Crescente";"Céu Claro";"Dupla";"Curva;Declive";"Não";2;0;1;0;0;1;1;2;-15,807347;-55,54692;"SPRF-MT";"DEL05-MT";"UOP02-DEL05-MT"
513728;2022-12-23;"sexta-feira";"11:00:00";"MG";365;224;"BURITIZEIRO";"Ultrapassagem Indevida";"Colisão frontal";"Com Vítimas Fatais";"Pleno dia";"Decrescente";"Céu Claro";"Simples";"Reta";"Não";3;1;0;0;1;1;0;3;-17,62725794;-45,39738809;"SPRF-MG";"DEL12-MG";"UOP01-DEL12-MG"
513813;2022-02-04;"sexta-feira";"20:25:00";"RS";285;371;"SALDANHA MARINHO";"Reação tardia ou ineficiente do condutor";"Saída de leito carroçável";"Sem Vítimas";"Plena Noite";"Decrescente";"Nublado";"Simples";"Curva";"Não";2;0;0;0;1;1;0;2;-28,401852;-53,073921;"SPRF-RS";"DEL08-RS";"UOP03-DEL08-RS"
513972;2022-09-12;"segunda-feira";"21:00:00";"RJ";116;13,2;"SAPUCAIA";"Mal súbito do condutor";"Tombamento";"Com Vítimas Fatais";"Plena Noite";"Crescente";"Nublado";"Simples";"Viaduto";"Não";1;1;0;0;0;0;0;1;-21,95987952;-42,73587804;"SPRF-RJ";"DEL05-RJ";"UOP01-DEL05-RJ"
514309;2022-10-26;"quarta-feira";"19:00:00";"PR";277;195;"PALMEIRA";"Velocidade Incompatível";"Colisão traseira";"Com Vítimas Feridas";"Plena Noite";"Crescente";"Céu Claro";"Simples";"Aclive";"Não";9;0;6;0;2;3;6;5;-25,43309215;-50,15896593;"SPRF-PR";"DEL08-PR";"UOP02-DEL08-PR"
514749;2022-10-05;"quarta-feira";"01:10:00";"MT";163;1082;"GUARANTA DO NORTE";"Reação tardia ou ineficiente do condutor";"Tombamento";"Com Vítimas Fatais";"Plena Noite";"Decrescente";"Nublado";"Simples";"Declive;Curva";"Não";2;1;0;0;0;1;0;2;-9,811;-54,891;"SPRF-MT";"DEL06-MT";"NPF/DEL06-MT"
514791;2022-09-03;"sábado";"23:10:00";"MS";262;155;"RIBAS DO RIO PARDO";"Demais falhas mecânicas ou elétricas";"Incêndio";"Sem Vítimas";"Plena Noite";"Crescente";"Céu Claro";"Simples";"Reta";"Não";2;0;0;0;1;3;0;4;-20,46301752;-52,9785519;"SPRF-MS";"DEL07-MS";"UOP02-DEL07-MS"
514794;2022-10-22;"sábado";"10:20:00";"PI";343;348;"TERESINA";"Manobra de mudança de faixa";"Colisão traseira";"Com Vítimas Feridas";"Pleno dia";"Crescente";"Céu Claro";"Simples";"Reta";"Sim";2;0;0;1;1;0;1;2;-5,12061993;-42,79065371;"SPRF-PI";"DEL01-PI";"UOP01-DEL01-PI"
515398;2022-12-28;"quarta-feira";"15:15:00";"GO";153;702,3;"ITUMBIARA";"Reação tardia ou ineficiente do condutor";"Colisão lateral mesmo sentido";"Com Vítimas Feridas";"Pleno dia";"Decrescente";"Nublado";"Dupla";"Viaduto;Reta";"Sim";3;0;0;1;0;2;1;3;-18,4103;-49,1965;"SPRF-GO";"DEL03-GO";"UOP02-DEL03-GO"
515753;2022-07-27;"quarta-feira";"18:00:00";"RJ";116;239;"PIRAI";"Reação tardia ou ineficiente do condutor";"Colisão lateral mesmo sentido";"Com Vítimas Feridas";"Plena Noite";"Decrescente";"Céu Claro";"Múltipla";"Reta";"Não";2;0;0;1;1;0;1;2;-22,61654627;-43,93157959;"SPRF-RJ";"DEL07-RJ";"UOP01-DEL07-RJ"
515999;2022-03-06;"domingo";"15:25:00";"MT";174;249;"JAURU";"Transitar na contramão";"Colisão frontal";"Com Vítimas Fatais";"Pleno dia";"Crescente";"Céu Claro";"Simples";"Aclive";"Não";7;3;0;1;2;1;1;4;-15,48738239;-59,05714202;"SPRF-MT";"DEL04-MT";"UOP01-DEL04-MT"
516242;2022-11-04;"sexta-feira";"15:20:00";"BA";116;555;"BREJOES";"Ultrapassagem Indevida";"Tombamento";"Com Vítimas Feridas";"Pleno dia";"Decrescente";"Céu Claro";"Simples";"Reta";"Não";1;0;1;0;0;0;1;1;-13,01877432;-39,95933533;"SPRF-BA";"DEL03-BA";"UOP02-DEL03-BA"
516394;2022-05-31;"terça-feira";"08:40:00";"SP";116;22,5;"LAVRINHAS";"Reação tardia ou ineficiente do condutor";"Colisão com objeto";"Com Vítimas Feridas";"Pleno dia";"Crescente";"Nublado";"Dupla";"Curva;Aclive";"Não";2;0;1;0;0;1;1;2;-22,58368521;-44,87772952;"SPRF-SP";"DEL08-SP";"UOP02-DEL08-SP"
516487;2022-04-12;"terça-feira";"23:30:00";"MG";381;341;"BELA VISTA DE MINAS";"Demais falhas mecânicas ou elétricas";"Incêndio";"Sem Vítimas";"Plena Noite";"Decrescente";"Nublado";"Múltipla";"Interseção de Vias;Reta";"Não";2;0;0;0;1;1;0;2;-19,823811;-43,080118;"SPRF-MG";"DEL03-MG";"UOP01-DEL03-MG"
516540;2022-11-16;"quarta-feira";"14:00:00";"SP";101;48;"UBATUBA";"Ultrapassagem Indevida";"Colisão lateral mesmo sentido";"Com Vítimas Feridas";"Pleno dia";"Crescente";"Céu Claro";"Simples";"Rotatória";"Sim";3;0;1;0;0;2;1;3;-23,43696329;-45,08768768;"SPRF-SP";"DEL06-SP";"UOP01-DEL06-SP"
516634;2022-12-15;"quinta-feira";"03:30:00";"MG";251;276;"SALINAS";"Reação tardia ou ineficiente do condutor";"Colisão frontal";"Com Vítimas Feridas";"Amanhecer";"Decrescente";"Chuva";"Simples";"Curva";"Não";3;0;1;0;1;1;1;3;-16,02213167;-42,07078524;"SPRF-MG";"DEL11-MG";"UOP02-DEL11-MG"
516636;2022-12-07;"quarta-feira";"03:10:00";"SC";101;326;"CAPIVARI DE BAIXO";"Condutor Dormindo";"Colisão traseira";"Com Vítimas Feridas";"Plena Noite";"Crescente";"Céu Claro";"Dupla";"Reta";"Sim";3;0;1;0;1;2;1;4;-28,42524483;-48,94302707;"SPRF-SC";"DEL02-SC";"UOP01-DEL02-SC"
517156;2022-03-23;"quarta-feira";"17:50:00";"GO";70;470;"ARAGARCAS";"Manobra de mudança de faixa";"Colisão lateral mesmo sentido";"Com Vítimas Feridas";"Anoitecer";"Decrescente";"Céu Claro";"Dupla";"Reta";"Sim";2;0;0;1;1;0;1;2;-15,89689927;-52,2380287;"SPRF-GO";"DEL04-GO";"UOP02-DEL04-GO"
518052;2022-12-07;"quarta-feira";"12:00:00";"BA";242;283;"LAJEDINHO";"Ingestão de álcool pelo condutor";"Colisão frontal";"Com Vítimas Fatais";"Pleno dia";"Decrescente";"Céu Claro";"Simples";"Declive";"Não";4;2;0;0;1;2;0;4;-12,44163888;-40,74549992;"SPRF-BA";"DEL06-BA";"UOP02-DEL06-BA"
518926;2022-11-11;"sexta-feira";"09:00:00";"PE";316;100;"OURICURI";"Condutor deixou de manter distância do veículo da frente";"Colisão traseira";"Com Vítimas Feridas";"Pleno dia";"Crescente";"Céu Claro";"Simples";"Reta";"Não";2;0;0;1;1;0;1;1;-7,941114;-39,93961;"SPRF-PE";"DEL05-PE";"UOP02-DEL05-PE"
519094;2022-12-19;"segunda-feira";"11:00:00";"MA";226;461;"SITIO NOVO";"Ausência de reação do condutor";"Colisão traseira";"Com Vítimas Feridas";"Pleno dia";"Decrescente";"Céu Claro";"Simples";"Reta";"Não";6;0;1;0;4;3;1;6;-6,00174568;-46,48086718;"SPRF-MA";"DEL04-MA";"UOP02-DEL04-MA"
519131;2022-12-08;"quinta-feira";"13:20:00";"MT";163;893;"CLAUDIA";"Ultrapassagem Indevida";"Colisão traseira";"Com Vítimas Feridas";"Pleno dia";"Crescente";"Nublado";"Simples";"Reta";"Não";5;0;0;2;1;8;2;11;-11,49629596;-55,36370229;"SPRF-MT";"DEL06-MT";"UOP02-DEL06-MT"
519327;2022-12-30;"sexta-feira";"12:40:00";"MG";40;771,5;"JUIZ DE FORA";"Demais falhas mecânicas ou elétricas";"Colisão transversal";"Com Vítimas Feridas";"Pleno dia";"Crescente";"Chuva";"Simples";"Reta";"Não";8;0;4;0;3;1;4;5;-21,60932712;-43,45892723;"SPRF-MG";"DEL05-MG";"UOP01-DEL05-MG"
519464;2022-09-07;"quarta-feira";"12:30:00";"MG";381;322;"NOVA ERA";"Ultrapassagem Indevida";"Colisão lateral mesmo sentido";"Com Vítimas Feridas";"Pleno dia";"Crescente";"Céu Claro";"Simples";"Reta";"Não";11;0;2;4;4;1;6;7;-19,73629395;-43,01849326;"SPRF-MG";"DEL03-MG";"UOP02-DEL03-MG"
519503;2022-03-11;"sexta-feira";"09:30:00";"MT";158;736,8;"BARRA DO GARCAS";"Ultrapassagem Indevida";"Capotamento";"Com Vítimas Feridas";"Pleno dia";"Crescente";"Céu Claro";"Simples";"Reta";"Não";3;0;1;0;1;2;1;4;-15,36229893;-52,19210813;"SPRF-MT";"DEL07-MT";"UOP01-DEL07-MT"