"id";"data_inversa";"dia_semana";"horario";"uf";"br";"km";"municipio";"causa_acidente";"tipo_acidente";"classificacao_acidente";"fase_dia";"sentido_via";"condicao_metereologica";"tipo_pista";"tracado_via";"uso_solo";"pessoas";"mortos";"feridos_leves";"feridos_graves";"ilesos";"ignorados";"feridos";"veiculos";"latitude";"longitude";"regional";"delegacia";"uop"
520607;2022-12-05;"segunda-feira";"06:25:00";"PE";428;139,4;"LAGOA GRANDE";"Acessar a via sem observar a presença dos outros veículos";"Colisão transversal";"Com Vítimas Fatais";"Pleno dia";"Decrescente";"Céu Claro";"Simples";"Rotatória";"Não";2;1;0;0;0;1;0;2;-8,98787563;-40,26256422;"SPRF-PE";"DEL06-PE";"UOP03-DEL06-PE"
520695;2022-12-21;"quarta-feira";"07:30:00";"MG";40;474;"SETE LAGOAS";"Obras na pista";"Colisão lateral mesmo sentido";"Sem Vítimas";"Pleno dia";"Crescente";"Chuva";"Dupla";"Curva;Declive;Em Obras";"Sim";3;0;0;0;2;1;0;3;-19,49804878;-44,27929974;"SPRF-MG";"DEL02-MG";"UOP01-DEL02-MG"
520828;2022-12-23;"sexta-feira";"05:40:00";"CE";222;86,3;"UMIRIM";"Reação tardia ou ineficiente do condutor";"Saída de leito carroçável";"Sem Vítimas";"Amanhecer";"Crescente";"Céu Claro";"Dupla";"Curva";"Não";2;0;0;0;1;1;0;2;-3,67228804;-39,311731;"SPRF-CE";"DEL04-CE";"UOP03-DEL04-CE"
520948;2022-06-12;"domingo";"19:20:00";"SC";101;111;"ITAJAI";"Ausência de reação do condutor";"Colisão lateral mesmo sentido";"Com Vítimas Feridas";"Plena Noite";"Crescente";"Céu Claro";"Múltipla";"Reta";"Não";5;0;2;0;2;1;2;4;-26,83955734;-48,71418074;"SPRF-SC";"DEL04-SC";"UOP04-DEL04-SC"
520963;2022-03-05;"sábado";"12:50:00";"RO";364;425;"JARU";"Ausência de reação do condutor";"Colisão com objeto";"Com Vítimas Feridas";"Pleno dia";"Decrescente";"Sol";"Dupla";"Declive";"Sim";3;0;0;1;1;2;1;4;-10,43752488;-62,47169791;"SPRF-RO";"DEL03-RO";"UOP02-DEL03-RO"
521168;2022-11-18;"sexta-feira";"23:45:00";"GO";414;267;"VILA PROPICIO";"Pedestre andava na pista";"Atropelamento de Animal";"Com Vítimas Feridas";"Plena Noite";"Crescente";"Céu Claro";"Simples";"Ponte";"Não";3;0;0;1;1;1;1;2;-14,97039462;-48,66764041;"SPRF-GO";"DEL07-GO";"UOP02-DEL07-GO"
522130;2022-09-25;"domingo";"15:00:00";"MG";381;322;"NOVA ERA";"Velocidade Incompatível";"Tombamento";"Com Vítimas Feridas";"Pleno dia";"Crescente";"Nublado";"Simples";"Curva;Declive";"Não";6;0;2;1;2;1;3;4;-19,71358625;-43,00035954;"SPRF-MG";"DEL03-MG";"UOP02-DEL03-MG"
522292;2022-11-04;"sexta-feira";"23:00:00";"MG";364;18;"FRUTAL";"Ingestão de álcool pelo condutor";"Colisão lateral mesmo sentido";"Com Vítimas Feridas";"Plena Noite";"Crescente";"Céu Claro";"Simples";"Reta";"Não";4;0;1;2;1;0;3;3;-20,05555648;-48,82312082;"SPRF-MG";"DEL13-MG";"UOP02-DEL13-MG"
522722;2022-05-03;"terça-feira";"05:15:00";"BA";101;897;"CARAVELAS";"Ultrapassagem Indevida";"Colisão lateral mesmo sentido";"Com Vítimas Feridas";"Pleno dia";"Crescente";"Céu Claro";"Simples";"Curva";"Não";5;0;1;1;2;4;2;7;-17,703126;-39,768431;"SPRF-BA";"DEL09-BA";"UOP02-DEL09-BA"
522906;2022-02-11;"sexta-feira";"12:45:00";"MG";381;453;"SABARA";"Retorno proibido";"Colisão transversal";"Com Vítimas Feridas";"Pleno dia";"Crescente";"Céu Claro";"Simples";"Reta";"Sim";2;0;0;1;1;0;1;2;-19,84095731;-43,86147738;"SPRF-MG";"DEL01-MG";"UOP01-DEL01-MG"
522974;2022-08-18;"quinta-feira";"20:50:00";"SP";116;385;"MIRACATU";"Demais falhas mecânicas ou elétricas";"Incêndio";"Sem Vítimas";"Plena Noite";"Crescente";"Céu Claro";"Dupla";"Reta";"Não";2;0;0;0;1;2;0;3;-24,254993;-47,375412;"SPRF-SP";"DEL04-SP";"UOP02-DEL04-SP"
522983;2022-10-14;"sexta-feira";"09:40:00";"MG";262;1;"BETIM";"Reação tardia ou ineficiente do condutor";"Colisão traseira";"Com Vítimas Feridas";"Pleno dia";"Crescente";"Sol";"Dupla";"Reta";"Sim";5;0;1;0;2;2;1;5;-19,971591;-44,160374;"SPRF-MG";"DEL06-MG";"UOP03-DEL06-MG"
523089;2022-10-04;"terça-feira";"13:35:00";"RJ";40;109;"DUQUE DE CAXIAS";"Ausência de reação do condutor";"Colisão traseira";"Com Vítimas Feridas";"Pleno dia";"Decrescente";"Céu Claro";"Múltipla";"Reta";"Sim";4;0;1;0;2;1;1;4;-22,67374628;-43,28638368;"SPRF-RJ";"DEL01-RJ";"UOP01-DEL01-RJ"
523646;2022-06-12;"domingo";"04:00:00";"BA";116;553;"MILAGRES";"Demais falhas mecânicas ou elétricas";"Incêndio";"Sem Vítimas";"Plena Noite";"Decrescente";"Céu Claro";"Simples";"Reta";"Não";2;0;0;0;1;2;0;3;-12,8948229;-39,8605153;"SPRF-BA";"DEL03-BA";"UOP02-DEL03-BA"
525224;2022-12-19;"segunda-feira";"13:30:00";"PR";277;6;"PARANAGUA";"Ausência de reação do condutor";"Colisão transversal";"Com Vítimas Feridas";"Pleno dia";"Crescente";"Chuva";"Dupla";"Reta";"Sim";2;0;0;1;1;0;1;2;-25,5212342;-48,52554072;"SPRF-PR";"DEL01-PR";"UOP05-DEL01-PR"
526124;2022-08-02;"terça-feira";"18:00:00";"ES";262;196;"IUNA";"Reação tardia ou ineficiente do condutor";"Saída de leito carroçável";"Com Vítimas Fatais";"Anoitecer";"Crescente";"Céu Claro";"Simples";"Curva;Declive";"Não";1;1;0;0;0;0;0;1;-20,27924906;-41,77855223;"SPRF-ES";"DEL01-ES";"UOP02-DEL01-ES"
526810;2022-11-12;"sábado";"06:20:00";"SC";282;377,5;"ERVAL VELHO";"Ausência de reação do condutor";"Colisão frontal";"Com Vítimas Feridas";"Amanhecer";"Decrescente";"Céu Claro";"Simples";"Curva";"Não";2;0;0;1;1;0;1;2;-27,240368;-51,450195;"SPRF-SC";"DEL07-SC";"UOP05-DEL07-SC"
526840;2022-09-28;"quarta-feira";"07:30:00";"AM";319;23;"CAREIRO DA VARZEA";"Demais falhas na via";"Eventos atípicos";"Com Vítimas Fatais";"Pleno dia";"Decrescente";"Céu Claro";"Simples";"Ponte;Em Obras;Reta";"Não";28;5;18;1;0;5;19;11;-3,27545544;-59,85480309;"SPRF-AM";"DEL01-AM";"UOP04-DEL01-AM"
526882;2022-03-26;"sábado";"11:15:00";"MG";251;475,5;"FRANCISCO SA";"Reação tardia ou ineficiente do condutor";"Colisão frontal";"Com Vítimas Fatais";"Pleno dia";"Crescente";"Céu Claro";"Simples";"Declive;Reta";"Não";9;6;0;1;1;1;1;4;-16,47174429;-43,46596604;"SPRF-MG";"DEL12-MG";"UOP02-DEL12-MG"
527574;2022-10-15;"sábado";"23:30:00";"SC";101;275,2;"IMBITUBA";"Ausência de reação do condutor";"Colisão traseira";"Com Vítimas Feridas";"Plena Noite";"Decrescente";"Céu Claro";"Dupla";"Reta";"Sim";3;0;0;1;1;2;1;4;-28,138086;-48,69218292;"SPRF-SC";"DEL02-SC";"UOP03-DEL02-SC"
528215;2022-08-08;"segunda-feira";"07:00:00";"BA";324;547;"AMELIA RODRIGUES";"Ausência de reação do condutor";"Colisão traseira";"Com Vítimas Feridas";"Pleno dia";"Crescente";"Céu Claro";"Dupla";"Declive";"Não";3;0;1;0;1;2;1;4;-12,42109386;-38,74516692;"SPRF-BA";"DEL01-BA";"UOP03-DEL01-BA"
528264;2022-11-16;"quarta-feira";"00:35:00";"PR";376;189;"MARIALVA";"Ingestão de álcool pelo condutor";"Colisão traseira";"Sem Vítimas";"Plena Noite";"Decrescente";"Céu Claro";"Dupla";"Reta";"Sim";3;0;0;0;2;1;0;3;-23,471231;-51,819515;"SPRF-PR";"DEL09-PR";"UOP01-DEL09-PR"
528613;2022-05-18;"quarta-feira";"18:30:00";"RJ";40;40;"AREAL";"Acessar a via sem observar a presença dos outros veículos";"Colisão lateral mesmo sentido";"Com Vítimas Feridas";"Plena Noite";"Decrescente";"Céu Claro";"Dupla";"Curva";"Não";3;0;0;1;1;1;1;3;-22,23901593;-43,10807783;"SPRF-RJ";"DEL05-RJ";"UOP02-DEL05-RJ"
529350;2022-10-07;"sexta-feira";"15:00:00";"RS";386;277;"SAO JOSE DO HERVAL";"Condutor deixou de manter distância do veículo da frente";"Colisão traseira";"Com Vítimas Feridas";"Pleno dia";"Crescente";"Céu Claro";"Simples";"Reta";"Não";3;0;0;1;2;0;1;2;-29,012085;-52,331657;"SPRF-RS";"DEL04-RS";"UOP03-DEL04-RS"
529373;2022-11-25;"sexta-feira";"06:00:00";"BA";116;540;"MILAGRES";"Condutor deixou de manter distância do veículo da frente";"Engavetamento";"Com Vítimas Feridas";"Amanhecer";"Crescente";"Céu Claro";"Simples";"Reta";"Não";5;0;2;0;2;2;2;5;-12,86268202;-39,85290527;"SPRF-BA";"DEL03-BA";"UOP02-DEL03-BA"
529589;2022-03-28;"segunda-feira";"14:30:00";"PR";376;182,1;"SARANDI";"Acessar a via sem observar a presença dos outros veículos";"Colisão transversal";"Com Vítimas Feridas";"Pleno dia";"Crescente";"Céu Claro";"Dupla";"Rotatória";"Sim";2;0;1;0;1;0;1;2;-23,43226093;-51,88756943;"SPRF-PR";"DEL09-PR";"UOP01-DEL09-PR"
529599;2022-12-20;"terça-feira";"07:25:00";"SC";101;212;"PALHOCA";"Trafegar com motocicleta (ou similar) entre as faixas";"Colisão traseira";"Com Vítimas Feridas";"Pleno dia";"Crescente";"Chuva";"Dupla";"Reta";"Sim";3;0;1;0;2;0;1;3;-27,62996929;-48,65903871;"SPRF-SC";"DEL01-SC";"UOP02-DEL01-SC"
530130;2022-03-06;"domingo";"09:45:00";"MG";251;298;"SALINAS";"Problema com o freio";"Colisão traseira";"Com Vítimas Feridas";"Pleno dia";"Decrescente";"Céu Claro";"Simples";"Declive;Reta";"Não";2;0;0;1;1;0;1;2;-16,12160476;-42,2187392;"SPRF-MG";"DEL12-MG";"UOP01-DEL12-MG"
530882;2022-09-03;"sábado";"04:40:00";"PB";230;28;"JOAO PESSOA";"Reação tardia ou ineficiente do condutor";"Tombamento";"Com Vítimas Feridas";"Plena Noite";"Crescente";"Ignorado";"Dupla";"Reta";"Sim";2;0;0;1;0;1;1;2;-7,16499814;-34,89927292;"SPRF-PB";"DEL01-PB";"UOP01-DEL01-PB"
531904;2022-08-27;"sábado";"09:00:00";"PA";163;513;"ITAITUBA";"Transitar na contramão";"Colisão frontal";"Com Vítimas Feridas";"Amanhecer";"Decrescente";"Sol";"Simples";"Curva";"Não";3;0;0;1;1;1;1;3;-5,405304;-55,886799;"SPRF-PA";"DEL05-PA";"UOP02-DEL05-PA"
531917;2022-11-06;"domingo";"21:30:00";"SE";235;109,1;"CARIRA";"Transitar na contramão";"Colisão frontal";"Com Vítimas Feridas";"Plena Noite";"Decrescente";"Céu Claro";"Simples";"Curva";"Sim";3;0;1;1;0;1;2;3;-10,346371;-37,707779;"SPRF-SE";"DEL01-SE";"UOP02-DEL01-SE"
532104;2022-12-22;"quinta-feira";"22:00:00";"SC";470;57,1;"BLUMENAU";"Demais falhas na via";"Colisão lateral sentido oposto";"Com Vítimas Feridas";"Plena Noite";"Crescente";"Nublado";"Simples";"Reta";"Sim";4;0;1;0;2;1;1;3;-26,880428;-49,136532;"SPRF-SC";"DEL04-SC";"UOP01-DEL04-SC"
532305;2022-08-03;"quarta-feira";"03:10:00";"PE";101;162;"RIBEIRAO";"Pista Escorregadia";"Colisão com objeto";"Com Vítimas Feridas";"Plena Noite";"Decrescente";"Garoa/Chuvisco";"Dupla";"Curva";"Não";15;0;8;4;2;1;12;4;-8,55169716;-35,43739509;"SPRF-PE";"DEL01-PE";"UOP03-DEL01-PE"
532994;2022-12-07;"quarta-feira";"20:25:00";"PA";230;99;"MARABA";"Manobra de mudança de faixa";"Colisão frontal";"Com Vítimas Feridas";"Plena Noite";"Crescente";"Céu Claro";"Simples";"Reta";"Não";2;0;0;1;1;0;1;2;-5,38907014;-48,97499084;"SPRF-PA";"DEL03-PA";"UOP01-DEL03-PA"
533776;2022-12-29;"quinta-feira";"10:20:00";"GO";40;154;"CRISTALINA";"Condutor deixou de manter distância do veículo da frente";"Colisão traseira";"Com Vítimas Feridas";"Pleno dia";"Decrescente";"Nublado";"Simples";"Reta";"Não";5;0;1;0;3;1;1;4;-17,021539;-47,178851;"SPRF-DF";"DEL01-DF";"UOP02-DEL01-DF"
534077;2022-07-16;"sábado";"17:20:00";"BA";101;178;"SAO GONCALO DOS CAMPOS";"Manobra de mudança de faixa";"Colisão frontal";"Com Vítimas Fatais";"Pleno dia";"Crescente";"Céu Claro";"Simples";"Aclive";"Não";5;1;4;0;0;0;4;2;-12,519078;-38,970829;"SPRF-BA";"DEL01-BA";"UOP03-DEL01-BA"
535109;2022-10-23;"domingo";"15:00:00";"SC";153;69,7;"IRANI";"Transitar na contramão";"Colisão frontal";"Com Vítimas Fatais";"Pleno dia";"Decrescente";"Céu Claro";"Simples";"Curva";"Não";4;1;1;1;0;1;2;3;-27,053975;-51,888517;"SPRF-SC";"DEL07-SC";"UOP04-DEL07-SC"
535203;2022-11-13;"domingo";"11:20:00";"RS";158;249,6;"JULIO DE CASTILHOS";"Ausência de reação do condutor";"Saída de leito carroçável";"Com Vítimas Feridas";"Pleno dia";"Decrescente";"Chuva";"Simples";"Declive";"Não";2;0;0;1;0;1;1;2;-29,10973298;-53,65093978;"SPRF-RS";"DEL10-RS";"UOP02-DEL10-RS"
535641;2022-12-01;"quinta-feira";"19:30:00";"SP";116;212;"GUARULHOS";"Ausência de reação do condutor";"Engavetamento";"Com Vítimas Feridas";"Plena Noite";"Crescente";"Céu Claro";"Dupla";"Reta";"Sim";6;0;2;0;4;0;2;6;-23,43608315;-46,42805094;"SPRF-SP";"DEL01-SP";"UOP01-DEL01-SP"
535883;2022-11-23;"quarta-feira";"04:30:00";"MT";70;94,8;"GENERAL CARNEIRO";"Reação tardia ou ineficiente do condutor";"Tombamento";"Sem Vítimas";"Amanhecer";"Decrescente";"Céu Claro";"Simples";"Curva";"Não";2;0;0;0;1;2;0;3;-15,57393657;-52,89453804;"SPRF-MT";"DEL07-MT";"UOP01-DEL07-MT"
536393;2022-11-25;"sexta-feira";"03:30:00";"SC";470;52,6;"BLUMENAU";"Ausência de reação do condutor";"Colisão transversal";"Sem Vítimas";"Plena Noite";"Crescente";"Nublado";"Simples";"Interseção de Vias";"Não";2;0;0;0;1;1;0;2;-26,862286;-49,093903;"SPRF-SC";"DEL04-SC";"UOP01-DEL04-SC"
536643;2022-09-22;"quinta-feira";"12:00:00";"MT";163;771;"SORRISO";"Velocidade Incompatível";"Colisão traseira";"Com Vítimas Feridas";"Pleno dia";"Crescente";"Chuva";"Simples";"Reta";"Não";11;0;4;1;5;6;5;12;-12,51358689;-55,6958682;"SPRF-MT";"DEL06-MT";"UOP01-DEL06-MT"
537767;2022-11-07;"segunda-feira";"05:30:00";"MT";364;338,4;"SANTO ANTONIO DO LEVERGER";"Condutor deixou de manter distância do veículo da frente";"Colisão traseira";"Com Vítimas Feridas";"Amanhecer";"Crescente";"Céu Claro";"Dupla";"Aclive";"Não";2;0;0;1;1;0;1;2;-15,83561357;-55,47671408;"SPRF-MT";"DEL05-MT";"UOP02-DEL05-MT"
539069;2022-11-11;"sexta-feira";"07:30:00";"MG";262;402,5;"PARA DE MINAS";"Reação tardia ou ineficiente do condutor";"Colisão traseira";"Com Vítimas Fatais";"Pleno dia";"Decrescente";"Sol";"Dupla";"Curva";"Não";2;1;0;0;1;0;0;2;-19,89743381;-44,56208695;"SPRF-MG";"DEL01-MG";"UOP03-DEL01-MG"
541420;2022-11-25;"sexta-feira";"02:10:00";"MG";262;365,8;"JUATUBA";"Pedestre andava na pista";"Atropelamento de Pedestre";"Com Vítimas Feridas";"Plena Noite";"Crescente";"Nublado";"Dupla";"Reta";"Não";2;0;0;1;1;0;1;2;-19,97334542;-44,31561828;"SPRF-MG";"DEL01-MG";"UOP03-DEL01-MG"
542535;2022-11-17;"quinta-feira";"23:15:00";"RJ";101;209;"CASIMIRO DE ABREU";"Reação tardia ou ineficiente do condutor";"Colisão com objeto";"Com Vítimas Feridas";"Plena Noite";"Decrescente";"Chuva";"Dupla";"Curva";"Não";3;0;1;0;1;1;1;2;-22,48133694;-42,22930101;"SPRF-RJ";"DEL08-RJ";"UOP04-DEL08-RJ"
542813;2022-01-11;"terça-feira";"10:00:00";"SC";470;154,2;"TROMBUDO CENTRAL";"Reação tardia ou ineficiente do condutor";"Eventos atípicos";"Com Vítimas Feridas";"Pleno dia";"Crescente";"Céu Claro";"Simples";"Reta";"Não";2;0;0;1;1;0;1;2;-27,275414;-49,742989;"SPRF-SC";"DEL04-SC";"UOP02-DEL04-SC"
543462;2022-10-29;"sábado";"12:30:00";"BA";135;143;"SAO DESIDERIO";"Problema com o freio";"Saída de leito carroçável";"Com Vítimas Feridas";"Pleno dia";"Decrescente";"Chuva";"Simples";"Curva";"Não";2;0;1;0;0;1;1;2;-12,681;-45,931;"SPRF-BA";"DEL08-BA";"UOP04-DEL08-BA"
543696;2022-02-21;"segunda-feira";"21:05:00";"PR";277;56,1;"SAO JOSE DOS PINHAIS";"Retorno proibido";"Colisão transversal";"Com Vítimas Fatais";"Plena Noite";"Crescente";"Nublado";"Dupla";"Reta";"Não";8;2;2;0;3;6;2;12;-25,56895672;-48,9990915;"SPRF-PR";"DEL01-PR";"UOP05-DEL01-PR"
543836;2022-09-24;"sábado";"22:30:00";"BA";242;704;"CRISTOPOLIS";"Chuva";"Saída de leito carroçável";"Com Vítimas Feridas";"Plena Noite";"Crescente";"Chuva";"Simples";"Reta";"Não";2;0;1;0;0;2;1;3;-12,22349582;-44,2529887;"SPRF-BA";"DEL10-BA";"UOP02-DEL10-BA"
546524;2022-11-28;"segunda-feira";"02:35:00";"BA";324;604;"SIMOES FILHO";"Chuva";"Colisão lateral mesmo sentido";"Sem Vítimas";"Plena Noite";"Crescente";"Garoa/Chuvisco";"Dupla";"Reta";"Sim";3;0;0;0;2;1;0;3;-12,79673598;-38,40545654;"SPRF-BA";"DEL01-BA";"UOP01-DEL01-BA"
547152;2022-12-05;"segunda-feira";"22:40:00";"GO";40;24;"LUZIANIA";"Desrespeitar a preferência no cruzamento";"Colisão transversal";"Com Vítimas Fatais";"Plena Noite";"Crescente";"Nublado";"Dupla";"Interseção de Vias;Reta";"Sim";5;2;0;1;1;1;1;3;-16,2442908;-47,90741801;"SPRF-DF";"DEL01-DF";"UOP01-DEL01-DF"
548233;2022-10-31;"segunda-feira";"10:20:00";"MG";381;603,9;"OLIVEIRA";"Reação tardia ou ineficiente do condutor";"Colisão traseira";"Com Vítimas Feridas";"Pleno dia";"Decrescente";"Nublado";"Dupla";"Aclive;Reta";"Não";3;0;1;0;1;1;1;3;-20,64973798;-44,73551891;"SPRF-MG";"DEL04-MG";"UOP01-DEL04-MG"
549656;2022-05-15;"domingo";"14:20:00";"GO";70;189,9;"ITABERAI";"Acessar a via sem observar a presença dos outros veículos";"Colisão transversal";"Com Vítimas Fatais";"Pleno dia";"Crescente";"Céu Claro";"Simples";"Rotatória;Interseção de Vias;Reta";"Sim";3;2;1;0;0;0;1;2;-16,0253763;-49,7775507;"SPRF-GO";"DEL02-GO";"UOP02-DEL02-GO"
549903;2022-06-15;"quarta-feira";"07:40:00";"RJ";40;24,8;"TRES RIOS";"Velocidade Incompatível";"Tombamento";"Com Vítimas Feridas";"Pleno dia";"Crescente";"Nublado";"Dupla";"Curva";"Não";2;0;1;0;0;1;1;2;-22,13812601;-43,1592825;"SPRF-RJ";"DEL05-RJ";"UOP02-DEL05-RJ"
550060;2022-04-14;"quinta-feira";"15:30:00";"MG";116;669,2;"SAO FRANCISCO DO GLORIA";"Velocidade Incompatível";"Colisão lateral sentido oposto";"Com Vítimas Feridas";"Pleno dia";"Crescente";"Chuva";"Simples";"Curva";"Não";5;0;1;0;2;2;1;5;-20,85969022;-42,32354677;"SPRF-MG";"DEL07-MG";"UOP03-DEL07-MG"
550847;2022-10-14;"sexta-feira";"17:30:00";"MG";116;373;"FREI INOCENCIO";"Condutor deixou de manter distância do veículo da frente";"Colisão traseira";"Com Vítimas Fatais";"Anoitecer";"Decrescente";"Céu Claro";"Simples";"Reta";"Sim";3;1;0;0;1;2;0;4;-18,557082;-41,905367;"SPRF-MG";"DEL11-MG";"UOP01-DEL11-MG"
550889;2022-11-03;"quinta-feira";"15:30:00";"PA";316;70;"CASTANHAL";"Transitar na contramão";"Colisão frontal";"Com Vítimas Fatais";"Pleno dia";"Crescente";"Chuva";"Simples";"Reta";"Não";5;2;0;3;0;0;3;2;-1,29157829;-47,86624498;"SPRF-PA";"DEL01-PA";"UOP01-DEL01-PA"
551650;2022-11-19;"sábado";"14:00:00";"MT";70;76;"GENERAL CARNEIRO";"Velocidade Incompatível";"Tombamento";"Com Vítimas Feridas";"Pleno dia";"Crescente";"Céu Claro";"Simples";"Curva";"Não";5;0;1;0;3;4;1;6;-15,67421693;-52,81408803;"SPRF-MT";"DEL07-MT";"UOP01-DEL07-MT"
553115;2022-07-21;"quinta-feira";"18:30:00";"PE";232;324,2;"CUSTODIA";"Ausência de reação do condutor";"Saída de leito carroçável";"Com Vítimas Fatais";"Plena Noite";"Crescente";"Céu Claro";"Simples";"Interseção de Vias";"Não";3;2;0;0;0;2;0;3;-8,09683644;-37,56954549;"SPRF-PE";"DEL04-PE";"UOP02-DEL04-PE"
555981;2022-09-27;"terça-feira";"15:55:00";"MG";381;499;"BETIM";"Acessar a via sem observar a presença dos outros veículos";"Colisão transversal";"Com Vítimas Feridas";"Pleno dia";"Crescente";"Nublado";"Múltipla";"Reta;Aclive";"Não";2;0;1;0;1;0;1;2;-19,99494;-44,2085;"SPRF-MG";"DEL01-MG";"UOP03-DEL01-MG"
556924;2022-08-11;"quinta-feira";"17:50:00";"ES";262;165;"IBATIBA";"Acessar a via sem observar a presença dos outros veículos";"Colisão lateral mesmo sentido";"Com Vítimas Feridas";"Anoitecer";"Crescente";"Ignorado";"Dupla";"Reta";"Não";2;0;0;1;1;0;1;2;-20,24911466;-41,55151398;"SPRF-ES";"DEL01-ES";"UOP02-DEL01-ES"
562691;2022-10-11;"terça-feira";"07:00:00";"BA";324;603;"SIMOES FILHO";"Entrada inopinada do pedestre";"Atropelamento de Pedestre";"Com Vítimas Feridas";"Pleno dia";"Decrescente";"Céu Claro";"Dupla";"Reta";"Sim";4;0;0;1;3;0;1;3;-12,77190917;-38,41991733;"SPRF-BA";"DEL01-BA";"UOP01-DEL01-BA"
565157;2022-01-08;"sábado";"19:30:00";"MG";365;385,5;"PATOS DE MINAS";"Pedestre andava na pista";"Atropelamento de Pedestre";"Com Vítimas Fatais";"Plena Noite";"Crescente";"Garoa/Chuvisco";"Simples";"Reta";"Não";2;1;0;0;0;1;0;2;-18,61763649;-46,29312515;"SPRF-MG";"DEL10-MG";"UOP01-DEL10-MG"
565863;2022-12-21;"quarta-feira";"06:30:00";"RJ";116;171;"RIO DE JANEIRO";"Reação tardia ou ineficiente do condutor";"Queda de ocupante de veículo";"Com Vítimas Feridas";"Amanhecer";"Decrescente";"Chuva";"Múltipla";"Reta";"Não";2;0;0;1;0;1;1;2;-22,8060415;-43,34289573;"SPRF-RJ";"DEL06-RJ";"UOP01-DEL06-RJ"
566285;2022-03-23;"quarta-feira";"12:10:00";"BA";116;413;"FEIRA DE SANTANA";"Velocidade Incompatível";"Saída de leito carroçável";"Com Vítimas Feridas";"Pleno dia";"Decrescente";"Céu Claro";"Dupla";"Reta";"Sim";3;0;1;0;1;2;1;4;-12,14246805;-38,96658117;"SPRF-BA";"DEL02-BA";"UOP01-DEL02-BA"
567687;2022-05-13;"sexta-feira";"13:00:00";"SP";381;37;"ATIBAIA";"Curva acentuada";"Derramamento de carga";"Sem Vítimas";"Pleno dia";"Decrescente";"Céu Claro";"Dupla";"Curva";"Sim";2;0;0;0;1;3;0;4;-23,10126367;-46,56874007;"SPRF-SP";"DEL03-SP";"UOP01-DEL03-SP"
569432;2022-08-30;"terça-feira";"08:00:00";"PE";408;96;"SAO LOURENCO DA MATA";"Reação tardia ou ineficiente do condutor";"Colisão traseira";"Com Vítimas Feridas";"Pleno dia";"Decrescente";"Céu Claro";"Dupla";"Reta;Declive";"Não";5;0;1;0;4;0;1;4;-8,017329;-35,041733;"SPRF-PE";"DEL01-PE";"UOP01-DEL01-PE"
571029;2022-12-19;"segunda-feira";"08:35:00";"ES";101;288,9;"CARIACICA";"Acessar a via sem observar a presença dos outros veículos";"Colisão transversal";"Com Vítimas Feridas";"Pleno dia";"Decrescente";"Chuva";"Dupla";"Reta;Retorno Regulamentado";"Sim";12;0;9;2;1;0;11;2;-20,27160351;-40,39091743;"SPRF-ES";"DEL01-ES";"UOP01-DEL01-ES"
573905;2022-01-25;"terça-feira";"02:00:00";"MS";158;233,9;"TRES LAGOAS";"Ingestão de álcool pelo condutor";"Saída de leito carroçável";"Sem Vítimas";"Plena Noite";"Decrescente";"Céu Claro";"Simples";"Reta";"Não";2;0;0;0;1;2;0;3;-20,60182192;-51,63732803;"SPRF-MS";"DEL07-MS";"UOP01-DEL07-MS"
574199;2022-09-23;"sexta-feira";"20:00:00";"BA";116;486;"RAFAEL JAMBEIRO";"Pedestre andava na pista";"Atropelamento de Pedestre";"Com Vítimas Feridas";"Plena Noite";"Crescente";"Nublado";"Dupla";"Reta";"Sim";3;0;0;1;1;1;1;3;-12,53299173;-39,41711114;"SPRF-BA";"DEL02-BA";"UOP01-DEL02-BA"
574216;2022-12-03;"sábado";"05:50:00";"BA";418;82,3;"NOVA VICOSA";"Ingestão de álcool pelo condutor";"Colisão transversal";"Com Vítimas Feridas";"Amanhecer";"Crescente";"Nublado";"Simples";"Reta";"Não";3;0;0;1;1;3;1;5;-17,89413416;-39,81239319;"SPRF-BA";"DEL09-BA";"UOP02-DEL09-BA"
574416;2022-04-11;"segunda-feira";"14:20:00";"PE";104;68;"CARUARU";"Velocidade Incompatível";"Colisão traseira";"Sem Vítimas";"Pleno dia";"Crescente";"Sol";"Dupla";"Aclive";"Sim";3;0;0;0;3;0;0;2;-8,3107;-35,9904;"SPRF-PE";"DEL02-PE";"UOP01-DEL02-PE"
575741;2022-08-17;"quarta-feira";"10:30:00";"AL";101;172;"TEOTONIO VILELA";"Problema com o freio";"Tombamento";"Com Vítimas Feridas";"Pleno dia";"Decrescente";"Nublado";"Dupla";"Declive";"Não";3;0;1;1;0;1;2;2;-9,90891928;-36,34223292;"SPRF-AL";"DEL02-AL";"UOP02-DEL02-AL"
576718;2022-08-23;"terça-feira";"21:32:00";"SE";101;177,5;"UMBAUBA";"Chuva";"Colisão traseira";"Com Vítimas Fatais";"Plena Noite";"Crescente";"Chuva";"Simples";"Reta";"Não";3;1;0;0;2;0;0;2;-11,358037;-37,61891899;"SPRF-SE";"DEL02-SE";"UOP03-DEL02-SE"
578136;2022-02-21;"segunda-feira";"22:40:00";"MG";40;660;"CARANDAI";"Pedestre andava na pista";"Atropelamento de Pedestre";"Com Vítimas Fatais";"Plena Noite";"Crescente";"Nublado";"Simples";"Reta";"Não";2;1;0;0;1;0;0;2;-20,89806015;-43,8232099;"SPRF-MG";"DEL05-MG";"UOP02-DEL05-MG"