"id";"data_inversa";"dia_semana";"horario";"uf";"br";"km";"municipio";"causa_acidente";"tipo_acidente";"classificacao_acidente";"fase_dia";"sentido_via";"condicao_metereologica";"tipo_pista";"tracado_via";"uso_solo";"pessoas";"mortos";"feridos_leves";"feridos_graves";"ilesos";"ignorados";"feridos";"veiculos";"latitude";"longitude";"regional";"delegacia";"uop"
581142;2022-11-10;"quinta-feira";"21:10:00";"SC";101;194,5;"BIGUACU";"Reação tardia ou ineficiente do condutor";"Colisão traseira";"Com Vítimas Feridas";"Plena Noite";"Decrescente";"Céu Claro";"Dupla";"Reta";"Sim";5;0;1;0;3;1;1;5;-27,49815117;-48,65661236;"SPRF-SC";"DEL01-SC";"UOP01-DEL01-SC"
582247;2022-10-10;"segunda-feira";"14:30:00";"MG";262;466;"BOM DESPACHO";"Condutor deixou de manter distância do veículo da frente";"Colisão traseira";"Com Vítimas Fatais";"Pleno dia";"Crescente";"Sol";"Simples";"Reta";"Não";8;1;3;2;1;1;5;4;-19,80696129;-45,12497507;"SPRF-MG";"DEL08-MG";"UOP03-DEL08-MG"
584946;2022-12-09;"sexta-feira";"05:45:00";"PR";277;41,2;"MORRETES";"Ingestão de álcool pelo condutor";"Colisão frontal";"Sem Vítimas";"Amanhecer";"Crescente";"Céu Claro";"Dupla";"Reta;Aclive";"Não";3;0;0;0;2;2;0;4;-25,58122241;-48,87767388;"SPRF-PR";"DEL01-PR";"UOP01-DEL01-PR"
585159;2022-07-15;"sexta-feira";"14:10:00";"SC";470;174,9;"POUSO REDONDO";"Carga excessiva e/ou mal acondicionada";"Derramamento de carga";"Com Vítimas Feridas";"Pleno dia";"Decrescente";"Céu Claro";"Simples";"Desvio Temporário";"Não";2;0;0;1;1;0;1;2;-27,258179;-49,929146;"SPRF-SC";"DEL04-SC";"UOP02-DEL04-SC"
585161;2022-05-17;"terça-feira";"11:30:00";"MT";163;799,2;"VERA";"Ultrapassagem Indevida";"Colisão frontal";"Com Vítimas Fatais";"Pleno dia";"Decrescente";"Céu Claro";"Simples";"Reta";"Não";29;7;16;4;1;3;20;5;-12,18084698;-55,52623029;"SPRF-MT";"DEL06-MT";"UOP01-DEL06-MT"
585168;2022-08-10;"quarta-feira";"06:40:00";"RO";364;520;"ARIQUEMES";"Manobra de mudança de faixa";"Colisão lateral mesmo sentido";"Com Vítimas Feridas";"Pleno dia";"Crescente";"Céu Claro";"Simples";"Reta";"Não";8;0;1;2;5;0;3;3;-9,87961004;-63,05725347;"SPRF-RO";"DEL03-RO";"UOP01-DEL03-RO"
585229;2022-07-10;"domingo";"06:40:00";"PR";476;349;"UNIAO DA VITORIA";"Ingestão de álcool pelo condutor";"Colisão transversal";"Sem Vítimas";"Amanhecer";"Decrescente";"Céu Claro";"Simples";"Reta";"Não";3;0;0;0;2;1;0;3;-26,183485;-50,969498;"SPRF-PR";"DEL02-PR";"UOP03-DEL02-PR"
585294;2022-11-12;"sábado";"11:40:00";"SC";101;227,4;"PALHOCA";"Condutor deixou de manter distância do veículo da frente";"Colisão traseira";"Com Vítimas Feridas";"Pleno dia";"Crescente";"Sol";"Múltipla";"Reta";"Não";5;0;1;0;3;1;1;4;-27,7597249;-48,63078869;"SPRF-SC";"DEL01-SC";"UOP02-DEL01-SC"
585316;2022-01-27;"quinta-feira";"21:25:00";"PR";116;11;"CAMPINA GRANDE DO SUL";"Ingestão de álcool pelo condutor";"Colisão lateral mesmo sentido";"Sem Vítimas";"Plena Noite";"Crescente";"Chuva";"Dupla";"Reta";"Não";3;0;0;0;2;2;0;4;-25,09123278;-48,6477702;"SPRF-PR";"DEL01-PR";"UOP02-DEL01-PR"
586937;2022-10-30;"domingo";"07:40:00";"BA";116;21,7;"VITORIA DA CONQUISTA";"Manobra de mudança de faixa";"Colisão transversal";"Com Vítimas Fatais";"Pleno dia";"Crescente";"Céu Claro";"Simples";"Reta";"Não";4;1;0;0;1;3;0;5;-14,88197;-40,80533;"SPRF-BA";"DEL08-BA";"UOP01-DEL08-BA"
587146;2022-09-12;"segunda-feira";"11:00:00";"PA";163;592;"TRAIRAO";"Transitar na contramão";"Colisão frontal";"Com Vítimas Feridas";"Pleno dia";"Crescente";"Céu Claro";"Simples";"Ponte";"Não";4;0;1;1;0;4;2;6;-4,89594527;-56,18041849;"SPRF-PA";"DEL05-PA";"UOP02-DEL05-PA"
588175;2022-10-05;"quarta-feira";"02:00:00";"PA";163;655;"ITAITUBA";"Ausência de reação do condutor";"Saída de leito carroçável";"Sem Vítimas";"Plena Noite";"Crescente";"Céu Claro";"Simples";"Curva";"Não";2;0;0;0;1;2;0;3;-4,4865;-55,8661;"SPRF-PA";"DEL05-PA";"UOP02-DEL05-PA"
592751;2022-11-20;"domingo";"18:58:00";"PE";423;22;"SAO CAITANO";"Ultrapassagem Indevida";"Colisão frontal";"Com Vítimas Fatais";"Plena Noite";"Crescente";"Céu Claro";"Dupla";"Reta";"Sim";2;1;0;0;1;0;0;2;-8,4192339;-36,19365318;"SPRF-PE";"DEL03-PE";"UOP02-DEL03-PE"
594132;2022-08-24;"quarta-feira";"01:40:00";"PA";10;23;"DOM ELISEU";"Ausência de reação do condutor";"Colisão lateral sentido oposto";"Com Vítimas Fatais";"Plena Noite";"Decrescente";"Céu Claro";"Simples";"Reta";"Não";6;1;1;1;1;5;2;8;-4,246;-47,559;"SPRF-PA";"DEL02-PA";"UOP02-DEL02-PA"
594165;2022-06-05;"domingo";"21:45:00";"MG";267;130;"JUIZ DE FORA";"Ausência de reação do condutor";"Colisão frontal";"Com Vítimas Feridas";"Plena Noite";"Crescente";"Céu Claro";"Simples";"Reta";"Não";2;0;0;1;1;0;1;2;-21,75025131;-43,57819387;"SPRF-MG";"DEL05-MG";"UOP01-DEL05-MG"
595857;2022-07-14;"quinta-feira";"12:00:00";"AM";319;473;"TAPAUA";"Demais falhas na via";"Eventos atípicos";"Sem Vítimas";"Pleno dia";"Decrescente";"Céu Claro";"Simples";"Reta";"Não";1;0;0;0;0;1;0;1;-6,08826413;-62,56335378;"SPRF-AM";"DEL01-AM";"UOP04-DEL01-AM"
602588;2022-12-23;"sexta-feira";"20:15:00";"MT";163;978;"NOVA SANTA HELENA";"Ultrapassagem Indevida";"Colisão frontal";"Com Vítimas Fatais";"Plena Noite";"Crescente";"Céu Claro";"Simples";"Reta";"Não";8;1;4;2;1;0;6;2;-10,7817228;-55,1584665;"SPRF-MT";"DEL06-MT";"UOP03-DEL06-MT"
603277;2022-09-22;"quinta-feira";"15:50:00";"GO";60;179;"ABADIA DE GOIAS";"Velocidade Incompatível";"Colisão traseira";"Com Vítimas Feridas";"Pleno dia";"Crescente";"Céu Claro";"Dupla";"Reta";"Não";3;0;0;1;1;1;1;3;-16,7638;-49,466;"SPRF-GO";"DEL01-GO";"UOP02-DEL01-GO"
605824;2022-07-09;"sábado";"07:00:00";"BA";116;691,3;"JEQUIE";"Ultrapassagem Indevida";"Colisão lateral sentido oposto";"Com Vítimas Feridas";"Pleno dia";"Decrescente";"Chuva";"Simples";"Curva";"Não";7;0;3;0;4;0;3;3;-13,94789006;-40,16494773;"SPRF-BA";"DEL03-BA";"UOP01-DEL03-BA"
609931;2022-12-29;"quinta-feira";"12:45:00";"SC";101;332,3;"TUBARAO";"Problema na suspensão";"Colisão com objeto";"Com Vítimas Feridas";"Pleno dia";"Crescente";"Céu Claro";"Dupla";"Reta";"Não";2;0;1;0;0;1;1;2;-28,467402;-49,003676;"SPRF-SC";"DEL02-SC";"UOP01-DEL02-SC"
610395;2022-04-18;"segunda-feira";"20:03:00";"PR";376;490,2;"PONTA GROSSA";"Demais falhas mecânicas ou elétricas";"Colisão traseira";"Com Vítimas Fatais";"Plena Noite";"Crescente";"Céu Claro";"Dupla";"Declive";"Sim";8;2;0;2;3;2;2;6;-25,14692309;-50,15072006;"SPRF-PR";"DEL03-PR";"UOP04-DEL03-PR"
610930;2022-12-02;"sexta-feira";"08:35:00";"MT";163;531;"DIAMANTINO";"Ultrapassagem Indevida";"Colisão lateral mesmo sentido";"Com Vítimas Fatais";"Pleno dia";"Crescente";"Céu Claro";"Dupla";"Aclive";"Não";4;1;1;0;1;7;1;10;-14,45125632;-56,13530173;"SPRF-MT";"DEL01-MT";"UOP01-DEL01-MT"
405598;2022-01-02;"domingo";"23:40:00";"BA";101;396;"IBIRAPITANGA";"Reação tardia ou ineficiente do condutor";"Colisão frontal";"Com Vítimas Fatais";"Plena Noite";"Decrescente";"Céu Claro";"Simples";"Curva";"Não";4;1;0;2;1;0;2;2;-14,06339002;-39,38464079;"SPRF-BA";"DEL05-BA";"UOP03-DEL05-BA"
406086;2022-01-04;"terça-feira";"15:59:00";"MG";116;278;"TEOFILO OTONI";"Carga excessiva e/ou mal acondicionada";"Eventos atípicos";"Sem Vítimas";"Pleno dia";"Crescente";"Céu Claro";"Simples";"Reta";"Sim";2;0;0;0;1;1;0;2;-17,86846089;-41,5171394;"SPRF-MG";"DEL11-MG";"UOP01-DEL11-MG"
408198;2022-01-11;"terça-feira";"11:30:00";"MT";70;277;"PRIMAVERA DO LESTE";"Velocidade Incompatível";"Colisão com objeto";"Sem Vítimas";"Pleno dia";"Decrescente";"Chuva";"Simples";"Reta";"Sim";1;0;0;0;0;1;0;1;-15,55572064;-54,27085588;"SPRF-MT";"DEL05-MT";"UOP01-DEL05-MT"
408527;2022-01-14;"sexta-feira";"08:20:00";"PB";230;14;"CABEDELO";"Reação tardia ou ineficiente do condutor";"Colisão traseira";"Com Vítimas Feridas";"Pleno dia";"Crescente";"Céu Claro";"Dupla";"Reta";"Sim";2;0;1;0;0;1;1;2;-7,0844;-34,8488;"SPRF-PB";"DEL01-PB";"UOP01-DEL01-PB"
408857;2022-01-15;"sábado";"17:20:00";"RS";386;150,2;"ALMIRANTE TAMANDARE DO SUL";"Reação tardia ou ineficiente do condutor";"Colisão lateral sentido oposto";"Sem Vítimas";"Pleno dia";"Crescente";"Nublado";"Simples";"Curva";"Não";3;0;0;0;2;1;0;2;-28,081411;-52,867981;"SPRF-RS";"DEL08-RS";"UOP01-DEL08-RS"
409601;2022-01-18;"terça-feira";"06:50:00";"RS";290;51;"SANTO ANTONIO DA PATRULHA";"Ausência de reação do condutor";"Colisão traseira";"Com Vítimas Feridas";"Pleno dia";"Crescente";"Nublado";"Dupla";"Reta";"Não";5;0;4;0;1;0;4;2;-29,886384;-50,653923;"SPRF-RS";"DEL03-RS";"UOP01-DEL03-RS"
411562;2022-01-28;"sexta-feira";"10:40:00";"PR";277;32;"MORRETES";"Pista Escorregadia";"Saída de leito carroçável";"Sem Vítimas";"Pleno dia";"Crescente";"Chuva";"Dupla";"Curva";"Não";2;0;0;0;1;1;0;2;-25,56283847;-48,81606191;"SPRF-PR";"DEL01-PR";"UOP05-DEL01-PR"
411591;2022-01-28;"sexta-feira";"08:40:00";"RO";364;541;"ALTO PARAISO";"Condutor deixou de manter distância do veículo da frente";"Colisão lateral mesmo sentido";"Com Vítimas Feridas";"Pleno dia";"Decrescente";"Céu Claro";"Simples";"Curva;Declive";"Não";4;0;1;0;2;1;1;3;-9,716742;-63,11815;"SPRF-RO";"DEL03-RO";"UOP01-DEL03-RO"
411890;2022-01-29;"sábado";"19:40:00";"RO";364;517;"ARIQUEMES";"Ingestão de álcool pelo condutor";"Saída de leito carroçável";"Sem Vítimas";"Plena Noite";"Decrescente";"Garoa/Chuvisco";"Simples";"Reta";"Não";4;0;0;0;2;3;0;4;-9,90688101;-63,05581217;"SPRF-RO";"DEL03-RO";"UOP01-DEL03-RO"
413271;2022-02-06;"domingo";"15:30:00";"DF";60;2,3;"BRASILIA";"Carga excessiva e/ou mal acondicionada";"Tombamento";"Sem Vítimas";"Pleno dia";"Crescente";"Céu Claro";"Dupla";"Reta";"Sim";1;0;0;0;0;1;0;1;-15,887383;-48,077988;"SPRF-DF";"DEL03-DF";"UOP01-DEL03-DF"
416207;2022-02-20;"domingo";"23:00:00";"MT";163;1043;"MATUPA";"Demais falhas mecânicas ou elétricas";"Tombamento";"Sem Vítimas";"Plena Noite";"Crescente";"Céu Claro";"Simples";"Reta";"Não";1;0;0;0;0;1;0;1;-10,13447275;-54,93056673;"SPRF-MT";"DEL06-MT";"NPF/DEL06-MT"
417765;2022-02-28;"segunda-feira";"04:19:00";"PR";373;340;"GUARAPUAVA";"Ingestão de álcool pelo condutor";"Saída de leito carroçável";"Com Vítimas Feridas";"Plena Noite";"Crescente";"Céu Claro";"Dupla";"Reta";"Não";2;0;1;0;0;1;1;2;-25,41760479;-51,57256409;"SPRF-PR";"DEL08-PR";"UOP01-DEL08-PR"
421563;2022-03-19;"sábado";"06:00:00";"GO";70;447;"ARAGARCAS";"Demais falhas mecânicas ou elétricas";"Saída de leito carroçável";"Sem Vítimas";"Pleno dia";"Crescente";"Céu Claro";"Simples";"Reta";"Não";1;0;0;0;0;1;0;1;-15,908272;-52,033642;"SPRF-GO";"DEL04-GO";"UOP01-DEL04-GO"
424085;2022-04-02;"sábado";"08:20:00";"SE";101;92;"NOSSA SENHORA DO SOCORRO";"Velocidade Incompatível";"Eventos atípicos";"Sem Vítimas";"Pleno dia";"Crescente";"Céu Claro";"Dupla";"Reta";"Sim";2;0;0;0;1;1;0;2;-10,90212319;-37,14494787;"SPRF-SE";"DEL01-SE";"UOP01-DEL01-SE"
424812;2022-03-23;"quarta-feira";"17:10:00";"GO";452;1;"RIO VERDE";"Objeto estático sobre o leito carroçável";"Colisão com objeto";"Sem Vítimas";"Pleno dia";"Crescente";"Céu Claro";"Dupla";"Em Obras;Curva";"Sim";2;0;0;0;1;1;0;2;-17,79126493;-50,89368296;"SPRF-GO";"DEL04-GO";"UOP01-DEL04-GO"
424970;2022-04-06;"quarta-feira";"18:00:00";"MG";50;2,7;"ARAGUARI";"Ultrapassagem Indevida";"Colisão traseira";"Com Vítimas Feridas";"Anoitecer";"Crescente";"Nublado";"Dupla";"Aclive;Reta";"Não";3;0;2;0;0;1;2;2;-18,43742886;-48,05720379;"SPRF-MG";"DEL15-MG";"UOP02-DEL15-MG"
444274;2022-04-17;"domingo";"13:45:00";"RJ";116;65;"TERESOPOLIS";"Velocidade Incompatível";"Tombamento";"Sem Vítimas";"Pleno dia";"Crescente";"Céu Claro";"Simples";"Curva";"Sim";1;0;0;0;1;0;0;1;-22,24400776;-42,91621542;"SPRF-RJ";"DEL04-RJ";"UOP01-DEL04-RJ"
446828;2022-04-30;"sábado";"02:45:00";"SC";470;160;"TROMBUDO CENTRAL";"Velocidade Incompatível";"Saída de leito carroçável";"Sem Vítimas";"Plena Noite";"Crescente";"Nublado";"Simples";"Curva";"Não";2;0;0;0;1;1;0;2;-27,286278;-49,798035;"SPRF-SC";"DEL04-SC";"UOP02-DEL04-SC"
447648;2022-05-03;"terça-feira";"23:50:00";"MT";70;515;"VARZEA GRANDE";"Condutor deixou de manter distância do veículo da frente";"Colisão traseira";"Com Vítimas Fatais";"Plena Noite";"Crescente";"Céu Claro";"Simples";"Reta";"Sim";2;1;0;0;0;1;0;2;-15,70501874;-56,14700317;"SPRF-MT";"DEL01-MT";"UOP02-DEL01-MT"
450324;2022-05-15;"domingo";"19:30:00";"AM";174;1114;"PRESIDENTE FIGUEIREDO";"Condutor Dormindo";"Tombamento";"Sem Vítimas";"Plena Noite";"Decrescente";"Nublado";"Simples";"Reta";"Não";4;0;0;0;0;4;0;3;-1,0783519;-60,46533167;"SPRF-AM";"DEL01-AM";"UOP02-DEL01-AM"
452678;2022-05-29;"domingo";"06:00:00";"MS";163;263,9;"DOURADOS";"Ingestão de álcool pelo condutor";"Saída de leito carroçável";"Sem Vítimas";"Amanhecer";"Crescente";"Céu Claro";"Dupla";"Reta";"Sim";2;0;0;0;1;1;0;2;-22,2316424;-54,7478208;"SPRF-MS";"DEL04-MS";"UOP01-DEL04-MS"
453448;2022-06-02;"quinta-feira";"08:22:00";"SE";101;123;"ITAPORANGA DAJUDA";"Demais falhas mecânicas ou elétricas";"Incêndio";"Sem Vítimas";"Pleno dia";"Crescente";"Céu Claro";"Dupla";"Declive";"Não";1;0;0;0;1;0;0;1;-11,06423692;-37,36360665;"SPRF-SE";"DEL02-SE";"UOP01-DEL02-SE"
453583;2022-06-02;"quinta-feira";"22:50:00";"MG";40;129,9;"JOAO PINHEIRO";"Acessar a via sem observar a presença dos outros veículos";"Colisão transversal";"Com Vítimas Fatais";"Plena Noite";"Crescente";"Céu Claro";"Simples";"Reta";"Não";2;1;0;0;0;1;0;2;-17,70395211;-46,29471003;"SPRF-MG";"DEL14-MG";"UOP01-DEL14-MG"
453938;2022-06-04;"sábado";"18:40:00";"MG";251;485,8;"FRANCISCO SA";"Demais falhas mecânicas ou elétricas";"Colisão lateral sentido oposto";"Com Vítimas Feridas";"Plena Noite";"Crescente";"Céu Claro";"Simples";"Reta";"Não";3;0;1;0;1;1;1;3;-16,50714948;-43,54451367;"SPRF-MG";"DEL12-MG";"UOP01-DEL12-MG"
454401;2022-06-07;"terça-feira";"03:10:00";"BA";135;140;"RIACHAO DAS NEVES";"Demais falhas mecânicas ou elétricas";"Incêndio";"Sem Vítimas";"Plena Noite";"Crescente";"Céu Claro";"Simples";"Curva";"Não";1;0;0;0;1;0;0;1;-11,86955294;-44,84575017;"SPRF-BA";"DEL10-BA";"UOP01-DEL10-BA"
455308;2022-06-12;"domingo";"01:50:00";"PR";116;126;"FAZENDA RIO GRANDE";"Ausência de reação do condutor";"Colisão transversal";"Com Vítimas Feridas";"Plena Noite";"Decrescente";"Céu Claro";"Dupla";"Interseção de Vias;Reta";"Sim";2;0;1;0;0;1;1;2;-25,640646;-49,312856;"SPRF-PR";"DEL01-PR";"UOP03-DEL01-PR"
457374;2022-06-22;"quarta-feira";"17:15:00";"DF";40;4,8;"BRASILIA";"Reação tardia ou ineficiente do condutor";"Colisão traseira";"Com Vítimas Feridas";"Amanhecer";"Crescente";"Céu Claro";"Dupla";"Reta";"Sim";2;0;1;0;1;0;1;2;-15,8040064;-47,972352;"SPRF-DF";"DEL01-DF";"UOP01-DEL01-DF"
458022;2022-06-26;"domingo";"00:52:00";"SC";101;182,1;"BIGUACU";"Ausência de reação do condutor";"Colisão com objeto";"Com Vítimas Feridas";"Plena Noite";"Crescente";"Nublado";"Dupla";"Reta";"Sim";4;0;2;0;0;2;2;3;-27,39798985;-48,6303592;"SPRF-SC";"DEL01-SC";"UOP01-DEL01-SC"
460915;2022-07-10;"domingo";"16:30:00";"SC";101;111;"NAVEGANTES";"Reação tardia ou ineficiente do condutor";"Colisão lateral mesmo sentido";"Sem Vítimas";"Pleno dia";"Decrescente";"Nublado";"Dupla";"Reta";"Não";3;0;0;0;3;0;0;2;-26,83955734;-48,71418074;"SPRF-SC";"DEL04-SC";"UOP04-DEL04-SC"
461330;2022-07-12;"terça-feira";"18:50:00";"SC";101;206;"SAO JOSE";"Trafegar com motocicleta (ou similar) entre as faixas";"Colisão lateral mesmo sentido";"Com Vítimas Feridas";"Plena Noite";"Crescente";"Nublado";"Dupla";"Reta";"Sim";4;0;2;0;2;0;2;3;-27,59193546;-48,61824557;"SPRF-SC";"DEL01-SC";"UOP01-DEL01-SC"
462959;2022-05-09;"segunda-feira";"01:20:00";"SC";101;140;"BALNEARIO CAMBORIU";"Reação tardia ou ineficiente do condutor";"Colisão traseira";"Com Vítimas Fatais";"Plena Noite";"Crescente";"Céu Claro";"Simples";"Aclive";"Não";2;1;0;0;0;1;0;2;-27,03881189;-48,60025148;"SPRF-SC";"DEL04-SC";"UOP03-DEL04-SC"
463380;2022-07-23;"sábado";"03:15:00";"SC";101;114;"ITAJAI";"Velocidade Incompatível";"Saída de leito carroçável";"Com Vítimas Feridas";"Plena Noite";"Crescente";"Nublado";"Múltipla";"Interseção de Vias";"Sim";4;0;1;1;0;2;2;3;-26,86192886;-48,7286704;"SPRF-SC";"DEL04-SC";"UOP04-DEL04-SC"
465685;2022-08-03;"quarta-feira";"14:15:00";"PR";277;722,3;"FOZ DO IGUACU";"Acesso irregular";"Colisão transversal";"Com Vítimas Feridas";"Pleno dia";"Decrescente";"Sol";"Dupla";"Rotatória";"Sim";2;0;1;0;1;0;1;2;-25,49494908;-54,52095097;"SPRF-PR";"DEL05-PR";"UOP03-DEL05-PR"
468078;2022-08-14;"domingo";"17:20:00";"SC";101;200;"SAO JOSE";"Manobra de mudança de faixa";"Colisão lateral mesmo sentido";"Com Vítimas Feridas";"Pleno dia";"Decrescente";"Céu Claro";"Dupla";"Reta";"Sim";6;0;0;2;2;2;2;4;-27,54018513;-48,62287714;"SPRF-SC";"DEL01-SC";"UOP01-DEL01-SC"
470189;2022-08-25;"quinta-feira";"13:10:00";"SC";101;187;"BIGUACU";"Ausência de reação do condutor";"Colisão traseira";"Com Vítimas Feridas";"Pleno dia";"Crescente";"Céu Claro";"Dupla";"Reta";"Sim";3;0;1;0;2;0;1;3;-27,44307116;-48,62848475;"SPRF-SC";"DEL01-SC";"UOP01-DEL01-SC"
472042;2022-09-03;"sábado";"13:00:00";"RN";101;170;"CANGUARETAMA";"Fumaça";"Engavetamento";"Sem Vítimas";"Pleno dia";"Decrescente";"Céu Claro";"Dupla";"Reta";"Não";3;0;0;0;3;0;0;3;-6,44689877;-35,12094676;"SPRF-RN";"DEL01-RN";"UOP01-DEL01-RN"
472122;2022-09-03;"sábado";"15:00:00";"MA";135;112;"MIRANDA DO NORTE";"Demais Fenômenos da natureza";"Eventos atípicos";"Sem Vítimas";"Pleno dia";"Crescente";"Sol";"Simples";"Reta";"Não";1;0;0;0;1;0;0;1;-3,45227385;-44,52667443;"SPRF-MA";"DEL01-MA";"UOP02-DEL01-MA"
472629;2022-09-05;"segunda-feira";"18:50:00";"MG";116;587,8;"MANHUACU";"Transitar na contramão";"Colisão frontal";"Com Vítimas Feridas";"Anoitecer";"Decrescente";"Nublado";"Simples";"Curva";"Não";2;0;1;0;1;0;1;2;-20,24173903;-42,15868042;"SPRF-MG";"DEL06-MG";"UOP03-DEL06-MG"
473458;2022-09-10;"sábado";"07:45:00";"RJ";101;388;"RIO DE JANEIRO";"Velocidade Incompatível";"Capotamento";"Sem Vítimas";"Pleno dia";"Crescente";"Céu Claro";"Múltipla";"Reta";"Sim";3;0;0;0;0;3;0;2;-22,88810094;-43,65827302;"SPRF-RJ";"DEL03-RJ";"UOP01-DEL03-RJ"
475223;2022-09-18;"domingo";"10:45:00";"RN";406;20,5;"MACAU";"Demais falhas mecânicas ou elétricas";"Incêndio";"Sem Vítimas";"Pleno dia";"Decrescente";"Sol";"Simples";"Reta";"Não";1;0;0;0;1;0;0;1;-5,2038749;-36,47644896;"SPRF-RN";"DEL02-RN";"UOP01-DEL02-RN"
476004;2022-09-05;"segunda-feira";"01:45:00";"RO";319;57;"PORTO VELHO";"Ausência de reação do condutor";"Colisão traseira";"Com Vítimas Feridas";"Plena Noite";"Crescente";"Céu Claro";"Simples";"Ponte";"Não";3;0;1;0;0;2;1;3;-8,73778262;-63,92178833;"SPRF-RO";"DEL01-RO";"UOP01-DEL01-RO"
476710;2022-09-13;"terça-feira";"16:50:00";"PE";408;86,5;"PAUDALHO";"Velocidade Incompatível";"Saída de leito carroçável";"Com Vítimas Feridas";"Anoitecer";"Decrescente";"Céu Claro";"Dupla";"Reta";"Não";3;0;1;0;1;1;1;2;-7,963545;-35,092901;"SPRF-PE";"DEL01-PE";"UOP01-DEL01-PE"
478428;2022-08-23;"terça-feira";"12:10:00";"SC";101;117,8;"ITAJAI";"Trafegar com motocicleta (ou similar) entre as faixas";"Colisão lateral mesmo sentido";"Com Vítimas Feridas";"Pleno dia";"Crescente";"Nublado";"Dupla";"Reta";"Sim";2;0;1;0;0;1;1;2;-26,88747187;-48,72252969;"SPRF-SC";"DEL04-SC";"UOP04-DEL04-SC"
479606;2022-10-09;"domingo";"06:53:00";"RJ";101;316;"SAO GONCALO";"Trafegar com motocicleta (ou similar) entre as faixas";"Colisão traseira";"Com Vítimas Fatais";"Pleno dia";"Decrescente";"Céu Claro";"Dupla";"Reta";"Sim";5;1;0;0;1;3;0;4;-22,82835879;-43,09208739;"SPRF-RJ";"DEL02-RJ";"UOP02-DEL02-RJ"
479763;2022-10-09;"domingo";"23:08:00";"PB";230;56;"CRUZ DO ESPIRITO SANTO";"Ausência de reação do condutor";"Colisão traseira";"Com Vítimas Feridas";"Plena Noite";"Decrescente";"Nublado";"Dupla";"Reta";"Não";3;0;1;0;1;1;1;2;-7,2021;-35,1038;"SPRF-PB";"DEL01-PB";"UOP03-DEL01-PB"
482620;2022-10-24;"segunda-feira";"04:40:00";"RJ";116;309;"RESENDE";"Condutor Dormindo";"Colisão traseira";"Com Vítimas Feridas";"Plena Noite";"Crescente";"Nublado";"Dupla";"Reta";"Sim";2;0;1;0;0;1;1;2;-22,45852838;-44,42672997;"SPRF-RJ";"DEL07-RJ";"UOP02-DEL07-RJ"
484021;2022-10-31;"segunda-feira";"00:00:00";"SC";116;141;"SANTA CECILIA";"Velocidade Incompatível";"Colisão transversal";"Sem Vítimas";"Plena Noite";"Crescente";"Garoa/Chuvisco";"Simples";"Reta";"Não";2;0;0;0;1;1;0;2;-26,97282394;-50,40309796;"SPRF-SC";"DEL06-SC";"UOP02-DEL06-SC"
486047;2022-11-11;"sexta-feira";"09:00:00";"MG";40;470;"SETE LAGOAS";"Condutor deixou de manter distância do veículo da frente";"Colisão traseira";"Com Vítimas Feridas";"Pleno dia";"Crescente";"Céu Claro";"Dupla";"Reta";"Não";2;0;1;0;0;1;1;2;-19,46787403;-44,29555707;"SPRF-MG";"DEL02-MG";"UOP01-DEL02-MG"
487680;2022-11-18;"sexta-feira";"18:30:00";"SP";116;228;"SAO PAULO";"Condutor deixou de manter distância do veículo da frente";"Colisão lateral mesmo sentido";"Com Vítimas Feridas";"Plena Noite";"Decrescente";"Céu Claro";"Dupla";"Reta";"Sim";2;0;1;0;1;0;1;2;-23,50343484;-46,56638712;"SPRF-SP";"DEL01-SP";"UOP01-DEL01-SP"
488075;2022-11-20;"domingo";"17:35:00";"PR";373;175,5;"PONTA GROSSA";"Velocidade Incompatível";"Colisão lateral mesmo sentido";"Com Vítimas Fatais";"Pleno dia";"Crescente";"Céu Claro";"Dupla";"Reta";"Sim";10;1;0;1;4;4;1;5;-25,06728094;-50,21211882;"SPRF-PR";"DEL03-PR";"UOP01-DEL03-PR"
488542;2022-11-22;"terça-feira";"08:30:00";"RN";101;161;"CANGUARETAMA";"Condutor deixou de manter distância do veículo da frente";"Colisão traseira";"Com Vítimas Fatais";"Pleno dia";"Decrescente";"Sol";"Dupla";"Aclive";"Sim";3;1;1;0;1;0;1;2;-6,37832592;-35,14846487;"SPRF-RN";"DEL01-RN";"UOP01-DEL01-RN"
491026;2022-12-06;"terça-feira";"00:26:00";"PE";423;33;"SAO CAITANO";"Condutor Dormindo";"Colisão traseira";"Com Vítimas Feridas";"Plena Noite";"Decrescente";"Garoa/Chuvisco";"Simples";"Reta";"Não";2;0;1;0;0;1;1;2;-8,44278709;-36,20687784;"SPRF-PE";"DEL03-PE";"UOP02-DEL03-PE"
491627;2022-12-08;"quinta-feira";"18:45:00";"MG";40;179,9;"JOAO PINHEIRO";"Ultrapassagem Indevida";"Colisão lateral mesmo sentido";"Com Vítimas Feridas";"Plena Noite";"Crescente";"Chuva";"Simples";"Declive;Reta";"Não";2;0;1;0;0;1;1;2;-17,9694458;-45,98046692;"SPRF-MG";"DEL14-MG";"UOP02-DEL14-MG"
493544;2022-12-18;"domingo";"01:00:00";"RO";364;570;"ALTO PARAISO";"Demais falhas mecânicas ou elétricas";"Incêndio";"Sem Vítimas";"Plena Noite";"Crescente";"Céu Claro";"Simples";"Reta";"Não";2;0;0;0;1;1;0;2;-9,481181;-63,100052;"SPRF-RO";"DEL01-RO";"UOP04-DEL01-RO"
495704;2022-11-01;"terça-feira";"10:44:00";"RN";304;306,6;"PARNAMIRIM";"Ausência de reação do condutor";"Colisão lateral mesmo sentido";"Com Vítimas Feridas";"Pleno dia";"Decrescente";"Céu Claro";"Dupla";"Interseção de Vias;Rotatória";"Não";2;0;0;1;1;0;1;2;-5,89012265;-35,26352022;"SPRF-RN";"DEL01-RN";"UOP02-DEL01-RN"