"id";"data_inversa";"dia_semana";"horario";"uf";"br";"km";"municipio";"causa_acidente";"tipo_acidente";"classificacao_acidente";"fase_dia";"sentido_via";"condicao_metereologica";"tipo_pista";"tracado_via";"uso_solo";"pessoas";"mortos";"feridos_leves";"feridos_graves";"ilesos";"ignorados";"feridos";"veiculos";"latitude";"longitude";"regional";"delegacia";"uop"
455198;2022-06-11;"sábado";"11:00:00";"RO";364;347;"JI-PARANA";"Ausência de reação do condutor";"Colisão traseira";"Com Vítimas Feridas";"Pleno dia";"Crescente";"Céu Claro";"Simples";"Reta";"Sim";3;0;1;0;1;1;1;3;-10,86070186;-61,9761549;"SPRF-RO";"DEL02-RO";"UOP01-DEL02-RO"
455257;2022-06-11;"sábado";"18:45:00";"SC";101;329,4;"TUBARAO";"Manobra de mudança de faixa";"Queda de ocupante de veículo";"Com Vítimas Feridas";"Plena Noite";"Crescente";"Céu Claro";"Dupla";"Reta";"Não";4;0;1;0;1;2;1;3;-28,453948;-48,977893;"SPRF-SC";"DEL02-SC";"UOP01-DEL02-SC"
456001;2022-06-15;"quarta-feira";"16:35:00";"CE";222;14;"CAUCAIA";"Problema com o freio";"Colisão traseira";"Sem Vítimas";"Pleno dia";"Decrescente";"Céu Claro";"Simples";"Reta";"Não";6;0;0;0;5;1;0;4;-3,76168497;-38,68641099;"SPRF-CE";"DEL01-CE";"UOP01-DEL01-CE"
456402;2022-06-17;"sexta-feira";"19:15:00";"PR";476;148;"ARAUCARIA";"Reação tardia ou ineficiente do condutor";"Colisão traseira";"Com Vítimas Fatais";"Plena Noite";"Decrescente";"Chuva";"Dupla";"Reta";"Sim";9;2;0;3;3;1;3;5;-25,557121;-49,348732;"SPRF-PR";"DEL01-PR";"UOP03-DEL01-PR"
456632;2022-06-18;"sábado";"19:10:00";"SC";101;216;"PALHOCA";"Ausência de reação do condutor";"Colisão lateral mesmo sentido";"Com Vítimas Feridas";"Plena Noite";"Crescente";"Céu Claro";"Dupla";"Curva";"Sim";4;0;1;0;1;2;1;4;-27,65737755;-48,678434;"SPRF-SC";"DEL01-SC";"UOP02-DEL01-SC"
456755;2022-06-19;"domingo";"11:47:00";"BA";101;789;"ITAMARAJU";"Transitar na contramão";"Colisão traseira";"Com Vítimas Feridas";"Pleno dia";"Crescente";"Céu Claro";"Simples";"Reta";"Não";5;0;3;0;1;1;3;4;-17,060711;-39,55297;"SPRF-BA";"DEL09-BA";"UOP01-DEL09-BA"
456757;2022-06-19;"domingo";"09:30:00";"CE";304;70;"ARACATI";"Acessar a via sem observar a presença dos outros veículos";"Colisão transversal";"Sem Vítimas";"Pleno dia";"Decrescente";"Céu Claro";"Simples";"Reta";"Sim";3;0;0;0;2;1;0;3;-4,65928452;-37,61463658;"SPRF-CE";"DEL03-CE";"UOP03-DEL03-CE"
457000;2022-06-20;"segunda-feira";"18:40:00";"MG";116;707;"MURIAE";"Desrespeitar a preferência no cruzamento";"Colisão transversal";"Com Vítimas Feridas";"Plena Noite";"Crescente";"Céu Claro";"Simples";"Rotatória";"Sim";3;0;1;0;1;1;1;3;-21,15538281;-42,38264744;"SPRF-MG";"DEL07-MG";"UOP02-DEL07-MG"
457589;2022-06-23;"quinta-feira";"20:15:00";"RS";116;52;"VACARIA";"Condutor deixou de manter distância do veículo da frente";"Colisão traseira";"Sem Vítimas";"Plena Noite";"Crescente";"Nublado";"Simples";"Declive";"Não";7;0;0;0;6;1;0;3;-28,58229507;-51,02378683;"SPRF-RS";"DEL05-RS";"UOP03-DEL05-RS"
457973;2022-06-25;"sábado";"18:55:00";"SC";101;391;"CRICIUMA";"Reação tardia ou ineficiente do condutor";"Colisão com objeto";"Com Vítimas Feridas";"Plena Noite";"Crescente";"Ignorado";"Dupla";"Reta";"Não";4;0;1;0;2;1;1;4;-28,80004819;-49,36282789;"SPRF-SC";"DEL02-SC";"UOP02-DEL02-SC"
458362;2022-06-27;"segunda-feira";"19:00:00";"SP";153;106,7;"JOSE BONIFACIO";"Acessar a via sem observar a presença dos outros veículos";"Colisão transversal";"Com Vítimas Feridas";"Plena Noite";"Crescente";"Céu Claro";"Simples";"Reta";"Não";5;0;2;1;1;1;3;3;-21,05570394;-49,65851012;"SPRF-SP";"DEL09-SP";"UOP01-DEL09-SP"
458538;2022-06-28;"terça-feira";"17:50:00";"SC";101;49,7;"JOINVILLE";"Condutor deixou de manter distância do veículo da frente";"Colisão traseira";"Com Vítimas Feridas";"Anoitecer";"Crescente";"Céu Claro";"Múltipla";"Reta;Viaduto";"Não";4;0;1;0;2;1;1;4;-26,36479799;-48,85878798;"SPRF-SC";"DEL03-SC";"UOP01-DEL03-SC"
458694;2022-06-29;"quarta-feira";"16:30:00";"MG";365;591,5;"INDIANOPOLIS";"Pista esburacada";"Saída de leito carroçável";"Com Vítimas Feridas";"Pleno dia";"Crescente";"Céu Claro";"Simples";"Declive";"Não";2;0;1;0;0;1;1;2;-18,8814331;-48,05229199;"SPRF-MG";"DEL15-MG";"UOP02-DEL15-MG"
459113;2022-07-01;"sexta-feira";"21:15:00";"MT";163;844;"SINOP";"Ausência de reação do condutor";"Colisão traseira";"Sem Vítimas";"Plena Noite";"Crescente";"Céu Claro";"Simples";"Reta";"Sim";6;0;0;0;4;2;0;3;-11,78260664;-55,47478795;"SPRF-MT";"DEL06-MT";"NPF/DEL06-MT"
459543;2022-07-03;"domingo";"19:50:00";"MG";116;301,7;"ITAMBACURI";"Ausência de reação do condutor";"Colisão frontal";"Com Vítimas Feridas";"Plena Noite";"Crescente";"Céu Claro";"Simples";"Curva";"Não";9;0;2;0;6;1;2;3;-18,01629216;-41,62522898;"SPRF-MG";"DEL11-MG";"UOP01-DEL11-MG"
459807;2022-07-05;"terça-feira";"08:35:00";"SP";116;50,6;"LORENA";"Ausência de reação do condutor";"Capotamento";"Com Vítimas Feridas";"Pleno dia";"Decrescente";"Céu Claro";"Dupla";"Reta";"Sim";3;0;0;1;1;1;1;2;-22,73603721;-45,08433485;"SPRF-SP";"DEL08-SP";"UOP02-DEL08-SP"
460157;2022-07-07;"quinta-feira";"07:40:00";"SC";282;19,4;"PALHOCA";"Condutor deixou de manter distância do veículo da frente";"Colisão traseira";"Com Vítimas Feridas";"Pleno dia";"Decrescente";"Sol";"Simples";"Reta";"Sim";5;0;1;0;3;1;1;4;-27,678635;-48,70192;"SPRF-SC";"DEL01-SC";"UOP02-DEL01-SC"
460933;2022-07-10;"domingo";"14:17:00";"SP";153;161,5;"PROMISSAO";"Ultrapassagem Indevida";"Colisão lateral sentido oposto";"Com Vítimas Feridas";"Pleno dia";"Decrescente";"Céu Claro";"Simples";"Declive";"Não";5;0;2;0;2;1;2;4;-21,51633598;-49,78087709;"SPRF-SP";"DEL07-SP";"UOP01-DEL07-SP"
461186;2022-05-21;"sábado";"10:00:00";"GO";153;44;"PORANGATU";"Ingestão de álcool pelo condutor";"Colisão traseira";"Sem Vítimas";"Pleno dia";"Crescente";"Céu Claro";"Simples";"Reta";"Não";6;0;0;0;5;1;0;3;-13,200286;-49,157761;"SPRF-GO";"DEL07-GO";"UOP01-DEL07-GO"
461597;2022-04-14;"quinta-feira";"01:55:00";"MG";40;582;"ITABIRITO";"Ausência de reação do condutor";"Colisão lateral sentido oposto";"Com Vítimas Feridas";"Plena Noite";"Crescente";"Céu Claro";"Simples";"Curva";"Não";10;0;1;5;2;2;6;5;-20,31049595;-43,93484962;"SPRF-MG";"DEL01-MG";"UOP02-DEL01-MG"
461990;2022-07-16;"sábado";"10:30:00";"SE";101;151;"ESTANCIA";"Ingestão de álcool pelo condutor";"Engavetamento";"Sem Vítimas";"Pleno dia";"Decrescente";"Céu Claro";"Simples";"Reta";"Sim";4;0;0;0;3;1;0;4;-11,26151;-37,441227;"SPRF-SE";"DEL02-SE";"UOP01-DEL02-SE"
462140;2022-07-17;"domingo";"02:10:00";"MG";262;118,5;"RIO CASCA";"Ultrapassagem Indevida";"Colisão frontal";"Com Vítimas Fatais";"Plena Noite";"Decrescente";"Céu Claro";"Simples";"Reta;Aclive";"Não";6;1;0;3;1;1;3;4;-20,22994826;-42,63698814;"SPRF-MG";"DEL03-MG";"UOP03-DEL03-MG"
462681;2022-07-20;"quarta-feira";"01:30:00";"GO";153;491;"GOIANIA";"Estacionar ou parar em local proibido";"Colisão traseira";"Sem Vítimas";"Plena Noite";"Decrescente";"Céu Claro";"Dupla";"Reta";"Sim";3;0;0;0;2;1;0;3;-16,639;-49,2063;"SPRF-GO";"DEL01-GO";"UOP01-DEL01-GO"
463113;2022-07-22;"sexta-feira";"02:50:00";"MT";163;1003;"TERRA NOVA DO NORTE";"Retorno proibido";"Colisão transversal";"Com Vítimas Feridas";"Plena Noite";"Crescente";"Céu Claro";"Simples";"Aclive";"Não";4;0;1;2;0;1;3;3;-10,59558812;-55,09791188;"SPRF-MT";"DEL06-MT";"NPF/DEL06-MT"
463895;2022-06-28;"terça-feira";"17:30:00";"PE";316;296,9;"BELEM DE SAO FRANCISCO";"Demais falhas na via";"Eventos atípicos";"Com Vítimas Feridas";"Anoitecer";"Crescente";"Céu Claro";"Simples";"Reta";"Não";3;0;2;0;0;1;2;2;-8,62420972;-38,6390001;"SPRF-PE";"DEL04-PE";"UOP03-DEL04-PE"
463963;2022-07-25;"segunda-feira";"13:15:00";"GO";153;409,1;"PIRENOPOLIS";"Ultrapassagem Indevida";"Colisão lateral mesmo sentido";"Com Vítimas Feridas";"Pleno dia";"Crescente";"Céu Claro";"Simples";"Ponte";"Não";7;0;1;0;4;2;1;4;-16,108525;-49,030856;"SPRF-GO";"DEL02-GO";"UOP02-DEL02-GO"
464240;2022-07-27;"quarta-feira";"06:00:00";"MT";364;503,5;"JANGADA";"Carga excessiva e/ou mal acondicionada";"Saída de leito carroçável";"Com Vítimas Feridas";"Amanhecer";"Decrescente";"Céu Claro";"Simples";"Declive";"Não";3;0;1;1;0;1;2;2;-15,236872;-56,49115;"SPRF-MT";"DEL01-MT";"UOP01-DEL01-MT"
464267;2022-07-22;"sexta-feira";"07:00:00";"MS";262;442;"DOIS IRMAOS DO BURITI";"Acessar a via sem observar a presença dos outros veículos";"Colisão transversal";"Com Vítimas Feridas";"Pleno dia";"Crescente";"Sol";"Simples";"Reta";"Não";3;0;1;0;1;1;1;3;-20,521818;-55,384121;"SPRF-MS";"DEL03-MS";"UOP01-DEL03-MS"
464361;2022-07-27;"quarta-feira";"18:30:00";"GO";60;167;"GOIANIA";"Condutor deixou de manter distância do veículo da frente";"Colisão traseira";"Com Vítimas Feridas";"Anoitecer";"Crescente";"Céu Claro";"Dupla";"Reta";"Sim";3;0;0;1;1;1;1;3;-16,7175;-49,3663;"SPRF-GO";"DEL01-GO";"UOP02-DEL01-GO"
464405;2022-07-28;"quinta-feira";"02:45:00";"SC";282;18,2;"PALHOCA";"Ausência de reação do condutor";"Colisão traseira";"Sem Vítimas";"Plena Noite";"Decrescente";"Ignorado";"Simples";"Reta";"Sim";3;0;0;0;2;1;0;3;-27,672798;-48,694286;"SPRF-SC";"DEL01-SC";"UOP02-DEL01-SC"
464583;2022-07-29;"sexta-feira";"04:00:00";"MS";463;29;"PONTA PORA";"Ingestão de álcool pelo condutor";"Colisão com objeto";"Sem Vítimas";"Plena Noite";"Crescente";"Céu Claro";"Simples";"Reta";"Não";2;0;0;0;1;1;0;2;-22,29644391;-55,05716697;"SPRF-MS";"DEL04-MS";"UOP03-DEL04-MS"
464603;2022-07-29;"sexta-feira";"08:51:00";"SP";116;87;"PINDAMONHANGABA";"Condutor deixou de manter distância do veículo da frente";"Colisão traseira";"Com Vítimas Feridas";"Pleno dia";"Decrescente";"Céu Claro";"Múltipla";"Reta";"Não";7;0;2;0;4;1;2;3;-22,93065267;-45,36166116;"SPRF-SP";"DEL08-SP";"UOP01-DEL08-SP"
464851;2022-07-30;"sábado";"11:20:00";"PB";101;53,1;"SANTA RITA";"Carga excessiva e/ou mal acondicionada";"Capotamento";"Com Vítimas Feridas";"Pleno dia";"Decrescente";"Nublado";"Dupla";"Declive";"Não";4;0;2;1;0;1;3;2;-6,94606786;-35,09493776;"SPRF-PB";"DEL01-PB";"UOP04-DEL01-PB"
465198;2022-07-31;"domingo";"19:30:00";"GO";70;118;"JARAGUA";"Velocidade Incompatível";"Tombamento";"Sem Vítimas";"Plena Noite";"Crescente";"Céu Claro";"Simples";"Reta";"Não";2;0;0;0;1;1;0;2;-15,82408388;-49,17536694;"SPRF-GO";"DEL02-GO";"UOP02-DEL02-GO"
465265;2022-08-01;"segunda-feira";"07:10:00";"MG";116;526,6;"CARATINGA";"Acessar a via sem observar a presença dos outros veículos";"Colisão transversal";"Com Vítimas Feridas";"Pleno dia";"Crescente";"Céu Claro";"Simples";"Reta";"Sim";3;0;1;0;1;1;1;3;-19,77654011;-42,13327989;"SPRF-MG";"DEL06-MG";"UOP02-DEL06-MG"
465921;2022-08-04;"quinta-feira";"16:40:00";"MG";146;426,9;"MUZAMBINHO";"Velocidade Incompatível";"Colisão transversal";"Com Vítimas Feridas";"Pleno dia";"Crescente";"Céu Claro";"Simples";"Interseção de Vias";"Não";5;0;2;0;2;1;2;3;-21,35848517;-46,4733696;"SPRF-MG";"DEL09-MG";"UOP01-DEL09-MG"
466645;2022-08-07;"domingo";"21:00:00";"RS";472;441;"ITAQUI";"Pista esburacada";"Colisão frontal";"Com Vítimas Feridas";"Plena Noite";"Decrescente";"Nublado";"Simples";"Reta";"Não";4;0;1;1;1;1;2;3;-28,95347926;-56,1308697;"SPRF-RS";"DEL12-RS";"UOP01-DEL12-RS"
466772;2022-08-08;"segunda-feira";"14:40:00";"RN";304;43;"MOSSORO";"Reação tardia ou ineficiente do condutor";"Colisão traseira";"Sem Vítimas";"Pleno dia";"Decrescente";"Sol";"Dupla";"Reta";"Não";3;0;0;0;2;1;0;3;-5,21815835;-37,36500124;"SPRF-RN";"DEL04-RN";"UOP01-DEL04-RN"
466853;2022-08-08;"segunda-feira";"18:10:00";"PR";153;338,5;"IRATI";"Manobra de mudança de faixa";"Colisão transversal";"Com Vítimas Feridas";"Plena Noite";"Decrescente";"Céu Claro";"Simples";"Reta";"Sim";4;0;0;1;2;1;1;3;-25,511257;-50,652934;"SPRF-PR";"DEL08-PR";"UOP02-DEL08-PR"
467487;2022-08-12;"sexta-feira";"07:50:00";"MG";50;72;"UBERLANDIA";"Reação tardia ou ineficiente do condutor";"Engavetamento";"Com Vítimas Feridas";"Pleno dia";"Decrescente";"Céu Claro";"Dupla";"Reta";"Sim";5;0;2;0;2;1;2;4;-18,85140204;-48,25345932;"SPRF-MG";"DEL15-MG";"UOP01-DEL15-MG"
467620;2022-08-12;"sexta-feira";"19:05:00";"RO";364;246,5;"CACOAL";"Iluminação deficiente";"Colisão traseira";"Com Vítimas Feridas";"Anoitecer";"Decrescente";"Céu Claro";"Simples";"Reta";"Não";3;0;1;0;1;1;1;3;-11,439371;-61,524097;"SPRF-RO";"DEL02-RO";"UOP02-DEL02-RO"
467694;2022-08-13;"sábado";"05:00:00";"MG";40;445,5;"PARAOPEBA";"Demais falhas mecânicas ou elétricas";"Colisão com objeto";"Com Vítimas Feridas";"Amanhecer";"Crescente";"Céu Claro";"Dupla";"Reta";"Não";3;0;1;0;1;1;1;3;-19,28801;-44,39517;"SPRF-MG";"DEL02-MG";"UOP01-DEL02-MG"
468001;2022-08-07;"domingo";"00:15:00";"GO";40;23;"LUZIANIA";"Ingestão de álcool pelo condutor";"Saída de leito carroçável";"Com Vítimas Feridas";"Plena Noite";"Decrescente";"Céu Claro";"Dupla";"Reta";"Não";4;0;1;1;1;1;2;2;-16,19024688;-47,92722881;"SPRF-DF";"DEL01-DF";"UOP01-DEL01-DF"
468182;2022-08-14;"domingo";"19:40:00";"SC";280;263,5;"CANOINHAS";"Manobra de mudança de faixa";"Colisão frontal";"Com Vítimas Fatais";"Plena Noite";"Crescente";"Céu Claro";"Simples";"Aclive;Reta";"Não";11;4;0;4;1;2;4;5;-26,262451;-50,666047;"SPRF-SC";"DEL06-SC";"UOP04-DEL06-SC"
468350;2022-08-15;"segunda-feira";"16:40:00";"RJ";101;463;"ANGRA DOS REIS";"Ingestão de álcool pelo condutor";"Colisão com objeto";"Com Vítimas Feridas";"Pleno dia";"Decrescente";"Nublado";"Simples";"Em Obras;Reta";"Não";4;0;2;0;1;1;2;2;-23,02635686;-44,21296905;"SPRF-RJ";"DEL03-RJ";"UOP03-DEL03-RJ"
468405;2022-08-16;"terça-feira";"07:30:00";"SP";101;45;"UBATUBA";"Ausência de reação do condutor";"Colisão lateral sentido oposto";"Com Vítimas Feridas";"Pleno dia";"Decrescente";"Céu Claro";"Dupla";"Reta";"Sim";4;0;1;0;2;1;1;3;-23,41779396;-45,06788408;"SPRF-SP";"DEL06-SP";"UOP01-DEL06-SP"
468470;2022-08-16;"terça-feira";"14:15:00";"PR";369;523;"CASCAVEL";"Carga excessiva e/ou mal acondicionada";"Colisão frontal";"Com Vítimas Feridas";"Pleno dia";"Crescente";"Nublado";"Simples";"Reta";"Sim";6;0;3;0;2;1;3;3;-24,9502;-53,3984;"SPRF-PR";"DEL04-PR";"UOP01-DEL04-PR"
468557;2022-08-16;"terça-feira";"23:00:00";"MG";262;844,1;"UBERABA";"Animais na Pista";"Saída de leito carroçável";"Com Vítimas Feridas";"Plena Noite";"Crescente";"Céu Claro";"Dupla";"Reta";"Não";3;0;1;1;0;1;2;2;-19,758258;-48,287647;"SPRF-MG";"DEL13-MG";"UOP01-DEL13-MG"
468717;2022-08-17;"quarta-feira";"20:15:00";"MG";365;610;"UBERLANDIA";"Transitar na contramão";"Colisão lateral sentido oposto";"Com Vítimas Feridas";"Plena Noite";"Decrescente";"Céu Claro";"Simples";"Reta";"Sim";3;0;1;0;1;1;1;3;-18,92682886;-48,19521904;"SPRF-MG";"DEL15-MG";"UOP01-DEL15-MG"
468983;2022-08-19;"sexta-feira";"09:30:00";"SP";153;62,6;"SAO JOSE DO RIO PRETO";"Objeto estático sobre o leito carroçável";"Colisão com objeto";"Com Vítimas Feridas";"Pleno dia";"Crescente";"Nublado";"Dupla";"Aclive;Reta";"Sim";3;0;1;0;1;1;1;3;-20,82919401;-49,36046325;"SPRF-SP";"DEL09-SP";"UOP01-DEL09-SP"
469038;2022-08-19;"sexta-feira";"15:50:00";"GO";153;650;"MORRINHOS";"Demais falhas mecânicas ou elétricas";"Tombamento";"Com Vítimas Feridas";"Pleno dia";"Crescente";"Céu Claro";"Dupla";"Reta";"Não";3;0;0;1;1;1;1;2;-17,9665;-49,2533;"SPRF-GO";"DEL03-GO";"UOP01-DEL03-GO"
469205;2022-08-20;"sábado";"08:10:00";"PB";101;100;"CONDE";"Reação tardia ou ineficiente do condutor";"Colisão traseira";"Com Vítimas Feridas";"Pleno dia";"Decrescente";"Céu Claro";"Múltipla";"Reta";"Não";4;0;1;1;1;1;2;3;-7,26469806;-34,93677965;"SPRF-PB";"DEL01-PB";"UOP02-DEL01-PB"
469336;2022-08-20;"sábado";"20:50:00";"MG";40;320;"TRES MARIAS";"Manobra de mudança de faixa";"Colisão frontal";"Com Vítimas Fatais";"Plena Noite";"Crescente";"Nublado";"Simples";"Curva";"Não";5;1;0;1;2;1;1;3;-18,51247005;-45,07802246;"SPRF-MG";"DEL14-MG";"UOP02-DEL14-MG"
469416;2022-06-18;"sábado";"09:40:00";"PR";277;232;"FERNANDES PINHEIRO";"Manobra de mudança de faixa";"Colisão frontal";"Com Vítimas Feridas";"Pleno dia";"Crescente";"Céu Claro";"Simples";"Reta";"Não";4;0;1;2;0;1;3;3;-25,4687637;-50,47923205;"SPRF-PR";"DEL08-PR";"UOP02-DEL08-PR"
469521;2022-08-21;"domingo";"19:15:00";"RS";392;290;"SAO SEPE";"Ingestão de álcool pelo condutor";"Colisão lateral sentido oposto";"Sem Vítimas";"Plena Noite";"Crescente";"Céu Claro";"Simples";"Curva";"Não";5;0;0;0;4;1;0;3;-30,22202398;-53,56031392;"SPRF-RS";"DEL09-RS";"UOP02-DEL09-RS"
469641;2022-08-22;"segunda-feira";"09:45:00";"MG";262;486,7;"BOM DESPACHO";"Condutor deixou de manter distância do veículo da frente";"Colisão traseira";"Sem Vítimas";"Pleno dia";"Crescente";"Sol";"Simples";"Em Obras";"Não";5;0;0;0;4;1;0;3;-19,78610881;-45,30392798;"SPRF-MG";"DEL08-MG";"UOP03-DEL08-MG"
469967;2022-08-24;"quarta-feira";"07:30:00";"PR";277;595,9;"CASCAVEL";"Entrada inopinada do pedestre";"Atropelamento de Pedestre";"Com Vítimas Feridas";"Pleno dia";"Decrescente";"Sol";"Simples";"Reta";"Sim";3;0;0;1;1;1;1;3;-24,98154632;-53,50141969;"SPRF-PR";"DEL04-PR";"UOP01-DEL04-PR"
470339;2022-08-26;"sexta-feira";"07:30:00";"PR";376;623;"SAO JOSE DOS PINHAIS";"Reação tardia ou ineficiente do condutor";"Tombamento";"Com Vítimas Feridas";"Pleno dia";"Decrescente";"Nublado";"Dupla";"Reta";"Não";3;0;0;1;1;1;1;3;-25,62623389;-49,16547575;"SPRF-PR";"DEL01-PR";"UOP04-DEL01-PR"
470342;2022-08-26;"sexta-feira";"07:20:00";"SC";101;251;"PAULO LOPES";"Demais falhas mecânicas ou elétricas";"Atropelamento de Pedestre";"Com Vítimas Feridas";"Pleno dia";"Decrescente";"Céu Claro";"Dupla";"Ponte";"Não";4;0;0;2;1;1;2;3;-27,9490242;-48,67206568;"SPRF-SC";"DEL02-SC";"UOP03-DEL02-SC"
470404;2022-08-26;"sexta-feira";"12:40:00";"GO";153;315,4;"RIALMA";"Demais falhas mecânicas ou elétricas";"Saída de leito carroçável";"Com Vítimas Feridas";"Pleno dia";"Decrescente";"Céu Claro";"Simples";"Aclive;Reta";"Não";4;0;2;0;1;1;2;2;-15,429948;-49,512386;"SPRF-GO";"DEL02-GO";"UOP02-DEL02-GO"
470495;2022-08-26;"sexta-feira";"21:20:00";"MG";40;378,2;"CURVELO";"Deficiência do Sistema de Iluminação/Sinalização";"Colisão traseira";"Com Vítimas Feridas";"Plena Noite";"Decrescente";"Céu Claro";"Simples";"Reta";"Não";7;0;1;1;3;3;2;4;-18,86489809;-44,73657907;"SPRF-MG";"DEL02-MG";"UOP01-DEL02-MG"
470671;2022-08-27;"sábado";"19:00:00";"RN";110;45,4;"MOSSORO";"Ausência de sinalização";"Colisão traseira";"Com Vítimas Feridas";"Plena Noite";"Crescente";"Céu Claro";"Simples";"Reta";"Sim";3;0;0;1;1;1;1;3;-5,195215;-37,314651;"SPRF-RN";"DEL04-RN";"UOP01-DEL04-RN"
470823;2022-08-28;"domingo";"09:30:00";"RO";364;389;"OURO PRETO DO OESTE";"Ingestão de álcool pelo condutor";"Colisão lateral sentido oposto";"Sem Vítimas";"Pleno dia";"Crescente";"Céu Claro";"Simples";"Reta";"Não";6;0;0;0;5;1;0;3;-10,77352859;-62,09236791;"SPRF-RO";"DEL03-RO";"UOP02-DEL03-RO"
471222;2022-08-30;"terça-feira";"09:44:00";"GO";364;192;"JATAI";"Desrespeitar a preferência no cruzamento";"Colisão transversal";"Com Vítimas Feridas";"Pleno dia";"Decrescente";"Céu Claro";"Dupla";"Rotatória";"Não";5;0;2;0;2;1;2;3;-17,91699969;-51,69385493;"SPRF-GO";"DEL05-GO";"UOP01-DEL05-GO"
471421;2022-08-31;"quarta-feira";"12:00:00";"GO";60;291;"ACREUNA";"Manobra de mudança de faixa";"Saída de leito carroçável";"Com Vítimas Feridas";"Pleno dia";"Crescente";"Céu Claro";"Dupla";"Reta";"Não";4;0;2;1;0;1;3;2;-17,3057;-50,2783;"SPRF-GO";"DEL04-GO";"UOP01-DEL04-GO"
471433;2022-08-28;"domingo";"01:30:00";"SP";116;140;"SAO JOSE DOS CAMPOS";"Ausência de reação do condutor";"Colisão traseira";"Com Vítimas Feridas";"Plena Noite";"Crescente";"Céu Claro";"Dupla";"Reta";"Sim";2;0;1;0;0;1;1;2;-23,16577714;-45,81246193;"SPRF-SP";"DEL02-SP";"UOP01-DEL02-SP"
471517;2022-08-31;"quarta-feira";"17:25:00";"MG";116;773;"LEOPOLDINA";"Acessar a via sem observar a presença dos outros veículos";"Colisão transversal";"Com Vítimas Feridas";"Pleno dia";"Decrescente";"Céu Claro";"Simples";"Interseção de Vias";"Não";3;0;0;1;1;1;1;3;-21,57227131;-42,67920724;"SPRF-MG";"DEL07-MG";"UOP01-DEL07-MG"
471679;2022-09-01;"quinta-feira";"20:10:00";"SC";101;343;"TUBARAO";"Iluminação deficiente";"Saída de leito carroçável";"Com Vítimas Feridas";"Plena Noite";"Crescente";"Céu Claro";"Dupla";"Rotatória;Retorno Regulamentado;Curva";"Sim";3;0;2;0;0;1;2;2;-28,52765702;-49,05615309;"SPRF-SC";"DEL02-SC";"UOP01-DEL02-SC"
471696;2022-09-01;"quinta-feira";"18:15:00";"PR";376;617;"SAO JOSE DOS PINHAIS";"Carga excessiva e/ou mal acondicionada";"Saída de leito carroçável";"Com Vítimas Feridas";"Anoitecer";"Crescente";"Céu Claro";"Dupla";"Declive";"Não";4;0;1;0;2;1;1;2;-25,58426494;-49,17618795;"SPRF-PR";"DEL01-PR";"UOP04-DEL01-PR"
472180;2022-09-04;"domingo";"02:30:00";"SP";116;146;"SAO JOSE DOS CAMPOS";"Ausência de reação do condutor";"Colisão traseira";"Sem Vítimas";"Plena Noite";"Crescente";"Chuva";"Dupla";"Aclive";"Sim";3;0;0;0;2;1;0;3;-23,19122919;-45,86327591;"SPRF-SP";"DEL02-SP";"UOP01-DEL02-SP"
472355;2022-09-04;"domingo";"19:00:00";"SP";381;80,9;"SAO PAULO";"Manobra de mudança de faixa";"Colisão lateral mesmo sentido";"Com Vítimas Fatais";"Plena Noite";"Crescente";"Céu Claro";"Múltipla";"Reta";"Sim";4;1;1;0;1;1;1;4;-23,40889686;-46,58095945;"SPRF-SP";"DEL03-SP";"UOP01-DEL03-SP"
472525;2022-09-05;"segunda-feira";"08:10:00";"RS";116;517;"PELOTAS";"Acessar a via sem observar a presença dos outros veículos";"Colisão transversal";"Com Vítimas Feridas";"Pleno dia";"Crescente";"Sol";"Múltipla";"Interseção de Vias;Rotatória";"Sim";3;0;1;0;1;1;1;3;-31,67884015;-52,34284054;"SPRF-RS";"DEL07-RS";"UOP01-DEL07-RS"
473021;2022-09-07;"quarta-feira";"21:00:00";"MT";364;209;"RONDONOPOLIS";"Ingestão de álcool pelo condutor";"Colisão com objeto";"Sem Vítimas";"Plena Noite";"Crescente";"Céu Claro";"Dupla";"Declive";"Não";5;0;0;0;3;2;0;3;-16,42894942;-54,6933816;"SPRF-MT";"DEL02-MT";"UOP01-DEL02-MT"
473408;2022-09-09;"sexta-feira";"20:10:00";"PE";101;119,1;"IPOJUCA";"Acesso irregular";"Colisão lateral mesmo sentido";"Com Vítimas Feridas";"Plena Noite";"Decrescente";"Céu Claro";"Dupla";"Reta";"Não";6;0;3;1;0;2;4;3;-8,353243;-35,174052;"SPRF-PE";"DEL01-PE";"UOP03-DEL01-PE"
473411;2022-09-09;"sexta-feira";"20:30:00";"PE";232;213,5;"PESQUEIRA";"Ingestão de álcool pelo condutor";"Colisão frontal";"Com Vítimas Fatais";"Plena Noite";"Crescente";"Céu Claro";"Simples";"Reta";"Sim";3;1;0;0;1;1;0;3;-8,37683577;-36,7222201;"SPRF-PE";"DEL03-PE";"UOP02-DEL03-PE"
473608;2022-09-10;"sábado";"21:25:00";"PE";232;203,5;"PESQUEIRA";"Reação tardia ou ineficiente do condutor";"Colisão frontal";"Com Vítimas Fatais";"Plena Noite";"Decrescente";"Chuva";"Simples";"Reta";"Sim";6;1;1;0;2;2;1;5;-8,37203574;-36,63740337;"SPRF-PE";"DEL03-PE";"UOP02-DEL03-PE"