"id";"data_inversa";"dia_semana";"horario";"uf";"br";"km";"municipio";"causa_acidente";"tipo_acidente";"classificacao_acidente";"fase_dia";"sentido_via";"condicao_metereologica";"tipo_pista";"tracado_via";"uso_solo";"pessoas";"mortos";"feridos_leves";"feridos_graves";"ilesos";"ignorados";"feridos";"veiculos";"latitude";"longitude";"regional";"delegacia";"uop"
490160;2022-12-02;"sexta-feira";"06:10:00";"RN";427;93;"CAICO";"Ausência de reação do condutor";"Saída de leito carroçável";"Sem Vítimas";"Pleno dia";"Crescente";"Céu Claro";"Simples";"Curva";"Sim";4;0;0;0;3;1;0;2;-6,48335272;-37,05499649;"SPRF-RN";"DEL03-RN";"UOP01-DEL03-RN"
490255;2022-12-02;"sexta-feira";"13:30:00";"SC";282;331;"CAMPOS NOVOS";"Transitar na contramão";"Colisão lateral sentido oposto";"Com Vítimas Feridas";"Pleno dia";"Crescente";"Céu Claro";"Simples";"Curva";"Não";11;0;2;2;4;3;4;5;-27,387941;-51,116081;"SPRF-SC";"DEL07-SC";"UOP06-DEL07-SC"
490288;2022-12-02;"sexta-feira";"12:34:00";"MS";262;387;"TERENOS";"Ausência de reação do condutor";"Tombamento";"Com Vítimas Feridas";"Pleno dia";"Decrescente";"Nublado";"Simples";"Reta";"Não";2;0;1;0;0;1;1;2;-20,42951109;-54,90062202;"SPRF-MS";"DEL01-MS";"UOP03-DEL01-MS"
490681;2022-12-04;"domingo";"06:30:00";"PI";316;255;"INHUMA";"Reação tardia ou ineficiente do condutor";"Capotamento";"Sem Vítimas";"Pleno dia";"Crescente";"Céu Claro";"Simples";"Reta";"Não";4;0;0;0;3;1;0;2;-6,78578791;-41,73177211;"SPRF-PI";"DEL04-PI";"UOP02-DEL04-PI"
490930;2022-12-04;"domingo";"04:15:00";"MG";153;28,1;"CANAPOLIS";"Chuva";"Saída de leito carroçável";"Sem Vítimas";"Amanhecer";"Crescente";"Chuva";"Dupla";"Aclive";"Não";2;0;0;0;0;2;0;2;-18,66327211;-49,16526319;"SPRF-MG";"DEL15-MG";"UOP03-DEL15-MG"
490992;2022-12-05;"segunda-feira";"19:45:00";"SP";116;269;"TABOAO DA SERRA";"Pedestre andava na pista";"Atropelamento de Pedestre";"Com Vítimas Feridas";"Anoitecer";"Crescente";"Garoa/Chuvisco";"Múltipla";"Reta;Interseção de Vias";"Sim";3;0;1;1;0;1;2;3;-23,61593059;-46,78826044;"SPRF-SP";"DEL04-SP";"UOP01-DEL04-SP"
491095;2022-12-06;"terça-feira";"09:30:00";"AL";316;221;"ATALAIA";"Desrespeitar a preferência no cruzamento";"Colisão lateral mesmo sentido";"Com Vítimas Feridas";"Pleno dia";"Crescente";"Céu Claro";"Simples";"Reta";"Não";3;0;1;0;1;1;1;3;-9,4684713;-36,18913365;"SPRF-AL";"DEL01-AL";"UOP01-DEL01-AL"
491594;2022-12-08;"quinta-feira";"18:45:00";"SE";101;109;"SAO CRISTOVAO";"Demais falhas mecânicas ou elétricas";"Incêndio";"Sem Vítimas";"Plena Noite";"Decrescente";"Céu Claro";"Dupla";"Reta";"Não";4;0;0;0;3;1;0;2;-10,96046958;-37,25352078;"SPRF-SE";"DEL02-SE";"UOP01-DEL02-SE"
492796;2022-12-14;"quarta-feira";"17:00:00";"MT";163;829;"SINOP";"Manobra de mudança de faixa";"Colisão transversal";"Com Vítimas Feridas";"Pleno dia";"Decrescente";"Céu Claro";"Dupla";"Rotatória";"Não";3;0;0;1;1;1;1;3;-11,91329294;-55,50887346;"SPRF-MT";"DEL06-MT";"NPF/DEL06-MT"
492805;2022-12-14;"quarta-feira";"19:00:00";"MG";116;647,7;"FERVEDOURO";"Ingestão de álcool pelo condutor";"Colisão traseira";"Com Vítimas Feridas";"Anoitecer";"Crescente";"Nublado";"Simples";"Reta";"Não";7;0;1;0;4;2;1;3;-20,69576791;-42,27269707;"SPRF-MG";"DEL07-MG";"UOP03-DEL07-MG"
493158;2022-12-16;"sexta-feira";"06:30:00";"BA";116;914;"CANDIDO SALES";"Carga excessiva e/ou mal acondicionada";"Colisão frontal";"Com Vítimas Fatais";"Amanhecer";"Crescente";"Céu Claro";"Simples";"Reta";"Não";4;1;0;0;2;1;0;3;-15,4677998;-41,2416051;"SPRF-BA";"DEL08-BA";"UOP03-DEL08-BA"
493424;2022-12-17;"sábado";"15:50:00";"RS";471;163,6;"RIO PARDO";"Reação tardia ou ineficiente do condutor";"Saída de leito carroçável";"Com Vítimas Feridas";"Pleno dia";"Decrescente";"Sol";"Simples";"Reta";"Não";2;0;1;0;0;1;1;2;-29,89464322;-52,39251137;"SPRF-RS";"DEL02-RS";"UOP03-DEL02-RS"
493438;2022-12-17;"sábado";"14:30:00";"BA";101;905,6;"IBIRAPUA";"Curva acentuada";"Colisão frontal";"Com Vítimas Fatais";"Pleno dia";"Crescente";"Nublado";"Simples";"Curva;Declive";"Não";6;1;0;4;0;1;4;3;-17,7699;-39,775852;"SPRF-BA";"DEL09-BA";"UOP02-DEL09-BA"
493612;2022-12-18;"domingo";"09:00:00";"GO";20;135,1;"FLORES DE GOIAS";"Ausência de reação do condutor";"Saída de leito carroçável";"Com Vítimas Feridas";"Pleno dia";"Crescente";"Chuva";"Simples";"Reta";"Não";2;0;1;0;0;1;1;2;-14,809993;-46,710682;"SPRF-DF";"DEL02-DF";"UOP03-DEL02-DF"
493753;2022-12-18;"domingo";"21:45:00";"AL";416;10,9;"COLONIA LEOPOLDINA";"Deficiência do Sistema de Iluminação/Sinalização";"Colisão traseira";"Com Vítimas Feridas";"Plena Noite";"Decrescente";"Céu Claro";"Simples";"Reta";"Não";5;0;2;0;1;2;2;3;-8,902281;-35,666362;"SPRF-AL";"DEL01-AL";"UOP02-DEL01-AL"
494684;2022-12-23;"sexta-feira";"10:36:00";"GO";70;8;"AGUAS LINDAS DE GOIAS";"Avarias e/ou desgaste excessivo no pneu";"Saída de leito carroçável";"Com Vítimas Feridas";"Pleno dia";"Crescente";"Céu Claro";"Dupla";"Reta";"Sim";2;0;1;0;0;1;1;2;-15,73733681;-48,27407468;"SPRF-DF";"DEL03-DF";"UOP02-DEL03-DF"
494843;2022-12-23;"sexta-feira";"22:00:00";"MG";381;761;"CAMPANHA";"Objeto estático sobre o leito carroçável";"Eventos atípicos";"Sem Vítimas";"Plena Noite";"Crescente";"Nublado";"Dupla";"Curva";"Não";3;0;0;0;2;1;0;3;-21,73238173;-45,38248249;"SPRF-MG";"DEL16-MG";"UOP02-DEL16-MG"
495046;2022-12-24;"sábado";"19:30:00";"MG";381;497;"BETIM";"Ingestão de substâncias psicoativas pelo condutor";"Colisão com objeto";"Com Vítimas Feridas";"Plena Noite";"Crescente";"Nublado";"Múltipla";"Reta";"Sim";4;0;0;1;0;3;1;4;-19,98161705;-44,20134544;"SPRF-MG";"DEL01-MG";"UOP03-DEL01-MG"
504123;2022-11-29;"terça-feira";"09:25:00";"SP";116;33,8;"CACHOEIRA PAULISTA";"Desrespeitar a preferência no cruzamento";"Colisão transversal";"Com Vítimas Feridas";"Pleno dia";"Crescente";"Sol";"Simples";"Interseção de Vias;Rotatória";"Não";3;0;1;0;1;1;1;3;-22,65065065;-44,95852232;"SPRF-SP";"DEL08-SP";"UOP02-DEL08-SP"
504303;2022-09-04;"domingo";"02:35:00";"PB";230;168,9;"CAMPINA GRANDE";"Ingestão de álcool pelo condutor";"Colisão traseira";"Com Vítimas Fatais";"Plena Noite";"Crescente";"Céu Claro";"Simples";"Aclive;Reta";"Não";13;3;5;3;1;1;8;4;-7,186123;-35,9726;"SPRF-PB";"DEL02-PB";"UOP02-DEL02-PB"
511328;2022-09-03;"sábado";"09:00:00";"RO";364;381;"OURO PRETO DO OESTE";"Transitar na contramão";"Colisão frontal";"Com Vítimas Feridas";"Pleno dia";"Crescente";"Céu Claro";"Simples";"Curva";"Não";9;0;2;0;6;1;2;5;-10,73029115;-62,22943647;"SPRF-RO";"DEL02-RO";"UOP01-DEL02-RO"
512233;2022-08-22;"segunda-feira";"18:30:00";"DF";251;24;"BRASILIA";"Ultrapassagem Indevida";"Colisão frontal";"Com Vítimas Fatais";"Plena Noite";"Decrescente";"Céu Claro";"Simples";"Aclive";"Não";3;1;0;1;0;1;1;3;-15,957002;-47,671162;"SPRF-DF";"DEL01-DF";"UOP01-DEL01-DF"
532942;2022-09-11;"domingo";"19:00:00";"SC";282;599,5;"CUNHA PORA";"Transitar na contramão";"Colisão transversal";"Com Vítimas Feridas";"Plena Noite";"Crescente";"Nublado";"Simples";"Declive;Reta";"Não";4;0;0;1;1;2;1;4;-26,820206;-53,155052;"SPRF-SC";"DEL07-SC";"UOP02-DEL07-SC"
606458;2022-07-30;"sábado";"16:00:00";"MG";116;505;"INHAPIM";"Carga excessiva e/ou mal acondicionada";"Eventos atípicos";"Com Vítimas Feridas";"Pleno dia";"Decrescente";"Céu Claro";"Simples";"Reta";"Não";5;0;1;1;0;3;2;3;-19,6030931;-42,11376783;"SPRF-MG";"DEL06-MG";"UOP02-DEL06-MG"
405147;2022-01-01;"sábado";"00:10:00";"CE";222;2,8;"FORTALEZA";"Ingestão de álcool pelo condutor";"Colisão transversal";"Com Vítimas Feridas";"Plena Noite";"Crescente";"Céu Claro";"Múltipla";"Interseção de Vias";"Sim";2;0;0;1;1;0;1;2;-3,73911117;-38,58687498;"SPRF-CE";"DEL01-CE";"UOP01-DEL01-CE"
405149;2022-01-01;"sábado";"01:30:00";"PE";104;63;"CARUARU";"Condutor desrespeitou a iluminação vermelha do semáforo";"Colisão transversal";"Com Vítimas Feridas";"Plena Noite";"Crescente";"Céu Claro";"Dupla";"Interseção de Vias";"Sim";4;0;1;1;1;1;2;2;-8,2698;-35,9803;"SPRF-PE";"DEL02-PE";"UOP01-DEL02-PE"
405153;2022-01-01;"sábado";"02:20:00";"PR";277;664;"MEDIANEIRA";"Velocidade Incompatível";"Capotamento";"Com Vítimas Feridas";"Plena Noite";"Decrescente";"Céu Claro";"Dupla";"Reta;Declive";"Não";1;0;0;1;0;0;1;1;-25,25301037;-54,02857196;"SPRF-PR";"DEL05-PR";"UOP02-DEL05-PR"
405154;2022-01-01;"sábado";"02:20:00";"PI";230;306;"FLORIANO";"Velocidade Incompatível";"Tombamento";"Sem Vítimas";"Plena Noite";"Decrescente";"Chuva";"Simples";"Reta";"Não";1;0;0;0;0;1;0;1;-6,79173488;-42,98594092;"SPRF-PI";"DEL03-PI";"UOP01-DEL03-PI"
405155;2022-01-01;"sábado";"02:30:00";"RJ";116;247,5;"PIRAI";"Ausência de reação do condutor";"Tombamento";"Com Vítimas Fatais";"Plena Noite";"Decrescente";"Chuva";"Dupla";"Aclive";"Não";1;1;0;0;0;0;0;1;-22,60655103;-43,93505207;"SPRF-RJ";"DEL07-RJ";"UOP01-DEL07-RJ"
405156;2022-01-01;"sábado";"02:50:00";"BA";116;14,6;"VITORIA DA CONQUISTA";"Condutor Dormindo";"Saída de leito carroçável";"Com Vítimas Feridas";"Plena Noite";"Crescente";"Nublado";"Simples";"Viaduto";"Sim";2;0;1;0;1;0;1;1;-14,895167;-40,862907;"SPRF-BA";"DEL08-BA";"UOP01-DEL08-BA"
405157;2022-01-01;"sábado";"01:50:00";"PB";230;156,1;"CAMPINA GRANDE";"Animais na Pista";"Atropelamento de Animal";"Com Vítimas Feridas";"Plena Noite";"Decrescente";"Nublado";"Simples";"Reta";"Sim";1;0;1;0;0;0;1;1;-7,271139;-35,911647;"SPRF-PB";"DEL02-PB";"UOP01-DEL02-PB"
405159;2022-01-01;"sábado";"02:45:00";"MS";267;480,9;"JARDIM";"Acessar a via sem observar a presença dos outros veículos";"Colisão transversal";"Com Vítimas Feridas";"Plena Noite";"Crescente";"Céu Claro";"Simples";"Curva";"Sim";3;0;0;1;2;0;1;2;-21,47178327;-56,13379061;"SPRF-MS";"DEL05-MS";"UOP01-DEL05-MS"
405161;2022-01-01;"sábado";"02:30:00";"SP";116;340,6;"MIRACATU";"Velocidade Incompatível";"Saída de leito carroçável";"Com Vítimas Feridas";"Plena Noite";"Decrescente";"Nublado";"Dupla";"Curva";"Sim";1;0;0;1;0;0;1;1;-24,00328505;-47,15633198;"SPRF-SP";"DEL04-SP";"UOP02-DEL04-SP"
405162;2022-01-01;"sábado";"02:30:00";"MT";163;836;"SINOP";"Reação tardia ou ineficiente do condutor";"Queda de ocupante de veículo";"Com Vítimas Feridas";"Plena Noite";"Crescente";"Céu Claro";"Dupla";"Reta";"Sim";1;0;1;0;0;0;1;1;-11,85111193;-55,49250495;"SPRF-MT";"DEL06-MT";"NPF/DEL06-MT"
405163;2022-01-01;"sábado";"03:45:00";"BA";324;581;"CANDEIAS";"Condutor Dormindo";"Capotamento";"Com Vítimas Feridas";"Plena Noite";"Crescente";"Céu Claro";"Dupla";"Reta";"Não";4;0;3;0;1;0;3;1;-12,60312907;-38,50096504;"SPRF-BA";"DEL01-BA";"UOP01-DEL01-BA"
405164;2022-01-01;"sábado";"03:45:00";"MA";402;6,2;"ROSARIO";"Acumulo de água sobre o pavimento";"Colisão lateral sentido oposto";"Com Vítimas Feridas";"Plena Noite";"Decrescente";"Garoa/Chuvisco";"Simples";"Reta";"Sim";2;0;0;1;1;0;1;2;-2,948423;-44,275352;"SPRF-MA";"DEL01-MA";"UOP01-DEL01-MA"
405165;2022-01-01;"sábado";"04:35:00";"SC";101;213,4;"PALHOCA";"Ingestão de álcool pelo condutor";"Colisão com objeto";"Sem Vítimas";"Amanhecer";"Decrescente";"Céu Claro";"Múltipla";"Declive";"Sim";1;0;0;0;0;1;0;1;-27,63697369;-48,66514142;"SPRF-SC";"DEL01-SC";"UOP02-DEL01-SC"
405166;2022-01-01;"sábado";"04:10:00";"MT";364;202;"RONDONOPOLIS";"Ingestão de álcool pelo condutor";"Colisão com objeto";"Com Vítimas Feridas";"Plena Noite";"Crescente";"Céu Claro";"Dupla";"Interseção de Vias";"Sim";1;0;1;0;0;0;1;1;-16,48347324;-54,64970354;"SPRF-MT";"DEL02-MT";"UOP01-DEL02-MT"
405167;2022-01-01;"sábado";"05:33:00";"MG";365;786,1;"ITUIUTABA";"Transitar na contramão";"Colisão frontal";"Com Vítimas Fatais";"Amanhecer";"Crescente";"Chuva";"Simples";"Reta;Aclive";"Não";2;2;0;0;0;0;0;2;-18,940523;-49,778486;"SPRF-MG";"DEL15-MG";"UOP03-DEL15-MG"
405168;2022-01-01;"sábado";"05:20:00";"RJ";116;263,5;"BARRA MANSA";"Pedestre cruzava a pista fora da faixa";"Atropelamento de Pedestre";"Com Vítimas Feridas";"Amanhecer";"Decrescente";"Chuva";"Dupla";"Curva";"Não";2;0;0;1;1;0;1;2;-22,59220328;-44,06782285;"SPRF-RJ";"DEL07-RJ";"UOP02-DEL07-RJ"
405169;2022-01-01;"sábado";"04:15:00";"SP";116;141;"SAO JOSE DOS CAMPOS";"Ingestão de álcool pelo condutor";"Colisão transversal";"Sem Vítimas";"Amanhecer";"Decrescente";"Céu Claro";"Simples";"Reta";"Não";2;0;0;0;2;0;0;2;-23,17004717;-45,82091491;"SPRF-SP";"DEL02-SP";"UOP01-DEL02-SP"
405170;2022-01-01;"sábado";"02:40:00";"RO";364;713;"PORTO VELHO";"Ausência de reação do condutor";"Colisão com objeto";"Sem Vítimas";"Plena Noite";"Crescente";"Nublado";"Múltipla";"Reta";"Sim";1;0;0;0;0;1;0;1;-8,77197;-63,881203;"SPRF-RO";"DEL01-RO";"UOP01-DEL01-RO"
405171;2022-01-01;"sábado";"00:45:00";"SC";282;607,2;"MARAVILHA";"Conversão proibida";"Colisão transversal";"Com Vítimas Feridas";"Plena Noite";"Crescente";"Céu Claro";"Simples";"Reta;Aclive;Interseção de Vias";"Não";3;0;0;2;0;1;2;2;-26,77013508;-53,2094264;"SPRF-SC";"DEL07-SC";"UOP02-DEL07-SC"
405173;2022-01-01;"sábado";"06:00:00";"MG";381;509;"SAO JOAQUIM DE BICAS";"Ingestão de álcool pelo condutor";"Saída de leito carroçável";"Com Vítimas Feridas";"Pleno dia";"Decrescente";"Chuva";"Dupla";"Curva";"Sim";1;0;0;1;0;0;1;1;-20,07008;-44,298819;"SPRF-MG";"DEL01-MG";"UOP03-DEL01-MG"
405174;2022-01-01;"sábado";"05:00:00";"PB";230;132,9;"MASSARANDUBA";"Ingestão de álcool pelo condutor";"Colisão traseira";"Sem Vítimas";"Amanhecer";"Crescente";"Vento";"Dupla";"Reta";"Não";3;0;0;0;3;0;0;2;-7,2774;-35,7367;"SPRF-PB";"DEL02-PB";"UOP01-DEL02-PB"
405175;2022-01-01;"sábado";"05:40:00";"RS";290;64,5;"GRAVATAI";"Condutor Dormindo";"Saída de leito carroçável";"Com Vítimas Feridas";"Amanhecer";"Crescente";"Céu Claro";"Dupla";"Reta";"Não";2;0;1;0;1;0;1;1;-29,942839;-50,900874;"SPRF-RS";"DEL03-RS";"UOP01-DEL03-RS"
405176;2022-01-01;"sábado";"05:30:00";"PR";277;80,9;"CURITIBA";"Reação tardia ou ineficiente do condutor";"Saída de leito carroçável";"Sem Vítimas";"Amanhecer";"Crescente";"Céu Claro";"Dupla";"Reta";"Não";1;0;0;0;0;1;0;1;-25,47140041;-49,21125512;"SPRF-PR";"DEL01-PR";"UOP01-DEL01-PR"
405177;2022-01-01;"sábado";"05:45:00";"RN";226;113;"SANTA CRUZ";"Ingestão de álcool pelo condutor";"Saída de leito carroçável";"Com Vítimas Feridas";"Pleno dia";"Decrescente";"Céu Claro";"Simples";"Curva";"Não";2;0;2;0;0;0;2;1;-6,21120499;-36,01975098;"SPRF-RN";"DEL03-RN";"UOP02-DEL03-RN"
405178;2022-01-01;"sábado";"03:40:00";"RJ";116;139;"DUQUE DE CAXIAS";"Ausência de reação do condutor";"Colisão traseira";"Com Vítimas Feridas";"Amanhecer";"Decrescente";"Garoa/Chuvisco";"Dupla";"Reta";"Não";6;0;1;0;4;1;1;4;-22,64655224;-43,20138601;"SPRF-RJ";"DEL04-RJ";"UOP02-DEL04-RJ"
405179;2022-01-01;"sábado";"06:30:00";"ES";101;446;"MIMOSO DO SUL";"Velocidade Incompatível";"Saída de leito carroçável";"Com Vítimas Feridas";"Pleno dia";"Decrescente";"Chuva";"Simples";"Reta";"Não";2;0;1;1;0;0;2;1;-21,11796237;-41,26867155;"SPRF-ES";"DEL03-ES";"UOP02-DEL03-ES"
405180;2022-01-01;"sábado";"05:00:00";"SC";101;281;"IMBITUBA";"Ingestão de álcool pelo condutor";"Capotamento";"Com Vítimas Feridas";"Amanhecer";"Crescente";"Céu Claro";"Dupla";"Reta";"Não";1;0;0;1;0;0;1;1;-28,18793595;-48,69652041;"SPRF-SC";"DEL02-SC";"UOP03-DEL02-SC"
405181;2022-01-01;"sábado";"06:44:00";"SC";101;202,8;"SAO JOSE";"Reação tardia ou ineficiente do condutor";"Colisão traseira";"Com Vítimas Feridas";"Pleno dia";"Decrescente";"Céu Claro";"Múltipla";"Reta";"Sim";3;0;2;0;1;0;2;2;-27,55711595;-48,61897889;"SPRF-SC";"DEL01-SC";"UOP01-DEL01-SC"
405185;2022-01-01;"sábado";"04:40:00";"MT";163;991;"TERRA NOVA DO NORTE";"Avarias e/ou desgaste excessivo no pneu";"Colisão frontal";"Com Vítimas Feridas";"Plena Noite";"Decrescente";"Ignorado";"Simples";"Aclive";"Não";3;0;1;1;1;0;2;2;-10,56432533;-55,09164428;"SPRF-MT";"DEL06-MT";"NPF/DEL06-MT"
405186;2022-01-01;"sábado";"04:20:00";"RN";304;26;"MOSSORO";"Animais na Pista";"Atropelamento de Animal";"Com Vítimas Feridas";"Amanhecer";"Crescente";"Céu Claro";"Simples";"Reta";"Não";1;0;1;0;0;0;1;1;-5,08165;-37,33349;"SPRF-RN";"DEL04-RN";"UOP02-DEL04-RN"
405187;2022-01-01;"sábado";"05:50:00";"PR";376;216,6;"JANDAIA DO SUL";"Velocidade Incompatível";"Capotamento";"Com Vítimas Feridas";"Amanhecer";"Crescente";"Céu Claro";"Simples";"Curva";"Sim";1;0;1;0;0;0;1;1;-23,59767281;-51,63339596;"SPRF-PR";"DEL09-PR";"UOP01-DEL09-PR"
405188;2022-01-01;"sábado";"05:50:00";"DF";20;12,6;"BRASILIA";"Ingestão de álcool pelo condutor";"Saída de leito carroçável";"Com Vítimas Feridas";"Amanhecer";"Decrescente";"Céu Claro";"Dupla";"Reta";"Sim";1;0;1;0;0;0;1;1;-15,642812;-47,757786;"SPRF-DF";"DEL02-DF";"UOP01-DEL02-DF"
405189;2022-01-01;"sábado";"06:30:00";"SC";282;109,8;"ALFREDO WAGNER";"Velocidade Incompatível";"Saída de leito carroçável";"Com Vítimas Feridas";"Pleno dia";"Decrescente";"Céu Claro";"Simples";"Curva;Declive";"Não";2;0;2;0;0;0;2;1;-27,719378;-49,3582;"SPRF-SC";"DEL01-SC";"UOP03-DEL01-SC"
405190;2022-01-01;"sábado";"03:00:00";"SP";153;53,1;"SAO JOSE DO RIO PRETO";"Ingestão de álcool pelo condutor";"Colisão com objeto";"Sem Vítimas";"Plena Noite";"Decrescente";"Céu Claro";"Dupla";"Reta";"Sim";1;0;0;0;0;1;0;1;-20,73603199;-49,33803779;"SPRF-SP";"DEL09-SP";"UOP01-DEL09-SP"
405192;2022-01-01;"sábado";"06:30:00";"DF";70;19,5;"BRASILIA";"Pista Escorregadia";"Saída de leito carroçável";"Com Vítimas Fatais";"Amanhecer";"Crescente";"Chuva";"Dupla";"Declive;Curva";"Não";1;1;0;0;0;0;0;1;-15,788868;-48,220242;"SPRF-DF";"DEL03-DF";"UOP02-DEL03-DF"
405194;2022-01-01;"sábado";"06:30:00";"RS";285;425,2;"PANAMBI";"Ingestão de álcool pelo condutor";"Colisão frontal";"Com Vítimas Feridas";"Pleno dia";"Crescente";"Céu Claro";"Simples";"Reta";"Não";3;0;3;0;0;0;3;2;-28,323975;-53,598091;"SPRF-RS";"DEL10-RS";"UOP01-DEL10-RS"
405196;2022-01-01;"sábado";"07:30:00";"MG";40;647;"CRISTIANO OTONI";"Velocidade Incompatível";"Saída de leito carroçável";"Com Vítimas Fatais";"Pleno dia";"Crescente";"Nublado";"Simples";"Declive;Curva";"Não";4;1;0;3;0;0;3;1;-20,80317757;-43,80862805;"SPRF-MG";"DEL05-MG";"UOP02-DEL05-MG"
405197;2022-01-01;"sábado";"07:30:00";"PE";428;189,7;"PETROLINA";"Ingestão de álcool pelo condutor";"Colisão com objeto";"Com Vítimas Feridas";"Pleno dia";"Decrescente";"Nublado";"Múltipla";"Reta";"Sim";1;0;1;0;0;0;1;1;-9,37197508;-40,48679585;"SPRF-PE";"DEL06-PE";"UOP01-DEL06-PE"
405198;2022-01-01;"sábado";"05:40:00";"MG";262;516;"LUZ";"Chuva";"Saída de leito carroçável";"Com Vítimas Feridas";"Plena Noite";"Decrescente";"Chuva";"Simples";"Reta";"Não";3;0;1;1;1;0;2;1;-19,78775004;-45,58207899;"SPRF-MG";"DEL08-MG";"UOP03-DEL08-MG"
405200;2022-01-01;"sábado";"07:45:00";"RS";116;472;"SAO LOURENCO DO SUL";"Ingestão de substâncias psicoativas pelo condutor";"Saída de leito carroçável";"Com Vítimas Feridas";"Pleno dia";"Crescente";"Céu Claro";"Simples";"Curva";"Não";1;0;1;0;0;0;1;1;-31,36343118;-52,08262687;"SPRF-RS";"DEL07-RS";"UOP01-DEL07-RS"
405201;2022-01-01;"sábado";"07:20:00";"SP";153;40;"ONDA VERDE";"Reação tardia ou ineficiente do condutor";"Saída de leito carroçável";"Com Vítimas Feridas";"Pleno dia";"Decrescente";"Nublado";"Simples";"Reta";"Não";1;0;1;0;0;0;1;1;-20,61969606;-49,33411078;"SPRF-SP";"DEL09-SP";"UOP01-DEL09-SP"
405202;2022-01-01;"sábado";"06:39:00";"MG";381;564,3;"ITAGUARA";"Velocidade Incompatível";"Saída de leito carroçável";"Sem Vítimas";"Pleno dia";"Crescente";"Nublado";"Dupla";"Reta";"Não";1;0;0;0;1;0;0;1;-20,40450975;-44,51780716;"SPRF-MG";"DEL04-MG";"UOP03-DEL04-MG"
405204;2022-01-01;"sábado";"08:30:00";"CE";222;6;"FORTALEZA";"Condutor Dormindo";"Saída de leito carroçável";"Com Vítimas Feridas";"Pleno dia";"Decrescente";"Chuva";"Dupla";"Reta";"Sim";1;0;1;0;0;0;1;1;-3,74539216;-38,62188041;"SPRF-CE";"DEL01-CE";"UOP01-DEL01-CE"
405205;2022-01-01;"sábado";"06:40:00";"RJ";101;463;"ANGRA DOS REIS";"Velocidade Incompatível";"Saída de leito carroçável";"Com Vítimas Feridas";"Pleno dia";"Crescente";"Garoa/Chuvisco";"Simples";"Curva";"Não";2;0;2;0;0;0;2;1;-23,02635686;-44,21296905;"SPRF-RJ";"DEL03-RJ";"UOP03-DEL03-RJ"
405206;2022-01-01;"sábado";"08:10:00";"MG";40;503;"ESMERALDAS";"Velocidade Incompatível";"Colisão traseira";"Com Vítimas Feridas";"Pleno dia";"Decrescente";"Chuva";"Dupla";"Reta";"Não";2;0;1;0;1;0;1;2;-19,72138499;-44,15573599;"SPRF-MG";"DEL02-MG";"UOP01-DEL02-MG"
405208;2022-01-01;"sábado";"08:00:00";"SC";101;116,1;"ITAJAI";"Reação tardia ou ineficiente do condutor";"Saída de leito carroçável";"Sem Vítimas";"Pleno dia";"Decrescente";"Céu Claro";"Múltipla";"Reta";"Sim";4;0;0;0;4;0;0;1;-26,87905605;-48,72603512;"SPRF-SC";"DEL04-SC";"UOP04-DEL04-SC"
405209;2022-01-01;"sábado";"08:30:00";"GO";452;11;"RIO VERDE";"Ingestão de álcool pelo condutor";"Saída de leito carroçável";"Com Vítimas Feridas";"Pleno dia";"Decrescente";"Céu Claro";"Simples";"Reta";"Não";1;0;1;0;0;0;1;1;-17,836278;-50,808894;"SPRF-GO";"DEL04-GO";"UOP01-DEL04-GO"
405210;2022-01-01;"sábado";"08:35:00";"SP";153;261,5;"MARILIA";"Ingestão de álcool pelo condutor";"Saída de leito carroçável";"Sem Vítimas";"Pleno dia";"Crescente";"Céu Claro";"Simples";"Reta";"Não";2;0;0;0;2;0;0;1;-22,27474603;-49,92126208;"SPRF-SP";"DEL07-SP";"UOP02-DEL07-SP"
405211;2022-01-01;"sábado";"06:35:00";"SC";280;72,7;"JARAGUA DO SUL";"Ingestão de álcool pelo condutor";"Saída de leito carroçável";"Com Vítimas Feridas";"Pleno dia";"Decrescente";"Céu Claro";"Simples";"Reta";"Não";1;0;1;0;0;0;1;1;-26,45955419;-49,14342101;"SPRF-SC";"DEL03-SC";"UOP03-DEL03-SC"
405212;2022-01-01;"sábado";"07:40:00";"MS";60;395;"SIDROLANDIA";"Demais falhas mecânicas ou elétricas";"Saída de leito carroçável";"Com Vítimas Feridas";"Pleno dia";"Crescente";"Céu Claro";"Simples";"Reta";"Não";4;0;2;0;2;0;2;1;-20,75566905;-54,78573182;"SPRF-MS";"DEL01-MS";"UOP04-DEL01-MS"
405214;2022-01-01;"sábado";"08:30:00";"SC";282;252,6;"SAO JOSE DO CERRITO";"Ausência de reação do condutor";"Saída de leito carroçável";"Com Vítimas Feridas";"Pleno dia";"Crescente";"Céu Claro";"Simples";"Reta;Declive";"Não";1;0;1;0;0;0;1;1;-27,691267;-50,561481;"SPRF-SC";"DEL05-SC";"UOP02-DEL05-SC"
405215;2022-01-01;"sábado";"08:00:00";"PB";230;16;"JOAO PESSOA";"Ausência de reação do condutor";"Colisão com objeto";"Sem Vítimas";"Pleno dia";"Crescente";"Sol";"Dupla";"Declive;Reta";"Sim";2;0;0;0;0;2;0;2;-7,1039;-34,8458;"SPRF-PB";"DEL01-PB";"UOP01-DEL01-PB"
405217;2022-01-01;"sábado";"10:00:00";"ES";262;5,3;"CARIACICA";"Condutor desrespeitou a iluminação vermelha do semáforo";"Colisão transversal";"Com Vítimas Feridas";"Pleno dia";"Decrescente";"Nublado";"Múltipla";"Interseção de Vias";"Sim";2;0;1;0;1;0;1;2;-20,33707281;-40,38649924;"SPRF-ES";"DEL01-ES";"UOP01-DEL01-ES"