"id";"data_inversa";"dia_semana";"horario";"uf";"br";"km";"municipio";"causa_acidente";"tipo_acidente";"classificacao_acidente";"fase_dia";"sentido_via";"condicao_metereologica";"tipo_pista";"tracado_via";"uso_solo";"pessoas";"mortos";"feridos_leves";"feridos_graves";"ilesos";"ignorados";"feridos";"veiculos";"latitude";"longitude";"regional";"delegacia";"uop"
405218;2022-01-01;"sábado";"08:45:00";"MG";381;483;"BETIM";"Velocidade Incompatível";"Colisão com objeto";"Sem Vítimas";"Pleno dia";"Crescente";"Chuva";"Dupla";"Curva;Declive";"Sim";1;0;0;0;1;0;0;1;-19,95866651;-44,08041;"SPRF-MG";"DEL01-MG";"UOP03-DEL01-MG"
405219;2022-01-01;"sábado";"08:00:00";"PE";116;32;"SALGUEIRO";"Demais falhas mecânicas ou elétricas";"Saída de leito carroçável";"Com Vítimas Feridas";"Pleno dia";"Decrescente";"Céu Claro";"Simples";"Curva";"Não";1;0;1;0;0;0;1;1;-8,119822;-39,119732;"SPRF-PE";"DEL05-PE";"UOP01-DEL05-PE"
405220;2022-01-01;"sábado";"09:20:00";"GO";153;424,4;"ANAPOLIS";"Ausência de reação do condutor";"Saída de leito carroçável";"Com Vítimas Feridas";"Pleno dia";"Crescente";"Chuva";"Dupla";"Aclive";"Não";2;0;2;0;0;0;2;1;-16,20509;-49,021236;"SPRF-GO";"DEL02-GO";"UOP01-DEL02-GO"
405222;2022-01-01;"sábado";"08:30:00";"MA";316;421,4;"PERITORO";"Manobra de mudança de faixa";"Colisão lateral mesmo sentido";"Sem Vítimas";"Pleno dia";"Decrescente";"Céu Claro";"Simples";"Reta";"Sim";2;0;0;0;2;0;0;2;-4,35627;-44,363815;"SPRF-MA";"DEL03-MA";"UOP01-DEL03-MA"
405223;2022-01-01;"sábado";"10:00:00";"MG";381;483,3;"BETIM";"Velocidade Incompatível";"Colisão com objeto";"Sem Vítimas";"Pleno dia";"Crescente";"Chuva";"Dupla";"Reta";"Não";1;0;0;0;1;0;0;1;-19,95594491;-44,10721699;"SPRF-MG";"DEL01-MG";"UOP03-DEL01-MG"
405224;2022-01-01;"sábado";"10:00:00";"GO";60;213;"VARJAO";"Chuva";"Saída de leito carroçável";"Com Vítimas Feridas";"Pleno dia";"Crescente";"Chuva";"Dupla";"Reta";"Não";4;0;1;0;3;0;1;1;-16,9529;-49,6924;"SPRF-GO";"DEL01-GO";"UOP02-DEL01-GO"
405225;2022-01-01;"sábado";"05:30:00";"MT";163;1037;"MATUPA";"Velocidade Incompatível";"Colisão traseira";"Com Vítimas Feridas";"Pleno dia";"Decrescente";"Céu Claro";"Simples";"Reta";"Não";4;0;1;0;3;0;1;3;-10,18837248;-54,94813487;"SPRF-MT";"DEL06-MT";"NPF/DEL06-MT"
405226;2022-01-01;"sábado";"09:18:00";"PR";369;517,3;"CASCAVEL";"Condutor Dormindo";"Colisão com objeto";"Com Vítimas Feridas";"Pleno dia";"Crescente";"Sol";"Simples";"Curva";"Não";1;0;1;0;0;0;1;1;-24,9042;-53,3706;"SPRF-PR";"DEL04-PR";"UOP01-DEL04-PR"
405227;2022-01-01;"sábado";"06:15:00";"SC";470;16;"ILHOTA";"Velocidade Incompatível";"Colisão traseira";"Com Vítimas Fatais";"Pleno dia";"Crescente";"Céu Claro";"Dupla";"Em Obras;Curva";"Não";5;1;0;2;2;0;2;2;-26,842903;-48,7943664;"SPRF-SC";"DEL04-SC";"UOP04-DEL04-SC"
405228;2022-01-01;"sábado";"10:20:00";"SC";101;165,7;"TIJUCAS";"Condutor deixou de manter distância do veículo da frente";"Colisão traseira";"Com Vítimas Feridas";"Pleno dia";"Decrescente";"Céu Claro";"Dupla";"Reta";"Não";2;0;1;0;1;0;1;2;-27,252663;-48,63154894;"SPRF-SC";"DEL04-SC";"UOP03-DEL04-SC"
405229;2022-01-01;"sábado";"05:00:00";"MG";364;22,3;"FRUTAL";"Ausência de reação do condutor";"Colisão traseira";"Sem Vítimas";"Amanhecer";"Crescente";"Nublado";"Simples";"Ponte";"Não";1;0;0;0;0;1;0;1;-20,043;-48,852;"SPRF-MG";"DEL13-MG";"UOP02-DEL13-MG"
405230;2022-01-01;"sábado";"09:00:00";"SC";101;128;"ITAJAI";"Reação tardia ou ineficiente do condutor";"Colisão com objeto";"Sem Vítimas";"Pleno dia";"Crescente";"Sol";"Dupla";"Reta";"Não";1;0;0;0;0;1;0;1;-26,97284292;-48,68299451;"SPRF-SC";"DEL04-SC";"UOP03-DEL04-SC"
405231;2022-01-01;"sábado";"09:50:00";"MA";10;259,6;"IMPERATRIZ";"Pista esburacada";"Tombamento";"Com Vítimas Feridas";"Pleno dia";"Decrescente";"Nublado";"Simples";"Reta";"Não";1;0;1;0;0;0;1;1;-5,472474;-47,472221;"SPRF-MA";"DEL04-MA";"UOP01-DEL04-MA"
405233;2022-01-01;"sábado";"08:10:00";"RS";392;345;"SANTA MARIA";"Ingestão de álcool pelo condutor";"Colisão com objeto";"Sem Vítimas";"Pleno dia";"Crescente";"Céu Claro";"Simples";"Interseção de Vias";"Não";1;0;0;0;0;1;0;1;-29,77885999;-53,78356691;"SPRF-RS";"DEL09-RS";"UOP01-DEL09-RS"
405235;2022-01-01;"sábado";"11:40:00";"SP";381;72;"SAO PAULO";"Reação tardia ou ineficiente do condutor";"Tombamento";"Com Vítimas Feridas";"Pleno dia";"Decrescente";"Garoa/Chuvisco";"Dupla";"Curva";"Não";2;0;1;0;1;0;1;1;-23,35761806;-46,54970281;"SPRF-SP";"DEL03-SP";"UOP01-DEL03-SP"
405236;2022-01-01;"sábado";"11:45:00";"RS";293;84;"PIRATINI";"Manobra de mudança de faixa";"Colisão lateral mesmo sentido";"Com Vítimas Feridas";"Pleno dia";"Decrescente";"Sol";"Simples";"Declive";"Não";3;0;0;1;2;0;1;2;-31,64063826;-53,15458611;"SPRF-RS";"DEL07-RS";"UOP01-DEL07-RS"
405237;2022-01-01;"sábado";"10:50:00";"RS";290;15;"SANTO ANTONIO DA PATRULHA";"Ingestão de álcool pelo condutor";"Saída de leito carroçável";"Sem Vítimas";"Pleno dia";"Crescente";"Céu Claro";"Dupla";"Curva";"Não";2;0;0;0;2;0;0;1;-29,86499;-50,410789;"SPRF-RS";"DEL03-RS";"UOP01-DEL03-RS"
405238;2022-01-01;"sábado";"11:55:00";"DF";20;45;"BRASILIA";"Acumulo de água sobre o pavimento";"Capotamento";"Com Vítimas Feridas";"Pleno dia";"Crescente";"Chuva";"Dupla";"Declive";"Não";5;0;4;0;1;0;4;1;-15,577153;-47,467113;"SPRF-DF";"DEL02-DF";"UOP01-DEL02-DF"
405240;2022-01-01;"sábado";"12:00:00";"MG";381;854,9;"POUSO ALEGRE";"Frear bruscamente";"Colisão com objeto";"Com Vítimas Feridas";"Pleno dia";"Crescente";"Nublado";"Dupla";"Reta";"Não";1;0;1;0;0;0;1;1;-22,30319742;-45,90131957;"SPRF-MG";"DEL16-MG";"UOP01-DEL16-MG"
405241;2022-01-01;"sábado";"08:30:00";"MG";40;550,3;"NOVA LIMA";"Chuva";"Saída de leito carroçável";"Com Vítimas Feridas";"Pleno dia";"Decrescente";"Chuva";"Dupla";"Reta";"Sim";2;0;1;0;1;0;1;1;-20,0477638;-43,96439441;"SPRF-MG";"DEL01-MG";"UOP02-DEL01-MG"
405242;2022-01-01;"sábado";"11:30:00";"SP";116;91,5;"PINDAMONHANGABA";"Avarias e/ou desgaste excessivo no pneu";"Incêndio";"Sem Vítimas";"Pleno dia";"Decrescente";"Nublado";"Dupla";"Reta";"Não";1;0;0;0;1;0;0;1;-22,94922531;-45,39841533;"SPRF-SP";"DEL08-SP";"UOP01-DEL08-SP"
405243;2022-01-01;"sábado";"12:00:00";"BA";101;505;"ITABUNA";"Ingestão de álcool pelo condutor";"Saída de leito carroçável";"Com Vítimas Feridas";"Pleno dia";"Crescente";"Sol";"Simples";"Reta";"Não";3;0;3;0;0;0;3;1;-14,800189;-39,291423;"SPRF-BA";"DEL05-BA";"UOP01-DEL05-BA"
405246;2022-01-01;"sábado";"11:10:00";"RR";174;499;"BOA VISTA";"Ingestão de álcool pelo condutor";"Colisão transversal";"Sem Vítimas";"Pleno dia";"Decrescente";"Nublado";"Dupla";"Reta";"Sim";2;0;0;0;2;0;0;2;2,79632594;-60,69843292;"SPRF-RR";"DEL01-RR";"UOP01-DEL01-RR"
405248;2022-01-01;"sábado";"11:10:00";"SC";470;158,3;"TROMBUDO CENTRAL";"Acessar a via sem observar a presença dos outros veículos";"Colisão transversal";"Com Vítimas Feridas";"Pleno dia";"Crescente";"Céu Claro";"Simples";"Interseção de Vias";"Não";2;0;1;0;1;0;1;2;-27,287016;-49,778389;"SPRF-SC";"DEL04-SC";"UOP02-DEL04-SC"
405249;2022-01-01;"sábado";"11:55:00";"RO";364;711;"PORTO VELHO";"Ingestão de álcool pelo condutor";"Colisão transversal";"Sem Vítimas";"Pleno dia";"Crescente";"Céu Claro";"Simples";"Reta;Interseção de Vias";"Sim";2;0;0;0;2;0;0;2;-8,78153947;-63,86531369;"SPRF-RO";"DEL01-RO";"UOP01-DEL01-RO"
405250;2022-01-01;"sábado";"12:40:00";"PR";376;322;"ORTIGUEIRA";"Velocidade Incompatível";"Colisão frontal";"Com Vítimas Feridas";"Pleno dia";"Decrescente";"Chuva";"Simples";"Curva";"Não";5;0;3;0;2;0;3;2;-24,0677081;-51,0634941;"SPRF-PR";"DEL07-PR";"UOP02-DEL07-PR"
405251;2022-01-01;"sábado";"13:40:00";"MG";40;474;"SETE LAGOAS";"Velocidade Incompatível";"Colisão com objeto";"Com Vítimas Feridas";"Pleno dia";"Decrescente";"Nublado";"Dupla";"Curva";"Não";4;0;1;1;2;0;2;2;-19,49804878;-44,27929974;"SPRF-MG";"DEL02-MG";"UOP01-DEL02-MG"
405252;2022-01-01;"sábado";"09:55:00";"AM";174;936,9;"MANAUS";"Frear bruscamente";"Capotamento";"Com Vítimas Feridas";"Pleno dia";"Crescente";"Garoa/Chuvisco";"Simples";"Reta";"Não";5;0;2;0;3;0;2;1;-2,515717;-60,037324;"SPRF-AM";"DEL01-AM";"UOP01-DEL01-AM"
405257;2022-01-01;"sábado";"14:00:00";"MG";381;477;"CONTAGEM";"Acumulo de água sobre o pavimento";"Colisão lateral mesmo sentido";"Com Vítimas Feridas";"Pleno dia";"Crescente";"Chuva";"Dupla";"Reta";"Sim";4;0;2;0;2;0;2;2;-19,96179268;-44,05041676;"SPRF-MG";"DEL01-MG";"UOP03-DEL01-MG"
405258;2022-01-01;"sábado";"14:20:00";"SC";101;208,5;"SAO JOSE";"Demais falhas mecânicas ou elétricas";"Tombamento";"Com Vítimas Feridas";"Pleno dia";"Decrescente";"Céu Claro";"Múltipla";"Reta";"Sim";2;0;0;2;0;0;2;1;-27,60327979;-48,63201818;"SPRF-SC";"DEL01-SC";"UOP01-DEL01-SC"
405259;2022-01-01;"sábado";"14:10:00";"GO";40;28,3;"LUZIANIA";"Condutor Dormindo";"Saída de leito carroçável";"Com Vítimas Feridas";"Pleno dia";"Decrescente";"Garoa/Chuvisco";"Dupla";"Reta";"Não";1;0;1;0;0;0;1;1;-16,269966;-47,880081;"SPRF-DF";"DEL01-DF";"UOP01-DEL01-DF"
405261;2022-01-01;"sábado";"14:30:00";"SP";116;284;"ITAPECERICA DA SERRA";"Acesso irregular";"Colisão traseira";"Com Vítimas Feridas";"Pleno dia";"Crescente";"Nublado";"Dupla";"Reta";"Sim";2;0;0;1;1;0;1;2;-23,69998;-46,867767;"SPRF-SP";"DEL04-SP";"UOP01-DEL04-SP"
405262;2022-01-01;"sábado";"15:20:00";"PE";101;69,4;"RECIFE";"Ingestão de álcool pelo condutor";"Capotamento";"Com Vítimas Feridas";"Pleno dia";"Decrescente";"Céu Claro";"Dupla";"Viaduto";"Sim";1;0;1;0;0;0;1;1;-8,05951606;-34,94581024;"SPRF-PE";"DEL01-PE";"UOP01-DEL01-PE"
405263;2022-01-01;"sábado";"15:20:00";"SP";381;75;"SAO PAULO";"Chuva";"Capotamento";"Com Vítimas Feridas";"Pleno dia";"Crescente";"Chuva";"Dupla";"Declive;Curva";"Não";5;0;5;0;0;0;5;1;-23,37660089;-46,56409613;"SPRF-SP";"DEL03-SP";"UOP01-DEL03-SP"
405264;2022-01-01;"sábado";"14:00:00";"MT";364;478;"JANGADA";"Condutor Dormindo";"Saída de leito carroçável";"Com Vítimas Feridas";"Pleno dia";"Decrescente";"Céu Claro";"Simples";"Reta";"Não";1;0;1;0;0;0;1;1;-15,40799214;-56,36389507;"SPRF-MT";"DEL01-MT";"UOP02-DEL01-MT"
405265;2022-01-01;"sábado";"15:00:00";"PR";277;653,9;"MATELANDIA";"Ingestão de álcool pelo condutor";"Saída de leito carroçável";"Sem Vítimas";"Pleno dia";"Crescente";"Céu Claro";"Simples";"Reta";"Não";1;0;0;0;1;0;0;1;-25,213354;-53,95143726;"SPRF-PR";"DEL05-PR";"UOP02-DEL05-PR"
405266;2022-01-01;"sábado";"15:50:00";"SC";101;215,5;"PALHOCA";"Manobra de mudança de faixa";"Tombamento";"Com Vítimas Feridas";"Pleno dia";"Crescente";"Céu Claro";"Múltipla";"Declive";"Sim";3;0;2;0;0;1;2;2;-27,65184843;-48,67604941;"SPRF-SC";"DEL01-SC";"UOP02-DEL01-SC"
405267;2022-01-01;"sábado";"15:00:00";"SC";101;58;"ARAQUARI";"Demais falhas mecânicas ou elétricas";"Queda de ocupante de veículo";"Com Vítimas Feridas";"Pleno dia";"Crescente";"Sol";"Múltipla";"Aclive";"Não";2;0;2;0;0;0;2;1;-26,44025049;-48,80129043;"SPRF-SC";"DEL03-SC";"UOP02-DEL03-SC"
405269;2022-01-01;"sábado";"16:20:00";"GO";40;9,9;"LUZIANIA";"Ausência de reação do condutor";"Saída de leito carroçável";"Com Vítimas Feridas";"Pleno dia";"Decrescente";"Chuva";"Dupla";"Reta";"Sim";1;0;1;0;0;0;1;1;-16,12888094;-47,95912027;"SPRF-DF";"DEL01-DF";"UOP01-DEL01-DF"
405270;2022-01-01;"sábado";"12:10:00";"SC";280;163;"MAFRA";"Condutor deixou de manter distância do veículo da frente";"Engavetamento";"Com Vítimas Feridas";"Pleno dia";"Crescente";"Céu Claro";"Simples";"Reta";"Não";12;0;2;0;10;0;2;3;-26,19739326;-49,79756122;"SPRF-SC";"DEL06-SC";"UOP01-DEL06-SC"
405272;2022-01-01;"sábado";"12:05:00";"RO";364;90;"VILHENA";"Reação tardia ou ineficiente do condutor";"Capotamento";"Com Vítimas Feridas";"Pleno dia";"Decrescente";"Céu Claro";"Simples";"Declive";"Não";5;0;5;0;0;0;5;1;-12,36103512;-60,62575836;"SPRF-RO";"DEL04-RO";"UOP01-DEL04-RO"
405274;2022-01-01;"sábado";"16:10:00";"SP";116;291;"ITAPECERICA DA SERRA";"Pista Escorregadia";"Capotamento";"Sem Vítimas";"Pleno dia";"Decrescente";"Garoa/Chuvisco";"Dupla";"Reta";"Não";1;0;0;0;0;1;0;1;-23,73826593;-46,89672721;"SPRF-SP";"DEL04-SP";"UOP01-DEL04-SP"
405275;2022-01-01;"sábado";"15:20:00";"MS";262;144,9;"AGUA CLARA";"Conversão proibida";"Colisão transversal";"Sem Vítimas";"Pleno dia";"Crescente";"Céu Claro";"Simples";"Reta";"Sim";2;0;0;0;2;0;0;2;-20,44382266;-52,88126791;"SPRF-MS";"DEL07-MS";"UOP02-DEL07-MS"
405276;2022-01-01;"sábado";"15:50:00";"RJ";40;43,2;"AREAL";"Chuva";"Colisão com objeto";"Com Vítimas Feridas";"Pleno dia";"Decrescente";"Chuva";"Dupla";"Curva";"Não";5;0;1;0;4;0;1;1;-22,265139;-43,108506;"SPRF-RJ";"DEL05-RJ";"UOP02-DEL05-RJ"
405277;2022-01-01;"sábado";"16:45:00";"RJ";40;84;"PETROPOLIS";"Chuva";"Capotamento";"Com Vítimas Feridas";"Pleno dia";"Crescente";"Chuva";"Simples";"Túnel";"Não";2;0;1;0;1;0;1;1;-22,52145512;-43,23707996;"SPRF-RJ";"DEL06-RJ";"UOP01-DEL06-RJ"
405280;2022-01-01;"sábado";"16:20:00";"RJ";116;127;"MAGE";"Ingestão de álcool pelo condutor";"Colisão traseira";"Sem Vítimas";"Pleno dia";"Decrescente";"Nublado";"Dupla";"Reta";"Sim";3;0;0;0;3;0;0;2;-22,66137035;-43,09295957;"SPRF-RJ";"DEL04-RJ";"UOP02-DEL04-RJ"
405283;2022-01-01;"sábado";"18:40:00";"SC";101;203,8;"SAO JOSE";"Reação tardia ou ineficiente do condutor";"Colisão traseira";"Sem Vítimas";"Anoitecer";"Crescente";"Céu Claro";"Múltipla";"Reta";"Sim";2;0;0;0;2;0;0;2;-27,5650044;-48,61460082;"SPRF-SC";"DEL01-SC";"UOP01-DEL01-SC"
405284;2022-01-01;"sábado";"18:40:00";"SC";101;136;"BALNEARIO CAMBORIU";"Ingestão de álcool ou de substâncias psicoativas pelo pedestre";"Colisão lateral mesmo sentido";"Com Vítimas Feridas";"Pleno dia";"Crescente";"Céu Claro";"Múltipla";"Reta";"Sim";2;0;1;0;1;0;1;2;-27,008113;-48,617245;"SPRF-SC";"DEL04-SC";"UOP03-DEL04-SC"
405285;2022-01-01;"sábado";"17:19:00";"RO";174;13;"VILHENA";"Ingestão de álcool pelo condutor";"Colisão traseira";"Com Vítimas Feridas";"Pleno dia";"Crescente";"Céu Claro";"Dupla";"Interseção de Vias";"Sim";4;0;2;0;2;0;2;2;-12,74140004;-60,13026401;"SPRF-RO";"DEL04-RO";"UOP01-DEL04-RO"
405286;2022-01-01;"sábado";"17:45:00";"RJ";101;471;"ANGRA DOS REIS";"Reação tardia ou ineficiente do condutor";"Capotamento";"Sem Vítimas";"Anoitecer";"Crescente";"Chuva";"Simples";"Curva";"Sim";1;0;0;0;1;0;0;1;-22,99649604;-44,22906307;"SPRF-RJ";"DEL03-RJ";"UOP03-DEL03-RJ"
405287;2022-01-01;"sábado";"19:00:00";"CE";20;84,5;"TAUA";"Velocidade Incompatível";"Colisão frontal";"Com Vítimas Fatais";"Plena Noite";"Crescente";"Céu Claro";"Simples";"Reta";"Sim";2;1;1;0;0;0;1;2;-6,00124494;-40,28030806;"SPRF-CE";"DEL02-CE";"UOP02-DEL02-CE"
405289;2022-01-01;"sábado";"18:45:00";"MG";40;508,2;"RIBEIRAO DAS NEVES";"Chuva";"Saída de leito carroçável";"Com Vítimas Feridas";"Plena Noite";"Decrescente";"Chuva";"Dupla";"Curva";"Sim";1;0;1;0;0;0;1;1;-19,76061249;-44,1347544;"SPRF-MG";"DEL02-MG";"UOP01-DEL02-MG"
405291;2022-01-01;"sábado";"19:50:00";"PE";101;74,5;"RECIFE";"Ingestão de álcool e/ou substâncias psicoativas pelo pedestre";"Atropelamento de Pedestre";"Com Vítimas Feridas";"Plena Noite";"Crescente";"Céu Claro";"Dupla";"Reta";"Sim";2;0;1;0;1;0;1;2;-8,106151;-34,948716;"SPRF-PE";"DEL01-PE";"UOP01-DEL01-PE"
405292;2022-01-01;"sábado";"19:30:00";"RJ";116;95;"GUAPIMIRIM";"Demais falhas mecânicas ou elétricas";"Colisão lateral sentido oposto";"Com Vítimas Feridas";"Plena Noite";"Crescente";"Nublado";"Simples";"Curva";"Não";3;0;2;0;1;0;2;2;-22,47374702;-43,00117923;"SPRF-RJ";"DEL04-RJ";"UOP02-DEL04-RJ"
405293;2022-01-01;"sábado";"20:10:00";"PB";230;10;"CABEDELO";"Manobra de mudança de faixa";"Colisão lateral mesmo sentido";"Com Vítimas Feridas";"Plena Noite";"Crescente";"Nublado";"Dupla";"Reta";"Não";4;0;4;0;0;0;4;2;-7,0514;-34,8499;"SPRF-PB";"DEL01-PB";"UOP01-DEL01-PB"
405294;2022-01-01;"sábado";"17:30:00";"CE";402;191,1;"MARCO";"Demais falhas mecânicas ou elétricas";"Colisão frontal";"Com Vítimas Fatais";"Anoitecer";"Crescente";"Nublado";"Simples";"Reta";"Não";5;1;1;3;0;0;4;2;-3,19732501;-40,08732676;"SPRF-CE";"DEL01-CE";"UOP03-DEL01-CE"
405295;2022-01-01;"sábado";"18:00:00";"SC";282;606,3;"MARAVILHA";"Ingestão de álcool pelo condutor";"Colisão lateral mesmo sentido";"Sem Vítimas";"Pleno dia";"Decrescente";"Céu Claro";"Simples";"Reta";"Sim";2;0;0;0;2;0;0;2;-26,778643;-53,198692;"SPRF-SC";"DEL07-SC";"UOP02-DEL07-SC"
405296;2022-01-01;"sábado";"20:50:00";"RS";468;92,5;"BOM PROGRESSO";"Transitar na contramão";"Colisão frontal";"Com Vítimas Feridas";"Plena Noite";"Crescente";"Céu Claro";"Simples";"Reta";"Não";2;0;1;0;1;0;1;2;-27,52687296;-53,87549472;"SPRF-RS";"DEL08-RS";"UOP02-DEL08-RS"
405299;2022-01-01;"sábado";"18:15:00";"RJ";40;43;"AREAL";"Avarias e/ou desgaste excessivo no pneu";"Colisão com objeto";"Com Vítimas Feridas";"Anoitecer";"Decrescente";"Chuva";"Dupla";"Curva";"Não";2;0;2;0;0;0;2;1;-22,265139;-43,108506;"SPRF-RJ";"DEL05-RJ";"UOP02-DEL05-RJ"
405301;2022-01-01;"sábado";"16:15:00";"SC";282;444,7;"PONTE SERRADA";"Reação tardia ou ineficiente do condutor";"Saída de leito carroçável";"Com Vítimas Feridas";"Pleno dia";"Crescente";"Nublado";"Simples";"Reta";"Não";3;0;3;0;0;0;3;1;-26,915865;-51,901859;"SPRF-SC";"DEL07-SC";"UOP04-DEL07-SC"
405302;2022-01-01;"sábado";"19:30:00";"AP";210;106;"PORTO GRANDE";"Ultrapassagem Indevida";"Colisão lateral mesmo sentido";"Com Vítimas Feridas";"Plena Noite";"Crescente";"Nublado";"Simples";"Reta";"Sim";3;0;1;0;2;0;1;2;0,7056461573;-51,4127160773;"SPRF-AP";"DEL01-AP";"UOP01-DEL01-AP"
405303;2022-01-01;"sábado";"20:15:00";"PR";369;511,5;"CASCAVEL";"Ingestão de álcool ou de substâncias psicoativas pelo pedestre";"Atropelamento de Pedestre";"Com Vítimas Feridas";"Plena Noite";"Crescente";"Céu Claro";"Simples";"Reta";"Não";3;0;2;0;0;1;2;2;-24,87020145;-53,34231377;"SPRF-PR";"DEL04-PR";"UOP01-DEL04-PR"
405304;2022-01-01;"sábado";"20:00:00";"MA";135;20;"SAO LUIS";"Ingestão de álcool pelo condutor";"Colisão lateral mesmo sentido";"Sem Vítimas";"Plena Noite";"Decrescente";"Nublado";"Múltipla";"Reta;Retorno Regulamentado";"Sim";3;0;0;0;2;1;0;2;-2,565353;-44,333942;"SPRF-MA";"DEL01-MA";"UOP01-DEL01-MA"
405305;2022-01-01;"sábado";"21:20:00";"RJ";101;104;"CAMPOS DOS GOYTACAZES";"Entrada inopinada do pedestre";"Atropelamento de Pedestre";"Com Vítimas Fatais";"Plena Noite";"Decrescente";"Céu Claro";"Dupla";"Reta";"Não";2;1;0;0;1;0;0;2;-21,91070181;-41,61099126;"SPRF-RJ";"DEL08-RJ";"UOP02-DEL08-RJ"
405306;2022-01-01;"sábado";"19:05:00";"RJ";101;534;"PARATY";"Ingestão de álcool pelo condutor";"Colisão transversal";"Com Vítimas Feridas";"Anoitecer";"Decrescente";"Céu Claro";"Simples";"Reta";"Sim";2;0;1;0;1;0;1;2;-23,02980854;-44,54399522;"SPRF-RJ";"DEL03-RJ";"UOP02-DEL03-RJ"
405308;2022-01-01;"sábado";"21:50:00";"SP";153;108;"JOSE BONIFACIO";"Desrespeitar a preferência no cruzamento";"Colisão transversal";"Com Vítimas Feridas";"Plena Noite";"Crescente";"Céu Claro";"Simples";"Rotatória";"Sim";3;0;2;0;1;0;2;2;-21,07208391;-49,66656517;"SPRF-SP";"DEL09-SP";"UOP01-DEL09-SP"
405314;2022-01-01;"sábado";"22:30:00";"PR";476;274;"SAO MATEUS DO SUL";"Iluminação deficiente";"Tombamento";"Com Vítimas Feridas";"Plena Noite";"Decrescente";"Nublado";"Simples";"Aclive";"Sim";1;0;0;1;0;0;1;1;-25,893393;-50,377842;"SPRF-PR";"DEL02-PR";"UOP04-DEL02-PR"
405315;2022-01-02;"domingo";"00:00:00";"SC";101;199;"BIGUACU";"Velocidade Incompatível";"Colisão lateral mesmo sentido";"Com Vítimas Feridas";"Plena Noite";"Decrescente";"Nublado";"Múltipla";"Reta";"Sim";2;0;2;0;0;0;2;1;-27,53413705;-48,63003205;"SPRF-SC";"DEL01-SC";"UOP01-DEL01-SC"
405317;2022-01-02;"domingo";"00:20:00";"PR";277;318,7;"GUARAPUAVA";"Transitar na contramão";"Colisão frontal";"Com Vítimas Fatais";"Plena Noite";"Decrescente";"Nublado";"Simples";"Curva";"Não";5;1;3;0;1;0;3;2;-25,370502;-51,256093;"SPRF-PR";"DEL08-PR";"UOP01-DEL08-PR"
405318;2022-01-01;"sábado";"23:00:00";"MT";163;770;"SORRISO";"Avarias e/ou desgaste excessivo no pneu";"Queda de ocupante de veículo";"Com Vítimas Feridas";"Plena Noite";"Decrescente";"Céu Claro";"Simples";"Aclive";"Não";1;0;1;0;0;0;1;1;-12,42136026;-55,63853329;"SPRF-MT";"DEL06-MT";"UOP01-DEL06-MT"
405319;2022-01-02;"domingo";"00:57:00";"DF";40;0,5;"BRASILIA";"Ausência de reação do condutor";"Colisão traseira";"Sem Vítimas";"Plena Noite";"Crescente";"Garoa/Chuvisco";"Dupla";"Reta";"Não";4;0;0;0;4;0;0;3;-15,976897;-47,990129;"SPRF-DF";"DEL01-DF";"UOP01-DEL01-DF"
405321;2022-01-02;"domingo";"00:55:00";"MG";381;569;"ITAGUARA";"Chuva";"Saída de leito carroçável";"Sem Vítimas";"Plena Noite";"Decrescente";"Chuva";"Dupla";"Reta";"Não";1;0;0;0;1;0;0;1;-20,43178144;-44,55193736;"SPRF-MG";"DEL04-MG";"UOP03-DEL04-MG"
405323;2022-01-02;"domingo";"02:30:00";"PB";230;27,2;"JOAO PESSOA";"Transitar na contramão";"Colisão frontal";"Com Vítimas Fatais";"Plena Noite";"Decrescente";"Céu Claro";"Dupla";"Reta";"Sim";2;1;0;0;1;0;0;2;-7,16568297;-34,88968134;"SPRF-PB";"DEL01-PB";"UOP01-DEL01-PB"
405324;2022-01-02;"domingo";"01:40:00";"SC";101;282,8;"IMBITUBA";"Demais falhas mecânicas ou elétricas";"Capotamento";"Com Vítimas Feridas";"Plena Noite";"Crescente";"Céu Claro";"Simples";"Reta";"Sim";2;0;2;0;0;0;2;1;-28,19626005;-48,69739859;"SPRF-SC";"DEL02-SC";"UOP03-DEL02-SC"
405325;2022-01-02;"domingo";"01:40:00";"PR";376;1;"SAO JOSE DOS PINHAIS";"Ausência de reação do condutor";"Colisão traseira";"Sem Vítimas";"Plena Noite";"Crescente";"Céu Claro";"Dupla";"Reta";"Sim";3;0;0;0;3;0;0;3;-25,559582;-49,184909;"SPRF-PR";"DEL01-PR";"UOP04-DEL01-PR"
405326;2022-01-02;"domingo";"00:50:00";"SP";116;214,8;"GUARULHOS";"Condutor deixou de manter distância do veículo da frente";"Colisão traseira";"Com Vítimas Feridas";"Plena Noite";"Crescente";"Céu Claro";"Múltipla";"Reta";"Sim";2;0;0;1;1;0;1;2;-23,446607;-46,453852;"SPRF-SP";"DEL01-SP";"UOP01-DEL01-SP"
405327;2022-01-02;"domingo";"03:59:00";"GO";60;441,8;"JATAI";"Reação tardia ou ineficiente do condutor";"Saída de leito carroçável";"Com Vítimas Feridas";"Plena Noite";"Crescente";"Céu Claro";"Dupla";"Reta";"Não";1;0;1;0;0;0;1;1;-17,8408;-51,4409;"SPRF-GO";"DEL05-GO";"UOP01-DEL05-GO"
405328;2022-01-02;"domingo";"00:50:00";"RS";290;370,9;"VILA NOVA DO SUL";"Ingestão de álcool pelo condutor";"Saída de leito carroçável";"Com Vítimas Feridas";"Plena Noite";"Decrescente";"Céu Claro";"Simples";"Reta";"Não";2;0;1;1;0;0;2;1;-30,3376207;-53,87557983;"SPRF-RS";"DEL09-RS";"UOP02-DEL09-RS"
405329;2022-01-02;"domingo";"04:20:00";"RS";158;333;"SANTA MARIA";"Ingestão de álcool pelo condutor";"Capotamento";"Com Vítimas Feridas";"Amanhecer";"Decrescente";"Céu Claro";"Dupla";"Declive";"Sim";5;0;2;3;0;0;5;1;-29,70652431;-53,85079622;"SPRF-RS";"DEL09-RS";"UOP01-DEL09-RS"