"id";"data_inversa";"dia_semana";"horario";"uf";"br";"km";"municipio";"causa_acidente";"tipo_acidente";"classificacao_acidente";"fase_dia";"sentido_via";"condicao_metereologica";"tipo_pista";"tracado_via";"uso_solo";"pessoas";"mortos";"feridos_leves";"feridos_graves";"ilesos";"ignorados";"feridos";"veiculos";"latitude";"longitude";"regional";"delegacia";"uop"
405330;2022-01-01;"sábado";"18:30:00";"SC";101;318;"PESCARIA BRAVA";"Ausência de reação do condutor";"Colisão frontal";"Com Vítimas Feridas";"Anoitecer";"Decrescente";"Céu Claro";"Simples";"Reta";"Sim";2;0;0;1;1;0;1;2;-28,4266481;-48,86160099;"SPRF-SC";"DEL02-SC";"UOP01-DEL02-SC"
405331;2022-01-02;"domingo";"04:00:00";"RO";364;237,1;"CACOAL";"Ingestão de álcool pelo condutor";"Saída de leito carroçável";"Com Vítimas Feridas";"Plena Noite";"Decrescente";"Nublado";"Simples";"Reta";"Sim";1;0;0;1;0;0;1;1;-11,44300174;-61,44796014;"SPRF-RO";"DEL02-RO";"UOP02-DEL02-RO"
405332;2022-01-02;"domingo";"05:00:00";"SC";101;431,8;"SOMBRIO";"Condutor Dormindo";"Saída de leito carroçável";"Sem Vítimas";"Amanhecer";"Crescente";"Nevoeiro/Neblina";"Múltipla";"Reta";"Sim";1;0;0;0;1;0;0;1;-29,06569787;-49,62481499;"SPRF-SC";"DEL02-SC";"UOP02-DEL02-SC"
405334;2022-01-02;"domingo";"05:25:00";"SC";282;5;"SAO JOSE";"Reação tardia ou ineficiente do condutor";"Colisão com objeto";"Com Vítimas Feridas";"Pleno dia";"Crescente";"Céu Claro";"Dupla";"Reta";"Sim";2;0;0;1;1;0;1;2;-27,588425;-48,612919;"SPRF-SC";"DEL01-SC";"UOP01-DEL01-SC"
405335;2022-01-02;"domingo";"05:20:00";"MG";381;745,1;"TRES CORACOES";"Condutor Dormindo";"Saída de leito carroçável";"Com Vítimas Feridas";"Amanhecer";"Crescente";"Nublado";"Dupla";"Reta";"Não";2;0;1;0;1;0;1;1;-21,637253;-45,28388;"SPRF-MG";"DEL16-MG";"UOP02-DEL16-MG"
405336;2022-01-01;"sábado";"20:30:00";"MA";10;265,1;"IMPERATRIZ";"Ingestão de álcool pelo condutor";"Colisão com objeto";"Com Vítimas Feridas";"Plena Noite";"Decrescente";"Nublado";"Simples";"Reta";"Não";1;0;1;0;0;0;1;1;-5,418198;-47,472858;"SPRF-MA";"DEL04-MA";"UOP01-DEL04-MA"
405337;2022-01-02;"domingo";"02:30:00";"RS";392;282;"SAO SEPE";"Reação tardia ou ineficiente do condutor";"Atropelamento de Animal";"Sem Vítimas";"Plena Noite";"Decrescente";"Céu Claro";"Simples";"Reta;Declive";"Não";2;0;0;0;2;0;0;1;-30,2905489;-53,53929569;"SPRF-RS";"DEL09-RS";"UOP02-DEL09-RS"
405339;2022-01-01;"sábado";"20:00:00";"BA";101;219;"CRUZ DAS ALMAS";"Ultrapassagem Indevida";"Colisão frontal";"Com Vítimas Fatais";"Plena Noite";"Decrescente";"Céu Claro";"Simples";"Reta";"Não";2;1;0;0;1;0;0;2;-12,65117147;-39,12037595;"SPRF-BA";"DEL01-BA";"UOP02-DEL01-BA"
405340;2022-01-02;"domingo";"06:50:00";"MG";381;330;"NOVA ERA";"Velocidade Incompatível";"Saída de leito carroçável";"Com Vítimas Feridas";"Pleno dia";"Crescente";"Garoa/Chuvisco";"Dupla";"Curva";"Não";5;0;1;0;4;0;1;1;-19,78715144;-43,05117784;"SPRF-MG";"DEL03-MG";"UOP01-DEL03-MG"
405341;2022-01-02;"domingo";"06:50:00";"PR";116;97,1;"SAO JOSE DOS PINHAIS";"Velocidade Incompatível";"Colisão traseira";"Com Vítimas Feridas";"Pleno dia";"Crescente";"Nublado";"Dupla";"Curva";"Sim";2;0;1;0;1;0;1;2;-25,504848;-49,123226;"SPRF-PR";"DEL01-PR";"UOP01-DEL01-PR"
405342;2022-01-02;"domingo";"07:15:00";"RS";158;273,5;"JULIO DE CASTILHOS";"Ingestão de álcool pelo condutor";"Saída de leito carroçável";"Com Vítimas Feridas";"Pleno dia";"Crescente";"Céu Claro";"Simples";"Reta";"Não";1;0;1;0;0;0;1;1;-29,31672786;-53,68074061;"SPRF-RS";"DEL09-RS";"UOP01-DEL09-RS"
405344;2022-01-02;"domingo";"07:00:00";"SP";116;26,3;"LAVRINHAS";"Reação tardia ou ineficiente do condutor";"Saída de leito carroçável";"Com Vítimas Feridas";"Pleno dia";"Crescente";"Chuva";"Dupla";"Curva";"Não";1;0;1;0;0;0;1;1;-22,61419397;-44,90005302;"SPRF-SP";"DEL08-SP";"UOP02-DEL08-SP"
405352;2022-01-02;"domingo";"04:00:00";"MS";267;177;"NOVA ANDRADINA";"Animais na Pista";"Atropelamento de Animal";"Sem Vítimas";"Amanhecer";"Decrescente";"Céu Claro";"Simples";"Reta";"Não";1;0;0;0;0;1;0;1;-21,61320923;-53,73071503;"SPRF-MS";"DEL02-MS";"UOP03-DEL02-MS"
405353;2022-01-02;"domingo";"06:40:00";"MG";40;582,5;"ITABIRITO";"Chuva";"Capotamento";"Sem Vítimas";"Amanhecer";"Decrescente";"Chuva";"Simples";"Reta";"Não";1;0;0;0;1;0;0;1;-20,31049595;-43,93484962;"SPRF-MG";"DEL01-MG";"UOP02-DEL01-MG"
405354;2022-01-02;"domingo";"01:40:00";"RS";290;437;"SAO GABRIEL";"Problema com o freio";"Queda de ocupante de veículo";"Com Vítimas Feridas";"Plena Noite";"Decrescente";"Céu Claro";"Simples";"Reta";"Não";1;0;1;0;0;0;1;1;-30,262047;-54,488205;"SPRF-RS";"DEL11-RS";"UOP02-DEL11-RS"
405357;2022-01-02;"domingo";"05:30:00";"RJ";101;206;"CASIMIRO DE ABREU";"Ausência de reação do condutor";"Incêndio";"Sem Vítimas";"Amanhecer";"Crescente";"Céu Claro";"Simples";"Reta";"Sim";1;0;0;0;1;0;0;1;-22,4776458;-42,21127001;"SPRF-RJ";"DEL08-RJ";"UOP04-DEL08-RJ"
405358;2022-01-02;"domingo";"07:30:00";"MG";381;519;"BRUMADINHO";"Velocidade Incompatível";"Saída de leito carroçável";"Sem Vítimas";"Pleno dia";"Decrescente";"Garoa/Chuvisco";"Dupla";"Curva";"Sim";1;0;0;0;1;0;0;1;-20,12834104;-44,30330781;"SPRF-MG";"DEL04-MG";"UOP03-DEL04-MG"
405360;2022-01-01;"sábado";"22:15:00";"MT";163;1063;"GUARANTA DO NORTE";"Reação tardia ou ineficiente do condutor";"Queda de ocupante de veículo";"Com Vítimas Feridas";"Plena Noite";"Crescente";"Céu Claro";"Simples";"Reta";"Não";1;0;1;0;0;0;1;1;-9,970692;-54,905379;"SPRF-MT";"DEL06-MT";"NPF/DEL06-MT"
405362;2022-01-02;"domingo";"07:10:00";"RJ";101;511;"ANGRA DOS REIS";"Reação tardia ou ineficiente do condutor";"Colisão lateral mesmo sentido";"Com Vítimas Feridas";"Pleno dia";"Decrescente";"Céu Claro";"Simples";"Reta";"Sim";2;0;1;0;1;0;1;2;-22,9609111;-44,4382966;"SPRF-RJ";"DEL03-RJ";"UOP02-DEL03-RJ"
405363;2022-01-02;"domingo";"08:50:00";"SC";101;212;"PALHOCA";"Ausência de reação do condutor";"Queda de ocupante de veículo";"Com Vítimas Feridas";"Pleno dia";"Decrescente";"Céu Claro";"Dupla";"Reta";"Sim";2;0;1;0;1;0;1;1;-27,62996929;-48,65903871;"SPRF-SC";"DEL01-SC";"UOP02-DEL01-SC"
405364;2022-01-02;"domingo";"07:40:00";"CE";222;5;"CAUCAIA";"Ausência de reação do condutor";"Colisão traseira";"Com Vítimas Feridas";"Pleno dia";"Decrescente";"Garoa/Chuvisco";"Múltipla";"Reta";"Sim";3;0;1;0;2;0;1;3;-3,74296918;-38,61330997;"SPRF-CE";"DEL01-CE";"UOP01-DEL01-CE"
405365;2022-01-02;"domingo";"08:40:00";"MG";381;674,4;"PERDOES";"Velocidade Incompatível";"Capotamento";"Com Vítimas Feridas";"Pleno dia";"Decrescente";"Chuva";"Dupla";"Curva";"Não";2;0;1;0;1;0;1;1;-21,107021;-45,09114;"SPRF-MG";"DEL04-MG";"UOP02-DEL04-MG"
405366;2022-01-02;"domingo";"08:45:00";"SC";101;232,6;"PALHOCA";"Condutor Dormindo";"Colisão com objeto";"Com Vítimas Feridas";"Pleno dia";"Decrescente";"Sol";"Dupla";"Reta";"Sim";5;0;1;0;4;0;1;1;-27,80109255;-48,63751531;"SPRF-SC";"DEL01-SC";"UOP02-DEL01-SC"
405367;2022-01-02;"domingo";"09:10:00";"CE";116;62,9;"CHOROZINHO";"Conversão proibida";"Colisão traseira";"Com Vítimas Feridas";"Pleno dia";"Decrescente";"Nublado";"Simples";"Reta";"Não";3;0;3;0;0;0;3;2;-4,2640181;-38,48896668;"SPRF-CE";"DEL03-CE";"UOP02-DEL03-CE"
405369;2022-01-02;"domingo";"09:30:00";"GO";20;59,5;"FORMOSA";"Acumulo de água sobre o pavimento";"Saída de leito carroçável";"Com Vítimas Feridas";"Pleno dia";"Crescente";"Chuva";"Dupla";"Declive";"Não";4;0;3;0;1;0;3;1;-15,25577;-47,165115;"SPRF-DF";"DEL02-DF";"UOP01-DEL02-DF"
405370;2022-01-02;"domingo";"09:20:00";"RJ";101;296;"ITABORAI";"Ausência de reação do condutor";"Capotamento";"Sem Vítimas";"Pleno dia";"Decrescente";"Céu Claro";"Dupla";"Reta";"Sim";1;0;0;0;1;0;0;1;-22,7670498;-42,91019601;"SPRF-RJ";"DEL02-RJ";"UOP02-DEL02-RJ"
405371;2022-01-02;"domingo";"10:14:00";"GO";20;59;"FORMOSA";"Condutor deixou de manter distância do veículo da frente";"Capotamento";"Com Vítimas Feridas";"Pleno dia";"Crescente";"Chuva";"Simples";"Declive";"Não";7;0;4;0;3;0;4;2;-15,25577;-47,165115;"SPRF-DF";"DEL02-DF";"UOP01-DEL02-DF"
405372;2022-01-02;"domingo";"05:50:00";"GO";70;459;"ARAGARCAS";"Demais falhas mecânicas ou elétricas";"Saída de leito carroçável";"Sem Vítimas";"Amanhecer";"Crescente";"Céu Claro";"Simples";"Reta";"Não";1;0;0;0;1;0;0;1;-15,9077012;-52,149739;"SPRF-GO";"DEL04-GO";"UOP01-DEL04-GO"
405373;2022-01-02;"domingo";"09:15:00";"MS";267;41,1;"BATAGUASSU";"Ultrapassagem Indevida";"Saída de leito carroçável";"Com Vítimas Feridas";"Pleno dia";"Decrescente";"Céu Claro";"Simples";"Reta;Declive";"Não";3;0;1;1;1;0;2;1;-21,78493655;-52,51175165;"SPRF-MS";"DEL02-MS";"UOP04-DEL02-MS"
405374;2022-01-02;"domingo";"10:00:00";"RJ";40;4,8;"COMENDADOR LEVY GASPARIAN";"Avarias e/ou desgaste excessivo no pneu";"Saída de leito carroçável";"Com Vítimas Feridas";"Pleno dia";"Crescente";"Garoa/Chuvisco";"Dupla";"Curva";"Não";1;0;1;0;0;0;1;1;-22,01337537;-43,23594846;"SPRF-RJ";"DEL05-RJ";"UOP02-DEL05-RJ"
405376;2022-01-02;"domingo";"09:30:00";"MG";381;921,2;"ITAPEVA";"Reação tardia ou ineficiente do condutor";"Tombamento";"Com Vítimas Feridas";"Pleno dia";"Crescente";"Nublado";"Dupla";"Curva";"Não";2;0;2;0;0;0;2;1;-22,7680939;-46,20854399;"SPRF-MG";"DEL16-MG";"UOP03-DEL16-MG"
405378;2022-01-02;"domingo";"08:00:00";"RR";401;3;"CANTA";"Ausência de reação do condutor";"Colisão traseira";"Com Vítimas Feridas";"Pleno dia";"Crescente";"Céu Claro";"Simples";"Em Obras";"Não";6;0;3;0;3;0;3;2;2,79386178;-60,66665958;"SPRF-RR";"DEL01-RR";"UOP01-DEL01-RR"
405380;2022-01-02;"domingo";"10:30:00";"SC";101;222,9;"PALHOCA";"Ausência de reação do condutor";"Colisão traseira";"Com Vítimas Feridas";"Pleno dia";"Crescente";"Céu Claro";"Dupla";"Declive";"Sim";3;0;1;0;1;1;1;2;-27,70865409;-48,65586407;"SPRF-SC";"DEL01-SC";"UOP02-DEL01-SC"
405381;2022-01-02;"domingo";"09:50:00";"PR";277;83,9;"CURITIBA";"Curva acentuada";"Queda de ocupante de veículo";"Com Vítimas Feridas";"Pleno dia";"Decrescente";"Sol";"Dupla";"Viaduto;Curva";"Sim";2;0;2;0;0;0;2;1;-25,568939;-49,181978;"SPRF-PR";"DEL01-PR";"UOP01-DEL01-PR"
405383;2022-01-02;"domingo";"09:25:00";"GO";414;331;"COCALZINHO DE GOIAS";"Chuva";"Colisão transversal";"Com Vítimas Feridas";"Pleno dia";"Decrescente";"Chuva";"Simples";"Curva";"Não";3;0;3;0;0;0;3;2;-15,580993;-48,628662;"SPRF-GO";"DEL02-GO";"UOP01-DEL02-GO"
405385;2022-01-02;"domingo";"10:05:00";"GO";414;382;"CORUMBA DE GOIAS";"Chuva";"Capotamento";"Com Vítimas Feridas";"Pleno dia";"Crescente";"Chuva";"Simples";"Curva";"Não";4;0;3;1;0;0;4;1;-15,85437896;-48,76562309;"SPRF-GO";"DEL02-GO";"UOP01-DEL02-GO"
405387;2022-01-02;"domingo";"10:00:00";"SC";282;203;"LAGES";"Condutor deixou de manter distância do veículo da frente";"Engavetamento";"Com Vítimas Feridas";"Pleno dia";"Crescente";"Céu Claro";"Simples";"Reta";"Não";15;0;3;0;12;0;3;5;-27,766741;-50,162296;"SPRF-SC";"DEL05-SC";"UOP01-DEL05-SC"
405388;2022-01-02;"domingo";"10:10:00";"RJ";116;24;"SAPUCAIA";"Chuva";"Capotamento";"Com Vítimas Feridas";"Pleno dia";"Decrescente";"Chuva";"Simples";"Curva";"Não";3;0;3;0;0;0;3;1;-22,03064831;-42,77714236;"SPRF-RJ";"DEL04-RJ";"UOP01-DEL04-RJ"
405391;2022-01-02;"domingo";"10:45:00";"RS";101;3,8;"TORRES";"Condutor deixou de manter distância do veículo da frente";"Colisão traseira";"Sem Vítimas";"Pleno dia";"Crescente";"Céu Claro";"Dupla";"Reta";"Não";2;0;0;0;2;0;0;2;-29,32997699;-49,78379488;"SPRF-RS";"DEL03-RS";"UOP02-DEL03-RS"
405392;2022-01-02;"domingo";"11:10:00";"BA";116;12,2;"VITORIA DA CONQUISTA";"Condutor deixou de manter distância do veículo da frente";"Colisão traseira";"Com Vítimas Feridas";"Pleno dia";"Crescente";"Nublado";"Simples";"Reta";"Sim";3;0;1;0;2;0;1;2;-14,851;-40,8485;"SPRF-BA";"DEL08-BA";"UOP01-DEL08-BA"
405394;2022-01-02;"domingo";"10:40:00";"MG";381;767,8;"CAMPANHA";"Velocidade Incompatível";"Saída de leito carroçável";"Com Vítimas Feridas";"Pleno dia";"Decrescente";"Chuva";"Dupla";"Curva";"Não";4;0;2;0;2;0;2;1;-21,75206112;-45,39318502;"SPRF-MG";"DEL16-MG";"UOP02-DEL16-MG"
405396;2022-01-02;"domingo";"06:30:00";"BA";418;104;"NOVA VICOSA";"Demais falhas mecânicas ou elétricas";"Incêndio";"Sem Vítimas";"Pleno dia";"Crescente";"Céu Claro";"Simples";"Reta";"Não";1;0;0;0;1;0;0;1;-17,9020037;-39,99113796;"SPRF-BA";"DEL09-BA";"UOP02-DEL09-BA"
405400;2022-01-02;"domingo";"09:45:00";"MG";381;686,6;"LAVRAS";"Chuva";"Saída de leito carroçável";"Com Vítimas Feridas";"Pleno dia";"Decrescente";"Garoa/Chuvisco";"Dupla";"Curva";"Não";1;0;1;0;0;0;1;1;-21,17681;-45,124762;"SPRF-MG";"DEL04-MG";"UOP02-DEL04-MG"
405401;2022-01-02;"domingo";"11:00:00";"RJ";116;179;"NOVA IGUACU";"Avarias e/ou desgaste excessivo no pneu";"Capotamento";"Com Vítimas Feridas";"Pleno dia";"Decrescente";"Céu Claro";"Dupla";"Reta";"Sim";5;0;2;0;3;0;2;1;-22,769902;-43,408036;"SPRF-RJ";"DEL01-RJ";"UOP02-DEL01-RJ"
405402;2022-01-02;"domingo";"11:40:00";"RS";290;87;"PORTO ALEGRE";"Ausência de reação do condutor";"Saída de leito carroçável";"Com Vítimas Feridas";"Pleno dia";"Decrescente";"Céu Claro";"Dupla";"Reta";"Não";1;0;1;0;0;0;1;1;-29,96828222;-51,12050056;"SPRF-RS";"DEL01-RS";"UOP01-DEL01-RS"
405403;2022-01-02;"domingo";"11:40:00";"MG";365;117,5;"JEQUITAI";"Velocidade Incompatível";"Saída de leito carroçável";"Com Vítimas Feridas";"Pleno dia";"Crescente";"Chuva";"Simples";"Reta";"Não";4;0;2;2;0;0;4;1;-17,17731829;-44,67423732;"SPRF-MG";"DEL12-MG";"UOP01-DEL12-MG"
405404;2022-01-02;"domingo";"11:50:00";"MG";381;907,5;"CAMBUI";"Velocidade Incompatível";"Saída de leito carroçável";"Com Vítimas Feridas";"Pleno dia";"Crescente";"Chuva";"Dupla";"Curva";"Não";2;0;2;0;0;0;2;1;-22,67449783;-46,09749031;"SPRF-MG";"DEL16-MG";"UOP03-DEL16-MG"
405405;2022-01-02;"domingo";"11:50:00";"GO";364;58;"CACHOEIRA ALTA";"Reação tardia ou ineficiente do condutor";"Colisão com objeto";"Com Vítimas Feridas";"Pleno dia";"Decrescente";"Céu Claro";"Simples";"Reta;Interseção de Vias";"Não";1;0;0;1;0;0;1;1;-18,750378;-50,936588;"SPRF-GO";"DEL05-GO";"UOP02-DEL05-GO"
405406;2022-01-02;"domingo";"11:50:00";"SC";101;145,6;"ITAPEMA";"Reação tardia ou ineficiente do condutor";"Colisão traseira";"Sem Vítimas";"Pleno dia";"Decrescente";"Céu Claro";"Dupla";"Reta";"Sim";4;0;0;0;4;0;0;3;-27,08139206;-48,60130993;"SPRF-SC";"DEL04-SC";"UOP03-DEL04-SC"
405410;2022-01-02;"domingo";"12:30:00";"CE";116;28,4;"ITAITINGA";"Acumulo de água sobre o pavimento";"Capotamento";"Com Vítimas Feridas";"Pleno dia";"Crescente";"Céu Claro";"Dupla";"Reta";"Não";1;0;0;1;0;0;1;1;-3,993072;-38,516277;"SPRF-CE";"DEL01-CE";"UOP02-DEL01-CE"
405413;2022-01-02;"domingo";"12:30:00";"SE";101;12,4;"CEDRO DE SAO JOAO";"Acessar a via sem observar a presença dos outros veículos";"Colisão transversal";"Com Vítimas Feridas";"Pleno dia";"Crescente";"Céu Claro";"Dupla";"Declive;Reta;Retorno Regulamentado";"Não";4;0;1;0;3;0;1;2;-10,29558912;-36,88312281;"SPRF-SE";"DEL02-SE";"UOP02-DEL02-SE"
405415;2022-01-02;"domingo";"13:20:00";"PR";376;662;"GUARATUBA";"Condutor deixou de manter distância do veículo da frente";"Colisão traseira";"Com Vítimas Feridas";"Pleno dia";"Decrescente";"Céu Claro";"Dupla";"Reta";"Não";4;0;1;0;3;0;1;2;-25,8546345;-48,98523394;"SPRF-PR";"DEL01-PR";"UOP04-DEL01-PR"
405418;2022-01-02;"domingo";"13:40:00";"SP";116;104;"TAUBATE";"Avarias e/ou desgaste excessivo no pneu";"Colisão lateral mesmo sentido";"Sem Vítimas";"Pleno dia";"Decrescente";"Nublado";"Dupla";"Reta";"Não";2;0;0;0;2;0;0;2;-23,00340176;-45,50626912;"SPRF-SP";"DEL08-SP";"UOP01-DEL08-SP"
405419;2022-01-02;"domingo";"10:20:00";"GO";60;192,6;"GUAPO";"Ingestão de álcool pelo condutor";"Saída de leito carroçável";"Com Vítimas Feridas";"Pleno dia";"Decrescente";"Chuva";"Dupla";"Reta";"Não";1;0;1;0;0;0;1;1;-16,85178031;-49,56885338;"SPRF-GO";"DEL01-GO";"UOP02-DEL01-GO"
405420;2022-01-02;"domingo";"10:30:00";"RO";174;14;"VILHENA";"Condutor deixou de manter distância do veículo da frente";"Colisão lateral mesmo sentido";"Com Vítimas Feridas";"Pleno dia";"Decrescente";"Céu Claro";"Dupla";"Interseção de Vias";"Sim";2;0;1;0;1;0;1;2;-12,73085642;-60,12952566;"SPRF-RO";"DEL04-RO";"UOP01-DEL04-RO"
405422;2022-01-02;"domingo";"13:55:00";"PB";230;141,4;"CAMPINA GRANDE";"Avarias e/ou desgaste excessivo no pneu";"Queda de ocupante de veículo";"Com Vítimas Feridas";"Pleno dia";"Crescente";"Nublado";"Dupla";"Curva";"Não";2;0;2;0;0;0;2;1;-7,2612;-35,8061;"SPRF-PB";"DEL02-PB";"UOP01-DEL02-PB"
405423;2022-01-02;"domingo";"13:30:00";"PI";316;5;"TERESINA";"Condutor deixou de manter distância do veículo da frente";"Colisão traseira";"Com Vítimas Feridas";"Pleno dia";"Crescente";"Céu Claro";"Múltipla";"Interseção de Vias";"Sim";2;0;1;0;0;1;1;2;-5,14169858;-42,78157276;"SPRF-PI";"DEL01-PI";"UOP02-DEL01-PI"
405426;2022-01-02;"domingo";"10:30:00";"PR";277;46,4;"MORRETES";"Demais falhas mecânicas ou elétricas";"Incêndio";"Sem Vítimas";"Pleno dia";"Crescente";"Céu Claro";"Múltipla";"Curva";"Não";1;0;0;0;1;0;0;1;-25,58170589;-48,87791023;"SPRF-PR";"DEL01-PR";"UOP05-DEL01-PR"
405427;2022-01-02;"domingo";"13:25:00";"MS";262;250,6;"RIBAS DO RIO PARDO";"Reação tardia ou ineficiente do condutor";"Colisão frontal";"Com Vítimas Feridas";"Pleno dia";"Crescente";"Chuva";"Simples";"Curva;Declive";"Não";6;0;6;0;0;0;6;2;-20,42279411;-53,84965608;"SPRF-MS";"DEL01-MS";"UOP01-DEL01-MS"
405428;2022-01-02;"domingo";"14:45:00";"MG";146;478,5;"POCOS DE CALDAS";"Acumulo de água sobre o pavimento";"Colisão com objeto";"Sem Vítimas";"Pleno dia";"Crescente";"Chuva";"Simples";"Curva";"Não";2;0;0;0;2;0;0;1;-21,74945528;-46,4058423;"SPRF-MG";"DEL09-MG";"UOP01-DEL09-MG"
405429;2022-01-02;"domingo";"14:00:00";"SP";116;216;"GUARULHOS";"Velocidade Incompatível";"Colisão traseira";"Com Vítimas Feridas";"Pleno dia";"Crescente";"Nublado";"Múltipla";"Reta";"Não";3;0;1;0;2;0;1;2;-23,45056589;-46,46258105;"SPRF-SP";"DEL01-SP";"UOP01-DEL01-SP"
405430;2022-01-02;"domingo";"13:00:00";"PE";232;528;"SALGUEIRO";"Acessar a via sem observar a presença dos outros veículos";"Colisão transversal";"Com Vítimas Fatais";"Pleno dia";"Crescente";"Chuva";"Simples";"Interseção de Vias";"Não";7;2;2;1;2;0;3;2;-8,07304995;-39,29547601;"SPRF-PE";"DEL05-PE";"UOP01-DEL05-PE"
405432;2022-01-02;"domingo";"14:30:00";"BA";101;118;"ALAGOINHAS";"Acessar a via sem observar a presença dos outros veículos";"Colisão transversal";"Com Vítimas Feridas";"Pleno dia";"Crescente";"Céu Claro";"Simples";"Retorno Regulamentado";"Sim";6;0;4;1;1;0;5;2;-12,15886142;-38,546794;"SPRF-BA";"DEL01-BA";"UOP04-DEL01-BA"
405435;2022-01-02;"domingo";"13:30:00";"TO";153;783,3;"TALISMA";"Pista esburacada";"Colisão traseira";"Com Vítimas Feridas";"Pleno dia";"Crescente";"Céu Claro";"Simples";"Reta";"Não";4;0;2;0;2;0;2;2;-12,666674;-49,06649297;"SPRF-TO";"DEL01-TO";"UOP02-DEL01-TO"
405436;2022-01-02;"domingo";"14:30:00";"SC";101;351,5;"JAGUARUNA";"Manobra de mudança de faixa";"Colisão traseira";"Com Vítimas Feridas";"Pleno dia";"Decrescente";"Céu Claro";"Dupla";"Reta";"Não";3;0;2;0;1;0;2;2;-28,5977641;-49,04943589;"SPRF-SC";"DEL02-SC";"UOP01-DEL02-SC"
405437;2022-01-02;"domingo";"13:50:00";"SC";101;108,2;"PENHA";"Condutor deixou de manter distância do veículo da frente";"Colisão traseira";"Com Vítimas Fatais";"Pleno dia";"Decrescente";"Sol";"Dupla";"Reta";"Não";5;1;0;1;3;0;1;2;-26,82606902;-48,69052298;"SPRF-SC";"DEL03-SC";"UOP02-DEL03-SC"
405438;2022-01-02;"domingo";"14:30:00";"BA";242;536;"OLIVEIRA DOS BREJINHOS";"Transitar na contramão";"Colisão frontal";"Com Vítimas Feridas";"Pleno dia";"Decrescente";"Chuva";"Simples";"Reta";"Não";7;0;4;2;1;0;6;2;-12,29497646;-42,64841017;"SPRF-BA";"DEL06-BA";"UOP01-DEL06-BA"
405440;2022-01-02;"domingo";"15:20:00";"CE";222;5,4;"CAUCAIA";"Manobra de mudança de faixa";"Colisão lateral mesmo sentido";"Com Vítimas Feridas";"Pleno dia";"Decrescente";"Céu Claro";"Dupla";"Reta";"Sim";4;0;2;1;1;0;3;2;-3,74296918;-38,61330997;"SPRF-CE";"DEL01-CE";"UOP01-DEL01-CE"
405441;2022-01-02;"domingo";"15:00:00";"GO";60;129,3;"GOIANAPOLIS";"Avarias e/ou desgaste excessivo no pneu";"Colisão lateral mesmo sentido";"Com Vítimas Feridas";"Pleno dia";"Decrescente";"Chuva";"Dupla";"Declive";"Não";2;0;1;0;1;0;1;2;-16,5587;-49,1534;"SPRF-GO";"DEL01-GO";"UOP01-DEL01-GO"
405445;2022-01-02;"domingo";"12:45:00";"AC";317;194;"XAPURI";"Ausência de reação do condutor";"Colisão com objeto";"Com Vítimas Feridas";"Pleno dia";"Crescente";"Céu Claro";"Simples";"Em Obras";"Não";1;0;1;0;0;0;1;1;-10,62046882;-68,04231215;"SPRF-AC";"DEL01-AC";"UOP02-DEL01-AC"
405446;2022-01-02;"domingo";"15:33:00";"RJ";101;268,5;"RIO BONITO";"Trafegar com motocicleta (ou similar) entre as faixas";"Atropelamento de Pedestre";"Com Vítimas Feridas";"Pleno dia";"Crescente";"Céu Claro";"Dupla";"Reta";"Sim";2;0;1;1;0;0;2;2;-22,7112997;-42,66922613;"SPRF-RJ";"DEL02-RJ";"UOP03-DEL02-RJ"
405447;2022-01-02;"domingo";"15:50:00";"SC";101;194;"BIGUACU";"Ingestão de álcool pelo condutor";"Colisão traseira";"Com Vítimas Feridas";"Pleno dia";"Decrescente";"Céu Claro";"Dupla";"Reta";"Sim";2;0;0;1;1;0;1;2;-27,49815117;-48,65661236;"SPRF-SC";"DEL01-SC";"UOP01-DEL01-SC"
405448;2022-01-02;"domingo";"15:30:00";"GO";50;97,8;"CRISTALINA";"Desrespeitar a preferência no cruzamento";"Colisão transversal";"Com Vítimas Feridas";"Pleno dia";"Decrescente";"Garoa/Chuvisco";"Simples";"Interseção de Vias";"Sim";2;0;1;0;1;0;1;2;-16,76665294;-47,61631619;"SPRF-DF";"DEL01-DF";"UOP02-DEL01-DF"
405450;2022-01-02;"domingo";"15:30:00";"RS";386;327,9;"MARQUES DE SOUZA";"Transitar na contramão";"Colisão lateral mesmo sentido";"Com Vítimas Feridas";"Pleno dia";"Crescente";"Nublado";"Simples";"Reta";"Não";3;0;1;0;2;0;1;2;-29,334064;-52,096725;"SPRF-RS";"DEL04-RS";"UOP01-DEL04-RS"
405451;2022-01-02;"domingo";"14:15:00";"SC";101;43;"JOINVILLE";"Condutor deixou de manter distância do veículo da frente";"Colisão traseira";"Sem Vítimas";"Pleno dia";"Decrescente";"Céu Claro";"Dupla";"Reta";"Não";2;0;0;0;2;0;0;2;-26,33130689;-48,86173725;"SPRF-SC";"DEL03-SC";"UOP01-DEL03-SC"
405452;2022-01-02;"domingo";"15:15:00";"SC";101;323,9;"CAPIVARI DE BAIXO";"Condutor deixou de manter distância do veículo da frente";"Colisão traseira";"Com Vítimas Feridas";"Pleno dia";"Crescente";"Céu Claro";"Dupla";"Reta";"Não";3;0;2;0;1;0;2;2;-28,42789556;-48,91248313;"SPRF-SC";"DEL02-SC";"UOP01-DEL02-SC"
405453;2022-01-02;"domingo";"15:05:00";"RO";364;245;"CACOAL";"Condutor deixou de manter distância do veículo da frente";"Colisão traseira";"Com Vítimas Feridas";"Pleno dia";"Crescente";"Céu Claro";"Simples";"Reta";"Não";8;0;2;0;6;0;2;3;-11,439733;-61,515045;"SPRF-RO";"DEL02-RO";"UOP02-DEL02-RO"