"id";"data_inversa";"dia_semana";"horario";"uf";"br";"km";"municipio";"causa_acidente";"tipo_acidente";"classificacao_acidente";"fase_dia";"sentido_via";"condicao_metereologica";"tipo_pista";"tracado_via";"uso_solo";"pessoas";"mortos";"feridos_leves";"feridos_graves";"ilesos";"ignorados";"feridos";"veiculos";"latitude";"longitude";"regional";"delegacia";"uop"
405454;2022-01-02;"domingo";"16:10:00";"RN";304;25;"MOSSORO";"Ausência de reação do condutor";"Engavetamento";"Com Vítimas Feridas";"Pleno dia";"Crescente";"Céu Claro";"Simples";"Reta";"Não";4;0;1;0;3;0;1;3;-5,07281407;-37,33179461;"SPRF-RN";"DEL04-RN";"UOP02-DEL04-RN"
405455;2022-01-02;"domingo";"16:00:00";"PR";277;166;"PALMEIRA";"Reação tardia ou ineficiente do condutor";"Saída de leito carroçável";"Com Vítimas Feridas";"Pleno dia";"Crescente";"Sol";"Simples";"Reta";"Não";3;0;2;1;0;0;3;1;-25,47289;-49,895964;"SPRF-PR";"DEL01-PR";"UOP03-DEL03-PR"
405456;2022-01-02;"domingo";"14:50:00";"SC";282;203,8;"LAGES";"Reação tardia ou ineficiente do condutor";"Colisão lateral mesmo sentido";"Com Vítimas Feridas";"Pleno dia";"Crescente";"Céu Claro";"Simples";"Declive";"Não";14;0;2;1;11;0;3;5;-27,766741;-50,162296;"SPRF-SC";"DEL05-SC";"UOP01-DEL05-SC"
405457;2022-01-02;"domingo";"16:20:00";"SP";116;425,8;"JUQUIA";"Ausência de reação do condutor";"Saída de leito carroçável";"Com Vítimas Feridas";"Pleno dia";"Decrescente";"Chuva";"Dupla";"Reta";"Não";3;0;2;0;1;0;2;1;-24,37992402;-47,71315899;"SPRF-SP";"DEL05-SP";"UOP01-DEL05-SP"
405459;2022-01-02;"domingo";"15:55:00";"PR";116;46,7;"CAMPINA GRANDE DO SUL";"Chuva";"Colisão com objeto";"Com Vítimas Feridas";"Pleno dia";"Crescente";"Chuva";"Dupla";"Reta";"Não";3;0;2;0;1;0;2;1;-25,20185401;-48,8962139;"SPRF-PR";"DEL01-PR";"UOP02-DEL01-PR"
405461;2022-01-02;"domingo";"16:30:00";"ES";259;60;"COLATINA";"Acessar a via sem observar a presença dos outros veículos";"Colisão transversal";"Com Vítimas Feridas";"Pleno dia";"Crescente";"Céu Claro";"Simples";"Reta";"Não";2;0;1;0;1;0;1;2;-19,52530482;-40,67461308;"SPRF-ES";"DEL02-ES";"UOP01-DEL02-ES"
405462;2022-01-02;"domingo";"16:10:00";"BA";330;791,2;"JEQUIE";"Demais falhas na via";"Capotamento";"Com Vítimas Feridas";"Pleno dia";"Decrescente";"Céu Claro";"Simples";"Reta";"Não";5;0;3;0;2;0;3;1;-13,90606498;-40,01759994;"SPRF-BA";"DEL03-BA";"UOP01-DEL03-BA"
405463;2022-01-02;"domingo";"16:30:00";"PI";343;309,1;"ALTOS";"Transitar no acostamento";"Colisão lateral mesmo sentido";"Com Vítimas Feridas";"Pleno dia";"Crescente";"Chuva";"Simples";"Reta";"Sim";3;0;1;1;1;0;2;2;-5,04012;-42,476742;"SPRF-PI";"DEL01-PI";"UOP01-DEL01-PI"
405464;2022-01-02;"domingo";"16:00:00";"ES";101;159,7;"LINHARES";"Ausência de reação do condutor";"Colisão traseira";"Com Vítimas Feridas";"Pleno dia";"Crescente";"Céu Claro";"Simples";"Reta";"Sim";4;0;1;0;3;0;1;2;-19,4684012;-40,1102557;"SPRF-ES";"DEL04-ES";"UOP01-DEL04-ES"
405465;2022-01-02;"domingo";"15:50:00";"SC";101;131,5;"BALNEARIO CAMBORIU";"Condutor deixou de manter distância do veículo da frente";"Engavetamento";"Com Vítimas Feridas";"Pleno dia";"Decrescente";"Céu Claro";"Dupla";"Reta";"Sim";4;0;1;0;3;0;1;3;-26,99064209;-48,66310912;"SPRF-SC";"DEL04-SC";"UOP03-DEL04-SC"
405468;2022-01-02;"domingo";"15:40:00";"PE";101;135;"RIBEIRAO";"Acessar a via sem observar a presença dos outros veículos";"Colisão transversal";"Com Vítimas Feridas";"Pleno dia";"Decrescente";"Sol";"Dupla";"Retorno Regulamentado";"Não";4;0;2;0;1;1;2;2;-8,41147616;-35,29599797;"SPRF-PE";"DEL01-PE";"UOP01-DEL01-PE"
405471;2022-01-02;"domingo";"11:00:00";"PI";135;508;"MONTE ALEGRE DO PIAUI";"Pista esburacada";"Saída de leito carroçável";"Com Vítimas Feridas";"Pleno dia";"Crescente";"Garoa/Chuvisco";"Simples";"Reta";"Não";5;0;1;0;4;0;1;1;-9,77440373;-45,32177812;"SPRF-PI";"DEL03-PI";"UOP02-DEL03-PI"
405475;2022-01-02;"domingo";"17:40:00";"ES";101;125;"SOORETAMA";"Condutor deixou de manter distância do veículo da frente";"Tombamento";"Com Vítimas Feridas";"Pleno dia";"Crescente";"Céu Claro";"Simples";"Reta";"Sim";1;0;1;0;0;0;1;1;-19,18496498;-40,09429827;"SPRF-ES";"DEL04-ES";"UOP01-DEL04-ES"
405476;2022-01-02;"domingo";"11:45:00";"SC";470;185,2;"POUSO REDONDO";"Condutor deixou de manter distância do veículo da frente";"Colisão traseira";"Com Vítimas Feridas";"Pleno dia";"Decrescente";"Céu Claro";"Simples";"Declive";"Não";3;0;1;1;0;1;2;2;-27,254034;-50,036575;"SPRF-SC";"DEL04-SC";"UOP02-DEL04-SC"
405477;2022-01-02;"domingo";"15:45:00";"SC";470;111,2;"IBIRAMA";"Ultrapassagem Indevida";"Capotamento";"Com Vítimas Feridas";"Pleno dia";"Crescente";"Céu Claro";"Simples";"Curva";"Não";2;0;2;0;0;0;2;1;-27,095388;-49,457878;"SPRF-SC";"DEL04-SC";"UOP02-DEL04-SC"
405478;2022-01-02;"domingo";"17:30:00";"RS";101;70,3;"OSORIO";"Condutor deixou de manter distância do veículo da frente";"Engavetamento";"Com Vítimas Feridas";"Pleno dia";"Crescente";"Nublado";"Dupla";"Reta";"Não";12;0;2;0;10;0;2;3;-29,750503;-50,212541;"SPRF-RS";"DEL03-RS";"UOP01-DEL03-RS"
405479;2022-01-02;"domingo";"16:50:00";"SP";116;377;"MIRACATU";"Velocidade Incompatível";"Colisão com objeto";"Com Vítimas Feridas";"Pleno dia";"Crescente";"Garoa/Chuvisco";"Simples";"Reta";"Não";2;0;1;0;0;1;1;2;-24,19592033;-47,36368081;"SPRF-SP";"DEL04-SP";"UOP02-DEL04-SP"
405481;2022-01-02;"domingo";"15:40:00";"CE";222;226,1;"SOBRAL";"Afundamento ou ondulação no pavimento";"Queda de ocupante de veículo";"Com Vítimas Feridas";"Pleno dia";"Crescente";"Nublado";"Simples";"Reta";"Sim";2;0;2;0;0;0;2;1;-3,70648417;-40,36099807;"SPRF-CE";"DEL04-CE";"UOP01-DEL04-CE"
405482;2022-01-02;"domingo";"17:30:00";"RS";290;76;"GRAVATAI";"Condutor deixou de manter distância do veículo da frente";"Colisão traseira";"Com Vítimas Feridas";"Pleno dia";"Crescente";"Céu Claro";"Dupla";"Reta";"Sim";3;0;1;0;2;0;1;2;-29,956612;-51,017124;"SPRF-RS";"DEL01-RS";"UOP01-DEL01-RS"
405483;2022-01-02;"domingo";"17:45:00";"RJ";40;72;"PETROPOLIS";"Acesso irregular";"Colisão transversal";"Com Vítimas Feridas";"Anoitecer";"Crescente";"Chuva";"Dupla";"Reta";"Não";4;0;2;0;2;0;2;2;-22,4585308;-43,21600514;"SPRF-RJ";"DEL06-RJ";"UOP01-DEL06-RJ"
405484;2022-01-02;"domingo";"18:10:00";"CE";222;21,9;"CAUCAIA";"Acessar a via sem observar a presença dos outros veículos";"Colisão transversal";"Com Vítimas Feridas";"Anoitecer";"Crescente";"Nublado";"Simples";"Reta";"Sim";5;0;0;1;4;0;1;2;-3,733072;-38,752973;"SPRF-CE";"DEL01-CE";"UOP01-DEL01-CE"
405485;2022-01-02;"domingo";"17:10:00";"PR";376;681,5;"GUARATUBA";"Condutor deixou de manter distância do veículo da frente";"Engavetamento";"Sem Vítimas";"Pleno dia";"Decrescente";"Nublado";"Dupla";"Curva";"Não";6;0;0;0;6;0;0;6;-25,9734587;-48,89014721;"SPRF-PR";"DEL01-PR";"UOP04-DEL01-PR"
405486;2022-01-02;"domingo";"17:40:00";"PR";369;71,6;"SANTA MARIANA";"Velocidade Incompatível";"Colisão traseira";"Com Vítimas Feridas";"Pleno dia";"Crescente";"Céu Claro";"Simples";"Reta";"Não";4;0;0;1;3;0;1;2;-23,15436539;-50,50289579;"SPRF-PR";"DEL07-PR";"UOP01-DEL07-PR"
405487;2022-01-02;"domingo";"18:20:00";"GO";364;117;"APARECIDA DO RIO DOCE";"Retorno proibido";"Colisão lateral mesmo sentido";"Com Vítimas Feridas";"Anoitecer";"Crescente";"Céu Claro";"Simples";"Reta";"Não";8;0;6;2;0;0;8;2;-18,288062;-51,17649;"SPRF-GO";"DEL05-GO";"UOP01-DEL05-GO"
405488;2022-01-02;"domingo";"14:45:00";"SP";116;103,8;"TAUBATE";"Ausência de reação do condutor";"Colisão traseira";"Com Vítimas Feridas";"Pleno dia";"Crescente";"Nublado";"Múltipla";"Reta";"Não";2;0;1;0;0;1;1;2;-22,99919465;-45,49788917;"SPRF-SP";"DEL08-SP";"UOP01-DEL08-SP"
405489;2022-01-02;"domingo";"17:00:00";"MG";262;363;"JUATUBA";"Condutor deixou de manter distância do veículo da frente";"Engavetamento";"Com Vítimas Feridas";"Pleno dia";"Decrescente";"Chuva";"Dupla";"Reta";"Não";6;0;1;0;4;1;1;5;-19,97205809;-44,28211212;"SPRF-MG";"DEL01-MG";"UOP03-DEL01-MG"
405490;2022-01-02;"domingo";"18:15:00";"RN";101;104;"PARNAMIRIM";"Reação tardia ou ineficiente do condutor";"Tombamento";"Com Vítimas Feridas";"Anoitecer";"Crescente";"Céu Claro";"Múltipla";"Curva";"Sim";1;0;1;0;0;0;1;1;-5,892745;-35,257225;"SPRF-RN";"DEL01-RN";"UOP01-DEL01-RN"
405491;2022-01-02;"domingo";"17:00:00";"MG";381;849,8;"POUSO ALEGRE";"Chuva";"Colisão com objeto";"Com Vítimas Feridas";"Pleno dia";"Crescente";"Chuva";"Dupla";"Reta";"Não";2;0;1;1;0;0;2;1;-22,26991499;-45,89241402;"SPRF-MG";"DEL16-MG";"UOP01-DEL16-MG"
405492;2022-01-02;"domingo";"16:55:00";"MT";163;955;"NOVA SANTA HELENA";"Acessar a via sem observar a presença dos outros veículos";"Colisão transversal";"Com Vítimas Feridas";"Pleno dia";"Crescente";"Céu Claro";"Simples";"Declive";"Sim";2;0;1;0;1;0;1;2;-10,846474;-55,186586;"SPRF-MT";"DEL06-MT";"NPF/DEL06-MT"
405493;2022-01-02;"domingo";"18:20:00";"RN";101;107;"PARNAMIRIM";"Ausência de reação do condutor";"Atropelamento de Pedestre";"Com Vítimas Feridas";"Plena Noite";"Crescente";"Céu Claro";"Dupla";"Reta";"Sim";3;0;2;0;1;0;2;2;-5,91920796;-35,26412409;"SPRF-RN";"DEL01-RN";"UOP01-DEL01-RN"
405495;2022-01-02;"domingo";"18:00:00";"PR";476;153;"ARAUCARIA";"Ingestão de álcool pelo condutor";"Saída de leito carroçável";"Sem Vítimas";"Pleno dia";"Decrescente";"Céu Claro";"Dupla";"Reta";"Sim";1;0;0;0;1;0;0;1;-25,577307;-49,392338;"SPRF-PR";"DEL01-PR";"UOP03-DEL01-PR"
405497;2022-01-02;"domingo";"18:00:00";"MG";40;426,9;"PARAOPEBA";"Demais falhas mecânicas ou elétricas";"Incêndio";"Sem Vítimas";"Anoitecer";"Crescente";"Nublado";"Dupla";"Reta";"Não";1;0;0;0;1;0;0;1;-19,16811528;-44,51542722;"SPRF-MG";"DEL02-MG";"UOP01-DEL02-MG"
405499;2022-01-02;"domingo";"19:00:00";"SP";116;230,5;"SAO PAULO";"Condutor deixou de manter distância do veículo da frente";"Colisão lateral mesmo sentido";"Com Vítimas Feridas";"Plena Noite";"Decrescente";"Céu Claro";"Dupla";"Reta";"Não";2;0;1;0;1;0;1;2;-23,52251783;-46,5855702;"SPRF-SP";"DEL01-SP";"UOP01-DEL01-SP"
405500;2022-01-02;"domingo";"16:30:00";"MG";262;608,1;"CAMPOS ALTOS";"Acumulo de água sobre o pavimento";"Saída de leito carroçável";"Com Vítimas Feridas";"Pleno dia";"Decrescente";"Chuva";"Simples";"Curva";"Não";6;0;5;0;1;0;5;1;-19,61802014;-46,27554711;"SPRF-MG";"DEL08-MG";"UOP02-DEL08-MG"
405501;2022-01-02;"domingo";"18:15:00";"SE";101;96,1;"SAO CRISTOVAO";"Acessar a via sem observar a presença dos outros veículos";"Colisão traseira";"Com Vítimas Feridas";"Plena Noite";"Decrescente";"Céu Claro";"Dupla";"Retorno Regulamentado";"Não";3;0;1;1;1;0;2;2;-10,91774224;-37,16729183;"SPRF-SE";"DEL02-SE";"UOP01-DEL02-SE"
405502;2022-01-02;"domingo";"17:30:00";"CE";20;404;"CAUCAIA";"Acessar a via sem observar a presença dos outros veículos";"Colisão transversal";"Sem Vítimas";"Pleno dia";"Crescente";"Chuva";"Simples";"Reta";"Não";2;0;0;0;1;1;0;2;-3,77821762;-38,68607924;"SPRF-CE";"DEL01-CE";"UOP01-DEL01-CE"
405503;2022-01-02;"domingo";"19:20:00";"SP";153;58,1;"SAO JOSE DO RIO PRETO";"Animais na Pista";"Atropelamento de Animal";"Com Vítimas Feridas";"Plena Noite";"Decrescente";"Céu Claro";"Dupla";"Reta";"Sim";1;0;1;0;0;0;1;1;-20,77838195;-49,35300538;"SPRF-SP";"DEL09-SP";"UOP01-DEL09-SP"
405505;2022-01-02;"domingo";"19:30:00";"SP";116;226;"GUARULHOS";"Pedestre andava na pista";"Atropelamento de Pedestre";"Com Vítimas Fatais";"Plena Noite";"Crescente";"Nublado";"Múltipla";"Aclive;Reta";"Sim";2;1;0;0;0;1;0;2;-23,49102507;-46,54878195;"SPRF-SP";"DEL01-SP";"UOP01-DEL01-SP"
405506;2022-01-02;"domingo";"19:50:00";"AL";104;84,5;"RIO LARGO";"Ausência de reação do condutor";"Colisão com objeto";"Com Vítimas Feridas";"Plena Noite";"Crescente";"Céu Claro";"Dupla";"Reta";"Não";6;0;4;1;1;0;5;1;-9,45007991;-35,83193975;"SPRF-AL";"DEL01-AL";"UOP01-DEL01-AL"
405509;2022-01-02;"domingo";"19:20:00";"RS";290;57,7;"GRAVATAI";"Manobra de mudança de faixa";"Colisão lateral mesmo sentido";"Com Vítimas Feridas";"Plena Noite";"Crescente";"Garoa/Chuvisco";"Dupla";"Reta";"Não";4;0;3;0;1;0;3;3;-29,918623;-50,828213;"SPRF-RS";"DEL03-RS";"UOP01-DEL03-RS"
405511;2022-01-02;"domingo";"17:20:00";"MG";262;414;"IGARATINGA";"Transitar no acostamento";"Queda de ocupante de veículo";"Com Vítimas Feridas";"Pleno dia";"Crescente";"Nublado";"Dupla";"Reta";"Não";2;0;1;0;0;1;1;2;-19,90339593;-44,66308607;"SPRF-MG";"DEL08-MG";"UOP03-DEL08-MG"
405514;2022-01-02;"domingo";"07:00:00";"PI";316;2;"TERESINA";"Acesso irregular";"Colisão lateral mesmo sentido";"Com Vítimas Feridas";"Plena Noite";"Decrescente";"Nublado";"Múltipla";"Reta";"Sim";2;0;1;0;0;1;1;2;-5,12477477;-42,79848465;"SPRF-PI";"DEL01-PI";"UOP02-DEL01-PI"
405515;2022-01-02;"domingo";"20:10:00";"SC";470;9,8;"NAVEGANTES";"Acessar a via sem observar a presença dos outros veículos";"Colisão traseira";"Sem Vítimas";"Plena Noite";"Decrescente";"Céu Claro";"Simples";"Interseção de Vias";"Não";2;0;0;0;1;1;0;2;-26,833143;-48,727432;"SPRF-SC";"DEL04-SC";"UOP04-DEL04-SC"
405517;2022-01-02;"domingo";"20:30:00";"PR";277;12,3;"PARANAGUA";"Acessar a via sem observar a presença dos outros veículos";"Colisão transversal";"Com Vítimas Feridas";"Plena Noite";"Crescente";"Céu Claro";"Múltipla";"Reta;Retorno Regulamentado";"Sim";4;0;1;2;1;0;3;2;-25,568198;-48,615292;"SPRF-PR";"DEL01-PR";"UOP05-DEL01-PR"
405519;2022-01-02;"domingo";"19:00:00";"PB";104;118;"LAGOA SECA";"Ingestão de álcool pelo condutor";"Colisão lateral sentido oposto";"Sem Vítimas";"Plena Noite";"Decrescente";"Céu Claro";"Simples";"Reta";"Sim";2;0;0;0;2;0;0;2;-7,19637839;-35,87571339;"SPRF-PB";"DEL02-PB";"UOP04-DEL02-PB"
405520;2022-01-02;"domingo";"20:25:00";"SC";101;69;"ARAQUARI";"Reação tardia ou ineficiente do condutor";"Queda de ocupante de veículo";"Com Vítimas Feridas";"Plena Noite";"Decrescente";"Céu Claro";"Múltipla";"Reta";"Não";2;0;1;1;0;0;2;1;-26,50298009;-48,72814515;"SPRF-SC";"DEL03-SC";"UOP02-DEL03-SC"
405521;2022-01-02;"domingo";"20:53:00";"MG";40;506;"RIBEIRAO DAS NEVES";"Chuva";"Atropelamento de Pedestre";"Com Vítimas Feridas";"Plena Noite";"Decrescente";"Chuva";"Dupla";"Reta";"Sim";2;0;1;1;0;0;2;2;-19,74716686;-44,14731173;"SPRF-MG";"DEL02-MG";"UOP01-DEL02-MG"
405522;2022-01-02;"domingo";"16:58:00";"MG";262;859;"VERISSIMO";"Avarias e/ou desgaste excessivo no pneu";"Tombamento";"Com Vítimas Feridas";"Pleno dia";"Decrescente";"Nublado";"Dupla";"Reta";"Não";2;0;2;0;0;0;2;1;-19,78129348;-48,39306474;"SPRF-MG";"DEL13-MG";"UOP01-DEL13-MG"
405523;2022-01-02;"domingo";"18:15:00";"MG";50;119;"UBERABA";"Acumulo de água sobre o pavimento";"Saída de leito carroçável";"Com Vítimas Feridas";"Anoitecer";"Crescente";"Chuva";"Dupla";"Retorno Regulamentado;Curva";"Não";5;0;3;2;0;0;5;1;-19,29969201;-48,11376802;"SPRF-MG";"DEL13-MG";"UOP01-DEL13-MG"
405525;2022-01-02;"domingo";"18:24:00";"PE";232;524;"SALGUEIRO";"Animais na Pista";"Atropelamento de Animal";"Com Vítimas Feridas";"Plena Noite";"Crescente";"Nublado";"Simples";"Reta";"Não";1;0;1;0;0;0;1;1;-8,07189196;-39,28637601;"SPRF-PE";"DEL05-PE";"UOP01-DEL05-PE"
405526;2022-01-02;"domingo";"19:40:00";"RO";364;688;"CANDEIAS DO JAMARI";"Transitar na contramão";"Colisão frontal";"Sem Vítimas";"Plena Noite";"Crescente";"Nublado";"Simples";"Reta";"Não";4;0;0;0;4;0;0;2;-8,79333792;-63,65996601;"SPRF-RO";"DEL01-RO";"UOP01-DEL01-RO"
405528;2022-01-02;"domingo";"18:30:00";"PE";104;94,8;"AGRESTINA";"Ingestão de álcool pelo condutor";"Colisão transversal";"Com Vítimas Feridas";"Plena Noite";"Decrescente";"Céu Claro";"Simples";"Reta";"Não";2;0;0;1;1;0;1;2;-8,513535;-35,942421;"SPRF-PE";"DEL02-PE";"UOP01-DEL02-PE"
405529;2022-01-02;"domingo";"19:00:00";"GO";50;151,9;"CAMPO ALEGRE DE GOIAS";"Chuva";"Saída de leito carroçável";"Com Vítimas Feridas";"Anoitecer";"Crescente";"Chuva";"Dupla";"Reta";"Não";3;0;2;0;1;0;2;1;-17,1825;-47,7291;"SPRF-GO";"DEL06-GO";"UOP01-DEL06-GO"
405530;2022-01-02;"domingo";"19:08:00";"SC";101;344,2;"TUBARAO";"Pedestre cruzava a pista fora da faixa";"Atropelamento de Pedestre";"Com Vítimas Feridas";"Anoitecer";"Crescente";"Nublado";"Múltipla";"Reta";"Sim";2;0;0;1;1;0;1;2;-28,53647889;-49,0531826;"SPRF-SC";"DEL02-SC";"UOP01-DEL02-SC"
405531;2022-01-02;"domingo";"21:50:00";"ES";101;135,7;"LINHARES";"Deficiência do Sistema de Iluminação/Sinalização";"Colisão traseira";"Com Vítimas Feridas";"Plena Noite";"Crescente";"Céu Claro";"Simples";"Reta";"Não";4;0;3;0;1;0;3;2;-19,27504305;-40,08788043;"SPRF-ES";"DEL04-ES";"UOP01-DEL04-ES"
405533;2022-01-02;"domingo";"21:00:00";"RS";468;67,9;"SAO MARTINHO";"Ingestão de álcool pelo condutor";"Saída de leito carroçável";"Com Vítimas Feridas";"Plena Noite";"Decrescente";"Céu Claro";"Simples";"Reta";"Não";1;0;1;0;0;0;1;1;-27,736906;-53,838505;"SPRF-RS";"DEL08-RS";"UOP02-DEL08-RS"
405534;2022-01-02;"domingo";"19:55:00";"MG";381;753,4;"TRES CORACOES";"Velocidade Incompatível";"Capotamento";"Com Vítimas Feridas";"Plena Noite";"Crescente";"Chuva";"Dupla";"Curva";"Não";2;0;2;0;0;0;2;1;-21,663258;-45,308345;"SPRF-MG";"DEL16-MG";"UOP02-DEL16-MG"
405535;2022-01-02;"domingo";"20:40:00";"PB";230;97;"GURINHEM";"Demais falhas mecânicas ou elétricas";"Capotamento";"Com Vítimas Feridas";"Plena Noite";"Crescente";"Chuva";"Dupla";"Reta";"Não";4;0;3;0;1;0;3;1;-7,1867;-35,4537;"SPRF-PB";"DEL01-PB";"UOP03-DEL01-PB"
405536;2022-01-02;"domingo";"21:20:00";"RS";290;50,5;"GLORINHA";"Manobra de mudança de faixa";"Colisão lateral mesmo sentido";"Com Vítimas Feridas";"Plena Noite";"Crescente";"Nublado";"Dupla";"Reta";"Não";3;0;1;0;2;0;1;2;-29,90854;-50,762316;"SPRF-RS";"DEL03-RS";"UOP01-DEL03-RS"
405537;2022-01-02;"domingo";"21:00:00";"SC";282;81;"ALFREDO WAGNER";"Acumulo de água sobre o pavimento";"Saída de leito carroçável";"Com Vítimas Feridas";"Plena Noite";"Crescente";"Garoa/Chuvisco";"Simples";"Curva";"Não";2;0;2;0;0;0;2;1;-27,662018;-49,168583;"SPRF-SC";"DEL01-SC";"UOP03-DEL01-SC"
405539;2022-01-02;"domingo";"21:15:00";"MG";381;674,6;"PERDOES";"Velocidade Incompatível";"Capotamento";"Com Vítimas Feridas";"Plena Noite";"Crescente";"Chuva";"Dupla";"Curva";"Não";2;0;1;0;1;0;1;1;-21,107021;-45,09114;"SPRF-MG";"DEL04-MG";"UOP02-DEL04-MG"
405540;2022-01-02;"domingo";"16:40:00";"MG";381;579;"CARMOPOLIS DE MINAS";"Velocidade Incompatível";"Colisão com objeto";"Com Vítimas Feridas";"Pleno dia";"Decrescente";"Chuva";"Dupla";"Curva";"Não";2;0;2;0;0;0;2;1;-20,49967704;-44,60847254;"SPRF-MG";"DEL04-MG";"UOP01-DEL04-MG"
405541;2022-01-02;"domingo";"20:10:00";"RO";364;707;"PORTO VELHO";"Animais na Pista";"Atropelamento de Animal";"Com Vítimas Feridas";"Plena Noite";"Crescente";"Céu Claro";"Múltipla";"Reta";"Sim";2;0;1;1;0;0;2;1;-8,799744;-63,833585;"SPRF-RO";"DEL01-RO";"UOP01-DEL01-RO"
405544;2022-01-02;"domingo";"21:40:00";"ES";101;297,5;"VIANA";"Reação tardia ou ineficiente do condutor";"Colisão transversal";"Com Vítimas Feridas";"Plena Noite";"Crescente";"Nublado";"Múltipla";"Reta";"Sim";2;0;0;1;1;0;1;2;-20,34529844;-40,41026774;"SPRF-ES";"DEL01-ES";"UOP01-DEL01-ES"
405545;2022-01-02;"domingo";"20:00:00";"PR";376;159;"MANDAGUACU";"Frear bruscamente";"Tombamento";"Com Vítimas Feridas";"Plena Noite";"Crescente";"Céu Claro";"Dupla";"Retorno Regulamentado";"Não";2;0;2;0;0;0;2;1;-23,36498136;-52,07632098;"SPRF-PR";"DEL09-PR";"UOP01-DEL09-PR"
405546;2022-01-02;"domingo";"22:30:00";"MT";70;7;"BARRA DO GARCAS";"Transitar na contramão";"Colisão frontal";"Com Vítimas Feridas";"Plena Noite";"Decrescente";"Nublado";"Simples";"Rotatória";"Sim";2;0;1;0;1;0;1;2;-15,878143;-52,316788;"SPRF-MT";"DEL07-MT";"UOP01-DEL07-MT"
405549;2022-01-02;"domingo";"10:40:00";"BA";235;309;"JUAZEIRO";"Ausência de reação do condutor";"Saída de leito carroçável";"Com Vítimas Fatais";"Pleno dia";"Crescente";"Céu Claro";"Simples";"Curva";"Não";2;1;0;0;0;1;0;2;-9,51596419;-40,1243149;"SPRF-BA";"DEL07-BA";"UOP01-DEL07-BA"
405550;2022-01-02;"domingo";"21:20:00";"RS";116;151,3;"CAXIAS DO SUL";"Velocidade Incompatível";"Tombamento";"Com Vítimas Feridas";"Plena Noite";"Crescente";"Garoa/Chuvisco";"Dupla";"Declive";"Sim";2;0;2;0;0;0;2;1;-29,17694502;-51,16173896;"SPRF-RS";"DEL05-RS";"UOP01-DEL05-RS"
405551;2022-01-02;"domingo";"17:00:00";"SC";280;295,2;"PORTO UNIAO";"Transitar na contramão";"Saída de leito carroçável";"Sem Vítimas";"Pleno dia";"Crescente";"Céu Claro";"Simples";"Reta";"Não";1;0;0;0;1;0;0;1;-26,28876953;-50,97367287;"SPRF-SC";"DEL06-SC";"UOP04-DEL06-SC"
405552;2022-01-02;"domingo";"22:15:00";"SC";470;56;"BLUMENAU";"Desrespeitar a preferência no cruzamento";"Colisão transversal";"Com Vítimas Feridas";"Plena Noite";"Decrescente";"Nublado";"Simples";"Interseção de Vias";"Não";2;0;0;1;1;0;1;2;-26,87674;-49,127743;"SPRF-SC";"DEL04-SC";"UOP01-DEL04-SC"
405553;2022-01-02;"domingo";"22:50:00";"SC";101;192;"BIGUACU";"Reação tardia ou ineficiente do condutor";"Eventos atípicos";"Com Vítimas Feridas";"Plena Noite";"Decrescente";"Céu Claro";"Dupla";"Curva";"Sim";2;0;0;1;0;1;1;2;-27,48443781;-48,64765238;"SPRF-SC";"DEL01-SC";"UOP01-DEL01-SC"
405555;2022-01-02;"domingo";"21:45:00";"PR";376;495;"PONTA GROSSA";"Ingestão de álcool pelo condutor";"Capotamento";"Com Vítimas Feridas";"Plena Noite";"Crescente";"Céu Claro";"Dupla";"Reta";"Não";4;0;2;2;0;0;4;1;-25,17134586;-50,1084609;"SPRF-PR";"DEL03-PR";"UOP01-DEL03-PR"
405556;2022-01-02;"domingo";"21:10:00";"SC";101;313,5;"LAGUNA";"Demais falhas mecânicas ou elétricas";"Tombamento";"Com Vítimas Feridas";"Plena Noite";"Decrescente";"Céu Claro";"Dupla";"Reta";"Não";2;0;2;0;0;0;2;1;-28,4404376;-48,81403409;"SPRF-SC";"DEL02-SC";"UOP01-DEL02-SC"
405557;2022-01-02;"domingo";"22:30:00";"RJ";465;21;"RIO DE JANEIRO";"Transitar na contramão";"Atropelamento de Animal";"Com Vítimas Feridas";"Plena Noite";"Decrescente";"Nublado";"Simples";"Reta";"Sim";3;0;1;0;2;0;1;3;-22,854782;-43,601933;"SPRF-RJ";"DEL03-RJ";"UOP01-DEL03-RJ"
405559;2022-01-02;"domingo";"20:30:00";"RO";364;540;"ARIQUEMES";"Pista esburacada";"Tombamento";"Com Vítimas Feridas";"Plena Noite";"Decrescente";"Nublado";"Simples";"Curva";"Não";1;0;0;1;0;0;1;1;-9,725236;-63,119003;"SPRF-RO";"DEL03-RO";"UOP01-DEL03-RO"
405561;2022-01-02;"domingo";"22:15:00";"RS";158;226;"CRUZ ALTA";"Reação tardia ou ineficiente do condutor";"Saída de leito carroçável";"Com Vítimas Feridas";"Plena Noite";"Decrescente";"Chuva";"Simples";"Reta";"Não";1;0;1;0;0;0;1;1;-28,91325361;-53,63750428;"SPRF-RS";"DEL10-RS";"UOP02-DEL10-RS"
405562;2022-01-02;"domingo";"22:50:00";"RJ";101;115;"CAMPOS DOS GOYTACAZES";"Reação tardia ou ineficiente do condutor";"Saída de leito carroçável";"Com Vítimas Feridas";"Plena Noite";"Decrescente";"Céu Claro";"Dupla";"Curva";"Sim";3;0;3;0;0;0;3;1;-21,99406996;-41,66375867;"SPRF-RJ";"DEL08-RJ";"UOP02-DEL08-RJ"