"id";"data_inversa";"dia_semana";"horario";"uf";"br";"km";"municipio";"causa_acidente";"tipo_acidente";"classificacao_acidente";"fase_dia";"sentido_via";"condicao_metereologica";"tipo_pista";"tracado_via";"uso_solo";"pessoas";"mortos";"feridos_leves";"feridos_graves";"ilesos";"ignorados";"feridos";"veiculos";"latitude";"longitude";"regional";"delegacia";"uop"
405563;2022-01-02;"domingo";"19:10:00";"MS";163;814;"SONORA";"Ingestão de álcool pelo condutor";"Colisão transversal";"Sem Vítimas";"Anoitecer";"Decrescente";"Céu Claro";"Simples";"Reta";"Não";12;0;0;0;12;0;0;2;-17,80362123;-54,73763448;"SPRF-MS";"DEL06-MS";"UOP01-DEL06-MS"
405564;2022-01-01;"sábado";"23:45:00";"TO";226;39;"DARCINOPOLIS";"Demais falhas mecânicas ou elétricas";"Incêndio";"Sem Vítimas";"Plena Noite";"Crescente";"Garoa/Chuvisco";"Simples";"Reta";"Sim";1;0;0;0;1;0;0;1;-6,705505;-47,753178;"SPRF-TO";"DEL02-TO";"UOP03-DEL02-TO"
405565;2022-01-03;"segunda-feira";"00:35:00";"RS";290;25,7;"SANTO ANTONIO DA PATRULHA";"Demais falhas mecânicas ou elétricas";"Incêndio";"Sem Vítimas";"Plena Noite";"Crescente";"Nublado";"Dupla";"Curva";"Não";1;0;0;0;1;0;0;1;-29,880203;-50,503971;"SPRF-RS";"DEL03-RS";"UOP01-DEL03-RS"
405566;2022-01-03;"segunda-feira";"00:25:00";"PB";110;181,7;"MONTEIRO";"Animais na Pista";"Atropelamento de Animal";"Com Vítimas Fatais";"Plena Noite";"Crescente";"Nublado";"Simples";"Reta";"Sim";2;1;0;1;0;0;1;1;-7,9029663;-37,12225307;"SPRF-PB";"DEL02-PB";"UOP02-DEL02-PB"
405567;2022-01-03;"segunda-feira";"01:00:00";"RS";290;18;"SANTO ANTONIO DA PATRULHA";"Demais falhas mecânicas ou elétricas";"Tombamento";"Com Vítimas Feridas";"Plena Noite";"Crescente";"Nublado";"Múltipla";"Reta";"Não";2;0;1;0;1;0;1;1;-29,881149;-50,435249;"SPRF-RS";"DEL03-RS";"UOP01-DEL03-RS"
405568;2022-01-02;"domingo";"23:30:00";"PR";476;195,3;"LAPA";"Reação tardia ou ineficiente do condutor";"Atropelamento de Pedestre";"Com Vítimas Fatais";"Plena Noite";"Decrescente";"Céu Claro";"Simples";"Reta";"Não";2;1;0;0;1;0;0;2;-25,746958;-49,718353;"SPRF-PR";"DEL02-PR";"UOP04-DEL02-PR"
405570;2022-01-03;"segunda-feira";"01:00:00";"GO";40;10;"LUZIANIA";"Ingestão de álcool pelo condutor";"Saída de leito carroçável";"Sem Vítimas";"Plena Noite";"Decrescente";"Céu Claro";"Dupla";"Reta";"Sim";1;0;0;0;1;0;0;1;-16,13079489;-47,95782393;"SPRF-DF";"DEL01-DF";"UOP01-DEL01-DF"
405571;2022-01-02;"domingo";"23:30:00";"PB";361;4,2;"PATOS";"Animais na Pista";"Atropelamento de Animal";"Com Vítimas Feridas";"Plena Noite";"Crescente";"Chuva";"Simples";"Reta";"Sim";1;0;0;1;0;0;1;1;-7,03208047;-37,29365088;"SPRF-PB";"DEL03-PB";"UOP01-DEL03-PB"
405574;2022-01-03;"segunda-feira";"02:30:00";"PR";376;625;"SAO JOSE DOS PINHAIS";"Condutor deixou de manter distância do veículo da frente";"Engavetamento";"Com Vítimas Feridas";"Plena Noite";"Decrescente";"Nublado";"Dupla";"Reta";"Não";4;0;1;0;1;2;1;3;-25,65218089;-49,15731458;"SPRF-PR";"DEL01-PR";"UOP04-DEL01-PR"
405575;2022-01-03;"segunda-feira";"00:00:00";"RJ";493;96;"SEROPEDICA";"Velocidade Incompatível";"Saída de leito carroçável";"Com Vítimas Fatais";"Plena Noite";"Crescente";"Nublado";"Simples";"Reta";"Sim";1;1;0;0;0;0;0;1;-22,712428;-43,7027096;"SPRF-RJ";"DEL03-RJ";"UOP01-DEL03-RJ"
405576;2022-01-03;"segunda-feira";"02:40:00";"MG";381;932,6;"EXTREMA";"Velocidade Incompatível";"Saída de leito carroçável";"Com Vítimas Feridas";"Plena Noite";"Decrescente";"Chuva";"Dupla";"Curva";"Não";4;0;4;0;0;0;4;1;-22,81198015;-46,28431295;"SPRF-MG";"DEL16-MG";"UOP03-DEL16-MG"
405578;2022-01-03;"segunda-feira";"03:30:00";"ES";262;159;"IBATIBA";"Pista em desnível";"Queda de ocupante de veículo";"Com Vítimas Feridas";"Plena Noite";"Crescente";"Céu Claro";"Simples";"Declive;Interseção de Vias";"Sim";1;0;1;0;0;0;1;1;-20,23362208;-41,5053348;"SPRF-ES";"DEL01-ES";"UOP02-DEL01-ES"
405581;2022-01-02;"domingo";"22:30:00";"RS";287;448,8;"UNISTALDA";"Condutor Dormindo";"Saída de leito carroçável";"Com Vítimas Fatais";"Plena Noite";"Crescente";"Nublado";"Simples";"Curva";"Não";5;1;4;0;0;0;4;1;-29,00369855;-55,26653412;"SPRF-RS";"DEL12-RS";"UOP02-DEL12-RS"
405582;2022-01-03;"segunda-feira";"04:15:00";"MG";40;617,5;"CONGONHAS";"Condutor deixou de manter distância do veículo da frente";"Colisão traseira";"Com Vítimas Feridas";"Plena Noite";"Decrescente";"Chuva";"Simples";"Curva";"Não";2;0;1;0;1;0;1;2;-20,55625515;-43,81420612;"SPRF-MG";"DEL05-MG";"UOP02-DEL05-MG"
405583;2022-01-03;"segunda-feira";"05:20:00";"MG";381;484;"BETIM";"Velocidade Incompatível";"Colisão com objeto";"Com Vítimas Feridas";"Amanhecer";"Crescente";"Chuva";"Dupla";"Reta";"Sim";2;0;2;0;0;0;2;1;-19,95810178;-44,0924263;"SPRF-MG";"DEL01-MG";"UOP03-DEL01-MG"
405584;2022-01-03;"segunda-feira";"05:40:00";"RN";304;30;"MOSSORO";"Reação tardia ou ineficiente do condutor";"Colisão com objeto";"Com Vítimas Feridas";"Pleno dia";"Decrescente";"Céu Claro";"Simples";"Reta";"Sim";2;0;2;0;0;0;2;1;-5,11703801;-37,34100094;"SPRF-RN";"DEL04-RN";"UOP02-DEL04-RN"
405585;2022-01-03;"segunda-feira";"06:20:00";"MG";381;888,9;"CAMBUI";"Velocidade Incompatível";"Saída de leito carroçável";"Com Vítimas Feridas";"Pleno dia";"Crescente";"Chuva";"Dupla";"Curva";"Não";3;0;2;0;1;0;2;1;-22,53298636;-46,02957154;"SPRF-MG";"DEL16-MG";"UOP03-DEL16-MG"
405587;2022-01-03;"segunda-feira";"02:40:00";"RS";116;445;"CRISTAL";"Condutor Dormindo";"Saída de leito carroçável";"Com Vítimas Feridas";"Plena Noite";"Decrescente";"Nublado";"Dupla";"Reta";"Não";1;0;0;1;0;0;1;1;-31,14968098;-52,03080185;"SPRF-RS";"DEL02-RS";"UOP02-DEL02-RS"
405588;2022-01-03;"segunda-feira";"06:00:00";"GO";60;58,3;"ABADIANIA";"Acessar a via sem observar a presença dos outros veículos";"Colisão traseira";"Com Vítimas Fatais";"Amanhecer";"Crescente";"Nublado";"Dupla";"Retorno Regulamentado";"Não";2;1;0;0;1;0;0;2;-16,18740313;-48,68566632;"SPRF-GO";"DEL02-GO";"UOP01-DEL02-GO"
405590;2022-01-02;"domingo";"14:45:00";"MG";40;31;"PARACATU";"Pista Escorregadia";"Saída de leito carroçável";"Com Vítimas Feridas";"Pleno dia";"Decrescente";"Garoa/Chuvisco";"Simples";"Curva";"Não";4;0;4;0;0;0;4;1;-17,16545308;-46,93655019;"SPRF-MG";"DEL14-MG";"UOP01-DEL14-MG"
405591;2022-01-03;"segunda-feira";"04:20:00";"MG";381;484,7;"BETIM";"Chuva";"Saída de leito carroçável";"Sem Vítimas";"Plena Noite";"Decrescente";"Garoa/Chuvisco";"Múltipla";"Reta";"Sim";1;0;0;0;0;1;0;1;-19,95531717;-44,11722196;"SPRF-MG";"DEL01-MG";"UOP03-DEL01-MG"
405592;2022-01-03;"segunda-feira";"05:45:00";"RJ";40;104;"DUQUE DE CAXIAS";"Desrespeitar a preferência no cruzamento";"Colisão transversal";"Com Vítimas Feridas";"Amanhecer";"Decrescente";"Céu Claro";"Múltipla";"Interseção de Vias";"Sim";2;0;1;0;1;0;1;2;-22,62897902;-43,28579508;"SPRF-RJ";"DEL01-RJ";"UOP01-DEL01-RJ"
405593;2022-01-03;"segunda-feira";"00:20:00";"MG";50;64,8;"UBERLANDIA";"Ingestão de álcool pelo condutor";"Saída de leito carroçável";"Sem Vítimas";"Plena Noite";"Decrescente";"Chuva";"Dupla";"Reta;Declive";"Não";1;0;0;0;1;0;0;1;-18,84248402;-48,25258395;"SPRF-MG";"DEL15-MG";"UOP02-DEL15-MG"
405595;2022-01-03;"segunda-feira";"06:25:00";"AL";101;139;"SAO MIGUEL DOS CAMPOS";"Desrespeitar a preferência no cruzamento";"Colisão transversal";"Com Vítimas Feridas";"Pleno dia";"Decrescente";"Sol";"Simples";"Interseção de Vias";"Sim";2;0;0;1;1;0;1;2;-9,81757382;-36,1216713;"SPRF-AL";"DEL02-AL";"UOP01-DEL02-AL"
405597;2022-01-03;"segunda-feira";"06:30:00";"SC";282;305;"VARGEM";"Chuva";"Colisão com objeto";"Com Vítimas Feridas";"Amanhecer";"Crescente";"Chuva";"Simples";"Curva";"Não";3;0;1;0;2;0;1;1;-27,500679;-50,949047;"SPRF-SC";"DEL07-SC";"UOP06-DEL07-SC"
405600;2022-01-03;"segunda-feira";"07:35:00";"SE";235;49,9;"ITABAIANA";"Acumulo de areia ou detritos sobre o pavimento";"Queda de ocupante de veículo";"Com Vítimas Feridas";"Pleno dia";"Crescente";"Céu Claro";"Simples";"Reta";"Sim";1;0;1;0;0;0;1;1;-10,716222;-37,421669;"SPRF-SE";"DEL01-SE";"UOP02-DEL01-SE"
405601;2022-01-03;"segunda-feira";"07:10:00";"PE";423;94,7;"GARANHUNS";"Área urbana sem a presença de local apropriado para a travessia de pedestres";"Colisão transversal";"Com Vítimas Feridas";"Pleno dia";"Decrescente";"Nublado";"Simples";"Reta";"Sim";3;0;1;0;2;0;1;3;-8,878553;-36,477247;"SPRF-PE";"DEL03-PE";"UOP01-DEL03-PE"
405602;2022-01-03;"segunda-feira";"07:00:00";"RS";290;73,7;"GRAVATAI";"Manobra de mudança de faixa";"Colisão lateral mesmo sentido";"Com Vítimas Feridas";"Pleno dia";"Crescente";"Céu Claro";"Dupla";"Reta";"Sim";3;0;1;1;1;0;2;2;-29,952988;-50,993482;"SPRF-RS";"DEL03-RS";"UOP01-DEL03-RS"
405603;2022-01-03;"segunda-feira";"08:30:00";"GO";20;81;"FORMOSA";"Chuva";"Saída de leito carroçável";"Com Vítimas Feridas";"Pleno dia";"Decrescente";"Chuva";"Simples";"Reta";"Não";3;0;3;0;0;0;3;1;-15,083676;-47,098251;"SPRF-DF";"DEL02-DF";"UOP01-DEL02-DF"
405604;2022-01-03;"segunda-feira";"07:40:00";"RS";116;252;"SAPUCAIA DO SUL";"Ausência de reação do condutor";"Queda de ocupante de veículo";"Com Vítimas Feridas";"Pleno dia";"Crescente";"Céu Claro";"Dupla";"Reta";"Sim";1;0;1;0;0;0;1;1;-29,80913395;-51,1675292;"SPRF-RS";"DEL01-RS";"UOP02-DEL01-RS"
405608;2022-01-03;"segunda-feira";"08:10:00";"MG";381;628,9;"OLIVEIRA";"Velocidade Incompatível";"Colisão com objeto";"Com Vítimas Feridas";"Pleno dia";"Crescente";"Chuva";"Dupla";"Curva";"Não";2;0;1;0;1;0;1;1;-20,83304688;-44,8250553;"SPRF-MG";"DEL04-MG";"UOP01-DEL04-MG"
405609;2022-01-03;"segunda-feira";"06:40:00";"MG";381;636;"SANTO ANTONIO DO AMPARO";"Velocidade Incompatível";"Colisão com objeto";"Com Vítimas Feridas";"Pleno dia";"Crescente";"Chuva";"Dupla";"Curva";"Não";3;0;2;0;1;0;2;1;-20,89141186;-44,8525565;"SPRF-MG";"DEL04-MG";"UOP01-DEL04-MG"
405614;2022-01-03;"segunda-feira";"07:30:00";"MG";381;737,5;"TRES CORACOES";"Reação tardia ou ineficiente do condutor";"Colisão com objeto";"Sem Vítimas";"Pleno dia";"Crescente";"Chuva";"Dupla";"Curva;Declive";"Não";4;0;0;0;4;0;0;1;-21,59740119;-45,23880352;"SPRF-MG";"DEL16-MG";"UOP02-DEL16-MG"
405615;2022-01-03;"segunda-feira";"07:30:00";"MG";381;732,3;"CARMO DA CACHOEIRA";"Chuva";"Saída de leito carroçável";"Com Vítimas Feridas";"Pleno dia";"Decrescente";"Garoa/Chuvisco";"Dupla";"Curva";"Não";4;0;1;0;3;0;1;1;-21,521607;-45,223398;"SPRF-MG";"DEL16-MG";"UOP02-DEL16-MG"
405616;2022-01-03;"segunda-feira";"09:00:00";"RS";290;19;"SANTO ANTONIO DA PATRULHA";"Reação tardia ou ineficiente do condutor";"Engavetamento";"Com Vítimas Feridas";"Pleno dia";"Decrescente";"Céu Claro";"Dupla";"Reta";"Não";4;0;2;0;2;0;2;3;-29,884407;-50,444893;"SPRF-RS";"DEL03-RS";"UOP01-DEL03-RS"
405618;2022-01-03;"segunda-feira";"07:50:00";"ES";262;4,9;"CARIACICA";"Manobra de mudança de faixa";"Colisão transversal";"Com Vítimas Feridas";"Pleno dia";"Crescente";"Céu Claro";"Dupla";"Reta";"Sim";2;0;1;0;1;0;1;2;-20,33707281;-40,38649924;"SPRF-ES";"DEL01-ES";"UOP01-DEL01-ES"
405620;2022-01-03;"segunda-feira";"08:30:00";"MS";163;500;"CAMPO GRANDE";"Ausência de reação do condutor";"Saída de leito carroçável";"Com Vítimas Feridas";"Pleno dia";"Decrescente";"Céu Claro";"Dupla";"Reta";"Não";2;0;2;0;0;0;2;1;-20,32607304;-54,51856683;"SPRF-MS";"DEL01-MS";"UOP02-DEL01-MS"
405621;2022-01-03;"segunda-feira";"09:00:00";"SC";101;200,6;"SAO JOSE";"Trafegar com motocicleta (ou similar) entre as faixas";"Colisão lateral mesmo sentido";"Com Vítimas Feridas";"Pleno dia";"Crescente";"Sol";"Múltipla";"Reta";"Sim";4;0;2;0;2;0;2;3;-27,54018513;-48,62287714;"SPRF-SC";"DEL01-SC";"UOP01-DEL01-SC"
405623;2022-01-03;"segunda-feira";"06:45:00";"MG";381;799;"SAO GONCALO DO SAPUCAI";"Velocidade Incompatível";"Saída de leito carroçável";"Com Vítimas Feridas";"Pleno dia";"Crescente";"Chuva";"Dupla";"Curva";"Não";4;0;4;0;0;0;4;1;-21,97237106;-45,63123585;"SPRF-MG";"DEL16-MG";"UOP02-DEL16-MG"
405625;2022-01-03;"segunda-feira";"08:15:00";"RJ";393;298;"BARRA MANSA";"Ultrapassagem Indevida";"Colisão frontal";"Com Vítimas Feridas";"Pleno dia";"Decrescente";"Nublado";"Simples";"Reta;Aclive";"Não";5;0;0;1;4;0;1;2;-22,54313289;-44,11298586;"SPRF-RJ";"DEL07-RJ";"UOP02-DEL07-RJ"
405629;2022-01-03;"segunda-feira";"10:05:00";"SP";381;57;"MAIRIPORA";"Reação tardia ou ineficiente do condutor";"Colisão traseira";"Com Vítimas Feridas";"Pleno dia";"Crescente";"Céu Claro";"Dupla";"Reta";"Sim";3;0;1;0;2;0;1;2;-23,2658219;-46,5839857;"SPRF-SP";"DEL03-SP";"UOP01-DEL03-SP"
405634;2022-01-03;"segunda-feira";"10:00:00";"MG";354;754,2;"ITAMONTE";"Condutor deixou de manter distância do veículo da frente";"Colisão traseira";"Com Vítimas Feridas";"Pleno dia";"Decrescente";"Nublado";"Simples";"Reta";"Sim";2;0;1;0;1;0;1;2;-22,30480233;-44,85575196;"SPRF-MG";"DEL17-MG";"UOP01-DEL17-MG"
405636;2022-01-03;"segunda-feira";"09:50:00";"SC";470;131,8;"LONTRAS";"Condutor deixou de manter distância do veículo da frente";"Colisão traseira";"Com Vítimas Feridas";"Pleno dia";"Crescente";"Céu Claro";"Simples";"Reta";"Não";8;0;1;0;7;0;1;3;-27,168108;-49,560719;"SPRF-SC";"DEL04-SC";"UOP02-DEL04-SC"
405637;2022-01-03;"segunda-feira";"09:30:00";"SC";101;164;"TIJUCAS";"Reação tardia ou ineficiente do condutor";"Colisão traseira";"Com Vítimas Feridas";"Pleno dia";"Crescente";"Céu Claro";"Dupla";"Reta";"Não";3;0;1;0;1;1;1;2;-27,243868;-48,6309;"SPRF-SC";"DEL04-SC";"UOP03-DEL04-SC"
405639;2022-01-03;"segunda-feira";"08:30:00";"RO";319;58;"PORTO VELHO";"Acessar a via sem observar a presença dos outros veículos";"Colisão frontal";"Sem Vítimas";"Pleno dia";"Crescente";"Nublado";"Dupla";"Reta;Interseção de Vias";"Sim";2;0;0;0;2;0;0;2;-8,74331446;-63,91183162;"SPRF-RO";"DEL01-RO";"UOP01-DEL01-RO"
405642;2022-01-02;"domingo";"12:30:00";"MG";267;252,3;"CARVALHOS";"Demais falhas mecânicas ou elétricas";"Saída de leito carroçável";"Com Vítimas Feridas";"Pleno dia";"Decrescente";"Chuva";"Simples";"Curva";"Não";5;0;0;5;0;0;5;1;-21,93253626;-44,49874878;"SPRF-MG";"DEL17-MG";"UOP01-DEL17-MG"
405643;2022-01-03;"segunda-feira";"09:50:00";"RS";386;440;"CANOAS";"Velocidade Incompatível";"Tombamento";"Com Vítimas Feridas";"Pleno dia";"Crescente";"Céu Claro";"Dupla";"Curva";"Não";2;0;1;0;1;0;1;1;-29,878265;-51,241951;"SPRF-RS";"DEL01-RS";"UOP01-DEL01-RS"
405645;2022-01-03;"segunda-feira";"09:10:00";"MG";381;531;"ITATIAIUCU";"Acumulo de água sobre o pavimento";"Saída de leito carroçável";"Sem Vítimas";"Pleno dia";"Crescente";"Chuva";"Dupla";"Curva";"Não";1;0;0;0;1;0;0;1;-20,18182886;-44,37895835;"SPRF-MG";"DEL04-MG";"UOP03-DEL04-MG"
405646;2022-01-03;"segunda-feira";"08:00:00";"MT";364;362;"CUIABA";"Avarias e/ou desgaste excessivo no pneu";"Saída de leito carroçável";"Com Vítimas Feridas";"Pleno dia";"Crescente";"Chuva";"Dupla";"Curva";"Não";3;0;1;0;2;0;1;1;-15,75254313;-55,6582252;"SPRF-MT";"DEL01-MT";"UOP02-DEL01-MT"
405648;2022-01-03;"segunda-feira";"10:05:00";"RS";386;250,9;"SOLEDADE";"Reação tardia ou ineficiente do condutor";"Colisão traseira";"Com Vítimas Feridas";"Pleno dia";"Crescente";"Céu Claro";"Simples";"Reta";"Não";3;0;1;0;2;0;1;2;-28,83053855;-52,46044636;"SPRF-RS";"DEL04-RS";"UOP03-DEL04-RS"
405649;2022-01-03;"segunda-feira";"09:50:00";"MG";40;783,3;"JUIZ DE FORA";"Avarias e/ou desgaste excessivo no pneu";"Saída de leito carroçável";"Com Vítimas Feridas";"Pleno dia";"Decrescente";"Chuva";"Dupla";"Reta";"Sim";5;0;1;4;0;0;5;1;-21,72317752;-43,44083265;"SPRF-MG";"DEL05-MG";"UOP01-DEL05-MG"
405650;2022-01-03;"segunda-feira";"09:50:00";"MG";40;730,6;"SANTOS DUMONT";"Velocidade Incompatível";"Colisão com objeto";"Com Vítimas Feridas";"Pleno dia";"Decrescente";"Chuva";"Dupla";"Curva";"Não";3;0;3;0;0;0;3;1;-21,35841023;-43,57973099;"SPRF-MG";"DEL05-MG";"UOP01-DEL05-MG"
405651;2022-01-03;"segunda-feira";"09:45:00";"MG";116;174,8;"PADRE PARAISO";"Transitar na contramão";"Colisão lateral mesmo sentido";"Com Vítimas Feridas";"Pleno dia";"Crescente";"Céu Claro";"Simples";"Reta";"Não";2;0;1;0;1;0;1;2;-17,04942509;-41,45498489;"SPRF-MG";"DEL11-MG";"UOP02-DEL11-MG"
405652;2022-01-03;"segunda-feira";"08:00:00";"PR";277;681;"SAO MIGUEL DO IGUACU";"Chuva";"Saída de leito carroçável";"Com Vítimas Feridas";"Pleno dia";"Decrescente";"Chuva";"Dupla";"Declive";"Não";2;0;1;0;1;0;1;1;-25,32705338;-54,17332888;"SPRF-PR";"DEL05-PR";"UOP01-DEL05-PR"
405656;2022-01-03;"segunda-feira";"08:00:00";"RS";290;68;"GRAVATAI";"Reação tardia ou ineficiente do condutor";"Engavetamento";"Com Vítimas Feridas";"Pleno dia";"Crescente";"Céu Claro";"Dupla";"Reta";"Não";5;0;1;0;4;0;1;4;-29,943384;-50,936207;"SPRF-RS";"DEL03-RS";"UOP01-DEL03-RS"
405657;2022-01-03;"segunda-feira";"09:50:00";"RJ";101;314;"SAO GONCALO";"Avarias e/ou desgaste excessivo no pneu";"Tombamento";"Com Vítimas Feridas";"Pleno dia";"Crescente";"Céu Claro";"Dupla";"Reta";"Sim";2;0;2;0;0;0;2;1;-22,81648739;-43,07728467;"SPRF-RJ";"DEL02-RJ";"UOP02-DEL02-RJ"
405659;2022-01-03;"segunda-feira";"10:50:00";"SC";101;11,3;"GARUVA";"Trafegar com motocicleta (ou similar) entre as faixas";"Colisão lateral mesmo sentido";"Com Vítimas Feridas";"Pleno dia";"Decrescente";"Sol";"Dupla";"Reta";"Não";2;0;0;1;1;0;1;2;-26,07202503;-48,86100853;"SPRF-SC";"DEL03-SC";"UOP01-DEL03-SC"
405660;2022-01-03;"segunda-feira";"07:00:00";"MS";267;123;"NOVA ANDRADINA";"Ingestão de álcool pelo condutor";"Saída de leito carroçável";"Sem Vítimas";"Pleno dia";"Crescente";"Céu Claro";"Simples";"Reta";"Não";3;0;0;0;3;0;0;1;-21,7581939;-53,243428;"SPRF-MS";"DEL02-MS";"UOP03-DEL02-MS"
405661;2022-01-03;"segunda-feira";"07:01:00";"SC";282;618,3;"IRACEMINHA";"Acumulo de água sobre o pavimento";"Colisão frontal";"Com Vítimas Feridas";"Pleno dia";"Decrescente";"Chuva";"Simples";"Curva";"Não";3;0;1;1;1;0;2;2;-26,788088;-53,293259;"SPRF-SC";"DEL07-SC";"UOP02-DEL07-SC"
405662;2022-01-03;"segunda-feira";"07:00:00";"BA";367;137,5;"ITAGIMIRIM";"Demais falhas mecânicas ou elétricas";"Incêndio";"Com Vítimas Feridas";"Pleno dia";"Decrescente";"Sol";"Simples";"Reta";"Não";1;0;1;0;0;0;1;1;-16,08325894;-39,64742661;"SPRF-BA";"DEL09-BA";"UOP01-DEL09-BA"
405665;2022-01-03;"segunda-feira";"10:40:00";"RJ";101;285;"ITABORAI";"Ausência de reação do condutor";"Colisão traseira";"Com Vítimas Feridas";"Pleno dia";"Decrescente";"Nublado";"Dupla";"Reta";"Não";4;0;2;0;2;0;2;2;-22,7498742;-42,81644087;"SPRF-RJ";"DEL02-RJ";"UOP03-DEL02-RJ"
405666;2022-01-03;"segunda-feira";"11:20:00";"SE";101;68;"MARUIM";"Condutor deixou de manter distância do veículo da frente";"Colisão traseira";"Com Vítimas Feridas";"Pleno dia";"Crescente";"Sol";"Simples";"Declive";"Não";6;0;1;0;5;0;1;2;-10,72409501;-37,07334069;"SPRF-SE";"DEL01-SE";"UOP01-DEL01-SE"
405667;2022-01-03;"segunda-feira";"10:40:00";"MG";381;337;"NOVA ERA";"Pista Escorregadia";"Colisão lateral sentido oposto";"Com Vítimas Feridas";"Pleno dia";"Decrescente";"Chuva";"Simples";"Curva";"Não";5;0;2;0;3;0;2;3;-19,82388218;-43,08235792;"SPRF-MG";"DEL03-MG";"UOP01-DEL03-MG"
405668;2022-01-03;"segunda-feira";"11:30:00";"ES";101;256,8;"SERRA";"Entrada inopinada do pedestre";"Atropelamento de Pedestre";"Com Vítimas Feridas";"Pleno dia";"Crescente";"Sol";"Dupla";"Aclive";"Sim";2;0;0;1;1;0;1;2;-20,119123;-40,311005;"SPRF-ES";"DEL02-ES";"UOP01-DEL02-ES"
405669;2022-01-03;"segunda-feira";"10:40:00";"ES";101;422,3;"ATILIO VIVACQUA";"Acessar a via sem observar a presença dos outros veículos";"Colisão transversal";"Com Vítimas Feridas";"Pleno dia";"Decrescente";"Céu Claro";"Simples";"Interseção de Vias";"Não";6;0;6;0;0;0;6;2;-20,98070633;-41,11625915;"SPRF-ES";"DEL03-ES";"UOP02-DEL03-ES"
405672;2022-01-03;"segunda-feira";"10:30:00";"MS";163;486;"CAMPO GRANDE";"Reação tardia ou ineficiente do condutor";"Engavetamento";"Com Vítimas Feridas";"Pleno dia";"Decrescente";"Céu Claro";"Simples";"Reta";"Sim";11;0;1;0;10;0;1;3;-20,4336361;-54,54376745;"SPRF-MS";"DEL01-MS";"UOP02-DEL01-MS"
405675;2022-01-03;"segunda-feira";"09:10:00";"SP";153;152,4;"PROMISSAO";"Desvio temporário";"Saída de leito carroçável";"Com Vítimas Feridas";"Pleno dia";"Decrescente";"Nublado";"Simples";"Aclive";"Não";5;0;4;0;1;0;4;2;-21,435386;-49,78542703;"SPRF-SP";"DEL07-SP";"UOP01-DEL07-SP"
405676;2022-01-03;"segunda-feira";"12:00:00";"SC";101;202;"SAO JOSE";"Condutor deixou de manter distância do veículo da frente";"Colisão traseira";"Com Vítimas Feridas";"Pleno dia";"Crescente";"Céu Claro";"Dupla";"Reta";"Sim";3;0;1;0;2;0;1;2;-27,55711595;-48,61897889;"SPRF-SC";"DEL01-SC";"UOP01-DEL01-SC"
405677;2022-01-03;"segunda-feira";"11:30:00";"GO";153;501,5;"GOIANIA";"Condutor deixou de manter distância do veículo da frente";"Colisão traseira";"Sem Vítimas";"Pleno dia";"Crescente";"Nublado";"Múltipla";"Reta";"Sim";5;0;0;0;5;0;0;2;-16,7189;-49,2382;"SPRF-GO";"DEL01-GO";"UOP01-DEL01-GO"
405678;2022-01-03;"segunda-feira";"12:00:00";"SC";101;181,5;"BIGUACU";"Condutor deixou de manter distância do veículo da frente";"Colisão traseira";"Com Vítimas Feridas";"Pleno dia";"Decrescente";"Céu Claro";"Dupla";"Reta";"Não";4;0;3;0;1;0;3;2;-27,38958699;-48,63197593;"SPRF-SC";"DEL01-SC";"UOP01-DEL01-SC"
405679;2022-01-03;"segunda-feira";"11:30:00";"BA";101;874,3;"TEIXEIRA DE FREITAS";"Entrada inopinada do pedestre";"Atropelamento de Pedestre";"Com Vítimas Feridas";"Pleno dia";"Decrescente";"Céu Claro";"Simples";"Reta;Declive";"Sim";3;0;1;0;2;0;1;2;-17,520194;-39,706771;"SPRF-BA";"DEL09-BA";"UOP02-DEL09-BA"
405680;2022-01-03;"segunda-feira";"11:35:00";"MG";116;275;"TEOFILO OTONI";"Conversão proibida";"Colisão lateral mesmo sentido";"Com Vítimas Feridas";"Pleno dia";"Decrescente";"Céu Claro";"Simples";"Reta";"Sim";3;0;1;0;1;1;1;3;-17,84235093;-41,51410418;"SPRF-MG";"DEL11-MG";"UOP01-DEL11-MG"
405681;2022-01-03;"segunda-feira";"12:20:00";"PR";376;649;"TIJUCAS DO SUL";"Manobra de mudança de faixa";"Colisão lateral sentido oposto";"Com Vítimas Feridas";"Pleno dia";"Decrescente";"Céu Claro";"Dupla";"Reta";"Não";2;0;1;0;1;0;1;2;-25,84592132;-49,09776415;"SPRF-PR";"DEL01-PR";"UOP04-DEL01-PR"
405682;2022-01-03;"segunda-feira";"12:00:00";"RN";304;10;"MOSSORO";"Demais falhas mecânicas ou elétricas";"Eventos atípicos";"Com Vítimas Feridas";"Pleno dia";"Decrescente";"Céu Claro";"Simples";"Reta";"Não";5;0;4;1;0;0;5;1;-4,95649395;-37,39872893;"SPRF-RN";"DEL04-RN";"UOP02-DEL04-RN"
405684;2022-01-03;"segunda-feira";"12:00:00";"CE";20;432;"EUSEBIO";"Ausência de reação do condutor";"Tombamento";"Com Vítimas Feridas";"Pleno dia";"Crescente";"Nublado";"Dupla";"Viaduto";"Sim";1;0;1;0;0;0;1;1;-3,86377961;-38,47035192;"SPRF-CE";"DEL01-CE";"UOP02-DEL01-CE"