"id";"data_inversa";"dia_semana";"horario";"uf";"br";"km";"municipio";"causa_acidente";"tipo_acidente";"classificacao_acidente";"fase_dia";"sentido_via";"condicao_metereologica";"tipo_pista";"tracado_via";"uso_solo";"pessoas";"mortos";"feridos_leves";"feridos_graves";"ilesos";"ignorados";"feridos";"veiculos";"latitude";"longitude";"regional";"delegacia";"uop"
405685;2022-01-03;"segunda-feira";"11:30:00";"MG";40;651,4;"CRISTIANO OTONI";"Transitar na contramão";"Colisão frontal";"Com Vítimas Fatais";"Pleno dia";"Crescente";"Nublado";"Simples";"Curva;Aclive";"Não";4;2;1;1;0;0;2;2;-20,838525;-43,800151;"SPRF-MG";"DEL05-MG";"UOP02-DEL05-MG"
405686;2022-01-03;"segunda-feira";"08:20:00";"SC";101;318;"PESCARIA BRAVA";"Demais falhas mecânicas ou elétricas";"Tombamento";"Com Vítimas Feridas";"Pleno dia";"Decrescente";"Céu Claro";"Dupla";"Reta";"Não";2;0;2;0;0;0;2;1;-28,42944906;-48,88023376;"SPRF-SC";"DEL02-SC";"UOP01-DEL02-SC"
405690;2022-01-03;"segunda-feira";"09:30:00";"MG";459;65;"SENADOR JOSE BENTO";"Velocidade Incompatível";"Saída de leito carroçável";"Com Vítimas Feridas";"Pleno dia";"Crescente";"Chuva";"Simples";"Curva";"Não";1;0;1;0;0;0;1;1;-22,115179;-46,179901;"SPRF-MG";"DEL09-MG";"UOP01-DEL09-MG"
405692;2022-01-03;"segunda-feira";"12:40:00";"SC";282;42;"AGUAS MORNAS";"Demais falhas mecânicas ou elétricas";"Incêndio";"Sem Vítimas";"Pleno dia";"Decrescente";"Sol";"Simples";"Reta";"Não";1;0;0;0;1;0;0;1;-27,72077;-48,887478;"SPRF-SC";"DEL01-SC";"UOP03-DEL01-SC"
405694;2022-01-03;"segunda-feira";"13:28:00";"SC";282;411,8;"CATANDUVAS";"Velocidade Incompatível";"Colisão traseira";"Sem Vítimas";"Pleno dia";"Crescente";"Nublado";"Simples";"Curva";"Não";2;0;0;0;2;0;0;2;-27,059202;-51,680046;"SPRF-SC";"DEL07-SC";"UOP05-DEL07-SC"
405696;2022-01-03;"segunda-feira";"11:50:00";"PI";135;366;"BOM JESUS";"Ausência de reação do condutor";"Saída de leito carroçável";"Com Vítimas Feridas";"Pleno dia";"Crescente";"Nublado";"Simples";"Reta";"Não";1;0;0;1;0;0;1;1;-9,17268798;-44,42158311;"SPRF-PI";"DEL03-PI";"UOP02-DEL03-PI"
405697;2022-01-03;"segunda-feira";"09:30:00";"SC";101;164;"TIJUCAS";"Condutor deixou de manter distância do veículo da frente";"Colisão traseira";"Com Vítimas Feridas";"Pleno dia";"Decrescente";"Céu Claro";"Dupla";"Ponte";"Não";2;0;1;0;1;0;1;1;-27,243868;-48,6309;"SPRF-SC";"DEL04-SC";"UOP03-DEL04-SC"
405698;2022-01-03;"segunda-feira";"13:50:00";"GO";153;443;"ANAPOLIS";"Velocidade Incompatível";"Colisão com objeto";"Com Vítimas Feridas";"Pleno dia";"Decrescente";"Chuva";"Dupla";"Curva";"Não";1;0;1;0;0;0;1;1;-16,33978425;-48,92289162;"SPRF-GO";"DEL02-GO";"UOP01-DEL02-GO"
405703;2022-01-03;"segunda-feira";"13:20:00";"SC";470;104,9;"APIUNA";"Velocidade Incompatível";"Saída de leito carroçável";"Com Vítimas Feridas";"Pleno dia";"Decrescente";"Céu Claro";"Simples";"Curva";"Não";2;0;2;0;0;0;2;1;-27,06135;-49,410408;"SPRF-SC";"DEL04-SC";"UOP02-DEL04-SC"
405704;2022-01-03;"segunda-feira";"12:30:00";"TO";153;303,3;"PRESIDENTE KENNEDY";"Acostamento em desnível";"Saída de leito carroçável";"Com Vítimas Feridas";"Pleno dia";"Crescente";"Chuva";"Simples";"Reta";"Não";5;0;2;0;3;0;2;1;-8,560836;-48,483185;"SPRF-TO";"DEL02-TO";"UOP02-DEL02-TO"
405705;2022-01-03;"segunda-feira";"13:10:00";"MT";70;278;"PRIMAVERA DO LESTE";"Frear bruscamente";"Engavetamento";"Com Vítimas Feridas";"Pleno dia";"Crescente";"Céu Claro";"Simples";"Reta";"Sim";3;0;1;0;2;0;1;3;-15,55739918;-54,27981896;"SPRF-MT";"DEL05-MT";"UOP01-DEL05-MT"
405708;2022-01-03;"segunda-feira";"14:15:00";"RS";116;263;"CANOAS";"Demais falhas mecânicas ou elétricas";"Colisão traseira";"Com Vítimas Feridas";"Pleno dia";"Decrescente";"Sol";"Dupla";"Reta;Aclive";"Sim";2;0;1;0;1;0;1;2;-29,90545398;-51,17674031;"SPRF-RS";"DEL01-RS";"UOP01-DEL01-RS"
405711;2022-01-03;"segunda-feira";"12:50:00";"MG";381;782,7;"CAMPANHA";"Mal súbito do condutor";"Saída de leito carroçável";"Com Vítimas Feridas";"Pleno dia";"Decrescente";"Chuva";"Dupla";"Curva";"Não";12;0;2;0;10;0;2;1;-21,85981403;-45,52590597;"SPRF-MG";"DEL16-MG";"UOP02-DEL16-MG"
405712;2022-01-03;"segunda-feira";"14:00:00";"PR";153;498;"GENERAL CARNEIRO";"Reação tardia ou ineficiente do condutor";"Colisão transversal";"Com Vítimas Feridas";"Pleno dia";"Crescente";"Céu Claro";"Simples";"Curva";"Não";2;0;2;0;0;0;2;2;-26,54922258;-51,42974854;"SPRF-PR";"DEL02-PR";"UOP03-DEL02-PR"
405714;2022-01-03;"segunda-feira";"14:30:00";"MG";262;664,9;"IBIA";"Reação tardia ou ineficiente do condutor";"Saída de leito carroçável";"Com Vítimas Feridas";"Pleno dia";"Crescente";"Nublado";"Simples";"Curva";"Não";1;0;1;0;0;0;1;1;-19,56216912;-46,75071816;"SPRF-MG";"DEL08-MG";"UOP01-DEL08-MG"
405715;2022-01-03;"segunda-feira";"15:15:00";"SC";101;121;"ITAJAI";"Reação tardia ou ineficiente do condutor";"Colisão lateral mesmo sentido";"Com Vítimas Feridas";"Pleno dia";"Crescente";"Céu Claro";"Dupla";"Reta;Viaduto";"Não";2;0;1;0;1;0;1;2;-26,92103178;-48,70856446;"SPRF-SC";"DEL04-SC";"UOP04-DEL04-SC"
405716;2022-01-03;"segunda-feira";"14:45:00";"PR";277;306,1;"PRUDENTOPOLIS";"Velocidade Incompatível";"Engavetamento";"Com Vítimas Feridas";"Pleno dia";"Crescente";"Céu Claro";"Simples";"Curva";"Não";6;0;1;0;5;0;1;3;-25,30334725;-51,15427693;"SPRF-PR";"DEL08-PR";"UOP01-DEL08-PR"
405718;2022-01-03;"segunda-feira";"12:30:00";"MG";381;408,7;"NOVA UNIAO";"Velocidade Incompatível";"Colisão com objeto";"Com Vítimas Feridas";"Pleno dia";"Crescente";"Chuva";"Dupla";"Declive;Reta";"Não";2;0;1;0;1;0;1;1;-19,72515688;-43,56957794;"SPRF-MG";"DEL01-MG";"UOP01-DEL01-MG"
405722;2022-01-03;"segunda-feira";"14:50:00";"SP";116;95,4;"PINDAMONHANGABA";"Manobra de mudança de faixa";"Tombamento";"Com Vítimas Feridas";"Pleno dia";"Crescente";"Sol";"Dupla";"Reta";"Não";2;0;2;0;0;0;2;1;-22,96514512;-45,43013094;"SPRF-SP";"DEL08-SP";"UOP01-DEL08-SP"
405723;2022-01-03;"segunda-feira";"14:50:00";"RS";285;339,5;"CARAZINHO";"Acessar a via sem observar a presença dos outros veículos";"Colisão transversal";"Sem Vítimas";"Pleno dia";"Crescente";"Nublado";"Dupla";"Rotatória";"Sim";4;0;0;0;4;0;0;2;-28,31222066;-52,79072285;"SPRF-RS";"DEL08-RS";"UOP03-DEL08-RS"
405724;2022-01-03;"segunda-feira";"14:50:00";"PE";101;42;"IGARASSU";"Condutor usando celular";"Saída de leito carroçável";"Com Vítimas Feridas";"Pleno dia";"Decrescente";"Céu Claro";"Múltipla";"Declive";"Sim";2;0;1;0;1;0;1;1;-7,84003045;-34,91159155;"SPRF-PE";"DEL01-PE";"UOP02-DEL01-PE"
405727;2022-01-03;"segunda-feira";"15:00:00";"RS";101;7;"TORRES";"Acessar a via sem observar a presença dos outros veículos";"Colisão lateral mesmo sentido";"Com Vítimas Feridas";"Pleno dia";"Crescente";"Céu Claro";"Dupla";"Retorno Regulamentado";"Sim";2;0;1;0;1;0;1;2;-29,35399189;-49,8004501;"SPRF-RS";"DEL03-RS";"UOP02-DEL03-RS"
405728;2022-01-03;"segunda-feira";"15:00:00";"SC";101;191,9;"BIGUACU";"Condutor deixou de manter distância do veículo da frente";"Colisão traseira";"Com Vítimas Feridas";"Pleno dia";"Decrescente";"Céu Claro";"Dupla";"Reta";"Sim";3;0;1;0;2;0;1;2;-27,47730273;-48,64127329;"SPRF-SC";"DEL01-SC";"UOP01-DEL01-SC"
405729;2022-01-03;"segunda-feira";"15:30:00";"PE";232;79,9;"GRAVATA";"Objeto estático sobre o leito carroçável";"Eventos atípicos";"Com Vítimas Feridas";"Pleno dia";"Decrescente";"Sol";"Simples";"Reta";"Sim";1;0;0;1;0;0;1;1;-8,19460572;-35,56074803;"SPRF-PE";"DEL02-PE";"UOP02-DEL02PE"
405736;2022-01-03;"segunda-feira";"15:35:00";"PR";158;522,9;"PATO BRANCO";"Demais falhas mecânicas ou elétricas";"Queda de ocupante de veículo";"Com Vítimas Feridas";"Pleno dia";"Decrescente";"Céu Claro";"Simples";"Reta";"Não";2;0;1;0;0;1;1;2;-26,12673003;-52,64724298;"SPRF-PR";"DEL02-PR";"UOP01-DEL02-PR"
405738;2022-01-03;"segunda-feira";"13:02:00";"SP";116;560;"BARRA DO TURVO";"Pista Escorregadia";"Colisão com objeto";"Com Vítimas Feridas";"Pleno dia";"Crescente";"Céu Claro";"Dupla";"Curva";"Não";3;0;2;0;1;0;2;1;-25,01571198;-48,50929106;"SPRF-SP";"DEL05-SP";"UOP02-DEL05-SP"
405739;2022-01-03;"segunda-feira";"16:30:00";"RJ";101;64;"CAMPOS DOS GOYTACAZES";"Pista Escorregadia";"Queda de ocupante de veículo";"Com Vítimas Feridas";"Pleno dia";"Crescente";"Chuva";"Simples";"Curva";"Sim";1;0;1;0;0;0;1;1;-21,753651;-41,342297;"SPRF-RJ";"DEL08-RJ";"UOP02-DEL08-RJ"
405740;2022-01-03;"segunda-feira";"15:45:00";"MG";116;549,8;"SANTA BARBARA DO LESTE";"Velocidade Incompatível";"Capotamento";"Com Vítimas Feridas";"Pleno dia";"Decrescente";"Chuva";"Simples";"Curva";"Não";2;0;0;1;0;1;1;1;-19,960735;-42,13329299;"SPRF-MG";"DEL06-MG";"UOP02-DEL06-MG"
405741;2022-01-03;"segunda-feira";"09:20:00";"MG";251;518;"MONTES CLAROS";"Chuva";"Colisão com objeto";"Com Vítimas Feridas";"Pleno dia";"Crescente";"Chuva";"Simples";"Ponte";"Não";4;0;1;0;3;0;1;1;-16,66257909;-43,76892799;"SPRF-MG";"DEL12-MG";"UOP01-DEL12-MG"
405745;2022-01-03;"segunda-feira";"14:00:00";"RS";386;266,7;"FONTOURA XAVIER";"Demais falhas mecânicas ou elétricas";"Tombamento";"Com Vítimas Feridas";"Pleno dia";"Decrescente";"Nublado";"Simples";"Reta";"Não";2;0;2;0;0;0;2;1;-28,936916;-52,376057;"SPRF-RS";"DEL04-RS";"UOP03-DEL04-RS"
405748;2022-01-03;"segunda-feira";"16:25:00";"MG";146;426;"MUZAMBINHO";"Acessar a via sem observar a presença dos outros veículos";"Saída de leito carroçável";"Sem Vítimas";"Pleno dia";"Decrescente";"Céu Claro";"Simples";"Reta";"Não";2;0;0;0;1;1;0;2;-21,37338745;-46,46124065;"SPRF-MG";"DEL09-MG";"UOP01-DEL09-MG"
405749;2022-01-03;"segunda-feira";"16:13:00";"SC";101;297;"IMBITUBA";"Condutor deixou de manter distância do veículo da frente";"Colisão traseira";"Com Vítimas Feridas";"Pleno dia";"Crescente";"Céu Claro";"Dupla";"Declive";"Não";3;0;1;0;2;0;1;2;-28,31353989;-48,7240982;"SPRF-SC";"DEL02-SC";"UOP03-DEL02-SC"
405752;2022-01-03;"segunda-feira";"16:20:00";"MG";381;767,5;"CAMPANHA";"Pista Escorregadia";"Saída de leito carroçável";"Com Vítimas Feridas";"Pleno dia";"Decrescente";"Chuva";"Dupla";"Reta";"Não";5;0;1;0;4;0;1;1;-21,76799733;-45,42028285;"SPRF-MG";"DEL16-MG";"UOP02-DEL16-MG"
405754;2022-01-03;"segunda-feira";"17:15:00";"ES";101;284;"CARIACICA";"Avarias e/ou desgaste excessivo no pneu";"Queda de ocupante de veículo";"Com Vítimas Feridas";"Pleno dia";"Crescente";"Céu Claro";"Dupla";"Aclive;Reta";"Não";2;0;1;1;0;0;2;1;-20,24334991;-40,3696926;"SPRF-ES";"DEL01-ES";"UOP01-DEL01-ES"
405755;2022-01-03;"segunda-feira";"17:02:00";"MG";381;521;"BRUMADINHO";"Curva acentuada";"Queda de ocupante de veículo";"Com Vítimas Feridas";"Pleno dia";"Crescente";"Chuva";"Dupla";"Curva";"Não";1;0;1;0;0;0;1;1;-20,13846621;-44,31715274;"SPRF-MG";"DEL04-MG";"UOP03-DEL04-MG"
405756;2022-01-03;"segunda-feira";"17:30:00";"RS";290;102;"PORTO ALEGRE";"Manobra de mudança de faixa";"Saída de leito carroçável";"Com Vítimas Feridas";"Pleno dia";"Crescente";"Céu Claro";"Dupla";"Reta";"Não";1;0;1;0;0;0;1;1;-29,987228;-51,25613;"SPRF-RS";"DEL01-RS";"UOP01-DEL01-RS"
405757;2022-01-03;"segunda-feira";"17:30:00";"SC";101;161;"TIJUCAS";"Reação tardia ou ineficiente do condutor";"Colisão traseira";"Com Vítimas Feridas";"Pleno dia";"Decrescente";"Céu Claro";"Múltipla";"Reta";"Não";2;0;0;1;1;0;1;2;-27,21673911;-48,6244238;"SPRF-SC";"DEL04-SC";"UOP03-DEL04-SC"
405758;2022-01-03;"segunda-feira";"17:10:00";"PR";376;652,8;"TIJUCAS DO SUL";"Reação tardia ou ineficiente do condutor";"Colisão traseira";"Com Vítimas Feridas";"Pleno dia";"Decrescente";"Céu Claro";"Dupla";"Reta;Ponte";"Não";5;0;0;1;4;0;1;2;-25,8461583;-49,068884;"SPRF-PR";"DEL01-PR";"UOP04-DEL01-PR"
405763;2022-01-03;"segunda-feira";"17:30:00";"SP";116;285;"ITAPECERICA DA SERRA";"Condutor deixou de manter distância do veículo da frente";"Engavetamento";"Sem Vítimas";"Anoitecer";"Decrescente";"Nublado";"Dupla";"Reta";"Não";3;0;0;0;3;0;0;3;-23,70407794;-46,87249709;"SPRF-SP";"DEL04-SP";"UOP01-DEL04-SP"
405764;2022-01-03;"segunda-feira";"16:55:00";"RJ";101;420;"MANGARATIBA";"Conversão proibida";"Colisão transversal";"Com Vítimas Feridas";"Pleno dia";"Decrescente";"Nublado";"Dupla";"Reta";"Sim";4;0;1;0;3;0;1;4;-22,91666975;-43,93080593;"SPRF-RJ";"DEL03-RJ";"UOP03-DEL03-RJ"
405765;2022-01-03;"segunda-feira";"18:00:00";"RJ";393;168;"TRES RIOS";"Condutor Dormindo";"Colisão frontal";"Sem Vítimas";"Anoitecer";"Crescente";"Nublado";"Simples";"Reta";"Sim";2;0;0;0;2;0;0;2;-22,127502;-43,147022;"SPRF-RJ";"DEL05-RJ";"UOP01-DEL05-RJ"
405766;2022-01-03;"segunda-feira";"16:10:00";"RN";304;148,5;"ANGICOS";"Desrespeitar a preferência no cruzamento";"Colisão transversal";"Com Vítimas Feridas";"Pleno dia";"Crescente";"Céu Claro";"Simples";"Interseção de Vias";"Sim";5;0;4;0;1;0;4;2;-5,67816135;-36,61037011;"SPRF-RN";"DEL04-RN";"UOP01-DEL04-RN"
405768;2022-01-03;"segunda-feira";"18:00:00";"SP";116;132,9;"CACAPAVA";"Pedestre cruzava a pista fora da faixa";"Atropelamento de Pedestre";"Com Vítimas Feridas";"Pleno dia";"Crescente";"Nublado";"Dupla";"Reta";"Sim";2;0;0;1;1;0;1;2;-23,13169757;-45,74481322;"SPRF-SP";"DEL02-SP";"UOP02-DEL02-SP"
405769;2022-01-03;"segunda-feira";"16:25:00";"PR";277;227,4;"FERNANDES PINHEIRO";"Chuva";"Colisão lateral sentido oposto";"Com Vítimas Feridas";"Pleno dia";"Decrescente";"Chuva";"Simples";"Reta";"Não";7;0;5;0;2;0;5;2;-25,45403313;-50,44256003;"SPRF-PR";"DEL03-PR";"UOP03-DEL03-PR"
405773;2022-01-03;"segunda-feira";"18:45:00";"SE";101;34,6;"CAPELA";"Acessar a via sem observar a presença dos outros veículos";"Atropelamento de Pedestre";"Com Vítimas Feridas";"Plena Noite";"Decrescente";"Céu Claro";"Dupla";"Reta";"Não";2;0;0;1;1;0;1;2;-10,47630604;-36,95093032;"SPRF-SE";"DEL02-SE";"UOP02-DEL02-SE"
405774;2022-01-03;"segunda-feira";"15:40:00";"PR";277;41;"MORRETES";"Demais falhas mecânicas ou elétricas";"Incêndio";"Sem Vítimas";"Pleno dia";"Crescente";"Céu Claro";"Dupla";"Reta";"Não";1;0;0;0;1;0;0;1;-25,57183811;-48,83586205;"SPRF-PR";"DEL01-PR";"UOP05-DEL01-PR"
405775;2022-01-03;"segunda-feira";"18:15:00";"RS";285;326,4;"PASSO FUNDO";"Ultrapassagem Indevida";"Saída de leito carroçável";"Com Vítimas Feridas";"Pleno dia";"Decrescente";"Chuva";"Simples";"Reta";"Não";2;0;1;0;1;0;1;1;-28,271332;-52,678734;"SPRF-RS";"DEL08-RS";"UOP03-DEL08-RS"
405776;2022-01-03;"segunda-feira";"17:45:00";"SE";101;103,5;"SAO CRISTOVAO";"Velocidade Incompatível";"Colisão traseira";"Com Vítimas Feridas";"Anoitecer";"Decrescente";"Céu Claro";"Dupla";"Aclive";"Não";3;0;1;0;2;0;1;3;-10,95275718;-37,21920991;"SPRF-SE";"DEL02-SE";"UOP01-DEL02-SE"
405778;2022-01-03;"segunda-feira";"18:45:00";"ES";262;5;"CARIACICA";"Acessar a via sem observar a presença dos outros veículos";"Colisão traseira";"Com Vítimas Feridas";"Plena Noite";"Crescente";"Céu Claro";"Múltipla";"Reta;Interseção de Vias";"Sim";3;0;0;2;1;0;2;2;-20,33707281;-40,38649924;"SPRF-ES";"DEL01-ES";"UOP01-DEL01-ES"
405779;2022-01-03;"segunda-feira";"17:57:00";"MG";381;335;"NOVA ERA";"Reação tardia ou ineficiente do condutor";"Colisão com objeto";"Sem Vítimas";"Anoitecer";"Crescente";"Chuva";"Simples";"Reta";"Não";2;0;0;0;2;0;0;2;-19,81700707;-43,06661887;"SPRF-MG";"DEL03-MG";"UOP01-DEL03-MG"
405780;2022-01-03;"segunda-feira";"15:40:00";"PR";277;51;"SAO JOSE DOS PINHAIS";"Velocidade Incompatível";"Colisão traseira";"Com Vítimas Feridas";"Pleno dia";"Crescente";"Céu Claro";"Dupla";"Reta";"Não";2;0;1;0;1;0;1;2;-25,59515989;-48,90700787;"SPRF-PR";"DEL01-PR";"UOP05-DEL01-PR"
405781;2022-01-03;"segunda-feira";"11:05:00";"MG";153;107,1;"PRATA";"Acesso irregular";"Colisão transversal";"Com Vítimas Feridas";"Pleno dia";"Crescente";"Céu Claro";"Simples";"Reta";"Não";2;0;1;0;1;0;1;2;-19,28824388;-48,91115575;"SPRF-MG";"DEL15-MG";"UOP03-DEL15-MG"
405782;2022-01-03;"segunda-feira";"11:30:00";"MG";251;271,2;"SALINAS";"Pista esburacada";"Capotamento";"Com Vítimas Feridas";"Pleno dia";"Crescente";"Nublado";"Simples";"Reta";"Não";3;0;1;0;2;0;1;1;-15,98578905;-42,04302993;"SPRF-MG";"DEL11-MG";"UOP02-DEL11-MG"
405783;2022-01-03;"segunda-feira";"18:33:00";"PE";232;124;"CARUARU";"Acessar a via sem observar a presença dos outros veículos";"Colisão transversal";"Com Vítimas Fatais";"Plena Noite";"Decrescente";"Nublado";"Dupla";"Reta";"Não";2;1;0;0;1;0;0;2;-8,3061041;-35,93702498;"SPRF-PE";"DEL02-PE";"UOP03-DEL02-PE"
405784;2022-01-03;"segunda-feira";"17:40:00";"RJ";40;76,7;"PETROPOLIS";"Manobra de mudança de faixa";"Tombamento";"Com Vítimas Feridas";"Anoitecer";"Crescente";"Nublado";"Dupla";"Curva";"Não";2;0;1;0;0;1;1;2;-22,47192899;-43,23779321;"SPRF-RJ";"DEL06-RJ";"UOP01-DEL06-RJ"
405786;2022-01-03;"segunda-feira";"17:30:00";"SC";282;343;"CAMPOS NOVOS";"Conversão proibida";"Colisão transversal";"Com Vítimas Feridas";"Pleno dia";"Decrescente";"Sol";"Simples";"Reta";"Sim";2;0;1;0;1;0;1;2;-27,387402;-51,232861;"SPRF-SC";"DEL07-SC";"UOP06-DEL07-SC"
405787;2022-01-03;"segunda-feira";"19:15:00";"CE";304;45,5;"ARACATI";"Ingestão de álcool e/ou substâncias psicoativas pelo pedestre";"Atropelamento de Pedestre";"Com Vítimas Feridas";"Plena Noite";"Crescente";"Nublado";"Dupla";"Reta";"Sim";3;0;3;0;0;0;3;2;-4,57812347;-37,80669819;"SPRF-CE";"DEL03-CE";"UOP03-DEL03-CE"
405788;2022-01-03;"segunda-feira";"19:35:00";"SC";101;200;"SAO JOSE";"Trafegar com motocicleta (ou similar) entre as faixas";"Colisão lateral mesmo sentido";"Com Vítimas Feridas";"Plena Noite";"Decrescente";"Céu Claro";"Múltipla";"Reta";"Sim";3;0;2;0;1;0;2;2;-27,54018513;-48,62287714;"SPRF-SC";"DEL01-SC";"UOP01-DEL01-SC"
405789;2022-01-03;"segunda-feira";"18:30:00";"SP";116;64,8;"GUARATINGUETA";"Chuva";"Saída de leito carroçável";"Com Vítimas Feridas";"Anoitecer";"Decrescente";"Chuva";"Dupla";"Reta;Declive";"Não";1;0;1;0;0;0;1;1;-22,823273;-45,192806;"SPRF-SP";"DEL08-SP";"UOP01-DEL08-SP"
405791;2022-01-03;"segunda-feira";"19:15:00";"PE";428;184,5;"PETROLINA";"Conversão proibida";"Colisão frontal";"Com Vítimas Feridas";"Plena Noite";"Crescente";"Céu Claro";"Simples";"Reta";"Sim";4;0;0;1;2;1;1;3;-9,33211208;-40,46621385;"SPRF-PE";"DEL06-PE";"UOP01-DEL06-PE"
405792;2022-01-03;"segunda-feira";"11:40:00";"GO";60;322,8;"ACREUNA";"Acumulo de água sobre o pavimento";"Saída de leito carroçável";"Com Vítimas Feridas";"Pleno dia";"Crescente";"Chuva";"Dupla";"Reta";"Não";1;0;1;0;0;0;1;1;-17,508123;-50,473129;"SPRF-GO";"DEL04-GO";"UOP01-DEL04-GO"
405793;2022-01-03;"segunda-feira";"18:00:00";"MG";40;260;"SAO GONCALO DO ABAETE";"Chuva";"Colisão com objeto";"Com Vítimas Feridas";"Pleno dia";"Decrescente";"Chuva";"Simples";"Reta";"Não";2;0;1;0;1;0;1;1;-18,13859161;-45,35402196;"SPRF-MG";"DEL14-MG";"UOP02-DEL14-MG"
405795;2022-01-03;"segunda-feira";"20:00:00";"RJ";116;180;"NOVA IGUACU";"Reação tardia ou ineficiente do condutor";"Colisão traseira";"Sem Vítimas";"Plena Noite";"Crescente";"Garoa/Chuvisco";"Dupla";"Reta";"Sim";2;0;0;0;1;1;0;2;-22,7651616;-43,4154728;"SPRF-RJ";"DEL01-RJ";"UOP02-DEL01-RJ"
405799;2022-01-03;"segunda-feira";"20:30:00";"SP";116;5;"QUELUZ";"Mal súbito do condutor";"Colisão frontal";"Com Vítimas Feridas";"Plena Noite";"Crescente";"Chuva";"Simples";"Reta";"Sim";2;0;1;0;1;0;1;2;-22,529476;-44,744602;"SPRF-SP";"DEL08-SP";"UOP02-DEL08-SP"
405801;2022-01-03;"segunda-feira";"19:40:00";"SC";101;205,2;"SAO JOSE";"Ausência de reação do condutor";"Colisão com objeto";"Com Vítimas Feridas";"Plena Noite";"Decrescente";"Céu Claro";"Múltipla";"Curva";"Sim";1;0;1;0;0;0;1;1;-27,58313237;-48,61532885;"SPRF-SC";"DEL01-SC";"UOP01-DEL01-SC"
405803;2022-01-03;"segunda-feira";"21:00:00";"RN";304;284;"MACAIBA";"Ausência de reação do condutor";"Colisão com objeto";"Com Vítimas Feridas";"Plena Noite";"Crescente";"Céu Claro";"Simples";"Em Obras";"Não";1;0;1;0;0;0;1;1;-5,87912197;-35,45510001;"SPRF-RN";"DEL01-RN";"UOP02-DEL01-RN"
405805;2022-01-03;"segunda-feira";"19:20:00";"MA";316;425;"PERITORO";"Entrada inopinada do pedestre";"Atropelamento de Pedestre";"Com Vítimas Feridas";"Plena Noite";"Decrescente";"Nublado";"Simples";"Reta";"Sim";2;0;1;1;0;0;2;2;-4,374085;-44,332352;"SPRF-MA";"DEL03-MA";"UOP01-DEL03-MA"
405807;2022-01-03;"segunda-feira";"21:25:00";"RS";158;568;"SANTANA DO LIVRAMENTO";"Pedestre andava na pista";"Atropelamento de Pedestre";"Com Vítimas Feridas";"Plena Noite";"Decrescente";"Céu Claro";"Simples";"Reta";"Não";2;0;1;0;0;1;1;2;-30,89333002;-55,50767668;"SPRF-RS";"DEL11-RS";"UOP01-DEL11-RS"
405808;2022-01-03;"segunda-feira";"20:30:00";"SC";280;124;"RIO NEGRINHO";"Manobra de mudança de faixa";"Colisão lateral mesmo sentido";"Com Vítimas Feridas";"Plena Noite";"Decrescente";"Céu Claro";"Simples";"Reta";"Sim";2;0;1;0;1;0;1;2;-26,23756833;-49,49236047;"SPRF-SC";"DEL06-SC";"UOP03-DEL06-SC"
405809;2022-01-03;"segunda-feira";"22:23:00";"RS";153;36,5;"TRES ARROIOS";"Reação tardia ou ineficiente do condutor";"Tombamento";"Com Vítimas Feridas";"Plena Noite";"Decrescente";"Céu Claro";"Simples";"Curva";"Não";2;0;1;1;0;0;2;1;-27,56098123;-52,20915371;"SPRF-RS";"DEL08-RS";"UOP04-DEL08-RS"
405814;2022-01-03;"segunda-feira";"20:00:00";"MT";158;744,5;"BARRA DO GARCAS";"Animais na Pista";"Saída de leito carroçável";"Com Vítimas Feridas";"Plena Noite";"Crescente";"Chuva";"Simples";"Reta";"Não";3;0;1;0;2;0;1;1;-15,433309;-52,20163994;"SPRF-MT";"DEL07-MT";"UOP01-DEL07-MT"
405815;2022-01-03;"segunda-feira";"18:20:00";"MG";267;36;"ARGIRITA";"Reação tardia ou ineficiente do condutor";"Saída de leito carroçável";"Com Vítimas Feridas";"Anoitecer";"Crescente";"Nublado";"Simples";"Curva";"Não";2;0;1;1;0;0;2;1;-21,65573304;-42,85035968;"SPRF-MG";"DEL07-MG";"UOP01-DEL07-MG"
405817;2022-01-03;"segunda-feira";"20:40:00";"SC";116;71,7;"MONTE CASTELO";"Pedestre andava na pista";"Atropelamento de Pedestre";"Com Vítimas Feridas";"Plena Noite";"Crescente";"Céu Claro";"Simples";"Declive;Reta";"Não";3;0;0;1;2;0;1;2;-26,47804399;-50,23238915;"SPRF-SC";"DEL06-SC";"UOP02-DEL06-SC"
405818;2022-01-03;"segunda-feira";"23:15:00";"PI";343;186;"PIRIPIRI";"Animais na Pista";"Atropelamento de Animal";"Com Vítimas Feridas";"Plena Noite";"Decrescente";"Nublado";"Simples";"Reta";"Sim";1;0;1;0;0;0;1;1;-4,289738;-41,765907;"SPRF-PI";"DEL02-PI";"UOP01-DEL02-PI"
405823;2022-01-04;"terça-feira";"04:20:00";"PR";277;80;"CURITIBA";"Ausência de reação do condutor";"Capotamento";"Sem Vítimas";"Plena Noite";"Crescente";"Nublado";"Dupla";"Reta";"Sim";2;0;0;0;2;0;0;1;-25,473296;-49,20971;"SPRF-PR";"DEL01-PR";"UOP01-DEL01-PR"
405828;2022-01-04;"terça-feira";"06:10:00";"RJ";101;291;"ITABORAI";"Ingestão de álcool pelo condutor";"Colisão lateral mesmo sentido";"Sem Vítimas";"Pleno dia";"Crescente";"Céu Claro";"Dupla";"Reta";"Não";2;0;0;0;2;0;0;2;-22,76457445;-42,86989322;"SPRF-RJ";"DEL02-RJ";"UOP03-DEL02-RJ"