"id";"data_inversa";"dia_semana";"horario";"uf";"br";"km";"municipio";"causa_acidente";"tipo_acidente";"classificacao_acidente";"fase_dia";"sentido_via";"condicao_metereologica";"tipo_pista";"tracado_via";"uso_solo";"pessoas";"mortos";"feridos_leves";"feridos_graves";"ilesos";"ignorados";"feridos";"veiculos";"latitude";"longitude";"regional";"delegacia";"uop"
405829;2022-01-04;"terça-feira";"06:52:00";"ES";101;156;"LINHARES";"Ultrapassagem Indevida";"Saída de leito carroçável";"Com Vítimas Feridas";"Pleno dia";"Decrescente";"Céu Claro";"Simples";"Reta";"Não";3;0;2;0;1;0;2;1;-19,44596035;-40,09435048;"SPRF-ES";"DEL04-ES";"UOP01-DEL04-ES"
405831;2022-01-04;"terça-feira";"07:05:00";"PE";101;68,8;"RECIFE";"Manobra de mudança de faixa";"Tombamento";"Com Vítimas Feridas";"Pleno dia";"Decrescente";"Chuva";"Dupla";"Reta";"Sim";1;0;1;0;0;0;1;1;-8,05074296;-34,94580619;"SPRF-PE";"DEL01-PE";"UOP01-DEL01-PE"
405834;2022-01-04;"terça-feira";"03:45:00";"MS";267;461,8;"GUIA LOPES DA LAGUNA";"Pedestre andava na pista";"Atropelamento de Pedestre";"Com Vítimas Fatais";"Plena Noite";"Decrescente";"Céu Claro";"Simples";"Reta";"Não";2;1;0;0;0;1;0;2;-21,42438138;-55,97359218;"SPRF-MS";"DEL05-MS";"UOP01-DEL05-MS"
405835;2022-01-04;"terça-feira";"07:10:00";"SC";101;354;"SANGAO";"Ausência de reação do condutor";"Saída de leito carroçável";"Com Vítimas Feridas";"Pleno dia";"Crescente";"Céu Claro";"Dupla";"Reta";"Não";1;0;1;0;0;0;1;1;-28,61806302;-49,07013199;"SPRF-SC";"DEL02-SC";"UOP01-DEL02-SC"
405838;2022-01-04;"terça-feira";"07:45:00";"CE";116;14,4;"FORTALEZA";"Condutor deixou de manter distância do veículo da frente";"Colisão traseira";"Com Vítimas Feridas";"Pleno dia";"Decrescente";"Céu Claro";"Dupla";"Reta";"Sim";4;0;1;1;1;1;2;3;-3,86973356;-38,49827361;"SPRF-CE";"DEL01-CE";"UOP02-DEL01-CE"
405840;2022-01-04;"terça-feira";"07:00:00";"PE";407;90;"PETROLINA";"Velocidade Incompatível";"Atropelamento de Pedestre";"Com Vítimas Fatais";"Pleno dia";"Decrescente";"Céu Claro";"Simples";"Reta";"Não";2;1;0;0;1;0;0;2;-9,09108986;-40,65584672;"SPRF-PE";"DEL06-PE";"UOP02-DEL06-PE"
405846;2022-01-04;"terça-feira";"06:55:00";"PA";316;40;"SANTA IZABEL DO PARA";"Transitar na contramão";"Colisão frontal";"Com Vítimas Feridas";"Pleno dia";"Decrescente";"Céu Claro";"Simples";"Reta";"Sim";3;0;2;0;1;0;2;3;-1,2795637;-48,12243407;"SPRF-PA";"DEL01-PA";"UOP01-DEL01-PA"
405847;2022-01-04;"terça-feira";"08:30:00";"MG";262;475,1;"BOM DESPACHO";"Ausência de reação do condutor";"Colisão transversal";"Sem Vítimas";"Pleno dia";"Decrescente";"Nublado";"Simples";"Aclive";"Não";6;0;0;0;6;0;0;2;-19,78735338;-45,20201711;"SPRF-MG";"DEL08-MG";"UOP03-DEL08-MG"
405854;2022-01-04;"terça-feira";"05:40:00";"MT";70;701;"CACERES";"Transitar na contramão";"Colisão frontal";"Com Vítimas Fatais";"Amanhecer";"Crescente";"Céu Claro";"Simples";"Aclive";"Não";4;1;0;0;3;0;0;2;-16,23791605;-57,44446794;"SPRF-MT";"DEL03-MT";"UOP01-DEL03-MT"
405856;2022-01-04;"terça-feira";"09:15:00";"MG";381;815;"CAREACU";"Chuva";"Saída de leito carroçável";"Com Vítimas Feridas";"Pleno dia";"Decrescente";"Chuva";"Dupla";"Curva";"Não";2;0;1;0;1;0;1;1;-22,08771284;-45,70503017;"SPRF-MG";"DEL16-MG";"UOP02-DEL16-MG"
405858;2022-01-04;"terça-feira";"08:10:00";"MS";163;472,4;"CAMPO GRANDE";"Ausência de reação do condutor";"Tombamento";"Com Vítimas Feridas";"Pleno dia";"Decrescente";"Céu Claro";"Simples";"Reta";"Não";2;0;2;0;0;0;2;1;-20,54299197;-54,56075492;"SPRF-MS";"DEL01-MS";"UOP01-DEL01-MS"
405859;2022-01-04;"terça-feira";"07:40:00";"RO";364;343;"JI-PARANA";"Manobra de mudança de faixa";"Colisão lateral mesmo sentido";"Sem Vítimas";"Pleno dia";"Decrescente";"Sol";"Dupla";"Reta";"Sim";2;0;0;0;2;0;0;2;-10,87878519;-61,94499012;"SPRF-RO";"DEL02-RO";"UOP01-DEL02-RO"
405862;2022-01-04;"terça-feira";"07:40:00";"SC";282;171;"BOCAINA DO SUL";"Ultrapassagem Indevida";"Saída de leito carroçável";"Com Vítimas Feridas";"Pleno dia";"Crescente";"Céu Claro";"Simples";"Curva;Declive";"Não";2;0;2;0;0;0;2;1;-27,744198;-49,85305;"SPRF-SC";"DEL05-SC";"UOP01-DEL05-SC"
405864;2022-01-04;"terça-feira";"08:45:00";"BA";20;86;"SAO DESIDERIO";"Ausência de reação do condutor";"Colisão transversal";"Com Vítimas Feridas";"Pleno dia";"Crescente";"Nublado";"Simples";"Reta";"Não";6;0;3;0;3;0;3;2;-13,1946543;-46,0372186;"SPRF-BA";"DEL10-BA";"UOP01-DEL10-BA"
405865;2022-01-04;"terça-feira";"08:00:00";"GO";153;226,9;"HIDROLINA";"Pista esburacada";"Saída de leito carroçável";"Com Vítimas Feridas";"Pleno dia";"Decrescente";"Garoa/Chuvisco";"Simples";"Reta";"Não";5;0;1;0;4;0;1;1;-14,733307;-49,240131;"SPRF-GO";"DEL07-GO";"UOP02-DEL07-GO"
405866;2022-01-04;"terça-feira";"10:30:00";"RJ";116;258;"VOLTA REDONDA";"Demais falhas mecânicas ou elétricas";"Incêndio";"Sem Vítimas";"Pleno dia";"Crescente";"Nublado";"Simples";"Retorno Regulamentado";"Não";1;0;0;0;1;0;0;1;-22,58138777;-44,02160689;"SPRF-RJ";"DEL07-RJ";"UOP02-DEL07-RJ"
405867;2022-01-04;"terça-feira";"10:50:00";"MG";262;606,9;"CAMPOS ALTOS";"Velocidade Incompatível";"Saída de leito carroçável";"Com Vítimas Feridas";"Pleno dia";"Decrescente";"Chuva";"Simples";"Curva";"Não";3;0;2;0;1;0;2;1;-19,6044284;-46,2840271;"SPRF-MG";"DEL08-MG";"UOP02-DEL08-MG"
405872;2022-01-04;"terça-feira";"11:10:00";"SC";101;233,8;"PALHOCA";"Demais falhas mecânicas ou elétricas";"Colisão com objeto";"Com Vítimas Feridas";"Pleno dia";"Crescente";"Chuva";"Dupla";"Curva";"Não";4;0;3;0;1;0;3;2;-27,80376397;-48,63826211;"SPRF-SC";"DEL01-SC";"UOP02-DEL01-SC"
405873;2022-01-04;"terça-feira";"10:40:00";"SC";101;96;"BARRA VELHA";"Condutor deixou de manter distância do veículo da frente";"Colisão traseira";"Com Vítimas Feridas";"Pleno dia";"Crescente";"Chuva";"Dupla";"Curva";"Não";2;0;1;0;1;0;1;2;-26,718427;-48,70233;"SPRF-SC";"DEL03-SC";"UOP02-DEL03-SC"
405877;2022-01-04;"terça-feira";"12:20:00";"ES";262;3,7;"CARIACICA";"Condutor deixou de manter distância do veículo da frente";"Colisão lateral mesmo sentido";"Com Vítimas Feridas";"Pleno dia";"Crescente";"Céu Claro";"Dupla";"Reta";"Sim";3;0;1;0;2;0;1;3;-20,33374432;-40,36910933;"SPRF-ES";"DEL01-ES";"UOP01-DEL01-ES"
405879;2022-01-04;"terça-feira";"10:10:00";"PR";277;193,5;"PALMEIRA";"Condutor deixou de manter distância do veículo da frente";"Colisão traseira";"Com Vítimas Feridas";"Pleno dia";"Decrescente";"Céu Claro";"Simples";"Reta";"Não";7;0;3;0;4;0;3;2;-25,43186952;-50,13991928;"SPRF-PR";"DEL03-PR";"UOP03-DEL03-PR"
405883;2022-01-04;"terça-feira";"13:00:00";"RJ";116;242;"PIRAI";"Entrada inopinada do pedestre";"Atropelamento de Pedestre";"Com Vítimas Feridas";"Pleno dia";"Crescente";"Céu Claro";"Múltipla";"Curva";"Não";2;0;1;0;1;0;1;2;-22,63522537;-43,90258636;"SPRF-RJ";"DEL07-RJ";"UOP01-DEL07-RJ"
405886;2022-01-04;"terça-feira";"11:25:00";"AP";156;809;"OIAPOQUE";"Acumulo de água sobre o pavimento";"Saída de leito carroçável";"Com Vítimas Feridas";"Pleno dia";"Crescente";"Chuva";"Simples";"Reta";"Não";1;0;1;0;0;0;1;1;3,76155405;-51,78591291;"SPRF-AP";"DEL01-AP";"UOP03-DEL01-AP"
405887;2022-01-04;"terça-feira";"11:30:00";"AP";156;810;"OIAPOQUE";"Acumulo de água sobre o pavimento";"Colisão com objeto";"Com Vítimas Feridas";"Pleno dia";"Crescente";"Chuva";"Simples";"Curva";"Não";2;0;2;0;0;0;2;1;3,76155405;-51,78591291;"SPRF-AP";"DEL01-AP";"UOP03-DEL01-AP"
405889;2022-01-04;"terça-feira";"13:00:00";"MG";381;711,1;"CARMO DA CACHOEIRA";"Velocidade Incompatível";"Colisão com objeto";"Com Vítimas Feridas";"Pleno dia";"Decrescente";"Nublado";"Dupla";"Curva";"Não";2;0;2;0;0;0;2;1;-21,39313978;-45,19816009;"SPRF-MG";"DEL04-MG";"UOP02-DEL04-MG"
405890;2022-01-04;"terça-feira";"13:10:00";"SC";101;32,3;"JOINVILLE";"Acessar a via sem observar a presença dos outros veículos";"Colisão lateral mesmo sentido";"Com Vítimas Feridas";"Pleno dia";"Crescente";"Chuva";"Dupla";"Reta";"Não";3;0;2;0;1;0;2;2;-26,25188711;-48,90758157;"SPRF-SC";"DEL03-SC";"UOP01-DEL03-SC"
405892;2022-01-04;"terça-feira";"09:20:00";"SP";116;549;"BARRA DO TURVO";"Velocidade Incompatível";"Colisão traseira";"Sem Vítimas";"Pleno dia";"Crescente";"Garoa/Chuvisco";"Simples";"Curva";"Não";5;0;0;0;4;1;0;3;-24,95470506;-48,45560002;"SPRF-SP";"DEL05-SP";"UOP02-DEL05-SP"
405893;2022-01-04;"terça-feira";"13:40:00";"RN";304;180;"ANGICOS";"Demais falhas mecânicas ou elétricas";"Saída de leito carroçável";"Com Vítimas Fatais";"Pleno dia";"Decrescente";"Nublado";"Simples";"Reta";"Não";5;1;4;0;0;0;4;1;-5,6901045;-36,31102799;"SPRF-RN";"DEL01-RN";"UOP03-DEL01-RN"
405897;2022-01-04;"terça-feira";"11:55:00";"PR";376;70;"GUAIRACA";"Acessar a via sem observar a presença dos outros veículos";"Colisão transversal";"Com Vítimas Fatais";"Pleno dia";"Crescente";"Céu Claro";"Simples";"Declive";"Não";3;1;0;2;0;0;2;2;-22,93638517;-52,73905105;"SPRF-PR";"DEL09-PR";"UOP02-DEL09-PR"
405899;2022-01-04;"terça-feira";"13:05:00";"SC";153;68,8;"IRANI";"Condutor deixou de manter distância do veículo da frente";"Colisão traseira";"Com Vítimas Feridas";"Pleno dia";"Crescente";"Chuva";"Simples";"Curva";"Não";3;0;3;0;0;0;3;2;-27,033516;-51,879311;"SPRF-SC";"DEL07-SC";"UOP04-DEL07-SC"
405902;2022-01-04;"terça-feira";"13:20:00";"MG";381;486;"BETIM";"Reação tardia ou ineficiente do condutor";"Colisão traseira";"Com Vítimas Feridas";"Pleno dia";"Decrescente";"Nublado";"Dupla";"Reta";"Sim";2;0;1;0;1;0;1;2;-19,95644414;-44,13611598;"SPRF-MG";"DEL01-MG";"UOP03-DEL01-MG"
405903;2022-01-04;"terça-feira";"12:40:00";"RO";364;238;"CACOAL";"Transitar no acostamento";"Colisão lateral mesmo sentido";"Com Vítimas Feridas";"Pleno dia";"Crescente";"Céu Claro";"Simples";"Interseção de Vias;Aclive";"Sim";3;0;2;0;1;0;2;2;-11,4388578;-61,45471289;"SPRF-RO";"DEL02-RO";"UOP02-DEL02-RO"
405913;2022-01-04;"terça-feira";"14:15:00";"SC";101;40,1;"JOINVILLE";"Reação tardia ou ineficiente do condutor";"Colisão traseira";"Com Vítimas Feridas";"Pleno dia";"Decrescente";"Chuva";"Dupla";"Curva";"Sim";4;0;2;0;2;0;2;3;-26,27176094;-48,89468382;"SPRF-SC";"DEL03-SC";"UOP01-DEL03-SC"
405914;2022-01-04;"terça-feira";"14:20:00";"PR";376;615;"SAO JOSE DOS PINHAIS";"Condutor deixou de manter distância do veículo da frente";"Colisão traseira";"Com Vítimas Feridas";"Pleno dia";"Crescente";"Céu Claro";"Dupla";"Reta";"Sim";6;0;4;1;1;0;5;2;-25,569237;-49,183735;"SPRF-PR";"DEL01-PR";"UOP01-DEL01-PR"
405915;2022-01-04;"terça-feira";"14:00:00";"SC";101;157,3;"PORTO BELO";"Reação tardia ou ineficiente do condutor";"Colisão traseira";"Com Vítimas Feridas";"Pleno dia";"Crescente";"Chuva";"Dupla";"Reta";"Sim";3;0;1;0;2;0;1;2;-27,181625;-48,6121179;"SPRF-SC";"DEL04-SC";"UOP03-DEL04-SC"
405920;2022-01-04;"terça-feira";"15:40:00";"RJ";101;456;"ANGRA DOS REIS";"Ultrapassagem Indevida";"Colisão lateral mesmo sentido";"Com Vítimas Feridas";"Pleno dia";"Crescente";"Céu Claro";"Simples";"Reta";"Sim";2;0;0;1;1;0;1;2;-23,03288558;-44,16793391;"SPRF-RJ";"DEL03-RJ";"UOP03-DEL03-RJ"
405922;2022-01-04;"terça-feira";"07:35:00";"PR";376;436,9;"TIBAGI";"Mal súbito do condutor";"Colisão com objeto";"Com Vítimas Feridas";"Pleno dia";"Decrescente";"Céu Claro";"Dupla";"Curva";"Não";1;0;0;1;0;0;1;1;-24,78659299;-50,50753948;"SPRF-PR";"DEL03-PR";"UOP02-DEL03-PR"
405923;2022-01-04;"terça-feira";"13:30:00";"MG";153;7;"ARAPORA";"Ausência de reação do condutor";"Tombamento";"Com Vítimas Feridas";"Pleno dia";"Decrescente";"Chuva";"Dupla";"Reta";"Não";1;0;1;0;0;0;1;1;-18,478658;-49,188442;"SPRF-MG";"DEL15-MG";"UOP03-DEL15-MG"
405925;2022-01-04;"terça-feira";"15:30:00";"GO";20;9,7;"FORMOSA";"Ausência de reação do condutor";"Colisão traseira";"Com Vítimas Feridas";"Pleno dia";"Decrescente";"Nublado";"Simples";"Em Obras;Reta;Declive";"Não";5;0;1;0;3;1;1;4;-15,554792;-47,274769;"SPRF-DF";"DEL02-DF";"UOP01-DEL02-DF"
405926;2022-01-04;"terça-feira";"16:15:00";"RN";101;84,9;"NATAL";"Acessar a via sem observar a presença dos outros veículos";"Colisão lateral mesmo sentido";"Com Vítimas Feridas";"Pleno dia";"Decrescente";"Céu Claro";"Múltipla";"Viaduto;Aclive";"Sim";3;0;1;0;2;0;1;3;-5,774175;-35,2578;"SPRF-RN";"DEL02-RN";"UOP01-DEL02-RN"
405927;2022-01-04;"terça-feira";"16:00:00";"PR";376;665,1;"GUARATUBA";"Demais falhas mecânicas ou elétricas";"Incêndio";"Sem Vítimas";"Pleno dia";"Decrescente";"Garoa/Chuvisco";"Simples";"Aclive;Curva";"Não";1;0;0;0;1;0;0;1;-25,85455838;-48,95670808;"SPRF-PR";"DEL01-PR";"UOP04-DEL01-PR"
405928;2022-01-04;"terça-feira";"11:30:00";"AL";316;79,2;"POCO DAS TRINCHEIRAS";"Condutor deixou de manter distância do veículo da frente";"Colisão lateral mesmo sentido";"Sem Vítimas";"Pleno dia";"Crescente";"Céu Claro";"Simples";"Reta";"Não";2;0;0;0;2;0;0;2;-9,34022598;-37,28513299;"SPRF-AL";"DEL03-AL";"UOP02-DEL03-AL"
405930;2022-01-04;"terça-feira";"16:05:00";"SC";470;125,6;"LONTRAS";"Acessar a via sem observar a presença dos outros veículos";"Colisão transversal";"Sem Vítimas";"Pleno dia";"Crescente";"Nublado";"Simples";"Reta";"Sim";2;0;0;0;2;0;0;2;-27,120506;-49,534946;"SPRF-SC";"DEL04-SC";"UOP02-DEL04-SC"
405931;2022-01-04;"terça-feira";"17:10:00";"PE";232;10,1;"JABOATAO DOS GUARARAPES";"Pedestre cruzava a pista fora da faixa";"Colisão traseira";"Com Vítimas Feridas";"Anoitecer";"Crescente";"Céu Claro";"Dupla";"Reta";"Sim";5;0;0;1;4;0;1;2;-8,07917241;-34,98718609;"SPRF-PE";"DEL01-PE";"UOP01-DEL01-PE"
405932;2022-01-04;"terça-feira";"17:00:00";"PB";101;60;"SANTA RITA";"Manobra de mudança de faixa";"Colisão lateral mesmo sentido";"Sem Vítimas";"Pleno dia";"Decrescente";"Céu Claro";"Dupla";"Reta";"Não";2;0;0;0;2;0;0;2;-7,00141407;-35,06459811;"SPRF-PB";"DEL01-PB";"UOP04-DEL01-PB"
405933;2022-01-04;"terça-feira";"13:35:00";"MG";50;193;"UBERABA";"Condutor Dormindo";"Tombamento";"Com Vítimas Feridas";"Pleno dia";"Crescente";"Nublado";"Dupla";"Reta";"Não";1;0;1;0;0;0;1;1;-19,87965993;-47,85365089;"SPRF-MG";"DEL13-MG";"UOP01-DEL13-MG"
405934;2022-01-04;"terça-feira";"17:40:00";"CE";222;3,8;"CAUCAIA";"Ingestão de álcool ou de substâncias psicoativas pelo pedestre";"Atropelamento de Pedestre";"Com Vítimas Feridas";"Anoitecer";"Decrescente";"Céu Claro";"Múltipla";"Reta";"Sim";2;0;1;0;1;0;1;2;-3,7403769;-38,59569202;"SPRF-CE";"DEL01-CE";"UOP01-DEL01-CE"
405935;2022-01-04;"terça-feira";"17:00:00";"PE";232;71,4;"GRAVATA";"Demais falhas mecânicas ou elétricas";"Tombamento";"Com Vítimas Feridas";"Pleno dia";"Decrescente";"Céu Claro";"Dupla";"Retorno Regulamentado";"Sim";1;0;1;0;0;0;1;1;-8,186171;-35,499124;"SPRF-PE";"DEL02-PE";"UOP02-DEL02PE"
405936;2022-01-04;"terça-feira";"16:50:00";"SC";163;66,9;"SAO MIGUEL DO OESTE";"Acessar a via sem observar a presença dos outros veículos";"Colisão transversal";"Com Vítimas Feridas";"Pleno dia";"Crescente";"Garoa/Chuvisco";"Dupla";"Reta";"Sim";2;0;1;0;1;0;1;2;-26,76001928;-53,50036025;"SPRF-SC";"DEL07-SC";"UOP03-DEL07-SC"
405937;2022-01-04;"terça-feira";"14:40:00";"RS";290;646;"URUGUAIANA";"Pista Escorregadia";"Capotamento";"Com Vítimas Feridas";"Pleno dia";"Decrescente";"Chuva";"Simples";"Reta";"Não";4;0;1;0;3;0;1;1;-30,014561;-56,379185;"SPRF-RS";"DEL13-RS";"UOP02-DEL13-RS"
405939;2022-01-04;"terça-feira";"18:15:00";"CE";222;1,1;"FORTALEZA";"Desrespeitar a preferência no cruzamento";"Colisão transversal";"Com Vítimas Feridas";"Plena Noite";"Crescente";"Céu Claro";"Múltipla";"Reta";"Sim";2;0;1;0;1;0;1;2;-3,737804;-38,578061;"SPRF-CE";"DEL01-CE";"UOP01-DEL01-CE"
405941;2022-01-04;"terça-feira";"18:20:00";"MG";381;941;"EXTREMA";"Chuva";"Capotamento";"Com Vítimas Feridas";"Plena Noite";"Crescente";"Chuva";"Dupla";"Curva";"Não";1;0;1;0;0;0;1;1;-22,86021873;-46,34260711;"SPRF-MG";"DEL16-MG";"UOP03-DEL16-MG"
405943;2022-01-04;"terça-feira";"17:55:00";"RS";116;248;"SAO LEOPOLDO";"Ausência de reação do condutor";"Colisão com objeto";"Com Vítimas Feridas";"Pleno dia";"Crescente";"Céu Claro";"Múltipla";"Reta";"Sim";2;0;1;1;0;0;2;1;-29,77605895;-51,15508618;"SPRF-RS";"DEL01-RS";"UOP02-DEL01-RS"
405946;2022-01-04;"terça-feira";"18:00:00";"SC";101;215;"PALHOCA";"Condutor deixou de manter distância do veículo da frente";"Tombamento";"Com Vítimas Feridas";"Pleno dia";"Crescente";"Chuva";"Dupla";"Curva";"Sim";1;0;1;0;0;0;1;1;-27,65184843;-48,67604941;"SPRF-SC";"DEL01-SC";"UOP02-DEL01-SC"
405949;2022-01-04;"terça-feira";"14:10:00";"SC";282;426,1;"VARGEM BONITA";"Velocidade Incompatível";"Colisão frontal";"Com Vítimas Fatais";"Pleno dia";"Decrescente";"Nublado";"Simples";"Curva";"Não";6;1;4;0;1;0;4;3;-26,97876667;-51,75747833;"SPRF-SC";"DEL07-SC";"UOP05-DEL07-SC"
405950;2022-01-04;"terça-feira";"18:20:00";"PR";476;139;"CURITIBA";"Pista Escorregadia";"Colisão traseira";"Com Vítimas Feridas";"Pleno dia";"Decrescente";"Chuva";"Múltipla";"Reta";"Sim";2;0;1;0;1;0;1;2;-25,51284;-49,289257;"SPRF-PR";"DEL01-PR";"UOP03-DEL01-PR"
405951;2022-01-04;"terça-feira";"18:30:00";"RS";470;214;"BENTO GONCALVES";"Acesso irregular";"Colisão transversal";"Com Vítimas Feridas";"Anoitecer";"Crescente";"Céu Claro";"Simples";"Curva";"Sim";3;0;3;0;0;0;3;2;-29,14408811;-51,53555411;"SPRF-RS";"DEL06-RS";"UOP01-DEL06-RS"
405952;2022-01-04;"terça-feira";"14:30:00";"PI";316;376;"VILA NOVA DO PIAUI";"Manobra de mudança de faixa";"Saída de leito carroçável";"Com Vítimas Fatais";"Pleno dia";"Crescente";"Chuva";"Simples";"Reta";"Não";6;1;1;3;0;1;4;2;-7,17586396;-40,90114094;"SPRF-PI";"DEL04-PI";"UOP03-DEL04-PI"
405954;2022-01-04;"terça-feira";"18:45:00";"PE";408;102,9;"SAO LOURENCO DA MATA";"Acessar a via sem observar a presença dos outros veículos";"Colisão transversal";"Com Vítimas Feridas";"Plena Noite";"Decrescente";"Céu Claro";"Dupla";"Reta";"Não";3;0;1;1;1;0;2;2;-8,05323195;-35,00247996;"SPRF-PE";"DEL01-PE";"UOP01-DEL01-PE"
405955;2022-01-04;"terça-feira";"16:45:00";"SC";101;99,8;"BALNEARIO PICARRAS";"Pedestre andava na pista";"Atropelamento de Pedestre";"Com Vítimas Feridas";"Pleno dia";"Decrescente";"Chuva";"Múltipla";"Reta;Declive";"Sim";2;0;0;1;1;0;1;2;-26,75482787;-48,68993675;"SPRF-SC";"DEL03-SC";"UOP02-DEL03-SC"
405957;2022-01-04;"terça-feira";"18:20:00";"RS";290;113,3;"ELDORADO DO SUL";"Acessar a via sem observar a presença dos outros veículos";"Colisão transversal";"Com Vítimas Feridas";"Pleno dia";"Decrescente";"Céu Claro";"Simples";"Reta";"Não";3;0;1;0;2;0;1;2;-30,043636;-51,337456;"SPRF-RS";"DEL02-RS";"UOP01-DEL02-RS"
405958;2022-01-04;"terça-feira";"18:40:00";"ES";101;297,7;"VIANA";"Condutor desrespeitou a iluminação vermelha do semáforo";"Colisão transversal";"Com Vítimas Feridas";"Plena Noite";"Decrescente";"Céu Claro";"Dupla";"Curva";"Sim";2;0;0;1;1;0;1;2;-20,34529844;-40,41026774;"SPRF-ES";"DEL01-ES";"UOP01-DEL01-ES"
405960;2022-01-04;"terça-feira";"19:15:00";"PR";277;1;"PARANAGUA";"Acesso irregular";"Colisão lateral mesmo sentido";"Com Vítimas Feridas";"Plena Noite";"Crescente";"Garoa/Chuvisco";"Simples";"Reta";"Sim";2;0;1;0;1;0;1;2;-25,5205;-48,5095;"SPRF-PR";"DEL01-PR";"UOP05-DEL01-PR"
405963;2022-01-04;"terça-feira";"18:20:00";"PR";277;488,3;"NOVA LARANJEIRAS";"Curva acentuada";"Saída de leito carroçável";"Com Vítimas Feridas";"Pleno dia";"Crescente";"Nublado";"Simples";"Curva";"Não";1;0;1;0;0;0;1;1;-25,24942715;-52,6289131;"SPRF-PR";"DEL04-PR";"UOP02-DEL04-PR"
405965;2022-01-04;"terça-feira";"18:20:00";"BA";415;48;"ITABUNA";"Acessar a via sem observar a presença dos outros veículos";"Colisão transversal";"Com Vítimas Feridas";"Plena Noite";"Decrescente";"Céu Claro";"Simples";"Reta";"Sim";2;0;1;0;0;1;1;2;-14,81574494;-39,29612388;"SPRF-BA";"DEL05-BA";"UOP01-DEL05-BA"
405966;2022-01-04;"terça-feira";"16:20:00";"SP";116;511;"CAJATI";"Pista Escorregadia";"Colisão com objeto";"Com Vítimas Feridas";"Pleno dia";"Decrescente";"Garoa/Chuvisco";"Dupla";"Curva";"Não";3;0;1;0;2;0;1;1;-24,846413;-48,213951;"SPRF-SP";"DEL05-SP";"UOP02-DEL05-SP"
405968;2022-01-04;"terça-feira";"17:05:00";"PE";232;504,7;"VERDEJANTE";"Condutor deixou de manter distância do veículo da frente";"Colisão traseira";"Sem Vítimas";"Pleno dia";"Crescente";"Céu Claro";"Simples";"Reta";"Não";2;0;0;0;2;0;0;2;-8,05261085;-39,08587407;"SPRF-PE";"DEL05-PE";"UOP01-DEL05-PE"
405969;2022-01-04;"terça-feira";"19:00:00";"RN";405;84;"APODI";"Ingestão de álcool pelo condutor";"Colisão traseira";"Com Vítimas Feridas";"Plena Noite";"Crescente";"Céu Claro";"Simples";"Reta";"Não";7;0;2;0;5;0;2;4;-5,71257305;-37,81160494;"SPRF-RN";"DEL04-RN";"UOP02-DEL04-RN"
405971;2022-01-04;"terça-feira";"17:30:00";"MG";381;632,5;"OLIVEIRA";"Reação tardia ou ineficiente do condutor";"Saída de leito carroçável";"Com Vítimas Feridas";"Pleno dia";"Crescente";"Nublado";"Dupla";"Curva;Aclive";"Não";5;0;1;0;4;0;1;1;-20,86147692;-44,84048107;"SPRF-MG";"DEL04-MG";"UOP01-DEL04-MG"
405972;2022-01-04;"terça-feira";"19:30:00";"RJ";493;18;"GUAPIMIRIM";"Ingestão de álcool pelo condutor";"Engavetamento";"Sem Vítimas";"Plena Noite";"Crescente";"Céu Claro";"Simples";"Reta";"Sim";3;0;0;0;3;0;0;3;-22,6687122;-43,01862696;"SPRF-RJ";"DEL04-RJ";"UOP02-DEL04-RJ"
405973;2022-01-04;"terça-feira";"19:15:00";"SC";470;98,4;"APIUNA";"Ausência de reação do condutor";"Colisão transversal";"Com Vítimas Feridas";"Plena Noite";"Decrescente";"Chuva";"Simples";"Reta";"Não";2;0;0;1;1;0;1;2;-27,032537;-49,385468;"SPRF-SC";"DEL04-SC";"UOP01-DEL04-SC"
405975;2022-01-04;"terça-feira";"19:30:00";"PR";369;208;"APUCARANA";"Reação tardia ou ineficiente do condutor";"Saída de leito carroçável";"Com Vítimas Feridas";"Plena Noite";"Crescente";"Céu Claro";"Simples";"Reta";"Sim";1;0;1;0;0;0;1;1;-23,565047;-51,502949;"SPRF-PR";"DEL07-PR";"UOP02-DEL07-PR"
405979;2022-01-04;"terça-feira";"19:00:00";"BA";116;807;"VITORIA DA CONQUISTA";"Ingestão de álcool pelo condutor";"Saída de leito carroçável";"Sem Vítimas";"Pleno dia";"Decrescente";"Céu Claro";"Simples";"Reta";"Não";1;0;0;0;1;0;0;1;-14,91261;-40,87555;"SPRF-BA";"DEL08-BA";"UOP01-DEL08-BA"
405982;2022-01-04;"terça-feira";"19:00:00";"RS";285;583;"SAO LUIZ GONZAGA";"Ausência de reação do condutor";"Capotamento";"Com Vítimas Feridas";"Pleno dia";"Crescente";"Céu Claro";"Simples";"Reta";"Não";1;0;1;0;0;0;1;1;-28,450102;-55,119457;"SPRF-RS";"DEL12-RS";"UOP01-DEL12-RS"
405984;2022-01-04;"terça-feira";"21:40:00";"MG";381;713,1;"CARMO DA CACHOEIRA";"Velocidade Incompatível";"Colisão com objeto";"Com Vítimas Feridas";"Plena Noite";"Crescente";"Chuva";"Dupla";"Retorno Regulamentado;Declive;Curva";"Não";2;0;1;0;1;0;1;1;-21,37557046;-45,19281864;"SPRF-MG";"DEL04-MG";"UOP02-DEL04-MG"