"id";"data_inversa";"dia_semana";"horario";"uf";"br";"km";"municipio";"causa_acidente";"tipo_acidente";"classificacao_acidente";"fase_dia";"sentido_via";"condicao_metereologica";"tipo_pista";"tracado_via";"uso_solo";"pessoas";"mortos";"feridos_leves";"feridos_graves";"ilesos";"ignorados";"feridos";"veiculos";"latitude";"longitude";"regional";"delegacia";"uop"
405985;2022-01-04;"terça-feira";"22:15:00";"SC";101;138;"BALNEARIO CAMBORIU";"Pista Escorregadia";"Atropelamento de Pedestre";"Com Vítimas Feridas";"Plena Noite";"Crescente";"Nublado";"Dupla";"Curva";"Sim";4;0;2;1;1;0;3;2;-27,02397426;-48,60761649;"SPRF-SC";"DEL04-SC";"UOP03-DEL04-SC"
405986;2022-01-04;"terça-feira";"22:00:00";"RS";285;484,3;"ENTRE-IJUIS";"Acumulo de água sobre o pavimento";"Saída de leito carroçável";"Com Vítimas Fatais";"Plena Noite";"Decrescente";"Chuva";"Simples";"Reta";"Não";4;1;0;1;2;0;1;1;-28,373297;-54,137657;"SPRF-RS";"DEL10-RS";"UOP01-DEL10-RS"
405989;2022-01-04;"terça-feira";"20:30:00";"PE";232;413,6;"SERRA TALHADA";"Ausência de reação do condutor";"Colisão traseira";"Com Vítimas Feridas";"Plena Noite";"Decrescente";"Céu Claro";"Simples";"Reta";"Sim";2;0;0;1;1;0;1;2;-7,98857087;-38,32972307;"SPRF-PE";"DEL04-PE";"UOP01-DEL04-PE"
405990;2022-01-04;"terça-feira";"13:30:00";"SC";101;181;"BIGUACU";"Ausência de reação do condutor";"Colisão traseira";"Sem Vítimas";"Pleno dia";"Crescente";"Chuva";"Dupla";"Reta";"Sim";2;0;0;0;2;0;0;2;-27,38958699;-48,63197593;"SPRF-SC";"DEL01-SC";"UOP01-DEL01-SC"
405991;2022-01-04;"terça-feira";"22:55:00";"RJ";116;169;"SAO JOAO DE MERITI";"Condutor Dormindo";"Colisão com objeto";"Com Vítimas Feridas";"Plena Noite";"Crescente";"Nublado";"Múltipla";"Reta";"Sim";1;0;0;1;0;0;1;1;-22,79255034;-43,36652063;"SPRF-RJ";"DEL01-RJ";"UOP02-DEL01-RJ"
405992;2022-01-04;"terça-feira";"20:10:00";"RO";425;143;"GUAJARA-MIRIM";"Ausência de reação do condutor";"Colisão traseira";"Sem Vítimas";"Plena Noite";"Crescente";"Céu Claro";"Dupla";"Reta";"Sim";2;0;0;0;2;0;0;2;-10,760793;-65,312408;"SPRF-RO";"DEL01-RO";"UOP03-DEL01-RO"
405995;2022-01-04;"terça-feira";"22:55:00";"PR";277;98;"CURITIBA";"Frear bruscamente";"Colisão traseira";"Com Vítimas Feridas";"Plena Noite";"Decrescente";"Nublado";"Dupla";"Reta";"Sim";2;0;1;0;1;0;1;2;-25,540113;-49,311317;"SPRF-PR";"DEL01-PR";"UOP01-DEL01-PR"
405996;2022-01-04;"terça-feira";"22:40:00";"PE";428;143,3;"PETROLINA";"Ingestão de álcool pelo condutor";"Tombamento";"Com Vítimas Feridas";"Plena Noite";"Decrescente";"Ignorado";"Simples";"Reta";"Não";1;0;1;0;0;0;1;1;-9,01587908;-40,27936587;"SPRF-PE";"DEL06-PE";"UOP01-DEL06-PE"
405999;2022-01-05;"quarta-feira";"01:15:00";"PB";230;27,3;"JOAO PESSOA";"Ausência de reação do condutor";"Colisão com objeto";"Sem Vítimas";"Plena Noite";"Crescente";"Chuva";"Dupla";"Curva";"Sim";1;0;0;0;0;1;0;1;-7,1677;-34,8855;"SPRF-PB";"DEL01-PB";"UOP01-DEL01-PB"
406000;2022-01-05;"quarta-feira";"02:00:00";"PR";376;189,3;"MARIALVA";"Manobra de mudança de faixa";"Colisão transversal";"Com Vítimas Feridas";"Plena Noite";"Decrescente";"Chuva";"Dupla";"Reta";"Não";5;0;4;0;1;0;4;2;-23,471231;-51,819515;"SPRF-PR";"DEL09-PR";"UOP01-DEL09-PR"
406001;2022-01-05;"quarta-feira";"01:30:00";"SC";101;34,9;"JOINVILLE";"Ingestão de álcool pelo condutor";"Colisão com objeto";"Com Vítimas Feridas";"Plena Noite";"Crescente";"Nublado";"Dupla";"Curva";"Sim";1;0;1;0;0;0;1;1;-26,26994275;-48,8954258;"SPRF-SC";"DEL03-SC";"UOP01-DEL03-SC"
406002;2022-01-05;"quarta-feira";"04:45:00";"PR";277;720,7;"FOZ DO IGUACU";"Reação tardia ou ineficiente do condutor";"Colisão traseira";"Com Vítimas Feridas";"Plena Noite";"Crescente";"Vento";"Dupla";"Reta";"Sim";3;0;0;2;1;0;2;2;-25,48750984;-54,50317706;"SPRF-PR";"DEL05-PR";"UOP03-DEL05-PR"
406003;2022-01-05;"quarta-feira";"05:15:00";"PE";101;83,8;"JABOATAO DOS GUARARAPES";"Animais na Pista";"Colisão traseira";"Sem Vítimas";"Pleno dia";"Crescente";"Sol";"Dupla";"Reta";"Sim";4;0;0;0;4;0;0;2;-8,175172;-34,942642;"SPRF-PE";"DEL01-PE";"UOP01-DEL01-PE"
406005;2022-01-05;"quarta-feira";"06:00:00";"SE";101;14;"SAO FRANCISCO";"Demais falhas mecânicas ou elétricas";"Colisão com objeto";"Com Vítimas Feridas";"Pleno dia";"Crescente";"Céu Claro";"Dupla";"Reta";"Não";3;0;2;0;1;0;2;1;-10,31157674;-36,89174049;"SPRF-SE";"DEL02-SE";"UOP02-DEL02-SE"
406006;2022-01-05;"quarta-feira";"05:30:00";"SP";116;273;"TABOAO DA SERRA";"Reação tardia ou ineficiente do condutor";"Colisão traseira";"Com Vítimas Feridas";"Pleno dia";"Crescente";"Nublado";"Dupla";"Reta";"Sim";2;0;1;0;0;1;1;2;-23,62809795;-46,81870306;"SPRF-SP";"DEL04-SP";"UOP01-DEL04-SP"
406008;2022-01-05;"quarta-feira";"06:35:00";"SC";101;85;"BARRA VELHA";"Condutor deixou de manter distância do veículo da frente";"Colisão traseira";"Com Vítimas Feridas";"Pleno dia";"Decrescente";"Sol";"Dupla";"Reta";"Sim";3;0;1;0;1;1;1;2;-26,62840879;-48,70813584;"SPRF-SC";"DEL03-SC";"UOP02-DEL03-SC"
406010;2022-01-05;"quarta-feira";"00:40:00";"MG";262;453,9;"NOVA SERRANA";"Velocidade Incompatível";"Tombamento";"Com Vítimas Feridas";"Plena Noite";"Decrescente";"Chuva";"Simples";"Reta";"Não";2;0;2;0;0;0;2;1;-19,8563698;-45,01560692;"SPRF-MG";"DEL08-MG";"UOP03-DEL08-MG"
406013;2022-01-05;"quarta-feira";"06:30:00";"BA";116;244;"QUIJINGUE";"Condutor Dormindo";"Capotamento";"Com Vítimas Fatais";"Pleno dia";"Decrescente";"Céu Claro";"Simples";"Reta";"Não";4;1;1;2;0;0;3;1;-10,726714;-38,91756;"SPRF-BA";"DEL07-BA";"UOP02-DEL07-BA"
406015;2022-01-05;"quarta-feira";"07:10:00";"RO";364;347;"JI-PARANA";"Condutor deixou de manter distância do veículo da frente";"Colisão traseira";"Com Vítimas Feridas";"Amanhecer";"Decrescente";"Céu Claro";"Simples";"Reta";"Sim";2;0;1;0;1;0;1;2;-10,856522;-61,9822343;"SPRF-RO";"DEL02-RO";"UOP01-DEL02-RO"
406016;2022-01-05;"quarta-feira";"08:15:00";"MG";262;539,4;"LUZ";"Chuva";"Saída de leito carroçável";"Com Vítimas Feridas";"Pleno dia";"Decrescente";"Chuva";"Simples";"Curva";"Não";4;0;4;0;0;0;4;1;-19,76268587;-45,79506296;"SPRF-MG";"DEL08-MG";"UOP02-DEL08-MG"
406018;2022-01-05;"quarta-feira";"08:00:00";"SP";381;50;"MAIRIPORA";"Avarias e/ou desgaste excessivo no pneu";"Queda de ocupante de veículo";"Com Vítimas Feridas";"Pleno dia";"Decrescente";"Nublado";"Dupla";"Reta";"Não";2;0;1;0;1;0;1;1;-23,21359807;-46,59367981;"SPRF-SP";"DEL03-SP";"UOP01-DEL03-SP"
406020;2022-01-05;"quarta-feira";"07:30:00";"RJ";356;49;"ITAPERUNA";"Condutor deixou de manter distância do veículo da frente";"Queda de ocupante de veículo";"Com Vítimas Feridas";"Pleno dia";"Crescente";"Céu Claro";"Simples";"Curva";"Não";1;0;0;1;0;0;1;1;-21,25300596;-41,78325793;"SPRF-RJ";"DEL08-RJ";"UOP03-DEL08-RJ"
406021;2022-01-05;"quarta-feira";"07:25:00";"PR";277;77;"SAO JOSE DOS PINHAIS";"Transitar na contramão";"Colisão lateral sentido oposto";"Com Vítimas Feridas";"Pleno dia";"Crescente";"Nublado";"Dupla";"Reta";"Não";2;0;0;1;1;0;1;2;-25,48481069;-49,18819427;"SPRF-PR";"DEL01-PR";"UOP01-DEL01-PR"
406024;2022-01-05;"quarta-feira";"08:00:00";"MG";365;787;"ITUIUTABA";"Ausência de reação do condutor";"Colisão transversal";"Com Vítimas Feridas";"Pleno dia";"Crescente";"Nublado";"Simples";"Reta;Em Obras;Declive";"Não";2;0;1;0;1;0;1;2;-18,93614458;-49,78864285;"SPRF-MG";"DEL15-MG";"UOP03-DEL15-MG"
406025;2022-01-05;"quarta-feira";"08:10:00";"SE";101;76;"MARUIM";"Acumulo de água sobre o pavimento";"Colisão com objeto";"Sem Vítimas";"Pleno dia";"Crescente";"Chuva";"Dupla";"Reta";"Não";1;0;0;0;1;0;0;1;-10,77357687;-37,12583705;"SPRF-SE";"DEL01-SE";"UOP01-DEL01-SE"
406028;2022-01-05;"quarta-feira";"07:20:00";"MT";70;686,7;"CACERES";"Manobra de mudança de faixa";"Colisão frontal";"Com Vítimas Fatais";"Pleno dia";"Crescente";"Chuva";"Simples";"Curva";"Não";5;2;0;1;2;0;1;2;-16,15426001;-57,35297994;"SPRF-MT";"DEL03-MT";"UOP02-DEL03-MT"
406029;2022-01-05;"quarta-feira";"07:15:00";"PB";230;339;"PATOS";"Acessar a via sem observar a presença dos outros veículos";"Tombamento";"Com Vítimas Fatais";"Pleno dia";"Decrescente";"Céu Claro";"Dupla";"Interseção de Vias";"Sim";1;1;0;0;0;0;0;1;-7,0057;-37,2998;"SPRF-PB";"DEL03-PB";"UOP01-DEL03-PB"
406030;2022-01-05;"quarta-feira";"09:00:00";"RN";101;99;"NATAL";"Desvio temporário";"Queda de ocupante de veículo";"Com Vítimas Feridas";"Pleno dia";"Decrescente";"Céu Claro";"Dupla";"Aclive";"Sim";1;0;1;0;0;0;1;1;-5,87359183;-35,22063023;"SPRF-RN";"DEL01-RN";"UOP01-DEL01-RN"
406031;2022-01-05;"quarta-feira";"08:02:00";"SC";282;179;"BOCAINA DO SUL";"Frear bruscamente";"Engavetamento";"Sem Vítimas";"Pleno dia";"Decrescente";"Céu Claro";"Simples";"Aclive";"Não";3;0;0;0;3;0;0;3;-27,740141;-49,930519;"SPRF-SC";"DEL05-SC";"UOP01-DEL05-SC"
406032;2022-01-05;"quarta-feira";"07:39:00";"RN";304;171;"ANGICOS";"Velocidade Incompatível";"Saída de leito carroçável";"Com Vítimas Feridas";"Pleno dia";"Crescente";"Céu Claro";"Simples";"Reta";"Não";4;0;4;0;0;0;4;1;-5,68711053;-36,419458;"SPRF-RN";"DEL01-RN";"UOP03-DEL01-RN"
406033;2022-01-05;"quarta-feira";"09:45:00";"PE";101;51;"ABREU E LIMA";"Ultrapassagem Indevida";"Colisão lateral mesmo sentido";"Com Vítimas Feridas";"Pleno dia";"Crescente";"Céu Claro";"Dupla";"Reta";"Sim";1;0;0;1;0;0;1;1;-7,92615321;-34,89724701;"SPRF-PE";"DEL01-PE";"UOP02-DEL01-PE"
406035;2022-01-05;"quarta-feira";"10:20:00";"SP";116;229;"SAO PAULO";"Ausência de reação do condutor";"Colisão lateral mesmo sentido";"Sem Vítimas";"Pleno dia";"Crescente";"Céu Claro";"Múltipla";"Reta";"Sim";2;0;0;0;2;0;0;2;-23,51291902;-46,57604698;"SPRF-SP";"DEL01-SP";"UOP01-DEL01-SP"
406039;2022-01-05;"quarta-feira";"10:10:00";"PE";101;50;"ABREU E LIMA";"Ausência de reação do condutor";"Colisão traseira";"Com Vítimas Feridas";"Pleno dia";"Crescente";"Nublado";"Dupla";"Reta";"Sim";2;0;1;0;1;0;1;2;-7,90938602;-34,90123228;"SPRF-PE";"DEL01-PE";"UOP02-DEL01-PE"
406040;2022-01-05;"quarta-feira";"09:10:00";"SC";470;96;"ASCURRA";"Manobra de mudança de faixa";"Colisão frontal";"Com Vítimas Feridas";"Pleno dia";"Decrescente";"Sol";"Simples";"Reta";"Não";5;0;3;1;1;0;4;2;-27,020767;-49,371342;"SPRF-SC";"DEL04-SC";"UOP01-DEL04-SC"
406041;2022-01-05;"quarta-feira";"09:00:00";"BA";101;524;"BUERAREMA";"Ultrapassagem Indevida";"Colisão lateral mesmo sentido";"Com Vítimas Feridas";"Pleno dia";"Decrescente";"Céu Claro";"Simples";"Curva";"Sim";2;0;1;0;1;0;1;2;-14,949289;-39,304236;"SPRF-BA";"DEL05-BA";"UOP01-DEL05-BA"
406044;2022-01-05;"quarta-feira";"10:15:00";"AP";210;2;"MACAPA";"Reação tardia ou ineficiente do condutor";"Tombamento";"Com Vítimas Feridas";"Pleno dia";"Decrescente";"Céu Claro";"Dupla";"Reta";"Sim";2;0;2;0;0;0;2;1;0,08282017;-51,07776189;"SPRF-AP";"DEL01-AP";"UOP01-DEL01-AP"
406046;2022-01-05;"quarta-feira";"09:40:00";"MG";116;704;"MURIAE";"Desrespeitar a preferência no cruzamento";"Colisão transversal";"Com Vítimas Feridas";"Pleno dia";"Crescente";"Sol";"Simples";"Curva";"Sim";2;0;2;0;0;0;2;2;-21,11887233;-42,3801899;"SPRF-MG";"DEL07-MG";"UOP02-DEL07-MG"
406047;2022-01-05;"quarta-feira";"08:30:00";"PE";101;79;"JABOATAO DOS GUARARAPES";"Trafegar com motocicleta (ou similar) entre as faixas";"Colisão transversal";"Com Vítimas Feridas";"Pleno dia";"Crescente";"Sol";"Dupla";"Reta";"Não";3;0;1;0;2;0;1;2;-8,14366112;-34,94723453;"SPRF-PE";"DEL01-PE";"UOP01-DEL01-PE"
406048;2022-01-05;"quarta-feira";"10:40:00";"SC";101;197,2;"BIGUACU";"Acessar a via sem observar a presença dos outros veículos";"Colisão transversal";"Com Vítimas Feridas";"Pleno dia";"Crescente";"Sol";"Múltipla";"Interseção de Vias";"Sim";2;0;1;0;1;0;1;2;-27,51844497;-48,63848496;"SPRF-SC";"DEL01-SC";"UOP01-DEL01-SC"
406049;2022-01-05;"quarta-feira";"11:00:00";"DF";60;2,5;"BRASILIA";"Ausência de reação do condutor";"Queda de ocupante de veículo";"Com Vítimas Feridas";"Pleno dia";"Decrescente";"Céu Claro";"Dupla";"Reta";"Não";1;0;1;0;0;0;1;1;-15,887383;-48,077988;"SPRF-DF";"DEL03-DF";"UOP01-DEL03-DF"
406050;2022-01-05;"quarta-feira";"09:30:00";"GO";452;45,8;"SANTA HELENA DE GOIAS";"Objeto estático sobre o leito carroçável";"Colisão com objeto";"Com Vítimas Feridas";"Pleno dia";"Crescente";"Céu Claro";"Simples";"Reta";"Não";5;0;4;0;1;0;4;1;-17,94510822;-50,51728809;"SPRF-GO";"DEL04-GO";"UOP01-DEL04-GO"
406052;2022-01-05;"quarta-feira";"11:30:00";"DF";20;0,9;"BRASILIA";"Ausência de reação do condutor";"Colisão lateral mesmo sentido";"Com Vítimas Feridas";"Pleno dia";"Crescente";"Céu Claro";"Dupla";"Declive";"Sim";7;0;1;0;6;0;1;2;-15,688145;-47,858797;"SPRF-DF";"DEL02-DF";"UOP01-DEL02-DF"
406054;2022-01-05;"quarta-feira";"11:00:00";"PE";423;96,7;"GARANHUNS";"Acessar a via sem observar a presença dos outros veículos";"Colisão transversal";"Com Vítimas Feridas";"Pleno dia";"Crescente";"Céu Claro";"Simples";"Reta";"Sim";2;0;0;1;1;0;1;2;-8,88021822;-36,48651678;"SPRF-PE";"DEL03-PE";"UOP01-DEL03-PE"
406056;2022-01-05;"quarta-feira";"11:30:00";"GO";50;233,4;"CATALAO";"Velocidade Incompatível";"Saída de leito carroçável";"Com Vítimas Feridas";"Pleno dia";"Crescente";"Garoa/Chuvisco";"Dupla";"Reta;Declive";"Não";5;0;3;2;0;0;5;1;-17,83112829;-47,77317882;"SPRF-GO";"DEL06-GO";"UOP01-DEL06-GO"
406060;2022-01-05;"quarta-feira";"12:00:00";"MG";40;584;"ITABIRITO";"Chuva";"Saída de leito carroçável";"Com Vítimas Feridas";"Pleno dia";"Crescente";"Chuva";"Simples";"Curva";"Sim";2;0;2;0;0;0;2;1;-20,32543595;-43,92760693;"SPRF-MG";"DEL01-MG";"UOP02-DEL01-MG"
406061;2022-01-05;"quarta-feira";"11:50:00";"MG";251;465,8;"GRAO MOGOL";"Pista esburacada";"Colisão com objeto";"Com Vítimas Feridas";"Pleno dia";"Crescente";"Céu Claro";"Simples";"Declive;Curva";"Não";2;0;0;1;1;0;1;1;-16,45710399;-43,40386502;"SPRF-MG";"DEL12-MG";"UOP01-DEL12-MG"
406065;2022-01-05;"quarta-feira";"12:20:00";"PR";376;4,3;"APUCARANA";"Desrespeitar a preferência no cruzamento";"Colisão transversal";"Com Vítimas Feridas";"Pleno dia";"Crescente";"Céu Claro";"Simples";"Interseção de Vias";"Sim";2;0;1;0;1;0;1;2;-23,5513;-51,461266;"SPRF-PR";"DEL07-PR";"UOP03-DEL07-PR"
406067;2022-01-05;"quarta-feira";"12:03:00";"SP";381;4;"VARGEM";"Reação tardia ou ineficiente do condutor";"Saída de leito carroçável";"Com Vítimas Feridas";"Pleno dia";"Decrescente";"Nevoeiro/Neblina";"Dupla";"Reta";"Não";2;0;1;0;1;0;1;2;-22,8826217;-46,40779515;"SPRF-SP";"DEL03-SP";"UOP01-DEL03-SP"
406069;2022-01-05;"quarta-feira";"12:10:00";"PE";232;140,8;"SAO CAITANO";"Velocidade Incompatível";"Colisão traseira";"Sem Vítimas";"Pleno dia";"Crescente";"Chuva";"Dupla";"Aclive";"Não";2;0;0;0;1;1;0;2;-8,32167728;-36,08468056;"SPRF-PE";"DEL02-PE";"UOP03-DEL02-PE"
406070;2022-01-05;"quarta-feira";"11:40:00";"RO";364;707;"PORTO VELHO";"Ausência de reação do condutor";"Colisão lateral mesmo sentido";"Sem Vítimas";"Pleno dia";"Crescente";"Sol";"Dupla";"Reta;Retorno Regulamentado";"Sim";2;0;0;0;2;0;0;2;-8,79554083;-63,84072487;"SPRF-RO";"DEL01-RO";"UOP01-DEL01-RO"
406072;2022-01-05;"quarta-feira";"12:30:00";"MG";381;802,9;"SAO GONCALO DO SAPUCAI";"Velocidade Incompatível";"Saída de leito carroçável";"Com Vítimas Feridas";"Pleno dia";"Decrescente";"Chuva";"Dupla";"Declive;Curva";"Não";1;0;1;0;0;0;1;1;-21,95077476;-45,62429488;"SPRF-MG";"DEL16-MG";"UOP02-DEL16-MG"
406073;2022-01-05;"quarta-feira";"11:40:00";"MG";40;644,2;"CRISTIANO OTONI";"Avarias e/ou desgaste excessivo no pneu";"Saída de leito carroçável";"Com Vítimas Feridas";"Pleno dia";"Decrescente";"Garoa/Chuvisco";"Simples";"Curva";"Não";5;0;4;0;1;0;4;1;-20,78032743;-43,81160086;"SPRF-MG";"DEL05-MG";"UOP02-DEL05-MG"
406079;2022-01-05;"quarta-feira";"10:32:00";"PR";373;454;"CHOPINZINHO";"Velocidade Incompatível";"Saída de leito carroçável";"Com Vítimas Feridas";"Pleno dia";"Crescente";"Céu Claro";"Simples";"Curva";"Não";1;0;1;0;0;0;1;1;-25,89790453;-52,37090248;"SPRF-PR";"DEL02-PR";"UOP01-DEL02-PR"
406081;2022-01-05;"quarta-feira";"13:00:00";"MG";381;333;"NOVA ERA";"Acessar a via sem observar a presença dos outros veículos";"Colisão transversal";"Com Vítimas Feridas";"Pleno dia";"Decrescente";"Céu Claro";"Simples";"Interseção de Vias;Reta";"Não";4;0;0;1;3;0;1;2;-19,80306599;-43,06083702;"SPRF-MG";"DEL03-MG";"UOP01-DEL03-MG"
406082;2022-01-05;"quarta-feira";"12:45:00";"CE";222;2,1;"FORTALEZA";"Ausência de reação do condutor";"Colisão traseira";"Com Vítimas Feridas";"Pleno dia";"Crescente";"Chuva";"Múltipla";"Reta";"Sim";4;0;2;0;2;0;2;2;-3,73910417;-38,5878719;"SPRF-CE";"DEL01-CE";"UOP01-DEL01-CE"
406084;2022-01-05;"quarta-feira";"13:40:00";"SC";101;118;"ITAJAI";"Condutor deixou de manter distância do veículo da frente";"Colisão traseira";"Com Vítimas Feridas";"Pleno dia";"Crescente";"Céu Claro";"Múltipla";"Reta";"Não";3;0;0;1;2;0;1;3;-26,895859;-48,71903;"SPRF-SC";"DEL04-SC";"UOP04-DEL04-SC"
406085;2022-01-05;"quarta-feira";"13:55:00";"SC";101;119,7;"ITAJAI";"Velocidade Incompatível";"Saída de leito carroçável";"Com Vítimas Feridas";"Pleno dia";"Crescente";"Céu Claro";"Dupla";"Reta";"Sim";1;0;0;1;0;0;1;1;-26,9043179;-48,71555481;"SPRF-SC";"DEL04-SC";"UOP04-DEL04-SC"
406088;2022-01-05;"quarta-feira";"13:20:00";"MG";40;471,1;"SETE LAGOAS";"Declive acentuado";"Queda de ocupante de veículo";"Com Vítimas Feridas";"Pleno dia";"Crescente";"Nublado";"Simples";"Declive";"Não";1;0;0;1;0;0;1;1;-19,47543632;-44,29066576;"SPRF-MG";"DEL02-MG";"UOP01-DEL02-MG"
406089;2022-01-05;"quarta-feira";"12:30:00";"RS";386;294,6;"POUSO NOVO";"Acumulo de água sobre o pavimento";"Saída de leito carroçável";"Com Vítimas Feridas";"Pleno dia";"Crescente";"Chuva";"Simples";"Declive;Curva";"Não";2;0;1;0;1;0;1;1;-29,121178;-52,248886;"SPRF-RS";"DEL04-RS";"UOP01-DEL04-RS"
406092;2022-01-05;"quarta-feira";"14:30:00";"RS";116;247;"SAO LEOPOLDO";"Acumulo de água sobre o pavimento";"Saída de leito carroçável";"Com Vítimas Feridas";"Pleno dia";"Decrescente";"Chuva";"Múltipla";"Curva";"Sim";4;0;3;0;1;0;3;2;-29,76733091;-51,1535296;"SPRF-RS";"DEL01-RS";"UOP02-DEL01-RS"
406094;2022-01-05;"quarta-feira";"12:10:00";"MG";262;586,6;"CAMPOS ALTOS";"Transitar na contramão";"Colisão frontal";"Com Vítimas Feridas";"Pleno dia";"Crescente";"Chuva";"Simples";"Curva";"Não";5;0;1;0;4;0;1;2;-19,66225488;-46,10030694;"SPRF-MG";"DEL08-MG";"UOP02-DEL08-MG"
406096;2022-01-05;"quarta-feira";"14:00:00";"GO";60;214,2;"VARJAO";"Acumulo de água sobre o pavimento";"Capotamento";"Com Vítimas Feridas";"Pleno dia";"Crescente";"Chuva";"Dupla";"Curva";"Não";3;0;1;0;2;0;1;1;-16,9515;-49,7014;"SPRF-GO";"DEL01-GO";"UOP02-DEL01-GO"
406098;2022-01-05;"quarta-feira";"14:40:00";"MG";365;643,1;"UBERLANDIA";"Chuva";"Saída de leito carroçável";"Com Vítimas Feridas";"Pleno dia";"Decrescente";"Chuva";"Dupla";"Reta;Aclive";"Não";1;0;1;0;0;0;1;1;-18,8808611;-48,49354102;"SPRF-MG";"DEL15-MG";"UOP01-DEL15-MG"
406103;2022-01-05;"quarta-feira";"16:00:00";"PR";369;150;"LONDRINA";"Condutor desrespeitou a iluminação vermelha do semáforo";"Colisão transversal";"Com Vítimas Feridas";"Pleno dia";"Decrescente";"Sol";"Dupla";"Reta;Interseção de Vias";"Sim";2;0;1;0;1;0;1;2;-23,292853;-51,161506;"SPRF-PR";"DEL07-PR";"UOP01-DEL07-PR"
406106;2022-01-05;"quarta-feira";"16:00:00";"ES";101;74;"SAO MATEUS";"Condutor Dormindo";"Colisão traseira";"Com Vítimas Feridas";"Pleno dia";"Crescente";"Céu Claro";"Simples";"Reta";"Não";3;0;1;0;2;0;1;2;-18,77756015;-39,87357381;"SPRF-ES";"DEL04-ES";"UOP02-DEL04-ES"
406108;2022-01-05;"quarta-feira";"15:55:00";"RS";290;50;"GLORINHA";"Chuva";"Saída de leito carroçável";"Com Vítimas Feridas";"Pleno dia";"Decrescente";"Chuva";"Dupla";"Reta";"Não";2;0;2;0;0;0;2;1;-29,906633;-50,757706;"SPRF-RS";"DEL03-RS";"UOP01-DEL03-RS"
406111;2022-01-05;"quarta-feira";"16:40:00";"SP";381;70;"MAIRIPORA";"Chuva";"Colisão com objeto";"Com Vítimas Feridas";"Pleno dia";"Crescente";"Chuva";"Dupla";"Curva";"Sim";3;0;0;1;2;0;1;2;-23,34972978;-46,56070474;"SPRF-SP";"DEL03-SP";"UOP01-DEL03-SP"
406114;2022-01-05;"quarta-feira";"16:45:00";"PE";101;14,5;"GOIANA";"Demais falhas mecânicas ou elétricas";"Colisão com objeto";"Com Vítimas Feridas";"Pleno dia";"Crescente";"Céu Claro";"Dupla";"Reta";"Não";2;0;1;0;1;0;1;1;-7,61832786;-34,97100773;"SPRF-PE";"DEL01-PE";"UOP02-DEL01-PE"
406115;2022-01-05;"quarta-feira";"06:00:00";"MS";267;652,5;"PORTO MURTINHO";"Reação tardia ou ineficiente do condutor";"Saída de leito carroçável";"Com Vítimas Feridas";"Pleno dia";"Crescente";"Céu Claro";"Simples";"Curva";"Não";1;0;1;0;0;0;1;1;-21,73893597;-57,59180492;"SPRF-MS";"DEL05-MS";"UOP01-DEL05-MS"
406117;2022-01-05;"quarta-feira";"15:30:00";"MS";163;490,3;"CAMPO GRANDE";"Manobra de mudança de faixa";"Tombamento";"Com Vítimas Feridas";"Pleno dia";"Decrescente";"Nublado";"Simples";"Curva";"Sim";2;0;1;0;1;0;1;2;-20,39684732;-54,55694675;"SPRF-MS";"DEL01-MS";"UOP02-DEL01-MS"
406118;2022-01-05;"quarta-feira";"17:30:00";"ES";101;290,8;"CARIACICA";"Desrespeitar a preferência no cruzamento";"Colisão transversal";"Com Vítimas Feridas";"Anoitecer";"Decrescente";"Céu Claro";"Dupla";"Retorno Regulamentado";"Sim";2;0;0;1;0;1;1;2;-20,28927747;-40,39181575;"SPRF-ES";"DEL01-ES";"UOP01-DEL01-ES"
406121;2022-01-05;"quarta-feira";"12:10:00";"SC";470;142;"RIO DO SUL";"Transitar no acostamento";"Colisão lateral mesmo sentido";"Sem Vítimas";"Pleno dia";"Decrescente";"Céu Claro";"Simples";"Curva";"Sim";2;0;0;0;2;0;0;2;-27,229801;-49,6693;"SPRF-SC";"DEL04-SC";"UOP02-DEL04-SC"
406126;2022-01-05;"quarta-feira";"16:40:00";"RO";364;706;"PORTO VELHO";"Avarias e/ou desgaste excessivo no pneu";"Colisão com objeto";"Com Vítimas Feridas";"Pleno dia";"Decrescente";"Chuva";"Dupla";"Reta";"Sim";1;0;1;0;0;0;1;1;-8,800812;-63,832104;"SPRF-RO";"DEL01-RO";"UOP01-DEL01-RO"
406128;2022-01-05;"quarta-feira";"16:10:00";"SC";470;122,6;"IBIRAMA";"Velocidade Incompatível";"Colisão frontal";"Com Vítimas Feridas";"Pleno dia";"Decrescente";"Chuva";"Simples";"Curva";"Não";12;0;11;0;1;0;11;4;-27,099888;-49,527679;"SPRF-SC";"DEL04-SC";"UOP02-DEL04-SC"
406129;2022-01-05;"quarta-feira";"14:40:00";"RJ";40;113;"DUQUE DE CAXIAS";"Velocidade Incompatível";"Colisão com objeto";"Com Vítimas Feridas";"Pleno dia";"Decrescente";"Céu Claro";"Múltipla";"Reta";"Sim";2;0;1;0;1;0;1;1;-22,70948502;-43,29040354;"SPRF-RJ";"DEL01-RJ";"UOP01-DEL01-RJ"
406130;2022-01-05;"quarta-feira";"18:00:00";"SC";101;146,2;"ITAPEMA";"Condutor deixou de manter distância do veículo da frente";"Colisão traseira";"Com Vítimas Feridas";"Pleno dia";"Decrescente";"Chuva";"Múltipla";"Reta";"Sim";4;0;1;0;3;0;1;3;-27,08666525;-48,60955587;"SPRF-SC";"DEL04-SC";"UOP03-DEL04-SC"