"id";"data_inversa";"dia_semana";"horario";"uf";"br";"km";"municipio";"causa_acidente";"tipo_acidente";"classificacao_acidente";"fase_dia";"sentido_via";"condicao_metereologica";"tipo_pista";"tracado_via";"uso_solo";"pessoas";"mortos";"feridos_leves";"feridos_graves";"ilesos";"ignorados";"feridos";"veiculos";"latitude";"longitude";"regional";"delegacia";"uop"
406131;2022-01-05;"quarta-feira";"18:30:00";"SP";153;58,1;"SAO JOSE DO RIO PRETO";"Ausência de reação do condutor";"Colisão com objeto";"Com Vítimas Feridas";"Pleno dia";"Crescente";"Nublado";"Dupla";"Reta";"Não";1;0;1;0;0;0;1;1;-20,77838195;-49,35300538;"SPRF-SP";"DEL09-SP";"UOP01-DEL09-SP"
406134;2022-01-05;"quarta-feira";"17:50:00";"MS";163;485;"CAMPO GRANDE";"Ausência de reação do condutor";"Queda de ocupante de veículo";"Com Vítimas Feridas";"Pleno dia";"Crescente";"Céu Claro";"Simples";"Reta";"Não";1;0;1;0;0;0;1;1;-20,44233707;-54,54201834;"SPRF-MS";"DEL01-MS";"UOP02-DEL01-MS"
406137;2022-01-05;"quarta-feira";"18:40:00";"SC";101;115;"ITAJAI";"Trafegar com motocicleta (ou similar) entre as faixas";"Colisão lateral mesmo sentido";"Com Vítimas Feridas";"Pleno dia";"Decrescente";"Chuva";"Múltipla";"Reta";"Sim";3;0;1;0;2;0;1;2;-26,87064015;-48,72954134;"SPRF-SC";"DEL04-SC";"UOP04-DEL04-SC"
406138;2022-01-05;"quarta-feira";"18:20:00";"RN";226;2;"NATAL";"Entrada inopinada do pedestre";"Atropelamento de Pedestre";"Com Vítimas Feridas";"Plena Noite";"Decrescente";"Céu Claro";"Simples";"Reta";"Sim";2;0;0;1;1;0;1;2;-5,81364934;-35,2466547;"SPRF-RN";"DEL01-RN";"UOP02-DEL01-RN"
406139;2022-01-05;"quarta-feira";"18:15:00";"PB";230;163,8;"CAMPINA GRANDE";"Transitar na contramão";"Colisão frontal";"Com Vítimas Feridas";"Plena Noite";"Crescente";"Céu Claro";"Simples";"Reta";"Sim";2;0;1;1;0;0;2;2;-7,211294;-35,93642;"SPRF-PB";"DEL02-PB";"UOP01-DEL02-PB"
406140;2022-01-05;"quarta-feira";"19:00:00";"SP";116;271;"TABOAO DA SERRA";"Ausência de reação do condutor";"Colisão lateral mesmo sentido";"Com Vítimas Feridas";"Plena Noite";"Crescente";"Chuva";"Dupla";"Reta";"Sim";2;0;1;0;1;0;1;2;-23,61809286;-46,80556302;"SPRF-SP";"DEL04-SP";"UOP01-DEL04-SP"
406143;2022-01-05;"quarta-feira";"19:35:00";"SC";101;195,3;"BIGUACU";"Ausência de reação do condutor";"Tombamento";"Com Vítimas Feridas";"Plena Noite";"Crescente";"Chuva";"Múltipla";"Reta";"Sim";1;0;1;0;0;0;1;1;-27,5047092;-48,65010819;"SPRF-SC";"DEL01-SC";"UOP01-DEL01-SC"
406144;2022-01-05;"quarta-feira";"18:45:00";"PI";343;1,1;"TERESINA";"Pista esburacada";"Tombamento";"Com Vítimas Feridas";"Plena Noite";"Crescente";"Céu Claro";"Dupla";"Reta";"Sim";1;0;1;0;0;0;1;1;-5,08113071;-42,76427334;"SPRF-PI";"DEL01-PI";"UOP01-DEL01-PI"
406145;2022-01-05;"quarta-feira";"15:30:00";"MG";381;837,5;"SAO SEBASTIAO DA BELA VISTA";"Chuva";"Saída de leito carroçável";"Com Vítimas Feridas";"Pleno dia";"Crescente";"Chuva";"Dupla";"Curva";"Não";4;0;2;1;0;1;3;2;-22,14864652;-45,82233542;"SPRF-MG";"DEL16-MG";"UOP01-DEL16-MG"
406147;2022-01-05;"quarta-feira";"17:00:00";"BA";116;658;"JEQUIE";"Condutor Dormindo";"Saída de leito carroçável";"Com Vítimas Feridas";"Pleno dia";"Crescente";"Céu Claro";"Simples";"Reta";"Não";2;0;1;0;1;0;1;1;-13,68160894;-40,09548576;"SPRF-BA";"DEL03-BA";"UOP01-DEL03-BA"
406150;2022-01-05;"quarta-feira";"09:25:00";"PR";376;140,8;"NOVA ESPERANCA";"Condutor deixou de manter distância do veículo da frente";"Colisão lateral mesmo sentido";"Com Vítimas Feridas";"Plena Noite";"Crescente";"Céu Claro";"Dupla";"Aclive";"Não";3;0;1;0;2;0;1;3;-23,240108;-52,171955;"SPRF-PR";"DEL09-PR";"UOP02-DEL09-PR"
406151;2022-01-05;"quarta-feira";"18:14:00";"PI";135;351,4;"BOM JESUS";"Conversão proibida";"Colisão transversal";"Com Vítimas Feridas";"Anoitecer";"Decrescente";"Nublado";"Dupla";"Reta";"Não";2;0;1;0;1;0;1;2;-9,07627817;-44,34586005;"SPRF-PI";"DEL03-PI";"UOP02-DEL03-PI"
406153;2022-01-05;"quarta-feira";"17:15:00";"RS";287;338,1;"SAO VICENTE DO SUL";"Animais na Pista";"Atropelamento de Animal";"Com Vítimas Feridas";"Pleno dia";"Decrescente";"Céu Claro";"Simples";"Reta";"Não";1;0;1;0;0;0;1;1;-29,61326188;-54,68518173;"SPRF-RS";"DEL12-RS";"UOP02-DEL12-RS"
406154;2022-01-05;"quarta-feira";"20:30:00";"SP";116;222;"GUARULHOS";"Ausência de reação do condutor";"Colisão com objeto";"Sem Vítimas";"Plena Noite";"Decrescente";"Chuva";"Dupla";"Reta";"Sim";1;0;0;0;1;0;0;1;-23,47093408;-46,51631097;"SPRF-SP";"DEL01-SP";"UOP01-DEL01-SP"
406156;2022-01-05;"quarta-feira";"19:50:00";"GO";364;196,3;"JATAI";"Pedestre andava na pista";"Atropelamento de Pedestre";"Com Vítimas Feridas";"Plena Noite";"Decrescente";"Céu Claro";"Dupla";"Retorno Regulamentado";"Sim";2;0;1;0;0;1;1;2;-17,917234;-51,720665;"SPRF-GO";"DEL05-GO";"UOP01-DEL05-GO"
406159;2022-01-05;"quarta-feira";"20:05:00";"MS";267;482,8;"JARDIM";"Reação tardia ou ineficiente do condutor";"Atropelamento de Pedestre";"Com Vítimas Feridas";"Plena Noite";"Decrescente";"Nublado";"Simples";"Reta";"Sim";2;0;1;1;0;0;2;2;-21,48307021;-56,14631299;"SPRF-MS";"DEL05-MS";"UOP01-DEL05-MS"
406161;2022-01-05;"quarta-feira";"21:00:00";"SP";381;61;"MAIRIPORA";"Chuva";"Tombamento";"Com Vítimas Feridas";"Plena Noite";"Decrescente";"Chuva";"Dupla";"Aclive";"Não";2;0;0;1;1;0;1;2;-23,29011611;-46,5800681;"SPRF-SP";"DEL03-SP";"UOP01-DEL03-SP"
406165;2022-01-05;"quarta-feira";"19:36:00";"SC";116;21,4;"ITAIOPOLIS";"Ultrapassagem Indevida";"Colisão frontal";"Com Vítimas Feridas";"Plena Noite";"Decrescente";"Chuva";"Simples";"Reta";"Não";4;0;2;2;0;0;4;2;-26,24948781;-49,90733133;"SPRF-SC";"DEL06-SC";"UOP01-DEL06-SC"
406166;2022-01-05;"quarta-feira";"20:15:00";"RJ";116;172;"SAO JOAO DE MERITI";"Acessar a via sem observar a presença dos outros veículos";"Colisão lateral mesmo sentido";"Com Vítimas Feridas";"Plena Noite";"Decrescente";"Chuva";"Múltipla";"Reta";"Sim";3;0;1;0;2;0;1;2;-22,80188151;-43,35043673;"SPRF-RJ";"DEL01-RJ";"UOP02-DEL01-RJ"
406169;2022-01-05;"quarta-feira";"21:00:00";"SP";116;406;"MIRACATU";"Entrada inopinada do pedestre";"Atropelamento de Pedestre";"Com Vítimas Fatais";"Plena Noite";"Crescente";"Ignorado";"Dupla";"Reta";"Não";2;1;0;0;1;0;0;2;-24,3250391;-47,55598398;"SPRF-SP";"DEL04-SP";"UOP02-DEL04-SP"
406170;2022-01-05;"quarta-feira";"15:00:00";"SC";101;38;"JOINVILLE";"Reação tardia ou ineficiente do condutor";"Colisão transversal";"Com Vítimas Feridas";"Pleno dia";"Decrescente";"Céu Claro";"Simples";"Interseção de Vias";"Sim";5;0;1;0;4;0;1;2;-26,25472505;-48,90561309;"SPRF-SC";"DEL03-SC";"UOP01-DEL03-SC"
406172;2022-01-05;"quarta-feira";"19:00:00";"SC";282;570,7;"NOVA ERECHIM";"Ultrapassagem Indevida";"Colisão frontal";"Com Vítimas Fatais";"Anoitecer";"Crescente";"Nublado";"Simples";"Reta";"Não";2;1;0;1;0;0;1;2;-26,893311;-52,926671;"SPRF-SC";"DEL07-SC";"UOP02-DEL07-SC"
406173;2022-01-05;"quarta-feira";"22:15:00";"PR";476;160;"ARAUCARIA";"Frear bruscamente";"Saída de leito carroçável";"Com Vítimas Feridas";"Plena Noite";"Decrescente";"Nublado";"Simples";"Aclive";"Sim";3;0;2;0;1;0;2;1;-25,619013;-49,440125;"SPRF-PR";"DEL01-PR";"UOP03-DEL01-PR"
406175;2022-01-05;"quarta-feira";"21:00:00";"RO";364;423;"JARU";"Ingestão de álcool pelo condutor";"Tombamento";"Com Vítimas Feridas";"Plena Noite";"Crescente";"Garoa/Chuvisco";"Simples";"Reta";"Sim";1;0;1;0;0;0;1;1;-10,45220802;-62,46072003;"SPRF-RO";"DEL03-RO";"UOP02-DEL03-RO"
406177;2022-01-05;"quarta-feira";"18:10:00";"SC";282;531,5;"CORDILHEIRA ALTA";"Acessar a via sem observar a presença dos outros veículos";"Colisão transversal";"Com Vítimas Feridas";"Pleno dia";"Crescente";"Chuva";"Simples";"Reta";"Sim";2;0;1;0;1;0;1;2;-26,990747;-52,609776;"SPRF-SC";"DEL07-SC";"UOP01-DEL07-SC"
406178;2022-01-05;"quarta-feira";"22:50:00";"RN";406;170,4;"SAO GONCALO DO AMARANTE";"Demais falhas mecânicas ou elétricas";"Tombamento";"Com Vítimas Feridas";"Plena Noite";"Decrescente";"Céu Claro";"Dupla";"Reta";"Sim";2;0;2;0;0;0;2;1;-5,75872063;-35,29921986;"SPRF-RN";"DEL02-RN";"UOP01-DEL02-RN"
406182;2022-01-06;"quinta-feira";"00:15:00";"CE";222;279;"FRECHEIRINHA";"Acessar a via sem observar a presença dos outros veículos";"Colisão transversal";"Com Vítimas Fatais";"Plena Noite";"Decrescente";"Céu Claro";"Simples";"Reta";"Sim";2;1;1;0;0;0;1;2;-3,75637133;-40,80815327;"SPRF-CE";"DEL04-CE";"UOP02-DEL04-CE"
406183;2022-01-05;"quarta-feira";"17:50:00";"SC";470;138;"RIO DO SUL";"Ultrapassagem Indevida";"Colisão lateral mesmo sentido";"Com Vítimas Feridas";"Pleno dia";"Crescente";"Chuva";"Simples";"Reta";"Não";2;0;1;0;1;0;1;2;-27,207214;-49,648476;"SPRF-SC";"DEL04-SC";"UOP02-DEL04-SC"
406189;2022-01-06;"quinta-feira";"04:00:00";"SP";116;216;"GUARULHOS";"Condutor deixou de manter distância do veículo da frente";"Colisão traseira";"Sem Vítimas";"Plena Noite";"Decrescente";"Céu Claro";"Múltipla";"Reta";"Sim";4;0;0;0;4;0;0;2;-23,45222925;-46,46654268;"SPRF-SP";"DEL01-SP";"UOP01-DEL01-SP"
406190;2022-01-06;"quinta-feira";"02:35:00";"AL";101;247;"PORTO REAL DO COLEGIO";"Ausência de reação do condutor";"Colisão traseira";"Com Vítimas Feridas";"Plena Noite";"Crescente";"Céu Claro";"Simples";"Reta";"Não";6;0;1;0;5;0;1;2;-10,19937283;-36,82059635;"SPRF-AL";"DEL02-AL";"UOP02-DEL02-AL"
406191;2022-01-06;"quinta-feira";"02:30:00";"BA";242;769;"BARREIRAS";"Animais na Pista";"Atropelamento de Animal";"Com Vítimas Feridas";"Plena Noite";"Crescente";"Céu Claro";"Simples";"Reta";"Não";4;0;2;0;2;0;2;1;-12,16145253;-44,61060097;"SPRF-BA";"DEL10-BA";"UOP01-DEL10-BA"
406192;2022-01-06;"quinta-feira";"05:10:00";"GO";153;522,3;"HIDROLANDIA";"Animais na Pista";"Saída de leito carroçável";"Com Vítimas Feridas";"Amanhecer";"Crescente";"Chuva";"Dupla";"Reta";"Não";2;0;1;0;1;0;1;1;-16,9027;-49,2546;"SPRF-GO";"DEL01-GO";"UOP03-DEL01-GO"
406193;2022-01-05;"quarta-feira";"18:00:00";"MT";174;169,8;"PORTO ESPERIDIAO";"Acessar a via sem observar a presença dos outros veículos";"Colisão transversal";"Com Vítimas Feridas";"Anoitecer";"Decrescente";"Céu Claro";"Simples";"Interseção de Vias";"Sim";2;0;0;1;1;0;1;2;-15,8482247;-58,46356612;"SPRF-MT";"DEL03-MT";"UOP01-DEL03-MT"
406194;2022-01-06;"quinta-feira";"04:30:00";"BA";324;619;"SALVADOR";"Manobra de mudança de faixa";"Colisão lateral mesmo sentido";"Com Vítimas Feridas";"Amanhecer";"Decrescente";"Céu Claro";"Múltipla";"Reta";"Sim";3;0;2;0;1;0;2;2;-12,89820999;-38,45012202;"SPRF-BA";"DEL01-BA";"UOP01-DEL01-BA"
406196;2022-01-06;"quinta-feira";"05:15:00";"MS";163;391,7;"NOVA ALVORADA DO SUL";"Condutor deixou de manter distância do veículo da frente";"Colisão traseira";"Com Vítimas Feridas";"Pleno dia";"Decrescente";"Céu Claro";"Simples";"Reta";"Não";6;0;1;0;5;0;1;2;-21,24587397;-54,45117091;"SPRF-MS";"DEL02-MS";"UOP01-DEL02-MS"
406969;2022-01-06;"quinta-feira";"09:00:00";"PR";373;199;"IPIRANGA";"Desrespeitar a preferência no cruzamento";"Colisão transversal";"Com Vítimas Feridas";"Pleno dia";"Crescente";"Sol";"Simples";"Interseção de Vias;Reta";"Não";3;0;2;0;1;0;2;2;-25,08618191;-50,41080952;"SPRF-PR";"DEL03-PR";"UOP01-DEL03-PR"
407003;2022-01-06;"quinta-feira";"09:40:00";"RS";101;69,9;"OSORIO";"Demais falhas mecânicas ou elétricas";"Incêndio";"Sem Vítimas";"Pleno dia";"Crescente";"Nublado";"Dupla";"Reta";"Não";1;0;0;0;1;0;0;1;-29,745418;-50,211505;"SPRF-RS";"DEL03-RS";"UOP01-DEL03-RS"
407007;2022-01-06;"quinta-feira";"12:00:00";"GO";60;453;"JATAI";"Pista Escorregadia";"Saída de leito carroçável";"Com Vítimas Feridas";"Pleno dia";"Crescente";"Nublado";"Dupla";"Declive;Curva";"Não";1;0;1;0;0;0;1;1;-17,8565;-51,5532;"SPRF-GO";"DEL05-GO";"UOP01-DEL05-GO"
407010;2022-01-06;"quinta-feira";"08:30:00";"SC";280;220;"TRES BARRAS";"Condutor Dormindo";"Saída de leito carroçável";"Com Vítimas Feridas";"Pleno dia";"Crescente";"Nublado";"Simples";"Curva";"Não";2;0;1;0;1;0;1;1;-26,17118856;-50,26466388;"SPRF-SC";"DEL06-SC";"UOP04-DEL06-SC"
407011;2022-01-06;"quinta-feira";"12:45:00";"PB";101;83;"BAYEUX";"Condutor deixou de manter distância do veículo da frente";"Colisão traseira";"Com Vítimas Feridas";"Pleno dia";"Decrescente";"Sol";"Dupla";"Reta";"Não";4;0;3;0;1;0;3;3;-7,1337703;-34,92963914;"SPRF-PB";"DEL01-PB";"UOP01-DEL01-PB"
407012;2022-01-06;"quinta-feira";"06:45:00";"CE";116;3;"FORTALEZA";"Ausência de reação do condutor";"Colisão traseira";"Com Vítimas Feridas";"Pleno dia";"Decrescente";"Céu Claro";"Múltipla";"Interseção de Vias";"Sim";2;0;1;0;1;0;1;2;-3,77866493;-38,51490171;"SPRF-CE";"DEL01-CE";"UOP02-DEL01-CE"
407013;2022-01-06;"quinta-feira";"06:40:00";"CE";222;27;"CAUCAIA";"Acessar a via sem observar a presença dos outros veículos";"Colisão transversal";"Com Vítimas Feridas";"Pleno dia";"Crescente";"Nublado";"Simples";"Reta;Em Obras";"Sim";2;0;0;1;1;0;1;2;-3,72045534;-38,79404612;"SPRF-CE";"DEL01-CE";"UOP01-DEL01-CE"
407014;2022-01-06;"quinta-feira";"05:30:00";"SC";101;138;"BALNEARIO CAMBORIU";"Ingestão de álcool pelo condutor";"Colisão traseira";"Com Vítimas Feridas";"Amanhecer";"Decrescente";"Nublado";"Múltipla";"Reta";"Sim";2;0;1;1;0;0;2;2;-27,02397426;-48,60761649;"SPRF-SC";"DEL04-SC";"UOP03-DEL04-SC"
407015;2022-01-06;"quinta-feira";"09:00:00";"SP";153;49,5;"SAO JOSE DO RIO PRETO";"Acessar a via sem observar a presença dos outros veículos";"Colisão lateral mesmo sentido";"Com Vítimas Feridas";"Pleno dia";"Crescente";"Nublado";"Simples";"Reta";"Não";2;0;1;0;1;0;1;2;-20,70000401;-49,33945823;"SPRF-SP";"DEL09-SP";"UOP01-DEL09-SP"
407019;2022-01-06;"quinta-feira";"09:25:00";"RS";116;243;"SAO LEOPOLDO";"Reação tardia ou ineficiente do condutor";"Colisão com objeto";"Com Vítimas Feridas";"Pleno dia";"Crescente";"Céu Claro";"Dupla";"Reta";"Sim";1;0;1;0;0;0;1;1;-29,73196199;-51,14952004;"SPRF-RS";"DEL01-RS";"UOP02-DEL01-RS"
407020;2022-01-06;"quinta-feira";"08:30:00";"MG";365;255,7;"SAO GONCALO DO ABAETE";"Velocidade Incompatível";"Saída de leito carroçável";"Com Vítimas Feridas";"Pleno dia";"Crescente";"Chuva";"Simples";"Aclive;Reta";"Não";4;0;3;0;1;0;3;1;-17,85649671;-45,48552275;"SPRF-MG";"DEL14-MG";"UOP02-DEL14-MG"
407021;2022-01-06;"quinta-feira";"07:45:00";"SP";381;90;"GUARULHOS";"Reação tardia ou ineficiente do condutor";"Colisão lateral mesmo sentido";"Com Vítimas Feridas";"Pleno dia";"Crescente";"Nublado";"Múltipla";"Reta";"Sim";2;0;1;0;1;0;1;2;-23,49479479;-46,55959864;"SPRF-SP";"DEL03-SP";"UOP01-DEL03-SP"
407023;2022-01-06;"quinta-feira";"07:00:00";"PR";153;1,3;"IMBITUVA";"Velocidade Incompatível";"Saída de leito carroçável";"Com Vítimas Fatais";"Pleno dia";"Crescente";"Céu Claro";"Simples";"Reta";"Não";1;1;0;0;0;0;0;1;-25,2533045;-50,6357699;"SPRF-PR";"DEL03-PR";"UOP03-DEL03-PR"
407025;2022-01-06;"quinta-feira";"08:00:00";"MG";381;839,5;"SAO SEBASTIAO DA BELA VISTA";"Acessar a via sem observar a presença dos outros veículos";"Colisão lateral mesmo sentido";"Com Vítimas Feridas";"Pleno dia";"Crescente";"Nublado";"Dupla";"Retorno Regulamentado";"Não";5;0;4;0;1;0;4;2;-22,19834327;-45,85343083;"SPRF-MG";"DEL16-MG";"UOP01-DEL16-MG"
407027;2022-01-06;"quinta-feira";"07:45:00";"PR";277;729;"FOZ DO IGUACU";"Condutor deixou de manter distância do veículo da frente";"Colisão traseira";"Com Vítimas Feridas";"Pleno dia";"Decrescente";"Céu Claro";"Dupla";"Viaduto";"Sim";2;0;1;0;1;0;1;2;-25,50749887;-54,58379896;"SPRF-PR";"DEL05-PR";"UOP03-DEL05-PR"
407035;2022-01-06;"quinta-feira";"10:10:00";"RJ";40;77;"PETROPOLIS";"Acumulo de água sobre o pavimento";"Colisão com objeto";"Com Vítimas Feridas";"Pleno dia";"Crescente";"Nublado";"Simples";"Curva";"Não";3;0;3;0;0;0;3;1;-22,48005592;-43,23543994;"SPRF-RJ";"DEL06-RJ";"UOP01-DEL06-RJ"
407037;2022-01-06;"quinta-feira";"09:50:00";"SC";101;233;"PALHOCA";"Condutor Dormindo";"Colisão traseira";"Com Vítimas Feridas";"Pleno dia";"Crescente";"Garoa/Chuvisco";"Dupla";"Reta";"Não";4;0;3;0;1;0;3;2;-27,80376397;-48,63826211;"SPRF-SC";"DEL01-SC";"UOP02-DEL01-SC"
407040;2022-01-06;"quinta-feira";"09:55:00";"RS";158;326,2;"SANTA MARIA";"Velocidade Incompatível";"Colisão com objeto";"Com Vítimas Feridas";"Pleno dia";"Crescente";"Sol";"Dupla";"Curva";"Sim";2;0;2;0;0;0;2;1;-29,7150632;-53,81186307;"SPRF-RS";"DEL09-RS";"UOP01-DEL09-RS"
407044;2022-01-06;"quinta-feira";"14:27:00";"SC";470;52,8;"BLUMENAU";"Acesso irregular";"Colisão transversal";"Com Vítimas Feridas";"Pleno dia";"Crescente";"Céu Claro";"Simples";"Reta";"Não";2;0;0;1;1;0;1;2;-26,862286;-49,093903;"SPRF-SC";"DEL04-SC";"UOP01-DEL04-SC"
407045;2022-01-06;"quinta-feira";"09:15:00";"RO";364;715;"PORTO VELHO";"Ausência de reação do condutor";"Colisão transversal";"Com Vítimas Feridas";"Pleno dia";"Decrescente";"Céu Claro";"Dupla";"Rotatória;Viaduto";"Sim";4;0;1;1;0;2;2;3;-8,77957291;-63,89174213;"SPRF-RO";"DEL01-RO";"UOP01-DEL01-RO"
407046;2022-01-06;"quinta-feira";"12:00:00";"BA";415;29;"ILHEUS";"Ausência de reação do condutor";"Colisão traseira";"Com Vítimas Feridas";"Pleno dia";"Crescente";"Sol";"Simples";"Reta";"Não";4;0;2;0;2;0;2;2;-14,8482;-39,281986;"SPRF-BA";"DEL05-BA";"UOP01-DEL05-BA"
407048;2022-01-06;"quinta-feira";"10:00:00";"MG";40;71,6;"PARACATU";"Reação tardia ou ineficiente do condutor";"Saída de leito carroçável";"Com Vítimas Feridas";"Pleno dia";"Crescente";"Chuva";"Simples";"Curva";"Não";2;0;1;0;0;1;1;2;-17,40773313;-46,72153313;"SPRF-MG";"DEL14-MG";"UOP01-DEL14-MG"
407050;2022-01-06;"quinta-feira";"13:45:00";"MS";163;600;"SAO GABRIEL DO OESTE";"Chuva";"Saída de leito carroçável";"Com Vítimas Feridas";"Pleno dia";"Crescente";"Chuva";"Dupla";"Reta";"Não";5;0;1;0;4;0;1;1;-19,50263404;-54,47640207;"SPRF-MS";"DEL06-MS";"UOP02-DEL06-MS"
407051;2022-01-06;"quinta-feira";"14:40:00";"MG";40;783,8;"JUIZ DE FORA";"Velocidade Incompatível";"Saída de leito carroçável";"Com Vítimas Feridas";"Pleno dia";"Decrescente";"Nublado";"Dupla";"Declive;Curva";"Não";4;0;0;4;0;0;4;1;-21,70406297;-43,45067808;"SPRF-MG";"DEL05-MG";"UOP01-DEL05-MG"
407052;2022-01-06;"quinta-feira";"13:50:00";"RS";290;413,2;"SAO GABRIEL";"Acessar a via sem observar a presença dos outros veículos";"Colisão transversal";"Com Vítimas Feridas";"Pleno dia";"Crescente";"Céu Claro";"Simples";"Interseção de Vias";"Não";6;0;1;2;3;0;3;2;-30,358919;-54,279491;"SPRF-RS";"DEL11-RS";"UOP02-DEL11-RS"
407055;2022-01-06;"quinta-feira";"08:05:00";"BA";324;617;"SALVADOR";"Acesso irregular";"Queda de ocupante de veículo";"Com Vítimas Feridas";"Pleno dia";"Crescente";"Garoa/Chuvisco";"Dupla";"Reta";"Sim";1;0;1;0;0;0;1;1;-12,8860325;-38,43806469;"SPRF-BA";"DEL01-BA";"UOP01-DEL01-BA"
407058;2022-01-06;"quinta-feira";"14:50:00";"SC";101;203;"SAO JOSE";"Acessar a via sem observar a presença dos outros veículos";"Colisão lateral mesmo sentido";"Com Vítimas Feridas";"Pleno dia";"Decrescente";"Céu Claro";"Dupla";"Reta";"Sim";2;0;1;0;0;1;1;2;-27,5650044;-48,61460082;"SPRF-SC";"DEL01-SC";"UOP01-DEL01-SC"
407062;2022-01-06;"quinta-feira";"15:00:00";"SP";101;14;"UBATUBA";"Avarias e/ou desgaste excessivo no pneu";"Colisão com objeto";"Sem Vítimas";"Pleno dia";"Crescente";"Chuva";"Simples";"Declive";"Não";1;0;0;0;1;0;0;1;-23,34263919;-44,87462921;"SPRF-SP";"DEL06-SP";"UOP01-DEL06-SP"
407063;2022-01-06;"quinta-feira";"11:40:00";"BA";116;826,6;"VITORIA DA CONQUISTA";"Condutor deixou de manter distância do veículo da frente";"Colisão traseira";"Com Vítimas Feridas";"Pleno dia";"Decrescente";"Céu Claro";"Dupla";"Retorno Regulamentado";"Sim";2;0;1;0;1;0;1;2;-14,82104614;-40,81381393;"SPRF-BA";"DEL08-BA";"UOP01-DEL08-BA"
407069;2022-01-06;"quinta-feira";"14:00:00";"SE";101;70;"MARUIM";"Redutor de velocidade em desacordo";"Colisão traseira";"Com Vítimas Feridas";"Pleno dia";"Decrescente";"Céu Claro";"Simples";"Declive";"Não";4;0;1;0;3;0;1;2;-10,735791;-37,087876;"SPRF-SE";"DEL01-SE";"UOP01-DEL01-SE"
407072;2022-01-06;"quinta-feira";"15:30:00";"PR";116;42;"CAMPINA GRANDE DO SUL";"Acumulo de água sobre o pavimento";"Queda de ocupante de veículo";"Com Vítimas Feridas";"Pleno dia";"Crescente";"Garoa/Chuvisco";"Dupla";"Curva";"Não";2;0;2;0;0;0;2;1;-25,17611697;-48,874256;"SPRF-PR";"DEL01-PR";"UOP02-DEL01-PR"
407076;2022-01-06;"quinta-feira";"07:30:00";"DF";20;53;"BRASILIA";"Ausência de reação do condutor";"Saída de leito carroçável";"Com Vítimas Feridas";"Pleno dia";"Decrescente";"Nublado";"Dupla";"Reta";"Não";3;0;3;0;0;0;3;1;-15,57917;-47,394028;"SPRF-DF";"DEL02-DF";"UOP01-DEL02-DF"
407077;2022-01-06;"quinta-feira";"13:30:00";"MG";40;300;"TRES MARIAS";"Frear bruscamente";"Colisão com objeto";"Com Vítimas Feridas";"Pleno dia";"Crescente";"Chuva";"Simples";"Reta";"Não";2;0;2;0;0;0;2;1;-18,350118;-45,09330699;"SPRF-MG";"DEL14-MG";"UOP02-DEL14-MG"
407078;2022-01-06;"quinta-feira";"06:30:00";"RJ";116;171;"SAO JOAO DE MERITI";"Ingestão de álcool pelo condutor";"Colisão traseira";"Sem Vítimas";"Pleno dia";"Crescente";"Céu Claro";"Múltipla";"Reta";"Sim";2;0;0;0;2;0;0;2;-22,8060415;-43,34289573;"SPRF-RJ";"DEL01-RJ";"UOP02-DEL01-RJ"
407082;2022-01-06;"quinta-feira";"13:35:00";"DF";20;21;"BRASILIA";"Pista Escorregadia";"Eventos atípicos";"Com Vítimas Feridas";"Pleno dia";"Crescente";"Chuva";"Dupla";"Reta";"Sim";5;0;0;4;1;0;4;1;-15,603384;-47,684692;"SPRF-DF";"DEL02-DF";"UOP01-DEL02-DF"
407083;2022-01-06;"quinta-feira";"09:15:00";"GO";20;34;"FORMOSA";"Chuva";"Capotamento";"Com Vítimas Feridas";"Pleno dia";"Decrescente";"Chuva";"Simples";"Reta";"Não";6;0;0;2;4;0;2;1;-15,464266;-47,099323;"SPRF-DF";"DEL02-DF";"UOP01-DEL02-DF"
407085;2022-01-06;"quinta-feira";"15:30:00";"MG";153;35,8;"CANAPOLIS";"Reação tardia ou ineficiente do condutor";"Saída de leito carroçável";"Com Vítimas Feridas";"Pleno dia";"Decrescente";"Nublado";"Dupla";"Reta";"Sim";1;0;1;0;0;0;1;1;-18,71634072;-49,12946978;"SPRF-MG";"DEL15-MG";"UOP03-DEL15-MG"
407086;2022-01-06;"quinta-feira";"12:55:00";"GO";40;27;"LUZIANIA";"Velocidade Incompatível";"Colisão com objeto";"Com Vítimas Feridas";"Pleno dia";"Crescente";"Céu Claro";"Dupla";"Reta";"Não";2;0;0;2;0;0;2;1;-16,266185;-47,888241;"SPRF-DF";"DEL01-DF";"UOP01-DEL01-DF"
407088;2022-01-06;"quinta-feira";"08:45:00";"RN";101;109;"PARNAMIRIM";"Ausência de sinalização";"Colisão traseira";"Com Vítimas Feridas";"Pleno dia";"Decrescente";"Céu Claro";"Dupla";"Reta";"Sim";2;0;1;0;1;0;1;2;-5,937378;-35,26483;"SPRF-RN";"DEL01-RN";"UOP01-DEL01-RN"
407092;2022-01-06;"quinta-feira";"16:00:00";"MG";153;103;"PRATA";"Reação tardia ou ineficiente do condutor";"Saída de leito carroçável";"Sem Vítimas";"Pleno dia";"Crescente";"Chuva";"Simples";"Declive";"Não";4;0;0;0;4;0;0;1;-19,25475107;-48,92504524;"SPRF-MG";"DEL15-MG";"UOP03-DEL15-MG"