"id";"data_inversa";"dia_semana";"horario";"uf";"br";"km";"municipio";"causa_acidente";"tipo_acidente";"classificacao_acidente";"fase_dia";"sentido_via";"condicao_metereologica";"tipo_pista";"tracado_via";"uso_solo";"pessoas";"mortos";"feridos_leves";"feridos_graves";"ilesos";"ignorados";"feridos";"veiculos";"latitude";"longitude";"regional";"delegacia";"uop"
407227;2022-01-07;"sexta-feira";"09:00:00";"PR";116;0,1;"CAMPINA GRANDE DO SUL";"Chuva";"Saída de leito carroçável";"Com Vítimas Feridas";"Pleno dia";"Crescente";"Chuva";"Dupla";"Curva";"Não";2;0;1;0;1;0;1;1;-25,0604;-48,562973;"SPRF-PR";"DEL01-PR";"UOP02-DEL01-PR"
407234;2022-01-07;"sexta-feira";"09:25:00";"RJ";116;277;"BARRA MANSA";"Pista Escorregadia";"Colisão com objeto";"Com Vítimas Feridas";"Pleno dia";"Decrescente";"Chuva";"Dupla";"Curva";"Não";2;0;1;0;1;0;1;1;-22,5206124;-44,20448672;"SPRF-RJ";"DEL07-RJ";"UOP02-DEL07-RJ"
407238;2022-01-07;"sexta-feira";"09:30:00";"SP";116;445;"REGISTRO";"Avarias e/ou desgaste excessivo no pneu";"Colisão com objeto";"Com Vítimas Feridas";"Pleno dia";"Crescente";"Nublado";"Dupla";"Curva";"Sim";1;0;1;0;0;0;1;1;-24,49790715;-47,84208686;"SPRF-SP";"DEL05-SP";"UOP01-DEL05-SP"
407240;2022-01-07;"sexta-feira";"10:30:00";"GO";60;117;"TEREZOPOLIS DE GOIAS";"Ausência de reação do condutor";"Colisão traseira";"Sem Vítimas";"Pleno dia";"Decrescente";"Nublado";"Dupla";"Reta";"Não";3;0;0;0;3;0;0;3;-16,4789;-49,0864;"SPRF-GO";"DEL01-GO";"UOP01-DEL01-GO"
407243;2022-01-07;"sexta-feira";"04:00:00";"BA";324;223;"OUROLANDIA";"Ingestão de álcool pelo condutor";"Saída de leito carroçável";"Com Vítimas Fatais";"Plena Noite";"Decrescente";"Céu Claro";"Simples";"Reta";"Não";1;1;0;0;0;0;0;1;-10,94658506;-41,10534668;"SPRF-BA";"DEL04-BA";"UOP02-DEL04-BA"
407244;2022-01-07;"sexta-feira";"11:50:00";"PR";163;63,2;"PEROLA DOESTE";"Ingestão de álcool pelo condutor";"Saída de leito carroçável";"Com Vítimas Feridas";"Pleno dia";"Crescente";"Céu Claro";"Simples";"Curva";"Não";4;0;1;3;0;0;4;1;-25,88977003;-53,75280796;"SPRF-PR";"DEL02-PR";"UOP02-DEL02-PR"
407246;2022-01-07;"sexta-feira";"11:50:00";"SP";153;58,9;"SAO JOSE DO RIO PRETO";"Pista Escorregadia";"Queda de ocupante de veículo";"Com Vítimas Feridas";"Pleno dia";"Decrescente";"Céu Claro";"Dupla";"Reta";"Não";2;0;2;0;0;0;2;1;-20,77838195;-49,35300538;"SPRF-SP";"DEL09-SP";"UOP01-DEL09-SP"
407247;2022-01-06;"quinta-feira";"10:50:00";"RN";226;64,5;"SERRA CAIADA";"Ultrapassagem Indevida";"Colisão frontal";"Com Vítimas Feridas";"Pleno dia";"Crescente";"Céu Claro";"Simples";"Reta";"Não";4;0;2;1;1;0;3;2;-6,0740381;-35,68692985;"SPRF-RN";"DEL03-RN";"UOP02-DEL03-RN"
407254;2022-01-07;"sexta-feira";"12:30:00";"MG";381;512;"IGARAPE";"Demais falhas mecânicas ou elétricas";"Tombamento";"Com Vítimas Feridas";"Pleno dia";"Decrescente";"Chuva";"Múltipla";"Reta";"Sim";1;0;1;0;0;0;1;1;-20,09239724;-44,31458341;"SPRF-MG";"DEL01-MG";"UOP03-DEL01-MG"
407255;2022-01-07;"sexta-feira";"11:20:00";"PE";423;77,4;"JUCATI";"Ingestão de álcool pelo condutor";"Colisão lateral sentido oposto";"Sem Vítimas";"Pleno dia";"Crescente";"Céu Claro";"Simples";"Reta;Declive";"Não";2;0;0;0;1;1;0;2;-8,74261;-36,431024;"SPRF-PE";"DEL03-PE";"UOP01-DEL03-PE"
407256;2022-01-07;"sexta-feira";"12:50:00";"ES";101;353,8;"ANCHIETA";"Reação tardia ou ineficiente do condutor";"Saída de leito carroçável";"Com Vítimas Feridas";"Pleno dia";"Decrescente";"Nublado";"Simples";"Curva";"Não";2;0;2;0;0;0;2;1;-20,68394288;-40,66889763;"SPRF-ES";"DEL03-ES";"UOP01-DEL03-ES"
407257;2022-01-07;"sexta-feira";"05:45:00";"BA";101;148;"CONCEICAO DO JACUIPE";"Ausência de reação do condutor";"Atropelamento de Pedestre";"Com Vítimas Fatais";"Amanhecer";"Crescente";"Nublado";"Simples";"Reta";"Não";2;1;0;0;0;1;0;2;-12,32206384;-38,73960825;"SPRF-BA";"DEL01-BA";"UOP04-DEL01-BA"
407258;2022-01-07;"sexta-feira";"14:00:00";"MG";262;537,8;"LUZ";"Chuva";"Capotamento";"Com Vítimas Feridas";"Pleno dia";"Crescente";"Chuva";"Simples";"Curva";"Não";5;0;4;0;0;1;4;1;-19,77286917;-45,77984801;"SPRF-MG";"DEL08-MG";"UOP02-DEL08-MG"
407261;2022-01-07;"sexta-feira";"13:25:00";"MG";50;140,9;"UBERABA";"Acumulo de água sobre o pavimento";"Capotamento";"Com Vítimas Feridas";"Pleno dia";"Crescente";"Chuva";"Dupla";"Curva";"Não";4;0;0;4;0;0;4;1;-19,47657604;-48,05332612;"SPRF-MG";"DEL13-MG";"UOP01-DEL13-MG"
407265;2022-01-07;"sexta-feira";"12:50:00";"RO";364;710;"PORTO VELHO";"Ultrapassagem Indevida";"Colisão lateral mesmo sentido";"Sem Vítimas";"Pleno dia";"Decrescente";"Céu Claro";"Dupla";"Reta";"Sim";2;0;0;0;2;0;0;2;-8,7825545;-63,86456609;"SPRF-RO";"DEL01-RO";"UOP01-DEL01-RO"
407271;2022-01-07;"sexta-feira";"07:15:00";"SC";101;356,9;"SANGAO";"Velocidade Incompatível";"Capotamento";"Com Vítimas Feridas";"Pleno dia";"Crescente";"Céu Claro";"Dupla";"Interseção de Vias";"Não";1;0;1;0;0;0;1;1;-28,62930081;-49,08665412;"SPRF-SC";"DEL02-SC";"UOP01-DEL02-SC"
407272;2022-01-07;"sexta-feira";"14:00:00";"SC";101;324,1;"CAPIVARI DE BAIXO";"Mal súbito do condutor";"Colisão traseira";"Com Vítimas Feridas";"Pleno dia";"Decrescente";"Céu Claro";"Múltipla";"Curva;Declive";"Não";5;0;1;0;4;0;1;2;-28,42441066;-48,93930674;"SPRF-SC";"DEL02-SC";"UOP01-DEL02-SC"
407275;2022-01-07;"sexta-feira";"14:10:00";"SE";101;205,6;"CRISTINAPOLIS";"Condutor Dormindo";"Capotamento";"Com Vítimas Feridas";"Pleno dia";"Crescente";"Chuva";"Simples";"Reta;Declive";"Não";2;0;2;0;0;0;2;1;-11,51443822;-37,79490977;"SPRF-SE";"DEL02-SE";"UOP03-DEL02-SE"
407279;2022-01-07;"sexta-feira";"12:30:00";"MG";262;37,5;"MANHUACU";"Condutor deixou de manter distância do veículo da frente";"Colisão traseira";"Com Vítimas Feridas";"Pleno dia";"Decrescente";"Chuva";"Simples";"Curva";"Sim";5;0;1;0;3;1;1;4;-20,25748975;-42,03048732;"SPRF-MG";"DEL06-MG";"UOP03-DEL06-MG"
407283;2022-01-07;"sexta-feira";"16:00:00";"SP";116;180;"GUARAREMA";"Velocidade Incompatível";"Colisão com objeto";"Com Vítimas Feridas";"Pleno dia";"Crescente";"Nublado";"Simples";"Reta";"Não";1;0;1;0;0;0;1;1;-23,336372;-46,14513;"SPRF-SP";"DEL01-SP";"UOP01-DEL01-SP"
407284;2022-01-07;"sexta-feira";"15:50:00";"PR";277;721;"FOZ DO IGUACU";"Manobra de mudança de faixa";"Colisão transversal";"Com Vítimas Feridas";"Pleno dia";"Crescente";"Céu Claro";"Dupla";"Reta;Retorno Regulamentado";"Sim";3;0;0;1;2;0;1;3;-25,4911505;-54,51185421;"SPRF-PR";"DEL05-PR";"UOP03-DEL05-PR"
407291;2022-01-07;"sexta-feira";"15:00:00";"PE";104;82;"AGRESTINA";"Animais na Pista";"Atropelamento de Animal";"Com Vítimas Feridas";"Pleno dia";"Crescente";"Céu Claro";"Simples";"Reta";"Não";2;0;0;1;0;1;1;2;-8,414513;-35,967102;"SPRF-PE";"DEL02-PE";"UOP01-DEL02-PE"
407295;2022-01-07;"sexta-feira";"15:45:00";"RS";116;265;"CANOAS";"Demais falhas mecânicas ou elétricas";"Tombamento";"Com Vítimas Feridas";"Pleno dia";"Crescente";"Céu Claro";"Múltipla";"Reta";"Sim";1;0;1;0;0;0;1;1;-29,92342302;-51,17780944;"SPRF-RS";"DEL01-RS";"UOP01-DEL01-RS"
407296;2022-01-07;"sexta-feira";"14:10:00";"MG";40;568;"NOVA LIMA";"Avarias e/ou desgaste excessivo no pneu";"Saída de leito carroçável";"Sem Vítimas";"Pleno dia";"Decrescente";"Chuva";"Simples";"Reta";"Não";2;0;0;0;2;0;0;1;-20,19509609;-43,97360482;"SPRF-MG";"DEL01-MG";"UOP02-DEL01-MG"
407300;2022-01-07;"sexta-feira";"15:55:00";"MG";381;794,9;"SAO GONCALO DO SAPUCAI";"Chuva";"Capotamento";"Com Vítimas Feridas";"Pleno dia";"Crescente";"Chuva";"Dupla";"Curva";"Não";4;0;2;0;2;0;2;1;-21,92913899;-45,61170907;"SPRF-MG";"DEL16-MG";"UOP02-DEL16-MG"
407304;2022-01-07;"sexta-feira";"16:25:00";"AL";316;156,9;"PALMEIRA DOS INDIOS";"Ingestão de álcool pelo condutor";"Colisão transversal";"Com Vítimas Feridas";"Pleno dia";"Decrescente";"Céu Claro";"Simples";"Reta";"Sim";2;0;1;0;1;0;1;2;-9,42150066;-36,62537421;"SPRF-AL";"DEL03-AL";"UOP01-DEL03-AL"
407305;2022-01-06;"quinta-feira";"01:30:00";"MG";116;773,7;"LEOPOLDINA";"Velocidade Incompatível";"Saída de leito carroçável";"Com Vítimas Feridas";"Plena Noite";"Decrescente";"Garoa/Chuvisco";"Simples";"Curva";"Não";1;0;1;0;0;0;1;1;-21,52046338;-42,64130831;"SPRF-MG";"DEL07-MG";"UOP01-DEL07-MG"
407307;2022-01-07;"sexta-feira";"15:15:00";"MG";365;672,8;"MONTE ALEGRE DE MINAS";"Acumulo de água sobre o pavimento";"Saída de leito carroçável";"Com Vítimas Feridas";"Pleno dia";"Crescente";"Chuva";"Dupla";"Curva";"Não";1;0;1;0;0;0;1;1;-18,870627;-48,755318;"SPRF-MG";"DEL15-MG";"UOP01-DEL15-MG"
407308;2022-01-06;"quinta-feira";"08:00:00";"MG";354;719,7;"POUSO ALTO";"Obstrução na via";"Eventos atípicos";"Com Vítimas Feridas";"Pleno dia";"Crescente";"Chuva";"Simples";"Curva;Declive";"Não";1;0;0;1;0;0;1;1;-22,08480539;-44,95462641;"SPRF-MG";"DEL17-MG";"UOP01-DEL17-MG"
407310;2022-01-07;"sexta-feira";"16:30:00";"MG";381;899;"CAMBUI";"Velocidade Incompatível";"Tombamento";"Com Vítimas Feridas";"Pleno dia";"Decrescente";"Chuva";"Simples";"Reta";"Não";1;0;0;1;0;0;1;1;-22,62122077;-46,07367754;"SPRF-MG";"DEL16-MG";"UOP03-DEL16-MG"
407313;2022-01-07;"sexta-feira";"16:50:00";"SC";101;147;"ITAPEMA";"Acessar a via sem observar a presença dos outros veículos";"Colisão lateral mesmo sentido";"Com Vítimas Feridas";"Pleno dia";"Decrescente";"Céu Claro";"Dupla";"Reta";"Sim";2;0;1;0;1;0;1;2;-27,09237407;-48,61730888;"SPRF-SC";"DEL04-SC";"UOP03-DEL04-SC"
407314;2022-01-07;"sexta-feira";"17:15:00";"PB";101;84;"BAYEUX";"Ausência de reação do condutor";"Colisão traseira";"Com Vítimas Feridas";"Anoitecer";"Decrescente";"Céu Claro";"Dupla";"Reta";"Sim";2;0;1;0;1;0;1;2;-7,13957906;-34,92312806;"SPRF-PB";"DEL01-PB";"UOP01-DEL01-PB"
407316;2022-01-07;"sexta-feira";"17:00:00";"RS";290;88;"PORTO ALEGRE";"Trafegar com motocicleta (ou similar) entre as faixas";"Tombamento";"Com Vítimas Feridas";"Pleno dia";"Decrescente";"Sol";"Dupla";"Reta";"Não";1;0;1;0;0;0;1;1;-29,967531;-51,137264;"SPRF-RS";"DEL01-RS";"UOP01-DEL01-RS"
407319;2022-01-07;"sexta-feira";"15:50:00";"RO";364;712;"PORTO VELHO";"Ausência de reação do condutor";"Colisão traseira";"Com Vítimas Feridas";"Pleno dia";"Crescente";"Céu Claro";"Múltipla";"Reta";"Sim";2;0;1;0;1;0;1;2;-8,7770354;-63,87316466;"SPRF-RO";"DEL01-RO";"UOP01-DEL01-RO"
407320;2022-01-07;"sexta-feira";"17:28:00";"RS";116;270;"PORTO ALEGRE";"Manobra de mudança de faixa";"Colisão lateral mesmo sentido";"Com Vítimas Feridas";"Pleno dia";"Crescente";"Céu Claro";"Dupla";"Reta";"Sim";2;0;1;0;1;0;1;2;-29,9683909476;-51,1762389526;"SPRF-RS";"DEL01-RS";"UOP01-DEL01-RS"
407321;2022-01-07;"sexta-feira";"16:00:00";"RO";364;712;"PORTO VELHO";"Condutor deixou de manter distância do veículo da frente";"Colisão lateral mesmo sentido";"Com Vítimas Feridas";"Pleno dia";"Crescente";"Céu Claro";"Múltipla";"Rotatória";"Sim";2;0;0;1;1;0;1;2;-8,7770354;-63,87316466;"SPRF-RO";"DEL01-RO";"UOP01-DEL01-RO"
407322;2022-01-07;"sexta-feira";"15:20:00";"RS";101;76,7;"OSORIO";"Ausência de reação do condutor";"Saída de leito carroçável";"Com Vítimas Feridas";"Pleno dia";"Crescente";"Céu Claro";"Dupla";"Reta";"Não";1;0;1;0;0;0;1;1;-29,79575708;-50,23116587;"SPRF-RS";"DEL03-RS";"UOP01-DEL03-RS"
407323;2022-01-07;"sexta-feira";"16:30:00";"PR";116;6;"CAMPINA GRANDE DO SUL";"Chuva";"Saída de leito carroçável";"Com Vítimas Feridas";"Pleno dia";"Crescente";"Chuva";"Dupla";"Curva";"Não";3;0;1;0;2;0;1;1;-25,08258;-48,612372;"SPRF-PR";"DEL01-PR";"UOP02-DEL01-PR"
407324;2022-01-07;"sexta-feira";"17:00:00";"MA";135;5,1;"SAO LUIS";"Velocidade Incompatível";"Colisão traseira";"Com Vítimas Feridas";"Pleno dia";"Decrescente";"Céu Claro";"Dupla";"Reta";"Sim";3;0;0;1;2;0;1;3;-2,62145385;-44,25797421;"SPRF-MA";"DEL01-MA";"UOP01-DEL01-MA"
407327;2022-01-07;"sexta-feira";"13:10:00";"PR";476;196,5;"LAPA";"Velocidade Incompatível";"Colisão traseira";"Com Vítimas Feridas";"Pleno dia";"Crescente";"Nublado";"Simples";"Reta";"Não";2;0;1;0;1;0;1;2;-25,753437;-49,725754;"SPRF-PR";"DEL02-PR";"UOP04-DEL02-PR"
407330;2022-01-07;"sexta-feira";"18:35:00";"SC";280;33;"ARAQUARI";"Ultrapassagem Indevida";"Colisão transversal";"Com Vítimas Feridas";"Pleno dia";"Decrescente";"Céu Claro";"Simples";"Retorno Regulamentado";"Não";3;0;2;0;1;0;2;2;-26,42576441;-48,78741376;"SPRF-SC";"DEL03-SC";"UOP03-DEL03-SC"
407331;2022-01-03;"segunda-feira";"15:00:00";"SP";116;460;"PARIQUERA-ACU";"Avarias e/ou desgaste excessivo no pneu";"Queda de ocupante de veículo";"Com Vítimas Feridas";"Pleno dia";"Decrescente";"Céu Claro";"Dupla";"Reta";"Não";3;0;1;0;0;2;1;2;-24,61056238;-47,88286464;"SPRF-SP";"DEL05-SP";"UOP01-DEL05-SP"
407332;2022-01-07;"sexta-feira";"14:32:00";"MG";381;326,3;"NOVA ERA";"Reação tardia ou ineficiente do condutor";"Colisão traseira";"Com Vítimas Feridas";"Pleno dia";"Crescente";"Chuva";"Simples";"Reta";"Sim";2;0;1;0;1;0;1;2;-19,76186464;-43,04442797;"SPRF-MG";"DEL03-MG";"UOP02-DEL03-MG"
407341;2022-01-07;"sexta-feira";"19:40:00";"PE";232;302,1;"SERTANIA";"Condutor Dormindo";"Tombamento";"Com Vítimas Fatais";"Plena Noite";"Crescente";"Vento";"Simples";"Reta";"Não";2;1;0;0;0;1;0;2;-8,21293308;-37,42524012;"SPRF-PE";"DEL03-PE";"UOP02-DEL03-PE"
407346;2022-01-07;"sexta-feira";"18:15:00";"RJ";393;265,5;"BARRA DO PIRAI";"Avarias e/ou desgaste excessivo no pneu";"Saída de leito carroçável";"Sem Vítimas";"Anoitecer";"Decrescente";"Chuva";"Simples";"Curva";"Não";1;0;0;0;1;0;0;1;-22,47699772;-43,88450513;"SPRF-RJ";"DEL05-RJ";"UOP04-DEL05-RJ"
407348;2022-01-07;"sexta-feira";"19:10:00";"PR";376;134;"NOVA ESPERANCA";"Ausência de reação do condutor";"Colisão traseira";"Sem Vítimas";"Anoitecer";"Crescente";"Céu Claro";"Dupla";"Reta";"Sim";2;0;0;0;1;1;0;2;-23,190714;-52,207069;"SPRF-PR";"DEL09-PR";"UOP02-DEL09-PR"
407349;2022-01-07;"sexta-feira";"19:50:00";"PR";369;156,1;"LONDRINA";"Avarias e/ou desgaste excessivo no pneu";"Colisão traseira";"Com Vítimas Feridas";"Plena Noite";"Crescente";"Céu Claro";"Dupla";"Reta";"Sim";3;0;2;0;1;0;2;2;-23,29105174;-51,21812224;"SPRF-PR";"DEL07-PR";"UOP01-DEL07-PR"
407350;2022-01-07;"sexta-feira";"14:30:00";"BA";324;287;"JACOBINA";"Entrada inopinada do pedestre";"Atropelamento de Pedestre";"Com Vítimas Feridas";"Pleno dia";"Decrescente";"Céu Claro";"Simples";"Reta";"Sim";8;0;0;1;7;0;1;2;-11,15112076;-40,57253786;"SPRF-BA";"DEL04-BA";"UOP02-DEL04-BA"
407352;2022-01-07;"sexta-feira";"17:20:00";"SC";280;127;"RIO NEGRINHO";"Reação tardia ou ineficiente do condutor";"Colisão transversal";"Com Vítimas Feridas";"Pleno dia";"Decrescente";"Céu Claro";"Simples";"Reta;Interseção de Vias";"Sim";2;0;1;0;1;0;1;2;-26,24263586;-49,51199055;"SPRF-SC";"DEL06-SC";"UOP03-DEL06-SC"
407354;2022-01-07;"sexta-feira";"20:30:00";"PR";376;615;"SAO JOSE DOS PINHAIS";"Reação tardia ou ineficiente do condutor";"Queda de ocupante de veículo";"Com Vítimas Feridas";"Plena Noite";"Decrescente";"Garoa/Chuvisco";"Dupla";"Reta";"Não";1;0;1;0;0;0;1;1;-25,569237;-49,183735;"SPRF-PR";"DEL01-PR";"UOP01-DEL01-PR"
407355;2022-01-07;"sexta-feira";"19:15:00";"MG";40;608,2;"CONGONHAS";"Chuva";"Colisão frontal";"Com Vítimas Feridas";"Plena Noite";"Decrescente";"Chuva";"Simples";"Reta";"Não";2;0;2;0;0;0;2;2;-20,490693;-43,837029;"SPRF-MG";"DEL05-MG";"UOP02-DEL05-MG"
407356;2022-01-07;"sexta-feira";"20:20:00";"ES";101;207,9;"IBIRACU";"Acumulo de água sobre o pavimento";"Colisão traseira";"Com Vítimas Feridas";"Plena Noite";"Crescente";"Chuva";"Dupla";"Curva";"Não";3;0;0;1;2;0;1;2;-19,77836162;-40,37235137;"SPRF-ES";"DEL02-ES";"UOP01-DEL02-ES"
407357;2022-01-07;"sexta-feira";"20:50:00";"MG";116;530,5;"CARATINGA";"Conversão proibida";"Colisão transversal";"Com Vítimas Feridas";"Plena Noite";"Crescente";"Chuva";"Simples";"Reta";"Sim";2;0;1;0;1;0;1;2;-19,81067298;-42,13539446;"SPRF-MG";"DEL06-MG";"UOP02-DEL06-MG"
407358;2022-01-07;"sexta-feira";"18:55:00";"DF";40;3,4;"BRASILIA";"Trafegar com motocicleta (ou similar) entre as faixas";"Atropelamento de Pedestre";"Com Vítimas Feridas";"Plena Noite";"Crescente";"Nublado";"Dupla";"Reta";"Não";3;0;3;0;0;0;3;2;-16,003145;-47,983944;"SPRF-DF";"DEL01-DF";"UOP01-DEL01-DF"
407359;2022-01-07;"sexta-feira";"21:00:00";"GO";60;372;"RIO VERDE";"Pedestre cruzava a pista fora da faixa";"Atropelamento de Pedestre";"Com Vítimas Feridas";"Plena Noite";"Crescente";"Chuva";"Dupla";"Reta";"Não";2;0;0;1;1;0;1;2;-17,7027;-50,8465;"SPRF-GO";"DEL04-GO";"UOP01-DEL04-GO"
407360;2022-01-07;"sexta-feira";"20:15:00";"MS";163;78;"ITAQUIRAI";"Ultrapassagem Indevida";"Colisão lateral mesmo sentido";"Com Vítimas Feridas";"Plena Noite";"Decrescente";"Céu Claro";"Dupla";"Reta";"Sim";4;0;1;0;2;1;1;2;-23,47441924;-54,18829399;"SPRF-MS";"DEL09-MS";"UOP01-DEL09-MS"
407361;2022-01-07;"sexta-feira";"21:30:00";"SP";381;87;"GUARULHOS";"Ausência de reação do condutor";"Colisão lateral mesmo sentido";"Com Vítimas Feridas";"Plena Noite";"Decrescente";"Garoa/Chuvisco";"Múltipla";"Curva";"Sim";2;0;0;1;1;0;1;2;-23,46885001;-46,56996601;"SPRF-SP";"DEL03-SP";"UOP01-DEL03-SP"
407364;2022-01-07;"sexta-feira";"21:30:00";"MG";40;456,6;"CAETANOPOLIS";"Condutor deixou de manter distância do veículo da frente";"Saída de leito carroçável";"Com Vítimas Feridas";"Plena Noite";"Crescente";"Chuva";"Dupla";"Reta;Declive";"Não";4;0;4;0;0;0;4;1;-19,36312782;-44,33978478;"SPRF-MG";"DEL02-MG";"UOP01-DEL02-MG"
407365;2022-01-07;"sexta-feira";"20:50:00";"GO";50;284;"CATALAO";"Acumulo de água sobre o pavimento";"Saída de leito carroçável";"Sem Vítimas";"Plena Noite";"Crescente";"Chuva";"Simples";"Reta";"Sim";1;0;0;0;1;0;0;1;-18,2049;-47,9609;"SPRF-GO";"DEL06-GO";"UOP01-DEL06-GO"
407366;2022-01-07;"sexta-feira";"21:20:00";"SP";116;165;"JACAREI";"Demais falhas mecânicas ou elétricas";"Queda de ocupante de veículo";"Com Vítimas Feridas";"Plena Noite";"Decrescente";"Nublado";"Múltipla";"Declive";"Não";2;0;0;1;1;0;1;2;-23,29691791;-46,00798704;"SPRF-SP";"DEL02-SP";"UOP01-DEL02-SP"
407369;2022-01-07;"sexta-feira";"20:50:00";"RS";290;54,8;"GLORINHA";"Avarias e/ou desgaste excessivo no pneu";"Queda de ocupante de veículo";"Com Vítimas Feridas";"Anoitecer";"Decrescente";"Céu Claro";"Dupla";"Reta";"Não";2;0;0;2;0;0;2;1;-29,912643;-50,798103;"SPRF-RS";"DEL03-RS";"UOP01-DEL03-RS"
407370;2022-01-07;"sexta-feira";"20:00:00";"RR";401;7;"CANTA";"Deficiência do Sistema de Iluminação/Sinalização";"Colisão traseira";"Com Vítimas Feridas";"Plena Noite";"Decrescente";"Céu Claro";"Dupla";"Reta";"Não";4;0;2;1;1;0;3;2;2,796781;-60,636566;"SPRF-RR";"DEL01-RR";"UOP01-DEL01-RR"
407374;2022-01-07;"sexta-feira";"00:45:00";"PR";277;468,7;"NOVA LARANJEIRAS";"Pedestre andava na pista";"Atropelamento de Pedestre";"Com Vítimas Fatais";"Plena Noite";"Crescente";"Céu Claro";"Simples";"Aclive";"Não";2;1;0;0;0;1;0;2;-25,32065223;-52,52092883;"SPRF-PR";"DEL04-PR";"UOP02-DEL04-PR"
407376;2022-01-07;"sexta-feira";"22:40:00";"SP";116;129;"CACAPAVA";"Manobra de mudança de faixa";"Capotamento";"Com Vítimas Feridas";"Plena Noite";"Decrescente";"Céu Claro";"Dupla";"Reta";"Sim";1;0;1;0;0;0;1;1;-23,11885593;-45,71948203;"SPRF-SP";"DEL02-SP";"UOP02-DEL02-SP"
407377;2022-01-07;"sexta-feira";"20:45:00";"SC";0;0;"LAGES";"Acessar a via sem observar a presença dos outros veículos";"Colisão lateral mesmo sentido";"Com Vítimas Feridas";"Plena Noite";"Não Informado";"Céu Claro";"Simples";"Interseção de Vias";"Sim";2;0;1;0;1;0;1;2;-27,797529;-50,291862;"SPRF-SC";"DEL05-SC";"UOP01-DEL05-SC"
407378;2022-01-07;"sexta-feira";"22:50:00";"SP";116;272,6;"TABOAO DA SERRA";"Condutor deixou de manter distância do veículo da frente";"Colisão traseira";"Com Vítimas Feridas";"Plena Noite";"Crescente";"Chuva";"Dupla";"Reta";"Sim";2;0;0;1;0;1;1;2;-23,621691;-46,813288;"SPRF-SP";"DEL04-SP";"UOP01-DEL04-SP"
407379;2022-01-07;"sexta-feira";"23:42:00";"SC";101;198,1;"BIGUACU";"Ingestão de álcool pelo condutor";"Colisão com objeto";"Com Vítimas Feridas";"Plena Noite";"Crescente";"Nublado";"Múltipla";"Reta";"Sim";3;0;3;0;0;0;3;1;-27,52658712;-48,63506019;"SPRF-SC";"DEL01-SC";"UOP01-DEL01-SC"
407380;2022-01-07;"sexta-feira";"20:15:00";"MG";116;410;"GOVERNADOR VALADARES";"Retorno proibido";"Colisão frontal";"Sem Vítimas";"Plena Noite";"Crescente";"Chuva";"Dupla";"Retorno Regulamentado";"Sim";2;0;0;0;2;0;0;2;-18,855625;-41,975623;"SPRF-MG";"DEL06-MG";"UOP01-DEL06-MG"
407381;2022-01-07;"sexta-feira";"19:30:00";"MS";60;231;"BANDEIRANTES";"Animais na Pista";"Atropelamento de Animal";"Com Vítimas Feridas";"Plena Noite";"Decrescente";"Céu Claro";"Simples";"Reta";"Não";2;0;1;0;0;1;1;1;-19,65485568;-54,25274408;"SPRF-MS";"DEL06-MS";"UOP02-DEL06-MS"
407382;2022-01-07;"sexta-feira";"16:20:00";"GO";153;662;"GOIATUBA";"Condutor Dormindo";"Saída de leito carroçável";"Com Vítimas Feridas";"Pleno dia";"Crescente";"Chuva";"Dupla";"Curva;Declive";"Não";2;0;1;1;0;0;2;1;-18,0724;-49,2697;"SPRF-GO";"DEL03-GO";"UOP02-DEL03-GO"
407383;2022-01-08;"sábado";"00:01:00";"CE";222;5;"CAUCAIA";"Ingestão de álcool pelo condutor";"Colisão traseira";"Com Vítimas Feridas";"Plena Noite";"Crescente";"Céu Claro";"Dupla";"Reta";"Sim";3;0;1;0;2;0;1;3;-3,74303645;-38,61482089;"SPRF-CE";"DEL01-CE";"UOP01-DEL01-CE"
407384;2022-01-07;"sexta-feira";"23:30:00";"MG";381;496;"BETIM";"Velocidade Incompatível";"Colisão com objeto";"Com Vítimas Feridas";"Plena Noite";"Decrescente";"Chuva";"Simples";"Curva";"Não";1;0;1;0;0;0;1;1;-19,99676497;-44,20958506;"SPRF-MG";"DEL01-MG";"UOP03-DEL01-MG"
407386;2022-01-08;"sábado";"01:00:00";"SC";101;135;"BALNEARIO CAMBORIU";"Ingestão de álcool e/ou substâncias psicoativas pelo pedestre";"Colisão traseira";"Com Vítimas Feridas";"Plena Noite";"Crescente";"Céu Claro";"Múltipla";"Reta";"Sim";2;0;0;1;1;0;1;2;-27,0050108;-48,62677494;"SPRF-SC";"DEL04-SC";"UOP03-DEL04-SC"
407388;2022-01-07;"sexta-feira";"23:40:00";"PR";163;45;"PRANCHITA";"Ingestão de álcool pelo condutor";"Saída de leito carroçável";"Sem Vítimas";"Plena Noite";"Crescente";"Céu Claro";"Simples";"Curva";"Não";1;0;0;0;1;0;0;1;-26,032026;-53,73488;"SPRF-PR";"DEL02-PR";"UOP02-DEL02-PR"
407390;2022-01-08;"sábado";"00:30:00";"SC";101;132,5;"BALNEARIO CAMBORIU";"Reação tardia ou ineficiente do condutor";"Colisão com objeto";"Com Vítimas Feridas";"Plena Noite";"Decrescente";"Céu Claro";"Múltipla";"Reta";"Sim";1;0;1;0;0;0;1;1;-26,99654133;-48,65564711;"SPRF-SC";"DEL04-SC";"UOP03-DEL04-SC"
407392;2022-01-08;"sábado";"00:55:00";"MS";163;534;"JARAGUARI";"Animais na Pista";"Atropelamento de Animal";"Sem Vítimas";"Plena Noite";"Decrescente";"Céu Claro";"Dupla";"Reta";"Não";1;0;0;0;1;0;0;1;-20,04204609;-54,41341279;"SPRF-MS";"DEL01-MS";"UOP02-DEL01-MS"