"id";"data_inversa";"dia_semana";"horario";"uf";"br";"km";"municipio";"causa_acidente";"tipo_acidente";"classificacao_acidente";"fase_dia";"sentido_via";"condicao_metereologica";"tipo_pista";"tracado_via";"uso_solo";"pessoas";"mortos";"feridos_leves";"feridos_graves";"ilesos";"ignorados";"feridos";"veiculos";"latitude";"longitude";"regional";"delegacia";"uop"
407394;2022-01-08;"sábado";"01:10:00";"RJ";101;332;"RIO DE JANEIRO";"Ultrapassagem Indevida";"Colisão lateral mesmo sentido";"Com Vítimas Feridas";"Plena Noite";"Decrescente";"Chuva";"Dupla";"Reta";"Sim";2;0;0;1;1;0;1;2;-22,87133305;-43,20407695;"SPRF-RJ";"DEL02-RJ";"UOP02-DEL02-RJ"
407396;2022-01-08;"sábado";"01:10:00";"MG";262;470,9;"BOM DESPACHO";"Chuva";"Saída de leito carroçável";"Sem Vítimas";"Plena Noite";"Decrescente";"Chuva";"Simples";"Reta";"Não";1;0;0;0;1;0;0;1;-19,7905492;-45,1584721;"SPRF-MG";"DEL08-MG";"UOP03-DEL08-MG"
407398;2022-01-08;"sábado";"02:58:00";"TO";153;160;"ARAGUAINA";"Ingestão de álcool pelo condutor";"Colisão traseira";"Sem Vítimas";"Plena Noite";"Decrescente";"Chuva";"Simples";"Reta";"Não";3;0;0;0;3;0;0;2;-7,32115694;-48,3055211;"SPRF-TO";"DEL02-TO";"UOP01-DEL02-TO"
407399;2022-01-07;"sexta-feira";"06:30:00";"MG";262;516,8;"LUZ";"Condutor deixou de manter distância do veículo da frente";"Saída de leito carroçável";"Com Vítimas Feridas";"Pleno dia";"Decrescente";"Garoa/Chuvisco";"Simples";"Aclive";"Não";1;0;1;0;0;0;1;1;-19,78775004;-45,58207899;"SPRF-MG";"DEL08-MG";"UOP03-DEL08-MG"
407400;2022-01-08;"sábado";"02:15:00";"PR";116;85;"PIRAQUARA";"Transitar no acostamento";"Incêndio";"Sem Vítimas";"Plena Noite";"Decrescente";"Chuva";"Dupla";"Reta";"Não";1;0;0;0;0;1;0;1;-25,43036239;-49,08349472;"SPRF-PR";"DEL01-PR";"UOP01-DEL01-PR"
407402;2022-01-08;"sábado";"03:45:00";"SP";153;39,7;"ONDA VERDE";"Velocidade Incompatível";"Saída de leito carroçável";"Com Vítimas Fatais";"Plena Noite";"Crescente";"Céu Claro";"Simples";"Reta";"Não";1;1;0;0;0;0;0;1;-20,61196908;-49,32942891;"SPRF-SP";"DEL09-SP";"UOP01-DEL09-SP"
407406;2022-01-08;"sábado";"01:00:00";"BA";116;347,5;"SERRINHA";"Ausência de reação do condutor";"Saída de leito carroçável";"Com Vítimas Feridas";"Plena Noite";"Crescente";"Nublado";"Simples";"Reta";"Não";3;0;2;1;0;0;3;1;-11,56452494;-38,98882349;"SPRF-BA";"DEL02-BA";"UOP01-DEL02-BA"
407407;2022-01-08;"sábado";"01:50:00";"PI";316;30,2;"DEMERVAL LOBAO";"Condutor Dormindo";"Colisão frontal";"Com Vítimas Fatais";"Plena Noite";"Decrescente";"Nublado";"Simples";"Reta";"Não";3;1;0;0;2;0;0;2;-5,33309;-42,69755301;"SPRF-PI";"DEL01-PI";"UOP02-DEL01-PI"
407408;2022-01-08;"sábado";"03:45:00";"RS";101;9;"MAQUINE";"Condutor Dormindo";"Colisão frontal";"Com Vítimas Fatais";"Plena Noite";"Crescente";"Céu Claro";"Simples";"Reta";"Não";3;1;1;0;1;0;1;2;-29,6781;-50,2066;"SPRF-RS";"DEL03-RS";"UOP01-DEL03-RS"
407409;2022-01-08;"sábado";"04:00:00";"SP";116;278;"EMBU DAS ARTES";"Velocidade Incompatível";"Colisão com objeto";"Com Vítimas Feridas";"Plena Noite";"Crescente";"Garoa/Chuvisco";"Dupla";"Curva";"Não";2;0;0;1;1;0;1;1;-23,65508497;-46,84918605;"SPRF-SP";"DEL04-SP";"UOP01-DEL04-SP"
407411;2022-01-08;"sábado";"04:25:00";"SC";282;531,9;"CORDILHEIRA ALTA";"Ingestão de álcool e/ou substâncias psicoativas pelo pedestre";"Colisão frontal";"Com Vítimas Feridas";"Plena Noite";"Crescente";"Céu Claro";"Simples";"Curva";"Não";6;0;0;1;4;1;1;3;-26,990747;-52,609776;"SPRF-SC";"DEL07-SC";"UOP01-DEL07-SC"
407412;2022-01-08;"sábado";"05:30:00";"MG";381;485,2;"BETIM";"Ausência de reação do condutor";"Colisão traseira";"Sem Vítimas";"Amanhecer";"Crescente";"Chuva";"Múltipla";"Reta";"Sim";2;0;0;0;1;1;0;2;-19,95659361;-44,12622893;"SPRF-MG";"DEL01-MG";"UOP03-DEL01-MG"
407413;2022-01-08;"sábado";"06:40:00";"SC";282;16;"PALHOCA";"Ingestão de álcool pelo condutor";"Colisão lateral mesmo sentido";"Com Vítimas Feridas";"Amanhecer";"Crescente";"Céu Claro";"Simples";"Reta";"Sim";2;0;1;0;1;0;1;2;-27,658611;-48,681847;"SPRF-SC";"DEL01-SC";"UOP02-DEL01-SC"
407417;2022-01-08;"sábado";"06:10:00";"PR";277;722,3;"FOZ DO IGUACU";"Condutor Dormindo";"Saída de leito carroçável";"Com Vítimas Feridas";"Pleno dia";"Crescente";"Céu Claro";"Dupla";"Reta";"Não";1;0;1;0;0;0;1;1;-25,49494908;-54,52095097;"SPRF-PR";"DEL05-PR";"UOP03-DEL05-PR"
407418;2022-01-08;"sábado";"06:30:00";"PR";277;691;"SAO MIGUEL DO IGUACU";"Demais falhas mecânicas ou elétricas";"Saída de leito carroçável";"Com Vítimas Feridas";"Pleno dia";"Crescente";"Céu Claro";"Dupla";"Declive";"Sim";3;0;2;0;1;0;2;1;-25,3630051;-54,25351194;"SPRF-PR";"DEL05-PR";"UOP01-DEL05-PR"
407419;2022-01-08;"sábado";"05:45:00";"RJ";101;144;"MACAE";"Acumulo de água sobre o pavimento";"Capotamento";"Com Vítimas Feridas";"Amanhecer";"Crescente";"Chuva";"Dupla";"Curva";"Não";1;0;1;0;0;0;1;1;-22,21328005;-41,75426573;"SPRF-RJ";"DEL08-RJ";"UOP04-DEL08-RJ"
407420;2022-01-07;"sexta-feira";"17:57:00";"SP";116;562;"BARRA DO TURVO";"Pista Escorregadia";"Capotamento";"Com Vítimas Feridas";"Anoitecer";"Decrescente";"Chuva";"Dupla";"Curva";"Não";3;0;1;0;2;0;1;1;-25,02464023;-48,52213701;"SPRF-SP";"DEL05-SP";"UOP02-DEL05-SP"
407421;2022-01-08;"sábado";"06:30:00";"SP";116;275;"EMBU DAS ARTES";"Condutor deixou de manter distância do veículo da frente";"Colisão traseira";"Com Vítimas Feridas";"Pleno dia";"Decrescente";"Céu Claro";"Dupla";"Reta";"Sim";2;0;1;0;1;0;1;2;-23,63638826;-46,83251584;"SPRF-SP";"DEL04-SP";"UOP01-DEL04-SP"
407423;2022-01-08;"sábado";"05:20:00";"SC";470;0,1;"NAVEGANTES";"Ingestão de álcool pelo condutor";"Colisão traseira";"Com Vítimas Feridas";"Pleno dia";"Decrescente";"Céu Claro";"Simples";"Rotatória";"Sim";2;0;1;0;1;0;1;2;-26,88232;-48,66183;"SPRF-SC";"DEL04-SC";"UOP04-DEL04-SC"
407424;2022-01-08;"sábado";"05:45:00";"SC";280;233,6;"CANOINHAS";"Ingestão de álcool pelo condutor";"Colisão lateral sentido oposto";"Sem Vítimas";"Amanhecer";"Decrescente";"Céu Claro";"Simples";"Reta";"Não";3;0;0;0;2;1;0;3;-26,19146187;-50,39215;"SPRF-SC";"DEL06-SC";"UOP04-DEL06-SC"
407427;2022-01-08;"sábado";"06:20:00";"ES";101;260;"SERRA";"Reação tardia ou ineficiente do condutor";"Colisão com objeto";"Com Vítimas Feridas";"Pleno dia";"Decrescente";"Chuva";"Dupla";"Curva";"Não";3;0;3;0;0;0;3;1;-20,14616415;-40,28836206;"SPRF-ES";"DEL02-ES";"UOP01-DEL02-ES"
407428;2022-01-08;"sábado";"08:00:00";"MG";50;182,1;"UBERABA";"Objeto estático sobre o leito carroçável";"Tombamento";"Com Vítimas Feridas";"Pleno dia";"Decrescente";"Garoa/Chuvisco";"Dupla";"Reta";"Não";1;0;1;0;0;0;1;1;-19,793806;-47,911165;"SPRF-MG";"DEL13-MG";"UOP01-DEL13-MG"
407429;2022-01-08;"sábado";"08:15:00";"MG";381;486;"BETIM";"Mal súbito do condutor";"Colisão traseira";"Com Vítimas Feridas";"Pleno dia";"Decrescente";"Chuva";"Dupla";"Reta";"Sim";2;0;1;0;0;1;1;2;-19,95644414;-44,13611598;"SPRF-MG";"DEL01-MG";"UOP03-DEL01-MG"
407430;2022-01-08;"sábado";"08:10:00";"CE";20;419,7;"MARACANAU";"Ingestão de álcool pelo condutor";"Colisão transversal";"Com Vítimas Feridas";"Pleno dia";"Crescente";"Céu Claro";"Dupla";"Reta";"Sim";2;0;0;1;1;0;1;2;-3,84592841;-38,57664585;"SPRF-CE";"DEL01-CE";"UOP02-DEL01-CE"
407431;2022-01-08;"sábado";"08:20:00";"MG";40;320,4;"TRES MARIAS";"Velocidade Incompatível";"Saída de leito carroçável";"Com Vítimas Feridas";"Pleno dia";"Crescente";"Nublado";"Simples";"Curva;Declive";"Não";1;0;0;1;0;0;1;1;-18,51871967;-45,07724762;"SPRF-MG";"DEL14-MG";"UOP02-DEL14-MG"
407432;2022-01-08;"sábado";"07:45:00";"DF";40;7;"BRASILIA";"Manobra de mudança de faixa";"Colisão lateral mesmo sentido";"Com Vítimas Feridas";"Pleno dia";"Decrescente";"Chuva";"Dupla";"Reta";"Sim";2;0;1;0;1;0;1;2;-16,038666;-47,979691;"SPRF-DF";"DEL01-DF";"UOP01-DEL01-DF"
407436;2022-01-08;"sábado";"07:40:00";"BA";101;258;"SANTO ANTONIO DE JESUS";"Acessar a via sem observar a presença dos outros veículos";"Colisão transversal";"Com Vítimas Feridas";"Pleno dia";"Crescente";"Sol";"Simples";"Rotatória";"Sim";3;0;1;0;2;0;1;2;-12,951068;-39,254216;"SPRF-BA";"DEL01-BA";"UOP02-DEL01-BA"
407438;2022-01-08;"sábado";"09:00:00";"BA";367;84;"EUNAPOLIS";"Ausência de reação do condutor";"Colisão traseira";"Com Vítimas Feridas";"Pleno dia";"Crescente";"Sol";"Simples";"Reta";"Sim";6;0;1;0;5;0;1;2;-16,374459;-39,578963;"SPRF-BA";"DEL09-BA";"UOP01-DEL09-BA"
407439;2022-01-08;"sábado";"08:50:00";"MA";135;12,4;"SAO LUIS";"Condutor deixou de manter distância do veículo da frente";"Colisão traseira";"Com Vítimas Feridas";"Pleno dia";"Decrescente";"Garoa/Chuvisco";"Dupla";"Reta";"Sim";4;0;1;0;3;0;1;2;-2,67994383;-44,29472923;"SPRF-MA";"DEL01-MA";"UOP01-DEL01-MA"
407440;2022-01-08;"sábado";"09:30:00";"PE";101;46,6;"IGARASSU";"Demais falhas mecânicas ou elétricas";"Colisão lateral mesmo sentido";"Com Vítimas Feridas";"Pleno dia";"Crescente";"Céu Claro";"Dupla";"Reta";"Sim";2;0;1;0;1;0;1;2;-7,87406004;-34,90588126;"SPRF-PE";"DEL01-PE";"UOP02-DEL01-PE"
407443;2022-01-08;"sábado";"09:30:00";"ES";101;208,9;"IBIRACU";"Retorno proibido";"Colisão transversal";"Com Vítimas Feridas";"Pleno dia";"Decrescente";"Nublado";"Simples";"Reta";"Sim";4;0;2;1;1;0;3;2;-19,780796;-40,37160598;"SPRF-ES";"DEL02-ES";"UOP01-DEL02-ES"
407444;2022-01-08;"sábado";"09:05:00";"SC";101;216,4;"PALHOCA";"Acessar a via sem observar a presença dos outros veículos";"Colisão lateral mesmo sentido";"Com Vítimas Feridas";"Pleno dia";"Crescente";"Nublado";"Múltipla";"Reta";"Sim";2;0;1;0;1;0;1;2;-27,66232052;-48,67652535;"SPRF-SC";"DEL01-SC";"UOP02-DEL01-SC"
407446;2022-01-08;"sábado";"01:30:00";"RS";285;457;"IJUI";"Velocidade Incompatível";"Saída de leito carroçável";"Sem Vítimas";"Plena Noite";"Crescente";"Céu Claro";"Simples";"Rotatória";"Sim";1;0;0;0;1;0;0;1;-28,39370331;-53,89523506;"SPRF-RS";"DEL10-RS";"UOP01-DEL10-RS"
407447;2022-01-08;"sábado";"09:10:00";"BA";420;268;"SANTO ANTONIO DE JESUS";"Velocidade Incompatível";"Colisão frontal";"Com Vítimas Feridas";"Pleno dia";"Decrescente";"Céu Claro";"Simples";"Reta";"Não";6;0;3;0;3;0;3;3;-13,012962;-39,291246;"SPRF-BA";"DEL01-BA";"UOP02-DEL01-BA"
407448;2022-01-08;"sábado";"09:30:00";"RJ";116;196;"QUEIMADOS";"Velocidade Incompatível";"Colisão com objeto";"Com Vítimas Feridas";"Pleno dia";"Decrescente";"Nublado";"Dupla";"Curva";"Não";6;0;6;0;0;0;6;1;-22,73009194;-43,61221835;"SPRF-RJ";"DEL01-RJ";"UOP02-DEL01-RJ"
407449;2022-01-08;"sábado";"09:05:00";"PR";277;698,8;"SAO MIGUEL DO IGUACU";"Demais falhas mecânicas ou elétricas";"Saída de leito carroçável";"Com Vítimas Feridas";"Pleno dia";"Decrescente";"Céu Claro";"Dupla";"Reta;Declive";"Não";1;0;1;0;0;0;1;1;-25,3964712;-54,31179289;"SPRF-PR";"DEL05-PR";"UOP01-DEL05-PR"
407450;2022-01-08;"sábado";"09:15:00";"PE";232;509;"SALGUEIRO";"Acessar a via sem observar a presença dos outros veículos";"Colisão transversal";"Com Vítimas Feridas";"Pleno dia";"Crescente";"Céu Claro";"Simples";"Reta";"Sim";2;0;1;0;1;0;1;2;-8,06449154;-39,1298447;"SPRF-PE";"DEL05-PE";"UOP01-DEL05-PE"
407452;2022-01-08;"sábado";"10:25:00";"SP";116;65;"GUARATINGUETA";"Ausência de reação do condutor";"Colisão com objeto";"Sem Vítimas";"Pleno dia";"Crescente";"Nublado";"Dupla";"Curva";"Não";1;0;0;0;0;1;0;1;-22,823273;-45,192806;"SPRF-SP";"DEL08-SP";"UOP01-DEL08-SP"
407454;2022-01-08;"sábado";"10:10:00";"ES";101;312;"VIANA";"Velocidade Incompatível";"Capotamento";"Com Vítimas Feridas";"Pleno dia";"Crescente";"Nublado";"Dupla";"Reta";"Sim";2;0;0;1;0;1;1;2;-20,443811;-40,460402;"SPRF-ES";"DEL01-ES";"UOP01-DEL01-ES"
407456;2022-01-08;"sábado";"10:15:00";"PR";116;6;"CAMPINA GRANDE DO SUL";"Pista Escorregadia";"Colisão com objeto";"Com Vítimas Fatais";"Pleno dia";"Crescente";"Chuva";"Dupla";"Curva";"Não";2;1;0;1;0;0;1;1;-25,08280041;-48,61209869;"SPRF-PR";"DEL01-PR";"UOP02-DEL01-PR"
407459;2022-01-08;"sábado";"11:10:00";"RS";116;252;"SAPUCAIA DO SUL";"Mal súbito do condutor";"Saída de leito carroçável";"Com Vítimas Feridas";"Pleno dia";"Crescente";"Céu Claro";"Múltipla";"Reta";"Sim";1;0;1;0;0;0;1;1;-29,80913395;-51,1675292;"SPRF-RS";"DEL01-RS";"UOP02-DEL01-RS"
407460;2022-01-08;"sábado";"08:30:00";"PE";101;137,2;"RIBEIRAO";"Velocidade Incompatível";"Saída de leito carroçável";"Com Vítimas Feridas";"Pleno dia";"Decrescente";"Nublado";"Dupla";"Curva";"Não";5;0;1;0;4;0;1;1;-8,41675194;-35,31126636;"SPRF-PE";"DEL01-PE";"UOP01-DEL01-PE"
407461;2022-01-08;"sábado";"11:20:00";"PA";316;48;"SANTA IZABEL DO PARA";"Ausência de reação do condutor";"Colisão frontal";"Com Vítimas Feridas";"Plena Noite";"Crescente";"Chuva";"Dupla";"Reta";"Sim";2;0;1;0;1;0;1;1;-1,29155307;-48,05614099;"SPRF-PA";"DEL01-PA";"UOP01-DEL01-PA"
407462;2022-01-08;"sábado";"11:45:00";"PB";230;71;"SOBRADO";"Conversão proibida";"Colisão transversal";"Sem Vítimas";"Pleno dia";"Decrescente";"Céu Claro";"Dupla";"Em Obras;Reta;Desvio Temporário";"Não";2;0;0;0;2;0;0;2;-7,190371;-35,247044;"SPRF-PB";"DEL01-PB";"UOP03-DEL01-PB"
407468;2022-01-08;"sábado";"11:00:00";"MG";40;700;"BARBACENA";"Reação tardia ou ineficiente do condutor";"Colisão lateral mesmo sentido";"Com Vítimas Feridas";"Pleno dia";"Crescente";"Chuva";"Dupla";"Reta";"Sim";5;0;4;0;1;0;4;2;-21,17760699;-43,75627477;"SPRF-MG";"DEL05-MG";"UOP02-DEL05-MG"
407469;2022-01-08;"sábado";"12:00:00";"SC";101;191;"BIGUACU";"Ausência de reação do condutor";"Colisão traseira";"Com Vítimas Feridas";"Pleno dia";"Decrescente";"Céu Claro";"Dupla";"Reta";"Não";4;0;2;0;2;0;2;2;-27,47730273;-48,64127329;"SPRF-SC";"DEL01-SC";"UOP01-DEL01-SC"
407470;2022-01-08;"sábado";"11:15:00";"RJ";116;74;"TERESOPOLIS";"Chuva";"Saída de leito carroçável";"Com Vítimas Feridas";"Pleno dia";"Decrescente";"Chuva";"Simples";"Curva";"Não";1;0;1;0;0;0;1;1;-22,35343905;-42,94244164;"SPRF-RJ";"DEL04-RJ";"UOP01-DEL04-RJ"
407472;2022-01-08;"sábado";"12:40:00";"MG";365;643,2;"UBERLANDIA";"Acumulo de água sobre o pavimento";"Saída de leito carroçável";"Com Vítimas Feridas";"Pleno dia";"Crescente";"Chuva";"Dupla";"Curva";"Não";3;0;3;0;0;0;3;1;-18,8808611;-48,49354102;"SPRF-MG";"DEL15-MG";"UOP01-DEL15-MG"
407474;2022-01-08;"sábado";"13:00:00";"BA";135;130;"RIACHAO DAS NEVES";"Condutor Dormindo";"Saída de leito carroçável";"Com Vítimas Feridas";"Pleno dia";"Crescente";"Nublado";"Simples";"Reta";"Não";1;0;1;0;0;0;1;1;-11,8014372;-44,8750711;"SPRF-BA";"DEL10-BA";"UOP01-DEL10-BA"
407475;2022-01-08;"sábado";"13:40:00";"SP";153;60;"SAO JOSE DO RIO PRETO";"Mal súbito do condutor";"Queda de ocupante de veículo";"Com Vítimas Feridas";"Pleno dia";"Crescente";"Sol";"Dupla";"Reta";"Sim";1;0;0;1;0;0;1;1;-20,79627979;-49,35480206;"SPRF-SP";"DEL09-SP";"UOP01-DEL09-SP"
407478;2022-01-08;"sábado";"12:00:00";"PR";116;18;"CAMPINA GRANDE DO SUL";"Velocidade Incompatível";"Saída de leito carroçável";"Com Vítimas Feridas";"Pleno dia";"Decrescente";"Chuva";"Dupla";"Curva";"Não";1;0;0;1;0;0;1;1;-25,103973;-48,710786;"SPRF-PR";"DEL01-PR";"UOP02-DEL01-PR"
407479;2022-01-08;"sábado";"12:00:00";"PR";116;15;"CAMPINA GRANDE DO SUL";"Pista Escorregadia";"Saída de leito carroçável";"Com Vítimas Feridas";"Pleno dia";"Decrescente";"Chuva";"Dupla";"Curva";"Não";1;0;0;1;0;0;1;1;-25,09832756;-48,68266005;"SPRF-PR";"DEL01-PR";"UOP02-DEL01-PR"
407480;2022-01-08;"sábado";"11:00:00";"SC";116;160,2;"PONTE ALTA DO NORTE";"Condutor Dormindo";"Saída de leito carroçável";"Com Vítimas Feridas";"Pleno dia";"Decrescente";"Céu Claro";"Simples";"Reta";"Não";1;0;1;0;0;0;1;1;-27,10810008;-50,45597767;"SPRF-SC";"DEL06-SC";"UOP02-DEL06-SC"
407481;2022-01-08;"sábado";"11:20:00";"PE";101;92;"CABO DE SANTO AGOSTINHO";"Condutor deixou de manter distância do veículo da frente";"Colisão transversal";"Com Vítimas Feridas";"Pleno dia";"Decrescente";"Céu Claro";"Dupla";"Reta";"Não";6;0;1;0;5;0;1;2;-8,23201792;-34,99778611;"SPRF-PE";"DEL01-PE";"UOP01-DEL01-PE"
407482;2022-01-08;"sábado";"13:40:00";"PE";101;51;"ABREU E LIMA";"Condutor deixou de manter distância do veículo da frente";"Colisão traseira";"Com Vítimas Feridas";"Pleno dia";"Decrescente";"Céu Claro";"Múltipla";"Reta";"Sim";2;0;1;0;1;0;1;2;-7,9169968;-34,89689272;"SPRF-PE";"DEL01-PE";"UOP02-DEL01-PE"
407483;2022-01-08;"sábado";"11:40:00";"MA";222;312;"VITORIA DO MEARIM";"Velocidade Incompatível";"Tombamento";"Com Vítimas Feridas";"Pleno dia";"Crescente";"Nublado";"Simples";"Curva";"Não";15;0;15;0;0;0;15;1;-3,55269466;-44,91489017;"SPRF-MA";"DEL02-MA";"UOP01-DEL02-MA"
407485;2022-01-08;"sábado";"12:40:00";"PE";232;7,3;"RECIFE";"Condutor deixou de manter distância do veículo da frente";"Colisão traseira";"Com Vítimas Feridas";"Pleno dia";"Decrescente";"Céu Claro";"Dupla";"Reta";"Não";2;0;1;0;1;0;1;2;-8,07420445;-34,96418774;"SPRF-PE";"DEL01-PE";"UOP01-DEL01-PE"
407486;2022-01-08;"sábado";"09:00:00";"SC";163;89,9;"GUARACIABA";"Condutor deixou de manter distância do veículo da frente";"Colisão traseira";"Com Vítimas Fatais";"Pleno dia";"Decrescente";"Céu Claro";"Simples";"Em Obras;Reta;Interseção de Vias;Aclive";"Não";5;1;0;3;1;0;3;3;-26,56512451;-53,50941539;"SPRF-SC";"DEL07-SC";"UOP03-DEL07-SC"
407487;2022-01-08;"sábado";"11:44:00";"RS";470;177;"VERANOPOLIS";"Condutor deixou de manter distância do veículo da frente";"Colisão frontal";"Com Vítimas Feridas";"Pleno dia";"Crescente";"Céu Claro";"Simples";"Reta";"Não";4;0;4;0;0;0;4;2;-28,91926201;-51,53914905;"SPRF-RS";"DEL06-RS";"UOP02-DEL06-RS"
407488;2022-01-08;"sábado";"13:30:00";"AP";156;469;"TARTARUGALZINHO";"Velocidade Incompatível";"Capotamento";"Com Vítimas Feridas";"Pleno dia";"Decrescente";"Nublado";"Simples";"Curva";"Não";2;0;2;0;0;0;2;1;1,480132;-50,904972;"SPRF-AP";"DEL01-AP";"UOP02-DEL01-AP"
407491;2022-01-07;"sexta-feira";"12:00:00";"BA";116;619;"JAGUAQUARA";"Mal súbito do condutor";"Saída de leito carroçável";"Com Vítimas Fatais";"Pleno dia";"Decrescente";"Ignorado";"Simples";"Reta";"Não";1;1;0;0;0;0;0;1;-13,35700606;-40,01713362;"SPRF-BA";"DEL03-BA";"UOP01-DEL03-BA"
407492;2022-01-08;"sábado";"12:40:00";"RS";293;340;"SANTANA DO LIVRAMENTO";"Animais na Pista";"Atropelamento de Animal";"Sem Vítimas";"Pleno dia";"Crescente";"Céu Claro";"Simples";"Reta";"Sim";1;0;0;0;1;0;0;1;-30,85604456;-55,53412905;"SPRF-RS";"DEL11-RS";"UOP01-DEL11-RS"
407494;2022-01-08;"sábado";"12:20:00";"MG";116;275,4;"TEOFILO OTONI";"Ausência de reação do condutor";"Colisão transversal";"Sem Vítimas";"Pleno dia";"Decrescente";"Céu Claro";"Simples";"Reta";"Sim";2;0;0;0;2;0;0;2;-17,84235093;-41,51410418;"SPRF-MG";"DEL11-MG";"UOP01-DEL11-MG"
407495;2022-01-08;"sábado";"11:55:00";"SC";101;323;"CAPIVARI DE BAIXO";"Reação tardia ou ineficiente do condutor";"Colisão com objeto";"Sem Vítimas";"Pleno dia";"Crescente";"Nublado";"Simples";"Reta";"Sim";1;0;0;0;1;0;0;1;-28,42789556;-48,91248313;"SPRF-SC";"DEL02-SC";"UOP01-DEL02-SC"
407496;2022-01-08;"sábado";"07:40:00";"BA";116;659;"JEQUIE";"Reação tardia ou ineficiente do condutor";"Saída de leito carroçável";"Com Vítimas Fatais";"Pleno dia";"Crescente";"Céu Claro";"Simples";"Reta";"Não";7;1;5;0;0;1;5;2;-13,69021048;-40,09452834;"SPRF-BA";"DEL03-BA";"UOP01-DEL03-BA"
407498;2022-01-08;"sábado";"14:30:00";"ES";262;191,1;"IUNA";"Condutor deixou de manter distância do veículo da frente";"Colisão traseira";"Com Vítimas Feridas";"Pleno dia";"Crescente";"Chuva";"Simples";"Declive";"Não";2;0;1;0;1;0;1;2;-20,30272548;-41,74701521;"SPRF-ES";"DEL01-ES";"UOP02-DEL01-ES"
407500;2022-01-08;"sábado";"14:10:00";"RJ";40;8,5;"COMENDADOR LEVY GASPARIAN";"Avarias e/ou desgaste excessivo no pneu";"Saída de leito carroçável";"Com Vítimas Feridas";"Pleno dia";"Decrescente";"Chuva";"Dupla";"Curva";"Não";2;0;0;2;0;0;2;1;-22,03998628;-43,22079123;"SPRF-RJ";"DEL05-RJ";"UOP02-DEL05-RJ"
407501;2022-01-08;"sábado";"14:45:00";"PR";369;234;"JANDAIA DO SUL";"Ingestão de álcool pelo condutor";"Colisão lateral sentido oposto";"Com Vítimas Feridas";"Pleno dia";"Crescente";"Céu Claro";"Simples";"Curva";"Não";3;0;1;0;2;0;1;2;-23,62313637;-51,66698456;"SPRF-PR";"DEL09-PR";"UOP01-DEL09-PR"
407502;2022-01-08;"sábado";"15:00:00";"MG";365;685;"MONTE ALEGRE DE MINAS";"Ausência de reação do condutor";"Colisão com objeto";"Com Vítimas Feridas";"Pleno dia";"Crescente";"Chuva";"Dupla";"Reta";"Sim";3;0;1;0;1;1;1;2;-18,86427;-48,86592;"SPRF-MG";"DEL15-MG";"UOP01-DEL15-MG"
407503;2022-01-08;"sábado";"15:55:00";"ES";101;149;"LINHARES";"Entrada inopinada do pedestre";"Atropelamento de Pedestre";"Com Vítimas Feridas";"Pleno dia";"Decrescente";"Nublado";"Múltipla";"Reta";"Sim";2;0;1;0;1;0;1;2;-19,39619083;-40,06435871;"SPRF-ES";"DEL04-ES";"UOP01-DEL04-ES"
407505;2022-01-08;"sábado";"15:45:00";"SC";101;202;"SAO JOSE";"Transitar no acostamento";"Colisão traseira";"Com Vítimas Feridas";"Pleno dia";"Crescente";"Céu Claro";"Simples";"Reta";"Sim";3;0;1;0;1;1;1;3;-27,55711595;-48,61897889;"SPRF-SC";"DEL01-SC";"UOP01-DEL01-SC"
407506;2022-01-08;"sábado";"12:10:00";"MG";40;763,6;"JUIZ DE FORA";"Velocidade Incompatível";"Saída de leito carroçável";"Sem Vítimas";"Pleno dia";"Crescente";"Chuva";"Simples";"Reta";"Não";1;0;0;0;0;1;0;1;-21,55481103;-43,50682704;"SPRF-MG";"DEL05-MG";"UOP01-DEL05-MG"
407511;2022-01-08;"sábado";"15:40:00";"MT";364;223,1;"RONDONOPOLIS";"Demais falhas mecânicas ou elétricas";"Saída de leito carroçável";"Com Vítimas Feridas";"Pleno dia";"Crescente";"Chuva";"Dupla";"Reta";"Não";5;0;4;1;0;0;5;1;-16,32388;-54,751218;"SPRF-MT";"DEL02-MT";"UOP01-DEL02-MT"
407513;2022-01-08;"sábado";"16:29:00";"SC";101;146;"ITAPEMA";"Ingestão de álcool pelo condutor";"Colisão traseira";"Sem Vítimas";"Pleno dia";"Decrescente";"Céu Claro";"Dupla";"Reta";"Sim";2;0;0;0;2;0;0;2;-27,08666525;-48,60955587;"SPRF-SC";"DEL04-SC";"UOP03-DEL04-SC"
407514;2022-01-08;"sábado";"15:50:00";"RJ";101;419;"MANGARATIBA";"Pista Escorregadia";"Colisão frontal";"Com Vítimas Feridas";"Pleno dia";"Decrescente";"Chuva";"Simples";"Curva";"Não";4;0;1;0;3;0;1;2;-22,91808988;-43,91359106;"SPRF-RJ";"DEL03-RJ";"UOP03-DEL03-RJ"
407515;2022-01-08;"sábado";"16:50:00";"PB";230;40,9;"SANTA RITA";"Curva acentuada";"Colisão com objeto";"Com Vítimas Feridas";"Pleno dia";"Decrescente";"Céu Claro";"Dupla";"Curva";"Sim";2;0;0;2;0;0;2;1;-7,1414;-34,9778;"SPRF-PB";"DEL01-PB";"UOP03-DEL01-PB"
407516;2022-01-08;"sábado";"14:50:00";"RO";364;378,9;"OURO PRETO DO OESTE";"Ausência de reação do condutor";"Colisão traseira";"Com Vítimas Feridas";"Pleno dia";"Crescente";"Céu Claro";"Simples";"Reta";"Não";4;0;2;0;1;1;2;3;-10,7422942;-62,20886998;"SPRF-RO";"DEL02-RO";"UOP01-DEL02-RO"