"id";"data_inversa";"dia_semana";"horario";"uf";"br";"km";"municipio";"causa_acidente";"tipo_acidente";"classificacao_acidente";"fase_dia";"sentido_via";"condicao_metereologica";"tipo_pista";"tracado_via";"uso_solo";"pessoas";"mortos";"feridos_leves";"feridos_graves";"ilesos";"ignorados";"feridos";"veiculos";"latitude";"longitude";"regional";"delegacia";"uop"
407517;2022-01-08;"sábado";"16:20:00";"BA";324;544;"AMELIA RODRIGUES";"Avarias e/ou desgaste excessivo no pneu";"Tombamento";"Com Vítimas Feridas";"Pleno dia";"Crescente";"Sol";"Dupla";"Reta";"Sim";2;0;2;0;0;0;2;1;-12,41080449;-38,75281334;"SPRF-BA";"DEL01-BA";"UOP03-DEL01-BA"
407520;2022-01-08;"sábado";"13:15:00";"PR";376;6;"MANDAGUARI";"Reação tardia ou ineficiente do condutor";"Atropelamento de Pedestre";"Com Vítimas Feridas";"Pleno dia";"Crescente";"Céu Claro";"Simples";"Reta";"Sim";2;0;0;1;0;1;1;2;-23,547966;-51,671265;"SPRF-PR";"DEL09-PR";"UOP01-DEL09-PR"
407523;2022-01-08;"sábado";"17:10:00";"GO";50;287;"CATALAO";"Avarias e/ou desgaste excessivo no pneu";"Saída de leito carroçável";"Sem Vítimas";"Pleno dia";"Crescente";"Chuva";"Dupla";"Curva";"Não";1;0;0;0;1;0;0;1;-18,2261;-47,9777;"SPRF-GO";"DEL06-GO";"UOP01-DEL06-GO"
407524;2022-01-08;"sábado";"13:30:00";"PI";316;43,4;"LAGOA DO PIAUI";"Entrada inopinada do pedestre";"Atropelamento de Pedestre";"Com Vítimas Feridas";"Pleno dia";"Crescente";"Sol";"Simples";"Curva";"Não";2;0;0;1;1;0;1;2;-5,42838588;-42,6368727;"SPRF-PI";"DEL01-PI";"UOP02-DEL01-PI"
407525;2022-01-08;"sábado";"16:30:00";"MG";381;487;"BETIM";"Acumulo de água sobre o pavimento";"Colisão com objeto";"Com Vítimas Feridas";"Pleno dia";"Crescente";"Chuva";"Dupla";"Reta";"Não";1;0;1;0;0;0;1;1;-19,95562579;-44,11324743;"SPRF-MG";"DEL01-MG";"UOP03-DEL01-MG"
407527;2022-01-08;"sábado";"17:30:00";"ES";101;266;"SERRA";"Transitar na contramão";"Colisão transversal";"Com Vítimas Feridas";"Pleno dia";"Decrescente";"Chuva";"Dupla";"Interseção de Vias";"Sim";3;0;1;0;2;0;1;2;-20,190199;-40,26828891;"SPRF-ES";"DEL02-ES";"UOP01-DEL02-ES"
407528;2022-01-08;"sábado";"17:10:00";"PR";116;101;"SAO JOSE DOS PINHAIS";"Ingestão de álcool pelo condutor";"Saída de leito carroçável";"Com Vítimas Fatais";"Pleno dia";"Crescente";"Nublado";"Dupla";"Reta";"Sim";9;1;3;1;0;4;4;2;-25,54167701;-49,1509368;"SPRF-PR";"DEL01-PR";"UOP01-DEL01-PR"
407529;2022-01-08;"sábado";"17:00:00";"PR";277;133,5;"BALSA NOVA";"Acessar a via sem observar a presença dos outros veículos";"Colisão transversal";"Com Vítimas Feridas";"Pleno dia";"Decrescente";"Céu Claro";"Múltipla";"Reta";"Sim";3;0;1;0;2;0;1;2;-25,4686933;-49,7305557;"SPRF-PR";"DEL01-PR";"UOP03-DEL03-PR"
407530;2022-01-08;"sábado";"15:55:00";"PB";230;502;"CAJAZEIRAS";"Transitar na contramão";"Colisão frontal";"Com Vítimas Feridas";"Pleno dia";"Decrescente";"Céu Claro";"Simples";"Reta";"Sim";3;0;0;2;1;0;2;2;-6,896;-38,533;"SPRF-PB";"DEL03-PB";"UOP03-DEL03-PB"
407531;2022-01-08;"sábado";"17:20:00";"PR";277;9;"PARANAGUA";"Transitar no acostamento";"Colisão traseira";"Com Vítimas Feridas";"Anoitecer";"Crescente";"Chuva";"Dupla";"Reta";"Não";3;0;2;0;1;0;2;2;-25,568198;-48,615292;"SPRF-PR";"DEL01-PR";"UOP05-DEL01-PR"
407533;2022-01-08;"sábado";"17:40:00";"CE";222;4,9;"CAUCAIA";"Entrada inopinada do pedestre";"Atropelamento de Pedestre";"Com Vítimas Feridas";"Anoitecer";"Crescente";"Céu Claro";"Múltipla";"Reta";"Sim";3;0;1;0;2;0;1;2;-3,74164754;-38,60449792;"SPRF-CE";"DEL01-CE";"UOP01-DEL01-CE"
407535;2022-01-08;"sábado";"12:00:00";"MG";40;206,5;"JOAO PINHEIRO";"Acumulo de água sobre o pavimento";"Saída de leito carroçável";"Com Vítimas Feridas";"Pleno dia";"Crescente";"Chuva";"Simples";"Declive";"Não";4;0;3;1;0;0;4;1;-17,99453513;-45,76403601;"SPRF-MG";"DEL14-MG";"UOP02-DEL14-MG"
407536;2022-01-08;"sábado";"14:00:00";"PE";101;205,2;"XEXEU";"Velocidade Incompatível";"Saída de leito carroçável";"Com Vítimas Fatais";"Pleno dia";"Decrescente";"Nublado";"Dupla";"Curva";"Não";3;1;2;0;0;0;2;1;-8,81775492;-35,63831806;"SPRF-PE";"DEL01-PE";"UOP01-DEL01-PE"
407537;2022-01-08;"sábado";"17:35:00";"PE";428;9;"CABROBO";"Pedestre cruzava a pista fora da faixa";"Atropelamento de Pedestre";"Com Vítimas Feridas";"Anoitecer";"Crescente";"Céu Claro";"Simples";"Reta";"Sim";2;0;1;1;0;0;2;2;-8,51196425;-39,29895907;"SPRF-PE";"DEL05-PE";"UOP01-DEL05-PE"
407539;2022-01-08;"sábado";"18:00:00";"RN";101;78,8;"NATAL";"Ingestão de álcool pelo condutor";"Colisão transversal";"Com Vítimas Feridas";"Plena Noite";"Crescente";"Céu Claro";"Dupla";"Retorno Regulamentado";"Sim";2;0;1;0;1;0;1;2;-5,74071896;-35,29021064;"SPRF-RN";"DEL02-RN";"UOP01-DEL02-RN"
407542;2022-01-08;"sábado";"16:45:00";"RJ";116;176;"NOVA IGUACU";"Chuva";"Colisão traseira";"Com Vítimas Feridas";"Pleno dia";"Crescente";"Chuva";"Múltipla";"Reta";"Sim";4;0;1;0;1;2;1;3;-22,7839538;-43,38195488;"SPRF-RJ";"DEL01-RJ";"UOP02-DEL01-RJ"
407547;2022-01-08;"sábado";"14:40:00";"ES";262;27,4;"VIANA";"Velocidade Incompatível";"Colisão com objeto";"Com Vítimas Feridas";"Pleno dia";"Decrescente";"Chuva";"Simples";"Curva;Aclive";"Não";1;0;1;0;0;0;1;1;-20,38315023;-40,55148125;"SPRF-ES";"DEL01-ES";"UOP01-DEL01-ES"
407548;2022-01-08;"sábado";"11:00:00";"RN";304;5;"MOSSORO";"Acessar a via sem observar a presença dos outros veículos";"Colisão transversal";"Sem Vítimas";"Pleno dia";"Crescente";"Céu Claro";"Simples";"Reta";"Sim";2;0;0;0;1;1;0;2;-4,91815295;-37,42282892;"SPRF-RN";"DEL04-RN";"UOP02-DEL04-RN"
407549;2022-01-08;"sábado";"18:00:00";"SC";470;126,3;"LONTRAS";"Velocidade Incompatível";"Colisão transversal";"Com Vítimas Feridas";"Pleno dia";"Crescente";"Sol";"Simples";"Reta";"Sim";3;0;2;0;1;0;2;2;-27,129;-49,538277;"SPRF-SC";"DEL04-SC";"UOP02-DEL04-SC"
407551;2022-01-08;"sábado";"19:22:00";"RS";116;146,4;"CAXIAS DO SUL";"Manobra de mudança de faixa";"Colisão lateral mesmo sentido";"Com Vítimas Feridas";"Anoitecer";"Crescente";"Céu Claro";"Dupla";"Reta";"Sim";3;0;1;1;1;0;2;2;-29,14228897;-51,13622202;"SPRF-RS";"DEL05-RS";"UOP01-DEL05-RS"
407554;2022-01-08;"sábado";"18:00:00";"MS";158;170,3;"APARECIDA DO TABOADO";"Ingestão de álcool pelo condutor";"Saída de leito carroçável";"Com Vítimas Feridas";"Plena Noite";"Crescente";"Céu Claro";"Simples";"Rotatória";"Não";1;0;0;1;0;0;1;1;-20,20332036;-51,30066698;"SPRF-MS";"DEL08-MS";"UOP01-DEL08-MS"
407555;2022-01-08;"sábado";"19:00:00";"PR";376;174,2;"MARINGA";"Condutor desrespeitou a iluminação vermelha do semáforo";"Colisão transversal";"Com Vítimas Feridas";"Anoitecer";"Decrescente";"Céu Claro";"Múltipla";"Interseção de Vias;Reta";"Sim";3;0;2;0;1;0;2;2;-23,41430102;-51,94984299;"SPRF-PR";"DEL09-PR";"UOP01-DEL09-PR"
407556;2022-01-08;"sábado";"18:50:00";"BA";407;113;"SENHOR DO BONFIM";"Ultrapassagem Indevida";"Colisão frontal";"Com Vítimas Feridas";"Plena Noite";"Crescente";"Céu Claro";"Simples";"Reta";"Não";4;0;0;2;2;0;2;2;-10,34247198;-40,16809641;"SPRF-BA";"DEL04-BA";"UOP01-DEL04-BA"
407557;2022-01-08;"sábado";"13:00:00";"MG";251;303,8;"SALINAS";"Reação tardia ou ineficiente do condutor";"Saída de leito carroçável";"Com Vítimas Fatais";"Pleno dia";"Crescente";"Nublado";"Simples";"Curva";"Não";6;1;2;2;1;0;4;1;-16,13553034;-42,26204273;"SPRF-MG";"DEL11-MG";"UOP02-DEL11-MG"
407558;2022-01-08;"sábado";"20:00:00";"BA";116;674;"JEQUIE";"Acessar a via sem observar a presença dos outros veículos";"Tombamento";"Com Vítimas Feridas";"Plena Noite";"Decrescente";"Céu Claro";"Simples";"Rotatória";"Sim";1;0;0;1;0;0;1;1;-13,81715;-40,11209098;"SPRF-BA";"DEL03-BA";"UOP01-DEL03-BA"
407559;2022-01-08;"sábado";"14:30:00";"MG";50;7;"UBERLANDIA";"Chuva";"Saída de leito carroçável";"Com Vítimas Feridas";"Pleno dia";"Crescente";"Chuva";"Dupla";"Curva";"Não";1;0;1;0;0;0;1;1;-18,9113;-48,2622;"SPRF-MG";"DEL15-MG";"UOP01-DEL15-MG"
407560;2022-01-08;"sábado";"14:45:00";"MG";50;11;"UBERLANDIA";"Chuva";"Saída de leito carroçável";"Com Vítimas Feridas";"Pleno dia";"Decrescente";"Chuva";"Dupla";"Reta";"Não";1;0;0;1;0;0;1;1;-18,9113;-48,2622;"SPRF-MG";"DEL15-MG";"UOP01-DEL15-MG"
407561;2022-01-08;"sábado";"20:20:00";"GO";70;0,1;"AGUAS LINDAS DE GOIAS";"Avarias e/ou desgaste excessivo no pneu";"Colisão com objeto";"Sem Vítimas";"Pleno dia";"Decrescente";"Chuva";"Dupla";"Aclive";"Não";1;0;0;0;1;0;0;1;-15,783543;-48,2326;"SPRF-DF";"DEL03-DF";"UOP02-DEL03-DF"
407562;2022-01-08;"sábado";"20:20:00";"SP";116;209;"GUARULHOS";"Demais falhas mecânicas ou elétricas";"Colisão transversal";"Com Vítimas Feridas";"Plena Noite";"Decrescente";"Ignorado";"Múltipla";"Reta";"Sim";3;0;2;0;1;0;2;2;-23,42511799;-46,40221101;"SPRF-SP";"DEL01-SP";"UOP01-DEL01-SP"
407564;2022-01-08;"sábado";"20:15:00";"PB";101;54,9;"SANTA RITA";"Reação tardia ou ineficiente do condutor";"Colisão com objeto";"Com Vítimas Feridas";"Plena Noite";"Crescente";"Céu Claro";"Dupla";"Curva";"Não";1;0;1;0;0;0;1;1;-6,95396379;-35,09058058;"SPRF-PB";"DEL01-PB";"UOP04-DEL01-PB"
407565;2022-01-08;"sábado";"19:10:00";"MT";163;838,2;"SINOP";"Retorno proibido";"Colisão transversal";"Com Vítimas Feridas";"Plena Noite";"Crescente";"Nublado";"Dupla";"Reta";"Sim";3;0;2;0;1;0;2;2;-11,835;-55,489;"SPRF-MT";"DEL06-MT";"NPF/DEL06-MT"
407566;2022-01-08;"sábado";"16:50:00";"AM";174;905;"MANAUS";"Manobra de mudança de faixa";"Saída de leito carroçável";"Sem Vítimas";"Pleno dia";"Crescente";"Nublado";"Simples";"Reta";"Não";1;0;0;0;1;0;0;1;-2,792865;-60,036778;"SPRF-AM";"DEL01-AM";"UOP01-DEL01-AM"
407568;2022-01-08;"sábado";"16:20:00";"MA";316;610,5;"TIMON";"Ingestão de álcool pelo condutor";"Colisão frontal";"Com Vítimas Fatais";"Pleno dia";"Decrescente";"Céu Claro";"Simples";"Declive";"Não";7;3;0;3;1;0;3;3;-5,06674946;-42,88212776;"SPRF-MA";"DEL03-MA";"UOP02-DEL03-MA"
407569;2022-01-08;"sábado";"20:00:00";"PE";232;94;"SAIRE";"Transitar na contramão";"Colisão frontal";"Com Vítimas Feridas";"Plena Noite";"Decrescente";"Nublado";"Dupla";"Reta";"Não";2;0;0;1;1;0;1;2;-8,22473335;-35,69081624;"SPRF-PE";"DEL02-PE";"UOP02-DEL02PE"
407570;2022-01-08;"sábado";"20:40:00";"PE";232;94;"SAIRE";"Ingestão de álcool pelo condutor";"Colisão frontal";"Sem Vítimas";"Plena Noite";"Decrescente";"Céu Claro";"Dupla";"Reta";"Não";2;0;0;0;2;0;0;2;-8,22473335;-35,69081624;"SPRF-PE";"DEL02-PE";"UOP02-DEL02PE"
407571;2022-01-08;"sábado";"21:00:00";"RS";116;239;"NOVO HAMBURGO";"Ausência de reação do condutor";"Saída de leito carroçável";"Com Vítimas Feridas";"Plena Noite";"Decrescente";"Céu Claro";"Dupla";"Reta;Aclive";"Sim";1;0;1;0;0;0;1;1;-29,6961491;-51,14455767;"SPRF-RS";"DEL01-RS";"UOP02-DEL01-RS"
407572;2022-01-08;"sábado";"19:55:00";"RS";287;247,4;"SANTA MARIA";"Acessar a via sem observar a presença dos outros veículos";"Colisão lateral mesmo sentido";"Sem Vítimas";"Plena Noite";"Crescente";"Vento";"Dupla";"Reta";"Sim";4;0;0;0;4;0;0;3;-29,69991534;-53,84176017;"SPRF-RS";"DEL09-RS";"UOP01-DEL09-RS"
407573;2022-01-08;"sábado";"20:30:00";"CE";20;420,5;"MARACANAU";"Deficiência do Sistema de Iluminação/Sinalização";"Colisão transversal";"Com Vítimas Fatais";"Plena Noite";"Crescente";"Céu Claro";"Dupla";"Reta";"Sim";3;1;0;0;1;1;0;3;-3,84417284;-38,58381271;"SPRF-CE";"DEL01-CE";"UOP02-DEL01-CE"
407574;2022-01-08;"sábado";"21:15:00";"MG";50;72;"UBERLANDIA";"Pedestre cruzava a pista fora da faixa";"Atropelamento de Pedestre";"Com Vítimas Feridas";"Plena Noite";"Crescente";"Chuva";"Dupla";"Reta";"Sim";3;0;0;1;0;2;1;2;-18,85140204;-48,25345932;"SPRF-MG";"DEL15-MG";"UOP01-DEL15-MG"
407575;2022-01-08;"sábado";"19:30:00";"RS";386;446;"CANOAS";"Reação tardia ou ineficiente do condutor";"Tombamento";"Com Vítimas Feridas";"Anoitecer";"Crescente";"Céu Claro";"Simples";"Interseção de Vias";"Sim";1;0;1;0;0;0;1;1;-29,893251;-51,182266;"SPRF-RS";"DEL01-RS";"UOP01-DEL01-RS"
407576;2022-01-08;"sábado";"11:55:00";"TO";153;333;"GUARAI";"Ingestão de álcool pelo condutor";"Colisão transversal";"Sem Vítimas";"Pleno dia";"Crescente";"Nublado";"Dupla";"Reta";"Sim";2;0;0;0;2;0;0;2;-8,826486;-48,51216;"SPRF-TO";"DEL02-TO";"UOP02-DEL02-TO"
407577;2022-01-08;"sábado";"20:50:00";"RN";101;125;"SAO JOSE DE MIPIBU";"Condutor desrespeitou a iluminação vermelha do semáforo";"Colisão transversal";"Sem Vítimas";"Plena Noite";"Crescente";"Céu Claro";"Múltipla";"Interseção de Vias";"Sim";2;0;0;0;2;0;0;2;-6,07815599;-35,23412006;"SPRF-RN";"DEL01-RN";"UOP01-DEL01-RN"
407579;2022-01-08;"sábado";"18:40:00";"PR";369;202;"APUCARANA";"Reação tardia ou ineficiente do condutor";"Colisão traseira";"Sem Vítimas";"Pleno dia";"Decrescente";"Céu Claro";"Simples";"Reta;Interseção de Vias";"Sim";2;0;0;0;2;0;0;2;-23,54331;-51,45466;"SPRF-PR";"DEL07-PR";"UOP02-DEL07-PR"
407580;2022-01-08;"sábado";"18:00:00";"MG";116;571,7;"MANHUACU";"Ausência de reação do condutor";"Colisão com objeto";"Com Vítimas Feridas";"Anoitecer";"Crescente";"Chuva";"Simples";"Reta";"Não";2;0;1;1;0;0;2;1;-20,11476401;-42,18102184;"SPRF-MG";"DEL06-MG";"UOP03-DEL06-MG"
407581;2022-01-08;"sábado";"21:40:00";"PI";343;3,8;"TERESINA";"Manobra de mudança de faixa";"Colisão lateral mesmo sentido";"Com Vítimas Feridas";"Plena Noite";"Crescente";"Nublado";"Múltipla";"Reta";"Sim";2;0;0;1;1;0;1;2;-5,080473;-42,783586;"SPRF-PI";"DEL01-PI";"UOP01-DEL01-PI"
407582;2022-01-08;"sábado";"21:44:00";"ES";101;288,4;"CARIACICA";"Entrada inopinada do pedestre";"Atropelamento de Pedestre";"Com Vítimas Fatais";"Plena Noite";"Crescente";"Chuva";"Dupla";"Curva";"Sim";2;1;0;0;1;0;0;2;-20,27160351;-40,39091743;"SPRF-ES";"DEL01-ES";"UOP01-DEL01-ES"
407583;2022-01-08;"sábado";"21:40:00";"DF";60;2,3;"BRASILIA";"Acessar a via sem observar a presença dos outros veículos";"Colisão lateral mesmo sentido";"Com Vítimas Feridas";"Plena Noite";"Crescente";"Chuva";"Dupla";"Reta";"Sim";2;0;0;1;1;0;1;2;-15,887383;-48,077988;"SPRF-DF";"DEL03-DF";"UOP01-DEL03-DF"
407584;2022-01-08;"sábado";"19:50:00";"MG";459;29,7;"CALDAS";"Transitar na contramão";"Colisão frontal";"Com Vítimas Feridas";"Plena Noite";"Decrescente";"Céu Claro";"Simples";"Reta";"Não";9;0;1;0;7;1;1;3;-21,928645;-46,361576;"SPRF-MG";"DEL09-MG";"UOP01-DEL09-MG"
407587;2022-01-08;"sábado";"22:40:00";"MG";40;623,5;"CONSELHEIRO LAFAIETE";"Entrada inopinada do pedestre";"Atropelamento de Pedestre";"Com Vítimas Feridas";"Plena Noite";"Crescente";"Garoa/Chuvisco";"Simples";"Curva";"Não";3;0;0;1;2;0;1;2;-20,60429323;-43,80784577;"SPRF-MG";"DEL05-MG";"UOP02-DEL05-MG"
407588;2022-01-08;"sábado";"21:15:00";"BA";324;342;"QUIXABEIRA";"Animais na Pista";"Atropelamento de Animal";"Com Vítimas Feridas";"Plena Noite";"Decrescente";"Céu Claro";"Simples";"Aclive";"Não";5;0;3;2;0;0;5;1;-11,33113;-40,13567;"SPRF-BA";"DEL04-BA";"UOP02-DEL04-BA"
407589;2022-01-08;"sábado";"21:30:00";"MG";381;543;"ITATIAIUCU";"Reação tardia ou ineficiente do condutor";"Saída de leito carroçável";"Com Vítimas Feridas";"Plena Noite";"Decrescente";"Chuva";"Dupla";"Curva;Declive";"Não";2;0;1;0;1;0;1;1;-20,27336801;-44,42585498;"SPRF-MG";"DEL04-MG";"UOP03-DEL04-MG"
407591;2022-01-08;"sábado";"20:12:00";"PB";230;394;"SAO BENTINHO";"Acesso irregular";"Colisão lateral mesmo sentido";"Com Vítimas Feridas";"Plena Noite";"Crescente";"Céu Claro";"Simples";"Reta";"Não";3;0;1;1;1;0;2;2;-6,8687;-37,7351;"SPRF-PB";"DEL03-PB";"UOP02-DEL03-PB"
407593;2022-01-08;"sábado";"22:08:00";"PR";476;171;"CONTENDA";"Pedestre andava na pista";"Atropelamento de Pedestre";"Com Vítimas Fatais";"Plena Noite";"Decrescente";"Nublado";"Dupla";"Reta";"Sim";2;1;0;0;1;0;0;2;-25,672495;-49,510612;"SPRF-PR";"DEL01-PR";"UOP03-DEL01-PR"
407594;2022-01-08;"sábado";"22:30:00";"PR";376;597,4;"CURITIBA";"Pedestre cruzava a pista fora da faixa";"Atropelamento de Pedestre";"Com Vítimas Fatais";"Plena Noite";"Crescente";"Nublado";"Dupla";"Ponte;Reta";"Sim";3;1;0;0;2;0;0;2;-25,510571;-49,338848;"SPRF-PR";"DEL01-PR";"UOP01-DEL01-PR"
407595;2022-01-09;"domingo";"00:10:00";"DF";20;24;"BRASILIA";"Condutor Dormindo";"Colisão com objeto";"Com Vítimas Feridas";"Anoitecer";"Crescente";"Chuva";"Dupla";"Curva";"Sim";1;0;1;0;0;0;1;1;-15,594831;-47,658615;"SPRF-DF";"DEL02-DF";"UOP01-DEL02-DF"
407596;2022-01-08;"sábado";"23:27:00";"SC";101;201,5;"SAO JOSE";"Avarias e/ou desgaste excessivo no pneu";"Tombamento";"Com Vítimas Feridas";"Plena Noite";"Crescente";"Nublado";"Múltipla";"Reta";"Sim";2;0;2;0;0;0;2;1;-27,55305353;-48,61952305;"SPRF-SC";"DEL01-SC";"UOP01-DEL01-SC"
407597;2022-01-09;"domingo";"00:00:00";"PR";376;189;"MARIALVA";"Acesso irregular";"Queda de ocupante de veículo";"Com Vítimas Feridas";"Plena Noite";"Decrescente";"Céu Claro";"Dupla";"Reta";"Sim";1;0;1;0;0;0;1;1;-23,471231;-51,819515;"SPRF-PR";"DEL09-PR";"UOP01-DEL09-PR"
407598;2022-01-09;"domingo";"00:01:00";"GO";70;58,3;"COCALZINHO DE GOIAS";"Neblina";"Colisão traseira";"Com Vítimas Fatais";"Plena Noite";"Decrescente";"Nevoeiro/Neblina";"Simples";"Declive;Reta";"Não";3;1;0;0;2;0;0;2;-15,75845891;-48,68892482;"SPRF-DF";"DEL03-DF";"UOP02-DEL03-DF"
407599;2022-01-09;"domingo";"01:20:00";"PR";277;70;"SAO JOSE DOS PINHAIS";"Transitar na contramão";"Colisão frontal";"Com Vítimas Feridas";"Plena Noite";"Decrescente";"Garoa/Chuvisco";"Dupla";"Reta";"Sim";2;0;1;0;0;1;1;2;-25,53317957;-49,07969781;"SPRF-PR";"DEL01-PR";"UOP01-DEL01-PR"
407600;2022-01-09;"domingo";"01:25:00";"MG";381;646;"SANTO ANTONIO DO AMPARO";"Condutor Dormindo";"Saída de leito carroçável";"Sem Vítimas";"Plena Noite";"Crescente";"Chuva";"Dupla";"Curva";"Não";2;0;0;0;1;1;0;2;-20,95720609;-44,90296563;"SPRF-MG";"DEL04-MG";"UOP02-DEL04-MG"
407601;2022-01-09;"domingo";"02:00:00";"SP";116;228;"SAO PAULO";"Estacionar ou parar em local proibido";"Colisão traseira";"Com Vítimas Feridas";"Plena Noite";"Crescente";"Chuva";"Múltipla";"Reta";"Sim";2;0;1;0;1;0;1;2;-23,51354408;-46,57276154;"SPRF-SP";"DEL01-SP";"UOP01-DEL01-SP"
407603;2022-01-09;"domingo";"00:30:00";"RS";470;166;"VILA FLORES";"Reação tardia ou ineficiente do condutor";"Saída de leito carroçável";"Com Vítimas Feridas";"Plena Noite";"Decrescente";"Céu Claro";"Simples";"Curva";"Não";1;0;1;0;0;0;1;1;-28,84766792;-51,57122398;"SPRF-RS";"DEL06-RS";"UOP02-DEL06-RS"
407604;2022-01-09;"domingo";"01:15:00";"PR";476;135;"CURITIBA";"Velocidade Incompatível";"Colisão com objeto";"Sem Vítimas";"Plena Noite";"Crescente";"Céu Claro";"Múltipla";"Curva";"Sim";1;0;0;0;0;1;0;1;-25,483786;-49,265808;"SPRF-PR";"DEL01-PR";"UOP03-DEL01-PR"
407605;2022-01-09;"domingo";"02:15:00";"MG";50;37;"ARAGUARI";"Acesso irregular";"Saída de leito carroçável";"Com Vítimas Feridas";"Plena Noite";"Crescente";"Garoa/Chuvisco";"Dupla";"Interseção de Vias";"Sim";1;0;1;0;0;0;1;1;-18,65832814;-48,15585894;"SPRF-MG";"DEL15-MG";"UOP02-DEL15-MG"
407607;2022-01-09;"domingo";"03:00:00";"SP";116;279;"EMBU DAS ARTES";"Demais falhas mecânicas ou elétricas";"Colisão com objeto";"Sem Vítimas";"Plena Noite";"Crescente";"Garoa/Chuvisco";"Dupla";"Reta";"Sim";2;0;0;0;2;0;0;2;-23,66233697;-46,85292907;"SPRF-SP";"DEL04-SP";"UOP01-DEL04-SP"
407609;2022-01-09;"domingo";"02:30:00";"PR";369;431,5;"JURANDA";"Ultrapassagem Indevida";"Colisão traseira";"Com Vítimas Feridas";"Plena Noite";"Crescente";"Nublado";"Simples";"Aclive";"Não";3;0;1;0;2;0;1;2;-24,4598;-52,8578;"SPRF-PR";"DEL04-PR";"UOP03-DEL04-PR"
407610;2022-01-09;"domingo";"03:10:00";"PB";230;10;"CABEDELO";"Reação tardia ou ineficiente do condutor";"Colisão com objeto";"Com Vítimas Feridas";"Plena Noite";"Crescente";"Céu Claro";"Dupla";"Interseção de Vias;Em Obras";"Sim";2;0;1;0;1;0;1;1;-7,0514;-34,8499;"SPRF-PB";"DEL01-PB";"UOP01-DEL01-PB"
407611;2022-01-09;"domingo";"01:00:00";"SC";280;122;"RIO NEGRINHO";"Ingestão de álcool pelo condutor";"Colisão traseira";"Com Vítimas Feridas";"Plena Noite";"Crescente";"Nublado";"Simples";"Reta";"Não";2;0;0;1;1;0;1;2;-26,24855895;-49,45712883;"SPRF-SC";"DEL06-SC";"UOP03-DEL06-SC"
407612;2022-01-09;"domingo";"04:20:00";"RS";386;338,2;"LAJEADO";"Reação tardia ou ineficiente do condutor";"Saída de leito carroçável";"Sem Vítimas";"Plena Noite";"Decrescente";"Céu Claro";"Simples";"Reta";"Não";1;0;0;0;0;1;0;1;-29,404047;-52,036518;"SPRF-RS";"DEL04-RS";"UOP01-DEL04-RS"
407614;2022-01-09;"domingo";"02:46:00";"AL";316;82;"SANTANA DO IPANEMA";"Condutor deixou de manter distância do veículo da frente";"Colisão lateral mesmo sentido";"Com Vítimas Feridas";"Plena Noite";"Decrescente";"Céu Claro";"Simples";"Curva";"Não";1;0;1;0;0;0;1;1;-9,36141079;-37,2685338;"SPRF-AL";"DEL03-AL";"UOP02-DEL03-AL"
407615;2022-01-09;"domingo";"02:30:00";"PR";376;517,8;"PONTA GROSSA";"Demais falhas mecânicas ou elétricas";"Incêndio";"Sem Vítimas";"Plena Noite";"Crescente";"Nublado";"Dupla";"Reta";"Não";2;0;0;0;2;0;0;1;-25,26986796;-49,93608;"SPRF-PR";"DEL03-PR";"UOP01-DEL03-PR"
407620;2022-01-09;"domingo";"04:35:00";"ES";262;105;"VENDA NOVA DO IMIGRANTE";"Condutor Dormindo";"Colisão com objeto";"Com Vítimas Feridas";"Amanhecer";"Crescente";"Nublado";"Múltipla";"Reta";"Sim";2;0;1;0;0;1;1;2;-20,32624656;-41,13598921;"SPRF-ES";"DEL01-ES";"UOP02-DEL01-ES"
407621;2022-01-09;"domingo";"05:15:00";"PR";277;672;"MEDIANEIRA";"Condutor Dormindo";"Colisão com objeto";"Com Vítimas Feridas";"Amanhecer";"Decrescente";"Céu Claro";"Dupla";"Declive;Reta";"Sim";1;0;1;0;0;0;1;1;-25,28740438;-54,09701091;"SPRF-PR";"DEL05-PR";"UOP02-DEL05-PR"
407626;2022-01-09;"domingo";"03:00:00";"SC";101;424,8;"ARARANGUA";"Reação tardia ou ineficiente do condutor";"Saída de leito carroçável";"Sem Vítimas";"Plena Noite";"Crescente";"Ignorado";"Simples";"Reta";"Sim";1;0;0;0;1;0;0;1;-29,01601155;-49,58269226;"SPRF-SC";"DEL02-SC";"UOP02-DEL02-SC"
407627;2022-01-09;"domingo";"04:45:00";"PR";277;667;"MEDIANEIRA";"Ingestão de álcool pelo condutor";"Saída de leito carroçável";"Com Vítimas Feridas";"Amanhecer";"Decrescente";"Céu Claro";"Dupla";"Reta";"Sim";2;0;0;2;0;0;2;1;-25,26577498;-54,05432901;"SPRF-PR";"DEL05-PR";"UOP02-DEL05-PR"
407628;2022-01-09;"domingo";"05:50:00";"SC";470;7,2;"NAVEGANTES";"Ingestão de álcool pelo condutor";"Colisão traseira";"Com Vítimas Feridas";"Amanhecer";"Crescente";"Garoa/Chuvisco";"Simples";"Em Obras;Viaduto;Desvio Temporário;Curva";"Não";2;0;0;1;1;0;1;2;-26,84499;-48,71505;"SPRF-SC";"DEL04-SC";"UOP04-DEL04-SC"
407629;2022-01-09;"domingo";"03:30:00";"SC";282;646;"SAO MIGUEL DO OESTE";"Ingestão de álcool pelo condutor";"Capotamento";"Com Vítimas Feridas";"Plena Noite";"Crescente";"Céu Claro";"Simples";"Interseção de Vias;Rotatória";"Sim";1;0;1;0;0;0;1;1;-26,76143708;-53,50005984;"SPRF-SC";"DEL07-SC";"UOP03-DEL07-SC"