"id";"data_inversa";"dia_semana";"horario";"uf";"br";"km";"municipio";"causa_acidente";"tipo_acidente";"classificacao_acidente";"fase_dia";"sentido_via";"condicao_metereologica";"tipo_pista";"tracado_via";"uso_solo";"pessoas";"mortos";"feridos_leves";"feridos_graves";"ilesos";"ignorados";"feridos";"veiculos";"latitude";"longitude";"regional";"delegacia";"uop"
407630;2022-01-09;"domingo";"04:00:00";"SC";282;350;"CAMPOS NOVOS";"Ausência de reação do condutor";"Saída de leito carroçável";"Com Vítimas Feridas";"Plena Noite";"Crescente";"Céu Claro";"Simples";"Curva";"Não";1;0;1;0;0;0;1;1;-27,358767;-51,29229;"SPRF-SC";"DEL07-SC";"UOP06-DEL07-SC"
407631;2022-01-08;"sábado";"17:00:00";"PA";316;44;"SANTA IZABEL DO PARA";"Ausência de reação do condutor";"Saída de leito carroçável";"Com Vítimas Feridas";"Anoitecer";"Decrescente";"Garoa/Chuvisco";"Dupla";"Desvio Temporário;Em Obras;Reta";"Não";2;0;2;0;0;0;2;1;-1,27592647;-48,08710906;"SPRF-PA";"DEL01-PA";"UOP01-DEL01-PA"
407632;2022-01-08;"sábado";"20:50:00";"GO";153;26;"PORANGATU";"Demais falhas mecânicas ou elétricas";"Incêndio";"Sem Vítimas";"Plena Noite";"Decrescente";"Nublado";"Simples";"Reta";"Não";1;0;0;0;1;0;0;1;-13,053743;-49,17865;"SPRF-GO";"DEL07-GO";"UOP01-DEL07-GO"
407635;2022-01-09;"domingo";"06:15:00";"SC";101;48;"JOINVILLE";"Velocidade Incompatível";"Colisão com objeto";"Com Vítimas Feridas";"Pleno dia";"Crescente";"Nublado";"Dupla";"Curva;Declive";"Não";1;0;1;0;0;0;1;1;-26,37872159;-48,85173798;"SPRF-SC";"DEL03-SC";"UOP01-DEL03-SC"
407638;2022-01-09;"domingo";"05:20:00";"PR";373;214;"IMBITUVA";"Curva acentuada";"Saída de leito carroçável";"Sem Vítimas";"Amanhecer";"Crescente";"Céu Claro";"Simples";"Curva";"Não";1;0;0;0;1;0;0;1;-25,15377373;-50,5231899;"SPRF-PR";"DEL03-PR";"UOP01-DEL03-PR"
407640;2022-01-09;"domingo";"06:00:00";"ES";101;270;"SERRA";"Reação tardia ou ineficiente do condutor";"Saída de leito carroçável";"Com Vítimas Feridas";"Pleno dia";"Decrescente";"Chuva";"Múltipla";"Curva";"Não";1;0;1;0;0;0;1;1;-20,22662056;-40,27075088;"SPRF-ES";"DEL02-ES";"UOP01-DEL02-ES"
407641;2022-01-08;"sábado";"21:00:00";"CE";222;85;"UMIRIM";"Animais na Pista";"Atropelamento de Animal";"Com Vítimas Feridas";"Plena Noite";"Crescente";"Céu Claro";"Simples";"Declive";"Sim";3;0;1;0;2;0;1;2;-3,67239499;-39,302516;"SPRF-CE";"DEL04-CE";"UOP03-DEL04-CE"
407642;2022-01-08;"sábado";"22:50:00";"SC";116;131;"SANTA CECILIA";"Ingestão de álcool pelo condutor";"Saída de leito carroçável";"Com Vítimas Feridas";"Plena Noite";"Crescente";"Nublado";"Simples";"Reta";"Não";1;0;1;0;0;0;1;1;-26,89968986;-50,43667825;"SPRF-SC";"DEL06-SC";"UOP02-DEL06-SC"
407643;2022-01-09;"domingo";"07:15:00";"MG";381;506;"BETIM";"Avarias e/ou desgaste excessivo no pneu";"Tombamento";"Com Vítimas Feridas";"Amanhecer";"Decrescente";"Chuva";"Dupla";"Reta";"Sim";1;0;1;0;0;0;1;1;-20,05039397;-44,27962502;"SPRF-MG";"DEL01-MG";"UOP03-DEL01-MG"
407644;2022-01-08;"sábado";"20:00:00";"MG";262;539,4;"LUZ";"Chuva";"Saída de leito carroçável";"Com Vítimas Feridas";"Plena Noite";"Decrescente";"Chuva";"Simples";"Curva";"Não";2;0;2;0;0;0;2;1;-19,76268587;-45,79506296;"SPRF-MG";"DEL08-MG";"UOP02-DEL08-MG"
407645;2022-01-09;"domingo";"06:50:00";"PR";277;76;"SAO JOSE DOS PINHAIS";"Condutor Dormindo";"Saída de leito carroçável";"Com Vítimas Feridas";"Amanhecer";"Crescente";"Céu Claro";"Dupla";"Reta";"Sim";1;0;1;0;0;0;1;1;-25,51327981;-49,12433291;"SPRF-PR";"DEL01-PR";"UOP01-DEL01-PR"
407649;2022-01-09;"domingo";"07:40:00";"GO";60;186,8;"GUAPO";"Acumulo de água sobre o pavimento";"Colisão com objeto";"Sem Vítimas";"Pleno dia";"Crescente";"Chuva";"Dupla";"Reta";"Não";3;0;0;0;3;0;0;1;-16,8011;-49,5177;"SPRF-GO";"DEL01-GO";"UOP02-DEL01-GO"
407651;2022-01-09;"domingo";"06:15:00";"RS";290;455;"ROSARIO DO SUL";"Ingestão de álcool pelo condutor";"Capotamento";"Com Vítimas Feridas";"Pleno dia";"Decrescente";"Céu Claro";"Simples";"Curva";"Não";1;0;1;0;0;0;1;1;-30,230503;-54,665829;"SPRF-RS";"DEL11-RS";"UOP02-DEL11-RS"
407652;2022-01-06;"quinta-feira";"07:20:00";"PR";277;10,1;"PARANAGUA";"Velocidade Incompatível";"Saída de leito carroçável";"Com Vítimas Feridas";"Pleno dia";"Crescente";"Nublado";"Simples";"Declive;Curva";"Não";1;0;0;1;0;0;1;1;-25,567551;-48,616731;"SPRF-PR";"DEL01-PR";"UOP05-DEL01-PR"
407653;2022-01-09;"domingo";"07:00:00";"MG";262;539,4;"LUZ";"Acumulo de água sobre o pavimento";"Saída de leito carroçável";"Com Vítimas Feridas";"Pleno dia";"Crescente";"Chuva";"Simples";"Curva";"Não";2;0;2;0;0;0;2;1;-19,76268587;-45,79506296;"SPRF-MG";"DEL08-MG";"UOP02-DEL08-MG"
407654;2022-01-09;"domingo";"08:10:00";"PR";376;110;"PARANAVAI";"Demais falhas mecânicas ou elétricas";"Tombamento";"Com Vítimas Feridas";"Pleno dia";"Decrescente";"Céu Claro";"Dupla";"Declive";"Sim";2;0;2;0;0;0;2;1;-23,08586386;-52,40179942;"SPRF-PR";"DEL09-PR";"UOP02-DEL09-PR"
407655;2022-01-09;"domingo";"08:00:00";"RJ";40;34;"AREAL";"Chuva";"Colisão com objeto";"Com Vítimas Feridas";"Pleno dia";"Decrescente";"Chuva";"Múltipla";"Curva";"Não";2;0;1;0;1;0;1;1;-22,20122568;-43,14116761;"SPRF-RJ";"DEL05-RJ";"UOP02-DEL05-RJ"
407656;2022-01-06;"quinta-feira";"07:00:00";"MG";40;651,2;"CRISTIANO OTONI";"Chuva";"Capotamento";"Com Vítimas Feridas";"Pleno dia";"Crescente";"Chuva";"Simples";"Curva";"Não";1;0;1;0;0;0;1;1;-20,83352974;-43,80472872;"SPRF-MG";"DEL05-MG";"UOP02-DEL05-MG"
407657;2022-01-09;"domingo";"09:20:00";"SE";101;93,7;"NOSSA SENHORA DO SOCORRO";"Acessar a via sem observar a presença dos outros veículos";"Colisão traseira";"Com Vítimas Feridas";"Pleno dia";"Decrescente";"Sol";"Dupla";"Curva";"Não";3;0;2;0;1;0;2;2;-10,90212319;-37,14494787;"SPRF-SE";"DEL01-SE";"UOP01-DEL01-SE"
407658;2022-01-09;"domingo";"07:00:00";"MG";40;521;"CONTAGEM";"Acumulo de água sobre o pavimento";"Saída de leito carroçável";"Com Vítimas Feridas";"Pleno dia";"Decrescente";"Nublado";"Dupla";"Reta";"Não";1;0;1;0;0;0;1;1;-19,85651501;-44,07213222;"SPRF-MG";"DEL01-MG";"UOP02-DEL01-MG"
407659;2022-01-09;"domingo";"07:30:00";"SC";101;371,5;"ICARA";"Ingestão de álcool pelo condutor";"Saída de leito carroçável";"Sem Vítimas";"Pleno dia";"Crescente";"Céu Claro";"Dupla";"Curva";"Não";1;0;0;0;1;0;0;1;-28,70403682;-49,2008731;"SPRF-SC";"DEL02-SC";"UOP01-DEL02-SC"
407664;2022-01-09;"domingo";"06:00:00";"PB";361;110;"ITAPORANGA";"Ausência de reação do condutor";"Colisão traseira";"Com Vítimas Fatais";"Amanhecer";"Crescente";"Céu Claro";"Simples";"Aclive;Reta";"Não";3;1;0;1;0;1;1;2;-7,2940985;-38,11120683;"SPRF-PB";"DEL03-PB";"UOP01-DEL03-PB"
407665;2022-01-09;"domingo";"09:40:00";"MG";40;463;"SETE LAGOAS";"Chuva";"Saída de leito carroçável";"Com Vítimas Feridas";"Pleno dia";"Decrescente";"Chuva";"Dupla";"Reta";"Não";5;0;2;0;3;0;2;1;-19,42224803;-44,33870213;"SPRF-MG";"DEL02-MG";"UOP01-DEL02-MG"
407666;2022-01-09;"domingo";"09:50:00";"SP";116;227;"GUARULHOS";"Reação tardia ou ineficiente do condutor";"Capotamento";"Com Vítimas Feridas";"Pleno dia";"Decrescente";"Garoa/Chuvisco";"Múltipla";"Reta";"Sim";2;0;2;0;0;0;2;1;-23,50019805;-46,5617767;"SPRF-SP";"DEL01-SP";"UOP01-DEL01-SP"
407667;2022-01-09;"domingo";"09:30:00";"MG";365;47,8;"CLARO DOS POCOES";"Reação tardia ou ineficiente do condutor";"Colisão transversal";"Com Vítimas Feridas";"Pleno dia";"Crescente";"Nublado";"Simples";"Reta";"Sim";3;0;2;0;1;0;2;2;-16,92733795;-44,21992008;"SPRF-MG";"DEL12-MG";"UOP01-DEL12-MG"
407668;2022-01-09;"domingo";"10:00:00";"TO";153;673,2;"GURUPI";"Ultrapassagem Indevida";"Colisão traseira";"Com Vítimas Feridas";"Pleno dia";"Decrescente";"Nublado";"Dupla";"Reta";"Sim";5;0;1;0;4;0;1;2;-11,73820383;-49,08104077;"SPRF-TO";"DEL01-TO";"UOP02-DEL01-TO"
407669;2022-01-09;"domingo";"10:35:00";"SP";381;75;"SAO PAULO";"Ausência de reação do condutor";"Tombamento";"Com Vítimas Feridas";"Pleno dia";"Decrescente";"Garoa/Chuvisco";"Dupla";"Curva";"Não";2;0;2;0;0;0;2;1;-23,37660089;-46,56409613;"SPRF-SP";"DEL03-SP";"UOP01-DEL03-SP"
407672;2022-01-09;"domingo";"08:00:00";"ES";262;180,4;"IBATIBA";"Conversão proibida";"Colisão transversal";"Com Vítimas Feridas";"Pleno dia";"Crescente";"Chuva";"Simples";"Reta";"Não";5;0;3;0;2;0;3;2;-20,29210047;-41,66992112;"SPRF-ES";"DEL01-ES";"UOP02-DEL01-ES"
407673;2022-01-09;"domingo";"09:30:00";"PR";116;37;"CAMPINA GRANDE DO SUL";"Acumulo de água sobre o pavimento";"Colisão com objeto";"Com Vítimas Feridas";"Pleno dia";"Decrescente";"Garoa/Chuvisco";"Múltipla";"Curva";"Não";2;0;2;0;0;0;2;1;-25,13988802;-48,85618719;"SPRF-PR";"DEL01-PR";"UOP02-DEL01-PR"
407675;2022-01-09;"domingo";"11:35:00";"MG";146;442,8;"CABO VERDE";"Acessar a via sem observar a presença dos outros veículos";"Colisão transversal";"Com Vítimas Feridas";"Pleno dia";"Crescente";"Chuva";"Simples";"Aclive;Interseção de Vias";"Não";5;0;1;0;3;1;1;3;-21,472191;-46,402655;"SPRF-MG";"DEL09-MG";"UOP01-DEL09-MG"
407676;2022-01-09;"domingo";"11:00:00";"MG";381;502;"BETIM";"Pista Escorregadia";"Queda de ocupante de veículo";"Com Vítimas Feridas";"Pleno dia";"Decrescente";"Chuva";"Múltipla";"Declive;Reta";"Sim";1;0;1;0;0;0;1;1;-20,03619694;-44,24586303;"SPRF-MG";"DEL01-MG";"UOP03-DEL01-MG"
407677;2022-01-09;"domingo";"11:30:00";"CE";222;4,3;"CAUCAIA";"Acessar a via sem observar a presença dos outros veículos";"Colisão transversal";"Com Vítimas Fatais";"Pleno dia";"Decrescente";"Céu Claro";"Múltipla";"Reta";"Sim";3;1;1;0;1;0;1;3;-3,74203881;-38,60757413;"SPRF-CE";"DEL01-CE";"UOP01-DEL01-CE"
407678;2022-01-09;"domingo";"11:45:00";"RS";290;141,9;"ELDORADO DO SUL";"Desrespeitar a preferência no cruzamento";"Colisão transversal";"Com Vítimas Feridas";"Pleno dia";"Decrescente";"Céu Claro";"Simples";"Interseção de Vias";"Sim";2;0;1;0;1;0;1;2;-30,086048;-51,61882;"SPRF-RS";"DEL02-RS";"UOP01-DEL02-RS"
407681;2022-01-09;"domingo";"11:45:00";"MG";50;1,5;"ARAGUARI";"Ausência de reação do condutor";"Saída de leito carroçável";"Com Vítimas Feridas";"Pleno dia";"Decrescente";"Chuva";"Dupla";"Retorno Regulamentado";"Não";3;0;3;0;0;0;3;1;-18,42982393;-48,06250588;"SPRF-MG";"DEL15-MG";"UOP02-DEL15-MG"
407682;2022-01-09;"domingo";"12:00:00";"SC";101;289;"IMBITUBA";"Acesso irregular";"Colisão transversal";"Sem Vítimas";"Pleno dia";"Decrescente";"Nublado";"Múltipla";"Retorno Regulamentado;Viaduto;Curva;Rotatória;Interseção de Vias";"Sim";3;0;0;0;3;0;0;2;-28,25395282;-48,70289554;"SPRF-SC";"DEL02-SC";"UOP03-DEL02-SC"
407683;2022-01-09;"domingo";"12:50:00";"SP";116;334;"JUQUITIBA";"Ingestão de álcool pelo condutor";"Saída de leito carroçável";"Com Vítimas Feridas";"Pleno dia";"Crescente";"Chuva";"Dupla";"Reta";"Não";1;0;1;0;0;0;1;1;-23,96478894;-47,12622102;"SPRF-SP";"DEL04-SP";"UOP01-DEL04-SP"
407684;2022-01-09;"domingo";"12:30:00";"MG";40;809,8;"MATIAS BARBOSA";"Reação tardia ou ineficiente do condutor";"Colisão com objeto";"Com Vítimas Feridas";"Pleno dia";"Decrescente";"Chuva";"Dupla";"Declive";"Sim";2;0;1;0;1;0;1;1;-21,87077676;-43,34388381;"SPRF-MG";"DEL05-MG";"UOP01-DEL05-MG"
407686;2022-01-09;"domingo";"13:00:00";"PB";101;17,6;"MAMANGUAPE";"Reação tardia ou ineficiente do condutor";"Colisão lateral mesmo sentido";"Com Vítimas Feridas";"Pleno dia";"Crescente";"Céu Claro";"Dupla";"Declive";"Sim";4;0;0;2;1;1;2;3;-6,63844408;-35,12334336;"SPRF-PB";"DEL01-PB";"UOP04-DEL01-PB"
407688;2022-01-09;"domingo";"09:30:00";"SC";101;135,3;"BALNEARIO CAMBORIU";"Transitar no acostamento";"Colisão com objeto";"Com Vítimas Feridas";"Pleno dia";"Decrescente";"Nublado";"Múltipla";"Reta";"Sim";1;0;1;0;0;0;1;1;-27,0050108;-48,62677494;"SPRF-SC";"DEL04-SC";"UOP03-DEL04-SC"
407689;2022-01-09;"domingo";"11:46:00";"SC";101;117,3;"ITAJAI";"Desrespeitar a preferência no cruzamento";"Colisão transversal";"Com Vítimas Feridas";"Pleno dia";"Decrescente";"Nublado";"Dupla";"Rotatória";"Não";4;0;2;0;0;2;2;3;-26,88747187;-48,72252969;"SPRF-SC";"DEL04-SC";"UOP04-DEL04-SC"
407690;2022-01-09;"domingo";"12:10:00";"GO";158;270,1;"JATAI";"Acessar a via sem observar a presença dos outros veículos";"Colisão lateral mesmo sentido";"Sem Vítimas";"Pleno dia";"Decrescente";"Céu Claro";"Simples";"Reta";"Sim";2;0;0;0;2;0;0;2;-17,86380007;-51,72967528;"SPRF-GO";"DEL05-GO";"UOP01-DEL05-GO"
407691;2022-01-09;"domingo";"12:30:00";"MG";381;591;"CARMOPOLIS DE MINAS";"Velocidade Incompatível";"Saída de leito carroçável";"Com Vítimas Feridas";"Pleno dia";"Decrescente";"Chuva";"Dupla";"Reta";"Não";3;0;3;0;0;0;3;1;-20,57257068;-44,68042133;"SPRF-MG";"DEL04-MG";"UOP01-DEL04-MG"
407692;2022-01-09;"domingo";"13:40:00";"DF";40;0,3;"BRASILIA";"Reação tardia ou ineficiente do condutor";"Colisão com objeto";"Com Vítimas Feridas";"Pleno dia";"Crescente";"Chuva";"Simples";"Viaduto";"Não";3;0;3;0;0;0;3;1;-15,976897;-47,990129;"SPRF-DF";"DEL01-DF";"UOP01-DEL01-DF"
407693;2022-01-09;"domingo";"12:00:00";"MG";146;399,4;"GUAXUPE";"Velocidade Incompatível";"Saída de leito carroçável";"Com Vítimas Feridas";"Pleno dia";"Crescente";"Chuva";"Simples";"Reta";"Não";4;0;3;1;0;0;4;1;-21,296099;-46,678678;"SPRF-MG";"DEL09-MG";"UOP01-DEL09-MG"
407694;2022-01-09;"domingo";"14:00:00";"MG";381;732,3;"CARMO DA CACHOEIRA";"Chuva";"Saída de leito carroçável";"Com Vítimas Feridas";"Pleno dia";"Decrescente";"Chuva";"Dupla";"Curva";"Não";2;0;1;0;1;0;1;1;-21,52123066;-45,22345524;"SPRF-MG";"DEL16-MG";"UOP02-DEL16-MG"
407695;2022-01-09;"domingo";"12:40:00";"RJ";493;14;"GUAPIMIRIM";"Demais falhas mecânicas ou elétricas";"Incêndio";"Sem Vítimas";"Pleno dia";"Crescente";"Nublado";"Simples";"Reta";"Não";1;0;0;0;1;0;0;1;-22,67034011;-42,98256206;"SPRF-RJ";"DEL04-RJ";"UOP02-DEL04-RJ"
407696;2022-01-09;"domingo";"11:00:00";"SC";101;335,3;"TUBARAO";"Transitar na contramão";"Colisão frontal";"Com Vítimas Feridas";"Pleno dia";"Decrescente";"Nublado";"Múltipla";"Interseção de Vias";"Sim";2;0;1;0;1;0;1;2;-28,46927473;-49,01557908;"SPRF-SC";"DEL02-SC";"UOP01-DEL02-SC"
407699;2022-01-09;"domingo";"13:00:00";"MG";116;277,9;"TEOFILO OTONI";"Manobra de mudança de faixa";"Tombamento";"Com Vítimas Feridas";"Pleno dia";"Crescente";"Céu Claro";"Dupla";"Interseção de Vias";"Sim";2;0;1;1;0;0;2;1;-17,859945;-41,515144;"SPRF-MG";"DEL11-MG";"UOP01-DEL11-MG"
407700;2022-01-09;"domingo";"13:00:00";"SC";101;125,6;"ITAJAI";"Condutor deixou de manter distância do veículo da frente";"Colisão traseira";"Com Vítimas Feridas";"Pleno dia";"Decrescente";"Céu Claro";"Dupla";"Declive";"Não";2;0;1;0;1;0;1;2;-26,94802427;-48,68338515;"SPRF-SC";"DEL04-SC";"UOP04-DEL04-SC"
407701;2022-01-09;"domingo";"15:10:00";"SC";101;190,9;"BIGUACU";"Velocidade Incompatível";"Colisão com objeto";"Com Vítimas Feridas";"Pleno dia";"Crescente";"Garoa/Chuvisco";"Dupla";"Curva";"Sim";2;0;1;0;1;0;1;1;-27,468056;-48,641712;"SPRF-SC";"DEL01-SC";"UOP01-DEL01-SC"
407703;2022-01-09;"domingo";"11:20:00";"MT";174;348;"CONQUISTA DOESTE";"Reação tardia ou ineficiente do condutor";"Saída de leito carroçável";"Com Vítimas Feridas";"Pleno dia";"Decrescente";"Céu Claro";"Simples";"Reta";"Não";2;0;1;0;1;0;1;1;-14,74605516;-59,36211547;"SPRF-MT";"DEL04-MT";"UOP01-DEL04-MT"
407705;2022-01-09;"domingo";"14:29:00";"MT";163;839;"SINOP";"Desrespeitar a preferência no cruzamento";"Colisão transversal";"Com Vítimas Feridas";"Pleno dia";"Crescente";"Céu Claro";"Simples";"Reta";"Sim";6;0;1;1;4;0;2;4;-11,951051;-55,516876;"SPRF-MT";"DEL06-MT";"NPF/DEL06-MT"
407708;2022-01-09;"domingo";"16:00:00";"GO";153;365;"JARAGUA";"Demais falhas mecânicas ou elétricas";"Queda de ocupante de veículo";"Com Vítimas Feridas";"Pleno dia";"Crescente";"Céu Claro";"Simples";"Reta";"Não";2;0;1;0;1;0;1;1;-15,791342;-49,302017;"SPRF-GO";"DEL02-GO";"UOP02-DEL02-GO"
407709;2022-01-09;"domingo";"15:40:00";"RS";290;91;"PORTO ALEGRE";"Manobra de mudança de faixa";"Colisão lateral mesmo sentido";"Com Vítimas Feridas";"Pleno dia";"Crescente";"Sol";"Dupla";"Reta";"Sim";2;0;1;0;1;0;1;2;-29,969055;-51,167439;"SPRF-RS";"DEL01-RS";"UOP01-DEL01-RS"
407710;2022-01-09;"domingo";"15:50:00";"DF";20;9;"BRASILIA";"Acessar a via sem observar a presença dos outros veículos";"Colisão traseira";"Com Vítimas Feridas";"Pleno dia";"Decrescente";"Nublado";"Dupla";"Reta";"Sim";3;0;2;0;1;0;2;2;-15,654671;-47,782917;"SPRF-DF";"DEL02-DF";"UOP01-DEL02-DF"
407711;2022-01-09;"domingo";"16:00:00";"SP";116;284;"EMBU DAS ARTES";"Ausência de reação do condutor";"Colisão lateral mesmo sentido";"Com Vítimas Feridas";"Pleno dia";"Decrescente";"Chuva";"Dupla";"Reta";"Sim";6;0;1;0;5;0;1;2;-23,69998;-46,867767;"SPRF-SP";"DEL04-SP";"UOP01-DEL04-SP"
407712;2022-01-09;"domingo";"15:30:00";"MG";40;179,9;"JOAO PINHEIRO";"Acumulo de água sobre o pavimento";"Saída de leito carroçável";"Com Vítimas Fatais";"Pleno dia";"Crescente";"Chuva";"Simples";"Reta";"Não";7;3;0;4;0;0;4;2;-17,96991579;-45,98018646;"SPRF-MG";"DEL14-MG";"UOP02-DEL14-MG"
407713;2022-01-09;"domingo";"15:35:00";"PE";101;51,5;"PAULISTA";"Condutor desrespeitou a iluminação vermelha do semáforo";"Colisão transversal";"Com Vítimas Feridas";"Pleno dia";"Decrescente";"Céu Claro";"Múltipla";"Retorno Regulamentado";"Sim";3;0;1;0;2;0;1;2;-7,922579;-34,892538;"SPRF-PE";"DEL01-PE";"UOP02-DEL01-PE"
407714;2022-01-09;"domingo";"13:00:00";"SC";282;568;"NOVA ERECHIM";"Condutor deixou de manter distância do veículo da frente";"Colisão traseira";"Com Vítimas Feridas";"Pleno dia";"Decrescente";"Nublado";"Simples";"Reta";"Sim";2;0;2;0;0;0;2;2;-26,899681;-52,915756;"SPRF-SC";"DEL07-SC";"UOP02-DEL07-SC"
407715;2022-01-09;"domingo";"15:15:00";"SC";101;210,5;"SAO JOSE";"Condutor deixou de manter distância do veículo da frente";"Colisão traseira";"Com Vítimas Feridas";"Pleno dia";"Crescente";"Garoa/Chuvisco";"Múltipla";"Interseção de Vias";"Sim";4;0;1;0;2;1;1;3;-27,62007751;-48,64916682;"SPRF-SC";"DEL01-SC";"UOP01-DEL01-SC"
407716;2022-01-09;"domingo";"03:00:00";"RS";285;306,1;"PASSO FUNDO";"Ingestão de álcool pelo condutor";"Saída de leito carroçável";"Com Vítimas Fatais";"Plena Noite";"Decrescente";"Céu Claro";"Simples";"Reta";"Não";2;1;0;1;0;0;1;1;-28,228838;-52,497044;"SPRF-RS";"DEL08-RS";"UOP03-DEL08-RS"
407717;2022-01-09;"domingo";"16:45:00";"BA";116;416;"FEIRA DE SANTANA";"Manobra de mudança de faixa";"Colisão traseira";"Com Vítimas Feridas";"Pleno dia";"Crescente";"Céu Claro";"Dupla";"Reta";"Sim";2;0;0;1;1;0;1;2;-12,186733;-38,965318;"SPRF-BA";"DEL02-BA";"UOP01-DEL02-BA"
407718;2022-01-09;"domingo";"17:00:00";"SC";101;409,3;"ARARANGUA";"Condutor deixou de manter distância do veículo da frente";"Colisão traseira";"Com Vítimas Feridas";"Pleno dia";"Decrescente";"Nublado";"Simples";"Reta";"Sim";2;0;1;0;1;0;1;2;-28,93875861;-49,49718475;"SPRF-SC";"DEL02-SC";"UOP02-DEL02-SC"
407720;2022-01-09;"domingo";"16:45:00";"PR";376;623,4;"SAO JOSE DOS PINHAIS";"Velocidade Incompatível";"Saída de leito carroçável";"Sem Vítimas";"Pleno dia";"Crescente";"Nublado";"Dupla";"Aclive;Reta";"Não";1;0;0;0;1;0;0;1;-25,643462;-49,15945;"SPRF-PR";"DEL01-PR";"UOP04-DEL01-PR"
407721;2022-01-09;"domingo";"17:20:00";"RN";101;84;"SAO GONCALO DO AMARANTE";"Pedestre cruzava a pista fora da faixa";"Atropelamento de Pedestre";"Com Vítimas Feridas";"Anoitecer";"Crescente";"Céu Claro";"Dupla";"Reta";"Sim";2;0;1;0;1;0;1;2;-5,774175;-35,2578;"SPRF-RN";"DEL02-RN";"UOP01-DEL02-RN"
407722;2022-01-09;"domingo";"12:20:00";"RJ";40;76;"PETROPOLIS";"Velocidade Incompatível";"Saída de leito carroçável";"Com Vítimas Feridas";"Pleno dia";"Crescente";"Chuva";"Dupla";"Curva";"Não";2;0;2;0;0;0;2;1;-22,47192899;-43,23779321;"SPRF-RJ";"DEL06-RJ";"UOP01-DEL06-RJ"
407724;2022-01-09;"domingo";"17:20:00";"SC";101;142;"ITAPEMA";"Acumulo de água sobre o pavimento";"Colisão com objeto";"Com Vítimas Feridas";"Pleno dia";"Crescente";"Chuva";"Dupla";"Curva";"Sim";2;0;0;1;1;0;1;1;-27,056089;-48,599449;"SPRF-SC";"DEL04-SC";"UOP03-DEL04-SC"
407727;2022-01-09;"domingo";"16:45:00";"SC";470;124,5;"LONTRAS";"Acessar a via sem observar a presença dos outros veículos";"Colisão frontal";"Com Vítimas Feridas";"Pleno dia";"Crescente";"Nublado";"Simples";"Reta";"Não";7;0;6;0;1;0;6;3;-27,113192;-49,529163;"SPRF-SC";"DEL04-SC";"UOP02-DEL04-SC"
407728;2022-01-09;"domingo";"18:00:00";"SP";381;69;"MAIRIPORA";"Chuva";"Colisão com objeto";"Com Vítimas Feridas";"Anoitecer";"Decrescente";"Chuva";"Dupla";"Declive";"Não";1;0;1;0;0;0;1;1;-23,34553108;-46,56787903;"SPRF-SP";"DEL03-SP";"UOP01-DEL03-SP"
407729;2022-01-09;"domingo";"16:45:00";"RJ";393;178;"PARAIBA DO SUL";"Condutor deixou de manter distância do veículo da frente";"Colisão traseira";"Com Vítimas Feridas";"Pleno dia";"Decrescente";"Garoa/Chuvisco";"Simples";"Reta";"Sim";8;0;1;0;7;0;1;2;-22,13854717;-43,25223707;"SPRF-RJ";"DEL05-RJ";"UOP03-DEL05-RJ"
407735;2022-01-09;"domingo";"15:20:00";"RJ";40;91;"PETROPOLIS";"Ausência de reação do condutor";"Saída de leito carroçável";"Com Vítimas Feridas";"Pleno dia";"Crescente";"Garoa/Chuvisco";"Simples";"Curva";"Não";3;0;1;0;2;0;1;1;-22,54903566;-43,24229724;"SPRF-RJ";"DEL06-RJ";"UOP01-DEL06-RJ"
407737;2022-01-09;"domingo";"15:55:00";"MT";174;5;"PONTES E LACERDA";"Desrespeitar a preferência no cruzamento";"Colisão transversal";"Com Vítimas Feridas";"Pleno dia";"Decrescente";"Céu Claro";"Simples";"Interseção de Vias";"Sim";2;0;1;0;1;0;1;2;-15,22702335;-59,34937676;"SPRF-MT";"DEL03-MT";"UOP01-DEL03-MT"
407739;2022-01-09;"domingo";"17:40:00";"ES";101;348;"GUARAPARI";"Avarias e/ou desgaste excessivo no pneu";"Saída de leito carroçável";"Com Vítimas Feridas";"Pleno dia";"Crescente";"Chuva";"Simples";"Curva";"Não";2;0;1;0;1;0;1;1;-20,6511174;-40,6359601;"SPRF-ES";"DEL03-ES";"UOP01-DEL03-ES"
407740;2022-01-08;"sábado";"22:50:00";"RJ";101;276;"TANGUA";"Reação tardia ou ineficiente do condutor";"Colisão traseira";"Com Vítimas Feridas";"Plena Noite";"Crescente";"Chuva";"Dupla";"Reta";"Não";2;0;0;1;1;0;1;2;-22,73796393;-42,73871802;"SPRF-RJ";"DEL02-RJ";"UOP03-DEL02-RJ"
407741;2022-01-09;"domingo";"18:20:00";"PI";343;333;"TERESINA";"Ausência de reação do condutor";"Queda de ocupante de veículo";"Com Vítimas Feridas";"Plena Noite";"Decrescente";"Nublado";"Dupla";"Reta";"Não";1;0;1;0;0;0;1;1;-5,056121;-42,678154;"SPRF-PI";"DEL01-PI";"UOP01-DEL01-PI"
407742;2022-01-09;"domingo";"18:35:00";"ES";101;77;"SAO MATEUS";"Condutor deixou de manter distância do veículo da frente";"Colisão traseira";"Sem Vítimas";"Plena Noite";"Crescente";"Nublado";"Simples";"Declive";"Não";2;0;0;0;2;0;0;2;-18,79952506;-39,89017092;"SPRF-ES";"DEL04-ES";"UOP02-DEL04-ES"
407744;2022-01-09;"domingo";"14:40:00";"CE";304;93;"ARACATI";"Entrada inopinada do pedestre";"Atropelamento de Pedestre";"Com Vítimas Feridas";"Pleno dia";"Decrescente";"Céu Claro";"Simples";"Reta";"Não";2;0;0;1;0;1;1;2;-4,820711;-37,485418;"SPRF-CE";"DEL03-CE";"UOP03-DEL03-CE"