"id";"data_inversa";"dia_semana";"horario";"uf";"br";"km";"municipio";"causa_acidente";"tipo_acidente";"classificacao_acidente";"fase_dia";"sentido_via";"condicao_metereologica";"tipo_pista";"tracado_via";"uso_solo";"pessoas";"mortos";"feridos_leves";"feridos_graves";"ilesos";"ignorados";"feridos";"veiculos";"latitude";"longitude";"regional";"delegacia";"uop"
408612;2022-01-14;"sexta-feira";"17:55:00";"PR";376;592;"CURITIBA";"Área urbana sem a presença de local apropriado para a travessia de pedestres";"Atropelamento de Pedestre";"Com Vítimas Feridas";"Pleno dia";"Crescente";"Nublado";"Dupla";"Reta";"Sim";2;0;1;0;1;0;1;2;-25,46833525;-49,35524543;"SPRF-PR";"DEL01-PR";"UOP01-DEL01-PR"
408613;2022-01-14;"sexta-feira";"17:10:00";"PR";277;108;"CAMPO LARGO";"Chuva";"Queda de ocupante de veículo";"Com Vítimas Feridas";"Pleno dia";"Decrescente";"Chuva";"Dupla";"Reta";"Não";1;0;1;0;0;0;1;1;-25,436224;-49,442509;"SPRF-PR";"DEL01-PR";"UOP03-DEL03-PR"
408614;2022-01-14;"sexta-feira";"17:50:00";"BA";324;586;"CANDEIAS";"Avarias e/ou desgaste excessivo no pneu";"Tombamento";"Com Vítimas Feridas";"Anoitecer";"Crescente";"Ignorado";"Dupla";"Reta";"Não";2;0;2;0;0;0;2;1;-12,63864013;-38,47736247;"SPRF-BA";"DEL01-BA";"UOP01-DEL01-BA"
408615;2022-01-14;"sexta-feira";"17:30:00";"RS";116;149,5;"CAXIAS DO SUL";"Condutor deixou de manter distância do veículo da frente";"Colisão traseira";"Com Vítimas Feridas";"Pleno dia";"Crescente";"Céu Claro";"Dupla";"Reta";"Sim";6;0;1;0;4;1;1;3;-29,15996905;-51,15645292;"SPRF-RS";"DEL05-RS";"UOP01-DEL05-RS"
408616;2022-01-14;"sexta-feira";"17:20:00";"RN";226;110,7;"SANTA CRUZ";"Acessar a via sem observar a presença dos outros veículos";"Colisão transversal";"Com Vítimas Feridas";"Anoitecer";"Crescente";"Nublado";"Simples";"Reta";"Sim";2;0;1;0;0;1;1;2;-6,23557582;-36,01208682;"SPRF-RN";"DEL03-RN";"UOP02-DEL03-RN"
408617;2022-01-14;"sexta-feira";"17:30:00";"SP";116;129,4;"CACAPAVA";"Demais Fenômenos da natureza";"Eventos atípicos";"Com Vítimas Fatais";"Pleno dia";"Decrescente";"Chuva";"Dupla";"Reta";"Não";3;2;0;0;0;1;0;2;-23,11885593;-45,71948203;"SPRF-SP";"DEL02-SP";"UOP02-DEL02-SP"
408618;2022-01-14;"sexta-feira";"18:15:00";"RS";158;290,9;"JULIO DE CASTILHOS";"Demais falhas mecânicas ou elétricas";"Saída de leito carroçável";"Com Vítimas Feridas";"Anoitecer";"Crescente";"Sol";"Simples";"Reta";"Não";4;0;1;3;0;0;4;1;-29,47659997;-53,68660164;"SPRF-RS";"DEL09-RS";"UOP01-DEL09-RS"
408620;2022-01-14;"sexta-feira";"17:50:00";"RS";116;160,3;"CAXIAS DO SUL";"Reação tardia ou ineficiente do condutor";"Colisão traseira";"Com Vítimas Feridas";"Pleno dia";"Decrescente";"Céu Claro";"Simples";"Reta";"Sim";3;0;1;0;1;1;1;2;-29,23493822;-51,15678549;"SPRF-RS";"DEL05-RS";"UOP01-DEL05-RS"
408621;2022-01-14;"sexta-feira";"17:20:00";"PR";277;98;"CURITIBA";"Reação tardia ou ineficiente do condutor";"Saída de leito carroçável";"Com Vítimas Feridas";"Pleno dia";"Crescente";"Nublado";"Dupla";"Reta";"Sim";2;0;0;1;0;1;1;2;-25,540113;-49,311317;"SPRF-PR";"DEL01-PR";"UOP01-DEL01-PR"
408622;2022-01-14;"sexta-feira";"18:25:00";"SP";153;66,9;"SAO JOSE DO RIO PRETO";"Velocidade Incompatível";"Colisão traseira";"Com Vítimas Feridas";"Pleno dia";"Decrescente";"Chuva";"Dupla";"Curva";"Sim";3;0;0;2;1;0;2;2;-20,84208514;-49,37074279;"SPRF-SP";"DEL09-SP";"UOP01-DEL09-SP"
408624;2022-01-14;"sexta-feira";"17:30:00";"PR";476;129;"CURITIBA";"Chuva";"Colisão traseira";"Com Vítimas Feridas";"Pleno dia";"Decrescente";"Chuva";"Múltipla";"Reta";"Sim";2;0;0;1;1;0;1;2;-25,440983;-49,233715;"SPRF-PR";"DEL01-PR";"UOP03-DEL01-PR"
408626;2022-01-14;"sexta-feira";"18:00:00";"SC";101;118;"ITAJAI";"Trafegar com motocicleta (ou similar) entre as faixas";"Colisão lateral mesmo sentido";"Com Vítimas Feridas";"Pleno dia";"Decrescente";"Chuva";"Múltipla";"Reta";"Não";2;0;1;0;0;1;1;2;-26,895859;-48,71903;"SPRF-SC";"DEL04-SC";"UOP04-DEL04-SC"
408627;2022-01-11;"terça-feira";"09:20:00";"RJ";101;321;"NITEROI";"Pedestre cruzava a pista fora da faixa";"Atropelamento de Pedestre";"Com Vítimas Feridas";"Pleno dia";"Crescente";"Nublado";"Simples";"Curva";"Sim";2;0;0;1;1;0;1;2;-22,86981096;-43,11046465;"SPRF-RJ";"DEL02-RJ";"UOP02-DEL02-RJ"
408630;2022-01-14;"sexta-feira";"17:00:00";"RR";174;504;"BOA VISTA";"Ingestão de álcool pelo condutor";"Colisão traseira";"Sem Vítimas";"Pleno dia";"Crescente";"Céu Claro";"Dupla";"Reta";"Sim";2;0;0;0;2;0;0;2;2,8195506;-60,69445437;"SPRF-RR";"DEL01-RR";"UOP01-DEL01-RR"
408631;2022-01-14;"sexta-feira";"18:35:00";"PB";101;110;"ALHANDRA";"Deficiência do Sistema de Iluminação/Sinalização";"Saída de leito carroçável";"Com Vítimas Feridas";"Plena Noite";"Crescente";"Céu Claro";"Dupla";"Retorno Regulamentado";"Não";3;0;2;0;1;0;2;1;-7,35255626;-34,94940909;"SPRF-PB";"DEL01-PB";"UOP02-DEL01-PB"
408632;2022-01-14;"sexta-feira";"18:45:00";"MG";262;186;"SAO DOMINGOS DO PRATA";"Ingestão de álcool pelo condutor";"Colisão lateral sentido oposto";"Sem Vítimas";"Plena Noite";"Crescente";"Céu Claro";"Simples";"Reta;Aclive";"Não";2;0;0;0;2;0;0;2;-19,8960903;-43,04050143;"SPRF-MG";"DEL03-MG";"UOP01-DEL03-MG"
408634;2022-01-14;"sexta-feira";"18:50:00";"PR";376;161,4;"MARINGA";"Acessar a via sem observar a presença dos outros veículos";"Colisão transversal";"Com Vítimas Feridas";"Anoitecer";"Decrescente";"Céu Claro";"Dupla";"Interseção de Vias";"Sim";2;0;0;1;1;0;1;2;-23,37281665;-52,05547485;"SPRF-PR";"DEL09-PR";"UOP01-DEL09-PR"
408635;2022-01-14;"sexta-feira";"18:55:00";"RS";285;455,5;"IJUI";"Acessar a via sem observar a presença dos outros veículos";"Colisão transversal";"Com Vítimas Feridas";"Pleno dia";"Decrescente";"Sol";"Simples";"Reta";"Sim";2;0;1;0;1;0;1;2;-28,38639792;-53,88983846;"SPRF-RS";"DEL10-RS";"UOP01-DEL10-RS"
408636;2022-01-14;"sexta-feira";"18:10:00";"PR";476;137;"CURITIBA";"Ausência de reação do condutor";"Queda de ocupante de veículo";"Com Vítimas Feridas";"Anoitecer";"Crescente";"Chuva";"Dupla";"Curva";"Sim";2;0;1;0;1;0;1;2;-25,498302;-49,277546;"SPRF-PR";"DEL01-PR";"UOP03-DEL01-PR"
408637;2022-01-14;"sexta-feira";"16:45:00";"AC";364;268;"SENA MADUREIRA";"Demais falhas na via";"Colisão lateral mesmo sentido";"Com Vítimas Feridas";"Pleno dia";"Decrescente";"Céu Claro";"Simples";"Reta";"Não";3;0;1;0;2;0;1;2;-9,09199598;-68,62550398;"SPRF-AC";"DEL01-AC";"UOP01-DEL01-AC"
408639;2022-01-14;"sexta-feira";"19:30:00";"MG";262;357;"BETIM";"Avarias e/ou desgaste excessivo no pneu";"Queda de ocupante de veículo";"Com Vítimas Feridas";"Plena Noite";"Decrescente";"Céu Claro";"Dupla";"Reta";"Sim";2;0;1;1;0;0;2;1;-19,97470835;-44,18804897;"SPRF-MG";"DEL01-MG";"UOP03-DEL01-MG"
408642;2022-01-14;"sexta-feira";"14:20:00";"ES";482;80;"ALEGRE";"Ausência de reação do condutor";"Colisão frontal";"Com Vítimas Feridas";"Pleno dia";"Crescente";"Céu Claro";"Simples";"Reta";"Não";2;0;2;0;0;0;2;2;-20,76443281;-41,50872507;"SPRF-ES";"DEL03-ES";"UOP02-DEL03-ES"
408643;2022-01-14;"sexta-feira";"17:35:00";"PR";467;94;"CASCAVEL";"Ausência de reação do condutor";"Queda de ocupante de veículo";"Com Vítimas Feridas";"Pleno dia";"Crescente";"Céu Claro";"Dupla";"Reta";"Não";1;0;0;1;0;0;1;1;-24,8651;-53,5787;"SPRF-PR";"DEL04-PR";"UOP01-DEL04-PR"
408644;2022-01-14;"sexta-feira";"18:40:00";"PI";316;7;"TERESINA";"Pedestre andava na pista";"Atropelamento de Pedestre";"Com Vítimas Feridas";"Plena Noite";"Crescente";"Céu Claro";"Dupla";"Reta";"Sim";3;0;0;2;0;1;2;2;-5,15584638;-42,77173332;"SPRF-PI";"DEL01-PI";"UOP02-DEL01-PI"
408645;2022-01-14;"sexta-feira";"19:00:00";"SP";381;86;"SAO PAULO";"Ausência de reação do condutor";"Colisão lateral mesmo sentido";"Com Vítimas Feridas";"Plena Noite";"Decrescente";"Céu Claro";"Múltipla";"Reta";"Sim";6;0;0;3;0;3;3;3;-23,45930499;-46,57161179;"SPRF-SP";"DEL03-SP";"UOP01-DEL03-SP"
408648;2022-01-14;"sexta-feira";"19:33:00";"CE";222;0;"FORTALEZA";"Entrada inopinada do pedestre";"Atropelamento de Pedestre";"Com Vítimas Feridas";"Plena Noite";"Crescente";"Céu Claro";"Múltipla";"Reta";"Sim";2;0;2;0;0;0;2;2;-3,7367737;-38,56923;"SPRF-CE";"DEL01-CE";"UOP01-DEL01-CE"
408649;2022-01-14;"sexta-feira";"19:00:00";"CE";222;126;"ITAPAJE";"Ingestão de álcool pelo condutor";"Colisão lateral sentido oposto";"Sem Vítimas";"Plena Noite";"Decrescente";"Céu Claro";"Simples";"Curva";"Sim";2;0;0;0;1;1;0;2;-3,69613087;-39,6007584;"SPRF-CE";"DEL04-CE";"UOP03-DEL04-CE"
408650;2022-01-14;"sexta-feira";"17:30:00";"BA";367;50,8;"PORTO SEGURO";"Velocidade Incompatível";"Colisão frontal";"Com Vítimas Fatais";"Pleno dia";"Decrescente";"Sol";"Simples";"Curva;Declive";"Não";5;3;0;2;0;0;2;2;-16,374182;-39,29559;"SPRF-BA";"DEL09-BA";"UOP01-DEL09-BA"
408653;2022-01-14;"sexta-feira";"20:00:00";"SC";101;150,4;"ITAPEMA";"Transitar no acostamento";"Colisão lateral mesmo sentido";"Com Vítimas Feridas";"Plena Noite";"Decrescente";"Chuva";"Múltipla";"Reta";"Sim";2;0;1;0;1;0;1;2;-27,11744799;-48,60940987;"SPRF-SC";"DEL04-SC";"UOP03-DEL04-SC"
408655;2022-01-14;"sexta-feira";"20:35:00";"PR";376;661;"GUARATUBA";"Reação tardia ou ineficiente do condutor";"Colisão traseira";"Com Vítimas Feridas";"Plena Noite";"Crescente";"Nublado";"Dupla";"Curva";"Não";3;0;1;0;2;0;1;2;-25,85481693;-48,99472504;"SPRF-PR";"DEL01-PR";"UOP04-DEL01-PR"
408656;2022-01-14;"sexta-feira";"15:30:00";"SC";470;214;"SAO CRISTOVAO DO SUL";"Acessar a via sem observar a presença dos outros veículos";"Colisão traseira";"Sem Vítimas";"Pleno dia";"Crescente";"Nublado";"Simples";"Reta";"Não";2;0;0;0;2;0;0;2;-27,303566;-50,256378;"SPRF-SC";"DEL05-SC";"UOP03-DEL05-SC"
408660;2022-01-14;"sexta-feira";"20:50:00";"ES";101;65,9;"SAO MATEUS";"Ausência de reação do condutor";"Colisão traseira";"Sem Vítimas";"Plena Noite";"Crescente";"Céu Claro";"Dupla";"Reta";"Sim";2;0;0;0;2;0;0;2;-18,70935945;-39,87762087;"SPRF-ES";"DEL04-ES";"UOP02-DEL04-ES"
408662;2022-01-14;"sexta-feira";"21:17:00";"PR";476;127;"CURITIBA";"Ingestão de álcool pelo condutor";"Colisão traseira";"Com Vítimas Feridas";"Plena Noite";"Crescente";"Chuva";"Dupla";"Viaduto;Reta";"Sim";3;0;1;0;2;0;1;3;-25,425167;-49,227158;"SPRF-PR";"DEL01-PR";"UOP03-DEL01-PR"
408664;2022-01-14;"sexta-feira";"21:30:00";"MG";40;48;"PARACATU";"Ausência de reação do condutor";"Atropelamento de Animal";"Com Vítimas Feridas";"Plena Noite";"Decrescente";"Céu Claro";"Simples";"Reta";"Não";1;0;1;0;0;0;1;1;-17,24150062;-46,81848808;"SPRF-MG";"DEL14-MG";"UOP01-DEL14-MG"
408665;2022-01-14;"sexta-feira";"21:08:00";"RS";116;236;"NOVO HAMBURGO";"Ausência de reação do condutor";"Colisão traseira";"Com Vítimas Feridas";"Plena Noite";"Decrescente";"Chuva";"Dupla";"Declive;Viaduto";"Sim";5;0;1;0;3;1;1;5;-29,66938502;-51,14304731;"SPRF-RS";"DEL01-RS";"UOP02-DEL01-RS"
408669;2022-01-14;"sexta-feira";"18:00:00";"MG";365;592;"ARAGUARI";"Ingestão de álcool pelo condutor";"Colisão traseira";"Com Vítimas Feridas";"Anoitecer";"Decrescente";"Céu Claro";"Simples";"Reta;Aclive";"Não";2;0;1;0;1;0;1;2;-18,87951334;-48,06156814;"SPRF-MG";"DEL15-MG";"UOP02-DEL15-MG"
408670;2022-01-14;"sexta-feira";"22:15:00";"ES";101;293,8;"CARIACICA";"Iluminação deficiente";"Saída de leito carroçável";"Com Vítimas Feridas";"Plena Noite";"Decrescente";"Céu Claro";"Múltipla";"Interseção de Vias;Curva;Desvio Temporário;Em Obras";"Não";2;0;1;0;1;0;1;1;-20,31526144;-40,39567044;"SPRF-ES";"DEL01-ES";"UOP01-DEL01-ES"
408674;2022-01-14;"sexta-feira";"21:20:00";"SC";101;57,5;"ARAQUARI";"Velocidade Incompatível";"Capotamento";"Com Vítimas Feridas";"Pleno dia";"Decrescente";"Nublado";"Dupla";"Curva";"Não";1;0;1;0;0;0;1;1;-26,43983592;-48,80298615;"SPRF-SC";"DEL03-SC";"UOP01-DEL03-SC"
408675;2022-01-14;"sexta-feira";"18:00:00";"BA";116;794;"PLANALTO";"Manobra de mudança de faixa";"Saída de leito carroçável";"Com Vítimas Feridas";"Anoitecer";"Decrescente";"Céu Claro";"Simples";"Reta";"Não";5;0;4;1;0;0;5;1;-14,68574349;-40,55067898;"SPRF-BA";"DEL08-BA";"UOP02-DEL08-BA"
408677;2022-01-14;"sexta-feira";"23:05:00";"RN";304;30;"MOSSORO";"Manobra de mudança de faixa";"Colisão frontal";"Com Vítimas Fatais";"Plena Noite";"Crescente";"Céu Claro";"Simples";"Reta";"Sim";2;1;0;0;0;1;0;2;-5,11703801;-37,34100094;"SPRF-RN";"DEL04-RN";"UOP02-DEL04-RN"
408679;2022-01-14;"sexta-feira";"22:20:00";"SC";116;241,9;"LAGES";"Manobra de mudança de faixa";"Colisão traseira";"Com Vítimas Feridas";"Plena Noite";"Crescente";"Céu Claro";"Simples";"Reta;Aclive";"Não";3;0;2;0;1;0;2;2;-27,76776602;-50,33668491;"SPRF-SC";"DEL05-SC";"UOP01-DEL05-SC"
408682;2022-01-14;"sexta-feira";"23:15:00";"RS";116;246,6;"SAO LEOPOLDO";"Pedestre andava na pista";"Atropelamento de Pedestre";"Com Vítimas Feridas";"Plena Noite";"Crescente";"Nublado";"Simples";"Viaduto";"Sim";2;0;2;0;0;0;2;2;-29,76078233;-51,15217209;"SPRF-RS";"DEL01-RS";"UOP02-DEL01-RS"
408683;2022-01-14;"sexta-feira";"22:10:00";"SP";116;225;"GUARULHOS";"Acessar a via sem observar a presença dos outros veículos";"Colisão lateral mesmo sentido";"Com Vítimas Feridas";"Plena Noite";"Crescente";"Nublado";"Múltipla";"Reta";"Sim";2;0;2;0;0;0;2;2;-23,48586772;-46,54075317;"SPRF-SP";"DEL01-SP";"UOP01-DEL01-SP"
408685;2022-01-14;"sexta-feira";"19:50:00";"GO";153;201,1;"URUACU";"Área urbana sem a presença de local apropriado para a travessia de pedestres";"Atropelamento de Pedestre";"Com Vítimas Fatais";"Plena Noite";"Crescente";"Céu Claro";"Simples";"Reta";"Sim";2;1;0;0;0;1;0;2;-14,530909;-49,160434;"SPRF-GO";"DEL07-GO";"UOP02-DEL07-GO"
408686;2022-01-14;"sexta-feira";"20:25:00";"SC";101;383;"ICARA";"Pedestre andava na pista";"Atropelamento de Pedestre";"Com Vítimas Fatais";"Plena Noite";"Crescente";"Céu Claro";"Múltipla";"Reta";"Não";4;1;0;0;0;3;0;2;-28,77210742;-49,31057811;"SPRF-SC";"DEL02-SC";"UOP02-DEL02-SC"
408687;2022-01-14;"sexta-feira";"23:40:00";"RJ";101;333;"RIO DE JANEIRO";"Ausência de reação do condutor";"Queda de ocupante de veículo";"Com Vítimas Feridas";"Plena Noite";"Crescente";"Céu Claro";"Dupla";"Declive";"Não";1;0;1;0;0;0;1;1;-22,87827816;-43,21053578;"SPRF-RJ";"DEL02-RJ";"UOP02-DEL02-RJ"
408688;2022-01-14;"sexta-feira";"23:00:00";"PE";101;188;"PALMARES";"Velocidade Incompatível";"Capotamento";"Sem Vítimas";"Plena Noite";"Decrescente";"Céu Claro";"Dupla";"Curva";"Sim";1;0;0;0;0;1;0;1;-8,6909807;-35,5954771;"SPRF-PE";"DEL01-PE";"UOP01-DEL01-PE"
408691;2022-01-15;"sábado";"00:15:00";"SC";282;1;"FLORIANOPOLIS";"Ingestão de álcool pelo condutor";"Capotamento";"Sem Vítimas";"Plena Noite";"Crescente";"Céu Claro";"Múltipla";"Aclive";"Sim";1;0;0;0;1;0;0;1;-27,602955;-48,580509;"SPRF-SC";"DEL01-SC";"UOP01-DEL01-SC"
408692;2022-01-15;"sábado";"00:15:00";"MG";459;95,7;"POUSO ALEGRE";"Ingestão de álcool pelo condutor";"Colisão lateral sentido oposto";"Com Vítimas Feridas";"Plena Noite";"Crescente";"Céu Claro";"Simples";"Aclive";"Não";5;0;3;2;0;0;5;2;-22,189781;-45,983028;"SPRF-MG";"DEL09-MG";"UOP01-DEL09-MG"
408693;2022-01-15;"sábado";"00:30:00";"PR";476;145;"CURITIBA";"Ausência de reação do condutor";"Saída de leito carroçável";"Sem Vítimas";"Plena Noite";"Crescente";"Garoa/Chuvisco";"Dupla";"Retorno Regulamentado";"Não";1;0;0;0;1;0;0;1;-25,547749;-49,32095;"SPRF-PR";"DEL01-PR";"UOP03-DEL01-PR"
408695;2022-01-14;"sexta-feira";"23:40:00";"PI";343;48;"BURITI DOS LOPES";"Estacionar ou parar em local proibido";"Colisão traseira";"Sem Vítimas";"Plena Noite";"Decrescente";"Nublado";"Simples";"Reta";"Sim";2;0;0;0;2;0;0;2;-3,174765;-41,86887;"SPRF-PI";"DEL05-PI";"UOP01-DEL05-PI"
408696;2022-01-15;"sábado";"00:45:00";"GO";50;199;"CAMPO ALEGRE DE GOIAS";"Condutor Dormindo";"Saída de leito carroçável";"Com Vítimas Fatais";"Plena Noite";"Crescente";"Céu Claro";"Dupla";"Declive;Reta";"Não";52;1;8;7;34;2;15;1;-17,5712;-47,8229;"SPRF-GO";"DEL06-GO";"UOP01-DEL06-GO"
408697;2022-01-15;"sábado";"00:45:00";"SC";101;213,1;"PALHOCA";"Frear bruscamente";"Saída de leito carroçável";"Com Vítimas Feridas";"Plena Noite";"Crescente";"Nublado";"Simples";"Reta";"Sim";1;0;1;0;0;0;1;1;-27,63697369;-48,66514142;"SPRF-SC";"DEL01-SC";"UOP02-DEL01-SC"
408698;2022-01-15;"sábado";"00:50:00";"MS";262;61;"TRES LAGOAS";"Ausência de reação do condutor";"Colisão traseira";"Sem Vítimas";"Plena Noite";"Crescente";"Céu Claro";"Simples";"Reta";"Não";5;0;0;0;5;0;0;2;-20,71169796;-52,15512598;"SPRF-MS";"DEL07-MS";"UOP01-DEL07-MS"
408699;2022-01-15;"sábado";"00:55:00";"PR";277;454;"LARANJEIRAS DO SUL";"Acessar a via sem observar a presença dos outros veículos";"Colisão transversal";"Sem Vítimas";"Plena Noite";"Decrescente";"Nublado";"Simples";"Retorno Regulamentado";"Sim";2;0;0;0;2;0;0;2;-25,36980336;-52,37913399;"SPRF-PR";"DEL04-PR";"UOP02-DEL04-PR"
408700;2022-01-14;"sexta-feira";"22:40:00";"GO";153;581,4;"PROFESSOR JAMIL";"Pista esburacada";"Saída de leito carroçável";"Com Vítimas Feridas";"Plena Noite";"Crescente";"Céu Claro";"Dupla";"Reta";"Não";4;0;4;0;0;0;4;1;-17,388337;-49,229845;"SPRF-GO";"DEL03-GO";"UOP01-DEL03-GO"
408701;2022-01-14;"sexta-feira";"10:20:00";"BA";101;508;"ITABUNA";"Acostamento em desnível";"Queda de ocupante de veículo";"Com Vítimas Feridas";"Pleno dia";"Decrescente";"Sol";"Simples";"Reta";"Não";1;0;1;0;0;0;1;1;-14,97000197;-39,31996203;"SPRF-BA";"DEL05-BA";"UOP01-DEL05-BA"
408702;2022-01-15;"sábado";"00:40:00";"PR";476;116;"COLOMBO";"Acessar a via sem observar a presença dos outros veículos";"Colisão transversal";"Sem Vítimas";"Plena Noite";"Decrescente";"Céu Claro";"Múltipla";"Interseção de Vias";"Sim";2;0;0;0;1;1;0;2;-25,34903887;-49,16986942;"SPRF-PR";"DEL01-PR";"UOP02-DEL01-PR"
408703;2022-01-15;"sábado";"01:30:00";"RJ";116;181,5;"NOVA IGUACU";"Ausência de reação do condutor";"Colisão frontal";"Com Vítimas Feridas";"Plena Noite";"Decrescente";"Nublado";"Múltipla";"Reta";"Sim";1;0;1;0;0;0;1;1;-22,761312;-43,423492;"SPRF-RJ";"DEL01-RJ";"UOP02-DEL01-RJ"
408704;2022-01-15;"sábado";"01:00:00";"RN";405;157;"PAU DOS FERROS";"Manobra de mudança de faixa";"Colisão frontal";"Com Vítimas Feridas";"Plena Noite";"Decrescente";"Chuva";"Simples";"Reta";"Não";2;0;1;0;1;0;1;2;-6,16743001;-38,20962396;"SPRF-RN";"DEL04-RN";"UOP02-DEL04-RN"
408706;2022-01-15;"sábado";"02:10:00";"RJ";393;258;"BARRA DO PIRAI";"Acesso irregular";"Colisão traseira";"Sem Vítimas";"Plena Noite";"Crescente";"Ignorado";"Simples";"Reta";"Sim";2;0;0;0;1;1;0;2;-22,4514837;-43,82691483;"SPRF-RJ";"DEL05-RJ";"UOP04-DEL05-RJ"
408707;2022-01-15;"sábado";"02:00:00";"RS";158;327,4;"SANTA MARIA";"Deficiência do Sistema de Iluminação/Sinalização";"Colisão com objeto";"Com Vítimas Feridas";"Plena Noite";"Decrescente";"Céu Claro";"Simples";"Reta";"Sim";2;0;0;1;1;0;1;1;-29,7109786;-53,81991863;"SPRF-RS";"DEL09-RS";"UOP01-DEL09-RS"
408708;2022-01-15;"sábado";"02:40:00";"MG";381;487;"BETIM";"Ausência de reação do condutor";"Colisão com objeto";"Sem Vítimas";"Plena Noite";"Decrescente";"Céu Claro";"Dupla";"Aclive;Reta";"Sim";1;0;0;0;1;0;0;1;-19,9566496;-44,11873341;"SPRF-MG";"DEL01-MG";"UOP03-DEL01-MG"
408709;2022-01-15;"sábado";"02:30:00";"RS";386;361,5;"ESTRELA";"Ausência de reação do condutor";"Saída de leito carroçável";"Sem Vítimas";"Plena Noite";"Crescente";"Céu Claro";"Dupla";"Curva";"Não";2;0;0;0;2;0;0;1;-29,552738;-51,900085;"SPRF-RS";"DEL04-RS";"UOP02-DEL04-RS"
408711;2022-01-15;"sábado";"02:45:00";"SC";101;266,1;"PAULO LOPES";"Ingestão de álcool pelo condutor";"Saída de leito carroçável";"Sem Vítimas";"Plena Noite";"Decrescente";"Céu Claro";"Dupla";"Reta";"Sim";1;0;0;0;1;0;0;1;-28,06847808;-48,71463931;"SPRF-SC";"DEL02-SC";"UOP03-DEL02-SC"
408713;2022-01-15;"sábado";"03:30:00";"PR";376;179;"MARINGA";"Reação tardia ou ineficiente do condutor";"Engavetamento";"Com Vítimas Feridas";"Plena Noite";"Decrescente";"Céu Claro";"Múltipla";"Reta";"Sim";5;0;1;0;3;1;1;5;-23,42244278;-51,90360392;"SPRF-PR";"DEL09-PR";"UOP01-DEL09-PR"
408714;2022-01-15;"sábado";"02:50:00";"RJ";101;73;"CAMPOS DOS GOYTACAZES";"Desrespeitar a preferência no cruzamento";"Colisão transversal";"Com Vítimas Feridas";"Plena Noite";"Decrescente";"Céu Claro";"Simples";"Interseção de Vias";"Não";2;0;0;1;0;1;1;2;-21,798874;-41,393955;"SPRF-RJ";"DEL08-RJ";"UOP02-DEL08-RJ"
408715;2022-01-15;"sábado";"03:10:00";"GO";50;96,8;"CRISTALINA";"Ausência de reação do condutor";"Colisão traseira";"Com Vítimas Fatais";"Plena Noite";"Decrescente";"Nublado";"Simples";"Reta";"Sim";2;1;0;0;0;1;0;2;-16,9309;-47,7117;"SPRF-DF";"DEL01-DF";"UOP02-DEL01-DF"
408716;2022-01-15;"sábado";"02:55:00";"MS";163;485,1;"CAMPO GRANDE";"Condutor Dormindo";"Colisão lateral sentido oposto";"Com Vítimas Feridas";"Plena Noite";"Crescente";"Céu Claro";"Simples";"Reta";"Sim";3;0;1;0;2;0;1;2;-20,44233707;-54,54201834;"SPRF-MS";"DEL01-MS";"UOP02-DEL01-MS"
408717;2022-01-15;"sábado";"04:00:00";"GO";414;437,9;"ANAPOLIS";"Condutor deixou de manter distância do veículo da frente";"Colisão traseira";"Sem Vítimas";"Plena Noite";"Crescente";"Céu Claro";"Simples";"Ponte";"Não";3;0;0;0;2;1;0;2;-16,26365299;-48,93824303;"SPRF-GO";"DEL02-GO";"UOP01-DEL02-GO"
408718;2022-01-15;"sábado";"03:50:00";"ES";101;302;"VIANA";"Ausência de reação do condutor";"Queda de ocupante de veículo";"Com Vítimas Feridas";"Plena Noite";"Decrescente";"Céu Claro";"Dupla";"Viaduto";"Sim";1;0;1;0;0;0;1;1;-20,36958283;-40,44384551;"SPRF-ES";"DEL01-ES";"UOP01-DEL01-ES"
408720;2022-01-15;"sábado";"01:30:00";"SP";116;145;"SAO JOSE DOS CAMPOS";"Condutor deixou de manter distância do veículo da frente";"Colisão traseira";"Com Vítimas Feridas";"Plena Noite";"Crescente";"Nublado";"Dupla";"Reta";"Sim";7;0;4;1;2;0;5;4;-23,1869844;-45,8548078;"SPRF-SP";"DEL02-SP";"UOP01-DEL02-SP"
408721;2022-01-15;"sábado";"03:00:00";"PB";101;58;"SANTA RITA";"Demais falhas mecânicas ou elétricas";"Incêndio";"Sem Vítimas";"Plena Noite";"Crescente";"Céu Claro";"Dupla";"Reta";"Não";1;0;0;0;1;0;0;1;-6,98564991;-35,07334684;"SPRF-PB";"DEL01-PB";"UOP04-DEL01-PB"
408722;2022-01-15;"sábado";"04:30:00";"RN";406;134,7;"TAIPU";"Reação tardia ou ineficiente do condutor";"Saída de leito carroçável";"Com Vítimas Feridas";"Amanhecer";"Crescente";"Chuva";"Simples";"Aclive";"Não";2;0;0;1;1;0;1;1;-5,65414395;-35,57506398;"SPRF-RN";"DEL02-RN";"UOP01-DEL02-RN"
408723;2022-01-15;"sábado";"03:30:00";"PR";116;164;"MANDIRITUBA";"Ausência de reação do condutor";"Saída de leito carroçável";"Com Vítimas Feridas";"Plena Noite";"Crescente";"Nublado";"Simples";"Curva";"Não";1;0;1;0;0;0;1;1;-25,86445029;-49,42745303;"SPRF-PR";"DEL01-PR";"UOP03-DEL01-PR"