"id";"data_inversa";"dia_semana";"horario";"uf";"br";"km";"municipio";"causa_acidente";"tipo_acidente";"classificacao_acidente";"fase_dia";"sentido_via";"condicao_metereologica";"tipo_pista";"tracado_via";"uso_solo";"pessoas";"mortos";"feridos_leves";"feridos_graves";"ilesos";"ignorados";"feridos";"veiculos";"latitude";"longitude";"regional";"delegacia";"uop"
408845;2022-01-15;"sábado";"18:00:00";"SC";101;152,6;"ITAPEMA";"Ingestão de álcool pelo condutor";"Tombamento";"Com Vítimas Feridas";"Pleno dia";"Decrescente";"Céu Claro";"Simples";"Reta";"Sim";2;0;1;0;1;0;1;1;-27,13563503;-48,61004665;"SPRF-SC";"DEL04-SC";"UOP03-DEL04-SC"
408846;2022-01-15;"sábado";"17:00:00";"RS";290;97;"PORTO ALEGRE";"Ingestão de álcool pelo condutor";"Colisão com objeto";"Com Vítimas Feridas";"Pleno dia";"Decrescente";"Céu Claro";"Simples";"Curva;Declive;Ponte";"Não";1;0;1;0;0;0;1;1;-29,997789;-51,20779;"SPRF-RS";"DEL01-RS";"UOP01-DEL01-RS"
408847;2022-01-15;"sábado";"10:00:00";"MA";135;1,5;"SAO LUIS";"Reação tardia ou ineficiente do condutor";"Tombamento";"Com Vítimas Feridas";"Pleno dia";"Crescente";"Céu Claro";"Dupla";"Reta";"Sim";1;0;1;0;0;0;1;1;-2,58917895;-44,24423719;"SPRF-MA";"DEL01-MA";"UOP01-DEL01-MA"
408849;2022-01-15;"sábado";"17:30:00";"PR";153;331;"IRATI";"Avarias e/ou desgaste excessivo no pneu";"Saída de leito carroçável";"Sem Vítimas";"Pleno dia";"Decrescente";"Chuva";"Dupla";"Reta;Declive";"Sim";1;0;0;0;1;0;0;1;-25,463053;-50,623066;"SPRF-PR";"DEL03-PR";"UOP03-DEL03-PR"
408850;2022-01-15;"sábado";"12:55:00";"BA";116;492;"TUCANO";"Condutor deixou de manter distância do veículo da frente";"Colisão traseira";"Com Vítimas Feridas";"Pleno dia";"Crescente";"Garoa/Chuvisco";"Simples";"Curva";"Não";3;0;1;0;2;0;1;3;-11,11309387;-38,8304168;"SPRF-BA";"DEL02-BA";"UOP01-DEL02-BA"
408853;2022-01-15;"sábado";"18:10:00";"RJ";116;176;"NOVA IGUACU";"Acessar a via sem observar a presença dos outros veículos";"Colisão transversal";"Com Vítimas Feridas";"Plena Noite";"Decrescente";"Ignorado";"Dupla";"Reta";"Sim";4;0;2;0;0;2;2;2;-22,76035299;-43,42655182;"SPRF-RJ";"DEL01-RJ";"UOP02-DEL01-RJ"
408855;2022-01-15;"sábado";"17:20:00";"SC";282;308;"VARGEM";"Velocidade Incompatível";"Saída de leito carroçável";"Com Vítimas Feridas";"Pleno dia";"Crescente";"Garoa/Chuvisco";"Simples";"Curva";"Não";6;0;6;0;0;0;6;1;-27,49292;-50,971973;"SPRF-SC";"DEL07-SC";"UOP06-DEL07-SC"
408856;2022-01-15;"sábado";"19:10:00";"SP";116;132;"CACAPAVA";"Pedestre cruzava a pista fora da faixa";"Atropelamento de Pedestre";"Com Vítimas Feridas";"Anoitecer";"Crescente";"Céu Claro";"Dupla";"Reta";"Sim";2;0;1;1;0;0;2;2;-23,13169757;-45,74481322;"SPRF-SP";"DEL02-SP";"UOP02-DEL02-SP"
408858;2022-01-15;"sábado";"15:30:00";"SC";282;305,5;"VARGEM";"Velocidade Incompatível";"Saída de leito carroçável";"Com Vítimas Feridas";"Pleno dia";"Crescente";"Chuva";"Simples";"Curva";"Não";3;0;1;0;2;0;1;1;-27,50141977;-50,95132828;"SPRF-SC";"DEL07-SC";"UOP06-DEL07-SC"
408860;2022-01-15;"sábado";"19:35:00";"GO";153;700,1;"ITUMBIARA";"Entrada inopinada do pedestre";"Atropelamento de Pedestre";"Com Vítimas Fatais";"Plena Noite";"Crescente";"Céu Claro";"Dupla";"Reta";"Sim";3;1;0;0;1;1;0;2;-18,38781475;-49,20731675;"SPRF-GO";"DEL03-GO";"UOP02-DEL03-GO"
408861;2022-01-15;"sábado";"19:40:00";"SC";101;149;"ITAPEMA";"Manobra de mudança de faixa";"Tombamento";"Com Vítimas Feridas";"Plena Noite";"Decrescente";"Nublado";"Dupla";"Reta";"Sim";1;0;1;0;0;0;1;1;-27,1089649;-48,61277586;"SPRF-SC";"DEL04-SC";"UOP03-DEL04-SC"
408862;2022-01-15;"sábado";"16:55:00";"GO";80;81,1;"PADRE BERNARDO";"Velocidade Incompatível";"Saída de leito carroçável";"Com Vítimas Fatais";"Pleno dia";"Crescente";"Sol";"Simples";"Declive;Curva";"Não";4;1;2;1;0;0;3;1;-15,214273;-48,579413;"SPRF-DF";"DEL03-DF";"UOP02-DEL03-DF"
408863;2022-01-15;"sábado";"20:00:00";"MG";381;685;"RIBEIRAO VERMELHO";"Velocidade Incompatível";"Saída de leito carroçável";"Com Vítimas Feridas";"Plena Noite";"Crescente";"Céu Claro";"Dupla";"Reta";"Não";1;0;1;0;0;0;1;1;-21,19177791;-45,11670723;"SPRF-MG";"DEL04-MG";"UOP02-DEL04-MG"
408865;2022-01-15;"sábado";"19:40:00";"SC";282;90,2;"ALFREDO WAGNER";"Pista Escorregadia";"Colisão frontal";"Com Vítimas Feridas";"Plena Noite";"Crescente";"Nublado";"Simples";"Curva";"Não";5;0;3;1;1;0;4;2;-27,683796;-49,222366;"SPRF-SC";"DEL01-SC";"UOP03-DEL01-SC"
408867;2022-01-15;"sábado";"19:45:00";"RS";116;238;"NOVO HAMBURGO";"Ausência de reação do condutor";"Colisão traseira";"Com Vítimas Feridas";"Plena Noite";"Crescente";"Céu Claro";"Dupla";"Reta";"Sim";3;0;1;0;1;1;1;2;-29,68739789;-51,14197352;"SPRF-RS";"DEL01-RS";"UOP02-DEL01-RS"
408868;2022-01-15;"sábado";"20:00:00";"MG";381;488,3;"BETIM";"Pedestre cruzava a pista fora da faixa";"Atropelamento de Pedestre";"Com Vítimas Feridas";"Plena Noite";"Crescente";"Céu Claro";"Dupla";"Reta";"Sim";2;0;0;1;1;0;1;2;-19,9598656;-44,15489715;"SPRF-MG";"DEL01-MG";"UOP03-DEL01-MG"
408870;2022-01-15;"sábado";"19:20:00";"PR";476;136;"CURITIBA";"Entrada inopinada do pedestre";"Atropelamento de Pedestre";"Com Vítimas Feridas";"Plena Noite";"Decrescente";"Chuva";"Dupla";"Reta";"Sim";3;0;1;1;1;0;2;2;-25,491047;-49,271679;"SPRF-PR";"DEL01-PR";"UOP03-DEL01-PR"
408871;2022-01-15;"sábado";"20:00:00";"SC";282;43;"AGUAS MORNAS";"Reação tardia ou ineficiente do condutor";"Saída de leito carroçável";"Com Vítimas Feridas";"Plena Noite";"Crescente";"Chuva";"Simples";"Curva";"Sim";1;0;0;1;0;0;1;1;-27,719458;-48,897526;"SPRF-SC";"DEL01-SC";"UOP03-DEL01-SC"
408874;2022-01-15;"sábado";"19:30:00";"RJ";40;75;"PETROPOLIS";"Velocidade Incompatível";"Saída de leito carroçável";"Com Vítimas Feridas";"Plena Noite";"Decrescente";"Céu Claro";"Simples";"Curva";"Não";1;0;0;1;0;0;1;1;-22,46857126;-43,22958698;"SPRF-RJ";"DEL06-RJ";"UOP01-DEL06-RJ"
408876;2022-01-15;"sábado";"20:55:00";"RS";386;358,9;"ESTRELA";"Ausência de reação do condutor";"Colisão com objeto";"Com Vítimas Feridas";"Plena Noite";"Decrescente";"Céu Claro";"Dupla";"Reta";"Não";1;0;1;0;0;0;1;1;-29,53306;-51,919636;"SPRF-RS";"DEL04-RS";"UOP02-DEL04-RS"
408877;2022-01-15;"sábado";"20:35:00";"CE";116;43;"HORIZONTE";"Ingestão de álcool pelo condutor";"Tombamento";"Com Vítimas Feridas";"Plena Noite";"Crescente";"Céu Claro";"Dupla";"Reta";"Sim";1;0;0;1;0;0;1;1;-4,11528518;-38,48917049;"SPRF-CE";"DEL01-CE";"UOP02-DEL01-CE"
408878;2022-01-15;"sábado";"19:30:00";"ES";262;162;"IBATIBA";"Velocidade Incompatível";"Colisão lateral sentido oposto";"Com Vítimas Feridas";"Plena Noite";"Crescente";"Céu Claro";"Simples";"Curva";"Não";3;0;0;2;1;0;2;2;-20,238354;-41,537961;"SPRF-ES";"DEL01-ES";"UOP02-DEL01-ES"
408879;2022-01-15;"sábado";"20:00:00";"ES";482;73;"ALEGRE";"Curva acentuada";"Tombamento";"Com Vítimas Feridas";"Plena Noite";"Crescente";"Céu Claro";"Dupla";"Reta";"Não";2;0;2;0;0;0;2;1;-20,75714397;-41,46132583;"SPRF-ES";"DEL03-ES";"UOP02-DEL03-ES"
408880;2022-01-15;"sábado";"19:00:00";"MT";70;291,6;"PRIMAVERA DO LESTE";"Animais na Pista";"Atropelamento de Animal";"Com Vítimas Feridas";"Plena Noite";"Decrescente";"Nublado";"Simples";"Reta";"Não";2;0;2;0;0;0;2;1;-15,57837833;-54,39533997;"SPRF-MT";"DEL05-MT";"UOP01-DEL05-MT"
408881;2022-01-15;"sábado";"16:00:00";"SC";470;193,9;"POUSO REDONDO";"Velocidade Incompatível";"Colisão frontal";"Com Vítimas Feridas";"Pleno dia";"Crescente";"Chuva";"Simples";"Curva;Declive";"Não";3;0;1;0;2;0;1;3;-27,300575;-50,075451;"SPRF-SC";"DEL04-SC";"UOP02-DEL04-SC"
408882;2022-01-15;"sábado";"17:45:00";"RS";290;630;"ALEGRETE";"Reação tardia ou ineficiente do condutor";"Capotamento";"Com Vítimas Feridas";"Pleno dia";"Decrescente";"Céu Claro";"Simples";"Reta";"Não";1;0;1;0;0;0;1;1;-30,00251694;-56,19026184;"SPRF-RS";"DEL13-RS";"UOP02-DEL13-RS"
408884;2022-01-15;"sábado";"21:40:00";"SP";116;292;"ITAPECERICA DA SERRA";"Ingestão de álcool pelo condutor";"Colisão traseira";"Com Vítimas Feridas";"Plena Noite";"Crescente";"Garoa/Chuvisco";"Dupla";"Reta";"Não";7;0;6;0;1;0;6;3;-23,74581995;-46,90003027;"SPRF-SP";"DEL04-SP";"UOP01-DEL04-SP"
408885;2022-01-15;"sábado";"21:45:00";"AL";316;203;"MARIBONDO";"Acessar a via sem observar a presença dos outros veículos";"Colisão frontal";"Com Vítimas Feridas";"Plena Noite";"Crescente";"Céu Claro";"Simples";"Reta";"Sim";2;0;2;0;0;0;2;2;-9,57623028;-36,30215685;"SPRF-AL";"DEL03-AL";"UOP01-DEL03-AL"
408886;2022-01-15;"sábado";"19:00:00";"BA";116;737,9;"BOA NOVA";"Transitar no acostamento";"Atropelamento de Pedestre";"Com Vítimas Feridas";"Plena Noite";"Crescente";"Nublado";"Simples";"Reta";"Não";2;0;0;1;0;1;1;2;-14,3749;-40,3472;"SPRF-BA";"DEL08-BA";"UOP02-DEL08-BA"
408887;2022-01-15;"sábado";"21:00:00";"MT";163;1063;"GUARANTA DO NORTE";"Reação tardia ou ineficiente do condutor";"Queda de ocupante de veículo";"Com Vítimas Feridas";"Plena Noite";"Crescente";"Céu Claro";"Simples";"Reta";"Sim";1;0;1;0;0;0;1;1;-9,97099369;-54,9053409;"SPRF-MT";"DEL06-MT";"NPF/DEL06-MT"
408889;2022-01-15;"sábado";"22:00:00";"RJ";116;175;"NOVA IGUACU";"Condutor Dormindo";"Colisão traseira";"Sem Vítimas";"Plena Noite";"Crescente";"Céu Claro";"Múltipla";"Reta";"Sim";2;0;0;0;1;1;0;2;-22,78923555;-43,37275272;"SPRF-RJ";"DEL01-RJ";"UOP02-DEL01-RJ"
408890;2022-01-15;"sábado";"20:30:00";"MT";158;774;"BARRA DO GARCAS";"Reação tardia ou ineficiente do condutor";"Tombamento";"Com Vítimas Feridas";"Plena Noite";"Crescente";"Céu Claro";"Simples";"Reta";"Não";1;0;0;1;0;0;1;1;-15,66989879;-52,21339327;"SPRF-MT";"DEL07-MT";"UOP01-DEL07-MT"
408893;2022-01-15;"sábado";"21:45:00";"RR";174;503;"BOA VISTA";"Pedestre cruzava a pista fora da faixa";"Atropelamento de Pedestre";"Com Vítimas Fatais";"Plena Noite";"Crescente";"Céu Claro";"Simples";"Reta";"Sim";2;1;0;0;1;0;0;2;2,80765276;-60,69112659;"SPRF-RR";"DEL01-RR";"UOP01-DEL01-RR"
408894;2022-01-15;"sábado";"22:45:00";"SC";101;133;"BALNEARIO CAMBORIU";"Manobra de mudança de faixa";"Colisão lateral mesmo sentido";"Com Vítimas Feridas";"Plena Noite";"Crescente";"Céu Claro";"Simples";"Reta";"Sim";3;0;1;0;2;0;1;2;-26,99936;-48,64609;"SPRF-SC";"DEL04-SC";"UOP03-DEL04-SC"
408895;2022-01-15;"sábado";"21:50:00";"ES";259;62;"COLATINA";"Acessar a via sem observar a presença dos outros veículos";"Colisão traseira";"Com Vítimas Feridas";"Plena Noite";"Decrescente";"Céu Claro";"Simples";"Reta";"Não";2;0;1;0;0;1;1;2;-19,53148048;-40,68254471;"SPRF-ES";"DEL02-ES";"UOP01-DEL02-ES"
408896;2022-01-15;"sábado";"22:30:00";"MG";381;933;"EXTREMA";"Reação tardia ou ineficiente do condutor";"Saída de leito carroçável";"Sem Vítimas";"Plena Noite";"Decrescente";"Chuva";"Dupla";"Curva";"Sim";2;0;0;0;2;0;0;1;-22,79412;-46,252466;"SPRF-MG";"DEL16-MG";"UOP03-DEL16-MG"
408897;2022-01-15;"sábado";"22:45:00";"ES";259;67;"COLATINA";"Animais na Pista";"Atropelamento de Animal";"Com Vítimas Feridas";"Plena Noite";"Crescente";"Céu Claro";"Simples";"Reta";"Não";2;0;2;0;0;0;2;1;-19,51173443;-40,73338221;"SPRF-ES";"DEL02-ES";"UOP01-DEL02-ES"
408900;2022-01-15;"sábado";"21:50:00";"BA";407;3;"JUAZEIRO";"Frear bruscamente";"Queda de ocupante de veículo";"Com Vítimas Feridas";"Plena Noite";"Decrescente";"Garoa/Chuvisco";"Simples";"Reta";"Sim";1;0;1;0;0;0;1;1;-9,43134011;-40,49823324;"SPRF-PE";"DEL06-PE";"UOP01-DEL06-PE"
408901;2022-01-15;"sábado";"23:40:00";"SC";101;61;"ARAQUARI";"Ausência de reação do condutor";"Saída de leito carroçável";"Sem Vítimas";"Plena Noite";"Decrescente";"Nublado";"Dupla";"Reta";"Não";1;0;0;0;1;0;0;1;-26,45474174;-48,77699195;"SPRF-SC";"DEL03-SC";"UOP02-DEL03-SC"
408903;2022-01-15;"sábado";"23:40:00";"BA";324;446;"RIACHAO DO JACUIPE";"Transitar na contramão";"Colisão frontal";"Com Vítimas Fatais";"Plena Noite";"Decrescente";"Céu Claro";"Simples";"Reta";"Não";3;1;1;0;1;0;1;2;-11,85328309;-39,33444207;"SPRF-BA";"DEL02-BA";"UOP01-DEL02-BA"
408904;2022-01-15;"sábado";"23:20:00";"RS";386;44,2;"SEBERI";"Ingestão de álcool pelo condutor";"Colisão frontal";"Com Vítimas Feridas";"Plena Noite";"Decrescente";"Nublado";"Simples";"Reta";"Não";2;0;0;1;1;0;1;2;-27,439693;-53,417526;"SPRF-RS";"DEL08-RS";"UOP02-DEL08-RS"
408905;2022-01-15;"sábado";"14:50:00";"SC";282;108;"ALFREDO WAGNER";"Chuva";"Saída de leito carroçável";"Com Vítimas Feridas";"Pleno dia";"Crescente";"Nublado";"Simples";"Curva";"Não";5;0;5;0;0;0;5;1;-27,710777;-49,356228;"SPRF-SC";"DEL01-SC";"UOP03-DEL01-SC"
408907;2022-01-15;"sábado";"23:50:00";"PR";277;95,2;"CURITIBA";"Velocidade Incompatível";"Saída de leito carroçável";"Sem Vítimas";"Plena Noite";"Decrescente";"Chuva";"Dupla";"Curva";"Sim";1;0;0;0;0;1;0;1;-25,43063759;-49,32245677;"SPRF-PR";"DEL01-PR";"UOP01-DEL01-PR"
408908;2022-01-15;"sábado";"22:20:00";"MS";163;484;"CAMPO GRANDE";"Objeto estático sobre o leito carroçável";"Colisão com objeto";"Com Vítimas Feridas";"Plena Noite";"Crescente";"Céu Claro";"Simples";"Reta";"Sim";2;0;1;0;0;1;1;2;-20,45104898;-54,5403266;"SPRF-MS";"DEL01-MS";"UOP02-DEL01-MS"
408910;2022-01-16;"domingo";"00:10:00";"PR";277;674;"MEDIANEIRA";"Demais falhas mecânicas ou elétricas";"Queda de ocupante de veículo";"Com Vítimas Feridas";"Plena Noite";"Crescente";"Céu Claro";"Dupla";"Declive";"Sim";2;0;2;0;0;0;2;1;-25,29484117;-54,11509792;"SPRF-PR";"DEL05-PR";"UOP01-DEL05-PR"
408911;2022-01-16;"domingo";"00:25:00";"MS";359;222,7;"COXIM";"Animais na Pista";"Atropelamento de Animal";"Com Vítimas Feridas";"Plena Noite";"Decrescente";"Céu Claro";"Simples";"Reta";"Não";2;0;2;0;0;0;2;1;-18,50410439;-54,66259105;"SPRF-MS";"DEL06-MS";"UOP01-DEL06-MS"
408912;2022-01-16;"domingo";"02:10:00";"SP";116;215;"GUARULHOS";"Ausência de reação do condutor";"Colisão com objeto";"Com Vítimas Feridas";"Plena Noite";"Crescente";"Céu Claro";"Múltipla";"Reta";"Sim";2;0;1;0;1;0;1;2;-23,44695693;-46,45394103;"SPRF-SP";"DEL01-SP";"UOP01-DEL01-SP"
408914;2022-01-15;"sábado";"23:00:00";"MT";364;262;"JUSCIMEIRA";"Ingestão de álcool pelo condutor";"Tombamento";"Com Vítimas Feridas";"Plena Noite";"Decrescente";"Céu Claro";"Dupla";"Reta";"Não";2;0;1;0;0;1;1;1;-16,023325;-54,899853;"SPRF-MT";"DEL02-MT";"UOP01-DEL02-MT"
408915;2022-01-16;"domingo";"02:10:00";"MG";116;793,4;"ALEM PARAIBA";"Ultrapassagem Indevida";"Colisão frontal";"Com Vítimas Fatais";"Plena Noite";"Crescente";"Garoa/Chuvisco";"Simples";"Curva";"Não";3;1;0;0;2;0;0;3;-21,70195806;-42,72965349;"SPRF-MG";"DEL07-MG";"UOP01-DEL07-MG"
408916;2022-01-16;"domingo";"00:50:00";"RR";432;208;"CANTA";"Ingestão de álcool pelo condutor";"Queda de ocupante de veículo";"Com Vítimas Feridas";"Plena Noite";"Decrescente";"Céu Claro";"Simples";"Reta";"Não";1;0;1;0;0;0;1;1;2,753729;-60,608643;"SPRF-RR";"DEL01-RR";"UOP01-DEL01-RR"
408917;2022-01-16;"domingo";"03:10:00";"AL";101;177,8;"TEOTONIO VILELA";"Transitar no acostamento";"Colisão frontal";"Com Vítimas Fatais";"Plena Noite";"Decrescente";"Céu Claro";"Dupla";"Reta";"Sim";2;1;0;0;0;1;0;2;-9,88962;-36,382435;"SPRF-AL";"DEL02-AL";"UOP02-DEL02-AL"
408920;2022-01-16;"domingo";"01:30:00";"PE";232;297,7;"SERTANIA";"Animais na Pista";"Atropelamento de Animal";"Com Vítimas Fatais";"Plena Noite";"Crescente";"Céu Claro";"Simples";"Reta";"Não";2;1;1;0;0;0;1;1;-8,25029924;-37,39955734;"SPRF-PE";"DEL03-PE";"UOP02-DEL03-PE"
408921;2022-01-16;"domingo";"03:47:00";"PE";232;197;"SANHARO";"Condutor Dormindo";"Colisão frontal";"Com Vítimas Fatais";"Plena Noite";"Decrescente";"Céu Claro";"Simples";"Reta";"Sim";3;2;0;0;1;0;0;2;-8,36891793;-36,580362;"SPRF-PE";"DEL02-PE";"UOP03-DEL02-PE"
408923;2022-01-16;"domingo";"03:30:00";"SP";116;151,9;"SAO JOSE DOS CAMPOS";"Velocidade Incompatível";"Colisão com objeto";"Com Vítimas Feridas";"Plena Noite";"Crescente";"Céu Claro";"Múltipla";"Reta";"Sim";2;0;1;0;1;0;1;1;-23,2019395;-45,8821045;"SPRF-SP";"DEL02-SP";"UOP01-DEL02-SP"
408924;2022-01-16;"domingo";"03:45:00";"PI";316;7;"TERESINA";"Ingestão de álcool pelo condutor";"Saída de leito carroçável";"Com Vítimas Feridas";"Plena Noite";"Crescente";"Nublado";"Múltipla";"Reta";"Sim";1;0;1;0;0;0;1;1;-5,15584638;-42,77173332;"SPRF-PI";"DEL01-PI";"UOP02-DEL01-PI"
408926;2022-01-16;"domingo";"03:55:00";"RS";448;0,1;"SAPUCAIA DO SUL";"Ausência de reação do condutor";"Saída de leito carroçável";"Com Vítimas Feridas";"Plena Noite";"Decrescente";"Céu Claro";"Dupla";"Reta";"Não";2;0;2;0;0;0;2;1;-29,827246;-51,173317;"SPRF-RS";"DEL01-RS";"UOP02-DEL01-RS"
408928;2022-01-16;"domingo";"05:00:00";"SP";381;86,9;"GUARULHOS";"Pedestre cruzava a pista fora da faixa";"Atropelamento de Pedestre";"Com Vítimas Fatais";"Amanhecer";"Crescente";"Céu Claro";"Dupla";"Reta";"Sim";2;1;0;0;1;0;0;2;-23,45930499;-46,57161179;"SPRF-SP";"DEL03-SP";"UOP01-DEL03-SP"
408929;2022-01-16;"domingo";"03:30:00";"MT";163;1033;"MATUPA";"Ingestão de álcool pelo condutor";"Saída de leito carroçável";"Sem Vítimas";"Plena Noite";"Decrescente";"Nublado";"Simples";"Reta";"Não";1;0;0;0;1;0;0;1;-10,2169496;-54,96803284;"SPRF-MT";"DEL06-MT";"NPF/DEL06-MT"
408930;2022-01-16;"domingo";"03:30:00";"RS";386;46,8;"SEBERI";"Ingestão de álcool pelo condutor";"Colisão traseira";"Sem Vítimas";"Plena Noite";"Crescente";"Céu Claro";"Simples";"Reta";"Não";2;0;0;0;1;1;0;2;-27,466236;-53,404499;"SPRF-RS";"DEL08-RS";"UOP02-DEL08-RS"
408931;2022-01-15;"sábado";"22:40:00";"SP";116;474;"JACUPIRANGA";"Avarias e/ou desgaste excessivo no pneu";"Saída de leito carroçável";"Com Vítimas Feridas";"Plena Noite";"Decrescente";"Chuva";"Dupla";"Reta";"Não";2;0;2;0;0;0;2;1;-24,68015127;-47,98251273;"SPRF-SP";"DEL05-SP";"UOP01-DEL05-SP"
408932;2022-01-16;"domingo";"05:15:00";"SP";116;394,9;"MIRACATU";"Chuva";"Capotamento";"Com Vítimas Feridas";"Amanhecer";"Decrescente";"Céu Claro";"Dupla";"Reta";"Não";1;0;1;0;0;0;1;1;-24,28717454;-47,45143994;"SPRF-SP";"DEL04-SP";"UOP02-DEL04-SP"
408933;2022-01-16;"domingo";"05:15:00";"SP";116;92;"PINDAMONHANGABA";"Ingestão de álcool pelo condutor";"Tombamento";"Com Vítimas Feridas";"Amanhecer";"Decrescente";"Nublado";"Dupla";"Reta";"Sim";1;0;1;0;0;0;1;1;-22,95222732;-45,40443885;"SPRF-SP";"DEL08-SP";"UOP01-DEL08-SP"
408934;2022-01-16;"domingo";"05:25:00";"SC";470;3;"NAVEGANTES";"Mal súbito do condutor";"Colisão com objeto";"Com Vítimas Feridas";"Amanhecer";"Crescente";"Céu Claro";"Simples";"Reta;Em Obras";"Não";1;0;1;0;0;0;1;1;-26,861937;-48,681618;"SPRF-SC";"DEL04-SC";"UOP04-DEL04-SC"
408936;2022-01-16;"domingo";"05:45:00";"PR";116;115;"CURITIBA";"Transitar no acostamento";"Colisão traseira";"Com Vítimas Feridas";"Amanhecer";"Crescente";"Nublado";"Dupla";"Reta";"Sim";4;0;0;1;1;2;1;3;-25,55953326;-49,26560414;"SPRF-PR";"DEL01-PR";"UOP01-DEL01-PR"
408937;2022-01-16;"domingo";"03:00:00";"MG";365;756,5;"ITUIUTABA";"Velocidade Incompatível";"Saída de leito carroçável";"Com Vítimas Feridas";"Plena Noite";"Crescente";"Céu Claro";"Dupla";"Reta";"Não";1;0;1;0;0;0;1;1;-18,95717176;-49,4695793;"SPRF-MG";"DEL15-MG";"UOP03-DEL15-MG"
408938;2022-01-16;"domingo";"05:20:00";"PB";230;58,6;"CRUZ DO ESPIRITO SANTO";"Velocidade Incompatível";"Saída de leito carroçável";"Sem Vítimas";"Pleno dia";"Decrescente";"Nublado";"Dupla";"Reta";"Não";1;0;0;0;0;1;0;1;-7,2035;-35,1214;"SPRF-PB";"DEL01-PB";"UOP03-DEL01-PB"
408940;2022-01-16;"domingo";"06:20:00";"SP";116;214,5;"GUARULHOS";"Reação tardia ou ineficiente do condutor";"Colisão com objeto";"Com Vítimas Feridas";"Amanhecer";"Decrescente";"Céu Claro";"Múltipla";"Reta;Declive";"Sim";1;0;1;0;0;0;1;1;-23,44695693;-46,45394103;"SPRF-SP";"DEL01-SP";"UOP01-DEL01-SP"
408943;2022-01-16;"domingo";"05:50:00";"RS";116;148,8;"CAXIAS DO SUL";"Ausência de reação do condutor";"Saída de leito carroçável";"Com Vítimas Feridas";"Amanhecer";"Decrescente";"Céu Claro";"Dupla";"Curva";"Sim";2;0;2;0;0;0;2;1;-29,15444539;-51,15101681;"SPRF-RS";"DEL05-RS";"UOP01-DEL05-RS"
408944;2022-01-16;"domingo";"05:30:00";"SC";101;156;"PORTO BELO";"Ausência de reação do condutor";"Colisão com objeto";"Com Vítimas Feridas";"Plena Noite";"Crescente";"Nublado";"Dupla";"Reta";"Não";1;0;0;1;0;0;1;1;-27,172272;-48,61170204;"SPRF-SC";"DEL04-SC";"UOP03-DEL04-SC"
408945;2022-01-16;"domingo";"06:30:00";"PI";407;420;"PICOS";"Ingestão de álcool pelo condutor";"Queda de ocupante de veículo";"Com Vítimas Feridas";"Amanhecer";"Crescente";"Céu Claro";"Simples";"Reta";"Sim";2;0;1;0;0;1;1;1;-7,08411341;-41,43021584;"SPRF-PI";"DEL04-PI";"UOP01-DEL04-PI"
408947;2022-01-16;"domingo";"05:30:00";"PR";476;135,5;"CURITIBA";"Ingestão de álcool pelo condutor";"Colisão traseira";"Com Vítimas Feridas";"Amanhecer";"Decrescente";"Nevoeiro/Neblina";"Dupla";"Curva;Declive";"Sim";3;0;1;0;2;0;1;3;-25,48632153;-49,26739454;"SPRF-PR";"DEL01-PR";"UOP03-DEL01-PR"
408948;2022-01-15;"sábado";"08:00:00";"PA";316;45;"SANTA IZABEL DO PARA";"Reação tardia ou ineficiente do condutor";"Saída de leito carroçável";"Com Vítimas Feridas";"Pleno dia";"Decrescente";"Céu Claro";"Simples";"Reta";"Não";1;0;1;0;0;0;1;1;-1,277567;-48,078326;"SPRF-PA";"DEL01-PA";"UOP01-DEL01-PA"
408949;2022-01-15;"sábado";"14:10:00";"SP";381;36;"ATIBAIA";"Manobra de mudança de faixa";"Colisão lateral mesmo sentido";"Com Vítimas Feridas";"Pleno dia";"Decrescente";"Céu Claro";"Dupla";"Reta";"Não";2;0;1;0;1;0;1;2;-23,09707232;-46,57180706;"SPRF-SP";"DEL03-SP";"UOP01-DEL03-SP"
408950;2022-01-16;"domingo";"06:20:00";"RJ";116;182,9;"NOVA IGUACU";"Condutor deixou de manter distância do veículo da frente";"Colisão traseira";"Com Vítimas Feridas";"Pleno dia";"Crescente";"Céu Claro";"Dupla";"Reta";"Sim";2;0;1;0;0;1;1;2;-22,7567755;-43,43107234;"SPRF-RJ";"DEL01-RJ";"UOP02-DEL01-RJ"
408951;2022-01-16;"domingo";"05:40:00";"RJ";40;110;"DUQUE DE CAXIAS";"Velocidade Incompatível";"Capotamento";"Com Vítimas Feridas";"Pleno dia";"Crescente";"Céu Claro";"Múltipla";"Reta";"Não";1;0;1;0;0;0;1;1;-22,68289906;-43,28549346;"SPRF-RJ";"DEL01-RJ";"UOP01-DEL01-RJ"
408952;2022-01-16;"domingo";"07:10:00";"SC";101;88;"BARRA VELHA";"Ingestão de álcool pelo condutor";"Colisão traseira";"Sem Vítimas";"Amanhecer";"Crescente";"Céu Claro";"Simples";"Interseção de Vias";"Sim";2;0;0;0;2;0;0;2;-26,64253985;-48,68950684;"SPRF-SC";"DEL03-SC";"UOP02-DEL03-SC"
408954;2022-01-16;"domingo";"06:23:00";"MG";381;933;"EXTREMA";"Condutor Dormindo";"Capotamento";"Com Vítimas Feridas";"Amanhecer";"Crescente";"Céu Claro";"Dupla";"Curva";"Não";3;0;1;2;0;0;3;1;-22,81492017;-46,2920647;"SPRF-MG";"DEL16-MG";"UOP03-DEL16-MG"
408955;2022-01-16;"domingo";"07:45:00";"GO";60;15;"ALEXANIA";"Velocidade Incompatível";"Saída de leito carroçável";"Com Vítimas Fatais";"Pleno dia";"Crescente";"Céu Claro";"Dupla";"Curva";"Não";1;1;0;0;0;0;0;1;-16,094168;-48,517212;"SPRF-DF";"DEL03-DF";"UOP01-DEL03-DF"