"id";"data_inversa";"dia_semana";"horario";"uf";"br";"km";"municipio";"causa_acidente";"tipo_acidente";"classificacao_acidente";"fase_dia";"sentido_via";"condicao_metereologica";"tipo_pista";"tracado_via";"uso_solo";"pessoas";"mortos";"feridos_leves";"feridos_graves";"ilesos";"ignorados";"feridos";"veiculos";"latitude";"longitude";"regional";"delegacia";"uop"
408956;2022-01-16;"domingo";"07:30:00";"MS";60;550,5;"NIOAQUE";"Ausência de reação do condutor";"Saída de leito carroçável";"Com Vítimas Fatais";"Pleno dia";"Crescente";"Céu Claro";"Simples";"Reta";"Não";1;1;0;0;0;0;0;1;-21,20183067;-55,89638731;"SPRF-MS";"DEL05-MS";"UOP01-DEL05-MS"
408958;2022-01-16;"domingo";"08:20:00";"RJ";116;316;"ITATIAIA";"Demais falhas mecânicas ou elétricas";"Incêndio";"Sem Vítimas";"Pleno dia";"Crescente";"Sol";"Simples";"Retorno Regulamentado";"Não";1;0;0;0;1;0;0;1;-22,46560057;-44,49102813;"SPRF-RJ";"DEL07-RJ";"UOP02-DEL07-RJ"
408959;2022-01-16;"domingo";"08:35:00";"SP";153;21,4;"NOVA GRANADA";"Ingestão de álcool pelo condutor";"Tombamento";"Com Vítimas Feridas";"Pleno dia";"Decrescente";"Nublado";"Simples";"Reta";"Não";1;0;1;0;0;0;1;1;-20,46867812;-49,29242875;"SPRF-SP";"DEL09-SP";"UOP01-DEL09-SP"
408961;2022-01-16;"domingo";"09:00:00";"DF";60;28;"BRASILIA";"Condutor deixou de manter distância do veículo da frente";"Colisão traseira";"Com Vítimas Feridas";"Pleno dia";"Crescente";"Céu Claro";"Dupla";"Reta";"Não";2;0;1;0;1;0;1;2;-16,020638;-48,250832;"SPRF-DF";"DEL03-DF";"UOP01-DEL03-DF"
408962;2022-01-16;"domingo";"07:30:00";"PE";424;89,1;"GARANHUNS";"Ingestão de álcool pelo condutor";"Saída de leito carroçável";"Sem Vítimas";"Pleno dia";"Decrescente";"Céu Claro";"Simples";"Curva";"Sim";1;0;0;0;0;1;0;1;-8,89138375;-36,50571483;"SPRF-PE";"DEL03-PE";"UOP01-DEL03-PE"
408963;2022-01-16;"domingo";"05:30:00";"MG";116;555;"SANTA BARBARA DO LESTE";"Velocidade Incompatível";"Saída de leito carroçável";"Com Vítimas Fatais";"Amanhecer";"Crescente";"Garoa/Chuvisco";"Simples";"Curva";"Não";1;1;0;0;0;0;0;1;-20,00911074;-42,14328403;"SPRF-MG";"DEL06-MG";"UOP02-DEL06-MG"
408964;2022-01-16;"domingo";"08:10:00";"PE";101;55,6;"RECIFE";"Entrada inopinada do pedestre";"Atropelamento de Pedestre";"Com Vítimas Feridas";"Pleno dia";"Decrescente";"Céu Claro";"Dupla";"Reta";"Sim";2;0;1;0;0;1;1;2;-7,94806621;-34,9062148;"SPRF-PE";"DEL01-PE";"UOP02-DEL01-PE"
408965;2022-01-16;"domingo";"04:30:00";"PR";158;404,3;"LARANJEIRAS DO SUL";"Transitar na contramão";"Colisão frontal";"Com Vítimas Feridas";"Plena Noite";"Crescente";"Ignorado";"Simples";"Curva";"Não";1;0;0;1;0;0;1;1;-25,36410769;-52,3880915;"SPRF-PR";"DEL04-PR";"UOP02-DEL04-PR"
408966;2022-01-16;"domingo";"09:00:00";"PR";476;128,8;"CURITIBA";"Velocidade Incompatível";"Saída de leito carroçável";"Sem Vítimas";"Amanhecer";"Decrescente";"Céu Claro";"Dupla";"Curva";"Sim";1;0;0;0;1;0;0;1;-25,433048;-49,23156;"SPRF-PR";"DEL01-PR";"UOP03-DEL01-PR"
408968;2022-01-16;"domingo";"10:20:00";"GO";60;303;"ACREUNA";"Ausência de reação do condutor";"Saída de leito carroçável";"Com Vítimas Feridas";"Pleno dia";"Decrescente";"Céu Claro";"Dupla";"Curva";"Sim";1;0;1;0;0;0;1;1;-17,37864;-50,36731;"SPRF-GO";"DEL04-GO";"UOP01-DEL04-GO"
408969;2022-01-16;"domingo";"10:00:00";"PR";277;60;"SAO JOSE DOS PINHAIS";"Ausência de reação do condutor";"Queda de ocupante de veículo";"Com Vítimas Feridas";"Pleno dia";"Crescente";"Céu Claro";"Múltipla";"Aclive";"Não";1;0;1;0;0;0;1;1;-25,57289907;-48,99037703;"SPRF-PR";"DEL01-PR";"UOP01-DEL01-PR"
408970;2022-01-16;"domingo";"10:30:00";"MT";70;74;"GENERAL CARNEIRO";"Velocidade Incompatível";"Colisão frontal";"Com Vítimas Feridas";"Pleno dia";"Crescente";"Céu Claro";"Simples";"Curva";"Não";4;0;4;0;0;0;4;2;-15,68707983;-52,81117984;"SPRF-MT";"DEL07-MT";"UOP01-DEL07-MT"
408971;2022-01-16;"domingo";"10:20:00";"MG";381;747,5;"TRES CORACOES";"Reação tardia ou ineficiente do condutor";"Saída de leito carroçável";"Com Vítimas Feridas";"Pleno dia";"Crescente";"Nublado";"Dupla";"Reta";"Não";3;0;1;2;0;0;3;1;-21,64809074;-45,29856819;"SPRF-MG";"DEL16-MG";"UOP02-DEL16-MG"
408972;2022-01-16;"domingo";"09:10:00";"RO";364;709;"PORTO VELHO";"Ingestão de álcool e/ou substâncias psicoativas pelo pedestre";"Queda de ocupante de veículo";"Com Vítimas Feridas";"Pleno dia";"Crescente";"Céu Claro";"Dupla";"Reta";"Sim";1;0;1;0;0;0;1;1;-8,79041872;-63,85045951;"SPRF-RO";"DEL01-RO";"UOP01-DEL01-RO"
408973;2022-01-16;"domingo";"09:50:00";"AL";316;154;"PALMEIRA DOS INDIOS";"Condutor deixou de manter distância do veículo da frente";"Colisão traseira";"Com Vítimas Feridas";"Pleno dia";"Crescente";"Céu Claro";"Simples";"Interseção de Vias";"Sim";2;0;0;1;1;0;1;2;-9,43055371;-36,64101415;"SPRF-AL";"DEL03-AL";"UOP01-DEL03-AL"
408974;2022-01-16;"domingo";"10:30:00";"MG";381;434,4;"SABARA";"Ultrapassagem Indevida";"Queda de ocupante de veículo";"Com Vítimas Feridas";"Pleno dia";"Decrescente";"Céu Claro";"Simples";"Reta";"Não";2;0;0;2;0;0;2;1;-19,80043184;-43,75031407;"SPRF-MG";"DEL01-MG";"UOP01-DEL01-MG"
408975;2022-01-16;"domingo";"10:40:00";"PA";230;116;"MARABA";"Condutor deixou de manter distância do veículo da frente";"Colisão transversal";"Com Vítimas Feridas";"Pleno dia";"Crescente";"Céu Claro";"Dupla";"Reta";"Sim";2;0;1;0;1;0;1;2;-5,35947454;-49,08301084;"SPRF-PA";"DEL03-PA";"UOP01-DEL03-PA"
408977;2022-01-16;"domingo";"04:15:00";"SC";116;143,7;"SANTA CECILIA";"Ingestão de álcool pelo condutor";"Saída de leito carroçável";"Com Vítimas Feridas";"Plena Noite";"Decrescente";"Céu Claro";"Simples";"Reta";"Não";1;0;1;0;0;0;1;1;-26,98647529;-50,39438169;"SPRF-SC";"DEL06-SC";"UOP02-DEL06-SC"
408979;2022-01-16;"domingo";"10:50:00";"SP";116;226,5;"GUARULHOS";"Avarias e/ou desgaste excessivo no pneu";"Saída de leito carroçável";"Com Vítimas Feridas";"Pleno dia";"Crescente";"Céu Claro";"Simples";"Curva";"Sim";2;0;2;0;0;0;2;1;-23,49102507;-46,54878195;"SPRF-SP";"DEL01-SP";"UOP01-DEL01-SP"
408980;2022-01-16;"domingo";"11:13:00";"SC";101;211,6;"PALHOCA";"Condutor deixou de manter distância do veículo da frente";"Colisão traseira";"Sem Vítimas";"Pleno dia";"Crescente";"Céu Claro";"Múltipla";"Reta";"Sim";3;0;0;0;3;0;0;3;-27,62329313;-48,65245588;"SPRF-SC";"DEL01-SC";"UOP02-DEL01-SC"
408982;2022-01-16;"domingo";"11:45:00";"PR";467;104,1;"CASCAVEL";"Ingestão de álcool pelo condutor";"Saída de leito carroçável";"Com Vítimas Feridas";"Pleno dia";"Crescente";"Céu Claro";"Dupla";"Declive;Curva";"Não";1;0;0;1;0;0;1;1;-24,9129;-53,5028;"SPRF-PR";"DEL04-PR";"UOP01-DEL04-PR"
408983;2022-01-16;"domingo";"08:00:00";"MS";463;104;"PONTA PORA";"Demais falhas mecânicas ou elétricas";"Incêndio";"Sem Vítimas";"Pleno dia";"Decrescente";"Ignorado";"Simples";"Reta";"Não";1;0;0;0;0;1;0;1;-22,60782925;-55,65013213;"SPRF-MS";"DEL04-MS";"UOP03-DEL04-MS"
408985;2022-01-16;"domingo";"12:45:00";"SE";101;36;"CAPELA";"Acessar a via sem observar a presença dos outros veículos";"Colisão transversal";"Com Vítimas Feridas";"Pleno dia";"Decrescente";"Céu Claro";"Dupla";"Reta";"Não";3;0;0;1;1;1;1;2;-10,49230498;-36,94471029;"SPRF-SE";"DEL02-SE";"UOP02-DEL02-SE"
408986;2022-01-16;"domingo";"10:30:00";"MT";174;487;"COMODORO";"Acessar a via sem observar a presença dos outros veículos";"Colisão transversal";"Com Vítimas Fatais";"Pleno dia";"Crescente";"Céu Claro";"Simples";"Reta";"Sim";6;1;1;0;4;0;1;2;-13,63885245;-59,79859708;"SPRF-MT";"DEL04-MT";"UOP01-DEL04-MT"
408987;2022-01-16;"domingo";"10:10:00";"PR";376;302,8;"MAUA DA SERRA";"Frear bruscamente";"Colisão com objeto";"Com Vítimas Feridas";"Pleno dia";"Decrescente";"Céu Claro";"Dupla";"Curva";"Não";1;0;0;1;0;0;1;1;-23,94255214;-51,12285589;"SPRF-PR";"DEL07-PR";"UOP02-DEL07-PR"
408992;2022-01-16;"domingo";"13:35:00";"PR";158;532;"PATO BRANCO";"Transitar na contramão";"Colisão transversal";"Com Vítimas Feridas";"Pleno dia";"Decrescente";"Céu Claro";"Simples";"Interseção de Vias";"Sim";5;0;1;0;4;0;1;2;-26,21099702;-52,6807167;"SPRF-PR";"DEL02-PR";"UOP01-DEL02-PR"
408994;2022-01-16;"domingo";"12:30:00";"RS";480;67,7;"BARAO DE COTEGIPE";"Velocidade Incompatível";"Saída de leito carroçável";"Com Vítimas Feridas";"Pleno dia";"Decrescente";"Sol";"Simples";"Curva";"Não";1;0;1;0;0;0;1;1;-27,63387577;-52,34351277;"SPRF-RS";"DEL08-RS";"UOP04-DEL08-RS"
408995;2022-01-16;"domingo";"13:30:00";"PE";101;53,8;"PAULISTA";"Ingestão de álcool e/ou substâncias psicoativas pelo pedestre";"Colisão com objeto";"Com Vítimas Fatais";"Pleno dia";"Decrescente";"Sol";"Múltipla";"Reta";"Sim";6;1;3;0;0;2;3;1;-7,93124094;-34,90068606;"SPRF-PE";"DEL01-PE";"UOP02-DEL01-PE"
408996;2022-01-16;"domingo";"14:00:00";"ES";101;255;"SERRA";"Condutor deixou de manter distância do veículo da frente";"Colisão traseira";"Sem Vítimas";"Pleno dia";"Crescente";"Sol";"Simples";"Reta";"Sim";2;0;0;0;1;1;0;2;-20,11487935;-40,31943619;"SPRF-ES";"DEL02-ES";"UOP01-DEL02-ES"
409000;2022-01-16;"domingo";"14:45:00";"PR";116;118;"CURITIBA";"Ausência de reação do condutor";"Colisão traseira";"Com Vítimas Feridas";"Pleno dia";"Decrescente";"Nublado";"Dupla";"Reta";"Sim";2;0;1;0;1;0;1;2;-25,54657438;-49,29173608;"SPRF-PR";"DEL01-PR";"UOP03-DEL01-PR"
409001;2022-01-16;"domingo";"15:10:00";"MG";40;548;"NOVA LIMA";"Velocidade Incompatível";"Saída de leito carroçável";"Com Vítimas Feridas";"Pleno dia";"Decrescente";"Céu Claro";"Dupla";"Declive;Curva";"Sim";3;0;2;1;0;0;3;2;-20,03136499;-43,96967792;"SPRF-MG";"DEL01-MG";"UOP02-DEL01-MG"
409002;2022-01-16;"domingo";"15:14:00";"GO";60;382;"RIO VERDE";"Reação tardia ou ineficiente do condutor";"Tombamento";"Com Vítimas Feridas";"Pleno dia";"Decrescente";"Céu Claro";"Múltipla";"Reta";"Sim";1;0;1;0;0;0;1;1;-17,7880705;-50,9038435;"SPRF-GO";"DEL04-GO";"UOP01-DEL04-GO"
409003;2022-01-16;"domingo";"15:30:00";"SC";280;51,6;"GUARAMIRIM";"Desrespeitar a preferência no cruzamento";"Colisão transversal";"Com Vítimas Feridas";"Pleno dia";"Decrescente";"Céu Claro";"Simples";"Reta";"Não";2;0;1;0;1;0;1;2;-26,46538871;-48,95544449;"SPRF-SC";"DEL03-SC";"UOP03-DEL03-SC"
409004;2022-01-16;"domingo";"15:12:00";"SP";153;116,9;"UBARANA";"Acumulo de água sobre o pavimento";"Tombamento";"Com Vítimas Feridas";"Pleno dia";"Crescente";"Nublado";"Simples";"Reta";"Não";1;0;1;0;0;0;1;1;-21,1375408;-49,69894942;"SPRF-SP";"DEL09-SP";"UOP01-DEL09-SP"
409005;2022-01-16;"domingo";"15:00:00";"SP";116;78;"ROSEIRA";"Demais falhas mecânicas ou elétricas";"Tombamento";"Com Vítimas Feridas";"Pleno dia";"Crescente";"Chuva";"Dupla";"Reta";"Não";2;0;2;0;0;0;2;1;-22,88893407;-45,28690695;"SPRF-SP";"DEL08-SP";"UOP01-DEL08-SP"
409006;2022-01-16;"domingo";"12:30:00";"SP";381;76,3;"SAO PAULO";"Reação tardia ou ineficiente do condutor";"Queda de ocupante de veículo";"Com Vítimas Feridas";"Pleno dia";"Crescente";"Céu Claro";"Múltipla";"Declive;Curva";"Não";1;0;1;0;0;0;1;1;-23,38372401;-46,56502116;"SPRF-SP";"DEL03-SP";"UOP01-DEL03-SP"
409007;2022-01-16;"domingo";"15:50:00";"SP";381;28;"ATIBAIA";"Condutor deixou de manter distância do veículo da frente";"Colisão traseira";"Com Vítimas Feridas";"Pleno dia";"Crescente";"Céu Claro";"Dupla";"Reta";"Não";2;0;1;0;1;0;1;2;-23,0365995;-46,55128;"SPRF-SP";"DEL03-SP";"UOP01-DEL03-SP"
409008;2022-01-16;"domingo";"15:17:00";"RN";304;24,5;"MOSSORO";"Ingestão de álcool pelo condutor";"Saída de leito carroçável";"Com Vítimas Feridas";"Pleno dia";"Crescente";"Céu Claro";"Simples";"Rotatória";"Não";1;0;1;0;0;0;1;1;-5,06488233;-37,33287055;"SPRF-RN";"DEL04-RN";"UOP02-DEL04-RN"
409010;2022-01-16;"domingo";"13:15:00";"MT";364;52;"ALTO GARCAS";"Ausência de reação do condutor";"Capotamento";"Com Vítimas Feridas";"Pleno dia";"Decrescente";"Céu Claro";"Simples";"Reta";"Não";2;0;2;0;0;0;2;1;-16,98374294;-53,50980382;"SPRF-MT";"DEL02-MT";"UOP02-DEL02-MT"
409011;2022-01-16;"domingo";"15:29:00";"TO";153;134,3;"ARAGUAINA";"Reação tardia ou ineficiente do condutor";"Colisão traseira";"Sem Vítimas";"Pleno dia";"Crescente";"Céu Claro";"Simples";"Aclive";"Não";5;0;0;0;5;0;0;2;-7,12178379;-48,19293926;"SPRF-TO";"DEL02-TO";"UOP01-DEL02-TO"
409012;2022-01-16;"domingo";"13:30:00";"MG";116;274,5;"TEOFILO OTONI";"Reação tardia ou ineficiente do condutor";"Colisão transversal";"Com Vítimas Feridas";"Pleno dia";"Crescente";"Céu Claro";"Dupla";"Reta";"Sim";2;0;0;1;0;1;1;2;-17,83384514;-41,51094368;"SPRF-MG";"DEL11-MG";"UOP01-DEL11-MG"
409013;2022-01-16;"domingo";"14:10:00";"RJ";116;176;"NOVA IGUACU";"Demais falhas mecânicas ou elétricas";"Tombamento";"Com Vítimas Feridas";"Pleno dia";"Decrescente";"Céu Claro";"Múltipla";"Reta";"Sim";2;0;2;0;0;0;2;1;-22,76250699;-43,42107684;"SPRF-RJ";"DEL01-RJ";"UOP02-DEL01-RJ"
409014;2022-01-16;"domingo";"15:25:00";"MS";163;834;"SONORA";"Ausência de reação do condutor";"Saída de leito carroçável";"Com Vítimas Feridas";"Pleno dia";"Crescente";"Sol";"Simples";"Reta";"Não";4;0;3;0;1;0;3;1;-17,62739003;-54,74525081;"SPRF-MS";"DEL06-MS";"UOP01-DEL06-MS"
409015;2022-01-16;"domingo";"15:20:00";"PB";230;20;"JOAO PESSOA";"Reação tardia ou ineficiente do condutor";"Saída de leito carroçável";"Com Vítimas Feridas";"Pleno dia";"Decrescente";"Céu Claro";"Dupla";"Reta";"Sim";2;0;2;0;0;0;2;1;-7,1337;-34,8544;"SPRF-PB";"DEL01-PB";"UOP01-DEL01-PB"
409016;2022-01-16;"domingo";"15:50:00";"RJ";40;118;"DUQUE DE CAXIAS";"Transitar no acostamento";"Colisão lateral mesmo sentido";"Com Vítimas Feridas";"Pleno dia";"Decrescente";"Sol";"Múltipla";"Reta";"Sim";3;0;1;0;2;0;1;2;-22,76118221;-43,28663656;"SPRF-RJ";"DEL01-RJ";"UOP01-DEL01-RJ"
409017;2022-01-16;"domingo";"16:25:00";"RS";290;3,4;"OSORIO";"Condutor deixou de manter distância do veículo da frente";"Engavetamento";"Com Vítimas Feridas";"Pleno dia";"Crescente";"Chuva";"Dupla";"Reta";"Sim";14;0;5;1;8;0;6;9;-29,897923;-50,304722;"SPRF-RS";"DEL03-RS";"UOP01-DEL03-RS"
409018;2022-01-16;"domingo";"13:30:00";"SC";282;51,7;"AGUAS MORNAS";"Pista Escorregadia";"Colisão lateral sentido oposto";"Com Vítimas Feridas";"Pleno dia";"Crescente";"Chuva";"Simples";"Curva";"Não";2;0;1;0;1;0;1;2;-27,703712;-48,959267;"SPRF-SC";"DEL01-SC";"UOP03-DEL01-SC"
409021;2022-01-16;"domingo";"13:00:00";"MG";116;117;"ITAOBIM";"Desrespeitar a preferência no cruzamento";"Colisão transversal";"Com Vítimas Feridas";"Pleno dia";"Crescente";"Céu Claro";"Simples";"Interseção de Vias";"Sim";2;0;0;1;1;0;1;2;-16,57638527;-41,50391221;"SPRF-MG";"DEL11-MG";"UOP02-DEL11-MG"
409023;2022-01-16;"domingo";"16:30:00";"ES";259;0,2;"JOAO NEIVA";"Desrespeitar a preferência no cruzamento";"Colisão transversal";"Com Vítimas Feridas";"Pleno dia";"Crescente";"Céu Claro";"Simples";"Reta";"Sim";3;0;1;0;2;0;1;2;-19,746645;-40,376907;"SPRF-ES";"DEL02-ES";"UOP01-DEL02-ES"
409024;2022-01-16;"domingo";"15:45:00";"SC";101;289,5;"IMBITUBA";"Ingestão de álcool pelo condutor";"Tombamento";"Com Vítimas Feridas";"Pleno dia";"Decrescente";"Céu Claro";"Dupla";"Reta";"Sim";2;0;2;0;0;0;2;1;-28,25395282;-48,70289554;"SPRF-SC";"DEL02-SC";"UOP03-DEL02-SC"
409028;2022-01-16;"domingo";"16:30:00";"MG";116;606,1;"SAO JOAO DO MANHUACU";"Ingestão de álcool pelo condutor";"Colisão transversal";"Com Vítimas Feridas";"Pleno dia";"Crescente";"Céu Claro";"Simples";"Reta";"Não";2;0;2;0;0;0;2;2;-20,378722;-42,14721389;"SPRF-MG";"DEL06-MG";"UOP03-DEL06-MG"
409029;2022-01-16;"domingo";"16:25:00";"AL";104;29;"UNIAO DOS PALMARES";"Velocidade Incompatível";"Colisão traseira";"Sem Vítimas";"Pleno dia";"Crescente";"Céu Claro";"Simples";"Reta";"Não";2;0;0;0;2;0;0;2;-9,11969886;-36,04038686;"SPRF-AL";"DEL01-AL";"UOP02-DEL01-AL"
409030;2022-01-16;"domingo";"15:40:00";"RN";101;84;"SAO GONCALO DO AMARANTE";"Manobra de mudança de faixa";"Colisão lateral mesmo sentido";"Sem Vítimas";"Pleno dia";"Crescente";"Céu Claro";"Dupla";"Viaduto";"Sim";2;0;0;0;2;0;0;2;-5,774175;-35,2578;"SPRF-RN";"DEL02-RN";"UOP01-DEL02-RN"
409031;2022-01-16;"domingo";"16:30:00";"SP";116;214;"GUARULHOS";"Pista Escorregadia";"Colisão com objeto";"Com Vítimas Feridas";"Pleno dia";"Decrescente";"Chuva";"Múltipla";"Reta";"Sim";4;0;4;0;0;0;4;1;-23,44603414;-46,45193566;"SPRF-SP";"DEL01-SP";"UOP01-DEL01-SP"
409032;2022-01-16;"domingo";"16:45:00";"MG";365;600;"UBERLANDIA";"Demais falhas mecânicas ou elétricas";"Incêndio";"Sem Vítimas";"Pleno dia";"Crescente";"Nublado";"Simples";"Reta";"Não";1;0;0;0;1;0;0;1;-18,89471474;-48,12996205;"SPRF-MG";"DEL15-MG";"UOP01-DEL15-MG"
409033;2022-01-16;"domingo";"17:00:00";"MG";365;592,3;"ARAGUARI";"Demais Fenômenos da natureza";"Eventos atípicos";"Com Vítimas Feridas";"Pleno dia";"Crescente";"Chuva";"Simples";"Declive;Reta";"Não";2;0;2;0;0;0;2;1;-18,87951334;-48,06156814;"SPRF-MG";"DEL15-MG";"UOP02-DEL15-MG"
409034;2022-01-16;"domingo";"17:00:00";"PB";230;22,5;"JOAO PESSOA";"Trafegar com motocicleta (ou similar) entre as faixas";"Tombamento";"Com Vítimas Feridas";"Anoitecer";"Decrescente";"Sol";"Dupla";"Reta";"Sim";1;0;1;0;0;0;1;1;-7,1495;-34,8517;"SPRF-PB";"DEL01-PB";"UOP01-DEL01-PB"
409035;2022-01-16;"domingo";"17:00:00";"SP";116;76,6;"ROSEIRA";"Ausência de reação do condutor";"Engavetamento";"Com Vítimas Feridas";"Pleno dia";"Crescente";"Garoa/Chuvisco";"Dupla";"Curva";"Sim";3;0;1;0;1;1;1;3;-22,87747687;-45,27203908;"SPRF-SP";"DEL08-SP";"UOP01-DEL08-SP"
409036;2022-01-16;"domingo";"16:10:00";"SC";280;15;"SAO FRANCISCO DO SUL";"Demais falhas mecânicas ou elétricas";"Queda de ocupante de veículo";"Com Vítimas Feridas";"Pleno dia";"Decrescente";"Nublado";"Simples";"Reta";"Não";2;0;2;0;0;0;2;1;-26,33868901;-48,65489598;"SPRF-SC";"DEL03-SC";"UOP03-DEL03-SC"
409037;2022-01-16;"domingo";"16:00:00";"BA";101;364;"GANDU";"Condutor deixou de manter distância do veículo da frente";"Colisão traseira";"Sem Vítimas";"Pleno dia";"Crescente";"Garoa/Chuvisco";"Simples";"Reta";"Sim";2;0;0;0;2;0;0;2;-13,737185;-39,479781;"SPRF-BA";"DEL05-BA";"UOP03-DEL05-BA"
409038;2022-01-16;"domingo";"16:10:00";"PI";343;198;"PIRIPIRI";"Acumulo de água sobre o pavimento";"Saída de leito carroçável";"Com Vítimas Feridas";"Pleno dia";"Decrescente";"Chuva";"Simples";"Reta";"Não";2;0;2;0;0;0;2;1;-4,37233;-41,831642;"SPRF-PI";"DEL02-PI";"UOP01-DEL02-PI"
409040;2022-01-16;"domingo";"17:40:00";"SP";116;185;"SANTA ISABEL";"Ingestão de álcool e/ou substâncias psicoativas pelo pedestre";"Colisão traseira";"Com Vítimas Feridas";"Pleno dia";"Crescente";"Nublado";"Dupla";"Reta";"Não";2;0;2;0;0;0;2;2;-23,35176424;-46,18966001;"SPRF-SP";"DEL01-SP";"UOP01-DEL01-SP"
409041;2022-01-16;"domingo";"16:30:00";"RS";290;4;"OSORIO";"Acumulo de água sobre o pavimento";"Colisão traseira";"Sem Vítimas";"Pleno dia";"Crescente";"Nublado";"Múltipla";"Reta";"Não";10;0;0;0;10;0;0;3;-29,898134;-50,31419;"SPRF-RS";"DEL03-RS";"UOP01-DEL03-RS"
409043;2022-01-16;"domingo";"17:50:00";"RJ";116;122;"MAGE";"Ausência de reação do condutor";"Colisão traseira";"Sem Vítimas";"Pleno dia";"Crescente";"Nublado";"Dupla";"Reta";"Sim";2;0;0;0;2;0;0;2;-22,63509742;-43,05577963;"SPRF-RJ";"DEL04-RJ";"UOP02-DEL04-RJ"
409044;2022-01-16;"domingo";"18:15:00";"PR";277;41;"MORRETES";"Reação tardia ou ineficiente do condutor";"Colisão traseira";"Sem Vítimas";"Pleno dia";"Crescente";"Chuva";"Dupla";"Curva";"Não";3;0;0;0;3;0;0;3;-25,57183811;-48,83586205;"SPRF-PR";"DEL01-PR";"UOP05-DEL01-PR"
409046;2022-01-16;"domingo";"17:30:00";"PR";376;437,5;"TIBAGI";"Velocidade Incompatível";"Saída de leito carroçável";"Com Vítimas Feridas";"Pleno dia";"Decrescente";"Chuva";"Dupla";"Curva";"Não";2;0;1;0;1;0;1;1;-24,79035793;-50,50187588;"SPRF-PR";"DEL03-PR";"UOP02-DEL03-PR"
409047;2022-01-16;"domingo";"17:45:00";"PR";116;126;"FAZENDA RIO GRANDE";"Condutor deixou de manter distância do veículo da frente";"Colisão traseira";"Sem Vítimas";"Pleno dia";"Decrescente";"Céu Claro";"Dupla";"Interseção de Vias";"Sim";3;0;0;0;2;1;0;3;-25,6409811;-49,31283452;"SPRF-PR";"DEL01-PR";"UOP03-DEL01-PR"
409048;2022-01-16;"domingo";"17:40:00";"PR";376;437,5;"TIBAGI";"Chuva";"Saída de leito carroçável";"Com Vítimas Feridas";"Pleno dia";"Crescente";"Chuva";"Dupla";"Curva";"Não";4;0;3;0;1;0;3;1;-24,84593393;-50,47413272;"SPRF-PR";"DEL03-PR";"UOP02-DEL03-PR"
409049;2022-01-16;"domingo";"17:45:00";"PR";116;127;"FAZENDA RIO GRANDE";"Condutor deixou de manter distância do veículo da frente";"Colisão traseira";"Sem Vítimas";"Pleno dia";"Decrescente";"Garoa/Chuvisco";"Dupla";"Reta";"Sim";2;0;0;0;2;0;0;2;-25,612752;-49,31859701;"SPRF-PR";"DEL01-PR";"UOP03-DEL01-PR"
409050;2022-01-16;"domingo";"15:00:00";"AC";364;265;"SENA MADUREIRA";"Ingestão de álcool e/ou substâncias psicoativas pelo pedestre";"Saída de leito carroçável";"Com Vítimas Feridas";"Pleno dia";"Decrescente";"Céu Claro";"Simples";"Reta";"Não";4;0;1;3;0;0;4;1;-9,11411301;-68,60928301;"SPRF-AC";"DEL01-AC";"UOP01-DEL01-AC"
409051;2022-01-16;"domingo";"16:35:00";"PI";343;306,8;"ALTOS";"Acessar a via sem observar a presença dos outros veículos";"Colisão transversal";"Com Vítimas Feridas";"Pleno dia";"Crescente";"Céu Claro";"Dupla";"Reta";"Sim";2;0;0;1;0;1;1;2;-5,038756;-42,450893;"SPRF-PI";"DEL01-PI";"UOP01-DEL01-PI"
409052;2022-01-16;"domingo";"16:05:00";"PE";423;101;"GARANHUNS";"Acessar a via sem observar a presença dos outros veículos";"Colisão lateral mesmo sentido";"Com Vítimas Feridas";"Pleno dia";"Decrescente";"Céu Claro";"Simples";"Reta";"Não";4;0;0;1;3;0;1;2;-8,874693;-36,529876;"SPRF-PE";"DEL03-PE";"UOP01-DEL03-PE"
409053;2022-01-16;"domingo";"18:00:00";"SP";116;509;"CAJATI";"Reação tardia ou ineficiente do condutor";"Colisão traseira";"Com Vítimas Feridas";"Anoitecer";"Decrescente";"Nublado";"Simples";"Curva";"Não";4;0;2;0;2;0;2;1;-24,827564;-48,208939;"SPRF-SP";"DEL05-SP";"UOP02-DEL05-SP"
409054;2022-01-16;"domingo";"17:00:00";"RS";290;3,3;"OSORIO";"Transitar no acostamento";"Colisão traseira";"Com Vítimas Feridas";"Pleno dia";"Decrescente";"Sol";"Múltipla";"Reta";"Não";3;0;0;1;2;0;1;2;-29,89832;-50,306404;"SPRF-RS";"DEL03-RS";"UOP01-DEL03-RS"
409055;2022-01-16;"domingo";"17:18:00";"RO";364;353,2;"JI-PARANA";"Ausência de reação do condutor";"Colisão traseira";"Com Vítimas Feridas";"Pleno dia";"Decrescente";"Céu Claro";"Simples";"Declive";"Não";3;0;1;0;2;0;1;2;-10,82470302;-62,01461304;"SPRF-RO";"DEL02-RO";"UOP01-DEL02-RO"
409056;2022-01-16;"domingo";"17:40:00";"TO";235;176;"TUPIRAMA";"Pista esburacada";"Saída de leito carroçável";"Com Vítimas Feridas";"Pleno dia";"Decrescente";"Nublado";"Simples";"Reta";"Não";2;0;2;0;0;0;2;1;-8,96704707;-48,27207204;"SPRF-TO";"DEL02-TO";"UOP02-DEL02-TO"