"id";"data_inversa";"dia_semana";"horario";"uf";"br";"km";"municipio";"causa_acidente";"tipo_acidente";"classificacao_acidente";"fase_dia";"sentido_via";"condicao_metereologica";"tipo_pista";"tracado_via";"uso_solo";"pessoas";"mortos";"feridos_leves";"feridos_graves";"ilesos";"ignorados";"feridos";"veiculos";"latitude";"longitude";"regional";"delegacia";"uop"
409057;2022-01-16;"domingo";"18:40:00";"RS";386;320;"MARQUES DE SOUZA";"Mal súbito do condutor";"Saída de leito carroçável";"Com Vítimas Feridas";"Pleno dia";"Crescente";"Céu Claro";"Simples";"Reta";"Não";1;0;1;0;0;0;1;1;-29,283596;-52,126743;"SPRF-RS";"DEL04-RS";"UOP01-DEL04-RS"
409058;2022-01-16;"domingo";"18:10:00";"RS";448;22;"PORTO ALEGRE";"Acumulo de água sobre o pavimento";"Colisão com objeto";"Com Vítimas Feridas";"Anoitecer";"Crescente";"Chuva";"Simples";"Curva";"Sim";2;0;1;0;1;0;1;1;-29,972212;-51,199139;"SPRF-RS";"DEL01-RS";"UOP01-DEL01-RS"
409059;2022-01-14;"sexta-feira";"16:20:00";"RS";116;264;"CANOAS";"Reação tardia ou ineficiente do condutor";"Colisão frontal";"Com Vítimas Feridas";"Pleno dia";"Decrescente";"Céu Claro";"Dupla";"Reta";"Sim";1;0;1;0;0;0;1;1;-29,914435;-51,17754495;"SPRF-RS";"DEL01-RS";"UOP01-DEL01-RS"
409060;2022-01-16;"domingo";"17:30:00";"SC";101;41,3;"JOINVILLE";"Desrespeitar a preferência no cruzamento";"Colisão transversal";"Sem Vítimas";"Pleno dia";"Decrescente";"Céu Claro";"Dupla";"Interseção de Vias";"Sim";4;0;0;0;4;0;0;2;-26,31884433;-48,87127519;"SPRF-SC";"DEL03-SC";"UOP01-DEL03-SC"
409061;2022-01-16;"domingo";"19:30:00";"ES";262;18,8;"VIANA";"Desrespeitar a preferência no cruzamento";"Colisão transversal";"Com Vítimas Feridas";"Plena Noite";"Crescente";"Céu Claro";"Simples";"Reta";"Sim";4;0;2;0;2;0;2;2;-20,39137228;-40,48080285;"SPRF-ES";"DEL01-ES";"UOP01-DEL01-ES"
409062;2022-01-16;"domingo";"18:00:00";"MT";174;545;"COMODORO";"Velocidade Incompatível";"Saída de leito carroçável";"Com Vítimas Feridas";"Pleno dia";"Decrescente";"Céu Claro";"Simples";"Reta";"Não";1;0;1;0;0;0;1;1;-13,154003;-59,87676;"SPRF-RO";"DEL04-RO";"UOP01-DEL04-RO"
409065;2022-01-16;"domingo";"18:30:00";"SC";280;57,2;"GUARAMIRIM";"Reação tardia ou ineficiente do condutor";"Tombamento";"Com Vítimas Feridas";"Pleno dia";"Decrescente";"Céu Claro";"Dupla";"Rotatória";"Não";1;0;1;0;0;0;1;1;-26,47811421;-49,01259213;"SPRF-SC";"DEL03-SC";"UOP03-DEL03-SC"
409066;2022-01-16;"domingo";"14:40:00";"MA";222;418;"SANTA LUZIA";"Pedestre cruzava a pista fora da faixa";"Atropelamento de Pedestre";"Com Vítimas Fatais";"Pleno dia";"Crescente";"Céu Claro";"Simples";"Reta";"Não";3;1;0;1;1;0;1;2;-4,01369499;-45,74001401;"SPRF-MA";"DEL02-MA";"UOP01-DEL02-MA"
409067;2022-01-16;"domingo";"17:45:00";"MG";381;485;"BETIM";"Ausência de reação do condutor";"Atropelamento de Pedestre";"Com Vítimas Feridas";"Pleno dia";"Crescente";"Céu Claro";"Dupla";"Reta";"Não";2;0;1;0;0;1;1;2;-19,95659361;-44,12622893;"SPRF-MG";"DEL01-MG";"UOP03-DEL01-MG"
409068;2022-01-16;"domingo";"18:47:00";"MG";116;406,8;"GOVERNADOR VALADARES";"Desrespeitar a preferência no cruzamento";"Colisão transversal";"Com Vítimas Feridas";"Plena Noite";"Decrescente";"Céu Claro";"Simples";"Reta";"Não";2;0;1;1;0;0;2;2;-18,82669347;-41,98753335;"SPRF-MG";"DEL06-MG";"UOP01-DEL06-MG"
409069;2022-01-16;"domingo";"20:00:00";"SC";470;135,4;"RIO DO SUL";"Ingestão de álcool pelo condutor";"Colisão traseira";"Com Vítimas Feridas";"Plena Noite";"Crescente";"Chuva";"Simples";"Reta";"Sim";2;0;0;1;1;0;1;2;-27,188492;-49,61232;"SPRF-SC";"DEL04-SC";"UOP02-DEL04-SC"
409070;2022-01-16;"domingo";"19:30:00";"AL";316;80;"SANTANA DO IPANEMA";"Avarias e/ou desgaste excessivo no pneu";"Queda de ocupante de veículo";"Com Vítimas Feridas";"Plena Noite";"Decrescente";"Céu Claro";"Simples";"Reta";"Não";2;0;2;0;0;0;2;1;-9,34593712;-37,2781092;"SPRF-AL";"DEL03-AL";"UOP02-DEL03-AL"
409071;2022-01-16;"domingo";"19:00:00";"MG";262;791,8;"UBERABA";"Condutor deixou de manter distância do veículo da frente";"Colisão lateral mesmo sentido";"Com Vítimas Feridas";"Plena Noite";"Crescente";"Garoa/Chuvisco";"Simples";"Reta";"Não";2;0;1;1;0;0;2;2;-19,76328194;-47,85919501;"SPRF-MG";"DEL13-MG";"UOP01-DEL13-MG"
409072;2022-01-16;"domingo";"20:00:00";"PR";277;34;"MORRETES";"Pista Escorregadia";"Colisão com objeto";"Com Vítimas Feridas";"Plena Noite";"Crescente";"Chuva";"Dupla";"Curva";"Não";3;0;1;0;2;0;1;2;-25,547373;-48,790559;"SPRF-PR";"DEL01-PR";"UOP05-DEL01-PR"
409073;2022-01-16;"domingo";"20:00:00";"SC";101;27,6;"JOINVILLE";"Ausência de reação do condutor";"Colisão com objeto";"Com Vítimas Feridas";"Plena Noite";"Crescente";"Nublado";"Dupla";"Reta";"Sim";1;0;1;0;0;0;1;1;-26,20542735;-48,91460896;"SPRF-SC";"DEL03-SC";"UOP01-DEL03-SC"
409074;2022-01-16;"domingo";"14:40:00";"SC";282;484,4;"FAXINAL DOS GUEDES";"Ausência de reação do condutor";"Tombamento";"Com Vítimas Feridas";"Pleno dia";"Decrescente";"Céu Claro";"Simples";"Reta";"Sim";3;0;2;0;0;1;2;2;-26,861582;-52,237385;"SPRF-SC";"DEL07-SC";"UOP01-DEL07-SC"
409076;2022-01-16;"domingo";"19:25:00";"PR";277;687,6;"SAO MIGUEL DO IGUACU";"Ingestão de álcool pelo condutor";"Colisão com objeto";"Sem Vítimas";"Anoitecer";"Decrescente";"Céu Claro";"Dupla";"Reta;Declive";"Não";3;0;0;0;2;1;0;2;-25,34377452;-54,22446208;"SPRF-PR";"DEL05-PR";"UOP01-DEL05-PR"
409078;2022-01-16;"domingo";"20:30:00";"GO";40;10,4;"LUZIANIA";"Frear bruscamente";"Queda de ocupante de veículo";"Com Vítimas Feridas";"Plena Noite";"Crescente";"Céu Claro";"Dupla";"Reta";"Sim";1;0;1;0;0;0;1;1;-16,131285;-47,957923;"SPRF-DF";"DEL01-DF";"UOP01-DEL01-DF"
409079;2022-01-16;"domingo";"19:40:00";"BA";101;81;"ENTRE RIOS";"Transitar na contramão";"Colisão frontal";"Com Vítimas Fatais";"Plena Noite";"Crescente";"Céu Claro";"Simples";"Reta";"Não";2;1;0;0;0;1;0;2;-12,02371904;-38,28277996;"SPRF-BA";"DEL01-BA";"UOP04-DEL01-BA"
409080;2022-01-16;"domingo";"20:30:00";"MG";116;415,8;"GOVERNADOR VALADARES";"Velocidade Incompatível";"Tombamento";"Com Vítimas Feridas";"Pleno dia";"Decrescente";"Céu Claro";"Simples";"Reta";"Sim";1;0;0;1;0;0;1;1;-18,88401297;-41,94924399;"SPRF-MG";"DEL06-MG";"UOP01-DEL06-MG"
409082;2022-01-16;"domingo";"20:40:00";"RJ";116;144;"DUQUE DE CAXIAS";"Ausência de reação do condutor";"Colisão com objeto";"Com Vítimas Feridas";"Plena Noite";"Decrescente";"Chuva";"Múltipla";"Retorno Regulamentado";"Sim";4;0;1;0;3;0;1;1;-22,672198;-43,284836;"SPRF-RJ";"DEL01-RJ";"UOP01-DEL01-RJ"
409085;2022-01-16;"domingo";"20:50:00";"RS";386;439;"NOVA SANTA RITA";"Chuva";"Colisão com objeto";"Sem Vítimas";"Plena Noite";"Crescente";"Chuva";"Dupla";"Curva";"Não";1;0;0;0;0;1;0;1;-29,871458;-51,248714;"SPRF-RS";"DEL04-RS";"UOP02-DEL04-RS"
409146;2022-01-16;"domingo";"21:20:00";"RS";290;29;"SANTO ANTONIO DA PATRULHA";"Animais na Pista";"Saída de leito carroçável";"Com Vítimas Feridas";"Plena Noite";"Decrescente";"Chuva";"Dupla";"Reta";"Não";2;0;1;0;1;0;1;2;-29,883329;-50,54509;"SPRF-RS";"DEL03-RS";"UOP01-DEL03-RS"
409170;2022-01-16;"domingo";"21:30:00";"SP";116;132,5;"CACAPAVA";"Demais falhas mecânicas ou elétricas";"Incêndio";"Sem Vítimas";"Plena Noite";"Decrescente";"Nublado";"Dupla";"Reta";"Não";1;0;0;0;1;0;0;1;-23,13169757;-45,74481322;"SPRF-SP";"DEL02-SP";"UOP02-DEL02-SP"
409197;2022-01-16;"domingo";"18:45:00";"PR";376;525;"PONTA GROSSA";"Velocidade Incompatível";"Saída de leito carroçável";"Sem Vítimas";"Plena Noite";"Decrescente";"Chuva";"Dupla";"Curva";"Não";1;0;0;0;1;0;0;1;-25,31565784;-49,87766188;"SPRF-PR";"DEL03-PR";"UOP01-DEL03-PR"
409198;2022-01-16;"domingo";"21:40:00";"RJ";116;134;"MAGE";"Reação tardia ou ineficiente do condutor";"Colisão traseira";"Sem Vítimas";"Plena Noite";"Decrescente";"Céu Claro";"Dupla";"Reta";"Sim";2;0;0;0;2;0;0;2;-22,65368834;-43,153534;"SPRF-RJ";"DEL04-RJ";"UOP02-DEL04-RJ"
409199;2022-01-16;"domingo";"20:30:00";"MG";459;8,6;"CALDAS";"Ingestão de álcool pelo condutor";"Tombamento";"Com Vítimas Feridas";"Plena Noite";"Decrescente";"Nublado";"Simples";"Curva";"Não";1;0;1;0;0;0;1;1;-21,814333;-46,469636;"SPRF-MG";"DEL09-MG";"UOP01-DEL09-MG"
409200;2022-01-16;"domingo";"21:30:00";"SC";470;40;"GASPAR";"Ausência de reação do condutor";"Colisão traseira";"Sem Vítimas";"Plena Noite";"Crescente";"Nublado";"Simples";"Reta";"Não";3;0;0;0;3;0;0;3;-26,889574;-48,99094;"SPRF-SC";"DEL04-SC";"UOP01-DEL04-SC"
409201;2022-01-16;"domingo";"16:45:00";"MG";50;204;"DELTA";"Acumulo de água sobre o pavimento";"Saída de leito carroçável";"Com Vítimas Feridas";"Pleno dia";"Decrescente";"Chuva";"Dupla";"Declive;Reta";"Não";4;0;1;0;3;0;1;1;-19,92627147;-47,82191068;"SPRF-MG";"DEL13-MG";"UOP01-DEL13-MG"
409202;2022-01-16;"domingo";"18:20:00";"PE";101;80;"JABOATAO DOS GUARARAPES";"Ingestão de álcool pelo condutor";"Colisão lateral mesmo sentido";"Sem Vítimas";"Plena Noite";"Decrescente";"Céu Claro";"Múltipla";"Aclive;Reta";"Sim";2;0;0;0;2;0;0;2;-8,15404572;-34,94180739;"SPRF-PE";"DEL01-PE";"UOP01-DEL01-PE"
409208;2022-01-16;"domingo";"21:55:00";"RS";158;199,3;"CRUZ ALTA";"Ingestão de álcool pelo condutor";"Colisão frontal";"Com Vítimas Feridas";"Plena Noite";"Decrescente";"Céu Claro";"Simples";"Reta";"Não";4;0;2;0;2;0;2;2;-28,6774444;-53,5948552;"SPRF-RS";"DEL10-RS";"UOP02-DEL10-RS"
409209;2022-01-16;"domingo";"20:55:00";"MT";163;832;"SINOP";"Ausência de reação do condutor";"Colisão com objeto";"Com Vítimas Feridas";"Plena Noite";"Crescente";"Céu Claro";"Dupla";"Rotatória;Retorno Regulamentado;Interseção de Vias";"Sim";1;0;1;0;0;0;1;1;-12,0138;-55,51719;"SPRF-MT";"DEL06-MT";"UOP01-DEL06-MT"
409225;2022-01-16;"domingo";"15:20:00";"MA";230;83;"SAO JOAO DOS PATOS";"Reação tardia ou ineficiente do condutor";"Colisão traseira";"Com Vítimas Feridas";"Pleno dia";"Decrescente";"Céu Claro";"Simples";"Reta";"Não";3;0;1;0;2;0;1;2;-6,49053762;-43,62915604;"SPRF-PI";"DEL03-PI";"UOP01-DEL03-PI"
409229;2022-01-16;"domingo";"21:35:00";"SC";282;16,3;"PALHOCA";"Acessar a via sem observar a presença dos outros veículos";"Colisão transversal";"Com Vítimas Feridas";"Plena Noite";"Crescente";"Céu Claro";"Simples";"Reta";"Não";2;0;1;0;1;0;1;2;-27,66172186;-48,6846149;"SPRF-SC";"DEL01-SC";"UOP02-DEL01-SC"
409298;2022-01-16;"domingo";"21:40:00";"PR";376;179,1;"MARINGA";"Ingestão de álcool pelo condutor";"Colisão traseira";"Sem Vítimas";"Plena Noite";"Crescente";"Céu Claro";"Dupla";"Reta";"Sim";2;0;0;0;2;0;0;2;-23,42244278;-51,90360392;"SPRF-PR";"DEL09-PR";"UOP01-DEL09-PR"
409301;2022-01-16;"domingo";"21:00:00";"PE";407;125,7;"PETROLINA";"Reação tardia ou ineficiente do condutor";"Atropelamento de Pedestre";"Com Vítimas Feridas";"Plena Noite";"Crescente";"Céu Claro";"Dupla";"Reta";"Sim";2;0;0;1;0;1;1;2;-9,37739336;-40,53595733;"SPRF-PE";"DEL06-PE";"UOP01-DEL06-PE"
409311;2022-01-16;"domingo";"22:10:00";"MA";316;424;"PERITORO";"Ingestão de álcool pelo condutor";"Saída de leito carroçável";"Sem Vítimas";"Plena Noite";"Decrescente";"Céu Claro";"Simples";"Reta";"Sim";1;0;0;0;1;0;0;1;-4,37054;-44,340851;"SPRF-MA";"DEL03-MA";"UOP01-DEL03-MA"
409327;2022-01-16;"domingo";"23:30:00";"GO";60;92;"ANAPOLIS";"Avarias e/ou desgaste excessivo no pneu";"Queda de ocupante de veículo";"Com Vítimas Feridas";"Plena Noite";"Decrescente";"Céu Claro";"Dupla";"Reta";"Sim";2;0;2;0;0;0;2;1;-16,353;-48,9178;"SPRF-GO";"DEL02-GO";"UOP01-DEL02-GO"
409328;2022-01-16;"domingo";"22:35:00";"AL";316;182;"BELEM";"Reação tardia ou ineficiente do condutor";"Colisão frontal";"Com Vítimas Fatais";"Plena Noite";"Crescente";"Nublado";"Simples";"Curva";"Não";3;1;0;1;0;1;1;2;-9,59587898;-36,47445999;"SPRF-AL";"DEL03-AL";"UOP01-DEL03-AL"
409329;2022-01-16;"domingo";"17:30:00";"MG";365;830;"SANTA VITORIA";"Reação tardia ou ineficiente do condutor";"Colisão frontal";"Com Vítimas Feridas";"Pleno dia";"Decrescente";"Nublado";"Simples";"Reta";"Não";4;0;4;0;0;0;4;2;-18,89211;-50,16722;"SPRF-MG";"DEL15-MG";"UOP03-DEL15-MG"
409330;2022-01-16;"domingo";"20:00:00";"MG";262;369;"JUATUBA";"Ingestão de álcool pelo condutor";"Tombamento";"Sem Vítimas";"Plena Noite";"Crescente";"Nublado";"Simples";"Viaduto;Curva";"Não";1;0;0;0;0;1;0;1;-19,9580919;-44,34078615;"SPRF-MG";"DEL01-MG";"UOP03-DEL01-MG"
409334;2022-01-17;"segunda-feira";"00:00:00";"PR";277;430;"VIRMOND";"Ultrapassagem Indevida";"Colisão frontal";"Com Vítimas Fatais";"Plena Noite";"Crescente";"Céu Claro";"Simples";"Curva";"Não";2;1;0;0;1;0;0;2;-25,37892013;-52,19388395;"SPRF-PR";"DEL04-PR";"UOP02-DEL04-PR"
409336;2022-01-16;"domingo";"23:30:00";"PB";104;115,1;"LAGOA SECA";"Animais na Pista";"Atropelamento de Animal";"Com Vítimas Fatais";"Plena Noite";"Crescente";"Nublado";"Simples";"Reta;Declive";"Não";1;1;0;0;0;0;0;1;-7,1669585;-35,8584709;"SPRF-PB";"DEL02-PB";"UOP04-DEL02-PB"
409337;2022-01-16;"domingo";"21:00:00";"RS";153;412;"CACHOEIRA DO SUL";"Transitar no acostamento";"Atropelamento de Pedestre";"Com Vítimas Feridas";"Plena Noite";"Decrescente";"Céu Claro";"Simples";"Reta";"Não";5;0;4;0;0;1;4;5;-30,06381996;-52,89449215;"SPRF-RS";"DEL02-RS";"UOP03-DEL02-RS"
409339;2022-01-17;"segunda-feira";"01:00:00";"MG";459;83,9;"CONGONHAL";"Ingestão de álcool e/ou substâncias psicoativas pelo pedestre";"Colisão com objeto";"Com Vítimas Feridas";"Plena Noite";"Decrescente";"Céu Claro";"Simples";"Reta";"Não";1;0;1;0;0;0;1;1;-22,154463;-46,071995;"SPRF-MG";"DEL09-MG";"UOP01-DEL09-MG"
409340;2022-01-16;"domingo";"22:30:00";"RS";116;339;"TAPES";"Chuva";"Saída de leito carroçável";"Sem Vítimas";"Plena Noite";"Decrescente";"Chuva";"Simples";"Em Obras";"Não";1;0;0;0;1;0;0;1;-30,63466261;-51,55042648;"SPRF-RS";"DEL02-RS";"UOP02-DEL02-RS"
409342;2022-01-16;"domingo";"22:10:00";"RJ";101;435;"MANGARATIBA";"Pista Escorregadia";"Colisão frontal";"Com Vítimas Feridas";"Plena Noite";"Decrescente";"Chuva";"Simples";"Curva";"Não";5;0;4;0;1;0;4;2;-22,93945885;-44,0529249;"SPRF-RJ";"DEL03-RJ";"UOP03-DEL03-RJ"
409343;2022-01-17;"segunda-feira";"00:40:00";"PR";476;148;"ARAUCARIA";"Condutor deixou de manter distância do veículo da frente";"Colisão traseira";"Sem Vítimas";"Plena Noite";"Crescente";"Céu Claro";"Dupla";"Reta";"Sim";2;0;0;0;2;0;0;2;-25,557121;-49,348732;"SPRF-PR";"DEL01-PR";"UOP03-DEL01-PR"
409344;2022-01-16;"domingo";"21:30:00";"PE";232;83;"GRAVATA";"Velocidade Incompatível";"Queda de ocupante de veículo";"Com Vítimas Fatais";"Plena Noite";"Crescente";"Nublado";"Simples";"Declive";"Sim";2;1;0;1;0;0;1;1;-8,2024868;-35,59542005;"SPRF-PE";"DEL02-PE";"UOP02-DEL02PE"
409346;2022-01-17;"segunda-feira";"01:10:00";"PR";277;728;"FOZ DO IGUACU";"Ausência de reação do condutor";"Saída de leito carroçável";"Com Vítimas Feridas";"Plena Noite";"Crescente";"Céu Claro";"Dupla";"Viaduto";"Sim";2;0;1;0;1;0;1;1;-25,5097634;-54,57387201;"SPRF-PR";"DEL05-PR";"UOP03-DEL05-PR"
409347;2022-01-17;"segunda-feira";"02:00:00";"GO";153;504;"APARECIDA DE GOIANIA";"Acesso irregular";"Colisão com objeto";"Sem Vítimas";"Plena Noite";"Crescente";"Céu Claro";"Dupla";"Reta";"Sim";1;0;0;0;1;0;0;1;-16,7451;-49,2408;"SPRF-GO";"DEL01-GO";"UOP01-DEL01-GO"
409350;2022-01-17;"segunda-feira";"00:30:00";"MG";262;406,4;"PARA DE MINAS";"Condutor Dormindo";"Saída de leito carroçável";"Com Vítimas Feridas";"Plena Noite";"Crescente";"Nublado";"Dupla";"Aclive";"Não";1;0;0;1;0;0;1;1;-19,88649;-44,599007;"SPRF-MG";"DEL01-MG";"UOP03-DEL01-MG"
409352;2022-01-17;"segunda-feira";"01:40:00";"MT";163;807;"VERA";"Ingestão de álcool pelo condutor";"Saída de leito carroçável";"Sem Vítimas";"Plena Noite";"Crescente";"Céu Claro";"Simples";"Reta";"Não";1;0;0;0;1;0;0;1;-12,23057313;-55,54521057;"SPRF-MT";"DEL06-MT";"UOP01-DEL06-MT"
409354;2022-01-17;"segunda-feira";"02:45:00";"GO";153;641;"MORRINHOS";"Animais na Pista";"Atropelamento de Animal";"Sem Vítimas";"Plena Noite";"Crescente";"Céu Claro";"Dupla";"Reta";"Não";2;0;0;0;2;0;0;1;-17,8883;-49,2333;"SPRF-GO";"DEL03-GO";"UOP01-DEL03-GO"
409355;2022-01-16;"domingo";"23:50:00";"MT";163;1067;"GUARANTA DO NORTE";"Ingestão de álcool pelo condutor";"Capotamento";"Sem Vítimas";"Plena Noite";"Decrescente";"Céu Claro";"Dupla";"Reta";"Sim";1;0;0;0;1;0;0;1;-10,06966899;-54,90642513;"SPRF-MT";"DEL06-MT";"NPF/DEL06-MT"
409357;2022-01-16;"domingo";"22:20:00";"RJ";356;98,2;"CARDOSO MOREIRA";"Ingestão de álcool pelo condutor";"Colisão lateral sentido oposto";"Com Vítimas Feridas";"Plena Noite";"Crescente";"Céu Claro";"Simples";"Reta";"Não";2;0;1;0;1;0;1;2;-21,519121;-41,547973;"SPRF-RJ";"DEL08-RJ";"UOP03-DEL08-RJ"
409360;2022-01-17;"segunda-feira";"04:29:00";"SC";101;204;"SAO JOSE";"Velocidade Incompatível";"Colisão traseira";"Com Vítimas Feridas";"Plena Noite";"Decrescente";"Céu Claro";"Múltipla";"Reta";"Sim";4;0;4;0;0;0;4;2;-27,57413014;-48,61363083;"SPRF-SC";"DEL01-SC";"UOP01-DEL01-SC"
409361;2022-01-16;"domingo";"23:00:00";"ES";101;260;"SERRA";"Ausência de reação do condutor";"Saída de leito carroçável";"Com Vítimas Feridas";"Plena Noite";"Crescente";"Céu Claro";"Dupla";"Curva";"Sim";1;0;1;0;0;0;1;1;-20,14616415;-40,28836206;"SPRF-ES";"DEL02-ES";"UOP01-DEL02-ES"
409374;2022-01-16;"domingo";"20:20:00";"PE";104;80,8;"AGRESTINA";"Reação tardia ou ineficiente do condutor";"Colisão traseira";"Com Vítimas Feridas";"Plena Noite";"Decrescente";"Céu Claro";"Simples";"Reta";"Não";4;0;3;0;0;1;3;2;-8,397874;-35,973396;"SPRF-PE";"DEL02-PE";"UOP01-DEL02-PE"
409375;2022-01-17;"segunda-feira";"04:00:00";"RJ";116;40;"TERESOPOLIS";"Velocidade Incompatível";"Tombamento";"Sem Vítimas";"Plena Noite";"Crescente";"Nublado";"Simples";"Curva";"Não";1;0;0;0;0;1;0;1;-22,133427;-42,779522;"SPRF-RJ";"DEL04-RJ";"UOP01-DEL04-RJ"
409376;2022-01-17;"segunda-feira";"06:40:00";"CE";20;297;"CANINDE";"Pista esburacada";"Colisão traseira";"Com Vítimas Feridas";"Amanhecer";"Crescente";"Céu Claro";"Simples";"Reta";"Não";1;0;1;0;0;0;1;1;-4,43990397;-39,33438205;"SPRF-CE";"DEL02-CE";"UOP01-DEL02-CE"
409378;2022-01-17;"segunda-feira";"06:40:00";"SC";101;212,2;"PALHOCA";"Trafegar com motocicleta (ou similar) entre as faixas";"Colisão lateral mesmo sentido";"Com Vítimas Feridas";"Pleno dia";"Decrescente";"Céu Claro";"Dupla";"Reta";"Não";2;0;1;0;0;1;1;2;-27,63519696;-48,66343617;"SPRF-SC";"DEL01-SC";"UOP02-DEL01-SC"
409381;2022-01-17;"segunda-feira";"07:00:00";"ES";101;265,1;"SERRA";"Condutor deixou de manter distância do veículo da frente";"Colisão traseira";"Com Vítimas Feridas";"Pleno dia";"Crescente";"Céu Claro";"Dupla";"Reta";"Não";2;0;1;1;0;0;2;2;-20,1816849;-40,26536036;"SPRF-ES";"DEL02-ES";"UOP01-DEL02-ES"
409383;2022-01-17;"segunda-feira";"05:25:00";"MG";262;53,5;"MANHUACU";"Ingestão de álcool pelo condutor";"Saída de leito carroçável";"Com Vítimas Feridas";"Amanhecer";"Crescente";"Nublado";"Simples";"Reta";"Não";1;0;1;0;0;0;1;1;-20,25369201;-42,15987098;"SPRF-MG";"DEL06-MG";"UOP03-DEL06-MG"
409384;2022-01-17;"segunda-feira";"02:20:00";"ES";482;80,5;"ALEGRE";"Condutor Dormindo";"Tombamento";"Com Vítimas Feridas";"Plena Noite";"Decrescente";"Ignorado";"Simples";"Reta";"Não";1;0;1;0;0;0;1;1;-20,76443281;-41,50872507;"SPRF-ES";"DEL03-ES";"UOP02-DEL03-ES"
409385;2022-01-17;"segunda-feira";"06:45:00";"SP";116;151,9;"SAO JOSE DOS CAMPOS";"Mal súbito do condutor";"Colisão com objeto";"Sem Vítimas";"Pleno dia";"Crescente";"Céu Claro";"Dupla";"Reta";"Sim";1;0;0;0;1;0;0;1;-23,21980694;-45,89991605;"SPRF-SP";"DEL02-SP";"UOP01-DEL02-SP"
409390;2022-01-17;"segunda-feira";"07:20:00";"SC";101;212,2;"PALHOCA";"Manobra de mudança de faixa";"Colisão lateral mesmo sentido";"Com Vítimas Feridas";"Pleno dia";"Decrescente";"Céu Claro";"Múltipla";"Reta";"Sim";3;0;0;2;1;0;2;2;-27,62996929;-48,65903871;"SPRF-SC";"DEL01-SC";"UOP02-DEL01-SC"
409391;2022-01-17;"segunda-feira";"06:45:00";"MG";116;411,2;"GOVERNADOR VALADARES";"Conversão proibida";"Colisão transversal";"Com Vítimas Feridas";"Pleno dia";"Decrescente";"Céu Claro";"Dupla";"Reta";"Sim";3;0;1;1;1;0;2;2;-18,858917;-41,974628;"SPRF-MG";"DEL06-MG";"UOP01-DEL06-MG"
409393;2022-01-17;"segunda-feira";"07:40:00";"PR";277;591,9;"CASCAVEL";"Velocidade Incompatível";"Queda de ocupante de veículo";"Com Vítimas Feridas";"Pleno dia";"Crescente";"Céu Claro";"Simples";"Declive";"Sim";1;0;1;0;0;0;1;1;-24,98492995;-53,4649229;"SPRF-PR";"DEL04-PR";"UOP01-DEL04-PR"
409394;2022-01-17;"segunda-feira";"08:00:00";"RJ";101;321;"NITEROI";"Acesso irregular";"Colisão transversal";"Com Vítimas Feridas";"Pleno dia";"Crescente";"Céu Claro";"Simples";"Reta";"Sim";2;0;1;0;1;0;1;2;-22,86981096;-43,11046465;"SPRF-RJ";"DEL02-RJ";"UOP02-DEL02-RJ"
409395;2022-01-17;"segunda-feira";"07:20:00";"SC";101;41,3;"JOINVILLE";"Reação tardia ou ineficiente do condutor";"Colisão traseira";"Com Vítimas Feridas";"Pleno dia";"Decrescente";"Céu Claro";"Dupla";"Reta";"Sim";1;0;1;0;0;0;1;1;-26,28215489;-48,88973081;"SPRF-SC";"DEL03-SC";"UOP01-DEL03-SC"
409398;2022-01-17;"segunda-feira";"08:00:00";"PE";424;101;"GARANHUNS";"Condutor deixou de manter distância do veículo da frente";"Colisão traseira";"Com Vítimas Feridas";"Pleno dia";"Crescente";"Céu Claro";"Simples";"Interseção de Vias";"Não";2;0;1;0;1;0;1;2;-8,96537965;-36,51714353;"SPRF-PE";"DEL03-PE";"UOP01-DEL03-PE"
409399;2022-01-17;"segunda-feira";"08:25:00";"RN";101;107,7;"PARNAMIRIM";"Manobra de mudança de faixa";"Colisão traseira";"Com Vítimas Feridas";"Pleno dia";"Decrescente";"Sol";"Múltipla";"Reta";"Sim";2;0;1;0;1;0;1;2;-5,92330386;-35,2647078;"SPRF-RN";"DEL01-RN";"UOP01-DEL01-RN"
409404;2022-01-17;"segunda-feira";"08:45:00";"MG";40;521;"CONTAGEM";"Reação tardia ou ineficiente do condutor";"Tombamento";"Com Vítimas Feridas";"Pleno dia";"Crescente";"Céu Claro";"Dupla";"Curva";"Não";2;0;2;0;0;0;2;1;-19,85651501;-44,07213222;"SPRF-MG";"DEL01-MG";"UOP02-DEL01-MG"
409407;2022-01-17;"segunda-feira";"09:00:00";"PR";277;322,7;"GUARAPUAVA";"Ultrapassagem Indevida";"Colisão lateral mesmo sentido";"Sem Vítimas";"Pleno dia";"Crescente";"Sol";"Simples";"Reta";"Não";2;0;0;0;2;0;0;2;-25,35708881;-51,23746716;"SPRF-PR";"DEL08-PR";"UOP01-DEL08-PR"
409408;2022-01-17;"segunda-feira";"06:40:00";"AC";364;124;"RIO BRANCO";"Acesso irregular";"Colisão transversal";"Com Vítimas Feridas";"Pleno dia";"Crescente";"Céu Claro";"Simples";"Rotatória";"Sim";2;0;1;1;0;0;2;2;-10,01152469;-67,79140099;"SPRF-AC";"DEL01-AC";"UOP01-DEL01-AC"
409410;2022-01-17;"segunda-feira";"09:40:00";"RJ";101;66;"CAMPOS DOS GOYTACAZES";"Entrada inopinada do pedestre";"Atropelamento de Pedestre";"Com Vítimas Feridas";"Pleno dia";"Decrescente";"Céu Claro";"Simples";"Reta";"Sim";2;0;1;0;1;0;1;2;-21,76090387;-41,34788959;"SPRF-RJ";"DEL08-RJ";"UOP02-DEL08-RJ"