"id";"data_inversa";"dia_semana";"horario";"uf";"br";"km";"municipio";"causa_acidente";"tipo_acidente";"classificacao_acidente";"fase_dia";"sentido_via";"condicao_metereologica";"tipo_pista";"tracado_via";"uso_solo";"pessoas";"mortos";"feridos_leves";"feridos_graves";"ilesos";"ignorados";"feridos";"veiculos";"latitude";"longitude";"regional";"delegacia";"uop"
409411;2022-01-17;"segunda-feira";"09:20:00";"CE";116;17;"FORTALEZA";"Manobra de mudança de faixa";"Colisão lateral mesmo sentido";"Com Vítimas Feridas";"Pleno dia";"Crescente";"Garoa/Chuvisco";"Dupla";"Reta";"Sim";4;0;1;0;1;2;1;4;-3,89617918;-38,50336042;"SPRF-CE";"DEL01-CE";"UOP02-DEL01-CE"
409415;2022-01-15;"sábado";"03:30:00";"RS";116;92;"CAMPESTRE DA SERRA";"Reação tardia ou ineficiente do condutor";"Capotamento";"Sem Vítimas";"Plena Noite";"Decrescente";"Nublado";"Simples";"Curva";"Não";1;0;0;0;0;1;0;1;-28,87036611;-51,1251221;"SPRF-RS";"DEL05-RS";"UOP03-DEL05-RS"
409417;2022-01-17;"segunda-feira";"10:30:00";"PR";376;596,5;"CURITIBA";"Velocidade Incompatível";"Capotamento";"Com Vítimas Feridas";"Pleno dia";"Decrescente";"Céu Claro";"Dupla";"Reta";"Sim";1;0;1;0;0;0;1;1;-25,50194708;-49,3415524;"SPRF-PR";"DEL01-PR";"UOP01-DEL01-PR"
409420;2022-01-17;"segunda-feira";"08:10:00";"PE";232;203,2;"PESQUEIRA";"Conversão proibida";"Colisão lateral mesmo sentido";"Sem Vítimas";"Pleno dia";"Decrescente";"Sol";"Simples";"Reta";"Não";2;0;0;0;2;0;0;2;-8,37188729;-36,63471898;"SPRF-PE";"DEL03-PE";"UOP02-DEL03-PE"
409421;2022-01-17;"segunda-feira";"11:20:00";"MG";381;496,1;"BETIM";"Estacionar ou parar em local proibido";"Engavetamento";"Com Vítimas Feridas";"Pleno dia";"Decrescente";"Céu Claro";"Dupla";"Viaduto";"Não";5;0;1;0;4;0;1;5;-19,99676497;-44,20958506;"SPRF-MG";"DEL01-MG";"UOP03-DEL01-MG"
409422;2022-01-17;"segunda-feira";"09:10:00";"PE";408;41,4;"NAZARE DA MATA";"Condutor Dormindo";"Colisão lateral sentido oposto";"Com Vítimas Feridas";"Pleno dia";"Crescente";"Céu Claro";"Simples";"Curva";"Não";2;0;1;1;0;0;2;2;-7,66168;-35,250234;"SPRF-PE";"DEL01-PE";"UOP02-DEL01-PE"
409425;2022-01-17;"segunda-feira";"11:30:00";"RJ";116;167;"SAO JOAO DE MERITI";"Ausência de reação do condutor";"Colisão lateral mesmo sentido";"Com Vítimas Feridas";"Pleno dia";"Crescente";"Céu Claro";"Múltipla";"Reta";"Sim";2;0;1;0;1;0;1;1;-22,81803977;-43,30787252;"SPRF-RJ";"DEL01-RJ";"UOP01-DEL01-RJ"
409435;2022-01-17;"segunda-feira";"10:30:00";"MT";174;18;"PONTES E LACERDA";"Demais falhas mecânicas ou elétricas";"Queda de ocupante de veículo";"Com Vítimas Feridas";"Pleno dia";"Decrescente";"Céu Claro";"Simples";"Reta";"Não";1;0;1;0;0;0;1;1;-15,18281974;-59,44290161;"SPRF-MT";"DEL04-MT";"UOP01-DEL04-MT"
409438;2022-01-17;"segunda-feira";"09:45:00";"BA";101;548;"ARATACA";"Mal súbito do condutor";"Tombamento";"Com Vítimas Feridas";"Pleno dia";"Crescente";"Céu Claro";"Simples";"Aclive";"Não";1;0;0;1;0;0;1;1;-15,25972671;-39,46087217;"SPRF-BA";"DEL05-BA";"UOP01-DEL05-BA"
409439;2022-01-17;"segunda-feira";"13:15:00";"SC";101;134,5;"BALNEARIO CAMBORIU";"Condutor deixou de manter distância do veículo da frente";"Colisão traseira";"Com Vítimas Feridas";"Pleno dia";"Crescente";"Céu Claro";"Múltipla";"Reta";"Sim";2;0;1;0;1;0;1;2;-27,00218;-48,636433;"SPRF-SC";"DEL04-SC";"UOP03-DEL04-SC"
409440;2022-01-16;"domingo";"23:20:00";"MS";376;87,3;"DEODAPOLIS";"Animais na Pista";"Atropelamento de Animal";"Sem Vítimas";"Plena Noite";"Crescente";"Céu Claro";"Simples";"Reta";"Não";4;0;0;0;4;0;0;1;-22,29266583;-54,12640293;"SPRF-MS";"DEL04-MS";"UOP04-DEL04-MS"
409445;2022-01-17;"segunda-feira";"14:25:00";"SP";116;189,4;"SANTA ISABEL";"Avarias e/ou desgaste excessivo no pneu";"Tombamento";"Com Vítimas Feridas";"Pleno dia";"Crescente";"Céu Claro";"Múltipla";"Reta";"Não";1;0;1;0;0;0;1;1;-23,36435234;-46,22488684;"SPRF-SP";"DEL01-SP";"UOP01-DEL01-SP"
409446;2022-01-17;"segunda-feira";"14:30:00";"RJ";101;319;"NITEROI";"Avarias e/ou desgaste excessivo no pneu";"Queda de ocupante de veículo";"Com Vítimas Feridas";"Pleno dia";"Crescente";"Sol";"Simples";"Reta";"Sim";2;0;2;0;0;0;2;1;-22,85411774;-43,1018014;"SPRF-RJ";"DEL02-RJ";"UOP02-DEL02-RJ"
409449;2022-01-17;"segunda-feira";"14:30:00";"SC";101;48,5;"JOINVILLE";"Entrada inopinada do pedestre";"Atropelamento de Pedestre";"Com Vítimas Feridas";"Pleno dia";"Crescente";"Sol";"Simples";"Aclive";"Sim";2;0;0;1;1;0;1;2;-26,35345909;-48,85867862;"SPRF-SC";"DEL03-SC";"UOP01-DEL03-SC"
409452;2022-01-17;"segunda-feira";"15:25:00";"GO";80;25;"PADRE BERNARDO";"Ingestão de álcool pelo condutor";"Colisão lateral mesmo sentido";"Sem Vítimas";"Pleno dia";"Crescente";"Céu Claro";"Dupla";"Reta";"Sim";6;0;0;0;6;0;0;2;-15,337575;-48,233721;"SPRF-DF";"DEL03-DF";"UOP02-DEL03-DF"
409454;2022-01-17;"segunda-feira";"12:20:00";"MA";135;61;"SANTA RITA";"Condutor deixou de manter distância do veículo da frente";"Colisão traseira";"Com Vítimas Feridas";"Pleno dia";"Crescente";"Garoa/Chuvisco";"Simples";"Reta";"Sim";3;0;2;0;1;0;2;2;-3,06101506;-44,3210517;"SPRF-MA";"DEL01-MA";"UOP02-DEL01-MA"
409457;2022-01-17;"segunda-feira";"15:30:00";"SC";101;234;"PALHOCA";"Reação tardia ou ineficiente do condutor";"Tombamento";"Com Vítimas Feridas";"Pleno dia";"Decrescente";"Céu Claro";"Dupla";"Aclive";"Não";1;0;1;0;0;0;1;1;-27,81043812;-48,63537111;"SPRF-SC";"DEL01-SC";"UOP02-DEL01-SC"
409458;2022-01-17;"segunda-feira";"15:35:00";"SP";116;214;"GUARULHOS";"Manobra de mudança de faixa";"Colisão traseira";"Com Vítimas Feridas";"Pleno dia";"Decrescente";"Céu Claro";"Múltipla";"Reta";"Sim";4;0;3;0;0;1;3;3;-23,44333014;-46,44531294;"SPRF-SP";"DEL01-SP";"UOP01-DEL01-SP"
409460;2022-01-17;"segunda-feira";"15:55:00";"SC";470;135;"RIO DO SUL";"Avarias e/ou desgaste excessivo no pneu";"Tombamento";"Sem Vítimas";"Pleno dia";"Crescente";"Sol";"Simples";"Reta";"Sim";1;0;0;0;1;0;0;1;-27,18322354;-49,60239708;"SPRF-SC";"DEL04-SC";"UOP02-DEL04-SC"
409462;2022-01-17;"segunda-feira";"08:45:00";"MG";116;411,7;"GOVERNADOR VALADARES";"Acessar a via sem observar a presença dos outros veículos";"Colisão transversal";"Com Vítimas Feridas";"Pleno dia";"Crescente";"Céu Claro";"Simples";"Reta";"Sim";2;0;1;0;1;0;1;2;-18,86882342;-41,97144241;"SPRF-MG";"DEL06-MG";"UOP01-DEL06-MG"
409463;2022-01-17;"segunda-feira";"15:00:00";"GO";60;124;"GOIANAPOLIS";"Avarias e/ou desgaste excessivo no pneu";"Saída de leito carroçável";"Com Vítimas Feridas";"Pleno dia";"Decrescente";"Nublado";"Dupla";"Reta;Declive";"Não";2;0;1;0;1;0;1;1;-16,52427131;-49,13116555;"SPRF-GO";"DEL01-GO";"UOP01-DEL01-GO"
409464;2022-01-17;"segunda-feira";"13:00:00";"SP";116;488;"CAJATI";"Acessar a via sem observar a presença dos outros veículos";"Colisão transversal";"Com Vítimas Feridas";"Pleno dia";"Crescente";"Céu Claro";"Simples";"Rotatória";"Sim";2;0;1;0;0;1;1;2;-24,73097634;-48,09815591;"SPRF-SP";"DEL05-SP";"UOP01-DEL05-SP"
409465;2022-01-17;"segunda-feira";"16:15:00";"MG";381;865,7;"POUSO ALEGRE";"Demais falhas mecânicas ou elétricas";"Incêndio";"Sem Vítimas";"Pleno dia";"Crescente";"Céu Claro";"Dupla";"Aclive;Reta";"Não";4;0;0;0;4;0;0;1;-22,35428958;-45,92805529;"SPRF-MG";"DEL16-MG";"UOP01-DEL16-MG"
409466;2022-01-17;"segunda-feira";"15:55:00";"RS";386;343;"LAJEADO";"Reação tardia ou ineficiente do condutor";"Queda de ocupante de veículo";"Com Vítimas Feridas";"Pleno dia";"Crescente";"Chuva";"Simples";"Reta";"Sim";1;0;1;0;0;0;1;1;-29,4348136;-52,00318336;"SPRF-RS";"DEL04-RS";"UOP01-DEL04-RS"
409469;2022-01-17;"segunda-feira";"13:40:00";"MS";163;202,1;"CAARAPO";"Manobra de mudança de faixa";"Capotamento";"Com Vítimas Feridas";"Pleno dia";"Decrescente";"Sol";"Dupla";"Reta";"Não";2;0;0;2;0;0;2;1;-22,68608205;-54,79037718;"SPRF-MS";"DEL04-MS";"UOP02-DEL04-MS"
409484;2022-01-17;"segunda-feira";"14:40:00";"PE";232;8,5;"RECIFE";"Condutor deixou de manter distância do veículo da frente";"Colisão traseira";"Com Vítimas Feridas";"Pleno dia";"Decrescente";"Céu Claro";"Dupla";"Reta";"Sim";3;0;2;0;1;0;2;2;-8,07583727;-34,97015791;"SPRF-PE";"DEL01-PE";"UOP01-DEL01-PE"
409485;2022-01-17;"segunda-feira";"16:45:00";"PE";104;60;"CARUARU";"Acessar a via sem observar a presença dos outros veículos";"Saída de leito carroçável";"Com Vítimas Feridas";"Pleno dia";"Crescente";"Céu Claro";"Dupla";"Curva";"Sim";4;0;3;0;0;1;3;2;-8,2438;-35,9752;"SPRF-PE";"DEL02-PE";"UOP01-DEL02-PE"
409486;2022-01-17;"segunda-feira";"17:05:00";"RS";116;246,6;"SAO LEOPOLDO";"Condutor deixou de manter distância do veículo da frente";"Colisão traseira";"Com Vítimas Feridas";"Pleno dia";"Decrescente";"Chuva";"Dupla";"Reta";"Sim";2;0;1;0;0;1;1;2;-29,75782823;-51,1519146;"SPRF-RS";"DEL01-RS";"UOP02-DEL01-RS"
409487;2022-01-17;"segunda-feira";"17:00:00";"PB";101;84;"BAYEUX";"Manobra de mudança de faixa";"Queda de ocupante de veículo";"Com Vítimas Feridas";"Pleno dia";"Crescente";"Céu Claro";"Dupla";"Reta";"Sim";1;0;1;0;0;0;1;1;-7,13957906;-34,92312806;"SPRF-PB";"DEL01-PB";"UOP01-DEL01-PB"
409488;2022-01-17;"segunda-feira";"15:00:00";"SC";101;117,3;"ITAJAI";"Desrespeitar a preferência no cruzamento";"Colisão transversal";"Com Vítimas Feridas";"Pleno dia";"Crescente";"Sol";"Dupla";"Interseção de Vias";"Não";2;0;1;0;1;0;1;2;-26,88747187;-48,72252969;"SPRF-SC";"DEL04-SC";"UOP04-DEL04-SC"
409490;2022-01-17;"segunda-feira";"17:20:00";"RS";392;640,7;"GUARANI DAS MISSOES";"Condutor deixou de manter distância do veículo da frente";"Colisão traseira";"Com Vítimas Feridas";"Pleno dia";"Crescente";"Sol";"Simples";"Reta";"Não";2;0;1;0;1;0;1;2;-28,150919;-54,538143;"SPRF-RS";"DEL10-RS";"UOP01-DEL10-RS"
409491;2022-01-17;"segunda-feira";"16:50:00";"CE";116;41;"HORIZONTE";"Acessar a via sem observar a presença dos outros veículos";"Colisão lateral mesmo sentido";"Com Vítimas Feridas";"Pleno dia";"Decrescente";"Céu Claro";"Múltipla";"Reta";"Sim";2;0;2;0;0;0;2;2;-4,1024351;-38,50001011;"SPRF-CE";"DEL01-CE";"UOP02-DEL01-CE"
409493;2022-01-17;"segunda-feira";"15:30:00";"MG";381;941;"EXTREMA";"Pista Escorregadia";"Colisão com objeto";"Com Vítimas Feridas";"Pleno dia";"Crescente";"Nublado";"Dupla";"Curva";"Não";1;0;1;0;0;0;1;1;-22,86021873;-46,34260711;"SPRF-MG";"DEL16-MG";"UOP03-DEL16-MG"
409496;2022-01-17;"segunda-feira";"16:20:00";"PR";163;129,3;"CAPITAO LEONIDAS MARQUES";"Demais falhas mecânicas ou elétricas";"Incêndio";"Sem Vítimas";"Pleno dia";"Crescente";"Sol";"Simples";"Reta";"Não";1;0;0;0;1;0;0;1;-25,58198409;-53,56205219;"SPRF-PR";"DEL05-PR";"UOP05-DEL05-PR"
409500;2022-01-17;"segunda-feira";"17:31:00";"SP";116;512,5;"CAJATI";"Pista Escorregadia";"Saída de leito carroçável";"Com Vítimas Feridas";"Pleno dia";"Decrescente";"Chuva";"Simples";"Curva";"Não";2;0;1;0;1;0;1;1;-24,84609803;-48,21315765;"SPRF-SP";"DEL05-SP";"UOP02-DEL05-SP"
409501;2022-01-17;"segunda-feira";"17:00:00";"SP";116;284;"ITAPECERICA DA SERRA";"Acesso irregular";"Colisão lateral mesmo sentido";"Com Vítimas Feridas";"Pleno dia";"Decrescente";"Céu Claro";"Simples";"Aclive";"Sim";3;0;1;0;2;0;1;2;-23,6838899;-46,85766578;"SPRF-SP";"DEL04-SP";"UOP01-DEL04-SP"
409509;2022-01-17;"segunda-feira";"17:45:00";"SP";116;156;"SAO JOSE DOS CAMPOS";"Reação tardia ou ineficiente do condutor";"Colisão traseira";"Com Vítimas Feridas";"Anoitecer";"Decrescente";"Céu Claro";"Dupla";"Reta";"Sim";2;0;1;0;1;0;1;2;-23,25044084;-45,93572909;"SPRF-SP";"DEL02-SP";"UOP01-DEL02-SP"
409512;2022-01-17;"segunda-feira";"14:30:00";"PI";135;494,8;"MONTE ALEGRE DO PIAUI";"Ausência de reação do condutor";"Saída de leito carroçável";"Com Vítimas Fatais";"Pleno dia";"Crescente";"Céu Claro";"Simples";"Reta;Aclive";"Não";1;1;0;0;0;0;0;1;-9,73488422;-45,21282799;"SPRF-PI";"DEL03-PI";"UOP02-DEL03-PI"
409514;2022-01-17;"segunda-feira";"18:10:00";"RS";158;290;"JULIO DE CASTILHOS";"Conversão proibida";"Colisão transversal";"Com Vítimas Feridas";"Plena Noite";"Crescente";"Chuva";"Simples";"Curva;Interseção de Vias";"Não";3;0;1;0;2;0;1;2;-29,467506;-53,68666;"SPRF-RS";"DEL09-RS";"UOP01-DEL09-RS"
409519;2022-01-17;"segunda-feira";"18:50:00";"PE";232;412,1;"SERRA TALHADA";"Ingestão de álcool pelo condutor";"Colisão transversal";"Com Vítimas Feridas";"Plena Noite";"Decrescente";"Nublado";"Simples";"Reta";"Sim";4;0;2;0;2;0;2;2;-7,98377927;-38,3208774;"SPRF-PE";"DEL04-PE";"UOP01-DEL04-PE"
409522;2022-01-17;"segunda-feira";"17:40:00";"RJ";40;123;"RIO DE JANEIRO";"Condutor deixou de manter distância do veículo da frente";"Colisão traseira";"Com Vítimas Feridas";"Pleno dia";"Crescente";"Céu Claro";"Múltipla";"Reta";"Sim";2;0;1;0;1;0;1;2;-22,79907687;-43,29015739;"SPRF-RJ";"DEL01-RJ";"UOP01-DEL01-RJ"
409523;2022-01-17;"segunda-feira";"19:00:00";"PR";369;201;"APUCARANA";"Conversão proibida";"Colisão transversal";"Com Vítimas Feridas";"Anoitecer";"Crescente";"Céu Claro";"Simples";"Reta";"Sim";2;0;0;1;1;0;1;2;-23,54257141;-51,4559269;"SPRF-PR";"DEL07-PR";"UOP02-DEL07-PR"
409524;2022-01-17;"segunda-feira";"18:30:00";"PE";408;95;"SAO LOURENCO DA MATA";"Manobra de mudança de faixa";"Colisão traseira";"Com Vítimas Feridas";"Plena Noite";"Crescente";"Céu Claro";"Dupla";"Aclive";"Sim";2;0;1;0;0;1;1;2;-8,018617;-35,041756;"SPRF-PE";"DEL01-PE";"UOP01-DEL01-PE"
409525;2022-01-17;"segunda-feira";"17:30:00";"SC";101;43;"JOINVILLE";"Acessar a via sem observar a presença dos outros veículos";"Colisão transversal";"Com Vítimas Feridas";"Pleno dia";"Crescente";"Céu Claro";"Simples";"Declive;Reta";"Sim";2;0;1;0;1;0;1;2;-26,30357106;-48,88225609;"SPRF-SC";"DEL03-SC";"UOP01-DEL03-SC"
409526;2022-01-17;"segunda-feira";"11:20:00";"SC";158;100,7;"CUNHA PORA";"Ausência de reação do condutor";"Colisão frontal";"Com Vítimas Fatais";"Pleno dia";"Decrescente";"Céu Claro";"Simples";"Reta;Declive";"Não";5;1;1;0;2;1;1;3;-26,81028284;-53,18172455;"SPRF-SC";"DEL07-SC";"UOP02-DEL07-SC"
409528;2022-01-17;"segunda-feira";"19:30:00";"ES";101;267,8;"SERRA";"Reação tardia ou ineficiente do condutor";"Colisão transversal";"Com Vítimas Feridas";"Plena Noite";"Decrescente";"Céu Claro";"Múltipla";"Reta";"Sim";2;0;0;1;1;0;1;2;-20,19930999;-40,26884609;"SPRF-ES";"DEL02-ES";"UOP01-DEL02-ES"
409531;2022-01-17;"segunda-feira";"18:48:00";"SP";116;155,3;"SAO JOSE DOS CAMPOS";"Ingestão de álcool pelo condutor";"Colisão lateral mesmo sentido";"Com Vítimas Feridas";"Anoitecer";"Crescente";"Céu Claro";"Dupla";"Reta";"Não";4;0;1;1;1;1;2;3;-23,24524337;-45,92772774;"SPRF-SP";"DEL02-SP";"UOP01-DEL02-SP"
409532;2022-01-17;"segunda-feira";"17:44:00";"BA";110;28;"PAULO AFONSO";"Velocidade Incompatível";"Colisão traseira";"Com Vítimas Feridas";"Anoitecer";"Decrescente";"Céu Claro";"Simples";"Aclive";"Não";5;0;1;0;4;0;1;2;-9,44702983;-38,20220947;"SPRF-BA";"DEL07-BA";"UOP01-DEL07-BA"
409533;2022-01-17;"segunda-feira";"19:30:00";"MG";40;633,5;"CONSELHEIRO LAFAIETE";"Acessar a via sem observar a presença dos outros veículos";"Colisão transversal";"Com Vítimas Feridas";"Plena Noite";"Decrescente";"Céu Claro";"Simples";"Rotatória";"Não";2;0;1;0;1;0;1;2;-20,68168197;-43,79419779;"SPRF-MG";"DEL05-MG";"UOP02-DEL05-MG"
409535;2022-01-17;"segunda-feira";"19:40:00";"SP";488;4;"APARECIDA";"Reação tardia ou ineficiente do condutor";"Colisão frontal";"Com Vítimas Feridas";"Plena Noite";"Crescente";"Nublado";"Dupla";"Curva;Declive";"Sim";3;0;3;0;0;0;3;3;-22,86033853;-45,25351167;"SPRF-SP";"DEL08-SP";"UOP01-DEL08-SP"
409539;2022-01-17;"segunda-feira";"16:50:00";"RS";116;396;"CAMAQUA";"Condutor deixou de manter distância do veículo da frente";"Colisão traseira";"Com Vítimas Feridas";"Pleno dia";"Decrescente";"Chuva";"Dupla";"Reta";"Sim";5;0;3;0;2;0;3;2;-30,84846602;-51,76443458;"SPRF-RS";"DEL02-RS";"UOP02-DEL02-RS"
409541;2022-01-17;"segunda-feira";"20:25:00";"PR";376;496,7;"PONTA GROSSA";"Ingestão de álcool pelo condutor";"Saída de leito carroçável";"Sem Vítimas";"Plena Noite";"Crescente";"Chuva";"Dupla";"Reta";"Sim";1;0;0;0;1;0;0;1;-25,14520691;-50,15368223;"SPRF-PR";"DEL03-PR";"UOP01-DEL03-PR"
409543;2022-01-17;"segunda-feira";"20:30:00";"SP";116;225;"GUARULHOS";"Ausência de reação do condutor";"Colisão traseira";"Com Vítimas Feridas";"Plena Noite";"Decrescente";"Céu Claro";"Múltipla";"Reta";"Não";3;0;2;0;0;1;2;2;-23,48586772;-46,54075317;"SPRF-SP";"DEL01-SP";"UOP01-DEL01-SP"
409544;2022-01-17;"segunda-feira";"17:40:00";"PB";230;468,7;"SOUSA";"Acessar a via sem observar a presença dos outros veículos";"Colisão transversal";"Com Vítimas Feridas";"Anoitecer";"Decrescente";"Nublado";"Simples";"Curva";"Não";2;0;0;1;1;0;1;2;-6,78522236;-38,27939272;"SPRF-PB";"DEL03-PB";"UOP03-DEL03-PB"
409547;2022-01-17;"segunda-feira";"17:00:00";"RS";116;127;"SAO MARCOS";"Reação tardia ou ineficiente do condutor";"Colisão traseira";"Sem Vítimas";"Pleno dia";"Crescente";"Céu Claro";"Múltipla";"Reta";"Não";2;0;0;0;2;0;0;2;-29,02646869;-51,11018528;"SPRF-RS";"DEL05-RS";"UOP01-DEL05-RS"
409548;2022-01-17;"segunda-feira";"14:30:00";"MG";40;553;"NOVA LIMA";"Demais falhas mecânicas ou elétricas";"Tombamento";"Com Vítimas Feridas";"Pleno dia";"Decrescente";"Céu Claro";"Dupla";"Curva";"Sim";1;0;1;0;0;0;1;1;-20,06863326;-43,98194759;"SPRF-MG";"DEL01-MG";"UOP02-DEL01-MG"
409554;2022-01-17;"segunda-feira";"20:50:00";"PI";343;306,5;"ALTOS";"Acessar a via sem observar a presença dos outros veículos";"Colisão transversal";"Com Vítimas Feridas";"Pleno dia";"Crescente";"Céu Claro";"Simples";"Reta";"Sim";2;0;1;0;1;0;1;2;-5,038756;-42,450893;"SPRF-PI";"DEL01-PI";"UOP01-DEL01-PI"
409556;2022-01-17;"segunda-feira";"22:20:00";"MG";381;488;"BETIM";"Demais falhas mecânicas ou elétricas";"Tombamento";"Com Vítimas Feridas";"Plena Noite";"Crescente";"Céu Claro";"Dupla";"Reta";"Não";1;0;1;0;0;0;1;1;-19,9598656;-44,15489715;"SPRF-MG";"DEL01-MG";"UOP03-DEL01-MG"
409558;2022-01-17;"segunda-feira";"21:30:00";"MS";267;483;"JARDIM";"Acessar a via sem observar a presença dos outros veículos";"Colisão transversal";"Com Vítimas Feridas";"Plena Noite";"Crescente";"Céu Claro";"Simples";"Interseção de Vias";"Sim";3;0;0;1;0;2;1;3;-21,48097208;-56,15576902;"SPRF-MS";"DEL05-MS";"UOP01-DEL05-MS"
409561;2022-01-17;"segunda-feira";"20:10:00";"SC";280;5,2;"SAO FRANCISCO DO SUL";"Ingestão de álcool pelo condutor";"Colisão traseira";"Com Vítimas Feridas";"Plena Noite";"Crescente";"Nublado";"Simples";"Reta";"Sim";3;0;1;1;1;0;2;2;-26,26011706;-48,62571995;"SPRF-SC";"DEL03-SC";"UOP03-DEL03-SC"
409563;2022-01-17;"segunda-feira";"20:50:00";"SP";116;561,8;"BARRA DO TURVO";"Pista Escorregadia";"Colisão com objeto";"Com Vítimas Feridas";"Plena Noite";"Crescente";"Garoa/Chuvisco";"Dupla";"Curva";"Não";2;0;2;0;0;0;2;1;-25,02456192;-48,5187149;"SPRF-SP";"DEL05-SP";"UOP02-DEL05-SP"
409565;2022-01-17;"segunda-feira";"23:09:00";"RS";392;67,5;"PELOTAS";"Desrespeitar a preferência no cruzamento";"Colisão transversal";"Com Vítimas Feridas";"Plena Noite";"Decrescente";"Nublado";"Dupla";"Rotatória";"Sim";2;0;1;0;1;0;1;2;-31,75709532;-52,39980728;"SPRF-RS";"DEL07-RS";"UOP01-DEL07-RS"
409566;2022-01-18;"terça-feira";"00:10:00";"RJ";116;176;"NOVA IGUACU";"Ausência de reação do condutor";"Colisão traseira";"Com Vítimas Feridas";"Plena Noite";"Decrescente";"Céu Claro";"Múltipla";"Reta";"Sim";2;0;1;0;1;0;1;2;-22,7839538;-43,38195488;"SPRF-RJ";"DEL01-RJ";"UOP02-DEL01-RJ"
409570;2022-01-17;"segunda-feira";"22:50:00";"MG";262;499;"MOEMA";"Velocidade Incompatível";"Saída de leito carroçável";"Com Vítimas Feridas";"Plena Noite";"Crescente";"Nublado";"Simples";"Curva";"Não";2;0;1;0;1;0;1;1;-19,78393207;-45,42733;"SPRF-MG";"DEL08-MG";"UOP03-DEL08-MG"
409574;2022-01-18;"terça-feira";"02:00:00";"RJ";116;118;"MAGE";"Condutor Dormindo";"Saída de leito carroçável";"Com Vítimas Feridas";"Plena Noite";"Crescente";"Ignorado";"Dupla";"Reta";"Não";2;0;1;0;1;0;1;1;-22,60969336;-43,03076263;"SPRF-RJ";"DEL04-RJ";"UOP02-DEL04-RJ"
409575;2022-01-18;"terça-feira";"02:50:00";"DF";60;1,5;"BRASILIA";"Demais falhas mecânicas ou elétricas";"Incêndio";"Sem Vítimas";"Plena Noite";"Crescente";"Céu Claro";"Dupla";"Reta";"Sim";1;0;0;0;0;1;0;1;-15,885093;-48,068954;"SPRF-DF";"DEL03-DF";"UOP01-DEL03-DF"
409579;2022-01-17;"segunda-feira";"20:30:00";"PB";104;81,3;"REMIGIO";"Condutor Dormindo";"Saída de leito carroçável";"Com Vítimas Feridas";"Plena Noite";"Decrescente";"Céu Claro";"Simples";"Aclive";"Não";1;0;1;0;0;0;1;1;-6,93077472;-35,8356868;"SPRF-PB";"DEL02-PB";"UOP04-DEL02-PB"
409581;2022-01-18;"terça-feira";"03:00:00";"PE";101;70,8;"RECIFE";"Pedestre cruzava a pista fora da faixa";"Atropelamento de Pedestre";"Com Vítimas Fatais";"Plena Noite";"Decrescente";"Céu Claro";"Simples";"Viaduto";"Sim";3;1;0;1;0;1;1;2;-8,07522559;-34,94042873;"SPRF-PE";"DEL01-PE";"UOP01-DEL01-PE"
409583;2022-01-18;"terça-feira";"03:30:00";"RJ";493;21;"MAGE";"Condutor Dormindo";"Colisão traseira";"Sem Vítimas";"Plena Noite";"Crescente";"Céu Claro";"Simples";"Reta";"Sim";2;0;0;0;2;0;0;2;-22,66151289;-43,04480692;"SPRF-RJ";"DEL04-RJ";"UOP02-DEL04-RJ"
409584;2022-01-18;"terça-feira";"04:20:00";"RS";386;333,3;"MARQUES DE SOUZA";"Manobra de mudança de faixa";"Colisão traseira";"Com Vítimas Feridas";"Plena Noite";"Crescente";"Céu Claro";"Simples";"Reta;Em Obras;Aclive";"Não";6;0;4;0;2;0;4;2;-29,371275;-52,062;"SPRF-RS";"DEL04-RS";"UOP01-DEL04-RS"
409585;2022-01-18;"terça-feira";"03:20:00";"RJ";101;484;"ANGRA DOS REIS";"Reação tardia ou ineficiente do condutor";"Saída de leito carroçável";"Sem Vítimas";"Plena Noite";"Crescente";"Nublado";"Simples";"Curva";"Não";1;0;0;0;0;1;0;1;-22,99096308;-44,30429882;"SPRF-RJ";"DEL03-RJ";"UOP03-DEL03-RJ"
409588;2022-01-17;"segunda-feira";"21:49:00";"RN";101;84,4;"NATAL";"Ingestão de álcool pelo condutor";"Atropelamento de Pedestre";"Com Vítimas Feridas";"Plena Noite";"Decrescente";"Céu Claro";"Múltipla";"Viaduto;Túnel;Curva;Interseção de Vias";"Sim";2;0;1;1;0;0;2;2;-5,77545469;-35,25354968;"SPRF-RN";"DEL02-RN";"UOP01-DEL02-RN"
409592;2022-01-18;"terça-feira";"06:15:00";"PB";230;50,7;"SANTA RITA";"Reação tardia ou ineficiente do condutor";"Tombamento";"Com Vítimas Feridas";"Pleno dia";"Crescente";"Céu Claro";"Dupla";"Reta";"Não";2;0;1;0;1;0;1;1;-7,1846;-35,0544;"SPRF-PB";"DEL01-PB";"UOP03-DEL01-PB"
409595;2022-01-18;"terça-feira";"06:10:00";"SC";101;161,2;"TIJUCAS";"Ingestão de álcool pelo condutor";"Colisão com objeto";"Com Vítimas Feridas";"Pleno dia";"Crescente";"Céu Claro";"Dupla";"Reta";"Sim";2;0;2;0;0;0;2;1;-27,21758561;-48,62675965;"SPRF-SC";"DEL04-SC";"UOP03-DEL04-SC"