"id";"data_inversa";"dia_semana";"horario";"uf";"br";"km";"municipio";"causa_acidente";"tipo_acidente";"classificacao_acidente";"fase_dia";"sentido_via";"condicao_metereologica";"tipo_pista";"tracado_via";"uso_solo";"pessoas";"mortos";"feridos_leves";"feridos_graves";"ilesos";"ignorados";"feridos";"veiculos";"latitude";"longitude";"regional";"delegacia";"uop"
410062;2022-01-20;"quinta-feira";"16:20:00";"PE";101;96,4;"CABO DE SANTO AGOSTINHO";"Condutor deixou de manter distância do veículo da frente";"Colisão traseira";"Com Vítimas Feridas";"Pleno dia";"Crescente";"Céu Claro";"Dupla";"Declive";"Não";7;0;1;0;6;0;1;3;-8,25146993;-35,021805;"SPRF-PE";"DEL01-PE";"UOP01-DEL01-PE"
410063;2022-01-20;"quinta-feira";"12:15:00";"RS";290;76;"GRAVATAI";"Avarias e/ou desgaste excessivo no pneu";"Tombamento";"Com Vítimas Feridas";"Pleno dia";"Decrescente";"Céu Claro";"Dupla";"Reta";"Sim";1;0;1;0;0;0;1;1;-29,956612;-51,017124;"SPRF-RS";"DEL01-RS";"UOP01-DEL01-RS"
410065;2022-01-20;"quinta-feira";"17:00:00";"SC";470;69,6;"INDAIAL";"Acessar a via sem observar a presença dos outros veículos";"Colisão transversal";"Com Vítimas Feridas";"Pleno dia";"Crescente";"Céu Claro";"Simples";"Em Obras;Reta";"Sim";2;0;1;0;1;0;1;2;-26,883745;-49,246704;"SPRF-SC";"DEL04-SC";"UOP01-DEL04-SC"
410066;2022-01-20;"quinta-feira";"16:40:00";"SP";381;19;"BRAGANCA PAULISTA";"Velocidade Incompatível";"Saída de leito carroçável";"Com Vítimas Feridas";"Pleno dia";"Crescente";"Céu Claro";"Simples";"Curva;Interseção de Vias";"Não";2;0;2;0;0;0;2;1;-22,981422;-46,49611;"SPRF-SP";"DEL03-SP";"UOP01-DEL03-SP"
410067;2022-01-20;"quinta-feira";"17:30:00";"SC";101;146;"ITAPEMA";"Manobra de mudança de faixa";"Colisão traseira";"Sem Vítimas";"Pleno dia";"Decrescente";"Céu Claro";"Dupla";"Reta";"Sim";5;0;0;0;5;0;0;5;-27,08666525;-48,60955587;"SPRF-SC";"DEL04-SC";"UOP03-DEL04-SC"
410071;2022-01-20;"quinta-feira";"12:55:00";"MG";251;476,8;"MONTES CLAROS";"Condutor Dormindo";"Saída de leito carroçável";"Com Vítimas Feridas";"Pleno dia";"Crescente";"Sol";"Simples";"Reta";"Não";4;0;2;0;2;0;2;1;-16,6537083;-43,7178938;"SPRF-MG";"DEL12-MG";"UOP01-DEL12-MG"
410072;2022-01-20;"quinta-feira";"17:55:00";"CE";20;418;"MARACANAU";"Condutor deixou de manter distância do veículo da frente";"Colisão traseira";"Com Vítimas Feridas";"Anoitecer";"Decrescente";"Céu Claro";"Dupla";"Reta";"Não";3;0;2;0;1;0;2;2;-3,76999035;-38,67006282;"SPRF-CE";"DEL01-CE";"UOP02-DEL01-CE"
410073;2022-01-20;"quinta-feira";"16:15:00";"MG";381;454,7;"BELO HORIZONTE";"Condutor deixou de manter distância do veículo da frente";"Colisão traseira";"Com Vítimas Feridas";"Pleno dia";"Crescente";"Nublado";"Simples";"Reta";"Sim";2;0;0;1;1;0;1;2;-19,84018023;-43,87603641;"SPRF-MG";"DEL01-MG";"UOP01-DEL01-MG"
410074;2022-01-20;"quinta-feira";"17:40:00";"RS";392;7;"RIO GRANDE";"Transitar no acostamento";"Colisão transversal";"Com Vítimas Feridas";"Pleno dia";"Crescente";"Nublado";"Simples";"Reta";"Não";2;0;1;0;1;0;1;2;-32,093615;-52,108877;"SPRF-RS";"DEL07-RS";"UOP02-DEL07-RS"
410077;2022-01-20;"quinta-feira";"17:50:00";"SC";470;58,5;"INDAIAL";"Acessar a via sem observar a presença dos outros veículos";"Colisão transversal";"Sem Vítimas";"Pleno dia";"Crescente";"Sol";"Simples";"Rotatória";"Sim";2;0;0;0;2;0;0;2;-26,883879;-49,145622;"SPRF-SC";"DEL04-SC";"UOP01-DEL04-SC"
410081;2022-01-20;"quinta-feira";"16:50:00";"SC";101;43,8;"JOINVILLE";"Desrespeitar a preferência no cruzamento";"Colisão transversal";"Com Vítimas Feridas";"Pleno dia";"Crescente";"Sol";"Simples";"Interseção de Vias";"Sim";2;0;1;0;0;1;1;2;-26,33348962;-48,86122227;"SPRF-SC";"DEL03-SC";"UOP01-DEL03-SC"
410087;2022-01-20;"quinta-feira";"18:15:00";"PR";369;138,7;"IBIPORA";"Desrespeitar a preferência no cruzamento";"Colisão transversal";"Com Vítimas Feridas";"Pleno dia";"Crescente";"Céu Claro";"Simples";"Reta;Rotatória;Interseção de Vias";"Sim";5;0;3;0;2;0;3;2;-23,273595;-51,056161;"SPRF-PR";"DEL07-PR";"UOP01-DEL07-PR"
410090;2022-01-20;"quinta-feira";"18:25:00";"SC";101;203;"SAO JOSE";"Trafegar com motocicleta (ou similar) entre as faixas";"Colisão lateral mesmo sentido";"Com Vítimas Feridas";"Pleno dia";"Crescente";"Nublado";"Dupla";"Reta";"Sim";2;0;1;0;1;0;1;2;-27,5650044;-48,61460082;"SPRF-SC";"DEL01-SC";"UOP01-DEL01-SC"
410092;2022-01-20;"quinta-feira";"17:30:00";"PR";376;55,1;"LOANDA";"Reação tardia ou ineficiente do condutor";"Saída de leito carroçável";"Com Vítimas Feridas";"Pleno dia";"Crescente";"Chuva";"Simples";"Reta";"Não";2;0;2;0;0;0;2;1;-22,91887641;-52,87661121;"SPRF-PR";"DEL09-PR";"UOP02-DEL09-PR"
410093;2022-01-20;"quinta-feira";"17:40:00";"PI";316;81,3;"LAGOINHA DO PIAUI";"Manobra de mudança de faixa";"Colisão frontal";"Com Vítimas Fatais";"Pleno dia";"Decrescente";"Céu Claro";"Simples";"Reta";"Não";3;2;1;0;0;0;1;2;-5,75759269;-42,61751175;"SPRF-PI";"DEL01-PI";"UOP02-DEL01-PI"
410094;2022-01-20;"quinta-feira";"19:15:00";"AP";210;4;"MACAPA";"Transitar na contramão";"Colisão frontal";"Com Vítimas Feridas";"Plena Noite";"Decrescente";"Céu Claro";"Simples";"Reta";"Sim";4;0;1;0;1;2;1;3;0,08824228;-51,09472897;"SPRF-AP";"DEL01-AP";"UOP01-DEL01-AP"
410095;2022-01-20;"quinta-feira";"18:35:00";"RS";158;559;"SANTANA DO LIVRAMENTO";"Velocidade Incompatível";"Colisão lateral mesmo sentido";"Com Vítimas Feridas";"Pleno dia";"Decrescente";"Chuva";"Simples";"Curva";"Não";4;0;1;0;3;0;1;2;-30,8461399;-55,45635001;"SPRF-RS";"DEL11-RS";"UOP01-DEL11-RS"
410096;2022-01-20;"quinta-feira";"20:05:00";"SP";153;23,7;"NOVA GRANADA";"Ultrapassagem Indevida";"Colisão frontal";"Com Vítimas Feridas";"Plena Noite";"Crescente";"Céu Claro";"Simples";"Reta";"Não";3;0;1;1;0;1;2;3;-20,48891101;-49,30833042;"SPRF-SP";"DEL09-SP";"UOP01-DEL09-SP"
410097;2022-01-20;"quinta-feira";"18:00:00";"PR";116;15,5;"COLOMBO";"Reação tardia ou ineficiente do condutor";"Colisão lateral mesmo sentido";"Com Vítimas Feridas";"Anoitecer";"Decrescente";"Ignorado";"Dupla";"Reta";"Sim";2;0;1;0;1;0;1;2;-25,3848;-49,1711;"SPRF-PR";"DEL01-PR";"UOP02-DEL01-PR"
410098;2022-01-20;"quinta-feira";"20:20:00";"SC";101;154,5;"PORTO BELO";"Ausência de reação do condutor";"Colisão traseira";"Com Vítimas Feridas";"Plena Noite";"Decrescente";"Céu Claro";"Dupla";"Reta";"Sim";2;0;1;0;1;0;1;2;-27,153819;-48,61086393;"SPRF-SC";"DEL04-SC";"UOP03-DEL04-SC"
410102;2022-01-05;"quarta-feira";"12:30:00";"PE";232;331;"CUSTODIA";"Velocidade Incompatível";"Colisão traseira";"Com Vítimas Feridas";"Pleno dia";"Crescente";"Céu Claro";"Simples";"Reta";"Sim";4;0;0;1;3;0;1;4;-8,08916179;-37,62141598;"SPRF-PE";"DEL03-PE";"UOP02-DEL03-PE"
410103;2022-01-20;"quinta-feira";"17:40:00";"MG";364;2;"PLANURA";"Pista esburacada";"Colisão lateral mesmo sentido";"Com Vítimas Feridas";"Pleno dia";"Decrescente";"Céu Claro";"Simples";"Reta";"Não";3;0;0;1;2;0;1;2;-20,13824;-48,702347;"SPRF-MG";"DEL13-MG";"UOP02-DEL13-MG"
410106;2022-01-20;"quinta-feira";"19:42:00";"MG";40;42;"PARACATU";"Desrespeitar a preferência no cruzamento";"Colisão transversal";"Com Vítimas Feridas";"Plena Noite";"Decrescente";"Céu Claro";"Simples";"Reta";"Sim";2;0;1;0;0;1;1;2;-17,2188441;-46,8666753;"SPRF-MG";"DEL14-MG";"UOP01-DEL14-MG"
410107;2022-01-20;"quinta-feira";"20:30:00";"MT";70;86,8;"GENERAL CARNEIRO";"Condutor Dormindo";"Saída de leito carroçável";"Com Vítimas Feridas";"Pleno dia";"Decrescente";"Céu Claro";"Simples";"Reta";"Não";2;0;2;0;0;0;2;1;-15,62175737;-52,85223412;"SPRF-MT";"DEL07-MT";"UOP01-DEL07-MT"
410108;2022-01-20;"quinta-feira";"21:20:00";"DF";20;6;"BRASILIA";"Ingestão de álcool pelo condutor";"Colisão lateral mesmo sentido";"Com Vítimas Feridas";"Plena Noite";"Decrescente";"Céu Claro";"Dupla";"Reta";"Sim";2;0;1;0;1;0;1;2;-15,66221374;-47,80044079;"SPRF-DF";"DEL02-DF";"UOP01-DEL02-DF"
410111;2022-01-20;"quinta-feira";"21:30:00";"SC";101;213;"PALHOCA";"Reação tardia ou ineficiente do condutor";"Colisão traseira";"Com Vítimas Feridas";"Plena Noite";"Crescente";"Céu Claro";"Dupla";"Reta";"Não";2;0;1;0;1;0;1;2;-27,63697369;-48,66514142;"SPRF-SC";"DEL01-SC";"UOP02-DEL01-SC"
410112;2022-01-20;"quinta-feira";"20:00:00";"MG";40;688,5;"RESSAQUINHA";"Objeto estático sobre o leito carroçável";"Capotamento";"Com Vítimas Feridas";"Plena Noite";"Decrescente";"Chuva";"Simples";"Curva";"Não";1;0;1;0;0;0;1;1;-21,08759993;-43,77189218;"SPRF-MG";"DEL05-MG";"UOP02-DEL05-MG"
410114;2022-01-20;"quinta-feira";"20:45:00";"PA";230;124;"MARABA";"Demais falhas mecânicas ou elétricas";"Incêndio";"Sem Vítimas";"Plena Noite";"Crescente";"Céu Claro";"Simples";"Reta";"Não";1;0;0;0;1;0;0;1;-5,37407079;-49,13575802;"SPRF-PA";"DEL03-PA";"UOP01-DEL03-PA"
410115;2022-01-20;"quinta-feira";"21:30:00";"ES";482;65;"JERONIMO MONTEIRO";"Pedestre andava na pista";"Atropelamento de Pedestre";"Com Vítimas Feridas";"Plena Noite";"Crescente";"Céu Claro";"Simples";"Reta";"Não";2;0;0;1;0;1;1;2;-20,79537324;-41,40497918;"SPRF-ES";"DEL03-ES";"UOP02-DEL03-ES"
410116;2022-01-20;"quinta-feira";"22:45:00";"RN";101;82,8;"SAO GONCALO DO AMARANTE";"Condutor deixou de manter distância do veículo da frente";"Colisão traseira";"Com Vítimas Feridas";"Plena Noite";"Crescente";"Céu Claro";"Dupla";"Viaduto";"Sim";3;0;1;0;2;0;1;2;-5,76791511;-35,27456305;"SPRF-RN";"DEL02-RN";"UOP01-DEL02-RN"
410117;2022-01-20;"quinta-feira";"20:40:00";"PA";316;44;"SANTA IZABEL DO PARA";"Ausência de sinalização";"Colisão com objeto";"Com Vítimas Feridas";"Plena Noite";"Decrescente";"Nublado";"Dupla";"Reta";"Sim";2;0;1;0;0;1;1;2;-1,27592647;-48,08710906;"SPRF-PA";"DEL01-PA";"UOP01-DEL01-PA"
410118;2022-01-20;"quinta-feira";"16:50:00";"PR";277;589,3;"CASCAVEL";"Avarias e/ou desgaste excessivo no pneu";"Tombamento";"Com Vítimas Feridas";"Pleno dia";"Decrescente";"Sol";"Simples";"Declive;Reta";"Sim";2;0;2;0;0;0;2;1;-24,97777319;-53,44688591;"SPRF-PR";"DEL04-PR";"UOP01-DEL04-PR"
410120;2022-01-20;"quinta-feira";"23:50:00";"MG";40;598,8;"OURO PRETO";"Acumulo de areia ou detritos sobre o pavimento";"Tombamento";"Com Vítimas Feridas";"Plena Noite";"Crescente";"Nublado";"Simples";"Reta";"Não";2;0;2;0;0;0;2;1;-20,42150862;-43,8800127;"SPRF-MG";"DEL05-MG";"UOP02-DEL05-MG"
410121;2022-01-20;"quinta-feira";"22:20:00";"RN";427;99,6;"CAICO";"Chuva";"Queda de ocupante de veículo";"Com Vítimas Feridas";"Plena Noite";"Crescente";"Chuva";"Simples";"Reta";"Sim";1;0;1;0;0;0;1;1;-6,45929918;-37,09847983;"SPRF-RN";"DEL03-RN";"UOP01-DEL03-RN"
410122;2022-01-20;"quinta-feira";"20:30:00";"MT";364;160;"PEDRA PRETA";"Demais falhas mecânicas ou elétricas";"Incêndio";"Sem Vítimas";"Plena Noite";"Crescente";"Garoa/Chuvisco";"Simples";"Reta";"Não";1;0;0;0;1;0;0;1;-16,720615;-54,26381598;"SPRF-MT";"DEL02-MT";"UOP01-DEL02-MT"
410123;2022-01-21;"sexta-feira";"00:10:00";"SP";116;472,9;"JACUPIRANGA";"Avarias e/ou desgaste excessivo no pneu";"Saída de leito carroçável";"Com Vítimas Feridas";"Plena Noite";"Crescente";"Céu Claro";"Dupla";"Reta";"Não";2;0;2;0;0;0;2;1;-24,6649709;-47,9738381;"SPRF-SP";"DEL05-SP";"UOP01-DEL05-SP"
410124;2022-01-20;"quinta-feira";"17:00:00";"PR";277;589,3;"CASCAVEL";"Frear bruscamente";"Colisão lateral mesmo sentido";"Sem Vítimas";"Pleno dia";"Decrescente";"Céu Claro";"Simples";"Declive;Reta";"Sim";3;0;0;0;3;0;0;2;-24,97777319;-53,44688591;"SPRF-PR";"DEL04-PR";"UOP01-DEL04-PR"
410126;2022-01-20;"quinta-feira";"23:20:00";"BA";330;791;"JEQUIE";"Animais na Pista";"Atropelamento de Animal";"Com Vítimas Fatais";"Plena Noite";"Decrescente";"Céu Claro";"Simples";"Reta";"Não";1;1;0;0;0;0;0;1;-13,883659;-40,032114;"SPRF-BA";"DEL03-BA";"UOP01-DEL03-BA"
410128;2022-01-21;"sexta-feira";"02:56:00";"RS";386;343,7;"LAJEADO";"Transitar no acostamento";"Colisão traseira";"Com Vítimas Fatais";"Plena Noite";"Decrescente";"Céu Claro";"Simples";"Reta";"Sim";4;1;0;0;0;3;0;3;-29,43793164;-51,99520295;"SPRF-RS";"DEL04-RS";"UOP01-DEL04-RS"
410133;2022-01-21;"sexta-feira";"01:40:00";"MG";365;641;"UBERLANDIA";"Ausência de reação do condutor";"Saída de leito carroçável";"Com Vítimas Feridas";"Plena Noite";"Decrescente";"Céu Claro";"Dupla";"Reta";"Não";1;0;1;0;0;0;1;1;-18,884;-48,47425;"SPRF-MG";"DEL15-MG";"UOP01-DEL15-MG"
410134;2022-01-21;"sexta-feira";"04:25:00";"MG";50;6;"ARAGUARI";"Velocidade Incompatível";"Saída de leito carroçável";"Sem Vítimas";"Plena Noite";"Crescente";"Chuva";"Dupla";"Reta";"Não";1;0;0;0;1;0;0;1;-18,47092796;-48,05101772;"SPRF-MG";"DEL15-MG";"UOP02-DEL15-MG"
410135;2022-01-21;"sexta-feira";"02:05:00";"SC";101;208;"SAO JOSE";"Ingestão de álcool pelo condutor";"Colisão lateral mesmo sentido";"Sem Vítimas";"Plena Noite";"Crescente";"Céu Claro";"Múltipla";"Curva";"Sim";2;0;0;0;2;0;0;2;-27,60327979;-48,63201818;"SPRF-SC";"DEL01-SC";"UOP01-DEL01-SC"
410139;2022-01-21;"sexta-feira";"05:05:00";"PR";116;127;"FAZENDA RIO GRANDE";"Pedestre andava na pista";"Atropelamento de Pedestre";"Com Vítimas Fatais";"Plena Noite";"Decrescente";"Nublado";"Dupla";"Viaduto";"Sim";2;1;0;0;0;1;0;2;-25,65470711;-49,31205533;"SPRF-PR";"DEL01-PR";"UOP03-DEL01-PR"
410140;2022-01-21;"sexta-feira";"04:30:00";"RS";470;195;"BENTO GONCALVES";"Avarias e/ou desgaste excessivo no pneu";"Saída de leito carroçável";"Com Vítimas Feridas";"Amanhecer";"Decrescente";"Céu Claro";"Simples";"Curva";"Não";1;0;1;0;0;0;1;1;-29,05097073;-51,58205288;"SPRF-RS";"DEL06-RS";"UOP02-DEL06-RS"
410141;2022-01-21;"sexta-feira";"01:50:00";"PI";135;508;"MONTE ALEGRE DO PIAUI";"Ausência de sinalização";"Saída de leito carroçável";"Sem Vítimas";"Plena Noite";"Crescente";"Nublado";"Simples";"Interseção de Vias";"Não";1;0;0;0;1;0;0;1;-9,77440373;-45,32177812;"SPRF-PI";"DEL03-PI";"UOP02-DEL03-PI"
410148;2022-01-21;"sexta-feira";"06:55:00";"PB";230;23,5;"JOAO PESSOA";"Ausência de reação do condutor";"Colisão traseira";"Com Vítimas Feridas";"Pleno dia";"Decrescente";"Chuva";"Dupla";"Reta;Aclive;Viaduto";"Sim";3;0;1;0;2;0;1;2;-7,16668028;-34,86349102;"SPRF-PB";"DEL01-PB";"UOP01-DEL01-PB"
410149;2022-01-21;"sexta-feira";"07:50:00";"ES";101;266,6;"SERRA";"Reação tardia ou ineficiente do condutor";"Colisão traseira";"Com Vítimas Feridas";"Pleno dia";"Crescente";"Céu Claro";"Múltipla";"Reta";"Sim";2;0;1;0;1;0;1;2;-20,190199;-40,26828891;"SPRF-ES";"DEL02-ES";"UOP01-DEL02-ES"
410152;2022-01-21;"sexta-feira";"07:46:00";"SP";153;61;"SAO JOSE DO RIO PRETO";"Ausência de reação do condutor";"Colisão traseira";"Com Vítimas Feridas";"Pleno dia";"Crescente";"Céu Claro";"Dupla";"Reta";"Sim";3;0;2;0;1;0;2;2;-20,80502876;-49,35574909;"SPRF-SP";"DEL09-SP";"UOP01-DEL09-SP"
410155;2022-01-21;"sexta-feira";"07:25:00";"SC";163;69,6;"SAO MIGUEL DO OESTE";"Condutor deixou de manter distância do veículo da frente";"Colisão traseira";"Com Vítimas Feridas";"Pleno dia";"Decrescente";"Céu Claro";"Dupla";"Reta;Declive;Retorno Regulamentado";"Sim";3;0;1;0;2;0;1;2;-26,736596;-53,503418;"SPRF-SC";"DEL07-SC";"UOP03-DEL07-SC"
410156;2022-01-21;"sexta-feira";"07:35:00";"PB";101;51;"RIO TINTO";"Manobra de mudança de faixa";"Colisão lateral mesmo sentido";"Com Vítimas Feridas";"Pleno dia";"Decrescente";"Nublado";"Dupla";"Reta";"Não";2;0;0;1;1;0;1;2;-6,93035382;-35,10376671;"SPRF-PB";"DEL01-PB";"UOP04-DEL01-PB"
410157;2022-01-21;"sexta-feira";"07:20:00";"GO";60;388;"RIO VERDE";"Conversão proibida";"Colisão transversal";"Com Vítimas Feridas";"Pleno dia";"Crescente";"Céu Claro";"Dupla";"Reta";"Sim";2;0;1;0;1;0;1;2;-17,8151;-50,9343;"SPRF-GO";"DEL04-GO";"UOP01-DEL04-GO"
410158;2022-01-21;"sexta-feira";"06:10:00";"MS";163;31;"MUNDO NOVO";"Manobra de mudança de faixa";"Saída de leito carroçável";"Com Vítimas Feridas";"Amanhecer";"Decrescente";"Céu Claro";"Simples";"Aclive;Reta";"Não";2;0;2;0;0;0;2;1;-23,84437419;-54,33644772;"SPRF-MS";"DEL09-MS";"UOP02-DEL09-MS"
410159;2022-01-21;"sexta-feira";"08:30:00";"PI";316;46,5;"LAGOA DO PIAUI";"Manobra de mudança de faixa";"Colisão frontal";"Com Vítimas Feridas";"Pleno dia";"Crescente";"Céu Claro";"Simples";"Reta";"Não";5;0;2;0;2;1;2;3;-5,45656405;-42,6347776;"SPRF-PI";"DEL01-PI";"UOP02-DEL01-PI"
410161;2022-01-21;"sexta-feira";"05:45:00";"BA";101;895;"CARAVELAS";"Transitar na contramão";"Colisão frontal";"Com Vítimas Fatais";"Amanhecer";"Crescente";"Céu Claro";"Simples";"Reta";"Não";6;1;0;0;5;0;0;2;-17,61271464;-39,76091589;"SPRF-BA";"DEL09-BA";"UOP02-DEL09-BA"
410162;2022-01-21;"sexta-feira";"08:20:00";"PR";116;114,9;"CURITIBA";"Trafegar com motocicleta (ou similar) entre as faixas";"Colisão lateral mesmo sentido";"Com Vítimas Feridas";"Pleno dia";"Crescente";"Céu Claro";"Dupla";"Reta";"Sim";2;0;1;0;1;0;1;2;-25,56296907;-49,25643801;"SPRF-PR";"DEL01-PR";"UOP01-DEL01-PR"
410165;2022-01-21;"sexta-feira";"09:05:00";"DF";20;25,6;"BRASILIA";"Acessar a via sem observar a presença dos outros veículos";"Colisão transversal";"Com Vítimas Feridas";"Pleno dia";"Crescente";"Céu Claro";"Dupla";"Reta";"Sim";3;0;0;2;1;0;2;2;-15,595603;-47,649715;"SPRF-DF";"DEL02-DF";"UOP01-DEL02-DF"
410166;2022-01-21;"sexta-feira";"08:20:00";"BA";324;623;"SALVADOR";"Reação tardia ou ineficiente do condutor";"Colisão traseira";"Com Vítimas Feridas";"Pleno dia";"Crescente";"Sol";"Dupla";"Reta";"Sim";3;0;2;0;1;0;2;2;-12,92628699;-38,46838679;"SPRF-BA";"DEL01-BA";"UOP01-DEL01-BA"
410167;2022-01-21;"sexta-feira";"00:00:00";"BA";407;51;"JUAZEIRO";"Condutor Dormindo";"Saída de leito carroçável";"Sem Vítimas";"Plena Noite";"Crescente";"Céu Claro";"Simples";"Reta";"Não";4;0;0;0;4;0;0;1;-9,8224391;-40,31158619;"SPRF-BA";"DEL04-BA";"UOP01-DEL04-BA"
410170;2022-01-21;"sexta-feira";"08:20:00";"SC";101;20,8;"JOINVILLE";"Demais falhas mecânicas ou elétricas";"Incêndio";"Sem Vítimas";"Pleno dia";"Crescente";"Sol";"Dupla";"Reta";"Não";1;0;0;0;1;0;0;1;-26,140675;-48,902995;"SPRF-SC";"DEL03-SC";"UOP01-DEL03-SC"
410173;2022-01-21;"sexta-feira";"10:05:00";"PB";230;117,9;"INGA";"Velocidade Incompatível";"Saída de leito carroçável";"Sem Vítimas";"Pleno dia";"Decrescente";"Céu Claro";"Dupla";"Reta";"Não";1;0;0;0;1;0;0;1;-7,2393;-35,6128;"SPRF-PB";"DEL02-PB";"UOP01-DEL02-PB"
410175;2022-01-10;"segunda-feira";"11:30:00";"GO";153;159,2;"CAMPINORTE";"Acessar a via sem observar a presença dos outros veículos";"Colisão transversal";"Com Vítimas Feridas";"Pleno dia";"Decrescente";"Garoa/Chuvisco";"Simples";"Curva";"Não";2;0;0;1;1;0;1;2;-14,161362;-49,123016;"SPRF-GO";"DEL07-GO";"UOP02-DEL07-GO"
410179;2022-01-21;"sexta-feira";"08:50:00";"MA";135;18;"SAO LUIS";"Demais falhas mecânicas ou elétricas";"Saída de leito carroçável";"Com Vítimas Feridas";"Pleno dia";"Crescente";"Céu Claro";"Dupla";"Reta";"Não";3;0;1;2;0;0;3;1;-2,71719899;-44,32099307;"SPRF-MA";"DEL01-MA";"UOP01-DEL01-MA"
410181;2022-01-21;"sexta-feira";"07:40:00";"MG";40;246;"SAO GONCALO DO ABAETE";"Chuva";"Saída de leito carroçável";"Com Vítimas Feridas";"Pleno dia";"Crescente";"Chuva";"Simples";"Curva";"Não";1;0;0;1;0;0;1;1;-18,10077414;-45,46908824;"SPRF-MG";"DEL14-MG";"UOP02-DEL14-MG"
410183;2022-01-21;"sexta-feira";"09:40:00";"SP";116;214;"GUARULHOS";"Ausência de reação do condutor";"Tombamento";"Com Vítimas Feridas";"Pleno dia";"Crescente";"Céu Claro";"Múltipla";"Desvio Temporário;Em Obras";"Sim";1;0;1;0;0;0;1;1;-23,44333014;-46,44531294;"SPRF-SP";"DEL01-SP";"UOP01-DEL01-SP"
410184;2022-01-21;"sexta-feira";"08:10:00";"MT";70;3;"BARRA DO GARCAS";"Animais na Pista";"Atropelamento de Animal";"Com Vítimas Feridas";"Pleno dia";"Decrescente";"Céu Claro";"Dupla";"Reta";"Sim";1;0;1;0;0;0;1;1;-15,88252843;-52,27574027;"SPRF-MT";"DEL07-MT";"UOP01-DEL07-MT"
410185;2022-01-21;"sexta-feira";"04:00:00";"PR";277;700,7;"SAO MIGUEL DO IGUACU";"Pedestre andava na pista";"Atropelamento de Pedestre";"Com Vítimas Fatais";"Plena Noite";"Crescente";"Céu Claro";"Dupla";"Reta";"Não";2;1;0;0;0;1;0;2;-25,40601241;-54,32821775;"SPRF-PR";"DEL05-PR";"UOP01-DEL05-PR"
410187;2022-01-21;"sexta-feira";"10:50:00";"PB";230;117,9;"INGA";"Avarias e/ou desgaste excessivo no pneu";"Colisão traseira";"Sem Vítimas";"Pleno dia";"Decrescente";"Chuva";"Dupla";"Reta";"Não";4;0;0;0;3;1;0;4;-7,2393;-35,6128;"SPRF-PB";"DEL02-PB";"UOP01-DEL02-PB"
410188;2022-01-21;"sexta-feira";"10:15:00";"BA";330;797;"JEQUIE";"Condutor deixou de manter distância do veículo da frente";"Colisão traseira";"Sem Vítimas";"Pleno dia";"Decrescente";"Céu Claro";"Simples";"Reta";"Não";2;0;0;0;2;0;0;2;-13,92326817;-40,00455215;"SPRF-BA";"DEL03-BA";"UOP01-DEL03-BA"
410191;2022-01-21;"sexta-feira";"11:30:00";"SP";116;146;"SAO JOSE DOS CAMPOS";"Manobra de mudança de faixa";"Colisão lateral mesmo sentido";"Com Vítimas Feridas";"Pleno dia";"Crescente";"Céu Claro";"Dupla";"Reta;Aclive";"Sim";4;0;1;0;1;2;1;4;-23,19542994;-45,87176303;"SPRF-SP";"DEL02-SP";"UOP01-DEL02-SP"
410192;2022-01-21;"sexta-feira";"11:35:00";"ES";101;179;"ARACRUZ";"Acessar a via sem observar a presença dos outros veículos";"Colisão transversal";"Com Vítimas Feridas";"Pleno dia";"Decrescente";"Sol";"Simples";"Reta";"Sim";2;0;1;0;1;0;1;2;-19,61640717;-40,21532077;"SPRF-ES";"DEL04-ES";"UOP01-DEL04-ES"
410194;2022-01-21;"sexta-feira";"12:25:00";"PR";376;118;"JANDAIA DO SUL";"Reação tardia ou ineficiente do condutor";"Queda de ocupante de veículo";"Com Vítimas Feridas";"Pleno dia";"Crescente";"Céu Claro";"Simples";"Declive";"Sim";1;0;1;0;0;0;1;1;-23,58160884;-51,6494751;"SPRF-PR";"DEL09-PR";"UOP02-DEL09-PR"
410195;2022-01-21;"sexta-feira";"12:00:00";"PE";101;68;"RECIFE";"Acessar a via sem observar a presença dos outros veículos";"Atropelamento de Pedestre";"Com Vítimas Feridas";"Pleno dia";"Crescente";"Céu Claro";"Dupla";"Reta";"Sim";3;0;1;0;1;1;1;3;-8,05074296;-34,94580619;"SPRF-PE";"DEL01-PE";"UOP01-DEL01-PE"
410196;2022-01-21;"sexta-feira";"11:50:00";"RJ";101;487;"ANGRA DOS REIS";"Condutor deixou de manter distância do veículo da frente";"Colisão traseira";"Sem Vítimas";"Pleno dia";"Crescente";"Céu Claro";"Simples";"Reta";"Sim";5;0;0;0;5;0;0;2;-22,96828891;-44,29864663;"SPRF-RJ";"DEL03-RJ";"UOP03-DEL03-RJ"
410198;2022-01-21;"sexta-feira";"11:45:00";"PR";369;138,8;"IBIPORA";"Acesso irregular";"Colisão transversal";"Com Vítimas Feridas";"Pleno dia";"Crescente";"Céu Claro";"Simples";"Curva;Interseção de Vias";"Sim";2;0;1;0;1;0;1;2;-23,27352675;-51,05338862;"SPRF-PR";"DEL07-PR";"UOP01-DEL07-PR"
410199;2022-01-01;"sábado";"18:10:00";"SC";101;144;"ITAPEMA";"Trafegar com motocicleta (ou similar) entre as faixas";"Colisão lateral mesmo sentido";"Com Vítimas Feridas";"Anoitecer";"Decrescente";"Céu Claro";"Dupla";"Reta";"Não";3;0;0;1;2;0;1;3;-27,0732659;-48,59672716;"SPRF-SC";"DEL04-SC";"UOP03-DEL04-SC"