"id";"data_inversa";"dia_semana";"horario";"uf";"br";"km";"municipio";"causa_acidente";"tipo_acidente";"classificacao_acidente";"fase_dia";"sentido_via";"condicao_metereologica";"tipo_pista";"tracado_via";"uso_solo";"pessoas";"mortos";"feridos_leves";"feridos_graves";"ilesos";"ignorados";"feridos";"veiculos";"latitude";"longitude";"regional";"delegacia";"uop"
410206;2022-01-21;"sexta-feira";"12:30:00";"PR";476;279,2;"SAO MATEUS DO SUL";"Acessar a via sem observar a presença dos outros veículos";"Colisão transversal";"Com Vítimas Feridas";"Pleno dia";"Crescente";"Sol";"Simples";"Reta";"Sim";2;0;1;0;1;0;1;2;-25,871132;-50,406021;"SPRF-PR";"DEL02-PR";"UOP04-DEL02-PR"
410213;2022-01-21;"sexta-feira";"13:20:00";"TO";153;514;"PUGMIL";"Manobra de mudança de faixa";"Saída de leito carroçável";"Com Vítimas Feridas";"Pleno dia";"Decrescente";"Sol";"Simples";"Reta";"Não";1;0;1;0;0;0;1;1;-10,32632095;-48,88709041;"SPRF-TO";"DEL01-TO";"UOP01-DEL01-TO"
410214;2022-01-21;"sexta-feira";"11:30:00";"RO";364;600;"ITAPUA DO OESTE";"Pista Escorregadia";"Tombamento";"Com Vítimas Feridas";"Pleno dia";"Crescente";"Céu Claro";"Simples";"Reta";"Não";2;0;1;0;1;0;1;1;-9,22239207;-63,1713643;"SPRF-RO";"DEL01-RO";"UOP04-DEL01-RO"
410215;2022-01-21;"sexta-feira";"12:30:00";"PE";232;80,8;"GRAVATA";"Ingestão de álcool pelo condutor";"Colisão lateral mesmo sentido";"Com Vítimas Feridas";"Pleno dia";"Decrescente";"Sol";"Múltipla";"Reta";"Não";2;0;1;0;1;0;1;2;-8,19579864;-35,56962305;"SPRF-PE";"DEL02-PE";"UOP02-DEL02PE"
410216;2022-01-21;"sexta-feira";"13:15:00";"RO";319;64,1;"PORTO VELHO";"Condutor desrespeitou a iluminação vermelha do semáforo";"Colisão transversal";"Com Vítimas Feridas";"Pleno dia";"Crescente";"Sol";"Dupla";"Interseção de Vias";"Sim";2;0;1;0;1;0;1;2;-8,76752947;-63,88420233;"SPRF-RO";"DEL01-RO";"UOP01-DEL01-RO"
410217;2022-01-21;"sexta-feira";"12:40:00";"RJ";40;75;"PETROPOLIS";"Acessar a via sem observar a presença dos outros veículos";"Colisão lateral mesmo sentido";"Sem Vítimas";"Pleno dia";"Decrescente";"Céu Claro";"Simples";"Curva";"Não";2;0;0;0;2;0;0;2;-22,46857126;-43,22958698;"SPRF-RJ";"DEL06-RJ";"UOP01-DEL06-RJ"
410220;2022-01-21;"sexta-feira";"10:20:00";"SC";280;40;"ARAQUARI";"Demais falhas mecânicas ou elétricas";"Incêndio";"Sem Vítimas";"Pleno dia";"Decrescente";"Céu Claro";"Simples";"Reta";"Não";1;0;0;0;0;1;0;1;-26,44938176;-48,84792002;"SPRF-SC";"DEL03-SC";"UOP03-DEL03-SC"
410221;2022-01-21;"sexta-feira";"15:15:00";"RJ";116;172;"SAO JOAO DE MERITI";"Condutor deixou de manter distância do veículo da frente";"Colisão traseira";"Com Vítimas Feridas";"Pleno dia";"Crescente";"Céu Claro";"Múltipla";"Reta";"Sim";4;0;1;0;3;0;1;2;-22,80188151;-43,35043673;"SPRF-RJ";"DEL01-RJ";"UOP02-DEL01-RJ"
410223;2022-01-21;"sexta-feira";"14:40:00";"TO";153;648;"DUERE";"Ingestão de álcool pelo condutor";"Saída de leito carroçável";"Sem Vítimas";"Pleno dia";"Decrescente";"Céu Claro";"Simples";"Reta";"Não";1;0;0;0;1;0;0;1;-11,51790109;-49,01264672;"SPRF-TO";"DEL01-TO";"UOP02-DEL01-TO"
410225;2022-01-21;"sexta-feira";"12:15:00";"PR";277;31;"MORRETES";"Manobra de mudança de faixa";"Tombamento";"Com Vítimas Fatais";"Pleno dia";"Decrescente";"Céu Claro";"Dupla";"Curva";"Não";2;1;0;0;0;1;0;2;-25,52874613;-48,73512603;"SPRF-PR";"DEL01-PR";"UOP05-DEL01-PR"
410226;2022-01-21;"sexta-feira";"15:25:00";"PR";277;105;"CURITIBA";"Condutor deixou de manter distância do veículo da frente";"Colisão traseira";"Com Vítimas Feridas";"Pleno dia";"Decrescente";"Céu Claro";"Dupla";"Curva";"Sim";2;0;1;0;1;0;1;2;-25,4315812;-49,420598;"SPRF-PR";"DEL01-PR";"UOP03-DEL03-PR"
410227;2022-01-21;"sexta-feira";"12:00:00";"MS";267;167,5;"NOVA ANDRADINA";"Condutor deixou de manter distância do veículo da frente";"Colisão traseira";"Sem Vítimas";"Pleno dia";"Crescente";"Céu Claro";"Simples";"Reta";"Não";1;0;0;0;0;1;0;1;-21,62543028;-53,63502303;"SPRF-MS";"DEL02-MS";"UOP03-DEL02-MS"
410230;2022-01-21;"sexta-feira";"15:15:00";"PR";163;76,6;"PLANALTO";"Avarias e/ou desgaste excessivo no pneu";"Saída de leito carroçável";"Com Vítimas Feridas";"Pleno dia";"Decrescente";"Chuva";"Simples";"Aclive;Curva";"Não";1;0;0;1;0;0;1;1;-25,748276;-53,79783;"SPRF-PR";"DEL02-PR";"UOP02-DEL02-PR"
410231;2022-01-21;"sexta-feira";"07:20:00";"MG";381;490;"BETIM";"Acessar a via sem observar a presença dos outros veículos";"Atropelamento de Pedestre";"Sem Vítimas";"Pleno dia";"Crescente";"Céu Claro";"Dupla";"Curva";"Sim";2;0;0;0;2;0;0;2;-19,96502819;-44,17422195;"SPRF-MG";"DEL01-MG";"UOP03-DEL01-MG"
410233;2022-01-21;"sexta-feira";"15:30:00";"PI";230;306;"FLORIANO";"Acessar a via sem observar a presença dos outros veículos";"Colisão transversal";"Com Vítimas Feridas";"Pleno dia";"Crescente";"Céu Claro";"Simples";"Reta";"Sim";2;0;0;1;1;0;1;2;-6,79173488;-42,98594092;"SPRF-PI";"DEL03-PI";"UOP01-DEL03-PI"
410234;2022-01-21;"sexta-feira";"16:30:00";"MG";116;276;"TEOFILO OTONI";"Ausência de reação do condutor";"Tombamento";"Com Vítimas Feridas";"Pleno dia";"Crescente";"Céu Claro";"Dupla";"Reta";"Sim";1;0;1;0;0;0;1;1;-17,85105696;-41,51454492;"SPRF-MG";"DEL11-MG";"UOP01-DEL11-MG"
410235;2022-01-21;"sexta-feira";"16:50:00";"SC";101;128,7;"BALNEARIO CAMBORIU";"Condutor deixou de manter distância do veículo da frente";"Colisão traseira";"Com Vítimas Feridas";"Pleno dia";"Crescente";"Céu Claro";"Dupla";"Reta";"Não";2;0;0;1;1;0;1;2;-26,97284292;-48,68299451;"SPRF-SC";"DEL04-SC";"UOP03-DEL04-SC"
410237;2022-01-21;"sexta-feira";"16:50:00";"PE";232;148;"SAO CAITANO";"Condutor deixou de manter distância do veículo da frente";"Colisão traseira";"Com Vítimas Feridas";"Pleno dia";"Decrescente";"Céu Claro";"Dupla";"Reta";"Sim";2;0;2;0;0;0;2;2;-8,3299704;-36,14553018;"SPRF-PE";"DEL02-PE";"UOP03-DEL02-PE"
410238;2022-01-21;"sexta-feira";"16:20:00";"MS";163;39,5;"ELDORADO";"Ausência de reação do condutor";"Tombamento";"Com Vítimas Feridas";"Pleno dia";"Crescente";"Céu Claro";"Simples";"Reta";"Sim";1;0;0;1;0;0;1;1;-23,7948851;-54,28686992;"SPRF-MS";"DEL09-MS";"UOP02-DEL09-MS"
410239;2022-01-21;"sexta-feira";"16:40:00";"ES";101;127;"SOORETAMA";"Manobra de mudança de faixa";"Colisão lateral mesmo sentido";"Com Vítimas Feridas";"Pleno dia";"Crescente";"Sol";"Dupla";"Reta";"Sim";2;0;1;0;1;0;1;2;-19,202898;-40,095524;"SPRF-ES";"DEL04-ES";"UOP01-DEL04-ES"
410242;2022-01-21;"sexta-feira";"16:25:00";"RJ";465;20;"NOVA IGUACU";"Acessar a via sem observar a presença dos outros veículos";"Colisão transversal";"Com Vítimas Feridas";"Pleno dia";"Decrescente";"Sol";"Simples";"Reta";"Sim";3;0;0;1;1;1;1;3;-22,846828;-43,605339;"SPRF-RJ";"DEL03-RJ";"UOP01-DEL03-RJ"
410244;2022-01-21;"sexta-feira";"11:30:00";"GO";60;137;"GOIANIA";"Manobra de mudança de faixa";"Colisão traseira";"Com Vítimas Feridas";"Pleno dia";"Crescente";"Céu Claro";"Dupla";"Reta";"Sim";2;0;1;0;1;0;1;2;-16,603;-49,2023;"SPRF-GO";"DEL01-GO";"UOP01-DEL01-GO"
410248;2022-01-21;"sexta-feira";"18:15:00";"PR";116;121;"CURITIBA";"Ausência de reação do condutor";"Engavetamento";"Sem Vítimas";"Pleno dia";"Crescente";"Céu Claro";"Dupla";"Reta";"Sim";3;0;0;0;2;1;0;3;-25,5599323;-49,30743945;"SPRF-PR";"DEL01-PR";"UOP03-DEL01-PR"
410254;2022-01-21;"sexta-feira";"18:30:00";"RJ";101;51;"CAMPOS DOS GOYTACAZES";"Animais na Pista";"Atropelamento de Animal";"Com Vítimas Feridas";"Anoitecer";"Crescente";"Céu Claro";"Simples";"Reta";"Sim";1;0;1;0;0;0;1;1;-21,648289;-41,311355;"SPRF-RJ";"DEL08-RJ";"UOP01-DEL08-RJ"
410255;2022-01-21;"sexta-feira";"18:20:00";"PR";469;15,5;"FOZ DO IGUACU";"Acessar a via sem observar a presença dos outros veículos";"Colisão lateral mesmo sentido";"Com Vítimas Feridas";"Pleno dia";"Crescente";"Céu Claro";"Simples";"Declive;Interseção de Vias";"Sim";2;0;1;0;1;0;1;2;-25,582017;-54,527117;"SPRF-PR";"DEL05-PR";"UOP04-DEL05-PR"
410256;2022-01-21;"sexta-feira";"18:00:00";"SC";101;209,9;"SAO JOSE";"Condutor deixou de manter distância do veículo da frente";"Colisão traseira";"Sem Vítimas";"Pleno dia";"Decrescente";"Céu Claro";"Múltipla";"Aclive;Reta";"Sim";2;0;0;0;2;0;0;2;-27,61509051;-48,64370584;"SPRF-SC";"DEL01-SC";"UOP01-DEL01-SC"
410257;2022-01-21;"sexta-feira";"17:30:00";"RJ";101;315;"SAO GONCALO";"Ausência de reação do condutor";"Colisão com objeto";"Com Vítimas Feridas";"Anoitecer";"Crescente";"Céu Claro";"Dupla";"Reta";"Sim";1;0;1;0;0;0;1;1;-22,82262092;-43,08460805;"SPRF-RJ";"DEL02-RJ";"UOP02-DEL02-RJ"
410260;2022-01-21;"sexta-feira";"10:55:00";"SC";282;355;"CAMPOS NOVOS";"Demais falhas mecânicas ou elétricas";"Tombamento";"Com Vítimas Feridas";"Amanhecer";"Decrescente";"Céu Claro";"Simples";"Reta";"Não";2;0;2;0;0;0;2;1;-27,350309;-51,335823;"SPRF-SC";"DEL07-SC";"UOP06-DEL07-SC"
410261;2022-01-21;"sexta-feira";"18:35:00";"AP";210;0;"MACAPA";"Ingestão de álcool pelo condutor";"Colisão transversal";"Sem Vítimas";"Anoitecer";"Decrescente";"Céu Claro";"Dupla";"Reta";"Sim";2;0;0;0;2;0;0;2;0,07780012;-51,06097;"SPRF-AP";"DEL01-AP";"UOP01-DEL01-AP"
410263;2022-01-21;"sexta-feira";"18:10:00";"PB";230;161,9;"CAMPINA GRANDE";"Ausência de reação do condutor";"Atropelamento de Pedestre";"Com Vítimas Feridas";"Plena Noite";"Decrescente";"Nublado";"Simples";"Reta";"Não";2;0;0;2;0;0;2;2;-7,2361;-35,941;"SPRF-PB";"DEL02-PB";"UOP01-DEL02-PB"
410265;2022-01-21;"sexta-feira";"11:55:00";"SC";101;106,3;"PENHA";"Ausência de reação do condutor";"Colisão traseira";"Com Vítimas Feridas";"Pleno dia";"Crescente";"Céu Claro";"Simples";"Reta";"Não";2;0;1;0;1;0;1;2;-26,81406332;-48,68335962;"SPRF-SC";"DEL03-SC";"UOP02-DEL03-SC"
410266;2022-01-21;"sexta-feira";"18:07:00";"GO";40;21,8;"LUZIANIA";"Ultrapassagem Indevida";"Colisão lateral mesmo sentido";"Com Vítimas Feridas";"Pleno dia";"Crescente";"Nublado";"Dupla";"Reta";"Sim";2;0;1;0;1;0;1;2;-16,218542;-47,915731;"SPRF-DF";"DEL01-DF";"UOP01-DEL01-DF"
410268;2022-01-21;"sexta-feira";"15:00:00";"MA";222;346,9;"MONCAO";"Manobra de mudança de faixa";"Colisão frontal";"Com Vítimas Fatais";"Pleno dia";"Crescente";"Céu Claro";"Simples";"Reta";"Não";5;1;1;1;0;2;2;3;-3,68200289;-45,26229858;"SPRF-MA";"DEL02-MA";"UOP01-DEL02-MA"
410269;2022-01-21;"sexta-feira";"19:10:00";"RS";101;87;"OSORIO";"Ingestão de álcool pelo condutor";"Saída de leito carroçável";"Com Vítimas Feridas";"Pleno dia";"Crescente";"Céu Claro";"Múltipla";"Reta";"Sim";1;0;1;0;0;0;1;1;-29,88335081;-50,26856661;"SPRF-RS";"DEL03-RS";"UOP01-DEL03-RS"
410270;2022-01-21;"sexta-feira";"19:30:00";"PR";376;186,3;"SARANDI";"Demais falhas mecânicas ou elétricas";"Queda de ocupante de veículo";"Com Vítimas Feridas";"Pleno dia";"Crescente";"Céu Claro";"Dupla";"Reta;Aclive";"Sim";2;0;2;0;0;0;2;1;-23,45643624;-51,84510713;"SPRF-PR";"DEL09-PR";"UOP01-DEL09-PR"
410271;2022-01-21;"sexta-feira";"19:45:00";"PR";376;191;"MARIALVA";"Reação tardia ou ineficiente do condutor";"Colisão traseira";"Com Vítimas Feridas";"Plena Noite";"Crescente";"Céu Claro";"Dupla";"Reta";"Não";4;0;0;1;1;2;1;4;-23,47952242;-51,80363021;"SPRF-PR";"DEL09-PR";"UOP01-DEL09-PR"
410273;2022-01-21;"sexta-feira";"18:10:00";"SC";470;8,8;"NAVEGANTES";"Acessar a via sem observar a presença dos outros veículos";"Colisão frontal";"Com Vítimas Feridas";"Pleno dia";"Decrescente";"Céu Claro";"Simples";"Reta";"Sim";3;0;0;1;1;1;1;3;-26,83688;-48,718853;"SPRF-SC";"DEL04-SC";"UOP04-DEL04-SC"
410274;2022-01-21;"sexta-feira";"20:25:00";"GO";153;552;"PIRACANJUBA";"Pedestre andava na pista";"Atropelamento de Pedestre";"Com Vítimas Fatais";"Plena Noite";"Crescente";"Céu Claro";"Dupla";"Reta";"Não";2;1;0;0;0;1;0;2;-17,1589;-49,2139;"SPRF-GO";"DEL01-GO";"UOP03-DEL01-GO"
410277;2022-01-21;"sexta-feira";"18:50:00";"CE";20;417;"FORTALEZA";"Animais na Pista";"Atropelamento de Animal";"Com Vítimas Feridas";"Plena Noite";"Crescente";"Céu Claro";"Dupla";"Reta";"Sim";1;0;1;0;0;0;1;1;-3,76999035;-38,67006282;"SPRF-CE";"DEL01-CE";"UOP02-DEL01-CE"
410279;2022-01-21;"sexta-feira";"19:50:00";"SC";163;105,8;"SAO JOSE DO CEDRO";"Condutor deixou de manter distância do veículo da frente";"Colisão traseira";"Sem Vítimas";"Plena Noite";"Crescente";"Céu Claro";"Simples";"Reta";"Não";2;0;0;0;1;1;0;2;-26,44612099;-53,51490283;"SPRF-SC";"DEL07-SC";"UOP03-DEL07-SC"
410281;2022-01-21;"sexta-feira";"20:20:00";"RS";158;81,5;"BOA VISTA DAS MISSOES";"Transitar na contramão";"Colisão frontal";"Com Vítimas Feridas";"Plena Noite";"Crescente";"Céu Claro";"Simples";"Reta";"Não";2;0;0;1;1;0;1;2;-27,75647805;-53,31871832;"SPRF-RS";"DEL08-RS";"UOP02-DEL08-RS"
410282;2022-01-21;"sexta-feira";"20:10:00";"SC";101;134;"BALNEARIO CAMBORIU";"Ausência de reação do condutor";"Colisão traseira";"Sem Vítimas";"Plena Noite";"Crescente";"Céu Claro";"Múltipla";"Curva";"Sim";2;0;0;0;2;0;0;2;-27,00218;-48,636433;"SPRF-SC";"DEL04-SC";"UOP03-DEL04-SC"
410283;2022-01-21;"sexta-feira";"17:30:00";"SP";116;297;"ITAPECERICA DA SERRA";"Pista esburacada";"Eventos atípicos";"Sem Vítimas";"Pleno dia";"Crescente";"Céu Claro";"Dupla";"Reta";"Não";2;0;0;0;2;0;0;1;-23,78323219;-46,91437053;"SPRF-SP";"DEL04-SP";"UOP01-DEL04-SP"
410288;2022-01-21;"sexta-feira";"15:40:00";"SC";280;32;"ARAQUARI";"Ultrapassagem Indevida";"Colisão transversal";"Com Vítimas Feridas";"Pleno dia";"Decrescente";"Céu Claro";"Simples";"Declive;Curva";"Sim";3;0;0;1;1;1;1;3;-26,420618;-48,779335;"SPRF-SC";"DEL03-SC";"UOP03-DEL03-SC"
410291;2022-01-21;"sexta-feira";"21:45:00";"PE";232;408,9;"SERRA TALHADA";"Manobra de mudança de faixa";"Colisão transversal";"Com Vítimas Feridas";"Plena Noite";"Crescente";"Céu Claro";"Simples";"Reta";"Sim";3;0;0;1;2;0;1;2;-7,98371447;-38,28047709;"SPRF-PE";"DEL04-PE";"UOP01-DEL04-PE"
410295;2022-01-21;"sexta-feira";"19:50:00";"SP";116;87;"PINDAMONHANGABA";"Ausência de reação do condutor";"Colisão traseira";"Com Vítimas Feridas";"Plena Noite";"Crescente";"Nublado";"Múltipla";"Reta";"Sim";2;0;1;0;1;0;1;1;-22,93065267;-45,36166116;"SPRF-SP";"DEL08-SP";"UOP01-DEL08-SP"
410296;2022-01-21;"sexta-feira";"13:00:00";"PI";135;143;"FLORIANO";"Reação tardia ou ineficiente do condutor";"Saída de leito carroçável";"Com Vítimas Feridas";"Pleno dia";"Crescente";"Céu Claro";"Simples";"Reta";"Não";4;0;1;0;3;0;1;1;-6,7930758;-42,9837854;"SPRF-PI";"DEL03-PI";"UOP01-DEL03-PI"
410297;2022-01-21;"sexta-feira";"11:50:00";"BA";101;388;"IBIRAPITANGA";"Velocidade Incompatível";"Colisão com objeto";"Com Vítimas Feridas";"Pleno dia";"Crescente";"Céu Claro";"Simples";"Reta";"Não";3;0;3;0;0;0;3;1;-14,01967232;-39,43001235;"SPRF-BA";"DEL05-BA";"UOP03-DEL05-BA"
410298;2022-01-21;"sexta-feira";"23:00:00";"RS";386;271,3;"FONTOURA XAVIER";"Pedestre andava na pista";"Atropelamento de Pedestre";"Com Vítimas Fatais";"Plena Noite";"Decrescente";"Céu Claro";"Simples";"Reta";"Não";2;1;0;0;1;0;0;2;-28,98372314;-52,36695528;"SPRF-RS";"DEL04-RS";"UOP03-DEL04-RS"
410299;2022-01-21;"sexta-feira";"22:00:00";"BA";116;780;"PLANALTO";"Reação tardia ou ineficiente do condutor";"Tombamento";"Com Vítimas Feridas";"Plena Noite";"Crescente";"Céu Claro";"Simples";"Reta";"Não";1;0;0;1;0;0;1;1;-14,6758884;-40,50196;"SPRF-BA";"DEL08-BA";"UOP02-DEL08-BA"
410301;2022-01-21;"sexta-feira";"23:20:00";"PR";116;15,7;"COLOMBO";"Ingestão de álcool e/ou substâncias psicoativas pelo pedestre";"Atropelamento de Pedestre";"Com Vítimas Fatais";"Plena Noite";"Crescente";"Céu Claro";"Dupla";"Declive";"Sim";2;1;0;0;1;0;0;2;-25,3848;-49,1711;"SPRF-PR";"DEL01-PR";"UOP02-DEL01-PR"
410303;2022-01-21;"sexta-feira";"19:10:00";"BA";324;329;"JACOBINA";"Conversão proibida";"Colisão frontal";"Com Vítimas Feridas";"Plena Noite";"Crescente";"Céu Claro";"Simples";"Reta";"Não";3;0;0;3;0;0;3;2;-11,28362475;-40,2299829;"SPRF-BA";"DEL04-BA";"UOP02-DEL04-BA"
410305;2022-01-21;"sexta-feira";"23:35:00";"RS";116;302;"GUAIBA";"Reação tardia ou ineficiente do condutor";"Saída de leito carroçável";"Sem Vítimas";"Plena Noite";"Crescente";"Céu Claro";"Dupla";"Reta";"Sim";1;0;0;0;0;1;0;1;-30,13970487;-51,35942618;"SPRF-RS";"DEL02-RS";"UOP01-DEL02-RS"
410306;2022-01-21;"sexta-feira";"21:10:00";"MT";70;565;"NOSSA SENHORA DO LIVRAMENTO";"Demais falhas mecânicas ou elétricas";"Incêndio";"Sem Vítimas";"Plena Noite";"Crescente";"Nublado";"Simples";"Reta";"Não";1;0;0;0;1;0;0;1;-15,69411116;-56,44290597;"SPRF-MT";"DEL03-MT";"UOP02-DEL03-MT"
410308;2022-01-22;"sábado";"00:20:00";"ES";259;61;"COLATINA";"Animais na Pista";"Atropelamento de Animal";"Com Vítimas Feridas";"Plena Noite";"Decrescente";"Céu Claro";"Simples";"Reta";"Não";5;0;1;4;0;0;5;1;-19,53079717;-40,68209478;"SPRF-ES";"DEL02-ES";"UOP01-DEL02-ES"
410310;2022-01-22;"sábado";"00:30:00";"RS";290;140,2;"ELDORADO DO SUL";"Ingestão de álcool pelo condutor";"Saída de leito carroçável";"Sem Vítimas";"Plena Noite";"Decrescente";"Céu Claro";"Simples";"Reta";"Não";1;0;0;0;1;0;0;1;-30,082417;-51,609337;"SPRF-RS";"DEL02-RS";"UOP01-DEL02-RS"
410311;2022-01-22;"sábado";"00:40:00";"SP";153;227,6;"MARILIA";"Ausência de reação do condutor";"Saída de leito carroçável";"Sem Vítimas";"Amanhecer";"Crescente";"Nublado";"Simples";"Aclive";"Não";1;0;0;0;1;0;0;1;-22,05871399;-49,90221969;"SPRF-SP";"DEL07-SP";"UOP02-DEL07-SP"
410312;2022-01-22;"sábado";"00:10:00";"RJ";393;282;"BARRA DO PIRAI";"Acumulo de óleo sobre o pavimento";"Queda de ocupante de veículo";"Com Vítimas Feridas";"Plena Noite";"Crescente";"Céu Claro";"Simples";"Reta";"Sim";1;0;0;1;0;0;1;1;-22,48082784;-44,04047201;"SPRF-RJ";"DEL05-RJ";"UOP04-DEL05-RJ"
410315;2022-01-21;"sexta-feira";"23:00:00";"MA";222;641;"ACAILANDIA";"Reação tardia ou ineficiente do condutor";"Tombamento";"Com Vítimas Feridas";"Plena Noite";"Crescente";"Céu Claro";"Simples";"Aclive";"Não";49;0;3;1;45;0;4;1;-4,79113692;-47,20409303;"SPRF-MA";"DEL04-MA";"UOP03-DEL04-MA"
410318;2022-01-22;"sábado";"01:25:00";"RS";386;216,8;"TIO HUGO";"Ausência de reação do condutor";"Colisão lateral sentido oposto";"Com Vítimas Feridas";"Plena Noite";"Decrescente";"Céu Claro";"Simples";"Reta";"Não";4;0;2;0;2;0;2;2;-28,592888;-52,603817;"SPRF-RS";"DEL04-RS";"UOP03-DEL04-RS"
410319;2022-01-22;"sábado";"01:30:00";"MG";40;728;"BARBACENA";"Velocidade Incompatível";"Saída de leito carroçável";"Com Vítimas Feridas";"Plena Noite";"Crescente";"Céu Claro";"Dupla";"Declive;Curva";"Não";1;0;0;1;0;0;1;1;-21,31842199;-43,58689599;"SPRF-MG";"DEL05-MG";"UOP01-DEL05-MG"
410321;2022-01-22;"sábado";"03:00:00";"SC";101;177,7;"TIJUCAS";"Velocidade Incompatível";"Colisão lateral mesmo sentido";"Com Vítimas Feridas";"Plena Noite";"Crescente";"Céu Claro";"Dupla";"Reta";"Não";2;0;1;0;1;0;1;2;-27,35538202;-48,63241474;"SPRF-SC";"DEL01-SC";"UOP01-DEL01-SC"
410323;2022-01-22;"sábado";"02:20:00";"SP";116;215;"GUARULHOS";"Manobra de mudança de faixa";"Queda de ocupante de veículo";"Com Vítimas Feridas";"Plena Noite";"Crescente";"Nublado";"Múltipla";"Reta";"Sim";2;0;2;0;0;0;2;1;-23,44695693;-46,45394103;"SPRF-SP";"DEL01-SP";"UOP01-DEL01-SP"
410324;2022-01-21;"sexta-feira";"18:45:00";"SP";101;223;"GUARULHOS";"Entrada inopinada do pedestre";"Atropelamento de Pedestre";"Com Vítimas Fatais";"Anoitecer";"Crescente";"Céu Claro";"Múltipla";"Reta";"Sim";4;1;0;0;3;0;0;2;-23,47795329;-46,52916409;"SPRF-SP";"DEL06-SP";"UOP01-DEL06-SP"
410325;2022-01-22;"sábado";"03:20:00";"RS";158;326;"SANTA MARIA";"Ingestão de álcool pelo condutor";"Tombamento";"Com Vítimas Feridas";"Plena Noite";"Crescente";"Céu Claro";"Simples";"Em Obras;Desvio Temporário;Rotatória";"Sim";1;0;1;0;0;0;1;1;-29,7160119;-53,8097039;"SPRF-RS";"DEL09-RS";"UOP01-DEL09-RS"
410326;2022-01-22;"sábado";"03:30:00";"SP";116;224,1;"GUARULHOS";"Reação tardia ou ineficiente do condutor";"Colisão com objeto";"Com Vítimas Feridas";"Amanhecer";"Decrescente";"Céu Claro";"Múltipla";"Reta";"Sim";1;0;1;0;0;0;1;1;-23,4836831;-46,53733676;"SPRF-SP";"DEL01-SP";"UOP01-DEL01-SP"
410327;2022-01-22;"sábado";"02:15:00";"PI";316;5,5;"TERESINA";"Reação tardia ou ineficiente do condutor";"Colisão traseira";"Com Vítimas Feridas";"Plena Noite";"Decrescente";"Céu Claro";"Simples";"Interseção de Vias;Reta";"Sim";3;0;1;0;2;0;1;2;-5,14169858;-42,78157276;"SPRF-PI";"DEL01-PI";"UOP02-DEL01-PI"
410328;2022-01-21;"sexta-feira";"21:30:00";"PE";428;34,5;"OROCO";"Acessar a via sem observar a presença dos outros veículos";"Atropelamento de Pedestre";"Com Vítimas Fatais";"Plena Noite";"Decrescente";"Céu Claro";"Simples";"Reta";"Não";2;1;0;0;0;1;0;2;-8,5320588;-39,51148312;"SPRF-PE";"DEL05-PE";"UOP03-DEL05-PE"
410330;2022-01-22;"sábado";"04:35:00";"PR";369;143,6;"LONDRINA";"Ingestão de álcool pelo condutor";"Colisão traseira";"Com Vítimas Feridas";"Plena Noite";"Decrescente";"Nublado";"Dupla";"Reta;Aclive";"Sim";4;0;2;1;0;1;3;3;-23,29314781;-51,10033572;"SPRF-PR";"DEL07-PR";"UOP01-DEL07-PR"
410331;2022-01-22;"sábado";"05:00:00";"RS";116;243;"SAO LEOPOLDO";"Avarias e/ou desgaste excessivo no pneu";"Tombamento";"Com Vítimas Feridas";"Amanhecer";"Crescente";"Céu Claro";"Múltipla";"Reta";"Sim";2;0;1;0;0;1;1;2;-29,73196199;-51,14952004;"SPRF-RS";"DEL01-RS";"UOP02-DEL01-RS"
410333;2022-01-22;"sábado";"05:00:00";"RS";285;325,2;"CARAZINHO";"Reação tardia ou ineficiente do condutor";"Saída de leito carroçável";"Com Vítimas Feridas";"Amanhecer";"Crescente";"Céu Claro";"Simples";"Reta";"Não";2;0;1;1;0;0;2;1;-28,268545;-52,669102;"SPRF-RS";"DEL08-RS";"UOP03-DEL08-RS"
410334;2022-01-22;"sábado";"05:00:00";"RS";116;147,6;"CAXIAS DO SUL";"Ingestão de álcool pelo condutor";"Colisão com objeto";"Sem Vítimas";"Amanhecer";"Crescente";"Céu Claro";"Múltipla";"Curva";"Sim";1;0;0;0;1;0;0;1;-29,14908014;-51,1429969;"SPRF-RS";"DEL05-RS";"UOP01-DEL05-RS"
410338;2022-01-22;"sábado";"05:45:00";"PR";277;130;"BALSA NOVA";"Ausência de reação do condutor";"Saída de leito carroçável";"Com Vítimas Feridas";"Pleno dia";"Crescente";"Céu Claro";"Dupla";"Reta";"Não";1;0;1;0;0;0;1;1;-25,45846484;-49,64309692;"SPRF-PR";"DEL01-PR";"UOP03-DEL03-PR"
410340;2022-01-22;"sábado";"05:00:00";"MS";163;479;"CAMPO GRANDE";"Animais na Pista";"Tombamento";"Com Vítimas Feridas";"Amanhecer";"Decrescente";"Céu Claro";"Simples";"Reta";"Não";1;0;1;0;0;0;1;1;-20,487322;-54,55929095;"SPRF-MS";"DEL01-MS";"UOP01-DEL01-MS"
410342;2022-01-22;"sábado";"04:55:00";"SC";101;404;"ARARANGUA";"Ausência de reação do condutor";"Saída de leito carroçável";"Com Vítimas Feridas";"Amanhecer";"Decrescente";"Céu Claro";"Simples";"Reta";"Não";4;0;1;0;3;0;1;1;-28,87801417;-49,45745479;"SPRF-SC";"DEL02-SC";"UOP02-DEL02-SC"