"id";"data_inversa";"dia_semana";"horario";"uf";"br";"km";"municipio";"causa_acidente";"tipo_acidente";"classificacao_acidente";"fase_dia";"sentido_via";"condicao_metereologica";"tipo_pista";"tracado_via";"uso_solo";"pessoas";"mortos";"feridos_leves";"feridos_graves";"ilesos";"ignorados";"feridos";"veiculos";"latitude";"longitude";"regional";"delegacia";"uop"
410481;2022-01-22;"sábado";"19:15:00";"MS";158;250;"TRES LAGOAS";"Transitar na contramão";"Colisão frontal";"Com Vítimas Fatais";"Plena Noite";"Decrescente";"Céu Claro";"Simples";"Interseção de Vias";"Não";2;1;0;0;1;0;0;2;-20,6506444;-51,7934682;"SPRF-MS";"DEL07-MS";"UOP01-DEL07-MS"
410482;2022-01-22;"sábado";"19:00:00";"BA";116;817,8;"VITORIA DA CONQUISTA";"Desrespeitar a preferência no cruzamento";"Colisão transversal";"Com Vítimas Feridas";"Plena Noite";"Crescente";"Céu Claro";"Simples";"Rotatória";"Sim";2;0;1;0;1;0;1;2;-14,823453;-40,818459;"SPRF-BA";"DEL08-BA";"UOP01-DEL08-BA"
410483;2022-01-22;"sábado";"19:00:00";"MG";40;279;"TRES MARIAS";"Desrespeitar a preferência no cruzamento";"Colisão transversal";"Com Vítimas Feridas";"Plena Noite";"Crescente";"Céu Claro";"Dupla";"Aclive";"Sim";8;0;6;0;2;0;6;2;-18,22833211;-45,2202001;"SPRF-MG";"DEL14-MG";"UOP02-DEL14-MG"
410484;2022-01-22;"sábado";"20:15:00";"PE";101;112;"CABO DE SANTO AGOSTINHO";"Carga excessiva e/ou mal acondicionada";"Tombamento";"Com Vítimas Feridas";"Plena Noite";"Crescente";"Céu Claro";"Dupla";"Curva";"Não";2;0;2;0;0;0;2;1;-8,3278918;-35,119238;"SPRF-PE";"DEL01-PE";"UOP01-DEL01-PE"
410485;2022-01-22;"sábado";"21:05:00";"RJ";101;574;"PARATY";"Acessar a via sem observar a presença dos outros veículos";"Colisão transversal";"Com Vítimas Feridas";"Plena Noite";"Decrescente";"Céu Claro";"Simples";"Reta";"Sim";3;0;1;0;2;0;1;2;-23,21106418;-44,73373262;"SPRF-RJ";"DEL03-RJ";"UOP04-DEL03-RJ"
410486;2022-01-22;"sábado";"20:45:00";"RS";293;2,5;"PELOTAS";"Condutor deixou de manter distância do veículo da frente";"Colisão traseira";"Com Vítimas Feridas";"Plena Noite";"Crescente";"Céu Claro";"Simples";"Reta";"Sim";3;0;2;0;1;0;2;2;-31,750426;-52,35999499;"SPRF-RS";"DEL07-RS";"UOP01-DEL07-RS"
410487;2022-01-22;"sábado";"20:30:00";"GO";40;8;"VALPARAISO DE GOIAS";"Entrada inopinada do pedestre";"Atropelamento de Pedestre";"Com Vítimas Feridas";"Plena Noite";"Decrescente";"Céu Claro";"Dupla";"Reta";"Não";2;0;1;0;1;0;1;2;-16,116158;-47,96761;"SPRF-DF";"DEL01-DF";"UOP01-DEL01-DF"
410488;2022-01-22;"sábado";"21:10:00";"RS";472;130,8;"TRES DE MAIO";"Transitar na contramão";"Colisão frontal";"Com Vítimas Feridas";"Plena Noite";"Crescente";"Céu Claro";"Simples";"Reta";"Não";5;0;2;0;3;0;2;3;-27,749702;-54,231075;"SPRF-RS";"DEL10-RS";"UOP01-DEL10-RS"
410490;2022-01-22;"sábado";"20:45:00";"PE";101;90;"CABO DE SANTO AGOSTINHO";"Acessar a via sem observar a presença dos outros veículos";"Colisão transversal";"Com Vítimas Feridas";"Plena Noite";"Crescente";"Céu Claro";"Simples";"Reta";"Sim";4;0;0;4;0;0;4;2;-8,2329881;-34,9773382;"SPRF-PE";"DEL01-PE";"UOP01-DEL01-PE"
410491;2022-01-22;"sábado";"20:00:00";"SC";101;162,1;"TIJUCAS";"Ausência de reação do condutor";"Colisão traseira";"Com Vítimas Feridas";"Plena Noite";"Crescente";"Céu Claro";"Múltipla";"Reta";"Sim";2;0;0;1;1;0;1;2;-27,22554009;-48,6279367;"SPRF-SC";"DEL04-SC";"UOP03-DEL04-SC"
410494;2022-01-22;"sábado";"21:18:00";"RS";116;53,5;"VACARIA";"Demais falhas mecânicas ou elétricas";"Incêndio";"Sem Vítimas";"Plena Noite";"Decrescente";"Céu Claro";"Simples";"Curva";"Não";1;0;0;0;1;0;0;1;-28,58783208;-51,02776881;"SPRF-RS";"DEL05-RS";"UOP03-DEL05-RS"
410495;2022-01-22;"sábado";"11:10:00";"MG";262;706,9;"ARAXA";"Acessar a via sem observar a presença dos outros veículos";"Colisão transversal";"Com Vítimas Feridas";"Pleno dia";"Decrescente";"Sol";"Simples";"Declive";"Não";9;0;2;1;5;1;3;3;-19,59226631;-47,10943711;"SPRF-MG";"DEL08-MG";"UOP01-DEL08-MG"
410496;2022-01-22;"sábado";"20:20:00";"PB";230;445,5;"APARECIDA";"Ultrapassagem Indevida";"Colisão frontal";"Com Vítimas Fatais";"Plena Noite";"Crescente";"Céu Claro";"Simples";"Reta";"Não";2;1;0;0;0;1;0;2;-6,7856;-38,0652;"SPRF-PB";"DEL03-PB";"UOP03-DEL03-PB"
410497;2022-01-22;"sábado";"20:45:00";"SE";235;42;"ITABAIANA";"Velocidade Incompatível";"Colisão traseira";"Com Vítimas Feridas";"Plena Noite";"Crescente";"Céu Claro";"Simples";"Reta";"Sim";3;0;1;0;1;1;1;2;-10,766954;-37,381672;"SPRF-SE";"DEL01-SE";"UOP02-DEL01-SE"
410498;2022-01-22;"sábado";"21:15:00";"PB";230;12;"CABEDELO";"Ingestão de álcool pelo condutor";"Colisão lateral sentido oposto";"Com Vítimas Feridas";"Plena Noite";"Decrescente";"Céu Claro";"Dupla";"Reta";"Sim";2;0;0;1;1;0;1;2;-7,068;-34,85;"SPRF-PB";"DEL01-PB";"UOP01-DEL01-PB"
410499;2022-01-22;"sábado";"21:40:00";"PR";476;136,9;"CURITIBA";"Transitar na contramão";"Colisão frontal";"Com Vítimas Feridas";"Plena Noite";"Decrescente";"Céu Claro";"Simples";"Interseção de Vias";"Sim";2;0;1;0;1;0;1;2;-25,491047;-49,271679;"SPRF-PR";"DEL01-PR";"UOP03-DEL01-PR"
410501;2022-01-22;"sábado";"22:00:00";"RJ";116;185,6;"NOVA IGUACU";"Ausência de reação do condutor";"Colisão lateral mesmo sentido";"Com Vítimas Fatais";"Plena Noite";"Decrescente";"Céu Claro";"Múltipla";"Reta";"Sim";1;1;0;0;0;0;0;1;-22,74151051;-43,45351823;"SPRF-RJ";"DEL01-RJ";"UOP02-DEL01-RJ"
410502;2022-01-22;"sábado";"21:25:00";"RS";470;167,1;"VILA FLORES";"Reação tardia ou ineficiente do condutor";"Colisão traseira";"Sem Vítimas";"Plena Noite";"Crescente";"Céu Claro";"Simples";"Reta";"Não";5;0;0;0;2;3;0;3;-28,850615;-51,562645;"SPRF-RS";"DEL06-RS";"UOP02-DEL06-RS"
410503;2022-01-22;"sábado";"21:30:00";"RS";290;9;"OSORIO";"Ingestão de álcool pelo condutor";"Saída de leito carroçável";"Sem Vítimas";"Plena Noite";"Crescente";"Céu Claro";"Dupla";"Reta";"Não";1;0;0;0;1;0;0;1;-29,891584;-50,363377;"SPRF-RS";"DEL03-RS";"UOP01-DEL03-RS"
410505;2022-01-22;"sábado";"22:30:00";"SC";280;73,4;"JARAGUA DO SUL";"Desrespeitar a preferência no cruzamento";"Colisão transversal";"Com Vítimas Feridas";"Plena Noite";"Crescente";"Céu Claro";"Simples";"Rotatória";"Sim";2;0;0;1;1;0;1;2;-26,45917102;-49,15245;"SPRF-SC";"DEL03-SC";"UOP03-DEL03-SC"
410506;2022-01-22;"sábado";"21:50:00";"RS";386;35,9;"FREDERICO WESTPHALEN";"Transitar na contramão";"Colisão frontal";"Com Vítimas Feridas";"Plena Noite";"Decrescente";"Nublado";"Simples";"Reta";"Sim";2;0;0;1;1;0;1;2;-27,37430937;-53,39775302;"SPRF-RS";"DEL08-RS";"UOP02-DEL08-RS"
410508;2022-01-22;"sábado";"23:00:00";"MS";163;679;"RIO VERDE DE MATO GROSSO";"Reação tardia ou ineficiente do condutor";"Saída de leito carroçável";"Sem Vítimas";"Plena Noite";"Crescente";"Céu Claro";"Simples";"Reta";"Não";1;0;0;0;1;0;0;1;-18,93217701;-54,83111904;"SPRF-MS";"DEL06-MS";"UOP02-DEL06-MS"
410509;2022-01-22;"sábado";"21:43:00";"PI";316;5;"TERESINA";"Manobra de mudança de faixa";"Colisão lateral mesmo sentido";"Com Vítimas Feridas";"Plena Noite";"Crescente";"Céu Claro";"Múltipla";"Rotatória";"Sim";3;0;1;0;2;0;1;2;-5,14169858;-42,78157276;"SPRF-PI";"DEL01-PI";"UOP02-DEL01-PI"
410511;2022-01-22;"sábado";"22:40:00";"PB";101;52;"RIO TINTO";"Objeto estático sobre o leito carroçável";"Colisão com objeto";"Com Vítimas Feridas";"Plena Noite";"Decrescente";"Céu Claro";"Dupla";"Declive";"Não";1;0;0;1;0;0;1;1;-6,93821564;-35,09935736;"SPRF-PB";"DEL01-PB";"UOP04-DEL01-PB"
410512;2022-01-22;"sábado";"23:00:00";"PE";232;256,1;"ARCOVERDE";"Pedestre andava na pista";"Atropelamento de Pedestre";"Com Vítimas Fatais";"Plena Noite";"Crescente";"Céu Claro";"Simples";"Reta";"Não";2;1;0;0;0;1;0;2;-8,40988226;-37,09335003;"SPRF-PE";"DEL03-PE";"UOP02-DEL03-PE"
410513;2022-01-22;"sábado";"22:45:00";"SP";116;51,7;"LORENA";"Manobra de mudança de faixa";"Colisão lateral mesmo sentido";"Com Vítimas Feridas";"Plena Noite";"Decrescente";"Céu Claro";"Dupla";"Reta";"Sim";3;0;1;0;2;0;1;2;-22,74157511;-45,09206392;"SPRF-SP";"DEL08-SP";"UOP02-DEL08-SP"
410515;2022-01-22;"sábado";"21:40:00";"RO";364;353;"JI-PARANA";"Ingestão de álcool pelo condutor";"Colisão com objeto";"Sem Vítimas";"Plena Noite";"Crescente";"Nublado";"Simples";"Interseção de Vias";"Não";3;0;0;0;3;0;0;2;-10,81914308;-62,01713562;"SPRF-RO";"DEL02-RO";"UOP01-DEL02-RO"
410516;2022-01-22;"sábado";"22:50:00";"SC";101;208,1;"SAO JOSE";"Condutor deixou de manter distância do veículo da frente";"Colisão traseira";"Com Vítimas Feridas";"Pleno dia";"Crescente";"Céu Claro";"Múltipla";"Reta";"Não";2;0;1;0;1;0;1;2;-27,60327979;-48,63201818;"SPRF-SC";"DEL01-SC";"UOP01-DEL01-SC"
410518;2022-01-22;"sábado";"22:20:00";"MT";174;3;"PONTES E LACERDA";"Ausência de reação do condutor";"Colisão traseira";"Com Vítimas Feridas";"Plena Noite";"Crescente";"Céu Claro";"Simples";"Reta";"Sim";5;0;1;0;4;0;1;2;-15,226537;-59,335728;"SPRF-MT";"DEL04-MT";"UOP01-DEL04-MT"
410519;2022-01-22;"sábado";"22:20:00";"RJ";465;18;"NOVA IGUACU";"Condutor deixou de manter distância do veículo da frente";"Colisão traseira";"Com Vítimas Feridas";"Plena Noite";"Decrescente";"Céu Claro";"Simples";"Reta";"Sim";3;0;2;0;1;0;2;2;-22,831354;-43,615128;"SPRF-RJ";"DEL03-RJ";"UOP01-DEL03-RJ"
410521;2022-01-22;"sábado";"21:30:00";"BA";101;895;"NOVA VICOSA";"Transitar na contramão";"Colisão frontal";"Com Vítimas Fatais";"Plena Noite";"Decrescente";"Chuva";"Simples";"Curva";"Não";3;1;0;1;1;0;1;2;-17,88750099;-39,81597702;"SPRF-BA";"DEL09-BA";"UOP02-DEL09-BA"
410522;2022-01-22;"sábado";"23:00:00";"SC";101;450,3;"SAO JOAO DO SUL";"Ingestão de álcool pelo condutor";"Colisão traseira";"Sem Vítimas";"Plena Noite";"Crescente";"Céu Claro";"Dupla";"Curva";"Não";2;0;0;0;2;0;0;2;-29,17229091;-49,74904711;"SPRF-SC";"DEL02-SC";"UOP02-DEL02-SC"
410523;2022-01-22;"sábado";"21:50:00";"PR";277;675,1;"MEDIANEIRA";"Reação tardia ou ineficiente do condutor";"Colisão traseira";"Com Vítimas Feridas";"Plena Noite";"Decrescente";"Céu Claro";"Dupla";"Reta";"Sim";2;0;1;0;0;1;1;2;-25,29891949;-54,12338731;"SPRF-PR";"DEL05-PR";"UOP01-DEL05-PR"
410525;2022-01-22;"sábado";"23:40:00";"PR";277;166;"PALMEIRA";"Ausência de reação do condutor";"Saída de leito carroçável";"Com Vítimas Feridas";"Plena Noite";"Crescente";"Céu Claro";"Simples";"Reta";"Não";1;0;1;0;0;0;1;1;-25,440906;-49,971135;"SPRF-PR";"DEL01-PR";"UOP03-DEL03-PR"
410526;2022-01-22;"sábado";"23:50:00";"PB";230;25;"JOAO PESSOA";"Pista em desnível";"Queda de ocupante de veículo";"Com Vítimas Feridas";"Plena Noite";"Crescente";"Céu Claro";"Dupla";"Viaduto";"Sim";1;0;1;0;0;0;1;1;-7,1707;-34,8684;"SPRF-PB";"DEL01-PB";"UOP01-DEL01-PB"
410527;2022-01-23;"domingo";"00:00:00";"MG";40;703,5;"BARBACENA";"Acessar a via sem observar a presença dos outros veículos";"Colisão frontal";"Com Vítimas Feridas";"Plena Noite";"Crescente";"Céu Claro";"Simples";"Reta";"Sim";2;0;0;1;1;0;1;2;-21,21950797;-43,74218529;"SPRF-MG";"DEL05-MG";"UOP02-DEL05-MG"
410528;2022-01-22;"sábado";"23:40:00";"MS";163;257,3;"DOURADOS";"Ingestão de álcool pelo condutor";"Saída de leito carroçável";"Sem Vítimas";"Plena Noite";"Crescente";"Céu Claro";"Dupla";"Reta";"Sim";3;0;0;0;3;0;0;3;-22,2590704;-54,79449576;"SPRF-MS";"DEL04-MS";"UOP01-DEL04-MS"
410529;2022-01-22;"sábado";"22:15:00";"SC";470;161,5;"TROMBUDO CENTRAL";"Ingestão de álcool pelo condutor";"Colisão frontal";"Sem Vítimas";"Plena Noite";"Crescente";"Nublado";"Simples";"Declive;Reta";"Não";3;0;0;0;1;2;0;3;-27,285444;-49,807579;"SPRF-SC";"DEL04-SC";"UOP02-DEL04-SC"
410530;2022-01-22;"sábado";"23:55:00";"MT";70;522,7;"VARZEA GRANDE";"Ingestão de álcool pelo condutor";"Colisão transversal";"Com Vítimas Feridas";"Plena Noite";"Crescente";"Nublado";"Simples";"Reta";"Sim";2;0;1;0;1;0;1;2;-15,66022339;-56,18727922;"SPRF-MT";"DEL01-MT";"UOP02-DEL01-MT"
410531;2022-01-22;"sábado";"23:30:00";"MG";116;737,7;"LARANJAL";"Pedestre andava na pista";"Atropelamento de Pedestre";"Com Vítimas Feridas";"Plena Noite";"Decrescente";"Nublado";"Simples";"Aclive";"Não";2;0;0;1;0;1;1;2;-21,35877494;-42,46868134;"SPRF-MG";"DEL07-MG";"UOP02-DEL07-MG"
410532;2022-01-23;"domingo";"00:50:00";"PR";376;2,5;"MANDAGUARI";"Acessar a via sem observar a presença dos outros veículos";"Colisão lateral mesmo sentido";"Com Vítimas Feridas";"Plena Noite";"Crescente";"Céu Claro";"Simples";"Reta";"Sim";3;0;1;0;2;0;1;2;-23,5141321;-51,70025468;"SPRF-PR";"DEL09-PR";"UOP01-DEL09-PR"
410533;2022-01-22;"sábado";"22:30:00";"AC";364;137;"RIO BRANCO";"Ingestão de álcool pelo condutor";"Colisão traseira";"Sem Vítimas";"Plena Noite";"Decrescente";"Céu Claro";"Dupla";"Reta";"Sim";7;0;0;0;7;0;0;7;-9,96935404;-67,85264513;"SPRF-AC";"DEL01-AC";"UOP01-DEL01-AC"
410549;2022-01-23;"domingo";"00:15:00";"RS";471;171,9;"RIO PARDO";"Condutor deixou de manter distância do veículo da frente";"Colisão traseira";"Com Vítimas Feridas";"Plena Noite";"Decrescente";"Céu Claro";"Simples";"Viaduto";"Sim";7;0;1;0;6;0;1;4;-29,96376968;-52,37085521;"SPRF-RS";"DEL02-RS";"UOP03-DEL02-RS"
410550;2022-01-22;"sábado";"20:00:00";"MT";364;269;"JACIARA";"Reação tardia ou ineficiente do condutor";"Colisão lateral mesmo sentido";"Sem Vítimas";"Plena Noite";"Crescente";"Céu Claro";"Simples";"Interseção de Vias";"Sim";2;0;0;0;2;0;0;2;-15,96881779;-54,94371057;"SPRF-MT";"DEL02-MT";"UOP01-DEL02-MT"
410551;2022-01-23;"domingo";"01:10:00";"SC";101;204;"SAO JOSE";"Condutor deixou de manter distância do veículo da frente";"Colisão traseira";"Com Vítimas Feridas";"Plena Noite";"Crescente";"Céu Claro";"Múltipla";"Interseção de Vias";"Não";2;0;1;0;1;0;1;2;-27,57413014;-48,61363083;"SPRF-SC";"DEL01-SC";"UOP01-DEL01-SC"
410553;2022-01-23;"domingo";"02:00:00";"ES";101;440,7;"MIMOSO DO SUL";"Reação tardia ou ineficiente do condutor";"Queda de ocupante de veículo";"Com Vítimas Feridas";"Plena Noite";"Crescente";"Céu Claro";"Simples";"Reta";"Não";1;0;1;0;0;0;1;1;-21,07916157;-41,23373912;"SPRF-ES";"DEL03-ES";"UOP02-DEL03-ES"
410554;2022-01-23;"domingo";"01:20:00";"RJ";101;116;"CAMPOS DOS GOYTACAZES";"Ingestão de álcool pelo condutor";"Queda de ocupante de veículo";"Com Vítimas Feridas";"Plena Noite";"Decrescente";"Céu Claro";"Dupla";"Reta";"Não";1;0;1;0;0;0;1;1;-22,00307598;-41,66315777;"SPRF-RJ";"DEL08-RJ";"UOP02-DEL08-RJ"
410555;2022-01-23;"domingo";"01:30:00";"PR";476;127;"CURITIBA";"Velocidade Incompatível";"Colisão com objeto";"Com Vítimas Feridas";"Plena Noite";"Decrescente";"Céu Claro";"Múltipla";"Reta";"Sim";1;0;1;0;0;0;1;1;-25,43094083;-49,22958612;"SPRF-PR";"DEL01-PR";"UOP03-DEL01-PR"
410556;2022-01-23;"domingo";"01:11:00";"BA";242;369;"PALMEIRAS";"Velocidade Incompatível";"Tombamento";"Com Vítimas Feridas";"Plena Noite";"Decrescente";"Chuva";"Simples";"Curva";"Não";1;0;0;1;0;0;1;1;-12,46398002;-41,46096001;"SPRF-BA";"DEL06-BA";"UOP01-DEL06-BA"
410557;2022-01-22;"sábado";"22:10:00";"MG";116;235,2;"TEOFILO OTONI";"Velocidade Incompatível";"Saída de leito carroçável";"Com Vítimas Fatais";"Plena Noite";"Crescente";"Garoa/Chuvisco";"Simples";"Reta";"Não";1;1;0;0;0;0;0;1;-17,52941785;-41,48264755;"SPRF-MG";"DEL11-MG";"UOP01-DEL11-MG"
410558;2022-01-23;"domingo";"02:25:00";"RS";116;477,5;"SAO LOURENCO DO SUL";"Ausência de reação do condutor";"Colisão com objeto";"Com Vítimas Feridas";"Plena Noite";"Decrescente";"Nublado";"Simples";"Curva;Desvio Temporário;Em Obras";"Não";4;0;3;0;1;0;3;1;-31,38626677;-52,13463306;"SPRF-RS";"DEL07-RS";"UOP01-DEL07-RS"
410559;2022-01-23;"domingo";"02:00:00";"ES";101;149,2;"LINHARES";"Manobra de mudança de faixa";"Colisão lateral mesmo sentido";"Sem Vítimas";"Plena Noite";"Crescente";"Céu Claro";"Dupla";"Interseção de Vias";"Sim";3;0;0;0;3;0;0;2;-19,39619083;-40,06435871;"SPRF-ES";"DEL04-ES";"UOP01-DEL04-ES"
410561;2022-01-23;"domingo";"00:45:00";"PR";153;519;"GENERAL CARNEIRO";"Avarias e/ou desgaste excessivo no pneu";"Capotamento";"Sem Vítimas";"Plena Noite";"Decrescente";"Céu Claro";"Simples";"Declive";"Não";1;0;0;0;0;1;0;1;-26,58492663;-51,45106573;"SPRF-PR";"DEL02-PR";"UOP03-DEL02-PR"
410562;2022-01-23;"domingo";"01:00:00";"TO";153;141;"ARAGUAINA";"Reação tardia ou ineficiente do condutor";"Saída de leito carroçável";"Com Vítimas Feridas";"Plena Noite";"Decrescente";"Nublado";"Dupla";"Reta";"Sim";1;0;1;0;0;0;1;1;-7,17953425;-48,22295535;"SPRF-TO";"DEL02-TO";"UOP01-DEL02-TO"
410563;2022-01-23;"domingo";"02:50:00";"GO";364;15,6;"SAO SIMAO";"Animais na Pista";"Atropelamento de Animal";"Com Vítimas Fatais";"Plena Noite";"Decrescente";"Céu Claro";"Simples";"Reta";"Não";2;1;1;0;0;0;1;1;-18,963009;-50,615242;"SPRF-GO";"DEL05-GO";"UOP02-DEL05-GO"
410565;2022-01-23;"domingo";"02:55:00";"PR";369;132;"IBIPORA";"Transitar na contramão";"Colisão frontal";"Com Vítimas Feridas";"Plena Noite";"Crescente";"Céu Claro";"Dupla";"Aclive";"Sim";4;0;1;0;3;0;1;2;-23,259971;-51,001115;"SPRF-PR";"DEL07-PR";"UOP01-DEL07-PR"
410567;2022-01-23;"domingo";"03:00:00";"SP";116;277,8;"EMBU DAS ARTES";"Ausência de reação do condutor";"Colisão com objeto";"Com Vítimas Feridas";"Plena Noite";"Crescente";"Céu Claro";"Dupla";"Reta";"Sim";1;0;1;0;0;0;1;1;-23,64870535;-46,84395469;"SPRF-SP";"DEL04-SP";"UOP01-DEL04-SP"
410569;2022-01-23;"domingo";"01:00:00";"MA";222;266,6;"ARARI";"Transitar na contramão";"Colisão frontal";"Com Vítimas Feridas";"Plena Noite";"Crescente";"Nublado";"Simples";"Reta";"Não";3;0;0;1;2;0;1;2;-3,57371589;-44,58787511;"SPRF-MA";"DEL01-MA";"UOP02-DEL01-MA"
410570;2022-01-23;"domingo";"03:30:00";"SC";101;308,8;"LAGUNA";"Velocidade Incompatível";"Queda de ocupante de veículo";"Com Vítimas Feridas";"Plena Noite";"Decrescente";"Céu Claro";"Simples";"Reta";"Não";1;0;1;0;0;0;1;1;-28,399616;-48,7854;"SPRF-SC";"DEL02-SC";"UOP01-DEL02-SC"
410571;2022-01-23;"domingo";"04:45:00";"PR";277;662;"MEDIANEIRA";"Condutor deixou de manter distância do veículo da frente";"Colisão traseira";"Com Vítimas Feridas";"Amanhecer";"Crescente";"Céu Claro";"Dupla";"Reta";"Sim";3;0;3;0;0;0;3;2;-25,25121745;-54,00913508;"SPRF-PR";"DEL05-PR";"UOP02-DEL05-PR"
410572;2022-01-23;"domingo";"04:45:00";"PR";277;232;"FERNANDES PINHEIRO";"Transitar na contramão";"Colisão frontal";"Com Vítimas Feridas";"Amanhecer";"Crescente";"Céu Claro";"Simples";"Curva";"Não";5;0;2;2;1;0;4;3;-25,4687637;-50,47923205;"SPRF-PR";"DEL03-PR";"UOP03-DEL03-PR"
410573;2022-01-23;"domingo";"04:00:00";"SP";116;273;"TABOAO DA SERRA";"Reação tardia ou ineficiente do condutor";"Colisão com objeto";"Com Vítimas Feridas";"Plena Noite";"Crescente";"Céu Claro";"Dupla";"Reta";"Sim";2;0;0;1;0;1;1;1;-23,62809795;-46,81870306;"SPRF-SP";"DEL04-SP";"UOP01-DEL04-SP"
410576;2022-01-23;"domingo";"04:50:00";"PB";230;22;"JOAO PESSOA";"Velocidade Incompatível";"Colisão com objeto";"Com Vítimas Feridas";"Amanhecer";"Crescente";"Céu Claro";"Dupla";"Reta";"Sim";2;0;1;1;0;0;2;1;-7,1495;-34,8517;"SPRF-PB";"DEL01-PB";"UOP01-DEL01-PB"
410578;2022-01-22;"sábado";"08:50:00";"SC";470;114;"IBIRAMA";"Acessar a via sem observar a presença dos outros veículos";"Colisão lateral mesmo sentido";"Com Vítimas Feridas";"Pleno dia";"Decrescente";"Céu Claro";"Simples";"Reta";"Não";2;0;1;0;1;0;1;2;-27,086386;-49,478001;"SPRF-SC";"DEL04-SC";"UOP02-DEL04-SC"
410580;2022-01-23;"domingo";"04:40:00";"PR";376;489;"PONTA GROSSA";"Ingestão de álcool pelo condutor";"Saída de leito carroçável";"Com Vítimas Feridas";"Amanhecer";"Crescente";"Céu Claro";"Dupla";"Desvio Temporário";"Não";5;0;3;1;0;1;4;1;-25,14172584;-50,1586859;"SPRF-PR";"DEL03-PR";"UOP01-DEL03-PR"
410582;2022-01-23;"domingo";"02:30:00";"MG";262;421;"IGARATINGA";"Velocidade Incompatível";"Saída de leito carroçável";"Com Vítimas Feridas";"Plena Noite";"Crescente";"Céu Claro";"Dupla";"Reta";"Não";1;0;1;0;0;0;1;1;-19,88573008;-44,72054503;"SPRF-MG";"DEL08-MG";"UOP03-DEL08-MG"
410583;2022-01-23;"domingo";"05:10:00";"BA";367;26;"PORTO SEGURO";"Ingestão de álcool pelo condutor";"Saída de leito carroçável";"Com Vítimas Feridas";"Amanhecer";"Decrescente";"Nublado";"Simples";"Reta";"Não";2;0;1;0;1;0;1;1;-16,43071712;-39,09561713;"SPRF-BA";"DEL09-BA";"UOP01-DEL09-BA"
410584;2022-01-23;"domingo";"06:00:00";"RJ";101;92;"CAMPOS DOS GOYTACAZES";"Reação tardia ou ineficiente do condutor";"Colisão com objeto";"Com Vítimas Feridas";"Pleno dia";"Crescente";"Sol";"Simples";"Reta";"Não";2;0;1;0;1;0;1;1;-21,85456357;-41,52621893;"SPRF-RJ";"DEL08-RJ";"UOP02-DEL08-RJ"
410585;2022-01-23;"domingo";"06:45:00";"SC";280;37;"ARAQUARI";"Manobra de mudança de faixa";"Colisão frontal";"Com Vítimas Feridas";"Pleno dia";"Decrescente";"Céu Claro";"Simples";"Declive;Reta";"Sim";4;0;3;0;1;0;3;3;-26,44572892;-48,81862707;"SPRF-SC";"DEL03-SC";"UOP03-DEL03-SC"
410588;2022-01-23;"domingo";"02:30:00";"RO";364;237;"CACOAL";"Reação tardia ou ineficiente do condutor";"Colisão com objeto";"Com Vítimas Feridas";"Plena Noite";"Crescente";"Céu Claro";"Simples";"Reta";"Sim";1;0;1;0;0;0;1;1;-11,44341056;-61,44672787;"SPRF-RO";"DEL02-RO";"UOP02-DEL02-RO"
410589;2022-01-23;"domingo";"07:00:00";"SP";381;85;"SAO PAULO";"Reação tardia ou ineficiente do condutor";"Saída de leito carroçável";"Com Vítimas Feridas";"Pleno dia";"Crescente";"Céu Claro";"Múltipla";"Reta";"Não";2;0;1;0;0;1;1;2;-23,449343;-46,56983501;"SPRF-SP";"DEL03-SP";"UOP01-DEL03-SP"
410591;2022-01-23;"domingo";"04:37:00";"RO";364;517;"ARIQUEMES";"Pista esburacada";"Tombamento";"Com Vítimas Feridas";"Plena Noite";"Decrescente";"Céu Claro";"Dupla";"Reta;Desvio Temporário;Em Obras";"Sim";2;0;2;0;0;0;2;1;-9,90688101;-63,05581217;"SPRF-RO";"DEL03-RO";"UOP01-DEL03-RO"
410593;2022-01-23;"domingo";"07:30:00";"SC";101;117;"ITAJAI";"Ingestão de álcool pelo condutor";"Saída de leito carroçável";"Com Vítimas Feridas";"Pleno dia";"Crescente";"Céu Claro";"Múltipla";"Reta";"Não";1;0;1;0;0;0;1;1;-26,88747187;-48,72252969;"SPRF-SC";"DEL04-SC";"UOP04-DEL04-SC"
410594;2022-01-22;"sábado";"18:00:00";"BA";20;73;"CORRENTINA";"Reação tardia ou ineficiente do condutor";"Saída de leito carroçável";"Com Vítimas Feridas";"Plena Noite";"Decrescente";"Céu Claro";"Simples";"Reta";"Não";3;0;1;0;2;0;1;1;-13,327834;-46,06324;"SPRF-BA";"DEL10-BA";"UOP01-DEL10-BA"
410595;2022-01-23;"domingo";"05:20:00";"RO";364;13;"VILHENA";"Acessar a via sem observar a presença dos outros veículos";"Colisão transversal";"Com Vítimas Feridas";"Amanhecer";"Crescente";"Céu Claro";"Múltipla";"Rotatória";"Sim";2;0;2;0;0;0;2;1;-12,74140004;-60,13026401;"SPRF-RO";"DEL04-RO";"UOP01-DEL04-RO"