"id";"data_inversa";"dia_semana";"horario";"uf";"br";"km";"municipio";"causa_acidente";"tipo_acidente";"classificacao_acidente";"fase_dia";"sentido_via";"condicao_metereologica";"tipo_pista";"tracado_via";"uso_solo";"pessoas";"mortos";"feridos_leves";"feridos_graves";"ilesos";"ignorados";"feridos";"veiculos";"latitude";"longitude";"regional";"delegacia";"uop"
410596;2022-01-23;"domingo";"07:40:00";"GO";158;268;"JATAI";"Ausência de reação do condutor";"Colisão com objeto";"Sem Vítimas";"Pleno dia";"Crescente";"Céu Claro";"Simples";"Curva";"Sim";1;0;0;0;0;1;0;1;-17,846682;-51,73598;"SPRF-GO";"DEL05-GO";"UOP01-DEL05-GO"
410598;2022-01-23;"domingo";"08:20:00";"MG";50;29,8;"ARAGUARI";"Reação tardia ou ineficiente do condutor";"Colisão com objeto";"Com Vítimas Fatais";"Pleno dia";"Decrescente";"Céu Claro";"Dupla";"Declive;Curva";"Não";1;1;0;0;0;0;0;1;-18,61507429;-48,11488152;"SPRF-MG";"DEL15-MG";"UOP02-DEL15-MG"
410600;2022-01-06;"quinta-feira";"16:10:00";"SC";101;147;"BALNEARIO CAMBORIU";"Reação tardia ou ineficiente do condutor";"Colisão traseira";"Com Vítimas Feridas";"Pleno dia";"Decrescente";"Sol";"Dupla";"Reta";"Não";2;0;1;0;1;0;1;2;-27,09237407;-48,61730888;"SPRF-SC";"DEL04-SC";"UOP03-DEL04-SC"
410603;2022-01-23;"domingo";"07:30:00";"RN";101;95;"NATAL";"Demais falhas mecânicas ou elétricas";"Incêndio";"Sem Vítimas";"Pleno dia";"Decrescente";"Céu Claro";"Múltipla";"Reta";"Sim";1;0;0;0;1;0;0;1;-5,84076841;-35,21035949;"SPRF-RN";"DEL01-RN";"UOP01-DEL01-RN"
410604;2022-01-23;"domingo";"07:00:00";"SC";282;223;"LAGES";"Ingestão de álcool e/ou substâncias psicoativas pelo pedestre";"Saída de leito carroçável";"Sem Vítimas";"Pleno dia";"Decrescente";"Céu Claro";"Simples";"Reta";"Não";1;0;0;0;1;0;0;1;-27,800127;-50,362751;"SPRF-SC";"DEL05-SC";"UOP01-DEL05-SC"
410605;2022-01-23;"domingo";"09:20:00";"RS";386;344,2;"LAJEADO";"Acessar a via sem observar a presença dos outros veículos";"Colisão transversal";"Com Vítimas Feridas";"Pleno dia";"Crescente";"Céu Claro";"Simples";"Reta";"Não";5;0;1;1;3;0;2;2;-29,439268;-51,993633;"SPRF-RS";"DEL04-RS";"UOP01-DEL04-RS"
410607;2022-01-23;"domingo";"08:51:00";"BA";324;530;"FEIRA DE SANTANA";"Curva acentuada";"Saída de leito carroçável";"Com Vítimas Feridas";"Pleno dia";"Decrescente";"Nublado";"Dupla";"Curva";"Sim";2;0;1;0;1;0;1;1;-12,32818491;-38,86174193;"SPRF-BA";"DEL01-BA";"UOP03-DEL01-BA"
410611;2022-01-23;"domingo";"10:15:00";"MG";40;436;"PARAOPEBA";"Acessar a via sem observar a presença dos outros veículos";"Colisão lateral mesmo sentido";"Com Vítimas Feridas";"Pleno dia";"Crescente";"Céu Claro";"Dupla";"Reta";"Não";2;0;1;0;1;0;1;2;-19,22540708;-44,44298306;"SPRF-MG";"DEL02-MG";"UOP01-DEL02-MG"
410612;2022-01-23;"domingo";"03:00:00";"CE";304;48,1;"ARACATI";"Ingestão de álcool pelo condutor";"Saída de leito carroçável";"Sem Vítimas";"Plena Noite";"Crescente";"Ignorado";"Dupla";"Reta";"Não";1;0;0;0;1;0;0;1;-4,57863423;-37,77996807;"SPRF-CE";"DEL03-CE";"UOP03-DEL03-CE"
410613;2022-01-22;"sábado";"22:40:00";"MA";10;250;"IMPERATRIZ";"Transitar na contramão";"Colisão frontal";"Com Vítimas Feridas";"Plena Noite";"Crescente";"Céu Claro";"Simples";"Em Obras;Reta";"Sim";2;0;1;0;1;0;1;2;-5,550874;-47,459305;"SPRF-MA";"DEL04-MA";"UOP01-DEL04-MA"
410615;2022-01-23;"domingo";"10:20:00";"SC";101;200;"SAO JOSE";"Demais falhas mecânicas ou elétricas";"Tombamento";"Com Vítimas Feridas";"Pleno dia";"Decrescente";"Sol";"Múltipla";"Reta";"Sim";2;0;2;0;0;0;2;1;-27,54018513;-48,62287714;"SPRF-SC";"DEL01-SC";"UOP01-DEL01-SC"
410617;2022-01-23;"domingo";"10:50:00";"GO";60;77;"ANAPOLIS";"Reação tardia ou ineficiente do condutor";"Queda de ocupante de veículo";"Com Vítimas Feridas";"Pleno dia";"Crescente";"Céu Claro";"Dupla";"Declive;Curva";"Não";1;0;1;0;0;0;1;1;-16,2901;-48,799;"SPRF-GO";"DEL02-GO";"UOP01-DEL02-GO"
410618;2022-01-23;"domingo";"10:30:00";"MG";40;690,2;"ALFREDO VASCONCELOS";"Demais falhas mecânicas ou elétricas";"Incêndio";"Sem Vítimas";"Pleno dia";"Crescente";"Céu Claro";"Simples";"Reta";"Não";1;0;0;0;1;0;0;1;-21,1016579;-43,76384793;"SPRF-MG";"DEL05-MG";"UOP02-DEL05-MG"
410621;2022-01-23;"domingo";"10:50:00";"MG";116;590,3;"MANHUACU";"Ingestão de álcool pelo condutor";"Colisão traseira";"Sem Vítimas";"Pleno dia";"Crescente";"Sol";"Simples";"Curva";"Sim";2;0;0;0;2;0;0;2;-20,25539878;-42,14140443;"SPRF-MG";"DEL06-MG";"UOP03-DEL06-MG"
410622;2022-01-23;"domingo";"10:30:00";"BA";101;363;"GANDU";"Transitar na contramão";"Colisão frontal";"Com Vítimas Feridas";"Pleno dia";"Decrescente";"Nublado";"Simples";"Reta";"Sim";2;0;0;1;1;0;1;2;-13,856841;-39,49252598;"SPRF-BA";"DEL05-BA";"UOP03-DEL05-BA"
410624;2022-01-23;"domingo";"11:25:00";"PR";277;123;"CAMPO LARGO";"Ausência de reação do condutor";"Colisão transversal";"Com Vítimas Feridas";"Pleno dia";"Decrescente";"Céu Claro";"Dupla";"Declive";"Sim";2;0;0;1;1;0;1;2;-25,44558428;-49,46924586;"SPRF-PR";"DEL01-PR";"UOP03-DEL03-PR"
410625;2022-01-23;"domingo";"09:45:00";"MA";10;251;"IMPERATRIZ";"Desrespeitar a preferência no cruzamento";"Colisão transversal";"Com Vítimas Feridas";"Pleno dia";"Crescente";"Céu Claro";"Simples";"Reta";"Sim";3;0;1;0;2;0;1;2;-5,53770019;-47,46822465;"SPRF-MA";"DEL04-MA";"UOP01-DEL04-MA"
410626;2022-01-23;"domingo";"09:30:00";"SC";101;233,3;"PALHOCA";"Demais falhas mecânicas ou elétricas";"Tombamento";"Com Vítimas Feridas";"Pleno dia";"Crescente";"Céu Claro";"Dupla";"Curva";"Não";2;0;0;2;0;0;2;1;-27,80376397;-48,63826211;"SPRF-SC";"DEL01-SC";"UOP02-DEL01-SC"
410627;2022-01-23;"domingo";"11:30:00";"MG";381;491;"BETIM";"Demais falhas mecânicas ou elétricas";"Tombamento";"Com Vítimas Feridas";"Pleno dia";"Decrescente";"Céu Claro";"Dupla";"Reta";"Não";1;0;1;0;0;0;1;1;-19,97018187;-44,18210416;"SPRF-MG";"DEL01-MG";"UOP03-DEL01-MG"
410629;2022-01-04;"terça-feira";"00:05:00";"BA";116;9;"VITORIA DA CONQUISTA";"Velocidade Incompatível";"Colisão traseira";"Com Vítimas Feridas";"Plena Noite";"Decrescente";"Céu Claro";"Simples";"Reta";"Não";1;0;1;0;0;0;1;1;-14,85596213;-40,87907374;"SPRF-BA";"DEL08-BA";"UOP01-DEL08-BA"
410630;2022-01-23;"domingo";"13:30:00";"RJ";356;151;"CAMPOS DOS GOYTACAZES";"Demais falhas mecânicas ou elétricas";"Colisão frontal";"Com Vítimas Feridas";"Pleno dia";"Decrescente";"Céu Claro";"Simples";"Reta";"Não";5;0;5;0;0;0;5;2;-21,76505986;-41,26262708;"SPRF-RJ";"DEL08-RJ";"UOP02-DEL08-RJ"
410631;2022-01-23;"domingo";"08:00:00";"RO";429;77;"ALVORADA DOESTE";"Condutor Dormindo";"Saída de leito carroçável";"Sem Vítimas";"Pleno dia";"Decrescente";"Nublado";"Simples";"Reta";"Não";1;0;0;0;1;0;0;1;-11,24003142;-62,20295906;"SPRF-RO";"DEL02-RO";"UOP03-DEL02-RO"
410632;2022-01-23;"domingo";"13:45:00";"MG";267;171,3;"LIMA DUARTE";"Reação tardia ou ineficiente do condutor";"Saída de leito carroçável";"Sem Vítimas";"Pleno dia";"Crescente";"Céu Claro";"Simples";"Reta";"Não";1;0;0;0;0;1;0;1;-21,86295111;-43,87591763;"SPRF-MG";"DEL05-MG";"UOP01-DEL05-MG"
410633;2022-01-23;"domingo";"11:32:00";"PR";277;107;"CAMPO LARGO";"Velocidade Incompatível";"Engavetamento";"Com Vítimas Feridas";"Pleno dia";"Crescente";"Céu Claro";"Dupla";"Reta";"Não";11;0;4;0;7;0;4;3;-25,47157895;-49,35341791;"SPRF-PR";"DEL01-PR";"UOP03-DEL03-PR"
410634;2022-01-23;"domingo";"07:30:00";"PR";277;417,5;"CANTAGALO";"Ingestão de álcool pelo condutor";"Colisão frontal";"Com Vítimas Fatais";"Pleno dia";"Decrescente";"Céu Claro";"Simples";"Declive;Curva";"Não";4;1;1;2;0;0;3;2;-25,41878206;-52,06188295;"SPRF-PR";"DEL04-PR";"UOP02-DEL04-PR"
410635;2022-01-23;"domingo";"13:40:00";"PE";101;69,7;"RECIFE";"Velocidade Incompatível";"Saída de leito carroçável";"Com Vítimas Feridas";"Pleno dia";"Decrescente";"Céu Claro";"Simples";"Curva";"Não";1;0;0;1;0;0;1;1;-8,06558807;-34,9443303;"SPRF-PE";"DEL01-PE";"UOP01-DEL01-PE"
410640;2022-01-23;"domingo";"10:00:00";"PE";423;62,7;"LAJEDO";"Conversão proibida";"Colisão traseira";"Com Vítimas Feridas";"Pleno dia";"Crescente";"Céu Claro";"Simples";"Reta";"Não";2;0;1;0;1;0;1;2;-8,66011023;-36,33781395;"SPRF-PE";"DEL03-PE";"UOP01-DEL03-PE"
410643;2022-01-23;"domingo";"14:47:00";"GO";40;29,7;"LUZIANIA";"Ingestão de álcool pelo condutor";"Saída de leito carroçável";"Com Vítimas Feridas";"Pleno dia";"Crescente";"Céu Claro";"Dupla";"Reta";"Sim";1;0;1;0;0;0;1;1;-16,273718;-47,871456;"SPRF-DF";"DEL01-DF";"UOP01-DEL01-DF"
410644;2022-01-23;"domingo";"14:50:00";"MG";40;465,3;"SETE LAGOAS";"Condutor Dormindo";"Saída de leito carroçável";"Com Vítimas Feridas";"Pleno dia";"Decrescente";"Céu Claro";"Dupla";"Reta;Aclive";"Não";3;0;3;0;0;0;3;1;-19,43835777;-44,33103681;"SPRF-MG";"DEL02-MG";"UOP01-DEL02-MG"
410648;2022-01-23;"domingo";"13:00:00";"RJ";101;572;"PARATY";"Ultrapassagem Indevida";"Colisão lateral sentido oposto";"Com Vítimas Feridas";"Pleno dia";"Crescente";"Céu Claro";"Simples";"Reta";"Não";3;0;0;1;2;0;1;2;-23,19405903;-44,72770367;"SPRF-RJ";"DEL03-RJ";"UOP04-DEL03-RJ"
410649;2022-01-23;"domingo";"13:50:00";"MG";381;186;"PERIQUITO";"Condutor deixou de manter distância do veículo da frente";"Colisão traseira";"Com Vítimas Feridas";"Pleno dia";"Crescente";"Sol";"Simples";"Curva";"Não";2;0;1;0;1;0;1;2;-19,05184116;-42,15934038;"SPRF-MG";"DEL06-MG";"UOP01-DEL06-MG"
410651;2022-01-23;"domingo";"15:00:00";"RS";392;687,5;"ROQUE GONZALES";"Ausência de reação do condutor";"Saída de leito carroçável";"Com Vítimas Feridas";"Pleno dia";"Decrescente";"Céu Claro";"Simples";"Reta";"Não";1;0;1;0;0;0;1;1;-28,11487364;-54,96897592;"SPRF-RS";"DEL10-RS";"UOP01-DEL10-RS"
410652;2022-01-23;"domingo";"15:15:00";"MG";381;882,1;"ESTIVA";"Avarias e/ou desgaste excessivo no pneu";"Queda de ocupante de veículo";"Com Vítimas Feridas";"Pleno dia";"Decrescente";"Céu Claro";"Dupla";"Reta";"Não";2;0;2;0;0;0;2;1;-22,52371907;-46,0241579;"SPRF-MG";"DEL16-MG";"UOP03-DEL16-MG"
410653;2022-01-23;"domingo";"14:20:00";"GO";20;191,4;"SIMOLANDIA";"Condutor deixou de manter distância do veículo da frente";"Colisão traseira";"Com Vítimas Feridas";"Pleno dia";"Decrescente";"Céu Claro";"Simples";"Reta";"Não";7;0;1;0;6;0;1;2;-14,390564;-46,448238;"SPRF-DF";"DEL02-DF";"UOP03-DEL02-DF"
410654;2022-01-23;"domingo";"10:30:00";"RS";101;2,7;"TORRES";"Acessar a via sem observar a presença dos outros veículos";"Colisão lateral mesmo sentido";"Com Vítimas Feridas";"Pleno dia";"Crescente";"Céu Claro";"Dupla";"Curva";"Não";2;0;1;0;1;0;1;2;-29,316784;-49,774467;"SPRF-RS";"DEL03-RS";"UOP02-DEL03-RS"
410655;2022-01-23;"domingo";"15:44:00";"SP";116;222;"GUARULHOS";"Ultrapassagem Indevida";"Colisão com objeto";"Com Vítimas Feridas";"Pleno dia";"Crescente";"Céu Claro";"Múltipla";"Reta";"Sim";4;0;2;0;2;0;2;3;-23,47093408;-46,51631097;"SPRF-SP";"DEL01-SP";"UOP01-DEL01-SP"
410656;2022-01-23;"domingo";"15:30:00";"MG";381;626;"OLIVEIRA";"Demais falhas mecânicas ou elétricas";"Capotamento";"Com Vítimas Feridas";"Pleno dia";"Decrescente";"Céu Claro";"Dupla";"Reta;Declive";"Não";11;0;10;0;1;0;10;1;-20,828287;-44,807964;"SPRF-MG";"DEL04-MG";"UOP01-DEL04-MG"
410657;2022-01-23;"domingo";"14:40:00";"RO";364;708;"PORTO VELHO";"Ausência de reação do condutor";"Colisão com objeto";"Sem Vítimas";"Pleno dia";"Decrescente";"Céu Claro";"Dupla";"Curva";"Sim";1;0;0;0;1;0;0;1;-8,79554083;-63,84072487;"SPRF-RO";"DEL01-RO";"UOP01-DEL01-RO"
410658;2022-01-23;"domingo";"14:00:00";"MG";116;278;"TEOFILO OTONI";"Ausência de reação do condutor";"Tombamento";"Com Vítimas Feridas";"Pleno dia";"Crescente";"Sol";"Simples";"Interseção de Vias";"Sim";1;0;1;0;0;0;1;1;-17,86846089;-41,5171394;"SPRF-MG";"DEL11-MG";"UOP01-DEL11-MG"
410659;2022-01-23;"domingo";"16:00:00";"PE";408;104,7;"JABOATAO DOS GUARARAPES";"Ausência de reação do condutor";"Colisão traseira";"Com Vítimas Feridas";"Pleno dia";"Decrescente";"Céu Claro";"Múltipla";"Reta";"Sim";3;0;1;0;2;0;1;2;-8,064443;-34,99006;"SPRF-PE";"DEL01-PE";"UOP01-DEL01-PE"
410660;2022-01-23;"domingo";"16:05:00";"CE";222;5;"CAUCAIA";"Acessar a via sem observar a presença dos outros veículos";"Colisão lateral mesmo sentido";"Com Vítimas Feridas";"Pleno dia";"Decrescente";"Céu Claro";"Dupla";"Interseção de Vias";"Sim";2;0;1;0;1;0;1;2;-3,74296918;-38,61330997;"SPRF-CE";"DEL01-CE";"UOP01-DEL01-CE"
410661;2022-01-23;"domingo";"15:20:00";"SC";470;95,9;"APIUNA";"Ultrapassagem Indevida";"Colisão traseira";"Com Vítimas Feridas";"Pleno dia";"Decrescente";"Sol";"Simples";"Curva";"Sim";3;0;2;0;1;0;2;2;-27,02309888;-49,37209265;"SPRF-SC";"DEL04-SC";"UOP01-DEL04-SC"
410662;2022-01-23;"domingo";"11:44:00";"SP";116;284;"EMBU DAS ARTES";"Velocidade Incompatível";"Colisão com objeto";"Com Vítimas Feridas";"Pleno dia";"Decrescente";"Céu Claro";"Dupla";"Reta";"Sim";1;0;1;0;0;0;1;1;-23,69998;-46,867767;"SPRF-SP";"DEL04-SP";"UOP01-DEL04-SP"
410663;2022-01-23;"domingo";"15:25:00";"MG";40;525;"CONTAGEM";"Pedestre andava na pista";"Atropelamento de Pedestre";"Com Vítimas Feridas";"Pleno dia";"Crescente";"Céu Claro";"Dupla";"Reta";"Sim";2;0;0;1;1;0;1;2;-19,88361702;-44,05039336;"SPRF-MG";"DEL01-MG";"UOP02-DEL01-MG"
410666;2022-01-23;"domingo";"16:25:00";"GO";414;434,5;"ANAPOLIS";"Condutor deixou de manter distância do veículo da frente";"Colisão traseira";"Com Vítimas Feridas";"Pleno dia";"Crescente";"Céu Claro";"Simples";"Reta";"Sim";5;0;1;0;4;0;1;2;-16,23713788;-48,93293623;"SPRF-GO";"DEL02-GO";"UOP01-DEL02-GO"
410667;2022-01-23;"domingo";"12:00:00";"RS";285;264,2;"MATO CASTELHANO";"Reação tardia ou ineficiente do condutor";"Saída de leito carroçável";"Com Vítimas Feridas";"Pleno dia";"Decrescente";"Chuva";"Simples";"Reta";"Não";1;0;1;0;0;0;1;1;-28,305023;-52,11805;"SPRF-RS";"DEL08-RS";"UOP03-DEL08-RS"
410668;2022-01-23;"domingo";"14:30:00";"SP";116;115,8;"TAUBATE";"Reação tardia ou ineficiente do condutor";"Colisão traseira";"Com Vítimas Fatais";"Pleno dia";"Crescente";"Céu Claro";"Dupla";"Reta";"Sim";3;1;0;0;2;0;0;3;-23,0496047;-45,59973712;"SPRF-SP";"DEL02-SP";"UOP02-DEL02-SP"
410669;2022-01-23;"domingo";"16:25:00";"PR";476;158,1;"ARAUCARIA";"Demais falhas mecânicas ou elétricas";"Eventos atípicos";"Sem Vítimas";"Pleno dia";"Crescente";"Céu Claro";"Simples";"Reta";"Sim";2;0;0;0;2;0;0;2;-25,613539;-49,424255;"SPRF-PR";"DEL01-PR";"UOP03-DEL01-PR"
410670;2022-01-23;"domingo";"16:00:00";"RJ";101;420;"MANGARATIBA";"Acessar a via sem observar a presença dos outros veículos";"Colisão transversal";"Sem Vítimas";"Pleno dia";"Decrescente";"Céu Claro";"Dupla";"Reta";"Sim";2;0;0;0;2;0;0;2;-22,9189815;-43,92318002;"SPRF-RJ";"DEL03-RJ";"UOP03-DEL03-RJ"
410674;2022-01-23;"domingo";"17:00:00";"PB";230;32;"BAYEUX";"Trafegar com motocicleta (ou similar) entre as faixas";"Colisão lateral mesmo sentido";"Com Vítimas Feridas";"Pleno dia";"Crescente";"Céu Claro";"Dupla";"Reta";"Sim";3;0;2;0;1;0;2;2;-7,143;-34,9192;"SPRF-PB";"DEL01-PB";"UOP01-DEL01-PB"
410675;2022-01-23;"domingo";"14:20:00";"BA";101;946,6;"MUCURI";"Reação tardia ou ineficiente do condutor";"Queda de ocupante de veículo";"Com Vítimas Feridas";"Pleno dia";"Decrescente";"Céu Claro";"Simples";"Ponte";"Não";2;0;2;0;0;0;2;1;-18,16840196;-39,91873914;"SPRF-BA";"DEL09-BA";"UOP02-DEL09-BA"
410676;2022-01-23;"domingo";"16:30:00";"PB";104;141,3;"QUEIMADAS";"Ingestão de álcool pelo condutor";"Colisão traseira";"Com Vítimas Feridas";"Pleno dia";"Decrescente";"Céu Claro";"Simples";"Reta";"Não";2;0;1;0;1;0;1;2;-7,381387;-35,896397;"SPRF-PB";"DEL02-PB";"UOP03-DEL02-PB"
410677;2022-01-23;"domingo";"16:45:00";"RJ";101;428;"MANGARATIBA";"Reação tardia ou ineficiente do condutor";"Colisão transversal";"Sem Vítimas";"Pleno dia";"Decrescente";"Céu Claro";"Dupla";"Reta";"Sim";12;0;0;0;12;0;0;2;-22,93391858;-43,9899979;"SPRF-RJ";"DEL03-RJ";"UOP03-DEL03-RJ"
410678;2022-01-23;"domingo";"16:30:00";"MA";135;7,5;"SAO LUIS";"Ingestão de álcool pelo condutor";"Colisão traseira";"Sem Vítimas";"Pleno dia";"Crescente";"Chuva";"Dupla";"Rotatória";"Sim";2;0;0;0;2;0;0;2;-2,64067992;-44,27166224;"SPRF-MA";"DEL01-MA";"UOP01-DEL01-MA"
410679;2022-01-23;"domingo";"17:05:00";"PR";376;249;"APUCARANA";"Chuva";"Queda de ocupante de veículo";"Com Vítimas Feridas";"Pleno dia";"Decrescente";"Chuva";"Dupla";"Aclive;Curva";"Não";1;0;0;1;0;0;1;1;-23,6106323;-51,39902115;"SPRF-PR";"DEL07-PR";"UOP02-DEL07-PR"
410681;2022-01-23;"domingo";"17:40:00";"SC";101;239,5;"PALHOCA";"Velocidade Incompatível";"Colisão traseira";"Com Vítimas Feridas";"Pleno dia";"Decrescente";"Céu Claro";"Dupla";"Reta";"Não";3;0;1;0;2;0;1;2;-27,84293889;-48,63471922;"SPRF-SC";"DEL01-SC";"UOP02-DEL01-SC"
410684;2022-01-23;"domingo";"17:30:00";"PR";369;50,6;"BANDEIRANTES";"Manobra de mudança de faixa";"Colisão frontal";"Com Vítimas Fatais";"Pleno dia";"Decrescente";"Céu Claro";"Múltipla";"Curva;Aclive";"Não";2;1;0;1;0;0;1;2;-23,121345;-50,3242;"SPRF-PR";"DEL07-PR";"UOP01-DEL07-PR"
410685;2022-01-23;"domingo";"17:15:00";"GO";60;459;"JATAI";"Acumulo de água sobre o pavimento";"Saída de leito carroçável";"Com Vítimas Feridas";"Pleno dia";"Crescente";"Chuva";"Dupla";"Declive;Curva";"Não";1;0;1;0;0;0;1;1;-17,8702;-51,6065;"SPRF-GO";"DEL05-GO";"UOP01-DEL05-GO"
410686;2022-01-23;"domingo";"07:00:00";"RR";433;30;"NORMANDIA";"Ausência de reação do condutor";"Saída de leito carroçável";"Com Vítimas Fatais";"Pleno dia";"Decrescente";"Céu Claro";"Simples";"Reta";"Não";2;2;0;0;0;0;0;1;3,836207;-59,963589;"SPRF-RR";"DEL01-RR";"UOP01-DEL01-RR"
410687;2022-01-23;"domingo";"17:00:00";"MG";50;62;"UBERLANDIA";"Reação tardia ou ineficiente do condutor";"Colisão lateral mesmo sentido";"Sem Vítimas";"Pleno dia";"Decrescente";"Céu Claro";"Dupla";"Reta";"Não";2;0;0;0;2;0;0;2;-18,82501599;-48,24975071;"SPRF-MG";"DEL15-MG";"UOP02-DEL15-MG"
410688;2022-01-23;"domingo";"15:00:00";"PE";423;93,8;"GARANHUNS";"Reação tardia ou ineficiente do condutor";"Colisão traseira";"Sem Vítimas";"Pleno dia";"Crescente";"Nublado";"Múltipla";"Rotatória";"Sim";2;0;0;0;2;0;0;2;-8,874031;-36,469503;"SPRF-PE";"DEL03-PE";"UOP01-DEL03-PE"
410691;2022-01-23;"domingo";"17:00:00";"MA";230;12,4;"BARAO DE GRAJAU";"Acesso irregular";"Colisão transversal";"Com Vítimas Feridas";"Pleno dia";"Crescente";"Céu Claro";"Simples";"Reta";"Não";2;0;1;0;1;0;1;2;-6,72235987;-43,10918195;"SPRF-PI";"DEL03-PI";"UOP01-DEL03-PI"
410692;2022-01-23;"domingo";"16:40:00";"CE";116;190;"LIMOEIRO DO NORTE";"Condutor deixou de manter distância do veículo da frente";"Colisão traseira";"Sem Vítimas";"Pleno dia";"Crescente";"Céu Claro";"Simples";"Curva";"Não";2;0;0;0;2;0;0;2;-5,12274645;-38,14959526;"SPRF-CE";"DEL03-CE";"UOP01-DEL03-CE"
410693;2022-01-23;"domingo";"18:40:00";"SP";381;66;"MAIRIPORA";"Ausência de reação do condutor";"Colisão lateral mesmo sentido";"Com Vítimas Feridas";"Anoitecer";"Crescente";"Nublado";"Dupla";"Curva";"Sim";4;0;1;0;3;0;1;2;-23,32451103;-46,58021504;"SPRF-SP";"DEL03-SP";"UOP01-DEL03-SP"
410694;2022-01-23;"domingo";"16:45:00";"MG";50;68;"UBERLANDIA";"Pista esburacada";"Tombamento";"Com Vítimas Feridas";"Pleno dia";"Crescente";"Céu Claro";"Dupla";"Viaduto;Reta";"Sim";2;0;1;1;0;0;2;1;-18,88436103;-48,26613665;"SPRF-MG";"DEL15-MG";"UOP02-DEL15-MG"
410697;2022-01-23;"domingo";"18:55:00";"MG";40;612;"CONGONHAS";"Transitar na contramão";"Colisão frontal";"Com Vítimas Feridas";"Plena Noite";"Crescente";"Céu Claro";"Simples";"Curva;Declive;Ponte";"Não";7;0;3;2;2;0;5;3;-20,519484;-43,833145;"SPRF-MG";"DEL05-MG";"UOP02-DEL05-MG"
410698;2022-01-23;"domingo";"18:50:00";"SP";381;49;"ATIBAIA";"Ausência de reação do condutor";"Colisão lateral mesmo sentido";"Sem Vítimas";"Anoitecer";"Crescente";"Nublado";"Múltipla";"Reta";"Sim";5;0;0;0;5;0;0;2;-23,20535293;-46,59066516;"SPRF-SP";"DEL03-SP";"UOP01-DEL03-SP"
410700;2022-01-23;"domingo";"19:00:00";"PE";101;29,8;"ITAPISSUMA";"Iluminação deficiente";"Capotamento";"Com Vítimas Feridas";"Plena Noite";"Crescente";"Céu Claro";"Dupla";"Reta";"Não";2;0;0;2;0;0;2;1;-7,72939697;-34,94185854;"SPRF-PE";"DEL01-PE";"UOP02-DEL01-PE"
410701;2022-01-23;"domingo";"18:00:00";"PR";277;113;"CAMPO LARGO";"Participar de racha";"Colisão lateral mesmo sentido";"Com Vítimas Feridas";"Anoitecer";"Decrescente";"Céu Claro";"Dupla";"Reta";"Sim";2;0;2;0;0;0;2;2;-25,42970087;-49,37850986;"SPRF-PR";"DEL01-PR";"UOP03-DEL03-PR"
410703;2022-01-23;"domingo";"16:30:00";"AC";364;135;"RIO BRANCO";"Reação tardia ou ineficiente do condutor";"Colisão lateral mesmo sentido";"Com Vítimas Feridas";"Pleno dia";"Decrescente";"Céu Claro";"Dupla";"Reta";"Sim";6;0;3;0;3;0;3;2;-9,98588117;-67,84523538;"SPRF-AC";"DEL01-AC";"UOP01-DEL01-AC"
410705;2022-01-23;"domingo";"18:45:00";"CE";222;30;"CAUCAIA";"Ausência de sinalização";"Colisão frontal";"Com Vítimas Feridas";"Plena Noite";"Crescente";"Céu Claro";"Simples";"Curva";"Não";3;0;2;0;1;0;2;2;-3,71177966;-38,81972495;"SPRF-CE";"DEL01-CE";"UOP01-DEL01-CE"
410706;2022-01-23;"domingo";"17:45:00";"GO";60;27,5;"ALEXANIA";"Animais na Pista";"Atropelamento de Animal";"Com Vítimas Feridas";"Anoitecer";"Decrescente";"Sol";"Dupla";"Reta;Declive";"Não";4;0;1;0;3;0;1;1;-16,10203574;-48,46353114;"SPRF-DF";"DEL03-DF";"UOP01-DEL03-DF"
410707;2022-01-23;"domingo";"18:50:00";"SP";381;86;"SAO PAULO";"Pedestre cruzava a pista fora da faixa";"Atropelamento de Pedestre";"Com Vítimas Feridas";"Plena Noite";"Crescente";"Céu Claro";"Dupla";"Reta";"Sim";2;0;1;0;1;0;1;2;-23,4846602;-46,56040192;"SPRF-SP";"DEL03-SP";"UOP01-DEL03-SP"
410709;2022-01-23;"domingo";"19:25:00";"CE";20;307,4;"CANINDE";"Ultrapassagem Indevida";"Saída de leito carroçável";"Com Vítimas Feridas";"Plena Noite";"Crescente";"Nublado";"Simples";"Curva";"Sim";1;0;1;0;0;0;1;1;-4,35800799;-39,3016531;"SPRF-CE";"DEL02-CE";"UOP01-DEL02-CE"
410710;2022-01-23;"domingo";"12:51:00";"SC";101;208;"SAO JOSE";"Velocidade Incompatível";"Queda de ocupante de veículo";"Com Vítimas Feridas";"Pleno dia";"Crescente";"Céu Claro";"Simples";"Rotatória";"Sim";1;0;0;1;0;0;1;1;-27,60327979;-48,63201818;"SPRF-SC";"DEL01-SC";"UOP01-DEL01-SC"
410711;2022-01-23;"domingo";"18:30:00";"PA";153;93;"SAO JOAO DO ARAGUAIA";"Transitar na contramão";"Colisão frontal";"Com Vítimas Fatais";"Plena Noite";"Decrescente";"Céu Claro";"Simples";"Reta";"Não";2;1;0;0;1;0;0;2;-5,440313;-48,915844;"SPRF-PA";"DEL03-PA";"UOP01-DEL03-PA"
410712;2022-01-23;"domingo";"16:30:00";"PE";232;419,6;"SERRA TALHADA";"Ausência de reação do condutor";"Eventos atípicos";"Com Vítimas Feridas";"Pleno dia";"Decrescente";"Céu Claro";"Simples";"Reta";"Não";2;0;0;1;0;1;1;2;-7,99920674;-38,37890636;"SPRF-PE";"DEL04-PE";"UOP01-DEL04-PE"