"id";"data_inversa";"dia_semana";"horario";"uf";"br";"km";"municipio";"causa_acidente";"tipo_acidente";"classificacao_acidente";"fase_dia";"sentido_via";"condicao_metereologica";"tipo_pista";"tracado_via";"uso_solo";"pessoas";"mortos";"feridos_leves";"feridos_graves";"ilesos";"ignorados";"feridos";"veiculos";"latitude";"longitude";"regional";"delegacia";"uop"
410713;2022-01-23;"domingo";"17:00:00";"RJ";356;92;"CARDOSO MOREIRA";"Curva acentuada";"Saída de leito carroçável";"Com Vítimas Fatais";"Anoitecer";"Crescente";"Céu Claro";"Simples";"Curva";"Não";1;1;0;0;0;0;0;1;-21,51467241;-41,59282404;"SPRF-RJ";"DEL08-RJ";"UOP03-DEL08-RJ"
410715;2022-01-23;"domingo";"20:35:00";"RJ";116;106;"GUAPIMIRIM";"Frear bruscamente";"Engavetamento";"Com Vítimas Feridas";"Plena Noite";"Crescente";"Céu Claro";"Simples";"Reta";"Sim";6;0;2;0;4;0;2;4;-22,521951;-43,00070097;"SPRF-RJ";"DEL04-RJ";"UOP02-DEL04-RJ"
410716;2022-01-23;"domingo";"19:40:00";"RJ";40;109;"DUQUE DE CAXIAS";"Condutor deixou de manter distância do veículo da frente";"Engavetamento";"Sem Vítimas";"Plena Noite";"Crescente";"Céu Claro";"Múltipla";"Reta";"Sim";3;0;0;0;2;1;0;3;-22,6744598;-43,2854594;"SPRF-RJ";"DEL01-RJ";"UOP01-DEL01-RJ"
410717;2022-01-23;"domingo";"20:30:00";"SP";381;80;"SAO PAULO";"Manobra de mudança de faixa";"Colisão com objeto";"Com Vítimas Feridas";"Plena Noite";"Decrescente";"Nublado";"Múltipla";"Reta";"Não";2;0;0;1;1;0;1;2;-23,40889686;-46,58095945;"SPRF-SP";"DEL03-SP";"UOP01-DEL03-SP"
410720;2022-01-23;"domingo";"17:10:00";"RJ";101;568;"PARATY";"Condutor deixou de manter distância do veículo da frente";"Colisão lateral mesmo sentido";"Com Vítimas Feridas";"Pleno dia";"Crescente";"Céu Claro";"Simples";"Reta";"Não";3;0;1;1;1;0;2;2;-23,17023697;-44,71037687;"SPRF-RJ";"DEL03-RJ";"UOP04-DEL03-RJ"
410721;2022-01-23;"domingo";"18:50:00";"SP";116;136;"SAO JOSE DOS CAMPOS";"Demais falhas mecânicas ou elétricas";"Incêndio";"Sem Vítimas";"Plena Noite";"Decrescente";"Céu Claro";"Dupla";"Reta";"Sim";1;0;0;0;1;0;0;1;-23,14874471;-45,77863714;"SPRF-SP";"DEL02-SP";"UOP01-DEL02-SP"
410722;2022-01-23;"domingo";"17:30:00";"SC";101;110;"PENHA";"Trafegar com motocicleta (ou similar) entre as faixas";"Colisão traseira";"Com Vítimas Feridas";"Anoitecer";"Crescente";"Céu Claro";"Dupla";"Reta";"Não";3;0;1;0;2;0;1;2;-26,83477;-48,706151;"SPRF-SC";"DEL03-SC";"UOP02-DEL03-SC"
410723;2022-01-23;"domingo";"20:00:00";"BA";367;26,1;"PORTO SEGURO";"Condutor deixou de manter distância do veículo da frente";"Colisão traseira";"Com Vítimas Feridas";"Plena Noite";"Crescente";"Céu Claro";"Dupla";"Reta";"Sim";2;0;1;0;1;0;1;2;-16,43071712;-39,09561713;"SPRF-BA";"DEL09-BA";"UOP01-DEL09-BA"
410724;2022-01-23;"domingo";"20:20:00";"SC";282;37,2;"AGUAS MORNAS";"Ingestão de álcool pelo condutor";"Colisão lateral sentido oposto";"Com Vítimas Feridas";"Plena Noite";"Crescente";"Céu Claro";"Simples";"Curva";"Não";5;0;1;1;3;0;2;3;-27,707325;-48,842983;"SPRF-SC";"DEL01-SC";"UOP03-DEL01-SC"
410725;2022-01-23;"domingo";"18:30:00";"SC";282;509,6;"XANXERE";"Afundamento ou ondulação no pavimento";"Tombamento";"Com Vítimas Feridas";"Anoitecer";"Crescente";"Céu Claro";"Simples";"Reta";"Não";1;0;1;0;0;0;1;1;-26,890533;-52,457096;"SPRF-SC";"DEL07-SC";"UOP01-DEL07-SC"
410726;2022-01-23;"domingo";"21:40:00";"GO";50;288,6;"CATALAO";"Demais falhas mecânicas ou elétricas";"Incêndio";"Sem Vítimas";"Plena Noite";"Decrescente";"Céu Claro";"Dupla";"Reta";"Não";2;0;0;0;2;0;0;1;-18,2333;-47,9829;"SPRF-GO";"DEL06-GO";"UOP01-DEL06-GO"
410727;2022-01-23;"domingo";"19:00:00";"MG";381;831,7;"SAO SEBASTIAO DA BELA VISTA";"Condutor usando celular";"Colisão com objeto";"Com Vítimas Feridas";"Plena Noite";"Crescente";"Nublado";"Dupla";"Reta";"Não";5;0;1;0;4;0;1;1;-22,14509897;-45,81876904;"SPRF-MG";"DEL16-MG";"UOP01-DEL16-MG"
410729;2022-01-23;"domingo";"21:14:00";"PI";343;14,7;"PARNAIBA";"Transitar no acostamento";"Colisão lateral mesmo sentido";"Com Vítimas Feridas";"Plena Noite";"Decrescente";"Nublado";"Dupla";"Reta";"Sim";2;0;1;0;1;0;1;2;-2,927902;-41,753502;"SPRF-PI";"DEL05-PI";"UOP01-DEL05-PI"
410730;2022-01-23;"domingo";"20:30:00";"SP";116;169;"JACAREI";"Pedestre cruzava a pista fora da faixa";"Atropelamento de Pedestre";"Com Vítimas Feridas";"Plena Noite";"Decrescente";"Céu Claro";"Dupla";"Curva";"Não";2;0;0;1;1;0;1;2;-23,307652;-46,045128;"SPRF-SP";"DEL02-SP";"UOP01-DEL02-SP"
410731;2022-01-23;"domingo";"20:00:00";"GO";20;90,2;"VILA BOA";"Acessar a via sem observar a presença dos outros veículos";"Colisão transversal";"Com Vítimas Feridas";"Plena Noite";"Crescente";"Céu Claro";"Simples";"Reta";"Não";6;0;1;0;5;0;1;2;-15,02026;-47,046417;"SPRF-DF";"DEL02-DF";"UOP01-DEL02-DF"
410732;2022-01-23;"domingo";"17:20:00";"SC";101;79;"ARAQUARI";"Manobra de mudança de faixa";"Colisão traseira";"Com Vítimas Feridas";"Pleno dia";"Decrescente";"Céu Claro";"Dupla";"Retorno Regulamentado";"Não";3;0;0;2;1;0;2;2;-26,595225;-48,722207;"SPRF-SC";"DEL03-SC";"UOP02-DEL03-SC"
410734;2022-01-23;"domingo";"22:00:00";"ES";101;265,8;"SERRA";"Velocidade Incompatível";"Colisão com objeto";"Com Vítimas Feridas";"Plena Noite";"Crescente";"Céu Claro";"Múltipla";"Reta";"Sim";5;0;2;3;0;0;5;1;-20,1816849;-40,26536036;"SPRF-ES";"DEL02-ES";"UOP01-DEL02-ES"
410735;2022-01-23;"domingo";"21:40:00";"MS";463;106;"PONTA PORA";"Ausência de reação do condutor";"Capotamento";"Com Vítimas Feridas";"Plena Noite";"Crescente";"Ignorado";"Simples";"Reta";"Não";1;0;0;1;0;0;1;1;-22,59656312;-55,66536809;"SPRF-MS";"DEL04-MS";"UOP03-DEL04-MS"
410736;2022-01-23;"domingo";"19:45:00";"RO";364;708;"PORTO VELHO";"Ausência de reação do condutor";"Queda de ocupante de veículo";"Com Vítimas Feridas";"Plena Noite";"Crescente";"Céu Claro";"Dupla";"Reta";"Sim";1;0;1;0;0;0;1;1;-8,79554083;-63,84072487;"SPRF-RO";"DEL01-RO";"UOP01-DEL01-RO"
410737;2022-01-23;"domingo";"20:15:00";"DF";80;23,9;"BRASILIA";"Transitar na contramão";"Colisão frontal";"Com Vítimas Fatais";"Plena Noite";"Decrescente";"Céu Claro";"Simples";"Reta";"Não";2;1;0;0;1;0;0;2;-15,638944;-48,20079;"SPRF-DF";"DEL03-DF";"UOP02-DEL03-DF"
410738;2022-01-23;"domingo";"21:30:00";"MS";419;56,3;"RIO VERDE DE MATO GROSSO";"Reação tardia ou ineficiente do condutor";"Saída de leito carroçável";"Com Vítimas Feridas";"Plena Noite";"Crescente";"Céu Claro";"Simples";"Reta";"Não";6;0;2;0;4;0;2;1;-19,00735794;-54,8282881;"SPRF-MS";"DEL06-MS";"UOP02-DEL06-MS"
410739;2022-01-23;"domingo";"22:45:00";"PR";277;33;"MORRETES";"Ingestão de álcool pelo condutor";"Engavetamento";"Sem Vítimas";"Plena Noite";"Crescente";"Céu Claro";"Dupla";"Curva;Aclive";"Não";3;0;0;0;3;0;0;3;-25,547373;-48,790559;"SPRF-PR";"DEL01-PR";"UOP05-DEL01-PR"
410740;2022-01-23;"domingo";"22:40:00";"SP";101;46,7;"UBATUBA";"Velocidade Incompatível";"Eventos atípicos";"Com Vítimas Feridas";"Plena Noite";"Decrescente";"Nublado";"Simples";"Reta";"Sim";1;0;0;1;0;0;1;1;-23,42886856;-45,08130005;"SPRF-SP";"DEL06-SP";"UOP01-DEL06-SP"
410741;2022-01-23;"domingo";"10:30:00";"ES";482;109,5;"GUACUI";"Acessar a via sem observar a presença dos outros veículos";"Colisão transversal";"Com Vítimas Feridas";"Pleno dia";"Crescente";"Céu Claro";"Simples";"Interseção de Vias";"Sim";2;0;1;0;1;0;1;2;-20,79358624;-41,69390637;"SPRF-ES";"DEL03-ES";"UOP02-DEL03-ES"
410743;2022-01-23;"domingo";"21:40:00";"DF";40;6,4;"BRASILIA";"Velocidade Incompatível";"Colisão traseira";"Com Vítimas Feridas";"Plena Noite";"Crescente";"Céu Claro";"Dupla";"Declive;Curva";"Não";2;0;1;0;1;0;1;2;-16,029741;-47,978867;"SPRF-DF";"DEL01-DF";"UOP01-DEL01-DF"
410744;2022-01-23;"domingo";"22:30:00";"RJ";101;508;"ANGRA DOS REIS";"Ingestão de álcool pelo condutor";"Colisão lateral sentido oposto";"Com Vítimas Feridas";"Plena Noite";"Crescente";"Céu Claro";"Simples";"Curva";"Não";7;0;6;0;1;0;6;3;-22,94163902;-44,42239099;"SPRF-RJ";"DEL03-RJ";"UOP02-DEL03-RJ"
410745;2022-01-23;"domingo";"19:20:00";"RS";468;135,2;"TIRADENTES DO SUL";"Ausência de reação do condutor";"Colisão com objeto";"Com Vítimas Fatais";"Plena Noite";"Crescente";"Nublado";"Simples";"Curva";"Não";1;1;0;0;0;0;0;1;-27,28660787;-54,18496564;"SPRF-RS";"DEL08-RS";"UOP02-DEL08-RS"
410746;2022-01-23;"domingo";"19:50:00";"RS";101;23,5;"TRES CACHOEIRAS";"Acessar a via sem observar a presença dos outros veículos";"Atropelamento de Pedestre";"Com Vítimas Feridas";"Plena Noite";"Crescente";"Céu Claro";"Dupla";"Reta";"Sim";3;0;0;2;1;0;2;2;-29,44526794;-49,90912604;"SPRF-RS";"DEL03-RS";"UOP02-DEL03-RS"
410747;2022-01-23;"domingo";"22:20:00";"MT";163;746;"SORRISO";"Ingestão de álcool pelo condutor";"Queda de ocupante de veículo";"Com Vítimas Feridas";"Plena Noite";"Crescente";"Nublado";"Dupla";"Reta";"Sim";3;0;2;1;0;0;3;1;-12,7007392;-55,81389079;"SPRF-MT";"DEL06-MT";"UOP01-DEL06-MT"
410748;2022-01-23;"domingo";"20:23:00";"SC";163;70,5;"SAO MIGUEL DO OESTE";"Pedestre andava na pista";"Atropelamento de Pedestre";"Sem Vítimas";"Plena Noite";"Crescente";"Nublado";"Dupla";"Curva;Declive";"Sim";2;0;0;0;0;2;0;2;-26,73173626;-53,51028442;"SPRF-SC";"DEL07-SC";"UOP03-DEL07-SC"
410749;2022-01-23;"domingo";"21:30:00";"AC";364;143;"RIO BRANCO";"Ingestão de álcool pelo condutor";"Saída de leito carroçável";"Com Vítimas Feridas";"Plena Noite";"Decrescente";"Céu Claro";"Dupla";"Reta";"Sim";1;0;1;0;0;0;1;1;-9,92858308;-67,88590139;"SPRF-AC";"DEL01-AC";"UOP01-DEL01-AC"
410750;2022-01-23;"domingo";"17:40:00";"SC";153;106;"CONCORDIA";"Velocidade Incompatível";"Saída de leito carroçável";"Com Vítimas Feridas";"Pleno dia";"Decrescente";"Nublado";"Simples";"Curva";"Não";2;0;2;0;0;0;2;1;-27,29136281;-51,96764946;"SPRF-SC";"DEL07-SC";"UOP04-DEL07-SC"
410751;2022-01-23;"domingo";"18:40:00";"RJ";356;49;"ITAPERUNA";"Curva acentuada";"Queda de ocupante de veículo";"Com Vítimas Feridas";"Anoitecer";"Decrescente";"Céu Claro";"Simples";"Curva";"Não";1;0;0;1;0;0;1;1;-21,25300596;-41,78325793;"SPRF-RJ";"DEL08-RJ";"UOP03-DEL08-RJ"
410753;2022-01-23;"domingo";"21:10:00";"PR";376;218,2;"JANDAIA DO SUL";"Desrespeitar a preferência no cruzamento";"Colisão transversal";"Com Vítimas Fatais";"Plena Noite";"Decrescente";"Céu Claro";"Simples";"Reta";"Sim";2;1;1;0;0;0;1;2;-23,59717604;-51,615043;"SPRF-PR";"DEL09-PR";"UOP01-DEL09-PR"
410755;2022-01-23;"domingo";"22:15:00";"GO";20;2,7;"FORMOSA";"Acessar a via sem observar a presença dos outros veículos";"Colisão transversal";"Com Vítimas Feridas";"Plena Noite";"Crescente";"Céu Claro";"Simples";"Reta";"Sim";4;0;1;2;1;0;3;2;-15,57387;-47,327488;"SPRF-DF";"DEL02-DF";"UOP01-DEL02-DF"
410757;2022-01-23;"domingo";"23:35:00";"TO";153;148;"ARAGUAINA";"Reação tardia ou ineficiente do condutor";"Saída de leito carroçável";"Com Vítimas Feridas";"Plena Noite";"Decrescente";"Céu Claro";"Dupla";"Reta";"Sim";1;0;0;1;0;0;1;1;-7,23023092;-48,25208725;"SPRF-TO";"DEL02-TO";"UOP01-DEL02-TO"
410758;2022-01-23;"domingo";"22:30:00";"RS";158;542;"SANTANA DO LIVRAMENTO";"Ingestão de álcool pelo condutor";"Saída de leito carroçável";"Sem Vítimas";"Plena Noite";"Crescente";"Céu Claro";"Simples";"Reta";"Não";2;0;0;0;2;0;0;1;-30,80982055;-55,2867421;"SPRF-RS";"DEL11-RS";"UOP01-DEL11-RS"
410759;2022-01-23;"domingo";"22:30:00";"MG";40;231,5;"SAO GONCALO DO ABAETE";"Condutor Dormindo";"Colisão frontal";"Com Vítimas Feridas";"Plena Noite";"Decrescente";"Céu Claro";"Simples";"Curva";"Não";3;0;1;1;0;1;2;2;-18,00627278;-45,55987996;"SPRF-MG";"DEL14-MG";"UOP02-DEL14-MG"
410761;2022-01-24;"segunda-feira";"00:30:00";"MG";365;626;"UBERLANDIA";"Ausência de reação do condutor";"Capotamento";"Sem Vítimas";"Plena Noite";"Crescente";"Céu Claro";"Dupla";"Reta";"Sim";1;0;0;0;0;1;0;1;-18,90659356;-48,33469405;"SPRF-MG";"DEL15-MG";"UOP01-DEL15-MG"
410763;2022-01-24;"segunda-feira";"00:00:00";"RJ";101;514;"ANGRA DOS REIS";"Ultrapassagem Indevida";"Queda de ocupante de veículo";"Com Vítimas Feridas";"Plena Noite";"Crescente";"Céu Claro";"Simples";"Reta";"Não";1;0;1;0;0;0;1;1;-22,97997014;-44,44098498;"SPRF-RJ";"DEL03-RJ";"UOP02-DEL03-RJ"
410765;2022-01-24;"segunda-feira";"00:00:00";"MT";163;620;"NOVA MUTUM";"Condutor Dormindo";"Colisão com objeto";"Sem Vítimas";"Plena Noite";"Crescente";"Vento";"Simples";"Reta";"Não";1;0;0;0;1;0;0;1;-13,73528688;-56,04882247;"SPRF-MT";"DEL01-MT";"UOP01-DEL01-MT"
410767;2022-01-23;"domingo";"22:15:00";"SC";280;271,9;"IRINEOPOLIS";"Condutor Dormindo";"Tombamento";"Com Vítimas Feridas";"Plena Noite";"Crescente";"Céu Claro";"Simples";"Reta";"Não";1;0;1;0;0;0;1;1;-26,2720695;-50,74536523;"SPRF-SC";"DEL06-SC";"UOP04-DEL06-SC"
410769;2022-01-24;"segunda-feira";"00:00:00";"PR";153;343;"IRATI";"Ausência de reação do condutor";"Saída de leito carroçável";"Sem Vítimas";"Plena Noite";"Crescente";"Nublado";"Simples";"Curva";"Não";1;0;0;0;1;0;0;1;-25,55395107;-50,6723479;"SPRF-PR";"DEL03-PR";"UOP03-DEL03-PR"
410770;2022-01-23;"domingo";"23:10:00";"MG";116;713,9;"MURIAE";"Transitar na contramão";"Colisão frontal";"Com Vítimas Fatais";"Plena Noite";"Decrescente";"Céu Claro";"Simples";"Reta;Declive";"Não";4;2;1;0;0;1;1;3;-21,19113417;-42,36881733;"SPRF-MG";"DEL07-MG";"UOP02-DEL07-MG"
410772;2022-01-24;"segunda-feira";"02:45:00";"RS";116;204,5;"PICADA CAFE";"Velocidade Incompatível";"Tombamento";"Com Vítimas Fatais";"Plena Noite";"Crescente";"Céu Claro";"Simples";"Curva;Em Obras";"Não";1;1;0;0;0;0;0;1;-29,49524134;-51,14188313;"SPRF-RS";"DEL05-RS";"UOP02-DEL05-RS"
410773;2022-01-23;"domingo";"22:50:00";"RS";290;69;"GRAVATAI";"Pedestre andava na pista";"Atropelamento de Pedestre";"Com Vítimas Fatais";"Plena Noite";"Crescente";"Céu Claro";"Múltipla";"Reta";"Sim";2;1;0;0;0;1;0;2;-29,944933;-50,946438;"SPRF-RS";"DEL03-RS";"UOP01-DEL03-RS"
410774;2022-01-24;"segunda-feira";"03:10:00";"PR";376;349,1;"ORTIGUEIRA";"Condutor Dormindo";"Colisão com objeto";"Com Vítimas Feridas";"Plena Noite";"Crescente";"Céu Claro";"Simples";"Reta";"Não";1;0;1;0;0;0;1;1;-24,19880658;-50,95085621;"SPRF-PR";"DEL07-PR";"UOP02-DEL07-PR"
410775;2022-01-24;"segunda-feira";"01:30:00";"PR";277;674,3;"MEDIANEIRA";"Ingestão de álcool pelo condutor";"Colisão com objeto";"Com Vítimas Feridas";"Plena Noite";"Decrescente";"Chuva";"Dupla";"Declive;Reta";"Sim";2;0;1;1;0;0;2;1;-25,29484117;-54,11509792;"SPRF-PR";"DEL05-PR";"UOP01-DEL05-PR"
410776;2022-01-24;"segunda-feira";"01:45:00";"PE";232;132,3;"CARUARU";"Ingestão de álcool pelo condutor";"Saída de leito carroçável";"Sem Vítimas";"Plena Noite";"Crescente";"Céu Claro";"Dupla";"Reta";"Sim";1;0;0;0;0;1;0;1;-8,304536;-36,010216;"SPRF-PE";"DEL02-PE";"UOP03-DEL02-PE"
410777;2022-01-24;"segunda-feira";"03:00:00";"RS";386;179;"CARAZINHO";"Ingestão de álcool pelo condutor";"Saída de leito carroçável";"Com Vítimas Feridas";"Plena Noite";"Crescente";"Céu Claro";"Simples";"Reta";"Sim";4;0;4;0;0;0;4;1;-28,295532;-52,753395;"SPRF-RS";"DEL08-RS";"UOP01-DEL08-RS"
410778;2022-01-24;"segunda-feira";"04:50:00";"SC";470;57,5;"BLUMENAU";"Reação tardia ou ineficiente do condutor";"Tombamento";"Com Vítimas Feridas";"Plena Noite";"Crescente";"Céu Claro";"Simples";"Ponte;Reta";"Sim";1;0;0;1;0;0;1;1;-26,880428;-49,136532;"SPRF-SC";"DEL04-SC";"UOP01-DEL04-SC"
410779;2022-01-24;"segunda-feira";"02:50:00";"MT";364;15;"ALTO ARAGUAIA";"Animais na Pista";"Atropelamento de Animal";"Com Vítimas Feridas";"Plena Noite";"Decrescente";"Céu Claro";"Simples";"Rotatória";"Não";1;0;1;0;0;0;1;1;-17,24052014;-53,32083069;"SPRF-MT";"DEL02-MT";"UOP02-DEL02-MT"
410780;2022-01-24;"segunda-feira";"05:30:00";"SC";101;270,9;"IMBITUBA";"Reação tardia ou ineficiente do condutor";"Saída de leito carroçável";"Com Vítimas Feridas";"Amanhecer";"Decrescente";"Céu Claro";"Dupla";"Curva";"Não";1;0;1;0;0;0;1;1;-28,11428515;-48,70059198;"SPRF-SC";"DEL02-SC";"UOP03-DEL02-SC"
410781;2022-01-24;"segunda-feira";"04:00:00";"RJ";116;126;"MAGE";"Velocidade Incompatível";"Saída de leito carroçável";"Com Vítimas Fatais";"Plena Noite";"Decrescente";"Céu Claro";"Dupla";"Curva";"Não";1;1;0;0;0;0;0;1;-22,65489354;-43,08636526;"SPRF-RJ";"DEL04-RJ";"UOP02-DEL04-RJ"
410784;2022-01-24;"segunda-feira";"04:00:00";"RJ";493;99;"SEROPEDICA";"Condutor Dormindo";"Capotamento";"Com Vítimas Feridas";"Amanhecer";"Decrescente";"Céu Claro";"Dupla";"Reta";"Não";3;0;0;2;1;0;2;1;-22,72512797;-43,71228218;"SPRF-RJ";"DEL03-RJ";"UOP01-DEL03-RJ"
410786;2022-01-24;"segunda-feira";"06:30:00";"MG";40;562;"NOVA LIMA";"Reação tardia ou ineficiente do condutor";"Capotamento";"Com Vítimas Feridas";"Pleno dia";"Decrescente";"Céu Claro";"Dupla";"Reta";"Sim";1;0;1;0;0;0;1;1;-20,14451602;-43,95966007;"SPRF-MG";"DEL01-MG";"UOP02-DEL01-MG"
410787;2022-01-24;"segunda-feira";"06:30:00";"PR";476;134;"CURITIBA";"Condutor deixou de manter distância do veículo da frente";"Colisão traseira";"Com Vítimas Feridas";"Pleno dia";"Decrescente";"Céu Claro";"Múltipla";"Interseção de Vias;Reta";"Não";5;0;1;0;4;0;1;2;-25,48594438;-49,26708246;"SPRF-PR";"DEL01-PR";"UOP03-DEL01-PR"
410788;2022-01-24;"segunda-feira";"05:40:00";"BA";324;575,1;"SAO SEBASTIAO DO PASSE";"Condutor Dormindo";"Saída de leito carroçável";"Com Vítimas Feridas";"Amanhecer";"Crescente";"Nublado";"Dupla";"Reta";"Não";1;0;0;1;0;0;1;1;-12,58586857;-38,52972955;"SPRF-BA";"DEL01-BA";"UOP01-DEL01-BA"
410790;2022-01-24;"segunda-feira";"07:40:00";"GO";40;1,8;"VALPARAISO DE GOIAS";"Acessar a via sem observar a presença dos outros veículos";"Colisão transversal";"Com Vítimas Feridas";"Pleno dia";"Decrescente";"Céu Claro";"Dupla";"Reta";"Sim";2;0;1;0;1;0;1;2;-16,058245;-47,982825;"SPRF-DF";"DEL01-DF";"UOP01-DEL01-DF"
410791;2022-01-24;"segunda-feira";"06:30:00";"AP";156;401,1;"FERREIRA GOMES";"Condutor Dormindo";"Saída de leito carroçável";"Com Vítimas Feridas";"Pleno dia";"Decrescente";"Chuva";"Simples";"Declive";"Não";1;0;1;0;0;0;1;1;0,983593;-51,108069;"SPRF-AP";"DEL01-AP";"UOP02-DEL01-AP"
410794;2022-01-24;"segunda-feira";"07:20:00";"DF";70;12;"BRASILIA";"Trafegar com motocicleta (ou similar) entre as faixas";"Colisão lateral mesmo sentido";"Com Vítimas Feridas";"Pleno dia";"Decrescente";"Sol";"Dupla";"Interseção de Vias;Reta";"Sim";2;0;1;0;1;0;1;2;-15,792243;-48,158543;"SPRF-DF";"DEL03-DF";"UOP02-DEL03-DF"
410796;2022-01-24;"segunda-feira";"07:45:00";"GO";60;95,5;"ANAPOLIS";"Reação tardia ou ineficiente do condutor";"Colisão traseira";"Com Vítimas Feridas";"Pleno dia";"Crescente";"Céu Claro";"Dupla";"Reta";"Sim";2;0;1;0;1;0;1;2;-16,3679;-48,939;"SPRF-GO";"DEL02-GO";"UOP01-DEL02-GO"
410798;2022-01-24;"segunda-feira";"06:30:00";"MG";262;42,2;"MANHUACU";"Demais falhas na via";"Colisão traseira";"Com Vítimas Feridas";"Amanhecer";"Crescente";"Céu Claro";"Simples";"Curva";"Não";3;0;0;1;2;0;1;3;-20,26976316;-42,06894006;"SPRF-MG";"DEL06-MG";"UOP03-DEL06-MG"
410799;2022-01-24;"segunda-feira";"07:55:00";"RJ";101;407;"ITAGUAI";"Demais falhas mecânicas ou elétricas";"Incêndio";"Sem Vítimas";"Pleno dia";"Crescente";"Sol";"Dupla";"Reta";"Sim";1;0;0;0;1;0;0;1;-22,87672058;-43,81631971;"SPRF-RJ";"DEL03-RJ";"UOP01-DEL03-RJ"
410800;2022-01-24;"segunda-feira";"07:45:00";"PR";277;83;"CURITIBA";"Trafegar com motocicleta (ou similar) entre as faixas";"Colisão lateral mesmo sentido";"Com Vítimas Feridas";"Pleno dia";"Crescente";"Céu Claro";"Dupla";"Reta";"Sim";3;0;2;0;1;0;2;2;-25,4466267;-49,23095942;"SPRF-PR";"DEL01-PR";"UOP01-DEL01-PR"
410802;2022-01-24;"segunda-feira";"08:55:00";"SC";101;204;"SAO JOSE";"Condutor deixou de manter distância do veículo da frente";"Colisão traseira";"Com Vítimas Feridas";"Pleno dia";"Crescente";"Céu Claro";"Múltipla";"Reta";"Sim";2;0;1;0;1;0;1;2;-27,57413014;-48,61363083;"SPRF-SC";"DEL01-SC";"UOP01-DEL01-SC"
410804;2022-01-24;"segunda-feira";"07:45:00";"PR";376;239,1;"APUCARANA";"Reação tardia ou ineficiente do condutor";"Queda de ocupante de veículo";"Com Vítimas Feridas";"Pleno dia";"Decrescente";"Céu Claro";"Dupla";"Retorno Regulamentado";"Sim";1;0;1;0;0;0;1;1;-23,58261216;-51,44500092;"SPRF-PR";"DEL07-PR";"UOP02-DEL07-PR"
410840;2022-01-24;"segunda-feira";"06:50:00";"MA";135;40,3;"BACABEIRA";"Acumulo de água sobre o pavimento";"Colisão traseira";"Com Vítimas Feridas";"Pleno dia";"Decrescente";"Céu Claro";"Dupla";"Reta";"Não";2;0;1;0;1;0;1;2;-2,89345676;-44,37292277;"SPRF-MA";"DEL01-MA";"UOP01-DEL01-MA"
410841;2022-01-24;"segunda-feira";"08:40:00";"SC";101;117,3;"ITAJAI";"Ausência de reação do condutor";"Colisão traseira";"Com Vítimas Feridas";"Pleno dia";"Crescente";"Sol";"Dupla";"Declive";"Não";3;0;1;0;2;0;1;3;-26,88747187;-48,72252969;"SPRF-SC";"DEL04-SC";"UOP04-DEL04-SC"
410842;2022-01-01;"sábado";"15:30:00";"BA";101;78;"ENTRE RIOS";"Reação tardia ou ineficiente do condutor";"Saída de leito carroçável";"Com Vítimas Feridas";"Pleno dia";"Decrescente";"Sol";"Dupla";"Em Obras";"Não";7;0;2;0;5;0;2;2;-12,00611883;-38,26182514;"SPRF-BA";"DEL01-BA";"UOP04-DEL01-BA"
410843;2022-01-24;"segunda-feira";"09:40:00";"RJ";40;116;"DUQUE DE CAXIAS";"Manobra de mudança de faixa";"Colisão com objeto";"Com Vítimas Feridas";"Pleno dia";"Decrescente";"Céu Claro";"Dupla";"Ponte";"Sim";5;0;1;0;3;1;1;2;-22,74638281;-43,28786016;"SPRF-RJ";"DEL01-RJ";"UOP01-DEL01-RJ"
410845;2022-01-24;"segunda-feira";"09:15:00";"MG";262;111;"SANTO ANTONIO DO GRAMA";"Velocidade Incompatível";"Colisão traseira";"Com Vítimas Feridas";"Pleno dia";"Crescente";"Sol";"Simples";"Curva";"Não";2;0;1;0;1;0;1;2;-20,26441414;-42,59311905;"SPRF-MG";"DEL03-MG";"UOP03-DEL03-MG"
410846;2022-01-22;"sábado";"17:30:00";"BA";101;546;"SAO JOSE DA VITORIA";"Afundamento ou ondulação no pavimento";"Saída de leito carroçável";"Com Vítimas Feridas";"Pleno dia";"Decrescente";"Chuva";"Simples";"Curva";"Não";2;0;2;0;0;0;2;1;-15,08655981;-39,34239641;"SPRF-BA";"DEL05-BA";"UOP01-DEL05-BA"
410848;2022-01-24;"segunda-feira";"09:10:00";"MG";116;529;"CARATINGA";"Frear bruscamente";"Queda de ocupante de veículo";"Com Vítimas Feridas";"Pleno dia";"Decrescente";"Céu Claro";"Simples";"Interseção de Vias";"Sim";2;0;1;0;1;0;1;2;-19,80209596;-42,13678193;"SPRF-MG";"DEL06-MG";"UOP02-DEL06-MG"
410850;2022-01-24;"segunda-feira";"10:00:00";"SP";116;165;"JACAREI";"Reação tardia ou ineficiente do condutor";"Queda de ocupante de veículo";"Sem Vítimas";"Pleno dia";"Crescente";"Céu Claro";"Dupla";"Reta";"Sim";1;0;0;0;1;0;0;1;-23,29691791;-46,00798704;"SPRF-SP";"DEL02-SP";"UOP01-DEL02-SP"
410851;2022-01-24;"segunda-feira";"09:00:00";"ES";482;72;"ALEGRE";"Conversão proibida";"Colisão traseira";"Com Vítimas Feridas";"Pleno dia";"Crescente";"Céu Claro";"Simples";"Reta";"Não";2;0;1;0;1;0;1;2;-20,74899752;-41,47433404;"SPRF-ES";"DEL03-ES";"UOP02-DEL03-ES"