"id";"data_inversa";"dia_semana";"horario";"uf";"br";"km";"municipio";"causa_acidente";"tipo_acidente";"classificacao_acidente";"fase_dia";"sentido_via";"condicao_metereologica";"tipo_pista";"tracado_via";"uso_solo";"pessoas";"mortos";"feridos_leves";"feridos_graves";"ilesos";"ignorados";"feridos";"veiculos";"latitude";"longitude";"regional";"delegacia";"uop"
410854;2022-01-24;"segunda-feira";"08:25:00";"RS";472;617;"BARRA DO QUARAI";"Reação tardia ou ineficiente do condutor";"Saída de leito carroçável";"Com Vítimas Feridas";"Pleno dia";"Decrescente";"Céu Claro";"Simples";"Reta";"Não";1;0;0;1;0;0;1;1;-30,06834;-57,277659;"SPRF-RS";"DEL13-RS";"UOP01-DEL13-RS"
410856;2022-01-24;"segunda-feira";"08:20:00";"SC";101;33,5;"JOINVILLE";"Condutor deixou de manter distância do veículo da frente";"Colisão traseira";"Com Vítimas Feridas";"Pleno dia";"Decrescente";"Sol";"Dupla";"Reta";"Sim";3;0;1;0;2;0;1;2;-26,23667403;-48,91486706;"SPRF-SC";"DEL03-SC";"UOP01-DEL03-SC"
410857;2022-01-24;"segunda-feira";"07:15:00";"PE";101;89;"JABOATAO DOS GUARARAPES";"Acessar a via sem observar a presença dos outros veículos";"Atropelamento de Pedestre";"Com Vítimas Fatais";"Pleno dia";"Decrescente";"Céu Claro";"Simples";"Reta";"Sim";2;1;1;0;0;0;1;2;-8,214267;-34,964121;"SPRF-PE";"DEL01-PE";"UOP01-DEL01-PE"
410860;2022-01-24;"segunda-feira";"09:30:00";"SE";235;48,1;"ITABAIANA";"Acessar a via sem observar a presença dos outros veículos";"Colisão transversal";"Sem Vítimas";"Pleno dia";"Decrescente";"Céu Claro";"Simples";"Retorno Regulamentado;Declive";"Não";2;0;0;0;2;0;0;2;-10,724387;-37,41708;"SPRF-SE";"DEL01-SE";"UOP02-DEL01-SE"
410861;2022-01-24;"segunda-feira";"09:10:00";"SC";163;69,7;"SAO MIGUEL DO OESTE";"Acessar a via sem observar a presença dos outros veículos";"Colisão transversal";"Com Vítimas Feridas";"Pleno dia";"Crescente";"Céu Claro";"Dupla";"Aclive;Reta";"Sim";2;0;2;0;0;0;2;2;-26,74206536;-53,50110054;"SPRF-SC";"DEL07-SC";"UOP03-DEL07-SC"
410862;2022-01-24;"segunda-feira";"05:30:00";"PB";104;6,9;"CUITE";"Animais na Pista";"Atropelamento de Animal";"Com Vítimas Fatais";"Pleno dia";"Crescente";"Céu Claro";"Simples";"Reta";"Não";1;1;0;0;0;0;0;1;-6,47203392;-36,17802793;"SPRF-PB";"DEL02-PB";"UOP04-DEL02-PB"
410864;2022-01-24;"segunda-feira";"10:45:00";"RS";116;249;"SAO LEOPOLDO";"Objeto estático sobre o leito carroçável";"Colisão com objeto";"Com Vítimas Feridas";"Pleno dia";"Decrescente";"Sol";"Dupla";"Reta";"Sim";2;0;1;1;0;0;2;1;-29,7831804;-51,16099063;"SPRF-RS";"DEL01-RS";"UOP02-DEL01-RS"
410867;2022-01-24;"segunda-feira";"11:50:00";"SC";101;213;"PALHOCA";"Acessar a via sem observar a presença dos outros veículos";"Colisão lateral mesmo sentido";"Com Vítimas Feridas";"Pleno dia";"Crescente";"Céu Claro";"Múltipla";"Reta";"Sim";2;0;1;0;1;0;1;2;-27,63697369;-48,66514142;"SPRF-SC";"DEL01-SC";"UOP02-DEL01-SC"
410870;2022-01-24;"segunda-feira";"12:50:00";"SC";470;136,7;"RIO DO SUL";"Desrespeitar a preferência no cruzamento";"Colisão transversal";"Sem Vítimas";"Pleno dia";"Crescente";"Sol";"Simples";"Reta";"Não";2;0;0;0;2;0;0;2;-27,194323;-49,624554;"SPRF-SC";"DEL04-SC";"UOP02-DEL04-SC"
410872;2022-01-24;"segunda-feira";"13:15:00";"MG";381;773,5;"CAMPANHA";"Ausência de reação do condutor";"Colisão traseira";"Com Vítimas Feridas";"Pleno dia";"Decrescente";"Céu Claro";"Dupla";"Reta";"Não";4;0;4;0;0;0;4;2;-21,80014143;-45,46715288;"SPRF-MG";"DEL16-MG";"UOP02-DEL16-MG"
410880;2022-01-24;"segunda-feira";"12:25:00";"RJ";40;109;"DUQUE DE CAXIAS";"Ausência de reação do condutor";"Colisão traseira";"Com Vítimas Feridas";"Pleno dia";"Decrescente";"Céu Claro";"Dupla";"Reta";"Sim";2;0;1;0;1;0;1;2;-22,67374628;-43,28638368;"SPRF-RJ";"DEL01-RJ";"UOP01-DEL01-RJ"
410881;2022-01-10;"segunda-feira";"20:20:00";"CE";116;353;"JAGUARIBE";"Deixar de acionar o farol da motocicleta (ou similar)";"Colisão traseira";"Com Vítimas Feridas";"Plena Noite";"Crescente";"Céu Claro";"Simples";"Reta";"Não";2;0;0;1;1;0;1;2;-5,8667501;-38,5945455;"SPRF-CE";"DEL05-CE";"UOP02-DEL05-CE"
410883;2022-01-05;"quarta-feira";"05:50:00";"PR";116;99;"SAO JOSE DOS PINHAIS";"Ausência de reação do condutor";"Colisão transversal";"Com Vítimas Feridas";"Pleno dia";"Crescente";"Céu Claro";"Dupla";"Reta";"Sim";2;0;1;0;1;0;1;2;-25,55184561;-49,15033288;"SPRF-PR";"DEL01-PR";"UOP01-DEL01-PR"
410884;2022-01-24;"segunda-feira";"13:30:00";"RJ";101;407;"ITAGUAI";"Acessar a via sem observar a presença dos outros veículos";"Colisão transversal";"Com Vítimas Feridas";"Pleno dia";"Crescente";"Céu Claro";"Simples";"Reta";"Sim";2;0;0;1;1;0;1;2;-22,87672058;-43,81631971;"SPRF-RJ";"DEL03-RJ";"UOP01-DEL03-RJ"
410888;2022-01-24;"segunda-feira";"08:57:00";"PI";135;621;"CRISTALANDIA DO PIAUI";"Velocidade Incompatível";"Saída de leito carroçável";"Com Vítimas Feridas";"Pleno dia";"Decrescente";"Nublado";"Simples";"Reta";"Não";5;0;5;0;0;0;5;1;-10,67545919;-45,18255379;"SPRF-PI";"DEL03-PI";"UOP02-DEL03-PI"
410889;2022-01-24;"segunda-feira";"14:30:00";"SE";101;56,5;"ROSARIO DO CATETE";"Conversão proibida";"Colisão frontal";"Com Vítimas Feridas";"Pleno dia";"Crescente";"Nublado";"Simples";"Aclive";"Não";5;0;3;2;0;0;5;2;-10,6393067;-37,0106971;"SPRF-SE";"DEL02-SE";"UOP02-DEL02-SE"
410890;2022-01-24;"segunda-feira";"14:19:00";"SC";101;145;"ITAPEMA";"Velocidade Incompatível";"Engavetamento";"Com Vítimas Feridas";"Pleno dia";"Decrescente";"Céu Claro";"Dupla";"Reta";"Sim";6;0;1;0;5;0;1;6;-27,08139206;-48,60130993;"SPRF-SC";"DEL04-SC";"UOP03-DEL04-SC"
410892;2022-01-24;"segunda-feira";"13:53:00";"RJ";40;119;"DUQUE DE CAXIAS";"Manobra de mudança de faixa";"Colisão lateral mesmo sentido";"Com Vítimas Feridas";"Pleno dia";"Decrescente";"Sol";"Múltipla";"Reta";"Sim";3;0;1;0;2;0;1;2;-22,76375592;-43,28683062;"SPRF-RJ";"DEL01-RJ";"UOP01-DEL01-RJ"
410893;2022-01-24;"segunda-feira";"12:10:00";"AC";364;155;"BUJARI";"Reação tardia ou ineficiente do condutor";"Colisão traseira";"Com Vítimas Feridas";"Pleno dia";"Crescente";"Céu Claro";"Simples";"Aclive";"Sim";3;0;1;0;2;0;1;2;-9,83607123;-67,94476267;"SPRF-AC";"DEL01-AC";"UOP01-DEL01-AC"
410897;2022-01-24;"segunda-feira";"15:10:00";"SC";101;147;"ITAPEMA";"Manobra de mudança de faixa";"Colisão lateral mesmo sentido";"Com Vítimas Feridas";"Pleno dia";"Decrescente";"Céu Claro";"Dupla";"Reta";"Sim";3;0;2;0;1;0;2;2;-27,09237407;-48,61730888;"SPRF-SC";"DEL04-SC";"UOP03-DEL04-SC"
410898;2022-01-20;"quinta-feira";"18:15:00";"PB";230;11;"CABEDELO";"Frear bruscamente";"Colisão frontal";"Com Vítimas Feridas";"Anoitecer";"Decrescente";"Céu Claro";"Dupla";"Reta";"Sim";4;0;1;0;1;2;1;3;-7,06466127;-34,85002633;"SPRF-PB";"DEL01-PB";"UOP01-DEL01-PB"
410899;2022-01-24;"segunda-feira";"15:10:00";"RJ";116;168;"SAO JOAO DE MERITI";"Ausência de reação do condutor";"Colisão traseira";"Com Vítimas Feridas";"Pleno dia";"Crescente";"Céu Claro";"Dupla";"Reta";"Sim";2;0;1;0;0;1;1;2;-22,819969;-43,31499997;"SPRF-RJ";"DEL01-RJ";"UOP01-DEL01-RJ"
410901;2022-01-24;"segunda-feira";"15:22:00";"SC";101;216;"PALHOCA";"Manobra de mudança de faixa";"Colisão traseira";"Com Vítimas Feridas";"Pleno dia";"Crescente";"Céu Claro";"Simples";"Reta";"Sim";2;0;1;0;1;0;1;2;-27,65981409;-48,67747798;"SPRF-SC";"DEL01-SC";"UOP02-DEL01-SC"
410902;2022-01-24;"segunda-feira";"14:50:00";"SE";235;46,2;"ITABAIANA";"Manobra de mudança de faixa";"Colisão lateral sentido oposto";"Com Vítimas Feridas";"Pleno dia";"Crescente";"Céu Claro";"Simples";"Reta";"Não";2;0;1;0;0;1;1;2;-10,739394;-37,405602;"SPRF-SE";"DEL01-SE";"UOP02-DEL01-SE"
410904;2022-01-24;"segunda-feira";"14:29:00";"MS";262;781;"CORUMBA";"Ausência de reação do condutor";"Saída de leito carroçável";"Sem Vítimas";"Pleno dia";"Crescente";"Céu Claro";"Simples";"Reta";"Não";1;0;0;0;0;1;0;1;-19,08285699;-57,62168025;"SPRF-MS";"DEL03-MS";"UOP03-DEL03-MS"
410905;2022-01-24;"segunda-feira";"15:20:00";"PR";277;657,1;"MATELANDIA";"Entrada inopinada do pedestre";"Atropelamento de Pedestre";"Com Vítimas Fatais";"Pleno dia";"Crescente";"Céu Claro";"Dupla";"Reta";"Sim";4;1;0;0;3;0;0;2;-25,235255;-53,964467;"SPRF-PR";"DEL05-PR";"UOP02-DEL05-PR"
410906;2022-01-24;"segunda-feira";"15:40:00";"MG";40;605,8;"CONGONHAS";"Velocidade Incompatível";"Saída de leito carroçável";"Com Vítimas Feridas";"Pleno dia";"Decrescente";"Céu Claro";"Simples";"Curva";"Não";1;0;1;0;0;0;1;1;-20,45960587;-43,83907941;"SPRF-MG";"DEL05-MG";"UOP02-DEL05-MG"
410907;2022-01-24;"segunda-feira";"15:50:00";"ES";101;442;"MIMOSO DO SUL";"Acessar a via sem observar a presença dos outros veículos";"Colisão transversal";"Com Vítimas Feridas";"Pleno dia";"Decrescente";"Céu Claro";"Simples";"Reta";"Não";6;0;2;1;3;0;3;2;-21,09042295;-41,24777308;"SPRF-ES";"DEL03-ES";"UOP02-DEL03-ES"
410908;2022-01-24;"segunda-feira";"15:35:00";"RN";101;84;"NATAL";"Condutor deixou de manter distância do veículo da frente";"Colisão traseira";"Sem Vítimas";"Pleno dia";"Decrescente";"Céu Claro";"Dupla";"Reta";"Sim";3;0;0;0;3;0;0;3;-5,774175;-35,2578;"SPRF-RN";"DEL02-RN";"UOP01-DEL02-RN"
410911;2022-01-24;"segunda-feira";"15:00:00";"PE";101;51,3;"PAULISTA";"Manobra de mudança de faixa";"Colisão lateral mesmo sentido";"Com Vítimas Feridas";"Pleno dia";"Decrescente";"Céu Claro";"Múltipla";"Reta";"Sim";2;0;1;0;1;0;1;2;-7,92088251;-34,89397472;"SPRF-PE";"DEL01-PE";"UOP02-DEL01-PE"
410918;2022-01-24;"segunda-feira";"17:00:00";"SC";101;119,6;"ITAJAI";"Velocidade Incompatível";"Colisão traseira";"Com Vítimas Feridas";"Pleno dia";"Decrescente";"Céu Claro";"Múltipla";"Reta";"Sim";2;0;0;1;1;0;1;2;-26,9043179;-48,71555481;"SPRF-SC";"DEL04-SC";"UOP04-DEL04-SC"
410920;2022-01-24;"segunda-feira";"17:10:00";"SP";116;133,9;"CACAPAVA";"Reação tardia ou ineficiente do condutor";"Colisão traseira";"Com Vítimas Feridas";"Pleno dia";"Crescente";"Nublado";"Dupla";"Reta";"Não";2;0;1;0;1;0;1;2;-23,1359564;-45,7532708;"SPRF-SP";"DEL02-SP";"UOP02-DEL02-SP"
410922;2022-01-24;"segunda-feira";"17:00:00";"ES";262;34;"DOMINGOS MARTINS";"Acessar a via sem observar a presença dos outros veículos";"Colisão transversal";"Com Vítimas Feridas";"Pleno dia";"Decrescente";"Céu Claro";"Simples";"Curva";"Não";3;0;2;0;1;0;2;2;-20,37309781;-40,5917608;"SPRF-ES";"DEL01-ES";"UOP01-DEL01-ES"
410923;2022-01-24;"segunda-feira";"16:40:00";"SC";470;166,7;"POUSO REDONDO";"Desrespeitar a preferência no cruzamento";"Colisão transversal";"Com Vítimas Feridas";"Pleno dia";"Crescente";"Sol";"Simples";"Reta";"Sim";2;0;1;0;1;0;1;2;-27,26714237;-49,8713851;"SPRF-SC";"DEL04-SC";"UOP02-DEL04-SC"
410925;2022-01-24;"segunda-feira";"17:30:00";"PR";277;12,4;"PARANAGUA";"Ingestão de álcool pelo condutor";"Saída de leito carroçável";"Sem Vítimas";"Pleno dia";"Crescente";"Céu Claro";"Dupla";"Reta";"Não";1;0;0;0;1;0;0;1;-25,55432825;-48,66046429;"SPRF-PR";"DEL01-PR";"UOP05-DEL01-PR"
410927;2022-01-24;"segunda-feira";"17:15:00";"MT";70;514;"VARZEA GRANDE";"Acessar a via sem observar a presença dos outros veículos";"Colisão lateral mesmo sentido";"Com Vítimas Feridas";"Anoitecer";"Crescente";"Nublado";"Simples";"Reta";"Não";2;0;0;1;1;0;1;2;-15,70592763;-56,13453627;"SPRF-MT";"DEL01-MT";"UOP02-DEL01-MT"
410929;2022-01-24;"segunda-feira";"18:00:00";"RS";386;49;"SEBERI";"Condutor deixou de manter distância do veículo da frente";"Colisão traseira";"Com Vítimas Feridas";"Pleno dia";"Crescente";"Céu Claro";"Simples";"Reta";"Sim";2;0;1;0;1;0;1;2;-27,482555;-53,392845;"SPRF-RS";"DEL08-RS";"UOP02-DEL08-RS"
410930;2022-01-24;"segunda-feira";"13:30:00";"SC";282;588,1;"SAUDADES";"Velocidade Incompatível";"Saída de leito carroçável";"Com Vítimas Fatais";"Pleno dia";"Decrescente";"Chuva";"Simples";"Reta;Declive";"Não";1;1;0;0;0;0;0;1;-26,826351;-53,055081;"SPRF-SC";"DEL07-SC";"UOP02-DEL07-SC"
410931;2022-01-24;"segunda-feira";"15:00:00";"PA";222;114,8;"RONDON DO PARA";"Curva acentuada";"Colisão frontal";"Com Vítimas Fatais";"Pleno dia";"Crescente";"Sol";"Simples";"Declive;Curva";"Não";2;1;0;1;0;0;1;2;-4,808966;-48,141754;"SPRF-PA";"DEL02-PA";"UOP02-DEL02-PA"
410933;2022-01-24;"segunda-feira";"19:15:00";"SC";101;148;"ITAPEMA";"Reação tardia ou ineficiente do condutor";"Colisão frontal";"Com Vítimas Feridas";"Plena Noite";"Decrescente";"Nublado";"Dupla";"Reta";"Sim";2;0;0;1;1;0;1;2;-27,11744799;-48,60940987;"SPRF-SC";"DEL04-SC";"UOP03-DEL04-SC"
410934;2022-01-24;"segunda-feira";"17:15:00";"GO";60;95,4;"ANAPOLIS";"Manobra de mudança de faixa";"Colisão lateral mesmo sentido";"Com Vítimas Feridas";"Pleno dia";"Crescente";"Céu Claro";"Dupla";"Reta";"Sim";2;0;1;0;1;0;1;2;-16,3679;-48,939;"SPRF-GO";"DEL02-GO";"UOP01-DEL02-GO"
410935;2022-01-24;"segunda-feira";"18:40:00";"RJ";116;143;"DUQUE DE CAXIAS";"Ausência de reação do condutor";"Colisão traseira";"Com Vítimas Feridas";"Plena Noite";"Decrescente";"Céu Claro";"Dupla";"Reta";"Sim";2;0;1;0;1;0;1;2;-22,671339;-43,277902;"SPRF-RJ";"DEL01-RJ";"UOP01-DEL01-RJ"
410936;2022-01-20;"quinta-feira";"12:02:00";"PI";343;3,9;"TERESINA";"Transitar na contramão";"Colisão transversal";"Com Vítimas Feridas";"Pleno dia";"Decrescente";"Sol";"Múltipla";"Reta";"Sim";2;0;0;1;1;0;1;2;-5,089569;-42,802288;"SPRF-PI";"DEL01-PI";"UOP01-DEL01-PI"
410939;2022-01-24;"segunda-feira";"18:00:00";"PR";277;5;"PARANAGUA";"Ausência de reação do condutor";"Queda de ocupante de veículo";"Com Vítimas Feridas";"Plena Noite";"Crescente";"Céu Claro";"Múltipla";"Declive";"Sim";1;0;1;0;0;0;1;1;-25,568198;-48,615292;"SPRF-PR";"DEL01-PR";"UOP05-DEL01-PR"
410942;2022-01-24;"segunda-feira";"17:14:00";"MT";163;733;"SORRISO";"Pista Escorregadia";"Queda de ocupante de veículo";"Com Vítimas Feridas";"Pleno dia";"Decrescente";"Chuva";"Simples";"Reta";"Não";1;0;1;0;0;0;1;1;-12,69764;-55,811057;"SPRF-MT";"DEL06-MT";"UOP01-DEL06-MT"
410944;2022-01-24;"segunda-feira";"19:00:00";"GO";153;501;"GOIANIA";"Acumulo de areia ou detritos sobre o pavimento";"Queda de ocupante de veículo";"Com Vítimas Feridas";"Anoitecer";"Crescente";"Céu Claro";"Dupla";"Reta";"Sim";1;0;1;0;0;0;1;1;-16,7189;-49,2382;"SPRF-GO";"DEL01-GO";"UOP01-DEL01-GO"
410946;2022-01-24;"segunda-feira";"20:15:00";"SC";101;463,5;"PASSO DE TORRES";"Falta de elemento de contenção que evite a saída do leito carroçável";"Saída de leito carroçável";"Com Vítimas Feridas";"Plena Noite";"Decrescente";"Céu Claro";"Dupla";"Reta";"Não";2;0;1;0;1;0;1;1;-29,28473398;-49,75620716;"SPRF-RS";"DEL03-RS";"UOP02-DEL03-RS"
410949;2022-01-24;"segunda-feira";"20:45:00";"DF";60;2,5;"BRASILIA";"Acessar a via sem observar a presença dos outros veículos";"Colisão lateral mesmo sentido";"Com Vítimas Feridas";"Plena Noite";"Crescente";"Céu Claro";"Dupla";"Reta";"Sim";2;0;1;0;1;0;1;2;-15,887383;-48,077988;"SPRF-DF";"DEL03-DF";"UOP01-DEL03-DF"
410951;2022-01-24;"segunda-feira";"18:30:00";"MT";364;351;"SANTO ANTONIO DO LEVERGER";"Ausência de reação do condutor";"Colisão traseira";"Com Vítimas Feridas";"Pleno dia";"Crescente";"Céu Claro";"Dupla";"Curva";"Não";2;0;1;0;1;0;1;2;-15,8024753;-55,56540905;"SPRF-MT";"DEL05-MT";"UOP02-DEL05-MT"
410952;2022-01-24;"segunda-feira";"16:30:00";"MA";226;420;"GRAJAU";"Pista em desnível";"Capotamento";"Sem Vítimas";"Pleno dia";"Decrescente";"Céu Claro";"Simples";"Reta";"Sim";3;0;0;0;3;0;0;1;-5,84894099;-46,22750902;"SPRF-MA";"DEL04-MA";"UOP02-DEL04-MA"
410956;2022-01-24;"segunda-feira";"21:50:00";"PR";369;146,9;"LONDRINA";"Condutor usando celular";"Tombamento";"Com Vítimas Feridas";"Plena Noite";"Decrescente";"Céu Claro";"Dupla";"Reta";"Sim";1;0;1;0;0;0;1;1;-23,29320001;-51,13357902;"SPRF-PR";"DEL07-PR";"UOP01-DEL07-PR"
410957;2022-01-24;"segunda-feira";"09:00:00";"RJ";101;311;"SAO GONCALO";"Trafegar com motocicleta (ou similar) entre as faixas";"Queda de ocupante de veículo";"Com Vítimas Feridas";"Pleno dia";"Crescente";"Céu Claro";"Múltipla";"Reta";"Sim";2;0;1;0;1;0;1;2;-22,80062246;-43,05318779;"SPRF-RJ";"DEL02-RJ";"UOP02-DEL02-RJ"
410962;2022-01-24;"segunda-feira";"23:10:00";"SP";116;228;"SAO PAULO";"Acumulo de areia ou detritos sobre o pavimento";"Tombamento";"Com Vítimas Feridas";"Plena Noite";"Decrescente";"Ignorado";"Múltipla";"Reta";"Sim";4;0;3;0;1;0;3;3;-23,50343484;-46,56638712;"SPRF-SP";"DEL01-SP";"UOP01-DEL01-SP"
410963;2022-01-24;"segunda-feira";"22:00:00";"MG";116;781,1;"LEOPOLDINA";"Reação tardia ou ineficiente do condutor";"Saída de leito carroçável";"Com Vítimas Feridas";"Plena Noite";"Decrescente";"Ignorado";"Simples";"Curva";"Não";1;0;1;0;0;0;1;1;-21,62223589;-42,69312807;"SPRF-MG";"DEL07-MG";"UOP01-DEL07-MG"
410964;2022-01-24;"segunda-feira";"20:30:00";"RS";285;360;"COLORADO";"Chuva";"Saída de leito carroçável";"Com Vítimas Feridas";"Plena Noite";"Crescente";"Chuva";"Simples";"Reta";"Não";2;0;2;0;0;0;2;1;-28,36536;-52,977024;"SPRF-RS";"DEL08-RS";"UOP03-DEL08-RS"
410966;2022-01-25;"terça-feira";"00:20:00";"RS";116;243,8;"SAO LEOPOLDO";"Ausência de reação do condutor";"Tombamento";"Com Vítimas Feridas";"Plena Noite";"Decrescente";"Céu Claro";"Dupla";"Reta";"Sim";1;0;1;0;0;0;1;1;-29,73196199;-51,14952004;"SPRF-RS";"DEL01-RS";"UOP02-DEL01-RS"
410969;2022-01-24;"segunda-feira";"23:40:00";"SC";470;45;"GASPAR";"Demais falhas mecânicas ou elétricas";"Incêndio";"Sem Vítimas";"Plena Noite";"Decrescente";"Céu Claro";"Dupla";"Reta";"Não";1;0;0;0;1;0;0;1;-26,867064;-49,031109;"SPRF-SC";"DEL04-SC";"UOP01-DEL04-SC"
410971;2022-01-25;"terça-feira";"01:45:00";"ES";262;7;"CARIACICA";"Animais na Pista";"Colisão com objeto";"Com Vítimas Feridas";"Plena Noite";"Crescente";"Céu Claro";"Múltipla";"Viaduto";"Sim";1;0;0;1;0;0;1;1;-20,34283738;-40,40434616;"SPRF-ES";"DEL01-ES";"UOP01-DEL01-ES"
410972;2022-01-25;"terça-feira";"01:15:00";"RJ";465;13;"SEROPEDICA";"Acessar a via sem observar a presença dos outros veículos";"Colisão transversal";"Com Vítimas Feridas";"Plena Noite";"Crescente";"Céu Claro";"Simples";"Reta";"Sim";3;0;1;0;1;1;1;3;-22,798468;-43,645508;"SPRF-RJ";"DEL01-RJ";"UOP03-DEL01-RJ"
410976;2022-01-25;"terça-feira";"03:30:00";"RS";116;295,6;"GUAIBA";"Ingestão de álcool pelo condutor";"Saída de leito carroçável";"Sem Vítimas";"Plena Noite";"Crescente";"Nublado";"Dupla";"Reta";"Não";1;0;0;0;1;0;0;1;-30,07969402;-51,34154882;"SPRF-RS";"DEL02-RS";"UOP01-DEL02-RS"
410980;2022-01-25;"terça-feira";"02:30:00";"MG";40;701,8;"BARBACENA";"Reação tardia ou ineficiente do condutor";"Incêndio";"Sem Vítimas";"Pleno dia";"Decrescente";"Céu Claro";"Dupla";"Curva";"Sim";1;0;0;0;1;0;0;1;-21,21909088;-43,74315977;"SPRF-MG";"DEL05-MG";"UOP02-DEL05-MG"
410981;2022-01-25;"terça-feira";"01:00:00";"RJ";101;275;"TANGUA";"Transitar na contramão";"Colisão frontal";"Com Vítimas Feridas";"Plena Noite";"Decrescente";"Ignorado";"Dupla";"Reta";"Não";7;0;4;1;2;0;5;2;-22,73653355;-42,72909106;"SPRF-RJ";"DEL02-RJ";"UOP03-DEL02-RJ"
410983;2022-01-25;"terça-feira";"06:20:00";"AL";316;256,5;"PILAR";"Acessar a via sem observar a presença dos outros veículos";"Colisão transversal";"Com Vítimas Fatais";"Pleno dia";"Decrescente";"Céu Claro";"Simples";"Interseção de Vias";"Sim";3;1;0;1;1;0;1;3;-9,59077106;-35,93970716;"SPRF-AL";"DEL02-AL";"UOP01-DEL02-AL"
410984;2022-01-25;"terça-feira";"07:30:00";"RS";285;293,1;"PASSO FUNDO";"Desrespeitar a preferência no cruzamento";"Colisão transversal";"Com Vítimas Feridas";"Pleno dia";"Crescente";"Céu Claro";"Simples";"Interseção de Vias";"Sim";2;0;1;0;1;0;1;2;-28,236645;-52,375156;"SPRF-RS";"DEL08-RS";"UOP03-DEL08-RS"
410987;2022-01-25;"terça-feira";"06:00:00";"MS";163;612;"SAO GABRIEL DO OESTE";"Ausência de reação do condutor";"Colisão traseira";"Com Vítimas Feridas";"Pleno dia";"Decrescente";"Céu Claro";"Simples";"Reta";"Não";3;0;0;1;2;0;1;2;-19,42060818;-54,54960119;"SPRF-MS";"DEL06-MS";"UOP02-DEL06-MS"
410988;2022-01-25;"terça-feira";"06:15:00";"MS";262;404,8;"TERENOS";"Ausência de reação do condutor";"Saída de leito carroçável";"Com Vítimas Feridas";"Pleno dia";"Crescente";"Céu Claro";"Simples";"Reta";"Não";1;0;1;0;0;0;1;1;-20,4282096;-55,05818808;"SPRF-MS";"DEL01-MS";"UOP03-DEL01-MS"
410989;2022-01-25;"terça-feira";"06:55:00";"RS";470;226;"GARIBALDI";"Problema com o freio";"Eventos atípicos";"Com Vítimas Feridas";"Pleno dia";"Crescente";"Céu Claro";"Simples";"Reta";"Não";1;0;1;0;0;0;1;1;-29,21556004;-51,51743821;"SPRF-RS";"DEL06-RS";"UOP01-DEL06-RS"
410991;2022-01-25;"terça-feira";"07:15:00";"PR";476;124;"CURITIBA";"Trafegar com motocicleta (ou similar) entre as faixas";"Colisão lateral mesmo sentido";"Com Vítimas Feridas";"Pleno dia";"Crescente";"Céu Claro";"Dupla";"Reta";"Sim";3;0;2;0;1;0;2;2;-25,399845;-49,215855;"SPRF-PR";"DEL01-PR";"UOP03-DEL01-PR"
410993;2022-01-25;"terça-feira";"07:00:00";"MG";40;510;"RIBEIRAO DAS NEVES";"Transitar no acostamento";"Tombamento";"Com Vítimas Feridas";"Pleno dia";"Crescente";"Céu Claro";"Dupla";"Reta";"Sim";1;0;1;0;0;0;1;1;-19,77463885;-44,12321882;"SPRF-MG";"DEL01-MG";"UOP02-DEL01-MG"
410994;2022-01-25;"terça-feira";"06:50:00";"SC";470;53;"BLUMENAU";"Desrespeitar a preferência no cruzamento";"Colisão transversal";"Com Vítimas Feridas";"Pleno dia";"Decrescente";"Céu Claro";"Simples";"Retorno Regulamentado";"Sim";2;0;1;0;1;0;1;2;-26,867121;-49,102066;"SPRF-SC";"DEL04-SC";"UOP01-DEL04-SC"
410995;2022-01-25;"terça-feira";"08:15:00";"MG";40;526,9;"CONTAGEM";"Reação tardia ou ineficiente do condutor";"Colisão lateral mesmo sentido";"Com Vítimas Feridas";"Pleno dia";"Crescente";"Céu Claro";"Dupla";"Reta";"Sim";2;0;1;0;1;0;1;2;-19,89255399;-44,04985478;"SPRF-MG";"DEL01-MG";"UOP02-DEL01-MG"
410996;2022-01-25;"terça-feira";"07:00:00";"MG";262;438,6;"SAO GONCALO DO PARA";"Velocidade Incompatível";"Colisão traseira";"Com Vítimas Feridas";"Pleno dia";"Crescente";"Céu Claro";"Dupla";"Curva";"Não";2;0;0;1;1;0;1;2;-19,89280962;-44,878453;"SPRF-MG";"DEL08-MG";"UOP03-DEL08-MG"
410999;2022-01-25;"terça-feira";"08:00:00";"BA";116;436,8;"FEIRA DE SANTANA";"Ingestão de álcool pelo condutor";"Tombamento";"Com Vítimas Feridas";"Plena Noite";"Decrescente";"Céu Claro";"Dupla";"Reta";"Não";2;0;0;1;0;1;1;1;-12,3267;-39,0587;"SPRF-BA";"DEL02-BA";"UOP01-DEL02-BA"
411001;2022-01-13;"quinta-feira";"07:30:00";"PR";476;141;"CURITIBA";"Trafegar com motocicleta (ou similar) entre as faixas";"Colisão traseira";"Com Vítimas Feridas";"Pleno dia";"Decrescente";"Céu Claro";"Dupla";"Reta";"Sim";3;0;2;0;1;0;2;2;-25,528614;-49,298798;"SPRF-PR";"DEL01-PR";"UOP03-DEL01-PR"
411002;2022-01-25;"terça-feira";"09:10:00";"RJ";101;320;"NITEROI";"Reação tardia ou ineficiente do condutor";"Queda de ocupante de veículo";"Com Vítimas Feridas";"Pleno dia";"Crescente";"Céu Claro";"Múltipla";"Curva";"Sim";2;0;2;0;0;0;2;1;-22,86171098;-43,10714015;"SPRF-RJ";"DEL02-RJ";"UOP02-DEL02-RJ"