"id";"data_inversa";"dia_semana";"horario";"uf";"br";"km";"municipio";"causa_acidente";"tipo_acidente";"classificacao_acidente";"fase_dia";"sentido_via";"condicao_metereologica";"tipo_pista";"tracado_via";"uso_solo";"pessoas";"mortos";"feridos_leves";"feridos_graves";"ilesos";"ignorados";"feridos";"veiculos";"latitude";"longitude";"regional";"delegacia";"uop"
411152;2022-01-26;"quarta-feira";"03:30:00";"AC";364;134;"RIO BRANCO";"Ingestão de álcool pelo condutor";"Colisão frontal";"Com Vítimas Feridas";"Plena Noite";"Decrescente";"Céu Claro";"Dupla";"Reta";"Sim";2;0;1;0;1;0;1;2;-9,993501;-67,84868;"SPRF-AC";"DEL01-AC";"UOP01-DEL01-AC"
411155;2022-01-26;"quarta-feira";"07:40:00";"PR";369;147;"LONDRINA";"Retorno proibido";"Colisão transversal";"Com Vítimas Feridas";"Pleno dia";"Decrescente";"Céu Claro";"Dupla";"Reta";"Não";3;0;1;1;1;0;2;2;-23,29308868;-51,13445342;"SPRF-PR";"DEL07-PR";"UOP01-DEL07-PR"
411156;2022-01-21;"sexta-feira";"08:10:00";"PB";230;25;"JOAO PESSOA";"Manobra de mudança de faixa";"Colisão lateral mesmo sentido";"Com Vítimas Feridas";"Pleno dia";"Decrescente";"Céu Claro";"Múltipla";"Reta";"Sim";3;0;1;0;1;1;1;3;-7,16918201;-34,88051003;"SPRF-PB";"DEL01-PB";"UOP01-DEL01-PB"
411159;2022-01-26;"quarta-feira";"07:30:00";"MG";50;53,9;"ARAGUARI";"Demais falhas mecânicas ou elétricas";"Saída de leito carroçável";"Com Vítimas Feridas";"Pleno dia";"Crescente";"Sol";"Dupla";"Declive";"Não";2;0;1;0;1;0;1;1;-18,759049;-48,24054499;"SPRF-MG";"DEL15-MG";"UOP02-DEL15-MG"
411161;2022-01-10;"segunda-feira";"15:50:00";"PR";376;179;"MARINGA";"Frear bruscamente";"Queda de ocupante de veículo";"Com Vítimas Feridas";"Pleno dia";"Decrescente";"Céu Claro";"Dupla";"Reta";"Sim";2;0;1;0;1;0;1;1;-23,42244278;-51,90360392;"SPRF-PR";"DEL09-PR";"UOP01-DEL09-PR"
411163;2022-01-26;"quarta-feira";"07:35:00";"MT";163;64,4;"RONDONOPOLIS";"Demais falhas mecânicas ou elétricas";"Queda de ocupante de veículo";"Com Vítimas Feridas";"Pleno dia";"Decrescente";"Sol";"Dupla";"Reta";"Não";2;0;2;0;0;0;2;1;-16,95344889;-54,73899332;"SPRF-MT";"DEL02-MT";"UOP01-DEL02-MT"
411164;2022-01-26;"quarta-feira";"07:30:00";"MG";356;265,3;"MURIAE";"Objeto estático sobre o leito carroçável";"Colisão com objeto";"Com Vítimas Feridas";"Pleno dia";"Crescente";"Céu Claro";"Simples";"Reta";"Sim";3;0;1;0;0;2;1;3;-21,12677526;-42,37093205;"SPRF-MG";"DEL07-MG";"UOP02-DEL07-MG"
411169;2022-01-26;"quarta-feira";"09:15:00";"SP";153;55,5;"SAO JOSE DO RIO PRETO";"Mal súbito do condutor";"Saída de leito carroçável";"Com Vítimas Feridas";"Pleno dia";"Crescente";"Céu Claro";"Dupla";"Declive;Curva";"Não";2;0;0;1;0;1;1;2;-20,75321697;-49,34260108;"SPRF-SP";"DEL09-SP";"UOP01-DEL09-SP"
411171;2022-01-26;"quarta-feira";"08:10:00";"RS";287;356;"JAGUARI";"Frear bruscamente";"Capotamento";"Com Vítimas Feridas";"Pleno dia";"Decrescente";"Nublado";"Simples";"Reta";"Não";1;0;1;0;0;0;1;1;-29,47442016;-54,69149409;"SPRF-RS";"DEL12-RS";"UOP02-DEL12-RS"
411174;2022-01-26;"quarta-feira";"10:15:00";"SC";282;16;"PALHOCA";"Conversão proibida";"Colisão lateral mesmo sentido";"Com Vítimas Feridas";"Pleno dia";"Decrescente";"Sol";"Simples";"Reta";"Sim";3;0;2;0;1;0;2;2;-27,658611;-48,681847;"SPRF-SC";"DEL01-SC";"UOP02-DEL01-SC"
411175;2022-01-26;"quarta-feira";"08:30:00";"MT";174;380;"CONQUISTA DOESTE";"Acessar a via sem observar a presença dos outros veículos";"Colisão transversal";"Com Vítimas Feridas";"Pleno dia";"Crescente";"Céu Claro";"Simples";"Curva";"Sim";6;0;5;0;1;0;5;2;-14,537879;-59,54684;"SPRF-MT";"DEL04-MT";"UOP01-DEL04-MT"
411176;2022-01-26;"quarta-feira";"10:00:00";"RN";405;1;"MOSSORO";"Acesso irregular";"Colisão transversal";"Com Vítimas Feridas";"Pleno dia";"Crescente";"Céu Claro";"Dupla";"Reta";"Sim";3;0;0;1;0;2;1;3;-5,19170196;-37,361471;"SPRF-RN";"DEL04-RN";"UOP02-DEL04-RN"
411181;2022-01-26;"quarta-feira";"11:23:00";"PR";376;1;"APUCARANA";"Condutor deixou de manter distância do veículo da frente";"Colisão traseira";"Com Vítimas Feridas";"Pleno dia";"Decrescente";"Céu Claro";"Simples";"Reta;Declive";"Sim";2;0;1;0;1;0;1;2;-23,570595;-51,429157;"SPRF-PR";"DEL07-PR";"UOP03-DEL07-PR"
411182;2022-01-26;"quarta-feira";"11:30:00";"MG";459;26,8;"CALDAS";"Reação tardia ou ineficiente do condutor";"Colisão transversal";"Com Vítimas Feridas";"Pleno dia";"Decrescente";"Céu Claro";"Simples";"Curva";"Não";2;0;2;0;0;0;2;2;-21,90983;-46,381111;"SPRF-MG";"DEL09-MG";"UOP01-DEL09-MG"
411183;2022-01-26;"quarta-feira";"10:05:00";"SP";116;500;"CAJATI";"Ausência de reação do condutor";"Colisão traseira";"Sem Vítimas";"Pleno dia";"Decrescente";"Céu Claro";"Dupla";"Reta";"Não";2;0;0;0;2;0;0;2;-24,78162109;-48,18342711;"SPRF-SP";"DEL05-SP";"UOP02-DEL05-SP"
411184;2022-01-26;"quarta-feira";"11:30:00";"BA";324;617;"SALVADOR";"Condutor Dormindo";"Colisão traseira";"Com Vítimas Feridas";"Pleno dia";"Decrescente";"Nublado";"Dupla";"Reta";"Sim";3;0;1;0;2;0;1;2;-12,8860325;-38,43806469;"SPRF-BA";"DEL01-BA";"UOP01-DEL01-BA"
411186;2022-01-26;"quarta-feira";"11:00:00";"PE";232;10,8;"JABOATAO DOS GUARARAPES";"Mal súbito do condutor";"Colisão traseira";"Com Vítimas Fatais";"Pleno dia";"Crescente";"Sol";"Dupla";"Reta";"Sim";2;1;0;0;1;0;0;2;-8,079519;-34,989429;"SPRF-PE";"DEL01-PE";"UOP01-DEL01-PE"
411191;2022-01-13;"quinta-feira";"17:16:00";"MG";365;620,9;"UBERLANDIA";"Reação tardia ou ineficiente do condutor";"Colisão traseira";"Com Vítimas Feridas";"Pleno dia";"Decrescente";"Céu Claro";"Dupla";"Reta";"Sim";4;0;3;0;1;0;3;2;-18,89336503;-48,271662;"SPRF-MG";"DEL15-MG";"UOP01-DEL15-MG"
411192;2022-01-26;"quarta-feira";"11:45:00";"RO";364;196;"PIMENTA BUENO";"Manobra de mudança de faixa";"Tombamento";"Com Vítimas Feridas";"Pleno dia";"Crescente";"Sol";"Simples";"Reta";"Sim";2;0;1;0;1;0;1;2;-11,68671732;-61,18347731;"SPRF-RO";"DEL02-RO";"UOP02-DEL02-RO"
411193;2022-01-26;"quarta-feira";"13:00:00";"RS";293;5;"PELOTAS";"Condutor Dormindo";"Colisão transversal";"Com Vítimas Feridas";"Pleno dia";"Decrescente";"Céu Claro";"Simples";"Reta";"Não";4;0;2;2;0;0;4;2;-31,72728361;-52,38253049;"SPRF-RS";"DEL07-RS";"UOP01-DEL07-RS"
411194;2022-01-26;"quarta-feira";"11:10:00";"RS";290;722;"URUGUAIANA";"Reação tardia ou ineficiente do condutor";"Tombamento";"Com Vítimas Feridas";"Pleno dia";"Decrescente";"Céu Claro";"Simples";"Reta";"Sim";1;0;0;1;0;0;1;1;-29,752972;-57,06953;"SPRF-RS";"DEL13-RS";"UOP01-DEL13-RS"
411195;2022-01-26;"quarta-feira";"13:15:00";"MG";40;591,9;"OURO PRETO";"Velocidade Incompatível";"Colisão com objeto";"Com Vítimas Feridas";"Pleno dia";"Decrescente";"Chuva";"Dupla";"Reta";"Não";2;0;1;1;0;0;2;2;-20,37466721;-43,9077212;"SPRF-MG";"DEL05-MG";"UOP02-DEL05-MG"
411196;2022-01-26;"quarta-feira";"11:40:00";"PR";476;197,5;"LAPA";"Condutor deixou de manter distância do veículo da frente";"Engavetamento";"Sem Vítimas";"Pleno dia";"Crescente";"Sol";"Simples";"Reta";"Sim";3;0;0;0;3;0;0;3;-25,759378;-49,73254;"SPRF-PR";"DEL02-PR";"UOP04-DEL02-PR"
411197;2022-01-26;"quarta-feira";"11:40:00";"PR";476;197,5;"LAPA";"Condutor deixou de manter distância do veículo da frente";"Engavetamento";"Sem Vítimas";"Pleno dia";"Crescente";"Céu Claro";"Simples";"Aclive;Reta";"Sim";3;0;0;0;3;0;0;3;-25,759378;-49,73254;"SPRF-PR";"DEL02-PR";"UOP04-DEL02-PR"
411198;2022-01-26;"quarta-feira";"13:50:00";"MG";40;43,4;"PARACATU";"Acessar a via sem observar a presença dos outros veículos";"Colisão transversal";"Com Vítimas Feridas";"Pleno dia";"Crescente";"Chuva";"Simples";"Reta";"Sim";2;0;2;0;0;0;2;2;-17,22799644;-46,85877085;"SPRF-MG";"DEL14-MG";"UOP01-DEL14-MG"
411199;2022-01-26;"quarta-feira";"13:30:00";"PR";469;13;"FOZ DO IGUACU";"Acessar a via sem observar a presença dos outros veículos";"Colisão transversal";"Com Vítimas Feridas";"Pleno dia";"Crescente";"Sol";"Simples";"Rotatória";"Sim";2;0;0;1;1;0;1;2;-25,5754;-54,5489;"SPRF-PR";"DEL05-PR";"UOP04-DEL05-PR"
411201;2022-01-26;"quarta-feira";"14:00:00";"GO";60;99;"ANAPOLIS";"Condutor deixou de manter distância do veículo da frente";"Colisão traseira";"Com Vítimas Feridas";"Pleno dia";"Crescente";"Céu Claro";"Simples";"Declive;Curva";"Sim";5;0;3;0;2;0;3;2;-16,39476478;-48,96192312;"SPRF-GO";"DEL02-GO";"UOP01-DEL02-GO"
411203;2022-01-26;"quarta-feira";"13:45:00";"SP";116;321;"JUQUITIBA";"Objeto estático sobre o leito carroçável";"Colisão com objeto";"Com Vítimas Feridas";"Pleno dia";"Crescente";"Céu Claro";"Dupla";"Reta";"Não";1;0;1;0;0;0;1;1;-23,934612;-47,01729;"SPRF-SP";"DEL04-SP";"UOP01-DEL04-SP"
411205;2022-01-18;"terça-feira";"10:44:00";"RR";174;506;"BOA VISTA";"Entrada inopinada do pedestre";"Atropelamento de Pedestre";"Com Vítimas Feridas";"Pleno dia";"Decrescente";"Céu Claro";"Simples";"Reta";"Sim";2;0;0;2;0;0;2;2;2,8088851;-60,6913197;"SPRF-RR";"DEL01-RR";"UOP01-DEL01-RR"
411207;2022-01-26;"quarta-feira";"14:30:00";"RJ";116;67;"TERESOPOLIS";"Pista Escorregadia";"Tombamento";"Com Vítimas Feridas";"Pleno dia";"Crescente";"Céu Claro";"Simples";"Curva";"Sim";1;0;1;0;0;0;1;1;-22,29371693;-42,93354335;"SPRF-RJ";"DEL04-RJ";"UOP01-DEL04-RJ"
411209;2022-01-26;"quarta-feira";"13:00:00";"BA";242;595;"OLIVEIRA DOS BREJINHOS";"Ingestão de álcool pelo condutor";"Saída de leito carroçável";"Com Vítimas Feridas";"Pleno dia";"Decrescente";"Chuva";"Simples";"Reta";"Não";1;0;1;0;0;0;1;1;-12;-43;"SPRF-BA";"DEL10-BA";"UOP02-DEL10-BA"
411216;2022-01-26;"quarta-feira";"15:00:00";"PE";232;6,5;"RECIFE";"Acumulo de óleo sobre o pavimento";"Tombamento";"Com Vítimas Feridas";"Pleno dia";"Decrescente";"Céu Claro";"Dupla";"Reta";"Sim";1;0;1;0;0;0;1;1;-8,07079525;-34,9535389;"SPRF-PE";"DEL01-PE";"UOP01-DEL01-PE"
411219;2022-01-03;"segunda-feira";"10:50:00";"MS";163;728;"COXIM";"Ausência de reação do condutor";"Colisão traseira";"Com Vítimas Feridas";"Pleno dia";"Crescente";"Céu Claro";"Simples";"Ponte";"Sim";3;0;1;0;2;0;1;2;-18,52735393;-54,74045625;"SPRF-MS";"DEL06-MS";"UOP01-DEL06-MS"
411220;2022-01-26;"quarta-feira";"15:55:00";"GO";70;30;"COCALZINHO DE GOIAS";"Transitar na contramão";"Colisão lateral mesmo sentido";"Com Vítimas Fatais";"Pleno dia";"Crescente";"Nublado";"Simples";"Reta;Declive";"Não";8;2;4;0;1;1;4;3;-15,76741921;-48,45159973;"SPRF-DF";"DEL03-DF";"UOP02-DEL03-DF"
411223;2022-01-26;"quarta-feira";"16:30:00";"PI";316;2,4;"TERESINA";"Manobra de mudança de faixa";"Colisão transversal";"Com Vítimas Feridas";"Pleno dia";"Decrescente";"Sol";"Múltipla";"Rotatória";"Sim";2;0;1;0;1;0;1;2;-5,12477477;-42,79848465;"SPRF-PI";"DEL01-PI";"UOP02-DEL01-PI"
411224;2022-01-26;"quarta-feira";"17:05:00";"SE";235;49,9;"ITABAIANA";"Transitar na contramão";"Colisão transversal";"Com Vítimas Feridas";"Anoitecer";"Decrescente";"Nublado";"Simples";"Reta";"Sim";2;0;0;1;0;1;1;2;-10,716222;-37,421669;"SPRF-SE";"DEL01-SE";"UOP02-DEL01-SE"
411227;2022-01-26;"quarta-feira";"16:20:00";"BA";101;251;"CONCEICAO DO ALMEIDA";"Acessar a via sem observar a presença dos outros veículos";"Colisão transversal";"Com Vítimas Feridas";"Pleno dia";"Decrescente";"Céu Claro";"Simples";"Reta";"Sim";2;0;1;0;1;0;1;2;-12,99277217;-39,28802128;"SPRF-BA";"DEL01-BA";"UOP02-DEL01-BA"
411228;2022-01-26;"quarta-feira";"17:11:00";"PB";230;64;"SAO MIGUEL DE TAIPU";"Velocidade Incompatível";"Colisão com objeto";"Com Vítimas Feridas";"Anoitecer";"Decrescente";"Céu Claro";"Dupla";"Reta";"Não";1;0;0;1;0;0;1;1;-7,1944;-35,1754;"SPRF-PB";"DEL01-PB";"UOP03-DEL01-PB"
411229;2022-01-26;"quarta-feira";"17:25:00";"BA";324;524;"FEIRA DE SANTANA";"Acessar a via sem observar a presença dos outros veículos";"Colisão lateral mesmo sentido";"Com Vítimas Feridas";"Pleno dia";"Decrescente";"Nublado";"Simples";"Interseção de Vias";"Sim";2;0;1;0;0;1;1;2;-12,2955119;-38,90487093;"SPRF-BA";"DEL01-BA";"UOP03-DEL01-BA"
411236;2022-01-26;"quarta-feira";"17:55:00";"MG";381;924;"ITAPEVA";"Velocidade Incompatível";"Saída de leito carroçável";"Com Vítimas Feridas";"Pleno dia";"Crescente";"Garoa/Chuvisco";"Dupla";"Curva";"Sim";3;0;1;0;2;0;1;1;-22,77050246;-46,23490598;"SPRF-MG";"DEL16-MG";"UOP03-DEL16-MG"
411238;2022-01-26;"quarta-feira";"17:00:00";"MA";230;4,7;"BARAO DE GRAJAU";"Animais na Pista";"Atropelamento de Animal";"Com Vítimas Feridas";"Pleno dia";"Crescente";"Nublado";"Simples";"Reta";"Não";4;0;4;0;0;0;4;1;-6,74876227;-43,04239509;"SPRF-PI";"DEL03-PI";"UOP01-DEL03-PI"
411239;2022-01-26;"quarta-feira";"16:10:00";"RO";364;231;"CACOAL";"Reação tardia ou ineficiente do condutor";"Colisão traseira";"Sem Vítimas";"Pleno dia";"Decrescente";"Nublado";"Simples";"Curva";"Não";7;0;0;0;7;0;0;2;-11,470044;-61,400076;"SPRF-RO";"DEL02-RO";"UOP02-DEL02-RO"
411240;2022-01-26;"quarta-feira";"12:00:00";"SC";101;253;"PAULO LOPES";"Desrespeitar a preferência no cruzamento";"Colisão transversal";"Com Vítimas Feridas";"Pleno dia";"Decrescente";"Sol";"Múltipla";"Interseção de Vias";"Sim";2;0;1;0;1;0;1;2;-27,96492999;-48,67962057;"SPRF-SC";"DEL02-SC";"UOP03-DEL02-SC"
411242;2022-01-26;"quarta-feira";"18:20:00";"GO";40;3;"VALPARAISO DE GOIAS";"Manobra de mudança de faixa";"Colisão transversal";"Com Vítimas Feridas";"Anoitecer";"Crescente";"Nublado";"Dupla";"Reta";"Sim";3;0;1;0;1;1;1;3;-16,076081;-47,985671;"SPRF-DF";"DEL01-DF";"UOP01-DEL01-DF"
411244;2022-01-26;"quarta-feira";"17:17:00";"PR";116;114;"CURITIBA";"Ausência de reação do condutor";"Colisão traseira";"Com Vítimas Feridas";"Pleno dia";"Decrescente";"Nublado";"Dupla";"Reta";"Sim";2;0;1;0;1;0;1;2;-25,56296907;-49,25643801;"SPRF-PR";"DEL01-PR";"UOP01-DEL01-PR"
411245;2022-01-26;"quarta-feira";"16:40:00";"SP";116;139,8;"SAO JOSE DOS CAMPOS";"Manobra de mudança de faixa";"Colisão lateral mesmo sentido";"Sem Vítimas";"Pleno dia";"Decrescente";"Nublado";"Dupla";"Reta";"Sim";2;0;0;0;2;0;0;2;-23,16153216;-45,80400592;"SPRF-SP";"DEL02-SP";"UOP01-DEL02-SP"
411246;2022-01-26;"quarta-feira";"11:20:00";"RJ";393;245;"BARRA DO PIRAI";"Velocidade Incompatível";"Queda de ocupante de veículo";"Com Vítimas Feridas";"Pleno dia";"Decrescente";"Céu Claro";"Simples";"Reta";"Sim";1;0;1;0;0;0;1;1;-22,43021893;-43,71800804;"SPRF-RJ";"DEL05-RJ";"UOP04-DEL05-RJ"
411247;2022-01-26;"quarta-feira";"17:25:00";"MS";463;110,2;"PONTA PORA";"Acesso irregular";"Colisão transversal";"Com Vítimas Fatais";"Anoitecer";"Decrescente";"Céu Claro";"Dupla";"Reta";"Sim";2;1;0;0;1;0;0;2;-22,57302287;-55,69391958;"SPRF-MS";"DEL04-MS";"UOP03-DEL04-MS"
411250;2022-01-26;"quarta-feira";"16:40:00";"PB";230;124,2;"RIACHAO DO BACAMARTE";"Condutor deixou de manter distância do veículo da frente";"Colisão traseira";"Sem Vítimas";"Pleno dia";"Crescente";"Sol";"Dupla";"Aclive";"Não";2;0;0;0;2;0;0;2;-7,249706;-35,682416;"SPRF-PB";"DEL02-PB";"UOP01-DEL02-PB"
411251;2022-01-26;"quarta-feira";"15:45:00";"PR";163;176,5;"LINDOESTE";"Neblina";"Saída de leito carroçável";"Com Vítimas Feridas";"Pleno dia";"Decrescente";"Nevoeiro/Neblina";"Dupla";"Declive";"Não";1;0;0;1;0;0;1;1;-25,20861096;-53,59772964;"SPRF-PR";"DEL05-PR";"UOP05-DEL05-PR"
411253;2022-01-26;"quarta-feira";"18:50:00";"SC";101;122;"ITAJAI";"Manobra de mudança de faixa";"Colisão lateral mesmo sentido";"Com Vítimas Feridas";"Anoitecer";"Decrescente";"Nublado";"Dupla";"Reta";"Não";3;0;2;0;1;0;2;2;-26,92955916;-48,70499836;"SPRF-SC";"DEL04-SC";"UOP04-DEL04-SC"
411254;2022-01-26;"quarta-feira";"18:20:00";"PB";230;9,8;"CABEDELO";"Área urbana sem a presença de local apropriado para a travessia de pedestres";"Atropelamento de Pedestre";"Com Vítimas Feridas";"Plena Noite";"Crescente";"Nublado";"Dupla";"Interseção de Vias;Em Obras;Viaduto";"Sim";2;0;0;1;0;1;1;2;-7,0433;-34,8466;"SPRF-PB";"DEL01-PB";"UOP01-DEL01-PB"
411256;2022-01-26;"quarta-feira";"18:00:00";"PR";376;180,8;"MARINGA";"Reação tardia ou ineficiente do condutor";"Tombamento";"Com Vítimas Feridas";"Pleno dia";"Crescente";"Nublado";"Dupla";"Reta";"Sim";1;0;0;1;0;0;1;1;-23,42725352;-51,89512271;"SPRF-PR";"DEL09-PR";"UOP01-DEL09-PR"
411257;2022-01-26;"quarta-feira";"18:39:00";"SC";101;194,7;"BIGUACU";"Reação tardia ou ineficiente do condutor";"Colisão traseira";"Com Vítimas Feridas";"Anoitecer";"Decrescente";"Nublado";"Múltipla";"Reta";"Sim";1;0;1;0;0;0;1;1;-27,49815117;-48,65661236;"SPRF-SC";"DEL01-SC";"UOP01-DEL01-SC"
411260;2022-01-26;"quarta-feira";"19:50:00";"SP";116;225;"GUARULHOS";"Acesso irregular";"Queda de ocupante de veículo";"Com Vítimas Feridas";"Plena Noite";"Decrescente";"Céu Claro";"Dupla";"Curva";"Não";1;0;1;0;0;0;1;1;-23,48586772;-46,54075317;"SPRF-SP";"DEL01-SP";"UOP01-DEL01-SP"
411261;2022-01-26;"quarta-feira";"19:35:00";"BA";116;469;"SANTO ESTEVAO";"Pedestre andava na pista";"Atropelamento de Pedestre";"Com Vítimas Fatais";"Plena Noite";"Crescente";"Nublado";"Dupla";"Reta";"Não";4;1;0;0;3;0;0;2;-12,4790111;-39,3078762;"SPRF-BA";"DEL02-BA";"UOP01-DEL02-BA"
411263;2022-01-26;"quarta-feira";"19:30:00";"SP";116;133,4;"CACAPAVA";"Entrada inopinada do pedestre";"Atropelamento de Pedestre";"Com Vítimas Feridas";"Plena Noite";"Crescente";"Nublado";"Dupla";"Reta";"Não";2;0;0;1;1;0;1;2;-23,1359564;-45,7532708;"SPRF-SP";"DEL02-SP";"UOP02-DEL02-SP"
411264;2022-01-26;"quarta-feira";"19:35:00";"RJ";116;192;"QUEIMADOS";"Acesso irregular";"Atropelamento de Pedestre";"Com Vítimas Feridas";"Plena Noite";"Decrescente";"Céu Claro";"Dupla";"Reta";"Não";2;0;1;0;0;1;1;2;-22,74207737;-43,5192401;"SPRF-RJ";"DEL01-RJ";"UOP02-DEL01-RJ"
411265;2022-01-26;"quarta-feira";"19:50:00";"GO";40;9;"LUZIANIA";"Ingestão de álcool pelo condutor";"Colisão traseira";"Com Vítimas Feridas";"Plena Noite";"Crescente";"Nublado";"Dupla";"Reta";"Não";4;0;2;0;2;0;2;2;-16,131158;-47,957739;"SPRF-DF";"DEL01-DF";"UOP01-DEL01-DF"
411266;2022-01-26;"quarta-feira";"20:45:00";"DF";251;34;"BRASILIA";"Acessar a via sem observar a presença dos outros veículos";"Colisão transversal";"Com Vítimas Fatais";"Plena Noite";"Crescente";"Céu Claro";"Simples";"Reta";"Sim";2;1;0;0;1;0;0;2;-15,938301;-47,759799;"SPRF-DF";"DEL01-DF";"UOP01-DEL01-DF"
411268;2022-01-26;"quarta-feira";"16:52:00";"MA";135;40,3;"BACABEIRA";"Acumulo de água sobre o pavimento";"Capotamento";"Sem Vítimas";"Pleno dia";"Decrescente";"Chuva";"Dupla";"Reta";"Não";1;0;0;0;0;1;0;1;-2,895464;-44,370875;"SPRF-MA";"DEL01-MA";"UOP01-DEL01-MA"
411269;2022-01-26;"quarta-feira";"19:30:00";"MS";163;264;"DOURADOS";"Velocidade Incompatível";"Colisão com objeto";"Com Vítimas Feridas";"Plena Noite";"Crescente";"Céu Claro";"Dupla";"Curva";"Não";1;0;0;1;0;0;1;1;-22,22742781;-54,7393301;"SPRF-MS";"DEL04-MS";"UOP01-DEL04-MS"
411272;2022-01-26;"quarta-feira";"19:30:00";"PI";316;13,2;"TERESINA";"Acessar a via sem observar a presença dos outros veículos";"Colisão transversal";"Com Vítimas Feridas";"Plena Noite";"Decrescente";"Chuva";"Dupla";"Reta";"Sim";2;0;0;1;1;0;1;2;-5,2096314;-42,75526995;"SPRF-PI";"DEL01-PI";"UOP02-DEL01-PI"
411274;2022-01-26;"quarta-feira";"17:05:00";"PB";230;27;"JOAO PESSOA";"Reação tardia ou ineficiente do condutor";"Tombamento";"Com Vítimas Feridas";"Pleno dia";"Crescente";"Céu Claro";"Dupla";"Reta";"Não";1;0;1;0;0;0;1;1;-7,1677;-34,8855;"SPRF-PB";"DEL01-PB";"UOP01-DEL01-PB"
411280;2022-01-26;"quarta-feira";"21:00:00";"PR";277;166;"PALMEIRA";"Acumulo de água sobre o pavimento";"Saída de leito carroçável";"Com Vítimas Feridas";"Plena Noite";"Crescente";"Chuva";"Simples";"Reta";"Não";3;0;2;0;1;0;2;1;-25,47289;-49,895964;"SPRF-PR";"DEL01-PR";"UOP03-DEL03-PR"
411281;2022-01-26;"quarta-feira";"21:00:00";"ES";101;447;"MIMOSO DO SUL";"Ultrapassagem Indevida";"Capotamento";"Com Vítimas Feridas";"Plena Noite";"Crescente";"Céu Claro";"Dupla";"Reta";"Não";2;0;1;0;1;0;1;1;-21,12405791;-41,27538314;"SPRF-ES";"DEL03-ES";"UOP02-DEL03-ES"
411282;2022-01-26;"quarta-feira";"21:45:00";"PR";373;173;"PONTA GROSSA";"Transitar na contramão";"Colisão frontal";"Com Vítimas Feridas";"Plena Noite";"Decrescente";"Céu Claro";"Simples";"Interseção de Vias";"Sim";2;0;0;1;1;0;1;2;-25,0805653;-50,20175905;"SPRF-PR";"DEL03-PR";"UOP01-DEL03-PR"
411287;2022-01-26;"quarta-feira";"20:09:00";"RR";432;202;"CANTA";"Demais falhas mecânicas ou elétricas";"Incêndio";"Sem Vítimas";"Plena Noite";"Decrescente";"Ignorado";"Simples";"Reta";"Não";1;0;0;0;1;0;0;1;2,70070499;-60,60825615;"SPRF-RR";"DEL01-RR";"UOP01-DEL01-RR"
411289;2022-01-26;"quarta-feira";"21:00:00";"MA";316;517;"CAXIAS";"Animais na Pista";"Atropelamento de Animal";"Sem Vítimas";"Plena Noite";"Crescente";"Nublado";"Simples";"Reta";"Não";3;0;0;0;3;0;0;1;-4,768307;-43,623756;"SPRF-MA";"DEL03-MA";"UOP02-DEL03-MA"
411290;2022-01-26;"quarta-feira";"20:20:00";"PI";343;592;"FLORIANO";"Ingestão de álcool pelo condutor";"Colisão traseira";"Com Vítimas Feridas";"Plena Noite";"Crescente";"Chuva";"Dupla";"Reta";"Sim";2;0;1;0;1;0;1;2;-6,777731;-43,031559;"SPRF-PI";"DEL03-PI";"UOP01-DEL03-PI"
411292;2022-01-26;"quarta-feira";"23:15:00";"ES";447;13,2;"VILA VELHA";"Velocidade Incompatível";"Colisão lateral mesmo sentido";"Sem Vítimas";"Plena Noite";"Crescente";"Céu Claro";"Dupla";"Reta";"Sim";2;0;0;0;2;0;0;2;-20,35784325;-40,3328294;"SPRF-ES";"DEL01-ES";"UOP01-DEL01-ES"
411293;2022-01-26;"quarta-feira";"21:45:00";"PR";277;672,5;"MEDIANEIRA";"Ausência de reação do condutor";"Colisão com objeto";"Sem Vítimas";"Plena Noite";"Decrescente";"Chuva";"Dupla";"Reta";"Sim";1;0;0;0;0;1;0;1;-25,28740438;-54,09701091;"SPRF-PR";"DEL05-PR";"UOP01-DEL05-PR"
411294;2022-01-26;"quarta-feira";"22:35:00";"MA";135;5;"SAO LUIS";"Reação tardia ou ineficiente do condutor";"Colisão traseira";"Com Vítimas Feridas";"Plena Noite";"Crescente";"Chuva";"Dupla";"Reta";"Sim";2;0;1;0;1;0;1;2;-2,62145385;-44,25797421;"SPRF-MA";"DEL01-MA";"UOP01-DEL01-MA"
411297;2022-01-27;"quinta-feira";"00:20:00";"PB";230;28;"JOAO PESSOA";"Acumulo de água sobre o pavimento";"Queda de ocupante de veículo";"Com Vítimas Feridas";"Plena Noite";"Crescente";"Chuva";"Dupla";"Viaduto";"Sim";1;0;1;0;0;0;1;1;-7,1651;-34,8941;"SPRF-PB";"DEL01-PB";"UOP01-DEL01-PB"
411301;2022-01-27;"quinta-feira";"00:40:00";"MG";381;499,5;"BETIM";"Iluminação deficiente";"Colisão traseira";"Com Vítimas Fatais";"Plena Noite";"Crescente";"Céu Claro";"Dupla";"Reta;Declive";"Sim";4;1;0;0;2;1;0;4;-20,01792651;-44,2261448;"SPRF-MG";"DEL01-MG";"UOP03-DEL01-MG"
411302;2022-01-27;"quinta-feira";"01:05:00";"MG";40;557;"NOVA LIMA";"Velocidade Incompatível";"Colisão com objeto";"Com Vítimas Feridas";"Plena Noite";"Crescente";"Céu Claro";"Dupla";"Reta";"Não";1;0;0;1;0;0;1;1;-20,10255103;-43,9749284;"SPRF-MG";"DEL01-MG";"UOP02-DEL01-MG"
411304;2022-01-27;"quinta-feira";"01:00:00";"SC";470;55,5;"BLUMENAU";"Ingestão de álcool pelo condutor";"Saída de leito carroçável";"Com Vítimas Feridas";"Plena Noite";"Decrescente";"Nublado";"Simples";"Reta";"Sim";2;0;2;0;0;0;2;1;-26,875601;-49,117992;"SPRF-SC";"DEL04-SC";"UOP01-DEL04-SC"