"id";"data_inversa";"dia_semana";"horario";"uf";"br";"km";"municipio";"causa_acidente";"tipo_acidente";"classificacao_acidente";"fase_dia";"sentido_via";"condicao_metereologica";"tipo_pista";"tracado_via";"uso_solo";"pessoas";"mortos";"feridos_leves";"feridos_graves";"ilesos";"ignorados";"feridos";"veiculos";"latitude";"longitude";"regional";"delegacia";"uop"
411306;2022-01-27;"quinta-feira";"00:15:00";"PR";376;142,5;"NOVA ESPERANCA";"Transitar na contramão";"Colisão frontal";"Com Vítimas Feridas";"Plena Noite";"Decrescente";"Céu Claro";"Dupla";"Reta";"Não";4;0;3;1;0;0;4;2;-23,25682404;-52,16532609;"SPRF-PR";"DEL09-PR";"UOP02-DEL09-PR"
411313;2022-01-27;"quinta-feira";"02:30:00";"SC";101;346,3;"TREZE DE MAIO";"Condutor Dormindo";"Saída de leito carroçável";"Com Vítimas Feridas";"Plena Noite";"Decrescente";"Céu Claro";"Dupla";"Reta";"Não";4;0;2;0;2;0;2;1;-28,56545164;-49,05404091;"SPRF-SC";"DEL02-SC";"UOP01-DEL02-SC"
411314;2022-01-27;"quinta-feira";"04:20:00";"ES";262;157;"IBATIBA";"Acessar a via sem observar a presença dos outros veículos";"Colisão transversal";"Com Vítimas Feridas";"Amanhecer";"Decrescente";"Céu Claro";"Simples";"Reta";"Não";2;0;0;1;1;0;1;2;-20,23102878;-41,48810903;"SPRF-ES";"DEL01-ES";"UOP02-DEL01-ES"
411319;2022-01-27;"quinta-feira";"05:50:00";"RN";101;75;"SAO GONCALO DO AMARANTE";"Desrespeitar a preferência no cruzamento";"Colisão transversal";"Com Vítimas Feridas";"Pleno dia";"Decrescente";"Chuva";"Dupla";"Interseção de Vias";"Não";3;0;1;0;2;0;1;2;-5,72262126;-35,27782917;"SPRF-RN";"DEL02-RN";"UOP01-DEL02-RN"
411321;2022-01-27;"quinta-feira";"05:00:00";"SC";470;67;"INDAIAL";"Transitar na contramão";"Colisão frontal";"Com Vítimas Feridas";"Amanhecer";"Decrescente";"Nublado";"Simples";"Desvio Temporário;Reta;Em Obras";"Sim";2;0;1;0;1;0;1;2;-26,87530124;-49,23602343;"SPRF-SC";"DEL04-SC";"UOP01-DEL04-SC"
411322;2022-01-27;"quinta-feira";"06:15:00";"PI";343;573,2;"FLORIANO";"Avarias e/ou desgaste excessivo no pneu";"Saída de leito carroçável";"Com Vítimas Feridas";"Pleno dia";"Decrescente";"Céu Claro";"Simples";"Reta";"Não";4;0;4;0;0;0;4;1;-6,757278;-42,924541;"SPRF-PI";"DEL03-PI";"UOP01-DEL03-PI"
411323;2022-01-27;"quinta-feira";"06:30:00";"PR";116;112,8;"CURITIBA";"Velocidade Incompatível";"Capotamento";"Com Vítimas Feridas";"Pleno dia";"Crescente";"Céu Claro";"Dupla";"Curva";"Sim";1;0;1;0;0;0;1;1;-25,56730763;-49,23706792;"SPRF-PR";"DEL01-PR";"UOP01-DEL01-PR"
411326;2022-01-27;"quinta-feira";"06:45:00";"RS";290;28,7;"SANTO ANTONIO DA PATRULHA";"Acumulo de água sobre o pavimento";"Saída de leito carroçável";"Com Vítimas Feridas";"Pleno dia";"Decrescente";"Chuva";"Dupla";"Reta";"Não";2;0;0;1;1;0;1;1;-29,882647;-50,534782;"SPRF-RS";"DEL03-RS";"UOP01-DEL03-RS"
411327;2022-01-27;"quinta-feira";"06:40:00";"RO";364;345;"JI-PARANA";"Condutor desrespeitou a iluminação vermelha do semáforo";"Colisão transversal";"Com Vítimas Feridas";"Pleno dia";"Crescente";"Chuva";"Múltipla";"Interseção de Vias";"Sim";1;0;1;0;0;0;1;1;-10,8688113;-61,9601791;"SPRF-RO";"DEL02-RO";"UOP01-DEL02-RO"
411328;2022-01-27;"quinta-feira";"07:30:00";"ES";259;8,5;"JOAO NEIVA";"Animais na Pista";"Atropelamento de Animal";"Com Vítimas Feridas";"Pleno dia";"Crescente";"Céu Claro";"Simples";"Declive";"Não";4;0;4;0;0;0;4;1;-19,68073376;-40,39141693;"SPRF-ES";"DEL02-ES";"UOP01-DEL02-ES"
411329;2022-01-22;"sábado";"05:30:00";"BA";101;453;"AURELINO LEAL";"Neblina";"Saída de leito carroçável";"Com Vítimas Feridas";"Amanhecer";"Decrescente";"Nevoeiro/Neblina";"Simples";"Curva";"Não";1;0;1;0;0;0;1;1;-14,33433034;-39,31740761;"SPRF-BA";"DEL05-BA";"UOP01-DEL05-BA"
411331;2022-01-27;"quinta-feira";"08:20:00";"CE";116;499,4;"BREJO SANTO";"Ausência de reação do condutor";"Saída de leito carroçável";"Com Vítimas Feridas";"Pleno dia";"Crescente";"Céu Claro";"Simples";"Reta";"Não";4;0;4;0;0;0;4;1;-7,43580996;-38,97316442;"SPRF-CE";"DEL05-CE";"UOP03-DEL05-CE"
411334;2022-01-27;"quinta-feira";"06:30:00";"RO";174;23;"VILHENA";"Demais falhas na via";"Capotamento";"Com Vítimas Feridas";"Amanhecer";"Crescente";"Nublado";"Simples";"Reta";"Não";1;0;1;0;0;0;1;1;-12,668615;-60,102526;"SPRF-RO";"DEL04-RO";"UOP01-DEL04-RO"
411335;2022-01-27;"quinta-feira";"08:30:00";"RN";406;169,1;"SAO GONCALO DO AMARANTE";"Frear bruscamente";"Queda de ocupante de veículo";"Com Vítimas Feridas";"Pleno dia";"Crescente";"Nublado";"Dupla";"Reta";"Sim";1;0;0;1;0;0;1;1;-5,75570118;-35,30728507;"SPRF-RN";"DEL02-RN";"UOP01-DEL02-RN"
411336;2022-01-27;"quinta-feira";"07:20:00";"SC";470;9,5;"NAVEGANTES";"Condutor deixou de manter distância do veículo da frente";"Colisão lateral mesmo sentido";"Sem Vítimas";"Pleno dia";"Crescente";"Céu Claro";"Simples";"Em Obras;Reta";"Não";2;0;0;0;2;0;0;2;-26,833143;-48,727432;"SPRF-SC";"DEL04-SC";"UOP04-DEL04-SC"
411338;2022-01-27;"quinta-feira";"09:00:00";"PE";232;67;"GRAVATA";"Velocidade Incompatível";"Colisão com objeto";"Sem Vítimas";"Pleno dia";"Decrescente";"Céu Claro";"Dupla";"Declive";"Não";1;0;0;0;1;0;0;1;-8,16727986;-35,464311;"SPRF-PE";"DEL02-PE";"UOP02-DEL02PE"
411339;2022-01-27;"quinta-feira";"09:07:00";"SP";153;256;"MARILIA";"Manobra de mudança de faixa";"Queda de ocupante de veículo";"Com Vítimas Feridas";"Pleno dia";"Crescente";"Céu Claro";"Dupla";"Curva";"Sim";1;0;1;0;0;0;1;1;-22,231552;-49,91968;"SPRF-SP";"DEL07-SP";"UOP02-DEL07-SP"
411341;2022-01-27;"quinta-feira";"10:35:00";"PR";369;138;"IBIPORA";"Acessar a via sem observar a presença dos outros veículos";"Colisão transversal";"Com Vítimas Feridas";"Pleno dia";"Crescente";"Céu Claro";"Simples";"Interseção de Vias";"Sim";2;0;1;0;1;0;1;2;-23,272931;-51,052359;"SPRF-PR";"DEL07-PR";"UOP01-DEL07-PR"
411342;2022-01-27;"quinta-feira";"10:02:00";"CE";116;304,2;"JAGUARIBE";"Pista esburacada";"Tombamento";"Com Vítimas Feridas";"Pleno dia";"Crescente";"Céu Claro";"Simples";"Reta";"Não";1;0;1;0;0;0;1;1;-5,8641871;-38,59058993;"SPRF-CE";"DEL05-CE";"UOP02-DEL05-CE"
411344;2022-01-27;"quinta-feira";"10:35:00";"PE";232;109,5;"BEZERROS";"Reação tardia ou ineficiente do condutor";"Saída de leito carroçável";"Com Vítimas Fatais";"Pleno dia";"Crescente";"Céu Claro";"Dupla";"Curva";"Não";2;1;0;1;0;0;1;1;-8,28036785;-35,81085313;"SPRF-PE";"DEL02-PE";"UOP02-DEL02PE"
411345;2022-01-27;"quinta-feira";"08:00:00";"PR";277;2;"FOZ DO IGUACU";"Manobra de mudança de faixa";"Colisão lateral mesmo sentido";"Com Vítimas Feridas";"Pleno dia";"Decrescente";"Céu Claro";"Dupla";"Reta";"Sim";2;0;1;0;1;0;1;2;-25,5469;-54,5882;"SPRF-PR";"DEL05-PR";"UOP03-DEL05-PR"
411346;2022-01-19;"quarta-feira";"15:30:00";"RS";116;163,6;"CAXIAS DO SUL";"Ausência de reação do condutor";"Colisão lateral mesmo sentido";"Com Vítimas Feridas";"Pleno dia";"Crescente";"Sol";"Simples";"Declive";"Não";2;0;1;0;1;0;1;2;-29,25506295;-51,16005783;"SPRF-RS";"DEL05-RS";"UOP02-DEL05-RS"
411350;2022-01-27;"quinta-feira";"10:40:00";"RJ";116;269,3;"BARRA MANSA";"Reação tardia ou ineficiente do condutor";"Colisão lateral mesmo sentido";"Com Vítimas Feridas";"Pleno dia";"Decrescente";"Sol";"Dupla";"Curva";"Sim";2;0;0;1;1;0;1;2;-22,57510092;-44,11542461;"SPRF-RJ";"DEL07-RJ";"UOP02-DEL07-RJ"
411352;2022-01-27;"quinta-feira";"11:25:00";"SP";101;47;"UBATUBA";"Retorno proibido";"Colisão transversal";"Com Vítimas Feridas";"Pleno dia";"Decrescente";"Céu Claro";"Simples";"Reta";"Sim";2;0;1;0;1;0;1;2;-23,429897;-45,082436;"SPRF-SP";"DEL06-SP";"UOP01-DEL06-SP"
411353;2022-01-27;"quinta-feira";"10:30:00";"RJ";101;420;"MANGARATIBA";"Reação tardia ou ineficiente do condutor";"Colisão traseira";"Sem Vítimas";"Pleno dia";"Crescente";"Céu Claro";"Simples";"Reta";"Não";3;0;0;0;3;0;0;3;-22,9189815;-43,92318002;"SPRF-RJ";"DEL03-RJ";"UOP03-DEL03-RJ"
411355;2022-01-27;"quinta-feira";"10:30:00";"RJ";40;121;"DUQUE DE CAXIAS";"Demais falhas mecânicas ou elétricas";"Incêndio";"Sem Vítimas";"Pleno dia";"Crescente";"Sol";"Múltipla";"Reta";"Sim";1;0;0;0;1;0;0;1;-22,78185499;-43,28571273;"SPRF-RJ";"DEL01-RJ";"UOP01-DEL01-RJ"
411358;2022-01-27;"quinta-feira";"11:40:00";"RS";448;15;"CANOAS";"Ausência de reação do condutor";"Saída de leito carroçável";"Com Vítimas Feridas";"Pleno dia";"Crescente";"Chuva";"Simples";"Reta;Declive";"Sim";1;0;1;0;0;0;1;1;-29,92359743;-51,22975016;"SPRF-RS";"DEL01-RS";"UOP01-DEL01-RS"
411359;2022-01-27;"quinta-feira";"07:50:00";"MS";463;45,6;"PONTA PORA";"Acumulo de água sobre o pavimento";"Saída de leito carroçável";"Com Vítimas Feridas";"Pleno dia";"Crescente";"Chuva";"Simples";"Reta";"Não";2;0;2;0;0;0;2;1;-22,34182722;-55,20039887;"SPRF-MS";"DEL04-MS";"UOP03-DEL04-MS"
411361;2022-01-27;"quinta-feira";"12:49:00";"SE";235;2,2;"ARACAJU";"Entrada inopinada do pedestre";"Colisão transversal";"Com Vítimas Feridas";"Pleno dia";"Decrescente";"Céu Claro";"Dupla";"Reta";"Sim";4;0;0;1;0;3;1;3;-10,9062;-37,1034;"SPRF-SE";"DEL01-SE";"UOP01-DEL01-SE"
411363;2022-01-27;"quinta-feira";"13:40:00";"PR";116;123;"CURITIBA";"Condutor deixou de manter distância do veículo da frente";"Colisão traseira";"Com Vítimas Feridas";"Pleno dia";"Decrescente";"Céu Claro";"Dupla";"Reta";"Não";2;0;1;0;1;0;1;2;-25,57736002;-49,31243589;"SPRF-PR";"DEL01-PR";"UOP03-DEL01-PR"
411364;2022-01-27;"quinta-feira";"11:30:00";"MA";135;9;"SAO LUIS";"Acessar a via sem observar a presença dos outros veículos";"Colisão transversal";"Com Vítimas Feridas";"Pleno dia";"Decrescente";"Nublado";"Dupla";"Curva";"Sim";2;0;0;1;1;0;1;2;-2,64941425;-44,28038883;"SPRF-MA";"DEL01-MA";"UOP01-DEL01-MA"
411365;2022-01-27;"quinta-feira";"12:50:00";"PR";369;200;"APUCARANA";"Reação tardia ou ineficiente do condutor";"Saída de leito carroçável";"Sem Vítimas";"Pleno dia";"Crescente";"Chuva";"Simples";"Reta";"Sim";1;0;0;0;0;1;0;1;-23,52619285;-51,44527316;"SPRF-PR";"DEL07-PR";"UOP02-DEL07-PR"
411366;2022-01-27;"quinta-feira";"12:20:00";"AL";101;216,8;"PORTO REAL DO COLEGIO";"Ausência de reação do condutor";"Colisão com objeto";"Com Vítimas Feridas";"Pleno dia";"Decrescente";"Nublado";"Dupla";"Reta";"Não";2;0;1;0;1;0;1;1;-10,04190832;-36,64694977;"SPRF-AL";"DEL02-AL";"UOP02-DEL02-AL"
411368;2022-01-24;"segunda-feira";"01:40:00";"RS";285;234,2;"MULITERNO";"Ingestão de álcool pelo condutor";"Colisão com objeto";"Sem Vítimas";"Plena Noite";"Decrescente";"Chuva";"Simples";"Curva";"Não";1;0;0;0;1;0;0;1;-28,248945;-51,824085;"SPRF-RS";"DEL08-RS";"UOP03-DEL08-RS"
411369;2022-01-27;"quinta-feira";"13:50:00";"SP";116;92,6;"PINDAMONHANGABA";"Demais falhas mecânicas ou elétricas";"Incêndio";"Sem Vítimas";"Pleno dia";"Crescente";"Sol";"Dupla";"Reta";"Não";1;0;0;0;1;0;0;1;-22,95222732;-45,40443885;"SPRF-SP";"DEL08-SP";"UOP01-DEL08-SP"
411370;2022-01-27;"quinta-feira";"12:30:00";"SC";101;338,4;"TUBARAO";"Condutor deixou de manter distância do veículo da frente";"Colisão lateral mesmo sentido";"Com Vítimas Feridas";"Pleno dia";"Crescente";"Chuva";"Dupla";"Reta";"Sim";2;0;1;0;0;1;1;2;-28,47801624;-49,03246283;"SPRF-SC";"DEL02-SC";"UOP01-DEL02-SC"
411372;2022-01-27;"quinta-feira";"13:35:00";"RS";386;395,9;"TRIUNFO";"Velocidade Incompatível";"Saída de leito carroçável";"Com Vítimas Feridas";"Pleno dia";"Decrescente";"Chuva";"Simples";"Reta";"Não";2;0;2;0;0;0;2;1;-29,732574;-51,631935;"SPRF-RS";"DEL04-RS";"UOP02-DEL04-RS"
411373;2022-01-27;"quinta-feira";"12:20:00";"AL";101;205,6;"SAO SEBASTIAO";"Reação tardia ou ineficiente do condutor";"Saída de leito carroçável";"Com Vítimas Feridas";"Pleno dia";"Decrescente";"Nublado";"Simples";"Curva";"Não";2;0;2;0;0;0;2;1;-9,98580388;-36,567173;"SPRF-AL";"DEL02-AL";"UOP02-DEL02-AL"
411374;2022-01-27;"quinta-feira";"11:30:00";"MG";40;615,4;"CONGONHAS";"Condutor Dormindo";"Colisão lateral sentido oposto";"Com Vítimas Feridas";"Pleno dia";"Crescente";"Sol";"Simples";"Ponte;Curva";"Não";5;0;1;0;4;0;1;2;-20,545471;-43,820543;"SPRF-MG";"DEL05-MG";"UOP02-DEL05-MG"
411376;2022-01-27;"quinta-feira";"12:30:00";"PR";476;125;"CURITIBA";"Condutor deixou de manter distância do veículo da frente";"Colisão lateral mesmo sentido";"Com Vítimas Feridas";"Pleno dia";"Decrescente";"Céu Claro";"Dupla";"Reta";"Sim";2;0;1;0;1;0;1;2;-25,4083;-49,219658;"SPRF-PR";"DEL01-PR";"UOP03-DEL01-PR"
411378;2022-01-27;"quinta-feira";"14:30:00";"SP";116;342,2;"MIRACATU";"Transitar no acostamento";"Atropelamento de Pedestre";"Com Vítimas Feridas";"Pleno dia";"Decrescente";"Céu Claro";"Dupla";"Reta";"Sim";2;0;1;0;1;0;1;2;-24,01625202;-47,16797896;"SPRF-SP";"DEL04-SP";"UOP02-DEL04-SP"
411413;2022-01-27;"quinta-feira";"14:55:00";"PR";476;129,5;"CURITIBA";"Ingestão de álcool pelo condutor";"Colisão traseira";"Sem Vítimas";"Pleno dia";"Crescente";"Chuva";"Múltipla";"Reta";"Sim";2;0;0;0;2;0;0;2;-25,440983;-49,233715;"SPRF-PR";"DEL01-PR";"UOP03-DEL01-PR"
411414;2022-01-27;"quinta-feira";"12:00:00";"AC";364;138;"RIO BRANCO";"Acessar a via sem observar a presença dos outros veículos";"Colisão transversal";"Com Vítimas Feridas";"Pleno dia";"Crescente";"Sol";"Dupla";"Rotatória";"Sim";2;0;0;1;1;0;1;2;-9,96112502;-67,85646604;"SPRF-AC";"DEL01-AC";"UOP01-DEL01-AC"
411415;2022-01-27;"quinta-feira";"14:15:00";"RS";470;220,1;"BENTO GONCALVES";"Desrespeitar a preferência no cruzamento";"Colisão transversal";"Com Vítimas Feridas";"Pleno dia";"Crescente";"Chuva";"Simples";"Aclive;Reta;Interseção de Vias";"Sim";2;0;1;0;1;0;1;2;-29,19810833;-51,51861727;"SPRF-RS";"DEL06-RS";"UOP01-DEL06-RS"
411418;2022-01-27;"quinta-feira";"13:20:00";"MS";60;377;"CAMPO GRANDE";"Acessar a via sem observar a presença dos outros veículos";"Colisão transversal";"Sem Vítimas";"Pleno dia";"Decrescente";"Céu Claro";"Simples";"Reta";"Não";5;0;0;0;5;0;0;2;-20,60326611;-54,73507894;"SPRF-MS";"DEL01-MS";"UOP04-DEL01-MS"
411427;2022-01-27;"quinta-feira";"16:00:00";"MG";262;370;"JUATUBA";"Reação tardia ou ineficiente do condutor";"Saída de leito carroçável";"Com Vítimas Feridas";"Pleno dia";"Decrescente";"Céu Claro";"Múltipla";"Declive";"Não";1;0;1;0;0;0;1;1;-19,97222641;-44,29910985;"SPRF-MG";"DEL01-MG";"UOP03-DEL01-MG"
411428;2022-01-27;"quinta-feira";"15:45:00";"PR";277;597;"CASCAVEL";"Ultrapassagem Indevida";"Colisão lateral mesmo sentido";"Sem Vítimas";"Pleno dia";"Decrescente";"Chuva";"Simples";"Reta";"Sim";2;0;0;0;2;0;0;2;-24,99513602;-53,51418998;"SPRF-PR";"DEL04-PR";"UOP01-DEL04-PR"
411429;2022-01-27;"quinta-feira";"13:10:00";"MG";116;422;"ALPERCATA";"Desrespeitar a preferência no cruzamento";"Colisão transversal";"Com Vítimas Feridas";"Pleno dia";"Crescente";"Céu Claro";"Simples";"Reta";"Não";4;0;3;0;1;0;3;2;-18,94601944;-41,95023848;"SPRF-MG";"DEL06-MG";"UOP01-DEL06-MG"
411430;2022-01-27;"quinta-feira";"16:00:00";"PR";376;178,2;"MARINGA";"Retorno proibido";"Colisão transversal";"Com Vítimas Feridas";"Pleno dia";"Crescente";"Nublado";"Dupla";"Reta;Interseção de Vias";"Sim";2;0;0;1;1;0;1;2;-23,41760235;-51,91813588;"SPRF-PR";"DEL09-PR";"UOP01-DEL09-PR"
411431;2022-01-27;"quinta-feira";"16:30:00";"CE";222;27,9;"CAUCAIA";"Chuva";"Queda de ocupante de veículo";"Com Vítimas Feridas";"Pleno dia";"Crescente";"Nublado";"Simples";"Curva";"Não";2;0;2;0;0;0;2;1;-3,72045534;-38,79404612;"SPRF-CE";"DEL01-CE";"UOP01-DEL01-CE"
411432;2022-01-27;"quinta-feira";"15:10:00";"PR";376;523,4;"PONTA GROSSA";"Velocidade Incompatível";"Saída de leito carroçável";"Com Vítimas Fatais";"Pleno dia";"Decrescente";"Chuva";"Dupla";"Declive";"Não";4;1;2;1;0;0;3;1;-25,266449;-49,951876;"SPRF-PR";"DEL03-PR";"UOP01-DEL03-PR"
411435;2022-01-27;"quinta-feira";"15:50:00";"RS";290;114;"ELDORADO DO SUL";"Pista esburacada";"Saída de leito carroçável";"Com Vítimas Feridas";"Pleno dia";"Decrescente";"Nublado";"Simples";"Reta";"Não";1;0;1;0;0;0;1;1;-30,044607;-51,347553;"SPRF-RS";"DEL02-RS";"UOP01-DEL02-RS"
411436;2022-01-27;"quinta-feira";"15:50:00";"PR";277;74;"SAO JOSE DOS PINHAIS";"Demais falhas mecânicas ou elétricas";"Incêndio";"Sem Vítimas";"Pleno dia";"Crescente";"Garoa/Chuvisco";"Dupla";"Reta";"Não";1;0;0;0;1;0;0;1;-25,51726115;-49,11540707;"SPRF-PR";"DEL01-PR";"UOP01-DEL01-PR"
411437;2022-01-27;"quinta-feira";"16:20:00";"GO";153;515;"APARECIDA DE GOIANIA";"Acessar a via sem observar a presença dos outros veículos";"Colisão transversal";"Com Vítimas Feridas";"Pleno dia";"Crescente";"Céu Claro";"Dupla";"Reta";"Sim";3;0;1;1;1;0;2;2;-16,8413;-49,2454;"SPRF-GO";"DEL01-GO";"UOP03-DEL01-GO"
411438;2022-01-17;"segunda-feira";"17:00:00";"SC";116;173,1;"SAO CRISTOVAO DO SUL";"Velocidade Incompatível";"Colisão com objeto";"Com Vítimas Feridas";"Pleno dia";"Crescente";"Chuva";"Simples";"Curva";"Não";4;0;2;0;2;0;2;2;-27,21838033;-50,46621323;"SPRF-SC";"DEL05-SC";"UOP03-DEL05-SC"
411440;2022-01-27;"quinta-feira";"16:44:00";"PE";232;126,9;"CARUARU";"Condutor deixou de manter distância do veículo da frente";"Colisão traseira";"Sem Vítimas";"Pleno dia";"Crescente";"Céu Claro";"Dupla";"Viaduto";"Sim";2;0;0;0;2;0;0;2;-8,30568945;-35,96533298;"SPRF-PE";"DEL02-PE";"UOP03-DEL02-PE"
411443;2022-01-27;"quinta-feira";"17:30:00";"MG";40;717,7;"BARBACENA";"Reação tardia ou ineficiente do condutor";"Saída de leito carroçável";"Com Vítimas Feridas";"Pleno dia";"Crescente";"Céu Claro";"Dupla";"Curva";"Não";1;0;1;0;0;0;1;1;-21,26034802;-43,66189055;"SPRF-MG";"DEL05-MG";"UOP01-DEL05-MG"
411447;2022-01-27;"quinta-feira";"13:50:00";"PR";476;129;"CURITIBA";"Manobra de mudança de faixa";"Colisão com objeto";"Sem Vítimas";"Pleno dia";"Decrescente";"Chuva";"Múltipla";"Reta";"Sim";3;0;0;0;3;0;0;2;-25,440983;-49,233715;"SPRF-PR";"DEL01-PR";"UOP03-DEL01-PR"
411448;2022-01-27;"quinta-feira";"18:21:00";"SE";235;3,9;"ARACAJU";"Condutor deixou de manter distância do veículo da frente";"Colisão traseira";"Com Vítimas Feridas";"Plena Noite";"Crescente";"Céu Claro";"Dupla";"Reta";"Sim";2;0;1;0;1;0;1;2;-10,9059;-37,111;"SPRF-SE";"DEL01-SE";"UOP01-DEL01-SE"
411450;2022-01-27;"quinta-feira";"18:45:00";"SC";101;304,9;"LAGUNA";"Ingestão de álcool e/ou substâncias psicoativas pelo pedestre";"Tombamento";"Com Vítimas Feridas";"Anoitecer";"Crescente";"Chuva";"Múltipla";"Reta";"Não";1;0;0;1;0;0;1;1;-28,394334;-48,78072;"SPRF-SC";"DEL02-SC";"UOP03-DEL02-SC"
411453;2022-01-27;"quinta-feira";"13:30:00";"SC";101;392,9;"ICARA";"Demais falhas mecânicas ou elétricas";"Capotamento";"Com Vítimas Feridas";"Pleno dia";"Decrescente";"Chuva";"Dupla";"Reta";"Não";2;0;2;0;0;0;2;1;-28,80489882;-49,3712151;"SPRF-SC";"DEL02-SC";"UOP02-DEL02-SC"
411454;2022-01-27;"quinta-feira";"18:20:00";"MG";40;511;"RIBEIRAO DAS NEVES";"Transitar no acostamento";"Colisão traseira";"Com Vítimas Feridas";"Anoitecer";"Decrescente";"Nublado";"Dupla";"Aclive";"Sim";2;0;2;0;0;0;2;2;-19,78748114;-44,11386251;"SPRF-MG";"DEL01-MG";"UOP02-DEL01-MG"
411458;2022-01-27;"quinta-feira";"17:50:00";"SC";470;158,1;"TROMBUDO CENTRAL";"Reação tardia ou ineficiente do condutor";"Colisão transversal";"Com Vítimas Feridas";"Pleno dia";"Crescente";"Nublado";"Simples";"Interseção de Vias";"Sim";2;0;1;0;1;0;1;2;-27,28590891;-49,78324771;"SPRF-SC";"DEL04-SC";"UOP02-DEL04-SC"
411459;2022-01-20;"quinta-feira";"12:10:00";"SC";470;136,8;"RIO DO SUL";"Desrespeitar a preferência no cruzamento";"Colisão transversal";"Com Vítimas Feridas";"Pleno dia";"Decrescente";"Sol";"Simples";"Reta";"Não";2;0;0;1;1;0;1;2;-27,194323;-49,624554;"SPRF-SC";"DEL04-SC";"UOP02-DEL04-SC"
411460;2022-01-27;"quinta-feira";"17:45:00";"PB";361;55;"CATINGUEIRA";"Chuva";"Colisão traseira";"Com Vítimas Feridas";"Anoitecer";"Crescente";"Chuva";"Simples";"Reta";"Não";5;0;3;0;2;0;3;2;-7,167567;-37,69489;"SPRF-PB";"DEL03-PB";"UOP01-DEL03-PB"
411465;2022-01-27;"quinta-feira";"17:30:00";"MG";381;845,6;"SAO SEBASTIAO DA BELA VISTA";"Animais na Pista";"Colisão traseira";"Com Vítimas Feridas";"Pleno dia";"Decrescente";"Céu Claro";"Dupla";"Reta";"Sim";2;0;1;0;1;0;1;2;-22,23698876;-45,87928703;"SPRF-MG";"DEL16-MG";"UOP01-DEL16-MG"
411466;2022-01-27;"quinta-feira";"19:45:00";"PR";277;582;"CASCAVEL";"Condutor deixou de manter distância do veículo da frente";"Colisão traseira";"Sem Vítimas";"Plena Noite";"Crescente";"Chuva";"Dupla";"Reta";"Sim";3;0;0;0;3;0;0;3;-24,97675228;-53,38623215;"SPRF-PR";"DEL04-PR";"UOP01-DEL04-PR"
411468;2022-01-27;"quinta-feira";"20:35:00";"GO";50;282,7;"CATALAO";"Acessar a via sem observar a presença dos outros veículos";"Colisão transversal";"Com Vítimas Feridas";"Plena Noite";"Decrescente";"Céu Claro";"Simples";"Reta;Interseção de Vias";"Sim";5;0;0;1;4;0;1;2;-18,1953835;-47,95609474;"SPRF-GO";"DEL06-GO";"UOP01-DEL06-GO"
411469;2022-01-27;"quinta-feira";"19:50:00";"ES";101;141;"LINHARES";"Ausência de reação do condutor";"Colisão traseira";"Sem Vítimas";"Plena Noite";"Decrescente";"Céu Claro";"Dupla";"Reta";"Sim";2;0;0;0;2;0;0;2;-19,32655693;-40,07192387;"SPRF-ES";"DEL04-ES";"UOP01-DEL04-ES"
411472;2022-01-27;"quinta-feira";"07:30:00";"RN";405;1;"MOSSORO";"Acessar a via sem observar a presença dos outros veículos";"Colisão traseira";"Com Vítimas Feridas";"Pleno dia";"Decrescente";"Céu Claro";"Dupla";"Reta";"Sim";2;0;1;0;1;0;1;2;-5,19170196;-37,361471;"SPRF-RN";"DEL04-RN";"UOP02-DEL04-RN"
411473;2022-01-27;"quinta-feira";"19:34:00";"RJ";116;135;"MAGE";"Manobra de mudança de faixa";"Colisão traseira";"Com Vítimas Feridas";"Plena Noite";"Crescente";"Céu Claro";"Dupla";"Reta";"Sim";4;0;2;0;1;1;2;2;-22,65225773;-43,16309893;"SPRF-RJ";"DEL04-RJ";"UOP02-DEL04-RJ"
411474;2022-01-27;"quinta-feira";"20:43:00";"MG";50;170,3;"UBERABA";"Sinalização mal posicionada";"Tombamento";"Com Vítimas Feridas";"Plena Noite";"Crescente";"Nublado";"Dupla";"Em Obras";"Sim";1;0;1;0;0;0;1;1;-19,73661208;-47,98290957;"SPRF-MG";"DEL13-MG";"UOP01-DEL13-MG"
411475;2022-01-27;"quinta-feira";"20:30:00";"PR";369;166;"CAMBE";"Condutor usando celular";"Colisão traseira";"Com Vítimas Feridas";"Plena Noite";"Crescente";"Chuva";"Dupla";"Reta";"Não";5;0;1;0;4;0;1;2;-23,29543693;-51,30808353;"SPRF-PR";"DEL07-PR";"UOP01-DEL07-PR"
411476;2022-01-27;"quinta-feira";"21:00:00";"MA";230;1,9;"BARAO DE GRAJAU";"Pedestre cruzava a pista fora da faixa";"Atropelamento de Pedestre";"Com Vítimas Feridas";"Plena Noite";"Crescente";"Garoa/Chuvisco";"Simples";"Reta";"Sim";2;0;1;0;1;0;1;2;-6,75491021;-43,01659198;"SPRF-PI";"DEL03-PI";"UOP01-DEL03-PI"
411477;2022-01-27;"quinta-feira";"20:30:00";"MS";262;316;"CAMPO GRANDE";"Reação tardia ou ineficiente do condutor";"Tombamento";"Com Vítimas Feridas";"Plena Noite";"Decrescente";"Chuva";"Simples";"Reta";"Não";1;0;0;1;0;0;1;1;-20,47159896;-54,43906;"SPRF-MS";"DEL01-MS";"UOP01-DEL01-MS"