"id";"data_inversa";"dia_semana";"horario";"uf";"br";"km";"municipio";"causa_acidente";"tipo_acidente";"classificacao_acidente";"fase_dia";"sentido_via";"condicao_metereologica";"tipo_pista";"tracado_via";"uso_solo";"pessoas";"mortos";"feridos_leves";"feridos_graves";"ilesos";"ignorados";"feridos";"veiculos";"latitude";"longitude";"regional";"delegacia";"uop"
411479;2022-01-27;"quinta-feira";"15:30:00";"MS";0;0;"BODOQUENA";"Reação tardia ou ineficiente do condutor";"Colisão com objeto";"Sem Vítimas";"Pleno dia";"Não Informado";"Céu Claro";"Simples";"Aclive";"Não";3;0;0;0;3;0;0;1;-20,292834;-56,912824;"SPRF-MS";"DEL03-MS";"UOP02-DEL03-MS"
411481;2022-01-27;"quinta-feira";"20:00:00";"PE";423;121,9;"PARANATAMA";"Manobra de mudança de faixa";"Colisão frontal";"Com Vítimas Feridas";"Plena Noite";"Decrescente";"Céu Claro";"Simples";"Reta";"Não";3;0;0;2;1;0;2;2;-8,9156581;-36,70400598;"SPRF-PE";"DEL03-PE";"UOP01-DEL03-PE"
411484;2022-01-27;"quinta-feira";"22:20:00";"MG";262;438;"NOVA SERRANA";"Pedestre cruzava a pista fora da faixa";"Atropelamento de Pedestre";"Com Vítimas Feridas";"Plena Noite";"Crescente";"Nublado";"Dupla";"Reta";"Sim";2;0;0;1;1;0;1;2;-19,89280962;-44,878453;"SPRF-MG";"DEL08-MG";"UOP03-DEL08-MG"
411485;2022-01-27;"quinta-feira";"21:45:00";"PI";316;2,4;"TERESINA";"Ausência de reação do condutor";"Colisão com objeto";"Com Vítimas Feridas";"Plena Noite";"Decrescente";"Céu Claro";"Múltipla";"Viaduto";"Sim";1;0;1;0;0;0;1;1;-5,12477477;-42,79848465;"SPRF-PI";"DEL01-PI";"UOP02-DEL01-PI"
411486;2022-01-27;"quinta-feira";"23:00:00";"SP";116;230;"SAO PAULO";"Velocidade Incompatível";"Tombamento";"Com Vítimas Feridas";"Plena Noite";"Decrescente";"Garoa/Chuvisco";"Dupla";"Reta";"Sim";1;0;1;0;0;0;1;1;-23,52251783;-46,5855702;"SPRF-SP";"DEL01-SP";"UOP01-DEL01-SP"
411489;2022-01-27;"quinta-feira";"20:50:00";"MG";146;437,8;"CABO VERDE";"Ausência de reação do condutor";"Colisão transversal";"Com Vítimas Feridas";"Plena Noite";"Crescente";"Chuva";"Simples";"Reta";"Não";2;0;1;0;1;0;1;2;-21,48318183;-46,4019728;"SPRF-MG";"DEL09-MG";"UOP01-DEL09-MG"
411490;2022-01-09;"domingo";"06:49:00";"MS";163;311;"RIO BRILHANTE";"Condutor Dormindo";"Saída de leito carroçável";"Com Vítimas Fatais";"Pleno dia";"Crescente";"Céu Claro";"Dupla";"Reta";"Não";1;1;0;0;0;0;0;1;-21,88665197;-54,52405751;"SPRF-MS";"DEL02-MS";"UOP02-DEL02-MS"
411493;2022-01-27;"quinta-feira";"23:30:00";"GO";60;109,6;"GOIANAPOLIS";"Chuva";"Capotamento";"Com Vítimas Feridas";"Plena Noite";"Decrescente";"Chuva";"Dupla";"Reta";"Não";5;0;4;0;1;0;4;1;-16,4478;-49,0224;"SPRF-GO";"DEL01-GO";"UOP01-DEL01-GO"
411495;2022-01-27;"quinta-feira";"22:35:00";"MG";50;170,3;"UBERABA";"Obras na pista";"Tombamento";"Com Vítimas Feridas";"Plena Noite";"Crescente";"Céu Claro";"Dupla";"Viaduto";"Sim";2;0;2;0;0;0;2;1;-19,73612224;-47,98300976;"SPRF-MG";"DEL13-MG";"UOP01-DEL13-MG"
411499;2022-01-28;"sexta-feira";"00:44:00";"GO";40;10;"LUZIANIA";"Ausência de reação do condutor";"Tombamento";"Com Vítimas Feridas";"Plena Noite";"Crescente";"Céu Claro";"Dupla";"Reta";"Sim";1;0;1;0;0;0;1;1;-16,131285;-47,957923;"SPRF-DF";"DEL01-DF";"UOP01-DEL01-DF"
411500;2022-01-28;"sexta-feira";"00:20:00";"PR";476;132;"CURITIBA";"Ausência de reação do condutor";"Colisão traseira";"Sem Vítimas";"Plena Noite";"Decrescente";"Nublado";"Múltipla";"Interseção de Vias";"Sim";2;0;0;0;2;0;0;2;-25,460718;-49,250488;"SPRF-PR";"DEL01-PR";"UOP03-DEL01-PR"
411501;2022-01-28;"sexta-feira";"01:30:00";"RS";290;107;"ELDORADO DO SUL";"Reação tardia ou ineficiente do condutor";"Saída de leito carroçável";"Sem Vítimas";"Plena Noite";"Decrescente";"Céu Claro";"Simples";"Reta";"Sim";1;0;0;0;1;0;0;1;-30,00212671;-51,30480051;"SPRF-RS";"DEL02-RS";"UOP01-DEL02-RS"
411503;2022-01-28;"sexta-feira";"01:50:00";"PB";230;501;"CAJAZEIRAS";"Transitar na contramão";"Colisão frontal";"Com Vítimas Feridas";"Plena Noite";"Crescente";"Chuva";"Simples";"Reta";"Sim";2;0;0;1;0;1;1;2;-6,899;-38,5159;"SPRF-PB";"DEL03-PB";"UOP03-DEL03-PB"
411504;2022-01-27;"quinta-feira";"23:55:00";"SP";116;561,3;"BARRA DO TURVO";"Reação tardia ou ineficiente do condutor";"Saída de leito carroçável";"Com Vítimas Feridas";"Plena Noite";"Decrescente";"Chuva";"Dupla";"Curva";"Não";1;0;1;0;0;0;1;1;-25,02339531;-48,51741672;"SPRF-SP";"DEL05-SP";"UOP02-DEL05-SP"
411506;2022-01-28;"sexta-feira";"02:40:00";"MG";262;415;"IGARATINGA";"Velocidade Incompatível";"Saída de leito carroçável";"Com Vítimas Feridas";"Plena Noite";"Crescente";"Céu Claro";"Dupla";"Curva";"Não";2;0;0;2;0;0;2;1;-19,90748652;-44,67151073;"SPRF-MG";"DEL08-MG";"UOP03-DEL08-MG"
411508;2022-01-27;"quinta-feira";"23:55:00";"RN";406;96;"JOAO CAMARA";"Animais na Pista";"Atropelamento de Animal";"Com Vítimas Feridas";"Plena Noite";"Decrescente";"Chuva";"Simples";"Aclive;Reta";"Não";2;0;1;0;1;0;1;1;-5,50917972;-35,86669691;"SPRF-RN";"DEL02-RN";"UOP01-DEL02-RN"
411513;2022-01-28;"sexta-feira";"04:45:00";"RS";101;87;"OSORIO";"Reação tardia ou ineficiente do condutor";"Colisão com objeto";"Com Vítimas Feridas";"Plena Noite";"Crescente";"Céu Claro";"Dupla";"Aclive";"Sim";1;0;1;0;0;0;1;1;-29,88149021;-50,26433789;"SPRF-RS";"DEL03-RS";"UOP01-DEL03-RS"
411514;2022-01-28;"sexta-feira";"04:50:00";"SC";101;322;"PESCARIA BRAVA";"Ingestão de álcool pelo condutor";"Capotamento";"Com Vítimas Feridas";"Plena Noite";"Decrescente";"Chuva";"Múltipla";"Reta";"Sim";1;0;1;0;0;0;1;1;-28,42491971;-48,90238108;"SPRF-SC";"DEL02-SC";"UOP01-DEL02-SC"
411515;2022-01-28;"sexta-feira";"04:40:00";"SC";116;247,8;"LAGES";"Velocidade Incompatível";"Colisão transversal";"Sem Vítimas";"Plena Noite";"Crescente";"Chuva";"Simples";"Reta";"Sim";2;0;0;0;2;0;0;2;-27,81786084;-50,37287235;"SPRF-SC";"DEL05-SC";"UOP02-DEL05-SC"
411516;2022-01-28;"sexta-feira";"01:30:00";"MG";116;558,9;"MANHUACU";"Condutor Dormindo";"Colisão com objeto";"Sem Vítimas";"Plena Noite";"Crescente";"Nublado";"Simples";"Reta;Ponte";"Não";1;0;0;0;1;0;0;1;-20,01789088;-42,16537437;"SPRF-MG";"DEL06-MG";"UOP03-DEL06-MG"
411517;2022-01-28;"sexta-feira";"05:30:00";"SC";101;208;"SAO JOSE";"Ingestão de álcool pelo condutor";"Colisão lateral mesmo sentido";"Sem Vítimas";"Amanhecer";"Crescente";"Garoa/Chuvisco";"Múltipla";"Reta";"Sim";2;0;0;0;2;0;0;2;-27,60327979;-48,63201818;"SPRF-SC";"DEL01-SC";"UOP01-DEL01-SC"
411519;2022-01-28;"sexta-feira";"06:20:00";"SP";116;294,3;"ITAPECERICA DA SERRA";"Pedestre cruzava a pista fora da faixa";"Atropelamento de Pedestre";"Com Vítimas Feridas";"Pleno dia";"Decrescente";"Chuva";"Dupla";"Reta";"Sim";2;0;0;1;1;0;1;2;-23,76154691;-46,90483412;"SPRF-SP";"DEL04-SP";"UOP01-DEL04-SP"
411521;2022-01-28;"sexta-feira";"01:30:00";"MG";50;61;"UBERLANDIA";"Ingestão de álcool pelo condutor";"Colisão com objeto";"Sem Vítimas";"Plena Noite";"Decrescente";"Céu Claro";"Dupla";"Reta";"Não";2;0;0;0;1;1;0;2;-18,82158353;-48,24980736;"SPRF-MG";"DEL15-MG";"UOP02-DEL15-MG"
411522;2022-01-27;"quinta-feira";"22:25:00";"MG";365;626;"UBERLANDIA";"Ingestão de substâncias psicoativas pelo condutor";"Tombamento";"Com Vítimas Feridas";"Plena Noite";"Decrescente";"Céu Claro";"Dupla";"Curva";"Sim";1;0;1;0;0;0;1;1;-18,90659356;-48,33469405;"SPRF-MG";"DEL15-MG";"UOP01-DEL15-MG"
411523;2022-01-28;"sexta-feira";"04:30:00";"GO";364;22;"PARANAIGUARA";"Condutor Dormindo";"Queda de ocupante de veículo";"Com Vítimas Feridas";"Plena Noite";"Crescente";"Céu Claro";"Simples";"Rotatória";"Não";2;0;2;0;0;0;2;1;-18,919422;-50,660488;"SPRF-GO";"DEL05-GO";"UOP02-DEL05-GO"
411524;2022-01-28;"sexta-feira";"02:30:00";"PR";116;34;"CAMPINA GRANDE DO SUL";"Ausência de reação do condutor";"Saída de leito carroçável";"Sem Vítimas";"Plena Noite";"Decrescente";"Garoa/Chuvisco";"Simples";"Curva";"Não";1;0;0;0;0;1;0;1;-25,1144852;-48,85377328;"SPRF-PR";"DEL01-PR";"UOP02-DEL01-PR"
411525;2022-01-28;"sexta-feira";"04:00:00";"PI";343;3,4;"TERESINA";"Desrespeitar a preferência no cruzamento";"Colisão com objeto";"Sem Vítimas";"Amanhecer";"Decrescente";"Céu Claro";"Simples";"Reta";"Sim";1;0;0;0;1;0;0;1;-5,089569;-42,802288;"SPRF-PI";"DEL01-PI";"UOP01-DEL01-PI"
411527;2022-01-28;"sexta-feira";"01:30:00";"SC";101;159,8;"PORTO BELO";"Ausência de reação do condutor";"Saída de leito carroçável";"Com Vítimas Feridas";"Plena Noite";"Crescente";"Nublado";"Dupla";"Reta";"Não";1;0;1;0;0;0;1;1;-27,1998778;-48,61534236;"SPRF-SC";"DEL04-SC";"UOP03-DEL04-SC"
411528;2022-01-28;"sexta-feira";"06:30:00";"AL";316;268;"SATUBA";"Velocidade Incompatível";"Saída de leito carroçável";"Sem Vítimas";"Pleno dia";"Crescente";"Céu Claro";"Simples";"Ponte";"Sim";2;0;0;0;0;2;0;1;-9,57691558;-35,83379209;"SPRF-AL";"DEL02-AL";"UOP01-DEL02-AL"
411529;2022-01-28;"sexta-feira";"02:20:00";"GO";60;281;"JANDAIA";"Demais falhas mecânicas ou elétricas";"Incêndio";"Sem Vítimas";"Plena Noite";"Crescente";"Nublado";"Dupla";"Reta";"Não";1;0;0;0;1;0;0;1;-17,2438;-50,2135;"SPRF-GO";"DEL04-GO";"UOP01-DEL04-GO"
411530;2022-01-26;"quarta-feira";"11:04:00";"BA";324;612;"SALVADOR";"Transitar na contramão";"Colisão frontal";"Sem Vítimas";"Pleno dia";"Decrescente";"Nublado";"Dupla";"Reta";"Sim";3;0;0;0;3;0;0;2;-12,84664721;-38,41741648;"SPRF-BA";"DEL01-BA";"UOP01-DEL01-BA"
411531;2022-01-28;"sexta-feira";"04:00:00";"MG";40;44;"PARACATU";"Acessar a via sem observar a presença dos outros veículos";"Colisão transversal";"Com Vítimas Feridas";"Plena Noite";"Crescente";"Nublado";"Simples";"Reta;Interseção de Vias";"Sim";4;0;1;0;3;0;1;2;-17,23144707;-46,85357523;"SPRF-MG";"DEL14-MG";"UOP01-DEL14-MG"
411533;2022-01-28;"sexta-feira";"07:15:00";"SP";116;178;"GUARAREMA";"Manobra de mudança de faixa";"Colisão lateral mesmo sentido";"Com Vítimas Feridas";"Pleno dia";"Crescente";"Céu Claro";"Dupla";"Reta";"Não";2;0;1;0;1;0;1;2;-23,327667;-46,128108;"SPRF-SP";"DEL01-SP";"UOP01-DEL01-SP"
411534;2022-01-28;"sexta-feira";"08:05:00";"SC";101;212,1;"PALHOCA";"Condutor deixou de manter distância do veículo da frente";"Colisão traseira";"Com Vítimas Feridas";"Pleno dia";"Decrescente";"Chuva";"Dupla";"Reta";"Sim";2;0;0;1;1;0;1;2;-27,62996929;-48,65903871;"SPRF-SC";"DEL01-SC";"UOP02-DEL01-SC"
411535;2022-01-28;"sexta-feira";"07:55:00";"MG";381;484;"BETIM";"Ausência de reação do condutor";"Colisão traseira";"Com Vítimas Feridas";"Pleno dia";"Crescente";"Sol";"Dupla";"Curva";"Sim";2;0;0;1;1;0;1;2;-19,95531717;-44,11722196;"SPRF-MG";"DEL01-MG";"UOP03-DEL01-MG"
411537;2022-01-28;"sexta-feira";"07:50:00";"SC";101;168;"TIJUCAS";"Ausência de reação do condutor";"Colisão com objeto";"Com Vítimas Feridas";"Pleno dia";"Decrescente";"Chuva";"Dupla";"Reta";"Sim";1;0;1;0;0;0;1;1;-27,279105;-48,631554;"SPRF-SC";"DEL04-SC";"UOP03-DEL04-SC"
411538;2022-01-28;"sexta-feira";"07:10:00";"MG";40;528;"CONTAGEM";"Manobra de mudança de faixa";"Colisão lateral mesmo sentido";"Sem Vítimas";"Pleno dia";"Decrescente";"Céu Claro";"Dupla";"Reta";"Sim";2;0;0;0;2;0;0;2;-19,90149502;-44,04938939;"SPRF-MG";"DEL01-MG";"UOP02-DEL01-MG"
411539;2022-01-28;"sexta-feira";"08:00:00";"PR";376;651;"TIJUCAS DO SUL";"Velocidade Incompatível";"Colisão com objeto";"Com Vítimas Feridas";"Pleno dia";"Decrescente";"Chuva";"Dupla";"Curva";"Não";2;0;2;0;0;0;2;1;-25,845243;-49,078578;"SPRF-PR";"DEL01-PR";"UOP04-DEL01-PR"
411541;2022-01-28;"sexta-feira";"07:00:00";"GO";153;353,7;"JARAGUA";"Velocidade Incompatível";"Colisão traseira";"Com Vítimas Feridas";"Amanhecer";"Crescente";"Céu Claro";"Simples";"Reta";"Não";2;0;1;0;1;0;1;2;-15,690715;-49,338116;"SPRF-GO";"DEL02-GO";"UOP02-DEL02-GO"
411542;2022-01-28;"sexta-feira";"08:10:00";"PE";101;71,2;"RECIFE";"Transitar no acostamento";"Colisão lateral mesmo sentido";"Com Vítimas Feridas";"Pleno dia";"Decrescente";"Céu Claro";"Dupla";"Reta";"Não";2;0;1;0;1;0;1;2;-8,07663102;-34,94277871;"SPRF-PE";"DEL01-PE";"UOP01-DEL01-PE"
411544;2022-01-28;"sexta-feira";"06:30:00";"GO";364;89;"CACHOEIRA ALTA";"Desrespeitar a preferência no cruzamento";"Colisão transversal";"Com Vítimas Feridas";"Amanhecer";"Crescente";"Céu Claro";"Simples";"Interseção de Vias";"Sim";4;0;1;0;3;0;1;2;-18,509233;-51,067924;"SPRF-GO";"DEL05-GO";"UOP02-DEL05-GO"
411545;2022-01-28;"sexta-feira";"08:35:00";"PI";343;3,9;"TERESINA";"Reação tardia ou ineficiente do condutor";"Colisão traseira";"Com Vítimas Feridas";"Pleno dia";"Decrescente";"Nublado";"Múltipla";"Aclive;Reta;Interseção de Vias";"Sim";3;0;1;1;1;0;2;2;-5,089569;-42,802288;"SPRF-PI";"DEL01-PI";"UOP01-DEL01-PI"
411548;2022-01-07;"sexta-feira";"06:00:00";"CE";20;178,9;"BOA VIAGEM";"Condutor Dormindo";"Saída de leito carroçável";"Com Vítimas Feridas";"Pleno dia";"Crescente";"Céu Claro";"Simples";"Reta";"Não";1;0;0;1;0;0;1;1;-5,2819919;-39,88679908;"SPRF-CE";"DEL02-CE";"UOP02-DEL02-CE"
411550;2022-01-28;"sexta-feira";"09:30:00";"AP";210;111;"PORTO GRANDE";"Ausência de reação do condutor";"Colisão traseira";"Com Vítimas Feridas";"Pleno dia";"Crescente";"Nublado";"Simples";"Interseção de Vias;Reta";"Sim";2;0;1;0;1;0;1;2;0,70564616;-51,41271608;"SPRF-AP";"DEL01-AP";"UOP01-DEL01-AP"
411551;2022-01-28;"sexta-feira";"10:30:00";"GO";60;108;"GOIANAPOLIS";"Ausência de reação do condutor";"Queda de ocupante de veículo";"Com Vítimas Feridas";"Pleno dia";"Decrescente";"Céu Claro";"Dupla";"Reta";"Não";2;0;1;0;1;0;1;2;-16,4398;-49,0188;"SPRF-GO";"DEL02-GO";"UOP01-DEL02-GO"
411552;2022-01-28;"sexta-feira";"10:10:00";"SC";282;5,3;"SAO JOSE";"Condutor deixou de manter distância do veículo da frente";"Colisão traseira";"Com Vítimas Feridas";"Pleno dia";"Crescente";"Chuva";"Múltipla";"Reta";"Sim";3;0;1;0;2;0;1;3;-27,588425;-48,612919;"SPRF-SC";"DEL01-SC";"UOP01-DEL01-SC"
411553;2022-01-28;"sexta-feira";"10:10:00";"RS";116;252;"SAPUCAIA DO SUL";"Acessar a via sem observar a presença dos outros veículos";"Colisão lateral mesmo sentido";"Com Vítimas Feridas";"Pleno dia";"Crescente";"Céu Claro";"Dupla";"Declive;Reta";"Sim";2;0;1;0;1;0;1;2;-29,80453537;-51,16653984;"SPRF-RS";"DEL01-RS";"UOP02-DEL01-RS"
411554;2022-01-28;"sexta-feira";"10:25:00";"MG";381;760,5;"TRES CORACOES";"Ausência de reação do condutor";"Saída de leito carroçável";"Com Vítimas Feridas";"Pleno dia";"Crescente";"Céu Claro";"Dupla";"Curva";"Não";2;0;2;0;0;0;2;1;-21,73238173;-45,38248249;"SPRF-MG";"DEL16-MG";"UOP02-DEL16-MG"
411555;2022-01-28;"sexta-feira";"09:30:00";"PE";101;77;"RECIFE";"Mal súbito do condutor";"Saída de leito carroçável";"Com Vítimas Fatais";"Pleno dia";"Crescente";"Céu Claro";"Dupla";"Reta";"Sim";1;1;0;0;0;0;0;1;-8,122501;-34,943549;"SPRF-PE";"DEL01-PE";"UOP01-DEL01-PE"
411561;2022-01-28;"sexta-feira";"11:30:00";"PR";116;14,8;"CAMPINA GRANDE DO SUL";"Velocidade Incompatível";"Saída de leito carroçável";"Sem Vítimas";"Pleno dia";"Crescente";"Chuva";"Dupla";"Curva";"Não";3;0;0;0;3;0;0;1;-25,09828844;-48,68162155;"SPRF-PR";"DEL01-PR";"UOP02-DEL01-PR"
411563;2022-01-28;"sexta-feira";"10:40:00";"MS";163;103;"ITAQUIRAI";"Demais falhas mecânicas ou elétricas";"Incêndio";"Com Vítimas Feridas";"Pleno dia";"Decrescente";"Chuva";"Simples";"Reta";"Não";6;0;1;0;5;0;1;1;-23,25402074;-54,22770482;"SPRF-MS";"DEL09-MS";"UOP01-DEL09-MS"
411564;2022-01-28;"sexta-feira";"10:00:00";"MS";262;687,7;"CORUMBA";"Reação tardia ou ineficiente do condutor";"Saída de leito carroçável";"Com Vítimas Feridas";"Pleno dia";"Decrescente";"Nublado";"Simples";"Reta";"Não";1;0;1;0;0;0;1;1;-19,5639;-57,2681;"SPRF-MS";"DEL03-MS";"UOP03-DEL03-MS"
411565;2022-01-14;"sexta-feira";"18:15:00";"MS";376;141;"IVINHEMA";"Ingestão de álcool pelo condutor";"Saída de leito carroçável";"Sem Vítimas";"Anoitecer";"Crescente";"Céu Claro";"Simples";"Reta";"Não";1;0;0;0;1;0;0;1;-22,39321278;-53,63652003;"SPRF-MS";"DEL04-MS";"UOP04-DEL04-MS"
411567;2022-01-28;"sexta-feira";"10:40:00";"RN";304;101;"PARNAMIRIM";"Manobra de mudança de faixa";"Colisão traseira";"Com Vítimas Feridas";"Pleno dia";"Crescente";"Sol";"Múltipla";"Reta";"Sim";2;0;1;0;1;0;1;2;-5,887388;-35,235933;"SPRF-RN";"DEL04-RN";"UOP01-DEL04-RN"
411568;2022-01-28;"sexta-feira";"12:30:00";"RJ";116;269,2;"BARRA MANSA";"Ausência de reação do condutor";"Colisão frontal";"Com Vítimas Feridas";"Pleno dia";"Decrescente";"Nublado";"Simples";"Reta";"Sim";2;0;0;1;0;1;1;2;-22,56075687;-44,15542603;"SPRF-RJ";"DEL07-RJ";"UOP02-DEL07-RJ"
411570;2022-01-28;"sexta-feira";"12:00:00";"MG";459;102,9;"POUSO ALEGRE";"Manobra de mudança de faixa";"Saída de leito carroçável";"Com Vítimas Feridas";"Pleno dia";"Decrescente";"Céu Claro";"Dupla";"Reta";"Sim";1;0;1;0;0;0;1;1;-22,211775;-45,924671;"SPRF-MG";"DEL16-MG";"UOP01-DEL16-MG"
411573;2022-01-28;"sexta-feira";"11:40:00";"SC";101;61;"ARAQUARI";"Reação tardia ou ineficiente do condutor";"Colisão com objeto";"Com Vítimas Feridas";"Pleno dia";"Crescente";"Chuva";"Dupla";"Curva";"Sim";2;0;2;0;0;0;2;1;-26,45474174;-48,77699195;"SPRF-SC";"DEL03-SC";"UOP02-DEL03-SC"
411575;2022-01-28;"sexta-feira";"11:20:00";"SC";282;81;"ALFREDO WAGNER";"Velocidade Incompatível";"Capotamento";"Com Vítimas Feridas";"Pleno dia";"Crescente";"Chuva";"Simples";"Curva";"Não";2;0;2;0;0;0;2;1;-27,662018;-49,168583;"SPRF-SC";"DEL01-SC";"UOP03-DEL01-SC"
411578;2022-01-05;"quarta-feira";"13:55:00";"SC";470;122;"IBIRAMA";"Ultrapassagem Indevida";"Colisão lateral mesmo sentido";"Com Vítimas Feridas";"Pleno dia";"Crescente";"Céu Claro";"Simples";"Reta";"Não";3;0;1;0;2;0;1;2;-27,099888;-49,527679;"SPRF-SC";"DEL04-SC";"UOP02-DEL04-SC"
411579;2022-01-28;"sexta-feira";"12:45:00";"SC";280;48;"GUARAMIRIM";"Manobra de mudança de faixa";"Tombamento";"Com Vítimas Feridas";"Pleno dia";"Decrescente";"Chuva";"Simples";"Reta";"Sim";1;0;1;0;0;0;1;1;-26,45506795;-48,92766502;"SPRF-SC";"DEL03-SC";"UOP03-DEL03-SC"
411584;2022-01-28;"sexta-feira";"13:30:00";"GO";50;262;"CATALAO";"Condutor Dormindo";"Saída de leito carroçável";"Com Vítimas Feridas";"Pleno dia";"Crescente";"Céu Claro";"Dupla";"Curva";"Não";2;0;2;0;0;0;2;1;-18,0438;-47,8596;"SPRF-GO";"DEL06-GO";"UOP01-DEL06-GO"
411585;2022-01-28;"sexta-feira";"13:35:00";"PR";116;44,5;"CAMPINA GRANDE DO SUL";"Pista Escorregadia";"Saída de leito carroçável";"Com Vítimas Feridas";"Pleno dia";"Crescente";"Chuva";"Dupla";"Curva";"Não";1;0;1;0;0;0;1;1;-25,1882321;-48,88492529;"SPRF-PR";"DEL01-PR";"UOP02-DEL01-PR"
411587;2022-01-28;"sexta-feira";"11:00:00";"AC";364;123;"RIO BRANCO";"Reação tardia ou ineficiente do condutor";"Atropelamento de Pedestre";"Com Vítimas Feridas";"Pleno dia";"Decrescente";"Céu Claro";"Dupla";"Reta";"Sim";2;0;1;0;0;1;1;2;-10,0117071;-67,782373;"SPRF-AC";"DEL01-AC";"UOP01-DEL01-AC"
411590;2022-01-28;"sexta-feira";"11:15:00";"RJ";101;322;"NITEROI";"Condutor deixou de manter distância do veículo da frente";"Colisão traseira";"Sem Vítimas";"Pleno dia";"Decrescente";"Céu Claro";"Dupla";"Curva";"Não";2;0;0;0;2;0;0;2;-22,87672875;-43,11760426;"SPRF-RJ";"DEL02-RJ";"UOP02-DEL02-RJ"
411593;2022-01-28;"sexta-feira";"13:40:00";"MG";50;46,5;"ARAGUARI";"Velocidade Incompatível";"Saída de leito carroçável";"Com Vítimas Feridas";"Pleno dia";"Crescente";"Céu Claro";"Dupla";"Curva";"Não";1;0;1;0;0;0;1;1;-18,72016606;-48,20216392;"SPRF-MG";"DEL15-MG";"UOP02-DEL15-MG"
411594;2022-01-28;"sexta-feira";"13:00:00";"PR";158;537,9;"PATO BRANCO";"Velocidade Incompatível";"Saída de leito carroçável";"Sem Vítimas";"Pleno dia";"Decrescente";"Chuva";"Simples";"Rotatória";"Não";1;0;0;0;1;0;0;1;-26,25262411;-52,70776749;"SPRF-PR";"DEL02-PR";"UOP01-DEL02-PR"
411595;2022-01-28;"sexta-feira";"13:15:00";"SC";280;129;"RIO NEGRINHO";"Ingestão de álcool pelo condutor";"Colisão traseira";"Sem Vítimas";"Pleno dia";"Decrescente";"Chuva";"Simples";"Reta";"Sim";2;0;0;0;2;0;0;2;-26,24586437;-49,52284615;"SPRF-SC";"DEL06-SC";"UOP03-DEL06-SC"
411598;2022-01-28;"sexta-feira";"11:15:00";"MT";364;338;"SANTO ANTONIO DO LEVERGER";"Chuva";"Saída de leito carroçável";"Com Vítimas Feridas";"Pleno dia";"Crescente";"Chuva";"Dupla";"Reta";"Não";2;0;2;0;0;0;2;1;-15,83561357;-55,47671408;"SPRF-MT";"DEL05-MT";"UOP02-DEL05-MT"
411600;2022-01-28;"sexta-feira";"11:06:00";"SC";282;262;"SAO JOSE DO CERRITO";"Chuva";"Capotamento";"Com Vítimas Feridas";"Pleno dia";"Crescente";"Chuva";"Simples";"Reta";"Não";3;0;1;0;2;0;1;1;-27,631268;-50,605614;"SPRF-SC";"DEL05-SC";"UOP02-DEL05-SC"
411601;2022-01-28;"sexta-feira";"14:30:00";"MG";381;880,4;"ESTIVA";"Velocidade Incompatível";"Saída de leito carroçável";"Com Vítimas Feridas";"Pleno dia";"Decrescente";"Chuva";"Dupla";"Aclive;Curva";"Não";1;0;1;0;0;0;1;1;-22,46342018;-46,00845719;"SPRF-MG";"DEL16-MG";"UOP03-DEL16-MG"
411603;2022-01-24;"segunda-feira";"17:00:00";"RJ";101;322;"NITEROI";"Reação tardia ou ineficiente do condutor";"Atropelamento de Pedestre";"Com Vítimas Feridas";"Pleno dia";"Decrescente";"Céu Claro";"Dupla";"Reta";"Sim";2;0;1;0;0;1;1;2;-22,878923;-43,110676;"SPRF-RJ";"DEL02-RJ";"UOP02-DEL02-RJ"
411606;2022-01-28;"sexta-feira";"14:50:00";"RJ";101;327;"NITEROI";"Demais Fenômenos da natureza";"Queda de ocupante de veículo";"Com Vítimas Feridas";"Pleno dia";"Decrescente";"Nublado";"Múltipla";"Reta";"Não";1;0;1;0;0;0;1;1;-22,87117393;-43,15595099;"SPRF-RJ";"DEL02-RJ";"UOP02-DEL02-RJ"
411609;2022-01-28;"sexta-feira";"15:20:00";"PB";230;27,5;"JOAO PESSOA";"Condutor deixou de manter distância do veículo da frente";"Tombamento";"Com Vítimas Feridas";"Pleno dia";"Decrescente";"Céu Claro";"Dupla";"Viaduto";"Não";1;0;1;0;0;0;1;1;-7,1677;-34,8855;"SPRF-PB";"DEL01-PB";"UOP01-DEL01-PB"
411611;2022-01-28;"sexta-feira";"14:20:00";"PB";230;157;"CAMPINA GRANDE";"Acessar a via sem observar a presença dos outros veículos";"Queda de ocupante de veículo";"Com Vítimas Feridas";"Pleno dia";"Decrescente";"Nublado";"Simples";"Interseção de Vias;Reta";"Sim";2;0;1;0;0;1;1;2;-7,26797758;-35,91536757;"SPRF-PB";"DEL02-PB";"UOP01-DEL02-PB"
411613;2022-01-28;"sexta-feira";"09:30:00";"SC";101;306,8;"LAGUNA";"Velocidade Incompatível";"Colisão com objeto";"Com Vítimas Feridas";"Pleno dia";"Crescente";"Chuva";"Múltipla";"Curva";"Sim";1;0;1;0;0;0;1;1;-28,38437001;-48,77113299;"SPRF-SC";"DEL02-SC";"UOP03-DEL02-SC"
411615;2022-01-28;"sexta-feira";"15:40:00";"RJ";101;413;"ITAGUAI";"Reação tardia ou ineficiente do condutor";"Saída de leito carroçável";"Com Vítimas Fatais";"Pleno dia";"Crescente";"Chuva";"Dupla";"Reta";"Não";1;1;0;0;0;0;0;1;-22,89931896;-43,865293;"SPRF-RJ";"DEL03-RJ";"UOP01-DEL03-RJ"
411616;2022-01-28;"sexta-feira";"15:30:00";"SC";280;74,1;"JARAGUA DO SUL";"Acesso irregular";"Colisão traseira";"Com Vítimas Feridas";"Pleno dia";"Crescente";"Chuva";"Simples";"Retorno Regulamentado";"Sim";2;0;1;0;1;0;1;2;-26,45877322;-49,16147801;"SPRF-SC";"DEL03-SC";"UOP03-DEL03-SC"