"id";"data_inversa";"dia_semana";"horario";"uf";"br";"km";"municipio";"causa_acidente";"tipo_acidente";"classificacao_acidente";"fase_dia";"sentido_via";"condicao_metereologica";"tipo_pista";"tracado_via";"uso_solo";"pessoas";"mortos";"feridos_leves";"feridos_graves";"ilesos";"ignorados";"feridos";"veiculos";"latitude";"longitude";"regional";"delegacia";"uop"
411617;2022-01-28;"sexta-feira";"15:25:00";"SE";101;135;"ESTANCIA";"Manobra de mudança de faixa";"Colisão traseira";"Com Vítimas Feridas";"Pleno dia";"Crescente";"Céu Claro";"Dupla";"Reta";"Não";4;0;1;0;3;0;1;3;-11,13876691;-37,38772403;"SPRF-SE";"DEL02-SE";"UOP01-DEL02-SE"
411619;2022-01-28;"sexta-feira";"13:20:00";"GO";50;279;"CATALAO";"Acessar a via sem observar a presença dos outros veículos";"Colisão transversal";"Sem Vítimas";"Pleno dia";"Decrescente";"Céu Claro";"Simples";"Reta";"Não";1;0;0;0;0;1;0;1;-18,1739;-47,9289;"SPRF-GO";"DEL06-GO";"UOP01-DEL06-GO"
411624;2022-01-28;"sexta-feira";"14:30:00";"SC";280;99,1;"SAO BENTO DO SUL";"Velocidade Incompatível";"Colisão frontal";"Com Vítimas Fatais";"Pleno dia";"Decrescente";"Chuva";"Simples";"Declive;Curva";"Não";2;1;0;0;1;0;0;2;-26,3645918;-49,3354995;"SPRF-SC";"DEL06-SC";"UOP03-DEL06-SC"
411625;2022-01-28;"sexta-feira";"16:40:00";"PR";116;38;"CAMPINA GRANDE DO SUL";"Velocidade Incompatível";"Saída de leito carroçável";"Com Vítimas Feridas";"Pleno dia";"Decrescente";"Chuva";"Dupla";"Curva";"Não";5;0;1;0;4;0;1;1;-25,14802509;-48,85922071;"SPRF-PR";"DEL01-PR";"UOP02-DEL01-PR"
411626;2022-01-28;"sexta-feira";"15:50:00";"CE";20;237;"MADALENA";"Animais na Pista";"Saída de leito carroçável";"Com Vítimas Feridas";"Pleno dia";"Decrescente";"Garoa/Chuvisco";"Simples";"Reta";"Não";1;0;1;0;0;0;1;1;-4,86724949;-39,58789635;"SPRF-CE";"DEL02-CE";"UOP02-DEL02-CE"
411627;2022-01-28;"sexta-feira";"15:45:00";"PA";316;54;"CASTANHAL";"Acumulo de água sobre o pavimento";"Tombamento";"Com Vítimas Feridas";"Pleno dia";"Decrescente";"Chuva";"Dupla";"Curva";"Não";2;0;1;0;1;0;1;1;-1,30608532;-48,00803597;"SPRF-PA";"DEL01-PA";"UOP01-DEL01-PA"
411628;2022-01-28;"sexta-feira";"12:10:00";"MG";381;566,9;"ITAGUARA";"Velocidade Incompatível";"Saída de leito carroçável";"Com Vítimas Feridas";"Pleno dia";"Crescente";"Céu Claro";"Dupla";"Reta";"Não";2;0;1;0;1;0;1;1;-20,41642409;-44,52998184;"SPRF-MG";"DEL04-MG";"UOP03-DEL04-MG"
411632;2022-01-28;"sexta-feira";"16:30:00";"ES";101;269,5;"SERRA";"Trafegar com motocicleta (ou similar) entre as faixas";"Colisão lateral mesmo sentido";"Com Vítimas Feridas";"Pleno dia";"Crescente";"Céu Claro";"Dupla";"Reta";"Sim";2;0;1;0;0;1;1;2;-20,21740496;-40,26990578;"SPRF-ES";"DEL02-ES";"UOP01-DEL02-ES"
411634;2022-01-28;"sexta-feira";"17:40:00";"ES";262;39,9;"DOMINGOS MARTINS";"Velocidade Incompatível";"Colisão frontal";"Com Vítimas Feridas";"Pleno dia";"Crescente";"Nublado";"Simples";"Curva";"Não";7;0;3;3;1;0;6;3;-20,3802679;-40,63000864;"SPRF-ES";"DEL01-ES";"UOP01-DEL01-ES"
411636;2022-01-28;"sexta-feira";"17:10:00";"MG";381;500,5;"BETIM";"Manobra de mudança de faixa";"Colisão lateral mesmo sentido";"Com Vítimas Feridas";"Pleno dia";"Decrescente";"Céu Claro";"Dupla";"Reta";"Não";2;0;1;0;1;0;1;2;-20,02513493;-44,23112709;"SPRF-MG";"DEL01-MG";"UOP03-DEL01-MG"
411638;2022-01-28;"sexta-feira";"16:30:00";"SC";101;39;"JOINVILLE";"Chuva";"Colisão com objeto";"Sem Vítimas";"Pleno dia";"Crescente";"Chuva";"Dupla";"Reta";"Sim";1;0;0;0;1;0;0;1;-26,2628107;-48,90192257;"SPRF-SC";"DEL03-SC";"UOP01-DEL03-SC"
411640;2022-01-28;"sexta-feira";"13:00:00";"RJ";393;119;"SAPUCAIA";"Ausência de reação do condutor";"Saída de leito carroçável";"Com Vítimas Feridas";"Pleno dia";"Decrescente";"Garoa/Chuvisco";"Simples";"Curva";"Não";2;0;2;0;0;0;2;1;-21,92646988;-42,77880706;"SPRF-RJ";"DEL05-RJ";"UOP01-DEL05-RJ"
411642;2022-01-28;"sexta-feira";"17:50:00";"SC";470;55,7;"BLUMENAU";"Acessar a via sem observar a presença dos outros veículos";"Colisão transversal";"Com Vítimas Feridas";"Pleno dia";"Decrescente";"Chuva";"Simples";"Reta";"Sim";2;0;1;0;1;0;1;2;-26,875601;-49,117992;"SPRF-SC";"DEL04-SC";"UOP01-DEL04-SC"
411643;2022-01-28;"sexta-feira";"17:00:00";"MS";163;365;"NOVA ALVORADA DO SUL";"Ausência de reação do condutor";"Saída de leito carroçável";"Com Vítimas Feridas";"Pleno dia";"Decrescente";"Céu Claro";"Simples";"Reta";"Sim";1;0;1;0;0;0;1;1;-21,46045773;-54,38171268;"SPRF-MS";"DEL02-MS";"UOP01-DEL02-MS"
411645;2022-01-28;"sexta-feira";"15:30:00";"PR";277;186;"PALMEIRA";"Ingestão de álcool pelo condutor";"Saída de leito carroçável";"Sem Vítimas";"Pleno dia";"Decrescente";"Chuva";"Simples";"Em Obras;Curva";"Não";1;0;0;0;0;1;0;1;-25,42376265;-50,0745418;"SPRF-PR";"DEL03-PR";"UOP03-DEL03-PR"
411648;2022-01-28;"sexta-feira";"18:00:00";"MG";40;440;"PARAOPEBA";"Pista esburacada";"Tombamento";"Com Vítimas Feridas";"Anoitecer";"Decrescente";"Nublado";"Dupla";"Reta";"Não";1;0;0;1;0;0;1;1;-19,257805;-44,421983;"SPRF-MG";"DEL02-MG";"UOP01-DEL02-MG"
411649;2022-01-28;"sexta-feira";"18:00:00";"MG";381;455,5;"BELO HORIZONTE";"Avarias e/ou desgaste excessivo no pneu";"Tombamento";"Com Vítimas Feridas";"Pleno dia";"Decrescente";"Céu Claro";"Simples";"Declive;Curva";"Sim";2;0;1;1;0;0;2;1;-19,838788;-43,884834;"SPRF-MG";"DEL01-MG";"UOP01-DEL01-MG"
411650;2022-01-28;"sexta-feira";"17:15:00";"PI";343;19,1;"PARNAIBA";"Animais na Pista";"Atropelamento de Animal";"Com Vítimas Feridas";"Pleno dia";"Decrescente";"Chuva";"Simples";"Aclive";"Sim";1;0;1;0;0;0;1;1;-2,972207;-41,760967;"SPRF-PI";"DEL05-PI";"UOP01-DEL05-PI"
411651;2022-01-28;"sexta-feira";"18:30:00";"PA";316;169;"SANTA LUZIA DO PARA";"Condutor deixou de manter distância do veículo da frente";"Colisão traseira";"Com Vítimas Feridas";"Plena Noite";"Crescente";"Chuva";"Simples";"Reta";"Não";3;0;1;0;2;0;1;2;-1,33124;-47,071727;"SPRF-PA";"DEL01-PA";"UOP03-DEL01-PA"
411653;2022-01-28;"sexta-feira";"17:30:00";"MT";364;567;"NOBRES";"Chuva";"Saída de leito carroçável";"Com Vítimas Feridas";"Anoitecer";"Crescente";"Chuva";"Dupla";"Curva";"Não";3;0;1;0;2;0;1;1;-14,75243128;-56,33419077;"SPRF-MT";"DEL01-MT";"UOP01-DEL01-MT"
411654;2022-01-28;"sexta-feira";"18:35:00";"SC";282;3,6;"FLORIANOPOLIS";"Manobra de mudança de faixa";"Colisão lateral mesmo sentido";"Com Vítimas Feridas";"Plena Noite";"Crescente";"Chuva";"Dupla";"Reta";"Sim";2;0;1;0;1;0;1;2;-27,600384;-48,599705;"SPRF-SC";"DEL01-SC";"UOP01-DEL01-SC"
411655;2022-01-28;"sexta-feira";"16:10:00";"RO";364;12;"VILHENA";"Acessar a via sem observar a presença dos outros veículos";"Colisão transversal";"Com Vítimas Feridas";"Pleno dia";"Decrescente";"Nublado";"Dupla";"Reta";"Sim";2;0;0;1;1;0;1;2;-12,74370233;-60,12147609;"SPRF-RO";"DEL04-RO";"UOP01-DEL04-RO"
411656;2022-01-20;"quinta-feira";"12:35:00";"AL";316;149;"PALMEIRA DOS INDIOS";"Acessar a via sem observar a presença dos outros veículos";"Colisão transversal";"Com Vítimas Feridas";"Pleno dia";"Crescente";"Céu Claro";"Simples";"Interseção de Vias";"Não";2;0;0;1;1;0;1;2;-9,41201539;-36,68062126;"SPRF-AL";"DEL03-AL";"UOP01-DEL03-AL"
411657;2022-01-28;"sexta-feira";"18:40:00";"PR";476;124;"CURITIBA";"Reação tardia ou ineficiente do condutor";"Colisão lateral mesmo sentido";"Com Vítimas Feridas";"Plena Noite";"Decrescente";"Chuva";"Múltipla";"Reta";"Sim";2;0;1;0;1;0;1;2;-25,399845;-49,215855;"SPRF-PR";"DEL01-PR";"UOP03-DEL01-PR"
411658;2022-01-28;"sexta-feira";"16:50:00";"SC";480;129,5;"CHAPECO";"Desrespeitar a preferência no cruzamento";"Colisão transversal";"Com Vítimas Feridas";"Pleno dia";"Decrescente";"Chuva";"Simples";"Interseção de Vias";"Sim";2;0;1;0;1;0;1;2;-27,050596;-52,635414;"SPRF-SC";"DEL07-SC";"UOP01-DEL07-SC"
411659;2022-01-28;"sexta-feira";"17:30:00";"SP";116;567;"BARRA DO TURVO";"Chuva";"Colisão com objeto";"Com Vítimas Feridas";"Anoitecer";"Decrescente";"Chuva";"Simples";"Curva";"Não";1;0;0;1;0;0;1;1;-25,0475499;-48,55355172;"SPRF-SP";"DEL05-SP";"UOP02-DEL05-SP"
411660;2022-01-28;"sexta-feira";"18:30:00";"CE";222;114;"ITAPAJE";"Ingestão de álcool pelo condutor";"Colisão frontal";"Com Vítimas Feridas";"Plena Noite";"Crescente";"Chuva";"Simples";"Reta";"Não";2;0;0;1;1;0;1;2;-3,80773328;-39,494133;"SPRF-CE";"DEL04-CE";"UOP03-DEL04-CE"
411662;2022-01-28;"sexta-feira";"18:45:00";"DF";70;19;"BRASILIA";"Reação tardia ou ineficiente do condutor";"Colisão traseira";"Com Vítimas Feridas";"Anoitecer";"Crescente";"Céu Claro";"Dupla";"Declive";"Sim";3;0;3;0;0;0;3;2;-15,788868;-48,220242;"SPRF-DF";"DEL03-DF";"UOP02-DEL03-DF"
411666;2022-01-28;"sexta-feira";"17:45:00";"SC";470;121,7;"IBIRAMA";"Ultrapassagem Indevida";"Colisão frontal";"Com Vítimas Feridas";"Pleno dia";"Crescente";"Chuva";"Simples";"Reta";"Não";5;0;2;3;0;0;5;2;-27,095861;-49,526859;"SPRF-SC";"DEL04-SC";"UOP02-DEL04-SC"
411668;2022-01-28;"sexta-feira";"19:40:00";"SP";116;226;"GUARULHOS";"Pista Escorregadia";"Tombamento";"Com Vítimas Feridas";"Plena Noite";"Crescente";"Chuva";"Dupla";"Reta";"Não";1;0;1;0;0;0;1;1;-23,49102507;-46,54878195;"SPRF-SP";"DEL01-SP";"UOP01-DEL01-SP"
411669;2022-01-28;"sexta-feira";"20:10:00";"RS";116;143;"CAXIAS DO SUL";"Ingestão de álcool pelo condutor";"Saída de leito carroçável";"Sem Vítimas";"Plena Noite";"Decrescente";"Céu Claro";"Dupla";"Reta";"Sim";2;0;0;0;2;0;0;2;-29,1201739;-51,12260651;"SPRF-RS";"DEL05-RS";"UOP01-DEL05-RS"
411670;2022-01-28;"sexta-feira";"20:15:00";"RS";158;199,6;"CRUZ ALTA";"Animais na Pista";"Atropelamento de Animal";"Com Vítimas Feridas";"Plena Noite";"Decrescente";"Céu Claro";"Simples";"Reta";"Não";1;0;1;0;0;0;1;1;-28,6774444;-53,5948552;"SPRF-RS";"DEL10-RS";"UOP02-DEL10-RS"
411671;2022-01-28;"sexta-feira";"20:40:00";"BA";418;47;"CARAVELAS";"Entrada inopinada do pedestre";"Atropelamento de Pedestre";"Com Vítimas Fatais";"Plena Noite";"Decrescente";"Céu Claro";"Simples";"Reta";"Não";2;1;0;0;1;0;0;2;-17,71917412;-39,52051096;"SPRF-BA";"DEL09-BA";"UOP02-DEL09-BA"
411672;2022-01-28;"sexta-feira";"19:00:00";"SC";280;46,2;"GUARAMIRIM";"Velocidade Incompatível";"Saída de leito carroçável";"Com Vítimas Feridas";"Plena Noite";"Crescente";"Chuva";"Simples";"Reta";"Não";1;0;1;0;0;0;1;1;-26,45295055;-48,90788103;"SPRF-SC";"DEL03-SC";"UOP03-DEL03-SC"
411673;2022-01-28;"sexta-feira";"19:00:00";"MG";262;360;"BETIM";"Demais falhas mecânicas ou elétricas";"Tombamento";"Com Vítimas Feridas";"Plena Noite";"Decrescente";"Céu Claro";"Dupla";"Reta";"Não";2;0;2;0;0;0;2;1;-19,9830204;-44,20924834;"SPRF-MG";"DEL01-MG";"UOP03-DEL01-MG"
411676;2022-01-28;"sexta-feira";"20:30:00";"PR";116;113;"CURITIBA";"Ausência de reação do condutor";"Colisão frontal";"Com Vítimas Feridas";"Plena Noite";"Decrescente";"Chuva";"Dupla";"Reta";"Sim";3;0;3;0;0;0;3;2;-25,56513636;-49,24675108;"SPRF-PR";"DEL01-PR";"UOP01-DEL01-PR"
411677;2022-01-28;"sexta-feira";"21:00:00";"GO";414;438,7;"ANAPOLIS";"Pedestre andava na pista";"Atropelamento de Pedestre";"Com Vítimas Fatais";"Plena Noite";"Crescente";"Céu Claro";"Simples";"Aclive;Reta";"Sim";2;1;1;0;0;0;1;2;-16,27247393;-48,94040427;"SPRF-GO";"DEL02-GO";"UOP01-DEL02-GO"
411678;2022-01-28;"sexta-feira";"20:00:00";"CE";222;209;"FORQUILHA";"Ultrapassagem Indevida";"Colisão lateral mesmo sentido";"Com Vítimas Feridas";"Plena Noite";"Decrescente";"Nublado";"Simples";"Reta";"Sim";3;0;2;0;1;0;2;3;-3,79796009;-40,25863302;"SPRF-CE";"DEL04-CE";"UOP01-DEL04-CE"
411681;2022-01-28;"sexta-feira";"15:30:00";"PR";277;511,3;"GUARANIACU";"Velocidade Incompatível";"Saída de leito carroçável";"Com Vítimas Feridas";"Pleno dia";"Decrescente";"Chuva";"Simples";"Reta";"Não";1;0;1;0;0;0;1;1;-25,12170846;-52,76593808;"SPRF-PR";"DEL04-PR";"UOP01-DEL04-PR"
411682;2022-01-28;"sexta-feira";"13:20:00";"SC";282;96;"ALFREDO WAGNER";"Velocidade Incompatível";"Colisão lateral sentido oposto";"Sem Vítimas";"Pleno dia";"Crescente";"Céu Claro";"Simples";"Curva";"Não";2;0;0;0;2;0;0;2;-27,712412;-49,263622;"SPRF-SC";"DEL01-SC";"UOP03-DEL01-SC"
411684;2022-01-28;"sexta-feira";"20:10:00";"PR";369;146,5;"LONDRINA";"Pedestre cruzava a pista fora da faixa";"Atropelamento de Pedestre";"Com Vítimas Fatais";"Plena Noite";"Decrescente";"Nublado";"Dupla";"Reta";"Sim";2;1;0;0;1;0;0;2;-23,293241;-51,127817;"SPRF-PR";"DEL07-PR";"UOP01-DEL07-PR"
411687;2022-01-28;"sexta-feira";"18:00:00";"SC";282;458;"PONTE SERRADA";"Ingestão de álcool pelo condutor";"Saída de leito carroçável";"Com Vítimas Feridas";"Anoitecer";"Decrescente";"Céu Claro";"Simples";"Curva";"Não";1;0;1;0;0;0;1;1;-26,89451625;-51,97940826;"SPRF-SC";"DEL07-SC";"UOP04-DEL07-SC"
411688;2022-01-28;"sexta-feira";"18:20:00";"SC";282;54;"RANCHO QUEIMADO";"Acumulo de óleo sobre o pavimento";"Colisão frontal";"Com Vítimas Feridas";"Anoitecer";"Crescente";"Chuva";"Simples";"Curva";"Não";5;0;2;0;3;0;2;3;-27,685799;-48,974514;"SPRF-SC";"DEL01-SC";"UOP03-DEL01-SC"
411690;2022-01-28;"sexta-feira";"22:00:00";"ES";262;19,1;"VIANA";"Obras na pista";"Tombamento";"Com Vítimas Feridas";"Plena Noite";"Decrescente";"Céu Claro";"Simples";"Em Obras";"Sim";1;0;0;1;0;0;1;1;-20,3919143;-40,49002338;"SPRF-ES";"DEL01-ES";"UOP01-DEL01-ES"
411691;2022-01-28;"sexta-feira";"22:30:00";"PR";373;178,2;"PONTA GROSSA";"Acesso irregular";"Saída de leito carroçável";"Sem Vítimas";"Plena Noite";"Crescente";"Garoa/Chuvisco";"Dupla";"Reta";"Sim";1;0;0;0;0;1;0;1;-25,05025485;-50,23418475;"SPRF-PR";"DEL03-PR";"UOP01-DEL03-PR"
411692;2022-01-28;"sexta-feira";"21:49:00";"SC";101;294;"IMBITUBA";"Desrespeitar a preferência no cruzamento";"Colisão transversal";"Com Vítimas Feridas";"Plena Noite";"Decrescente";"Garoa/Chuvisco";"Dupla";"Interseção de Vias";"Não";2;0;0;1;1;0;1;2;-28,29220304;-48,71018095;"SPRF-SC";"DEL02-SC";"UOP03-DEL02-SC"
411693;2022-01-28;"sexta-feira";"20:45:00";"RJ";101;213;"CASIMIRO DE ABREU";"Velocidade Incompatível";"Saída de leito carroçável";"Sem Vítimas";"Plena Noite";"Crescente";"Céu Claro";"Dupla";"Retorno Regulamentado;Reta";"Não";1;0;0;0;1;0;0;1;-22,49143999;-42,26199401;"SPRF-RJ";"DEL08-RJ";"UOP04-DEL08-RJ"
411694;2022-01-28;"sexta-feira";"21:50:00";"PR";376;157,6;"MANDAGUACU";"Ausência de reação do condutor";"Colisão com objeto";"Com Vítimas Feridas";"Plena Noite";"Decrescente";"Garoa/Chuvisco";"Dupla";"Declive;Reta";"Sim";1;0;0;1;0;0;1;1;-23,350959;-52,09119201;"SPRF-PR";"DEL09-PR";"UOP01-DEL09-PR"
411696;2022-01-28;"sexta-feira";"22:30:00";"SC";282;340;"CAMPOS NOVOS";"Condutor deixou de manter distância do veículo da frente";"Colisão traseira";"Sem Vítimas";"Plena Noite";"Decrescente";"Nublado";"Simples";"Reta";"Não";2;0;0;0;2;0;0;2;-27,388266;-51,203793;"SPRF-SC";"DEL07-SC";"UOP06-DEL07-SC"
411697;2022-01-28;"sexta-feira";"22:10:00";"PR";376;596,3;"CURITIBA";"Pedestre andava na pista";"Atropelamento de Pedestre";"Com Vítimas Fatais";"Plena Noite";"Decrescente";"Chuva";"Dupla";"Reta";"Sim";3;1;0;0;1;1;0;2;-25,50194708;-49,3415524;"SPRF-PR";"DEL01-PR";"UOP01-DEL01-PR"
411698;2022-01-28;"sexta-feira";"20:25:00";"RJ";101;334;"RIO DE JANEIRO";"Velocidade Incompatível";"Queda de ocupante de veículo";"Com Vítimas Feridas";"Plena Noite";"Crescente";"Chuva";"Múltipla";"Reta";"Sim";1;0;1;0;0;0;1;1;-22,88517902;-43,21704364;"SPRF-RJ";"DEL02-RJ";"UOP02-DEL02-RJ"
411699;2022-01-28;"sexta-feira";"21:50:00";"PR";476;147,3;"CURITIBA";"Reação tardia ou ineficiente do condutor";"Atropelamento de Pedestre";"Com Vítimas Fatais";"Plena Noite";"Decrescente";"Chuva";"Dupla";"Reta";"Não";2;1;0;0;1;0;0;2;-25,554628;-49,339268;"SPRF-PR";"DEL01-PR";"UOP03-DEL01-PR"
411700;2022-01-28;"sexta-feira";"17:15:00";"AP";156;672;"CALCOENE";"Transitar na contramão";"Colisão frontal";"Com Vítimas Feridas";"Plena Noite";"Crescente";"Chuva";"Simples";"Aclive";"Não";8;0;5;3;0;0;8;2;2,70221197;-51,362146;"SPRF-AP";"DEL01-AP";"UOP03-DEL01-AP"
411701;2022-01-28;"sexta-feira";"20:45:00";"AC";364;131;"RIO BRANCO";"Pista esburacada";"Queda de ocupante de veículo";"Com Vítimas Feridas";"Plena Noite";"Decrescente";"Nublado";"Dupla";"Curva";"Sim";2;0;1;0;1;0;1;1;-10,01086913;-67,84513056;"SPRF-AC";"DEL01-AC";"UOP01-DEL01-AC"
411702;2022-01-28;"sexta-feira";"22:27:00";"MG";50;201,1;"DELTA";"Acesso irregular";"Colisão traseira";"Com Vítimas Feridas";"Plena Noite";"Crescente";"Céu Claro";"Dupla";"Reta";"Não";5;0;2;0;3;0;2;2;-19,92627147;-47,82191068;"SPRF-MG";"DEL13-MG";"UOP01-DEL13-MG"
411703;2022-01-28;"sexta-feira";"23:19:00";"PR";369;172;"ROLANDIA";"Condutor desrespeitou a iluminação vermelha do semáforo";"Colisão transversal";"Com Vítimas Feridas";"Plena Noite";"Crescente";"Garoa/Chuvisco";"Simples";"Interseção de Vias;Reta";"Sim";2;0;0;1;1;0;1;2;-23,3052155;-51,3608607;"SPRF-PR";"DEL07-PR";"UOP01-DEL07-PR"
411704;2022-01-29;"sábado";"00:20:00";"SP";116;140;"SAO JOSE DOS CAMPOS";"Ausência de reação do condutor";"Capotamento";"Com Vítimas Feridas";"Plena Noite";"Crescente";"Chuva";"Dupla";"Reta";"Sim";2;0;2;0;0;0;2;1;-23,16577714;-45,81246193;"SPRF-SP";"DEL02-SP";"UOP01-DEL02-SP"
411705;2022-01-28;"sexta-feira";"23:25:00";"DF";251;34;"BRASILIA";"Animais na Pista";"Atropelamento de Animal";"Sem Vítimas";"Plena Noite";"Crescente";"Céu Claro";"Simples";"Reta";"Sim";1;0;0;0;1;0;0;1;-15,938301;-47,759799;"SPRF-DF";"DEL01-DF";"UOP01-DEL01-DF"
411706;2022-01-29;"sábado";"00:20:00";"RS";116;246,8;"SAO LEOPOLDO";"Ausência de reação do condutor";"Tombamento";"Com Vítimas Feridas";"Plena Noite";"Crescente";"Céu Claro";"Dupla";"Reta";"Sim";1;0;1;0;0;0;1;1;-29,758751;-51,15186806;"SPRF-RS";"DEL01-RS";"UOP02-DEL01-RS"
411707;2022-01-29;"sábado";"00:30:00";"PR";476;138;"CURITIBA";"Condutor desrespeitou a iluminação vermelha do semáforo";"Colisão transversal";"Com Vítimas Feridas";"Plena Noite";"Crescente";"Chuva";"Dupla";"Interseção de Vias";"Sim";2;0;0;1;1;0;1;2;-25,505564;-49,283417;"SPRF-PR";"DEL01-PR";"UOP03-DEL01-PR"
411709;2022-01-29;"sábado";"01:00:00";"PR";369;160,1;"CAMBE";"Reação tardia ou ineficiente do condutor";"Saída de leito carroçável";"Sem Vítimas";"Pleno dia";"Decrescente";"Chuva";"Dupla";"Declive;Curva";"Não";1;0;0;0;0;1;0;1;-23,281752;-51,25486;"SPRF-PR";"DEL07-PR";"UOP01-DEL07-PR"
411710;2022-01-28;"sexta-feira";"23:45:00";"RS";285;111,5;"VACARIA";"Ingestão de álcool pelo condutor";"Saída de leito carroçável";"Sem Vítimas";"Plena Noite";"Crescente";"Céu Claro";"Simples";"Reta";"Não";1;0;0;0;1;0;0;1;-28,51087;-50,848324;"SPRF-RS";"DEL05-RS";"UOP03-DEL05-RS"
411711;2022-01-29;"sábado";"00:30:00";"PR";376;242,6;"APUCARANA";"Velocidade Incompatível";"Saída de leito carroçável";"Com Vítimas Feridas";"Plena Noite";"Decrescente";"Chuva";"Dupla";"Curva";"Não";6;0;6;0;0;0;6;1;-23,580046;-51,418804;"SPRF-PR";"DEL07-PR";"UOP02-DEL07-PR"
411714;2022-01-29;"sábado";"01:50:00";"RS";386;318,5;"MARQUES DE SOUZA";"Reação tardia ou ineficiente do condutor";"Saída de leito carroçável";"Sem Vítimas";"Plena Noite";"Crescente";"Céu Claro";"Simples";"Reta";"Não";1;0;0;0;0;1;0;1;-29,271801;-52,141438;"SPRF-RS";"DEL04-RS";"UOP01-DEL04-RS"
411717;2022-01-29;"sábado";"02:45:00";"PR";376;262,8;"CALIFORNIA";"Condutor deixou de manter distância do veículo da frente";"Colisão traseira";"Com Vítimas Feridas";"Plena Noite";"Crescente";"Garoa/Chuvisco";"Dupla";"Curva";"Não";4;0;3;0;1;0;3;2;-23,71590684;-51,31665496;"SPRF-PR";"DEL07-PR";"UOP02-DEL07-PR"
411718;2022-01-29;"sábado";"02:35:00";"SC";280;57;"GUARAMIRIM";"Velocidade Incompatível";"Saída de leito carroçável";"Com Vítimas Feridas";"Plena Noite";"Decrescente";"Chuva";"Simples";"Rotatória";"Sim";1;0;1;0;0;0;1;1;-26,47811421;-49,01259213;"SPRF-SC";"DEL03-SC";"UOP03-DEL03-SC"
411720;2022-01-28;"sexta-feira";"22:50:00";"MS";262;556;"MIRANDA";"Ingestão de álcool pelo condutor";"Saída de leito carroçável";"Sem Vítimas";"Plena Noite";"Decrescente";"Céu Claro";"Dupla";"Retorno Regulamentado";"Sim";1;0;0;0;1;0;0;1;-20,24532037;-56,3602255;"SPRF-MS";"DEL03-MS";"UOP02-DEL03-MS"
411721;2022-01-28;"sexta-feira";"20:20:00";"RS";290;82;"PORTO ALEGRE";"Avarias e/ou desgaste excessivo no pneu";"Tombamento";"Com Vítimas Feridas";"Plena Noite";"Decrescente";"Céu Claro";"Múltipla";"Reta";"Não";1;0;1;0;0;0;1;1;-29,955839;-51,079105;"SPRF-RS";"DEL01-RS";"UOP01-DEL01-RS"
411722;2022-01-28;"sexta-feira";"19:00:00";"MT";174;1;"PONTES E LACERDA";"Acessar a via sem observar a presença dos outros veículos";"Colisão transversal";"Com Vítimas Feridas";"Anoitecer";"Decrescente";"Céu Claro";"Simples";"Reta";"Sim";2;0;1;0;1;0;1;2;-15,226537;-59,335728;"SPRF-MT";"DEL04-MT";"UOP01-DEL04-MT"
411723;2022-01-29;"sábado";"03:10:00";"PI";343;1;"TERESINA";"Velocidade Incompatível";"Colisão lateral mesmo sentido";"Com Vítimas Feridas";"Plena Noite";"Crescente";"Nublado";"Múltipla";"Reta";"Sim";2;0;1;0;1;0;1;2;-5,089569;-42,802288;"SPRF-PI";"DEL01-PI";"UOP01-DEL01-PI"
411724;2022-01-29;"sábado";"03:30:00";"PR";476;117;"CURITIBA";"Velocidade Incompatível";"Colisão frontal";"Com Vítimas Feridas";"Plena Noite";"Decrescente";"Chuva";"Dupla";"Curva";"Sim";2;0;1;0;1;0;1;2;-25,348623;-49,175663;"SPRF-PR";"DEL01-PR";"UOP02-DEL01-PR"
411726;2022-01-29;"sábado";"04:10:00";"MG";381;635,3;"SANTO ANTONIO DO AMPARO";"Condutor Dormindo";"Colisão com objeto";"Com Vítimas Feridas";"Plena Noite";"Crescente";"Nublado";"Dupla";"Curva;Declive";"Não";3;0;1;1;1;0;2;1;-20,88278809;-44,85183046;"SPRF-MG";"DEL04-MG";"UOP01-DEL04-MG"
411727;2022-01-29;"sábado";"03:15:00";"RO";319;62;"PORTO VELHO";"Ingestão de álcool pelo condutor";"Tombamento";"Com Vítimas Feridas";"Plena Noite";"Decrescente";"Chuva";"Dupla";"Reta";"Sim";1;0;1;0;0;0;1;1;-8,766685;-63,884052;"SPRF-RO";"DEL01-RO";"UOP01-DEL01-RO"
411728;2022-01-29;"sábado";"04:10:00";"SC";282;3,1;"FLORIANOPOLIS";"Velocidade Incompatível";"Colisão com objeto";"Com Vítimas Feridas";"Plena Noite";"Crescente";"Nublado";"Dupla";"Curva";"Sim";1;0;1;0;0;0;1;1;-27,600384;-48,599705;"SPRF-SC";"DEL01-SC";"UOP01-DEL01-SC"
411729;2022-01-29;"sábado";"05:15:00";"SP";381;61;"MAIRIPORA";"Manobra de mudança de faixa";"Colisão com objeto";"Com Vítimas Feridas";"Amanhecer";"Crescente";"Chuva";"Dupla";"Curva;Declive";"Não";2;0;1;0;0;1;1;2;-23,29011611;-46,5800681;"SPRF-SP";"DEL03-SP";"UOP01-DEL03-SP"
411730;2022-01-29;"sábado";"03:50:00";"PR";153;456;"UNIAO DA VITORIA";"Ingestão de álcool e/ou substâncias psicoativas pelo pedestre";"Colisão com objeto";"Sem Vítimas";"Amanhecer";"Decrescente";"Garoa/Chuvisco";"Simples";"Reta";"Não";1;0;0;0;1;0;0;1;-26,212682;-51,125733;"SPRF-PR";"DEL02-PR";"UOP03-DEL02-PR"