"id";"data_inversa";"dia_semana";"horario";"uf";"br";"km";"municipio";"causa_acidente";"tipo_acidente";"classificacao_acidente";"fase_dia";"sentido_via";"condicao_metereologica";"tipo_pista";"tracado_via";"uso_solo";"pessoas";"mortos";"feridos_leves";"feridos_graves";"ilesos";"ignorados";"feridos";"veiculos";"latitude";"longitude";"regional";"delegacia";"uop"
411732;2022-01-29;"sábado";"05:30:00";"GO";153;494;"GOIANIA";"Ausência de reação do condutor";"Saída de leito carroçável";"Com Vítimas Feridas";"Plena Noite";"Crescente";"Céu Claro";"Dupla";"Reta";"Não";1;0;1;0;0;0;1;1;-16,6614;-49,2218;"SPRF-GO";"DEL01-GO";"UOP01-DEL01-GO"
411733;2022-01-29;"sábado";"05:35:00";"SE";101;25;"MURIBECA";"Acumulo de água sobre o pavimento";"Saída de leito carroçável";"Com Vítimas Feridas";"Pleno dia";"Crescente";"Chuva";"Dupla";"Curva";"Não";4;0;0;1;3;0;1;1;-10,40323479;-36,9190836;"SPRF-SE";"DEL02-SE";"UOP02-DEL02-SE"
411734;2022-01-28;"sexta-feira";"19:00:00";"BA";349;922;"CORRENTINA";"Pista esburacada";"Capotamento";"Com Vítimas Feridas";"Anoitecer";"Decrescente";"Céu Claro";"Simples";"Reta";"Não";2;0;1;1;0;0;2;1;-13,563984;-45,138531;"SPRF-BA";"DEL10-BA";"UOP01-DEL10-BA"
411735;2022-01-29;"sábado";"06:30:00";"ES";101;126;"SOORETAMA";"Condutor deixou de manter distância do veículo da frente";"Colisão traseira";"Com Vítimas Feridas";"Pleno dia";"Decrescente";"Sol";"Simples";"Reta";"Sim";3;0;2;0;0;1;2;2;-19,193953;-40,0951;"SPRF-ES";"DEL04-ES";"UOP01-DEL04-ES"
411736;2022-01-29;"sábado";"05:35:00";"SC";101;380,9;"ICARA";"Reação tardia ou ineficiente do condutor";"Saída de leito carroçável";"Com Vítimas Feridas";"Amanhecer";"Crescente";"Ignorado";"Dupla";"Reta";"Não";3;0;1;1;1;0;2;1;-28,763;-49,291;"SPRF-SC";"DEL02-SC";"UOP02-DEL02-SC"
411737;2022-01-09;"domingo";"19:30:00";"MS";163;481,9;"CAMPO GRANDE";"Reação tardia ou ineficiente do condutor";"Saída de leito carroçável";"Com Vítimas Feridas";"Plena Noite";"Crescente";"Chuva";"Simples";"Reta";"Sim";1;0;1;0;0;0;1;1;-20,46468121;-54,55685019;"SPRF-MS";"DEL01-MS";"UOP02-DEL01-MS"
411738;2022-01-29;"sábado";"06:00:00";"SC";101;327;"CAPIVARI DE BAIXO";"Condutor deixou de manter distância do veículo da frente";"Queda de ocupante de veículo";"Com Vítimas Feridas";"Pleno dia";"Decrescente";"Garoa/Chuvisco";"Múltipla";"Reta";"Sim";1;0;1;0;0;0;1;1;-28,43023306;-48,95205197;"SPRF-SC";"DEL02-SC";"UOP01-DEL02-SC"
411739;2022-01-29;"sábado";"06:40:00";"RS";116;310;"GUAIBA";"Ingestão de álcool e/ou substâncias psicoativas pelo pedestre";"Saída de leito carroçável";"Sem Vítimas";"Pleno dia";"Crescente";"Sol";"Simples";"Reta";"Não";1;0;0;0;1;0;0;1;-30,20082914;-51,40020449;"SPRF-RS";"DEL02-RS";"UOP01-DEL02-RS"
411740;2022-01-29;"sábado";"06:00:00";"RS";470;154;"NOVA PRATA";"Reação tardia ou ineficiente do condutor";"Saída de leito carroçável";"Com Vítimas Feridas";"Amanhecer";"Decrescente";"Céu Claro";"Simples";"Reta";"Sim";1;0;1;0;0;0;1;1;-28,771703;-51,6172;"SPRF-RS";"DEL06-RS";"UOP02-DEL06-RS"
411741;2022-01-28;"sexta-feira";"17:40:00";"PR";376;439;"TIBAGI";"Demais falhas mecânicas ou elétricas";"Saída de leito carroçável";"Sem Vítimas";"Pleno dia";"Decrescente";"Chuva";"Dupla";"Curva";"Não";2;0;0;0;2;0;0;1;-24,85445193;-50,46069175;"SPRF-PR";"DEL03-PR";"UOP02-DEL03-PR"
411743;2022-01-29;"sábado";"05:00:00";"RO";364;46;"VILHENA";"Reação tardia ou ineficiente do condutor";"Colisão com objeto";"Sem Vítimas";"Amanhecer";"Crescente";"Nublado";"Simples";"Curva";"Não";1;0;0;0;1;0;0;1;-12,58433298;-60,34423392;"SPRF-RO";"DEL04-RO";"UOP01-DEL04-RO"
411745;2022-01-29;"sábado";"08:10:00";"MG";365;782;"ITUIUTABA";"Animais na Pista";"Atropelamento de Animal";"Sem Vítimas";"Pleno dia";"Decrescente";"Céu Claro";"Simples";"Declive;Curva";"Não";1;0;0;0;1;0;0;1;-18,95592862;-49,74089798;"SPRF-MG";"DEL15-MG";"UOP03-DEL15-MG"
411746;2022-01-29;"sábado";"08:00:00";"ES";101;59;"SAO MATEUS";"Demais falhas mecânicas ou elétricas";"Eventos atípicos";"Com Vítimas Feridas";"Pleno dia";"Crescente";"Céu Claro";"Simples";"Reta";"Não";2;0;2;0;0;0;2;1;-18,66416914;-39,86887044;"SPRF-ES";"DEL04-ES";"UOP02-DEL04-ES"
411747;2022-01-29;"sábado";"08:15:00";"SP";101;50,2;"UBATUBA";"Reação tardia ou ineficiente do condutor";"Colisão transversal";"Com Vítimas Feridas";"Pleno dia";"Crescente";"Céu Claro";"Simples";"Reta";"Sim";3;0;2;0;1;0;2;2;-23,45018939;-45,07743735;"SPRF-SP";"DEL06-SP";"UOP01-DEL06-SP"
411751;2022-01-29;"sábado";"07:45:00";"RO";319;63;"PORTO VELHO";"Ausência de reação do condutor";"Colisão traseira";"Sem Vítimas";"Pleno dia";"Crescente";"Chuva";"Dupla";"Interseção de Vias;Reta";"Sim";2;0;0;0;2;0;0;2;-8,762955;-63,88525;"SPRF-RO";"DEL01-RO";"UOP01-DEL01-RO"
411757;2022-01-29;"sábado";"07:20:00";"SC";470;193,9;"POUSO REDONDO";"Ingestão de álcool pelo condutor";"Colisão com objeto";"Com Vítimas Feridas";"Pleno dia";"Crescente";"Garoa/Chuvisco";"Simples";"Curva";"Não";1;0;1;0;0;0;1;1;-27,300575;-50,075451;"SPRF-SC";"DEL04-SC";"UOP02-DEL04-SC"
411758;2022-01-29;"sábado";"08:00:00";"RO";319;64;"PORTO VELHO";"Condutor deixou de manter distância do veículo da frente";"Engavetamento";"Com Vítimas Feridas";"Pleno dia";"Crescente";"Chuva";"Dupla";"Interseção de Vias;Reta";"Sim";3;0;1;0;2;0;1;3;-8,766685;-63,884052;"SPRF-RO";"DEL01-RO";"UOP01-DEL01-RO"
411759;2022-01-29;"sábado";"05:00:00";"MT";163;615;"NOVA MUTUM";"Ingestão de álcool pelo condutor";"Saída de leito carroçável";"Sem Vítimas";"Amanhecer";"Crescente";"Céu Claro";"Simples";"Reta";"Não";1;0;0;0;1;0;0;1;-13,778142;-56,05998101;"SPRF-MT";"DEL01-MT";"UOP01-DEL01-MT"
411760;2022-01-07;"sexta-feira";"12:20:00";"SC";101;145,5;"ITAPEMA";"Condutor deixou de manter distância do veículo da frente";"Colisão traseira";"Com Vítimas Feridas";"Pleno dia";"Decrescente";"Céu Claro";"Dupla";"Aclive";"Não";4;0;2;0;2;0;2;3;-27,08139206;-48,60130993;"SPRF-SC";"DEL04-SC";"UOP03-DEL04-SC"
411761;2022-01-29;"sábado";"08:00:00";"BA";101;262;"SANTO ANTONIO DE JESUS";"Trafegar com motocicleta (ou similar) entre as faixas";"Colisão lateral mesmo sentido";"Com Vítimas Feridas";"Pleno dia";"Decrescente";"Céu Claro";"Dupla";"Interseção de Vias";"Sim";2;0;0;1;1;0;1;2;-12,9740159;-39,2752499;"SPRF-BA";"DEL01-BA";"UOP02-DEL01-BA"
411762;2022-01-29;"sábado";"09:20:00";"SC";101;414;"ARARANGUA";"Desrespeitar a preferência no cruzamento";"Colisão frontal";"Com Vítimas Feridas";"Pleno dia";"Decrescente";"Nublado";"Simples";"Interseção de Vias";"Sim";2;0;1;0;1;0;1;2;-28,95360392;-49,50985011;"SPRF-SC";"DEL02-SC";"UOP02-DEL02-SC"
411764;2022-01-29;"sábado";"08:40:00";"PR";376;432,2;"TIBAGI";"Velocidade Incompatível";"Colisão com objeto";"Com Vítimas Feridas";"Pleno dia";"Crescente";"Chuva";"Dupla";"Curva";"Não";2;0;1;0;1;0;1;1;-24,75459468;-50,53555464;"SPRF-PR";"DEL03-PR";"UOP02-DEL03-PR"
411765;2022-01-29;"sábado";"08:30:00";"PR";376;437,4;"TIBAGI";"Velocidade Incompatível";"Saída de leito carroçável";"Com Vítimas Feridas";"Pleno dia";"Crescente";"Chuva";"Dupla";"Curva";"Não";2;0;1;0;1;0;1;1;-24,7878302;-50,50720118;"SPRF-PR";"DEL03-PR";"UOP02-DEL03-PR"
411766;2022-01-29;"sábado";"09:00:00";"SC";101;21;"JOINVILLE";"Acumulo de água sobre o pavimento";"Colisão com objeto";"Sem Vítimas";"Pleno dia";"Crescente";"Chuva";"Dupla";"Curva";"Sim";2;0;0;0;2;0;0;1;-26,14793022;-48,90894562;"SPRF-SC";"DEL03-SC";"UOP01-DEL03-SC"
411767;2022-01-29;"sábado";"10:25:00";"BA";101;262;"SANTO ANTONIO DE JESUS";"Reação tardia ou ineficiente do condutor";"Colisão traseira";"Com Vítimas Feridas";"Pleno dia";"Decrescente";"Céu Claro";"Simples";"Reta";"Sim";2;0;1;0;1;0;1;2;-12,97402725;-39,27553296;"SPRF-BA";"DEL01-BA";"UOP02-DEL01-BA"
411768;2022-01-29;"sábado";"01:20:00";"SC";470;324;"CAMPOS NOVOS";"Condutor Dormindo";"Eventos atípicos";"Sem Vítimas";"Plena Noite";"Crescente";"Garoa/Chuvisco";"Simples";"Reta";"Não";1;0;0;0;1;0;0;1;-27,446829;-51,24725;"SPRF-SC";"DEL07-SC";"UOP06-DEL07-SC"
411769;2022-01-29;"sábado";"10:00:00";"SP";116;188;"SANTA ISABEL";"Velocidade Incompatível";"Colisão traseira";"Sem Vítimas";"Pleno dia";"Decrescente";"Chuva";"Múltipla";"Reta";"Não";2;0;0;0;2;0;0;2;-23,36024205;-46,21819496;"SPRF-SP";"DEL01-SP";"UOP01-DEL01-SP"
411770;2022-01-29;"sábado";"10:05:00";"SP";116;225;"GUARULHOS";"Ausência de reação do condutor";"Tombamento";"Com Vítimas Feridas";"Pleno dia";"Decrescente";"Nublado";"Múltipla";"Reta";"Sim";1;0;1;0;0;0;1;1;-23,48586772;-46,54075317;"SPRF-SP";"DEL01-SP";"UOP01-DEL01-SP"
411773;2022-01-29;"sábado";"10:10:00";"SC";101;121,8;"ITAJAI";"Condutor deixou de manter distância do veículo da frente";"Colisão traseira";"Sem Vítimas";"Pleno dia";"Decrescente";"Céu Claro";"Múltipla";"Reta";"Sim";3;0;0;0;3;0;0;3;-26,92103178;-48,70856446;"SPRF-SC";"DEL04-SC";"UOP04-DEL04-SC"
411774;2022-01-29;"sábado";"08:50:00";"RJ";101;417;"MANGARATIBA";"Ingestão de álcool pelo condutor";"Saída de leito carroçável";"Com Vítimas Feridas";"Pleno dia";"Decrescente";"Chuva";"Simples";"Curva";"Não";5;0;1;4;0;0;5;1;-22,91293797;-43,89732384;"SPRF-RJ";"DEL03-RJ";"UOP03-DEL03-RJ"
411777;2022-01-29;"sábado";"10:40:00";"SC";101;174,9;"GOVERNADOR CELSO RAMOS";"Velocidade Incompatível";"Saída de leito carroçável";"Sem Vítimas";"Pleno dia";"Decrescente";"Garoa/Chuvisco";"Dupla";"Reta";"Não";1;0;0;0;1;0;0;1;-27,33081601;-48,62697562;"SPRF-SC";"DEL01-SC";"UOP01-DEL01-SC"
411778;2022-01-29;"sábado";"11:10:00";"CE";20;408;"CAUCAIA";"Acessar a via sem observar a presença dos outros veículos";"Colisão transversal";"Com Vítimas Feridas";"Pleno dia";"Decrescente";"Céu Claro";"Dupla";"Reta";"Sim";2;0;1;1;0;0;2;2;-3,76999035;-38,67006282;"SPRF-CE";"DEL01-CE";"UOP01-DEL01-CE"
411780;2022-01-29;"sábado";"10:20:00";"RJ";40;116;"DUQUE DE CAXIAS";"Velocidade Incompatível";"Colisão traseira";"Com Vítimas Feridas";"Pleno dia";"Crescente";"Nublado";"Dupla";"Reta";"Sim";4;0;1;2;1;0;3;2;-22,73662299;-43,28858785;"SPRF-RJ";"DEL01-RJ";"UOP01-DEL01-RJ"
411781;2022-01-29;"sábado";"10:10:00";"PR";116;38;"CAMPINA GRANDE DO SUL";"Acumulo de água sobre o pavimento";"Colisão com objeto";"Com Vítimas Feridas";"Pleno dia";"Crescente";"Chuva";"Dupla";"Curva";"Não";1;0;1;0;0;0;1;1;-25,14802509;-48,85922071;"SPRF-PR";"DEL01-PR";"UOP02-DEL01-PR"
411790;2022-01-29;"sábado";"13:00:00";"BA";116;582,8;"NOVA ITARANA";"Ultrapassagem Indevida";"Colisão frontal";"Com Vítimas Feridas";"Pleno dia";"Crescente";"Garoa/Chuvisco";"Simples";"Curva";"Não";7;0;3;0;4;0;3;2;-13,1062779;-39,9658473;"SPRF-BA";"DEL03-BA";"UOP02-DEL03-BA"
411791;2022-01-29;"sábado";"12:45:00";"PB";230;137,7;"MASSARANDUBA";"Velocidade Incompatível";"Saída de leito carroçável";"Com Vítimas Fatais";"Pleno dia";"Decrescente";"Nublado";"Dupla";"Curva";"Não";2;1;0;0;0;1;0;1;-7,271258;-35,786297;"SPRF-PB";"DEL02-PB";"UOP01-DEL02-PB"
411792;2022-01-29;"sábado";"11:55:00";"RO";364;11;"VILHENA";"Ausência de reação do condutor";"Colisão transversal";"Com Vítimas Feridas";"Pleno dia";"Crescente";"Céu Claro";"Dupla";"Rotatória";"Sim";2;0;1;0;1;0;1;2;-12,74605898;-60,11270299;"SPRF-RO";"DEL04-RO";"UOP01-DEL04-RO"
411795;2022-01-29;"sábado";"11:40:00";"MG";262;3,4;"MARTINS SOARES";"Condutor deixou de manter distância do veículo da frente";"Colisão traseira";"Com Vítimas Feridas";"Pleno dia";"Crescente";"Céu Claro";"Simples";"Reta";"Não";2;0;1;0;1;0;1;2;-20,25321223;-41,78470413;"SPRF-MG";"DEL06-MG";"UOP03-DEL06-MG"
411796;2022-01-29;"sábado";"13:45:00";"SC";101;143;"ITAPEMA";"Reação tardia ou ineficiente do condutor";"Colisão traseira";"Com Vítimas Feridas";"Pleno dia";"Decrescente";"Nublado";"Dupla";"Reta";"Não";5;0;5;0;0;0;5;2;-27,06436;-48,59599405;"SPRF-SC";"DEL04-SC";"UOP03-DEL04-SC"
411799;2022-01-29;"sábado";"14:00:00";"SE";235;51,1;"ITABAIANA";"Acesso irregular";"Queda de ocupante de veículo";"Com Vítimas Feridas";"Pleno dia";"Decrescente";"Nublado";"Dupla";"Reta";"Sim";1;0;0;1;0;0;1;1;-10,700226;-37,431423;"SPRF-SE";"DEL01-SE";"UOP02-DEL01-SE"
411800;2022-01-29;"sábado";"09:00:00";"SC";116;304,5;"CAPAO ALTO";"Faixas de trânsito com largura insuficiente";"Saída de leito carroçável";"Com Vítimas Feridas";"Pleno dia";"Crescente";"Nublado";"Simples";"Curva";"Não";2;0;2;0;0;0;2;1;-28,19325207;-50,71574086;"SPRF-SC";"DEL05-SC";"UOP02-DEL05-SC"
411801;2022-01-29;"sábado";"10:25:00";"SC";282;152,7;"BOM RETIRO";"Manobra de mudança de faixa";"Colisão lateral mesmo sentido";"Com Vítimas Feridas";"Pleno dia";"Decrescente";"Céu Claro";"Simples";"Declive;Reta";"Não";5;0;1;0;4;0;1;2;-27,757978;-49,677979;"SPRF-SC";"DEL05-SC";"UOP01-DEL05-SC"
411802;2022-01-29;"sábado";"15:00:00";"MG";381;876,5;"ESTIVA";"Avarias e/ou desgaste excessivo no pneu";"Colisão com objeto";"Com Vítimas Feridas";"Pleno dia";"Decrescente";"Nublado";"Dupla";"Curva";"Não";2;0;1;0;1;0;1;1;-22,43789518;-45,98378062;"SPRF-MG";"DEL16-MG";"UOP01-DEL16-MG"
411803;2022-01-29;"sábado";"12:45:00";"SP";381;61;"MAIRIPORA";"Chuva";"Queda de ocupante de veículo";"Com Vítimas Feridas";"Pleno dia";"Crescente";"Chuva";"Dupla";"Declive;Curva";"Não";1;0;1;0;0;0;1;1;-23,29011611;-46,5800681;"SPRF-SP";"DEL03-SP";"UOP01-DEL03-SP"
411804;2022-01-29;"sábado";"16:00:00";"CE";116;13;"FORTALEZA";"Entrada inopinada do pedestre";"Atropelamento de Pedestre";"Com Vítimas Feridas";"Pleno dia";"Decrescente";"Nublado";"Dupla";"Reta";"Sim";2;0;0;1;1;0;1;2;-3,86088501;-38,49715296;"SPRF-CE";"DEL01-CE";"UOP02-DEL01-CE"
411805;2022-01-29;"sábado";"15:30:00";"SE";101;89;"NOSSA SENHORA DO SOCORRO";"Velocidade Incompatível";"Saída de leito carroçável";"Com Vítimas Feridas";"Pleno dia";"Crescente";"Céu Claro";"Dupla";"Viaduto";"Não";1;0;1;0;0;0;1;1;-10,88051024;-37,13355535;"SPRF-SE";"DEL01-SE";"UOP01-DEL01-SE"
411806;2022-01-29;"sábado";"15:30:00";"MG";40;521;"CONTAGEM";"Chuva";"Saída de leito carroçável";"Com Vítimas Feridas";"Pleno dia";"Crescente";"Chuva";"Dupla";"Reta";"Não";2;0;0;2;0;0;2;1;-19,85651501;-44,07213222;"SPRF-MG";"DEL01-MG";"UOP02-DEL01-MG"
411807;2022-01-29;"sábado";"15:30:00";"PE";232;101;"BEZERROS";"Condutor Dormindo";"Saída de leito carroçável";"Com Vítimas Feridas";"Pleno dia";"Crescente";"Nublado";"Dupla";"Reta;Declive";"Sim";3;0;3;0;0;0;3;1;-8,24194679;-35,75097313;"SPRF-PE";"DEL02-PE";"UOP02-DEL02PE"
411809;2022-01-29;"sábado";"16:00:00";"RS";290;108;"ELDORADO DO SUL";"Condutor deixou de manter distância do veículo da frente";"Queda de ocupante de veículo";"Com Vítimas Feridas";"Pleno dia";"Crescente";"Céu Claro";"Dupla";"Reta";"Sim";1;0;0;1;0;0;1;1;-30,006546;-51,312927;"SPRF-RS";"DEL02-RS";"UOP01-DEL02-RS"
411810;2022-01-29;"sábado";"16:25:00";"MG";40;463;"SETE LAGOAS";"Chuva";"Colisão traseira";"Com Vítimas Feridas";"Pleno dia";"Crescente";"Chuva";"Dupla";"Reta";"Não";4;0;2;0;2;0;2;2;-19,42224803;-44,33870213;"SPRF-MG";"DEL02-MG";"UOP01-DEL02-MG"
411811;2022-01-29;"sábado";"16:20:00";"RJ";101;321;"NITEROI";"Reação tardia ou ineficiente do condutor";"Colisão com objeto";"Sem Vítimas";"Pleno dia";"Crescente";"Chuva";"Dupla";"Curva";"Não";1;0;0;0;1;0;0;1;-22,86981096;-43,11046465;"SPRF-RJ";"DEL02-RJ";"UOP02-DEL02-RJ"
411813;2022-01-29;"sábado";"16:00:00";"MS";262;354,6;"CAMPO GRANDE";"Acesso irregular";"Colisão frontal";"Com Vítimas Feridas";"Pleno dia";"Crescente";"Nublado";"Simples";"Rotatória";"Sim";2;0;0;1;1;0;1;2;-20,5520412;-54,66842701;"SPRF-MS";"DEL01-MS";"UOP03-DEL01-MS"
411814;2022-01-29;"sábado";"15:40:00";"PA";308;203;"BRAGANCA";"Desrespeitar a preferência no cruzamento";"Colisão transversal";"Com Vítimas Feridas";"Pleno dia";"Crescente";"Nublado";"Simples";"Reta";"Sim";2;0;0;1;1;0;1;2;-1,06623619;-46,76866019;"SPRF-PA";"DEL01-PA";"UOP03-DEL01-PA"
411815;2022-01-29;"sábado";"13:45:00";"SP";116;286;"ITAPECERICA DA SERRA";"Demais Fenômenos da natureza";"Eventos atípicos";"Com Vítimas Feridas";"Pleno dia";"Decrescente";"Chuva";"Dupla";"Reta";"Não";1;0;1;0;0;0;1;1;-23,70925128;-46,87588966;"SPRF-SP";"DEL04-SP";"UOP01-DEL04-SP"
411819;2022-01-29;"sábado";"14:20:00";"SP";116;512;"CAJATI";"Chuva";"Colisão com objeto";"Sem Vítimas";"Pleno dia";"Decrescente";"Chuva";"Simples";"Curva";"Não";4;0;0;0;4;0;0;1;-24,84304306;-48,22027915;"SPRF-SP";"DEL05-SP";"UOP02-DEL05-SP"
411820;2022-01-29;"sábado";"17:40:00";"RS";116;234;"NOVO HAMBURGO";"Acessar a via sem observar a presença dos outros veículos";"Colisão lateral mesmo sentido";"Com Vítimas Feridas";"Pleno dia";"Decrescente";"Céu Claro";"Simples";"Reta;Interseção de Vias";"Sim";2;0;1;0;1;0;1;2;-29,65121313;-51,1444433;"SPRF-RS";"DEL01-RS";"UOP02-DEL01-RS"
411821;2022-01-29;"sábado";"15:20:00";"PR";116;15;"CAMPINA GRANDE DO SUL";"Acumulo de água sobre o pavimento";"Colisão com objeto";"Com Vítimas Feridas";"Pleno dia";"Decrescente";"Chuva";"Dupla";"Curva";"Não";1;0;1;0;0;0;1;1;-25,09832756;-48,68266005;"SPRF-PR";"DEL01-PR";"UOP02-DEL01-PR"
411823;2022-01-29;"sábado";"18:00:00";"RS";116;241;"NOVO HAMBURGO";"Ultrapassagem Indevida";"Colisão lateral mesmo sentido";"Com Vítimas Feridas";"Pleno dia";"Decrescente";"Céu Claro";"Múltipla";"Aclive";"Sim";3;0;1;1;1;0;2;2;-29,71396796;-51,1476744;"SPRF-RS";"DEL01-RS";"UOP02-DEL01-RS"
411824;2022-01-29;"sábado";"18:00:00";"MG";365;734,9;"CANAPOLIS";"Ausência de reação do condutor";"Queda de ocupante de veículo";"Com Vítimas Feridas";"Anoitecer";"Crescente";"Chuva";"Simples";"Declive;Reta";"Não";2;0;0;2;0;0;2;1;-18,90458595;-49,31684201;"SPRF-MG";"DEL15-MG";"UOP03-DEL15-MG"
411825;2022-01-29;"sábado";"15:40:00";"BA";101;241;"CONCEICAO DO ALMEIDA";"Mal súbito do condutor";"Colisão lateral sentido oposto";"Com Vítimas Feridas";"Pleno dia";"Crescente";"Céu Claro";"Simples";"Curva";"Não";6;0;2;0;4;0;2;2;-12,80905958;-39,19955441;"SPRF-BA";"DEL01-BA";"UOP02-DEL01-BA"
411826;2022-01-29;"sábado";"16:30:00";"RJ";40;6,8;"COMENDADOR LEVY GASPARIAN";"Velocidade Incompatível";"Colisão com objeto";"Com Vítimas Feridas";"Pleno dia";"Decrescente";"Chuva";"Dupla";"Declive;Curva";"Não";7;0;1;0;6;0;1;1;-22,0261703;-43,23146528;"SPRF-RJ";"DEL05-RJ";"UOP02-DEL05-RJ"
411827;2022-01-29;"sábado";"18:30:00";"ES";262;165;"IBATIBA";"Ingestão de álcool e/ou substâncias psicoativas pelo pedestre";"Colisão lateral sentido oposto";"Com Vítimas Feridas";"Plena Noite";"Crescente";"Chuva";"Simples";"Curva";"Não";5;0;0;3;2;0;3;3;-20,24911466;-41,55151398;"SPRF-ES";"DEL01-ES";"UOP02-DEL01-ES"
411828;2022-01-29;"sábado";"13:30:00";"BA";20;133;"SAO DESIDERIO";"Manobra de mudança de faixa";"Saída de leito carroçável";"Com Vítimas Feridas";"Pleno dia";"Crescente";"Céu Claro";"Simples";"Reta";"Não";1;0;1;0;0;0;1;1;-12,78267418;-45,95134735;"SPRF-BA";"DEL10-BA";"UOP01-DEL10-BA"
411829;2022-01-29;"sábado";"18:30:00";"SP";116;197,9;"ARUJA";"Objeto estático sobre o leito carroçável";"Colisão com objeto";"Com Vítimas Feridas";"Plena Noite";"Decrescente";"Chuva";"Dupla";"Reta";"Não";5;0;1;0;4;0;1;2;-23,39721625;-46,29284287;"SPRF-SP";"DEL01-SP";"UOP01-DEL01-SP"
411832;2022-01-29;"sábado";"17:00:00";"SP";116;342;"MIRACATU";"Chuva";"Colisão lateral mesmo sentido";"Sem Vítimas";"Pleno dia";"Crescente";"Chuva";"Múltipla";"Curva";"Não";2;0;0;0;1;1;0;2;-24,01625202;-47,16797896;"SPRF-SP";"DEL04-SP";"UOP02-DEL04-SP"
411833;2022-01-29;"sábado";"18:29:00";"SC";101;192,2;"BIGUACU";"Transitar na contramão";"Colisão frontal";"Com Vítimas Feridas";"Pleno dia";"Decrescente";"Nublado";"Simples";"Reta";"Sim";2;0;0;1;1;0;1;2;-27,48443781;-48,64765238;"SPRF-SC";"DEL01-SC";"UOP01-DEL01-SC"
411834;2022-01-29;"sábado";"18:55:00";"DF";20;8,6;"BRASILIA";"Velocidade Incompatível";"Capotamento";"Com Vítimas Feridas";"Plena Noite";"Decrescente";"Céu Claro";"Dupla";"Declive;Curva";"Sim";1;0;1;0;0;0;1;1;-15,658386;-47,791534;"SPRF-DF";"DEL02-DF";"UOP01-DEL02-DF"
411835;2022-01-29;"sábado";"18:14:00";"SE";235;0,9;"ARACAJU";"Entrada inopinada do pedestre";"Atropelamento de Pedestre";"Com Vítimas Fatais";"Plena Noite";"Crescente";"Nublado";"Dupla";"Reta";"Sim";2;1;1;0;0;0;1;2;-10,9087;-37,0855;"SPRF-SE";"DEL01-SE";"UOP01-DEL01-SE"
411836;2022-01-29;"sábado";"18:50:00";"RN";304;292;"MACAIBA";"Ingestão de álcool pelo condutor";"Colisão traseira";"Sem Vítimas";"Plena Noite";"Crescente";"Nublado";"Simples";"Reta";"Não";2;0;0;0;2;0;0;2;-5,86680177;-35,40151857;"SPRF-RN";"DEL01-RN";"UOP02-DEL01-RN"
411837;2022-01-29;"sábado";"18:00:00";"SC";101;230;"PALHOCA";"Manobra de mudança de faixa";"Saída de leito carroçável";"Com Vítimas Feridas";"Anoitecer";"Decrescente";"Chuva";"Dupla";"Reta";"Não";3;0;2;0;0;1;2;2;-27,77781898;-48,63489608;"SPRF-SC";"DEL01-SC";"UOP02-DEL01-SC"
411838;2022-01-29;"sábado";"17:00:00";"RS";472;578;"URUGUAIANA";"Desrespeitar a preferência no cruzamento";"Colisão transversal";"Com Vítimas Feridas";"Pleno dia";"Crescente";"Céu Claro";"Simples";"Rotatória";"Sim";4;0;2;0;2;0;2;2;-29,78030207;-57,06383586;"SPRF-RS";"DEL13-RS";"UOP01-DEL13-RS"
411839;2022-01-29;"sábado";"16:20:00";"PI";316;315;"PICOS";"Ausência de reação do condutor";"Colisão traseira";"Com Vítimas Feridas";"Pleno dia";"Decrescente";"Céu Claro";"Simples";"Reta";"Sim";2;0;0;1;1;0;1;2;-7,07951262;-41,43236492;"SPRF-PI";"DEL04-PI";"UOP01-DEL04-PI"
411841;2022-01-29;"sábado";"18:25:00";"RO";364;239;"CACOAL";"Acessar a via sem observar a presença dos outros veículos";"Colisão transversal";"Com Vítimas Fatais";"Anoitecer";"Crescente";"Céu Claro";"Simples";"Retorno Regulamentado";"Sim";3;1;0;1;0;1;1;2;-11,433753;-61,463707;"SPRF-RO";"DEL02-RO";"UOP02-DEL02-RO"
411842;2022-01-29;"sábado";"19:15:00";"PB";101;86,5;"JOAO PESSOA";"Demais falhas mecânicas ou elétricas";"Eventos atípicos";"Com Vítimas Feridas";"Plena Noite";"Crescente";"Céu Claro";"Dupla";"Declive;Reta";"Sim";3;0;2;0;1;0;2;2;-7,16130451;-34,90439634;"SPRF-PB";"DEL01-PB";"UOP01-DEL01-PB"
411845;2022-01-29;"sábado";"19:30:00";"RJ";40;108;"DUQUE DE CAXIAS";"Reação tardia ou ineficiente do condutor";"Colisão com objeto";"Com Vítimas Feridas";"Plena Noite";"Decrescente";"Chuva";"Dupla";"Reta";"Sim";1;0;1;0;0;0;1;1;-22,66476979;-43,28495144;"SPRF-RJ";"DEL01-RJ";"UOP01-DEL01-RJ"
411846;2022-01-29;"sábado";"18:00:00";"MT";70;504,9;"CUIABA";"Mal súbito do condutor";"Queda de ocupante de veículo";"Com Vítimas Feridas";"Anoitecer";"Crescente";"Nublado";"Simples";"Reta";"Não";1;0;1;0;0;0;1;1;-15,70132956;-56,05110884;"SPRF-MT";"DEL01-MT";"UOP02-DEL01-MT"
411848;2022-01-29;"sábado";"10:40:00";"ES";259;79;"COLATINA";"Condutor Dormindo";"Saída de leito carroçável";"Com Vítimas Feridas";"Pleno dia";"Crescente";"Nublado";"Simples";"Reta";"Não";1;0;1;0;0;0;1;1;-19,5226418;-40,82552691;"SPRF-ES";"DEL02-ES";"UOP01-DEL02-ES"