"id";"data_inversa";"dia_semana";"horario";"uf";"br";"km";"municipio";"causa_acidente";"tipo_acidente";"classificacao_acidente";"fase_dia";"sentido_via";"condicao_metereologica";"tipo_pista";"tracado_via";"uso_solo";"pessoas";"mortos";"feridos_leves";"feridos_graves";"ilesos";"ignorados";"feridos";"veiculos";"latitude";"longitude";"regional";"delegacia";"uop"
412061;2022-01-30;"domingo";"21:35:00";"PE";232;133,5;"CARUARU";"Acesso irregular";"Colisão transversal";"Com Vítimas Feridas";"Plena Noite";"Decrescente";"Nublado";"Dupla";"Viaduto";"Sim";2;0;0;1;1;0;1;2;-8,30607988;-36,01576003;"SPRF-PE";"DEL02-PE";"UOP03-DEL02-PE"
412064;2022-01-30;"domingo";"20:30:00";"PE";101;141,3;"RIBEIRAO";"Demais falhas mecânicas ou elétricas";"Incêndio";"Sem Vítimas";"Plena Noite";"Decrescente";"Nublado";"Dupla";"Curva";"Não";1;0;0;0;0;1;0;1;-8,44013935;-35,33528377;"SPRF-PE";"DEL01-PE";"UOP01-DEL01-PE"
412065;2022-01-30;"domingo";"22:00:00";"RS";386;279,6;"SAO JOSE DO HERVAL";"Ausência de reação do condutor";"Saída de leito carroçável";"Com Vítimas Feridas";"Plena Noite";"Decrescente";"Céu Claro";"Simples";"Curva";"Não";3;0;2;0;0;1;2;1;-29,022665;-52,319885;"SPRF-RS";"DEL04-RS";"UOP03-DEL04-RS"
412070;2022-01-30;"domingo";"14:00:00";"MT";163;998;"TERRA NOVA DO NORTE";"Reação tardia ou ineficiente do condutor";"Saída de leito carroçável";"Com Vítimas Feridas";"Pleno dia";"Crescente";"Céu Claro";"Simples";"Declive;Reta";"Não";1;0;1;0;0;0;1;1;-10,628157;-55,128791;"SPRF-MT";"DEL06-MT";"NPF/DEL06-MT"
412071;2022-01-30;"domingo";"22:00:00";"MG";381;478,2;"CONTAGEM";"Manobra de mudança de faixa";"Colisão lateral mesmo sentido";"Com Vítimas Feridas";"Plena Noite";"Crescente";"Céu Claro";"Dupla";"Reta;Aclive";"Sim";2;0;1;0;0;1;1;2;-19,95826094;-44,05921101;"SPRF-MG";"DEL01-MG";"UOP03-DEL01-MG"
412074;2022-01-30;"domingo";"22:20:00";"SC";280;17,9;"SAO FRANCISCO DO SUL";"Acessar a via sem observar a presença dos outros veículos";"Colisão transversal";"Com Vítimas Feridas";"Plena Noite";"Crescente";"Nublado";"Simples";"Reta";"Sim";2;0;0;1;0;1;1;2;-26,35609813;-48,66029868;"SPRF-SC";"DEL03-SC";"UOP03-DEL03-SC"
412076;2022-01-30;"domingo";"20:10:00";"MA";135;21,9;"SAO LUIS";"Ingestão de álcool pelo condutor";"Saída de leito carroçável";"Sem Vítimas";"Plena Noite";"Crescente";"Céu Claro";"Dupla";"Curva";"Sim";1;0;0;0;1;0;0;1;-2,53073;-44,3068;"SPRF-MA";"DEL01-MA";"UOP01-DEL01-MA"
412077;2022-01-30;"domingo";"23:30:00";"DF";20;23;"BRASILIA";"Ingestão de álcool pelo condutor";"Colisão traseira";"Sem Vítimas";"Plena Noite";"Decrescente";"Céu Claro";"Dupla";"Reta";"Sim";2;0;0;0;2;0;0;2;-15,595297;-47,667912;"SPRF-DF";"DEL02-DF";"UOP01-DEL02-DF"
412079;2022-01-30;"domingo";"20:57:00";"MG";50;174;"UBERABA";"Ausência de reação do condutor";"Colisão traseira";"Sem Vítimas";"Plena Noite";"Decrescente";"Chuva";"Dupla";"Curva";"Sim";2;0;0;0;2;0;0;2;-19,770817;-47,973434;"SPRF-MG";"DEL13-MG";"UOP01-DEL13-MG"
412080;2022-01-30;"domingo";"20:40:00";"MG";262;877;"CAMPO FLORIDO";"Ausência de reação do condutor";"Colisão transversal";"Com Vítimas Feridas";"Plena Noite";"Decrescente";"Nublado";"Simples";"Reta";"Sim";3;0;0;1;2;0;1;2;-19,7835568;-48,51504105;"SPRF-MG";"DEL13-MG";"UOP01-DEL13-MG"
412081;2022-01-30;"domingo";"19:44:00";"MS";262;264;"RIBAS DO RIO PARDO";"Animais na Pista";"Atropelamento de Animal";"Com Vítimas Feridas";"Plena Noite";"Crescente";"Céu Claro";"Simples";"Reta";"Não";4;0;0;2;2;0;2;1;-20,42719751;-53,96924386;"SPRF-MS";"DEL01-MS";"UOP01-DEL01-MS"
412082;2022-01-31;"segunda-feira";"00:30:00";"PR";116;124;"FAZENDA RIO GRANDE";"Mal súbito do condutor";"Queda de ocupante de veículo";"Com Vítimas Feridas";"Plena Noite";"Decrescente";"Nublado";"Dupla";"Reta";"Não";1;0;0;1;0;0;1;1;-25,58620703;-49,31436887;"SPRF-PR";"DEL01-PR";"UOP03-DEL01-PR"
412083;2022-01-31;"segunda-feira";"00:40:00";"SP";116;310;"SAO LOURENCO DA SERRA";"Objeto estático sobre o leito carroçável";"Colisão com objeto";"Sem Vítimas";"Plena Noite";"Crescente";"Chuva";"Dupla";"Declive";"Não";4;0;0;0;2;2;0;4;-23,8717102;-46,96137189;"SPRF-SP";"DEL04-SP";"UOP01-DEL04-SP"
412084;2022-01-31;"segunda-feira";"00:55:00";"SP";116;37,2;"CACHOEIRA PAULISTA";"Ausência de reação do condutor";"Saída de leito carroçável";"Com Vítimas Feridas";"Plena Noite";"Decrescente";"Nublado";"Dupla";"Reta";"Não";4;0;2;2;0;0;4;1;-22,66497021;-44,98430985;"SPRF-SP";"DEL08-SP";"UOP02-DEL08-SP"
412086;2022-01-31;"segunda-feira";"00:50:00";"PR";376;657;"TIJUCAS DO SUL";"Chuva";"Queda de ocupante de veículo";"Com Vítimas Feridas";"Plena Noite";"Crescente";"Garoa/Chuvisco";"Dupla";"Reta";"Não";1;0;1;0;0;0;1;1;-25,85232468;-49,03032776;"SPRF-PR";"DEL01-PR";"UOP04-DEL01-PR"
412091;2022-01-31;"segunda-feira";"03:00:00";"SE";101;77,8;"LARANJEIRAS";"Velocidade Incompatível";"Colisão com objeto";"Com Vítimas Feridas";"Plena Noite";"Decrescente";"Nublado";"Dupla";"Reta";"Sim";2;0;1;0;1;0;1;1;-10,776609;-37,13439;"SPRF-SE";"DEL01-SE";"UOP01-DEL01-SE"
412092;2022-01-30;"domingo";"23:00:00";"RJ";465;20;"NOVA IGUACU";"Ingestão de álcool pelo condutor";"Colisão traseira";"Sem Vítimas";"Plena Noite";"Decrescente";"Nublado";"Simples";"Reta";"Sim";4;0;0;0;4;0;0;2;-22,846828;-43,605339;"SPRF-RJ";"DEL03-RJ";"UOP01-DEL03-RJ"
412093;2022-01-31;"segunda-feira";"03:30:00";"RJ";101;319;"SAO GONCALO";"Objeto estático sobre o leito carroçável";"Colisão com objeto";"Com Vítimas Feridas";"Plena Noite";"Decrescente";"Nublado";"Dupla";"Reta";"Sim";1;0;1;0;0;0;1;1;-22,85411774;-43,1018014;"SPRF-RJ";"DEL02-RJ";"UOP02-DEL02-RJ"
412094;2022-01-26;"quarta-feira";"23:00:00";"BA";110;380;"POJUCA";"Demais falhas mecânicas ou elétricas";"Incêndio";"Sem Vítimas";"Plena Noite";"Crescente";"Céu Claro";"Simples";"Curva";"Não";1;0;0;0;1;0;0;1;-12,4033673;-38,38471502;"SPRF-BA";"DEL01-BA";"UOP01-DEL01-BA"
412095;2022-01-31;"segunda-feira";"01:55:00";"RS";116;168,5;"CAXIAS DO SUL";"Ingestão de álcool pelo condutor";"Saída de leito carroçável";"Com Vítimas Feridas";"Plena Noite";"Crescente";"Nublado";"Simples";"Reta";"Não";2;0;2;0;0;0;2;1;-29,28313396;-51,16252272;"SPRF-RS";"DEL05-RS";"UOP02-DEL05-RS"
412096;2022-01-31;"segunda-feira";"04:05:00";"AL";101;209,9;"SAO SEBASTIAO";"Velocidade Incompatível";"Saída de leito carroçável";"Com Vítimas Feridas";"Amanhecer";"Crescente";"Céu Claro";"Simples";"Curva";"Não";19;0;12;3;4;0;15;1;-10,00375906;-36,60785692;"SPRF-AL";"DEL02-AL";"UOP02-DEL02-AL"
412097;2022-01-31;"segunda-feira";"03:30:00";"MG";153;11;"ARAPORA";"Condutor Dormindo";"Saída de leito carroçável";"Com Vítimas Feridas";"Plena Noite";"Decrescente";"Chuva";"Dupla";"Declive";"Não";3;0;1;0;1;1;1;2;-18,51513597;-49,18936222;"SPRF-MG";"DEL15-MG";"UOP03-DEL15-MG"
412098;2022-01-31;"segunda-feira";"05:00:00";"MG";381;439;"SABARA";"Problema na suspensão";"Saída de leito carroçável";"Com Vítimas Feridas";"Amanhecer";"Crescente";"Nublado";"Simples";"Reta";"Sim";1;0;1;0;0;0;1;1;-19,80927691;-43,78706001;"SPRF-MG";"DEL01-MG";"UOP01-DEL01-MG"
412099;2022-01-31;"segunda-feira";"03:15:00";"PR";116;13;"COLOMBO";"Velocidade Incompatível";"Saída de leito carroçável";"Sem Vítimas";"Plena Noite";"Decrescente";"Céu Claro";"Dupla";"Reta";"Sim";1;0;0;0;1;0;0;1;-25,3785;-49,1564;"SPRF-PR";"DEL01-PR";"UOP02-DEL01-PR"
412101;2022-01-31;"segunda-feira";"04:00:00";"SC";282;52;"AGUAS MORNAS";"Condutor Dormindo";"Colisão com objeto";"Com Vítimas Feridas";"Plena Noite";"Decrescente";"Céu Claro";"Simples";"Reta";"Não";3;0;1;2;0;0;3;1;-27,696936;-48,964138;"SPRF-SC";"DEL01-SC";"UOP03-DEL01-SC"
412102;2022-01-31;"segunda-feira";"05:30:00";"MG";262;388;"PARA DE MINAS";"Afundamento ou ondulação no pavimento";"Colisão com objeto";"Com Vítimas Feridas";"Pleno dia";"Decrescente";"Céu Claro";"Dupla";"Reta";"Não";1;0;1;0;0;0;1;1;-19,91739553;-44,49486494;"SPRF-MG";"DEL01-MG";"UOP03-DEL01-MG"
412103;2022-01-31;"segunda-feira";"06:05:00";"SP";116;149;"SAO JOSE DOS CAMPOS";"Manobra de mudança de faixa";"Capotamento";"Com Vítimas Feridas";"Pleno dia";"Crescente";"Chuva";"Simples";"Reta";"Sim";1;0;1;0;0;0;1;1;-23,20700047;-45,88626861;"SPRF-SP";"DEL02-SP";"UOP01-DEL02-SP"
412104;2022-01-31;"segunda-feira";"06:40:00";"PB";101;83;"BAYEUX";"Transitar no acostamento";"Colisão frontal";"Com Vítimas Feridas";"Pleno dia";"Crescente";"Céu Claro";"Dupla";"Reta";"Sim";2;0;1;0;0;1;1;2;-7,1337703;-34,92963914;"SPRF-PB";"DEL01-PB";"UOP01-DEL01-PB"
412106;2022-01-31;"segunda-feira";"06:50:00";"SP";381;45;"ATIBAIA";"Acumulo de água sobre o pavimento";"Queda de ocupante de veículo";"Com Vítimas Feridas";"Pleno dia";"Decrescente";"Chuva";"Dupla";"Reta";"Não";1;0;1;0;0;0;1;1;-23,17274184;-46,57748439;"SPRF-SP";"DEL03-SP";"UOP01-DEL03-SP"
412108;2022-01-30;"domingo";"18:55:00";"GO";70;48,5;"COCALZINHO DE GOIAS";"Ausência de reação do condutor";"Capotamento";"Sem Vítimas";"Plena Noite";"Crescente";"Céu Claro";"Simples";"Curva";"Não";1;0;0;0;0;1;0;1;-15,74968731;-48,59846706;"SPRF-DF";"DEL03-DF";"UOP02-DEL03-DF"
412109;2022-01-31;"segunda-feira";"07:00:00";"GO";40;2,3;"VALPARAISO DE GOIAS";"Trafegar com motocicleta (ou similar) entre as faixas";"Tombamento";"Com Vítimas Feridas";"Pleno dia";"Decrescente";"Céu Claro";"Dupla";"Reta";"Sim";1;0;1;0;0;0;1;1;-16,067129;-47,984235;"SPRF-DF";"DEL01-DF";"UOP01-DEL01-DF"
412111;2022-01-31;"segunda-feira";"06:50:00";"PB";101;89;"JOAO PESSOA";"Reação tardia ou ineficiente do condutor";"Colisão lateral mesmo sentido";"Com Vítimas Feridas";"Pleno dia";"Crescente";"Céu Claro";"Múltipla";"Reta";"Sim";3;0;3;0;0;0;3;2;-7,1710694;-34,89765372;"SPRF-PB";"DEL01-PB";"UOP02-DEL01-PB"
412112;2022-01-31;"segunda-feira";"07:25:00";"RS";480;70;"ERECHIM";"Velocidade Incompatível";"Engavetamento";"Com Vítimas Feridas";"Pleno dia";"Crescente";"Céu Claro";"Simples";"Reta";"Não";3;0;1;0;2;0;1;3;-27,63750256;-52,32344105;"SPRF-RS";"DEL08-RS";"UOP04-DEL08-RS"
412113;2022-01-31;"segunda-feira";"07:20:00";"RJ";101;568;"PARATY";"Animais na Pista";"Colisão traseira";"Com Vítimas Feridas";"Pleno dia";"Crescente";"Nublado";"Simples";"Reta";"Não";3;0;0;1;2;0;1;2;-23,17023697;-44,71037687;"SPRF-RJ";"DEL03-RJ";"UOP04-DEL03-RJ"
412114;2022-01-31;"segunda-feira";"06:00:00";"MG";381;525,2;"BRUMADINHO";"Chuva";"Saída de leito carroçável";"Com Vítimas Feridas";"Amanhecer";"Crescente";"Chuva";"Dupla";"Declive;Curva";"Não";1;0;1;0;0;0;1;1;-20,16710798;-44,33422398;"SPRF-MG";"DEL04-MG";"UOP03-DEL04-MG"
412116;2022-01-31;"segunda-feira";"07:30:00";"SP";116;223;"GUARULHOS";"Acessar a via sem observar a presença dos outros veículos";"Colisão lateral mesmo sentido";"Com Vítimas Feridas";"Pleno dia";"Crescente";"Chuva";"Múltipla";"Reta";"Sim";2;0;2;0;0;0;2;2;-23,47559815;-46,5246609;"SPRF-SP";"DEL01-SP";"UOP01-DEL01-SP"
412117;2022-01-31;"segunda-feira";"08:00:00";"BA";324;623;"SALVADOR";"Acessar a via sem observar a presença dos outros veículos";"Colisão traseira";"Com Vítimas Feridas";"Pleno dia";"Decrescente";"Céu Claro";"Dupla";"Reta";"Sim";2;0;1;0;1;0;1;2;-12,92628699;-38,46838679;"SPRF-BA";"DEL01-BA";"UOP01-DEL01-BA"
412118;2022-01-31;"segunda-feira";"07:45:00";"PB";230;295;"SANTA LUZIA";"Reação tardia ou ineficiente do condutor";"Tombamento";"Com Vítimas Feridas";"Pleno dia";"Crescente";"Céu Claro";"Simples";"Declive";"Não";1;0;1;0;0;0;1;1;-6,8848;-36,9412;"SPRF-PB";"DEL03-PB";"UOP01-DEL03-PB"
412120;2022-01-31;"segunda-feira";"08:25:00";"RN";101;98;"NATAL";"Condutor deixou de manter distância do veículo da frente";"Colisão traseira";"Sem Vítimas";"Pleno dia";"Decrescente";"Céu Claro";"Múltipla";"Reta";"Sim";2;0;0;0;2;0;0;2;-5,86567888;-35,21651625;"SPRF-RN";"DEL01-RN";"UOP01-DEL01-RN"
412121;2022-01-31;"segunda-feira";"06:20:00";"AP";156;343;"PORTO GRANDE";"Velocidade Incompatível";"Saída de leito carroçável";"Com Vítimas Feridas";"Amanhecer";"Crescente";"Chuva";"Simples";"Reta";"Não";2;0;1;0;1;0;1;1;0,6401753;-51,3162329;"SPRF-AP";"DEL01-AP";"UOP01-DEL01-AP"
412122;2022-01-31;"segunda-feira";"08:20:00";"SP";116;274;"EMBU DAS ARTES";"Condutor deixou de manter distância do veículo da frente";"Colisão traseira";"Com Vítimas Feridas";"Pleno dia";"Decrescente";"Chuva";"Dupla";"Reta";"Sim";2;0;1;0;1;0;1;2;-23,63445084;-46,82418514;"SPRF-SP";"DEL04-SP";"UOP01-DEL04-SP"
412124;2022-01-31;"segunda-feira";"08:50:00";"PE";104;131,8;"QUIPAPA";"Avarias e/ou desgaste excessivo no pneu";"Saída de leito carroçável";"Com Vítimas Feridas";"Pleno dia";"Decrescente";"Céu Claro";"Simples";"Curva";"Não";3;0;0;3;0;0;3;1;-8,784293;-36,016506;"SPRF-PE";"DEL02-PE";"UOP01-DEL02-PE"
412128;2022-01-31;"segunda-feira";"08:00:00";"ES";482;65,2;"JERONIMO MONTEIRO";"Acessar a via sem observar a presença dos outros veículos";"Colisão transversal";"Com Vítimas Feridas";"Pleno dia";"Crescente";"Céu Claro";"Simples";"Reta";"Sim";3;0;1;0;2;0;1;2;-20,79537324;-41,40497918;"SPRF-ES";"DEL03-ES";"UOP02-DEL03-ES"
412129;2022-01-31;"segunda-feira";"08:40:00";"RS";116;338;"BARRA DO RIBEIRO";"Velocidade Incompatível";"Saída de leito carroçável";"Com Vítimas Feridas";"Pleno dia";"Decrescente";"Céu Claro";"Dupla";"Reta;Aclive";"Não";2;0;1;0;1;0;1;1;-30,43867711;-51,47955282;"SPRF-RS";"DEL02-RS";"UOP02-DEL02-RS"
412130;2022-01-31;"segunda-feira";"08:40:00";"MG";116;416,3;"GOVERNADOR VALADARES";"Condutor deixou de manter distância do veículo da frente";"Engavetamento";"Com Vítimas Feridas";"Pleno dia";"Decrescente";"Sol";"Simples";"Reta";"Não";4;0;2;0;2;0;2;3;-18,89215187;-41,94699543;"SPRF-MG";"DEL06-MG";"UOP01-DEL06-MG"
412131;2022-01-31;"segunda-feira";"06:45:00";"RO";364;423;"JARU";"Velocidade Incompatível";"Tombamento";"Com Vítimas Feridas";"Pleno dia";"Crescente";"Céu Claro";"Simples";"Reta";"Sim";2;0;2;0;0;0;2;1;-10,45220802;-62,46072003;"SPRF-RO";"DEL03-RO";"UOP02-DEL03-RO"
412132;2022-01-31;"segunda-feira";"09:30:00";"MG";40;618,6;"CONGONHAS";"Condutor deixou de manter distância do veículo da frente";"Colisão traseira";"Sem Vítimas";"Pleno dia";"Decrescente";"Chuva";"Simples";"Aclive;Reta";"Não";4;0;0;0;4;0;0;2;-20,572526;-43,812351;"SPRF-MG";"DEL05-MG";"UOP02-DEL05-MG"
412133;2022-01-31;"segunda-feira";"09:45:00";"ES";101;176;"ARACRUZ";"Condutor deixou de manter distância do veículo da frente";"Colisão traseira";"Com Vítimas Feridas";"Pleno dia";"Crescente";"Céu Claro";"Simples";"Reta";"Não";2;0;1;0;1;0;1;2;-19,59523801;-40,19835299;"SPRF-ES";"DEL04-ES";"UOP01-DEL04-ES"
412136;2022-01-31;"segunda-feira";"09:40:00";"SC";101;354,7;"JAGUARUNA";"Condutor Dormindo";"Saída de leito carroçável";"Com Vítimas Feridas";"Pleno dia";"Decrescente";"Céu Claro";"Múltipla";"Reta;Aclive";"Não";4;0;3;1;0;0;4;1;-28,627899;-49,084626;"SPRF-SC";"DEL02-SC";"UOP01-DEL02-SC"
412137;2022-01-31;"segunda-feira";"09:45:00";"SP";116;89,1;"PINDAMONHANGABA";"Chuva";"Tombamento";"Com Vítimas Feridas";"Pleno dia";"Decrescente";"Chuva";"Dupla";"Interseção de Vias";"Não";1;0;1;0;0;0;1;1;-22,93930884;-45,37874708;"SPRF-SP";"DEL08-SP";"UOP01-DEL08-SP"
412138;2022-01-31;"segunda-feira";"08:45:00";"RJ";40;81;"PETROPOLIS";"Objeto estático sobre o leito carroçável";"Capotamento";"Com Vítimas Feridas";"Pleno dia";"Crescente";"Chuva";"Simples";"Curva";"Não";2;0;2;0;0;0;2;1;-22,50560003;-43,23186384;"SPRF-RJ";"DEL06-RJ";"UOP01-DEL06-RJ"
412140;2022-01-31;"segunda-feira";"10:20:00";"PR";369;202,4;"APUCARANA";"Desrespeitar a preferência no cruzamento";"Colisão transversal";"Com Vítimas Feridas";"Pleno dia";"Decrescente";"Céu Claro";"Simples";"Reta";"Não";2;0;1;0;1;0;1;2;-23,545755;-51,452841;"SPRF-PR";"DEL07-PR";"UOP02-DEL07-PR"
412141;2022-01-31;"segunda-feira";"09:10:00";"PI";407;485;"JAICOS";"Ausência de reação do condutor";"Saída de leito carroçável";"Com Vítimas Feridas";"Pleno dia";"Crescente";"Céu Claro";"Simples";"Reta";"Não";1;0;1;0;0;0;1;1;-7,470215;-41,242789;"SPRF-PI";"DEL04-PI";"UOP01-DEL04-PI"
412142;2022-01-15;"sábado";"09:30:00";"GO";60;88;"ANAPOLIS";"Acessar a via sem observar a presença dos outros veículos";"Colisão lateral mesmo sentido";"Com Vítimas Feridas";"Pleno dia";"Decrescente";"Céu Claro";"Dupla";"Rotatória";"Não";3;0;2;0;1;0;2;2;-16,3315;-48,8885;"SPRF-GO";"DEL02-GO";"UOP01-DEL02-GO"
412144;2022-01-31;"segunda-feira";"10:55:00";"MA";135;19,3;"SAO LUIS";"Desrespeitar a preferência no cruzamento";"Colisão transversal";"Com Vítimas Feridas";"Pleno dia";"Decrescente";"Céu Claro";"Dupla";"Retorno Regulamentado";"Sim";2;0;0;1;0;1;1;2;-2,72463965;-44,32574035;"SPRF-MA";"DEL01-MA";"UOP01-DEL01-MA"
412145;2022-01-31;"segunda-feira";"10:50:00";"MA";10;253,1;"IMPERATRIZ";"Ingestão de álcool pelo condutor";"Colisão lateral mesmo sentido";"Com Vítimas Feridas";"Pleno dia";"Decrescente";"Céu Claro";"Simples";"Reta";"Sim";2;0;1;0;1;0;1;2;-5,531668;-47,471753;"SPRF-MA";"DEL04-MA";"UOP01-DEL04-MA"
412146;2022-01-31;"segunda-feira";"07:45:00";"PR";153;330,5;"IRATI";"Ingestão de álcool pelo condutor";"Saída de leito carroçável";"Com Vítimas Fatais";"Pleno dia";"Decrescente";"Céu Claro";"Dupla";"Reta";"Sim";4;1;1;0;2;0;1;4;-25,45471011;-50,6196247;"SPRF-PR";"DEL03-PR";"UOP03-DEL03-PR"
412149;2022-01-31;"segunda-feira";"12:10:00";"GO";40;0,6;"VALPARAISO DE GOIAS";"Acumulo de óleo sobre o pavimento";"Tombamento";"Com Vítimas Feridas";"Pleno dia";"Decrescente";"Sol";"Dupla";"Reta";"Sim";1;0;1;0;0;0;1;1;-16,058273;-47,982655;"SPRF-DF";"DEL01-DF";"UOP01-DEL01-DF"
412151;2022-01-31;"segunda-feira";"12:05:00";"RN";304;290;"MACAIBA";"Condutor deixou de manter distância do veículo da frente";"Colisão traseira";"Com Vítimas Feridas";"Pleno dia";"Crescente";"Céu Claro";"Simples";"Em Obras";"Não";7;0;1;0;6;0;1;2;-5,867747;-35,417353;"SPRF-RN";"DEL01-RN";"UOP02-DEL01-RN"
412153;2022-01-31;"segunda-feira";"10:50:00";"MG";381;531,9;"ITATIAIUCU";"Velocidade Incompatível";"Colisão com objeto";"Sem Vítimas";"Pleno dia";"Decrescente";"Chuva";"Dupla";"Declive;Curva";"Não";5;0;0;0;5;0;0;1;-20,18182886;-44,37895835;"SPRF-MG";"DEL04-MG";"UOP03-DEL04-MG"
412154;2022-01-31;"segunda-feira";"12:50:00";"MG";40;379;"CURVELO";"Avarias e/ou desgaste excessivo no pneu";"Saída de leito carroçável";"Com Vítimas Feridas";"Pleno dia";"Decrescente";"Garoa/Chuvisco";"Simples";"Reta";"Não";5;0;3;0;2;0;3;1;-18,87668502;-44,72217602;"SPRF-MG";"DEL02-MG";"UOP01-DEL02-MG"
412155;2022-01-31;"segunda-feira";"12:30:00";"PR";476;134;"CURITIBA";"Condutor deixou de manter distância do veículo da frente";"Colisão transversal";"Com Vítimas Feridas";"Pleno dia";"Decrescente";"Céu Claro";"Dupla";"Reta";"Sim";3;0;1;0;2;0;1;3;-25,476524;-49,259937;"SPRF-PR";"DEL01-PR";"UOP03-DEL01-PR"
412156;2022-01-31;"segunda-feira";"11:30:00";"MG";381;932,5;"EXTREMA";"Velocidade Incompatível";"Capotamento";"Com Vítimas Feridas";"Pleno dia";"Crescente";"Chuva";"Dupla";"Curva";"Não";2;0;1;0;1;0;1;1;-22,81198015;-46,28431295;"SPRF-MG";"DEL16-MG";"UOP03-DEL16-MG"
412157;2022-01-21;"sexta-feira";"13:20:00";"MG";381;167,8;"GOVERNADOR VALADARES";"Conversão proibida";"Colisão traseira";"Com Vítimas Fatais";"Pleno dia";"Decrescente";"Sol";"Simples";"Reta";"Não";3;1;0;0;1;1;0;3;-18,95969298;-42,07583292;"SPRF-MG";"DEL06-MG";"UOP01-DEL06-MG"
412158;2022-01-31;"segunda-feira";"12:25:00";"RJ";101;525;"ANGRA DOS REIS";"Chuva";"Queda de ocupante de veículo";"Com Vítimas Feridas";"Pleno dia";"Decrescente";"Chuva";"Simples";"Curva";"Não";2;0;1;0;1;0;1;2;-23,00539889;-44,48448504;"SPRF-RJ";"DEL03-RJ";"UOP02-DEL03-RJ"
412159;2022-01-31;"segunda-feira";"05:20:00";"RO";364;490;"ARIQUEMES";"Transitar na contramão";"Colisão lateral sentido oposto";"Sem Vítimas";"Amanhecer";"Crescente";"Nublado";"Simples";"Reta";"Não";3;0;0;0;3;0;0;2;-10,10375419;-62,94643309;"SPRF-RO";"DEL03-RO";"UOP01-DEL03-RO"
412161;2022-01-31;"segunda-feira";"07:30:00";"RS";116;305;"GUAIBA";"Condutor deixou de manter distância do veículo da frente";"Tombamento";"Com Vítimas Feridas";"Pleno dia";"Decrescente";"Céu Claro";"Simples";"Reta";"Não";1;0;1;0;0;0;1;1;-30,16312811;-51,37606884;"SPRF-RS";"DEL02-RS";"UOP01-DEL02-RS"
412162;2022-01-07;"sexta-feira";"10:20:00";"PE";423;19,1;"SAO CAITANO";"Ultrapassagem Indevida";"Colisão frontal";"Com Vítimas Feridas";"Pleno dia";"Decrescente";"Nublado";"Simples";"Reta";"Não";4;0;0;1;3;0;1;2;-8,33379683;-36,15201612;"SPRF-PE";"DEL02-PE";"UOP03-DEL02-PE"
412164;2022-01-06;"quinta-feira";"17:10:00";"RS";386;347,2;"LAJEADO";"Condutor deixou de manter distância do veículo da frente";"Colisão traseira";"Com Vítimas Feridas";"Pleno dia";"Crescente";"Sol";"Dupla";"Reta";"Não";2;0;1;0;1;0;1;2;-29,45306718;-51,96339548;"SPRF-RS";"DEL04-RS";"UOP01-DEL04-RS"
412166;2022-01-31;"segunda-feira";"14:30:00";"RS";293;13;"CAPAO DO LEAO";"Ausência de reação do condutor";"Colisão traseira";"Com Vítimas Feridas";"Pleno dia";"Decrescente";"Céu Claro";"Simples";"Reta";"Não";2;0;1;0;1;0;1;2;-31,7543548;-52,45089496;"SPRF-RS";"DEL07-RS";"UOP01-DEL07-RS"
412169;2022-01-16;"domingo";"03:25:00";"PE";104;68,7;"CARUARU";"Reação tardia ou ineficiente do condutor";"Colisão traseira";"Com Vítimas Feridas";"Plena Noite";"Decrescente";"Nublado";"Dupla";"Reta";"Não";3;0;2;0;1;0;2;2;-8,3107;-35,9904;"SPRF-PE";"DEL02-PE";"UOP01-DEL02-PE"
412174;2022-01-31;"segunda-feira";"14:00:00";"MT";364;490;"JANGADA";"Afundamento ou ondulação no pavimento";"Tombamento";"Com Vítimas Feridas";"Pleno dia";"Decrescente";"Chuva";"Simples";"Reta";"Não";1;0;1;0;0;0;1;1;-15,32587484;-56,42696975;"SPRF-MT";"DEL01-MT";"UOP02-DEL01-MT"
412178;2022-01-30;"domingo";"21:15:00";"SC";101;417;"ARARANGUA";"Velocidade Incompatível";"Colisão com objeto";"Com Vítimas Feridas";"Plena Noite";"Decrescente";"Céu Claro";"Dupla";"Reta";"Não";4;0;2;0;0;2;2;3;-28,97376391;-49,53023409;"SPRF-SC";"DEL02-SC";"UOP02-DEL02-SC"
412181;2022-01-05;"quarta-feira";"10:00:00";"PA";308;152;"CAPANEMA";"Estacionar ou parar em local proibido";"Colisão lateral mesmo sentido";"Com Vítimas Feridas";"Pleno dia";"Crescente";"Céu Claro";"Simples";"Reta";"Sim";3;0;2;0;1;0;2;2;-1,20700569;-47,17679869;"SPRF-PA";"DEL01-PA";"UOP03-DEL01-PA"
412184;2022-01-31;"segunda-feira";"15:40:00";"PA";316;23;"BENEVIDES";"Desrespeitar a preferência no cruzamento";"Colisão transversal";"Sem Vítimas";"Pleno dia";"Crescente";"Nublado";"Dupla";"Reta";"Sim";2;0;0;0;2;0;0;2;-1,34921636;-48,25389689;"SPRF-PA";"DEL01-PA";"UOP01-DEL01-PA"
412185;2022-01-31;"segunda-feira";"15:35:00";"PR";476;134;"CURITIBA";"Condutor deixou de manter distância do veículo da frente";"Colisão traseira";"Sem Vítimas";"Pleno dia";"Crescente";"Céu Claro";"Múltipla";"Interseção de Vias";"Sim";2;0;0;0;2;0;0;2;-25,476524;-49,259937;"SPRF-PR";"DEL01-PR";"UOP03-DEL01-PR"