"id";"data_inversa";"dia_semana";"horario";"uf";"br";"km";"municipio";"causa_acidente";"tipo_acidente";"classificacao_acidente";"fase_dia";"sentido_via";"condicao_metereologica";"tipo_pista";"tracado_via";"uso_solo";"pessoas";"mortos";"feridos_leves";"feridos_graves";"ilesos";"ignorados";"feridos";"veiculos";"latitude";"longitude";"regional";"delegacia";"uop"
412186;2022-01-31;"segunda-feira";"15:30:00";"SC";101;114,8;"ITAJAI";"Condutor deixou de manter distância do veículo da frente";"Colisão traseira";"Com Vítimas Feridas";"Pleno dia";"Crescente";"Céu Claro";"Dupla";"Viaduto";"Sim";2;0;1;0;1;0;1;2;-26,86192886;-48,7286704;"SPRF-SC";"DEL04-SC";"UOP04-DEL04-SC"
412187;2022-01-31;"segunda-feira";"15:50:00";"SP";488;1,3;"APARECIDA";"Desrespeitar a preferência no cruzamento";"Colisão transversal";"Com Vítimas Feridas";"Pleno dia";"Decrescente";"Céu Claro";"Dupla";"Rotatória";"Sim";2;0;1;0;1;0;1;2;-22,850164;-45,231808;"SPRF-SP";"DEL08-SP";"UOP01-DEL08-SP"
412188;2022-01-31;"segunda-feira";"15:40:00";"ES";101;418;"CACHOEIRO DE ITAPEMIRIM";"Acessar a via sem observar a presença dos outros veículos";"Colisão lateral mesmo sentido";"Com Vítimas Feridas";"Pleno dia";"Crescente";"Nublado";"Simples";"Interseção de Vias";"Não";2;0;1;0;1;0;1;2;-20,95438035;-41,09327978;"SPRF-ES";"DEL03-ES";"UOP02-DEL03-ES"
412192;2022-01-31;"segunda-feira";"15:00:00";"MG";40;716;"BARBACENA";"Chuva";"Colisão com objeto";"Com Vítimas Feridas";"Pleno dia";"Decrescente";"Chuva";"Dupla";"Curva";"Não";2;0;2;0;0;0;2;1;-21,25153502;-43,66402206;"SPRF-MG";"DEL05-MG";"UOP01-DEL05-MG"
412195;2022-01-31;"segunda-feira";"16:50:00";"SP";381;75,2;"SAO PAULO";"Pista Escorregadia";"Colisão com objeto";"Com Vítimas Feridas";"Pleno dia";"Decrescente";"Chuva";"Dupla";"Declive";"Não";1;0;1;0;0;0;1;1;-23,37660089;-46,56409613;"SPRF-SP";"DEL03-SP";"UOP01-DEL03-SP"
412196;2022-01-31;"segunda-feira";"16:55:00";"MG";356;267,4;"MURIAE";"Desrespeitar a preferência no cruzamento";"Colisão transversal";"Com Vítimas Feridas";"Pleno dia";"Crescente";"Céu Claro";"Simples";"Rotatória";"Sim";2;0;1;0;1;0;1;2;-21,12725696;-42,35052695;"SPRF-MG";"DEL07-MG";"UOP02-DEL07-MG"
412197;2022-01-31;"segunda-feira";"12:35:00";"MG";40;644,4;"CRISTIANO OTONI";"Chuva";"Colisão frontal";"Com Vítimas Fatais";"Pleno dia";"Decrescente";"Chuva";"Simples";"Curva";"Não";5;2;2;1;0;0;3;2;-20,78065;-43,811659;"SPRF-MG";"DEL05-MG";"UOP02-DEL05-MG"
412199;2022-01-31;"segunda-feira";"15:00:00";"BA";242;670;"WANDERLEY";"Reação tardia ou ineficiente do condutor";"Colisão transversal";"Com Vítimas Fatais";"Pleno dia";"Crescente";"Sol";"Simples";"Reta";"Não";2;1;0;1;0;0;1;2;-12,228403;-43,935419;"SPRF-BA";"DEL10-BA";"UOP02-DEL10-BA"
412201;2022-01-31;"segunda-feira";"17:10:00";"PE";101;69,8;"RECIFE";"Acumulo de areia ou detritos sobre o pavimento";"Tombamento";"Com Vítimas Feridas";"Pleno dia";"Crescente";"Nublado";"Múltipla";"Curva";"Sim";1;0;1;0;0;0;1;1;-8,066215;-34,943595;"SPRF-PE";"DEL01-PE";"UOP01-DEL01-PE"
412203;2022-01-31;"segunda-feira";"11:00:00";"RR";174;632;"AMAJARI";"Demais falhas na via";"Saída de leito carroçável";"Com Vítimas Feridas";"Pleno dia";"Decrescente";"Céu Claro";"Simples";"Reta";"Não";3;0;3;0;0;0;3;1;3,868935;-61,000607;"SPRF-RR";"DEL01-RR";"UOP01-DEL01-RR"
412205;2022-01-31;"segunda-feira";"16:50:00";"PR";116;127;"CURITIBA";"Velocidade Incompatível";"Colisão com objeto";"Com Vítimas Feridas";"Pleno dia";"Crescente";"Céu Claro";"Dupla";"Curva";"Sim";1;0;0;1;0;0;1;1;-25,612752;-49,31859701;"SPRF-PR";"DEL01-PR";"UOP03-DEL01-PR"
412206;2022-01-31;"segunda-feira";"10:00:00";"BA";116;729;"BOA NOVA";"Condutor deixou de manter distância do veículo da frente";"Colisão traseira";"Com Vítimas Feridas";"Pleno dia";"Decrescente";"Céu Claro";"Simples";"Reta";"Não";2;0;1;0;0;1;1;2;-14,27047355;-40,29314533;"SPRF-BA";"DEL08-BA";"UOP02-DEL08-BA"
412207;2022-01-31;"segunda-feira";"18:00:00";"PE";232;133,3;"CARUARU";"Obras na pista";"Queda de ocupante de veículo";"Com Vítimas Feridas";"Anoitecer";"Crescente";"Céu Claro";"Dupla";"Reta";"Sim";1;0;1;0;0;0;1;1;-8,30667677;-36,01796865;"SPRF-PE";"DEL02-PE";"UOP03-DEL02-PE"
412209;2022-01-31;"segunda-feira";"18:00:00";"PR";277;605,8;"SANTA TEREZA DO OESTE";"Acessar a via sem observar a presença dos outros veículos";"Atropelamento de Pedestre";"Com Vítimas Feridas";"Pleno dia";"Crescente";"Céu Claro";"Simples";"Reta";"Sim";2;0;1;0;1;0;1;2;-25,02995138;-53,57946397;"SPRF-PR";"DEL05-PR";"UOP02-DEL05-PR"
412212;2022-01-08;"sábado";"03:30:00";"GO";40;71,3;"CRISTALINA";"Condutor Dormindo";"Saída de leito carroçável";"Com Vítimas Feridas";"Plena Noite";"Crescente";"Garoa/Chuvisco";"Dupla";"Reta";"Não";1;0;0;1;0;0;1;1;-16,610105;-47,763344;"SPRF-DF";"DEL01-DF";"UOP02-DEL01-DF"
412215;2022-01-31;"segunda-feira";"18:00:00";"RJ";101;282;"ITABORAI";"Condutor Dormindo";"Colisão traseira";"Com Vítimas Feridas";"Pleno dia";"Crescente";"Céu Claro";"Dupla";"Reta";"Não";2;0;1;0;1;0;1;2;-22,7371391;-42,79664601;"SPRF-RJ";"DEL02-RJ";"UOP03-DEL02-RJ"
412216;2022-01-31;"segunda-feira";"19:00:00";"MG";381;894;"CAMBUI";"Avarias e/ou desgaste excessivo no pneu";"Capotamento";"Com Vítimas Feridas";"Plena Noite";"Crescente";"Chuva";"Múltipla";"Reta";"Não";5;0;2;2;1;0;4;1;-22,61659879;-46,0689412;"SPRF-MG";"DEL16-MG";"UOP03-DEL16-MG"
412217;2022-01-31;"segunda-feira";"17:50:00";"SC";470;33,5;"GASPAR";"Pedestre cruzava a pista fora da faixa";"Atropelamento de Pedestre";"Com Vítimas Feridas";"Pleno dia";"Crescente";"Nublado";"Dupla";"Reta";"Sim";2;0;0;1;1;0;1;2;-26,90939643;-48,94724199;"SPRF-SC";"DEL04-SC";"UOP01-DEL04-SC"
412218;2022-01-31;"segunda-feira";"19:10:00";"SC";101;46,5;"JOINVILLE";"Ausência de reação do condutor";"Tombamento";"Com Vítimas Feridas";"Plena Noite";"Crescente";"Céu Claro";"Dupla";"Reta";"Sim";1;0;1;0;0;0;1;1;-26,33150083;-48,86187762;"SPRF-SC";"DEL03-SC";"UOP01-DEL03-SC"
412220;2022-01-31;"segunda-feira";"19:45:00";"SC";101;208;"SAO JOSE";"Reação tardia ou ineficiente do condutor";"Colisão traseira";"Com Vítimas Feridas";"Plena Noite";"Decrescente";"Nublado";"Múltipla";"Declive";"Sim";2;0;1;0;1;0;1;2;-27,60327979;-48,63201818;"SPRF-SC";"DEL01-SC";"UOP01-DEL01-SC"
412223;2022-01-31;"segunda-feira";"17:20:00";"RS";392;9,1;"RIO GRANDE";"Acessar a via sem observar a presença dos outros veículos";"Colisão transversal";"Com Vítimas Feridas";"Pleno dia";"Crescente";"Céu Claro";"Simples";"Interseção de Vias";"Não";3;0;1;0;2;0;1;2;-32,1118045;-52,11384058;"SPRF-RS";"DEL07-RS";"UOP02-DEL07-RS"
412226;2022-01-31;"segunda-feira";"20:00:00";"RS";290;95;"PORTO ALEGRE";"Pedestre andava na pista";"Atropelamento de Pedestre";"Com Vítimas Fatais";"Plena Noite";"Decrescente";"Nublado";"Dupla";"Reta";"Sim";3;1;0;0;1;1;0;2;-29,982832;-51,201572;"SPRF-RS";"DEL01-RS";"UOP01-DEL01-RS"
412227;2022-01-31;"segunda-feira";"19:00:00";"RO";0;0;"PORTO VELHO";"Reação tardia ou ineficiente do condutor";"Colisão lateral mesmo sentido";"Sem Vítimas";"Plena Noite";"Não Informado";"Garoa/Chuvisco";"Simples";"Reta";"Sim";3;0;0;0;2;1;0;3;-8,758771;-63,901329;"SPRF-RO";"DEL01-RO";"UOP01-DEL01-RO"
412228;2022-01-31;"segunda-feira";"18:25:00";"MT";163;13;"ITIQUIRA";"Chuva";"Saída de leito carroçável";"Com Vítimas Feridas";"Anoitecer";"Crescente";"Chuva";"Dupla";"Reta";"Não";1;0;1;0;0;0;1;1;-17,40545107;-54,7567202;"SPRF-MT";"DEL02-MT";"UOP01-DEL02-MT"
412230;2022-01-31;"segunda-feira";"20:30:00";"PR";476;126;"CURITIBA";"Reação tardia ou ineficiente do condutor";"Saída de leito carroçável";"Com Vítimas Feridas";"Plena Noite";"Crescente";"Céu Claro";"Dupla";"Reta";"Sim";2;0;1;0;1;0;1;2;-25,416758;-49,223446;"SPRF-PR";"DEL01-PR";"UOP03-DEL01-PR"
412232;2022-01-31;"segunda-feira";"20:20:00";"PA";316;69;"CASTANHAL";"Acumulo de água sobre o pavimento";"Saída de leito carroçável";"Sem Vítimas";"Plena Noite";"Crescente";"Chuva";"Simples";"Curva";"Não";1;0;0;0;1;0;0;1;-1,29277675;-47,87507708;"SPRF-PA";"DEL01-PA";"UOP01-DEL01-PA"
412234;2022-01-31;"segunda-feira";"20:40:00";"RS";290;94;"PORTO ALEGRE";"Demais falhas na via";"Tombamento";"Com Vítimas Feridas";"Plena Noite";"Decrescente";"Céu Claro";"Múltipla";"Reta";"Sim";2;0;2;0;0;0;2;1;-29,973856;-51,197853;"SPRF-RS";"DEL01-RS";"UOP01-DEL01-RS"
412238;2022-01-31;"segunda-feira";"22:00:00";"RJ";40;116;"DUQUE DE CAXIAS";"Avarias e/ou desgaste excessivo no pneu";"Queda de ocupante de veículo";"Com Vítimas Feridas";"Plena Noite";"Decrescente";"Nublado";"Múltipla";"Reta";"Sim";2;0;1;0;1;0;1;1;-22,73662299;-43,28858785;"SPRF-RJ";"DEL01-RJ";"UOP01-DEL01-RJ"
412239;2022-01-31;"segunda-feira";"21:10:00";"RJ";116;318,1;"ITATIAIA";"Velocidade Incompatível";"Colisão com objeto";"Com Vítimas Feridas";"Plena Noite";"Decrescente";"Chuva";"Dupla";"Curva";"Sim";1;0;1;0;0;0;1;1;-22,46797868;-44,51030403;"SPRF-RJ";"DEL07-RJ";"UOP02-DEL07-RJ"
412240;2022-01-31;"segunda-feira";"19:15:00";"RO";364;258,6;"CACOAL";"Pista esburacada";"Queda de ocupante de veículo";"Com Vítimas Feridas";"Pleno dia";"Crescente";"Nublado";"Simples";"Reta;Aclive";"Não";1;0;1;0;0;0;1;1;-11,4322033;-61,63311042;"SPRF-RO";"DEL02-RO";"UOP02-DEL02-RO"
412241;2022-01-31;"segunda-feira";"22:10:00";"SC";101;204,2;"SAO JOSE";"Ausência de reação do condutor";"Queda de ocupante de veículo";"Com Vítimas Feridas";"Plena Noite";"Decrescente";"Céu Claro";"Múltipla";"Reta";"Sim";1;0;0;1;0;0;1;1;-27,57413014;-48,61363083;"SPRF-SC";"DEL01-SC";"UOP01-DEL01-SC"
412242;2022-01-31;"segunda-feira";"21:40:00";"MG";50;179,8;"UBERABA";"Ausência de reação do condutor";"Colisão com objeto";"Com Vítimas Feridas";"Plena Noite";"Crescente";"Nublado";"Dupla";"Viaduto;Aclive";"Sim";1;0;0;1;0;0;1;1;-19,77827047;-47,93140998;"SPRF-MG";"DEL13-MG";"UOP01-DEL13-MG"
412244;2022-01-31;"segunda-feira";"21:00:00";"RO";435;121;"CEREJEIRAS";"Estacionar ou parar em local proibido";"Colisão transversal";"Sem Vítimas";"Plena Noite";"Decrescente";"Garoa/Chuvisco";"Dupla";"Reta";"Sim";2;0;0;0;2;0;0;2;-13,18492412;-60,79214501;"SPRF-RO";"DEL04-RO";"UOP02-DEL04-RO"
412245;2022-01-31;"segunda-feira";"20:45:00";"MG";381;911,8;"CAMANDUCAIA";"Acumulo de água sobre o pavimento";"Saída de leito carroçável";"Sem Vítimas";"Plena Noite";"Decrescente";"Chuva";"Dupla";"Curva";"Não";1;0;0;0;1;0;0;1;-22,70555748;-46,11969429;"SPRF-MG";"DEL16-MG";"UOP03-DEL16-MG"
412248;2022-01-31;"segunda-feira";"18:10:00";"SC";101;117;"ITAJAI";"Condutor deixou de manter distância do veículo da frente";"Colisão traseira";"Com Vítimas Feridas";"Anoitecer";"Crescente";"Céu Claro";"Dupla";"Reta";"Sim";2;0;1;0;1;0;1;2;-26,88747187;-48,72252969;"SPRF-SC";"DEL04-SC";"UOP04-DEL04-SC"
412250;2022-02-01;"terça-feira";"01:00:00";"PR";116;90;"PIRAQUARA";"Demais falhas na via";"Colisão com objeto";"Com Vítimas Feridas";"Plena Noite";"Crescente";"Chuva";"Dupla";"Reta";"Não";2;0;1;0;1;0;1;1;-25,49937592;-49,11952972;"SPRF-PR";"DEL01-PR";"UOP01-DEL01-PR"
412251;2022-01-31;"segunda-feira";"22:00:00";"SC";282;5,6;"SAO JOSE";"Mal súbito do condutor";"Tombamento";"Com Vítimas Feridas";"Plena Noite";"Crescente";"Garoa/Chuvisco";"Dupla";"Curva";"Não";1;0;1;0;0;0;1;1;-27,588425;-48,612919;"SPRF-SC";"DEL01-SC";"UOP01-DEL01-SC"
412253;2022-01-15;"sábado";"18:00:00";"RS";293;74,4;"PIRATINI";"Velocidade Incompatível";"Saída de leito carroçável";"Com Vítimas Feridas";"Pleno dia";"Crescente";"Chuva";"Simples";"Reta";"Não";3;0;2;0;1;0;2;1;-31,6807483;-53,06583801;"SPRF-RS";"DEL07-RS";"UOP01-DEL07-RS"
412257;2022-02-01;"terça-feira";"04:00:00";"MS";163;382,6;"NOVA ALVORADA DO SUL";"Animais na Pista";"Saída de leito carroçável";"Com Vítimas Feridas";"Amanhecer";"Crescente";"Nublado";"Simples";"Reta";"Não";2;0;1;0;1;0;1;1;-21,32266814;-54,42381827;"SPRF-MS";"DEL02-MS";"UOP01-DEL02-MS"
412259;2022-02-01;"terça-feira";"06:15:00";"SE";235;2,7;"ARACAJU";"Velocidade Incompatível";"Saída de leito carroçável";"Com Vítimas Feridas";"Pleno dia";"Decrescente";"Chuva";"Dupla";"Reta";"Sim";7;0;7;0;0;0;7;3;-10,9062;-37,1034;"SPRF-SE";"DEL01-SE";"UOP01-DEL01-SE"
412261;2022-02-01;"terça-feira";"05:25:00";"RS";116;351;"TAPES";"Reação tardia ou ineficiente do condutor";"Saída de leito carroçável";"Com Vítimas Feridas";"Amanhecer";"Decrescente";"Céu Claro";"Dupla";"Curva";"Não";2;0;1;0;1;0;1;1;-30,54265918;-51,50982213;"SPRF-RS";"DEL02-RS";"UOP02-DEL02-RS"
412262;2022-02-01;"terça-feira";"06:00:00";"PA";316;104;"SANTA MARIA DO PARA";"Acessar a via sem observar a presença dos outros veículos";"Colisão transversal";"Com Vítimas Feridas";"Pleno dia";"Decrescente";"Céu Claro";"Simples";"Reta";"Não";2;0;1;0;1;0;1;2;-1,34122377;-47,56882496;"SPRF-PA";"DEL01-PA";"UOP02-DEL01-PA"
412264;2022-01-10;"segunda-feira";"12:00:00";"PE";423;59;"LAJEDO";"Acessar a via sem observar a presença dos outros veículos";"Colisão frontal";"Com Vítimas Feridas";"Pleno dia";"Crescente";"Céu Claro";"Simples";"Reta";"Sim";3;0;0;1;2;0;1;2;-8,64676387;-36,31558317;"SPRF-PE";"DEL03-PE";"UOP01-DEL03-PE"
412265;2022-02-01;"terça-feira";"06:50:00";"SE";235;2;"ARACAJU";"Obstrução na via";"Tombamento";"Com Vítimas Feridas";"Pleno dia";"Crescente";"Céu Claro";"Dupla";"Declive;Interseção de Vias;Viaduto";"Sim";1;0;1;0;0;0;1;1;-10,9062;-37,1034;"SPRF-SE";"DEL01-SE";"UOP01-DEL01-SE"
412266;2022-02-01;"terça-feira";"05:50:00";"GO";60;40,3;"ALEXANIA";"Condutor Dormindo";"Colisão traseira";"Com Vítimas Feridas";"Amanhecer";"Crescente";"Céu Claro";"Dupla";"Reta";"Não";2;0;1;0;1;0;1;2;-16,1107;-48,5646;"SPRF-DF";"DEL03-DF";"UOP01-DEL03-DF"
412268;2022-02-01;"terça-feira";"02:20:00";"PR";476;122;"CURITIBA";"Ingestão de álcool pelo condutor";"Colisão com objeto";"Sem Vítimas";"Plena Noite";"Crescente";"Nublado";"Simples";"Curva;Em Obras";"Sim";1;0;0;0;1;0;0;1;-25,385775;-49,203377;"SPRF-PR";"DEL01-PR";"UOP02-DEL01-PR"
412269;2022-02-01;"terça-feira";"07:00:00";"PB";230;20,3;"JOAO PESSOA";"Reação tardia ou ineficiente do condutor";"Tombamento";"Com Vítimas Feridas";"Pleno dia";"Decrescente";"Céu Claro";"Dupla";"Reta";"Sim";1;0;0;1;0;0;1;1;-7,1337;-34,8544;"SPRF-PB";"DEL01-PB";"UOP01-DEL01-PB"
412271;2022-02-01;"terça-feira";"07:40:00";"RJ";40;121;"DUQUE DE CAXIAS";"Manobra de mudança de faixa";"Colisão lateral mesmo sentido";"Com Vítimas Feridas";"Pleno dia";"Crescente";"Nublado";"Múltipla";"Curva";"Sim";2;0;1;0;1;0;1;2;-22,78185499;-43,28571273;"SPRF-RJ";"DEL01-RJ";"UOP01-DEL01-RJ"
412273;2022-02-01;"terça-feira";"07:45:00";"PR";277;237,3;"IRATI";"Acessar a via sem observar a presença dos outros veículos";"Colisão transversal";"Com Vítimas Feridas";"Pleno dia";"Crescente";"Céu Claro";"Simples";"Reta;Retorno Regulamentado";"Não";2;0;1;0;1;0;1;2;-25,46258015;-50,59550822;"SPRF-PR";"DEL03-PR";"UOP03-DEL03-PR"
412274;2022-02-01;"terça-feira";"07:40:00";"DF";20;9,4;"BRASILIA";"Manobra de mudança de faixa";"Colisão lateral mesmo sentido";"Com Vítimas Feridas";"Pleno dia";"Decrescente";"Sol";"Dupla";"Reta;Declive";"Sim";2;0;1;0;0;1;1;2;-15,654671;-47,782917;"SPRF-DF";"DEL02-DF";"UOP01-DEL02-DF"
412275;2022-02-01;"terça-feira";"08:00:00";"RJ";116;268,3;"BARRA MANSA";"Ausência de reação do condutor";"Colisão com objeto";"Sem Vítimas";"Pleno dia";"Crescente";"Nublado";"Dupla";"Curva";"Não";1;0;0;0;1;0;0;1;-22,58240306;-44,11006543;"SPRF-RJ";"DEL07-RJ";"UOP02-DEL07-RJ"
412276;2022-01-08;"sábado";"11:00:00";"PR";467;90,8;"CASCAVEL";"Velocidade Incompatível";"Saída de leito carroçável";"Com Vítimas Feridas";"Pleno dia";"Crescente";"Céu Claro";"Dupla";"Curva";"Não";1;0;0;1;0;0;1;1;-24,8439;-53,6077;"SPRF-PR";"DEL04-PR";"UOP01-DEL04-PR"
412278;2022-02-01;"terça-feira";"07:50:00";"RJ";116;189;"QUEIMADOS";"Avarias e/ou desgaste excessivo no pneu";"Tombamento";"Sem Vítimas";"Pleno dia";"Crescente";"Céu Claro";"Múltipla";"Reta";"Não";2;0;0;0;2;0;0;1;-22,73765712;-43,49182298;"SPRF-RJ";"DEL01-RJ";"UOP02-DEL01-RJ"
412279;2022-02-01;"terça-feira";"08:30:00";"SP";116;227;"GUARULHOS";"Trafegar com motocicleta (ou similar) entre as faixas";"Colisão lateral mesmo sentido";"Com Vítimas Feridas";"Pleno dia";"Crescente";"Céu Claro";"Múltipla";"Curva";"Sim";2;0;1;0;0;1;1;2;-23,49929166;-46,56160355;"SPRF-SP";"DEL01-SP";"UOP01-DEL01-SP"
412280;2022-02-01;"terça-feira";"08:10:00";"ES";101;264,5;"SERRA";"Manobra de mudança de faixa";"Colisão lateral mesmo sentido";"Com Vítimas Feridas";"Pleno dia";"Decrescente";"Sol";"Múltipla";"Interseção de Vias";"Sim";3;0;2;0;1;0;2;2;-20,17292791;-40,26736384;"SPRF-ES";"DEL02-ES";"UOP01-DEL02-ES"
412281;2022-01-01;"sábado";"11:00:00";"PE";101;49,4;"ABREU E LIMA";"Reação tardia ou ineficiente do condutor";"Colisão traseira";"Com Vítimas Feridas";"Pleno dia";"Crescente";"Céu Claro";"Múltipla";"Reta";"Sim";3;0;0;2;1;0;2;2;-7,9005152;-34,90180641;"SPRF-PE";"DEL01-PE";"UOP02-DEL01-PE"
412282;2022-02-01;"terça-feira";"08:30:00";"GO";50;249,1;"CATALAO";"Ausência de reação do condutor";"Colisão lateral mesmo sentido";"Com Vítimas Feridas";"Pleno dia";"Crescente";"Nublado";"Dupla";"Declive";"Não";4;0;2;0;2;0;2;2;-17,959;-47,7944;"SPRF-GO";"DEL06-GO";"UOP01-DEL06-GO"
412284;2022-02-01;"terça-feira";"08:30:00";"SC";101;132,3;"BALNEARIO CAMBORIU";"Reação tardia ou ineficiente do condutor";"Colisão traseira";"Com Vítimas Feridas";"Pleno dia";"Decrescente";"Céu Claro";"Dupla";"Reta";"Sim";3;0;1;0;2;0;1;3;-26,99654133;-48,65564711;"SPRF-SC";"DEL04-SC";"UOP03-DEL04-SC"
412287;2022-01-28;"sexta-feira";"19:20:00";"BA";324;549;"AMELIA RODRIGUES";"Demais falhas mecânicas ou elétricas";"Colisão com objeto";"Com Vítimas Feridas";"Plena Noite";"Decrescente";"Céu Claro";"Múltipla";"Reta";"Não";3;0;3;0;0;0;3;1;-12,43255269;-38,7319107;"SPRF-BA";"DEL01-BA";"UOP03-DEL01-BA"
412288;2022-02-01;"terça-feira";"08:30:00";"GO";414;409,3;"ABADIANIA";"Acessar a via sem observar a presença dos outros veículos";"Colisão transversal";"Com Vítimas Feridas";"Pleno dia";"Crescente";"Céu Claro";"Simples";"Interseção de Vias";"Sim";4;0;1;0;3;0;1;2;-16,04944018;-48,85300822;"SPRF-GO";"DEL02-GO";"UOP01-DEL02-GO"
412290;2022-02-01;"terça-feira";"08:20:00";"PR";376;174;"MARINGA";"Reação tardia ou ineficiente do condutor";"Tombamento";"Com Vítimas Feridas";"Pleno dia";"Decrescente";"Céu Claro";"Múltipla";"Aclive";"Sim";1;0;1;0;0;0;1;1;-23,41503274;-51,95202827;"SPRF-PR";"DEL09-PR";"UOP01-DEL09-PR"
412302;2022-01-15;"sábado";"07:00:00";"PE";232;138,6;"CARUARU";"Estacionar ou parar em local proibido";"Colisão lateral mesmo sentido";"Com Vítimas Feridas";"Pleno dia";"Decrescente";"Sol";"Dupla";"Interseção de Vias";"Não";3;0;2;0;1;0;2;2;-8,319332;-36,064512;"SPRF-PE";"DEL02-PE";"UOP03-DEL02-PE"
412305;2022-02-01;"terça-feira";"11:30:00";"PR";277;592;"CASCAVEL";"Acessar a via sem observar a presença dos outros veículos";"Colisão frontal";"Com Vítimas Feridas";"Pleno dia";"Decrescente";"Céu Claro";"Simples";"Reta";"Sim";2;0;1;0;1;0;1;2;-24,98285697;-53,47319399;"SPRF-PR";"DEL04-PR";"UOP01-DEL04-PR"
412308;2022-02-01;"terça-feira";"10:00:00";"MG";251;456,5;"FRANCISCO SA";"Reação tardia ou ineficiente do condutor";"Saída de leito carroçável";"Com Vítimas Feridas";"Pleno dia";"Crescente";"Chuva";"Simples";"Reta";"Não";2;0;1;0;1;0;1;1;-16,42186488;-43,35166492;"SPRF-MG";"DEL12-MG";"UOP01-DEL12-MG"
412309;2022-02-01;"terça-feira";"10:45:00";"MS";60;503,2;"MARACAJU";"Reação tardia ou ineficiente do condutor";"Saída de leito carroçável";"Com Vítimas Feridas";"Pleno dia";"Crescente";"Céu Claro";"Simples";"Curva";"Não";4;0;2;2;0;0;4;1;-21,22120117;-55,53908587;"SPRF-MS";"DEL01-MS";"UOP04-DEL01-MS"
412315;2022-01-11;"terça-feira";"12:25:00";"RS";290;103,7;"ELDORADO DO SUL";"Ausência de reação do condutor";"Colisão traseira";"Com Vítimas Feridas";"Pleno dia";"Decrescente";"Céu Claro";"Dupla";"Ponte";"Não";2;0;1;0;0;1;1;2;-29,99017;-51,265766;"SPRF-RS";"DEL02-RS";"UOP01-DEL02-RS"
412317;2022-01-08;"sábado";"10:00:00";"RS";386;147,6;"ALMIRANTE TAMANDARE DO SUL";"Condutor deixou de manter distância do veículo da frente";"Colisão traseira";"Com Vítimas Feridas";"Pleno dia";"Decrescente";"Sol";"Simples";"Aclive";"Não";5;0;1;0;4;0;1;4;-28,056545;-52,870819;"SPRF-RS";"DEL08-RS";"UOP01-DEL08-RS"
412319;2022-02-01;"terça-feira";"09:36:00";"RJ";101;327;"RIO DE JANEIRO";"Ausência de reação do condutor";"Tombamento";"Com Vítimas Feridas";"Pleno dia";"Crescente";"Céu Claro";"Dupla";"Reta";"Não";1;0;1;0;0;0;1;1;-22,87117393;-43,15595099;"SPRF-RJ";"DEL02-RJ";"UOP02-DEL02-RJ"
412320;2022-01-19;"quarta-feira";"13:00:00";"BA";415;18;"ILHEUS";"Reação tardia ou ineficiente do condutor";"Colisão traseira";"Com Vítimas Feridas";"Pleno dia";"Decrescente";"Céu Claro";"Simples";"Reta";"Não";3;0;1;1;1;0;2;2;-14,8482;-39,281986;"SPRF-BA";"DEL05-BA";"UOP01-DEL05-BA"
412321;2022-02-01;"terça-feira";"14:00:00";"GO";153;426,2;"ANAPOLIS";"Velocidade Incompatível";"Saída de leito carroçável";"Com Vítimas Feridas";"Pleno dia";"Decrescente";"Nublado";"Dupla";"Declive;Curva";"Não";2;0;2;0;0;0;2;1;-16,221258;-49,013374;"SPRF-GO";"DEL02-GO";"UOP01-DEL02-GO"
412322;2022-02-01;"terça-feira";"13:10:00";"MS";163;484,4;"CAMPO GRANDE";"Ausência de reação do condutor";"Colisão traseira";"Com Vítimas Feridas";"Pleno dia";"Crescente";"Céu Claro";"Simples";"Reta";"Não";3;0;1;0;2;0;1;2;-20,45104898;-54,5403266;"SPRF-MS";"DEL01-MS";"UOP02-DEL01-MS"
412325;2022-01-15;"sábado";"10:40:00";"PE";101;44;"IGARASSU";"Condutor deixou de manter distância do veículo da frente";"Colisão traseira";"Com Vítimas Feridas";"Pleno dia";"Crescente";"Nublado";"Múltipla";"Reta";"Sim";2;0;1;0;1;0;1;2;-7,85637001;-34,90842109;"SPRF-PE";"DEL01-PE";"UOP02-DEL01-PE"
412329;2022-02-01;"terça-feira";"13:39:00";"MG";40;576;"ITABIRITO";"Retorno proibido";"Colisão lateral mesmo sentido";"Com Vítimas Feridas";"Pleno dia";"Decrescente";"Nublado";"Simples";"Reta";"Não";2;0;1;0;1;0;1;2;-20,26485707;-43,9573481;"SPRF-MG";"DEL01-MG";"UOP02-DEL01-MG"
412330;2022-02-01;"terça-feira";"11:50:00";"AC";364;137;"RIO BRANCO";"Desrespeitar a preferência no cruzamento";"Colisão traseira";"Com Vítimas Feridas";"Pleno dia";"Decrescente";"Nublado";"Dupla";"Rotatória";"Não";2;0;1;0;0;1;1;2;-9,96935404;-67,85264513;"SPRF-AC";"DEL01-AC";"UOP01-DEL01-AC"
412335;2022-02-01;"terça-feira";"14:25:00";"RS";116;269;"CANOAS";"Reação tardia ou ineficiente do condutor";"Engavetamento";"Com Vítimas Feridas";"Pleno dia";"Crescente";"Sol";"Múltipla";"Reta";"Sim";3;0;1;0;2;0;1;3;-29,95942501;-51,17608515;"SPRF-RS";"DEL01-RS";"UOP01-DEL01-RS"