"id";"data_inversa";"dia_semana";"horario";"uf";"br";"km";"municipio";"causa_acidente";"tipo_acidente";"classificacao_acidente";"fase_dia";"sentido_via";"condicao_metereologica";"tipo_pista";"tracado_via";"uso_solo";"pessoas";"mortos";"feridos_leves";"feridos_graves";"ilesos";"ignorados";"feridos";"veiculos";"latitude";"longitude";"regional";"delegacia";"uop"
412338;2022-02-01;"terça-feira";"10:15:00";"MG";381;602,4;"OLIVEIRA";"Demais falhas mecânicas ou elétricas";"Colisão com objeto";"Com Vítimas Feridas";"Pleno dia";"Decrescente";"Nublado";"Dupla";"Curva";"Não";5;0;3;0;2;0;3;1;-20,64093399;-44,73754786;"SPRF-MG";"DEL04-MG";"UOP01-DEL04-MG"
412342;2022-02-01;"terça-feira";"15:30:00";"RJ";116;181;"NOVA IGUACU";"Demais falhas mecânicas ou elétricas";"Queda de ocupante de veículo";"Com Vítimas Feridas";"Pleno dia";"Decrescente";"Nublado";"Dupla";"Reta";"Sim";1;0;0;1;0;0;1;1;-22,761312;-43,423492;"SPRF-RJ";"DEL01-RJ";"UOP02-DEL01-RJ"
412343;2022-02-01;"terça-feira";"15:30:00";"RS";116;267;"CANOAS";"Condutor deixou de manter distância do veículo da frente";"Colisão traseira";"Sem Vítimas";"Pleno dia";"Crescente";"Céu Claro";"Dupla";"Reta";"Sim";2;0;0;0;2;0;0;2;-29,94142398;-51,17697062;"SPRF-RS";"DEL01-RS";"UOP01-DEL01-RS"
412344;2022-02-01;"terça-feira";"07:40:00";"RJ";40;90;"PETROPOLIS";"Ausência de reação do condutor";"Colisão com objeto";"Com Vítimas Feridas";"Pleno dia";"Crescente";"Nublado";"Simples";"Reta";"Não";1;0;1;0;0;0;1;1;-22,550738;-43,236397;"SPRF-RJ";"DEL06-RJ";"UOP01-DEL06-RJ"
412345;2022-02-01;"terça-feira";"15:15:00";"GO";60;34,5;"ALEXANIA";"Mal súbito do condutor";"Saída de leito carroçável";"Com Vítimas Feridas";"Pleno dia";"Crescente";"Nublado";"Dupla";"Reta;Declive";"Não";2;0;1;1;0;0;2;1;-16,099538;-48,522815;"SPRF-DF";"DEL03-DF";"UOP01-DEL03-DF"
412346;2022-02-01;"terça-feira";"13:25:00";"SC";101;434,1;"SOMBRIO";"Condutor deixou de manter distância do veículo da frente";"Colisão transversal";"Com Vítimas Feridas";"Pleno dia";"Crescente";"Céu Claro";"Simples";"Reta";"Sim";2;0;0;1;1;0;1;2;-29,08858346;-49,63182276;"SPRF-SC";"DEL02-SC";"UOP02-DEL02-SC"
412348;2022-02-01;"terça-feira";"16:00:00";"PE";232;221;"PESQUEIRA";"Acessar a via sem observar a presença dos outros veículos";"Colisão transversal";"Com Vítimas Feridas";"Pleno dia";"Decrescente";"Céu Claro";"Simples";"Reta";"Não";2;0;0;1;1;0;1;2;-8,40095324;-36,79199096;"SPRF-PE";"DEL03-PE";"UOP02-DEL03-PE"
412349;2022-02-01;"terça-feira";"07:30:00";"BA";324;620;"SALVADOR";"Ultrapassagem Indevida";"Colisão lateral mesmo sentido";"Com Vítimas Feridas";"Pleno dia";"Decrescente";"Céu Claro";"Múltipla";"Aclive;Curva";"Sim";2;0;0;1;1;0;1;2;-12,90482172;-38,45556535;"SPRF-BA";"DEL01-BA";"UOP01-DEL01-BA"
412350;2022-02-01;"terça-feira";"17:00:00";"RJ";116;179;"NOVA IGUACU";"Manobra de mudança de faixa";"Colisão transversal";"Com Vítimas Feridas";"Anoitecer";"Crescente";"Nublado";"Dupla";"Reta";"Sim";3;0;3;0;0;0;3;2;-22,769902;-43,408036;"SPRF-RJ";"DEL01-RJ";"UOP02-DEL01-RJ"
412351;2022-02-01;"terça-feira";"17:20:00";"SC";282;3;"FLORIANOPOLIS";"Manobra de mudança de faixa";"Colisão lateral mesmo sentido";"Com Vítimas Feridas";"Pleno dia";"Crescente";"Céu Claro";"Múltipla";"Reta";"Sim";2;0;1;0;1;0;1;2;-27,600384;-48,599705;"SPRF-SC";"DEL01-SC";"UOP01-DEL01-SC"
412352;2022-02-01;"terça-feira";"17:00:00";"PA";316;51;"SANTA IZABEL DO PARA";"Acumulo de água sobre o pavimento";"Saída de leito carroçável";"Com Vítimas Feridas";"Pleno dia";"Crescente";"Chuva";"Dupla";"Reta";"Sim";2;0;2;0;0;0;2;1;-1,30696138;-48,03478;"SPRF-PA";"DEL01-PA";"UOP01-DEL01-PA"
412353;2022-02-01;"terça-feira";"16:20:00";"RS";386;248,9;"SOLEDADE";"Condutor deixou de manter distância do veículo da frente";"Colisão traseira";"Sem Vítimas";"Pleno dia";"Crescente";"Céu Claro";"Simples";"Reta";"Não";2;0;0;0;2;0;0;2;-28,817902;-52,484734;"SPRF-RS";"DEL04-RS";"UOP03-DEL04-RS"
412354;2022-02-01;"terça-feira";"18:20:00";"RS";116;243;"SAO LEOPOLDO";"Reação tardia ou ineficiente do condutor";"Colisão lateral mesmo sentido";"Com Vítimas Feridas";"Pleno dia";"Decrescente";"Céu Claro";"Simples";"Interseção de Vias";"Sim";2;0;1;0;1;0;1;2;-29,7364063;-51,1496731;"SPRF-RS";"DEL01-RS";"UOP02-DEL01-RS"
412356;2022-02-01;"terça-feira";"17:05:00";"RS";116;528,1;"CAPAO DO LEAO";"Reação tardia ou ineficiente do condutor";"Colisão lateral mesmo sentido";"Com Vítimas Feridas";"Pleno dia";"Decrescente";"Céu Claro";"Simples";"Reta";"Sim";2;0;1;0;1;0;1;2;-31,75074207;-52,41851397;"SPRF-RS";"DEL07-RS";"UOP01-DEL07-RS"
412357;2022-02-01;"terça-feira";"18:30:00";"BA";324;525,9;"FEIRA DE SANTANA";"Pedestre andava na pista";"Atropelamento de Pedestre";"Com Vítimas Feridas";"Anoitecer";"Crescente";"Nublado";"Dupla";"Interseção de Vias;Reta";"Sim";2;0;0;1;0;1;1;2;-12,3152912;-38,87895422;"SPRF-BA";"DEL01-BA";"UOP03-DEL01-BA"
412359;2022-02-01;"terça-feira";"18:50:00";"ES";101;270,8;"SERRA";"Reação tardia ou ineficiente do condutor";"Tombamento";"Com Vítimas Feridas";"Anoitecer";"Decrescente";"Céu Claro";"Dupla";"Reta";"Sim";1;0;1;0;0;0;1;1;-20,22662056;-40,27075088;"SPRF-ES";"DEL02-ES";"UOP01-DEL02-ES"
412360;2022-02-01;"terça-feira";"16:30:00";"MG";365;636;"UBERLANDIA";"Ausência de reação do condutor";"Colisão com objeto";"Com Vítimas Feridas";"Pleno dia";"Crescente";"Céu Claro";"Dupla";"Declive;Reta";"Não";1;0;1;0;0;0;1;1;-18,89121835;-48,42797405;"SPRF-MG";"DEL15-MG";"UOP01-DEL15-MG"
412362;2022-01-23;"domingo";"06:15:00";"MS";163;27;"MUNDO NOVO";"Manobra de mudança de faixa";"Colisão com objeto";"Com Vítimas Feridas";"Amanhecer";"Crescente";"Céu Claro";"Simples";"Reta";"Não";1;0;1;0;0;0;1;1;-23,87440675;-54,32371862;"SPRF-MS";"DEL09-MS";"UOP02-DEL09-MS"
412363;2022-02-01;"terça-feira";"18:10:00";"RJ";101;429;"MANGARATIBA";"Chuva";"Capotamento";"Com Vítimas Feridas";"Anoitecer";"Decrescente";"Chuva";"Simples";"Curva";"Não";1;0;1;0;0;0;1;1;-22,935335;-44,0004;"SPRF-RJ";"DEL03-RJ";"UOP03-DEL03-RJ"
412365;2022-02-01;"terça-feira";"19:10:00";"MG";251;516,2;"MONTES CLAROS";"Pedestre andava na pista";"Atropelamento de Pedestre";"Com Vítimas Fatais";"Plena Noite";"Decrescente";"Céu Claro";"Simples";"Reta";"Não";2;1;0;0;0;1;0;2;-16,66055591;-43,75217401;"SPRF-MG";"DEL12-MG";"UOP01-DEL12-MG"
412366;2022-02-01;"terça-feira";"15:30:00";"MG";381;810;"CAREACU";"Chuva";"Saída de leito carroçável";"Com Vítimas Feridas";"Pleno dia";"Decrescente";"Chuva";"Dupla";"Reta";"Não";2;0;2;0;0;0;2;1;-22,04560399;-45,68921401;"SPRF-MG";"DEL16-MG";"UOP02-DEL16-MG"
412367;2022-02-01;"terça-feira";"19:10:00";"PB";230;68;"SOBRADO";"Conversão proibida";"Colisão transversal";"Com Vítimas Feridas";"Plena Noite";"Crescente";"Céu Claro";"Dupla";"Reta";"Não";3;0;1;0;2;0;1;2;-7,1873;-35,2065;"SPRF-PB";"DEL01-PB";"UOP03-DEL01-PB"
412368;2022-02-01;"terça-feira";"19:10:00";"MG";262;452,7;"NOVA SERRANA";"Condutor Dormindo";"Capotamento";"Com Vítimas Feridas";"Plena Noite";"Decrescente";"Nublado";"Simples";"Reta";"Não";1;0;1;0;0;0;1;1;-19,85998384;-45,00696635;"SPRF-MG";"DEL08-MG";"UOP03-DEL08-MG"
412369;2022-02-01;"terça-feira";"19:45:00";"PI";343;340;"TERESINA";"Acessar a via sem observar a presença dos outros veículos";"Colisão transversal";"Com Vítimas Feridas";"Plena Noite";"Crescente";"Céu Claro";"Dupla";"Reta";"Sim";2;0;1;0;1;0;1;2;-5,074137;-42,73629;"SPRF-PI";"DEL01-PI";"UOP01-DEL01-PI"
412371;2022-02-01;"terça-feira";"19:50:00";"PR";467;87,3;"CASCAVEL";"Condutor Dormindo";"Saída de leito carroçável";"Com Vítimas Feridas";"Plena Noite";"Decrescente";"Céu Claro";"Dupla";"Reta";"Sim";1;0;1;0;0;0;1;1;-24,8416;-53,6168;"SPRF-PR";"DEL04-PR";"UOP01-DEL04-PR"
412374;2022-02-01;"terça-feira";"16:20:00";"PR";153;216,7;"TIBAGI";"Velocidade Incompatível";"Saída de leito carroçável";"Sem Vítimas";"Pleno dia";"Decrescente";"Céu Claro";"Simples";"Aclive";"Não";2;0;0;0;2;0;0;1;-24,60303984;-50,43919557;"SPRF-PR";"DEL03-PR";"UOP02-DEL03-PR"
412376;2022-02-01;"terça-feira";"19:30:00";"BA";116;524;"ITATIM";"Ultrapassagem Indevida";"Capotamento";"Com Vítimas Feridas";"Plena Noite";"Decrescente";"Nublado";"Simples";"Reta";"Não";3;0;3;0;0;0;3;1;-12,70024334;-39,71218183;"SPRF-BA";"DEL03-BA";"UOP02-DEL03-BA"
412377;2022-02-01;"terça-feira";"20:15:00";"RJ";116;191;"QUEIMADOS";"Acumulo de água sobre o pavimento";"Queda de ocupante de veículo";"Com Vítimas Feridas";"Plena Noite";"Decrescente";"Chuva";"Dupla";"Reta";"Sim";3;0;2;0;1;0;2;2;-22,73122374;-43,56285095;"SPRF-RJ";"DEL01-RJ";"UOP02-DEL01-RJ"
412378;2022-02-01;"terça-feira";"20:30:00";"AP";210;2;"MACAPA";"Transitar na contramão";"Colisão lateral sentido oposto";"Com Vítimas Feridas";"Plena Noite";"Crescente";"Céu Claro";"Simples";"Reta";"Sim";3;0;1;0;2;0;1;3;0,08282017;-51,07776189;"SPRF-AP";"DEL01-AP";"UOP01-DEL01-AP"
412380;2022-02-01;"terça-feira";"16:00:00";"RO";435;123;"CEREJEIRAS";"Desrespeitar a preferência no cruzamento";"Colisão transversal";"Com Vítimas Feridas";"Pleno dia";"Decrescente";"Nublado";"Dupla";"Interseção de Vias";"Sim";2;0;1;0;1;0;1;2;-13,18889171;-60,808424;"SPRF-RO";"DEL04-RO";"UOP02-DEL04-RO"
412382;2022-02-01;"terça-feira";"21:10:00";"PR";116;104;"SAO JOSE DOS PINHAIS";"Ausência de reação do condutor";"Saída de leito carroçável";"Com Vítimas Feridas";"Plena Noite";"Decrescente";"Céu Claro";"Dupla";"Reta";"Não";2;0;1;0;1;0;1;1;-25,57240783;-49,20390129;"SPRF-PR";"DEL01-PR";"UOP01-DEL01-PR"
412384;2022-02-01;"terça-feira";"19:05:00";"RS";285;339;"CARAZINHO";"Condutor deixou de manter distância do veículo da frente";"Colisão traseira";"Com Vítimas Feridas";"Anoitecer";"Crescente";"Céu Claro";"Simples";"Aclive";"Sim";2;0;0;1;1;0;1;2;-28,31284;-52,788609;"SPRF-RS";"DEL08-RS";"UOP03-DEL08-RS"
412386;2022-02-01;"terça-feira";"20:03:00";"SC";101;308,7;"LAGUNA";"Ingestão de álcool pelo condutor";"Colisão traseira";"Com Vítimas Feridas";"Anoitecer";"Decrescente";"Céu Claro";"Múltipla";"Reta";"Não";4;0;2;0;2;0;2;2;-28,42137904;-48,79785961;"SPRF-SC";"DEL02-SC";"UOP01-DEL02-SC"
412393;2022-02-01;"terça-feira";"22:00:00";"RJ";101;316;"SAO GONCALO";"Reação tardia ou ineficiente do condutor";"Tombamento";"Com Vítimas Feridas";"Plena Noite";"Crescente";"Chuva";"Dupla";"Reta";"Não";1;0;1;0;0;0;1;1;-22,82835879;-43,09208739;"SPRF-RJ";"DEL02-RJ";"UOP02-DEL02-RJ"
412395;2022-02-01;"terça-feira";"22:10:00";"PB";230;21,4;"JOAO PESSOA";"Avarias e/ou desgaste excessivo no pneu";"Tombamento";"Com Vítimas Feridas";"Plena Noite";"Crescente";"Céu Claro";"Dupla";"Curva";"Sim";2;0;1;1;0;0;2;1;-7,1415;-34,8519;"SPRF-PB";"DEL01-PB";"UOP01-DEL01-PB"
412396;2022-02-01;"terça-feira";"23:30:00";"PB";104;131,6;"CAMPINA GRANDE";"Ausência de reação do condutor";"Saída de leito carroçável";"Com Vítimas Feridas";"Plena Noite";"Decrescente";"Céu Claro";"Simples";"Curva";"Sim";1;0;1;0;0;0;1;1;-7,29900408;-35,89187256;"SPRF-PB";"DEL02-PB";"UOP03-DEL02-PB"
412399;2022-02-01;"terça-feira";"23:10:00";"GO";60;127;"TEREZOPOLIS DE GOIAS";"Ingestão de álcool pelo condutor";"Saída de leito carroçável";"Sem Vítimas";"Plena Noite";"Decrescente";"Céu Claro";"Dupla";"Curva";"Não";1;0;0;0;1;0;0;1;-16,5412;-49,1495;"SPRF-GO";"DEL01-GO";"UOP01-DEL01-GO"
412401;2022-02-01;"terça-feira";"23:50:00";"SC";101;138;"BALNEARIO CAMBORIU";"Ingestão de álcool pelo condutor";"Colisão frontal";"Com Vítimas Feridas";"Plena Noite";"Decrescente";"Nublado";"Dupla";"Reta";"Sim";2;0;1;0;1;0;1;2;-27,02397426;-48,60761649;"SPRF-SC";"DEL04-SC";"UOP03-DEL04-SC"
412404;2022-02-01;"terça-feira";"23:10:00";"DF";20;21;"BRASILIA";"Velocidade Incompatível";"Colisão traseira";"Com Vítimas Feridas";"Plena Noite";"Crescente";"Garoa/Chuvisco";"Dupla";"Reta";"Sim";4;0;1;0;3;0;1;2;-15,60279456;-47,68421531;"SPRF-DF";"DEL02-DF";"UOP01-DEL02-DF"
412408;2022-02-02;"quarta-feira";"01:30:00";"RS";290;73;"GRAVATAI";"Condutor Dormindo";"Saída de leito carroçável";"Sem Vítimas";"Plena Noite";"Decrescente";"Céu Claro";"Simples";"Reta";"Não";1;0;0;0;1;0;0;1;-29,952868;-50,986462;"SPRF-RS";"DEL03-RS";"UOP01-DEL03-RS"
412411;2022-02-01;"terça-feira";"23:30:00";"SC";101;361;"SANGAO";"Ingestão de álcool pelo condutor";"Saída de leito carroçável";"Com Vítimas Feridas";"Plena Noite";"Decrescente";"Céu Claro";"Múltipla";"Interseção de Vias;Declive;Curva";"Sim";3;0;0;1;2;0;1;1;-28,66584041;-49,1146566;"SPRF-SC";"DEL02-SC";"UOP01-DEL02-SC"
412412;2022-02-02;"quarta-feira";"02:00:00";"DF";40;6;"BRASILIA";"Condutor Dormindo";"Colisão traseira";"Com Vítimas Feridas";"Plena Noite";"Decrescente";"Céu Claro";"Dupla";"Reta";"Sim";1;0;1;0;0;0;1;1;-16,029741;-47,978867;"SPRF-DF";"DEL01-DF";"UOP01-DEL01-DF"
412413;2022-02-02;"quarta-feira";"00:40:00";"PR";373;196,4;"PONTA GROSSA";"Condutor Dormindo";"Saída de leito carroçável";"Com Vítimas Feridas";"Plena Noite";"Decrescente";"Nublado";"Simples";"Curva";"Não";2;0;2;0;0;0;2;1;-25,07972439;-50,38549408;"SPRF-PR";"DEL03-PR";"UOP01-DEL03-PR"
412418;2022-02-02;"quarta-feira";"05:10:00";"SC";116;193,1;"PONTE ALTA";"Ingestão de álcool pelo condutor";"Saída de leito carroçável";"Sem Vítimas";"Amanhecer";"Crescente";"Céu Claro";"Simples";"Curva";"Não";1;0;0;0;1;0;0;1;-27,37129308;-50,42970441;"SPRF-SC";"DEL05-SC";"UOP03-DEL05-SC"
412419;2022-02-02;"quarta-feira";"04:30:00";"RJ";40;121;"DUQUE DE CAXIAS";"Manobra de mudança de faixa";"Capotamento";"Com Vítimas Feridas";"Amanhecer";"Crescente";"Céu Claro";"Múltipla";"Reta";"Sim";1;0;1;0;0;0;1;1;-22,778973;-43,285965;"SPRF-RJ";"DEL01-RJ";"UOP01-DEL01-RJ"
412420;2022-02-02;"quarta-feira";"05:50:00";"SC";470;48;"BLUMENAU";"Ausência de reação do condutor";"Tombamento";"Com Vítimas Feridas";"Pleno dia";"Decrescente";"Céu Claro";"Simples";"Em Obras";"Sim";1;0;1;0;0;0;1;1;-26,859823;-49,055393;"SPRF-SC";"DEL04-SC";"UOP01-DEL04-SC"
412423;2022-02-02;"quarta-feira";"05:44:00";"SP";116;211;"GUARULHOS";"Reação tardia ou ineficiente do condutor";"Colisão traseira";"Com Vítimas Feridas";"Pleno dia";"Crescente";"Céu Claro";"Dupla";"Reta";"Sim";1;0;1;0;0;0;1;1;-23,4324306;-46,4194352;"SPRF-SP";"DEL01-SP";"UOP01-DEL01-SP"
412424;2022-02-02;"quarta-feira";"06:10:00";"SC";101;205;"SAO JOSE";"Reação tardia ou ineficiente do condutor";"Queda de ocupante de veículo";"Com Vítimas Feridas";"Amanhecer";"Decrescente";"Nublado";"Múltipla";"Reta";"Sim";1;0;1;0;0;0;1;1;-27,58313237;-48,61532885;"SPRF-SC";"DEL01-SC";"UOP01-DEL01-SC"
412426;2022-02-02;"quarta-feira";"06:30:00";"ES";101;270;"SERRA";"Manobra de mudança de faixa";"Colisão lateral mesmo sentido";"Com Vítimas Feridas";"Pleno dia";"Crescente";"Céu Claro";"Múltipla";"Reta";"Sim";2;0;1;0;1;0;1;2;-20,22662056;-40,27075088;"SPRF-ES";"DEL02-ES";"UOP01-DEL02-ES"
412430;2022-02-02;"quarta-feira";"06:55:00";"RO";364;343;"JI-PARANA";"Entrada inopinada do pedestre";"Atropelamento de Pedestre";"Com Vítimas Feridas";"Pleno dia";"Decrescente";"Céu Claro";"Múltipla";"Interseção de Vias";"Sim";2;0;0;1;1;0;1;2;-10,87878519;-61,94499012;"SPRF-RO";"DEL02-RO";"UOP01-DEL02-RO"
412433;2022-02-02;"quarta-feira";"07:45:00";"PE";408;103;"RECIFE";"Acessar a via sem observar a presença dos outros veículos";"Colisão lateral mesmo sentido";"Com Vítimas Feridas";"Pleno dia";"Decrescente";"Céu Claro";"Dupla";"Interseção de Vias";"Sim";3;0;1;0;2;0;1;2;-8,065005;-34,989961;"SPRF-PE";"DEL01-PE";"UOP01-DEL01-PE"
412435;2022-02-02;"quarta-feira";"07:15:00";"PR";163;74,9;"PLANALTO";"Velocidade Incompatível";"Saída de leito carroçável";"Com Vítimas Feridas";"Pleno dia";"Crescente";"Céu Claro";"Simples";"Declive;Curva";"Não";1;0;1;0;0;0;1;1;-25,757575;-53,800042;"SPRF-PR";"DEL02-PR";"UOP02-DEL02-PR"
412436;2022-02-02;"quarta-feira";"08:20:00";"RS";448;13;"CANOAS";"Ausência de reação do condutor";"Colisão com objeto";"Com Vítimas Feridas";"Pleno dia";"Decrescente";"Céu Claro";"Dupla";"Curva";"Sim";1;0;1;0;0;0;1;1;-29,920603;-51,231792;"SPRF-RS";"DEL01-RS";"UOP01-DEL01-RS"
412440;2022-02-02;"quarta-feira";"06:50:00";"GO";414;439;"ANAPOLIS";"Acessar a via sem observar a presença dos outros veículos";"Colisão traseira";"Com Vítimas Feridas";"Amanhecer";"Crescente";"Céu Claro";"Simples";"Rotatória";"Sim";2;0;1;0;1;0;1;2;-16,28128823;-48,94258908;"SPRF-GO";"DEL02-GO";"UOP01-DEL02-GO"
412444;2022-02-02;"quarta-feira";"07:50:00";"CE";20;410;"CAUCAIA";"Ausência de reação do condutor";"Tombamento";"Com Vítimas Feridas";"Pleno dia";"Decrescente";"Céu Claro";"Dupla";"Reta";"Sim";1;0;1;0;0;0;1;1;-3,76999035;-38,67006282;"SPRF-CE";"DEL01-CE";"UOP01-DEL01-CE"
412445;2022-02-02;"quarta-feira";"09:00:00";"SC";101;133,6;"BALNEARIO CAMBORIU";"Ausência de reação do condutor";"Colisão traseira";"Com Vítimas Feridas";"Pleno dia";"Decrescente";"Céu Claro";"Dupla";"Reta";"Sim";3;0;1;0;2;0;1;3;-26,99936;-48,64609;"SPRF-SC";"DEL04-SC";"UOP03-DEL04-SC"
412446;2022-02-02;"quarta-feira";"07:00:00";"GO";153;21;"PORANGATU";"Animais na Pista";"Atropelamento de Animal";"Com Vítimas Feridas";"Pleno dia";"Crescente";"Céu Claro";"Simples";"Reta";"Não";2;0;1;0;1;0;1;1;-13,012278;-49,161537;"SPRF-GO";"DEL07-GO";"UOP01-DEL07-GO"
412447;2022-02-02;"quarta-feira";"08:00:00";"SP";381;89;"GUARULHOS";"Condutor deixou de manter distância do veículo da frente";"Colisão lateral sentido oposto";"Com Vítimas Feridas";"Pleno dia";"Crescente";"Nublado";"Múltipla";"Reta";"Sim";2;0;1;0;1;0;1;2;-23,48469299;-46,55983288;"SPRF-SP";"DEL03-SP";"UOP01-DEL03-SP"
412448;2022-01-16;"domingo";"17:25:00";"MG";116;738,5;"LARANJAL";"Ausência de reação do condutor";"Colisão traseira";"Com Vítimas Feridas";"Pleno dia";"Decrescente";"Céu Claro";"Simples";"Reta";"Não";3;0;2;0;1;0;2;2;-21,376934;-42,48054;"SPRF-MG";"DEL07-MG";"UOP01-DEL07-MG"
412449;2022-02-02;"quarta-feira";"08:50:00";"TO";153;614;"ALIANCA DO TOCANTINS";"Transitar na contramão";"Colisão frontal";"Com Vítimas Fatais";"Pleno dia";"Crescente";"Céu Claro";"Simples";"Reta";"Não";12;1;7;4;0;0;11;2;-11,22048996;-48,93221347;"SPRF-TO";"DEL01-TO";"UOP02-DEL01-TO"
412452;2022-02-02;"quarta-feira";"10:00:00";"RS";386;443;"CANOAS";"Carga excessiva e/ou mal acondicionada";"Derramamento de carga";"Com Vítimas Feridas";"Pleno dia";"Crescente";"Céu Claro";"Dupla";"Reta";"Não";2;0;1;0;1;0;1;2;-29,889194;-51,213398;"SPRF-RS";"DEL01-RS";"UOP01-DEL01-RS"
412453;2022-02-02;"quarta-feira";"10:30:00";"SC";282;16,1;"PALHOCA";"Conversão proibida";"Colisão lateral mesmo sentido";"Com Vítimas Feridas";"Pleno dia";"Crescente";"Sol";"Simples";"Interseção de Vias";"Sim";2;0;1;0;1;0;1;2;-27,66084761;-48,68379951;"SPRF-SC";"DEL01-SC";"UOP02-DEL01-SC"
412455;2022-01-29;"sábado";"21:50:00";"SC";470;55,2;"BLUMENAU";"Acesso irregular";"Colisão lateral mesmo sentido";"Sem Vítimas";"Plena Noite";"Crescente";"Céu Claro";"Simples";"Reta";"Sim";2;0;0;0;2;0;0;2;-26,875601;-49,117992;"SPRF-SC";"DEL04-SC";"UOP01-DEL04-SC"
412456;2022-02-01;"terça-feira";"19:44:00";"SP";116;309;"SAO LOURENCO DA SERRA";"Pista esburacada";"Eventos atípicos";"Sem Vítimas";"Plena Noite";"Decrescente";"Nublado";"Dupla";"Reta";"Não";2;0;0;0;2;0;0;1;-23,86766013;-46,95354593;"SPRF-SP";"DEL04-SP";"UOP01-DEL04-SP"
412457;2022-02-02;"quarta-feira";"10:30:00";"PE";232;9,3;"RECIFE";"Condutor deixou de manter distância do veículo da frente";"Colisão traseira";"Com Vítimas Feridas";"Pleno dia";"Crescente";"Céu Claro";"Simples";"Reta";"Não";2;0;1;0;1;0;1;2;-8,07764447;-34,97863609;"SPRF-PE";"DEL01-PE";"UOP01-DEL01-PE"
412458;2022-02-02;"quarta-feira";"11:20:00";"SC";101;208,5;"SAO JOSE";"Acessar a via sem observar a presença dos outros veículos";"Colisão lateral mesmo sentido";"Com Vítimas Feridas";"Pleno dia";"Decrescente";"Céu Claro";"Múltipla";"Interseção de Vias";"Sim";2;0;1;0;1;0;1;2;-27,60327979;-48,63201818;"SPRF-SC";"DEL01-SC";"UOP01-DEL01-SC"
412460;2022-02-02;"quarta-feira";"09:40:00";"SP";116;126,9;"CACAPAVA";"Avarias e/ou desgaste excessivo no pneu";"Tombamento";"Com Vítimas Feridas";"Pleno dia";"Decrescente";"Nublado";"Dupla";"Reta";"Sim";1;0;0;1;0;0;1;1;-23,10433057;-45,69425762;"SPRF-SP";"DEL02-SP";"UOP02-DEL02-SP"
412461;2022-02-02;"quarta-feira";"11:25:00";"RN";101;81,8;"NATAL";"Condutor deixou de manter distância do veículo da frente";"Colisão traseira";"Com Vítimas Feridas";"Pleno dia";"Decrescente";"Céu Claro";"Dupla";"Reta";"Sim";3;0;2;0;1;0;2;2;-5,76469466;-35,28295988;"SPRF-RN";"DEL02-RN";"UOP01-DEL02-RN"
412463;2022-02-02;"quarta-feira";"09:10:00";"CE";222;265;"COREAU";"Avarias e/ou desgaste excessivo no pneu";"Saída de leito carroçável";"Com Vítimas Feridas";"Pleno dia";"Decrescente";"Céu Claro";"Simples";"Reta";"Não";5;0;3;0;2;0;3;1;-3,74873692;-40,69363201;"SPRF-CE";"DEL04-CE";"UOP02-DEL04-CE"
412466;2022-02-02;"quarta-feira";"12:25:00";"RN";101;84;"NATAL";"Condutor deixou de manter distância do veículo da frente";"Colisão traseira";"Sem Vítimas";"Pleno dia";"Decrescente";"Céu Claro";"Dupla";"Reta";"Sim";2;0;0;0;2;0;0;2;-5,774175;-35,2578;"SPRF-RN";"DEL02-RN";"UOP01-DEL02-RN"
412467;2022-02-02;"quarta-feira";"10:30:00";"RJ";116;191;"QUEIMADOS";"Demais falhas mecânicas ou elétricas";"Incêndio";"Sem Vítimas";"Pleno dia";"Decrescente";"Céu Claro";"Dupla";"Reta";"Não";1;0;0;0;0;1;0;1;-22,74421443;-43,509822;"SPRF-RJ";"DEL01-RJ";"UOP02-DEL01-RJ"
412468;2022-02-02;"quarta-feira";"11:40:00";"SC";101;401,3;"MARACAJA";"Desrespeitar a preferência no cruzamento";"Colisão transversal";"Com Vítimas Feridas";"Pleno dia";"Decrescente";"Céu Claro";"Múltipla";"Reta";"Sim";2;0;1;0;1;0;1;2;-28,85594274;-49,44019434;"SPRF-SC";"DEL02-SC";"UOP02-DEL02-SC"
412470;2022-02-02;"quarta-feira";"11:10:00";"SC";101;56;"GUARAMIRIM";"Acessar a via sem observar a presença dos outros veículos";"Colisão transversal";"Com Vítimas Feridas";"Pleno dia";"Crescente";"Céu Claro";"Simples";"Reta";"Não";2;0;1;0;1;0;1;2;-26,43207484;-48,82263984;"SPRF-SC";"DEL03-SC";"UOP01-DEL03-SC"
412471;2022-02-02;"quarta-feira";"04:30:00";"BA";324;624;"SALVADOR";"Velocidade Incompatível";"Saída de leito carroçável";"Sem Vítimas";"Plena Noite";"Decrescente";"Céu Claro";"Dupla";"Reta";"Sim";1;0;0;0;0;1;0;1;-12,933839;-38,47190701;"SPRF-BA";"DEL01-BA";"UOP01-DEL01-BA"
412472;2022-01-02;"domingo";"09:10:00";"MS";262;349;"CAMPO GRANDE";"Transitar na contramão";"Colisão lateral sentido oposto";"Com Vítimas Feridas";"Pleno dia";"Decrescente";"Céu Claro";"Simples";"Reta";"Não";2;0;1;0;1;0;1;2;-20,56506095;-54,62199601;"SPRF-MS";"DEL01-MS";"UOP03-DEL01-MS"
412473;2022-02-02;"quarta-feira";"13:00:00";"GO";153;191;"URUACU";"Velocidade Incompatível";"Saída de leito carroçável";"Sem Vítimas";"Pleno dia";"Crescente";"Céu Claro";"Simples";"Reta";"Não";1;0;0;0;0;1;0;1;-14,437541;-49,156738;"SPRF-GO";"DEL07-GO";"UOP02-DEL07-GO"