"id";"data_inversa";"dia_semana";"horario";"uf";"br";"km";"municipio";"causa_acidente";"tipo_acidente";"classificacao_acidente";"fase_dia";"sentido_via";"condicao_metereologica";"tipo_pista";"tracado_via";"uso_solo";"pessoas";"mortos";"feridos_leves";"feridos_graves";"ilesos";"ignorados";"feridos";"veiculos";"latitude";"longitude";"regional";"delegacia";"uop"
412611;2022-02-03;"quinta-feira";"07:48:00";"MS";158;105;"PARANAIBA";"Velocidade Incompatível";"Saída de leito carroçável";"Com Vítimas Feridas";"Pleno dia";"Decrescente";"Céu Claro";"Simples";"Reta";"Não";1;0;1;0;0;0;1;1;-19,74422301;-51,12853303;"SPRF-MS";"DEL08-MS";"UOP01-DEL08-MS"
412612;2022-02-03;"quinta-feira";"07:45:00";"PR";476;279;"SAO MATEUS DO SUL";"Acessar a via sem observar a presença dos outros veículos";"Colisão transversal";"Com Vítimas Feridas";"Pleno dia";"Crescente";"Céu Claro";"Simples";"Declive";"Sim";2;0;1;0;1;0;1;2;-25,871132;-50,406021;"SPRF-PR";"DEL02-PR";"UOP04-DEL02-PR"
412613;2022-02-03;"quinta-feira";"08:30:00";"MS";163;728;"COXIM";"Acessar a via sem observar a presença dos outros veículos";"Colisão transversal";"Sem Vítimas";"Pleno dia";"Crescente";"Sol";"Simples";"Reta";"Sim";2;0;0;0;2;0;0;2;-18,52735393;-54,74045625;"SPRF-MS";"DEL06-MS";"UOP01-DEL06-MS"
412614;2022-01-26;"quarta-feira";"15:45:00";"RO";364;828;"PORTO VELHO";"Velocidade Incompatível";"Saída de leito carroçável";"Com Vítimas Feridas";"Pleno dia";"Crescente";"Chuva";"Simples";"Curva";"Não";4;0;1;0;3;0;1;1;-9,327701;-64,62977199;"SPRF-RO";"DEL01-RO";"UOP02-DEL01-RO"
412618;2022-02-03;"quinta-feira";"07:30:00";"MG";365;626,2;"UBERLANDIA";"Demais falhas na via";"Colisão com objeto";"Com Vítimas Feridas";"Pleno dia";"Decrescente";"Céu Claro";"Dupla";"Reta";"Sim";1;0;0;1;0;0;1;1;-18,90725074;-48,31632614;"SPRF-MG";"DEL15-MG";"UOP01-DEL15-MG"
412620;2022-01-23;"domingo";"03:35:00";"PR";116;125,9;"CURITIBA";"Ausência de reação do condutor";"Colisão traseira";"Com Vítimas Feridas";"Plena Noite";"Crescente";"Céu Claro";"Dupla";"Reta";"Sim";3;0;1;1;1;0;2;2;-25,59505309;-49,31630659;"SPRF-PR";"DEL01-PR";"UOP03-DEL01-PR"
412621;2022-02-03;"quinta-feira";"08:30:00";"MG";50;160;"UBERABA";"Ausência de reação do condutor";"Tombamento";"Com Vítimas Feridas";"Pleno dia";"Decrescente";"Nublado";"Dupla";"Reta";"Não";1;0;0;1;0;0;1;1;-19,65077518;-48,00577746;"SPRF-MG";"DEL13-MG";"UOP01-DEL13-MG"
412622;2022-02-03;"quinta-feira";"10:00:00";"RJ";393;255;"BARRA DO PIRAI";"Condutor deixou de manter distância do veículo da frente";"Colisão traseira";"Sem Vítimas";"Pleno dia";"Decrescente";"Céu Claro";"Simples";"Reta";"Não";2;0;0;0;2;0;0;2;-22,45028541;-43,7987758;"SPRF-RJ";"DEL05-RJ";"UOP04-DEL05-RJ"
412623;2022-02-03;"quinta-feira";"09:00:00";"SP";116;291;"ITAPECERICA DA SERRA";"Ausência de reação do condutor";"Colisão com objeto";"Com Vítimas Feridas";"Pleno dia";"Crescente";"Nublado";"Dupla";"Curva";"Não";2;0;1;0;1;0;1;1;-23,73826593;-46,89672721;"SPRF-SP";"DEL04-SP";"UOP01-DEL04-SP"
412627;2022-02-03;"quinta-feira";"09:25:00";"RO";364;345,5;"JI-PARANA";"Transitar na calçada";"Colisão com objeto";"Com Vítimas Feridas";"Pleno dia";"Decrescente";"Nublado";"Dupla";"Reta";"Sim";1;0;1;0;0;0;1;1;-10,8688113;-61,9601791;"SPRF-RO";"DEL02-RO";"UOP01-DEL02-RO"
412628;2022-02-03;"quinta-feira";"10:40:00";"RS";287;247,5;"SANTA MARIA";"Área urbana sem a presença de local apropriado para a travessia de pedestres";"Atropelamento de Pedestre";"Com Vítimas Feridas";"Pleno dia";"Decrescente";"Céu Claro";"Dupla";"Reta";"Sim";3;0;0;1;2;0;1;2;-29,69870277;-53,84425348;"SPRF-RS";"DEL09-RS";"UOP01-DEL09-RS"
412630;2022-01-22;"sábado";"22:30:00";"PR";476;134;"CURITIBA";"Reação tardia ou ineficiente do condutor";"Saída de leito carroçável";"Com Vítimas Feridas";"Plena Noite";"Decrescente";"Céu Claro";"Múltipla";"Curva";"Sim";1;0;1;0;0;0;1;1;-25,476524;-49,259937;"SPRF-PR";"DEL01-PR";"UOP03-DEL01-PR"
412631;2022-02-03;"quinta-feira";"08:30:00";"RO";364;605;"ITAPUA DO OESTE";"Acessar a via sem observar a presença dos outros veículos";"Colisão frontal";"Sem Vítimas";"Pleno dia";"Decrescente";"Sol";"Simples";"Interseção de Vias";"Sim";2;0;0;0;2;0;0;1;-9,18603983;-63,19487383;"SPRF-RO";"DEL01-RO";"UOP04-DEL01-RO"
412632;2022-02-03;"quinta-feira";"10:50:00";"RN";226;148,7;"CURRAIS NOVOS";"Condutor Dormindo";"Colisão com objeto";"Com Vítimas Feridas";"Pleno dia";"Crescente";"Céu Claro";"Simples";"Reta";"Não";1;0;0;1;0;0;1;1;-6,20865867;-36,29031686;"SPRF-RN";"DEL03-RN";"UOP02-DEL03-RN"
412633;2022-01-15;"sábado";"00:10:00";"GO";60;328;"ACREUNA";"Animais na Pista";"Atropelamento de Animal";"Com Vítimas Feridas";"Plena Noite";"Decrescente";"Céu Claro";"Dupla";"Reta";"Não";2;0;2;0;0;0;2;1;-17,5405;-50,5068;"SPRF-GO";"DEL04-GO";"UOP01-DEL04-GO"
412635;2022-02-03;"quinta-feira";"09:30:00";"PE";101;82;"JABOATAO DOS GUARARAPES";"Manobra de mudança de faixa";"Colisão lateral mesmo sentido";"Com Vítimas Feridas";"Pleno dia";"Decrescente";"Nublado";"Dupla";"Reta";"Sim";2;0;1;0;1;0;1;2;-8,168383;-34,9376;"SPRF-PE";"DEL01-PE";"UOP01-DEL01-PE"
412638;2022-01-02;"domingo";"23:50:00";"PR";376;100,4;"PARANAVAI";"Velocidade Incompatível";"Saída de leito carroçável";"Com Vítimas Fatais";"Plena Noite";"Crescente";"Céu Claro";"Simples";"Curva";"Não";1;1;0;0;0;0;0;1;-23,03423938;-52,47946048;"SPRF-PR";"DEL09-PR";"UOP02-DEL09-PR"
412642;2022-01-14;"sexta-feira";"16:40:00";"PE";428;178;"PETROLINA";"Ausência de reação do condutor";"Colisão transversal";"Com Vítimas Feridas";"Pleno dia";"Crescente";"Céu Claro";"Simples";"Reta";"Não";2;0;1;0;1;0;1;2;-9,293414;-40,446267;"SPRF-PE";"DEL06-PE";"UOP01-DEL06-PE"
412643;2022-01-08;"sábado";"04:10:00";"SP";381;87;"GUARULHOS";"Ausência de reação do condutor";"Colisão traseira";"Com Vítimas Feridas";"Plena Noite";"Decrescente";"Nublado";"Múltipla";"Reta";"Sim";5;0;1;0;4;0;1;4;-23,46885001;-46,56996601;"SPRF-SP";"DEL03-SP";"UOP01-DEL03-SP"
412645;2022-02-03;"quinta-feira";"12:40:00";"PR";158;530,7;"PATO BRANCO";"Retorno proibido";"Colisão transversal";"Com Vítimas Feridas";"Pleno dia";"Decrescente";"Céu Claro";"Simples";"Reta";"Sim";3;0;1;0;2;0;1;2;-26,19442709;-52,67299292;"SPRF-PR";"DEL02-PR";"UOP01-DEL02-PR"
412646;2022-02-03;"quinta-feira";"11:55:00";"MG";381;629;"OLIVEIRA";"Velocidade Incompatível";"Capotamento";"Com Vítimas Feridas";"Pleno dia";"Decrescente";"Chuva";"Dupla";"Curva";"Não";1;0;0;1;0;0;1;1;-20,84106606;-44,82613492;"SPRF-MG";"DEL04-MG";"UOP01-DEL04-MG"
412648;2022-02-03;"quinta-feira";"11:00:00";"PR";376;489;"PONTA GROSSA";"Condutor deixou de manter distância do veículo da frente";"Colisão transversal";"Com Vítimas Feridas";"Pleno dia";"Decrescente";"Céu Claro";"Dupla";"Aclive";"Sim";2;0;0;1;1;0;1;2;-25,14172584;-50,1586859;"SPRF-PR";"DEL03-PR";"UOP01-DEL03-PR"
412650;2022-02-03;"quinta-feira";"13:00:00";"PE";232;508;"SALGUEIRO";"Conversão proibida";"Colisão transversal";"Com Vítimas Feridas";"Pleno dia";"Crescente";"Céu Claro";"Simples";"Reta";"Sim";2;0;1;0;1;0;1;2;-8,06223271;-39,12095006;"SPRF-PE";"DEL05-PE";"UOP01-DEL05-PE"
412652;2022-02-03;"quinta-feira";"12:00:00";"MT";163;692;"LUCAS DO RIO VERDE";"Avarias e/ou desgaste excessivo no pneu";"Saída de leito carroçável";"Com Vítimas Feridas";"Pleno dia";"Crescente";"Céu Claro";"Simples";"Reta";"Não";2;0;1;1;0;0;2;1;-13,14258478;-55,96766551;"SPRF-MT";"DEL06-MT";"UOP01-DEL06-MT"
412653;2022-02-03;"quinta-feira";"11:00:00";"RJ";101;65;"CAMPOS DOS GOYTACAZES";"Conversão proibida";"Colisão transversal";"Sem Vítimas";"Pleno dia";"Decrescente";"Chuva";"Simples";"Reta";"Sim";2;0;0;0;1;1;0;2;-21,75371806;-41,344292;"SPRF-RJ";"DEL08-RJ";"UOP02-DEL08-RJ"
412654;2022-02-03;"quinta-feira";"07:58:00";"PR";376;231,6;"APUCARANA";"Reação tardia ou ineficiente do condutor";"Colisão traseira";"Com Vítimas Feridas";"Pleno dia";"Decrescente";"Nublado";"Dupla";"Declive";"Não";2;0;1;0;0;1;1;2;-23,568266;-51,512928;"SPRF-PR";"DEL07-PR";"UOP02-DEL07-PR"
412655;2022-02-03;"quinta-feira";"13:10:00";"RN";226;7;"NATAL";"Demais falhas mecânicas ou elétricas";"Incêndio";"Sem Vítimas";"Pleno dia";"Decrescente";"Céu Claro";"Simples";"Reta";"Sim";1;0;0;0;1;0;0;1;-5,82773209;-35,28005834;"SPRF-RN";"DEL01-RN";"UOP02-DEL01-RN"
412656;2022-02-03;"quinta-feira";"14:00:00";"PR";476;129;"CURITIBA";"Reação tardia ou ineficiente do condutor";"Colisão com objeto";"Com Vítimas Feridas";"Pleno dia";"Crescente";"Sol";"Múltipla";"Curva;Em Obras;Declive";"Sim";2;0;1;1;0;0;2;2;-25,440983;-49,233715;"SPRF-PR";"DEL01-PR";"UOP03-DEL01-PR"
412660;2022-02-03;"quinta-feira";"14:10:00";"ES";101;139,4;"LINHARES";"Avarias e/ou desgaste excessivo no pneu";"Colisão com objeto";"Com Vítimas Feridas";"Pleno dia";"Crescente";"Nublado";"Dupla";"Reta";"Sim";2;0;2;0;0;0;2;1;-19,3101728;-40,0799666;"SPRF-ES";"DEL04-ES";"UOP01-DEL04-ES"
412661;2022-02-03;"quinta-feira";"14:00:00";"PI";316;325;"PICOS";"Acessar a via sem observar a presença dos outros veículos";"Colisão frontal";"Com Vítimas Feridas";"Pleno dia";"Decrescente";"Céu Claro";"Simples";"Aclive;Reta";"Não";3;0;2;1;0;0;3;2;-7,09867116;-41,34411702;"SPRF-PI";"DEL04-PI";"UOP01-DEL04-PI"
412662;2022-02-03;"quinta-feira";"12:09:00";"PR";373;330;"IRATI";"Falta de elemento de contenção que evite a saída do leito carroçável";"Saída de leito carroçável";"Com Vítimas Feridas";"Pleno dia";"Decrescente";"Sol";"Dupla";"Curva";"Sim";2;0;1;0;1;0;1;1;-25,46316296;-50,62294006;"SPRF-PR";"DEL08-PR";"UOP01-DEL08-PR"
412663;2022-02-03;"quinta-feira";"14:15:00";"MA";222;671;"ACAILANDIA";"Ultrapassagem Indevida";"Colisão lateral mesmo sentido";"Com Vítimas Feridas";"Pleno dia";"Decrescente";"Sol";"Simples";"Reta";"Sim";3;0;1;1;1;0;2;2;-4,92058223;-47,43051387;"SPRF-MA";"DEL04-MA";"UOP03-DEL04-MA"
412664;2022-02-03;"quinta-feira";"14:32:00";"PE";428;186;"PETROLINA";"Condutor deixou de manter distância do veículo da frente";"Colisão traseira";"Sem Vítimas";"Pleno dia";"Crescente";"Céu Claro";"Simples";"Reta";"Sim";2;0;0;0;2;0;0;2;-9,36269157;-40,48187256;"SPRF-PE";"DEL06-PE";"UOP01-DEL06-PE"
412665;2022-02-03;"quinta-feira";"10:30:00";"PB";230;448;"APARECIDA";"Reação tardia ou ineficiente do condutor";"Colisão frontal";"Com Vítimas Feridas";"Pleno dia";"Crescente";"Céu Claro";"Simples";"Curva";"Não";5;0;4;0;1;0;4;2;-6,7846;-38,0925;"SPRF-PB";"DEL03-PB";"UOP03-DEL03-PB"
412667;2022-02-03;"quinta-feira";"13:45:00";"MG";381;529,9;"RIO MANSO";"Chuva";"Colisão com objeto";"Com Vítimas Feridas";"Pleno dia";"Decrescente";"Chuva";"Dupla";"Curva;Declive";"Não";1;0;1;0;0;0;1;1;-20,16619722;-44,36914378;"SPRF-MG";"DEL04-MG";"UOP03-DEL04-MG"
412669;2022-02-03;"quinta-feira";"11:35:00";"PR";163;34,8;"SANTO ANTONIO DO SUDOESTE";"Acesso irregular";"Engavetamento";"Com Vítimas Feridas";"Pleno dia";"Crescente";"Céu Claro";"Simples";"Curva;Aclive";"Sim";4;0;1;1;1;1;2;4;-26,065973;-53,720813;"SPRF-PR";"DEL02-PR";"UOP02-DEL02-PR"
412672;2022-01-17;"segunda-feira";"08:50:00";"SP";116;209;"GUARULHOS";"Demais falhas mecânicas ou elétricas";"Incêndio";"Sem Vítimas";"Pleno dia";"Decrescente";"Sol";"Múltipla";"Reta";"Sim";2;0;0;0;2;0;0;1;-23,42511799;-46,40221101;"SPRF-SP";"DEL01-SP";"UOP01-DEL01-SP"
412676;2022-02-03;"quinta-feira";"16:10:00";"PE";101;72;"RECIFE";"Mal súbito do condutor";"Saída de leito carroçável";"Com Vítimas Feridas";"Pleno dia";"Crescente";"Sol";"Dupla";"Reta";"Sim";1;0;1;0;0;0;1;1;-8,08493106;-34,9450639;"SPRF-PE";"DEL01-PE";"UOP01-DEL01-PE"
412679;2022-02-03;"quinta-feira";"17:15:00";"PI";343;4;"TERESINA";"Trafegar com motocicleta (ou similar) entre as faixas";"Colisão lateral mesmo sentido";"Com Vítimas Feridas";"Pleno dia";"Crescente";"Céu Claro";"Dupla";"Reta";"Sim";4;0;0;2;2;0;2;3;-5,089569;-42,802288;"SPRF-PI";"DEL01-PI";"UOP01-DEL01-PI"
412681;2022-02-03;"quinta-feira";"18:00:00";"ES";101;213;"IBIRACU";"Condutor deixou de manter distância do veículo da frente";"Colisão traseira";"Com Vítimas Feridas";"Plena Noite";"Decrescente";"Chuva";"Múltipla";"Reta";"Sim";3;0;2;0;1;0;2;2;-19,82352998;-40,36981894;"SPRF-ES";"DEL02-ES";"UOP01-DEL02-ES"
412682;2022-02-03;"quinta-feira";"18:00:00";"RN";101;95;"NATAL";"Condutor deixou de manter distância do veículo da frente";"Colisão traseira";"Com Vítimas Feridas";"Plena Noite";"Crescente";"Céu Claro";"Múltipla";"Reta";"Sim";3;0;1;0;2;0;1;2;-5,84076841;-35,21035949;"SPRF-RN";"DEL01-RN";"UOP01-DEL01-RN"
412684;2022-02-03;"quinta-feira";"16:30:00";"MG";381;700,5;"LAVRAS";"Chuva";"Tombamento";"Com Vítimas Feridas";"Pleno dia";"Decrescente";"Chuva";"Dupla";"Aclive;Curva";"Não";2;0;1;0;1;0;1;1;-21,286361;-45,1412;"SPRF-MG";"DEL04-MG";"UOP02-DEL04-MG"
412685;2022-02-03;"quinta-feira";"18:00:00";"PR";467;109;"CASCAVEL";"Reação tardia ou ineficiente do condutor";"Colisão traseira";"Com Vítimas Feridas";"Pleno dia";"Decrescente";"Chuva";"Dupla";"Reta";"Sim";2;0;1;0;1;0;1;2;-24,9261;-53,4589;"SPRF-PR";"DEL04-PR";"UOP01-DEL04-PR"
412688;2022-02-02;"quarta-feira";"21:35:00";"BA";324;550,9;"AMELIA RODRIGUES";"Demais falhas mecânicas ou elétricas";"Incêndio";"Sem Vítimas";"Plena Noite";"Decrescente";"Céu Claro";"Dupla";"Reta;Declive";"Não";1;0;0;0;1;0;0;1;-12,43832718;-38,72506515;"SPRF-BA";"DEL01-BA";"UOP03-DEL01-BA"
412690;2022-02-03;"quinta-feira";"18:00:00";"SC";280;10;"SAO FRANCISCO DO SUL";"Transitar na contramão";"Colisão lateral sentido oposto";"Com Vítimas Feridas";"Anoitecer";"Decrescente";"Nublado";"Simples";"Curva";"Sim";2;0;1;0;1;0;1;2;-26,29625399;-48,64238799;"SPRF-SC";"DEL03-SC";"UOP03-DEL03-SC"
412691;2022-02-03;"quinta-feira";"19:35:00";"PE";428;185;"PETROLINA";"Acessar a via sem observar a presença dos outros veículos";"Colisão transversal";"Com Vítimas Feridas";"Plena Noite";"Crescente";"Céu Claro";"Simples";"Reta";"Sim";2;0;2;0;0;0;2;2;-9,34009199;-40,47032001;"SPRF-PE";"DEL06-PE";"UOP01-DEL06-PE"
412692;2022-02-03;"quinta-feira";"19:40:00";"SC";101;44,4;"JOINVILLE";"Manobra de mudança de faixa";"Colisão lateral mesmo sentido";"Com Vítimas Feridas";"Anoitecer";"Decrescente";"Céu Claro";"Dupla";"Reta";"Sim";2;0;1;0;1;0;1;1;-26,31238996;-48,87458997;"SPRF-SC";"DEL03-SC";"UOP01-DEL03-SC"
412693;2022-02-03;"quinta-feira";"19:35:00";"TO";153;144,6;"ARAGUAINA";"Pedestre andava na pista";"Atropelamento de Pedestre";"Com Vítimas Feridas";"Plena Noite";"Decrescente";"Céu Claro";"Dupla";"Reta";"Sim";3;0;1;0;2;0;1;2;-7,19662811;-48,23636977;"SPRF-TO";"DEL02-TO";"UOP01-DEL02-TO"
412696;2022-02-03;"quinta-feira";"19:00:00";"PI";316;26,4;"DEMERVAL LOBAO";"Entrada inopinada do pedestre";"Atropelamento de Pedestre";"Com Vítimas Fatais";"Plena Noite";"Crescente";"Céu Claro";"Simples";"Reta";"Não";3;1;0;0;2;0;0;2;-5,30236009;-42,70784522;"SPRF-PI";"DEL01-PI";"UOP02-DEL01-PI"
412699;2022-02-03;"quinta-feira";"20:20:00";"ES";101;135,8;"LINHARES";"Acesso irregular";"Queda de ocupante de veículo";"Com Vítimas Feridas";"Plena Noite";"Decrescente";"Chuva";"Simples";"Reta";"Não";3;0;2;0;0;1;2;2;-19,27504305;-40,08788043;"SPRF-ES";"DEL04-ES";"UOP01-DEL04-ES"
412701;2022-02-03;"quinta-feira";"11:50:00";"GO";60;460,4;"JATAI";"Falta de elemento de contenção que evite a saída do leito carroçável";"Saída de leito carroçável";"Com Vítimas Feridas";"Pleno dia";"Crescente";"Céu Claro";"Dupla";"Declive;Reta";"Não";4;0;1;0;3;0;1;1;-17,8715;-51,6163;"SPRF-GO";"DEL05-GO";"UOP01-DEL05-GO"
412704;2022-02-03;"quinta-feira";"18:20:00";"PR";116;100,4;"SAO JOSE DOS PINHAIS";"Reação tardia ou ineficiente do condutor";"Saída de leito carroçável";"Com Vítimas Feridas";"Anoitecer";"Decrescente";"Nublado";"Múltipla";"Reta";"Não";1;0;1;0;0;0;1;1;-25,565735;-49,163752;"SPRF-PR";"DEL01-PR";"UOP01-DEL01-PR"
412705;2022-02-03;"quinta-feira";"19:30:00";"ES";259;58;"COLATINA";"Ingestão de álcool pelo condutor";"Colisão frontal";"Sem Vítimas";"Plena Noite";"Crescente";"Garoa/Chuvisco";"Dupla";"Reta";"Não";2;0;0;0;2;0;0;2;-19,514467;-40,660786;"SPRF-ES";"DEL02-ES";"UOP01-DEL02-ES"
412707;2022-01-02;"domingo";"16:35:00";"RS";290;127;"ELDORADO DO SUL";"Condutor deixou de manter distância do veículo da frente";"Colisão traseira";"Com Vítimas Feridas";"Pleno dia";"Decrescente";"Vento";"Simples";"Reta";"Não";5;0;2;0;3;0;2;2;-30,056417;-51,479671;"SPRF-RS";"DEL02-RS";"UOP01-DEL02-RS"
412709;2022-02-03;"quinta-feira";"21:40:00";"SP";116;197;"ARUJA";"Reação tardia ou ineficiente do condutor";"Colisão com objeto";"Sem Vítimas";"Plena Noite";"Crescente";"Garoa/Chuvisco";"Simples";"Curva";"Não";1;0;0;0;1;0;0;1;-23,39721625;-46,29284287;"SPRF-SP";"DEL01-SP";"UOP01-DEL01-SP"
412710;2022-02-03;"quinta-feira";"17:25:00";"RO";364;345;"JI-PARANA";"Condutor desrespeitou a iluminação vermelha do semáforo";"Colisão transversal";"Com Vítimas Feridas";"Pleno dia";"Crescente";"Céu Claro";"Simples";"Reta";"Sim";2;0;1;0;1;0;1;2;-10,8688113;-61,9601791;"SPRF-RO";"DEL02-RO";"UOP01-DEL02-RO"
412711;2022-02-03;"quinta-feira";"21:30:00";"RN";304;120,1;"ITAJA";"Objeto estático sobre o leito carroçável";"Colisão com objeto";"Com Vítimas Feridas";"Plena Noite";"Decrescente";"Nublado";"Simples";"Reta";"Não";2;0;1;0;1;0;1;1;-5,63414;-36,85571;"SPRF-RN";"DEL04-RN";"UOP01-DEL04-RN"
412713;2022-02-03;"quinta-feira";"20:30:00";"ES";101;184,8;"ARACRUZ";"Ingestão de álcool pelo condutor";"Saída de leito carroçável";"Sem Vítimas";"Plena Noite";"Decrescente";"Chuva";"Simples";"Reta";"Não";2;0;0;0;2;0;0;1;-19,65524008;-40,23355674;"SPRF-ES";"DEL04-ES";"UOP01-DEL04-ES"
412714;2022-02-03;"quinta-feira";"21:25:00";"PI";316;2,8;"TERESINA";"Pedestre cruzava a pista fora da faixa";"Atropelamento de Pedestre";"Com Vítimas Feridas";"Plena Noite";"Decrescente";"Céu Claro";"Múltipla";"Reta";"Sim";2;0;0;1;0;1;1;2;-5,12477477;-42,79848465;"SPRF-PI";"DEL01-PI";"UOP02-DEL01-PI"
412716;2022-02-03;"quinta-feira";"22:35:00";"SP";116;273,6;"TABOAO DA SERRA";"Mal súbito do condutor";"Incêndio";"Com Vítimas Feridas";"Plena Noite";"Crescente";"Céu Claro";"Dupla";"Reta";"Sim";1;0;1;0;0;0;1;1;-23,62809795;-46,81870306;"SPRF-SP";"DEL04-SP";"UOP01-DEL04-SP"
412717;2022-02-03;"quinta-feira";"19:45:00";"PR";476;256;"ANTONIO OLINTO";"Ingestão de álcool pelo condutor";"Colisão frontal";"Sem Vítimas";"Plena Noite";"Crescente";"Céu Claro";"Simples";"Curva";"Não";2;0;0;0;2;0;0;2;-25,889891;-50,207157;"SPRF-PR";"DEL02-PR";"UOP04-DEL02-PR"
412718;2022-02-03;"quinta-feira";"19:50:00";"MT";174;47;"VILA BELA DA SANTISSIMA TRINDADE";"Pista esburacada";"Queda de ocupante de veículo";"Com Vítimas Feridas";"Plena Noite";"Crescente";"Céu Claro";"Simples";"Reta";"Não";2;0;2;0;0;0;2;1;-15,103122;-59,665094;"SPRF-MT";"DEL04-MT";"UOP01-DEL04-MT"
412721;2022-02-03;"quinta-feira";"21:20:00";"PB";230;152;"CAMPINA GRANDE";"Ingestão de álcool pelo condutor";"Saída de leito carroçável";"Com Vítimas Feridas";"Plena Noite";"Decrescente";"Céu Claro";"Dupla";"Retorno Regulamentado";"Não";1;0;0;1;0;0;1;1;-7,274538;-35,8885;"SPRF-PB";"DEL02-PB";"UOP01-DEL02-PB"
412722;2022-02-03;"quinta-feira";"22:30:00";"RS";285;491;"ENTRE-IJUIS";"Velocidade Incompatível";"Saída de leito carroçável";"Com Vítimas Feridas";"Plena Noite";"Decrescente";"Chuva";"Simples";"Reta";"Não";3;0;3;0;0;0;3;1;-28,374989;-54,211325;"SPRF-RS";"DEL10-RS";"UOP01-DEL10-RS"
412724;2022-02-03;"quinta-feira";"22:45:00";"PR";116;0;"QUATRO BARRAS";"Velocidade Incompatível";"Colisão com objeto";"Sem Vítimas";"Plena Noite";"Decrescente";"Nublado";"Dupla";"Retorno Regulamentado";"Sim";1;0;0;0;0;1;0;1;-25,34672155;-49,04638052;"SPRF-PR";"DEL01-PR";"UOP02-DEL01-PR"
412728;2022-02-04;"sexta-feira";"00:00:00";"SP";381;45;"ATIBAIA";"Ingestão de álcool pelo condutor";"Saída de leito carroçável";"Sem Vítimas";"Plena Noite";"Decrescente";"Céu Claro";"Múltipla";"Reta";"Sim";1;0;0;0;1;0;0;1;-23,17274184;-46,57748439;"SPRF-SP";"DEL03-SP";"UOP01-DEL03-SP"
412729;2022-02-04;"sexta-feira";"00:05:00";"RS";392;19,6;"RIO GRANDE";"Animais na Pista";"Atropelamento de Animal";"Com Vítimas Feridas";"Plena Noite";"Crescente";"Nublado";"Dupla";"Reta;Retorno Regulamentado";"Não";1;0;1;0;0;0;1;1;-32,0879243;-52,18669807;"SPRF-RS";"DEL07-RS";"UOP02-DEL07-RS"
412732;2022-02-04;"sexta-feira";"00:00:00";"RN";226;47;"BOM JESUS";"Animais na Pista";"Atropelamento de Animal";"Sem Vítimas";"Plena Noite";"Decrescente";"Céu Claro";"Simples";"Aclive;Ponte;Reta";"Não";1;0;0;0;1;0;0;1;-5,97947077;-35,57733515;"SPRF-RN";"DEL03-RN";"UOP02-DEL03-RN"
412733;2022-02-04;"sexta-feira";"00:20:00";"SP";116;130;"CACAPAVA";"Ausência de reação do condutor";"Colisão transversal";"Sem Vítimas";"Plena Noite";"Decrescente";"Garoa/Chuvisco";"Dupla";"Reta";"Sim";2;0;0;0;2;0;0;2;-23,12313858;-45,72792271;"SPRF-SP";"DEL02-SP";"UOP02-DEL02-SP"
412734;2022-02-04;"sexta-feira";"01:50:00";"SP";101;49;"UBATUBA";"Ausência de reação do condutor";"Saída de leito carroçável";"Sem Vítimas";"Plena Noite";"Crescente";"Céu Claro";"Simples";"Rotatória";"Sim";1;0;0;0;0;1;0;1;-23,44410908;-45,08375708;"SPRF-SP";"DEL06-SP";"UOP01-DEL06-SP"
412737;2022-02-04;"sexta-feira";"02:40:00";"PI";343;344,6;"TERESINA";"Ingestão de álcool pelo condutor";"Colisão frontal";"Com Vítimas Feridas";"Plena Noite";"Decrescente";"Garoa/Chuvisco";"Simples";"Reta";"Sim";2;0;1;0;1;0;1;2;-5,094729;-42,762775;"SPRF-PI";"DEL01-PI";"UOP01-DEL01-PI"
412738;2022-02-04;"sexta-feira";"02:40:00";"PR";476;136;"CURITIBA";"Reação tardia ou ineficiente do condutor";"Colisão transversal";"Com Vítimas Feridas";"Plena Noite";"Crescente";"Céu Claro";"Múltipla";"Interseção de Vias";"Sim";3;0;1;0;2;0;1;3;-25,491047;-49,271679;"SPRF-PR";"DEL01-PR";"UOP03-DEL01-PR"
412740;2022-02-04;"sexta-feira";"02:00:00";"PR";369;178;"ROLANDIA";"Condutor deixou de manter distância do veículo da frente";"Colisão traseira";"Com Vítimas Feridas";"Plena Noite";"Crescente";"Chuva";"Dupla";"Reta";"Não";5;0;4;0;1;0;4;2;-23,35734;-51,39554;"SPRF-PR";"DEL07-PR";"UOP01-DEL07-PR"
412741;2022-02-04;"sexta-feira";"03:25:00";"RS";116;526;"PELOTAS";"Chuva";"Capotamento";"Com Vítimas Feridas";"Plena Noite";"Decrescente";"Chuva";"Simples";"Curva";"Sim";1;0;1;0;0;0;1;1;-31,74307729;-52,39966642;"SPRF-RS";"DEL07-RS";"UOP01-DEL07-RS"
412744;2022-02-04;"sexta-feira";"04:50:00";"SP";116;283;"EMBU DAS ARTES";"Reação tardia ou ineficiente do condutor";"Colisão traseira";"Com Vítimas Feridas";"Amanhecer";"Decrescente";"Garoa/Chuvisco";"Dupla";"Reta";"Não";3;0;2;0;1;0;2;2;-23,69297005;-46,86352786;"SPRF-SP";"DEL04-SP";"UOP01-DEL04-SP"