"id";"data_inversa";"dia_semana";"horario";"uf";"br";"km";"municipio";"causa_acidente";"tipo_acidente";"classificacao_acidente";"fase_dia";"sentido_via";"condicao_metereologica";"tipo_pista";"tracado_via";"uso_solo";"pessoas";"mortos";"feridos_leves";"feridos_graves";"ilesos";"ignorados";"feridos";"veiculos";"latitude";"longitude";"regional";"delegacia";"uop"
412746;2022-02-04;"sexta-feira";"05:15:00";"ES";101;290;"CARIACICA";"Animais na Pista";"Colisão com objeto";"Com Vítimas Feridas";"Amanhecer";"Decrescente";"Céu Claro";"Dupla";"Reta";"Sim";1;0;1;0;0;0;1;1;-20,28927747;-40,39181575;"SPRF-ES";"DEL01-ES";"UOP01-DEL01-ES"
412747;2022-02-04;"sexta-feira";"05:00:00";"CE";222;18;"CAUCAIA";"Pedestre andava na pista";"Atropelamento de Pedestre";"Com Vítimas Fatais";"Amanhecer";"Crescente";"Garoa/Chuvisco";"Simples";"Reta";"Não";2;1;0;0;0;1;0;2;-3,75327316;-38,71134808;"SPRF-CE";"DEL01-CE";"UOP01-DEL01-CE"
412748;2022-02-04;"sexta-feira";"05:50:00";"MG";365;759;"ITUIUTABA";"Reação tardia ou ineficiente do condutor";"Colisão com objeto";"Com Vítimas Feridas";"Amanhecer";"Crescente";"Céu Claro";"Simples";"Interseção de Vias";"Sim";1;0;0;1;0;0;1;1;-18,965722;-49,506419;"SPRF-MG";"DEL15-MG";"UOP03-DEL15-MG"
412749;2022-02-04;"sexta-feira";"05:00:00";"PR";376;187,3;"MARIALVA";"Velocidade Incompatível";"Saída de leito carroçável";"Com Vítimas Feridas";"Amanhecer";"Crescente";"Céu Claro";"Múltipla";"Reta";"Sim";1;0;0;1;0;0;1;1;-23,46141044;-51,83659926;"SPRF-PR";"DEL09-PR";"UOP01-DEL09-PR"
412751;2022-02-04;"sexta-feira";"03:30:00";"MS";163;256,1;"DOURADOS";"Ingestão de álcool pelo condutor";"Saída de leito carroçável";"Sem Vítimas";"Plena Noite";"Decrescente";"Nublado";"Dupla";"Reta";"Sim";2;0;0;0;1;1;0;2;-22,25893384;-54,79976767;"SPRF-MS";"DEL04-MS";"UOP01-DEL04-MS"
412752;2022-02-04;"sexta-feira";"04:20:00";"SC";116;168;"PONTE ALTA DO NORTE";"Avarias e/ou desgaste excessivo no pneu";"Colisão com objeto";"Sem Vítimas";"Plena Noite";"Decrescente";"Chuva";"Simples";"Reta;Declive";"Não";2;0;0;0;2;0;0;1;-27,17744197;-50,46251117;"SPRF-SC";"DEL05-SC";"UOP03-DEL05-SC"
412753;2022-02-04;"sexta-feira";"05:00:00";"BA";101;869;"TEIXEIRA DE FREITAS";"Conversão proibida";"Colisão traseira";"Sem Vítimas";"Pleno dia";"Decrescente";"Céu Claro";"Simples";"Reta";"Não";3;0;0;0;3;0;0;2;-17,472208;-39,705166;"SPRF-BA";"DEL09-BA";"UOP02-DEL09-BA"
412757;2022-02-04;"sexta-feira";"07:00:00";"SP";116;230;"SAO PAULO";"Entrada inopinada do pedestre";"Atropelamento de Pedestre";"Com Vítimas Feridas";"Amanhecer";"Decrescente";"Céu Claro";"Dupla";"Reta";"Sim";2;0;0;1;1;0;1;2;-23,52251783;-46,5855702;"SPRF-SP";"DEL01-SP";"UOP01-DEL01-SP"
412759;2022-02-04;"sexta-feira";"06:50:00";"MG";40;521;"RIBEIRAO DAS NEVES";"Transitar no acostamento";"Colisão traseira";"Com Vítimas Feridas";"Pleno dia";"Crescente";"Céu Claro";"Dupla";"Curva";"Não";3;0;1;0;2;0;1;2;-19,85651501;-44,07213222;"SPRF-MG";"DEL01-MG";"UOP02-DEL01-MG"
412760;2022-02-04;"sexta-feira";"07:00:00";"BA";324;595,9;"CANDEIAS";"Demais falhas mecânicas ou elétricas";"Queda de ocupante de veículo";"Com Vítimas Feridas";"Pleno dia";"Crescente";"Céu Claro";"Dupla";"Reta";"Não";2;0;1;0;1;0;1;1;-12,7487563;-38,43332469;"SPRF-BA";"DEL01-BA";"UOP01-DEL01-BA"
412762;2022-02-04;"sexta-feira";"06:55:00";"PB";101;102;"ALHANDRA";"Desrespeitar a preferência no cruzamento";"Colisão transversal";"Com Vítimas Feridas";"Pleno dia";"Decrescente";"Céu Claro";"Simples";"Reta;Interseção de Vias";"Sim";2;0;0;1;1;0;1;2;-7,28265304;-34,9393864;"SPRF-PB";"DEL01-PB";"UOP02-DEL01-PB"
412763;2022-02-04;"sexta-feira";"07:15:00";"RS";386;443,8;"CANOAS";"Ultrapassagem Indevida";"Colisão frontal";"Com Vítimas Fatais";"Amanhecer";"Decrescente";"Céu Claro";"Simples";"Reta";"Não";4;1;0;2;1;0;2;3;-29,889194;-51,213398;"SPRF-RS";"DEL01-RS";"UOP01-DEL01-RS"
412765;2022-02-04;"sexta-feira";"06:30:00";"RJ";40;117;"RIO DE JANEIRO";"Retorno proibido";"Colisão transversal";"Com Vítimas Feridas";"Pleno dia";"Crescente";"Sol";"Múltipla";"Curva";"Sim";2;0;1;0;1;0;1;2;-22,77280597;-43,28626763;"SPRF-RJ";"DEL01-RJ";"UOP01-DEL01-RJ"
412766;2022-02-04;"sexta-feira";"07:55:00";"MG";40;519,8;"CONTAGEM";"Problema com o freio";"Engavetamento";"Com Vítimas Feridas";"Pleno dia";"Crescente";"Céu Claro";"Dupla";"Reta";"Não";5;0;1;0;3;1;1;3;-19,83957589;-44,07684485;"SPRF-MG";"DEL01-MG";"UOP02-DEL01-MG"
412767;2022-02-03;"quinta-feira";"20:30:00";"SC";101;47,9;"JOINVILLE";"Velocidade Incompatível";"Colisão com objeto";"Com Vítimas Feridas";"Pleno dia";"Crescente";"Nublado";"Dupla";"Curva";"Não";1;0;1;0;0;0;1;1;-26,34234997;-48,85840089;"SPRF-SC";"DEL03-SC";"UOP01-DEL03-SC"
412768;2022-02-04;"sexta-feira";"07:40:00";"RS";468;103;"TRES PASSOS";"Acessar a via sem observar a presença dos outros veículos";"Colisão transversal";"Com Vítimas Feridas";"Pleno dia";"Crescente";"Chuva";"Simples";"Interseção de Vias";"Sim";2;0;0;1;1;0;1;2;-27,45988509;-53,94123008;"SPRF-RS";"DEL08-RS";"UOP02-DEL08-RS"
412769;2022-02-04;"sexta-feira";"07:40:00";"RS";116;152;"CAXIAS DO SUL";"Conversão proibida";"Colisão transversal";"Com Vítimas Feridas";"Pleno dia";"Decrescente";"Céu Claro";"Simples";"Reta";"Sim";3;0;1;0;2;0;1;2;-29,1829343;-51,16801501;"SPRF-RS";"DEL05-RS";"UOP01-DEL05-RS"
412770;2022-02-04;"sexta-feira";"07:40:00";"SC";101;108,5;"PENHA";"Trafegar com motocicleta (ou similar) entre as faixas";"Colisão lateral mesmo sentido";"Com Vítimas Feridas";"Pleno dia";"Crescente";"Nublado";"Dupla";"Curva";"Não";2;0;1;0;1;0;1;2;-26,82606902;-48,69052298;"SPRF-SC";"DEL03-SC";"UOP02-DEL03-SC"
412771;2022-02-04;"sexta-feira";"08:15:00";"SC";101;201,4;"SAO JOSE";"Acessar a via sem observar a presença dos outros veículos";"Colisão transversal";"Com Vítimas Feridas";"Pleno dia";"Decrescente";"Garoa/Chuvisco";"Dupla";"Reta";"Sim";3;0;1;0;2;0;1;3;-27,54836599;-48,61977975;"SPRF-SC";"DEL01-SC";"UOP01-DEL01-SC"
412772;2022-02-04;"sexta-feira";"08:10:00";"RS";471;157,3;"SANTA CRUZ DO SUL";"Reação tardia ou ineficiente do condutor";"Colisão traseira";"Com Vítimas Feridas";"Pleno dia";"Decrescente";"Céu Claro";"Simples";"Reta";"Não";2;0;2;0;0;0;2;2;-29,878979;-52,390549;"SPRF-RS";"DEL02-RS";"UOP03-DEL02-RS"
412773;2022-02-04;"sexta-feira";"08:30:00";"RS";158;83,9;"BOA VISTA DAS MISSOES";"Acumulo de água sobre o pavimento";"Tombamento";"Com Vítimas Feridas";"Pleno dia";"Decrescente";"Chuva";"Simples";"Reta";"Não";1;0;1;0;0;0;1;1;-27,77154306;-53,32414889;"SPRF-RS";"DEL08-RS";"UOP02-DEL08-RS"
412774;2022-02-04;"sexta-feira";"05:40:00";"MT";70;734;"CACERES";"Ultrapassagem Indevida";"Colisão traseira";"Com Vítimas Feridas";"Pleno dia";"Crescente";"Céu Claro";"Simples";"Reta";"Sim";2;0;1;0;1;0;1;2;-16,0860729722;-57,69657;"SPRF-MT";"DEL03-MT";"UOP01-DEL03-MT"
412775;2022-02-04;"sexta-feira";"09:00:00";"MG";262;725,8;"PERDIZES";"Pista esburacada";"Tombamento";"Com Vítimas Feridas";"Pleno dia";"Decrescente";"Céu Claro";"Simples";"Reta";"Não";1;0;1;0;0;0;1;1;-19,62220227;-47,27837083;"SPRF-MG";"DEL08-MG";"UOP01-DEL08-MG"
412777;2022-02-04;"sexta-feira";"03:30:00";"MT";163;1031;"PEIXOTO DE AZEVEDO";"Reação tardia ou ineficiente do condutor";"Colisão com objeto";"Sem Vítimas";"Plena Noite";"Crescente";"Céu Claro";"Simples";"Reta";"Sim";1;0;0;0;1;0;0;1;-10,230314;-54,9771829;"SPRF-MT";"DEL06-MT";"NPF/DEL06-MT"
412778;2022-02-04;"sexta-feira";"09:05:00";"RS";287;247;"SANTA MARIA";"Conversão proibida";"Colisão transversal";"Com Vítimas Feridas";"Amanhecer";"Decrescente";"Nublado";"Simples";"Curva;Em Obras";"Sim";2;0;1;0;1;0;1;2;-29,69653129;-53,84863084;"SPRF-RS";"DEL09-RS";"UOP01-DEL09-RS"
412781;2022-02-04;"sexta-feira";"08:25:00";"PR";476;130;"CURITIBA";"Manobra de mudança de faixa";"Tombamento";"Com Vítimas Feridas";"Pleno dia";"Crescente";"Nublado";"Múltipla";"Reta";"Sim";8;0;6;0;2;0;6;2;-25,449564;-49,236427;"SPRF-PR";"DEL01-PR";"UOP03-DEL01-PR"
412782;2022-01-17;"segunda-feira";"16:20:00";"SC";470;167;"POUSO REDONDO";"Condutor Dormindo";"Saída de leito carroçável";"Com Vítimas Feridas";"Pleno dia";"Crescente";"Céu Claro";"Simples";"Reta";"Não";2;0;1;0;1;0;1;1;-27,269835;-49,863087;"SPRF-SC";"DEL04-SC";"UOP02-DEL04-SC"
412783;2022-01-26;"quarta-feira";"17:25:00";"MS";463;0,3;"DOURADOS";"Acessar a via sem observar a presença dos outros veículos";"Colisão transversal";"Com Vítimas Feridas";"Pleno dia";"Crescente";"Nublado";"Simples";"Aclive";"Sim";2;0;1;0;1;0;1;2;-22,258694;-54,804096;"SPRF-MS";"DEL04-MS";"UOP01-DEL04-MS"
412784;2022-02-04;"sexta-feira";"04:30:00";"CE";222;125,9;"ITAPAJE";"Ingestão de álcool pelo condutor";"Saída de leito carroçável";"Com Vítimas Fatais";"Plena Noite";"Decrescente";"Nublado";"Dupla";"Curva";"Sim";2;1;0;1;0;0;1;1;-3,68965682;-39,5968761;"SPRF-CE";"DEL04-CE";"UOP03-DEL04-CE"
412786;2022-02-04;"sexta-feira";"09:00:00";"PR";376;304,8;"MAUA DA SERRA";"Pista Escorregadia";"Colisão com objeto";"Com Vítimas Feridas";"Pleno dia";"Decrescente";"Chuva";"Dupla";"Curva";"Não";1;0;1;0;0;0;1;1;-23,931545;-51,130382;"SPRF-PR";"DEL07-PR";"UOP02-DEL07-PR"
412787;2022-02-04;"sexta-feira";"10:20:00";"GO";60;392;"RIO VERDE";"Objeto estático sobre o leito carroçável";"Tombamento";"Com Vítimas Feridas";"Pleno dia";"Crescente";"Céu Claro";"Dupla";"Aclive";"Sim";1;0;0;1;0;0;1;1;-17,8266;-50,9789;"SPRF-GO";"DEL04-GO";"UOP01-DEL04-GO"
412791;2022-02-04;"sexta-feira";"10:25:00";"PR";469;13,6;"FOZ DO IGUACU";"Acessar a via sem observar a presença dos outros veículos";"Colisão lateral mesmo sentido";"Com Vítimas Feridas";"Pleno dia";"Crescente";"Céu Claro";"Simples";"Interseção de Vias";"Sim";2;0;1;0;1;0;1;2;-25,5754;-54,5489;"SPRF-PR";"DEL05-PR";"UOP04-DEL05-PR"
412792;2022-02-04;"sexta-feira";"07:50:00";"PR";476;141,5;"CURITIBA";"Transitar na contramão";"Colisão transversal";"Com Vítimas Feridas";"Pleno dia";"Crescente";"Céu Claro";"Dupla";"Interseção de Vias";"Sim";2;0;0;1;1;0;1;2;-25,528614;-49,298798;"SPRF-PR";"DEL01-PR";"UOP03-DEL01-PR"
412793;2022-02-04;"sexta-feira";"09:00:00";"MG";153;7;"ARAPORA";"Demais falhas mecânicas ou elétricas";"Colisão traseira";"Com Vítimas Feridas";"Pleno dia";"Crescente";"Céu Claro";"Dupla";"Reta";"Não";2;0;1;0;1;0;1;2;-18,478658;-49,188442;"SPRF-MG";"DEL15-MG";"UOP03-DEL15-MG"
412794;2022-01-02;"domingo";"06:35:00";"PB";230;96;"GURINHEM";"Demais falhas mecânicas ou elétricas";"Tombamento";"Com Vítimas Feridas";"Pleno dia";"Decrescente";"Céu Claro";"Dupla";"Reta";"Não";2;0;2;0;0;0;2;1;-7,1842;-35,4447;"SPRF-PB";"DEL01-PB";"UOP03-DEL01-PB"
412795;2022-02-04;"sexta-feira";"10:30:00";"PR";376;493,4;"PONTA GROSSA";"Avarias e/ou desgaste excessivo no pneu";"Queda de ocupante de veículo";"Com Vítimas Feridas";"Pleno dia";"Crescente";"Nublado";"Dupla";"Reta";"Não";1;0;1;0;0;0;1;1;-25,16001091;-50,12436895;"SPRF-PR";"DEL03-PR";"UOP01-DEL03-PR"
412796;2022-02-04;"sexta-feira";"07:00:00";"MG";262;38,1;"MANHUACU";"Acessar a via sem observar a presença dos outros veículos";"Colisão traseira";"Com Vítimas Feridas";"Pleno dia";"Crescente";"Garoa/Chuvisco";"Simples";"Reta";"Sim";2;0;2;0;0;0;2;2;-20,26305859;-42,03684948;"SPRF-MG";"DEL06-MG";"UOP03-DEL06-MG"
412798;2022-01-31;"segunda-feira";"08:00:00";"PA";230;117;"MARABA";"Acessar a via sem observar a presença dos outros veículos";"Colisão transversal";"Com Vítimas Feridas";"Pleno dia";"Crescente";"Chuva";"Dupla";"Reta";"Sim";2;0;1;0;1;0;1;2;-5,35569904;-49,09047302;"SPRF-PA";"DEL03-PA";"UOP01-DEL03-PA"
412799;2022-02-04;"sexta-feira";"10:00:00";"PR";277;1,7;"FOZ DO IGUACU";"Acessar a via sem observar a presença dos outros veículos";"Queda de ocupante de veículo";"Com Vítimas Feridas";"Pleno dia";"Crescente";"Nublado";"Dupla";"Reta";"Sim";2;0;1;0;1;0;1;2;-25,5469;-54,5882;"SPRF-PR";"DEL05-PR";"UOP03-DEL05-PR"
412800;2022-02-04;"sexta-feira";"11:30:00";"PE";232;5,1;"RECIFE";"Condutor deixou de manter distância do veículo da frente";"Colisão traseira";"Sem Vítimas";"Pleno dia";"Decrescente";"Sol";"Dupla";"Reta";"Sim";2;0;0;0;2;0;0;2;-8,068933;-34,94742;"SPRF-PE";"DEL01-PE";"UOP01-DEL01-PE"
412801;2022-02-04;"sexta-feira";"09:30:00";"ES";101;282,8;"CARIACICA";"Transitar na contramão";"Colisão frontal";"Com Vítimas Feridas";"Pleno dia";"Crescente";"Nublado";"Múltipla";"Curva";"Sim";5;0;2;0;3;0;2;2;-20,22694;-40,36458;"SPRF-ES";"DEL01-ES";"UOP01-DEL01-ES"
412802;2022-02-04;"sexta-feira";"12:00:00";"RS";285;366,3;"SALDANHA MARINHO";"Velocidade Incompatível";"Saída de leito carroçável";"Com Vítimas Feridas";"Pleno dia";"Crescente";"Chuva";"Simples";"Curva";"Não";4;0;2;0;2;0;2;1;-28,385212;-53,039398;"SPRF-RS";"DEL08-RS";"UOP03-DEL08-RS"
412803;2022-02-04;"sexta-feira";"10:45:00";"MS";158;281,9;"TRES LAGOAS";"Reação tardia ou ineficiente do condutor";"Saída de leito carroçável";"Com Vítimas Feridas";"Pleno dia";"Decrescente";"Céu Claro";"Dupla";"Reta";"Não";1;0;1;0;0;0;1;1;-20,84473;-51,736454;"SPRF-MS";"DEL07-MS";"UOP01-DEL07-MS"
412804;2022-02-04;"sexta-feira";"12:05:00";"SC";101;205;"SAO JOSE";"Reação tardia ou ineficiente do condutor";"Colisão traseira";"Com Vítimas Feridas";"Pleno dia";"Decrescente";"Garoa/Chuvisco";"Dupla";"Reta";"Sim";2;0;0;1;1;0;1;2;-27,58891461;-48,61689985;"SPRF-SC";"DEL01-SC";"UOP01-DEL01-SC"
412805;2022-02-04;"sexta-feira";"11:50:00";"MG";381;357;"JOAO MONLEVADE";"Acessar a via sem observar a presença dos outros veículos";"Colisão transversal";"Com Vítimas Feridas";"Pleno dia";"Crescente";"Nublado";"Simples";"Reta";"Sim";5;0;3;0;2;0;3;2;-19,84219357;-43,17598522;"SPRF-MG";"DEL03-MG";"UOP01-DEL03-MG"
412806;2022-02-04;"sexta-feira";"12:05:00";"SC";101;416;"ARARANGUA";"Manobra de mudança de faixa";"Colisão lateral mesmo sentido";"Com Vítimas Feridas";"Pleno dia";"Crescente";"Céu Claro";"Múltipla";"Reta";"Sim";3;0;1;1;1;0;2;3;-28,96708874;-49,52338825;"SPRF-SC";"DEL02-SC";"UOP02-DEL02-SC"
412810;2022-02-03;"quinta-feira";"00:01:00";"PB";104;105,8;"SAO SEBASTIAO DE LAGOA DE  ROCA";"Demais falhas mecânicas ou elétricas";"Incêndio";"Sem Vítimas";"Plena Noite";"Crescente";"Céu Claro";"Simples";"Aclive";"Não";1;0;0;0;0;1;0;1;-7,08938993;-35,85454407;"SPRF-PB";"DEL02-PB";"UOP04-DEL02-PB"
412811;2022-02-04;"sexta-feira";"13:00:00";"BA";116;560;"NOVA ITARANA";"Ultrapassagem Indevida";"Colisão frontal";"Com Vítimas Feridas";"Pleno dia";"Crescente";"Céu Claro";"Simples";"Reta";"Não";2;0;2;0;0;0;2;2;-12,9638887;-39,9281676;"SPRF-BA";"DEL03-BA";"UOP02-DEL03-BA"
412812;2022-02-04;"sexta-feira";"12:20:00";"SC";101;146,6;"ITAPEMA";"Condutor deixou de manter distância do veículo da frente";"Colisão traseira";"Sem Vítimas";"Pleno dia";"Crescente";"Chuva";"Dupla";"Reta";"Sim";2;0;0;0;2;0;0;2;-27,08666525;-48,60955587;"SPRF-SC";"DEL04-SC";"UOP03-DEL04-SC"
412813;2022-02-04;"sexta-feira";"11:30:00";"SC";282;352;"CAMPOS NOVOS";"Ingestão de álcool pelo condutor";"Saída de leito carroçável";"Com Vítimas Feridas";"Pleno dia";"Crescente";"Chuva";"Simples";"Reta";"Não";1;0;1;0;0;0;1;1;-27,362946;-51,311783;"SPRF-SC";"DEL07-SC";"UOP06-DEL07-SC"
412814;2022-02-04;"sexta-feira";"13:20:00";"PE";408;76;"PAUDALHO";"Ausência de reação do condutor";"Colisão traseira";"Com Vítimas Feridas";"Pleno dia";"Decrescente";"Céu Claro";"Dupla";"Declive";"Sim";3;0;1;1;1;0;2;2;-7,913693;-35,170002;"SPRF-PE";"DEL01-PE";"UOP01-DEL01-PE"
412815;2022-02-04;"sexta-feira";"11:00:00";"RJ";116;168;"SAO JOAO DE MERITI";"Condutor deixou de manter distância do veículo da frente";"Colisão traseira";"Com Vítimas Feridas";"Pleno dia";"Decrescente";"Nublado";"Dupla";"Reta";"Sim";2;0;0;1;1;0;1;2;-22,79539584;-43,3627528;"SPRF-RJ";"DEL01-RJ";"UOP02-DEL01-RJ"
412817;2022-02-04;"sexta-feira";"08:10:00";"PR";369;147;"LONDRINA";"Condutor deixou de manter distância do veículo da frente";"Colisão traseira";"Sem Vítimas";"Pleno dia";"Crescente";"Chuva";"Dupla";"Reta";"Sim";2;0;0;0;2;0;0;2;-23,29317737;-51,13578379;"SPRF-PR";"DEL07-PR";"UOP01-DEL07-PR"
412818;2022-02-04;"sexta-feira";"12:40:00";"MG";40;767;"JUIZ DE FORA";"Demais falhas mecânicas ou elétricas";"Incêndio";"Sem Vítimas";"Pleno dia";"Decrescente";"Céu Claro";"Simples";"Reta";"Não";1;0;0;0;1;0;0;1;-21,60346662;-43,45865618;"SPRF-MG";"DEL05-MG";"UOP01-DEL05-MG"
412820;2022-02-04;"sexta-feira";"11:40:00";"RJ";40;73,8;"PETROPOLIS";"Velocidade Incompatível";"Colisão com objeto";"Com Vítimas Feridas";"Pleno dia";"Decrescente";"Nublado";"Simples";"Curva";"Não";1;0;1;0;0;0;1;1;-22,47241056;-43,22362661;"SPRF-RJ";"DEL06-RJ";"UOP01-DEL06-RJ"
412823;2022-02-04;"sexta-feira";"14:10:00";"PE";232;135,6;"CARUARU";"Retorno proibido";"Colisão transversal";"Com Vítimas Fatais";"Pleno dia";"Decrescente";"Sol";"Dupla";"Em Obras;Reta";"Sim";2;1;0;0;1;0;0;2;-8,31300237;-36,03970714;"SPRF-PE";"DEL02-PE";"UOP03-DEL02-PE"
412825;2022-01-30;"domingo";"02:00:00";"PB";230;63,7;"SAO MIGUEL DE TAIPU";"Velocidade Incompatível";"Colisão com objeto";"Com Vítimas Feridas";"Plena Noite";"Decrescente";"Céu Claro";"Dupla";"Reta";"Não";1;0;1;0;0;0;1;1;-7,1989;-35,1649;"SPRF-PB";"DEL01-PB";"UOP03-DEL01-PB"
412832;2022-02-04;"sexta-feira";"15:30:00";"MG";365;440,3;"GUIMARANIA";"Demais falhas mecânicas ou elétricas";"Incêndio";"Sem Vítimas";"Pleno dia";"Crescente";"Sol";"Simples";"Curva";"Não";1;0;0;0;1;0;0;1;-18,794994;-46,729551;"SPRF-MG";"DEL10-MG";"UOP01-DEL10-MG"
412833;2022-02-04;"sexta-feira";"15:00:00";"PR";476;130;"CURITIBA";"Velocidade Incompatível";"Colisão traseira";"Com Vítimas Feridas";"Pleno dia";"Decrescente";"Céu Claro";"Dupla";"Reta";"Sim";2;0;1;0;1;0;1;2;-25,449564;-49,236427;"SPRF-PR";"DEL01-PR";"UOP03-DEL01-PR"
412835;2022-02-04;"sexta-feira";"15:55:00";"PE";101;78;"RECIFE";"Conversão proibida";"Colisão transversal";"Com Vítimas Feridas";"Pleno dia";"Decrescente";"Sol";"Dupla";"Reta";"Sim";2;0;1;0;0;1;1;2;-8,137378;-34,947502;"SPRF-PE";"DEL01-PE";"UOP01-DEL01-PE"
412836;2022-02-04;"sexta-feira";"15:00:00";"MG";262;372;"JUATUBA";"Demais falhas na via";"Eventos atípicos";"Sem Vítimas";"Pleno dia";"Decrescente";"Céu Claro";"Dupla";"Em Obras";"Não";2;0;0;0;2;0;0;1;-19,97359723;-44,31765496;"SPRF-MG";"DEL01-MG";"UOP03-DEL01-MG"
412838;2022-02-04;"sexta-feira";"05:00:00";"PR";369;167;"CAMBE";"Ausência de reação do condutor";"Colisão traseira";"Sem Vítimas";"Amanhecer";"Crescente";"Chuva";"Dupla";"Aclive";"Não";1;0;0;0;0;1;0;1;-23,297482;-51,320395;"SPRF-PR";"DEL07-PR";"UOP01-DEL07-PR"
412839;2022-02-04;"sexta-feira";"15:10:00";"RS";290;151;"ARROIO DOS RATOS";"Condutor deixou de manter distância do veículo da frente";"Colisão traseira";"Sem Vítimas";"Pleno dia";"Decrescente";"Sol";"Simples";"Reta";"Não";5;0;0;0;4;1;0;2;-30,105392;-51,717197;"SPRF-RS";"DEL02-RS";"UOP01-DEL02-RS"
412841;2022-02-04;"sexta-feira";"16:30:00";"PR";373;212,1;"IMBITUVA";"Demais falhas mecânicas ou elétricas";"Saída de leito carroçável";"Sem Vítimas";"Pleno dia";"Crescente";"Garoa/Chuvisco";"Simples";"Reta";"Não";1;0;0;0;1;0;0;1;-25,15350676;-50,50509611;"SPRF-PR";"DEL03-PR";"UOP01-DEL03-PR"
412843;2022-02-04;"sexta-feira";"16:30:00";"MG";356;264,6;"MURIAE";"Condutor deixou de manter distância do veículo da frente";"Colisão traseira";"Com Vítimas Feridas";"Pleno dia";"Crescente";"Garoa/Chuvisco";"Simples";"Curva";"Sim";2;0;1;0;1;0;1;2;-21,12464572;-42,37712599;"SPRF-MG";"DEL07-MG";"UOP02-DEL07-MG"
412844;2022-02-04;"sexta-feira";"15:20:00";"RO";364;710;"PORTO VELHO";"Reação tardia ou ineficiente do condutor";"Colisão traseira";"Com Vítimas Feridas";"Pleno dia";"Crescente";"Nublado";"Múltipla";"Reta";"Sim";2;0;1;0;1;0;1;2;-8,78621576;-63,85712687;"SPRF-RO";"DEL01-RO";"UOP01-DEL01-RO"
412845;2022-02-04;"sexta-feira";"16:37:00";"ES";262;46,4;"MARECHAL FLORIANO";"Transitar na contramão";"Colisão lateral sentido oposto";"Sem Vítimas";"Pleno dia";"Crescente";"Chuva";"Dupla";"Interseção de Vias";"Não";4;0;0;0;4;0;0;3;-20,40814907;-40,67394203;"SPRF-ES";"DEL01-ES";"UOP01-DEL01-ES"
412846;2022-02-04;"sexta-feira";"16:40:00";"SP";116;110;"TAUBATE";"Demais falhas mecânicas ou elétricas";"Tombamento";"Com Vítimas Feridas";"Pleno dia";"Decrescente";"Céu Claro";"Dupla";"Reta;Aclive";"Sim";1;0;1;0;0;0;1;1;-23,03412614;-45,5526999;"SPRF-SP";"DEL08-SP";"UOP01-DEL08-SP"
412847;2022-02-04;"sexta-feira";"11:30:00";"SC";282;524;"XAXIM";"Velocidade Incompatível";"Capotamento";"Com Vítimas Feridas";"Pleno dia";"Crescente";"Chuva";"Simples";"Curva";"Não";2;0;2;0;0;0;2;1;-26,965002;-52,557384;"SPRF-SC";"DEL07-SC";"UOP01-DEL07-SC"
412848;2022-02-04;"sexta-feira";"13:30:00";"MA";316;313;"OLHO DAGUA DAS CUNHAS";"Pista esburacada";"Capotamento";"Com Vítimas Feridas";"Pleno dia";"Crescente";"Céu Claro";"Simples";"Aclive";"Não";1;0;1;0;0;0;1;1;-4,012652;-45,11356;"SPRF-MA";"DEL02-MA";"UOP01-DEL02-MA"
412850;2022-02-04;"sexta-feira";"13:00:00";"PR";369;23;"CAMBARA";"Acumulo de água sobre o pavimento";"Saída de leito carroçável";"Com Vítimas Feridas";"Pleno dia";"Decrescente";"Chuva";"Simples";"Reta";"Não";1;0;1;0;0;0;1;1;-23,02843694;-50,03311157;"SPRF-PR";"DEL07-PR";"UOP01-DEL07-PR"
412851;2022-02-04;"sexta-feira";"16:20:00";"PR";116;38;"CAMPINA GRANDE DO SUL";"Chuva";"Saída de leito carroçável";"Com Vítimas Feridas";"Pleno dia";"Decrescente";"Chuva";"Dupla";"Curva";"Não";4;0;4;0;0;0;4;1;-25,14802509;-48,85922071;"SPRF-PR";"DEL01-PR";"UOP02-DEL01-PR"
412853;2022-02-04;"sexta-feira";"17:45:00";"GO";40;19,5;"LUZIANIA";"Acessar a via sem observar a presença dos outros veículos";"Colisão transversal";"Com Vítimas Feridas";"Pleno dia";"Crescente";"Céu Claro";"Dupla";"Reta";"Sim";2;0;1;0;1;0;1;2;-16,201556;-47,921314;"SPRF-DF";"DEL01-DF";"UOP01-DEL01-DF"
412855;2022-02-04;"sexta-feira";"17:30:00";"RS";116;267,4;"CANOAS";"Transitar na contramão";"Colisão transversal";"Com Vítimas Feridas";"Pleno dia";"Decrescente";"Céu Claro";"Simples";"Interseção de Vias";"Sim";2;0;1;0;1;0;1;2;-29,94142398;-51,17697062;"SPRF-RS";"DEL01-RS";"UOP01-DEL01-RS"
412856;2022-02-04;"sexta-feira";"17:40:00";"SC";470;67,9;"INDAIAL";"Reação tardia ou ineficiente do condutor";"Colisão transversal";"Com Vítimas Feridas";"Pleno dia";"Crescente";"Nublado";"Simples";"Interseção de Vias;Em Obras";"Sim";2;0;1;0;1;0;1;2;-26,87822963;-49,24035788;"SPRF-SC";"DEL04-SC";"UOP01-DEL04-SC"
412858;2022-02-04;"sexta-feira";"17:00:00";"SC";282;22,5;"SANTO AMARO DA IMPERATRIZ";"Velocidade Incompatível";"Atropelamento de Pedestre";"Com Vítimas Feridas";"Pleno dia";"Crescente";"Chuva";"Simples";"Reta";"Sim";2;0;0;1;1;0;1;2;-27,688507;-48,72739;"SPRF-SC";"DEL01-SC";"UOP02-DEL01-SC"
412860;2022-02-04;"sexta-feira";"17:35:00";"GO";50;266,6;"CATALAO";"Condutor Dormindo";"Saída de leito carroçável";"Com Vítimas Feridas";"Pleno dia";"Crescente";"Céu Claro";"Dupla";"Aclive";"Não";1;0;1;0;0;0;1;1;-18,0787;-47,8671;"SPRF-GO";"DEL06-GO";"UOP01-DEL06-GO"