"id";"data_inversa";"dia_semana";"horario";"uf";"br";"km";"municipio";"causa_acidente";"tipo_acidente";"classificacao_acidente";"fase_dia";"sentido_via";"condicao_metereologica";"tipo_pista";"tracado_via";"uso_solo";"pessoas";"mortos";"feridos_leves";"feridos_graves";"ilesos";"ignorados";"feridos";"veiculos";"latitude";"longitude";"regional";"delegacia";"uop"
412987;2022-02-05;"sábado";"01:20:00";"MG";381;533;"ITATIAIUCU";"Acumulo de água sobre o pavimento";"Capotamento";"Com Vítimas Feridas";"Plena Noite";"Decrescente";"Chuva";"Dupla";"Curva";"Não";3;0;2;0;1;0;2;1;-20,19896036;-44,38641307;"SPRF-MG";"DEL04-MG";"UOP03-DEL04-MG"
412990;2022-02-05;"sábado";"06:45:00";"CE";222;132,8;"ITAPAJE";"Velocidade Incompatível";"Capotamento";"Com Vítimas Feridas";"Pleno dia";"Crescente";"Garoa/Chuvisco";"Simples";"Curva";"Não";2;0;2;0;0;0;2;1;-3,71720579;-39,64004517;"SPRF-CE";"DEL04-CE";"UOP03-DEL04-CE"
412991;2022-02-05;"sábado";"06:30:00";"MG";153;239;"FRONTEIRA";"Pista esburacada";"Tombamento";"Com Vítimas Feridas";"Pleno dia";"Crescente";"Sol";"Simples";"Reta";"Não";1;0;1;0;0;0;1;1;-20,283783;-49,196385;"SPRF-MG";"DEL13-MG";"UOP02-DEL13-MG"
412993;2022-02-05;"sábado";"07:40:00";"ES";101;203,2;"JOAO NEIVA";"Conversão proibida";"Colisão traseira";"Com Vítimas Feridas";"Pleno dia";"Decrescente";"Nublado";"Simples";"Reta";"Não";2;0;1;0;1;0;1;2;-19,74448248;-40,37263506;"SPRF-ES";"DEL04-ES";"UOP01-DEL04-ES"
412994;2022-02-05;"sábado";"07:30:00";"MA";135;21;"SAO LUIS";"Trafegar com motocicleta (ou similar) entre as faixas";"Tombamento";"Com Vítimas Feridas";"Pleno dia";"Crescente";"Céu Claro";"Simples";"Reta";"Sim";3;0;1;0;2;0;1;3;-2,53073;-44,3068;"SPRF-MA";"DEL01-MA";"UOP01-DEL01-MA"
412996;2022-02-05;"sábado";"07:10:00";"RR";174;500;"BOA VISTA";"Ingestão de álcool pelo condutor";"Queda de ocupante de veículo";"Com Vítimas Feridas";"Pleno dia";"Crescente";"Céu Claro";"Dupla";"Reta";"Sim";1;0;1;0;0;0;1;1;2,776633;-60,708858;"SPRF-RR";"DEL01-RR";"UOP01-DEL01-RR"
412997;2022-02-05;"sábado";"08:15:00";"RJ";101;416;"MANGARATIBA";"Acessar a via sem observar a presença dos outros veículos";"Colisão transversal";"Com Vítimas Feridas";"Pleno dia";"Crescente";"Céu Claro";"Simples";"Reta";"Sim";2;0;1;0;1;0;1;2;-22,90729503;-43,89024997;"SPRF-RJ";"DEL03-RJ";"UOP03-DEL03-RJ"
412998;2022-02-05;"sábado";"07:20:00";"RJ";101;215,9;"SILVA JARDIM";"Demais falhas mecânicas ou elétricas";"Incêndio";"Sem Vítimas";"Pleno dia";"Crescente";"Sol";"Simples";"Reta";"Não";1;0;0;0;1;0;0;1;-22,50540682;-42,27365808;"SPRF-RJ";"DEL02-RJ";"UOP03-DEL02-RJ"
412999;2022-02-05;"sábado";"07:22:00";"GO";50;133,9;"IPAMERI";"Ausência de reação do condutor";"Saída de leito carroçável";"Com Vítimas Feridas";"Pleno dia";"Crescente";"Nublado";"Dupla";"Reta";"Não";2;0;1;1;0;0;2;1;-17,0332;-47,7635;"SPRF-GO";"DEL06-GO";"UOP01-DEL06-GO"
413000;2022-02-05;"sábado";"07:30:00";"CE";116;325,6;"JAGUARIBE";"Reação tardia ou ineficiente do condutor";"Saída de leito carroçável";"Com Vítimas Feridas";"Pleno dia";"Crescente";"Nublado";"Simples";"Curva";"Não";2;0;1;1;0;0;2;1;-6,045844;-38,646095;"SPRF-CE";"DEL05-CE";"UOP02-DEL05-CE"
413002;2022-02-05;"sábado";"06:45:00";"PR";158;511;"CORONEL VIVIDA";"Pista Escorregadia";"Saída de leito carroçável";"Sem Vítimas";"Amanhecer";"Decrescente";"Chuva";"Simples";"Curva";"Não";1;0;0;0;0;1;0;1;-26,04033533;-52,61093793;"SPRF-PR";"DEL02-PR";"UOP01-DEL02-PR"
413007;2022-02-05;"sábado";"09:15:00";"RN";304;306;"PARNAMIRIM";"Manobra de mudança de faixa";"Colisão lateral mesmo sentido";"Com Vítimas Feridas";"Pleno dia";"Crescente";"Céu Claro";"Dupla";"Curva";"Sim";2;0;1;0;1;0;1;2;-5,89209603;-35,25888634;"SPRF-RN";"DEL01-RN";"UOP02-DEL01-RN"
413008;2022-02-05;"sábado";"07:20:00";"RN";226;243;"JUCURUTU";"Transitar na contramão";"Colisão frontal";"Com Vítimas Feridas";"Pleno dia";"Crescente";"Céu Claro";"Simples";"Reta";"Não";2;0;0;1;1;0;1;2;-6,04407118;-37,00023217;"SPRF-RN";"DEL03-RN";"UOP01-DEL03-RN"
413009;2022-02-05;"sábado";"06:30:00";"AC";364;155;"BUJARI";"Ausência de reação do condutor";"Saída de leito carroçável";"Com Vítimas Feridas";"Pleno dia";"Decrescente";"Céu Claro";"Simples";"Reta";"Sim";4;0;3;0;0;1;3;1;-9,83896251;-67,94010271;"SPRF-AC";"DEL01-AC";"UOP01-DEL01-AC"
413012;2022-02-05;"sábado";"09:00:00";"RS";287;283;"SAO PEDRO DO SUL";"Demais falhas mecânicas ou elétricas";"Incêndio";"Sem Vítimas";"Pleno dia";"Crescente";"Céu Claro";"Simples";"Reta;Aclive";"Não";1;0;0;0;1;0;0;1;-29,63555746;-54,19978798;"SPRF-RS";"DEL09-RS";"UOP01-DEL09-RS"
413014;2022-02-05;"sábado";"10:30:00";"SC";280;31;"ARAQUARI";"Reação tardia ou ineficiente do condutor";"Colisão traseira";"Com Vítimas Feridas";"Pleno dia";"Decrescente";"Céu Claro";"Simples";"Reta";"Não";3;0;2;0;1;0;2;2;-26,41649938;-48,77181215;"SPRF-SC";"DEL03-SC";"UOP03-DEL03-SC"
413019;2022-02-04;"sexta-feira";"20:00:00";"MG";116;372;"FREI INOCENCIO";"Ausência de reação do condutor";"Tombamento";"Com Vítimas Fatais";"Plena Noite";"Crescente";"Chuva";"Simples";"Reta";"Não";2;1;0;1;0;0;1;1;-18,55487103;-41,90498087;"SPRF-MG";"DEL11-MG";"UOP01-DEL11-MG"
413020;2022-02-05;"sábado";"11:00:00";"SC";101;207;"SAO JOSE";"Condutor deixou de manter distância do veículo da frente";"Engavetamento";"Com Vítimas Feridas";"Pleno dia";"Crescente";"Céu Claro";"Múltipla";"Reta";"Sim";4;0;1;0;3;0;1;4;-27,60001226;-48,6226467;"SPRF-SC";"DEL01-SC";"UOP01-DEL01-SC"
413021;2022-02-05;"sábado";"10:02:00";"RJ";101;493;"ANGRA DOS REIS";"Manobra de mudança de faixa";"Saída de leito carroçável";"Com Vítimas Feridas";"Pleno dia";"Crescente";"Céu Claro";"Simples";"Reta";"Não";2;0;1;1;0;0;2;1;-22,943702;-44,325092;"SPRF-RJ";"DEL03-RJ";"UOP03-DEL03-RJ"
413023;2022-02-05;"sábado";"11:00:00";"PE";408;103;"RECIFE";"Entrada inopinada do pedestre";"Atropelamento de Pedestre";"Com Vítimas Feridas";"Pleno dia";"Crescente";"Céu Claro";"Dupla";"Reta";"Sim";2;0;2;0;0;0;2;2;-8,05746154;-34,99468175;"SPRF-PE";"DEL01-PE";"UOP01-DEL01-PE"
413024;2022-02-05;"sábado";"11:19:00";"SP";116;141,5;"SAO JOSE DOS CAMPOS";"Demais falhas mecânicas ou elétricas";"Tombamento";"Com Vítimas Feridas";"Pleno dia";"Crescente";"Sol";"Dupla";"Reta";"Sim";1;0;1;0;0;0;1;1;-23,17004717;-45,82091491;"SPRF-SP";"DEL02-SP";"UOP01-DEL02-SP"
413027;2022-02-05;"sábado";"11:45:00";"RN";101;101;"PARNAMIRIM";"Mal súbito do condutor";"Saída de leito carroçável";"Com Vítimas Fatais";"Pleno dia";"Crescente";"Sol";"Múltipla";"Reta";"Sim";1;1;0;0;0;0;0;1;-5,88768107;-35,23628712;"SPRF-RN";"DEL01-RN";"UOP01-DEL01-RN"
413028;2022-02-05;"sábado";"11:40:00";"PR";116;88;"PIRAQUARA";"Demais falhas mecânicas ou elétricas";"Queda de ocupante de veículo";"Com Vítimas Feridas";"Pleno dia";"Crescente";"Céu Claro";"Dupla";"Reta";"Não";2;0;2;0;0;0;2;1;-25,47781508;-49,09923112;"SPRF-PR";"DEL01-PR";"UOP01-DEL01-PR"
413030;2022-02-05;"sábado";"10:40:00";"RJ";101;305;"SAO GONCALO";"Reação tardia ou ineficiente do condutor";"Queda de ocupante de veículo";"Com Vítimas Feridas";"Pleno dia";"Decrescente";"Céu Claro";"Dupla";"Reta";"Sim";1;0;1;0;0;0;1;1;-22,78702832;-42,99589293;"SPRF-RJ";"DEL02-RJ";"UOP02-DEL02-RJ"
413031;2022-02-05;"sábado";"11:59:00";"RS";470;219;"BENTO GONCALVES";"Reação tardia ou ineficiente do condutor";"Saída de leito carroçável";"Sem Vítimas";"Pleno dia";"Decrescente";"Chuva";"Simples";"Curva";"Não";1;0;0;0;1;0;0;1;-29,17909489;-51,51855675;"SPRF-RS";"DEL06-RS";"UOP01-DEL06-RS"
413033;2022-02-05;"sábado";"11:00:00";"MT";364;202,6;"RONDONOPOLIS";"Reação tardia ou ineficiente do condutor";"Engavetamento";"Com Vítimas Feridas";"Pleno dia";"Decrescente";"Sol";"Dupla";"Reta";"Sim";5;0;0;1;4;0;1;3;-16,48347324;-54,64970354;"SPRF-MT";"DEL02-MT";"UOP01-DEL02-MT"
413034;2022-02-05;"sábado";"06:30:00";"PR";277;594,4;"CASCAVEL";"Ingestão de álcool pelo condutor";"Saída de leito carroçável";"Sem Vítimas";"Amanhecer";"Crescente";"Chuva";"Dupla";"Reta;Retorno Regulamentado;Declive";"Sim";1;0;0;0;0;1;0;1;-24,9794792;-53,49232599;"SPRF-PR";"DEL04-PR";"UOP01-DEL04-PR"
413036;2022-02-05;"sábado";"12:25:00";"CE";116;4;"FORTALEZA";"Condutor deixou de manter distância do veículo da frente";"Colisão lateral mesmo sentido";"Com Vítimas Feridas";"Pleno dia";"Crescente";"Céu Claro";"Dupla";"Reta";"Sim";2;0;1;0;1;0;1;2;-3,7867209;-38,5114568;"SPRF-CE";"DEL01-CE";"UOP02-DEL01-CE"
413039;2022-02-05;"sábado";"11:50:00";"SC";163;68,7;"SAO MIGUEL DO OESTE";"Reação tardia ou ineficiente do condutor";"Colisão transversal";"Com Vítimas Feridas";"Pleno dia";"Crescente";"Chuva";"Dupla";"Reta";"Sim";3;0;1;0;2;0;1;2;-26,73461723;-53,50680015;"SPRF-SC";"DEL07-SC";"UOP03-DEL07-SC"
413040;2022-02-05;"sábado";"12:20:00";"SP";116;186;"SANTA ISABEL";"Obras na pista";"Colisão com objeto";"Com Vítimas Feridas";"Pleno dia";"Decrescente";"Céu Claro";"Múltipla";"Reta";"Não";4;0;1;0;3;0;1;1;-23,35220682;-46,19934905;"SPRF-SP";"DEL01-SP";"UOP01-DEL01-SP"
413041;2022-02-05;"sábado";"13:20:00";"MG";381;811;"CAREACU";"Velocidade Incompatível";"Colisão com objeto";"Com Vítimas Feridas";"Pleno dia";"Crescente";"Nublado";"Dupla";"Curva;Declive";"Não";3;0;1;0;2;0;1;1;-22,05313393;-45,6960471;"SPRF-MG";"DEL16-MG";"UOP02-DEL16-MG"
413042;2022-02-05;"sábado";"12:30:00";"GO";60;96,8;"ANAPOLIS";"Manobra de mudança de faixa";"Capotamento";"Com Vítimas Feridas";"Pleno dia";"Decrescente";"Nublado";"Dupla";"Reta";"Sim";1;0;1;0;0;0;1;1;-16,371;-48,9422;"SPRF-GO";"DEL02-GO";"UOP01-DEL02-GO"
413045;2022-02-05;"sábado";"13:25:00";"ES";101;309,6;"VIANA";"Velocidade Incompatível";"Saída de leito carroçável";"Com Vítimas Feridas";"Pleno dia";"Crescente";"Nublado";"Dupla";"Reta";"Sim";1;0;1;0;0;0;1;1;-20,417;-40,45984911;"SPRF-ES";"DEL01-ES";"UOP01-DEL01-ES"
413046;2022-02-05;"sábado";"13:06:00";"RJ";116;255,8;"PIRAI";"Ausência de sinalização";"Atropelamento de Pedestre";"Com Vítimas Fatais";"Pleno dia";"Crescente";"Céu Claro";"Dupla";"Aclive";"Não";3;1;1;0;1;0;1;3;-22,58449025;-44,00458394;"SPRF-RJ";"DEL07-RJ";"UOP02-DEL07-RJ"
413048;2022-02-05;"sábado";"13:45:00";"SP";101;38,8;"UBATUBA";"Conversão proibida";"Colisão traseira";"Com Vítimas Feridas";"Pleno dia";"Crescente";"Sol";"Simples";"Reta";"Sim";3;0;3;0;0;0;3;2;-23,40938302;-45,01933291;"SPRF-SP";"DEL06-SP";"UOP01-DEL06-SP"
413050;2022-02-05;"sábado";"13:45:00";"MG";381;635,5;"SANTO ANTONIO DO AMPARO";"Demais falhas mecânicas ou elétricas";"Capotamento";"Com Vítimas Feridas";"Pleno dia";"Crescente";"Nublado";"Dupla";"Curva";"Não";3;0;3;0;0;0;3;1;-20,88278809;-44,85183046;"SPRF-MG";"DEL04-MG";"UOP01-DEL04-MG"
413051;2022-02-05;"sábado";"14:10:00";"SC";470;53,3;"BLUMENAU";"Conversão proibida";"Colisão traseira";"Com Vítimas Feridas";"Pleno dia";"Decrescente";"Sol";"Simples";"Curva";"Não";2;0;1;0;1;0;1;2;-26,867121;-49,102066;"SPRF-SC";"DEL04-SC";"UOP01-DEL04-SC"
413055;2022-01-09;"domingo";"11:00:00";"RS";153;1;"CACHOEIRA DO SUL";"Reação tardia ou ineficiente do condutor";"Colisão transversal";"Com Vítimas Feridas";"Pleno dia";"Crescente";"Céu Claro";"Simples";"Reta";"Sim";2;0;1;0;1;0;1;2;-29,9999415;-52,91033529;"SPRF-RS";"DEL02-RS";"UOP03-DEL02-RS"
413056;2022-02-05;"sábado";"13:30:00";"RJ";393;285;"VOLTA REDONDA";"Pista Escorregadia";"Tombamento";"Com Vítimas Feridas";"Pleno dia";"Crescente";"Céu Claro";"Simples";"Curva";"Sim";2;0;1;0;1;0;1;1;-22,481726;-44,06308602;"SPRF-RJ";"DEL05-RJ";"UOP04-DEL05-RJ"
413057;2022-02-05;"sábado";"14:19:00";"SP";116;205;"GUARULHOS";"Reação tardia ou ineficiente do condutor";"Tombamento";"Com Vítimas Feridas";"Pleno dia";"Decrescente";"Céu Claro";"Dupla";"Reta";"Sim";3;0;1;0;1;1;1;3;-23,41475243;-46,36600788;"SPRF-SP";"DEL01-SP";"UOP01-DEL01-SP"
413058;2022-02-05;"sábado";"15:00:00";"PR";376;111,2;"PARANAVAI";"Problema na suspensão";"Colisão lateral mesmo sentido";"Sem Vítimas";"Pleno dia";"Decrescente";"Nublado";"Múltipla";"Reta";"Sim";4;0;0;0;4;0;0;2;-23,08586386;-52,40179942;"SPRF-PR";"DEL09-PR";"UOP02-DEL09-PR"
413059;2022-02-05;"sábado";"14:45:00";"RJ";116;62;"TERESOPOLIS";"Conversão proibida";"Colisão transversal";"Com Vítimas Feridas";"Pleno dia";"Decrescente";"Nublado";"Simples";"Reta";"Não";2;0;1;0;1;0;1;2;-22,25254197;-42,91927708;"SPRF-RJ";"DEL04-RJ";"UOP01-DEL04-RJ"
413060;2022-02-05;"sábado";"13:10:00";"MT";364;234,1;"RONDONOPOLIS";"Reação tardia ou ineficiente do condutor";"Colisão com objeto";"Com Vítimas Feridas";"Pleno dia";"Crescente";"Nublado";"Dupla";"Declive";"Não";1;0;1;0;0;0;1;1;-16,23115894;-54,78177125;"SPRF-MT";"DEL02-MT";"UOP01-DEL02-MT"
413061;2022-02-05;"sábado";"15:10:00";"RJ";116;94;"GUAPIMIRIM";"Curva acentuada";"Colisão frontal";"Sem Vítimas";"Pleno dia";"Crescente";"Nublado";"Simples";"Curva";"Não";5;0;0;0;5;0;0;2;-22,46643519;-43,00088701;"SPRF-RJ";"DEL04-RJ";"UOP02-DEL04-RJ"
413065;2022-02-05;"sábado";"14:45:00";"PR";376;262,1;"CALIFORNIA";"Ingestão de álcool pelo condutor";"Saída de leito carroçável";"Com Vítimas Feridas";"Pleno dia";"Crescente";"Chuva";"Dupla";"Reta";"Não";4;0;2;1;1;0;3;1;-23,71590684;-51,31665496;"SPRF-PR";"DEL07-PR";"UOP02-DEL07-PR"
413066;2022-02-05;"sábado";"10:50:00";"PR";277;48;"MORRETES";"Velocidade Incompatível";"Saída de leito carroçável";"Sem Vítimas";"Pleno dia";"Decrescente";"Céu Claro";"Dupla";"Reta";"Não";1;0;0;0;1;0;0;1;-25,59302836;-48,88200785;"SPRF-PR";"DEL01-PR";"UOP05-DEL01-PR"
413067;2022-02-05;"sábado";"15:30:00";"PE";232;79,5;"GRAVATA";"Ingestão de álcool pelo condutor";"Engavetamento";"Com Vítimas Feridas";"Pleno dia";"Crescente";"Sol";"Simples";"Interseção de Vias";"Sim";4;0;1;0;3;0;1;4;-8,19460572;-35,56074803;"SPRF-PE";"DEL02-PE";"UOP02-DEL02PE"
413068;2022-02-05;"sábado";"12:30:00";"SC";470;172,7;"POUSO REDONDO";"Ingestão de álcool pelo condutor";"Saída de leito carroçável";"Com Vítimas Feridas";"Pleno dia";"Decrescente";"Céu Claro";"Simples";"Reta";"Não";1;0;1;0;0;0;1;1;-27,257526;-49,909592;"SPRF-SC";"DEL04-SC";"UOP02-DEL04-SC"
413070;2022-02-05;"sábado";"15:35:00";"PE";408;65,7;"CARPINA";"Reação tardia ou ineficiente do condutor";"Saída de leito carroçável";"Sem Vítimas";"Pleno dia";"Decrescente";"Céu Claro";"Dupla";"Declive";"Sim";1;0;0;0;0;1;0;1;-7,85059029;-35,23198016;"SPRF-PE";"DEL01-PE";"UOP01-DEL01-PE"
413072;2022-02-05;"sábado";"16:15:00";"PR";376;169,4;"MARINGA";"Velocidade Incompatível";"Colisão traseira";"Com Vítimas Feridas";"Pleno dia";"Crescente";"Céu Claro";"Dupla";"Reta;Declive";"Não";2;0;0;1;1;0;1;2;-23,41293401;-51,98354301;"SPRF-PR";"DEL09-PR";"UOP01-DEL09-PR"
413073;2022-02-05;"sábado";"14:20:00";"AC";317;233;"XAPURI";"Obras na pista";"Queda de ocupante de veículo";"Com Vítimas Feridas";"Pleno dia";"Decrescente";"Céu Claro";"Dupla";"Em Obras;Reta";"Não";2;0;2;0;0;0;2;1;-10,70087639;-68,38757187;"SPRF-AC";"DEL01-AC";"UOP02-DEL01-AC"
413075;2022-02-05;"sábado";"16:55:00";"AL";104;86;"RIO LARGO";"Ausência de reação do condutor";"Colisão traseira";"Com Vítimas Feridas";"Pleno dia";"Crescente";"Céu Claro";"Dupla";"Reta";"Sim";2;0;1;0;1;0;1;2;-9,46691715;-35,82504135;"SPRF-AL";"DEL01-AL";"UOP01-DEL01-AL"
413077;2022-02-05;"sábado";"16:50:00";"SC";101;207,7;"SAO JOSE";"Acessar a via sem observar a presença dos outros veículos";"Tombamento";"Com Vítimas Feridas";"Pleno dia";"Crescente";"Nublado";"Múltipla";"Declive";"Sim";2;0;1;0;0;1;1;2;-27,60001226;-48,6226467;"SPRF-SC";"DEL01-SC";"UOP01-DEL01-SC"
413079;2022-02-05;"sábado";"17:00:00";"PR";376;185,1;"SARANDI";"Ingestão de álcool pelo condutor";"Colisão traseira";"Com Vítimas Feridas";"Pleno dia";"Crescente";"Céu Claro";"Dupla";"Aclive;Reta";"Sim";2;0;1;0;1;0;1;2;-23,45147413;-51,85361808;"SPRF-PR";"DEL09-PR";"UOP01-DEL09-PR"
413084;2022-02-05;"sábado";"16:20:00";"RO";364;715;"PORTO VELHO";"Velocidade Incompatível";"Colisão lateral mesmo sentido";"Com Vítimas Feridas";"Pleno dia";"Crescente";"Sol";"Simples";"Viaduto";"Sim";2;0;1;0;1;0;1;2;-8,77957291;-63,89174213;"SPRF-RO";"DEL01-RO";"UOP01-DEL01-RO"
413085;2022-02-05;"sábado";"16:30:00";"MG";381;815;"CAREACU";"Velocidade Incompatível";"Colisão lateral mesmo sentido";"Com Vítimas Feridas";"Pleno dia";"Decrescente";"Chuva";"Dupla";"Curva";"Não";2;0;1;0;1;0;1;1;-22,08771284;-45,70503017;"SPRF-MG";"DEL16-MG";"UOP02-DEL16-MG"
413086;2022-02-05;"sábado";"17:35:00";"PR";376;601;"CURITIBA";"Condutor deixou de manter distância do veículo da frente";"Colisão traseira";"Com Vítimas Feridas";"Pleno dia";"Decrescente";"Nublado";"Múltipla";"Reta";"Sim";3;0;2;0;1;0;2;2;-25,537054;-49,31404;"SPRF-PR";"DEL01-PR";"UOP01-DEL01-PR"
413088;2022-02-05;"sábado";"17:10:00";"RJ";40;85;"PETROPOLIS";"Pista Escorregadia";"Saída de leito carroçável";"Com Vítimas Feridas";"Anoitecer";"Decrescente";"Garoa/Chuvisco";"Simples";"Curva";"Não";1;0;1;0;0;0;1;1;-22,52850694;-43,2349802;"SPRF-RJ";"DEL06-RJ";"UOP01-DEL06-RJ"
413089;2022-02-05;"sábado";"17:21:00";"PR";277;673;"MEDIANEIRA";"Entrada inopinada do pedestre";"Atropelamento de Pedestre";"Com Vítimas Fatais";"Pleno dia";"Crescente";"Nublado";"Dupla";"Reta";"Sim";5;1;0;0;4;0;0;2;-25,29056476;-54,10646111;"SPRF-PR";"DEL05-PR";"UOP01-DEL05-PR"
413090;2022-02-05;"sábado";"09:30:00";"MT";70;237;"POXOREO";"Reação tardia ou ineficiente do condutor";"Colisão traseira";"Com Vítimas Feridas";"Pleno dia";"Decrescente";"Céu Claro";"Simples";"Aclive;Reta";"Não";3;0;2;0;1;0;2;2;-15,62766279;-54,00232797;"SPRF-MT";"DEL05-MT";"UOP01-DEL05-MT"
413092;2022-02-05;"sábado";"18:50:00";"SC";101;138,6;"BALNEARIO CAMBORIU";"Ausência de reação do condutor";"Colisão com objeto";"Com Vítimas Feridas";"Amanhecer";"Decrescente";"Nublado";"Dupla";"Curva";"Sim";1;0;1;0;0;0;1;1;-27,02397426;-48,60761649;"SPRF-SC";"DEL04-SC";"UOP03-DEL04-SC"
413093;2022-02-05;"sábado";"19:00:00";"SC";101;197,4;"BIGUACU";"Ingestão de álcool pelo condutor";"Colisão traseira";"Com Vítimas Feridas";"Anoitecer";"Crescente";"Nublado";"Múltipla";"Reta;Interseção de Vias;Declive";"Sim";2;0;0;1;1;0;1;2;-27,51844497;-48,63848496;"SPRF-SC";"DEL01-SC";"UOP01-DEL01-SC"
413096;2022-02-05;"sábado";"15:00:00";"BA";101;204;"MURITIBA";"Afundamento ou ondulação no pavimento";"Saída de leito carroçável";"Com Vítimas Feridas";"Pleno dia";"Crescente";"Céu Claro";"Simples";"Aclive;Reta";"Não";1;0;1;0;0;0;1;1;-12,63317306;-39,09398987;"SPRF-BA";"DEL01-BA";"UOP02-DEL01-BA"
413098;2022-02-05;"sábado";"11:25:00";"RJ";493;89;"SEROPEDICA";"Demais falhas mecânicas ou elétricas";"Queda de ocupante de veículo";"Com Vítimas Feridas";"Pleno dia";"Crescente";"Sol";"Dupla";"Reta";"Não";2;0;1;0;1;0;1;1;-22,6721332;-43,6517883;"SPRF-RJ";"DEL03-RJ";"UOP01-DEL03-RJ"
413099;2022-02-05;"sábado";"19:00:00";"SE";101;148;"ESTANCIA";"Transitar no acostamento";"Atropelamento de Pedestre";"Com Vítimas Feridas";"Plena Noite";"Decrescente";"Céu Claro";"Simples";"Declive";"Sim";3;0;2;1;0;0;3;2;-11,23058903;-37,42573496;"SPRF-SE";"DEL02-SE";"UOP01-DEL02-SE"
413100;2022-02-05;"sábado";"18:30:00";"RJ";101;62;"CAMPOS DOS GOYTACAZES";"Demais falhas mecânicas ou elétricas";"Colisão transversal";"Com Vítimas Feridas";"Plena Noite";"Crescente";"Céu Claro";"Simples";"Reta";"Sim";2;0;1;0;1;0;1;2;-21,73473386;-41,32504025;"SPRF-RJ";"DEL08-RJ";"UOP01-DEL08-RJ"
413101;2022-02-05;"sábado";"19:15:00";"SE";101;199;"CRISTINAPOLIS";"Ingestão de álcool pelo condutor";"Queda de ocupante de veículo";"Com Vítimas Feridas";"Plena Noite";"Crescente";"Céu Claro";"Simples";"Reta";"Sim";1;0;0;1;0;0;1;1;-11,48067309;-37,76331995;"SPRF-SE";"DEL02-SE";"UOP03-DEL02-SE"
413102;2022-02-05;"sábado";"19:15:00";"PI";343;0;"LUIS CORREIA";"Ingestão de álcool e/ou substâncias psicoativas pelo pedestre";"Colisão transversal";"Com Vítimas Feridas";"Plena Noite";"Crescente";"Céu Claro";"Simples";"Reta";"Sim";2;0;2;0;0;0;2;2;-2,881846;-41,665638;"SPRF-PI";"DEL05-PI";"UOP01-DEL05-PI"
413103;2022-02-05;"sábado";"18:39:00";"ES";101;62;"SAO MATEUS";"Acesso irregular";"Colisão traseira";"Com Vítimas Feridas";"Plena Noite";"Decrescente";"Garoa/Chuvisco";"Simples";"Aclive";"Sim";1;0;0;1;0;0;1;1;-18,69020499;-39,86154403;"SPRF-ES";"DEL04-ES";"UOP02-DEL04-ES"
413104;2022-02-05;"sábado";"19:29:00";"PR";376;618;"SAO JOSE DOS PINHAIS";"Trafegar com motocicleta (ou similar) entre as faixas";"Colisão lateral mesmo sentido";"Com Vítimas Feridas";"Plena Noite";"Decrescente";"Céu Claro";"Dupla";"Reta";"Sim";2;0;1;0;1;0;1;2;-25,59168398;-49,17197705;"SPRF-PR";"DEL01-PR";"UOP04-DEL01-PR"
413108;2022-02-05;"sábado";"17:50:00";"PR";277;18;"MORRETES";"Reação tardia ou ineficiente do condutor";"Saída de leito carroçável";"Sem Vítimas";"Pleno dia";"Decrescente";"Garoa/Chuvisco";"Dupla";"Reta";"Não";1;0;0;0;1;0;0;1;-25,53934375;-48,69380951;"SPRF-PR";"DEL01-PR";"UOP05-DEL01-PR"
413109;2022-02-05;"sábado";"19:35:00";"GO";60;387;"RIO VERDE";"Ingestão de álcool pelo condutor";"Queda de ocupante de veículo";"Com Vítimas Feridas";"Plena Noite";"Decrescente";"Nublado";"Dupla";"Declive;Reta";"Sim";2;0;1;1;0;0;2;1;-17,818132;-50,940324;"SPRF-GO";"DEL04-GO";"UOP01-DEL04-GO"
413110;2022-02-05;"sábado";"18:48:00";"SP";116;54,1;"LORENA";"Ausência de reação do condutor";"Colisão traseira";"Com Vítimas Feridas";"Plena Noite";"Crescente";"Nublado";"Dupla";"Reta";"Sim";4;0;2;1;1;0;3;2;-22,75803895;-45,11508003;"SPRF-SP";"DEL08-SP";"UOP02-DEL08-SP"
413111;2022-02-05;"sábado";"19:35:00";"PR";476;125;"CURITIBA";"Velocidade Incompatível";"Engavetamento";"Com Vítimas Feridas";"Plena Noite";"Crescente";"Céu Claro";"Múltipla";"Reta";"Sim";8;0;4;0;4;0;4;3;-25,40405016;-49,21806335;"SPRF-PR";"DEL01-PR";"UOP03-DEL01-PR"
413112;2022-02-05;"sábado";"19:15:00";"CE";222;30,8;"CAUCAIA";"Ingestão de álcool pelo condutor";"Colisão com objeto";"Sem Vítimas";"Plena Noite";"Crescente";"Céu Claro";"Simples";"Em Obras";"Sim";1;0;0;0;1;0;0;1;-3,70966854;-38,83083344;"SPRF-CE";"DEL01-CE";"UOP01-DEL01-CE"
413113;2022-02-05;"sábado";"20:00:00";"ES";101;23;"PEDRO CANARIO";"Velocidade Incompatível";"Saída de leito carroçável";"Com Vítimas Feridas";"Plena Noite";"Crescente";"Chuva";"Simples";"Reta";"Não";1;0;1;0;0;0;1;1;-18,35114403;-39,95691507;"SPRF-ES";"DEL04-ES";"UOP02-DEL04-ES"
413115;2022-02-05;"sábado";"20:10:00";"AL";316;253,5;"PILAR";"Ingestão de álcool pelo condutor";"Colisão frontal";"Sem Vítimas";"Plena Noite";"Crescente";"Céu Claro";"Simples";"Reta";"Sim";2;0;0;0;2;0;0;2;-9,58183493;-35,95988274;"SPRF-AL";"DEL02-AL";"UOP01-DEL02-AL"