"id";"data_inversa";"dia_semana";"horario";"uf";"br";"km";"municipio";"causa_acidente";"tipo_acidente";"classificacao_acidente";"fase_dia";"sentido_via";"condicao_metereologica";"tipo_pista";"tracado_via";"uso_solo";"pessoas";"mortos";"feridos_leves";"feridos_graves";"ilesos";"ignorados";"feridos";"veiculos";"latitude";"longitude";"regional";"delegacia";"uop"
413116;2022-02-05;"sábado";"20:05:00";"PR";116;134;"FAZENDA RIO GRANDE";"Problema com o freio";"Colisão traseira";"Sem Vítimas";"Plena Noite";"Decrescente";"Nublado";"Dupla";"Reta";"Não";4;0;0;0;4;0;0;2;-25,71484563;-49,31829398;"SPRF-PR";"DEL01-PR";"UOP03-DEL01-PR"
413117;2022-02-05;"sábado";"20:25:00";"GO";70;2,5;"AGUAS LINDAS DE GOIAS";"Trafegar com motocicleta (ou similar) entre as faixas";"Engavetamento";"Com Vítimas Feridas";"Plena Noite";"Crescente";"Céu Claro";"Dupla";"Curva";"Sim";5;0;1;0;4;0;1;5;-15,767021;-48,229945;"SPRF-DF";"DEL03-DF";"UOP02-DEL03-DF"
413120;2022-02-05;"sábado";"20:30:00";"PE";232;79,3;"GRAVATA";"Ultrapassagem Indevida";"Colisão frontal";"Com Vítimas Feridas";"Plena Noite";"Crescente";"Céu Claro";"Simples";"Reta";"Sim";3;0;0;1;1;1;1;3;-8,19460572;-35,56074803;"SPRF-PE";"DEL02-PE";"UOP02-DEL02PE"
413121;2022-02-05;"sábado";"19:45:00";"SE";235;47,5;"ITABAIANA";"Ausência de reação do condutor";"Saída de leito carroçável";"Com Vítimas Fatais";"Plena Noite";"Crescente";"Céu Claro";"Simples";"Reta";"Sim";1;1;0;0;0;0;0;1;-10,731889;-37,411335;"SPRF-SE";"DEL01-SE";"UOP02-DEL01-SE"
413122;2022-02-05;"sábado";"20:20:00";"GO";153;507,7;"APARECIDA DE GOIANIA";"Ausência de reação do condutor";"Colisão traseira";"Sem Vítimas";"Plena Noite";"Crescente";"Nublado";"Dupla";"Reta";"Sim";6;0;0;0;6;0;0;2;-16,7715;-49,2387;"SPRF-GO";"DEL01-GO";"UOP03-DEL01-GO"
413125;2022-02-05;"sábado";"20:20:00";"MS";267;651;"PORTO MURTINHO";"Ausência de reação do condutor";"Colisão traseira";"Com Vítimas Feridas";"Plena Noite";"Crescente";"Chuva";"Simples";"Reta";"Não";2;0;1;1;0;0;2;2;-21,74314559;-57,58444985;"SPRF-MS";"DEL05-MS";"UOP01-DEL05-MS"
413126;2022-02-05;"sábado";"21:10:00";"SP";153;63,7;"SAO JOSE DO RIO PRETO";"Condutor deixou de manter distância do veículo da frente";"Colisão traseira";"Com Vítimas Feridas";"Plena Noite";"Crescente";"Chuva";"Dupla";"Aclive";"Sim";2;0;1;0;1;0;1;2;-20,82149698;-49,35764818;"SPRF-SP";"DEL09-SP";"UOP01-DEL09-SP"
413130;2022-02-05;"sábado";"20:40:00";"RJ";116;137;"DUQUE DE CAXIAS";"Animais na Pista";"Engavetamento";"Com Vítimas Feridas";"Plena Noite";"Crescente";"Céu Claro";"Dupla";"Reta";"Sim";5;0;2;0;3;0;2;3;-22,64791994;-43,18200799;"SPRF-RJ";"DEL04-RJ";"UOP02-DEL04-RJ"
413132;2022-02-05;"sábado";"22:00:00";"MG";40;700;"BARBACENA";"Chuva";"Tombamento";"Com Vítimas Feridas";"Plena Noite";"Crescente";"Chuva";"Simples";"Aclive";"Não";1;0;0;1;0;0;1;1;-21,17760699;-43,75627477;"SPRF-MG";"DEL05-MG";"UOP02-DEL05-MG"
413133;2022-02-05;"sábado";"22:05:00";"SE";101;73,4;"MARUIM";"Reação tardia ou ineficiente do condutor";"Colisão com objeto";"Com Vítimas Feridas";"Plena Noite";"Crescente";"Céu Claro";"Simples";"Desvio Temporário";"Não";1;0;1;0;0;0;1;1;-10,75674403;-37,10467696;"SPRF-SE";"DEL01-SE";"UOP01-DEL01-SE"
413134;2022-02-05;"sábado";"21:50:00";"PR";277;122;"CAMPO LARGO";"Desrespeitar a preferência no cruzamento";"Colisão transversal";"Com Vítimas Feridas";"Plena Noite";"Decrescente";"Nublado";"Simples";"Interseção de Vias";"Sim";2;0;1;0;1;0;1;2;-25,44344167;-49,45985402;"SPRF-PR";"DEL01-PR";"UOP03-DEL03-PR"
413135;2022-02-05;"sábado";"20:30:00";"PA";230;745;"MEDICILANDIA";"Manobra de mudança de faixa";"Colisão frontal";"Com Vítimas Feridas";"Plena Noite";"Decrescente";"Garoa/Chuvisco";"Simples";"Reta";"Sim";2;0;0;1;1;0;1;2;-3,444286;-52,892299;"SPRF-PA";"DEL04-PA";"UOP01-DEL04-PA"
413136;2022-02-05;"sábado";"22:10:00";"PR";277;1,9;"FOZ DO IGUACU";"Reação tardia ou ineficiente do condutor";"Colisão transversal";"Com Vítimas Feridas";"Plena Noite";"Decrescente";"Nublado";"Dupla";"Reta";"Sim";2;0;0;1;1;0;1;2;-25,49018282;-54,58298748;"SPRF-PR";"DEL05-PR";"UOP03-DEL05-PR"
413138;2022-02-05;"sábado";"22:25:00";"SP";116;198,5;"ARUJA";"Reação tardia ou ineficiente do condutor";"Saída de leito carroçável";"Sem Vítimas";"Plena Noite";"Decrescente";"Céu Claro";"Múltipla";"Reta;Declive";"Não";1;0;0;0;0;1;0;1;-23,399937;-46,302038;"SPRF-SP";"DEL01-SP";"UOP01-DEL01-SP"
413139;2022-02-05;"sábado";"22:30:00";"RJ";116;180;"NOVA IGUACU";"Condutor deixou de manter distância do veículo da frente";"Colisão traseira";"Sem Vítimas";"Plena Noite";"Decrescente";"Céu Claro";"Dupla";"Reta";"Sim";3;0;0;0;3;0;0;3;-22,7651616;-43,4154728;"SPRF-RJ";"DEL01-RJ";"UOP02-DEL01-RJ"
413140;2022-02-05;"sábado";"21:20:00";"PR";277;237;"IRATI";"Ingestão de álcool pelo condutor";"Saída de leito carroçável";"Sem Vítimas";"Plena Noite";"Crescente";"Ignorado";"Simples";"Reta";"Não";1;0;0;0;1;0;0;1;-25,46249458;-50,59753418;"SPRF-PR";"DEL03-PR";"UOP03-DEL03-PR"
413141;2022-02-05;"sábado";"22:15:00";"GO";40;4;"VALPARAISO DE GOIAS";"Área urbana sem a presença de local apropriado para a travessia de pedestres";"Atropelamento de Pedestre";"Com Vítimas Feridas";"Plena Noite";"Crescente";"Chuva";"Simples";"Reta";"Sim";2;0;1;0;1;0;1;2;-16,085241;-47,986752;"SPRF-DF";"DEL01-DF";"UOP01-DEL01-DF"
413142;2022-02-05;"sábado";"23:10:00";"PE";101;52;"PAULISTA";"Ausência de sinalização";"Colisão lateral sentido oposto";"Com Vítimas Feridas";"Plena Noite";"Decrescente";"Céu Claro";"Simples";"Curva;Viaduto";"Sim";2;0;0;1;1;0;1;2;-7,92358799;-34,89607201;"SPRF-PE";"DEL01-PE";"UOP02-DEL01-PE"
413143;2022-02-05;"sábado";"20:30:00";"RO";174;14,2;"VILHENA";"Desrespeitar a preferência no cruzamento";"Colisão transversal";"Com Vítimas Feridas";"Plena Noite";"Crescente";"Nublado";"Dupla";"Interseção de Vias";"Sim";4;0;1;0;3;0;1;2;-12,73306632;-60,12981255;"SPRF-RO";"DEL04-RO";"UOP01-DEL04-RO"
413144;2022-02-05;"sábado";"22:00:00";"CE";222;92;"UMIRIM";"Ingestão de álcool pelo condutor";"Colisão traseira";"Com Vítimas Fatais";"Plena Noite";"Crescente";"Céu Claro";"Simples";"Reta";"Não";2;1;0;0;0;1;0;2;-3,68706764;-39,36222022;"SPRF-CE";"DEL04-CE";"UOP03-DEL04-CE"
413145;2022-02-05;"sábado";"22:20:00";"CE";116;73,7;"CHOROZINHO";"Reação tardia ou ineficiente do condutor";"Colisão traseira";"Sem Vítimas";"Plena Noite";"Decrescente";"Céu Claro";"Simples";"Reta";"Sim";3;0;0;0;3;0;0;2;-4,34762481;-38,46792477;"SPRF-CE";"DEL03-CE";"UOP02-DEL03-CE"
413146;2022-02-05;"sábado";"22:30:00";"RJ";116;200;"SEROPEDICA";"Ausência de reação do condutor";"Capotamento";"Com Vítimas Feridas";"Plena Noite";"Crescente";"Céu Claro";"Dupla";"Reta";"Não";5;0;2;0;3;0;2;2;-22,7306082;-43,59401795;"SPRF-RJ";"DEL01-RJ";"UOP03-DEL01-RJ"
413147;2022-02-05;"sábado";"23:14:00";"RS";290;107;"ELDORADO DO SUL";"Ingestão de álcool pelo condutor";"Colisão transversal";"Sem Vítimas";"Plena Noite";"Crescente";"Nublado";"Dupla";"Interseção de Vias";"Sim";4;0;0;0;4;0;0;2;-30,001852;-51,304264;"SPRF-RS";"DEL02-RS";"UOP01-DEL02-RS"
413148;2022-02-05;"sábado";"22:40:00";"SC";470;22;"ILHOTA";"Retorno proibido";"Colisão transversal";"Com Vítimas Feridas";"Plena Noite";"Crescente";"Chuva";"Simples";"Reta";"Não";3;0;0;2;1;0;2;2;-26,880066;-48,836224;"SPRF-SC";"DEL04-SC";"UOP04-DEL04-SC"
413149;2022-02-05;"sábado";"23:50:00";"RJ";101;275;"TANGUA";"Ingestão de álcool pelo condutor";"Colisão traseira";"Com Vítimas Feridas";"Plena Noite";"Crescente";"Céu Claro";"Dupla";"Curva";"Não";2;0;1;0;1;0;1;2;-22,73749734;-42,73735285;"SPRF-RJ";"DEL02-RJ";"UOP03-DEL02-RJ"
413150;2022-02-05;"sábado";"23:15:00";"MS";163;134;"NAVIRAI";"Reação tardia ou ineficiente do condutor";"Saída de leito carroçável";"Com Vítimas Feridas";"Plena Noite";"Crescente";"Nublado";"Simples";"Reta";"Não";1;0;0;1;0;0;1;1;-23,02477182;-54,29396095;"SPRF-MS";"DEL09-MS";"UOP01-DEL09-MS"
413152;2022-02-06;"domingo";"00:00:00";"MG";381;492;"BETIM";"Velocidade Incompatível";"Colisão traseira";"Com Vítimas Feridas";"Plena Noite";"Decrescente";"Chuva";"Dupla";"Reta";"Não";3;0;2;0;1;0;2;2;-19,97490091;-44,19004301;"SPRF-MG";"DEL01-MG";"UOP03-DEL01-MG"
413153;2022-02-05;"sábado";"23:27:00";"AL";101;202;"SAO SEBASTIAO";"Ausência de reação do condutor";"Queda de ocupante de veículo";"Com Vítimas Feridas";"Plena Noite";"Crescente";"Céu Claro";"Dupla";"Reta";"Não";1;0;0;1;0;0;1;1;-9,96642507;-36,55066388;"SPRF-AL";"DEL02-AL";"UOP02-DEL02-AL"
413154;2022-02-05;"sábado";"16:00:00";"AC";317;35;"SENADOR GUIOMARD";"Acessar a via sem observar a presença dos outros veículos";"Colisão transversal";"Com Vítimas Feridas";"Pleno dia";"Decrescente";"Céu Claro";"Simples";"Reta";"Não";7;0;1;0;5;1;1;3;-9,84741;-67,44154;"SPRF-AC";"DEL01-AC";"UOP01-DEL01-AC"
413155;2022-02-05;"sábado";"21:00:00";"SC";470;151;"AGRONOMICA";"Ingestão de álcool pelo condutor";"Colisão frontal";"Com Vítimas Feridas";"Plena Noite";"Decrescente";"Céu Claro";"Simples";"Reta";"Não";3;0;2;1;0;0;3;2;-27,260792;-49,719761;"SPRF-SC";"DEL04-SC";"UOP02-DEL04-SC"
413156;2022-02-06;"domingo";"00:05:00";"RN";101;77,6;"NATAL";"Ingestão de álcool pelo condutor";"Colisão traseira";"Sem Vítimas";"Plena Noite";"Decrescente";"Céu Claro";"Dupla";"Reta";"Sim";2;0;0;0;2;0;0;2;-5,73180495;-35,29112135;"SPRF-RN";"DEL02-RN";"UOP01-DEL02-RN"
413157;2022-02-05;"sábado";"23:50:00";"CE";20;416;"MARACANAU";"Ingestão de álcool pelo condutor";"Colisão frontal";"Com Vítimas Feridas";"Plena Noite";"Decrescente";"Céu Claro";"Dupla";"Reta";"Sim";6;0;2;0;4;0;2;2;-3,76999035;-38,67006282;"SPRF-CE";"DEL01-CE";"UOP02-DEL01-CE"
413158;2022-02-05;"sábado";"23:20:00";"GO";60;100,6;"ANAPOLIS";"Velocidade Incompatível";"Colisão traseira";"Com Vítimas Feridas";"Plena Noite";"Decrescente";"Céu Claro";"Dupla";"Declive;Reta";"Sim";4;0;4;0;0;0;4;2;-16,3979;-48,9664;"SPRF-GO";"DEL02-GO";"UOP01-DEL02-GO"
413160;2022-02-06;"domingo";"00:50:00";"SC";470;134;"RIO DO SUL";"Acesso irregular";"Saída de leito carroçável";"Com Vítimas Feridas";"Plena Noite";"Decrescente";"Nublado";"Dupla";"Em Obras;Reta";"Sim";2;0;0;1;0;1;1;1;-27,181854;-49,600128;"SPRF-SC";"DEL04-SC";"UOP02-DEL04-SC"
413161;2022-02-06;"domingo";"01:00:00";"SP";116;123;"CACAPAVA";"Reação tardia ou ineficiente do condutor";"Colisão com objeto";"Sem Vítimas";"Plena Noite";"Decrescente";"Nublado";"Dupla";"Declive";"Não";1;0;0;0;1;0;0;1;-23,08754228;-45,66969781;"SPRF-SP";"DEL02-SP";"UOP02-DEL02-SP"
413162;2022-02-06;"domingo";"00:30:00";"SC";116;191,6;"SAO CRISTOVAO DO SUL";"Velocidade Incompatível";"Capotamento";"Sem Vítimas";"Plena Noite";"Decrescente";"Céu Claro";"Simples";"Reta";"Não";1;0;0;0;0;1;0;1;-27,3544891;-50,43527167;"SPRF-SC";"DEL05-SC";"UOP03-DEL05-SC"
413163;2022-02-05;"sábado";"23:20:00";"SC";116;26,4;"ITAIOPOLIS";"Avarias e/ou desgaste excessivo no pneu";"Saída de leito carroçável";"Com Vítimas Feridas";"Plena Noite";"Crescente";"Chuva";"Simples";"Reta";"Não";4;0;1;0;3;0;1;1;-26,28638033;-49,93477774;"SPRF-SC";"DEL06-SC";"UOP01-DEL06-SC"
413164;2022-02-05;"sábado";"23:45:00";"BA";116;420,4;"FEIRA DE SANTANA";"Ingestão de álcool pelo condutor";"Colisão traseira";"Com Vítimas Feridas";"Plena Noite";"Decrescente";"Céu Claro";"Dupla";"Curva";"Sim";2;0;1;0;1;0;1;2;-12,21627;-38,96552;"SPRF-BA";"DEL02-BA";"UOP01-DEL02-BA"
413165;2022-02-06;"domingo";"01:50:00";"SP";116;212;"GUARULHOS";"Reação tardia ou ineficiente do condutor";"Colisão com objeto";"Com Vítimas Feridas";"Plena Noite";"Crescente";"Nublado";"Simples";"Reta";"Sim";1;0;0;1;0;0;1;1;-23,43608315;-46,42805094;"SPRF-SP";"DEL01-SP";"UOP01-DEL01-SP"
413166;2022-02-06;"domingo";"02:20:00";"PE";232;94;"SAIRE";"Velocidade Incompatível";"Saída de leito carroçável";"Sem Vítimas";"Plena Noite";"Crescente";"Céu Claro";"Dupla";"Curva";"Não";1;0;0;0;0;1;0;1;-8,226999;-35,697924;"SPRF-PE";"DEL02-PE";"UOP02-DEL02PE"
413168;2022-02-06;"domingo";"02:30:00";"SC";101;324;"CAPIVARI DE BAIXO";"Ingestão de álcool pelo condutor";"Saída de leito carroçável";"Sem Vítimas";"Plena Noite";"Crescente";"Céu Claro";"Simples";"Interseção de Vias;Curva";"Sim";1;0;0;0;1;0;0;1;-28,42890047;-48,92285509;"SPRF-SC";"DEL02-SC";"UOP01-DEL02-SC"
413169;2022-02-06;"domingo";"00:28:00";"MS";163;667;"RIO VERDE DE MATO GROSSO";"Ausência de reação do condutor";"Saída de leito carroçável";"Sem Vítimas";"Plena Noite";"Decrescente";"Nublado";"Simples";"Curva";"Não";1;0;0;0;1;0;0;1;-19,03128995;-54,82195496;"SPRF-MS";"DEL06-MS";"UOP02-DEL06-MS"
413173;2022-02-06;"domingo";"02:45:00";"SC";101;114;"ITAJAI";"Ingestão de álcool pelo condutor";"Colisão com objeto";"Com Vítimas Feridas";"Plena Noite";"Decrescente";"Céu Claro";"Dupla";"Reta";"Não";1;0;1;0;0;0;1;1;-26,86192886;-48,7286704;"SPRF-SC";"DEL04-SC";"UOP04-DEL04-SC"
413175;2022-02-06;"domingo";"03:30:00";"RN";101;96;"NATAL";"Velocidade Incompatível";"Colisão com objeto";"Com Vítimas Fatais";"Plena Noite";"Crescente";"Céu Claro";"Múltipla";"Reta";"Sim";1;1;0;0;0;0;0;1;-5,84949622;-35,20890752;"SPRF-RN";"DEL01-RN";"UOP01-DEL01-RN"
413176;2022-02-05;"sábado";"21:39:00";"SE";101;90;"NOSSA SENHORA DO SOCORRO";"Ingestão de álcool pelo condutor";"Colisão com objeto";"Com Vítimas Feridas";"Plena Noite";"Decrescente";"Céu Claro";"Dupla";"Aclive;Reta";"Não";2;0;2;0;0;0;2;1;-10,88958218;-37,13256719;"SPRF-SE";"DEL01-SE";"UOP01-DEL01-SE"
413178;2022-02-06;"domingo";"04:08:00";"SC";101;324;"CAPIVARI DE BAIXO";"Acumulo de água sobre o pavimento";"Tombamento";"Com Vítimas Feridas";"Plena Noite";"Decrescente";"Garoa/Chuvisco";"Múltipla";"Reta";"Sim";2;0;0;1;1;0;1;2;-28,42890047;-48,92285509;"SPRF-SC";"DEL02-SC";"UOP01-DEL02-SC"
413181;2022-02-06;"domingo";"04:37:00";"PR";369;150;"LONDRINA";"Velocidade Incompatível";"Colisão com objeto";"Com Vítimas Feridas";"Plena Noite";"Crescente";"Céu Claro";"Dupla";"Aclive;Reta";"Sim";1;0;0;1;0;0;1;1;-23,29285051;-51,16798639;"SPRF-PR";"DEL07-PR";"UOP01-DEL07-PR"
413184;2022-02-06;"domingo";"05:59:00";"TO";153;675,2;"GURUPI";"Velocidade Incompatível";"Saída de leito carroçável";"Com Vítimas Feridas";"Amanhecer";"Decrescente";"Nublado";"Simples";"Reta";"Não";4;0;4;0;0;0;4;1;-11,75312428;-49,09074565;"SPRF-TO";"DEL01-TO";"UOP02-DEL01-TO"
413185;2022-02-06;"domingo";"04:40:00";"RS";392;72;"PELOTAS";"Ingestão de álcool pelo condutor";"Saída de leito carroçável";"Sem Vítimas";"Plena Noite";"Decrescente";"Céu Claro";"Simples";"Reta";"Não";1;0;0;0;1;0;0;1;-31,721104;-52,389843;"SPRF-RS";"DEL07-RS";"UOP01-DEL07-RS"
413186;2022-02-06;"domingo";"03:00:00";"PI";316;60,6;"MONSENHOR GIL";"Animais na Pista";"Atropelamento de Animal";"Com Vítimas Fatais";"Plena Noite";"Crescente";"Céu Claro";"Simples";"Reta";"Não";1;1;0;0;0;0;0;1;-5,57516602;-42,61602492;"SPRF-PI";"DEL01-PI";"UOP02-DEL01-PI"
413187;2022-02-06;"domingo";"06:00:00";"CE";116;21;"ITAITINGA";"Ingestão de álcool pelo condutor";"Saída de leito carroçável";"Com Vítimas Feridas";"Amanhecer";"Crescente";"Céu Claro";"Dupla";"Reta";"Não";2;0;1;1;0;0;2;1;-3,93175901;-38,50825087;"SPRF-CE";"DEL01-CE";"UOP02-DEL01-CE"
413190;2022-02-05;"sábado";"22:00:00";"MG";40;491,1;"ESMERALDAS";"Ingestão de álcool pelo condutor";"Saída de leito carroçável";"Sem Vítimas";"Plena Noite";"Crescente";"Chuva";"Dupla";"Reta;Declive";"Não";1;0;0;0;1;0;0;1;-19,628922;-44,20536;"SPRF-MG";"DEL02-MG";"UOP01-DEL02-MG"
413191;2022-02-06;"domingo";"06:00:00";"SP";116;230;"SAO PAULO";"Reação tardia ou ineficiente do condutor";"Colisão com objeto";"Sem Vítimas";"Pleno dia";"Decrescente";"Nublado";"Múltipla";"Reta";"Sim";1;0;0;0;0;1;0;1;-23,52251783;-46,5855702;"SPRF-SP";"DEL01-SP";"UOP01-DEL01-SP"
413192;2022-02-06;"domingo";"02:30:00";"PR";369;521,9;"CASCAVEL";"Velocidade Incompatível";"Saída de leito carroçável";"Sem Vítimas";"Plena Noite";"Crescente";"Céu Claro";"Simples";"Curva";"Não";1;0;0;0;0;1;0;1;-24,9408;-53,3978;"SPRF-PR";"DEL04-PR";"UOP01-DEL04-PR"
413195;2022-02-06;"domingo";"06:20:00";"MG";251;506;"FRANCISCO SA";"Chuva";"Capotamento";"Com Vítimas Feridas";"Amanhecer";"Crescente";"Chuva";"Simples";"Curva";"Não";2;0;1;0;1;0;1;1;-16,61894941;-43,6887828;"SPRF-MG";"DEL12-MG";"UOP01-DEL12-MG"
413196;2022-02-06;"domingo";"02:00:00";"PA";316;139;"PEIXE-BOI";"Ingestão de álcool pelo condutor";"Saída de leito carroçável";"Com Vítimas Feridas";"Plena Noite";"Crescente";"Céu Claro";"Simples";"Reta";"Não";4;0;0;4;0;0;4;1;-1,26637177;-47,27492515;"SPRF-PA";"DEL01-PA";"UOP03-DEL01-PA"
413200;2022-02-06;"domingo";"04:40:00";"PB";230;470;"SOUSA";"Chuva";"Colisão traseira";"Com Vítimas Feridas";"Amanhecer";"Decrescente";"Chuva";"Simples";"Reta";"Não";2;0;0;1;0;1;1;2;-6,791397;-38,287836;"SPRF-PB";"DEL03-PB";"UOP03-DEL03-PB"
413202;2022-02-06;"domingo";"06:40:00";"GO";40;2,5;"VALPARAISO DE GOIAS";"Velocidade Incompatível";"Colisão traseira";"Com Vítimas Feridas";"Pleno dia";"Crescente";"Céu Claro";"Dupla";"Reta";"Sim";3;0;0;2;1;0;2;2;-16,067129;-47,984235;"SPRF-DF";"DEL01-DF";"UOP01-DEL01-DF"
413203;2022-02-06;"domingo";"07:10:00";"PB";101;86,2;"JOAO PESSOA";"Reação tardia ou ineficiente do condutor";"Tombamento";"Com Vítimas Feridas";"Pleno dia";"Decrescente";"Céu Claro";"Dupla";"Reta";"Sim";1;0;0;1;0;0;1;1;-7,15118983;-34,91012184;"SPRF-PB";"DEL01-PB";"UOP01-DEL01-PB"
413204;2022-02-06;"domingo";"07:10:00";"RS";158;485,2;"ROSARIO DO SUL";"Velocidade Incompatível";"Saída de leito carroçável";"Sem Vítimas";"Pleno dia";"Crescente";"Céu Claro";"Simples";"Curva";"Não";1;0;0;0;0;1;0;1;-30,38885306;-55,03889871;"SPRF-RS";"DEL11-RS";"UOP02-DEL11-RS"
413206;2022-02-06;"domingo";"08:20:00";"RS";290;86;"PORTO ALEGRE";"Velocidade Incompatível";"Saída de leito carroçável";"Sem Vítimas";"Pleno dia";"Crescente";"Nublado";"Dupla";"Reta";"Não";1;0;0;0;0;1;0;1;-29,968412;-51,117138;"SPRF-RS";"DEL01-RS";"UOP01-DEL01-RS"
413207;2022-02-05;"sábado";"16:00:00";"SP";381;59;"MAIRIPORA";"Condutor deixou de manter distância do veículo da frente";"Colisão traseira";"Sem Vítimas";"Pleno dia";"Crescente";"Chuva";"Dupla";"Reta";"Não";2;0;0;0;2;0;0;2;-23,28270705;-46,58787791;"SPRF-SP";"DEL03-SP";"UOP01-DEL03-SP"
413209;2022-02-06;"domingo";"06:15:00";"MG";267;25,5;"ARGIRITA";"Condutor Dormindo";"Colisão traseira";"Com Vítimas Feridas";"Amanhecer";"Decrescente";"Nublado";"Simples";"Interseção de Vias";"Não";4;0;2;0;2;0;2;2;-21,61338214;-42,80892766;"SPRF-MG";"DEL07-MG";"UOP01-DEL07-MG"
413210;2022-02-06;"domingo";"07:25:00";"MG";381;502;"BETIM";"Ausência de reação do condutor";"Colisão com objeto";"Com Vítimas Feridas";"Pleno dia";"Crescente";"Nublado";"Múltipla";"Reta";"Sim";1;0;1;0;0;0;1;1;-20,03619694;-44,24586303;"SPRF-MG";"DEL01-MG";"UOP03-DEL01-MG"
413211;2022-02-06;"domingo";"05:55:00";"RR";432;198;"CANTA";"Manobra de mudança de faixa";"Saída de leito carroçável";"Com Vítimas Feridas";"Amanhecer";"Decrescente";"Céu Claro";"Simples";"Reta";"Não";2;0;2;0;0;0;2;1;2,66944189;-60,59384324;"SPRF-RR";"DEL01-RR";"UOP01-DEL01-RR"
413212;2022-02-06;"domingo";"01:30:00";"BA";116;594;"IRAJUBA";"Ultrapassagem Indevida";"Capotamento";"Com Vítimas Feridas";"Plena Noite";"Decrescente";"Nublado";"Dupla";"Aclive;Reta";"Não";2;0;1;0;1;0;1;1;-13,16531644;-39,99880271;"SPRF-BA";"DEL03-BA";"UOP02-DEL03-BA"
413213;2022-02-06;"domingo";"03:25:00";"TO";153;336;"GUARAI";"Acumulo de água sobre o pavimento";"Queda de ocupante de veículo";"Com Vítimas Fatais";"Plena Noite";"Crescente";"Chuva";"Simples";"Curva";"Sim";1;1;0;0;0;0;0;1;-8,85386;-48,508884;"SPRF-TO";"DEL02-TO";"UOP02-DEL02-TO"
413214;2022-02-06;"domingo";"08:00:00";"MT";163;88;"RONDONOPOLIS";"Acumulo de água sobre o pavimento";"Saída de leito carroçável";"Com Vítimas Feridas";"Pleno dia";"Crescente";"Chuva";"Dupla";"Reta";"Não";2;0;1;0;1;0;1;1;-16,75646914;-54,65421973;"SPRF-MT";"DEL02-MT";"UOP01-DEL02-MT"
413215;2022-02-05;"sábado";"21:15:00";"BA";101;583;"CAMACAN";"Velocidade Incompatível";"Colisão frontal";"Com Vítimas Feridas";"Plena Noite";"Decrescente";"Nublado";"Simples";"Curva";"Não";2;0;0;1;1;0;1;2;-15,38831514;-39,48160172;"SPRF-BA";"DEL05-BA";"UOP02-DEL05-BA"
413219;2022-02-06;"domingo";"08:20:00";"PA";230;93;"SAO JOAO DO ARAGUAIA";"Manobra de mudança de faixa";"Colisão frontal";"Com Vítimas Fatais";"Pleno dia";"Decrescente";"Céu Claro";"Simples";"Reta";"Não";3;1;1;1;0;0;2;2;-5,44787864;-48,90256682;"SPRF-PA";"DEL03-PA";"UOP01-DEL03-PA"
413221;2022-02-06;"domingo";"06:00:00";"SC";282;479;"VARGEAO";"Ausência de reação do condutor";"Saída de leito carroçável";"Com Vítimas Feridas";"Amanhecer";"Decrescente";"Nublado";"Simples";"Curva";"Não";3;0;3;0;0;0;3;1;-26,874542;-52,194351;"SPRF-SC";"DEL07-SC";"UOP01-DEL07-SC"
413223;2022-02-06;"domingo";"06:00:00";"MG";251;469,8;"FRANCISCO SA";"Manobra de mudança de faixa";"Colisão frontal";"Com Vítimas Feridas";"Amanhecer";"Decrescente";"Garoa/Chuvisco";"Simples";"Declive;Curva";"Não";4;0;1;0;3;0;1;2;-16,47846186;-43,41953476;"SPRF-MG";"DEL12-MG";"UOP01-DEL12-MG"
413225;2022-02-06;"domingo";"09:00:00";"PB";230;50;"SANTA RITA";"Reação tardia ou ineficiente do condutor";"Saída de leito carroçável";"Com Vítimas Feridas";"Pleno dia";"Crescente";"Céu Claro";"Simples";"Reta";"Não";2;0;0;1;0;1;1;1;-7,1846;-35,0544;"SPRF-PB";"DEL01-PB";"UOP03-DEL01-PB"
413226;2022-02-06;"domingo";"10:40:00";"CE";116;338,9;"JAGUARIBE";"Pista esburacada";"Saída de leito carroçável";"Com Vítimas Feridas";"Pleno dia";"Crescente";"Céu Claro";"Simples";"Aclive;Reta";"Não";5;0;5;0;0;0;5;1;-6,14292899;-38,6495453;"SPRF-CE";"DEL05-CE";"UOP02-DEL05-CE"
413227;2022-02-06;"domingo";"10:20:00";"PR";369;189;"ARAPONGAS";"Ingestão de álcool pelo condutor";"Colisão lateral mesmo sentido";"Sem Vítimas";"Pleno dia";"Decrescente";"Céu Claro";"Dupla";"Reta";"Sim";2;0;0;0;2;0;0;2;-23,443022;-51,422789;"SPRF-PR";"DEL07-PR";"UOP02-DEL07-PR"
413230;2022-02-06;"domingo";"10:40:00";"MG";381;642,9;"SANTO ANTONIO DO AMPARO";"Velocidade Incompatível";"Saída de leito carroçável";"Com Vítimas Feridas";"Pleno dia";"Crescente";"Chuva";"Dupla";"Curva;Declive";"Não";1;0;1;0;0;0;1;1;-20,93717503;-44,87533274;"SPRF-MG";"DEL04-MG";"UOP01-DEL04-MG"
413232;2022-01-01;"sábado";"09:20:00";"RO";421;22;"MONTE NEGRO";"Pista esburacada";"Colisão traseira";"Com Vítimas Feridas";"Pleno dia";"Crescente";"Nublado";"Simples";"Declive";"Não";6;0;1;1;4;0;2;2;-10,050544;-63,195786;"SPRF-RO";"DEL03-RO";"UOP01-DEL03-RO"
413233;2022-02-06;"domingo";"10:35:00";"PR";476;116;"COLOMBO";"Reação tardia ou ineficiente do condutor";"Eventos atípicos";"Com Vítimas Feridas";"Pleno dia";"Decrescente";"Sol";"Múltipla";"Reta";"Sim";2;0;1;0;1;0;1;1;-25,34996;-49,16642;"SPRF-PR";"DEL01-PR";"UOP02-DEL01-PR"