"id";"data_inversa";"dia_semana";"horario";"uf";"br";"km";"municipio";"causa_acidente";"tipo_acidente";"classificacao_acidente";"fase_dia";"sentido_via";"condicao_metereologica";"tipo_pista";"tracado_via";"uso_solo";"pessoas";"mortos";"feridos_leves";"feridos_graves";"ilesos";"ignorados";"feridos";"veiculos";"latitude";"longitude";"regional";"delegacia";"uop"
413234;2022-02-06;"domingo";"09:50:00";"PR";277;430;"VIRMOND";"Transitar na contramão";"Colisão frontal";"Com Vítimas Fatais";"Pleno dia";"Crescente";"Céu Claro";"Simples";"Declive";"Sim";4;2;1;0;1;0;1;3;-25,3784;-52,202767;"SPRF-PR";"DEL04-PR";"UOP02-DEL04-PR"
413235;2022-02-06;"domingo";"09:45:00";"RJ";40;82;"PETROPOLIS";"Reação tardia ou ineficiente do condutor";"Atropelamento de Pedestre";"Com Vítimas Feridas";"Pleno dia";"Decrescente";"Céu Claro";"Dupla";"Reta";"Não";2;0;1;0;1;0;1;2;-22,51183137;-43,23076171;"SPRF-RJ";"DEL06-RJ";"UOP01-DEL06-RJ"
413236;2022-02-06;"domingo";"12:00:00";"PB";230;147,7;"CAMPINA GRANDE";"Ausência de reação do condutor";"Tombamento";"Com Vítimas Feridas";"Pleno dia";"Decrescente";"Céu Claro";"Dupla";"Curva";"Sim";2;0;2;0;0;0;2;1;-7,2425;-35,8567;"SPRF-PB";"DEL02-PB";"UOP01-DEL02-PB"
413237;2022-02-06;"domingo";"10:55:00";"RR";174;504;"BOA VISTA";"Desrespeitar a preferência no cruzamento";"Colisão transversal";"Sem Vítimas";"Pleno dia";"Decrescente";"Céu Claro";"Dupla";"Reta";"Sim";3;0;0;0;2;1;0;2;2,81966529;-60,69465637;"SPRF-RR";"DEL01-RR";"UOP01-DEL01-RR"
413239;2022-02-06;"domingo";"09:20:00";"SC";280;97;"CORUPA";"Velocidade Incompatível";"Saída de leito carroçável";"Com Vítimas Feridas";"Pleno dia";"Crescente";"Céu Claro";"Simples";"Curva";"Não";1;0;1;0;0;0;1;1;-26,37833107;-49,31732124;"SPRF-SC";"DEL06-SC";"UOP03-DEL06-SC"
413241;2022-02-06;"domingo";"10:15:00";"SC";101;356;"SANGAO";"Demais falhas mecânicas ou elétricas";"Tombamento";"Com Vítimas Feridas";"Pleno dia";"Decrescente";"Sol";"Dupla";"Curva";"Não";2;0;2;0;0;0;2;1;-28,62930081;-49,08665412;"SPRF-SC";"DEL02-SC";"UOP01-DEL02-SC"
413242;2022-02-06;"domingo";"12:45:00";"RS";290;724;"URUGUAIANA";"Reação tardia ou ineficiente do condutor";"Atropelamento de Pedestre";"Com Vítimas Feridas";"Pleno dia";"Crescente";"Céu Claro";"Simples";"Retorno Regulamentado";"Sim";5;0;1;0;2;2;1;2;-29,74792851;-57,08272934;"SPRF-RS";"DEL13-RS";"UOP01-DEL13-RS"
413245;2022-02-06;"domingo";"05:30:00";"PR";277;663,1;"MEDIANEIRA";"Reação tardia ou ineficiente do condutor";"Saída de leito carroçável";"Sem Vítimas";"Amanhecer";"Crescente";"Céu Claro";"Dupla";"Retorno Regulamentado";"Não";1;0;0;0;0;1;0;1;-25,25155419;-54,01878197;"SPRF-PR";"DEL05-PR";"UOP02-DEL05-PR"
413246;2022-02-06;"domingo";"09:25:00";"MT";70;60;"BARRA DO GARCAS";"Velocidade Incompatível";"Saída de leito carroçável";"Com Vítimas Feridas";"Pleno dia";"Crescente";"Céu Claro";"Simples";"Curva";"Não";1;0;0;1;0;0;1;1;-15,69291656;-52,69181772;"SPRF-MT";"DEL07-MT";"UOP01-DEL07-MT"
413247;2022-02-06;"domingo";"12:30:00";"RS";101;45;"TERRA DE AREIA";"Reação tardia ou ineficiente do condutor";"Atropelamento de Pedestre";"Com Vítimas Feridas";"Pleno dia";"Decrescente";"Céu Claro";"Simples";"Interseção de Vias";"Sim";3;0;0;1;1;1;1;2;-29,569855;-50,056385;"SPRF-RS";"DEL03-RS";"UOP02-DEL03-RS"
413249;2022-02-06;"domingo";"10:00:00";"PR";163;184,2;"SANTA TEREZA DO OESTE";"Reação tardia ou ineficiente do condutor";"Saída de leito carroçável";"Sem Vítimas";"Pleno dia";"Decrescente";"Sol";"Dupla";"Reta";"Não";1;0;0;0;1;0;0;1;-25,14321919;-53,58795779;"SPRF-PR";"DEL05-PR";"UOP05-DEL05-PR"
413250;2022-02-06;"domingo";"12:40:00";"PI";343;3;"TERESINA";"Condutor deixou de manter distância do veículo da frente";"Colisão traseira";"Com Vítimas Feridas";"Pleno dia";"Crescente";"Sol";"Múltipla";"Interseção de Vias";"Sim";2;0;1;0;1;0;1;2;-5,089569;-42,802288;"SPRF-PI";"DEL01-PI";"UOP01-DEL01-PI"
413252;2022-02-06;"domingo";"13:40:00";"SC";470;2,1;"NAVEGANTES";"Manobra de mudança de faixa";"Colisão lateral mesmo sentido";"Com Vítimas Feridas";"Pleno dia";"Decrescente";"Céu Claro";"Simples";"Reta";"Sim";2;0;1;0;0;1;1;2;-26,868551;-48,674831;"SPRF-SC";"DEL04-SC";"UOP04-DEL04-SC"
413253;2022-02-06;"domingo";"13:40:00";"MG";40;547;"NOVA LIMA";"Demais falhas mecânicas ou elétricas";"Saída de leito carroçável";"Com Vítimas Feridas";"Pleno dia";"Decrescente";"Chuva";"Dupla";"Declive;Curva";"Não";4;0;1;0;3;0;1;1;-20,02252424;-43,97026042;"SPRF-MG";"DEL01-MG";"UOP02-DEL01-MG"
413256;2022-02-06;"domingo";"14:00:00";"GO";60;101,4;"ANAPOLIS";"Manobra de mudança de faixa";"Tombamento";"Com Vítimas Feridas";"Pleno dia";"Crescente";"Nublado";"Múltipla";"Reta";"Sim";1;0;0;1;0;0;1;1;-16,4022;-48,9745;"SPRF-GO";"DEL02-GO";"UOP01-DEL02-GO"
413257;2022-02-06;"domingo";"07:20:00";"MG";262;607,7;"CAMPOS ALTOS";"Ausência de reação do condutor";"Capotamento";"Sem Vítimas";"Pleno dia";"Crescente";"Nevoeiro/Neblina";"Simples";"Curva";"Não";1;0;0;0;1;0;0;1;-19,62457601;-46,26930901;"SPRF-MG";"DEL08-MG";"UOP02-DEL08-MG"
413259;2022-02-06;"domingo";"13:50:00";"AL";104;20;"UNIAO DOS PALMARES";"Transitar no acostamento";"Colisão lateral mesmo sentido";"Com Vítimas Feridas";"Pleno dia";"Crescente";"Céu Claro";"Simples";"Curva";"Não";2;0;1;0;1;0;1;2;-9,05832806;-36,03471394;"SPRF-AL";"DEL01-AL";"UOP02-DEL01-AL"
413262;2022-02-06;"domingo";"12:30:00";"PR";163;12,4;"BARRACAO";"Ingestão de álcool pelo condutor";"Colisão traseira";"Com Vítimas Feridas";"Pleno dia";"Crescente";"Céu Claro";"Simples";"Curva;Declive";"Não";3;0;1;0;2;0;1;2;-26,22766;-53,642654;"SPRF-PR";"DEL02-PR";"UOP02-DEL02-PR"
413263;2022-02-06;"domingo";"15:10:00";"SC";101;113;"NAVEGANTES";"Reação tardia ou ineficiente do condutor";"Colisão traseira";"Com Vítimas Feridas";"Pleno dia";"Decrescente";"Sol";"Dupla";"Reta;Ponte";"Não";3;0;1;0;2;0;1;2;-26,85311393;-48,72689927;"SPRF-SC";"DEL04-SC";"UOP04-DEL04-SC"
413264;2022-02-06;"domingo";"09:30:00";"AP";156;327;"PORTO GRANDE";"Velocidade Incompatível";"Saída de leito carroçável";"Com Vítimas Feridas";"Pleno dia";"Decrescente";"Chuva";"Simples";"Curva";"Não";2;0;1;1;0;0;2;1;0,58772592;-51,19287204;"SPRF-AP";"DEL01-AP";"UOP01-DEL01-AP"
413265;2022-02-06;"domingo";"15:40:00";"GO";50;282;"CATALAO";"Desrespeitar a preferência no cruzamento";"Colisão transversal";"Com Vítimas Feridas";"Pleno dia";"Crescente";"Céu Claro";"Simples";"Interseção de Vias";"Sim";5;0;1;0;3;1;1;3;-18,1896;-47,9511;"SPRF-GO";"DEL06-GO";"UOP01-DEL06-GO"
413266;2022-02-06;"domingo";"15:10:00";"BA";116;827;"VITORIA DA CONQUISTA";"Ingestão de álcool pelo condutor";"Colisão traseira";"Com Vítimas Feridas";"Pleno dia";"Crescente";"Nublado";"Simples";"Reta";"Sim";2;0;1;0;1;0;1;2;-14,88915099;-40,86145025;"SPRF-BA";"DEL08-BA";"UOP01-DEL08-BA"
413268;2022-02-06;"domingo";"15:15:00";"GO";40;8,5;"LUZIANIA";"Acessar a via sem observar a presença dos outros veículos";"Colisão traseira";"Com Vítimas Feridas";"Pleno dia";"Decrescente";"Nublado";"Dupla";"Reta";"Sim";3;0;2;0;0;1;2;2;-16,116158;-47,96761;"SPRF-DF";"DEL01-DF";"UOP01-DEL01-DF"
413269;2022-02-06;"domingo";"15:50:00";"MG";40;787,5;"JUIZ DE FORA";"Reação tardia ou ineficiente do condutor";"Colisão com objeto";"Com Vítimas Feridas";"Pleno dia";"Decrescente";"Chuva";"Dupla";"Curva";"Não";2;0;2;0;0;0;2;1;-21,73607735;-43,44262787;"SPRF-MG";"DEL05-MG";"UOP01-DEL05-MG"
413270;2022-02-06;"domingo";"15:30:00";"PR";376;228;"CAMBIRA";"Velocidade Incompatível";"Colisão transversal";"Com Vítimas Feridas";"Pleno dia";"Crescente";"Céu Claro";"Simples";"Interseção de Vias;Retorno Regulamentado;Aclive;Viaduto";"Sim";4;0;3;1;0;0;4;2;-23,587784;-51,5719592;"SPRF-PR";"DEL07-PR";"UOP02-DEL07-PR"
413272;2022-02-06;"domingo";"16:10:00";"SC";101;106,1;"PENHA";"Condutor deixou de manter distância do veículo da frente";"Colisão traseira";"Com Vítimas Feridas";"Pleno dia";"Crescente";"Céu Claro";"Dupla";"Reta";"Não";4;0;2;0;2;0;2;3;-26,81031601;-48,68293896;"SPRF-SC";"DEL03-SC";"UOP02-DEL03-SC"
413273;2022-02-06;"domingo";"15:30:00";"RJ";493;96;"SEROPEDICA";"Pista Escorregadia";"Saída de leito carroçável";"Sem Vítimas";"Pleno dia";"Crescente";"Chuva";"Dupla";"Reta";"Sim";1;0;0;0;1;0;0;1;-22,7032067;-43,69644642;"SPRF-RJ";"DEL03-RJ";"UOP01-DEL03-RJ"
413275;2022-02-06;"domingo";"14:07:00";"RS";392;25,3;"RIO GRANDE";"Manobra de mudança de faixa";"Colisão lateral mesmo sentido";"Com Vítimas Feridas";"Pleno dia";"Crescente";"Céu Claro";"Dupla";"Reta";"Sim";6;0;2;0;4;0;2;2;-32,08156917;-52,24713604;"SPRF-RS";"DEL07-RS";"UOP02-DEL07-RS"
413276;2022-02-06;"domingo";"16:30:00";"RS";116;392,1;"CAMAQUA";"Ausência de reação do condutor";"Colisão com objeto";"Sem Vítimas";"Pleno dia";"Decrescente";"Céu Claro";"Dupla";"Retorno Regulamentado";"Não";1;0;0;0;1;0;0;1;-30,83644606;-51,73923097;"SPRF-RS";"DEL02-RS";"UOP02-DEL02-RS"
413278;2022-02-06;"domingo";"15:20:00";"MG";116;765;"LEOPOLDINA";"Frear bruscamente";"Queda de ocupante de veículo";"Com Vítimas Feridas";"Pleno dia";"Crescente";"Céu Claro";"Simples";"Reta";"Não";1;0;1;0;0;0;1;1;-21,5197389;-42,6491103;"SPRF-MG";"DEL07-MG";"UOP01-DEL07-MG"
413279;2022-02-06;"domingo";"15:55:00";"MG";381;776,6;"CAMPANHA";"Velocidade Incompatível";"Capotamento";"Com Vítimas Feridas";"Pleno dia";"Decrescente";"Chuva";"Dupla";"Curva";"Não";2;0;1;0;1;0;1;1;-21,81543894;-45,49238809;"SPRF-MG";"DEL16-MG";"UOP02-DEL16-MG"
413280;2022-02-06;"domingo";"09:00:00";"MT";158;643,5;"NOVA XAVANTINA";"Ultrapassagem Indevida";"Saída de leito carroçável";"Com Vítimas Feridas";"Pleno dia";"Crescente";"Céu Claro";"Simples";"Declive";"Não";4;0;3;1;0;0;4;1;-14,58778504;-52,36091639;"SPRF-MT";"DEL07-MT";"UOP02-DEL07-MT"
413281;2022-02-06;"domingo";"16:45:00";"SP";116;214;"GUARULHOS";"Ingestão de álcool pelo condutor";"Colisão com objeto";"Sem Vítimas";"Pleno dia";"Crescente";"Céu Claro";"Múltipla";"Declive;Desvio Temporário;Reta;Em Obras";"Sim";1;0;0;0;1;0;0;1;-23,44604187;-46,45287752;"SPRF-SP";"DEL01-SP";"UOP01-DEL01-SP"
413282;2022-02-06;"domingo";"16:20:00";"RS";290;118;"ELDORADO DO SUL";"Ultrapassagem Indevida";"Colisão lateral sentido oposto";"Com Vítimas Feridas";"Pleno dia";"Decrescente";"Céu Claro";"Simples";"Reta";"Não";2;0;1;0;0;1;1;2;-30,04847;-51,387947;"SPRF-RS";"DEL02-RS";"UOP01-DEL02-RS"
413285;2022-02-06;"domingo";"16:30:00";"PB";230;86,3;"JOAO PESSOA";"Avarias e/ou desgaste excessivo no pneu";"Saída de leito carroçável";"Sem Vítimas";"Pleno dia";"Crescente";"Sol";"Dupla";"Reta";"Sim";1;0;0;0;0;1;0;1;-7,15666321;-34,90713219;"SPRF-PB";"DEL01-PB";"UOP03-DEL01-PB"
413286;2022-02-06;"domingo";"16:36:00";"RJ";101;331;"RIO DE JANEIRO";"Demais falhas mecânicas ou elétricas";"Engavetamento";"Com Vítimas Feridas";"Pleno dia";"Crescente";"Nublado";"Simples";"Reta";"Sim";7;0;1;0;6;0;1;4;-22,867662;-43,195337;"SPRF-RJ";"DEL02-RJ";"UOP02-DEL02-RJ"
413288;2022-02-06;"domingo";"17:00:00";"PE";101;51,6;"ABREU E LIMA";"Manobra de mudança de faixa";"Colisão lateral mesmo sentido";"Com Vítimas Feridas";"Anoitecer";"Decrescente";"Céu Claro";"Dupla";"Reta";"Sim";2;0;1;0;1;0;1;2;-7,9169968;-34,89689272;"SPRF-PE";"DEL01-PE";"UOP02-DEL01-PE"
413289;2022-02-06;"domingo";"16:50:00";"BA";324;558;"SAO SEBASTIAO DO PASSE";"Ausência de reação do condutor";"Capotamento";"Com Vítimas Feridas";"Pleno dia";"Decrescente";"Céu Claro";"Dupla";"Reta";"Não";3;0;2;0;1;0;2;1;-12,48182515;-38,66808011;"SPRF-BA";"DEL01-BA";"UOP03-DEL01-BA"
413290;2022-02-06;"domingo";"15:30:00";"MG";116;123,2;"ITAOBIM";"Acessar a via sem observar a presença dos outros veículos";"Colisão transversal";"Com Vítimas Feridas";"Pleno dia";"Crescente";"Nublado";"Simples";"Interseção de Vias";"Não";4;0;1;0;2;1;1;3;-16,62714205;-41,50269872;"SPRF-MG";"DEL11-MG";"UOP02-DEL11-MG"
413291;2022-02-06;"domingo";"13:25:00";"SC";280;8,6;"SAO FRANCISCO DO SUL";"Ingestão de álcool pelo condutor";"Colisão frontal";"Com Vítimas Feridas";"Pleno dia";"Crescente";"Céu Claro";"Simples";"Reta";"Sim";6;0;2;1;3;0;3;2;-26,27887292;-48,64668626;"SPRF-SC";"DEL03-SC";"UOP03-DEL03-SC"
413292;2022-02-06;"domingo";"17:20:00";"MG";40;441,9;"PARAOPEBA";"Condutor deixou de manter distância do veículo da frente";"Colisão traseira";"Com Vítimas Feridas";"Anoitecer";"Decrescente";"Garoa/Chuvisco";"Dupla";"Reta";"Não";5;0;2;0;3;0;2;2;-19,23100428;-44,43562244;"SPRF-MG";"DEL02-MG";"UOP01-DEL02-MG"
413293;2022-02-06;"domingo";"15:10:00";"SC";280;128;"RIO NEGRINHO";"Ultrapassagem Indevida";"Colisão lateral mesmo sentido";"Com Vítimas Feridas";"Pleno dia";"Crescente";"Céu Claro";"Simples";"Curva;Ponte";"Sim";5;0;0;1;4;0;1;2;-26,25211128;-49,527542;"SPRF-SC";"DEL06-SC";"UOP03-DEL06-SC"
413294;2022-02-04;"sexta-feira";"16:00:00";"GO";153;58;"PORANGATU";"Ultrapassagem Indevida";"Saída de leito carroçável";"Sem Vítimas";"Pleno dia";"Decrescente";"Céu Claro";"Simples";"Declive";"Não";1;0;0;0;0;1;0;1;-13,319465;-49,118431;"SPRF-GO";"DEL07-GO";"UOP01-DEL07-GO"
413298;2022-02-06;"domingo";"16:10:00";"PE";101;68;"RECIFE";"Animais na Pista";"Saída de leito carroçável";"Com Vítimas Feridas";"Pleno dia";"Crescente";"Céu Claro";"Múltipla";"Reta";"Sim";1;0;1;0;0;0;1;1;-8,05074296;-34,94580619;"SPRF-PE";"DEL01-PE";"UOP01-DEL01-PE"
413299;2022-02-06;"domingo";"17:50:00";"GO";60;214,5;"VARJAO";"Demais falhas na via";"Saída de leito carroçável";"Com Vítimas Feridas";"Pleno dia";"Crescente";"Céu Claro";"Dupla";"Reta";"Não";4;0;4;0;0;0;4;1;-16,9515;-49,7014;"SPRF-GO";"DEL01-GO";"UOP02-DEL01-GO"
413300;2022-02-06;"domingo";"18:10:00";"DF";20;16;"BRASILIA";"Ingestão de álcool pelo condutor";"Capotamento";"Sem Vítimas";"Pleno dia";"Crescente";"Nublado";"Dupla";"Declive";"Sim";2;0;0;0;2;0;0;1;-15,625675;-47,725159;"SPRF-DF";"DEL02-DF";"UOP01-DEL02-DF"
413301;2022-02-06;"domingo";"18:20:00";"RJ";101;62;"CAMPOS DOS GOYTACAZES";"Ingestão de álcool pelo condutor";"Colisão com objeto";"Com Vítimas Feridas";"Anoitecer";"Decrescente";"Céu Claro";"Dupla";"Reta";"Sim";2;0;1;0;1;0;1;1;-21,73473386;-41,32504025;"SPRF-RJ";"DEL08-RJ";"UOP01-DEL08-RJ"
413302;2022-02-06;"domingo";"17:45:00";"RJ";356;165;"SAO JOAO DA BARRA";"Condutor deixou de manter distância do veículo da frente";"Colisão traseira";"Com Vítimas Feridas";"Anoitecer";"Decrescente";"Chuva";"Simples";"Reta";"Não";2;0;1;0;0;1;1;2;-21,71947424;-41,12081405;"SPRF-RJ";"DEL08-RJ";"UOP02-DEL08-RJ"
413303;2022-02-06;"domingo";"18:00:00";"PE";101;78;"JABOATAO DOS GUARARAPES";"Acessar a via sem observar a presença dos outros veículos";"Atropelamento de Pedestre";"Com Vítimas Feridas";"Plena Noite";"Crescente";"Céu Claro";"Simples";"Reta";"Sim";2;0;1;0;1;0;1;2;-8,13496499;-34,94738614;"SPRF-PE";"DEL01-PE";"UOP01-DEL01-PE"
413304;2022-02-06;"domingo";"16:55:00";"RS";290;11;"OSORIO";"Condutor deixou de manter distância do veículo da frente";"Colisão traseira";"Sem Vítimas";"Pleno dia";"Crescente";"Céu Claro";"Dupla";"Reta";"Não";3;0;0;0;2;1;0;2;-29,8677292;-50,40126823;"SPRF-RS";"DEL03-RS";"UOP01-DEL03-RS"
413306;2022-02-06;"domingo";"17:00:00";"PR";376;188,6;"MARIALVA";"Reação tardia ou ineficiente do condutor";"Colisão traseira";"Com Vítimas Fatais";"Pleno dia";"Crescente";"Nublado";"Dupla";"Reta";"Não";6;1;1;1;2;1;2;3;-23,46634923;-51,82808011;"SPRF-PR";"DEL09-PR";"UOP01-DEL09-PR"
413307;2022-02-06;"domingo";"17:30:00";"PE";232;61,8;"POMBOS";"Manobra de mudança de faixa";"Colisão lateral mesmo sentido";"Com Vítimas Feridas";"Anoitecer";"Decrescente";"Céu Claro";"Dupla";"Reta";"Não";2;0;0;1;0;1;1;2;-8,1519066;-35,4153532;"SPRF-PE";"DEL02-PE";"UOP02-DEL02PE"
413308;2022-02-06;"domingo";"17:30:00";"PR";153;7;"JACAREZINHO";"Manobra de mudança de faixa";"Queda de ocupante de veículo";"Com Vítimas Feridas";"Pleno dia";"Crescente";"Céu Claro";"Simples";"Reta";"Não";2;0;1;0;1;0;1;2;-23,04989996;-49,92880418;"SPRF-PR";"DEL07-PR";"UOP04-DEL07-PR"
413310;2022-02-06;"domingo";"18:50:00";"PE";232;221,5;"PESQUEIRA";"Ingestão de álcool pelo condutor";"Colisão lateral sentido oposto";"Com Vítimas Feridas";"Plena Noite";"Decrescente";"Céu Claro";"Simples";"Reta";"Não";2;0;0;1;1;0;1;2;-8,40095324;-36,79199096;"SPRF-PE";"DEL03-PE";"UOP02-DEL03-PE"
413311;2022-02-06;"domingo";"18:40:00";"PE";408;35,4;"ALIANCA";"Velocidade Incompatível";"Saída de leito carroçável";"Com Vítimas Fatais";"Plena Noite";"Crescente";"Nublado";"Simples";"Curva";"Não";2;2;0;0;0;0;0;1;-7,61111798;-35,23973919;"SPRF-PE";"DEL01-PE";"UOP02-DEL01-PE"
413312;2022-02-06;"domingo";"16:30:00";"MA";316;419,1;"PERITORO";"Ingestão de álcool pelo condutor";"Saída de leito carroçável";"Com Vítimas Feridas";"Pleno dia";"Crescente";"Céu Claro";"Simples";"Reta";"Sim";1;0;1;0;0;0;1;1;-4,346691;-44,379074;"SPRF-MA";"DEL03-MA";"UOP01-DEL03-MA"
413313;2022-02-06;"domingo";"16:40:00";"RS";116;437;"CRISTAL";"Avarias e/ou desgaste excessivo no pneu";"Tombamento";"Com Vítimas Feridas";"Pleno dia";"Crescente";"Céu Claro";"Dupla";"Aclive;Reta";"Não";2;0;2;0;0;0;2;1;-31,07662701;-52,03866989;"SPRF-RS";"DEL02-RS";"UOP02-DEL02-RS"
413314;2022-02-06;"domingo";"19:28:00";"BA";101;502;"ITABUNA";"Velocidade Incompatível";"Tombamento";"Com Vítimas Feridas";"Plena Noite";"Crescente";"Céu Claro";"Simples";"Reta";"Não";1;0;1;0;0;0;1;1;-14,92453419;-39,29545275;"SPRF-BA";"DEL05-BA";"UOP01-DEL05-BA"
413315;2022-02-06;"domingo";"18:30:00";"GO";153;605;"MORRINHOS";"Condutor Dormindo";"Saída de leito carroçável";"Com Vítimas Feridas";"Pleno dia";"Crescente";"Céu Claro";"Dupla";"Declive";"Não";1;0;1;0;0;0;1;1;-17,5952;-49,1912;"SPRF-GO";"DEL03-GO";"UOP01-DEL03-GO"
413317;2022-02-06;"domingo";"19:29:00";"MG";146;471;"BOTELHOS";"Chuva";"Saída de leito carroçável";"Com Vítimas Feridas";"Plena Noite";"Decrescente";"Chuva";"Simples";"Curva";"Não";4;0;2;2;0;0;4;1;-21,69616833;-46,42755076;"SPRF-MG";"DEL09-MG";"UOP01-DEL09-MG"
413318;2022-02-06;"domingo";"19:04:00";"CE";20;426;"FORTALEZA";"Pedestre cruzava a pista fora da faixa";"Atropelamento de Pedestre";"Com Vítimas Feridas";"Plena Noite";"Decrescente";"Ignorado";"Dupla";"Reta";"Não";2;0;1;1;0;0;2;2;-3,76999035;-38,67006282;"SPRF-CE";"DEL01-CE";"UOP02-DEL01-CE"
413320;2022-02-06;"domingo";"16:30:00";"BA";324;572;"SAO SEBASTIAO DO PASSE";"Ausência de reação do condutor";"Saída de leito carroçável";"Com Vítimas Feridas";"Pleno dia";"Decrescente";"Céu Claro";"Dupla";"Reta";"Não";1;0;1;0;0;0;1;1;-12,55680911;-38,56690209;"SPRF-BA";"DEL01-BA";"UOP01-DEL01-BA"
413321;2022-02-06;"domingo";"18:50:00";"RS";392;87,1;"PELOTAS";"Ingestão de álcool pelo condutor";"Colisão traseira";"Sem Vítimas";"Pleno dia";"Crescente";"Céu Claro";"Múltipla";"Aclive";"Não";3;0;0;0;2;1;0;3;-31,62766;-52,499901;"SPRF-RS";"DEL07-RS";"UOP01-DEL07-RS"
413322;2022-02-06;"domingo";"18:50:00";"MT";70;510,5;"CUIABA";"Ingestão de álcool pelo condutor";"Colisão frontal";"Com Vítimas Feridas";"Plena Noite";"Decrescente";"Céu Claro";"Simples";"Curva";"Não";3;0;0;2;1;0;2;2;-15,65051022;-55,99823809;"SPRF-MT";"DEL01-MT";"UOP02-DEL01-MT"
413323;2022-02-06;"domingo";"19:30:00";"SP";116;291,9;"ITAPECERICA DA SERRA";"Ausência de reação do condutor";"Atropelamento de Pedestre";"Com Vítimas Feridas";"Plena Noite";"Decrescente";"Nublado";"Dupla";"Retorno Regulamentado";"Não";3;0;0;1;0;2;1;2;-23,73826593;-46,89672721;"SPRF-SP";"DEL04-SP";"UOP01-DEL04-SP"
413324;2022-02-06;"domingo";"18:50:00";"MA";135;8,7;"SAO LUIS";"Retorno proibido";"Tombamento";"Com Vítimas Feridas";"Plena Noite";"Decrescente";"Céu Claro";"Dupla";"Reta";"Não";2;0;1;0;1;0;1;1;-2,64342093;-44,27374175;"SPRF-MA";"DEL01-MA";"UOP01-DEL01-MA"
413326;2022-01-26;"quarta-feira";"15:30:00";"MA";10;259;"IMPERATRIZ";"Acessar a via sem observar a presença dos outros veículos";"Colisão transversal";"Com Vítimas Feridas";"Pleno dia";"Decrescente";"Céu Claro";"Simples";"Reta";"Sim";2;0;0;1;1;0;1;2;-5,472474;-47,472221;"SPRF-MA";"DEL04-MA";"UOP01-DEL04-MA"
413327;2022-02-06;"domingo";"19:45:00";"RS";101;76,3;"OSORIO";"Ingestão de álcool pelo condutor";"Saída de leito carroçável";"Sem Vítimas";"Plena Noite";"Crescente";"Céu Claro";"Dupla";"Reta";"Sim";1;0;0;0;1;0;0;1;-29,79575708;-50,23116587;"SPRF-RS";"DEL03-RS";"UOP01-DEL03-RS"
413328;2022-02-06;"domingo";"18:30:00";"RR";174;505;"BOA VISTA";"Ausência de reação do condutor";"Engavetamento";"Sem Vítimas";"Anoitecer";"Crescente";"Céu Claro";"Simples";"Reta";"Sim";4;0;0;0;4;0;0;3;2,805917;-60,690617;"SPRF-RR";"DEL01-RR";"UOP01-DEL01-RR"
413329;2022-02-06;"domingo";"20:00:00";"PE";428;186;"PETROLINA";"Ingestão de álcool pelo condutor";"Colisão frontal";"Sem Vítimas";"Plena Noite";"Crescente";"Céu Claro";"Simples";"Reta";"Sim";2;0;0;0;2;0;0;2;-9,34807826;-40,47441248;"SPRF-PE";"DEL06-PE";"UOP01-DEL06-PE"
413330;2022-02-06;"domingo";"20:30:00";"PR";277;7,5;"PARANAGUA";"Velocidade Incompatível";"Colisão lateral mesmo sentido";"Com Vítimas Feridas";"Plena Noite";"Decrescente";"Céu Claro";"Dupla";"Reta";"Não";3;0;3;0;0;0;3;2;-25,568198;-48,615292;"SPRF-PR";"DEL01-PR";"UOP05-DEL01-PR"
413331;2022-02-06;"domingo";"19:05:00";"MT";163;832;"SINOP";"Acessar a via sem observar a presença dos outros veículos";"Colisão lateral mesmo sentido";"Sem Vítimas";"Plena Noite";"Decrescente";"Céu Claro";"Dupla";"Retorno Regulamentado";"Sim";4;0;0;0;4;0;0;2;-11,88305;-55,500967;"SPRF-MT";"DEL06-MT";"UOP01-DEL06-MT"
413332;2022-02-06;"domingo";"20:10:00";"MG";381;309;"ANTONIO DIAS";"Obras na pista";"Saída de leito carroçável";"Com Vítimas Feridas";"Plena Noite";"Decrescente";"Nublado";"Simples";"Em Obras";"Não";1;0;1;0;0;0;1;1;-19,64043526;-42,91695356;"SPRF-MG";"DEL03-MG";"UOP02-DEL03-MG"
413333;2022-02-06;"domingo";"17:00:00";"RS";293;251,2;"DOM PEDRITO";"Velocidade Incompatível";"Colisão com objeto";"Com Vítimas Feridas";"Pleno dia";"Crescente";"Céu Claro";"Simples";"Rotatória";"Sim";3;0;0;1;0;2;1;2;-30,96772932;-54,66261506;"SPRF-RS";"DEL11-RS";"UOP01-DEL11-RS"
413335;2022-02-06;"domingo";"16:00:00";"RO";364;412;"JARU";"Ingestão de álcool pelo condutor";"Engavetamento";"Sem Vítimas";"Pleno dia";"Decrescente";"Céu Claro";"Simples";"Reta";"Não";7;0;0;0;7;0;0;3;-10,52249251;-62,4003499;"SPRF-RO";"DEL03-RO";"UOP02-DEL03-RO"
413336;2022-02-06;"domingo";"19:40:00";"MA";135;21,1;"SAO LUIS";"Retorno proibido";"Colisão traseira";"Sem Vítimas";"Plena Noite";"Decrescente";"Nublado";"Dupla";"Aclive";"Sim";2;0;0;0;1;1;0;2;-2,738702;-44,336989;"SPRF-MA";"DEL01-MA";"UOP01-DEL01-MA"
413338;2022-02-06;"domingo";"14:40:00";"PI";316;310;"PICOS";"Ingestão de álcool pelo condutor";"Colisão traseira";"Sem Vítimas";"Pleno dia";"Decrescente";"Céu Claro";"Simples";"Reta";"Sim";2;0;0;0;2;0;0;2;-7,07639186;-41,47475001;"SPRF-PI";"DEL04-PI";"UOP01-DEL04-PI"