"id";"data_inversa";"dia_semana";"horario";"uf";"br";"km";"municipio";"causa_acidente";"tipo_acidente";"classificacao_acidente";"fase_dia";"sentido_via";"condicao_metereologica";"tipo_pista";"tracado_via";"uso_solo";"pessoas";"mortos";"feridos_leves";"feridos_graves";"ilesos";"ignorados";"feridos";"veiculos";"latitude";"longitude";"regional";"delegacia";"uop"
413339;2022-02-06;"domingo";"20:00:00";"GO";60;29;"ALEXANIA";"Reação tardia ou ineficiente do condutor";"Colisão com objeto";"Com Vítimas Feridas";"Plena Noite";"Crescente";"Céu Claro";"Dupla";"Reta";"Não";1;0;1;0;0;0;1;1;-16,0963;-48,5202;"SPRF-DF";"DEL03-DF";"UOP01-DEL03-DF"
413341;2022-02-06;"domingo";"19:35:00";"RS";158;204,9;"CRUZ ALTA";"Ausência de reação do condutor";"Saída de leito carroçável";"Com Vítimas Feridas";"Anoitecer";"Crescente";"Céu Claro";"Simples";"Reta";"Não";3;0;1;1;1;0;2;1;-28,72078706;-53,59863151;"SPRF-RS";"DEL10-RS";"UOP02-DEL10-RS"
413342;2022-02-06;"domingo";"21:00:00";"CE";20;416;"MARACANAU";"Condutor deixou de manter distância do veículo da frente";"Colisão traseira";"Com Vítimas Feridas";"Plena Noite";"Decrescente";"Céu Claro";"Dupla";"Reta";"Sim";3;0;2;1;0;0;3;2;-3,8362597;-38,6074866;"SPRF-CE";"DEL01-CE";"UOP02-DEL01-CE"
413343;2022-02-06;"domingo";"20:40:00";"PR";277;701,5;"SAO MIGUEL DO IGUACU";"Ingestão de álcool pelo condutor";"Colisão traseira";"Com Vítimas Feridas";"Plena Noite";"Crescente";"Céu Claro";"Dupla";"Reta";"Não";6;0;3;0;3;0;3;2;-25,41088329;-54,33648583;"SPRF-PR";"DEL05-PR";"UOP01-DEL05-PR"
413344;2022-02-06;"domingo";"21:00:00";"ES";101;286;"CARIACICA";"Velocidade Incompatível";"Capotamento";"Sem Vítimas";"Plena Noite";"Crescente";"Céu Claro";"Dupla";"Declive;Reta";"Sim";2;0;0;0;2;0;0;2;-20,25902175;-40,37753412;"SPRF-ES";"DEL01-ES";"UOP01-DEL01-ES"
413345;2022-02-06;"domingo";"21:40:00";"PR";376;245,9;"APUCARANA";"Ingestão de álcool pelo condutor";"Colisão lateral mesmo sentido";"Sem Vítimas";"Plena Noite";"Crescente";"Céu Claro";"Dupla";"Declive;Curva";"Não";2;0;0;0;2;0;0;2;-23,5896196;-51,4113054;"SPRF-PR";"DEL07-PR";"UOP02-DEL07-PR"
413346;2022-02-06;"domingo";"18:25:00";"SC";101;125,9;"ITAJAI";"Trafegar com motocicleta (ou similar) entre as faixas";"Colisão lateral mesmo sentido";"Com Vítimas Feridas";"Anoitecer";"Crescente";"Céu Claro";"Múltipla";"Reta";"Sim";2;0;1;0;1;0;1;2;-26,94802427;-48,68338515;"SPRF-SC";"DEL04-SC";"UOP04-DEL04-SC"
413347;2022-02-06;"domingo";"21:40:00";"SC";470;57;"BLUMENAU";"Ingestão de álcool pelo condutor";"Colisão traseira";"Sem Vítimas";"Plena Noite";"Decrescente";"Céu Claro";"Simples";"Reta";"Sim";2;0;0;0;2;0;0;2;-26,880428;-49,136532;"SPRF-SC";"DEL04-SC";"UOP01-DEL04-SC"
413348;2022-02-06;"domingo";"20:00:00";"CE";402;301;"UMIRIM";"Pedestre andava na pista";"Atropelamento de Pedestre";"Com Vítimas Feridas";"Plena Noite";"Decrescente";"Céu Claro";"Simples";"Reta";"Sim";2;0;0;2;0;0;2;2;-3,67926699;-39,359962;"SPRF-CE";"DEL01-CE";"UOP03-DEL01-CE"
413349;2022-02-06;"domingo";"21:50:00";"RS";116;151,7;"CAXIAS DO SUL";"Reação tardia ou ineficiente do condutor";"Eventos atípicos";"Com Vítimas Feridas";"Plena Noite";"Crescente";"Céu Claro";"Dupla";"Aclive";"Sim";1;0;0;1;0;0;1;1;-29,17694502;-51,16173896;"SPRF-RS";"DEL05-RS";"UOP01-DEL05-RS"
413350;2022-02-06;"domingo";"20:35:00";"GO";60;40;"ALEXANIA";"Condutor deixou de manter distância do veículo da frente";"Colisão traseira";"Com Vítimas Feridas";"Plena Noite";"Decrescente";"Nublado";"Dupla";"Reta";"Não";5;0;2;0;3;0;2;3;-16,1107;-48,5646;"SPRF-DF";"DEL03-DF";"UOP01-DEL03-DF"
413351;2022-02-06;"domingo";"22:00:00";"RS";293;56,1;"PIRATINI";"Ausência de reação do condutor";"Colisão com objeto";"Com Vítimas Feridas";"Plena Noite";"Crescente";"Céu Claro";"Simples";"Ponte;Reta";"Não";4;0;3;0;1;0;3;1;-31,717499;-52,90224;"SPRF-RS";"DEL07-RS";"UOP01-DEL07-RS"
413352;2022-02-06;"domingo";"19:40:00";"BA";101;406,7;"IBIRAPITANGA";"Ausência de reação do condutor";"Colisão frontal";"Com Vítimas Feridas";"Plena Noite";"Decrescente";"Céu Claro";"Simples";"Reta";"Não";3;0;1;2;0;0;3;2;-14,1385076;-39,35387593;"SPRF-BA";"DEL05-BA";"UOP03-DEL05-BA"
413353;2022-02-06;"domingo";"19:15:00";"PB";412;141,5;"MONTEIRO";"Condutor deixou de manter distância do veículo da frente";"Colisão traseira";"Com Vítimas Feridas";"Plena Noite";"Crescente";"Céu Claro";"Simples";"Aclive";"Não";3;0;3;0;0;0;3;2;-7,872064;-37,092819;"SPRF-PB";"DEL02-PB";"UOP02-DEL02-PB"
413356;2022-02-06;"domingo";"20:00:00";"BA";367;67,7;"EUNAPOLIS";"Pista esburacada";"Tombamento";"Com Vítimas Feridas";"Plena Noite";"Crescente";"Céu Claro";"Simples";"Em Obras;Reta";"Não";2;0;2;0;0;0;2;1;-16,38462979;-39,44229906;"SPRF-BA";"DEL09-BA";"UOP01-DEL09-BA"
413358;2022-02-06;"domingo";"22:00:00";"SC";101;123;"ITAJAI";"Obstrução na via";"Colisão traseira";"Com Vítimas Feridas";"Plena Noite";"Decrescente";"Céu Claro";"Dupla";"Interseção de Vias";"Sim";3;0;2;0;0;1;2;2;-26,93668609;-48,69876905;"SPRF-SC";"DEL04-SC";"UOP04-DEL04-SC"
413359;2022-02-06;"domingo";"21:09:00";"RO";364;701;"PORTO VELHO";"Pedestre andava na pista";"Atropelamento de Pedestre";"Com Vítimas Feridas";"Plena Noite";"Decrescente";"Céu Claro";"Dupla";"Reta";"Sim";2;0;0;1;1;0;1;2;-8,80049198;-63,777876;"SPRF-RO";"DEL01-RO";"UOP01-DEL01-RO"
413360;2022-02-06;"domingo";"17:20:00";"SC";470;31;"GASPAR";"Manobra de mudança de faixa";"Colisão traseira";"Com Vítimas Feridas";"Pleno dia";"Crescente";"Céu Claro";"Dupla";"Reta";"Sim";3;0;1;0;2;0;1;2;-26,897331;-48,923069;"SPRF-SC";"DEL04-SC";"UOP01-DEL04-SC"
413361;2022-02-06;"domingo";"22:00:00";"PB";230;62;"CRUZ DO ESPIRITO SANTO";"Transitar na contramão";"Colisão frontal";"Com Vítimas Fatais";"Plena Noite";"Decrescente";"Céu Claro";"Dupla";"Em Obras;Reta;Desvio Temporário";"Não";4;1;0;0;3;0;0;2;-7,202;-35,1574;"SPRF-PB";"DEL01-PB";"UOP03-DEL01-PB"
413362;2022-02-06;"domingo";"19:45:00";"PR";153;18,9;"JACAREZINHO";"Ausência de reação do condutor";"Saída de leito carroçável";"Com Vítimas Feridas";"Plena Noite";"Decrescente";"Céu Claro";"Simples";"Reta";"Sim";9;0;8;0;0;1;8;1;-23,14321582;-49,94911225;"SPRF-PR";"DEL07-PR";"UOP04-DEL07-PR"
413365;2022-02-06;"domingo";"23:00:00";"MG";381;489,9;"BETIM";"Manobra de mudança de faixa";"Colisão com objeto";"Com Vítimas Feridas";"Plena Noite";"Crescente";"Nublado";"Múltipla";"Reta";"Sim";3;0;3;0;0;0;3;1;-19,95638572;-44,14095461;"SPRF-MG";"DEL01-MG";"UOP03-DEL01-MG"
413366;2022-02-06;"domingo";"21:00:00";"MA";10;129;"ESTREITO";"Transitar na contramão";"Colisão frontal";"Sem Vítimas";"Plena Noite";"Decrescente";"Chuva";"Simples";"Reta";"Sim";3;0;0;0;2;1;0;2;-6,557551;-47,448788;"SPRF-MA";"DEL04-MA";"UOP02-DEL04-MA"
413367;2022-02-06;"domingo";"23:25:00";"ES";101;391;"RIO NOVO DO SUL";"Animais na Pista";"Queda de ocupante de veículo";"Com Vítimas Feridas";"Plena Noite";"Decrescente";"Nublado";"Simples";"Reta";"Não";1;0;1;0;0;0;1;1;-20,86242099;-40,88072777;"SPRF-ES";"DEL03-ES";"UOP02-DEL03-ES"
413371;2022-02-06;"domingo";"18:00:00";"PR";369;198;"APUCARANA";"Reação tardia ou ineficiente do condutor";"Colisão lateral mesmo sentido";"Com Vítimas Feridas";"Anoitecer";"Decrescente";"Céu Claro";"Dupla";"Reta";"Sim";3;0;1;0;0;2;1;3;-23,52142856;-51,43752862;"SPRF-PR";"DEL07-PR";"UOP02-DEL07-PR"
413376;2022-02-06;"domingo";"23:35:00";"PR";476;119;"COLOMBO";"Reação tardia ou ineficiente do condutor";"Colisão traseira";"Com Vítimas Feridas";"Plena Noite";"Decrescente";"Céu Claro";"Dupla";"Declive;Reta";"Sim";2;0;2;0;0;0;2;2;-25,364202;-49,185825;"SPRF-PR";"DEL01-PR";"UOP02-DEL01-PR"
413377;2022-02-06;"domingo";"21:00:00";"PI";230;251;"SAO FRANCISCO DO PIAUI";"Ausência de reação do condutor";"Colisão lateral mesmo sentido";"Com Vítimas Fatais";"Plena Noite";"Decrescente";"Céu Claro";"Simples";"Reta";"Não";3;1;0;2;0;0;2;2;-6,98829616;-42,55244497;"SPRF-PI";"DEL03-PI";"UOP01-DEL03-PI"
413378;2022-02-06;"domingo";"22:49:00";"RS";290;26;"SANTO ANTONIO DA PATRULHA";"Avarias e/ou desgaste excessivo no pneu";"Capotamento";"Com Vítimas Feridas";"Plena Noite";"Crescente";"Céu Claro";"Dupla";"Reta";"Não";5;0;2;0;3;0;2;1;-29,88053216;-50,51742196;"SPRF-RS";"DEL03-RS";"UOP01-DEL03-RS"
413379;2022-02-06;"domingo";"21:00:00";"RO";435;84;"COLORADO DO OESTE";"Ingestão de álcool pelo condutor";"Saída de leito carroçável";"Sem Vítimas";"Plena Noite";"Crescente";"Nublado";"Simples";"Reta";"Sim";1;0;0;0;1;0;0;1;-13,1173435;-60,52293293;"SPRF-RO";"DEL04-RO";"UOP02-DEL04-RO"
413383;2022-02-06;"domingo";"23:45:00";"PB";101;100;"CONDE";"Ingestão de álcool e/ou substâncias psicoativas pelo pedestre";"Saída de leito carroçável";"Sem Vítimas";"Plena Noite";"Decrescente";"Céu Claro";"Dupla";"Interseção de Vias";"Não";1;0;0;0;1;0;0;1;-7,26469806;-34,93677965;"SPRF-PB";"DEL01-PB";"UOP02-DEL01-PB"
413384;2022-02-06;"domingo";"18:30:00";"SC";282;625;"IRACEMINHA";"Acessar a via sem observar a presença dos outros veículos";"Colisão transversal";"Com Vítimas Feridas";"Pleno dia";"Decrescente";"Céu Claro";"Simples";"Curva";"Não";4;0;0;2;2;0;2;2;-26,800232;-53,351334;"SPRF-SC";"DEL07-SC";"UOP02-DEL07-SC"
413385;2022-02-06;"domingo";"20:30:00";"RS";158;566,1;"SANTANA DO LIVRAMENTO";"Ingestão de álcool pelo condutor";"Colisão transversal";"Com Vítimas Feridas";"Plena Noite";"Crescente";"Céu Claro";"Simples";"Reta";"Sim";2;0;2;0;0;0;2;2;-30,87624189;-55,51081469;"SPRF-RS";"DEL11-RS";"UOP01-DEL11-RS"
413386;2022-02-07;"segunda-feira";"00:30:00";"GO";70;356;"GOIAS";"Ingestão de álcool e/ou substâncias psicoativas pelo pedestre";"Capotamento";"Com Vítimas Feridas";"Plena Noite";"Decrescente";"Chuva";"Simples";"Declive";"Não";2;0;1;0;1;0;1;1;-15,89534882;-50,44062194;"SPRF-GO";"DEL04-GO";"UOP01-DEL04-GO"
413387;2022-02-07;"segunda-feira";"00:15:00";"RS";285;291,1;"PASSO FUNDO";"Ausência de reação do condutor";"Capotamento";"Com Vítimas Feridas";"Plena Noite";"Crescente";"Céu Claro";"Dupla";"Interseção de Vias";"Sim";1;0;0;1;0;0;1;1;-28,23834136;-52,35717058;"SPRF-RS";"DEL08-RS";"UOP03-DEL08-RS"
413388;2022-02-06;"domingo";"23:30:00";"GO";364;111;"APARECIDA DO RIO DOCE";"Ingestão de álcool e/ou substâncias psicoativas pelo pedestre";"Saída de leito carroçável";"Sem Vítimas";"Plena Noite";"Crescente";"Céu Claro";"Simples";"Reta";"Não";1;0;0;0;1;0;0;1;-18,323978;-51,135818;"SPRF-GO";"DEL05-GO";"UOP02-DEL05-GO"
413389;2022-02-07;"segunda-feira";"00:10:00";"MG";262;817;"UBERABA";"Velocidade Incompatível";"Saída de leito carroçável";"Com Vítimas Feridas";"Plena Noite";"Crescente";"Chuva";"Dupla";"Reta";"Não";2;0;2;0;0;0;2;1;-19,76384526;-48,12927805;"SPRF-MG";"DEL13-MG";"UOP01-DEL13-MG"
413390;2022-02-06;"domingo";"20:20:00";"SC";116;60;"PAPANDUVA";"Desrespeitar a preferência no cruzamento";"Colisão transversal";"Com Vítimas Feridas";"Plena Noite";"Crescente";"Céu Claro";"Simples";"Reta;Interseção de Vias";"Não";3;0;0;2;0;1;2;2;-26,38202798;-50,21507263;"SPRF-SC";"DEL06-SC";"UOP02-DEL06-SC"
413393;2022-02-07;"segunda-feira";"00:30:00";"SP";116;111;"TAUBATE";"Reação tardia ou ineficiente do condutor";"Colisão traseira";"Com Vítimas Feridas";"Plena Noite";"Decrescente";"Chuva";"Dupla";"Reta";"Sim";3;0;1;0;2;0;1;2;-23,03976872;-45,56352675;"SPRF-SP";"DEL02-SP";"UOP02-DEL02-SP"
413395;2022-02-06;"domingo";"03:20:00";"BA";324;625;"SALVADOR";"Reação tardia ou ineficiente do condutor";"Saída de leito carroçável";"Sem Vítimas";"Plena Noite";"Decrescente";"Ignorado";"Dupla";"Reta";"Sim";1;0;0;0;0;1;0;1;-12,96114413;-38,4747256;"SPRF-BA";"DEL01-BA";"UOP01-DEL01-BA"
413398;2022-02-07;"segunda-feira";"03:35:00";"GO";153;146;"MARA ROSA";"Animais na Pista";"Saída de leito carroçável";"Com Vítimas Feridas";"Plena Noite";"Crescente";"Céu Claro";"Simples";"Reta";"Não";5;0;4;0;1;0;4;1;-14,047273;-49,088928;"SPRF-GO";"DEL07-GO";"UOP02-DEL07-GO"
413400;2022-02-07;"segunda-feira";"01:10:00";"RJ";101;297;"ITABORAI";"Condutor Dormindo";"Saída de leito carroçável";"Com Vítimas Feridas";"Plena Noite";"Decrescente";"Céu Claro";"Múltipla";"Reta";"Não";1;0;1;0;0;0;1;1;-22,76942037;-42,91873581;"SPRF-RJ";"DEL02-RJ";"UOP02-DEL02-RJ"
413401;2022-02-07;"segunda-feira";"05:40:00";"SC";101;44,3;"JOINVILLE";"Velocidade Incompatível";"Tombamento";"Com Vítimas Feridas";"Pleno dia";"Crescente";"Nublado";"Múltipla";"Reta";"Sim";1;0;1;0;0;0;1;1;-26,31238996;-48,87458997;"SPRF-SC";"DEL03-SC";"UOP01-DEL03-SC"
413403;2022-02-07;"segunda-feira";"05:50:00";"GO";60;214,5;"VARJAO";"Demais falhas na via";"Queda de ocupante de veículo";"Com Vítimas Feridas";"Amanhecer";"Crescente";"Céu Claro";"Dupla";"Reta";"Não";1;0;1;0;0;0;1;1;-16,9515;-49,7014;"SPRF-GO";"DEL01-GO";"UOP02-DEL01-GO"
413404;2022-02-06;"domingo";"20:00:00";"SC";280;13;"SAO FRANCISCO DO SUL";"Condutor deixou de manter distância do veículo da frente";"Colisão traseira";"Com Vítimas Feridas";"Plena Noite";"Crescente";"Céu Claro";"Simples";"Reta";"Não";2;0;0;1;1;0;1;2;-26,32171113;-48,64798666;"SPRF-SC";"DEL03-SC";"UOP03-DEL03-SC"
413406;2022-02-07;"segunda-feira";"01:00:00";"GO";60;45;"ALEXANIA";"Transitar no acostamento";"Saída de leito carroçável";"Sem Vítimas";"Plena Noite";"Crescente";"Nublado";"Dupla";"Curva";"Não";1;0;0;0;0;1;0;1;-16,1324;-48,5977;"SPRF-GO";"DEL02-GO";"UOP01-DEL02-GO"
413408;2022-02-07;"segunda-feira";"04:50:00";"MG";381;856,5;"POUSO ALEGRE";"Ausência de reação do condutor";"Saída de leito carroçável";"Sem Vítimas";"Amanhecer";"Decrescente";"Chuva";"Dupla";"Em Obras;Reta";"Não";1;0;0;0;0;1;0;1;-22,32871415;-45,91398482;"SPRF-MG";"DEL16-MG";"UOP01-DEL16-MG"
413409;2022-02-07;"segunda-feira";"06:00:00";"PB";101;57,7;"SANTA RITA";"Manobra de mudança de faixa";"Saída de leito carroçável";"Com Vítimas Feridas";"Pleno dia";"Decrescente";"Céu Claro";"Dupla";"Reta";"Não";1;0;1;0;0;0;1;1;-6,97775678;-35,0777086;"SPRF-PB";"DEL01-PB";"UOP04-DEL01-PB"
413410;2022-02-06;"domingo";"21:50:00";"BA";418;99,9;"NOVA VICOSA";"Ingestão de álcool pelo condutor";"Queda de ocupante de veículo";"Com Vítimas Fatais";"Plena Noite";"Crescente";"Céu Claro";"Simples";"Reta";"Não";1;1;0;0;0;0;0;1;-17,90309268;-39,9300611;"SPRF-BA";"DEL09-BA";"UOP02-DEL09-BA"
413415;2022-02-07;"segunda-feira";"07:10:00";"MG";381;531,1;"ITATIAIUCU";"Chuva";"Tombamento";"Com Vítimas Feridas";"Pleno dia";"Crescente";"Chuva";"Dupla";"Curva";"Não";4;0;2;0;2;0;2;1;-20,18182886;-44,37895835;"SPRF-MG";"DEL04-MG";"UOP03-DEL04-MG"
413416;2022-02-07;"segunda-feira";"06:30:00";"RS";116;410,5;"CAMAQUA";"Problema na suspensão";"Saída de leito carroçável";"Com Vítimas Feridas";"Pleno dia";"Crescente";"Céu Claro";"Simples";"Reta";"Não";1;0;1;0;0;0;1;1;-30,91755638;-51,8924608;"SPRF-RS";"DEL02-RS";"UOP02-DEL02-RS"
413417;2022-02-07;"segunda-feira";"07:00:00";"SC";101;45,5;"JOINVILLE";"Velocidade Incompatível";"Tombamento";"Com Vítimas Feridas";"Pleno dia";"Crescente";"Céu Claro";"Dupla";"Reta";"Sim";1;0;1;0;0;0;1;1;-26,32214492;-48,8689509;"SPRF-SC";"DEL03-SC";"UOP01-DEL03-SC"
413418;2022-02-07;"segunda-feira";"06:40:00";"MG";381;664,3;"SANTO ANTONIO DO AMPARO";"Reação tardia ou ineficiente do condutor";"Tombamento";"Sem Vítimas";"Amanhecer";"Crescente";"Chuva";"Dupla";"Aclive;Reta";"Não";1;0;0;0;1;0;0;1;-21,02726126;-45,00088781;"SPRF-MG";"DEL04-MG";"UOP02-DEL04-MG"
413420;2022-02-07;"segunda-feira";"07:00:00";"RS";116;150,2;"CAXIAS DO SUL";"Reação tardia ou ineficiente do condutor";"Atropelamento de Pedestre";"Com Vítimas Feridas";"Pleno dia";"Decrescente";"Céu Claro";"Múltipla";"Reta";"Sim";2;0;0;1;1;0;1;2;-29,168428;-51,158337;"SPRF-RS";"DEL05-RS";"UOP01-DEL05-RS"
413421;2022-02-07;"segunda-feira";"05:45:00";"PR";277;711;"SANTA TEREZINHA DE ITAIPU";"Condutor Dormindo";"Saída de leito carroçável";"Sem Vítimas";"Amanhecer";"Crescente";"Céu Claro";"Dupla";"Reta";"Sim";2;0;0;0;2;0;0;1;-25,45408037;-54,42224885;"SPRF-PR";"DEL05-PR";"UOP01-DEL05-PR"
413422;2022-02-07;"segunda-feira";"07:20:00";"RS";287;248;"SANTA MARIA";"Ingestão de álcool pelo condutor";"Colisão frontal";"Com Vítimas Feridas";"Pleno dia";"Crescente";"Céu Claro";"Simples";"Em Obras";"Não";5;0;0;1;4;0;1;2;-29,696018;-53,850956;"SPRF-RS";"DEL09-RS";"UOP01-DEL09-RS"
413424;2022-02-07;"segunda-feira";"00:40:00";"MA";316;592,2;"CAXIAS";"Animais na Pista";"Atropelamento de Animal";"Com Vítimas Feridas";"Plena Noite";"Decrescente";"Céu Claro";"Simples";"Reta";"Não";1;0;0;1;0;0;1;1;-5,006794;-43,023754;"SPRF-MA";"DEL03-MA";"UOP02-DEL03-MA"
413426;2022-02-07;"segunda-feira";"07:30:00";"BA";324;616;"SALVADOR";"Condutor deixou de manter distância do veículo da frente";"Colisão traseira";"Com Vítimas Feridas";"Pleno dia";"Decrescente";"Céu Claro";"Dupla";"Reta";"Sim";2;0;1;0;1;0;1;2;-12,87957905;-38,43213893;"SPRF-BA";"DEL01-BA";"UOP01-DEL01-BA"
413427;2022-02-07;"segunda-feira";"08:00:00";"SC";101;197,8;"BIGUACU";"Condutor deixou de manter distância do veículo da frente";"Colisão traseira";"Com Vítimas Feridas";"Pleno dia";"Crescente";"Céu Claro";"Múltipla";"Reta";"Sim";2;0;1;1;0;0;2;2;-27,51844497;-48,63848496;"SPRF-SC";"DEL01-SC";"UOP01-DEL01-SC"
413428;2022-02-07;"segunda-feira";"07:59:00";"CE";222;4,7;"CAUCAIA";"Acessar a via sem observar a presença dos outros veículos";"Colisão transversal";"Com Vítimas Feridas";"Pleno dia";"Decrescente";"Céu Claro";"Dupla";"Reta";"Sim";2;0;1;0;1;0;1;2;-3,74262209;-38,61150384;"SPRF-CE";"DEL01-CE";"UOP01-DEL01-CE"
413429;2022-02-07;"segunda-feira";"08:00:00";"SC";282;17;"PALHOCA";"Acessar a via sem observar a presença dos outros veículos";"Colisão transversal";"Sem Vítimas";"Pleno dia";"Decrescente";"Céu Claro";"Simples";"Reta";"Sim";4;0;0;0;4;0;0;2;-27,665707;-48,688065;"SPRF-SC";"DEL01-SC";"UOP02-DEL01-SC"
413430;2022-02-07;"segunda-feira";"07:05:00";"RN";101;97;"NATAL";"Condutor deixou de manter distância do veículo da frente";"Colisão traseira";"Sem Vítimas";"Pleno dia";"Decrescente";"Céu Claro";"Dupla";"Reta";"Sim";2;0;0;0;2;0;0;2;-5,84949622;-35,20890752;"SPRF-RN";"DEL01-RN";"UOP01-DEL01-RN"
413431;2022-02-07;"segunda-feira";"07:45:00";"PB";230;11;"CABEDELO";"Acessar a via sem observar a presença dos outros veículos";"Colisão transversal";"Com Vítimas Feridas";"Pleno dia";"Decrescente";"Céu Claro";"Dupla";"Reta;Retorno Regulamentado";"Sim";2;0;1;0;1;0;1;2;-7,0596;-34,8506;"SPRF-PB";"DEL01-PB";"UOP01-DEL01-PB"
413432;2022-02-07;"segunda-feira";"08:00:00";"ES";101;270;"SERRA";"Ausência de reação do condutor";"Queda de ocupante de veículo";"Com Vítimas Feridas";"Pleno dia";"Decrescente";"Céu Claro";"Múltipla";"Reta";"Sim";1;0;1;0;0;0;1;1;-20,22662056;-40,27075088;"SPRF-ES";"DEL02-ES";"UOP01-DEL02-ES"
413433;2022-02-07;"segunda-feira";"07:50:00";"RS";116;1;"PORTO ALEGRE";"Acumulo de areia ou detritos sobre o pavimento";"Colisão com objeto";"Com Vítimas Feridas";"Pleno dia";"Decrescente";"Céu Claro";"Dupla";"Curva";"Sim";1;0;1;0;0;0;1;1;-29,98674676;-51,1813619;"SPRF-RS";"DEL01-RS";"UOP01-DEL01-RS"
413436;2022-02-07;"segunda-feira";"08:20:00";"PB";230;17;"JOAO PESSOA";"Acessar a via sem observar a presença dos outros veículos";"Engavetamento";"Sem Vítimas";"Pleno dia";"Crescente";"Céu Claro";"Dupla";"Reta";"Sim";3;0;0;0;2;1;0;3;-7,1121;-34,8426;"SPRF-PB";"DEL01-PB";"UOP01-DEL01-PB"
413437;2022-02-06;"domingo";"18:30:00";"AC";0;0;"BRASILEIA";"Afundamento ou ondulação no pavimento";"Colisão com objeto";"Sem Vítimas";"Plena Noite";"Não Informado";"Chuva";"Simples";"Interseção de Vias";"Sim";3;0;0;0;3;0;0;1;-11,033534;-68,733796;"SPRF-AC";"DEL01-AC";"UOP02-DEL01-AC"
413438;2022-02-07;"segunda-feira";"08:25:00";"BA";110;170;"RIBEIRA DO POMBAL";"Acessar a via sem observar a presença dos outros veículos";"Colisão transversal";"Com Vítimas Feridas";"Pleno dia";"Decrescente";"Sol";"Simples";"Reta";"Não";3;0;1;0;2;0;1;2;-10,84261;-38,53121901;"SPRF-BA";"DEL07-BA";"UOP02-DEL07-BA"
413440;2022-01-26;"quarta-feira";"17:00:00";"MS";163;255;"DOURADOS";"Ingestão de álcool pelo condutor";"Colisão com objeto";"Sem Vítimas";"Pleno dia";"Crescente";"Céu Claro";"Dupla";"Reta";"Não";1;0;0;0;1;0;0;1;-22,26567386;-54,80944412;"SPRF-MS";"DEL04-MS";"UOP01-DEL04-MS"
413441;2022-02-07;"segunda-feira";"07:40:00";"MG";40;524;"RIBEIRAO DAS NEVES";"Reação tardia ou ineficiente do condutor";"Colisão traseira";"Com Vítimas Feridas";"Pleno dia";"Crescente";"Chuva";"Dupla";"Reta";"Sim";2;0;1;0;0;1;1;2;-19,8754469;-44,05345586;"SPRF-MG";"DEL01-MG";"UOP02-DEL01-MG"
413442;2022-02-07;"segunda-feira";"07:15:00";"RO";319;62;"PORTO VELHO";"Reação tardia ou ineficiente do condutor";"Colisão traseira";"Com Vítimas Feridas";"Pleno dia";"Decrescente";"Céu Claro";"Dupla";"Reta";"Sim";3;0;1;0;2;0;1;2;-8,757035;-63,886173;"SPRF-RO";"DEL01-RO";"UOP01-DEL01-RO"
413444;2022-02-07;"segunda-feira";"09:00:00";"MG";153;88;"PRATA";"Avarias e/ou desgaste excessivo no pneu";"Saída de leito carroçável";"Com Vítimas Feridas";"Pleno dia";"Crescente";"Chuva";"Simples";"Aclive";"Não";2;0;1;0;1;0;1;1;-19,12589594;-48,96661173;"SPRF-MG";"DEL15-MG";"UOP03-DEL15-MG"
413445;2022-02-07;"segunda-feira";"08:20:00";"RS";470;163;"VILA FLORES";"Ausência de reação do condutor";"Colisão lateral sentido oposto";"Com Vítimas Feridas";"Pleno dia";"Decrescente";"Céu Claro";"Simples";"Curva;Aclive";"Não";2;0;1;0;1;0;1;2;-28,82755543;-51,58058532;"SPRF-RS";"DEL06-RS";"UOP02-DEL06-RS"
413448;2022-02-07;"segunda-feira";"09:30:00";"MG";40;630,9;"CONSELHEIRO LAFAIETE";"Retorno proibido";"Queda de ocupante de veículo";"Com Vítimas Feridas";"Pleno dia";"Decrescente";"Céu Claro";"Simples";"Reta";"Sim";2;0;0;1;1;0;1;2;-20,67011589;-43,80063415;"SPRF-MG";"DEL05-MG";"UOP02-DEL05-MG"
413449;2022-02-07;"segunda-feira";"09:30:00";"SP";381;36;"ATIBAIA";"Acessar a via sem observar a presença dos outros veículos";"Colisão lateral mesmo sentido";"Com Vítimas Feridas";"Pleno dia";"Decrescente";"Garoa/Chuvisco";"Dupla";"Curva;Aclive;Retorno Regulamentado";"Sim";3;0;0;1;2;0;1;2;-23,09928995;-46,56978428;"SPRF-SP";"DEL03-SP";"UOP01-DEL03-SP"
413450;2022-02-07;"segunda-feira";"08:30:00";"SP";116;207;"GUARULHOS";"Manobra de mudança de faixa";"Colisão lateral mesmo sentido";"Com Vítimas Feridas";"Pleno dia";"Crescente";"Chuva";"Múltipla";"Reta";"Sim";3;0;2;0;1;0;2;2;-23,41972188;-46,38419203;"SPRF-SP";"DEL01-SP";"UOP01-DEL01-SP"
413451;2022-02-07;"segunda-feira";"07:50:00";"PE";232;409;"SERRA TALHADA";"Acessar a via sem observar a presença dos outros veículos";"Atropelamento de Pedestre";"Com Vítimas Feridas";"Pleno dia";"Crescente";"Céu Claro";"Simples";"Reta";"Sim";2;0;1;0;0;1;1;2;-7,981944;-38,289467;"SPRF-PE";"DEL04-PE";"UOP01-DEL04-PE"