"id";"data_inversa";"dia_semana";"horario";"uf";"br";"km";"municipio";"causa_acidente";"tipo_acidente";"classificacao_acidente";"fase_dia";"sentido_via";"condicao_metereologica";"tipo_pista";"tracado_via";"uso_solo";"pessoas";"mortos";"feridos_leves";"feridos_graves";"ilesos";"ignorados";"feridos";"veiculos";"latitude";"longitude";"regional";"delegacia";"uop"
413452;2022-02-07;"segunda-feira";"08:20:00";"PE";232;110;"BEZERROS";"Reação tardia ou ineficiente do condutor";"Colisão traseira";"Com Vítimas Feridas";"Pleno dia";"Crescente";"Céu Claro";"Dupla";"Reta";"Não";3;0;0;1;2;0;1;3;-8,28634529;-35,81755579;"SPRF-PE";"DEL02-PE";"UOP02-DEL02PE"
413458;2022-02-07;"segunda-feira";"09:15:00";"SC";101;324,4;"CAPIVARI DE BAIXO";"Condutor deixou de manter distância do veículo da frente";"Colisão traseira";"Com Vítimas Feridas";"Pleno dia";"Crescente";"Sol";"Dupla";"Curva";"Sim";2;0;1;0;1;0;1;2;-28,42890047;-48,92285509;"SPRF-SC";"DEL02-SC";"UOP01-DEL02-SC"
413462;2022-02-07;"segunda-feira";"09:00:00";"MG";381;815,5;"CAREACU";"Acumulo de água sobre o pavimento";"Saída de leito carroçável";"Com Vítimas Feridas";"Pleno dia";"Decrescente";"Chuva";"Múltipla";"Curva";"Não";1;0;1;0;0;0;1;1;-22,08771284;-45,70503017;"SPRF-MG";"DEL16-MG";"UOP02-DEL16-MG"
413463;2022-02-07;"segunda-feira";"09:45:00";"MG";262;120,9;"RIO CASCA";"Reação tardia ou ineficiente do condutor";"Tombamento";"Com Vítimas Feridas";"Pleno dia";"Crescente";"Garoa/Chuvisco";"Simples";"Reta";"Sim";1;0;0;1;0;0;1;1;-20,21946878;-42,65064354;"SPRF-MG";"DEL03-MG";"UOP03-DEL03-MG"
413464;2022-02-07;"segunda-feira";"10:20:00";"GO";50;196,6;"CAMPO ALEGRE DE GOIAS";"Avarias e/ou desgaste excessivo no pneu";"Saída de leito carroçável";"Com Vítimas Feridas";"Pleno dia";"Decrescente";"Chuva";"Dupla";"Curva";"Não";5;0;1;0;4;0;1;1;-17,5457;-47,8303;"SPRF-GO";"DEL06-GO";"UOP01-DEL06-GO"
413465;2022-02-07;"segunda-feira";"10:30:00";"AL";101;181,6;"JUNQUEIRO";"Reação tardia ou ineficiente do condutor";"Saída de leito carroçável";"Com Vítimas Feridas";"Pleno dia";"Decrescente";"Céu Claro";"Dupla";"Curva;Declive";"Não";5;0;1;0;4;0;1;1;-9,89535548;-36,41225988;"SPRF-AL";"DEL02-AL";"UOP02-DEL02-AL"
413469;2022-02-07;"segunda-feira";"10:30:00";"BA";101;669,7;"ITAGIMIRIM";"Velocidade Incompatível";"Capotamento";"Com Vítimas Feridas";"Pleno dia";"Decrescente";"Sol";"Simples";"Curva";"Não";3;0;2;0;1;0;2;1;-16,17926489;-39,60043014;"SPRF-BA";"DEL09-BA";"UOP01-DEL09-BA"
413471;2022-02-07;"segunda-feira";"09:13:00";"SP";116;567;"BARRA DO TURVO";"Chuva";"Colisão com objeto";"Com Vítimas Feridas";"Pleno dia";"Decrescente";"Garoa/Chuvisco";"Simples";"Curva";"Não";2;0;2;0;0;0;2;1;-25,0475499;-48,55355172;"SPRF-SP";"DEL05-SP";"UOP02-DEL05-SP"
413472;2022-02-07;"segunda-feira";"11:10:00";"MG";40;532;"BELO HORIZONTE";"Trafegar com motocicleta (ou similar) entre as faixas";"Atropelamento de Pedestre";"Com Vítimas Feridas";"Pleno dia";"Crescente";"Nublado";"Dupla";"Declive;Reta";"Sim";2;0;0;2;0;0;2;2;-19,92372561;-44,01700789;"SPRF-MG";"DEL01-MG";"UOP02-DEL01-MG"
413473;2022-02-07;"segunda-feira";"08:10:00";"RJ";393;168;"TRES RIOS";"Conversão proibida";"Colisão traseira";"Com Vítimas Feridas";"Pleno dia";"Decrescente";"Céu Claro";"Simples";"Curva";"Sim";3;0;1;0;2;0;1;3;-22,127502;-43,147022;"SPRF-RJ";"DEL05-RJ";"UOP02-DEL05-RJ"
413474;2022-02-07;"segunda-feira";"10:40:00";"PE";101;10;"GOIANA";"Acessar a via sem observar a presença dos outros veículos";"Colisão transversal";"Com Vítimas Feridas";"Pleno dia";"Decrescente";"Sol";"Múltipla";"Reta";"Não";2;0;1;0;0;1;1;2;-7,58679204;-34,98736241;"SPRF-PE";"DEL01-PE";"UOP02-DEL01-PE"
413478;2022-02-07;"segunda-feira";"11:50:00";"RS";468;111,9;"TIRADENTES DO SUL";"Demais falhas mecânicas ou elétricas";"Tombamento";"Com Vítimas Feridas";"Pleno dia";"Decrescente";"Sol";"Simples";"Reta";"Não";2;0;2;0;0;0;2;1;-27,40703108;-54,03577111;"SPRF-RS";"DEL08-RS";"UOP02-DEL08-RS"
413481;2022-02-07;"segunda-feira";"10:45:00";"RS";116;410,5;"CAMAQUA";"Condutor deixou de manter distância do veículo da frente";"Colisão traseira";"Sem Vítimas";"Pleno dia";"Crescente";"Sol";"Simples";"Reta";"Não";2;0;0;0;2;0;0;2;-30,91755638;-51,8924608;"SPRF-RS";"DEL02-RS";"UOP02-DEL02-RS"
413485;2022-02-07;"segunda-feira";"12:15:00";"CE";116;6;"FORTALEZA";"Ausência de reação do condutor";"Colisão lateral mesmo sentido";"Com Vítimas Feridas";"Pleno dia";"Crescente";"Céu Claro";"Múltipla";"Reta";"Sim";2;0;1;0;1;0;1;2;-3,802624;-38,50400499;"SPRF-CE";"DEL01-CE";"UOP02-DEL01-CE"
413486;2022-02-07;"segunda-feira";"08:10:00";"RS";116;224;"DOIS IRMAOS";"Reação tardia ou ineficiente do condutor";"Tombamento";"Com Vítimas Feridas";"Pleno dia";"Crescente";"Céu Claro";"Dupla";"Aclive";"Não";2;0;1;0;0;1;1;2;-29,58975513;-51,10781795;"SPRF-RS";"DEL01-RS";"UOP02-DEL01-RS"
413487;2022-02-07;"segunda-feira";"11:40:00";"SC";116;0;"MAFRA";"Ingestão de álcool pelo condutor";"Queda de ocupante de veículo";"Com Vítimas Feridas";"Pleno dia";"Crescente";"Céu Claro";"Simples";"Ponte";"Sim";1;0;1;0;0;0;1;1;-26,10919413;-49,78444934;"SPRF-SC";"DEL06-SC";"UOP01-DEL06-SC"
413488;2022-02-07;"segunda-feira";"12:20:00";"SC";101;357;"SANGAO";"Acessar a via sem observar a presença dos outros veículos";"Colisão transversal";"Com Vítimas Feridas";"Pleno dia";"Decrescente";"Céu Claro";"Múltipla";"Interseção de Vias";"Sim";4;0;3;0;1;0;3;2;-28,635168;-49,09467;"SPRF-SC";"DEL02-SC";"UOP01-DEL02-SC"
413491;2022-02-07;"segunda-feira";"11:00:00";"SC";101;153;"PORTO BELO";"Avarias e/ou desgaste excessivo no pneu";"Tombamento";"Com Vítimas Feridas";"Pleno dia";"Crescente";"Céu Claro";"Dupla";"Reta";"Sim";2;0;2;0;0;0;2;1;-27,144717;-48,61063935;"SPRF-SC";"DEL04-SC";"UOP03-DEL04-SC"
413492;2022-02-07;"segunda-feira";"13:20:00";"GO";40;11,2;"LUZIANIA";"Condutor deixou de manter distância do veículo da frente";"Colisão traseira";"Com Vítimas Feridas";"Pleno dia";"Crescente";"Céu Claro";"Dupla";"Reta";"Não";2;0;0;1;1;0;1;2;-16,12836255;-47,95985168;"SPRF-DF";"DEL01-DF";"UOP01-DEL01-DF"
413494;2022-02-07;"segunda-feira";"13:20:00";"ES";262;105,9;"VENDA NOVA DO IMIGRANTE";"Conversão proibida";"Colisão lateral mesmo sentido";"Com Vítimas Feridas";"Pleno dia";"Crescente";"Céu Claro";"Simples";"Retorno Regulamentado;Reta;Interseção de Vias";"Sim";2;0;2;0;0;0;2;2;-20,32584163;-41,14329642;"SPRF-ES";"DEL01-ES";"UOP02-DEL01-ES"
413495;2022-02-07;"segunda-feira";"10:45:00";"RJ";101;66;"CAMPOS DOS GOYTACAZES";"Reação tardia ou ineficiente do condutor";"Colisão traseira";"Com Vítimas Feridas";"Pleno dia";"Decrescente";"Céu Claro";"Simples";"Reta";"Sim";2;0;1;0;1;0;1;2;-21,76090387;-41,34788959;"SPRF-RJ";"DEL08-RJ";"UOP02-DEL08-RJ"
413496;2022-02-07;"segunda-feira";"12:30:00";"MT";163;840;"SINOP";"Pedestre cruzava a pista fora da faixa";"Atropelamento de Pedestre";"Com Vítimas Feridas";"Pleno dia";"Crescente";"Chuva";"Simples";"Reta";"Sim";3;0;0;1;2;0;1;2;-11,9421430598;-55,5163037766;"SPRF-MT";"DEL06-MT";"NPF/DEL06-MT"
413497;2022-02-07;"segunda-feira";"13:00:00";"PR";376;177,6;"MARINGA";"Avarias e/ou desgaste excessivo no pneu";"Tombamento";"Com Vítimas Feridas";"Pleno dia";"Crescente";"Céu Claro";"Dupla";"Reta";"Sim";1;0;0;1;0;0;1;1;-23,41595855;-51,92226484;"SPRF-PR";"DEL09-PR";"UOP01-DEL09-PR"
413500;2022-02-07;"segunda-feira";"13:30:00";"GO";153;359,3;"JARAGUA";"Acessar a via sem observar a presença dos outros veículos";"Colisão transversal";"Com Vítimas Feridas";"Pleno dia";"Decrescente";"Céu Claro";"Simples";"Reta";"Sim";2;0;0;1;0;1;1;2;-15,742197;-49,320297;"SPRF-GO";"DEL02-GO";"UOP02-DEL02-GO"
413501;2022-02-07;"segunda-feira";"14:15:00";"RN";110;0,7;"AREIA BRANCA";"Acessar a via sem observar a presença dos outros veículos";"Colisão transversal";"Com Vítimas Feridas";"Pleno dia";"Crescente";"Sol";"Simples";"Interseção de Vias";"Sim";2;0;0;1;1;0;1;2;-4,95000178;-37,12547421;"SPRF-RN";"DEL04-RN";"UOP01-DEL04-RN"
413503;2022-02-07;"segunda-feira";"13:45:00";"MG";116;276,2;"TEOFILO OTONI";"Ultrapassagem Indevida";"Colisão lateral mesmo sentido";"Sem Vítimas";"Pleno dia";"Crescente";"Nublado";"Simples";"Reta";"Sim";2;0;0;0;2;0;0;2;-17,85105696;-41,51454492;"SPRF-MG";"DEL11-MG";"UOP01-DEL11-MG"
413504;2022-02-07;"segunda-feira";"11:15:00";"SC";101;34,8;"JOINVILLE";"Avarias e/ou desgaste excessivo no pneu";"Saída de leito carroçável";"Com Vítimas Feridas";"Pleno dia";"Crescente";"Céu Claro";"Dupla";"Curva";"Não";2;0;2;0;0;0;2;1;-26,26201498;-48,90323639;"SPRF-SC";"DEL03-SC";"UOP01-DEL03-SC"
413505;2022-02-07;"segunda-feira";"14:30:00";"MG";40;547;"NOVA LIMA";"Pista Escorregadia";"Tombamento";"Com Vítimas Feridas";"Pleno dia";"Crescente";"Chuva";"Dupla";"Curva;Aclive";"Sim";1;0;0;1;0;0;1;1;-20,02252424;-43,97026042;"SPRF-MG";"DEL01-MG";"UOP02-DEL01-MG"
413507;2022-02-07;"segunda-feira";"14:00:00";"RJ";101;327,6;"NITEROI";"Demais falhas mecânicas ou elétricas";"Colisão traseira";"Com Vítimas Fatais";"Pleno dia";"Decrescente";"Nublado";"Dupla";"Reta";"Não";3;1;1;1;0;0;2;2;-22,87117393;-43,15595099;"SPRF-RJ";"DEL02-RJ";"UOP02-DEL02-RJ"
413508;2022-02-07;"segunda-feira";"09:10:00";"MG";267;158;"LIMA DUARTE";"Demais falhas mecânicas ou elétricas";"Queda de ocupante de veículo";"Com Vítimas Feridas";"Pleno dia";"Crescente";"Nublado";"Simples";"Reta";"Não";2;0;1;1;0;0;2;1;-21,84365307;-43,78372667;"SPRF-MG";"DEL05-MG";"UOP01-DEL05-MG"
413509;2022-02-07;"segunda-feira";"14:40:00";"SP";381;30,4;"ATIBAIA";"Pista esburacada";"Tombamento";"Com Vítimas Feridas";"Pleno dia";"Decrescente";"Nublado";"Dupla";"Reta";"Sim";2;0;0;2;0;0;2;1;-23,05245497;-46,5675956;"SPRF-SP";"DEL03-SP";"UOP01-DEL03-SP"
413511;2022-02-07;"segunda-feira";"13:40:00";"MS";163;194,5;"CAARAPO";"Avarias e/ou desgaste excessivo no pneu";"Saída de leito carroçável";"Com Vítimas Feridas";"Pleno dia";"Crescente";"Céu Claro";"Dupla";"Reta";"Não";2;0;2;0;0;0;2;1;-22,75542706;-54,78349708;"SPRF-MS";"DEL04-MS";"UOP02-DEL04-MS"
413512;2022-01-19;"quarta-feira";"21:15:00";"AL";316;248,5;"ATALAIA";"Manobra de mudança de faixa";"Colisão transversal";"Com Vítimas Feridas";"Plena Noite";"Crescente";"Céu Claro";"Simples";"Reta";"Não";3;0;1;1;1;0;2;2;-9,54078106;-35,98549809;"SPRF-AL";"DEL01-AL";"UOP01-DEL01-AL"
413516;2022-02-06;"domingo";"18:20:00";"GO";364;109;"CACHOEIRA ALTA";"Ingestão de álcool e/ou substâncias psicoativas pelo pedestre";"Eventos atípicos";"Sem Vítimas";"Anoitecer";"Decrescente";"Céu Claro";"Simples";"Reta";"Não";1;0;0;0;1;0;0;1;-18,340416;-51,127674;"SPRF-GO";"DEL05-GO";"UOP02-DEL05-GO"
413517;2022-02-07;"segunda-feira";"15:00:00";"MG";262;380,7;"JUATUBA";"Velocidade Incompatível";"Saída de leito carroçável";"Sem Vítimas";"Pleno dia";"Decrescente";"Nublado";"Dupla";"Curva";"Não";1;0;0;0;1;0;0;1;-19,947864;-44,381226;"SPRF-MG";"DEL01-MG";"UOP03-DEL01-MG"
413520;2022-02-06;"domingo";"17:00:00";"GO";364;22;"PARANAIGUARA";"Ausência de reação do condutor";"Tombamento";"Sem Vítimas";"Pleno dia";"Crescente";"Céu Claro";"Simples";"Curva";"Não";1;0;0;0;1;0;0;1;-18,919422;-50,660488;"SPRF-GO";"DEL05-GO";"UOP02-DEL05-GO"
413521;2022-02-07;"segunda-feira";"15:15:00";"GO";50;100,3;"CRISTALINA";"Ausência de reação do condutor";"Saída de leito carroçável";"Com Vítimas Feridas";"Pleno dia";"Decrescente";"Nublado";"Dupla";"Reta";"Não";2;0;1;0;0;1;1;1;-16,79594689;-47,64653295;"SPRF-DF";"DEL01-DF";"UOP02-DEL01-DF"
413522;2022-02-07;"segunda-feira";"14:45:00";"PE";101;74,3;"RECIFE";"Frear bruscamente";"Colisão traseira";"Com Vítimas Feridas";"Pleno dia";"Crescente";"Céu Claro";"Dupla";"Curva;Aclive";"Sim";3;0;2;0;1;0;2;2;-8,105649;-34,948863;"SPRF-PE";"DEL01-PE";"UOP01-DEL01-PE"
413525;2022-02-07;"segunda-feira";"15:55:00";"ES";101;67,5;"SAO MATEUS";"Desrespeitar a preferência no cruzamento";"Colisão transversal";"Com Vítimas Feridas";"Pleno dia";"Decrescente";"Céu Claro";"Dupla";"Interseção de Vias";"Sim";2;0;1;0;1;0;1;2;-18,72054021;-39,8658931;"SPRF-ES";"DEL04-ES";"UOP02-DEL04-ES"
413527;2022-02-07;"segunda-feira";"12:05:00";"SC";101;361;"SANGAO";"Velocidade Incompatível";"Colisão traseira";"Com Vítimas Feridas";"Pleno dia";"Crescente";"Sol";"Múltipla";"Reta";"Sim";4;0;4;0;0;0;4;2;-28,673505;-49,123075;"SPRF-SC";"DEL02-SC";"UOP01-DEL02-SC"
413528;2022-02-07;"segunda-feira";"15:00:00";"RS";290;182,5;"MINAS DO LEAO";"Desrespeitar a preferência no cruzamento";"Colisão transversal";"Com Vítimas Feridas";"Pleno dia";"Crescente";"Sol";"Simples";"Interseção de Vias";"Sim";3;0;0;2;1;0;2;2;-30,1445334;-52,04429626;"SPRF-RS";"DEL02-RS";"UOP03-DEL02-RS"
413530;2022-02-07;"segunda-feira";"16:00:00";"RJ";101;436;"MANGARATIBA";"Velocidade Incompatível";"Saída de leito carroçável";"Com Vítimas Feridas";"Pleno dia";"Crescente";"Chuva";"Simples";"Curva";"Não";2;0;2;0;0;0;2;1;-22,94335387;-44,06046308;"SPRF-RJ";"DEL03-RJ";"UOP03-DEL03-RJ"
413535;2022-02-07;"segunda-feira";"16:50:00";"GO";50;260,2;"CATALAO";"Ausência de reação do condutor";"Saída de leito carroçável";"Com Vítimas Feridas";"Pleno dia";"Decrescente";"Chuva";"Dupla";"Reta;Declive";"Não";4;0;4;0;0;0;4;2;-18,0366;-47,8438;"SPRF-GO";"DEL06-GO";"UOP01-DEL06-GO"
413537;2022-02-07;"segunda-feira";"17:00:00";"GO";50;134;"IPAMERI";"Avarias e/ou desgaste excessivo no pneu";"Saída de leito carroçável";"Com Vítimas Feridas";"Pleno dia";"Decrescente";"Chuva";"Dupla";"Aclive;Reta";"Não";5;0;3;0;2;0;3;1;-17,041;-47,7587;"SPRF-GO";"DEL06-GO";"UOP01-DEL06-GO"
413538;2022-02-07;"segunda-feira";"16:00:00";"RJ";356;135;"CAMPOS DOS GOYTACAZES";"Ultrapassagem Indevida";"Colisão transversal";"Sem Vítimas";"Pleno dia";"Crescente";"Céu Claro";"Simples";"Interseção de Vias";"Sim";2;0;0;0;2;0;0;2;-21,73467416;-41,34288121;"SPRF-RJ";"DEL08-RJ";"UOP01-DEL08-RJ"
413539;2022-02-07;"segunda-feira";"17:20:00";"SC";470;56;"BLUMENAU";"Acessar a via sem observar a presença dos outros veículos";"Colisão transversal";"Com Vítimas Feridas";"Pleno dia";"Crescente";"Céu Claro";"Simples";"Reta";"Não";2;0;1;0;1;0;1;2;-26,87740663;-49,12991524;"SPRF-SC";"DEL04-SC";"UOP01-DEL04-SC"
413540;2022-02-07;"segunda-feira";"17:35:00";"PR";376;3,7;"APUCARANA";"Pedestre cruzava a pista fora da faixa";"Atropelamento de Pedestre";"Com Vítimas Feridas";"Pleno dia";"Crescente";"Céu Claro";"Dupla";"Reta";"Sim";2;0;1;0;1;0;1;2;-23,5513;-51,461266;"SPRF-PR";"DEL07-PR";"UOP03-DEL07-PR"
413542;2022-02-07;"segunda-feira";"16:00:00";"SP";116;70,1;"APARECIDA";"Chuva";"Colisão com objeto";"Com Vítimas Feridas";"Pleno dia";"Decrescente";"Chuva";"Dupla";"Curva";"Sim";1;0;1;0;0;0;1;1;-22,84852898;-45,22705084;"SPRF-SP";"DEL08-SP";"UOP01-DEL08-SP"
413544;2022-02-07;"segunda-feira";"12:30:00";"MG";381;815;"CAREACU";"Velocidade Incompatível";"Saída de leito carroçável";"Com Vítimas Feridas";"Pleno dia";"Decrescente";"Chuva";"Múltipla";"Curva";"Não";1;0;1;0;0;0;1;1;-22,08771284;-45,70503017;"SPRF-MG";"DEL16-MG";"UOP02-DEL16-MG"
413545;2022-02-07;"segunda-feira";"16:00:00";"RJ";101;575;"PARATY";"Velocidade Incompatível";"Saída de leito carroçável";"Sem Vítimas";"Pleno dia";"Decrescente";"Chuva";"Simples";"Rotatória";"Sim";3;0;0;0;3;0;0;2;-23,21978585;-44,73466957;"SPRF-RJ";"DEL03-RJ";"UOP04-DEL03-RJ"
413546;2022-02-07;"segunda-feira";"16:30:00";"MA";135;42,5;"BACABEIRA";"Manobra de mudança de faixa";"Colisão lateral mesmo sentido";"Sem Vítimas";"Pleno dia";"Crescente";"Céu Claro";"Dupla";"Reta";"Não";2;0;0;0;1;1;0;2;-2,90630595;-44,36037795;"SPRF-MA";"DEL01-MA";"UOP01-DEL01-MA"
413550;2022-02-07;"segunda-feira";"16:00:00";"AL";101;188,4;"JUNQUEIRO";"Manobra de mudança de faixa";"Colisão frontal";"Com Vítimas Feridas";"Pleno dia";"Crescente";"Céu Claro";"Simples";"Interseção de Vias";"Sim";3;0;0;1;0;2;1;2;-9,90809784;-36,46933335;"SPRF-AL";"DEL02-AL";"UOP02-DEL02-AL"
413551;2022-02-07;"segunda-feira";"15:00:00";"MG";381;177,3;"GOVERNADOR VALADARES";"Avarias e/ou desgaste excessivo no pneu";"Saída de leito carroçável";"Com Vítimas Feridas";"Pleno dia";"Decrescente";"Céu Claro";"Simples";"Reta";"Não";5;0;4;1;0;0;5;1;-19,01680009;-42,14146277;"SPRF-MG";"DEL06-MG";"UOP01-DEL06-MG"
413552;2022-02-07;"segunda-feira";"14:45:00";"AL";316;76,5;"POCO DAS TRINCHEIRAS";"Ultrapassagem Indevida";"Colisão transversal";"Com Vítimas Feridas";"Pleno dia";"Crescente";"Céu Claro";"Simples";"Interseção de Vias";"Não";3;0;2;0;1;0;2;2;-9,32779866;-37,30321884;"SPRF-AL";"DEL03-AL";"UOP02-DEL03-AL"
413553;2022-02-07;"segunda-feira";"18:00:00";"GO";70;8,6;"AGUAS LINDAS DE GOIAS";"Reação tardia ou ineficiente do condutor";"Colisão traseira";"Com Vítimas Feridas";"Pleno dia";"Crescente";"Nublado";"Dupla";"Curva;Aclive";"Sim";2;0;1;0;1;0;1;2;-15,73733681;-48,27407468;"SPRF-DF";"DEL03-DF";"UOP02-DEL03-DF"
413555;2022-02-07;"segunda-feira";"17:45:00";"ES";101;65;"SAO MATEUS";"Acessar a via sem observar a presença dos outros veículos";"Colisão lateral mesmo sentido";"Com Vítimas Feridas";"Anoitecer";"Crescente";"Céu Claro";"Dupla";"Reta";"Sim";3;0;1;0;2;0;1;2;-18,70935945;-39,87762087;"SPRF-ES";"DEL04-ES";"UOP02-DEL04-ES"
413556;2022-02-07;"segunda-feira";"17:20:00";"PR";158;523,5;"PATO BRANCO";"Reação tardia ou ineficiente do condutor";"Saída de leito carroçável";"Com Vítimas Feridas";"Pleno dia";"Crescente";"Céu Claro";"Simples";"Reta;Declive";"Não";2;0;2;0;0;0;2;1;-26,14314916;-52,65901566;"SPRF-PR";"DEL02-PR";"UOP01-DEL02-PR"
413558;2022-02-07;"segunda-feira";"18:10:00";"SP";116;517;"CAJATI";"Ausência de reação do condutor";"Capotamento";"Com Vítimas Feridas";"Anoitecer";"Crescente";"Garoa/Chuvisco";"Dupla";"Reta";"Não";1;0;1;0;0;0;1;1;-24,8768469;-48,22732309;"SPRF-SP";"DEL05-SP";"UOP02-DEL05-SP"
413560;2022-02-07;"segunda-feira";"16:30:00";"SP";381;75;"MAIRIPORA";"Velocidade Incompatível";"Capotamento";"Sem Vítimas";"Pleno dia";"Crescente";"Garoa/Chuvisco";"Dupla";"Curva";"Não";2;0;0;0;2;0;0;1;-23,37660089;-46,56409613;"SPRF-SP";"DEL03-SP";"UOP01-DEL03-SP"
413561;2022-02-07;"segunda-feira";"17:50:00";"RN";406;75;"JANDAIRA";"Velocidade Incompatível";"Saída de leito carroçável";"Com Vítimas Feridas";"Plena Noite";"Decrescente";"Céu Claro";"Simples";"Reta";"Não";2;0;2;0;0;0;2;2;-5,40446139;-36,02296218;"SPRF-RN";"DEL02-RN";"UOP01-DEL02-RN"
413562;2022-02-07;"segunda-feira";"19:00:00";"SC";280;71;"JARAGUA DO SUL";"Manobra de mudança de faixa";"Colisão traseira";"Com Vítimas Feridas";"Plena Noite";"Crescente";"Céu Claro";"Simples";"Reta";"Sim";2;0;1;0;1;0;1;2;-26,46151693;-49,13480597;"SPRF-SC";"DEL03-SC";"UOP03-DEL03-SC"
413563;2022-02-07;"segunda-feira";"11:55:00";"RO";364;346;"JI-PARANA";"Reação tardia ou ineficiente do condutor";"Colisão traseira";"Com Vítimas Feridas";"Pleno dia";"Crescente";"Céu Claro";"Dupla";"Reta";"Sim";2;0;1;0;1;0;1;2;-10,865874;-61,968647;"SPRF-RO";"DEL02-RO";"UOP01-DEL02-RO"
413564;2022-02-07;"segunda-feira";"17:20:00";"GO";158;276;"JATAI";"Avarias e/ou desgaste excessivo no pneu";"Queda de ocupante de veículo";"Com Vítimas Feridas";"Pleno dia";"Crescente";"Chuva";"Dupla";"Reta";"Sim";1;0;1;0;0;0;1;1;-17,90943902;-51,72323303;"SPRF-GO";"DEL05-GO";"UOP01-DEL05-GO"
413567;2022-02-07;"segunda-feira";"19:25:00";"PR";369;177,5;"ROLANDIA";"Manobra de mudança de faixa";"Colisão lateral mesmo sentido";"Com Vítimas Feridas";"Plena Noite";"Crescente";"Céu Claro";"Dupla";"Reta";"Não";3;0;2;0;1;0;2;2;-23,3532337;-51,390414;"SPRF-PR";"DEL07-PR";"UOP01-DEL07-PR"
413568;2022-02-07;"segunda-feira";"19:35:00";"PR";116;124;"CURITIBA";"Condutor deixou de manter distância do veículo da frente";"Colisão traseira";"Com Vítimas Feridas";"Anoitecer";"Crescente";"Nublado";"Dupla";"Reta";"Sim";3;0;1;0;1;1;1;3;-25,58620703;-49,31436887;"SPRF-PR";"DEL01-PR";"UOP03-DEL01-PR"
413569;2022-02-07;"segunda-feira";"17:25:00";"PR";476;114,6;"COLOMBO";"Acessar a via sem observar a presença dos outros veículos";"Colisão traseira";"Com Vítimas Feridas";"Pleno dia";"Crescente";"Céu Claro";"Simples";"Aclive;Interseção de Vias;Reta";"Sim";2;0;1;0;1;0;1;2;-25,335966;-49,158184;"SPRF-PR";"DEL01-PR";"UOP02-DEL01-PR"
413571;2022-02-07;"segunda-feira";"17:00:00";"BA";110;146;"RIBEIRA DO POMBAL";"Conversão proibida";"Colisão traseira";"Com Vítimas Feridas";"Anoitecer";"Crescente";"Céu Claro";"Simples";"Interseção de Vias";"Não";2;0;1;0;0;1;1;2;-10,66742591;-38,41855917;"SPRF-BA";"DEL07-BA";"UOP02-DEL07-BA"
413573;2022-02-07;"segunda-feira";"19:30:00";"MG";40;824,9;"SIMAO PEREIRA";"Velocidade Incompatível";"Colisão com objeto";"Com Vítimas Feridas";"Plena Noite";"Crescente";"Chuva";"Dupla";"Curva;Declive";"Não";1;0;0;1;0;0;1;1;-21,96689732;-43,29126511;"SPRF-MG";"DEL05-MG";"UOP01-DEL05-MG"
413574;2022-02-07;"segunda-feira";"17:55:00";"MG";116;717,5;"MURIAE";"Chuva";"Colisão com objeto";"Com Vítimas Feridas";"Pleno dia";"Crescente";"Chuva";"Simples";"Reta";"Não";2;0;1;0;1;0;1;1;-21,22052105;-42,39401174;"SPRF-MG";"DEL07-MG";"UOP02-DEL07-MG"
413576;2022-02-07;"segunda-feira";"19:45:00";"CE";20;426;"FORTALEZA";"Deixar de acionar o farol da motocicleta (ou similar)";"Queda de ocupante de veículo";"Com Vítimas Feridas";"Plena Noite";"Decrescente";"Nublado";"Dupla";"Reta";"Não";1;0;1;0;0;0;1;1;-3,76999035;-38,67006282;"SPRF-CE";"DEL01-CE";"UOP02-DEL01-CE"
413577;2022-02-07;"segunda-feira";"19:50:00";"MG";381;510,2;"SAO JOAQUIM DE BICAS";"Velocidade Incompatível";"Capotamento";"Com Vítimas Feridas";"Plena Noite";"Decrescente";"Chuva";"Dupla";"Reta";"Sim";2;0;2;0;0;0;2;1;-20,07738209;-44,30434488;"SPRF-MG";"DEL01-MG";"UOP03-DEL01-MG"
413578;2022-02-07;"segunda-feira";"17:30:00";"GO";70;318;"JUSSARA";"Reação tardia ou ineficiente do condutor";"Colisão transversal";"Com Vítimas Feridas";"Anoitecer";"Crescente";"Céu Claro";"Dupla";"Interseção de Vias";"Sim";2;0;1;0;1;0;1;2;-15,87583806;-50,86941546;"SPRF-GO";"DEL04-GO";"UOP01-DEL04-GO"
413579;2022-02-07;"segunda-feira";"19:30:00";"GO";153;192,2;"URUACU";"Pedestre andava na pista";"Atropelamento de Pedestre";"Com Vítimas Feridas";"Plena Noite";"Crescente";"Céu Claro";"Simples";"Reta";"Não";2;0;1;0;1;0;1;2;-14,454142;-49,156413;"SPRF-GO";"DEL07-GO";"UOP02-DEL07-GO"
413581;2022-02-07;"segunda-feira";"17:31:00";"RO";364;54;"PORTO VELHO";"Ausência de reação do condutor";"Saída de leito carroçável";"Sem Vítimas";"Anoitecer";"Crescente";"Céu Claro";"Simples";"Curva";"Não";2;0;0;0;2;0;0;1;-8,74180419;-63,94765675;"SPRF-RO";"DEL04-RO";"UOP01-DEL04-RO"