"id";"data_inversa";"dia_semana";"horario";"uf";"br";"km";"municipio";"causa_acidente";"tipo_acidente";"classificacao_acidente";"fase_dia";"sentido_via";"condicao_metereologica";"tipo_pista";"tracado_via";"uso_solo";"pessoas";"mortos";"feridos_leves";"feridos_graves";"ilesos";"ignorados";"feridos";"veiculos";"latitude";"longitude";"regional";"delegacia";"uop"
413871;2022-01-24;"segunda-feira";"08:30:00";"SE";235;14,6;"NOSSA SENHORA DO SOCORRO";"Manobra de mudança de faixa";"Colisão frontal";"Com Vítimas Fatais";"Pleno dia";"Crescente";"Nublado";"Simples";"Curva";"Não";3;1;2;0;0;0;2;2;-10,859227;-37,181761;"SPRF-SE";"DEL01-SE";"UOP01-DEL01-SE"
413872;2022-02-09;"quarta-feira";"15:08:00";"RN";101;94;"NATAL";"Manobra de mudança de faixa";"Queda de ocupante de veículo";"Com Vítimas Feridas";"Pleno dia";"Crescente";"Céu Claro";"Dupla";"Curva";"Sim";1;0;1;0;0;0;1;1;-5,83176615;-35,21191342;"SPRF-RN";"DEL01-RN";"UOP01-DEL01-RN"
413876;2022-02-09;"quarta-feira";"15:00:00";"PR";116;120,3;"CURITIBA";"Reação tardia ou ineficiente do condutor";"Colisão lateral mesmo sentido";"Com Vítimas Feridas";"Pleno dia";"Decrescente";"Sol";"Dupla";"Reta";"Sim";2;0;1;0;1;0;1;2;-25,55122256;-49,30503748;"SPRF-PR";"DEL01-PR";"UOP03-DEL01-PR"
413879;2022-02-09;"quarta-feira";"15:45:00";"PE";101;78,5;"JABOATAO DOS GUARARAPES";"Condutor deixou de manter distância do veículo da frente";"Colisão traseira";"Com Vítimas Feridas";"Pleno dia";"Crescente";"Sol";"Dupla";"Reta";"Sim";2;0;1;0;1;0;1;2;-8,13496499;-34,94738614;"SPRF-PE";"DEL01-PE";"UOP01-DEL01-PE"
413882;2022-02-09;"quarta-feira";"08:10:00";"PR";277;3;"FOZ DO IGUACU";"Ausência de sinalização";"Atropelamento de Pedestre";"Com Vítimas Feridas";"Pleno dia";"Decrescente";"Céu Claro";"Dupla";"Reta";"Sim";2;0;1;0;1;0;1;2;-25,5469;-54,5882;"SPRF-PR";"DEL05-PR";"UOP03-DEL05-PR"
413884;2022-02-09;"quarta-feira";"12:50:00";"RJ";40;113;"DUQUE DE CAXIAS";"Entrada inopinada do pedestre";"Atropelamento de Pedestre";"Com Vítimas Fatais";"Pleno dia";"Decrescente";"Garoa/Chuvisco";"Dupla";"Reta";"Sim";3;1;0;0;2;0;0;3;-22,70948502;-43,29040354;"SPRF-RJ";"DEL01-RJ";"UOP01-DEL01-RJ"
413885;2022-02-09;"quarta-feira";"16:05:00";"ES";101;146,7;"LINHARES";"Acessar a via sem observar a presença dos outros veículos";"Colisão transversal";"Sem Vítimas";"Pleno dia";"Crescente";"Céu Claro";"Simples";"Interseção de Vias";"Sim";4;0;0;0;4;0;0;2;-19,36990998;-40,06560718;"SPRF-ES";"DEL04-ES";"UOP01-DEL04-ES"
413886;2022-02-09;"quarta-feira";"15:50:00";"PR";376;470;"PONTA GROSSA";"Velocidade Incompatível";"Saída de leito carroçável";"Com Vítimas Feridas";"Pleno dia";"Decrescente";"Céu Claro";"Dupla";"Declive;Curva";"Não";5;0;3;1;0;1;4;2;-25,0409359;-50,27017496;"SPRF-PR";"DEL03-PR";"UOP01-DEL03-PR"
413887;2022-02-09;"quarta-feira";"16:15:00";"SP";116;288;"ITAPECERICA DA SERRA";"Demais falhas mecânicas ou elétricas";"Saída de leito carroçável";"Sem Vítimas";"Pleno dia";"Decrescente";"Céu Claro";"Dupla";"Reta";"Não";4;0;0;0;4;0;0;1;-23,719254;-46,883144;"SPRF-SP";"DEL04-SP";"UOP01-DEL04-SP"
413888;2022-02-09;"quarta-feira";"16:35:00";"BA";407;1;"JUAZEIRO";"Ultrapassagem Indevida";"Colisão lateral mesmo sentido";"Com Vítimas Feridas";"Pleno dia";"Crescente";"Céu Claro";"Simples";"Reta";"Sim";2;0;1;0;0;1;1;2;-9,41565148;-40,50730795;"SPRF-PE";"DEL06-PE";"UOP01-DEL06-PE"
413890;2022-02-09;"quarta-feira";"15:00:00";"MG";262;789;"UBERABA";"Frear bruscamente";"Saída de leito carroçável";"Sem Vítimas";"Pleno dia";"Decrescente";"Céu Claro";"Simples";"Reta";"Não";1;0;0;0;1;0;0;1;-19,76031983;-47,84038303;"SPRF-MG";"DEL13-MG";"UOP01-DEL13-MG"
413891;2022-02-09;"quarta-feira";"17:15:00";"RN";101;103;"PARNAMIRIM";"Reação tardia ou ineficiente do condutor";"Engavetamento";"Com Vítimas Feridas";"Anoitecer";"Decrescente";"Céu Claro";"Múltipla";"Reta";"Sim";3;0;1;0;2;0;1;3;-5,89034022;-35,24894996;"SPRF-RN";"DEL01-RN";"UOP01-DEL01-RN"
413892;2022-02-09;"quarta-feira";"17:00:00";"RS";290;107;"ELDORADO DO SUL";"Acumulo de areia ou detritos sobre o pavimento";"Tombamento";"Com Vítimas Feridas";"Pleno dia";"Crescente";"Céu Claro";"Dupla";"Rotatória";"Sim";1;0;1;0;0;0;1;1;-30,001852;-51,304264;"SPRF-RS";"DEL02-RS";"UOP01-DEL02-RS"
413893;2022-02-09;"quarta-feira";"17:20:00";"SC";101;217,8;"PALHOCA";"Ausência de reação do condutor";"Colisão lateral mesmo sentido";"Com Vítimas Feridas";"Pleno dia";"Decrescente";"Céu Claro";"Múltipla";"Reta";"Não";2;0;0;1;1;0;1;2;-27,66779034;-48,67393586;"SPRF-SC";"DEL01-SC";"UOP02-DEL01-SC"
413894;2022-02-05;"sábado";"22:30:00";"MG";381;342;"BELA VISTA DE MINAS";"Sinalização mal posicionada";"Colisão lateral sentido oposto";"Com Vítimas Feridas";"Plena Noite";"Decrescente";"Céu Claro";"Simples";"Aclive;Em Obras;Reta";"Sim";5;0;0;1;4;0;1;2;-19,82502541;-43,08334004;"SPRF-MG";"DEL03-MG";"UOP01-DEL03-MG"
413895;2022-02-09;"quarta-feira";"17:30:00";"MG";40;638;"CONSELHEIRO LAFAIETE";"Avarias e/ou desgaste excessivo no pneu";"Colisão frontal";"Com Vítimas Fatais";"Anoitecer";"Crescente";"Chuva";"Simples";"Curva";"Não";3;1;1;1;0;0;2;3;-20,72342022;-43,80026653;"SPRF-MG";"DEL05-MG";"UOP02-DEL05-MG"
413900;2022-02-09;"quarta-feira";"17:10:00";"MG";354;754,3;"ITAMONTE";"Acessar a via sem observar a presença dos outros veículos";"Colisão lateral sentido oposto";"Com Vítimas Feridas";"Pleno dia";"Decrescente";"Nublado";"Simples";"Reta";"Sim";3;0;1;0;2;0;1;3;-22,30480233;-44,85575196;"SPRF-MG";"DEL17-MG";"UOP01-DEL17-MG"
413903;2022-02-09;"quarta-feira";"07:30:00";"CE";222;1,2;"FORTALEZA";"Demais falhas mecânicas ou elétricas";"Queda de ocupante de veículo";"Com Vítimas Feridas";"Pleno dia";"Decrescente";"Céu Claro";"Múltipla";"Reta";"Sim";2;0;2;0;0;0;2;1;-3,737804;-38,578061;"SPRF-CE";"DEL01-CE";"UOP01-DEL01-CE"
413904;2022-02-01;"terça-feira";"02:40:00";"RS";480;65,4;"BARAO DE COTEGIPE";"Condutor Dormindo";"Saída de leito carroçável";"Com Vítimas Fatais";"Plena Noite";"Crescente";"Céu Claro";"Simples";"Curva";"Não";43;1;22;1;19;0;23;1;-27,62694605;-52,36726105;"SPRF-RS";"DEL08-RS";"UOP04-DEL08-RS"
413905;2022-02-09;"quarta-feira";"16:30:00";"MA";316;546,8;"CAXIAS";"Desrespeitar a preferência no cruzamento";"Colisão transversal";"Com Vítimas Feridas";"Pleno dia";"Crescente";"Céu Claro";"Simples";"Declive";"Não";3;0;1;0;2;0;1;2;-4,87501953;-43,39648962;"SPRF-MA";"DEL03-MA";"UOP02-DEL03-MA"
413907;2022-02-09;"quarta-feira";"18:30:00";"SC";101;203,9;"SAO JOSE";"Condutor deixou de manter distância do veículo da frente";"Queda de ocupante de veículo";"Com Vítimas Feridas";"Anoitecer";"Decrescente";"Céu Claro";"Múltipla";"Reta";"Sim";2;0;1;0;1;0;1;2;-27,5650044;-48,61460082;"SPRF-SC";"DEL01-SC";"UOP01-DEL01-SC"
413910;2022-02-09;"quarta-feira";"19:00:00";"RJ";116;94;"GUAPIMIRIM";"Reação tardia ou ineficiente do condutor";"Colisão com objeto";"Com Vítimas Feridas";"Plena Noite";"Crescente";"Chuva";"Simples";"Reta";"Não";1;0;1;0;0;0;1;1;-22,46643519;-43,00088701;"SPRF-RJ";"DEL04-RJ";"UOP01-DEL04-RJ"
413912;2022-02-09;"quarta-feira";"17:30:00";"SC";470;9;"NAVEGANTES";"Acessar a via sem observar a presença dos outros veículos";"Colisão transversal";"Com Vítimas Feridas";"Pleno dia";"Decrescente";"Céu Claro";"Simples";"Reta";"Não";2;0;1;0;1;0;1;2;-26,833143;-48,727432;"SPRF-SC";"DEL04-SC";"UOP04-DEL04-SC"
413913;2022-02-09;"quarta-feira";"19:00:00";"GO";60;112;"GOIANAPOLIS";"Reação tardia ou ineficiente do condutor";"Saída de leito carroçável";"Com Vítimas Feridas";"Plena Noite";"Crescente";"Céu Claro";"Dupla";"Curva";"Não";1;0;1;0;0;0;1;1;-16,4511;-49,0498;"SPRF-GO";"DEL01-GO";"UOP01-DEL01-GO"
413917;2022-02-09;"quarta-feira";"19:15:00";"SC";101;148;"ITAPEMA";"Demais falhas mecânicas ou elétricas";"Tombamento";"Com Vítimas Feridas";"Plena Noite";"Crescente";"Céu Claro";"Dupla";"Reta";"Sim";2;0;2;0;0;0;2;1;-27,10123686;-48,61807962;"SPRF-SC";"DEL04-SC";"UOP03-DEL04-SC"
413918;2022-02-09;"quarta-feira";"17:30:00";"RJ";101;313;"SAO GONCALO";"Condutor deixou de manter distância do veículo da frente";"Colisão traseira";"Com Vítimas Feridas";"Anoitecer";"Decrescente";"Chuva";"Dupla";"Reta";"Sim";5;0;1;0;4;0;1;2;-22,81584364;-43,07653427;"SPRF-RJ";"DEL02-RJ";"UOP02-DEL02-RJ"
413925;2022-02-09;"quarta-feira";"17:00:00";"MA";230;402,7;"BALSAS";"Transitar na contramão";"Colisão transversal";"Com Vítimas Feridas";"Pleno dia";"Crescente";"Céu Claro";"Simples";"Reta";"Sim";4;0;1;0;3;0;1;2;-7,511906;-46,033282;"SPRF-MA";"DEL05-MA";"UOP01-DEL05-MA"
413926;2022-02-09;"quarta-feira";"19:45:00";"ES";262;90;"DOMINGOS MARTINS";"Manobra de mudança de faixa";"Queda de ocupante de veículo";"Com Vítimas Feridas";"Plena Noite";"Decrescente";"Chuva";"Simples";"Reta";"Sim";2;0;1;0;1;0;1;1;-20,38123513;-41,02431905;"SPRF-ES";"DEL01-ES";"UOP02-DEL01-ES"
413929;2022-01-22;"sábado";"21:30:00";"PR";277;588,9;"CASCAVEL";"Desrespeitar a preferência no cruzamento";"Colisão frontal";"Com Vítimas Fatais";"Plena Noite";"Decrescente";"Céu Claro";"Simples";"Interseção de Vias;Reta";"Sim";3;1;1;0;1;0;1;2;-24,97369293;-53,43816604;"SPRF-PR";"DEL04-PR";"UOP01-DEL04-PR"
413930;2022-02-09;"quarta-feira";"19:30:00";"MG";365;149,9;"PIRAPORA";"Transitar na contramão";"Colisão frontal";"Com Vítimas Fatais";"Plena Noite";"Crescente";"Nublado";"Simples";"Reta";"Não";3;1;0;0;2;0;0;2;-17,27973696;-44,87014003;"SPRF-MG";"DEL12-MG";"UOP01-DEL12-MG"
413932;2022-02-09;"quarta-feira";"18:20:00";"MG";262;556;"LUZ";"Acumulo de água sobre o pavimento";"Queda de ocupante de veículo";"Com Vítimas Feridas";"Plena Noite";"Decrescente";"Chuva";"Simples";"Reta";"Não";1;0;1;0;0;0;1;1;-19,70905194;-45,92280603;"SPRF-MG";"DEL08-MG";"UOP02-DEL08-MG"
413934;2022-02-09;"quarta-feira";"16:30:00";"PB";427;37;"POMBAL";"Ausência de reação do condutor";"Tombamento";"Com Vítimas Feridas";"Pleno dia";"Decrescente";"Céu Claro";"Simples";"Curva";"Sim";2;0;2;0;0;0;2;1;-6,76405124;-37,78910384;"SPRF-PB";"DEL03-PB";"UOP02-DEL03-PB"
413938;2022-02-09;"quarta-feira";"20:10:00";"ES";101;271;"SERRA";"Condutor deixou de manter distância do veículo da frente";"Colisão traseira";"Com Vítimas Feridas";"Plena Noite";"Decrescente";"Céu Claro";"Dupla";"Reta";"Sim";2;0;2;0;0;0;2;2;-20,23267;-40,27658;"SPRF-ES";"DEL02-ES";"UOP01-DEL02-ES"
413939;2022-02-09;"quarta-feira";"18:40:00";"RJ";101;321;"NITEROI";"Acessar a via sem observar a presença dos outros veículos";"Colisão transversal";"Sem Vítimas";"Plena Noite";"Decrescente";"Chuva";"Dupla";"Reta";"Sim";4;0;0;0;4;0;0;2;-22,86981096;-43,11046465;"SPRF-RJ";"DEL02-RJ";"UOP02-DEL02-RJ"
413940;2022-02-09;"quarta-feira";"20:25:00";"MG";50;174,8;"UBERABA";"Pedestre cruzava a pista fora da faixa";"Atropelamento de Pedestre";"Com Vítimas Fatais";"Plena Noite";"Decrescente";"Céu Claro";"Dupla";"Reta";"Sim";5;1;0;0;2;2;0;2;-19,770817;-47,973434;"SPRF-MG";"DEL13-MG";"UOP01-DEL13-MG"
413946;2022-02-09;"quarta-feira";"20:56:00";"PR";116;11,6;"COLOMBO";"Reação tardia ou ineficiente do condutor";"Colisão com objeto";"Com Vítimas Feridas";"Plena Noite";"Crescente";"Céu Claro";"Dupla";"Reta";"Sim";1;0;1;0;0;0;1;1;-25,3727;-49,1408;"SPRF-PR";"DEL01-PR";"UOP02-DEL01-PR"
413947;2022-01-20;"quinta-feira";"17:10:00";"SC";470;110,8;"APIUNA";"Conversão proibida";"Colisão frontal";"Com Vítimas Feridas";"Pleno dia";"Decrescente";"Sol";"Simples";"Curva";"Não";2;0;0;1;1;0;1;2;-27,086622;-49,458096;"SPRF-SC";"DEL04-SC";"UOP02-DEL04-SC"
413948;2022-02-09;"quarta-feira";"21:15:00";"SC";101;6;"GARUVA";"Ingestão de álcool pelo condutor";"Colisão traseira";"Com Vítimas Feridas";"Plena Noite";"Decrescente";"Céu Claro";"Dupla";"Reta;Viaduto";"Sim";4;0;3;0;1;0;3;2;-26,02692;-48,86142;"SPRF-SC";"DEL03-SC";"UOP01-DEL03-SC"
413954;2022-02-09;"quarta-feira";"23:35:00";"CE";116;3;"FORTALEZA";"Frear bruscamente";"Colisão traseira";"Com Vítimas Feridas";"Plena Noite";"Decrescente";"Céu Claro";"Múltipla";"Reta";"Não";2;0;0;1;1;0;1;2;-3,78060599;-38,51403236;"SPRF-CE";"DEL01-CE";"UOP02-DEL01-CE"
413957;2022-02-09;"quarta-feira";"20:05:00";"MA";316;317,4;"OLHO DAGUA DAS CUNHAS";"Pedestre andava na pista";"Atropelamento de Pedestre";"Com Vítimas Fatais";"Plena Noite";"Decrescente";"Nublado";"Simples";"Reta";"Sim";2;1;0;0;0;1;0;2;-4,045081;-45,09771;"SPRF-MA";"DEL02-MA";"UOP01-DEL02-MA"
413959;2022-02-10;"quinta-feira";"01:05:00";"SC";101;83,2;"BARRA VELHA";"Ingestão de álcool ou de substâncias psicoativas pelo pedestre";"Colisão com objeto";"Sem Vítimas";"Plena Noite";"Crescente";"Céu Claro";"Múltipla";"Reta";"Não";1;0;0;0;1;0;0;1;-26,6204234;-48,71790648;"SPRF-SC";"DEL03-SC";"UOP02-DEL03-SC"
413962;2022-02-09;"quarta-feira";"19:50:00";"MG";40;29,5;"PARACATU";"Chuva";"Saída de leito carroçável";"Com Vítimas Feridas";"Plena Noite";"Decrescente";"Chuva";"Simples";"Curva";"Não";1;0;1;0;0;0;1;1;-17,14892389;-46,94276491;"SPRF-MG";"DEL14-MG";"UOP01-DEL14-MG"
413963;2022-02-09;"quarta-feira";"21:45:00";"RS";285;595;"SANTO ANTONIO DAS MISSOES";"Ausência de reação do condutor";"Colisão traseira";"Com Vítimas Feridas";"Plena Noite";"Crescente";"Céu Claro";"Simples";"Reta";"Não";6;0;3;0;3;0;3;2;-28,488525;-55,232582;"SPRF-RS";"DEL12-RS";"UOP01-DEL12-RS"
413967;2022-01-28;"sexta-feira";"17:10:00";"MS";262;17;"TRES LAGOAS";"Reação tardia ou ineficiente do condutor";"Tombamento";"Com Vítimas Feridas";"Pleno dia";"Crescente";"Nublado";"Simples";"Reta";"Não";1;0;1;0;0;0;1;1;-20,81439639;-51,75560596;"SPRF-MS";"DEL07-MS";"UOP01-DEL07-MS"
413971;2022-02-10;"quinta-feira";"05:35:00";"PR";277;722;"FOZ DO IGUACU";"Acessar a via sem observar a presença dos outros veículos";"Colisão transversal";"Com Vítimas Feridas";"Amanhecer";"Crescente";"Céu Claro";"Dupla";"Interseção de Vias";"Sim";3;0;3;0;0;0;3;2;-25,49494908;-54,52095097;"SPRF-PR";"DEL05-PR";"UOP03-DEL05-PR"
413973;2022-02-10;"quinta-feira";"06:30:00";"SC";101;202,2;"SAO JOSE";"Ausência de reação do condutor";"Queda de ocupante de veículo";"Com Vítimas Feridas";"Pleno dia";"Crescente";"Céu Claro";"Dupla";"Reta";"Sim";1;0;1;0;0;0;1;1;-27,55711595;-48,61897889;"SPRF-SC";"DEL01-SC";"UOP01-DEL01-SC"
413974;2022-02-10;"quinta-feira";"06:15:00";"MT";158;624,2;"AGUA BOA";"Ultrapassagem Indevida";"Colisão frontal";"Com Vítimas Feridas";"Amanhecer";"Crescente";"Chuva";"Simples";"Reta";"Não";3;0;3;0;0;0;3;2;-14,4847019;-52,28140519;"SPRF-MT";"DEL07-MT";"UOP02-DEL07-MT"
413976;2022-02-10;"quinta-feira";"06:10:00";"MG";153;210;"FRUTAL";"Pista esburacada";"Saída de leito carroçável";"Com Vítimas Feridas";"Pleno dia";"Decrescente";"Céu Claro";"Simples";"Rotatória";"Não";2;0;1;0;1;0;1;1;-20,07281424;-49,07299961;"SPRF-MG";"DEL13-MG";"UOP02-DEL13-MG"
413977;2022-02-10;"quinta-feira";"06:50:00";"GO";60;181,4;"ABADIA DE GOIAS";"Ausência de reação do condutor";"Saída de leito carroçável";"Com Vítimas Feridas";"Amanhecer";"Crescente";"Céu Claro";"Dupla";"Reta";"Não";1;0;1;0;0;0;1;1;-16,7709;-49,4844;"SPRF-GO";"DEL01-GO";"UOP02-DEL01-GO"
413978;2022-02-10;"quinta-feira";"06:50:00";"MG";381;519;"IGARAPE";"Velocidade Incompatível";"Saída de leito carroçável";"Com Vítimas Feridas";"Amanhecer";"Decrescente";"Chuva";"Dupla";"Reta";"Não";1;0;1;0;0;0;1;1;-20,11299086;-44,3084318;"SPRF-MG";"DEL04-MG";"UOP03-DEL04-MG"
413980;2022-02-10;"quinta-feira";"07:40:00";"SC";101;197;"BIGUACU";"Condutor deixou de manter distância do veículo da frente";"Colisão traseira";"Com Vítimas Feridas";"Pleno dia";"Crescente";"Céu Claro";"Dupla";"Reta";"Sim";2;0;1;0;1;0;1;2;-27,51844497;-48,63848496;"SPRF-SC";"DEL01-SC";"UOP01-DEL01-SC"
413982;2022-02-10;"quinta-feira";"07:30:00";"PE";423;94,9;"GARANHUNS";"Acessar a via sem observar a presença dos outros veículos";"Colisão transversal";"Com Vítimas Feridas";"Pleno dia";"Crescente";"Céu Claro";"Simples";"Reta";"Sim";2;0;1;0;1;0;1;2;-8,878583;-36,477271;"SPRF-PE";"DEL03-PE";"UOP01-DEL03-PE"
413985;2022-02-10;"quinta-feira";"08:30:00";"PR";376;179;"MARINGA";"Avarias e/ou desgaste excessivo no pneu";"Queda de ocupante de veículo";"Com Vítimas Feridas";"Pleno dia";"Crescente";"Céu Claro";"Múltipla";"Reta";"Sim";2;0;2;0;0;0;2;1;-23,42244278;-51,90360392;"SPRF-PR";"DEL09-PR";"UOP01-DEL09-PR"
413986;2022-01-03;"segunda-feira";"23:15:00";"SP";116;207;"GUARULHOS";"Demais falhas mecânicas ou elétricas";"Saída de leito carroçável";"Com Vítimas Feridas";"Plena Noite";"Crescente";"Céu Claro";"Múltipla";"Reta";"Sim";5;0;4;0;1;0;4;2;-23,41972188;-46,38419203;"SPRF-SP";"DEL01-SP";"UOP01-DEL01-SP"
413987;2022-02-10;"quinta-feira";"08:20:00";"MG";40;553,7;"NOVA LIMA";"Velocidade Incompatível";"Queda de ocupante de veículo";"Com Vítimas Feridas";"Pleno dia";"Crescente";"Céu Claro";"Dupla";"Reta";"Não";1;0;1;0;0;0;1;1;-20,06863326;-43,98194759;"SPRF-MG";"DEL01-MG";"UOP02-DEL01-MG"
413989;2022-02-10;"quinta-feira";"08:30:00";"ES";259;44;"COLATINA";"Ausência de reação do condutor";"Saída de leito carroçável";"Com Vítimas Feridas";"Pleno dia";"Crescente";"Céu Claro";"Simples";"Reta";"Não";1;0;1;0;0;0;1;1;-19,54162011;-40,56859824;"SPRF-ES";"DEL02-ES";"UOP01-DEL02-ES"
413990;2022-02-10;"quinta-feira";"08:40:00";"BA";324;621,8;"SALVADOR";"Manobra de mudança de faixa";"Colisão traseira";"Com Vítimas Feridas";"Pleno dia";"Crescente";"Sol";"Dupla";"Reta;Declive";"Sim";5;0;0;1;4;0;1;2;-12,91233708;-38,45956983;"SPRF-BA";"DEL01-BA";"UOP01-DEL01-BA"
413991;2022-02-10;"quinta-feira";"07:20:00";"ES";262;34,1;"DOMINGOS MARTINS";"Acumulo de água sobre o pavimento";"Saída de leito carroçável";"Com Vítimas Feridas";"Pleno dia";"Crescente";"Chuva";"Simples";"Curva";"Não";1;0;1;0;0;0;1;1;-20,37288165;-40,59267998;"SPRF-ES";"DEL01-ES";"UOP01-DEL01-ES"
413992;2022-02-10;"quinta-feira";"08:40:00";"CE";20;321;"CARIDADE";"Pista esburacada";"Colisão com objeto";"Com Vítimas Feridas";"Pleno dia";"Crescente";"Céu Claro";"Simples";"Aclive";"Não";1;0;0;1;0;0;1;1;-4,2685326;-39,22427743;"SPRF-CE";"DEL02-CE";"UOP01-DEL02-CE"
413993;2022-02-10;"quinta-feira";"08:40:00";"SC";470;3,8;"NAVEGANTES";"Desrespeitar a preferência no cruzamento";"Colisão transversal";"Com Vítimas Feridas";"Pleno dia";"Decrescente";"Céu Claro";"Dupla";"Rotatória";"Sim";2;0;1;0;1;0;1;2;-26,861937;-48,681618;"SPRF-SC";"DEL04-SC";"UOP04-DEL04-SC"
413995;2022-02-10;"quinta-feira";"09:40:00";"BA";324;619;"SALVADOR";"Ingestão de álcool e/ou substâncias psicoativas pelo pedestre";"Atropelamento de Pedestre";"Com Vítimas Feridas";"Pleno dia";"Crescente";"Chuva";"Múltipla";"Reta";"Sim";2;0;1;0;1;0;1;2;-12,89820999;-38,45012202;"SPRF-BA";"DEL01-BA";"UOP01-DEL01-BA"
413997;2022-02-10;"quinta-feira";"09:00:00";"PI";343;592;"FLORIANO";"Acessar a via sem observar a presença dos outros veículos";"Colisão transversal";"Com Vítimas Feridas";"Pleno dia";"Decrescente";"Sol";"Simples";"Curva";"Sim";3;0;1;0;1;1;1;2;-6,777731;-43,031559;"SPRF-PI";"DEL03-PI";"UOP01-DEL03-PI"
413998;2022-01-30;"domingo";"13:30:00";"MS";267;150;"NOVA ANDRADINA";"Afundamento ou ondulação no pavimento";"Saída de leito carroçável";"Com Vítimas Feridas";"Pleno dia";"Decrescente";"Céu Claro";"Simples";"Reta";"Não";3;0;3;0;0;0;3;1;-21,6450947;-53,47218296;"SPRF-MS";"DEL02-MS";"UOP03-DEL02-MS"
413999;2022-02-10;"quinta-feira";"07:40:00";"MG";40;195;"JOAO PINHEIRO";"Ausência de reação do condutor";"Saída de leito carroçável";"Sem Vítimas";"Pleno dia";"Decrescente";"Céu Claro";"Simples";"Declive;Reta";"Não";1;0;0;0;1;0;0;1;-18,00023672;-45,85150407;"SPRF-MG";"DEL14-MG";"UOP02-DEL14-MG"
414000;2022-01-29;"sábado";"09:30:00";"MA";316;547;"CAXIAS";"Desrespeitar a preferência no cruzamento";"Colisão transversal";"Com Vítimas Feridas";"Pleno dia";"Decrescente";"Sol";"Simples";"Interseção de Vias;Rotatória";"Não";2;0;0;1;1;0;1;2;-4,879837;-43,387306;"SPRF-MA";"DEL03-MA";"UOP02-DEL03-MA"
414001;2022-02-10;"quinta-feira";"08:20:00";"AC";364;124;"RIO BRANCO";"Animais na Pista";"Atropelamento de Animal";"Com Vítimas Feridas";"Pleno dia";"Crescente";"Céu Claro";"Dupla";"Reta";"Sim";2;0;1;1;0;0;2;1;-10,01152469;-67,79140099;"SPRF-AC";"DEL01-AC";"UOP01-DEL01-AC"
414002;2022-02-10;"quinta-feira";"09:30:00";"PR";277;68;"SAO JOSE DOS PINHAIS";"Manobra de mudança de faixa";"Queda de ocupante de veículo";"Com Vítimas Feridas";"Pleno dia";"Decrescente";"Céu Claro";"Dupla";"Reta";"Sim";2;0;1;0;0;1;1;2;-25,54112281;-49,06183391;"SPRF-PR";"DEL01-PR";"UOP01-DEL01-PR"
414003;2022-02-10;"quinta-feira";"09:50:00";"PR";153;111;"IBAITI";"Desrespeitar a preferência no cruzamento";"Colisão transversal";"Sem Vítimas";"Pleno dia";"Crescente";"Céu Claro";"Simples";"Em Obras";"Sim";3;0;0;0;3;0;0;2;-23,86125206;-50,19948581;"SPRF-PR";"DEL07-PR";"UOP04-DEL07-PR"
414010;2022-02-10;"quinta-feira";"11:50:00";"RN";101;84,3;"SAO GONCALO DO AMARANTE";"Manobra de mudança de faixa";"Colisão lateral mesmo sentido";"Com Vítimas Feridas";"Pleno dia";"Crescente";"Sol";"Dupla";"Reta";"Sim";2;0;1;0;1;0;1;2;-5,774175;-35,2578;"SPRF-RN";"DEL02-RN";"UOP01-DEL02-RN"
414011;2022-02-10;"quinta-feira";"08:20:00";"BA";367;28,6;"PORTO SEGURO";"Ultrapassagem Indevida";"Colisão frontal";"Com Vítimas Feridas";"Pleno dia";"Crescente";"Céu Claro";"Simples";"Curva";"Sim";6;0;0;4;2;0;4;2;-16,41760283;-39,10888793;"SPRF-BA";"DEL09-BA";"UOP01-DEL09-BA"
414012;2022-02-10;"quinta-feira";"10:20:00";"MG";40;569;"ITABIRITO";"Retorno proibido";"Colisão transversal";"Com Vítimas Feridas";"Pleno dia";"Crescente";"Céu Claro";"Simples";"Reta";"Sim";3;0;1;0;1;1;1;3;-20,20394093;-43,97409456;"SPRF-MG";"DEL01-MG";"UOP02-DEL01-MG"
414021;2022-01-17;"segunda-feira";"15:40:00";"PR";476;121;"CURITIBA";"Ausência de reação do condutor";"Colisão transversal";"Com Vítimas Feridas";"Pleno dia";"Decrescente";"Chuva";"Simples";"Reta";"Sim";2;0;1;0;1;0;1;2;-25,379221;-49,197685;"SPRF-PR";"DEL01-PR";"UOP02-DEL01-PR"
414022;2022-02-10;"quinta-feira";"11:20:00";"SC";163;70,2;"SAO MIGUEL DO OESTE";"Acessar a via sem observar a presença dos outros veículos";"Colisão transversal";"Com Vítimas Feridas";"Pleno dia";"Decrescente";"Céu Claro";"Dupla";"Reta";"Sim";2;0;1;0;1;0;1;2;-26,73461723;-53,50680015;"SPRF-SC";"DEL07-SC";"UOP03-DEL07-SC"
414023;2022-01-26;"quarta-feira";"08:55:00";"PR";476;130;"CURITIBA";"Declive acentuado";"Queda de ocupante de veículo";"Com Vítimas Feridas";"Pleno dia";"Crescente";"Sol";"Dupla";"Curva";"Sim";1;0;1;0;0;0;1;1;-25,4483289;-49,23553526;"SPRF-PR";"DEL01-PR";"UOP03-DEL01-PR"