"id";"data_inversa";"dia_semana";"horario";"uf";"br";"km";"municipio";"causa_acidente";"tipo_acidente";"classificacao_acidente";"fase_dia";"sentido_via";"condicao_metereologica";"tipo_pista";"tracado_via";"uso_solo";"pessoas";"mortos";"feridos_leves";"feridos_graves";"ilesos";"ignorados";"feridos";"veiculos";"latitude";"longitude";"regional";"delegacia";"uop"
414188;2022-02-11;"sexta-feira";"08:20:00";"RJ";101;206,2;"CASIMIRO DE ABREU";"Acessar a via sem observar a presença dos outros veículos";"Colisão transversal";"Com Vítimas Feridas";"Pleno dia";"Decrescente";"Nublado";"Simples";"Reta";"Não";4;0;0;1;3;0;1;2;-22,47673341;-42,2017251;"SPRF-RJ";"DEL08-RJ";"UOP04-DEL08-RJ"
414189;2022-02-08;"terça-feira";"04:30:00";"BA";324;530;"FEIRA DE SANTANA";"Ausência de reação do condutor";"Saída de leito carroçável";"Sem Vítimas";"Plena Noite";"Crescente";"Nevoeiro/Neblina";"Dupla";"Reta";"Não";4;0;0;0;4;0;0;1;-12,32818491;-38,86174193;"SPRF-BA";"DEL01-BA";"UOP03-DEL01-BA"
414190;2022-02-11;"sexta-feira";"07:30:00";"MG";381;921,2;"EXTREMA";"Reação tardia ou ineficiente do condutor";"Queda de ocupante de veículo";"Com Vítimas Feridas";"Pleno dia";"Crescente";"Céu Claro";"Múltipla";"Curva";"Não";1;0;1;0;0;0;1;1;-22,7680939;-46,20854399;"SPRF-MG";"DEL16-MG";"UOP03-DEL16-MG"
414192;2022-02-11;"sexta-feira";"08:10:00";"BA";324;529;"FEIRA DE SANTANA";"Manobra de mudança de faixa";"Colisão lateral mesmo sentido";"Com Vítimas Feridas";"Pleno dia";"Crescente";"Céu Claro";"Dupla";"Reta";"Não";3;0;3;0;0;0;3;2;-12,32272991;-38,86892893;"SPRF-BA";"DEL01-BA";"UOP03-DEL01-BA"
414193;2022-02-11;"sexta-feira";"08:10:00";"SC";101;208;"SAO JOSE";"Reação tardia ou ineficiente do condutor";"Colisão traseira";"Com Vítimas Feridas";"Pleno dia";"Crescente";"Céu Claro";"Dupla";"Reta";"Sim";2;0;0;1;1;0;1;2;-27,60327979;-48,63201818;"SPRF-SC";"DEL01-SC";"UOP01-DEL01-SC"
414194;2022-01-14;"sexta-feira";"13:20:00";"SC";280;40;"ARAQUARI";"Ultrapassagem Indevida";"Colisão lateral mesmo sentido";"Sem Vítimas";"Pleno dia";"Crescente";"Nublado";"Simples";"Reta";"Não";3;0;0;0;2;1;0;3;-26,44938176;-48,84792002;"SPRF-SC";"DEL03-SC";"UOP03-DEL03-SC"
414196;2022-02-11;"sexta-feira";"09:15:00";"RJ";40;114;"DUQUE DE CAXIAS";"Acumulo de óleo sobre o pavimento";"Tombamento";"Com Vítimas Feridas";"Pleno dia";"Decrescente";"Nublado";"Múltipla";"Retorno Regulamentado";"Sim";2;0;2;0;0;0;2;1;-22,71853604;-43,28993324;"SPRF-RJ";"DEL01-RJ";"UOP01-DEL01-RJ"
414197;2022-02-11;"sexta-feira";"08:00:00";"PR";376;185;"SARANDI";"Reação tardia ou ineficiente do condutor";"Capotamento";"Com Vítimas Feridas";"Pleno dia";"Crescente";"Céu Claro";"Dupla";"Reta";"Sim";1;0;1;0;0;0;1;1;-23,45147413;-51,85361808;"SPRF-PR";"DEL09-PR";"UOP01-DEL09-PR"
414200;2022-02-11;"sexta-feira";"08:50:00";"SP";116;284,1;"EMBU DAS ARTES";"Transitar no acostamento";"Colisão traseira";"Sem Vítimas";"Pleno dia";"Decrescente";"Céu Claro";"Dupla";"Reta";"Sim";3;0;0;0;3;0;0;2;-23,69998;-46,867767;"SPRF-SP";"DEL04-SP";"UOP01-DEL04-SP"
414201;2022-02-11;"sexta-feira";"07:30:00";"PE";101;66;"RECIFE";"Condutor deixou de manter distância do veículo da frente";"Engavetamento";"Sem Vítimas";"Pleno dia";"Crescente";"Sol";"Dupla";"Reta";"Sim";3;0;0;0;2;1;0;3;-8,03368534;-34,94184125;"SPRF-PE";"DEL01-PE";"UOP01-DEL01-PE"
414202;2022-02-11;"sexta-feira";"08:20:00";"RO";364;710;"PORTO VELHO";"Pista esburacada";"Tombamento";"Com Vítimas Feridas";"Amanhecer";"Decrescente";"Nublado";"Dupla";"Interseção de Vias";"Sim";1;0;1;0;0;0;1;1;-8,78621576;-63,85712687;"SPRF-RO";"DEL01-RO";"UOP01-DEL01-RO"
414203;2022-02-11;"sexta-feira";"09:35:00";"PB";230;323;"QUIXABA";"Ultrapassagem Indevida";"Saída de leito carroçável";"Com Vítimas Feridas";"Pleno dia";"Crescente";"Céu Claro";"Simples";"Reta";"Não";1;0;1;0;0;0;1;1;-6,9823;-37,1718;"SPRF-PB";"DEL03-PB";"UOP01-DEL03-PB"
414205;2022-01-27;"quinta-feira";"09:30:00";"SC";101;62;"ARAQUARI";"Condutor deixou de manter distância do veículo da frente";"Colisão traseira";"Sem Vítimas";"Pleno dia";"Crescente";"Céu Claro";"Dupla";"Reta";"Não";2;0;0;0;1;1;0;2;-26,4527351;-48,78266573;"SPRF-SC";"DEL03-SC";"UOP02-DEL03-SC"
414206;2022-02-11;"sexta-feira";"08:07:00";"AC";364;138;"RIO BRANCO";"Reação tardia ou ineficiente do condutor";"Colisão traseira";"Com Vítimas Feridas";"Pleno dia";"Decrescente";"Céu Claro";"Dupla";"Reta";"Sim";2;0;1;0;1;0;1;2;-9,96112502;-67,85646604;"SPRF-AC";"DEL01-AC";"UOP01-DEL01-AC"
414207;2022-02-11;"sexta-feira";"11:50:00";"PR";277;723,5;"FOZ DO IGUACU";"Ausência de reação do condutor";"Colisão traseira";"Com Vítimas Feridas";"Pleno dia";"Decrescente";"Céu Claro";"Dupla";"Reta";"Sim";2;0;1;0;1;0;1;2;-25,49878215;-54,52985294;"SPRF-PR";"DEL05-PR";"UOP03-DEL05-PR"
414208;2022-02-11;"sexta-feira";"10:05:00";"RS";290;60;"GRAVATAI";"Reação tardia ou ineficiente do condutor";"Colisão com objeto";"Com Vítimas Feridas";"Pleno dia";"Crescente";"Céu Claro";"Dupla";"Reta";"Não";2;0;0;2;0;0;2;1;-29,924509;-50,858528;"SPRF-RS";"DEL03-RS";"UOP01-DEL03-RS"
414210;2022-02-11;"sexta-feira";"09:30:00";"BA";324;622;"SALVADOR";"Demais falhas mecânicas ou elétricas";"Incêndio";"Sem Vítimas";"Pleno dia";"Decrescente";"Nublado";"Dupla";"Reta";"Sim";1;0;0;0;1;0;0;1;-12,91888605;-38,46502095;"SPRF-BA";"DEL01-BA";"UOP01-DEL01-BA"
414212;2022-02-11;"sexta-feira";"09:45:00";"GO";50;261,9;"CATALAO";"Avarias e/ou desgaste excessivo no pneu";"Saída de leito carroçável";"Com Vítimas Feridas";"Pleno dia";"Crescente";"Chuva";"Dupla";"Curva";"Não";3;0;2;0;1;0;2;1;-18,0377;-47,853;"SPRF-GO";"DEL06-GO";"UOP01-DEL06-GO"
414214;2022-01-08;"sábado";"19:00:00";"MA";230;472,7;"RIACHAO";"Acessar a via sem observar a presença dos outros veículos";"Colisão transversal";"Com Vítimas Feridas";"Anoitecer";"Crescente";"Céu Claro";"Simples";"Interseção de Vias";"Não";4;0;0;1;3;0;1;2;-7,368727;-46,625165;"SPRF-MA";"DEL05-MA";"UOP01-DEL05-MA"
414215;2022-02-11;"sexta-feira";"10:50:00";"BA";101;444,5;"UBAITABA";"Acessar a via sem observar a presença dos outros veículos";"Atropelamento de Pedestre";"Com Vítimas Feridas";"Pleno dia";"Crescente";"Céu Claro";"Simples";"Aclive";"Sim";2;0;0;1;0;1;1;2;-14,309847;-39,319677;"SPRF-BA";"DEL05-BA";"UOP01-DEL05-BA"
414219;2022-02-11;"sexta-feira";"11:55:00";"RS";116;264;"CANOAS";"Reação tardia ou ineficiente do condutor";"Colisão traseira";"Com Vítimas Feridas";"Pleno dia";"Decrescente";"Céu Claro";"Dupla";"Reta";"Sim";2;0;1;0;1;0;1;2;-29,914435;-51,17754495;"SPRF-RS";"DEL01-RS";"UOP01-DEL01-RS"
414220;2022-02-11;"sexta-feira";"10:00:00";"RJ";101;444;"MANGARATIBA";"Ultrapassagem Indevida";"Colisão lateral sentido oposto";"Com Vítimas Fatais";"Pleno dia";"Decrescente";"Céu Claro";"Simples";"Curva";"Não";6;1;2;1;2;0;3;4;-22,98859004;-44,08493971;"SPRF-RJ";"DEL03-RJ";"UOP03-DEL03-RJ"
414221;2022-02-11;"sexta-feira";"12:20:00";"PR";376;4,8;"MANDAGUARI";"Desrespeitar a preferência no cruzamento";"Colisão frontal";"Com Vítimas Feridas";"Pleno dia";"Crescente";"Céu Claro";"Simples";"Reta";"Sim";2;0;0;2;0;0;2;2;-23,52333316;-51,67855209;"SPRF-PR";"DEL09-PR";"UOP01-DEL09-PR"
414222;2022-02-11;"sexta-feira";"11:50:00";"SC";282;177,8;"BOCAINA DO SUL";"Ausência de reação do condutor";"Engavetamento";"Com Vítimas Feridas";"Pleno dia";"Decrescente";"Céu Claro";"Simples";"Reta";"Não";12;0;2;0;10;0;2;4;-27,739725;-49,911453;"SPRF-SC";"DEL05-SC";"UOP01-DEL05-SC"
414225;2022-02-11;"sexta-feira";"11:00:00";"MT";163;738;"SORRISO";"Ultrapassagem Indevida";"Colisão frontal";"Com Vítimas Fatais";"Pleno dia";"Decrescente";"Garoa/Chuvisco";"Simples";"Reta";"Não";6;1;0;5;0;0;5;2;-12,76755594;-55,8353955;"SPRF-MT";"DEL06-MT";"UOP01-DEL06-MT"
414229;2022-02-11;"sexta-feira";"09:10:00";"GO";70;14;"AGUAS LINDAS DE GOIAS";"Pedestre andava na pista";"Atropelamento de Pedestre";"Com Vítimas Feridas";"Pleno dia";"Crescente";"Nublado";"Dupla";"Reta;Aclive";"Sim";3;0;0;1;2;0;1;2;-15,75117968;-48,3251492;"SPRF-DF";"DEL03-DF";"UOP02-DEL03-DF"
414231;2022-02-11;"sexta-feira";"13:30:00";"RS";116;262;"CANOAS";"Reação tardia ou ineficiente do condutor";"Colisão traseira";"Com Vítimas Feridas";"Pleno dia";"Decrescente";"Sol";"Dupla";"Reta";"Sim";2;0;1;0;1;0;1;2;-29,896475;-51,17593;"SPRF-RS";"DEL01-RS";"UOP01-DEL01-RS"
414235;2022-02-11;"sexta-feira";"12:55:00";"PE";101;128,1;"ESCADA";"Transitar na contramão";"Colisão frontal";"Com Vítimas Feridas";"Pleno dia";"Crescente";"Nublado";"Múltipla";"Reta";"Sim";2;0;0;1;1;0;1;2;-8,37986492;-35,24406405;"SPRF-PE";"DEL01-PE";"UOP01-DEL01-PE"
414239;2022-02-11;"sexta-feira";"07:50:00";"MG";116;509,5;"CARATINGA";"Ultrapassagem Indevida";"Tombamento";"Com Vítimas Feridas";"Pleno dia";"Crescente";"Céu Claro";"Simples";"Reta";"Sim";1;0;1;0;0;0;1;1;-19,63654904;-42,10593182;"SPRF-MG";"DEL06-MG";"UOP02-DEL06-MG"
414240;2022-01-22;"sábado";"23:40:00";"PR";277;95;"CURITIBA";"Velocidade Incompatível";"Saída de leito carroçável";"Com Vítimas Feridas";"Plena Noite";"Decrescente";"Céu Claro";"Dupla";"Curva";"Sim";12;0;6;1;4;1;7;5;-25,43004654;-49,31909865;"SPRF-PR";"DEL01-PR";"UOP01-DEL01-PR"
414241;2022-02-11;"sexta-feira";"14:20:00";"MG";40;720,7;"BARBACENA";"Velocidade Incompatível";"Queda de ocupante de veículo";"Com Vítimas Feridas";"Pleno dia";"Decrescente";"Chuva";"Dupla";"Reta";"Sim";1;0;1;0;0;0;1;1;-21,27884073;-43,64475887;"SPRF-MG";"DEL05-MG";"UOP01-DEL05-MG"
414242;2022-02-11;"sexta-feira";"07:30:00";"RO";364;904;"PORTO VELHO";"Reação tardia ou ineficiente do condutor";"Saída de leito carroçável";"Com Vítimas Feridas";"Pleno dia";"Decrescente";"Nublado";"Simples";"Reta";"Não";2;0;2;0;0;0;2;1;-9,70570449;-65,16156516;"SPRF-RO";"DEL01-RO";"UOP02-DEL01-RO"
414244;2022-02-11;"sexta-feira";"14:00:00";"PB";230;21;"JOAO PESSOA";"Demais falhas mecânicas ou elétricas";"Tombamento";"Com Vítimas Feridas";"Pleno dia";"Crescente";"Céu Claro";"Dupla";"Reta";"Sim";1;0;1;0;0;0;1;1;-7,1415;-34,8519;"SPRF-PB";"DEL01-PB";"UOP01-DEL01-PB"
414245;2022-02-11;"sexta-feira";"13:55:00";"BA";116;827,3;"VITORIA DA CONQUISTA";"Conversão proibida";"Colisão transversal";"Com Vítimas Feridas";"Pleno dia";"Crescente";"Sol";"Simples";"Reta";"Sim";3;0;2;0;1;0;2;2;-14,888456;-40,860874;"SPRF-BA";"DEL08-BA";"UOP01-DEL08-BA"
414252;2022-02-11;"sexta-feira";"11:40:00";"RS";158;565;"SANTANA DO LIVRAMENTO";"Desrespeitar a preferência no cruzamento";"Colisão transversal";"Com Vítimas Feridas";"Pleno dia";"Decrescente";"Céu Claro";"Simples";"Interseção de Vias";"Sim";3;0;1;1;1;0;2;2;-30,8766615;-55,51050875;"SPRF-RS";"DEL11-RS";"UOP01-DEL11-RS"
414253;2022-02-11;"sexta-feira";"10:00:00";"BA";330;805;"UBATA";"Manobra de mudança de faixa";"Colisão frontal";"Com Vítimas Feridas";"Pleno dia";"Crescente";"Céu Claro";"Simples";"Reta";"Sim";2;0;0;2;0;0;2;2;-14,210408;-39,523804;"SPRF-BA";"DEL03-BA";"UOP01-DEL03-BA"
414254;2022-02-11;"sexta-feira";"14:45:00";"ES";101;258;"SERRA";"Mal súbito do condutor";"Capotamento";"Com Vítimas Feridas";"Pleno dia";"Decrescente";"Céu Claro";"Simples";"Reta";"Sim";1;0;1;0;0;0;1;1;-20,13059888;-40,2961019;"SPRF-ES";"DEL02-ES";"UOP01-DEL02-ES"
414257;2022-02-11;"sexta-feira";"15:58:00";"PR";476;130;"CURITIBA";"Condutor deixou de manter distância do veículo da frente";"Colisão traseira";"Com Vítimas Feridas";"Pleno dia";"Decrescente";"Céu Claro";"Múltipla";"Reta";"Sim";4;0;2;0;2;0;2;2;-25,46261082;-49,25103307;"SPRF-PR";"DEL01-PR";"UOP03-DEL01-PR"
414258;2022-02-11;"sexta-feira";"15:25:00";"ES";101;146,7;"LINHARES";"Condutor deixou de manter distância do veículo da frente";"Colisão traseira";"Com Vítimas Feridas";"Pleno dia";"Decrescente";"Nublado";"Dupla";"Reta";"Sim";2;0;1;0;1;0;1;2;-19,36990998;-40,06560718;"SPRF-ES";"DEL04-ES";"UOP01-DEL04-ES"
414260;2022-02-11;"sexta-feira";"12:35:00";"SP";116;510;"CAJATI";"Entrada inopinada do pedestre";"Atropelamento de Pedestre";"Com Vítimas Feridas";"Pleno dia";"Crescente";"Céu Claro";"Simples";"Reta";"Não";2;0;1;0;1;0;1;2;-24,82768986;-48,21855823;"SPRF-SP";"DEL05-SP";"UOP02-DEL05-SP"
414261;2022-02-11;"sexta-feira";"12:30:00";"BA";110;15,4;"PAULO AFONSO";"Demais falhas mecânicas ou elétricas";"Tombamento";"Com Vítimas Feridas";"Pleno dia";"Decrescente";"Céu Claro";"Simples";"Declive";"Não";2;0;2;0;0;0;2;1;-9,55637134;-38,22186847;"SPRF-BA";"DEL07-BA";"UOP01-DEL07-BA"
414262;2022-02-11;"sexta-feira";"11:00:00";"PE";232;410,2;"SERRA TALHADA";"Conversão proibida";"Colisão transversal";"Sem Vítimas";"Pleno dia";"Crescente";"Nublado";"Simples";"Reta";"Sim";2;0;0;0;2;0;0;2;-7,98261841;-38,30039606;"SPRF-PE";"DEL04-PE";"UOP01-DEL04-PE"
414263;2022-01-04;"terça-feira";"20:50:00";"RJ";116;175;"NOVA IGUACU";"Reação tardia ou ineficiente do condutor";"Colisão traseira";"Com Vítimas Feridas";"Plena Noite";"Crescente";"Nublado";"Dupla";"Reta";"Sim";3;0;1;0;1;1;1;3;-22,78923555;-43,37275272;"SPRF-RJ";"DEL01-RJ";"UOP02-DEL01-RJ"
414264;2022-02-11;"sexta-feira";"16:15:00";"RS";392;117,1;"CANGUCU";"Velocidade Incompatível";"Colisão lateral mesmo sentido";"Com Vítimas Feridas";"Pleno dia";"Decrescente";"Céu Claro";"Simples";"Curva";"Sim";3;0;2;0;1;0;2;2;-31,41369338;-52,67628308;"SPRF-RS";"DEL07-RS";"UOP01-DEL07-RS"
414266;2022-02-11;"sexta-feira";"16:10:00";"SC";101;148,6;"ITAPEMA";"Ausência de reação do condutor";"Colisão traseira";"Com Vítimas Feridas";"Pleno dia";"Decrescente";"Céu Claro";"Múltipla";"Reta";"Sim";4;0;2;0;2;0;2;3;-27,10123686;-48,61807962;"SPRF-SC";"DEL04-SC";"UOP03-DEL04-SC"
414267;2022-02-11;"sexta-feira";"14:30:00";"RJ";116;141,6;"DUQUE DE CAXIAS";"Trafegar com motocicleta (ou similar) entre as faixas";"Colisão lateral mesmo sentido";"Com Vítimas Feridas";"Pleno dia";"Crescente";"Céu Claro";"Dupla";"Reta";"Sim";2;0;0;1;0;1;1;2;-22,66752147;-43,26612353;"SPRF-RJ";"DEL01-RJ";"UOP01-DEL01-RJ"
414269;2022-02-11;"sexta-feira";"12:50:00";"SC";163;68;"SAO MIGUEL DO OESTE";"Acessar a via sem observar a presença dos outros veículos";"Colisão frontal";"Com Vítimas Feridas";"Pleno dia";"Crescente";"Céu Claro";"Dupla";"Reta;Interseção de Vias";"Sim";2;0;1;0;1;0;1;2;-26,74572535;-53,50088596;"SPRF-SC";"DEL07-SC";"UOP03-DEL07-SC"
414275;2022-02-11;"sexta-feira";"17:10:00";"SP";101;46;"UBATUBA";"Acessar a via sem observar a presença dos outros veículos";"Colisão transversal";"Com Vítimas Feridas";"Pleno dia";"Decrescente";"Chuva";"Simples";"Interseção de Vias";"Sim";2;0;1;0;1;0;1;2;-23,42092011;-45,0707674;"SPRF-SP";"DEL06-SP";"UOP01-DEL06-SP"
414276;2022-02-11;"sexta-feira";"17:00:00";"PR";277;66;"SAO JOSE DOS PINHAIS";"Velocidade Incompatível";"Colisão com objeto";"Sem Vítimas";"Pleno dia";"Decrescente";"Sol";"Dupla";"Reta";"Sim";1;0;0;0;1;0;0;1;-25,5234;-49,101859;"SPRF-PR";"DEL01-PR";"UOP01-DEL01-PR"
414277;2022-02-11;"sexta-feira";"17:40:00";"PR";376;616;"SAO JOSE DOS PINHAIS";"Condutor deixou de manter distância do veículo da frente";"Colisão traseira";"Com Vítimas Feridas";"Pleno dia";"Decrescente";"Sol";"Dupla";"Em Obras;Aclive;Reta";"Não";2;0;1;0;1;0;1;2;-25,57583659;-49,17953679;"SPRF-PR";"DEL01-PR";"UOP04-DEL01-PR"
414279;2022-02-11;"sexta-feira";"17:20:00";"SP";116;283;"EMBU DAS ARTES";"Trafegar com motocicleta (ou similar) entre as faixas";"Colisão lateral mesmo sentido";"Com Vítimas Feridas";"Anoitecer";"Decrescente";"Nublado";"Dupla";"Reta";"Sim";2;0;1;0;1;0;1;2;-23,69297005;-46,86352786;"SPRF-SP";"DEL04-SP";"UOP01-DEL04-SP"
414280;2022-02-11;"sexta-feira";"15:30:00";"PE";232;4;"RECIFE";"Ausência de reação do condutor";"Colisão traseira";"Com Vítimas Feridas";"Pleno dia";"Crescente";"Sol";"Múltipla";"Reta";"Sim";3;0;1;0;2;0;1;3;-8,064473;-34,936928;"SPRF-PE";"DEL01-PE";"UOP01-DEL01-PE"
414281;2022-02-10;"quinta-feira";"13:20:00";"SC";282;459,5;"PONTE SERRADA";"Manobra de mudança de faixa";"Capotamento";"Com Vítimas Feridas";"Pleno dia";"Crescente";"Céu Claro";"Simples";"Reta";"Sim";1;0;1;0;0;0;1;1;-26,863695;-52,024818;"SPRF-SC";"DEL07-SC";"UOP04-DEL07-SC"
414282;2022-02-11;"sexta-feira";"17:27:00";"SC";101;148;"ITAPEMA";"Ausência de reação do condutor";"Tombamento";"Com Vítimas Feridas";"Anoitecer";"Decrescente";"Nublado";"Múltipla";"Reta";"Sim";2;0;1;0;1;0;1;1;-27,10123686;-48,61807962;"SPRF-SC";"DEL04-SC";"UOP03-DEL04-SC"
414284;2022-02-11;"sexta-feira";"17:50:00";"ES";101;186,3;"ARACRUZ";"Ultrapassagem Indevida";"Colisão lateral mesmo sentido";"Com Vítimas Fatais";"Anoitecer";"Crescente";"Nublado";"Simples";"Declive";"Não";2;1;0;0;1;0;0;2;-19,66488404;-40,24929498;"SPRF-ES";"DEL04-ES";"UOP01-DEL04-ES"
414285;2022-02-11;"sexta-feira";"17:10:00";"RS";470;245;"BARAO";"Conversão proibida";"Colisão transversal";"Com Vítimas Feridas";"Pleno dia";"Crescente";"Nublado";"Simples";"Curva";"Sim";2;0;2;0;0;0;2;2;-29,36751735;-51,51081606;"SPRF-RS";"DEL06-RS";"UOP01-DEL06-RS"
414287;2022-02-11;"sexta-feira";"14:10:00";"MS";163;225;"CAARAPO";"Acessar a via sem observar a presença dos outros veículos";"Colisão transversal";"Sem Vítimas";"Pleno dia";"Decrescente";"Céu Claro";"Simples";"Reta";"Não";2;0;0;0;1;1;0;2;-22,500217;-54,864506;"SPRF-MS";"DEL04-MS";"UOP02-DEL04-MS"
414289;2022-02-11;"sexta-feira";"18:55:00";"MG";116;331,1;"CAMPANARIO";"Condutor deixou de manter distância do veículo da frente";"Colisão traseira";"Com Vítimas Feridas";"Plena Noite";"Crescente";"Nublado";"Simples";"Reta";"Sim";2;0;0;1;1;0;1;2;-18,24609323;-41,73341759;"SPRF-MG";"DEL11-MG";"UOP01-DEL11-MG"
414290;2022-02-11;"sexta-feira";"18:10:00";"SP";153;62,5;"SAO JOSE DO RIO PRETO";"Ingestão de álcool pelo condutor";"Colisão traseira";"Sem Vítimas";"Pleno dia";"Crescente";"Céu Claro";"Dupla";"Reta";"Sim";2;0;0;0;2;0;0;2;-20,81325404;-49,35675563;"SPRF-SP";"DEL09-SP";"UOP01-DEL09-SP"
414291;2022-02-11;"sexta-feira";"18:15:00";"SP";153;62,5;"SAO JOSE DO RIO PRETO";"Condutor deixou de manter distância do veículo da frente";"Colisão traseira";"Com Vítimas Feridas";"Pleno dia";"Crescente";"Céu Claro";"Dupla";"Aclive;Reta";"Sim";3;0;1;0;2;0;1;2;-20,81325404;-49,35675563;"SPRF-SP";"DEL09-SP";"UOP01-DEL09-SP"
414292;2022-02-11;"sexta-feira";"17:20:00";"RS";470;226;"GARIBALDI";"Manobra de mudança de faixa";"Colisão lateral mesmo sentido";"Com Vítimas Feridas";"Pleno dia";"Decrescente";"Nublado";"Simples";"Reta;Aclive";"Sim";2;0;1;0;1;0;1;2;-29,21556004;-51,51743821;"SPRF-RS";"DEL06-RS";"UOP01-DEL06-RS"
414293;2022-02-11;"sexta-feira";"18:40:00";"SC";101;412,5;"ARARANGUA";"Desrespeitar a preferência no cruzamento";"Colisão transversal";"Com Vítimas Feridas";"Pleno dia";"Crescente";"Nublado";"Simples";"Interseção de Vias";"Sim";3;0;2;0;1;0;2;2;-28,95843373;-49,51413095;"SPRF-SC";"DEL02-SC";"UOP02-DEL02-SC"
414294;2022-02-11;"sexta-feira";"17:30:00";"PB";230;16;"JOAO PESSOA";"Reação tardia ou ineficiente do condutor";"Engavetamento";"Com Vítimas Feridas";"Anoitecer";"Crescente";"Céu Claro";"Dupla";"Reta";"Sim";5;0;2;0;2;1;2;4;-7,10726674;-34,84380668;"SPRF-PB";"DEL01-PB";"UOP01-DEL01-PB"
414299;2022-02-11;"sexta-feira";"17:50:00";"MG";50;61;"UBERLANDIA";"Ingestão de álcool pelo condutor";"Tombamento";"Com Vítimas Feridas";"Pleno dia";"Crescente";"Chuva";"Dupla";"Reta";"Não";1;0;1;0;0;0;1;1;-18,81603099;-48,25003475;"SPRF-MG";"DEL15-MG";"UOP02-DEL15-MG"
414301;2022-02-11;"sexta-feira";"14:00:00";"BA";407;129;"SENHOR DO BONFIM";"Mal súbito do condutor";"Saída de leito carroçável";"Sem Vítimas";"Pleno dia";"Decrescente";"Céu Claro";"Simples";"Reta";"Sim";2;0;0;0;2;0;0;2;-10,4789315;-40,1681952;"SPRF-BA";"DEL04-BA";"UOP01-DEL04-BA"
414302;2022-02-11;"sexta-feira";"17:15:00";"RJ";40;110;"DUQUE DE CAXIAS";"Demais falhas mecânicas ou elétricas";"Tombamento";"Com Vítimas Feridas";"Pleno dia";"Decrescente";"Céu Claro";"Múltipla";"Reta";"Sim";2;0;1;0;1;0;1;1;-22,68289906;-43,28549346;"SPRF-RJ";"DEL01-RJ";"UOP01-DEL01-RJ"
414303;2022-02-11;"sexta-feira";"19:38:00";"RS";158;332;"SANTA MARIA";"Reação tardia ou ineficiente do condutor";"Capotamento";"Com Vítimas Feridas";"Anoitecer";"Decrescente";"Ignorado";"Dupla";"Declive";"Sim";5;0;3;0;2;0;3;1;-29,705911;-53,848371;"SPRF-RS";"DEL09-RS";"UOP01-DEL09-RS"
414304;2022-02-11;"sexta-feira";"17:00:00";"PB";412;127,3;"MONTEIRO";"Reação tardia ou ineficiente do condutor";"Colisão traseira";"Com Vítimas Feridas";"Pleno dia";"Crescente";"Céu Claro";"Simples";"Reta";"Não";2;0;0;1;1;0;1;2;-7,780533;-37,00621;"SPRF-PB";"DEL02-PB";"UOP02-DEL02-PB"
414306;2022-02-11;"sexta-feira";"19:30:00";"SC";101;122,8;"ITAJAI";"Condutor deixou de manter distância do veículo da frente";"Colisão traseira";"Com Vítimas Feridas";"Plena Noite";"Crescente";"Céu Claro";"Dupla";"Reta";"Não";3;0;1;0;1;1;1;3;-26,92955916;-48,70499836;"SPRF-SC";"DEL04-SC";"UOP04-DEL04-SC"
414307;2022-02-11;"sexta-feira";"19:45:00";"SC";101;393,1;"CRICIUMA";"Velocidade Incompatível";"Capotamento";"Com Vítimas Feridas";"Plena Noite";"Decrescente";"Céu Claro";"Dupla";"Reta";"Não";1;0;1;0;0;0;1;1;-28,8094198;-49,37995008;"SPRF-SC";"DEL02-SC";"UOP02-DEL02-SC"
414309;2022-01-27;"quinta-feira";"01:00:00";"DF";70;9;"BRASILIA";"Ausência de reação do condutor";"Saída de leito carroçável";"Sem Vítimas";"Plena Noite";"Crescente";"Céu Claro";"Dupla";"Reta";"Sim";2;0;0;0;0;2;0;2;-15,784615;-48,132023;"SPRF-DF";"DEL03-DF";"UOP02-DEL03-DF"
414311;2022-02-11;"sexta-feira";"17:13:00";"AC";364;122;"RIO BRANCO";"Acessar a via sem observar a presença dos outros veículos";"Colisão transversal";"Com Vítimas Feridas";"Anoitecer";"Decrescente";"Nublado";"Dupla";"Reta";"Sim";2;0;2;0;0;0;2;2;-10,01188291;-67,773345;"SPRF-AC";"DEL01-AC";"UOP01-DEL01-AC"
414312;2022-02-11;"sexta-feira";"20:10:00";"PR";277;83;"CURITIBA";"Trafegar com motocicleta (ou similar) entre as faixas";"Colisão lateral mesmo sentido";"Com Vítimas Feridas";"Plena Noite";"Decrescente";"Céu Claro";"Dupla";"Reta";"Sim";2;0;1;0;1;0;1;2;-25,568939;-49,181978;"SPRF-PR";"DEL01-PR";"UOP01-DEL01-PR"
414315;2022-02-11;"sexta-feira";"20:20:00";"SP";116;282;"EMBU DAS ARTES";"Trafegar com motocicleta (ou similar) entre as faixas";"Colisão traseira";"Com Vítimas Feridas";"Plena Noite";"Crescente";"Nublado";"Dupla";"Reta";"Sim";3;0;1;1;1;0;2;2;-23,66415648;-46,854052;"SPRF-SP";"DEL04-SP";"UOP01-DEL04-SP"
414316;2022-02-11;"sexta-feira";"19:40:00";"MS";163;628;"SAO GABRIEL DO OESTE";"Ausência de reação do condutor";"Tombamento";"Com Vítimas Feridas";"Plena Noite";"Crescente";"Céu Claro";"Simples";"Reta";"Não";1;0;1;0;0;0;1;1;-19,29924106;-54,63020007;"SPRF-MS";"DEL06-MS";"UOP02-DEL06-MS"