"id";"data_inversa";"dia_semana";"horario";"uf";"br";"km";"municipio";"causa_acidente";"tipo_acidente";"classificacao_acidente";"fase_dia";"sentido_via";"condicao_metereologica";"tipo_pista";"tracado_via";"uso_solo";"pessoas";"mortos";"feridos_leves";"feridos_graves";"ilesos";"ignorados";"feridos";"veiculos";"latitude";"longitude";"regional";"delegacia";"uop"
414317;2022-02-11;"sexta-feira";"20:50:00";"MG";381;485;"BETIM";"Velocidade Incompatível";"Colisão traseira";"Com Vítimas Feridas";"Plena Noite";"Crescente";"Chuva";"Dupla";"Curva";"Sim";3;0;1;0;2;0;1;2;-19,95659361;-44,12622893;"SPRF-MG";"DEL01-MG";"UOP03-DEL01-MG"
414318;2022-02-11;"sexta-feira";"20:20:00";"PR";369;158;"CAMBE";"Acessar a via sem observar a presença dos outros veículos";"Colisão traseira";"Com Vítimas Feridas";"Plena Noite";"Decrescente";"Céu Claro";"Dupla";"Reta";"Sim";3;0;2;0;1;0;2;2;-23,2855006;-51,23860896;"SPRF-PR";"DEL07-PR";"UOP01-DEL07-PR"
414319;2022-02-11;"sexta-feira";"21:20:00";"SC";101;194;"BIGUACU";"Ingestão de álcool pelo condutor";"Colisão traseira";"Sem Vítimas";"Plena Noite";"Decrescente";"Céu Claro";"Simples";"Reta";"Sim";2;0;0;0;2;0;0;2;-27,49815117;-48,65661236;"SPRF-SC";"DEL01-SC";"UOP01-DEL01-SC"
414321;2022-02-11;"sexta-feira";"21:00:00";"GO";50;281,5;"CATALAO";"Ausência de reação do condutor";"Saída de leito carroçável";"Sem Vítimas";"Plena Noite";"Crescente";"Nublado";"Simples";"Reta";"Sim";1;0;0;0;1;0;0;1;-18,1838;-47,9441;"SPRF-GO";"DEL06-GO";"UOP01-DEL06-GO"
414325;2022-02-11;"sexta-feira";"21:30:00";"PR";476;132;"CURITIBA";"Ingestão de álcool pelo condutor";"Colisão lateral mesmo sentido";"Sem Vítimas";"Plena Noite";"Crescente";"Céu Claro";"Dupla";"Reta";"Sim";2;0;0;0;2;0;0;2;-25,460718;-49,250488;"SPRF-PR";"DEL01-PR";"UOP03-DEL01-PR"
414326;2022-02-11;"sexta-feira";"20:20:00";"PR";277;727,5;"FOZ DO IGUACU";"Acessar a via sem observar a presença dos outros veículos";"Colisão traseira";"Com Vítimas Feridas";"Plena Noite";"Crescente";"Céu Claro";"Dupla";"Interseção de Vias";"Sim";2;0;1;0;1;0;1;2;-25,51017487;-54,56454899;"SPRF-PR";"DEL05-PR";"UOP03-DEL05-PR"
414327;2022-02-11;"sexta-feira";"21:20:00";"RS";116;253,4;"SAPUCAIA DO SUL";"Reação tardia ou ineficiente do condutor";"Colisão traseira";"Com Vítimas Feridas";"Plena Noite";"Crescente";"Nublado";"Simples";"Reta";"Sim";6;0;1;0;5;0;1;2;-29,81784209;-51,16996166;"SPRF-RS";"DEL01-RS";"UOP02-DEL01-RS"
414328;2022-02-11;"sexta-feira";"19:30:00";"MG";365;135,7;"VARZEA DA PALMA";"Ausência de reação do condutor";"Colisão traseira";"Com Vítimas Fatais";"Plena Noite";"Crescente";"Céu Claro";"Simples";"Reta";"Não";3;2;0;1;0;0;1;2;-17,18258496;-44,80487204;"SPRF-MG";"DEL12-MG";"UOP01-DEL12-MG"
414329;2022-02-11;"sexta-feira";"21:07:00";"SC";470;134,9;"RIO DO SUL";"Reação tardia ou ineficiente do condutor";"Queda de ocupante de veículo";"Com Vítimas Feridas";"Plena Noite";"Crescente";"Céu Claro";"Simples";"Desvio Temporário";"Não";1;0;1;0;0;0;1;1;-27,181854;-49,600128;"SPRF-SC";"DEL04-SC";"UOP02-DEL04-SC"
414330;2022-02-11;"sexta-feira";"19:00:00";"MG";381;727,3;"CARMO DA CACHOEIRA";"Ausência de reação do condutor";"Colisão com objeto";"Com Vítimas Feridas";"Plena Noite";"Crescente";"Nublado";"Dupla";"Curva";"Não";2;0;2;0;0;0;2;1;-21,48371;-45,204612;"SPRF-MG";"DEL04-MG";"UOP02-DEL04-MG"
414333;2022-02-11;"sexta-feira";"21:30:00";"SC";101;203;"SAO JOSE";"Condutor deixou de manter distância do veículo da frente";"Colisão traseira";"Com Vítimas Feridas";"Plena Noite";"Decrescente";"Garoa/Chuvisco";"Dupla";"Reta";"Sim";3;0;1;0;2;0;1;2;-27,5650044;-48,61460082;"SPRF-SC";"DEL01-SC";"UOP01-DEL01-SC"
414334;2022-02-11;"sexta-feira";"19:00:00";"RS";290;131;"CHARQUEADAS";"Frear bruscamente";"Saída de leito carroçável";"Sem Vítimas";"Anoitecer";"Crescente";"Céu Claro";"Dupla";"Reta";"Sim";2;0;0;0;2;0;0;1;-30,060116;-51,520683;"SPRF-RS";"DEL02-RS";"UOP01-DEL02-RS"
414335;2022-02-11;"sexta-feira";"21:15:00";"MS";163;224;"CAARAPO";"Reação tardia ou ineficiente do condutor";"Tombamento";"Com Vítimas Feridas";"Plena Noite";"Decrescente";"Céu Claro";"Simples";"Reta";"Não";1;0;0;1;0;0;1;1;-22,50919504;-54,86355345;"SPRF-MS";"DEL04-MS";"UOP02-DEL04-MS"
414336;2022-02-11;"sexta-feira";"22:10:00";"SP";101;51;"UBATUBA";"Manobra de mudança de faixa";"Colisão transversal";"Com Vítimas Feridas";"Plena Noite";"Crescente";"Nublado";"Simples";"Reta";"Sim";5;0;1;0;4;0;1;2;-23,45627795;-45,07111896;"SPRF-SP";"DEL06-SP";"UOP01-DEL06-SP"
414338;2022-02-11;"sexta-feira";"22:30:00";"MG";381;499,5;"BETIM";"Mal súbito do condutor";"Colisão com objeto";"Com Vítimas Feridas";"Plena Noite";"Crescente";"Chuva";"Múltipla";"Reta";"Sim";1;0;1;0;0;0;1;1;-20,01792651;-44,2261448;"SPRF-MG";"DEL01-MG";"UOP03-DEL01-MG"
414339;2022-02-11;"sexta-feira";"22:05:00";"SC";101;123,1;"ITAJAI";"Desrespeitar a preferência no cruzamento";"Colisão transversal";"Sem Vítimas";"Plena Noite";"Decrescente";"Céu Claro";"Múltipla";"Interseção de Vias;Rotatória";"Sim";2;0;0;0;2;0;0;2;-26,93758503;-48,69810104;"SPRF-SC";"DEL04-SC";"UOP04-DEL04-SC"
414340;2022-02-11;"sexta-feira";"21:10:00";"SC";470;301,1;"CAMPOS NOVOS";"Ingestão de álcool pelo condutor";"Capotamento";"Com Vítimas Feridas";"Plena Noite";"Crescente";"Céu Claro";"Simples";"Curva";"Não";3;0;2;0;1;0;2;1;-27,373833;-51,056301;"SPRF-SC";"DEL07-SC";"UOP06-DEL07-SC"
414341;2022-02-11;"sexta-feira";"20:15:00";"SC";470;318,5;"CAMPOS NOVOS";"Reação tardia ou ineficiente do condutor";"Colisão transversal";"Com Vítimas Feridas";"Plena Noite";"Crescente";"Céu Claro";"Simples";"Reta";"Sim";2;0;0;1;1;0;1;2;-27,408455;-51,214985;"SPRF-SC";"DEL07-SC";"UOP06-DEL07-SC"
414346;2022-02-11;"sexta-feira";"22:00:00";"PB";361;4;"PATOS";"Ingestão de álcool pelo condutor";"Colisão frontal";"Com Vítimas Feridas";"Plena Noite";"Decrescente";"Chuva";"Simples";"Reta";"Sim";2;0;1;0;0;1;1;2;-7,03208047;-37,29365088;"SPRF-PB";"DEL03-PB";"UOP01-DEL03-PB"
414350;2022-02-11;"sexta-feira";"21:10:00";"PR";277;108;"CAMPO LARGO";"Condutor deixou de manter distância do veículo da frente";"Queda de ocupante de veículo";"Com Vítimas Feridas";"Plena Noite";"Crescente";"Nublado";"Dupla";"Reta";"Não";1;0;1;0;0;0;1;1;-25,46337891;-49,35755379;"SPRF-PR";"DEL01-PR";"UOP03-DEL03-PR"
414351;2022-02-11;"sexta-feira";"23:15:00";"PR";369;143,1;"LONDRINA";"Velocidade Incompatível";"Colisão traseira";"Com Vítimas Feridas";"Plena Noite";"Crescente";"Céu Claro";"Dupla";"Reta";"Não";2;0;0;1;1;0;1;2;-23,292789;-51,096269;"SPRF-PR";"DEL07-PR";"UOP01-DEL07-PR"
414353;2022-02-11;"sexta-feira";"22:35:00";"PR";376;363;"ORTIGUEIRA";"Reação tardia ou ineficiente do condutor";"Colisão frontal";"Sem Vítimas";"Plena Noite";"Crescente";"Céu Claro";"Simples";"Reta";"Não";5;0;0;0;5;0;0;2;-24,33517026;-50,84050313;"SPRF-PR";"DEL07-PR";"UOP02-DEL07-PR"
414354;2022-02-11;"sexta-feira";"22:50:00";"RO";364;708;"PORTO VELHO";"Pista esburacada";"Tombamento";"Com Vítimas Feridas";"Plena Noite";"Decrescente";"Nublado";"Dupla";"Reta";"Sim";2;0;1;1;0;0;2;1;-8,79554083;-63,84072487;"SPRF-RO";"DEL01-RO";"UOP01-DEL01-RO"
414355;2022-02-11;"sexta-feira";"23:40:00";"ES";101;264,5;"SERRA";"Condutor desrespeitou a iluminação vermelha do semáforo";"Colisão transversal";"Sem Vítimas";"Plena Noite";"Decrescente";"Chuva";"Múltipla";"Reta";"Sim";2;0;0;0;2;0;0;2;-20,17292791;-40,26736384;"SPRF-ES";"DEL02-ES";"UOP01-DEL02-ES"
414362;2022-02-11;"sexta-feira";"21:20:00";"MG";381;567,8;"ITAGUARA";"Participar de racha";"Engavetamento";"Com Vítimas Feridas";"Plena Noite";"Crescente";"Chuva";"Dupla";"Curva";"Não";4;0;2;0;2;0;2;3;-20,42649228;-44,54458383;"SPRF-MG";"DEL04-MG";"UOP03-DEL04-MG"
414363;2022-02-11;"sexta-feira";"23:30:00";"PI";135;121;"BERTOLINIA";"Ausência de reação do condutor";"Colisão com objeto";"Com Vítimas Fatais";"Plena Noite";"Decrescente";"Céu Claro";"Simples";"Reta";"Sim";3;1;1;0;1;0;1;2;-7,615662;-43,960945;"SPRF-PI";"DEL03-PI";"UOP01-DEL03-PI"
414365;2022-02-12;"sábado";"00:15:00";"PR";476;140;"ARAUCARIA";"Condutor deixou de manter distância do veículo da frente";"Colisão traseira";"Com Vítimas Feridas";"Plena Noite";"Decrescente";"Céu Claro";"Dupla";"Reta";"Sim";2;0;1;0;1;0;1;2;-25,520693;-49,294121;"SPRF-PR";"DEL01-PR";"UOP03-DEL01-PR"
414367;2022-02-12;"sábado";"00:30:00";"PE";424;69,2;"CAETES";"Pedestre andava na pista";"Atropelamento de Pedestre";"Com Vítimas Fatais";"Plena Noite";"Crescente";"Céu Claro";"Simples";"Declive";"Sim";2;1;0;0;0;1;0;2;-8,77398589;-36,62798492;"SPRF-PE";"DEL03-PE";"UOP01-DEL03-PE"
414368;2022-02-12;"sábado";"00:30:00";"MG";365;427;"PATOS DE MINAS";"Transitar na contramão";"Colisão lateral sentido oposto";"Sem Vítimas";"Plena Noite";"Crescente";"Chuva";"Simples";"Curva;Declive";"Não";2;0;0;0;1;1;0;2;-18,74966665;-46,6410042;"SPRF-MG";"DEL10-MG";"UOP01-DEL10-MG"
414369;2022-02-11;"sexta-feira";"23:00:00";"PI";135;263;"ALVORADA DO GURGUEIA";"Animais na Pista";"Atropelamento de Animal";"Com Vítimas Feridas";"Plena Noite";"Crescente";"Céu Claro";"Simples";"Reta";"Não";1;0;1;0;0;0;1;1;-8,47187979;-43,90041739;"SPRF-PI";"DEL03-PI";"UOP02-DEL03-PI"
414370;2022-02-12;"sábado";"00:30:00";"MT";364;208;"RONDONOPOLIS";"Ingestão de álcool pelo condutor";"Colisão lateral mesmo sentido";"Com Vítimas Feridas";"Plena Noite";"Crescente";"Céu Claro";"Dupla";"Curva";"Sim";2;0;0;1;0;1;1;2;-16,43621099;-54,68287599;"SPRF-MT";"DEL02-MT";"UOP01-DEL02-MT"
414371;2022-02-12;"sábado";"01:40:00";"PR";369;145,3;"LONDRINA";"Ingestão de álcool pelo condutor";"Colisão traseira";"Com Vítimas Feridas";"Plena Noite";"Crescente";"Céu Claro";"Dupla";"Aclive;Reta";"Não";2;0;1;0;1;0;1;2;-23,29360403;-51,11172438;"SPRF-PR";"DEL07-PR";"UOP01-DEL07-PR"
414374;2022-02-12;"sábado";"02:20:00";"PR";277;675;"MEDIANEIRA";"Ingestão de álcool pelo condutor";"Colisão traseira";"Sem Vítimas";"Plena Noite";"Crescente";"Céu Claro";"Dupla";"Reta";"Não";2;0;0;0;2;0;0;2;-25,29891949;-54,12338731;"SPRF-PR";"DEL05-PR";"UOP01-DEL05-PR"
414375;2022-02-12;"sábado";"01:50:00";"PR";376;488;"PONTA GROSSA";"Condutor Dormindo";"Queda de ocupante de veículo";"Com Vítimas Feridas";"Plena Noite";"Crescente";"Ignorado";"Dupla";"Reta";"Sim";1;0;1;0;0;0;1;1;-25,13510082;-50,16497282;"SPRF-PR";"DEL03-PR";"UOP01-DEL03-PR"
414380;2022-02-11;"sexta-feira";"20:40:00";"SC";101;27;"JOINVILLE";"Pista Escorregadia";"Queda de ocupante de veículo";"Com Vítimas Feridas";"Plena Noite";"Decrescente";"Céu Claro";"Simples";"Rotatória";"Sim";1;0;1;0;0;0;1;1;-26,20130351;-48,91331794;"SPRF-SC";"DEL03-SC";"UOP01-DEL03-SC"
414383;2022-02-12;"sábado";"03:20:00";"SC";101;129;"BALNEARIO CAMBORIU";"Ausência de reação do condutor";"Tombamento";"Com Vítimas Feridas";"Plena Noite";"Crescente";"Nublado";"Simples";"Curva";"Sim";1;0;1;0;0;0;1;1;-26,98064277;-48,6790679;"SPRF-SC";"DEL04-SC";"UOP03-DEL04-SC"
414385;2022-02-12;"sábado";"03:00:00";"SC";101;382,9;"ICARA";"Ingestão de álcool pelo condutor";"Saída de leito carroçável";"Sem Vítimas";"Plena Noite";"Decrescente";"Céu Claro";"Dupla";"Reta";"Não";1;0;0;0;1;0;0;1;-28,75966988;-49,28552404;"SPRF-SC";"DEL02-SC";"UOP02-DEL02-SC"
414386;2022-02-12;"sábado";"02:55:00";"PR";277;117;"CAMPO LARGO";"Ingestão de álcool pelo condutor";"Colisão transversal";"Com Vítimas Feridas";"Plena Noite";"Crescente";"Céu Claro";"Dupla";"Reta";"Sim";3;0;0;2;1;0;2;2;-25,446418;-49,487559;"SPRF-PR";"DEL01-PR";"UOP03-DEL03-PR"
414390;2022-02-12;"sábado";"04:15:00";"RJ";116;167;"RIO DE JANEIRO";"Pedestre andava na pista";"Atropelamento de Pedestre";"Com Vítimas Feridas";"Amanhecer";"Crescente";"Nublado";"Múltipla";"Reta";"Sim";2;0;0;1;1;0;1;2;-22,8029918;-43,34936321;"SPRF-RJ";"DEL01-RJ";"UOP02-DEL01-RJ"
414392;2022-02-12;"sábado";"04:15:00";"RS";472;123,3;"BOA VISTA DO BURICA";"Ingestão de álcool pelo condutor";"Colisão frontal";"Com Vítimas Feridas";"Plena Noite";"Decrescente";"Céu Claro";"Simples";"Curva";"Não";2;0;1;1;0;0;2;2;-27,71141851;-54,17332649;"SPRF-RS";"DEL10-RS";"UOP01-DEL10-RS"
414393;2022-02-12;"sábado";"03:00:00";"RS";116;224;"DOIS IRMAOS";"Transitar na contramão";"Colisão lateral sentido oposto";"Com Vítimas Feridas";"Plena Noite";"Decrescente";"Céu Claro";"Simples";"Reta";"Não";5;0;3;0;0;2;3;3;-29,58975513;-51,10781795;"SPRF-RS";"DEL01-RS";"UOP02-DEL01-RS"
414395;2022-02-12;"sábado";"04:50:00";"RS";386;135;"SARANDI";"Reação tardia ou ineficiente do condutor";"Saída de leito carroçável";"Com Vítimas Feridas";"Plena Noite";"Decrescente";"Céu Claro";"Simples";"Interseção de Vias";"Sim";2;0;1;0;0;1;1;2;-27,95255835;-52,91736603;"SPRF-RS";"DEL08-RS";"UOP01-DEL08-RS"
414399;2022-02-12;"sábado";"05:35:00";"RS";468;105;"TRES PASSOS";"Reação tardia ou ineficiente do condutor";"Colisão transversal";"Com Vítimas Feridas";"Amanhecer";"Crescente";"Céu Claro";"Simples";"Interseção de Vias";"Sim";3;0;1;2;0;0;3;2;-27,44375401;-53,94975605;"SPRF-RS";"DEL08-RS";"UOP02-DEL08-RS"
414401;2022-02-12;"sábado";"05:00:00";"ES";482;81,9;"ALEGRE";"Acumulo de areia ou detritos sobre o pavimento";"Colisão com objeto";"Com Vítimas Feridas";"Amanhecer";"Decrescente";"Chuva";"Simples";"Curva";"Sim";2;0;0;1;1;0;1;1;-20,762;-41,52;"SPRF-ES";"DEL03-ES";"UOP02-DEL03-ES"
414402;2022-02-12;"sábado";"02:00:00";"MG";262;401;"PARA DE MINAS";"Ingestão de álcool pelo condutor";"Saída de leito carroçável";"Sem Vítimas";"Plena Noite";"Crescente";"Chuva";"Dupla";"Curva";"Não";1;0;0;0;0;1;0;1;-19,90018759;-44,55287088;"SPRF-MG";"DEL01-MG";"UOP03-DEL01-MG"
414403;2022-02-12;"sábado";"05:10:00";"RS";392;73;"PELOTAS";"Condutor Dormindo";"Colisão lateral sentido oposto";"Com Vítimas Feridas";"Amanhecer";"Crescente";"Nublado";"Simples";"Curva";"Não";2;0;1;0;1;0;1;2;-31,71342679;-52,39537975;"SPRF-RS";"DEL07-RS";"UOP01-DEL07-RS"
414405;2022-02-12;"sábado";"05:40:00";"MA";135;65;"BACABEIRA";"Transitar na contramão";"Colisão frontal";"Com Vítimas Feridas";"Amanhecer";"Crescente";"Nublado";"Simples";"Reta";"Não";9;0;5;0;4;0;5;2;-3,09675002;-44,3220647;"SPRF-MA";"DEL01-MA";"UOP02-DEL01-MA"
414408;2022-02-12;"sábado";"05:15:00";"GO";60;395;"RIO VERDE";"Avarias e/ou desgaste excessivo no pneu";"Queda de ocupante de veículo";"Com Vítimas Feridas";"Amanhecer";"Crescente";"Céu Claro";"Dupla";"Aclive";"Não";2;0;2;0;0;0;2;1;-17,8224;-51,0075;"SPRF-GO";"DEL04-GO";"UOP01-DEL04-GO"
414409;2022-02-12;"sábado";"06:10:00";"SP";101;51;"UBATUBA";"Transitar na contramão";"Colisão frontal";"Com Vítimas Feridas";"Pleno dia";"Crescente";"Céu Claro";"Simples";"Reta";"Sim";3;0;1;2;0;0;3;2;-23,45871906;-45,06866455;"SPRF-SP";"DEL06-SP";"UOP01-DEL06-SP"
414410;2022-02-12;"sábado";"06:10:00";"PA";316;58;"CASTANHAL";"Reação tardia ou ineficiente do condutor";"Saída de leito carroçável";"Com Vítimas Feridas";"Pleno dia";"Decrescente";"Céu Claro";"Dupla";"Reta";"Sim";1;0;0;1;0;0;1;1;-1,2998299;-47,97307488;"SPRF-PA";"DEL01-PA";"UOP01-DEL01-PA"
414411;2022-02-12;"sábado";"02:30:00";"DF";20;11;"BRASILIA";"Velocidade Incompatível";"Atropelamento de Animal";"Com Vítimas Feridas";"Plena Noite";"Decrescente";"Nublado";"Dupla";"Reta";"Sim";3;0;3;0;0;0;3;1;-15,64654;-47,766422;"SPRF-DF";"DEL02-DF";"UOP01-DEL02-DF"
414414;2022-02-12;"sábado";"02:30:00";"MG";116;530,8;"CARATINGA";"Acessar a via sem observar a presença dos outros veículos";"Atropelamento de Pedestre";"Com Vítimas Feridas";"Plena Noite";"Crescente";"Nublado";"Simples";"Reta";"Sim";3;0;0;1;1;1;1;2;-19,81067298;-42,13539446;"SPRF-MG";"DEL06-MG";"UOP02-DEL06-MG"
414418;2022-02-12;"sábado";"06:40:00";"SC";280;77;"JARAGUA DO SUL";"Manobra de mudança de faixa";"Colisão lateral sentido oposto";"Sem Vítimas";"Pleno dia";"Decrescente";"Céu Claro";"Simples";"Reta";"Sim";2;0;0;0;2;0;0;2;-26,45514314;-49,18726132;"SPRF-SC";"DEL03-SC";"UOP03-DEL03-SC"
414419;2022-02-12;"sábado";"07:00:00";"RN";304;293;"MACAIBA";"Acumulo de água sobre o pavimento";"Colisão frontal";"Com Vítimas Feridas";"Pleno dia";"Decrescente";"Chuva";"Simples";"Reta";"Não";5;0;1;0;4;0;1;2;-5,86846237;-35,37602795;"SPRF-RN";"DEL01-RN";"UOP02-DEL01-RN"
414421;2022-02-12;"sábado";"06:30:00";"MS";163;754;"COXIM";"Condutor Dormindo";"Saída de leito carroçável";"Com Vítimas Feridas";"Amanhecer";"Crescente";"Céu Claro";"Simples";"Reta";"Não";2;0;2;0;0;0;2;1;-18,31126001;-54,66611943;"SPRF-MS";"DEL06-MS";"UOP01-DEL06-MS"
414422;2022-02-12;"sábado";"06:45:00";"SC";101;292;"IMBITUBA";"Ausência de reação do condutor";"Tombamento";"Com Vítimas Feridas";"Amanhecer";"Decrescente";"Céu Claro";"Simples";"Interseção de Vias";"Não";1;0;1;0;0;0;1;1;-28,29931464;-48,71746844;"SPRF-SC";"DEL02-SC";"UOP03-DEL02-SC"
414424;2022-02-12;"sábado";"07:10:00";"SP";381;54;"MAIRIPORA";"Reação tardia ou ineficiente do condutor";"Tombamento";"Com Vítimas Feridas";"Pleno dia";"Decrescente";"Céu Claro";"Dupla";"Reta";"Não";2;0;0;1;1;0;1;1;-23,2449074;-46,59562343;"SPRF-SP";"DEL03-SP";"UOP01-DEL03-SP"
414426;2022-02-12;"sábado";"05:00:00";"MG";365;614,2;"UBERLANDIA";"Ausência de reação do condutor";"Colisão traseira";"Com Vítimas Feridas";"Amanhecer";"Crescente";"Chuva";"Simples";"Reta;Declive";"Sim";3;0;2;0;0;1;2;2;-18,912399;-48,219539;"SPRF-MG";"DEL15-MG";"UOP01-DEL15-MG"
414427;2022-02-12;"sábado";"07:15:00";"RS";470;217;"BENTO GONCALVES";"Acessar a via sem observar a presença dos outros veículos";"Atropelamento de Pedestre";"Com Vítimas Feridas";"Pleno dia";"Crescente";"Céu Claro";"Dupla";"Reta";"Sim";2;0;1;0;1;0;1;2;-29,16462512;-51,52551964;"SPRF-RS";"DEL06-RS";"UOP01-DEL06-RS"
414429;2022-02-12;"sábado";"06:15:00";"MG";116;276,3;"TEOFILO OTONI";"Área urbana sem a presença de local apropriado para a travessia de pedestres";"Atropelamento de Pedestre";"Com Vítimas Feridas";"Pleno dia";"Crescente";"Céu Claro";"Dupla";"Reta";"Sim";3;0;0;1;1;1;1;2;-17,85105696;-41,51454492;"SPRF-MG";"DEL11-MG";"UOP01-DEL11-MG"
414431;2022-02-12;"sábado";"07:30:00";"PB";104;114,2;"LAGOA SECA";"Acesso irregular";"Colisão transversal";"Com Vítimas Feridas";"Pleno dia";"Crescente";"Céu Claro";"Simples";"Reta";"Sim";2;0;0;1;0;1;1;2;-7,1620139;-35,85712429;"SPRF-PB";"DEL02-PB";"UOP04-DEL02-PB"
414432;2022-02-12;"sábado";"08:00:00";"SC";101;146,9;"ITAPEMA";"Ausência de reação do condutor";"Colisão lateral mesmo sentido";"Com Vítimas Feridas";"Pleno dia";"Crescente";"Céu Claro";"Simples";"Reta";"Sim";2;0;0;1;1;0;1;2;-27,08666525;-48,60955587;"SPRF-SC";"DEL04-SC";"UOP03-DEL04-SC"
414433;2022-02-12;"sábado";"08:40:00";"SC";282;16,3;"PALHOCA";"Condutor deixou de manter distância do veículo da frente";"Colisão lateral mesmo sentido";"Com Vítimas Feridas";"Pleno dia";"Decrescente";"Céu Claro";"Simples";"Reta";"Sim";2;0;1;0;1;0;1;2;-27,658611;-48,681847;"SPRF-SC";"DEL01-SC";"UOP02-DEL01-SC"
414436;2022-02-12;"sábado";"07:48:00";"GO";153;598;"MORRINHOS";"Obstrução na via";"Colisão lateral mesmo sentido";"Sem Vítimas";"Pleno dia";"Crescente";"Céu Claro";"Dupla";"Reta";"Não";2;0;0;0;2;0;0;2;-17,5354;-49,2128;"SPRF-GO";"DEL03-GO";"UOP01-DEL03-GO"
414437;2022-02-12;"sábado";"08:45:00";"CE";304;51;"ARACATI";"Acessar a via sem observar a presença dos outros veículos";"Colisão transversal";"Sem Vítimas";"Pleno dia";"Decrescente";"Céu Claro";"Dupla";"Curva";"Sim";6;0;0;0;6;0;0;2;-4,56942301;-37,75341799;"SPRF-CE";"DEL03-CE";"UOP03-DEL03-CE"
414438;2022-02-12;"sábado";"09:05:00";"MG";40;43,4;"PARACATU";"Acessar a via sem observar a presença dos outros veículos";"Colisão transversal";"Com Vítimas Feridas";"Pleno dia";"Crescente";"Sol";"Simples";"Reta";"Sim";4;0;0;2;2;0;2;2;-17,22789396;-46,85870647;"SPRF-MG";"DEL14-MG";"UOP01-DEL14-MG"
414439;2022-02-12;"sábado";"09:00:00";"ES";101;145,2;"LINHARES";"Condutor deixou de manter distância do veículo da frente";"Colisão traseira";"Com Vítimas Feridas";"Pleno dia";"Crescente";"Céu Claro";"Simples";"Reta";"Sim";2;0;1;0;1;0;1;2;-19,35188295;-40,0636685;"SPRF-ES";"DEL04-ES";"UOP01-DEL04-ES"
414441;2022-02-12;"sábado";"09:30:00";"ES";101;208,5;"IBIRACU";"Manobra de mudança de faixa";"Colisão lateral mesmo sentido";"Com Vítimas Feridas";"Pleno dia";"Crescente";"Sol";"Dupla";"Reta";"Não";2;0;1;0;1;0;1;2;-19,780796;-40,37160598;"SPRF-ES";"DEL02-ES";"UOP01-DEL02-ES"
414442;2022-02-12;"sábado";"08:30:00";"SP";116;395;"MIRACATU";"Problema com o freio";"Queda de ocupante de veículo";"Com Vítimas Feridas";"Pleno dia";"Crescente";"Céu Claro";"Dupla";"Reta";"Sim";1;0;1;0;0;0;1;1;-24,28894933;-47,46080025;"SPRF-SP";"DEL04-SP";"UOP02-DEL04-SP"
414443;2022-02-12;"sábado";"09:20:00";"MG";381;489,6;"BETIM";"Ingestão de álcool pelo condutor";"Colisão lateral mesmo sentido";"Com Vítimas Feridas";"Pleno dia";"Crescente";"Chuva";"Dupla";"Reta";"Não";4;0;3;0;1;0;3;2;-19,96245618;-44,16455495;"SPRF-MG";"DEL01-MG";"UOP03-DEL01-MG"
414444;2022-02-12;"sábado";"08:20:00";"MG";116;294;"TEOFILO OTONI";"Pista esburacada";"Queda de ocupante de veículo";"Com Vítimas Feridas";"Pleno dia";"Crescente";"Céu Claro";"Simples";"Reta";"Não";1;0;1;0;0;0;1;1;-17,99296568;-41,56809216;"SPRF-MG";"DEL11-MG";"UOP01-DEL11-MG"
414445;2022-02-12;"sábado";"09:00:00";"PR";153;337;"IRATI";"Acessar a via sem observar a presença dos outros veículos";"Colisão transversal";"Com Vítimas Feridas";"Pleno dia";"Crescente";"Céu Claro";"Simples";"Reta";"Sim";3;0;2;0;1;0;2;2;-25,50616511;-50,6512107;"SPRF-PR";"DEL03-PR";"UOP03-DEL03-PR"
414447;2022-02-12;"sábado";"08:20:00";"SC";116;210;"PONTE ALTA";"Velocidade Incompatível";"Tombamento";"Com Vítimas Feridas";"Pleno dia";"Crescente";"Céu Claro";"Simples";"Curva";"Não";1;0;1;0;0;0;1;1;-27,50285695;-50,36575969;"SPRF-SC";"DEL05-SC";"UOP03-DEL05-SC"
414448;2022-02-12;"sábado";"10:00:00";"GO";153;701,8;"ITUMBIARA";"Pista esburacada";"Colisão traseira";"Com Vítimas Feridas";"Pleno dia";"Decrescente";"Nublado";"Dupla";"Declive;Reta";"Não";1;0;0;1;0;0;1;1;-18,4034;-49,202;"SPRF-GO";"DEL03-GO";"UOP02-DEL03-GO"
414449;2022-02-12;"sábado";"10:10:00";"CE";20;426;"FORTALEZA";"Ausência de reação do condutor";"Capotamento";"Com Vítimas Feridas";"Pleno dia";"Decrescente";"Céu Claro";"Dupla";"Reta";"Sim";1;0;1;0;0;0;1;1;-3,76999035;-38,67006282;"SPRF-CE";"DEL01-CE";"UOP02-DEL01-CE"
414451;2022-02-12;"sábado";"10:20:00";"GO";40;12,2;"LUZIANIA";"Acessar a via sem observar a presença dos outros veículos";"Colisão lateral mesmo sentido";"Com Vítimas Feridas";"Pleno dia";"Decrescente";"Céu Claro";"Dupla";"Reta";"Sim";2;0;1;0;0;1;1;2;-16,145123;-47,945382;"SPRF-DF";"DEL01-DF";"UOP01-DEL01-DF"