"id";"data_inversa";"dia_semana";"horario";"uf";"br";"km";"municipio";"causa_acidente";"tipo_acidente";"classificacao_acidente";"fase_dia";"sentido_via";"condicao_metereologica";"tipo_pista";"tracado_via";"uso_solo";"pessoas";"mortos";"feridos_leves";"feridos_graves";"ilesos";"ignorados";"feridos";"veiculos";"latitude";"longitude";"regional";"delegacia";"uop"
414453;2022-02-12;"sábado";"09:50:00";"SE";235;2,7;"NOSSA SENHORA DO SOCORRO";"Reação tardia ou ineficiente do condutor";"Colisão com objeto";"Com Vítimas Feridas";"Pleno dia";"Crescente";"Céu Claro";"Dupla";"Aclive";"Sim";1;0;1;0;0;0;1;1;-10,9062;-37,1034;"SPRF-SE";"DEL01-SE";"UOP01-DEL01-SE"
414454;2022-02-12;"sábado";"09:10:00";"RJ";116;211;"PARACAMBI";"Acessar a via sem observar a presença dos outros veículos";"Atropelamento de Pedestre";"Com Vítimas Feridas";"Pleno dia";"Crescente";"Nublado";"Dupla";"Curva";"Sim";3;0;0;1;2;0;1;2;-22,7;-43,753;"SPRF-RJ";"DEL01-RJ";"UOP03-DEL01-RJ"
414455;2022-02-12;"sábado";"08:50:00";"RS";116;189;"NOVA PETROPOLIS";"Reação tardia ou ineficiente do condutor";"Tombamento";"Com Vítimas Feridas";"Pleno dia";"Decrescente";"Céu Claro";"Simples";"Curva";"Não";1;0;1;0;0;0;1;1;-29,41439425;-51,12826171;"SPRF-RS";"DEL05-RS";"UOP02-DEL05-RS"
414457;2022-02-12;"sábado";"11:15:00";"SC";470;129,5;"LONTRAS";"Retorno proibido";"Colisão transversal";"Com Vítimas Fatais";"Pleno dia";"Decrescente";"Sol";"Simples";"Reta";"Não";5;1;0;4;0;0;4;2;-27,148499;-49,556137;"SPRF-SC";"DEL04-SC";"UOP02-DEL04-SC"
414458;2022-02-12;"sábado";"11:00:00";"SP";153;60,4;"SAO JOSE DO RIO PRETO";"Condutor deixou de manter distância do veículo da frente";"Colisão traseira";"Sem Vítimas";"Pleno dia";"Crescente";"Céu Claro";"Dupla";"Declive";"Sim";2;0;0;0;2;0;0;2;-20,79627979;-49,35480206;"SPRF-SP";"DEL09-SP";"UOP01-DEL09-SP"
414459;2022-02-12;"sábado";"10:25:00";"MS";163;280,5;"DOURADOS";"Ausência de reação do condutor";"Colisão traseira";"Com Vítimas Feridas";"Pleno dia";"Decrescente";"Sol";"Dupla";"Reta";"Sim";2;0;1;0;1;0;1;2;-22,13794223;-54,61956683;"SPRF-MS";"DEL04-MS";"UOP01-DEL04-MS"
414460;2022-02-12;"sábado";"10:55:00";"SC";101;207;"SAO JOSE";"Condutor deixou de manter distância do veículo da frente";"Engavetamento";"Com Vítimas Feridas";"Pleno dia";"Crescente";"Céu Claro";"Múltipla";"Reta";"Sim";4;0;0;1;3;0;1;4;-27,60001226;-48,6226467;"SPRF-SC";"DEL01-SC";"UOP01-DEL01-SC"
414461;2022-02-12;"sábado";"11:35:00";"PB";101;89;"JOAO PESSOA";"Ausência de reação do condutor";"Colisão lateral mesmo sentido";"Sem Vítimas";"Pleno dia";"Decrescente";"Sol";"Dupla";"Reta";"Sim";1;0;0;0;1;0;0;1;-7,17027433;-34,89729336;"SPRF-PB";"DEL01-PB";"UOP02-DEL01-PB"
414464;2022-02-12;"sábado";"11:00:00";"SC";101;135;"BALNEARIO CAMBORIU";"Reação tardia ou ineficiente do condutor";"Colisão traseira";"Com Vítimas Feridas";"Pleno dia";"Crescente";"Céu Claro";"Dupla";"Reta";"Não";3;0;2;0;1;0;2;2;-27,0050108;-48,62677494;"SPRF-SC";"DEL04-SC";"UOP03-DEL04-SC"
414465;2022-02-12;"sábado";"11:45:00";"SP";153;60,4;"SAO JOSE DO RIO PRETO";"Condutor deixou de manter distância do veículo da frente";"Colisão traseira";"Com Vítimas Feridas";"Pleno dia";"Crescente";"Sol";"Dupla";"Desvio Temporário;Declive;Em Obras;Reta";"Sim";3;0;2;0;1;0;2;3;-20,79627979;-49,35480206;"SPRF-SP";"DEL09-SP";"UOP01-DEL09-SP"
414468;2022-02-12;"sábado";"11:25:00";"SC";101;249,7;"PAULO LOPES";"Ausência de reação do condutor";"Colisão com objeto";"Com Vítimas Feridas";"Pleno dia";"Crescente";"Céu Claro";"Dupla";"Reta";"Não";1;0;1;0;0;0;1;1;-27,93414102;-48,66237393;"SPRF-SC";"DEL02-SC";"UOP03-DEL02-SC"
414470;2022-02-12;"sábado";"12:00:00";"ES";101;300;"VIANA";"Demais falhas mecânicas ou elétricas";"Queda de ocupante de veículo";"Com Vítimas Feridas";"Pleno dia";"Crescente";"Nublado";"Múltipla";"Reta";"Sim";2;0;2;0;0;0;2;2;-20,358635;-40,432167;"SPRF-ES";"DEL01-ES";"UOP01-DEL01-ES"
414471;2022-02-12;"sábado";"11:00:00";"PR";369;487,2;"CORBELIA";"Transitar na contramão";"Colisão frontal";"Com Vítimas Feridas";"Pleno dia";"Crescente";"Sol";"Simples";"Curva";"Não";4;0;1;0;3;0;1;2;-24,6901;-53,2359;"SPRF-PR";"DEL04-PR";"UOP03-DEL04-PR"
414472;2022-02-12;"sábado";"11:11:00";"RJ";116;310;"RESENDE";"Reação tardia ou ineficiente do condutor";"Colisão traseira";"Com Vítimas Feridas";"Pleno dia";"Decrescente";"Céu Claro";"Dupla";"Reta";"Não";2;0;1;0;1;0;1;2;-22,46592657;-44,49166775;"SPRF-RJ";"DEL07-RJ";"UOP02-DEL07-RJ"
414474;2022-02-12;"sábado";"11:00:00";"MT";364;258;"JUSCIMEIRA";"Acessar a via sem observar a presença dos outros veículos";"Colisão traseira";"Com Vítimas Feridas";"Pleno dia";"Crescente";"Sol";"Dupla";"Reta;Retorno Regulamentado";"Não";4;0;1;0;3;0;1;2;-16,05753362;-54,87308946;"SPRF-MT";"DEL02-MT";"UOP01-DEL02-MT"
414475;2022-02-12;"sábado";"10:35:00";"MT";163;113;"RONDONOPOLIS";"Acesso irregular";"Queda de ocupante de veículo";"Com Vítimas Feridas";"Pleno dia";"Decrescente";"Sol";"Dupla";"Reta";"Não";1;0;1;0;0;0;1;1;-16,55390587;-54,67507124;"SPRF-MT";"DEL02-MT";"UOP01-DEL02-MT"
414477;2022-02-12;"sábado";"12:10:00";"ES";262;57;"MARECHAL FLORIANO";"Chuva";"Colisão frontal";"Com Vítimas Feridas";"Pleno dia";"Crescente";"Chuva";"Simples";"Curva";"Não";5;0;2;3;0;0;5;2;-20,4167455;-40,76201981;"SPRF-ES";"DEL01-ES";"UOP01-DEL01-ES"
414479;2022-02-12;"sábado";"12:40:00";"SC";470;114;"IBIRAMA";"Conversão proibida";"Colisão traseira";"Com Vítimas Feridas";"Pleno dia";"Decrescente";"Céu Claro";"Simples";"Reta";"Não";6;0;1;0;5;0;1;2;-27,086386;-49,478001;"SPRF-SC";"DEL04-SC";"UOP02-DEL04-SC"
414482;2022-02-12;"sábado";"12:13:00";"SP";116;276,8;"EMBU DAS ARTES";"Condutor deixou de manter distância do veículo da frente";"Colisão traseira";"Com Vítimas Feridas";"Pleno dia";"Decrescente";"Sol";"Dupla";"Reta";"Não";2;0;1;0;1;0;1;2;-23,64262417;-46,83811382;"SPRF-SP";"DEL04-SP";"UOP01-DEL04-SP"
414483;2022-02-12;"sábado";"12:16:00";"MS";0;0;"NAVIRAI";"Ausência de reação do condutor";"Colisão traseira";"Sem Vítimas";"Pleno dia";"Não Informado";"Céu Claro";"Dupla";"Interseção de Vias";"Sim";3;0;0;0;3;0;0;2;-23,05861796;-54,21627402;"SPRF-MS";"DEL09-MS";"UOP01-DEL09-MS"
414484;2022-02-12;"sábado";"13:15:00";"MG";459;81,2;"CONGONHAL";"Velocidade Incompatível";"Colisão transversal";"Com Vítimas Feridas";"Pleno dia";"Decrescente";"Céu Claro";"Simples";"Reta";"Não";3;0;2;1;0;0;3;2;-22,15449839;-46,07193947;"SPRF-MG";"DEL09-MG";"UOP01-DEL09-MG"
414485;2022-02-12;"sábado";"11:45:00";"ES";101;259,4;"SERRA";"Condutor deixou de manter distância do veículo da frente";"Colisão traseira";"Com Vítimas Feridas";"Pleno dia";"Crescente";"Nublado";"Dupla";"Aclive";"Não";3;0;1;0;2;0;1;2;-20,138397;-40,292213;"SPRF-ES";"DEL02-ES";"UOP01-DEL02-ES"
414486;2022-02-12;"sábado";"13:00:00";"MG";40;493;"ESMERALDAS";"Chuva";"Saída de leito carroçável";"Com Vítimas Feridas";"Pleno dia";"Decrescente";"Chuva";"Dupla";"Curva";"Não";1;0;1;0;0;0;1;1;-19,64620694;-44,20301977;"SPRF-MG";"DEL02-MG";"UOP01-DEL02-MG"
414487;2022-02-12;"sábado";"11:22:00";"MT";163;835;"SINOP";"Manobra de mudança de faixa";"Colisão transversal";"Com Vítimas Feridas";"Pleno dia";"Decrescente";"Chuva";"Simples";"Aclive";"Sim";3;0;3;0;0;0;3;2;-11,85911916;-55,49477577;"SPRF-MT";"DEL06-MT";"UOP01-DEL06-MT"
414488;2022-02-12;"sábado";"12:10:00";"RO";364;196,7;"PIMENTA BUENO";"Conversão proibida";"Colisão transversal";"Com Vítimas Feridas";"Pleno dia";"Crescente";"Céu Claro";"Simples";"Interseção de Vias";"Sim";2;0;1;0;1;0;1;2;-11,68671732;-61,18347731;"SPRF-RO";"DEL02-RO";"UOP02-DEL02-RO"
414491;2022-02-12;"sábado";"10:30:00";"RJ";101;301;"SAO GONCALO";"Reação tardia ou ineficiente do condutor";"Colisão traseira";"Com Vítimas Feridas";"Pleno dia";"Crescente";"Céu Claro";"Múltipla";"Reta";"Sim";3;0;1;0;2;0;1;3;-22,77857497;-42,95745101;"SPRF-RJ";"DEL02-RJ";"UOP02-DEL02-RJ"
414493;2022-02-12;"sábado";"14:20:00";"MG";40;785,4;"JUIZ DE FORA";"Avarias e/ou desgaste excessivo no pneu";"Colisão com objeto";"Com Vítimas Feridas";"Pleno dia";"Decrescente";"Chuva";"Dupla";"Curva";"Sim";7;0;3;0;4;0;3;3;-21,71976086;-43,44303569;"SPRF-MG";"DEL05-MG";"UOP01-DEL05-MG"
414496;2022-02-12;"sábado";"13:55:00";"MG";50;125;"UBERABA";"Ausência de reação do condutor";"Saída de leito carroçável";"Sem Vítimas";"Pleno dia";"Decrescente";"Chuva";"Dupla";"Curva";"Não";1;0;0;0;1;0;0;1;-19,36114104;-48,07982152;"SPRF-MG";"DEL13-MG";"UOP01-DEL13-MG"
414502;2022-02-12;"sábado";"14:55:00";"SP";381;65;"MAIRIPORA";"Pedestre cruzava a pista fora da faixa";"Atropelamento de Pedestre";"Com Vítimas Feridas";"Pleno dia";"Decrescente";"Céu Claro";"Simples";"Rotatória";"Sim";2;0;0;1;0;1;1;2;-23,316547;-46,58251;"SPRF-SP";"DEL03-SP";"UOP01-DEL03-SP"
414503;2022-02-12;"sábado";"15:05:00";"RS";116;247;"SAO LEOPOLDO";"Manobra de mudança de faixa";"Colisão lateral mesmo sentido";"Com Vítimas Feridas";"Pleno dia";"Decrescente";"Céu Claro";"Dupla";"Reta";"Sim";2;0;1;0;1;0;1;2;-29,76733091;-51,1535296;"SPRF-RS";"DEL01-RS";"UOP02-DEL01-RS"
414505;2022-01-19;"quarta-feira";"20:50:00";"PR";376;217;"JANDAIA DO SUL";"Acessar a via sem observar a presença dos outros veículos";"Colisão traseira";"Com Vítimas Feridas";"Plena Noite";"Crescente";"Céu Claro";"Simples";"Aclive;Reta";"Sim";2;0;0;1;1;0;1;2;-23,59515785;-51,64093494;"SPRF-PR";"DEL09-PR";"UOP01-DEL09-PR"
414506;2022-02-12;"sábado";"15:15:00";"BA";324;1;"FEIRA DE SANTANA";"Ingestão de álcool pelo condutor";"Colisão traseira";"Sem Vítimas";"Pleno dia";"Crescente";"Nublado";"Dupla";"Reta";"Sim";2;0;0;0;2;0;0;2;-12,27946228;-38,94165061;"SPRF-BA";"DEL02-BA";"UOP01-DEL02-BA"
414507;2022-02-12;"sábado";"14:40:00";"PI";343;12,9;"PARNAIBA";"Manobra de mudança de faixa";"Colisão lateral mesmo sentido";"Com Vítimas Feridas";"Pleno dia";"Decrescente";"Céu Claro";"Dupla";"Reta";"Sim";3;0;1;0;1;1;1;3;-2,910035;-41,753662;"SPRF-PI";"DEL05-PI";"UOP01-DEL05-PI"
414508;2022-02-12;"sábado";"15:35:00";"RS";386;330;"MARQUES DE SOUZA";"Condutor deixou de manter distância do veículo da frente";"Colisão traseira";"Sem Vítimas";"Pleno dia";"Crescente";"Nublado";"Simples";"Reta";"Não";3;0;0;0;3;0;0;2;-29,346764;-52,071896;"SPRF-RS";"DEL04-RS";"UOP01-DEL04-RS"
414509;2022-02-12;"sábado";"14:20:00";"MG";381;531,4;"ITATIAIUCU";"Chuva";"Saída de leito carroçável";"Com Vítimas Feridas";"Pleno dia";"Crescente";"Chuva";"Dupla";"Curva;Declive";"Não";1;0;1;0;0;0;1;1;-20,16311277;-44,35878985;"SPRF-MG";"DEL04-MG";"UOP03-DEL04-MG"
414510;2022-02-12;"sábado";"14:30:00";"BA";324;612;"SALVADOR";"Obstrução na via";"Colisão com objeto";"Com Vítimas Feridas";"Pleno dia";"Crescente";"Céu Claro";"Dupla";"Reta";"Sim";1;0;1;0;0;0;1;1;-12,84664721;-38,41741648;"SPRF-BA";"DEL01-BA";"UOP01-DEL01-BA"
414511;2022-02-12;"sábado";"15:00:00";"SC";101;123,5;"ITAJAI";"Condutor deixou de manter distância do veículo da frente";"Colisão traseira";"Com Vítimas Feridas";"Pleno dia";"Crescente";"Céu Claro";"Dupla";"Reta";"Sim";3;0;1;0;2;0;1;3;-26,93668609;-48,69876905;"SPRF-SC";"DEL04-SC";"UOP04-DEL04-SC"
414513;2022-02-12;"sábado";"15:25:00";"MG";381;481;"BETIM";"Condutor deixou de manter distância do veículo da frente";"Colisão traseira";"Com Vítimas Feridas";"Pleno dia";"Crescente";"Nublado";"Dupla";"Reta";"Sim";4;0;2;0;2;0;2;2;-19,95931561;-44,08825597;"SPRF-MG";"DEL01-MG";"UOP03-DEL01-MG"
414514;2022-02-12;"sábado";"15:13:00";"CE";116;16;"FORTALEZA";"Manobra de mudança de faixa";"Colisão lateral mesmo sentido";"Com Vítimas Feridas";"Pleno dia";"Decrescente";"Céu Claro";"Dupla";"Declive";"Sim";4;0;2;0;2;0;2;3;-3,88732794;-38,50185439;"SPRF-CE";"DEL01-CE";"UOP02-DEL01-CE"
414515;2022-02-12;"sábado";"15:40:00";"RS";153;624;"BAGE";"Acessar a via sem observar a presença dos outros veículos";"Colisão transversal";"Com Vítimas Feridas";"Pleno dia";"Crescente";"Céu Claro";"Simples";"Reta";"Não";5;0;5;0;0;0;5;2;-31,33531747;-53,99004267;"SPRF-RS";"DEL11-RS";"UOP03-DEL11-RS"
414516;2022-02-12;"sábado";"15:50:00";"SC";101;374,3;"ICARA";"Reação tardia ou ineficiente do condutor";"Saída de leito carroçável";"Com Vítimas Feridas";"Pleno dia";"Decrescente";"Céu Claro";"Dupla";"Reta";"Não";4;0;4;0;0;0;4;1;-28,71534412;-49,22723198;"SPRF-SC";"DEL02-SC";"UOP01-DEL02-SC"
414517;2022-02-12;"sábado";"14:40:00";"RJ";40;91;"PETROPOLIS";"Velocidade Incompatível";"Saída de leito carroçável";"Com Vítimas Feridas";"Pleno dia";"Crescente";"Céu Claro";"Simples";"Reta";"Não";2;0;1;0;1;0;1;1;-22,54903566;-43,24229724;"SPRF-RJ";"DEL06-RJ";"UOP01-DEL06-RJ"
414521;2022-02-12;"sábado";"16:20:00";"SP";116;230,5;"SAO PAULO";"Manobra de mudança de faixa";"Colisão lateral mesmo sentido";"Com Vítimas Feridas";"Pleno dia";"Decrescente";"Nublado";"Múltipla";"Reta";"Sim";2;0;2;0;0;0;2;1;-23,52659217;-46,58833981;"SPRF-SP";"DEL01-SP";"UOP01-DEL01-SP"
414522;2022-02-12;"sábado";"05:00:00";"RS";116;153;"CAXIAS DO SUL";"Ausência de reação do condutor";"Saída de leito carroçável";"Sem Vítimas";"Amanhecer";"Decrescente";"Céu Claro";"Simples";"Curva";"Sim";2;0;0;0;0;2;0;2;-29,18579758;-51,17713005;"SPRF-RS";"DEL05-RS";"UOP01-DEL05-RS"
414523;2022-02-12;"sábado";"12:00:00";"MT";70;552;"NOSSA SENHORA DO LIVRAMENTO";"Acumulo de água sobre o pavimento";"Saída de leito carroçável";"Com Vítimas Feridas";"Pleno dia";"Decrescente";"Nublado";"Simples";"Reta";"Não";4;0;4;0;0;0;4;1;-15,67703033;-56,32792808;"SPRF-MT";"DEL03-MT";"UOP02-DEL03-MT"
414524;2022-02-12;"sábado";"14:15:00";"SC";282;618,6;"IRACEMINHA";"Avarias e/ou desgaste excessivo no pneu";"Saída de leito carroçável";"Com Vítimas Feridas";"Pleno dia";"Crescente";"Ignorado";"Simples";"Declive;Curva";"Não";1;0;1;0;0;0;1;1;-26,79407987;-53,29798222;"SPRF-SC";"DEL07-SC";"UOP02-DEL07-SC"
414525;2022-02-12;"sábado";"17:30:00";"SP";153;52,8;"SAO JOSE DO RIO PRETO";"Reação tardia ou ineficiente do condutor";"Tombamento";"Com Vítimas Feridas";"Pleno dia";"Crescente";"Céu Claro";"Dupla";"Reta";"Não";1;0;1;0;0;0;1;1;-20,72702499;-49,33838971;"SPRF-SP";"DEL09-SP";"UOP01-DEL09-SP"
414526;2022-02-12;"sábado";"14:10:00";"SC";470;33,8;"GASPAR";"Pedestre cruzava a pista fora da faixa";"Atropelamento de Pedestre";"Com Vítimas Feridas";"Pleno dia";"Crescente";"Nublado";"Dupla";"Reta";"Não";2;0;1;0;0;1;1;2;-26,91041783;-48,9494133;"SPRF-SC";"DEL04-SC";"UOP01-DEL04-SC"
414530;2022-02-12;"sábado";"16:55:00";"MS";376;13;"DOURADOS";"Acessar a via sem observar a presença dos outros veículos";"Colisão transversal";"Com Vítimas Feridas";"Pleno dia";"Decrescente";"Sol";"Simples";"Reta";"Não";2;0;1;0;1;0;1;2;-22,28313614;-54,61405715;"SPRF-MS";"DEL04-MS";"UOP04-DEL04-MS"
414531;2022-02-12;"sábado";"16:30:00";"SC";101;62;"ARAQUARI";"Velocidade Incompatível";"Colisão com objeto";"Sem Vítimas";"Pleno dia";"Decrescente";"Céu Claro";"Múltipla";"Declive;Curva";"Não";1;0;0;0;1;0;0;1;-26,45504246;-48,76711901;"SPRF-SC";"DEL03-SC";"UOP02-DEL03-SC"
414532;2022-02-12;"sábado";"17:00:00";"MG";381;936,2;"EXTREMA";"Ingestão de álcool pelo condutor";"Capotamento";"Sem Vítimas";"Pleno dia";"Crescente";"Céu Claro";"Dupla";"Declive;Curva";"Não";1;0;0;0;1;0;0;1;-22,82914914;-46,31469547;"SPRF-MG";"DEL16-MG";"UOP03-DEL16-MG"
414533;2022-02-12;"sábado";"17:10:00";"CE";20;82;"TAUA";"Acessar a via sem observar a presença dos outros veículos";"Colisão traseira";"Com Vítimas Feridas";"Pleno dia";"Crescente";"Céu Claro";"Simples";"Reta";"Sim";2;0;1;0;1;0;1;2;-6,0138696521;-40,293260374;"SPRF-CE";"DEL02-CE";"UOP02-DEL02-CE"
414535;2022-01-08;"sábado";"05:30:00";"RJ";101;295;"ITABORAI";"Condutor deixou de manter distância do veículo da frente";"Colisão traseira";"Com Vítimas Fatais";"Amanhecer";"Crescente";"Chuva";"Múltipla";"Reta";"Sim";3;1;0;1;1;0;1;2;-22,763618;-42,902648;"SPRF-RJ";"DEL02-RJ";"UOP02-DEL02-RJ"
414536;2022-02-12;"sábado";"16:50:00";"MG";50;179,3;"UBERABA";"Transitar na contramão";"Colisão frontal";"Com Vítimas Feridas";"Pleno dia";"Crescente";"Garoa/Chuvisco";"Dupla";"Reta";"Sim";2;0;1;1;0;0;2;2;-19,77827047;-47,93140998;"SPRF-MG";"DEL13-MG";"UOP01-DEL13-MG"
414537;2022-02-12;"sábado";"16:40:00";"SP";116;283;"EMBU DAS ARTES";"Reação tardia ou ineficiente do condutor";"Colisão com objeto";"Com Vítimas Feridas";"Pleno dia";"Decrescente";"Céu Claro";"Dupla";"Reta";"Sim";2;0;1;0;0;1;1;2;-23,69297005;-46,86352786;"SPRF-SP";"DEL04-SP";"UOP01-DEL04-SP"
414538;2022-02-12;"sábado";"17:40:00";"RN";101;78;"SAO GONCALO DO AMARANTE";"Acessar a via sem observar a presença dos outros veículos";"Colisão transversal";"Com Vítimas Feridas";"Anoitecer";"Decrescente";"Nublado";"Dupla";"Retorno Regulamentado";"Sim";4;0;1;0;2;1;1;3;-5,74071896;-35,29021064;"SPRF-RN";"DEL02-RN";"UOP01-DEL02-RN"
414539;2022-02-12;"sábado";"16:30:00";"RO";319;62;"PORTO VELHO";"Condutor desrespeitou a iluminação vermelha do semáforo";"Colisão transversal";"Com Vítimas Feridas";"Pleno dia";"Crescente";"Nublado";"Múltipla";"Interseção de Vias;Reta";"Sim";3;0;0;1;1;1;1;3;-8,75666826;-63,88659815;"SPRF-RO";"DEL01-RO";"UOP01-DEL01-RO"
414540;2022-02-12;"sábado";"14:20:00";"GO";70;291;"ITAPIRAPUA";"Condutor Dormindo";"Saída de leito carroçável";"Com Vítimas Feridas";"Pleno dia";"Crescente";"Sol";"Simples";"Reta";"Não";2;0;0;1;1;0;1;1;-15,89534882;-50,44062194;"SPRF-GO";"DEL04-GO";"UOP01-DEL04-GO"
414541;2022-02-12;"sábado";"11:40:00";"AC";364;124;"RIO BRANCO";"Acessar a via sem observar a presença dos outros veículos";"Colisão transversal";"Com Vítimas Feridas";"Pleno dia";"Decrescente";"Céu Claro";"Dupla";"Rotatória";"Sim";2;0;1;0;1;0;1;2;-10,01152469;-67,79140099;"SPRF-AC";"DEL01-AC";"UOP01-DEL01-AC"
414542;2022-02-12;"sábado";"18:25:00";"PE";232;408;"SERRA TALHADA";"Iluminação deficiente";"Colisão transversal";"Com Vítimas Feridas";"Plena Noite";"Crescente";"Nublado";"Simples";"Retorno Regulamentado";"Sim";2;0;0;1;1;0;1;2;-7,98371447;-38,28047709;"SPRF-PE";"DEL04-PE";"UOP01-DEL04-PE"
414544;2022-02-12;"sábado";"18:30:00";"SP";116;209,5;"GUARULHOS";"Ingestão de álcool pelo condutor";"Colisão lateral mesmo sentido";"Sem Vítimas";"Anoitecer";"Decrescente";"Céu Claro";"Múltipla";"Reta";"Sim";2;0;0;0;2;0;0;2;-23,42511799;-46,40221101;"SPRF-SP";"DEL01-SP";"UOP01-DEL01-SP"
414545;2022-02-12;"sábado";"19:15:00";"SP";101;43,9;"UBATUBA";"Iluminação deficiente";"Atropelamento de Pedestre";"Com Vítimas Feridas";"Plena Noite";"Crescente";"Chuva";"Simples";"Reta";"Sim";2;0;1;1;0;0;2;2;-23,412175366;-45,0573914837;"SPRF-SP";"DEL06-SP";"UOP01-DEL06-SP"
414548;2022-02-12;"sábado";"17:30:00";"RJ";101;575;"PARATY";"Ingestão de álcool pelo condutor";"Colisão lateral sentido oposto";"Com Vítimas Feridas";"Pleno dia";"Crescente";"Nublado";"Simples";"Rotatória";"Sim";2;0;1;0;1;0;1;2;-23,21978585;-44,73466957;"SPRF-RJ";"DEL01-RJ";"UOP03-DEL01-RJ"
414550;2022-02-12;"sábado";"17:10:00";"RS";101;84,5;"OSORIO";"Manobra de mudança de faixa";"Saída de leito carroçável";"Sem Vítimas";"Anoitecer";"Decrescente";"Céu Claro";"Dupla";"Rotatória";"Sim";1;0;0;0;1;0;0;1;-29,860072;-50,24883801;"SPRF-RS";"DEL03-RS";"UOP01-DEL03-RS"
414551;2022-02-12;"sábado";"18:30:00";"ES";101;140;"LINHARES";"Ingestão de álcool pelo condutor";"Colisão traseira";"Com Vítimas Feridas";"Plena Noite";"Decrescente";"Garoa/Chuvisco";"Múltipla";"Reta";"Sim";2;0;1;0;1;0;1;2;-19,31817306;-40,07552313;"SPRF-ES";"DEL04-ES";"UOP01-DEL04-ES"
414552;2022-02-12;"sábado";"13:30:00";"SC";282;424,9;"VARGEM BONITA";"Transitar na contramão";"Colisão lateral sentido oposto";"Com Vítimas Feridas";"Pleno dia";"Decrescente";"Céu Claro";"Simples";"Desvio Temporário;Curva;Declive";"Não";2;0;0;1;1;0;1;2;-26,988014;-51,753124;"SPRF-SC";"DEL07-SC";"UOP05-DEL07-SC"
414553;2022-02-12;"sábado";"19:00:00";"BA";101;504;"ITABUNA";"Manobra de mudança de faixa";"Colisão transversal";"Com Vítimas Feridas";"Plena Noite";"Crescente";"Céu Claro";"Simples";"Reta";"Sim";4;0;1;0;3;0;1;2;-14,78711321;-39,29048896;"SPRF-BA";"DEL05-BA";"UOP01-DEL05-BA"
414555;2022-02-12;"sábado";"17:50:00";"RJ";116;185;"NOVA IGUACU";"Mal súbito do condutor";"Saída de leito carroçável";"Com Vítimas Feridas";"Pleno dia";"Decrescente";"Nublado";"Dupla";"Reta";"Não";1;0;1;0;0;0;1;1;-22,74151051;-43,45351823;"SPRF-RJ";"DEL01-RJ";"UOP02-DEL01-RJ"
414557;2022-02-12;"sábado";"17:50:00";"MG";50;26;"ARAGUARI";"Acumulo de água sobre o pavimento";"Saída de leito carroçável";"Sem Vítimas";"Pleno dia";"Crescente";"Chuva";"Dupla";"Reta";"Não";1;0;0;0;1;0;0;1;-18,61687235;-48,08496977;"SPRF-MG";"DEL15-MG";"UOP02-DEL15-MG"
414559;2022-02-12;"sábado";"19:10:00";"CE";20;296,3;"CANINDE";"Manobra de mudança de faixa";"Colisão transversal";"Com Vítimas Feridas";"Plena Noite";"Decrescente";"Céu Claro";"Simples";"Reta";"Sim";4;0;3;1;0;0;4;2;-4,44744398;-39,33936102;"SPRF-CE";"DEL02-CE";"UOP01-DEL02-CE"
414561;2022-02-12;"sábado";"20:00:00";"PE";101;20;"GOIANA";"Acumulo de areia ou detritos sobre o pavimento";"Tombamento";"Com Vítimas Feridas";"Plena Noite";"Crescente";"Céu Claro";"Dupla";"Retorno Regulamentado";"Não";3;0;1;0;2;0;1;2;-7,66042701;-34,93780401;"SPRF-PE";"DEL01-PE";"UOP02-DEL01-PE"
414562;2022-02-12;"sábado";"19:40:00";"SC";101;137;"BALNEARIO CAMBORIU";"Mal súbito do condutor";"Tombamento";"Com Vítimas Feridas";"Plena Noite";"Crescente";"Céu Claro";"Dupla";"Reta";"Sim";1;0;1;0;0;0;1;1;-27,0157238;-48,61192763;"SPRF-SC";"DEL04-SC";"UOP03-DEL04-SC"
414563;2022-02-12;"sábado";"18:40:00";"SP";116;166;"JACAREI";"Ingestão de álcool pelo condutor";"Colisão com objeto";"Sem Vítimas";"Anoitecer";"Crescente";"Nublado";"Dupla";"Reta";"Não";2;0;0;0;2;0;0;1;-23,30055667;-46,01686506;"SPRF-SP";"DEL02-SP";"UOP01-DEL02-SP"
414566;2022-02-12;"sábado";"20:05:00";"PR";116;209;"RIO NEGRO";"Desrespeitar a preferência no cruzamento";"Colisão transversal";"Sem Vítimas";"Anoitecer";"Crescente";"Céu Claro";"Simples";"Interseção de Vias";"Sim";1;0;0;0;1;0;0;1;-26,07620916;-49,75230908;"SPRF-SC";"DEL06-SC";"UOP01-DEL06-SC"
414567;2022-02-12;"sábado";"20:45:00";"SP";116;211;"GUARULHOS";"Demais falhas mecânicas ou elétricas";"Colisão com objeto";"Sem Vítimas";"Plena Noite";"Decrescente";"Céu Claro";"Dupla";"Reta";"Sim";1;0;0;0;1;0;0;1;-23,4324306;-46,4194352;"SPRF-SP";"DEL01-SP";"UOP01-DEL01-SP"
414568;2022-02-12;"sábado";"21:00:00";"SP";116;214;"GUARULHOS";"Ausência de reação do condutor";"Colisão com objeto";"Com Vítimas Feridas";"Plena Noite";"Crescente";"Céu Claro";"Múltipla";"Reta";"Sim";1;0;0;1;0;0;1;1;-23,44333014;-46,44531294;"SPRF-SP";"DEL01-SP";"UOP01-DEL01-SP"
414569;2022-02-12;"sábado";"13:15:00";"SC";101;131,2;"CAMBORIU";"Condutor deixou de manter distância do veículo da frente";"Colisão traseira";"Com Vítimas Feridas";"Pleno dia";"Crescente";"Sol";"Dupla";"Reta";"Sim";2;0;0;1;1;0;1;2;-26,99064209;-48,66310912;"SPRF-SC";"DEL04-SC";"UOP03-DEL04-SC"