"id";"data_inversa";"dia_semana";"horario";"uf";"br";"km";"municipio";"causa_acidente";"tipo_acidente";"classificacao_acidente";"fase_dia";"sentido_via";"condicao_metereologica";"tipo_pista";"tracado_via";"uso_solo";"pessoas";"mortos";"feridos_leves";"feridos_graves";"ilesos";"ignorados";"feridos";"veiculos";"latitude";"longitude";"regional";"delegacia";"uop"
414570;2022-02-12;"sábado";"19:00:00";"RS";285;237;"CIRIACO";"Transitar na contramão";"Colisão frontal";"Com Vítimas Fatais";"Pleno dia";"Crescente";"Céu Claro";"Simples";"Declive";"Não";5;1;1;0;2;1;1;2;-28,25250751;-51,85878664;"SPRF-RS";"DEL08-RS";"UOP03-DEL08-RS"
414574;2022-02-12;"sábado";"21:05:00";"PE";428;188;"PETROLINA";"Condutor deixou de manter distância do veículo da frente";"Colisão traseira";"Com Vítimas Feridas";"Plena Noite";"Crescente";"Nublado";"Simples";"Rotatória";"Sim";2;0;1;0;1;0;1;2;-9,37506;-40,48874;"SPRF-PE";"DEL06-PE";"UOP01-DEL06-PE"
414576;2022-02-12;"sábado";"20:30:00";"PB";230;63,8;"SAO MIGUEL DE TAIPU";"Reação tardia ou ineficiente do condutor";"Colisão com objeto";"Sem Vítimas";"Pleno dia";"Decrescente";"Céu Claro";"Dupla";"Reta";"Não";1;0;0;0;0;1;0;1;-7,1989;-35,1649;"SPRF-PB";"DEL01-PB";"UOP03-DEL01-PB"
414577;2022-02-12;"sábado";"20:20:00";"MG";381;509,7;"SAO JOAQUIM DE BICAS";"Animais na Pista";"Atropelamento de Animal";"Sem Vítimas";"Plena Noite";"Crescente";"Nublado";"Dupla";"Reta";"Não";2;0;0;0;1;1;0;2;-20,05253;-44,281849;"SPRF-MG";"DEL01-MG";"UOP03-DEL01-MG"
414578;2022-02-12;"sábado";"14:30:00";"PR";476;2;"ADRIANOPOLIS";"Conversão proibida";"Colisão lateral mesmo sentido";"Sem Vítimas";"Pleno dia";"Crescente";"Céu Claro";"Simples";"Reta";"Sim";2;0;0;0;2;0;0;2;-24,664125;-48,990765;"SPRF-PR";"DEL01-PR";"UOP02-DEL01-PR"
414580;2022-02-12;"sábado";"20:30:00";"SP";116;122,8;"CACAPAVA";"Demais falhas mecânicas ou elétricas";"Colisão traseira";"Com Vítimas Feridas";"Plena Noite";"Decrescente";"Céu Claro";"Dupla";"Reta";"Não";3;0;1;0;2;0;1;2;-23,08192414;-45,66154591;"SPRF-SP";"DEL02-SP";"UOP02-DEL02-SP"
414583;2022-02-12;"sábado";"19:50:00";"RJ";493;5;"ITABORAI";"Ausência de reação do condutor";"Colisão lateral mesmo sentido";"Com Vítimas Feridas";"Plena Noite";"Crescente";"Chuva";"Simples";"Reta";"Sim";2;0;1;0;1;0;1;2;-22,7399860573;-42,9537482324;"SPRF-RJ";"DEL02-RJ";"UOP02-DEL02-RJ"
414584;2022-02-12;"sábado";"20:35:00";"SC";116;1,2;"MAFRA";"Ausência de reação do condutor";"Colisão traseira";"Sem Vítimas";"Anoitecer";"Decrescente";"Céu Claro";"Simples";"Rotatória";"Sim";2;0;0;0;2;0;0;1;-26,1170929;-49,78694917;"SPRF-SC";"DEL06-SC";"UOP01-DEL06-SC"
414585;2022-02-12;"sábado";"21:10:00";"PR";469;17,6;"FOZ DO IGUACU";"Acessar a via sem observar a presença dos outros veículos";"Colisão transversal";"Com Vítimas Feridas";"Plena Noite";"Decrescente";"Céu Claro";"Simples";"Interseção de Vias";"Sim";8;0;3;0;4;1;3;2;-25,59144263;-54,51622009;"SPRF-PR";"DEL05-PR";"UOP04-DEL05-PR"
414587;2022-02-12;"sábado";"19:43:00";"MG";50;180;"UBERABA";"Pista Escorregadia";"Queda de ocupante de veículo";"Com Vítimas Feridas";"Pleno dia";"Decrescente";"Nublado";"Dupla";"Viaduto";"Sim";1;0;1;0;0;0;1;1;-19,77848216;-47,92194709;"SPRF-MG";"DEL13-MG";"UOP01-DEL13-MG"
414589;2022-02-12;"sábado";"21:50:00";"SP";116;441;"REGISTRO";"Condutor deixou de manter distância do veículo da frente";"Colisão traseira";"Com Vítimas Feridas";"Plena Noite";"Crescente";"Céu Claro";"Dupla";"Reta";"Sim";1;0;0;1;0;0;1;1;-24,4688528;-47,82223728;"SPRF-SP";"DEL05-SP";"UOP01-DEL05-SP"
414590;2022-02-12;"sábado";"21:40:00";"SC";470;135;"RIO DO SUL";"Ingestão de álcool pelo condutor";"Colisão com objeto";"Com Vítimas Feridas";"Plena Noite";"Decrescente";"Céu Claro";"Simples";"Reta";"Não";1;0;1;0;0;0;1;1;-27,188492;-49,61232;"SPRF-SC";"DEL04-SC";"UOP02-DEL04-SC"
414591;2022-02-12;"sábado";"19:40:00";"MG";40;545;"NOVA LIMA";"Demais falhas na via";"Tombamento";"Com Vítimas Feridas";"Plena Noite";"Decrescente";"Nublado";"Dupla";"Reta";"Sim";2;0;1;1;0;0;2;1;-20,00670404;-43,96418668;"SPRF-MG";"DEL01-MG";"UOP02-DEL01-MG"
414592;2022-02-12;"sábado";"21:50:00";"SP";116;204,5;"ARUJA";"Reação tardia ou ineficiente do condutor";"Colisão traseira";"Sem Vítimas";"Plena Noite";"Crescente";"Céu Claro";"Múltipla";"Reta";"Sim";4;0;0;0;4;0;0;2;-23,41236123;-46,35692496;"SPRF-SP";"DEL01-SP";"UOP01-DEL01-SP"
414595;2022-02-12;"sábado";"14:00:00";"MT";70;181;"GENERAL CARNEIRO";"Ausência de reação do condutor";"Saída de leito carroçável";"Com Vítimas Feridas";"Pleno dia";"Decrescente";"Nublado";"Simples";"Aclive";"Não";1;0;1;0;0;0;1;1;-15,67667397;-53,59883505;"SPRF-MT";"DEL05-MT";"UOP01-DEL05-MT"
414596;2022-02-12;"sábado";"21:10:00";"MS";163;258,7;"DOURADOS";"Obras na pista";"Colisão com objeto";"Com Vítimas Feridas";"Plena Noite";"Crescente";"Céu Claro";"Simples";"Curva";"Não";1;0;0;1;0;0;1;1;-22,25859;-54,783592;"SPRF-MS";"DEL04-MS";"UOP01-DEL04-MS"
414598;2022-02-12;"sábado";"20:40:00";"PR";373;173,8;"PONTA GROSSA";"Velocidade Incompatível";"Queda de ocupante de veículo";"Com Vítimas Feridas";"Plena Noite";"Decrescente";"Céu Claro";"Dupla";"Curva";"Sim";1;0;1;0;0;0;1;1;-25,07755309;-50,20606041;"SPRF-PR";"DEL03-PR";"UOP01-DEL03-PR"
414600;2022-02-12;"sábado";"22:40:00";"TO";226;9;"PALMEIRAS DO TOCANTINS";"Ausência de reação do condutor";"Saída de leito carroçável";"Com Vítimas Feridas";"Plena Noite";"Crescente";"Céu Claro";"Simples";"Reta";"Não";1;0;1;0;0;0;1;1;-6,593669;-47,52792;"SPRF-TO";"DEL02-TO";"UOP03-DEL02-TO"
414601;2022-02-12;"sábado";"23:00:00";"ES";101;260,1;"SERRA";"Reação tardia ou ineficiente do condutor";"Colisão traseira";"Sem Vítimas";"Plena Noite";"Decrescente";"Nublado";"Múltipla";"Curva;Aclive";"Sim";2;0;0;0;1;1;0;2;-20,14616415;-40,28836206;"SPRF-ES";"DEL02-ES";"UOP01-DEL02-ES"
414603;2022-02-12;"sábado";"22:20:00";"PR";116;72,9;"QUATRO BARRAS";"Pedestre andava na pista";"Atropelamento de Pedestre";"Com Vítimas Fatais";"Plena Noite";"Crescente";"Nublado";"Dupla";"Reta";"Não";3;1;0;0;2;0;0;2;-25,351671;-49,0425;"SPRF-PR";"DEL01-PR";"UOP01-DEL01-PR"
414604;2022-02-12;"sábado";"22:15:00";"MG";40;524;"CONTAGEM";"Condutor deixou de manter distância do veículo da frente";"Colisão traseira";"Com Vítimas Feridas";"Plena Noite";"Decrescente";"Nublado";"Dupla";"Reta";"Sim";3;0;2;0;1;0;2;2;-19,8754469;-44,05345586;"SPRF-MG";"DEL01-MG";"UOP02-DEL01-MG"
414605;2022-02-12;"sábado";"22:50:00";"DF";70;5,3;"BRASILIA";"Objeto estático sobre o leito carroçável";"Colisão com objeto";"Sem Vítimas";"Plena Noite";"Crescente";"Céu Claro";"Dupla";"Reta";"Não";2;0;0;0;1;1;0;2;-15,794656;-48,096779;"SPRF-DF";"DEL03-DF";"UOP02-DEL03-DF"
414606;2022-02-12;"sábado";"22:50:00";"PR";467;108,9;"CASCAVEL";"Ingestão de álcool pelo condutor";"Saída de leito carroçável";"Com Vítimas Feridas";"Plena Noite";"Decrescente";"Céu Claro";"Dupla";"Curva;Declive";"Sim";2;0;1;0;1;0;1;1;-24,9261;-53,4589;"SPRF-PR";"DEL04-PR";"UOP01-DEL04-PR"
414608;2022-02-12;"sábado";"22:30:00";"SP";116;281,1;"EMBU DAS ARTES";"Condutor deixou de manter distância do veículo da frente";"Colisão traseira";"Com Vítimas Feridas";"Plena Noite";"Crescente";"Céu Claro";"Dupla";"Reta";"Sim";2;0;1;0;1;0;1;2;-23,67784787;-46,85769227;"SPRF-SP";"DEL04-SP";"UOP01-DEL04-SP"
414609;2022-02-12;"sábado";"21:10:00";"RJ";101;66;"CAMPOS DOS GOYTACAZES";"Manobra de mudança de faixa";"Colisão lateral mesmo sentido";"Com Vítimas Feridas";"Plena Noite";"Decrescente";"Garoa/Chuvisco";"Simples";"Rotatória";"Sim";3;0;2;0;1;0;2;2;-21,76571737;-41,34550095;"SPRF-RJ";"DEL08-RJ";"UOP02-DEL08-RJ"
414612;2022-02-13;"domingo";"00:00:00";"SC";101;190,8;"BIGUACU";"Animais na Pista";"Colisão com objeto";"Com Vítimas Feridas";"Plena Noite";"Decrescente";"Nublado";"Múltipla";"Curva";"Não";2;0;1;0;1;0;1;1;-27,468056;-48,641712;"SPRF-SC";"DEL01-SC";"UOP01-DEL01-SC"
414614;2022-02-12;"sábado";"22:00:00";"MG";50;205;"DELTA";"Ingestão de álcool pelo condutor";"Colisão com objeto";"Sem Vítimas";"Plena Noite";"Decrescente";"Céu Claro";"Dupla";"Viaduto";"Não";1;0;0;0;1;0;0;1;-19,92713637;-47,82128155;"SPRF-MG";"DEL13-MG";"UOP01-DEL13-MG"
414615;2022-02-12;"sábado";"22:00:00";"MA";222;671;"ACAILANDIA";"Ingestão de álcool pelo condutor";"Tombamento";"Com Vítimas Feridas";"Plena Noite";"Crescente";"Nublado";"Simples";"Declive";"Sim";1;0;1;0;0;0;1;1;-4,92058223;-47,43051387;"SPRF-MA";"DEL04-MA";"UOP03-DEL04-MA"
414618;2022-02-13;"domingo";"01:00:00";"PE";428;187,9;"PETROLINA";"Velocidade Incompatível";"Colisão com objeto";"Com Vítimas Feridas";"Plena Noite";"Decrescente";"Céu Claro";"Simples";"Rotatória";"Sim";1;0;1;0;0;0;1;1;-9,37507372;-40,4886049;"SPRF-PE";"DEL06-PE";"UOP01-DEL06-PE"
414621;2022-02-13;"domingo";"00:30:00";"GO";60;36,5;"GOIANIA";"Desrespeitar a preferência no cruzamento";"Colisão transversal";"Sem Vítimas";"Plena Noite";"Crescente";"Chuva";"Dupla";"Rotatória";"Sim";2;0;0;0;2;0;0;2;-16,6777;-49,2676;"SPRF-GO";"DEL01-GO";"UOP02-DEL01-GO"
414622;2022-02-12;"sábado";"23:00:00";"PB";230;6;"CABEDELO";"Reação tardia ou ineficiente do condutor";"Colisão com objeto";"Com Vítimas Feridas";"Plena Noite";"Decrescente";"Céu Claro";"Múltipla";"Em Obras";"Não";1;0;1;0;0;0;1;1;-7,021615;-34,836437;"SPRF-PB";"DEL01-PB";"UOP01-DEL01-PB"
414624;2022-02-13;"domingo";"00:10:00";"RJ";116;173;"SAO JOAO DE MERITI";"Reação tardia ou ineficiente do condutor";"Colisão lateral mesmo sentido";"Com Vítimas Feridas";"Plena Noite";"Decrescente";"Nublado";"Dupla";"Reta";"Sim";2;0;1;0;1;0;1;2;-22,79810324;-43,35726614;"SPRF-RJ";"DEL01-RJ";"UOP02-DEL01-RJ"
414627;2022-02-13;"domingo";"01:00:00";"SC";282;380,6;"HERVAL DOESTE";"Condutor Dormindo";"Saída de leito carroçável";"Com Vítimas Feridas";"Plena Noite";"Crescente";"Nublado";"Simples";"Curva";"Sim";3;0;3;0;0;0;3;1;-27,213797;-51,499413;"SPRF-SC";"DEL07-SC";"UOP05-DEL07-SC"
414629;2022-02-13;"domingo";"00:40:00";"PI";343;347;"TERESINA";"Transitar na contramão";"Colisão lateral sentido oposto";"Sem Vítimas";"Plena Noite";"Decrescente";"Céu Claro";"Simples";"Ponte";"Sim";2;0;0;0;2;0;0;2;-5,114822;-42,778355;"SPRF-PI";"DEL01-PI";"UOP01-DEL01-PI"
414630;2022-02-12;"sábado";"23:10:00";"PR";376;632,9;"SAO JOSE DOS PINHAIS";"Demais falhas mecânicas ou elétricas";"Incêndio";"Sem Vítimas";"Plena Noite";"Crescente";"Nublado";"Dupla";"Reta";"Não";1;0;0;0;1;0;0;1;-25,71305887;-49,13941456;"SPRF-PR";"DEL01-PR";"UOP04-DEL01-PR"
414631;2022-02-12;"sábado";"23:30:00";"RS";290;73;"GRAVATAI";"Ingestão de álcool pelo condutor";"Colisão traseira";"Sem Vítimas";"Plena Noite";"Decrescente";"Céu Claro";"Dupla";"Reta";"Não";2;0;0;0;2;0;0;2;-29,952868;-50,986462;"SPRF-RS";"DEL03-RS";"UOP01-DEL03-RS"
414632;2022-02-13;"domingo";"01:30:00";"SP";153;227,7;"MARILIA";"Animais na Pista";"Capotamento";"Com Vítimas Feridas";"Plena Noite";"Crescente";"Céu Claro";"Simples";"Reta";"Não";2;0;1;0;1;0;1;1;-22,05871399;-49,90221969;"SPRF-SP";"DEL07-SP";"UOP02-DEL07-SP"
414634;2022-02-12;"sábado";"23:45:00";"AC";364;126;"RIO BRANCO";"Ausência de reação do condutor";"Queda de ocupante de veículo";"Com Vítimas Feridas";"Plena Noite";"Crescente";"Chuva";"Simples";"Reta";"Sim";2;0;1;0;1;0;1;1;-10,015962;-67,812403;"SPRF-AC";"DEL01-AC";"UOP01-DEL01-AC"
414635;2022-02-13;"domingo";"02:30:00";"RS";386;346,9;"LAJEADO";"Ingestão de álcool pelo condutor";"Colisão lateral mesmo sentido";"Com Vítimas Feridas";"Plena Noite";"Crescente";"Céu Claro";"Simples";"Curva";"Sim";2;0;1;0;0;1;1;2;-29,44693192;-51,97534204;"SPRF-RS";"DEL04-RS";"UOP01-DEL04-RS"
414637;2022-02-13;"domingo";"02:25:00";"SC";101;92,3;"BARRA VELHA";"Ingestão de álcool pelo condutor";"Saída de leito carroçável";"Com Vítimas Feridas";"Plena Noite";"Decrescente";"Céu Claro";"Dupla";"Reta";"Sim";5;0;3;0;2;0;3;4;-26,6806041;-48,6931497;"SPRF-SC";"DEL03-SC";"UOP02-DEL03-SC"
414638;2022-02-13;"domingo";"02:55:00";"GO";452;0;"RIO VERDE";"Ingestão de álcool pelo condutor";"Colisão com objeto";"Com Vítimas Feridas";"Plena Noite";"Crescente";"Nublado";"Dupla";"Interseção de Vias;Rotatória;Viaduto";"Sim";1;0;1;0;0;0;1;1;-17,786345;-50,901516;"SPRF-GO";"DEL04-GO";"UOP01-DEL04-GO"
414639;2022-02-13;"domingo";"01:40:00";"PI";316;10,8;"TERESINA";"Desrespeitar a preferência no cruzamento";"Colisão transversal";"Com Vítimas Feridas";"Plena Noite";"Decrescente";"Nublado";"Múltipla";"Rotatória";"Sim";3;0;2;1;0;0;3;2;-5,1909621;-42,76072025;"SPRF-PI";"DEL01-PI";"UOP02-DEL01-PI"
414640;2022-02-13;"domingo";"01:40:00";"RS";290;92;"PORTO ALEGRE";"Acumulo de areia ou detritos sobre o pavimento";"Tombamento";"Com Vítimas Feridas";"Plena Noite";"Decrescente";"Céu Claro";"Dupla";"Reta";"Sim";1;0;1;0;0;0;1;1;-29,971916;-51,176838;"SPRF-RS";"DEL01-RS";"UOP01-DEL01-RS"
414641;2022-02-13;"domingo";"01:30:00";"SC";116;247,4;"LAGES";"Ingestão de álcool pelo condutor";"Colisão com objeto";"Com Vítimas Feridas";"Plena Noite";"Decrescente";"Céu Claro";"Simples";"Reta";"Sim";4;0;3;0;1;0;3;1;-27,81262488;-50,36859817;"SPRF-SC";"DEL05-SC";"UOP02-DEL05-SC"
414643;2022-02-13;"domingo";"01:00:00";"SC";101;294;"IMBITUBA";"Reação tardia ou ineficiente do condutor";"Colisão com objeto";"Sem Vítimas";"Plena Noite";"Decrescente";"Céu Claro";"Múltipla";"Curva";"Não";1;0;0;0;1;0;0;1;-28,3118306;-48,72315472;"SPRF-SC";"DEL02-SC";"UOP03-DEL02-SC"
414644;2022-02-13;"domingo";"03:00:00";"SC";101;334;"TUBARAO";"Demais falhas mecânicas ou elétricas";"Tombamento";"Com Vítimas Feridas";"Plena Noite";"Crescente";"Céu Claro";"Múltipla";"Reta";"Não";2;0;2;0;0;0;2;1;-28,47027297;-49,01809042;"SPRF-SC";"DEL02-SC";"UOP01-DEL02-SC"
414646;2022-02-13;"domingo";"00:10:00";"PR";153;19,3;"JACAREZINHO";"Conversão proibida";"Colisão lateral mesmo sentido";"Com Vítimas Feridas";"Plena Noite";"Crescente";"Céu Claro";"Simples";"Reta;Aclive";"Sim";4;0;0;2;0;2;2;3;-23,15055023;-49,95438967;"SPRF-PR";"DEL07-PR";"UOP04-DEL07-PR"
414651;2022-02-13;"domingo";"04:00:00";"SC";470;175;"POUSO REDONDO";"Pedestre andava na pista";"Atropelamento de Pedestre";"Com Vítimas Feridas";"Plena Noite";"Decrescente";"Céu Claro";"Simples";"Reta";"Não";2;0;1;0;0;1;1;2;-27,25617;-49,938969;"SPRF-SC";"DEL04-SC";"UOP02-DEL04-SC"
414653;2022-02-12;"sábado";"19:30:00";"RS";470;283;"MONTENEGRO";"Reação tardia ou ineficiente do condutor";"Colisão lateral mesmo sentido";"Com Vítimas Feridas";"Plena Noite";"Crescente";"Garoa/Chuvisco";"Simples";"Interseção de Vias";"Não";3;0;1;0;1;1;1;3;-29,617571;-51,474321;"SPRF-RS";"DEL04-RS";"UOP02-DEL04-RS"
414655;2022-02-13;"domingo";"04:15:00";"CE";222;2;"FORTALEZA";"Reação tardia ou ineficiente do condutor";"Colisão com objeto";"Com Vítimas Feridas";"Amanhecer";"Crescente";"Céu Claro";"Múltipla";"Reta";"Sim";1;0;1;0;0;0;1;1;-3,73911117;-38,58687498;"SPRF-CE";"DEL01-CE";"UOP01-DEL01-CE"
414656;2022-02-13;"domingo";"04:40:00";"SC";101;156,5;"PORTO BELO";"Ingestão de álcool pelo condutor";"Colisão traseira";"Com Vítimas Feridas";"Plena Noite";"Crescente";"Nublado";"Dupla";"Reta";"Não";3;0;1;0;1;1;1;2;-27,172272;-48,61170204;"SPRF-SC";"DEL04-SC";"UOP03-DEL04-SC"
414657;2022-02-13;"domingo";"04:45:00";"BA";324;543;"AMELIA RODRIGUES";"Animais na Pista";"Atropelamento de Animal";"Com Vítimas Feridas";"Plena Noite";"Crescente";"Céu Claro";"Dupla";"Reta";"Sim";1;0;1;0;0;0;1;1;-12,39713005;-38,76807002;"SPRF-BA";"DEL01-BA";"UOP03-DEL01-BA"
414659;2022-02-13;"domingo";"05:20:00";"RS";392;351,8;"SANTA MARIA";"Ingestão de álcool pelo condutor";"Saída de leito carroçável";"Com Vítimas Feridas";"Plena Noite";"Crescente";"Céu Claro";"Simples";"Rotatória;Interseção de Vias";"Sim";1;0;1;0;0;0;1;1;-29,7288683;-53,80258083;"SPRF-RS";"DEL09-RS";"UOP01-DEL09-RS"
414660;2022-01-27;"quinta-feira";"14:30:00";"SC";101;306;"LAGUNA";"Ausência de reação do condutor";"Saída de leito carroçável";"Com Vítimas Feridas";"Pleno dia";"Decrescente";"Chuva";"Múltipla";"Reta";"Não";5;0;3;0;2;0;3;3;-28,40169434;-48,78709858;"SPRF-SC";"DEL02-SC";"UOP03-DEL02-SC"
414661;2022-02-13;"domingo";"04:10:00";"RJ";101;68,9;"CAMPOS DOS GOYTACAZES";"Ingestão de álcool pelo condutor";"Saída de leito carroçável";"Com Vítimas Feridas";"Amanhecer";"Crescente";"Nublado";"Simples";"Reta";"Sim";2;0;2;0;0;0;2;1;-21,77186768;-41,35705017;"SPRF-RJ";"DEL08-RJ";"UOP02-DEL08-RJ"
414662;2022-02-13;"domingo";"05:00:00";"ES";101;265,2;"SERRA";"Reação tardia ou ineficiente do condutor";"Queda de ocupante de veículo";"Com Vítimas Feridas";"Amanhecer";"Decrescente";"Nublado";"Múltipla";"Reta";"Sim";1;0;1;0;0;0;1;1;-20,1816849;-40,26536036;"SPRF-ES";"DEL02-ES";"UOP01-DEL02-ES"
414663;2022-02-13;"domingo";"04:40:00";"RS";116;148,2;"CAXIAS DO SUL";"Entrada inopinada do pedestre";"Atropelamento de Pedestre";"Com Vítimas Fatais";"Plena Noite";"Crescente";"Céu Claro";"Dupla";"Curva";"Sim";2;1;0;0;0;1;0;2;-29,15444539;-51,15101681;"SPRF-RS";"DEL05-RS";"UOP01-DEL05-RS"
414665;2022-02-13;"domingo";"04:50:00";"SP";116;217;"GUARULHOS";"Reação tardia ou ineficiente do condutor";"Colisão com objeto";"Com Vítimas Feridas";"Amanhecer";"Crescente";"Céu Claro";"Múltipla";"Reta";"Sim";1;0;1;0;0;0;1;1;-23,45423824;-46,47119028;"SPRF-SP";"DEL01-SP";"UOP01-DEL01-SP"
414666;2022-02-13;"domingo";"06:00:00";"SC";101;145;"ITAPEMA";"Reação tardia ou ineficiente do condutor";"Colisão com objeto";"Com Vítimas Feridas";"Pleno dia";"Decrescente";"Céu Claro";"Dupla";"Reta";"Não";2;0;1;0;0;1;1;2;-27,08139206;-48,60130993;"SPRF-SC";"DEL04-SC";"UOP03-DEL04-SC"
414670;2022-02-13;"domingo";"05:30:00";"RJ";116;173;"BELFORD ROXO";"Condutor Dormindo";"Colisão com objeto";"Com Vítimas Feridas";"Amanhecer";"Crescente";"Céu Claro";"Múltipla";"Reta";"Sim";1;0;1;0;0;0;1;1;-22,79810324;-43,35726614;"SPRF-RJ";"DEL01-RJ";"UOP02-DEL01-RJ"
414671;2022-02-13;"domingo";"04:40:00";"SP";116;453;"REGISTRO";"Velocidade Incompatível";"Colisão traseira";"Com Vítimas Feridas";"Amanhecer";"Crescente";"Céu Claro";"Dupla";"Reta";"Não";1;0;1;0;0;0;1;1;-24,56168114;-47,86752174;"SPRF-SP";"DEL05-SP";"UOP01-DEL05-SP"
414672;2022-02-13;"domingo";"05:30:00";"SC";470;9,5;"NAVEGANTES";"Ingestão de álcool pelo condutor";"Colisão lateral sentido oposto";"Sem Vítimas";"Amanhecer";"Decrescente";"Céu Claro";"Simples";"Reta;Em Obras";"Não";3;0;0;0;3;0;0;2;-26,833143;-48,727432;"SPRF-SC";"DEL04-SC";"UOP04-DEL04-SC"
414673;2022-02-13;"domingo";"05:15:00";"PR";277;722,4;"FOZ DO IGUACU";"Ausência de reação do condutor";"Saída de leito carroçável";"Com Vítimas Feridas";"Plena Noite";"Decrescente";"Nublado";"Dupla";"Reta";"Sim";1;0;1;0;0;0;1;1;-25,49494908;-54,52095097;"SPRF-PR";"DEL05-PR";"UOP03-DEL05-PR"
414674;2022-02-13;"domingo";"06:50:00";"CE";20;404,5;"CAUCAIA";"Transitar na contramão";"Colisão lateral sentido oposto";"Com Vítimas Feridas";"Pleno dia";"Crescente";"Céu Claro";"Simples";"Reta";"Não";3;0;0;2;1;0;2;2;-3,77821762;-38,68607924;"SPRF-CE";"DEL01-CE";"UOP01-DEL01-CE"
414677;2022-02-13;"domingo";"04:15:00";"RJ";116;63;"TERESOPOLIS";"Chuva";"Queda de ocupante de veículo";"Com Vítimas Feridas";"Amanhecer";"Crescente";"Chuva";"Simples";"Reta";"Não";1;0;1;0;0;0;1;1;-22,26074391;-42,92305911;"SPRF-RJ";"DEL04-RJ";"UOP01-DEL04-RJ"
414678;2022-02-12;"sábado";"21:45:00";"AL";316;33,5;"CANAPI";"Animais na Pista";"Atropelamento de Animal";"Com Vítimas Fatais";"Plena Noite";"Crescente";"Céu Claro";"Simples";"Declive";"Não";2;1;0;1;0;0;1;1;-9,11141212;-37,62653703;"SPRF-AL";"DEL03-AL";"UOP02-DEL03-AL"
414679;2022-02-13;"domingo";"06:15:00";"MG";251;502,5;"FRANCISCO SA";"Velocidade Incompatível";"Capotamento";"Com Vítimas Feridas";"Pleno dia";"Crescente";"Céu Claro";"Simples";"Reta";"Não";2;0;2;0;0;0;2;1;-16,60880407;-43,65899216;"SPRF-MG";"DEL12-MG";"UOP01-DEL12-MG"
414680;2022-02-13;"domingo";"06:38:00";"RS";392;346;"SANTA MARIA";"Ingestão de álcool pelo condutor";"Saída de leito carroçável";"Com Vítimas Feridas";"Pleno dia";"Crescente";"Sol";"Simples";"Aclive;Curva";"Sim";1;0;1;0;0;0;1;1;-29,769868;-53,78433605;"SPRF-RS";"DEL09-RS";"UOP01-DEL09-RS"
414684;2022-02-13;"domingo";"03:19:00";"SP";153;227;"MARILIA";"Ingestão de álcool pelo condutor";"Colisão traseira";"Com Vítimas Feridas";"Plena Noite";"Crescente";"Céu Claro";"Simples";"Declive";"Não";7;0;1;0;6;0;1;3;-22,05871399;-49,90221969;"SPRF-SP";"DEL07-SP";"UOP02-DEL07-SP"
414688;2022-02-13;"domingo";"04:10:00";"PR";280;287,3;"FLOR DA SERRA DO SUL";"Ingestão de álcool pelo condutor";"Saída de leito carroçável";"Com Vítimas Feridas";"Plena Noite";"Crescente";"Céu Claro";"Simples";"Reta";"Não";1;0;0;1;0;0;1;1;-26,24373288;-53,2791853;"SPRF-PR";"DEL02-PR";"UOP01-DEL02-PR"
414689;2022-01-28;"sexta-feira";"12:00:00";"GO";414;392;"CORUMBA DE GOIAS";"Reação tardia ou ineficiente do condutor";"Colisão lateral sentido oposto";"Com Vítimas Feridas";"Pleno dia";"Decrescente";"Sol";"Simples";"Reta";"Sim";2;0;1;0;1;0;1;2;-15,91393969;-48,80410441;"SPRF-GO";"DEL02-GO";"UOP01-DEL02-GO"
414698;2022-02-13;"domingo";"09:00:00";"SP";488;0;"APARECIDA";"Velocidade Incompatível";"Colisão traseira";"Com Vítimas Feridas";"Pleno dia";"Crescente";"Céu Claro";"Dupla";"Reta";"Sim";2;0;1;0;1;0;1;2;-22,85268644;-45,23225784;"SPRF-SP";"DEL08-SP";"UOP01-DEL08-SP"
414699;2022-02-13;"domingo";"04:00:00";"PR";277;661;"MATELANDIA";"Ausência de reação do condutor";"Saída de leito carroçável";"Sem Vítimas";"Amanhecer";"Decrescente";"Céu Claro";"Dupla";"Retorno Regulamentado";"Não";1;0;0;0;0;1;0;1;-25,2527552574;-53,9993990459;"SPRF-PR";"DEL05-PR";"UOP02-DEL05-PR"
414700;2022-02-13;"domingo";"09:10:00";"MG";50;43;"ARAGUARI";"Condutor Dormindo";"Saída de leito carroçável";"Com Vítimas Feridas";"Pleno dia";"Decrescente";"Nublado";"Dupla";"Reta";"Não";1;0;1;0;0;0;1;1;-18,69834223;-48,1855417;"SPRF-MG";"DEL15-MG";"UOP02-DEL15-MG"
414703;2022-01-07;"sexta-feira";"16:25:00";"RS";386;238,2;"SOLEDADE";"Ausência de reação do condutor";"Saída de leito carroçável";"Com Vítimas Feridas";"Pleno dia";"Crescente";"Sol";"Simples";"Reta";"Não";1;0;0;1;0;0;1;1;-28,752241;-52,54018;"SPRF-RS";"DEL04-RS";"UOP03-DEL04-RS"
414705;2022-02-13;"domingo";"06:30:00";"MG";262;803;"UBERABA";"Condutor Dormindo";"Saída de leito carroçável";"Com Vítimas Feridas";"Pleno dia";"Decrescente";"Céu Claro";"Dupla";"Reta";"Sim";1;0;1;0;0;0;1;1;-19,77509606;-47,97201785;"SPRF-MG";"DEL13-MG";"UOP01-DEL13-MG"