"id";"data_inversa";"dia_semana";"horario";"uf";"br";"km";"municipio";"causa_acidente";"tipo_acidente";"classificacao_acidente";"fase_dia";"sentido_via";"condicao_metereologica";"tipo_pista";"tracado_via";"uso_solo";"pessoas";"mortos";"feridos_leves";"feridos_graves";"ilesos";"ignorados";"feridos";"veiculos";"latitude";"longitude";"regional";"delegacia";"uop"
414706;2022-02-13;"domingo";"09:00:00";"SC";470;87,3;"ASCURRA";"Acessar a via sem observar a presença dos outros veículos";"Colisão transversal";"Com Vítimas Feridas";"Pleno dia";"Decrescente";"Céu Claro";"Simples";"Rotatória";"Sim";3;0;3;0;0;0;3;2;-26,948483;-49,366833;"SPRF-SC";"DEL04-SC";"UOP01-DEL04-SC"
414711;2022-02-13;"domingo";"11:30:00";"DF";70;9,8;"BRASILIA";"Frear bruscamente";"Colisão traseira";"Com Vítimas Feridas";"Pleno dia";"Crescente";"Chuva";"Dupla";"Reta";"Não";4;0;2;0;1;1;2;2;-15,784615;-48,132023;"SPRF-DF";"DEL03-DF";"UOP02-DEL03-DF"
414712;2022-02-13;"domingo";"08:00:00";"RJ";116;132;"MAGE";"Ausência de reação do condutor";"Queda de ocupante de veículo";"Com Vítimas Feridas";"Pleno dia";"Crescente";"Céu Claro";"Dupla";"Curva";"Sim";1;0;0;1;0;0;1;1;-22,65703272;-43,13458092;"SPRF-RJ";"DEL04-RJ";"UOP02-DEL04-RJ"
414713;2022-02-13;"domingo";"10:00:00";"SE";235;80;"FREI PAULO";"Reação tardia ou ineficiente do condutor";"Tombamento";"Com Vítimas Feridas";"Pleno dia";"Crescente";"Céu Claro";"Simples";"Reta";"Não";1;0;1;0;0;0;1;1;-10,543209;-37,599659;"SPRF-SE";"DEL01-SE";"UOP02-DEL01-SE"
414714;2022-02-13;"domingo";"10:10:00";"RO";319;62;"PORTO VELHO";"Condutor deixou de manter distância do veículo da frente";"Colisão traseira";"Com Vítimas Feridas";"Pleno dia";"Decrescente";"Chuva";"Dupla";"Reta";"Sim";3;0;2;0;1;0;2;2;-8,766685;-63,884052;"SPRF-RO";"DEL01-RO";"UOP01-DEL01-RO"
414716;2022-02-13;"domingo";"10:00:00";"MG";50;174,8;"UBERABA";"Ausência de reação do condutor";"Colisão traseira";"Com Vítimas Feridas";"Pleno dia";"Crescente";"Céu Claro";"Simples";"Reta";"Sim";3;0;1;0;1;1;1;3;-19,770817;-47,973434;"SPRF-MG";"DEL13-MG";"UOP01-DEL13-MG"
414717;2022-02-13;"domingo";"11:30:00";"RS";448;21;"PORTO ALEGRE";"Ausência de reação do condutor";"Saída de leito carroçável";"Sem Vítimas";"Pleno dia";"Crescente";"Nublado";"Múltipla";"Curva";"Não";2;0;0;0;2;0;0;1;-29,97354272;-51,19940042;"SPRF-RS";"DEL01-RS";"UOP01-DEL01-RS"
414719;2022-02-13;"domingo";"11:40:00";"PR";116;29;"CAMPINA GRANDE DO SUL";"Reação tardia ou ineficiente do condutor";"Tombamento";"Com Vítimas Feridas";"Pleno dia";"Crescente";"Céu Claro";"Dupla";"Curva";"Não";1;0;1;0;0;0;1;1;-25,10057871;-48,81128876;"SPRF-PR";"DEL01-PR";"UOP02-DEL01-PR"
414721;2022-02-13;"domingo";"12:10:00";"SP";116;321;"JUQUITIBA";"Demais falhas mecânicas ou elétricas";"Incêndio";"Sem Vítimas";"Pleno dia";"Crescente";"Céu Claro";"Dupla";"Retorno Regulamentado";"Não";1;0;0;0;1;0;0;1;-23,934612;-47,01729;"SPRF-SP";"DEL04-SP";"UOP01-DEL04-SP"
414722;2022-02-13;"domingo";"11:40:00";"SC";101;120,8;"ITAJAI";"Ausência de reação do condutor";"Tombamento";"Com Vítimas Feridas";"Pleno dia";"Crescente";"Céu Claro";"Dupla";"Declive;Curva;Viaduto";"Sim";2;0;2;0;0;0;2;1;-26,912758;-48,711998;"SPRF-SC";"DEL04-SC";"UOP04-DEL04-SC"
414723;2022-02-12;"sábado";"20:00:00";"MT";163;690;"LUCAS DO RIO VERDE";"Ingestão de álcool pelo condutor";"Saída de leito carroçável";"Com Vítimas Feridas";"Plena Noite";"Crescente";"Céu Claro";"Simples";"Reta";"Não";1;0;1;0;0;0;1;1;-13,15897005;-55,97504688;"SPRF-MT";"DEL06-MT";"UOP01-DEL06-MT"
414724;2022-02-13;"domingo";"06:20:00";"RJ";101;327;"RIO DE JANEIRO";"Ausência de reação do condutor";"Colisão traseira";"Com Vítimas Feridas";"Pleno dia";"Crescente";"Céu Claro";"Dupla";"Reta";"Não";2;0;2;0;0;0;2;2;-22,87117393;-43,15595099;"SPRF-RJ";"DEL02-RJ";"UOP02-DEL02-RJ"
414726;2022-02-13;"domingo";"12:10:00";"PR";376;493,6;"PONTA GROSSA";"Velocidade Incompatível";"Colisão traseira";"Com Vítimas Feridas";"Pleno dia";"Decrescente";"Céu Claro";"Dupla";"Reta";"Não";4;0;3;0;1;0;3;3;-25,16001091;-50,12436895;"SPRF-PR";"DEL03-PR";"UOP01-DEL03-PR"
414727;2022-02-13;"domingo";"12:40:00";"SC";470;173,7;"POUSO REDONDO";"Ingestão de álcool pelo condutor";"Tombamento";"Com Vítimas Feridas";"Pleno dia";"Crescente";"Céu Claro";"Simples";"Reta";"Sim";1;0;1;0;0;0;1;1;-27,258;-49,928;"SPRF-SC";"DEL04-SC";"UOP02-DEL04-SC"
414729;2022-01-20;"quinta-feira";"19:15:00";"MG";381;485;"BETIM";"Condutor deixou de manter distância do veículo da frente";"Colisão lateral mesmo sentido";"Com Vítimas Feridas";"Plena Noite";"Crescente";"Chuva";"Dupla";"Declive";"Não";2;0;1;0;1;0;1;2;-19,95683113;-44,12622213;"SPRF-MG";"DEL01-MG";"UOP03-DEL01-MG"
414730;2022-02-13;"domingo";"12:06:00";"BA";330;803,6;"JEQUIE";"Pista esburacada";"Colisão com objeto";"Com Vítimas Feridas";"Pleno dia";"Crescente";"Céu Claro";"Simples";"Curva";"Não";2;0;0;2;0;0;2;1;-13,96907506;-39,95788922;"SPRF-BA";"DEL03-BA";"UOP01-DEL03-BA"
414731;2022-02-13;"domingo";"10:30:00";"MS";262;774,3;"CORUMBA";"Acessar a via sem observar a presença dos outros veículos";"Queda de ocupante de veículo";"Com Vítimas Feridas";"Pleno dia";"Crescente";"Céu Claro";"Simples";"Interseção de Vias";"Sim";5;0;0;1;4;0;1;2;-19,08285699;-57,62168025;"SPRF-MS";"DEL03-MS";"UOP03-DEL03-MS"
414733;2022-02-13;"domingo";"13:45:00";"SP";116;150;"SAO JOSE DOS CAMPOS";"Condutor deixou de manter distância do veículo da frente";"Colisão lateral mesmo sentido";"Com Vítimas Feridas";"Pleno dia";"Crescente";"Céu Claro";"Múltipla";"Declive;Reta";"Sim";2;0;1;0;1;0;1;2;-23,21335525;-45,8930588;"SPRF-SP";"DEL02-SP";"UOP01-DEL02-SP"
414734;2022-02-13;"domingo";"12:00:00";"RO";364;668;"CANDEIAS DO JAMARI";"Pista esburacada";"Saída de leito carroçável";"Com Vítimas Feridas";"Pleno dia";"Decrescente";"Nublado";"Simples";"Reta";"Não";4;0;1;0;3;0;1;1;-8,77428284;-63,48378996;"SPRF-RO";"DEL01-RO";"UOP01-DEL01-RO"
414735;2022-02-13;"domingo";"10:40:00";"MA";135;97;"ITAPECURU MIRIM";"Transitar na contramão";"Colisão frontal";"Com Vítimas Feridas";"Pleno dia";"Decrescente";"Céu Claro";"Simples";"Aclive";"Sim";5;0;0;1;4;0;1;2;-3,36196743;-44,47232351;"SPRF-MA";"DEL01-MA";"UOP02-DEL01-MA"
414736;2022-02-13;"domingo";"12:20:00";"MG";267;26;"ARGIRITA";"Acesso irregular";"Colisão transversal";"Com Vítimas Feridas";"Pleno dia";"Decrescente";"Nublado";"Simples";"Reta;Interseção de Vias";"Não";4;0;1;0;3;0;1;2;-21,61894874;-42,81525901;"SPRF-MG";"DEL07-MG";"UOP01-DEL07-MG"
414737;2022-02-13;"domingo";"13:30:00";"PR";116;69;"QUATRO BARRAS";"Avarias e/ou desgaste excessivo no pneu";"Tombamento";"Com Vítimas Feridas";"Pleno dia";"Decrescente";"Céu Claro";"Dupla";"Reta";"Não";2;0;2;0;0;0;2;1;-25,33112288;-49,03156015;"SPRF-PR";"DEL01-PR";"UOP02-DEL01-PR"
414738;2022-02-13;"domingo";"08:30:00";"PB";101;60,9;"SANTA RITA";"Ausência de reação do condutor";"Colisão com objeto";"Com Vítimas Feridas";"Pleno dia";"Decrescente";"Céu Claro";"Dupla";"Aclive;Curva";"Não";2;0;0;2;0;0;2;1;-7,00780054;-35,0610979;"SPRF-PB";"DEL01-PB";"UOP04-DEL01-PB"
414740;2022-02-13;"domingo";"13:00:00";"SC";101;28,3;"JOINVILLE";"Ultrapassagem Indevida";"Colisão lateral mesmo sentido";"Com Vítimas Feridas";"Pleno dia";"Decrescente";"Sol";"Dupla";"Reta";"Não";4;0;3;0;0;1;3;2;-26,21382099;-48,9158535;"SPRF-SC";"DEL03-SC";"UOP01-DEL03-SC"
414741;2022-02-13;"domingo";"13:50:00";"PI";0;0;"ELISEU MARTINS";"Pista Escorregadia";"Saída de leito carroçável";"Sem Vítimas";"Pleno dia";"Não Informado";"Chuva";"Dupla";"Reta";"Sim";2;0;0;0;2;0;0;1;-8,09228665;-43,67176917;"SPRF-PI";"DEL03-PI";"UOP01-DEL03-PI"
414742;2022-02-13;"domingo";"14:10:00";"ES";101;293,5;"CARIACICA";"Avarias e/ou desgaste excessivo no pneu";"Queda de ocupante de veículo";"Com Vítimas Feridas";"Pleno dia";"Decrescente";"Nublado";"Dupla";"Curva";"Sim";1;0;1;0;0;0;1;1;-20,31526144;-40,39567044;"SPRF-ES";"DEL01-ES";"UOP01-DEL01-ES"
414743;2022-02-13;"domingo";"14:20:00";"SP";116;214;"GUARULHOS";"Reação tardia ou ineficiente do condutor";"Colisão lateral mesmo sentido";"Com Vítimas Feridas";"Pleno dia";"Crescente";"Céu Claro";"Múltipla";"Reta";"Sim";3;0;2;0;1;0;2;2;-23,44333014;-46,44531294;"SPRF-SP";"DEL01-SP";"UOP01-DEL01-SP"
414744;2022-02-13;"domingo";"13:00:00";"MG";116;572,2;"MANHUACU";"Velocidade Incompatível";"Saída de leito carroçável";"Com Vítimas Feridas";"Pleno dia";"Decrescente";"Nublado";"Simples";"Reta";"Não";2;0;1;0;1;0;1;1;-20,12103;-42,17621501;"SPRF-MG";"DEL06-MG";"UOP03-DEL06-MG"
414745;2022-02-13;"domingo";"14:00:00";"RS";290;721,2;"URUGUAIANA";"Ausência de reação do condutor";"Saída de leito carroçável";"Com Vítimas Feridas";"Pleno dia";"Crescente";"Sol";"Simples";"Interseção de Vias;Curva";"Sim";2;0;2;0;0;0;2;1;-29,76293828;-57,05815907;"SPRF-RS";"DEL13-RS";"UOP01-DEL13-RS"
414746;2022-02-13;"domingo";"14:12:00";"BA";324;589;"CANDEIAS";"Demais falhas mecânicas ou elétricas";"Eventos atípicos";"Com Vítimas Feridas";"Pleno dia";"Crescente";"Nublado";"Dupla";"Reta";"Não";1;0;1;0;0;0;1;1;-12,66425409;-38,4707655;"SPRF-BA";"DEL01-BA";"UOP01-DEL01-BA"
414748;2022-02-13;"domingo";"14:45:00";"PE";232;103,3;"BEZERROS";"Animais na Pista";"Atropelamento de Animal";"Com Vítimas Feridas";"Pleno dia";"Decrescente";"Céu Claro";"Dupla";"Reta;Declive";"Não";2;0;1;1;0;0;2;1;-8,25219029;-35,76584983;"SPRF-PE";"DEL02-PE";"UOP02-DEL02PE"
414749;2022-02-13;"domingo";"12:10:00";"RJ";493;19;"MAGE";"Reação tardia ou ineficiente do condutor";"Colisão lateral sentido oposto";"Com Vítimas Feridas";"Pleno dia";"Crescente";"Céu Claro";"Simples";"Reta";"Não";2;0;2;0;0;0;2;2;-22,6663848;-43,02770248;"SPRF-RJ";"DEL04-RJ";"UOP02-DEL04-RJ"
414750;2022-02-13;"domingo";"13:40:00";"PE";101;98;"CABO DE SANTO AGOSTINHO";"Condutor deixou de manter distância do veículo da frente";"Colisão traseira";"Com Vítimas Feridas";"Pleno dia";"Crescente";"Céu Claro";"Dupla";"Reta";"Sim";6;0;1;1;4;0;2;2;-8,25146993;-35,021805;"SPRF-PE";"DEL01-PE";"UOP01-DEL01-PE"
414751;2022-02-13;"domingo";"14:10:00";"SC";282;529,7;"CORDILHEIRA ALTA";"Velocidade Incompatível";"Saída de leito carroçável";"Com Vítimas Feridas";"Pleno dia";"Crescente";"Sol";"Simples";"Curva";"Não";3;0;3;0;0;0;3;1;-26,983683;-52,60226;"SPRF-SC";"DEL07-SC";"UOP01-DEL07-SC"
414753;2022-02-12;"sábado";"00:20:00";"BA";101;648;"ITAPEBI";"Restrição de visibilidade em curvas horizontais";"Saída de leito carroçável";"Com Vítimas Feridas";"Plena Noite";"Decrescente";"Ignorado";"Simples";"Curva";"Não";1;0;1;0;0;0;1;1;-15,856257;-39,519005;"SPRF-BA";"DEL05-BA";"UOP02-DEL05-BA"
414754;2022-02-13;"domingo";"15:00:00";"RO";319;58;"PORTO VELHO";"Condutor usando celular";"Colisão com objeto";"Sem Vítimas";"Pleno dia";"Decrescente";"Céu Claro";"Dupla";"Reta";"Sim";3;0;0;0;3;0;0;3;-8,739714;-63,93214024;"SPRF-RO";"DEL01-RO";"UOP01-DEL01-RO"
414755;2022-02-13;"domingo";"15:50:00";"SC";101;192;"BIGUACU";"Condutor deixou de manter distância do veículo da frente";"Colisão lateral mesmo sentido";"Sem Vítimas";"Pleno dia";"Decrescente";"Céu Claro";"Simples";"Reta";"Sim";2;0;0;0;2;0;0;2;-27,48443781;-48,64765238;"SPRF-SC";"DEL01-SC";"UOP01-DEL01-SC"
414756;2022-02-13;"domingo";"14:30:00";"MA";135;42;"BACABEIRA";"Demais falhas mecânicas ou elétricas";"Incêndio";"Sem Vítimas";"Pleno dia";"Crescente";"Céu Claro";"Dupla";"Reta";"Não";2;0;0;0;2;0;0;1;-2,90651395;-44,36050773;"SPRF-MA";"DEL01-MA";"UOP01-DEL01-MA"
414757;2022-02-13;"domingo";"16:12:00";"RS";116;514;"PELOTAS";"Transitar na contramão";"Colisão lateral sentido oposto";"Sem Vítimas";"Pleno dia";"Crescente";"Céu Claro";"Simples";"Interseção de Vias";"Sim";2;0;0;0;2;0;0;2;-31,65213506;-52,33684672;"SPRF-RS";"DEL07-RS";"UOP01-DEL07-RS"
414758;2022-02-13;"domingo";"15:25:00";"PA";316;62;"CASTANHAL";"Ingestão de álcool pelo condutor";"Colisão traseira";"Sem Vítimas";"Pleno dia";"Crescente";"Céu Claro";"Dupla";"Reta";"Sim";4;0;0;0;4;0;0;2;-1,29786885;-47,93764104;"SPRF-PA";"DEL01-PA";"UOP01-DEL01-PA"
414759;2022-02-13;"domingo";"15:50:00";"PR";277;5,5;"FOZ DO IGUACU";"Ausência de reação do condutor";"Colisão traseira";"Com Vítimas Feridas";"Pleno dia";"Decrescente";"Sol";"Dupla";"Reta";"Sim";4;0;1;2;1;0;3;2;-25,46007288;-54,58373666;"SPRF-PR";"DEL05-PR";"UOP03-DEL05-PR"
414762;2022-02-13;"domingo";"16:05:00";"PR";467;100,3;"CASCAVEL";"Avarias e/ou desgaste excessivo no pneu";"Capotamento";"Com Vítimas Feridas";"Pleno dia";"Crescente";"Chuva";"Dupla";"Curva";"Não";2;0;1;0;1;0;1;1;-24,8947;-53,5355;"SPRF-PR";"DEL04-PR";"UOP01-DEL04-PR"
414764;2022-02-13;"domingo";"15:10:00";"MT";163;966;"TERRA NOVA DO NORTE";"Ausência de reação do condutor";"Saída de leito carroçável";"Com Vítimas Feridas";"Pleno dia";"Decrescente";"Céu Claro";"Simples";"Reta";"Não";2;0;1;0;1;0;1;1;-10,77091674;-55,15342712;"SPRF-MT";"DEL06-MT";"NPF/DEL06-MT"
414765;2022-02-13;"domingo";"11:00:00";"RO";364;506;"ARIQUEMES";"Condutor Dormindo";"Saída de leito carroçável";"Sem Vítimas";"Pleno dia";"Crescente";"Céu Claro";"Simples";"Reta";"Não";1;0;0;0;1;0;0;1;-9,99000286;-63,01741583;"SPRF-RO";"DEL03-RO";"UOP01-DEL03-RO"
414768;2022-02-13;"domingo";"17:25:00";"RJ";101;75;"CAMPOS DOS GOYTACAZES";"Ingestão de álcool pelo condutor";"Colisão traseira";"Com Vítimas Feridas";"Pleno dia";"Crescente";"Chuva";"Simples";"Reta";"Sim";2;0;1;0;1;0;1;2;-21,816525;-41,397686;"SPRF-RJ";"DEL08-RJ";"UOP02-DEL08-RJ"
414769;2022-02-13;"domingo";"15:35:00";"RR";174;512;"BOA VISTA";"Participar de racha";"Colisão lateral mesmo sentido";"Com Vítimas Feridas";"Pleno dia";"Decrescente";"Sol";"Simples";"Reta";"Não";3;0;1;0;2;0;1;2;2,871991;-60,697308;"SPRF-RR";"DEL01-RR";"UOP01-DEL01-RR"
414771;2022-02-13;"domingo";"16:30:00";"MS";60;63,9;"PARAISO DAS AGUAS";"Ingestão de álcool pelo condutor";"Colisão frontal";"Com Vítimas Feridas";"Pleno dia";"Decrescente";"Céu Claro";"Simples";"Reta;Aclive";"Não";11;0;0;10;0;1;10;3;-19,045518;-53,008699;"SPRF-MS";"DEL06-MS";"UOP02-DEL06-MS"
414774;2022-02-13;"domingo";"17:55:00";"RS";116;263;"CANOAS";"Manobra de mudança de faixa";"Colisão traseira";"Com Vítimas Feridas";"Pleno dia";"Decrescente";"Nublado";"Dupla";"Reta";"Sim";2;0;1;0;1;0;1;2;-29,90545398;-51,17674031;"SPRF-RS";"DEL01-RS";"UOP01-DEL01-RS"
414775;2022-02-13;"domingo";"17:30:00";"PB";101;105;"ALHANDRA";"Ingestão de álcool pelo condutor";"Colisão traseira";"Com Vítimas Feridas";"Anoitecer";"Decrescente";"Céu Claro";"Dupla";"Reta;Declive";"Sim";2;0;0;1;1;0;1;2;-7,30814609;-34,94344185;"SPRF-PB";"DEL01-PB";"UOP02-DEL01-PB"
414777;2022-02-13;"domingo";"17:40:00";"BA";324;586;"CANDEIAS";"Demais falhas mecânicas ou elétricas";"Saída de leito carroçável";"Com Vítimas Feridas";"Anoitecer";"Crescente";"Céu Claro";"Dupla";"Reta";"Não";5;0;3;1;1;0;4;1;-12,63864013;-38,47736247;"SPRF-BA";"DEL01-BA";"UOP01-DEL01-BA"
414778;2022-02-13;"domingo";"17:50:00";"PE";101;64,7;"RECIFE";"Acessar a via sem observar a presença dos outros veículos";"Atropelamento de Pedestre";"Com Vítimas Feridas";"Anoitecer";"Crescente";"Céu Claro";"Dupla";"Reta";"Sim";2;0;1;0;0;1;1;2;-8,0162921;-34,94045886;"SPRF-PE";"DEL01-PE";"UOP01-DEL01-PE"
414779;2022-02-13;"domingo";"17:15:00";"SP";116;145,1;"SAO JOSE DOS CAMPOS";"Ingestão de álcool pelo condutor";"Colisão traseira";"Sem Vítimas";"Pleno dia";"Crescente";"Sol";"Múltipla";"Reta";"Não";4;0;0;0;4;0;0;2;-23,1869844;-45,8548078;"SPRF-SP";"DEL02-SP";"UOP01-DEL02-SP"
414780;2022-02-13;"domingo";"17:45:00";"SC";101;150,3;"ITAPEMA";"Manobra de mudança de faixa";"Colisão traseira";"Com Vítimas Feridas";"Pleno dia";"Decrescente";"Céu Claro";"Dupla";"Reta";"Sim";2;0;1;0;1;0;1;2;-27,11744799;-48,60940987;"SPRF-SC";"DEL04-SC";"UOP03-DEL04-SC"
414783;2022-02-13;"domingo";"18:20:00";"PB";230;16;"JOAO PESSOA";"Ingestão de álcool pelo condutor";"Colisão traseira";"Com Vítimas Feridas";"Plena Noite";"Crescente";"Céu Claro";"Dupla";"Reta";"Sim";2;0;1;0;1;0;1;2;-7,10964405;-34,84321475;"SPRF-PB";"DEL01-PB";"UOP01-DEL01-PB"
414784;2022-02-13;"domingo";"17:45:00";"ES";101;207,4;"IBIRACU";"Chuva";"Colisão lateral mesmo sentido";"Com Vítimas Feridas";"Anoitecer";"Crescente";"Chuva";"Múltipla";"Reta";"Não";4;0;2;0;2;0;2;2;-19,77204724;-40,37105854;"SPRF-ES";"DEL02-ES";"UOP01-DEL02-ES"
414785;2022-02-13;"domingo";"17:18:00";"SC";101;125,9;"ITAJAI";"Manobra de mudança de faixa";"Colisão lateral mesmo sentido";"Com Vítimas Feridas";"Pleno dia";"Decrescente";"Céu Claro";"Dupla";"Reta";"Sim";2;0;1;0;1;0;1;2;-26,94802427;-48,68338515;"SPRF-SC";"DEL04-SC";"UOP04-DEL04-SC"
414786;2022-02-13;"domingo";"17:53:00";"PB";101;84,5;"BAYEUX";"Acessar a via sem observar a presença dos outros veículos";"Colisão traseira";"Com Vítimas Fatais";"Anoitecer";"Crescente";"Céu Claro";"Múltipla";"Reta";"Sim";3;1;1;0;0;1;1;3;-7,13957906;-34,92312806;"SPRF-PB";"DEL01-PB";"UOP01-DEL01-PB"
414788;2022-02-13;"domingo";"18:30:00";"AL";104;65,7;"MURICI";"Animais na Pista";"Atropelamento de Animal";"Com Vítimas Feridas";"Plena Noite";"Crescente";"Nublado";"Simples";"Reta";"Não";2;0;0;1;1;0;1;2;-9,33313273;-35,8965549;"SPRF-AL";"DEL01-AL";"UOP02-DEL01-AL"
414791;2022-02-13;"domingo";"18:40:00";"RS";468;117;"TIRADENTES DO SUL";"Manobra de mudança de faixa";"Colisão lateral mesmo sentido";"Com Vítimas Feridas";"Anoitecer";"Crescente";"Céu Claro";"Simples";"Reta";"Não";3;0;2;0;1;0;2;2;-27,41721399;-54,016644;"SPRF-RS";"DEL08-RS";"UOP02-DEL08-RS"
414792;2022-02-13;"domingo";"18:45:00";"RJ";356;181;"SAO JOAO DA BARRA";"Ingestão de álcool pelo condutor";"Colisão lateral sentido oposto";"Sem Vítimas";"Anoitecer";"Crescente";"Ignorado";"Simples";"Reta";"Não";2;0;0;0;2;0;0;2;-21,65632504;-41,05317881;"SPRF-RJ";"DEL08-RJ";"UOP02-DEL08-RJ"
414794;2022-02-13;"domingo";"18:30:00";"MG";50;77;"UBERLANDIA";"Reação tardia ou ineficiente do condutor";"Colisão com objeto";"Com Vítimas Feridas";"Anoitecer";"Crescente";"Nublado";"Dupla";"Viaduto";"Sim";1;0;1;0;0;0;1;1;-18,93738324;-48,2202816;"SPRF-MG";"DEL15-MG";"UOP01-DEL15-MG"
414795;2022-02-13;"domingo";"17:50:00";"MG";50;192;"UBERABA";"Demais falhas mecânicas ou elétricas";"Incêndio";"Sem Vítimas";"Anoitecer";"Crescente";"Céu Claro";"Dupla";"Reta";"Não";1;0;0;0;1;0;0;1;-19,87187797;-47,85892196;"SPRF-MG";"DEL13-MG";"UOP01-DEL13-MG"
414796;2022-02-02;"quarta-feira";"06:55:00";"PR";163;83,2;"PLANALTO";"Desrespeitar a preferência no cruzamento";"Colisão transversal";"Com Vítimas Feridas";"Amanhecer";"Crescente";"Céu Claro";"Simples";"Interseção de Vias";"Não";6;0;2;0;4;0;2;2;-25,710343;-53,76831;"SPRF-PR";"DEL02-PR";"UOP02-DEL02-PR"
414797;2022-02-13;"domingo";"18:40:00";"BA";242;865;"BARREIRAS";"Chuva";"Colisão frontal";"Com Vítimas Fatais";"Anoitecer";"Crescente";"Chuva";"Simples";"Reta";"Não";5;1;2;1;0;1;3;2;-12,08907401;-45,424536;"SPRF-BA";"DEL10-BA";"UOP01-DEL10-BA"
414798;2022-02-13;"domingo";"18:40:00";"PR";116;161,4;"QUITANDINHA";"Reação tardia ou ineficiente do condutor";"Saída de leito carroçável";"Com Vítimas Feridas";"Anoitecer";"Decrescente";"Céu Claro";"Múltipla";"Reta;Declive";"Não";2;0;1;0;1;0;1;1;-25,866279;-49,45094347;"SPRF-PR";"DEL01-PR";"UOP03-DEL01-PR"
414799;2022-02-13;"domingo";"18:40:00";"GO";60;379;"RIO VERDE";"Chuva";"Saída de leito carroçável";"Sem Vítimas";"Anoitecer";"Decrescente";"Chuva";"Dupla";"Curva";"Sim";1;0;0;0;0;1;0;1;-17,7564;-50,8793;"SPRF-GO";"DEL04-GO";"UOP01-DEL04-GO"
414800;2022-02-13;"domingo";"18:15:00";"MS";163;145,5;"NAVIRAI";"Ingestão de álcool pelo condutor";"Saída de leito carroçável";"Com Vítimas Feridas";"Anoitecer";"Crescente";"Céu Claro";"Simples";"Reta";"Não";3;0;1;0;2;0;1;1;-22,99505676;-54,39464584;"SPRF-MS";"DEL09-MS";"UOP01-DEL09-MS"
414802;2022-02-13;"domingo";"16:30:00";"GO";40;21;"LUZIANIA";"Acessar a via sem observar a presença dos outros veículos";"Colisão transversal";"Com Vítimas Feridas";"Pleno dia";"Decrescente";"Céu Claro";"Dupla";"Reta";"Não";3;0;3;0;0;0;3;2;-16,218542;-47,915731;"SPRF-DF";"DEL01-DF";"UOP01-DEL01-DF"
414803;2022-02-13;"domingo";"19:00:00";"SC";101;328;"CAPIVARI DE BAIXO";"Acessar a via sem observar a presença dos outros veículos";"Colisão com objeto";"Com Vítimas Feridas";"Plena Noite";"Crescente";"Chuva";"Dupla";"Reta";"Não";3;0;2;0;1;0;2;1;-28,43648094;-48,95989307;"SPRF-SC";"DEL02-SC";"UOP01-DEL02-SC"
414805;2022-02-13;"domingo";"18:45:00";"PR";277;596,2;"CASCAVEL";"Velocidade Incompatível";"Colisão com objeto";"Sem Vítimas";"Pleno dia";"Crescente";"Céu Claro";"Dupla";"Reta";"Sim";1;0;0;0;1;0;0;1;-24,98837665;-53,50778641;"SPRF-PR";"DEL04-PR";"UOP01-DEL04-PR"
414808;2022-02-13;"domingo";"15:45:00";"MG";381;842;"SAO SEBASTIAO DA BELA VISTA";"Condutor deixou de manter distância do veículo da frente";"Colisão traseira";"Sem Vítimas";"Pleno dia";"Decrescente";"Céu Claro";"Dupla";"Reta";"Não";3;0;0;0;3;0;0;2;-22,21565425;-45,86960261;"SPRF-MG";"DEL16-MG";"UOP01-DEL16-MG"
414810;2022-02-13;"domingo";"19:45:00";"RN";406;147,7;"CEARA-MIRIM";"Ultrapassagem Indevida";"Colisão frontal";"Com Vítimas Feridas";"Plena Noite";"Crescente";"Céu Claro";"Simples";"Reta";"Sim";2;0;0;1;0;1;1;2;-5,64619702;-35,459121;"SPRF-RN";"DEL02-RN";"UOP01-DEL02-RN"
414816;2022-02-13;"domingo";"19:30:00";"PB";104;139,7;"QUEIMADAS";"Manobra de mudança de faixa";"Colisão transversal";"Com Vítimas Feridas";"Plena Noite";"Crescente";"Céu Claro";"Simples";"Interseção de Vias";"Sim";3;0;2;0;1;0;2;2;-7,36948311;-35,89979635;"SPRF-PB";"DEL02-PB";"UOP03-DEL02-PB"
414817;2022-02-13;"domingo";"19:10:00";"PR";376;219,2;"JANDAIA DO SUL";"Pedestre cruzava a pista fora da faixa";"Atropelamento de Pedestre";"Com Vítimas Feridas";"Plena Noite";"Crescente";"Céu Claro";"Simples";"Curva";"Sim";4;0;0;1;3;0;1;2;-23,59704656;-51,62235197;"SPRF-PR";"DEL09-PR";"UOP01-DEL09-PR"
414818;2022-02-13;"domingo";"19:45:00";"RJ";116;83;"TERESOPOLIS";"Transitar na contramão";"Colisão frontal";"Com Vítimas Feridas";"Plena Noite";"Crescente";"Nublado";"Simples";"Viaduto";"Sim";5;0;1;3;1;0;4;2;-22,41517488;-42,95011324;"SPRF-RJ";"DEL04-RJ";"UOP01-DEL04-RJ"
414819;2022-02-13;"domingo";"18:15:00";"BA";101;253;"SANTO ANTONIO DE JESUS";"Reação tardia ou ineficiente do condutor";"Colisão frontal";"Com Vítimas Feridas";"Plena Noite";"Crescente";"Céu Claro";"Simples";"Reta";"Sim";4;0;3;0;1;0;3;2;-13,00688191;-39,29414184;"SPRF-BA";"DEL01-BA";"UOP02-DEL01-BA"
414821;2022-02-13;"domingo";"20:00:00";"MG";50;202,6;"DELTA";"Manobra de mudança de faixa";"Colisão lateral mesmo sentido";"Com Vítimas Feridas";"Plena Noite";"Decrescente";"Nublado";"Dupla";"Reta";"Não";3;0;1;1;0;1;2;2;-19,92627147;-47,82191068;"SPRF-MG";"DEL13-MG";"UOP01-DEL13-MG"