"id";"data_inversa";"dia_semana";"horario";"uf";"br";"km";"municipio";"causa_acidente";"tipo_acidente";"classificacao_acidente";"fase_dia";"sentido_via";"condicao_metereologica";"tipo_pista";"tracado_via";"uso_solo";"pessoas";"mortos";"feridos_leves";"feridos_graves";"ilesos";"ignorados";"feridos";"veiculos";"latitude";"longitude";"regional";"delegacia";"uop"
414964;2022-02-14;"segunda-feira";"16:20:00";"BA";116;473;"SANTO ESTEVAO";"Avarias e/ou desgaste excessivo no pneu";"Capotamento";"Com Vítimas Feridas";"Pleno dia";"Crescente";"Céu Claro";"Dupla";"Reta";"Não";4;0;4;0;0;0;4;1;-12,48054442;-39,3110698;"SPRF-BA";"DEL02-BA";"UOP01-DEL02-BA"
414965;2022-02-14;"segunda-feira";"18:10:00";"SC";282;5;"SAO JOSE";"Trafegar com motocicleta (ou similar) entre as faixas";"Colisão lateral mesmo sentido";"Com Vítimas Feridas";"Pleno dia";"Decrescente";"Sol";"Dupla";"Reta;Declive";"Sim";2;0;0;1;1;0;1;2;-27,588425;-48,612919;"SPRF-SC";"DEL01-SC";"UOP01-DEL01-SC"
414966;2022-02-14;"segunda-feira";"16:00:00";"PR";376;490;"PONTA GROSSA";"Condutor deixou de manter distância do veículo da frente";"Colisão traseira";"Sem Vítimas";"Pleno dia";"Decrescente";"Ignorado";"Dupla";"Reta";"Sim";2;0;0;0;2;0;0;2;-25,14692309;-50,15072006;"SPRF-PR";"DEL03-PR";"UOP01-DEL03-PR"
414968;2022-02-14;"segunda-feira";"17:35:00";"RS";116;241;"NOVO HAMBURGO";"Condutor deixou de manter distância do veículo da frente";"Colisão traseira";"Com Vítimas Feridas";"Pleno dia";"Decrescente";"Sol";"Dupla";"Reta";"Sim";5;0;1;0;4;0;1;4;-29,70660818;-51,14694715;"SPRF-RS";"DEL01-RS";"UOP02-DEL01-RS"
414969;2022-02-14;"segunda-feira";"17:30:00";"BA";324;392;"GAVIAO";"Pista Escorregadia";"Saída de leito carroçável";"Com Vítimas Feridas";"Anoitecer";"Crescente";"Sol";"Simples";"Declive";"Não";2;0;1;0;1;0;1;1;-11,53284302;-39,70905304;"SPRF-BA";"DEL04-BA";"UOP02-DEL04-BA"
414970;2022-02-14;"segunda-feira";"14:20:00";"MG";116;275;"TEOFILO OTONI";"Ausência de reação do condutor";"Colisão traseira";"Com Vítimas Feridas";"Pleno dia";"Crescente";"Céu Claro";"Simples";"Reta";"Sim";2;0;2;0;0;0;2;1;-17,84601088;-41,51546519;"SPRF-MG";"DEL11-MG";"UOP01-DEL11-MG"
414971;2022-02-14;"segunda-feira";"16:50:00";"RS";386;354,3;"ESTRELA";"Demais falhas mecânicas ou elétricas";"Tombamento";"Com Vítimas Feridas";"Pleno dia";"Crescente";"Sol";"Dupla";"Reta";"Sim";2;0;1;0;1;0;1;1;-29,506611;-51,943012;"SPRF-RS";"DEL04-RS";"UOP02-DEL04-RS"
414972;2022-02-14;"segunda-feira";"17:40:00";"BA";367;84;"EUNAPOLIS";"Condutor deixou de manter distância do veículo da frente";"Colisão traseira";"Com Vítimas Feridas";"Plena Noite";"Decrescente";"Nublado";"Simples";"Reta";"Sim";2;0;1;0;1;0;1;2;-16,37465;-39,579426;"SPRF-BA";"DEL09-BA";"UOP01-DEL09-BA"
414974;2022-02-14;"segunda-feira";"17:25:00";"PE";232;143,4;"SAO CAITANO";"Demais falhas mecânicas ou elétricas";"Incêndio";"Sem Vítimas";"Anoitecer";"Crescente";"Nublado";"Dupla";"Reta";"Não";1;0;0;0;1;0;0;1;-8,32340108;-36,10375899;"SPRF-PE";"DEL02-PE";"UOP03-DEL02-PE"
414977;2022-02-14;"segunda-feira";"18:45:00";"RS";448;15;"CANOAS";"Manobra de mudança de faixa";"Colisão lateral mesmo sentido";"Com Vítimas Feridas";"Pleno dia";"Crescente";"Céu Claro";"Dupla";"Curva";"Sim";3;0;2;0;1;0;2;2;-29,927263;-51,217751;"SPRF-RS";"DEL01-RS";"UOP01-DEL01-RS"
414978;2022-01-31;"segunda-feira";"18:00:00";"PE";408;81,9;"PAUDALHO";"Velocidade Incompatível";"Colisão frontal";"Com Vítimas Fatais";"Plena Noite";"Crescente";"Céu Claro";"Simples";"Curva";"Sim";2;1;0;1;0;0;1;2;-7,9346824604;-35,1301265016;"SPRF-PE";"DEL01-PE";"UOP01-DEL01-PE"
414981;2022-02-14;"segunda-feira";"13:00:00";"MG";365;802,5;"GURINHATA";"Ausência de reação do condutor";"Colisão frontal";"Com Vítimas Feridas";"Pleno dia";"Crescente";"Céu Claro";"Simples";"Reta";"Não";3;0;1;1;1;0;2;2;-18,90119124;-49,92625703;"SPRF-MG";"DEL15-MG";"UOP03-DEL15-MG"
414983;2022-02-14;"segunda-feira";"14:25:00";"ES";101;148;"LINHARES";"Reação tardia ou ineficiente do condutor";"Queda de ocupante de veículo";"Com Vítimas Feridas";"Pleno dia";"Crescente";"Céu Claro";"Dupla";"Reta";"Sim";2;0;1;0;1;0;1;1;-19,38787399;-40,06752766;"SPRF-ES";"DEL04-ES";"UOP01-DEL04-ES"
414984;2022-02-14;"segunda-feira";"15:40:00";"MS";163;258,8;"DOURADOS";"Ausência de reação do condutor";"Saída de leito carroçável";"Com Vítimas Feridas";"Pleno dia";"Crescente";"Céu Claro";"Simples";"Em Obras";"Não";1;0;1;0;0;0;1;1;-22,25575102;-54,77873694;"SPRF-MS";"DEL04-MS";"UOP01-DEL04-MS"
414986;2022-02-14;"segunda-feira";"19:40:00";"DF";70;9;"BRASILIA";"Pedestre cruzava a pista fora da faixa";"Atropelamento de Pedestre";"Com Vítimas Feridas";"Plena Noite";"Crescente";"Céu Claro";"Dupla";"Reta";"Sim";2;0;1;0;1;0;1;2;-15,784615;-48,132023;"SPRF-DF";"DEL03-DF";"UOP02-DEL03-DF"
414987;2022-02-14;"segunda-feira";"19:30:00";"PI";343;341;"TERESINA";"Ausência de reação do condutor";"Colisão traseira";"Sem Vítimas";"Plena Noite";"Decrescente";"Ignorado";"Múltipla";"Reta;Declive";"Sim";3;0;0;0;3;0;0;3;-5,077812;-42,744255;"SPRF-PI";"DEL01-PI";"UOP01-DEL01-PI"
414988;2022-02-14;"segunda-feira";"18:38:00";"PE";232;128;"CARUARU";"Entrada inopinada do pedestre";"Atropelamento de Pedestre";"Com Vítimas Feridas";"Plena Noite";"Crescente";"Céu Claro";"Dupla";"Declive;Reta";"Sim";4;0;0;1;3;0;1;2;-8,30399306;-35,97216301;"SPRF-PE";"DEL02-PE";"UOP03-DEL02-PE"
414989;2022-02-14;"segunda-feira";"14:05:00";"PR";163;83,2;"PLANALTO";"Desrespeitar a preferência no cruzamento";"Colisão transversal";"Sem Vítimas";"Pleno dia";"Decrescente";"Céu Claro";"Simples";"Interseção de Vias";"Não";2;0;0;0;2;0;0;2;-25,710395;-53,768336;"SPRF-PR";"DEL02-PR";"UOP02-DEL02-PR"
414991;2022-02-14;"segunda-feira";"18:30:00";"MG";381;675,9;"PERDOES";"Reação tardia ou ineficiente do condutor";"Atropelamento de Pedestre";"Com Vítimas Feridas";"Anoitecer";"Crescente";"Céu Claro";"Dupla";"Reta;Declive";"Sim";4;0;0;1;2;1;1;2;-21,09387654;-45,07743578;"SPRF-MG";"DEL04-MG";"UOP02-DEL04-MG"
414992;2022-02-14;"segunda-feira";"17:00:00";"RJ";101;429;"MANGARATIBA";"Curva acentuada";"Capotamento";"Com Vítimas Feridas";"Anoitecer";"Decrescente";"Chuva";"Simples";"Curva";"Sim";4;0;1;2;1;0;3;1;-22,935335;-44,0004;"SPRF-RJ";"DEL03-RJ";"UOP03-DEL03-RJ"
414993;2022-02-14;"segunda-feira";"15:40:00";"ES";101;159;"LINHARES";"Acessar a via sem observar a presença dos outros veículos";"Colisão transversal";"Com Vítimas Feridas";"Pleno dia";"Decrescente";"Céu Claro";"Simples";"Reta";"Sim";2;0;1;0;1;0;1;2;-19,4684012;-40,1102557;"SPRF-ES";"DEL04-ES";"UOP01-DEL04-ES"
414995;2022-02-14;"segunda-feira";"20:10:00";"PE";408;91,7;"SAO LOURENCO DA MATA";"Iluminação deficiente";"Atropelamento de Pedestre";"Com Vítimas Fatais";"Plena Noite";"Crescente";"Céu Claro";"Dupla";"Aclive";"Não";2;1;0;0;0;1;0;2;-7,99473192;-35,07007592;"SPRF-PE";"DEL01-PE";"UOP01-DEL01-PE"
414997;2022-02-10;"quinta-feira";"14:00:00";"SE";101;154;"ESTANCIA";"Obras na pista";"Colisão com objeto";"Com Vítimas Feridas";"Pleno dia";"Decrescente";"Céu Claro";"Simples";"Reta;Em Obras";"Não";3;0;1;0;1;1;1;2;-11,28670788;-37,46432304;"SPRF-SE";"DEL02-SE";"UOP01-DEL02-SE"
414999;2022-02-14;"segunda-feira";"19:45:00";"MG";40;631;"CONSELHEIRO LAFAIETE";"Manobra de mudança de faixa";"Colisão lateral mesmo sentido";"Com Vítimas Feridas";"Plena Noite";"Decrescente";"Céu Claro";"Simples";"Reta;Declive";"Sim";2;0;0;1;1;0;1;2;-20,67060627;-43,80008253;"SPRF-MG";"DEL05-MG";"UOP02-DEL05-MG"
415001;2022-02-14;"segunda-feira";"16:20:00";"RJ";101;456;"ANGRA DOS REIS";"Desrespeitar a preferência no cruzamento";"Colisão transversal";"Sem Vítimas";"Pleno dia";"Crescente";"Nublado";"Simples";"Interseção de Vias";"Sim";2;0;0;0;2;0;0;2;-23,03288558;-44,16793391;"SPRF-RJ";"DEL03-RJ";"UOP03-DEL03-RJ"
415003;2022-02-14;"segunda-feira";"20:30:00";"PR";369;173;"ROLANDIA";"Acesso irregular";"Atropelamento de Pedestre";"Com Vítimas Feridas";"Plena Noite";"Crescente";"Céu Claro";"Simples";"Reta";"Sim";2;0;2;0;0;0;2;2;-23,30252006;-51,35295153;"SPRF-PR";"DEL07-PR";"UOP01-DEL07-PR"
415005;2022-02-14;"segunda-feira";"21:13:00";"GO";153;90;"PORANGATU";"Pista esburacada";"Queda de ocupante de veículo";"Com Vítimas Feridas";"Plena Noite";"Crescente";"Céu Claro";"Simples";"Reta";"Não";1;0;0;1;0;0;1;1;-13,572134;-49,046021;"SPRF-GO";"DEL07-GO";"UOP01-DEL07-GO"
415006;2022-02-14;"segunda-feira";"18:00:00";"SC";280;58,6;"GUARAMIRIM";"Conversão proibida";"Colisão transversal";"Com Vítimas Feridas";"Pleno dia";"Crescente";"Nublado";"Simples";"Interseção de Vias;Curva";"Sim";2;0;0;1;1;0;1;2;-26,47540376;-49,03122067;"SPRF-SC";"DEL03-SC";"UOP03-DEL03-SC"
415008;2022-02-14;"segunda-feira";"18:45:00";"SC";282;22,1;"ARAQUARI";"Reação tardia ou ineficiente do condutor";"Engavetamento";"Com Vítimas Feridas";"Plena Noite";"Crescente";"Chuva";"Simples";"Reta";"Não";7;0;2;0;5;0;2;3;-26,370987;-48,702923;"SPRF-SC";"DEL01-SC";"UOP02-DEL01-SC"
415011;2022-02-14;"segunda-feira";"17:30:00";"RJ";101;424;"MANGARATIBA";"Reação tardia ou ineficiente do condutor";"Colisão com objeto";"Com Vítimas Feridas";"Pleno dia";"Decrescente";"Chuva";"Simples";"Curva";"Sim";1;0;1;0;0;0;1;1;-22,92127842;-43,95599173;"SPRF-RJ";"DEL03-RJ";"UOP03-DEL03-RJ"
415013;2022-02-14;"segunda-feira";"21:20:00";"MG";365;1,6;"MONTES CLAROS";"Ausência de reação do condutor";"Tombamento";"Com Vítimas Feridas";"Plena Noite";"Decrescente";"Nublado";"Simples";"Ponte;Reta";"Não";2;0;0;1;0;1;1;1;-16,716154;-43,863327;"SPRF-MG";"DEL12-MG";"UOP01-DEL12-MG"
415014;2022-02-14;"segunda-feira";"18:50:00";"PR";277;74;"SAO JOSE DOS PINHAIS";"Avarias e/ou desgaste excessivo no pneu";"Queda de ocupante de veículo";"Com Vítimas Feridas";"Anoitecer";"Decrescente";"Nublado";"Dupla";"Declive;Reta";"Sim";2;0;2;0;0;0;2;1;-25,51726115;-49,11540707;"SPRF-PR";"DEL01-PR";"UOP01-DEL01-PR"
415015;2022-02-14;"segunda-feira";"19:53:00";"RO";364;12;"VILHENA";"Acessar a via sem observar a presença dos outros veículos";"Colisão transversal";"Com Vítimas Feridas";"Plena Noite";"Decrescente";"Chuva";"Simples";"Reta";"Sim";3;0;1;0;2;0;1;2;-12,74370233;-60,12147609;"SPRF-RO";"DEL04-RO";"UOP01-DEL04-RO"
415016;2022-02-14;"segunda-feira";"22:00:00";"CE";116;3;"FORTALEZA";"Mal súbito do condutor";"Tombamento";"Com Vítimas Feridas";"Plena Noite";"Decrescente";"Céu Claro";"Dupla";"Reta";"Sim";1;0;1;0;0;0;1;1;-3,77866493;-38,51490171;"SPRF-CE";"DEL01-CE";"UOP02-DEL01-CE"
415017;2022-02-14;"segunda-feira";"19:30:00";"RS";158;151,8;"PANAMBI";"Objeto estático sobre o leito carroçável";"Tombamento";"Com Vítimas Feridas";"Plena Noite";"Decrescente";"Céu Claro";"Simples";"Reta";"Sim";1;0;1;0;0;0;1;1;-28,2892111;-53,48522027;"SPRF-RS";"DEL10-RS";"UOP02-DEL10-RS"
415018;2022-02-14;"segunda-feira";"10:50:00";"PI";316;312;"PICOS";"Acessar a via sem observar a presença dos outros veículos";"Colisão lateral mesmo sentido";"Com Vítimas Feridas";"Pleno dia";"Crescente";"Céu Claro";"Simples";"Reta";"Sim";2;0;0;1;1;0;1;2;-7,08092534;-41,4582602;"SPRF-PI";"DEL04-PI";"UOP01-DEL04-PI"
415020;2022-01-23;"domingo";"11:10:00";"RJ";40;111;"DUQUE DE CAXIAS";"Reação tardia ou ineficiente do condutor";"Capotamento";"Com Vítimas Feridas";"Pleno dia";"Crescente";"Céu Claro";"Múltipla";"Aclive;Reta";"Sim";1;0;1;0;0;0;1;1;-22,69122832;-43,28730802;"SPRF-RJ";"DEL01-RJ";"UOP01-DEL01-RJ"
415021;2022-02-14;"segunda-feira";"21:05:00";"PE";428;180,7;"PETROLINA";"Animais na Pista";"Atropelamento de Animal";"Com Vítimas Feridas";"Plena Noite";"Crescente";"Céu Claro";"Simples";"Reta";"Não";1;0;1;0;0;0;1;1;-9,30645468;-40,45303345;"SPRF-PE";"DEL06-PE";"UOP01-DEL06-PE"
415024;2022-02-14;"segunda-feira";"19:03:00";"SP";116;146,8;"SAO JOSE DOS CAMPOS";"Reação tardia ou ineficiente do condutor";"Colisão com objeto";"Com Vítimas Fatais";"Anoitecer";"Crescente";"Nublado";"Dupla";"Declive";"Sim";4;1;0;0;2;1;0;2;-23,1937225;-45,86837053;"SPRF-SP";"DEL02-SP";"UOP01-DEL02-SP"
415025;2022-02-14;"segunda-feira";"15:40:00";"BA";324;622;"SALVADOR";"Trafegar com motocicleta (ou similar) entre as faixas";"Tombamento";"Com Vítimas Feridas";"Pleno dia";"Crescente";"Sol";"Dupla";"Reta;Declive";"Sim";1;0;1;0;0;0;1;1;-12,91888605;-38,46502095;"SPRF-BA";"DEL01-BA";"UOP01-DEL01-BA"
415026;2022-02-14;"segunda-feira";"23:35:00";"CE";304;53;"ARACATI";"Acessar a via sem observar a presença dos outros veículos";"Colisão transversal";"Com Vítimas Feridas";"Pleno dia";"Crescente";"Céu Claro";"Simples";"Reta";"Não";2;0;0;1;1;0;1;2;-4,57402355;-37,73636121;"SPRF-CE";"DEL03-CE";"UOP03-DEL03-CE"
415027;2022-02-14;"segunda-feira";"22:45:00";"SC";282;52;"AGUAS MORNAS";"Transitar na contramão";"Colisão frontal";"Com Vítimas Feridas";"Plena Noite";"Crescente";"Céu Claro";"Simples";"Curva";"Não";3;0;0;1;2;0;1;3;-27,696936;-48,964138;"SPRF-SC";"DEL01-SC";"UOP03-DEL01-SC"
415029;2022-02-14;"segunda-feira";"22:39:00";"MG";381;891,9;"CAMBUI";"Pedestre andava na pista";"Atropelamento de Pedestre";"Com Vítimas Fatais";"Plena Noite";"Decrescente";"Nublado";"Dupla";"Curva";"Não";2;1;0;0;1;0;0;2;-22,57244169;-46,04211699;"SPRF-MG";"DEL16-MG";"UOP03-DEL16-MG"
415032;2022-02-14;"segunda-feira";"19:38:00";"PB";230;77,8;"RIACHAO DO POCO";"Ultrapassagem Indevida";"Saída de leito carroçável";"Com Vítimas Fatais";"Plena Noite";"Crescente";"Nublado";"Dupla";"Reta";"Não";4;1;2;0;0;1;2;1;-7,1869;-35,2871;"SPRF-PB";"DEL01-PB";"UOP03-DEL01-PB"
415034;2022-02-14;"segunda-feira";"22:22:00";"RN";406;160,3;"CEARA-MIRIM";"Animais na Pista";"Atropelamento de Animal";"Com Vítimas Feridas";"Plena Noite";"Decrescente";"Céu Claro";"Simples";"Reta";"Não";1;0;1;0;0;0;1;1;-5,71375666;-35,37210457;"SPRF-RN";"DEL02-RN";"UOP01-DEL02-RN"
415035;2022-02-14;"segunda-feira";"21:30:00";"SP";116;144;"SAO JOSE DOS CAMPOS";"Reação tardia ou ineficiente do condutor";"Colisão lateral mesmo sentido";"Com Vítimas Feridas";"Plena Noite";"Decrescente";"Céu Claro";"Dupla";"Reta";"Sim";3;0;1;0;2;0;1;2;-23,18274416;-45,84633592;"SPRF-SP";"DEL02-SP";"UOP01-DEL02-SP"
415038;2022-02-15;"terça-feira";"02:20:00";"SC";101;208,2;"SAO JOSE";"Ingestão de álcool pelo condutor";"Saída de leito carroçável";"Sem Vítimas";"Plena Noite";"Decrescente";"Céu Claro";"Simples";"Reta";"Sim";1;0;0;0;1;0;0;1;-27,60327979;-48,63201818;"SPRF-SC";"DEL01-SC";"UOP01-DEL01-SC"
415040;2022-02-15;"terça-feira";"05:00:00";"PR";153;69;"CONSELHEIRO MAIRINCK";"Iluminação deficiente";"Colisão traseira";"Com Vítimas Feridas";"Amanhecer";"Crescente";"Céu Claro";"Simples";"Reta";"Não";2;0;1;0;1;0;1;2;-23,49050627;-50,10583214;"SPRF-PR";"DEL07-PR";"UOP04-DEL07-PR"
415042;2022-02-15;"terça-feira";"05:40:00";"BA";116;580;"NOVA ITARANA";"Condutor Dormindo";"Saída de leito carroçável";"Sem Vítimas";"Amanhecer";"Decrescente";"Céu Claro";"Simples";"Reta";"Não";1;0;0;0;1;0;0;1;-13,08915503;-39,9629037;"SPRF-BA";"DEL03-BA";"UOP02-DEL03-BA"
415043;2022-02-14;"segunda-feira";"19:00:00";"MA";10;251;"IMPERATRIZ";"Condutor deixou de manter distância do veículo da frente";"Colisão traseira";"Com Vítimas Feridas";"Plena Noite";"Crescente";"Céu Claro";"Simples";"Reta";"Sim";3;0;1;0;2;0;1;2;-5,543249;-47,464447;"SPRF-MA";"DEL04-MA";"UOP01-DEL04-MA"
415045;2022-02-14;"segunda-feira";"23:00:00";"SC";158;105,1;"CUNHA PORA";"Reação tardia ou ineficiente do condutor";"Saída de leito carroçável";"Com Vítimas Feridas";"Plena Noite";"Decrescente";"Céu Claro";"Simples";"Curva;Aclive";"Não";1;0;0;1;0;0;1;1;-26,86897509;-53,16247716;"SPRF-SC";"DEL07-SC";"UOP02-DEL07-SC"
415046;2022-02-15;"terça-feira";"05:30:00";"RJ";116;167;"SAO JOAO DE MERITI";"Ausência de reação do condutor";"Engavetamento";"Com Vítimas Feridas";"Amanhecer";"Decrescente";"Céu Claro";"Dupla";"Reta";"Sim";5;0;1;0;4;0;1;3;-22,81803977;-43,30787252;"SPRF-RJ";"DEL01-RJ";"UOP02-DEL01-RJ"
415048;2022-02-14;"segunda-feira";"14:10:00";"SC";101;1,3;"GARUVA";"Reação tardia ou ineficiente do condutor";"Colisão traseira";"Sem Vítimas";"Pleno dia";"Crescente";"Céu Claro";"Múltipla";"Reta";"Não";2;0;0;0;2;0;0;2;-25,99190564;-48,88170898;"SPRF-SC";"DEL03-SC";"UOP01-DEL03-SC"
415051;2022-02-15;"terça-feira";"06:50:00";"RN";304;26,2;"MOSSORO";"Ausência de reação do condutor";"Colisão traseira";"Com Vítimas Feridas";"Pleno dia";"Crescente";"Nublado";"Simples";"Reta";"Não";1;0;1;0;0;0;1;1;-5,08165;-37,33349;"SPRF-RN";"DEL04-RN";"UOP02-DEL04-RN"
415052;2022-02-14;"segunda-feira";"12:42:00";"PR";376;625;"SAO JOSE DOS PINHAIS";"Acumulo de óleo sobre o pavimento";"Queda de ocupante de veículo";"Com Vítimas Feridas";"Pleno dia";"Decrescente";"Céu Claro";"Simples";"Rotatória";"Não";1;0;1;0;0;0;1;1;-25,65218089;-49,15731458;"SPRF-PR";"DEL01-PR";"UOP04-DEL01-PR"
415054;2022-02-15;"terça-feira";"07:30:00";"SC";101;217,8;"PALHOCA";"Reação tardia ou ineficiente do condutor";"Colisão transversal";"Com Vítimas Feridas";"Pleno dia";"Decrescente";"Céu Claro";"Dupla";"Interseção de Vias";"Não";2;0;1;0;1;0;1;2;-27,66779034;-48,67393586;"SPRF-SC";"DEL01-SC";"UOP02-DEL01-SC"
415060;2022-02-15;"terça-feira";"07:30:00";"PI";316;11;"TERESINA";"Desrespeitar a preferência no cruzamento";"Colisão transversal";"Com Vítimas Feridas";"Pleno dia";"Crescente";"Sol";"Simples";"Interseção de Vias";"Sim";2;0;0;1;1;0;1;2;-5,18280197;-42,76350291;"SPRF-PI";"DEL01-PI";"UOP02-DEL01-PI"
415062;2022-02-15;"terça-feira";"07:50:00";"SE";235;44;"ITABAIANA";"Acumulo de areia ou detritos sobre o pavimento";"Saída de leito carroçável";"Com Vítimas Feridas";"Pleno dia";"Crescente";"Céu Claro";"Simples";"Reta";"Não";1;0;1;0;0;0;1;1;-10,75489;-37,394836;"SPRF-SE";"DEL01-SE";"UOP02-DEL01-SE"
415064;2022-02-15;"terça-feira";"07:20:00";"MG";40;574;"ITABIRITO";"Avarias e/ou desgaste excessivo no pneu";"Colisão frontal";"Com Vítimas Fatais";"Pleno dia";"Crescente";"Chuva";"Simples";"Reta";"Não";4;1;1;1;1;0;2;3;-20,24791897;-43,96366791;"SPRF-MG";"DEL01-MG";"UOP02-DEL01-MG"
415065;2022-01-09;"domingo";"20:15:00";"MG";365;452;"PATROCINIO";"Avarias e/ou desgaste excessivo no pneu";"Colisão frontal";"Com Vítimas Fatais";"Plena Noite";"Crescente";"Chuva";"Simples";"Reta";"Não";18;2;0;0;16;0;0;2;-18,8386652557;-46,8455769227;"SPRF-MG";"DEL10-MG";"UOP01-DEL10-MG"
415067;2022-02-15;"terça-feira";"08:50:00";"SC";101;142,7;"ITAPEMA";"Problema na suspensão";"Saída de leito carroçável";"Com Vítimas Feridas";"Pleno dia";"Decrescente";"Céu Claro";"Múltipla";"Reta";"Sim";1;0;1;0;0;0;1;1;-27,056089;-48,599449;"SPRF-SC";"DEL04-SC";"UOP03-DEL04-SC"
415068;2022-02-15;"terça-feira";"07:30:00";"MG";381;365;"SAO GONCALO DO RIO ABAIXO";"Chuva";"Capotamento";"Com Vítimas Feridas";"Pleno dia";"Decrescente";"Chuva";"Simples";"Curva";"Não";4;0;1;0;3;0;1;1;-19,854651;-43,261071;"SPRF-MG";"DEL03-MG";"UOP01-DEL03-MG"
415069;2022-02-15;"terça-feira";"09:24:00";"ES";101;133;"LINHARES";"Demais falhas mecânicas ou elétricas";"Tombamento";"Com Vítimas Feridas";"Pleno dia";"Crescente";"Céu Claro";"Simples";"Aclive";"Não";1;0;0;1;0;0;1;1;-19,25700702;-40,08983616;"SPRF-ES";"DEL04-ES";"UOP01-DEL04-ES"
415072;2022-02-15;"terça-feira";"09:00:00";"RJ";101;296;"ITABORAI";"Condutor deixou de manter distância do veículo da frente";"Colisão traseira";"Com Vítimas Feridas";"Pleno dia";"Decrescente";"Céu Claro";"Dupla";"Reta";"Sim";3;0;2;0;1;0;2;2;-22,7670498;-42,91019601;"SPRF-RJ";"DEL02-RJ";"UOP02-DEL02-RJ"
415078;2022-02-12;"sábado";"21:40:00";"RN";304;29;"MOSSORO";"Animais na Pista";"Atropelamento de Animal";"Com Vítimas Feridas";"Plena Noite";"Decrescente";"Céu Claro";"Simples";"Reta";"Não";2;0;1;1;0;0;2;1;-5,10820698;-37,33904209;"SPRF-RN";"DEL04-RN";"UOP02-DEL04-RN"
415082;2022-02-15;"terça-feira";"08:00:00";"BA";101;945;"MUCURI";"Desrespeitar a preferência no cruzamento";"Colisão transversal";"Com Vítimas Feridas";"Pleno dia";"Crescente";"Céu Claro";"Simples";"Rotatória";"Não";2;0;0;1;1;0;1;2;-18,16840196;-39,91873914;"SPRF-BA";"DEL09-BA";"UOP02-DEL09-BA"
415086;2022-02-15;"terça-feira";"09:40:00";"CE";222;2;"CAUCAIA";"Pista Escorregadia";"Queda de ocupante de veículo";"Com Vítimas Feridas";"Pleno dia";"Decrescente";"Chuva";"Dupla";"Ponte";"Sim";1;0;1;0;0;0;1;1;-3,73911117;-38,58687498;"SPRF-CE";"DEL01-CE";"UOP01-DEL01-CE"
415087;2022-02-15;"terça-feira";"08:10:00";"RS";290;19;"SANTO ANTONIO DA PATRULHA";"Acessar a via sem observar a presença dos outros veículos";"Colisão lateral mesmo sentido";"Com Vítimas Feridas";"Pleno dia";"Decrescente";"Céu Claro";"Dupla";"Reta";"Não";3;0;1;0;2;0;1;2;-29,884407;-50,444893;"SPRF-RS";"DEL03-RS";"UOP01-DEL03-RS"
415088;2022-01-29;"sábado";"11:02:00";"PA";230;125;"MARABA";"Condutor Dormindo";"Saída de leito carroçável";"Com Vítimas Feridas";"Pleno dia";"Crescente";"Nublado";"Simples";"Reta";"Sim";1;0;1;0;0;0;1;1;-5,37652185;-49,14349399;"SPRF-PA";"DEL03-PA";"UOP01-DEL03-PA"
415092;2022-02-04;"sexta-feira";"16:15:00";"PB";230;13;"CABEDELO";"Condutor deixou de manter distância do veículo da frente";"Colisão traseira";"Com Vítimas Feridas";"Pleno dia";"Decrescente";"Céu Claro";"Dupla";"Reta";"Sim";2;0;1;0;1;0;1;2;-7,08008105;-34,84902492;"SPRF-PB";"DEL01-PB";"UOP01-DEL01-PB"
415094;2022-02-05;"sábado";"17:00:00";"RS";287;495;"SAO BORJA";"Ingestão de álcool pelo condutor";"Saída de leito carroçável";"Com Vítimas Feridas";"Pleno dia";"Crescente";"Céu Claro";"Simples";"Reta";"Não";1;0;1;0;0;0;1;1;-28,8742321468;-55,675053156;"SPRF-RS";"DEL12-RS";"UOP01-DEL12-RS"
415097;2022-02-15;"terça-feira";"11:45:00";"SP";153;256;"MARILIA";"Condutor deixou de manter distância do veículo da frente";"Colisão traseira";"Com Vítimas Feridas";"Pleno dia";"Decrescente";"Céu Claro";"Dupla";"Reta";"Sim";2;0;1;0;1;0;1;2;-22,231552;-49,91968;"SPRF-SP";"DEL07-SP";"UOP02-DEL07-SP"
415099;2022-02-15;"terça-feira";"11:50:00";"RO";364;708;"PORTO VELHO";"Acessar a via sem observar a presença dos outros veículos";"Colisão lateral mesmo sentido";"Com Vítimas Feridas";"Pleno dia";"Decrescente";"Nublado";"Dupla";"Reta";"Sim";2;0;1;0;1;0;1;2;-8,79554083;-63,84072487;"SPRF-RO";"DEL01-RO";"UOP01-DEL01-RO"
415101;2022-02-15;"terça-feira";"13:25:00";"RN";101;85;"SAO GONCALO DO AMARANTE";"Pedestre cruzava a pista fora da faixa";"Atropelamento de Pedestre";"Com Vítimas Feridas";"Pleno dia";"Crescente";"Céu Claro";"Dupla";"Reta";"Sim";2;0;0;1;1;0;1;2;-5,777664;-35,24937;"SPRF-RN";"DEL02-RN";"UOP01-DEL02-RN"
415102;2022-02-15;"terça-feira";"09:00:00";"MG";262;85,2;"ABRE CAMPO";"Ultrapassagem Indevida";"Colisão frontal";"Com Vítimas Feridas";"Pleno dia";"Decrescente";"Nublado";"Simples";"Reta";"Não";2;0;0;2;0;0;2;2;-20,33869519;-42,42127699;"SPRF-MG";"DEL03-MG";"UOP03-DEL03-MG"