"id";"data_inversa";"dia_semana";"horario";"uf";"br";"km";"municipio";"causa_acidente";"tipo_acidente";"classificacao_acidente";"fase_dia";"sentido_via";"condicao_metereologica";"tipo_pista";"tracado_via";"uso_solo";"pessoas";"mortos";"feridos_leves";"feridos_graves";"ilesos";"ignorados";"feridos";"veiculos";"latitude";"longitude";"regional";"delegacia";"uop"
415104;2022-02-15;"terça-feira";"08:39:00";"RN";101;98;"NATAL";"Manobra de mudança de faixa";"Colisão lateral mesmo sentido";"Com Vítimas Feridas";"Pleno dia";"Decrescente";"Sol";"Dupla";"Declive";"Sim";2;0;1;0;1;0;1;2;-5,86567888;-35,21651625;"SPRF-RN";"DEL01-RN";"UOP01-DEL01-RN"
415105;2022-02-15;"terça-feira";"14:00:00";"GO";60;95;"ANAPOLIS";"Manobra de mudança de faixa";"Colisão com objeto";"Com Vítimas Feridas";"Pleno dia";"Decrescente";"Céu Claro";"Dupla";"Reta";"Sim";2;0;1;0;1;0;1;1;-16,3679;-48,939;"SPRF-GO";"DEL02-GO";"UOP01-DEL02-GO"
415109;2022-01-10;"segunda-feira";"14:20:00";"SP";116;162;"JACAREI";"Ausência de reação do condutor";"Colisão lateral mesmo sentido";"Com Vítimas Feridas";"Pleno dia";"Crescente";"Nublado";"Dupla";"Rotatória";"Sim";2;0;1;0;1;0;1;2;-23,28133317;-45,98394689;"SPRF-SP";"DEL02-SP";"UOP01-DEL02-SP"
415111;2022-02-15;"terça-feira";"14:10:00";"RN";101;81;"SAO GONCALO DO AMARANTE";"Manobra de mudança de faixa";"Colisão lateral mesmo sentido";"Com Vítimas Feridas";"Pleno dia";"Crescente";"Céu Claro";"Simples";"Reta";"Não";3;0;0;2;1;0;2;2;-5,76469466;-35,28295988;"SPRF-RN";"DEL02-RN";"UOP01-DEL02-RN"
415114;2022-02-15;"terça-feira";"12:30:00";"MA";10;256;"IMPERATRIZ";"Mal súbito do condutor";"Saída de leito carroçável";"Com Vítimas Fatais";"Pleno dia";"Crescente";"Céu Claro";"Simples";"Reta";"Sim";1;1;0;0;0;0;0;1;-5,499715;-47,471836;"SPRF-MA";"DEL04-MA";"UOP01-DEL04-MA"
415115;2022-02-15;"terça-feira";"15:00:00";"PE";104;51;"CARUARU";"Avarias e/ou desgaste excessivo no pneu";"Tombamento";"Com Vítimas Feridas";"Pleno dia";"Crescente";"Céu Claro";"Dupla";"Reta";"Não";2;0;1;1;0;0;2;1;-8,1685;-35,9769;"SPRF-PE";"DEL02-PE";"UOP01-DEL02-PE"
415118;2022-01-22;"sábado";"19:05:00";"MA";135;21,2;"SAO LUIS";"Retorno proibido";"Colisão traseira";"Com Vítimas Feridas";"Plena Noite";"Decrescente";"Nublado";"Dupla";"Reta";"Sim";5;0;3;0;1;1;3;3;-2,53073;-44,3068;"SPRF-MA";"DEL01-MA";"UOP01-DEL01-MA"
415119;2022-02-15;"terça-feira";"14:30:00";"RJ";393;285;"VOLTA REDONDA";"Condutor deixou de manter distância do veículo da frente";"Colisão lateral mesmo sentido";"Com Vítimas Feridas";"Pleno dia";"Decrescente";"Céu Claro";"Simples";"Reta";"Não";3;0;1;0;2;0;1;3;-22,481726;-44,06308602;"SPRF-RJ";"DEL05-RJ";"UOP04-DEL05-RJ"
415123;2022-02-15;"terça-feira";"13:05:00";"SC";285;34,8;"TIMBE DO SUL";"Desrespeitar a preferência no cruzamento";"Colisão transversal";"Com Vítimas Feridas";"Pleno dia";"Decrescente";"Céu Claro";"Simples";"Rotatória";"Não";3;0;0;2;1;0;2;2;-28,82953873;-49,84103724;"SPRF-SC";"DEL02-SC";"UOP02-DEL02-SC"
415124;2022-02-15;"terça-feira";"14:22:00";"PR";376;220,9;"CAMBIRA";"Condutor deixou de manter distância do veículo da frente";"Colisão traseira";"Com Vítimas Feridas";"Pleno dia";"Decrescente";"Céu Claro";"Dupla";"Reta";"Não";2;0;1;0;1;0;1;2;-23,60241541;-51,59826198;"SPRF-PR";"DEL09-PR";"UOP01-DEL09-PR"
415126;2022-02-15;"terça-feira";"12:00:00";"BA";101;487;"ITAJUIPE";"Velocidade Incompatível";"Saída de leito carroçável";"Com Vítimas Feridas";"Pleno dia";"Crescente";"Nublado";"Simples";"Curva";"Não";2;0;2;0;0;0;2;1;-14,6986117;-39,3649258;"SPRF-BA";"DEL05-BA";"UOP01-DEL05-BA"
415127;2022-02-15;"terça-feira";"13:30:00";"RO";364;14;"VILHENA";"Chuva";"Queda de ocupante de veículo";"Com Vítimas Feridas";"Pleno dia";"Crescente";"Garoa/Chuvisco";"Simples";"Reta";"Sim";1;0;1;0;0;0;1;1;-12,73898138;-60,13911417;"SPRF-RO";"DEL04-RO";"UOP01-DEL04-RO"
415129;2022-02-15;"terça-feira";"16:50:00";"PE";232;7,6;"RECIFE";"Condutor deixou de manter distância do veículo da frente";"Colisão lateral mesmo sentido";"Sem Vítimas";"Anoitecer";"Crescente";"Céu Claro";"Dupla";"Reta";"Sim";2;0;0;0;1;1;0;2;-8,07333497;-34,96184301;"SPRF-PE";"DEL01-PE";"UOP01-DEL01-PE"
415130;2022-02-15;"terça-feira";"17:00:00";"MG";381;484,5;"BETIM";"Ausência de reação do condutor";"Tombamento";"Com Vítimas Feridas";"Pleno dia";"Crescente";"Céu Claro";"Dupla";"Declive;Reta";"Sim";1;0;1;0;0;0;1;1;-19,95531717;-44,11722196;"SPRF-MG";"DEL01-MG";"UOP03-DEL01-MG"
415132;2022-02-15;"terça-feira";"16:17:00";"RN";101;104;"PARNAMIRIM";"Condutor deixou de manter distância do veículo da frente";"Colisão traseira";"Com Vítimas Feridas";"Pleno dia";"Decrescente";"Céu Claro";"Simples";"Curva";"Sim";5;0;1;0;4;0;1;5;-5,89200014;-35,25606221;"SPRF-RN";"DEL01-RN";"UOP01-DEL01-RN"
415133;2022-02-15;"terça-feira";"16:26:00";"DF";60;2,3;"BRASILIA";"Acessar a via sem observar a presença dos outros veículos";"Colisão lateral mesmo sentido";"Sem Vítimas";"Pleno dia";"Crescente";"Céu Claro";"Dupla";"Reta";"Sim";2;0;0;0;2;0;0;2;-15,887383;-48,077988;"SPRF-DF";"DEL03-DF";"UOP01-DEL03-DF"
415134;2022-02-15;"terça-feira";"16:17:00";"RN";101;95;"NATAL";"Manobra de mudança de faixa";"Colisão transversal";"Sem Vítimas";"Anoitecer";"Crescente";"Céu Claro";"Dupla";"Interseção de Vias";"Sim";2;0;0;0;2;0;0;2;-5,84076841;-35,21035949;"SPRF-RN";"DEL01-RN";"UOP01-DEL01-RN"
415137;2022-02-15;"terça-feira";"17:30:00";"RN";406;171;"SAO GONCALO DO AMARANTE";"Manobra de mudança de faixa";"Colisão lateral mesmo sentido";"Com Vítimas Feridas";"Anoitecer";"Decrescente";"Céu Claro";"Dupla";"Declive";"Sim";2;0;1;0;1;0;1;2;-5,76172663;-35,29115323;"SPRF-RN";"DEL02-RN";"UOP01-DEL02-RN"
415138;2022-02-15;"terça-feira";"16:05:00";"MG";381;935,3;"EXTREMA";"Manobra de mudança de faixa";"Colisão lateral mesmo sentido";"Com Vítimas Feridas";"Pleno dia";"Decrescente";"Céu Claro";"Dupla";"Curva";"Não";3;0;2;0;1;0;2;2;-22,80792289;-46,2685297;"SPRF-MG";"DEL16-MG";"UOP03-DEL16-MG"
415140;2022-02-15;"terça-feira";"17:10:00";"RN";405;73;"APODI";"Reação tardia ou ineficiente do condutor";"Queda de ocupante de veículo";"Com Vítimas Feridas";"Pleno dia";"Crescente";"Céu Claro";"Simples";"Declive;Curva";"Não";2;0;1;1;0;0;2;1;-5,6262269;-37,79782904;"SPRF-RN";"DEL04-RN";"UOP02-DEL04-RN"
415141;2022-02-15;"terça-feira";"12:30:00";"BA";101;509;"ITABUNA";"Transitar no acostamento";"Colisão transversal";"Com Vítimas Feridas";"Pleno dia";"Decrescente";"Nublado";"Simples";"Reta";"Sim";2;0;0;1;0;1;1;2;-14,97552497;-39,32731602;"SPRF-BA";"DEL05-BA";"UOP01-DEL05-BA"
415143;2022-02-15;"terça-feira";"17:50:00";"PE";101;46;"IGARASSU";"Acessar a via sem observar a presença dos outros veículos";"Atropelamento de Pedestre";"Com Vítimas Feridas";"Plena Noite";"Decrescente";"Vento";"Múltipla";"Reta";"Sim";2;0;1;0;1;0;1;2;-7,87406004;-34,90588126;"SPRF-PE";"DEL01-PE";"UOP02-DEL01-PE"
415147;2022-02-15;"terça-feira";"17:50:00";"SC";280;50;"GUARAMIRIM";"Acesso irregular";"Colisão transversal";"Com Vítimas Feridas";"Pleno dia";"Crescente";"Céu Claro";"Simples";"Reta";"Sim";2;0;1;0;1;0;1;2;-26,4619489;-48,94618404;"SPRF-SC";"DEL03-SC";"UOP03-DEL03-SC"
415152;2022-02-12;"sábado";"14:10:00";"RS";116;198;"PICADA CAFE";"Acumulo de areia ou detritos sobre o pavimento";"Saída de leito carroçável";"Com Vítimas Feridas";"Pleno dia";"Decrescente";"Céu Claro";"Simples";"Curva";"Não";1;0;1;0;0;0;1;1;-29,47732808;-51,14276201;"SPRF-RS";"DEL05-RS";"UOP02-DEL05-RS"
415154;2022-02-15;"terça-feira";"17:30:00";"SC";282;538,2;"CHAPECO";"Demais falhas mecânicas ou elétricas";"Tombamento";"Com Vítimas Feridas";"Pleno dia";"Decrescente";"Céu Claro";"Simples";"Reta";"Não";2;0;2;0;0;0;2;1;-26,998323;-52,673199;"SPRF-SC";"DEL07-SC";"UOP01-DEL07-SC"
415155;2022-02-15;"terça-feira";"18:59:00";"GO";40;1,3;"VALPARAISO DE GOIAS";"Ingestão de álcool ou de substâncias psicoativas pelo pedestre";"Atropelamento de Pedestre";"Com Vítimas Feridas";"Plena Noite";"Decrescente";"Nublado";"Dupla";"Reta";"Sim";2;0;0;1;1;0;1;2;-16,058245;-47,982825;"SPRF-DF";"DEL01-DF";"UOP01-DEL01-DF"
415156;2022-02-15;"terça-feira";"18:30:00";"CE";116;508;"BREJO SANTO";"Demais falhas na via";"Tombamento";"Com Vítimas Feridas";"Plena Noite";"Crescente";"Céu Claro";"Simples";"Reta";"Não";1;0;0;1;0;0;1;1;-7,51284501;-38,99025297;"SPRF-CE";"DEL05-CE";"UOP03-DEL05-CE"
415162;2022-02-15;"terça-feira";"18:00:00";"SC";101;207;"SAO JOSE";"Ingestão de álcool pelo condutor";"Colisão traseira";"Com Vítimas Feridas";"Anoitecer";"Crescente";"Céu Claro";"Dupla";"Aclive";"Sim";2;0;1;0;1;0;1;2;-27,60001226;-48,6226467;"SPRF-SC";"DEL01-SC";"UOP01-DEL01-SC"
415163;2022-02-15;"terça-feira";"18:00:00";"PB";101;88;"JOAO PESSOA";"Acessar a via sem observar a presença dos outros veículos";"Colisão lateral mesmo sentido";"Com Vítimas Feridas";"Plena Noite";"Crescente";"Ignorado";"Dupla";"Interseção de Vias;Declive;Reta";"Sim";2;0;1;0;1;0;1;2;-7,16430976;-34,89665508;"SPRF-PB";"DEL01-PB";"UOP01-DEL01-PB"
415165;2022-02-15;"terça-feira";"19:17:00";"PE";101;106;"CABO DE SANTO AGOSTINHO";"Iluminação deficiente";"Saída de leito carroçável";"Com Vítimas Feridas";"Plena Noite";"Decrescente";"Nublado";"Dupla";"Curva";"Sim";4;0;2;1;1;0;3;1;-8,30807754;-35,07573296;"SPRF-PE";"DEL01-PE";"UOP01-DEL01-PE"
415166;2022-02-14;"segunda-feira";"23:00:00";"RO";364;1023;"PORTO VELHO";"Transitar na contramão";"Colisão frontal";"Com Vítimas Fatais";"Plena Noite";"Crescente";"Nublado";"Simples";"Declive";"Não";4;1;0;0;3;0;0;2;-9,74626436;-66,20134792;"SPRF-RO";"DEL01-RO";"UOP03-DEL01-RO"
415167;2022-02-15;"terça-feira";"11:33:00";"SC";470;176,9;"POUSO REDONDO";"Desrespeitar a preferência no cruzamento";"Colisão transversal";"Com Vítimas Feridas";"Pleno dia";"Crescente";"Céu Claro";"Simples";"Rotatória";"Não";2;0;1;0;1;0;1;2;-27,254238;-49,948658;"SPRF-SC";"DEL04-SC";"UOP02-DEL04-SC"
415168;2022-02-15;"terça-feira";"19:15:00";"ES";101;393,6;"RIO NOVO DO SUL";"Ingestão de álcool pelo condutor";"Colisão lateral sentido oposto";"Sem Vítimas";"Plena Noite";"Decrescente";"Nublado";"Simples";"Declive";"Não";2;0;0;0;2;0;0;2;-20,865694;-40,91366;"SPRF-ES";"DEL03-ES";"UOP02-DEL03-ES"
415169;2022-02-15;"terça-feira";"18:34:00";"PR";277;97;"CURITIBA";"Condutor deixou de manter distância do veículo da frente";"Colisão lateral mesmo sentido";"Com Vítimas Feridas";"Plena Noite";"Decrescente";"Céu Claro";"Dupla";"Reta";"Sim";2;0;1;0;1;0;1;2;-25,54577186;-49,29537197;"SPRF-PR";"DEL01-PR";"UOP01-DEL01-PR"
415171;2022-02-15;"terça-feira";"12:08:00";"RO";364;960;"PORTO VELHO";"Animais na Pista";"Atropelamento de Animal";"Sem Vítimas";"Pleno dia";"Crescente";"Céu Claro";"Simples";"Reta";"Não";1;0;0;0;1;0;0;1;-9,65550389;-65,63541802;"SPRF-RO";"DEL01-RO";"UOP03-DEL01-RO"
415172;2022-02-15;"terça-feira";"18:15:00";"PR";277;729;"FOZ DO IGUACU";"Acessar a via sem observar a presença dos outros veículos";"Colisão lateral mesmo sentido";"Com Vítimas Feridas";"Pleno dia";"Crescente";"Céu Claro";"Dupla";"Retorno Regulamentado";"Sim";2;0;1;0;1;0;1;2;-25,50749887;-54,58379896;"SPRF-PR";"DEL05-PR";"UOP03-DEL05-PR"
415174;2022-02-15;"terça-feira";"18:00:00";"BA";242;415;"SEABRA";"Reação tardia ou ineficiente do condutor";"Tombamento";"Com Vítimas Feridas";"Anoitecer";"Decrescente";"Céu Claro";"Simples";"Reta";"Não";1;0;0;1;0;0;1;1;-12,42862043;-41,77926194;"SPRF-BA";"DEL06-BA";"UOP01-DEL06-BA"
415176;2022-02-15;"terça-feira";"19:10:00";"MT";364;234;"RONDONOPOLIS";"Chuva";"Saída de leito carroçável";"Com Vítimas Feridas";"Plena Noite";"Decrescente";"Chuva";"Dupla";"Curva";"Não";1;0;1;0;0;0;1;1;-16,23115894;-54,78177125;"SPRF-MT";"DEL02-MT";"UOP01-DEL02-MT"
415180;2022-01-01;"sábado";"22:20:00";"RO";319;56;"PORTO VELHO";"Velocidade Incompatível";"Colisão com objeto";"Sem Vítimas";"Plena Noite";"Crescente";"Nublado";"Simples";"Curva";"Não";1;0;0;0;0;1;0;1;-8,7397140014;-63,9321402385;"SPRF-RO";"DEL01-RO";"UOP01-DEL01-RO"
415181;2022-01-02;"domingo";"15:00:00";"PI";135;499;"MONTE ALEGRE DO PIAUI";"Pista esburacada";"Colisão frontal";"Com Vítimas Feridas";"Pleno dia";"Crescente";"Chuva";"Simples";"Reta";"Não";7;0;6;1;0;0;7;2;-9,73769612;-45,25831999;"SPRF-PI";"DEL03-PI";"UOP02-DEL03-PI"
415183;2022-02-15;"terça-feira";"19:50:00";"RN";101;145;"GOIANINHA";"Desrespeitar a preferência no cruzamento";"Colisão transversal";"Com Vítimas Feridas";"Plena Noite";"Crescente";"Céu Claro";"Simples";"Reta";"Sim";2;0;1;0;1;0;1;2;-6,25332906;-35,21460513;"SPRF-RN";"DEL01-RN";"UOP01-DEL01-RN"
415184;2022-02-15;"terça-feira";"18:30:00";"RR";401;6,2;"CANTA";"Pedestre cruzava a pista fora da faixa";"Atropelamento de Pedestre";"Com Vítimas Feridas";"Anoitecer";"Decrescente";"Céu Claro";"Dupla";"Reta";"Não";2;0;1;1;0;0;2;2;2,79360724;-60,64004844;"SPRF-RR";"DEL01-RR";"UOP01-DEL01-RR"
415185;2022-02-15;"terça-feira";"17:45:00";"SC";470;43;"BLUMENAU";"Condutor deixou de manter distância do veículo da frente";"Colisão traseira";"Com Vítimas Feridas";"Pleno dia";"Decrescente";"Céu Claro";"Simples";"Reta";"Não";2;0;1;0;1;0;1;2;-26,874519;-49,013454;"SPRF-SC";"DEL04-SC";"UOP01-DEL04-SC"
415186;2022-02-15;"terça-feira";"19:50:00";"MG";262;42,9;"MANHUACU";"Demais falhas na via";"Tombamento";"Com Vítimas Feridas";"Plena Noite";"Crescente";"Nublado";"Simples";"Reta";"Não";1;0;1;0;0;0;1;1;-20,26976316;-42,06894006;"SPRF-MG";"DEL06-MG";"UOP03-DEL06-MG"
415189;2022-02-15;"terça-feira";"19:54:00";"PR";376;5,9;"MANDAGUARI";"Transitar na contramão";"Colisão lateral sentido oposto";"Com Vítimas Fatais";"Plena Noite";"Crescente";"Chuva";"Simples";"Reta";"Sim";4;1;0;0;1;2;0;4;-23,547966;-51,671265;"SPRF-PR";"DEL09-PR";"UOP01-DEL09-PR"
415191;2022-02-15;"terça-feira";"21:10:00";"RJ";40;104;"DUQUE DE CAXIAS";"Ausência de reação do condutor";"Colisão traseira";"Com Vítimas Feridas";"Plena Noite";"Crescente";"Céu Claro";"Dupla";"Reta";"Sim";3;0;1;0;2;0;1;2;-22,62897902;-43,28579508;"SPRF-RJ";"DEL01-RJ";"UOP01-DEL01-RJ"
415193;2022-02-15;"terça-feira";"22:10:00";"RO";364;194;"PIMENTA BUENO";"Velocidade Incompatível";"Queda de ocupante de veículo";"Com Vítimas Feridas";"Plena Noite";"Decrescente";"Céu Claro";"Simples";"Reta";"Sim";1;0;1;0;0;0;1;1;-11,69979812;-61,17114216;"SPRF-RO";"DEL02-RO";"UOP02-DEL02-RO"
415197;2022-02-15;"terça-feira";"17:45:00";"MG";116;460,8;"TARUMIRIM";"Transitar na contramão";"Colisão frontal";"Com Vítimas Fatais";"Pleno dia";"Crescente";"Nublado";"Simples";"Reta";"Não";2;1;0;1;0;0;1;2;-19,23400711;-42,05671434;"SPRF-MG";"DEL06-MG";"UOP02-DEL06-MG"
415199;2022-02-15;"terça-feira";"22:12:00";"PR";376;494;"PONTA GROSSA";"Pedestre cruzava a pista fora da faixa";"Atropelamento de Pedestre";"Com Vítimas Feridas";"Plena Noite";"Crescente";"Céu Claro";"Dupla";"Aclive;Reta";"Sim";3;0;0;1;1;1;1;2;-25,129879;-50,172961;"SPRF-PR";"DEL03-PR";"UOP01-DEL03-PR"
415200;2022-02-15;"terça-feira";"23:50:00";"PE";101;92;"CABO DE SANTO AGOSTINHO";"Animais na Pista";"Atropelamento de Animal";"Sem Vítimas";"Plena Noite";"Crescente";"Nublado";"Simples";"Reta";"Sim";1;0;0;0;0;1;0;1;-8,23201792;-34,99778611;"SPRF-PE";"DEL01-PE";"UOP01-DEL01-PE"
415202;2022-02-15;"terça-feira";"23:40:00";"AL";316;91,2;"SANTANA DO IPANEMA";"Ausência de reação do condutor";"Queda de ocupante de veículo";"Com Vítimas Feridas";"Plena Noite";"Crescente";"Céu Claro";"Simples";"Reta";"Não";1;0;1;0;0;0;1;1;-9,38921193;-37,19778405;"SPRF-AL";"DEL03-AL";"UOP02-DEL03-AL"
415209;2022-02-15;"terça-feira";"23:15:00";"SC";101;287;"IMBITUBA";"Objeto estático sobre o leito carroçável";"Tombamento";"Com Vítimas Feridas";"Plena Noite";"Crescente";"Céu Claro";"Dupla";"Reta";"Não";1;0;1;0;0;0;1;1;-28,23766496;-48,70059767;"SPRF-SC";"DEL02-SC";"UOP03-DEL02-SC"
415210;2022-02-16;"quarta-feira";"05:14:00";"MS";163;152;"JUTI";"Reação tardia ou ineficiente do condutor";"Saída de leito carroçável";"Com Vítimas Feridas";"Amanhecer";"Decrescente";"Sol";"Simples";"Reta";"Não";1;0;1;0;0;0;1;1;-22,955086;-54,443733;"SPRF-MS";"DEL09-MS";"UOP01-DEL09-MS"
415213;2022-02-16;"quarta-feira";"06:30:00";"PR";277;108;"CAMPO LARGO";"Ausência de reação do condutor";"Saída de leito carroçável";"Com Vítimas Feridas";"Amanhecer";"Crescente";"Céu Claro";"Dupla";"Reta";"Não";1;0;1;0;0;0;1;1;-25,46337891;-49,35755379;"SPRF-PR";"DEL01-PR";"UOP03-DEL03-PR"
415216;2022-02-16;"quarta-feira";"06:35:00";"ES";101;287,5;"CARIACICA";"Desrespeitar a preferência no cruzamento";"Colisão transversal";"Com Vítimas Feridas";"Pleno dia";"Decrescente";"Nublado";"Dupla";"Reta;Retorno Regulamentado";"Sim";2;0;0;1;1;0;1;2;-20,26850471;-40,38872665;"SPRF-ES";"DEL01-ES";"UOP01-DEL01-ES"
415222;2022-02-16;"quarta-feira";"07:30:00";"PR";116;121;"CURITIBA";"Animais na Pista";"Tombamento";"Com Vítimas Feridas";"Pleno dia";"Decrescente";"Céu Claro";"Dupla";"Reta";"Não";1;0;1;0;0;0;1;1;-25,5599323;-49,30743945;"SPRF-PR";"DEL01-PR";"UOP03-DEL01-PR"
415223;2022-01-31;"segunda-feira";"01:15:00";"PA";10;354;"SANTA MARIA DO PARA";"Acessar a via sem observar a presença dos outros veículos";"Atropelamento de Pedestre";"Com Vítimas Fatais";"Plena Noite";"Decrescente";"Nevoeiro/Neblina";"Simples";"Reta";"Sim";2;1;0;0;1;0;0;2;-1,34759789;-47,57735696;"SPRF-PA";"DEL01-PA";"UOP02-DEL01-PA"
415225;2022-02-16;"quarta-feira";"08:00:00";"SE";235;1;"ARACAJU";"Condutor deixou de manter distância do veículo da frente";"Colisão traseira";"Com Vítimas Feridas";"Pleno dia";"Decrescente";"Céu Claro";"Dupla";"Reta";"Sim";4;0;2;0;2;0;2;2;-10,9073;-37,0947;"SPRF-SE";"DEL01-SE";"UOP01-DEL01-SE"
415227;2022-02-16;"quarta-feira";"08:10:00";"SP";101;49,8;"UBATUBA";"Acessar a via sem observar a presença dos outros veículos";"Colisão transversal";"Com Vítimas Feridas";"Pleno dia";"Crescente";"Céu Claro";"Simples";"Reta";"Sim";3;0;1;0;2;0;1;2;-23,44410908;-45,08375708;"SPRF-SP";"DEL06-SP";"UOP01-DEL06-SP"
415228;2022-02-16;"quarta-feira";"08:02:00";"TO";153;296,6;"PRESIDENTE KENNEDY";"Acostamento em desnível";"Saída de leito carroçável";"Com Vítimas Feridas";"Pleno dia";"Decrescente";"Chuva";"Simples";"Reta";"Não";4;0;1;0;3;0;1;1;-8,49782597;-48,48989388;"SPRF-TO";"DEL02-TO";"UOP02-DEL02-TO"
415229;2022-02-16;"quarta-feira";"07:55:00";"PA";163;969;"SANTAREM";"Acessar a via sem observar a presença dos outros veículos";"Colisão transversal";"Com Vítimas Fatais";"Pleno dia";"Crescente";"Garoa/Chuvisco";"Simples";"Reta";"Não";2;1;0;0;1;0;0;2;-2,66566;-54,838745;"SPRF-PA";"DEL05-PA";"UOP01-DEL05-PA"
415231;2022-02-16;"quarta-feira";"07:00:00";"PB";230;26,5;"JOAO PESSOA";"Ausência de reação do condutor";"Engavetamento";"Sem Vítimas";"Pleno dia";"Crescente";"Céu Claro";"Dupla";"Reta";"Sim";4;0;0;0;4;0;0;4;-7,1693;-34,8782;"SPRF-PB";"DEL01-PB";"UOP01-DEL01-PB"
415232;2022-02-16;"quarta-feira";"06:50:00";"SC";101;411,3;"ARARANGUA";"Desrespeitar a preferência no cruzamento";"Colisão transversal";"Com Vítimas Feridas";"Pleno dia";"Decrescente";"Céu Claro";"Simples";"Rotatória";"Sim";3;0;1;0;2;0;1;2;-28,93112097;-49,4940421;"SPRF-SC";"DEL02-SC";"UOP02-DEL02-SC"
415233;2022-02-13;"domingo";"04:10:00";"PR";373;178;"PONTA GROSSA";"Velocidade Incompatível";"Colisão com objeto";"Sem Vítimas";"Plena Noite";"Decrescente";"Céu Claro";"Dupla";"Reta";"Sim";1;0;0;0;0;1;0;1;-25,05025485;-50,23418475;"SPRF-PR";"DEL03-PR";"UOP01-DEL03-PR"
415235;2022-02-16;"quarta-feira";"08:50:00";"MG";381;495;"BETIM";"Trafegar com motocicleta (ou similar) entre as faixas";"Tombamento";"Com Vítimas Feridas";"Pleno dia";"Crescente";"Céu Claro";"Dupla";"Aclive";"Sim";1;0;0;1;0;0;1;1;-19,98890883;-44,20522016;"SPRF-MG";"DEL01-MG";"UOP03-DEL01-MG"
415236;2022-02-16;"quarta-feira";"08:00:00";"CE";116;2;"FORTALEZA";"Ausência de reação do condutor";"Colisão traseira";"Com Vítimas Feridas";"Pleno dia";"Decrescente";"Chuva";"Múltipla";"Reta";"Sim";2;0;1;0;1;0;1;2;-3,77019802;-38,51724508;"SPRF-CE";"DEL01-CE";"UOP02-DEL01-CE"
415240;2022-02-16;"quarta-feira";"06:00:00";"MG";116;535,4;"SANTA RITA DE MINAS";"Ultrapassagem Indevida";"Colisão frontal";"Com Vítimas Fatais";"Pleno dia";"Decrescente";"Nublado";"Simples";"Reta";"Não";4;1;1;1;1;0;2;3;-19,85292504;-42,14058636;"SPRF-MG";"DEL06-MG";"UOP02-DEL06-MG"
415242;2022-02-16;"quarta-feira";"08:30:00";"GO";40;5,9;"VALPARAISO DE GOIAS";"Trafegar com motocicleta (ou similar) entre as faixas";"Colisão traseira";"Com Vítimas Feridas";"Pleno dia";"Decrescente";"Céu Claro";"Dupla";"Reta";"Sim";2;0;1;0;1;0;1;2;-16,09925773;-47,97832489;"SPRF-DF";"DEL01-DF";"UOP01-DEL01-DF"
415247;2022-02-06;"domingo";"06:30:00";"MS";163;259,8;"DOURADOS";"Ingestão de álcool pelo condutor";"Colisão com objeto";"Com Vítimas Feridas";"Pleno dia";"Decrescente";"Céu Claro";"Dupla";"Reta";"Não";1;0;0;1;0;0;1;1;-22,25258409;-54,77697385;"SPRF-MS";"DEL04-MS";"UOP01-DEL04-MS"
415251;2022-02-16;"quarta-feira";"10:05:00";"SC";101;207,7;"SAO JOSE";"Acessar a via sem observar a presença dos outros veículos";"Colisão lateral mesmo sentido";"Com Vítimas Feridas";"Pleno dia";"Crescente";"Céu Claro";"Múltipla";"Curva";"Sim";2;0;0;1;1;0;1;2;-27,60001226;-48,6226467;"SPRF-SC";"DEL01-SC";"UOP01-DEL01-SC"
415253;2022-02-16;"quarta-feira";"09:00:00";"MG";116;527,8;"CARATINGA";"Desrespeitar a preferência no cruzamento";"Colisão transversal";"Com Vítimas Feridas";"Pleno dia";"Crescente";"Nublado";"Simples";"Reta";"Sim";2;0;1;0;1;0;1;2;-19,794033;-42,13731414;"SPRF-MG";"DEL06-MG";"UOP02-DEL06-MG"
415254;2022-02-16;"quarta-feira";"10:29:00";"PE";232;65,2;"GRAVATA";"Condutor Dormindo";"Tombamento";"Com Vítimas Feridas";"Pleno dia";"Decrescente";"Céu Claro";"Dupla";"Reta";"Não";1;0;0;1;0;0;1;1;-8,16454496;-35,44785302;"SPRF-PE";"DEL02-PE";"UOP02-DEL02PE"
415258;2022-02-16;"quarta-feira";"10:02:00";"RS";116;142,2;"CAXIAS DO SUL";"Demais falhas mecânicas ou elétricas";"Queda de ocupante de veículo";"Com Vítimas Feridas";"Pleno dia";"Decrescente";"Sol";"Dupla";"Curva";"Sim";2;0;2;0;0;0;2;1;-29,11727;-51,115208;"SPRF-RS";"DEL05-RS";"UOP01-DEL05-RS"
415259;2022-02-16;"quarta-feira";"08:50:00";"SC";116;7;"MAFRA";"Acessar a via sem observar a presença dos outros veículos";"Colisão transversal";"Com Vítimas Feridas";"Pleno dia";"Crescente";"Céu Claro";"Simples";"Interseção de Vias";"Sim";3;0;1;0;2;0;1;2;-26,15196176;-49,83102416;"SPRF-SC";"DEL06-SC";"UOP01-DEL06-SC"
415262;2022-02-16;"quarta-feira";"11:20:00";"RJ";116;67;"TERESOPOLIS";"Pedestre cruzava a pista fora da faixa";"Atropelamento de Pedestre";"Com Vítimas Feridas";"Pleno dia";"Crescente";"Céu Claro";"Simples";"Reta";"Sim";2;0;0;1;1;0;1;2;-22,29371693;-42,93354335;"SPRF-RJ";"DEL04-RJ";"UOP01-DEL04-RJ"