"id";"data_inversa";"dia_semana";"horario";"uf";"br";"km";"municipio";"causa_acidente";"tipo_acidente";"classificacao_acidente";"fase_dia";"sentido_via";"condicao_metereologica";"tipo_pista";"tracado_via";"uso_solo";"pessoas";"mortos";"feridos_leves";"feridos_graves";"ilesos";"ignorados";"feridos";"veiculos";"latitude";"longitude";"regional";"delegacia";"uop"
415437;2022-02-17;"quinta-feira";"09:20:00";"SC";101;197;"BIGUACU";"Condutor deixou de manter distância do veículo da frente";"Colisão lateral mesmo sentido";"Com Vítimas Feridas";"Pleno dia";"Crescente";"Céu Claro";"Múltipla";"Reta";"Sim";3;0;3;0;0;0;3;2;-27,51844497;-48,63848496;"SPRF-SC";"DEL01-SC";"UOP01-DEL01-SC"
415440;2022-02-17;"quinta-feira";"09:30:00";"SP";116;276,1;"EMBU DAS ARTES";"Manobra de mudança de faixa";"Colisão lateral mesmo sentido";"Com Vítimas Feridas";"Pleno dia";"Decrescente";"Céu Claro";"Dupla";"Reta";"Sim";3;0;1;0;2;0;1;2;-23,64262417;-46,83811382;"SPRF-SP";"DEL04-SP";"UOP01-DEL04-SP"
415442;2022-02-06;"domingo";"16:05:00";"SC";116;241;"LAGES";"Transitar na contramão";"Colisão frontal";"Com Vítimas Feridas";"Pleno dia";"Crescente";"Sol";"Simples";"Curva";"Não";2;0;0;1;1;0;1;2;-27,7677660209;-50,3366849062;"SPRF-SC";"DEL05-SC";"UOP01-DEL05-SC"
415449;2022-02-17;"quinta-feira";"10:15:00";"PR";469;0,5;"FOZ DO IGUACU";"Desrespeitar a preferência no cruzamento";"Colisão transversal";"Com Vítimas Feridas";"Pleno dia";"Decrescente";"Céu Claro";"Simples";"Interseção de Vias";"Sim";2;0;0;1;1;0;1;2;-25,57723697;-54,55495119;"SPRF-PR";"DEL05-PR";"UOP04-DEL05-PR"
415452;2022-02-17;"quinta-feira";"10:20:00";"SC";101;149,6;"ITAPEMA";"Manobra de mudança de faixa";"Colisão lateral mesmo sentido";"Com Vítimas Feridas";"Pleno dia";"Decrescente";"Nublado";"Dupla";"Reta";"Sim";2;0;1;0;1;0;1;2;-27,1089649;-48,61277586;"SPRF-SC";"DEL04-SC";"UOP03-DEL04-SC"
415453;2022-02-17;"quinta-feira";"07:15:00";"SC";470;142,2;"RIO DO SUL";"Ingestão de álcool pelo condutor";"Colisão com objeto";"Sem Vítimas";"Pleno dia";"Decrescente";"Sol";"Simples";"Curva";"Sim";1;0;0;0;1;0;0;1;-27,229801;-49,6693;"SPRF-SC";"DEL04-SC";"UOP02-DEL04-SC"
415454;2022-02-17;"quinta-feira";"10:45:00";"RS";101;52;"TERRA DE AREIA";"Transitar na contramão";"Colisão frontal";"Com Vítimas Feridas";"Pleno dia";"Decrescente";"Céu Claro";"Dupla";"Reta";"Não";2;0;1;0;1;0;1;2;-29,625577;-50,099045;"SPRF-RS";"DEL03-RS";"UOP02-DEL03-RS"
415455;2022-02-17;"quinta-feira";"11:35:00";"ES";101;279;"SERRA";"Ausência de reação do condutor";"Tombamento";"Com Vítimas Feridas";"Pleno dia";"Crescente";"Chuva";"Dupla";"Reta";"Sim";1;0;1;0;0;0;1;1;-20,218122;-40,339325;"SPRF-ES";"DEL02-ES";"UOP01-DEL02-ES"
415457;2022-02-01;"terça-feira";"18:45:00";"SP";116;219;"GUARULHOS";"Trafegar com motocicleta (ou similar) entre as faixas";"Colisão lateral mesmo sentido";"Com Vítimas Feridas";"Plena Noite";"Crescente";"Garoa/Chuvisco";"Múltipla";"Reta";"Sim";3;0;1;0;2;0;1;3;-23,4614395364;-46,4888531633;"SPRF-SP";"DEL01-SP";"UOP01-DEL01-SP"
415459;2022-02-17;"quinta-feira";"11:40:00";"MG";40;782,4;"JUIZ DE FORA";"Ausência de reação do condutor";"Colisão traseira";"Com Vítimas Feridas";"Pleno dia";"Decrescente";"Nublado";"Dupla";"Reta;Declive";"Sim";2;0;1;0;1;0;1;2;-21,69593719;-43,44982474;"SPRF-MG";"DEL05-MG";"UOP01-DEL05-MG"
415461;2022-02-17;"quinta-feira";"07:55:00";"RJ";393;282;"BARRA DO PIRAI";"Transitar no acostamento";"Colisão lateral mesmo sentido";"Com Vítimas Feridas";"Pleno dia";"Crescente";"Sol";"Simples";"Reta";"Sim";2;0;1;0;1;0;1;2;-22,4808278448;-44,0404720089;"SPRF-RJ";"DEL05-RJ";"UOP04-DEL05-RJ"
415462;2022-02-17;"quinta-feira";"12:20:00";"SP";153;71,3;"SAO JOSE DO RIO PRETO";"Obstrução na via";"Colisão traseira";"Com Vítimas Feridas";"Pleno dia";"Decrescente";"Sol";"Dupla";"Reta";"Sim";4;0;1;0;3;0;1;3;-20,8580187;-49,40666241;"SPRF-SP";"DEL09-SP";"UOP01-DEL09-SP"
415463;2022-02-12;"sábado";"04:40:00";"MS";267;34,5;"BATAGUASSU";"Velocidade Incompatível";"Colisão com objeto";"Com Vítimas Feridas";"Amanhecer";"Crescente";"Céu Claro";"Simples";"Curva";"Não";1;0;1;0;0;0;1;1;-21,74042791;-52,46505607;"SPRF-MS";"DEL02-MS";"UOP04-DEL02-MS"
415464;2022-02-17;"quinta-feira";"12:40:00";"PB";101;99,8;"CONDE";"Avarias e/ou desgaste excessivo no pneu";"Colisão com objeto";"Com Vítimas Feridas";"Pleno dia";"Decrescente";"Chuva";"Dupla";"Curva";"Sim";3;0;2;1;0;0;3;1;-7,26166978;-34,93601918;"SPRF-PB";"DEL01-PB";"UOP02-DEL01-PB"
415468;2022-02-17;"quinta-feira";"13:30:00";"RS";392;719;"PORTO XAVIER";"Ausência de reação do condutor";"Colisão transversal";"Com Vítimas Feridas";"Pleno dia";"Crescente";"Céu Claro";"Simples";"Reta";"Sim";3;0;2;0;1;0;2;2;-27,91613738;-55,13793468;"SPRF-RS";"DEL10-RS";"UOP01-DEL10-RS"
415474;2022-02-17;"quinta-feira";"07:10:00";"PR";373;172,9;"PONTA GROSSA";"Ausência de sinalização";"Colisão traseira";"Com Vítimas Feridas";"Pleno dia";"Decrescente";"Céu Claro";"Dupla";"Reta";"Sim";2;0;1;0;1;0;1;2;-25,081399317;-50,1920098083;"SPRF-PR";"DEL03-PR";"UOP01-DEL03-PR"
415477;2022-02-17;"quinta-feira";"14:40:00";"MG";40;573;"NOVA LIMA";"Objeto estático sobre o leito carroçável";"Colisão com objeto";"Com Vítimas Feridas";"Pleno dia";"Decrescente";"Céu Claro";"Simples";"Reta";"Não";1;0;1;0;0;0;1;1;-20,19509609;-43,97360482;"SPRF-MG";"DEL01-MG";"UOP02-DEL01-MG"
415479;2022-02-17;"quinta-feira";"15:12:00";"RS";290;102;"PORTO ALEGRE";"Reação tardia ou ineficiente do condutor";"Colisão traseira";"Com Vítimas Feridas";"Pleno dia";"Crescente";"Sol";"Dupla";"Ponte";"Não";2;0;1;0;1;0;1;2;-29,987228;-51,25613;"SPRF-RS";"DEL01-RS";"UOP01-DEL01-RS"
415480;2022-02-17;"quinta-feira";"14:05:00";"PR";476;118;"COLOMBO";"Ausência de reação do condutor";"Colisão lateral mesmo sentido";"Sem Vítimas";"Pleno dia";"Crescente";"Céu Claro";"Dupla";"Interseção de Vias";"Sim";2;0;0;0;2;0;0;2;-25,35634;-49,180828;"SPRF-PR";"DEL01-PR";"UOP02-DEL01-PR"
415482;2022-02-17;"quinta-feira";"14:05:00";"RJ";465;14;"SEROPEDICA";"Ultrapassagem Indevida";"Colisão lateral sentido oposto";"Com Vítimas Feridas";"Pleno dia";"Crescente";"Céu Claro";"Simples";"Reta";"Sim";2;0;1;0;1;0;1;2;-22,804979;-43,638828;"SPRF-RJ";"DEL01-RJ";"UOP03-DEL01-RJ"
415484;2022-02-17;"quinta-feira";"13:30:00";"CE";222;312;"TIANGUA";"Desrespeitar a preferência no cruzamento";"Colisão transversal";"Com Vítimas Feridas";"Pleno dia";"Decrescente";"Céu Claro";"Simples";"Reta";"Sim";2;0;0;1;1;0;1;2;-3,72038554;-40,9948504;"SPRF-CE";"DEL04-CE";"UOP02-DEL04-CE"
415486;2022-02-17;"quinta-feira";"15:00:00";"PR";116;118,9;"CURITIBA";"Reação tardia ou ineficiente do condutor";"Queda de ocupante de veículo";"Com Vítimas Feridas";"Pleno dia";"Decrescente";"Céu Claro";"Dupla";"Retorno Regulamentado";"Não";1;0;1;0;0;0;1;1;-25,57563141;-49,31214452;"SPRF-PR";"DEL01-PR";"UOP03-DEL01-PR"
415487;2022-02-05;"sábado";"18:50:00";"AC";364;139;"RIO BRANCO";"Condutor deixou de manter distância do veículo da frente";"Colisão traseira";"Sem Vítimas";"Plena Noite";"Decrescente";"Nublado";"Dupla";"Reta";"Sim";2;0;0;0;2;0;0;2;-9,95359291;-67,86119892;"SPRF-AC";"DEL01-AC";"UOP01-DEL01-AC"
415488;2022-02-17;"quinta-feira";"13:50:00";"SC";101;416;"ARARANGUA";"Desrespeitar a preferência no cruzamento";"Colisão transversal";"Com Vítimas Feridas";"Pleno dia";"Crescente";"Céu Claro";"Múltipla";"Interseção de Vias";"Sim";2;0;1;0;1;0;1;2;-28,97304891;-49,52978432;"SPRF-SC";"DEL02-SC";"UOP02-DEL02-SC"
415493;2022-02-17;"quinta-feira";"16:10:00";"PB";101;109,8;"ALHANDRA";"Reação tardia ou ineficiente do condutor";"Saída de leito carroçável";"Com Vítimas Feridas";"Pleno dia";"Crescente";"Sol";"Dupla";"Reta";"Sim";1;0;1;0;0;0;1;1;-7,35255626;-34,94940909;"SPRF-PB";"DEL01-PB";"UOP02-DEL01-PB"
415494;2022-01-24;"segunda-feira";"10:20:00";"PE";101;44,2;"IGARASSU";"Ausência de reação do condutor";"Colisão transversal";"Com Vítimas Feridas";"Pleno dia";"Crescente";"Céu Claro";"Múltipla";"Reta";"Sim";2;0;1;1;0;0;2;2;-7,8563700112;-34,9084210855;"SPRF-PE";"DEL01-PE";"UOP02-DEL01-PE"
415496;2022-02-17;"quinta-feira";"15:30:00";"MG";262;431,8;"SAO GONCALO DO PARA";"Avarias e/ou desgaste excessivo no pneu";"Queda de ocupante de veículo";"Com Vítimas Feridas";"Pleno dia";"Crescente";"Céu Claro";"Dupla";"Reta";"Não";2;0;1;0;1;0;1;1;-19,88913122;-44,82409507;"SPRF-MG";"DEL08-MG";"UOP03-DEL08-MG"
415500;2022-02-17;"quinta-feira";"09:00:00";"RN";406;166;"SAO GONCALO DO AMARANTE";"Carga excessiva e/ou mal acondicionada";"Colisão com objeto";"Com Vítimas Feridas";"Pleno dia";"Crescente";"Céu Claro";"Simples";"Reta";"Não";1;0;0;1;0;0;1;1;-5,7466896;-35,33149685;"SPRF-RN";"DEL02-RN";"UOP01-DEL02-RN"
415502;2022-02-17;"quinta-feira";"15:09:00";"SP";262;318,9;"CASTILHO";"Conversão proibida";"Colisão frontal";"Com Vítimas Feridas";"Pleno dia";"Crescente";"Céu Claro";"Simples";"Rotatória;Reta";"Não";2;0;1;0;1;0;1;2;-20,77922;-51,59421;"SPRF-MS";"DEL07-MS";"UOP01-DEL07-MS"
415503;2022-02-17;"quinta-feira";"15:30:00";"RJ";116;276,9;"BARRA MANSA";"Acumulo de água sobre o pavimento";"Colisão com objeto";"Com Vítimas Feridas";"Pleno dia";"Decrescente";"Chuva";"Dupla";"Curva";"Não";1;0;1;0;0;0;1;1;-22,56183393;-44,16588602;"SPRF-RJ";"DEL07-RJ";"UOP02-DEL07-RJ"
415504;2022-02-17;"quinta-feira";"15:35:00";"RJ";116;276,9;"BARRA MANSA";"Acumulo de água sobre o pavimento";"Colisão traseira";"Com Vítimas Feridas";"Pleno dia";"Decrescente";"Chuva";"Dupla";"Curva";"Não";2;0;1;0;1;0;1;2;-22,56183393;-44,16588602;"SPRF-RJ";"DEL07-RJ";"UOP02-DEL07-RJ"
415505;2022-02-17;"quinta-feira";"16:00:00";"PR";153;66,5;"GUAPIRAMA";"Desrespeitar a preferência no cruzamento";"Colisão transversal";"Com Vítimas Feridas";"Pleno dia";"Decrescente";"Céu Claro";"Simples";"Aclive";"Não";2;0;2;0;0;0;2;2;-23,49050627;-50,10583214;"SPRF-PR";"DEL07-PR";"UOP04-DEL07-PR"
415509;2022-02-17;"quinta-feira";"17:05:00";"MG";267;293,7;"BAEPENDI";"Acumulo de água sobre o pavimento";"Saída de leito carroçável";"Com Vítimas Feridas";"Pleno dia";"Crescente";"Chuva";"Simples";"Reta";"Não";2;0;2;0;0;0;2;1;-21,93120403;-44,83482299;"SPRF-MG";"DEL17-MG";"UOP01-DEL17-MG"
415510;2022-02-17;"quinta-feira";"16:30:00";"SC";282;83;"ALFREDO WAGNER";"Acumulo de água sobre o pavimento";"Colisão frontal";"Com Vítimas Feridas";"Pleno dia";"Decrescente";"Garoa/Chuvisco";"Simples";"Curva";"Não";3;0;0;1;2;0;1;2;-27,666153;-49,175022;"SPRF-SC";"DEL01-SC";"UOP03-DEL01-SC"
415511;2022-02-17;"quinta-feira";"17:00:00";"CE";116;9,4;"FORTALEZA";"Ausência de reação do condutor";"Colisão traseira";"Com Vítimas Feridas";"Pleno dia";"Decrescente";"Céu Claro";"Múltipla";"Reta";"Sim";2;0;1;0;1;0;1;2;-3,82779096;-38,50486117;"SPRF-CE";"DEL01-CE";"UOP02-DEL01-CE"
415513;2022-02-17;"quinta-feira";"17:30:00";"SP";153;61,9;"SAO JOSE DO RIO PRETO";"Condutor deixou de manter distância do veículo da frente";"Tombamento";"Com Vítimas Feridas";"Pleno dia";"Decrescente";"Céu Claro";"Dupla";"Reta";"Sim";1;0;1;0;0;0;1;1;-20,80502876;-49,35574909;"SPRF-SP";"DEL09-SP";"UOP01-DEL09-SP"
415516;2022-02-17;"quinta-feira";"17:52:00";"DF";70;12;"BRASILIA";"Acessar a via sem observar a presença dos outros veículos";"Colisão transversal";"Com Vítimas Feridas";"Pleno dia";"Crescente";"Chuva";"Dupla";"Reta";"Sim";2;0;1;0;0;1;1;2;-15,792243;-48,158543;"SPRF-DF";"DEL03-DF";"UOP02-DEL03-DF"
415517;2022-02-17;"quinta-feira";"16:15:00";"PR";376;616;"SAO JOSE DOS PINHAIS";"Condutor deixou de manter distância do veículo da frente";"Queda de ocupante de veículo";"Com Vítimas Feridas";"Pleno dia";"Decrescente";"Céu Claro";"Dupla";"Reta";"Sim";1;0;1;0;0;0;1;1;-25,57583659;-49,17953679;"SPRF-PR";"DEL01-PR";"UOP04-DEL01-PR"
415523;2022-02-17;"quinta-feira";"09:35:00";"MG";116;415;"GOVERNADOR VALADARES";"Condutor deixou de manter distância do veículo da frente";"Colisão traseira";"Com Vítimas Feridas";"Pleno dia";"Decrescente";"Nublado";"Simples";"Reta";"Sim";4;0;1;0;3;0;1;3;-18,88281802;-41,95515633;"SPRF-MG";"DEL06-MG";"UOP01-DEL06-MG"
415525;2022-02-17;"quinta-feira";"18:00:00";"SC";101;39;"JOINVILLE";"Chuva";"Tombamento";"Com Vítimas Feridas";"Anoitecer";"Crescente";"Chuva";"Dupla";"Reta";"Sim";1;0;1;0;0;0;1;1;-26,2628107;-48,90192257;"SPRF-SC";"DEL03-SC";"UOP01-DEL03-SC"
415528;2022-02-17;"quinta-feira";"19:20:00";"SC";101;206,9;"SAO JOSE";"Desrespeitar a preferência no cruzamento";"Queda de ocupante de veículo";"Com Vítimas Feridas";"Plena Noite";"Decrescente";"Céu Claro";"Dupla";"Viaduto";"Não";2;0;1;0;1;0;1;2;-27,61000542;-48,63895057;"SPRF-SC";"DEL01-SC";"UOP01-DEL01-SC"
415529;2022-02-17;"quinta-feira";"18:30:00";"ES";262;45;"DOMINGOS MARTINS";"Acessar a via sem observar a presença dos outros veículos";"Colisão transversal";"Com Vítimas Feridas";"Plena Noite";"Crescente";"Chuva";"Simples";"Reta";"Não";2;0;0;1;1;0;1;2;-20,39769215;-40,67180229;"SPRF-ES";"DEL01-ES";"UOP01-DEL01-ES"
415531;2022-02-17;"quinta-feira";"19:50:00";"PB";230;89;"GURINHEM";"Condutor deixou de manter distância do veículo da frente";"Colisão traseira";"Com Vítimas Feridas";"Plena Noite";"Crescente";"Céu Claro";"Dupla";"Reta";"Sim";2;0;1;0;1;0;1;2;-7,1708;-35,3831;"SPRF-PB";"DEL01-PB";"UOP03-DEL01-PB"
415534;2022-02-17;"quinta-feira";"19:30:00";"SC";101;121,8;"ITAJAI";"Trafegar com motocicleta (ou similar) entre as faixas";"Colisão lateral mesmo sentido";"Com Vítimas Feridas";"Plena Noite";"Crescente";"Garoa/Chuvisco";"Dupla";"Reta";"Sim";2;0;1;0;1;0;1;2;-26,92103178;-48,70856446;"SPRF-SC";"DEL04-SC";"UOP04-DEL04-SC"
415537;2022-02-17;"quinta-feira";"20:29:00";"CE";20;422;"MARACANAU";"Animais na Pista";"Atropelamento de Animal";"Com Vítimas Feridas";"Plena Noite";"Decrescente";"Céu Claro";"Dupla";"Reta";"Sim";1;0;1;0;0;0;1;1;-3,76999035;-38,67006282;"SPRF-CE";"DEL01-CE";"UOP02-DEL01-CE"
415539;2022-02-17;"quinta-feira";"14:57:00";"PR";116;45;"CAMPINA GRANDE DO SUL";"Reação tardia ou ineficiente do condutor";"Saída de leito carroçável";"Com Vítimas Feridas";"Pleno dia";"Crescente";"Chuva";"Dupla";"Curva";"Não";1;0;1;0;0;0;1;1;-25,199279;-48,895146;"SPRF-PR";"DEL01-PR";"UOP02-DEL01-PR"
415542;2022-02-17;"quinta-feira";"20:00:00";"PR";116;115,9;"CURITIBA";"Pedestre andava na pista";"Atropelamento de Pedestre";"Com Vítimas Feridas";"Anoitecer";"Crescente";"Nublado";"Múltipla";"Interseção de Vias";"Sim";2;0;0;1;0;1;1;2;-25,55171662;-49,30520296;"SPRF-PR";"DEL01-PR";"UOP03-DEL01-PR"
415544;2022-02-17;"quinta-feira";"18:30:00";"SC";101;117,9;"ITAJAI";"Manobra de mudança de faixa";"Colisão lateral mesmo sentido";"Com Vítimas Feridas";"Anoitecer";"Decrescente";"Nublado";"Dupla";"Reta";"Não";2;0;1;0;1;0;1;2;-26,88747187;-48,72252969;"SPRF-SC";"DEL04-SC";"UOP04-DEL04-SC"
415545;2022-02-17;"quinta-feira";"20:00:00";"ES";101;268;"SERRA";"Reação tardia ou ineficiente do condutor";"Tombamento";"Com Vítimas Feridas";"Plena Noite";"Crescente";"Nublado";"Dupla";"Reta";"Sim";1;0;1;0;0;0;1;1;-20,20842;-40,269405;"SPRF-ES";"DEL02-ES";"UOP01-DEL02-ES"
415548;2022-02-17;"quinta-feira";"20:30:00";"PR";277;2,5;"PARANAGUA";"Pedestre andava na pista";"Atropelamento de Pedestre";"Com Vítimas Feridas";"Plena Noite";"Decrescente";"Chuva";"Simples";"Interseção de Vias";"Sim";2;0;1;0;0;1;1;2;-25,5205;-48,5095;"SPRF-PR";"DEL01-PR";"UOP05-DEL01-PR"
415549;2022-02-17;"quinta-feira";"12:40:00";"SC";101;134;"BALNEARIO CAMBORIU";"Ausência de reação do condutor";"Colisão transversal";"Com Vítimas Feridas";"Pleno dia";"Crescente";"Céu Claro";"Simples";"Reta";"Sim";2;0;1;0;1;0;1;2;-27,00218;-48,636433;"SPRF-SC";"DEL04-SC";"UOP03-DEL04-SC"
415550;2022-02-13;"domingo";"20:00:00";"RJ";101;295;"ITABORAI";"Velocidade Incompatível";"Colisão com objeto";"Com Vítimas Feridas";"Plena Noite";"Crescente";"Nublado";"Dupla";"Curva";"Sim";1;0;1;0;0;0;1;1;-22,76365068;-42,90223623;"SPRF-RJ";"DEL02-RJ";"UOP02-DEL02-RJ"
415553;2022-02-17;"quinta-feira";"22:30:00";"SC";101;431;"SOMBRIO";"Reação tardia ou ineficiente do condutor";"Tombamento";"Com Vítimas Feridas";"Plena Noite";"Decrescente";"Céu Claro";"Dupla";"Reta";"Não";1;0;1;0;0;0;1;1;-29,064526;-49,62464101;"SPRF-SC";"DEL02-SC";"UOP02-DEL02-SC"
415558;2022-02-13;"domingo";"01:55:00";"MS";163;258,7;"DOURADOS";"Obras na pista";"Saída de leito carroçável";"Com Vítimas Feridas";"Plena Noite";"Crescente";"Céu Claro";"Simples";"Desvio Temporário;Curva;Aclive;Em Obras";"Sim";1;0;0;1;0;0;1;1;-22,25859;-54,783592;"SPRF-MS";"DEL04-MS";"UOP01-DEL04-MS"
415560;2022-02-18;"sexta-feira";"01:20:00";"SP";116;283;"EMBU DAS ARTES";"Ausência de reação do condutor";"Colisão com objeto";"Com Vítimas Feridas";"Plena Noite";"Crescente";"Céu Claro";"Dupla";"Reta";"Sim";2;0;1;0;1;0;1;2;-23,69297005;-46,86352786;"SPRF-SP";"DEL04-SP";"UOP01-DEL04-SP"
415561;2022-02-18;"sexta-feira";"01:20:00";"ES";262;97;"DOMINGOS MARTINS";"Animais na Pista";"Atropelamento de Animal";"Com Vítimas Feridas";"Plena Noite";"Decrescente";"Chuva";"Simples";"Declive;Curva";"Não";1;0;0;1;0;0;1;1;-20,35935343;-41,07949018;"SPRF-ES";"DEL01-ES";"UOP02-DEL01-ES"
415562;2022-02-17;"quinta-feira";"23:40:00";"SC";101;98;"BALNEARIO PICARRAS";"Animais na Pista";"Atropelamento de Animal";"Com Vítimas Fatais";"Plena Noite";"Decrescente";"Céu Claro";"Dupla";"Reta";"Não";1;1;0;0;0;0;0;1;-26,73997662;-48,69840145;"SPRF-SC";"DEL03-SC";"UOP02-DEL03-SC"
415565;2022-02-18;"sexta-feira";"01:10:00";"PR";277;594,8;"CASCAVEL";"Ingestão de álcool pelo condutor";"Saída de leito carroçável";"Sem Vítimas";"Plena Noite";"Decrescente";"Céu Claro";"Simples";"Interseção de Vias";"Sim";1;0;0;0;1;0;0;1;-24,9794792;-53,49232599;"SPRF-PR";"DEL04-PR";"UOP01-DEL04-PR"
415566;2022-02-18;"sexta-feira";"02:10:00";"SC";101;193,1;"BIGUACU";"Ingestão de álcool pelo condutor";"Saída de leito carroçável";"Com Vítimas Feridas";"Plena Noite";"Decrescente";"Nublado";"Múltipla";"Reta";"Sim";1;0;1;0;0;0;1;1;-27,489574;-48,655914;"SPRF-SC";"DEL01-SC";"UOP01-DEL01-SC"
415569;2022-02-17;"quinta-feira";"22:40:00";"MG";116;100,7;"MEDINA";"Ausência de reação do condutor";"Saída de leito carroçável";"Com Vítimas Feridas";"Plena Noite";"Decrescente";"Nublado";"Simples";"Aclive";"Não";1;0;1;0;0;0;1;1;-16,42963192;-41,49584527;"SPRF-MG";"DEL11-MG";"UOP02-DEL11-MG"
415570;2022-02-17;"quinta-feira";"23:05:00";"RO";364;344;"JI-PARANA";"Reação tardia ou ineficiente do condutor";"Colisão com objeto";"Com Vítimas Feridas";"Plena Noite";"Decrescente";"Céu Claro";"Múltipla";"Interseção de Vias";"Sim";2;0;1;0;0;1;1;2;-10,87376391;-61,95256893;"SPRF-RO";"DEL02-RO";"UOP01-DEL02-RO"
415575;2022-02-18;"sexta-feira";"04:00:00";"RS";290;68;"GRAVATAI";"Ingestão de álcool pelo condutor";"Saída de leito carroçável";"Com Vítimas Feridas";"Plena Noite";"Crescente";"Nevoeiro/Neblina";"Simples";"Curva";"Sim";1;0;1;0;0;0;1;1;-29,94418818;-50,93581438;"SPRF-RS";"DEL03-RS";"UOP01-DEL03-RS"
415576;2022-02-18;"sexta-feira";"01:20:00";"SC";101;409;"ARARANGUA";"Ausência de reação do condutor";"Tombamento";"Com Vítimas Feridas";"Plena Noite";"Crescente";"Céu Claro";"Dupla";"Reta";"Sim";1;0;0;1;0;0;1;1;-28,90746181;-49,48048824;"SPRF-SC";"DEL02-SC";"UOP02-DEL02-SC"
415579;2022-02-18;"sexta-feira";"06:40:00";"MG";50;16;"UBERLANDIA";"Chuva";"Capotamento";"Com Vítimas Feridas";"Amanhecer";"Decrescente";"Chuva";"Dupla";"Reta";"Sim";1;0;1;0;0;0;1;1;-18,91613933;-48,1755589;"SPRF-MG";"DEL15-MG";"UOP01-DEL15-MG"
415580;2022-02-18;"sexta-feira";"06:59:00";"ES";482;9;"CACHOEIRO DE ITAPEMIRIM";"Condutor deixou de manter distância do veículo da frente";"Colisão traseira";"Com Vítimas Feridas";"Amanhecer";"Decrescente";"Nublado";"Dupla";"Reta";"Sim";2;0;0;1;1;0;1;2;-20,86082851;-41,11900797;"SPRF-ES";"DEL03-ES";"UOP02-DEL03-ES"
415583;2022-02-18;"sexta-feira";"07:20:00";"CE";20;313,7;"CANINDE";"Acumulo de areia ou detritos sobre o pavimento";"Queda de ocupante de veículo";"Com Vítimas Feridas";"Pleno dia";"Decrescente";"Céu Claro";"Simples";"Curva";"Não";1;0;1;0;0;0;1;1;-4,31910384;-39,26945147;"SPRF-CE";"DEL02-CE";"UOP01-DEL02-CE"
415585;2022-02-18;"sexta-feira";"04:00:00";"MS";163;2,8;"MUNDO NOVO";"Reação tardia ou ineficiente do condutor";"Saída de leito carroçável";"Sem Vítimas";"Amanhecer";"Decrescente";"Céu Claro";"Simples";"Declive";"Não";1;0;0;0;1;0;0;1;-24,03248384;-54,28622977;"SPRF-MS";"DEL09-MS";"UOP02-DEL09-MS"
415586;2022-02-18;"sexta-feira";"07:25:00";"SP";116;269;"TABOAO DA SERRA";"Acessar a via sem observar a presença dos outros veículos";"Atropelamento de Pedestre";"Com Vítimas Feridas";"Pleno dia";"Decrescente";"Céu Claro";"Dupla";"Reta";"Sim";2;0;2;0;0;0;2;2;-23,61593059;-46,78826044;"SPRF-SP";"DEL04-SP";"UOP01-DEL04-SP"
415588;2022-02-18;"sexta-feira";"07:28:00";"RJ";393;182;"PARAIBA DO SUL";"Acessar a via sem observar a presença dos outros veículos";"Colisão transversal";"Sem Vítimas";"Pleno dia";"Crescente";"Garoa/Chuvisco";"Simples";"Rotatória";"Sim";2;0;0;0;2;0;0;2;-22,14087772;-43,25915397;"SPRF-RJ";"DEL05-RJ";"UOP03-DEL05-RJ"
415589;2022-02-18;"sexta-feira";"07:50:00";"MG";381;500,5;"BETIM";"Manobra de mudança de faixa";"Colisão lateral mesmo sentido";"Com Vítimas Feridas";"Pleno dia";"Decrescente";"Nublado";"Múltipla";"Reta";"Não";3;0;0;1;2;0;1;3;-20,00756515;-44,21590447;"SPRF-MG";"DEL01-MG";"UOP03-DEL01-MG"
415591;2022-02-18;"sexta-feira";"07:20:00";"SC";470;138,7;"RIO DO SUL";"Desrespeitar a preferência no cruzamento";"Colisão transversal";"Com Vítimas Feridas";"Pleno dia";"Crescente";"Céu Claro";"Simples";"Reta";"Sim";2;0;2;0;0;0;2;2;-27,207214;-49,648476;"SPRF-SC";"DEL04-SC";"UOP02-DEL04-SC"
415594;2022-02-17;"quinta-feira";"23:30:00";"RO";364;306,4;"PRESIDENTE MEDICI";"Ausência de reação do condutor";"Colisão traseira";"Com Vítimas Feridas";"Plena Noite";"Decrescente";"Nublado";"Simples";"Aclive;Reta";"Sim";2;0;2;0;0;0;2;2;-11,190471;-61,90149;"SPRF-RO";"DEL02-RO";"UOP01-DEL02-RO"
415595;2022-02-18;"sexta-feira";"03:20:00";"RO";364;521;"ARIQUEMES";"Transitar na contramão";"Colisão frontal";"Com Vítimas Fatais";"Amanhecer";"Crescente";"Garoa/Chuvisco";"Simples";"Reta";"Sim";3;1;1;0;1;0;1;2;-9,87052202;-63,05779627;"SPRF-RO";"DEL03-RO";"UOP01-DEL03-RO"
415598;2022-02-18;"sexta-feira";"08:00:00";"CE";116;17;"EUSEBIO";"Acessar a via sem observar a presença dos outros veículos";"Colisão lateral mesmo sentido";"Com Vítimas Feridas";"Pleno dia";"Decrescente";"Céu Claro";"Simples";"Reta";"Sim";2;0;1;0;1;0;1;2;-3,89617918;-38,50336042;"SPRF-CE";"DEL01-CE";"UOP02-DEL01-CE"
415600;2022-02-18;"sexta-feira";"08:30:00";"RJ";101;484;"ANGRA DOS REIS";"Reação tardia ou ineficiente do condutor";"Colisão traseira";"Sem Vítimas";"Pleno dia";"Crescente";"Céu Claro";"Simples";"Reta";"Sim";3;0;0;0;3;0;0;3;-22,98573526;-44,29709764;"SPRF-RJ";"DEL03-RJ";"UOP03-DEL03-RJ"