"id";"data_inversa";"dia_semana";"horario";"uf";"br";"km";"municipio";"causa_acidente";"tipo_acidente";"classificacao_acidente";"fase_dia";"sentido_via";"condicao_metereologica";"tipo_pista";"tracado_via";"uso_solo";"pessoas";"mortos";"feridos_leves";"feridos_graves";"ilesos";"ignorados";"feridos";"veiculos";"latitude";"longitude";"regional";"delegacia";"uop"
415749;2022-02-18;"sexta-feira";"22:52:00";"PR";277;721,1;"FOZ DO IGUACU";"Ingestão de álcool pelo condutor";"Saída de leito carroçável";"Sem Vítimas";"Plena Noite";"Crescente";"Céu Claro";"Dupla";"Reta;Retorno Regulamentado";"Sim";1;0;0;0;1;0;0;1;-25,49171862;-54,51305576;"SPRF-PR";"DEL05-PR";"UOP03-DEL05-PR"
415750;2022-02-18;"sexta-feira";"21:40:00";"SP";116;320,6;"JUQUITIBA";"Ausência de reação do condutor";"Tombamento";"Com Vítimas Feridas";"Plena Noite";"Decrescente";"Céu Claro";"Dupla";"Reta";"Não";1;0;1;0;0;0;1;1;-23,93226;-47,00835;"SPRF-SP";"DEL04-SP";"UOP01-DEL04-SP"
415752;2022-02-18;"sexta-feira";"18:00:00";"SC";280;270,8;"IRINEOPOLIS";"Transitar na contramão";"Colisão frontal";"Com Vítimas Feridas";"Anoitecer";"Decrescente";"Nublado";"Simples";"Reta";"Não";2;0;1;0;1;0;1;2;-26,26796011;-50,73644694;"SPRF-SC";"DEL06-SC";"UOP04-DEL06-SC"
415754;2022-02-18;"sexta-feira";"22:00:00";"MG";381;480,6;"CONTAGEM";"Pedestre cruzava a pista fora da faixa";"Atropelamento de Pedestre";"Com Vítimas Feridas";"Plena Noite";"Crescente";"Nublado";"Múltipla";"Reta";"Sim";2;0;0;1;1;0;1;2;-19,95823119;-44,05533135;"SPRF-MG";"DEL01-MG";"UOP03-DEL01-MG"
415756;2022-02-18;"sexta-feira";"23:10:00";"SC";470;3,8;"NAVEGANTES";"Acessar a via sem observar a presença dos outros veículos";"Colisão transversal";"Com Vítimas Feridas";"Plena Noite";"Decrescente";"Céu Claro";"Dupla";"Rotatória";"Não";2;0;1;0;0;1;1;2;-26,861937;-48,681618;"SPRF-SC";"DEL04-SC";"UOP04-DEL04-SC"
415760;2022-02-19;"sábado";"00:00:00";"SC";282;513,7;"XAXIM";"Condutor deixou de manter distância do veículo da frente";"Colisão traseira";"Com Vítimas Feridas";"Plena Noite";"Decrescente";"Céu Claro";"Simples";"Reta";"Não";2;0;1;0;1;0;1;2;-26,91486;-52,480682;"SPRF-SC";"DEL07-SC";"UOP01-DEL07-SC"
415762;2022-02-19;"sábado";"00:30:00";"SC";101;146;"ITAPEMA";"Ingestão de álcool pelo condutor";"Colisão com objeto";"Sem Vítimas";"Plena Noite";"Decrescente";"Nublado";"Dupla";"Reta";"Sim";2;0;0;0;2;0;0;2;-27,08666525;-48,60955587;"SPRF-SC";"DEL04-SC";"UOP03-DEL04-SC"
415765;2022-02-19;"sábado";"01:20:00";"RJ";101;61;"CAMPOS DOS GOYTACAZES";"Ausência de reação do condutor";"Atropelamento de Pedestre";"Com Vítimas Feridas";"Plena Noite";"Crescente";"Chuva";"Simples";"Reta";"Sim";7;0;0;1;4;2;1;3;-21,72655788;-41,32133519;"SPRF-RJ";"DEL08-RJ";"UOP01-DEL08-RJ"
415766;2022-02-18;"sexta-feira";"22:00:00";"PR";369;505,7;"CASCAVEL";"Ultrapassagem Indevida";"Colisão lateral mesmo sentido";"Com Vítimas Feridas";"Plena Noite";"Decrescente";"Céu Claro";"Simples";"Reta";"Não";5;0;2;0;2;1;2;3;-24,8252;-53,2976;"SPRF-PR";"DEL04-PR";"UOP03-DEL04-PR"
415767;2022-02-18;"sexta-feira";"23:30:00";"RS";471;164,8;"RIO PARDO";"Ultrapassagem Indevida";"Colisão frontal";"Com Vítimas Fatais";"Plena Noite";"Crescente";"Céu Claro";"Simples";"Aclive;Reta";"Não";5;1;3;0;0;1;3;3;-29,939951;-52,385185;"SPRF-RS";"DEL02-RS";"UOP03-DEL02-RS"
415768;2022-02-19;"sábado";"02:59:00";"GO";40;9,1;"LUZIANIA";"Ingestão de álcool pelo condutor";"Saída de leito carroçável";"Com Vítimas Feridas";"Plena Noite";"Crescente";"Nublado";"Dupla";"Reta";"Não";1;0;1;0;0;0;1;1;-16,131158;-47,957739;"SPRF-DF";"DEL01-DF";"UOP01-DEL01-DF"
415769;2022-02-19;"sábado";"02:30:00";"MG";365;625;"UBERLANDIA";"Demais falhas na via";"Colisão com objeto";"Com Vítimas Feridas";"Plena Noite";"Decrescente";"Chuva";"Múltipla";"Reta";"Sim";1;0;0;1;0;0;1;1;-18,90585472;-48,32526001;"SPRF-MG";"DEL15-MG";"UOP01-DEL15-MG"
415770;2022-02-19;"sábado";"03:40:00";"PR";376;179;"MARINGA";"Acessar a via sem observar a presença dos outros veículos";"Colisão transversal";"Com Vítimas Feridas";"Plena Noite";"Crescente";"Céu Claro";"Múltipla";"Reta";"Sim";3;0;0;2;1;0;2;2;-23,42244278;-51,90360392;"SPRF-PR";"DEL09-PR";"UOP01-DEL09-PR"
415771;2022-02-19;"sábado";"03:30:00";"PR";376;488;"PONTA GROSSA";"Ingestão de álcool pelo condutor";"Colisão traseira";"Com Vítimas Feridas";"Plena Noite";"Decrescente";"Céu Claro";"Dupla";"Reta";"Sim";1;0;0;1;0;0;1;1;-25,13510082;-50,16497282;"SPRF-PR";"DEL03-PR";"UOP01-DEL03-PR"
415772;2022-02-19;"sábado";"02:30:00";"ES";101;126;"SOORETAMA";"Condutor Dormindo";"Colisão lateral sentido oposto";"Com Vítimas Feridas";"Plena Noite";"Crescente";"Nublado";"Simples";"Reta";"Sim";5;0;1;0;4;0;1;2;-19,193953;-40,0951;"SPRF-ES";"DEL04-ES";"UOP01-DEL04-ES"
415773;2022-02-19;"sábado";"04:00:00";"MS";262;327,9;"CAMPO GRANDE";"Ausência de reação do condutor";"Saída de leito carroçável";"Com Vítimas Feridas";"Plena Noite";"Crescente";"Céu Claro";"Dupla";"Curva";"Sim";1;0;1;0;0;0;1;1;-20,46446714;-54,55183446;"SPRF-MS";"DEL01-MS";"UOP01-DEL01-MS"
415774;2022-02-19;"sábado";"04:20:00";"SC";101;204,2;"SAO JOSE";"Ausência de reação do condutor";"Colisão com objeto";"Com Vítimas Feridas";"Plena Noite";"Decrescente";"Céu Claro";"Múltipla";"Reta";"Sim";1;0;0;1;0;0;1;1;-27,57413014;-48,61363083;"SPRF-SC";"DEL01-SC";"UOP01-DEL01-SC"
415777;2022-02-19;"sábado";"04:45:00";"SC";101;103,4;"BALNEARIO PICARRAS";"Reação tardia ou ineficiente do condutor";"Capotamento";"Com Vítimas Feridas";"Plena Noite";"Decrescente";"Céu Claro";"Dupla";"Reta";"Não";4;0;0;1;2;1;1;3;-26,7832381;-48,68314632;"SPRF-SC";"DEL03-SC";"UOP02-DEL03-SC"
415778;2022-02-19;"sábado";"04:18:00";"RO";364;197,4;"PIMENTA BUENO";"Retorno proibido";"Colisão transversal";"Sem Vítimas";"Plena Noite";"Decrescente";"Nublado";"Simples";"Reta";"Sim";3;0;0;0;2;1;0;3;-11,675558;-61,189323;"SPRF-RO";"DEL02-RO";"UOP02-DEL02-RO"
415779;2022-02-18;"sexta-feira";"22:00:00";"PB";230;287;"SANTA LUZIA";"Ausência de reação do condutor";"Colisão frontal";"Sem Vítimas";"Plena Noite";"Decrescente";"Céu Claro";"Simples";"Reta";"Não";2;0;0;0;1;1;0;2;-6,8929;-36,8861;"SPRF-PB";"DEL03-PB";"UOP01-DEL03-PB"
415781;2022-02-19;"sábado";"04:00:00";"RJ";393;245;"VASSOURAS";"Ingestão de álcool pelo condutor";"Queda de ocupante de veículo";"Sem Vítimas";"Plena Noite";"Crescente";"Céu Claro";"Simples";"Reta";"Não";2;0;0;0;2;0;0;1;-22,43021893;-43,71800804;"SPRF-RJ";"DEL05-RJ";"UOP04-DEL05-RJ"
415782;2022-02-19;"sábado";"05:35:00";"SP";381;53;"MAIRIPORA";"Ausência de reação do condutor";"Capotamento";"Com Vítimas Feridas";"Amanhecer";"Decrescente";"Céu Claro";"Dupla";"Reta";"Não";1;0;1;0;0;0;1;1;-23,23727986;-46,59981085;"SPRF-SP";"DEL03-SP";"UOP01-DEL03-SP"
415783;2022-02-19;"sábado";"05:20:00";"RJ";116;170;"SAO JOAO DE MERITI";"Reação tardia ou ineficiente do condutor";"Colisão lateral mesmo sentido";"Sem Vítimas";"Amanhecer";"Crescente";"Céu Claro";"Múltipla";"Reta";"Sim";2;0;0;0;2;0;0;2;-22,81113183;-43,3336729;"SPRF-RJ";"DEL01-RJ";"UOP02-DEL01-RJ"
415784;2022-02-19;"sábado";"06:00:00";"RS";290;720,7;"URUGUAIANA";"Ingestão de álcool pelo condutor";"Queda de ocupante de veículo";"Com Vítimas Feridas";"Amanhecer";"Decrescente";"Céu Claro";"Dupla";"Rotatória";"Sim";1;0;1;0;0;0;1;1;-29,766502;-57,058228;"SPRF-RS";"DEL13-RS";"UOP01-DEL13-RS"
415785;2022-02-19;"sábado";"05:50:00";"MG";381;813;"CAREACU";"Reação tardia ou ineficiente do condutor";"Saída de leito carroçável";"Com Vítimas Feridas";"Amanhecer";"Crescente";"Nublado";"Dupla";"Reta";"Não";1;0;1;0;0;0;1;1;-22,0714422;-45,70245174;"SPRF-MG";"DEL16-MG";"UOP02-DEL16-MG"
415786;2022-02-19;"sábado";"05:25:00";"PR";476;125;"CURITIBA";"Condutor deixou de manter distância do veículo da frente";"Colisão traseira";"Com Vítimas Feridas";"Amanhecer";"Decrescente";"Céu Claro";"Dupla";"Reta";"Sim";2;0;1;0;0;1;1;2;-25,379221;-49,197685;"SPRF-PR";"DEL01-PR";"UOP03-DEL01-PR"
415787;2022-02-19;"sábado";"02:15:00";"SC";163;71;"SAO MIGUEL DO OESTE";"Acessar a via sem observar a presença dos outros veículos";"Colisão transversal";"Sem Vítimas";"Plena Noite";"Decrescente";"Céu Claro";"Dupla";"Interseção de Vias;Reta";"Sim";3;0;0;0;2;1;0;2;-26,72546935;-53,51330996;"SPRF-SC";"DEL07-SC";"UOP03-DEL07-SC"
415788;2022-02-19;"sábado";"05:35:00";"PR";277;74,5;"SAO JOSE DOS PINHAIS";"Ingestão de álcool pelo condutor";"Colisão lateral mesmo sentido";"Com Vítimas Fatais";"Amanhecer";"Decrescente";"Céu Claro";"Dupla";"Reta";"Sim";2;1;1;0;0;0;1;2;-25,49565731;-49,164505;"SPRF-PR";"DEL01-PR";"UOP01-DEL01-PR"
415789;2022-02-19;"sábado";"05:30:00";"RN";101;105;"PARNAMIRIM";"Reação tardia ou ineficiente do condutor";"Colisão com objeto";"Sem Vítimas";"Pleno dia";"Crescente";"Céu Claro";"Dupla";"Reta";"Sim";1;0;0;0;0;1;0;1;-5,90165196;-35,25928517;"SPRF-RN";"DEL01-RN";"UOP01-DEL01-RN"
415790;2022-02-19;"sábado";"06:10:00";"CE";116;15,8;"EUSEBIO";"Chuva";"Tombamento";"Com Vítimas Feridas";"Pleno dia";"Decrescente";"Garoa/Chuvisco";"Dupla";"Reta";"Sim";1;0;0;1;0;0;1;1;-3,87839882;-38,50066893;"SPRF-CE";"DEL01-CE";"UOP02-DEL01-CE"
415791;2022-02-19;"sábado";"05:00:00";"RS";158;329;"SANTA MARIA";"Ingestão de álcool pelo condutor";"Saída de leito carroçável";"Sem Vítimas";"Plena Noite";"Decrescente";"Céu Claro";"Dupla";"Reta";"Não";1;0;0;0;0;1;0;1;-29,70656383;-53,82849988;"SPRF-RS";"DEL09-RS";"UOP01-DEL09-RS"
415792;2022-02-19;"sábado";"02:00:00";"MG";354;731,8;"POUSO ALTO";"Velocidade Incompatível";"Saída de leito carroçável";"Com Vítimas Fatais";"Plena Noite";"Crescente";"Nublado";"Simples";"Curva";"Não";1;1;0;0;0;0;0;1;-22,17071402;-44,96390985;"SPRF-MG";"DEL17-MG";"UOP01-DEL17-MG"
415793;2022-02-19;"sábado";"04:15:00";"RJ";116;40;"TERESOPOLIS";"Pedestre andava na pista";"Atropelamento de Pedestre";"Com Vítimas Feridas";"Amanhecer";"Crescente";"Nublado";"Simples";"Reta";"Sim";2;0;0;2;0;0;2;2;-22,133427;-42,779522;"SPRF-RJ";"DEL04-RJ";"UOP01-DEL04-RJ"
415794;2022-02-19;"sábado";"05:25:00";"MS";163;497;"CAMPO GRANDE";"Reação tardia ou ineficiente do condutor";"Saída de leito carroçável";"Sem Vítimas";"Amanhecer";"Crescente";"Céu Claro";"Simples";"Reta";"Não";1;0;0;0;1;0;0;1;-20,35232402;-54,52049797;"SPRF-MS";"DEL01-MS";"UOP02-DEL01-MS"
415802;2022-02-19;"sábado";"05:40:00";"SP";116;162,1;"JACAREI";"Velocidade Incompatível";"Saída de leito carroçável";"Sem Vítimas";"Amanhecer";"Crescente";"Céu Claro";"Dupla";"Retorno Regulamentado";"Sim";1;0;0;0;1;0;0;1;-23,28133317;-45,98394689;"SPRF-SP";"DEL02-SP";"UOP01-DEL02-SP"
415804;2022-02-19;"sábado";"01:30:00";"RJ";116;183;"NOVA IGUACU";"Ingestão de álcool pelo condutor";"Colisão com objeto";"Sem Vítimas";"Plena Noite";"Crescente";"Céu Claro";"Dupla";"Curva";"Não";1;0;0;0;1;0;0;1;-22,7516014;-43,43849831;"SPRF-RJ";"DEL01-RJ";"UOP02-DEL01-RJ"
415805;2022-02-18;"sexta-feira";"20:30:00";"RJ";116;211;"PARACAMBI";"Chuva";"Atropelamento de Pedestre";"Com Vítimas Feridas";"Plena Noite";"Decrescente";"Chuva";"Dupla";"Reta";"Sim";2;0;1;0;0;1;1;2;-22,70430533;-43,74652863;"SPRF-RJ";"DEL01-RJ";"UOP03-DEL01-RJ"
415806;2022-02-19;"sábado";"07:15:00";"SC";470;135;"RIO DO SUL";"Transitar na contramão";"Colisão frontal";"Com Vítimas Feridas";"Pleno dia";"Crescente";"Nublado";"Simples";"Reta";"Sim";4;0;3;1;0;0;4;2;-27,18315002;-49,60241318;"SPRF-SC";"DEL04-SC";"UOP02-DEL04-SC"
415808;2022-02-19;"sábado";"07:40:00";"RS";290;720;"URUGUAIANA";"Animais na Pista";"Atropelamento de Animal";"Com Vítimas Feridas";"Pleno dia";"Decrescente";"Céu Claro";"Simples";"Reta";"Sim";2;0;1;0;1;0;1;1;-29,766502;-57,058228;"SPRF-RS";"DEL13-RS";"UOP01-DEL13-RS"
415810;2022-01-06;"quinta-feira";"13:47:00";"PR";376;174,9;"MARINGA";"Acessar a via sem observar a presença dos outros veículos";"Colisão lateral mesmo sentido";"Com Vítimas Feridas";"Pleno dia";"Crescente";"Ignorado";"Dupla";"Interseção de Vias";"Sim";2;0;0;1;0;1;1;2;-23,41430102;-51,94984299;"SPRF-PR";"DEL09-PR";"UOP01-DEL09-PR"
415811;2022-02-18;"sexta-feira";"14:00:00";"RJ";116;257;"VOLTA REDONDA";"Problema com o freio";"Colisão com objeto";"Com Vítimas Feridas";"Pleno dia";"Crescente";"Céu Claro";"Múltipla";"Reta";"Não";2;0;1;0;1;0;1;1;-22,58631777;-44,01407302;"SPRF-RJ";"DEL07-RJ";"UOP02-DEL07-RJ"
415814;2022-02-19;"sábado";"07:30:00";"PR";277;68;"SAO JOSE DOS PINHAIS";"Ingestão de álcool pelo condutor";"Saída de leito carroçável";"Sem Vítimas";"Pleno dia";"Crescente";"Céu Claro";"Dupla";"Reta";"Não";1;0;0;0;0;1;0;1;-25,521295;-49,106102;"SPRF-PR";"DEL01-PR";"UOP01-DEL01-PR"
415816;2022-02-19;"sábado";"08:10:00";"RS";468;79,9;"CAMPO NOVO";"Ausência de reação do condutor";"Saída de leito carroçável";"Com Vítimas Feridas";"Pleno dia";"Crescente";"Céu Claro";"Simples";"Reta";"Não";2;0;2;0;0;0;2;1;-27,63420799;-53,85769404;"SPRF-RS";"DEL08-RS";"UOP02-DEL08-RS"
415818;2022-02-19;"sábado";"08:50:00";"PR";158;526,7;"PATO BRANCO";"Reação tardia ou ineficiente do condutor";"Saída de leito carroçável";"Com Vítimas Feridas";"Pleno dia";"Decrescente";"Céu Claro";"Simples";"Reta;Declive";"Sim";2;0;2;0;0;0;2;1;-26,16133151;-52,66350031;"SPRF-PR";"DEL02-PR";"UOP01-DEL02-PR"
415820;2022-02-19;"sábado";"09:36:00";"PE";101;113,2;"IPOJUCA";"Manobra de mudança de faixa";"Saída de leito carroçável";"Com Vítimas Feridas";"Pleno dia";"Crescente";"Sol";"Dupla";"Curva";"Não";2;0;2;0;0;0;2;1;-8,33107097;-35,12666499;"SPRF-PE";"DEL01-PE";"UOP01-DEL01-PE"
415821;2022-02-19;"sábado";"09:20:00";"CE";222;3,8;"CAUCAIA";"Condutor deixou de manter distância do veículo da frente";"Colisão traseira";"Com Vítimas Feridas";"Pleno dia";"Decrescente";"Chuva";"Dupla";"Aclive";"Sim";2;0;1;0;1;0;1;2;-3,7403769;-38,59569202;"SPRF-CE";"DEL01-CE";"UOP01-DEL01-CE"
415823;2022-02-19;"sábado";"06:50:00";"PR";369;138,4;"IBIPORA";"Ausência de reação do condutor";"Saída de leito carroçável";"Sem Vítimas";"Amanhecer";"Decrescente";"Céu Claro";"Simples";"Curva";"Sim";1;0;0;0;0;1;0;1;-23,27355296;-51,05289817;"SPRF-PR";"DEL07-PR";"UOP01-DEL07-PR"
415824;2022-02-19;"sábado";"08:45:00";"RJ";101;234,5;"SILVA JARDIM";"Transitar no acostamento";"Colisão traseira";"Com Vítimas Feridas";"Pleno dia";"Crescente";"Nublado";"Dupla";"Reta";"Não";2;0;0;1;0;1;1;2;-22,60282105;-42,38831176;"SPRF-RJ";"DEL02-RJ";"UOP03-DEL02-RJ"
415826;2022-02-19;"sábado";"09:37:00";"RJ";101;486;"ANGRA DOS REIS";"Conversão proibida";"Colisão transversal";"Com Vítimas Feridas";"Pleno dia";"Crescente";"Nublado";"Simples";"Reta";"Sim";2;0;1;0;1;0;1;2;-22,97708786;-44,29634653;"SPRF-RJ";"DEL03-RJ";"UOP03-DEL03-RJ"
415829;2022-01-19;"quarta-feira";"07:40:00";"RJ";493;70;"DUQUE DE CAXIAS";"Acumulo de areia ou detritos sobre o pavimento";"Saída de leito carroçável";"Com Vítimas Feridas";"Pleno dia";"Decrescente";"Céu Claro";"Dupla";"Reta";"Não";2;0;1;1;0;0;2;1;-22,672089;-43,285053;"SPRF-RJ";"DEL01-RJ";"UOP03-DEL01-RJ"
415835;2022-02-19;"sábado";"10:30:00";"PR";376;244,1;"APUCARANA";"Reação tardia ou ineficiente do condutor";"Capotamento";"Com Vítimas Feridas";"Pleno dia";"Crescente";"Céu Claro";"Dupla";"Aclive;Curva";"Não";2;0;2;0;0;0;2;1;-23,596168;-51,4113587;"SPRF-PR";"DEL07-PR";"UOP02-DEL07-PR"
415836;2022-02-19;"sábado";"12:00:00";"MG";381;445,5;"SABARA";"Conversão proibida";"Colisão transversal";"Com Vítimas Feridas";"Pleno dia";"Crescente";"Céu Claro";"Simples";"Reta";"Não";2;0;0;1;1;0;1;2;-19,82360393;-43,82539293;"SPRF-MG";"DEL01-MG";"UOP01-DEL01-MG"
415838;2022-02-19;"sábado";"12:00:00";"SP";116;63,4;"GUARATINGUETA";"Avarias e/ou desgaste excessivo no pneu";"Queda de ocupante de veículo";"Com Vítimas Feridas";"Pleno dia";"Crescente";"Nublado";"Dupla";"Reta;Aclive";"Sim";2;0;2;0;0;0;2;1;-22,81269631;-45,1780086;"SPRF-SP";"DEL08-SP";"UOP01-DEL08-SP"
415840;2022-02-19;"sábado";"11:30:00";"RS";116;152;"CAXIAS DO SUL";"Velocidade Incompatível";"Queda de ocupante de veículo";"Com Vítimas Feridas";"Pleno dia";"Decrescente";"Céu Claro";"Dupla";"Curva";"Sim";1;0;1;0;0;0;1;1;-29,1829343;-51,16801501;"SPRF-RS";"DEL05-RS";"UOP01-DEL05-RS"
415842;2022-02-19;"sábado";"11:00:00";"RS";472;574;"URUGUAIANA";"Acessar a via sem observar a presença dos outros veículos";"Colisão transversal";"Com Vítimas Feridas";"Pleno dia";"Decrescente";"Sol";"Simples";"Reta";"Sim";2;0;1;0;1;0;1;2;-29,76327562;-57,05443924;"SPRF-RS";"DEL13-RS";"UOP01-DEL13-RS"
415843;2022-02-19;"sábado";"12:19:00";"PR";476;133;"CURITIBA";"Acessar a via sem observar a presença dos outros veículos";"Colisão transversal";"Com Vítimas Feridas";"Pleno dia";"Crescente";"Céu Claro";"Simples";"Reta";"Sim";3;0;1;0;2;0;1;3;-25,469219;-49,254143;"SPRF-PR";"DEL01-PR";"UOP03-DEL01-PR"
415844;2022-02-19;"sábado";"12:15:00";"SC";101;410,4;"ARARANGUA";"Condutor deixou de manter distância do veículo da frente";"Colisão lateral mesmo sentido";"Com Vítimas Feridas";"Pleno dia";"Crescente";"Céu Claro";"Simples";"Reta";"Sim";3;0;2;0;1;0;2;2;-28,94295271;-49,50094521;"SPRF-SC";"DEL02-SC";"UOP02-DEL02-SC"
415846;2022-02-19;"sábado";"12:10:00";"RS";293;49,9;"CERRITO";"Acessar a via sem observar a presença dos outros veículos";"Colisão transversal";"Com Vítimas Feridas";"Pleno dia";"Crescente";"Céu Claro";"Simples";"Interseção de Vias";"Não";4;0;0;1;3;0;1;2;-31,72974583;-52,83474326;"SPRF-RS";"DEL07-RS";"UOP01-DEL07-RS"
415850;2022-02-19;"sábado";"13:00:00";"MG";381;443,4;"SABARA";"Ausência de reação do condutor";"Colisão traseira";"Com Vítimas Feridas";"Pleno dia";"Crescente";"Céu Claro";"Simples";"Reta";"Sim";3;0;2;0;1;0;2;2;-19,822546;-43,817345;"SPRF-MG";"DEL01-MG";"UOP01-DEL01-MG"
415851;2022-02-19;"sábado";"12:40:00";"PE";101;70;"RECIFE";"Pedestre andava na pista";"Atropelamento de Pedestre";"Com Vítimas Fatais";"Pleno dia";"Crescente";"Céu Claro";"Dupla";"Viaduto";"Sim";2;1;0;0;1;0;0;2;-8,06776119;-34,94265074;"SPRF-PE";"DEL01-PE";"UOP01-DEL01-PE"
415852;2022-02-19;"sábado";"11:10:00";"PR";153;337,8;"IRATI";"Acessar a via sem observar a presença dos outros veículos";"Colisão lateral mesmo sentido";"Com Vítimas Feridas";"Pleno dia";"Decrescente";"Céu Claro";"Simples";"Aclive";"Sim";6;0;3;2;1;0;5;2;-25,50616511;-50,6512107;"SPRF-PR";"DEL03-PR";"UOP03-DEL03-PR"
415853;2022-02-19;"sábado";"14:00:00";"MG";381;446;"BELO HORIZONTE";"Conversão proibida";"Colisão transversal";"Com Vítimas Feridas";"Pleno dia";"Decrescente";"Céu Claro";"Dupla";"Reta";"Sim";2;0;1;0;1;0;1;2;-19,82950465;-43,84255613;"SPRF-MG";"DEL01-MG";"UOP01-DEL01-MG"
415854;2022-02-19;"sábado";"13:30:00";"BA";367;83,3;"EUNAPOLIS";"Ausência de reação do condutor";"Colisão lateral mesmo sentido";"Com Vítimas Feridas";"Pleno dia";"Crescente";"Céu Claro";"Simples";"Interseção de Vias";"Sim";2;0;1;0;1;0;1;2;-16,37256267;-39,57064408;"SPRF-BA";"DEL09-BA";"UOP01-DEL09-BA"
415856;2022-02-19;"sábado";"13:20:00";"SC";282;326;"CAMPOS NOVOS";"Reação tardia ou ineficiente do condutor";"Colisão traseira";"Sem Vítimas";"Pleno dia";"Crescente";"Céu Claro";"Simples";"Aclive";"Não";10;0;0;0;10;0;0;3;-27,38060861;-51,0987854;"SPRF-SC";"DEL07-SC";"UOP06-DEL07-SC"
415857;2022-02-19;"sábado";"09:45:00";"CE";20;325,9;"CARIDADE";"Acessar a via sem observar a presença dos outros veículos";"Colisão transversal";"Com Vítimas Feridas";"Pleno dia";"Crescente";"Céu Claro";"Simples";"Reta";"Sim";2;0;1;0;1;0;1;2;-4,24158307;-39,2043639;"SPRF-CE";"DEL02-CE";"UOP01-DEL02-CE"
415860;2022-02-19;"sábado";"13:52:00";"SP";153;195,3;"GETULINA";"Acessar a via sem observar a presença dos outros veículos";"Colisão transversal";"Com Vítimas Feridas";"Pleno dia";"Crescente";"Sol";"Simples";"Interseção de Vias";"Não";3;0;1;0;2;0;1;2;-21,776442;-49,89232;"SPRF-SP";"DEL07-SP";"UOP01-DEL07-SP"
415865;2022-02-19;"sábado";"10:30:00";"RS";290;64,5;"GRAVATAI";"Reação tardia ou ineficiente do condutor";"Saída de leito carroçável";"Com Vítimas Feridas";"Pleno dia";"Crescente";"Céu Claro";"Dupla";"Curva";"Sim";4;0;2;0;2;0;2;1;-29,942683;-50,900219;"SPRF-RS";"DEL03-RS";"UOP01-DEL03-RS"
415868;2022-02-19;"sábado";"08:00:00";"RS";290;27;"SANTO ANTONIO DA PATRULHA";"Ausência de reação do condutor";"Saída de leito carroçável";"Sem Vítimas";"Amanhecer";"Crescente";"Céu Claro";"Dupla";"Reta";"Não";2;0;0;0;0;2;0;1;-29,881359;-50,524544;"SPRF-RS";"DEL03-RS";"UOP01-DEL03-RS"
415869;2022-02-19;"sábado";"15:30:00";"AL";101;6,3;"NOVO LINO";"Curva acentuada";"Saída de leito carroçável";"Com Vítimas Feridas";"Pleno dia";"Decrescente";"Céu Claro";"Dupla";"Curva";"Não";4;0;2;0;2;0;2;1;-8,92707767;-35,6379889;"SPRF-AL";"DEL01-AL";"UOP02-DEL01-AL"
415873;2022-02-19;"sábado";"15:56:00";"AP";210;46;"MACAPA";"Velocidade Incompatível";"Colisão frontal";"Com Vítimas Fatais";"Pleno dia";"Crescente";"Chuva";"Simples";"Reta";"Não";5;2;1;1;1;0;2;2;0,3629696;-51,08236981;"SPRF-AP";"DEL01-AP";"UOP01-DEL01-AP"
415874;2022-02-19;"sábado";"09:00:00";"BA";110;112;"ANTAS";"Acessar a via sem observar a presença dos outros veículos";"Atropelamento de Pedestre";"Com Vítimas Feridas";"Pleno dia";"Decrescente";"Céu Claro";"Simples";"Reta";"Não";2;0;0;1;1;0;1;2;-10,3949909;-38,34922612;"SPRF-BA";"DEL07-BA";"UOP01-DEL07-BA"
415875;2022-02-19;"sábado";"15:56:00";"GO";60;9,8;"SANTO ANTONIO DO DESCOBERTO";"Ingestão de álcool pelo condutor";"Saída de leito carroçável";"Com Vítimas Feridas";"Pleno dia";"Decrescente";"Chuva";"Dupla";"Curva";"Não";2;0;1;0;1;0;1;1;-16,103433;-48,2928;"SPRF-DF";"DEL03-DF";"UOP01-DEL03-DF"
415876;2022-02-19;"sábado";"14:40:00";"RJ";101;418;"MANGARATIBA";"Transitar na contramão";"Colisão frontal";"Com Vítimas Feridas";"Pleno dia";"Crescente";"Céu Claro";"Dupla";"Reta";"Sim";15;0;3;11;0;1;14;3;-22,9178274;-43,90471593;"SPRF-RJ";"DEL03-RJ";"UOP03-DEL03-RJ"
415877;2022-02-19;"sábado";"16:00:00";"TO";153;141;"ARAGUAINA";"Acessar a via sem observar a presença dos outros veículos";"Colisão transversal";"Com Vítimas Feridas";"Pleno dia";"Decrescente";"Sol";"Múltipla";"Retorno Regulamentado";"Sim";2;0;1;1;0;0;2;2;-7,175959;-48,219548;"SPRF-TO";"DEL02-TO";"UOP01-DEL02-TO"
415879;2022-02-19;"sábado";"12:30:00";"PB";405;1,8;"UIRAUNA";"Manobra de mudança de faixa";"Colisão traseira";"Com Vítimas Feridas";"Pleno dia";"Decrescente";"Céu Claro";"Simples";"Declive";"Não";4;0;0;2;0;2;2;3;-6,461908;-38,378624;"SPRF-PB";"DEL03-PB";"UOP03-DEL03-PB"
415880;2022-02-19;"sábado";"15:35:00";"MG";40;791,1;"JUIZ DE FORA";"Chuva";"Saída de leito carroçável";"Com Vítimas Feridas";"Pleno dia";"Crescente";"Chuva";"Dupla";"Curva";"Não";1;0;1;0;0;0;1;1;-21,77922124;-43,42576012;"SPRF-MG";"DEL05-MG";"UOP01-DEL05-MG"