"id";"data_inversa";"dia_semana";"horario";"uf";"br";"km";"municipio";"causa_acidente";"tipo_acidente";"classificacao_acidente";"fase_dia";"sentido_via";"condicao_metereologica";"tipo_pista";"tracado_via";"uso_solo";"pessoas";"mortos";"feridos_leves";"feridos_graves";"ilesos";"ignorados";"feridos";"veiculos";"latitude";"longitude";"regional";"delegacia";"uop"
415881;2022-02-19;"sábado";"16:24:00";"TO";153;138;"ARAGUAINA";"Ingestão de álcool pelo condutor";"Colisão traseira";"Sem Vítimas";"Anoitecer";"Decrescente";"Céu Claro";"Dupla";"Reta";"Sim";3;0;0;0;3;0;0;2;-7,15509994;-48,20416232;"SPRF-TO";"DEL02-TO";"UOP01-DEL02-TO"
415885;2022-02-19;"sábado";"14:45:00";"RO";364;700;"PORTO VELHO";"Problema com o freio";"Colisão traseira";"Com Vítimas Feridas";"Pleno dia";"Decrescente";"Chuva";"Dupla";"Reta";"Não";3;0;1;0;2;0;1;2;-8,800675;-63,771339;"SPRF-RO";"DEL01-RO";"UOP01-DEL01-RO"
415887;2022-02-19;"sábado";"14:40:00";"SC";470;48,6;"BLUMENAU";"Manobra de mudança de faixa";"Tombamento";"Com Vítimas Feridas";"Pleno dia";"Decrescente";"Sol";"Simples";"Em Obras;Reta";"Sim";2;0;2;0;0;0;2;1;-26,859823;-49,055393;"SPRF-SC";"DEL04-SC";"UOP01-DEL04-SC"
415888;2022-02-19;"sábado";"17:39:00";"MG";381;479,2;"CONTAGEM";"Ingestão de álcool pelo condutor";"Colisão traseira";"Com Vítimas Feridas";"Pleno dia";"Decrescente";"Nublado";"Dupla";"Curva";"Sim";2;0;1;0;1;0;1;2;-19,95889605;-44,069202;"SPRF-MG";"DEL01-MG";"UOP03-DEL01-MG"
415890;2022-02-19;"sábado";"17:10:00";"RS";285;122,2;"VACARIA";"Acessar a via sem observar a presença dos outros veículos";"Colisão transversal";"Com Vítimas Feridas";"Pleno dia";"Crescente";"Céu Claro";"Simples";"Reta";"Sim";3;0;2;0;1;0;2;2;-28,510252;-50,935688;"SPRF-RS";"DEL05-RS";"UOP03-DEL05-RS"
415892;2022-02-19;"sábado";"17:30:00";"PI";343;3,8;"TERESINA";"Desrespeitar a preferência no cruzamento";"Colisão transversal";"Com Vítimas Feridas";"Amanhecer";"Crescente";"Nublado";"Simples";"Reta";"Sim";2;0;1;0;1;0;1;2;-5,089569;-42,802288;"SPRF-PI";"DEL01-PI";"UOP01-DEL01-PI"
415895;2022-02-19;"sábado";"18:45:00";"RJ";116;108;"GUAPIMIRIM";"Ausência de reação do condutor";"Saída de leito carroçável";"Com Vítimas Feridas";"Plena Noite";"Decrescente";"Chuva";"Dupla";"Reta";"Sim";1;0;1;0;0;0;1;1;-22,535843;-42,99125;"SPRF-RJ";"DEL04-RJ";"UOP01-DEL04-RJ"
415896;2022-02-19;"sábado";"18:50:00";"RN";101;115,1;"SAO JOSE DE MIPIBU";"Ausência de reação do condutor";"Colisão lateral mesmo sentido";"Com Vítimas Feridas";"Plena Noite";"Decrescente";"Céu Claro";"Dupla";"Reta";"Não";2;0;2;0;0;0;2;2;-5,99096804;-35,26381408;"SPRF-RN";"DEL01-RN";"UOP01-DEL01-RN"
415897;2022-02-19;"sábado";"16:00:00";"SC";470;4;"NAVEGANTES";"Desrespeitar a preferência no cruzamento";"Colisão transversal";"Com Vítimas Feridas";"Pleno dia";"Crescente";"Céu Claro";"Simples";"Rotatória";"Não";1;0;0;1;0;0;1;1;-26,858473;-48,690788;"SPRF-SC";"DEL04-SC";"UOP04-DEL04-SC"
415898;2022-02-19;"sábado";"17:16:00";"TO";153;232;"COLINAS DO TOCANTINS";"Manobra de mudança de faixa";"Saída de leito carroçável";"Com Vítimas Feridas";"Anoitecer";"Decrescente";"Garoa/Chuvisco";"Simples";"Reta";"Não";6;0;4;2;0;0;6;1;-7,92316395;-48,46765953;"SPRF-TO";"DEL02-TO";"UOP01-DEL02-TO"
415899;2022-02-19;"sábado";"15:50:00";"RO";364;341;"JI-PARANA";"Condutor desrespeitou a iluminação vermelha do semáforo";"Colisão transversal";"Com Vítimas Feridas";"Pleno dia";"Crescente";"Nublado";"Dupla";"Reta";"Sim";2;0;1;0;1;0;1;2;-10,88987987;-61,93126772;"SPRF-RO";"DEL02-RO";"UOP01-DEL02-RO"
415900;2022-02-19;"sábado";"17:50:00";"RR";432;213;"CANTA";"Ingestão de álcool pelo condutor";"Saída de leito carroçável";"Com Vítimas Feridas";"Pleno dia";"Crescente";"Céu Claro";"Simples";"Reta";"Não";2;0;2;0;0;0;2;1;2,797924;-60,60949226;"SPRF-RR";"DEL01-RR";"UOP01-DEL01-RR"
415902;2022-02-19;"sábado";"18:00:00";"PB";101;79;"SANTA RITA";"Ingestão de álcool pelo condutor";"Capotamento";"Sem Vítimas";"Plena Noite";"Decrescente";"Céu Claro";"Dupla";"Curva";"Não";1;0;0;0;0;1;0;1;-7,1147526;-34,95793891;"SPRF-PB";"DEL01-PB";"UOP04-DEL01-PB"
415903;2022-02-19;"sábado";"16:50:00";"SC";282;558;"NOVA ITABERABA";"Afundamento ou ondulação no pavimento";"Capotamento";"Com Vítimas Feridas";"Pleno dia";"Crescente";"Sol";"Simples";"Curva";"Não";1;0;0;1;0;0;1;1;-26,93273;-52,838913;"SPRF-SC";"DEL07-SC";"UOP01-DEL07-SC"
415904;2022-02-19;"sábado";"19:35:00";"SP";116;35,5;"CACHOEIRA PAULISTA";"Velocidade Incompatível";"Capotamento";"Com Vítimas Feridas";"Plena Noite";"Crescente";"Chuva";"Dupla";"Declive";"Não";5;0;2;2;1;0;4;1;-22,65892521;-44,96708995;"SPRF-SP";"DEL08-SP";"UOP02-DEL08-SP"
415905;2022-02-19;"sábado";"19:15:00";"PR";369;185,2;"ARAPONGAS";"Condutor desrespeitou a iluminação vermelha do semáforo";"Colisão transversal";"Sem Vítimas";"Plena Noite";"Crescente";"Céu Claro";"Simples";"Interseção de Vias";"Sim";2;0;0;0;2;0;0;2;-23,409188;-51,42776;"SPRF-PR";"DEL07-PR";"UOP02-DEL07-PR"
415906;2022-02-19;"sábado";"18:15:00";"BA";101;165,7;"CONCEICAO DO JACUIPE";"Reação tardia ou ineficiente do condutor";"Colisão lateral mesmo sentido";"Com Vítimas Feridas";"Plena Noite";"Crescente";"Céu Claro";"Simples";"Reta";"Não";2;0;1;0;0;1;1;2;-12,35669952;-38,81803184;"SPRF-BA";"DEL01-BA";"UOP03-DEL01-BA"
415907;2022-02-19;"sábado";"16:40:00";"GO";153;514;"APARECIDA DE GOIANIA";"Acessar a via sem observar a presença dos outros veículos";"Colisão transversal";"Sem Vítimas";"Pleno dia";"Crescente";"Céu Claro";"Dupla";"Retorno Regulamentado";"Não";2;0;0;0;2;0;0;2;-16,8315;-49,2434;"SPRF-GO";"DEL01-GO";"UOP03-DEL01-GO"
415909;2022-02-19;"sábado";"13:56:00";"MG";50;10;"ARAGUARI";"Pista Escorregadia";"Colisão com objeto";"Com Vítimas Feridas";"Pleno dia";"Decrescente";"Chuva";"Dupla";"Curva";"Não";1;0;1;0;0;0;1;1;-18,50601025;-48,04052945;"SPRF-MG";"DEL15-MG";"UOP02-DEL15-MG"
415910;2022-02-19;"sábado";"19:20:00";"ES";101;139,7;"LINHARES";"Velocidade Incompatível";"Tombamento";"Com Vítimas Feridas";"Plena Noite";"Crescente";"Céu Claro";"Dupla";"Reta";"Sim";1;0;1;0;0;0;1;1;-19,3101728;-40,0799666;"SPRF-ES";"DEL04-ES";"UOP01-DEL04-ES"
415911;2022-02-19;"sábado";"18:20:00";"BA";415;19;"ILHEUS";"Ingestão de álcool pelo condutor";"Colisão traseira";"Sem Vítimas";"Anoitecer";"Crescente";"Céu Claro";"Simples";"Reta";"Sim";4;0;0;0;4;0;0;2;-14,8482;-39,281986;"SPRF-BA";"DEL05-BA";"UOP01-DEL05-BA"
415912;2022-02-19;"sábado";"18:30:00";"AL";316;226;"ATALAIA";"Acessar a via sem observar a presença dos outros veículos";"Colisão com objeto";"Com Vítimas Feridas";"Plena Noite";"Decrescente";"Céu Claro";"Simples";"Declive;Reta";"Não";3;0;2;1;0;0;3;2;-9,48398693;-36,15120494;"SPRF-AL";"DEL01-AL";"UOP01-DEL01-AL"
415913;2022-02-19;"sábado";"20:20:00";"GO";50;111;"CRISTALINA";"Demais falhas mecânicas ou elétricas";"Saída de leito carroçável";"Sem Vítimas";"Plena Noite";"Decrescente";"Chuva";"Dupla";"Viaduto";"Não";1;0;0;0;1;0;0;1;-16,9309;-47,7117;"SPRF-DF";"DEL01-DF";"UOP02-DEL01-DF"
415914;2022-02-19;"sábado";"19:15:00";"RJ";356;156;"CAMPOS DOS GOYTACAZES";"Ingestão de álcool pelo condutor";"Colisão frontal";"Sem Vítimas";"Plena Noite";"Crescente";"Chuva";"Simples";"Reta";"Não";3;0;0;0;3;0;0;3;-21,74176222;-41,21112786;"SPRF-RJ";"DEL08-RJ";"UOP02-DEL08-RJ"
415915;2022-02-19;"sábado";"19:05:00";"PE";423;40;"CACHOEIRINHA";"Animais na Pista";"Atropelamento de Animal";"Com Vítimas Feridas";"Plena Noite";"Crescente";"Nevoeiro/Neblina";"Simples";"Curva";"Não";1;0;0;1;0;0;1;1;-8,49546007;-36,23936082;"SPRF-PE";"DEL03-PE";"UOP01-DEL03-PE"
415917;2022-02-19;"sábado";"15:30:00";"MG";381;495;"BETIM";"Condutor deixou de manter distância do veículo da frente";"Eventos atípicos";"Com Vítimas Feridas";"Pleno dia";"Crescente";"Nublado";"Dupla";"Reta";"Sim";2;0;1;0;1;0;1;1;-19,98890883;-44,20522016;"SPRF-MG";"DEL01-MG";"UOP03-DEL01-MG"
415919;2022-02-19;"sábado";"16:20:00";"RS";290;175,2;"BUTIA";"Desrespeitar a preferência no cruzamento";"Colisão transversal";"Sem Vítimas";"Pleno dia";"Decrescente";"Céu Claro";"Simples";"Reta;Aclive";"Sim";5;0;0;0;5;0;0;2;-30,129343;-51,961823;"SPRF-RS";"DEL02-RS";"UOP03-DEL02-RS"
415920;2022-02-19;"sábado";"20:00:00";"RS";116;424;"CRISTAL";"Condutor deixou de manter distância do veículo da frente";"Colisão traseira";"Sem Vítimas";"Plena Noite";"Decrescente";"Céu Claro";"Simples";"Reta";"Não";2;0;0;0;2;0;0;2;-30,97771775;-52,01245812;"SPRF-RS";"DEL02-RS";"UOP02-DEL02-RS"
415923;2022-02-19;"sábado";"20:40:00";"SC";101;137;"BALNEARIO CAMBORIU";"Velocidade Incompatível";"Colisão com objeto";"Sem Vítimas";"Plena Noite";"Decrescente";"Céu Claro";"Dupla";"Reta";"Não";1;0;0;0;0;1;0;1;-27,0157238;-48,61192763;"SPRF-SC";"DEL04-SC";"UOP03-DEL04-SC"
415924;2022-02-19;"sábado";"19:50:00";"MS";463;106;"PONTA PORA";"Ausência de reação do condutor";"Saída de leito carroçável";"Com Vítimas Feridas";"Plena Noite";"Decrescente";"Céu Claro";"Simples";"Reta";"Não";1;0;1;0;0;0;1;1;-22,59656312;-55,66536809;"SPRF-MS";"DEL04-MS";"UOP03-DEL04-MS"
415927;2022-02-19;"sábado";"20:40:00";"RN";304;48,3;"MOSSORO";"Acessar a via sem observar a presença dos outros veículos";"Colisão transversal";"Com Vítimas Feridas";"Plena Noite";"Crescente";"Céu Claro";"Dupla";"Reta;Retorno Regulamentado";"Sim";3;0;2;0;1;0;2;2;-5,22868577;-37,32203081;"SPRF-RN";"DEL04-RN";"UOP01-DEL04-RN"
415930;2022-02-19;"sábado";"21:00:00";"PI";316;314;"PICOS";"Reação tardia ou ineficiente do condutor";"Colisão com objeto";"Sem Vítimas";"Plena Noite";"Crescente";"Nublado";"Simples";"Reta";"Não";1;0;0;0;1;0;0;1;-7,0776992;-41,44117384;"SPRF-PI";"DEL04-PI";"UOP01-DEL04-PI"
415932;2022-02-19;"sábado";"21:20:00";"ES";259;60;"COLATINA";"Ausência de reação do condutor";"Capotamento";"Com Vítimas Feridas";"Plena Noite";"Crescente";"Nublado";"Simples";"Reta";"Não";2;0;1;0;0;1;1;2;-19,52530482;-40,67461308;"SPRF-ES";"DEL02-ES";"UOP01-DEL02-ES"
415933;2022-02-19;"sábado";"18:00:00";"BA";420;341,8;"JAGUAQUARA";"Ingestão de álcool pelo condutor";"Colisão frontal";"Com Vítimas Feridas";"Anoitecer";"Crescente";"Ignorado";"Simples";"Curva";"Não";2;0;0;1;1;0;1;2;-13,52303155;-39,99016457;"SPRF-BA";"DEL03-BA";"UOP01-DEL03-BA"
415936;2022-02-19;"sábado";"19:30:00";"SC";280;94;"CORUPA";"Velocidade Incompatível";"Tombamento";"Com Vítimas Feridas";"Plena Noite";"Decrescente";"Céu Claro";"Simples";"Reta";"Não";3;0;3;0;0;0;3;1;-26,39198268;-49,30187441;"SPRF-SC";"DEL06-SC";"UOP03-DEL06-SC"
415937;2022-02-19;"sábado";"20:00:00";"MG";116;762;"LEOPOLDINA";"Acessar a via sem observar a presença dos outros veículos";"Colisão transversal";"Com Vítimas Feridas";"Plena Noite";"Crescente";"Chuva";"Simples";"Interseção de Vias";"Sim";2;0;1;0;1;0;1;2;-21,52887723;-42,62360898;"SPRF-MG";"DEL07-MG";"UOP01-DEL07-MG"
415938;2022-02-19;"sábado";"21:50:00";"MT";70;0;"PONTAL DO ARAGUAIA";"Ingestão de álcool pelo condutor";"Colisão com objeto";"Com Vítimas Feridas";"Plena Noite";"Crescente";"Chuva";"Simples";"Reta";"Sim";1;0;1;0;0;0;1;1;-15,895538;-52,25599;"SPRF-MT";"DEL07-MT";"UOP01-DEL07-MT"
415939;2022-02-19;"sábado";"18:10:00";"MG";262;532;"LUZ";"Problema na suspensão";"Tombamento";"Com Vítimas Feridas";"Plena Noite";"Decrescente";"Chuva";"Simples";"Declive";"Não";1;0;1;0;0;0;1;1;-19,78055943;-45,73305711;"SPRF-MG";"DEL08-MG";"UOP02-DEL08-MG"
415940;2022-02-19;"sábado";"21:37:00";"RS";290;131;"ELDORADO DO SUL";"Condutor Dormindo";"Saída de leito carroçável";"Com Vítimas Feridas";"Plena Noite";"Crescente";"Céu Claro";"Simples";"Reta";"Não";2;0;2;0;0;0;2;1;-30,060116;-51,520683;"SPRF-RS";"DEL02-RS";"UOP01-DEL02-RS"
415941;2022-02-19;"sábado";"21:50:00";"RS";116;254,5;"SAPUCAIA DO SUL";"Ingestão de álcool pelo condutor";"Saída de leito carroçável";"Com Vítimas Feridas";"Plena Noite";"Decrescente";"Céu Claro";"Dupla";"Reta";"Sim";1;0;1;0;0;0;1;1;-29,82654797;-51,17241311;"SPRF-RS";"DEL01-RS";"UOP02-DEL01-RS"
415942;2022-02-19;"sábado";"20:30:00";"MG";116;781,8;"LEOPOLDINA";"Chuva";"Saída de leito carroçável";"Com Vítimas Feridas";"Plena Noite";"Decrescente";"Chuva";"Simples";"Declive;Curva";"Não";1;0;1;0;0;0;1;1;-21,59632074;-42,69196405;"SPRF-MG";"DEL07-MG";"UOP01-DEL07-MG"
415944;2022-02-19;"sábado";"19:15:00";"MT";163;836;"SINOP";"Ausência de reação do condutor";"Queda de ocupante de veículo";"Com Vítimas Feridas";"Plena Noite";"Decrescente";"Chuva";"Dupla";"Curva";"Sim";1;0;1;0;0;0;1;1;-11,977922;-55,517017;"SPRF-MT";"DEL06-MT";"NPF/DEL06-MT"
415945;2022-02-19;"sábado";"16:40:00";"MT";163;890;"CLAUDIA";"Transitar na contramão";"Colisão frontal";"Com Vítimas Feridas";"Pleno dia";"Decrescente";"Nublado";"Simples";"Reta";"Não";2;0;0;1;1;0;1;2;-11,396783;-55,346;"SPRF-MT";"DEL06-MT";"NPF/DEL06-MT"
415948;2022-02-19;"sábado";"21:15:00";"SC";101;40;"JOINVILLE";"Velocidade Incompatível";"Saída de leito carroçável";"Com Vítimas Feridas";"Plena Noite";"Crescente";"Céu Claro";"Dupla";"Curva";"Não";1;0;1;0;0;0;1;1;-26,30480311;-48,88126373;"SPRF-SC";"DEL03-SC";"UOP01-DEL03-SC"
415949;2022-02-19;"sábado";"18:45:00";"BA";116;24,6;"VITORIA DA CONQUISTA";"Acessar a via sem observar a presença dos outros veículos";"Colisão traseira";"Com Vítimas Feridas";"Plena Noite";"Decrescente";"Céu Claro";"Dupla";"Interseção de Vias";"Não";3;0;1;0;1;1;1;2;-14,851;-40,8485;"SPRF-BA";"DEL08-BA";"UOP01-DEL08-BA"
415950;2022-02-19;"sábado";"20:55:00";"MG";381;287;"JAGUARACU";"Ingestão de álcool pelo condutor";"Colisão lateral sentido oposto";"Com Vítimas Feridas";"Plena Noite";"Crescente";"Chuva";"Simples";"Reta";"Não";2;0;1;0;1;0;1;2;-19,634349;-42,80726132;"SPRF-MG";"DEL03-MG";"UOP02-DEL03-MG"
415952;2022-02-19;"sábado";"23:20:00";"BA";235;340;"JUAZEIRO";"Transitar na contramão";"Colisão frontal";"Com Vítimas Feridas";"Plena Noite";"Crescente";"Céu Claro";"Simples";"Reta";"Não";3;0;0;1;2;0;1;2;-9,46093514;-40,43101997;"SPRF-PE";"DEL06-PE";"UOP01-DEL06-PE"
415953;2022-02-19;"sábado";"17:40:00";"SC";101;331,9;"TUBARAO";"Ingestão de álcool pelo condutor";"Colisão traseira";"Sem Vítimas";"Pleno dia";"Crescente";"Céu Claro";"Dupla";"Reta";"Não";4;0;0;0;3;1;0;4;-28,45567521;-48,9812689;"SPRF-SC";"DEL02-SC";"UOP01-DEL02-SC"
415954;2022-02-19;"sábado";"23:35:00";"GO";60;385,5;"RIO VERDE";"Pedestre andava na pista";"Atropelamento de Pedestre";"Com Vítimas Fatais";"Plena Noite";"Decrescente";"Ignorado";"Dupla";"Reta";"Sim";2;1;0;0;1;0;0;2;-17,7964;-50,914;"SPRF-GO";"DEL04-GO";"UOP01-DEL04-GO"
415956;2022-02-19;"sábado";"19:45:00";"SC";101;298;"LAGUNA";"Ingestão de álcool pelo condutor";"Colisão traseira";"Sem Vítimas";"Plena Noite";"Crescente";"Céu Claro";"Dupla";"Reta";"Não";2;0;0;0;2;0;0;2;-28,32102597;-48,72829906;"SPRF-SC";"DEL02-SC";"UOP03-DEL02-SC"
415957;2022-02-19;"sábado";"23:50:00";"MG";381;504;"BETIM";"Ingestão de álcool pelo condutor";"Saída de leito carroçável";"Com Vítimas Feridas";"Plena Noite";"Decrescente";"Garoa/Chuvisco";"Múltipla";"Reta";"Sim";1;0;1;0;0;0;1;1;-20,04164508;-44,26386697;"SPRF-MG";"DEL01-MG";"UOP03-DEL01-MG"
415958;2022-02-19;"sábado";"20:30:00";"PR";277;27;"MORRETES";"Reação tardia ou ineficiente do condutor";"Colisão frontal";"Com Vítimas Feridas";"Plena Noite";"Crescente";"Céu Claro";"Dupla";"Reta";"Não";4;0;1;0;3;0;1;2;-25,52935033;-48,72534598;"SPRF-PR";"DEL01-PR";"UOP05-DEL01-PR"
415959;2022-02-19;"sábado";"23:35:00";"GO";40;19;"LUZIANIA";"Velocidade Incompatível";"Colisão traseira";"Sem Vítimas";"Plena Noite";"Crescente";"Garoa/Chuvisco";"Dupla";"Reta";"Sim";2;0;0;0;1;1;0;2;-16,201556;-47,921314;"SPRF-DF";"DEL01-DF";"UOP01-DEL01-DF"
415961;2022-02-19;"sábado";"18:55:00";"MT";70;378;"CAMPO VERDE";"Ingestão de álcool pelo condutor";"Colisão frontal";"Com Vítimas Fatais";"Plena Noite";"Crescente";"Ignorado";"Simples";"Reta";"Não";2;1;0;0;1;0;0;2;-15,50286015;-55,1046459;"SPRF-MT";"DEL05-MT";"UOP02-DEL05-MT"
415962;2022-02-19;"sábado";"21:40:00";"AC";364;134;"RIO BRANCO";"Ingestão de álcool pelo condutor";"Colisão traseira";"Sem Vítimas";"Plena Noite";"Decrescente";"Céu Claro";"Dupla";"Reta";"Sim";3;0;0;0;3;0;0;2;-9,993501;-67,84868;"SPRF-AC";"DEL01-AC";"UOP01-DEL01-AC"
415963;2022-02-19;"sábado";"21:15:00";"RS";392;617,6;"SANTO ANGELO";"Velocidade Incompatível";"Colisão com objeto";"Com Vítimas Feridas";"Plena Noite";"Crescente";"Céu Claro";"Simples";"Interseção de Vias";"Não";2;0;1;0;1;0;1;1;-28,196718;-54,323573;"SPRF-RS";"DEL10-RS";"UOP01-DEL10-RS"
415964;2022-02-19;"sábado";"23:05:00";"RS";287;272;"SAO PEDRO DO SUL";"Reação tardia ou ineficiente do condutor";"Tombamento";"Com Vítimas Feridas";"Plena Noite";"Decrescente";"Céu Claro";"Simples";"Reta";"Não";1;0;1;0;0;0;1;1;-29,66598109;-54,09456501;"SPRF-RS";"DEL09-RS";"UOP01-DEL09-RS"
415965;2022-02-19;"sábado";"09:00:00";"PB";361;3,9;"PATOS";"Transitar na contramão";"Colisão frontal";"Com Vítimas Feridas";"Pleno dia";"Decrescente";"Céu Claro";"Simples";"Reta";"Sim";2;0;1;0;1;0;1;2;-7,02992098;-37,285079;"SPRF-PB";"DEL03-PB";"UOP01-DEL03-PB"
415966;2022-02-19;"sábado";"17:00:00";"AM";319;1;"MANAUS";"Reação tardia ou ineficiente do condutor";"Colisão com objeto";"Com Vítimas Feridas";"Anoitecer";"Crescente";"Nublado";"Simples";"Declive";"Sim";3;0;0;1;1;1;1;2;-3,13520258;-59,93891716;"SPRF-AM";"DEL01-AM";"UOP01-DEL01-AM"
415967;2022-02-19;"sábado";"21:10:00";"MG";354;749,4;"ITANHANDU";"Acesso irregular";"Colisão transversal";"Com Vítimas Feridas";"Plena Noite";"Decrescente";"Nublado";"Simples";"Reta";"Não";3;0;0;2;1;0;2;2;-22,27036552;-44,87906649;"SPRF-MG";"DEL17-MG";"UOP01-DEL17-MG"
415968;2022-02-19;"sábado";"18:40:00";"MT";364;129,5;"PEDRA PRETA";"Acostamento em desnível";"Saída de leito carroçável";"Com Vítimas Feridas";"Anoitecer";"Crescente";"Nublado";"Simples";"Reta";"Não";1;0;0;1;0;0;1;1;-16,78752926;-54,14948258;"SPRF-MT";"DEL02-MT";"UOP02-DEL02-MT"
415970;2022-02-20;"domingo";"00:10:00";"PR";116;9;"CAMPINA GRANDE DO SUL";"Velocidade Incompatível";"Saída de leito carroçável";"Com Vítimas Feridas";"Plena Noite";"Crescente";"Nublado";"Simples";"Reta";"Não";3;0;0;1;2;0;1;1;-25,08357197;-48,64281407;"SPRF-PR";"DEL01-PR";"UOP02-DEL01-PR"
415971;2022-02-19;"sábado";"20:00:00";"RO";364;232;"CACOAL";"Desrespeitar a preferência no cruzamento";"Colisão transversal";"Com Vítimas Feridas";"Plena Noite";"Crescente";"Nublado";"Simples";"Interseção de Vias";"Não";3;0;0;2;1;0;2;2;-11,46557676;-61,40744887;"SPRF-RO";"DEL02-RO";"UOP02-DEL02-RO"
415972;2022-02-20;"domingo";"00:45:00";"SC";470;60,4;"BLUMENAU";"Reação tardia ou ineficiente do condutor";"Colisão frontal";"Com Vítimas Feridas";"Plena Noite";"Decrescente";"Nublado";"Simples";"Em Obras;Reta";"Não";3;0;2;1;0;0;3;2;-26,87964453;-49,17138311;"SPRF-SC";"DEL04-SC";"UOP01-DEL04-SC"
415974;2022-02-20;"domingo";"00:16:00";"RJ";116;188,3;"NOVA IGUACU";"Acumulo de água sobre o pavimento";"Colisão com objeto";"Com Vítimas Feridas";"Plena Noite";"Crescente";"Garoa/Chuvisco";"Dupla";"Reta";"Sim";2;0;1;0;0;1;1;2;-22,7380709;-43,48213999;"SPRF-RJ";"DEL01-RJ";"UOP02-DEL01-RJ"
415975;2022-02-20;"domingo";"00:25:00";"RS";116;223,6;"DOIS IRMAOS";"Transitar na contramão";"Colisão frontal";"Com Vítimas Feridas";"Plena Noite";"Crescente";"Céu Claro";"Simples";"Curva";"Não";2;0;1;0;1;0;1;2;-29,58827044;-51,09917696;"SPRF-RS";"DEL01-RS";"UOP02-DEL01-RS"
415976;2022-02-20;"domingo";"00:45:00";"SC";116;189,5;"PONTE ALTA";"Animais na Pista";"Atropelamento de Animal";"Com Vítimas Feridas";"Plena Noite";"Decrescente";"Céu Claro";"Simples";"Curva";"Não";1;0;1;0;0;0;1;1;-27,3383609;-50,42769835;"SPRF-SC";"DEL05-SC";"UOP03-DEL05-SC"
415977;2022-02-19;"sábado";"17:45:00";"SC";101;321,5;"PESCARIA BRAVA";"Ausência de reação do condutor";"Colisão lateral mesmo sentido";"Com Vítimas Feridas";"Pleno dia";"Crescente";"Céu Claro";"Múltipla";"Reta";"Sim";1;0;1;0;0;0;1;1;-28,42532339;-48,8919091;"SPRF-SC";"DEL02-SC";"UOP01-DEL02-SC"
415978;2022-02-20;"domingo";"00:30:00";"GO";153;314;"RIALMA";"Animais na Pista";"Atropelamento de Animal";"Com Vítimas Feridas";"Plena Noite";"Crescente";"Céu Claro";"Simples";"Reta";"Não";4;0;2;0;2;0;2;1;-15,384867;-49,551846;"SPRF-GO";"DEL02-GO";"UOP02-DEL02-GO"
415979;2022-02-20;"domingo";"01:30:00";"RJ";101;283;"ITABORAI";"Ingestão de álcool pelo condutor";"Saída de leito carroçável";"Com Vítimas Fatais";"Plena Noite";"Crescente";"Chuva";"Dupla";"Viaduto";"Sim";2;1;1;0;0;0;1;1;-22,73591014;-42,80592689;"SPRF-RJ";"DEL02-RJ";"UOP02-DEL02-RJ"
415980;2022-02-20;"domingo";"01:55:00";"BA";324;613;"SALVADOR";"Condutor Dormindo";"Colisão frontal";"Sem Vítimas";"Plena Noite";"Decrescente";"Céu Claro";"Dupla";"Reta";"Sim";3;0;0;0;3;0;0;2;-12,85531601;-38,42055197;"SPRF-BA";"DEL01-BA";"UOP01-DEL01-BA"
415983;2022-02-20;"domingo";"00:20:00";"RO";174;15;"VILHENA";"Reação tardia ou ineficiente do condutor";"Colisão traseira";"Com Vítimas Feridas";"Plena Noite";"Crescente";"Nublado";"Dupla";"Reta";"Sim";2;0;2;0;0;0;2;2;-12,723321;-60,12801;"SPRF-RO";"DEL04-RO";"UOP01-DEL04-RO"
415985;2022-02-20;"domingo";"01:10:00";"MG";356;270;"MURIAE";"Ingestão de álcool e/ou substâncias psicoativas pelo pedestre";"Colisão com objeto";"Com Vítimas Feridas";"Plena Noite";"Crescente";"Chuva";"Simples";"Ponte";"Sim";1;0;1;0;0;0;1;1;-21,12839937;-42,32458406;"SPRF-MG";"DEL07-MG";"UOP02-DEL07-MG"
415987;2022-02-19;"sábado";"12:55:00";"BA";116;824,1;"VITORIA DA CONQUISTA";"Transitar na contramão";"Colisão lateral sentido oposto";"Com Vítimas Feridas";"Pleno dia";"Crescente";"Sol";"Dupla";"Reta";"Sim";2;0;1;0;1;0;1;2;-14,863286;-40,850204;"SPRF-BA";"DEL08-BA";"UOP01-DEL08-BA"
415989;2022-02-20;"domingo";"02:00:00";"PE";232;250;"ARCOVERDE";"Ausência de reação do condutor";"Queda de ocupante de veículo";"Com Vítimas Fatais";"Plena Noite";"Crescente";"Céu Claro";"Simples";"Reta";"Sim";1;1;0;0;0;0;0;1;-8,42350887;-37,05286107;"SPRF-PE";"DEL03-PE";"UOP02-DEL03-PE"
415990;2022-02-20;"domingo";"03:10:00";"PR";376;601;"CURITIBA";"Acessar a via sem observar a presença dos outros veículos";"Colisão lateral mesmo sentido";"Com Vítimas Feridas";"Plena Noite";"Crescente";"Céu Claro";"Simples";"Interseção de Vias";"Não";2;0;0;1;1;0;1;2;-25,537054;-49,31404;"SPRF-PR";"DEL01-PR";"UOP01-DEL01-PR"
415991;2022-02-20;"domingo";"03:20:00";"PE";428;146,4;"PETROLINA";"Manobra de mudança de faixa";"Colisão frontal";"Com Vítimas Fatais";"Plena Noite";"Crescente";"Chuva";"Simples";"Reta";"Não";2;1;0;1;0;0;1;2;-9,04255811;-40,29488199;"SPRF-PE";"DEL06-PE";"UOP01-DEL06-PE"
415992;2022-02-20;"domingo";"01:05:00";"PA";230;630,2;"ALTAMIRA";"Velocidade Incompatível";"Queda de ocupante de veículo";"Com Vítimas Feridas";"Plena Noite";"Crescente";"Céu Claro";"Simples";"Reta";"Não";1;0;0;1;0;0;1;1;-3,17321239;-52,16297998;"SPRF-PA";"DEL04-PA";"UOP01-DEL04-PA"