"id";"data_inversa";"dia_semana";"horario";"uf";"br";"km";"municipio";"causa_acidente";"tipo_acidente";"classificacao_acidente";"fase_dia";"sentido_via";"condicao_metereologica";"tipo_pista";"tracado_via";"uso_solo";"pessoas";"mortos";"feridos_leves";"feridos_graves";"ilesos";"ignorados";"feridos";"veiculos";"latitude";"longitude";"regional";"delegacia";"uop"
415994;2022-02-20;"domingo";"01:40:00";"BA";116;11;"VITORIA DA CONQUISTA";"Acessar a via sem observar a presença dos outros veículos";"Colisão transversal";"Sem Vítimas";"Plena Noite";"Decrescente";"Nublado";"Simples";"Reta";"Sim";2;0;0;0;1;1;0;2;-14,851;-40,8485;"SPRF-BA";"DEL08-BA";"UOP01-DEL08-BA"
415995;2022-02-20;"domingo";"03:20:00";"SP";116;282;"EMBU DAS ARTES";"Transitar na contramão";"Colisão frontal";"Com Vítimas Feridas";"Plena Noite";"Crescente";"Nublado";"Dupla";"Reta;Retorno Regulamentado";"Sim";3;0;1;0;2;0;1;2;-23,6612674;-46,85268944;"SPRF-SP";"DEL04-SP";"UOP01-DEL04-SP"
415996;2022-02-20;"domingo";"02:30:00";"PR";277;73;"SAO JOSE DOS PINHAIS";"Velocidade Incompatível";"Colisão traseira";"Com Vítimas Feridas";"Plena Noite";"Crescente";"Nublado";"Dupla";"Reta";"Não";2;0;0;1;1;0;1;2;-25,52124342;-49,10648119;"SPRF-PR";"DEL01-PR";"UOP01-DEL01-PR"
415997;2022-02-20;"domingo";"03:50:00";"ES";101;236;"SERRA";"Velocidade Incompatível";"Saída de leito carroçável";"Com Vítimas Feridas";"Plena Noite";"Crescente";"Céu Claro";"Simples";"Reta";"Não";1;0;0;1;0;0;1;1;-19,98434998;-40,41371315;"SPRF-ES";"DEL02-ES";"UOP01-DEL02-ES"
415998;2022-02-20;"domingo";"03:51:00";"ES";101;149;"LINHARES";"Conversão proibida";"Colisão com objeto";"Sem Vítimas";"Plena Noite";"Crescente";"Céu Claro";"Múltipla";"Interseção de Vias";"Não";1;0;0;0;1;0;0;1;-19,39975526;-40,06241798;"SPRF-ES";"DEL04-ES";"UOP01-DEL04-ES"
415999;2022-02-20;"domingo";"02:30:00";"MG";146;491,1;"POCOS DE CALDAS";"Transitar na contramão";"Colisão lateral sentido oposto";"Com Vítimas Feridas";"Plena Noite";"Crescente";"Nublado";"Simples";"Reta;Declive";"Sim";4;0;1;2;0;1;3;3;-21,80782571;-46,48317453;"SPRF-MG";"DEL09-MG";"UOP01-DEL09-MG"
416000;2022-02-20;"domingo";"03:46:00";"RS";116;523;"PELOTAS";"Ingestão de álcool pelo condutor";"Saída de leito carroçável";"Com Vítimas Feridas";"Plena Noite";"Crescente";"Céu Claro";"Simples";"Curva";"Não";1;0;1;0;0;0;1;1;-31,72136584;-52,38140629;"SPRF-RS";"DEL07-RS";"UOP01-DEL07-RS"
416001;2022-02-20;"domingo";"01:00:00";"MG";146;485,6;"POCOS DE CALDAS";"Ingestão de álcool pelo condutor";"Saída de leito carroçável";"Com Vítimas Feridas";"Plena Noite";"Crescente";"Nublado";"Simples";"Curva";"Não";1;0;1;0;0;0;1;1;-21,79879;-46,44553;"SPRF-MG";"DEL09-MG";"UOP01-DEL09-MG"
416002;2022-02-19;"sábado";"20:35:00";"BA";116;16,3;"VITORIA DA CONQUISTA";"Desrespeitar a preferência no cruzamento";"Colisão transversal";"Com Vítimas Feridas";"Plena Noite";"Decrescente";"Céu Claro";"Simples";"Interseção de Vias";"Sim";2;0;1;0;1;0;1;2;-14,902456;-40,844757;"SPRF-BA";"DEL08-BA";"UOP01-DEL08-BA"
416003;2022-01-30;"domingo";"22:30:00";"BA";324;1,9;"FEIRA DE SANTANA";"Conversão proibida";"Colisão frontal";"Com Vítimas Feridas";"Plena Noite";"Decrescente";"Céu Claro";"Simples";"Interseção de Vias";"Não";2;0;0;1;1;0;1;2;-12,28316167;-38,94681584;"SPRF-BA";"DEL02-BA";"UOP01-DEL02-BA"
416004;2022-02-20;"domingo";"04:30:00";"MG";381;794;"SAO GONCALO DO SAPUCAI";"Velocidade Incompatível";"Saída de leito carroçável";"Sem Vítimas";"Amanhecer";"Decrescente";"Chuva";"Dupla";"Curva";"Não";1;0;0;0;1;0;0;1;-21,92913899;-45,61170907;"SPRF-MG";"DEL16-MG";"UOP02-DEL16-MG"
416007;2022-02-20;"domingo";"04:15:00";"SC";101;317;"LAGUNA";"Ingestão de álcool pelo condutor";"Colisão traseira";"Com Vítimas Feridas";"Plena Noite";"Decrescente";"Céu Claro";"Múltipla";"Curva";"Sim";4;0;3;0;1;0;3;2;-28,42708421;-48,85211624;"SPRF-SC";"DEL02-SC";"UOP01-DEL02-SC"
416009;2022-02-20;"domingo";"06:09:00";"ES";101;162,8;"LINHARES";"Ingestão de álcool pelo condutor";"Colisão com objeto";"Com Vítimas Feridas";"Pleno dia";"Decrescente";"Céu Claro";"Simples";"Reta";"Não";2;0;0;1;1;0;1;2;-19,49015283;-40,12624024;"SPRF-ES";"DEL04-ES";"UOP01-DEL04-ES"
416010;2022-02-20;"domingo";"05:50:00";"GO";60;95;"ANAPOLIS";"Ingestão de álcool pelo condutor";"Saída de leito carroçável";"Com Vítimas Feridas";"Amanhecer";"Crescente";"Chuva";"Dupla";"Reta";"Sim";1;0;1;0;0;0;1;1;-16,3679;-48,939;"SPRF-GO";"DEL02-GO";"UOP01-DEL02-GO"
416011;2022-02-20;"domingo";"02:45:00";"PR";376;377;"IMBAU";"Velocidade Incompatível";"Saída de leito carroçável";"Com Vítimas Fatais";"Amanhecer";"Crescente";"Céu Claro";"Simples";"Reta";"Não";1;1;0;0;0;0;0;1;-24,42697493;-50,76691193;"SPRF-PR";"DEL03-PR";"UOP02-DEL03-PR"
416013;2022-02-20;"domingo";"05:00:00";"SC";101;319,3;"PESCARIA BRAVA";"Velocidade Incompatível";"Saída de leito carroçável";"Sem Vítimas";"Amanhecer";"Crescente";"Céu Claro";"Múltipla";"Reta";"Não";1;0;0;0;0;1;0;1;-28,42978736;-48,87148792;"SPRF-SC";"DEL02-SC";"UOP01-DEL02-SC"
416014;2022-02-20;"domingo";"04:30:00";"RS";101;15,5;"DOM PEDRO DE ALCANTARA";"Ausência de reação do condutor";"Saída de leito carroçável";"Sem Vítimas";"Plena Noite";"Crescente";"Céu Claro";"Dupla";"Curva";"Sim";1;0;0;0;0;1;0;1;-29,40232826;-49,8584686;"SPRF-RS";"DEL03-RS";"UOP02-DEL03-RS"
416015;2022-02-20;"domingo";"07:00:00";"RN";406;163;"SAO GONCALO DO AMARANTE";"Ingestão de álcool pelo condutor";"Colisão frontal";"Com Vítimas Feridas";"Pleno dia";"Crescente";"Céu Claro";"Simples";"Aclive";"Não";2;0;0;2;0;0;2;2;-5,73527201;-35,35543901;"SPRF-RN";"DEL02-RN";"UOP01-DEL02-RN"
416017;2022-02-20;"domingo";"04:26:00";"TO";226;71;"WANDERLANDIA";"Falta de elemento de contenção que evite a saída do leito carroçável";"Saída de leito carroçável";"Com Vítimas Feridas";"Amanhecer";"Crescente";"Sol";"Simples";"Curva";"Não";4;0;3;0;1;0;3;1;-6,852317;-47,969551;"SPRF-TO";"DEL02-TO";"UOP03-DEL02-TO"
416018;2022-02-20;"domingo";"06:00:00";"MG";50;53;"ARAGUARI";"Condutor Dormindo";"Saída de leito carroçável";"Com Vítimas Feridas";"Amanhecer";"Decrescente";"Vento";"Dupla";"Curva";"Não";2;0;2;0;0;0;2;1;-18,759049;-48,24054499;"SPRF-MG";"DEL15-MG";"UOP02-DEL15-MG"
416019;2022-02-20;"domingo";"04:20:00";"PR";280;297,7;"FLOR DA SERRA DO SUL";"Ingestão de álcool pelo condutor";"Saída de leito carroçável";"Com Vítimas Feridas";"Plena Noite";"Crescente";"Céu Claro";"Simples";"Reta";"Não";2;0;2;0;0;0;2;1;-26,24937897;-53,37294201;"SPRF-PR";"DEL02-PR";"UOP01-DEL02-PR"
416020;2022-02-19;"sábado";"20:30:00";"MG";40;762,9;"JUIZ DE FORA";"Velocidade Incompatível";"Saída de leito carroçável";"Com Vítimas Feridas";"Plena Noite";"Crescente";"Chuva";"Simples";"Reta";"Não";1;0;1;0;0;0;1;1;-21,5460179;-43,50917993;"SPRF-MG";"DEL05-MG";"UOP01-DEL05-MG"
416025;2022-02-20;"domingo";"07:15:00";"RJ";116;285;"BARRA MANSA";"Velocidade Incompatível";"Colisão com objeto";"Com Vítimas Feridas";"Pleno dia";"Crescente";"Chuva";"Dupla";"Reta";"Não";1;0;1;0;0;0;1;1;-22,50496778;-44,22509483;"SPRF-RJ";"DEL07-RJ";"UOP02-DEL07-RJ"
416027;2022-01-07;"sexta-feira";"12:00:00";"BA";135;57;"FORMOSA DO RIO PRETO";"Manobra de mudança de faixa";"Capotamento";"Com Vítimas Feridas";"Pleno dia";"Decrescente";"Céu Claro";"Simples";"Reta";"Não";9;0;1;2;6;0;3;2;-11,24099662;-45,03584263;"SPRF-BA";"DEL10-BA";"UOP01-DEL10-BA"
416029;2022-02-20;"domingo";"08:00:00";"SP";488;0,9;"APARECIDA";"Reação tardia ou ineficiente do condutor";"Colisão lateral mesmo sentido";"Com Vítimas Feridas";"Pleno dia";"Crescente";"Nublado";"Dupla";"Reta";"Sim";2;0;1;0;1;0;1;2;-22,85053793;-45,23192029;"SPRF-SP";"DEL08-SP";"UOP01-DEL08-SP"
416030;2022-02-20;"domingo";"08:15:00";"MG";381;894,7;"CAMBUI";"Reação tardia ou ineficiente do condutor";"Saída de leito carroçável";"Com Vítimas Feridas";"Pleno dia";"Decrescente";"Nublado";"Dupla";"Reta";"Não";2;0;2;0;0;0;2;1;-22,61659879;-46,0689412;"SPRF-MG";"DEL16-MG";"UOP03-DEL16-MG"
416034;2022-02-20;"domingo";"08:00:00";"MS";60;412;"SIDROLANDIA";"Ingestão de álcool pelo condutor";"Colisão lateral sentido oposto";"Com Vítimas Feridas";"Amanhecer";"Decrescente";"Céu Claro";"Simples";"Reta";"Não";3;0;1;1;1;0;2;2;-20,89806786;-54,88480401;"SPRF-MS";"DEL01-MS";"UOP04-DEL01-MS"
416039;2022-02-20;"domingo";"10:15:00";"SC";101;153;"ITAPEMA";"Ingestão de álcool pelo condutor";"Colisão traseira";"Sem Vítimas";"Pleno dia";"Crescente";"Céu Claro";"Dupla";"Interseção de Vias";"Sim";2;0;0;0;2;0;0;2;-27,144717;-48,61063935;"SPRF-SC";"DEL04-SC";"UOP03-DEL04-SC"
416040;2022-02-20;"domingo";"10:35:00";"PR";376;299,8;"MAUA DA SERRA";"Reação tardia ou ineficiente do condutor";"Saída de leito carroçável";"Com Vítimas Feridas";"Pleno dia";"Crescente";"Céu Claro";"Dupla";"Curva";"Não";1;0;0;1;0;0;1;1;-23,93560092;-51,16157591;"SPRF-PR";"DEL07-PR";"UOP02-DEL07-PR"
416041;2022-02-20;"domingo";"09:35:00";"MS";60;370,5;"CAMPO GRANDE";"Acessar a via sem observar a presença dos outros veículos";"Colisão traseira";"Com Vítimas Feridas";"Pleno dia";"Decrescente";"Céu Claro";"Simples";"Reta";"Não";3;0;2;0;1;0;2;2;-20,5654088057;-54,6829201113;"SPRF-MS";"DEL01-MS";"UOP04-DEL01-MS"
416042;2022-02-20;"domingo";"10:50:00";"SC";101;201,9;"SAO JOSE";"Demais falhas mecânicas ou elétricas";"Queda de ocupante de veículo";"Com Vítimas Feridas";"Pleno dia";"Crescente";"Céu Claro";"Múltipla";"Reta";"Sim";2;0;1;1;0;0;2;1;-27,54836599;-48,61977975;"SPRF-SC";"DEL01-SC";"UOP01-DEL01-SC"
416043;2022-02-20;"domingo";"10:30:00";"PR";277;34,1;"MORRETES";"Reação tardia ou ineficiente do condutor";"Queda de ocupante de veículo";"Com Vítimas Feridas";"Pleno dia";"Decrescente";"Sol";"Dupla";"Reta";"Não";1;0;1;0;0;0;1;1;-25,57093678;-48,81706238;"SPRF-PR";"DEL01-PR";"UOP05-DEL01-PR"
416047;2022-02-19;"sábado";"22:32:00";"BA";407;69;"JAGUARARI";"Transitar na contramão";"Colisão frontal";"Com Vítimas Fatais";"Plena Noite";"Crescente";"Céu Claro";"Simples";"Curva";"Não";5;2;1;0;0;2;1;3;-9,96728089;-40,24875056;"SPRF-BA";"DEL04-BA";"UOP01-DEL04-BA"
416048;2022-02-20;"domingo";"10:20:00";"SC";101;134;"BALNEARIO CAMBORIU";"Trafegar com motocicleta (ou similar) entre as faixas";"Colisão lateral mesmo sentido";"Com Vítimas Feridas";"Pleno dia";"Crescente";"Céu Claro";"Dupla";"Reta";"Sim";2;0;1;0;1;0;1;2;-27,00218;-48,636433;"SPRF-SC";"DEL04-SC";"UOP03-DEL04-SC"
416049;2022-02-20;"domingo";"11:00:00";"GO";153;505;"GOIANIA";"Acessar a via sem observar a presença dos outros veículos";"Colisão lateral mesmo sentido";"Com Vítimas Feridas";"Pleno dia";"Decrescente";"Nublado";"Dupla";"Reta";"Sim";2;0;1;0;1;0;1;2;-16,7537;-49,2411;"SPRF-GO";"DEL01-GO";"UOP01-DEL01-GO"
416052;2022-02-20;"domingo";"11:30:00";"PE";104;64;"CARUARU";"Acessar a via sem observar a presença dos outros veículos";"Colisão lateral mesmo sentido";"Sem Vítimas";"Pleno dia";"Decrescente";"Céu Claro";"Simples";"Reta";"Sim";2;0;0;0;2;0;0;2;-8,2783;-35,9815;"SPRF-PE";"DEL02-PE";"UOP01-DEL02-PE"
416055;2022-02-20;"domingo";"11:40:00";"RN";101;109,5;"PARNAMIRIM";"Condutor deixou de manter distância do veículo da frente";"Colisão traseira";"Sem Vítimas";"Pleno dia";"Decrescente";"Céu Claro";"Dupla";"Reta";"Sim";2;0;0;0;2;0;0;2;-5,93980184;-35,26443958;"SPRF-RN";"DEL01-RN";"UOP01-DEL01-RN"
416056;2022-02-20;"domingo";"12:25:00";"MG";40;493,8;"ESMERALDAS";"Demais falhas mecânicas ou elétricas";"Tombamento";"Com Vítimas Feridas";"Pleno dia";"Decrescente";"Céu Claro";"Dupla";"Curva";"Não";2;0;2;0;0;0;2;1;-19,64620694;-44,20301977;"SPRF-MG";"DEL02-MG";"UOP01-DEL02-MG"
416057;2022-02-20;"domingo";"12:30:00";"SC";101;184;"BIGUACU";"Ingestão de álcool pelo condutor";"Colisão transversal";"Com Vítimas Feridas";"Pleno dia";"Crescente";"Sol";"Dupla";"Reta";"Sim";2;0;0;1;1;0;1;2;-27,41613807;-48,6266443;"SPRF-SC";"DEL01-SC";"UOP01-DEL01-SC"
416059;2022-02-20;"domingo";"11:40:00";"SC";101;206,4;"SAO JOSE";"Condutor deixou de manter distância do veículo da frente";"Colisão traseira";"Com Vítimas Feridas";"Pleno dia";"Crescente";"Sol";"Múltipla";"Reta";"Sim";5;0;1;0;3;1;1;5;-27,59193546;-48,61824557;"SPRF-SC";"DEL01-SC";"UOP01-DEL01-SC"
416060;2022-02-20;"domingo";"12:20:00";"PR";376;178,7;"MARINGA";"Retorno proibido";"Tombamento";"Com Vítimas Feridas";"Pleno dia";"Crescente";"Céu Claro";"Dupla";"Reta";"Sim";2;0;2;0;0;0;2;1;-23,4192146;-51,91293985;"SPRF-PR";"DEL09-PR";"UOP01-DEL09-PR"
416062;2022-02-20;"domingo";"12:30:00";"SP";116;145;"SAO JOSE DOS CAMPOS";"Demais falhas mecânicas ou elétricas";"Tombamento";"Com Vítimas Feridas";"Pleno dia";"Crescente";"Sol";"Múltipla";"Reta";"Sim";2;0;2;0;0;0;2;1;-23,1869844;-45,8548078;"SPRF-SP";"DEL02-SP";"UOP01-DEL02-SP"
416064;2022-02-20;"domingo";"13:10:00";"PR";373;173,6;"PONTA GROSSA";"Ingestão de álcool e/ou substâncias psicoativas pelo pedestre";"Atropelamento de Pedestre";"Com Vítimas Feridas";"Pleno dia";"Crescente";"Céu Claro";"Dupla";"Curva";"Sim";2;0;1;0;1;0;1;2;-25,0805653;-50,20175905;"SPRF-PR";"DEL03-PR";"UOP01-DEL03-PR"
416065;2022-02-20;"domingo";"12:45:00";"SC";101;331,7;"TUBARAO";"Desrespeitar a preferência no cruzamento";"Colisão transversal";"Com Vítimas Feridas";"Pleno dia";"Crescente";"Céu Claro";"Múltipla";"Interseção de Vias;Rotatória";"Não";3;0;1;0;2;0;1;2;-28,46571091;-48,99595499;"SPRF-SC";"DEL02-SC";"UOP01-DEL02-SC"
416066;2022-02-20;"domingo";"13:00:00";"SC";282;58,1;"RANCHO QUEIMADO";"Acessar a via sem observar a presença dos outros veículos";"Colisão frontal";"Com Vítimas Feridas";"Pleno dia";"Decrescente";"Sol";"Simples";"Interseção de Vias";"Não";3;0;1;0;2;0;1;2;-27,683594;-49,005539;"SPRF-SC";"DEL01-SC";"UOP03-DEL01-SC"
416067;2022-02-20;"domingo";"13:15:00";"SC";470;86,9;"ASCURRA";"Reação tardia ou ineficiente do condutor";"Saída de leito carroçável";"Com Vítimas Feridas";"Pleno dia";"Decrescente";"Céu Claro";"Simples";"Curva";"Sim";2;0;2;0;0;0;2;1;-26,94820142;-49,36650753;"SPRF-SC";"DEL04-SC";"UOP01-DEL04-SC"
416070;2022-02-20;"domingo";"11:30:00";"AC";317;151;"CAPIXABA";"Reação tardia ou ineficiente do condutor";"Saída de leito carroçável";"Com Vítimas Feridas";"Pleno dia";"Decrescente";"Chuva";"Simples";"Curva";"Não";2;0;1;1;0;0;2;1;-10,6024014;-67,7195549;"SPRF-AC";"DEL01-AC";"UOP02-DEL01-AC"
416071;2022-02-20;"domingo";"13:30:00";"PR";277;576,2;"CASCAVEL";"Avarias e/ou desgaste excessivo no pneu";"Saída de leito carroçável";"Com Vítimas Feridas";"Pleno dia";"Decrescente";"Céu Claro";"Simples";"Reta;Em Obras";"Não";2;0;1;1;0;0;2;1;-24,98692731;-53,33030208;"SPRF-PR";"DEL04-PR";"UOP01-DEL04-PR"
416073;2022-02-20;"domingo";"13:00:00";"PR";373;453,7;"CHOPINZINHO";"Velocidade Incompatível";"Saída de leito carroçável";"Com Vítimas Feridas";"Pleno dia";"Decrescente";"Chuva";"Simples";"Interseção de Vias;Reta";"Não";3;0;2;0;1;0;2;1;-25,8931839;-52,36282912;"SPRF-PR";"DEL02-PR";"UOP01-DEL02-PR"
416078;2022-02-20;"domingo";"14:40:00";"SC";470;109;"APIUNA";"Condutor Dormindo";"Colisão frontal";"Com Vítimas Feridas";"Pleno dia";"Decrescente";"Céu Claro";"Simples";"Reta";"Não";4;0;0;4;0;0;4;2;-27,083876;-49,449543;"SPRF-SC";"DEL04-SC";"UOP02-DEL04-SC"
416082;2022-02-20;"domingo";"16:00:00";"CE";402;258;"ITAPIPOCA";"Ausência de reação do condutor";"Colisão com objeto";"Com Vítimas Fatais";"Pleno dia";"Crescente";"Sol";"Dupla";"Reta";"Sim";1;1;0;0;0;0;0;1;-3,48343916;-39,61777508;"SPRF-CE";"DEL01-CE";"UOP03-DEL01-CE"
416083;2022-02-20;"domingo";"18:20:00";"ES";101;392,3;"ITAPEMIRIM";"Acessar a via sem observar a presença dos outros veículos";"Colisão transversal";"Com Vítimas Feridas";"Plena Noite";"Crescente";"Nublado";"Simples";"Reta";"Não";4;0;1;0;3;0;1;2;-20,86733567;-40,90426608;"SPRF-ES";"DEL03-ES";"UOP02-DEL03-ES"
416084;2022-02-20;"domingo";"11:20:00";"BA";116;64;"CHORROCHO";"Animais na Pista";"Saída de leito carroçável";"Sem Vítimas";"Pleno dia";"Decrescente";"Céu Claro";"Simples";"Reta";"Não";1;0;0;0;0;1;0;1;-9,16409607;-39,11163714;"SPRF-PE";"DEL05-PE";"UOP01-DEL05-PE"
416088;2022-02-20;"domingo";"16:10:00";"PE";428;184,5;"PETROLINA";"Acessar a via sem observar a presença dos outros veículos";"Colisão transversal";"Com Vítimas Feridas";"Pleno dia";"Crescente";"Céu Claro";"Simples";"Reta;Interseção de Vias";"Sim";2;0;1;0;1;0;1;2;-9,33211208;-40,46621385;"SPRF-PE";"DEL06-PE";"UOP01-DEL06-PE"
416089;2022-02-20;"domingo";"15:00:00";"MG";251;435;"GRAO MOGOL";"Velocidade Incompatível";"Saída de leito carroçável";"Com Vítimas Feridas";"Pleno dia";"Crescente";"Céu Claro";"Simples";"Curva";"Não";1;0;1;0;0;0;1;1;-16,38619845;-43,18897144;"SPRF-MG";"DEL12-MG";"UOP01-DEL12-MG"
416090;2022-02-20;"domingo";"13:00:00";"BA";324;530;"FEIRA DE SANTANA";"Velocidade Incompatível";"Saída de leito carroçável";"Com Vítimas Feridas";"Pleno dia";"Decrescente";"Chuva";"Dupla";"Curva";"Não";3;0;3;0;0;0;3;1;-12,32818491;-38,86174193;"SPRF-BA";"DEL01-BA";"UOP03-DEL01-BA"
416092;2022-02-20;"domingo";"16:40:00";"RN";405;91;"APODI";"Acessar a via sem observar a presença dos outros veículos";"Colisão lateral sentido oposto";"Com Vítimas Feridas";"Pleno dia";"Crescente";"Céu Claro";"Simples";"Reta";"Não";6;0;0;1;4;1;1;3;-5,74557258;-37,8612021;"SPRF-RN";"DEL04-RN";"UOP02-DEL04-RN"
416093;2022-02-20;"domingo";"15:30:00";"RO";319;57;"PORTO VELHO";"Pista esburacada";"Queda de ocupante de veículo";"Com Vítimas Feridas";"Pleno dia";"Decrescente";"Céu Claro";"Simples";"Ponte";"Sim";2;0;2;0;0;0;2;1;-8,73773628;-63,9221549;"SPRF-RO";"DEL01-RO";"UOP01-DEL01-RO"
416094;2022-02-20;"domingo";"16:25:00";"PB";101;108,8;"ALHANDRA";"Avarias e/ou desgaste excessivo no pneu";"Colisão com objeto";"Sem Vítimas";"Pleno dia";"Crescente";"Sol";"Dupla";"Reta";"Sim";2;0;0;0;2;0;0;1;-7,33454898;-34,94758056;"SPRF-PB";"DEL01-PB";"UOP02-DEL01-PB"
416096;2022-02-20;"domingo";"14:00:00";"MA";316;404;"ALTO ALEGRE DO MARANHAO";"Acumulo de água sobre o pavimento";"Colisão com objeto";"Com Vítimas Feridas";"Pleno dia";"Decrescente";"Chuva";"Simples";"Ponte";"Não";1;0;1;0;0;0;1;1;-4,231411;-44,442635;"SPRF-MA";"DEL03-MA";"UOP01-DEL03-MA"
416097;2022-02-19;"sábado";"23:40:00";"TO";153;135;"ARAGUAINA";"Ausência de reação do condutor";"Colisão traseira";"Com Vítimas Feridas";"Plena Noite";"Crescente";"Nublado";"Simples";"Reta";"Sim";1;0;1;0;0;0;1;1;-7,12896688;-48,19843215;"SPRF-TO";"DEL02-TO";"UOP01-DEL02-TO"
416098;2022-02-20;"domingo";"15:35:00";"MS";163;1;"MUNDO NOVO";"Reação tardia ou ineficiente do condutor";"Colisão traseira";"Com Vítimas Feridas";"Pleno dia";"Decrescente";"Céu Claro";"Simples";"Reta";"Não";8;0;1;0;7;0;1;2;-24,03924443;-54,27975143;"SPRF-MS";"DEL09-MS";"UOP02-DEL09-MS"
416099;2022-02-20;"domingo";"16:40:00";"PB";230;215,3;"SOLEDADE";"Ingestão de álcool pelo condutor";"Colisão traseira";"Sem Vítimas";"Pleno dia";"Crescente";"Nublado";"Simples";"Reta";"Sim";3;0;0;0;3;0;0;2;-7,0577;-36,3629;"SPRF-PB";"DEL02-PB";"UOP02-DEL02-PB"
416100;2022-02-20;"domingo";"09:35:00";"PE";232;412,8;"SERRA TALHADA";"Reação tardia ou ineficiente do condutor";"Colisão lateral mesmo sentido";"Com Vítimas Feridas";"Pleno dia";"Crescente";"Nublado";"Simples";"Reta";"Sim";2;0;1;0;1;0;1;2;-7,98377927;-38,3208774;"SPRF-PE";"DEL04-PE";"UOP01-DEL04-PE"
416103;2022-02-20;"domingo";"12:00:00";"MT";70;4;"BARRA DO GARCAS";"Ausência de reação do condutor";"Colisão traseira";"Com Vítimas Feridas";"Pleno dia";"Decrescente";"Céu Claro";"Dupla";"Reta";"Sim";8;0;1;0;7;0;1;2;-15,87907036;-52,28563311;"SPRF-MT";"DEL07-MT";"UOP01-DEL07-MT"
416104;2022-02-20;"domingo";"15:50:00";"PR";272;380;"ARARUNA";"Condutor deixou de manter distância do veículo da frente";"Colisão traseira";"Com Vítimas Feridas";"Pleno dia";"Crescente";"Céu Claro";"Simples";"Reta";"Não";4;0;2;0;2;0;2;3;-24,06097952;-52,52163423;"SPRF-PR";"DEL09-PR";"UOP03-DEL09-PR"
416106;2022-02-20;"domingo";"17:35:00";"SP";153;67;"SAO JOSE DO RIO PRETO";"Velocidade Incompatível";"Colisão traseira";"Com Vítimas Feridas";"Pleno dia";"Decrescente";"Céu Claro";"Dupla";"Reta";"Não";3;0;1;0;0;2;1;3;-20,84853593;-49,37585608;"SPRF-SP";"DEL09-SP";"UOP01-DEL09-SP"
416108;2022-02-20;"domingo";"18:00:00";"SC";101;194,3;"BIGUACU";"Condutor deixou de manter distância do veículo da frente";"Colisão traseira";"Sem Vítimas";"Pleno dia";"Crescente";"Céu Claro";"Múltipla";"Reta";"Sim";3;0;0;0;3;0;0;2;-27,49815117;-48,65661236;"SPRF-SC";"DEL01-SC";"UOP01-DEL01-SC"
416109;2022-02-20;"domingo";"17:40:00";"RN";304;301;"MACAIBA";"Avarias e/ou desgaste excessivo no pneu";"Tombamento";"Com Vítimas Feridas";"Anoitecer";"Crescente";"Céu Claro";"Dupla";"Reta";"Sim";2;0;2;0;0;0;2;1;-5,87657067;-35,30647289;"SPRF-RN";"DEL01-RN";"UOP02-DEL01-RN"
416111;2022-02-20;"domingo";"15:10:00";"SC";282;564,5;"NOVA ERECHIM";"Reação tardia ou ineficiente do condutor";"Saída de leito carroçável";"Sem Vítimas";"Pleno dia";"Crescente";"Céu Claro";"Simples";"Curva";"Não";1;0;0;0;1;0;0;1;-26,898739;-52,877975;"SPRF-SC";"DEL07-SC";"UOP02-DEL07-SC"
416112;2022-02-20;"domingo";"18:00:00";"RS";116;149;"CAXIAS DO SUL";"Ingestão de álcool pelo condutor";"Colisão lateral mesmo sentido";"Sem Vítimas";"Pleno dia";"Decrescente";"Céu Claro";"Múltipla";"Reta";"Sim";2;0;0;0;2;0;0;2;-29,15996905;-51,15645292;"SPRF-RS";"DEL05-RS";"UOP01-DEL05-RS"
416113;2022-02-20;"domingo";"01:55:00";"TO";153;147,8;"ARAGUAINA";"Ausência de reação do condutor";"Saída de leito carroçável";"Sem Vítimas";"Plena Noite";"Crescente";"Nublado";"Dupla";"Reta";"Sim";1;0;0;0;0;1;0;1;-7,22175693;-48,24826214;"SPRF-TO";"DEL02-TO";"UOP01-DEL02-TO"
416117;2022-02-20;"domingo";"16:50:00";"SC";101;291;"IMBITUBA";"Reação tardia ou ineficiente do condutor";"Colisão traseira";"Com Vítimas Feridas";"Pleno dia";"Crescente";"Céu Claro";"Múltipla";"Reta";"Não";2;0;0;1;1;0;1;2;-28,28972596;-48,70789832;"SPRF-SC";"DEL02-SC";"UOP03-DEL02-SC"
416118;2022-02-20;"domingo";"17:30:00";"AP";210;1;"MACAPA";"Acessar a via sem observar a presença dos outros veículos";"Atropelamento de Pedestre";"Com Vítimas Feridas";"Pleno dia";"Decrescente";"Céu Claro";"Simples";"Reta";"Sim";2;0;0;1;1;0;1;2;0,07816717;-51,06998693;"SPRF-AP";"DEL01-AP";"UOP01-DEL01-AP"
416119;2022-02-20;"domingo";"18:30:00";"RJ";116;74;"TERESOPOLIS";"Pista Escorregadia";"Tombamento";"Com Vítimas Feridas";"Plena Noite";"Crescente";"Chuva";"Simples";"Curva";"Sim";2;0;1;0;1;0;1;1;-22,34517998;-42,93968184;"SPRF-RJ";"DEL04-RJ";"UOP01-DEL04-RJ"