"id";"data_inversa";"dia_semana";"horario";"uf";"br";"km";"municipio";"causa_acidente";"tipo_acidente";"classificacao_acidente";"fase_dia";"sentido_via";"condicao_metereologica";"tipo_pista";"tracado_via";"uso_solo";"pessoas";"mortos";"feridos_leves";"feridos_graves";"ilesos";"ignorados";"feridos";"veiculos";"latitude";"longitude";"regional";"delegacia";"uop"
416229;2022-02-21;"segunda-feira";"06:52:00";"SP";116;157;"SAO JOSE DOS CAMPOS";"Condutor deixou de manter distância do veículo da frente";"Colisão traseira";"Com Vítimas Feridas";"Pleno dia";"Decrescente";"Sol";"Múltipla";"Reta";"Sim";2;0;1;0;1;0;1;2;-23,25044084;-45,93572909;"SPRF-SP";"DEL02-SP";"UOP01-DEL02-SP"
416230;2022-02-21;"segunda-feira";"06:30:00";"SC";470;71;"INDAIAL";"Ultrapassagem Indevida";"Colisão lateral mesmo sentido";"Com Vítimas Feridas";"Pleno dia";"Decrescente";"Nublado";"Simples";"Aclive;Reta";"Sim";2;0;0;1;1;0;1;2;-26,895243;-49,262104;"SPRF-SC";"DEL04-SC";"UOP01-DEL04-SC"
416231;2022-02-20;"domingo";"22:30:00";"PR";376;602;"CURITIBA";"Condutor deixou de manter distância do veículo da frente";"Colisão traseira";"Sem Vítimas";"Plena Noite";"Decrescente";"Céu Claro";"Simples";"Interseção de Vias";"Sim";2;0;0;0;0;2;0;2;-25,54329052;-49,30719981;"SPRF-PR";"DEL01-PR";"UOP01-DEL01-PR"
416232;2022-02-21;"segunda-feira";"02:33:00";"SC";101;138;"BALNEARIO CAMBORIU";"Velocidade Incompatível";"Capotamento";"Com Vítimas Feridas";"Plena Noite";"Crescente";"Céu Claro";"Simples";"Reta";"Não";1;0;1;0;0;0;1;1;-27,02397426;-48,60761649;"SPRF-SC";"DEL04-SC";"UOP03-DEL04-SC"
416233;2022-02-21;"segunda-feira";"06:20:00";"MG";381;451;"SABARA";"Condutor deixou de manter distância do veículo da frente";"Colisão traseira";"Com Vítimas Feridas";"Pleno dia";"Crescente";"Céu Claro";"Simples";"Reta";"Sim";2;0;1;0;1;0;1;2;-19,83832024;-43,8806931;"SPRF-MG";"DEL01-MG";"UOP01-DEL01-MG"
416235;2022-02-21;"segunda-feira";"04:20:00";"RS";0;0;"BENTO GONCALVES";"Iluminação deficiente";"Colisão com objeto";"Sem Vítimas";"Plena Noite";"Não Informado";"Céu Claro";"Simples";"Curva";"Sim";3;0;0;0;3;0;0;1;-29,16550302;-51,5246129;"SPRF-RS";"DEL06-RS";"UOP01-DEL06-RS"
416236;2022-02-21;"segunda-feira";"06:45:00";"SC";282;502,7;"XANXERE";"Acessar a via sem observar a presença dos outros veículos";"Colisão transversal";"Com Vítimas Feridas";"Pleno dia";"Decrescente";"Céu Claro";"Simples";"Interseção de Vias";"Sim";2;0;0;1;1;0;1;2;-26,884584;-52,390911;"SPRF-SC";"DEL07-SC";"UOP01-DEL07-SC"
416240;2022-02-21;"segunda-feira";"07:15:00";"GO";40;3,4;"VALPARAISO DE GOIAS";"Manobra de mudança de faixa";"Colisão transversal";"Com Vítimas Feridas";"Pleno dia";"Crescente";"Céu Claro";"Dupla";"Reta";"Sim";2;0;1;0;1;0;1;2;-16,076081;-47,985671;"SPRF-DF";"DEL01-DF";"UOP01-DEL01-DF"
416241;2022-02-21;"segunda-feira";"07:30:00";"PR";158;529;"PATO BRANCO";"Declive acentuado";"Saída de leito carroçável";"Com Vítimas Feridas";"Pleno dia";"Decrescente";"Nublado";"Simples";"Reta";"Não";2;0;1;0;1;0;1;1;-26,18598618;-52,66855971;"SPRF-PR";"DEL02-PR";"UOP01-DEL02-PR"
416242;2022-02-21;"segunda-feira";"07:20:00";"MG";50;154;"UBERABA";"Reação tardia ou ineficiente do condutor";"Saída de leito carroçável";"Com Vítimas Feridas";"Amanhecer";"Crescente";"Céu Claro";"Dupla";"Aclive";"Não";4;0;2;2;0;0;4;2;-19,59976082;-48,02524854;"SPRF-MG";"DEL13-MG";"UOP01-DEL13-MG"
416244;2022-02-21;"segunda-feira";"07:00:00";"RO";174;13;"VILHENA";"Desrespeitar a preferência no cruzamento";"Colisão transversal";"Com Vítimas Feridas";"Pleno dia";"Crescente";"Nublado";"Dupla";"Reta";"Sim";4;0;0;2;2;0;2;3;-12,74140004;-60,13026401;"SPRF-RO";"DEL04-RO";"UOP01-DEL04-RO"
416246;2022-02-21;"segunda-feira";"07:50:00";"SP";153;256;"MARILIA";"Condutor deixou de manter distância do veículo da frente";"Engavetamento";"Sem Vítimas";"Pleno dia";"Decrescente";"Sol";"Dupla";"Reta";"Sim";3;0;0;0;3;0;0;3;-22,231552;-49,91968;"SPRF-SP";"DEL07-SP";"UOP02-DEL07-SP"
416249;2022-02-21;"segunda-feira";"08:30:00";"SP";116;90;"PINDAMONHANGABA";"Objeto estático sobre o leito carroçável";"Tombamento";"Com Vítimas Feridas";"Pleno dia";"Decrescente";"Céu Claro";"Dupla";"Reta";"Sim";2;0;2;0;0;0;2;1;-22,94361839;-45,3873088;"SPRF-SP";"DEL08-SP";"UOP01-DEL08-SP"
416251;2022-02-21;"segunda-feira";"07:55:00";"MS";463;102;"PONTA PORA";"Acessar a via sem observar a presença dos outros veículos";"Colisão transversal";"Com Vítimas Feridas";"Pleno dia";"Crescente";"Sol";"Simples";"Interseção de Vias";"Não";2;0;1;0;1;0;1;2;-22,61648914;-55,6330446;"SPRF-MS";"DEL04-MS";"UOP03-DEL04-MS"
416253;2022-02-21;"segunda-feira";"08:20:00";"RS";448;16;"CANOAS";"Condutor usando celular";"Colisão com objeto";"Com Vítimas Feridas";"Pleno dia";"Crescente";"Chuva";"Dupla";"Reta";"Não";1;0;1;0;0;0;1;1;-29,9250015;-51,22600123;"SPRF-RS";"DEL01-RS";"UOP01-DEL01-RS"
416256;2022-02-21;"segunda-feira";"07:40:00";"SC";101;117,6;"ITAJAI";"Trafegar com motocicleta (ou similar) entre as faixas";"Colisão lateral mesmo sentido";"Com Vítimas Feridas";"Pleno dia";"Decrescente";"Céu Claro";"Dupla";"Reta";"Não";2;0;1;0;1;0;1;2;-26,88747187;-48,72252969;"SPRF-SC";"DEL04-SC";"UOP04-DEL04-SC"
416258;2022-01-27;"quinta-feira";"22:30:00";"RR";174;503;"BOA VISTA";"Ingestão de álcool pelo condutor";"Colisão com objeto";"Com Vítimas Feridas";"Plena Noite";"Crescente";"Céu Claro";"Simples";"Rotatória";"Sim";1;0;1;0;0;0;1;1;2,794901;-60,698441;"SPRF-RR";"DEL01-RR";"UOP01-DEL01-RR"
416259;2022-02-21;"segunda-feira";"09:20:00";"SC";101;205,7;"SAO JOSE";"Condutor deixou de manter distância do veículo da frente";"Colisão traseira";"Com Vítimas Feridas";"Pleno dia";"Decrescente";"Céu Claro";"Múltipla";"Reta";"Sim";4;0;2;0;2;0;2;3;-27,58313237;-48,61532885;"SPRF-SC";"DEL01-SC";"UOP01-DEL01-SC"
416261;2022-02-21;"segunda-feira";"08:15:00";"MS";60;414,2;"SIDROLANDIA";"Acessar a via sem observar a presença dos outros veículos";"Colisão transversal";"Com Vítimas Fatais";"Pleno dia";"Decrescente";"Céu Claro";"Simples";"Rotatória";"Não";3;1;1;0;1;0;1;2;-20,89669728;-54,86943534;"SPRF-MS";"DEL01-MS";"UOP04-DEL01-MS"
416263;2022-02-21;"segunda-feira";"04:30:00";"MA";402;16;"ROSARIO";"Transitar na contramão";"Colisão frontal";"Com Vítimas Feridas";"Amanhecer";"Decrescente";"Céu Claro";"Simples";"Reta";"Não";2;0;1;0;1;0;1;2;-2,93576;-44,201832;"SPRF-MA";"DEL01-MA";"UOP01-DEL01-MA"
416264;2022-02-21;"segunda-feira";"08:40:00";"ES";262;99;"VENDA NOVA DO IMIGRANTE";"Ultrapassagem Indevida";"Colisão transversal";"Com Vítimas Feridas";"Pleno dia";"Crescente";"Céu Claro";"Simples";"Reta";"Não";2;0;0;1;1;0;1;2;-20,35052264;-41,09312126;"SPRF-ES";"DEL01-ES";"UOP02-DEL01-ES"
416266;2022-02-21;"segunda-feira";"08:50:00";"RJ";40;112;"DUQUE DE CAXIAS";"Manobra de mudança de faixa";"Colisão lateral mesmo sentido";"Sem Vítimas";"Pleno dia";"Crescente";"Sol";"Múltipla";"Reta";"Sim";3;0;0;0;3;0;0;2;-22,7004454;-43,29014851;"SPRF-RJ";"DEL01-RJ";"UOP01-DEL01-RJ"
416267;2022-02-21;"segunda-feira";"09:30:00";"CE";116;36;"HORIZONTE";"Condutor deixou de manter distância do veículo da frente";"Colisão traseira";"Com Vítimas Feridas";"Pleno dia";"Decrescente";"Céu Claro";"Dupla";"Reta";"Não";9;0;3;0;6;0;3;3;-4,06091689;-38,50402951;"SPRF-CE";"DEL01-CE";"UOP02-DEL01-CE"
416268;2022-02-21;"segunda-feira";"09:47:00";"PB";101;88,3;"JOAO PESSOA";"Condutor deixou de manter distância do veículo da frente";"Colisão lateral mesmo sentido";"Com Vítimas Feridas";"Pleno dia";"Crescente";"Sol";"Dupla";"Interseção de Vias";"Sim";2;0;0;1;0;1;1;2;-7,16470016;-34,89993643;"SPRF-PB";"DEL01-PB";"UOP01-DEL01-PB"
416271;2022-02-21;"segunda-feira";"06:00:00";"BA";116;816,4;"VITORIA DA CONQUISTA";"Transitar no acostamento";"Atropelamento de Pedestre";"Com Vítimas Fatais";"Amanhecer";"Crescente";"Céu Claro";"Simples";"Reta";"Não";2;1;0;0;0;1;0;2;-14,817468;-40,807044;"SPRF-BA";"DEL08-BA";"UOP01-DEL08-BA"
416273;2022-02-21;"segunda-feira";"10:52:00";"ES";101;387,7;"RIO NOVO DO SUL";"Condutor Dormindo";"Capotamento";"Com Vítimas Feridas";"Pleno dia";"Crescente";"Céu Claro";"Simples";"Reta";"Não";1;0;1;0;0;0;1;1;-20,84937594;-40,87581007;"SPRF-ES";"DEL03-ES";"UOP02-DEL03-ES"
416274;2022-02-21;"segunda-feira";"09:50:00";"BA";116;836;"VITORIA DA CONQUISTA";"Demais falhas mecânicas ou elétricas";"Queda de ocupante de veículo";"Com Vítimas Feridas";"Pleno dia";"Crescente";"Céu Claro";"Simples";"Reta";"Não";2;0;1;1;0;0;2;1;-14,88507194;-40,85883509;"SPRF-BA";"DEL08-BA";"UOP01-DEL08-BA"
416275;2022-02-21;"segunda-feira";"10:20:00";"RS";386;54;"SEBERI";"Velocidade Incompatível";"Saída de leito carroçável";"Com Vítimas Feridas";"Pleno dia";"Decrescente";"Chuva";"Simples";"Reta";"Não";2;0;0;1;1;0;1;1;-27,526897;-53,374805;"SPRF-RS";"DEL08-RS";"UOP02-DEL08-RS"
416276;2022-02-21;"segunda-feira";"08:00:00";"SP";116;148;"SAO JOSE DOS CAMPOS";"Condutor deixou de manter distância do veículo da frente";"Colisão traseira";"Com Vítimas Feridas";"Pleno dia";"Crescente";"Sol";"Dupla";"Reta";"Sim";3;0;0;2;1;0;2;2;-23,20067421;-45,8795018;"SPRF-SP";"DEL02-SP";"UOP01-DEL02-SP"
416278;2022-02-21;"segunda-feira";"11:10:00";"DF";70;1;"BRASILIA";"Trafegar com motocicleta (ou similar) entre as faixas";"Queda de ocupante de veículo";"Com Vítimas Feridas";"Pleno dia";"Crescente";"Nublado";"Dupla";"Reta";"Sim";1;0;1;0;0;0;1;1;-15,795264;-48,063801;"SPRF-DF";"DEL03-DF";"UOP02-DEL03-DF"
416280;2022-02-21;"segunda-feira";"10:30:00";"RS";470;210,5;"BENTO GONCALVES";"Chuva";"Colisão transversal";"Com Vítimas Feridas";"Pleno dia";"Decrescente";"Chuva";"Simples";"Curva";"Sim";3;0;2;0;1;0;2;2;-29,12961506;-51,54158592;"SPRF-RS";"DEL06-RS";"UOP01-DEL06-RS"
416285;2022-02-21;"segunda-feira";"07:00:00";"PE";101;69;"RECIFE";"Reação tardia ou ineficiente do condutor";"Colisão traseira";"Com Vítimas Feridas";"Pleno dia";"Crescente";"Céu Claro";"Dupla";"Reta";"Sim";4;0;2;0;1;1;2;4;-8,06728591;-34,9418769;"SPRF-PE";"DEL01-PE";"UOP01-DEL01-PE"
416287;2022-02-03;"quinta-feira";"11:45:00";"RO";174;15,8;"VILHENA";"Acessar a via sem observar a presença dos outros veículos";"Colisão transversal";"Com Vítimas Feridas";"Pleno dia";"Decrescente";"Nublado";"Simples";"Interseção de Vias;Reta";"Sim";2;0;1;0;1;0;1;2;-12,723321;-60,12801;"SPRF-RO";"DEL04-RO";"UOP01-DEL04-RO"
416290;2022-02-21;"segunda-feira";"11:10:00";"RO";364;425;"JARU";"Acessar a via sem observar a presença dos outros veículos";"Colisão lateral mesmo sentido";"Com Vítimas Feridas";"Pleno dia";"Crescente";"Céu Claro";"Dupla";"Interseção de Vias";"Sim";2;0;0;1;1;0;1;2;-10,43752488;-62,47169791;"SPRF-RO";"DEL03-RO";"UOP02-DEL03-RO"
416291;2022-02-21;"segunda-feira";"11:50:00";"SC";470;57;"BLUMENAU";"Acessar a via sem observar a presença dos outros veículos";"Colisão transversal";"Com Vítimas Feridas";"Pleno dia";"Crescente";"Céu Claro";"Simples";"Reta";"Sim";2;0;1;0;1;0;1;2;-26,880428;-49,136532;"SPRF-SC";"DEL04-SC";"UOP01-DEL04-SC"
416292;2022-02-21;"segunda-feira";"13:30:00";"CE";222;90;"UMIRIM";"Reação tardia ou ineficiente do condutor";"Colisão transversal";"Com Vítimas Fatais";"Pleno dia";"Crescente";"Sol";"Simples";"Reta";"Não";3;1;1;0;1;0;1;2;-3,67255881;-39,32995409;"SPRF-CE";"DEL04-CE";"UOP03-DEL04-CE"
416293;2022-02-21;"segunda-feira";"12:50:00";"RS";153;48,1;"ERECHIM";"Velocidade Incompatível";"Colisão traseira";"Com Vítimas Feridas";"Pleno dia";"Decrescente";"Chuva";"Simples";"Reta";"Não";3;0;2;0;1;0;2;2;-27,65118001;-52,257248;"SPRF-RS";"DEL08-RS";"UOP04-DEL08-RS"
416294;2022-02-21;"segunda-feira";"11:50:00";"AC";364;145;"RIO BRANCO";"Manobra de mudança de faixa";"Colisão lateral mesmo sentido";"Com Vítimas Feridas";"Pleno dia";"Decrescente";"Nublado";"Dupla";"Reta";"Sim";2;0;1;0;1;0;1;2;-9,91119111;-67,88989247;"SPRF-AC";"DEL01-AC";"UOP01-DEL01-AC"
416295;2022-02-21;"segunda-feira";"13:20:00";"PR";277;535,7;"IBEMA";"Desrespeitar a preferência no cruzamento";"Colisão transversal";"Com Vítimas Feridas";"Pleno dia";"Crescente";"Céu Claro";"Simples";"Curva";"Sim";6;0;4;0;2;0;4;2;-25,10716706;-52,99434897;"SPRF-PR";"DEL04-PR";"UOP01-DEL04-PR"
416297;2022-02-21;"segunda-feira";"10:00:00";"MG";381;595,8;"CARMOPOLIS DE MINAS";"Velocidade Incompatível";"Saída de leito carroçável";"Com Vítimas Feridas";"Pleno dia";"Decrescente";"Chuva";"Dupla";"Reta";"Não";2;0;1;0;1;0;1;1;-20,59692997;-44,70822603;"SPRF-MG";"DEL04-MG";"UOP01-DEL04-MG"
416304;2022-02-21;"segunda-feira";"14:35:00";"MG";40;587;"ITABIRITO";"Pista Escorregadia";"Colisão frontal";"Com Vítimas Feridas";"Pleno dia";"Decrescente";"Chuva";"Simples";"Curva";"Não";3;0;2;1;0;0;3;2;-20,34858326;-43,92200604;"SPRF-MG";"DEL01-MG";"UOP02-DEL01-MG"
416305;2022-02-21;"segunda-feira";"12:15:00";"MG";381;651,5;"SANTO ANTONIO DO AMPARO";"Velocidade Incompatível";"Saída de leito carroçável";"Com Vítimas Feridas";"Pleno dia";"Crescente";"Nublado";"Dupla";"Curva";"Não";2;0;1;0;1;0;1;1;-20,97575268;-44,93997846;"SPRF-MG";"DEL04-MG";"UOP02-DEL04-MG"
416306;2022-02-21;"segunda-feira";"11:00:00";"SC";470;57;"BLUMENAU";"Reação tardia ou ineficiente do condutor";"Incêndio";"Sem Vítimas";"Pleno dia";"Crescente";"Nublado";"Simples";"Reta";"Não";1;0;0;0;1;0;0;1;-26,880428;-49,136532;"SPRF-SC";"DEL04-SC";"UOP01-DEL04-SC"
416309;2022-02-21;"segunda-feira";"14:00:00";"SC";101;27,7;"JOINVILLE";"Demais falhas mecânicas ou elétricas";"Queda de ocupante de veículo";"Com Vítimas Feridas";"Pleno dia";"Decrescente";"Nublado";"Dupla";"Reta;Declive";"Não";2;0;2;0;0;0;2;1;-26,20130351;-48,91331794;"SPRF-SC";"DEL03-SC";"UOP01-DEL03-SC"
416310;2022-02-21;"segunda-feira";"13:50:00";"RO";319;59;"PORTO VELHO";"Condutor deixou de manter distância do veículo da frente";"Colisão traseira";"Com Vítimas Feridas";"Pleno dia";"Decrescente";"Nublado";"Dupla";"Reta";"Sim";3;0;1;0;2;0;1;2;-8,7423562;-63,90178442;"SPRF-RO";"DEL01-RO";"UOP01-DEL01-RO"
416312;2022-02-21;"segunda-feira";"07:30:00";"MG";153;17;"ARAPORA";"Velocidade Incompatível";"Queda de ocupante de veículo";"Com Vítimas Feridas";"Amanhecer";"Crescente";"Céu Claro";"Dupla";"Reta";"Não";2;0;2;0;0;0;2;1;-18,569555;-49,193806;"SPRF-MG";"DEL15-MG";"UOP03-DEL15-MG"
416314;2022-02-21;"segunda-feira";"15:32:00";"BA";324;568;"SAO SEBASTIAO DO PASSE";"Manobra de mudança de faixa";"Capotamento";"Sem Vítimas";"Pleno dia";"Crescente";"Nublado";"Dupla";"Reta";"Não";1;0;0;0;1;0;0;1;-12,53527699;-38,59595575;"SPRF-BA";"DEL01-BA";"UOP01-DEL01-BA"
416315;2022-02-21;"segunda-feira";"15:40:00";"AP";210;2;"MACAPA";"Condutor deixou de manter distância do veículo da frente";"Colisão traseira";"Com Vítimas Feridas";"Pleno dia";"Decrescente";"Sol";"Dupla";"Reta";"Sim";2;0;1;0;1;0;1;2;0,0828201734;-51,0777618925;"SPRF-AP";"DEL01-AP";"UOP01-DEL01-AP"
416318;2022-02-21;"segunda-feira";"15:00:00";"RS";285;542,5;"SAO LUIZ GONZAGA";"Ausência de reação do condutor";"Queda de ocupante de veículo";"Com Vítimas Feridas";"Pleno dia";"Crescente";"Sol";"Simples";"Reta";"Não";1;0;1;0;0;0;1;1;-28,406449;-54,691079;"SPRF-RS";"DEL10-RS";"UOP01-DEL10-RS"
416319;2022-02-21;"segunda-feira";"15:30:00";"BA";116;16,2;"VITORIA DA CONQUISTA";"Conversão proibida";"Colisão transversal";"Com Vítimas Feridas";"Pleno dia";"Crescente";"Céu Claro";"Simples";"Reta";"Sim";2;0;1;0;1;0;1;2;-14,902414;-40,848313;"SPRF-BA";"DEL08-BA";"UOP01-DEL08-BA"
416320;2022-02-21;"segunda-feira";"15:20:00";"RS";386;356,3;"ESTRELA";"Acumulo de água sobre o pavimento";"Saída de leito carroçável";"Sem Vítimas";"Pleno dia";"Crescente";"Chuva";"Dupla";"Curva";"Não";2;0;0;0;2;0;0;1;-29,522612;-51,935017;"SPRF-RS";"DEL04-RS";"UOP02-DEL04-RS"
416321;2022-02-21;"segunda-feira";"10:45:00";"RO";364;438;"JARU";"Demais falhas mecânicas ou elétricas";"Queda de ocupante de veículo";"Com Vítimas Feridas";"Pleno dia";"Crescente";"Nublado";"Simples";"Reta";"Não";1;0;1;0;0;0;1;1;-10,36530904;-62,56654003;"SPRF-RO";"DEL03-RO";"UOP02-DEL03-RO"
416322;2022-02-21;"segunda-feira";"15:55:00";"PI";343;337,5;"TERESINA";"Avarias e/ou desgaste excessivo no pneu";"Saída de leito carroçável";"Com Vítimas Feridas";"Pleno dia";"Crescente";"Chuva";"Dupla";"Reta";"Sim";1;0;1;0;0;0;1;1;-5,06183346;-42,71412492;"SPRF-PI";"DEL01-PI";"UOP01-DEL01-PI"
416323;2022-02-21;"segunda-feira";"15:40:00";"ES";259;57,8;"COLATINA";"Desrespeitar a preferência no cruzamento";"Colisão transversal";"Com Vítimas Feridas";"Pleno dia";"Crescente";"Sol";"Simples";"Rotatória";"Sim";2;0;1;0;0;1;1;2;-19,50865703;-40,65581416;"SPRF-ES";"DEL02-ES";"UOP01-DEL02-ES"
416324;2022-02-21;"segunda-feira";"15:10:00";"RJ";101;391;"RIO DE JANEIRO";"Avarias e/ou desgaste excessivo no pneu";"Queda de ocupante de veículo";"Com Vítimas Feridas";"Pleno dia";"Crescente";"Nublado";"Dupla";"Reta";"Não";2;0;1;1;0;0;2;1;-22,894827;-43,68492;"SPRF-RJ";"DEL03-RJ";"UOP01-DEL03-RJ"
416326;2022-02-21;"segunda-feira";"14:00:00";"SC";101;414;"ARARANGUA";"Ausência de reação do condutor";"Saída de leito carroçável";"Com Vítimas Feridas";"Pleno dia";"Decrescente";"Céu Claro";"Simples";"Rotatória";"Sim";1;0;1;0;0;0;1;1;-28,95360392;-49,50985011;"SPRF-SC";"DEL02-SC";"UOP02-DEL02-SC"
416328;2022-02-20;"domingo";"22:10:00";"MT";70;5,5;"BARRA DO GARCAS";"Entrada inopinada do pedestre";"Atropelamento de Pedestre";"Com Vítimas Feridas";"Plena Noite";"Decrescente";"Nublado";"Simples";"Reta";"Sim";2;0;1;0;1;0;1;2;-15,87814789;-52,296134;"SPRF-MT";"DEL07-MT";"UOP01-DEL07-MT"
416330;2022-02-21;"segunda-feira";"15:55:00";"PR";369;380,5;"MAMBORE";"Avarias e/ou desgaste excessivo no pneu";"Tombamento";"Com Vítimas Feridas";"Pleno dia";"Crescente";"Sol";"Simples";"Reta";"Não";1;0;1;0;0;0;1;1;-24,2102;-52,5052;"SPRF-PR";"DEL04-PR";"UOP03-DEL04-PR"
416333;2022-02-21;"segunda-feira";"17:30:00";"GO";153;506,1;"APARECIDA DE GOIANIA";"Pista esburacada";"Queda de ocupante de veículo";"Com Vítimas Feridas";"Pleno dia";"Crescente";"Nublado";"Dupla";"Reta";"Sim";1;0;1;0;0;0;1;1;-16,7633;-49,24;"SPRF-GO";"DEL01-GO";"UOP01-DEL01-GO"
416336;2022-02-21;"segunda-feira";"17:30:00";"SC";101;144,1;"ITAPEMA";"Condutor deixou de manter distância do veículo da frente";"Colisão traseira";"Com Vítimas Feridas";"Pleno dia";"Decrescente";"Céu Claro";"Dupla";"Reta";"Não";2;0;1;0;1;0;1;2;-27,0732659;-48,59672716;"SPRF-SC";"DEL04-SC";"UOP03-DEL04-SC"
416339;2022-02-19;"sábado";"14:40:00";"MS";262;514,2;"AQUIDAUANA";"Ausência de reação do condutor";"Colisão traseira";"Com Vítimas Feridas";"Pleno dia";"Crescente";"Céu Claro";"Simples";"Reta";"Não";5;0;1;0;4;0;1;2;-20,43864388;-56,02555292;"SPRF-MS";"DEL03-MS";"UOP01-DEL03-MS"
416341;2022-02-21;"segunda-feira";"17:25:00";"ES";101;262;"SERRA";"Ausência de reação do condutor";"Colisão transversal";"Com Vítimas Feridas";"Pleno dia";"Crescente";"Nublado";"Múltipla";"Interseção de Vias";"Sim";2;0;2;0;0;0;2;2;-20,1572331;-40,27678329;"SPRF-ES";"DEL02-ES";"UOP01-DEL02-ES"
416343;2022-02-21;"segunda-feira";"14:20:00";"RJ";101;298;"ITABORAI";"Mal súbito do condutor";"Colisão com objeto";"Com Vítimas Feridas";"Pleno dia";"Crescente";"Nublado";"Dupla";"Reta";"Sim";1;0;1;0;0;0;1;1;-22,7714;-42,92896;"SPRF-RJ";"DEL02-RJ";"UOP02-DEL02-RJ"
416346;2022-02-21;"segunda-feira";"13:00:00";"MG";262;576;"CORREGO DANTA";"Pista Escorregadia";"Saída de leito carroçável";"Sem Vítimas";"Pleno dia";"Crescente";"Chuva";"Simples";"Reta";"Não";1;0;0;0;1;0;0;1;-19,68486101;-46,03918512;"SPRF-MG";"DEL08-MG";"UOP02-DEL08-MG"
416347;2022-02-21;"segunda-feira";"17:20:00";"MG";50;172;"UBERABA";"Avarias e/ou desgaste excessivo no pneu";"Tombamento";"Com Vítimas Feridas";"Anoitecer";"Crescente";"Nublado";"Dupla";"Reta";"Não";2;0;1;1;0;0;2;1;-19,75402507;-47,98051917;"SPRF-MG";"DEL13-MG";"UOP01-DEL13-MG"
416348;2022-02-21;"segunda-feira";"18:30:00";"AL";101;139,4;"SAO MIGUEL DOS CAMPOS";"Velocidade Incompatível";"Capotamento";"Com Vítimas Fatais";"Plena Noite";"Crescente";"Céu Claro";"Simples";"Rotatória";"Sim";3;1;1;1;0;0;2;1;-9,80832724;-36,11660421;"SPRF-AL";"DEL02-AL";"UOP01-DEL02-AL"
416351;2022-02-21;"segunda-feira";"17:50:00";"PR";369;70;"SANTA MARIANA";"Acessar a via sem observar a presença dos outros veículos";"Colisão transversal";"Com Vítimas Feridas";"Pleno dia";"Crescente";"Céu Claro";"Simples";"Interseção de Vias";"Não";2;0;1;0;1;0;1;2;-23,14654468;-50,49875915;"SPRF-PR";"DEL07-PR";"UOP01-DEL07-PR"
416352;2022-02-16;"quarta-feira";"12:30:00";"GO";153;510;"APARECIDA DE GOIANIA";"Avarias e/ou desgaste excessivo no pneu";"Queda de ocupante de veículo";"Com Vítimas Feridas";"Pleno dia";"Decrescente";"Sol";"Dupla";"Declive";"Sim";2;0;2;0;0;0;2;1;-16,7977;-49,2386;"SPRF-GO";"DEL01-GO";"UOP03-DEL01-GO"
416353;2022-02-21;"segunda-feira";"17:30:00";"RJ";116;237,8;"PIRAI";"Avarias e/ou desgaste excessivo no pneu";"Colisão com objeto";"Com Vítimas Feridas";"Pleno dia";"Decrescente";"Chuva";"Dupla";"Curva";"Não";2;0;1;0;1;0;1;2;-22,62541977;-43,91613007;"SPRF-RJ";"DEL07-RJ";"UOP01-DEL07-RJ"
416354;2022-02-21;"segunda-feira";"17:45:00";"ES";101;129;"SOORETAMA";"Reação tardia ou ineficiente do condutor";"Tombamento";"Com Vítimas Feridas";"Anoitecer";"Decrescente";"Céu Claro";"Simples";"Reta";"Sim";1;0;1;0;0;0;1;1;-19,22093104;-40,0936152;"SPRF-ES";"DEL04-ES";"UOP01-DEL04-ES"
416356;2022-02-21;"segunda-feira";"16:15:00";"MG";381;509,2;"SAO JOAQUIM DE BICAS";"Avarias e/ou desgaste excessivo no pneu";"Tombamento";"Com Vítimas Feridas";"Pleno dia";"Decrescente";"Nublado";"Dupla";"Reta";"Não";1;0;1;0;0;0;1;1;-20,04975729;-44,27755237;"SPRF-MG";"DEL01-MG";"UOP03-DEL01-MG"
416357;2022-02-21;"segunda-feira";"17:30:00";"MG";381;356;"BETIM";"Ausência de reação do condutor";"Queda de ocupante de veículo";"Com Vítimas Feridas";"Anoitecer";"Decrescente";"Chuva";"Dupla";"Reta";"Não";1;0;1;0;0;0;1;1;-19,98710027;-44,20680837;"SPRF-MG";"DEL03-MG";"UOP01-DEL03-MG"
416359;2022-02-21;"segunda-feira";"19:50:00";"SC";282;16,3;"PALHOCA";"Acessar a via sem observar a presença dos outros veículos";"Queda de ocupante de veículo";"Com Vítimas Feridas";"Plena Noite";"Decrescente";"Nublado";"Simples";"Reta";"Sim";2;0;1;0;0;1;1;2;-27,658611;-48,681847;"SPRF-SC";"DEL01-SC";"UOP02-DEL01-SC"
416360;2022-02-21;"segunda-feira";"18:22:00";"PE";101;18;"CABO DE SANTO AGOSTINHO";"Acessar a via sem observar a presença dos outros veículos";"Colisão transversal";"Com Vítimas Feridas";"Plena Noite";"Decrescente";"Céu Claro";"Simples";"Interseção de Vias";"Sim";2;0;1;0;1;0;1;2;-8,294212;-35,056331;"SPRF-PE";"DEL01-PE";"UOP01-DEL01-PE"