"id";"data_inversa";"dia_semana";"horario";"uf";"br";"km";"municipio";"causa_acidente";"tipo_acidente";"classificacao_acidente";"fase_dia";"sentido_via";"condicao_metereologica";"tipo_pista";"tracado_via";"uso_solo";"pessoas";"mortos";"feridos_leves";"feridos_graves";"ilesos";"ignorados";"feridos";"veiculos";"latitude";"longitude";"regional";"delegacia";"uop"
416361;2022-02-21;"segunda-feira";"18:35:00";"PB";230;393,9;"POMBAL";"Animais na Pista";"Atropelamento de Animal";"Sem Vítimas";"Plena Noite";"Crescente";"Nublado";"Simples";"Reta";"Não";1;0;0;0;1;0;0;1;-6,877;-37,732;"SPRF-PB";"DEL03-PB";"UOP02-DEL03-PB"
416363;2022-02-21;"segunda-feira";"19:50:00";"ES";101;179;"ARACRUZ";"Ausência de reação do condutor";"Queda de ocupante de veículo";"Com Vítimas Feridas";"Plena Noite";"Decrescente";"Céu Claro";"Simples";"Reta";"Não";2;0;2;0;0;0;2;1;-19,61640717;-40,21532077;"SPRF-ES";"DEL04-ES";"UOP01-DEL04-ES"
416364;2022-02-21;"segunda-feira";"19:49:00";"SC";101;123;"ITAJAI";"Desrespeitar a preferência no cruzamento";"Colisão transversal";"Com Vítimas Feridas";"Plena Noite";"Crescente";"Céu Claro";"Simples";"Interseção de Vias;Rotatória";"Não";3;0;1;0;2;0;1;2;-26,93668609;-48,69876905;"SPRF-SC";"DEL04-SC";"UOP04-DEL04-SC"
416365;2022-02-21;"segunda-feira";"19:25:00";"GO";60;384,5;"RIO VERDE";"Pedestre andava na pista";"Atropelamento de Pedestre";"Com Vítimas Feridas";"Plena Noite";"Decrescente";"Ignorado";"Dupla";"Reta";"Sim";2;0;1;0;1;0;1;2;-17,7906;-50,9071;"SPRF-GO";"DEL04-GO";"UOP01-DEL04-GO"
416367;2022-02-21;"segunda-feira";"19:30:00";"RN";226;63;"SENADOR ELOI DE SOUZA";"Iluminação deficiente";"Tombamento";"Com Vítimas Feridas";"Plena Noite";"Crescente";"Céu Claro";"Simples";"Reta";"Não";1;0;0;1;0;0;1;1;-6,06649374;-35,6820364;"SPRF-RN";"DEL03-RN";"UOP02-DEL03-RN"
416369;2022-02-21;"segunda-feira";"19:45:00";"PB";101;105,3;"ALHANDRA";"Reação tardia ou ineficiente do condutor";"Saída de leito carroçável";"Sem Vítimas";"Plena Noite";"Decrescente";"Nublado";"Dupla";"Curva";"Não";1;0;0;0;0;1;0;1;-7,30814609;-34,94344185;"SPRF-PB";"DEL01-PB";"UOP02-DEL01-PB"
416374;2022-02-21;"segunda-feira";"20:58:00";"DF";20;21;"BRASILIA";"Acessar a via sem observar a presença dos outros veículos";"Colisão traseira";"Com Vítimas Feridas";"Plena Noite";"Crescente";"Nublado";"Dupla";"Aclive";"Sim";3;0;2;0;1;0;2;2;-15,603384;-47,684692;"SPRF-DF";"DEL02-DF";"UOP01-DEL02-DF"
416375;2022-02-21;"segunda-feira";"19:20:00";"SP";116;225;"GUARULHOS";"Condutor deixou de manter distância do veículo da frente";"Colisão traseira";"Com Vítimas Feridas";"Anoitecer";"Decrescente";"Ignorado";"Múltipla";"Reta";"Sim";2;0;0;1;1;0;1;2;-23,48586772;-46,54075317;"SPRF-SP";"DEL01-SP";"UOP01-DEL01-SP"
416377;2022-02-21;"segunda-feira";"21:40:00";"SC";101;201;"SAO JOSE";"Ausência de reação do condutor";"Colisão traseira";"Com Vítimas Feridas";"Plena Noite";"Decrescente";"Céu Claro";"Dupla";"Reta";"Sim";3;0;1;0;1;1;1;3;-27,54836599;-48,61977975;"SPRF-SC";"DEL01-SC";"UOP01-DEL01-SC"
416380;2022-02-21;"segunda-feira";"18:49:00";"PE";232;12,5;"JABOATAO DOS GUARARAPES";"Condutor deixou de manter distância do veículo da frente";"Colisão traseira";"Com Vítimas Feridas";"Plena Noite";"Decrescente";"Céu Claro";"Dupla";"Reta";"Não";2;0;2;0;0;0;2;2;-8,086209;-35,003795;"SPRF-PE";"DEL01-PE";"UOP01-DEL01-PE"
416381;2022-02-21;"segunda-feira";"16:30:00";"MG";262;646,9;"IBIA";"Afundamento ou ondulação no pavimento";"Tombamento";"Com Vítimas Feridas";"Pleno dia";"Decrescente";"Chuva";"Simples";"Curva";"Não";2;0;0;1;1;0;1;1;-19,57764821;-46,5997379;"SPRF-MG";"DEL08-MG";"UOP01-DEL08-MG"
416382;2022-02-21;"segunda-feira";"21:06:00";"MS";163;206;"CAARAPO";"Ingestão de álcool pelo condutor";"Tombamento";"Com Vítimas Feridas";"Plena Noite";"Decrescente";"Céu Claro";"Dupla";"Rotatória";"Não";1;0;1;0;0;0;1;1;-22,65390994;-54,80646392;"SPRF-MS";"DEL04-MS";"UOP02-DEL04-MS"
416384;2022-02-21;"segunda-feira";"22:07:00";"ES";101;204;"JOAO NEIVA";"Ausência de reação do condutor";"Tombamento";"Com Vítimas Feridas";"Plena Noite";"Crescente";"Céu Claro";"Dupla";"Reta";"Sim";2;0;2;0;0;0;2;1;-19,74948916;-40,37922678;"SPRF-ES";"DEL02-ES";"UOP01-DEL02-ES"
416386;2022-02-10;"quinta-feira";"20:40:00";"MT";70;377;"CAMPO VERDE";"Ultrapassagem Indevida";"Capotamento";"Com Vítimas Feridas";"Plena Noite";"Crescente";"Nublado";"Simples";"Reta";"Não";2;0;2;0;0;0;2;1;-15,49768472;-55,09730092;"SPRF-MT";"DEL05-MT";"UOP02-DEL05-MT"
416387;2022-02-21;"segunda-feira";"22:10:00";"SC";101;212,4;"PALHOCA";"Reação tardia ou ineficiente do condutor";"Queda de ocupante de veículo";"Com Vítimas Feridas";"Plena Noite";"Decrescente";"Nublado";"Múltipla";"Reta";"Sim";1;0;1;0;0;0;1;1;-27,62996929;-48,65903871;"SPRF-SC";"DEL01-SC";"UOP02-DEL01-SC"
416389;2022-02-21;"segunda-feira";"21:20:00";"RS";290;9;"OSORIO";"Demais falhas mecânicas ou elétricas";"Tombamento";"Com Vítimas Feridas";"Plena Noite";"Decrescente";"Nublado";"Múltipla";"Reta";"Não";2;0;1;0;1;0;1;1;-29,891584;-50,363377;"SPRF-RS";"DEL03-RS";"UOP01-DEL03-RS"
416390;2022-02-21;"segunda-feira";"22:40:00";"SP";116;229;"SAO PAULO";"Pedestre andava na pista";"Atropelamento de Pedestre";"Com Vítimas Fatais";"Plena Noite";"Decrescente";"Céu Claro";"Múltipla";"Reta";"Sim";2;1;0;0;0;1;0;2;-23,51291902;-46,57604698;"SPRF-SP";"DEL01-SP";"UOP01-DEL01-SP"
416391;2022-02-21;"segunda-feira";"22:20:00";"RJ";116;310;"ITATIAIA";"Demais falhas mecânicas ou elétricas";"Incêndio";"Sem Vítimas";"Plena Noite";"Decrescente";"Chuva";"Dupla";"Reta";"Não";1;0;0;0;1;0;0;1;-22,45923593;-44,434776;"SPRF-RJ";"DEL07-RJ";"UOP02-DEL07-RJ"
416394;2022-02-21;"segunda-feira";"22:00:00";"PR";280;298,6;"FLOR DA SERRA DO SUL";"Velocidade Incompatível";"Saída de leito carroçável";"Com Vítimas Feridas";"Plena Noite";"Crescente";"Chuva";"Simples";"Curva";"Não";1;0;0;1;0;0;1;1;-26,25208264;-53,38237313;"SPRF-PR";"DEL02-PR";"UOP01-DEL02-PR"
416396;2022-02-22;"terça-feira";"00:11:00";"SP";381;77;"SAO PAULO";"Acumulo de óleo sobre o pavimento";"Colisão com objeto";"Com Vítimas Feridas";"Plena Noite";"Decrescente";"Céu Claro";"Múltipla";"Reta";"Não";1;0;0;1;0;0;1;1;-23,388839;-46,5693478;"SPRF-SP";"DEL03-SP";"UOP01-DEL03-SP"
416397;2022-02-21;"segunda-feira";"22:40:00";"RS";290;65,9;"GRAVATAI";"Ingestão de substâncias psicoativas pelo condutor";"Colisão lateral mesmo sentido";"Com Vítimas Feridas";"Plena Noite";"Crescente";"Céu Claro";"Dupla";"Reta";"Não";5;0;3;0;2;0;3;2;-29,943108;-50,905231;"SPRF-RS";"DEL03-RS";"UOP01-DEL03-RS"
416399;2022-02-21;"segunda-feira";"23:00:00";"SC";480;125,6;"CHAPECO";"Desrespeitar a preferência no cruzamento";"Colisão frontal";"Com Vítimas Feridas";"Plena Noite";"Crescente";"Céu Claro";"Simples";"Reta;Interseção de Vias;Declive";"Não";2;0;0;1;1;0;1;2;-27,017273;-52,63725;"SPRF-SC";"DEL07-SC";"UOP01-DEL07-SC"
416400;2022-02-22;"terça-feira";"00:10:00";"SC";101;334,1;"TUBARAO";"Desrespeitar a preferência no cruzamento";"Colisão transversal";"Com Vítimas Feridas";"Plena Noite";"Decrescente";"Céu Claro";"Múltipla";"Retorno Regulamentado;Rotatória";"Sim";2;0;1;0;0;1;1;2;-28,46730446;-49,00604302;"SPRF-SC";"DEL02-SC";"UOP01-DEL02-SC"
416401;2022-02-21;"segunda-feira";"22:50:00";"RJ";465;17;"SEROPEDICA";"Pedestre andava na pista";"Atropelamento de Pedestre";"Com Vítimas Feridas";"Plena Noite";"Decrescente";"Céu Claro";"Simples";"Reta";"Sim";2;0;1;0;0;1;1;2;-22,823448;-43,619843;"SPRF-RJ";"DEL03-RJ";"UOP01-DEL03-RJ"
416402;2022-02-22;"terça-feira";"00:45:00";"SE";235;5,9;"NOSSA SENHORA DO SOCORRO";"Pedestre cruzava a pista fora da faixa";"Atropelamento de Pedestre";"Com Vítimas Fatais";"Plena Noite";"Crescente";"Céu Claro";"Dupla";"Reta";"Sim";2;1;0;0;0;1;0;2;-10,9041;-37,1278;"SPRF-SE";"DEL01-SE";"UOP01-DEL01-SE"
416403;2022-02-22;"terça-feira";"01:00:00";"RS";290;104;"ELDORADO DO SUL";"Ausência de reação do condutor";"Saída de leito carroçável";"Sem Vítimas";"Plena Noite";"Crescente";"Céu Claro";"Dupla";"Reta";"Não";1;0;0;0;0;1;0;1;-29,993122;-51,275398;"SPRF-RS";"DEL02-RS";"UOP01-DEL02-RS"
416404;2022-02-21;"segunda-feira";"21:20:00";"RO";364;90;"VILHENA";"Reação tardia ou ineficiente do condutor";"Capotamento";"Com Vítimas Feridas";"Plena Noite";"Decrescente";"Chuva";"Simples";"Reta";"Não";2;0;1;1;0;0;2;1;-12,36103512;-60,62575836;"SPRF-RO";"DEL04-RO";"UOP01-DEL04-RO"
416407;2022-02-21;"segunda-feira";"17:40:00";"RO";364;9,7;"VILHENA";"Reação tardia ou ineficiente do condutor";"Colisão transversal";"Com Vítimas Feridas";"Anoitecer";"Crescente";"Garoa/Chuvisco";"Simples";"Curva";"Sim";2;0;1;1;0;0;2;2;-12,75881009;-60,1001711;"SPRF-RO";"DEL04-RO";"UOP01-DEL04-RO"
416409;2022-02-22;"terça-feira";"04:00:00";"PR";277;95;"CURITIBA";"Ingestão de álcool pelo condutor";"Colisão com objeto";"Com Vítimas Feridas";"Plena Noite";"Decrescente";"Nublado";"Dupla";"Reta";"Não";2;0;2;0;0;0;2;1;-25,43093962;-49,32582378;"SPRF-PR";"DEL01-PR";"UOP01-DEL01-PR"
416413;2022-02-21;"segunda-feira";"22:50:00";"PR";369;62,2;"BANDEIRANTES";"Condutor deixou de manter distância do veículo da frente";"Colisão traseira";"Com Vítimas Feridas";"Plena Noite";"Crescente";"Céu Claro";"Simples";"Reta";"Não";2;0;1;0;1;0;1;2;-23,13162676;-50,43821096;"SPRF-PR";"DEL07-PR";"UOP01-DEL07-PR"
416417;2022-02-21;"segunda-feira";"21:20:00";"PA";230;120;"MARABA";"Reação tardia ou ineficiente do condutor";"Colisão traseira";"Com Vítimas Feridas";"Plena Noite";"Crescente";"Céu Claro";"Dupla";"Interseção de Vias";"Sim";3;0;1;0;1;1;1;3;-5,35038318;-49,11434;"SPRF-PA";"DEL03-PA";"UOP01-DEL03-PA"
416418;2022-02-22;"terça-feira";"06:30:00";"SP";116;222;"GUARULHOS";"Reação tardia ou ineficiente do condutor";"Colisão traseira";"Com Vítimas Feridas";"Pleno dia";"Crescente";"Céu Claro";"Múltipla";"Reta";"Sim";2;0;1;0;1;0;1;2;-23,47588251;-46,52564049;"SPRF-SP";"DEL01-SP";"UOP01-DEL01-SP"
416422;2022-02-22;"terça-feira";"06:40:00";"BA";116;878;"VITORIA DA CONQUISTA";"Manobra de mudança de faixa";"Queda de ocupante de veículo";"Com Vítimas Feridas";"Amanhecer";"Decrescente";"Céu Claro";"Simples";"Aclive;Reta";"Não";1;0;1;0;0;0;1;1;-15,19309892;-41,07694612;"SPRF-BA";"DEL08-BA";"UOP03-DEL08-BA"
416424;2022-02-22;"terça-feira";"06:45:00";"PB";230;132,9;"CAMPINA GRANDE";"Chuva";"Saída de leito carroçável";"Com Vítimas Feridas";"Pleno dia";"Crescente";"Chuva";"Dupla";"Curva";"Não";1;0;1;0;0;0;1;1;-7,272475;-35,751111;"SPRF-PB";"DEL02-PB";"UOP01-DEL02-PB"
416425;2022-02-21;"segunda-feira";"11:29:00";"MT";70;278;"PRIMAVERA DO LESTE";"Transitar na contramão";"Colisão lateral sentido oposto";"Com Vítimas Feridas";"Pleno dia";"Decrescente";"Céu Claro";"Simples";"Reta";"Sim";2;0;1;0;1;0;1;2;-15,55739918;-54,27981896;"SPRF-MT";"DEL05-MT";"UOP01-DEL05-MT"
416426;2022-02-22;"terça-feira";"06:00:00";"PE";428;2;"CABROBO";"Mal súbito do condutor";"Saída de leito carroçável";"Com Vítimas Fatais";"Pleno dia";"Decrescente";"Céu Claro";"Simples";"Reta";"Não";1;1;0;0;0;0;0;1;-8,539874;-39,242958;"SPRF-PE";"DEL05-PE";"UOP01-DEL05-PE"
416428;2022-02-22;"terça-feira";"07:30:00";"RJ";116;171;"RIO DE JANEIRO";"Condutor Dormindo";"Colisão traseira";"Com Vítimas Feridas";"Pleno dia";"Decrescente";"Céu Claro";"Múltipla";"Reta";"Sim";2;0;1;0;1;0;1;2;-22,78083573;-43,39056194;"SPRF-RJ";"DEL01-RJ";"UOP02-DEL01-RJ"
416429;2022-02-22;"terça-feira";"07:15:00";"RJ";116;175;"NOVA IGUACU";"Demais falhas mecânicas ou elétricas";"Incêndio";"Sem Vítimas";"Pleno dia";"Decrescente";"Céu Claro";"Múltipla";"Reta";"Sim";1;0;0;0;1;0;0;1;-22,78923555;-43,37275272;"SPRF-RJ";"DEL01-RJ";"UOP02-DEL01-RJ"
416430;2022-02-22;"terça-feira";"06:50:00";"MS";463;1,3;"DOURADOS";"Acessar a via sem observar a presença dos outros veículos";"Colisão transversal";"Com Vítimas Feridas";"Pleno dia";"Crescente";"Céu Claro";"Simples";"Reta";"Sim";2;0;1;1;0;0;2;2;-22,2590237;-54,81615543;"SPRF-MS";"DEL04-MS";"UOP01-DEL04-MS"
416431;2022-01-20;"quinta-feira";"13:30:00";"MG";365;440;"PATOS DE MINAS";"Pista esburacada";"Queda de ocupante de veículo";"Com Vítimas Feridas";"Pleno dia";"Decrescente";"Céu Claro";"Simples";"Reta";"Não";2;0;2;0;0;0;2;1;-18,7983916962;-46,7434300407;"SPRF-MG";"DEL10-MG";"UOP01-DEL10-MG"
416432;2022-02-22;"terça-feira";"07:45:00";"SC";101;134;"BALNEARIO CAMBORIU";"Trafegar com motocicleta (ou similar) entre as faixas";"Colisão lateral mesmo sentido";"Com Vítimas Feridas";"Pleno dia";"Decrescente";"Céu Claro";"Dupla";"Reta";"Sim";2;0;0;1;1;0;1;2;-27,00218;-48,636433;"SPRF-SC";"DEL04-SC";"UOP03-DEL04-SC"
416435;2022-02-22;"terça-feira";"08:40:00";"PR";277;595,5;"CASCAVEL";"Velocidade Incompatível";"Colisão com objeto";"Com Vítimas Feridas";"Pleno dia";"Decrescente";"Céu Claro";"Dupla";"Reta";"Sim";2;0;1;0;1;0;1;1;-24,98154632;-53,50141969;"SPRF-PR";"DEL04-PR";"UOP01-DEL04-PR"
416437;2022-02-22;"terça-feira";"07:00:00";"TO";153;335;"GUARAI";"Acessar a via sem observar a presença dos outros veículos";"Colisão transversal";"Com Vítimas Feridas";"Amanhecer";"Decrescente";"Chuva";"Dupla";"Interseção de Vias";"Sim";2;0;1;0;1;0;1;2;-8,84481597;-48,5107318;"SPRF-TO";"DEL02-TO";"UOP02-DEL02-TO"
416439;2022-02-22;"terça-feira";"09:10:00";"ES";101;270,8;"SERRA";"Condutor deixou de manter distância do veículo da frente";"Colisão traseira";"Com Vítimas Feridas";"Pleno dia";"Crescente";"Céu Claro";"Dupla";"Curva";"Sim";3;0;3;0;0;0;3;2;-20,22662056;-40,27075088;"SPRF-ES";"DEL02-ES";"UOP01-DEL02-ES"
416441;2022-02-18;"sexta-feira";"21:45:00";"SC";280;31;"ARAQUARI";"Acessar a via sem observar a presença dos outros veículos";"Colisão transversal";"Com Vítimas Feridas";"Plena Noite";"Crescente";"Céu Claro";"Simples";"Reta";"Não";2;0;0;1;1;0;1;2;-26,41649938;-48,77181215;"SPRF-SC";"DEL03-SC";"UOP03-DEL03-SC"
416442;2022-02-19;"sábado";"03:20:00";"PA";230;115;"MARABA";"Animais na Pista";"Eventos atípicos";"Sem Vítimas";"Amanhecer";"Decrescente";"Céu Claro";"Dupla";"Reta";"Sim";3;0;0;0;3;0;0;1;-5,36241425;-49,07496007;"SPRF-PA";"DEL03-PA";"UOP01-DEL03-PA"
416444;2022-02-22;"terça-feira";"07:30:00";"PI";343;348;"TERESINA";"Reação tardia ou ineficiente do condutor";"Colisão traseira";"Com Vítimas Feridas";"Pleno dia";"Crescente";"Céu Claro";"Simples";"Reta";"Sim";3;0;1;0;1;1;1;2;-5,118706;-42,786411;"SPRF-PI";"DEL01-PI";"UOP01-DEL01-PI"
416446;2022-02-22;"terça-feira";"08:30:00";"CE";20;262;"ITATIRA";"Ausência de reação do condutor";"Saída de leito carroçável";"Com Vítimas Feridas";"Pleno dia";"Crescente";"Chuva";"Simples";"Curva";"Não";2;0;2;0;0;0;2;1;-4,69774872;-39,45121436;"SPRF-CE";"DEL02-CE";"UOP01-DEL02-CE"
416448;2022-02-22;"terça-feira";"07:20:00";"MG";40;516,5;"RIBEIRAO DAS NEVES";"Condutor deixou de manter distância do veículo da frente";"Colisão traseira";"Com Vítimas Feridas";"Pleno dia";"Crescente";"Céu Claro";"Dupla";"Reta";"Não";4;0;2;0;2;0;2;3;-19,81628624;-44,08960124;"SPRF-MG";"DEL01-MG";"UOP02-DEL01-MG"
416450;2022-02-22;"terça-feira";"08:00:00";"SP";116;211;"GUARULHOS";"Acessar a via sem observar a presença dos outros veículos";"Colisão traseira";"Com Vítimas Feridas";"Pleno dia";"Crescente";"Céu Claro";"Múltipla";"Reta";"Sim";2;0;1;0;1;0;1;2;-23,4324306;-46,4194352;"SPRF-SP";"DEL01-SP";"UOP01-DEL01-SP"
416451;2022-02-22;"terça-feira";"09:52:00";"SP";116;281;"EMBU DAS ARTES";"Ausência de reação do condutor";"Tombamento";"Com Vítimas Feridas";"Pleno dia";"Decrescente";"Céu Claro";"Dupla";"Reta";"Sim";1;0;1;0;0;0;1;1;-23,67784787;-46,85769227;"SPRF-SP";"DEL04-SP";"UOP01-DEL04-SP"
416452;2022-02-22;"terça-feira";"09:00:00";"RO";364;523;"ARIQUEMES";"Condutor deixou de manter distância do veículo da frente";"Colisão traseira";"Sem Vítimas";"Pleno dia";"Decrescente";"Chuva";"Simples";"Reta";"Não";6;0;0;0;6;0;0;2;-9,85234299;-63,05883787;"SPRF-RO";"DEL03-RO";"UOP01-DEL03-RO"
416453;2022-02-22;"terça-feira";"08:45:00";"GO";60;348;"SANTO ANTONIO DA BARRA";"Animais na Pista";"Atropelamento de Animal";"Sem Vítimas";"Pleno dia";"Decrescente";"Céu Claro";"Dupla";"Reta";"Não";1;0;0;0;1;0;0;1;-17,5708;-50,677;"SPRF-GO";"DEL04-GO";"UOP01-DEL04-GO"
416456;2022-01-02;"domingo";"18:10:00";"RJ";493;0;"ITABORAI";"Retorno proibido";"Colisão transversal";"Com Vítimas Feridas";"Pleno dia";"Crescente";"Nublado";"Simples";"Reta";"Sim";3;0;1;0;1;1;1;3;-22,77062;-42,92223;"SPRF-RJ";"DEL02-RJ";"UOP02-DEL02-RJ"
416457;2022-02-12;"sábado";"11:20:00";"RJ";116;98;"TERESOPOLIS";"Pista Escorregadia";"Colisão frontal";"Com Vítimas Feridas";"Pleno dia";"Crescente";"Chuva";"Simples";"Curva";"Não";3;0;2;0;1;0;2;2;-22,4828570592;-42,9972393601;"SPRF-RJ";"DEL04-RJ";"UOP01-DEL04-RJ"
416459;2022-02-22;"terça-feira";"10:00:00";"PR";116;174;"QUITANDINHA";"Acessar a via sem observar a presença dos outros veículos";"Colisão transversal";"Com Vítimas Feridas";"Pleno dia";"Decrescente";"Sol";"Simples";"Curva";"Não";3;0;0;2;1;0;2;2;-25,89000438;-49,51697175;"SPRF-PR";"DEL01-PR";"UOP03-DEL01-PR"
416460;2022-02-22;"terça-feira";"08:55:00";"SC";101;402;"MARACAJA";"Demais falhas mecânicas ou elétricas";"Tombamento";"Com Vítimas Feridas";"Pleno dia";"Crescente";"Céu Claro";"Dupla";"Reta";"Sim";1;0;0;1;0;0;1;1;-28,86330994;-49,44595308;"SPRF-SC";"DEL02-SC";"UOP02-DEL02-SC"
416461;2022-02-22;"terça-feira";"10:25:00";"SC";101;163;"TIJUCAS";"Trafegar com motocicleta (ou similar) entre as faixas";"Colisão lateral mesmo sentido";"Com Vítimas Feridas";"Pleno dia";"Decrescente";"Céu Claro";"Dupla";"Reta";"Sim";2;0;1;0;1;0;1;2;-27,23461699;-48,63039809;"SPRF-SC";"DEL04-SC";"UOP03-DEL04-SC"
416462;2022-02-22;"terça-feira";"09:40:00";"RN";101;85;"SAO GONCALO DO AMARANTE";"Reação tardia ou ineficiente do condutor";"Colisão traseira";"Com Vítimas Feridas";"Pleno dia";"Crescente";"Sol";"Dupla";"Viaduto";"Sim";2;0;0;1;1;0;1;2;-5,777664;-35,24937;"SPRF-RN";"DEL02-RN";"UOP01-DEL02-RN"
416463;2022-02-22;"terça-feira";"11:25:00";"SC";101;223,4;"PALHOCA";"Avarias e/ou desgaste excessivo no pneu";"Tombamento";"Com Vítimas Feridas";"Pleno dia";"Crescente";"Sol";"Dupla";"Reta";"Não";1;0;1;0;0;0;1;1;-27,71552634;-48,64881251;"SPRF-SC";"DEL01-SC";"UOP02-DEL01-SC"
416465;2022-02-22;"terça-feira";"11:54:00";"BA";367;84;"EUNAPOLIS";"Reação tardia ou ineficiente do condutor";"Colisão traseira";"Com Vítimas Feridas";"Pleno dia";"Decrescente";"Nublado";"Simples";"Reta";"Sim";2;0;1;0;1;0;1;2;-16,37465;-39,579426;"SPRF-BA";"DEL09-BA";"UOP01-DEL09-BA"
416466;2022-02-22;"terça-feira";"09:31:00";"RS";290;81;"GRAVATAI";"Reação tardia ou ineficiente do condutor";"Colisão traseira";"Com Vítimas Feridas";"Pleno dia";"Crescente";"Sol";"Dupla";"Reta";"Não";2;0;1;0;1;0;1;2;-29,954445;-51,06881;"SPRF-RS";"DEL01-RS";"UOP01-DEL01-RS"
416468;2022-02-22;"terça-feira";"08:40:00";"ES";101;118,6;"SOORETAMA";"Demais falhas mecânicas ou elétricas";"Incêndio";"Sem Vítimas";"Pleno dia";"Decrescente";"Céu Claro";"Simples";"Reta";"Não";1;0;0;0;1;0;0;1;-19,12750105;-40,06705989;"SPRF-ES";"DEL04-ES";"UOP01-DEL04-ES"
416470;2022-02-22;"terça-feira";"11:00:00";"BA";242;716;"CRISTOPOLIS";"Chuva";"Saída de leito carroçável";"Com Vítimas Feridas";"Pleno dia";"Crescente";"Chuva";"Simples";"Curva";"Não";2;0;1;0;1;0;1;1;-12,222425;-44,142898;"SPRF-BA";"DEL10-BA";"UOP02-DEL10-BA"
416473;2022-02-22;"terça-feira";"10:40:00";"SC";101;144;"ITAPEMA";"Condutor deixou de manter distância do veículo da frente";"Colisão traseira";"Com Vítimas Feridas";"Pleno dia";"Decrescente";"Céu Claro";"Dupla";"Reta";"Sim";4;0;1;0;3;0;1;3;-27,0659669;-48,5955487;"SPRF-SC";"DEL04-SC";"UOP03-DEL04-SC"
416474;2022-02-22;"terça-feira";"12:50:00";"RS";386;353,4;"ESTRELA";"Ausência de reação do condutor";"Saída de leito carroçável";"Com Vítimas Feridas";"Pleno dia";"Decrescente";"Nublado";"Dupla";"Reta";"Sim";1;0;1;0;0;0;1;1;-29,50437762;-51,94440007;"SPRF-RS";"DEL04-RS";"UOP02-DEL04-RS"
416475;2022-02-22;"terça-feira";"13:10:00";"MG";381;500,7;"BETIM";"Acessar a via sem observar a presença dos outros veículos";"Colisão transversal";"Com Vítimas Feridas";"Pleno dia";"Decrescente";"Sol";"Dupla";"Reta";"Sim";3;0;0;1;1;1;1;3;-20,02513493;-44,23112709;"SPRF-MG";"DEL01-MG";"UOP03-DEL01-MG"
416476;2022-02-22;"terça-feira";"10:30:00";"PA";230;122,9;"MARABA";"Condutor desrespeitou a iluminação vermelha do semáforo";"Colisão transversal";"Sem Vítimas";"Pleno dia";"Crescente";"Nublado";"Dupla";"Reta";"Sim";2;0;0;0;2;0;0;2;-5,36137537;-49,12376139;"SPRF-PA";"DEL03-PA";"UOP01-DEL03-PA"
416477;2022-02-22;"terça-feira";"12:15:00";"PI";407;483;"JAICOS";"Velocidade Incompatível";"Saída de leito carroçável";"Com Vítimas Feridas";"Pleno dia";"Crescente";"Garoa/Chuvisco";"Simples";"Declive";"Não";5;0;1;0;4;0;1;1;-7,45670311;-41,23081187;"SPRF-PI";"DEL04-PI";"UOP01-DEL04-PI"
416478;2022-02-22;"terça-feira";"12:10:00";"SP";116;221,9;"GUARULHOS";"Demais falhas mecânicas ou elétricas";"Colisão traseira";"Com Vítimas Feridas";"Pleno dia";"Decrescente";"Céu Claro";"Múltipla";"Reta";"Sim";3;0;2;0;1;0;2;2;-23,46802395;-46,50704901;"SPRF-SP";"DEL01-SP";"UOP01-DEL01-SP"
416480;2022-02-22;"terça-feira";"13:00:00";"SC";101;158,1;"PORTO BELO";"Manobra de mudança de faixa";"Colisão traseira";"Com Vítimas Feridas";"Pleno dia";"Crescente";"Sol";"Dupla";"Retorno Regulamentado";"Não";2;0;0;1;1;0;1;2;-27,19096301;-48,61259017;"SPRF-SC";"DEL04-SC";"UOP03-DEL04-SC"
416481;2022-02-22;"terça-feira";"12:55:00";"MG";146;490,7;"POCOS DE CALDAS";"Avarias e/ou desgaste excessivo no pneu";"Saída de leito carroçável";"Com Vítimas Feridas";"Pleno dia";"Crescente";"Sol";"Simples";"Reta";"Sim";2;0;2;0;0;0;2;1;-21,80787552;-46,48194071;"SPRF-MG";"DEL09-MG";"UOP01-DEL09-MG"
416482;2022-02-22;"terça-feira";"12:00:00";"RS";116;106,8;"SAO MARCOS";"Manobra de mudança de faixa";"Colisão transversal";"Com Vítimas Feridas";"Pleno dia";"Crescente";"Céu Claro";"Simples";"Reta";"Não";2;0;0;1;1;0;1;2;-28,91381788;-51,11045837;"SPRF-RS";"DEL05-RS";"UOP01-DEL05-RS"
416484;2022-02-22;"terça-feira";"06:00:00";"RJ";101;311;"SAO GONCALO";"Trafegar com motocicleta (ou similar) entre as faixas";"Colisão lateral mesmo sentido";"Com Vítimas Feridas";"Pleno dia";"Crescente";"Céu Claro";"Dupla";"Reta";"Sim";2;0;1;0;1;0;1;2;-22,80062246;-43,05318779;"SPRF-RJ";"DEL02-RJ";"UOP02-DEL02-RJ"
416485;2022-02-22;"terça-feira";"12:20:00";"MG";262;138;"RIO CASCA";"Acessar a via sem observar a presença dos outros veículos";"Colisão frontal";"Com Vítimas Feridas";"Pleno dia";"Decrescente";"Céu Claro";"Simples";"Interseção de Vias";"Não";4;0;3;0;1;0;3;2;-20,09004736;-42,70739228;"SPRF-MG";"DEL03-MG";"UOP03-DEL03-MG"