"id";"data_inversa";"dia_semana";"horario";"uf";"br";"km";"municipio";"causa_acidente";"tipo_acidente";"classificacao_acidente";"fase_dia";"sentido_via";"condicao_metereologica";"tipo_pista";"tracado_via";"uso_solo";"pessoas";"mortos";"feridos_leves";"feridos_graves";"ilesos";"ignorados";"feridos";"veiculos";"latitude";"longitude";"regional";"delegacia";"uop"
416488;2022-02-22;"terça-feira";"14:20:00";"PE";101;76;"RECIFE";"Velocidade Incompatível";"Colisão traseira";"Com Vítimas Feridas";"Pleno dia";"Decrescente";"Céu Claro";"Dupla";"Reta";"Sim";2;0;1;0;1;0;1;2;-8,11813811;-34,94329214;"SPRF-PE";"DEL01-PE";"UOP01-DEL01-PE"
416489;2022-02-22;"terça-feira";"14:45:00";"RS";392;713,4;"PORTO XAVIER";"Transitar na contramão";"Colisão frontal";"Com Vítimas Feridas";"Pleno dia";"Crescente";"Sol";"Simples";"Reta";"Não";2;0;1;1;0;0;2;2;-27,962743;-55,128402;"SPRF-RS";"DEL10-RS";"UOP01-DEL10-RS"
416491;2022-01-22;"sábado";"09:30:00";"BA";349;800;"CORRENTINA";"Problema com o freio";"Saída de leito carroçável";"Com Vítimas Feridas";"Pleno dia";"Decrescente";"Céu Claro";"Simples";"Reta";"Não";5;0;3;2;0;0;5;1;-13,43704824;-44,77734145;"SPRF-BA";"DEL08-BA";"UOP01-DEL08-BA"
416493;2022-01-05;"quarta-feira";"08:15:00";"BA";116;421;"FEIRA DE SANTANA";"Animais na Pista";"Atropelamento de Animal";"Com Vítimas Feridas";"Pleno dia";"Crescente";"Ignorado";"Dupla";"Reta";"Sim";2;0;1;1;0;0;2;1;-12,22728634;-38,96541595;"SPRF-BA";"DEL02-BA";"UOP01-DEL02-BA"
416494;2022-02-22;"terça-feira";"15:00:00";"MG";40;557,7;"NOVA LIMA";"Avarias e/ou desgaste excessivo no pneu";"Colisão lateral mesmo sentido";"Com Vítimas Feridas";"Pleno dia";"Crescente";"Chuva";"Dupla";"Curva";"Sim";2;0;1;0;1;0;1;2;-20,10255103;-43,9749284;"SPRF-MG";"DEL01-MG";"UOP02-DEL01-MG"
416495;2022-02-22;"terça-feira";"15:00:00";"SC";101;205,8;"SAO JOSE";"Ausência de reação do condutor";"Colisão lateral mesmo sentido";"Com Vítimas Fatais";"Pleno dia";"Crescente";"Nublado";"Múltipla";"Reta";"Sim";3;1;1;0;1;0;1;3;-27,59050541;-48,61776352;"SPRF-SC";"DEL01-SC";"UOP01-DEL01-SC"
416497;2022-02-22;"terça-feira";"12:25:00";"RO";364;342,9;"JI-PARANA";"Velocidade Incompatível";"Tombamento";"Com Vítimas Feridas";"Pleno dia";"Crescente";"Céu Claro";"Dupla";"Aclive";"Sim";2;0;0;1;1;0;1;1;-10,87983653;-61,94332123;"SPRF-RO";"DEL02-RO";"UOP01-DEL02-RO"
416500;2022-02-22;"terça-feira";"15:10:00";"MG";40;556,4;"NOVA LIMA";"Chuva";"Colisão com objeto";"Sem Vítimas";"Pleno dia";"Crescente";"Chuva";"Dupla";"Reta";"Não";1;0;0;0;1;0;0;1;-20,09356202;-43,97554136;"SPRF-MG";"DEL01-MG";"UOP02-DEL01-MG"
416501;2022-02-22;"terça-feira";"15:45:00";"MG";40;717,9;"BARBACENA";"Reação tardia ou ineficiente do condutor";"Saída de leito carroçável";"Com Vítimas Feridas";"Pleno dia";"Crescente";"Nublado";"Dupla";"Curva";"Não";2;0;2;0;0;0;2;1;-21,26034802;-43,66189055;"SPRF-MG";"DEL05-MG";"UOP01-DEL05-MG"
416503;2022-02-12;"sábado";"09:30:00";"TO";153;222;"NOVA OLINDA";"Condutor Dormindo";"Saída de leito carroçável";"Com Vítimas Feridas";"Pleno dia";"Crescente";"Garoa/Chuvisco";"Simples";"Reta";"Não";1;0;0;1;0;0;1;1;-7,83624803;-48,45598386;"SPRF-TO";"DEL02-TO";"UOP01-DEL02-TO"
416507;2022-01-30;"domingo";"04:30:00";"AC";364;271;"SENA MADUREIRA";"Reação tardia ou ineficiente do condutor";"Atropelamento de Pedestre";"Com Vítimas Feridas";"Plena Noite";"Decrescente";"Céu Claro";"Simples";"Reta";"Sim";2;0;0;1;1;0;1;2;-9,08315803;-68,65043101;"SPRF-AC";"DEL01-AC";"UOP01-DEL01-AC"
416508;2022-02-22;"terça-feira";"16:00:00";"SC";101;201,7;"SAO JOSE";"Chuva";"Queda de ocupante de veículo";"Com Vítimas Feridas";"Pleno dia";"Decrescente";"Garoa/Chuvisco";"Múltipla";"Reta";"Sim";1;0;0;1;0;0;1;1;-27,54836599;-48,61977975;"SPRF-SC";"DEL01-SC";"UOP01-DEL01-SC"
416511;2022-02-22;"terça-feira";"16:20:00";"ES";262;56;"MARECHAL FLORIANO";"Acessar a via sem observar a presença dos outros veículos";"Colisão transversal";"Com Vítimas Feridas";"Pleno dia";"Crescente";"Sol";"Simples";"Reta";"Sim";2;0;1;1;0;0;2;2;-20,41319775;-40,7592237;"SPRF-ES";"DEL01-ES";"UOP01-DEL01-ES"
416512;2022-02-22;"terça-feira";"16:00:00";"PR";277;596,7;"CASCAVEL";"Desrespeitar a preferência no cruzamento";"Colisão transversal";"Com Vítimas Feridas";"Pleno dia";"Crescente";"Nublado";"Simples";"Interseção de Vias;Reta";"Não";3;0;1;0;2;0;1;2;-24,99300648;-53,51226926;"SPRF-PR";"DEL04-PR";"UOP01-DEL04-PR"
416513;2022-02-22;"terça-feira";"16:10:00";"PI";343;10,3;"PARNAIBA";"Desrespeitar a preferência no cruzamento";"Colisão transversal";"Com Vítimas Feridas";"Pleno dia";"Crescente";"Céu Claro";"Simples";"Reta";"Sim";2;0;0;1;1;0;1;2;-2,902034;-41,741646;"SPRF-PI";"DEL05-PI";"UOP01-DEL05-PI"
416514;2022-02-22;"terça-feira";"14:45:00";"BA";110;355,8;"CATU";"Ausência de reação do condutor";"Colisão frontal";"Com Vítimas Feridas";"Pleno dia";"Decrescente";"Céu Claro";"Simples";"Curva";"Não";4;0;3;1;0;0;4;2;-12,27207451;-38,37168607;"SPRF-BA";"DEL01-BA";"UOP04-DEL01-BA"
416515;2022-01-14;"sexta-feira";"17:20:00";"RN";406;139,7;"TAIPU";"Manobra de mudança de faixa";"Colisão frontal";"Com Vítimas Fatais";"Plena Noite";"Crescente";"Chuva";"Simples";"Reta";"Não";4;2;1;1;0;0;2;2;-5,65252044;-35,53061895;"SPRF-RN";"DEL02-RN";"UOP01-DEL02-RN"
416516;2022-02-22;"terça-feira";"16:10:00";"MS";163;512;"JARAGUARI";"Reação tardia ou ineficiente do condutor";"Saída de leito carroçável";"Com Vítimas Feridas";"Pleno dia";"Crescente";"Nublado";"Dupla";"Reta";"Não";2;0;2;0;0;0;2;1;-20,22783328;-54,47717844;"SPRF-MS";"DEL01-MS";"UOP02-DEL01-MS"
416517;2022-02-22;"terça-feira";"17:05:00";"RS";470;217;"BENTO GONCALVES";"Desrespeitar a preferência no cruzamento";"Colisão transversal";"Sem Vítimas";"Pleno dia";"Crescente";"Garoa/Chuvisco";"Simples";"Curva;Retorno Regulamentado";"Sim";2;0;0;0;2;0;0;2;-29,17869973;-51,51840275;"SPRF-RS";"DEL06-RS";"UOP01-DEL06-RS"
416518;2022-02-22;"terça-feira";"17:00:00";"RS";392;641,7;"GUARANI DAS MISSOES";"Condutor Dormindo";"Colisão frontal";"Com Vítimas Feridas";"Pleno dia";"Decrescente";"Sol";"Simples";"Reta";"Não";5;0;3;2;0;0;5;2;-28,15322762;-54,54606411;"SPRF-RS";"DEL10-RS";"UOP01-DEL10-RS"
416520;2022-02-22;"terça-feira";"16:30:00";"MG";40;827,4;"SIMAO PEREIRA";"Velocidade Incompatível";"Capotamento";"Com Vítimas Feridas";"Pleno dia";"Crescente";"Chuva";"Dupla";"Reta";"Não";1;0;1;0;0;0;1;1;-21,98932602;-43,2844189;"SPRF-MG";"DEL05-MG";"UOP01-DEL05-MG"
416523;2022-02-22;"terça-feira";"16:30:00";"AM";230;612;"HUMAITA";"Manobra de mudança de faixa";"Colisão com objeto";"Com Vítimas Feridas";"Pleno dia";"Crescente";"Garoa/Chuvisco";"Dupla";"Reta";"Sim";2;0;1;0;1;0;1;2;-7,511433;-63,030458;"SPRF-AM";"DEL01-AM";"UOP05-DEL01-AM"
416524;2022-02-22;"terça-feira";"17:30:00";"SC";101;27,1;"JOINVILLE";"Desrespeitar a preferência no cruzamento";"Colisão transversal";"Com Vítimas Feridas";"Anoitecer";"Crescente";"Nublado";"Dupla";"Rotatória";"Sim";3;0;1;0;2;0;1;2;-26,20319407;-48,91379356;"SPRF-SC";"DEL03-SC";"UOP01-DEL03-SC"
416525;2022-02-22;"terça-feira";"16:50:00";"RS";386;295;"POUSO NOVO";"Condutor Dormindo";"Saída de leito carroçável";"Com Vítimas Feridas";"Pleno dia";"Crescente";"Céu Claro";"Simples";"Curva";"Não";1;0;1;0;0;0;1;1;-29,128876;-52,251305;"SPRF-RS";"DEL04-RS";"UOP01-DEL04-RS"
416527;2022-02-19;"sábado";"16:00:00";"PR";153;332,2;"IRATI";"Desrespeitar a preferência no cruzamento";"Colisão lateral sentido oposto";"Com Vítimas Feridas";"Pleno dia";"Decrescente";"Céu Claro";"Simples";"Interseção de Vias;Reta";"Não";4;0;1;0;0;3;1;3;-25,46680657;-50,63030909;"SPRF-PR";"DEL03-PR";"UOP03-DEL03-PR"
416528;2022-02-22;"terça-feira";"18:30:00";"RN";101;66;"EXTREMOZ";"Mal súbito do condutor";"Queda de ocupante de veículo";"Com Vítimas Feridas";"Plena Noite";"Crescente";"Céu Claro";"Simples";"Aclive";"Não";1;0;1;0;0;0;1;1;-5,65033356;-35,25016233;"SPRF-RN";"DEL02-RN";"UOP01-DEL02-RN"
416530;2022-02-22;"terça-feira";"18:15:00";"SC";101;200;"SAO JOSE";"Manobra de mudança de faixa";"Colisão lateral mesmo sentido";"Com Vítimas Feridas";"Anoitecer";"Decrescente";"Chuva";"Dupla";"Reta";"Sim";2;0;1;0;1;0;1;2;-27,54018513;-48,62287714;"SPRF-SC";"DEL01-SC";"UOP01-DEL01-SC"
416531;2022-02-22;"terça-feira";"17:20:00";"PB";427;37,8;"POMBAL";"Acessar a via sem observar a presença dos outros veículos";"Colisão lateral mesmo sentido";"Com Vítimas Feridas";"Anoitecer";"Crescente";"Céu Claro";"Simples";"Interseção de Vias";"Sim";4;0;3;0;1;0;3;2;-6,77023239;-37,79645562;"SPRF-PB";"DEL03-PB";"UOP02-DEL03-PB"
416532;2022-02-22;"terça-feira";"18:15:00";"PE";101;65,4;"RECIFE";"Manobra de mudança de faixa";"Colisão lateral mesmo sentido";"Com Vítimas Feridas";"Plena Noite";"Crescente";"Céu Claro";"Dupla";"Reta";"Sim";2;0;1;0;0;1;1;2;-8,02478597;-34,94276635;"SPRF-PE";"DEL01-PE";"UOP01-DEL01-PE"
416535;2022-02-22;"terça-feira";"16:15:00";"SC";470;89,6;"ASCURRA";"Acessar a via sem observar a presença dos outros veículos";"Colisão transversal";"Com Vítimas Feridas";"Plena Noite";"Decrescente";"Garoa/Chuvisco";"Simples";"Reta";"Não";3;0;1;0;2;0;1;2;-26,961573;-49,371918;"SPRF-SC";"DEL04-SC";"UOP01-DEL04-SC"
416537;2022-02-22;"terça-feira";"19:25:00";"AP";210;0,2;"MACAPA";"Condutor deixou de manter distância do veículo da frente";"Colisão traseira";"Com Vítimas Feridas";"Pleno dia";"Crescente";"Céu Claro";"Múltipla";"Reta";"Sim";4;0;1;0;3;0;1;3;0,07780012;-51,06097;"SPRF-AP";"DEL01-AP";"UOP01-DEL01-AP"
416538;2022-02-22;"terça-feira";"18:50:00";"SC";470;1;"NAVEGANTES";"Pedestre cruzava a pista fora da faixa";"Atropelamento de Pedestre";"Com Vítimas Fatais";"Plena Noite";"Decrescente";"Chuva";"Dupla";"Reta";"Sim";3;1;0;1;0;1;1;2;-26,875383;-48,668285;"SPRF-SC";"DEL04-SC";"UOP04-DEL04-SC"
416540;2022-02-22;"terça-feira";"19:30:00";"AL";316;255,7;"PILAR";"Acessar a via sem observar a presença dos outros veículos";"Colisão transversal";"Com Vítimas Feridas";"Plena Noite";"Crescente";"Céu Claro";"Simples";"Reta";"Sim";4;0;0;1;1;2;1;3;-9,59051052;-35,94993902;"SPRF-AL";"DEL02-AL";"UOP01-DEL02-AL"
416543;2022-02-22;"terça-feira";"15:15:00";"SC";282;307,4;"VARGEM";"Velocidade Incompatível";"Saída de leito carroçável";"Com Vítimas Feridas";"Pleno dia";"Crescente";"Céu Claro";"Simples";"Curva";"Não";1;0;0;1;0;0;1;1;-27,495266;-50,962605;"SPRF-SC";"DEL07-SC";"UOP06-DEL07-SC"
416544;2022-02-22;"terça-feira";"19:30:00";"ES";101;144,6;"LINHARES";"Retorno proibido";"Colisão transversal";"Com Vítimas Feridas";"Plena Noite";"Crescente";"Nublado";"Simples";"Reta";"Sim";2;0;2;0;0;0;2;2;-19,35188295;-40,0636685;"SPRF-ES";"DEL04-ES";"UOP01-DEL04-ES"
416545;2022-02-22;"terça-feira";"20:45:00";"GO";80;18,1;"PADRE BERNARDO";"Ingestão de álcool pelo condutor";"Saída de leito carroçável";"Com Vítimas Feridas";"Anoitecer";"Crescente";"Céu Claro";"Dupla";"Curva";"Não";1;0;0;1;0;0;1;1;-15,391629;-48,20323;"SPRF-DF";"DEL03-DF";"UOP02-DEL03-DF"
416546;2022-02-22;"terça-feira";"21:50:00";"AP";210;0,1;"MACAPA";"Ausência de reação do condutor";"Colisão traseira";"Sem Vítimas";"Plena Noite";"Decrescente";"Céu Claro";"Dupla";"Reta";"Sim";2;0;0;0;2;0;0;2;0,07780012;-51,06097;"SPRF-AP";"DEL01-AP";"UOP01-DEL01-AP"
416548;2022-02-22;"terça-feira";"20:20:00";"RO";364;708;"PORTO VELHO";"Acessar a via sem observar a presença dos outros veículos";"Colisão lateral mesmo sentido";"Com Vítimas Feridas";"Plena Noite";"Crescente";"Céu Claro";"Dupla";"Retorno Regulamentado";"Sim";2;0;1;0;1;0;1;2;-8,79554083;-63,84072487;"SPRF-RO";"DEL01-RO";"UOP01-DEL01-RO"
416549;2022-02-22;"terça-feira";"21:20:00";"RS";116;261;"CANOAS";"Ingestão de álcool pelo condutor";"Colisão traseira";"Com Vítimas Feridas";"Plena Noite";"Decrescente";"Céu Claro";"Múltipla";"Reta";"Sim";2;0;1;0;1;0;1;2;-29,887983;-51,17901;"SPRF-RS";"DEL01-RS";"UOP01-DEL01-RS"
416551;2022-02-22;"terça-feira";"16:30:00";"PI";343;515,8;"AMARANTE";"Reação tardia ou ineficiente do condutor";"Saída de leito carroçável";"Com Vítimas Feridas";"Pleno dia";"Decrescente";"Chuva";"Simples";"Curva";"Não";1;0;1;0;0;0;1;1;-6,31934;-42,803345;"SPRF-PI";"DEL03-PI";"UOP01-DEL03-PI"
416552;2022-02-22;"terça-feira";"20:30:00";"GO";70;475;"ARAGARCAS";"Pedestre andava na pista";"Colisão lateral mesmo sentido";"Com Vítimas Feridas";"Plena Noite";"Decrescente";"Céu Claro";"Dupla";"Reta";"Sim";2;0;1;0;0;1;1;2;-15,89578277;-52,25288814;"SPRF-GO";"DEL04-GO";"UOP01-DEL04-GO"
416553;2022-01-17;"segunda-feira";"16:00:00";"BA";324;5,2;"FEIRA DE SANTANA";"Ingestão de álcool pelo condutor";"Colisão traseira";"Com Vítimas Feridas";"Pleno dia";"Crescente";"Céu Claro";"Dupla";"Reta";"Sim";2;0;0;1;1;0;1;2;-12,28075674;-38,9781189;"SPRF-BA";"DEL02-BA";"UOP01-DEL02-BA"
416555;2022-02-22;"terça-feira";"21:40:00";"RN";406;145,5;"CEARA-MIRIM";"Demais falhas mecânicas ou elétricas";"Incêndio";"Sem Vítimas";"Plena Noite";"Decrescente";"Céu Claro";"Simples";"Reta";"Não";1;0;0;0;1;0;0;1;-5,64601005;-35,47699599;"SPRF-RN";"DEL02-RN";"UOP01-DEL02-RN"
416556;2022-02-22;"terça-feira";"19:00:00";"RJ";101;300;"SAO GONCALO";"Acumulo de areia ou detritos sobre o pavimento";"Tombamento";"Com Vítimas Feridas";"Plena Noite";"Decrescente";"Céu Claro";"Dupla";"Reta";"Não";2;0;2;0;0;0;2;1;-22,77645713;-42,94783697;"SPRF-RJ";"DEL02-RJ";"UOP02-DEL02-RJ"
416557;2022-02-22;"terça-feira";"21:50:00";"SC";163;76,5;"SAO MIGUEL DO OESTE";"Ausência de sinalização";"Colisão com objeto";"Com Vítimas Feridas";"Plena Noite";"Decrescente";"Céu Claro";"Simples";"Aclive";"Não";1;0;1;0;0;0;1;1;-26,68478399;-53,51451486;"SPRF-SC";"DEL07-SC";"UOP03-DEL07-SC"
416558;2022-02-22;"terça-feira";"23:00:00";"BA";20;43;"CORRENTINA";"Condutor Dormindo";"Saída de leito carroçável";"Com Vítimas Fatais";"Plena Noite";"Crescente";"Céu Claro";"Simples";"Reta";"Não";1;1;0;0;0;0;0;1;-13,568703;-46,114009;"SPRF-BA";"DEL10-BA";"UOP01-DEL10-BA"
416560;2022-02-22;"terça-feira";"19:30:00";"PR";376;14;"MARINGA";"Avarias e/ou desgaste excessivo no pneu";"Tombamento";"Com Vítimas Feridas";"Plena Noite";"Crescente";"Chuva";"Dupla";"Reta";"Não";2;0;2;0;0;0;2;1;-23,4273;-51,9375;"SPRF-PR";"DEL09-PR";"UOP01-DEL09-PR"
416561;2022-02-22;"terça-feira";"18:41:00";"MA";135;129;"MIRANDA DO NORTE";"Manobra de mudança de faixa";"Colisão frontal";"Com Vítimas Fatais";"Plena Noite";"Decrescente";"Chuva";"Simples";"Reta";"Não";3;1;0;2;0;0;2;2;-3,5845001;-44,57512818;"SPRF-MA";"DEL01-MA";"UOP02-DEL01-MA"
416563;2022-02-22;"terça-feira";"23:52:00";"RS";287;248;"SANTA MARIA";"Ingestão de álcool pelo condutor";"Tombamento";"Com Vítimas Feridas";"Plena Noite";"Decrescente";"Céu Claro";"Simples";"Reta;Em Obras;Desvio Temporário";"Sim";1;0;1;0;0;0;1;1;-29,69598419;-53,85230899;"SPRF-RS";"DEL09-RS";"UOP01-DEL09-RS"
416564;2022-02-22;"terça-feira";"23:30:00";"MG";365;666,5;"MONTE ALEGRE DE MINAS";"Condutor Dormindo";"Saída de leito carroçável";"Com Vítimas Feridas";"Plena Noite";"Crescente";"Nublado";"Dupla";"Reta";"Não";1;0;1;0;0;0;1;1;-18,89043341;-48,69822607;"SPRF-MG";"DEL15-MG";"UOP01-DEL15-MG"
416565;2022-02-22;"terça-feira";"23:25:00";"PE";101;75,9;"RECIFE";"Ingestão de álcool pelo condutor";"Colisão com objeto";"Sem Vítimas";"Plena Noite";"Crescente";"Céu Claro";"Dupla";"Reta";"Sim";1;0;0;0;1;0;0;1;-8,119279;-34,943134;"SPRF-PE";"DEL01-PE";"UOP01-DEL01-PE"
416568;2022-02-22;"terça-feira";"22:55:00";"PE";428;181;"PETROLINA";"Reação tardia ou ineficiente do condutor";"Colisão traseira";"Sem Vítimas";"Plena Noite";"Decrescente";"Céu Claro";"Simples";"Reta";"Não";4;0;0;0;4;0;0;2;-9,32233574;-40,46118736;"SPRF-PE";"DEL06-PE";"UOP01-DEL06-PE"
416570;2022-02-22;"terça-feira";"22:20:00";"RO";364;341,9;"JI-PARANA";"Condutor deixou de manter distância do veículo da frente";"Colisão traseira";"Com Vítimas Feridas";"Plena Noite";"Decrescente";"Garoa/Chuvisco";"Dupla";"Reta";"Sim";2;0;1;0;1;0;1;2;-10,88987987;-61,93126772;"SPRF-RO";"DEL02-RO";"UOP01-DEL02-RO"
416571;2022-02-22;"terça-feira";"22:00:00";"MG";40;424;"CURVELO";"Iluminação deficiente";"Atropelamento de Pedestre";"Com Vítimas Feridas";"Plena Noite";"Crescente";"Nublado";"Dupla";"Reta";"Não";2;0;1;0;0;1;1;2;-19,15639012;-44,52967927;"SPRF-MG";"DEL02-MG";"UOP01-DEL02-MG"
416573;2022-02-22;"terça-feira";"18:10:00";"MG";116;278,3;"TEOFILO OTONI";"Demais falhas mecânicas ou elétricas";"Incêndio";"Sem Vítimas";"Amanhecer";"Crescente";"Céu Claro";"Simples";"Reta";"Não";1;0;0;0;1;0;0;1;-17,86846089;-41,5171394;"SPRF-MG";"DEL11-MG";"UOP01-DEL11-MG"
416575;2022-02-23;"quarta-feira";"04:30:00";"SC";101;49;"JOINVILLE";"Acumulo de areia ou detritos sobre o pavimento";"Queda de ocupante de veículo";"Com Vítimas Feridas";"Plena Noite";"Crescente";"Nublado";"Dupla";"Reta";"Sim";1;0;1;0;0;0;1;1;-26,36479799;-48,85878798;"SPRF-SC";"DEL03-SC";"UOP01-DEL03-SC"
416576;2022-02-23;"quarta-feira";"03:52:00";"AL";101;133;"SAO MIGUEL DOS CAMPOS";"Ingestão de álcool pelo condutor";"Colisão com objeto";"Com Vítimas Feridas";"Amanhecer";"Crescente";"Céu Claro";"Simples";"Reta";"Não";1;0;0;1;0;0;1;1;-9,77267463;-36,10116533;"SPRF-AL";"DEL02-AL";"UOP01-DEL02-AL"
416579;2022-02-23;"quarta-feira";"00:40:00";"PR";153;212,9;"TIBAGI";"Velocidade Incompatível";"Saída de leito carroçável";"Com Vítimas Feridas";"Plena Noite";"Crescente";"Céu Claro";"Simples";"Curva";"Não";2;0;1;0;1;0;1;1;-24,55770984;-50,45523157;"SPRF-PR";"DEL03-PR";"UOP02-DEL03-PR"
416580;2022-02-23;"quarta-feira";"06:00:00";"PR";116;127;"FAZENDA RIO GRANDE";"Transitar no acostamento";"Colisão traseira";"Com Vítimas Feridas";"Pleno dia";"Decrescente";"Nublado";"Dupla";"Reta";"Sim";3;0;3;0;0;0;3;2;-25,60389895;-49,31824423;"SPRF-PR";"DEL01-PR";"UOP03-DEL01-PR"
416581;2022-02-23;"quarta-feira";"07:00:00";"MT";70;3;"BARRA DO GARCAS";"Reação tardia ou ineficiente do condutor";"Colisão traseira";"Com Vítimas Feridas";"Amanhecer";"Decrescente";"Sol";"Dupla";"Reta";"Sim";3;0;2;0;1;0;2;2;-15,88252843;-52,27574027;"SPRF-MT";"DEL07-MT";"UOP01-DEL07-MT"
416582;2022-02-23;"quarta-feira";"07:00:00";"RJ";116;180;"NOVA IGUACU";"Trafegar com motocicleta (ou similar) entre as faixas";"Colisão lateral mesmo sentido";"Com Vítimas Feridas";"Pleno dia";"Decrescente";"Céu Claro";"Dupla";"Reta";"Sim";2;0;1;0;1;0;1;2;-22,7651616;-43,4154728;"SPRF-RJ";"DEL01-RJ";"UOP02-DEL01-RJ"
416584;2022-02-23;"quarta-feira";"07:15:00";"MG";40;790;"JUIZ DE FORA";"Velocidade Incompatível";"Saída de leito carroçável";"Com Vítimas Feridas";"Pleno dia";"Decrescente";"Céu Claro";"Dupla";"Reta";"Não";1;0;0;1;0;0;1;1;-21,77130707;-43,43618608;"SPRF-MG";"DEL05-MG";"UOP01-DEL05-MG"
416587;2022-02-23;"quarta-feira";"07:20:00";"RS";290;87;"PORTO ALEGRE";"Reação tardia ou ineficiente do condutor";"Colisão traseira";"Sem Vítimas";"Pleno dia";"Crescente";"Céu Claro";"Dupla";"Reta";"Não";3;0;0;0;2;1;0;3;-29,967838;-51,127197;"SPRF-RS";"DEL01-RS";"UOP01-DEL01-RS"
416588;2022-02-23;"quarta-feira";"07:20:00";"PR";277;106;"CAMPO LARGO";"Condutor deixou de manter distância do veículo da frente";"Colisão traseira";"Com Vítimas Feridas";"Pleno dia";"Decrescente";"Sol";"Dupla";"Reta";"Sim";3;0;1;0;2;0;1;3;-25,47984808;-49,3494472;"SPRF-PR";"DEL01-PR";"UOP03-DEL03-PR"
416589;2022-02-23;"quarta-feira";"06:45:00";"PB";101;83,5;"BAYEUX";"Condutor deixou de manter distância do veículo da frente";"Engavetamento";"Sem Vítimas";"Pleno dia";"Decrescente";"Chuva";"Dupla";"Viaduto";"Sim";5;0;0;0;4;1;0;5;-7,1366;-34,9264;"SPRF-PB";"DEL01-PB";"UOP01-DEL01-PB"
416590;2022-02-23;"quarta-feira";"05:45:00";"MS";158;10;"CASSILANDIA";"Mal súbito do condutor";"Capotamento";"Com Vítimas Feridas";"Amanhecer";"Crescente";"Céu Claro";"Simples";"Reta";"Não";1;0;1;0;0;0;1;1;-19,14742887;-51,67342795;"SPRF-MS";"DEL08-MS";"UOP01-DEL08-MS"
416591;2022-02-22;"terça-feira";"21:20:00";"AC";364;99;"SENADOR GUIOMARD";"Ausência de sinalização";"Saída de leito carroçável";"Com Vítimas Feridas";"Plena Noite";"Crescente";"Nublado";"Simples";"Rotatória";"Não";3;0;1;0;2;0;1;1;-10,06854519;-67,58357633;"SPRF-AC";"DEL01-AC";"UOP01-DEL01-AC"
416592;2022-02-23;"quarta-feira";"07:55:00";"RJ";101;307;"SAO GONCALO";"Reação tardia ou ineficiente do condutor";"Colisão traseira";"Com Vítimas Feridas";"Pleno dia";"Crescente";"Céu Claro";"Dupla";"Reta";"Sim";3;0;0;1;2;0;1;2;-22,79115777;-43,01514205;"SPRF-RJ";"DEL02-RJ";"UOP02-DEL02-RJ"
416593;2022-02-23;"quarta-feira";"08:00:00";"BA";324;568;"SAO SEBASTIAO DO PASSE";"Reação tardia ou ineficiente do condutor";"Colisão traseira";"Com Vítimas Feridas";"Pleno dia";"Decrescente";"Sol";"Dupla";"Reta";"Não";3;0;1;0;2;0;1;3;-12,53527699;-38,59595575;"SPRF-BA";"DEL01-BA";"UOP01-DEL01-BA"
416594;2022-02-23;"quarta-feira";"07:55:00";"RS";287;399,6;"SANTIAGO";"Demais Fenômenos da natureza";"Atropelamento de Pedestre";"Com Vítimas Feridas";"Pleno dia";"Crescente";"Céu Claro";"Simples";"Reta";"Sim";2;0;0;1;1;0;1;2;-29,16794191;-54,86705298;"SPRF-RS";"DEL12-RS";"UOP02-DEL12-RS"
416597;2022-02-23;"quarta-feira";"07:25:00";"PR";476;118;"COLOMBO";"Condutor desrespeitou a iluminação vermelha do semáforo";"Colisão transversal";"Com Vítimas Fatais";"Pleno dia";"Decrescente";"Céu Claro";"Dupla";"Interseção de Vias;Reta";"Sim";4;2;0;0;0;2;0;3;-25,35634;-49,180828;"SPRF-PR";"DEL01-PR";"UOP02-DEL01-PR"
416598;2022-02-23;"quarta-feira";"07:50:00";"PR";277;722,1;"FOZ DO IGUACU";"Estacionar ou parar em local proibido";"Colisão lateral mesmo sentido";"Com Vítimas Feridas";"Pleno dia";"Crescente";"Céu Claro";"Dupla";"Reta";"Sim";2;0;1;0;1;0;1;2;-25,49494908;-54,52095097;"SPRF-PR";"DEL05-PR";"UOP03-DEL05-PR"
416599;2022-02-23;"quarta-feira";"08:40:00";"SP";116;147,1;"SAO JOSE DOS CAMPOS";"Condutor deixou de manter distância do veículo da frente";"Colisão traseira";"Com Vítimas Feridas";"Pleno dia";"Crescente";"Sol";"Dupla";"Reta";"Sim";2;0;1;0;1;0;1;2;-23,19542994;-45,87176303;"SPRF-SP";"DEL02-SP";"UOP01-DEL02-SP"
416600;2022-02-23;"quarta-feira";"08:00:00";"PB";230;22;"JOAO PESSOA";"Manobra de mudança de faixa";"Colisão lateral mesmo sentido";"Com Vítimas Feridas";"Pleno dia";"Decrescente";"Sol";"Dupla";"Reta";"Não";2;0;1;0;1;0;1;2;-7,155347;-34,856576;"SPRF-PB";"DEL01-PB";"UOP01-DEL01-PB"
416601;2022-02-23;"quarta-feira";"08:10:00";"PR";476;133;"CURITIBA";"Manobra de mudança de faixa";"Colisão lateral mesmo sentido";"Com Vítimas Feridas";"Pleno dia";"Decrescente";"Céu Claro";"Múltipla";"Reta";"Sim";3;0;1;0;2;0;1;3;-25,469219;-49,254143;"SPRF-PR";"DEL01-PR";"UOP03-DEL01-PR"