"id";"data_inversa";"dia_semana";"horario";"uf";"br";"km";"municipio";"causa_acidente";"tipo_acidente";"classificacao_acidente";"fase_dia";"sentido_via";"condicao_metereologica";"tipo_pista";"tracado_via";"uso_solo";"pessoas";"mortos";"feridos_leves";"feridos_graves";"ilesos";"ignorados";"feridos";"veiculos";"latitude";"longitude";"regional";"delegacia";"uop"
416602;2022-02-23;"quarta-feira";"08:45:00";"ES";101;208;"IBIRACU";"Avarias e/ou desgaste excessivo no pneu";"Colisão com objeto";"Com Vítimas Feridas";"Pleno dia";"Crescente";"Sol";"Dupla";"Reta";"Não";1;0;0;1;0;0;1;1;-19,780796;-40,37160598;"SPRF-ES";"DEL02-ES";"UOP01-DEL02-ES"
416604;2022-02-23;"quarta-feira";"01:20:00";"BA";20;92;"SAO DESIDERIO";"Ingestão de álcool pelo condutor";"Colisão frontal";"Sem Vítimas";"Plena Noite";"Crescente";"Céu Claro";"Simples";"Reta";"Não";23;0;0;0;23;0;0;2;-13,141386;-46,025722;"SPRF-BA";"DEL10-BA";"UOP01-DEL10-BA"
416605;2022-02-23;"quarta-feira";"09:10:00";"SP";153;57;"SAO JOSE DO RIO PRETO";"Ausência de reação do condutor";"Colisão lateral mesmo sentido";"Com Vítimas Feridas";"Pleno dia";"Crescente";"Céu Claro";"Dupla";"Declive;Reta";"Sim";2;0;1;0;1;0;1;2;-20,76991095;-49,34982212;"SPRF-SP";"DEL09-SP";"UOP01-DEL09-SP"
416607;2022-02-23;"quarta-feira";"08:00:00";"PR";476;138;"CURITIBA";"Reação tardia ou ineficiente do condutor";"Colisão traseira";"Com Vítimas Feridas";"Pleno dia";"Decrescente";"Céu Claro";"Múltipla";"Reta";"Sim";2;0;1;0;1;0;1;2;-25,505564;-49,283417;"SPRF-PR";"DEL01-PR";"UOP03-DEL01-PR"
416608;2022-02-23;"quarta-feira";"08:15:00";"SP";116;225;"GUARULHOS";"Velocidade Incompatível";"Colisão lateral mesmo sentido";"Com Vítimas Feridas";"Pleno dia";"Decrescente";"Céu Claro";"Múltipla";"Declive";"Sim";4;0;1;0;2;1;1;3;-23,48586772;-46,54075317;"SPRF-SP";"DEL01-SP";"UOP01-DEL01-SP"
416612;2022-02-06;"domingo";"14:45:00";"MG";40;505,9;"RIBEIRAO DAS NEVES";"Avarias e/ou desgaste excessivo no pneu";"Colisão com objeto";"Com Vítimas Feridas";"Pleno dia";"Crescente";"Chuva";"Dupla";"Curva";"Não";3;0;1;0;2;0;1;1;-19,73838088;-44,14935661;"SPRF-MG";"DEL02-MG";"UOP01-DEL02-MG"
416613;2022-02-23;"quarta-feira";"08:25:00";"MG";146;415,9;"MUZAMBINHO";"Acessar a via sem observar a presença dos outros veículos";"Colisão traseira";"Sem Vítimas";"Pleno dia";"Crescente";"Nublado";"Simples";"Reta;Declive";"Não";2;0;0;0;2;0;0;2;-21,347211;-46,542581;"SPRF-MG";"DEL09-MG";"UOP01-DEL09-MG"
416614;2022-02-23;"quarta-feira";"09:00:00";"PE";101;100,7;"CABO DE SANTO AGOSTINHO";"Acessar a via sem observar a presença dos outros veículos";"Colisão transversal";"Com Vítimas Feridas";"Pleno dia";"Decrescente";"Nublado";"Simples";"Reta";"Sim";2;0;1;0;1;0;1;2;-8,26699309;-35,05234386;"SPRF-PE";"DEL01-PE";"UOP01-DEL01-PE"
416617;2022-02-23;"quarta-feira";"10:15:00";"RJ";101;305;"SAO GONCALO";"Ausência de sinalização";"Colisão lateral mesmo sentido";"Com Vítimas Feridas";"Pleno dia";"Decrescente";"Sol";"Dupla";"Reta";"Sim";2;0;1;0;1;0;1;2;-22,78702832;-42,99589293;"SPRF-RJ";"DEL02-RJ";"UOP02-DEL02-RJ"
416621;2022-02-23;"quarta-feira";"10:00:00";"PB";101;26,5;"MAMANGUAPE";"Acumulo de água sobre o pavimento";"Saída de leito carroçável";"Com Vítimas Feridas";"Pleno dia";"Crescente";"Chuva";"Dupla";"Reta";"Não";1;0;1;0;0;0;1;1;-6,71699905;-35,11894863;"SPRF-PB";"DEL01-PB";"UOP04-DEL01-PB"
416623;2022-02-23;"quarta-feira";"10:55:00";"SP";153;70,8;"SAO JOSE DO RIO PRETO";"Reação tardia ou ineficiente do condutor";"Queda de ocupante de veículo";"Com Vítimas Feridas";"Pleno dia";"Crescente";"Céu Claro";"Dupla";"Reta";"Sim";1;0;1;0;0;0;1;1;-20,85197874;-49,40070263;"SPRF-SP";"DEL09-SP";"UOP01-DEL09-SP"
416624;2022-02-23;"quarta-feira";"11:15:00";"PR";476;155;"ARAUCARIA";"Condutor deixou de manter distância do veículo da frente";"Colisão traseira";"Com Vítimas Feridas";"Pleno dia";"Crescente";"Nublado";"Dupla";"Reta";"Sim";2;0;1;0;1;0;1;2;-25,590897;-49,410622;"SPRF-PR";"DEL01-PR";"UOP03-DEL01-PR"
416626;2022-02-23;"quarta-feira";"11:20:00";"DF";60;10;"BRASILIA";"Transitar na contramão";"Colisão frontal";"Com Vítimas Feridas";"Pleno dia";"Decrescente";"Céu Claro";"Dupla";"Declive";"Não";4;0;2;0;2;0;2;2;-15,909476;-48,149597;"SPRF-DF";"DEL03-DF";"UOP01-DEL03-DF"
416630;2022-02-21;"segunda-feira";"11:02:00";"BA";324;545;"AMELIA RODRIGUES";"Conversão proibida";"Colisão transversal";"Com Vítimas Feridas";"Pleno dia";"Crescente";"Céu Claro";"Dupla";"Reta";"Sim";2;0;0;1;1;0;1;2;-12,40647;-38,753143;"SPRF-BA";"DEL01-BA";"UOP03-DEL01-BA"
416631;2022-02-23;"quarta-feira";"08:40:00";"RJ";116;303,4;"RESENDE";"Condutor deixou de manter distância do veículo da frente";"Colisão traseira";"Com Vítimas Feridas";"Pleno dia";"Crescente";"Céu Claro";"Dupla";"Reta";"Sim";2;0;1;0;1;0;1;2;-22,45434989;-44,37845201;"SPRF-RJ";"DEL07-RJ";"UOP02-DEL07-RJ"
416633;2022-02-23;"quarta-feira";"12:26:00";"SC";101;206,4;"SAO JOSE";"Pedestre andava na pista";"Atropelamento de Pedestre";"Com Vítimas Feridas";"Pleno dia";"Crescente";"Sol";"Dupla";"Reta";"Sim";2;0;1;0;1;0;1;2;-27,59193546;-48,61824557;"SPRF-SC";"DEL01-SC";"UOP01-DEL01-SC"
416634;2022-02-23;"quarta-feira";"11:45:00";"PB";101;81;"SANTA RITA";"Acumulo de água sobre o pavimento";"Saída de leito carroçável";"Com Vítimas Feridas";"Pleno dia";"Crescente";"Chuva";"Dupla";"Curva";"Não";1;0;1;0;0;0;1;1;-7,12508575;-34,94513217;"SPRF-PB";"DEL01-PB";"UOP01-DEL01-PB"
416635;2022-02-23;"quarta-feira";"13:00:00";"SC";470;48,1;"BLUMENAU";"Condutor deixou de manter distância do veículo da frente";"Colisão traseira";"Com Vítimas Feridas";"Pleno dia";"Crescente";"Céu Claro";"Simples";"Interseção de Vias;Em Obras";"Sim";2;0;1;0;1;0;1;2;-26,85953828;-49,05616522;"SPRF-SC";"DEL04-SC";"UOP01-DEL04-SC"
416636;2022-02-23;"quarta-feira";"10:40:00";"PR";277;729;"FOZ DO IGUACU";"Ingestão de álcool pelo condutor";"Colisão transversal";"Com Vítimas Feridas";"Pleno dia";"Decrescente";"Céu Claro";"Dupla";"Interseção de Vias";"Sim";2;0;0;1;1;0;1;2;-25,50749887;-54,58379896;"SPRF-PR";"DEL05-PR";"UOP03-DEL05-PR"
416637;2022-02-23;"quarta-feira";"12:40:00";"GO";40;8;"VALPARAISO DE GOIAS";"Reação tardia ou ineficiente do condutor";"Colisão lateral mesmo sentido";"Sem Vítimas";"Pleno dia";"Decrescente";"Sol";"Dupla";"Reta";"Sim";2;0;0;0;2;0;0;2;-16,116158;-47,96761;"SPRF-DF";"DEL01-DF";"UOP01-DEL01-DF"
416638;2022-02-09;"quarta-feira";"12:20:00";"RS";386;346;"LAJEADO";"Ausência de reação do condutor";"Tombamento";"Com Vítimas Feridas";"Pleno dia";"Crescente";"Céu Claro";"Dupla";"Interseção de Vias;Reta";"Sim";1;0;0;1;0;0;1;1;-29,446793;-51,974564;"SPRF-RS";"DEL04-RS";"UOP01-DEL04-RS"
416640;2022-02-23;"quarta-feira";"13:20:00";"CE";222;222;"SOBRAL";"Acessar a via sem observar a presença dos outros veículos";"Colisão transversal";"Com Vítimas Feridas";"Pleno dia";"Crescente";"Céu Claro";"Simples";"Reta";"Sim";2;0;1;0;1;0;1;2;-3,72134641;-40,32871618;"SPRF-CE";"DEL04-CE";"UOP01-DEL04-CE"
416643;2022-01-26;"quarta-feira";"20:05:00";"PR";476;136;"CURITIBA";"Acessar a via sem observar a presença dos outros veículos";"Atropelamento de Pedestre";"Com Vítimas Feridas";"Plena Noite";"Crescente";"Céu Claro";"Múltipla";"Reta";"Sim";2;0;1;1;0;0;2;2;-25,491047;-49,271679;"SPRF-PR";"DEL01-PR";"UOP03-DEL01-PR"
416647;2022-02-23;"quarta-feira";"04:00:00";"MT";174;112;"MIRASSOL DOESTE";"Condutor Dormindo";"Saída de leito carroçável";"Com Vítimas Fatais";"Amanhecer";"Crescente";"Nublado";"Simples";"Curva";"Não";1;1;0;0;0;0;0;1;-15,81322027;-57,97994971;"SPRF-MT";"DEL03-MT";"UOP01-DEL03-MT"
416648;2022-02-23;"quarta-feira";"13:30:00";"RN";101;111;"PARNAMIRIM";"Condutor deixou de manter distância do veículo da frente";"Colisão traseira";"Com Vítimas Feridas";"Pleno dia";"Crescente";"Céu Claro";"Dupla";"Reta";"Não";2;0;1;0;0;1;1;2;-5,955333;-35,264862;"SPRF-RN";"DEL01-RN";"UOP01-DEL01-RN"
416654;2022-02-23;"quarta-feira";"14:39:00";"GO";153;74,5;"PORANGATU";"Acessar a via sem observar a presença dos outros veículos";"Colisão transversal";"Sem Vítimas";"Pleno dia";"Crescente";"Nublado";"Simples";"Reta";"Sim";2;0;0;0;2;0;0;2;-13,48376;-49,136364;"SPRF-GO";"DEL07-GO";"UOP01-DEL07-GO"
416657;2022-02-13;"domingo";"18:30:00";"RJ";356;102;"CARDOSO MOREIRA";"Ingestão de álcool pelo condutor";"Capotamento";"Sem Vítimas";"Anoitecer";"Crescente";"Céu Claro";"Simples";"Curva";"Não";1;0;0;0;1;0;0;1;-21,53409662;-41,51937784;"SPRF-RJ";"DEL08-RJ";"UOP03-DEL08-RJ"
416658;2022-01-02;"domingo";"17:05:00";"SC";101;100,4;"BALNEARIO PICARRAS";"Reação tardia ou ineficiente do condutor";"Colisão transversal";"Com Vítimas Feridas";"Pleno dia";"Crescente";"Céu Claro";"Dupla";"Curva";"Sim";7;0;1;1;5;0;2;7;-26,760497;-48,68708;"SPRF-SC";"DEL03-SC";"UOP02-DEL03-SC"
416659;2022-02-23;"quarta-feira";"15:30:00";"AL";423;27,5;"CANAPI";"Problema na suspensão";"Saída de leito carroçável";"Sem Vítimas";"Pleno dia";"Decrescente";"Céu Claro";"Simples";"Reta";"Não";1;0;0;0;1;0;0;1;-9,19639165;-37,52342911;"SPRF-AL";"DEL03-AL";"UOP02-DEL03-AL"
416660;2022-02-23;"quarta-feira";"14:00:00";"RO";364;239;"CACOAL";"Acessar a via sem observar a presença dos outros veículos";"Colisão transversal";"Sem Vítimas";"Pleno dia";"Crescente";"Nublado";"Simples";"Interseção de Vias";"Sim";2;0;0;0;2;0;0;2;-11,43425083;-61,46267289;"SPRF-RO";"DEL02-RO";"UOP02-DEL02-RO"
416661;2022-02-23;"quarta-feira";"15:15:00";"ES";101;237;"FUNDAO";"Condutor Dormindo";"Saída de leito carroçável";"Com Vítimas Feridas";"Pleno dia";"Decrescente";"Céu Claro";"Dupla";"Curva";"Não";2;0;2;0;0;0;2;1;-19,993072;-40,4141669;"SPRF-ES";"DEL02-ES";"UOP01-DEL02-ES"
416662;2022-02-23;"quarta-feira";"11:00:00";"RJ";40;82;"PETROPOLIS";"Condutor deixou de manter distância do veículo da frente";"Colisão traseira";"Com Vítimas Feridas";"Pleno dia";"Crescente";"Céu Claro";"Simples";"Curva";"Não";3;0;2;0;1;0;2;2;-22,51183137;-43,23076171;"SPRF-RJ";"DEL06-RJ";"UOP01-DEL06-RJ"
416663;2022-02-23;"quarta-feira";"10:40:00";"RO";0;0;"GUAJARA-MIRIM";"Reação tardia ou ineficiente do condutor";"Colisão traseira";"Sem Vítimas";"Pleno dia";"Não Informado";"Céu Claro";"Simples";"Reta";"Não";4;0;0;0;4;0;0;2;-10,558484;-65,326225;"SPRF-RO";"DEL01-RO";"UOP03-DEL01-RO"
416664;2022-02-23;"quarta-feira";"14:15:00";"RO";319;63;"PORTO VELHO";"Acessar a via sem observar a presença dos outros veículos";"Colisão lateral mesmo sentido";"Com Vítimas Feridas";"Pleno dia";"Crescente";"Céu Claro";"Dupla";"Reta";"Sim";2;0;1;0;1;0;1;2;-8,766685;-63,884052;"SPRF-RO";"DEL01-RO";"UOP01-DEL01-RO"
416665;2022-02-23;"quarta-feira";"11:40:00";"SC";282;34;"AGUAS MORNAS";"Avarias e/ou desgaste excessivo no pneu";"Tombamento";"Com Vítimas Feridas";"Pleno dia";"Decrescente";"Céu Claro";"Simples";"Reta";"Sim";2;0;1;1;0;0;2;1;-27,704247;-48,817547;"SPRF-SC";"DEL01-SC";"UOP03-DEL01-SC"
416666;2022-02-23;"quarta-feira";"09:00:00";"AL";104;27,9;"UNIAO DOS PALMARES";"Demais falhas mecânicas ou elétricas";"Tombamento";"Com Vítimas Feridas";"Pleno dia";"Crescente";"Céu Claro";"Simples";"Reta";"Não";2;0;1;1;0;0;2;1;-9,1067628;-36,05271491;"SPRF-AL";"DEL01-AL";"UOP02-DEL01-AL"
416667;2022-02-23;"quarta-feira";"16:00:00";"PB";230;138,3;"MASSARANDUBA";"Ausência de reação do condutor";"Colisão traseira";"Com Vítimas Feridas";"Pleno dia";"Crescente";"Nublado";"Simples";"Declive";"Não";3;0;2;0;1;0;2;2;-7,2755;-35,7831;"SPRF-PB";"DEL02-PB";"UOP01-DEL02-PB"
416669;2022-02-23;"quarta-feira";"14:30:00";"MG";50;178;"UBERABA";"Reação tardia ou ineficiente do condutor";"Colisão traseira";"Sem Vítimas";"Pleno dia";"Decrescente";"Chuva";"Dupla";"Reta";"Não";2;0;0;0;2;0;0;2;-19,77896821;-47,94093599;"SPRF-MG";"DEL13-MG";"UOP01-DEL13-MG"
416670;2022-02-23;"quarta-feira";"14:00:00";"SP";116;400;"MIRACATU";"Manobra de mudança de faixa";"Colisão lateral mesmo sentido";"Com Vítimas Feridas";"Pleno dia";"Crescente";"Céu Claro";"Dupla";"Reta";"Não";3;0;1;0;2;0;1;2;-24,30807105;-47,50100998;"SPRF-SP";"DEL04-SP";"UOP02-DEL04-SP"
416673;2022-02-15;"terça-feira";"19:00:00";"MG";381;480,1;"CONTAGEM";"Condutor deixou de manter distância do veículo da frente";"Colisão traseira";"Com Vítimas Feridas";"Plena Noite";"Decrescente";"Céu Claro";"Múltipla";"Aclive;Reta";"Sim";2;0;1;0;1;0;1;2;-19,95749597;-44,07899901;"SPRF-MG";"DEL01-MG";"UOP03-DEL01-MG"
416674;2022-02-23;"quarta-feira";"16:00:00";"SP";381;88,5;"GUARULHOS";"Frear bruscamente";"Colisão traseira";"Com Vítimas Feridas";"Pleno dia";"Decrescente";"Céu Claro";"Dupla";"Reta";"Sim";3;0;1;0;2;0;1;2;-23,47469314;-46,56112919;"SPRF-SP";"DEL03-SP";"UOP01-DEL03-SP"
416678;2022-02-23;"quarta-feira";"17:00:00";"MG";40;508;"RIBEIRAO DAS NEVES";"Acessar a via sem observar a presença dos outros veículos";"Colisão lateral mesmo sentido";"Com Vítimas Feridas";"Pleno dia";"Crescente";"Céu Claro";"Dupla";"Reta";"Sim";2;0;1;0;1;0;1;2;-19,76061249;-44,1347544;"SPRF-MG";"DEL02-MG";"UOP01-DEL02-MG"
416679;2022-02-23;"quarta-feira";"14:10:00";"SP";381;77;"SAO PAULO";"Demais falhas mecânicas ou elétricas";"Incêndio";"Sem Vítimas";"Pleno dia";"Decrescente";"Céu Claro";"Simples";"Aclive;Reta";"Sim";2;0;0;0;2;0;0;1;-23,388839;-46,5693478;"SPRF-SP";"DEL03-SP";"UOP01-DEL03-SP"
416682;2022-02-23;"quarta-feira";"16:40:00";"RJ";101;137;"CARAPEBUS";"Ausência de reação do condutor";"Saída de leito carroçável";"Com Vítimas Feridas";"Pleno dia";"Decrescente";"Nublado";"Dupla";"Curva";"Não";2;0;2;0;0;0;2;1;-22,15452252;-41,73977437;"SPRF-RJ";"DEL08-RJ";"UOP04-DEL08-RJ"
416683;2022-02-23;"quarta-feira";"17:30:00";"SP";116;3;"GUARULHOS";"Reação tardia ou ineficiente do condutor";"Atropelamento de Pedestre";"Com Vítimas Feridas";"Anoitecer";"Decrescente";"Nublado";"Dupla";"Reta";"Sim";2;0;0;1;1;0;1;2;-23,4233124;-46,48767114;"SPRF-SP";"DEL01-SP";"UOP01-DEL01-SP"
416685;2022-02-20;"domingo";"02:37:00";"BA";0;0;"SIMOES FILHO";"Velocidade Incompatível";"Colisão lateral mesmo sentido";"Sem Vítimas";"Plena Noite";"Não Informado";"Céu Claro";"Simples";"Interseção de Vias";"Sim";2;0;0;0;2;0;0;2;-12,81201055;-38,39011431;"SPRF-BA";"DEL01-BA";"N/A"
416687;2022-02-23;"quarta-feira";"17:00:00";"RS";116;239;"NOVO HAMBURGO";"Reação tardia ou ineficiente do condutor";"Colisão traseira";"Com Vítimas Feridas";"Pleno dia";"Crescente";"Céu Claro";"Dupla";"Reta";"Sim";3;0;1;0;1;1;1;3;-29,6961491;-51,14455767;"SPRF-RS";"DEL01-RS";"UOP02-DEL01-RS"
416688;2022-02-23;"quarta-feira";"15:00:00";"GO";60;386;"RIO VERDE";"Reação tardia ou ineficiente do condutor";"Colisão traseira";"Com Vítimas Feridas";"Pleno dia";"Decrescente";"Céu Claro";"Dupla";"Viaduto";"Não";2;0;1;0;1;0;1;2;-17,8029;-50,9205;"SPRF-GO";"DEL04-GO";"UOP01-DEL04-GO"
416690;2022-02-23;"quarta-feira";"16:30:00";"SC";282;373;"ERVAL VELHO";"Demais falhas mecânicas ou elétricas";"Incêndio";"Sem Vítimas";"Pleno dia";"Crescente";"Céu Claro";"Simples";"Interseção de Vias";"Não";1;0;0;0;1;0;0;1;-27,243425;-51,44788;"SPRF-SC";"DEL07-SC";"UOP05-DEL07-SC"
416691;2022-02-23;"quarta-feira";"15:00:00";"PR";116;18;"CURITIBA";"Velocidade Incompatível";"Colisão traseira";"Com Vítimas Feridas";"Pleno dia";"Crescente";"Céu Claro";"Dupla";"Reta";"Sim";2;0;1;0;1;0;1;2;-25,388912;-49,198854;"SPRF-PR";"DEL01-PR";"UOP02-DEL01-PR"
416692;2022-01-26;"quarta-feira";"04:15:00";"SP";116;283;"EMBU DAS ARTES";"Ausência de reação do condutor";"Colisão traseira";"Com Vítimas Feridas";"Plena Noite";"Crescente";"Céu Claro";"Dupla";"Reta";"Sim";3;0;1;1;1;0;2;2;-23,669563;-46,856049;"SPRF-SP";"DEL04-SP";"UOP01-DEL04-SP"
416693;2022-02-23;"quarta-feira";"17:37:00";"PR";116;149;"MANDIRITUBA";"Conversão proibida";"Colisão lateral mesmo sentido";"Com Vítimas Feridas";"Pleno dia";"Crescente";"Nublado";"Simples";"Reta";"Não";2;0;1;0;0;1;1;2;-25,80786497;-49,32658092;"SPRF-PR";"DEL01-PR";"UOP03-DEL01-PR"
416694;2022-02-23;"quarta-feira";"16:00:00";"MT";70;679,5;"CACERES";"Chuva";"Saída de leito carroçável";"Sem Vítimas";"Pleno dia";"Crescente";"Chuva";"Simples";"Reta";"Não";2;0;0;0;2;0;0;1;-16,11586992;-57,30464512;"SPRF-MT";"DEL03-MT";"UOP02-DEL03-MT"
416695;2022-02-23;"quarta-feira";"17:35:00";"PB";101;86,2;"BAYEUX";"Ausência de reação do condutor";"Colisão traseira";"Sem Vítimas";"Anoitecer";"Decrescente";"Céu Claro";"Dupla";"Reta";"Sim";2;0;0;0;2;0;0;2;-7,1484;-34,9129;"SPRF-PB";"DEL01-PB";"UOP01-DEL01-PB"
416696;2022-02-23;"quarta-feira";"13:30:00";"SC";470;91;"ASCURRA";"Transitar na contramão";"Colisão frontal";"Com Vítimas Feridas";"Pleno dia";"Decrescente";"Céu Claro";"Simples";"Reta";"Não";3;0;2;0;1;0;2;2;-26,97769;-49,369198;"SPRF-SC";"DEL04-SC";"UOP01-DEL04-SC"
416697;2022-02-23;"quarta-feira";"18:15:00";"ES";101;298,8;"VIANA";"Condutor deixou de manter distância do veículo da frente";"Colisão lateral mesmo sentido";"Com Vítimas Feridas";"Plena Noite";"Decrescente";"Céu Claro";"Dupla";"Interseção de Vias";"Sim";3;0;1;0;2;0;1;3;-20,35374444;-40,4156433;"SPRF-ES";"DEL01-ES";"UOP01-DEL01-ES"
416698;2022-02-23;"quarta-feira";"17:15:00";"GO";70;58,5;"COCALZINHO DE GOIAS";"Avarias e/ou desgaste excessivo no pneu";"Capotamento";"Com Vítimas Feridas";"Pleno dia";"Crescente";"Nublado";"Simples";"Declive;Reta";"Não";14;0;11;2;1;0;13;1;-15,75845891;-48,68892482;"SPRF-DF";"DEL03-DF";"UOP02-DEL03-DF"
416701;2022-02-23;"quarta-feira";"18:15:00";"SC";101;189;"BIGUACU";"Reação tardia ou ineficiente do condutor";"Tombamento";"Com Vítimas Feridas";"Anoitecer";"Crescente";"Céu Claro";"Dupla";"Curva";"Sim";2;0;2;0;0;0;2;1;-27,459393;-48,638914;"SPRF-SC";"DEL01-SC";"UOP01-DEL01-SC"
416702;2022-02-23;"quarta-feira";"17:30:00";"MG";116;706,8;"MURIAE";"Ingestão de álcool pelo condutor";"Colisão transversal";"Com Vítimas Feridas";"Pleno dia";"Crescente";"Céu Claro";"Simples";"Interseção de Vias;Reta";"Sim";2;0;1;0;1;0;1;2;-21,14051559;-42,38142556;"SPRF-MG";"DEL07-MG";"UOP02-DEL07-MG"
416704;2022-02-23;"quarta-feira";"18:00:00";"SC";101;159;"PORTO BELO";"Demais falhas mecânicas ou elétricas";"Tombamento";"Com Vítimas Feridas";"Anoitecer";"Crescente";"Céu Claro";"Dupla";"Reta";"Não";2;0;2;0;0;0;2;1;-27,1998778;-48,61534236;"SPRF-SC";"DEL04-SC";"UOP03-DEL04-SC"
416705;2022-02-13;"domingo";"08:25:00";"SC";470;38;"GASPAR";"Ultrapassagem Indevida";"Colisão frontal";"Com Vítimas Feridas";"Pleno dia";"Decrescente";"Céu Claro";"Simples";"Reta";"Não";2;0;1;0;1;0;1;2;-26,904108;-48,980164;"SPRF-SC";"DEL04-SC";"UOP01-DEL04-SC"
416706;2022-02-23;"quarta-feira";"17:14:00";"RO";364;15;"VILHENA";"Ingestão de álcool pelo condutor";"Colisão lateral mesmo sentido";"Sem Vítimas";"Pleno dia";"Decrescente";"Céu Claro";"Dupla";"Reta";"Sim";3;0;0;0;3;0;0;2;-12,73672751;-60,14804088;"SPRF-RO";"DEL04-RO";"UOP01-DEL04-RO"
416707;2022-02-23;"quarta-feira";"15:20:00";"BA";324;322;"JACOBINA";"Acessar a via sem observar a presença dos outros veículos";"Colisão traseira";"Com Vítimas Feridas";"Pleno dia";"Crescente";"Céu Claro";"Simples";"Reta";"Não";2;0;1;1;0;0;2;2;-11,2591668;-40,28997992;"SPRF-BA";"DEL04-BA";"UOP02-DEL04-BA"
416708;2022-02-23;"quarta-feira";"17:55:00";"SC";470;56;"BLUMENAU";"Trafegar com motocicleta (ou similar) entre as faixas";"Colisão transversal";"Com Vítimas Feridas";"Pleno dia";"Crescente";"Nublado";"Simples";"Reta";"Sim";2;0;1;0;1;0;1;2;-26,87670802;-49,12774801;"SPRF-SC";"DEL04-SC";"UOP01-DEL04-SC"
416709;2022-02-23;"quarta-feira";"17:50:00";"RO";364;712;"PORTO VELHO";"Acessar a via sem observar a presença dos outros veículos";"Colisão transversal";"Com Vítimas Feridas";"Anoitecer";"Crescente";"Céu Claro";"Dupla";"Interseção de Vias";"Sim";2;0;1;1;0;0;2;2;-8,773147;-63,879563;"SPRF-RO";"DEL01-RO";"UOP01-DEL01-RO"
416711;2022-02-03;"quinta-feira";"07:05:00";"ES";101;264,6;"SERRA";"Condutor deixou de manter distância do veículo da frente";"Colisão traseira";"Com Vítimas Feridas";"Pleno dia";"Crescente";"Sol";"Múltipla";"Reta";"Sim";4;0;0;2;2;0;2;3;-20,17292791;-40,26736384;"SPRF-ES";"DEL02-ES";"UOP01-DEL02-ES"
416713;2022-02-23;"quarta-feira";"16:15:00";"MG";381;212;"NAQUE";"Condutor Dormindo";"Colisão lateral sentido oposto";"Com Vítimas Feridas";"Pleno dia";"Decrescente";"Céu Claro";"Simples";"Reta";"Não";2;0;1;0;1;0;1;2;-19,24611089;-42,33758028;"SPRF-MG";"DEL06-MG";"UOP01-DEL06-MG"
416714;2022-02-23;"quarta-feira";"17:15:00";"SP";459;31,9;"LORENA";"Acessar a via sem observar a presença dos outros veículos";"Colisão transversal";"Com Vítimas Feridas";"Pleno dia";"Decrescente";"Sol";"Simples";"Reta";"Sim";2;0;1;0;1;0;1;2;-22,732813;-45,098679;"SPRF-SP";"DEL08-SP";"UOP02-DEL08-SP"
416715;2022-02-23;"quarta-feira";"14:05:00";"RS";290;18;"SANTO ANTONIO DA PATRULHA";"Condutor Dormindo";"Saída de leito carroçável";"Sem Vítimas";"Pleno dia";"Crescente";"Céu Claro";"Dupla";"Reta";"Não";1;0;0;0;1;0;0;1;-29,8827778;-50,4402778;"SPRF-RS";"DEL03-RS";"UOP01-DEL03-RS"
416716;2022-02-23;"quarta-feira";"19:30:00";"CE";222;6,4;"CAUCAIA";"Demais falhas mecânicas ou elétricas";"Queda de ocupante de veículo";"Com Vítimas Feridas";"Plena Noite";"Crescente";"Nublado";"Dupla";"Reta";"Sim";2;0;1;0;1;0;1;1;-3,74723;-38,626065;"SPRF-CE";"DEL01-CE";"UOP01-DEL01-CE"
416718;2022-02-23;"quarta-feira";"18:35:00";"RN";427;153;"SERRA NEGRA DO NORTE";"Ingestão de álcool pelo condutor";"Colisão transversal";"Com Vítimas Feridas";"Plena Noite";"Decrescente";"Chuva";"Simples";"Reta";"Não";7;0;2;2;3;0;4;2;-6,64706793;-37,45617289;"SPRF-RN";"DEL03-RN";"UOP01-DEL03-RN"
416721;2022-02-23;"quarta-feira";"20:00:00";"SC";101;94;"BARRA VELHA";"Acesso irregular";"Colisão traseira";"Sem Vítimas";"Plena Noite";"Decrescente";"Céu Claro";"Dupla";"Reta";"Não";2;0;0;0;2;0;0;2;-26,69940401;-48,69902784;"SPRF-SC";"DEL03-SC";"UOP02-DEL03-SC"
416722;2022-02-23;"quarta-feira";"20:15:00";"MG";364;31;"FRUTAL";"Acostamento em desnível";"Tombamento";"Com Vítimas Feridas";"Plena Noite";"Decrescente";"Céu Claro";"Simples";"Reta";"Sim";1;0;1;0;0;0;1;1;-20,025185;-48,94096;"SPRF-MG";"DEL13-MG";"UOP02-DEL13-MG"
416723;2022-02-23;"quarta-feira";"17:00:00";"SC";282;87,9;"ALFREDO WAGNER";"Reação tardia ou ineficiente do condutor";"Capotamento";"Com Vítimas Feridas";"Pleno dia";"Crescente";"Céu Claro";"Simples";"Curva";"Não";3;0;2;1;0;0;3;1;-27,664766;-49,20578;"SPRF-SC";"DEL01-SC";"UOP03-DEL01-SC"
416724;2022-02-23;"quarta-feira";"20:25:00";"SC";101;207;"SAO JOSE";"Condutor deixou de manter distância do veículo da frente";"Colisão traseira";"Com Vítimas Feridas";"Plena Noite";"Crescente";"Céu Claro";"Múltipla";"Reta";"Sim";2;0;1;0;1;0;1;2;-27,60001226;-48,6226467;"SPRF-SC";"DEL01-SC";"UOP01-DEL01-SC"