"id";"data_inversa";"dia_semana";"horario";"uf";"br";"km";"municipio";"causa_acidente";"tipo_acidente";"classificacao_acidente";"fase_dia";"sentido_via";"condicao_metereologica";"tipo_pista";"tracado_via";"uso_solo";"pessoas";"mortos";"feridos_leves";"feridos_graves";"ilesos";"ignorados";"feridos";"veiculos";"latitude";"longitude";"regional";"delegacia";"uop"
416725;2022-02-23;"quarta-feira";"17:30:00";"RN";427;110,1;"CAICO";"Acumulo de óleo sobre o pavimento";"Queda de ocupante de veículo";"Com Vítimas Feridas";"Anoitecer";"Crescente";"Céu Claro";"Dupla";"Curva";"Não";1;0;1;0;0;0;1;1;-6,45165572;-37,12623781;"SPRF-RN";"DEL03-RN";"UOP01-DEL03-RN"
416731;2022-02-23;"quarta-feira";"21:10:00";"SC";101;116,4;"ITAJAI";"Reação tardia ou ineficiente do condutor";"Atropelamento de Animal";"Sem Vítimas";"Plena Noite";"Decrescente";"Céu Claro";"Múltipla";"Reta";"Sim";1;0;0;0;1;0;0;1;-26,87905605;-48,72603512;"SPRF-SC";"DEL04-SC";"UOP04-DEL04-SC"
416732;2022-02-23;"quarta-feira";"20:20:00";"SC";101;206;"SAO JOSE";"Manobra de mudança de faixa";"Colisão lateral mesmo sentido";"Com Vítimas Feridas";"Plena Noite";"Decrescente";"Céu Claro";"Múltipla";"Reta";"Sim";2;0;1;0;1;0;1;2;-27,59193546;-48,61824557;"SPRF-SC";"DEL01-SC";"UOP01-DEL01-SC"
416733;2022-02-23;"quarta-feira";"18:00:00";"MG";50;178;"UBERABA";"Ausência de reação do condutor";"Colisão traseira";"Com Vítimas Feridas";"Anoitecer";"Decrescente";"Céu Claro";"Dupla";"Aclive;Reta";"Sim";2;0;0;1;1;0;1;2;-19,77896821;-47,94093599;"SPRF-MG";"DEL13-MG";"UOP01-DEL13-MG"
416734;2022-02-23;"quarta-feira";"18:00:00";"RO";364;708;"PORTO VELHO";"Reação tardia ou ineficiente do condutor";"Colisão traseira";"Com Vítimas Feridas";"Plena Noite";"Decrescente";"Ignorado";"Simples";"Reta";"Sim";2;0;1;0;1;0;1;2;-8,79554083;-63,84072487;"SPRF-RO";"DEL01-RO";"UOP01-DEL01-RO"
416735;2022-02-23;"quarta-feira";"21:47:00";"MT";163;403,2;"CUIABA";"Condutor deixou de manter distância do veículo da frente";"Colisão traseira";"Com Vítimas Feridas";"Plena Noite";"Crescente";"Chuva";"Dupla";"Reta";"Sim";2;0;1;0;1;0;1;2;-15,64597187;-56,00928247;"SPRF-MT";"DEL01-MT";"UOP02-DEL01-MT"
416737;2022-02-23;"quarta-feira";"21:30:00";"GO";414;422;"ABADIANIA";"Reação tardia ou ineficiente do condutor";"Saída de leito carroçável";"Com Vítimas Feridas";"Plena Noite";"Crescente";"Céu Claro";"Simples";"Curva";"Não";2;0;2;0;0;0;2;1;-16,140961;-48,89140401;"SPRF-GO";"DEL02-GO";"UOP01-DEL02-GO"
416738;2022-02-23;"quarta-feira";"20:50:00";"MG";262;30,9;"REDUTO";"Transitar na contramão";"Colisão frontal";"Com Vítimas Feridas";"Plena Noite";"Crescente";"Céu Claro";"Simples";"Reta";"Não";3;0;0;2;0;1;2;3;-20,25053259;-41,98730227;"SPRF-MG";"DEL06-MG";"UOP03-DEL06-MG"
416741;2022-02-23;"quarta-feira";"22:57:00";"SP";116;142;"SAO JOSE DOS CAMPOS";"Avarias e/ou desgaste excessivo no pneu";"Queda de ocupante de veículo";"Com Vítimas Feridas";"Plena Noite";"Decrescente";"Céu Claro";"Dupla";"Reta";"Sim";2;0;1;1;0;0;2;1;-23,17426078;-45,82940111;"SPRF-SP";"DEL02-SP";"UOP01-DEL02-SP"
416742;2022-02-23;"quarta-feira";"20:35:00";"SC";101;268;"PAULO LOPES";"Velocidade Incompatível";"Saída de leito carroçável";"Com Vítimas Feridas";"Plena Noite";"Crescente";"Céu Claro";"Múltipla";"Viaduto;Curva";"Não";1;0;1;0;0;0;1;1;-28,08561804;-48,71086526;"SPRF-SC";"DEL02-SC";"UOP03-DEL02-SC"
416749;2022-02-24;"quinta-feira";"00:00:00";"PR";376;615;"SAO JOSE DOS PINHAIS";"Pedestre cruzava a pista fora da faixa";"Atropelamento de Pedestre";"Com Vítimas Feridas";"Plena Noite";"Crescente";"Nublado";"Dupla";"Reta";"Não";1;0;1;0;0;0;1;1;-25,569237;-49,183735;"SPRF-PR";"DEL01-PR";"UOP01-DEL01-PR"
416750;2022-02-24;"quinta-feira";"00:40:00";"SC";101;339,5;"TUBARAO";"Ingestão de álcool pelo condutor";"Tombamento";"Com Vítimas Feridas";"Plena Noite";"Crescente";"Nublado";"Múltipla";"Reta";"Sim";1;0;1;0;0;0;1;1;-28,501444;-49,04690399;"SPRF-SC";"DEL02-SC";"UOP01-DEL02-SC"
416751;2022-02-24;"quinta-feira";"00:50:00";"RS";392;347;"SANTA MARIA";"Reação tardia ou ineficiente do condutor";"Saída de leito carroçável";"Com Vítimas Feridas";"Plena Noite";"Crescente";"Céu Claro";"Simples";"Reta";"Não";1;0;1;0;0;0;1;1;-29,76125014;-53,78681035;"SPRF-RS";"DEL09-RS";"UOP01-DEL09-RS"
416752;2022-02-24;"quinta-feira";"01:50:00";"SP";381;38,5;"ATIBAIA";"Ausência de reação do condutor";"Queda de ocupante de veículo";"Com Vítimas Feridas";"Plena Noite";"Decrescente";"Céu Claro";"Dupla";"Reta";"Não";1;0;1;0;0;0;1;1;-23,1133221;-46,57174974;"SPRF-SP";"DEL03-SP";"UOP01-DEL03-SP"
416754;2022-02-24;"quinta-feira";"03:50:00";"PE";428;188;"PETROLINA";"Condutor Dormindo";"Capotamento";"Com Vítimas Feridas";"Plena Noite";"Decrescente";"Céu Claro";"Múltipla";"Curva";"Sim";1;0;1;0;0;0;1;1;-9,36400596;-40,48266808;"SPRF-PE";"DEL06-PE";"UOP01-DEL06-PE"
416755;2022-02-24;"quinta-feira";"05:00:00";"PR";277;159;"PALMEIRA";"Ultrapassagem Indevida";"Colisão traseira";"Sem Vítimas";"Amanhecer";"Decrescente";"Nublado";"Simples";"Reta";"Não";2;0;0;0;1;1;0;2;-25,47289;-49,895964;"SPRF-PR";"DEL01-PR";"UOP03-DEL03-PR"
416757;2022-02-24;"quinta-feira";"04:20:00";"MS";60;419;"SIDROLANDIA";"Condutor Dormindo";"Saída de leito carroçável";"Com Vítimas Feridas";"Plena Noite";"Crescente";"Céu Claro";"Simples";"Reta";"Não";1;0;1;0;0;0;1;1;-20,8999208;-54,91396201;"SPRF-MS";"DEL01-MS";"UOP04-DEL01-MS"
416762;2022-02-24;"quinta-feira";"05:20:00";"ES";101;151;"LINHARES";"Acesso irregular";"Colisão lateral mesmo sentido";"Com Vítimas Feridas";"Pleno dia";"Crescente";"Céu Claro";"Simples";"Interseção de Vias";"Não";2;0;1;0;1;0;1;2;-19,41156656;-40,06592463;"SPRF-ES";"DEL04-ES";"UOP01-DEL04-ES"
416765;2022-02-24;"quinta-feira";"06:00:00";"MS";163;496,9;"CAMPO GRANDE";"Condutor Dormindo";"Colisão frontal";"Com Vítimas Feridas";"Amanhecer";"Crescente";"Céu Claro";"Simples";"Curva";"Não";4;0;2;0;2;0;2;2;-20,35985581;-54,52552831;"SPRF-MS";"DEL01-MS";"UOP02-DEL01-MS"
416766;2022-02-24;"quinta-feira";"06:00:00";"SC";101;373,2;"ICARA";"Condutor Dormindo";"Capotamento";"Com Vítimas Feridas";"Amanhecer";"Crescente";"Nublado";"Dupla";"Curva";"Não";3;0;3;0;0;0;3;1;-28,71796831;-49,23369929;"SPRF-SC";"DEL02-SC";"UOP01-DEL02-SC"
416767;2022-02-24;"quinta-feira";"07:10:00";"PR";277;708,8;"SANTA TEREZINHA DE ITAIPU";"Velocidade Incompatível";"Atropelamento de Pedestre";"Com Vítimas Feridas";"Pleno dia";"Decrescente";"Sol";"Dupla";"Reta";"Sim";2;0;0;1;1;0;1;2;-25,446263;-54,403481;"SPRF-PR";"DEL05-PR";"UOP01-DEL05-PR"
416768;2022-02-24;"quinta-feira";"04:00:00";"MG";262;810;"UBERABA";"Reação tardia ou ineficiente do condutor";"Tombamento";"Sem Vítimas";"Plena Noite";"Crescente";"Céu Claro";"Dupla";"Reta";"Não";1;0;0;0;0;1;0;1;-19,76051836;-48,04440502;"SPRF-MG";"DEL13-MG";"UOP01-DEL13-MG"
416769;2022-02-24;"quinta-feira";"05:30:00";"SC";116;242;"LAGES";"Ingestão de álcool pelo condutor";"Colisão com objeto";"Com Vítimas Feridas";"Amanhecer";"Crescente";"Garoa/Chuvisco";"Simples";"Curva";"Não";1;0;1;0;0;0;1;1;-27,77666295;-50,34027011;"SPRF-SC";"DEL05-SC";"UOP01-DEL05-SC"
416770;2022-02-24;"quinta-feira";"07:20:00";"SP";153;60;"SAO JOSE DO RIO PRETO";"Condutor deixou de manter distância do veículo da frente";"Colisão traseira";"Sem Vítimas";"Pleno dia";"Crescente";"Céu Claro";"Dupla";"Reta";"Sim";2;0;0;0;2;0;0;2;-20,79627979;-49,35480206;"SPRF-SP";"DEL09-SP";"UOP01-DEL09-SP"
416771;2022-02-24;"quinta-feira";"06:50:00";"RJ";116;181,8;"NOVA IGUACU";"Trafegar com motocicleta (ou similar) entre as faixas";"Colisão lateral mesmo sentido";"Com Vítimas Feridas";"Pleno dia";"Decrescente";"Nublado";"Múltipla";"Reta";"Sim";4;0;1;0;3;0;1;4;-22,761312;-43,423492;"SPRF-RJ";"DEL01-RJ";"UOP02-DEL01-RJ"
416773;2022-02-24;"quinta-feira";"04:30:00";"PI";316;112;"PASSAGEM FRANCA DO PIAUI";"Velocidade Incompatível";"Atropelamento de Animal";"Com Vítimas Feridas";"Amanhecer";"Decrescente";"Céu Claro";"Simples";"Reta";"Não";1;0;1;0;0;0;1;1;-5,8984143;-42,40801052;"SPRF-PI";"DEL04-PI";"UOP02-DEL04-PI"
416776;2022-02-24;"quinta-feira";"07:10:00";"MG";116;677,9;"MIRADOURO";"Acumulo de areia ou detritos sobre o pavimento";"Saída de leito carroçável";"Com Vítimas Feridas";"Amanhecer";"Crescente";"Céu Claro";"Simples";"Curva";"Não";3;0;1;0;2;0;1;1;-20,91839191;-42,34301496;"SPRF-MG";"DEL07-MG";"UOP02-DEL07-MG"
416779;2022-02-24;"quinta-feira";"07:30:00";"MG";381;336;"NOVA ERA";"Transitar na contramão";"Atropelamento de Pedestre";"Com Vítimas Fatais";"Pleno dia";"Crescente";"Céu Claro";"Simples";"Declive;Curva";"Não";2;1;0;0;1;0;0;2;-19,82119502;-43,07407899;"SPRF-MG";"DEL03-MG";"UOP01-DEL03-MG"
416780;2022-02-24;"quinta-feira";"07:25:00";"RS";386;355,9;"ESTRELA";"Ingestão de álcool pelo condutor";"Saída de leito carroçável";"Sem Vítimas";"Pleno dia";"Crescente";"Céu Claro";"Dupla";"Reta;Retorno Regulamentado";"Sim";1;0;0;0;1;0;0;1;-29,515066;-51,940083;"SPRF-RS";"DEL04-RS";"UOP02-DEL04-RS"
416781;2022-02-24;"quinta-feira";"07:30:00";"MG";50;179,3;"UBERABA";"Condutor deixou de manter distância do veículo da frente";"Colisão traseira";"Com Vítimas Feridas";"Pleno dia";"Decrescente";"Céu Claro";"Dupla";"Reta";"Não";2;0;1;0;1;0;1;2;-19,77827047;-47,93140998;"SPRF-MG";"DEL13-MG";"UOP01-DEL13-MG"
416782;2022-02-24;"quinta-feira";"07:30:00";"RN";101;97;"NATAL";"Manobra de mudança de faixa";"Colisão lateral mesmo sentido";"Com Vítimas Feridas";"Pleno dia";"Crescente";"Céu Claro";"Simples";"Reta";"Sim";2;0;1;0;1;0;1;2;-5,860558;-35,214485;"SPRF-RN";"DEL01-RN";"UOP01-DEL01-RN"
416783;2022-02-24;"quinta-feira";"07:30:00";"PR";116;119,2;"CURITIBA";"Manobra de mudança de faixa";"Colisão lateral mesmo sentido";"Com Vítimas Feridas";"Pleno dia";"Decrescente";"Céu Claro";"Dupla";"Reta";"Sim";2;0;1;0;1;0;1;2;-25,54456009;-49,30146002;"SPRF-PR";"DEL01-PR";"UOP03-DEL01-PR"
416784;2022-02-24;"quinta-feira";"08:20:00";"GO";153;497,4;"GOIANIA";"Avarias e/ou desgaste excessivo no pneu";"Tombamento";"Com Vítimas Feridas";"Pleno dia";"Crescente";"Céu Claro";"Múltipla";"Aclive";"Sim";1;0;1;0;0;0;1;1;-16,68228072;-49,23377037;"SPRF-GO";"DEL01-GO";"UOP01-DEL01-GO"
416785;2022-02-04;"sexta-feira";"15:40:00";"RJ";101;49,5;"CAMPOS DOS GOYTACAZES";"Ausência de reação do condutor";"Colisão frontal";"Com Vítimas Feridas";"Pleno dia";"Crescente";"Nublado";"Simples";"Reta";"Não";2;0;0;1;1;0;1;2;-21,62508006;-41,31411242;"SPRF-RJ";"DEL08-RJ";"UOP01-DEL08-RJ"
416786;2022-02-24;"quinta-feira";"08:30:00";"SC";101;195,3;"BIGUACU";"Velocidade Incompatível";"Colisão traseira";"Com Vítimas Feridas";"Pleno dia";"Crescente";"Sol";"Múltipla";"Reta";"Sim";4;0;2;0;2;0;2;3;-27,5047092;-48,65010819;"SPRF-SC";"DEL01-SC";"UOP01-DEL01-SC"
416789;2022-02-24;"quinta-feira";"08:30:00";"PI";343;10;"PARNAIBA";"Demais falhas na via";"Queda de ocupante de veículo";"Com Vítimas Feridas";"Pleno dia";"Decrescente";"Sol";"Simples";"Reta";"Sim";1;0;1;0;0;0;1;1;-2,902034;-41,741646;"SPRF-PI";"DEL05-PI";"UOP01-DEL05-PI"
416791;2022-02-24;"quinta-feira";"07:30:00";"RR";174;499;"BOA VISTA";"Pista Escorregadia";"Tombamento";"Sem Vítimas";"Pleno dia";"Crescente";"Garoa/Chuvisco";"Dupla";"Reta";"Sim";1;0;0;0;0;1;0;1;2,772157;-60,714409;"SPRF-RR";"DEL01-RR";"UOP01-DEL01-RR"
416792;2022-02-24;"quinta-feira";"08:00:00";"PR";376;160,7;"MARINGA";"Condutor deixou de manter distância do veículo da frente";"Colisão traseira";"Com Vítimas Feridas";"Pleno dia";"Crescente";"Céu Claro";"Dupla";"Reta";"Não";2;0;1;0;1;0;1;2;-23,36838484;-52,06572891;"SPRF-PR";"DEL09-PR";"UOP01-DEL09-PR"
416793;2022-02-24;"quinta-feira";"08:30:00";"RN";101;94;"NATAL";"Manobra de mudança de faixa";"Colisão lateral mesmo sentido";"Com Vítimas Feridas";"Pleno dia";"Decrescente";"Sol";"Dupla";"Reta";"Sim";3;0;2;0;1;0;2;3;-5,83176615;-35,21191342;"SPRF-RN";"DEL01-RN";"UOP01-DEL01-RN"
416795;2022-02-24;"quinta-feira";"08:50:00";"PB";361;8;"PATOS";"Ingestão de álcool pelo condutor";"Saída de leito carroçável";"Com Vítimas Feridas";"Pleno dia";"Decrescente";"Sol";"Simples";"Reta";"Não";1;0;1;0;0;0;1;1;-7,04130903;-37,32798299;"SPRF-PB";"DEL03-PB";"UOP01-DEL03-PB"
416796;2022-02-24;"quinta-feira";"09:30:00";"PR";376;179,1;"MARINGA";"Condutor deixou de manter distância do veículo da frente";"Colisão traseira";"Com Vítimas Feridas";"Pleno dia";"Decrescente";"Céu Claro";"Múltipla";"Reta";"Sim";2;0;1;0;1;0;1;2;-23,42063461;-51,90913439;"SPRF-PR";"DEL09-PR";"UOP01-DEL09-PR"
416797;2022-02-24;"quinta-feira";"09:20:00";"RS";290;16,1;"SANTO ANTONIO DA PATRULHA";"Ausência de reação do condutor";"Saída de leito carroçável";"Com Vítimas Feridas";"Pleno dia";"Decrescente";"Céu Claro";"Dupla";"Reta";"Não";5;0;4;0;1;0;4;1;-29,871126;-50,418049;"SPRF-RS";"DEL03-RS";"UOP01-DEL03-RS"
416803;2022-01-03;"segunda-feira";"22:15:00";"SP";116;69,6;"APARECIDA";"Chuva";"Tombamento";"Com Vítimas Feridas";"Plena Noite";"Decrescente";"Chuva";"Dupla";"Reta";"Não";2;0;2;0;0;0;2;1;-22,84017188;-45,22364349;"SPRF-SP";"DEL08-SP";"UOP01-DEL08-SP"
416807;2022-02-24;"quinta-feira";"10:20:00";"SC";101;335;"TUBARAO";"Acessar a via sem observar a presença dos outros veículos";"Colisão lateral mesmo sentido";"Com Vítimas Feridas";"Pleno dia";"Crescente";"Nublado";"Múltipla";"Reta";"Não";2;0;1;0;1;0;1;2;-28,47805354;-49,03195208;"SPRF-SC";"DEL02-SC";"UOP01-DEL02-SC"
416809;2022-02-24;"quinta-feira";"09:00:00";"RJ";356;133;"CAMPOS DOS GOYTACAZES";"Demais falhas mecânicas ou elétricas";"Incêndio";"Sem Vítimas";"Pleno dia";"Decrescente";"Nublado";"Simples";"Reta";"Não";1;0;0;0;0;1;0;1;-21,71867115;-41,35165723;"SPRF-RJ";"DEL08-RJ";"UOP01-DEL08-RJ"
416810;2022-02-24;"quinta-feira";"11:40:00";"PR";476;135;"CURITIBA";"Condutor desrespeitou a iluminação vermelha do semáforo";"Colisão transversal";"Sem Vítimas";"Pleno dia";"Crescente";"Céu Claro";"Múltipla";"Reta";"Sim";2;0;0;0;2;0;0;2;-25,469219;-49,254143;"SPRF-PR";"DEL01-PR";"UOP03-DEL01-PR"
416814;2022-02-24;"quinta-feira";"11:10:00";"RJ";101;496;"ANGRA DOS REIS";"Condutor deixou de manter distância do veículo da frente";"Colisão traseira";"Com Vítimas Feridas";"Pleno dia";"Crescente";"Céu Claro";"Simples";"Reta";"Não";4;0;2;0;2;0;2;3;-22,92380194;-44,32287703;"SPRF-RJ";"DEL03-RJ";"UOP03-DEL03-RJ"
416815;2022-02-24;"quinta-feira";"11:55:00";"RS";158;327,8;"SANTA MARIA";"Reação tardia ou ineficiente do condutor";"Colisão frontal";"Com Vítimas Feridas";"Pleno dia";"Decrescente";"Céu Claro";"Simples";"Desvio Temporário";"Sim";5;0;2;0;3;0;2;3;-29,70817102;-53,82591785;"SPRF-RS";"DEL09-RS";"UOP01-DEL09-RS"
416817;2022-02-24;"quinta-feira";"12:00:00";"MG";381;420;"CAETE";"Conversão proibida";"Colisão transversal";"Com Vítimas Feridas";"Pleno dia";"Crescente";"Nublado";"Múltipla";"Curva;Aclive";"Sim";2;0;1;0;1;0;1;2;-19,77712975;-43,65501412;"SPRF-MG";"DEL01-MG";"UOP01-DEL01-MG"
416818;2022-02-17;"quinta-feira";"02:05:00";"RS";386;234,5;"SOLEDADE";"Reação tardia ou ineficiente do condutor";"Saída de leito carroçável";"Com Vítimas Feridas";"Plena Noite";"Decrescente";"Céu Claro";"Simples";"Reta";"Não";2;0;1;0;1;0;1;1;-28,730202;-52,55508;"SPRF-RS";"DEL04-RS";"UOP03-DEL04-RS"
416819;2022-02-04;"sexta-feira";"14:30:00";"PR";376;197;"MANDAGUARI";"Condutor deixou de manter distância do veículo da frente";"Colisão traseira";"Com Vítimas Feridas";"Pleno dia";"Decrescente";"Chuva";"Dupla";"Curva";"Não";2;0;1;0;1;0;1;2;-23,50146607;-51,77483082;"SPRF-PR";"DEL09-PR";"UOP01-DEL09-PR"
416821;2022-02-24;"quinta-feira";"12:00:00";"MG";40;793,6;"JUIZ DE FORA";"Condutor Dormindo";"Tombamento";"Com Vítimas Feridas";"Pleno dia";"Decrescente";"Céu Claro";"Dupla";"Reta";"Não";1;0;1;0;0;0;1;1;-21,79449311;-43,41425031;"SPRF-MG";"DEL05-MG";"UOP01-DEL05-MG"
416822;2022-02-24;"quinta-feira";"12:00:00";"SC";470;70,7;"INDAIAL";"Obras na pista";"Tombamento";"Com Vítimas Feridas";"Pleno dia";"Crescente";"Nublado";"Simples";"Reta;Em Obras";"Sim";1;0;1;0;0;0;1;1;-26,89450668;-49,26140785;"SPRF-SC";"DEL04-SC";"UOP01-DEL04-SC"
416823;2022-02-24;"quinta-feira";"08:00:00";"ES";393;2,1;"CACHOEIRO DE ITAPEMIRIM";"Velocidade Incompatível";"Tombamento";"Com Vítimas Feridas";"Pleno dia";"Decrescente";"Sol";"Simples";"Reta";"Sim";1;0;1;0;0;0;1;1;-20,83242503;-41,17491003;"SPRF-ES";"DEL03-ES";"UOP02-DEL03-ES"
416825;2022-02-24;"quinta-feira";"13:15:00";"RS";158;328;"SANTA MARIA";"Reação tardia ou ineficiente do condutor";"Colisão traseira";"Com Vítimas Feridas";"Pleno dia";"Crescente";"Céu Claro";"Dupla";"Reta";"Sim";2;0;1;0;1;0;1;2;-29,70411071;-53,8319993;"SPRF-RS";"DEL09-RS";"UOP01-DEL09-RS"
416827;2022-02-24;"quinta-feira";"12:10:00";"SP";101;49,9;"UBATUBA";"Reação tardia ou ineficiente do condutor";"Colisão traseira";"Com Vítimas Feridas";"Pleno dia";"Crescente";"Nublado";"Simples";"Reta";"Não";3;0;2;0;1;0;2;2;-23,44410908;-45,08375708;"SPRF-SP";"DEL06-SP";"UOP01-DEL06-SP"
416828;2022-01-18;"terça-feira";"11:30:00";"BA";116;567;"NOVA ITARANA";"Acessar a via sem observar a presença dos outros veículos";"Colisão transversal";"Com Vítimas Feridas";"Pleno dia";"Crescente";"Céu Claro";"Simples";"Reta";"Não";3;0;0;2;1;0;2;2;-12,98625197;-39,94414505;"SPRF-BA";"DEL03-BA";"UOP02-DEL03-BA"
416832;2022-01-19;"quarta-feira";"17:30:00";"SP";116;122,5;"CACAPAVA";"Avarias e/ou desgaste excessivo no pneu";"Queda de ocupante de veículo";"Com Vítimas Feridas";"Pleno dia";"Decrescente";"Céu Claro";"Dupla";"Reta";"Não";2;0;2;0;0;0;2;1;-23,08192414;-45,66154591;"SPRF-SP";"DEL02-SP";"UOP02-DEL02-SP"
416834;2022-02-24;"quinta-feira";"14:10:00";"DF";70;9,9;"BRASILIA";"Acesso irregular";"Colisão traseira";"Com Vítimas Feridas";"Pleno dia";"Crescente";"Nublado";"Dupla";"Reta;Retorno Regulamentado";"Sim";2;0;1;0;1;0;1;2;-15,784615;-48,132023;"SPRF-DF";"DEL03-DF";"UOP02-DEL03-DF"
416835;2022-02-24;"quinta-feira";"12:55:00";"MG";40;531;"BELO HORIZONTE";"Condutor deixou de manter distância do veículo da frente";"Engavetamento";"Com Vítimas Feridas";"Pleno dia";"Crescente";"Nublado";"Dupla";"Declive";"Sim";3;0;1;0;2;0;1;3;-19,91962483;-44,02522683;"SPRF-MG";"DEL01-MG";"UOP02-DEL01-MG"
416836;2022-02-24;"quinta-feira";"12:30:00";"RO";435;25;"VILHENA";"Problema com o freio";"Saída de leito carroçável";"Com Vítimas Feridas";"Pleno dia";"Crescente";"Céu Claro";"Simples";"Reta";"Não";1;0;1;0;0;0;1;1;-12,77928502;-60,33541999;"SPRF-RO";"DEL04-RO";"UOP02-DEL04-RO"
416839;2022-02-24;"quinta-feira";"14:20:00";"SC";101;17,5;"JOINVILLE";"Reação tardia ou ineficiente do condutor";"Colisão com objeto";"Com Vítimas Feridas";"Pleno dia";"Decrescente";"Nublado";"Dupla";"Reta";"Não";3;0;1;0;2;0;1;2;-26,12141519;-48,88262078;"SPRF-SC";"DEL03-SC";"UOP01-DEL03-SC"
416840;2022-01-23;"domingo";"10:30:00";"SP";116;439;"REGISTRO";"Acessar a via sem observar a presença dos outros veículos";"Colisão lateral mesmo sentido";"Com Vítimas Feridas";"Pleno dia";"Decrescente";"Céu Claro";"Dupla";"Reta";"Sim";4;0;1;0;3;0;1;2;-24,45434475;-47,81204635;"SPRF-SP";"DEL05-SP";"UOP01-DEL05-SP"
416841;2022-02-24;"quinta-feira";"14:45:00";"RJ";116;305,3;"RESENDE";"Acesso irregular";"Colisão transversal";"Com Vítimas Feridas";"Pleno dia";"Crescente";"Céu Claro";"Simples";"Reta";"Sim";3;0;1;0;2;0;1;2;-22,45573779;-44,39454802;"SPRF-RJ";"DEL07-RJ";"UOP02-DEL07-RJ"
416842;2022-02-24;"quinta-feira";"15:30:00";"MG";381;485,2;"BETIM";"Avarias e/ou desgaste excessivo no pneu";"Tombamento";"Com Vítimas Feridas";"Pleno dia";"Crescente";"Chuva";"Dupla";"Aclive";"Sim";2;0;1;0;0;1;1;2;-19,955593;-44,098228;"SPRF-MG";"DEL01-MG";"UOP03-DEL01-MG"
416844;2022-02-24;"quinta-feira";"14:15:00";"MG";40;632,1;"CONSELHEIRO LAFAIETE";"Falta de acostamento";"Saída de leito carroçável";"Com Vítimas Feridas";"Pleno dia";"Crescente";"Sol";"Dupla";"Retorno Regulamentado";"Sim";2;0;2;0;0;0;2;1;-20,67348593;-43,7968977;"SPRF-MG";"DEL05-MG";"UOP02-DEL05-MG"
416845;2022-02-24;"quinta-feira";"12:56:00";"SC";163;115,8;"GUARUJA DO SUL";"Pista esburacada";"Saída de leito carroçável";"Com Vítimas Feridas";"Pleno dia";"Decrescente";"Céu Claro";"Simples";"Declive";"Não";4;0;1;0;3;0;1;1;-26,36827905;-53,53348015;"SPRF-SC";"DEL07-SC";"UOP03-DEL07-SC"
416846;2022-02-18;"sexta-feira";"09:50:00";"RJ";493;98;"SEROPEDICA";"Velocidade Incompatível";"Saída de leito carroçável";"Com Vítimas Fatais";"Pleno dia";"Crescente";"Céu Claro";"Dupla";"Reta";"Não";1;1;0;0;0;0;0;1;-22,72994721;-43,71585488;"SPRF-RJ";"DEL03-RJ";"UOP01-DEL03-RJ"
416848;2022-02-24;"quinta-feira";"08:45:00";"RJ";101;21;"CAMPOS DOS GOYTACAZES";"Acessar a via sem observar a presença dos outros veículos";"Colisão transversal";"Com Vítimas Feridas";"Pleno dia";"Crescente";"Céu Claro";"Simples";"Reta";"Não";2;0;0;1;1;0;1;2;-21,39099193;-41,34415107;"SPRF-RJ";"DEL08-RJ";"UOP01-DEL08-RJ"
416849;2022-02-24;"quinta-feira";"16:00:00";"BA";116;413;"FEIRA DE SANTANA";"Chuva";"Colisão traseira";"Com Vítimas Feridas";"Pleno dia";"Crescente";"Chuva";"Dupla";"Reta";"Não";3;0;2;0;1;0;2;2;-12,14246805;-38,96658117;"SPRF-BA";"DEL02-BA";"UOP01-DEL02-BA"
416852;2022-02-12;"sábado";"22:18:00";"TO";153;141;"ARAGUAINA";"Ausência de reação do condutor";"Saída de leito carroçável";"Com Vítimas Feridas";"Plena Noite";"Crescente";"Chuva";"Dupla";"Reta";"Sim";1;0;0;1;0;0;1;1;-7,175959;-48,219548;"SPRF-TO";"DEL02-TO";"UOP01-DEL02-TO"
416853;2022-02-24;"quinta-feira";"15:25:00";"BA";324;617;"SALVADOR";"Acostamento em desnível";"Tombamento";"Com Vítimas Feridas";"Pleno dia";"Crescente";"Céu Claro";"Dupla";"Reta";"Sim";1;0;1;0;0;0;1;1;-12,8860325;-38,43806469;"SPRF-BA";"DEL01-BA";"UOP01-DEL01-BA"
416855;2022-02-24;"quinta-feira";"14:50:00";"MT";70;1;"BARRA DO GARCAS";"Acesso irregular";"Colisão lateral mesmo sentido";"Com Vítimas Feridas";"Pleno dia";"Decrescente";"Sol";"Simples";"Reta";"Sim";3;0;1;0;2;0;1;3;-15,89164596;-52,26202884;"SPRF-MT";"DEL07-MT";"UOP01-DEL07-MT"
416856;2022-02-24;"quinta-feira";"14:00:00";"MG";262;35,4;"MANHUACU";"Reação tardia ou ineficiente do condutor";"Colisão lateral sentido oposto";"Com Vítimas Feridas";"Pleno dia";"Decrescente";"Chuva";"Simples";"Reta";"Sim";2;0;1;0;0;1;1;2;-20,2592562;-42,01698194;"SPRF-MG";"DEL06-MG";"UOP03-DEL06-MG"
416857;2022-02-24;"quinta-feira";"16:45:00";"CE";116;12,1;"FORTALEZA";"Transitar na contramão";"Colisão frontal";"Com Vítimas Feridas";"Pleno dia";"Decrescente";"Sol";"Dupla";"Curva;Declive";"Sim";3;0;1;1;0;1;2;3;-3,85243365;-38,49539822;"SPRF-CE";"DEL01-CE";"UOP02-DEL01-CE"
416862;2022-02-24;"quinta-feira";"17:30:00";"SC";101;202;"SAO JOSE";"Condutor deixou de manter distância do veículo da frente";"Colisão traseira";"Com Vítimas Feridas";"Pleno dia";"Crescente";"Céu Claro";"Múltipla";"Interseção de Vias;Reta";"Sim";3;0;3;0;0;0;3;2;-27,55711595;-48,61897889;"SPRF-SC";"DEL01-SC";"UOP01-DEL01-SC"