"id";"data_inversa";"dia_semana";"horario";"uf";"br";"km";"municipio";"causa_acidente";"tipo_acidente";"classificacao_acidente";"fase_dia";"sentido_via";"condicao_metereologica";"tipo_pista";"tracado_via";"uso_solo";"pessoas";"mortos";"feridos_leves";"feridos_graves";"ilesos";"ignorados";"feridos";"veiculos";"latitude";"longitude";"regional";"delegacia";"uop"
417063;2022-02-25;"sexta-feira";"08:50:00";"SP";116;140,3;"SAO JOSE DOS CAMPOS";"Trafegar com motocicleta (ou similar) entre as faixas";"Colisão traseira";"Com Vítimas Feridas";"Pleno dia";"Crescente";"Céu Claro";"Dupla";"Reta";"Sim";3;0;1;0;2;0;1;2;-23,16577714;-45,81246193;"SPRF-SP";"DEL02-SP";"UOP01-DEL02-SP"
417068;2022-02-25;"sexta-feira";"08:30:00";"MG";262;657,3;"IBIA";"Demais falhas na via";"Saída de leito carroçável";"Com Vítimas Feridas";"Pleno dia";"Crescente";"Sol";"Simples";"Reta";"Não";2;0;2;0;0;0;2;1;-19,5767773;-46,69062487;"SPRF-MG";"DEL08-MG";"UOP01-DEL08-MG"
417069;2022-02-25;"sexta-feira";"07:45:00";"BA";101;581;"CAMACAN";"Condutor Dormindo";"Atropelamento de Pedestre";"Com Vítimas Feridas";"Pleno dia";"Crescente";"Sol";"Simples";"Reta";"Sim";5;0;4;0;1;0;4;2;-15,37031;-39,49335;"SPRF-BA";"DEL05-BA";"UOP02-DEL05-BA"
417070;2022-02-25;"sexta-feira";"09:51:00";"MG";40;434,4;"PARAOPEBA";"Velocidade Incompatível";"Colisão lateral mesmo sentido";"Sem Vítimas";"Pleno dia";"Decrescente";"Céu Claro";"Dupla";"Reta";"Não";3;0;0;0;3;0;0;3;-19,21421334;-44,45770226;"SPRF-MG";"DEL02-MG";"UOP01-DEL02-MG"
417071;2022-01-20;"quinta-feira";"10:45:00";"BA";324;599;"SIMOES FILHO";"Mal súbito do condutor";"Engavetamento";"Com Vítimas Feridas";"Pleno dia";"Decrescente";"Céu Claro";"Múltipla";"Reta";"Sim";6;0;3;0;3;0;3;4;-12,74194511;-38,43853918;"SPRF-BA";"DEL01-BA";"UOP01-DEL01-BA"
417073;2022-02-25;"sexta-feira";"10:40:00";"MG";40;611,8;"CONGONHAS";"Entrada inopinada do pedestre";"Atropelamento de Pedestre";"Com Vítimas Feridas";"Pleno dia";"Crescente";"Céu Claro";"Simples";"Declive;Reta";"Sim";2;0;1;0;1;0;1;2;-20,51649723;-43,83833192;"SPRF-MG";"DEL05-MG";"UOP02-DEL05-MG"
417076;2022-02-23;"quarta-feira";"09:20:00";"SC";0;0;"ILHOTA";"Desrespeitar a preferência no cruzamento";"Colisão frontal";"Sem Vítimas";"Pleno dia";"Não Informado";"Céu Claro";"Simples";"Interseção de Vias";"Sim";2;0;0;0;2;0;0;2;-26,89576447;-48,82400578;"SPRF-SC";"DEL04-SC";"UOP01-DEL04-SC"
417077;2022-02-20;"domingo";"22:10:00";"MT";70;5,5;"BARRA DO GARCAS";"Condutor deixou de manter distância do veículo da frente";"Colisão traseira";"Sem Vítimas";"Plena Noite";"Decrescente";"Céu Claro";"Simples";"Reta";"Sim";2;0;0;0;2;0;0;2;-15,87814789;-52,296134;"SPRF-MT";"DEL07-MT";"UOP01-DEL07-MT"
417078;2022-02-25;"sexta-feira";"10:45:00";"SP";153;77;"BADY BASSITT";"Ausência de reação do condutor";"Colisão traseira";"Com Vítimas Feridas";"Pleno dia";"Crescente";"Sol";"Simples";"Aclive";"Não";2;0;0;1;1;0;1;2;-20,90184734;-49,45243991;"SPRF-SP";"DEL09-SP";"UOP01-DEL09-SP"
417079;2022-02-25;"sexta-feira";"08:00:00";"SC";282;85;"ALFREDO WAGNER";"Chuva";"Saída de leito carroçável";"Com Vítimas Feridas";"Pleno dia";"Crescente";"Nublado";"Simples";"Curva";"Não";1;0;1;0;0;0;1;1;-27,667007;-49,192802;"SPRF-SC";"DEL01-SC";"UOP03-DEL01-SC"
417083;2022-02-25;"sexta-feira";"06:45:00";"MS";267;481;"JARDIM";"Ausência de reação do condutor";"Colisão traseira";"Com Vítimas Feridas";"Pleno dia";"Decrescente";"Céu Claro";"Simples";"Reta";"Sim";2;0;0;1;1;0;1;2;-21,478745;-56,13899;"SPRF-MS";"DEL05-MS";"UOP01-DEL05-MS"
417088;2022-02-25;"sexta-feira";"09:10:00";"GO";70;305,5;"ITAPIRAPUA";"Reação tardia ou ineficiente do condutor";"Saída de leito carroçável";"Com Vítimas Feridas";"Pleno dia";"Decrescente";"Céu Claro";"Simples";"Reta";"Não";1;0;0;1;0;0;1;1;-15,861566;-50,776148;"SPRF-GO";"DEL04-GO";"UOP01-DEL04-GO"
417090;2022-02-25;"sexta-feira";"08:05:00";"MT";364;259;"JUSCIMEIRA";"Pista esburacada";"Saída de leito carroçável";"Com Vítimas Feridas";"Pleno dia";"Crescente";"Céu Claro";"Dupla";"Reta";"Não";2;0;1;0;1;0;1;1;-16,04725002;-54,880317;"SPRF-MT";"DEL02-MT";"UOP01-DEL02-MT"
417092;2022-02-25;"sexta-feira";"11:45:00";"PR";476;109;"COLOMBO";"Velocidade Incompatível";"Colisão traseira";"Com Vítimas Feridas";"Pleno dia";"Decrescente";"Sol";"Simples";"Interseção de Vias;Reta";"Não";2;0;0;1;1;0;1;2;-25,303349;-49,147117;"SPRF-PR";"DEL01-PR";"UOP02-DEL01-PR"
417093;2022-02-25;"sexta-feira";"11:20:00";"RN";304;262;"SANTA MARIA";"Manobra de mudança de faixa";"Capotamento";"Com Vítimas Feridas";"Pleno dia";"Crescente";"Céu Claro";"Simples";"Reta";"Não";1;0;1;0;0;0;1;1;-5,85243381;-35,64756396;"SPRF-RN";"DEL01-RN";"UOP02-DEL01-RN"
417095;2022-02-25;"sexta-feira";"12:00:00";"RS";290;528,5;"ALEGRETE";"Demais falhas mecânicas ou elétricas";"Incêndio";"Sem Vítimas";"Pleno dia";"Decrescente";"Céu Claro";"Simples";"Reta";"Não";1;0;0;0;1;0;0;1;-30,041042;-55,322559;"SPRF-RS";"DEL13-RS";"UOP02-DEL13-RS"
417096;2022-02-25;"sexta-feira";"12:00:00";"RN";101;96;"NATAL";"Manobra de mudança de faixa";"Colisão lateral mesmo sentido";"Com Vítimas Feridas";"Pleno dia";"Decrescente";"Sol";"Simples";"Reta";"Sim";2;0;1;0;1;0;1;2;-5,84949622;-35,20890752;"SPRF-RN";"DEL01-RN";"UOP01-DEL01-RN"
417097;2022-02-25;"sexta-feira";"11:15:00";"RS";116;243;"SAO LEOPOLDO";"Manobra de mudança de faixa";"Colisão lateral mesmo sentido";"Com Vítimas Feridas";"Pleno dia";"Decrescente";"Céu Claro";"Dupla";"Reta";"Sim";2;0;1;0;1;0;1;2;-29,73196199;-51,14952004;"SPRF-RS";"DEL01-RS";"UOP02-DEL01-RS"
417098;2022-02-25;"sexta-feira";"12:00:00";"SP";116;158;"JACAREI";"Reação tardia ou ineficiente do condutor";"Colisão lateral mesmo sentido";"Com Vítimas Feridas";"Pleno dia";"Decrescente";"Céu Claro";"Múltipla";"Viaduto";"Sim";2;0;1;0;1;0;1;2;-23,26072137;-45,95179176;"SPRF-SP";"DEL02-SP";"UOP01-DEL02-SP"
417099;2022-02-25;"sexta-feira";"10:40:00";"AC";364;259;"SENA MADUREIRA";"Afundamento ou ondulação no pavimento";"Colisão traseira";"Sem Vítimas";"Pleno dia";"Crescente";"Céu Claro";"Simples";"Reta";"Não";2;0;0;0;2;0;0;2;-9,15827898;-68,57672498;"SPRF-AC";"DEL01-AC";"UOP01-DEL01-AC"
417100;2022-02-25;"sexta-feira";"12:50:00";"RS";116;234;"ESTANCIA VELHA";"Acessar a via sem observar a presença dos outros veículos";"Colisão lateral mesmo sentido";"Com Vítimas Feridas";"Pleno dia";"Decrescente";"Céu Claro";"Simples";"Reta";"Sim";2;0;1;0;1;0;1;2;-29,65121313;-51,1444433;"SPRF-RS";"DEL01-RS";"UOP02-DEL01-RS"
417102;2022-02-25;"sexta-feira";"12:40:00";"ES";101;144;"LINHARES";"Condutor deixou de manter distância do veículo da frente";"Colisão lateral mesmo sentido";"Com Vítimas Feridas";"Pleno dia";"Decrescente";"Sol";"Múltipla";"Reta";"Sim";2;0;1;0;1;0;1;2;-19,35188295;-40,0636685;"SPRF-ES";"DEL04-ES";"UOP01-DEL04-ES"
417104;2022-02-13;"domingo";"09:40:00";"PR";277;601;"CASCAVEL";"Transitar no acostamento";"Colisão lateral mesmo sentido";"Com Vítimas Feridas";"Pleno dia";"Decrescente";"Céu Claro";"Dupla";"Reta";"Não";3;0;1;0;0;2;1;3;-25,01834069;-53,54356825;"SPRF-PR";"DEL04-PR";"UOP01-DEL04-PR"
417105;2022-02-09;"quarta-feira";"14:02:00";"RJ";101;321;"NITEROI";"Ausência de reação do condutor";"Colisão traseira";"Com Vítimas Feridas";"Pleno dia";"Crescente";"Chuva";"Dupla";"Reta";"Não";2;0;1;0;1;0;1;2;-22,86981096;-43,11046465;"SPRF-RJ";"DEL02-RJ";"UOP02-DEL02-RJ"
417106;2022-02-25;"sexta-feira";"12:30:00";"DF";70;19,6;"BRASILIA";"Reação tardia ou ineficiente do condutor";"Tombamento";"Com Vítimas Feridas";"Pleno dia";"Crescente";"Céu Claro";"Dupla";"Declive";"Não";1;0;1;0;0;0;1;1;-15,78556359;-48,23081732;"SPRF-DF";"DEL03-DF";"UOP02-DEL03-DF"
417107;2022-02-25;"sexta-feira";"12:55:00";"SP";116;282;"ITAPECERICA DA SERRA";"Ausência de reação do condutor";"Colisão lateral mesmo sentido";"Com Vítimas Feridas";"Pleno dia";"Crescente";"Céu Claro";"Dupla";"Reta";"Sim";5;0;2;0;2;1;2;3;-23,68570216;-46,85970975;"SPRF-SP";"DEL04-SP";"UOP01-DEL04-SP"
417111;2022-02-01;"terça-feira";"11:30:00";"GO";153;322;"RIANAPOLIS";"Desrespeitar a preferência no cruzamento";"Colisão transversal";"Com Vítimas Feridas";"Pleno dia";"Crescente";"Nublado";"Simples";"Interseção de Vias";"Não";2;0;1;0;1;0;1;2;-15,464819;-49,499485;"SPRF-GO";"DEL02-GO";"UOP02-DEL02-GO"
417115;2022-02-25;"sexta-feira";"13:10:00";"MA";10;254,5;"IMPERATRIZ";"Condutor deixou de manter distância do veículo da frente";"Colisão traseira";"Sem Vítimas";"Pleno dia";"Crescente";"Chuva";"Simples";"Interseção de Vias";"Sim";2;0;0;0;2;0;0;2;-5,517879;-47,471581;"SPRF-MA";"DEL04-MA";"UOP01-DEL04-MA"
417116;2022-02-25;"sexta-feira";"08:50:00";"PR";476;297;"SAO MATEUS DO SUL";"Ultrapassagem Indevida";"Colisão frontal";"Com Vítimas Feridas";"Pleno dia";"Crescente";"Chuva";"Simples";"Reta";"Não";2;0;1;1;0;0;2;2;-25,969906;-50,538979;"SPRF-PR";"DEL02-PR";"UOP04-DEL02-PR"
417117;2022-02-25;"sexta-feira";"14:00:00";"ES";262;49,2;"MARECHAL FLORIANO";"Velocidade Incompatível";"Saída de leito carroçável";"Com Vítimas Feridas";"Pleno dia";"Decrescente";"Céu Claro";"Simples";"Curva";"Não";5;0;4;1;0;0;5;1;-20,41251052;-40,69798571;"SPRF-ES";"DEL01-ES";"UOP01-DEL01-ES"
417118;2022-01-15;"sábado";"21:55:00";"MA";222;407,8;"SANTA LUZIA";"Reação tardia ou ineficiente do condutor";"Colisão frontal";"Com Vítimas Feridas";"Plena Noite";"Crescente";"Céu Claro";"Simples";"Reta";"Sim";2;0;0;2;0;0;2;2;-3,95887508;-45,66223495;"SPRF-MA";"DEL02-MA";"UOP01-DEL02-MA"
417119;2022-02-25;"sexta-feira";"12:30:00";"TO";153;681;"CARIRI DO TOCANTINS";"Manobra de mudança de faixa";"Colisão lateral mesmo sentido";"Com Vítimas Feridas";"Pleno dia";"Decrescente";"Céu Claro";"Simples";"Reta";"Sim";2;0;1;0;0;1;1;2;-11,7976418167;-49,1215723869;"SPRF-TO";"DEL01-TO";"UOP02-DEL01-TO"
417120;2022-02-25;"sexta-feira";"14:20:00";"MA";222;339;"IGARAPE DO MEIO";"Conversão proibida";"Colisão lateral sentido oposto";"Com Vítimas Feridas";"Pleno dia";"Decrescente";"Chuva";"Simples";"Reta";"Sim";2;0;1;0;1;0;1;2;-3,64870509;-45,20075695;"SPRF-MA";"DEL02-MA";"UOP01-DEL02-MA"
417121;2022-02-25;"sexta-feira";"11:40:00";"PR";277;311;"GUARAPUAVA";"Ultrapassagem Indevida";"Colisão frontal";"Com Vítimas Feridas";"Pleno dia";"Crescente";"Chuva";"Simples";"Reta";"Não";4;0;1;2;1;0;3;2;-25,31576601;-51,18861896;"SPRF-PR";"DEL08-PR";"UOP01-DEL08-PR"
417123;2022-02-25;"sexta-feira";"14:40:00";"PE";101;51;"ABREU E LIMA";"Afundamento ou ondulação no pavimento";"Tombamento";"Com Vítimas Feridas";"Pleno dia";"Decrescente";"Sol";"Múltipla";"Reta";"Sim";3;0;2;0;1;0;2;2;-7,9169968;-34,89689272;"SPRF-PE";"DEL01-PE";"UOP02-DEL01-PE"
417124;2022-02-25;"sexta-feira";"13:10:00";"RJ";393;280,3;"BARRA DO PIRAI";"Transitar no acostamento";"Colisão transversal";"Com Vítimas Feridas";"Pleno dia";"Crescente";"Céu Claro";"Simples";"Reta";"Sim";3;0;1;0;2;0;1;2;-22,47750785;-44,01954402;"SPRF-RJ";"DEL05-RJ";"UOP04-DEL05-RJ"
417125;2022-02-25;"sexta-feira";"14:20:00";"MG";50;68;"UBERLANDIA";"Desrespeitar a preferência no cruzamento";"Colisão transversal";"Com Vítimas Feridas";"Pleno dia";"Decrescente";"Céu Claro";"Simples";"Interseção de Vias";"Sim";2;0;1;0;1;0;1;2;-18,85140204;-48,25345932;"SPRF-MG";"DEL15-MG";"UOP02-DEL15-MG"
417126;2022-02-25;"sexta-feira";"15:00:00";"GO";40;24;"LUZIANIA";"Acessar a via sem observar a presença dos outros veículos";"Colisão transversal";"Sem Vítimas";"Pleno dia";"Crescente";"Sol";"Dupla";"Interseção de Vias";"Sim";2;0;0;0;2;0;0;2;-16,252738;-47,900437;"SPRF-DF";"DEL01-DF";"UOP01-DEL01-DF"
417130;2022-01-26;"quarta-feira";"20:10:00";"PI";230;196;"OEIRAS";"Pedestre andava na pista";"Atropelamento de Pedestre";"Com Vítimas Feridas";"Pleno dia";"Crescente";"Céu Claro";"Simples";"Reta";"Sim";2;0;0;1;0;1;1;2;-7,00554;-42,11866;"SPRF-PI";"DEL04-PI";"UOP01-DEL04-PI"
417131;2022-02-25;"sexta-feira";"15:55:00";"RN";304;242;"RIACHUELO";"Acessar a via sem observar a presença dos outros veículos";"Colisão transversal";"Com Vítimas Feridas";"Pleno dia";"Decrescente";"Sol";"Simples";"Reta";"Sim";2;0;1;0;1;0;1;2;-5,81157;-35,821495;"SPRF-RN";"DEL01-RN";"UOP02-DEL01-RN"
417132;2022-02-25;"sexta-feira";"15:00:00";"DF";20;10;"BRASILIA";"Mal súbito do condutor";"Tombamento";"Com Vítimas Feridas";"Pleno dia";"Crescente";"Céu Claro";"Dupla";"Aclive";"Sim";1;0;1;0;0;0;1;1;-15,650243;-47,773872;"SPRF-DF";"DEL02-DF";"UOP01-DEL02-DF"
417134;2022-02-25;"sexta-feira";"12:30:00";"PR";277;175;"PALMEIRA";"Avarias e/ou desgaste excessivo no pneu";"Colisão lateral sentido oposto";"Com Vítimas Feridas";"Pleno dia";"Decrescente";"Garoa/Chuvisco";"Simples";"Curva";"Não";8;0;1;2;5;0;3;3;-25,43987872;-49,97389289;"SPRF-PR";"DEL03-PR";"UOP03-DEL03-PR"
417135;2022-02-25;"sexta-feira";"15:35:00";"RS";386;226;"MORMACO";"Reação tardia ou ineficiente do condutor";"Saída de leito carroçável";"Com Vítimas Feridas";"Pleno dia";"Decrescente";"Nublado";"Simples";"Declive";"Não";3;0;3;0;0;0;3;1;-28,671412;-52,609882;"SPRF-RS";"DEL04-RS";"UOP03-DEL04-RS"
417137;2022-02-25;"sexta-feira";"12:30:00";"SC";282;409,4;"CATANDUVAS";"Acessar a via sem observar a presença dos outros veículos";"Colisão transversal";"Com Vítimas Feridas";"Pleno dia";"Decrescente";"Céu Claro";"Simples";"Declive";"Sim";2;0;1;0;1;0;1;2;-27,065756;-51,664165;"SPRF-SC";"DEL07-SC";"UOP05-DEL07-SC"
417141;2022-01-17;"segunda-feira";"00:25:00";"PA";308;167;"CAPANEMA";"Condutor deixou de manter distância do veículo da frente";"Colisão traseira";"Com Vítimas Feridas";"Plena Noite";"Crescente";"Céu Claro";"Simples";"Reta";"Não";2;0;1;0;0;1;1;2;-1,1940003;-47,04443392;"SPRF-PA";"DEL01-PA";"UOP03-DEL01-PA"
417142;2022-02-25;"sexta-feira";"15:00:00";"RO";364;236,8;"CACOAL";"Condutor usando celular";"Colisão traseira";"Com Vítimas Feridas";"Pleno dia";"Decrescente";"Nublado";"Simples";"Reta";"Sim";2;0;1;0;1;0;1;2;-11,44587672;-61,43784993;"SPRF-RO";"DEL02-RO";"UOP02-DEL02-RO"
417143;2022-02-25;"sexta-feira";"16:00:00";"MG";381;846;"POUSO ALEGRE";"Ausência de reação do condutor";"Saída de leito carroçável";"Com Vítimas Feridas";"Pleno dia";"Decrescente";"Nublado";"Dupla";"Reta";"Não";1;0;1;0;0;0;1;1;-22,2442938;-45,88357198;"SPRF-MG";"DEL16-MG";"UOP01-DEL16-MG"
417145;2022-02-25;"sexta-feira";"13:40:00";"CE";116;49;"PACAJUS";"Demais falhas mecânicas ou elétricas";"Incêndio";"Com Vítimas Feridas";"Pleno dia";"Decrescente";"Céu Claro";"Dupla";"Declive";"Sim";1;0;1;0;0;0;1;1;-4,16328731;-38,48649674;"SPRF-CE";"DEL01-CE";"UOP02-DEL01-CE"
417150;2022-02-25;"sexta-feira";"08:35:00";"MG";262;803;"UBERABA";"Condutor deixou de manter distância do veículo da frente";"Colisão traseira";"Com Vítimas Feridas";"Pleno dia";"Crescente";"Céu Claro";"Dupla";"Reta";"Sim";2;0;1;0;1;0;1;2;-19,77509606;-47,97201785;"SPRF-MG";"DEL13-MG";"UOP01-DEL13-MG"
417151;2022-02-25;"sexta-feira";"14:55:00";"RR";174;511;"BOA VISTA";"Acessar a via sem observar a presença dos outros veículos";"Colisão transversal";"Com Vítimas Feridas";"Pleno dia";"Crescente";"Céu Claro";"Simples";"Reta";"Não";4;0;2;1;1;0;3;2;2,87703651;-60,69826126;"SPRF-RR";"DEL01-RR";"UOP01-DEL01-RR"
417152;2022-02-25;"sexta-feira";"15:46:00";"PR";376;4;"MANDAGUARI";"Transitar na contramão";"Atropelamento de Pedestre";"Com Vítimas Feridas";"Pleno dia";"Crescente";"Garoa/Chuvisco";"Simples";"Reta";"Sim";2;0;1;0;0;1;1;2;-23,51738441;-51,68271303;"SPRF-PR";"DEL09-PR";"UOP01-DEL09-PR"
417153;2022-02-25;"sexta-feira";"16:50:00";"PI";316;241;"INHUMA";"Acessar a via sem observar a presença dos outros veículos";"Colisão transversal";"Com Vítimas Fatais";"Pleno dia";"Crescente";"Céu Claro";"Simples";"Interseção de Vias;Reta";"Sim";4;1;1;0;2;0;1;2;-6,66104611;-41,71767496;"SPRF-PI";"DEL04-PI";"UOP02-DEL04-PI"
417154;2022-02-25;"sexta-feira";"16:40:00";"RN";101;83;"SAO GONCALO DO AMARANTE";"Desrespeitar a preferência no cruzamento";"Colisão transversal";"Com Vítimas Feridas";"Pleno dia";"Crescente";"Céu Claro";"Dupla";"Rotatória";"Sim";3;0;1;0;2;0;1;2;-5,7710445;-35,26616981;"SPRF-RN";"DEL02-RN";"UOP01-DEL02-RN"
417155;2022-02-25;"sexta-feira";"17:00:00";"SC";101;216,2;"PALHOCA";"Condutor deixou de manter distância do veículo da frente";"Colisão lateral mesmo sentido";"Com Vítimas Feridas";"Pleno dia";"Decrescente";"Nublado";"Dupla";"Reta";"Sim";2;0;1;0;1;0;1;2;-27,65981409;-48,67747798;"SPRF-SC";"DEL01-SC";"UOP02-DEL01-SC"
417156;2022-02-25;"sexta-feira";"17:00:00";"PR";272;375,2;"CAMPO MOURAO";"Chuva";"Queda de ocupante de veículo";"Com Vítimas Feridas";"Pleno dia";"Crescente";"Chuva";"Simples";"Reta";"Não";1;0;0;1;0;0;1;1;-24,06289941;-52,47365702;"SPRF-PR";"DEL09-PR";"UOP03-DEL09-PR"
417157;2022-02-25;"sexta-feira";"17:05:00";"GO";153;494;"GOIANIA";"Condutor deixou de manter distância do veículo da frente";"Colisão traseira";"Com Vítimas Feridas";"Pleno dia";"Crescente";"Céu Claro";"Dupla";"Reta";"Sim";2;0;1;0;1;0;1;2;-16,6614;-49,2218;"SPRF-GO";"DEL01-GO";"UOP01-DEL01-GO"
417160;2022-02-25;"sexta-feira";"17:18:00";"PR";277;113;"CAMPO LARGO";"Reação tardia ou ineficiente do condutor";"Colisão traseira";"Com Vítimas Feridas";"Pleno dia";"Crescente";"Céu Claro";"Dupla";"Reta";"Sim";3;0;1;0;2;0;1;2;-25,42970087;-49,37850986;"SPRF-PR";"DEL01-PR";"UOP03-DEL03-PR"
417161;2022-02-25;"sexta-feira";"16:00:00";"MT";364;602;"DIAMANTINO";"Acessar a via sem observar a presença dos outros veículos";"Colisão transversal";"Com Vítimas Feridas";"Pleno dia";"Crescente";"Céu Claro";"Simples";"Reta";"Não";3;0;1;1;1;0;2;2;-14,50074988;-56,22375052;"SPRF-MT";"DEL01-MT";"UOP01-DEL01-MT"
417162;2022-02-25;"sexta-feira";"16:00:00";"ES";101;303,8;"VIANA";"Demais falhas mecânicas ou elétricas";"Tombamento";"Com Vítimas Feridas";"Pleno dia";"Decrescente";"Céu Claro";"Dupla";"Reta";"Sim";2;0;2;0;0;0;2;1;-20,37695747;-40,44527144;"SPRF-ES";"DEL01-ES";"UOP01-DEL01-ES"
417163;2022-02-25;"sexta-feira";"17:20:00";"MA";135;75,4;"SANTA RITA";"Reação tardia ou ineficiente do condutor";"Engavetamento";"Sem Vítimas";"Pleno dia";"Crescente";"Céu Claro";"Simples";"Reta";"Não";13;0;0;0;13;0;0;5;-3,1813069;-44,34687119;"SPRF-MA";"DEL01-MA";"UOP02-DEL01-MA"
417164;2022-02-25;"sexta-feira";"15:35:00";"RO";364;15;"VILHENA";"Acessar a via sem observar a presença dos outros veículos";"Colisão lateral mesmo sentido";"Com Vítimas Feridas";"Pleno dia";"Decrescente";"Céu Claro";"Simples";"Reta";"Sim";2;0;1;0;1;0;1;2;-12,73672751;-60,14804088;"SPRF-RO";"DEL04-RO";"UOP01-DEL04-RO"
417165;2022-02-25;"sexta-feira";"01:10:00";"SC";282;50,7;"AGUAS MORNAS";"Reação tardia ou ineficiente do condutor";"Saída de leito carroçável";"Sem Vítimas";"Plena Noite";"Crescente";"Ignorado";"Simples";"Curva";"Não";2;0;0;0;0;2;0;1;-27,708536;-48,952251;"SPRF-SC";"DEL01-SC";"UOP03-DEL01-SC"
417166;2022-02-25;"sexta-feira";"15:45:00";"MT";364;222,7;"RONDONOPOLIS";"Demais falhas mecânicas ou elétricas";"Incêndio";"Sem Vítimas";"Pleno dia";"Decrescente";"Céu Claro";"Dupla";"Reta";"Não";1;0;0;0;1;0;0;1;-16,33227499;-54,74804497;"SPRF-MT";"DEL02-MT";"UOP01-DEL02-MT"
417167;2022-02-25;"sexta-feira";"10:00:00";"MA";316;55;"MARACACUME";"Manobra de mudança de faixa";"Colisão frontal";"Com Vítimas Feridas";"Pleno dia";"Crescente";"Céu Claro";"Simples";"Reta";"Sim";6;0;0;1;5;0;1;2;-2,040685;-45,964996;"SPRF-MA";"DEL02-MA";"UOP02-DEL02-MA"
417168;2022-02-25;"sexta-feira";"16:30:00";"CE";222;4,5;"CAUCAIA";"Pedestre cruzava a pista fora da faixa";"Atropelamento de Pedestre";"Com Vítimas Feridas";"Pleno dia";"Crescente";"Nublado";"Múltipla";"Reta";"Sim";2;0;0;1;1;0;1;2;-3,74164754;-38,60449792;"SPRF-CE";"DEL01-CE";"UOP01-DEL01-CE"
417170;2022-02-25;"sexta-feira";"17:45:00";"RJ";0;0;"RIO DE JANEIRO";"Reação tardia ou ineficiente do condutor";"Colisão transversal";"Sem Vítimas";"Pleno dia";"Não Informado";"Céu Claro";"Dupla";"Reta";"Não";3;0;0;0;3;0;0;2;-22,87762735;-43,81714951;"SPRF-RJ";"DEL03-RJ";"UOP01-DEL03-RJ"
417173;2022-02-25;"sexta-feira";"17:50:00";"GO";60;92,5;"ANAPOLIS";"Acessar a via sem observar a presença dos outros veículos";"Colisão lateral mesmo sentido";"Com Vítimas Feridas";"Pleno dia";"Crescente";"Céu Claro";"Múltipla";"Reta";"Sim";6;0;1;0;5;0;1;4;-16,3538;-48,9268;"SPRF-GO";"DEL02-GO";"UOP01-DEL02-GO"
417174;2022-02-25;"sexta-feira";"17:40:00";"PR";376;592;"CURITIBA";"Condutor deixou de manter distância do veículo da frente";"Colisão traseira";"Com Vítimas Feridas";"Pleno dia";"Crescente";"Céu Claro";"Dupla";"Reta";"Sim";3;0;1;0;2;0;1;2;-25,46833525;-49,35524543;"SPRF-PR";"DEL01-PR";"UOP01-DEL01-PR"
417175;2022-02-25;"sexta-feira";"18:00:00";"SP";116;223;"GUARULHOS";"Manobra de mudança de faixa";"Colisão lateral mesmo sentido";"Com Vítimas Feridas";"Anoitecer";"Decrescente";"Céu Claro";"Múltipla";"Reta";"Sim";2;0;1;0;1;0;1;2;-23,47559815;-46,5246609;"SPRF-SP";"DEL01-SP";"UOP01-DEL01-SP"
417176;2022-02-25;"sexta-feira";"09:30:00";"PR";277;310;"GUARAPUAVA";"Reação tardia ou ineficiente do condutor";"Saída de leito carroçável";"Com Vítimas Feridas";"Pleno dia";"Crescente";"Chuva";"Simples";"Reta";"Não";2;0;2;0;0;0;2;1;-25,3124214;-51,18087407;"SPRF-PR";"DEL08-PR";"UOP01-DEL08-PR"
417177;2022-02-25;"sexta-feira";"14:20:00";"MA";230;389,5;"BALSAS";"Ultrapassagem Indevida";"Saída de leito carroçável";"Com Vítimas Feridas";"Pleno dia";"Crescente";"Céu Claro";"Simples";"Declive";"Não";1;0;1;0;0;0;1;1;-7,40078704;-45,9875699;"SPRF-MA";"DEL05-MA";"UOP01-DEL05-MA"
417178;2022-02-25;"sexta-feira";"18:10:00";"SC";282;4,8;"SAO JOSE";"Condutor deixou de manter distância do veículo da frente";"Engavetamento";"Com Vítimas Feridas";"Pleno dia";"Decrescente";"Nublado";"Múltipla";"Reta";"Sim";3;0;2;0;1;0;2;3;-27,592646;-48,604034;"SPRF-SC";"DEL01-SC";"UOP01-DEL01-SC"
417179;2022-02-25;"sexta-feira";"08:30:00";"SC";101;133;"BALNEARIO CAMBORIU";"Reação tardia ou ineficiente do condutor";"Colisão lateral mesmo sentido";"Com Vítimas Feridas";"Pleno dia";"Crescente";"Céu Claro";"Simples";"Reta";"Sim";3;0;1;1;1;0;2;2;-27,00037933;-48,64625931;"SPRF-SC";"DEL04-SC";"UOP03-DEL04-SC"
417180;2022-02-25;"sexta-feira";"17:50:00";"PR";277;96;"CURITIBA";"Acessar a via sem observar a presença dos outros veículos";"Colisão transversal";"Com Vítimas Feridas";"Anoitecer";"Decrescente";"Céu Claro";"Dupla";"Aclive;Interseção de Vias";"Sim";2;0;1;0;1;0;1;2;-25,43087157;-49,33381408;"SPRF-PR";"DEL01-PR";"UOP01-DEL01-PR"
417181;2022-02-25;"sexta-feira";"18:10:00";"ES";262;110;"VENDA NOVA DO IMIGRANTE";"Ingestão de álcool pelo condutor";"Saída de leito carroçável";"Sem Vítimas";"Anoitecer";"Decrescente";"Nublado";"Simples";"Reta";"Sim";1;0;0;0;1;0;0;1;-20,3364276;-41,18081802;"SPRF-ES";"DEL01-ES";"UOP02-DEL01-ES"