"id";"data_inversa";"dia_semana";"horario";"uf";"br";"km";"municipio";"causa_acidente";"tipo_acidente";"classificacao_acidente";"fase_dia";"sentido_via";"condicao_metereologica";"tipo_pista";"tracado_via";"uso_solo";"pessoas";"mortos";"feridos_leves";"feridos_graves";"ilesos";"ignorados";"feridos";"veiculos";"latitude";"longitude";"regional";"delegacia";"uop"
417410;2022-02-26;"sábado";"15:13:00";"RJ";101;307;"SAO GONCALO";"Trafegar com motocicleta (ou similar) entre as faixas";"Colisão lateral mesmo sentido";"Com Vítimas Feridas";"Pleno dia";"Decrescente";"Céu Claro";"Múltipla";"Reta";"Sim";2;0;1;0;1;0;1;2;-22,79115777;-43,01514205;"SPRF-RJ";"DEL02-RJ";"UOP02-DEL02-RJ"
417411;2022-02-26;"sábado";"16:25:00";"RS";116;251;"SAPUCAIA DO SUL";"Acessar a via sem observar a presença dos outros veículos";"Colisão traseira";"Com Vítimas Feridas";"Pleno dia";"Decrescente";"Céu Claro";"Múltipla";"Interseção de Vias";"Sim";2;0;1;0;1;0;1;2;-29,80035406;-51,16550365;"SPRF-RS";"DEL01-RS";"UOP02-DEL01-RS"
417413;2022-02-26;"sábado";"15:50:00";"PR";277;151;"PORTO AMAZONAS";"Demais falhas mecânicas ou elétricas";"Queda de ocupante de veículo";"Com Vítimas Feridas";"Pleno dia";"Crescente";"Céu Claro";"Simples";"Reta";"Não";2;0;2;0;0;0;2;1;-25,47289;-49,895964;"SPRF-PR";"DEL01-PR";"UOP03-DEL03-PR"
417415;2022-02-26;"sábado";"17:15:00";"CE";222;3,6;"FORTALEZA";"Ultrapassagem Indevida";"Colisão lateral mesmo sentido";"Com Vítimas Feridas";"Pleno dia";"Decrescente";"Céu Claro";"Dupla";"Aclive";"Sim";2;0;1;0;1;0;1;2;-3,74111255;-38,60073209;"SPRF-CE";"DEL01-CE";"UOP01-DEL01-CE"
417416;2022-02-26;"sábado";"15:05:00";"PI";343;311;"ALTOS";"Acessar a via sem observar a presença dos outros veículos";"Colisão transversal";"Com Vítimas Feridas";"Pleno dia";"Decrescente";"Nublado";"Simples";"Reta";"Sim";2;0;1;0;1;0;1;2;-5,039865;-42,49408;"SPRF-PI";"DEL01-PI";"UOP01-DEL01-PI"
417417;2022-02-26;"sábado";"17:30:00";"MG";381;884,2;"ESTIVA";"Ausência de reação do condutor";"Tombamento";"Com Vítimas Feridas";"Pleno dia";"Decrescente";"Nublado";"Dupla";"Reta";"Não";1;0;0;1;0;0;1;1;-22,49529554;-46,01326895;"SPRF-MG";"DEL16-MG";"UOP03-DEL16-MG"
417418;2022-02-26;"sábado";"16:50:00";"MG";262;353;"BETIM";"Velocidade Incompatível";"Atropelamento de Pedestre";"Com Vítimas Fatais";"Anoitecer";"Decrescente";"Nublado";"Dupla";"Reta";"Não";2;1;0;0;0;1;0;2;-19,95947688;-44,15416308;"SPRF-MG";"DEL01-MG";"UOP03-DEL01-MG"
417419;2022-02-26;"sábado";"16:00:00";"RJ";101;206;"CASIMIRO DE ABREU";"Acessar a via sem observar a presença dos outros veículos";"Colisão transversal";"Sem Vítimas";"Pleno dia";"Crescente";"Sol";"Simples";"Reta";"Sim";2;0;0;0;1;1;0;2;-22,47673341;-42,2017251;"SPRF-RJ";"DEL08-RJ";"UOP04-DEL08-RJ"
417421;2022-02-26;"sábado";"17:22:00";"BA";324;623;"SALVADOR";"Condutor deixou de manter distância do veículo da frente";"Colisão lateral mesmo sentido";"Com Vítimas Feridas";"Pleno dia";"Decrescente";"Céu Claro";"Dupla";"Reta";"Sim";2;0;1;0;1;0;1;2;-12,92628699;-38,46838679;"SPRF-BA";"DEL01-BA";"UOP01-DEL01-BA"
417423;2022-02-26;"sábado";"16:25:00";"MG";262;374;"JUATUBA";"Manobra de mudança de faixa";"Capotamento";"Com Vítimas Feridas";"Pleno dia";"Decrescente";"Céu Claro";"Dupla";"Curva";"Sim";4;0;3;0;0;1;3;2;-19,96727284;-44,33288566;"SPRF-MG";"DEL01-MG";"UOP03-DEL01-MG"
417425;2022-02-26;"sábado";"18:05:00";"MG";381;454,3;"BELO HORIZONTE";"Ausência de reação do condutor";"Colisão traseira";"Com Vítimas Feridas";"Anoitecer";"Crescente";"Céu Claro";"Simples";"Reta";"Sim";4;0;1;1;0;2;2;3;-19,85593827;-43,89662047;"SPRF-MG";"DEL01-MG";"UOP01-DEL01-MG"
417426;2022-02-26;"sábado";"17:20:00";"SC";282;21,2;"PALHOCA";"Trafegar com motocicleta (ou similar) entre as faixas";"Colisão lateral sentido oposto";"Com Vítimas Feridas";"Pleno dia";"Crescente";"Nublado";"Simples";"Reta";"Sim";3;0;1;0;1;1;1;3;-27,68860608;-48,72074425;"SPRF-SC";"DEL01-SC";"UOP02-DEL01-SC"
417427;2022-02-26;"sábado";"17:41:00";"PR";369;156;"LONDRINA";"Ingestão de álcool pelo condutor";"Colisão traseira";"Sem Vítimas";"Pleno dia";"Crescente";"Céu Claro";"Dupla";"Retorno Regulamentado;Reta";"Sim";2;0;0;0;1;1;0;2;-23,29134691;-51,21751875;"SPRF-PR";"DEL07-PR";"UOP01-DEL07-PR"
417428;2022-02-26;"sábado";"18:28:00";"AP";210;0,1;"MACAPA";"Acessar a via sem observar a presença dos outros veículos";"Colisão lateral mesmo sentido";"Com Vítimas Feridas";"Anoitecer";"Crescente";"Céu Claro";"Dupla";"Reta";"Sim";3;0;2;0;1;0;2;2;0,07780012;-51,06097;"SPRF-AP";"DEL01-AP";"UOP01-DEL01-AP"
417429;2022-02-26;"sábado";"18:25:00";"PR";277;232,3;"FERNANDES PINHEIRO";"Acessar a via sem observar a presença dos outros veículos";"Colisão transversal";"Com Vítimas Feridas";"Pleno dia";"Decrescente";"Sol";"Simples";"Reta;Declive;Retorno Regulamentado";"Não";6;0;0;1;5;0;1;2;-25,4639447;-50,55562919;"SPRF-PR";"DEL03-PR";"UOP03-DEL03-PR"
417430;2022-02-26;"sábado";"15:30:00";"PR";153;464;"PAULA FREITAS";"Acessar a via sem observar a presença dos outros veículos";"Colisão transversal";"Sem Vítimas";"Pleno dia";"Crescente";"Sol";"Simples";"Interseção de Vias";"Não";2;0;0;0;2;0;0;2;-26,172022;-50,91258;"SPRF-PR";"DEL02-PR";"UOP03-DEL02-PR"
417431;2022-02-26;"sábado";"17:30:00";"GO";153;601,8;"MORRINHOS";"Demais falhas na via";"Saída de leito carroçável";"Com Vítimas Feridas";"Pleno dia";"Decrescente";"Céu Claro";"Dupla";"Declive";"Não";5;0;5;0;0;0;5;1;-17,5606;-49,2023;"SPRF-GO";"DEL03-GO";"UOP01-DEL03-GO"
417432;2022-02-26;"sábado";"17:55:00";"PR";163;80,3;"PLANALTO";"Velocidade Incompatível";"Saída de leito carroçável";"Com Vítimas Feridas";"Pleno dia";"Crescente";"Céu Claro";"Simples";"Reta;Aclive";"Não";5;0;4;0;0;1;4;2;-25,725019;-53,779996;"SPRF-PR";"DEL02-PR";"UOP02-DEL02-PR"
417433;2022-02-26;"sábado";"18:00:00";"SP";381;58;"MAIRIPORA";"Condutor deixou de manter distância do veículo da frente";"Engavetamento";"Sem Vítimas";"Anoitecer";"Decrescente";"Céu Claro";"Dupla";"Reta";"Sim";4;0;0;0;4;0;0;4;-23,27438497;-46,58530615;"SPRF-SP";"DEL03-SP";"UOP01-DEL03-SP"
417435;2022-02-26;"sábado";"16:20:00";"MG";365;702,4;"MONTE ALEGRE DE MINAS";"Demais falhas mecânicas ou elétricas";"Incêndio";"Sem Vítimas";"Pleno dia";"Crescente";"Céu Claro";"Dupla";"Reta;Aclive";"Não";3;0;0;0;3;0;0;1;-18,88155254;-49,01713205;"SPRF-MG";"DEL15-MG";"UOP03-DEL15-MG"
417436;2022-02-26;"sábado";"16:35:00";"MG";381;529,5;"BRUMADINHO";"Acumulo de areia ou detritos sobre o pavimento";"Saída de leito carroçável";"Com Vítimas Feridas";"Pleno dia";"Crescente";"Céu Claro";"Dupla";"Curva";"Não";2;0;1;0;1;0;1;1;-20,16619722;-44,36914378;"SPRF-MG";"DEL04-MG";"UOP03-DEL04-MG"
417437;2022-02-26;"sábado";"18:50:00";"CE";222;8;"CAUCAIA";"Animais na Pista";"Atropelamento de Animal";"Com Vítimas Feridas";"Plena Noite";"Decrescente";"Céu Claro";"Dupla";"Reta";"Sim";1;0;1;0;0;0;1;1;-3,75363558;-38,63803121;"SPRF-CE";"DEL01-CE";"UOP01-DEL01-CE"
417438;2022-02-26;"sábado";"18:50:00";"RS";386;375,3;"FAZENDA VILANOVA";"Demais falhas mecânicas ou elétricas";"Saída de leito carroçável";"Com Vítimas Feridas";"Plena Noite";"Decrescente";"Céu Claro";"Dupla";"Reta";"Não";2;0;2;0;0;0;2;1;-29,61998065;-51,78018451;"SPRF-RS";"DEL04-RS";"UOP02-DEL04-RS"
417439;2022-02-26;"sábado";"19:00:00";"ES";262;100;"VENDA NOVA DO IMIGRANTE";"Chuva";"Colisão traseira";"Com Vítimas Feridas";"Plena Noite";"Crescente";"Chuva";"Simples";"Curva;Declive";"Não";2;0;0;1;1;0;1;1;-20,34889991;-41,102073;"SPRF-ES";"DEL01-ES";"UOP02-DEL01-ES"
417440;2022-02-26;"sábado";"17:00:00";"BA";420;287,5;"LAJE";"Condutor deixou de manter distância do veículo da frente";"Colisão traseira";"Com Vítimas Feridas";"Pleno dia";"Decrescente";"Céu Claro";"Simples";"Curva";"Não";3;0;1;0;1;1;1;2;-13,16566624;-39,31194847;"SPRF-BA";"DEL03-BA";"UOP01-DEL03-BA"
417441;2022-02-26;"sábado";"19:40:00";"SP";116;214;"GUARULHOS";"Manobra de mudança de faixa";"Colisão com objeto";"Com Vítimas Feridas";"Plena Noite";"Crescente";"Céu Claro";"Múltipla";"Reta";"Sim";2;0;2;0;0;0;2;1;-23,44333014;-46,44531294;"SPRF-SP";"DEL01-SP";"UOP01-DEL01-SP"
417442;2022-02-26;"sábado";"19:30:00";"PR";376;631,6;"SAO JOSE DOS PINHAIS";"Ingestão de álcool pelo condutor";"Atropelamento de Pedestre";"Com Vítimas Feridas";"Plena Noite";"Crescente";"Nublado";"Dupla";"Reta";"Não";4;0;0;1;3;0;1;2;-25,716315;-49,138469;"SPRF-PR";"DEL01-PR";"UOP04-DEL01-PR"
417443;2022-02-26;"sábado";"16:06:00";"PI";135;582;"CORRENTE";"Reação tardia ou ineficiente do condutor";"Capotamento";"Com Vítimas Feridas";"Pleno dia";"Decrescente";"Sol";"Simples";"Reta";"Não";2;0;0;1;0;1;1;2;-10,37061994;-45,16516453;"SPRF-PI";"DEL03-PI";"UOP02-DEL03-PI"
417445;2022-02-26;"sábado";"17:30:00";"MG";459;61,8;"IPUIUNA";"Ingestão de álcool pelo condutor";"Colisão lateral sentido oposto";"Com Vítimas Feridas";"Pleno dia";"Decrescente";"Céu Claro";"Simples";"Interseção de Vias";"Não";2;0;1;0;1;0;1;2;-22,10418378;-46,17768656;"SPRF-MG";"DEL09-MG";"UOP01-DEL09-MG"
417446;2022-02-26;"sábado";"19:15:00";"MG";40;45,5;"PARACATU";"Entrada inopinada do pedestre";"Atropelamento de Pedestre";"Com Vítimas Feridas";"Plena Noite";"Crescente";"Céu Claro";"Simples";"Reta";"Sim";2;0;1;1;0;0;2;2;-17,23484299;-46,84810996;"SPRF-MG";"DEL14-MG";"UOP01-DEL14-MG"
417450;2022-02-26;"sábado";"20:30:00";"PE";101;64;"RECIFE";"Ingestão de álcool pelo condutor";"Colisão com objeto";"Com Vítimas Feridas";"Plena Noite";"Crescente";"Nublado";"Dupla";"Reta";"Sim";1;0;0;1;0;0;1;1;-8,0162921;-34,94045886;"SPRF-PE";"DEL01-PE";"UOP01-DEL01-PE"
417452;2022-02-26;"sábado";"20:20:00";"PE";101;63,9;"RECIFE";"Reação tardia ou ineficiente do condutor";"Colisão lateral mesmo sentido";"Com Vítimas Feridas";"Plena Noite";"Crescente";"Céu Claro";"Dupla";"Viaduto";"Sim";3;0;3;0;0;0;3;2;-8,016629;-34,940898;"SPRF-PE";"DEL01-PE";"UOP01-DEL01-PE"
417453;2022-02-26;"sábado";"19:10:00";"RN";101;81;"NATAL";"Conversão proibida";"Colisão lateral mesmo sentido";"Com Vítimas Feridas";"Plena Noite";"Decrescente";"Céu Claro";"Dupla";"Interseção de Vias";"Sim";2;0;1;0;1;0;1;2;-5,76469466;-35,28295988;"SPRF-RN";"DEL02-RN";"UOP01-DEL02-RN"
417454;2022-02-26;"sábado";"17:30:00";"PR";280;307;"BARRACAO";"Reação tardia ou ineficiente do condutor";"Saída de leito carroçável";"Com Vítimas Feridas";"Pleno dia";"Crescente";"Sol";"Simples";"Reta";"Não";3;0;3;0;0;0;3;1;-26,29164494;-53,45571501;"SPRF-PR";"DEL02-PR";"UOP01-DEL02-PR"
417456;2022-02-26;"sábado";"17:45:00";"PI";343;156,8;"BRASILEIRA";"Acumulo de água sobre o pavimento";"Saída de leito carroçável";"Com Vítimas Feridas";"Anoitecer";"Decrescente";"Chuva";"Simples";"Reta";"Não";3;0;2;0;1;0;2;1;-4,038049;-41,771606;"SPRF-PI";"DEL02-PI";"UOP01-DEL02-PI"
417457;2022-02-26;"sábado";"15:52:00";"SC";282;109,7;"ALFREDO WAGNER";"Velocidade Incompatível";"Colisão frontal";"Com Vítimas Fatais";"Pleno dia";"Crescente";"Chuva";"Simples";"Curva";"Não";5;1;1;2;1;0;3;2;-27,7257632;-49,3595816;"SPRF-SC";"DEL01-SC";"UOP03-DEL01-SC"
417459;2022-02-26;"sábado";"20:40:00";"GO";60;164;"GOIANIA";"Ausência de reação do condutor";"Colisão traseira";"Com Vítimas Feridas";"Plena Noite";"Decrescente";"Céu Claro";"Múltipla";"Reta";"Sim";2;0;2;0;0;0;2;2;-16,7036;-49,342;"SPRF-GO";"DEL01-GO";"UOP02-DEL01-GO"
417460;2022-02-26;"sábado";"21:25:00";"CE";116;13;"FORTALEZA";"Ingestão de álcool pelo condutor";"Colisão traseira";"Com Vítimas Feridas";"Plena Noite";"Crescente";"Ignorado";"Dupla";"Curva";"Sim";5;0;1;0;4;0;1;2;-3,86088501;-38,49715296;"SPRF-CE";"DEL01-CE";"UOP02-DEL01-CE"
417461;2022-02-26;"sábado";"20:30:00";"GO";251;30,5;"CRISTALINA";"Velocidade Incompatível";"Colisão lateral sentido oposto";"Com Vítimas Feridas";"Plena Noite";"Crescente";"Céu Claro";"Simples";"Reta";"Sim";2;0;0;1;1;0;1;2;-16,07868173;-47,52646923;"SPRF-DF";"DEL01-DF";"UOP01-DEL01-DF"
417462;2022-02-26;"sábado";"20:15:00";"SC";101;411,3;"ARARANGUA";"Ausência de reação do condutor";"Colisão com objeto";"Com Vítimas Feridas";"Plena Noite";"Crescente";"Céu Claro";"Simples";"Rotatória";"Sim";1;0;1;0;0;0;1;1;-28,94970232;-49,50715587;"SPRF-SC";"DEL02-SC";"UOP02-DEL02-SC"
417463;2022-02-26;"sábado";"21:30:00";"GO";80;379;"SAO MIGUEL DO ARAGUAIA";"Reação tardia ou ineficiente do condutor";"Colisão traseira";"Com Vítimas Feridas";"Plena Noite";"Decrescente";"Céu Claro";"Simples";"Reta";"Não";4;0;1;1;1;1;2;3;-13;-50;"SPRF-GO";"DEL07-GO";"UOP02-DEL07-GO"
417464;2022-02-26;"sábado";"21:05:00";"SC";101;144,9;"ITAPEMA";"Ausência de reação do condutor";"Colisão lateral mesmo sentido";"Com Vítimas Feridas";"Plena Noite";"Decrescente";"Nublado";"Dupla";"Reta";"Não";2;0;0;1;1;0;1;2;-27,0732659;-48,59672716;"SPRF-SC";"DEL04-SC";"UOP03-DEL04-SC"
417465;2022-02-26;"sábado";"12:35:00";"RJ";40;61;"PETROPOLIS";"Transitar na contramão";"Colisão frontal";"Com Vítimas Feridas";"Pleno dia";"Decrescente";"Céu Claro";"Dupla";"Curva";"Sim";2;0;1;0;1;0;1;2;-22,40240833;-43,13786279;"SPRF-RJ";"DEL05-RJ";"UOP02-DEL05-RJ"
417466;2022-02-26;"sábado";"21:45:00";"PI";316;311,7;"PICOS";"Ausência de reação do condutor";"Tombamento";"Com Vítimas Feridas";"Plena Noite";"Decrescente";"Céu Claro";"Dupla";"Reta";"Sim";1;0;0;1;0;0;1;1;-7,076331;-41,46596;"SPRF-PI";"DEL04-PI";"UOP01-DEL04-PI"
417472;2022-02-26;"sábado";"19:30:00";"MT";163;717;"SORRISO";"Demais falhas mecânicas ou elétricas";"Incêndio";"Sem Vítimas";"Plena Noite";"Decrescente";"Nublado";"Simples";"Curva";"Não";1;0;0;0;1;0;0;1;-12,94593709;-55,86559775;"SPRF-MT";"DEL06-MT";"UOP01-DEL06-MT"
417473;2022-02-26;"sábado";"16:00:00";"SC";282;258,6;"SAO JOSE DO CERRITO";"Velocidade Incompatível";"Saída de leito carroçável";"Com Vítimas Fatais";"Pleno dia";"Decrescente";"Céu Claro";"Simples";"Declive;Curva";"Não";1;1;0;0;0;0;0;1;-27,65598301;-50,59680852;"SPRF-SC";"DEL05-SC";"UOP02-DEL05-SC"
417474;2022-02-26;"sábado";"21:18:00";"PR";277;455;"LARANJEIRAS DO SUL";"Ingestão de álcool pelo condutor";"Colisão transversal";"Sem Vítimas";"Plena Noite";"Crescente";"Céu Claro";"Simples";"Curva";"Sim";2;0;0;0;2;0;0;2;-25,36980336;-52,37913399;"SPRF-PR";"DEL04-PR";"UOP02-DEL04-PR"
417475;2022-02-26;"sábado";"21:30:00";"RS";287;392,9;"SANTIAGO";"Desrespeitar a preferência no cruzamento";"Colisão transversal";"Sem Vítimas";"Plena Noite";"Decrescente";"Céu Claro";"Simples";"Interseção de Vias";"Sim";4;0;0;0;4;0;0;2;-29,21667085;-54,84347105;"SPRF-RS";"DEL12-RS";"UOP02-DEL12-RS"
417477;2022-02-26;"sábado";"21:10:00";"MG";116;528,7;"CARATINGA";"Velocidade Incompatível";"Colisão traseira";"Com Vítimas Feridas";"Plena Noite";"Decrescente";"Céu Claro";"Simples";"Reta;Aclive";"Sim";2;0;1;0;1;0;1;2;-19,794033;-42,13731414;"SPRF-MG";"DEL06-MG";"UOP02-DEL06-MG"
417479;2022-02-26;"sábado";"20:00:00";"RO";364;311;"PRESIDENTE MEDICI";"Ausência de reação do condutor";"Colisão traseira";"Com Vítimas Feridas";"Plena Noite";"Decrescente";"Céu Claro";"Simples";"Reta";"Não";2;0;1;0;1;0;1;2;-11,14536599;-61,90141244;"SPRF-RO";"DEL02-RO";"UOP01-DEL02-RO"
417480;2022-02-26;"sábado";"19:10:00";"BA";101;812,6;"PRADO";"Transitar na contramão";"Colisão frontal";"Sem Vítimas";"Pleno dia";"Decrescente";"Céu Claro";"Simples";"Aclive";"Sim";2;0;0;0;2;0;0;2;-17,22336625;-39,61335894;"SPRF-BA";"DEL09-BA";"UOP02-DEL09-BA"
417481;2022-02-26;"sábado";"10:50:00";"SC";101;283;"IMBITUBA";"Avarias e/ou desgaste excessivo no pneu";"Tombamento";"Com Vítimas Feridas";"Pleno dia";"Decrescente";"Céu Claro";"Dupla";"Reta";"Não";2;0;2;0;0;0;2;1;-28,20457404;-48,6984006;"SPRF-SC";"DEL02-SC";"UOP03-DEL02-SC"
417482;2022-02-26;"sábado";"22:45:00";"PR";476;140,8;"CURITIBA";"Entrada inopinada do pedestre";"Atropelamento de Pedestre";"Com Vítimas Feridas";"Plena Noite";"Crescente";"Nublado";"Dupla";"Reta";"Sim";3;0;0;1;2;0;1;2;-25,520693;-49,294121;"SPRF-PR";"DEL01-PR";"UOP03-DEL01-PR"
417483;2022-02-26;"sábado";"23:00:00";"ES";262;73,2;"DOMINGOS MARTINS";"Reação tardia ou ineficiente do condutor";"Saída de leito carroçável";"Com Vítimas Fatais";"Plena Noite";"Crescente";"Chuva";"Simples";"Ponte";"Não";5;1;2;2;0;0;4;1;-20,4096181;-40,88680029;"SPRF-ES";"DEL01-ES";"UOP02-DEL01-ES"
417484;2022-02-26;"sábado";"20:00:00";"SC";163;112,2;"GUARUJA DO SUL";"Condutor deixou de manter distância do veículo da frente";"Colisão traseira";"Com Vítimas Feridas";"Plena Noite";"Decrescente";"Céu Claro";"Simples";"Reta";"Sim";3;0;2;0;1;0;2;2;-26,38992051;-53,51708056;"SPRF-SC";"DEL07-SC";"UOP03-DEL07-SC"
417485;2022-02-26;"sábado";"20:30:00";"SC";116;246,9;"LAGES";"Desrespeitar a preferência no cruzamento";"Colisão transversal";"Sem Vítimas";"Plena Noite";"Crescente";"Céu Claro";"Simples";"Rotatória";"Sim";2;0;0;0;2;0;0;2;-27,8111899;-50,36794782;"SPRF-SC";"DEL05-SC";"UOP02-DEL05-SC"
417487;2022-02-26;"sábado";"22:30:00";"RO";364;710;"PORTO VELHO";"Reação tardia ou ineficiente do condutor";"Colisão traseira";"Sem Vítimas";"Plena Noite";"Crescente";"Nublado";"Dupla";"Reta";"Sim";2;0;0;0;2;0;0;2;-8,78621576;-63,85712687;"SPRF-RO";"DEL01-RO";"UOP01-DEL01-RO"
417488;2022-02-26;"sábado";"23:30:00";"SC";470;100,1;"APIUNA";"Ausência de reação do condutor";"Colisão com objeto";"Com Vítimas Feridas";"Plena Noite";"Crescente";"Nublado";"Simples";"Curva";"Sim";1;0;1;0;0;0;1;1;-27,045143;-49,394142;"SPRF-SC";"DEL04-SC";"UOP02-DEL04-SC"
417489;2022-02-26;"sábado";"20:50:00";"SC";101;132,6;"BALNEARIO CAMBORIU";"Reação tardia ou ineficiente do condutor";"Colisão traseira";"Com Vítimas Feridas";"Plena Noite";"Crescente";"Nublado";"Simples";"Reta";"Sim";2;0;0;1;1;0;1;2;-26,99654133;-48,65564711;"SPRF-SC";"DEL04-SC";"UOP03-DEL04-SC"
417490;2022-02-26;"sábado";"23:30:00";"SP";116;206;"ARUJA";"Condutor deixou de manter distância do veículo da frente";"Colisão traseira";"Com Vítimas Feridas";"Plena Noite";"Decrescente";"Céu Claro";"Dupla";"Reta";"Sim";3;0;1;1;0;1;2;2;-23,41722629;-46,37510292;"SPRF-SP";"DEL01-SP";"UOP01-DEL01-SP"
417492;2022-02-26;"sábado";"21:00:00";"PR";476;278;"SAO MATEUS DO SUL";"Ingestão de álcool pelo condutor";"Colisão transversal";"Com Vítimas Feridas";"Plena Noite";"Crescente";"Nublado";"Simples";"Reta";"Não";3;0;1;1;1;0;2;2;-25,868753;-50,396477;"SPRF-PR";"DEL02-PR";"UOP04-DEL02-PR"
417493;2022-02-26;"sábado";"21:40:00";"PR";153;340;"IRATI";"Acessar a via sem observar a presença dos outros veículos";"Colisão transversal";"Com Vítimas Feridas";"Plena Noite";"Decrescente";"Céu Claro";"Simples";"Reta";"Não";3;0;1;0;1;1;1;2;-25,53261708;-50,65493196;"SPRF-PR";"DEL03-PR";"UOP03-DEL03-PR"
417495;2022-02-26;"sábado";"23:40:00";"RJ";40;118;"DUQUE DE CAXIAS";"Ingestão de álcool pelo condutor";"Colisão frontal";"Com Vítimas Feridas";"Plena Noite";"Crescente";"Céu Claro";"Dupla";"Curva;Viaduto";"Sim";2;0;0;1;1;0;1;2;-22,75470802;-43,28737838;"SPRF-RJ";"DEL01-RJ";"UOP01-DEL01-RJ"
417496;2022-02-26;"sábado";"21:15:00";"MT";364;442,7;"VARZEA GRANDE";"Pedestre andava na pista";"Atropelamento de Pedestre";"Com Vítimas Feridas";"Plena Noite";"Decrescente";"Céu Claro";"Simples";"Reta";"Não";2;0;0;1;1;0;1;2;-15,64778792;-56,19701256;"SPRF-MT";"DEL01-MT";"UOP02-DEL01-MT"
417497;2022-02-26;"sábado";"22:00:00";"PE";101;7;"GOIANA";"Condutor Dormindo";"Saída de leito carroçável";"Com Vítimas Feridas";"Plena Noite";"Decrescente";"Céu Claro";"Dupla";"Curva";"Não";2;0;1;1;0;0;2;1;-7,55997111;-34,99072674;"SPRF-PE";"DEL01-PE";"UOP02-DEL01-PE"
417498;2022-02-27;"domingo";"00:05:00";"SC";101;212;"PALHOCA";"Ausência de sinalização";"Colisão traseira";"Com Vítimas Feridas";"Plena Noite";"Decrescente";"Céu Claro";"Múltipla";"Reta";"Sim";3;0;0;1;2;0;1;3;-27,62996929;-48,65903871;"SPRF-SC";"DEL01-SC";"UOP02-DEL01-SC"
417500;2022-02-26;"sábado";"23:05:00";"SC";101;371,1;"ICARA";"Condutor Dormindo";"Saída de leito carroçável";"Com Vítimas Feridas";"Plena Noite";"Decrescente";"Céu Claro";"Dupla";"Reta";"Não";6;0;4;2;0;0;6;1;-28,70403682;-49,2008731;"SPRF-SC";"DEL02-SC";"UOP01-DEL02-SC"
417501;2022-02-27;"domingo";"00:30:00";"MT";70;0;"BARRA DO GARCAS";"Condutor deixou de manter distância do veículo da frente";"Colisão traseira";"Sem Vítimas";"Plena Noite";"Crescente";"Céu Claro";"Simples";"Ponte";"Sim";2;0;0;0;2;0;0;2;-15,895538;-52,25599;"SPRF-MT";"DEL07-MT";"UOP01-DEL07-MT"
417502;2022-02-26;"sábado";"18:20:00";"RO";435;119;"CEREJEIRAS";"Reação tardia ou ineficiente do condutor";"Colisão traseira";"Com Vítimas Feridas";"Plena Noite";"Decrescente";"Chuva";"Simples";"Declive";"Não";2;0;1;0;1;0;1;2;-13,18624309;-60,77446401;"SPRF-RO";"DEL04-RO";"UOP02-DEL04-RO"
417503;2022-02-27;"domingo";"00:25:00";"SP";116;69,3;"APARECIDA";"Transitar na contramão";"Colisão frontal";"Com Vítimas Fatais";"Plena Noite";"Decrescente";"Nublado";"Dupla";"Curva";"Sim";3;1;0;0;1;1;0;3;-22,83354783;-45,21713313;"SPRF-SP";"DEL08-SP";"UOP01-DEL08-SP"
417504;2022-02-26;"sábado";"23:55:00";"RS";101;53;"TERRA DE AREIA";"Condutor Dormindo";"Colisão com objeto";"Com Vítimas Feridas";"Plena Noite";"Decrescente";"Nublado";"Dupla";"Reta";"Não";4;0;3;1;0;0;4;1;-29,63086099;-50,10144414;"SPRF-RS";"DEL03-RS";"UOP02-DEL03-RS"
417506;2022-02-27;"domingo";"00:45:00";"SP";116;112,5;"TAUBATE";"Reação tardia ou ineficiente do condutor";"Colisão traseira";"Com Vítimas Feridas";"Plena Noite";"Decrescente";"Céu Claro";"Dupla";"Reta";"Sim";3;0;2;0;1;0;2;2;-23,04159343;-45,57065616;"SPRF-SP";"DEL02-SP";"UOP02-DEL02-SP"
417509;2022-02-27;"domingo";"00:15:00";"SE";235;2;"ARACAJU";"Velocidade Incompatível";"Saída de leito carroçável";"Com Vítimas Feridas";"Plena Noite";"Crescente";"Céu Claro";"Dupla";"Reta";"Sim";1;0;0;1;0;0;1;1;-10,9062;-37,1034;"SPRF-SE";"DEL01-SE";"UOP01-DEL01-SE"
417510;2022-02-27;"domingo";"01:00:00";"PB";230;78,2;"RIACHAO DO POCO";"Ingestão de álcool pelo condutor";"Colisão frontal";"Com Vítimas Feridas";"Plena Noite";"Decrescente";"Nublado";"Dupla";"Reta";"Não";9;0;8;0;0;1;8;2;-7,1849;-35,2955;"SPRF-PB";"DEL01-PB";"UOP03-DEL01-PB"
417512;2022-02-27;"domingo";"01:00:00";"PR";116;142;"MANDIRITUBA";"Ingestão de álcool pelo condutor";"Saída de leito carroçável";"Sem Vítimas";"Plena Noite";"Decrescente";"Nublado";"Dupla";"Rotatória";"Sim";1;0;0;0;1;0;0;1;-25,746524;-49,31741923;"SPRF-PR";"DEL01-PR";"UOP03-DEL01-PR"
417513;2022-02-27;"domingo";"00:45:00";"RS";158;210;"CRUZ ALTA";"Ingestão de álcool pelo condutor";"Saída de leito carroçável";"Com Vítimas Feridas";"Plena Noite";"Decrescente";"Céu Claro";"Simples";"Curva;Em Obras";"Não";3;0;1;0;2;0;1;1;-28,77429107;-53,59701445;"SPRF-RS";"DEL10-RS";"UOP02-DEL10-RS"