"id";"data_inversa";"dia_semana";"horario";"uf";"br";"km";"municipio";"causa_acidente";"tipo_acidente";"classificacao_acidente";"fase_dia";"sentido_via";"condicao_metereologica";"tipo_pista";"tracado_via";"uso_solo";"pessoas";"mortos";"feridos_leves";"feridos_graves";"ilesos";"ignorados";"feridos";"veiculos";"latitude";"longitude";"regional";"delegacia";"uop"
417514;2022-02-27;"domingo";"00:35:00";"DF";251;39;"BRASILIA";"Ultrapassagem Indevida";"Colisão lateral mesmo sentido";"Sem Vítimas";"Plena Noite";"Crescente";"Céu Claro";"Simples";"Declive";"Não";2;0;0;0;2;0;0;2;-15,938971;-47,805567;"SPRF-DF";"DEL01-DF";"UOP01-DEL01-DF"
417515;2022-02-26;"sábado";"23:30:00";"MG";116;296,5;"ITAMBACURI";"Demais falhas na via";"Saída de leito carroçável";"Sem Vítimas";"Plena Noite";"Decrescente";"Céu Claro";"Simples";"Curva";"Não";1;0;0;0;1;0;0;1;-18,0024301;-41,58315485;"SPRF-MG";"DEL11-MG";"UOP01-DEL11-MG"
417516;2022-02-27;"domingo";"00:01:00";"SC";280;27,5;"ARAQUARI";"Reação tardia ou ineficiente do condutor";"Colisão com objeto";"Com Vítimas Feridas";"Plena Noite";"Crescente";"Nublado";"Simples";"Em Obras;Reta";"Não";1;0;1;0;0;0;1;1;-26,40258216;-48,74425113;"SPRF-SC";"DEL03-SC";"UOP03-DEL03-SC"
417517;2022-02-27;"domingo";"00:00:00";"RS";290;149;"ELDORADO DO SUL";"Reação tardia ou ineficiente do condutor";"Saída de leito carroçável";"Com Vítimas Feridas";"Plena Noite";"Crescente";"Céu Claro";"Simples";"Ponte";"Não";1;0;1;0;0;0;1;1;-30,106575;-51,696537;"SPRF-RS";"DEL02-RS";"UOP01-DEL02-RS"
417518;2022-02-27;"domingo";"02:10:00";"RS";116;143,8;"CAXIAS DO SUL";"Ingestão de álcool pelo condutor";"Colisão com objeto";"Sem Vítimas";"Plena Noite";"Crescente";"Ignorado";"Dupla";"Curva";"Sim";1;0;0;0;0;1;0;1;-29,1201739;-51,12260651;"SPRF-RS";"DEL05-RS";"UOP01-DEL05-RS"
417519;2022-02-26;"sábado";"19:30:00";"BA";116;332;"TEOFILANDIA";"Acessar a via sem observar a presença dos outros veículos";"Colisão transversal";"Com Vítimas Feridas";"Plena Noite";"Decrescente";"Céu Claro";"Simples";"Reta";"Sim";2;0;2;0;0;0;2;2;-11,43477914;-38,97735167;"SPRF-BA";"DEL02-BA";"UOP01-DEL02-BA"
417522;2022-02-27;"domingo";"03:40:00";"SC";101;193,1;"BIGUACU";"Ausência de reação do condutor";"Saída de leito carroçável";"Com Vítimas Feridas";"Plena Noite";"Decrescente";"Céu Claro";"Múltipla";"Curva";"Sim";3;0;3;0;0;0;3;1;-27,489574;-48,655914;"SPRF-SC";"DEL01-SC";"UOP01-DEL01-SC"
417524;2022-02-27;"domingo";"03:30:00";"SP";116;278;"EMBU DAS ARTES";"Pedestre cruzava a pista fora da faixa";"Atropelamento de Pedestre";"Com Vítimas Fatais";"Plena Noite";"Decrescente";"Nublado";"Dupla";"Reta";"Sim";2;1;0;0;1;0;0;2;-23,65508497;-46,84918605;"SPRF-SP";"DEL04-SP";"UOP01-DEL04-SP"
417525;2022-02-27;"domingo";"03:57:00";"MG";381;695;"LAVRAS";"Condutor Dormindo";"Saída de leito carroçável";"Com Vítimas Feridas";"Plena Noite";"Crescente";"Céu Claro";"Dupla";"Reta";"Não";2;0;1;0;1;0;1;1;-21,27640386;-45,13914121;"SPRF-MG";"DEL04-MG";"UOP02-DEL04-MG"
417526;2022-02-26;"sábado";"23:00:00";"RJ";356;155;"CAMPOS DOS GOYTACAZES";"Transitar na contramão";"Colisão lateral sentido oposto";"Sem Vítimas";"Plena Noite";"Decrescente";"Céu Claro";"Simples";"Reta";"Não";3;0;0;0;3;0;0;3;-21,74815;-41,22062;"SPRF-RJ";"DEL08-RJ";"UOP02-DEL08-RJ"
417528;2022-02-27;"domingo";"03:55:00";"RS";386;245,3;"SOLEDADE";"Ingestão de álcool pelo condutor";"Saída de leito carroçável";"Sem Vítimas";"Plena Noite";"Crescente";"Ignorado";"Simples";"Reta";"Sim";1;0;0;0;1;0;0;1;-28,802004;-52,509708;"SPRF-RS";"DEL04-RS";"UOP03-DEL04-RS"
417530;2022-02-27;"domingo";"04:30:00";"SC";101;201;"SAO JOSE";"Reação tardia ou ineficiente do condutor";"Colisão com objeto";"Com Vítimas Feridas";"Plena Noite";"Decrescente";"Céu Claro";"Múltipla";"Reta";"Sim";4;0;3;0;0;1;3;1;-27,54836599;-48,61977975;"SPRF-SC";"DEL01-SC";"UOP01-DEL01-SC"
417531;2022-02-27;"domingo";"03:45:00";"PR";277;424,9;"CANTAGALO";"Condutor Dormindo";"Saída de leito carroçável";"Com Vítimas Feridas";"Plena Noite";"Decrescente";"Céu Claro";"Simples";"Aclive;Reta";"Não";1;0;1;0;0;0;1;1;-25,38919955;-52,11074682;"SPRF-PR";"DEL04-PR";"UOP02-DEL04-PR"
417532;2022-02-27;"domingo";"04:15:00";"SC";101;206,8;"SAO JOSE";"Ingestão de álcool pelo condutor";"Saída de leito carroçável";"Sem Vítimas";"Plena Noite";"Decrescente";"Nublado";"Múltipla";"Reta";"Sim";1;0;0;0;1;0;0;1;-27,59193546;-48,61824557;"SPRF-SC";"DEL01-SC";"UOP01-DEL01-SC"
417533;2022-02-27;"domingo";"04:50:00";"ES";101;399;"RIO NOVO DO SUL";"Reação tardia ou ineficiente do condutor";"Tombamento";"Com Vítimas Feridas";"Plena Noite";"Crescente";"Céu Claro";"Simples";"Reta";"Não";1;0;0;1;0;0;1;1;-20,87819123;-40,96568078;"SPRF-ES";"DEL03-ES";"UOP02-DEL03-ES"
417534;2022-02-27;"domingo";"01:05:00";"RN";406;33,1;"GUAMARE";"Ingestão de álcool pelo condutor";"Saída de leito carroçável";"Sem Vítimas";"Plena Noite";"Decrescente";"Céu Claro";"Simples";"Reta";"Não";1;0;0;0;1;0;0;1;-5,2503936;-36,36877625;"SPRF-RN";"DEL02-RN";"UOP01-DEL02-RN"
417535;2022-02-27;"domingo";"03:30:00";"MS";376;140,4;"IVINHEMA";"Ingestão de álcool pelo condutor";"Saída de leito carroçável";"Com Vítimas Fatais";"Plena Noite";"Decrescente";"Nublado";"Simples";"Reta";"Não";4;1;0;1;0;2;1;2;-22,39159634;-53,64611313;"SPRF-MS";"DEL04-MS";"UOP04-DEL04-MS"
417536;2022-02-27;"domingo";"03:20:00";"SC";101;42;"JOINVILLE";"Ingestão de álcool pelo condutor";"Saída de leito carroçável";"Sem Vítimas";"Plena Noite";"Crescente";"Céu Claro";"Simples";"Reta";"Sim";5;0;0;0;5;0;0;1;-26,29251598;-48,88474385;"SPRF-SC";"DEL03-SC";"UOP01-DEL03-SC"
417538;2022-02-27;"domingo";"04:30:00";"CE";222;226;"SOBRAL";"Ingestão de álcool pelo condutor";"Colisão com objeto";"Com Vítimas Feridas";"Amanhecer";"Crescente";"Céu Claro";"Simples";"Reta";"Não";1;0;1;0;0;0;1;1;-3,70648417;-40,36099807;"SPRF-CE";"DEL04-CE";"UOP01-DEL04-CE"
417539;2022-02-27;"domingo";"04:10:00";"MS";163;471;"CAMPO GRANDE";"Ausência de reação do condutor";"Tombamento";"Com Vítimas Feridas";"Amanhecer";"Decrescente";"Céu Claro";"Simples";"Curva";"Não";1;0;1;0;0;0;1;1;-20,55130516;-54,5571612;"SPRF-MS";"DEL01-MS";"UOP01-DEL01-MS"
417540;2022-02-27;"domingo";"03:00:00";"MS";158;260;"TRES LAGOAS";"Condutor Dormindo";"Saída de leito carroçável";"Com Vítimas Feridas";"Plena Noite";"Crescente";"Céu Claro";"Simples";"Declive";"Não";1;0;1;0;0;0;1;1;-20,72107489;-51,74683283;"SPRF-MS";"DEL07-MS";"UOP01-DEL07-MS"
417541;2022-02-27;"domingo";"03:00:00";"SC";101;41,9;"JOINVILLE";"Entrada inopinada do pedestre";"Atropelamento de Pedestre";"Com Vítimas Fatais";"Plena Noite";"Decrescente";"Céu Claro";"Dupla";"Reta";"Sim";2;1;0;0;0;1;0;2;-26,32400537;-48,86726137;"SPRF-SC";"DEL03-SC";"UOP01-DEL03-SC"
417542;2022-02-27;"domingo";"05:15:00";"RS";472;538;"URUGUAIANA";"Acesso irregular";"Colisão transversal";"Com Vítimas Feridas";"Plena Noite";"Crescente";"Céu Claro";"Simples";"Reta";"Não";2;0;1;0;0;1;1;2;-29,54191952;-56,8101651;"SPRF-RS";"DEL13-RS";"UOP01-DEL13-RS"
417543;2022-02-27;"domingo";"04:30:00";"MG";262;802,5;"UBERABA";"Iluminação deficiente";"Atropelamento de Animal";"Com Vítimas Feridas";"Plena Noite";"Decrescente";"Céu Claro";"Dupla";"Curva";"Sim";2;0;2;0;0;0;2;1;-19,779234;-47,964844;"SPRF-MG";"DEL13-MG";"UOP01-DEL13-MG"
417544;2022-02-26;"sábado";"16:40:00";"MG";267;82;"JUIZ DE FORA";"Acessar a via sem observar a presença dos outros veículos";"Colisão transversal";"Com Vítimas Feridas";"Pleno dia";"Crescente";"Nublado";"Simples";"Reta";"Não";2;0;1;0;1;0;1;2;-21,76161026;-43,22888598;"SPRF-MG";"DEL05-MG";"UOP01-DEL05-MG"
417546;2022-02-27;"domingo";"05:30:00";"RS";386;45,5;"SEBERI";"Velocidade Incompatível";"Tombamento";"Com Vítimas Feridas";"Amanhecer";"Crescente";"Céu Claro";"Simples";"Curva";"Não";1;0;1;0;0;0;1;1;-27,448933;-53,414272;"SPRF-RS";"DEL08-RS";"UOP02-DEL08-RS"
417547;2022-02-27;"domingo";"03:30:00";"RS";287;403;"SANTIAGO";"Velocidade Incompatível";"Capotamento";"Com Vítimas Feridas";"Plena Noite";"Crescente";"Céu Claro";"Simples";"Rotatória";"Sim";2;0;1;0;1;0;1;1;-29,1405531;-54,89037922;"SPRF-RS";"DEL12-RS";"UOP02-DEL12-RS"
417548;2022-02-27;"domingo";"05:20:00";"MT";163;837;"SINOP";"Reação tardia ou ineficiente do condutor";"Queda de ocupante de veículo";"Com Vítimas Feridas";"Amanhecer";"Crescente";"Céu Claro";"Simples";"Reta";"Sim";1;0;0;1;0;0;1;1;-11,968963;-55,51695578;"SPRF-MT";"DEL06-MT";"NPF/DEL06-MT"
417549;2022-02-26;"sábado";"17:50:00";"SC";280;91;"CORUPA";"Acumulo de óleo sobre o pavimento";"Queda de ocupante de veículo";"Com Vítimas Feridas";"Anoitecer";"Crescente";"Céu Claro";"Simples";"Aclive;Curva";"Não";2;0;2;0;0;0;2;1;-26,40198057;-49,29053774;"SPRF-SC";"DEL06-SC";"UOP03-DEL06-SC"
417550;2022-02-27;"domingo";"04:20:00";"SC";280;91;"CORUPA";"Ingestão de álcool pelo condutor";"Colisão frontal";"Com Vítimas Feridas";"Plena Noite";"Crescente";"Céu Claro";"Simples";"Curva;Aclive";"Não";2;0;1;0;1;0;1;2;-26,40814892;-49,2830801;"SPRF-SC";"DEL06-SC";"UOP03-DEL06-SC"
417551;2022-02-27;"domingo";"04:15:00";"AC";364;123;"RIO BRANCO";"Ausência de reação do condutor";"Saída de leito carroçável";"Com Vítimas Feridas";"Plena Noite";"Crescente";"Céu Claro";"Dupla";"Reta";"Sim";1;0;1;0;0;0;1;1;-10,0117071;-67,782373;"SPRF-AC";"DEL01-AC";"UOP01-DEL01-AC"
417552;2022-02-27;"domingo";"05:30:00";"CE";222;314,5;"TIANGUA";"Ausência de reação do condutor";"Saída de leito carroçável";"Com Vítimas Fatais";"Amanhecer";"Crescente";"Céu Claro";"Simples";"Reta";"Sim";1;1;0;0;0;0;0;1;-3,73110045;-41,00095099;"SPRF-CE";"DEL04-CE";"UOP02-DEL04-CE"
417553;2022-02-27;"domingo";"06:30:00";"CE";20;407;"CAUCAIA";"Chuva";"Tombamento";"Com Vítimas Feridas";"Pleno dia";"Decrescente";"Chuva";"Dupla";"Reta";"Sim";1;0;1;0;0;0;1;1;-3,76999035;-38,67006282;"SPRF-CE";"DEL01-CE";"UOP01-DEL01-CE"
417555;2022-02-27;"domingo";"05:45:00";"SC";470;9,9;"NAVEGANTES";"Transitar na contramão";"Colisão frontal";"Com Vítimas Feridas";"Amanhecer";"Crescente";"Nevoeiro/Neblina";"Simples";"Interseção de Vias;Em Obras";"Sim";3;0;3;0;0;0;3;2;-26,833143;-48,727432;"SPRF-SC";"DEL04-SC";"UOP04-DEL04-SC"
417557;2022-02-27;"domingo";"06:00:00";"MG";381;941,1;"EXTREMA";"Ingestão de álcool pelo condutor";"Colisão frontal";"Com Vítimas Feridas";"Amanhecer";"Crescente";"Céu Claro";"Dupla";"Curva;Aclive";"Não";4;0;2;0;2;0;2;2;-22,8295833;-46,31473672;"SPRF-MG";"DEL16-MG";"UOP03-DEL16-MG"
417558;2022-02-27;"domingo";"06:20:00";"MG";262;411,7;"IGARATINGA";"Velocidade Incompatível";"Saída de leito carroçável";"Com Vítimas Feridas";"Amanhecer";"Decrescente";"Céu Claro";"Dupla";"Curva";"Não";2;0;1;0;1;0;1;1;-19,88744145;-44,64074377;"SPRF-MG";"DEL08-MG";"UOP03-DEL08-MG"
417559;2022-02-27;"domingo";"04:45:00";"MG";50;178,8;"UBERABA";"Condutor Dormindo";"Saída de leito carroçável";"Sem Vítimas";"Plena Noite";"Crescente";"Céu Claro";"Dupla";"Reta";"Sim";2;0;0;0;2;0;0;1;-19,77896821;-47,94093599;"SPRF-MG";"DEL13-MG";"UOP01-DEL13-MG"
417561;2022-02-27;"domingo";"06:50:00";"RS";116;298,7;"GUAIBA";"Ingestão de álcool pelo condutor";"Saída de leito carroçável";"Com Vítimas Feridas";"Pleno dia";"Crescente";"Céu Claro";"Dupla";"Reta";"Não";1;0;1;0;0;0;1;1;-30,10644302;-51,34381389;"SPRF-RS";"DEL02-RS";"UOP01-DEL02-RS"
417563;2022-02-26;"sábado";"21:40:00";"PR";376;165;"MARINGA";"Ausência de reação do condutor";"Saída de leito carroçável";"Com Vítimas Feridas";"Plena Noite";"Decrescente";"Nublado";"Dupla";"Reta";"Não";1;0;1;0;0;0;1;1;-23,39038641;-52,01421918;"SPRF-PR";"DEL09-PR";"UOP01-DEL09-PR"
417564;2022-02-27;"domingo";"07:20:00";"MG";40;454;"CAETANOPOLIS";"Reação tardia ou ineficiente do condutor";"Tombamento";"Com Vítimas Feridas";"Pleno dia";"Decrescente";"Sol";"Dupla";"Reta";"Não";2;0;1;0;1;0;1;1;-19,34996189;-44,35227779;"SPRF-MG";"DEL02-MG";"UOP01-DEL02-MG"
417569;2022-02-27;"domingo";"06:40:00";"PR";277;162;"PALMEIRA";"Avarias e/ou desgaste excessivo no pneu";"Saída de leito carroçável";"Com Vítimas Feridas";"Amanhecer";"Decrescente";"Céu Claro";"Simples";"Aclive";"Não";3;0;1;2;0;0;3;1;-25,46002;-49,937685;"SPRF-PR";"DEL01-PR";"UOP03-DEL03-PR"
417573;2022-02-27;"domingo";"05:00:00";"PE";423;117,7;"PARANATAMA";"Ausência de sinalização";"Saída de leito carroçável";"Com Vítimas Feridas";"Pleno dia";"Decrescente";"Céu Claro";"Simples";"Reta";"Não";1;0;1;0;0;0;1;1;-8,90662085;-36,66901104;"SPRF-PE";"DEL03-PE";"UOP01-DEL03-PE"
417576;2022-02-27;"domingo";"07:30:00";"MG";381;509,8;"SAO JOAQUIM DE BICAS";"Acumulo de areia ou detritos sobre o pavimento";"Tombamento";"Com Vítimas Feridas";"Pleno dia";"Decrescente";"Sol";"Múltipla";"Curva";"Sim";1;0;1;0;0;0;1;1;-20,07008;-44,298819;"SPRF-MG";"DEL01-MG";"UOP03-DEL01-MG"
417579;2022-02-27;"domingo";"07:30:00";"MG";50;180;"UBERABA";"Condutor Dormindo";"Colisão traseira";"Com Vítimas Feridas";"Pleno dia";"Crescente";"Céu Claro";"Simples";"Declive";"Sim";2;0;1;0;1;0;1;2;-19,77848216;-47,92194709;"SPRF-MG";"DEL13-MG";"UOP01-DEL13-MG"
417580;2022-02-24;"quinta-feira";"07:05:00";"MG";40;514;"RIBEIRAO DAS NEVES";"Transitar no acostamento";"Colisão lateral mesmo sentido";"Com Vítimas Feridas";"Pleno dia";"Crescente";"Céu Claro";"Dupla";"Reta";"Não";2;0;1;0;0;1;1;2;-19,81112269;-44,09431458;"SPRF-MG";"DEL01-MG";"UOP02-DEL01-MG"
417582;2022-02-27;"domingo";"06:00:00";"PR";163;29,9;"SANTO ANTONIO DO SUDOESTE";"Velocidade Incompatível";"Saída de leito carroçável";"Sem Vítimas";"Amanhecer";"Crescente";"Céu Claro";"Simples";"Reta";"Não";1;0;0;0;0;1;0;1;-26,103711;-53,704688;"SPRF-PR";"DEL02-PR";"UOP02-DEL02-PR"
417583;2022-02-27;"domingo";"06:45:00";"PE";232;26;"MORENO";"Ausência de reação do condutor";"Saída de leito carroçável";"Sem Vítimas";"Pleno dia";"Decrescente";"Nublado";"Dupla";"Reta";"Não";1;0;0;0;0;1;0;1;-8,11361508;-35,11226177;"SPRF-PE";"DEL01-PE";"UOP01-DEL01-PE"
417584;2022-02-27;"domingo";"06:30:00";"SC";116;223,2;"CORREIA PINTO";"Ingestão de álcool pelo condutor";"Colisão traseira";"Sem Vítimas";"Pleno dia";"Decrescente";"Nublado";"Simples";"Reta";"Não";3;0;0;0;3;0;0;3;-27,60213889;-50,35543366;"SPRF-SC";"DEL05-SC";"UOP03-DEL05-SC"
417585;2022-02-27;"domingo";"05:50:00";"PR";476;189,6;"LAPA";"Velocidade Incompatível";"Saída de leito carroçável";"Com Vítimas Feridas";"Amanhecer";"Decrescente";"Céu Claro";"Simples";"Curva";"Não";1;0;0;1;0;0;1;1;-25,71854;-49,677685;"SPRF-PR";"DEL02-PR";"UOP04-DEL02-PR"
417586;2022-02-27;"domingo";"05:10:00";"ES";482;79,5;"ALEGRE";"Ingestão de álcool pelo condutor";"Colisão transversal";"Com Vítimas Feridas";"Amanhecer";"Crescente";"Céu Claro";"Simples";"Curva";"Não";4;0;1;0;3;0;1;2;-20,76148822;-41,50131768;"SPRF-ES";"DEL03-ES";"UOP02-DEL03-ES"
417588;2022-02-27;"domingo";"07:30:00";"RJ";101;306;"SAO GONCALO";"Manobra de mudança de faixa";"Engavetamento";"Com Vítimas Feridas";"Pleno dia";"Decrescente";"Céu Claro";"Dupla";"Reta";"Sim";8;0;1;0;7;0;1;3;-22,78913759;-43,00550909;"SPRF-RJ";"DEL02-RJ";"UOP02-DEL02-RJ"
417589;2022-02-27;"domingo";"08:30:00";"MT";163;63;"RONDONOPOLIS";"Velocidade Incompatível";"Saída de leito carroçável";"Com Vítimas Feridas";"Pleno dia";"Crescente";"Nublado";"Dupla";"Reta";"Não";1;0;1;0;0;0;1;1;-16,9619769;-54,74183828;"SPRF-MT";"DEL02-MT";"UOP01-DEL02-MT"
417593;2022-02-27;"domingo";"09:45:00";"MS";163;665;"RIO VERDE DE MATO GROSSO";"Condutor deixou de manter distância do veículo da frente";"Colisão traseira";"Com Vítimas Feridas";"Pleno dia";"Crescente";"Céu Claro";"Simples";"Reta";"Não";3;0;1;0;2;0;1;2;-19,04496622;-54,81017934;"SPRF-MS";"DEL06-MS";"UOP02-DEL06-MS"
417594;2022-02-27;"domingo";"06:00:00";"SC";470;236,2;"SAO CRISTOVAO DO SUL";"Pedestre andava na pista";"Atropelamento de Pedestre";"Com Vítimas Fatais";"Amanhecer";"Crescente";"Céu Claro";"Simples";"Curva";"Não";2;1;0;0;0;1;0;2;-27,30307;-50,447491;"SPRF-SC";"DEL05-SC";"UOP03-DEL05-SC"
417595;2022-02-27;"domingo";"07:30:00";"PR";277;665;"MATELANDIA";"Velocidade Incompatível";"Saída de leito carroçável";"Sem Vítimas";"Pleno dia";"Decrescente";"Céu Claro";"Dupla";"Reta";"Não";1;0;0;0;0;1;0;1;-25,25599605;-54,03772597;"SPRF-PR";"DEL05-PR";"UOP02-DEL05-PR"
417598;2022-02-27;"domingo";"11:08:00";"RJ";101;304,9;"SAO GONCALO";"Trafegar com motocicleta (ou similar) entre as faixas";"Colisão traseira";"Com Vítimas Feridas";"Pleno dia";"Decrescente";"Céu Claro";"Dupla";"Reta";"Não";3;0;1;0;2;0;1;2;-22,78702832;-42,99589293;"SPRF-RJ";"DEL02-RJ";"UOP02-DEL02-RJ"
417599;2022-02-27;"domingo";"11:00:00";"SC";101;371,9;"ICARA";"Demais falhas mecânicas ou elétricas";"Saída de leito carroçável";"Sem Vítimas";"Pleno dia";"Crescente";"Sol";"Dupla";"Reta";"Não";1;0;0;0;1;0;0;1;-28,71350064;-49,21880029;"SPRF-SC";"DEL02-SC";"UOP01-DEL02-SC"
417600;2022-02-27;"domingo";"09:15:00";"RS";116;156;"CAXIAS DO SUL";"Velocidade Incompatível";"Saída de leito carroçável";"Sem Vítimas";"Pleno dia";"Decrescente";"Céu Claro";"Dupla";"Reta";"Sim";1;0;0;0;1;0;0;1;-29,17694502;-51,16173896;"SPRF-RS";"DEL05-RS";"UOP01-DEL05-RS"
417601;2022-02-27;"domingo";"11:36:00";"CE";222;57,8;"SAO GONCALO DO AMARANTE";"Demais falhas mecânicas ou elétricas";"Queda de ocupante de veículo";"Com Vítimas Feridas";"Pleno dia";"Decrescente";"Céu Claro";"Simples";"Reta";"Não";2;0;2;0;0;0;2;1;-3,66996441;-39,05409799;"SPRF-CE";"DEL01-CE";"UOP03-DEL01-CE"
417602;2022-02-27;"domingo";"11:45:00";"SC";101;210;"SAO JOSE";"Desrespeitar a preferência no cruzamento";"Colisão transversal";"Com Vítimas Feridas";"Pleno dia";"Crescente";"Céu Claro";"Dupla";"Viaduto";"Sim";2;0;1;0;1;0;1;2;-27,6167305;-48,6457265;"SPRF-SC";"DEL01-SC";"UOP01-DEL01-SC"
417604;2022-02-27;"domingo";"11:40:00";"PE";424;87,6;"GARANHUNS";"Acessar a via sem observar a presença dos outros veículos";"Colisão transversal";"Com Vítimas Feridas";"Pleno dia";"Crescente";"Céu Claro";"Simples";"Curva";"Sim";5;0;3;0;2;0;3;2;-8,879656;-36,507005;"SPRF-PE";"DEL03-PE";"UOP01-DEL03-PE"
417605;2022-02-27;"domingo";"11:55:00";"ES";101;243;"SERRA";"Avarias e/ou desgaste excessivo no pneu";"Saída de leito carroçável";"Com Vítimas Feridas";"Pleno dia";"Decrescente";"Sol";"Simples";"Reta";"Não";2;0;2;0;0;0;2;1;-20,04007795;-40,39273658;"SPRF-ES";"DEL02-ES";"UOP01-DEL02-ES"
417607;2022-02-27;"domingo";"09:30:00";"GO";60;96,8;"ANAPOLIS";"Reação tardia ou ineficiente do condutor";"Queda de ocupante de veículo";"Com Vítimas Feridas";"Pleno dia";"Crescente";"Céu Claro";"Dupla";"Curva";"Sim";1;0;0;1;0;0;1;1;-16,37523681;-48,94645583;"SPRF-GO";"DEL02-GO";"UOP01-DEL02-GO"
417608;2022-02-27;"domingo";"12:30:00";"AL";104;89,5;"RIO LARGO";"Pedestre cruzava a pista fora da faixa";"Colisão transversal";"Com Vítimas Feridas";"Pleno dia";"Decrescente";"Céu Claro";"Dupla";"Retorno Regulamentado;Reta";"Não";2;0;2;0;0;0;2;2;-9,49332349;-35,80289841;"SPRF-AL";"DEL01-AL";"UOP01-DEL01-AL"
417610;2022-02-27;"domingo";"13:00:00";"SP";381;85,7;"SAO PAULO";"Acessar a via sem observar a presença dos outros veículos";"Colisão transversal";"Com Vítimas Feridas";"Pleno dia";"Crescente";"Céu Claro";"Simples";"Reta";"Sim";4;0;1;0;3;0;1;2;-23,46438797;-46,57182813;"SPRF-SP";"DEL03-SP";"UOP01-DEL03-SP"
417612;2022-02-27;"domingo";"13:00:00";"MG";40;553;"NOVA LIMA";"Avarias e/ou desgaste excessivo no pneu";"Tombamento";"Com Vítimas Feridas";"Pleno dia";"Crescente";"Céu Claro";"Dupla";"Curva";"Sim";2;0;1;1;0;0;2;1;-20,06863326;-43,98194759;"SPRF-MG";"DEL01-MG";"UOP02-DEL01-MG"
417613;2022-02-27;"domingo";"11:10:00";"RS";293;257,5;"DOM PEDRITO";"Acostamento em desnível";"Queda de ocupante de veículo";"Com Vítimas Feridas";"Pleno dia";"Decrescente";"Nublado";"Simples";"Reta";"Não";2;0;1;1;0;0;2;1;-30,94262027;-54,7262691;"SPRF-RS";"DEL11-RS";"UOP01-DEL11-RS"
417614;2022-02-27;"domingo";"11:00:00";"RJ";101;409;"ITAGUAI";"Condutor deixou de manter distância do veículo da frente";"Queda de ocupante de veículo";"Com Vítimas Feridas";"Pleno dia";"Crescente";"Céu Claro";"Dupla";"Reta";"Não";2;0;1;0;1;0;1;1;-22,88503992;-43,83250205;"SPRF-RJ";"DEL03-RJ";"UOP01-DEL03-RJ"
417616;2022-02-27;"domingo";"11:20:00";"RS";470;195;"BENTO GONCALVES";"Reação tardia ou ineficiente do condutor";"Saída de leito carroçável";"Com Vítimas Feridas";"Pleno dia";"Decrescente";"Céu Claro";"Simples";"Declive;Curva";"Não";1;0;0;1;0;0;1;1;-29,05097073;-51,58205288;"SPRF-RS";"DEL06-RS";"UOP02-DEL06-RS"
417617;2022-02-27;"domingo";"08:30:00";"MT";364;141;"PEDRA PRETA";"Manobra de mudança de faixa";"Colisão lateral mesmo sentido";"Com Vítimas Feridas";"Pleno dia";"Decrescente";"Céu Claro";"Simples";"Curva";"Não";2;0;1;0;1;0;1;2;-16,79032593;-54,211092;"SPRF-MT";"DEL02-MT";"UOP01-DEL02-MT"
417618;2022-02-27;"domingo";"12:45:00";"RS";468;17,3;"PALMEIRA DAS MISSOES";"Ausência de reação do condutor";"Saída de leito carroçável";"Com Vítimas Feridas";"Pleno dia";"Crescente";"Céu Claro";"Simples";"Reta";"Não";3;0;2;0;1;0;2;1;-27,79869732;-53,42748426;"SPRF-RS";"DEL08-RS";"UOP01-DEL08-RS"
417620;2022-02-27;"domingo";"07:30:00";"BA";415;31;"ILHEUS";"Ausência de reação do condutor";"Colisão lateral mesmo sentido";"Com Vítimas Feridas";"Pleno dia";"Decrescente";"Sol";"Dupla";"Curva";"Não";3;0;2;0;1;0;2;2;-14,8482;-39,281986;"SPRF-BA";"DEL05-BA";"UOP01-DEL05-BA"
417622;2022-02-27;"domingo";"10:35:00";"MG";116;702,2;"MURIAE";"Pista esburacada";"Tombamento";"Com Vítimas Feridas";"Pleno dia";"Decrescente";"Céu Claro";"Simples";"Reta";"Sim";1;0;1;0;0;0;1;1;-21,11938311;-42,38006362;"SPRF-MG";"DEL07-MG";"UOP02-DEL07-MG"
417623;2022-02-27;"domingo";"13:40:00";"RJ";40;56,9;"PETROPOLIS";"Acessar a via sem observar a presença dos outros veículos";"Atropelamento de Pedestre";"Com Vítimas Fatais";"Pleno dia";"Decrescente";"Céu Claro";"Simples";"Reta";"Não";4;1;0;0;3;0;0;2;-22,37490223;-43,1300359;"SPRF-RJ";"DEL05-RJ";"UOP02-DEL05-RJ"
417624;2022-02-27;"domingo";"14:45:00";"RJ";40;37;"PETROPOLIS";"Avarias e/ou desgaste excessivo no pneu";"Queda de ocupante de veículo";"Com Vítimas Feridas";"Pleno dia";"Crescente";"Céu Claro";"Dupla";"Curva";"Não";3;0;1;0;1;1;1;2;-22,22225309;-43,12711619;"SPRF-RJ";"DEL05-RJ";"UOP02-DEL05-RJ"
417629;2022-02-27;"domingo";"15:20:00";"PE";232;413,3;"SERRA TALHADA";"Acessar a via sem observar a presença dos outros veículos";"Colisão transversal";"Com Vítimas Feridas";"Pleno dia";"Crescente";"Céu Claro";"Simples";"Reta";"Sim";5;0;1;0;4;0;1;2;-7,98857087;-38,32972307;"SPRF-PE";"DEL04-PE";"UOP01-DEL04-PE"
417631;2022-02-27;"domingo";"16:00:00";"SC";470;7;"NAVEGANTES";"Reação tardia ou ineficiente do condutor";"Tombamento";"Com Vítimas Feridas";"Pleno dia";"Crescente";"Céu Claro";"Simples";"Curva";"Sim";1;0;1;0;0;0;1;1;-26,84499;-48,71505;"SPRF-SC";"DEL04-SC";"UOP04-DEL04-SC"