"id";"data_inversa";"dia_semana";"horario";"uf";"br";"km";"municipio";"causa_acidente";"tipo_acidente";"classificacao_acidente";"fase_dia";"sentido_via";"condicao_metereologica";"tipo_pista";"tracado_via";"uso_solo";"pessoas";"mortos";"feridos_leves";"feridos_graves";"ilesos";"ignorados";"feridos";"veiculos";"latitude";"longitude";"regional";"delegacia";"uop"
417863;2022-02-28;"segunda-feira";"14:00:00";"RO";364;17,4;"VILHENA";"Condutor deixou de manter distância do veículo da frente";"Colisão traseira";"Com Vítimas Feridas";"Pleno dia";"Decrescente";"Nublado";"Simples";"Reta";"Não";2;0;1;0;1;0;1;2;-12,73207998;-60,16589399;"SPRF-RO";"DEL04-RO";"UOP01-DEL04-RO"
417864;2022-02-28;"segunda-feira";"15:30:00";"RO";364;12,2;"VILHENA";"Ausência de reação do condutor";"Colisão traseira";"Com Vítimas Feridas";"Pleno dia";"Decrescente";"Chuva";"Dupla";"Reta";"Sim";3;0;1;0;2;0;1;2;-12,74370233;-60,12147609;"SPRF-RO";"DEL04-RO";"UOP01-DEL04-RO"
417866;2022-02-28;"segunda-feira";"17:45:00";"SC";101;205,5;"SAO JOSE";"Manobra de mudança de faixa";"Colisão lateral mesmo sentido";"Com Vítimas Feridas";"Pleno dia";"Crescente";"Céu Claro";"Múltipla";"Reta";"Sim";2;0;0;1;1;0;1;2;-27,58313237;-48,61532885;"SPRF-SC";"DEL01-SC";"UOP01-DEL01-SC"
417867;2022-02-28;"segunda-feira";"16:20:00";"RS";470;184;"VERANOPOLIS";"Avarias e/ou desgaste excessivo no pneu";"Capotamento";"Sem Vítimas";"Pleno dia";"Crescente";"Nublado";"Simples";"Reta";"Não";1;0;0;0;0;1;0;1;-28,99615608;-51,55829913;"SPRF-RS";"DEL06-RS";"UOP02-DEL06-RS"
417869;2022-02-28;"segunda-feira";"16:40:00";"MG";381;298;"ANTONIO DIAS";"Pista esburacada";"Queda de ocupante de veículo";"Com Vítimas Feridas";"Pleno dia";"Decrescente";"Céu Claro";"Simples";"Reta;Em Obras";"Não";2;0;2;0;0;0;2;1;-19,63111883;-42,88728112;"SPRF-MG";"DEL03-MG";"UOP02-DEL03-MG"
417870;2022-02-28;"segunda-feira";"18:00:00";"RS";448;10;"CANOAS";"Ausência de reação do condutor";"Saída de leito carroçável";"Com Vítimas Feridas";"Pleno dia";"Decrescente";"Chuva";"Simples";"Aclive;Curva";"Sim";5;0;3;0;2;0;3;1;-29,88328051;-51,23528193;"SPRF-RS";"DEL01-RS";"UOP01-DEL01-RS"
417871;2022-02-28;"segunda-feira";"15:10:00";"RJ";101;234;"SILVA JARDIM";"Reação tardia ou ineficiente do condutor";"Colisão com objeto";"Com Vítimas Feridas";"Pleno dia";"Crescente";"Sol";"Dupla";"Reta";"Não";2;0;1;0;1;0;1;1;-22,60282105;-42,38831176;"SPRF-RJ";"DEL02-RJ";"UOP03-DEL02-RJ"
417873;2022-01-07;"sexta-feira";"19:00:00";"ES";101;279,6;"SERRA";"Velocidade Incompatível";"Colisão com objeto";"Com Vítimas Feridas";"Plena Noite";"Crescente";"Chuva";"Dupla";"Reta";"Não";2;0;1;0;1;0;1;1;-20,21848913;-40,34568071;"SPRF-ES";"DEL02-ES";"UOP01-DEL02-ES"
417874;2022-02-28;"segunda-feira";"18:20:00";"SC";101;153;"PORTO BELO";"Condutor deixou de manter distância do veículo da frente";"Colisão traseira";"Com Vítimas Feridas";"Anoitecer";"Decrescente";"Sol";"Dupla";"Reta";"Sim";2;0;1;0;1;0;1;2;-27,144717;-48,61063935;"SPRF-SC";"DEL04-SC";"UOP03-DEL04-SC"
417876;2022-02-28;"segunda-feira";"17:35:00";"RO";364;342,8;"JI-PARANA";"Reação tardia ou ineficiente do condutor";"Colisão traseira";"Sem Vítimas";"Pleno dia";"Crescente";"Céu Claro";"Múltipla";"Reta";"Sim";2;0;0;0;2;0;0;2;-10,87977331;-61,94349289;"SPRF-RO";"DEL02-RO";"UOP01-DEL02-RO"
417877;2022-02-28;"segunda-feira";"18:00:00";"RS";287;263,9;"SANTA MARIA";"Reação tardia ou ineficiente do condutor";"Saída de leito carroçável";"Com Vítimas Feridas";"Plena Noite";"Decrescente";"Chuva";"Simples";"Reta";"Não";1;0;1;0;0;0;1;1;-29,67234507;-54,00188201;"SPRF-RS";"DEL09-RS";"UOP01-DEL09-RS"
417878;2022-02-28;"segunda-feira";"18:10:00";"SC";101;34;"JOINVILLE";"Avarias e/ou desgaste excessivo no pneu";"Tombamento";"Com Vítimas Feridas";"Anoitecer";"Crescente";"Céu Claro";"Dupla";"Aclive;Curva";"Sim";1;0;1;0;0;0;1;1;-26,23667403;-48,91486706;"SPRF-SC";"DEL03-SC";"UOP01-DEL03-SC"
417880;2022-02-28;"segunda-feira";"18:50:00";"RS";116;228;"DOIS IRMAOS";"Conversão proibida";"Colisão transversal";"Com Vítimas Feridas";"Plena Noite";"Decrescente";"Garoa/Chuvisco";"Simples";"Reta";"Sim";2;0;1;0;1;0;1;2;-29,61103966;-51,12425074;"SPRF-RS";"DEL01-RS";"UOP02-DEL01-RS"
417882;2022-02-28;"segunda-feira";"18:50:00";"PR";277;356,2;"GUARAPUAVA";"Entrada inopinada do pedestre";"Atropelamento de Pedestre";"Com Vítimas Fatais";"Anoitecer";"Decrescente";"Nublado";"Simples";"Reta";"Não";5;1;4;0;0;0;4;2;-25,41876083;-51,57523155;"SPRF-PR";"DEL08-PR";"UOP01-DEL08-PR"
417883;2022-02-28;"segunda-feira";"19:55:00";"SC";101;453,5;"SAO JOAO DO SUL";"Desrespeitar a preferência no cruzamento";"Colisão transversal";"Com Vítimas Feridas";"Plena Noite";"Decrescente";"Chuva";"Simples";"Reta";"Sim";2;0;0;1;1;0;1;2;-29,19759996;-49,75264078;"SPRF-SC";"DEL02-SC";"UOP02-DEL02-SC"
417884;2022-02-28;"segunda-feira";"18:20:00";"PR";153;461,4;"UNIAO DA VITORIA";"Demais falhas mecânicas ou elétricas";"Colisão lateral mesmo sentido";"Com Vítimas Feridas";"Anoitecer";"Decrescente";"Nublado";"Simples";"Declive";"Não";2;0;0;1;1;0;1;2;-26,233746;-51,148402;"SPRF-PR";"DEL02-PR";"UOP03-DEL02-PR"
417885;2022-02-28;"segunda-feira";"20:00:00";"PR";116;117;"CURITIBA";"Ingestão de álcool ou de substâncias psicoativas pelo pedestre";"Colisão frontal";"Com Vítimas Feridas";"Plena Noite";"Decrescente";"Nublado";"Múltipla";"Reta";"Sim";2;0;2;0;0;0;2;2;-25,55789161;-49,30635552;"SPRF-PR";"DEL01-PR";"UOP03-DEL01-PR"
417887;2022-02-08;"terça-feira";"22:40:00";"SC";101;207;"SAO JOSE";"Condutor deixou de manter distância do veículo da frente";"Colisão traseira";"Com Vítimas Feridas";"Plena Noite";"Decrescente";"Céu Claro";"Múltipla";"Declive;Curva;Em Obras";"Sim";2;0;0;1;1;0;1;2;-27,60001226;-48,6226467;"SPRF-SC";"DEL01-SC";"UOP01-DEL01-SC"
417889;2022-02-28;"segunda-feira";"21:00:00";"SC";101;209,5;"SAO JOSE";"Pedestre cruzava a pista fora da faixa";"Atropelamento de Pedestre";"Com Vítimas Fatais";"Plena Noite";"Decrescente";"Céu Claro";"Múltipla";"Reta";"Sim";2;1;0;0;1;0;0;2;-27,61411029;-48,64288509;"SPRF-SC";"DEL01-SC";"UOP01-DEL01-SC"
417890;2022-02-28;"segunda-feira";"19:50:00";"SC";101;335,5;"TUBARAO";"Reação tardia ou ineficiente do condutor";"Colisão lateral mesmo sentido";"Sem Vítimas";"Plena Noite";"Crescente";"Chuva";"Múltipla";"Declive;Reta";"Não";6;0;0;0;6;0;0;2;-28,47781115;-49,03220773;"SPRF-SC";"DEL02-SC";"UOP01-DEL02-SC"
417891;2022-02-28;"segunda-feira";"17:50:00";"PR";376;172,9;"MARINGA";"Condutor deixou de manter distância do veículo da frente";"Colisão traseira";"Sem Vítimas";"Pleno dia";"Decrescente";"Céu Claro";"Dupla";"Aclive;Reta";"Sim";2;0;0;0;2;0;0;2;-23,4191001;-51,96816601;"SPRF-PR";"DEL09-PR";"UOP01-DEL09-PR"
417895;2022-02-28;"segunda-feira";"21:00:00";"RS";285;456;"IJUI";"Ingestão de álcool pelo condutor";"Saída de leito carroçável";"Sem Vítimas";"Plena Noite";"Crescente";"Garoa/Chuvisco";"Simples";"Interseção de Vias";"Sim";1;0;0;0;1;0;0;1;-28,38849332;-53,89154434;"SPRF-RS";"DEL10-RS";"UOP01-DEL10-RS"
417897;2022-02-28;"segunda-feira";"20:30:00";"RN";101;24,3;"RIO DO FOGO";"Animais na Pista";"Atropelamento de Animal";"Com Vítimas Feridas";"Plena Noite";"Crescente";"Céu Claro";"Simples";"Reta";"Não";1;0;1;0;0;0;1;1;-5,32480987;-35,40877686;"SPRF-RN";"DEL02-RN";"UOP01-DEL02-RN"
417899;2022-02-28;"segunda-feira";"21:20:00";"RJ";116;135;"DUQUE DE CAXIAS";"Demais falhas mecânicas ou elétricas";"Colisão com objeto";"Com Vítimas Feridas";"Plena Noite";"Decrescente";"Céu Claro";"Dupla";"Reta";"Sim";3;0;2;0;0;1;2;1;-22,65225773;-43,16309893;"SPRF-RJ";"DEL04-RJ";"UOP02-DEL04-RJ"
417902;2022-02-28;"segunda-feira";"20:40:00";"ES";101;281,8;"SERRA";"Mal súbito do condutor";"Saída de leito carroçável";"Com Vítimas Feridas";"Plena Noite";"Crescente";"Céu Claro";"Dupla";"Reta";"Não";1;0;1;0;0;0;1;1;-20,22601333;-40,36303751;"SPRF-ES";"DEL02-ES";"UOP01-DEL02-ES"
417903;2022-02-28;"segunda-feira";"21:45:00";"SP";116;174,4;"JACAREI";"Pedestre cruzava a pista fora da faixa";"Atropelamento de Pedestre";"Com Vítimas Fatais";"Plena Noite";"Decrescente";"Céu Claro";"Dupla";"Aclive";"Não";2;1;0;0;1;0;0;2;-23,32057287;-46,09074403;"SPRF-SP";"DEL02-SP";"UOP01-DEL02-SP"
417904;2022-02-28;"segunda-feira";"04:40:00";"PR";277;307;"GUARAPUAVA";"Ingestão de álcool pelo condutor";"Saída de leito carroçável";"Com Vítimas Feridas";"Plena Noite";"Crescente";"Ignorado";"Simples";"Curva";"Não";1;0;1;0;0;0;1;1;-25,30334725;-51,15427693;"SPRF-PR";"DEL08-PR";"UOP01-DEL08-PR"
417906;2022-02-28;"segunda-feira";"19:15:00";"RJ";101;575;"PARATY";"Reação tardia ou ineficiente do condutor";"Colisão traseira";"Com Vítimas Feridas";"Plena Noite";"Crescente";"Céu Claro";"Simples";"Rotatória";"Sim";2;0;1;0;1;0;1;2;-23,21978585;-44,73466957;"SPRF-RJ";"DEL03-RJ";"UOP04-DEL03-RJ"
417908;2022-02-28;"segunda-feira";"21:55:00";"PR";277;113;"CAMPO LARGO";"Acessar a via sem observar a presença dos outros veículos";"Colisão transversal";"Com Vítimas Feridas";"Plena Noite";"Crescente";"Céu Claro";"Dupla";"Reta";"Sim";2;0;0;1;1;0;1;2;-25,42970087;-49,37850986;"SPRF-PR";"DEL01-PR";"UOP03-DEL03-PR"
417909;2022-02-28;"segunda-feira";"22:40:00";"SP";116;228;"SAO PAULO";"Pedestre andava na pista";"Atropelamento de Pedestre";"Com Vítimas Fatais";"Plena Noite";"Crescente";"Céu Claro";"Dupla";"Reta";"Sim";2;1;0;0;0;1;0;2;-23,50343484;-46,56638712;"SPRF-SP";"DEL01-SP";"UOP01-DEL01-SP"
417910;2022-02-28;"segunda-feira";"21:00:00";"RJ";101;292;"ITABORAI";"Ausência de reação do condutor";"Tombamento";"Com Vítimas Feridas";"Plena Noite";"Decrescente";"Céu Claro";"Múltipla";"Reta";"Não";1;0;1;0;0;0;1;1;-22,76038215;-42,87856408;"SPRF-RJ";"DEL02-RJ";"UOP02-DEL02-RJ"
417911;2022-02-28;"segunda-feira";"22:20:00";"PB";230;73,5;"SOBRADO";"Acessar a via sem observar a presença dos outros veículos";"Colisão transversal";"Com Vítimas Feridas";"Plena Noite";"Decrescente";"Céu Claro";"Simples";"Reta";"Não";2;0;0;1;1;0;1;2;-7,18810087;-35,28099418;"SPRF-PB";"DEL01-PB";"UOP03-DEL01-PB"
417913;2022-02-28;"segunda-feira";"21:00:00";"PR";476;148,1;"ARAUCARIA";"Ingestão de álcool ou de substâncias psicoativas pelo pedestre";"Atropelamento de Pedestre";"Sem Vítimas";"Plena Noite";"Decrescente";"Céu Claro";"Dupla";"Reta";"Não";2;0;0;0;1;1;0;2;-25,55592245;-49,34273427;"SPRF-PR";"DEL01-PR";"UOP03-DEL01-PR"
417915;2022-02-28;"segunda-feira";"16:45:00";"CE";222;4;"CAUCAIA";"Condutor deixou de manter distância do veículo da frente";"Colisão traseira";"Com Vítimas Feridas";"Pleno dia";"Decrescente";"Céu Claro";"Múltipla";"Reta";"Não";2;0;1;0;1;0;1;2;-3,74164754;-38,60449792;"SPRF-CE";"DEL01-CE";"UOP01-DEL01-CE"
417916;2022-02-28;"segunda-feira";"22:30:00";"PR";153;1;"JACAREZINHO";"Reação tardia ou ineficiente do condutor";"Colisão com objeto";"Sem Vítimas";"Plena Noite";"Decrescente";"Céu Claro";"Simples";"Ponte";"Não";1;0;0;0;0;1;0;1;-23,002905;-49,908333;"SPRF-PR";"DEL07-PR";"UOP04-DEL07-PR"
417917;2022-02-28;"segunda-feira";"22:30:00";"RS";116;239;"NOVO HAMBURGO";"Ingestão de álcool pelo condutor";"Colisão traseira";"Com Vítimas Feridas";"Plena Noite";"Crescente";"Nublado";"Dupla";"Aclive;Reta";"Sim";3;0;1;0;2;0;1;2;-29,6950444;-51,1436329;"SPRF-RS";"DEL01-RS";"UOP02-DEL01-RS"
417918;2022-02-28;"segunda-feira";"22:40:00";"SP";116;272;"TABOAO DA SERRA";"Condutor deixou de manter distância do veículo da frente";"Colisão traseira";"Com Vítimas Feridas";"Plena Noite";"Crescente";"Céu Claro";"Dupla";"Reta";"Sim";3;0;2;0;0;1;2;2;-23,621691;-46,813288;"SPRF-SP";"DEL04-SP";"UOP01-DEL04-SP"
417919;2022-02-28;"segunda-feira";"22:30:00";"SP";116;272;"TABOAO DA SERRA";"Velocidade Incompatível";"Colisão com objeto";"Sem Vítimas";"Plena Noite";"Crescente";"Céu Claro";"Dupla";"Reta";"Sim";1;0;0;0;0;1;0;1;-23,621691;-46,813288;"SPRF-SP";"DEL04-SP";"UOP01-DEL04-SP"
417922;2022-03-01;"terça-feira";"00:00:00";"PI";316;318;"PICOS";"Ausência de reação do condutor";"Tombamento";"Com Vítimas Feridas";"Plena Noite";"Crescente";"Céu Claro";"Simples";"Reta";"Sim";1;0;1;0;0;0;1;1;-7,08753106;-41,40258908;"SPRF-PI";"DEL04-PI";"UOP01-DEL04-PI"
417923;2022-03-01;"terça-feira";"00:15:00";"SC";101;99;"BALNEARIO PICARRAS";"Demais falhas mecânicas ou elétricas";"Tombamento";"Com Vítimas Feridas";"Plena Noite";"Decrescente";"Céu Claro";"Dupla";"Reta";"Não";1;0;1;0;0;0;1;1;-26,7471002;-48,69654831;"SPRF-SC";"DEL03-SC";"UOP02-DEL03-SC"
417925;2022-03-01;"terça-feira";"00:40:00";"ES";262;105,5;"VENDA NOVA DO IMIGRANTE";"Participar de racha";"Capotamento";"Sem Vítimas";"Plena Noite";"Decrescente";"Céu Claro";"Simples";"Curva";"Não";1;0;0;0;0;1;0;1;-20,32624656;-41,13598921;"SPRF-ES";"DEL01-ES";"UOP02-DEL01-ES"
417927;2022-02-28;"segunda-feira";"21:31:00";"RS";470;194;"BENTO GONCALVES";"Velocidade Incompatível";"Tombamento";"Sem Vítimas";"Plena Noite";"Decrescente";"Nevoeiro/Neblina";"Simples";"Curva";"Não";2;0;0;0;0;2;0;2;-29,05030203;-51,57387285;"SPRF-RS";"DEL06-RS";"UOP02-DEL06-RS"
417930;2022-03-01;"terça-feira";"01:55:00";"MG";381;890,9;"CAMBUI";"Pedestre andava na pista";"Atropelamento de Pedestre";"Com Vítimas Fatais";"Plena Noite";"Crescente";"Céu Claro";"Dupla";"Curva";"Não";2;1;0;0;0;1;0;2;-22,5863847;-46,0498174;"SPRF-MG";"DEL16-MG";"UOP03-DEL16-MG"
417931;2022-03-01;"terça-feira";"02:40:00";"MG";40;618,1;"CONGONHAS";"Condutor Dormindo";"Colisão frontal";"Com Vítimas Fatais";"Plena Noite";"Crescente";"Céu Claro";"Simples";"Reta";"Não";7;1;0;6;0;0;6;2;-20,56744;-43,811686;"SPRF-MG";"DEL05-MG";"UOP02-DEL05-MG"
417932;2022-03-01;"terça-feira";"01:00:00";"RJ";116;293;"BARRA MANSA";"Velocidade Incompatível";"Colisão com objeto";"Com Vítimas Feridas";"Plena Noite";"Decrescente";"Céu Claro";"Dupla";"Reta";"Não";1;0;0;1;0;0;1;1;-22,45745983;-44,29161274;"SPRF-RJ";"DEL07-RJ";"UOP02-DEL07-RJ"
417933;2022-03-01;"terça-feira";"02:30:00";"PR";163;284;"MARECHAL CANDIDO RONDON";"Ingestão de álcool pelo condutor";"Colisão transversal";"Sem Vítimas";"Plena Noite";"Crescente";"Nublado";"Simples";"Rotatória";"Sim";2;0;0;0;2;0;0;2;-24,568102;-54,034168;"SPRF-PR";"DEL06-PR";"UOP02-DEL06-PR"
417934;2022-03-01;"terça-feira";"02:45:00";"SC";101;339,8;"TUBARAO";"Entrada inopinada do pedestre";"Atropelamento de Pedestre";"Com Vítimas Fatais";"Plena Noite";"Crescente";"Nublado";"Múltipla";"Reta";"Não";2;1;0;0;0;1;0;2;-28,51105704;-49,05117187;"SPRF-SC";"DEL02-SC";"UOP01-DEL02-SC"
417936;2022-03-01;"terça-feira";"02:00:00";"MG";381;909,3;"CAMANDUCAIA";"Condutor Dormindo";"Saída de leito carroçável";"Com Vítimas Feridas";"Plena Noite";"Crescente";"Céu Claro";"Dupla";"Reta;Declive";"Não";2;0;1;0;1;0;1;1;-22,68825396;-46,10636453;"SPRF-MG";"DEL16-MG";"UOP03-DEL16-MG"
417937;2022-03-01;"terça-feira";"04:20:00";"PB";101;80,5;"SANTA RITA";"Animais na Pista";"Atropelamento de Animal";"Com Vítimas Feridas";"Plena Noite";"Decrescente";"Céu Claro";"Dupla";"Curva";"Não";1;0;0;1;0;0;1;1;-7,11753704;-34,94951428;"SPRF-PB";"DEL01-PB";"UOP04-DEL01-PB"
417939;2022-03-01;"terça-feira";"04:15:00";"PE";232;68;"GRAVATA";"Reação tardia ou ineficiente do condutor";"Saída de leito carroçável";"Com Vítimas Feridas";"Plena Noite";"Decrescente";"Céu Claro";"Simples";"Curva";"Não";5;0;1;0;4;0;1;1;-8,17708379;-35,48060417;"SPRF-PE";"DEL02-PE";"UOP02-DEL02PE"
417941;2022-02-17;"quinta-feira";"06:40:00";"RJ";101;66;"CAMPOS DOS GOYTACAZES";"Transitar na contramão";"Colisão lateral sentido oposto";"Com Vítimas Feridas";"Pleno dia";"Crescente";"Céu Claro";"Simples";"Rotatória";"Sim";3;0;1;0;1;1;1;3;-21,76693001;-41,34707272;"SPRF-RJ";"DEL08-RJ";"UOP02-DEL08-RJ"
417942;2022-03-01;"terça-feira";"02:13:00";"MG";459;102,2;"POUSO ALEGRE";"Ingestão de álcool pelo condutor";"Saída de leito carroçável";"Com Vítimas Feridas";"Plena Noite";"Crescente";"Céu Claro";"Dupla";"Reta";"Não";5;0;5;0;0;0;5;1;-22,211775;-45,924671;"SPRF-MG";"DEL16-MG";"UOP01-DEL16-MG"
417943;2022-03-01;"terça-feira";"05:30:00";"RS";290;5;"OSORIO";"Chuva";"Saída de leito carroçável";"Com Vítimas Feridas";"Amanhecer";"Crescente";"Chuva";"Múltipla";"Reta";"Não";2;0;0;1;1;0;1;1;-29,897158;-50,323845;"SPRF-RS";"DEL03-RS";"UOP01-DEL03-RS"
417944;2022-03-01;"terça-feira";"05:20:00";"GO";40;6,3;"VALPARAISO DE GOIAS";"Animais na Pista";"Atropelamento de Animal";"Com Vítimas Feridas";"Amanhecer";"Crescente";"Céu Claro";"Dupla";"Reta";"Sim";1;0;1;0;0;0;1;1;-16,100814;-47,977351;"SPRF-DF";"DEL01-DF";"UOP01-DEL01-DF"
417946;2022-03-01;"terça-feira";"06:05:00";"RJ";116;181;"NOVA IGUACU";"Avarias e/ou desgaste excessivo no pneu";"Tombamento";"Com Vítimas Feridas";"Amanhecer";"Decrescente";"Céu Claro";"Dupla";"Reta";"Sim";1;0;1;0;0;0;1;1;-22,73978968;-43,46813023;"SPRF-RJ";"DEL01-RJ";"UOP02-DEL01-RJ"
417947;2022-03-01;"terça-feira";"06:00:00";"PR";467;85,4;"CASCAVEL";"Ausência de reação do condutor";"Saída de leito carroçável";"Sem Vítimas";"Amanhecer";"Crescente";"Chuva";"Dupla";"Reta";"Sim";1;0;0;0;0;1;0;1;-24,8289;-53,6431;"SPRF-PR";"DEL04-PR";"UOP01-DEL04-PR"
417949;2022-03-01;"terça-feira";"06:30:00";"RS";158;316;"ITAARA";"Ausência de reação do condutor";"Saída de leito carroçável";"Com Vítimas Feridas";"Pleno dia";"Crescente";"Céu Claro";"Simples";"Curva";"Não";1;0;1;0;0;0;1;1;-29,655805;-53,773765;"SPRF-RS";"DEL09-RS";"UOP01-DEL09-RS"
417950;2022-03-01;"terça-feira";"07:10:00";"SC";101;189;"BIGUACU";"Ingestão de álcool pelo condutor";"Colisão com objeto";"Com Vítimas Feridas";"Pleno dia";"Crescente";"Céu Claro";"Dupla";"Curva";"Não";3;0;1;0;2;0;1;1;-27,459393;-48,638914;"SPRF-SC";"DEL01-SC";"UOP01-DEL01-SC"
417951;2022-03-01;"terça-feira";"07:15:00";"RJ";101;432;"MANGARATIBA";"Demais Fenômenos da natureza";"Saída de leito carroçável";"Com Vítimas Feridas";"Pleno dia";"Crescente";"Vento";"Simples";"Curva;Declive";"Sim";1;0;1;0;0;0;1;1;-22,93437472;-44,02919087;"SPRF-RJ";"DEL03-RJ";"UOP03-DEL03-RJ"
417952;2022-03-01;"terça-feira";"07:20:00";"SC";101;101;"BALNEARIO PICARRAS";"Ingestão de álcool pelo condutor";"Saída de leito carroçável";"Sem Vítimas";"Amanhecer";"Crescente";"Céu Claro";"Simples";"Reta";"Sim";1;0;0;0;1;0;0;1;-26,76404198;-48,68657667;"SPRF-SC";"DEL03-SC";"UOP02-DEL03-SC"
417953;2022-03-01;"terça-feira";"08:00:00";"RJ";493;84;"DUQUE DE CAXIAS";"Avarias e/ou desgaste excessivo no pneu";"Saída de leito carroçável";"Com Vítimas Feridas";"Pleno dia";"Crescente";"Céu Claro";"Dupla";"Reta";"Não";5;0;1;0;3;1;1;2;-22,672089;-43,285053;"SPRF-RJ";"DEL01-RJ";"UOP03-DEL01-RJ"
417955;2022-03-01;"terça-feira";"08:35:00";"SC";101;332;"TUBARAO";"Desrespeitar a preferência no cruzamento";"Colisão transversal";"Com Vítimas Feridas";"Pleno dia";"Crescente";"Céu Claro";"Dupla";"Viaduto;Rotatória";"Sim";2;0;1;0;1;0;1;2;-28,46016431;-48,98968873;"SPRF-SC";"DEL02-SC";"UOP01-DEL02-SC"
417956;2022-03-01;"terça-feira";"07:55:00";"BA";324;623;"SALVADOR";"Frear bruscamente";"Tombamento";"Com Vítimas Feridas";"Pleno dia";"Decrescente";"Céu Claro";"Dupla";"Reta";"Sim";1;0;1;0;0;0;1;1;-12,94102074;-38,47082399;"SPRF-BA";"DEL01-BA";"UOP01-DEL01-BA"
417957;2022-03-01;"terça-feira";"07:45:00";"SC";470;129,3;"LONTRAS";"Ultrapassagem Indevida";"Colisão lateral sentido oposto";"Com Vítimas Feridas";"Pleno dia";"Decrescente";"Céu Claro";"Simples";"Reta";"Sim";3;0;2;1;0;0;3;2;-27,148499;-49,556137;"SPRF-SC";"DEL04-SC";"UOP02-DEL04-SC"
417959;2022-03-01;"terça-feira";"08:50:00";"MG";40;528;"CONTAGEM";"Reação tardia ou ineficiente do condutor";"Colisão traseira";"Com Vítimas Feridas";"Pleno dia";"Crescente";"Céu Claro";"Dupla";"Reta";"Sim";3;0;1;0;2;0;1;2;-19,90883179;-44,04436577;"SPRF-MG";"DEL01-MG";"UOP02-DEL01-MG"
417960;2022-03-01;"terça-feira";"08:35:00";"SP";153;182,8;"LINS";"Reação tardia ou ineficiente do condutor";"Tombamento";"Com Vítimas Feridas";"Pleno dia";"Decrescente";"Céu Claro";"Simples";"Interseção de Vias";"Não";1;0;1;0;0;0;1;1;-21,70592992;-49,80033149;"SPRF-SP";"DEL07-SP";"UOP01-DEL07-SP"
417962;2022-03-01;"terça-feira";"08:10:00";"AP";210;8;"MACAPA";"Velocidade Incompatível";"Saída de leito carroçável";"Sem Vítimas";"Pleno dia";"Decrescente";"Nublado";"Dupla";"Rotatória";"Não";1;0;0;0;1;0;0;1;0,1045;-51,126076;"SPRF-AP";"DEL01-AP";"UOP01-DEL01-AP"
417963;2022-03-01;"terça-feira";"07:50:00";"MT";364;203;"RONDONOPOLIS";"Reação tardia ou ineficiente do condutor";"Tombamento";"Com Vítimas Feridas";"Pleno dia";"Crescente";"Céu Claro";"Dupla";"Reta";"Sim";1;0;0;1;0;0;1;1;-16,47555256;-54,65344724;"SPRF-MT";"DEL02-MT";"UOP01-DEL02-MT"
417964;2022-03-01;"terça-feira";"09:50:00";"RS";392;28,1;"RIO GRANDE";"Ausência de reação do condutor";"Colisão traseira";"Com Vítimas Feridas";"Pleno dia";"Crescente";"Céu Claro";"Dupla";"Reta";"Sim";2;0;1;0;1;0;1;2;-32,06592409;-52,26686814;"SPRF-RS";"DEL07-RS";"UOP02-DEL07-RS"
417965;2022-03-01;"terça-feira";"07:00:00";"RN";427;66,6;"JARDIM DO SERIDO";"Animais na Pista";"Tombamento";"Com Vítimas Feridas";"Plena Noite";"Crescente";"Céu Claro";"Simples";"Reta";"Não";1;0;1;0;0;0;1;1;-6,57246841;-36,86695852;"SPRF-RN";"DEL03-RN";"UOP01-DEL03-RN"
417968;2022-03-01;"terça-feira";"07:00:00";"MG";153;96;"PRATA";"Reação tardia ou ineficiente do condutor";"Saída de leito carroçável";"Com Vítimas Feridas";"Pleno dia";"Decrescente";"Sol";"Simples";"Reta";"Não";1;0;1;0;0;0;1;1;-19,197526;-48,943233;"SPRF-MG";"DEL15-MG";"UOP03-DEL15-MG"
417969;2022-03-01;"terça-feira";"09:50:00";"SC";101;447,3;"SANTA ROSA DO SUL";"Avarias e/ou desgaste excessivo no pneu";"Tombamento";"Com Vítimas Feridas";"Pleno dia";"Crescente";"Céu Claro";"Dupla";"Reta";"Não";2;0;2;0;0;0;2;1;-29,15289482;-49,72792624;"SPRF-SC";"DEL02-SC";"UOP02-DEL02-SC"
417970;2022-03-01;"terça-feira";"09:26:00";"RN";226;4;"NATAL";"Manobra de mudança de faixa";"Colisão transversal";"Com Vítimas Feridas";"Pleno dia";"Crescente";"Sol";"Simples";"Reta";"Sim";2;0;0;1;0;1;1;2;-5,8191;-35,26306;"SPRF-RN";"DEL01-RN";"UOP02-DEL01-RN"
417971;2022-03-01;"terça-feira";"10:35:00";"PR";277;46;"MORRETES";"Demais falhas mecânicas ou elétricas";"Queda de ocupante de veículo";"Com Vítimas Feridas";"Pleno dia";"Crescente";"Nublado";"Dupla";"Reta";"Não";1;0;1;0;0;0;1;1;-25,58170589;-48,87791023;"SPRF-PR";"DEL01-PR";"UOP05-DEL01-PR"
417972;2022-03-01;"terça-feira";"10:20:00";"PR";116;44,3;"CAMPINA GRANDE DO SUL";"Avarias e/ou desgaste excessivo no pneu";"Saída de leito carroçável";"Com Vítimas Feridas";"Pleno dia";"Crescente";"Garoa/Chuvisco";"Dupla";"Curva";"Não";2;0;2;0;0;0;2;1;-25,19298111;-48,88791561;"SPRF-PR";"DEL01-PR";"UOP02-DEL01-PR"