"id";"data_inversa";"dia_semana";"horario";"uf";"br";"km";"municipio";"causa_acidente";"tipo_acidente";"classificacao_acidente";"fase_dia";"sentido_via";"condicao_metereologica";"tipo_pista";"tracado_via";"uso_solo";"pessoas";"mortos";"feridos_leves";"feridos_graves";"ilesos";"ignorados";"feridos";"veiculos";"latitude";"longitude";"regional";"delegacia";"uop"
418197;2022-03-02;"quarta-feira";"15:59:00";"PR";277;495,1;"NOVA LARANJEIRAS";"Transitar na contramão";"Colisão frontal";"Com Vítimas Fatais";"Pleno dia";"Crescente";"Céu Claro";"Simples";"Curva";"Não";9;1;2;3;3;0;5;2;-25,20085392;-52,65444353;"SPRF-PR";"DEL04-PR";"UOP01-DEL04-PR"
418199;2022-03-02;"quarta-feira";"17:30:00";"SP";116;217;"GUARULHOS";"Ausência de reação do condutor";"Colisão com objeto";"Com Vítimas Feridas";"Anoitecer";"Decrescente";"Céu Claro";"Múltipla";"Reta";"Sim";4;0;0;2;2;0;2;3;-23,45423824;-46,47119028;"SPRF-SP";"DEL01-SP";"UOP01-DEL01-SP"
418200;2022-03-02;"quarta-feira";"16:50:00";"SC";470;124,8;"LONTRAS";"Acesso irregular";"Colisão transversal";"Com Vítimas Feridas";"Pleno dia";"Crescente";"Chuva";"Simples";"Reta";"Sim";2;0;2;0;0;0;2;2;-27,12132698;-49,53550816;"SPRF-SC";"DEL04-SC";"UOP02-DEL04-SC"
418201;2022-03-02;"quarta-feira";"17:25:00";"MG";116;373;"FREI INOCENCIO";"Conversão proibida";"Colisão transversal";"Com Vítimas Feridas";"Anoitecer";"Crescente";"Céu Claro";"Simples";"Curva";"Sim";2;0;0;1;1;0;1;2;-18,56390406;-41,90695775;"SPRF-MG";"DEL11-MG";"UOP01-DEL11-MG"
418202;2022-03-02;"quarta-feira";"08:05:00";"MG";116;651;"FERVEDOURO";"Desrespeitar a preferência no cruzamento";"Colisão transversal";"Com Vítimas Feridas";"Pleno dia";"Crescente";"Céu Claro";"Simples";"Interseção de Vias";"Sim";2;0;0;1;1;0;1;2;-20,726677;-42,28049;"SPRF-MG";"DEL07-MG";"UOP03-DEL07-MG"
418203;2022-03-02;"quarta-feira";"17:55:00";"PR";369;209,7;"APUCARANA";"Demais falhas mecânicas ou elétricas";"Saída de leito carroçável";"Com Vítimas Feridas";"Anoitecer";"Decrescente";"Nublado";"Dupla";"Viaduto;Interseção de Vias;Declive";"Não";1;0;1;0;0;0;1;1;-23,56841245;-51,50886297;"SPRF-PR";"DEL07-PR";"UOP02-DEL07-PR"
418204;2022-03-02;"quarta-feira";"16:15:00";"RJ";101;479;"ANGRA DOS REIS";"Acessar a via sem observar a presença dos outros veículos";"Colisão transversal";"Com Vítimas Feridas";"Pleno dia";"Decrescente";"Céu Claro";"Simples";"Reta";"Não";2;0;0;1;1;0;1;2;-23,00854164;-44,27562028;"SPRF-RJ";"DEL03-RJ";"UOP03-DEL03-RJ"
418205;2022-03-02;"quarta-feira";"10:20:00";"MT";364;1188;"CAMPOS DE JULIO";"Reação tardia ou ineficiente do condutor";"Saída de leito carroçável";"Com Vítimas Feridas";"Pleno dia";"Decrescente";"Sol";"Simples";"Curva";"Não";3;0;2;0;0;1;2;2;-13,70149308;-59,24942097;"SPRF-MT";"DEL04-MT";"UOP01-DEL04-MT"
418206;2022-03-02;"quarta-feira";"16:50:00";"PR";373;250;"GUAMIRANGA";"Ultrapassagem Indevida";"Colisão frontal";"Com Vítimas Feridas";"Pleno dia";"Decrescente";"Céu Claro";"Simples";"Aclive";"Não";2;0;1;0;1;0;1;2;-25,18941826;-50,85337501;"SPRF-PR";"DEL03-PR";"UOP04-DEL03-PR"
418208;2022-03-02;"quarta-feira";"17:35:00";"MG";262;404,9;"PARA DE MINAS";"Animais na Pista";"Tombamento";"Com Vítimas Feridas";"Pleno dia";"Decrescente";"Céu Claro";"Dupla";"Reta";"Não";1;0;1;0;0;0;1;1;-19,89195069;-44,58054391;"SPRF-MG";"DEL01-MG";"UOP03-DEL01-MG"
418211;2022-03-02;"quarta-feira";"18:30:00";"MG";40;475;"SETE LAGOAS";"Velocidade Incompatível";"Saída de leito carroçável";"Com Vítimas Feridas";"Anoitecer";"Crescente";"Céu Claro";"Dupla";"Declive";"Não";3;0;3;0;0;0;3;2;-19,50551591;-44,27423377;"SPRF-MG";"DEL02-MG";"UOP01-DEL02-MG"
418212;2022-03-02;"quarta-feira";"18:30:00";"PE";101;41;"IGARASSU";"Condutor deixou de manter distância do veículo da frente";"Colisão traseira";"Com Vítimas Feridas";"Plena Noite";"Crescente";"Nublado";"Dupla";"Reta";"Sim";2;0;1;0;1;0;1;2;-7,83038346;-34,91426785;"SPRF-PE";"DEL01-PE";"UOP02-DEL01-PE"
418213;2022-03-02;"quarta-feira";"16:25:00";"AC";364;129;"RIO BRANCO";"Ausência de reação do condutor";"Colisão traseira";"Com Vítimas Feridas";"Pleno dia";"Decrescente";"Céu Claro";"Simples";"Reta";"Sim";2;0;1;0;1;0;1;2;-10,02882024;-67,82932804;"SPRF-AC";"DEL01-AC";"UOP01-DEL01-AC"
418215;2022-03-02;"quarta-feira";"18:00:00";"PA";316;28;"BENEVIDES";"Demais falhas mecânicas ou elétricas";"Tombamento";"Com Vítimas Feridas";"Anoitecer";"Decrescente";"Garoa/Chuvisco";"Dupla";"Reta";"Não";1;0;1;0;0;0;1;1;-1,31121896;-48,22115206;"SPRF-PA";"DEL01-PA";"UOP01-DEL01-PA"
418217;2022-03-02;"quarta-feira";"18:20:00";"GO";60;61,9;"ABADIANIA";"Pedestre cruzava a pista fora da faixa";"Atropelamento de Pedestre";"Com Vítimas Feridas";"Anoitecer";"Decrescente";"Nublado";"Dupla";"Curva";"Não";2;0;0;1;1;0;1;2;-16,1903;-48,7114;"SPRF-GO";"DEL02-GO";"UOP01-DEL02-GO"
418218;2022-03-02;"quarta-feira";"18:45:00";"MG";116;706,8;"MURIAE";"Pedestre andava na pista";"Colisão lateral mesmo sentido";"Com Vítimas Feridas";"Plena Noite";"Crescente";"Céu Claro";"Simples";"Reta";"Sim";2;0;1;0;1;0;1;2;-21,147048;-42,381522;"SPRF-MG";"DEL07-MG";"UOP02-DEL07-MG"
418219;2022-03-02;"quarta-feira";"18:30:00";"GO";40;6,7;"VALPARAISO DE GOIAS";"Entrada inopinada do pedestre";"Atropelamento de Pedestre";"Com Vítimas Feridas";"Plena Noite";"Crescente";"Céu Claro";"Dupla";"Reta";"Sim";3;0;0;1;1;1;1;2;-16,100814;-47,977351;"SPRF-DF";"DEL01-DF";"UOP01-DEL01-DF"
418221;2022-03-02;"quarta-feira";"19:20:00";"PE";104;41,9;"CARUARU";"Demais falhas mecânicas ou elétricas";"Incêndio";"Sem Vítimas";"Plena Noite";"Decrescente";"Céu Claro";"Dupla";"Curva";"Não";1;0;0;0;1;0;0;1;-8,1007;-36,0284;"SPRF-PE";"DEL02-PE";"UOP01-DEL02-PE"
418222;2022-03-02;"quarta-feira";"19:15:00";"BA";116;420;"FEIRA DE SANTANA";"Acessar a via sem observar a presença dos outros veículos";"Colisão traseira";"Com Vítimas Feridas";"Plena Noite";"Crescente";"Céu Claro";"Dupla";"Reta";"Sim";3;0;1;1;0;1;2;3;-12,211936;-38,96567;"SPRF-BA";"DEL02-BA";"UOP01-DEL02-BA"
418223;2022-03-02;"quarta-feira";"19:30:00";"AP";156;819;"OIAPOQUE";"Conversão proibida";"Colisão transversal";"Com Vítimas Feridas";"Plena Noite";"Decrescente";"Céu Claro";"Simples";"Reta";"Sim";2;0;0;1;1;0;1;2;3,83552896;-51,80935802;"SPRF-AP";"DEL01-AP";"UOP03-DEL01-AP"
418225;2022-03-02;"quarta-feira";"18:40:00";"GO";60;94,5;"ANAPOLIS";"Condutor deixou de manter distância do veículo da frente";"Colisão traseira";"Sem Vítimas";"Plena Noite";"Decrescente";"Céu Claro";"Dupla";"Declive;Reta";"Sim";2;0;0;0;2;0;0;2;-16,3611;-48,9328;"SPRF-GO";"DEL02-GO";"UOP01-DEL02-GO"
418227;2022-03-02;"quarta-feira";"20:10:00";"PR";369;149,7;"LONDRINA";"Entrada inopinada do pedestre";"Atropelamento de Pedestre";"Com Vítimas Feridas";"Plena Noite";"Crescente";"Céu Claro";"Dupla";"Reta";"Sim";2;0;2;0;0;0;2;2;-23,29282637;-51,15562793;"SPRF-PR";"DEL07-PR";"UOP01-DEL07-PR"
418229;2022-03-02;"quarta-feira";"12:50:00";"RO";364;12;"VILHENA";"Desrespeitar a preferência no cruzamento";"Colisão transversal";"Com Vítimas Feridas";"Pleno dia";"Decrescente";"Céu Claro";"Dupla";"Interseção de Vias";"Sim";2;0;2;0;0;0;2;2;-12,74370233;-60,12147609;"SPRF-RO";"DEL04-RO";"UOP01-DEL04-RO"
418230;2022-03-02;"quarta-feira";"18:50:00";"MG";116;794,2;"ALEM PARAIBA";"Acesso irregular";"Colisão transversal";"Com Vítimas Feridas";"Plena Noite";"Crescente";"Céu Claro";"Simples";"Reta";"Não";2;0;1;0;1;0;1;2;-21,710918;-42,73011109;"SPRF-MG";"DEL07-MG";"UOP01-DEL07-MG"
418231;2022-03-02;"quarta-feira";"20:00:00";"PR";163;256;"TOLEDO";"Ausência de reação do condutor";"Queda de ocupante de veículo";"Com Vítimas Feridas";"Plena Noite";"Crescente";"Nublado";"Dupla";"Reta";"Não";3;0;1;1;0;1;2;2;-24,68199731;-53,78077095;"SPRF-PR";"DEL06-PR";"UOP02-DEL06-PR"
418232;2022-03-02;"quarta-feira";"20:35:00";"SE";101;91,3;"NOSSA SENHORA DO SOCORRO";"Reação tardia ou ineficiente do condutor";"Colisão com objeto";"Com Vítimas Fatais";"Plena Noite";"Decrescente";"Nublado";"Múltipla";"Reta";"Não";2;2;0;0;0;0;0;1;-10,89849802;-37,13176324;"SPRF-SE";"DEL01-SE";"UOP01-DEL01-SE"
418234;2022-03-02;"quarta-feira";"19:30:00";"PR";116;12;"CAMPINA GRANDE DO SUL";"Pedestre andava na pista";"Atropelamento de Pedestre";"Com Vítimas Fatais";"Plena Noite";"Decrescente";"Nublado";"Dupla";"Curva";"Não";2;1;0;0;1;0;0;2;-25,09706813;-48,65517895;"SPRF-PR";"DEL01-PR";"UOP02-DEL01-PR"
418236;2022-03-02;"quarta-feira";"20:55:00";"PE";423;73,9;"JUPI";"Ausência de reação do condutor";"Queda de ocupante de veículo";"Com Vítimas Feridas";"Plena Noite";"Crescente";"Céu Claro";"Simples";"Reta";"Sim";1;0;0;1;0;0;1;1;-8,709851;-36,41926432;"SPRF-PE";"DEL03-PE";"UOP01-DEL03-PE"
418237;2022-03-02;"quarta-feira";"21:10:00";"PR";376;2,4;"APUCARANA";"Ingestão de álcool pelo condutor";"Colisão traseira";"Sem Vítimas";"Plena Noite";"Decrescente";"Nublado";"Dupla";"Reta";"Sim";2;0;0;0;2;0;0;2;-23,564333;-51,433989;"SPRF-PR";"DEL07-PR";"UOP03-DEL07-PR"
418238;2022-03-02;"quarta-feira";"21:00:00";"SC";101;399,1;"MARACAJA";"Desrespeitar a preferência no cruzamento";"Colisão lateral sentido oposto";"Com Vítimas Feridas";"Pleno dia";"Crescente";"Nublado";"Múltipla";"Interseção de Vias";"Sim";3;0;2;0;1;0;2;2;-28,84171475;-49,42814418;"SPRF-SC";"DEL02-SC";"UOP02-DEL02-SC"
418240;2022-03-02;"quarta-feira";"21:30:00";"PB";101;31,6;"MAMANGUAPE";"Reação tardia ou ineficiente do condutor";"Colisão com objeto";"Com Vítimas Feridas";"Plena Noite";"Decrescente";"Céu Claro";"Dupla";"Reta";"Não";2;0;2;0;0;0;2;1;-6,758091;-35,13408691;"SPRF-PB";"DEL01-PB";"UOP04-DEL01-PB"
418241;2022-03-02;"quarta-feira";"17:10:00";"BA";116;244;"QUIJINGUE";"Reação tardia ou ineficiente do condutor";"Saída de leito carroçável";"Com Vítimas Feridas";"Pleno dia";"Decrescente";"Céu Claro";"Simples";"Reta";"Não";1;0;1;0;0;0;1;1;-10,726714;-38,91756;"SPRF-BA";"DEL07-BA";"UOP02-DEL07-BA"
418243;2022-03-02;"quarta-feira";"17:45:00";"RJ";493;112,1;"ITAGUAI";"Pista esburacada";"Tombamento";"Com Vítimas Feridas";"Anoitecer";"Decrescente";"Céu Claro";"Dupla";"Reta";"Não";2;0;1;0;1;0;1;1;-22,8589041;-43,7591284;"SPRF-RJ";"DEL03-RJ";"UOP01-DEL03-RJ"
418245;2022-03-02;"quarta-feira";"17:50:00";"RJ";493;112,1;"ITAGUAI";"Pista esburacada";"Queda de ocupante de veículo";"Com Vítimas Feridas";"Pleno dia";"Decrescente";"Céu Claro";"Dupla";"Reta";"Não";2;0;2;0;0;0;2;1;-22,74958856;-43,72695923;"SPRF-RJ";"DEL03-RJ";"UOP01-DEL03-RJ"
418246;2022-03-02;"quarta-feira";"18:45:00";"RJ";116;127;"MAGE";"Reação tardia ou ineficiente do condutor";"Capotamento";"Com Vítimas Feridas";"Anoitecer";"Decrescente";"Céu Claro";"Dupla";"Curva";"Sim";1;0;1;0;0;0;1;1;-22,66137035;-43,09295957;"SPRF-RJ";"DEL04-RJ";"UOP02-DEL04-RJ"
418247;2022-03-02;"quarta-feira";"20:00:00";"PR";369;149,5;"LONDRINA";"Manobra de mudança de faixa";"Colisão lateral mesmo sentido";"Com Vítimas Feridas";"Anoitecer";"Crescente";"Céu Claro";"Dupla";"Reta";"Sim";3;0;2;0;1;0;2;2;-23,29286403;-51,16196215;"SPRF-PR";"DEL07-PR";"UOP01-DEL07-PR"
418248;2022-03-02;"quarta-feira";"21:10:00";"BA";101;585,9;"CAMACAN";"Animais na Pista";"Atropelamento de Animal";"Com Vítimas Feridas";"Plena Noite";"Crescente";"Nublado";"Simples";"Reta";"Não";3;0;1;0;2;0;1;1;-15,40018;-39,47142;"SPRF-BA";"DEL05-BA";"UOP02-DEL05-BA"
418249;2022-03-02;"quarta-feira";"22:50:00";"SP";116;211;"GUARULHOS";"Ausência de reação do condutor";"Saída de leito carroçável";"Com Vítimas Feridas";"Plena Noite";"Crescente";"Céu Claro";"Dupla";"Reta";"Sim";1;0;1;0;0;0;1;1;-23,4324306;-46,4194352;"SPRF-SP";"DEL01-SP";"UOP01-DEL01-SP"
418250;2022-03-02;"quarta-feira";"18:45:00";"SC";470;173,7;"POUSO REDONDO";"Velocidade Incompatível";"Tombamento";"Com Vítimas Feridas";"Anoitecer";"Crescente";"Céu Claro";"Simples";"Interseção de Vias";"Não";3;0;1;0;1;1;1;3;-27,25984;-49,919285;"SPRF-SC";"DEL04-SC";"UOP02-DEL04-SC"
418252;2022-03-02;"quarta-feira";"18:45:00";"RJ";393;236;"VASSOURAS";"Frear bruscamente";"Colisão traseira";"Sem Vítimas";"Plena Noite";"Crescente";"Céu Claro";"Simples";"Reta";"Sim";3;0;0;0;3;0;0;2;-22,41598475;-43,68922776;"SPRF-RJ";"DEL05-RJ";"UOP03-DEL05-RJ"
418253;2022-03-02;"quarta-feira";"23:15:00";"RJ";116;179;"NOVA IGUACU";"Ausência de reação do condutor";"Queda de ocupante de veículo";"Com Vítimas Feridas";"Plena Noite";"Crescente";"Céu Claro";"Dupla";"Reta";"Sim";2;0;2;0;0;0;2;1;-22,769902;-43,408036;"SPRF-RJ";"DEL01-RJ";"UOP02-DEL01-RJ"
418254;2022-03-03;"quinta-feira";"00:30:00";"RS";116;151,8;"CAXIAS DO SUL";"Ingestão de álcool pelo condutor";"Colisão com objeto";"Com Vítimas Feridas";"Plena Noite";"Decrescente";"Nublado";"Dupla";"Curva;Aclive";"Sim";2;0;1;0;1;0;1;1;-29,17694502;-51,16173896;"SPRF-RS";"DEL05-RS";"UOP01-DEL05-RS"
418258;2022-03-03;"quinta-feira";"00:15:00";"RN";406;165,6;"SAO GONCALO DO AMARANTE";"Transitar na contramão";"Colisão frontal";"Com Vítimas Fatais";"Plena Noite";"Decrescente";"Céu Claro";"Simples";"Aclive";"Não";3;1;1;1;0;0;2;2;-5,74358883;-35,33982456;"SPRF-RN";"DEL02-RN";"UOP01-DEL02-RN"
418260;2022-03-03;"quinta-feira";"00:10:00";"MS";163;266;"DOURADOS";"Velocidade Incompatível";"Colisão traseira";"Sem Vítimas";"Plena Noite";"Decrescente";"Céu Claro";"Dupla";"Reta";"Sim";2;0;0;0;2;0;0;2;-22,21821026;-54,72287079;"SPRF-MS";"DEL04-MS";"UOP01-DEL04-MS"
418261;2022-03-03;"quinta-feira";"01:00:00";"MG";153;13,9;"CENTRALINA";"Ausência de reação do condutor";"Saída de leito carroçável";"Com Vítimas Feridas";"Plena Noite";"Decrescente";"Vento";"Dupla";"Reta";"Não";1;0;1;0;0;0;1;1;-18,53318003;-49,19222975;"SPRF-MG";"DEL15-MG";"UOP03-DEL15-MG"
418265;2022-03-03;"quinta-feira";"04:00:00";"MG";40;608,1;"CONGONHAS";"Reação tardia ou ineficiente do condutor";"Saída de leito carroçável";"Com Vítimas Fatais";"Plena Noite";"Crescente";"Céu Claro";"Simples";"Reta";"Não";3;1;0;2;0;0;2;1;-20,48427186;-43,83895771;"SPRF-MG";"DEL05-MG";"UOP02-DEL05-MG"
418267;2022-03-03;"quinta-feira";"05:00:00";"CE";116;11;"FORTALEZA";"Pista Escorregadia";"Tombamento";"Com Vítimas Feridas";"Amanhecer";"Crescente";"Garoa/Chuvisco";"Dupla";"Viaduto";"Sim";1;0;0;1;0;0;1;1;-3,84394724;-38,49891546;"SPRF-CE";"DEL01-CE";"UOP02-DEL01-CE"
418270;2022-03-02;"quarta-feira";"23:45:00";"SP";116;422;"JUQUIA";"Reação tardia ou ineficiente do condutor";"Saída de leito carroçável";"Sem Vítimas";"Plena Noite";"Decrescente";"Céu Claro";"Dupla";"Curva";"Não";1;0;0;0;0;1;0;1;-24,36454003;-47,69203096;"SPRF-SP";"DEL05-SP";"UOP01-DEL05-SP"
418271;2022-03-03;"quinta-feira";"05:35:00";"SP";116;108;"TAUBATE";"Entrada inopinada do pedestre";"Atropelamento de Pedestre";"Com Vítimas Feridas";"Amanhecer";"Crescente";"Céu Claro";"Dupla";"Reta";"Sim";2;0;0;1;1;0;1;2;-23,02348597;-45,53810565;"SPRF-SP";"DEL08-SP";"UOP01-DEL08-SP"
418272;2022-03-03;"quinta-feira";"05:45:00";"BA";101;475;"URUCUCA";"Acumulo de água sobre o pavimento";"Saída de leito carroçável";"Com Vítimas Feridas";"Amanhecer";"Crescente";"Chuva";"Simples";"Reta";"Não";1;0;1;0;0;0;1;1;-14,60883387;-39,33242798;"SPRF-BA";"DEL05-BA";"UOP01-DEL05-BA"
418273;2022-03-03;"quinta-feira";"05:20:00";"RS";471;171,3;"RIO PARDO";"Conversão proibida";"Colisão transversal";"Com Vítimas Feridas";"Plena Noite";"Crescente";"Céu Claro";"Simples";"Curva";"Não";2;0;1;0;1;0;1;2;-29,95616157;-52,37113953;"SPRF-RS";"DEL02-RS";"UOP03-DEL02-RS"
418276;2022-03-03;"quinta-feira";"06:30:00";"PB";230;136,6;"MASSARANDUBA";"Acumulo de areia ou detritos sobre o pavimento";"Capotamento";"Com Vítimas Feridas";"Pleno dia";"Crescente";"Céu Claro";"Dupla";"Reta";"Não";1;0;1;0;0;0;1;1;-7,2818;-35,7675;"SPRF-PB";"DEL02-PB";"UOP01-DEL02-PB"
418277;2022-03-03;"quinta-feira";"06:50:00";"SC";101;205;"SAO JOSE";"Manobra de mudança de faixa";"Colisão traseira";"Com Vítimas Feridas";"Pleno dia";"Crescente";"Céu Claro";"Múltipla";"Reta";"Sim";2;0;0;1;1;0;1;2;-27,58313237;-48,61532885;"SPRF-SC";"DEL01-SC";"UOP01-DEL01-SC"
418281;2022-03-03;"quinta-feira";"06:44:00";"PR";163;285;"MARECHAL CANDIDO RONDON";"Reação tardia ou ineficiente do condutor";"Queda de ocupante de veículo";"Com Vítimas Feridas";"Amanhecer";"Crescente";"Nublado";"Simples";"Declive";"Sim";2;0;1;0;1;0;1;2;-24,55627694;-54,03857231;"SPRF-PR";"DEL06-PR";"UOP02-DEL06-PR"
418282;2022-03-02;"quarta-feira";"20:45:00";"SC";470;59;"BLUMENAU";"Transitar no acostamento";"Colisão frontal";"Com Vítimas Feridas";"Plena Noite";"Decrescente";"Chuva";"Simples";"Reta";"Sim";2;0;0;1;1;0;1;2;-26,882812;-49,1548;"SPRF-SC";"DEL04-SC";"UOP01-DEL04-SC"
418283;2022-03-03;"quinta-feira";"07:00:00";"MG";365;623;"UBERLANDIA";"Avarias e/ou desgaste excessivo no pneu";"Tombamento";"Com Vítimas Feridas";"Pleno dia";"Decrescente";"Céu Claro";"Dupla";"Reta";"Sim";1;0;0;1;0;0;1;1;-18,9100325;-48,30694985;"SPRF-MG";"DEL15-MG";"UOP01-DEL15-MG"
418284;2022-03-03;"quinta-feira";"07:15:00";"ES";101;269;"SERRA";"Trafegar com motocicleta (ou similar) entre as faixas";"Colisão lateral mesmo sentido";"Com Vítimas Feridas";"Pleno dia";"Crescente";"Céu Claro";"Múltipla";"Reta";"Sim";2;0;1;0;1;0;1;2;-20,21740496;-40,26990578;"SPRF-ES";"DEL02-ES";"UOP01-DEL02-ES"
418285;2022-03-03;"quinta-feira";"06:00:00";"RJ";493;75,9;"DUQUE DE CAXIAS";"Condutor Dormindo";"Colisão com objeto";"Com Vítimas Feridas";"Amanhecer";"Decrescente";"Céu Claro";"Dupla";"Reta";"Não";1;0;1;0;0;0;1;1;-22,672089;-43,285053;"SPRF-RJ";"DEL01-RJ";"UOP03-DEL01-RJ"
418286;2022-03-03;"quinta-feira";"06:30:00";"CE";116;457;"BARRO";"Chuva";"Saída de leito carroçável";"Com Vítimas Feridas";"Pleno dia";"Crescente";"Chuva";"Simples";"Curva";"Não";2;0;2;0;0;0;2;1;-7,17879999;-38,78164312;"SPRF-CE";"DEL05-CE";"UOP03-DEL05-CE"
418288;2022-03-03;"quinta-feira";"07:35:00";"SP";116;230;"SAO PAULO";"Trafegar com motocicleta (ou similar) entre as faixas";"Colisão traseira";"Com Vítimas Feridas";"Pleno dia";"Crescente";"Céu Claro";"Múltipla";"Reta";"Sim";6;0;0;1;5;0;1;3;-23,52251783;-46,5855702;"SPRF-SP";"DEL01-SP";"UOP01-DEL01-SP"
418289;2022-03-03;"quinta-feira";"07:15:00";"ES";101;283;"CARIACICA";"Ausência de reação do condutor";"Colisão frontal";"Com Vítimas Feridas";"Pleno dia";"Decrescente";"Céu Claro";"Simples";"Curva";"Não";2;0;0;1;1;0;1;2;-20,23438373;-40,3693577;"SPRF-ES";"DEL01-ES";"UOP01-DEL01-ES"
418291;2022-03-03;"quinta-feira";"07:00:00";"PE";101;45,3;"IGARASSU";"Reação tardia ou ineficiente do condutor";"Colisão frontal";"Com Vítimas Fatais";"Amanhecer";"Crescente";"Céu Claro";"Múltipla";"Reta";"Sim";2;1;0;0;1;0;0;2;-7,866912;-34,907078;"SPRF-PE";"DEL01-PE";"UOP02-DEL01-PE"
418293;2022-03-03;"quinta-feira";"06:05:00";"BA";324;533;"FEIRA DE SANTANA";"Ausência de reação do condutor";"Tombamento";"Com Vítimas Feridas";"Pleno dia";"Decrescente";"Céu Claro";"Dupla";"Reta";"Não";1;0;1;0;0;0;1;1;-12,355629;-38,829969;"SPRF-BA";"DEL01-BA";"UOP03-DEL01-BA"
418295;2022-03-03;"quinta-feira";"07:20:00";"BA";324;533;"FEIRA DE SANTANA";"Acessar a via sem observar a presença dos outros veículos";"Tombamento";"Com Vítimas Feridas";"Pleno dia";"Decrescente";"Céu Claro";"Dupla";"Interseção de Vias";"Não";1;0;1;0;0;0;1;1;-12,34449694;-38,84017496;"SPRF-BA";"DEL01-BA";"UOP03-DEL01-BA"
418297;2022-03-03;"quinta-feira";"07:45:00";"RS";158;327,5;"SANTA MARIA";"Desrespeitar a preferência no cruzamento";"Tombamento";"Com Vítimas Feridas";"Pleno dia";"Crescente";"Céu Claro";"Dupla";"Retorno Regulamentado;Reta";"Sim";2;0;1;0;1;0;1;2;-29,714945;-53,81083;"SPRF-RS";"DEL09-RS";"UOP01-DEL09-RS"
418298;2022-03-03;"quinta-feira";"02:00:00";"MG";267;21,2;"ARGIRITA";"Velocidade Incompatível";"Saída de leito carroçável";"Sem Vítimas";"Plena Noite";"Crescente";"Céu Claro";"Simples";"Curva";"Não";1;0;0;0;0;1;0;1;-21,59274447;-42,78538272;"SPRF-MG";"DEL07-MG";"UOP01-DEL07-MG"
418299;2022-03-03;"quinta-feira";"07:40:00";"MG";40;521;"CONTAGEM";"Reação tardia ou ineficiente do condutor";"Colisão lateral mesmo sentido";"Com Vítimas Feridas";"Pleno dia";"Crescente";"Céu Claro";"Dupla";"Reta";"Não";3;0;3;0;0;0;3;2;-19,85651501;-44,07213222;"SPRF-MG";"DEL01-MG";"UOP02-DEL01-MG"
418301;2022-03-03;"quinta-feira";"07:50:00";"MG";381;485,8;"BETIM";"Mal súbito do condutor";"Engavetamento";"Com Vítimas Feridas";"Pleno dia";"Decrescente";"Céu Claro";"Dupla";"Declive;Reta";"Não";3;0;1;0;2;0;1;3;-19,95568148;-44,09753323;"SPRF-MG";"DEL01-MG";"UOP03-DEL01-MG"
418303;2022-03-03;"quinta-feira";"07:40:00";"RJ";393;106,9;"SAPUCAIA";"Conversão proibida";"Colisão transversal";"Com Vítimas Feridas";"Amanhecer";"Decrescente";"Céu Claro";"Simples";"Reta";"Sim";2;0;1;1;0;0;2;2;-21,87764485;-42,67025797;"SPRF-RJ";"DEL05-RJ";"UOP01-DEL05-RJ"
418304;2022-03-03;"quinta-feira";"08:20:00";"PR";476;150;"ARAUCARIA";"Sinalização mal posicionada";"Engavetamento";"Com Vítimas Feridas";"Pleno dia";"Crescente";"Céu Claro";"Dupla";"Reta";"Sim";5;0;1;0;3;1;1;5;-25,558477;-49,368313;"SPRF-PR";"DEL01-PR";"UOP03-DEL01-PR"
418305;2022-03-03;"quinta-feira";"07:40:00";"SC";101;113,1;"ITAJAI";"Acessar a via sem observar a presença dos outros veículos";"Colisão traseira";"Com Vítimas Feridas";"Pleno dia";"Decrescente";"Sol";"Dupla";"Retorno Regulamentado";"Não";2;0;1;0;1;0;1;2;-26,85311393;-48,72689927;"SPRF-SC";"DEL04-SC";"UOP04-DEL04-SC"
418306;2022-03-03;"quinta-feira";"07:45:00";"PR";369;154;"LONDRINA";"Reação tardia ou ineficiente do condutor";"Colisão traseira";"Com Vítimas Feridas";"Pleno dia";"Crescente";"Céu Claro";"Dupla";"Reta";"Sim";3;0;1;0;2;0;1;3;-23,297504;-51,199499;"SPRF-PR";"DEL07-PR";"UOP01-DEL07-PR"
418307;2022-03-03;"quinta-feira";"07:50:00";"SC";101;228;"PALHOCA";"Condutor usando celular";"Saída de leito carroçável";"Com Vítimas Feridas";"Pleno dia";"Decrescente";"Céu Claro";"Dupla";"Reta";"Sim";1;0;1;0;0;0;1;1;-27,7597249;-48,63078869;"SPRF-SC";"DEL01-SC";"UOP02-DEL01-SC"
418308;2022-03-03;"quinta-feira";"07:50:00";"MG";40;530;"CONTAGEM";"Manobra de mudança de faixa";"Colisão lateral mesmo sentido";"Com Vítimas Feridas";"Pleno dia";"Crescente";"Céu Claro";"Dupla";"Aclive;Reta";"Sim";2;0;1;0;1;0;1;2;-19,92064782;-44,0335681;"SPRF-MG";"DEL01-MG";"UOP02-DEL01-MG"
418310;2022-02-27;"domingo";"15:00:00";"AP";210;12;"MACAPA";"Transitar no acostamento";"Colisão traseira";"Com Vítimas Fatais";"Pleno dia";"Decrescente";"Céu Claro";"Simples";"Reta";"Não";6;1;0;0;5;0;0;2;0,13413683;-51,13881224;"SPRF-AP";"DEL01-AP";"UOP01-DEL01-AP"
418311;2022-03-03;"quinta-feira";"09:00:00";"MA";135;6;"SAO LUIS";"Condutor deixou de manter distância do veículo da frente";"Colisão lateral mesmo sentido";"Com Vítimas Feridas";"Pleno dia";"Crescente";"Céu Claro";"Dupla";"Declive;Reta";"Sim";2;0;0;1;1;0;1;2;-2,62877986;-44,26321818;"SPRF-MA";"DEL01-MA";"UOP01-DEL01-MA"