"id";"data_inversa";"dia_semana";"horario";"uf";"br";"km";"municipio";"causa_acidente";"tipo_acidente";"classificacao_acidente";"fase_dia";"sentido_via";"condicao_metereologica";"tipo_pista";"tracado_via";"uso_solo";"pessoas";"mortos";"feridos_leves";"feridos_graves";"ilesos";"ignorados";"feridos";"veiculos";"latitude";"longitude";"regional";"delegacia";"uop"
418313;2022-03-03;"quinta-feira";"08:45:00";"PR";476;178;"CONTENDA";"Condutor Dormindo";"Saída de leito carroçável";"Com Vítimas Feridas";"Pleno dia";"Decrescente";"Nublado";"Simples";"Curva";"Não";2;0;1;0;1;0;1;1;-25,699764;-49,572849;"SPRF-PR";"DEL01-PR";"UOP03-DEL01-PR"
418314;2022-02-27;"domingo";"22:00:00";"RJ";116;135;"DUQUE DE CAXIAS";"Velocidade Incompatível";"Colisão frontal";"Com Vítimas Feridas";"Plena Noite";"Decrescente";"Céu Claro";"Simples";"Reta";"Sim";2;0;0;1;1;0;1;2;-22,65225773;-43,16309893;"SPRF-RJ";"DEL04-RJ";"UOP02-DEL04-RJ"
418315;2022-03-03;"quinta-feira";"07:20:00";"PE";101;47,5;"ABREU E LIMA";"Condutor deixou de manter distância do veículo da frente";"Colisão traseira";"Sem Vítimas";"Pleno dia";"Crescente";"Céu Claro";"Múltipla";"Reta";"Sim";2;0;0;0;2;0;0;2;-7,88290701;-34,90461208;"SPRF-PE";"DEL01-PE";"UOP02-DEL01-PE"
418316;2022-01-18;"terça-feira";"16:10:00";"MA";135;96;"ITAPECURU MIRIM";"Chuva";"Capotamento";"Com Vítimas Feridas";"Pleno dia";"Crescente";"Chuva";"Simples";"Reta";"Não";1;0;1;0;0;0;1;1;-3,4883741;-44,42705674;"SPRF-MA";"DEL01-MA";"UOP02-DEL01-MA"
418317;2022-03-03;"quinta-feira";"10:00:00";"AL";104;93;"RIO LARGO";"Condutor Dormindo";"Colisão com objeto";"Com Vítimas Feridas";"Pleno dia";"Crescente";"Céu Claro";"Dupla";"Reta";"Sim";1;0;1;0;0;0;1;1;-9,52891696;-35,79807693;"SPRF-AL";"DEL01-AL";"UOP01-DEL01-AL"
418318;2022-03-03;"quinta-feira";"09:30:00";"PR";277;423,9;"CANTAGALO";"Velocidade Incompatível";"Saída de leito carroçável";"Com Vítimas Feridas";"Pleno dia";"Crescente";"Nublado";"Simples";"Reta";"Não";2;0;0;1;1;0;1;2;-25,39623005;-52,10550115;"SPRF-PR";"DEL04-PR";"UOP02-DEL04-PR"
418321;2022-01-02;"domingo";"19:50:00";"ES";101;293;"CARIACICA";"Reação tardia ou ineficiente do condutor";"Saída de leito carroçável";"Com Vítimas Feridas";"Plena Noite";"Crescente";"Céu Claro";"Dupla";"Reta";"Sim";2;0;1;0;1;0;1;1;-20,31526144;-40,39567044;"SPRF-ES";"DEL01-ES";"UOP01-DEL01-ES"
418323;2022-03-03;"quinta-feira";"10:30:00";"PE";101;51;"ABREU E LIMA";"Reação tardia ou ineficiente do condutor";"Colisão traseira";"Com Vítimas Feridas";"Pleno dia";"Crescente";"Sol";"Múltipla";"Reta";"Sim";2;0;0;1;1;0;1;2;-7,9169968;-34,89689272;"SPRF-PE";"DEL01-PE";"UOP02-DEL01-PE"
418325;2022-03-03;"quinta-feira";"10:30:00";"RJ";101;272,5;"TANGUA";"Reação tardia ou ineficiente do condutor";"Colisão traseira";"Com Vítimas Feridas";"Pleno dia";"Crescente";"Sol";"Dupla";"Reta";"Sim";2;0;1;0;1;0;1;2;-22,72935968;-42,70112512;"SPRF-RJ";"DEL02-RJ";"UOP03-DEL02-RJ"
418326;2022-03-03;"quinta-feira";"08:50:00";"RJ";493;2;"ITABORAI";"Obstrução na via";"Engavetamento";"Com Vítimas Feridas";"Pleno dia";"Crescente";"Sol";"Dupla";"Reta";"Sim";4;0;1;0;3;0;1;3;-22,75950214;-42,93544822;"SPRF-RJ";"DEL02-RJ";"UOP02-DEL02-RJ"
418328;2022-03-03;"quinta-feira";"09:35:00";"PR";116;191,5;"CAMPO DO TENENTE";"Reação tardia ou ineficiente do condutor";"Queda de ocupante de veículo";"Com Vítimas Feridas";"Pleno dia";"Crescente";"Nublado";"Simples";"Reta";"Sim";1;0;1;0;0;0;1;1;-25,96297508;-49,65440887;"SPRF-SC";"DEL06-SC";"UOP01-DEL06-SC"
418329;2022-03-03;"quinta-feira";"09:00:00";"RR";432;207;"CANTA";"Reação tardia ou ineficiente do condutor";"Saída de leito carroçável";"Com Vítimas Feridas";"Pleno dia";"Crescente";"Céu Claro";"Simples";"Reta";"Não";2;0;2;0;0;0;2;1;2,744851;-60,60848106;"SPRF-RR";"DEL01-RR";"UOP01-DEL01-RR"
418330;2022-03-03;"quinta-feira";"08:45:00";"AC";364;131;"RIO BRANCO";"Conversão proibida";"Colisão transversal";"Com Vítimas Feridas";"Pleno dia";"Crescente";"Céu Claro";"Simples";"Reta";"Sim";2;0;0;1;1;0;1;2;-10,01594689;-67,84093848;"SPRF-AC";"DEL01-AC";"UOP01-DEL01-AC"
418331;2022-03-03;"quinta-feira";"10:45:00";"SC";101;200,6;"SAO JOSE";"Trafegar com motocicleta (ou similar) entre as faixas";"Colisão lateral mesmo sentido";"Com Vítimas Feridas";"Pleno dia";"Crescente";"Nublado";"Dupla";"Reta";"Sim";2;0;1;0;1;0;1;2;-27,54018513;-48,62287714;"SPRF-SC";"DEL01-SC";"UOP01-DEL01-SC"
418337;2022-01-10;"segunda-feira";"00:45:00";"TO";153;215,1;"NOVA OLINDA";"Acostamento em desnível";"Queda de ocupante de veículo";"Com Vítimas Feridas";"Plena Noite";"Crescente";"Nublado";"Simples";"Curva";"Não";1;0;0;1;0;0;1;1;-7,77722107;-48,46369883;"SPRF-TO";"DEL02-TO";"UOP01-DEL02-TO"
418339;2022-03-03;"quinta-feira";"11:10:00";"BA";324;585;"CANDEIAS";"Animais na Pista";"Colisão traseira";"Com Vítimas Feridas";"Pleno dia";"Decrescente";"Garoa/Chuvisco";"Dupla";"Reta";"Não";3;0;1;0;1;1;1;3;-12,63012705;-38,47968619;"SPRF-BA";"DEL01-BA";"UOP01-DEL01-BA"
418340;2022-03-03;"quinta-feira";"11:20:00";"RS";285;399,7;"SANTA BARBARA DO SUL";"Ultrapassagem Indevida";"Saída de leito carroçável";"Com Vítimas Feridas";"Pleno dia";"Crescente";"Sol";"Simples";"Reta;Declive";"Não";4;0;3;1;0;0;4;1;-28,385458;-53,342712;"SPRF-RS";"DEL10-RS";"UOP02-DEL10-RS"
418342;2022-03-03;"quinta-feira";"08:10:00";"RO";364;608;"ITAPUA DO OESTE";"Objeto estático sobre o leito carroçável";"Colisão com objeto";"Sem Vítimas";"Pleno dia";"Crescente";"Céu Claro";"Simples";"Reta";"Não";1;0;0;0;1;0;0;1;-9,16665862;-63,21396561;"SPRF-RO";"DEL01-RO";"UOP04-DEL01-RO"
418343;2022-03-03;"quinta-feira";"11:45:00";"RJ";101;282;"ITABORAI";"Curva acentuada";"Saída de leito carroçável";"Com Vítimas Feridas";"Pleno dia";"Decrescente";"Céu Claro";"Dupla";"Curva";"Não";1;0;1;0;0;0;1;1;-22,73534021;-42,80359268;"SPRF-RJ";"DEL02-RJ";"UOP03-DEL02-RJ"
418344;2022-03-03;"quinta-feira";"08:25:00";"RO";364;422;"JARU";"Condutor deixou de manter distância do veículo da frente";"Colisão lateral sentido oposto";"Com Vítimas Feridas";"Pleno dia";"Decrescente";"Nublado";"Simples";"Reta";"Sim";3;0;1;1;1;0;2;2;-10,4597532;-62,4558043;"SPRF-RO";"DEL03-RO";"UOP02-DEL03-RO"
418345;2022-03-03;"quinta-feira";"10:20:00";"SC";101;32;"JOINVILLE";"Demais falhas mecânicas ou elétricas";"Incêndio";"Sem Vítimas";"Pleno dia";"Crescente";"Nublado";"Dupla";"Curva";"Não";1;0;0;0;1;0;0;1;-26,25247016;-48,90804291;"SPRF-SC";"DEL03-SC";"UOP01-DEL03-SC"
418346;2022-03-03;"quinta-feira";"10:30:00";"PA";230;727;"MEDICILANDIA";"Reação tardia ou ineficiente do condutor";"Saída de leito carroçável";"Com Vítimas Fatais";"Pleno dia";"Crescente";"Chuva";"Simples";"Curva";"Não";3;1;0;0;2;0;0;1;-3,4013168;-52,74645201;"SPRF-PA";"DEL04-PA";"UOP01-DEL04-PA"
418347;2022-03-03;"quinta-feira";"12:00:00";"PR";376;174;"MARINGA";"Ausência de reação do condutor";"Colisão traseira";"Com Vítimas Feridas";"Pleno dia";"Crescente";"Sol";"Múltipla";"Reta";"Sim";3;0;1;0;2;0;1;2;-23,41135;-51,940165;"SPRF-PR";"DEL09-PR";"UOP01-DEL09-PR"
418348;2022-03-03;"quinta-feira";"12:50:00";"RN";110;49;"MOSSORO";"Ausência de reação do condutor";"Colisão lateral mesmo sentido";"Com Vítimas Feridas";"Pleno dia";"Decrescente";"Sol";"Dupla";"Reta";"Sim";3;0;2;0;1;0;2;2;-5,21645975;-37,32927128;"SPRF-RN";"DEL04-RN";"UOP01-DEL04-RN"
418349;2022-03-03;"quinta-feira";"10:00:00";"SE";101;124,8;"ITAPORANGA DAJUDA";"Acumulo de água sobre o pavimento";"Saída de leito carroçável";"Com Vítimas Feridas";"Pleno dia";"Crescente";"Nublado";"Dupla";"Reta";"Não";2;0;1;0;1;0;1;1;-11,04643101;-37,36490103;"SPRF-SE";"DEL02-SE";"UOP01-DEL02-SE"
418350;2022-03-03;"quinta-feira";"12:15:00";"GO";60;249,5;"INDIARA";"Manobra de mudança de faixa";"Colisão traseira";"Com Vítimas Fatais";"Pleno dia";"Decrescente";"Sol";"Dupla";"Reta";"Não";2;1;0;0;1;0;0;2;-17,1174;-49,9527;"SPRF-GO";"DEL01-GO";"UOP02-DEL01-GO"
418351;2022-03-03;"quinta-feira";"12:30:00";"RS";116;261;"CANOAS";"Ausência de reação do condutor";"Colisão traseira";"Com Vítimas Feridas";"Pleno dia";"Decrescente";"Céu Claro";"Dupla";"Interseção de Vias";"Sim";2;0;1;0;0;1;1;2;-29,887983;-51,17901;"SPRF-RS";"DEL01-RS";"UOP01-DEL01-RS"
418352;2022-03-03;"quinta-feira";"10:40:00";"AC";364;122;"RIO BRANCO";"Reação tardia ou ineficiente do condutor";"Colisão transversal";"Com Vítimas Feridas";"Pleno dia";"Decrescente";"Céu Claro";"Dupla";"Reta";"Sim";3;0;3;0;0;0;3;2;-10,01188291;-67,773345;"SPRF-AC";"DEL01-AC";"UOP01-DEL01-AC"
418354;2022-02-07;"segunda-feira";"18:15:00";"BA";407;121;"SENHOR DO BONFIM";"Animais na Pista";"Atropelamento de Animal";"Com Vítimas Feridas";"Plena Noite";"Crescente";"Céu Claro";"Simples";"Reta";"Não";1;0;1;0;0;0;1;1;-10,41234797;-40,1832681;"SPRF-BA";"DEL04-BA";"UOP01-DEL04-BA"
418355;2022-03-03;"quinta-feira";"04:00:00";"PI";235;345;"GILBUES";"Velocidade Incompatível";"Saída de leito carroçável";"Com Vítimas Fatais";"Pleno dia";"Crescente";"Céu Claro";"Simples";"Curva";"Não";2;2;0;0;0;0;0;1;-9,76759;-45,31834;"SPRF-PI";"DEL03-PI";"UOP02-DEL03-PI"
418357;2022-03-03;"quinta-feira";"08:25:00";"RS";470;159,5;"NOVA PRATA";"Acessar a via sem observar a presença dos outros veículos";"Colisão transversal";"Sem Vítimas";"Pleno dia";"Crescente";"Céu Claro";"Simples";"Reta";"Sim";2;0;0;0;2;0;0;2;-28,80816654;-51,60340548;"SPRF-RS";"DEL06-RS";"UOP02-DEL06-RS"
418360;2022-03-03;"quinta-feira";"13:30:00";"PR";277;592;"CASCAVEL";"Demais falhas mecânicas ou elétricas";"Colisão com objeto";"Sem Vítimas";"Pleno dia";"Decrescente";"Céu Claro";"Simples";"Reta";"Não";1;0;0;0;1;0;0;1;-24,98082053;-53,48254989;"SPRF-PR";"DEL04-PR";"UOP01-DEL04-PR"
418363;2022-03-03;"quinta-feira";"12:10:00";"PA";308;151,8;"CAPANEMA";"Acessar a via sem observar a presença dos outros veículos";"Colisão transversal";"Com Vítimas Feridas";"Pleno dia";"Crescente";"Nublado";"Simples";"Reta";"Sim";2;0;1;0;0;1;1;2;-1,206719;-47,176229;"SPRF-PA";"DEL01-PA";"UOP03-DEL01-PA"
418367;2022-03-03;"quinta-feira";"14:05:00";"RN";304;67,3;"MOSSORO";"Transitar na contramão";"Colisão frontal";"Com Vítimas Fatais";"Pleno dia";"Decrescente";"Céu Claro";"Simples";"Reta";"Não";3;1;0;2;0;0;2;2;-5,37857529;-37,23882451;"SPRF-RN";"DEL04-RN";"UOP01-DEL04-RN"
418368;2022-03-03;"quinta-feira";"14:15:00";"PE";408;100;"RECIFE";"Demais falhas mecânicas ou elétricas";"Saída de leito carroçável";"Com Vítimas Feridas";"Pleno dia";"Crescente";"Sol";"Dupla";"Reta";"Sim";2;0;2;0;0;0;2;1;-8,04364056;-35,01674995;"SPRF-PE";"DEL01-PE";"UOP01-DEL01-PE"
418370;2022-03-03;"quinta-feira";"12:15:00";"SC";470;114;"IBIRAMA";"Acessar a via sem observar a presença dos outros veículos";"Colisão lateral mesmo sentido";"Com Vítimas Feridas";"Pleno dia";"Decrescente";"Céu Claro";"Simples";"Reta";"Não";3;0;2;0;1;0;2;2;-27,086386;-49,478001;"SPRF-SC";"DEL04-SC";"UOP02-DEL04-SC"
418373;2022-03-03;"quinta-feira";"15:00:00";"SP";116;273;"TABOAO DA SERRA";"Acumulo de areia ou detritos sobre o pavimento";"Tombamento";"Com Vítimas Feridas";"Pleno dia";"Decrescente";"Céu Claro";"Simples";"Curva";"Não";1;0;1;0;0;0;1;1;-23,62809795;-46,81870306;"SPRF-SP";"DEL04-SP";"UOP01-DEL04-SP"
418374;2022-03-03;"quinta-feira";"15:25:00";"RJ";40;116;"DUQUE DE CAXIAS";"Objeto estático sobre o leito carroçável";"Colisão com objeto";"Com Vítimas Feridas";"Pleno dia";"Decrescente";"Céu Claro";"Múltipla";"Reta";"Sim";2;0;1;0;1;0;1;2;-22,73662299;-43,28858785;"SPRF-RJ";"DEL01-RJ";"UOP01-DEL01-RJ"
418377;2022-02-19;"sábado";"19:21:00";"MS";267;10;"BATAGUASSU";"Acessar a via sem observar a presença dos outros veículos";"Colisão traseira";"Com Vítimas Fatais";"Plena Noite";"Decrescente";"Céu Claro";"Simples";"Reta";"Não";3;1;0;0;1;1;0;3;-21,72980294;-52,23757197;"SPRF-MS";"DEL02-MS";"UOP04-DEL02-MS"
418379;2022-03-03;"quinta-feira";"14:00:00";"SC";282;173;"BOCAINA DO SUL";"Ausência de reação do condutor";"Colisão com objeto";"Com Vítimas Feridas";"Pleno dia";"Crescente";"Nublado";"Simples";"Reta";"Não";2;0;2;0;0;0;2;1;-27,740261;-49,872467;"SPRF-SC";"DEL05-SC";"UOP01-DEL05-SC"
418381;2022-01-21;"sexta-feira";"13:34:00";"PA";230;116;"MARABA";"Transitar na contramão";"Colisão transversal";"Sem Vítimas";"Pleno dia";"Decrescente";"Sol";"Dupla";"Retorno Regulamentado";"Sim";2;0;0;0;2;0;0;2;-5,35947454;-49,08301084;"SPRF-PA";"DEL03-PA";"UOP01-DEL03-PA"
418382;2022-03-03;"quinta-feira";"15:40:00";"RS";386;392;"TRIUNFO";"Acessar a via sem observar a presença dos outros veículos";"Colisão frontal";"Com Vítimas Feridas";"Pleno dia";"Crescente";"Céu Claro";"Dupla";"Rotatória";"Não";3;0;2;0;1;0;2;2;-29,70651222;-51,65175145;"SPRF-RS";"DEL04-RS";"UOP02-DEL04-RS"
418383;2022-01-09;"domingo";"22:05:00";"PA";230;121;"MARABA";"Ausência de reação do condutor";"Colisão traseira";"Com Vítimas Feridas";"Plena Noite";"Crescente";"Céu Claro";"Dupla";"Declive";"Sim";3;0;1;1;1;0;2;2;-5,35297407;-49,12143673;"SPRF-PA";"DEL03-PA";"UOP01-DEL03-PA"
418384;2022-03-03;"quinta-feira";"14:00:00";"RJ";101;57;"CAMPOS DOS GOYTACAZES";"Acessar a via sem observar a presença dos outros veículos";"Colisão transversal";"Com Vítimas Feridas";"Pleno dia";"Crescente";"Céu Claro";"Simples";"Reta";"Sim";2;0;1;0;1;0;1;2;-21,69602101;-41,31017467;"SPRF-RJ";"DEL08-RJ";"UOP01-DEL08-RJ"
418386;2022-03-03;"quinta-feira";"16:45:00";"MG";381;510;"SAO JOAQUIM DE BICAS";"Avarias e/ou desgaste excessivo no pneu";"Queda de ocupante de veículo";"Com Vítimas Feridas";"Pleno dia";"Decrescente";"Céu Claro";"Dupla";"Reta";"Sim";1;0;1;0;0;0;1;1;-20,07738209;-44,30434488;"SPRF-MG";"DEL01-MG";"UOP03-DEL01-MG"
418389;2022-03-03;"quinta-feira";"15:53:00";"SP";116;167,2;"JACAREI";"Ausência de reação do condutor";"Colisão com objeto";"Com Vítimas Feridas";"Pleno dia";"Decrescente";"Céu Claro";"Múltipla";"Declive";"Sim";1;0;0;1;0;0;1;1;-23,30254924;-46,02640493;"SPRF-SP";"DEL02-SP";"UOP01-DEL02-SP"
418391;2022-01-27;"quinta-feira";"17:00:00";"PR";116;122;"CURITIBA";"Transitar na contramão";"Colisão frontal";"Com Vítimas Feridas";"Pleno dia";"Decrescente";"Céu Claro";"Dupla";"Reta";"Não";3;0;0;3;0;0;3;3;-25,56857207;-49,31023179;"SPRF-PR";"DEL01-PR";"UOP03-DEL01-PR"
418394;2022-03-03;"quinta-feira";"15:30:00";"BA";242;811;"BARREIRAS";"Chuva";"Saída de leito carroçável";"Com Vítimas Feridas";"Pleno dia";"Crescente";"Garoa/Chuvisco";"Simples";"Curva";"Não";2;0;2;0;0;0;2;1;-12,120994;-45,143726;"SPRF-BA";"DEL10-BA";"UOP01-DEL10-BA"
418395;2022-03-03;"quinta-feira";"16:15:00";"SP";116;297;"ITAPECERICA DA SERRA";"Reação tardia ou ineficiente do condutor";"Queda de ocupante de veículo";"Com Vítimas Feridas";"Pleno dia";"Crescente";"Céu Claro";"Simples";"Declive;Curva";"Não";1;0;1;0;0;0;1;1;-23,78323219;-46,91437053;"SPRF-SP";"DEL04-SP";"UOP01-DEL04-SP"
418396;2022-03-03;"quinta-feira";"17:00:00";"SP";116;210;"GUARULHOS";"Problema com o freio";"Colisão traseira";"Com Vítimas Feridas";"Anoitecer";"Decrescente";"Céu Claro";"Múltipla";"Reta";"Sim";4;0;2;0;2;0;2;2;-23,42870023;-46,41085991;"SPRF-SP";"DEL01-SP";"UOP01-DEL01-SP"
418397;2022-03-03;"quinta-feira";"17:00:00";"CE";20;419,3;"MARACANAU";"Mal súbito do condutor";"Queda de ocupante de veículo";"Com Vítimas Feridas";"Pleno dia";"Crescente";"Céu Claro";"Dupla";"Reta";"Sim";1;0;0;1;0;0;1;1;-3,84444799;-38,58167952;"SPRF-CE";"DEL01-CE";"UOP02-DEL01-CE"
418399;2022-03-02;"quarta-feira";"15:40:00";"BA";324;576;"SAO SEBASTIAO DO PASSE";"Velocidade Incompatível";"Colisão traseira";"Com Vítimas Feridas";"Pleno dia";"Crescente";"Nublado";"Dupla";"Reta";"Não";4;0;2;0;2;0;2;2;-12,57834312;-38,53790009;"SPRF-BA";"DEL01-BA";"UOP01-DEL01-BA"
418400;2022-03-03;"quinta-feira";"16:10:00";"PR";376;650;"TIJUCAS DO SUL";"Ausência de reação do condutor";"Saída de leito carroçável";"Com Vítimas Feridas";"Pleno dia";"Decrescente";"Chuva";"Dupla";"Curva";"Não";2;0;1;0;1;0;1;1;-25,84564757;-49,08816197;"SPRF-PR";"DEL01-PR";"UOP04-DEL01-PR"
418401;2022-03-03;"quinta-feira";"17:10:00";"MG";381;486,9;"BETIM";"Condutor deixou de manter distância do veículo da frente";"Colisão traseira";"Com Vítimas Feridas";"Pleno dia";"Crescente";"Céu Claro";"Múltipla";"Declive;Reta";"Sim";2;0;1;0;0;1;1;2;-19,95644414;-44,13611598;"SPRF-MG";"DEL01-MG";"UOP03-DEL01-MG"
418404;2022-03-03;"quinta-feira";"17:40:00";"SC";101;189;"BIGUACU";"Reação tardia ou ineficiente do condutor";"Saída de leito carroçável";"Com Vítimas Feridas";"Pleno dia";"Crescente";"Chuva";"Dupla";"Curva";"Não";2;0;2;0;0;0;2;1;-27,459393;-48,638914;"SPRF-SC";"DEL01-SC";"UOP01-DEL01-SC"
418405;2022-03-03;"quinta-feira";"17:35:00";"ES";101;271,8;"SERRA";"Trafegar com motocicleta (ou similar) entre as faixas";"Colisão lateral mesmo sentido";"Com Vítimas Feridas";"Anoitecer";"Crescente";"Céu Claro";"Dupla";"Reta";"Sim";2;0;0;1;1;0;1;2;-20,23267;-40,27658;"SPRF-ES";"DEL02-ES";"UOP01-DEL02-ES"
418407;2022-03-03;"quinta-feira";"17:30:00";"ES";101;394,4;"RIO NOVO DO SUL";"Reação tardia ou ineficiente do condutor";"Colisão traseira";"Com Vítimas Feridas";"Pleno dia";"Decrescente";"Céu Claro";"Dupla";"Reta";"Não";3;0;1;0;1;1;1;3;-20,86561852;-40,92318907;"SPRF-ES";"DEL03-ES";"UOP02-DEL03-ES"
418408;2022-03-03;"quinta-feira";"17:20:00";"ES";101;443,9;"MIMOSO DO SUL";"Ausência de reação do condutor";"Queda de ocupante de veículo";"Com Vítimas Feridas";"Anoitecer";"Decrescente";"Céu Claro";"Simples";"Reta";"Não";1;0;1;0;0;0;1;1;-21,09789425;-41,25305078;"SPRF-ES";"DEL03-ES";"UOP02-DEL03-ES"
418409;2022-03-03;"quinta-feira";"17:00:00";"PR";116;144;"MANDIRITUBA";"Acessar a via sem observar a presença dos outros veículos";"Colisão transversal";"Com Vítimas Feridas";"Pleno dia";"Crescente";"Chuva";"Simples";"Declive;Reta";"Não";2;0;1;0;1;0;1;2;-25,798298;-49,329416;"SPRF-PR";"DEL01-PR";"UOP03-DEL01-PR"
418410;2022-02-07;"segunda-feira";"12:00:00";"ES";101;298,9;"VIANA";"Condutor deixou de manter distância do veículo da frente";"Colisão traseira";"Com Vítimas Feridas";"Pleno dia";"Crescente";"Céu Claro";"Múltipla";"Curva";"Sim";2;0;0;1;1;0;1;2;-20,35374444;-40,4156433;"SPRF-ES";"DEL01-ES";"UOP01-DEL01-ES"
418411;2022-03-03;"quinta-feira";"17:50:00";"MG";381;507;"BETIM";"Demais Fenômenos da natureza";"Colisão traseira";"Com Vítimas Feridas";"Pleno dia";"Crescente";"Sol";"Múltipla";"Reta";"Sim";3;0;0;2;1;0;2;2;-20,03787005;-44,24812317;"SPRF-MG";"DEL01-MG";"UOP03-DEL01-MG"
418412;2022-03-03;"quinta-feira";"17:30:00";"SP";116;282;"EMBU DAS ARTES";"Avarias e/ou desgaste excessivo no pneu";"Colisão traseira";"Com Vítimas Feridas";"Pleno dia";"Crescente";"Céu Claro";"Múltipla";"Reta";"Sim";2;0;1;0;1;0;1;2;-23,68570216;-46,85970975;"SPRF-SP";"DEL04-SP";"UOP01-DEL04-SP"
418414;2022-03-03;"quinta-feira";"16:18:00";"PR";369;17,6;"CAMBARA";"Acessar a via sem observar a presença dos outros veículos";"Colisão transversal";"Com Vítimas Feridas";"Pleno dia";"Crescente";"Céu Claro";"Simples";"Interseção de Vias";"Não";2;0;1;0;1;0;1;2;-23,03361768;-50,05969226;"SPRF-PR";"DEL07-PR";"UOP01-DEL07-PR"
418415;2022-03-03;"quinta-feira";"16:15:00";"SC";470;140,6;"RIO DO SUL";"Acesso irregular";"Colisão transversal";"Com Vítimas Feridas";"Pleno dia";"Decrescente";"Céu Claro";"Simples";"Curva";"Sim";2;0;1;0;1;0;1;2;-27,222485;-49,662827;"SPRF-SC";"DEL04-SC";"UOP02-DEL04-SC"
418417;2022-03-03;"quinta-feira";"18:00:00";"BA";324;612,9;"SIMOES FILHO";"Ausência de reação do condutor";"Tombamento";"Com Vítimas Feridas";"Plena Noite";"Decrescente";"Garoa/Chuvisco";"Dupla";"Reta";"Sim";1;0;1;0;0;0;1;1;-12,84664721;-38,41741648;"SPRF-BA";"DEL01-BA";"UOP01-DEL01-BA"
418418;2022-03-03;"quinta-feira";"18:28:00";"CE";116;19;"ITAITINGA";"Transitar na contramão";"Colisão frontal";"Com Vítimas Feridas";"Anoitecer";"Crescente";"Céu Claro";"Dupla";"Reta";"Sim";2;0;0;1;1;0;1;2;-3,91384397;-38,50667231;"SPRF-CE";"DEL01-CE";"UOP02-DEL01-CE"
418420;2022-03-03;"quinta-feira";"17:15:00";"MS";60;419;"SIDROLANDIA";"Reação tardia ou ineficiente do condutor";"Tombamento";"Com Vítimas Feridas";"Pleno dia";"Crescente";"Céu Claro";"Simples";"Reta";"Não";1;0;1;0;0;0;1;1;-20,8999208;-54,91396201;"SPRF-MS";"DEL01-MS";"UOP04-DEL01-MS"
418422;2022-03-03;"quinta-feira";"18:40:00";"RS";287;249;"SANTA MARIA";"Ausência de reação do condutor";"Colisão lateral mesmo sentido";"Com Vítimas Feridas";"Anoitecer";"Crescente";"Céu Claro";"Simples";"Reta";"Sim";2;0;2;0;0;0;2;2;-29,6954716;-53,85442257;"SPRF-RS";"DEL09-RS";"UOP01-DEL09-RS"
418423;2022-03-03;"quinta-feira";"18:30:00";"GO";40;2,5;"VALPARAISO DE GOIAS";"Reação tardia ou ineficiente do condutor";"Colisão traseira";"Com Vítimas Feridas";"Anoitecer";"Crescente";"Céu Claro";"Dupla";"Reta";"Sim";2;0;0;1;1;0;1;2;-16,067129;-47,984235;"SPRF-DF";"DEL01-DF";"UOP01-DEL01-DF"
418424;2022-03-03;"quinta-feira";"17:55:00";"CE";116;12,3;"FORTALEZA";"Condutor deixou de manter distância do veículo da frente";"Colisão traseira";"Sem Vítimas";"Anoitecer";"Decrescente";"Céu Claro";"Simples";"Reta";"Sim";2;0;0;0;1;1;0;2;-3,852077;-38,495525;"SPRF-CE";"DEL01-CE";"UOP02-DEL01-CE"
418426;2022-03-03;"quinta-feira";"17:40:00";"MT";364;267;"JACIARA";"Acumulo de água sobre o pavimento";"Capotamento";"Com Vítimas Feridas";"Anoitecer";"Decrescente";"Garoa/Chuvisco";"Dupla";"Reta";"Não";4;0;4;0;0;0;4;1;-15,9882531966;-54,9267972252;"SPRF-MT";"DEL02-MT";"UOP01-DEL02-MT"
418428;2022-03-03;"quinta-feira";"19:00:00";"SC";101;218;"PALHOCA";"Avarias e/ou desgaste excessivo no pneu";"Queda de ocupante de veículo";"Com Vítimas Fatais";"Plena Noite";"Crescente";"Garoa/Chuvisco";"Dupla";"Reta";"Não";2;1;1;0;0;0;1;1;-27,6758601;-48,67052525;"SPRF-SC";"DEL01-SC";"UOP02-DEL01-SC"
418430;2022-01-30;"domingo";"17:40:00";"ES";393;7;"CACHOEIRO DE ITAPEMIRIM";"Condutor deixou de manter distância do veículo da frente";"Colisão traseira";"Com Vítimas Feridas";"Pleno dia";"Decrescente";"Céu Claro";"Simples";"Curva";"Não";2;0;1;0;0;1;1;2;-20,82491687;-41,217008;"SPRF-ES";"DEL03-ES";"UOP02-DEL03-ES"
418434;2022-03-03;"quinta-feira";"19:15:00";"PR";376;592;"CURITIBA";"Iluminação deficiente";"Queda de ocupante de veículo";"Com Vítimas Feridas";"Plena Noite";"Crescente";"Nublado";"Dupla";"Reta";"Sim";2;0;1;0;0;1;1;2;-25,45175835;-49,36229294;"SPRF-PR";"DEL01-PR";"UOP01-DEL01-PR"
418436;2022-03-03;"quinta-feira";"19:40:00";"PR";476;128;"CURITIBA";"Manobra de mudança de faixa";"Colisão lateral mesmo sentido";"Com Vítimas Feridas";"Plena Noite";"Decrescente";"Nublado";"Múltipla";"Reta";"Sim";3;0;1;0;0;2;1;3;-25,433048;-49,23156;"SPRF-PR";"DEL01-PR";"UOP03-DEL01-PR"