"id";"data_inversa";"dia_semana";"horario";"uf";"br";"km";"municipio";"causa_acidente";"tipo_acidente";"classificacao_acidente";"fase_dia";"sentido_via";"condicao_metereologica";"tipo_pista";"tracado_via";"uso_solo";"pessoas";"mortos";"feridos_leves";"feridos_graves";"ilesos";"ignorados";"feridos";"veiculos";"latitude";"longitude";"regional";"delegacia";"uop"
418814;2022-03-05;"sábado";"16:35:00";"MS";163;442,3;"CAMPO GRANDE";"Acessar a via sem observar a presença dos outros veículos";"Colisão transversal";"Com Vítimas Feridas";"Pleno dia";"Crescente";"Nublado";"Simples";"Reta";"Não";5;0;0;1;4;0;1;2;-20,79804429;-54,5204680413;"SPRF-MS";"DEL01-MS";"UOP01-DEL01-MS"
418815;2022-03-05;"sábado";"14:45:00";"SC";101;38,3;"JOINVILLE";"Desrespeitar a preferência no cruzamento";"Colisão transversal";"Com Vítimas Feridas";"Pleno dia";"Crescente";"Céu Claro";"Dupla";"Rotatória;Viaduto;Interseção de Vias";"Sim";2;0;0;1;0;1;1;2;-26,29633908;-48,88425708;"SPRF-SC";"DEL03-SC";"UOP01-DEL03-SC"
418817;2022-03-05;"sábado";"18:10:00";"RS";285;191,2;"LAGOA VERMELHA";"Velocidade Incompatível";"Saída de leito carroçável";"Com Vítimas Feridas";"Pleno dia";"Crescente";"Céu Claro";"Simples";"Reta";"Não";2;0;0;2;0;0;2;1;-28,2590297;-51,48330688;"SPRF-RS";"DEL08-RS";"UOP05-DEL08-RS"
418818;2022-03-05;"sábado";"17:45:00";"SP";116;269;"TABOAO DA SERRA";"Condutor desrespeitou a iluminação vermelha do semáforo";"Colisão transversal";"Com Vítimas Feridas";"Anoitecer";"Decrescente";"Nublado";"Múltipla";"Interseção de Vias";"Sim";3;0;1;0;2;0;1;2;-23,61593059;-46,78826044;"SPRF-SP";"DEL04-SP";"UOP01-DEL04-SP"
418820;2022-03-05;"sábado";"17:30:00";"PB";230;157;"CAMPINA GRANDE";"Desrespeitar a preferência no cruzamento";"Colisão transversal";"Com Vítimas Feridas";"Anoitecer";"Decrescente";"Nublado";"Simples";"Retorno Regulamentado";"Sim";2;0;1;0;1;0;1;2;-7,264;-35,9199;"SPRF-PB";"DEL02-PB";"UOP01-DEL02-PB"
418823;2022-03-05;"sábado";"18:40:00";"MG";381;874;"ESTIVA";"Acessar a via sem observar a presença dos outros veículos";"Colisão lateral mesmo sentido";"Com Vítimas Feridas";"Anoitecer";"Decrescente";"Nublado";"Múltipla";"Reta";"Não";3;0;0;1;2;0;1;3;-22,45619351;-46,00792634;"SPRF-MG";"DEL16-MG";"UOP01-DEL16-MG"
418824;2022-03-05;"sábado";"19:05:00";"GO";40;9,7;"LUZIANIA";"Trafegar com motocicleta (ou similar) entre as faixas";"Colisão transversal";"Com Vítimas Feridas";"Plena Noite";"Crescente";"Céu Claro";"Dupla";"Reta";"Sim";2;0;1;0;0;1;1;2;-16,131158;-47,957739;"SPRF-DF";"DEL01-DF";"UOP01-DEL01-DF"
418825;2022-03-05;"sábado";"05:00:00";"MG";251;262,9;"SALINAS";"Ausência de reação do condutor";"Saída de leito carroçável";"Com Vítimas Fatais";"Amanhecer";"Crescente";"Ignorado";"Simples";"Curva";"Não";48;1;2;2;43;0;4;1;-15,99562225;-41,96051204;"SPRF-MG";"DEL11-MG";"UOP02-DEL11-MG"
418826;2022-03-05;"sábado";"19:00:00";"RS";116;250;"SAO LEOPOLDO";"Chuva";"Tombamento";"Com Vítimas Feridas";"Anoitecer";"Decrescente";"Chuva";"Dupla";"Reta";"Sim";1;0;1;0;0;0;1;1;-29,79148798;-51,16399615;"SPRF-RS";"DEL01-RS";"UOP02-DEL01-RS"
418829;2022-03-05;"sábado";"18:50:00";"SC";101;415;"ARARANGUA";"Desrespeitar a preferência no cruzamento";"Colisão frontal";"Com Vítimas Feridas";"Anoitecer";"Decrescente";"Garoa/Chuvisco";"Simples";"Reta;Interseção de Vias";"Sim";5;0;3;2;0;0;5;2;-28,96040535;-49,51653267;"SPRF-SC";"DEL02-SC";"UOP02-DEL02-SC"
418831;2022-03-05;"sábado";"17:30:00";"MT";163;753,9;"SORRISO";"Velocidade Incompatível";"Capotamento";"Sem Vítimas";"Anoitecer";"Decrescente";"Céu Claro";"Dupla";"Retorno Regulamentado";"Sim";1;0;0;0;0;1;0;1;-12,543231;-55,708867;"SPRF-MT";"DEL06-MT";"UOP01-DEL06-MT"
418834;2022-03-05;"sábado";"19:50:00";"SP";116;134;"SAO JOSE DOS CAMPOS";"Ingestão de álcool e/ou substâncias psicoativas pelo pedestre";"Atropelamento de Pedestre";"Com Vítimas Feridas";"Plena Noite";"Crescente";"Céu Claro";"Dupla";"Reta";"Sim";3;0;2;1;0;0;3;2;-23,1402216;-45,7617252;"SPRF-SP";"DEL02-SP";"UOP02-DEL02-SP"
418835;2022-03-05;"sábado";"19:05:00";"PB";361;4,6;"PATOS";"Acessar a via sem observar a presença dos outros veículos";"Tombamento";"Com Vítimas Feridas";"Plena Noite";"Crescente";"Nublado";"Simples";"Reta";"Sim";2;0;1;0;0;1;1;2;-7,03208047;-37,29365088;"SPRF-PB";"DEL03-PB";"UOP01-DEL03-PB"
418836;2022-03-03;"quinta-feira";"13:45:00";"PA";155;125;"XINGUARA";"Ultrapassagem Indevida";"Colisão frontal";"Com Vítimas Fatais";"Pleno dia";"Decrescente";"Céu Claro";"Simples";"Reta";"Não";2;1;0;0;0;1;0;2;-7,02776541;-49,8318698;"SPRF-PA";"DEL03-PA";"UOP01-DEL03-PA"
418837;2022-03-05;"sábado";"18:30:00";"SC";101;332;"TUBARAO";"Condutor deixou de manter distância do veículo da frente";"Colisão lateral mesmo sentido";"Com Vítimas Feridas";"Anoitecer";"Crescente";"Nublado";"Múltipla";"Aclive;Interseção de Vias";"Sim";2;0;1;0;0;1;1;2;-28,46016431;-48,98968873;"SPRF-SC";"DEL02-SC";"UOP01-DEL02-SC"
418838;2022-03-05;"sábado";"20:00:00";"PE";101;126,5;"ESCADA";"Pista esburacada";"Queda de ocupante de veículo";"Com Vítimas Feridas";"Plena Noite";"Decrescente";"Chuva";"Simples";"Aclive";"Sim";1;0;0;1;0;0;1;1;-8,36958202;-35,22919699;"SPRF-PE";"DEL01-PE";"UOP01-DEL01-PE"
418842;2022-03-05;"sábado";"19:45:00";"RR";174;502;"BOA VISTA";"Ingestão de álcool e/ou substâncias psicoativas pelo pedestre";"Colisão traseira";"Com Vítimas Feridas";"Plena Noite";"Decrescente";"Céu Claro";"Dupla";"Curva";"Sim";2;0;1;0;1;0;1;2;2,80529416;-60,69138806;"SPRF-RR";"DEL01-RR";"UOP01-DEL01-RR"
418843;2022-03-05;"sábado";"20:40:00";"RJ";393;286;"VOLTA REDONDA";"Ingestão de álcool pelo condutor";"Colisão transversal";"Com Vítimas Feridas";"Plena Noite";"Decrescente";"Céu Claro";"Simples";"Retorno Regulamentado";"Sim";2;0;1;0;1;0;1;2;-22,49133996;-44,06505619;"SPRF-RJ";"DEL05-RJ";"UOP04-DEL05-RJ"
418844;2022-03-05;"sábado";"05:20:00";"RS";285;208,5;"LAGOA VERMELHA";"Ingestão de álcool e/ou substâncias psicoativas pelo pedestre";"Saída de leito carroçável";"Com Vítimas Feridas";"Plena Noite";"Decrescente";"Céu Claro";"Simples";"Interseção de Vias";"Não";2;0;2;0;0;0;2;1;-28,22422864;-51,61029339;"SPRF-RS";"DEL08-RS";"UOP05-DEL08-RS"
418847;2022-03-05;"sábado";"17:30:00";"RJ";116;169,5;"SAO JOAO DE MERITI";"Avarias e/ou desgaste excessivo no pneu";"Queda de ocupante de veículo";"Com Vítimas Feridas";"Anoitecer";"Crescente";"Céu Claro";"Dupla";"Reta";"Sim";2;0;1;1;0;0;2;1;-22,816206;-43,324463;"SPRF-RJ";"DEL01-RJ";"UOP02-DEL01-RJ"
418848;2022-03-05;"sábado";"20:30:00";"BA";407;192;"PONTO NOVO";"Condutor Dormindo";"Colisão lateral sentido oposto";"Com Vítimas Feridas";"Plena Noite";"Decrescente";"Nublado";"Simples";"Reta";"Não";5;0;4;0;1;0;4;3;-11,03648292;-40,09534877;"SPRF-BA";"DEL04-BA";"UOP02-DEL04-BA"
418849;2022-03-05;"sábado";"21:30:00";"SC";282;20;"PALHOCA";"Ausência de reação do condutor";"Colisão lateral mesmo sentido";"Com Vítimas Feridas";"Plena Noite";"Crescente";"Nublado";"Múltipla";"Interseção de Vias";"Não";3;0;2;0;0;1;2;2;-27,683958;-48,71006;"SPRF-SC";"DEL01-SC";"UOP02-DEL01-SC"
418850;2022-03-05;"sábado";"21:55:00";"CE";222;9,2;"CAUCAIA";"Conversão proibida";"Colisão traseira";"Com Vítimas Feridas";"Plena Noite";"Crescente";"Nublado";"Dupla";"Reta";"Sim";2;0;1;0;1;0;1;2;-3,75774612;-38,64611294;"SPRF-CE";"DEL01-CE";"UOP01-DEL01-CE"
418851;2022-03-05;"sábado";"21:15:00";"MG";262;388;"FLORESTAL";"Demais falhas na via";"Saída de leito carroçável";"Com Vítimas Feridas";"Plena Noite";"Decrescente";"Céu Claro";"Simples";"Em Obras;Reta;Desvio Temporário";"Não";2;0;1;0;1;0;1;1;-19,91121613;-44,50461041;"SPRF-MG";"DEL01-MG";"UOP03-DEL01-MG"
418852;2022-03-05;"sábado";"19:00:00";"TO";153;511;"PARAISO DO TOCANTINS";"Transitar no acostamento";"Tombamento";"Sem Vítimas";"Anoitecer";"Decrescente";"Céu Claro";"Simples";"Reta";"Não";1;0;0;0;0;1;0;1;-10,31807799;-48,88615608;"SPRF-TO";"DEL01-TO";"UOP01-DEL01-TO"
418853;2022-03-05;"sábado";"20:13:00";"SC";101;108,9;"PENHA";"Avarias e/ou desgaste excessivo no pneu";"Tombamento";"Com Vítimas Feridas";"Plena Noite";"Decrescente";"Céu Claro";"Dupla";"Reta";"Não";2;0;2;0;0;0;2;1;-26,82606902;-48,69052298;"SPRF-SC";"DEL03-SC";"UOP02-DEL03-SC"
418854;2022-03-05;"sábado";"22:15:00";"GO";414;439,5;"ANAPOLIS";"Reação tardia ou ineficiente do condutor";"Colisão traseira";"Com Vítimas Feridas";"Plena Noite";"Crescente";"Céu Claro";"Simples";"Reta";"Sim";2;0;1;0;0;1;1;2;-16,28128823;-48,94258908;"SPRF-GO";"DEL02-GO";"UOP01-DEL02-GO"
418855;2022-03-05;"sábado";"21:15:00";"PE";101;86;"JABOATAO DOS GUARARAPES";"Animais na Pista";"Atropelamento de Animal";"Com Vítimas Feridas";"Plena Noite";"Crescente";"Chuva";"Dupla";"Reta";"Sim";3;0;1;0;1;1;1;3;-8,18458127;-34,96820569;"SPRF-PE";"DEL01-PE";"UOP01-DEL01-PE"
418857;2022-03-05;"sábado";"18:45:00";"RN";405;163,1;"RAFAEL FERNANDES";"Deficiência do Sistema de Iluminação/Sinalização";"Colisão traseira";"Com Vítimas Feridas";"Plena Noite";"Decrescente";"Chuva";"Simples";"Reta";"Não";4;0;3;0;1;0;3;2;-6,21489653;-38,23204738;"SPRF-RN";"DEL04-RN";"UOP02-DEL04-RN"
418858;2022-03-05;"sábado";"22:00:00";"RS";293;338,2;"SANTANA DO LIVRAMENTO";"Animais na Pista";"Atropelamento de Animal";"Com Vítimas Feridas";"Plena Noite";"Crescente";"Ignorado";"Simples";"Reta";"Não";2;0;2;0;0;0;2;1;-30,85261718;-55,51415904;"SPRF-RS";"DEL11-RS";"UOP01-DEL11-RS"
418859;2022-03-05;"sábado";"22:15:00";"PB";230;28;"JOAO PESSOA";"Acumulo de areia ou detritos sobre o pavimento";"Tombamento";"Com Vítimas Feridas";"Plena Noite";"Crescente";"Nublado";"Dupla";"Viaduto";"Sim";1;0;1;0;0;0;1;1;-7,16563051;-34,89699086;"SPRF-PB";"DEL01-PB";"UOP01-DEL01-PB"
418860;2022-03-05;"sábado";"22:35:00";"RS";386;346,6;"LAJEADO";"Velocidade Incompatível";"Saída de leito carroçável";"Com Vítimas Feridas";"Plena Noite";"Decrescente";"Nublado";"Dupla";"Reta";"Não";4;0;2;0;2;0;2;2;-29,45011222;-51,96916223;"SPRF-RS";"DEL04-RS";"UOP01-DEL04-RS"
418861;2022-03-05;"sábado";"22:19:00";"PR";116;161;"QUITANDINHA";"Acessar a via sem observar a presença dos outros veículos";"Colisão transversal";"Com Vítimas Feridas";"Plena Noite";"Decrescente";"Céu Claro";"Simples";"Curva";"Não";4;0;2;1;1;0;3;2;-25,86249393;-49,40112698;"SPRF-PR";"DEL01-PR";"UOP03-DEL01-PR"
418862;2022-03-05;"sábado";"19:35:00";"MG";116;520,5;"CARATINGA";"Pedestre cruzava a pista fora da faixa";"Eventos atípicos";"Com Vítimas Feridas";"Plena Noite";"Crescente";"Ignorado";"Simples";"Reta";"Sim";5;0;1;0;4;0;1;2;-19,72594839;-42,13212852;"SPRF-MG";"DEL06-MG";"UOP02-DEL06-MG"
418863;2022-03-05;"sábado";"20:45:00";"PE";232;268;"SERTANIA";"Animais na Pista";"Atropelamento de Animal";"Com Vítimas Feridas";"Plena Noite";"Crescente";"Nublado";"Simples";"Reta";"Não";2;0;1;0;1;0;1;1;-8,40626526;-37,20062302;"SPRF-PE";"DEL03-PE";"UOP02-DEL03-PE"
418864;2022-03-05;"sábado";"22:48:00";"PE";232;211,1;"PESQUEIRA";"Pedestre andava na pista";"Atropelamento de Pedestre";"Com Vítimas Fatais";"Plena Noite";"Crescente";"Nublado";"Simples";"Reta";"Sim";2;1;0;0;1;0;0;2;-8,36899532;-36,70578682;"SPRF-PE";"DEL03-PE";"UOP02-DEL03-PE"
418865;2022-03-05;"sábado";"23:00:00";"GO";40;2,5;"VALPARAISO DE GOIAS";"Acessar a via sem observar a presença dos outros veículos";"Colisão lateral mesmo sentido";"Com Vítimas Feridas";"Plena Noite";"Decrescente";"Nublado";"Dupla";"Reta";"Sim";3;0;1;1;0;1;2;2;-16,067129;-47,984235;"SPRF-DF";"DEL01-DF";"UOP01-DEL01-DF"
418866;2022-03-05;"sábado";"22:15:00";"PB";230;28;"JOAO PESSOA";"Acumulo de areia ou detritos sobre o pavimento";"Tombamento";"Com Vítimas Feridas";"Plena Noite";"Crescente";"Nublado";"Dupla";"Declive;Viaduto";"Sim";1;0;1;0;0;0;1;1;-7,1651;-34,8941;"SPRF-PB";"DEL01-PB";"UOP01-DEL01-PB"
418867;2022-03-05;"sábado";"22:15:00";"PB";230;28;"JOAO PESSOA";"Acumulo de areia ou detritos sobre o pavimento";"Queda de ocupante de veículo";"Com Vítimas Feridas";"Plena Noite";"Crescente";"Nublado";"Dupla";"Declive";"Sim";1;0;0;1;0;0;1;1;-7,1651;-34,8941;"SPRF-PB";"DEL01-PB";"UOP01-DEL01-PB"
418868;2022-03-05;"sábado";"22:30:00";"ES";101;373,4;"ICONHA";"Ingestão de álcool pelo condutor";"Colisão lateral sentido oposto";"Sem Vítimas";"Plena Noite";"Crescente";"Nublado";"Dupla";"Reta";"Não";2;0;0;0;2;0;0;2;-20,78076895;-40,78058417;"SPRF-ES";"DEL03-ES";"UOP01-DEL03-ES"
418870;2022-03-05;"sábado";"22:40:00";"RS";472;156,4;"SANTA ROSA";"Ingestão de álcool pelo condutor";"Colisão lateral sentido oposto";"Sem Vítimas";"Plena Noite";"Decrescente";"Nublado";"Simples";"Reta";"Sim";5;0;0;0;5;0;0;2;-27,84173245;-54,43502426;"SPRF-RS";"DEL10-RS";"UOP01-DEL10-RS"
418872;2022-03-05;"sábado";"23:15:00";"SC";101;44,3;"JOINVILLE";"Ausência de reação do condutor";"Queda de ocupante de veículo";"Com Vítimas Feridas";"Plena Noite";"Crescente";"Céu Claro";"Simples";"Reta";"Sim";2;0;1;0;1;0;1;1;-26,31238996;-48,87458997;"SPRF-SC";"DEL03-SC";"UOP01-DEL03-SC"
418873;2022-03-05;"sábado";"23:40:00";"PR";116;98;"SAO JOSE DOS PINHAIS";"Reação tardia ou ineficiente do condutor";"Saída de leito carroçável";"Com Vítimas Feridas";"Plena Noite";"Decrescente";"Nublado";"Dupla";"Reta";"Sim";1;0;1;0;0;0;1;1;-25,51973222;-49,13431573;"SPRF-PR";"DEL01-PR";"UOP01-DEL01-PR"
418874;2022-03-05;"sábado";"23:40:00";"BA";407;1;"JUAZEIRO";"Ingestão de álcool pelo condutor";"Colisão com objeto";"Com Vítimas Feridas";"Plena Noite";"Decrescente";"Chuva";"Simples";"Reta";"Sim";3;0;1;1;0;1;2;1;-9,41845604;-40,50725978;"SPRF-PE";"DEL06-PE";"UOP01-DEL06-PE"
418877;2022-03-05;"sábado";"20:55:00";"AC";317;294;"BRASILEIA";"Acessar a via sem observar a presença dos outros veículos";"Colisão transversal";"Com Vítimas Feridas";"Plena Noite";"Decrescente";"Céu Claro";"Simples";"Reta";"Sim";2;0;1;0;1;0;1;2;-11,017324;-68,74399;"SPRF-AC";"DEL01-AC";"UOP02-DEL01-AC"
418878;2022-03-05;"sábado";"23:35:00";"PR";272;531;"FRANCISCO ALVES";"Animais na Pista";"Atropelamento de Animal";"Sem Vítimas";"Plena Noite";"Crescente";"Ignorado";"Simples";"Reta";"Não";2;0;0;0;2;0;0;1;-24,064806;-53,880141;"SPRF-PR";"DEL06-PR";"UOP01-DEL06-PR"
418881;2022-03-06;"domingo";"00:40:00";"SC";101;221;"PALHOCA";"Reação tardia ou ineficiente do condutor";"Colisão traseira";"Com Vítimas Feridas";"Plena Noite";"Decrescente";"Céu Claro";"Dupla";"Reta";"Não";2;0;1;0;1;0;1;2;-27,70012652;-48,66021182;"SPRF-SC";"DEL01-SC";"UOP02-DEL01-SC"
418882;2022-03-06;"domingo";"01:00:00";"SC";101;150;"ITAPEMA";"Ultrapassagem Indevida";"Colisão lateral mesmo sentido";"Com Vítimas Feridas";"Plena Noite";"Decrescente";"Nublado";"Dupla";"Reta";"Sim";2;0;1;0;1;0;1;2;-27,11744799;-48,60940987;"SPRF-SC";"DEL04-SC";"UOP03-DEL04-SC"
418883;2022-03-06;"domingo";"01:00:00";"SP";116;230,5;"SAO PAULO";"Acessar a via sem observar a presença dos outros veículos";"Colisão traseira";"Com Vítimas Feridas";"Plena Noite";"Decrescente";"Céu Claro";"Dupla";"Reta";"Sim";3;0;1;0;1;1;1;3;-23,52251783;-46,5855702;"SPRF-SP";"DEL01-SP";"UOP01-DEL01-SP"
418884;2022-03-06;"domingo";"01:00:00";"RS";470;219;"BENTO GONCALVES";"Reação tardia ou ineficiente do condutor";"Colisão lateral mesmo sentido";"Sem Vítimas";"Plena Noite";"Decrescente";"Céu Claro";"Simples";"Curva";"Sim";2;0;0;0;2;0;0;2;-29,19182537;-51,52233839;"SPRF-RS";"DEL06-RS";"UOP01-DEL06-RS"
418886;2022-03-06;"domingo";"02:20:00";"ES";101;164,3;"LINHARES";"Ingestão de álcool pelo condutor";"Eventos atípicos";"Com Vítimas Feridas";"Plena Noite";"Crescente";"Céu Claro";"Simples";"Reta";"Não";8;0;1;5;2;0;6;3;-19,50607582;-40,13470026;"SPRF-ES";"DEL04-ES";"UOP01-DEL04-ES"
418887;2022-03-06;"domingo";"01:10:00";"PR";476;273,9;"SAO MATEUS DO SUL";"Ingestão de álcool pelo condutor";"Colisão com objeto";"Com Vítimas Feridas";"Plena Noite";"Decrescente";"Céu Claro";"Simples";"Interseção de Vias;Ponte";"Sim";1;0;1;0;0;0;1;1;-25,894287;-50,368565;"SPRF-PR";"DEL02-PR";"UOP04-DEL02-PR"
418888;2022-03-06;"domingo";"02:50:00";"SP";381;22;"BRAGANCA PAULISTA";"Reação tardia ou ineficiente do condutor";"Colisão com objeto";"Com Vítimas Feridas";"Plena Noite";"Decrescente";"Nublado";"Dupla";"Viaduto";"Não";1;0;1;0;0;0;1;1;-22,99697186;-46,5163051;"SPRF-SP";"DEL03-SP";"UOP01-DEL03-SP"
418889;2022-03-06;"domingo";"00:30:00";"PR";277;406,8;"CANDOI";"Ausência de reação do condutor";"Colisão frontal";"Com Vítimas Feridas";"Plena Noite";"Decrescente";"Céu Claro";"Simples";"Curva";"Não";3;0;1;1;1;0;2;2;-25,4448093;-51,97419004;"SPRF-PR";"DEL04-PR";"UOP02-DEL04-PR"
418891;2022-03-06;"domingo";"01:20:00";"MA";10;246,8;"IMPERATRIZ";"Ingestão de álcool pelo condutor";"Colisão traseira";"Sem Vítimas";"Plena Noite";"Decrescente";"Céu Claro";"Simples";"Reta";"Sim";4;0;0;0;4;0;0;2;-5,571677;-47,445368;"SPRF-MA";"DEL04-MA";"UOP01-DEL04-MA"
418892;2022-03-06;"domingo";"03:30:00";"RJ";101;62,5;"CAMPOS DOS GOYTACAZES";"Ingestão de álcool pelo condutor";"Capotamento";"Sem Vítimas";"Plena Noite";"Decrescente";"Céu Claro";"Dupla";"Reta";"Sim";1;0;0;0;0;1;0;1;-21,73473386;-41,32504025;"SPRF-RJ";"DEL08-RJ";"UOP01-DEL08-RJ"
418893;2022-03-06;"domingo";"00:10:00";"RJ";116;300;"RESENDE";"Ingestão de álcool pelo condutor";"Saída de leito carroçável";"Sem Vítimas";"Plena Noite";"Decrescente";"Céu Claro";"Dupla";"Reta";"Não";1;0;0;0;1;0;0;1;-22,45223481;-44,35432502;"SPRF-RJ";"DEL07-RJ";"UOP02-DEL07-RJ"
418894;2022-03-06;"domingo";"02:00:00";"PR";277;716,5;"SANTA TEREZINHA DE ITAIPU";"Ingestão de álcool pelo condutor";"Saída de leito carroçável";"Sem Vítimas";"Plena Noite";"Crescente";"Céu Claro";"Dupla";"Reta";"Não";2;0;0;0;2;0;0;1;-25,47252277;-54,46707409;"SPRF-PR";"DEL05-PR";"UOP01-DEL05-PR"
418895;2022-03-06;"domingo";"01:30:00";"MA";10;178;"CAMPESTRE DO MARANHAO";"Ingestão de álcool pelo condutor";"Colisão traseira";"Com Vítimas Fatais";"Plena Noite";"Decrescente";"Nublado";"Simples";"Reta";"Sim";3;2;0;0;1;0;0;2;-6,158751;-47,367653;"SPRF-MA";"DEL04-MA";"UOP02-DEL04-MA"
418896;2022-03-06;"domingo";"03:00:00";"PR";277;721,7;"FOZ DO IGUACU";"Ingestão de álcool pelo condutor";"Saída de leito carroçável";"Sem Vítimas";"Plena Noite";"Decrescente";"Céu Claro";"Dupla";"Reta";"Sim";1;0;0;0;1;0;0;1;-25,4911505;-54,51185421;"SPRF-PR";"DEL05-PR";"UOP03-DEL05-PR"
418897;2022-03-06;"domingo";"02:40:00";"SC";280;58,6;"GUARAMIRIM";"Reação tardia ou ineficiente do condutor";"Colisão com objeto";"Com Vítimas Feridas";"Plena Noite";"Decrescente";"Nublado";"Dupla";"Curva";"Não";1;0;1;0;0;0;1;1;-26,47415593;-49,021211;"SPRF-SC";"DEL03-SC";"UOP03-DEL03-SC"
418899;2022-03-06;"domingo";"03:00:00";"PR";277;234;"FERNANDES PINHEIRO";"Ingestão de álcool pelo condutor";"Colisão traseira";"Sem Vítimas";"Plena Noite";"Decrescente";"Céu Claro";"Simples";"Interseção de Vias;Em Obras";"Não";3;0;0;0;3;0;0;2;-25,46475701;-50,57813644;"SPRF-PR";"DEL03-PR";"UOP03-DEL03-PR"
418900;2022-03-06;"domingo";"03:05:00";"MT";163;755;"SORRISO";"Reação tardia ou ineficiente do condutor";"Queda de ocupante de veículo";"Com Vítimas Feridas";"Plena Noite";"Decrescente";"Céu Claro";"Dupla";"Declive";"Sim";1;0;0;1;0;0;1;1;-12,63198432;-55,77543862;"SPRF-MT";"DEL06-MT";"UOP01-DEL06-MT"
418901;2022-03-06;"domingo";"04:00:00";"MG";365;625;"UBERLANDIA";"Ausência de reação do condutor";"Saída de leito carroçável";"Sem Vítimas";"Plena Noite";"Decrescente";"Céu Claro";"Dupla";"Reta";"Sim";1;0;0;0;0;1;0;1;-18,909766;-48,307897;"SPRF-MG";"DEL15-MG";"UOP01-DEL15-MG"
418902;2022-03-06;"domingo";"03:50:00";"PR";277;444,6;"LARANJEIRAS DO SUL";"Condutor Dormindo";"Saída de leito carroçável";"Com Vítimas Feridas";"Plena Noite";"Decrescente";"Céu Claro";"Simples";"Reta";"Não";1;0;0;1;0;0;1;1;-25,36971187;-52,29283798;"SPRF-PR";"DEL04-PR";"UOP02-DEL04-PR"
418904;2022-03-06;"domingo";"04:30:00";"MG";40;707,9;"BARBACENA";"Ingestão de álcool pelo condutor";"Colisão frontal";"Com Vítimas Feridas";"Plena Noite";"Decrescente";"Céu Claro";"Dupla";"Aclive";"Não";2;0;1;1;0;0;2;2;-21,23712741;-43,70470226;"SPRF-MG";"DEL05-MG";"UOP02-DEL05-MG"
418905;2022-03-06;"domingo";"04:45:00";"MG";365;826,2;"SANTA VITORIA";"Transitar na contramão";"Colisão frontal";"Com Vítimas Fatais";"Plena Noite";"Crescente";"Nublado";"Simples";"Reta";"Não";5;1;0;1;3;0;1;2;-18,88615827;-50,1502789;"SPRF-MG";"DEL15-MG";"UOP03-DEL15-MG"
418906;2022-03-06;"domingo";"03:00:00";"RS";386;76,4;"BOA VISTA DAS MISSOES";"Condutor Dormindo";"Saída de leito carroçável";"Com Vítimas Feridas";"Plena Noite";"Crescente";"Céu Claro";"Simples";"Curva";"Não";1;0;0;1;0;0;1;1;-27,707541;-53,281502;"SPRF-RS";"DEL08-RS";"UOP02-DEL08-RS"
418907;2022-03-05;"sábado";"21:50:00";"SC";470;66,2;"INDAIAL";"Transitar na contramão";"Colisão frontal";"Com Vítimas Feridas";"Plena Noite";"Crescente";"Nublado";"Simples";"Curva;Em Obras;Desvio Temporário";"Sim";5;0;0;4;1;0;4;3;-26,870407;-49,221844;"SPRF-SC";"DEL04-SC";"UOP01-DEL04-SC"
418909;2022-03-06;"domingo";"05:20:00";"PB";101;95;"CONDE";"Ingestão de álcool pelo condutor";"Saída de leito carroçável";"Sem Vítimas";"Amanhecer";"Crescente";"Chuva";"Dupla";"Aclive;Curva";"Não";4;0;0;0;4;0;0;1;-7,22379403;-34,91488195;"SPRF-PB";"DEL01-PB";"UOP02-DEL01-PB"
418910;2022-03-06;"domingo";"03:45:00";"TO";153;685,1;"CARIRI DO TOCANTINS";"Ingestão de álcool pelo condutor";"Colisão frontal";"Com Vítimas Feridas";"Plena Noite";"Decrescente";"Chuva";"Simples";"Reta";"Não";3;0;1;2;0;0;3;2;-11,83028105;-49,13717889;"SPRF-TO";"DEL01-TO";"UOP02-DEL01-TO"
418911;2022-03-06;"domingo";"05:15:00";"RS";158;317;"ITAARA";"Ingestão de substâncias psicoativas pelo condutor";"Tombamento";"Com Vítimas Feridas";"Plena Noite";"Decrescente";"Céu Claro";"Simples";"Reta";"Não";1;0;1;0;0;0;1;1;-29,65454924;-53,77208948;"SPRF-RS";"DEL09-RS";"UOP01-DEL09-RS"
418912;2022-03-05;"sábado";"22:50:00";"SC";282;595,7;"SAUDADES";"Ingestão de álcool pelo condutor";"Colisão lateral sentido oposto";"Com Vítimas Feridas";"Plena Noite";"Crescente";"Céu Claro";"Simples";"Curva";"Não";2;0;1;0;0;1;1;2;-26,82897;-53,118107;"SPRF-SC";"DEL07-SC";"UOP02-DEL07-SC"
418913;2022-03-05;"sábado";"23:53:00";"MG";262;800;"UBERABA";"Avarias e/ou desgaste excessivo no pneu";"Eventos atípicos";"Sem Vítimas";"Plena Noite";"Crescente";"Nublado";"Dupla";"Reta";"Sim";1;0;0;0;1;0;0;1;-19,779129;-47,945794;"SPRF-MG";"DEL13-MG";"UOP01-DEL13-MG"
418915;2022-03-06;"domingo";"06:15:00";"SC";282;216;"LAGES";"Velocidade Incompatível";"Saída de leito carroçável";"Sem Vítimas";"Pleno dia";"Decrescente";"Nublado";"Simples";"Rotatória";"Não";1;0;0;0;0;1;0;1;-27,797529;-50,291862;"SPRF-SC";"DEL05-SC";"UOP01-DEL05-SC"