"id";"data_inversa";"dia_semana";"horario";"uf";"br";"km";"municipio";"causa_acidente";"tipo_acidente";"classificacao_acidente";"fase_dia";"sentido_via";"condicao_metereologica";"tipo_pista";"tracado_via";"uso_solo";"pessoas";"mortos";"feridos_leves";"feridos_graves";"ilesos";"ignorados";"feridos";"veiculos";"latitude";"longitude";"regional";"delegacia";"uop"
419040;2022-03-06;"domingo";"20:45:00";"PE";101;64,2;"RECIFE";"Chuva";"Colisão traseira";"Com Vítimas Feridas";"Plena Noite";"Decrescente";"Chuva";"Dupla";"Reta";"Não";4;0;2;0;2;0;2;2;-8,0162921;-34,94045886;"SPRF-PE";"DEL01-PE";"UOP01-DEL01-PE"
419041;2022-03-06;"domingo";"19:40:00";"SC";101;258;"PAULO LOPES";"Chuva";"Saída de leito carroçável";"Sem Vítimas";"Plena Noite";"Decrescente";"Chuva";"Dupla";"Curva";"Não";1;0;0;0;1;0;0;1;-28,00482282;-48,69190437;"SPRF-SC";"DEL02-SC";"UOP03-DEL02-SC"
419042;2022-03-06;"domingo";"18:50:00";"MG";50;142;"UBERABA";"Demais falhas mecânicas ou elétricas";"Tombamento";"Com Vítimas Feridas";"Anoitecer";"Crescente";"Céu Claro";"Dupla";"Reta";"Não";2;0;2;0;0;0;2;1;-19,49393401;-48,04798403;"SPRF-MG";"DEL13-MG";"UOP01-DEL13-MG"
419045;2022-03-06;"domingo";"19:40:00";"SC";280;19;"SAO FRANCISCO DO SUL";"Condutor deixou de manter distância do veículo da frente";"Colisão traseira";"Sem Vítimas";"Plena Noite";"Crescente";"Céu Claro";"Simples";"Reta";"Não";2;0;0;0;2;0;0;2;-26,3693676;-48,67221803;"SPRF-SC";"DEL03-SC";"UOP03-DEL03-SC"
419046;2022-03-06;"domingo";"19:10:00";"RJ";116;290,1;"BARRA MANSA";"Ingestão de álcool e/ou substâncias psicoativas pelo pedestre";"Atropelamento de Pedestre";"Com Vítimas Feridas";"Plena Noite";"Crescente";"Céu Claro";"Dupla";"Curva";"Sim";2;0;0;1;0;1;1;2;-22,47546917;-44,26675004;"SPRF-RJ";"DEL07-RJ";"UOP02-DEL07-RJ"
419048;2022-03-06;"domingo";"20:45:00";"RS";386;119,9;"SARANDI";"Velocidade Incompatível";"Saída de leito carroçável";"Sem Vítimas";"Plena Noite";"Decrescente";"Chuva";"Simples";"Reta";"Não";1;0;0;0;0;1;0;1;-27,868404;-53,005486;"SPRF-RS";"DEL08-RS";"UOP01-DEL08-RS"
419049;2022-03-06;"domingo";"16:15:00";"MA";230;407;"BALSAS";"Transitar na contramão";"Colisão frontal";"Sem Vítimas";"Pleno dia";"Crescente";"Nublado";"Simples";"Reta";"Não";2;0;0;0;1;1;0;2;-7,51919168;-46,06740888;"SPRF-MA";"DEL05-MA";"UOP01-DEL05-MA"
419050;2022-03-06;"domingo";"21:15:00";"SC";101;203;"SAO JOSE";"Ingestão de álcool pelo condutor";"Saída de leito carroçável";"Sem Vítimas";"Plena Noite";"Crescente";"Garoa/Chuvisco";"Dupla";"Reta";"Sim";1;0;0;0;1;0;0;1;-27,5650044;-48,61460082;"SPRF-SC";"DEL01-SC";"UOP01-DEL01-SC"
419052;2022-03-06;"domingo";"21:40:00";"SP";116;198;"ARUJA";"Entrada inopinada do pedestre";"Colisão com objeto";"Com Vítimas Feridas";"Plena Noite";"Decrescente";"Nublado";"Múltipla";"Reta";"Sim";2;0;1;0;0;1;1;2;-23,40185327;-46,31154312;"SPRF-SP";"DEL01-SP";"UOP01-DEL01-SP"
419053;2022-03-06;"domingo";"21:50:00";"DF";20;18;"BRASILIA";"Ingestão de álcool pelo condutor";"Capotamento";"Sem Vítimas";"Plena Noite";"Decrescente";"Nublado";"Dupla";"Reta";"Sim";1;0;0;0;1;0;0;1;-15,616901;-47,708927;"SPRF-DF";"DEL02-DF";"UOP01-DEL02-DF"
419055;2022-03-06;"domingo";"22:00:00";"SP";153;107;"JOSE BONIFACIO";"Pista esburacada";"Tombamento";"Com Vítimas Feridas";"Plena Noite";"Crescente";"Céu Claro";"Simples";"Reta";"Não";1;0;1;0;0;0;1;1;-21,06388847;-49,66255104;"SPRF-SP";"DEL09-SP";"UOP01-DEL09-SP"
419057;2022-03-06;"domingo";"21:30:00";"AL";101;88,8;"RIO LARGO";"Ingestão de álcool pelo condutor";"Colisão com objeto";"Com Vítimas Feridas";"Plena Noite";"Decrescente";"Nublado";"Dupla";"Reta";"Sim";2;0;1;0;1;0;1;2;-9,48444731;-35,81768811;"SPRF-AL";"DEL01-AL";"UOP01-DEL01-AL"
419059;2022-03-06;"domingo";"20:00:00";"RS";293;305,2;"SANTANA DO LIVRAMENTO";"Acumulo de água sobre o pavimento";"Saída de leito carroçável";"Sem Vítimas";"Plena Noite";"Decrescente";"Chuva";"Simples";"Curva";"Não";1;0;0;0;0;1;0;1;-30,78765247;-55,18643031;"SPRF-RS";"DEL11-RS";"UOP01-DEL11-RS"
419060;2022-03-06;"domingo";"21:20:00";"MG";40;523;"CONTAGEM";"Pedestre cruzava a pista fora da faixa";"Atropelamento de Pedestre";"Com Vítimas Feridas";"Plena Noite";"Decrescente";"Céu Claro";"Dupla";"Reta";"Não";2;0;0;2;0;0;2;2;-19,86874894;-44,05962197;"SPRF-MG";"DEL01-MG";"UOP02-DEL01-MG"
419062;2022-03-06;"domingo";"22:20:00";"PE";428;185;"PETROLINA";"Acessar a via sem observar a presença dos outros veículos";"Colisão transversal";"Com Vítimas Feridas";"Plena Noite";"Crescente";"Céu Claro";"Simples";"Reta";"Não";2;0;1;0;0;1;1;2;-9,3521707;-40,47651009;"SPRF-PE";"DEL06-PE";"UOP01-DEL06-PE"
419064;2022-03-06;"domingo";"20:00:00";"SC";282;176;"BOCAINA DO SUL";"Deficiência do Sistema de Iluminação/Sinalização";"Colisão traseira";"Sem Vítimas";"Plena Noite";"Crescente";"Chuva";"Simples";"Reta";"Não";3;0;0;0;2;1;0;2;-27,74011;-49,901859;"SPRF-SC";"DEL05-SC";"UOP01-DEL05-SC"
419065;2022-03-06;"domingo";"21:50:00";"PE";408;67,4;"CARPINA";"Condutor deixou de manter distância do veículo da frente";"Colisão traseira";"Com Vítimas Feridas";"Plena Noite";"Decrescente";"Nublado";"Dupla";"Reta";"Não";2;0;1;0;0;1;1;2;-7,8584244;-35,21553619;"SPRF-PE";"DEL01-PE";"UOP01-DEL01-PE"
419066;2022-03-06;"domingo";"22:15:00";"SE";235;71,4;"FREI PAULO";"Transitar na contramão";"Colisão frontal";"Com Vítimas Feridas";"Plena Noite";"Decrescente";"Nublado";"Simples";"Reta";"Sim";3;0;2;1;0;0;3;2;-10,55584615;-37,52579391;"SPRF-SE";"DEL01-SE";"UOP02-DEL01-SE"
419068;2022-03-06;"domingo";"19:25:00";"SP";101;46;"UBATUBA";"Ingestão de álcool pelo condutor";"Colisão traseira";"Sem Vítimas";"Plena Noite";"Crescente";"Céu Claro";"Simples";"Reta";"Sim";2;0;0;0;2;0;0;2;-23,42403383;-45,07492113;"SPRF-SP";"DEL06-SP";"UOP01-DEL06-SP"
419069;2022-03-06;"domingo";"21:50:00";"SC";282;519,2;"XAXIM";"Ingestão de álcool e/ou substâncias psicoativas pelo pedestre";"Saída de leito carroçável";"Com Vítimas Feridas";"Plena Noite";"Decrescente";"Céu Claro";"Simples";"Reta";"Sim";1;0;0;1;0;0;1;1;-26,947527;-52,517536;"SPRF-SC";"DEL07-SC";"UOP01-DEL07-SC"
419070;2022-03-06;"domingo";"19:00:00";"MA";135;66;"SANTA RITA";"Reação tardia ou ineficiente do condutor";"Queda de ocupante de veículo";"Com Vítimas Fatais";"Plena Noite";"Crescente";"Chuva";"Simples";"Reta";"Não";2;1;0;0;1;0;0;2;-3,10577998;-44,32276839;"SPRF-MA";"DEL01-MA";"UOP02-DEL01-MA"
419071;2022-03-06;"domingo";"20:50:00";"RJ";101;504;"ANGRA DOS REIS";"Manobra de mudança de faixa";"Colisão frontal";"Com Vítimas Feridas";"Plena Noite";"Crescente";"Céu Claro";"Simples";"Reta";"Sim";4;0;2;0;1;1;2;2;-22,93155828;-44,38812093;"SPRF-RJ";"DEL03-RJ";"UOP02-DEL03-RJ"
419072;2022-03-06;"domingo";"20:10:00";"PE";423;94,8;"GARANHUNS";"Ingestão de álcool pelo condutor";"Saída de leito carroçável";"Sem Vítimas";"Plena Noite";"Decrescente";"Céu Claro";"Simples";"Curva";"Sim";1;0;0;0;1;0;0;1;-8,874732;-36,46946;"SPRF-PE";"DEL03-PE";"UOP01-DEL03-PE"
419074;2022-03-06;"domingo";"14:30:00";"SP";116;292;"ITAPECERICA DA SERRA";"Ausência de reação do condutor";"Colisão com objeto";"Com Vítimas Feridas";"Pleno dia";"Decrescente";"Céu Claro";"Dupla";"Reta";"Não";3;0;2;1;0;0;3;1;-23,74581995;-46,90003027;"SPRF-SP";"DEL04-SP";"UOP01-DEL04-SP"
419076;2022-03-06;"domingo";"23:00:00";"DF";60;7;"BRASILIA";"Reação tardia ou ineficiente do condutor";"Saída de leito carroçável";"Com Vítimas Feridas";"Plena Noite";"Crescente";"Céu Claro";"Dupla";"Reta";"Sim";1;0;1;0;0;0;1;1;-15,90083155;-48,12252045;"SPRF-DF";"DEL03-DF";"UOP01-DEL03-DF"
419077;2022-03-06;"domingo";"18:30:00";"SC";280;125,7;"RIO NEGRINHO";"Condutor deixou de manter distância do veículo da frente";"Engavetamento";"Com Vítimas Feridas";"Anoitecer";"Decrescente";"Céu Claro";"Simples";"Reta";"Sim";7;0;1;0;6;0;1;3;-26,23763684;-49,48434497;"SPRF-SC";"DEL06-SC";"UOP03-DEL06-SC"
419079;2022-03-06;"domingo";"19:40:00";"SE";101;122,4;"ITAPORANGA DAJUDA";"Chuva";"Queda de ocupante de veículo";"Sem Vítimas";"Plena Noite";"Crescente";"Chuva";"Dupla";"Reta";"Não";1;0;0;0;0;1;0;1;-11,03482886;-37,35698898;"SPRF-SE";"DEL02-SE";"UOP01-DEL02-SE"
419080;2022-03-06;"domingo";"19:00:00";"PI";20;388;"PIO IX";"Iluminação deficiente";"Atropelamento de Pedestre";"Com Vítimas Fatais";"Plena Noite";"Crescente";"Nublado";"Simples";"Reta";"Não";2;1;0;0;0;1;0;2;-6,6455704;-40,88551054;"SPRF-PI";"DEL04-PI";"UOP01-DEL04-PI"
419081;2022-03-06;"domingo";"23:59:00";"CE";222;312,9;"TIANGUA";"Objeto estático sobre o leito carroçável";"Colisão com objeto";"Com Vítimas Feridas";"Plena Noite";"Crescente";"Garoa/Chuvisco";"Simples";"Reta";"Sim";1;0;0;1;0;0;1;1;-3,71699311;-40,9914242;"SPRF-CE";"DEL04-CE";"UOP02-DEL04-CE"
419082;2022-03-06;"domingo";"19:00:00";"PI";407;430;"PICOS";"Ingestão de álcool pelo condutor";"Saída de leito carroçável";"Sem Vítimas";"Plena Noite";"Decrescente";"Céu Claro";"Simples";"Reta";"Não";1;0;0;0;1;0;0;1;-7,12831877;-41,39344785;"SPRF-PI";"DEL04-PI";"UOP01-DEL04-PI"
419083;2022-03-07;"segunda-feira";"00:25:00";"GO";153;499;"GOIANIA";"Demais falhas mecânicas ou elétricas";"Queda de ocupante de veículo";"Com Vítimas Feridas";"Plena Noite";"Crescente";"Céu Claro";"Dupla";"Declive";"Sim";1;0;1;0;0;0;1;1;-16,7033;-49,2311;"SPRF-GO";"DEL01-GO";"UOP01-DEL01-GO"
419084;2022-03-07;"segunda-feira";"00:00:00";"RS";158;154,6;"PANAMBI";"Ingestão de álcool pelo condutor";"Saída de leito carroçável";"Sem Vítimas";"Plena Noite";"Decrescente";"Céu Claro";"Simples";"Curva";"Não";1;0;0;0;0;1;0;1;-28,31080108;-53,49251523;"SPRF-RS";"DEL10-RS";"UOP02-DEL10-RS"
419085;2022-03-06;"domingo";"19:25:00";"SC";280;124;"RIO NEGRINHO";"Ingestão de álcool pelo condutor";"Colisão frontal";"Com Vítimas Feridas";"Plena Noite";"Decrescente";"Nublado";"Simples";"Reta";"Sim";3;0;1;0;2;0;1;2;-26,24130297;-49,47514499;"SPRF-SC";"DEL06-SC";"UOP03-DEL06-SC"
419086;2022-03-06;"domingo";"22:10:00";"SC";280;106;"SAO BENTO DO SUL";"Velocidade Incompatível";"Saída de leito carroçável";"Sem Vítimas";"Plena Noite";"Decrescente";"Chuva";"Simples";"Curva";"Não";4;0;0;0;4;0;0;1;-26,34887721;-49,36904009;"SPRF-SC";"DEL06-SC";"UOP03-DEL06-SC"
419087;2022-03-06;"domingo";"22:50:00";"PB";230;155,5;"CAMPINA GRANDE";"Animais na Pista";"Atropelamento de Animal";"Com Vítimas Feridas";"Plena Noite";"Crescente";"Céu Claro";"Simples";"Reta";"Sim";2;0;1;0;1;0;1;1;-7,2748;-35,9058;"SPRF-PB";"DEL02-PB";"UOP01-DEL02-PB"
419088;2022-03-06;"domingo";"23:00:00";"PI";343;266;"CAMPO MAIOR";"Ausência de reação do condutor";"Eventos atípicos";"Com Vítimas Feridas";"Plena Noite";"Crescente";"Chuva";"Simples";"Reta";"Sim";2;0;1;0;0;1;1;2;-4,840245;-42,174171;"SPRF-PI";"DEL01-PI";"UOP03-DEL01-PI"
419090;2022-03-07;"segunda-feira";"00:30:00";"GO";50;126,3;"IPAMERI";"Condutor Dormindo";"Saída de leito carroçável";"Com Vítimas Feridas";"Plena Noite";"Crescente";"Céu Claro";"Dupla";"Reta";"Não";2;0;1;1;0;0;2;1;-16,9736;-47,7434;"SPRF-GO";"DEL06-GO";"UOP01-DEL06-GO"
419091;2022-03-06;"domingo";"22:50:00";"SP";153;164;"PROMISSAO";"Ausência de reação do condutor";"Saída de leito carroçável";"Com Vítimas Feridas";"Plena Noite";"Crescente";"Céu Claro";"Simples";"Declive;Reta";"Não";1;0;0;1;0;0;1;1;-21,543305;-49,78222494;"SPRF-SP";"DEL07-SP";"UOP01-DEL07-SP"
419092;2022-03-07;"segunda-feira";"00:35:00";"SP";381;81;"SAO PAULO";"Ausência de reação do condutor";"Colisão com objeto";"Sem Vítimas";"Plena Noite";"Decrescente";"Céu Claro";"Dupla";"Reta";"Não";1;0;0;0;0;1;0;1;-23,41704481;-46,58022057;"SPRF-SP";"DEL03-SP";"UOP01-DEL03-SP"
419093;2022-03-06;"domingo";"22:40:00";"MG";381;445;"SANTA LUZIA";"Pista em desnível";"Saída de leito carroçável";"Com Vítimas Feridas";"Plena Noite";"Decrescente";"Céu Claro";"Simples";"Declive;Curva";"Não";3;0;2;0;1;0;2;1;-19,80972973;-43,79148245;"SPRF-MG";"DEL01-MG";"UOP01-DEL01-MG"
419096;2022-03-06;"domingo";"21:50:00";"SP";116;273;"TABOAO DA SERRA";"Ausência de reação do condutor";"Colisão com objeto";"Com Vítimas Feridas";"Plena Noite";"Crescente";"Nublado";"Dupla";"Reta";"Sim";1;0;1;0;0;0;1;1;-23,62809795;-46,81870306;"SPRF-SP";"DEL04-SP";"UOP01-DEL04-SP"
419097;2022-03-04;"sexta-feira";"11:30:00";"RO";0;0;"PORTO VELHO";"Reação tardia ou ineficiente do condutor";"Colisão transversal";"Com Vítimas Feridas";"Pleno dia";"Não Informado";"Nublado";"Simples";"Interseção de Vias";"Sim";3;0;1;0;2;0;1;2;-8,76344132;-63,89175475;"SPRF-RO";"DEL01-RO";"UOP02-DEL01-RO"
419098;2022-03-07;"segunda-feira";"01:30:00";"BA";324;585;"CANDEIAS";"Ausência de reação do condutor";"Capotamento";"Com Vítimas Feridas";"Plena Noite";"Decrescente";"Céu Claro";"Dupla";"Reta";"Não";5;0;3;0;2;0;3;1;-12,63012705;-38,47968619;"SPRF-BA";"DEL01-BA";"UOP01-DEL01-BA"
419099;2022-03-06;"domingo";"22:30:00";"MT";163;608,8;"NOVA MUTUM";"Reação tardia ou ineficiente do condutor";"Saída de leito carroçável";"Sem Vítimas";"Plena Noite";"Decrescente";"Garoa/Chuvisco";"Simples";"Reta";"Não";1;0;0;0;1;0;0;1;-13,836764;-56,08287399;"SPRF-MT";"DEL01-MT";"UOP01-DEL01-MT"
419100;2022-03-07;"segunda-feira";"01:20:00";"BA";415;50;"ITABUNA";"Velocidade Incompatível";"Colisão com objeto";"Sem Vítimas";"Plena Noite";"Crescente";"Garoa/Chuvisco";"Simples";"Ponte";"Sim";3;0;0;0;3;0;0;1;-14,81574494;-39,29612388;"SPRF-BA";"DEL05-BA";"UOP01-DEL05-BA"
419101;2022-03-07;"segunda-feira";"00:30:00";"SC";470;97;"APIUNA";"Ausência de reação do condutor";"Tombamento";"Com Vítimas Feridas";"Plena Noite";"Crescente";"Chuva";"Simples";"Reta";"Não";1;0;1;0;0;0;1;1;-27,026621;-49,378124;"SPRF-SC";"DEL04-SC";"UOP01-DEL04-SC"
419102;2022-03-07;"segunda-feira";"00:30:00";"MA";135;17,2;"SAO LUIS";"Ausência de reação do condutor";"Incêndio";"Sem Vítimas";"Plena Noite";"Crescente";"Garoa/Chuvisco";"Simples";"Declive";"Não";1;0;0;0;0;1;0;1;-2,53073;-44,3068;"SPRF-MA";"DEL01-MA";"UOP01-DEL01-MA"
419103;2022-03-07;"segunda-feira";"00:10:00";"SC";282;325,4;"CAMPOS NOVOS";"Velocidade Incompatível";"Colisão com objeto";"Com Vítimas Fatais";"Plena Noite";"Crescente";"Céu Claro";"Simples";"Reta";"Não";4;1;1;2;0;0;3;1;-27,37491138;-51,06678128;"SPRF-SC";"DEL07-SC";"UOP06-DEL07-SC"
419106;2022-03-07;"segunda-feira";"02:40:00";"DF";251;36,6;"BRASILIA";"Animais na Pista";"Atropelamento de Animal";"Com Vítimas Feridas";"Plena Noite";"Crescente";"Céu Claro";"Simples";"Reta";"Não";2;0;1;0;1;0;1;2;-15,94412982;-47,78382367;"SPRF-DF";"DEL01-DF";"UOP01-DEL01-DF"
419107;2022-03-07;"segunda-feira";"01:40:00";"MT";163;828;"SINOP";"Condutor Dormindo";"Colisão com objeto";"Sem Vítimas";"Plena Noite";"Crescente";"Nublado";"Simples";"Reta";"Não";1;0;0;0;1;0;0;1;-11,921278;-55,5108;"SPRF-MT";"DEL06-MT";"UOP01-DEL06-MT"
419109;2022-03-06;"domingo";"18:30:00";"PR";277;349;"GUARAPUAVA";"Desrespeitar a preferência no cruzamento";"Colisão transversal";"Com Vítimas Feridas";"Anoitecer";"Decrescente";"Céu Claro";"Simples";"Reta";"Sim";2;0;1;0;1;0;1;2;-25,33928412;-51,42880296;"SPRF-PR";"DEL08-PR";"UOP01-DEL08-PR"
419110;2022-03-07;"segunda-feira";"06:15:00";"CE";20;422,3;"MARACANAU";"Demais falhas mecânicas ou elétricas";"Tombamento";"Com Vítimas Feridas";"Pleno dia";"Crescente";"Céu Claro";"Dupla";"Reta";"Não";1;0;1;0;0;0;1;1;-3,85430695;-38,55720704;"SPRF-CE";"DEL01-CE";"UOP02-DEL01-CE"
419111;2022-03-07;"segunda-feira";"06:00:00";"TO";153;144,3;"ARAGUAINA";"Ausência de reação do condutor";"Colisão traseira";"Com Vítimas Fatais";"Amanhecer";"Crescente";"Céu Claro";"Dupla";"Reta";"Sim";4;2;1;0;1;0;1;3;-7,19662811;-48,23636977;"SPRF-TO";"DEL02-TO";"UOP01-DEL02-TO"
419113;2022-03-07;"segunda-feira";"04:30:00";"RS";285;240;"CIRIACO";"Ingestão de álcool pelo condutor";"Colisão com objeto";"Sem Vítimas";"Plena Noite";"Decrescente";"Céu Claro";"Simples";"Interseção de Vias";"Não";1;0;0;0;1;0;0;1;-28,257875;-51,876423;"SPRF-RS";"DEL08-RS";"UOP03-DEL08-RS"
419114;2022-03-07;"segunda-feira";"05:10:00";"MA";135;2,6;"SAO LUIS";"Reação tardia ou ineficiente do condutor";"Saída de leito carroçável";"Com Vítimas Feridas";"Amanhecer";"Decrescente";"Chuva";"Dupla";"Reta";"Não";2;0;0;2;0;0;2;1;-2,59806699;-44,24573511;"SPRF-MA";"DEL01-MA";"UOP01-DEL01-MA"
419115;2022-03-07;"segunda-feira";"05:30:00";"RS";386;334;"MARQUES DE SOUZA";"Ingestão de álcool pelo condutor";"Saída de leito carroçável";"Sem Vítimas";"Plena Noite";"Decrescente";"Garoa/Chuvisco";"Simples";"Reta";"Não";1;0;0;0;0;1;0;1;-29,378033;-52,05743;"SPRF-RS";"DEL04-RS";"UOP01-DEL04-RS"
419117;2022-03-06;"domingo";"22:40:00";"MG";40;731,1;"OLIVEIRA FORTES";"Transitar na contramão";"Colisão frontal";"Com Vítimas Feridas";"Plena Noite";"Decrescente";"Céu Claro";"Dupla";"Curva";"Não";3;0;2;0;1;0;2;2;-21,34218094;-43,58845595;"SPRF-MG";"DEL05-MG";"UOP01-DEL05-MG"
419118;2022-03-07;"segunda-feira";"02:40:00";"RJ";393;185;"PARAIBA DO SUL";"Ingestão de álcool pelo condutor";"Colisão lateral sentido oposto";"Com Vítimas Feridas";"Plena Noite";"Crescente";"Céu Claro";"Simples";"Reta";"Sim";1;0;1;0;0;0;1;1;-22,15782736;-43,31001397;"SPRF-RJ";"DEL05-RJ";"UOP03-DEL05-RJ"
419120;2022-03-07;"segunda-feira";"07:00:00";"PR";116;92;"SAO JOSE DOS PINHAIS";"Ingestão de álcool pelo condutor";"Colisão com objeto";"Sem Vítimas";"Pleno dia";"Decrescente";"Nevoeiro/Neblina";"Dupla";"Viaduto";"Sim";1;0;0;0;1;0;0;1;-25,51246762;-49,12828445;"SPRF-PR";"DEL01-PR";"UOP01-DEL01-PR"
419122;2022-03-07;"segunda-feira";"07:10:00";"SC";101;199;"SAO JOSE";"Condutor deixou de manter distância do veículo da frente";"Colisão traseira";"Sem Vítimas";"Pleno dia";"Crescente";"Céu Claro";"Dupla";"Reta";"Sim";2;0;0;0;2;0;0;2;-27,53413705;-48,63003205;"SPRF-SC";"DEL01-SC";"UOP01-DEL01-SC"
419123;2022-03-07;"segunda-feira";"06:30:00";"PR";277;118,3;"CAMPO LARGO";"Acesso irregular";"Colisão lateral mesmo sentido";"Com Vítimas Feridas";"Amanhecer";"Decrescente";"Céu Claro";"Simples";"Interseção de Vias";"Sim";3;0;1;0;1;1;1;3;-25,451907;-49,541367;"SPRF-PR";"DEL01-PR";"UOP03-DEL03-PR"
419124;2022-03-07;"segunda-feira";"06:30:00";"ES";262;45;"COLATINA";"Transitar na contramão";"Colisão frontal";"Com Vítimas Feridas";"Pleno dia";"Crescente";"Céu Claro";"Dupla";"Curva";"Não";2;0;2;0;0;0;2;2;-19,53506662;-40,5778456;"SPRF-ES";"DEL01-ES";"UOP01-DEL01-ES"
419125;2022-03-07;"segunda-feira";"07:10:00";"PR";469;1;"FOZ DO IGUACU";"Acessar a via sem observar a presença dos outros veículos";"Colisão transversal";"Com Vítimas Feridas";"Pleno dia";"Crescente";"Céu Claro";"Simples";"Interseção de Vias";"Sim";3;0;1;0;2;0;1;2;-25,57716923;-54,55497265;"SPRF-PR";"DEL05-PR";"UOP04-DEL05-PR"
419126;2022-03-07;"segunda-feira";"06:30:00";"RS";158;506,2;"SANTANA DO LIVRAMENTO";"Condutor deixou de manter distância do veículo da frente";"Colisão traseira";"Com Vítimas Feridas";"Amanhecer";"Crescente";"Nublado";"Simples";"Reta";"Não";7;0;1;0;6;0;1;2;-30,57369998;-55,08514007;"SPRF-RS";"DEL11-RS";"UOP01-DEL11-RS"
419127;2022-03-07;"segunda-feira";"06:40:00";"RN";101;96,8;"NATAL";"Condutor deixou de manter distância do veículo da frente";"Colisão traseira";"Com Vítimas Feridas";"Pleno dia";"Decrescente";"Céu Claro";"Dupla";"Reta";"Sim";2;0;1;0;1;0;1;2;-5,84949622;-35,20890752;"SPRF-RN";"DEL01-RN";"UOP01-DEL01-RN"
419129;2022-03-07;"segunda-feira";"07:40:00";"PE";232;7,1;"RECIFE";"Condutor deixou de manter distância do veículo da frente";"Engavetamento";"Sem Vítimas";"Pleno dia";"Decrescente";"Nublado";"Dupla";"Reta";"Sim";3;0;0;0;3;0;0;3;-8,073788;-34,962825;"SPRF-PE";"DEL01-PE";"UOP01-DEL01-PE"
419130;2022-03-07;"segunda-feira";"08:00:00";"SP";116;269;"TABOAO DA SERRA";"Ausência de reação do condutor";"Colisão transversal";"Com Vítimas Feridas";"Pleno dia";"Crescente";"Céu Claro";"Dupla";"Interseção de Vias";"Sim";2;0;1;0;1;0;1;2;-23,61593059;-46,78826044;"SPRF-SP";"DEL04-SP";"UOP01-DEL04-SP"
419132;2022-03-07;"segunda-feira";"07:00:00";"MG";40;517;"RIBEIRAO DAS NEVES";"Condutor deixou de manter distância do veículo da frente";"Colisão traseira";"Com Vítimas Feridas";"Pleno dia";"Crescente";"Céu Claro";"Dupla";"Reta";"Sim";2;0;1;0;1;0;1;2;-19,82351202;-44,08438913;"SPRF-MG";"DEL01-MG";"UOP02-DEL01-MG"
419135;2022-03-07;"segunda-feira";"08:15:00";"DF";70;9;"BRASILIA";"Manobra de mudança de faixa";"Colisão traseira";"Sem Vítimas";"Pleno dia";"Decrescente";"Céu Claro";"Dupla";"Reta";"Sim";3;0;0;0;3;0;0;2;-15,784615;-48,132023;"SPRF-DF";"DEL03-DF";"UOP02-DEL03-DF"
419136;2022-03-07;"segunda-feira";"06:30:00";"PR";116;197,5;"RIO NEGRO";"Transitar na contramão";"Colisão frontal";"Com Vítimas Fatais";"Pleno dia";"Decrescente";"Céu Claro";"Simples";"Curva";"Não";3;1;0;2;0;0;2;2;-26,039388;-49,695339;"SPRF-SC";"DEL06-SC";"UOP01-DEL06-SC"
419138;2022-03-07;"segunda-feira";"07:15:00";"MG";381;487,9;"BETIM";"Reação tardia ou ineficiente do condutor";"Engavetamento";"Com Vítimas Feridas";"Pleno dia";"Decrescente";"Céu Claro";"Dupla";"Declive;Reta";"Sim";6;0;1;0;4;1;1;6;-19,95729501;-44,1237545;"SPRF-MG";"DEL01-MG";"UOP03-DEL01-MG"
419141;2022-03-07;"segunda-feira";"08:00:00";"PI";402;35,7;"PARNAIBA";"Ingestão de álcool pelo condutor";"Colisão transversal";"Sem Vítimas";"Pleno dia";"Decrescente";"Nublado";"Simples";"Rotatória";"Sim";2;0;0;0;2;0;0;2;-2,95092689;-41,73053741;"SPRF-PI";"DEL05-PI";"UOP01-DEL05-PI"
419144;2022-03-07;"segunda-feira";"08:45:00";"SC";101;154,7;"PORTO BELO";"Demais falhas mecânicas ou elétricas";"Tombamento";"Com Vítimas Feridas";"Pleno dia";"Decrescente";"Sol";"Múltipla";"Reta";"Não";2;0;2;0;0;0;2;1;-27,153819;-48,61086393;"SPRF-SC";"DEL04-SC";"UOP03-DEL04-SC"
419145;2022-03-07;"segunda-feira";"09:30:00";"PR";277;74;"SAO JOSE DOS PINHAIS";"Velocidade Incompatível";"Colisão traseira";"Sem Vítimas";"Pleno dia";"Crescente";"Céu Claro";"Múltipla";"Reta";"Não";3;0;0;0;3;0;0;3;-25,51726115;-49,11540707;"SPRF-PR";"DEL01-PR";"UOP01-DEL01-PR"
419146;2022-03-07;"segunda-feira";"08:00:00";"PE";408;79;"PAUDALHO";"Reação tardia ou ineficiente do condutor";"Atropelamento de Animal";"Sem Vítimas";"Pleno dia";"Decrescente";"Sol";"Dupla";"Reta";"Sim";1;0;0;0;1;0;0;1;-7,92735072;-35,14679086;"SPRF-PE";"DEL01-PE";"UOP01-DEL01-PE"
419148;2022-03-07;"segunda-feira";"08:00:00";"PB";230;183,3;"POCINHOS";"Condutor deixou de manter distância do veículo da frente";"Colisão traseira";"Sem Vítimas";"Pleno dia";"Decrescente";"Céu Claro";"Simples";"Reta";"Não";2;0;0;0;2;0;0;2;-7,1548;-36,0934;"SPRF-PB";"DEL02-PB";"UOP02-DEL02-PB"
419149;2022-03-07;"segunda-feira";"09:20:00";"PI";343;337,9;"TERESINA";"Avarias e/ou desgaste excessivo no pneu";"Queda de ocupante de veículo";"Com Vítimas Feridas";"Pleno dia";"Crescente";"Nublado";"Dupla";"Reta";"Não";2;0;0;2;0;0;2;1;-5,061969;-42,714039;"SPRF-PI";"DEL01-PI";"UOP01-DEL01-PI"