"id";"data_inversa";"dia_semana";"horario";"uf";"br";"km";"municipio";"causa_acidente";"tipo_acidente";"classificacao_acidente";"fase_dia";"sentido_via";"condicao_metereologica";"tipo_pista";"tracado_via";"uso_solo";"pessoas";"mortos";"feridos_leves";"feridos_graves";"ilesos";"ignorados";"feridos";"veiculos";"latitude";"longitude";"regional";"delegacia";"uop"
419386;2022-03-08;"terça-feira";"15:27:00";"PR";153;334;"IRATI";"Ultrapassagem Indevida";"Colisão transversal";"Sem Vítimas";"Pleno dia";"Decrescente";"Nublado";"Simples";"Reta;Aclive";"Sim";1;0;0;0;1;0;0;1;-25,481234;-50,640733;"SPRF-PR";"DEL03-PR";"UOP03-DEL03-PR"
419388;2022-03-08;"terça-feira";"17:40:00";"MA";135;7;"SAO LUIS";"Reação tardia ou ineficiente do condutor";"Colisão traseira";"Com Vítimas Feridas";"Anoitecer";"Decrescente";"Chuva";"Dupla";"Reta";"Não";2;0;1;0;1;0;1;2;-2,63608835;-44,26848552;"SPRF-MA";"DEL01-MA";"UOP01-DEL01-MA"
419395;2022-03-08;"terça-feira";"15:30:00";"RJ";101;325;"NITEROI";"Demais falhas mecânicas ou elétricas";"Tombamento";"Com Vítimas Feridas";"Pleno dia";"Decrescente";"Céu Claro";"Dupla";"Reta";"Não";2;0;1;1;0;0;2;1;-22,87292569;-43,13625699;"SPRF-RJ";"DEL02-RJ";"UOP01-DEL02-RJ"
419396;2022-03-08;"terça-feira";"18:00:00";"PB";230;20;"JOAO PESSOA";"Reação tardia ou ineficiente do condutor";"Colisão traseira";"Com Vítimas Feridas";"Plena Noite";"Decrescente";"Céu Claro";"Dupla";"Reta";"Sim";3;0;1;0;2;0;1;2;-7,129466;-34,8543128;"SPRF-PB";"DEL01-PB";"UOP01-DEL01-PB"
419397;2022-03-08;"terça-feira";"13:30:00";"RJ";40;61;"PETROPOLIS";"Condutor deixou de manter distância do veículo da frente";"Colisão traseira";"Com Vítimas Feridas";"Pleno dia";"Decrescente";"Sol";"Simples";"Retorno Regulamentado";"Não";2;0;1;0;1;0;1;2;-22,40240833;-43,13786279;"SPRF-RJ";"DEL05-RJ";"UOP02-DEL05-RJ"
419398;2022-03-08;"terça-feira";"18:30:00";"CE";116;12,8;"FORTALEZA";"Pedestre cruzava a pista fora da faixa";"Atropelamento de Pedestre";"Com Vítimas Fatais";"Plena Noite";"Decrescente";"Céu Claro";"Múltipla";"Aclive;Reta";"Sim";4;1;0;0;3;0;0;2;-3,85959499;-38,49663204;"SPRF-CE";"DEL01-CE";"UOP02-DEL01-CE"
419399;2022-01-21;"sexta-feira";"17:50:00";"ES";101;238,5;"FUNDAO";"Conversão proibida";"Colisão frontal";"Com Vítimas Feridas";"Pleno dia";"Crescente";"Céu Claro";"Simples";"Curva";"Sim";3;0;1;1;1;0;2;2;-20,00196;-40,41321;"SPRF-ES";"DEL02-ES";"UOP01-DEL02-ES"
419400;2022-03-08;"terça-feira";"17:10:00";"SP";116;100,7;"PINDAMONHANGABA";"Objeto estático sobre o leito carroçável";"Colisão com objeto";"Com Vítimas Feridas";"Pleno dia";"Crescente";"Céu Claro";"Dupla";"Reta";"Não";1;0;1;0;0;0;1;1;-22,986552;-45,47276;"SPRF-SP";"DEL08-SP";"UOP01-DEL08-SP"
419401;2022-03-08;"terça-feira";"19:00:00";"PE";101;17,3;"GOIANA";"Velocidade Incompatível";"Saída de leito carroçável";"Sem Vítimas";"Plena Noite";"Crescente";"Céu Claro";"Dupla";"Reta";"Não";1;0;0;0;1;0;0;1;-7,64064477;-34,95599769;"SPRF-PE";"DEL01-PE";"UOP02-DEL01-PE"
419403;2022-03-08;"terça-feira";"18:00:00";"BA";324;352;"CAPIM GROSSO";"Acessar a via sem observar a presença dos outros veículos";"Atropelamento de Pedestre";"Com Vítimas Fatais";"Plena Noite";"Decrescente";"Céu Claro";"Simples";"Reta";"Não";2;1;0;0;1;0;0;2;-11,37578874;-40,02242088;"SPRF-BA";"DEL04-BA";"UOP02-DEL04-BA"
419404;2022-03-08;"terça-feira";"18:20:00";"MS";163;614;"SAO GABRIEL DO OESTE";"Acessar a via sem observar a presença dos outros veículos";"Colisão transversal";"Com Vítimas Feridas";"Plena Noite";"Crescente";"Céu Claro";"Simples";"Reta";"Sim";2;0;1;0;1;0;1;2;-19,40628803;-54,56100005;"SPRF-MS";"DEL06-MS";"UOP02-DEL06-MS"
419406;2022-03-08;"terça-feira";"17:20:00";"AC";364;127;"RIO BRANCO";"Ultrapassagem Indevida";"Colisão frontal";"Com Vítimas Feridas";"Anoitecer";"Decrescente";"Céu Claro";"Simples";"Reta";"Sim";4;0;3;0;1;0;3;3;-10,01980906;-67,81433091;"SPRF-AC";"DEL01-AC";"UOP01-DEL01-AC"
419407;2022-03-08;"terça-feira";"19:30:00";"SC";470;5;"NAVEGANTES";"Acumulo de areia ou detritos sobre o pavimento";"Colisão com objeto";"Com Vítimas Feridas";"Plena Noite";"Decrescente";"Céu Claro";"Dupla";"Reta";"Sim";1;0;1;0;0;0;1;1;-26,855688;-48,700333;"SPRF-SC";"DEL04-SC";"UOP04-DEL04-SC"
419410;2022-03-08;"terça-feira";"19:45:00";"MG";50;179;"UBERABA";"Ausência de reação do condutor";"Colisão traseira";"Com Vítimas Feridas";"Plena Noite";"Decrescente";"Céu Claro";"Dupla";"Aclive";"Sim";2;0;1;1;0;0;2;2;-19,77827047;-47,93140998;"SPRF-MG";"DEL13-MG";"UOP01-DEL13-MG"
419413;2022-03-08;"terça-feira";"17:45:00";"PB";230;480,6;"MARIZOPOLIS";"Reação tardia ou ineficiente do condutor";"Tombamento";"Com Vítimas Feridas";"Anoitecer";"Crescente";"Céu Claro";"Simples";"Reta";"Não";1;0;0;1;0;0;1;1;-6,850656;-38,362155;"SPRF-PB";"DEL03-PB";"UOP03-DEL03-PB"
419415;2022-03-08;"terça-feira";"20:00:00";"MG";40;527;"CONTAGEM";"Manobra de mudança de faixa";"Colisão traseira";"Com Vítimas Feridas";"Plena Noite";"Decrescente";"Céu Claro";"Múltipla";"Declive";"Sim";2;0;1;0;1;0;1;2;-19,90149502;-44,04938939;"SPRF-MG";"DEL01-MG";"UOP02-DEL01-MG"
419418;2022-03-08;"terça-feira";"16:25:00";"TO";153;358;"FORTALEZA DO TABOCAO";"Demais falhas mecânicas ou elétricas";"Eventos atípicos";"Sem Vítimas";"Pleno dia";"Crescente";"Céu Claro";"Simples";"Reta";"Não";3;0;0;0;3;0;0;1;-9,04719314;-48,51467777;"SPRF-TO";"DEL02-TO";"UOP02-DEL02-TO"
419419;2022-03-08;"terça-feira";"19:10:00";"AC";364;132;"RIO BRANCO";"Animais na Pista";"Queda de ocupante de veículo";"Com Vítimas Feridas";"Plena Noite";"Decrescente";"Céu Claro";"Dupla";"Reta";"Sim";2;0;2;0;0;0;2;1;-10,01005063;-67,84552927;"SPRF-AC";"DEL01-AC";"UOP01-DEL01-AC"
419420;2022-03-08;"terça-feira";"18:45:00";"BA";116;486;"RAFAEL JAMBEIRO";"Deficiência do Sistema de Iluminação/Sinalização";"Colisão traseira";"Com Vítimas Fatais";"Plena Noite";"Crescente";"Nublado";"Dupla";"Reta";"Não";2;1;0;0;1;0;0;2;-12,56745265;-39,48748849;"SPRF-BA";"DEL02-BA";"UOP01-DEL02-BA"
419421;2022-03-08;"terça-feira";"20:00:00";"RJ";116;321,6;"ITATIAIA";"Iluminação deficiente";"Colisão lateral mesmo sentido";"Com Vítimas Feridas";"Plena Noite";"Decrescente";"Céu Claro";"Dupla";"Reta";"Não";2;0;1;1;0;0;2;2;-22,50510349;-44,61084366;"SPRF-RJ";"DEL07-RJ";"UOP02-DEL07-RJ"
419423;2022-03-08;"terça-feira";"20:33:00";"SC";101;118,9;"ITAJAI";"Entrada inopinada do pedestre";"Atropelamento de Pedestre";"Com Vítimas Feridas";"Plena Noite";"Crescente";"Céu Claro";"Dupla";"Reta";"Não";2;0;1;0;1;0;1;2;-26,895859;-48,71903;"SPRF-SC";"DEL04-SC";"UOP04-DEL04-SC"
419424;2022-03-08;"terça-feira";"18:00:00";"MG";365;788;"ITUIUTABA";"Acumulo de areia ou detritos sobre o pavimento";"Saída de leito carroçável";"Com Vítimas Feridas";"Pleno dia";"Decrescente";"Céu Claro";"Simples";"Reta";"Não";1;0;1;0;0;0;1;1;-18,93495576;-49,79865011;"SPRF-MG";"DEL15-MG";"UOP03-DEL15-MG"
419425;2022-03-08;"terça-feira";"21:20:00";"RJ";393;285,8;"VOLTA REDONDA";"Reação tardia ou ineficiente do condutor";"Colisão traseira";"Com Vítimas Feridas";"Plena Noite";"Crescente";"Céu Claro";"Simples";"Reta";"Sim";2;0;1;0;0;1;1;2;-22,481726;-44,06308602;"SPRF-RJ";"DEL05-RJ";"UOP04-DEL05-RJ"
419426;2022-03-08;"terça-feira";"21:25:00";"RN";226;292,3;"AUGUSTO SEVERO";"Ingestão de álcool pelo condutor";"Saída de leito carroçável";"Com Vítimas Feridas";"Plena Noite";"Decrescente";"Céu Claro";"Simples";"Reta";"Não";1;0;1;0;0;0;1;1;-5,88351803;-37,32456294;"SPRF-RN";"DEL04-RN";"UOP01-DEL04-RN"
419427;2022-03-08;"terça-feira";"19:50:00";"RO";364;710;"PORTO VELHO";"Reação tardia ou ineficiente do condutor";"Colisão transversal";"Com Vítimas Feridas";"Plena Noite";"Crescente";"Céu Claro";"Dupla";"Reta";"Sim";2;0;1;0;0;1;1;2;-8,78152;-63,865356;"SPRF-RO";"DEL01-RO";"UOP01-DEL01-RO"
419429;2022-03-08;"terça-feira";"20:50:00";"RJ";101;329;"RIO DE JANEIRO";"Condutor deixou de manter distância do veículo da frente";"Colisão traseira";"Com Vítimas Feridas";"Plena Noite";"Decrescente";"Céu Claro";"Múltipla";"Reta;Ponte";"Não";2;0;1;0;1;0;1;2;-22,86939305;-43,175642;"SPRF-RJ";"DEL02-RJ";"UOP01-DEL02-RJ"
419430;2022-03-08;"terça-feira";"18:15:00";"PE";104;68,6;"CARUARU";"Pedestre cruzava a pista fora da faixa";"Atropelamento de Pedestre";"Com Vítimas Feridas";"Plena Noite";"Crescente";"Nublado";"Dupla";"Reta";"Não";2;0;0;2;0;0;2;2;-8,3107;-35,9904;"SPRF-PE";"DEL02-PE";"UOP01-DEL02-PE"
419432;2022-03-08;"terça-feira";"22:20:00";"RS";290;92;"PORTO ALEGRE";"Manobra de mudança de faixa";"Colisão traseira";"Com Vítimas Feridas";"Plena Noite";"Decrescente";"Céu Claro";"Simples";"Reta";"Não";2;0;1;0;1;0;1;2;-29,971916;-51,176838;"SPRF-RS";"DEL01-RS";"UOP01-DEL01-RS"
419433;2022-03-08;"terça-feira";"21:10:00";"RJ";101;321;"NITEROI";"Reação tardia ou ineficiente do condutor";"Colisão com objeto";"Com Vítimas Feridas";"Plena Noite";"Decrescente";"Céu Claro";"Dupla";"Reta";"Sim";1;0;0;1;0;0;1;1;-22,86981096;-43,11046465;"SPRF-RJ";"DEL02-RJ";"UOP01-DEL02-RJ"
419434;2022-03-08;"terça-feira";"22:10:00";"SP";101;45,9;"UBATUBA";"Reação tardia ou ineficiente do condutor";"Tombamento";"Com Vítimas Feridas";"Plena Noite";"Decrescente";"Céu Claro";"Simples";"Declive";"Sim";2;0;2;0;0;0;2;1;-23,4177939626;-45,0678840832;"SPRF-SP";"DEL06-SP";"UOP01-DEL06-SP"
419435;2022-03-08;"terça-feira";"21:00:00";"CE";116;3,5;"FORTALEZA";"Ausência de reação do condutor";"Colisão transversal";"Com Vítimas Feridas";"Plena Noite";"Crescente";"Céu Claro";"Múltipla";"Reta";"Sim";3;0;2;1;0;0;3;2;-3,774744;-38,515722;"SPRF-CE";"DEL01-CE";"UOP02-DEL01-CE"
419437;2022-03-08;"terça-feira";"21:40:00";"GO";70;5,1;"AGUAS LINDAS DE GOIAS";"Ausência de reação do condutor";"Colisão traseira";"Com Vítimas Feridas";"Plena Noite";"Crescente";"Céu Claro";"Dupla";"Reta;Viaduto;Aclive";"Sim";4;0;2;0;2;0;2;2;-15,75683677;-48,25464732;"SPRF-DF";"DEL03-DF";"UOP02-DEL03-DF"
419438;2022-03-08;"terça-feira";"21:21:00";"MT";163;1063;"GUARANTA DO NORTE";"Ingestão de álcool pelo condutor";"Colisão com objeto";"Com Vítimas Feridas";"Plena Noite";"Crescente";"Céu Claro";"Simples";"Reta;Aclive";"Sim";2;0;1;0;1;0;1;2;-9,96615605;-54,90504384;"SPRF-MT";"DEL06-MT";"NPF/DEL06-MT"
419440;2022-03-08;"terça-feira";"21:45:00";"SP";0;0;"JACUPIRANGA";"Ausência de reação do condutor";"Atropelamento de Pedestre";"Com Vítimas Feridas";"Anoitecer";"Não Informado";"Céu Claro";"Simples";"Reta";"Sim";2;0;1;0;0;1;1;2;-24,69861833;-48,00399702;"SPRF-SP";"DEL05-SP";"UOP01-DEL05-SP"
419442;2022-03-08;"terça-feira";"20:30:00";"SC";101;98,7;"BALNEARIO PICARRAS";"Entrada inopinada do pedestre";"Atropelamento de Pedestre";"Com Vítimas Fatais";"Plena Noite";"Crescente";"Céu Claro";"Dupla";"Curva";"Não";4;1;0;0;2;1;0;2;-26,74656;-48,696777;"SPRF-SC";"DEL03-SC";"UOP02-DEL03-SC"
419443;2022-03-08;"terça-feira";"21:30:00";"PR";373;399;"CANDOI";"Acessar a via sem observar a presença dos outros veículos";"Colisão transversal";"Com Vítimas Feridas";"Plena Noite";"Crescente";"Chuva";"Dupla";"Rotatória";"Sim";2;0;1;0;1;0;1;2;-25,56663969;-52,05019712;"SPRF-PR";"DEL08-PR";"UOP01-DEL08-PR"
419444;2022-03-09;"quarta-feira";"00:20:00";"SC";470;68;"INDAIAL";"Ingestão de álcool pelo condutor";"Capotamento";"Com Vítimas Feridas";"Plena Noite";"Crescente";"Nublado";"Simples";"Reta";"Sim";1;0;1;0;0;0;1;1;-26,877615;-49,239231;"SPRF-SC";"DEL04-SC";"UOP01-DEL04-SC"
419446;2022-03-09;"quarta-feira";"01:00:00";"PR";476;143;"CURITIBA";"Velocidade Incompatível";"Saída de leito carroçável";"Com Vítimas Fatais";"Plena Noite";"Decrescente";"Céu Claro";"Dupla";"Curva";"Sim";4;1;1;0;1;1;1;1;-25,543802;-49,305328;"SPRF-PR";"DEL01-PR";"UOP01-DEL01-PR"
419449;2022-03-09;"quarta-feira";"02:00:00";"PR";277;6,8;"PARANAGUA";"Ingestão de álcool pelo condutor";"Colisão transversal";"Sem Vítimas";"Plena Noite";"Decrescente";"Chuva";"Simples";"Interseção de Vias";"Sim";2;0;0;0;2;0;0;2;-25,51115077;-48,51974487;"SPRF-PR";"DEL01-PR";"UOP05-DEL01-PR"
419450;2022-03-09;"quarta-feira";"01:00:00";"MS";463;7;"DOURADOS";"Ingestão de álcool pelo condutor";"Saída de leito carroçável";"Com Vítimas Feridas";"Plena Noite";"Crescente";"Céu Claro";"Simples";"Interseção de Vias;Rotatória";"Não";2;0;2;0;0;0;2;1;-22,25354959;-54,87500494;"SPRF-MS";"DEL04-MS";"UOP01-DEL04-MS"
419454;2022-03-08;"terça-feira";"23:00:00";"MS";267;490;"JARDIM";"Transitar na contramão";"Colisão lateral sentido oposto";"Sem Vítimas";"Plena Noite";"Crescente";"Céu Claro";"Simples";"Reta";"Não";2;0;0;0;2;0;0;2;-21,48566487;-56,21959305;"SPRF-MS";"DEL05-MS";"UOP01-DEL05-MS"
419456;2022-01-23;"domingo";"20:10:00";"ES";393;5,7;"CACHOEIRO DE ITAPEMIRIM";"Transitar na contramão";"Colisão frontal";"Com Vítimas Feridas";"Plena Noite";"Decrescente";"Nublado";"Simples";"Curva";"Não";5;0;3;2;0;0;5;2;-20,82229983;-41,20246594;"SPRF-ES";"DEL03-ES";"UOP02-DEL03-ES"
419459;2022-03-09;"quarta-feira";"05:40:00";"PA";163;961;"BELTERRA";"Condutor Dormindo";"Saída de leito carroçável";"Com Vítimas Fatais";"Amanhecer";"Crescente";"Chuva";"Simples";"Reta";"Não";9;1;7;0;1;0;7;1;-2,70553458;-54,8954743;"SPRF-PA";"DEL05-PA";"UOP01-DEL05-PA"
419460;2022-03-09;"quarta-feira";"02:20:00";"PR";153;494;"GENERAL CARNEIRO";"Ingestão de álcool pelo condutor";"Capotamento";"Com Vítimas Feridas";"Plena Noite";"Decrescente";"Nublado";"Simples";"Curva";"Não";1;0;1;0;0;0;1;1;-26,449842;-51,320048;"SPRF-PR";"DEL02-PR";"UOP03-DEL02-PR"
419461;2022-03-09;"quarta-feira";"06:40:00";"CE";116;7,9;"FORTALEZA";"Demais falhas mecânicas ou elétricas";"Colisão transversal";"Com Vítimas Feridas";"Pleno dia";"Decrescente";"Céu Claro";"Múltipla";"Reta";"Sim";2;0;1;0;1;0;1;2;-3,81073099;-38,50074867;"SPRF-CE";"DEL01-CE";"UOP02-DEL01-CE"
419462;2022-03-09;"quarta-feira";"06:30:00";"SC";101;209;"SAO JOSE";"Condutor deixou de manter distância do veículo da frente";"Colisão traseira";"Com Vítimas Feridas";"Pleno dia";"Crescente";"Céu Claro";"Múltipla";"Reta";"Sim";2;0;1;0;1;0;1;2;-27,61000542;-48,63895057;"SPRF-SC";"DEL01-SC";"UOP01-DEL01-SC"
419463;2022-03-09;"quarta-feira";"06:30:00";"CE";116;8,6;"FORTALEZA";"Condutor deixou de manter distância do veículo da frente";"Colisão traseira";"Com Vítimas Feridas";"Pleno dia";"Decrescente";"Garoa/Chuvisco";"Múltipla";"Reta";"Sim";3;0;2;0;1;0;2;2;-3,8192799;-38,50268337;"SPRF-CE";"DEL01-CE";"UOP02-DEL01-CE"
419464;2022-03-09;"quarta-feira";"05:25:00";"SC";280;34;"ARAQUARI";"Reação tardia ou ineficiente do condutor";"Colisão transversal";"Com Vítimas Feridas";"Amanhecer";"Crescente";"Nublado";"Simples";"Reta";"Não";2;0;2;0;0;0;2;2;-26,42993971;-48,79615614;"SPRF-SC";"DEL03-SC";"UOP03-DEL03-SC"
419466;2022-02-05;"sábado";"18:00:00";"RN";304;287;"MACAIBA";"Pista em desnível";"Tombamento";"Com Vítimas Feridas";"Plena Noite";"Decrescente";"Céu Claro";"Simples";"Aclive";"Não";4;0;2;0;1;1;2;3;-5,8711714;-35,42930088;"SPRF-RN";"DEL01-RN";"UOP02-DEL01-RN"
419469;2022-03-09;"quarta-feira";"07:20:00";"PR";116;126;"FAZENDA RIO GRANDE";"Ausência de reação do condutor";"Colisão traseira";"Com Vítimas Feridas";"Pleno dia";"Decrescente";"Sol";"Dupla";"Reta";"Sim";4;0;1;0;3;0;1;3;-25,60389895;-49,31824423;"SPRF-PR";"DEL01-PR";"UOP03-DEL01-PR"
419472;2022-03-09;"quarta-feira";"08:15:00";"SC";101;191;"BIGUACU";"Ingestão de álcool pelo condutor";"Saída de leito carroçável";"Com Vítimas Feridas";"Pleno dia";"Crescente";"Nublado";"Dupla";"Curva";"Sim";1;0;1;0;0;0;1;1;-27,47730273;-48,64127329;"SPRF-SC";"DEL01-SC";"UOP01-DEL01-SC"
419474;2022-03-09;"quarta-feira";"06:00:00";"PR";277;370;"GUARAPUAVA";"Reação tardia ou ineficiente do condutor";"Saída de leito carroçável";"Com Vítimas Fatais";"Amanhecer";"Crescente";"Céu Claro";"Simples";"Reta";"Não";2;1;1;0;0;0;1;1;-25,40708;-51,69281;"SPRF-PR";"DEL08-PR";"UOP01-DEL08-PR"
419476;2022-03-09;"quarta-feira";"08:50:00";"MG";381;484,5;"BETIM";"Velocidade Incompatível";"Queda de ocupante de veículo";"Com Vítimas Feridas";"Pleno dia";"Crescente";"Céu Claro";"Dupla";"Viaduto";"Sim";1;0;0;1;0;0;1;1;-19,95531717;-44,11722196;"SPRF-MG";"DEL01-MG";"UOP03-DEL01-MG"
419477;2022-03-09;"quarta-feira";"08:00:00";"PR";476;130,2;"CURITIBA";"Ausência de reação do condutor";"Colisão lateral mesmo sentido";"Com Vítimas Feridas";"Pleno dia";"Crescente";"Céu Claro";"Múltipla";"Reta";"Sim";3;0;1;0;2;0;1;2;-25,449564;-49,236427;"SPRF-PR";"DEL01-PR";"UOP03-DEL01-PR"
419478;2022-03-09;"quarta-feira";"08:20:00";"PE";232;32,8;"MORENO";"Acessar a via sem observar a presença dos outros veículos";"Colisão lateral mesmo sentido";"Com Vítimas Feridas";"Pleno dia";"Crescente";"Sol";"Dupla";"Reta";"Não";2;0;1;0;0;1;1;2;-8,10541732;-35,1665671;"SPRF-PE";"DEL01-PE";"UOP01-DEL01-PE"
419479;2022-03-09;"quarta-feira";"08:59:00";"PB";230;13,9;"CABEDELO";"Ausência de reação do condutor";"Tombamento";"Com Vítimas Feridas";"Pleno dia";"Decrescente";"Garoa/Chuvisco";"Dupla";"Reta";"Sim";1;0;1;0;0;0;1;1;-7,0844;-34,8488;"SPRF-PB";"DEL01-PB";"UOP01-DEL01-PB"
419480;2022-03-09;"quarta-feira";"07:30:00";"RJ";116;171;"SAO JOAO DE MERITI";"Demais falhas mecânicas ou elétricas";"Queda de ocupante de veículo";"Com Vítimas Feridas";"Pleno dia";"Decrescente";"Céu Claro";"Múltipla";"Reta";"Sim";1;0;1;0;0;0;1;1;-22,8060415;-43,34289573;"SPRF-RJ";"DEL01-RJ";"UOP02-DEL01-RJ"
419483;2022-03-09;"quarta-feira";"06:15:00";"MG";116;461,6;"ENGENHEIRO CALDAS";"Velocidade Incompatível";"Colisão traseira";"Com Vítimas Feridas";"Pleno dia";"Decrescente";"Céu Claro";"Simples";"Reta";"Não";3;0;1;0;2;0;1;2;-19,24287204;-42,05726783;"SPRF-MG";"DEL06-MG";"UOP02-DEL06-MG"
419484;2022-03-09;"quarta-feira";"08:30:00";"PR";376;180;"MARINGA";"Ausência de reação do condutor";"Colisão traseira";"Com Vítimas Feridas";"Pleno dia";"Crescente";"Céu Claro";"Dupla";"Reta";"Sim";3;0;1;0;2;0;1;2;-23,42725352;-51,89512271;"SPRF-PR";"DEL09-PR";"UOP01-DEL09-PR"
419486;2022-03-09;"quarta-feira";"09:45:00";"SP";101;45,3;"UBATUBA";"Conversão proibida";"Colisão transversal";"Com Vítimas Feridas";"Pleno dia";"Decrescente";"Céu Claro";"Simples";"Reta";"Sim";3;0;1;0;2;0;1;2;-23,41779396;-45,06788408;"SPRF-SP";"DEL06-SP";"UOP01-DEL06-SP"
419491;2022-03-09;"quarta-feira";"08:30:00";"PR";476;124,8;"CURITIBA";"Manobra de mudança de faixa";"Colisão lateral mesmo sentido";"Com Vítimas Feridas";"Pleno dia";"Crescente";"Céu Claro";"Múltipla";"Reta";"Sim";2;0;1;0;1;0;1;2;-25,399845;-49,215855;"SPRF-PR";"DEL01-PR";"UOP03-DEL01-PR"
419492;2022-03-05;"sábado";"23:30:00";"RJ";116;190;"QUEIMADOS";"Ingestão de álcool pelo condutor";"Colisão com objeto";"Com Vítimas Feridas";"Plena Noite";"Decrescente";"Céu Claro";"Dupla";"Reta";"Sim";1;0;0;1;0;0;1;1;-22,74123776;-43,5007311;"SPRF-RJ";"DEL01-RJ";"UOP02-DEL01-RJ"
419493;2022-03-09;"quarta-feira";"07:40:00";"PR";376;182;"SARANDI";"Condutor deixou de manter distância do veículo da frente";"Colisão traseira";"Com Vítimas Feridas";"Pleno dia";"Decrescente";"Sol";"Múltipla";"Reta";"Sim";2;0;1;0;1;0;1;2;-23,43435477;-51,88313305;"SPRF-PR";"DEL09-PR";"UOP01-DEL09-PR"
419501;2022-03-09;"quarta-feira";"05:30:00";"BA";101;562;"ARATACA";"Chuva";"Saída de leito carroçável";"Com Vítimas Feridas";"Amanhecer";"Crescente";"Chuva";"Simples";"Curva";"Não";3;0;1;0;2;0;1;1;-15,19532742;-39,44263458;"SPRF-BA";"DEL05-BA";"UOP02-DEL05-BA"
419502;2022-02-12;"sábado";"03:00:00";"CE";403;130,8;"SOBRAL";"Ultrapassagem Indevida";"Colisão lateral mesmo sentido";"Com Vítimas Feridas";"Plena Noite";"Crescente";"Céu Claro";"Simples";"Reta;Ponte";"Sim";3;0;0;1;2;0;1;3;-3,77524722;-40,49651184;"SPRF-CE";"DEL04-CE";"UOP01-DEL04-CE"
419503;2022-03-09;"quarta-feira";"11:10:00";"SP";116;213,4;"GUARULHOS";"Reação tardia ou ineficiente do condutor";"Colisão lateral mesmo sentido";"Com Vítimas Feridas";"Pleno dia";"Decrescente";"Sol";"Múltipla";"Reta";"Sim";2;0;1;0;1;0;1;2;-23,44395221;-46,44707859;"SPRF-SP";"DEL01-SP";"UOP01-DEL01-SP"
419505;2022-03-09;"quarta-feira";"10:30:00";"MT";163;779;"VERA";"Manobra de mudança de faixa";"Saída de leito carroçável";"Com Vítimas Feridas";"Pleno dia";"Crescente";"Sol";"Simples";"Reta";"Não";1;0;1;0;0;0;1;1;-12,34318803;-55,59288025;"SPRF-MT";"DEL06-MT";"UOP01-DEL06-MT"
419507;2022-03-09;"quarta-feira";"11:45:00";"GO";70;9;"AGUAS LINDAS DE GOIAS";"Ingestão de álcool pelo condutor";"Colisão traseira";"Com Vítimas Feridas";"Pleno dia";"Crescente";"Céu Claro";"Dupla";"Reta";"Não";3;0;1;1;1;0;2;2;-15,73576731;-48,28288046;"SPRF-DF";"DEL03-DF";"UOP02-DEL03-DF"
419508;2022-03-09;"quarta-feira";"12:00:00";"SP";116;127,8;"CACAPAVA";"Ausência de reação do condutor";"Colisão lateral mesmo sentido";"Com Vítimas Feridas";"Pleno dia";"Decrescente";"Céu Claro";"Dupla";"Reta";"Sim";2;0;0;1;1;0;1;2;-23,10991026;-45,70246044;"SPRF-SP";"DEL02-SP";"UOP02-DEL02-SP"
419509;2022-03-09;"quarta-feira";"12:00:00";"MG";40;550;"NOVA LIMA";"Demais falhas mecânicas ou elétricas";"Queda de ocupante de veículo";"Com Vítimas Feridas";"Pleno dia";"Crescente";"Céu Claro";"Dupla";"Reta";"Sim";2;0;1;1;0;0;2;1;-20,0477638;-43,96439441;"SPRF-MG";"DEL01-MG";"UOP02-DEL01-MG"
419510;2022-03-09;"quarta-feira";"11:00:00";"MG";381;772;"CAMPANHA";"Ausência de reação do condutor";"Saída de leito carroçável";"Com Vítimas Feridas";"Pleno dia";"Crescente";"Céu Claro";"Dupla";"Reta";"Não";1;0;1;0;0;0;1;1;-21,79763003;-45,45693799;"SPRF-MG";"DEL16-MG";"UOP02-DEL16-MG"
419513;2022-03-09;"quarta-feira";"11:00:00";"AL";423;26,5;"CANAPI";"Conversão proibida";"Colisão frontal";"Com Vítimas Fatais";"Pleno dia";"Crescente";"Céu Claro";"Simples";"Reta";"Sim";3;2;0;0;1;0;0;2;-9,193462;-37,514824;"SPRF-AL";"DEL03-AL";"UOP02-DEL03-AL"
419514;2022-03-09;"quarta-feira";"12:30:00";"MG";40;399,9;"CURVELO";"Condutor Dormindo";"Colisão com objeto";"Com Vítimas Feridas";"Pleno dia";"Crescente";"Céu Claro";"Simples";"Ponte";"Não";2;0;2;0;0;0;2;1;-19,03176;-44,65149;"SPRF-MG";"DEL02-MG";"UOP01-DEL02-MG"
419515;2022-03-09;"quarta-feira";"12:40:00";"RJ";101;486;"ANGRA DOS REIS";"Entrada inopinada do pedestre";"Atropelamento de Pedestre";"Com Vítimas Feridas";"Pleno dia";"Decrescente";"Céu Claro";"Simples";"Reta";"Não";2;0;1;1;0;0;2;2;-22,97708786;-44,29634653;"SPRF-RJ";"DEL03-RJ";"UOP03-DEL03-RJ"
419516;2022-03-09;"quarta-feira";"07:20:00";"RS";116;142,5;"CAXIAS DO SUL";"Pedestre cruzava a pista fora da faixa";"Atropelamento de Pedestre";"Com Vítimas Feridas";"Pleno dia";"Crescente";"Céu Claro";"Dupla";"Reta";"Sim";2;0;2;0;0;0;2;2;-29,11727;-51,115208;"SPRF-RS";"DEL05-RS";"UOP01-DEL05-RS"