"id";"data_inversa";"dia_semana";"horario";"uf";"br";"km";"municipio";"causa_acidente";"tipo_acidente";"classificacao_acidente";"fase_dia";"sentido_via";"condicao_metereologica";"tipo_pista";"tracado_via";"uso_solo";"pessoas";"mortos";"feridos_leves";"feridos_graves";"ilesos";"ignorados";"feridos";"veiculos";"latitude";"longitude";"regional";"delegacia";"uop"
419637;2022-03-10;"quinta-feira";"03:30:00";"PE";104;22;"TAQUARITINGA DO NORTE";"Acesso irregular";"Colisão com objeto";"Com Vítimas Fatais";"Plena Noite";"Decrescente";"Céu Claro";"Simples";"Reta";"Não";2;1;0;0;0;1;0;1;-7,967257;-36,116974;"SPRF-PE";"DEL02-PE";"UOP01-DEL02-PE"
419638;2022-03-10;"quinta-feira";"05:00:00";"MG";50;6,3;"UBERLANDIA";"Demais falhas mecânicas ou elétricas";"Saída de leito carroçável";"Sem Vítimas";"Amanhecer";"Decrescente";"Céu Claro";"Dupla";"Curva;Aclive";"Não";1;0;0;0;1;0;0;1;-18,860189;-48,207997;"SPRF-MG";"DEL15-MG";"UOP01-DEL15-MG"
419639;2022-03-10;"quinta-feira";"05:40:00";"RS";116;614,3;"ARROIO GRANDE";"Chuva";"Colisão traseira";"Com Vítimas Feridas";"Amanhecer";"Crescente";"Chuva";"Simples";"Reta";"Não";2;0;1;0;1;0;1;2;-32,26517521;-53,0912018;"SPRF-RS";"DEL07-RS";"UOP03-DEL07-RS"
419643;2022-03-10;"quinta-feira";"06:25:00";"SP";116;220;"GUARULHOS";"Manobra de mudança de faixa";"Colisão lateral mesmo sentido";"Com Vítimas Feridas";"Pleno dia";"Crescente";"Céu Claro";"Dupla";"Reta";"Sim";2;0;1;0;1;0;1;2;-23,46472809;-46,49793962;"SPRF-SP";"DEL01-SP";"UOP01-DEL01-SP"
419644;2022-03-10;"quinta-feira";"06:30:00";"PR";116;109;"CURITIBA";"Ausência de reação do condutor";"Saída de leito carroçável";"Sem Vítimas";"Pleno dia";"Decrescente";"Céu Claro";"Dupla";"Reta";"Sim";1;0;0;0;0;1;0;1;-25,57140489;-49,20748999;"SPRF-PR";"DEL01-PR";"UOP01-DEL01-PR"
419651;2022-03-10;"quinta-feira";"07:00:00";"SP";116;154;"SAO JOSE DOS CAMPOS";"Condutor deixou de manter distância do veículo da frente";"Colisão lateral mesmo sentido";"Com Vítimas Feridas";"Pleno dia";"Decrescente";"Céu Claro";"Múltipla";"Aclive";"Sim";2;0;1;0;1;0;1;2;-23,23903999;-45,92061901;"SPRF-SP";"DEL02-SP";"UOP01-DEL02-SP"
419652;2022-03-10;"quinta-feira";"07:00:00";"RS";470;222;"GARIBALDI";"Acessar a via sem observar a presença dos outros veículos";"Colisão lateral mesmo sentido";"Com Vítimas Feridas";"Pleno dia";"Decrescente";"Nublado";"Dupla";"Reta";"Sim";2;0;1;0;1;0;1;2;-29,22013266;-51,51658958;"SPRF-RS";"DEL06-RS";"UOP01-DEL06-RS"
419654;2022-03-10;"quinta-feira";"07:20:00";"PB";230;19;"JOAO PESSOA";"Demais falhas mecânicas ou elétricas";"Tombamento";"Com Vítimas Feridas";"Pleno dia";"Decrescente";"Céu Claro";"Dupla";"Curva";"Sim";2;0;2;0;0;0;2;1;-7,1281;-34,8466;"SPRF-PB";"DEL01-PB";"UOP01-DEL01-PB"
419655;2022-03-10;"quinta-feira";"07:00:00";"MG";365;622;"UBERLANDIA";"Condutor deixou de manter distância do veículo da frente";"Engavetamento";"Com Vítimas Feridas";"Pleno dia";"Decrescente";"Sol";"Múltipla";"Reta;Aclive";"Sim";4;0;1;0;3;0;1;3;-18,89504704;-48,27166384;"SPRF-MG";"DEL15-MG";"UOP01-DEL15-MG"
419656;2022-03-10;"quinta-feira";"07:45:00";"PE";101;44;"IGARASSU";"Entrada inopinada do pedestre";"Atropelamento de Pedestre";"Com Vítimas Feridas";"Pleno dia";"Decrescente";"Céu Claro";"Dupla";"Reta";"Sim";2;0;2;0;0;0;2;2;-7,85637001;-34,90842109;"SPRF-PE";"DEL01-PE";"UOP02-DEL01-PE"
419658;2022-03-10;"quinta-feira";"05:15:00";"RO";319;63;"PORTO VELHO";"Afundamento ou ondulação no pavimento";"Queda de ocupante de veículo";"Com Vítimas Feridas";"Amanhecer";"Crescente";"Chuva";"Dupla";"Reta";"Sim";2;0;2;0;0;0;2;1;-8,766685;-63,884052;"SPRF-RO";"DEL01-RO";"UOP01-DEL01-RO"
419659;2022-03-10;"quinta-feira";"08:50:00";"SP";116;281;"EMBU DAS ARTES";"Manobra de mudança de faixa";"Colisão lateral mesmo sentido";"Com Vítimas Feridas";"Pleno dia";"Decrescente";"Céu Claro";"Dupla";"Reta;Declive";"Não";2;0;1;0;1;0;1;2;-23,67784787;-46,85769227;"SPRF-SP";"DEL04-SP";"UOP01-DEL04-SP"
419661;2022-01-21;"sexta-feira";"18:30:00";"PI";316;24;"TERESINA";"Acessar a via sem observar a presença dos outros veículos";"Colisão transversal";"Com Vítimas Feridas";"Plena Noite";"Crescente";"Ignorado";"Simples";"Reta";"Sim";3;0;0;2;1;0;2;2;-5,28895702;-42,71707202;"SPRF-PI";"DEL01-PI";"UOP02-DEL01-PI"
419662;2022-03-10;"quinta-feira";"08:50:00";"RN";304;38;"MOSSORO";"Condutor deixou de manter distância do veículo da frente";"Colisão traseira";"Sem Vítimas";"Pleno dia";"Decrescente";"Céu Claro";"Dupla";"Reta";"Sim";2;0;0;0;1;1;0;2;-5,18138457;-37,36832252;"SPRF-RN";"DEL04-RN";"UOP02-DEL04-RN"
419663;2022-03-10;"quinta-feira";"05:10:00";"MS";262;412,3;"TERENOS";"Animais na Pista";"Atropelamento de Animal";"Sem Vítimas";"Amanhecer";"Decrescente";"Céu Claro";"Simples";"Reta";"Não";5;0;0;0;5;0;0;1;-20,4440307;-55,13298106;"SPRF-MS";"DEL01-MS";"UOP03-DEL01-MS"
419664;2022-02-22;"terça-feira";"19:30:00";"PE";232;100,9;"BEZERROS";"Acessar a via sem observar a presença dos outros veículos";"Colisão transversal";"Com Vítimas Feridas";"Plena Noite";"Crescente";"Céu Claro";"Simples";"Reta";"Sim";3;0;1;2;0;0;3;2;-8,23791176;-35,74297705;"SPRF-PE";"DEL02-PE";"UOP02-DEL02PE"
419665;2022-02-26;"sábado";"20:00:00";"SC";282;460,3;"PONTE SERRADA";"Acessar a via sem observar a presença dos outros veículos";"Colisão transversal";"Com Vítimas Feridas";"Plena Noite";"Crescente";"Céu Claro";"Simples";"Reta";"Sim";2;0;0;1;1;0;1;2;-26,856062;-52,03215;"SPRF-SC";"DEL07-SC";"UOP04-DEL07-SC"
419668;2022-03-10;"quinta-feira";"07:30:00";"MS";158;116,1;"APARECIDA DO TABOADO";"Ingestão de álcool pelo condutor";"Saída de leito carroçável";"Com Vítimas Feridas";"Pleno dia";"Decrescente";"Céu Claro";"Simples";"Curva";"Não";2;0;0;2;0;0;2;1;-19,836614;-51,111666;"SPRF-MS";"DEL08-MS";"UOP01-DEL08-MS"
419669;2022-03-10;"quinta-feira";"08:29:00";"SP";116;274,5;"TABOAO DA SERRA";"Ausência de reação do condutor";"Colisão lateral mesmo sentido";"Com Vítimas Feridas";"Pleno dia";"Decrescente";"Céu Claro";"Dupla";"Reta";"Sim";3;0;1;0;0;2;1;3;-23,63445084;-46,82418514;"SPRF-SP";"DEL04-SP";"UOP01-DEL04-SP"
419671;2022-02-11;"sexta-feira";"01:40:00";"MG";381;311;"ANTONIO DIAS";"Objeto estático sobre o leito carroçável";"Colisão com objeto";"Com Vítimas Feridas";"Plena Noite";"Decrescente";"Chuva";"Simples";"Desvio Temporário;Reta";"Não";1;0;0;1;0;0;1;1;-19,64513385;-42,92555809;"SPRF-MG";"DEL03-MG";"UOP02-DEL03-MG"
419672;2022-03-10;"quinta-feira";"05:20:00";"CE";222;62,5;"SAO GONCALO DO AMARANTE";"Chuva";"Saída de leito carroçável";"Com Vítimas Feridas";"Amanhecer";"Decrescente";"Chuva";"Simples";"Reta";"Não";2;0;1;1;0;0;2;1;-3,67147075;-39,09840501;"SPRF-CE";"DEL01-CE";"UOP03-DEL01-CE"
419673;2022-03-10;"quinta-feira";"07:45:00";"RR";174;509;"BOA VISTA";"Deficiência do Sistema de Iluminação/Sinalização";"Colisão lateral mesmo sentido";"Com Vítimas Feridas";"Pleno dia";"Crescente";"Céu Claro";"Simples";"Reta";"Sim";2;0;1;1;0;0;2;2;2,830893;-60,708496;"SPRF-RR";"DEL01-RR";"UOP01-DEL01-RR"
419674;2022-03-10;"quinta-feira";"10:00:00";"ES";101;139,6;"LINHARES";"Acessar a via sem observar a presença dos outros veículos";"Colisão transversal";"Com Vítimas Feridas";"Pleno dia";"Decrescente";"Sol";"Simples";"Interseção de Vias";"Sim";2;0;1;0;1;0;1;2;-19,3101728;-40,0799666;"SPRF-ES";"DEL04-ES";"UOP01-DEL04-ES"
419675;2022-01-17;"segunda-feira";"17:25:00";"PA";230;833;"URUARA";"Pista Escorregadia";"Colisão com objeto";"Sem Vítimas";"Pleno dia";"Decrescente";"Chuva";"Simples";"Aclive";"Não";2;0;0;0;2;0;0;2;-3,68969032;-53,5916579;"SPRF-PA";"DEL04-PA";"UOP01-DEL04-PA"
419679;2022-03-10;"quinta-feira";"10:40:00";"MG";50;69;"UBERLANDIA";"Ausência de reação do condutor";"Colisão traseira";"Com Vítimas Feridas";"Pleno dia";"Decrescente";"Céu Claro";"Dupla";"Reta";"Sim";2;0;1;0;1;0;1;2;-18,85140204;-48,25345932;"SPRF-MG";"DEL15-MG";"UOP01-DEL15-MG"
419680;2022-03-10;"quinta-feira";"09:55:00";"SE";101;106,9;"SAO CRISTOVAO";"Chuva";"Colisão com objeto";"Sem Vítimas";"Pleno dia";"Crescente";"Nublado";"Dupla";"Reta";"Não";2;0;0;0;2;0;0;1;-10,95841469;-37,24489601;"SPRF-SE";"DEL02-SE";"UOP01-DEL02-SE"
419682;2022-03-10;"quinta-feira";"06:00:00";"PB";230;416,3;"POMBAL";"Acessar a via sem observar a presença dos outros veículos";"Colisão transversal";"Com Vítimas Feridas";"Pleno dia";"Crescente";"Sol";"Simples";"Reta";"Não";4;0;3;0;1;0;3;2;-6,7161;-37,8197;"SPRF-PB";"DEL03-PB";"UOP02-DEL03-PB"
419683;2022-03-10;"quinta-feira";"11:00:00";"RO";364;199,9;"PIMENTA BUENO";"Conversão proibida";"Colisão transversal";"Com Vítimas Feridas";"Pleno dia";"Decrescente";"Chuva";"Simples";"Interseção de Vias";"Sim";2;0;0;1;1;0;1;2;-11,661617;-61,191055;"SPRF-RO";"DEL02-RO";"UOP02-DEL02-RO"
419685;2022-03-10;"quinta-feira";"10:00:00";"RS";285;123;"VACARIA";"Reação tardia ou ineficiente do condutor";"Atropelamento de Pedestre";"Com Vítimas Feridas";"Pleno dia";"Crescente";"Céu Claro";"Simples";"Interseção de Vias";"Sim";2;0;1;0;1;0;1;2;-28,499468;-50,951084;"SPRF-RS";"DEL05-RS";"UOP03-DEL05-RS"
419686;2022-03-10;"quinta-feira";"12:10:00";"MG";40;603;"CONGONHAS";"Conversão proibida";"Colisão transversal";"Com Vítimas Fatais";"Pleno dia";"Decrescente";"Sol";"Simples";"Aclive;Reta";"Sim";5;1;1;2;1;0;3;2;-20,44751546;-43,83980605;"SPRF-MG";"DEL05-MG";"UOP02-DEL05-MG"
419688;2022-03-10;"quinta-feira";"12:55:00";"PR";376;232,5;"APUCARANA";"Pista em desnível";"Queda de ocupante de veículo";"Com Vítimas Feridas";"Pleno dia";"Decrescente";"Nublado";"Dupla";"Curva";"Não";1;0;1;0;0;0;1;1;-23,57126885;-51,50557362;"SPRF-PR";"DEL07-PR";"UOP02-DEL07-PR"
419690;2022-03-10;"quinta-feira";"12:30:00";"PI";343;3;"TERESINA";"Reação tardia ou ineficiente do condutor";"Colisão traseira";"Sem Vítimas";"Pleno dia";"Decrescente";"Céu Claro";"Múltipla";"Reta";"Sim";2;0;0;0;2;0;0;2;-5,089569;-42,802288;"SPRF-PI";"DEL01-PI";"UOP01-DEL01-PI"
419691;2022-03-10;"quinta-feira";"12:00:00";"SP";0;0;"ARUJA";"Manobra de mudança de faixa";"Colisão lateral mesmo sentido";"Sem Vítimas";"Pleno dia";"Não Informado";"Céu Claro";"Simples";"Aclive";"Sim";2;0;0;0;2;0;0;2;-23,3773039;-46,3253364;"SPRF-SP";"DEL01-SP";"UOP01-DEL01-SP"
419692;2022-03-10;"quinta-feira";"11:50:00";"PR";158;532;"PATO BRANCO";"Condutor deixou de manter distância do veículo da frente";"Colisão traseira";"Com Vítimas Feridas";"Pleno dia";"Crescente";"Céu Claro";"Simples";"Rotatória";"Sim";2;0;1;0;1;0;1;2;-26,21099702;-52,6807167;"SPRF-PR";"DEL02-PR";"UOP01-DEL02-PR"
419694;2022-03-10;"quinta-feira";"13:15:00";"RS";116;263;"CANOAS";"Reação tardia ou ineficiente do condutor";"Colisão traseira";"Com Vítimas Feridas";"Pleno dia";"Crescente";"Nublado";"Simples";"Retorno Regulamentado";"Não";2;0;1;0;1;0;1;2;-29,90545398;-51,17674031;"SPRF-RS";"DEL01-RS";"UOP01-DEL01-RS"
419695;2022-03-10;"quinta-feira";"13:00:00";"PE";428;186;"PETROLINA";"Acessar a via sem observar a presença dos outros veículos";"Colisão transversal";"Com Vítimas Feridas";"Pleno dia";"Crescente";"Sol";"Simples";"Reta";"Sim";4;0;1;0;1;2;1;3;-9,36312321;-40,48229049;"SPRF-PE";"DEL06-PE";"UOP01-DEL06-PE"
419696;2022-03-10;"quinta-feira";"08:00:00";"MA";135;108;"ITAPECURU MIRIM";"Ultrapassagem Indevida";"Colisão frontal";"Com Vítimas Feridas";"Pleno dia";"Crescente";"Nublado";"Simples";"Reta";"Não";3;0;0;1;1;1;1;2;-3,41828;-44,515209;"SPRF-MA";"DEL01-MA";"UOP02-DEL01-MA"
419697;2022-03-10;"quinta-feira";"12:00:00";"PA";10;333;"SAO MIGUEL DO GUAMA";"Demais falhas mecânicas ou elétricas";"Saída de leito carroçável";"Com Vítimas Feridas";"Pleno dia";"Decrescente";"Céu Claro";"Simples";"Ponte";"Não";2;0;1;0;1;0;1;1;-1,52847611;-47,51785935;"SPRF-PA";"DEL01-PA";"UOP02-DEL01-PA"
419698;2022-03-10;"quinta-feira";"12:00:00";"ES";101;96;"JAGUARE";"Ausência de reação do condutor";"Colisão traseira";"Com Vítimas Feridas";"Pleno dia";"Crescente";"Nublado";"Simples";"Reta;Aclive";"Não";2;0;0;1;1;0;1;2;-18,94725102;-39,97972996;"SPRF-ES";"DEL04-ES";"UOP02-DEL04-ES"
419700;2022-02-14;"segunda-feira";"08:30:00";"PR";277;77,8;"SAO JOSE DOS PINHAIS";"Trafegar com motocicleta (ou similar) entre as faixas";"Colisão lateral mesmo sentido";"Com Vítimas Feridas";"Pleno dia";"Crescente";"Céu Claro";"Dupla";"Reta";"Sim";2;0;1;0;1;0;1;2;-25,48091729;-49,19658422;"SPRF-PR";"DEL01-PR";"UOP01-DEL01-PR"
419701;2022-03-10;"quinta-feira";"13:30:00";"SC";101;203,5;"SAO JOSE";"Condutor deixou de manter distância do veículo da frente";"Colisão traseira";"Com Vítimas Feridas";"Pleno dia";"Crescente";"Céu Claro";"Dupla";"Reta";"Sim";2;0;1;0;1;0;1;2;-27,5650044;-48,61460082;"SPRF-SC";"DEL01-SC";"UOP01-DEL01-SC"
419704;2022-03-10;"quinta-feira";"13:15:00";"PR";277;720,4;"FOZ DO IGUACU";"Condutor deixou de manter distância do veículo da frente";"Colisão traseira";"Com Vítimas Feridas";"Pleno dia";"Crescente";"Nublado";"Dupla";"Reta";"Sim";2;0;1;0;1;0;1;2;-25,489198;-54,507137;"SPRF-PR";"DEL05-PR";"UOP03-DEL05-PR"
419706;2022-03-10;"quinta-feira";"11:00:00";"MT";364;404;"CUIABA";"Ausência de reação do condutor";"Colisão lateral mesmo sentido";"Sem Vítimas";"Pleno dia";"Decrescente";"Céu Claro";"Simples";"Reta";"Sim";2;0;0;0;2;0;0;2;-15,66158612;-55,97144205;"SPRF-MT";"DEL01-MT";"UOP02-DEL01-MT"
419707;2022-03-10;"quinta-feira";"13:40:00";"SC";101;151,4;"ITAPEMA";"Acessar a via sem observar a presença dos outros veículos";"Colisão transversal";"Com Vítimas Feridas";"Pleno dia";"Crescente";"Céu Claro";"Simples";"Interseção de Vias";"Sim";2;0;1;0;1;0;1;2;-27,126536;-48,609642;"SPRF-SC";"DEL04-SC";"UOP03-DEL04-SC"
419708;2022-01-21;"sexta-feira";"21:00:00";"ES";101;361;"ANCHIETA";"Velocidade Incompatível";"Saída de leito carroçável";"Com Vítimas Feridas";"Plena Noite";"Crescente";"Céu Claro";"Simples";"Reta";"Não";1;0;1;0;0;0;1;1;-20,71074392;-40,72242606;"SPRF-ES";"DEL03-ES";"UOP01-DEL03-ES"
419709;2022-03-10;"quinta-feira";"13:50:00";"RN";101;95;"NATAL";"Demais falhas mecânicas ou elétricas";"Colisão traseira";"Com Vítimas Feridas";"Pleno dia";"Crescente";"Céu Claro";"Dupla";"Reta";"Sim";2;0;1;0;1;0;1;2;-5,84076841;-35,21035949;"SPRF-RN";"DEL01-RN";"UOP01-DEL01-RN"
419710;2022-03-10;"quinta-feira";"14:15:00";"RS";285;404,7;"PANAMBI";"Ultrapassagem Indevida";"Colisão transversal";"Com Vítimas Feridas";"Pleno dia";"Crescente";"Nublado";"Simples";"Reta";"Não";5;0;1;3;1;0;4;2;-28,3803;-53,3692;"SPRF-RS";"DEL10-RS";"UOP02-DEL10-RS"
419711;2022-03-10;"quinta-feira";"13:55:00";"PR";376;3,7;"APUCARANA";"Condutor deixou de manter distância do veículo da frente";"Colisão traseira";"Com Vítimas Feridas";"Pleno dia";"Crescente";"Nublado";"Simples";"Reta";"Sim";2;0;1;0;1;0;1;2;-23,557804;-51,441366;"SPRF-PR";"DEL07-PR";"UOP03-DEL07-PR"
419713;2022-03-10;"quinta-feira";"14:30:00";"RN";101;99,9;"NATAL";"Reação tardia ou ineficiente do condutor";"Colisão lateral mesmo sentido";"Com Vítimas Feridas";"Pleno dia";"Crescente";"Sol";"Múltipla";"Reta";"Sim";2;0;1;0;1;0;1;2;-5,87886573;-35,22482872;"SPRF-RN";"DEL01-RN";"UOP01-DEL01-RN"
419714;2022-03-10;"quinta-feira";"11:10:00";"MG";40;273;"TRES MARIAS";"Reação tardia ou ineficiente do condutor";"Queda de ocupante de veículo";"Com Vítimas Feridas";"Pleno dia";"Crescente";"Céu Claro";"Simples";"Ponte";"Sim";1;0;1;0;0;0;1;1;-18,18834859;-45,25219384;"SPRF-MG";"DEL14-MG";"UOP02-DEL14-MG"
419715;2022-03-10;"quinta-feira";"14:00:00";"CE";222;0,5;"FORTALEZA";"Condutor desrespeitou a iluminação vermelha do semáforo";"Colisão transversal";"Com Vítimas Feridas";"Pleno dia";"Crescente";"Céu Claro";"Dupla";"Interseção de Vias";"Sim";2;0;1;0;1;0;1;2;-3,73677344;-38,57212013;"SPRF-CE";"DEL01-CE";"UOP01-DEL01-CE"
419716;2022-03-10;"quinta-feira";"14:20:00";"PE";232;17,6;"JABOATAO DOS GUARARAPES";"Ausência de reação do condutor";"Colisão com objeto";"Com Vítimas Feridas";"Pleno dia";"Decrescente";"Céu Claro";"Dupla";"Reta";"Não";3;0;2;1;0;0;3;1;-8,09565202;-35,04581599;"SPRF-PE";"DEL01-PE";"UOP01-DEL01-PE"
419717;2022-03-06;"domingo";"16:30:00";"RO";435;38;"VILHENA";"Transitar na contramão";"Saída de leito carroçável";"Com Vítimas Feridas";"Pleno dia";"Crescente";"Chuva";"Simples";"Reta";"Não";1;0;0;1;0;0;1;1;-12,87020093;-60,36990452;"SPRF-RO";"DEL04-RO";"UOP02-DEL04-RO"
419719;2022-03-10;"quinta-feira";"15:00:00";"PR";116;3;"CAMPINA GRANDE DO SUL";"Pista Escorregadia";"Queda de ocupante de veículo";"Com Vítimas Feridas";"Pleno dia";"Crescente";"Chuva";"Dupla";"Curva";"Não";1;0;1;0;0;0;1;1;-25,07163889;-48,58564619;"SPRF-PR";"DEL01-PR";"UOP02-DEL01-PR"
419722;2022-02-11;"sexta-feira";"20:30:00";"RS";153;436;"CACHOEIRA DO SUL";"Retorno proibido";"Colisão transversal";"Com Vítimas Feridas";"Plena Noite";"Decrescente";"Céu Claro";"Simples";"Reta";"Não";2;0;1;0;1;0;1;2;-30,26025338;-52,85299301;"SPRF-RS";"DEL02-RS";"UOP03-DEL02-RS"
419723;2022-03-10;"quinta-feira";"13:30:00";"MG";381;158,9;"GOVERNADOR VALADARES";"Conversão proibida";"Colisão transversal";"Com Vítimas Feridas";"Pleno dia";"Decrescente";"Céu Claro";"Simples";"Curva";"Não";2;0;0;1;1;0;1;2;-18,91795246;-42,01337465;"SPRF-MG";"DEL06-MG";"UOP01-DEL06-MG"
419724;2022-03-10;"quinta-feira";"15:10:00";"MA";222;213;"ITAPECURU MIRIM";"Reação tardia ou ineficiente do condutor";"Colisão traseira";"Com Vítimas Feridas";"Pleno dia";"Crescente";"Nublado";"Simples";"Reta";"Não";2;0;1;0;1;0;1;2;-3,37422;-44,383943;"SPRF-MA";"DEL01-MA";"UOP02-DEL01-MA"
419725;2022-03-10;"quinta-feira";"12:30:00";"PE";101;92;"CABO DE SANTO AGOSTINHO";"Reação tardia ou ineficiente do condutor";"Engavetamento";"Sem Vítimas";"Pleno dia";"Crescente";"Céu Claro";"Dupla";"Reta";"Não";3;0;0;0;3;0;0;3;-8,23201792;-34,99778611;"SPRF-PE";"DEL01-PE";"UOP01-DEL01-PE"
419726;2022-02-04;"sexta-feira";"20:00:00";"RS";386;389,2;"TRIUNFO";"Desrespeitar a preferência no cruzamento";"Colisão transversal";"Com Vítimas Feridas";"Plena Noite";"Crescente";"Céu Claro";"Dupla";"Reta";"Não";2;0;1;0;1;0;1;2;-29,694038;-51,695747;"SPRF-RS";"DEL04-RS";"UOP02-DEL04-RS"
419728;2022-03-10;"quinta-feira";"16:10:00";"GO";60;53,4;"ABADIANIA";"Acessar a via sem observar a presença dos outros veículos";"Colisão traseira";"Com Vítimas Feridas";"Pleno dia";"Crescente";"Céu Claro";"Dupla";"Retorno Regulamentado";"Não";3;0;0;1;2;0;1;2;-16,1737;-48,6483;"SPRF-GO";"DEL02-GO";"UOP01-DEL02-GO"
419729;2022-03-10;"quinta-feira";"16:15:00";"CE";20;415;"MARACANAU";"Acessar a via sem observar a presença dos outros veículos";"Colisão transversal";"Com Vítimas Feridas";"Pleno dia";"Crescente";"Céu Claro";"Múltipla";"Reta";"Sim";2;0;2;0;0;0;2;2;-3,83836686;-38,60245273;"SPRF-CE";"DEL01-CE";"UOP02-DEL01-CE"
419731;2022-03-10;"quinta-feira";"15:15:00";"PR";277;1;"FOZ DO IGUACU";"Acessar a via sem observar a presença dos outros veículos";"Colisão transversal";"Com Vítimas Feridas";"Pleno dia";"Crescente";"Nublado";"Dupla";"Interseção de Vias";"Sim";3;0;2;0;1;0;2;2;-25,44540026;-54,5855106;"SPRF-PR";"DEL05-PR";"UOP03-DEL05-PR"
419732;2022-03-10;"quinta-feira";"15:40:00";"RS";285;151,2;"MUITOS CAPOES";"Reação tardia ou ineficiente do condutor";"Tombamento";"Com Vítimas Feridas";"Pleno dia";"Crescente";"Chuva";"Simples";"Curva";"Não";1;0;1;0;0;0;1;1;-28,34384;-51,148235;"SPRF-RS";"DEL05-RS";"UOP03-DEL05-RS"
419733;2022-03-10;"quinta-feira";"17:00:00";"AL";101;138,7;"SAO MIGUEL DOS CAMPOS";"Acumulo de areia ou detritos sobre o pavimento";"Queda de ocupante de veículo";"Com Vítimas Feridas";"Pleno dia";"Crescente";"Nublado";"Simples";"Reta";"Sim";1;0;1;0;0;0;1;1;-9,80396625;-36,11365914;"SPRF-AL";"DEL02-AL";"UOP01-DEL02-AL"
419734;2022-03-10;"quinta-feira";"14:50:00";"AC";364;135;"RIO BRANCO";"Desrespeitar a preferência no cruzamento";"Colisão lateral mesmo sentido";"Com Vítimas Feridas";"Pleno dia";"Decrescente";"Sol";"Dupla";"Rotatória";"Sim";3;0;0;1;2;0;1;2;-9,98588117;-67,84523538;"SPRF-AC";"DEL01-AC";"UOP01-DEL01-AC"
419736;2022-03-10;"quinta-feira";"14:55:00";"SP";116;124;"CACAPAVA";"Ausência de reação do condutor";"Colisão traseira";"Sem Vítimas";"Pleno dia";"Decrescente";"Céu Claro";"Dupla";"Reta";"Não";2;0;0;0;2;0;0;2;-23,093116;-45,677904;"SPRF-SP";"DEL02-SP";"UOP02-DEL02-SP"
419739;2022-03-10;"quinta-feira";"16:55:00";"RN";226;112,6;"SANTA CRUZ";"Acessar a via sem observar a presença dos outros veículos";"Colisão lateral mesmo sentido";"Com Vítimas Feridas";"Pleno dia";"Crescente";"Céu Claro";"Simples";"Reta";"Sim";3;0;1;1;1;0;2;2;-6,21607374;-36,01964235;"SPRF-RN";"DEL03-RN";"UOP02-DEL03-RN"
419740;2022-03-10;"quinta-feira";"17:05:00";"PE";232;10,7;"JABOATAO DOS GUARARAPES";"Velocidade Incompatível";"Colisão traseira";"Com Vítimas Feridas";"Anoitecer";"Decrescente";"Céu Claro";"Dupla";"Reta";"Sim";2;0;1;0;1;0;1;2;-8,080916;-34,993477;"SPRF-PE";"DEL01-PE";"UOP01-DEL01-PE"
419741;2022-03-10;"quinta-feira";"17:25:00";"SP";116;223;"GUARULHOS";"Manobra de mudança de faixa";"Colisão traseira";"Com Vítimas Feridas";"Anoitecer";"Crescente";"Chuva";"Múltipla";"Reta";"Sim";2;0;1;0;1;0;1;2;-23,47559815;-46,5246609;"SPRF-SP";"DEL01-SP";"UOP01-DEL01-SP"
419742;2022-03-10;"quinta-feira";"17:20:00";"SP";153;65;"SAO JOSE DO RIO PRETO";"Ausência de reação do condutor";"Tombamento";"Com Vítimas Feridas";"Pleno dia";"Decrescente";"Céu Claro";"Dupla";"Reta";"Não";1;0;1;0;0;0;1;1;-20,8355877;-49,36570039;"SPRF-SP";"DEL09-SP";"UOP01-DEL09-SP"
419743;2022-03-10;"quinta-feira";"16:20:00";"SP";381;40;"ATIBAIA";"Ausência de reação do condutor";"Colisão transversal";"Sem Vítimas";"Pleno dia";"Crescente";"Céu Claro";"Dupla";"Reta";"Não";2;0;0;0;2;0;0;2;-23,12997498;-46,5767598;"SPRF-SP";"DEL03-SP";"UOP01-DEL03-SP"
419744;2022-03-10;"quinta-feira";"16:05:00";"MG";146;477,9;"BANDEIRA DO SUL";"Desrespeitar a preferência no cruzamento";"Colisão transversal";"Com Vítimas Feridas";"Pleno dia";"Decrescente";"Chuva";"Simples";"Interseção de Vias";"Não";2;0;1;0;1;0;1;2;-21,74528685;-46,40406316;"SPRF-MG";"DEL09-MG";"UOP01-DEL09-MG"
419747;2022-03-10;"quinta-feira";"14:50:00";"SC";101;231;"PALHOCA";"Velocidade Incompatível";"Saída de leito carroçável";"Sem Vítimas";"Pleno dia";"Crescente";"Céu Claro";"Dupla";"Curva";"Não";1;0;0;0;0;1;0;1;-27,78669984;-48,6356424;"SPRF-SC";"DEL01-SC";"UOP02-DEL01-SC"
419749;2022-03-10;"quinta-feira";"11:55:00";"PR";376;166;"MARINGA";"Reação tardia ou ineficiente do condutor";"Saída de leito carroçável";"Com Vítimas Feridas";"Pleno dia";"Crescente";"Céu Claro";"Dupla";"Reta";"Não";1;0;1;0;0;0;1;1;-23,39663206;-52,00514304;"SPRF-PR";"DEL09-PR";"UOP01-DEL09-PR"