"id";"data_inversa";"dia_semana";"horario";"uf";"br";"km";"municipio";"causa_acidente";"tipo_acidente";"classificacao_acidente";"fase_dia";"sentido_via";"condicao_metereologica";"tipo_pista";"tracado_via";"uso_solo";"pessoas";"mortos";"feridos_leves";"feridos_graves";"ilesos";"ignorados";"feridos";"veiculos";"latitude";"longitude";"regional";"delegacia";"uop"
419750;2022-03-10;"quinta-feira";"16:05:00";"MG";146;477,9;"BANDEIRA DO SUL";"Condutor deixou de manter distância do veículo da frente";"Colisão traseira";"Com Vítimas Feridas";"Pleno dia";"Decrescente";"Chuva";"Simples";"Interseção de Vias";"Não";3;0;2;0;1;0;2;2;-21,74533668;-46,40408462;"SPRF-MG";"DEL09-MG";"UOP01-DEL09-MG"
419751;2022-03-10;"quinta-feira";"15:00:00";"PI";135;354;"BOM JESUS";"Reação tardia ou ineficiente do condutor";"Saída de leito carroçável";"Com Vítimas Feridas";"Pleno dia";"Crescente";"Céu Claro";"Simples";"Reta";"Sim";2;0;1;0;1;0;1;2;-9,08911307;-44,36270761;"SPRF-PI";"DEL03-PI";"UOP02-DEL03-PI"
419752;2022-03-10;"quinta-feira";"18:35:00";"PE";101;43,1;"IGARASSU";"Reação tardia ou ineficiente do condutor";"Atropelamento de Pedestre";"Com Vítimas Fatais";"Plena Noite";"Crescente";"Nublado";"Múltipla";"Reta";"Sim";2;1;0;0;0;1;0;2;-7,84753808;-34,90977038;"SPRF-PE";"DEL01-PE";"UOP02-DEL01-PE"
419753;2022-01-16;"domingo";"16:00:00";"PI";230;248;"SAO FRANCISCO DO PIAUI";"Acessar a via sem observar a presença dos outros veículos";"Colisão transversal";"Com Vítimas Feridas";"Pleno dia";"Crescente";"Céu Claro";"Simples";"Reta";"Não";2;0;0;1;1;0;1;2;-6,9838388737;-42,5259710215;"SPRF-PI";"DEL03-PI";"UOP01-DEL03-PI"
419755;2022-03-10;"quinta-feira";"18:00:00";"PR";116;145;"MANDIRITUBA";"Desrespeitar a preferência no cruzamento";"Colisão transversal";"Com Vítimas Feridas";"Pleno dia";"Crescente";"Garoa/Chuvisco";"Simples";"Interseção de Vias";"Não";2;0;0;1;0;1;1;2;-25,81332662;-49,32910681;"SPRF-PR";"DEL01-PR";"UOP03-DEL01-PR"
419757;2022-03-10;"quinta-feira";"16:00:00";"RJ";493;0;"ITABORAI";"Pedestre cruzava a pista fora da faixa";"Atropelamento de Pedestre";"Com Vítimas Feridas";"Pleno dia";"Crescente";"Céu Claro";"Simples";"Curva";"Sim";2;0;1;0;1;0;1;2;-22,77062;-42,92223;"SPRF-RJ";"DEL02-RJ";"UOP02-DEL02-RJ"
419758;2022-03-10;"quinta-feira";"18:00:00";"RJ";116;175;"NOVA IGUACU";"Pedestre andava na pista";"Atropelamento de Pedestre";"Com Vítimas Feridas";"Plena Noite";"Crescente";"Céu Claro";"Múltipla";"Reta";"Sim";2;0;1;0;1;0;1;2;-22,78923555;-43,37275272;"SPRF-RJ";"DEL01-RJ";"UOP02-DEL01-RJ"
419759;2022-03-10;"quinta-feira";"18:15:00";"SP";381;86;"SAO PAULO";"Acessar a via sem observar a presença dos outros veículos";"Atropelamento de Pedestre";"Com Vítimas Feridas";"Plena Noite";"Decrescente";"Chuva";"Dupla";"Reta";"Sim";2;0;0;1;1;0;1;2;-23,449343;-46,56983501;"SPRF-SP";"DEL03-SP";"UOP01-DEL03-SP"
419764;2022-01-21;"sexta-feira";"23:40:00";"PE";232;9,3;"RECIFE";"Ingestão de álcool pelo condutor";"Colisão traseira";"Sem Vítimas";"Plena Noite";"Decrescente";"Céu Claro";"Dupla";"Reta";"Sim";3;0;0;0;3;0;0;2;-8,078468;-34,981888;"SPRF-PE";"DEL01-PE";"UOP01-DEL01-PE"
419765;2022-02-27;"domingo";"01:20:00";"PA";230;121;"MARABA";"Reação tardia ou ineficiente do condutor";"Colisão traseira";"Com Vítimas Feridas";"Plena Noite";"Decrescente";"Céu Claro";"Dupla";"Reta";"Sim";4;0;1;1;2;0;2;2;-5,35297407;-49,12143673;"SPRF-PA";"DEL03-PA";"UOP01-DEL03-PA"
419766;2022-03-10;"quinta-feira";"19:50:00";"PI";316;33;"DEMERVAL LOBAO";"Animais na Pista";"Atropelamento de Animal";"Com Vítimas Feridas";"Plena Noite";"Decrescente";"Chuva";"Simples";"Reta";"Não";1;0;1;0;0;0;1;1;-5,36889695;-42,6726402;"SPRF-PI";"DEL01-PI";"UOP02-DEL01-PI"
419768;2022-03-10;"quinta-feira";"20:30:00";"SC";116;6;"MAFRA";"Desrespeitar a preferência no cruzamento";"Colisão transversal";"Sem Vítimas";"Plena Noite";"Crescente";"Garoa/Chuvisco";"Simples";"Reta";"Sim";2;0;0;0;2;0;0;2;-26,14644691;-49,82305806;"SPRF-SC";"DEL06-SC";"UOP01-DEL06-SC"
419774;2022-03-10;"quinta-feira";"21:48:00";"CE";20;416,9;"CAUCAIA";"Avarias e/ou desgaste excessivo no pneu";"Saída de leito carroçável";"Com Vítimas Feridas";"Plena Noite";"Decrescente";"Chuva";"Dupla";"Reta";"Não";1;0;1;0;0;0;1;1;-3,76999035;-38,67006282;"SPRF-CE";"DEL01-CE";"UOP02-DEL01-CE"
419776;2022-03-10;"quinta-feira";"20:20:00";"SC";101;168,5;"TIJUCAS";"Entrada inopinada do pedestre";"Atropelamento de Pedestre";"Com Vítimas Fatais";"Plena Noite";"Decrescente";"Nublado";"Dupla";"Reta";"Não";2;1;0;0;1;0;0;2;-27,28345837;-48,63103509;"SPRF-SC";"DEL04-SC";"UOP03-DEL04-SC"
419778;2022-03-10;"quinta-feira";"19:00:00";"SC";101;256;"PAULO LOPES";"Ingestão de álcool pelo condutor";"Colisão traseira";"Sem Vítimas";"Plena Noite";"Decrescente";"Chuva";"Simples";"Curva";"Não";1;0;0;0;1;0;0;1;-27,98856558;-48,67917538;"SPRF-SC";"DEL02-SC";"UOP03-DEL02-SC"
419779;2022-03-10;"quinta-feira";"20:50:00";"MG";153;224,9;"FRUTAL";"Reação tardia ou ineficiente do condutor";"Saída de leito carroçável";"Sem Vítimas";"Plena Noite";"Crescente";"Céu Claro";"Dupla";"Reta";"Não";1;0;0;0;1;0;0;1;-20,18906911;-49,12022586;"SPRF-MG";"DEL13-MG";"UOP02-DEL13-MG"
419780;2022-03-10;"quinta-feira";"21:00:00";"BA";116;827,4;"VITORIA DA CONQUISTA";"Animais na Pista";"Queda de ocupante de veículo";"Com Vítimas Feridas";"Plena Noite";"Decrescente";"Nublado";"Simples";"Reta";"Sim";2;0;1;0;1;0;1;1;-14,88842213;-40,86086165;"SPRF-BA";"DEL08-BA";"UOP01-DEL08-BA"
419782;2022-03-10;"quinta-feira";"09:20:00";"BA";242;393;"SEABRA";"Ultrapassagem Indevida";"Colisão transversal";"Sem Vítimas";"Pleno dia";"Crescente";"Céu Claro";"Simples";"Reta";"Não";2;0;0;0;2;0;0;2;-12,458997;-41,633717;"SPRF-BA";"DEL06-BA";"UOP01-DEL06-BA"
419785;2022-03-10;"quinta-feira";"22:05:00";"PR";116;5,5;"QUATRO BARRAS";"Reação tardia ou ineficiente do condutor";"Colisão transversal";"Sem Vítimas";"Plena Noite";"Decrescente";"Chuva";"Dupla";"Reta";"Sim";2;0;0;0;2;0;0;2;-25,36677124;-49,09869432;"SPRF-PR";"DEL01-PR";"UOP02-DEL01-PR"
419786;2022-01-23;"domingo";"06:00:00";"PE";110;137,2;"IBIMIRIM";"Demais falhas mecânicas ou elétricas";"Incêndio";"Sem Vítimas";"Pleno dia";"Crescente";"Céu Claro";"Simples";"Reta";"Não";1;0;0;0;1;0;0;1;-8,50885757;-37,60567305;"SPRF-PE";"DEL03-PE";"UOP02-DEL03-PE"
419788;2022-03-10;"quinta-feira";"23:20:00";"RJ";101;471;"ANGRA DOS REIS";"Ingestão de álcool pelo condutor";"Queda de ocupante de veículo";"Com Vítimas Feridas";"Plena Noite";"Crescente";"Céu Claro";"Simples";"Reta";"Não";1;0;1;0;0;0;1;1;-22,99649604;-44,22906307;"SPRF-RJ";"DEL03-RJ";"UOP03-DEL03-RJ"
419790;2022-03-10;"quinta-feira";"19:15:00";"MG";50;123;"UBERABA";"Reação tardia ou ineficiente do condutor";"Saída de leito carroçável";"Sem Vítimas";"Plena Noite";"Decrescente";"Céu Claro";"Dupla";"Reta";"Não";2;0;0;0;2;0;0;1;-19,33326318;-48,09913641;"SPRF-MG";"DEL13-MG";"UOP01-DEL13-MG"
419792;2022-03-10;"quinta-feira";"20:10:00";"MG";50;201,5;"DELTA";"Pedestre cruzava a pista fora da faixa";"Atropelamento de Pedestre";"Com Vítimas Fatais";"Plena Noite";"Decrescente";"Céu Claro";"Dupla";"Reta";"Não";2;1;1;0;0;0;1;2;-19,94164303;-47,81147003;"SPRF-MG";"DEL13-MG";"UOP01-DEL13-MG"
419794;2022-03-10;"quinta-feira";"19:15:00";"MG";365;868;"SANTA VITORIA";"Ausência de reação do condutor";"Colisão com objeto";"Com Vítimas Feridas";"Plena Noite";"Decrescente";"Vento";"Simples";"Reta";"Não";1;0;1;0;0;0;1;1;-19,047554;-50,486767;"SPRF-MG";"DEL15-MG";"UOP03-DEL15-MG"
419795;2022-03-10;"quinta-feira";"23:30:00";"RO";364;239;"CACOAL";"Acessar a via sem observar a presença dos outros veículos";"Colisão transversal";"Com Vítimas Feridas";"Plena Noite";"Crescente";"Nublado";"Simples";"Interseção de Vias;Rotatória;Reta";"Sim";3;0;1;1;1;0;2;2;-11,43425083;-61,46267289;"SPRF-RO";"DEL02-RO";"UOP02-DEL02-RO"
419798;2022-03-11;"sexta-feira";"00:40:00";"GO";153;693;"ITUMBIARA";"Reação tardia ou ineficiente do condutor";"Saída de leito carroçável";"Com Vítimas Feridas";"Plena Noite";"Decrescente";"Céu Claro";"Dupla";"Curva";"Não";2;0;1;0;1;0;1;1;-18,3345;-49,2245;"SPRF-GO";"DEL03-GO";"UOP02-DEL03-GO"
419799;2022-03-11;"sexta-feira";"01:10:00";"ES";101;279;"SERRA";"Velocidade Incompatível";"Saída de leito carroçável";"Com Vítimas Feridas";"Plena Noite";"Crescente";"Céu Claro";"Dupla";"Reta";"Não";1;0;1;0;0;0;1;1;-20,2184992;-40,34332216;"SPRF-ES";"DEL02-ES";"UOP01-DEL02-ES"
419804;2022-03-11;"sexta-feira";"01:20:00";"RO";319;63;"PORTO VELHO";"Manobra de mudança de faixa";"Colisão lateral mesmo sentido";"Com Vítimas Feridas";"Plena Noite";"Decrescente";"Nublado";"Dupla";"Reta";"Sim";2;0;0;1;1;0;1;2;-8,76052818;-63,88537114;"SPRF-RO";"DEL01-RO";"UOP01-DEL01-RO"
419807;2022-03-11;"sexta-feira";"03:00:00";"PR";376;15;"MARINGA";"Condutor deixou de manter distância do veículo da frente";"Colisão traseira";"Com Vítimas Feridas";"Plena Noite";"Crescente";"Nublado";"Dupla";"Reta";"Sim";3;0;1;1;1;0;2;2;-23,409854;-51,87960863;"SPRF-PR";"DEL09-PR";"UOP01-DEL09-PR"
419808;2022-03-10;"quinta-feira";"23:30:00";"SC";470;204;"PONTE ALTA";"Objeto estático sobre o leito carroçável";"Colisão com objeto";"Com Vítimas Feridas";"Plena Noite";"Decrescente";"Garoa/Chuvisco";"Simples";"Reta";"Não";2;0;2;0;0;0;2;1;-27,289373;-50,166328;"SPRF-SC";"DEL05-SC";"UOP03-DEL05-SC"
419811;2022-03-11;"sexta-feira";"04:50:00";"PR";116;105;"SAO JOSE DOS PINHAIS";"Velocidade Incompatível";"Saída de leito carroçável";"Com Vítimas Feridas";"Plena Noite";"Crescente";"Nublado";"Dupla";"Declive;Reta";"Sim";1;0;0;1;0;0;1;1;-25,56635207;-49,16833598;"SPRF-PR";"DEL01-PR";"UOP01-DEL01-PR"
419813;2022-03-11;"sexta-feira";"05:40:00";"RJ";116;176;"NOVA IGUACU";"Condutor Dormindo";"Colisão traseira";"Com Vítimas Feridas";"Pleno dia";"Crescente";"Céu Claro";"Dupla";"Reta";"Sim";2;0;1;0;1;0;1;2;-22,7839538;-43,38195488;"SPRF-RJ";"DEL01-RJ";"UOP02-DEL01-RJ"
419816;2022-03-11;"sexta-feira";"05:50:00";"SE";101;93;"NOSSA SENHORA DO SOCORRO";"Demais falhas mecânicas ou elétricas";"Saída de leito carroçável";"Com Vítimas Feridas";"Pleno dia";"Crescente";"Céu Claro";"Dupla";"Rotatória";"Sim";1;0;1;0;0;0;1;1;-10,90212319;-37,14494787;"SPRF-SE";"DEL01-SE";"UOP01-DEL01-SE"
419818;2022-03-11;"sexta-feira";"06:00:00";"SC";101;139,4;"BALNEARIO CAMBORIU";"Ausência de reação do condutor";"Tombamento";"Com Vítimas Feridas";"Pleno dia";"Crescente";"Nublado";"Simples";"Reta";"Sim";1;0;1;0;0;0;1;1;-27,02982303;-48,60115006;"SPRF-SC";"DEL04-SC";"UOP03-DEL04-SC"
419820;2022-03-11;"sexta-feira";"06:20:00";"MG";381;481;"CONTAGEM";"Manobra de mudança de faixa";"Colisão lateral mesmo sentido";"Com Vítimas Feridas";"Pleno dia";"Crescente";"Céu Claro";"Múltipla";"Reta";"Sim";2;0;1;0;1;0;1;2;-19,95931561;-44,08825597;"SPRF-MG";"DEL01-MG";"UOP03-DEL01-MG"
419821;2022-03-11;"sexta-feira";"06:20:00";"RJ";101;12;"SEROPEDICA";"Velocidade Incompatível";"Saída de leito carroçável";"Com Vítimas Fatais";"Pleno dia";"Decrescente";"Céu Claro";"Simples";"Reta";"Sim";1;1;0;0;0;0;0;1;-22,791125;-43,65125;"SPRF-RJ";"DEL08-RJ";"UOP01-DEL08-RJ"
419823;2022-02-13;"domingo";"18:30:00";"PA";155;272;"ELDORADO DO CARAJAS";"Velocidade Incompatível";"Saída de leito carroçável";"Com Vítimas Feridas";"Plena Noite";"Decrescente";"Céu Claro";"Simples";"Aclive";"Não";4;0;4;0;0;0;4;1;-5,96484208;-49,22525375;"SPRF-PA";"DEL03-PA";"UOP01-DEL03-PA"
419824;2022-03-11;"sexta-feira";"06:10:00";"MS";60;402,5;"SIDROLANDIA";"Transitar na contramão";"Colisão frontal";"Com Vítimas Fatais";"Pleno dia";"Crescente";"Céu Claro";"Simples";"Reta";"Não";4;3;0;0;0;1;0;3;-20,81703589;-54,80153241;"SPRF-MS";"DEL01-MS";"UOP04-DEL01-MS"
419825;2022-03-10;"quinta-feira";"23:25:00";"PR";277;703;"SANTA TEREZINHA DE ITAIPU";"Ingestão de álcool pelo condutor";"Saída de leito carroçável";"Sem Vítimas";"Plena Noite";"Decrescente";"Garoa/Chuvisco";"Dupla";"Declive";"Não";1;0;0;0;1;0;0;1;-25,41299319;-54,33958791;"SPRF-PR";"DEL05-PR";"UOP01-DEL05-PR"
419826;2022-03-11;"sexta-feira";"07:05:00";"ES";101;255;"SERRA";"Ausência de reação do condutor";"Colisão traseira";"Sem Vítimas";"Pleno dia";"Crescente";"Céu Claro";"Simples";"Reta";"Não";3;0;0;0;3;0;0;3;-20,11487935;-40,31943619;"SPRF-ES";"DEL02-ES";"UOP01-DEL02-ES"
419827;2022-03-11;"sexta-feira";"06:00:00";"BA";110;286;"INHAMBUPE";"Reação tardia ou ineficiente do condutor";"Colisão transversal";"Com Vítimas Feridas";"Pleno dia";"Decrescente";"Céu Claro";"Simples";"Reta";"Não";2;0;0;1;1;0;1;2;-11,78646;-38,348278;"SPRF-BA";"DEL01-BA";"UOP04-DEL01-BA"
419829;2022-03-11;"sexta-feira";"07:20:00";"PR";277;113,2;"CAMPO LARGO";"Condutor deixou de manter distância do veículo da frente";"Colisão traseira";"Sem Vítimas";"Amanhecer";"Crescente";"Nublado";"Dupla";"Interseção de Vias";"Sim";3;0;0;0;3;0;0;3;-25,44657826;-49,48732495;"SPRF-PR";"DEL01-PR";"UOP03-DEL03-PR"
419833;2022-03-11;"sexta-feira";"06:58:00";"SP";116;142,3;"SAO JOSE DOS CAMPOS";"Reação tardia ou ineficiente do condutor";"Colisão traseira";"Com Vítimas Feridas";"Pleno dia";"Decrescente";"Céu Claro";"Dupla";"Aclive";"Sim";3;0;2;0;1;0;2;2;-23,17426078;-45,82940111;"SPRF-SP";"DEL02-SP";"UOP01-DEL02-SP"
419835;2022-03-11;"sexta-feira";"07:50:00";"RS";116;237;"NOVO HAMBURGO";"Condutor deixou de manter distância do veículo da frente";"Engavetamento";"Com Vítimas Feridas";"Pleno dia";"Crescente";"Chuva";"Dupla";"Reta";"Não";6;0;2;0;4;0;2;5;-29,67839398;-51,1422266;"SPRF-RS";"DEL01-RS";"UOP02-DEL01-RS"
419836;2022-03-11;"sexta-feira";"08:00:00";"CE";116;18;"FORTALEZA";"Condutor deixou de manter distância do veículo da frente";"Colisão traseira";"Com Vítimas Feridas";"Pleno dia";"Crescente";"Chuva";"Dupla";"Reta";"Sim";5;0;1;0;4;0;1;5;-3,90496605;-38,50518756;"SPRF-CE";"DEL01-CE";"UOP02-DEL01-CE"
419838;2022-03-11;"sexta-feira";"06:50:00";"SP";116;153;"SAO JOSE DOS CAMPOS";"Trafegar com motocicleta (ou similar) entre as faixas";"Tombamento";"Com Vítimas Feridas";"Pleno dia";"Crescente";"Céu Claro";"Simples";"Reta";"Não";1;0;1;0;0;0;1;1;-23,23262274;-45,91372624;"SPRF-SP";"DEL02-SP";"UOP01-DEL02-SP"
419841;2022-03-11;"sexta-feira";"07:30:00";"RO";364;716;"PORTO VELHO";"Condutor deixou de manter distância do veículo da frente";"Colisão traseira";"Com Vítimas Feridas";"Pleno dia";"Crescente";"Céu Claro";"Simples";"Reta";"Sim";2;0;0;1;1;0;1;2;-8,78573785;-63,89817015;"SPRF-RO";"DEL01-RO";"UOP01-DEL01-RO"
419842;2022-03-11;"sexta-feira";"08:00:00";"SC";101;210;"SAO JOSE";"Condutor deixou de manter distância do veículo da frente";"Colisão traseira";"Com Vítimas Feridas";"Pleno dia";"Decrescente";"Céu Claro";"Múltipla";"Reta";"Não";3;0;1;0;2;0;1;3;-27,6167305;-48,6457265;"SPRF-SC";"DEL01-SC";"UOP01-DEL01-SC"
419843;2022-03-11;"sexta-feira";"08:20:00";"SP";116;138,1;"SAO JOSE DOS CAMPOS";"Trafegar com motocicleta (ou similar) entre as faixas";"Colisão lateral mesmo sentido";"Com Vítimas Feridas";"Pleno dia";"Crescente";"Céu Claro";"Simples";"Reta";"Sim";2;0;1;0;1;0;1;2;-23,1572739;-45,79554605;"SPRF-SP";"DEL02-SP";"UOP01-DEL02-SP"
419845;2022-03-11;"sexta-feira";"08:10:00";"PI";343;4,5;"TERESINA";"Ausência de reação do condutor";"Colisão traseira";"Com Vítimas Feridas";"Pleno dia";"Decrescente";"Céu Claro";"Múltipla";"Reta";"Sim";3;0;1;1;1;0;2;2;-5,089569;-42,802288;"SPRF-PI";"DEL01-PI";"UOP01-DEL01-PI"
419846;2022-03-11;"sexta-feira";"07:10:00";"BA";116;808;"VITORIA DA CONQUISTA";"Acessar a via sem observar a presença dos outros veículos";"Colisão transversal";"Com Vítimas Feridas";"Pleno dia";"Crescente";"Céu Claro";"Simples";"Reta";"Não";3;0;2;1;0;0;3;2;-14,7433918;-40,66503611;"SPRF-BA";"DEL08-BA";"UOP01-DEL08-BA"
419847;2022-03-11;"sexta-feira";"07:55:00";"RS";470;226,6;"GARIBALDI";"Objeto estático sobre o leito carroçável";"Colisão com objeto";"Com Vítimas Feridas";"Pleno dia";"Crescente";"Chuva";"Simples";"Reta;Interseção de Vias;Declive";"Sim";2;0;1;0;1;0;1;2;-29,21556004;-51,51743821;"SPRF-RS";"DEL06-RS";"UOP01-DEL06-RS"
419849;2022-03-11;"sexta-feira";"08:20:00";"RS";116;252;"SAPUCAIA DO SUL";"Ausência de reação do condutor";"Colisão traseira";"Sem Vítimas";"Pleno dia";"Crescente";"Chuva";"Simples";"Reta";"Sim";3;0;0;0;2;1;0;3;-29,80429912;-51,16651882;"SPRF-RS";"DEL01-RS";"UOP02-DEL01-RS"
419851;2022-03-11;"sexta-feira";"08:30:00";"PR";116;9;"QUATRO BARRAS";"Demais falhas mecânicas ou elétricas";"Colisão com objeto";"Sem Vítimas";"Pleno dia";"Crescente";"Céu Claro";"Dupla";"Reta";"Sim";2;0;0;0;2;0;0;1;-25,37039689;-49,12639618;"SPRF-PR";"DEL01-PR";"UOP02-DEL01-PR"
419852;2022-02-07;"segunda-feira";"07:20:00";"RS";290;89;"PORTO ALEGRE";"Reação tardia ou ineficiente do condutor";"Engavetamento";"Com Vítimas Feridas";"Pleno dia";"Crescente";"Sol";"Múltipla";"Reta";"Não";6;0;1;2;3;0;3;4;-29,967892;-51,147331;"SPRF-RS";"DEL01-RS";"UOP01-DEL01-RS"
419854;2022-03-11;"sexta-feira";"06:20:00";"RN";110;46;"MOSSORO";"Animais na Pista";"Atropelamento de Animal";"Com Vítimas Feridas";"Pleno dia";"Decrescente";"Céu Claro";"Simples";"Reta";"Sim";1;0;0;1;0;0;1;1;-5,19797675;-37,31839819;"SPRF-RN";"DEL04-RN";"UOP01-DEL04-RN"
419856;2022-03-11;"sexta-feira";"08:30:00";"RS";285;364,7;"COLORADO";"Condutor deixou de manter distância do veículo da frente";"Colisão traseira";"Com Vítimas Feridas";"Pleno dia";"Decrescente";"Chuva";"Simples";"Reta";"Não";4;0;2;0;2;0;2;2;-28,384886;-53,010143;"SPRF-RS";"DEL08-RS";"UOP03-DEL08-RS"
419858;2022-03-11;"sexta-feira";"09:00:00";"RJ";101;320;"NITEROI";"Avarias e/ou desgaste excessivo no pneu";"Colisão com objeto";"Com Vítimas Feridas";"Pleno dia";"Crescente";"Céu Claro";"Dupla";"Curva";"Sim";3;0;0;2;0;1;2;2;-22,86171098;-43,10714015;"SPRF-RJ";"DEL02-RJ";"UOP01-DEL02-RJ"
419859;2022-03-11;"sexta-feira";"09:20:00";"SC";470;9;"NAVEGANTES";"Acessar a via sem observar a presença dos outros veículos";"Colisão transversal";"Com Vítimas Feridas";"Pleno dia";"Decrescente";"Céu Claro";"Simples";"Interseção de Vias";"Não";2;0;1;0;1;0;1;2;-26,833143;-48,727432;"SPRF-SC";"DEL04-SC";"UOP04-DEL04-SC"
419863;2022-03-11;"sexta-feira";"09:00:00";"RJ";356;152;"CAMPOS DOS GOYTACAZES";"Acessar a via sem observar a presença dos outros veículos";"Colisão transversal";"Sem Vítimas";"Pleno dia";"Crescente";"Sol";"Simples";"Reta";"Sim";2;0;0;0;1;1;0;2;-21,7588610555;-41,2530179595;"SPRF-RJ";"DEL08-RJ";"UOP02-DEL08-RJ"
419864;2022-03-11;"sexta-feira";"09:45:00";"SC";101;177,6;"BIGUACU";"Avarias e/ou desgaste excessivo no pneu";"Queda de ocupante de veículo";"Com Vítimas Feridas";"Pleno dia";"Crescente";"Céu Claro";"Dupla";"Reta";"Não";1;0;1;0;0;0;1;1;-27,35538202;-48,63241474;"SPRF-SC";"DEL01-SC";"UOP01-DEL01-SC"
419866;2022-03-11;"sexta-feira";"10:00:00";"MG";40;511,5;"RIBEIRAO DAS NEVES";"Demais falhas mecânicas ou elétricas";"Queda de ocupante de veículo";"Com Vítimas Feridas";"Pleno dia";"Crescente";"Céu Claro";"Dupla";"Reta";"Sim";1;0;1;0;0;0;1;1;-19,78164295;-44,11733194;"SPRF-MG";"DEL01-MG";"UOP02-DEL01-MG"
419867;2022-03-11;"sexta-feira";"08:30:00";"ES";101;13,6;"PEDRO CANARIO";"Reação tardia ou ineficiente do condutor";"Queda de ocupante de veículo";"Com Vítimas Feridas";"Pleno dia";"Crescente";"Céu Claro";"Simples";"Curva";"Não";1;0;1;0;0;0;1;1;-18,27406403;-39,9597724;"SPRF-ES";"DEL04-ES";"UOP02-DEL04-ES"
419868;2022-03-11;"sexta-feira";"07:30:00";"RO";364;342;"JI-PARANA";"Condutor deixou de manter distância do veículo da frente";"Colisão traseira";"Com Vítimas Feridas";"Pleno dia";"Crescente";"Chuva";"Simples";"Reta";"Sim";3;0;1;0;2;0;1;3;-10,88381227;-61,93741416;"SPRF-RO";"DEL02-RO";"UOP01-DEL02-RO"
419871;2022-03-11;"sexta-feira";"10:15:00";"PE";232;251;"ARCOVERDE";"Transitar na contramão";"Colisão transversal";"Com Vítimas Feridas";"Pleno dia";"Decrescente";"Céu Claro";"Simples";"Rotatória";"Sim";3;0;1;0;2;0;1;2;-8,429241;-37,060127;"SPRF-PE";"DEL03-PE";"UOP02-DEL03-PE"
419874;2022-03-11;"sexta-feira";"10:40:00";"GO";40;12;"LUZIANIA";"Acessar a via sem observar a presença dos outros veículos";"Colisão transversal";"Com Vítimas Feridas";"Pleno dia";"Decrescente";"Céu Claro";"Dupla";"Reta";"Sim";2;0;1;1;0;0;2;2;-16,14704748;-47,94326842;"SPRF-DF";"DEL01-DF";"UOP01-DEL01-DF"
419875;2022-03-11;"sexta-feira";"11:15:00";"SP";116;216;"GUARULHOS";"Avarias e/ou desgaste excessivo no pneu";"Tombamento";"Com Vítimas Feridas";"Pleno dia";"Crescente";"Nublado";"Dupla";"Reta";"Sim";1;0;1;0;0;0;1;1;-23,45056589;-46,46258105;"SPRF-SP";"DEL01-SP";"UOP01-DEL01-SP"
419876;2022-03-11;"sexta-feira";"10:40:00";"GO";153;495,6;"GOIANIA";"Condutor deixou de manter distância do veículo da frente";"Colisão traseira";"Com Vítimas Feridas";"Pleno dia";"Decrescente";"Sol";"Dupla";"Reta";"Sim";2;0;2;0;0;0;2;2;-16,6681;-49,2263;"SPRF-GO";"DEL01-GO";"UOP01-DEL01-GO"
419877;2022-03-11;"sexta-feira";"10:45:00";"PA";230;116;"MARABA";"Acessar a via sem observar a presença dos outros veículos";"Colisão transversal";"Sem Vítimas";"Pleno dia";"Crescente";"Chuva";"Dupla";"Declive;Reta;Retorno Regulamentado";"Sim";2;0;0;0;2;0;0;2;-5,35569904;-49,09047302;"SPRF-PA";"DEL03-PA";"UOP01-DEL03-PA"
419878;2022-03-11;"sexta-feira";"11:45:00";"RJ";116;79;"TERESOPOLIS";"Condutor deixou de manter distância do veículo da frente";"Colisão traseira";"Com Vítimas Feridas";"Pleno dia";"Decrescente";"Céu Claro";"Simples";"Reta";"Sim";2;0;1;0;1;0;1;2;-22,381704;-42,954777;"SPRF-RJ";"DEL04-RJ";"UOP01-DEL04-RJ"
419879;2022-03-11;"sexta-feira";"11:35:00";"SC";101;213,7;"PALHOCA";"Desrespeitar a preferência no cruzamento";"Colisão transversal";"Com Vítimas Feridas";"Pleno dia";"Decrescente";"Céu Claro";"Simples";"Interseção de Vias";"Sim";3;0;1;0;1;1;1;3;-27,63961239;-48,66660166;"SPRF-SC";"DEL01-SC";"UOP02-DEL01-SC"
419880;2022-03-11;"sexta-feira";"11:30:00";"ES";482;82,8;"ALEGRE";"Ausência de reação do condutor";"Tombamento";"Com Vítimas Feridas";"Pleno dia";"Crescente";"Céu Claro";"Simples";"Reta";"Sim";2;0;0;1;0;1;1;2;-20,7604621;-41,52317675;"SPRF-ES";"DEL03-ES";"UOP02-DEL03-ES"
419881;2022-03-08;"terça-feira";"19:10:00";"MS";60;414;"SIDROLANDIA";"Demais falhas mecânicas ou elétricas";"Incêndio";"Sem Vítimas";"Plena Noite";"Crescente";"Céu Claro";"Simples";"Reta";"Não";1;0;0;0;1;0;0;1;-20,89554922;-54,86568024;"SPRF-MS";"DEL01-MS";"UOP04-DEL01-MS"
419884;2022-03-11;"sexta-feira";"11:50:00";"MG";381;478;"CONTAGEM";"Condutor deixou de manter distância do veículo da frente";"Colisão traseira";"Com Vítimas Feridas";"Pleno dia";"Decrescente";"Sol";"Dupla";"Reta";"Sim";2;0;1;0;1;0;1;2;-19,95826094;-44,05921101;"SPRF-MG";"DEL01-MG";"UOP03-DEL01-MG"