"id";"data_inversa";"dia_semana";"horario";"uf";"br";"km";"municipio";"causa_acidente";"tipo_acidente";"classificacao_acidente";"fase_dia";"sentido_via";"condicao_metereologica";"tipo_pista";"tracado_via";"uso_solo";"pessoas";"mortos";"feridos_leves";"feridos_graves";"ilesos";"ignorados";"feridos";"veiculos";"latitude";"longitude";"regional";"delegacia";"uop"
419885;2022-01-23;"domingo";"08:50:00";"PE";424;54,1;"CAETES";"Transitar na contramão";"Colisão frontal";"Sem Vítimas";"Pleno dia";"Crescente";"Sol";"Simples";"Declive";"Não";2;0;0;0;1;1;0;2;-8,72983547;-36,75431311;"SPRF-PE";"DEL03-PE";"UOP01-DEL03-PE"
419891;2022-03-11;"sexta-feira";"07:30:00";"CE";116;338;"JAGUARIBE";"Pista esburacada";"Saída de leito carroçável";"Com Vítimas Feridas";"Amanhecer";"Crescente";"Nublado";"Simples";"Reta";"Não";5;0;1;0;3;1;1;2;-6,14292899;-38,6495453;"SPRF-CE";"DEL05-CE";"UOP02-DEL05-CE"
419892;2022-03-11;"sexta-feira";"12:10:00";"PR";467;108;"CASCAVEL";"Ausência de reação do condutor";"Saída de leito carroçável";"Com Vítimas Feridas";"Pleno dia";"Crescente";"Chuva";"Dupla";"Reta";"Não";1;0;1;0;0;0;1;1;-24,92152724;-53,47183228;"SPRF-PR";"DEL04-PR";"UOP01-DEL04-PR"
419893;2022-03-11;"sexta-feira";"12:45:00";"MG";40;586,5;"ITABIRITO";"Reação tardia ou ineficiente do condutor";"Saída de leito carroçável";"Com Vítimas Feridas";"Pleno dia";"Decrescente";"Chuva";"Simples";"Curva";"Não";3;0;1;2;0;0;3;1;-20,34175518;-43,92038073;"SPRF-MG";"DEL01-MG";"UOP02-DEL01-MG"
419894;2022-03-11;"sexta-feira";"10:00:00";"MG";354;703;"CAXAMBU";"Acessar a via sem observar a presença dos outros veículos";"Colisão transversal";"Com Vítimas Feridas";"Pleno dia";"Decrescente";"Céu Claro";"Simples";"Curva;Interseção de Vias";"Sim";2;0;1;0;1;0;1;2;-21,97540939;-44,92323124;"SPRF-MG";"DEL17-MG";"UOP01-DEL17-MG"
419895;2022-03-10;"quinta-feira";"22:00:00";"SC";282;568;"NOVA ERECHIM";"Desrespeitar a preferência no cruzamento";"Colisão transversal";"Com Vítimas Feridas";"Plena Noite";"Decrescente";"Chuva";"Simples";"Reta";"Não";2;0;1;0;1;0;1;2;-26,899681;-52,915756;"SPRF-SC";"DEL07-SC";"UOP02-DEL07-SC"
419897;2022-03-11;"sexta-feira";"13:00:00";"ES";101;271;"SERRA";"Acessar a via sem observar a presença dos outros veículos";"Colisão transversal";"Com Vítimas Feridas";"Pleno dia";"Crescente";"Céu Claro";"Simples";"Reta";"Sim";2;0;2;0;0;0;2;2;-20,23267;-40,27658;"SPRF-ES";"DEL02-ES";"UOP01-DEL02-ES"
419898;2022-01-17;"segunda-feira";"07:00:00";"MG";262;810;"UBERABA";"Ausência de reação do condutor";"Colisão traseira";"Com Vítimas Feridas";"Pleno dia";"Decrescente";"Céu Claro";"Dupla";"Reta";"Sim";6;0;1;0;5;0;1;3;-19,76911159;-47,980299;"SPRF-MG";"DEL13-MG";"UOP01-DEL13-MG"
419899;2022-03-11;"sexta-feira";"11:30:00";"PR";369;506;"CORBELIA";"Ultrapassagem Indevida";"Colisão lateral mesmo sentido";"Com Vítimas Feridas";"Pleno dia";"Crescente";"Chuva";"Simples";"Reta";"Não";3;0;2;0;1;0;2;1;-24,8326;-53,3005;"SPRF-PR";"DEL04-PR";"UOP03-DEL04-PR"
419900;2022-03-11;"sexta-feira";"13:15:00";"RN";304;34,3;"MOSSORO";"Acesso irregular";"Colisão lateral mesmo sentido";"Com Vítimas Feridas";"Pleno dia";"Crescente";"Céu Claro";"Dupla";"Reta";"Não";2;0;1;0;1;0;1;2;-5,15255798;-37,34873808;"SPRF-RN";"DEL04-RN";"UOP02-DEL04-RN"
419902;2022-01-08;"sábado";"14:00:00";"PI";230;168,4;"SAO JOAO DA VARJOTA";"Acessar a via sem observar a presença dos outros veículos";"Colisão transversal";"Com Vítimas Feridas";"Pleno dia";"Decrescente";"Sol";"Simples";"Reta";"Sim";2;0;1;1;0;0;2;2;-6,93248292;-41,88556502;"SPRF-PI";"DEL04-PI";"UOP01-DEL04-PI"
419903;2022-03-11;"sexta-feira";"14:00:00";"SP";116;37,8;"CACHOEIRA PAULISTA";"Chuva";"Colisão com objeto";"Com Vítimas Feridas";"Pleno dia";"Decrescente";"Chuva";"Dupla";"Curva";"Sim";3;0;1;0;2;0;1;3;-22,66497021;-44,98430985;"SPRF-SP";"DEL08-SP";"UOP02-DEL08-SP"
419906;2022-03-10;"quinta-feira";"22:00:00";"RR";174;339;"CARACARAI";"Reação tardia ou ineficiente do condutor";"Saída de leito carroçável";"Com Vítimas Feridas";"Pleno dia";"Crescente";"Céu Claro";"Simples";"Reta";"Não";1;0;0;1;0;0;1;1;1,636388;-61,03867;"SPRF-RR";"DEL01-RR";"UOP01-DEL01-RR"
419907;2022-03-11;"sexta-feira";"12:00:00";"PB";230;164,7;"CAMPINA GRANDE";"Animais na Pista";"Atropelamento de Animal";"Com Vítimas Feridas";"Pleno dia";"Crescente";"Céu Claro";"Simples";"Reta";"Não";1;0;1;0;0;0;1;1;-7,2128;-35,9499;"SPRF-PB";"DEL02-PB";"UOP01-DEL02-PB"
419908;2022-02-06;"domingo";"00:55:00";"TO";153;353;"FORTALEZA DO TABOCAO";"Ausência de reação do condutor";"Queda de ocupante de veículo";"Com Vítimas Feridas";"Plena Noite";"Decrescente";"Céu Claro";"Simples";"Reta";"Não";1;0;1;0;0;0;1;1;-9,00498696;-48,50141844;"SPRF-TO";"DEL02-TO";"UOP02-DEL02-TO"
419909;2022-03-11;"sexta-feira";"14:30:00";"DF";80;22;"BRASILIA";"Velocidade Incompatível";"Saída de leito carroçável";"Com Vítimas Feridas";"Pleno dia";"Crescente";"Nublado";"Simples";"Reta";"Não";3;0;1;0;2;0;1;1;-15,647892;-48,201756;"SPRF-DF";"DEL03-DF";"UOP02-DEL03-DF"
419910;2022-03-11;"sexta-feira";"10:40:00";"SP";381;76;"SAO PAULO";"Pista Escorregadia";"Colisão traseira";"Sem Vítimas";"Pleno dia";"Crescente";"Nublado";"Dupla";"Curva";"Não";2;0;0;0;1;1;0;2;-23,38372401;-46,56502116;"SPRF-SP";"DEL03-SP";"UOP01-DEL03-SP"
419911;2022-03-11;"sexta-feira";"13:15:00";"MG";262;579,1;"CORREGO DANTA";"Avarias e/ou desgaste excessivo no pneu";"Colisão com objeto";"Sem Vítimas";"Pleno dia";"Decrescente";"Chuva";"Simples";"Reta";"Não";1;0;0;0;1;0;0;1;-19,66704253;-46,05642815;"SPRF-MG";"DEL08-MG";"UOP02-DEL08-MG"
419913;2022-03-11;"sexta-feira";"15:00:00";"RJ";101;445;"MANGARATIBA";"Ausência de reação do condutor";"Saída de leito carroçável";"Com Vítimas Feridas";"Pleno dia";"Crescente";"Céu Claro";"Simples";"Reta";"Não";5;0;5;0;0;0;5;1;-22,99332083;-44,09244699;"SPRF-RJ";"DEL03-RJ";"UOP03-DEL03-RJ"
419914;2022-03-11;"sexta-feira";"14:35:00";"SC";282;54,3;"AGUAS MORNAS";"Reação tardia ou ineficiente do condutor";"Saída de leito carroçável";"Com Vítimas Feridas";"Pleno dia";"Crescente";"Garoa/Chuvisco";"Simples";"Curva";"Não";1;0;0;1;0;0;1;1;-27,685799;-48,974514;"SPRF-SC";"DEL01-SC";"UOP03-DEL01-SC"
419915;2022-03-05;"sábado";"17:45:00";"PR";373;236;"IMBITUVA";"Reação tardia ou ineficiente do condutor";"Saída de leito carroçável";"Com Vítimas Feridas";"Pleno dia";"Decrescente";"Céu Claro";"Simples";"Curva";"Não";1;0;1;0;0;0;1;1;-25,18059403;-50,72520901;"SPRF-PR";"DEL03-PR";"UOP04-DEL03-PR"
419918;2022-03-11;"sexta-feira";"13:30:00";"PR";163;35;"SANTO ANTONIO DO SUDOESTE";"Acessar a via sem observar a presença dos outros veículos";"Colisão transversal";"Com Vítimas Feridas";"Pleno dia";"Decrescente";"Chuva";"Simples";"Curva";"Não";3;0;1;0;2;0;1;2;-26,10526814;-53,70309816;"SPRF-PR";"DEL02-PR";"UOP02-DEL02-PR"
419920;2022-03-06;"domingo";"19:10:00";"PR";376;623;"SAO JOSE DOS PINHAIS";"Reação tardia ou ineficiente do condutor";"Colisão traseira";"Com Vítimas Feridas";"Plena Noite";"Decrescente";"Céu Claro";"Dupla";"Declive";"Não";3;0;2;0;1;0;2;2;-25,63462416;-49,16182135;"SPRF-PR";"DEL01-PR";"UOP04-DEL01-PR"
419923;2022-03-11;"sexta-feira";"08:05:00";"PR";116;200,7;"RIO NEGRO";"Reação tardia ou ineficiente do condutor";"Saída de leito carroçável";"Com Vítimas Feridas";"Pleno dia";"Decrescente";"Céu Claro";"Simples";"Declive";"Não";1;0;0;1;0;0;1;1;-26,03284086;-49,69000012;"SPRF-SC";"DEL06-SC";"UOP01-DEL06-SC"
419925;2022-02-25;"sexta-feira";"16:10:00";"TO";153;195;"NOVA OLINDA";"Acesso irregular";"Colisão frontal";"Com Vítimas Feridas";"Pleno dia";"Crescente";"Céu Claro";"Simples";"Reta";"Não";2;0;1;1;0;0;2;2;-7,60353185;-48,42417132;"SPRF-TO";"DEL02-TO";"UOP01-DEL02-TO"
419926;2022-03-11;"sexta-feira";"15:40:00";"AL";316;253,1;"PILAR";"Frear bruscamente";"Colisão traseira";"Com Vítimas Feridas";"Pleno dia";"Crescente";"Céu Claro";"Simples";"Reta";"Não";7;0;3;0;3;1;3;4;-9,57705312;-35,96271515;"SPRF-AL";"DEL02-AL";"UOP01-DEL02-AL"
419927;2022-03-11;"sexta-feira";"15:40:00";"PR";116;111,7;"SAO JOSE DOS PINHAIS";"Velocidade Incompatível";"Colisão com objeto";"Com Vítimas Feridas";"Pleno dia";"Crescente";"Sol";"Múltipla";"Reta";"Não";2;0;1;0;1;0;1;1;-25,56885181;-49,22724597;"SPRF-PR";"DEL01-PR";"UOP01-DEL01-PR"
419928;2022-03-11;"sexta-feira";"10:40:00";"MA";222;670;"ACAILANDIA";"Manobra de mudança de faixa";"Colisão frontal";"Sem Vítimas";"Pleno dia";"Crescente";"Céu Claro";"Simples";"Reta";"Sim";2;0;0;0;2;0;0;2;-4,939692;-47,463343;"SPRF-MA";"DEL04-MA";"UOP03-DEL04-MA"
419929;2022-03-11;"sexta-feira";"11:59:00";"MA";316;552,6;"CAXIAS";"Ingestão de álcool pelo condutor";"Queda de ocupante de veículo";"Com Vítimas Feridas";"Pleno dia";"Crescente";"Chuva";"Dupla";"Curva";"Sim";1;0;0;1;0;0;1;1;-4,882649;-43,345581;"SPRF-MA";"DEL03-MA";"UOP02-DEL03-MA"
419930;2022-03-11;"sexta-feira";"16:10:00";"ES";262;18,9;"VIANA";"Conversão proibida";"Colisão transversal";"Com Vítimas Feridas";"Pleno dia";"Crescente";"Sol";"Simples";"Reta";"Sim";2;0;0;1;1;0;1;2;-20,39137228;-40,48080285;"SPRF-ES";"DEL01-ES";"UOP01-DEL01-ES"
419933;2022-03-11;"sexta-feira";"16:20:00";"PR";476;138,2;"CURITIBA";"Ausência de reação do condutor";"Colisão traseira";"Com Vítimas Feridas";"Pleno dia";"Crescente";"Céu Claro";"Múltipla";"Interseção de Vias";"Sim";3;0;2;0;1;0;2;3;-25,505564;-49,283417;"SPRF-PR";"DEL01-PR";"UOP03-DEL01-PR"
419935;2022-03-11;"sexta-feira";"16:52:00";"SP";116;221;"GUARULHOS";"Ausência de reação do condutor";"Colisão lateral mesmo sentido";"Com Vítimas Feridas";"Pleno dia";"Decrescente";"Céu Claro";"Múltipla";"Reta";"Não";2;0;1;0;1;0;1;2;-23,46802395;-46,50704901;"SPRF-SP";"DEL01-SP";"UOP01-DEL01-SP"
419936;2022-01-12;"quarta-feira";"15:20:00";"BA";407;131;"SENHOR DO BONFIM";"Animais na Pista";"Queda de ocupante de veículo";"Com Vítimas Feridas";"Pleno dia";"Decrescente";"Ignorado";"Simples";"Reta";"Não";4;0;0;1;0;3;1;2;-10,48949981;-40,16378403;"SPRF-BA";"DEL04-BA";"UOP01-DEL04-BA"
419937;2022-03-11;"sexta-feira";"16:00:00";"MG";40;518;"RIBEIRAO DAS NEVES";"Afundamento ou ondulação no pavimento";"Queda de ocupante de veículo";"Com Vítimas Feridas";"Pleno dia";"Decrescente";"Céu Claro";"Dupla";"Reta";"Sim";2;0;2;0;0;0;2;1;-19,8321242;-44,08208533;"SPRF-MG";"DEL01-MG";"UOP02-DEL01-MG"
419939;2022-03-11;"sexta-feira";"16:30:00";"RS";392;90,4;"PELOTAS";"Reação tardia ou ineficiente do condutor";"Saída de leito carroçável";"Com Vítimas Feridas";"Pleno dia";"Crescente";"Sol";"Simples";"Curva;Declive";"Não";1;0;1;0;0;0;1;1;-31,60582993;-52,51771893;"SPRF-RS";"DEL07-RS";"UOP01-DEL07-RS"
419940;2022-03-11;"sexta-feira";"16:30:00";"GO";153;201;"URUACU";"Ingestão de álcool pelo condutor";"Saída de leito carroçável";"Com Vítimas Feridas";"Pleno dia";"Decrescente";"Nublado";"Simples";"Reta";"Sim";1;0;0;1;0;0;1;1;-14,519629;-49,154972;"SPRF-GO";"DEL07-GO";"UOP02-DEL07-GO"
419941;2022-03-11;"sexta-feira";"17:20:00";"SP";116;212;"GUARULHOS";"Manobra de mudança de faixa";"Colisão lateral mesmo sentido";"Com Vítimas Feridas";"Pleno dia";"Decrescente";"Céu Claro";"Múltipla";"Reta";"Sim";2;0;1;0;1;0;1;2;-23,43608315;-46,42805094;"SPRF-SP";"DEL01-SP";"UOP01-DEL01-SP"
419942;2022-03-11;"sexta-feira";"17:05:00";"SC";101;401,4;"MARACAJA";"Manobra de mudança de faixa";"Colisão com objeto";"Com Vítimas Feridas";"Pleno dia";"Decrescente";"Chuva";"Dupla";"Reta";"Sim";4;0;1;0;2;1;1;3;-28,85594274;-49,44019434;"SPRF-SC";"DEL02-SC";"UOP02-DEL02-SC"
419943;2022-03-11;"sexta-feira";"16:20:00";"DF";0;0;"BRASILIA";"Acumulo de água sobre o pavimento";"Colisão com objeto";"Sem Vítimas";"Pleno dia";"Não Informado";"Chuva";"Dupla";"Reta";"Sim";6;0;0;0;4;2;0;2;-15,94224503;-47,98845291;"SPRF-DF";"N/A";"N/A"
419944;2022-03-11;"sexta-feira";"14:40:00";"MS";0;0;"GUIA LOPES DA LAGUNA";"Ausência de reação do condutor";"Colisão lateral mesmo sentido";"Sem Vítimas";"Pleno dia";"Não Informado";"Chuva";"Simples";"Em Obras";"Não";3;0;0;0;3;0;0;2;-21,334503;-56,178466;"SPRF-MS";"DEL05-MS";"UOP01-DEL05-MS"
419945;2022-03-11;"sexta-feira";"16:40:00";"MG";381;414,9;"NOVA UNIAO";"Demais falhas na via";"Tombamento";"Com Vítimas Feridas";"Pleno dia";"Crescente";"Céu Claro";"Dupla";"Reta";"Sim";1;0;0;1;0;0;1;1;-19,7440281;-43,61553391;"SPRF-MG";"DEL01-MG";"UOP01-DEL01-MG"
419947;2022-03-11;"sexta-feira";"17:40:00";"RS";116;293;"GUAIBA";"Transitar na contramão";"Saída de leito carroçável";"Com Vítimas Feridas";"Pleno dia";"Crescente";"Céu Claro";"Dupla";"Reta";"Não";5;0;3;2;0;0;5;3;-30,06190803;-51,33968194;"SPRF-RS";"DEL02-RS";"UOP01-DEL02-RS"
419949;2022-03-11;"sexta-feira";"17:00:00";"SC";282;33;"AGUAS MORNAS";"Condutor deixou de manter distância do veículo da frente";"Engavetamento";"Sem Vítimas";"Pleno dia";"Decrescente";"Garoa/Chuvisco";"Simples";"Reta";"Não";3;0;0;0;3;0;0;3;-27,706587;-48,808144;"SPRF-SC";"DEL01-SC";"UOP03-DEL01-SC"
419950;2022-03-11;"sexta-feira";"14:05:00";"SC";470;291,4;"BRUNOPOLIS";"Acessar a via sem observar a presença dos outros veículos";"Colisão transversal";"Com Vítimas Feridas";"Pleno dia";"Decrescente";"Céu Claro";"Simples";"Interseção de Vias";"Não";3;0;2;0;1;0;2;2;-27,33555628;-50,95982552;"SPRF-SC";"DEL07-SC";"UOP06-DEL07-SC"
419952;2022-03-11;"sexta-feira";"17:30:00";"MG";116;765,5;"LEOPOLDINA";"Desrespeitar a preferência no cruzamento";"Colisão transversal";"Com Vítimas Feridas";"Pleno dia";"Crescente";"Céu Claro";"Simples";"Interseção de Vias";"Sim";2;0;1;0;1;0;1;2;-21,5197389;-42,6491103;"SPRF-MG";"DEL07-MG";"UOP01-DEL07-MG"
419953;2022-03-11;"sexta-feira";"17:50:00";"PI";343;342;"TERESINA";"Condutor deixou de manter distância do veículo da frente";"Colisão traseira";"Com Vítimas Feridas";"Plena Noite";"Decrescente";"Chuva";"Dupla";"Rotatória";"Sim";3;0;1;0;2;0;1;2;-5,08229873;-42,75023818;"SPRF-PI";"DEL01-PI";"UOP01-DEL01-PI"
419954;2022-03-11;"sexta-feira";"18:00:00";"PB";230;342,6;"PATOS";"Ultrapassagem Indevida";"Colisão frontal";"Com Vítimas Feridas";"Plena Noite";"Crescente";"Céu Claro";"Simples";"Reta";"Não";2;0;1;0;0;1;1;2;-6,9895;-37,3234;"SPRF-PB";"DEL03-PB";"UOP01-DEL03-PB"
419955;2022-03-11;"sexta-feira";"18:10:00";"BA";101;508;"ITABUNA";"Condutor deixou de manter distância do veículo da frente";"Colisão traseira";"Com Vítimas Feridas";"Plena Noite";"Crescente";"Céu Claro";"Simples";"Reta";"Não";2;0;0;1;1;0;1;2;-14,97000197;-39,31996203;"SPRF-BA";"DEL05-BA";"UOP01-DEL05-BA"
419958;2022-03-11;"sexta-feira";"18:20:00";"SC";101;232;"PALHOCA";"Manobra de mudança de faixa";"Colisão lateral mesmo sentido";"Com Vítimas Feridas";"Plena Noite";"Crescente";"Chuva";"Dupla";"Declive";"Não";2;0;1;0;1;0;1;2;-27,795666;-48,638153;"SPRF-SC";"DEL01-SC";"UOP02-DEL01-SC"
419959;2022-03-11;"sexta-feira";"17:15:00";"PR";272;416;"JANIOPOLIS";"Velocidade Incompatível";"Saída de leito carroçável";"Com Vítimas Feridas";"Pleno dia";"Decrescente";"Garoa/Chuvisco";"Simples";"Aclive";"Não";1;0;0;1;0;0;1;1;-24,1353877;-52,8356251;"SPRF-PR";"DEL09-PR";"UOP03-DEL09-PR"
419960;2022-03-11;"sexta-feira";"10:30:00";"SC";282;135,3;"BOM RETIRO";"Transitar na contramão";"Colisão frontal";"Com Vítimas Feridas";"Pleno dia";"Crescente";"Céu Claro";"Simples";"Curva";"Não";3;0;1;2;0;0;3;2;-27,81854405;-49,55104351;"SPRF-SC";"DEL05-SC";"UOP01-DEL05-SC"
419963;2022-03-11;"sexta-feira";"19:05:00";"TO";153;151,5;"ARAGUAINA";"Ingestão de álcool pelo condutor";"Colisão frontal";"Com Vítimas Fatais";"Plena Noite";"Crescente";"Nublado";"Simples";"Reta";"Não";4;2;0;0;1;1;0;3;-7,25638791;-48,25895421;"SPRF-TO";"DEL02-TO";"UOP01-DEL02-TO"
419964;2022-03-11;"sexta-feira";"18:20:00";"PB";230;71;"SOBRADO";"Reação tardia ou ineficiente do condutor";"Tombamento";"Com Vítimas Feridas";"Plena Noite";"Crescente";"Céu Claro";"Dupla";"Em Obras;Desvio Temporário";"Não";2;0;1;0;0;1;1;2;-7,1913;-35,2333;"SPRF-PB";"DEL01-PB";"UOP03-DEL01-PB"
419965;2022-03-11;"sexta-feira";"18:00:00";"BA";110;6,8;"PAULO AFONSO";"Animais na Pista";"Atropelamento de Animal";"Com Vítimas Feridas";"Plena Noite";"Crescente";"Céu Claro";"Simples";"Reta";"Não";1;0;1;0;0;0;1;1;-9,50555005;-38,21663173;"SPRF-BA";"DEL07-BA";"UOP01-DEL07-BA"
419966;2022-03-11;"sexta-feira";"18:00:00";"ES";262;27;"VIANA";"Transitar na contramão";"Colisão frontal";"Com Vítimas Feridas";"Plena Noite";"Crescente";"Céu Claro";"Simples";"Curva";"Não";6;0;0;4;1;1;4;3;-20,38398959;-40,55226465;"SPRF-ES";"DEL01-ES";"UOP01-DEL01-ES"
419968;2022-03-11;"sexta-feira";"18:00:00";"RJ";116;170;"SAO JOAO DE MERITI";"Trafegar com motocicleta (ou similar) entre as faixas";"Colisão lateral mesmo sentido";"Com Vítimas Feridas";"Anoitecer";"Crescente";"Sol";"Dupla";"Reta";"Sim";2;0;1;0;1;0;1;2;-22,78517944;-43,37927386;"SPRF-RJ";"DEL01-RJ";"UOP02-DEL01-RJ"
419970;2022-03-11;"sexta-feira";"19:40:00";"PR";277;1;"PARANAGUA";"Acessar a via sem observar a presença dos outros veículos";"Colisão transversal";"Com Vítimas Feridas";"Plena Noite";"Decrescente";"Nublado";"Simples";"Reta";"Sim";2;0;1;0;1;0;1;2;-25,53009562;-48,54849279;"SPRF-PR";"DEL01-PR";"UOP05-DEL01-PR"
419972;2022-03-11;"sexta-feira";"19:20:00";"PE";232;408,1;"SERRA TALHADA";"Acessar a via sem observar a presença dos outros veículos";"Colisão lateral mesmo sentido";"Com Vítimas Feridas";"Plena Noite";"Decrescente";"Nublado";"Simples";"Reta";"Não";3;0;2;0;1;0;2;2;-7,98371447;-38,28047709;"SPRF-PE";"DEL04-PE";"UOP01-DEL04-PE"
419973;2022-03-11;"sexta-feira";"20:00:00";"RS";290;111;"ELDORADO DO SUL";"Condutor deixou de manter distância do veículo da frente";"Colisão traseira";"Sem Vítimas";"Plena Noite";"Crescente";"Nublado";"Dupla";"Reta";"Não";2;0;0;0;2;0;0;2;-30,040455;-51,329193;"SPRF-RS";"DEL02-RS";"UOP01-DEL02-RS"
419974;2022-03-11;"sexta-feira";"18:00:00";"SC";101;381,1;"ICARA";"Chuva";"Saída de leito carroçável";"Sem Vítimas";"Pleno dia";"Crescente";"Chuva";"Dupla";"Reta";"Sim";1;0;0;0;0;1;0;1;-28,75478409;-49,27732095;"SPRF-SC";"DEL02-SC";"UOP02-DEL02-SC"
419976;2022-03-11;"sexta-feira";"19:15:00";"MT";163;841;"SINOP";"Acessar a via sem observar a presença dos outros veículos";"Colisão traseira";"Com Vítimas Feridas";"Plena Noite";"Crescente";"Céu Claro";"Simples";"Reta";"Sim";5;0;1;0;4;0;1;2;-11,93347098;-55,51404107;"SPRF-MT";"DEL06-MT";"NPF/DEL06-MT"
419977;2022-03-11;"sexta-feira";"17:45:00";"MG";262;452;"NOVA SERRANA";"Ingestão de álcool pelo condutor";"Colisão transversal";"Com Vítimas Feridas";"Anoitecer";"Crescente";"Céu Claro";"Simples";"Reta";"Não";3;0;0;1;2;0;1;2;-19,84104034;-45,04838388;"SPRF-MG";"DEL08-MG";"UOP03-DEL08-MG"
419978;2022-02-11;"sexta-feira";"10:55:00";"RO";174;14;"VILHENA";"Condutor deixou de manter distância do veículo da frente";"Colisão traseira";"Com Vítimas Feridas";"Pleno dia";"Decrescente";"Céu Claro";"Dupla";"Reta";"Sim";3;0;1;1;1;0;2;2;-12,73306632;-60,12981255;"SPRF-RO";"DEL04-RO";"UOP01-DEL04-RO"
419982;2022-03-11;"sexta-feira";"20:20:00";"ES";101;278,5;"SERRA";"Ausência de reação do condutor";"Queda de ocupante de veículo";"Com Vítimas Feridas";"Plena Noite";"Decrescente";"Céu Claro";"Dupla";"Reta";"Não";2;0;2;0;0;0;2;1;-20,21698365;-40,32974606;"SPRF-ES";"DEL02-ES";"UOP01-DEL02-ES"
419983;2022-03-11;"sexta-feira";"21:00:00";"RS";480;71,6;"ERECHIM";"Desrespeitar a preferência no cruzamento";"Colisão frontal";"Com Vítimas Feridas";"Plena Noite";"Decrescente";"Garoa/Chuvisco";"Simples";"Interseção de Vias";"Sim";4;0;2;1;1;0;3;2;-27,6399839;-52,30602492;"SPRF-RS";"DEL08-RS";"UOP04-DEL08-RS"
419984;2022-03-11;"sexta-feira";"21:00:00";"RJ";116;279,1;"BARRA MANSA";"Reação tardia ou ineficiente do condutor";"Saída de leito carroçável";"Com Vítimas Feridas";"Plena Noite";"Crescente";"Nublado";"Dupla";"Curva";"Não";1;0;1;0;0;0;1;1;-22,54744306;-44,1836602;"SPRF-RJ";"DEL07-RJ";"UOP02-DEL07-RJ"
419986;2022-03-11;"sexta-feira";"20:40:00";"ES";262;46,7;"MARECHAL FLORIANO";"Acessar a via sem observar a presença dos outros veículos";"Colisão frontal";"Com Vítimas Feridas";"Plena Noite";"Decrescente";"Céu Claro";"Simples";"Interseção de Vias;Retorno Regulamentado";"Sim";3;0;1;1;1;0;2;2;-20,41130252;-40,67926543;"SPRF-ES";"DEL01-ES";"UOP01-DEL01-ES"
419987;2022-03-11;"sexta-feira";"20:40:00";"RJ";101;221;"SILVA JARDIM";"Retorno proibido";"Colisão transversal";"Com Vítimas Feridas";"Plena Noite";"Crescente";"Céu Claro";"Dupla";"Reta";"Não";5;0;3;0;2;0;3;2;-22,51705995;-42,32715501;"SPRF-RJ";"DEL02-RJ";"UOP03-DEL02-RJ"
419988;2022-03-11;"sexta-feira";"21:30:00";"RJ";40;113;"DUQUE DE CAXIAS";"Demais falhas mecânicas ou elétricas";"Incêndio";"Sem Vítimas";"Plena Noite";"Crescente";"Céu Claro";"Simples";"Retorno Regulamentado";"Sim";1;0;0;0;1;0;0;1;-22,70948502;-43,29040354;"SPRF-RJ";"DEL01-RJ";"UOP01-DEL01-RJ"
419989;2022-03-11;"sexta-feira";"20:40:00";"MS";376;78;"DEODAPOLIS";"Ausência de reação do condutor";"Saída de leito carroçável";"Com Vítimas Feridas";"Plena Noite";"Crescente";"Garoa/Chuvisco";"Simples";"Reta";"Não";1;0;1;0;0;0;1;1;-22,31084111;-54,18334178;"SPRF-MS";"DEL04-MS";"UOP04-DEL04-MS"
419990;2022-03-11;"sexta-feira";"18:45:00";"RJ";465;22;"RIO DE JANEIRO";"Acessar a via sem observar a presença dos outros veículos";"Colisão transversal";"Com Vítimas Feridas";"Plena Noite";"Decrescente";"Nublado";"Simples";"Reta";"Sim";3;0;1;0;2;0;1;2;-22,863579;-43,601479;"SPRF-RJ";"DEL03-RJ";"UOP01-DEL03-RJ"
419991;2022-03-11;"sexta-feira";"21:50:00";"MA";10;246;"IMPERATRIZ";"Demais falhas na via";"Queda de ocupante de veículo";"Com Vítimas Feridas";"Plena Noite";"Crescente";"Nublado";"Simples";"Reta";"Sim";1;0;0;1;0;0;1;1;-5,581313;-47,438831;"SPRF-MA";"DEL04-MA";"UOP01-DEL04-MA"
419993;2022-03-11;"sexta-feira";"16:10:00";"SC";470;122,5;"IBIRAMA";"Reação tardia ou ineficiente do condutor";"Colisão frontal";"Com Vítimas Feridas";"Pleno dia";"Decrescente";"Garoa/Chuvisco";"Simples";"Curva";"Não";5;0;1;0;4;0;1;4;-27,099888;-49,527679;"SPRF-SC";"DEL04-SC";"UOP02-DEL04-SC"
419998;2022-03-11;"sexta-feira";"17:50:00";"MG";116;366,9;"FREI INOCENCIO";"Velocidade Incompatível";"Colisão transversal";"Com Vítimas Feridas";"Anoitecer";"Crescente";"Céu Claro";"Simples";"Reta";"Não";5;0;0;4;1;0;4;2;-18,50765094;-41,87950721;"SPRF-MG";"DEL11-MG";"UOP01-DEL11-MG"
419999;2022-03-11;"sexta-feira";"21:00:00";"PR";116;7;"CAMPINA GRANDE DO SUL";"Chuva";"Colisão lateral mesmo sentido";"Com Vítimas Feridas";"Plena Noite";"Crescente";"Chuva";"Dupla";"Aclive";"Não";3;0;3;0;0;0;3;2;-25,08235366;-48,61499799;"SPRF-PR";"DEL01-PR";"UOP02-DEL01-PR"