"id";"data_inversa";"dia_semana";"horario";"uf";"br";"km";"municipio";"causa_acidente";"tipo_acidente";"classificacao_acidente";"fase_dia";"sentido_via";"condicao_metereologica";"tipo_pista";"tracado_via";"uso_solo";"pessoas";"mortos";"feridos_leves";"feridos_graves";"ilesos";"ignorados";"feridos";"veiculos";"latitude";"longitude";"regional";"delegacia";"uop"
420000;2022-03-11;"sexta-feira";"22:00:00";"PR";116;3,8;"CAMPINA GRANDE DO SUL";"Velocidade Incompatível";"Saída de leito carroçável";"Com Vítimas Feridas";"Plena Noite";"Decrescente";"Chuva";"Dupla";"Curva";"Não";5;0;3;1;1;0;4;1;-25,07272052;-48,58583635;"SPRF-PR";"DEL01-PR";"UOP02-DEL01-PR"
420001;2022-03-11;"sexta-feira";"22:10:00";"MG";365;415;"PATOS DE MINAS";"Acessar a via sem observar a presença dos outros veículos";"Colisão transversal";"Com Vítimas Feridas";"Plena Noite";"Decrescente";"Céu Claro";"Simples";"Reta;Aclive";"Não";1;0;1;0;0;0;1;1;-18,6806709;-46,56168902;"SPRF-MG";"DEL10-MG";"UOP01-DEL10-MG"
420002;2022-03-11;"sexta-feira";"23:30:00";"SC";470;137,9;"RIO DO SUL";"Transitar na contramão";"Colisão frontal";"Com Vítimas Feridas";"Plena Noite";"Crescente";"Chuva";"Simples";"Reta";"Não";2;0;0;1;1;0;1;2;-27,203201;-49,635063;"SPRF-SC";"DEL04-SC";"UOP02-DEL04-SC"
420003;2022-03-11;"sexta-feira";"23:30:00";"SP";116;214;"GUARULHOS";"Ausência de reação do condutor";"Colisão com objeto";"Com Vítimas Fatais";"Plena Noite";"Decrescente";"Nublado";"Dupla";"Reta";"Sim";1;1;0;0;0;0;0;1;-23,44333014;-46,44531294;"SPRF-SP";"DEL01-SP";"UOP01-DEL01-SP"
420004;2022-03-11;"sexta-feira";"18:30:00";"RO";364;10,7;"VILHENA";"Transitar na contramão";"Colisão frontal";"Com Vítimas Fatais";"Anoitecer";"Crescente";"Nublado";"Simples";"Curva";"Sim";2;1;0;0;1;0;0;2;-12,7477279;-60,110373;"SPRF-RO";"DEL04-RO";"UOP01-DEL04-RO"
420005;2022-03-11;"sexta-feira";"22:30:00";"PR";373;198,7;"IPIRANGA";"Ingestão de álcool pelo condutor";"Colisão frontal";"Com Vítimas Feridas";"Plena Noite";"Crescente";"Garoa/Chuvisco";"Simples";"Reta;Aclive";"Não";3;0;0;1;2;0;1;2;-25,0806043;-50,4041882;"SPRF-PR";"DEL03-PR";"UOP01-DEL03-PR"
420007;2022-03-12;"sábado";"00:00:00";"SP";116;217;"GUARULHOS";"Acessar a via sem observar a presença dos outros veículos";"Colisão traseira";"Com Vítimas Feridas";"Plena Noite";"Decrescente";"Céu Claro";"Múltipla";"Reta";"Sim";3;0;1;0;2;0;1;2;-23,45423824;-46,47119028;"SPRF-SP";"DEL01-SP";"UOP01-DEL01-SP"
420008;2022-03-11;"sexta-feira";"16:20:00";"MG";116;412;"GOVERNADOR VALADARES";"Acessar a via sem observar a presença dos outros veículos";"Colisão transversal";"Com Vítimas Feridas";"Pleno dia";"Crescente";"Céu Claro";"Dupla";"Reta";"Sim";2;0;0;1;1;0;1;2;-18,86882342;-41,97144241;"SPRF-MG";"DEL06-MG";"UOP01-DEL06-MG"
420010;2022-03-12;"sábado";"00:20:00";"SP";153;116;"UBARANA";"Deficiência do Sistema de Iluminação/Sinalização";"Colisão traseira";"Sem Vítimas";"Plena Noite";"Crescente";"Nublado";"Simples";"Reta";"Não";2;0;0;0;2;0;0;2;-21,1375408;-49,69894942;"SPRF-SP";"DEL09-SP";"UOP01-DEL09-SP"
420012;2022-03-12;"sábado";"00:05:00";"MG";40;521;"CONTAGEM";"Acessar a via sem observar a presença dos outros veículos";"Colisão transversal";"Com Vítimas Feridas";"Plena Noite";"Crescente";"Céu Claro";"Dupla";"Retorno Regulamentado;Reta";"Sim";4;0;1;1;0;2;2;4;-19,85367266;-44,0725565;"SPRF-MG";"DEL01-MG";"UOP02-DEL01-MG"
420013;2022-03-12;"sábado";"00:10:00";"MS";163;384;"NOVA ALVORADA DO SUL";"Chuva";"Saída de leito carroçável";"Com Vítimas Feridas";"Plena Noite";"Crescente";"Chuva";"Simples";"Reta";"Não";1;0;0;1;0;0;1;1;-21,30668005;-54,43246116;"SPRF-MS";"DEL02-MS";"UOP01-DEL02-MS"
420014;2022-03-12;"sábado";"00:40:00";"CE";20;422;"MARACANAU";"Ingestão de álcool pelo condutor";"Colisão lateral mesmo sentido";"Sem Vítimas";"Plena Noite";"Crescente";"Céu Claro";"Dupla";"Reta";"Sim";2;0;0;0;2;0;0;2;-3,76999035;-38,67006282;"SPRF-CE";"DEL01-CE";"UOP02-DEL01-CE"
420016;2022-03-12;"sábado";"01:10:00";"RS";116;235,1;"NOVO HAMBURGO";"Acumulo de areia ou detritos sobre o pavimento";"Tombamento";"Com Vítimas Feridas";"Plena Noite";"Decrescente";"Nublado";"Dupla";"Reta";"Sim";2;0;1;1;0;0;2;1;-29,65461366;-51,14444733;"SPRF-RS";"DEL01-RS";"UOP02-DEL01-RS"
420017;2022-03-12;"sábado";"00:50:00";"MG";146;471,9;"BANDEIRA DO SUL";"Velocidade Incompatível";"Saída de leito carroçável";"Com Vítimas Feridas";"Plena Noite";"Crescente";"Nublado";"Simples";"Curva";"Não";1;0;1;0;0;0;1;1;-21,703893;-46,428465;"SPRF-MG";"DEL09-MG";"UOP01-DEL09-MG"
420018;2022-03-11;"sexta-feira";"23:50:00";"BA";235;350;"JUAZEIRO";"Ingestão de álcool pelo condutor";"Queda de ocupante de veículo";"Com Vítimas Feridas";"Plena Noite";"Crescente";"Céu Claro";"Simples";"Rotatória";"Sim";1;0;1;0;0;0;1;1;-9,42503135;-40,50388907;"SPRF-PE";"DEL06-PE";"UOP01-DEL06-PE"
420019;2022-03-12;"sábado";"00:40:00";"MS";158;91;"PARANAIBA";"Ausência de reação do condutor";"Saída de leito carroçável";"Com Vítimas Feridas";"Plena Noite";"Decrescente";"Chuva";"Dupla";"Rotatória;Aclive";"Não";1;0;1;0;0;0;1;1;-19,656206;-51,203968;"SPRF-MS";"DEL08-MS";"UOP01-DEL08-MS"
420021;2022-03-12;"sábado";"01:15:00";"GO";153;540,8;"HIDROLANDIA";"Ausência de reação do condutor";"Saída de leito carroçável";"Com Vítimas Feridas";"Plena Noite";"Decrescente";"Nublado";"Dupla";"Curva";"Não";1;0;1;0;0;0;1;1;-17,0547;-49,2269;"SPRF-GO";"DEL01-GO";"UOP03-DEL01-GO"
420023;2022-03-12;"sábado";"01:40:00";"RJ";101;514;"ANGRA DOS REIS";"Reação tardia ou ineficiente do condutor";"Colisão lateral sentido oposto";"Com Vítimas Feridas";"Plena Noite";"Crescente";"Nublado";"Simples";"Reta";"Não";4;0;1;0;3;0;1;3;-22,97997014;-44,44098498;"SPRF-RJ";"DEL03-RJ";"UOP02-DEL03-RJ"
420025;2022-03-11;"sexta-feira";"23:40:00";"RJ";465;20;"NOVA IGUACU";"Conversão proibida";"Colisão frontal";"Com Vítimas Feridas";"Plena Noite";"Crescente";"Céu Claro";"Simples";"Reta";"Sim";3;0;0;2;1;0;2;2;-22,846828;-43,605339;"SPRF-RJ";"DEL03-RJ";"UOP01-DEL03-RJ"
420026;2022-03-12;"sábado";"03:00:00";"MG";381;511,9;"SAO JOAQUIM DE BICAS";"Condutor Dormindo";"Saída de leito carroçável";"Com Vítimas Feridas";"Plena Noite";"Crescente";"Céu Claro";"Dupla";"Declive;Reta";"Sim";1;0;1;0;0;0;1;1;-20,08463223;-44,3099407;"SPRF-MG";"DEL01-MG";"UOP03-DEL01-MG"
420027;2022-03-11;"sexta-feira";"20:05:00";"SC";101;199;"SAO JOSE";"Chuva";"Saída de leito carroçável";"Com Vítimas Feridas";"Plena Noite";"Crescente";"Chuva";"Dupla";"Reta";"Sim";1;0;1;0;0;0;1;1;-27,53413705;-48,63003205;"SPRF-SC";"DEL01-SC";"UOP01-DEL01-SC"
420029;2022-03-11;"sexta-feira";"13:20:00";"SC";101;327;"CAPIVARI DE BAIXO";"Ausência de reação do condutor";"Colisão traseira";"Com Vítimas Feridas";"Pleno dia";"Crescente";"Céu Claro";"Simples";"Reta";"Sim";2;0;1;0;1;0;1;2;-28,43023306;-48,95205197;"SPRF-SC";"DEL02-SC";"UOP01-DEL02-SC"
420030;2022-03-12;"sábado";"03:30:00";"BA";101;925;"MUCURI";"Velocidade Incompatível";"Capotamento";"Com Vítimas Feridas";"Plena Noite";"Crescente";"Céu Claro";"Simples";"Reta";"Não";1;0;1;0;0;0;1;1;-18,12239798;-39,89045705;"SPRF-BA";"DEL09-BA";"UOP02-DEL09-BA"
420031;2022-03-12;"sábado";"02:00:00";"MG";40;521;"CONTAGEM";"Frear bruscamente";"Saída de leito carroçável";"Com Vítimas Feridas";"Plena Noite";"Decrescente";"Céu Claro";"Dupla";"Reta";"Sim";1;0;1;0;0;0;1;1;-19,85651501;-44,07213222;"SPRF-MG";"DEL01-MG";"UOP02-DEL01-MG"
420032;2022-03-11;"sexta-feira";"20:05:00";"SC";101;322,5;"PESCARIA BRAVA";"Avarias e/ou desgaste excessivo no pneu";"Colisão com objeto";"Com Vítimas Feridas";"Plena Noite";"Crescente";"Chuva";"Múltipla";"Reta";"Não";3;0;2;0;1;0;2;1;-28,42491971;-48,90238108;"SPRF-SC";"DEL02-SC";"UOP01-DEL02-SC"
420033;2022-03-12;"sábado";"03:52:00";"RS";116;297;"GUAIBA";"Ingestão de álcool pelo condutor";"Saída de leito carroçável";"Sem Vítimas";"Plena Noite";"Crescente";"Nublado";"Dupla";"Reta";"Não";1;0;0;0;1;0;0;1;-30,09753097;-51,34302937;"SPRF-RS";"DEL02-RS";"UOP01-DEL02-RS"
420039;2022-03-12;"sábado";"05:28:00";"MG";381;501;"BETIM";"Ingestão de álcool pelo condutor";"Colisão frontal";"Com Vítimas Feridas";"Amanhecer";"Decrescente";"Céu Claro";"Dupla";"Reta";"Sim";2;0;0;2;0;0;2;2;-20,02513493;-44,23112709;"SPRF-MG";"DEL01-MG";"UOP03-DEL01-MG"
420040;2022-03-12;"sábado";"02:40:00";"MG";40;510;"RIBEIRAO DAS NEVES";"Ausência de reação do condutor";"Colisão traseira";"Com Vítimas Feridas";"Plena Noite";"Decrescente";"Céu Claro";"Dupla";"Reta";"Sim";4;0;0;2;1;1;2;3;-19,77463885;-44,12321882;"SPRF-MG";"DEL01-MG";"UOP02-DEL01-MG"
420042;2022-03-12;"sábado";"05:25:00";"RS";116;297;"GUAIBA";"Ingestão de álcool pelo condutor";"Saída de leito carroçável";"Sem Vítimas";"Plena Noite";"Crescente";"Céu Claro";"Dupla";"Reta";"Não";1;0;0;0;1;0;0;1;-30,09753097;-51,34302937;"SPRF-RS";"DEL02-RS";"UOP01-DEL02-RS"
420045;2022-03-12;"sábado";"05:30:00";"PE";428;34;"OROCO";"Manobra de mudança de faixa";"Colisão frontal";"Com Vítimas Feridas";"Amanhecer";"Crescente";"Céu Claro";"Simples";"Reta";"Não";2;0;1;1;0;0;2;2;-8,5320588;-39,51148312;"SPRF-PE";"DEL05-PE";"UOP03-DEL05-PE"
420047;2022-03-12;"sábado";"05:15:00";"SC";101;137;"BALNEARIO CAMBORIU";"Desrespeitar a preferência no cruzamento";"Colisão transversal";"Com Vítimas Feridas";"Amanhecer";"Decrescente";"Garoa/Chuvisco";"Múltipla";"Reta";"Sim";3;0;0;1;2;0;1;3;-27,0157238;-48,61192763;"SPRF-SC";"DEL04-SC";"UOP03-DEL04-SC"
420048;2022-03-12;"sábado";"04:30:00";"SP";381;38;"ATIBAIA";"Chuva";"Colisão traseira";"Sem Vítimas";"Plena Noite";"Decrescente";"Chuva";"Dupla";"Reta";"Sim";2;0;0;0;0;2;0;2;-23,1133221;-46,57174974;"SPRF-SP";"DEL03-SP";"UOP01-DEL03-SP"
420049;2022-03-12;"sábado";"03:45:00";"SP";116;314,5;"JUQUITIBA";"Pedestre cruzava a pista fora da faixa";"Atropelamento de Pedestre";"Com Vítimas Fatais";"Plena Noite";"Decrescente";"Chuva";"Dupla";"Reta";"Não";2;1;0;0;0;1;0;2;-23,89562822;-46,98556063;"SPRF-SP";"DEL04-SP";"UOP01-DEL04-SP"
420050;2022-03-12;"sábado";"04:50:00";"RJ";40;121;"DUQUE DE CAXIAS";"Pedestre cruzava a pista fora da faixa";"Atropelamento de Pedestre";"Com Vítimas Feridas";"Amanhecer";"Decrescente";"Céu Claro";"Dupla";"Reta";"Sim";2;0;0;1;0;1;1;2;-22,78185499;-43,28571273;"SPRF-RJ";"DEL01-RJ";"UOP01-DEL01-RJ"
420052;2022-03-12;"sábado";"05:40:00";"PR";376;5;"MANDAGUARI";"Ingestão de álcool pelo condutor";"Colisão frontal";"Com Vítimas Feridas";"Amanhecer";"Crescente";"Céu Claro";"Simples";"Reta";"Sim";2;0;1;1;0;0;2;2;-23,547966;-51,671265;"SPRF-PR";"DEL09-PR";"UOP01-DEL09-PR"
420053;2022-03-08;"terça-feira";"20:00:00";"RJ";101;314;"SAO GONCALO";"Demais falhas mecânicas ou elétricas";"Queda de ocupante de veículo";"Com Vítimas Feridas";"Plena Noite";"Crescente";"Céu Claro";"Dupla";"Reta";"Sim";2;0;1;0;1;0;1;1;-22,81648739;-43,07728467;"SPRF-RJ";"DEL02-RJ";"UOP02-DEL02-RJ"
420060;2022-03-12;"sábado";"06:30:00";"PR";373;176;"PONTA GROSSA";"Reação tardia ou ineficiente do condutor";"Colisão traseira";"Sem Vítimas";"Pleno dia";"Crescente";"Céu Claro";"Dupla";"Reta";"Sim";2;0;0;0;2;0;0;2;-25,05627337;-50,22582921;"SPRF-PR";"DEL03-PR";"UOP01-DEL03-PR"
420061;2022-03-12;"sábado";"04:40:00";"MS";163;722;"COXIM";"Ingestão de álcool e/ou substâncias psicoativas pelo pedestre";"Saída de leito carroçável";"Sem Vítimas";"Amanhecer";"Decrescente";"Céu Claro";"Simples";"Reta";"Não";1;0;0;0;1;0;0;1;-18,57649004;-54,76393093;"SPRF-MS";"DEL06-MS";"UOP01-DEL06-MS"
420064;2022-03-12;"sábado";"06:00:00";"MS";463;2;"DOURADOS";"Reação tardia ou ineficiente do condutor";"Saída de leito carroçável";"Sem Vítimas";"Amanhecer";"Crescente";"Céu Claro";"Simples";"Reta";"Não";1;0;0;0;1;0;0;1;-22,2591541;-54,823354;"SPRF-MS";"DEL04-MS";"UOP01-DEL04-MS"
420066;2022-03-12;"sábado";"06:40:00";"MG";262;795;"UBERABA";"Reação tardia ou ineficiente do condutor";"Saída de leito carroçável";"Sem Vítimas";"Amanhecer";"Decrescente";"Garoa/Chuvisco";"Simples";"Reta";"Não";1;0;0;0;1;0;0;1;-19,76934407;-47,89804799;"SPRF-MG";"DEL13-MG";"UOP01-DEL13-MG"
420070;2022-03-12;"sábado";"07:38:00";"SC";282;560;"NOVA ITABERABA";"Acessar a via sem observar a presença dos outros veículos";"Colisão lateral mesmo sentido";"Com Vítimas Feridas";"Pleno dia";"Decrescente";"Céu Claro";"Simples";"Aclive";"Não";3;0;1;0;2;0;1;2;-26,927135;-52,856205;"SPRF-SC";"DEL07-SC";"UOP01-DEL07-SC"
420071;2022-03-12;"sábado";"06:45:00";"MG";381;654,5;"SANTO ANTONIO DO AMPARO";"Velocidade Incompatível";"Capotamento";"Com Vítimas Feridas";"Pleno dia";"Decrescente";"Nublado";"Dupla";"Reta;Declive";"Não";1;0;1;0;0;0;1;1;-20,99437964;-44,96041633;"SPRF-MG";"DEL04-MG";"UOP02-DEL04-MG"
420073;2022-03-12;"sábado";"07:40:00";"MG";116;418,4;"GOVERNADOR VALADARES";"Ultrapassagem Indevida";"Saída de leito carroçável";"Com Vítimas Feridas";"Pleno dia";"Decrescente";"Céu Claro";"Simples";"Reta";"Sim";2;0;1;0;1;0;1;2;-18,91059296;-41,94156567;"SPRF-MG";"DEL06-MG";"UOP01-DEL06-MG"
420075;2022-03-12;"sábado";"08:40:00";"SC";101;3,7;"GARUVA";"Velocidade Incompatível";"Saída de leito carroçável";"Com Vítimas Feridas";"Pleno dia";"Decrescente";"Chuva";"Dupla";"Curva";"Não";1;0;1;0;0;0;1;1;-26,00380807;-48,87233005;"SPRF-SC";"DEL03-SC";"UOP01-DEL03-SC"
420077;2022-03-12;"sábado";"08:25:00";"SP";381;74;"SAO PAULO";"Pista Escorregadia";"Tombamento";"Com Vítimas Feridas";"Pleno dia";"Crescente";"Chuva";"Múltipla";"Curva";"Não";2;0;1;0;1;0;1;1;-23,37208014;-46,55700294;"SPRF-SP";"DEL03-SP";"UOP01-DEL03-SP"
420078;2022-03-12;"sábado";"05:35:00";"MG";381;624;"OLIVEIRA";"Condutor Dormindo";"Tombamento";"Com Vítimas Feridas";"Amanhecer";"Decrescente";"Nublado";"Dupla";"Reta";"Não";1;0;1;0;0;0;1;1;-20,80183136;-44,79001522;"SPRF-MG";"DEL04-MG";"UOP01-DEL04-MG"
420079;2022-03-12;"sábado";"04:34:00";"SC";101;119,2;"ITAJAI";"Velocidade Incompatível";"Colisão traseira";"Com Vítimas Feridas";"Plena Noite";"Crescente";"Céu Claro";"Múltipla";"Reta";"Não";2;0;1;0;1;0;1;2;-26,9043179;-48,71555481;"SPRF-SC";"DEL04-SC";"UOP04-DEL04-SC"
420080;2022-03-11;"sexta-feira";"23:20:00";"MT";163;512;"DIAMANTINO";"Ausência de reação do condutor";"Saída de leito carroçável";"Com Vítimas Feridas";"Plena Noite";"Crescente";"Chuva";"Simples";"Reta";"Não";1;0;1;0;0;0;1;1;-14,36651039;-56,14013672;"SPRF-MT";"DEL01-MT";"UOP01-DEL01-MT"
420081;2022-03-12;"sábado";"08:40:00";"GO";364;386;"SANTA RITA DO ARAGUAIA";"Acessar a via sem observar a presença dos outros veículos";"Colisão lateral mesmo sentido";"Com Vítimas Feridas";"Pleno dia";"Crescente";"Céu Claro";"Dupla";"Curva";"Sim";2;0;1;0;1;0;1;2;-17,329039;-53,203724;"SPRF-GO";"DEL05-GO";"UOP01-DEL05-GO"
420082;2022-03-12;"sábado";"08:20:00";"SP";381;61;"MAIRIPORA";"Reação tardia ou ineficiente do condutor";"Colisão com objeto";"Sem Vítimas";"Pleno dia";"Decrescente";"Garoa/Chuvisco";"Dupla";"Curva";"Não";1;0;0;0;1;0;0;1;-23,29011611;-46,5800681;"SPRF-SP";"DEL03-SP";"UOP01-DEL03-SP"
420084;2022-03-12;"sábado";"09:50:00";"SP";116;487;"CAJATI";"Reação tardia ou ineficiente do condutor";"Colisão com objeto";"Com Vítimas Feridas";"Pleno dia";"Decrescente";"Nublado";"Dupla";"Ponte";"Sim";2;0;1;0;0;1;1;2;-24,73077286;-48,09771538;"SPRF-SP";"DEL05-SP";"UOP01-DEL05-SP"
420085;2022-03-12;"sábado";"08:20:00";"SP";381;74;"SAO PAULO";"Pista Escorregadia";"Saída de leito carroçável";"Com Vítimas Feridas";"Pleno dia";"Decrescente";"Garoa/Chuvisco";"Dupla";"Curva";"Não";3;0;3;0;0;0;3;1;-23,37208014;-46,55700294;"SPRF-SP";"DEL03-SP";"UOP01-DEL03-SP"
420089;2022-03-12;"sábado";"07:40:00";"RJ";101;323;"NITEROI";"Condutor deixou de manter distância do veículo da frente";"Colisão traseira";"Com Vítimas Feridas";"Pleno dia";"Decrescente";"Céu Claro";"Múltipla";"Ponte";"Não";3;0;2;0;1;0;2;2;-22,87684786;-43,11728689;"SPRF-RJ";"DEL02-RJ";"UOP01-DEL02-RJ"
420090;2022-03-12;"sábado";"07:30:00";"MG";381;405;"BOM JESUS DO AMPARO";"Obras na pista";"Colisão com objeto";"Com Vítimas Feridas";"Pleno dia";"Decrescente";"Sol";"Simples";"Reta;Declive;Em Obras";"Não";3;0;2;1;0;0;3;1;-19,74358347;-43,55101725;"SPRF-MG";"DEL01-MG";"UOP01-DEL01-MG"
420092;2022-03-12;"sábado";"09:30:00";"PR";116;7;"CAMPINA GRANDE DO SUL";"Chuva";"Colisão com objeto";"Com Vítimas Feridas";"Pleno dia";"Crescente";"Garoa/Chuvisco";"Dupla";"Curva";"Não";1;0;1;0;0;0;1;1;-25,08269747;-48,61213088;"SPRF-PR";"DEL01-PR";"UOP02-DEL01-PR"
420093;2022-03-12;"sábado";"10:30:00";"ES";101;392,3;"RIO NOVO DO SUL";"Desrespeitar a preferência no cruzamento";"Colisão transversal";"Com Vítimas Feridas";"Pleno dia";"Decrescente";"Sol";"Simples";"Rotatória";"Não";5;0;3;0;2;0;3;2;-20,86733567;-40,90426608;"SPRF-ES";"DEL03-ES";"UOP02-DEL03-ES"
420094;2022-03-08;"terça-feira";"20:30:00";"PA";0;0;"ALMEIRIM";"Objeto estático sobre o leito carroçável";"Colisão com objeto";"Sem Vítimas";"Plena Noite";"Não Informado";"Chuva";"Simples";"Curva;Declive";"Não";3;0;0;0;3;0;0;2;-0,84366948;-52,7244241;"SPRF-AP";"DEL01-AP";"UOP01-DEL01-AP"
420097;2022-02-21;"segunda-feira";"04:00:00";"SC";101;231,2;"PALHOCA";"Condutor Dormindo";"Saída de leito carroçável";"Com Vítimas Feridas";"Plena Noite";"Crescente";"Céu Claro";"Dupla";"Reta";"Não";2;0;1;1;0;0;2;1;-27,78669984;-48,6356424;"SPRF-SC";"DEL01-SC";"UOP02-DEL01-SC"
420098;2022-03-12;"sábado";"11:15:00";"SC";101;203;"SAO JOSE";"Problema com o freio";"Queda de ocupante de veículo";"Com Vítimas Feridas";"Pleno dia";"Decrescente";"Chuva";"Dupla";"Curva";"Sim";1;0;1;0;0;0;1;1;-27,5650044;-48,61460082;"SPRF-SC";"DEL01-SC";"UOP01-DEL01-SC"
420103;2022-03-12;"sábado";"05:00:00";"GO";60;299,1;"ACREUNA";"Reação tardia ou ineficiente do condutor";"Colisão com objeto";"Com Vítimas Feridas";"Amanhecer";"Crescente";"Chuva";"Dupla";"Retorno Regulamentado";"Não";2;0;2;0;0;0;2;1;-17,3572;-50,3304;"SPRF-GO";"DEL04-GO";"UOP01-DEL04-GO"
420105;2022-03-12;"sábado";"12:10:00";"GO";40;0,5;"VALPARAISO DE GOIAS";"Manobra de mudança de faixa";"Colisão lateral mesmo sentido";"Com Vítimas Feridas";"Pleno dia";"Crescente";"Nublado";"Simples";"Reta";"Sim";2;0;1;0;1;0;1;2;-16,058273;-47,982655;"SPRF-DF";"DEL01-DF";"UOP01-DEL01-DF"
420107;2022-03-12;"sábado";"12:25:00";"SP";153;66,9;"SAO JOSE DO RIO PRETO";"Reação tardia ou ineficiente do condutor";"Saída de leito carroçável";"Com Vítimas Feridas";"Pleno dia";"Decrescente";"Sol";"Dupla";"Curva";"Sim";1;0;1;0;0;0;1;1;-20,84208514;-49,37074279;"SPRF-SP";"DEL09-SP";"UOP01-DEL09-SP"
420108;2022-03-12;"sábado";"12:20:00";"RS";116;253;"SAPUCAIA DO SUL";"Acessar a via sem observar a presença dos outros veículos";"Colisão transversal";"Sem Vítimas";"Pleno dia";"Decrescente";"Céu Claro";"Dupla";"Reta";"Sim";3;0;0;0;3;0;0;2;-29,81784209;-51,16996166;"SPRF-RS";"DEL01-RS";"UOP02-DEL01-RS"
420110;2022-03-12;"sábado";"12:50:00";"SP";381;68;"MAIRIPORA";"Acumulo de água sobre o pavimento";"Tombamento";"Com Vítimas Feridas";"Pleno dia";"Decrescente";"Céu Claro";"Dupla";"Curva";"Não";1;0;1;0;0;0;1;1;-23,34043796;-46,57433588;"SPRF-SP";"DEL03-SP";"UOP01-DEL03-SP"
420111;2022-03-12;"sábado";"09:00:00";"RS";290;622;"ALEGRETE";"Animais na Pista";"Atropelamento de Animal";"Sem Vítimas";"Pleno dia";"Decrescente";"Céu Claro";"Simples";"Reta";"Não";2;0;0;0;2;0;0;1;-29,973207;-56,140786;"SPRF-RS";"DEL13-RS";"UOP02-DEL13-RS"
420113;2022-03-04;"sexta-feira";"20:50:00";"GO";60;171;"GOIANIA";"Pista Escorregadia";"Engavetamento";"Com Vítimas Feridas";"Plena Noite";"Crescente";"Chuva";"Simples";"Reta";"Sim";2;0;0;1;1;0;1;2;-16,7333;-49,3996;"SPRF-GO";"DEL01-GO";"UOP02-DEL01-GO"
420114;2022-03-12;"sábado";"12:25:00";"PR";369;180;"ARAPONGAS";"Retorno proibido";"Colisão lateral mesmo sentido";"Com Vítimas Feridas";"Pleno dia";"Crescente";"Céu Claro";"Dupla";"Declive;Reta";"Sim";4;0;2;1;1;0;3;3;-23,37708344;-51,41546845;"SPRF-PR";"DEL07-PR";"UOP02-DEL07-PR"
420115;2022-03-12;"sábado";"12:00:00";"SC";101;119,3;"ITAJAI";"Manobra de mudança de faixa";"Colisão lateral mesmo sentido";"Com Vítimas Feridas";"Pleno dia";"Crescente";"Nublado";"Dupla";"Reta";"Não";2;0;1;0;1;0;1;2;-26,9043179;-48,71555481;"SPRF-SC";"DEL04-SC";"UOP04-DEL04-SC"
420116;2022-03-12;"sábado";"12:50:00";"CE";116;32,9;"AQUIRAZ";"Ausência de reação do condutor";"Colisão traseira";"Com Vítimas Feridas";"Pleno dia";"Crescente";"Céu Claro";"Dupla";"Reta";"Não";2;0;0;1;1;0;1;2;-4,02676186;-38,51392889;"SPRF-CE";"DEL01-CE";"UOP02-DEL01-CE"
420117;2022-03-12;"sábado";"13:15:00";"SC";280;28,5;"ARAQUARI";"Conversão proibida";"Colisão transversal";"Com Vítimas Feridas";"Pleno dia";"Crescente";"Chuva";"Simples";"Reta";"Sim";2;0;1;0;1;0;1;2;-26,40450077;-48,74561031;"SPRF-SC";"DEL03-SC";"UOP03-DEL03-SC"
420118;2022-03-12;"sábado";"13:40:00";"SC";101;192;"BIGUACU";"Pista Escorregadia";"Colisão com objeto";"Com Vítimas Feridas";"Pleno dia";"Crescente";"Chuva";"Dupla";"Curva";"Sim";1;0;1;0;0;0;1;1;-27,48443781;-48,64765238;"SPRF-SC";"DEL01-SC";"UOP01-DEL01-SC"
420120;2022-03-12;"sábado";"11:00:00";"MG";116;508,2;"UBAPORANGA";"Acessar a via sem observar a presença dos outros veículos";"Colisão transversal";"Com Vítimas Feridas";"Pleno dia";"Crescente";"Céu Claro";"Simples";"Interseção de Vias";"Não";2;0;1;1;0;0;2;2;-19,62776197;-42,10624519;"SPRF-MG";"DEL06-MG";"UOP02-DEL06-MG"
420121;2022-03-12;"sábado";"13:20:00";"PR";376;175,8;"MARINGA";"Manobra de mudança de faixa";"Colisão lateral mesmo sentido";"Com Vítimas Feridas";"Pleno dia";"Crescente";"Chuva";"Múltipla";"Reta";"Não";2;0;1;0;0;1;1;2;-23,4113569;-51,9407767;"SPRF-PR";"DEL09-PR";"UOP01-DEL09-PR"
420122;2022-03-12;"sábado";"11:55:00";"MG";364;36;"FRUTAL";"Reação tardia ou ineficiente do condutor";"Colisão traseira";"Com Vítimas Feridas";"Pleno dia";"Decrescente";"Sol";"Simples";"Reta";"Não";2;0;1;0;1;0;1;2;-19,984351;-48,957723;"SPRF-MG";"DEL13-MG";"UOP02-DEL13-MG"
420123;2022-03-02;"quarta-feira";"17:30:00";"MS";163;680;"RIO VERDE DE MATO GROSSO";"Ausência de reação do condutor";"Tombamento";"Com Vítimas Feridas";"Anoitecer";"Crescente";"Céu Claro";"Dupla";"Reta";"Sim";1;0;1;0;0;0;1;1;-18,93486649;-54,83825684;"SPRF-MS";"DEL06-MS";"UOP02-DEL06-MS"
420124;2022-03-12;"sábado";"06:00:00";"RR";174;210;"RORAINOPOLIS";"Ingestão de álcool pelo condutor";"Saída de leito carroçável";"Com Vítimas Fatais";"Amanhecer";"Crescente";"Céu Claro";"Simples";"Reta";"Sim";1;1;0;0;0;0;0;1;0,927564;-60,429466;"SPRF-RR";"DEL01-RR";"UOP01-DEL01-RR"
420125;2022-03-12;"sábado";"13:50:00";"PB";101;60;"SANTA RITA";"Ausência de reação do condutor";"Queda de ocupante de veículo";"Com Vítimas Feridas";"Pleno dia";"Decrescente";"Céu Claro";"Dupla";"Aclive";"Não";1;0;1;0;0;0;1;1;-7,00141407;-35,06459811;"SPRF-PB";"DEL01-PB";"UOP04-DEL01-PB"