"id";"data_inversa";"dia_semana";"horario";"uf";"br";"km";"municipio";"causa_acidente";"tipo_acidente";"classificacao_acidente";"fase_dia";"sentido_via";"condicao_metereologica";"tipo_pista";"tracado_via";"uso_solo";"pessoas";"mortos";"feridos_leves";"feridos_graves";"ilesos";"ignorados";"feridos";"veiculos";"latitude";"longitude";"regional";"delegacia";"uop"
420441;2022-03-13;"domingo";"20:40:00";"PR";116;4,9;"QUATRO BARRAS";"Ingestão de álcool pelo condutor";"Saída de leito carroçável";"Sem Vítimas";"Plena Noite";"Decrescente";"Chuva";"Simples";"Curva";"Sim";1;0;0;0;0;1;0;1;-25,3629;-49,0822;"SPRF-PR";"DEL01-PR";"UOP02-DEL01-PR"
420442;2022-03-13;"domingo";"21:40:00";"CE";20;406,6;"CAUCAIA";"Conversão proibida";"Colisão frontal";"Com Vítimas Feridas";"Plena Noite";"Decrescente";"Nublado";"Simples";"Curva";"Sim";2;0;1;0;1;0;1;2;-3,76999035;-38,67006282;"SPRF-CE";"DEL01-CE";"UOP01-DEL01-CE"
420443;2022-03-13;"domingo";"22:00:00";"RS";468;97,5;"TRES PASSOS";"Acessar a via sem observar a presença dos outros veículos";"Colisão transversal";"Com Vítimas Feridas";"Plena Noite";"Decrescente";"Céu Claro";"Simples";"Interseção de Vias";"Não";3;0;3;0;0;0;3;2;-27,47870502;-53,91031202;"SPRF-RS";"DEL08-RS";"UOP02-DEL08-RS"
420444;2022-03-13;"domingo";"19:40:00";"RJ";101;297;"ITABORAI";"Ingestão de álcool pelo condutor";"Colisão lateral mesmo sentido";"Sem Vítimas";"Plena Noite";"Crescente";"Nublado";"Simples";"Declive";"Sim";2;0;0;0;2;0;0;2;-22,76942037;-42,91873581;"SPRF-RJ";"DEL02-RJ";"UOP02-DEL02-RJ"
420445;2022-03-13;"domingo";"19:10:00";"SC";163;71,7;"SAO MIGUEL DO OESTE";"Pedestre cruzava a pista fora da faixa";"Atropelamento de Pedestre";"Com Vítimas Feridas";"Anoitecer";"Decrescente";"Céu Claro";"Simples";"Reta";"Sim";2;0;0;1;1;0;1;2;-26,72772401;-53,51281303;"SPRF-SC";"DEL07-SC";"UOP03-DEL07-SC"
420446;2022-03-13;"domingo";"22:15:00";"SE";101;98,5;"SAO CRISTOVAO";"Ingestão de álcool pelo condutor";"Colisão com objeto";"Com Vítimas Feridas";"Plena Noite";"Decrescente";"Céu Claro";"Dupla";"Aclive;Reta";"Não";2;0;1;0;0;1;1;1;-10,92816408;-37,18223095;"SPRF-SE";"DEL02-SE";"UOP01-DEL02-SE"
420448;2022-03-13;"domingo";"21:00:00";"PI";316;7,8;"TERESINA";"Reação tardia ou ineficiente do condutor";"Colisão com objeto";"Com Vítimas Feridas";"Plena Noite";"Crescente";"Céu Claro";"Múltipla";"Viaduto;Declive;Interseção de Vias";"Sim";1;0;1;0;0;0;1;1;-5,15584638;-42,77173332;"SPRF-PI";"DEL01-PI";"UOP02-DEL01-PI"
420449;2022-03-13;"domingo";"16:50:00";"SC";116;270;"CAPAO ALTO";"Acumulo de água sobre o pavimento";"Saída de leito carroçável";"Sem Vítimas";"Anoitecer";"Decrescente";"Chuva";"Simples";"Reta";"Não";2;0;0;0;2;0;0;1;-27,97013579;-50,50274223;"SPRF-SC";"DEL05-SC";"UOP02-DEL05-SC"
420450;2022-03-13;"domingo";"18:20:00";"MT";70;376;"CAMPO VERDE";"Condutor deixou de manter distância do veículo da frente";"Colisão traseira";"Com Vítimas Feridas";"Plena Noite";"Crescente";"Céu Claro";"Simples";"Reta";"Sim";3;0;2;0;1;0;2;2;-15,49268776;-55,08985972;"SPRF-MT";"DEL05-MT";"UOP02-DEL05-MT"
420451;2022-03-13;"domingo";"21:45:00";"MG";365;607;"UBERLANDIA";"Condutor deixou de manter distância do veículo da frente";"Colisão traseira";"Sem Vítimas";"Plena Noite";"Crescente";"Céu Claro";"Simples";"Reta";"Não";2;0;0;0;1;1;0;2;-18,9050152;-48,164666;"SPRF-MG";"DEL15-MG";"UOP01-DEL15-MG"
420452;2022-03-13;"domingo";"21:00:00";"PI";316;8;"TERESINA";"Iluminação deficiente";"Tombamento";"Com Vítimas Feridas";"Plena Noite";"Crescente";"Céu Claro";"Múltipla";"Reta";"Sim";1;0;0;1;0;0;1;1;-5,16483402;-42,76899508;"SPRF-PI";"DEL01-PI";"UOP02-DEL01-PI"
420453;2022-03-13;"domingo";"22:20:00";"ES";101;268;"SERRA";"Desrespeitar a preferência no cruzamento";"Atropelamento de Pedestre";"Com Vítimas Feridas";"Plena Noite";"Crescente";"Céu Claro";"Dupla";"Reta";"Sim";3;0;2;0;1;0;2;2;-20,20842;-40,269405;"SPRF-ES";"DEL02-ES";"UOP01-DEL02-ES"
420454;2022-03-13;"domingo";"22:05:00";"GO";40;104,5;"CRISTALINA";"Condutor Dormindo";"Colisão traseira";"Sem Vítimas";"Plena Noite";"Crescente";"Céu Claro";"Simples";"Reta";"Não";2;0;0;0;2;0;0;2;-16,815263;-47,557063;"SPRF-DF";"DEL01-DF";"UOP02-DEL01-DF"
420456;2022-03-13;"domingo";"22:45:00";"DF";251;14;"BRASILIA";"Condutor Dormindo";"Queda de ocupante de veículo";"Com Vítimas Feridas";"Plena Noite";"Decrescente";"Céu Claro";"Simples";"Reta";"Não";1;0;0;1;0;0;1;1;-15,946637;-47,601704;"SPRF-DF";"DEL01-DF";"UOP01-DEL01-DF"
420457;2022-03-13;"domingo";"22:00:00";"PB";101;81;"BAYEUX";"Ingestão de álcool pelo condutor";"Colisão traseira";"Com Vítimas Feridas";"Plena Noite";"Crescente";"Céu Claro";"Dupla";"Aclive;Reta";"Sim";4;0;2;1;1;0;3;2;-7,12764666;-34,9402678;"SPRF-PB";"DEL01-PB";"UOP01-DEL01-PB"
420459;2022-03-13;"domingo";"22:00:00";"RJ";101;479;"ANGRA DOS REIS";"Condutor Dormindo";"Colisão com objeto";"Com Vítimas Feridas";"Plena Noite";"Decrescente";"Nublado";"Simples";"Curva";"Não";4;0;4;0;0;0;4;1;-23,00854164;-44,27562028;"SPRF-RJ";"DEL03-RJ";"UOP03-DEL03-RJ"
420460;2022-03-13;"domingo";"23:34:00";"RN";406;151,1;"CEARA-MIRIM";"Ingestão de álcool pelo condutor";"Colisão frontal";"Sem Vítimas";"Plena Noite";"Decrescente";"Céu Claro";"Simples";"Reta";"Sim";2;0;0;0;2;0;0;2;-5,65094554;-35,42341594;"SPRF-RN";"DEL02-RN";"UOP01-DEL02-RN"
420462;2022-03-14;"segunda-feira";"00:10:00";"PR";376;177,1;"MARINGA";"Condutor Dormindo";"Colisão transversal";"Com Vítimas Feridas";"Plena Noite";"Crescente";"Nublado";"Múltipla";"Reta;Interseção de Vias";"Sim";2;0;1;0;1;0;1;2;-23,41595855;-51,92226484;"SPRF-PR";"DEL09-PR";"UOP01-DEL09-PR"
420463;2022-03-14;"segunda-feira";"00:15:00";"PI";343;49,6;"BURITI DOS LOPES";"Animais na Pista";"Atropelamento de Animal";"Sem Vítimas";"Plena Noite";"Decrescente";"Céu Claro";"Simples";"Reta";"Não";1;0;0;0;1;0;0;1;-3,178615;-41,861942;"SPRF-PI";"DEL05-PI";"UOP01-DEL05-PI"
420464;2022-03-13;"domingo";"21:40:00";"GO";364;20;"SAO SIMAO";"Velocidade Incompatível";"Colisão traseira";"Com Vítimas Feridas";"Plena Noite";"Crescente";"Céu Claro";"Simples";"Declive";"Não";2;0;0;1;0;1;1;2;-18,931599;-50,647808;"SPRF-GO";"DEL05-GO";"UOP02-DEL05-GO"
420466;2022-03-14;"segunda-feira";"00:30:00";"GO";50;289;"CATALAO";"Ingestão de álcool pelo condutor";"Saída de leito carroçável";"Com Vítimas Feridas";"Plena Noite";"Decrescente";"Céu Claro";"Dupla";"Reta";"Não";1;0;1;0;0;0;1;1;-18,2407;-47,9885;"SPRF-GO";"DEL06-GO";"UOP01-DEL06-GO"
420467;2022-03-13;"domingo";"23:10:00";"PR";277;670,5;"MEDIANEIRA";"Reação tardia ou ineficiente do condutor";"Colisão com objeto";"Com Vítimas Fatais";"Plena Noite";"Decrescente";"Céu Claro";"Dupla";"Reta";"Sim";4;1;0;0;1;2;0;3;-25,28037085;-54,07911108;"SPRF-PR";"DEL05-PR";"UOP02-DEL05-PR"
420468;2022-03-13;"domingo";"18:30:00";"RO";364;507;"ARIQUEMES";"Pista esburacada";"Saída de leito carroçável";"Com Vítimas Feridas";"Anoitecer";"Crescente";"Céu Claro";"Simples";"Reta";"Não";5;0;4;0;1;0;4;1;-9,98347879;-63,02364384;"SPRF-RO";"DEL03-RO";"UOP01-DEL03-RO"
420469;2022-03-13;"domingo";"22:45:00";"GO";40;7,4;"VALPARAISO DE GOIAS";"Entrada inopinada do pedestre";"Atropelamento de Pedestre";"Com Vítimas Fatais";"Plena Noite";"Crescente";"Céu Claro";"Dupla";"Reta";"Sim";2;1;0;0;1;0;0;2;-16,108482;-47,972524;"SPRF-DF";"DEL01-DF";"UOP01-DEL01-DF"
420470;2022-03-14;"segunda-feira";"00:45:00";"SP";116;113;"TAUBATE";"Ausência de reação do condutor";"Queda de ocupante de veículo";"Com Vítimas Feridas";"Plena Noite";"Crescente";"Céu Claro";"Simples";"Reta";"Sim";1;0;1;0;0;0;1;1;-23,04404368;-45,58066791;"SPRF-SP";"DEL02-SP";"UOP02-DEL02-SP"
420471;2022-03-13;"domingo";"22:40:00";"PB";361;12;"SANTA TERESINHA";"Ingestão de álcool pelo condutor";"Colisão transversal";"Sem Vítimas";"Plena Noite";"Decrescente";"Chuva";"Simples";"Reta";"Não";4;0;0;0;4;0;0;2;-7,04324794;-37,36327601;"SPRF-PB";"DEL03-PB";"UOP01-DEL03-PB"
420472;2022-03-14;"segunda-feira";"01:00:00";"SC";101;203;"SAO JOSE";"Ausência de reação do condutor";"Saída de leito carroçável";"Com Vítimas Feridas";"Plena Noite";"Crescente";"Garoa/Chuvisco";"Múltipla";"Reta";"Sim";2;0;2;0;0;0;2;1;-27,5650044;-48,61460082;"SPRF-SC";"DEL01-SC";"UOP01-DEL01-SC"
420476;2022-03-13;"domingo";"23:50:00";"RJ";356;28;"ITAPERUNA";"Ingestão de álcool pelo condutor";"Colisão transversal";"Sem Vítimas";"Plena Noite";"Decrescente";"Céu Claro";"Simples";"Reta";"Sim";2;0;0;0;2;0;0;2;-21,18452104;-41,93630101;"SPRF-RJ";"DEL08-RJ";"UOP03-DEL08-RJ"
420477;2022-03-14;"segunda-feira";"01:20:00";"GO";20;95;"VILA BOA";"Animais na Pista";"Tombamento";"Com Vítimas Feridas";"Plena Noite";"Crescente";"Nublado";"Simples";"Reta";"Não";2;0;2;0;0;0;2;1;-14,983032;-47,020199;"SPRF-DF";"DEL02-DF";"UOP01-DEL02-DF"
420478;2022-03-14;"segunda-feira";"01:55:00";"RN";101;83;"SAO GONCALO DO AMARANTE";"Ingestão de álcool pelo condutor";"Queda de ocupante de veículo";"Com Vítimas Feridas";"Plena Noite";"Crescente";"Chuva";"Dupla";"Rotatória";"Sim";1;0;1;0;0;0;1;1;-5,7710445;-35,26616981;"SPRF-RN";"DEL02-RN";"UOP01-DEL02-RN"
420480;2022-03-14;"segunda-feira";"00:15:00";"MS";60;602;"JARDIM";"Animais na Pista";"Atropelamento de Animal";"Sem Vítimas";"Plena Noite";"Decrescente";"Céu Claro";"Simples";"Reta";"Não";4;0;0;0;4;0;0;1;-21,55884699;-56,16925009;"SPRF-MS";"DEL05-MS";"UOP01-DEL05-MS"
420481;2022-03-14;"segunda-feira";"01:30:00";"SE";235;54;"ITABAIANA";"Velocidade Incompatível";"Colisão com objeto";"Com Vítimas Feridas";"Plena Noite";"Crescente";"Céu Claro";"Simples";"Reta";"Sim";3;0;0;3;0;0;3;1;-10,676047;-37,443279;"SPRF-SE";"DEL01-SE";"UOP02-DEL01-SE"
420482;2022-03-13;"domingo";"23:47:00";"PE";428;188;"PETROLINA";"Ingestão de álcool e/ou substâncias psicoativas pelo pedestre";"Colisão traseira";"Sem Vítimas";"Plena Noite";"Decrescente";"Céu Claro";"Simples";"Reta";"Sim";2;0;0;0;2;0;0;2;-9,36400596;-40,48266808;"SPRF-PE";"DEL06-PE";"UOP01-DEL06-PE"
420483;2022-03-14;"segunda-feira";"01:00:00";"RO";364;540;"ALTO PARAISO";"Velocidade Incompatível";"Colisão traseira";"Com Vítimas Feridas";"Plena Noite";"Decrescente";"Chuva";"Simples";"Curva";"Não";3;0;3;0;0;0;3;1;-9,725236;-63,119003;"SPRF-RO";"DEL03-RO";"UOP01-DEL03-RO"
420485;2022-03-14;"segunda-feira";"04:30:00";"GO";40;5,9;"VALPARAISO DE GOIAS";"Ausência de reação do condutor";"Saída de leito carroçável";"Com Vítimas Feridas";"Plena Noite";"Decrescente";"Chuva";"Dupla";"Reta";"Sim";2;0;2;0;0;0;2;1;-16,093134;-47,982236;"SPRF-DF";"DEL01-DF";"UOP01-DEL01-DF"
420486;2022-03-14;"segunda-feira";"03:15:00";"RS";116;438,7;"CRISTAL";"Condutor Dormindo";"Saída de leito carroçável";"Com Vítimas Feridas";"Plena Noite";"Decrescente";"Garoa/Chuvisco";"Dupla";"Declive";"Não";1;0;1;0;0;0;1;1;-31,08593108;-52,0386202;"SPRF-RS";"DEL02-RS";"UOP02-DEL02-RS"
420487;2022-03-14;"segunda-feira";"04:30:00";"PI";316;31,5;"DEMERVAL LOBAO";"Animais na Pista";"Atropelamento de Animal";"Com Vítimas Feridas";"Plena Noite";"Crescente";"Céu Claro";"Simples";"Reta";"Sim";1;0;1;0;0;0;1;1;-5,33958796;-42,69400899;"SPRF-PI";"DEL01-PI";"UOP02-DEL01-PI"
420488;2022-03-14;"segunda-feira";"04:30:00";"MS";60;544,9;"NIOAQUE";"Animais na Pista";"Tombamento";"Com Vítimas Feridas";"Plena Noite";"Decrescente";"Nublado";"Simples";"Aclive;Reta";"Não";1;0;1;0;0;0;1;1;-21,16323392;-55,85639808;"SPRF-MS";"DEL05-MS";"UOP01-DEL05-MS"
420489;2022-03-13;"domingo";"19:00:00";"RJ";116;108;"GUAPIMIRIM";"Chuva";"Saída de leito carroçável";"Sem Vítimas";"Anoitecer";"Decrescente";"Chuva";"Dupla";"Reta";"Sim";1;0;0;0;0;1;0;1;-22,535843;-42,99125;"SPRF-RJ";"DEL04-RJ";"UOP01-DEL04-RJ"
420491;2022-03-14;"segunda-feira";"05:45:00";"ES";101;233;"FUNDAO";"Ausência de reação do condutor";"Queda de ocupante de veículo";"Com Vítimas Feridas";"Amanhecer";"Decrescente";"Céu Claro";"Simples";"Reta";"Sim";2;0;2;0;0;0;2;1;-19,961042;-40,406889;"SPRF-ES";"DEL02-ES";"UOP01-DEL02-ES"
420495;2022-03-14;"segunda-feira";"05:20:00";"PE";104;40;"CARUARU";"Ingestão de álcool pelo condutor";"Saída de leito carroçável";"Sem Vítimas";"Pleno dia";"Crescente";"Céu Claro";"Dupla";"Reta";"Não";1;0;0;0;1;0;0;1;-8,0938;-36,0334;"SPRF-PE";"DEL02-PE";"UOP01-DEL02-PE"
420496;2022-03-14;"segunda-feira";"05:45:00";"SP";116;180;"GUARAREMA";"Ingestão de álcool pelo condutor";"Engavetamento";"Com Vítimas Feridas";"Amanhecer";"Crescente";"Céu Claro";"Múltipla";"Reta";"Não";4;0;1;0;3;0;1;3;-23,33873615;-46,15022963;"SPRF-SP";"DEL01-SP";"UOP01-DEL01-SP"
420498;2022-03-14;"segunda-feira";"03:15:00";"MG";262;759;"SACRAMENTO";"Condutor Dormindo";"Saída de leito carroçável";"Com Vítimas Feridas";"Plena Noite";"Decrescente";"Garoa/Chuvisco";"Simples";"Reta";"Não";2;0;1;0;1;0;1;1;-19,66389282;-47,59210804;"SPRF-MG";"DEL13-MG";"UOP01-DEL13-MG"
420499;2022-03-14;"segunda-feira";"06:34:00";"PR";116;125;"FAZENDA RIO GRANDE";"Manobra de mudança de faixa";"Colisão lateral mesmo sentido";"Com Vítimas Feridas";"Pleno dia";"Decrescente";"Nublado";"Dupla";"Reta";"Sim";2;0;1;0;1;0;1;2;-25,59505309;-49,31630659;"SPRF-PR";"DEL01-PR";"UOP03-DEL01-PR"
420500;2022-03-14;"segunda-feira";"06:50:00";"BA";101;174;"FEIRA DE SANTANA";"Condutor deixou de manter distância do veículo da frente";"Colisão traseira";"Com Vítimas Feridas";"Amanhecer";"Decrescente";"Nevoeiro/Neblina";"Simples";"Reta";"Não";2;0;1;0;1;0;1;2;-12,3786835;-38,8828442;"SPRF-BA";"DEL01-BA";"UOP03-DEL01-BA"
420501;2022-03-14;"segunda-feira";"06:30:00";"PE";101;81,7;"JABOATAO DOS GUARARAPES";"Condutor deixou de manter distância do veículo da frente";"Colisão traseira";"Com Vítimas Feridas";"Pleno dia";"Crescente";"Nublado";"Dupla";"Reta";"Sim";2;0;1;0;1;0;1;2;-8,1597489;-34,94024569;"SPRF-PE";"DEL01-PE";"UOP01-DEL01-PE"
420502;2022-03-14;"segunda-feira";"06:00:00";"AL";110;0;"DELMIRO GOUVEIA";"Acessar a via sem observar a presença dos outros veículos";"Atropelamento de Pedestre";"Com Vítimas Fatais";"Pleno dia";"Crescente";"Céu Claro";"Simples";"Reta";"Não";2;1;0;0;1;0;0;2;-9,295168;-38,202915;"SPRF-BA";"DEL07-BA";"UOP01-DEL07-BA"
420503;2022-03-14;"segunda-feira";"06:50:00";"MG";40;514,1;"RIBEIRAO DAS NEVES";"Condutor deixou de manter distância do veículo da frente";"Colisão traseira";"Com Vítimas Feridas";"Pleno dia";"Crescente";"Céu Claro";"Dupla";"Reta";"Não";2;0;0;1;1;0;1;2;-19,80175532;-44,10015106;"SPRF-MG";"DEL01-MG";"UOP02-DEL01-MG"
420504;2022-03-14;"segunda-feira";"07:00:00";"PB";230;26;"JOAO PESSOA";"Manobra de mudança de faixa";"Colisão traseira";"Com Vítimas Feridas";"Pleno dia";"Decrescente";"Chuva";"Dupla";"Reta";"Sim";3;0;1;0;2;0;1;2;-7,16904679;-34,88119483;"SPRF-PB";"DEL01-PB";"UOP01-DEL01-PB"
420505;2022-03-14;"segunda-feira";"05:40:00";"MS";163;217;"CAARAPO";"Falta de acostamento";"Saída de leito carroçável";"Com Vítimas Feridas";"Amanhecer";"Decrescente";"Céu Claro";"Simples";"Reta";"Não";1;0;1;0;0;0;1;1;-22,56184589;-54,82688586;"SPRF-MS";"DEL04-MS";"UOP02-DEL04-MS"
420506;2022-03-14;"segunda-feira";"06:50:00";"PR";476;148;"ARAUCARIA";"Demais falhas mecânicas ou elétricas";"Queda de ocupante de veículo";"Com Vítimas Feridas";"Amanhecer";"Decrescente";"Garoa/Chuvisco";"Dupla";"Reta";"Sim";1;0;1;0;0;0;1;1;-25,557121;-49,348732;"SPRF-PR";"DEL01-PR";"UOP03-DEL01-PR"
420507;2022-03-14;"segunda-feira";"06:40:00";"PE";408;96,5;"SAO LOURENCO DA MATA";"Acessar a via sem observar a presença dos outros veículos";"Colisão lateral mesmo sentido";"Com Vítimas Feridas";"Pleno dia";"Crescente";"Nublado";"Múltipla";"Reta";"Sim";2;0;1;0;1;0;1;2;-8,02062;-35,041045;"SPRF-PE";"DEL01-PE";"UOP01-DEL01-PE"
420509;2022-03-14;"segunda-feira";"07:15:00";"PB";101;83;"BAYEUX";"Reação tardia ou ineficiente do condutor";"Colisão traseira";"Sem Vítimas";"Pleno dia";"Crescente";"Nublado";"Dupla";"Reta";"Sim";3;0;0;0;3;0;0;3;-7,1337703;-34,92963914;"SPRF-PB";"DEL01-PB";"UOP01-DEL01-PB"
420510;2022-03-14;"segunda-feira";"07:00:00";"PB";101;82,3;"BAYEUX";"Ausência de reação do condutor";"Colisão traseira";"Sem Vítimas";"Pleno dia";"Crescente";"Céu Claro";"Dupla";"Reta;Viaduto";"Sim";2;0;0;0;2;0;0;2;-7,12911;-34,93714;"SPRF-PB";"DEL01-PB";"UOP01-DEL01-PB"
420511;2022-03-14;"segunda-feira";"07:15:00";"SE";235;3,9;"NOSSA SENHORA DO SOCORRO";"Manobra de mudança de faixa";"Tombamento";"Com Vítimas Feridas";"Pleno dia";"Decrescente";"Céu Claro";"Dupla";"Reta";"Não";2;0;1;1;0;0;2;1;-10,9059;-37,111;"SPRF-SE";"DEL01-SE";"UOP01-DEL01-SE"
420512;2022-03-13;"domingo";"13:01:00";"MG";381;567;"ITAGUARA";"Mal súbito do condutor";"Capotamento";"Com Vítimas Feridas";"Pleno dia";"Crescente";"Céu Claro";"Dupla";"Curva";"Não";1;0;1;0;0;0;1;1;-20,42174833;-44,53677185;"SPRF-MG";"DEL04-MG";"UOP03-DEL04-MG"
420513;2022-03-13;"domingo";"22:50:00";"MG";40;279,2;"TRES MARIAS";"Manobra de mudança de faixa";"Saída de leito carroçável";"Sem Vítimas";"Plena Noite";"Crescente";"Céu Claro";"Simples";"Aclive";"Sim";1;0;0;0;0;1;0;1;-18,22833211;-45,2202001;"SPRF-MG";"DEL14-MG";"UOP02-DEL14-MG"
420514;2022-03-14;"segunda-feira";"07:45:00";"SE";235;4,1;"NOSSA SENHORA DO SOCORRO";"Obras na pista";"Queda de ocupante de veículo";"Com Vítimas Feridas";"Pleno dia";"Decrescente";"Céu Claro";"Dupla";"Reta";"Sim";1;0;1;0;0;0;1;1;-10,9064;-37,1197;"SPRF-SE";"DEL01-SE";"UOP01-DEL01-SE"
420515;2022-03-14;"segunda-feira";"06:45:00";"MS";163;342;"RIO BRILHANTE";"Acessar a via sem observar a presença dos outros veículos";"Colisão transversal";"Com Vítimas Feridas";"Pleno dia";"Crescente";"Céu Claro";"Simples";"Curva";"Sim";2;0;1;0;1;0;1;2;-21,65708677;-54,42922206;"SPRF-MS";"DEL02-MS";"UOP02-DEL02-MS"
420516;2022-03-14;"segunda-feira";"07:30:00";"SE";235;4;"NOSSA SENHORA DO SOCORRO";"Acumulo de areia ou detritos sobre o pavimento";"Tombamento";"Com Vítimas Feridas";"Pleno dia";"Decrescente";"Céu Claro";"Dupla";"Reta";"Sim";2;0;2;0;0;0;2;1;-10,9064;-37,1197;"SPRF-SE";"DEL01-SE";"UOP01-DEL01-SE"
420517;2022-03-14;"segunda-feira";"07:10:00";"PE";423;107,2;"GARANHUNS";"Acessar a via sem observar a presença dos outros veículos";"Colisão transversal";"Com Vítimas Fatais";"Pleno dia";"Crescente";"Céu Claro";"Simples";"Reta";"Não";2;1;0;0;1;0;0;2;-8,8839803;-36,58154392;"SPRF-PE";"DEL03-PE";"UOP01-DEL03-PE"
420519;2022-03-14;"segunda-feira";"07:15:00";"BA";110;175;"RIBEIRA DO POMBAL";"Manobra de mudança de faixa";"Colisão transversal";"Com Vítimas Feridas";"Pleno dia";"Crescente";"Céu Claro";"Simples";"Interseção de Vias";"Sim";4;0;1;0;3;0;1;2;-10,887348;-38,52479999;"SPRF-BA";"DEL07-BA";"UOP02-DEL07-BA"
420522;2022-03-14;"segunda-feira";"07:30:00";"MG";262;446,8;"NOVA SERRANA";"Pedestre andava na pista";"Atropelamento de Pedestre";"Com Vítimas Feridas";"Pleno dia";"Crescente";"Céu Claro";"Simples";"Reta";"Sim";3;0;1;0;2;0;1;2;-19,87799664;-44,94086286;"SPRF-MG";"DEL08-MG";"UOP03-DEL08-MG"
420523;2022-03-14;"segunda-feira";"07:20:00";"RO";364;344;"JI-PARANA";"Condutor desrespeitou a iluminação vermelha do semáforo";"Colisão transversal";"Com Vítimas Feridas";"Pleno dia";"Crescente";"Céu Claro";"Dupla";"Reta";"Sim";3;0;1;0;2;0;1;2;-10,87415758;-61,95173264;"SPRF-RO";"DEL02-RO";"UOP01-DEL02-RO"
420525;2022-03-14;"segunda-feira";"07:25:00";"RN";101;85,3;"SAO GONCALO DO AMARANTE";"Manobra de mudança de faixa";"Colisão traseira";"Com Vítimas Feridas";"Pleno dia";"Crescente";"Sol";"Dupla";"Ponte";"Sim";3;0;2;0;1;0;2;2;-5,78025287;-35,2483052;"SPRF-RN";"DEL02-RN";"UOP01-DEL02-RN"
420526;2022-03-14;"segunda-feira";"08:55:00";"PE";408;66,7;"PAUDALHO";"Manobra de mudança de faixa";"Capotamento";"Com Vítimas Feridas";"Pleno dia";"Crescente";"Céu Claro";"Múltipla";"Reta";"Sim";2;0;1;0;1;0;1;1;-7,85456416;-35,22363707;"SPRF-PE";"DEL01-PE";"UOP01-DEL01-PE"
420527;2022-02-17;"quinta-feira";"20:30:00";"BA";235;349;"JUAZEIRO";"Manobra de mudança de faixa";"Tombamento";"Com Vítimas Feridas";"Plena Noite";"Crescente";"Céu Claro";"Dupla";"Reta";"Sim";2;0;1;0;0;1;1;2;-9,45451584;-40,47847226;"SPRF-PE";"DEL06-PE";"UOP01-DEL06-PE"
420528;2022-02-14;"segunda-feira";"13:10:00";"SP";381;44;"ATIBAIA";"Ausência de reação do condutor";"Colisão lateral mesmo sentido";"Sem Vítimas";"Pleno dia";"Decrescente";"Céu Claro";"Dupla";"Reta";"Sim";1;0;0;0;1;0;0;1;-23,16458615;-46,57418959;"SPRF-SP";"DEL03-SP";"UOP01-DEL03-SP"
420531;2022-03-14;"segunda-feira";"06:00:00";"PR";369;133;"IBIPORA";"Velocidade Incompatível";"Capotamento";"Sem Vítimas";"Amanhecer";"Decrescente";"Céu Claro";"Simples";"Curva";"Não";1;0;0;0;0;1;0;1;-23,2618585;-51,0203624;"SPRF-PR";"DEL07-PR";"UOP01-DEL07-PR"
420535;2022-03-14;"segunda-feira";"06:30:00";"BA";324;606;"SIMOES FILHO";"Avarias e/ou desgaste excessivo no pneu";"Queda de ocupante de veículo";"Com Vítimas Feridas";"Pleno dia";"Crescente";"Sol";"Dupla";"Reta;Declive";"Não";2;0;2;0;0;0;2;1;-12,79340512;-38,40485325;"SPRF-BA";"DEL01-BA";"UOP01-DEL01-BA"
420536;2022-03-14;"segunda-feira";"09:30:00";"MG";381;492,1;"BETIM";"Reação tardia ou ineficiente do condutor";"Colisão com objeto";"Sem Vítimas";"Pleno dia";"Decrescente";"Céu Claro";"Múltipla";"Reta";"Não";1;0;0;0;0;1;0;1;-19,96167984;-44,16066907;"SPRF-MG";"DEL01-MG";"UOP03-DEL01-MG"
420537;2022-03-14;"segunda-feira";"09:30:00";"CE";20;426;"FORTALEZA";"Acessar a via sem observar a presença dos outros veículos";"Colisão lateral mesmo sentido";"Com Vítimas Feridas";"Pleno dia";"Crescente";"Céu Claro";"Múltipla";"Interseção de Vias";"Não";2;0;1;1;0;0;2;2;-3,76999035;-38,67006282;"SPRF-CE";"DEL01-CE";"UOP02-DEL01-CE"
420538;2022-01-17;"segunda-feira";"17:06:00";"PA";230;833;"URUARA";"Pista Escorregadia";"Saída de leito carroçável";"Sem Vítimas";"Pleno dia";"Decrescente";"Chuva";"Simples";"Declive";"Não";3;0;0;0;3;0;0;1;-3,68969032;-53,5916579;"SPRF-PA";"DEL04-PA";"UOP01-DEL04-PA"
420541;2022-03-14;"segunda-feira";"07:50:00";"MG";262;146,8;"RIO CASCA";"Demais falhas mecânicas ou elétricas";"Queda de ocupante de veículo";"Com Vítimas Feridas";"Pleno dia";"Crescente";"Céu Claro";"Simples";"Reta";"Não";2;0;2;0;0;0;2;1;-20,02822107;-42,74065423;"SPRF-MG";"DEL03-MG";"UOP03-DEL03-MG"
420545;2022-03-14;"segunda-feira";"09:10:00";"PI";343;4;"TERESINA";"Condutor deixou de manter distância do veículo da frente";"Colisão traseira";"Sem Vítimas";"Pleno dia";"Decrescente";"Céu Claro";"Múltipla";"Reta";"Sim";2;0;0;0;2;0;0;2;-5,089569;-42,802288;"SPRF-PI";"DEL01-PI";"UOP01-DEL01-PI"
420547;2022-03-14;"segunda-feira";"08:15:00";"MG";146;487,3;"POCOS DE CALDAS";"Condutor usando celular";"Saída de leito carroçável";"Com Vítimas Feridas";"Pleno dia";"Decrescente";"Céu Claro";"Simples";"Declive;Curva";"Não";1;0;1;0;0;0;1;1;-21,803147;-46,449051;"SPRF-MG";"DEL09-MG";"UOP01-DEL09-MG"