"id";"data_inversa";"dia_semana";"horario";"uf";"br";"km";"municipio";"causa_acidente";"tipo_acidente";"classificacao_acidente";"fase_dia";"sentido_via";"condicao_metereologica";"tipo_pista";"tracado_via";"uso_solo";"pessoas";"mortos";"feridos_leves";"feridos_graves";"ilesos";"ignorados";"feridos";"veiculos";"latitude";"longitude";"regional";"delegacia";"uop"
420675;2022-03-14;"segunda-feira";"20:30:00";"PE";232;34;"MORENO";"Ingestão de álcool pelo condutor";"Colisão lateral mesmo sentido";"Com Vítimas Feridas";"Plena Noite";"Crescente";"Céu Claro";"Dupla";"Viaduto";"Sim";2;0;1;0;1;0;1;2;-8,10702537;-35,18394691;"SPRF-PE";"DEL01-PE";"UOP01-DEL01-PE"
420677;2022-01-05;"quarta-feira";"20:30:00";"RJ";40;121;"DUQUE DE CAXIAS";"Transitar na contramão";"Colisão frontal";"Com Vítimas Feridas";"Plena Noite";"Decrescente";"Nublado";"Simples";"Viaduto";"Sim";4;0;1;0;2;1;1;2;-22,78185499;-43,28571273;"SPRF-RJ";"DEL01-RJ";"UOP01-DEL01-RJ"
420678;2022-03-14;"segunda-feira";"22:00:00";"GO";153;503;"GOIANIA";"Reação tardia ou ineficiente do condutor";"Colisão traseira";"Com Vítimas Feridas";"Plena Noite";"Decrescente";"Garoa/Chuvisco";"Dupla";"Reta";"Sim";2;0;0;1;1;0;1;2;-16,7366;-49,243;"SPRF-GO";"DEL01-GO";"UOP01-DEL01-GO"
420679;2022-03-14;"segunda-feira";"22:05:00";"MS";163;258,5;"DOURADOS";"Reação tardia ou ineficiente do condutor";"Tombamento";"Com Vítimas Feridas";"Plena Noite";"Crescente";"Céu Claro";"Simples";"Reta";"Não";1;0;0;1;0;0;1;1;-22,25775678;-54,78049647;"SPRF-MS";"DEL04-MS";"UOP01-DEL04-MS"
420684;2022-03-14;"segunda-feira";"21:50:00";"RN";101;147,7;"GOIANINHA";"Condutor deixou de manter distância do veículo da frente";"Colisão traseira";"Sem Vítimas";"Plena Noite";"Crescente";"Nublado";"Múltipla";"Reta";"Sim";2;0;0;0;2;0;0;2;-6,27221528;-35,20804882;"SPRF-RN";"DEL01-RN";"UOP01-DEL01-RN"
420686;2022-03-14;"segunda-feira";"23:00:00";"ES";262;33;"DOMINGOS MARTINS";"Deficiência do Sistema de Iluminação/Sinalização";"Saída de leito carroçável";"Com Vítimas Feridas";"Plena Noite";"Crescente";"Céu Claro";"Dupla";"Reta";"Não";3;0;2;0;0;1;2;2;-20,38873021;-40,55980365;"SPRF-ES";"DEL01-ES";"UOP01-DEL01-ES"
420687;2022-03-15;"terça-feira";"00:20:00";"GO";153;123;"ESTRELA DO NORTE";"Reação tardia ou ineficiente do condutor";"Saída de leito carroçável";"Com Vítimas Feridas";"Plena Noite";"Crescente";"Céu Claro";"Simples";"Declive";"Não";4;0;1;1;2;0;2;1;-13,849256;-49,047703;"SPRF-GO";"DEL07-GO";"UOP01-DEL07-GO"
420688;2022-03-15;"terça-feira";"00:20:00";"SC";101;206,5;"SAO JOSE";"Desrespeitar a preferência no cruzamento";"Colisão transversal";"Com Vítimas Feridas";"Plena Noite";"Crescente";"Céu Claro";"Múltipla";"Viaduto";"Sim";2;0;0;1;1;0;1;2;-27,59193546;-48,61824557;"SPRF-SC";"DEL01-SC";"UOP01-DEL01-SC"
420689;2022-02-01;"terça-feira";"08:34:00";"SC";101;335,4;"TUBARAO";"Velocidade Incompatível";"Saída de leito carroçável";"Com Vítimas Feridas";"Pleno dia";"Decrescente";"Céu Claro";"Múltipla";"Curva";"Sim";2;0;1;1;0;0;2;2;-28,46927473;-49,01557908;"SPRF-SC";"DEL02-SC";"UOP01-DEL02-SC"
420691;2022-03-15;"terça-feira";"01:15:00";"SC";101;424,1;"ARARANGUA";"Entrada inopinada do pedestre";"Atropelamento de Pedestre";"Com Vítimas Fatais";"Plena Noite";"Decrescente";"Chuva";"Múltipla";"Viaduto;Reta";"Sim";4;1;0;0;1;2;0;2;-29,0203471;-49,5900224;"SPRF-SC";"DEL02-SC";"UOP02-DEL02-SC"
420693;2022-03-15;"terça-feira";"04:45:00";"PE";232;27;"MORENO";"Condutor deixou de manter distância do veículo da frente";"Colisão traseira";"Sem Vítimas";"Amanhecer";"Decrescente";"Céu Claro";"Dupla";"Reta";"Não";2;0;0;0;2;0;0;2;-8,11418416;-35,12568999;"SPRF-PE";"DEL01-PE";"UOP01-DEL01-PE"
420694;2022-03-15;"terça-feira";"04:55:00";"PB";230;215,9;"SOLEDADE";"Reação tardia ou ineficiente do condutor";"Colisão com objeto";"Com Vítimas Feridas";"Pleno dia";"Decrescente";"Céu Claro";"Simples";"Ponte";"Sim";1;0;1;0;0;0;1;1;-7,05782538;-36,36262178;"SPRF-PB";"DEL02-PB";"UOP02-DEL02-PB"
420695;2022-03-14;"segunda-feira";"18:00:00";"MG";153;101,8;"PRATA";"Reação tardia ou ineficiente do condutor";"Colisão lateral sentido oposto";"Com Vítimas Feridas";"Anoitecer";"Decrescente";"Chuva";"Simples";"Reta";"Não";2;0;1;0;1;0;1;2;-19,23730001;-48,92991602;"SPRF-MG";"DEL15-MG";"UOP03-DEL15-MG"
420696;2022-03-12;"sábado";"03:22:00";"TO";153;144;"ARAGUAINA";"Reação tardia ou ineficiente do condutor";"Queda de ocupante de veículo";"Sem Vítimas";"Amanhecer";"Decrescente";"Nublado";"Múltipla";"Reta";"Sim";5;0;0;0;5;0;0;2;-7,19662811;-48,23636977;"SPRF-TO";"DEL02-TO";"UOP01-DEL02-TO"
420697;2022-03-15;"terça-feira";"07:10:00";"SP";116;213;"GUARULHOS";"Trafegar com motocicleta (ou similar) entre as faixas";"Colisão traseira";"Com Vítimas Feridas";"Pleno dia";"Crescente";"Nublado";"Múltipla";"Reta";"Sim";2;0;1;0;1;0;1;2;-23,48250848;-46,41405487;"SPRF-SP";"DEL01-SP";"UOP01-DEL01-SP"
420701;2022-03-15;"terça-feira";"05:40:00";"SC";101;308,9;"LAGUNA";"Condutor Dormindo";"Saída de leito carroçável";"Com Vítimas Feridas";"Amanhecer";"Decrescente";"Céu Claro";"Múltipla";"Reta";"Não";6;0;2;0;4;0;2;1;-28,42444279;-48,79983556;"SPRF-SC";"DEL02-SC";"UOP01-DEL02-SC"
420703;2022-02-23;"quarta-feira";"06:00:00";"SP";116;211;"GUARULHOS";"Frear bruscamente";"Colisão traseira";"Com Vítimas Feridas";"Pleno dia";"Crescente";"Céu Claro";"Múltipla";"Reta";"Sim";4;0;1;1;2;0;2;3;-23,4324306;-46,4194352;"SPRF-SP";"DEL01-SP";"UOP01-DEL01-SP"
420705;2022-03-15;"terça-feira";"07:50:00";"RS";116;297;"GUAIBA";"Retorno proibido";"Colisão transversal";"Com Vítimas Feridas";"Pleno dia";"Decrescente";"Céu Claro";"Dupla";"Reta";"Sim";2;0;0;1;1;0;1;2;-30,09753097;-51,34302937;"SPRF-RS";"DEL02-RS";"UOP01-DEL02-RS"
420706;2022-03-15;"terça-feira";"07:30:00";"SP";116;205;"GUARULHOS";"Ausência de reação do condutor";"Colisão traseira";"Com Vítimas Feridas";"Pleno dia";"Crescente";"Nublado";"Dupla";"Reta";"Sim";2;0;1;0;1;0;1;2;-23,41475243;-46,36600788;"SPRF-SP";"DEL01-SP";"UOP01-DEL01-SP"
420707;2022-03-15;"terça-feira";"08:00:00";"SC";101;207;"SAO JOSE";"Manobra de mudança de faixa";"Colisão transversal";"Com Vítimas Feridas";"Pleno dia";"Crescente";"Céu Claro";"Múltipla";"Reta";"Sim";3;0;1;0;2;0;1;2;-27,60001226;-48,6226467;"SPRF-SC";"DEL01-SC";"UOP01-DEL01-SC"
420709;2022-03-15;"terça-feira";"08:10:00";"MG";381;480,9;"BETIM";"Condutor deixou de manter distância do veículo da frente";"Colisão traseira";"Com Vítimas Feridas";"Pleno dia";"Decrescente";"Céu Claro";"Dupla";"Reta";"Sim";2;0;1;0;1;0;1;2;-19,95749597;-44,07899901;"SPRF-MG";"DEL01-MG";"UOP03-DEL01-MG"
420712;2022-03-15;"terça-feira";"07:30:00";"RS";470;216;"BENTO GONCALVES";"Pedestre cruzava a pista fora da faixa";"Atropelamento de Pedestre";"Com Vítimas Feridas";"Pleno dia";"Decrescente";"Nublado";"Dupla";"Reta";"Sim";2;0;2;0;0;0;2;2;-29,15887096;-51,53142395;"SPRF-RS";"DEL06-RS";"UOP01-DEL06-RS"
420713;2022-03-15;"terça-feira";"07:57:00";"MG";0;0;"ITAPEVA";"Acessar a via sem observar a presença dos outros veículos";"Colisão frontal";"Com Vítimas Feridas";"Pleno dia";"Não Informado";"Céu Claro";"Simples";"Interseção de Vias;Declive;Reta";"Sim";2;0;0;1;1;0;1;2;-22,79271225;-46,24636988;"SPRF-MG";"DEL16-MG";"UOP03-DEL16-MG"
420715;2022-03-15;"terça-feira";"07:50:00";"GO";153;499,8;"GOIANIA";"Condutor deixou de manter distância do veículo da frente";"Colisão traseira";"Com Vítimas Feridas";"Amanhecer";"Crescente";"Céu Claro";"Múltipla";"Reta";"Sim";2;0;1;0;1;0;1;2;-16,7033;-49,2311;"SPRF-GO";"DEL01-GO";"UOP01-DEL01-GO"
420716;2022-03-15;"terça-feira";"07:35:00";"RS";392;99;"MORRO REDONDO";"Conversão proibida";"Colisão transversal";"Com Vítimas Feridas";"Pleno dia";"Decrescente";"Céu Claro";"Simples";"Reta";"Não";2;0;1;0;1;0;1;2;-31,54130208;-52,56823006;"SPRF-RS";"DEL07-RS";"UOP01-DEL07-RS"
420718;2022-03-15;"terça-feira";"06:45:00";"RN";101;129;"NISIA FLORESTA";"Acessar a via sem observar a presença dos outros veículos";"Colisão lateral mesmo sentido";"Com Vítimas Feridas";"Pleno dia";"Crescente";"Céu Claro";"Dupla";"Interseção de Vias";"Não";3;0;2;0;1;0;2;2;-6,112119;-35,233627;"SPRF-RN";"DEL01-RN";"UOP01-DEL01-RN"
420725;2022-03-15;"terça-feira";"08:00:00";"RN";101;98;"NATAL";"Reação tardia ou ineficiente do condutor";"Colisão lateral mesmo sentido";"Com Vítimas Feridas";"Pleno dia";"Crescente";"Sol";"Dupla";"Declive";"Sim";2;0;1;0;1;0;1;2;-5,86567888;-35,21651625;"SPRF-RN";"DEL01-RN";"UOP01-DEL01-RN"
420729;2022-03-15;"terça-feira";"10:30:00";"RO";319;62;"PORTO VELHO";"Reação tardia ou ineficiente do condutor";"Saída de leito carroçável";"Com Vítimas Feridas";"Pleno dia";"Crescente";"Céu Claro";"Múltipla";"Reta";"Sim";1;0;1;0;0;0;1;1;-8,766685;-63,884052;"SPRF-RO";"DEL01-RO";"UOP01-DEL01-RO"
420731;2022-01-14;"sexta-feira";"18:30:00";"RN";304;269,5;"IELMO MARINHO";"Ultrapassagem Indevida";"Colisão frontal";"Com Vítimas Feridas";"Plena Noite";"Crescente";"Chuva";"Simples";"Reta";"Não";2;0;1;0;1;0;1;2;-5,8698058096;-35,5870409623;"SPRF-RN";"DEL01-RN";"UOP02-DEL01-RN"
420733;2022-03-15;"terça-feira";"07:45:00";"RO";364;13,9;"VILHENA";"Desrespeitar a preferência no cruzamento";"Colisão transversal";"Com Vítimas Feridas";"Pleno dia";"Crescente";"Garoa/Chuvisco";"Simples";"Interseção de Vias";"Sim";2;0;2;0;0;0;2;2;-12,73889;-60,13922;"SPRF-RO";"DEL04-RO";"UOP01-DEL04-RO"
420736;2022-02-26;"sábado";"16:00:00";"PR";376;157,9;"MANDAGUACU";"Reação tardia ou ineficiente do condutor";"Saída de leito carroçável";"Com Vítimas Feridas";"Pleno dia";"Crescente";"Chuva";"Dupla";"Reta";"Sim";1;0;1;0;0;0;1;1;-23,35251601;-52,09127007;"SPRF-PR";"DEL09-PR";"UOP01-DEL09-PR"
420743;2022-03-15;"terça-feira";"11:00:00";"ES";101;141;"LINHARES";"Acumulo de areia ou detritos sobre o pavimento";"Tombamento";"Com Vítimas Feridas";"Pleno dia";"Crescente";"Céu Claro";"Dupla";"Reta";"Sim";2;0;1;1;0;0;2;1;-19,32655693;-40,07192387;"SPRF-ES";"DEL04-ES";"UOP01-DEL04-ES"
420745;2022-03-15;"terça-feira";"10:25:00";"RO";364;236;"CACOAL";"Acessar a via sem observar a presença dos outros veículos";"Colisão lateral mesmo sentido";"Com Vítimas Feridas";"Pleno dia";"Decrescente";"Céu Claro";"Simples";"Reta";"Não";3;0;2;0;1;0;2;2;-11,44587672;-61,43784993;"SPRF-RO";"DEL02-RO";"UOP02-DEL02-RO"
420748;2022-03-15;"terça-feira";"11:45:00";"SC";101;206,9;"SAO JOSE";"Condutor deixou de manter distância do veículo da frente";"Engavetamento";"Com Vítimas Feridas";"Pleno dia";"Crescente";"Céu Claro";"Múltipla";"Declive;Reta";"Sim";7;0;2;0;5;0;2;5;-27,59193546;-48,61824557;"SPRF-SC";"DEL01-SC";"UOP01-DEL01-SC"
420750;2022-03-15;"terça-feira";"04:40:00";"MT";174;194;"PORTO ESPERIDIAO";"Animais na Pista";"Capotamento";"Sem Vítimas";"Amanhecer";"Decrescente";"Ignorado";"Simples";"Reta";"Não";1;0;0;0;1;0;0;1;-15,75864185;-58,6651529;"SPRF-MT";"DEL03-MT";"UOP01-DEL03-MT"
420752;2022-03-15;"terça-feira";"11:05:00";"RS";472;405;"SAO BORJA";"Desrespeitar a preferência no cruzamento";"Colisão transversal";"Com Vítimas Feridas";"Pleno dia";"Decrescente";"Céu Claro";"Simples";"Interseção de Vias";"Não";3;0;2;0;1;0;2;2;-28,67626901;-55,97066432;"SPRF-RS";"DEL12-RS";"UOP01-DEL12-RS"
420754;2022-03-15;"terça-feira";"11:55:00";"RS";470;168;"VILA FLORES";"Acessar a via sem observar a presença dos outros veículos";"Colisão transversal";"Com Vítimas Feridas";"Pleno dia";"Decrescente";"Nublado";"Simples";"Retorno Regulamentado";"Não";3;0;1;0;2;0;1;2;-28,85711814;-51,55698016;"SPRF-RS";"DEL06-RS";"UOP02-DEL06-RS"
420755;2022-03-15;"terça-feira";"12:05:00";"RS";290;180,8;"BUTIA";"Reação tardia ou ineficiente do condutor";"Engavetamento";"Sem Vítimas";"Pleno dia";"Crescente";"Céu Claro";"Simples";"Reta";"Sim";4;0;0;0;4;0;0;4;-30,14047888;-52,02589631;"SPRF-RS";"DEL02-RS";"UOP03-DEL02-RS"
420756;2022-03-15;"terça-feira";"12:48:00";"MG";146;487,9;"POCOS DE CALDAS";"Mal súbito do condutor";"Saída de leito carroçável";"Com Vítimas Feridas";"Pleno dia";"Crescente";"Céu Claro";"Simples";"Aclive;Reta";"Não";2;0;2;0;0;0;2;1;-21,805462;-46,456059;"SPRF-MG";"DEL09-MG";"UOP01-DEL09-MG"
420759;2022-03-15;"terça-feira";"07:50:00";"RJ";101;303;"SAO GONCALO";"Condutor Dormindo";"Colisão com objeto";"Com Vítimas Feridas";"Pleno dia";"Decrescente";"Céu Claro";"Dupla";"Reta";"Sim";1;0;1;0;0;0;1;1;-22,7828205;-42,9766681;"SPRF-RJ";"DEL02-RJ";"UOP02-DEL02-RJ"
420760;2022-03-05;"sábado";"16:30:00";"RN";427;104;"CAICO";"Acumulo de areia ou detritos sobre o pavimento";"Tombamento";"Com Vítimas Feridas";"Pleno dia";"Decrescente";"Nublado";"Simples";"Curva";"Não";1;0;1;0;0;0;1;1;-6,44824627;-37,14026902;"SPRF-RN";"DEL03-RN";"UOP01-DEL03-RN"
420761;2022-03-15;"terça-feira";"11:53:00";"RN";101;97;"NATAL";"Ausência de reação do condutor";"Colisão lateral mesmo sentido";"Com Vítimas Feridas";"Pleno dia";"Decrescente";"Chuva";"Simples";"Interseção de Vias";"Sim";3;0;1;0;2;0;1;3;-5,85613303;-35,21205068;"SPRF-RN";"DEL01-RN";"UOP01-DEL01-RN"
420762;2022-03-15;"terça-feira";"11:40:00";"AL";101;55,3;"FLEXEIRAS";"Ausência de reação do condutor";"Saída de leito carroçável";"Com Vítimas Feridas";"Pleno dia";"Decrescente";"Céu Claro";"Dupla";"Declive;Curva";"Não";1;0;1;0;0;0;1;1;-9,26188412;-35,77832284;"SPRF-AL";"DEL01-AL";"UOP02-DEL01-AL"
420764;2022-02-25;"sexta-feira";"17:07:00";"RS";386;342,2;"LAJEADO";"Acessar a via sem observar a presença dos outros veículos";"Colisão transversal";"Com Vítimas Feridas";"Pleno dia";"Decrescente";"Sol";"Simples";"Reta";"Sim";6;0;2;0;3;1;2;3;-29,43250285;-52,01016247;"SPRF-RS";"DEL04-RS";"UOP01-DEL04-RS"
420766;2022-03-15;"terça-feira";"12:20:00";"PB";230;122,3;"RIACHAO DO BACAMARTE";"Reação tardia ou ineficiente do condutor";"Colisão traseira";"Com Vítimas Fatais";"Pleno dia";"Crescente";"Nublado";"Simples";"Reta";"Sim";2;1;0;0;1;0;0;2;-7,247786;-35,667142;"SPRF-PB";"DEL02-PB";"UOP01-DEL02-PB"
420767;2022-03-05;"sábado";"19:30:00";"SC";116;6,9;"MAFRA";"Desrespeitar a preferência no cruzamento";"Colisão frontal";"Com Vítimas Feridas";"Plena Noite";"Decrescente";"Céu Claro";"Simples";"Reta";"Sim";2;0;0;1;1;0;1;2;-26,14644691;-49,82305806;"SPRF-SC";"DEL06-SC";"UOP01-DEL06-SC"
420768;2022-03-15;"terça-feira";"12:10:00";"RJ";40;85;"PETROPOLIS";"Condutor deixou de manter distância do veículo da frente";"Queda de ocupante de veículo";"Com Vítimas Feridas";"Pleno dia";"Crescente";"Céu Claro";"Simples";"Túnel;Curva";"Não";1;0;1;0;0;0;1;1;-22,52850694;-43,2349802;"SPRF-RJ";"DEL06-RJ";"UOP01-DEL06-RJ"
420770;2022-03-15;"terça-feira";"12:56:00";"GO";153;609,6;"MORRINHOS";"Velocidade Incompatível";"Capotamento";"Com Vítimas Feridas";"Pleno dia";"Crescente";"Céu Claro";"Dupla";"Reta";"Não";1;0;0;1;0;0;1;1;-17,6289;-49,1774;"SPRF-GO";"DEL03-GO";"UOP01-DEL03-GO"
420771;2022-02-27;"domingo";"06:11:00";"PR";163;3,9;"BARRACAO";"Ingestão de álcool pelo condutor";"Saída de leito carroçável";"Com Vítimas Feridas";"Amanhecer";"Decrescente";"Céu Claro";"Simples";"Curva";"Não";1;0;0;1;0;0;1;1;-26,270051;-53,586643;"SPRF-PR";"DEL02-PR";"UOP02-DEL02-PR"
420773;2022-03-15;"terça-feira";"11:00:00";"TO";153;510;"PARAISO DO TOCANTINS";"Chuva";"Saída de leito carroçável";"Com Vítimas Feridas";"Pleno dia";"Crescente";"Chuva";"Simples";"Reta";"Não";4;0;2;0;2;0;2;1;-10,29038403;-48,8830938;"SPRF-TO";"DEL01-TO";"UOP01-DEL01-TO"
420776;2022-03-15;"terça-feira";"14:00:00";"SC";101;130,5;"BALNEARIO CAMBORIU";"Reação tardia ou ineficiente do condutor";"Tombamento";"Com Vítimas Feridas";"Pleno dia";"Decrescente";"Nublado";"Dupla";"Reta";"Sim";1;0;1;0;0;0;1;1;-26,98407618;-48,66977107;"SPRF-SC";"DEL04-SC";"UOP03-DEL04-SC"
420777;2022-03-15;"terça-feira";"13:30:00";"MT";364;242;"JUSCIMEIRA";"Acesso irregular";"Colisão transversal";"Com Vítimas Feridas";"Pleno dia";"Decrescente";"Nublado";"Dupla";"Curva";"Não";4;0;3;0;1;0;3;2;-16,15992381;-54,79204953;"SPRF-MT";"DEL02-MT";"UOP01-DEL02-MT"
420778;2022-03-15;"terça-feira";"12:45:00";"RN";304;31,8;"MOSSORO";"Reação tardia ou ineficiente do condutor";"Colisão traseira";"Com Vítimas Feridas";"Pleno dia";"Decrescente";"Chuva";"Simples";"Reta";"Sim";3;0;2;0;0;1;2;2;-5,12587296;-37,34293919;"SPRF-RN";"DEL04-RN";"UOP02-DEL04-RN"
420779;2022-03-15;"terça-feira";"14:50:00";"RS";386;342,2;"LAJEADO";"Acessar a via sem observar a presença dos outros veículos";"Saída de leito carroçável";"Com Vítimas Feridas";"Pleno dia";"Crescente";"Nublado";"Simples";"Reta";"Sim";5;0;1;0;4;0;1;2;-29,431631;-52,011932;"SPRF-RS";"DEL04-RS";"UOP01-DEL04-RS"
420780;2022-03-15;"terça-feira";"12:30:00";"MA";135;55,8;"BACABEIRA";"Pista Escorregadia";"Colisão com objeto";"Com Vítimas Feridas";"Pleno dia";"Crescente";"Chuva";"Dupla";"Reta";"Não";4;0;1;0;3;0;1;1;-3,0144787;-44,31501175;"SPRF-MA";"DEL01-MA";"UOP02-DEL01-MA"
420782;2022-03-15;"terça-feira";"15:30:00";"RN";110;107;"UPANEMA";"Reação tardia ou ineficiente do condutor";"Saída de leito carroçável";"Com Vítimas Feridas";"Pleno dia";"Crescente";"Chuva";"Simples";"Curva";"Não";1;0;1;0;0;0;1;1;-5,70609134;-37,27556891;"SPRF-RN";"DEL04-RN";"UOP01-DEL04-RN"
420783;2022-03-15;"terça-feira";"15:30:00";"ES";101;196;"JOAO NEIVA";"Avarias e/ou desgaste excessivo no pneu";"Saída de leito carroçável";"Com Vítimas Feridas";"Pleno dia";"Crescente";"Nublado";"Simples";"Reta";"Não";1;0;1;0;0;0;1;1;-19,70366692;-40,33122605;"SPRF-ES";"DEL04-ES";"UOP01-DEL04-ES"
420784;2022-02-23;"quarta-feira";"20:00:00";"SP";116;270;"TABOAO DA SERRA";"Ausência de reação do condutor";"Colisão traseira";"Sem Vítimas";"Plena Noite";"Decrescente";"Céu Claro";"Múltipla";"Reta";"Sim";2;0;0;0;1;1;0;2;-23,61799728;-46,79677694;"SPRF-SP";"DEL04-SP";"UOP01-DEL04-SP"
420785;2022-03-15;"terça-feira";"13:40:00";"GO";153;155,5;"CAMPINORTE";"Velocidade Incompatível";"Saída de leito carroçável";"Com Vítimas Feridas";"Pleno dia";"Crescente";"Chuva";"Simples";"Aclive;Reta";"Não";1;0;1;0;0;0;1;1;-14,12944;-49,111025;"SPRF-GO";"DEL07-GO";"UOP02-DEL07-GO"
420786;2022-03-15;"terça-feira";"15:30:00";"PE";101;80,5;"JABOATAO DOS GUARARAPES";"Reação tardia ou ineficiente do condutor";"Colisão traseira";"Com Vítimas Feridas";"Pleno dia";"Decrescente";"Céu Claro";"Dupla";"Reta";"Sim";2;0;1;0;1;0;1;2;-8,1597489;-34,94024569;"SPRF-PE";"DEL01-PE";"UOP01-DEL01-PE"
420788;2022-03-15;"terça-feira";"15:40:00";"MG";40;43;"PARACATU";"Ausência de reação do condutor";"Colisão traseira";"Com Vítimas Feridas";"Pleno dia";"Crescente";"Nublado";"Simples";"Reta";"Sim";5;0;1;0;2;2;1;3;-17,227385;-46,859704;"SPRF-MG";"DEL14-MG";"UOP01-DEL14-MG"
420789;2022-03-15;"terça-feira";"16:00:00";"PR";116;38,5;"CAMPINA GRANDE DO SUL";"Velocidade Incompatível";"Colisão com objeto";"Com Vítimas Feridas";"Pleno dia";"Crescente";"Chuva";"Dupla";"Curva";"Não";1;0;1;0;0;0;1;1;-25,156168;-48,8613401;"SPRF-PR";"DEL01-PR";"UOP02-DEL01-PR"
420792;2022-03-15;"terça-feira";"13:50:00";"SP";381;64;"MAIRIPORA";"Demais falhas mecânicas ou elétricas";"Colisão com objeto";"Sem Vítimas";"Pleno dia";"Decrescente";"Chuva";"Dupla";"Reta";"Não";1;0;0;0;1;0;0;1;-23,3089645;-46,57924651;"SPRF-SP";"DEL03-SP";"UOP01-DEL03-SP"
420793;2022-03-15;"terça-feira";"12:00:00";"SP";116;354;"MIRACATU";"Reação tardia ou ineficiente do condutor";"Tombamento";"Com Vítimas Feridas";"Pleno dia";"Crescente";"Nublado";"Múltipla";"Curva";"Não";2;0;1;0;1;0;1;1;-24,07491092;-47,24973213;"SPRF-SP";"DEL04-SP";"UOP02-DEL04-SP"
420797;2022-03-09;"quarta-feira";"08:45:00";"SC";282;502,6;"XANXERE";"Desrespeitar a preferência no cruzamento";"Colisão transversal";"Com Vítimas Feridas";"Pleno dia";"Crescente";"Nublado";"Simples";"Interseção de Vias;Reta;Declive";"Sim";3;0;1;0;2;0;1;2;-26,885381;-52,393464;"SPRF-SC";"DEL07-SC";"UOP01-DEL07-SC"
420799;2022-03-15;"terça-feira";"14:23:00";"BA";324;518;"FEIRA DE SANTANA";"Condutor deixou de manter distância do veículo da frente";"Colisão traseira";"Com Vítimas Feridas";"Pleno dia";"Decrescente";"Céu Claro";"Dupla";"Reta";"Sim";2;0;1;0;1;0;1;2;-12,258195;-38,932182;"SPRF-BA";"DEL02-BA";"UOP01-DEL02-BA"
420800;2022-03-15;"terça-feira";"16:50:00";"SP";488;1;"APARECIDA";"Desrespeitar a preferência no cruzamento";"Colisão transversal";"Com Vítimas Feridas";"Pleno dia";"Crescente";"Nublado";"Simples";"Rotatória";"Sim";2;0;1;0;1;0;1;2;-22,850164;-45,231808;"SPRF-SP";"DEL08-SP";"UOP01-DEL08-SP"
420801;2022-02-05;"sábado";"05:40:00";"RR";174;6;"BOA VISTA";"Pista esburacada";"Queda de ocupante de veículo";"Com Vítimas Feridas";"Amanhecer";"Crescente";"Céu Claro";"Simples";"Reta";"Não";1;0;0;1;0;0;1;1;2,78913276;-60,78297615;"SPRF-RR";"DEL01-RR";"UOP01-DEL01-RR"
420803;2022-03-15;"terça-feira";"16:54:00";"RJ";101;331;"RIO DE JANEIRO";"Reação tardia ou ineficiente do condutor";"Colisão traseira";"Com Vítimas Feridas";"Pleno dia";"Decrescente";"Céu Claro";"Dupla";"Reta";"Sim";2;0;1;0;1;0;1;2;-22,867662;-43,195337;"SPRF-RJ";"DEL02-RJ";"UOP01-DEL02-RJ"
420804;2022-03-15;"terça-feira";"17:40:00";"PR";376;1;"APUCARANA";"Conversão proibida";"Colisão transversal";"Com Vítimas Feridas";"Pleno dia";"Decrescente";"Céu Claro";"Simples";"Reta;Declive";"Não";2;0;1;0;1;0;1;2;-23,574432;-51,42465;"SPRF-PR";"DEL07-PR";"UOP03-DEL07-PR"
420805;2022-03-15;"terça-feira";"17:00:00";"CE";20;426;"FORTALEZA";"Acessar a via sem observar a presença dos outros veículos";"Colisão transversal";"Sem Vítimas";"Pleno dia";"Decrescente";"Nublado";"Dupla";"Reta";"Não";2;0;0;0;2;0;0;2;-3,86334474;-38,52469683;"SPRF-CE";"DEL01-CE";"UOP02-DEL01-CE"
420806;2022-03-15;"terça-feira";"12:40:00";"PR";376;653;"TIJUCAS DO SUL";"Mal súbito do condutor";"Saída de leito carroçável";"Com Vítimas Feridas";"Pleno dia";"Decrescente";"Sol";"Dupla";"Reta";"Não";1;0;1;0;0;0;1;1;-25,84420191;-49,0604381;"SPRF-PR";"DEL01-PR";"UOP04-DEL01-PR"
420808;2022-03-15;"terça-feira";"16:30:00";"RS";470;166,2;"VILA FLORES";"Acessar a via sem observar a presença dos outros veículos";"Colisão transversal";"Com Vítimas Feridas";"Pleno dia";"Crescente";"Nublado";"Simples";"Reta;Retorno Regulamentado;Aclive";"Não";3;0;1;0;2;0;1;2;-28,84766792;-51,57122398;"SPRF-RS";"DEL06-RS";"UOP02-DEL06-RS"
420810;2022-03-15;"terça-feira";"17:05:00";"SP";116;279,5;"EMBU DAS ARTES";"Trafegar com motocicleta (ou similar) entre as faixas";"Colisão traseira";"Com Vítimas Feridas";"Pleno dia";"Crescente";"Garoa/Chuvisco";"Dupla";"Reta";"Sim";2;0;1;0;1;0;1;2;-23,66233697;-46,85292907;"SPRF-SP";"DEL04-SP";"UOP01-DEL04-SP"
420811;2022-03-15;"terça-feira";"17:50:00";"SP";116;54,3;"LORENA";"Ausência de reação do condutor";"Colisão lateral mesmo sentido";"Com Vítimas Feridas";"Pleno dia";"Crescente";"Chuva";"Múltipla";"Reta";"Sim";2;0;1;0;1;0;1;2;-22,75803895;-45,11508003;"SPRF-SP";"DEL08-SP";"UOP02-DEL08-SP"