"id";"data_inversa";"dia_semana";"horario";"uf";"br";"km";"municipio";"causa_acidente";"tipo_acidente";"classificacao_acidente";"fase_dia";"sentido_via";"condicao_metereologica";"tipo_pista";"tracado_via";"uso_solo";"pessoas";"mortos";"feridos_leves";"feridos_graves";"ilesos";"ignorados";"feridos";"veiculos";"latitude";"longitude";"regional";"delegacia";"uop"
420812;2022-02-04;"sexta-feira";"17:30:00";"RS";290;73,9;"GRAVATAI";"Velocidade Incompatível";"Saída de leito carroçável";"Com Vítimas Fatais";"Pleno dia";"Decrescente";"Céu Claro";"Dupla";"Reta";"Não";10;2;2;2;4;0;4;6;-29,952868;-50,986462;"SPRF-RS";"DEL03-RS";"UOP01-DEL03-RS"
420814;2022-03-15;"terça-feira";"18:00:00";"SC";101;211;"PALHOCA";"Manobra de mudança de faixa";"Colisão lateral mesmo sentido";"Com Vítimas Feridas";"Anoitecer";"Crescente";"Céu Claro";"Múltipla";"Reta";"Não";3;0;2;0;1;0;2;2;-27,62329313;-48,65245588;"SPRF-SC";"DEL01-SC";"UOP02-DEL01-SC"
420815;2022-02-17;"quinta-feira";"18:10:00";"GO";40;7;"VALPARAISO DE GOIAS";"Condutor deixou de manter distância do veículo da frente";"Colisão traseira";"Com Vítimas Feridas";"Anoitecer";"Crescente";"Nublado";"Dupla";"Reta";"Sim";2;0;0;1;1;0;1;2;-16,108482;-47,972524;"SPRF-DF";"DEL01-DF";"UOP01-DEL01-DF"
420816;2022-03-15;"terça-feira";"18:10:00";"PB";230;24;"JOAO PESSOA";"Ausência de reação do condutor";"Engavetamento";"Com Vítimas Feridas";"Plena Noite";"Decrescente";"Nublado";"Dupla";"Viaduto";"Sim";4;0;2;0;2;0;2;4;-7,16641415;-34,86325499;"SPRF-PB";"DEL01-PB";"UOP01-DEL01-PB"
420820;2022-03-15;"terça-feira";"18:53:00";"SE";235;2,5;"ARACAJU";"Pedestre cruzava a pista fora da faixa";"Atropelamento de Pedestre";"Com Vítimas Feridas";"Plena Noite";"Crescente";"Céu Claro";"Dupla";"Reta;Aclive";"Sim";2;0;0;2;0;0;2;2;-10,90642817;-37,10249305;"SPRF-SE";"DEL01-SE";"UOP01-DEL01-SE"
420821;2022-03-15;"terça-feira";"16:20:00";"MT";364;364;"SANTO ANTONIO DO LEVERGER";"Ausência de reação do condutor";"Saída de leito carroçável";"Com Vítimas Feridas";"Pleno dia";"Decrescente";"Céu Claro";"Dupla";"Reta";"Não";1;0;1;0;0;0;1;1;-15,76687492;-55,6552047;"SPRF-MT";"DEL01-MT";"UOP02-DEL01-MT"
420823;2022-03-15;"terça-feira";"14:20:00";"MG";262;737,5;"PERDIZES";"Velocidade Incompatível";"Saída de leito carroçável";"Com Vítimas Feridas";"Pleno dia";"Crescente";"Chuva";"Simples";"Reta";"Não";1;0;1;0;0;0;1;1;-19,61298543;-47,39259304;"SPRF-MG";"DEL08-MG";"UOP01-DEL08-MG"
420824;2022-02-13;"domingo";"20:45:00";"RJ";101;303;"SAO GONCALO";"Transitar na contramão";"Colisão frontal";"Com Vítimas Feridas";"Plena Noite";"Decrescente";"Céu Claro";"Dupla";"Reta";"Sim";2;0;1;0;1;0;1;2;-22,7828205;-42,9766681;"SPRF-RJ";"DEL02-RJ";"UOP02-DEL02-RJ"
420825;2022-03-15;"terça-feira";"19:10:00";"RS";116;268;"CANOAS";"Ausência de reação do condutor";"Engavetamento";"Com Vítimas Feridas";"Plena Noite";"Decrescente";"Nublado";"Dupla";"Reta";"Sim";4;0;2;0;2;0;2;3;-29,95214784;-51,17666703;"SPRF-RS";"DEL01-RS";"UOP01-DEL01-RS"
420826;2022-03-15;"terça-feira";"08:30:00";"BA";235;348;"JUAZEIRO";"Condutor deixou de manter distância do veículo da frente";"Colisão traseira";"Com Vítimas Feridas";"Pleno dia";"Decrescente";"Céu Claro";"Simples";"Reta";"Sim";5;0;5;0;0;0;5;2;-9,450034;-40,485652;"SPRF-PE";"DEL06-PE";"UOP01-DEL06-PE"
420828;2022-03-15;"terça-feira";"18:30:00";"RS";293;121;"PINHEIRO MACHADO";"Ausência de reação do condutor";"Saída de leito carroçável";"Com Vítimas Feridas";"Anoitecer";"Crescente";"Céu Claro";"Simples";"Curva;Aclive";"Não";2;0;2;0;0;0;2;1;-31,52643715;-53,50820148;"SPRF-RS";"DEL11-RS";"UOP03-DEL11-RS"
420829;2022-03-15;"terça-feira";"18:40:00";"DF";70;9;"BRASILIA";"Transitar no acostamento";"Atropelamento de Pedestre";"Com Vítimas Feridas";"Plena Noite";"Crescente";"Céu Claro";"Dupla";"Reta";"Sim";4;0;1;0;3;0;1;2;-15,784615;-48,132023;"SPRF-DF";"DEL03-DF";"UOP02-DEL03-DF"
420830;2022-03-15;"terça-feira";"17:00:00";"SC";280;87;"CORUPA";"Pista Escorregadia";"Saída de leito carroçável";"Com Vítimas Feridas";"Pleno dia";"Crescente";"Chuva";"Simples";"Curva;Aclive";"Não";2;0;2;0;0;0;2;1;-26,41501369;-49,25741675;"SPRF-SC";"DEL06-SC";"UOP03-DEL06-SC"
420832;2022-03-15;"terça-feira";"17:00:00";"MG";262;36,2;"MANHUACU";"Reação tardia ou ineficiente do condutor";"Colisão frontal";"Com Vítimas Feridas";"Pleno dia";"Decrescente";"Céu Claro";"Simples";"Reta";"Não";3;0;1;0;2;0;1;2;-20,25932046;-42,02298331;"SPRF-MG";"DEL06-MG";"UOP03-DEL06-MG"
420834;2022-03-15;"terça-feira";"18:45:00";"RS";158;328,3;"SANTA MARIA";"Ausência de sinalização";"Colisão lateral sentido oposto";"Com Vítimas Feridas";"Plena Noite";"Decrescente";"Céu Claro";"Simples";"Retorno Regulamentado";"Sim";4;0;1;0;3;0;1;2;-29,71112906;-53,81968204;"SPRF-RS";"DEL09-RS";"UOP01-DEL09-RS"
420836;2022-03-01;"terça-feira";"17:28:00";"RJ";40;108;"DUQUE DE CAXIAS";"Avarias e/ou desgaste excessivo no pneu";"Colisão lateral mesmo sentido";"Com Vítimas Feridas";"Pleno dia";"Crescente";"Céu Claro";"Simples";"Reta";"Sim";3;0;3;0;0;0;3;2;-22,66476979;-43,28495144;"SPRF-RJ";"DEL01-RJ";"UOP01-DEL01-RJ"
420837;2022-03-03;"quinta-feira";"00:30:00";"SC";282;351,4;"CAMPOS NOVOS";"Transitar na contramão";"Colisão frontal";"Com Vítimas Fatais";"Plena Noite";"Crescente";"Céu Claro";"Simples";"Reta";"Não";5;1;1;2;1;0;3;2;-27,3603137;-51,2979075;"SPRF-SC";"DEL07-SC";"UOP06-DEL07-SC"
420838;2022-03-15;"terça-feira";"19:30:00";"RJ";465;20;"NOVA IGUACU";"Ausência de reação do condutor";"Colisão traseira";"Sem Vítimas";"Plena Noite";"Crescente";"Céu Claro";"Simples";"Reta";"Sim";2;0;0;0;2;0;0;2;-22,846828;-43,605339;"SPRF-RJ";"DEL03-RJ";"UOP01-DEL03-RJ"
420842;2022-03-15;"terça-feira";"21:25:00";"CE";116;16;"EUSEBIO";"Animais na Pista";"Queda de ocupante de veículo";"Com Vítimas Feridas";"Plena Noite";"Decrescente";"Nublado";"Dupla";"Reta";"Sim";1;0;1;0;0;0;1;1;-3,88732794;-38,50185439;"SPRF-CE";"DEL01-CE";"UOP02-DEL01-CE"
420844;2022-03-15;"terça-feira";"21:20:00";"SC";101;192,4;"BIGUACU";"Iluminação deficiente";"Atropelamento de Pedestre";"Com Vítimas Fatais";"Plena Noite";"Decrescente";"Nublado";"Dupla";"Reta";"Sim";2;1;1;0;0;0;1;2;-27,48443781;-48,64765238;"SPRF-SC";"DEL01-SC";"UOP01-DEL01-SC"
420845;2022-03-15;"terça-feira";"20:20:00";"PR";277;608,5;"SANTA TEREZA DO OESTE";"Deficiência do Sistema de Iluminação/Sinalização";"Colisão lateral mesmo sentido";"Com Vítimas Fatais";"Plena Noite";"Crescente";"Céu Claro";"Simples";"Reta";"Não";3;1;0;2;0;0;2;2;-25,04299405;-53,60478197;"SPRF-PR";"DEL05-PR";"UOP02-DEL05-PR"
420846;2022-03-15;"terça-feira";"21:45:00";"MG";381;921;"CAMANDUCAIA";"Velocidade Incompatível";"Tombamento";"Com Vítimas Feridas";"Plena Noite";"Crescente";"Chuva";"Dupla";"Curva;Declive";"Não";1;0;1;0;0;0;1;1;-22,76281001;-46,1703721;"SPRF-MG";"DEL16-MG";"UOP03-DEL16-MG"
420847;2022-03-15;"terça-feira";"20:40:00";"SC";101;341;"TUBARAO";"Ingestão de álcool pelo condutor";"Tombamento";"Com Vítimas Feridas";"Plena Noite";"Crescente";"Nublado";"Múltipla";"Reta";"Sim";1;0;1;0;0;0;1;1;-28,50999405;-49,05070686;"SPRF-SC";"DEL02-SC";"UOP01-DEL02-SC"
420848;2022-03-15;"terça-feira";"13:20:00";"BA";101;547;"SAO JOSE DA VITORIA";"Velocidade Incompatível";"Saída de leito carroçável";"Sem Vítimas";"Pleno dia";"Crescente";"Chuva";"Simples";"Curva;Declive";"Não";1;0;0;0;1;0;0;1;-15,14420745;-39,3852286;"SPRF-BA";"DEL05-BA";"UOP01-DEL05-BA"
420849;2022-03-15;"terça-feira";"09:00:00";"BA";116;94;"CHORROCHO";"Condutor Dormindo";"Capotamento";"Com Vítimas Fatais";"Pleno dia";"Decrescente";"Céu Claro";"Simples";"Reta";"Não";1;1;0;0;0;0;0;1;-9,43477799;-39,09410708;"SPRF-BA";"DEL07-BA";"UOP01-DEL07-BA"
420850;2022-03-15;"terça-feira";"21:55:00";"PR";116;126;"FAZENDA RIO GRANDE";"Pedestre cruzava a pista fora da faixa";"Atropelamento de Pedestre";"Com Vítimas Feridas";"Plena Noite";"Decrescente";"Garoa/Chuvisco";"Dupla";"Reta;Interseção de Vias";"Sim";3;0;0;3;0;0;3;2;-25,64081062;-49,31292772;"SPRF-PR";"DEL01-PR";"UOP03-DEL01-PR"
420851;2022-03-15;"terça-feira";"22:30:00";"RS";285;293,8;"PASSO FUNDO";"Desrespeitar a preferência no cruzamento";"Colisão transversal";"Com Vítimas Feridas";"Plena Noite";"Decrescente";"Nublado";"Simples";"Rotatória";"Sim";2;0;1;0;1;0;1;2;-28,236645;-52,375156;"SPRF-RS";"DEL08-RS";"UOP03-DEL08-RS"
420852;2022-03-15;"terça-feira";"18:00:00";"MG";116;659,1;"SAO FRANCISCO DO GLORIA";"Desrespeitar a preferência no cruzamento";"Colisão transversal";"Com Vítimas Feridas";"Anoitecer";"Decrescente";"Céu Claro";"Simples";"Interseção de Vias;Reta";"Não";2;0;0;2;0;0;2;2;-20,77308643;-42,30048629;"SPRF-MG";"DEL07-MG";"UOP03-DEL07-MG"
420853;2022-03-15;"terça-feira";"22:15:00";"SP";116;279;"EMBU DAS ARTES";"Velocidade Incompatível";"Capotamento";"Com Vítimas Feridas";"Plena Noite";"Decrescente";"Nublado";"Dupla";"Reta";"Sim";3;0;2;0;1;0;2;1;-23,64262417;-46,83811382;"SPRF-SP";"DEL04-SP";"UOP01-DEL04-SP"
420856;2022-03-15;"terça-feira";"22:50:00";"SP";116;89;"PINDAMONHANGABA";"Acessar a via sem observar a presença dos outros veículos";"Queda de ocupante de veículo";"Com Vítimas Feridas";"Plena Noite";"Decrescente";"Céu Claro";"Simples";"Retorno Regulamentado;Reta";"Sim";1;0;1;0;0;0;1;1;-22,93930884;-45,37874708;"SPRF-SP";"DEL08-SP";"UOP01-DEL08-SP"
420860;2022-03-15;"terça-feira";"22:45:00";"PB";230;24;"JOAO PESSOA";"Pedestre andava na pista";"Atropelamento de Pedestre";"Com Vítimas Fatais";"Plena Noite";"Crescente";"Chuva";"Simples";"Reta";"Sim";3;1;0;0;1;1;0;2;-7,1637;-34,8618;"SPRF-PB";"DEL01-PB";"UOP01-DEL01-PB"
420865;2022-03-15;"terça-feira";"23:20:00";"RO";425;107;"GUAJARA-MIRIM";"Animais na Pista";"Atropelamento de Animal";"Sem Vítimas";"Plena Noite";"Crescente";"Céu Claro";"Simples";"Aclive";"Não";2;0;0;0;2;0;0;1;-10,470505;-65,343887;"SPRF-RO";"DEL01-RO";"UOP03-DEL01-RO"
420866;2022-03-16;"quarta-feira";"01:45:00";"MS";163;256;"DOURADOS";"Reação tardia ou ineficiente do condutor";"Saída de leito carroçável";"Com Vítimas Feridas";"Plena Noite";"Crescente";"Ignorado";"Dupla";"Curva";"Sim";2;0;1;0;1;0;1;1;-22,258688;-54,804028;"SPRF-MS";"DEL04-MS";"UOP01-DEL04-MS"
420867;2022-03-16;"quarta-feira";"02:00:00";"RJ";101;75;"CAMPOS DOS GOYTACAZES";"Ingestão de álcool e/ou substâncias psicoativas pelo pedestre";"Saída de leito carroçável";"Sem Vítimas";"Plena Noite";"Crescente";"Céu Claro";"Simples";"Interseção de Vias";"Não";1;0;0;0;1;0;0;1;-21,816525;-41,397686;"SPRF-RJ";"DEL08-RJ";"UOP02-DEL08-RJ"
420868;2022-03-16;"quarta-feira";"03:40:00";"AP";156;822;"OIAPOQUE";"Velocidade Incompatível";"Queda de ocupante de veículo";"Com Vítimas Feridas";"Plena Noite";"Crescente";"Céu Claro";"Simples";"Reta";"Sim";1;0;0;1;0;0;1;1;3,85158192;-51,82320014;"SPRF-AP";"DEL01-AP";"UOP03-DEL01-AP"
420870;2022-03-15;"terça-feira";"14:00:00";"MG";381;531,8;"ITATIAIUCU";"Demais falhas mecânicas ou elétricas";"Incêndio";"Sem Vítimas";"Pleno dia";"Crescente";"Céu Claro";"Dupla";"Curva";"Não";1;0;0;0;1;0;0;1;-20,16445626;-44,36412334;"SPRF-MG";"DEL04-MG";"UOP03-DEL04-MG"
420871;2022-03-15;"terça-feira";"22:45:00";"RJ";40;117;"DUQUE DE CAXIAS";"Ingestão de álcool e/ou substâncias psicoativas pelo pedestre";"Tombamento";"Com Vítimas Feridas";"Plena Noite";"Crescente";"Nublado";"Múltipla";"Reta";"Sim";1;0;1;0;0;0;1;1;-22,745676;-43,2881;"SPRF-RJ";"DEL01-RJ";"UOP01-DEL01-RJ"
420872;2022-03-15;"terça-feira";"21:10:00";"BA";242;393;"SEABRA";"Deficiência do Sistema de Iluminação/Sinalização";"Colisão traseira";"Com Vítimas Fatais";"Plena Noite";"Decrescente";"Céu Claro";"Simples";"Reta";"Não";3;1;1;0;1;0;1;2;-12,458997;-41,633717;"SPRF-BA";"DEL06-BA";"UOP01-DEL06-BA"
420874;2022-03-16;"quarta-feira";"05:50:00";"DF";70;19,5;"BRASILIA";"Reação tardia ou ineficiente do condutor";"Colisão com objeto";"Com Vítimas Feridas";"Amanhecer";"Decrescente";"Nublado";"Dupla";"Curva;Aclive";"Não";1;0;1;0;0;0;1;1;-15,788868;-48,220242;"SPRF-DF";"DEL03-DF";"UOP02-DEL03-DF"
420875;2022-03-16;"quarta-feira";"06:30:00";"MG";381;482,2;"BETIM";"Reação tardia ou ineficiente do condutor";"Colisão traseira";"Com Vítimas Feridas";"Pleno dia";"Decrescente";"Sol";"Múltipla";"Reta";"Sim";5;0;1;0;3;1;1;4;-19,955532;-44,097209;"SPRF-MG";"DEL01-MG";"UOP03-DEL01-MG"
420876;2022-03-16;"quarta-feira";"03:45:00";"SP";381;87;"SAO PAULO";"Reação tardia ou ineficiente do condutor";"Colisão com objeto";"Com Vítimas Feridas";"Plena Noite";"Decrescente";"Nublado";"Dupla";"Reta";"Sim";2;0;2;0;0;0;2;1;-23,46885001;-46,56996601;"SPRF-SP";"DEL03-SP";"UOP01-DEL03-SP"
420877;2022-02-19;"sábado";"16:35:00";"BA";324;295;"JACOBINA";"Acessar a via sem observar a presença dos outros veículos";"Colisão lateral mesmo sentido";"Com Vítimas Feridas";"Pleno dia";"Crescente";"Céu Claro";"Dupla";"Reta";"Não";2;0;1;1;0;0;2;2;-11,19322111;-40,50109863;"SPRF-BA";"DEL04-BA";"UOP02-DEL04-BA"
420878;2022-03-16;"quarta-feira";"07:10:00";"MG";40;511;"RIBEIRAO DAS NEVES";"Demais falhas mecânicas ou elétricas";"Queda de ocupante de veículo";"Com Vítimas Feridas";"Pleno dia";"Crescente";"Céu Claro";"Dupla";"Declive;Reta";"Sim";1;0;1;0;0;0;1;1;-19,78164295;-44,11733194;"SPRF-MG";"DEL01-MG";"UOP02-DEL01-MG"
420879;2022-03-16;"quarta-feira";"07:10:00";"PE";101;58;"RECIFE";"Transitar no acostamento";"Atropelamento de Pedestre";"Com Vítimas Feridas";"Pleno dia";"Crescente";"Sol";"Dupla";"Reta";"Sim";2;0;0;1;1;0;1;2;-7,97063209;-34,92064675;"SPRF-PE";"DEL01-PE";"UOP02-DEL01-PE"
420880;2022-03-16;"quarta-feira";"06:40:00";"PE";232;10,6;"JABOATAO DOS GUARARAPES";"Manobra de mudança de faixa";"Colisão transversal";"Com Vítimas Feridas";"Pleno dia";"Decrescente";"Nublado";"Dupla";"Declive;Reta";"Sim";3;0;3;0;0;0;3;2;-8,080711;-34,993208;"SPRF-PE";"DEL01-PE";"UOP01-DEL01-PE"
420881;2022-03-16;"quarta-feira";"03:00:00";"SC";470;67,5;"INDAIAL";"Ausência de reação do condutor";"Colisão lateral mesmo sentido";"Com Vítimas Feridas";"Plena Noite";"Decrescente";"Chuva";"Simples";"Desvio Temporário;Reta";"Sim";2;0;0;1;0;1;1;2;-26,872158;-49,23127;"SPRF-SC";"DEL04-SC";"UOP01-DEL04-SC"
420882;2022-03-16;"quarta-feira";"07:00:00";"ES";101;73,8;"SAO MATEUS";"Transitar no acostamento";"Colisão transversal";"Com Vítimas Feridas";"Pleno dia";"Crescente";"Céu Claro";"Simples";"Reta";"Não";2;0;1;0;1;0;1;2;-18,77024976;-39,86802529;"SPRF-ES";"DEL04-ES";"UOP02-DEL04-ES"
420884;2022-02-20;"domingo";"18:10:00";"RN";304;84,8;"ACU";"Animais na Pista";"Atropelamento de Animal";"Sem Vítimas";"Plena Noite";"Decrescente";"Nublado";"Simples";"Reta";"Não";2;0;0;0;2;0;0;2;-5,49932609;-37,14569806;"SPRF-RN";"DEL04-RN";"UOP01-DEL04-RN"
420885;2022-03-16;"quarta-feira";"06:55:00";"RJ";101;60;"CAMPOS DOS GOYTACAZES";"Condutor desrespeitou a iluminação vermelha do semáforo";"Colisão transversal";"Sem Vítimas";"Pleno dia";"Crescente";"Céu Claro";"Simples";"Reta";"Sim";2;0;0;0;1;1;0;2;-21,72048414;-41,31448591;"SPRF-RJ";"DEL08-RJ";"UOP01-DEL08-RJ"
420886;2022-03-16;"quarta-feira";"07:10:00";"RS";290;106;"ELDORADO DO SUL";"Condutor deixou de manter distância do veículo da frente";"Colisão traseira";"Sem Vítimas";"Pleno dia";"Decrescente";"Céu Claro";"Dupla";"Reta";"Não";2;0;0;0;2;0;0;2;-29,998999;-51,294563;"SPRF-RS";"DEL02-RS";"UOP01-DEL02-RS"
420889;2022-03-15;"terça-feira";"16:50:00";"PE";428;189,8;"PETROLINA";"Desrespeitar a preferência no cruzamento";"Tombamento";"Com Vítimas Feridas";"Pleno dia";"Decrescente";"Céu Claro";"Dupla";"Reta";"Sim";2;0;1;1;0;0;2;1;-9,37197508;-40,48679585;"SPRF-PE";"DEL06-PE";"UOP01-DEL06-PE"
420890;2022-03-16;"quarta-feira";"06:20:00";"ES";101;299;"VIANA";"Avarias e/ou desgaste excessivo no pneu";"Queda de ocupante de veículo";"Com Vítimas Feridas";"Pleno dia";"Crescente";"Céu Claro";"Dupla";"Curva";"Sim";2;0;0;2;0;0;2;1;-20,35860628;-40,42327504;"SPRF-ES";"DEL01-ES";"UOP01-DEL01-ES"
420891;2022-03-16;"quarta-feira";"07:30:00";"SC";101;213,3;"PALHOCA";"Reação tardia ou ineficiente do condutor";"Queda de ocupante de veículo";"Com Vítimas Feridas";"Pleno dia";"Crescente";"Garoa/Chuvisco";"Múltipla";"Reta";"Sim";1;0;1;0;0;0;1;1;-27,63697369;-48,66514142;"SPRF-SC";"DEL01-SC";"UOP02-DEL01-SC"
420893;2022-03-16;"quarta-feira";"07:20:00";"RJ";40;120;"DUQUE DE CAXIAS";"Trafegar com motocicleta (ou similar) entre as faixas";"Colisão lateral mesmo sentido";"Com Vítimas Feridas";"Pleno dia";"Crescente";"Céu Claro";"Múltipla";"Reta";"Sim";2;0;1;0;1;0;1;2;-22,77280597;-43,28626763;"SPRF-RJ";"DEL01-RJ";"UOP01-DEL01-RJ"
420894;2022-03-16;"quarta-feira";"07:00:00";"AL";101;181;"JUNQUEIRO";"Acumulo de água sobre o pavimento";"Capotamento";"Com Vítimas Feridas";"Pleno dia";"Decrescente";"Chuva";"Dupla";"Declive;Curva";"Não";2;0;1;0;1;0;1;1;-9,89535548;-36,41225988;"SPRF-AL";"DEL02-AL";"UOP02-DEL02-AL"
420896;2022-03-16;"quarta-feira";"08:00:00";"SP";153;75,9;"BADY BASSITT";"Acumulo de areia ou detritos sobre o pavimento";"Saída de leito carroçável";"Com Vítimas Feridas";"Pleno dia";"Crescente";"Céu Claro";"Dupla";"Aclive";"Não";3;0;1;1;1;0;2;1;-20,89418221;-49,43387582;"SPRF-SP";"DEL09-SP";"UOP01-DEL09-SP"
420897;2022-03-16;"quarta-feira";"07:15:00";"BA";324;612;"SALVADOR";"Reação tardia ou ineficiente do condutor";"Colisão traseira";"Com Vítimas Feridas";"Pleno dia";"Decrescente";"Chuva";"Dupla";"Reta";"Não";3;0;1;0;2;0;1;2;-12,84664721;-38,41741648;"SPRF-BA";"DEL01-BA";"UOP01-DEL01-BA"
420900;2022-03-16;"quarta-feira";"08:10:00";"DF";20;12;"BRASILIA";"Reação tardia ou ineficiente do condutor";"Colisão traseira";"Com Vítimas Feridas";"Pleno dia";"Crescente";"Céu Claro";"Dupla";"Reta";"Sim";2;0;1;0;1;0;1;2;-15,642812;-47,757786;"SPRF-DF";"DEL02-DF";"UOP01-DEL02-DF"
420901;2022-03-16;"quarta-feira";"08:40:00";"ES";259;6;"JOAO NEIVA";"Reação tardia ou ineficiente do condutor";"Queda de ocupante de veículo";"Com Vítimas Feridas";"Pleno dia";"Crescente";"Nublado";"Simples";"Curva";"Não";2;0;0;2;0;0;2;1;-19,68870615;-40,38869427;"SPRF-ES";"DEL02-ES";"UOP01-DEL02-ES"
420904;2022-03-16;"quarta-feira";"09:02:00";"BA";116;430;"FEIRA DE SANTANA";"Reação tardia ou ineficiente do condutor";"Colisão traseira";"Com Vítimas Feridas";"Pleno dia";"Decrescente";"Céu Claro";"Dupla";"Curva";"Não";2;0;2;0;0;0;2;2;-12,288793;-39,0152866;"SPRF-BA";"DEL02-BA";"UOP01-DEL02-BA"
420906;2022-03-16;"quarta-feira";"07:45:00";"PE";232;111,2;"BEZERROS";"Ausência de reação do condutor";"Colisão traseira";"Sem Vítimas";"Pleno dia";"Crescente";"Sol";"Dupla";"Reta";"Não";2;0;0;0;2;0;0;2;-8,2922971;-35,82419791;"SPRF-PE";"DEL02-PE";"UOP02-DEL02PE"
420907;2022-03-16;"quarta-feira";"05:50:00";"RJ";101;306;"SAO GONCALO";"Demais falhas mecânicas ou elétricas";"Queda de ocupante de veículo";"Com Vítimas Feridas";"Pleno dia";"Crescente";"Céu Claro";"Dupla";"Reta";"Sim";2;0;0;1;1;0;1;1;-22,78913759;-43,00550909;"SPRF-RJ";"DEL02-RJ";"UOP02-DEL02-RJ"
420908;2022-02-13;"domingo";"00:30:00";"PR";277;79;"CURITIBA";"Ingestão de álcool pelo condutor";"Colisão traseira";"Com Vítimas Feridas";"Plena Noite";"Decrescente";"Céu Claro";"Dupla";"Aclive";"Sim";3;0;1;0;2;0;1;2;-25,47728044;-49,20518875;"SPRF-PR";"DEL01-PR";"UOP01-DEL01-PR"
420909;2022-02-24;"quinta-feira";"23:30:00";"PR";476;128;"CURITIBA";"Ingestão de álcool pelo condutor";"Colisão transversal";"Com Vítimas Feridas";"Plena Noite";"Crescente";"Nublado";"Dupla";"Interseção de Vias";"Sim";2;0;1;0;1;0;1;2;-25,433048;-49,23156;"SPRF-PR";"DEL01-PR";"UOP03-DEL01-PR"
420911;2022-02-01;"terça-feira";"20:20:00";"AM";174;928;"MANAUS";"Pista esburacada";"Saída de leito carroçável";"Com Vítimas Feridas";"Plena Noite";"Crescente";"Céu Claro";"Simples";"Reta";"Não";1;0;0;1;0;0;1;1;-2,59031258;-60,03400959;"SPRF-AM";"DEL01-AM";"UOP01-DEL01-AM"
420917;2022-03-16;"quarta-feira";"03:20:00";"TO";226;26,5;"PALMEIRAS DO TOCANTINS";"Afundamento ou ondulação no pavimento";"Saída de leito carroçável";"Com Vítimas Fatais";"Plena Noite";"Decrescente";"Chuva";"Simples";"Reta";"Não";1;1;0;0;0;0;0;1;-6,641345;-47,667072;"SPRF-TO";"DEL02-TO";"UOP03-DEL02-TO"
420919;2022-03-16;"quarta-feira";"09:30:00";"BA";324;565,6;"SAO SEBASTIAO DO PASSE";"Velocidade Incompatível";"Capotamento";"Com Vítimas Feridas";"Pleno dia";"Crescente";"Céu Claro";"Dupla";"Reta";"Sim";5;0;2;0;3;0;2;2;-12,530303;-38,602736;"SPRF-BA";"DEL01-BA";"UOP01-DEL01-BA"
420923;2022-03-16;"quarta-feira";"11:10:00";"PR";369;142,2;"IBIPORA";"Ultrapassagem Indevida";"Colisão frontal";"Com Vítimas Fatais";"Pleno dia";"Crescente";"Céu Claro";"Simples";"Declive";"Sim";3;1;0;2;0;0;2;2;-23,29034221;-51,08461261;"SPRF-PR";"DEL07-PR";"UOP01-DEL07-PR"
420925;2022-03-09;"quarta-feira";"07:29:00";"SP";116;207;"GUARULHOS";"Reação tardia ou ineficiente do condutor";"Colisão traseira";"Sem Vítimas";"Pleno dia";"Decrescente";"Céu Claro";"Simples";"Reta";"Sim";2;0;0;0;2;0;0;2;-23,41972188;-46,38419203;"SPRF-SP";"DEL01-SP";"UOP01-DEL01-SP"
420926;2022-03-16;"quarta-feira";"09:50:00";"SP";116;270;"TABOAO DA SERRA";"Demais falhas mecânicas ou elétricas";"Saída de leito carroçável";"Com Vítimas Feridas";"Pleno dia";"Decrescente";"Céu Claro";"Dupla";"Reta";"Sim";1;0;1;0;0;0;1;1;-23,61799728;-46,79677694;"SPRF-SP";"DEL04-SP";"UOP01-DEL04-SP"
420927;2022-03-16;"quarta-feira";"08:00:00";"PR";277;292;"PRUDENTOPOLIS";"Avarias e/ou desgaste excessivo no pneu";"Saída de leito carroçável";"Com Vítimas Feridas";"Amanhecer";"Crescente";"Garoa/Chuvisco";"Simples";"Reta";"Não";4;0;4;0;0;0;4;1;-25,31819338;-51,02223907;"SPRF-PR";"DEL03-PR";"UOP03-DEL03-PR"
420931;2022-03-16;"quarta-feira";"10:45:00";"MT";163;702,9;"SORRISO";"Ausência de reação do condutor";"Saída de leito carroçável";"Com Vítimas Feridas";"Pleno dia";"Crescente";"Céu Claro";"Simples";"Reta";"Não";1;0;1;0;0;0;1;1;-13,06568182;-55,92322902;"SPRF-MT";"DEL06-MT";"UOP01-DEL06-MT"
420932;2022-03-16;"quarta-feira";"04:55:00";"RJ";101;21;"CAMPOS DOS GOYTACAZES";"Condutor Dormindo";"Saída de leito carroçável";"Com Vítimas Feridas";"Pleno dia";"Decrescente";"Céu Claro";"Simples";"Curva";"Não";1;0;1;0;0;0;1;1;-21,39099193;-41,34415107;"SPRF-RJ";"DEL08-RJ";"UOP01-DEL08-RJ"
420935;2022-03-16;"quarta-feira";"11:30:00";"SC";101;442,3;"SANTA ROSA DO SUL";"Ausência de reação do condutor";"Engavetamento";"Com Vítimas Feridas";"Pleno dia";"Crescente";"Chuva";"Múltipla";"Reta";"Não";4;0;1;0;3;0;1;3;-29,12959329;-49,68678391;"SPRF-SC";"DEL02-SC";"UOP02-DEL02-SC"