"id";"data_inversa";"dia_semana";"horario";"uf";"br";"km";"municipio";"causa_acidente";"tipo_acidente";"classificacao_acidente";"fase_dia";"sentido_via";"condicao_metereologica";"tipo_pista";"tracado_via";"uso_solo";"pessoas";"mortos";"feridos_leves";"feridos_graves";"ilesos";"ignorados";"feridos";"veiculos";"latitude";"longitude";"regional";"delegacia";"uop"
421075;2022-03-17;"quinta-feira";"09:15:00";"PB";230;21;"JOAO PESSOA";"Velocidade Incompatível";"Colisão traseira";"Sem Vítimas";"Pleno dia";"Decrescente";"Céu Claro";"Dupla";"Reta";"Sim";3;0;0;0;3;0;0;3;-7,1415;-34,8519;"SPRF-PB";"DEL01-PB";"UOP01-DEL01-PB"
421076;2022-03-17;"quinta-feira";"09:10:00";"PB";230;5;"CABEDELO";"Avarias e/ou desgaste excessivo no pneu";"Queda de ocupante de veículo";"Com Vítimas Feridas";"Pleno dia";"Crescente";"Céu Claro";"Dupla";"Reta";"Sim";2;0;2;0;0;0;2;1;-7,01;-34,8312;"SPRF-PB";"DEL01-PB";"UOP01-DEL01-PB"
421077;2022-03-17;"quinta-feira";"08:55:00";"RN";101;97;"NATAL";"Ausência de reação do condutor";"Colisão traseira";"Sem Vítimas";"Pleno dia";"Decrescente";"Sol";"Múltipla";"Reta";"Sim";4;0;0;0;4;0;0;4;-5,85758898;-35,21271205;"SPRF-RN";"DEL01-RN";"UOP01-DEL01-RN"
421084;2022-03-17;"quinta-feira";"10:50:00";"PI";343;309;"ALTOS";"Acessar a via sem observar a presença dos outros veículos";"Colisão transversal";"Com Vítimas Feridas";"Pleno dia";"Decrescente";"Céu Claro";"Simples";"Reta";"Sim";2;0;1;0;1;0;1;2;-5,03971635;-42,47254908;"SPRF-PI";"DEL01-PI";"UOP01-DEL01-PI"
421086;2022-03-17;"quinta-feira";"11:40:00";"AL";101;172,2;"TEOTONIO VILELA";"Acumulo de água sobre o pavimento";"Colisão com objeto";"Sem Vítimas";"Pleno dia";"Decrescente";"Chuva";"Dupla";"Curva";"Não";1;0;0;0;0;1;0;1;-9,90891928;-36,34223292;"SPRF-AL";"DEL02-AL";"UOP02-DEL02-AL"
421087;2022-03-17;"quinta-feira";"08:00:00";"RJ";493;71;"NOVA IGUACU";"Condutor Dormindo";"Capotamento";"Com Vítimas Feridas";"Amanhecer";"Decrescente";"Sol";"Dupla";"Reta";"Sim";4;0;1;0;2;1;1;2;-22,687757;-43,492604;"SPRF-RJ";"DEL01-RJ";"UOP03-DEL01-RJ"
421088;2022-03-17;"quinta-feira";"10:40:00";"SC";470;97,7;"APIUNA";"Desrespeitar a preferência no cruzamento";"Colisão transversal";"Com Vítimas Feridas";"Pleno dia";"Decrescente";"Sol";"Simples";"Interseção de Vias";"Sim";2;0;1;0;1;0;1;2;-27,026621;-49,378124;"SPRF-SC";"DEL04-SC";"UOP01-DEL04-SC"
421089;2022-01-24;"segunda-feira";"20:15:00";"PE";232;133;"CARUARU";"Demais falhas na via";"Tombamento";"Com Vítimas Feridas";"Plena Noite";"Crescente";"Céu Claro";"Dupla";"Reta";"Sim";1;0;1;0;0;0;1;1;-8,30607988;-36,01576003;"SPRF-PE";"DEL02-PE";"UOP03-DEL02-PE"
421091;2022-02-12;"sábado";"06:50:00";"MT";364;436;"VARZEA GRANDE";"Acessar a via sem observar a presença dos outros veículos";"Colisão transversal";"Sem Vítimas";"Pleno dia";"Crescente";"Céu Claro";"Dupla";"Reta";"Não";2;0;0;0;2;0;0;2;-15,638146;-56,12082;"SPRF-MT";"DEL01-MT";"UOP02-DEL01-MT"
421094;2022-03-17;"quinta-feira";"07:00:00";"SC";470;337;"CAMPOS NOVOS";"Ausência de reação do condutor";"Saída de leito carroçável";"Com Vítimas Feridas";"Amanhecer";"Crescente";"Céu Claro";"Simples";"Reta";"Não";1;0;1;0;0;0;1;1;-27,513157;-51,348293;"SPRF-SC";"DEL07-SC";"UOP06-DEL07-SC"
421096;2022-03-17;"quinta-feira";"13:00:00";"ES";101;290,2;"CARIACICA";"Pista Escorregadia";"Tombamento";"Com Vítimas Feridas";"Pleno dia";"Crescente";"Céu Claro";"Simples";"Rotatória";"Sim";1;0;0;1;0;0;1;1;-20,28927747;-40,39181575;"SPRF-ES";"DEL01-ES";"UOP01-DEL01-ES"
421102;2022-03-12;"sábado";"21:20:00";"PE";101;98;"CABO DE SANTO AGOSTINHO";"Animais na Pista";"Atropelamento de Animal";"Com Vítimas Feridas";"Plena Noite";"Crescente";"Nublado";"Dupla";"Reta";"Não";1;0;1;0;0;0;1;1;-8,25653422;-35,03811793;"SPRF-PE";"DEL01-PE";"UOP01-DEL01-PE"
421103;2022-03-17;"quinta-feira";"12:45:00";"GO";60;20,5;"ALEXANIA";"Avarias e/ou desgaste excessivo no pneu";"Colisão lateral mesmo sentido";"Com Vítimas Feridas";"Pleno dia";"Decrescente";"Céu Claro";"Dupla";"Curva";"Não";2;0;1;0;1;0;1;2;-16,0963;-48,5202;"SPRF-DF";"DEL03-DF";"UOP01-DEL03-DF"
421104;2022-03-12;"sábado";"19:50:00";"RS";116;152;"CAXIAS DO SUL";"Ausência de reação do condutor";"Saída de leito carroçável";"Com Vítimas Feridas";"Plena Noite";"Decrescente";"Garoa/Chuvisco";"Dupla";"Reta";"Sim";5;0;1;0;3;1;1;2;-29,1829343;-51,16801501;"SPRF-RS";"DEL05-RS";"UOP01-DEL05-RS"
421107;2022-03-17;"quinta-feira";"11:00:00";"RJ";40;74;"PETROPOLIS";"Acessar a via sem observar a presença dos outros veículos";"Colisão transversal";"Com Vítimas Feridas";"Pleno dia";"Crescente";"Céu Claro";"Simples";"Interseção de Vias";"Não";5;0;2;0;3;0;2;2;-22,47213296;-43,22307944;"SPRF-RJ";"DEL06-RJ";"UOP01-DEL06-RJ"
421108;2022-03-13;"domingo";"18:00:00";"MT";364;258;"JUSCIMEIRA";"Falta de acostamento";"Saída de leito carroçável";"Com Vítimas Feridas";"Anoitecer";"Decrescente";"Céu Claro";"Dupla";"Aclive";"Não";3;0;1;0;2;0;1;1;-16,056505;-54,88351;"SPRF-MT";"DEL02-MT";"UOP01-DEL02-MT"
421110;2022-03-17;"quinta-feira";"12:45:00";"RO";319;63;"PORTO VELHO";"Reação tardia ou ineficiente do condutor";"Colisão traseira";"Sem Vítimas";"Pleno dia";"Crescente";"Nublado";"Dupla";"Interseção de Vias";"Sim";3;0;0;0;3;0;0;2;-8,7577832;-63,88619721;"SPRF-RO";"DEL01-RO";"UOP01-DEL01-RO"
421114;2022-03-17;"quinta-feira";"15:15:00";"PR";277;587,4;"CASCAVEL";"Reação tardia ou ineficiente do condutor";"Colisão traseira";"Com Vítimas Feridas";"Pleno dia";"Decrescente";"Céu Claro";"Simples";"Reta;Aclive";"Sim";3;0;2;0;1;0;2;2;-24,96941255;-53,42959722;"SPRF-PR";"DEL04-PR";"UOP01-DEL04-PR"
421116;2022-03-17;"quinta-feira";"13:50:00";"MG";50;18;"UBERLANDIA";"Animais na Pista";"Tombamento";"Com Vítimas Feridas";"Pleno dia";"Decrescente";"Céu Claro";"Dupla";"Reta";"Não";1;0;1;0;0;0;1;1;-18,93032;-48,19496155;"SPRF-MG";"DEL15-MG";"UOP01-DEL15-MG"
421119;2022-03-17;"quinta-feira";"15:20:00";"MG";381;340,7;"BELA VISTA DE MINAS";"Demais falhas mecânicas ou elétricas";"Incêndio";"Sem Vítimas";"Pleno dia";"Decrescente";"Céu Claro";"Simples";"Reta";"Não";25;0;0;0;25;0;0;1;-19,84087497;-43,09635354;"SPRF-MG";"DEL03-MG";"UOP01-DEL03-MG"
421120;2022-03-17;"quinta-feira";"15:30:00";"MG";40;677,3;"CARANDAI";"Velocidade Incompatível";"Saída de leito carroçável";"Com Vítimas Feridas";"Pleno dia";"Decrescente";"Céu Claro";"Simples";"Curva";"Não";1;0;1;0;0;0;1;1;-21,031711;-43,778918;"SPRF-MG";"DEL05-MG";"UOP02-DEL05-MG"
421121;2022-03-17;"quinta-feira";"15:30:00";"PR";376;182;"MARINGA";"Acessar a via sem observar a presença dos outros veículos";"Colisão lateral mesmo sentido";"Com Vítimas Feridas";"Pleno dia";"Crescente";"Nublado";"Múltipla";"Interseção de Vias";"Sim";2;0;1;0;1;0;1;2;-23,43684112;-51,87880764;"SPRF-PR";"DEL09-PR";"UOP01-DEL09-PR"
421122;2022-03-17;"quinta-feira";"13:30:00";"ES";101;258,1;"SERRA";"Avarias e/ou desgaste excessivo no pneu";"Tombamento";"Com Vítimas Feridas";"Pleno dia";"Decrescente";"Céu Claro";"Dupla";"Reta";"Sim";2;0;1;0;1;0;1;1;-20,13059888;-40,2961019;"SPRF-ES";"DEL02-ES";"UOP01-DEL02-ES"
421123;2022-03-17;"quinta-feira";"15:55:00";"SP";116;230;"SAO PAULO";"Reação tardia ou ineficiente do condutor";"Tombamento";"Com Vítimas Feridas";"Pleno dia";"Crescente";"Céu Claro";"Múltipla";"Reta";"Sim";2;0;2;0;0;0;2;1;-23,52251783;-46,5855702;"SPRF-SP";"DEL01-SP";"UOP01-DEL01-SP"
421124;2022-03-17;"quinta-feira";"15:50:00";"SC";101;101,5;"BALNEARIO PICARRAS";"Condutor deixou de manter distância do veículo da frente";"Colisão traseira";"Com Vítimas Feridas";"Pleno dia";"Crescente";"Sol";"Múltipla";"Reta";"Sim";2;0;1;0;1;0;1;2;-26,76404198;-48,68657667;"SPRF-SC";"DEL03-SC";"UOP02-DEL03-SC"
421125;2022-03-17;"quinta-feira";"13:26:00";"AC";0;0;"RIO BRANCO";"Ausência de reação do condutor";"Colisão frontal";"Com Vítimas Feridas";"Pleno dia";"Não Informado";"Nublado";"Simples";"Interseção de Vias";"Sim";2;0;1;0;1;0;1;2;-9,97686877;-67,80904077;"SPRF-AC";"DEL01-AC";"UOP01-DEL01-AC"
421128;2022-01-13;"quinta-feira";"04:00:00";"RO";364;577;"ITAPUA DO OESTE";"Demais falhas mecânicas ou elétricas";"Incêndio";"Sem Vítimas";"Amanhecer";"Decrescente";"Ignorado";"Simples";"Reta";"Não";3;0;0;0;3;0;0;1;-9,42221923;-63,11594625;"SPRF-RO";"DEL01-RO";"UOP04-DEL01-RO"
421129;2022-03-17;"quinta-feira";"16:55:00";"SC";470;63,9;"INDAIAL";"Área urbana sem a presença de local apropriado para a travessia de pedestres";"Atropelamento de Pedestre";"Com Vítimas Feridas";"Pleno dia";"Crescente";"Céu Claro";"Simples";"Em Obras;Reta";"Sim";2;0;0;2;0;0;2;2;-26,872396;-49,19228;"SPRF-SC";"DEL04-SC";"UOP01-DEL04-SC"
421133;2022-03-17;"quinta-feira";"17:01:00";"RN";226;2,1;"NATAL";"Reação tardia ou ineficiente do condutor";"Tombamento";"Com Vítimas Feridas";"Anoitecer";"Crescente";"Céu Claro";"Simples";"Reta";"Sim";2;0;1;0;1;0;1;2;-5,81737543;-35,24609512;"SPRF-RN";"DEL01-RN";"UOP02-DEL01-RN"
421136;2022-01-24;"segunda-feira";"14:00:00";"ES";482;78;"ALEGRE";"Reação tardia ou ineficiente do condutor";"Colisão frontal";"Com Vítimas Feridas";"Pleno dia";"Crescente";"Sol";"Simples";"Curva";"Não";6;0;0;1;5;0;1;2;-20,75978337;-41,49586789;"SPRF-ES";"DEL03-ES";"UOP02-DEL03-ES"
421138;2022-03-17;"quinta-feira";"18:00:00";"SC";101;145;"ITAPEMA";"Condutor deixou de manter distância do veículo da frente";"Colisão lateral mesmo sentido";"Com Vítimas Feridas";"Pleno dia";"Decrescente";"Céu Claro";"Dupla";"Aclive";"Sim";3;0;1;0;2;0;1;3;-27,08139206;-48,60130993;"SPRF-SC";"DEL04-SC";"UOP03-DEL04-SC"
421139;2022-03-04;"sexta-feira";"15:00:00";"PR";277;398;"CANDOI";"Acessar a via sem observar a presença dos outros veículos";"Colisão transversal";"Com Vítimas Feridas";"Pleno dia";"Crescente";"Céu Claro";"Simples";"Rotatória";"Não";3;0;2;0;1;0;2;2;-25,458821;-51,951963;"SPRF-PR";"DEL08-PR";"UOP01-DEL08-PR"
421142;2022-03-17;"quinta-feira";"18:16:00";"SP";153;68,2;"SAO JOSE DO RIO PRETO";"Condutor deixou de manter distância do veículo da frente";"Colisão lateral mesmo sentido";"Com Vítimas Feridas";"Anoitecer";"Crescente";"Sol";"Dupla";"Reta";"Sim";3;0;1;0;2;0;1;3;-20,8505829;-49,383795;"SPRF-SP";"DEL09-SP";"UOP01-DEL09-SP"
421144;2022-03-17;"quinta-feira";"18:30:00";"BA";116;15,7;"VITORIA DA CONQUISTA";"Transitar no acostamento";"Colisão lateral mesmo sentido";"Com Vítimas Feridas";"Plena Noite";"Crescente";"Céu Claro";"Simples";"Reta";"Não";2;0;0;1;0;1;1;2;-14,90133379;-40,85214799;"SPRF-BA";"DEL08-BA";"UOP01-DEL08-BA"
421145;2022-03-17;"quinta-feira";"18:00:00";"PB";230;263,6;"JUNCO DO SERIDO";"Entrada inopinada do pedestre";"Atropelamento de Pedestre";"Com Vítimas Feridas";"Pleno dia";"Crescente";"Céu Claro";"Simples";"Reta";"Não";2;0;0;1;1;0;1;2;-6,984;-36,7279;"SPRF-PB";"DEL03-PB";"UOP01-DEL03-PB"
421146;2022-03-17;"quinta-feira";"18:45:00";"RS";287;300;"SAO PEDRO DO SUL";"Ingestão de álcool pelo condutor";"Saída de leito carroçável";"Com Vítimas Feridas";"Plena Noite";"Crescente";"Céu Claro";"Simples";"Reta";"Não";1;0;0;1;0;0;1;1;-29,64548343;-54,37431605;"SPRF-RS";"DEL09-RS";"UOP01-DEL09-RS"
421147;2022-03-17;"quinta-feira";"18:20:00";"RN";101;81,5;"NATAL";"Área urbana sem a presença de local apropriado para a travessia de pedestres";"Atropelamento de Pedestre";"Com Vítimas Feridas";"Plena Noite";"Decrescente";"Céu Claro";"Dupla";"Reta";"Sim";2;0;1;0;1;0;1;2;-5,76469466;-35,28295988;"SPRF-RN";"DEL02-RN";"UOP01-DEL02-RN"
421150;2022-03-17;"quinta-feira";"13:30:00";"MG";116;686,2;"MURIAE";"Ultrapassagem Indevida";"Saída de leito carroçável";"Com Vítimas Feridas";"Pleno dia";"Decrescente";"Sol";"Simples";"Reta";"Não";2;0;1;0;0;1;1;2;-20,98983685;-42,35915614;"SPRF-MG";"DEL07-MG";"UOP02-DEL07-MG"
421151;2022-03-17;"quinta-feira";"18:20:00";"PE";101;83,5;"JABOATAO DOS GUARARAPES";"Acessar a via sem observar a presença dos outros veículos";"Colisão transversal";"Com Vítimas Feridas";"Plena Noite";"Decrescente";"Nublado";"Simples";"Reta";"Sim";3;0;2;0;0;1;2;2;-8,1793458;-34,94666219;"SPRF-PE";"DEL01-PE";"UOP01-DEL01-PE"
421152;2022-03-17;"quinta-feira";"19:05:00";"PR";369;201,1;"APUCARANA";"Velocidade Incompatível";"Tombamento";"Com Vítimas Feridas";"Anoitecer";"Crescente";"Céu Claro";"Simples";"Interseção de Vias";"Sim";1;0;1;0;0;0;1;1;-23,5364288;-51,45648479;"SPRF-PR";"DEL07-PR";"UOP02-DEL07-PR"
421157;2022-03-17;"quinta-feira";"18:40:00";"PB";230;19,5;"JOAO PESSOA";"Entrada inopinada do pedestre";"Atropelamento de Pedestre";"Com Vítimas Feridas";"Pleno dia";"Crescente";"Nublado";"Dupla";"Reta";"Sim";2;0;0;1;0;1;1;2;-7,12870061;-34,84877229;"SPRF-PB";"DEL01-PB";"UOP01-DEL01-PB"
421158;2022-03-17;"quinta-feira";"17:15:00";"CE";222;1,7;"FORTALEZA";"Reação tardia ou ineficiente do condutor";"Tombamento";"Com Vítimas Feridas";"Pleno dia";"Decrescente";"Céu Claro";"Dupla";"Interseção de Vias";"Sim";2;0;0;1;1;0;1;2;-3,737804;-38,578061;"SPRF-CE";"DEL01-CE";"UOP01-DEL01-CE"
421159;2022-03-17;"quinta-feira";"18:40:00";"MS";60;349,9;"CAMPO GRANDE";"Ausência de reação do condutor";"Saída de leito carroçável";"Com Vítimas Feridas";"Anoitecer";"Decrescente";"Céu Claro";"Simples";"Reta";"Não";1;0;1;0;0;0;1;1;-20,430792;-54,738196;"SPRF-MS";"DEL01-MS";"UOP03-DEL01-MS"
421161;2022-03-17;"quinta-feira";"20:10:00";"SC";101;115;"ITAJAI";"Reação tardia ou ineficiente do condutor";"Tombamento";"Com Vítimas Feridas";"Plena Noite";"Decrescente";"Céu Claro";"Dupla";"Reta";"Não";1;0;1;0;0;0;1;1;-26,87064015;-48,72954134;"SPRF-SC";"DEL04-SC";"UOP04-DEL04-SC"
421165;2022-03-17;"quinta-feira";"20:10:00";"ES";101;139,1;"LINHARES";"Pedestre andava na pista";"Atropelamento de Pedestre";"Com Vítimas Feridas";"Pleno dia";"Decrescente";"Céu Claro";"Múltipla";"Reta";"Não";2;0;1;0;0;1;1;2;-19,3101728;-40,0799666;"SPRF-ES";"DEL04-ES";"UOP01-DEL04-ES"
421166;2022-03-17;"quinta-feira";"17:45:00";"SC";282;602,7;"MARAVILHA";"Condutor deixou de manter distância do veículo da frente";"Colisão traseira";"Com Vítimas Feridas";"Pleno dia";"Decrescente";"Sol";"Simples";"Reta";"Sim";2;0;1;0;1;0;1;2;-26,806049;-53,178757;"SPRF-SC";"DEL07-SC";"UOP02-DEL07-SC"
421167;2022-03-17;"quinta-feira";"18:01:00";"AC";0;0;"RIO BRANCO";"Reação tardia ou ineficiente do condutor";"Colisão frontal";"Sem Vítimas";"Plena Noite";"Não Informado";"Céu Claro";"Dupla";"Reta";"Sim";2;0;0;0;2;0;0;2;-9,97031362;-67,8169781;"SPRF-AC";"DEL01-AC";"UOP01-DEL01-AC"
421168;2022-03-17;"quinta-feira";"20:30:00";"PR";116;13,7;"COLOMBO";"Reação tardia ou ineficiente do condutor";"Colisão traseira";"Com Vítimas Feridas";"Plena Noite";"Crescente";"Ignorado";"Dupla";"Reta";"Sim";3;0;2;0;0;1;2;2;-25,3785;-49,1564;"SPRF-PR";"DEL01-PR";"UOP02-DEL01-PR"
421169;2022-03-17;"quinta-feira";"19:40:00";"SC";101;203;"SAO JOSE";"Acessar a via sem observar a presença dos outros veículos";"Colisão transversal";"Com Vítimas Feridas";"Plena Noite";"Decrescente";"Céu Claro";"Múltipla";"Interseção de Vias";"Sim";2;0;1;0;1;0;1;2;-27,5650044;-48,61460082;"SPRF-SC";"DEL01-SC";"UOP01-DEL01-SC"
421170;2022-03-17;"quinta-feira";"20:40:00";"RS";158;332;"SANTA MARIA";"Desrespeitar a preferência no cruzamento";"Colisão transversal";"Sem Vítimas";"Plena Noite";"Crescente";"Céu Claro";"Dupla";"Rotatória;Viaduto;Interseção de Vias";"Sim";3;0;0;0;1;2;0;2;-29,70062257;-53,84128159;"SPRF-RS";"DEL09-RS";"UOP01-DEL09-RS"
421172;2022-03-17;"quinta-feira";"20:00:00";"MS";163;516;"JARAGUARI";"Ausência de reação do condutor";"Colisão traseira";"Sem Vítimas";"Plena Noite";"Decrescente";"Céu Claro";"Dupla";"Reta";"Não";2;0;0;0;1;1;0;2;-20,19447587;-54,46191824;"SPRF-MS";"DEL01-MS";"UOP02-DEL01-MS"
421174;2022-03-17;"quinta-feira";"18:30:00";"MA";135;17;"SAO LUIS";"Acessar a via sem observar a presença dos outros veículos";"Colisão transversal";"Com Vítimas Feridas";"Plena Noite";"Decrescente";"Garoa/Chuvisco";"Simples";"Reta";"Não";2;0;1;0;1;0;1;2;-2,53073;-44,3068;"SPRF-MA";"DEL01-MA";"UOP01-DEL01-MA"
421175;2022-03-17;"quinta-feira";"20:00:00";"PR";369;184;"ARAPONGAS";"Mal súbito do condutor";"Colisão frontal";"Com Vítimas Feridas";"Plena Noite";"Decrescente";"Céu Claro";"Simples";"Reta";"Sim";7;0;4;3;0;0;7;2;-23,399143;-51,426469;"SPRF-PR";"DEL07-PR";"UOP02-DEL07-PR"
421177;2022-03-17;"quinta-feira";"21:00:00";"DF";20;32;"BRASILIA";"Ingestão de álcool pelo condutor";"Saída de leito carroçável";"Com Vítimas Feridas";"Plena Noite";"Crescente";"Céu Claro";"Dupla";"Reta";"Não";1;0;0;1;0;0;1;1;-15,590174;-47,585899;"SPRF-DF";"DEL02-DF";"UOP01-DEL02-DF"
421178;2022-03-17;"quinta-feira";"20:30:00";"BA";324;622;"SALVADOR";"Demais falhas mecânicas ou elétricas";"Incêndio";"Sem Vítimas";"Plena Noite";"Crescente";"Céu Claro";"Dupla";"Curva";"Sim";1;0;0;0;1;0;0;1;-12,93906642;-38,47211652;"SPRF-BA";"DEL01-BA";"UOP01-DEL01-BA"
421180;2022-03-17;"quinta-feira";"20:00:00";"RS";472;577;"URUGUAIANA";"Transitar na contramão";"Colisão frontal";"Com Vítimas Feridas";"Plena Noite";"Crescente";"Céu Claro";"Simples";"Reta";"Não";2;0;1;0;1;0;1;2;-29,76580017;-57,00834791;"SPRF-RS";"DEL13-RS";"UOP01-DEL13-RS"
421183;2022-03-17;"quinta-feira";"21:50:00";"PR";116;147,1;"MANDIRITUBA";"Acessar a via sem observar a presença dos outros veículos";"Colisão transversal";"Com Vítimas Feridas";"Plena Noite";"Decrescente";"Céu Claro";"Múltipla";"Reta";"Sim";4;0;0;2;1;1;2;3;-25,78032449;-49,32603836;"SPRF-PR";"DEL01-PR";"UOP03-DEL01-PR"
421186;2022-03-17;"quinta-feira";"20:50:00";"RJ";393;257;"BARRA DO PIRAI";"Deficiência do Sistema de Iluminação/Sinalização";"Queda de ocupante de veículo";"Com Vítimas Feridas";"Plena Noite";"Decrescente";"Céu Claro";"Simples";"Em Obras";"Não";1;0;1;0;0;0;1;1;-22,46751289;-43,85845184;"SPRF-RJ";"DEL05-RJ";"UOP04-DEL05-RJ"
421187;2022-03-17;"quinta-feira";"20:00:00";"RJ";493;99;"SEROPEDICA";"Velocidade Incompatível";"Saída de leito carroçável";"Com Vítimas Feridas";"Plena Noite";"Decrescente";"Céu Claro";"Dupla";"Reta";"Não";1;0;1;0;0;0;1;1;-22,73719218;-43,71988389;"SPRF-RJ";"DEL03-RJ";"UOP01-DEL03-RJ"
421195;2022-03-18;"sexta-feira";"02:00:00";"GO";153;508;"APARECIDA DE GOIANIA";"Reação tardia ou ineficiente do condutor";"Colisão com objeto";"Com Vítimas Feridas";"Plena Noite";"Crescente";"Céu Claro";"Dupla";"Declive";"Sim";1;0;1;0;0;0;1;1;-16,7804;-49,2371;"SPRF-GO";"DEL01-GO";"UOP03-DEL01-GO"
421198;2022-03-20;"domingo";"02:20:00";"RS";116;0;"PORTO ALEGRE";"Velocidade Incompatível";"Saída de leito carroçável";"Sem Vítimas";"Plena Noite";"Decrescente";"Nublado";"Dupla";"Reta";"Não";1;0;0;0;1;0;0;1;-29,97184889;-51,17678787;"SPRF-RS";"DEL01-RS";"UOP01-DEL01-RS"
421201;2022-03-18;"sexta-feira";"03:05:00";"RS";290;102;"PORTO ALEGRE";"Entrada inopinada do pedestre";"Atropelamento de Pedestre";"Com Vítimas Feridas";"Plena Noite";"Crescente";"Céu Claro";"Dupla";"Reta";"Não";2;0;1;1;0;0;2;2;-29,987228;-51,25613;"SPRF-RS";"DEL01-RS";"UOP01-DEL01-RS"
421202;2022-03-18;"sexta-feira";"03:40:00";"SP";116;223;"GUARULHOS";"Velocidade Incompatível";"Colisão com objeto";"Com Vítimas Feridas";"Plena Noite";"Crescente";"Céu Claro";"Dupla";"Reta";"Sim";2;0;1;1;0;0;2;1;-23,47559815;-46,5246609;"SPRF-SP";"DEL01-SP";"UOP01-DEL01-SP"
421203;2022-03-18;"sexta-feira";"04:05:00";"RJ";101;317;"SAO GONCALO";"Ausência de reação do condutor";"Colisão com objeto";"Com Vítimas Feridas";"Plena Noite";"Decrescente";"Céu Claro";"Dupla";"Reta";"Não";2;0;2;0;0;0;2;1;-22,83707798;-43,09492006;"SPRF-RJ";"DEL02-RJ";"UOP02-DEL02-RJ"
421207;2022-03-18;"sexta-feira";"02:00:00";"MG";146;459,4;"BOTELHOS";"Ingestão de álcool pelo condutor";"Saída de leito carroçável";"Com Vítimas Feridas";"Plena Noite";"Decrescente";"Céu Claro";"Simples";"Curva";"Não";1;0;1;0;0;0;1;1;-21,606041;-46,409352;"SPRF-MG";"DEL09-MG";"UOP01-DEL09-MG"
421208;2022-03-18;"sexta-feira";"03:20:00";"MG";381;526,2;"BRUMADINHO";"Velocidade Incompatível";"Saída de leito carroçável";"Com Vítimas Feridas";"Plena Noite";"Crescente";"Chuva";"Dupla";"Declive;Curva";"Não";2;0;2;0;0;0;2;1;-20,1529847;-44,32612181;"SPRF-MG";"DEL04-MG";"UOP03-DEL04-MG"
421214;2022-03-18;"sexta-feira";"03:15:00";"SC";470;53,6;"BLUMENAU";"Ingestão de álcool pelo condutor";"Colisão com objeto";"Com Vítimas Feridas";"Plena Noite";"Crescente";"Nublado";"Simples";"Em Obras;Ponte;Curva";"Sim";1;0;1;0;0;0;1;1;-26,867121;-49,102066;"SPRF-SC";"DEL04-SC";"UOP01-DEL04-SC"
421215;2022-03-18;"sexta-feira";"04:35:00";"PR";376;187,7;"MARIALVA";"Acessar a via sem observar a presença dos outros veículos";"Colisão transversal";"Com Vítimas Feridas";"Plena Noite";"Crescente";"Chuva";"Dupla";"Reta";"Sim";2;0;2;0;0;0;2;2;-23,46141044;-51,83659926;"SPRF-PR";"DEL09-PR";"UOP01-DEL09-PR"
421216;2022-03-18;"sexta-feira";"05:10:00";"CE";230;44,3;"LAVRAS DA MANGABEIRA";"Sinalização mal posicionada";"Colisão frontal";"Com Vítimas Fatais";"Amanhecer";"Crescente";"Nublado";"Simples";"Declive;Desvio Temporário;Reta";"Não";5;1;0;3;1;0;3;2;-6,767179;-39,001859;"SPRF-CE";"DEL05-CE";"UOP01-DEL05-CE"
421217;2022-03-18;"sexta-feira";"03:10:00";"RS";392;36;"RIO GRANDE";"Condutor Dormindo";"Saída de leito carroçável";"Com Vítimas Fatais";"Plena Noite";"Decrescente";"Céu Claro";"Dupla";"Reta";"Não";4;2;0;2;0;0;2;1;-31,99762093;-52,28884683;"SPRF-RS";"DEL07-RS";"UOP02-DEL07-RS"
421218;2022-03-17;"quinta-feira";"20:00:00";"GO";60;331;"ACREUNA";"Reação tardia ou ineficiente do condutor";"Saída de leito carroçável";"Sem Vítimas";"Plena Noite";"Decrescente";"Ignorado";"Dupla";"Curva";"Não";1;0;0;0;0;1;0;1;-17,5562;-50,5281;"SPRF-GO";"DEL04-GO";"UOP01-DEL04-GO"
421219;2022-03-18;"sexta-feira";"05:50:00";"RS";116;247;"SAO LEOPOLDO";"Ingestão de álcool pelo condutor";"Saída de leito carroçável";"Sem Vítimas";"Amanhecer";"Decrescente";"Céu Claro";"Dupla";"Curva";"Sim";2;0;0;0;2;0;0;1;-29,76890635;-51,15313615;"SPRF-RS";"DEL01-RS";"UOP02-DEL01-RS"
421220;2022-03-18;"sexta-feira";"03:45:00";"SC";101;325;"CAPIVARI DE BAIXO";"Acessar a via sem observar a presença dos outros veículos";"Colisão com objeto";"Com Vítimas Feridas";"Plena Noite";"Decrescente";"Céu Claro";"Múltipla";"Viaduto";"Sim";1;0;1;0;0;0;1;1;-28,42516271;-48,93259193;"SPRF-SC";"DEL02-SC";"UOP01-DEL02-SC"
421221;2022-03-17;"quinta-feira";"22:10:00";"SC";280;57;"GUARAMIRIM";"Acessar a via sem observar a presença dos outros veículos";"Atropelamento de Pedestre";"Com Vítimas Feridas";"Plena Noite";"Crescente";"Nublado";"Dupla";"Reta";"Não";2;0;1;0;1;0;1;2;-26,47811421;-49,01259213;"SPRF-SC";"DEL03-SC";"UOP03-DEL03-SC"