"id";"data_inversa";"dia_semana";"horario";"uf";"br";"km";"municipio";"causa_acidente";"tipo_acidente";"classificacao_acidente";"fase_dia";"sentido_via";"condicao_metereologica";"tipo_pista";"tracado_via";"uso_solo";"pessoas";"mortos";"feridos_leves";"feridos_graves";"ilesos";"ignorados";"feridos";"veiculos";"latitude";"longitude";"regional";"delegacia";"uop"
421222;2022-03-18;"sexta-feira";"05:55:00";"BA";101;956;"MUCURI";"Reação tardia ou ineficiente do condutor";"Atropelamento de Pedestre";"Com Vítimas Feridas";"Amanhecer";"Decrescente";"Céu Claro";"Simples";"Reta";"Sim";2;0;1;0;1;0;1;2;-18,16840196;-39,91873914;"SPRF-BA";"DEL09-BA";"UOP02-DEL09-BA"
421225;2022-03-18;"sexta-feira";"07:10:00";"SP";116;221;"GUARULHOS";"Manobra de mudança de faixa";"Colisão traseira";"Com Vítimas Feridas";"Pleno dia";"Crescente";"Céu Claro";"Múltipla";"Reta";"Sim";3;0;1;0;2;0;1;3;-23,46802395;-46,50704901;"SPRF-SP";"DEL01-SP";"UOP01-DEL01-SP"
421226;2022-03-18;"sexta-feira";"06:00:00";"ES";101;259,9;"SERRA";"Condutor deixou de manter distância do veículo da frente";"Tombamento";"Com Vítimas Feridas";"Pleno dia";"Crescente";"Céu Claro";"Dupla";"Reta";"Sim";2;0;2;0;0;0;2;1;-20,138397;-40,292213;"SPRF-ES";"DEL02-ES";"UOP01-DEL02-ES"
421227;2022-03-18;"sexta-feira";"06:35:00";"SP";116;109,6;"TAUBATE";"Reação tardia ou ineficiente do condutor";"Colisão traseira";"Com Vítimas Feridas";"Pleno dia";"Crescente";"Céu Claro";"Dupla";"Reta";"Sim";2;0;1;0;0;1;1;2;-23,02871304;-45,54517097;"SPRF-SP";"DEL08-SP";"UOP01-DEL08-SP"
421230;2022-03-18;"sexta-feira";"07:05:00";"SP";116;220;"GUARULHOS";"Trafegar com motocicleta (ou similar) entre as faixas";"Colisão traseira";"Com Vítimas Feridas";"Pleno dia";"Crescente";"Céu Claro";"Múltipla";"Reta";"Sim";2;0;1;0;1;0;1;2;-23,4826774;-46,5494746;"SPRF-SP";"DEL01-SP";"UOP01-DEL01-SP"
421231;2022-03-17;"quinta-feira";"18:00:00";"RJ";495;18;"PETROPOLIS";"Demais falhas mecânicas ou elétricas";"Incêndio";"Sem Vítimas";"Anoitecer";"Decrescente";"Céu Claro";"Simples";"Reta";"Não";1;0;0;0;1;0;0;1;-22,427549;-43,062866;"SPRF-RJ";"DEL06-RJ";"UOP01-DEL06-RJ"
421233;2022-03-18;"sexta-feira";"07:10:00";"SC";101;216,2;"PALHOCA";"Reação tardia ou ineficiente do condutor";"Saída de leito carroçável";"Com Vítimas Feridas";"Pleno dia";"Decrescente";"Sol";"Múltipla";"Reta";"Sim";4;0;1;0;3;0;1;3;-27,65965696;-48,67716372;"SPRF-SC";"DEL01-SC";"UOP02-DEL01-SC"
421235;2022-03-18;"sexta-feira";"07:30:00";"PB";101;86;"JOAO PESSOA";"Reação tardia ou ineficiente do condutor";"Colisão traseira";"Com Vítimas Feridas";"Pleno dia";"Crescente";"Sol";"Dupla";"Reta";"Sim";3;0;2;0;1;0;2;2;-7,15118983;-34,91012184;"SPRF-PB";"DEL01-PB";"UOP01-DEL01-PB"
421238;2022-01-30;"domingo";"17:30:00";"PE";407;125;"PETROLINA";"Velocidade Incompatível";"Colisão traseira";"Com Vítimas Feridas";"Pleno dia";"Decrescente";"Céu Claro";"Dupla";"Reta";"Sim";4;0;0;2;1;1;2;3;-9,37739336;-40,53595733;"SPRF-PE";"DEL06-PE";"UOP01-DEL06-PE"
421241;2022-03-18;"sexta-feira";"02:50:00";"MG";459;67,5;"SENADOR JOSE BENTO";"Demais falhas mecânicas ou elétricas";"Incêndio";"Sem Vítimas";"Plena Noite";"Decrescente";"Céu Claro";"Simples";"Reta";"Não";2;0;0;0;2;0;0;1;-22,13464;-46,170274;"SPRF-MG";"DEL09-MG";"UOP01-DEL09-MG"
421242;2022-03-18;"sexta-feira";"08:10:00";"MG";40;448;"PARAOPEBA";"Ausência de reação do condutor";"Tombamento";"Com Vítimas Feridas";"Pleno dia";"Crescente";"Céu Claro";"Dupla";"Reta";"Sim";1;0;0;1;0;0;1;1;-19,301651;-44,377922;"SPRF-MG";"DEL02-MG";"UOP01-DEL02-MG"
421243;2022-03-18;"sexta-feira";"07:50:00";"MG";381;943;"EXTREMA";"Reação tardia ou ineficiente do condutor";"Saída de leito carroçável";"Com Vítimas Feridas";"Pleno dia";"Decrescente";"Céu Claro";"Dupla";"Declive";"Sim";3;0;1;0;1;1;1;2;-22,87018424;-46,3581479;"SPRF-MG";"DEL16-MG";"UOP03-DEL16-MG"
421245;2022-03-18;"sexta-feira";"06:30:00";"RO";425;98;"NOVA MAMORE";"Velocidade Incompatível";"Colisão com objeto";"Com Vítimas Feridas";"Amanhecer";"Crescente";"Ignorado";"Simples";"Interseção de Vias";"Sim";1;0;1;0;0;0;1;1;-10,394532;-65,324936;"SPRF-RO";"DEL01-RO";"UOP03-DEL01-RO"
421250;2022-03-18;"sexta-feira";"08:30:00";"DF";70;6;"BRASILIA";"Trafegar com motocicleta (ou similar) entre as faixas";"Colisão traseira";"Com Vítimas Feridas";"Pleno dia";"Decrescente";"Nublado";"Dupla";"Reta";"Sim";2;0;0;1;1;0;1;2;-15,791242;-48,105759;"SPRF-DF";"DEL03-DF";"UOP02-DEL03-DF"
421251;2022-03-18;"sexta-feira";"06:40:00";"SC";101;205,7;"SAO JOSE";"Acessar a via sem observar a presença dos outros veículos";"Colisão transversal";"Com Vítimas Feridas";"Pleno dia";"Decrescente";"Céu Claro";"Múltipla";"Reta";"Sim";2;0;1;0;1;0;1;2;-27,58821691;-48,61655573;"SPRF-SC";"DEL01-SC";"UOP01-DEL01-SC"
421252;2022-03-18;"sexta-feira";"08:30:00";"PE";424;54,5;"CAETES";"Demais falhas mecânicas ou elétricas";"Capotamento";"Com Vítimas Feridas";"Pleno dia";"Decrescente";"Céu Claro";"Simples";"Declive;Reta";"Não";2;0;1;1;0;0;2;1;-8,73125345;-36,74803913;"SPRF-PE";"DEL03-PE";"UOP01-DEL03-PE"
421255;2022-03-18;"sexta-feira";"06:52:00";"SP";459;30,5;"LORENA";"Acessar a via sem observar a presença dos outros veículos";"Colisão lateral mesmo sentido";"Com Vítimas Feridas";"Pleno dia";"Decrescente";"Sol";"Simples";"Reta";"Não";3;0;0;1;2;0;1;2;-22,725021;-45,103531;"SPRF-SP";"DEL08-SP";"UOP02-DEL08-SP"
421256;2022-03-18;"sexta-feira";"07:15:00";"MT";163;831;"SINOP";"Condutor deixou de manter distância do veículo da frente";"Colisão traseira";"Com Vítimas Feridas";"Amanhecer";"Crescente";"Céu Claro";"Simples";"Rotatória";"Não";2;0;1;0;1;0;1;2;-12,022768;-55,51723;"SPRF-MT";"DEL06-MT";"UOP01-DEL06-MT"
421258;2022-03-18;"sexta-feira";"09:25:00";"GO";40;12;"LUZIANIA";"Manobra de mudança de faixa";"Colisão traseira";"Com Vítimas Feridas";"Pleno dia";"Decrescente";"Céu Claro";"Dupla";"Reta";"Sim";3;0;0;1;1;1;1;2;-16,145123;-47,945382;"SPRF-DF";"DEL01-DF";"UOP01-DEL01-DF"
421259;2022-03-18;"sexta-feira";"09:30:00";"SP";116;311;"SAO LOURENCO DA SERRA";"Reação tardia ou ineficiente do condutor";"Queda de ocupante de veículo";"Com Vítimas Feridas";"Pleno dia";"Decrescente";"Céu Claro";"Múltipla";"Curva";"Não";1;0;1;0;0;0;1;1;-23,87725502;-46,96775798;"SPRF-SP";"DEL04-SP";"UOP01-DEL04-SP"
421260;2022-02-26;"sábado";"21:00:00";"RS";386;27;"FREDERICO WESTPHALEN";"Ingestão de álcool pelo condutor";"Colisão frontal";"Com Vítimas Feridas";"Plena Noite";"Decrescente";"Céu Claro";"Simples";"Aclive";"Sim";2;0;1;1;0;0;2;2;-27,305323;-53,370804;"SPRF-RS";"DEL08-RS";"UOP02-DEL08-RS"
421261;2022-02-26;"sábado";"14:15:00";"SC";101;54;"JOINVILLE";"Reação tardia ou ineficiente do condutor";"Engavetamento";"Com Vítimas Feridas";"Pleno dia";"Crescente";"Sol";"Dupla";"Reta";"Sim";5;0;1;0;4;0;1;4;-26,41319508;-48,83617332;"SPRF-SC";"DEL03-SC";"UOP01-DEL03-SC"
421262;2022-03-18;"sexta-feira";"07:50:00";"RJ";101;310;"SAO GONCALO";"Manobra de mudança de faixa";"Colisão lateral mesmo sentido";"Com Vítimas Feridas";"Pleno dia";"Crescente";"Sol";"Dupla";"Reta";"Sim";2;0;1;0;1;0;1;2;-22,79717023;-43,04404993;"SPRF-RJ";"DEL02-RJ";"UOP02-DEL02-RJ"
421263;2022-03-01;"terça-feira";"10:30:00";"PR";153;396;"MALLET";"Objeto estático sobre o leito carroçável";"Queda de ocupante de veículo";"Com Vítimas Feridas";"Pleno dia";"Crescente";"Ignorado";"Simples";"Reta";"Não";1;0;1;0;0;0;1;1;-25,79803657;-50,85056305;"SPRF-PR";"DEL02-PR";"UOP04-DEL02-PR"
421267;2022-03-18;"sexta-feira";"10:10:00";"BA";20;186;"LUIS EDUARDO MAGALHAES";"Acessar a via sem observar a presença dos outros veículos";"Colisão transversal";"Com Vítimas Feridas";"Pleno dia";"Decrescente";"Sol";"Simples";"Reta";"Não";2;0;1;1;0;0;2;2;-12,313531;-45,851537;"SPRF-BA";"DEL10-BA";"UOP01-DEL10-BA"
421268;2022-03-18;"sexta-feira";"06:50:00";"RJ";101;299;"SAO GONCALO";"Reação tardia ou ineficiente do condutor";"Colisão lateral mesmo sentido";"Com Vítimas Feridas";"Pleno dia";"Decrescente";"Céu Claro";"Dupla";"Reta";"Não";2;0;1;0;1;0;1;2;-22,77432673;-42,93823207;"SPRF-RJ";"DEL02-RJ";"UOP02-DEL02-RJ"
421269;2022-03-18;"sexta-feira";"10:00:00";"SE";101;69;"MARUIM";"Acessar a via sem observar a presença dos outros veículos";"Colisão transversal";"Com Vítimas Feridas";"Pleno dia";"Crescente";"Céu Claro";"Simples";"Reta";"Sim";3;0;1;0;2;0;1;2;-10,72937357;-37,0810103;"SPRF-SE";"DEL01-SE";"UOP01-DEL01-SE"
421270;2022-03-18;"sexta-feira";"09:35:00";"MT";163;676;"LUCAS DO RIO VERDE";"Reação tardia ou ineficiente do condutor";"Colisão frontal";"Com Vítimas Feridas";"Pleno dia";"Crescente";"Céu Claro";"Simples";"Reta";"Não";5;0;2;1;2;0;3;3;-13,16755;-55,978966;"SPRF-MT";"DEL06-MT";"UOP01-DEL06-MT"
421271;2022-03-18;"sexta-feira";"10:30:00";"PR";116;16,8;"COLOMBO";"Trafegar com motocicleta (ou similar) entre as faixas";"Colisão lateral mesmo sentido";"Com Vítimas Feridas";"Pleno dia";"Crescente";"Céu Claro";"Simples";"Reta";"Sim";2;0;1;0;1;0;1;2;-25,38826;-49,182645;"SPRF-PR";"DEL01-PR";"UOP02-DEL01-PR"
421273;2022-03-18;"sexta-feira";"10:20:00";"RS";287;253;"SANTA MARIA";"Desrespeitar a preferência no cruzamento";"Colisão transversal";"Sem Vítimas";"Pleno dia";"Crescente";"Céu Claro";"Dupla";"Rotatória";"Sim";2;0;0;0;2;0;0;2;-29,68893819;-53,89525652;"SPRF-RS";"DEL09-RS";"UOP01-DEL09-RS"
421274;2022-03-18;"sexta-feira";"08:34:00";"BA";324;310;"JACOBINA";"Demais falhas mecânicas ou elétricas";"Colisão lateral mesmo sentido";"Com Vítimas Feridas";"Pleno dia";"Crescente";"Céu Claro";"Simples";"Reta";"Não";3;0;2;0;1;0;2;2;-11,20622941;-40,39067745;"SPRF-BA";"DEL04-BA";"UOP02-DEL04-BA"
421275;2022-02-23;"quarta-feira";"09:40:00";"MG";40;360;"FELIXLANDIA";"Reação tardia ou ineficiente do condutor";"Queda de ocupante de veículo";"Sem Vítimas";"Pleno dia";"Crescente";"Céu Claro";"Simples";"Reta";"Não";1;0;0;0;0;1;0;1;-18,74935288;-44,85229988;"SPRF-MG";"DEL02-MG";"UOP01-DEL02-MG"
421276;2022-03-18;"sexta-feira";"11:05:00";"SC";470;7,8;"NAVEGANTES";"Condutor deixou de manter distância do veículo da frente";"Colisão lateral mesmo sentido";"Com Vítimas Feridas";"Pleno dia";"Crescente";"Sol";"Simples";"Interseção de Vias";"Não";2;0;1;0;1;0;1;2;-26,84499;-48,71505;"SPRF-SC";"DEL04-SC";"UOP04-DEL04-SC"
421278;2022-03-18;"sexta-feira";"11:55:00";"RS";290;723;"URUGUAIANA";"Acessar a via sem observar a presença dos outros veículos";"Colisão transversal";"Com Vítimas Feridas";"Pleno dia";"Decrescente";"Nublado";"Simples";"Reta";"Sim";3;0;1;0;2;0;1;2;-29,748093;-57,078648;"SPRF-RS";"DEL13-RS";"UOP01-DEL13-RS"
421282;2022-03-18;"sexta-feira";"12:20:00";"PR";476;144;"CURITIBA";"Objeto estático sobre o leito carroçável";"Queda de ocupante de veículo";"Com Vítimas Feridas";"Pleno dia";"Crescente";"Céu Claro";"Dupla";"Reta";"Sim";1;0;1;0;0;0;1;1;-25,542501;-49,313011;"SPRF-PR";"DEL01-PR";"UOP03-DEL01-PR"
421285;2022-03-18;"sexta-feira";"13:20:00";"RS";392;67;"PELOTAS";"Ausência de reação do condutor";"Colisão lateral mesmo sentido";"Com Vítimas Feridas";"Pleno dia";"Crescente";"Céu Claro";"Simples";"Reta";"Sim";2;0;1;0;1;0;1;2;-31,75709532;-52,39980728;"SPRF-RS";"DEL07-RS";"UOP01-DEL07-RS"
421286;2022-03-02;"quarta-feira";"16:00:00";"PI";316;333;"GEMINIANO";"Ausência de reação do condutor";"Saída de leito carroçável";"Com Vítimas Fatais";"Pleno dia";"Decrescente";"Céu Claro";"Simples";"Reta";"Não";1;1;0;0;0;0;0;1;-7,1066551;-41,27195001;"SPRF-PI";"DEL04-PI";"UOP01-DEL04-PI"
421287;2022-03-16;"quarta-feira";"14:30:00";"GO";60;192;"GUAPO";"Chuva";"Saída de leito carroçável";"Sem Vítimas";"Pleno dia";"Crescente";"Chuva";"Dupla";"Curva";"Não";1;0;0;0;1;0;0;1;-16,8429;-49,5503;"SPRF-GO";"DEL01-GO";"UOP02-DEL01-GO"
421290;2022-03-10;"quinta-feira";"14:20:00";"MS";163;22;"MUNDO NOVO";"Reação tardia ou ineficiente do condutor";"Colisão lateral sentido oposto";"Sem Vítimas";"Pleno dia";"Crescente";"Nublado";"Simples";"Declive";"Não";5;0;0;0;5;0;0;2;-23,91127109;-54,29550011;"SPRF-MS";"DEL09-MS";"UOP02-DEL09-MS"
421292;2022-03-07;"segunda-feira";"23:00:00";"PR";376;306;"MAUA DA SERRA";"Animais na Pista";"Atropelamento de Animal";"Sem Vítimas";"Plena Noite";"Decrescente";"Ignorado";"Simples";"Curva";"Não";1;0;0;0;1;0;0;1;-23,95102619;-51,11880541;"SPRF-PR";"DEL07-PR";"UOP02-DEL07-PR"
421293;2022-03-18;"sexta-feira";"13:00:00";"PB";230;16,9;"JOAO PESSOA";"Condutor deixou de manter distância do veículo da frente";"Colisão traseira";"Sem Vítimas";"Pleno dia";"Decrescente";"Sol";"Dupla";"Reta";"Sim";2;0;0;0;1;1;0;2;-7,11419733;-34,84204408;"SPRF-PB";"DEL01-PB";"UOP01-DEL01-PB"
421295;2022-03-18;"sexta-feira";"13:20:00";"RJ";40;121;"DUQUE DE CAXIAS";"Condutor deixou de manter distância do veículo da frente";"Colisão traseira";"Com Vítimas Feridas";"Pleno dia";"Decrescente";"Céu Claro";"Múltipla";"Reta";"Sim";2;0;1;0;1;0;1;2;-22,78185499;-43,28571273;"SPRF-RJ";"DEL01-RJ";"UOP01-DEL01-RJ"
421296;2022-02-02;"quarta-feira";"20:30:00";"RS";468;123,3;"TIRADENTES DO SUL";"Condutor deixou de manter distância do veículo da frente";"Colisão lateral mesmo sentido";"Com Vítimas Feridas";"Plena Noite";"Decrescente";"Céu Claro";"Simples";"Reta";"Sim";2;0;0;1;1;0;1;2;-27,40042593;-54,05754535;"SPRF-RS";"DEL08-RS";"UOP02-DEL08-RS"
421300;2022-03-18;"sexta-feira";"14:40:00";"BA";324;604;"SIMOES FILHO";"Condutor usando celular";"Colisão lateral mesmo sentido";"Com Vítimas Feridas";"Pleno dia";"Decrescente";"Céu Claro";"Dupla";"Interseção de Vias";"Sim";2;0;1;0;1;0;1;2;-12,77978866;-38,41589628;"SPRF-BA";"DEL01-BA";"UOP01-DEL01-BA"
421301;2022-03-18;"sexta-feira";"13:45:00";"SC";163;93,1;"GUARACIABA";"Manobra de mudança de faixa";"Colisão lateral mesmo sentido";"Com Vítimas Feridas";"Pleno dia";"Decrescente";"Nublado";"Simples";"Reta";"Não";3;0;2;0;1;0;2;2;-26,54289607;-53,52035746;"SPRF-SC";"DEL07-SC";"UOP03-DEL07-SC"
421306;2022-03-18;"sexta-feira";"14:50:00";"MG";381;791,5;"SAO GONCALO DO SAPUCAI";"Demais falhas mecânicas ou elétricas";"Saída de leito carroçável";"Com Vítimas Feridas";"Pleno dia";"Crescente";"Céu Claro";"Dupla";"Reta";"Não";2;0;2;0;0;0;2;1;-21,91694596;-45,58909701;"SPRF-MG";"DEL16-MG";"UOP02-DEL16-MG"
421307;2022-03-18;"sexta-feira";"14:20:00";"PR";376;266,2;"MARILANDIA DO SUL";"Acumulo de água sobre o pavimento";"Capotamento";"Com Vítimas Feridas";"Pleno dia";"Decrescente";"Chuva";"Dupla";"Declive";"Não";1;0;1;0;0;0;1;1;-23,71713;-51,311228;"SPRF-PR";"DEL07-PR";"UOP02-DEL07-PR"
421309;2022-03-18;"sexta-feira";"15:00:00";"RN";405;1,5;"MOSSORO";"Acessar a via sem observar a presença dos outros veículos";"Colisão transversal";"Com Vítimas Feridas";"Pleno dia";"Decrescente";"Céu Claro";"Dupla";"Reta";"Sim";2;0;0;2;0;0;2;2;-5,19690113;-37,36119575;"SPRF-RN";"DEL04-RN";"UOP02-DEL04-RN"
421312;2022-03-18;"sexta-feira";"15:40:00";"PI";316;307;"PICOS";"Ingestão de álcool pelo condutor";"Colisão lateral mesmo sentido";"Com Vítimas Feridas";"Pleno dia";"Decrescente";"Céu Claro";"Simples";"Reta";"Sim";2;0;1;0;1;0;1;2;-7,07827269;-41,50174881;"SPRF-PI";"DEL04-PI";"UOP01-DEL04-PI"
421314;2022-03-18;"sexta-feira";"13:30:00";"MS";262;356,4;"CAMPO GRANDE";"Ausência de reação do condutor";"Saída de leito carroçável";"Com Vítimas Feridas";"Pleno dia";"Decrescente";"Céu Claro";"Múltipla";"Aclive";"Não";1;0;0;1;0;0;1;1;-20,54689226;-54,68290329;"SPRF-MS";"DEL01-MS";"UOP03-DEL01-MS"
421315;2022-03-18;"sexta-feira";"16:05:00";"PE";101;77,3;"RECIFE";"Acessar a via sem observar a presença dos outros veículos";"Colisão transversal";"Com Vítimas Feridas";"Pleno dia";"Crescente";"Céu Claro";"Múltipla";"Interseção de Vias";"Sim";2;0;0;1;1;0;1;2;-8,126982;-34,94386;"SPRF-PE";"DEL01-PE";"UOP01-DEL01-PE"
421316;2022-03-18;"sexta-feira";"16:10:00";"SC";101;191,2;"BIGUACU";"Demais Fenômenos da natureza";"Queda de ocupante de veículo";"Com Vítimas Feridas";"Pleno dia";"Decrescente";"Céu Claro";"Dupla";"Curva";"Não";1;0;1;0;0;0;1;1;-27,47730273;-48,64127329;"SPRF-SC";"DEL01-SC";"UOP01-DEL01-SC"
421317;2022-03-18;"sexta-feira";"16:20:00";"CE";116;16;"EUSEBIO";"Objeto estático sobre o leito carroçável";"Tombamento";"Com Vítimas Feridas";"Pleno dia";"Crescente";"Céu Claro";"Dupla";"Reta";"Sim";1;0;1;0;0;0;1;1;-3,88732794;-38,50185439;"SPRF-CE";"DEL01-CE";"UOP02-DEL01-CE"
421321;2022-03-18;"sexta-feira";"15:50:00";"RS";290;79;"GRAVATAI";"Reação tardia ou ineficiente do condutor";"Saída de leito carroçável";"Com Vítimas Feridas";"Pleno dia";"Crescente";"Céu Claro";"Dupla";"Reta";"Não";1;0;1;0;0;0;1;1;-29,952908;-51,048054;"SPRF-RS";"DEL01-RS";"UOP01-DEL01-RS"
421323;2022-03-18;"sexta-feira";"16:15:00";"PB";230;37,4;"SANTA RITA";"Avarias e/ou desgaste excessivo no pneu";"Tombamento";"Com Vítimas Feridas";"Pleno dia";"Crescente";"Nublado";"Dupla";"Reta";"Sim";1;0;1;0;0;0;1;1;-7,1293;-34,9536;"SPRF-PB";"DEL01-PB";"UOP03-DEL01-PB"
421324;2022-01-10;"segunda-feira";"18:40:00";"SC";282;2,8;"FLORIANOPOLIS";"Frear bruscamente";"Tombamento";"Com Vítimas Feridas";"Anoitecer";"Decrescente";"Chuva";"Dupla";"Reta";"Sim";2;0;0;1;0;1;1;2;-27,60198997;-48,59706491;"SPRF-SC";"DEL01-SC";"UOP01-DEL01-SC"
421326;2022-03-18;"sexta-feira";"16:00:00";"SC";116;220,5;"CORREIA PINTO";"Desrespeitar a preferência no cruzamento";"Colisão transversal";"Com Vítimas Feridas";"Pleno dia";"Decrescente";"Nublado";"Simples";"Interseção de Vias";"Sim";2;0;0;1;1;0;1;2;-27,59088294;-50,36227763;"SPRF-SC";"DEL05-SC";"UOP03-DEL05-SC"
421329;2022-03-18;"sexta-feira";"17:00:00";"SP";116;140,8;"SAO JOSE DOS CAMPOS";"Avarias e/ou desgaste excessivo no pneu";"Tombamento";"Com Vítimas Feridas";"Pleno dia";"Crescente";"Céu Claro";"Dupla";"Reta";"Sim";1;0;1;0;0;0;1;1;-23,16577714;-45,81246193;"SPRF-SP";"DEL02-SP";"UOP01-DEL02-SP"
421330;2022-03-18;"sexta-feira";"17:00:00";"MG";40;277,8;"TRES MARIAS";"Velocidade Incompatível";"Colisão transversal";"Com Vítimas Fatais";"Pleno dia";"Crescente";"Céu Claro";"Simples";"Curva";"Sim";2;1;0;0;1;0;0;2;-18,21264695;-45,22480595;"SPRF-MG";"DEL14-MG";"UOP02-DEL14-MG"
421331;2022-03-18;"sexta-feira";"17:35:00";"CE";116;3;"FORTALEZA";"Frear bruscamente";"Queda de ocupante de veículo";"Com Vítimas Feridas";"Anoitecer";"Decrescente";"Nublado";"Dupla";"Reta";"Sim";1;0;1;0;0;0;1;1;-3,77866493;-38,51490171;"SPRF-CE";"DEL01-CE";"UOP02-DEL01-CE"
421333;2022-03-18;"sexta-feira";"17:10:00";"SC";470;69,7;"INDAIAL";"Retorno proibido";"Colisão transversal";"Com Vítimas Feridas";"Pleno dia";"Crescente";"Céu Claro";"Simples";"Viaduto";"Sim";2;0;1;0;1;0;1;2;-26,889374;-49,254478;"SPRF-SC";"DEL04-SC";"UOP01-DEL04-SC"
421334;2022-03-18;"sexta-feira";"13:40:00";"MT";70;6,9;"BARRA DO GARCAS";"Reação tardia ou ineficiente do condutor";"Colisão transversal";"Com Vítimas Feridas";"Pleno dia";"Crescente";"Céu Claro";"Dupla";"Reta";"Sim";2;0;2;0;0;0;2;2;-15,878268;-52,306705;"SPRF-MT";"DEL07-MT";"UOP01-DEL07-MT"
421335;2022-03-18;"sexta-feira";"16:00:00";"RJ";101;591;"PARATY";"Condutor deixou de manter distância do veículo da frente";"Saída de leito carroçável";"Com Vítimas Feridas";"Pleno dia";"Crescente";"Céu Claro";"Simples";"Curva";"Não";2;0;0;1;1;0;1;2;-23,31079094;-44,71658005;"SPRF-RJ";"DEL03-RJ";"UOP04-DEL03-RJ"
421337;2022-03-18;"sexta-feira";"16:50:00";"PE";423;106,5;"CAETES";"Velocidade Incompatível";"Colisão transversal";"Com Vítimas Fatais";"Pleno dia";"Decrescente";"Céu Claro";"Simples";"Reta";"Não";5;1;0;3;0;1;3;3;-8,88171776;-36,57279606;"SPRF-PE";"DEL03-PE";"UOP01-DEL03-PE"
421338;2022-03-10;"quinta-feira";"20:45:00";"RS";290;12;"SANTO ANTONIO DA PATRULHA";"Deficiência do Sistema de Iluminação/Sinalização";"Colisão lateral mesmo sentido";"Com Vítimas Feridas";"Plena Noite";"Crescente";"Nublado";"Dupla";"Reta";"Não";2;0;0;1;0;1;1;2;-29,8814;-50,391841;"SPRF-RS";"DEL03-RS";"UOP01-DEL03-RS"
421339;2022-03-18;"sexta-feira";"15:45:00";"RJ";393;182;"PARAIBA DO SUL";"Desrespeitar a preferência no cruzamento";"Colisão transversal";"Com Vítimas Feridas";"Pleno dia";"Crescente";"Céu Claro";"Simples";"Rotatória";"Sim";3;0;2;0;1;0;2;2;-22,14335888;-43,28636885;"SPRF-RJ";"DEL05-RJ";"UOP03-DEL05-RJ"
421340;2022-03-18;"sexta-feira";"16:30:00";"GO";153;553;"PIRACANJUBA";"Manobra de mudança de faixa";"Colisão lateral mesmo sentido";"Sem Vítimas";"Pleno dia";"Crescente";"Céu Claro";"Dupla";"Reta";"Não";2;0;0;0;2;0;0;2;-17,1682;-49,2117;"SPRF-GO";"DEL01-GO";"UOP03-DEL01-GO"
421341;2022-03-18;"sexta-feira";"18:12:00";"PR";376;216;"JANDAIA DO SUL";"Acesso irregular";"Colisão transversal";"Com Vítimas Feridas";"Anoitecer";"Crescente";"Céu Claro";"Dupla";"Reta";"Não";3;0;0;2;0;1;2;2;-23,59767281;-51,63339596;"SPRF-PR";"DEL09-PR";"UOP01-DEL09-PR"
421342;2022-03-18;"sexta-feira";"14:15:00";"SC";280;4,6;"SAO FRANCISCO DO SUL";"Desrespeitar a preferência no cruzamento";"Colisão transversal";"Com Vítimas Feridas";"Pleno dia";"Crescente";"Céu Claro";"Simples";"Interseção de Vias;Rotatória";"Sim";2;0;0;1;0;1;1;2;-26,25329566;-48,61916042;"SPRF-SC";"DEL03-SC";"UOP03-DEL03-SC"
421345;2022-03-18;"sexta-feira";"18:00:00";"PI";316;5;"TERESINA";"Condutor desrespeitou a iluminação vermelha do semáforo";"Colisão transversal";"Com Vítimas Feridas";"Anoitecer";"Crescente";"Céu Claro";"Simples";"Interseção de Vias";"Sim";2;0;1;0;1;0;1;2;-5,14397914;-42,77817607;"SPRF-PI";"DEL01-PI";"UOP02-DEL01-PI"
421346;2022-03-18;"sexta-feira";"18:00:00";"PR";116;5;"CAMPINA GRANDE DO SUL";"Manobra de mudança de faixa";"Capotamento";"Com Vítimas Feridas";"Anoitecer";"Decrescente";"Garoa/Chuvisco";"Dupla";"Curva;Declive";"Não";1;0;1;0;0;0;1;1;-25,08301297;-48,59994703;"SPRF-PR";"DEL01-PR";"UOP02-DEL01-PR"
421347;2022-03-18;"sexta-feira";"18:20:00";"SP";116;393,2;"MIRACATU";"Objeto estático sobre o leito carroçável";"Eventos atípicos";"Com Vítimas Feridas";"Anoitecer";"Crescente";"Céu Claro";"Dupla";"Reta";"Não";2;0;0;1;1;0;1;2;-24,28558932;-47,44194093;"SPRF-SP";"DEL04-SP";"UOP02-DEL04-SP"
421348;2022-03-18;"sexta-feira";"18:45:00";"MG";262;371,5;"JUATUBA";"Entrada inopinada do pedestre";"Atropelamento de Pedestre";"Com Vítimas Feridas";"Plena Noite";"Decrescente";"Céu Claro";"Dupla";"Declive;Curva";"Não";2;0;0;1;1;0;1;2;-19,958555;-44,357915;"SPRF-MG";"DEL01-MG";"UOP03-DEL01-MG"
421350;2022-03-18;"sexta-feira";"18:30:00";"PR";116;115;"CURITIBA";"Ausência de reação do condutor";"Tombamento";"Com Vítimas Feridas";"Anoitecer";"Crescente";"Céu Claro";"Dupla";"Reta";"Não";1;0;1;0;0;0;1;1;-25,55953326;-49,26560414;"SPRF-PR";"DEL01-PR";"UOP01-DEL01-PR"