"id";"data_inversa";"dia_semana";"horario";"uf";"br";"km";"municipio";"causa_acidente";"tipo_acidente";"classificacao_acidente";"fase_dia";"sentido_via";"condicao_metereologica";"tipo_pista";"tracado_via";"uso_solo";"pessoas";"mortos";"feridos_leves";"feridos_graves";"ilesos";"ignorados";"feridos";"veiculos";"latitude";"longitude";"regional";"delegacia";"uop"
421353;2022-03-18;"sexta-feira";"17:54:00";"PR";277;466,3;"NOVA LARANJEIRAS";"Velocidade Incompatível";"Capotamento";"Com Vítimas Feridas";"Anoitecer";"Decrescente";"Nublado";"Simples";"Curva";"Não";1;0;1;0;0;0;1;1;-25,35433409;-52,48223603;"SPRF-PR";"DEL04-PR";"UOP02-DEL04-PR"
421354;2022-03-18;"sexta-feira";"18:50:00";"RJ";40;112;"DUQUE DE CAXIAS";"Condutor deixou de manter distância do veículo da frente";"Engavetamento";"Sem Vítimas";"Plena Noite";"Decrescente";"Céu Claro";"Múltipla";"Reta";"Sim";3;0;0;0;3;0;0;3;-22,7004454;-43,29014851;"SPRF-RJ";"DEL01-RJ";"UOP01-DEL01-RJ"
421356;2022-02-22;"terça-feira";"13:43:00";"MG";381;856,5;"POUSO ALEGRE";"Demais falhas mecânicas ou elétricas";"Incêndio";"Sem Vítimas";"Pleno dia";"Decrescente";"Céu Claro";"Dupla";"Reta";"Não";1;0;0;0;1;0;0;1;-22,32871415;-45,91398482;"SPRF-MG";"DEL16-MG";"UOP01-DEL16-MG"
421358;2022-03-18;"sexta-feira";"19:40:00";"ES";101;268;"SERRA";"Condutor deixou de manter distância do veículo da frente";"Colisão traseira";"Com Vítimas Feridas";"Plena Noite";"Crescente";"Céu Claro";"Dupla";"Reta";"Sim";2;0;1;0;0;1;1;2;-20,20842;-40,269405;"SPRF-ES";"DEL02-ES";"UOP01-DEL02-ES"
421359;2022-03-18;"sexta-feira";"18:45:00";"RJ";116;133,8;"MAGE";"Reação tardia ou ineficiente do condutor";"Atropelamento de Pedestre";"Com Vítimas Fatais";"Plena Noite";"Crescente";"Céu Claro";"Dupla";"Reta";"Não";2;1;0;0;1;0;0;2;-22,65418284;-43,14382995;"SPRF-RJ";"DEL04-RJ";"UOP02-DEL04-RJ"
421360;2022-03-18;"sexta-feira";"18:00:00";"SC";101;288;"IMBITUBA";"Avarias e/ou desgaste excessivo no pneu";"Colisão com objeto";"Com Vítimas Feridas";"Plena Noite";"Decrescente";"Chuva";"Dupla";"Curva";"Não";4;0;2;0;2;0;2;1;-28,24598003;-48,70010284;"SPRF-SC";"DEL02-SC";"UOP03-DEL02-SC"
421362;2022-03-18;"sexta-feira";"17:00:00";"MG";354;711,4;"CAXAMBU";"Velocidade Incompatível";"Saída de leito carroçável";"Com Vítimas Feridas";"Pleno dia";"Crescente";"Céu Claro";"Simples";"Curva";"Não";1;0;1;0;0;0;1;1;-22,04218554;-44,92851561;"SPRF-MG";"DEL17-MG";"UOP01-DEL17-MG"
421365;2022-02-18;"sexta-feira";"16:00:00";"CE";20;409;"CAUCAIA";"Condutor deixou de manter distância do veículo da frente";"Colisão lateral mesmo sentido";"Com Vítimas Feridas";"Pleno dia";"Decrescente";"Céu Claro";"Dupla";"Reta";"Sim";3;0;1;1;1;0;2;2;-3,79859973;-38,64488862;"SPRF-CE";"DEL01-CE";"UOP01-DEL01-CE"
421366;2022-03-18;"sexta-feira";"16:50:00";"MA";135;34;"BACABEIRA";"Falta de elemento de contenção que evite a saída do leito carroçável";"Saída de leito carroçável";"Com Vítimas Feridas";"Pleno dia";"Crescente";"Chuva";"Dupla";"Reta";"Não";2;0;1;0;0;1;1;2;-2,8400788;-44,37485218;"SPRF-MA";"DEL01-MA";"UOP01-DEL01-MA"
421369;2022-03-18;"sexta-feira";"19:20:00";"RJ";101;476;"ANGRA DOS REIS";"Ingestão de álcool pelo condutor";"Capotamento";"Com Vítimas Feridas";"Plena Noite";"Crescente";"Céu Claro";"Simples";"Curva";"Sim";1;0;1;0;0;0;1;1;-23,00507335;-44,25923824;"SPRF-RJ";"DEL03-RJ";"UOP03-DEL03-RJ"
421370;2022-03-18;"sexta-feira";"21:00:00";"SP";153;24;"NOVA GRANADA";"Animais na Pista";"Tombamento";"Com Vítimas Feridas";"Plena Noite";"Crescente";"Céu Claro";"Simples";"Reta";"Não";1;0;1;0;0;0;1;1;-20,490193;-49,309453;"SPRF-SP";"DEL09-SP";"UOP01-DEL09-SP"
421371;2022-03-18;"sexta-feira";"20:40:00";"PR";369;54;"BANDEIRANTES";"Velocidade Incompatível";"Colisão frontal";"Com Vítimas Feridas";"Plena Noite";"Decrescente";"Chuva";"Simples";"Curva";"Sim";2;0;0;1;1;0;1;2;-23,122568;-50,38052;"SPRF-PR";"DEL07-PR";"UOP01-DEL07-PR"
421372;2022-03-18;"sexta-feira";"20:00:00";"PR";277;126;"BALSA NOVA";"Mal súbito do condutor";"Saída de leito carroçável";"Com Vítimas Feridas";"Plena Noite";"Crescente";"Céu Claro";"Dupla";"Reta;Declive";"Não";3;0;2;0;1;0;2;1;-25,447623;-49,604768;"SPRF-PR";"DEL01-PR";"UOP03-DEL03-PR"
421373;2022-03-18;"sexta-feira";"20:45:00";"MG";459;78,5;"CONGONHAL";"Condutor deixou de manter distância do veículo da frente";"Colisão lateral mesmo sentido";"Sem Vítimas";"Plena Noite";"Crescente";"Céu Claro";"Simples";"Reta";"Não";2;0;0;0;2;0;0;2;-22,15604;-46,119011;"SPRF-MG";"DEL09-MG";"UOP01-DEL09-MG"
421374;2022-03-18;"sexta-feira";"20:50:00";"MG";146;415,5;"MUZAMBINHO";"Ingestão de álcool pelo condutor";"Saída de leito carroçável";"Com Vítimas Feridas";"Plena Noite";"Decrescente";"Nublado";"Simples";"Reta";"Não";1;0;1;0;0;0;1;1;-21,34784332;-46,54237747;"SPRF-MG";"DEL09-MG";"UOP01-DEL09-MG"
421375;2022-03-18;"sexta-feira";"18:45:00";"SC";101;426,8;"SOMBRIO";"Reação tardia ou ineficiente do condutor";"Colisão lateral mesmo sentido";"Com Vítimas Feridas";"Plena Noite";"Decrescente";"Nublado";"Múltipla";"Reta";"Sim";2;0;1;0;1;0;1;2;-29,02593927;-49,59976914;"SPRF-SC";"DEL02-SC";"UOP02-DEL02-SC"
421377;2022-03-18;"sexta-feira";"18:00:00";"PB";104;172,6;"BARRA DE SANTANA";"Pedestre andava na pista";"Atropelamento de Pedestre";"Com Vítimas Fatais";"Anoitecer";"Crescente";"Céu Claro";"Simples";"Curva";"Não";2;1;0;0;0;1;0;2;-7,59492614;-36,04486366;"SPRF-PB";"DEL02-PB";"UOP03-DEL02-PB"
421378;2022-03-18;"sexta-feira";"20:10:00";"SC";101;148,7;"ITAPEMA";"Reação tardia ou ineficiente do condutor";"Colisão transversal";"Com Vítimas Feridas";"Plena Noite";"Crescente";"Chuva";"Simples";"Curva";"Sim";2;0;1;0;1;0;1;2;-27,10123686;-48,61807962;"SPRF-SC";"DEL04-SC";"UOP03-DEL04-SC"
421379;2022-03-18;"sexta-feira";"21:00:00";"ES";101;345;"GUARAPARI";"Acesso irregular";"Colisão lateral sentido oposto";"Com Vítimas Feridas";"Plena Noite";"Crescente";"Céu Claro";"Simples";"Curva";"Sim";4;0;0;1;1;2;1;2;-20,66063026;-40,60867306;"SPRF-ES";"DEL03-ES";"UOP01-DEL03-ES"
421380;2022-03-18;"sexta-feira";"22:00:00";"SP";116;217;"GUARULHOS";"Velocidade Incompatível";"Colisão traseira";"Com Vítimas Feridas";"Plena Noite";"Decrescente";"Nublado";"Múltipla";"Reta";"Sim";4;0;1;0;3;0;1;2;-23,45351222;-46,46990927;"SPRF-SP";"DEL01-SP";"UOP01-DEL01-SP"
421381;2022-03-18;"sexta-feira";"21:50:00";"PR";376;176;"MARINGA";"Reação tardia ou ineficiente do condutor";"Colisão transversal";"Com Vítimas Feridas";"Plena Noite";"Crescente";"Céu Claro";"Múltipla";"Interseção de Vias";"Sim";2;0;2;0;0;0;2;2;-23,4113569;-51,9407767;"SPRF-PR";"DEL09-PR";"UOP01-DEL09-PR"
421383;2022-03-18;"sexta-feira";"20:00:00";"AC";364;122;"RIO BRANCO";"Ausência de reação do condutor";"Colisão traseira";"Com Vítimas Feridas";"Plena Noite";"Decrescente";"Nublado";"Dupla";"Reta";"Sim";3;0;2;0;1;0;2;2;-10,01188291;-67,773345;"SPRF-AC";"DEL01-AC";"UOP01-DEL01-AC"
421386;2022-03-18;"sexta-feira";"20:20:00";"SP";381;85;"SAO PAULO";"Transitar no acostamento";"Colisão traseira";"Com Vítimas Fatais";"Plena Noite";"Crescente";"Céu Claro";"Dupla";"Reta";"Sim";2;1;0;0;0;1;0;2;-23,449343;-46,56983501;"SPRF-SP";"DEL03-SP";"UOP01-DEL03-SP"
421387;2022-03-18;"sexta-feira";"22:30:00";"SC";101;194,2;"BIGUACU";"Ausência de reação do condutor";"Atropelamento de Pedestre";"Com Vítimas Feridas";"Plena Noite";"Crescente";"Chuva";"Múltipla";"Reta";"Sim";2;0;1;0;1;0;1;2;-27,49815117;-48,65661236;"SPRF-SC";"DEL01-SC";"UOP01-DEL01-SC"
421388;2022-03-18;"sexta-feira";"22:15:00";"SC";116;1,7;"MAFRA";"Transitar na contramão";"Colisão frontal";"Com Vítimas Feridas";"Plena Noite";"Crescente";"Chuva";"Dupla";"Interseção de Vias";"Não";2;0;2;0;0;0;2;2;-26,1170929;-49,78694917;"SPRF-SC";"DEL06-SC";"UOP01-DEL06-SC"
421390;2022-03-18;"sexta-feira";"23:15:00";"PE";101;48,9;"ABREU E LIMA";"Condutor deixou de manter distância do veículo da frente";"Colisão traseira";"Com Vítimas Feridas";"Plena Noite";"Decrescente";"Céu Claro";"Múltipla";"Reta";"Sim";4;0;3;0;0;1;3;3;-7,89174705;-34,9033493;"SPRF-PE";"DEL01-PE";"UOP02-DEL01-PE"
421392;2022-03-18;"sexta-feira";"22:00:00";"PE";101;90;"CABO DE SANTO AGOSTINHO";"Manobra de mudança de faixa";"Queda de ocupante de veículo";"Com Vítimas Feridas";"Plena Noite";"Crescente";"Garoa/Chuvisco";"Múltipla";"Reta";"Não";2;0;0;2;0;0;2;1;-8,21612792;-34,98772817;"SPRF-PE";"DEL01-PE";"UOP01-DEL01-PE"
421393;2022-03-18;"sexta-feira";"23:20:00";"GO";153;567,5;"PROFESSOR JAMIL";"Ingestão de álcool pelo condutor";"Saída de leito carroçável";"Com Vítimas Feridas";"Plena Noite";"Crescente";"Céu Claro";"Dupla";"Reta";"Não";2;0;2;0;0;0;2;1;-17,2757;-49,2384;"SPRF-GO";"DEL03-GO";"UOP01-DEL03-GO"
421394;2022-03-10;"quinta-feira";"12:00:00";"PE";428;187,8;"PETROLINA";"Acumulo de areia ou detritos sobre o pavimento";"Queda de ocupante de veículo";"Com Vítimas Feridas";"Pleno dia";"Crescente";"Céu Claro";"Simples";"Reta";"Sim";1;0;1;0;0;0;1;1;-9,37076522;-40,48613767;"SPRF-PE";"DEL06-PE";"UOP01-DEL06-PE"
421395;2022-03-18;"sexta-feira";"23:15:00";"GO";60;70,3;"ABADIANIA";"Ingestão de álcool e/ou substâncias psicoativas pelo pedestre";"Saída de leito carroçável";"Com Vítimas Feridas";"Plena Noite";"Crescente";"Céu Claro";"Dupla";"Reta";"Não";1;0;0;1;0;0;1;1;-16,249551;-48,761682;"SPRF-GO";"DEL02-GO";"UOP01-DEL02-GO"
421396;2022-03-18;"sexta-feira";"23:40:00";"RN";406;161;"CEARA-MIRIM";"Transitar na contramão";"Colisão frontal";"Com Vítimas Feridas";"Plena Noite";"Decrescente";"Céu Claro";"Simples";"Reta";"Sim";2;0;1;0;1;0;1;2;-5,72093004;-35,36655305;"SPRF-RN";"DEL02-RN";"UOP01-DEL02-RN"
421399;2022-03-18;"sexta-feira";"23:10:00";"ES";101;66;"SAO MATEUS";"Reação tardia ou ineficiente do condutor";"Queda de ocupante de veículo";"Com Vítimas Feridas";"Plena Noite";"Crescente";"Céu Claro";"Dupla";"Reta";"Sim";1;0;1;0;0;0;1;1;-18,7165195;-39,87436378;"SPRF-ES";"DEL04-ES";"UOP02-DEL04-ES"
421401;2022-03-18;"sexta-feira";"22:35:00";"BA";410;0;"RIBEIRA DO POMBAL";"Velocidade Incompatível";"Saída de leito carroçável";"Sem Vítimas";"Plena Noite";"Decrescente";"Céu Claro";"Simples";"Rotatória";"Sim";1;0;0;0;0;1;0;1;-10,81554642;-38,53026694;"SPRF-BA";"DEL07-BA";"UOP02-DEL07-BA"
421402;2022-03-18;"sexta-feira";"23:30:00";"SC";101;118,5;"ITAJAI";"Ausência de reação do condutor";"Capotamento";"Sem Vítimas";"Plena Noite";"Decrescente";"Chuva";"Dupla";"Reta";"Não";1;0;0;0;1;0;0;1;-26,895859;-48,71903;"SPRF-SC";"DEL04-SC";"UOP04-DEL04-SC"
421405;2022-03-18;"sexta-feira";"22:30:00";"RO";364;197;"PIMENTA BUENO";"Reação tardia ou ineficiente do condutor";"Queda de ocupante de veículo";"Com Vítimas Feridas";"Plena Noite";"Crescente";"Nublado";"Simples";"Reta";"Sim";2;0;1;0;1;0;1;1;-11,67888273;-61,1876142;"SPRF-RO";"DEL02-RO";"UOP02-DEL02-RO"
421410;2022-03-19;"sábado";"01:15:00";"MG";251;520,7;"MONTES CLAROS";"Transitar na contramão";"Colisão frontal";"Com Vítimas Fatais";"Plena Noite";"Crescente";"Céu Claro";"Simples";"Curva";"Não";2;1;0;0;1;0;0;2;-16,66570005;-43,78533097;"SPRF-MG";"DEL12-MG";"UOP01-DEL12-MG"
421412;2022-03-19;"sábado";"01:20:00";"GO";40;3,6;"VALPARAISO DE GOIAS";"Ingestão de álcool pelo condutor";"Saída de leito carroçável";"Sem Vítimas";"Plena Noite";"Decrescente";"Céu Claro";"Dupla";"Reta";"Sim";1;0;0;0;0;1;0;1;-16,08244148;-47,98640555;"SPRF-DF";"DEL01-DF";"UOP01-DEL01-DF"
421413;2022-03-19;"sábado";"00:40:00";"ES";101;282,5;"CARIACICA";"Reação tardia ou ineficiente do condutor";"Saída de leito carroçável";"Com Vítimas Feridas";"Plena Noite";"Crescente";"Céu Claro";"Dupla";"Reta";"Não";1;0;0;1;0;0;1;1;-20,22694;-40,36458;"SPRF-ES";"DEL01-ES";"UOP01-DEL01-ES"
421415;2022-03-19;"sábado";"01:05:00";"MS";163;261,4;"DOURADOS";"Animais na Pista";"Atropelamento de Animal";"Com Vítimas Feridas";"Plena Noite";"Decrescente";"Nevoeiro/Neblina";"Dupla";"Reta";"Sim";1;0;1;0;0;0;1;1;-22,23738602;-54,76229668;"SPRF-MS";"DEL04-MS";"UOP01-DEL04-MS"
421416;2022-03-19;"sábado";"02:15:00";"PR";116;0,5;"CAMPINA GRANDE DO SUL";"Ausência de reação do condutor";"Colisão com objeto";"Com Vítimas Feridas";"Plena Noite";"Crescente";"Nublado";"Dupla";"Retorno Regulamentado";"Sim";3;0;3;0;0;0;3;1;-25,34667307;-49,04635906;"SPRF-PR";"DEL01-PR";"UOP02-DEL01-PR"
421417;2022-03-19;"sábado";"02:10:00";"ES";101;276,6;"SERRA";"Ausência de reação do condutor";"Tombamento";"Com Vítimas Feridas";"Plena Noite";"Crescente";"Céu Claro";"Dupla";"Reta";"Sim";1;0;1;0;0;0;1;1;-20,20788726;-40,3133509;"SPRF-ES";"DEL02-ES";"UOP01-DEL02-ES"
421418;2022-03-19;"sábado";"01:00:00";"RS";471;192;"PANTANO GRANDE";"Demais falhas mecânicas ou elétricas";"Incêndio";"Sem Vítimas";"Plena Noite";"Crescente";"Nublado";"Simples";"Reta";"Não";1;0;0;0;1;0;0;1;-30,1510277;-52,37401485;"SPRF-RS";"DEL02-RS";"UOP03-DEL02-RS"
421419;2022-03-19;"sábado";"02:15:00";"RJ";101;196;"CASIMIRO DE ABREU";"Condutor Dormindo";"Saída de leito carroçável";"Com Vítimas Feridas";"Plena Noite";"Decrescente";"Céu Claro";"Dupla";"Curva";"Não";3;0;3;0;0;0;3;1;-22,49207101;-42,10926701;"SPRF-RJ";"DEL08-RJ";"UOP04-DEL08-RJ"
421420;2022-03-19;"sábado";"01:00:00";"RJ";116;192;"QUEIMADOS";"Reação tardia ou ineficiente do condutor";"Queda de ocupante de veículo";"Com Vítimas Feridas";"Plena Noite";"Decrescente";"Céu Claro";"Dupla";"Reta";"Não";1;0;1;0;0;0;1;1;-22,74207737;-43,5192401;"SPRF-RJ";"DEL01-RJ";"UOP02-DEL01-RJ"
421421;2022-03-19;"sábado";"03:00:00";"SC";101;207;"SAO JOSE";"Ingestão de álcool pelo condutor";"Colisão com objeto";"Sem Vítimas";"Plena Noite";"Decrescente";"Garoa/Chuvisco";"Dupla";"Reta";"Não";1;0;0;0;1;0;0;1;-27,60001226;-48,6226467;"SPRF-SC";"DEL01-SC";"UOP01-DEL01-SC"
421422;2022-01-06;"quinta-feira";"09:05:00";"PA";316;81;"SAO FRANCISCO DO PARA";"Manobra de mudança de faixa";"Colisão transversal";"Com Vítimas Feridas";"Pleno dia";"Crescente";"Céu Claro";"Simples";"Reta";"Não";6;0;1;2;3;0;3;2;-1,30556013;-47,77095402;"SPRF-PA";"DEL01-PA";"UOP02-DEL01-PA"
421429;2022-03-19;"sábado";"04:00:00";"PI";316;21,8;"TERESINA";"Iluminação deficiente";"Colisão com objeto";"Com Vítimas Feridas";"Plena Noite";"Decrescente";"Nublado";"Dupla";"Declive";"Não";1;0;1;0;0;0;1;1;-5,26746306;-42,72741334;"SPRF-PI";"DEL01-PI";"UOP02-DEL01-PI"
421430;2022-03-19;"sábado";"03:30:00";"PR";277;593,8;"CASCAVEL";"Transitar na contramão";"Colisão frontal";"Com Vítimas Feridas";"Plena Noite";"Decrescente";"Garoa/Chuvisco";"Simples";"Declive;Reta";"Sim";3;0;1;0;2;0;1;2;-24,98082053;-53,48254989;"SPRF-PR";"DEL04-PR";"UOP01-DEL04-PR"
421431;2022-01-14;"sexta-feira";"17:46:00";"BA";101;746;"ITABELA";"Condutor deixou de manter distância do veículo da frente";"Tombamento";"Com Vítimas Feridas";"Amanhecer";"Crescente";"Sol";"Simples";"Reta";"Sim";1;0;0;1;0;0;1;1;-16,58092866;-39,55677321;"SPRF-BA";"DEL09-BA";"UOP01-DEL09-BA"
421432;2022-03-19;"sábado";"04:00:00";"PB";230;21,1;"JOAO PESSOA";"Ingestão de álcool pelo condutor";"Colisão com objeto";"Com Vítimas Feridas";"Amanhecer";"Decrescente";"Ignorado";"Dupla";"Curva";"Sim";1;0;1;0;0;0;1;1;-7,1415;-34,8519;"SPRF-PB";"DEL01-PB";"UOP01-DEL01-PB"
421433;2022-03-19;"sábado";"05:00:00";"SP";116;219;"GUARULHOS";"Reação tardia ou ineficiente do condutor";"Capotamento";"Com Vítimas Feridas";"Plena Noite";"Crescente";"Céu Claro";"Múltipla";"Reta";"Não";3;0;1;0;1;1;1;3;-23,46143954;-46,48885316;"SPRF-SP";"DEL01-SP";"UOP01-DEL01-SP"
421434;2022-03-19;"sábado";"04:00:00";"ES";262;32;"DOMINGOS MARTINS";"Condutor Dormindo";"Saída de leito carroçável";"Com Vítimas Feridas";"Plena Noite";"Decrescente";"Céu Claro";"Simples";"Curva";"Não";3;0;3;0;0;0;3;1;-20,37885575;-40,577728;"SPRF-ES";"DEL01-ES";"UOP01-DEL01-ES"
421436;2022-03-19;"sábado";"04:50:00";"RS";290;88;"PORTO ALEGRE";"Pista Escorregadia";"Colisão com objeto";"Com Vítimas Feridas";"Amanhecer";"Crescente";"Chuva";"Dupla";"Reta";"Não";1;0;1;0;0;0;1;1;-29,967531;-51,137264;"SPRF-RS";"DEL01-RS";"UOP01-DEL01-RS"
421438;2022-03-19;"sábado";"05:30:00";"MG";381;501;"BETIM";"Demais falhas na via";"Queda de ocupante de veículo";"Com Vítimas Feridas";"Amanhecer";"Decrescente";"Céu Claro";"Dupla";"Curva";"Não";1;0;1;0;0;0;1;1;-20,03146447;-44,2377893;"SPRF-MG";"DEL01-MG";"UOP03-DEL01-MG"
421439;2022-03-19;"sábado";"05:50:00";"ES";101;203,7;"JOAO NEIVA";"Ausência de reação do condutor";"Queda de ocupante de veículo";"Com Vítimas Fatais";"Amanhecer";"Decrescente";"Nublado";"Simples";"Curva";"Não";1;1;0;0;0;0;0;1;-19,74448248;-40,37263506;"SPRF-ES";"DEL02-ES";"UOP01-DEL02-ES"
421440;2022-03-18;"sexta-feira";"20:00:00";"RS";116;91,3;"CAMPESTRE DA SERRA";"Reação tardia ou ineficiente do condutor";"Saída de leito carroçável";"Com Vítimas Feridas";"Plena Noite";"Crescente";"Garoa/Chuvisco";"Simples";"Curva";"Não";2;0;1;0;1;0;1;1;-28,87233688;-51,12856865;"SPRF-RS";"DEL05-RS";"UOP03-DEL05-RS"
421441;2022-02-26;"sábado";"05:30:00";"RS";290;110;"ELDORADO DO SUL";"Ausência de reação do condutor";"Colisão com objeto";"Com Vítimas Feridas";"Plena Noite";"Crescente";"Céu Claro";"Dupla";"Reta";"Sim";1;0;0;1;0;0;1;1;-30,023552;-51,321091;"SPRF-RS";"DEL02-RS";"UOP01-DEL02-RS"
421442;2022-03-19;"sábado";"05:15:00";"SC";470;70;"INDAIAL";"Acessar a via sem observar a presença dos outros veículos";"Colisão lateral mesmo sentido";"Com Vítimas Feridas";"Amanhecer";"Crescente";"Nublado";"Simples";"Reta";"Não";3;0;1;1;1;0;2;2;-26,889374;-49,254478;"SPRF-SC";"DEL04-SC";"UOP01-DEL04-SC"
421443;2022-03-19;"sábado";"05:20:00";"SC";101;218,5;"PALHOCA";"Velocidade Incompatível";"Colisão traseira";"Com Vítimas Feridas";"Amanhecer";"Crescente";"Nublado";"Múltipla";"Reta";"Sim";2;0;0;1;0;1;1;2;-27,6758601;-48,67052525;"SPRF-SC";"DEL01-SC";"UOP02-DEL01-SC"
421444;2022-03-19;"sábado";"04:45:00";"MG";262;768;"UBERABA";"Reação tardia ou ineficiente do condutor";"Colisão com objeto";"Com Vítimas Feridas";"Plena Noite";"Decrescente";"Céu Claro";"Simples";"Reta";"Não";1;0;0;1;0;0;1;1;-19,68520161;-47,67621209;"SPRF-MG";"DEL13-MG";"UOP01-DEL13-MG"
421445;2022-03-19;"sábado";"05:00:00";"SC";116;210,1;"PONTE ALTA";"Velocidade Incompatível";"Saída de leito carroçável";"Com Vítimas Feridas";"Amanhecer";"Crescente";"Chuva";"Simples";"Reta";"Não";1;0;1;0;0;0;1;1;-27,50285695;-50,36575969;"SPRF-SC";"DEL05-SC";"UOP03-DEL05-SC"
421447;2022-03-19;"sábado";"06:10:00";"MG";40;553,8;"NOVA LIMA";"Condutor Dormindo";"Tombamento";"Com Vítimas Feridas";"Amanhecer";"Decrescente";"Céu Claro";"Dupla";"Curva";"Sim";1;0;0;1;0;0;1;1;-20,06863326;-43,98194759;"SPRF-MG";"DEL01-MG";"UOP02-DEL01-MG"
421449;2022-03-19;"sábado";"04:20:00";"PI";343;316,5;"ALTOS";"Chuva";"Saída de leito carroçável";"Com Vítimas Feridas";"Plena Noite";"Crescente";"Chuva";"Simples";"Declive";"Não";1;0;0;1;0;0;1;1;-5,046231;-42,535843;"SPRF-PI";"DEL01-PI";"UOP01-DEL01-PI"
421451;2022-03-19;"sábado";"03:30:00";"SC";280;55,5;"GUARAMIRIM";"Reação tardia ou ineficiente do condutor";"Saída de leito carroçável";"Sem Vítimas";"Plena Noite";"Decrescente";"Chuva";"Simples";"Reta;Viaduto;Interseção de Vias";"Sim";1;0;0;0;0;1;0;1;-26,47908191;-49,00067568;"SPRF-SC";"DEL03-SC";"UOP03-DEL03-SC"
421452;2022-03-19;"sábado";"04:05:00";"SP";116;132,5;"CACAPAVA";"Reação tardia ou ineficiente do condutor";"Saída de leito carroçável";"Com Vítimas Feridas";"Plena Noite";"Decrescente";"Nublado";"Dupla";"Reta";"Sim";2;0;2;0;0;0;2;1;-23,13169757;-45,74481322;"SPRF-SP";"DEL02-SP";"UOP02-DEL02-SP"
421453;2022-03-19;"sábado";"06:15:00";"RJ";116;294;"BARRA MANSA";"Condutor Dormindo";"Saída de leito carroçável";"Com Vítimas Feridas";"Amanhecer";"Crescente";"Céu Claro";"Dupla";"Reta";"Não";1;0;1;0;0;0;1;1;-22,45429053;-44,30084012;"SPRF-RJ";"DEL07-RJ";"UOP02-DEL07-RJ"
421457;2022-03-19;"sábado";"05:50:00";"SC";101;155,3;"PORTO BELO";"Condutor deixou de manter distância do veículo da frente";"Colisão traseira";"Com Vítimas Feridas";"Pleno dia";"Decrescente";"Nublado";"Simples";"Reta";"Sim";2;0;0;1;1;0;1;2;-27,16292;-48,61129;"SPRF-SC";"DEL04-SC";"UOP03-DEL04-SC"
421459;2022-03-19;"sábado";"03:00:00";"PI";135;253;"BOM JESUS";"Ingestão de álcool pelo condutor";"Saída de leito carroçável";"Sem Vítimas";"Amanhecer";"Crescente";"Céu Claro";"Simples";"Declive";"Sim";1;0;0;0;1;0;0;1;-9,08879076;-44,36270714;"SPRF-PI";"DEL03-PI";"UOP02-DEL03-PI"
421462;2022-03-19;"sábado";"07:40:00";"GO";40;9,5;"LUZIANIA";"Manobra de mudança de faixa";"Colisão lateral mesmo sentido";"Com Vítimas Feridas";"Pleno dia";"Decrescente";"Céu Claro";"Dupla";"Reta";"Sim";2;0;0;1;1;0;1;2;-16,131158;-47,957739;"SPRF-DF";"DEL01-DF";"UOP01-DEL01-DF"
421463;2022-03-19;"sábado";"07:25:00";"RS";116;362,9;"TAPES";"Ausência de reação do condutor";"Saída de leito carroçável";"Sem Vítimas";"Amanhecer";"Crescente";"Nublado";"Simples";"Rotatória";"Não";1;0;0;0;1;0;0;1;-30,63994236;-51,55691954;"SPRF-RS";"DEL02-RS";"UOP02-DEL02-RS"
421464;2022-03-19;"sábado";"05:00:00";"AC";364;140,5;"RIO BRANCO";"Manobra de mudança de faixa";"Colisão lateral mesmo sentido";"Sem Vítimas";"Amanhecer";"Crescente";"Nublado";"Dupla";"Reta";"Sim";5;0;0;0;4;1;0;3;-9,94473616;-67,87179708;"SPRF-AC";"DEL01-AC";"UOP01-DEL01-AC"
421466;2022-03-19;"sábado";"08:10:00";"TO";153;496,4;"PARAISO DO TOCANTINS";"Acessar a via sem observar a presença dos outros veículos";"Colisão lateral mesmo sentido";"Com Vítimas Feridas";"Pleno dia";"Crescente";"Nublado";"Simples";"Reta";"Sim";2;0;1;0;1;0;1;2;-10,16527794;-48,88094578;"SPRF-TO";"DEL01-TO";"UOP01-DEL01-TO"
421468;2022-03-19;"sábado";"08:00:00";"SP";116;218;"GUARULHOS";"Trafegar com motocicleta (ou similar) entre as faixas";"Colisão traseira";"Com Vítimas Feridas";"Pleno dia";"Crescente";"Céu Claro";"Múltipla";"Reta";"Sim";2;0;1;0;1;0;1;2;-23,457972;-46,479927;"SPRF-SP";"DEL01-SP";"UOP01-DEL01-SP"
421470;2022-03-19;"sábado";"01:00:00";"MG";153;43,4;"CANAPOLIS";"Reação tardia ou ineficiente do condutor";"Saída de leito carroçável";"Com Vítimas Feridas";"Plena Noite";"Crescente";"Chuva";"Dupla";"Reta";"Não";3;0;1;2;0;0;3;1;-18,76410695;-49,07452386;"SPRF-MG";"DEL15-MG";"UOP03-DEL15-MG"
421471;2022-03-19;"sábado";"07:00:00";"RJ";40;45;"PETROPOLIS";"Reação tardia ou ineficiente do condutor";"Colisão lateral mesmo sentido";"Sem Vítimas";"Pleno dia";"Decrescente";"Céu Claro";"Múltipla";"Reta";"Não";2;0;0;0;2;0;0;2;-22,27821816;-43,11580971;"SPRF-RJ";"DEL05-RJ";"UOP02-DEL05-RJ"
421473;2022-03-19;"sábado";"08:40:00";"BA";324;615;"SALVADOR";"Manobra de mudança de faixa";"Tombamento";"Com Vítimas Feridas";"Pleno dia";"Crescente";"Garoa/Chuvisco";"Dupla";"Reta";"Sim";1;0;1;0;0;0;1;1;-12,87206398;-38,42746403;"SPRF-BA";"DEL01-BA";"UOP01-DEL01-BA"