"id";"data_inversa";"dia_semana";"horario";"uf";"br";"km";"municipio";"causa_acidente";"tipo_acidente";"classificacao_acidente";"fase_dia";"sentido_via";"condicao_metereologica";"tipo_pista";"tracado_via";"uso_solo";"pessoas";"mortos";"feridos_leves";"feridos_graves";"ilesos";"ignorados";"feridos";"veiculos";"latitude";"longitude";"regional";"delegacia";"uop"
421475;2022-03-19;"sábado";"07:50:00";"GO";153;577,2;"PROFESSOR JAMIL";"Demais falhas na via";"Saída de leito carroçável";"Com Vítimas Feridas";"Pleno dia";"Decrescente";"Céu Claro";"Dupla";"Declive";"Não";1;0;1;0;0;0;1;1;-17,362;-49,2477;"SPRF-GO";"DEL03-GO";"UOP01-DEL03-GO"
421476;2022-03-19;"sábado";"08:20:00";"RN";304;287;"MACAIBA";"Objeto estático sobre o leito carroçável";"Tombamento";"Com Vítimas Feridas";"Pleno dia";"Decrescente";"Garoa/Chuvisco";"Dupla";"Reta";"Não";1;0;1;0;0;0;1;1;-5,8711714;-35,42930088;"SPRF-RN";"DEL01-RN";"UOP02-DEL01-RN"
421481;2022-03-19;"sábado";"08:00:00";"PR";116;117;"CURITIBA";"Pista Escorregadia";"Saída de leito carroçável";"Com Vítimas Feridas";"Pleno dia";"Crescente";"Chuva";"Múltipla";"Aclive";"Sim";2;0;1;0;1;0;1;2;-25,54988723;-49,28248211;"SPRF-PR";"DEL01-PR";"UOP03-DEL01-PR"
421482;2022-03-19;"sábado";"06:45:00";"PR";116;15;"COLOMBO";"Desrespeitar a preferência no cruzamento";"Colisão transversal";"Com Vítimas Feridas";"Pleno dia";"Crescente";"Chuva";"Simples";"Reta;Retorno Regulamentado;Aclive;Interseção de Vias";"Sim";2;0;0;1;1;0;1;2;-25,3848;-49,1711;"SPRF-PR";"DEL01-PR";"UOP02-DEL01-PR"
421484;2022-03-19;"sábado";"09:50:00";"MG";40;493;"ESMERALDAS";"Manobra de mudança de faixa";"Colisão lateral mesmo sentido";"Com Vítimas Feridas";"Pleno dia";"Decrescente";"Céu Claro";"Dupla";"Curva";"Não";2;0;1;0;1;0;1;2;-19,64620694;-44,20301977;"SPRF-MG";"DEL02-MG";"UOP01-DEL02-MG"
421487;2022-03-19;"sábado";"09:00:00";"PE";232;54,2;"POMBOS";"Ausência de reação do condutor";"Saída de leito carroçável";"Com Vítimas Feridas";"Pleno dia";"Crescente";"Céu Claro";"Dupla";"Reta;Declive";"Não";4;0;2;0;2;0;2;1;-8,129247;-35,357442;"SPRF-PE";"DEL02-PE";"UOP02-DEL02PE"
421490;2022-03-19;"sábado";"07:10:00";"RS";290;63;"GRAVATAI";"Reação tardia ou ineficiente do condutor";"Saída de leito carroçável";"Com Vítimas Feridas";"Pleno dia";"Decrescente";"Garoa/Chuvisco";"Dupla";"Reta";"Não";3;0;2;0;1;0;2;1;-29,936922;-50,886063;"SPRF-RS";"DEL03-RS";"UOP01-DEL03-RS"
421492;2022-01-22;"sábado";"11:15:00";"MG";116;411;"GOVERNADOR VALADARES";"Acesso irregular";"Colisão lateral mesmo sentido";"Com Vítimas Feridas";"Pleno dia";"Crescente";"Céu Claro";"Dupla";"Retorno Regulamentado";"Sim";2;0;0;1;0;1;1;2;-18,86244705;-41,97405237;"SPRF-MG";"DEL06-MG";"UOP01-DEL06-MG"
421493;2022-03-19;"sábado";"04:30:00";"AM";174;953;"MANAUS";"Obstrução na via";"Capotamento";"Com Vítimas Feridas";"Amanhecer";"Crescente";"Chuva";"Simples";"Curva";"Não";5;0;1;0;4;0;1;1;-2,37283298;-60,04118464;"SPRF-AM";"DEL01-AM";"UOP01-DEL01-AM"
421494;2022-03-19;"sábado";"09:20:00";"RJ";101;57;"CAMPOS DOS GOYTACAZES";"Reação tardia ou ineficiente do condutor";"Queda de ocupante de veículo";"Com Vítimas Feridas";"Pleno dia";"Crescente";"Céu Claro";"Simples";"Reta";"Sim";1;0;1;0;0;0;1;1;-21,69602101;-41,31017467;"SPRF-RJ";"DEL08-RJ";"UOP01-DEL08-RJ"
421495;2022-03-19;"sábado";"10:10:00";"PR";277;63;"SAO JOSE DOS PINHAIS";"Retorno proibido";"Colisão transversal";"Com Vítimas Feridas";"Pleno dia";"Decrescente";"Nublado";"Dupla";"Reta";"Sim";9;0;2;0;7;0;2;2;-25,56100984;-49,01719293;"SPRF-PR";"DEL01-PR";"UOP01-DEL01-PR"
421496;2022-03-19;"sábado";"10:35:00";"SP";101;41,3;"UBATUBA";"Condutor deixou de manter distância do veículo da frente";"Colisão traseira";"Sem Vítimas";"Pleno dia";"Decrescente";"Céu Claro";"Simples";"Reta";"Não";2;0;0;0;2;0;0;2;-23,41971433;-45,0428663;"SPRF-SP";"DEL06-SP";"UOP01-DEL06-SP"
421497;2022-03-19;"sábado";"09:20:00";"RJ";40;116;"DUQUE DE CAXIAS";"Condutor deixou de manter distância do veículo da frente";"Colisão traseira";"Com Vítimas Feridas";"Pleno dia";"Decrescente";"Céu Claro";"Múltipla";"Reta";"Não";3;0;1;0;1;1;1;2;-22,73662299;-43,28858785;"SPRF-RJ";"DEL01-RJ";"UOP01-DEL01-RJ"
421498;2022-03-19;"sábado";"07:50:00";"MS";262;292,2;"CAMPO GRANDE";"Avarias e/ou desgaste excessivo no pneu";"Saída de leito carroçável";"Com Vítimas Feridas";"Pleno dia";"Crescente";"Céu Claro";"Simples";"Reta";"Não";1;0;1;0;0;0;1;1;-20,4974904;-54,22168293;"SPRF-MS";"DEL01-MS";"UOP01-DEL01-MS"
421499;2022-03-19;"sábado";"10:00:00";"RJ";101;488;"ANGRA DOS REIS";"Ausência de reação do condutor";"Colisão traseira";"Com Vítimas Feridas";"Pleno dia";"Decrescente";"Céu Claro";"Dupla";"Rotatória";"Sim";3;0;1;0;2;0;1;2;-22,9615468;-44,29698456;"SPRF-RJ";"DEL03-RJ";"UOP03-DEL03-RJ"
421501;2022-03-19;"sábado";"08:20:00";"RS";116;148;"CAXIAS DO SUL";"Velocidade Incompatível";"Colisão com objeto";"Sem Vítimas";"Pleno dia";"Decrescente";"Chuva";"Dupla";"Curva";"Sim";1;0;0;0;1;0;0;1;-29,15444539;-51,15101681;"SPRF-RS";"DEL05-RS";"UOP01-DEL05-RS"
421503;2022-03-19;"sábado";"09:35:00";"PE";232;244;"ARCOVERDE";"Condutor Dormindo";"Colisão frontal";"Com Vítimas Feridas";"Pleno dia";"Decrescente";"Céu Claro";"Simples";"Reta";"Não";5;0;3;1;1;0;4;2;-8,41863444;-36,99827208;"SPRF-PE";"DEL03-PE";"UOP02-DEL03-PE"
421506;2022-03-19;"sábado";"10:43:00";"RS";470;199;"BENTO GONCALVES";"Reação tardia ou ineficiente do condutor";"Saída de leito carroçável";"Com Vítimas Feridas";"Pleno dia";"Crescente";"Garoa/Chuvisco";"Simples";"Reta;Aclive";"Não";5;0;3;0;2;0;3;2;-29,0629582;-51,58054016;"SPRF-RS";"DEL06-RS";"UOP02-DEL06-RS"
421507;2022-03-19;"sábado";"11:15:00";"SP";116;209;"GUARULHOS";"Manobra de mudança de faixa";"Colisão lateral mesmo sentido";"Com Vítimas Feridas";"Pleno dia";"Decrescente";"Céu Claro";"Dupla";"Reta";"Sim";3;0;1;0;0;2;1;3;-23,42511799;-46,40221101;"SPRF-SP";"DEL01-SP";"UOP01-DEL01-SP"
421508;2022-03-18;"sexta-feira";"18:50:00";"PA";316;105;"SANTA MARIA DO PARA";"Animais na Pista";"Atropelamento de Animal";"Com Vítimas Feridas";"Plena Noite";"Decrescente";"Nublado";"Simples";"Reta";"Sim";1;0;1;0;0;0;1;1;-1,34280151;-47,55991892;"SPRF-PA";"DEL01-PA";"UOP02-DEL01-PA"
421509;2022-03-19;"sábado";"09:30:00";"RJ";101;432;"MANGARATIBA";"Retorno proibido";"Colisão transversal";"Com Vítimas Feridas";"Pleno dia";"Crescente";"Sol";"Simples";"Reta";"Não";5;0;3;0;2;0;3;2;-22,93437472;-44,02919087;"SPRF-RJ";"DEL03-RJ";"UOP03-DEL03-RJ"
421511;2022-03-19;"sábado";"11:50:00";"SC";470;55,8;"BLUMENAU";"Acessar a via sem observar a presença dos outros veículos";"Colisão transversal";"Com Vítimas Feridas";"Pleno dia";"Decrescente";"Sol";"Simples";"Reta";"Sim";2;0;1;0;1;0;1;2;-26,875601;-49,117992;"SPRF-SC";"DEL04-SC";"UOP01-DEL04-SC"
421514;2022-03-19;"sábado";"13:00:00";"GO";50;190;"CAMPO ALEGRE DE GOIAS";"Avarias e/ou desgaste excessivo no pneu";"Saída de leito carroçável";"Com Vítimas Feridas";"Pleno dia";"Decrescente";"Céu Claro";"Dupla";"Curva";"Não";2;0;1;1;0;0;2;1;-17,4923;-47,8211;"SPRF-GO";"DEL06-GO";"UOP01-DEL06-GO"
421517;2022-03-19;"sábado";"12:10:00";"SC";101;40;"JOINVILLE";"Ausência de reação do condutor";"Saída de leito carroçável";"Com Vítimas Feridas";"Pleno dia";"Crescente";"Céu Claro";"Simples";"Reta";"Não";1;0;1;0;0;0;1;1;-26,30502432;-48,88169289;"SPRF-SC";"DEL03-SC";"UOP01-DEL03-SC"
421519;2022-03-19;"sábado";"13:30:00";"SP";381;56;"MAIRIPORA";"Condutor deixou de manter distância do veículo da frente";"Colisão traseira";"Sem Vítimas";"Pleno dia";"Decrescente";"Céu Claro";"Simples";"Curva;Aclive";"Sim";2;0;0;0;2;0;0;2;-23,25907163;-46,58982662;"SPRF-SP";"DEL03-SP";"UOP01-DEL03-SP"
421520;2022-03-19;"sábado";"12:13:00";"RO";364;236;"CACOAL";"Velocidade Incompatível";"Colisão traseira";"Com Vítimas Feridas";"Pleno dia";"Decrescente";"Céu Claro";"Simples";"Reta";"Sim";2;0;0;1;1;0;1;2;-11,44324359;-61,44743443;"SPRF-RO";"DEL02-RO";"UOP02-DEL02-RO"
421521;2022-03-19;"sábado";"11:10:00";"SC";101;270;"IMBITUBA";"Ausência de reação do condutor";"Saída de leito carroçável";"Com Vítimas Feridas";"Pleno dia";"Decrescente";"Nublado";"Dupla";"Viaduto;Interseção de Vias";"Não";1;0;1;0;0;0;1;1;-28,1015411;-48,70410641;"SPRF-SC";"DEL02-SC";"UOP03-DEL02-SC"
421523;2022-03-19;"sábado";"14:30:00";"SP";101;38;"UBATUBA";"Reação tardia ou ineficiente do condutor";"Queda de ocupante de veículo";"Com Vítimas Feridas";"Pleno dia";"Crescente";"Céu Claro";"Simples";"Reta";"Não";1;0;1;0;0;0;1;1;-23,41296521;-45,02308846;"SPRF-SP";"DEL06-SP";"UOP01-DEL06-SP"
421524;2022-03-19;"sábado";"14:30:00";"SC";101;115;"ITAJAI";"Trafegar com motocicleta (ou similar) entre as faixas";"Tombamento";"Com Vítimas Feridas";"Pleno dia";"Decrescente";"Céu Claro";"Dupla";"Reta";"Não";1;0;0;1;0;0;1;1;-26,87064015;-48,72954134;"SPRF-SC";"DEL04-SC";"UOP04-DEL04-SC"
421525;2022-03-19;"sábado";"12:40:00";"PR";376;386;"IMBAU";"Acessar a via sem observar a presença dos outros veículos";"Colisão transversal";"Sem Vítimas";"Pleno dia";"Decrescente";"Céu Claro";"Dupla";"Declive";"Sim";2;0;0;0;1;1;0;2;-24,44957176;-50,75927138;"SPRF-PR";"DEL03-PR";"UOP02-DEL03-PR"
421528;2022-03-19;"sábado";"15:10:00";"RS";158;332,1;"SANTA MARIA";"Mal súbito do condutor";"Colisão com objeto";"Com Vítimas Feridas";"Pleno dia";"Crescente";"Céu Claro";"Dupla";"Reta";"Sim";1;0;0;1;0;0;1;1;-29,70316672;-53,84325569;"SPRF-RS";"DEL09-RS";"UOP01-DEL09-RS"
421531;2022-03-19;"sábado";"15:15:00";"DF";70;11,2;"BRASILIA";"Demais falhas na via";"Saída de leito carroçável";"Com Vítimas Feridas";"Pleno dia";"Crescente";"Sol";"Dupla";"Reta";"Sim";2;0;1;0;1;0;1;1;-15,789762;-48,148727;"SPRF-DF";"DEL03-DF";"UOP02-DEL03-DF"
421532;2022-03-19;"sábado";"14:30:00";"RJ";101;313;"SAO GONCALO";"Avarias e/ou desgaste excessivo no pneu";"Tombamento";"Com Vítimas Feridas";"Pleno dia";"Crescente";"Céu Claro";"Dupla";"Reta";"Sim";2;0;1;0;1;0;1;1;-22,81049093;-43,06983304;"SPRF-RJ";"DEL02-RJ";"UOP02-DEL02-RJ"
421534;2022-03-19;"sábado";"15:40:00";"SC";101;44;"JOINVILLE";"Reação tardia ou ineficiente do condutor";"Queda de ocupante de veículo";"Com Vítimas Feridas";"Pleno dia";"Crescente";"Nublado";"Simples";"Reta";"Sim";1;0;1;0;0;0;1;1;-26,31238996;-48,87458997;"SPRF-SC";"DEL03-SC";"UOP01-DEL03-SC"
421535;2022-03-19;"sábado";"16:30:00";"GO";40;10;"LUZIANIA";"Ingestão de álcool e/ou substâncias psicoativas pelo pedestre";"Atropelamento de Pedestre";"Com Vítimas Feridas";"Pleno dia";"Crescente";"Céu Claro";"Dupla";"Reta";"Sim";2;0;1;0;1;0;1;2;-16,131285;-47,957923;"SPRF-DF";"DEL01-DF";"UOP01-DEL01-DF"
421536;2022-03-13;"domingo";"04:40:00";"PI";135;368;"BOM JESUS";"Falta de elemento de contenção que evite a saída do leito carroçável";"Saída de leito carroçável";"Sem Vítimas";"Plena Noite";"Crescente";"Nevoeiro/Neblina";"Simples";"Reta";"Não";2;0;0;0;2;0;0;1;-9,18719426;-44,43224668;"SPRF-PI";"DEL03-PI";"UOP02-DEL03-PI"
421537;2022-03-19;"sábado";"16:30:00";"BA";116;361;"SERRINHA";"Transitar na contramão";"Colisão transversal";"Com Vítimas Feridas";"Pleno dia";"Decrescente";"Céu Claro";"Simples";"Reta";"Sim";2;0;1;0;1;0;1;2;-11,68178208;-38,99221112;"SPRF-BA";"DEL02-BA";"UOP01-DEL02-BA"
421538;2022-03-19;"sábado";"16:00:00";"SC";101;154,6;"PORTO BELO";"Manobra de mudança de faixa";"Colisão traseira";"Com Vítimas Feridas";"Pleno dia";"Decrescente";"Nublado";"Múltipla";"Reta";"Não";2;0;1;0;1;0;1;2;-27,153819;-48,61086393;"SPRF-SC";"DEL04-SC";"UOP03-DEL04-SC"
421542;2022-03-19;"sábado";"17:00:00";"RS";287;248;"SANTA MARIA";"Manobra de mudança de faixa";"Colisão lateral mesmo sentido";"Com Vítimas Feridas";"Pleno dia";"Crescente";"Céu Claro";"Simples";"Reta";"Sim";3;0;0;2;1;0;2;2;-29,696018;-53,850956;"SPRF-RS";"DEL09-RS";"UOP01-DEL09-RS"
421543;2022-03-19;"sábado";"17:00:00";"RS";290;86;"PORTO ALEGRE";"Ausência de reação do condutor";"Colisão com objeto";"Com Vítimas Feridas";"Pleno dia";"Crescente";"Céu Claro";"Dupla";"Reta";"Não";1;0;1;0;0;0;1;1;-29,96783463;-51,12293651;"SPRF-RS";"DEL01-RS";"UOP01-DEL01-RS"
421545;2022-03-19;"sábado";"16:30:00";"RJ";101;206;"CASIMIRO DE ABREU";"Acessar a via sem observar a presença dos outros veículos";"Colisão lateral mesmo sentido";"Com Vítimas Feridas";"Pleno dia";"Crescente";"Céu Claro";"Simples";"Reta";"Sim";3;0;1;0;2;0;1;2;-22,47673341;-42,2017251;"SPRF-RJ";"DEL08-RJ";"UOP04-DEL08-RJ"
421547;2022-03-19;"sábado";"16:50:00";"GO";60;119,5;"TEREZOPOLIS DE GOIAS";"Condutor deixou de manter distância do veículo da frente";"Colisão traseira";"Com Vítimas Feridas";"Pleno dia";"Crescente";"Céu Claro";"Dupla";"Reta";"Não";2;0;2;0;0;0;2;2;-16,4914;-49,0999;"SPRF-GO";"DEL01-GO";"UOP01-DEL01-GO"
421548;2022-03-19;"sábado";"08:30:00";"MG";50;21;"ARAGUARI";"Ausência de reação do condutor";"Colisão traseira";"Com Vítimas Feridas";"Pleno dia";"Decrescente";"Céu Claro";"Simples";"Reta";"Sim";2;0;2;0;0;0;2;2;-18,59591113;-48,05355644;"SPRF-MG";"DEL15-MG";"UOP02-DEL15-MG"
421550;2022-03-19;"sábado";"17:15:00";"PE";101;44;"IGARASSU";"Conversão proibida";"Colisão transversal";"Com Vítimas Feridas";"Anoitecer";"Crescente";"Vento";"Múltipla";"Reta";"Não";3;0;2;0;1;0;2;3;-7,85637001;-34,90842109;"SPRF-PE";"DEL01-PE";"UOP02-DEL01-PE"
421552;2022-03-19;"sábado";"15:50:00";"BA";367;82;"EUNAPOLIS";"Afundamento ou ondulação no pavimento";"Colisão lateral mesmo sentido";"Com Vítimas Feridas";"Pleno dia";"Crescente";"Céu Claro";"Simples";"Reta";"Sim";3;0;1;1;1;0;2;2;-16,37205962;-39,56163401;"SPRF-BA";"DEL09-BA";"UOP01-DEL09-BA"
421553;2022-03-19;"sábado";"13:28:00";"SC";101;197,7;"BIGUACU";"Velocidade Incompatível";"Colisão com objeto";"Com Vítimas Fatais";"Pleno dia";"Crescente";"Nublado";"Múltipla";"Curva";"Sim";1;1;0;0;0;0;0;1;-27,524575;-48,636414;"SPRF-SC";"DEL01-SC";"UOP01-DEL01-SC"
421555;2022-03-19;"sábado";"15:40:00";"RO";174;13,1;"VILHENA";"Ingestão de álcool pelo condutor";"Colisão traseira";"Sem Vítimas";"Pleno dia";"Decrescente";"Céu Claro";"Dupla";"Reta";"Sim";2;0;0;0;2;0;0;2;-12,73860046;-60,13136029;"SPRF-RO";"DEL04-RO";"UOP01-DEL04-RO"
421557;2022-03-19;"sábado";"18:20:00";"GO";153;444;"ANAPOLIS";"Entrada inopinada do pedestre";"Atropelamento de Pedestre";"Com Vítimas Fatais";"Anoitecer";"Crescente";"Céu Claro";"Dupla";"Reta";"Sim";3;1;0;2;0;0;2;2;-16,343756;-48,9245;"SPRF-GO";"DEL02-GO";"UOP01-DEL02-GO"
421560;2022-03-19;"sábado";"18:40:00";"CE";222;213,9;"SOBRAL";"Ausência de reação do condutor";"Colisão com objeto";"Com Vítimas Feridas";"Plena Noite";"Decrescente";"Garoa/Chuvisco";"Simples";"Reta";"Não";1;0;1;0;0;0;1;1;-3,7246039;-40,3394754;"SPRF-CE";"DEL04-CE";"UOP01-DEL04-CE"
421561;2022-03-19;"sábado";"09:05:00";"SC";101;320;"PESCARIA BRAVA";"Desrespeitar a preferência no cruzamento";"Colisão transversal";"Com Vítimas Feridas";"Pleno dia";"Decrescente";"Nublado";"Múltipla";"Interseção de Vias";"Sim";2;0;1;0;1;0;1;2;-28,42423208;-48,89603426;"SPRF-SC";"DEL02-SC";"UOP01-DEL02-SC"
421562;2022-03-19;"sábado";"17:25:00";"GO";0;0;"APARECIDA DE GOIANIA";"Ingestão de álcool pelo condutor";"Colisão traseira";"Sem Vítimas";"Anoitecer";"Não Informado";"Céu Claro";"Dupla";"Reta";"Sim";3;0;0;0;3;0;0;2;-16,825076;-49,237467;"SPRF-GO";"DEL01-GO";"UOP01-DEL01-GO"
421565;2022-03-19;"sábado";"18:05:00";"AL";316;143;"ESTRELA DE ALAGOAS";"Animais na Pista";"Atropelamento de Animal";"Com Vítimas Feridas";"Plena Noite";"Decrescente";"Céu Claro";"Simples";"Reta";"Sim";1;0;0;1;0;0;1;1;-9,39510157;-36,73156493;"SPRF-AL";"DEL03-AL";"UOP01-DEL03-AL"
421566;2022-03-19;"sábado";"09:10:00";"RJ";116;66;"TERESOPOLIS";"Acesso irregular";"Colisão lateral sentido oposto";"Com Vítimas Feridas";"Pleno dia";"Decrescente";"Céu Claro";"Simples";"Curva";"Sim";5;0;1;0;4;0;1;2;-22,28530513;-42,9306046;"SPRF-RJ";"DEL04-RJ";"UOP01-DEL04-RJ"
421567;2022-03-19;"sábado";"18:30:00";"RN";101;85,2;"NATAL";"Reação tardia ou ineficiente do condutor";"Colisão com objeto";"Sem Vítimas";"Plena Noite";"Decrescente";"Nublado";"Dupla";"Curva;Aclive";"Sim";2;0;0;0;1;1;0;2;-5,777664;-35,24937;"SPRF-RN";"DEL02-RN";"UOP01-DEL02-RN"
421569;2022-03-19;"sábado";"18:45:00";"SC";280;26;"ARAQUARI";"Ultrapassagem Indevida";"Colisão frontal";"Com Vítimas Feridas";"Anoitecer";"Decrescente";"Nublado";"Simples";"Em Obras";"Sim";3;0;2;0;0;1;2;3;-26,38972308;-48,73411593;"SPRF-SC";"DEL03-SC";"UOP03-DEL03-SC"
421571;2022-03-19;"sábado";"17:00:00";"PR";476;135;"CURITIBA";"Ausência de reação do condutor";"Colisão traseira";"Sem Vítimas";"Plena Noite";"Crescente";"Nublado";"Múltipla";"Reta";"Sim";2;0;0;0;2;0;0;2;-25,484998;-49,267154;"SPRF-PR";"DEL01-PR";"UOP03-DEL01-PR"
421572;2022-03-19;"sábado";"19:00:00";"PR";277;72;"SAO JOSE DOS PINHAIS";"Reação tardia ou ineficiente do condutor";"Capotamento";"Com Vítimas Feridas";"Plena Noite";"Crescente";"Garoa/Chuvisco";"Dupla";"Viaduto";"Sim";2;0;1;1;0;0;2;1;-25,52522628;-49,09755612;"SPRF-PR";"DEL01-PR";"UOP01-DEL01-PR"
421573;2022-03-19;"sábado";"18:35:00";"PE";316;22,8;"ARARIPINA";"Acessar a via sem observar a presença dos outros veículos";"Colisão transversal";"Com Vítimas Feridas";"Plena Noite";"Crescente";"Céu Claro";"Simples";"Interseção de Vias";"Sim";2;0;0;1;1;0;1;2;-7,57538187;-40,51709091;"SPRF-PE";"DEL05-PE";"UOP02-DEL05-PE"
421574;2022-03-19;"sábado";"18:30:00";"SP";116;87;"PINDAMONHANGABA";"Ausência de reação do condutor";"Queda de ocupante de veículo";"Com Vítimas Feridas";"Plena Noite";"Crescente";"Nublado";"Múltipla";"Reta";"Não";1;0;1;0;0;0;1;1;-22,93065267;-45,36166116;"SPRF-SP";"DEL08-SP";"UOP01-DEL08-SP"
421575;2022-03-19;"sábado";"19:35:00";"RJ";116;79;"TERESOPOLIS";"Reação tardia ou ineficiente do condutor";"Colisão lateral mesmo sentido";"Com Vítimas Feridas";"Plena Noite";"Crescente";"Nublado";"Simples";"Reta";"Sim";2;0;1;0;0;1;1;2;-22,381704;-42,954777;"SPRF-RJ";"DEL04-RJ";"UOP01-DEL04-RJ"
421576;2022-03-19;"sábado";"18:40:00";"MS";163;366,7;"NOVA ALVORADA DO SUL";"Acessar a via sem observar a presença dos outros veículos";"Colisão transversal";"Com Vítimas Feridas";"Plena Noite";"Decrescente";"Nublado";"Simples";"Reta";"Sim";2;0;1;0;1;0;1;2;-21,45560311;-54,3798887;"SPRF-MS";"DEL02-MS";"UOP01-DEL02-MS"
421577;2022-03-19;"sábado";"18:45:00";"PB";104;133;"QUEIMADAS";"Animais na Pista";"Atropelamento de Animal";"Com Vítimas Feridas";"Plena Noite";"Crescente";"Nublado";"Simples";"Reta";"Sim";1;0;1;0;0;0;1;1;-7,31674795;-35,89500926;"SPRF-PB";"DEL02-PB";"UOP03-DEL02-PB"
421579;2022-03-19;"sábado";"18:45:00";"PI";316;0;"TERESINA";"Ausência de reação do condutor";"Colisão com objeto";"Sem Vítimas";"Plena Noite";"Crescente";"Nublado";"Simples";"Ponte";"Sim";2;0;0;0;2;0;0;2;-5,129895;-42,810603;"SPRF-PI";"DEL01-PI";"UOP02-DEL01-PI"
421580;2022-03-19;"sábado";"18:45:00";"RJ";493;17;"MAGE";"Transitar na contramão";"Colisão frontal";"Com Vítimas Feridas";"Plena Noite";"Decrescente";"Céu Claro";"Simples";"Reta";"Sim";3;0;1;2;0;0;3;2;-22,66791406;-43,00902598;"SPRF-RJ";"DEL04-RJ";"UOP02-DEL04-RJ"
421582;2022-03-19;"sábado";"20:03:00";"TO";153;680;"GURUPI";"Velocidade Incompatível";"Queda de ocupante de veículo";"Com Vítimas Feridas";"Plena Noite";"Decrescente";"Céu Claro";"Simples";"Reta";"Não";2;0;0;2;0;0;2;1;-11,78947895;-49,1176771;"SPRF-TO";"DEL01-TO";"UOP02-DEL01-TO"
421583;2022-03-19;"sábado";"17:30:00";"BA";101;915,8;"NOVA VICOSA";"Reação tardia ou ineficiente do condutor";"Queda de ocupante de veículo";"Com Vítimas Feridas";"Anoitecer";"Decrescente";"Céu Claro";"Simples";"Curva";"Não";1;0;1;0;0;0;1;1;-17,854354;-39,800975;"SPRF-BA";"DEL09-BA";"UOP02-DEL09-BA"
421584;2022-03-19;"sábado";"20:07:00";"SP";153;35;"ONDA VERDE";"Condutor Dormindo";"Colisão com objeto";"Com Vítimas Feridas";"Plena Noite";"Decrescente";"Nublado";"Simples";"Reta";"Não";1;0;1;0;0;0;1;1;-20,58054802;-49,31936791;"SPRF-SP";"DEL09-SP";"UOP01-DEL09-SP"
421585;2022-03-19;"sábado";"17:10:00";"PE";232;114,5;"CARUARU";"Reação tardia ou ineficiente do condutor";"Tombamento";"Sem Vítimas";"Pleno dia";"Crescente";"Céu Claro";"Dupla";"Reta";"Não";1;0;0;0;0;1;0;1;-8,30028529;-35,84905306;"SPRF-PE";"DEL02-PE";"UOP02-DEL02PE"
421588;2022-03-19;"sábado";"20:30:00";"RJ";116;1;"SAPUCAIA";"Iluminação deficiente";"Saída de leito carroçável";"Sem Vítimas";"Plena Noite";"Crescente";"Céu Claro";"Dupla";"Reta";"Sim";1;0;0;0;1;0;0;1;-21,87743576;-42,67292698;"SPRF-RJ";"DEL05-RJ";"UOP01-DEL05-RJ"
421589;2022-03-19;"sábado";"18:50:00";"MS";163;615,3;"SAO GABRIEL DO OESTE";"Acessar a via sem observar a presença dos outros veículos";"Colisão transversal";"Com Vítimas Feridas";"Anoitecer";"Crescente";"Céu Claro";"Simples";"Reta";"Sim";2;0;2;0;0;0;2;2;-19,39158846;-54,57011104;"SPRF-MS";"DEL06-MS";"UOP02-DEL06-MS"
421591;2022-03-19;"sábado";"19:35:00";"RJ";101;503;"ANGRA DOS REIS";"Acessar a via sem observar a presença dos outros veículos";"Colisão traseira";"Com Vítimas Feridas";"Plena Noite";"Decrescente";"Céu Claro";"Simples";"Reta";"Não";4;0;1;1;2;0;2;2;-22,92894705;-44,37879998;"SPRF-RJ";"DEL03-RJ";"UOP02-DEL03-RJ"
421592;2022-03-19;"sábado";"20:30:00";"SC";280;48,2;"GUARAMIRIM";"Acessar a via sem observar a presença dos outros veículos";"Colisão transversal";"Com Vítimas Feridas";"Plena Noite";"Crescente";"Chuva";"Simples";"Reta";"Sim";2;0;1;0;1;0;1;2;-26,45506795;-48,92766502;"SPRF-SC";"DEL03-SC";"UOP03-DEL03-SC"
421593;2022-03-19;"sábado";"19:55:00";"RS";287;276,6;"SAO PEDRO DO SUL";"Acessar a via sem observar a presença dos outros veículos";"Colisão transversal";"Com Vítimas Feridas";"Pleno dia";"Crescente";"Nublado";"Simples";"Reta;Aclive";"Não";2;0;0;2;0;0;2;2;-29,65921095;-54,13836122;"SPRF-RS";"DEL09-RS";"UOP01-DEL09-RS"
421594;2022-03-19;"sábado";"20:20:00";"PA";316;33;"SANTA IZABEL DO PARA";"Pedestre andava na pista";"Atropelamento de Pedestre";"Com Vítimas Feridas";"Plena Noite";"Crescente";"Céu Claro";"Dupla";"Reta";"Sim";2;0;1;1;0;0;2;2;-1,29877612;-48,18005497;"SPRF-PA";"DEL01-PA";"UOP01-DEL01-PA"
421596;2022-03-19;"sábado";"20:10:00";"GO";60;91,9;"ANAPOLIS";"Animais na Pista";"Atropelamento de Animal";"Com Vítimas Feridas";"Plena Noite";"Decrescente";"Céu Claro";"Dupla";"Curva";"Sim";1;0;1;0;0;0;1;1;-16,3491;-48,9095;"SPRF-GO";"DEL02-GO";"UOP01-DEL02-GO"
421597;2022-03-19;"sábado";"17:40:00";"MT";174;126;"MIRASSOL DOESTE";"Chuva";"Saída de leito carroçável";"Sem Vítimas";"Anoitecer";"Decrescente";"Chuva";"Simples";"Curva";"Não";2;0;0;0;2;0;0;1;-15,82018805;-58,09111118;"SPRF-MT";"DEL03-MT";"UOP01-DEL03-MT"
421598;2022-03-19;"sábado";"20:30:00";"DF";70;10,1;"BRASILIA";"Entrada inopinada do pedestre";"Atropelamento de Pedestre";"Com Vítimas Fatais";"Plena Noite";"Crescente";"Céu Claro";"Dupla";"Reta";"Sim";4;1;0;0;3;0;0;2;-15,787066;-48,140709;"SPRF-DF";"DEL03-DF";"UOP02-DEL03-DF"