"id";"data_inversa";"dia_semana";"horario";"uf";"br";"km";"municipio";"causa_acidente";"tipo_acidente";"classificacao_acidente";"fase_dia";"sentido_via";"condicao_metereologica";"tipo_pista";"tracado_via";"uso_solo";"pessoas";"mortos";"feridos_leves";"feridos_graves";"ilesos";"ignorados";"feridos";"veiculos";"latitude";"longitude";"regional";"delegacia";"uop"
421600;2022-03-19;"sábado";"12:30:00";"SP";116;564;"BARRA DO TURVO";"Chuva";"Colisão com objeto";"Com Vítimas Feridas";"Pleno dia";"Decrescente";"Garoa/Chuvisco";"Simples";"Reta";"Não";4;0;1;0;3;0;1;1;-25,03458919;-48,53543877;"SPRF-SP";"DEL05-SP";"UOP02-DEL05-SP"
421601;2022-03-19;"sábado";"21:40:00";"SP";116;197;"ARUJA";"Pedestre andava na pista";"Atropelamento de Pedestre";"Com Vítimas Feridas";"Plena Noite";"Crescente";"Garoa/Chuvisco";"Dupla";"Reta";"Sim";2;0;0;1;1;0;1;2;-23,39721625;-46,29284287;"SPRF-SP";"DEL01-SP";"UOP01-DEL01-SP"
421602;2022-03-19;"sábado";"20:50:00";"PB";101;86;"BAYEUX";"Trafegar com motocicleta (ou similar) entre as faixas";"Colisão com objeto";"Com Vítimas Feridas";"Plena Noite";"Crescente";"Céu Claro";"Dupla";"Curva;Aclive";"Sim";3;0;2;0;1;0;2;2;-7,15118983;-34,91012184;"SPRF-PB";"DEL01-PB";"UOP01-DEL01-PB"
421603;2022-03-19;"sábado";"21:42:00";"PB";230;18;"JOAO PESSOA";"Reação tardia ou ineficiente do condutor";"Tombamento";"Com Vítimas Feridas";"Plena Noite";"Decrescente";"Céu Claro";"Dupla";"Reta;Aclive";"Sim";1;0;1;0;0;0;1;1;-7,1198;-34,8453;"SPRF-PB";"DEL01-PB";"UOP01-DEL01-PB"
421604;2022-03-19;"sábado";"19:30:00";"MT";364;232;"RONDONOPOLIS";"Ausência de reação do condutor";"Saída de leito carroçável";"Com Vítimas Feridas";"Plena Noite";"Crescente";"Céu Claro";"Dupla";"Reta";"Não";4;0;2;0;2;0;2;1;-16,24882094;-54,77994667;"SPRF-MT";"DEL02-MT";"UOP01-DEL02-MT"
421605;2022-03-19;"sábado";"19:30:00";"MG";116;511;"CARATINGA";"Ingestão de álcool pelo condutor";"Colisão frontal";"Com Vítimas Feridas";"Plena Noite";"Crescente";"Nublado";"Simples";"Retorno Regulamentado";"Sim";4;0;3;1;0;0;4;3;-19,65371791;-42,11137522;"SPRF-MG";"DEL06-MG";"UOP02-DEL06-MG"
421607;2022-03-19;"sábado";"20:29:00";"RJ";101;262;"RIO BONITO";"Condutor Dormindo";"Capotamento";"Com Vítimas Feridas";"Plena Noite";"Decrescente";"Céu Claro";"Dupla";"Reta";"Não";1;0;0;1;0;0;1;1;-22,71367506;-42,62052996;"SPRF-RJ";"DEL02-RJ";"UOP03-DEL02-RJ"
421609;2022-03-19;"sábado";"22:00:00";"BA";101;810;"ITAMARAJU";"Velocidade Incompatível";"Colisão frontal";"Com Vítimas Feridas";"Plena Noite";"Crescente";"Céu Claro";"Simples";"Reta";"Sim";3;0;1;2;0;0;3;2;-17,0328229;-39,54082489;"SPRF-BA";"DEL09-BA";"UOP02-DEL09-BA"
421610;2022-03-19;"sábado";"19:50:00";"PI";343;308,1;"ALTOS";"Ultrapassagem Indevida";"Colisão lateral sentido oposto";"Com Vítimas Feridas";"Plena Noite";"Crescente";"Céu Claro";"Simples";"Reta";"Sim";5;0;0;1;4;0;1;2;-5,038669;-42,468166;"SPRF-PI";"DEL01-PI";"UOP01-DEL01-PI"
421611;2022-03-19;"sábado";"19:40:00";"MG";381;830,5;"SAO SEBASTIAO DA BELA VISTA";"Acessar a via sem observar a presença dos outros veículos";"Colisão transversal";"Com Vítimas Feridas";"Plena Noite";"Decrescente";"Céu Claro";"Dupla";"Reta";"Não";2;0;0;1;1;0;1;2;-22,13939205;-45,81344194;"SPRF-MG";"DEL16-MG";"UOP01-DEL16-MG"
421612;2022-03-19;"sábado";"19:25:00";"SC";470;314;"CAMPOS NOVOS";"Condutor Dormindo";"Saída de leito carroçável";"Com Vítimas Feridas";"Plena Noite";"Decrescente";"Céu Claro";"Simples";"Reta";"Não";2;0;1;0;1;0;1;2;-27,39465989;-51,19271636;"SPRF-SC";"DEL07-SC";"UOP06-DEL07-SC"
421613;2022-03-19;"sábado";"09:40:00";"SC";101;195;"BIGUACU";"Deficiência do Sistema de Iluminação/Sinalização";"Tombamento";"Com Vítimas Feridas";"Pleno dia";"Decrescente";"Chuva";"Dupla";"Reta";"Sim";2;0;1;0;1;0;1;1;-27,50206689;-48,65235329;"SPRF-SC";"DEL01-SC";"UOP01-DEL01-SC"
421614;2022-03-19;"sábado";"21:13:00";"SC";116;5,4;"MAFRA";"Ingestão de álcool pelo condutor";"Colisão traseira";"Com Vítimas Feridas";"Plena Noite";"Crescente";"Nublado";"Simples";"Reta";"Sim";4;0;1;0;3;0;1;2;-26,14094396;-49,81508303;"SPRF-SC";"DEL06-SC";"UOP01-DEL06-SC"
421615;2022-03-19;"sábado";"21:30:00";"PR";116;126;"FAZENDA RIO GRANDE";"Ausência de reação do condutor";"Engavetamento";"Com Vítimas Feridas";"Plena Noite";"Crescente";"Nublado";"Múltipla";"Reta";"Sim";4;0;1;0;2;1;1;4;-25,640687;-49,313124;"SPRF-PR";"DEL01-PR";"UOP03-DEL01-PR"
421616;2022-03-19;"sábado";"20:30:00";"AC";364;133;"RIO BRANCO";"Mal súbito do condutor";"Queda de ocupante de veículo";"Com Vítimas Feridas";"Plena Noite";"Crescente";"Céu Claro";"Dupla";"Reta";"Sim";1;0;1;0;0;0;1;1;-10,002488;-67,84954;"SPRF-AC";"DEL01-AC";"UOP01-DEL01-AC"
421617;2022-03-19;"sábado";"19:45:00";"RJ";101;557;"PARATY";"Velocidade Incompatível";"Tombamento";"Sem Vítimas";"Plena Noite";"Crescente";"Chuva";"Simples";"Curva";"Sim";3;0;0;0;3;0;0;1;-23,09154148;-44,6958992;"SPRF-RJ";"DEL03-RJ";"UOP04-DEL03-RJ"
421618;2022-03-19;"sábado";"21:50:00";"MG";262;799;"UBERABA";"Reação tardia ou ineficiente do condutor";"Tombamento";"Com Vítimas Feridas";"Plena Noite";"Decrescente";"Garoa/Chuvisco";"Dupla";"Reta";"Sim";1;0;0;1;0;0;1;1;-19,77864246;-47,93629597;"SPRF-MG";"DEL13-MG";"UOP01-DEL13-MG"
421619;2022-03-19;"sábado";"21:30:00";"BA";116;9,7;"VITORIA DA CONQUISTA";"Acessar a via sem observar a presença dos outros veículos";"Colisão transversal";"Com Vítimas Feridas";"Plena Noite";"Decrescente";"Céu Claro";"Simples";"Declive;Interseção de Vias";"Sim";5;0;3;1;1;0;4;3;-14,855585;-40,87916;"SPRF-BA";"DEL08-BA";"UOP01-DEL08-BA"
421620;2022-03-19;"sábado";"23:00:00";"MG";146;459,9;"BOTELHOS";"Mal súbito do condutor";"Saída de leito carroçável";"Com Vítimas Fatais";"Plena Noite";"Decrescente";"Céu Claro";"Simples";"Curva;Declive";"Não";2;1;0;1;0;0;1;1;-21,60911839;-46,41131401;"SPRF-MG";"DEL09-MG";"UOP01-DEL09-MG"
421621;2022-03-15;"terça-feira";"07:30:00";"GO";153;521,3;"HIDROLANDIA";"Desrespeitar a preferência no cruzamento";"Colisão lateral mesmo sentido";"Sem Vítimas";"Pleno dia";"Decrescente";"Céu Claro";"Dupla";"Declive";"Não";2;0;0;0;2;0;0;2;-16,8937;-49,2557;"SPRF-GO";"DEL01-GO";"UOP03-DEL01-GO"
421622;2022-03-19;"sábado";"22:45:00";"BA";101;714;"EUNAPOLIS";"Ingestão de álcool pelo condutor";"Colisão traseira";"Com Vítimas Feridas";"Plena Noite";"Crescente";"Nublado";"Simples";"Reta";"Não";2;0;0;1;1;0;1;2;-16,51577516;-39,57427325;"SPRF-BA";"DEL09-BA";"UOP01-DEL09-BA"
421623;2022-03-19;"sábado";"22:30:00";"RN";101;85,9;"NATAL";"Manobra de mudança de faixa";"Colisão lateral mesmo sentido";"Com Vítimas Feridas";"Plena Noite";"Decrescente";"Céu Claro";"Dupla";"Reta;Ponte";"Sim";4;0;0;3;1;0;3;3;-5,777664;-35,24937;"SPRF-RN";"DEL02-RN";"UOP01-DEL02-RN"
421627;2022-03-19;"sábado";"22:30:00";"BA";324;611;"SALVADOR";"Condutor Dormindo";"Colisão com objeto";"Com Vítimas Feridas";"Plena Noite";"Crescente";"Céu Claro";"Dupla";"Reta";"Não";1;0;0;1;0;0;1;1;-12,83798396;-38,41427011;"SPRF-BA";"DEL01-BA";"UOP01-DEL01-BA"
421628;2022-03-19;"sábado";"19:25:00";"MG";153;239,5;"FRONTEIRA";"Condutor deixou de manter distância do veículo da frente";"Colisão traseira";"Com Vítimas Feridas";"Plena Noite";"Decrescente";"Nublado";"Simples";"Reta";"Não";4;0;0;4;0;0;4;2;-20,29847332;-49,20614844;"SPRF-MG";"DEL13-MG";"UOP02-DEL13-MG"
421629;2022-03-19;"sábado";"22:20:00";"AL";316;177;"BELEM";"Acesso irregular";"Colisão lateral mesmo sentido";"Com Vítimas Feridas";"Plena Noite";"Decrescente";"Céu Claro";"Simples";"Reta";"Sim";2;0;1;0;1;0;1;2;-9,56791796;-36,50654692;"SPRF-AL";"DEL03-AL";"UOP01-DEL03-AL"
421632;2022-03-19;"sábado";"21:30:00";"PR";277;461,5;"LARANJEIRAS DO SUL";"Ingestão de álcool pelo condutor";"Colisão lateral sentido oposto";"Sem Vítimas";"Plena Noite";"Crescente";"Céu Claro";"Simples";"Reta";"Não";2;0;0;0;1;1;0;2;-25,362707;-52,473387;"SPRF-PR";"DEL04-PR";"UOP02-DEL04-PR"
421636;2022-03-19;"sábado";"21:00:00";"MG";262;411,8;"IGARATINGA";"Velocidade Incompatível";"Saída de leito carroçável";"Com Vítimas Feridas";"Plena Noite";"Decrescente";"Céu Claro";"Dupla";"Reta";"Sim";4;0;1;0;3;0;1;1;-19,88744145;-44,64074377;"SPRF-MG";"DEL08-MG";"UOP03-DEL08-MG"
421637;2022-03-19;"sábado";"21:30:00";"PR";153;333,2;"IRATI";"Desrespeitar a preferência no cruzamento";"Colisão frontal";"Com Vítimas Feridas";"Plena Noite";"Crescente";"Nublado";"Simples";"Interseção de Vias";"Sim";2;0;0;1;1;0;1;2;-25,47271703;-50,63775197;"SPRF-PR";"DEL03-PR";"UOP03-DEL03-PR"
421638;2022-03-19;"sábado";"20:55:00";"SC";101;457,4;"SAO JOAO DO SUL";"Ingestão de álcool pelo condutor";"Colisão com objeto";"Sem Vítimas";"Plena Noite";"Crescente";"Nublado";"Dupla";"Reta";"Não";1;0;0;0;1;0;0;1;-29,2321129;-49,7583037;"SPRF-SC";"DEL02-SC";"UOP02-DEL02-SC"
421640;2022-03-19;"sábado";"23:20:00";"MA";135;5;"SAO LUIS";"Transitar na contramão";"Colisão frontal";"Com Vítimas Feridas";"Plena Noite";"Decrescente";"Céu Claro";"Dupla";"Aclive";"Sim";2;0;2;0;0;0;2;1;-2,62145385;-44,25797421;"SPRF-MA";"DEL01-MA";"UOP01-DEL01-MA"
421642;2022-03-19;"sábado";"19:50:00";"RO";364;308;"PRESIDENTE MEDICI";"Pedestre cruzava a pista fora da faixa";"Atropelamento de Pedestre";"Com Vítimas Feridas";"Plena Noite";"Crescente";"Nublado";"Simples";"Reta";"Sim";3;0;0;1;1;1;1;2;-11,172427;-61,901573;"SPRF-RO";"DEL02-RO";"UOP01-DEL02-RO"
421643;2022-03-19;"sábado";"23:45:00";"MS";262;456,5;"DOIS IRMAOS DO BURITI";"Animais na Pista";"Atropelamento de Animal";"Com Vítimas Feridas";"Plena Noite";"Crescente";"Céu Claro";"Simples";"Aclive";"Não";2;0;2;0;0;0;2;1;-20,55624404;-55,50979502;"SPRF-MS";"DEL03-MS";"UOP01-DEL03-MS"
421644;2022-03-19;"sábado";"19:30:00";"GO";364;8;"SAO SIMAO";"Ausência de reação do condutor";"Colisão traseira";"Sem Vítimas";"Plena Noite";"Decrescente";"Céu Claro";"Simples";"Reta";"Não";2;0;0;0;1;1;0;2;-19,00415;-50,555191;"SPRF-GO";"DEL05-GO";"UOP02-DEL05-GO"
421645;2022-03-19;"sábado";"23:00:00";"AC";364;121;"RIO BRANCO";"Ausência de reação do condutor";"Colisão traseira";"Com Vítimas Feridas";"Plena Noite";"Decrescente";"Nublado";"Simples";"Reta";"Sim";4;0;1;0;3;0;1;2;-10,01209268;-67,764365;"SPRF-AC";"DEL01-AC";"UOP01-DEL01-AC"
421649;2022-03-20;"domingo";"00:30:00";"RS";116;262;"CANOAS";"Ausência de reação do condutor";"Colisão com objeto";"Sem Vítimas";"Plena Noite";"Decrescente";"Céu Claro";"Dupla";"Curva";"Sim";1;0;0;0;1;0;0;1;-29,896475;-51,17593;"SPRF-RS";"DEL01-RS";"UOP01-DEL01-RS"
421651;2022-03-20;"domingo";"00:05:00";"SC";153;69,7;"IRANI";"Velocidade Incompatível";"Saída de leito carroçável";"Com Vítimas Feridas";"Plena Noite";"Decrescente";"Céu Claro";"Simples";"Curva";"Não";1;0;1;0;0;0;1;1;-27,052947;-51,888056;"SPRF-SC";"DEL07-SC";"UOP04-DEL07-SC"
421653;2022-03-20;"domingo";"00:20:00";"MG";50;72;"UBERLANDIA";"Ingestão de álcool pelo condutor";"Saída de leito carroçável";"Sem Vítimas";"Plena Noite";"Crescente";"Céu Claro";"Dupla";"Reta";"Sim";1;0;0;0;1;0;0;1;-18,8936188;-48,25186729;"SPRF-MG";"DEL15-MG";"UOP01-DEL15-MG"
421654;2022-03-20;"domingo";"00:30:00";"AL";101;205,5;"SAO SEBASTIAO";"Ingestão de álcool pelo condutor";"Queda de ocupante de veículo";"Com Vítimas Feridas";"Plena Noite";"Decrescente";"Céu Claro";"Simples";"Curva";"Sim";1;0;1;0;0;0;1;1;-9,98580388;-36,567173;"SPRF-AL";"DEL02-AL";"UOP02-DEL02-AL"
421655;2022-03-20;"domingo";"00:50:00";"SP";381;87;"SAO PAULO";"Condutor deixou de manter distância do veículo da frente";"Colisão traseira";"Com Vítimas Feridas";"Plena Noite";"Decrescente";"Céu Claro";"Dupla";"Reta";"Sim";1;0;1;0;0;0;1;1;-23,46885001;-46,56996601;"SPRF-SP";"DEL03-SP";"UOP01-DEL03-SP"
421656;2022-03-20;"domingo";"01:20:00";"AL";316;181;"BELEM";"Reação tardia ou ineficiente do condutor";"Colisão traseira";"Com Vítimas Feridas";"Plena Noite";"Crescente";"Céu Claro";"Simples";"Curva";"Não";3;0;0;1;0;2;1;2;-9,59138602;-36,48209201;"SPRF-AL";"DEL03-AL";"UOP01-DEL03-AL"
421657;2022-03-19;"sábado";"23:30:00";"SC";470;243,9;"CURITIBANOS";"Transitar na contramão";"Colisão lateral sentido oposto";"Com Vítimas Feridas";"Plena Noite";"Crescente";"Nublado";"Simples";"Curva";"Não";3;0;2;0;1;0;2;2;-27,31655982;-50,52526474;"SPRF-SC";"DEL05-SC";"UOP03-DEL05-SC"
421658;2022-03-20;"domingo";"00:01:00";"SP";116;218,9;"GUARULHOS";"Ingestão de álcool pelo condutor";"Colisão lateral mesmo sentido";"Com Vítimas Feridas";"Plena Noite";"Crescente";"Garoa/Chuvisco";"Dupla";"Reta";"Sim";3;0;1;0;2;0;1;2;-23,457972;-46,479927;"SPRF-SP";"DEL01-SP";"UOP01-DEL01-SP"
421659;2022-03-20;"domingo";"02:55:00";"SP";116;228,8;"SAO PAULO";"Reação tardia ou ineficiente do condutor";"Queda de ocupante de veículo";"Com Vítimas Feridas";"Plena Noite";"Decrescente";"Nublado";"Dupla";"Reta";"Sim";2;0;2;0;0;0;2;1;-23,50343484;-46,56638712;"SPRF-SP";"DEL01-SP";"UOP01-DEL01-SP"
421660;2022-03-20;"domingo";"02:30:00";"SC";101;137;"BALNEARIO CAMBORIU";"Ausência de reação do condutor";"Saída de leito carroçável";"Com Vítimas Feridas";"Plena Noite";"Crescente";"Nublado";"Múltipla";"Reta";"Sim";2;0;1;1;0;0;2;1;-27,0157238;-48,61192763;"SPRF-SC";"DEL04-SC";"UOP03-DEL04-SC"
421661;2022-03-20;"domingo";"03:05:00";"SP";116;111,4;"TAUBATE";"Ingestão de álcool pelo condutor";"Colisão com objeto";"Com Vítimas Feridas";"Plena Noite";"Crescente";"Céu Claro";"Dupla";"Reta";"Não";1;0;1;0;0;0;1;1;-23,03887149;-45,56097419;"SPRF-SP";"DEL02-SP";"UOP02-DEL02-SP"
421665;2022-03-19;"sábado";"21:50:00";"MG";116;237;"TEOFILO OTONI";"Ausência de reação do condutor";"Tombamento";"Com Vítimas Feridas";"Plena Noite";"Decrescente";"Céu Claro";"Simples";"Reta";"Não";1;0;0;1;0;0;1;1;-17,54651296;-41,47668488;"SPRF-MG";"DEL11-MG";"UOP01-DEL11-MG"
421667;2022-03-20;"domingo";"01:20:00";"RJ";493;59;"DUQUE DE CAXIAS";"Animais na Pista";"Atropelamento de Animal";"Sem Vítimas";"Plena Noite";"Decrescente";"Céu Claro";"Dupla";"Reta";"Não";1;0;0;0;1;0;0;1;-22,68370962;-43,41514636;"SPRF-RJ";"DEL01-RJ";"UOP03-DEL01-RJ"
421668;2022-03-20;"domingo";"03:45:00";"RS";116;148,9;"CAXIAS DO SUL";"Ingestão de álcool pelo condutor";"Saída de leito carroçável";"Com Vítimas Feridas";"Anoitecer";"Decrescente";"Garoa/Chuvisco";"Múltipla";"Reta";"Sim";1;0;1;0;0;0;1;1;-29,15444539;-51,15101681;"SPRF-RS";"DEL05-RS";"UOP01-DEL05-RS"
421669;2022-03-20;"domingo";"04:10:00";"SC";101;197;"BIGUACU";"Ingestão de álcool pelo condutor";"Saída de leito carroçável";"Com Vítimas Feridas";"Pleno dia";"Decrescente";"Céu Claro";"Dupla";"Curva";"Sim";2;0;1;1;0;0;2;1;-27,51844497;-48,63848496;"SPRF-SC";"DEL01-SC";"UOP01-DEL01-SC"
421670;2022-03-20;"domingo";"02:20:00";"GO";50;272,2;"CATALAO";"Ingestão de álcool pelo condutor";"Saída de leito carroçável";"Sem Vítimas";"Plena Noite";"Decrescente";"Céu Claro";"Dupla";"Reta";"Não";1;0;0;0;1;0;0;1;-18,1228;-47,8994;"SPRF-GO";"DEL06-GO";"UOP01-DEL06-GO"
421671;2022-03-20;"domingo";"03:20:00";"SC";282;578;"PINHALZINHO";"Velocidade Incompatível";"Saída de leito carroçável";"Sem Vítimas";"Plena Noite";"Crescente";"Garoa/Chuvisco";"Simples";"Declive";"Não";1;0;0;0;0;1;0;1;-26,838364;-52,985279;"SPRF-SC";"DEL07-SC";"UOP02-DEL07-SC"
421672;2022-03-20;"domingo";"05:15:00";"DF";40;1;"BRASILIA";"Ingestão de álcool pelo condutor";"Saída de leito carroçável";"Sem Vítimas";"Plena Noite";"Crescente";"Céu Claro";"Dupla";"Reta";"Sim";1;0;0;0;1;0;0;1;-15,985532;-47,987747;"SPRF-DF";"DEL01-DF";"UOP01-DEL01-DF"
421673;2022-03-20;"domingo";"05:13:00";"SP";116;214;"GUARULHOS";"Reação tardia ou ineficiente do condutor";"Colisão traseira";"Sem Vítimas";"Amanhecer";"Crescente";"Nublado";"Dupla";"Reta";"Sim";3;0;0;0;3;0;0;3;-23,44333014;-46,44531294;"SPRF-SP";"DEL01-SP";"UOP01-DEL01-SP"
421675;2022-03-20;"domingo";"05:45:00";"MG";381;1,7;"BETIM";"Animais na Pista";"Atropelamento de Animal";"Com Vítimas Feridas";"Amanhecer";"Decrescente";"Céu Claro";"Dupla";"Reta";"Sim";1;0;1;0;0;0;1;1;-19,96825;-44,198708;"SPRF-MG";"DEL01-MG";"UOP03-DEL01-MG"
421676;2022-03-20;"domingo";"05:10:00";"SC";280;30;"ARAQUARI";"Velocidade Incompatível";"Saída de leito carroçável";"Sem Vítimas";"Plena Noite";"Crescente";"Garoa/Chuvisco";"Simples";"Reta";"Sim";1;0;0;0;0;1;0;1;-26,4141523;-48,76209493;"SPRF-SC";"DEL03-SC";"UOP03-DEL03-SC"
421677;2022-03-20;"domingo";"05:35:00";"PR";272;367,7;"CAMPO MOURAO";"Velocidade Incompatível";"Saída de leito carroçável";"Sem Vítimas";"Amanhecer";"Decrescente";"Céu Claro";"Dupla";"Reta";"Sim";1;0;0;0;0;1;0;1;-24,05264949;-52,40638018;"SPRF-PR";"DEL09-PR";"UOP03-DEL09-PR"
421678;2022-03-20;"domingo";"05:50:00";"SP";116;145,3;"SAO JOSE DOS CAMPOS";"Ausência de reação do condutor";"Colisão transversal";"Sem Vítimas";"Pleno dia";"Crescente";"Chuva";"Simples";"Curva";"Sim";2;0;0;0;2;0;0;2;-23,1869844;-45,8548078;"SPRF-SP";"DEL02-SP";"UOP01-DEL02-SP"
421679;2022-03-20;"domingo";"06:45:00";"PE";424;94,6;"GARANHUNS";"Ausência de reação do condutor";"Colisão frontal";"Com Vítimas Feridas";"Pleno dia";"Crescente";"Céu Claro";"Simples";"Reta";"Não";2;0;0;2;0;0;2;2;-8,91590392;-36,48883344;"SPRF-PE";"DEL03-PE";"UOP01-DEL03-PE"
421681;2022-03-20;"domingo";"06:00:00";"MG";50;199;"DELTA";"Reação tardia ou ineficiente do condutor";"Colisão lateral mesmo sentido";"Sem Vítimas";"Amanhecer";"Decrescente";"Céu Claro";"Dupla";"Reta";"Não";1;0;0;0;0;1;0;1;-19,92627147;-47,82191068;"SPRF-MG";"DEL13-MG";"UOP01-DEL13-MG"
421683;2022-03-20;"domingo";"06:35:00";"PE";101;42,8;"IGARASSU";"Reação tardia ou ineficiente do condutor";"Colisão transversal";"Com Vítimas Feridas";"Pleno dia";"Crescente";"Céu Claro";"Múltipla";"Reta";"Sim";2;0;1;0;1;0;1;2;-7,83887431;-34,91196739;"SPRF-PE";"DEL01-PE";"UOP02-DEL01-PE"
421684;2022-03-20;"domingo";"05:10:00";"PB";104;116,6;"LAGOA SECA";"Ingestão de álcool pelo condutor";"Colisão frontal";"Com Vítimas Feridas";"Amanhecer";"Crescente";"Céu Claro";"Simples";"Aclive;Reta";"Sim";4;0;2;0;2;0;2;2;-7,18022102;-35,86480593;"SPRF-PB";"DEL02-PB";"UOP04-DEL02-PB"
421685;2022-03-20;"domingo";"06:10:00";"CE";116;454,4;"BARRO";"Transitar no acostamento";"Colisão traseira";"Com Vítimas Fatais";"Amanhecer";"Crescente";"Céu Claro";"Simples";"Reta";"Não";2;1;0;0;0;1;0;2;-7,15137597;-38,7786803;"SPRF-CE";"DEL05-CE";"UOP03-DEL05-CE"
421687;2022-03-20;"domingo";"06:50:00";"PE";101;61,3;"RECIFE";"Animais na Pista";"Atropelamento de Animal";"Com Vítimas Feridas";"Pleno dia";"Decrescente";"Céu Claro";"Dupla";"Reta";"Sim";2;0;1;1;0;0;2;1;-7,99097103;-34,93598295;"SPRF-PE";"DEL01-PE";"UOP02-DEL01-PE"
421688;2022-03-19;"sábado";"22:40:00";"RJ";101;487;"ANGRA DOS REIS";"Desrespeitar a preferência no cruzamento";"Colisão transversal";"Com Vítimas Feridas";"Plena Noite";"Crescente";"Nublado";"Múltipla";"Reta";"Sim";4;0;2;0;2;0;2;2;-22,9629;-44,2978;"SPRF-RJ";"DEL03-RJ";"UOP03-DEL03-RJ"
421689;2022-03-20;"domingo";"08:00:00";"RN";406;137;"TAIPU";"Ausência de reação do condutor";"Colisão traseira";"Com Vítimas Feridas";"Pleno dia";"Crescente";"Chuva";"Simples";"Reta";"Não";2;0;2;0;0;0;2;2;-5,65472422;-35,54848997;"SPRF-RN";"DEL02-RN";"UOP01-DEL02-RN"
421690;2022-03-20;"domingo";"03:45:00";"SP";116;150;"SAO JOSE DOS CAMPOS";"Velocidade Incompatível";"Capotamento";"Com Vítimas Feridas";"Plena Noite";"Decrescente";"Nublado";"Dupla";"Reta";"Sim";1;0;1;0;0;0;1;1;-23,21335525;-45,8930588;"SPRF-SP";"DEL02-SP";"UOP01-DEL02-SP"
421691;2022-03-20;"domingo";"01:15:00";"RJ";116;180;"NOVA IGUACU";"Ausência de reação do condutor";"Saída de leito carroçável";"Com Vítimas Feridas";"Plena Noite";"Crescente";"Céu Claro";"Múltipla";"Reta";"Sim";1;0;0;1;0;0;1;1;-22,7651616;-43,4154728;"SPRF-RJ";"DEL01-RJ";"UOP02-DEL01-RJ"
421692;2022-03-20;"domingo";"07:40:00";"RS";116;262;"CANOAS";"Ingestão de álcool pelo condutor";"Colisão com objeto";"Sem Vítimas";"Pleno dia";"Decrescente";"Nublado";"Múltipla";"Reta";"Sim";1;0;0;0;1;0;0;1;-29,89382671;-51,1767434;"SPRF-RS";"DEL01-RS";"UOP01-DEL01-RS"
421693;2022-03-20;"domingo";"07:45:00";"SC";101;119;"ITAJAI";"Reação tardia ou ineficiente do condutor";"Saída de leito carroçável";"Com Vítimas Feridas";"Pleno dia";"Decrescente";"Céu Claro";"Múltipla";"Reta";"Não";1;0;1;0;0;0;1;1;-26,895859;-48,71903;"SPRF-SC";"DEL04-SC";"UOP04-DEL04-SC"
421694;2022-03-20;"domingo";"02:20:00";"RJ";101;407;"ITAGUAI";"Manobra de mudança de faixa";"Capotamento";"Com Vítimas Feridas";"Plena Noite";"Crescente";"Céu Claro";"Dupla";"Reta";"Não";4;0;3;0;1;0;3;1;-22,87672058;-43,81631971;"SPRF-RJ";"DEL03-RJ";"UOP01-DEL03-RJ"
421696;2022-03-20;"domingo";"06:45:00";"RJ";40;32,9;"TRES RIOS";"Condutor Dormindo";"Colisão com objeto";"Com Vítimas Feridas";"Amanhecer";"Decrescente";"Céu Claro";"Dupla";"Curva";"Sim";4;0;3;1;0;0;4;1;-22,19935287;-43,15764401;"SPRF-RJ";"DEL05-RJ";"UOP02-DEL05-RJ"
421697;2022-03-20;"domingo";"07:30:00";"PE";101;198;"PALMARES";"Manobra de mudança de faixa";"Colisão transversal";"Sem Vítimas";"Pleno dia";"Crescente";"Nublado";"Dupla";"Reta";"Não";2;0;0;0;1;1;0;2;-8,76435921;-35,61464773;"SPRF-PE";"DEL01-PE";"UOP01-DEL01-PE"
421698;2022-03-16;"quarta-feira";"09:20:00";"BA";116;671;"JEQUIE";"Transitar na contramão";"Colisão lateral sentido oposto";"Sem Vítimas";"Pleno dia";"Crescente";"Céu Claro";"Simples";"Reta";"Não";1;0;0;0;0;1;0;1;-13,79113503;-40,10946188;"SPRF-BA";"DEL03-BA";"UOP01-DEL03-BA"
421699;2022-03-20;"domingo";"07:55:00";"RS";101;2;"TORRES";"Reação tardia ou ineficiente do condutor";"Colisão com objeto";"Sem Vítimas";"Pleno dia";"Crescente";"Garoa/Chuvisco";"Simples";"Curva";"Sim";1;0;0;0;0;1;0;1;-29,31959403;-49,77750778;"SPRF-RS";"DEL03-RS";"UOP02-DEL03-RS"
421701;2022-03-20;"domingo";"08:45:00";"PB";230;17;"JOAO PESSOA";"Trafegar com motocicleta (ou similar) entre as faixas";"Colisão lateral mesmo sentido";"Com Vítimas Feridas";"Pleno dia";"Decrescente";"Sol";"Dupla";"Reta";"Sim";3;0;1;0;1;1;1;3;-7,11383869;-34,84208822;"SPRF-PB";"DEL01-PB";"UOP01-DEL01-PB"
421702;2022-03-20;"domingo";"08:25:00";"MS";262;344,5;"CAMPO GRANDE";"Restrição de visibilidade em curvas horizontais";"Colisão transversal";"Com Vítimas Feridas";"Pleno dia";"Decrescente";"Nublado";"Simples";"Curva";"Não";5;0;2;0;3;0;2;2;-20,57496916;-54,59389687;"SPRF-MS";"DEL01-MS";"UOP03-DEL01-MS"
421704;2022-03-20;"domingo";"09:00:00";"SP";381;88;"SAO PAULO";"Pedestre cruzava a pista fora da faixa";"Atropelamento de Pedestre";"Com Vítimas Feridas";"Pleno dia";"Decrescente";"Garoa/Chuvisco";"Múltipla";"Reta";"Sim";2;0;0;1;1;0;1;2;-23,47469314;-46,56112919;"SPRF-SP";"DEL03-SP";"UOP01-DEL03-SP"