"id";"data_inversa";"dia_semana";"horario";"uf";"br";"km";"municipio";"causa_acidente";"tipo_acidente";"classificacao_acidente";"fase_dia";"sentido_via";"condicao_metereologica";"tipo_pista";"tracado_via";"uso_solo";"pessoas";"mortos";"feridos_leves";"feridos_graves";"ilesos";"ignorados";"feridos";"veiculos";"latitude";"longitude";"regional";"delegacia";"uop"
421707;2022-03-20;"domingo";"10:15:00";"PE";101;69;"RECIFE";"Acessar a via sem observar a presença dos outros veículos";"Colisão lateral mesmo sentido";"Com Vítimas Feridas";"Pleno dia";"Decrescente";"Sol";"Dupla";"Reta";"Sim";3;0;1;1;1;0;2;2;-8,06001572;-34,94569659;"SPRF-PE";"DEL01-PE";"UOP01-DEL01-PE"
421709;2022-03-20;"domingo";"09:35:00";"DF";251;31;"BRASILIA";"Acessar a via sem observar a presença dos outros veículos";"Queda de ocupante de veículo";"Com Vítimas Feridas";"Pleno dia";"Crescente";"Céu Claro";"Simples";"Reta;Declive";"Não";3;0;0;1;1;1;1;3;-15,94196343;-47,73441017;"SPRF-DF";"DEL01-DF";"UOP01-DEL01-DF"
421710;2022-03-20;"domingo";"09:55:00";"ES";101;297,9;"VIANA";"Objeto estático sobre o leito carroçável";"Queda de ocupante de veículo";"Com Vítimas Feridas";"Pleno dia";"Decrescente";"Céu Claro";"Múltipla";"Interseção de Vias;Aclive;Reta";"Sim";2;0;2;0;0;0;2;1;-20,34529844;-40,41026774;"SPRF-ES";"DEL01-ES";"UOP01-DEL01-ES"
421711;2022-03-20;"domingo";"09:55:00";"GO";153;499,2;"GOIANIA";"Ingestão de álcool pelo condutor";"Colisão lateral mesmo sentido";"Com Vítimas Feridas";"Pleno dia";"Decrescente";"Céu Claro";"Dupla";"Reta";"Sim";5;0;1;1;3;0;2;2;-16,7033;-49,2311;"SPRF-GO";"DEL01-GO";"UOP01-DEL01-GO"
421712;2022-03-20;"domingo";"08:50:00";"CE";20;319,8;"CARIDADE";"Ingestão de álcool pelo condutor";"Saída de leito carroçável";"Com Vítimas Feridas";"Pleno dia";"Crescente";"Nublado";"Simples";"Declive";"Não";2;0;1;0;1;0;1;1;-4,28137189;-39,23627509;"SPRF-CE";"DEL02-CE";"UOP01-DEL02-CE"
421715;2022-03-20;"domingo";"10:35:00";"SP";381;80;"SAO PAULO";"Pedestre cruzava a pista fora da faixa";"Atropelamento de Pedestre";"Com Vítimas Feridas";"Pleno dia";"Decrescente";"Nublado";"Múltipla";"Reta";"Não";2;0;0;1;1;0;1;2;-23,40889686;-46,58095945;"SPRF-SP";"DEL03-SP";"UOP01-DEL03-SP"
421716;2022-03-20;"domingo";"08:40:00";"PR";280;310,9;"BARRACAO";"Animais na Pista";"Saída de leito carroçável";"Com Vítimas Feridas";"Pleno dia";"Decrescente";"Céu Claro";"Simples";"Reta";"Não";2;0;1;0;1;0;1;1;-26,2922458;-53,48394011;"SPRF-PR";"DEL02-PR";"UOP01-DEL02-PR"
421717;2022-03-20;"domingo";"10:50:00";"MG";40;511;"RIBEIRAO DAS NEVES";"Acessar a via sem observar a presença dos outros veículos";"Colisão lateral mesmo sentido";"Com Vítimas Feridas";"Pleno dia";"Decrescente";"Sol";"Dupla";"Reta";"Sim";2;0;1;0;1;0;1;2;-19,78164295;-44,11733194;"SPRF-MG";"DEL01-MG";"UOP02-DEL01-MG"
421719;2022-03-20;"domingo";"09:32:00";"SP";116;219;"GUARULHOS";"Manobra de mudança de faixa";"Colisão com objeto";"Com Vítimas Feridas";"Pleno dia";"Decrescente";"Céu Claro";"Dupla";"Reta";"Não";1;0;1;0;0;0;1;1;-23,46143954;-46,48885316;"SPRF-SP";"DEL01-SP";"UOP01-DEL01-SP"
421720;2022-03-20;"domingo";"02:40:00";"MS";60;53;"PARAISO DAS AGUAS";"Animais na Pista";"Atropelamento de Animal";"Sem Vítimas";"Plena Noite";"Crescente";"Nevoeiro/Neblina";"Simples";"Reta";"Não";1;0;0;0;1;0;0;1;-18,98415324;-52,94431595;"SPRF-MS";"DEL08-MS";"UOP01-DEL08-MS"
421721;2022-03-20;"domingo";"04:00:00";"MG";365;252;"JOAO PINHEIRO";"Reação tardia ou ineficiente do condutor";"Saída de leito carroçável";"Com Vítimas Feridas";"Plena Noite";"Decrescente";"Céu Claro";"Simples";"Reta";"Não";1;0;1;0;0;0;1;1;-17,84423813;-45,45869087;"SPRF-MG";"DEL14-MG";"UOP02-DEL14-MG"
421723;2022-03-20;"domingo";"09:40:00";"RN";101;158,6;"CANGUARETAMA";"Condutor deixou de manter distância do veículo da frente";"Colisão traseira";"Com Vítimas Feridas";"Pleno dia";"Decrescente";"Céu Claro";"Dupla";"Reta";"Sim";3;0;2;0;1;0;2;2;-6,3563416;-35,16107798;"SPRF-RN";"DEL01-RN";"UOP01-DEL01-RN"
421724;2022-03-20;"domingo";"11:40:00";"PE";101;80;"JABOATAO DOS GUARARAPES";"Manobra de mudança de faixa";"Colisão lateral mesmo sentido";"Com Vítimas Feridas";"Pleno dia";"Decrescente";"Sol";"Múltipla";"Interseção de Vias";"Sim";3;0;1;0;2;0;1;2;-8,15112589;-34,9428866;"SPRF-PE";"DEL01-PE";"UOP01-DEL01-PE"
421725;2022-03-20;"domingo";"11:40:00";"MG";459;12;"CALDAS";"Velocidade Incompatível";"Capotamento";"Com Vítimas Feridas";"Pleno dia";"Crescente";"Garoa/Chuvisco";"Simples";"Curva";"Não";2;0;1;0;0;1;1;2;-21,817991;-46,460972;"SPRF-MG";"DEL09-MG";"UOP01-DEL09-MG"
421727;2022-03-20;"domingo";"11:30:00";"PB";104;112,4;"LAGOA SECA";"Acessar a via sem observar a presença dos outros veículos";"Colisão transversal";"Com Vítimas Feridas";"Pleno dia";"Decrescente";"Nublado";"Simples";"Interseção de Vias";"Não";5;0;2;0;3;0;2;2;-7,1450288;-35,85692679;"SPRF-PB";"DEL02-PB";"UOP04-DEL02-PB"
421728;2022-03-20;"domingo";"12:05:00";"PR";376;133,7;"NOVA ESPERANCA";"Reação tardia ou ineficiente do condutor";"Saída de leito carroçável";"Com Vítimas Feridas";"Pleno dia";"Decrescente";"Céu Claro";"Dupla";"Reta";"Sim";3;0;2;1;0;0;3;1;-23,1883247;-52,20929269;"SPRF-PR";"DEL09-PR";"UOP02-DEL09-PR"
421729;2022-03-20;"domingo";"12:30:00";"GO";414;439;"ANAPOLIS";"Acessar a via sem observar a presença dos outros veículos";"Colisão traseira";"Com Vítimas Feridas";"Pleno dia";"Crescente";"Céu Claro";"Simples";"Reta";"Sim";2;0;0;1;1;0;1;2;-16,28128823;-48,94258908;"SPRF-GO";"DEL02-GO";"UOP01-DEL02-GO"
421730;2022-03-20;"domingo";"11:35:00";"RO";319;62;"PORTO VELHO";"Condutor desrespeitou a iluminação vermelha do semáforo";"Colisão transversal";"Sem Vítimas";"Pleno dia";"Decrescente";"Céu Claro";"Dupla";"Reta";"Sim";2;0;0;0;2;0;0;2;-8,766685;-63,884052;"SPRF-RO";"DEL01-RO";"UOP01-DEL01-RO"
421731;2022-03-20;"domingo";"13:00:00";"MG";116;330,1;"CAMPANARIO";"Transitar na contramão";"Colisão transversal";"Com Vítimas Feridas";"Pleno dia";"Crescente";"Sol";"Simples";"Interseção de Vias;Reta;Declive";"Sim";3;0;3;0;0;0;3;2;-18,23863;-41,729311;"SPRF-MG";"DEL11-MG";"UOP01-DEL11-MG"
421732;2022-03-20;"domingo";"12:30:00";"PR";277;716;"SANTA TEREZINHA DE ITAIPU";"Ausência de reação do condutor";"Saída de leito carroçável";"Com Vítimas Feridas";"Pleno dia";"Decrescente";"Céu Claro";"Dupla";"Reta";"Não";1;0;0;1;0;0;1;1;-25,47252277;-54,46707409;"SPRF-PR";"DEL05-PR";"UOP01-DEL05-PR"
421733;2022-03-20;"domingo";"12:50:00";"SP";116;284;"EMBU DAS ARTES";"Condutor deixou de manter distância do veículo da frente";"Engavetamento";"Sem Vítimas";"Pleno dia";"Decrescente";"Chuva";"Dupla";"Reta";"Sim";3;0;0;0;2;1;0;3;-23,69998;-46,867767;"SPRF-SP";"DEL04-SP";"UOP01-DEL04-SP"
421734;2022-03-20;"domingo";"11:00:00";"PE";101;135;"ESCADA";"Acumulo de água sobre o pavimento";"Colisão com objeto";"Com Vítimas Feridas";"Pleno dia";"Crescente";"Nublado";"Dupla";"Aclive";"Não";1;0;1;0;0;0;1;1;-8,41147616;-35,29599797;"SPRF-PE";"DEL01-PE";"UOP01-DEL01-PE"
421735;2022-01-13;"quinta-feira";"00:05:00";"MA";316;461,3;"CODO";"Chuva";"Atropelamento de Pedestre";"Com Vítimas Fatais";"Plena Noite";"Crescente";"Chuva";"Simples";"Reta";"Não";2;1;0;0;0;1;0;2;-4,522758;-44,049385;"SPRF-MA";"DEL03-MA";"UOP01-DEL03-MA"
421737;2022-03-20;"domingo";"13:15:00";"SP";116;120;"CACAPAVA";"Ausência de reação do condutor";"Capotamento";"Com Vítimas Feridas";"Pleno dia";"Decrescente";"Garoa/Chuvisco";"Dupla";"Reta";"Não";6;0;2;1;3;0;3;4;-23,0715638;-45,64459209;"SPRF-SP";"DEL02-SP";"UOP02-DEL02-SP"
421739;2022-03-20;"domingo";"13:00:00";"PR";116;7;"CAMPINA GRANDE DO SUL";"Pista Escorregadia";"Colisão com objeto";"Com Vítimas Feridas";"Pleno dia";"Crescente";"Chuva";"Dupla";"Curva";"Não";3;0;1;0;2;0;1;1;-25,08235366;-48,61499799;"SPRF-PR";"DEL01-PR";"UOP02-DEL01-PR"
421741;2022-03-20;"domingo";"12:30:00";"RS";101;39;"TRES FORQUILHAS";"Acumulo de água sobre o pavimento";"Saída de leito carroçável";"Com Vítimas Feridas";"Pleno dia";"Decrescente";"Chuva";"Dupla";"Curva";"Não";2;0;2;0;0;0;2;1;-29,53342657;-50,02199558;"SPRF-RS";"DEL03-RS";"UOP02-DEL03-RS"
421742;2022-03-20;"domingo";"14:00:00";"ES";393;24;"MUQUI";"Condutor deixou de manter distância do veículo da frente";"Colisão traseira";"Com Vítimas Feridas";"Pleno dia";"Crescente";"Sol";"Simples";"Reta";"Não";2;0;1;0;1;0;1;2;-20,94743652;-41,33924325;"SPRF-ES";"DEL03-ES";"UOP02-DEL03-ES"
421743;2022-03-20;"domingo";"12:00:00";"RJ";116;315;"ITATIAIA";"Ausência de reação do condutor";"Tombamento";"Com Vítimas Feridas";"Pleno dia";"Decrescente";"Nublado";"Dupla";"Reta";"Não";1;0;0;1;0;0;1;1;-22,46301346;-44,48160416;"SPRF-RJ";"DEL07-RJ";"UOP02-DEL07-RJ"
421744;2022-03-20;"domingo";"14:10:00";"BA";116;828;"VITORIA DA CONQUISTA";"Reação tardia ou ineficiente do condutor";"Saída de leito carroçável";"Com Vítimas Feridas";"Pleno dia";"Crescente";"Sol";"Simples";"Viaduto";"Sim";2;0;2;0;0;0;2;1;-14,89521496;-40,86502302;"SPRF-BA";"DEL08-BA";"UOP01-DEL08-BA"
421745;2022-03-20;"domingo";"12:30:00";"SC";101;288;"IMBITUBA";"Desrespeitar a preferência no cruzamento";"Colisão frontal";"Com Vítimas Feridas";"Pleno dia";"Crescente";"Nublado";"Simples";"Interseção de Vias;Reta";"Não";2;0;0;1;1;0;1;2;-28,26498312;-48,70276809;"SPRF-SC";"DEL02-SC";"UOP03-DEL02-SC"
421746;2022-03-20;"domingo";"14:15:00";"RJ";116;102;"GUAPIMIRIM";"Demais falhas mecânicas ou elétricas";"Colisão frontal";"Com Vítimas Feridas";"Pleno dia";"Decrescente";"Garoa/Chuvisco";"Simples";"Curva";"Sim";4;0;2;1;1;0;3;3;-22,49820581;-42,99844401;"SPRF-RJ";"DEL04-RJ";"UOP01-DEL04-RJ"
421747;2022-03-20;"domingo";"14:25:00";"ES";101;293,5;"CARIACICA";"Velocidade Incompatível";"Capotamento";"Com Vítimas Feridas";"Pleno dia";"Decrescente";"Céu Claro";"Dupla";"Declive";"Sim";1;0;1;0;0;0;1;1;-20,31526144;-40,39567044;"SPRF-ES";"DEL01-ES";"UOP01-DEL01-ES"
421750;2022-03-20;"domingo";"15:11:00";"PB";230;329;"QUIXABA";"Animais na Pista";"Atropelamento de Animal";"Com Vítimas Feridas";"Pleno dia";"Crescente";"Céu Claro";"Simples";"Reta";"Não";2;0;2;0;0;0;2;1;-7,0116;-37,2159;"SPRF-PB";"DEL03-PB";"UOP01-DEL03-PB"
421751;2022-03-20;"domingo";"14:30:00";"SP";116;72;"APARECIDA";"Problema na suspensão";"Saída de leito carroçável";"Com Vítimas Feridas";"Pleno dia";"Decrescente";"Chuva";"Múltipla";"Declive";"Não";2;0;1;0;1;0;1;1;-22,86354218;-45,23746093;"SPRF-SP";"DEL08-SP";"UOP01-DEL08-SP"
421755;2022-03-20;"domingo";"14:50:00";"SP";116;568;"BARRA DO TURVO";"Pista Escorregadia";"Saída de leito carroçável";"Com Vítimas Feridas";"Pleno dia";"Crescente";"Chuva";"Dupla";"Curva";"Não";3;0;0;2;1;0;2;2;-25,055473;-48,55555216;"SPRF-SP";"DEL05-SP";"UOP02-DEL05-SP"
421756;2022-03-20;"domingo";"15:20:00";"SC";101;210,8;"SAO JOSE";"Velocidade Incompatível";"Tombamento";"Com Vítimas Feridas";"Pleno dia";"Decrescente";"Céu Claro";"Simples";"Interseção de Vias";"Não";2;0;1;1;0;0;2;1;-27,62161275;-48,64984458;"SPRF-SC";"DEL01-SC";"UOP01-DEL01-SC"
421758;2022-03-20;"domingo";"15:30:00";"RJ";116;57;"TERESOPOLIS";"Avarias e/ou desgaste excessivo no pneu";"Colisão com objeto";"Com Vítimas Feridas";"Pleno dia";"Decrescente";"Nublado";"Simples";"Curva";"Não";4;0;4;0;0;0;4;1;-22,21208668;-42,90068849;"SPRF-RJ";"DEL04-RJ";"UOP01-DEL04-RJ"
421759;2022-03-20;"domingo";"15:40:00";"MG";381;873,9;"ESTIVA";"Reação tardia ou ineficiente do condutor";"Colisão com objeto";"Com Vítimas Feridas";"Pleno dia";"Crescente";"Chuva";"Dupla";"Curva";"Não";3;0;1;0;2;0;1;1;-22,450796;-46,000139;"SPRF-MG";"DEL16-MG";"UOP01-DEL16-MG"
421760;2022-03-20;"domingo";"16:33:00";"SP";153;61,6;"SAO JOSE DO RIO PRETO";"Reação tardia ou ineficiente do condutor";"Colisão traseira";"Com Vítimas Feridas";"Pleno dia";"Decrescente";"Nublado";"Dupla";"Reta";"Sim";2;0;1;0;1;0;1;2;-20,80936409;-49,35629904;"SPRF-SP";"DEL09-SP";"UOP01-DEL09-SP"
421761;2022-03-20;"domingo";"16:00:00";"PE";423;97;"GARANHUNS";"Transitar no acostamento";"Colisão lateral mesmo sentido";"Com Vítimas Feridas";"Pleno dia";"Decrescente";"Céu Claro";"Simples";"Reta";"Sim";3;0;2;0;1;0;2;2;-8,8796227;-36,49484286;"SPRF-PE";"DEL03-PE";"UOP01-DEL03-PE"
421762;2022-03-20;"domingo";"15:50:00";"BA";101;261;"SANTO ANTONIO DE JESUS";"Estacionar ou parar em local proibido";"Colisão traseira";"Com Vítimas Feridas";"Pleno dia";"Crescente";"Céu Claro";"Dupla";"Curva";"Sim";5;0;3;0;2;0;3;2;-12,971463;-39,275604;"SPRF-BA";"DEL01-BA";"UOP02-DEL01-BA"
421764;2022-02-12;"sábado";"20:20:00";"RJ";101;51;"CAMPOS DOS GOYTACAZES";"Iluminação deficiente";"Queda de ocupante de veículo";"Com Vítimas Feridas";"Plena Noite";"Crescente";"Chuva";"Simples";"Reta";"Não";2;0;1;0;1;0;1;2;-21,64273198;-41,31170082;"SPRF-RJ";"DEL08-RJ";"UOP01-DEL08-RJ"
421765;2022-03-20;"domingo";"15:50:00";"PR";116;92;"SAO JOSE DOS PINHAIS";"Chuva";"Colisão com objeto";"Sem Vítimas";"Pleno dia";"Decrescente";"Chuva";"Dupla";"Reta";"Não";2;0;0;0;2;0;0;1;-25,47691403;-49,09767498;"SPRF-PR";"DEL01-PR";"UOP01-DEL01-PR"
421766;2022-03-20;"domingo";"16:30:00";"MT";163;87;"RONDONOPOLIS";"Pista Escorregadia";"Saída de leito carroçável";"Sem Vítimas";"Pleno dia";"Crescente";"Nevoeiro/Neblina";"Dupla";"Declive";"Não";1;0;0;0;1;0;0;1;-16,76443595;-54,65835311;"SPRF-MT";"DEL02-MT";"UOP01-DEL02-MT"
421767;2022-03-20;"domingo";"16:10:00";"PR";476;131;"CURITIBA";"Condutor usando celular";"Colisão frontal";"Com Vítimas Feridas";"Pleno dia";"Decrescente";"Céu Claro";"Simples";"Reta";"Sim";2;0;1;0;1;0;1;2;-25,453636;-49,245155;"SPRF-PR";"DEL01-PR";"UOP03-DEL01-PR"
421768;2022-03-20;"domingo";"17:40:00";"GO";60;25,5;"ALEXANIA";"Reação tardia ou ineficiente do condutor";"Saída de leito carroçável";"Com Vítimas Feridas";"Pleno dia";"Decrescente";"Céu Claro";"Dupla";"Reta";"Sim";3;0;2;1;0;0;3;1;-16,0963;-48,5202;"SPRF-DF";"DEL03-DF";"UOP01-DEL03-DF"
421769;2022-03-20;"domingo";"14:40:00";"PR";277;541,1;"IBEMA";"Reação tardia ou ineficiente do condutor";"Colisão frontal";"Com Vítimas Feridas";"Pleno dia";"Crescente";"Céu Claro";"Simples";"Reta";"Não";5;0;3;2;0;0;5;2;-25,10182333;-53,04317496;"SPRF-PR";"DEL04-PR";"UOP01-DEL04-PR"
421770;2022-03-20;"domingo";"16:10:00";"PB";230;343,9;"PATOS";"Ultrapassagem Indevida";"Colisão frontal";"Com Vítimas Fatais";"Pleno dia";"Decrescente";"Nublado";"Simples";"Reta;Declive";"Não";7;3;0;4;0;0;4;2;-6,979803;-37,337352;"SPRF-PB";"DEL03-PB";"UOP01-DEL03-PB"
421772;2022-03-20;"domingo";"17:10:00";"PR";467;100,8;"CASCAVEL";"Ingestão de álcool pelo condutor";"Saída de leito carroçável";"Com Vítimas Feridas";"Pleno dia";"Crescente";"Céu Claro";"Dupla";"Reta";"Não";3;0;1;0;2;0;1;1;-24,8947;-53,5355;"SPRF-PR";"DEL04-PR";"UOP01-DEL04-PR"
421773;2022-03-20;"domingo";"15:00:00";"PR";467;79,4;"TOLEDO";"Velocidade Incompatível";"Saída de leito carroçável";"Com Vítimas Feridas";"Pleno dia";"Decrescente";"Céu Claro";"Dupla";"Reta";"Não";1;0;0;1;0;0;1;1;-24,7786;-53,6791;"SPRF-PR";"DEL04-PR";"UOP01-DEL04-PR"
421774;2022-03-20;"domingo";"17:20:00";"GO";60;303,9;"ACREUNA";"Retorno proibido";"Colisão traseira";"Com Vítimas Feridas";"Pleno dia";"Crescente";"Céu Claro";"Dupla";"Reta";"Sim";4;0;2;0;2;0;2;2;-17,3763;-50,36;"SPRF-GO";"DEL04-GO";"UOP01-DEL04-GO"
421776;2022-03-20;"domingo";"18:20:00";"PE";232;136;"CARUARU";"Afundamento ou ondulação no pavimento";"Tombamento";"Com Vítimas Feridas";"Plena Noite";"Crescente";"Nublado";"Dupla";"Em Obras;Reta";"Não";1;0;1;0;0;0;1;1;-8,31339932;-36,04175591;"SPRF-PE";"DEL02-PE";"UOP03-DEL02-PE"
421778;2022-03-20;"domingo";"17:55:00";"RS";386;274,9;"FONTOURA XAVIER";"Ausência de reação do condutor";"Colisão traseira";"Com Vítimas Feridas";"Pleno dia";"Decrescente";"Nublado";"Dupla";"Reta;Aclive";"Não";4;0;2;1;0;1;3;2;-29,000175;-52,353458;"SPRF-RS";"DEL04-RS";"UOP03-DEL04-RS"
421779;2022-03-20;"domingo";"17:00:00";"PR";158;371;"MARQUINHO";"Velocidade Incompatível";"Saída de leito carroçável";"Com Vítimas Feridas";"Pleno dia";"Decrescente";"Céu Claro";"Simples";"Curva";"Não";1;0;0;1;0;0;1;1;-25,13531796;-52,28996014;"SPRF-PR";"DEL04-PR";"UOP02-DEL04-PR"
421780;2022-03-20;"domingo";"18:55:00";"RS";158;189,3;"CRUZ ALTA";"Reação tardia ou ineficiente do condutor";"Tombamento";"Com Vítimas Feridas";"Anoitecer";"Decrescente";"Céu Claro";"Simples";"Reta";"Não";1;0;1;0;0;0;1;1;-28,59614208;-53,57192379;"SPRF-RS";"DEL10-RS";"UOP02-DEL10-RS"
421781;2022-03-20;"domingo";"18:15:00";"PR";277;74;"SAO JOSE DOS PINHAIS";"Trafegar com motocicleta (ou similar) entre as faixas";"Colisão lateral mesmo sentido";"Com Vítimas Feridas";"Plena Noite";"Crescente";"Nublado";"Dupla";"Reta";"Sim";2;0;1;0;1;0;1;2;-25,49611246;-49,16241288;"SPRF-PR";"DEL01-PR";"UOP01-DEL01-PR"
421782;2022-03-20;"domingo";"19:00:00";"RJ";40;113;"DUQUE DE CAXIAS";"Acumulo de água sobre o pavimento";"Engavetamento";"Com Vítimas Feridas";"Plena Noite";"Decrescente";"Chuva";"Múltipla";"Reta";"Sim";6;0;2;0;4;0;2;4;-22,70948502;-43,29040354;"SPRF-RJ";"DEL01-RJ";"UOP01-DEL01-RJ"
421783;2022-03-20;"domingo";"16:38:00";"SC";470;139,8;"RIO DO SUL";"Ultrapassagem Indevida";"Atropelamento de Pedestre";"Com Vítimas Feridas";"Pleno dia";"Decrescente";"Sol";"Simples";"Interseção de Vias;Reta";"Sim";4;0;1;1;0;2;2;2;-27,20260822;-49,63431001;"SPRF-SC";"DEL04-SC";"UOP02-DEL04-SC"
421784;2022-03-20;"domingo";"19:40:00";"RS";116;246;"SAO LEOPOLDO";"Pedestre cruzava a pista fora da faixa";"Atropelamento de Pedestre";"Com Vítimas Feridas";"Plena Noite";"Decrescente";"Céu Claro";"Dupla";"Reta";"Sim";2;0;0;1;1;0;1;2;-29,758751;-51,15186806;"SPRF-RS";"DEL01-RS";"UOP02-DEL01-RS"
421785;2022-03-20;"domingo";"18:30:00";"ES";262;181;"IBATIBA";"Chuva";"Atropelamento de Pedestre";"Com Vítimas Feridas";"Plena Noite";"Crescente";"Chuva";"Dupla";"Reta";"Não";2;0;0;1;1;0;1;2;-20,29284223;-41,67918787;"SPRF-ES";"DEL01-ES";"UOP02-DEL01-ES"
421786;2022-03-20;"domingo";"15:30:00";"MG";50;30;"ARAGUARI";"Ingestão de álcool pelo condutor";"Saída de leito carroçável";"Sem Vítimas";"Pleno dia";"Decrescente";"Céu Claro";"Dupla";"Curva";"Não";1;0;0;0;1;0;0;1;-18,61550987;-48,11660731;"SPRF-MG";"DEL15-MG";"UOP02-DEL15-MG"
421787;2022-03-20;"domingo";"19:05:00";"SP";381;54;"ATIBAIA";"Condutor deixou de manter distância do veículo da frente";"Colisão traseira";"Sem Vítimas";"Anoitecer";"Crescente";"Céu Claro";"Dupla";"Reta";"Não";2;0;0;0;2;0;0;2;-23,2449074;-46,59562343;"SPRF-SP";"DEL03-SP";"UOP01-DEL03-SP"
421788;2022-03-20;"domingo";"18:45:00";"SC";101;155;"PORTO BELO";"Velocidade Incompatível";"Saída de leito carroçável";"Com Vítimas Feridas";"Plena Noite";"Crescente";"Céu Claro";"Simples";"Curva";"Não";1;0;0;1;0;0;1;1;-27,16292;-48,61129;"SPRF-SC";"DEL04-SC";"UOP03-DEL04-SC"
421789;2022-03-20;"domingo";"19:00:00";"RJ";493;19;"MAGE";"Reação tardia ou ineficiente do condutor";"Colisão transversal";"Sem Vítimas";"Plena Noite";"Decrescente";"Chuva";"Simples";"Reta";"Sim";3;0;0;0;3;0;0;2;-22,6663848;-43,02770248;"SPRF-RJ";"DEL04-RJ";"UOP02-DEL04-RJ"
421791;2022-03-20;"domingo";"20:00:00";"PE";101;29;"IGARASSU";"Ingestão de álcool pelo condutor";"Colisão com objeto";"Com Vítimas Feridas";"Plena Noite";"Decrescente";"Nublado";"Dupla";"Reta";"Não";1;0;1;0;0;0;1;1;-7,73103405;-34,94132731;"SPRF-PE";"DEL01-PE";"UOP02-DEL01-PE"
421792;2022-03-20;"domingo";"19:20:00";"SP";153;75,5;"BADY BASSITT";"Condutor deixou de manter distância do veículo da frente";"Colisão traseira";"Com Vítimas Feridas";"Plena Noite";"Crescente";"Nublado";"Simples";"Curva";"Sim";3;0;2;0;1;0;2;2;-20,89418221;-49,43387582;"SPRF-SP";"DEL09-SP";"UOP01-DEL09-SP"
421793;2022-03-20;"domingo";"19:45:00";"PR";476;135;"CURITIBA";"Ausência de reação do condutor";"Colisão com objeto";"Com Vítimas Fatais";"Plena Noite";"Decrescente";"Céu Claro";"Múltipla";"Reta";"Sim";2;1;0;0;0;1;0;2;-25,483786;-49,265808;"SPRF-PR";"DEL01-PR";"UOP03-DEL01-PR"
421794;2022-03-20;"domingo";"19:30:00";"GO";50;280,3;"CATALAO";"Demais falhas mecânicas ou elétricas";"Incêndio";"Sem Vítimas";"Plena Noite";"Crescente";"Céu Claro";"Simples";"Reta";"Sim";1;0;0;0;1;0;0;1;-18,184538;-47,944962;"SPRF-GO";"DEL06-GO";"UOP01-DEL06-GO"
421798;2022-03-20;"domingo";"19:48:00";"SC";101;39,3;"JOINVILLE";"Velocidade Incompatível";"Colisão lateral mesmo sentido";"Sem Vítimas";"Plena Noite";"Decrescente";"Chuva";"Simples";"Reta;Declive";"Sim";2;0;0;0;2;0;0;2;-26,2628107;-48,90192257;"SPRF-SC";"DEL03-SC";"UOP01-DEL03-SC"
421799;2022-03-20;"domingo";"19:15:00";"BA";367;66,8;"PORTO SEGURO";"Manobra de mudança de faixa";"Colisão frontal";"Com Vítimas Fatais";"Plena Noite";"Crescente";"Céu Claro";"Simples";"Curva";"Não";3;2;0;0;1;0;0;2;-16,385946;-39,433664;"SPRF-BA";"DEL09-BA";"UOP01-DEL09-BA"
421800;2022-03-20;"domingo";"11:30:00";"RJ";101;521;"ANGRA DOS REIS";"Demais Fenômenos da natureza";"Colisão com objeto";"Com Vítimas Fatais";"Pleno dia";"Crescente";"Chuva";"Simples";"Reta";"Não";3;2;1;0;0;0;1;1;-23,00313345;-44,4598209;"SPRF-RJ";"DEL03-RJ";"UOP02-DEL03-RJ"
421801;2022-03-20;"domingo";"19:10:00";"PE";232;136,6;"CARUARU";"Afundamento ou ondulação no pavimento";"Queda de ocupante de veículo";"Com Vítimas Feridas";"Plena Noite";"Crescente";"Céu Claro";"Dupla";"Aclive";"Não";2;0;1;1;0;0;2;1;-8,31339932;-36,04175591;"SPRF-PE";"DEL02-PE";"UOP03-DEL02-PE"
421802;2022-03-20;"domingo";"20:25:00";"ES";259;57;"COLATINA";"Ingestão de álcool pelo condutor";"Colisão frontal";"Com Vítimas Feridas";"Plena Noite";"Crescente";"Céu Claro";"Simples";"Reta";"Não";2;0;1;0;1;0;1;2;-19,50865703;-40,65581416;"SPRF-ES";"DEL02-ES";"UOP01-DEL02-ES"
421806;2022-03-20;"domingo";"20:10:00";"GO";153;523,1;"HIDROLANDIA";"Reação tardia ou ineficiente do condutor";"Saída de leito carroçável";"Com Vítimas Feridas";"Plena Noite";"Decrescente";"Ignorado";"Dupla";"Reta";"Não";5;0;1;3;1;0;4;1;-16,9113;-49,2534;"SPRF-GO";"DEL01-GO";"UOP03-DEL01-GO"
421808;2022-03-20;"domingo";"19:50:00";"SE";101;198,9;"CRISTINAPOLIS";"Velocidade Incompatível";"Capotamento";"Sem Vítimas";"Plena Noite";"Crescente";"Céu Claro";"Simples";"Reta";"Sim";1;0;0;0;0;1;0;1;-11,47577697;-37,75465701;"SPRF-SE";"DEL02-SE";"UOP03-DEL02-SE"
421809;2022-03-20;"domingo";"21:10:00";"BA";242;818;"BARREIRAS";"Ingestão de álcool pelo condutor";"Colisão transversal";"Com Vítimas Feridas";"Plena Noite";"Decrescente";"Céu Claro";"Simples";"Reta";"Não";9;0;6;0;2;1;6;2;-12,1155298;-45,1720047;"SPRF-BA";"DEL10-BA";"UOP01-DEL10-BA"