"id";"data_inversa";"dia_semana";"horario";"uf";"br";"km";"municipio";"causa_acidente";"tipo_acidente";"classificacao_acidente";"fase_dia";"sentido_via";"condicao_metereologica";"tipo_pista";"tracado_via";"uso_solo";"pessoas";"mortos";"feridos_leves";"feridos_graves";"ilesos";"ignorados";"feridos";"veiculos";"latitude";"longitude";"regional";"delegacia";"uop"
421916;2022-03-21;"segunda-feira";"10:50:00";"PA";316;37;"SANTA IZABEL DO PARA";"Acessar a via sem observar a presença dos outros veículos";"Colisão transversal";"Com Vítimas Feridas";"Pleno dia";"Decrescente";"Nublado";"Dupla";"Reta";"Não";3;0;2;1;0;0;3;2;-1,28522594;-48,14868959;"SPRF-PA";"DEL01-PA";"UOP01-DEL01-PA"
421920;2022-03-21;"segunda-feira";"12:10:00";"MG";365;678,6;"MONTE ALEGRE DE MINAS";"Avarias e/ou desgaste excessivo no pneu";"Queda de ocupante de veículo";"Com Vítimas Feridas";"Pleno dia";"Crescente";"Céu Claro";"Dupla";"Curva";"Não";2;0;2;0;0;0;2;1;-18,8509065;-48,80033095;"SPRF-MG";"DEL15-MG";"UOP01-DEL15-MG"
421921;2022-03-21;"segunda-feira";"06:50:00";"PB";405;33,9;"SAO JOAO DO RIO DO PEIXE";"Reação tardia ou ineficiente do condutor";"Saída de leito carroçável";"Sem Vítimas";"Pleno dia";"Crescente";"Céu Claro";"Simples";"Reta";"Não";1;0;0;0;0;1;0;1;-6,728078;-38,448483;"SPRF-PB";"DEL03-PB";"UOP03-DEL03-PB"
421922;2022-02-24;"quinta-feira";"08:00:00";"RR";401;1;"BOA VISTA";"Ingestão de álcool pelo condutor";"Colisão lateral sentido oposto";"Com Vítimas Feridas";"Pleno dia";"Crescente";"Nublado";"Simples";"Reta";"Sim";4;0;0;1;2;1;1;3;2,79809718;-60,6745759;"SPRF-RR";"DEL01-RR";"UOP01-DEL01-RR"
421924;2022-03-21;"segunda-feira";"12:50:00";"RS";153;44,4;"ERECHIM";"Reação tardia ou ineficiente do condutor";"Tombamento";"Com Vítimas Feridas";"Pleno dia";"Decrescente";"Céu Claro";"Simples";"Curva";"Não";1;0;1;0;0;0;1;1;-27,62312752;-52,23687793;"SPRF-RS";"DEL08-RS";"UOP04-DEL08-RS"
421926;2022-03-21;"segunda-feira";"12:00:00";"PE";101;41,8;"IGARASSU";"Acesso irregular";"Colisão traseira";"Com Vítimas Feridas";"Pleno dia";"Crescente";"Sol";"Múltipla";"Reta";"Sim";2;0;1;0;1;0;1;2;-7,83038346;-34,91426785;"SPRF-PE";"DEL01-PE";"UOP02-DEL01-PE"
421929;2022-03-21;"segunda-feira";"09:00:00";"SP";116;512;"CAJATI";"Pista Escorregadia";"Colisão com objeto";"Com Vítimas Feridas";"Pleno dia";"Decrescente";"Garoa/Chuvisco";"Simples";"Curva;Declive";"Não";2;0;2;0;0;0;2;1;-24,84304306;-48,22027915;"SPRF-SP";"DEL05-SP";"UOP02-DEL05-SP"
421930;2022-03-21;"segunda-feira";"13:32:00";"TO";153;334,6;"GUARAI";"Manobra de mudança de faixa";"Colisão lateral mesmo sentido";"Com Vítimas Feridas";"Pleno dia";"Decrescente";"Céu Claro";"Múltipla";"Reta";"Sim";3;0;2;0;1;0;2;2;-8,84170413;-48,51119399;"SPRF-TO";"DEL02-TO";"UOP02-DEL02-TO"
421931;2022-03-21;"segunda-feira";"13:27:00";"PB";230;41,9;"SANTA RITA";"Acessar a via sem observar a presença dos outros veículos";"Saída de leito carroçável";"Com Vítimas Feridas";"Pleno dia";"Decrescente";"Céu Claro";"Dupla";"Retorno Regulamentado";"Não";1;0;1;0;0;0;1;1;-7,14508435;-34,99807477;"SPRF-PB";"DEL01-PB";"UOP03-DEL01-PB"
421934;2022-03-21;"segunda-feira";"11:40:00";"MG";116;552,3;"SANTA BARBARA DO LESTE";"Acessar a via sem observar a presença dos outros veículos";"Colisão transversal";"Com Vítimas Feridas";"Pleno dia";"Crescente";"Céu Claro";"Simples";"Reta";"Não";2;0;0;1;1;0;1;2;-19,98476697;-42,1434265;"SPRF-MG";"DEL06-MG";"UOP02-DEL06-MG"
421936;2022-03-21;"segunda-feira";"14:10:00";"PB";101;118,5;"CAAPORA";"Pedestre andava na pista";"Atropelamento de Pedestre";"Com Vítimas Feridas";"Pleno dia";"Crescente";"Nublado";"Dupla";"Reta";"Não";2;0;0;1;1;0;1;2;-7,42128203;-34,96207995;"SPRF-PB";"DEL01-PB";"UOP02-DEL01-PB"
421937;2022-03-21;"segunda-feira";"13:45:00";"MG";116;414,4;"GOVERNADOR VALADARES";"Pedestre andava na pista";"Atropelamento de Pedestre";"Com Vítimas Feridas";"Pleno dia";"Decrescente";"Céu Claro";"Simples";"Reta";"Sim";2;0;2;0;0;0;2;2;-18,88102703;-41,95910802;"SPRF-MG";"DEL06-MG";"UOP01-DEL06-MG"
421940;2022-03-21;"segunda-feira";"10:50:00";"RJ";116;95;"GUAPIMIRIM";"Velocidade Incompatível";"Colisão frontal";"Com Vítimas Feridas";"Pleno dia";"Crescente";"Garoa/Chuvisco";"Simples";"Curva";"Não";4;0;2;1;1;0;3;2;-22,47374702;-43,00117923;"SPRF-RJ";"DEL04-RJ";"UOP01-DEL04-RJ"
421941;2022-03-21;"segunda-feira";"12:00:00";"RJ";40;91;"PETROPOLIS";"Velocidade Incompatível";"Saída de leito carroçável";"Com Vítimas Feridas";"Pleno dia";"Crescente";"Chuva";"Simples";"Curva";"Não";1;0;1;0;0;0;1;1;-22,54903566;-43,24229724;"SPRF-RJ";"DEL06-RJ";"UOP01-DEL06-RJ"
421942;2022-01-31;"segunda-feira";"15:10:00";"PE";101;44;"IGARASSU";"Conversão proibida";"Colisão com objeto";"Com Vítimas Feridas";"Pleno dia";"Decrescente";"Céu Claro";"Dupla";"Declive";"Sim";3;0;1;1;1;0;2;2;-7,85637001;-34,90842109;"SPRF-PE";"DEL01-PE";"UOP02-DEL01-PE"
421943;2022-03-21;"segunda-feira";"14:10:00";"PR";376;176,1;"MARINGA";"Conversão proibida";"Colisão transversal";"Com Vítimas Feridas";"Pleno dia";"Decrescente";"Sol";"Dupla";"Interseção de Vias;Declive";"Sim";4;0;1;1;2;0;2;2;-23,41111425;-51,93971157;"SPRF-PR";"DEL09-PR";"UOP01-DEL09-PR"
421944;2022-03-21;"segunda-feira";"12:00:00";"SC";163;3,4;"DIONISIO CERQUEIRA";"Transitar na contramão";"Colisão frontal";"Com Vítimas Feridas";"Pleno dia";"Decrescente";"Céu Claro";"Simples";"Reta";"Não";2;0;1;0;1;0;1;2;-26,2613;-53,6206;"SPRF-SC";"DEL07-SC";"UOP03-DEL07-SC"
421945;2022-02-05;"sábado";"18:30:00";"RJ";354;16;"RESENDE";"Neblina";"Saída de leito carroçável";"Com Vítimas Feridas";"Anoitecer";"Crescente";"Ignorado";"Simples";"Curva";"Não";2;0;1;0;1;0;1;1;-22,45019;-44,722034;"SPRF-RJ";"DEL07-RJ";"UOP02-DEL07-RJ"
421947;2022-03-21;"segunda-feira";"14:30:00";"MS";163;484,4;"CAMPO GRANDE";"Acessar a via sem observar a presença dos outros veículos";"Colisão transversal";"Com Vítimas Feridas";"Pleno dia";"Decrescente";"Sol";"Simples";"Interseção de Vias";"Sim";2;0;1;0;1;0;1;2;-20,45104898;-54,5403266;"SPRF-MS";"DEL01-MS";"UOP02-DEL01-MS"
421949;2022-03-21;"segunda-feira";"13:20:00";"BA";116;658;"JEQUIE";"Condutor Dormindo";"Saída de leito carroçável";"Com Vítimas Feridas";"Pleno dia";"Decrescente";"Céu Claro";"Simples";"Reta";"Não";2;0;1;0;1;0;1;1;-13,68160894;-40,09548576;"SPRF-BA";"DEL03-BA";"UOP01-DEL03-BA"
421951;2022-01-15;"sábado";"18:30:00";"MS";262;325;"CAMPO GRANDE";"Reação tardia ou ineficiente do condutor";"Tombamento";"Com Vítimas Feridas";"Anoitecer";"Crescente";"Ignorado";"Dupla";"Reta";"Sim";1;0;1;0;0;0;1;1;-20,46844051;-54,52575803;"SPRF-MS";"DEL01-MS";"UOP01-DEL01-MS"
421954;2022-03-21;"segunda-feira";"10:00:00";"MT";163;994;"TERRA NOVA DO NORTE";"Acessar a via sem observar a presença dos outros veículos";"Colisão lateral mesmo sentido";"Com Vítimas Feridas";"Pleno dia";"Decrescente";"Céu Claro";"Simples";"Reta";"Não";2;0;2;0;0;0;2;2;-10,542;-55,085;"SPRF-MT";"DEL06-MT";"NPF/DEL06-MT"
421956;2022-03-21;"segunda-feira";"16:05:00";"GO";153;501;"GOIANIA";"Acessar a via sem observar a presença dos outros veículos";"Colisão lateral mesmo sentido";"Com Vítimas Feridas";"Pleno dia";"Crescente";"Céu Claro";"Dupla";"Reta";"Sim";2;0;1;0;1;0;1;2;-16,712772;-49,23333;"SPRF-GO";"DEL01-GO";"UOP01-DEL01-GO"
421959;2022-03-21;"segunda-feira";"16:00:00";"MG";40;516;"RIBEIRAO DAS NEVES";"Trafegar com motocicleta (ou similar) entre as faixas";"Colisão traseira";"Com Vítimas Feridas";"Pleno dia";"Decrescente";"Nublado";"Dupla";"Reta";"Sim";2;0;1;0;1;0;1;2;-19,81628624;-44,08960124;"SPRF-MG";"DEL01-MG";"UOP02-DEL01-MG"
421960;2022-03-21;"segunda-feira";"14:20:00";"GO";50;257,3;"CATALAO";"Demais falhas mecânicas ou elétricas";"Saída de leito carroçável";"Com Vítimas Feridas";"Pleno dia";"Crescente";"Céu Claro";"Dupla";"Curva";"Não";3;0;3;0;0;0;3;1;-18,0231;-47,8203;"SPRF-GO";"DEL06-GO";"UOP01-DEL06-GO"
421961;2022-03-21;"segunda-feira";"16:30:00";"MG";365;428,5;"PATOS DE MINAS";"Mal súbito do condutor";"Colisão frontal";"Com Vítimas Feridas";"Pleno dia";"Decrescente";"Céu Claro";"Simples";"Reta";"Não";2;0;2;0;0;0;2;2;-18,74782692;-46,63769892;"SPRF-MG";"DEL10-MG";"UOP01-DEL10-MG"
421962;2022-03-21;"segunda-feira";"17:00:00";"SC";101;108;"PENHA";"Condutor deixou de manter distância do veículo da frente";"Tombamento";"Com Vítimas Feridas";"Pleno dia";"Crescente";"Chuva";"Dupla";"Curva";"Não";1;0;1;0;0;0;1;1;-26,82606902;-48,69052298;"SPRF-SC";"DEL03-SC";"UOP02-DEL03-SC"
421963;2022-03-21;"segunda-feira";"16:40:00";"PI";316;5,3;"TERESINA";"Carga excessiva e/ou mal acondicionada";"Colisão traseira";"Com Vítimas Feridas";"Pleno dia";"Decrescente";"Chuva";"Múltipla";"Reta";"Sim";3;0;1;0;2;0;1;3;-5,14169858;-42,78157276;"SPRF-PI";"DEL01-PI";"UOP02-DEL01-PI"
421964;2022-03-21;"segunda-feira";"17:39:00";"SE";101;95;"NOSSA SENHORA DO SOCORRO";"Ingestão de álcool pelo condutor";"Colisão traseira";"Sem Vítimas";"Pleno dia";"Crescente";"Céu Claro";"Dupla";"Reta;Aclive";"Não";3;0;0;0;3;0;0;2;-10,91256274;-37,15981218;"SPRF-SE";"DEL02-SE";"UOP01-DEL02-SE"
421965;2022-03-21;"segunda-feira";"16:58:00";"RS";101;37,3;"TERRA DE AREIA";"Velocidade Incompatível";"Colisão com objeto";"Com Vítimas Feridas";"Pleno dia";"Crescente";"Céu Claro";"Dupla";"Curva";"Não";1;0;1;0;0;0;1;1;-29,52949399;-50,00468492;"SPRF-RS";"DEL03-RS";"UOP02-DEL03-RS"
421966;2022-03-21;"segunda-feira";"07:30:00";"RJ";101;328;"NITEROI";"Condutor Dormindo";"Colisão com objeto";"Com Vítimas Feridas";"Pleno dia";"Decrescente";"Garoa/Chuvisco";"Múltipla";"Reta";"Não";1;0;1;0;0;0;1;1;-22,87028692;-43,16579699;"SPRF-RJ";"DEL02-RJ";"UOP01-DEL02-RJ"
421970;2022-03-21;"segunda-feira";"17:45:00";"SC";101;216;"PALHOCA";"Ausência de reação do condutor";"Colisão lateral mesmo sentido";"Com Vítimas Feridas";"Anoitecer";"Crescente";"Chuva";"Múltipla";"Reta";"Sim";2;0;1;0;1;0;1;2;-27,65981409;-48,67747798;"SPRF-SC";"DEL01-SC";"UOP02-DEL01-SC"
421971;2022-03-21;"segunda-feira";"17:50:00";"RS";116;263;"CANOAS";"Iluminação deficiente";"Colisão traseira";"Com Vítimas Feridas";"Pleno dia";"Decrescente";"Céu Claro";"Simples";"Reta";"Sim";2;0;1;0;1;0;1;2;-29,90545398;-51,17674031;"SPRF-RS";"DEL01-RS";"UOP01-DEL01-RS"
421972;2022-03-21;"segunda-feira";"17:58:00";"GO";60;164;"GOIANIA";"Ausência de reação do condutor";"Colisão traseira";"Com Vítimas Feridas";"Anoitecer";"Decrescente";"Céu Claro";"Simples";"Reta";"Sim";2;0;1;0;1;0;1;2;-16,7036;-49,342;"SPRF-GO";"DEL01-GO";"UOP02-DEL01-GO"
421973;2022-03-21;"segunda-feira";"17:50:00";"PR";116;14,9;"CAMPINA GRANDE DO SUL";"Reação tardia ou ineficiente do condutor";"Saída de leito carroçável";"Com Vítimas Feridas";"Anoitecer";"Decrescente";"Garoa/Chuvisco";"Dupla";"Curva";"Não";1;0;1;0;0;0;1;1;-25,09836429;-48,67391969;"SPRF-PR";"DEL01-PR";"UOP02-DEL01-PR"
421976;2022-03-21;"segunda-feira";"18:00:00";"RS";386;41;"FREDERICO WESTPHALEN";"Ausência de reação do condutor";"Queda de ocupante de veículo";"Com Vítimas Feridas";"Anoitecer";"Crescente";"Céu Claro";"Simples";"Rotatória";"Não";2;0;1;0;0;1;1;2;-27,40012;-53,403744;"SPRF-RS";"DEL08-RS";"UOP02-DEL08-RS"
421978;2022-03-21;"segunda-feira";"14:25:00";"AC";364;124;"RIO BRANCO";"Velocidade Incompatível";"Colisão lateral mesmo sentido";"Com Vítimas Feridas";"Pleno dia";"Decrescente";"Céu Claro";"Dupla";"Reta";"Sim";2;0;1;0;1;0;1;2;-10,01152469;-67,79140099;"SPRF-AC";"DEL01-AC";"UOP01-DEL01-AC"
421984;2022-03-21;"segunda-feira";"16:25:00";"PR";116;6,9;"CAMPINA GRANDE DO SUL";"Pista Escorregadia";"Colisão com objeto";"Com Vítimas Feridas";"Pleno dia";"Crescente";"Chuva";"Dupla";"Reta";"Não";2;0;1;0;1;0;1;1;-25,08710459;-48,60776389;"SPRF-PR";"DEL01-PR";"UOP02-DEL01-PR"
421985;2022-03-21;"segunda-feira";"18:00:00";"PR";116;9,9;"CAMPINA GRANDE DO SUL";"Reação tardia ou ineficiente do condutor";"Saída de leito carroçável";"Sem Vítimas";"Anoitecer";"Crescente";"Chuva";"Dupla";"Curva";"Não";1;0;0;0;1;0;0;1;-25,082438;-48,641653;"SPRF-PR";"DEL01-PR";"UOP02-DEL01-PR"
421986;2022-03-21;"segunda-feira";"18:50:00";"SC";101;146;"ITAPEMA";"Chuva";"Queda de ocupante de veículo";"Com Vítimas Feridas";"Plena Noite";"Crescente";"Chuva";"Dupla";"Reta";"Sim";1;0;1;0;0;0;1;1;-27,08666525;-48,60955587;"SPRF-SC";"DEL04-SC";"UOP03-DEL04-SC"
421987;2022-03-21;"segunda-feira";"18:50:00";"MG";146;462,3;"BOTELHOS";"Acessar a via sem observar a presença dos outros veículos";"Colisão traseira";"Com Vítimas Feridas";"Plena Noite";"Crescente";"Céu Claro";"Simples";"Reta";"Não";3;0;1;0;2;0;1;2;-21,63248;-46,407205;"SPRF-MG";"DEL09-MG";"UOP01-DEL09-MG"
421989;2022-03-21;"segunda-feira";"15:30:00";"MG";262;94;"ABRE CAMPO";"Trafegar com motocicleta (ou similar) entre as faixas";"Colisão transversal";"Com Vítimas Feridas";"Pleno dia";"Crescente";"Nublado";"Simples";"Reta";"Sim";2;0;0;1;1;0;1;2;-20,30646793;-42,46611787;"SPRF-MG";"DEL03-MG";"UOP03-DEL03-MG"
421992;2022-03-21;"segunda-feira";"18:50:00";"SC";282;1,8;"FLORIANOPOLIS";"Demais falhas mecânicas ou elétricas";"Incêndio";"Sem Vítimas";"Plena Noite";"Crescente";"Chuva";"Múltipla";"Reta";"Sim";1;0;0;0;1;0;0;1;-27,602955;-48,580509;"SPRF-SC";"DEL01-SC";"UOP01-DEL01-SC"
421993;2022-03-21;"segunda-feira";"19:30:00";"BA";116;827;"VITORIA DA CONQUISTA";"Conversão proibida";"Colisão transversal";"Com Vítimas Feridas";"Plena Noite";"Decrescente";"Céu Claro";"Simples";"Reta";"Sim";2;0;1;0;1;0;1;2;-14,88690085;-40,85997324;"SPRF-BA";"DEL08-BA";"UOP01-DEL08-BA"
421995;2022-03-21;"segunda-feira";"19:00:00";"GO";153;514,7;"APARECIDA DE GOIANIA";"Desrespeitar a preferência no cruzamento";"Colisão transversal";"Com Vítimas Feridas";"Plena Noite";"Crescente";"Céu Claro";"Múltipla";"Interseção de Vias";"Sim";2;0;0;1;1;0;1;2;-16,8315;-49,2434;"SPRF-GO";"DEL01-GO";"UOP03-DEL01-GO"
421996;2022-03-21;"segunda-feira";"20:00:00";"RJ";116;317;"ITATIAIA";"Acessar a via sem observar a presença dos outros veículos";"Colisão lateral mesmo sentido";"Com Vítimas Feridas";"Plena Noite";"Crescente";"Nublado";"Dupla";"Reta";"Sim";2;0;0;1;0;1;1;2;-22,46560057;-44,49102813;"SPRF-RJ";"DEL07-RJ";"UOP02-DEL07-RJ"
421998;2022-03-21;"segunda-feira";"19:50:00";"DF";251;39;"BRASILIA";"Ausência de reação do condutor";"Capotamento";"Com Vítimas Feridas";"Plena Noite";"Crescente";"Céu Claro";"Simples";"Curva";"Não";3;0;2;0;1;0;2;1;-15,939383;-47,804717;"SPRF-DF";"DEL01-DF";"UOP01-DEL01-DF"
421999;2022-03-21;"segunda-feira";"18:30:00";"MG";116;685,9;"MURIAE";"Ingestão de álcool pelo condutor";"Colisão frontal";"Com Vítimas Feridas";"Anoitecer";"Crescente";"Nublado";"Simples";"Reta";"Não";3;0;3;0;0;0;3;2;-20,98224297;-42,35482631;"SPRF-MG";"DEL07-MG";"UOP02-DEL07-MG"
422000;2022-03-21;"segunda-feira";"19:25:00";"MT";163;1032;"PEIXOTO DE AZEVEDO";"Demais falhas mecânicas ou elétricas";"Incêndio";"Sem Vítimas";"Plena Noite";"Decrescente";"Céu Claro";"Simples";"Reta";"Sim";2;0;0;0;2;0;0;1;-10,3429349;-55,04102846;"SPRF-MT";"DEL06-MT";"NPF/DEL06-MT"
422002;2022-03-21;"segunda-feira";"17:35:00";"SC";470;1;"GASPAR";"Conversão proibida";"Colisão lateral mesmo sentido";"Com Vítimas Feridas";"Anoitecer";"Crescente";"Nublado";"Simples";"Reta";"Sim";2;0;1;0;1;0;1;2;-26,93187;-48,959316;"SPRF-SC";"DEL04-SC";"UOP01-DEL04-SC"
422004;2022-03-21;"segunda-feira";"20:15:00";"RS";116;488;"TURUCU";"Ausência de reação do condutor";"Tombamento";"Com Vítimas Feridas";"Plena Noite";"Decrescente";"Céu Claro";"Simples";"Reta";"Não";1;0;1;0;0;0;1;1;-31,45150701;-52,20482999;"SPRF-RS";"DEL07-RS";"UOP01-DEL07-RS"
422008;2022-03-21;"segunda-feira";"21:30:00";"RS";285;338;"CARAZINHO";"Acesso irregular";"Colisão transversal";"Com Vítimas Feridas";"Plena Noite";"Crescente";"Céu Claro";"Simples";"Aclive";"Sim";2;0;1;0;1;0;1;2;-28,315704;-52,779015;"SPRF-RS";"DEL08-RS";"UOP03-DEL08-RS"
422009;2022-03-21;"segunda-feira";"21:50:00";"BA";324;602;"SIMOES FILHO";"Condutor Dormindo";"Colisão traseira";"Com Vítimas Feridas";"Plena Noite";"Crescente";"Céu Claro";"Dupla";"Reta";"Não";2;0;1;0;1;0;1;2;-12,76402892;-38,42393483;"SPRF-BA";"DEL01-BA";"UOP01-DEL01-BA"
422010;2022-03-21;"segunda-feira";"21:30:00";"ES";101;219;"IBIRACU";"Ausência de reação do condutor";"Queda de ocupante de veículo";"Com Vítimas Feridas";"Plena Noite";"Crescente";"Nublado";"Dupla";"Curva";"Não";2;0;1;0;1;0;1;1;-19,86460092;-40,38336629;"SPRF-ES";"DEL02-ES";"UOP01-DEL02-ES"
422011;2022-03-21;"segunda-feira";"17:42:00";"RO";364;336;"JI-PARANA";"Condutor deixou de manter distância do veículo da frente";"Colisão traseira";"Com Vítimas Feridas";"Pleno dia";"Decrescente";"Céu Claro";"Simples";"Reta";"Não";2;0;1;0;1;0;1;2;-10,934878;-61,92951078;"SPRF-RO";"DEL02-RO";"UOP01-DEL02-RO"
422012;2022-03-21;"segunda-feira";"22:15:00";"RN";304;49;"MOSSORO";"Acessar a via sem observar a presença dos outros veículos";"Colisão transversal";"Com Vítimas Feridas";"Plena Noite";"Crescente";"Céu Claro";"Simples";"Reta";"Sim";3;0;0;2;1;0;2;2;-5,236461;-37,317505;"SPRF-RN";"DEL04-RN";"UOP01-DEL04-RN"
422013;2022-03-21;"segunda-feira";"22:20:00";"SC";280;56,8;"GUARAMIRIM";"Reação tardia ou ineficiente do condutor";"Saída de leito carroçável";"Com Vítimas Feridas";"Plena Noite";"Decrescente";"Chuva";"Simples";"Reta";"Sim";1;0;1;0;0;0;1;1;-26,47833284;-48,99932384;"SPRF-SC";"DEL03-SC";"UOP03-DEL03-SC"
422016;2022-03-21;"segunda-feira";"12:59:00";"RO";364;532;"ARIQUEMES";"Acumulo de água sobre o pavimento";"Eventos atípicos";"Com Vítimas Feridas";"Pleno dia";"Decrescente";"Céu Claro";"Simples";"Reta";"Não";1;0;1;0;0;0;1;1;-9,78054903;-63,0904921;"SPRF-RO";"DEL03-RO";"UOP01-DEL03-RO"
422018;2022-03-21;"segunda-feira";"23:30:00";"SC";116;245,5;"LAGES";"Reação tardia ou ineficiente do condutor";"Saída de leito carroçável";"Com Vítimas Feridas";"Plena Noite";"Crescente";"Garoa/Chuvisco";"Simples";"Rotatória";"Sim";1;0;1;0;0;0;1;1;-27,800264;-50,363794;"SPRF-SC";"DEL05-SC";"UOP02-DEL05-SC"
422020;2022-03-21;"segunda-feira";"23:00:00";"SP";116;207;"GUARULHOS";"Ausência de reação do condutor";"Colisão com objeto";"Sem Vítimas";"Plena Noite";"Crescente";"Céu Claro";"Múltipla";"Reta";"Sim";1;0;0;0;0;1;0;1;-23,41972188;-46,38419203;"SPRF-SP";"DEL01-SP";"UOP01-DEL01-SP"
422025;2022-03-21;"segunda-feira";"23:15:00";"RJ";493;59;"NOVA IGUACU";"Animais na Pista";"Atropelamento de Animal";"Com Vítimas Feridas";"Plena Noite";"Crescente";"Céu Claro";"Dupla";"Reta";"Não";1;0;1;0;0;0;1;1;-22,672229;-43,384629;"SPRF-RJ";"DEL01-RJ";"UOP03-DEL01-RJ"
422026;2022-03-22;"terça-feira";"02:30:00";"MG";381;844;"SAO SEBASTIAO DA BELA VISTA";"Ausência de reação do condutor";"Colisão lateral mesmo sentido";"Sem Vítimas";"Plena Noite";"Crescente";"Céu Claro";"Dupla";"Reta";"Não";2;0;0;0;2;0;0;2;-22,229838;-45,876144;"SPRF-MG";"DEL16-MG";"UOP01-DEL16-MG"
422027;2022-03-22;"terça-feira";"02:45:00";"SP";116;442;"REGISTRO";"Ausência de reação do condutor";"Atropelamento de Pedestre";"Com Vítimas Fatais";"Plena Noite";"Decrescente";"Nevoeiro/Neblina";"Dupla";"Reta";"Sim";4;1;0;0;3;0;0;3;-24,47609886;-47,8273532;"SPRF-SP";"DEL05-SP";"UOP01-DEL05-SP"
422028;2022-03-22;"terça-feira";"02:00:00";"MG";354;741,1;"POUSO ALTO";"Ausência de reação do condutor";"Saída de leito carroçável";"Com Vítimas Feridas";"Plena Noite";"Crescente";"Céu Claro";"Simples";"Curva";"Não";1;0;1;0;0;0;1;1;-22,22214207;-44,93331208;"SPRF-MG";"DEL17-MG";"UOP01-DEL17-MG"
422030;2022-03-22;"terça-feira";"06:15:00";"GO";40;1,2;"VALPARAISO DE GOIAS";"Pedestre cruzava a pista fora da faixa";"Atropelamento de Pedestre";"Com Vítimas Feridas";"Pleno dia";"Decrescente";"Céu Claro";"Dupla";"Reta";"Sim";2;0;1;0;1;0;1;2;-16,058245;-47,982825;"SPRF-DF";"DEL01-DF";"UOP01-DEL01-DF"
422032;2022-03-22;"terça-feira";"06:00:00";"SC";101;141,6;"BALNEARIO CAMBORIU";"Reação tardia ou ineficiente do condutor";"Colisão com objeto";"Com Vítimas Feridas";"Pleno dia";"Crescente";"Nublado";"Simples";"Reta";"Não";2;0;1;0;1;0;1;1;-27,04761729;-48,59995855;"SPRF-SC";"DEL04-SC";"UOP03-DEL04-SC"
422036;2022-03-22;"terça-feira";"07:15:00";"SP";101;49,3;"UBATUBA";"Ausência de sinalização";"Colisão transversal";"Com Vítimas Feridas";"Amanhecer";"Crescente";"Céu Claro";"Simples";"Desvio Temporário";"Sim";2;0;1;0;1;0;1;2;-23,44410908;-45,08375708;"SPRF-SP";"DEL06-SP";"UOP01-DEL06-SP"
422038;2022-03-22;"terça-feira";"06:30:00";"PE";101;63;"RECIFE";"Condutor deixou de manter distância do veículo da frente";"Colisão traseira";"Com Vítimas Feridas";"Pleno dia";"Decrescente";"Chuva";"Dupla";"Reta";"Sim";2;0;1;0;1;0;1;2;-8,008886;-34,937499;"SPRF-PE";"DEL01-PE";"UOP01-DEL01-PE"
422039;2022-03-22;"terça-feira";"07:53:00";"SC";101;180,4;"BIGUACU";"Acessar a via sem observar a presença dos outros veículos";"Colisão transversal";"Com Vítimas Fatais";"Pleno dia";"Crescente";"Nublado";"Múltipla";"Interseção de Vias";"Sim";3;1;0;0;1;1;0;3;-27,38560059;-48,6317271;"SPRF-SC";"DEL01-SC";"UOP01-DEL01-SC"
422042;2022-03-21;"segunda-feira";"17:05:00";"SP";116;279;"EMBU DAS ARTES";"Ausência de reação do condutor";"Queda de ocupante de veículo";"Com Vítimas Feridas";"Pleno dia";"Crescente";"Nublado";"Dupla";"Reta";"Sim";1;0;1;0;0;0;1;1;-23,66233697;-46,85292907;"SPRF-SP";"DEL04-SP";"UOP01-DEL04-SP"
422043;2022-03-22;"terça-feira";"07:40:00";"SC";101;197,9;"BIGUACU";"Ingestão de álcool pelo condutor";"Colisão traseira";"Com Vítimas Feridas";"Pleno dia";"Crescente";"Garoa/Chuvisco";"Múltipla";"Reta";"Sim";3;0;1;0;2;0;1;3;-27,51844497;-48,63848496;"SPRF-SC";"DEL01-SC";"UOP01-DEL01-SC"
422044;2022-03-22;"terça-feira";"07:50:00";"SC";101;206;"SAO JOSE";"Condutor deixou de manter distância do veículo da frente";"Colisão traseira";"Com Vítimas Feridas";"Pleno dia";"Decrescente";"Nublado";"Múltipla";"Reta";"Sim";2;0;1;0;1;0;1;2;-27,59193546;-48,61824557;"SPRF-SC";"DEL01-SC";"UOP01-DEL01-SC"
422046;2022-03-21;"segunda-feira";"22:00:00";"RJ";40;62,2;"PETROPOLIS";"Pedestre cruzava a pista fora da faixa";"Atropelamento de Pedestre";"Com Vítimas Feridas";"Plena Noite";"Crescente";"Céu Claro";"Dupla";"Curva";"Não";2;0;0;1;1;0;1;2;-22,40542358;-43,14664526;"SPRF-RJ";"DEL05-RJ";"UOP02-DEL05-RJ"
422047;2022-03-22;"terça-feira";"08:05:00";"ES";101;294,1;"CARIACICA";"Reação tardia ou ineficiente do condutor";"Colisão traseira";"Com Vítimas Feridas";"Pleno dia";"Crescente";"Nublado";"Dupla";"Reta";"Sim";2;0;1;0;1;0;1;2;-20,32415948;-40,3952903;"SPRF-ES";"DEL01-ES";"UOP01-DEL01-ES"
422051;2022-03-22;"terça-feira";"07:10:00";"PR";476;129;"CURITIBA";"Manobra de mudança de faixa";"Colisão traseira";"Com Vítimas Feridas";"Pleno dia";"Crescente";"Garoa/Chuvisco";"Múltipla";"Reta";"Sim";2;0;0;1;1;0;1;2;-25,440983;-49,233715;"SPRF-PR";"DEL01-PR";"UOP03-DEL01-PR"