"id";"data_inversa";"dia_semana";"horario";"uf";"br";"km";"municipio";"causa_acidente";"tipo_acidente";"classificacao_acidente";"fase_dia";"sentido_via";"condicao_metereologica";"tipo_pista";"tracado_via";"uso_solo";"pessoas";"mortos";"feridos_leves";"feridos_graves";"ilesos";"ignorados";"feridos";"veiculos";"latitude";"longitude";"regional";"delegacia";"uop"
422052;2022-03-22;"terça-feira";"06:00:00";"RO";364;698;"PORTO VELHO";"Demais falhas mecânicas ou elétricas";"Tombamento";"Sem Vítimas";"Amanhecer";"Decrescente";"Nublado";"Dupla";"Reta";"Não";1;0;0;0;0;1;0;1;-8,80322985;-63,75183821;"SPRF-RO";"DEL01-RO";"UOP01-DEL01-RO"
422061;2022-03-22;"terça-feira";"08:50:00";"SC";101;209,8;"SAO JOSE";"Condutor deixou de manter distância do veículo da frente";"Colisão traseira";"Com Vítimas Feridas";"Pleno dia";"Decrescente";"Chuva";"Dupla";"Reta";"Sim";2;0;1;0;1;0;1;2;-27,61000542;-48,63895057;"SPRF-SC";"DEL01-SC";"UOP01-DEL01-SC"
422064;2022-03-22;"terça-feira";"09:34:00";"GO";414;433,8;"ANAPOLIS";"Ausência de reação do condutor";"Saída de leito carroçável";"Com Vítimas Feridas";"Pleno dia";"Crescente";"Sol";"Simples";"Reta";"Não";1;0;1;0;0;0;1;1;-16,2291999;-48,92857911;"SPRF-GO";"DEL02-GO";"UOP01-DEL02-GO"
422065;2022-01-20;"quinta-feira";"14:00:00";"BA";324;531;"FEIRA DE SANTANA";"Animais na Pista";"Queda de ocupante de veículo";"Com Vítimas Feridas";"Pleno dia";"Crescente";"Céu Claro";"Dupla";"Reta";"Não";1;0;1;0;0;0;1;1;-12,33911521;-38,8476814;"SPRF-BA";"DEL01-BA";"UOP03-DEL01-BA"
422070;2022-03-11;"sexta-feira";"11:10:00";"PR";376;56;"BANDEIRANTES";"Acessar a via sem observar a presença dos outros veículos";"Colisão transversal";"Com Vítimas Feridas";"Pleno dia";"Crescente";"Céu Claro";"Simples";"Interseção de Vias";"Sim";2;0;0;1;1;0;1;2;-23,1112009;-50,37209451;"SPRF-PR";"DEL09-PR";"UOP02-DEL09-PR"
422072;2022-03-22;"terça-feira";"07:45:00";"RJ";116;237;"PIRAI";"Desrespeitar a preferência no cruzamento";"Colisão com objeto";"Com Vítimas Feridas";"Pleno dia";"Crescente";"Sol";"Simples";"Curva;Interseção de Vias";"Sim";3;0;2;0;0;1;2;2;-22,62953941;-43,91201019;"SPRF-RJ";"DEL07-RJ";"UOP01-DEL07-RJ"
422073;2022-03-22;"terça-feira";"08:45:00";"BA";407;125,7;"SENHOR DO BONFIM";"Acessar a via sem observar a presença dos outros veículos";"Colisão transversal";"Com Vítimas Feridas";"Pleno dia";"Decrescente";"Céu Claro";"Simples";"Aclive";"Sim";2;0;1;0;1;0;1;2;-10,44762504;-40,18494809;"SPRF-BA";"DEL04-BA";"UOP01-DEL04-BA"
422074;2022-03-22;"terça-feira";"09:20:00";"RJ";116;273;"BARRA MANSA";"Manobra de mudança de faixa";"Queda de ocupante de veículo";"Com Vítimas Feridas";"Pleno dia";"Crescente";"Nublado";"Dupla";"Curva";"Sim";1;0;1;0;0;0;1;1;-22,56100142;-44,13833993;"SPRF-RJ";"DEL07-RJ";"UOP02-DEL07-RJ"
422075;2022-02-03;"quinta-feira";"23:05:00";"PA";230;119;"MARABA";"Pedestre cruzava a pista fora da faixa";"Atropelamento de Pedestre";"Com Vítimas Fatais";"Plena Noite";"Decrescente";"Céu Claro";"Dupla";"Reta";"Sim";2;1;0;0;1;0;0;2;-5,350407;-49,105981;"SPRF-PA";"DEL03-PA";"UOP01-DEL03-PA"
422078;2022-03-22;"terça-feira";"06:20:00";"CE";304;98,9;"ARACATI";"Condutor deixou de manter distância do veículo da frente";"Colisão traseira";"Com Vítimas Feridas";"Pleno dia";"Decrescente";"Céu Claro";"Simples";"Reta";"Sim";2;0;0;1;1;0;1;2;-4,85869222;-37,46088434;"SPRF-CE";"DEL03-CE";"UOP03-DEL03-CE"
422080;2022-03-22;"terça-feira";"09:30:00";"MG";381;523;"BRUMADINHO";"Ingestão de álcool pelo condutor";"Queda de ocupante de veículo";"Com Vítimas Feridas";"Pleno dia";"Decrescente";"Sol";"Dupla";"Curva";"Não";1;0;1;0;0;0;1;1;-20,1530682;-44,32617552;"SPRF-MG";"DEL04-MG";"UOP03-DEL04-MG"
422081;2022-03-22;"terça-feira";"10:15:00";"RS";285;132;"VACARIA";"Transitar na contramão";"Colisão frontal";"Com Vítimas Feridas";"Pleno dia";"Crescente";"Céu Claro";"Simples";"Reta";"Não";6;0;1;4;0;1;5;3;-28,437056;-51,003933;"SPRF-RS";"DEL05-RS";"UOP03-DEL05-RS"
422088;2022-03-14;"segunda-feira";"22:25:00";"SC";280;57,5;"GUARAMIRIM";"Ingestão de álcool pelo condutor";"Colisão traseira";"Com Vítimas Feridas";"Plena Noite";"Crescente";"Nublado";"Dupla";"Reta";"Sim";3;0;1;0;1;1;1;3;-26,47811421;-49,01259213;"SPRF-SC";"DEL03-SC";"UOP03-DEL03-SC"
422089;2022-01-05;"quarta-feira";"19:00:00";"SC";280;123,6;"RIO NEGRINHO";"Demais falhas mecânicas ou elétricas";"Saída de leito carroçável";"Com Vítimas Feridas";"Plena Noite";"Crescente";"Chuva";"Simples";"Curva";"Não";1;0;0;1;0;0;1;1;-26,23707363;-49,48757172;"SPRF-SC";"DEL06-SC";"UOP03-DEL06-SC"
422090;2022-03-22;"terça-feira";"12:42:00";"MG";381;494,5;"BETIM";"Ausência de reação do condutor";"Tombamento";"Com Vítimas Feridas";"Pleno dia";"Crescente";"Céu Claro";"Dupla";"Reta";"Sim";1;0;1;0;0;0;1;1;-19,96711705;-44,17954445;"SPRF-MG";"DEL01-MG";"UOP03-DEL01-MG"
422092;2022-03-21;"segunda-feira";"11:00:00";"PE";232;25;"MORENO";"Chuva";"Saída de leito carroçável";"Sem Vítimas";"Pleno dia";"Decrescente";"Chuva";"Dupla";"Curva";"Não";4;0;0;0;4;0;0;1;-8,11191765;-35,10836516;"SPRF-PE";"DEL01-PE";"UOP01-DEL01-PE"
422093;2022-03-20;"domingo";"23:05:00";"MG";116;116,4;"ITAOBIM";"Afundamento ou ondulação no pavimento";"Tombamento";"Com Vítimas Feridas";"Plena Noite";"Crescente";"Céu Claro";"Simples";"Reta";"Sim";1;0;1;0;0;0;1;1;-16,57045192;-41,50538206;"SPRF-MG";"DEL11-MG";"UOP02-DEL11-MG"
422094;2022-03-22;"terça-feira";"13:13:00";"GO";153;505,6;"APARECIDA DE GOIANIA";"Conversão proibida";"Colisão traseira";"Com Vítimas Feridas";"Pleno dia";"Crescente";"Céu Claro";"Dupla";"Reta";"Sim";2;0;0;1;1;0;1;2;-16,7537;-49,2411;"SPRF-GO";"DEL01-GO";"UOP01-DEL01-GO"
422095;2022-02-26;"sábado";"21:45:00";"RJ";116;192;"QUEIMADOS";"Condutor deixou de manter distância do veículo da frente";"Capotamento";"Com Vítimas Feridas";"Plena Noite";"Crescente";"Céu Claro";"Múltipla";"Reta";"Sim";1;0;1;0;0;0;1;1;-22,74207737;-43,5192401;"SPRF-RJ";"DEL01-RJ";"UOP02-DEL01-RJ"
422096;2022-03-22;"terça-feira";"13:00:00";"ES";101;258;"SERRA";"Demais falhas mecânicas ou elétricas";"Colisão com objeto";"Com Vítimas Feridas";"Pleno dia";"Decrescente";"Nublado";"Simples";"Viaduto;Rotatória";"Sim";2;0;2;0;0;0;2;1;-20,13059888;-40,2961019;"SPRF-ES";"DEL02-ES";"UOP01-DEL02-ES"
422097;2022-03-22;"terça-feira";"11:45:00";"RJ";116;268,8;"BARRA MANSA";"Pedestre cruzava a pista fora da faixa";"Atropelamento de Pedestre";"Com Vítimas Feridas";"Pleno dia";"Crescente";"Céu Claro";"Simples";"Curva";"Sim";2;0;0;1;1;0;1;2;-22,58240306;-44,11006543;"SPRF-RJ";"DEL07-RJ";"UOP02-DEL07-RJ"
422098;2022-03-22;"terça-feira";"13:50:00";"RJ";101;66;"CAMPOS DOS GOYTACAZES";"Condutor deixou de manter distância do veículo da frente";"Colisão traseira";"Com Vítimas Feridas";"Pleno dia";"Crescente";"Chuva";"Simples";"Curva";"Sim";2;0;1;0;1;0;1;2;-21,76090387;-41,34788959;"SPRF-RJ";"DEL08-RJ";"UOP02-DEL08-RJ"
422099;2022-02-15;"terça-feira";"17:35:00";"RJ";116;269,8;"BARRA MANSA";"Objeto estático sobre o leito carroçável";"Colisão com objeto";"Com Vítimas Feridas";"Anoitecer";"Crescente";"Nublado";"Múltipla";"Reta";"Sim";2;0;1;0;1;0;1;2;-22,56089125;-44,16371819;"SPRF-RJ";"DEL07-RJ";"UOP02-DEL07-RJ"
422101;2022-03-21;"segunda-feira";"19:30:00";"PE";0;0;"ESCADA";"Chuva";"Colisão com objeto";"Sem Vítimas";"Plena Noite";"Não Informado";"Chuva";"Simples";"Curva";"Não";2;0;0;0;2;0;0;1;-8,419043;-35,273821;"SPRF-PE";"DEL01-PE";"UOP03-DEL01-PE"
422102;2022-03-07;"segunda-feira";"07:40:00";"DF";40;0,1;"BRASILIA";"Manobra de mudança de faixa";"Colisão traseira";"Com Vítimas Feridas";"Pleno dia";"Decrescente";"Céu Claro";"Dupla";"Reta";"Sim";3;0;2;0;1;0;2;2;-15,976897;-47,990129;"SPRF-DF";"DEL01-DF";"UOP01-DEL01-DF"
422104;2022-03-22;"terça-feira";"12:15:00";"PR";369;174,2;"ROLANDIA";"Acessar a via sem observar a presença dos outros veículos";"Colisão transversal";"Com Vítimas Feridas";"Pleno dia";"Crescente";"Sol";"Simples";"Interseção de Vias;Reta";"Sim";2;0;1;0;1;0;1;2;-23,317144;-51,377894;"SPRF-PR";"DEL07-PR";"UOP01-DEL07-PR"
422105;2022-03-18;"sexta-feira";"23:40:00";"PR";277;403,4;"CANDOI";"Ingestão de álcool pelo condutor";"Colisão frontal";"Com Vítimas Feridas";"Plena Noite";"Decrescente";"Céu Claro";"Simples";"Reta;Aclive";"Não";3;0;0;1;1;1;1;3;-25,45975335;-51,95433893;"SPRF-PR";"DEL08-PR";"UOP01-DEL08-PR"
422107;2022-03-22;"terça-feira";"14:10:00";"RJ";101;478;"ANGRA DOS REIS";"Ausência de reação do condutor";"Colisão traseira";"Com Vítimas Feridas";"Pleno dia";"Decrescente";"Nublado";"Simples";"Reta";"Não";2;0;1;0;1;0;1;2;-23,00246527;-44,27270594;"SPRF-RJ";"DEL03-RJ";"UOP03-DEL03-RJ"
422108;2022-03-22;"terça-feira";"14:30:00";"RS";386;136,6;"SARANDI";"Desrespeitar a preferência no cruzamento";"Colisão transversal";"Com Vítimas Feridas";"Pleno dia";"Decrescente";"Nublado";"Simples";"Reta;Declive";"Não";2;0;1;0;1;0;1;2;-27,968201;-52,90752;"SPRF-RS";"DEL08-RS";"UOP01-DEL08-RS"
422112;2022-02-05;"sábado";"17:00:00";"AP";210;104;"PORTO GRANDE";"Transitar na contramão";"Colisão transversal";"Com Vítimas Feridas";"Anoitecer";"Decrescente";"Nublado";"Simples";"Reta";"Sim";3;0;1;0;2;0;1;2;0,6985632984;-51,3969218924;"SPRF-AP";"DEL01-AP";"UOP01-DEL01-AP"
422114;2022-03-22;"terça-feira";"15:04:00";"CE";222;311,4;"TIANGUA";"Acessar a via sem observar a presença dos outros veículos";"Colisão transversal";"Com Vítimas Feridas";"Pleno dia";"Crescente";"Garoa/Chuvisco";"Simples";"Reta";"Sim";2;0;1;0;1;0;1;2;-3,711973;-40,984356;"SPRF-CE";"DEL04-CE";"UOP02-DEL04-CE"
422116;2022-03-22;"terça-feira";"14:47:00";"PE";407;124,6;"PETROLINA";"Acumulo de óleo sobre o pavimento";"Tombamento";"Com Vítimas Feridas";"Pleno dia";"Crescente";"Céu Claro";"Dupla";"Reta";"Sim";1;0;0;1;0;0;1;1;-9,36929881;-40,54137139;"SPRF-PE";"DEL06-PE";"UOP01-DEL06-PE"
422118;2022-03-22;"terça-feira";"14:59:00";"SC";470;5,8;"NAVEGANTES";"Velocidade Incompatível";"Colisão traseira";"Sem Vítimas";"Pleno dia";"Decrescente";"Céu Claro";"Dupla";"Reta";"Não";2;0;0;0;2;0;0;2;-26,855688;-48,700333;"SPRF-SC";"DEL04-SC";"UOP04-DEL04-SC"
422119;2022-03-09;"quarta-feira";"10:25:00";"AP";210;1;"MACAPA";"Transitar na contramão";"Queda de ocupante de veículo";"Com Vítimas Feridas";"Pleno dia";"Crescente";"Céu Claro";"Dupla";"Reta";"Sim";3;0;1;0;2;0;1;3;0,07816717;-51,06998693;"SPRF-AP";"DEL01-AP";"UOP01-DEL01-AP"
422120;2022-03-09;"quarta-feira";"18:45:00";"AP";210;0;"MACAPA";"Velocidade Incompatível";"Atropelamento de Pedestre";"Com Vítimas Feridas";"Plena Noite";"Crescente";"Nublado";"Múltipla";"Reta";"Sim";3;0;1;0;2;0;1;2;0,07780012;-51,06097;"SPRF-AP";"DEL01-AP";"UOP01-DEL01-AP"
422122;2022-02-03;"quinta-feira";"06:50:00";"RS";116;157,7;"CAXIAS DO SUL";"Ausência de reação do condutor";"Colisão frontal";"Com Vítimas Feridas";"Pleno dia";"Crescente";"Céu Claro";"Múltipla";"Curva";"Sim";4;0;1;0;3;0;1;2;-29,21503981;-51,17675573;"SPRF-RS";"DEL05-RS";"UOP01-DEL05-RS"
422123;2022-03-22;"terça-feira";"15:00:00";"PB";101;65,4;"SANTA RITA";"Demais falhas mecânicas ou elétricas";"Incêndio";"Sem Vítimas";"Pleno dia";"Crescente";"Nublado";"Dupla";"Reta";"Não";4;0;0;0;4;0;0;1;-7,04256889;-35,05061285;"SPRF-PB";"DEL01-PB";"UOP04-DEL01-PB"
422124;2022-03-22;"terça-feira";"13:05:00";"MG";262;38;"MANHUACU";"Conversão proibida";"Colisão transversal";"Com Vítimas Feridas";"Pleno dia";"Crescente";"Céu Claro";"Simples";"Reta";"Sim";2;0;0;1;1;0;1;2;-20,25932046;-42,02298331;"SPRF-MG";"DEL06-MG";"UOP03-DEL06-MG"
422125;2022-03-22;"terça-feira";"13:00:00";"SP";116;271;"TABOAO DA SERRA";"Mal súbito do condutor";"Colisão com objeto";"Com Vítimas Feridas";"Pleno dia";"Decrescente";"Céu Claro";"Múltipla";"Reta";"Sim";1;0;0;1;0;0;1;1;-23,61809286;-46,80556302;"SPRF-SP";"DEL04-SP";"UOP01-DEL04-SP"
422126;2022-03-22;"terça-feira";"13:15:00";"RR";401;0;"BOA VISTA";"Ausência de reação do condutor";"Colisão transversal";"Com Vítimas Feridas";"Pleno dia";"Crescente";"Céu Claro";"Dupla";"Interseção de Vias";"Sim";2;0;1;1;0;0;2;2;2,819364;-60,673775;"SPRF-RR";"DEL01-RR";"UOP01-DEL01-RR"
422127;2022-02-11;"sexta-feira";"06:00:00";"PR";373;245;"GUAMIRANGA";"Reação tardia ou ineficiente do condutor";"Saída de leito carroçável";"Com Vítimas Feridas";"Amanhecer";"Crescente";"Ignorado";"Simples";"Declive;Reta";"Não";1;0;0;1;0;0;1;1;-25,19202788;-50,79273831;"SPRF-PR";"DEL03-PR";"UOP04-DEL03-PR"
422129;2022-03-22;"terça-feira";"15:15:00";"SP";116;217;"GUARULHOS";"Reação tardia ou ineficiente do condutor";"Colisão traseira";"Com Vítimas Feridas";"Pleno dia";"Decrescente";"Céu Claro";"Múltipla";"Reta";"Sim";3;0;1;0;2;0;1;2;-23,45423824;-46,47119028;"SPRF-SP";"DEL01-SP";"UOP01-DEL01-SP"
422131;2022-03-22;"terça-feira";"16:15:00";"SP";116;216;"GUARULHOS";"Demais falhas mecânicas ou elétricas";"Incêndio";"Sem Vítimas";"Pleno dia";"Decrescente";"Céu Claro";"Múltipla";"Reta";"Sim";2;0;0;0;2;0;0;1;-23,45056589;-46,46258105;"SPRF-SP";"DEL01-SP";"UOP01-DEL01-SP"
422133;2022-03-22;"terça-feira";"16:45:00";"GO";50;100;"CRISTALINA";"Ingestão de álcool pelo condutor";"Colisão traseira";"Com Vítimas Feridas";"Pleno dia";"Crescente";"Céu Claro";"Dupla";"Reta";"Não";2;0;0;1;1;0;1;2;-16,9309;-47,7117;"SPRF-DF";"DEL01-DF";"UOP02-DEL01-DF"
422136;2022-03-22;"terça-feira";"16:30:00";"RJ";101;322;"NITEROI";"Condutor deixou de manter distância do veículo da frente";"Colisão traseira";"Com Vítimas Feridas";"Pleno dia";"Crescente";"Céu Claro";"Simples";"Curva";"Sim";2;0;1;0;1;0;1;2;-22,878923;-43,110676;"SPRF-RJ";"DEL02-RJ";"UOP01-DEL02-RJ"
422137;2022-02-10;"quinta-feira";"11:30:00";"MG";381;474;"CONTAGEM";"Ausência de reação do condutor";"Queda de ocupante de veículo";"Com Vítimas Feridas";"Pleno dia";"Crescente";"Ignorado";"Múltipla";"Reta";"Sim";1;0;1;0;0;0;1;1;-19,96309163;-44,0418794;"SPRF-MG";"DEL01-MG";"UOP03-DEL01-MG"
422138;2022-01-23;"domingo";"21:30:00";"SC";282;622,5;"IRACEMINHA";"Velocidade Incompatível";"Colisão frontal";"Com Vítimas Feridas";"Plena Noite";"Decrescente";"Nublado";"Simples";"Curva";"Não";2;0;0;1;0;1;1;2;-26,797441;-53,323349;"SPRF-SC";"DEL07-SC";"UOP02-DEL07-SC"
422140;2022-03-22;"terça-feira";"17:30:00";"SP";153;71,9;"SAO JOSE DO RIO PRETO";"Avarias e/ou desgaste excessivo no pneu";"Colisão com objeto";"Com Vítimas Feridas";"Pleno dia";"Decrescente";"Céu Claro";"Dupla";"Reta";"Sim";2;0;2;0;0;0;2;1;-20,86727322;-49,41330671;"SPRF-SP";"DEL09-SP";"UOP01-DEL09-SP"
422142;2022-03-22;"terça-feira";"17:20:00";"SC";282;216;"LAGES";"Retorno proibido";"Colisão transversal";"Com Vítimas Feridas";"Pleno dia";"Crescente";"Céu Claro";"Simples";"Declive";"Sim";3;0;1;0;0;2;1;3;-27,797529;-50,291862;"SPRF-SC";"DEL05-SC";"UOP01-DEL05-SC"
422143;2022-03-22;"terça-feira";"15:40:00";"BA";101;837,7;"PRADO";"Velocidade Incompatível";"Saída de leito carroçável";"Com Vítimas Feridas";"Pleno dia";"Decrescente";"Nublado";"Simples";"Curva";"Não";1;0;1;0;0;0;1;1;-17,228948;-39,619074;"SPRF-BA";"DEL09-BA";"UOP02-DEL09-BA"
422144;2022-02-05;"sábado";"17:14:00";"ES";101;99;"JAGUARE";"Ausência de reação do condutor";"Queda de ocupante de veículo";"Com Vítimas Feridas";"Anoitecer";"Crescente";"Chuva";"Simples";"Reta";"Não";1;0;0;1;0;0;1;1;-18,97188909;-39,99152282;"SPRF-ES";"DEL04-ES";"UOP02-DEL04-ES"
422147;2022-03-22;"terça-feira";"17:30:00";"SC";470;42,9;"GASPAR";"Conversão proibida";"Colisão transversal";"Com Vítimas Feridas";"Pleno dia";"Crescente";"Céu Claro";"Simples";"Em Obras";"Não";2;0;1;0;1;0;1;2;-26,875719;-49,003746;"SPRF-SC";"DEL04-SC";"UOP01-DEL04-SC"
422148;2022-03-22;"terça-feira";"17:50:00";"PR";116;117;"CURITIBA";"Ausência de reação do condutor";"Colisão traseira";"Com Vítimas Feridas";"Anoitecer";"Crescente";"Céu Claro";"Dupla";"Reta;Declive";"Sim";2;0;1;0;1;0;1;2;-25,55989463;-49,307338;"SPRF-PR";"DEL01-PR";"UOP03-DEL01-PR"
422150;2022-03-21;"segunda-feira";"11:00:00";"MT";0;0;"PONTES E LACERDA";"Pista Escorregadia";"Colisão com objeto";"Sem Vítimas";"Pleno dia";"Não Informado";"Chuva";"Simples";"Curva";"Não";2;0;0;0;2;0;0;1;-14,93046905;-59,54023361;"SPRF-MT";"DEL04-MT";"UOP01-DEL04-MT"
422152;2022-03-22;"terça-feira";"18:40:00";"RS";116;269;"CANOAS";"Reação tardia ou ineficiente do condutor";"Engavetamento";"Com Vítimas Feridas";"Plena Noite";"Decrescente";"Céu Claro";"Múltipla";"Reta";"Sim";3;0;1;0;2;0;1;3;-29,95942501;-51,17608515;"SPRF-RS";"DEL01-RS";"UOP01-DEL01-RS"
422153;2022-03-22;"terça-feira";"18:30:00";"RJ";116;164;"RIO DE JANEIRO";"Condutor deixou de manter distância do veículo da frente";"Queda de ocupante de veículo";"Com Vítimas Feridas";"Plena Noite";"Crescente";"Céu Claro";"Múltipla";"Reta";"Sim";1;0;1;0;0;0;1;1;-22,81074068;-43,28844363;"SPRF-RJ";"DEL01-RJ";"UOP01-DEL01-RJ"
422154;2022-03-22;"terça-feira";"17:50:00";"MT";70;2;"BARRA DO GARCAS";"Reação tardia ou ineficiente do condutor";"Atropelamento de Pedestre";"Com Vítimas Feridas";"Anoitecer";"Decrescente";"Céu Claro";"Simples";"Interseção de Vias";"Sim";3;0;2;0;1;0;2;2;-15,88749699;-52,26810568;"SPRF-MT";"DEL07-MT";"UOP01-DEL07-MT"
422155;2022-03-22;"terça-feira";"18:30:00";"PI";316;304;"PICOS";"Ausência de reação do condutor";"Colisão traseira";"Com Vítimas Feridas";"Plena Noite";"Crescente";"Céu Claro";"Simples";"Reta";"Sim";2;0;2;0;0;0;2;1;-7,06324178;-41,51712984;"SPRF-PI";"DEL04-PI";"UOP01-DEL04-PI"
422156;2022-03-22;"terça-feira";"17:40:00";"SC";282;395;"JOACABA";"Acessar a via sem observar a presença dos outros veículos";"Colisão transversal";"Com Vítimas Feridas";"Anoitecer";"Crescente";"Céu Claro";"Simples";"Curva";"Não";3;0;2;0;1;0;2;2;-27,156887;-51,592079;"SPRF-SC";"DEL07-SC";"UOP05-DEL07-SC"
422157;2022-03-22;"terça-feira";"19:00:00";"PR";277;449,8;"LARANJEIRAS DO SUL";"Condutor deixou de manter distância do veículo da frente";"Colisão traseira";"Sem Vítimas";"Plena Noite";"Crescente";"Nublado";"Simples";"Reta";"Não";2;0;0;0;2;0;0;2;-25,36867502;-52,340728;"SPRF-PR";"DEL04-PR";"UOP02-DEL04-PR"
422158;2022-03-22;"terça-feira";"18:10:00";"RS";158;333;"SANTA MARIA";"Desrespeitar a preferência no cruzamento";"Colisão transversal";"Com Vítimas Feridas";"Anoitecer";"Crescente";"Nublado";"Dupla";"Rotatória";"Sim";3;0;2;0;1;0;2;2;-29,70705548;-53,85237336;"SPRF-RS";"DEL09-RS";"UOP01-DEL09-RS"
422160;2022-03-22;"terça-feira";"19:35:00";"GO";40;7,3;"VALPARAISO DE GOIAS";"Reação tardia ou ineficiente do condutor";"Atropelamento de Pedestre";"Com Vítimas Feridas";"Plena Noite";"Crescente";"Céu Claro";"Dupla";"Reta";"Sim";3;0;0;1;2;0;1;2;-16,108482;-47,972524;"SPRF-DF";"DEL01-DF";"UOP01-DEL01-DF"
422161;2022-03-21;"segunda-feira";"07:00:00";"MG";365;316;"JOAO PINHEIRO";"Pista esburacada";"Saída de leito carroçável";"Com Vítimas Fatais";"Pleno dia";"Crescente";"Céu Claro";"Simples";"Curva";"Não";2;1;0;1;0;0;1;1;-18,24194988;-45,8626811;"SPRF-MG";"DEL10-MG";"UOP01-DEL10-MG"
422164;2022-03-22;"terça-feira";"11:30:00";"RS";158;335;"SANTA MARIA";"Carga excessiva e/ou mal acondicionada";"Colisão com objeto";"Com Vítimas Feridas";"Pleno dia";"Decrescente";"Céu Claro";"Simples";"Reta";"Sim";2;0;0;1;1;0;1;1;-29,70851535;-53,88442286;"SPRF-RS";"DEL09-RS";"UOP01-DEL09-RS"
422166;2022-03-22;"terça-feira";"18:40:00";"MT";70;645;"CACERES";"Iluminação deficiente";"Atropelamento de Pedestre";"Com Vítimas Feridas";"Plena Noite";"Crescente";"Céu Claro";"Simples";"Reta";"Não";2;0;0;1;1;0;1;2;-15,95505733;-57,15465546;"SPRF-MT";"DEL03-MT";"UOP02-DEL03-MT"
422167;2022-03-22;"terça-feira";"19:55:00";"PR";116;119;"CURITIBA";"Avarias e/ou desgaste excessivo no pneu";"Tombamento";"Com Vítimas Feridas";"Plena Noite";"Crescente";"Nublado";"Dupla";"Reta";"Sim";2;0;1;1;0;0;2;1;-25,54456009;-49,30146002;"SPRF-PR";"DEL01-PR";"UOP03-DEL01-PR"
422170;2022-03-22;"terça-feira";"19:10:00";"MS";463;18;"DOURADOS";"Ausência de reação do condutor";"Saída de leito carroçável";"Com Vítimas Feridas";"Plena Noite";"Decrescente";"Chuva";"Simples";"Rotatória";"Não";2;0;2;0;0;0;2;1;-22,24790225;-54,96964582;"SPRF-MS";"DEL04-MS";"UOP01-DEL04-MS"
422171;2022-03-22;"terça-feira";"19:00:00";"PR";376;489;"PONTA GROSSA";"Condutor deixou de manter distância do veículo da frente";"Tombamento";"Com Vítimas Feridas";"Anoitecer";"Crescente";"Nublado";"Dupla";"Reta;Aclive";"Sim";1;0;0;1;0;0;1;1;-25,14172584;-50,1586859;"SPRF-PR";"DEL03-PR";"UOP01-DEL03-PR"
422173;2022-03-22;"terça-feira";"20:10:00";"SC";280;125,3;"RIO NEGRINHO";"Ingestão de álcool pelo condutor";"Colisão traseira";"Com Vítimas Feridas";"Plena Noite";"Crescente";"Nublado";"Simples";"Reta";"Não";2;0;1;0;1;0;1;2;-26,23763684;-49,48434497;"SPRF-SC";"DEL06-SC";"UOP03-DEL06-SC"
422174;2022-03-22;"terça-feira";"19:45:00";"MT";70;535,1;"VARZEA GRANDE";"Reação tardia ou ineficiente do condutor";"Colisão traseira";"Com Vítimas Feridas";"Pleno dia";"Decrescente";"Céu Claro";"Simples";"Reta";"Não";3;0;0;3;0;0;3;2;-15,649207;-56,19486;"SPRF-MT";"DEL01-MT";"UOP02-DEL01-MT"
422175;2022-03-22;"terça-feira";"21:00:00";"ES";482;9;"CACHOEIRO DE ITAPEMIRIM";"Ausência de reação do condutor";"Atropelamento de Pedestre";"Com Vítimas Feridas";"Plena Noite";"Crescente";"Céu Claro";"Dupla";"Interseção de Vias";"Não";3;0;2;1;0;0;3;2;-20,86082851;-41,11900797;"SPRF-ES";"DEL03-ES";"UOP02-DEL03-ES"
422178;2022-03-17;"quinta-feira";"13:45:00";"MS";463;25;"DOURADOS";"Demais falhas mecânicas ou elétricas";"Incêndio";"Sem Vítimas";"Pleno dia";"Crescente";"Céu Claro";"Simples";"Declive;Reta";"Não";1;0;0;0;1;0;0;1;-22,28613399;-55,02370901;"SPRF-MS";"DEL04-MS";"UOP01-DEL04-MS"
422181;2022-03-22;"terça-feira";"22:10:00";"SE";101;93,6;"NOSSA SENHORA DO SOCORRO";"Acumulo de água sobre o pavimento";"Saída de leito carroçável";"Com Vítimas Feridas";"Plena Noite";"Crescente";"Chuva";"Dupla";"Curva";"Não";1;0;1;0;0;0;1;1;-10,90212319;-37,14494787;"SPRF-SE";"DEL01-SE";"UOP01-DEL01-SE"
422182;2022-03-22;"terça-feira";"22:30:00";"DF";20;14;"BRASILIA";"Ingestão de álcool pelo condutor";"Colisão traseira";"Com Vítimas Feridas";"Plena Noite";"Crescente";"Céu Claro";"Dupla";"Reta";"Sim";5;0;1;0;4;0;1;3;-15,634938;-47,741241;"SPRF-DF";"DEL02-DF";"UOP01-DEL02-DF"
422185;2022-03-22;"terça-feira";"20:10:00";"TO";153;495;"PARAISO DO TOCANTINS";"Acessar a via sem observar a presença dos outros veículos";"Colisão transversal";"Com Vítimas Feridas";"Plena Noite";"Decrescente";"Céu Claro";"Simples";"Reta";"Sim";2;0;1;0;1;0;1;2;-10,16039618;-48,88154257;"SPRF-TO";"DEL01-TO";"UOP01-DEL01-TO"