"id";"data_inversa";"dia_semana";"horario";"uf";"br";"km";"municipio";"causa_acidente";"tipo_acidente";"classificacao_acidente";"fase_dia";"sentido_via";"condicao_metereologica";"tipo_pista";"tracado_via";"uso_solo";"pessoas";"mortos";"feridos_leves";"feridos_graves";"ilesos";"ignorados";"feridos";"veiculos";"latitude";"longitude";"regional";"delegacia";"uop"
422326;2022-02-08;"terça-feira";"12:10:00";"PA";230;120;"MARABA";"Condutor deixou de manter distância do veículo da frente";"Colisão traseira";"Com Vítimas Feridas";"Pleno dia";"Crescente";"Céu Claro";"Dupla";"Reta;Ponte";"Sim";3;0;1;0;2;0;1;2;-5,35749506;-49,12274837;"SPRF-PA";"DEL03-PA";"UOP01-DEL03-PA"
422330;2022-03-11;"sexta-feira";"20:00:00";"BA";116;887;"VITORIA DA CONQUISTA";"Velocidade Incompatível";"Saída de leito carroçável";"Com Vítimas Feridas";"Plena Noite";"Crescente";"Céu Claro";"Simples";"Reta";"Não";1;0;0;1;0;0;1;1;-15,26261389;-41,11937518;"SPRF-BA";"DEL08-BA";"UOP03-DEL08-BA"
422331;2022-03-23;"quarta-feira";"19:15:00";"PE";407;127;"PETROLINA";"Acessar a via sem observar a presença dos outros veículos";"Colisão com objeto";"Com Vítimas Feridas";"Plena Noite";"Crescente";"Nublado";"Simples";"Reta";"Sim";1;0;1;0;0;0;1;1;-9,3908678;-40,52038627;"SPRF-PE";"DEL06-PE";"UOP01-DEL06-PE"
422334;2022-03-23;"quarta-feira";"19:20:00";"MS";163;248,7;"DOURADOS";"Ausência de reação do condutor";"Saída de leito carroçável";"Com Vítimas Feridas";"Plena Noite";"Crescente";"Céu Claro";"Dupla";"Rotatória";"Não";1;0;1;0;0;0;1;1;-22,3238991;-54,81909239;"SPRF-MS";"DEL04-MS";"UOP01-DEL04-MS"
422336;2022-03-23;"quarta-feira";"19:00:00";"SC";470;145,1;"RIO DO SUL";"Entrada inopinada do pedestre";"Atropelamento de Pedestre";"Com Vítimas Fatais";"Plena Noite";"Decrescente";"Garoa/Chuvisco";"Simples";"Curva";"Sim";3;1;0;0;2;0;0;2;-27,23311994;-49,67275143;"SPRF-SC";"DEL04-SC";"UOP02-DEL04-SC"
422338;2022-03-23;"quarta-feira";"20:10:00";"SC";101;397,2;"MARACAJA";"Velocidade Incompatível";"Colisão com objeto";"Sem Vítimas";"Plena Noite";"Decrescente";"Chuva";"Múltipla";"Curva;Viaduto";"Sim";1;0;0;0;0;1;0;1;-28,84433257;-49,431476;"SPRF-SC";"DEL02-SC";"UOP02-DEL02-SC"
422340;2022-03-23;"quarta-feira";"20:05:00";"MT";70;533,2;"VARZEA GRANDE";"Entrada inopinada do pedestre";"Atropelamento de Pedestre";"Com Vítimas Feridas";"Plena Noite";"Decrescente";"Céu Claro";"Simples";"Reta";"Não";2;0;1;0;1;0;1;2;-15,67534142;-56,25512838;"SPRF-MT";"DEL01-MT";"UOP02-DEL01-MT"
422343;2022-03-23;"quarta-feira";"19:30:00";"MA";135;15;"SAO LUIS";"Demais falhas mecânicas ou elétricas";"Eventos atípicos";"Com Vítimas Feridas";"Plena Noite";"Decrescente";"Garoa/Chuvisco";"Simples";"Reta";"Não";2;0;2;0;0;0;2;2;-2,55378702;-44,35358561;"SPRF-MA";"DEL01-MA";"UOP01-DEL01-MA"
422345;2022-03-23;"quarta-feira";"22:05:00";"SC";101;201,5;"SAO JOSE";"Ausência de reação do condutor";"Colisão traseira";"Com Vítimas Feridas";"Plena Noite";"Decrescente";"Nublado";"Múltipla";"Reta";"Não";2;0;2;0;0;0;2;2;-27,54836599;-48,61977975;"SPRF-SC";"DEL01-SC";"UOP01-DEL01-SC"
422347;2022-03-23;"quarta-feira";"22:10:00";"RS";116;244,5;"SAO LEOPOLDO";"Manobra de mudança de faixa";"Colisão lateral mesmo sentido";"Sem Vítimas";"Plena Noite";"Crescente";"Chuva";"Dupla";"Reta";"Sim";2;0;0;0;2;0;0;2;-29,74088003;-51,15039566;"SPRF-RS";"DEL01-RS";"UOP02-DEL01-RS"
422348;2022-03-23;"quarta-feira";"22:00:00";"PR";369;168;"ROLANDIA";"Ingestão de álcool pelo condutor";"Colisão lateral mesmo sentido";"Sem Vítimas";"Plena Noite";"Decrescente";"Nublado";"Dupla";"Reta";"Sim";2;0;0;0;2;0;0;2;-23,300105;-51,325904;"SPRF-PR";"DEL07-PR";"UOP01-DEL07-PR"
422351;2022-03-23;"quarta-feira";"18:10:00";"SC";470;67;"INDAIAL";"Ingestão de álcool pelo condutor";"Colisão frontal";"Com Vítimas Feridas";"Anoitecer";"Crescente";"Garoa/Chuvisco";"Simples";"Desvio Temporário";"Sim";2;0;1;0;1;0;1;2;-26,872158;-49,23127;"SPRF-SC";"DEL04-SC";"UOP01-DEL04-SC"
422354;2022-03-23;"quarta-feira";"23:15:00";"SC";101;198,2;"BIGUACU";"Ausência de reação do condutor";"Queda de ocupante de veículo";"Com Vítimas Feridas";"Pleno dia";"Decrescente";"Nublado";"Múltipla";"Reta";"Não";1;0;1;0;0;0;1;1;-27,52658712;-48,63506019;"SPRF-SC";"DEL01-SC";"UOP01-DEL01-SC"
422357;2022-03-23;"quarta-feira";"23:45:00";"PR";116;121;"CURITIBA";"Condutor deixou de manter distância do veículo da frente";"Queda de ocupante de veículo";"Com Vítimas Feridas";"Plena Noite";"Crescente";"Céu Claro";"Dupla";"Reta";"Não";1;0;1;0;0;0;1;1;-25,5599323;-49,30743945;"SPRF-PR";"DEL01-PR";"UOP03-DEL01-PR"
422359;2022-03-23;"quarta-feira";"23:30:00";"CE";116;42,8;"HORIZONTE";"Acessar a via sem observar a presença dos outros veículos";"Colisão transversal";"Com Vítimas Fatais";"Plena Noite";"Decrescente";"Chuva";"Dupla";"Reta";"Sim";3;1;1;1;0;0;2;2;-4,11405876;-38,48959208;"SPRF-CE";"DEL01-CE";"UOP02-DEL01-CE"
422360;2022-03-24;"quinta-feira";"00:20:00";"RS";116;324;"BARRA DO RIBEIRO";"Ingestão de álcool pelo condutor";"Colisão com objeto";"Sem Vítimas";"Plena Noite";"Decrescente";"Chuva";"Dupla";"Reta";"Não";1;0;0;0;1;0;0;1;-30,32702593;-51,42171417;"SPRF-RS";"DEL02-RS";"UOP01-DEL02-RS"
422361;2022-03-24;"quinta-feira";"00:00:00";"PR";277;517;"GUARANIACU";"Reação tardia ou ineficiente do condutor";"Saída de leito carroçável";"Com Vítimas Feridas";"Plena Noite";"Crescente";"Céu Claro";"Simples";"Declive";"Não";3;0;1;0;2;0;1;1;-25,11378015;-52,82230904;"SPRF-PR";"DEL04-PR";"UOP01-DEL04-PR"
422362;2022-03-24;"quinta-feira";"00:30:00";"RS";290;88;"PORTO ALEGRE";"Ingestão de álcool pelo condutor";"Colisão traseira";"Com Vítimas Feridas";"Plena Noite";"Decrescente";"Chuva";"Múltipla";"Reta";"Sim";9;0;8;0;0;1;8;2;-29,967531;-51,137264;"SPRF-RS";"DEL01-RS";"UOP01-DEL01-RS"
422363;2022-03-24;"quinta-feira";"00:30:00";"BA";101;719;"EUNAPOLIS";"Reação tardia ou ineficiente do condutor";"Tombamento";"Com Vítimas Feridas";"Plena Noite";"Decrescente";"Céu Claro";"Simples";"Curva";"Sim";1;0;1;0;0;0;1;1;-16,388408;-39,587383;"SPRF-BA";"DEL09-BA";"UOP01-DEL09-BA"
422365;2022-03-23;"quarta-feira";"22:45:00";"SC";101;207;"SAO JOSE";"Ausência de reação do condutor";"Colisão com objeto";"Sem Vítimas";"Plena Noite";"Crescente";"Nublado";"Múltipla";"Aclive";"Sim";1;0;0;0;0;1;0;1;-27,60001226;-48,6226467;"SPRF-SC";"DEL01-SC";"UOP01-DEL01-SC"
422366;2022-03-19;"sábado";"02:30:00";"PR";116;13;"COLOMBO";"Estacionar ou parar em local proibido";"Colisão traseira";"Com Vítimas Feridas";"Plena Noite";"Crescente";"Chuva";"Dupla";"Reta";"Sim";3;0;3;0;0;0;3;2;-25,3818;-49,1643;"SPRF-PR";"DEL01-PR";"UOP02-DEL01-PR"
422367;2022-03-24;"quinta-feira";"01:15:00";"RJ";101;311;"SAO GONCALO";"Reação tardia ou ineficiente do condutor";"Tombamento";"Com Vítimas Feridas";"Plena Noite";"Decrescente";"Céu Claro";"Dupla";"Reta";"Sim";1;0;0;1;0;0;1;1;-22,80062246;-43,05318779;"SPRF-RJ";"DEL02-RJ";"UOP02-DEL02-RJ"
422371;2022-03-24;"quinta-feira";"01:30:00";"MS";163;476;"CAMPO GRANDE";"Ausência de reação do condutor";"Saída de leito carroçável";"Sem Vítimas";"Plena Noite";"Crescente";"Céu Claro";"Simples";"Reta";"Sim";1;0;0;0;0;1;0;1;-20,51162825;-54,56030973;"SPRF-MS";"DEL01-MS";"UOP01-DEL01-MS"
422372;2022-01-26;"quarta-feira";"17:25:00";"PE";232;176,9;"BELO JARDIM";"Acessar a via sem observar a presença dos outros veículos";"Colisão frontal";"Com Vítimas Feridas";"Anoitecer";"Crescente";"Céu Claro";"Simples";"Reta";"Não";2;0;0;1;1;0;1;2;-8,34573608;-36,39481995;"SPRF-PE";"DEL02-PE";"UOP03-DEL02-PE"
422373;2022-03-24;"quinta-feira";"02:50:00";"SC";101;107;"PENHA";"Ingestão de álcool e/ou substâncias psicoativas pelo pedestre";"Saída de leito carroçável";"Com Vítimas Feridas";"Plena Noite";"Crescente";"Nublado";"Dupla";"Reta";"Não";1;0;1;0;0;0;1;1;-26,81930608;-48,68390282;"SPRF-SC";"DEL03-SC";"UOP02-DEL03-SC"
422374;2022-03-24;"quinta-feira";"03:30:00";"ES";101;333,7;"GUARAPARI";"Chuva";"Saída de leito carroçável";"Com Vítimas Feridas";"Plena Noite";"Crescente";"Garoa/Chuvisco";"Dupla";"Reta";"Não";1;0;0;1;0;0;1;1;-20,61464111;-40,51385389;"SPRF-ES";"DEL03-ES";"UOP01-DEL03-ES"
422375;2022-03-24;"quinta-feira";"04:40:00";"SC";101;191;"BIGUACU";"Condutor deixou de manter distância do veículo da frente";"Queda de ocupante de veículo";"Com Vítimas Feridas";"Plena Noite";"Decrescente";"Céu Claro";"Dupla";"Reta";"Sim";1;0;1;0;0;0;1;1;-27,47730273;-48,64127329;"SPRF-SC";"DEL01-SC";"UOP01-DEL01-SC"
422376;2022-03-24;"quinta-feira";"04:20:00";"PR";277;594;"CASCAVEL";"Animais na Pista";"Saída de leito carroçável";"Com Vítimas Feridas";"Plena Noite";"Crescente";"Nublado";"Simples";"Reta";"Sim";1;0;1;0;0;0;1;1;-24,97919217;-53,49534988;"SPRF-PR";"DEL04-PR";"UOP01-DEL04-PR"
422377;2022-03-23;"quarta-feira";"19:00:00";"RO";435;124;"CEREJEIRAS";"Reação tardia ou ineficiente do condutor";"Colisão lateral mesmo sentido";"Com Vítimas Feridas";"Plena Noite";"Crescente";"Céu Claro";"Dupla";"Interseção de Vias";"Sim";2;0;1;0;1;0;1;2;-13,188876;-60,817287;"SPRF-RO";"DEL04-RO";"UOP02-DEL04-RO"
422378;2022-03-24;"quinta-feira";"05:40:00";"RJ";101;110;"CAMPOS DOS GOYTACAZES";"Transitar no acostamento";"Saída de leito carroçável";"Com Vítimas Feridas";"Pleno dia";"Decrescente";"Céu Claro";"Dupla";"Reta";"Não";2;0;1;0;1;0;1;1;-21,95485025;-41,64355074;"SPRF-RJ";"DEL08-RJ";"UOP02-DEL08-RJ"
422379;2022-03-24;"quinta-feira";"06:00:00";"SC";101;207;"SAO JOSE";"Ausência de reação do condutor";"Queda de ocupante de veículo";"Com Vítimas Feridas";"Pleno dia";"Decrescente";"Céu Claro";"Dupla";"Reta";"Sim";1;0;0;1;0;0;1;1;-27,60001226;-48,6226467;"SPRF-SC";"DEL01-SC";"UOP01-DEL01-SC"
422380;2022-03-23;"quarta-feira";"14:10:00";"MG";365;772,6;"ITUIUTABA";"Ausência de reação do condutor";"Queda de ocupante de veículo";"Com Vítimas Feridas";"Pleno dia";"Decrescente";"Sol";"Simples";"Reta";"Não";2;0;2;0;0;0;2;1;-18,95966324;-49,65645601;"SPRF-MG";"DEL15-MG";"UOP03-DEL15-MG"
422381;2022-03-24;"quinta-feira";"05:30:00";"MG";381;822,1;"CAREACU";"Ausência de reação do condutor";"Tombamento";"Com Vítimas Feridas";"Amanhecer";"Decrescente";"Céu Claro";"Dupla";"Em Obras;Desvio Temporário;Reta";"Não";1;0;1;0;0;0;1;1;-22,1170128;-45,75397108;"SPRF-MG";"DEL16-MG";"UOP01-DEL16-MG"
422383;2022-03-24;"quinta-feira";"05:55:00";"ES";101;186,8;"ARACRUZ";"Velocidade Incompatível";"Saída de leito carroçável";"Com Vítimas Feridas";"Amanhecer";"Crescente";"Garoa/Chuvisco";"Simples";"Declive;Curva";"Não";2;0;1;0;1;0;1;1;-19,66488404;-40,24929498;"SPRF-ES";"DEL04-ES";"UOP01-DEL04-ES"
422384;2022-02-04;"sexta-feira";"18:20:00";"ES";259;65,5;"COLATINA";"Chuva";"Colisão frontal";"Com Vítimas Feridas";"Plena Noite";"Crescente";"Chuva";"Simples";"Reta";"Não";3;0;0;2;1;0;2;2;-19,51944313;-40,71585905;"SPRF-ES";"DEL02-ES";"UOP01-DEL02-ES"
422385;2022-03-24;"quinta-feira";"07:00:00";"SP";116;224;"GUARULHOS";"Avarias e/ou desgaste excessivo no pneu";"Tombamento";"Com Vítimas Feridas";"Pleno dia";"Crescente";"Céu Claro";"Múltipla";"Reta";"Sim";2;0;1;0;1;0;1;1;-23,48071896;-46,53271603;"SPRF-SP";"DEL01-SP";"UOP01-DEL01-SP"
422386;2022-03-24;"quinta-feira";"06:10:00";"MG";50;179;"UBERABA";"Pista esburacada";"Tombamento";"Com Vítimas Feridas";"Pleno dia";"Crescente";"Céu Claro";"Múltipla";"Reta";"Sim";1;0;1;0;0;0;1;1;-19,778503;-47,931202;"SPRF-MG";"DEL13-MG";"UOP01-DEL13-MG"
422387;2022-03-24;"quinta-feira";"06:30:00";"PR";376;174,7;"MARINGA";"Ausência de reação do condutor";"Saída de leito carroçável";"Sem Vítimas";"Pleno dia";"Crescente";"Céu Claro";"Múltipla";"Reta";"Sim";1;0;0;0;1;0;0;1;-23,41430102;-51,94984299;"SPRF-PR";"DEL09-PR";"UOP01-DEL09-PR"
422388;2022-03-24;"quinta-feira";"07:40:00";"GO";40;1,1;"VALPARAISO DE GOIAS";"Pedestre cruzava a pista fora da faixa";"Atropelamento de Pedestre";"Com Vítimas Feridas";"Pleno dia";"Decrescente";"Céu Claro";"Dupla";"Reta;Aclive";"Sim";2;0;0;2;0;0;2;2;-16,058245;-47,982825;"SPRF-DF";"DEL01-DF";"UOP01-DEL01-DF"
422389;2022-03-03;"quinta-feira";"09:20:00";"RN";226;15,8;"MACAIBA";"Desrespeitar a preferência no cruzamento";"Colisão transversal";"Com Vítimas Feridas";"Pleno dia";"Crescente";"Céu Claro";"Simples";"Reta";"Sim";2;0;1;0;1;0;1;2;-5,862608;-35,342771;"SPRF-RN";"DEL01-RN";"UOP02-DEL01-RN"
422390;2022-03-24;"quinta-feira";"07:00:00";"PR";116;115;"CURITIBA";"Reação tardia ou ineficiente do condutor";"Tombamento";"Com Vítimas Feridas";"Pleno dia";"Decrescente";"Nublado";"Dupla";"Reta";"Não";1;0;1;0;0;0;1;1;-25,548768;-49,304227;"SPRF-PR";"DEL01-PR";"UOP01-DEL01-PR"
422392;2022-03-24;"quinta-feira";"07:00:00";"PI";343;340;"TERESINA";"Manobra de mudança de faixa";"Colisão lateral mesmo sentido";"Com Vítimas Feridas";"Pleno dia";"Crescente";"Céu Claro";"Dupla";"Reta";"Não";3;0;1;0;2;0;1;2;-5,074137;-42,73629;"SPRF-PI";"DEL01-PI";"UOP01-DEL01-PI"
422395;2022-03-24;"quinta-feira";"07:30:00";"SP";116;269;"TABOAO DA SERRA";"Acessar a via sem observar a presença dos outros veículos";"Engavetamento";"Com Vítimas Feridas";"Plena Noite";"Decrescente";"Céu Claro";"Múltipla";"Reta";"Sim";4;0;0;2;0;2;2;3;-23,61593059;-46,78826044;"SPRF-SP";"DEL04-SP";"UOP01-DEL04-SP"
422396;2022-03-24;"quinta-feira";"05:00:00";"MS";163;690;"RIO VERDE DE MATO GROSSO";"Animais na Pista";"Atropelamento de Animal";"Sem Vítimas";"Amanhecer";"Crescente";"Céu Claro";"Simples";"Ponte";"Não";5;0;0;0;5;0;0;1;-18,84339808;-54,81605383;"SPRF-MS";"DEL06-MS";"UOP01-DEL06-MS"
422397;2022-03-24;"quinta-feira";"07:55:00";"PB";230;11,6;"CABEDELO";"Transitar no acostamento";"Atropelamento de Pedestre";"Com Vítimas Feridas";"Pleno dia";"Crescente";"Garoa/Chuvisco";"Múltipla";"Retorno Regulamentado";"Sim";2;0;0;1;1;0;1;2;-7,0596;-34,8506;"SPRF-PB";"DEL01-PB";"UOP01-DEL01-PB"
422399;2022-03-24;"quinta-feira";"07:59:00";"MG";116;413;"GOVERNADOR VALADARES";"Acessar a via sem observar a presença dos outros veículos";"Colisão transversal";"Com Vítimas Feridas";"Pleno dia";"Crescente";"Céu Claro";"Múltipla";"Reta";"Não";2;0;1;0;1;0;1;2;-18,873907;-41,966366;"SPRF-MG";"DEL06-MG";"UOP01-DEL06-MG"
422401;2022-03-23;"quarta-feira";"23:00:00";"PR";153;494;"GENERAL CARNEIRO";"Velocidade Incompatível";"Capotamento";"Com Vítimas Feridas";"Plena Noite";"Decrescente";"Chuva";"Simples";"Curva";"Não";2;0;2;0;0;0;2;1;-26,449847;-51,320082;"SPRF-PR";"DEL02-PR";"UOP03-DEL02-PR"
422403;2022-03-24;"quinta-feira";"07:20:00";"SC";282;250;"LAGES";"Chuva";"Colisão frontal";"Com Vítimas Feridas";"Amanhecer";"Decrescente";"Chuva";"Simples";"Reta";"Não";3;0;2;1;0;0;3;2;-27,697491;-50,543484;"SPRF-SC";"DEL05-SC";"UOP02-DEL05-SC"
422404;2022-01-07;"sexta-feira";"22:05:00";"RS";293;14,8;"CAPAO DO LEAO";"Mal súbito do condutor";"Saída de leito carroçável";"Com Vítimas Fatais";"Plena Noite";"Decrescente";"Céu Claro";"Simples";"Reta";"Sim";1;1;0;0;0;0;0;1;-31,7500862;-52,4711418;"SPRF-RS";"DEL07-RS";"UOP01-DEL07-RS"
422409;2022-03-24;"quinta-feira";"07:50:00";"PB";104;138;"QUEIMADAS";"Desrespeitar a preferência no cruzamento";"Colisão transversal";"Com Vítimas Feridas";"Pleno dia";"Crescente";"Nublado";"Simples";"Reta";"Sim";2;0;1;0;1;0;1;2;-7,36116095;-35,90230617;"SPRF-PB";"DEL02-PB";"UOP03-DEL02-PB"
422411;2022-03-24;"quinta-feira";"08:30:00";"MG";459;105;"POUSO ALEGRE";"Condutor deixou de manter distância do veículo da frente";"Colisão traseira";"Com Vítimas Feridas";"Pleno dia";"Crescente";"Nublado";"Dupla";"Reta";"Não";2;0;1;0;1;0;1;2;-22,227884;-45,903973;"SPRF-MG";"DEL16-MG";"UOP01-DEL16-MG"
422412;2022-03-24;"quinta-feira";"05:30:00";"ES";482;79;"ALEGRE";"Demais Fenômenos da natureza";"Colisão com objeto";"Com Vítimas Feridas";"Amanhecer";"Crescente";"Nublado";"Simples";"Reta";"Sim";1;0;0;1;0;0;1;1;-20,76011297;-41,50138131;"SPRF-ES";"DEL03-ES";"UOP02-DEL03-ES"
422413;2022-03-24;"quinta-feira";"08:38:00";"PI";343;265;"CAMPO MAIOR";"Reação tardia ou ineficiente do condutor";"Colisão traseira";"Com Vítimas Feridas";"Pleno dia";"Crescente";"Céu Claro";"Simples";"Reta";"Sim";2;0;1;0;1;0;1;2;-4,834697;-42,167046;"SPRF-PI";"DEL01-PI";"UOP03-DEL01-PI"
422415;2022-03-24;"quinta-feira";"07:50:00";"MG";354;731,3;"POUSO ALTO";"Velocidade Incompatível";"Tombamento";"Com Vítimas Feridas";"Pleno dia";"Crescente";"Sol";"Simples";"Curva;Declive";"Não";1;0;1;0;0;0;1;1;-22,17071402;-44,96390985;"SPRF-MG";"DEL17-MG";"UOP01-DEL17-MG"
422416;2022-03-24;"quinta-feira";"09:15:00";"SP";153;174,3;"GUAICARA";"Acessar a via sem observar a presença dos outros veículos";"Colisão transversal";"Com Vítimas Feridas";"Pleno dia";"Decrescente";"Céu Claro";"Simples";"Interseção de Vias";"Sim";2;0;2;0;0;0;2;2;-21,633102;-49,787743;"SPRF-SP";"DEL07-SP";"UOP01-DEL07-SP"
422418;2022-03-24;"quinta-feira";"09:00:00";"RJ";493;23,5;"MAGE";"Condutor deixou de manter distância do veículo da frente";"Engavetamento";"Sem Vítimas";"Pleno dia";"Crescente";"Céu Claro";"Simples";"Declive";"Não";3;0;0;0;3;0;0;3;-22,65705297;-43,061742;"SPRF-RJ";"DEL04-RJ";"UOP02-DEL04-RJ"
422419;2022-03-24;"quinta-feira";"09:10:00";"RJ";101;562;"PARATY";"Acessar a via sem observar a presença dos outros veículos";"Colisão transversal";"Com Vítimas Feridas";"Pleno dia";"Crescente";"Céu Claro";"Simples";"Reta";"Não";2;0;1;0;1;0;1;2;-23,13149696;-44,70949387;"SPRF-RJ";"DEL03-RJ";"UOP04-DEL03-RJ"
422420;2022-03-24;"quinta-feira";"08:50:00";"MG";50;72;"UBERLANDIA";"Reação tardia ou ineficiente do condutor";"Engavetamento";"Com Vítimas Feridas";"Pleno dia";"Decrescente";"Céu Claro";"Dupla";"Aclive;Reta";"Sim";4;0;1;0;3;0;1;4;-18,90121141;-48,23845625;"SPRF-MG";"DEL15-MG";"UOP01-DEL15-MG"
422421;2022-03-24;"quinta-feira";"09:30:00";"SC";101;327,1;"CAPIVARI DE BAIXO";"Acumulo de água sobre o pavimento";"Capotamento";"Com Vítimas Feridas";"Pleno dia";"Crescente";"Chuva";"Múltipla";"Viaduto;Aclive;Reta";"Não";2;0;1;0;1;0;1;1;-28,439056;-48,962198;"SPRF-SC";"DEL02-SC";"UOP01-DEL02-SC"
422422;2022-03-12;"sábado";"10:25:00";"PR";376;182;"MARINGA";"Acessar a via sem observar a presença dos outros veículos";"Colisão transversal";"Com Vítimas Feridas";"Plena Noite";"Decrescente";"Nublado";"Dupla";"Rotatória;Reta";"Sim";2;0;1;0;1;0;1;2;-23,43133559;-51,88767672;"SPRF-PR";"DEL09-PR";"UOP01-DEL09-PR"
422423;2022-03-24;"quinta-feira";"06:50:00";"BA";116;758,1;"POCOES";"Conversão proibida";"Colisão lateral mesmo sentido";"Com Vítimas Feridas";"Pleno dia";"Crescente";"Céu Claro";"Simples";"Reta";"Sim";3;0;2;0;0;1;2;2;-14,48268504;-40,33737489;"SPRF-BA";"DEL08-BA";"UOP02-DEL08-BA"
422424;2022-03-24;"quinta-feira";"09:00:00";"RO";364;12;"VILHENA";"Desrespeitar a preferência no cruzamento";"Colisão transversal";"Com Vítimas Feridas";"Pleno dia";"Crescente";"Céu Claro";"Dupla";"Interseção de Vias";"Sim";3;0;1;0;2;0;1;2;-12,74263672;-60,12332624;"SPRF-RO";"DEL04-RO";"UOP01-DEL04-RO"
422426;2022-03-24;"quinta-feira";"10:35:00";"SC";101;460;"PASSO DE TORRES";"Acessar a via sem observar a presença dos outros veículos";"Colisão transversal";"Com Vítimas Feridas";"Pleno dia";"Decrescente";"Céu Claro";"Dupla";"Reta";"Sim";3;0;1;0;2;0;1;2;-29,25788799;-49,7565232;"SPRF-RS";"DEL03-RS";"UOP02-DEL03-RS"
422434;2022-03-24;"quinta-feira";"09:40:00";"RJ";101;417;"MANGARATIBA";"Transitar na contramão";"Colisão frontal";"Com Vítimas Fatais";"Pleno dia";"Crescente";"Céu Claro";"Simples";"Reta";"Sim";3;1;1;0;1;0;1;2;-22,91293797;-43,89732384;"SPRF-RJ";"DEL03-RJ";"UOP03-DEL03-RJ"
422435;2022-03-24;"quinta-feira";"10:50:00";"SC";101;204,1;"SAO JOSE";"Trafegar com motocicleta (ou similar) entre as faixas";"Colisão lateral mesmo sentido";"Com Vítimas Feridas";"Pleno dia";"Crescente";"Nublado";"Múltipla";"Reta";"Sim";2;0;1;0;1;0;1;2;-27,57637449;-48,61332178;"SPRF-SC";"DEL01-SC";"UOP01-DEL01-SC"
422436;2022-03-24;"quinta-feira";"10:30:00";"PR";376;450,9;"TIBAGI";"Manobra de mudança de faixa";"Colisão com objeto";"Com Vítimas Feridas";"Pleno dia";"Crescente";"Sol";"Dupla";"Curva";"Não";1;0;0;1;0;0;1;1;-24,934557;-50,40438302;"SPRF-PR";"DEL03-PR";"UOP02-DEL03-PR"
422439;2022-03-24;"quinta-feira";"10:55:00";"MS";163;183;"JUTI";"Pedestre cruzava a pista fora da faixa";"Atropelamento de Pedestre";"Com Vítimas Fatais";"Pleno dia";"Crescente";"Sol";"Simples";"Reta";"Não";3;1;0;0;1;1;0;2;-22,81789076;-54,70297393;"SPRF-MS";"DEL09-MS";"UOP01-DEL09-MS"
422440;2022-03-24;"quinta-feira";"12:00:00";"SC";101;203;"SAO JOSE";"Manobra de mudança de faixa";"Colisão traseira";"Com Vítimas Feridas";"Pleno dia";"Decrescente";"Chuva";"Dupla";"Reta";"Sim";2;0;1;0;1;0;1;2;-27,5650044;-48,61460082;"SPRF-SC";"DEL01-SC";"UOP01-DEL01-SC"
422441;2022-03-24;"quinta-feira";"12:25:00";"ES";101;266,3;"SERRA";"Condutor desrespeitou a iluminação vermelha do semáforo";"Colisão transversal";"Com Vítimas Feridas";"Plena Noite";"Decrescente";"Garoa/Chuvisco";"Múltipla";"Interseção de Vias;Reta";"Sim";2;0;1;0;1;0;1;2;-20,190199;-40,26828891;"SPRF-ES";"DEL02-ES";"UOP01-DEL02-ES"
422444;2022-03-24;"quinta-feira";"12:30:00";"RN";427;5,8;"CURRAIS NOVOS";"Chuva";"Saída de leito carroçável";"Com Vítimas Feridas";"Pleno dia";"Decrescente";"Chuva";"Simples";"Curva";"Não";2;0;2;0;0;0;2;1;-6,3302622;-36,55119985;"SPRF-RN";"DEL03-RN";"UOP02-DEL03-RN"
422445;2022-03-24;"quinta-feira";"13:10:00";"MG";381;488,6;"BETIM";"Pedestre andava na pista";"Queda de ocupante de veículo";"Com Vítimas Feridas";"Pleno dia";"Decrescente";"Céu Claro";"Dupla";"Reta";"Sim";2;0;0;1;0;1;1;2;-19,9598656;-44,15489715;"SPRF-MG";"DEL01-MG";"UOP03-DEL01-MG"
422448;2022-03-24;"quinta-feira";"11:00:00";"PE";101;91,1;"CABO DE SANTO AGOSTINHO";"Condutor deixou de manter distância do veículo da frente";"Engavetamento";"Sem Vítimas";"Pleno dia";"Crescente";"Céu Claro";"Dupla";"Reta";"Não";4;0;0;0;3;1;0;4;-8,22399812;-34,99290474;"SPRF-PE";"DEL01-PE";"UOP01-DEL01-PE"
422450;2022-03-24;"quinta-feira";"11:40:00";"RJ";40;123;"DUQUE DE CAXIAS";"Pedestre cruzava a pista fora da faixa";"Atropelamento de Pedestre";"Com Vítimas Feridas";"Pleno dia";"Crescente";"Sol";"Simples";"Viaduto";"Sim";2;0;0;1;1;0;1;2;-22,79907687;-43,29015739;"SPRF-RJ";"DEL01-RJ";"UOP01-DEL01-RJ"
422453;2022-03-24;"quinta-feira";"12:55:00";"PA";316;53,5;"CASTANHAL";"Acumulo de água sobre o pavimento";"Saída de leito carroçável";"Sem Vítimas";"Pleno dia";"Decrescente";"Chuva";"Dupla";"Curva";"Não";3;0;0;0;3;0;0;1;-1,30643485;-48,01696002;"SPRF-PA";"DEL01-PA";"UOP01-DEL01-PA"