"id";"data_inversa";"dia_semana";"horario";"uf";"br";"km";"municipio";"causa_acidente";"tipo_acidente";"classificacao_acidente";"fase_dia";"sentido_via";"condicao_metereologica";"tipo_pista";"tracado_via";"uso_solo";"pessoas";"mortos";"feridos_leves";"feridos_graves";"ilesos";"ignorados";"feridos";"veiculos";"latitude";"longitude";"regional";"delegacia";"uop"
422454;2022-03-24;"quinta-feira";"11:55:00";"PR";277;712;"SANTA TEREZINHA DE ITAIPU";"Chuva";"Saída de leito carroçável";"Com Vítimas Feridas";"Pleno dia";"Decrescente";"Chuva";"Dupla";"Reta";"Não";1;0;1;0;0;0;1;1;-25,45780735;-54,43119986;"SPRF-PR";"DEL05-PR";"UOP01-DEL05-PR"
422455;2022-03-10;"quinta-feira";"12:15:00";"PE";232;509;"SALGUEIRO";"Acessar a via sem observar a presença dos outros veículos";"Colisão transversal";"Com Vítimas Feridas";"Pleno dia";"Decrescente";"Céu Claro";"Simples";"Reta";"Sim";2;0;1;0;1;0;1;2;-8,06449154;-39,1298447;"SPRF-PE";"DEL05-PE";"UOP01-DEL05-PE"
422457;2022-03-24;"quinta-feira";"14:00:00";"RN";101;99;"NATAL";"Manobra de mudança de faixa";"Colisão lateral mesmo sentido";"Sem Vítimas";"Pleno dia";"Crescente";"Sol";"Múltipla";"Reta";"Sim";3;0;0;0;3;0;0;3;-5,87359183;-35,22063023;"SPRF-RN";"DEL01-RN";"UOP01-DEL01-RN"
422461;2022-03-24;"quinta-feira";"14:20:00";"MA";10;269,1;"IMPERATRIZ";"Pista esburacada";"Tombamento";"Com Vítimas Feridas";"Pleno dia";"Decrescente";"Céu Claro";"Simples";"Reta";"Não";1;0;0;1;0;0;1;1;-5,382404;-47,476055;"SPRF-MA";"DEL04-MA";"UOP01-DEL04-MA"
422464;2022-03-24;"quinta-feira";"15:20:00";"BA";324;574;"SAO SEBASTIAO DO PASSE";"Condutor Dormindo";"Capotamento";"Com Vítimas Feridas";"Pleno dia";"Decrescente";"Céu Claro";"Dupla";"Reta";"Não";1;0;1;0;0;0;1;1;-12,56758892;-38,55238794;"SPRF-BA";"DEL01-BA";"UOP01-DEL01-BA"
422466;2022-03-24;"quinta-feira";"15:05:00";"TO";153;393,4;"RIO DOS BOIS";"Condutor deixou de manter distância do veículo da frente";"Colisão traseira";"Sem Vítimas";"Pleno dia";"Decrescente";"Chuva";"Simples";"Declive";"Não";2;0;0;0;2;0;0;2;-9,35274923;-48,5436847;"SPRF-TO";"DEL02-TO";"UOP02-DEL02-TO"
422468;2022-03-24;"quinta-feira";"15:30:00";"RN";304;139,9;"ANGICOS";"Ingestão de álcool pelo condutor";"Saída de leito carroçável";"Com Vítimas Feridas";"Pleno dia";"Crescente";"Chuva";"Simples";"Reta";"Não";1;0;1;0;0;0;1;1;-5,66512875;-36,69033896;"SPRF-RN";"DEL04-RN";"UOP01-DEL04-RN"
422470;2022-03-24;"quinta-feira";"15:00:00";"MA";135;5;"SAO LUIS";"Reação tardia ou ineficiente do condutor";"Atropelamento de Pedestre";"Com Vítimas Fatais";"Pleno dia";"Crescente";"Céu Claro";"Dupla";"Reta";"Sim";3;1;0;0;1;1;0;2;-2,62145385;-44,25797421;"SPRF-MA";"DEL01-MA";"UOP01-DEL01-MA"
422471;2022-03-16;"quarta-feira";"22:30:00";"MS";262;326;"CAMPO GRANDE";"Demais falhas mecânicas ou elétricas";"Incêndio";"Sem Vítimas";"Plena Noite";"Crescente";"Céu Claro";"Dupla";"Reta";"Sim";1;0;0;0;0;1;0;1;-20,46867409;-54,53455902;"SPRF-MS";"DEL01-MS";"UOP01-DEL01-MS"
422472;2022-03-24;"quinta-feira";"13:30:00";"RS";386;30,1;"FREDERICO WESTPHALEN";"Velocidade Incompatível";"Saída de leito carroçável";"Com Vítimas Feridas";"Pleno dia";"Crescente";"Chuva";"Simples";"Curva";"Não";2;0;2;0;0;0;2;1;-27,327456;-53,376171;"SPRF-RS";"DEL08-RS";"UOP02-DEL08-RS"
422473;2022-03-24;"quinta-feira";"13:20:00";"AC";317;276;"EPITACIOLANDIA";"Reação tardia ou ineficiente do condutor";"Colisão traseira";"Sem Vítimas";"Pleno dia";"Decrescente";"Céu Claro";"Simples";"Reta";"Não";5;0;0;0;5;0;0;2;-10,97135817;-68,62428197;"SPRF-AC";"DEL01-AC";"UOP02-DEL01-AC"
422478;2022-03-24;"quinta-feira";"16:13:00";"MG";381;714,2;"CARMO DA CACHOEIRA";"Objeto estático sobre o leito carroçável";"Colisão com objeto";"Com Vítimas Feridas";"Pleno dia";"Decrescente";"Céu Claro";"Dupla";"Reta";"Não";3;0;1;0;2;0;1;1;-21,412341;-45,21069006;"SPRF-MG";"DEL04-MG";"UOP02-DEL04-MG"
422479;2022-03-24;"quinta-feira";"16:25:00";"MG";40;617,5;"CONGONHAS";"Condutor deixou de manter distância do veículo da frente";"Colisão traseira";"Com Vítimas Feridas";"Pleno dia";"Crescente";"Sol";"Simples";"Reta";"Sim";2;0;1;0;1;0;1;2;-20,55295397;-43,81450989;"SPRF-MG";"DEL05-MG";"UOP02-DEL05-MG"
422480;2022-03-20;"domingo";"21:00:00";"SP";116;545;"BARRA DO TURVO";"Pista Escorregadia";"Colisão com objeto";"Sem Vítimas";"Plena Noite";"Crescente";"Chuva";"Dupla";"Curva";"Não";2;0;0;0;2;0;0;1;-24,96228975;-48,41383577;"SPRF-SP";"DEL05-SP";"UOP02-DEL05-SP"
422481;2022-03-24;"quinta-feira";"15:25:00";"MS";163;475;"CAMPO GRANDE";"Acessar a via sem observar a presença dos outros veículos";"Colisão transversal";"Com Vítimas Feridas";"Pleno dia";"Crescente";"Nublado";"Simples";"Reta";"Sim";2;0;1;0;1;0;1;2;-20,51838231;-54,56658567;"SPRF-MS";"DEL01-MS";"UOP01-DEL01-MS"
422482;2022-03-24;"quinta-feira";"14:30:00";"MG";381;757,5;"TRES CORACOES";"Ausência de reação do condutor";"Tombamento";"Com Vítimas Feridas";"Pleno dia";"Decrescente";"Sol";"Dupla";"Reta";"Não";1;0;1;0;0;0;1;1;-21,70132096;-45,36760823;"SPRF-MG";"DEL16-MG";"UOP02-DEL16-MG"
422483;2022-03-24;"quinta-feira";"17:00:00";"MG";365;626;"UBERLANDIA";"Ausência de reação do condutor";"Tombamento";"Com Vítimas Feridas";"Pleno dia";"Crescente";"Céu Claro";"Dupla";"Reta";"Sim";1;0;1;0;0;0;1;1;-18,90659356;-48,33469405;"SPRF-MG";"DEL15-MG";"UOP01-DEL15-MG"
422484;2022-03-24;"quinta-feira";"16:00:00";"BA";410;32;"TUCANO";"Demais falhas mecânicas ou elétricas";"Incêndio";"Sem Vítimas";"Pleno dia";"Decrescente";"Céu Claro";"Simples";"Curva";"Não";1;0;0;0;1;0;0;1;-10,97380897;-38,77159901;"SPRF-BA";"DEL07-BA";"UOP02-DEL07-BA"
422485;2022-03-24;"quinta-feira";"15:45:00";"SP";153;153,5;"PROMISSAO";"Desrespeitar a preferência no cruzamento";"Colisão transversal";"Com Vítimas Feridas";"Pleno dia";"Crescente";"Céu Claro";"Simples";"Interseção de Vias";"Não";2;0;1;0;1;0;1;2;-21,44437099;-49,78452187;"SPRF-SP";"DEL07-SP";"UOP01-DEL07-SP"
422486;2022-01-03;"segunda-feira";"17:35:00";"RJ";493;20;"MAGE";"Ultrapassagem Indevida";"Colisão transversal";"Com Vítimas Feridas";"Pleno dia";"Decrescente";"Nublado";"Simples";"Reta";"Sim";2;0;1;0;1;0;1;2;-22,66364;-43,036495;"SPRF-RJ";"DEL04-RJ";"UOP02-DEL04-RJ"
422488;2022-03-24;"quinta-feira";"13:30:00";"MT";163;112,7;"RONDONOPOLIS";"Acumulo de água sobre o pavimento";"Saída de leito carroçável";"Com Vítimas Feridas";"Pleno dia";"Crescente";"Chuva";"Dupla";"Reta";"Não";1;0;1;0;0;0;1;1;-16,548575;-54,672608;"SPRF-MT";"DEL02-MT";"UOP01-DEL02-MT"
422489;2022-03-24;"quinta-feira";"17:30:00";"SC";101;134,5;"BALNEARIO CAMBORIU";"Reação tardia ou ineficiente do condutor";"Colisão transversal";"Com Vítimas Feridas";"Pleno dia";"Decrescente";"Chuva";"Múltipla";"Reta";"Não";2;0;1;0;1;0;1;2;-27,00218;-48,636433;"SPRF-SC";"DEL04-SC";"UOP03-DEL04-SC"
422490;2022-03-24;"quinta-feira";"16:45:00";"PR";376;186;"SARANDI";"Velocidade Incompatível";"Colisão traseira";"Sem Vítimas";"Pleno dia";"Decrescente";"Céu Claro";"Dupla";"Aclive";"Sim";4;0;0;0;3;1;0;3;-23,451212;-51,85387;"SPRF-PR";"DEL09-PR";"UOP01-DEL09-PR"
422491;2022-03-24;"quinta-feira";"17:45:00";"PE";232;80;"GRAVATA";"Ultrapassagem Indevida";"Colisão frontal";"Com Vítimas Feridas";"Plena Noite";"Crescente";"Nublado";"Dupla";"Reta";"Sim";2;0;1;0;1;0;1;2;-8,19579864;-35,56962305;"SPRF-PE";"DEL02-PE";"UOP02-DEL02PE"
422492;2022-03-24;"quinta-feira";"17:40:00";"PI";316;13;"TERESINA";"Retorno proibido";"Colisão transversal";"Com Vítimas Feridas";"Anoitecer";"Decrescente";"Nublado";"Múltipla";"Reta";"Sim";2;0;1;1;0;0;2;2;-5,2096314;-42,75526995;"SPRF-PI";"DEL01-PI";"UOP02-DEL01-PI"
422493;2022-03-24;"quinta-feira";"17:45:00";"PB";230;23;"JOAO PESSOA";"Ausência de reação do condutor";"Engavetamento";"Sem Vítimas";"Anoitecer";"Decrescente";"Nublado";"Dupla";"Viaduto";"Sim";3;0;0;0;3;0;0;3;-7,1562;-34,8574;"SPRF-PB";"DEL01-PB";"UOP01-DEL01-PB"
422494;2022-03-24;"quinta-feira";"15:15:00";"RJ";116;105;"GUAPIMIRIM";"Demais falhas mecânicas ou elétricas";"Tombamento";"Com Vítimas Feridas";"Pleno dia";"Decrescente";"Sol";"Dupla";"Reta";"Sim";1;0;1;0;0;0;1;1;-22,51502902;-43,00052292;"SPRF-RJ";"DEL04-RJ";"UOP01-DEL04-RJ"
422497;2022-03-24;"quinta-feira";"18:20:00";"BA";324;624;"SALVADOR";"Acessar a via sem observar a presença dos outros veículos";"Colisão lateral mesmo sentido";"Com Vítimas Feridas";"Plena Noite";"Decrescente";"Céu Claro";"Dupla";"Reta";"Sim";1;0;1;0;0;0;1;1;-12,933839;-38,47190701;"SPRF-BA";"DEL01-BA";"UOP01-DEL01-BA"
422499;2022-03-24;"quinta-feira";"18:50:00";"MG";40;502,1;"ESMERALDAS";"Animais na Pista";"Atropelamento de Animal";"Com Vítimas Feridas";"Plena Noite";"Crescente";"Céu Claro";"Dupla";"Reta";"Não";1;0;1;0;0;0;1;1;-19,714002;-44,160929;"SPRF-MG";"DEL02-MG";"UOP01-DEL02-MG"
422500;2022-03-24;"quinta-feira";"19:30:00";"SP";101;49,7;"UBATUBA";"Ausência de reação do condutor";"Colisão transversal";"Com Vítimas Feridas";"Plena Noite";"Decrescente";"Céu Claro";"Simples";"Reta";"Sim";2;0;1;0;1;0;1;2;-23,44410908;-45,08375708;"SPRF-SP";"DEL06-SP";"UOP01-DEL06-SP"
422501;2022-03-24;"quinta-feira";"18:50:00";"CE";116;23;"EUSEBIO";"Afundamento ou ondulação no pavimento";"Tombamento";"Com Vítimas Feridas";"Plena Noite";"Decrescente";"Céu Claro";"Dupla";"Reta";"Não";1;0;1;0;0;0;1;1;-3,94905489;-38,51212845;"SPRF-CE";"DEL01-CE";"UOP02-DEL01-CE"
422504;2022-03-24;"quinta-feira";"19:30:00";"PR";376;247;"APUCARANA";"Chuva";"Saída de leito carroçável";"Com Vítimas Feridas";"Plena Noite";"Crescente";"Chuva";"Dupla";"Curva";"Sim";3;0;2;0;1;0;2;1;-23,59484323;-51,41143441;"SPRF-PR";"DEL07-PR";"UOP02-DEL07-PR"
422506;2022-03-24;"quinta-feira";"19:15:00";"PR";369;116;"URAI";"Velocidade Incompatível";"Saída de leito carroçável";"Com Vítimas Feridas";"Plena Noite";"Decrescente";"Chuva";"Dupla";"Curva";"Não";2;0;2;0;0;0;2;1;-23,284157;-50,8687;"SPRF-PR";"DEL07-PR";"UOP01-DEL07-PR"
422507;2022-03-24;"quinta-feira";"18:50:00";"SP";116;283;"EMBU DAS ARTES";"Reação tardia ou ineficiente do condutor";"Queda de ocupante de veículo";"Com Vítimas Feridas";"Plena Noite";"Decrescente";"Céu Claro";"Simples";"Reta";"Sim";2;0;2;0;0;0;2;2;-23,676001;-46,856661;"SPRF-SP";"DEL04-SP";"UOP01-DEL04-SP"
422509;2022-03-24;"quinta-feira";"18:45:00";"SC";101;127,5;"ITAJAI";"Ausência de reação do condutor";"Tombamento";"Com Vítimas Feridas";"Plena Noite";"Crescente";"Nublado";"Dupla";"Reta";"Não";1;0;0;1;0;0;1;1;-26,9639319;-48,68328024;"SPRF-SC";"DEL04-SC";"UOP04-DEL04-SC"
422510;2022-03-24;"quinta-feira";"20:00:00";"RJ";116;13;"SAPUCAIA";"Animais na Pista";"Atropelamento de Animal";"Com Vítimas Feridas";"Plena Noite";"Crescente";"Céu Claro";"Simples";"Reta";"Sim";3;0;1;0;2;0;1;2;-21,95256217;-42,73351991;"SPRF-RJ";"DEL05-RJ";"UOP01-DEL05-RJ"
422512;2022-03-24;"quinta-feira";"19:00:00";"BA";110;296;"INHAMBUPE";"Reação tardia ou ineficiente do condutor";"Colisão traseira";"Com Vítimas Feridas";"Plena Noite";"Decrescente";"Céu Claro";"Simples";"Reta";"Não";3;0;2;0;1;0;2;2;-11,871622;-38,37562193;"SPRF-BA";"DEL01-BA";"UOP04-DEL01-BA"
422513;2022-03-24;"quinta-feira";"19:50:00";"PE";428;139,1;"LAGOA GRANDE";"Acessar a via sem observar a presença dos outros veículos";"Colisão transversal";"Com Vítimas Feridas";"Plena Noite";"Crescente";"Nublado";"Simples";"Reta";"Sim";2;0;1;0;0;1;1;2;-8,98787563;-40,26256422;"SPRF-PE";"DEL06-PE";"UOP03-DEL06-PE"
422516;2022-03-24;"quinta-feira";"20:30:00";"MG";365;757,8;"ITUIUTABA";"Demais falhas mecânicas ou elétricas";"Queda de ocupante de veículo";"Com Vítimas Feridas";"Plena Noite";"Crescente";"Nublado";"Simples";"Declive";"Não";1;0;1;0;0;0;1;1;-18,96358968;-49,4773831;"SPRF-MG";"DEL15-MG";"UOP03-DEL15-MG"
422517;2022-03-24;"quinta-feira";"19:00:00";"RO";429;147;"SAO MIGUEL DO GUAPORE";"Reação tardia ou ineficiente do condutor";"Queda de ocupante de veículo";"Com Vítimas Feridas";"Plena Noite";"Crescente";"Nublado";"Simples";"Ponte";"Não";1;0;1;0;0;0;1;1;-11,64917696;-62,63965007;"SPRF-RO";"DEL02-RO";"UOP03-DEL02-RO"
422519;2022-03-24;"quinta-feira";"19:50:00";"PR";153;18;"JACAREZINHO";"Demais falhas mecânicas ou elétricas";"Queda de ocupante de veículo";"Com Vítimas Feridas";"Plena Noite";"Decrescente";"Chuva";"Simples";"Reta";"Sim";1;0;1;0;0;0;1;1;-23,14321582;-49,94911225;"SPRF-PR";"DEL07-PR";"UOP04-DEL07-PR"
422521;2022-03-24;"quinta-feira";"20:45:00";"PR";153;85,1;"CONSELHEIRO MAIRINCK";"Ausência de reação do condutor";"Saída de leito carroçável";"Com Vítimas Feridas";"Plena Noite";"Crescente";"Chuva";"Simples";"Reta";"Não";2;0;1;0;1;0;1;1;-23,64765997;-50,15252239;"SPRF-PR";"DEL07-PR";"UOP04-DEL07-PR"
422522;2022-03-24;"quinta-feira";"19:20:00";"MG";40;485;"CAPIM BRANCO";"Velocidade Incompatível";"Saída de leito carroçável";"Com Vítimas Feridas";"Plena Noite";"Decrescente";"Céu Claro";"Dupla";"Retorno Regulamentado";"Não";4;0;0;1;1;2;1;2;-19,58183697;-44,22853982;"SPRF-MG";"DEL02-MG";"UOP01-DEL02-MG"
422524;2022-02-04;"sexta-feira";"06:20:00";"CE";20;431;"FORTALEZA";"Acessar a via sem observar a presença dos outros veículos";"Colisão transversal";"Com Vítimas Feridas";"Pleno dia";"Crescente";"Chuva";"Dupla";"Reta";"Sim";2;0;0;1;1;0;1;2;-3,76999035;-38,67006282;"SPRF-CE";"DEL01-CE";"UOP02-DEL01-CE"
422525;2022-03-24;"quinta-feira";"16:35:00";"MG";381;585,4;"CARMOPOLIS DE MINAS";"Manobra de mudança de faixa";"Colisão traseira";"Com Vítimas Feridas";"Pleno dia";"Crescente";"Céu Claro";"Dupla";"Reta";"Sim";2;0;1;0;1;0;1;2;-20,538292;-44,64046;"SPRF-MG";"DEL04-MG";"UOP01-DEL04-MG"
422526;2022-03-24;"quinta-feira";"22:10:00";"PR";376;171,8;"MARINGA";"Área urbana sem a presença de local apropriado para a travessia de pedestres";"Atropelamento de Pedestre";"Com Vítimas Fatais";"Plena Noite";"Decrescente";"Garoa/Chuvisco";"Dupla";"Reta";"Sim";2;1;0;1;0;0;1;2;-23,41538717;-51,98044896;"SPRF-PR";"DEL09-PR";"UOP01-DEL09-PR"
422527;2022-03-24;"quinta-feira";"19:15:00";"MS";163;258,6;"DOURADOS";"Reação tardia ou ineficiente do condutor";"Colisão com objeto";"Com Vítimas Feridas";"Plena Noite";"Crescente";"Chuva";"Simples";"Em Obras;Curva;Desvio Temporário";"Sim";1;0;1;0;0;0;1;1;-22,25859;-54,783592;"SPRF-MS";"DEL04-MS";"UOP01-DEL04-MS"
422528;2022-03-24;"quinta-feira";"19:40:00";"PR";277;161;"PALMEIRA";"Ingestão de álcool pelo condutor";"Colisão lateral sentido oposto";"Sem Vítimas";"Plena Noite";"Crescente";"Garoa/Chuvisco";"Simples";"Curva";"Sim";2;0;0;0;2;0;0;2;-25,47289;-49,895964;"SPRF-PR";"DEL01-PR";"UOP03-DEL03-PR"
422530;2022-03-24;"quinta-feira";"21:00:00";"PR";277;74;"SAO JOSE DOS PINHAIS";"Condutor deixou de manter distância do veículo da frente";"Colisão traseira";"Com Vítimas Feridas";"Plena Noite";"Decrescente";"Chuva";"Dupla";"Reta";"Não";2;0;1;0;0;1;1;2;-25,51726115;-49,11540707;"SPRF-PR";"DEL01-PR";"UOP01-DEL01-PR"
422533;2022-02-19;"sábado";"22:30:00";"ES";101;297;"VIANA";"Condutor deixou de manter distância do veículo da frente";"Colisão traseira";"Com Vítimas Feridas";"Plena Noite";"Crescente";"Céu Claro";"Dupla";"Reta";"Sim";3;0;1;0;2;0;1;2;-20,34529844;-40,41026774;"SPRF-ES";"DEL01-ES";"UOP01-DEL01-ES"
422534;2022-03-24;"quinta-feira";"19:20:00";"RS";101;81,5;"OSORIO";"Entrada inopinada do pedestre";"Atropelamento de Pedestre";"Com Vítimas Fatais";"Plena Noite";"Decrescente";"Céu Claro";"Dupla";"Reta";"Não";2;1;0;0;1;0;0;2;-29,83475603;-50,24628662;"SPRF-RS";"DEL03-RS";"UOP01-DEL03-RS"
422536;2022-03-24;"quinta-feira";"22:30:00";"RJ";116;171;"MESQUITA";"Ausência de reação do condutor";"Queda de ocupante de veículo";"Com Vítimas Feridas";"Plena Noite";"Decrescente";"Céu Claro";"Dupla";"Reta";"Sim";1;0;1;0;0;0;1;1;-22,79423806;-43,36403759;"SPRF-RJ";"DEL01-RJ";"UOP02-DEL01-RJ"
422537;2022-03-24;"quinta-feira";"22:15:00";"AL";101;157,2;"CAMPO ALEGRE";"Animais na Pista";"Atropelamento de Animal";"Com Vítimas Feridas";"Plena Noite";"Decrescente";"Céu Claro";"Dupla";"Reta";"Não";2;0;1;0;1;0;1;1;-9,89834096;-36,20570183;"SPRF-AL";"DEL02-AL";"UOP02-DEL02-AL"
422538;2022-03-24;"quinta-feira";"23:00:00";"PA";230;117;"MARABA";"Transitar na contramão";"Colisão frontal";"Com Vítimas Feridas";"Plena Noite";"Crescente";"Chuva";"Simples";"Reta";"Sim";2;0;1;0;1;0;1;2;-5,35569904;-49,09047302;"SPRF-PA";"DEL03-PA";"UOP01-DEL03-PA"
422539;2022-03-24;"quinta-feira";"23:15:00";"SP";116;321,4;"JUQUITIBA";"Ausência de reação do condutor";"Colisão traseira";"Com Vítimas Feridas";"Plena Noite";"Crescente";"Céu Claro";"Dupla";"Reta";"Não";2;0;1;0;0;1;1;2;-23,934612;-47,01729;"SPRF-SP";"DEL04-SP";"UOP01-DEL04-SP"
422540;2022-03-24;"quinta-feira";"23:10:00";"SP";116;389,5;"MIRACATU";"Velocidade Incompatível";"Tombamento";"Com Vítimas Feridas";"Plena Noite";"Decrescente";"Nublado";"Dupla";"Reta";"Sim";1;0;1;0;0;0;1;1;-24,27280624;-47,4062269;"SPRF-SP";"DEL04-SP";"UOP02-DEL04-SP"
422541;2022-03-24;"quinta-feira";"23:20:00";"PR";153;43;"SANTO ANTONIO DA PLATINA";"Ausência de reação do condutor";"Saída de leito carroçável";"Sem Vítimas";"Plena Noite";"Crescente";"Nublado";"Dupla";"Curva";"Sim";1;0;0;0;0;1;0;1;-23,302118;-50,07031;"SPRF-PR";"DEL07-PR";"UOP04-DEL07-PR"
422545;2022-03-25;"sexta-feira";"01:20:00";"RJ";40;124;"DUQUE DE CAXIAS";"Demais falhas na via";"Queda de ocupante de veículo";"Com Vítimas Feridas";"Plena Noite";"Decrescente";"Céu Claro";"Múltipla";"Reta";"Sim";1;0;1;0;0;0;1;1;-22,807953;-43,289124;"SPRF-RJ";"DEL01-RJ";"UOP01-DEL01-RJ"
422547;2022-03-25;"sexta-feira";"02:15:00";"PR";476;137;"CURITIBA";"Condutor desrespeitou a iluminação vermelha do semáforo";"Colisão transversal";"Sem Vítimas";"Plena Noite";"Crescente";"Céu Claro";"Múltipla";"Reta";"Sim";2;0;0;0;2;0;0;2;-25,498302;-49,277546;"SPRF-PR";"DEL01-PR";"UOP03-DEL01-PR"
422548;2022-03-25;"sexta-feira";"02:00:00";"PR";369;130,9;"IBIPORA";"Ausência de reação do condutor";"Colisão com objeto";"Com Vítimas Feridas";"Plena Noite";"Decrescente";"Nublado";"Dupla";"Reta";"Sim";1;0;1;0;0;0;1;1;-23,26144546;-50,98983407;"SPRF-PR";"DEL07-PR";"UOP01-DEL07-PR"
422552;2022-03-25;"sexta-feira";"04:00:00";"MG";40;582;"ITABIRITO";"Ausência de reação do condutor";"Colisão frontal";"Com Vítimas Feridas";"Plena Noite";"Crescente";"Céu Claro";"Simples";"Reta";"Não";5;0;2;1;2;0;3;2;-20,31049595;-43,93484962;"SPRF-MG";"DEL01-MG";"UOP02-DEL01-MG"
422553;2022-03-25;"sexta-feira";"03:50:00";"MG";381;495,5;"BETIM";"Ausência de reação do condutor";"Tombamento";"Com Vítimas Feridas";"Plena Noite";"Crescente";"Céu Claro";"Múltipla";"Curva";"Sim";1;0;0;1;0;0;1;1;-19,98890883;-44,20522016;"SPRF-MG";"DEL01-MG";"UOP03-DEL01-MG"
422555;2022-03-25;"sexta-feira";"03:20:00";"MG";365;641;"UBERLANDIA";"Ingestão de álcool pelo condutor";"Saída de leito carroçável";"Sem Vítimas";"Plena Noite";"Crescente";"Céu Claro";"Dupla";"Reta";"Não";1;0;0;0;1;0;0;1;-18,88388156;-48,47481693;"SPRF-MG";"DEL15-MG";"UOP01-DEL15-MG"
422556;2022-03-25;"sexta-feira";"03:00:00";"MG";40;521;"CONTAGEM";"Reação tardia ou ineficiente do condutor";"Tombamento";"Com Vítimas Feridas";"Plena Noite";"Crescente";"Céu Claro";"Dupla";"Reta";"Não";1;0;1;0;0;0;1;1;-19,85651501;-44,07213222;"SPRF-MG";"DEL01-MG";"UOP02-DEL01-MG"
422557;2022-03-25;"sexta-feira";"04:00:00";"RJ";116;269,5;"BARRA MANSA";"Reação tardia ou ineficiente do condutor";"Colisão com objeto";"Sem Vítimas";"Plena Noite";"Crescente";"Céu Claro";"Dupla";"Ponte";"Sim";1;0;0;0;1;0;0;1;-22,56212414;-44,16064024;"SPRF-RJ";"DEL07-RJ";"UOP02-DEL07-RJ"
422558;2022-03-25;"sexta-feira";"03:45:00";"SP";381;83;"SAO PAULO";"Pedestre cruzava a pista fora da faixa";"Atropelamento de Pedestre";"Com Vítimas Fatais";"Plena Noite";"Decrescente";"Céu Claro";"Múltipla";"Reta";"Sim";4;1;1;0;1;1;1;2;-23,4309671;-46,56998022;"SPRF-SP";"DEL03-SP";"UOP01-DEL03-SP"
422562;2022-03-25;"sexta-feira";"06:00:00";"GO";60;93;"ANAPOLIS";"Acessar a via sem observar a presença dos outros veículos";"Colisão transversal";"Sem Vítimas";"Pleno dia";"Crescente";"Céu Claro";"Dupla";"Reta";"Sim";2;0;0;0;2;0;0;2;-16,3538;-48,9268;"SPRF-GO";"DEL02-GO";"UOP01-DEL02-GO"
422563;2022-03-25;"sexta-feira";"06:00:00";"SC";282;1,6;"FLORIANOPOLIS";"Condutor deixou de manter distância do veículo da frente";"Colisão traseira";"Com Vítimas Feridas";"Pleno dia";"Decrescente";"Céu Claro";"Múltipla";"Reta";"Sim";2;0;0;1;1;0;1;2;-27,602955;-48,580509;"SPRF-SC";"DEL01-SC";"UOP01-DEL01-SC"
422564;2022-03-25;"sexta-feira";"05:00:00";"RR";174;504;"BOA VISTA";"Desrespeitar a preferência no cruzamento";"Colisão transversal";"Com Vítimas Feridas";"Amanhecer";"Decrescente";"Céu Claro";"Dupla";"Interseção de Vias";"Sim";2;0;1;0;1;0;1;2;2,82231665;-60,69565496;"SPRF-RR";"DEL01-RR";"UOP01-DEL01-RR"
422565;2022-03-25;"sexta-feira";"07:00:00";"MG";381;594,6;"CARMOPOLIS DE MINAS";"Problema na suspensão";"Capotamento";"Com Vítimas Feridas";"Pleno dia";"Decrescente";"Céu Claro";"Dupla";"Reta";"Não";3;0;2;0;1;0;2;1;-20,59143674;-44,70067816;"SPRF-MG";"DEL04-MG";"UOP01-DEL04-MG"
422566;2022-03-24;"quinta-feira";"17:15:00";"PR";376;397,5;"IMBAU";"Velocidade Incompatível";"Saída de leito carroçável";"Sem Vítimas";"Pleno dia";"Crescente";"Chuva";"Dupla";"Reta";"Não";1;0;0;0;1;0;0;1;-24,57847704;-50,68117439;"SPRF-PR";"DEL03-PR";"UOP02-DEL03-PR"
422567;2022-03-25;"sexta-feira";"07:05:00";"RS";290;116;"ELDORADO DO SUL";"Desrespeitar a preferência no cruzamento";"Colisão transversal";"Com Vítimas Feridas";"Pleno dia";"Decrescente";"Céu Claro";"Simples";"Reta";"Não";8;0;1;0;7;0;1;2;-30,046543;-51,367748;"SPRF-RS";"DEL02-RS";"UOP01-DEL02-RS"
422570;2022-02-26;"sábado";"11:35:00";"PE";423;76;"JUPI";"Ausência de reação do condutor";"Queda de ocupante de veículo";"Com Vítimas Feridas";"Pleno dia";"Crescente";"Céu Claro";"Simples";"Aclive";"Não";1;0;0;1;0;0;1;1;-8,73183901;-36,43146015;"SPRF-PE";"DEL03-PE";"UOP01-DEL03-PE"
422572;2022-03-25;"sexta-feira";"06:15:00";"MS";60;622;"JARDIM";"Transitar na contramão";"Colisão frontal";"Com Vítimas Fatais";"Amanhecer";"Crescente";"Chuva";"Simples";"Reta";"Não";5;1;0;4;0;0;4;2;-21,69938198;-56,27682209;"SPRF-MS";"DEL05-MS";"UOP01-DEL05-MS"
422574;2022-03-25;"sexta-feira";"00:50:00";"MA";135;315,7;"DOM PEDRO";"Demais falhas na via";"Queda de ocupante de veículo";"Com Vítimas Feridas";"Plena Noite";"Crescente";"Nublado";"Simples";"Reta";"Não";1;0;0;1;0;0;1;1;-5,077222;-44,456837;"SPRF-MA";"DEL03-MA";"UOP01-DEL03-MA"
422575;2022-03-25;"sexta-feira";"07:40:00";"PB";230;19;"JOAO PESSOA";"Manobra de mudança de faixa";"Colisão traseira";"Com Vítimas Feridas";"Pleno dia";"Decrescente";"Sol";"Dupla";"Curva";"Sim";2;0;0;1;1;0;1;2;-7,1281;-34,8466;"SPRF-PB";"DEL01-PB";"UOP01-DEL01-PB"