"id";"data_inversa";"dia_semana";"horario";"uf";"br";"km";"municipio";"causa_acidente";"tipo_acidente";"classificacao_acidente";"fase_dia";"sentido_via";"condicao_metereologica";"tipo_pista";"tracado_via";"uso_solo";"pessoas";"mortos";"feridos_leves";"feridos_graves";"ilesos";"ignorados";"feridos";"veiculos";"latitude";"longitude";"regional";"delegacia";"uop"
422912;2022-03-26;"sábado";"21:00:00";"CE";20;416;"MARACANAU";"Acessar a via sem observar a presença dos outros veículos";"Colisão transversal";"Com Vítimas Feridas";"Plena Noite";"Crescente";"Céu Claro";"Dupla";"Reta";"Sim";2;0;0;1;1;0;1;2;-3,76999035;-38,67006282;"SPRF-CE";"DEL01-CE";"UOP02-DEL01-CE"
422913;2022-03-26;"sábado";"20:50:00";"MG";40;610,7;"CONGONHAS";"Reação tardia ou ineficiente do condutor";"Tombamento";"Com Vítimas Feridas";"Plena Noite";"Crescente";"Céu Claro";"Simples";"Curva";"Não";1;0;1;0;0;0;1;1;-20,5019758;-43,83840447;"SPRF-MG";"DEL05-MG";"UOP02-DEL05-MG"
422914;2022-03-26;"sábado";"20:50:00";"SP";116;279;"TABOAO DA SERRA";"Ausência de reação do condutor";"Colisão traseira";"Com Vítimas Feridas";"Plena Noite";"Decrescente";"Nublado";"Dupla";"Reta";"Sim";4;0;2;0;2;0;2;3;-23,66233697;-46,85292907;"SPRF-SP";"DEL04-SP";"UOP01-DEL04-SP"
422915;2022-03-26;"sábado";"20:15:00";"SP";116;301;"SAO LOURENCO DA SERRA";"Ausência de reação do condutor";"Saída de leito carroçável";"Com Vítimas Feridas";"Plena Noite";"Decrescente";"Céu Claro";"Múltipla";"Reta";"Não";1;0;0;1;0;0;1;1;-23,81147602;-46,92298208;"SPRF-SP";"DEL04-SP";"UOP01-DEL04-SP"
422918;2022-03-26;"sábado";"20:10:00";"MT";364;555;"ROSARIO OESTE";"Ingestão de álcool pelo condutor";"Saída de leito carroçável";"Com Vítimas Feridas";"Plena Noite";"Decrescente";"Céu Claro";"Dupla";"Reta";"Não";1;0;0;1;0;0;1;1;-14,81342431;-56,42025777;"SPRF-MT";"DEL01-MT";"UOP01-DEL01-MT"
422919;2022-03-26;"sábado";"19:00:00";"SC";280;20,6;"ARAQUARI";"Acessar a via sem observar a presença dos outros veículos";"Colisão transversal";"Com Vítimas Feridas";"Plena Noite";"Decrescente";"Garoa/Chuvisco";"Simples";"Interseção de Vias";"Sim";2;0;0;1;0;1;1;2;-26,36990477;-48,68224301;"SPRF-SC";"DEL03-SC";"UOP03-DEL03-SC"
422921;2022-03-26;"sábado";"21:35:00";"MG";381;907;"CAMBUI";"Velocidade Incompatível";"Saída de leito carroçável";"Sem Vítimas";"Plena Noite";"Decrescente";"Chuva";"Dupla";"Declive";"Sim";1;0;0;0;1;0;0;1;-22,71022398;-46,12178305;"SPRF-MG";"DEL16-MG";"UOP03-DEL16-MG"
422923;2022-03-26;"sábado";"22:15:00";"SP";101;46,5;"UBATUBA";"Reação tardia ou ineficiente do condutor";"Atropelamento de Pedestre";"Com Vítimas Feridas";"Plena Noite";"Decrescente";"Céu Claro";"Simples";"Reta";"Sim";3;0;1;0;0;2;1;2;-23,42538;-45,076721;"SPRF-SP";"DEL06-SP";"UOP01-DEL06-SP"
422924;2022-03-26;"sábado";"19:00:00";"MT";364;1;"ALTO ARAGUAIA";"Ingestão de álcool pelo condutor";"Saída de leito carroçável";"Com Vítimas Feridas";"Plena Noite";"Crescente";"Nublado";"Dupla";"Reta";"Sim";2;0;2;0;0;0;2;1;-17,31227325;-53,21828343;"SPRF-MT";"DEL02-MT";"UOP02-DEL02-MT"
422925;2022-03-26;"sábado";"19:50:00";"RS";386;214,3;"TIO HUGO";"Ingestão de álcool pelo condutor";"Saída de leito carroçável";"Sem Vítimas";"Plena Noite";"Crescente";"Nublado";"Simples";"Reta";"Não";1;0;0;0;1;0;0;1;-28,568123;-52,596741;"SPRF-RS";"DEL04-RS";"UOP03-DEL04-RS"
422926;2022-03-26;"sábado";"18:20:00";"RO";364;711;"PORTO VELHO";"Reação tardia ou ineficiente do condutor";"Colisão transversal";"Com Vítimas Feridas";"Anoitecer";"Crescente";"Chuva";"Dupla";"Reta";"Sim";2;0;1;0;1;0;1;2;-8,781522;-63,865204;"SPRF-RO";"DEL01-RO";"UOP01-DEL01-RO"
422927;2022-03-26;"sábado";"21:30:00";"SC";280;182;"MAFRA";"Ingestão de álcool pelo condutor";"Colisão com objeto";"Sem Vítimas";"Plena Noite";"Decrescente";"Céu Claro";"Simples";"Ponte";"Não";1;0;0;0;1;0;0;1;-26,17387829;-49,90623301;"SPRF-SC";"DEL06-SC";"UOP01-DEL06-SC"
422928;2022-03-26;"sábado";"18:40:00";"MG";40;638;"CONSELHEIRO LAFAIETE";"Falta de acostamento";"Colisão traseira";"Com Vítimas Feridas";"Plena Noite";"Decrescente";"Céu Claro";"Simples";"Aclive;Reta";"Não";2;0;0;1;0;1;1;2;-20,72752206;-43,80090865;"SPRF-MG";"DEL05-MG";"UOP02-DEL05-MG"
422929;2022-03-26;"sábado";"19:35:00";"SC";470;289,5;"BRUNOPOLIS";"Ultrapassagem Indevida";"Colisão frontal";"Com Vítimas Fatais";"Plena Noite";"Decrescente";"Céu Claro";"Simples";"Reta";"Não";3;1;1;1;0;0;2;2;-27,333546;-50,95219;"SPRF-SC";"DEL07-SC";"UOP06-DEL07-SC"
422930;2022-03-26;"sábado";"20:45:00";"MT";163;115;"RONDONOPOLIS";"Avarias e/ou desgaste excessivo no pneu";"Queda de ocupante de veículo";"Com Vítimas Feridas";"Plena Noite";"Decrescente";"Céu Claro";"Dupla";"Reta";"Não";1;0;1;0;0;0;1;1;-16,53799506;-54,66666488;"SPRF-MT";"DEL02-MT";"UOP01-DEL02-MT"
422931;2022-03-26;"sábado";"22:30:00";"PR";369;175;"ROLANDIA";"Acesso irregular";"Colisão transversal";"Sem Vítimas";"Plena Noite";"Crescente";"Céu Claro";"Simples";"Reta";"Sim";2;0;0;0;1;1;0;2;-23,334565;-51,388727;"SPRF-PR";"DEL07-PR";"UOP01-DEL07-PR"
422932;2022-03-26;"sábado";"22:35:00";"DF";70;7;"BRASILIA";"Manobra de mudança de faixa";"Colisão transversal";"Sem Vítimas";"Plena Noite";"Crescente";"Céu Claro";"Dupla";"Retorno Regulamentado";"Não";2;0;0;0;2;0;0;2;-15,787601;-48,114429;"SPRF-DF";"DEL03-DF";"UOP02-DEL03-DF"
422933;2022-03-26;"sábado";"21:30:00";"RJ";40;116,9;"DUQUE DE CAXIAS";"Ausência de reação do condutor";"Colisão traseira";"Com Vítimas Feridas";"Plena Noite";"Crescente";"Céu Claro";"Múltipla";"Reta";"Não";5;0;0;1;4;0;1;2;-22,73662299;-43,28858785;"SPRF-RJ";"DEL01-RJ";"UOP01-DEL01-RJ"
422934;2022-03-26;"sábado";"21:30:00";"RJ";40;116,5;"DUQUE DE CAXIAS";"Reação tardia ou ineficiente do condutor";"Colisão lateral mesmo sentido";"Com Vítimas Feridas";"Plena Noite";"Crescente";"Céu Claro";"Múltipla";"Reta";"Sim";3;0;1;0;1;1;1;2;-22,73662299;-43,28858785;"SPRF-RJ";"DEL01-RJ";"UOP01-DEL01-RJ"
422935;2022-03-26;"sábado";"22:45:00";"SC";101;107,8;"PENHA";"Reação tardia ou ineficiente do condutor";"Colisão traseira";"Sem Vítimas";"Plena Noite";"Decrescente";"Céu Claro";"Dupla";"Reta";"Não";2;0;0;0;1;1;0;2;-26,81930608;-48,68390282;"SPRF-SC";"DEL03-SC";"UOP02-DEL03-SC"
422936;2022-03-26;"sábado";"23:20:00";"PB";101;88;"JOAO PESSOA";"Ingestão de álcool pelo condutor";"Colisão frontal";"Sem Vítimas";"Plena Noite";"Crescente";"Nublado";"Simples";"Curva";"Sim";2;0;0;0;2;0;0;2;-7,16470016;-34,89993643;"SPRF-PB";"DEL01-PB";"UOP01-DEL01-PB"
422938;2022-03-26;"sábado";"23:03:00";"PR";476;274;"SAO MATEUS DO SUL";"Velocidade Incompatível";"Colisão com objeto";"Sem Vítimas";"Plena Noite";"Crescente";"Garoa/Chuvisco";"Simples";"Curva;Ponte";"Não";1;0;0;0;1;0;0;1;-25,88582;-50,38245;"SPRF-PR";"DEL02-PR";"UOP04-DEL02-PR"
422939;2022-03-26;"sábado";"17:35:00";"SC";101;394;"CRICIUMA";"Reação tardia ou ineficiente do condutor";"Saída de leito carroçável";"Com Vítimas Feridas";"Pleno dia";"Decrescente";"Céu Claro";"Dupla";"Reta";"Não";6;0;5;1;0;0;6;1;-28,81326275;-49,38911611;"SPRF-SC";"DEL02-SC";"UOP02-DEL02-SC"
422940;2022-03-26;"sábado";"21:30:00";"SC";101;383;"ICARA";"Reação tardia ou ineficiente do condutor";"Saída de leito carroçável";"Com Vítimas Feridas";"Plena Noite";"Decrescente";"Céu Claro";"Dupla";"Aclive;Reta";"Não";1;0;1;0;0;0;1;1;-28,76882528;-49,30252075;"SPRF-SC";"DEL02-SC";"UOP02-DEL02-SC"
422941;2022-03-26;"sábado";"23:05:00";"RS";285;117;"VACARIA";"Reação tardia ou ineficiente do condutor";"Capotamento";"Com Vítimas Feridas";"Plena Noite";"Crescente";"Nublado";"Simples";"Reta";"Sim";3;0;3;0;0;0;3;1;-28,514254;-50,906414;"SPRF-RS";"DEL05-RS";"UOP03-DEL05-RS"
422942;2022-03-26;"sábado";"23:46:00";"RS";287;248;"SANTA MARIA";"Ausência de reação do condutor";"Saída de leito carroçável";"Sem Vítimas";"Pleno dia";"Decrescente";"Céu Claro";"Simples";"Reta";"Sim";2;0;0;0;2;0;0;1;-29,696018;-53,850956;"SPRF-RS";"DEL09-RS";"UOP01-DEL09-RS"
422943;2022-03-26;"sábado";"22:30:00";"RJ";356;90;"CARDOSO MOREIRA";"Velocidade Incompatível";"Saída de leito carroçável";"Com Vítimas Feridas";"Plena Noite";"Crescente";"Céu Claro";"Simples";"Curva";"Não";1;0;0;1;0;0;1;1;-21,51167204;-41,60556793;"SPRF-RJ";"DEL08-RJ";"UOP03-DEL08-RJ"
422944;2022-03-26;"sábado";"19:40:00";"SC";101;432,2;"SOMBRIO";"Ausência de sinalização";"Colisão com objeto";"Com Vítimas Feridas";"Plena Noite";"Decrescente";"Céu Claro";"Múltipla";"Reta";"Sim";3;0;2;0;1;0;2;2;-29,07326609;-49,62717768;"SPRF-SC";"DEL02-SC";"UOP02-DEL02-SC"
422945;2022-03-26;"sábado";"21:50:00";"SP";116;115;"TAUBATE";"Ingestão de álcool pelo condutor";"Saída de leito carroçável";"Com Vítimas Feridas";"Plena Noite";"Crescente";"Garoa/Chuvisco";"Dupla";"Reta";"Não";1;0;1;0;0;0;1;1;-23,0496047;-45,59973712;"SPRF-SP";"DEL02-SP";"UOP02-DEL02-SP"
422948;2022-03-26;"sábado";"23:40:00";"DF";60;23,2;"BRASILIA";"Ingestão de álcool pelo condutor";"Tombamento";"Sem Vítimas";"Plena Noite";"Crescente";"Céu Claro";"Dupla";"Reta";"Não";1;0;0;0;1;0;0;1;-15,987903;-48,223103;"SPRF-DF";"DEL03-DF";"UOP01-DEL03-DF"
422949;2022-03-26;"sábado";"23:20:00";"AL";101;211,9;"SAO SEBASTIAO";"Transitar na contramão";"Colisão frontal";"Com Vítimas Fatais";"Plena Noite";"Crescente";"Céu Claro";"Simples";"Reta";"Não";2;1;0;0;0;1;0;2;-10,01079526;-36,61367881;"SPRF-AL";"DEL02-AL";"UOP02-DEL02-AL"
422950;2022-03-26;"sábado";"23:40:00";"SC";470;139;"RIO DO SUL";"Velocidade Incompatível";"Tombamento";"Com Vítimas Feridas";"Pleno dia";"Crescente";"Céu Claro";"Simples";"Retorno Regulamentado";"Sim";1;0;1;0;0;0;1;1;-27,20218837;-49,63383794;"SPRF-SC";"DEL04-SC";"UOP02-DEL04-SC"
422951;2022-03-27;"domingo";"00:01:00";"GO";153;506,3;"APARECIDA DE GOIANIA";"Ausência de reação do condutor";"Atropelamento de Pedestre";"Com Vítimas Feridas";"Plena Noite";"Crescente";"Céu Claro";"Dupla";"Reta";"Sim";2;0;0;1;1;0;1;2;-16,7633;-49,24;"SPRF-GO";"DEL01-GO";"UOP01-DEL01-GO"
422952;2022-03-27;"domingo";"00:15:00";"PE";232;170,5;"BELO JARDIM";"Ausência de reação do condutor";"Queda de ocupante de veículo";"Com Vítimas Feridas";"Plena Noite";"Decrescente";"Céu Claro";"Simples";"Reta";"Não";1;0;1;0;0;0;1;1;-8,34074526;-36,34337092;"SPRF-PE";"DEL02-PE";"UOP03-DEL02-PE"
422953;2022-03-27;"domingo";"00:30:00";"PR";277;122;"CAMPO LARGO";"Pedestre andava na pista";"Atropelamento de Pedestre";"Com Vítimas Feridas";"Plena Noite";"Decrescente";"Céu Claro";"Dupla";"Curva";"Não";2;0;1;0;1;0;1;2;-25,44792489;-49,57820892;"SPRF-PR";"DEL01-PR";"UOP03-DEL03-PR"
422955;2022-03-26;"sábado";"23:30:00";"CE";116;7,2;"FORTALEZA";"Transitar na contramão";"Colisão frontal";"Com Vítimas Feridas";"Plena Noite";"Crescente";"Nublado";"Simples";"Curva;Viaduto";"Sim";3;0;1;0;2;0;1;2;-3,81171737;-38,50087702;"SPRF-CE";"DEL01-CE";"UOP02-DEL01-CE"
422956;2022-03-26;"sábado";"23:10:00";"SP";101;42,7;"UBATUBA";"Demais Fenômenos da natureza";"Colisão com objeto";"Com Vítimas Fatais";"Plena Noite";"Crescente";"Garoa/Chuvisco";"Simples";"Reta";"Não";1;1;0;0;0;0;0;1;-23,412618;-45,0056998;"SPRF-SP";"DEL06-SP";"UOP01-DEL06-SP"
422958;2022-03-26;"sábado";"23:45:00";"PR";376;492;"PONTA GROSSA";"Velocidade Incompatível";"Saída de leito carroçável";"Com Vítimas Feridas";"Plena Noite";"Decrescente";"Céu Claro";"Dupla";"Declive";"Sim";2;0;0;2;0;0;2;1;-25,15559918;-50,13322909;"SPRF-PR";"DEL03-PR";"UOP01-DEL03-PR"
422959;2022-03-26;"sábado";"20:00:00";"RO";364;230;"CACOAL";"Animais na Pista";"Atropelamento de Animal";"Com Vítimas Feridas";"Plena Noite";"Crescente";"Garoa/Chuvisco";"Simples";"Reta";"Não";2;0;1;0;1;0;1;1;-11,47694099;-61,39322799;"SPRF-RO";"DEL02-RO";"UOP02-DEL02-RO"
422960;2022-03-27;"domingo";"00:40:00";"PR";376;137;"NOVA ESPERANCA";"Ausência de reação do condutor";"Saída de leito carroçável";"Com Vítimas Feridas";"Plena Noite";"Crescente";"Céu Claro";"Dupla";"Reta";"Não";1;0;1;0;0;0;1;1;-23,211717;-52,190678;"SPRF-PR";"DEL09-PR";"UOP02-DEL09-PR"
422961;2022-03-27;"domingo";"00:00:00";"RJ";116;266;"BARRA MANSA";"Ausência de reação do condutor";"Colisão com objeto";"Com Vítimas Feridas";"Plena Noite";"Crescente";"Nublado";"Dupla";"Reta";"Não";1;0;1;0;0;0;1;1;-22,58856193;-44,09534501;"SPRF-RJ";"DEL07-RJ";"UOP02-DEL07-RJ"
422963;2022-03-27;"domingo";"01:00:00";"PR";369;113;"URAI";"Sinalização mal posicionada";"Saída de leito carroçável";"Com Vítimas Feridas";"Plena Noite";"Decrescente";"Chuva";"Dupla";"Reta";"Não";2;0;2;0;0;0;2;1;-23,276394;-50,83385;"SPRF-PR";"DEL07-PR";"UOP01-DEL07-PR"
422964;2022-03-27;"domingo";"02:30:00";"PR";376;144;"PRESIDENTE CASTELO BRANCO";"Pedestre andava na pista";"Atropelamento de Pedestre";"Com Vítimas Fatais";"Plena Noite";"Decrescente";"Céu Claro";"Dupla";"Curva";"Não";4;1;1;0;0;2;1;2;-23,27306305;-52,15760929;"SPRF-PR";"DEL09-PR";"UOP02-DEL09-PR"
422965;2022-03-27;"domingo";"02:05:00";"RS";116;148,3;"CAXIAS DO SUL";"Velocidade Incompatível";"Tombamento";"Com Vítimas Feridas";"Plena Noite";"Decrescente";"Céu Claro";"Dupla";"Curva";"Sim";2;0;0;2;0;0;2;1;-29,15788451;-51,15151227;"SPRF-RS";"DEL05-RS";"UOP01-DEL05-RS"
422966;2022-03-27;"domingo";"01:38:00";"TO";153;142,3;"ARAGUAINA";"Pista Escorregadia";"Tombamento";"Com Vítimas Feridas";"Plena Noite";"Decrescente";"Garoa/Chuvisco";"Dupla";"Reta";"Sim";1;0;1;0;0;0;1;1;-7,18228805;-48,22580095;"SPRF-TO";"DEL02-TO";"UOP01-DEL02-TO"
422967;2022-03-27;"domingo";"02:15:00";"SP";153;108,6;"JOSE BONIFACIO";"Ingestão de álcool pelo condutor";"Colisão traseira";"Com Vítimas Feridas";"Plena Noite";"Crescente";"Garoa/Chuvisco";"Simples";"Declive";"Não";2;0;2;0;0;0;2;2;-21,07208391;-49,66656517;"SPRF-SP";"DEL09-SP";"UOP01-DEL09-SP"
422968;2022-03-27;"domingo";"01:25:00";"RR";401;6;"CANTA";"Ausência de reação do condutor";"Queda de ocupante de veículo";"Com Vítimas Feridas";"Plena Noite";"Crescente";"Ignorado";"Dupla";"Reta";"Sim";1;0;1;0;0;0;1;1;2,79051846;-60,64300847;"SPRF-RR";"DEL01-RR";"UOP01-DEL01-RR"
422970;2022-03-27;"domingo";"03:00:00";"SC";101;127;"ITAJAI";"Ingestão de álcool pelo condutor";"Colisão traseira";"Sem Vítimas";"Plena Noite";"Decrescente";"Céu Claro";"Dupla";"Curva";"Não";2;0;0;0;2;0;0;2;-26,9639319;-48,68328024;"SPRF-SC";"DEL04-SC";"UOP04-DEL04-SC"
422972;2022-03-27;"domingo";"02:30:00";"RJ";101;402;"ITAGUAI";"Velocidade Incompatível";"Saída de leito carroçável";"Com Vítimas Fatais";"Plena Noite";"Decrescente";"Nublado";"Dupla";"Reta";"Não";2;2;0;0;0;0;0;1;-22,85437433;-43,78440169;"SPRF-RJ";"DEL03-RJ";"UOP01-DEL03-RJ"
422973;2022-03-27;"domingo";"01:45:00";"MS";163;490;"CAMPO GRANDE";"Ausência de reação do condutor";"Tombamento";"Sem Vítimas";"Plena Noite";"Decrescente";"Céu Claro";"Simples";"Rotatória";"Sim";1;0;0;0;0;1;0;1;-20,40017983;-54,55539878;"SPRF-MS";"DEL01-MS";"UOP02-DEL01-MS"
422974;2022-03-27;"domingo";"03:55:00";"SP";116;497;"CAJATI";"Entrada inopinada do pedestre";"Atropelamento de Pedestre";"Com Vítimas Fatais";"Plena Noite";"Decrescente";"Céu Claro";"Dupla";"Reta";"Não";2;1;0;0;0;1;0;2;-24,76728682;-48,16859721;"SPRF-SP";"DEL05-SP";"UOP01-DEL05-SP"
422975;2022-03-27;"domingo";"03:30:00";"SP";153;193,8;"GETULINA";"Ausência de reação do condutor";"Colisão traseira";"Com Vítimas Feridas";"Plena Noite";"Decrescente";"Nublado";"Simples";"Reta";"Não";3;0;0;1;0;2;1;3;-21,7628482;-49,87937079;"SPRF-SP";"DEL07-SP";"UOP01-DEL07-SP"
422976;2022-03-27;"domingo";"03:20:00";"RS";386;248,4;"SOLEDADE";"Ingestão de álcool pelo condutor";"Saída de leito carroçável";"Sem Vítimas";"Plena Noite";"Crescente";"Vento";"Simples";"Reta";"Sim";1;0;0;0;1;0;0;1;-28,817902;-52,484734;"SPRF-RS";"DEL04-RS";"UOP03-DEL04-RS"
422977;2022-03-27;"domingo";"03:00:00";"MG";40;701,6;"BARBACENA";"Ingestão de álcool pelo condutor";"Colisão frontal";"Com Vítimas Feridas";"Plena Noite";"Crescente";"Céu Claro";"Simples";"Curva";"Sim";2;0;0;1;1;0;1;2;-21,21893938;-43,74419066;"SPRF-MG";"DEL05-MG";"UOP02-DEL05-MG"
422978;2022-03-27;"domingo";"03:00:00";"BA";116;828,2;"VITORIA DA CONQUISTA";"Ingestão de álcool pelo condutor";"Capotamento";"Com Vítimas Feridas";"Plena Noite";"Crescente";"Céu Claro";"Simples";"Interseção de Vias";"Sim";4;0;1;0;3;0;1;1;-14,895111;-40,86533406;"SPRF-BA";"DEL08-BA";"UOP01-DEL08-BA"
422979;2022-03-27;"domingo";"04:02:00";"PR";369;174;"ROLANDIA";"Velocidade Incompatível";"Saída de leito carroçável";"Com Vítimas Fatais";"Plena Noite";"Decrescente";"Céu Claro";"Simples";"Reta";"Sim";2;1;0;0;0;1;0;2;-23,31230625;-51,37207031;"SPRF-PR";"DEL07-PR";"UOP01-DEL07-PR"
422980;2022-03-27;"domingo";"03:45:00";"SP";116;109;"TAUBATE";"Ingestão de álcool pelo condutor";"Tombamento";"Com Vítimas Feridas";"Plena Noite";"Decrescente";"Céu Claro";"Dupla";"Reta";"Sim";2;0;2;0;0;0;2;1;-23,02871304;-45,54517097;"SPRF-SP";"DEL08-SP";"UOP01-DEL08-SP"
422981;2022-03-27;"domingo";"03:40:00";"RS";471;173,8;"RIO PARDO";"Ingestão de álcool pelo condutor";"Tombamento";"Com Vítimas Feridas";"Plena Noite";"Crescente";"Nublado";"Simples";"Curva";"Sim";2;0;0;1;0;1;1;1;-29,97744057;-52,37279546;"SPRF-RS";"DEL02-RS";"UOP03-DEL02-RS"
422983;2022-03-27;"domingo";"03:50:00";"SC";101;213,4;"PALHOCA";"Velocidade Incompatível";"Colisão traseira";"Com Vítimas Feridas";"Plena Noite";"Crescente";"Céu Claro";"Múltipla";"Reta";"Não";3;0;1;0;1;1;1;2;-27,63697369;-48,66514142;"SPRF-SC";"DEL01-SC";"UOP02-DEL01-SC"
422984;2022-03-27;"domingo";"01:50:00";"MT";163;837;"SINOP";"Condutor Dormindo";"Saída de leito carroçável";"Sem Vítimas";"Plena Noite";"Decrescente";"Céu Claro";"Simples";"Reta";"Não";1;0;0;0;1;0;0;1;-11,968963;-55,51695578;"SPRF-MT";"DEL06-MT";"NPF/DEL06-MT"
422985;2022-03-27;"domingo";"04:35:00";"RS";116;259;"CANOAS";"Velocidade Incompatível";"Colisão com objeto";"Sem Vítimas";"Plena Noite";"Decrescente";"Nublado";"Múltipla";"Curva";"Não";1;0;0;0;0;1;0;1;-29,870408;-51,179909;"SPRF-RS";"DEL01-RS";"UOP02-DEL01-RS"
422987;2022-03-27;"domingo";"05:15:00";"PR";116;15;"COLOMBO";"Pedestre cruzava a pista fora da faixa";"Atropelamento de Pedestre";"Com Vítimas Fatais";"Amanhecer";"Decrescente";"Nublado";"Dupla";"Reta";"Sim";4;1;0;0;1;2;0;2;-25,3848;-49,1711;"SPRF-PR";"DEL01-PR";"UOP02-DEL01-PR"
422988;2022-03-27;"domingo";"06:00:00";"SC";470;7;"NAVEGANTES";"Reação tardia ou ineficiente do condutor";"Capotamento";"Sem Vítimas";"Amanhecer";"Crescente";"Céu Claro";"Dupla";"Reta";"Não";1;0;0;0;1;0;0;1;-26,84499;-48,71505;"SPRF-SC";"DEL04-SC";"UOP04-DEL04-SC"
422989;2022-03-27;"domingo";"05:15:00";"RJ";101;277;"TANGUA";"Condutor Dormindo";"Saída de leito carroçável";"Com Vítimas Feridas";"Amanhecer";"Decrescente";"Céu Claro";"Dupla";"Reta";"Não";1;0;1;0;0;0;1;1;-22,73943906;-42,748279;"SPRF-RJ";"DEL02-RJ";"UOP03-DEL02-RJ"
422991;2022-03-27;"domingo";"05:50:00";"RS";116;251;"SAPUCAIA DO SUL";"Acessar a via sem observar a presença dos outros veículos";"Colisão frontal";"Com Vítimas Feridas";"Amanhecer";"Decrescente";"Céu Claro";"Dupla";"Reta";"Sim";2;0;1;0;1;0;1;2;-29,79447789;-51,16450179;"SPRF-RS";"DEL01-RS";"UOP02-DEL01-RS"
422992;2022-01-26;"quarta-feira";"07:10:00";"ES";101;270,8;"SERRA";"Manobra de mudança de faixa";"Colisão lateral mesmo sentido";"Com Vítimas Feridas";"Pleno dia";"Crescente";"Nublado";"Dupla";"Curva";"Sim";2;0;0;1;1;0;1;2;-20,22662056;-40,27075088;"SPRF-ES";"DEL02-ES";"UOP01-DEL02-ES"
422993;2022-03-27;"domingo";"05:40:00";"RS";386;413,6;"MONTENEGRO";"Objeto estático sobre o leito carroçável";"Colisão traseira";"Com Vítimas Feridas";"Plena Noite";"Crescente";"Céu Claro";"Simples";"Declive";"Não";3;0;1;0;2;0;1;2;-29,814081;-51,493126;"SPRF-RS";"DEL04-RS";"UOP02-DEL04-RS"
422994;2022-03-26;"sábado";"18:30:00";"MG";116;531,4;"CARATINGA";"Ausência de reação do condutor";"Colisão traseira";"Com Vítimas Feridas";"Plena Noite";"Crescente";"Céu Claro";"Simples";"Reta";"Não";2;0;1;0;1;0;1;2;-19,81937899;-42,13692704;"SPRF-MG";"DEL06-MG";"UOP02-DEL06-MG"
422995;2022-03-27;"domingo";"06:20:00";"SC";101;138,5;"BALNEARIO CAMBORIU";"Ingestão de álcool pelo condutor";"Colisão com objeto";"Com Vítimas Feridas";"Pleno dia";"Decrescente";"Céu Claro";"Dupla";"Curva";"Sim";1;0;0;1;0;0;1;1;-27,02397426;-48,60761649;"SPRF-SC";"DEL04-SC";"UOP03-DEL04-SC"
422996;2022-03-27;"domingo";"05:00:00";"SC";101;292;"IMBITUBA";"Ausência de reação do condutor";"Saída de leito carroçável";"Com Vítimas Feridas";"Plena Noite";"Decrescente";"Céu Claro";"Múltipla";"Reta";"Sim";1;0;1;0;0;0;1;1;-28,278057;-48,700386;"SPRF-SC";"DEL02-SC";"UOP03-DEL02-SC"
422997;2022-03-27;"domingo";"00:10:00";"RO";435;86;"COLORADO DO OESTE";"Animais na Pista";"Colisão traseira";"Com Vítimas Feridas";"Plena Noite";"Decrescente";"Céu Claro";"Simples";"Reta";"Sim";3;0;2;0;1;0;2;2;-13,12026846;-60,54055407;"SPRF-RO";"DEL04-RO";"UOP02-DEL04-RO"
422998;2022-03-27;"domingo";"06:45:00";"RS";293;210,1;"DOM PEDRITO";"Animais na Pista";"Incêndio";"Sem Vítimas";"Amanhecer";"Decrescente";"Céu Claro";"Simples";"Reta";"Não";1;0;0;0;1;0;0;1;-31,1877427;-54,33031082;"SPRF-RS";"DEL11-RS";"UOP03-DEL11-RS"
422999;2022-03-27;"domingo";"07:15:00";"SC";470;35;"GASPAR";"Ausência de reação do condutor";"Saída de leito carroçável";"Com Vítimas Feridas";"Pleno dia";"Crescente";"Céu Claro";"Simples";"Em Obras;Reta";"Sim";1;0;0;1;0;0;1;1;-26,912857;-48,958965;"SPRF-SC";"DEL04-SC";"UOP01-DEL04-SC"
423001;2022-03-27;"domingo";"06:45:00";"PR";116;15;"COLOMBO";"Velocidade Incompatível";"Engavetamento";"Sem Vítimas";"Pleno dia";"Decrescente";"Nublado";"Dupla";"Reta;Viaduto;Aclive";"Sim";4;0;0;0;2;2;0;4;-25,38544122;-49,17240143;"SPRF-PR";"DEL01-PR";"UOP02-DEL01-PR"
423003;2022-03-27;"domingo";"08:12:00";"PB";101;88;"JOAO PESSOA";"Acumulo de água sobre o pavimento";"Saída de leito carroçável";"Sem Vítimas";"Pleno dia";"Decrescente";"Chuva";"Simples";"Curva";"Sim";2;0;0;0;2;0;0;1;-7,16470016;-34,89993643;"SPRF-PB";"DEL01-PB";"UOP01-DEL01-PB"
423004;2022-03-27;"domingo";"05:50:00";"RS";470;214;"BENTO GONCALVES";"Ausência de reação do condutor";"Saída de leito carroçável";"Sem Vítimas";"Amanhecer";"Decrescente";"Céu Claro";"Simples";"Reta";"Não";1;0;0;0;0;1;0;1;-29,15698384;-51,5308482;"SPRF-RS";"DEL06-RS";"UOP01-DEL06-RS"
423006;2022-03-26;"sábado";"20:40:00";"RO";364;14;"VILHENA";"Ingestão de álcool pelo condutor";"Colisão frontal";"Sem Vítimas";"Plena Noite";"Decrescente";"Chuva";"Dupla";"Rotatória";"Sim";2;0;0;0;2;0;0;2;-12,73898138;-60,13911417;"SPRF-RO";"DEL04-RO";"UOP01-DEL04-RO"
423007;2022-03-27;"domingo";"08:35:00";"SP";381;86,8;"SAO PAULO";"Ausência de reação do condutor";"Saída de leito carroçável";"Com Vítimas Fatais";"Pleno dia";"Decrescente";"Chuva";"Múltipla";"Reta";"Sim";1;1;0;0;0;0;0;1;-23,45930499;-46,57161179;"SPRF-SP";"DEL03-SP";"UOP01-DEL03-SP"