"id";"data_inversa";"dia_semana";"horario";"uf";"br";"km";"municipio";"causa_acidente";"tipo_acidente";"classificacao_acidente";"fase_dia";"sentido_via";"condicao_metereologica";"tipo_pista";"tracado_via";"uso_solo";"pessoas";"mortos";"feridos_leves";"feridos_graves";"ilesos";"ignorados";"feridos";"veiculos";"latitude";"longitude";"regional";"delegacia";"uop"
423109;2022-03-27;"domingo";"20:00:00";"PR";277;349;"GUARAPUAVA";"Reação tardia ou ineficiente do condutor";"Colisão lateral sentido oposto";"Com Vítimas Feridas";"Plena Noite";"Decrescente";"Céu Claro";"Simples";"Interseção de Vias";"Sim";4;0;2;0;1;1;2;2;-25,390843;-51,5210288;"SPRF-PR";"DEL08-PR";"UOP01-DEL08-PR"
423112;2022-03-27;"domingo";"18:30:00";"PR";476;124;"CURITIBA";"Ingestão de álcool pelo condutor";"Colisão lateral mesmo sentido";"Sem Vítimas";"Anoitecer";"Crescente";"Nublado";"Múltipla";"Reta";"Sim";6;0;0;0;6;0;0;2;-25,399845;-49,215855;"SPRF-PR";"DEL01-PR";"UOP03-DEL01-PR"
423113;2022-03-27;"domingo";"19:10:00";"SC";470;63;"INDAIAL";"Acessar a via sem observar a presença dos outros veículos";"Colisão transversal";"Com Vítimas Feridas";"Plena Noite";"Decrescente";"Céu Claro";"Simples";"Reta";"Sim";2;0;1;0;1;0;1;2;-26,872396;-49,19228;"SPRF-SC";"DEL04-SC";"UOP01-DEL04-SC"
423114;2022-03-27;"domingo";"20:30:00";"GO";40;9;"LUZIANIA";"Ingestão de álcool pelo condutor";"Capotamento";"Sem Vítimas";"Plena Noite";"Crescente";"Céu Claro";"Dupla";"Reta";"Sim";1;0;0;0;1;0;0;1;-16,135206;-47,95463746;"SPRF-DF";"DEL01-DF";"UOP01-DEL01-DF"
423115;2022-03-27;"domingo";"20:05:00";"AL";104;25;"UNIAO DOS PALMARES";"Ingestão de álcool pelo condutor";"Tombamento";"Com Vítimas Feridas";"Plena Noite";"Decrescente";"Chuva";"Simples";"Reta";"Não";1;0;1;0;0;0;1;1;-9,0901211;-36,05202248;"SPRF-AL";"DEL01-AL";"UOP02-DEL01-AL"
423117;2022-03-27;"domingo";"20:50:00";"RJ";40;104;"DUQUE DE CAXIAS";"Transitar na contramão";"Colisão frontal";"Com Vítimas Feridas";"Plena Noite";"Decrescente";"Garoa/Chuvisco";"Múltipla";"Reta";"Sim";2;0;1;0;1;0;1;2;-22,62897902;-43,28579508;"SPRF-RJ";"DEL01-RJ";"UOP01-DEL01-RJ"
423118;2022-03-27;"domingo";"20:40:00";"MG";251;518,2;"MONTES CLAROS";"Ingestão de álcool pelo condutor";"Queda de ocupante de veículo";"Com Vítimas Feridas";"Plena Noite";"Decrescente";"Céu Claro";"Simples";"Reta";"Não";1;0;1;0;0;0;1;1;-16,66257909;-43,76892799;"SPRF-MG";"DEL12-MG";"UOP01-DEL12-MG"
423121;2022-03-27;"domingo";"19:00:00";"MS";163;61;"ITAQUIRAI";"Reação tardia ou ineficiente do condutor";"Colisão traseira";"Com Vítimas Feridas";"Plena Noite";"Crescente";"Céu Claro";"Simples";"Reta";"Não";2;0;0;1;1;0;1;2;-23,61499083;-54,22931826;"SPRF-MS";"DEL09-MS";"UOP02-DEL09-MS"
423122;2022-03-27;"domingo";"21:25:00";"SP";116;227;"GUARULHOS";"Reação tardia ou ineficiente do condutor";"Colisão com objeto";"Com Vítimas Feridas";"Plena Noite";"Crescente";"Garoa/Chuvisco";"Dupla";"Reta";"Sim";2;0;1;0;1;0;1;2;-23,49724912;-46,55841004;"SPRF-SP";"DEL01-SP";"UOP01-DEL01-SP"
423125;2022-03-27;"domingo";"20:00:00";"MG";40;458;"CAETANOPOLIS";"Reação tardia ou ineficiente do condutor";"Saída de leito carroçável";"Com Vítimas Feridas";"Plena Noite";"Decrescente";"Céu Claro";"Dupla";"Reta";"Não";2;0;1;1;0;0;2;1;-19,380294;-44,33825395;"SPRF-MG";"DEL02-MG";"UOP01-DEL02-MG"
423127;2022-03-27;"domingo";"18:35:00";"RS";153;376,6;"NOVO CABRAIS";"Acessar a via sem observar a presença dos outros veículos";"Colisão traseira";"Com Vítimas Feridas";"Anoitecer";"Crescente";"Céu Claro";"Simples";"Curva";"Não";2;0;0;1;1;0;1;2;-29,766273;-52,972823;"SPRF-RS";"DEL02-RS";"UOP03-DEL02-RS"
423128;2022-03-27;"domingo";"20:55:00";"RJ";101;275;"TANGUA";"Trafegar com motocicleta (ou similar) entre as faixas";"Colisão lateral mesmo sentido";"Com Vítimas Feridas";"Plena Noite";"Crescente";"Chuva";"Dupla";"Reta";"Sim";2;0;0;1;1;0;1;2;-22,73653355;-42,72909106;"SPRF-RJ";"DEL02-RJ";"UOP03-DEL02-RJ"
423129;2022-03-27;"domingo";"21:00:00";"RJ";101;275;"TANGUA";"Reação tardia ou ineficiente do condutor";"Colisão traseira";"Sem Vítimas";"Plena Noite";"Crescente";"Chuva";"Dupla";"Reta";"Sim";2;0;0;0;2;0;0;2;-22,73653355;-42,72909106;"SPRF-RJ";"DEL02-RJ";"UOP03-DEL02-RJ"
423130;2022-03-27;"domingo";"19:00:00";"RR";401;101,5;"BONFIM";"Animais na Pista";"Atropelamento de Animal";"Sem Vítimas";"Pleno dia";"Crescente";"Céu Claro";"Simples";"Curva";"Não";5;0;0;0;5;0;0;1;3,27461854;-59,98507014;"SPRF-RR";"DEL01-RR";"UOP01-DEL01-RR"
423135;2022-03-27;"domingo";"22:15:00";"RJ";116;167,2;"SAO JOAO DE MERITI";"Ingestão de álcool e/ou substâncias psicoativas pelo pedestre";"Atropelamento de Pedestre";"Com Vítimas Feridas";"Plena Noite";"Crescente";"Céu Claro";"Múltipla";"Reta";"Sim";2;0;1;0;1;0;1;2;-22,80004647;-43,35331863;"SPRF-RJ";"DEL01-RJ";"UOP02-DEL01-RJ"
423137;2022-03-27;"domingo";"22:10:00";"ES";482;8,2;"CACHOEIRO DE ITAPEMIRIM";"Velocidade Incompatível";"Colisão traseira";"Com Vítimas Feridas";"Plena Noite";"Crescente";"Nublado";"Simples";"Reta";"Sim";3;0;1;0;2;0;1;2;-20,86597301;-41,11181303;"SPRF-ES";"DEL03-ES";"UOP02-DEL03-ES"
423139;2022-03-27;"domingo";"22:00:00";"RJ";40;38;"AREAL";"Pista Escorregadia";"Colisão com objeto";"Com Vítimas Feridas";"Plena Noite";"Decrescente";"Chuva";"Dupla";"Curva;Declive";"Não";3;0;1;0;2;0;1;1;-22,22751025;-43,11963242;"SPRF-RJ";"DEL05-RJ";"UOP02-DEL05-RJ"
423141;2022-03-27;"domingo";"21:53:00";"SP";116;174;"JACAREI";"Demais falhas mecânicas ou elétricas";"Incêndio";"Sem Vítimas";"Plena Noite";"Crescente";"Nublado";"Dupla";"Reta";"Sim";1;0;0;0;1;0;0;1;-23,32057287;-46,09074403;"SPRF-SP";"DEL02-SP";"UOP01-DEL02-SP"
423143;2022-03-27;"domingo";"21:30:00";"GO";60;164,8;"GOIANIA";"Velocidade Incompatível";"Queda de ocupante de veículo";"Com Vítimas Feridas";"Plena Noite";"Decrescente";"Céu Claro";"Dupla";"Reta";"Sim";1;0;0;1;0;0;1;1;-16,7036;-49,342;"SPRF-GO";"DEL01-GO";"UOP02-DEL01-GO"
423144;2022-03-27;"domingo";"23:50:00";"SP";116;226;"GUARULHOS";"Ausência de reação do condutor";"Atropelamento de Pedestre";"Com Vítimas Feridas";"Plena Noite";"Decrescente";"Céu Claro";"Múltipla";"Reta";"Não";2;0;1;0;0;1;1;2;-23,49102507;-46,54878195;"SPRF-SP";"DEL01-SP";"UOP01-DEL01-SP"
423146;2022-03-27;"domingo";"20:10:00";"PR";277;476,5;"NOVA LARANJEIRAS";"Pedestre andava na pista";"Atropelamento de Pedestre";"Com Vítimas Fatais";"Plena Noite";"Decrescente";"Céu Claro";"Simples";"Interseção de Vias;Aclive";"Não";2;1;0;0;1;0;0;2;-25,30570383;-52,55588296;"SPRF-PR";"DEL04-PR";"UOP02-DEL04-PR"
423147;2022-03-27;"domingo";"22:40:00";"SC";101;37;"JOINVILLE";"Condutor deixou de manter distância do veículo da frente";"Colisão traseira";"Com Vítimas Feridas";"Pleno dia";"Decrescente";"Nublado";"Dupla";"Curva;Declive";"Não";2;0;1;0;0;1;1;2;-26,28264145;-48,88916016;"SPRF-SC";"DEL03-SC";"UOP01-DEL03-SC"
423151;2022-03-28;"segunda-feira";"00:30:00";"PE";101;54;"PAULISTA";"Ausência de reação do condutor";"Colisão com objeto";"Com Vítimas Feridas";"Plena Noite";"Decrescente";"Nublado";"Dupla";"Declive;Reta";"Sim";2;0;1;0;1;0;1;1;-7,93961103;-34,90356584;"SPRF-PE";"DEL01-PE";"UOP02-DEL01-PE"
423154;2022-03-28;"segunda-feira";"02:00:00";"GO";153;511,4;"APARECIDA DE GOIANIA";"Condutor deixou de manter distância do veículo da frente";"Colisão transversal";"Com Vítimas Feridas";"Plena Noite";"Crescente";"Céu Claro";"Dupla";"Reta";"Sim";9;0;6;0;3;0;6;2;-16,8067;-49,2394;"SPRF-GO";"DEL01-GO";"UOP03-DEL01-GO"
423159;2022-03-28;"segunda-feira";"00:30:00";"BA";116;869;"VITORIA DA CONQUISTA";"Animais na Pista";"Atropelamento de Animal";"Sem Vítimas";"Plena Noite";"Crescente";"Nevoeiro/Neblina";"Simples";"Reta";"Não";1;0;0;0;1;0;0;1;-15,20104261;-41,08174324;"SPRF-BA";"DEL08-BA";"UOP01-DEL08-BA"
423161;2022-02-19;"sábado";"15:05:00";"ES";259;6,5;"JOAO NEIVA";"Ausência de reação do condutor";"Colisão com objeto";"Com Vítimas Feridas";"Pleno dia";"Decrescente";"Céu Claro";"Simples";"Reta";"Não";2;0;1;1;0;0;2;1;-19,69680739;-40,38547654;"SPRF-ES";"DEL02-ES";"UOP01-DEL02-ES"
423162;2022-03-28;"segunda-feira";"00:20:00";"CE";230;0,7;"IPAUMIRIM";"Pista esburacada";"Saída de leito carroçável";"Sem Vítimas";"Plena Noite";"Crescente";"Nublado";"Simples";"Reta;Declive";"Não";1;0;0;0;1;0;0;1;-6,85713;-38,682606;"SPRF-PB";"DEL03-PB";"UOP03-DEL03-PB"
423163;2022-03-28;"segunda-feira";"02:30:00";"SC";470;68;"INDAIAL";"Ausência de reação do condutor";"Saída de leito carroçável";"Com Vítimas Feridas";"Plena Noite";"Crescente";"Garoa/Chuvisco";"Simples";"Rotatória";"Sim";1;0;1;0;0;0;1;1;-26,877615;-49,239231;"SPRF-SC";"DEL04-SC";"UOP01-DEL04-SC"
423164;2022-03-28;"segunda-feira";"04:45:00";"PI";343;270,1;"CAMPO MAIOR";"Animais na Pista";"Atropelamento de Animal";"Com Vítimas Feridas";"Plena Noite";"Crescente";"Nublado";"Simples";"Reta";"Sim";2;0;1;0;1;0;1;2;-4,855873;-42,20013;"SPRF-PI";"DEL01-PI";"UOP03-DEL01-PI"
423165;2022-03-28;"segunda-feira";"04:30:00";"AP";210;3;"MACAPA";"Acumulo de água sobre o pavimento";"Atropelamento de Pedestre";"Com Vítimas Fatais";"Amanhecer";"Decrescente";"Chuva";"Dupla";"Reta";"Sim";2;1;0;0;1;0;0;1;0,08723365;-51,08569007;"SPRF-AP";"DEL01-AP";"UOP01-DEL01-AP"
423167;2022-03-27;"domingo";"12:30:00";"SC";470;169;"POUSO REDONDO";"Pista esburacada";"Saída de leito carroçável";"Com Vítimas Feridas";"Pleno dia";"Crescente";"Céu Claro";"Simples";"Reta;Declive";"Não";1;0;1;0;0;0;1;1;-27,265471;-49,882442;"SPRF-SC";"DEL04-SC";"UOP02-DEL04-SC"
423168;2022-03-28;"segunda-feira";"05:15:00";"PE";101;38,4;"IGARASSU";"Acumulo de água sobre o pavimento";"Colisão com objeto";"Com Vítimas Feridas";"Pleno dia";"Crescente";"Chuva";"Dupla";"Declive;Curva";"Sim";2;0;2;0;0;0;2;1;-7,80600806;-34,92522908;"SPRF-PE";"DEL01-PE";"UOP02-DEL01-PE"
423169;2022-03-28;"segunda-feira";"03:25:00";"MG";116;576,2;"MANHUACU";"Condutor Dormindo";"Saída de leito carroçável";"Com Vítimas Feridas";"Plena Noite";"Crescente";"Céu Claro";"Simples";"Curva";"Não";2;0;1;0;1;0;1;1;-20,15473996;-42,18629605;"SPRF-MG";"DEL06-MG";"UOP03-DEL06-MG"
423170;2022-03-28;"segunda-feira";"01:30:00";"MS";163;680,8;"RIO VERDE DE MATO GROSSO";"Ingestão de álcool pelo condutor";"Saída de leito carroçável";"Sem Vítimas";"Plena Noite";"Crescente";"Céu Claro";"Simples";"Reta";"Sim";1;0;0;0;1;0;0;1;-18,92417173;-54,83538529;"SPRF-MS";"DEL06-MS";"UOP02-DEL06-MS"
423171;2022-03-28;"segunda-feira";"00:47:00";"BA";135;171;"BARREIRAS";"Ingestão de álcool pelo condutor";"Queda de ocupante de veículo";"Com Vítimas Feridas";"Plena Noite";"Decrescente";"Céu Claro";"Simples";"Reta";"Não";1;0;1;0;0;0;1;1;-12,09737645;-44,97604138;"SPRF-BA";"DEL10-BA";"UOP01-DEL10-BA"
423172;2022-03-27;"domingo";"22:25:00";"MG";50;17,8;"UBERLANDIA";"Velocidade Incompatível";"Queda de ocupante de veículo";"Com Vítimas Feridas";"Plena Noite";"Crescente";"Céu Claro";"Dupla";"Reta";"Sim";1;0;1;0;0;0;1;1;-18,926408;-48,190056;"SPRF-MG";"DEL15-MG";"UOP01-DEL15-MG"
423173;2022-03-28;"segunda-feira";"06:00:00";"PR";369;131;"IBIPORA";"Avarias e/ou desgaste excessivo no pneu";"Tombamento";"Com Vítimas Feridas";"Amanhecer";"Crescente";"Céu Claro";"Dupla";"Aclive";"Sim";1;0;1;0;0;0;1;1;-23,26005;-50,999404;"SPRF-PR";"DEL07-PR";"UOP01-DEL07-PR"
423174;2022-03-28;"segunda-feira";"01:00:00";"GO";153;177;"CAMPINORTE";"Ingestão de álcool pelo condutor";"Saída de leito carroçável";"Com Vítimas Feridas";"Plena Noite";"Crescente";"Céu Claro";"Simples";"Aclive";"Não";1;0;1;0;0;0;1;1;-14,319126;-49,15099;"SPRF-GO";"DEL07-GO";"UOP02-DEL07-GO"
423176;2022-03-28;"segunda-feira";"06:30:00";"MG";381;484,8;"BETIM";"Condutor deixou de manter distância do veículo da frente";"Colisão traseira";"Com Vítimas Feridas";"Pleno dia";"Decrescente";"Sol";"Múltipla";"Reta";"Sim";2;0;1;0;1;0;1;2;-19,95689163;-44,10633087;"SPRF-MG";"DEL01-MG";"UOP03-DEL01-MG"
423178;2022-03-27;"domingo";"22:00:00";"BA";415;49;"ITABUNA";"Ingestão de álcool pelo condutor";"Tombamento";"Com Vítimas Feridas";"Plena Noite";"Crescente";"Céu Claro";"Simples";"Reta";"Não";2;0;1;0;1;0;1;2;-14,81574494;-39,29612388;"SPRF-BA";"DEL05-BA";"UOP01-DEL05-BA"
423179;2022-03-28;"segunda-feira";"00:17:00";"MA";135;59;"BACABEIRA";"Acessar a via sem observar a presença dos outros veículos";"Colisão lateral sentido oposto";"Sem Vítimas";"Plena Noite";"Decrescente";"Ignorado";"Dupla";"Reta";"Não";2;0;0;0;0;2;0;2;-3,04330997;-44,31752324;"SPRF-MA";"DEL01-MA";"UOP02-DEL01-MA"
423180;2022-03-28;"segunda-feira";"06:30:00";"DF";20;18;"BRASILIA";"Trafegar com motocicleta (ou similar) entre as faixas";"Tombamento";"Com Vítimas Feridas";"Pleno dia";"Decrescente";"Céu Claro";"Dupla";"Reta";"Sim";1;0;1;0;0;0;1;1;-15,616901;-47,708927;"SPRF-DF";"DEL02-DF";"UOP01-DEL02-DF"
423181;2022-03-28;"segunda-feira";"06:20:00";"RJ";116;172;"MESQUITA";"Trafegar com motocicleta (ou similar) entre as faixas";"Colisão lateral mesmo sentido";"Com Vítimas Feridas";"Pleno dia";"Decrescente";"Céu Claro";"Dupla";"Reta";"Sim";3;0;2;0;1;0;2;2;-22,77653763;-43,39912891;"SPRF-RJ";"DEL01-RJ";"UOP02-DEL01-RJ"
423182;2022-03-28;"segunda-feira";"07:14:00";"SC";101;387;"CRICIUMA";"Avarias e/ou desgaste excessivo no pneu";"Tombamento";"Com Vítimas Feridas";"Amanhecer";"Decrescente";"Céu Claro";"Dupla";"Aclive;Reta";"Sim";1;0;1;0;0;0;1;1;-28,78085074;-49,32874013;"SPRF-SC";"DEL02-SC";"UOP02-DEL02-SC"
423185;2022-03-28;"segunda-feira";"07:24:00";"SP";153;61,8;"SAO JOSE DO RIO PRETO";"Manobra de mudança de faixa";"Colisão traseira";"Com Vítimas Feridas";"Pleno dia";"Crescente";"Céu Claro";"Dupla";"Reta";"Sim";1;0;1;0;0;0;1;1;-20,81177656;-49,35675139;"SPRF-SP";"DEL09-SP";"UOP01-DEL09-SP"
423186;2022-03-28;"segunda-feira";"07:25:00";"RN";101;83,9;"SAO GONCALO DO AMARANTE";"Reação tardia ou ineficiente do condutor";"Atropelamento de Pedestre";"Com Vítimas Feridas";"Pleno dia";"Crescente";"Céu Claro";"Dupla";"Reta";"Sim";2;0;1;1;0;0;2;2;-5,77344442;-35,26015878;"SPRF-RN";"DEL02-RN";"UOP01-DEL02-RN"
423187;2022-03-28;"segunda-feira";"06:35:00";"ES";101;279,3;"SERRA";"Manobra de mudança de faixa";"Colisão lateral mesmo sentido";"Com Vítimas Feridas";"Pleno dia";"Decrescente";"Céu Claro";"Dupla";"Reta";"Não";2;0;0;1;0;1;1;2;-20,218122;-40,339325;"SPRF-ES";"DEL02-ES";"UOP01-DEL02-ES"
423188;2022-03-28;"segunda-feira";"05:45:00";"MT";163;746;"SORRISO";"Acesso irregular";"Colisão lateral mesmo sentido";"Com Vítimas Feridas";"Pleno dia";"Decrescente";"Sol";"Dupla";"Reta";"Não";2;0;0;1;1;0;1;2;-12,7007392;-55,81389079;"SPRF-MT";"DEL06-MT";"UOP01-DEL06-MT"
423189;2022-03-28;"segunda-feira";"05:30:00";"GO";60;28,7;"ALEXANIA";"Mal súbito do condutor";"Saída de leito carroçável";"Com Vítimas Fatais";"Pleno dia";"Crescente";"Céu Claro";"Dupla";"Aclive";"Não";2;1;0;0;1;0;0;1;-16,0963;-48,5202;"SPRF-DF";"DEL03-DF";"UOP01-DEL03-DF"
423190;2022-03-28;"segunda-feira";"06:50:00";"ES";101;278;"SERRA";"Manobra de mudança de faixa";"Colisão traseira";"Com Vítimas Feridas";"Pleno dia";"Decrescente";"Céu Claro";"Dupla";"Reta";"Não";3;0;1;0;1;1;1;3;-20,21698365;-40,32974606;"SPRF-ES";"DEL02-ES";"UOP01-DEL02-ES"
423191;2022-03-28;"segunda-feira";"07:35:00";"MG";116;706,9;"MURIAE";"Desrespeitar a preferência no cruzamento";"Colisão transversal";"Com Vítimas Feridas";"Plena Noite";"Decrescente";"Sol";"Simples";"Reta;Interseção de Vias";"Sim";2;0;1;0;1;0;1;2;-21,14046704;-42,38137099;"SPRF-MG";"DEL07-MG";"UOP02-DEL07-MG"
423192;2022-03-28;"segunda-feira";"07:40:00";"RS";116;243;"SAO LEOPOLDO";"Manobra de mudança de faixa";"Colisão lateral mesmo sentido";"Com Vítimas Feridas";"Pleno dia";"Crescente";"Céu Claro";"Dupla";"Reta";"Sim";4;0;2;0;2;0;2;3;-29,73196199;-51,14952004;"SPRF-RS";"DEL01-RS";"UOP02-DEL01-RS"
423193;2022-03-28;"segunda-feira";"07:25:00";"SP";116;215;"GUARULHOS";"Velocidade Incompatível";"Colisão traseira";"Com Vítimas Feridas";"Pleno dia";"Crescente";"Céu Claro";"Múltipla";"Reta";"Sim";2;0;1;0;1;0;1;2;-23,44695693;-46,45394103;"SPRF-SP";"DEL01-SP";"UOP01-DEL01-SP"
423194;2022-03-28;"segunda-feira";"07:50:00";"RS";386;343,7;"LAJEADO";"Desrespeitar a preferência no cruzamento";"Colisão transversal";"Com Vítimas Feridas";"Pleno dia";"Crescente";"Céu Claro";"Simples";"Reta;Aclive;Interseção de Vias";"Sim";4;0;0;1;3;0;1;2;-29,434835;-52,002365;"SPRF-RS";"DEL04-RS";"UOP01-DEL04-RS"
423195;2022-03-28;"segunda-feira";"07:35:00";"SC";101;210,4;"SAO JOSE";"Manobra de mudança de faixa";"Colisão lateral mesmo sentido";"Com Vítimas Feridas";"Pleno dia";"Decrescente";"Céu Claro";"Múltipla";"Reta";"Sim";2;0;0;1;1;0;1;2;-27,6167305;-48,6457265;"SPRF-SC";"DEL01-SC";"UOP01-DEL01-SC"
423196;2022-03-28;"segunda-feira";"05:10:00";"MT";163;15;"ITIQUIRA";"Deficiência do Sistema de Iluminação/Sinalização";"Colisão traseira";"Com Vítimas Feridas";"Pleno dia";"Crescente";"Nublado";"Dupla";"Reta";"Sim";2;0;1;0;1;0;1;2;-17,38771899;-54,75787119;"SPRF-MT";"DEL02-MT";"UOP01-DEL02-MT"
423198;2022-03-28;"segunda-feira";"07:10:00";"RO";319;59;"PORTO VELHO";"Condutor deixou de manter distância do veículo da frente";"Colisão traseira";"Com Vítimas Feridas";"Pleno dia";"Crescente";"Sol";"Dupla";"Reta";"Sim";3;0;1;0;2;0;1;2;-8,74272558;-63,90447915;"SPRF-RO";"DEL01-RO";"UOP01-DEL01-RO"
423199;2022-03-28;"segunda-feira";"08:30:00";"SC";282;5,1;"SAO JOSE";"Manobra de mudança de faixa";"Colisão lateral mesmo sentido";"Com Vítimas Feridas";"Pleno dia";"Decrescente";"Céu Claro";"Múltipla";"Reta";"Sim";2;0;1;0;1;0;1;2;-27,588425;-48,612919;"SPRF-SC";"DEL01-SC";"UOP01-DEL01-SC"
423200;2022-03-28;"segunda-feira";"07:40:00";"SC";163;69,6;"SAO MIGUEL DO OESTE";"Condutor deixou de manter distância do veículo da frente";"Colisão traseira";"Com Vítimas Feridas";"Pleno dia";"Decrescente";"Céu Claro";"Dupla";"Interseção de Vias;Reta;Declive";"Sim";2;0;1;0;1;0;1;2;-26,74132699;-53,50120591;"SPRF-SC";"DEL07-SC";"UOP03-DEL07-SC"
423201;2022-03-28;"segunda-feira";"06:25:00";"RJ";116;171,1;"SAO JOAO DE MERITI";"Condutor deixou de manter distância do veículo da frente";"Colisão lateral mesmo sentido";"Com Vítimas Feridas";"Amanhecer";"Decrescente";"Céu Claro";"Dupla";"Reta";"Sim";3;0;1;0;2;0;1;2;-22,8060415;-43,34289573;"SPRF-RJ";"DEL01-RJ";"UOP02-DEL01-RJ"
423204;2022-03-28;"segunda-feira";"09:00:00";"PB";230;11;"CABEDELO";"Ausência de reação do condutor";"Queda de ocupante de veículo";"Com Vítimas Feridas";"Pleno dia";"Decrescente";"Sol";"Dupla";"Reta";"Sim";2;0;1;0;0;1;1;1;-7,06648743;-34,84994758;"SPRF-PB";"DEL01-PB";"UOP01-DEL01-PB"
423209;2022-03-28;"segunda-feira";"06:55:00";"PI";316;1;"TERESINA";"Ausência de reação do condutor";"Colisão traseira";"Com Vítimas Feridas";"Pleno dia";"Decrescente";"Nublado";"Múltipla";"Reta";"Sim";2;0;1;0;1;0;1;2;-5,12861853;-42,80706778;"SPRF-PI";"DEL01-PI";"UOP02-DEL01-PI"
423210;2022-03-28;"segunda-feira";"06:35:00";"SC";470;2,3;"ILHOTA";"Velocidade Incompatível";"Saída de leito carroçável";"Com Vítimas Feridas";"Pleno dia";"Decrescente";"Nublado";"Simples";"Curva";"Sim";2;0;2;0;0;0;2;1;-26,89692746;-48,82255554;"SPRF-SC";"DEL04-SC";"UOP04-DEL04-SC"
423211;2022-03-28;"segunda-feira";"08:55:00";"PR";277;3,9;"FOZ DO IGUACU";"Acessar a via sem observar a presença dos outros veículos";"Colisão transversal";"Com Vítimas Feridas";"Pleno dia";"Decrescente";"Sol";"Dupla";"Retorno Regulamentado;Reta";"Sim";2;0;1;1;0;0;2;2;-25,47243;-54,585602;"SPRF-PR";"DEL05-PR";"UOP03-DEL05-PR"
423212;2022-03-28;"segunda-feira";"06:30:00";"MG";381;765,8;"CAMPANHA";"Reação tardia ou ineficiente do condutor";"Saída de leito carroçável";"Sem Vítimas";"Pleno dia";"Decrescente";"Chuva";"Dupla";"Curva";"Não";1;0;0;0;1;0;0;1;-21,75667108;-45,40552196;"SPRF-MG";"DEL16-MG";"UOP02-DEL16-MG"
423213;2022-03-28;"segunda-feira";"08:50:00";"ES";262;0,5;"VITORIA";"Velocidade Incompatível";"Colisão traseira";"Com Vítimas Feridas";"Pleno dia";"Decrescente";"Céu Claro";"Dupla";"Ponte";"Sim";2;0;1;0;1;0;1;2;-20,320793;-40,353315;"SPRF-ES";"DEL01-ES";"UOP01-DEL01-ES"
423214;2022-03-28;"segunda-feira";"06:35:00";"PI";316;2,7;"TERESINA";"Entrada inopinada do pedestre";"Atropelamento de Pedestre";"Com Vítimas Feridas";"Pleno dia";"Decrescente";"Céu Claro";"Múltipla";"Reta";"Sim";2;0;0;1;1;0;1;2;-5,12477477;-42,79848465;"SPRF-PI";"DEL01-PI";"UOP02-DEL01-PI"
423216;2022-03-28;"segunda-feira";"08:25:00";"RS";116;252;"SAPUCAIA DO SUL";"Reação tardia ou ineficiente do condutor";"Colisão traseira";"Com Vítimas Feridas";"Pleno dia";"Decrescente";"Céu Claro";"Dupla";"Viaduto";"Sim";1;0;1;0;0;0;1;1;-29,80913395;-51,1675292;"SPRF-RS";"DEL01-RS";"UOP02-DEL01-RS"
423217;2022-03-28;"segunda-feira";"08:45:00";"SP";116;280;"EMBU DAS ARTES";"Manobra de mudança de faixa";"Colisão lateral mesmo sentido";"Com Vítimas Feridas";"Pleno dia";"Decrescente";"Sol";"Dupla";"Reta";"Sim";3;0;1;0;1;1;1;2;-23,66996108;-46,85590758;"SPRF-SP";"DEL04-SP";"UOP01-DEL04-SP"
423218;2022-03-28;"segunda-feira";"09:20:00";"RS";290;105;"ELDORADO DO SUL";"Ausência de reação do condutor";"Saída de leito carroçável";"Com Vítimas Feridas";"Pleno dia";"Crescente";"Céu Claro";"Dupla";"Reta";"Sim";2;0;1;0;1;0;1;1;-29,99608;-51,285023;"SPRF-RS";"DEL02-RS";"UOP01-DEL02-RS"
423219;2022-03-28;"segunda-feira";"08:00:00";"MG";40;626;"CONSELHEIRO LAFAIETE";"Desrespeitar a preferência no cruzamento";"Colisão transversal";"Com Vítimas Feridas";"Pleno dia";"Decrescente";"Sol";"Simples";"Reta";"Sim";2;0;1;0;1;0;1;2;-20,63283147;-43,81230896;"SPRF-MG";"DEL05-MG";"UOP02-DEL05-MG"
423220;2022-03-14;"segunda-feira";"07:45:00";"PR";476;135;"CURITIBA";"Ausência de reação do condutor";"Engavetamento";"Sem Vítimas";"Pleno dia";"Decrescente";"Nublado";"Dupla";"Reta";"Sim";3;0;0;0;2;1;0;3;-25,483786;-49,265808;"SPRF-PR";"DEL01-PR";"UOP03-DEL01-PR"
423223;2022-03-28;"segunda-feira";"10:15:00";"PA";316;63;"CASTANHAL";"Transitar no acostamento";"Colisão transversal";"Sem Vítimas";"Pleno dia";"Crescente";"Céu Claro";"Simples";"Reta";"Sim";2;0;0;0;2;0;0;2;-1,29679363;-47,92878096;"SPRF-PA";"DEL01-PA";"UOP01-DEL01-PA"
423224;2022-03-28;"segunda-feira";"08:50:00";"SC";282;628,4;"IRACEMINHA";"Ultrapassagem Indevida";"Colisão frontal";"Com Vítimas Feridas";"Amanhecer";"Crescente";"Ignorado";"Simples";"Reta";"Não";4;0;1;0;3;0;1;2;-26,818754;-53,365486;"SPRF-SC";"DEL07-SC";"UOP02-DEL07-SC"
423227;2022-03-28;"segunda-feira";"11:30:00";"SP";116;384;"MIRACATU";"Chuva";"Saída de leito carroçável";"Com Vítimas Feridas";"Pleno dia";"Crescente";"Chuva";"Dupla";"Reta";"Não";5;0;2;0;3;0;2;1;-24,24780677;-47,37000424;"SPRF-SP";"DEL04-SP";"UOP02-DEL04-SP"