"id";"data_inversa";"dia_semana";"horario";"uf";"br";"km";"municipio";"causa_acidente";"tipo_acidente";"classificacao_acidente";"fase_dia";"sentido_via";"condicao_metereologica";"tipo_pista";"tracado_via";"uso_solo";"pessoas";"mortos";"feridos_leves";"feridos_graves";"ilesos";"ignorados";"feridos";"veiculos";"latitude";"longitude";"regional";"delegacia";"uop"
423232;2022-03-28;"segunda-feira";"11:56:00";"RS";116;241;"NOVO HAMBURGO";"Condutor deixou de manter distância do veículo da frente";"Colisão traseira";"Sem Vítimas";"Pleno dia";"Decrescente";"Céu Claro";"Dupla";"Reta";"Sim";2;0;0;0;2;0;0;2;-29,71396796;-51,1476744;"SPRF-RS";"DEL01-RS";"UOP02-DEL01-RS"
423236;2022-03-28;"segunda-feira";"12:10:00";"PR";376;631,8;"SAO JOSE DOS PINHAIS";"Acessar a via sem observar a presença dos outros veículos";"Colisão transversal";"Com Vítimas Fatais";"Pleno dia";"Decrescente";"Sol";"Dupla";"Reta";"Sim";2;1;0;0;1;0;0;2;-25,71305887;-49,13941456;"SPRF-PR";"DEL01-PR";"UOP04-DEL01-PR"
423237;2022-03-28;"segunda-feira";"11:35:00";"PR";277;84;"CURITIBA";"Condutor deixou de manter distância do veículo da frente";"Colisão traseira";"Com Vítimas Feridas";"Pleno dia";"Decrescente";"Céu Claro";"Dupla";"Curva";"Sim";2;0;1;0;1;0;1;2;-25,4434926;-49,23368454;"SPRF-PR";"DEL01-PR";"UOP01-DEL01-PR"
423238;2022-03-28;"segunda-feira";"09:43:00";"MT";163;839;"SINOP";"Acessar a via sem observar a presença dos outros veículos";"Colisão traseira";"Com Vítimas Feridas";"Pleno dia";"Crescente";"Sol";"Simples";"Reta";"Sim";2;0;0;1;1;0;1;2;-11,824021;-55,485502;"SPRF-MT";"DEL06-MT";"NPF/DEL06-MT"
423243;2022-03-28;"segunda-feira";"13:25:00";"MG";365;627,8;"UBERLANDIA";"Chuva";"Saída de leito carroçável";"Com Vítimas Feridas";"Pleno dia";"Crescente";"Chuva";"Dupla";"Reta";"Não";1;0;1;0;0;0;1;1;-18,90216911;-48,34923416;"SPRF-MG";"DEL15-MG";"UOP01-DEL15-MG"
423244;2022-03-11;"sexta-feira";"09:00:00";"RJ";116;171;"SAO JOAO DE MERITI";"Demais falhas mecânicas ou elétricas";"Incêndio";"Sem Vítimas";"Pleno dia";"Decrescente";"Céu Claro";"Dupla";"Reta";"Sim";1;0;0;0;1;0;0;1;-22,8060415;-43,34289573;"SPRF-RJ";"DEL01-RJ";"UOP02-DEL01-RJ"
423245;2022-03-28;"segunda-feira";"13:30:00";"GO";153;513;"APARECIDA DE GOIANIA";"Reação tardia ou ineficiente do condutor";"Colisão traseira";"Com Vítimas Feridas";"Pleno dia";"Decrescente";"Céu Claro";"Dupla";"Interseção de Vias";"Sim";5;0;2;0;2;1;2;4;-16,8244;-49,2421;"SPRF-GO";"DEL01-GO";"UOP03-DEL01-GO"
423250;2022-03-28;"segunda-feira";"14:00:00";"SC";470;55,3;"BLUMENAU";"Conversão proibida";"Colisão transversal";"Com Vítimas Feridas";"Pleno dia";"Decrescente";"Céu Claro";"Simples";"Reta";"Sim";2;0;1;0;1;0;1;2;-26,87647333;-49,1218727;"SPRF-SC";"DEL04-SC";"UOP01-DEL04-SC"
423251;2022-03-28;"segunda-feira";"09:56:00";"MG";381;687,7;"LAVRAS";"Pista Escorregadia";"Colisão com objeto";"Com Vítimas Feridas";"Pleno dia";"Crescente";"Céu Claro";"Simples";"Viaduto;Declive;Curva";"Não";3;0;1;0;2;0;1;2;-21,20874401;-45,12332598;"SPRF-MG";"DEL04-MG";"UOP02-DEL04-MG"
423252;2022-03-28;"segunda-feira";"13:35:00";"MG";381;924;"CAMANDUCAIA";"Chuva";"Colisão com objeto";"Com Vítimas Feridas";"Pleno dia";"Crescente";"Garoa/Chuvisco";"Dupla";"Curva";"Não";1;0;1;0;0;0;1;1;-22,771872;-46,187484;"SPRF-MG";"DEL16-MG";"UOP03-DEL16-MG"
423253;2022-03-28;"segunda-feira";"14:00:00";"SC";470;142;"RIO DO SUL";"Acesso irregular";"Colisão transversal";"Com Vítimas Feridas";"Pleno dia";"Crescente";"Céu Claro";"Simples";"Reta";"Não";2;0;0;1;1;0;1;2;-27,229801;-49,6693;"SPRF-SC";"DEL04-SC";"UOP02-DEL04-SC"
423254;2022-03-28;"segunda-feira";"10:00:00";"PR";369;244;"BOM SUCESSO";"Avarias e/ou desgaste excessivo no pneu";"Queda de ocupante de veículo";"Com Vítimas Feridas";"Pleno dia";"Crescente";"Céu Claro";"Simples";"Aclive";"Não";1;0;1;0;0;0;1;1;-23,695519;-51,705599;"SPRF-PR";"DEL09-PR";"UOP01-DEL09-PR"
423258;2022-03-28;"segunda-feira";"13:40:00";"PR";373;476;"CORONEL VIVIDA";"Condutor Dormindo";"Colisão traseira";"Sem Vítimas";"Pleno dia";"Crescente";"Céu Claro";"Simples";"Curva";"Não";8;0;0;0;8;0;0;2;-25,96560725;-52,52151489;"SPRF-PR";"DEL02-PR";"UOP01-DEL02-PR"
423261;2022-03-28;"segunda-feira";"13:30:00";"SC";163;72;"SAO MIGUEL DO OESTE";"Demais falhas mecânicas ou elétricas";"Tombamento";"Com Vítimas Feridas";"Pleno dia";"Decrescente";"Céu Claro";"Dupla";"Reta;Declive";"Sim";2;0;2;0;0;0;2;1;-26,72772401;-53,51281303;"SPRF-SC";"DEL07-SC";"UOP03-DEL07-SC"
423263;2022-03-28;"segunda-feira";"14:30:00";"ES";101;276,3;"SERRA";"Acessar a via sem observar a presença dos outros veículos";"Colisão transversal";"Com Vítimas Feridas";"Pleno dia";"Crescente";"Sol";"Dupla";"Retorno Regulamentado";"Não";4;0;3;0;1;0;3;2;-20,20788726;-40,3133509;"SPRF-ES";"DEL02-ES";"UOP01-DEL02-ES"
423264;2022-03-28;"segunda-feira";"14:21:00";"PE";407;124;"PETROLINA";"Desrespeitar a preferência no cruzamento";"Colisão transversal";"Com Vítimas Feridas";"Pleno dia";"Decrescente";"Céu Claro";"Dupla";"Rotatória";"Sim";2;0;0;1;1;0;1;2;-9,36929881;-40,54137139;"SPRF-PE";"DEL06-PE";"UOP01-DEL06-PE"
423265;2022-03-28;"segunda-feira";"14:32:00";"RS";116;143,2;"CAXIAS DO SUL";"Reação tardia ou ineficiente do condutor";"Atropelamento de Pedestre";"Com Vítimas Feridas";"Pleno dia";"Crescente";"Céu Claro";"Dupla";"Interseção de Vias";"Sim";3;0;1;0;2;0;1;2;-29,1201739;-51,12260651;"SPRF-RS";"DEL05-RS";"UOP01-DEL05-RS"
423267;2022-03-28;"segunda-feira";"14:10:00";"PR";277;726;"FOZ DO IGUACU";"Condutor deixou de manter distância do veículo da frente";"Colisão traseira";"Com Vítimas Feridas";"Pleno dia";"Crescente";"Céu Claro";"Dupla";"Curva";"Sim";1;0;1;0;0;0;1;1;-25,5106015;-54,55481999;"SPRF-PR";"DEL05-PR";"UOP03-DEL05-PR"
423269;2022-03-28;"segunda-feira";"14:35:00";"RS";116;267;"CANOAS";"Reação tardia ou ineficiente do condutor";"Colisão com objeto";"Com Vítimas Feridas";"Pleno dia";"Decrescente";"Céu Claro";"Dupla";"Reta";"Sim";3;0;1;0;0;2;1;2;-29,94142398;-51,17697062;"SPRF-RS";"DEL01-RS";"UOP01-DEL01-RS"
423270;2022-03-28;"segunda-feira";"15:00:00";"PB";101;85,6;"BAYEUX";"Condutor deixou de manter distância do veículo da frente";"Colisão traseira";"Com Vítimas Feridas";"Pleno dia";"Crescente";"Céu Claro";"Simples";"Viaduto";"Não";2;0;1;0;0;1;1;2;-7,14538184;-34,91662887;"SPRF-PB";"DEL01-PB";"UOP01-DEL01-PB"
423273;2022-03-28;"segunda-feira";"15:15:00";"PR";277;586,4;"CASCAVEL";"Acessar a via sem observar a presença dos outros veículos";"Colisão transversal";"Com Vítimas Feridas";"Pleno dia";"Crescente";"Céu Claro";"Simples";"Interseção de Vias";"Sim";2;0;1;0;1;0;1;2;-24,96677303;-53,42460394;"SPRF-PR";"DEL04-PR";"UOP01-DEL04-PR"
423274;2022-03-28;"segunda-feira";"08:00:00";"RJ";101;322;"NITEROI";"Condutor deixou de manter distância do veículo da frente";"Colisão traseira";"Com Vítimas Feridas";"Pleno dia";"Crescente";"Céu Claro";"Múltipla";"Ponte";"Não";3;0;1;0;2;0;1;3;-22,878923;-43,110676;"SPRF-RJ";"DEL02-RJ";"UOP01-DEL02-RJ"
423275;2022-03-28;"segunda-feira";"15:15:00";"AL";316;155;"PALMEIRA DOS INDIOS";"Pedestre cruzava a pista fora da faixa";"Atropelamento de Pedestre";"Com Vítimas Feridas";"Pleno dia";"Crescente";"Sol";"Simples";"Reta";"Sim";2;0;0;1;1;0;1;2;-9,42623278;-36,63304512;"SPRF-AL";"DEL03-AL";"UOP01-DEL03-AL"
423276;2022-03-28;"segunda-feira";"13:30:00";"BA";116;350;"SERRINHA";"Desrespeitar a preferência no cruzamento";"Colisão transversal";"Com Vítimas Fatais";"Pleno dia";"Decrescente";"Céu Claro";"Simples";"Reta;Interseção de Vias";"Sim";3;1;0;0;1;1;0;3;-11,59121503;-38,98584031;"SPRF-BA";"DEL02-BA";"UOP01-DEL02-BA"
423277;2022-03-28;"segunda-feira";"15:45:00";"SP";116;228;"SAO PAULO";"Estacionar ou parar em local proibido";"Colisão lateral mesmo sentido";"Com Vítimas Feridas";"Pleno dia";"Crescente";"Céu Claro";"Múltipla";"Reta";"Sim";2;0;1;0;1;0;1;2;-23,50343484;-46,56638712;"SPRF-SP";"DEL01-SP";"UOP01-DEL01-SP"
423278;2022-03-28;"segunda-feira";"15:45:00";"PR";163;272;"QUATRO PONTES";"Avarias e/ou desgaste excessivo no pneu";"Saída de leito carroçável";"Com Vítimas Feridas";"Pleno dia";"Decrescente";"Sol";"Dupla";"Reta";"Não";1;0;1;0;0;0;1;1;-24,61234621;-53,92919719;"SPRF-PR";"DEL06-PR";"UOP02-DEL06-PR"
423279;2022-03-28;"segunda-feira";"14:50:00";"SC";101;337,4;"TUBARAO";"Ausência de reação do condutor";"Colisão com objeto";"Com Vítimas Feridas";"Pleno dia";"Crescente";"Céu Claro";"Múltipla";"Declive;Retorno Regulamentado;Curva";"Não";1;0;0;1;0;0;1;1;-28,47801624;-49,03246283;"SPRF-SC";"DEL02-SC";"UOP01-DEL02-SC"
423280;2022-03-28;"segunda-feira";"14:10:00";"MA";135;174;"SAO MATEUS DO MARANHAO";"Manobra de mudança de faixa";"Colisão frontal";"Com Vítimas Feridas";"Pleno dia";"Crescente";"Sol";"Simples";"Reta";"Não";3;0;0;3;0;0;3;2;-3,96765699;-44,47694897;"SPRF-MA";"DEL01-MA";"UOP02-DEL01-MA"
423281;2022-03-28;"segunda-feira";"16:15:00";"PR";476;139;"CURITIBA";"Acesso irregular";"Colisão transversal";"Com Vítimas Feridas";"Pleno dia";"Crescente";"Céu Claro";"Múltipla";"Reta";"Sim";2;0;1;0;0;1;1;2;-25,51284;-49,289257;"SPRF-PR";"DEL01-PR";"UOP03-DEL01-PR"
423282;2022-03-28;"segunda-feira";"13:50:00";"SC";282;387;"JOACABA";"Retorno proibido";"Colisão lateral mesmo sentido";"Com Vítimas Feridas";"Pleno dia";"Crescente";"Céu Claro";"Simples";"Reta";"Sim";2;0;1;0;1;0;1;2;-27,17634505;-51,52638316;"SPRF-SC";"DEL07-SC";"UOP05-DEL07-SC"
423283;2022-03-28;"segunda-feira";"12:20:00";"SC";282;461,6;"PONTE SERRADA";"Acessar a via sem observar a presença dos outros veículos";"Colisão transversal";"Com Vítimas Feridas";"Pleno dia";"Decrescente";"Céu Claro";"Simples";"Interseção de Vias";"Sim";2;0;0;1;1;0;1;2;-26,856403;-52,041328;"SPRF-SC";"DEL07-SC";"UOP04-DEL07-SC"
423284;2022-02-06;"domingo";"17:00:00";"AP";210;2;"MACAPA";"Conversão proibida";"Colisão lateral mesmo sentido";"Com Vítimas Feridas";"Pleno dia";"Decrescente";"Céu Claro";"Dupla";"Reta";"Sim";3;0;2;0;1;0;2;2;0,08282017;-51,07776189;"SPRF-AP";"DEL01-AP";"UOP01-DEL01-AP"
423285;2022-03-28;"segunda-feira";"15:30:00";"PR";376;203,9;"MANDAGUARI";"Condutor Dormindo";"Saída de leito carroçável";"Com Vítimas Feridas";"Pleno dia";"Decrescente";"Céu Claro";"Dupla";"Reta;Aclive";"Não";2;0;2;0;0;0;2;1;-23,50951388;-51,72140497;"SPRF-PR";"DEL09-PR";"UOP01-DEL09-PR"
423286;2022-03-27;"domingo";"08:00:00";"AP";210;9;"MACAPA";"Ingestão de álcool pelo condutor";"Capotamento";"Com Vítimas Feridas";"Amanhecer";"Decrescente";"Céu Claro";"Simples";"Curva";"Sim";1;0;1;0;0;0;1;1;0,11354905;-51,12709092;"SPRF-AP";"DEL01-AP";"UOP01-DEL01-AP"
423287;2022-03-27;"domingo";"22:00:00";"AP";210;4;"MACAPA";"Condutor deixou de manter distância do veículo da frente";"Colisão traseira";"Com Vítimas Feridas";"Plena Noite";"Decrescente";"Chuva";"Dupla";"Reta";"Não";3;0;1;0;2;0;1;2;0,08824228;-51,09472897;"SPRF-AP";"DEL01-AP";"UOP01-DEL01-AP"
423288;2022-03-28;"segunda-feira";"16:20:00";"PR";277;720;"FOZ DO IGUACU";"Conversão proibida";"Colisão traseira";"Com Vítimas Feridas";"Pleno dia";"Decrescente";"Céu Claro";"Dupla";"Reta";"Sim";3;0;2;0;1;0;2;2;-25,48750984;-54,50317706;"SPRF-PR";"DEL05-PR";"UOP03-DEL05-PR"
423289;2022-01-16;"domingo";"22:00:00";"RS";153;410;"CACHOEIRA DO SUL";"Ingestão de álcool pelo condutor";"Colisão frontal";"Com Vítimas Feridas";"Plena Noite";"Decrescente";"Céu Claro";"Simples";"Aclive";"Sim";5;0;2;3;0;0;5;2;-30,05405117;-52,90766716;"SPRF-RS";"DEL02-RS";"UOP03-DEL02-RS"
423290;2022-03-28;"segunda-feira";"16:00:00";"PR";280;259,9;"MARMELEIRO";"Condutor Dormindo";"Colisão traseira";"Com Vítimas Feridas";"Pleno dia";"Crescente";"Céu Claro";"Simples";"Reta";"Não";2;0;1;0;1;0;1;2;-26,17036273;-53,05667931;"SPRF-PR";"DEL02-PR";"UOP01-DEL02-PR"
423291;2022-03-28;"segunda-feira";"08:55:00";"MG";365;723;"MONTE ALEGRE DE MINAS";"Acumulo de água sobre o pavimento";"Saída de leito carroçável";"Com Vítimas Feridas";"Pleno dia";"Crescente";"Chuva";"Simples";"Reta";"Não";3;0;2;0;1;0;2;1;-18,88595081;-49,21507105;"SPRF-MG";"DEL15-MG";"UOP03-DEL15-MG"
423292;2022-03-28;"segunda-feira";"17:20:00";"BA";116;13,2;"VITORIA DA CONQUISTA";"Ausência de reação do condutor";"Atropelamento de Pedestre";"Com Vítimas Feridas";"Pleno dia";"Decrescente";"Céu Claro";"Simples";"Reta";"Sim";2;0;2;0;0;0;2;2;-14,88803629;-40,87026551;"SPRF-BA";"DEL08-BA";"UOP01-DEL08-BA"
423293;2022-03-28;"segunda-feira";"17:15:00";"MG";40;786,9;"JUIZ DE FORA";"Avarias e/ou desgaste excessivo no pneu";"Colisão com objeto";"Com Vítimas Feridas";"Pleno dia";"Decrescente";"Nublado";"Dupla";"Curva";"Não";1;0;1;0;0;0;1;1;-21,75025248;-43,44474792;"SPRF-MG";"DEL05-MG";"UOP01-DEL05-MG"
423295;2022-03-28;"segunda-feira";"17:40:00";"RS";471;155,7;"SANTA CRUZ DO SUL";"Ingestão de álcool pelo condutor";"Colisão traseira";"Com Vítimas Feridas";"Pleno dia";"Decrescente";"Sol";"Simples";"Reta";"Não";2;0;1;0;1;0;1;2;-29,82657174;-52,40100861;"SPRF-RS";"DEL02-RS";"UOP03-DEL02-RS"
423296;2022-03-28;"segunda-feira";"17:30:00";"MG";116;690,2;"MURIAE";"Ultrapassagem Indevida";"Colisão frontal";"Com Vítimas Fatais";"Anoitecer";"Decrescente";"Nublado";"Simples";"Reta";"Não";2;1;0;1;0;0;1;2;-21,00588;-42,363629;"SPRF-MG";"DEL07-MG";"UOP02-DEL07-MG"
423297;2022-03-28;"segunda-feira";"18:00:00";"RN";304;280;"MACAIBA";"Animais na Pista";"Atropelamento de Animal";"Com Vítimas Feridas";"Plena Noite";"Crescente";"Céu Claro";"Simples";"Reta";"Não";2;0;2;0;0;0;2;1;-5,88956382;-35,48954405;"SPRF-RN";"DEL01-RN";"UOP02-DEL01-RN"
423298;2022-03-28;"segunda-feira";"18:20:00";"SP";116;217;"GUARULHOS";"Velocidade Incompatível";"Engavetamento";"Com Vítimas Feridas";"Anoitecer";"Decrescente";"Céu Claro";"Múltipla";"Reta";"Não";5;0;3;0;2;0;3;4;-23,45423824;-46,47119028;"SPRF-SP";"DEL01-SP";"UOP01-DEL01-SP"
423302;2022-03-28;"segunda-feira";"18:50:00";"SP";116;142;"SAO JOSE DOS CAMPOS";"Reação tardia ou ineficiente do condutor";"Colisão traseira";"Sem Vítimas";"Plena Noite";"Decrescente";"Céu Claro";"Dupla";"Reta";"Sim";2;0;0;0;2;0;0;2;-23,17426078;-45,82940111;"SPRF-SP";"DEL02-SP";"UOP01-DEL02-SP"
423303;2022-03-28;"segunda-feira";"17:30:00";"PR";369;524,2;"CASCAVEL";"Pista Escorregadia";"Tombamento";"Com Vítimas Feridas";"Pleno dia";"Crescente";"Céu Claro";"Dupla";"Reta";"Sim";2;0;2;0;0;0;2;1;-24,9502;-53,3984;"SPRF-PR";"DEL04-PR";"UOP01-DEL04-PR"
423304;2022-03-28;"segunda-feira";"18:20:00";"SE";101;196;"CRISTINAPOLIS";"Acesso irregular";"Queda de ocupante de veículo";"Com Vítimas Feridas";"Anoitecer";"Crescente";"Céu Claro";"Simples";"Declive;Reta";"Não";2;0;0;2;0;0;2;1;-11,46225469;-37,74281194;"SPRF-SE";"DEL02-SE";"UOP03-DEL02-SE"
423306;2022-03-28;"segunda-feira";"18:25:00";"PE";408;99,6;"SAO LOURENCO DA MATA";"Ausência de reação do condutor";"Saída de leito carroçável";"Com Vítimas Feridas";"Plena Noite";"Crescente";"Céu Claro";"Dupla";"Curva";"Não";3;0;0;1;0;2;1;2;-8,04133634;-35,02531212;"SPRF-PE";"DEL01-PE";"UOP01-DEL01-PE"
423308;2022-03-28;"segunda-feira";"18:30:00";"PR";476;115;"COLOMBO";"Pedestre andava na pista";"Atropelamento de Pedestre";"Com Vítimas Feridas";"Anoitecer";"Decrescente";"Nublado";"Dupla";"Reta";"Não";2;0;1;0;1;0;1;2;-25,344196;-49,159679;"SPRF-PR";"DEL01-PR";"UOP02-DEL01-PR"
423311;2022-03-28;"segunda-feira";"19:05:00";"DF";20;9,4;"BRASILIA";"Pedestre cruzava a pista fora da faixa";"Atropelamento de Pedestre";"Com Vítimas Feridas";"Plena Noite";"Decrescente";"Céu Claro";"Dupla";"Reta";"Sim";3;0;0;2;1;0;2;2;-15,654671;-47,782917;"SPRF-DF";"DEL02-DF";"UOP01-DEL02-DF"
423314;2022-03-28;"segunda-feira";"19:00:00";"PR";277;580,9;"CASCAVEL";"Ausência de reação do condutor";"Colisão traseira";"Com Vítimas Feridas";"Plena Noite";"Crescente";"Céu Claro";"Dupla";"Reta";"Sim";3;0;1;0;2;0;1;2;-24,984741;-53,368952;"SPRF-PR";"DEL04-PR";"UOP01-DEL04-PR"
423316;2022-02-26;"sábado";"12:08:00";"ES";101;26;"CONCEICAO DA BARRA";"Entrada inopinada do pedestre";"Atropelamento de Pedestre";"Com Vítimas Feridas";"Pleno dia";"Decrescente";"Nublado";"Simples";"Reta";"Não";3;0;0;1;1;1;1;2;-18,37551795;-39,94781087;"SPRF-ES";"DEL04-ES";"UOP02-DEL04-ES"
423317;2022-03-28;"segunda-feira";"06:15:00";"PB";230;123,4;"RIACHAO DO BACAMARTE";"Avarias e/ou desgaste excessivo no pneu";"Saída de leito carroçável";"Sem Vítimas";"Pleno dia";"Crescente";"Garoa/Chuvisco";"Dupla";"Curva";"Não";1;0;0;0;0;1;0;1;-7,2478;-35,6672;"SPRF-PB";"DEL02-PB";"UOP01-DEL02-PB"
423320;2022-03-28;"segunda-feira";"19:30:00";"PI";343;345,3;"TERESINA";"Ausência de reação do condutor";"Colisão transversal";"Com Vítimas Feridas";"Plena Noite";"Crescente";"Nublado";"Simples";"Reta";"Sim";2;0;1;0;1;0;1;2;-5,102889;-42,766506;"SPRF-PI";"DEL01-PI";"UOP01-DEL01-PI"
423321;2022-03-28;"segunda-feira";"19:30:00";"MG";365;758,7;"ITUIUTABA";"Pedestre andava na pista";"Atropelamento de Pedestre";"Com Vítimas Fatais";"Plena Noite";"Crescente";"Céu Claro";"Simples";"Declive";"Não";2;1;0;0;1;0;0;2;-18,96623979;-49,48752601;"SPRF-MG";"DEL15-MG";"UOP03-DEL15-MG"
423322;2022-03-28;"segunda-feira";"19:15:00";"GO";414;429,3;"ABADIANIA";"Condutor deixou de manter distância do veículo da frente";"Colisão traseira";"Com Vítimas Feridas";"Plena Noite";"Decrescente";"Céu Claro";"Simples";"Reta";"Não";2;0;0;1;1;0;1;2;-16,196303;-48,908142;"SPRF-GO";"DEL02-GO";"UOP01-DEL02-GO"
423327;2022-03-28;"segunda-feira";"17:30:00";"RS";158;391,6;"SAO GABRIEL";"Velocidade Incompatível";"Capotamento";"Com Vítimas Feridas";"Pleno dia";"Decrescente";"Céu Claro";"Simples";"Reta";"Não";2;0;0;1;0;1;1;2;-29,93357881;-54,34775523;"SPRF-RS";"DEL11-RS";"UOP02-DEL11-RS"
423328;2022-03-28;"segunda-feira";"20:53:00";"RN";101;94;"NATAL";"Conversão proibida";"Colisão transversal";"Com Vítimas Feridas";"Plena Noite";"Decrescente";"Céu Claro";"Dupla";"Reta";"Sim";2;0;1;0;1;0;1;2;-5,83176615;-35,21191342;"SPRF-RN";"DEL01-RN";"UOP01-DEL01-RN"
423334;2022-03-28;"segunda-feira";"21:05:00";"DF";251;9,4;"BRASILIA";"Animais na Pista";"Atropelamento de Animal";"Com Vítimas Fatais";"Pleno dia";"Crescente";"Céu Claro";"Simples";"Reta";"Não";1;1;0;0;0;0;0;1;-15,985051;-47,577747;"SPRF-DF";"DEL01-DF";"UOP01-DEL01-DF"
423337;2022-03-28;"segunda-feira";"18:50:00";"RO";364;427;"JARU";"Acessar a via sem observar a presença dos outros veículos";"Colisão transversal";"Com Vítimas Feridas";"Anoitecer";"Crescente";"Nublado";"Simples";"Interseção de Vias";"Sim";2;0;1;0;1;0;1;2;-10,42664984;-62,48863578;"SPRF-RO";"DEL03-RO";"UOP02-DEL03-RO"
423338;2022-03-28;"segunda-feira";"20:00:00";"RJ";101;321;"NITEROI";"Avarias e/ou desgaste excessivo no pneu";"Queda de ocupante de veículo";"Com Vítimas Feridas";"Plena Noite";"Decrescente";"Nublado";"Múltipla";"Reta";"Sim";1;0;1;0;0;0;1;1;-22,86981096;-43,11046465;"SPRF-RJ";"DEL02-RJ";"UOP01-DEL02-RJ"
423339;2022-03-28;"segunda-feira";"19:40:00";"RJ";40;46,5;"PETROPOLIS";"Ausência de reação do condutor";"Colisão com objeto";"Com Vítimas Feridas";"Plena Noite";"Crescente";"Céu Claro";"Dupla";"Reta";"Não";1;0;1;0;0;0;1;1;-22,28561813;-43,12096273;"SPRF-RJ";"DEL05-RJ";"UOP02-DEL05-RJ"
423340;2022-03-28;"segunda-feira";"20:38:00";"SC";280;20,9;"ARAQUARI";"Reação tardia ou ineficiente do condutor";"Colisão com objeto";"Com Vítimas Feridas";"Plena Noite";"Crescente";"Céu Claro";"Simples";"Interseção de Vias";"Não";4;0;1;1;2;0;2;2;-26,37064747;-48,68694305;"SPRF-SC";"DEL03-SC";"UOP03-DEL03-SC"
423341;2022-03-28;"segunda-feira";"22:00:00";"SP";116;271;"TABOAO DA SERRA";"Pista Escorregadia";"Tombamento";"Com Vítimas Feridas";"Plena Noite";"Crescente";"Chuva";"Múltipla";"Reta";"Sim";2;0;1;0;1;0;1;1;-23,61809286;-46,80556302;"SPRF-SP";"DEL04-SP";"UOP01-DEL04-SP"
423343;2022-03-28;"segunda-feira";"21:20:00";"PR";277;169;"PALMEIRA";"Pedestre andava na pista";"Atropelamento de Pedestre";"Com Vítimas Feridas";"Plena Noite";"Decrescente";"Nublado";"Simples";"Reta";"Sim";3;0;3;0;0;0;3;2;-25,46271613;-49,922854;"SPRF-PR";"DEL01-PR";"UOP03-DEL03-PR"
423346;2022-03-29;"terça-feira";"01:00:00";"SC";101;154;"PORTO BELO";"Ingestão de álcool pelo condutor";"Saída de leito carroçável";"Com Vítimas Feridas";"Plena Noite";"Crescente";"Nublado";"Dupla";"Reta";"Não";1;0;1;0;0;0;1;1;-27,153819;-48,61086393;"SPRF-SC";"DEL04-SC";"UOP03-DEL04-SC"
423349;2022-03-29;"terça-feira";"02:00:00";"RO";364;12;"VILHENA";"Acessar a via sem observar a presença dos outros veículos";"Colisão transversal";"Com Vítimas Feridas";"Plena Noite";"Crescente";"Céu Claro";"Simples";"Reta";"Sim";4;0;0;1;1;2;1;3;-12,74234681;-60,12513757;"SPRF-RO";"DEL04-RO";"UOP01-DEL04-RO"
423356;2022-03-29;"terça-feira";"05:40:00";"MG";365;641;"UBERLANDIA";"Animais na Pista";"Atropelamento de Animal";"Com Vítimas Feridas";"Amanhecer";"Crescente";"Céu Claro";"Dupla";"Reta";"Não";1;0;1;0;0;0;1;1;-18,88388156;-48,47481693;"SPRF-MG";"DEL15-MG";"UOP01-DEL15-MG"
423357;2022-03-29;"terça-feira";"06:10:00";"GO";153;260,5;"JARAGUA";"Condutor Dormindo";"Saída de leito carroçável";"Com Vítimas Feridas";"Pleno dia";"Crescente";"Céu Claro";"Simples";"Reta";"Não";4;0;1;0;3;0;1;1;-15,76067425;-49,31265172;"SPRF-GO";"DEL07-GO";"UOP02-DEL07-GO"
423358;2022-03-29;"terça-feira";"06:18:00";"MG";40;460;"SETE LAGOAS";"Ausência de reação do condutor";"Tombamento";"Com Vítimas Feridas";"Amanhecer";"Crescente";"Céu Claro";"Dupla";"Reta";"Não";1;0;1;0;0;0;1;1;-19,39770694;-44,33528916;"SPRF-MG";"DEL02-MG";"UOP01-DEL02-MG"
423359;2022-03-29;"terça-feira";"06:30:00";"SP";116;307;"SAO LOURENCO DA SERRA";"Velocidade Incompatível";"Colisão com objeto";"Com Vítimas Feridas";"Pleno dia";"Decrescente";"Nublado";"Dupla";"Curva";"Não";1;0;0;1;0;0;1;1;-23,85630016;-46,94096988;"SPRF-SP";"DEL04-SP";"UOP01-DEL04-SP"
423361;2022-03-28;"segunda-feira";"19:10:00";"MG";116;535,9;"SANTA RITA DE MINAS";"Transitar no acostamento";"Colisão frontal";"Com Vítimas Feridas";"Plena Noite";"Decrescente";"Nublado";"Simples";"Curva";"Não";2;0;0;2;0;0;2;2;-19,85292504;-42,14058636;"SPRF-MG";"DEL06-MG";"UOP02-DEL06-MG"
423362;2022-03-29;"terça-feira";"07:40:00";"SC";101;205,9;"SAO JOSE";"Reação tardia ou ineficiente do condutor";"Colisão traseira";"Com Vítimas Feridas";"Pleno dia";"Crescente";"Céu Claro";"Múltipla";"Reta";"Sim";3;0;0;1;1;1;1;3;-27,58313237;-48,61532885;"SPRF-SC";"DEL01-SC";"UOP01-DEL01-SC"
423364;2022-03-29;"terça-feira";"06:05:00";"RO";364;676;"CANDEIAS DO JAMARI";"Manobra de mudança de faixa";"Colisão com objeto";"Com Vítimas Fatais";"Pleno dia";"Crescente";"Céu Claro";"Simples";"Reta";"Não";2;1;0;0;1;0;0;2;-8,782058;-63,555269;"SPRF-RO";"DEL01-RO";"UOP01-DEL01-RO"