"id";"data_inversa";"dia_semana";"horario";"uf";"br";"km";"municipio";"causa_acidente";"tipo_acidente";"classificacao_acidente";"fase_dia";"sentido_via";"condicao_metereologica";"tipo_pista";"tracado_via";"uso_solo";"pessoas";"mortos";"feridos_leves";"feridos_graves";"ilesos";"ignorados";"feridos";"veiculos";"latitude";"longitude";"regional";"delegacia";"uop"
423368;2022-03-29;"terça-feira";"07:40:00";"DF";40;2,9;"BRASILIA";"Manobra de mudança de faixa";"Colisão traseira";"Com Vítimas Feridas";"Pleno dia";"Decrescente";"Céu Claro";"Dupla";"Declive";"Não";2;0;1;0;1;0;1;2;-15,99435;-47,985947;"SPRF-DF";"DEL01-DF";"UOP01-DEL01-DF"
423369;2022-03-29;"terça-feira";"07:58:00";"PR";476;136;"CURITIBA";"Condutor deixou de manter distância do veículo da frente";"Colisão traseira";"Com Vítimas Feridas";"Pleno dia";"Decrescente";"Céu Claro";"Múltipla";"Reta";"Sim";2;0;1;0;1;0;1;2;-25,491047;-49,271679;"SPRF-PR";"DEL01-PR";"UOP03-DEL01-PR"
423373;2022-03-11;"sexta-feira";"20:15:00";"MS";262;496,1;"ANASTACIO";"Iluminação deficiente";"Colisão traseira";"Com Vítimas Feridas";"Plena Noite";"Decrescente";"Céu Claro";"Simples";"Reta";"Não";4;0;1;0;3;0;1;2;-20,50256808;-55,871888;"SPRF-MS";"DEL03-MS";"UOP01-DEL03-MS"
423375;2022-03-28;"segunda-feira";"21:00:00";"PB";0;0;"JOAO PESSOA";"Condutor deixou de manter distância do veículo da frente";"Colisão traseira";"Sem Vítimas";"Plena Noite";"Não Informado";"Céu Claro";"Dupla";"Reta";"Sim";4;0;0;0;4;0;0;2;-7,16153837;-34,89627957;"SPRF-PB";"DEL01-PB";"UOP02-DEL01-PB"
423376;2022-03-29;"terça-feira";"08:30:00";"RN";405;0,7;"MOSSORO";"Acesso irregular";"Colisão transversal";"Com Vítimas Feridas";"Pleno dia";"Decrescente";"Céu Claro";"Simples";"Reta";"Sim";3;0;2;0;0;1;2;2;-5,1914673;-37,351887;"SPRF-RN";"DEL04-RN";"UOP02-DEL04-RN"
423382;2022-03-26;"sábado";"07:15:00";"PE";316;303;"FLORESTA";"Acessar a via sem observar a presença dos outros veículos";"Colisão transversal";"Com Vítimas Feridas";"Pleno dia";"Decrescente";"Céu Claro";"Simples";"Declive";"Sim";5;0;1;0;4;0;1;2;-8,6084332;-38,56904984;"SPRF-PE";"DEL04-PE";"UOP01-DEL04-PE"
423390;2022-03-17;"quinta-feira";"18:25:00";"PR";116;123;"CURITIBA";"Condutor deixou de manter distância do veículo da frente";"Colisão traseira";"Com Vítimas Feridas";"Plena Noite";"Crescente";"Céu Claro";"Dupla";"Reta";"Sim";2;0;1;0;1;0;1;2;-25,57736002;-49,31243589;"SPRF-PR";"DEL01-PR";"UOP03-DEL01-PR"
423392;2022-03-29;"terça-feira";"11:55:00";"GO";40;10,5;"LUZIANIA";"Condutor deixou de manter distância do veículo da frente";"Engavetamento";"Com Vítimas Feridas";"Pleno dia";"Crescente";"Céu Claro";"Dupla";"Reta;Declive";"Sim";5;0;1;0;4;0;1;3;-16,1333024;-47,95629859;"SPRF-DF";"DEL01-DF";"UOP01-DEL01-DF"
423393;2022-03-29;"terça-feira";"11:30:00";"DF";80;18,5;"BRASILIA";"Manobra de mudança de faixa";"Colisão lateral mesmo sentido";"Com Vítimas Feridas";"Pleno dia";"Crescente";"Céu Claro";"Dupla";"Reta";"Sim";3;0;0;1;2;0;1;2;-15,684259;-48,205139;"SPRF-DF";"DEL03-DF";"UOP02-DEL03-DF"
423397;2022-03-29;"terça-feira";"12:20:00";"RS";448;4;"ESTEIO";"Demais falhas mecânicas ou elétricas";"Queda de ocupante de veículo";"Com Vítimas Feridas";"Pleno dia";"Decrescente";"Céu Claro";"Dupla";"Reta";"Não";1;0;1;0;0;0;1;1;-29,849258;-51,220989;"SPRF-RS";"DEL01-RS";"UOP02-DEL01-RS"
423398;2022-03-29;"terça-feira";"11:35:00";"RS";468;102;"TRES PASSOS";"Acessar a via sem observar a presença dos outros veículos";"Colisão transversal";"Com Vítimas Feridas";"Pleno dia";"Crescente";"Sol";"Simples";"Reta";"Sim";2;0;1;0;1;0;1;2;-27,46424742;-53,93279601;"SPRF-RS";"DEL08-RS";"UOP02-DEL08-RS"
423399;2022-03-29;"terça-feira";"11:40:00";"SC";280;55,5;"GUARAMIRIM";"Desrespeitar a preferência no cruzamento";"Colisão transversal";"Com Vítimas Feridas";"Pleno dia";"Crescente";"Céu Claro";"Dupla";"Rotatória;Reta";"Sim";2;0;1;0;1;0;1;2;-26,47584353;-48,9937858;"SPRF-SC";"DEL03-SC";"UOP03-DEL03-SC"
423401;2022-03-29;"terça-feira";"12:40:00";"RS";158;562,9;"SANTANA DO LIVRAMENTO";"Ausência de reação do condutor";"Colisão lateral sentido oposto";"Com Vítimas Feridas";"Pleno dia";"Decrescente";"Sol";"Simples";"Reta;Aclive";"Sim";4;0;1;0;3;0;1;2;-30,850815;-55,486874;"SPRF-RS";"DEL11-RS";"UOP01-DEL11-RS"
423402;2022-03-29;"terça-feira";"13:00:00";"PR";277;670,4;"MEDIANEIRA";"Velocidade Incompatível";"Colisão com objeto";"Com Vítimas Feridas";"Pleno dia";"Decrescente";"Céu Claro";"Dupla";"Reta";"Sim";1;0;1;0;0;0;1;1;-25,28490106;-54,08744898;"SPRF-PR";"DEL05-PR";"UOP02-DEL05-PR"
423404;2022-03-29;"terça-feira";"12:30:00";"MS";376;6;"DOURADOS";"Manobra de mudança de faixa";"Colisão com objeto";"Com Vítimas Feridas";"Pleno dia";"Crescente";"Céu Claro";"Simples";"Reta";"Não";4;0;2;1;0;1;3;2;-22,23642697;-54,65583896;"SPRF-MS";"DEL04-MS";"UOP04-DEL04-MS"
423405;2022-03-29;"terça-feira";"12:40:00";"MT";163;108;"RONDONOPOLIS";"Condutor deixou de manter distância do veículo da frente";"Colisão traseira";"Sem Vítimas";"Pleno dia";"Crescente";"Céu Claro";"Dupla";"Reta";"Não";2;0;0;0;2;0;0;2;-16,59471898;-54,69370305;"SPRF-MT";"DEL02-MT";"UOP01-DEL02-MT"
423406;2022-02-28;"segunda-feira";"07:50:00";"PA";230;549;"ANAPU";"Acumulo de água sobre o pavimento";"Saída de leito carroçável";"Com Vítimas Feridas";"Pleno dia";"Crescente";"Nublado";"Simples";"Reta";"Não";3;0;1;2;0;0;3;1;-3,181097;-51,554765;"SPRF-PA";"DEL04-PA";"UOP01-DEL04-PA"
423410;2022-02-05;"sábado";"02:15:00";"RS";471;168;"RIO PARDO";"Ausência de reação do condutor";"Queda de ocupante de veículo";"Com Vítimas Feridas";"Plena Noite";"Crescente";"Céu Claro";"Simples";"Reta";"Não";1;0;0;1;0;0;1;1;-29,93217681;-52,38895191;"SPRF-RS";"DEL02-RS";"UOP03-DEL02-RS"
423412;2022-01-09;"domingo";"01:10:00";"PR";116;7;"CAMPINA GRANDE DO SUL";"Reação tardia ou ineficiente do condutor";"Saída de leito carroçável";"Com Vítimas Feridas";"Plena Noite";"Crescente";"Nublado";"Dupla";"Reta";"Sim";4;0;0;2;1;1;2;1;-25,3683;-49,1074;"SPRF-PR";"DEL01-PR";"UOP02-DEL01-PR"
423413;2022-03-29;"terça-feira";"14:40:00";"PE";101;46,9;"IGARASSU";"Reação tardia ou ineficiente do condutor";"Tombamento";"Com Vítimas Feridas";"Pleno dia";"Crescente";"Céu Claro";"Múltipla";"Reta";"Não";1;0;0;1;0;0;1;1;-7,87406004;-34,90588126;"SPRF-PE";"DEL01-PE";"UOP02-DEL01-PE"
423414;2022-01-02;"domingo";"17:44:00";"MG";365;146;"PIRAPORA";"Demais falhas mecânicas ou elétricas";"Tombamento";"Com Vítimas Feridas";"Pleno dia";"Decrescente";"Céu Claro";"Simples";"Reta";"Não";1;0;1;0;0;0;1;1;-17,26133688;-44,84929511;"SPRF-MG";"DEL12-MG";"UOP01-DEL12-MG"
423416;2022-03-29;"terça-feira";"10:00:00";"SP";381;84;"SAO PAULO";"Ausência de reação do condutor";"Colisão traseira";"Sem Vítimas";"Pleno dia";"Crescente";"Céu Claro";"Dupla";"Reta";"Sim";1;0;0;0;1;0;0;1;-23,43937;-46,56807;"SPRF-SP";"DEL03-SP";"UOP01-DEL03-SP"
423421;2022-03-29;"terça-feira";"10:20:00";"MT";163;737;"SORRISO";"Velocidade Incompatível";"Saída de leito carroçável";"Sem Vítimas";"Pleno dia";"Crescente";"Céu Claro";"Simples";"Reta";"Não";3;0;0;0;3;0;0;1;-12,77642004;-55,83662074;"SPRF-MT";"DEL06-MT";"UOP01-DEL06-MT"
423423;2022-03-29;"terça-feira";"14:40:00";"SC";280;123,5;"RIO NEGRINHO";"Condutor deixou de manter distância do veículo da frente";"Colisão traseira";"Com Vítimas Feridas";"Pleno dia";"Crescente";"Céu Claro";"Simples";"Reta";"Sim";3;0;3;0;0;0;3;2;-26,24420169;-49,46557991;"SPRF-SC";"DEL06-SC";"UOP03-DEL06-SC"
423424;2022-03-29;"terça-feira";"15:10:00";"RS";448;12;"PORTO ALEGRE";"Avarias e/ou desgaste excessivo no pneu";"Tombamento";"Com Vítimas Feridas";"Pleno dia";"Crescente";"Céu Claro";"Dupla";"Reta";"Sim";1;0;1;0;0;0;1;1;-29,914507;-51,236031;"SPRF-RS";"DEL01-RS";"UOP01-DEL01-RS"
423425;2022-03-29;"terça-feira";"15:50:00";"BA";407;0,1;"JUAZEIRO";"Acessar a via sem observar a presença dos outros veículos";"Colisão traseira";"Com Vítimas Feridas";"Pleno dia";"Decrescente";"Sol";"Simples";"Reta";"Sim";6;0;0;1;5;0;1;2;-9,409546;-40,505337;"SPRF-PE";"DEL06-PE";"UOP01-DEL06-PE"
423427;2022-03-29;"terça-feira";"15:29:00";"MS";60;412;"SIDROLANDIA";"Condutor Dormindo";"Saída de leito carroçável";"Com Vítimas Feridas";"Pleno dia";"Decrescente";"Céu Claro";"Simples";"Reta";"Não";1;0;0;1;0;0;1;1;-20,8900027;-54,84741809;"SPRF-MS";"DEL01-MS";"UOP04-DEL01-MS"
423430;2022-03-29;"terça-feira";"17:00:00";"SC";101;144,3;"ITAPEMA";"Manobra de mudança de faixa";"Colisão lateral mesmo sentido";"Com Vítimas Feridas";"Pleno dia";"Decrescente";"Céu Claro";"Dupla";"Reta";"Sim";2;0;1;0;1;0;1;2;-27,0732659;-48,59672716;"SPRF-SC";"DEL04-SC";"UOP03-DEL04-SC"
423431;2022-03-29;"terça-feira";"13:00:00";"RO";421;43;"MONTE NEGRO";"Pista esburacada";"Tombamento";"Com Vítimas Feridas";"Pleno dia";"Decrescente";"Céu Claro";"Simples";"Reta";"Não";1;0;1;0;0;0;1;1;-10,222732;-63,249844;"SPRF-RO";"DEL03-RO";"UOP01-DEL03-RO"
423434;2022-03-29;"terça-feira";"17:00:00";"SP";116;219;"GUARULHOS";"Acessar a via sem observar a presença dos outros veículos";"Colisão transversal";"Com Vítimas Feridas";"Pleno dia";"Crescente";"Céu Claro";"Simples";"Reta";"Não";2;0;1;0;1;0;1;2;-23,46143954;-46,48885316;"SPRF-SP";"DEL01-SP";"UOP01-DEL01-SP"
423435;2022-03-29;"terça-feira";"16:30:00";"GO";60;465;"JATAI";"Acessar a via sem observar a presença dos outros veículos";"Colisão transversal";"Com Vítimas Feridas";"Pleno dia";"Decrescente";"Céu Claro";"Dupla";"Retorno Regulamentado;Reta";"Não";4;0;1;0;3;0;1;2;-17,8893;-51,6555;"SPRF-GO";"DEL05-GO";"UOP01-DEL05-GO"
423437;2022-03-29;"terça-feira";"16:45:00";"AP";156;434;"TARTARUGALZINHO";"Acumulo de água sobre o pavimento";"Saída de leito carroçável";"Com Vítimas Fatais";"Pleno dia";"Decrescente";"Chuva";"Simples";"Curva";"Não";2;1;1;0;0;0;1;1;1,22574038;-51,00934982;"SPRF-AP";"DEL01-AP";"UOP02-DEL01-AP"
423439;2022-03-29;"terça-feira";"18:10:00";"SC";101;119;"ITAJAI";"Ausência de reação do condutor";"Colisão lateral mesmo sentido";"Com Vítimas Feridas";"Anoitecer";"Crescente";"Nublado";"Dupla";"Túnel";"Sim";2;0;1;0;1;0;1;2;-26,9043179;-48,71555481;"SPRF-SC";"DEL04-SC";"UOP04-DEL04-SC"
423442;2022-03-29;"terça-feira";"18:20:00";"SC";101;104,3;"BALNEARIO PICARRAS";"Reação tardia ou ineficiente do condutor";"Colisão com objeto";"Sem Vítimas";"Anoitecer";"Crescente";"Céu Claro";"Dupla";"Reta";"Não";2;0;0;0;2;0;0;1;-26,79281742;-48,68080819;"SPRF-SC";"DEL03-SC";"UOP02-DEL03-SC"
423444;2022-03-29;"terça-feira";"17:20:00";"PB";101;61;"SANTA RITA";"Avarias e/ou desgaste excessivo no pneu";"Colisão com objeto";"Sem Vítimas";"Anoitecer";"Crescente";"Nublado";"Dupla";"Declive";"Não";1;0;0;0;0;1;0;1;-7,00949401;-35,06072329;"SPRF-PB";"DEL01-PB";"UOP04-DEL01-PB"
423445;2022-03-29;"terça-feira";"18:30:00";"ES";101;293,4;"CARIACICA";"Demais falhas mecânicas ou elétricas";"Incêndio";"Sem Vítimas";"Plena Noite";"Decrescente";"Céu Claro";"Dupla";"Em Obras";"Sim";1;0;0;0;0;1;0;1;-20,31526144;-40,39567044;"SPRF-ES";"DEL01-ES";"UOP01-DEL01-ES"
423446;2022-03-29;"terça-feira";"18:30:00";"RJ";101;71;"CAMPOS DOS GOYTACAZES";"Pedestre andava na pista";"Atropelamento de Pedestre";"Com Vítimas Feridas";"Plena Noite";"Crescente";"Nublado";"Simples";"Reta";"Não";2;0;1;0;1;0;1;2;-21,78577807;-41,38139396;"SPRF-RJ";"DEL08-RJ";"UOP02-DEL08-RJ"
423447;2022-03-29;"terça-feira";"18:57:00";"RJ";101;317;"SAO GONCALO";"Transitar no acostamento";"Colisão traseira";"Com Vítimas Feridas";"Plena Noite";"Decrescente";"Nublado";"Dupla";"Reta";"Sim";2;0;1;0;1;0;1;2;-22,83707798;-43,09492006;"SPRF-RJ";"DEL02-RJ";"UOP02-DEL02-RJ"
423449;2022-03-29;"terça-feira";"18:15:00";"SC";101;196;"BIGUACU";"Condutor deixou de manter distância do veículo da frente";"Colisão lateral mesmo sentido";"Com Vítimas Feridas";"Plena Noite";"Crescente";"Céu Claro";"Simples";"Reta";"Sim";2;0;1;0;1;0;1;2;-27,51101091;-48,64322292;"SPRF-SC";"DEL01-SC";"UOP01-DEL01-SC"
423451;2022-03-29;"terça-feira";"19:00:00";"DF";70;19;"BRASILIA";"Frear bruscamente";"Queda de ocupante de veículo";"Com Vítimas Feridas";"Anoitecer";"Crescente";"Céu Claro";"Dupla";"Reta;Declive";"Não";2;0;0;1;0;1;1;1;-15,788868;-48,220242;"SPRF-DF";"DEL03-DF";"UOP02-DEL03-DF"
423452;2022-03-29;"terça-feira";"19:35:00";"PR";376;169,7;"MARINGA";"Ausência de reação do condutor";"Saída de leito carroçável";"Com Vítimas Feridas";"Plena Noite";"Crescente";"Céu Claro";"Dupla";"Reta";"Sim";2;0;1;1;0;0;2;1;-23,40321783;-51,99655294;"SPRF-PR";"DEL09-PR";"UOP01-DEL09-PR"
423453;2022-03-29;"terça-feira";"18:30:00";"MG";116;421,5;"ALPERCATA";"Manobra de mudança de faixa";"Saída de leito carroçável";"Com Vítimas Feridas";"Plena Noite";"Decrescente";"Céu Claro";"Simples";"Reta";"Não";1;0;1;0;0;0;1;1;-18,93669975;-41,94751431;"SPRF-MG";"DEL06-MG";"UOP01-DEL06-MG"
423454;2022-03-29;"terça-feira";"17:10:00";"BA";116;751;"POCOES";"Acessar a via sem observar a presença dos outros veículos";"Colisão transversal";"Sem Vítimas";"Pleno dia";"Crescente";"Céu Claro";"Simples";"Reta";"Não";3;0;0;0;2;1;0;2;-14,436957;-40,352864;"SPRF-BA";"DEL08-BA";"UOP02-DEL08-BA"
423460;2022-03-29;"terça-feira";"18:20:00";"RO";319;60;"PORTO VELHO";"Desrespeitar a preferência no cruzamento";"Tombamento";"Com Vítimas Feridas";"Anoitecer";"Decrescente";"Nublado";"Dupla";"Rotatória;Interseção de Vias";"Sim";2;0;2;0;0;0;2;1;-8,73982002;-63,8898772;"SPRF-RO";"DEL01-RO";"UOP01-DEL01-RO"
423461;2022-02-22;"terça-feira";"15:00:00";"MA";135;7;"SAO LUIS";"Ausência de reação do condutor";"Colisão traseira";"Com Vítimas Feridas";"Pleno dia";"Decrescente";"Céu Claro";"Dupla";"Reta";"Não";2;0;1;0;1;0;1;2;-2,63608835;-44,26848552;"SPRF-MA";"DEL01-MA";"UOP01-DEL01-MA"
423463;2022-03-29;"terça-feira";"16:13:00";"MG";381;621,1;"OLIVEIRA";"Velocidade Incompatível";"Capotamento";"Com Vítimas Feridas";"Pleno dia";"Decrescente";"Céu Claro";"Dupla";"Curva";"Não";1;0;1;0;0;0;1;1;-20,78558012;-44,78578864;"SPRF-MG";"DEL04-MG";"UOP01-DEL04-MG"
423465;2022-03-29;"terça-feira";"18:40:00";"MT";364;579;"NOBRES";"Problema com o freio";"Colisão traseira";"Com Vítimas Feridas";"Plena Noite";"Decrescente";"Nublado";"Múltipla";"Reta";"Não";3;0;1;0;2;0;1;2;-14,66298789;-56,29936934;"SPRF-MT";"DEL01-MT";"UOP01-DEL01-MT"
423468;2022-03-29;"terça-feira";"20:35:00";"MG";40;750,5;"SANTOS DUMONT";"Animais na Pista";"Atropelamento de Animal";"Com Vítimas Feridas";"Plena Noite";"Decrescente";"Céu Claro";"Simples";"Curva";"Não";1;0;1;0;0;0;1;1;-21,45724301;-43,55822199;"SPRF-MG";"DEL05-MG";"UOP01-DEL05-MG"
423469;2022-03-29;"terça-feira";"19:50:00";"PI";343;347,9;"TERESINA";"Modificação proibida";"Colisão transversal";"Com Vítimas Feridas";"Plena Noite";"Decrescente";"Nublado";"Dupla";"Reta";"Sim";2;0;0;1;0;1;1;2;-5,11691;-42,782876;"SPRF-PI";"DEL01-PI";"UOP01-DEL01-PI"
423470;2022-03-29;"terça-feira";"20:45:00";"RS";116;267;"CANOAS";"Demais falhas mecânicas ou elétricas";"Saída de leito carroçável";"Com Vítimas Feridas";"Plena Noite";"Decrescente";"Céu Claro";"Dupla";"Reta";"Sim";5;0;2;0;1;2;2;2;-29,94374194;-51,17662311;"SPRF-RS";"DEL01-RS";"UOP01-DEL01-RS"
423471;2022-03-29;"terça-feira";"20:05:00";"RO";364;241,9;"CACOAL";"Reação tardia ou ineficiente do condutor";"Colisão traseira";"Sem Vítimas";"Plena Noite";"Decrescente";"Nublado";"Simples";"Rotatória";"Sim";2;0;0;0;2;0;0;2;-11,44084787;-61,48767999;"SPRF-RO";"DEL02-RO";"UOP02-DEL02-RO"
423472;2022-03-29;"terça-feira";"20:45:00";"PE";101;67;"RECIFE";"Entrada inopinada do pedestre";"Atropelamento de Pedestre";"Sem Vítimas";"Plena Noite";"Decrescente";"Nublado";"Múltipla";"Reta";"Sim";2;0;0;0;1;1;0;2;-8,042334;-34,943096;"SPRF-PE";"DEL01-PE";"UOP01-DEL01-PE"
423473;2022-03-29;"terça-feira";"18:00:00";"BA";101;877,1;"TEIXEIRA DE FREITAS";"Reação tardia ou ineficiente do condutor";"Colisão frontal";"Com Vítimas Feridas";"Plena Noite";"Crescente";"Céu Claro";"Simples";"Reta";"Sim";2;0;1;0;1;0;1;2;-17,53954208;-39,71525431;"SPRF-BA";"DEL09-BA";"UOP02-DEL09-BA"
423474;2022-03-29;"terça-feira";"21:40:00";"SC";101;130;"BALNEARIO CAMBORIU";"Ausência de reação do condutor";"Tombamento";"Com Vítimas Feridas";"Plena Noite";"Decrescente";"Nublado";"Dupla";"Reta";"Sim";3;0;1;1;1;0;2;2;-26,98407618;-48,66977107;"SPRF-SC";"DEL04-SC";"UOP03-DEL04-SC"
423475;2022-01-17;"segunda-feira";"02:30:00";"ES";101;350;"ANCHIETA";"Reação tardia ou ineficiente do condutor";"Saída de leito carroçável";"Com Vítimas Feridas";"Plena Noite";"Decrescente";"Céu Claro";"Simples";"Curva";"Não";2;0;0;2;0;0;2;1;-20,65985684;-40,64894709;"SPRF-ES";"DEL03-ES";"UOP01-DEL03-ES"
423478;2022-03-29;"terça-feira";"22:40:00";"SC";282;16,4;"PALHOCA";"Demais falhas na via";"Colisão transversal";"Com Vítimas Feridas";"Plena Noite";"Crescente";"Céu Claro";"Simples";"Reta";"Sim";2;0;1;0;1;0;1;2;-27,658611;-48,681847;"SPRF-SC";"DEL01-SC";"UOP02-DEL01-SC"
423479;2022-03-29;"terça-feira";"23:20:00";"RJ";40;120,1;"DUQUE DE CAXIAS";"Condutor deixou de manter distância do veículo da frente";"Saída de leito carroçável";"Com Vítimas Feridas";"Plena Noite";"Decrescente";"Céu Claro";"Dupla";"Reta";"Sim";4;0;2;1;1;0;3;1;-22,77280597;-43,28626763;"SPRF-RJ";"DEL01-RJ";"UOP01-DEL01-RJ"
423480;2022-03-29;"terça-feira";"22:20:00";"GO";153;210;"URUACU";"Manobra de mudança de faixa";"Saída de leito carroçável";"Sem Vítimas";"Plena Noite";"Decrescente";"Céu Claro";"Simples";"Reta;Aclive";"Não";1;0;0;0;0;1;0;1;-14,605865;-49,166637;"SPRF-GO";"DEL07-GO";"UOP02-DEL07-GO"
423481;2022-03-29;"terça-feira";"19:50:00";"PR";376;179,5;"MARINGA";"Ausência de reação do condutor";"Tombamento";"Com Vítimas Feridas";"Plena Noite";"Decrescente";"Céu Claro";"Múltipla";"Viaduto;Reta";"Sim";1;0;1;0;0;0;1;1;-23,42068384;-51,90898418;"SPRF-PR";"DEL09-PR";"UOP01-DEL09-PR"
423482;2022-03-06;"domingo";"02:00:00";"ES";101;64;"SAO MATEUS";"Ingestão de álcool ou de substâncias psicoativas pelo pedestre";"Atropelamento de Pedestre";"Com Vítimas Feridas";"Plena Noite";"Decrescente";"Chuva";"Simples";"Reta";"Não";2;0;0;1;0;1;1;2;-18,70428583;-39,87065983;"SPRF-ES";"DEL04-ES";"UOP02-DEL04-ES"
423483;2022-02-15;"terça-feira";"15:00:00";"PA";230;308;"NOVO REPARTIMENTO";"Ultrapassagem Indevida";"Colisão lateral mesmo sentido";"Sem Vítimas";"Pleno dia";"Crescente";"Céu Claro";"Simples";"Reta";"Sim";2;0;0;0;1;1;0;2;-4,256324;-49,94572;"SPRF-PA";"DEL03-PA";"UOP01-DEL03-PA"
423485;2022-03-29;"terça-feira";"20:00:00";"PR";376;347;"ORTIGUEIRA";"Reação tardia ou ineficiente do condutor";"Saída de leito carroçável";"Com Vítimas Feridas";"Plena Noite";"Decrescente";"Céu Claro";"Simples";"Reta";"Não";22;0;20;2;0;0;22;1;-24,22342025;-50,92990234;"SPRF-PR";"DEL07-PR";"UOP02-DEL07-PR"
423496;2022-03-30;"quarta-feira";"04:50:00";"ES";101;154;"LINHARES";"Pedestre andava na pista";"Atropelamento de Pedestre";"Com Vítimas Feridas";"Plena Noite";"Decrescente";"Céu Claro";"Simples";"Reta";"Não";2;0;1;0;1;0;1;2;-19,43087618;-40,08393774;"SPRF-ES";"DEL04-ES";"UOP01-DEL04-ES"
423497;2022-03-30;"quarta-feira";"05:30:00";"MA";316;530,1;"CAXIAS";"Animais na Pista";"Atropelamento de Animal";"Com Vítimas Fatais";"Amanhecer";"Crescente";"Nublado";"Simples";"Reta";"Não";1;1;0;0;0;0;0;1;-4,818838;-43,535672;"SPRF-MA";"DEL03-MA";"UOP02-DEL03-MA"
423501;2022-03-29;"terça-feira";"23:55:00";"RS";285;302;"PASSO FUNDO";"Transitar na contramão";"Colisão frontal";"Com Vítimas Fatais";"Plena Noite";"Decrescente";"Céu Claro";"Simples";"Reta";"Sim";3;1;0;0;2;0;0;2;-28,22091996;-52,46658325;"SPRF-RS";"DEL08-RS";"UOP03-DEL08-RS"
423502;2022-03-30;"quarta-feira";"05:00:00";"ES";101;269,2;"SERRA";"Objeto estático sobre o leito carroçável";"Tombamento";"Com Vítimas Feridas";"Amanhecer";"Crescente";"Céu Claro";"Múltipla";"Reta";"Sim";1;0;1;0;0;0;1;1;-20,21740496;-40,26990578;"SPRF-ES";"DEL02-ES";"UOP01-DEL02-ES"
423504;2022-03-30;"quarta-feira";"06:15:00";"GO";40;6,5;"VALPARAISO DE GOIAS";"Ausência de reação do condutor";"Colisão traseira";"Com Vítimas Feridas";"Pleno dia";"Crescente";"Céu Claro";"Dupla";"Reta";"Sim";2;0;1;0;1;0;1;2;-16,100814;-47,977351;"SPRF-DF";"DEL01-DF";"UOP01-DEL01-DF"
423505;2022-03-30;"quarta-feira";"05:50:00";"RS";285;469;"CORONEL BARROS";"Objeto estático sobre o leito carroçável";"Colisão com objeto";"Sem Vítimas";"Plena Noite";"Decrescente";"Chuva";"Simples";"Reta";"Não";1;0;0;0;1;0;0;1;-28,385923;-53,991028;"SPRF-RS";"DEL10-RS";"UOP01-DEL10-RS"
423508;2022-03-29;"terça-feira";"17:38:00";"RO";364;454;"JARU";"Acumulo de areia ou detritos sobre o pavimento";"Tombamento";"Com Vítimas Feridas";"Pleno dia";"Crescente";"Garoa/Chuvisco";"Simples";"Reta";"Não";3;0;2;0;0;1;2;2;-10,27805943;-62,68306531;"SPRF-RO";"DEL03-RO";"UOP02-DEL03-RO"
423509;2022-03-30;"quarta-feira";"06:20:00";"PE";101;54;"PAULISTA";"Condutor Dormindo";"Colisão com objeto";"Sem Vítimas";"Pleno dia";"Crescente";"Céu Claro";"Dupla";"Ponte;Reta";"Não";1;0;0;0;0;1;0;1;-7,93961103;-34,90356584;"SPRF-PE";"DEL01-PE";"UOP02-DEL01-PE"
423510;2022-03-18;"sexta-feira";"08:05:00";"PE";428;185,1;"PETROLINA";"Acesso irregular";"Colisão transversal";"Com Vítimas Feridas";"Pleno dia";"Crescente";"Nublado";"Simples";"Reta";"Sim";2;0;1;0;1;0;1;2;-9,35344681;-40,47713578;"SPRF-PE";"DEL06-PE";"UOP01-DEL06-PE"
423511;2022-03-30;"quarta-feira";"07:30:00";"DF";70;18,5;"BRASILIA";"Demais falhas mecânicas ou elétricas";"Tombamento";"Com Vítimas Feridas";"Amanhecer";"Decrescente";"Céu Claro";"Dupla";"Reta";"Não";2;0;2;0;0;0;2;1;-15,791093;-48,21096;"SPRF-DF";"DEL03-DF";"UOP02-DEL03-DF"
423513;2022-03-29;"terça-feira";"22:15:00";"MG";381;480;"CONTAGEM";"Velocidade Incompatível";"Capotamento";"Com Vítimas Feridas";"Plena Noite";"Crescente";"Céu Claro";"Dupla";"Reta";"Sim";1;0;1;0;0;0;1;1;-19,95749597;-44,07899901;"SPRF-MG";"DEL01-MG";"UOP03-DEL01-MG"
423514;2022-03-30;"quarta-feira";"07:40:00";"SC";101;118,5;"ITAJAI";"Trafegar com motocicleta (ou similar) entre as faixas";"Colisão lateral mesmo sentido";"Com Vítimas Feridas";"Pleno dia";"Crescente";"Nublado";"Dupla";"Reta";"Não";2;0;1;0;1;0;1;2;-26,895859;-48,71903;"SPRF-SC";"DEL04-SC";"UOP04-DEL04-SC"
423515;2022-03-30;"quarta-feira";"07:15:00";"RN";101;102,5;"PARNAMIRIM";"Desrespeitar a preferência no cruzamento";"Colisão lateral mesmo sentido";"Sem Vítimas";"Pleno dia";"Crescente";"Sol";"Múltipla";"Interseção de Vias";"Sim";2;0;0;0;2;0;0;2;-5,88875897;-35,24284244;"SPRF-RN";"DEL01-RN";"UOP01-DEL01-RN"