"id";"data_inversa";"dia_semana";"horario";"uf";"br";"km";"municipio";"causa_acidente";"tipo_acidente";"classificacao_acidente";"fase_dia";"sentido_via";"condicao_metereologica";"tipo_pista";"tracado_via";"uso_solo";"pessoas";"mortos";"feridos_leves";"feridos_graves";"ilesos";"ignorados";"feridos";"veiculos";"latitude";"longitude";"regional";"delegacia";"uop"
423516;2022-03-30;"quarta-feira";"07:00:00";"ES";101;268;"SERRA";"Transitar no acostamento";"Atropelamento de Pedestre";"Com Vítimas Feridas";"Pleno dia";"Crescente";"Céu Claro";"Dupla";"Reta";"Sim";2;0;2;0;0;0;2;2;-20,20842;-40,269405;"SPRF-ES";"DEL02-ES";"UOP01-DEL02-ES"
423517;2022-03-30;"quarta-feira";"07:20:00";"SP";116;214;"GUARULHOS";"Velocidade Incompatível";"Colisão traseira";"Com Vítimas Feridas";"Pleno dia";"Crescente";"Céu Claro";"Múltipla";"Reta";"Sim";2;0;1;0;1;0;1;2;-23,44333014;-46,44531294;"SPRF-SP";"DEL01-SP";"UOP01-DEL01-SP"
423519;2022-03-30;"quarta-feira";"07:00:00";"PE";101;71,3;"RECIFE";"Chuva";"Queda de ocupante de veículo";"Com Vítimas Feridas";"Pleno dia";"Decrescente";"Chuva";"Dupla";"Reta";"Sim";1;0;1;0;0;0;1;1;-8,079487;-34,942966;"SPRF-PE";"DEL01-PE";"UOP01-DEL01-PE"
423520;2022-03-30;"quarta-feira";"07:35:00";"CE";20;417;"MARACANAU";"Condutor desrespeitou a iluminação vermelha do semáforo";"Colisão transversal";"Com Vítimas Feridas";"Pleno dia";"Decrescente";"Chuva";"Dupla";"Em Obras;Interseção de Vias";"Sim";4;0;1;0;3;0;1;3;-3,84051183;-38,59748125;"SPRF-CE";"DEL01-CE";"UOP02-DEL01-CE"
423523;2022-03-30;"quarta-feira";"08:00:00";"SE";235;51;"ITABAIANA";"Conversão proibida";"Colisão transversal";"Com Vítimas Feridas";"Pleno dia";"Crescente";"Céu Claro";"Simples";"Interseção de Vias";"Sim";2;0;0;1;1;0;1;2;-10,700226;-37,431423;"SPRF-SE";"DEL01-SE";"UOP02-DEL01-SE"
423524;2022-03-30;"quarta-feira";"07:10:00";"SC";470;138,2;"RIO DO SUL";"Transitar na contramão";"Colisão lateral sentido oposto";"Com Vítimas Feridas";"Pleno dia";"Crescente";"Nublado";"Simples";"Interseção de Vias";"Sim";2;0;1;0;1;0;1;2;-27,207214;-49,648476;"SPRF-SC";"DEL04-SC";"UOP02-DEL04-SC"
423526;2022-03-30;"quarta-feira";"07:15:00";"AL";101;133;"SAO MIGUEL DOS CAMPOS";"Ultrapassagem Indevida";"Colisão lateral sentido oposto";"Com Vítimas Feridas";"Pleno dia";"Decrescente";"Nublado";"Simples";"Reta";"Não";2;0;1;0;1;0;1;2;-9,77267463;-36,10116533;"SPRF-AL";"DEL02-AL";"UOP01-DEL02-AL"
423527;2022-03-30;"quarta-feira";"08:00:00";"PR";116;89,5;"PIRAQUARA";"Reação tardia ou ineficiente do condutor";"Saída de leito carroçável";"Com Vítimas Feridas";"Pleno dia";"Decrescente";"Céu Claro";"Dupla";"Curva";"Não";1;0;0;1;0;0;1;1;-25,48357102;-49,10682678;"SPRF-PR";"DEL01-PR";"UOP01-DEL01-PR"
423528;2022-03-30;"quarta-feira";"07:30:00";"MG";262;446,8;"NOVA SERRANA";"Pedestre cruzava a pista fora da faixa";"Atropelamento de Pedestre";"Com Vítimas Feridas";"Pleno dia";"Crescente";"Céu Claro";"Dupla";"Reta";"Sim";2;0;1;0;1;0;1;2;-19,87341662;-44,96007194;"SPRF-MG";"DEL08-MG";"UOP03-DEL08-MG"
423529;2022-03-30;"quarta-feira";"07:25:00";"ES";101;291,9;"CARIACICA";"Manobra de mudança de faixa";"Colisão lateral mesmo sentido";"Com Vítimas Feridas";"Pleno dia";"Decrescente";"Céu Claro";"Dupla";"Declive";"Sim";2;0;1;0;1;0;1;2;-20,306122;-40,394958;"SPRF-ES";"DEL01-ES";"UOP01-DEL01-ES"
423530;2022-02-27;"domingo";"00:20:00";"PE";104;17,5;"TAQUARITINGA DO NORTE";"Reação tardia ou ineficiente do condutor";"Colisão traseira";"Com Vítimas Fatais";"Plena Noite";"Crescente";"Garoa/Chuvisco";"Simples";"Reta";"Sim";3;2;0;0;0;1;0;2;-7,931927;-36,11956;"SPRF-PE";"DEL02-PE";"UOP01-DEL02-PE"
423531;2022-03-30;"quarta-feira";"09:00:00";"SE";101;93;"NOSSA SENHORA DO SOCORRO";"Condutor deixou de manter distância do veículo da frente";"Colisão traseira";"Com Vítimas Feridas";"Pleno dia";"Decrescente";"Céu Claro";"Dupla";"Reta";"Não";3;0;3;0;0;0;3;2;-10,90212319;-37,14494787;"SPRF-SE";"DEL01-SE";"UOP01-DEL01-SE"
423533;2022-03-26;"sábado";"15:00:00";"MS";267;29;"BATAGUASSU";"Reação tardia ou ineficiente do condutor";"Colisão transversal";"Com Vítimas Feridas";"Pleno dia";"Crescente";"Nublado";"Dupla";"Reta";"Sim";6;0;3;0;0;3;3;3;-21,71982031;-52,423208;"SPRF-MS";"DEL02-MS";"UOP04-DEL02-MS"
423534;2022-03-30;"quarta-feira";"06:30:00";"MG";40;716;"BARBACENA";"Transitar na contramão";"Colisão frontal";"Com Vítimas Feridas";"Pleno dia";"Crescente";"Céu Claro";"Simples";"Curva;Interseção de Vias;Rotatória";"Não";2;0;0;1;1;0;1;2;-21,25153502;-43,66402206;"SPRF-MG";"DEL05-MG";"UOP01-DEL05-MG"
423535;2022-03-30;"quarta-feira";"08:50:00";"RN";101;104,5;"PARNAMIRIM";"Manobra de mudança de faixa";"Tombamento";"Com Vítimas Feridas";"Pleno dia";"Decrescente";"Céu Claro";"Múltipla";"Reta";"Sim";2;0;1;0;0;1;1;2;-5,892745;-35,257225;"SPRF-RN";"DEL01-RN";"UOP01-DEL01-RN"
423537;2022-03-30;"quarta-feira";"06:00:00";"MG";40;715,9;"BARBACENA";"Velocidade Incompatível";"Saída de leito carroçável";"Sem Vítimas";"Amanhecer";"Crescente";"Ignorado";"Simples";"Curva";"Não";1;0;0;0;0;1;0;1;-21,25161698;-43,67181701;"SPRF-MG";"DEL05-MG";"UOP01-DEL05-MG"
423541;2022-03-30;"quarta-feira";"07:35:00";"RS";290;10;"OSORIO";"Velocidade Incompatível";"Saída de leito carroçável";"Com Vítimas Feridas";"Pleno dia";"Decrescente";"Chuva";"Dupla";"Reta";"Não";3;0;1;0;2;0;1;1;-29,891388;-50,373714;"SPRF-RS";"DEL03-RS";"UOP01-DEL03-RS"
423542;2022-03-30;"quarta-feira";"09:40:00";"RJ";101;58;"CAMPOS DOS GOYTACAZES";"Entrada inopinada do pedestre";"Atropelamento de Pedestre";"Com Vítimas Feridas";"Pleno dia";"Decrescente";"Céu Claro";"Simples";"Reta";"Sim";2;0;1;0;1;0;1;2;-21,71134375;-41,30863667;"SPRF-RJ";"DEL08-RJ";"UOP01-DEL08-RJ"
423543;2022-03-25;"sexta-feira";"07:50:00";"SC";280;5;"SAO FRANCISCO DO SUL";"Acessar a via sem observar a presença dos outros veículos";"Colisão transversal";"Com Vítimas Feridas";"Pleno dia";"Crescente";"Sol";"Simples";"Reta";"Sim";2;0;1;0;1;0;1;2;-26,26011706;-48,62571995;"SPRF-SC";"DEL03-SC";"UOP03-DEL03-SC"
423545;2022-03-30;"quarta-feira";"10:20:00";"MG";365;623,5;"UBERLANDIA";"Conversão proibida";"Colisão transversal";"Com Vítimas Feridas";"Pleno dia";"Crescente";"Céu Claro";"Dupla";"Reta";"Sim";2;0;0;1;1;0;1;2;-18,90473861;-48,28736901;"SPRF-MG";"DEL15-MG";"UOP01-DEL15-MG"
423547;2022-03-30;"quarta-feira";"10:10:00";"SE";101;151,5;"ESTANCIA";"Acesso irregular";"Colisão transversal";"Com Vítimas Feridas";"Pleno dia";"Decrescente";"Céu Claro";"Simples";"Reta";"Não";2;0;1;0;0;1;1;2;-11,26151;-37,441227;"SPRF-SE";"DEL02-SE";"UOP01-DEL02-SE"
423548;2022-03-30;"quarta-feira";"09:40:00";"PR";373;247;"GUAMIRANGA";"Acessar a via sem observar a presença dos outros veículos";"Colisão transversal";"Com Vítimas Feridas";"Pleno dia";"Decrescente";"Nublado";"Simples";"Rotatória";"Sim";2;0;1;0;1;0;1;2;-25,19090525;-50,82302001;"SPRF-PR";"DEL03-PR";"UOP04-DEL03-PR"
423549;2022-02-12;"sábado";"22:48:00";"MT";163;827;"SINOP";"Ausência de reação do condutor";"Colisão com objeto";"Com Vítimas Feridas";"Plena Noite";"Crescente";"Nublado";"Dupla";"Retorno Regulamentado";"Não";1;0;1;0;0;0;1;1;-11,93044;-55,513425;"SPRF-MT";"DEL06-MT";"UOP01-DEL06-MT"
423550;2022-03-30;"quarta-feira";"08:50:00";"PE";101;70,9;"RECIFE";"Transitar no acostamento";"Atropelamento de Pedestre";"Com Vítimas Feridas";"Pleno dia";"Decrescente";"Nublado";"Dupla";"Reta";"Sim";2;0;2;0;0;0;2;2;-8,07680479;-34,93051529;"SPRF-PE";"DEL01-PE";"UOP01-DEL01-PE"
423551;2022-03-30;"quarta-feira";"11:00:00";"SC";101;212;"PALHOCA";"Falta de acostamento";"Colisão traseira";"Com Vítimas Feridas";"Pleno dia";"Decrescente";"Nublado";"Dupla";"Reta";"Sim";3;0;1;1;1;0;2;2;-27,62996929;-48,65903871;"SPRF-SC";"DEL01-SC";"UOP02-DEL01-SC"
423554;2022-03-30;"quarta-feira";"11:10:00";"GO";20;181,6;"SIMOLANDIA";"Afundamento ou ondulação no pavimento";"Tombamento";"Com Vítimas Feridas";"Pleno dia";"Crescente";"Céu Claro";"Dupla";"Reta";"Sim";1;0;1;0;0;0;1;1;-14,470801;-46,486183;"SPRF-DF";"DEL02-DF";"UOP03-DEL02-DF"
423558;2022-03-30;"quarta-feira";"11:40:00";"BA";116;12,9;"VITORIA DA CONQUISTA";"Desrespeitar a preferência no cruzamento";"Colisão transversal";"Com Vítimas Feridas";"Pleno dia";"Decrescente";"Céu Claro";"Simples";"Reta";"Sim";2;0;1;0;1;0;1;2;-14,884176;-40,870683;"SPRF-BA";"DEL08-BA";"UOP01-DEL08-BA"
423559;2022-03-30;"quarta-feira";"11:40:00";"SC";101;201;"SAO JOSE";"Ausência de reação do condutor";"Queda de ocupante de veículo";"Com Vítimas Feridas";"Pleno dia";"Crescente";"Nublado";"Múltipla";"Reta";"Sim";2;0;2;0;0;0;2;1;-27,54836599;-48,61977975;"SPRF-SC";"DEL01-SC";"UOP01-DEL01-SC"
423560;2022-03-30;"quarta-feira";"11:30:00";"ES";101;354,3;"ANCHIETA";"Velocidade Incompatível";"Colisão transversal";"Com Vítimas Feridas";"Pleno dia";"Crescente";"Céu Claro";"Simples";"Interseção de Vias";"Não";32;0;25;5;2;0;30;2;-20,68448741;-40,67131406;"SPRF-ES";"DEL03-ES";"UOP01-DEL03-ES"
423565;2022-03-30;"quarta-feira";"10:50:00";"RO";364;15;"VILHENA";"Frear bruscamente";"Tombamento";"Com Vítimas Feridas";"Pleno dia";"Decrescente";"Céu Claro";"Dupla";"Reta";"Sim";1;0;1;0;0;0;1;1;-12,73672751;-60,14804088;"SPRF-RO";"DEL04-RO";"UOP01-DEL04-RO"
423567;2022-03-30;"quarta-feira";"12:10:00";"SC";282;5,6;"SAO JOSE";"Área urbana sem a presença de local apropriado para a travessia de pedestres";"Atropelamento de Pedestre";"Sem Vítimas";"Pleno dia";"Decrescente";"Céu Claro";"Dupla";"Curva";"Não";2;0;0;0;1;1;0;2;-27,588425;-48,612919;"SPRF-SC";"DEL01-SC";"UOP01-DEL01-SC"
423568;2022-03-30;"quarta-feira";"12:30:00";"CE";116;508,4;"BREJO SANTO";"Pista esburacada";"Capotamento";"Com Vítimas Feridas";"Pleno dia";"Decrescente";"Céu Claro";"Simples";"Reta";"Sim";2;0;1;1;0;0;2;1;-7,51284501;-38,99025297;"SPRF-CE";"DEL05-CE";"UOP03-DEL05-CE"
423569;2022-03-30;"quarta-feira";"12:30:00";"RJ";40;111;"DUQUE DE CAXIAS";"Reação tardia ou ineficiente do condutor";"Colisão traseira";"Com Vítimas Feridas";"Pleno dia";"Crescente";"Céu Claro";"Múltipla";"Aclive";"Sim";2;0;1;0;1;0;1;2;-22,691868;-43,287453;"SPRF-RJ";"DEL01-RJ";"UOP01-DEL01-RJ"
423573;2022-03-30;"quarta-feira";"12:30:00";"RS";116;248;"SAO LEOPOLDO";"Ausência de reação do condutor";"Tombamento";"Com Vítimas Feridas";"Pleno dia";"Decrescente";"Chuva";"Dupla";"Reta";"Sim";2;0;1;0;1;0;1;2;-29,77912876;-51,15648508;"SPRF-RS";"DEL01-RS";"UOP02-DEL01-RS"
423576;2022-03-30;"quarta-feira";"10:30:00";"SC";480;128,1;"CHAPECO";"Ausência de reação do condutor";"Saída de leito carroçável";"Com Vítimas Feridas";"Pleno dia";"Decrescente";"Garoa/Chuvisco";"Dupla";"Reta";"Sim";2;0;1;0;1;0;1;1;-27,03781899;-52,63432603;"SPRF-SC";"DEL07-SC";"UOP01-DEL07-SC"
423577;2022-03-30;"quarta-feira";"13:30:00";"MG";40;700,1;"BARBACENA";"Pista Escorregadia";"Tombamento";"Com Vítimas Feridas";"Pleno dia";"Decrescente";"Céu Claro";"Dupla";"Curva";"Sim";3;0;3;0;0;0;3;2;-21,20797291;-43,7488712;"SPRF-MG";"DEL05-MG";"UOP02-DEL05-MG"
423579;2022-03-30;"quarta-feira";"09:49:00";"GO";0;0;"ITUMBIARA";"Frear bruscamente";"Colisão traseira";"Sem Vítimas";"Pleno dia";"Não Informado";"Sol";"Simples";"Declive";"Sim";4;0;0;0;4;0;0;3;-18,415512;-49,217559;"SPRF-GO";"DEL03-GO";"UOP02-DEL03-GO"
423582;2022-03-30;"quarta-feira";"14:46:00";"ES";101;66;"SAO MATEUS";"Manobra de mudança de faixa";"Colisão lateral mesmo sentido";"Sem Vítimas";"Pleno dia";"Crescente";"Céu Claro";"Dupla";"Reta";"Sim";3;0;0;0;3;0;0;2;-18,7165195;-39,87436378;"SPRF-ES";"DEL04-ES";"UOP02-DEL04-ES"
423584;2022-03-30;"quarta-feira";"15:00:00";"PB";230;7;"CABEDELO";"Ausência de reação do condutor";"Colisão com objeto";"Com Vítimas Feridas";"Pleno dia";"Decrescente";"Céu Claro";"Dupla";"Reta";"Não";1;0;1;0;0;0;1;1;-7,026;-34,8385;"SPRF-PB";"DEL01-PB";"UOP01-DEL01-PB"
423585;2022-03-30;"quarta-feira";"14:30:00";"GO";153;509,1;"GOIANIA";"Ausência de reação do condutor";"Colisão traseira";"Com Vítimas Feridas";"Pleno dia";"Decrescente";"Céu Claro";"Múltipla";"Declive;Desvio Temporário;Em Obras;Reta";"Sim";2;0;1;0;1;0;1;2;-16,77994073;-49,2369363;"SPRF-GO";"DEL01-GO";"UOP03-DEL01-GO"
423587;2022-01-09;"domingo";"08:00:00";"PR";476;150;"ARAUCARIA";"Velocidade Incompatível";"Capotamento";"Sem Vítimas";"Pleno dia";"Decrescente";"Céu Claro";"Dupla";"Reta;Declive";"Sim";1;0;0;0;1;0;0;1;-25,558477;-49,368313;"SPRF-PR";"DEL01-PR";"UOP03-DEL01-PR"
423589;2022-03-30;"quarta-feira";"14:30:00";"SC";280;131;"RIO NEGRINHO";"Acessar a via sem observar a presença dos outros veículos";"Colisão lateral mesmo sentido";"Com Vítimas Feridas";"Pleno dia";"Crescente";"Garoa/Chuvisco";"Simples";"Rotatória";"Sim";3;0;1;0;2;0;1;2;-26,25581515;-49,53953493;"SPRF-SC";"DEL06-SC";"UOP03-DEL06-SC"
423590;2022-03-30;"quarta-feira";"15:40:00";"CE";222;3,7;"CAUCAIA";"Transitar na contramão";"Atropelamento de Pedestre";"Com Vítimas Feridas";"Pleno dia";"Decrescente";"Nublado";"Simples";"Reta";"Sim";2;0;0;1;1;0;1;2;-3,74165935;-38,60342195;"SPRF-CE";"DEL01-CE";"UOP01-DEL01-CE"
423592;2022-03-30;"quarta-feira";"16:20:00";"MG";381;1;"BETIM";"Ausência de reação do condutor";"Queda de ocupante de veículo";"Com Vítimas Feridas";"Pleno dia";"Decrescente";"Céu Claro";"Dupla";"Reta";"Sim";1;0;1;0;0;0;1;1;-19,96825;-44,198708;"SPRF-MG";"DEL01-MG";"UOP03-DEL01-MG"
423595;2022-03-30;"quarta-feira";"17:05:00";"MG";262;56;"MANHUACU";"Manobra de mudança de faixa";"Colisão transversal";"Com Vítimas Feridas";"Pleno dia";"Crescente";"Céu Claro";"Simples";"Curva";"Sim";2;0;0;1;1;0;1;2;-20,26638115;-42,18214384;"SPRF-MG";"DEL06-MG";"UOP03-DEL06-MG"
423597;2022-03-30;"quarta-feira";"17:20:00";"RJ";465;3;"SEROPEDICA";"Ausência de reação do condutor";"Colisão transversal";"Com Vítimas Feridas";"Pleno dia";"Decrescente";"Céu Claro";"Simples";"Reta";"Sim";2;0;1;0;1;0;1;2;-22,73427;-43,711994;"SPRF-RJ";"DEL01-RJ";"UOP03-DEL01-RJ"
423598;2022-03-22;"terça-feira";"20:30:00";"PE";0;0;"RECIFE";"Acumulo de água sobre o pavimento";"Eventos atípicos";"Sem Vítimas";"Plena Noite";"Não Informado";"Chuva";"Dupla";"Reta";"Sim";5;0;0;0;5;0;0;1;-8,108455;-34,927098;"SPRF-PE";"DEL01-PE";"UOP01-DEL01-PE"
423599;2022-03-30;"quarta-feira";"16:30:00";"SE";235;15,2;"NOSSA SENHORA DO SOCORRO";"Reação tardia ou ineficiente do condutor";"Saída de leito carroçável";"Com Vítimas Feridas";"Anoitecer";"Crescente";"Céu Claro";"Simples";"Reta";"Não";2;0;2;0;0;0;2;1;-10,857119;-37,185043;"SPRF-SE";"DEL01-SE";"UOP01-DEL01-SE"
423600;2022-03-30;"quarta-feira";"16:50:00";"MG";381;671,3;"PERDOES";"Objeto estático sobre o leito carroçável";"Colisão com objeto";"Sem Vítimas";"Anoitecer";"Crescente";"Céu Claro";"Dupla";"Reta";"Não";2;0;0;0;2;0;0;1;-21,08945416;-45,06864195;"SPRF-MG";"DEL04-MG";"UOP02-DEL04-MG"
423601;2022-03-30;"quarta-feira";"18:00:00";"PR";369;94;"CORNELIO PROCOPIO";"Acessar a via sem observar a presença dos outros veículos";"Colisão lateral mesmo sentido";"Com Vítimas Feridas";"Anoitecer";"Decrescente";"Céu Claro";"Simples";"Aclive;Interseção de Vias";"Não";2;0;1;0;1;0;1;2;-23,21276412;-50,66242218;"SPRF-PR";"DEL07-PR";"UOP01-DEL07-PR"
423603;2022-03-30;"quarta-feira";"17:30:00";"ES";101;144;"LINHARES";"Manobra de mudança de faixa";"Queda de ocupante de veículo";"Com Vítimas Feridas";"Anoitecer";"Crescente";"Céu Claro";"Dupla";"Reta";"Não";2;0;1;0;1;0;1;2;-19,35188295;-40,0636685;"SPRF-ES";"DEL04-ES";"UOP01-DEL04-ES"
423605;2022-03-30;"quarta-feira";"17:40:00";"SP";116;289,5;"ITAPECERICA DA SERRA";"Ausência de reação do condutor";"Tombamento";"Com Vítimas Feridas";"Plena Noite";"Decrescente";"Nublado";"Dupla";"Curva";"Não";1;0;1;0;0;0;1;1;-23,72290969;-46,89096614;"SPRF-SP";"DEL04-SP";"UOP01-DEL04-SP"
423608;2022-03-30;"quarta-feira";"18:30:00";"SP";116;218;"GUARULHOS";"Trafegar com motocicleta (ou similar) entre as faixas";"Colisão lateral mesmo sentido";"Com Vítimas Feridas";"Anoitecer";"Decrescente";"Céu Claro";"Múltipla";"Reta";"Sim";3;0;1;0;2;0;1;3;-23,457972;-46,479927;"SPRF-SP";"DEL01-SP";"UOP01-DEL01-SP"
423610;2022-01-17;"segunda-feira";"17:40:00";"RJ";101;318;"NITEROI";"Ausência de reação do condutor";"Engavetamento";"Com Vítimas Feridas";"Pleno dia";"Decrescente";"Céu Claro";"Dupla";"Reta";"Sim";5;0;1;0;4;0;1;5;-22,84562994;-43,09841211;"SPRF-RJ";"DEL02-RJ";"UOP02-DEL02-RJ"
423611;2022-03-30;"quarta-feira";"08:40:00";"GO";60;377;"RIO VERDE";"Manobra de mudança de faixa";"Colisão traseira";"Com Vítimas Feridas";"Pleno dia";"Decrescente";"Céu Claro";"Dupla";"Reta";"Não";2;0;2;0;0;0;2;2;-17,739;-50,8729;"SPRF-GO";"DEL04-GO";"UOP01-DEL04-GO"
423612;2022-02-14;"segunda-feira";"19:30:00";"MT";163;1065,8;"GUARANTA DO NORTE";"Transitar na contramão";"Colisão frontal";"Com Vítimas Fatais";"Plena Noite";"Crescente";"Céu Claro";"Simples";"Reta";"Sim";4;1;0;1;1;1;1;3;-9,94030117;-54,9032544;"SPRF-MT";"DEL06-MT";"NPF/DEL06-MT"
423615;2022-03-30;"quarta-feira";"18:25:00";"MS";163;486;"CAMPO GRANDE";"Animais na Pista";"Atropelamento de Animal";"Com Vítimas Feridas";"Plena Noite";"Decrescente";"Nublado";"Simples";"Reta";"Sim";1;0;1;0;0;0;1;1;-20,4336361;-54,54376745;"SPRF-MS";"DEL01-MS";"UOP02-DEL01-MS"
423616;2022-03-30;"quarta-feira";"18:50:00";"PB";230;155,4;"CAMPINA GRANDE";"Reação tardia ou ineficiente do condutor";"Atropelamento de Pedestre";"Com Vítimas Feridas";"Plena Noite";"Decrescente";"Céu Claro";"Simples";"Reta";"Sim";2;0;1;0;1;0;1;2;-7,2748;-35,9058;"SPRF-PB";"DEL02-PB";"UOP01-DEL02-PB"
423617;2022-03-30;"quarta-feira";"19:45:00";"SC";101;209,3;"SAO JOSE";"Trafegar com motocicleta (ou similar) entre as faixas";"Colisão traseira";"Com Vítimas Feridas";"Plena Noite";"Crescente";"Chuva";"Múltipla";"Reta";"Sim";3;0;1;0;2;0;1;3;-27,61000542;-48,63895057;"SPRF-SC";"DEL01-SC";"UOP01-DEL01-SC"
423618;2022-03-30;"quarta-feira";"19:40:00";"MG";40;616,8;"CONGONHAS";"Animais na Pista";"Atropelamento de Animal";"Com Vítimas Feridas";"Plena Noite";"Crescente";"Céu Claro";"Simples";"Reta";"Não";2;0;2;0;0;0;2;1;-20,54605704;-43,81990003;"SPRF-MG";"DEL05-MG";"UOP02-DEL05-MG"
423621;2022-03-30;"quarta-feira";"18:00:00";"CE";116;42;"HORIZONTE";"Reação tardia ou ineficiente do condutor";"Colisão com objeto";"Com Vítimas Feridas";"Plena Noite";"Decrescente";"Céu Claro";"Dupla";"Reta";"Sim";2;0;0;2;0;0;2;1;-4,10857928;-38,4942173;"SPRF-CE";"DEL01-CE";"UOP02-DEL01-CE"
423622;2022-03-30;"quarta-feira";"20:10:00";"GO";70;8;"AGUAS LINDAS DE GOIAS";"Ingestão de álcool pelo condutor";"Colisão traseira";"Sem Vítimas";"Plena Noite";"Decrescente";"Céu Claro";"Dupla";"Retorno Regulamentado;Declive";"Sim";2;0;0;0;2;0;0;2;-15,73733681;-48,27407468;"SPRF-DF";"DEL03-DF";"UOP02-DEL03-DF"
423625;2022-03-18;"sexta-feira";"15:45:00";"RS";386;33,8;"FREDERICO WESTPHALEN";"Acessar a via sem observar a presença dos outros veículos";"Colisão transversal";"Com Vítimas Feridas";"Pleno dia";"Decrescente";"Chuva";"Simples";"Declive;Interseção de Vias;Reta";"Sim";3;0;1;0;0;2;1;3;-27,349504;-53,386337;"SPRF-RS";"DEL08-RS";"UOP02-DEL08-RS"
423627;2022-03-30;"quarta-feira";"20:30:00";"SP";116;157;"SAO JOSE DOS CAMPOS";"Condutor deixou de manter distância do veículo da frente";"Engavetamento";"Com Vítimas Feridas";"Plena Noite";"Decrescente";"Céu Claro";"Dupla";"Reta";"Sim";6;0;1;0;5;0;1;4;-23,25558031;-45,9437828;"SPRF-SP";"DEL02-SP";"UOP01-DEL02-SP"
423628;2022-03-30;"quarta-feira";"21:40:00";"RJ";101;71;"CAMPOS DOS GOYTACAZES";"Condutor deixou de manter distância do veículo da frente";"Colisão lateral mesmo sentido";"Com Vítimas Feridas";"Plena Noite";"Crescente";"Céu Claro";"Simples";"Reta";"Sim";2;0;2;0;0;0;2;2;-21,78577807;-41,38139396;"SPRF-RJ";"DEL08-RJ";"UOP02-DEL08-RJ"
423629;2022-03-30;"quarta-feira";"21:10:00";"MG";381;501,9;"BETIM";"Transitar na contramão";"Colisão frontal";"Com Vítimas Feridas";"Plena Noite";"Crescente";"Céu Claro";"Dupla";"Declive;Curva";"Não";3;0;1;0;2;0;1;2;-20,016606;-44,223128;"SPRF-MG";"DEL01-MG";"UOP03-DEL01-MG"
423630;2022-03-30;"quarta-feira";"21:30:00";"PR";116;26,6;"CAMPINA GRANDE DO SUL";"Acumulo de água sobre o pavimento";"Saída de leito carroçável";"Sem Vítimas";"Plena Noite";"Decrescente";"Chuva";"Dupla";"Declive;Curva";"Não";1;0;0;0;1;0;0;1;-25,10683694;-48,785333;"SPRF-PR";"DEL01-PR";"UOP02-DEL01-PR"
423631;2022-03-30;"quarta-feira";"21:50:00";"SC";282;18,3;"PALHOCA";"Acesso irregular";"Colisão transversal";"Com Vítimas Feridas";"Plena Noite";"Crescente";"Chuva";"Simples";"Reta";"Não";2;0;1;1;0;0;2;2;-27,672798;-48,694286;"SPRF-SC";"DEL01-SC";"UOP02-DEL01-SC"
423632;2022-03-30;"quarta-feira";"10:00:00";"SC";153;76;"IRANI";"Acumulo de água sobre o pavimento";"Saída de leito carroçável";"Com Vítimas Feridas";"Pleno dia";"Crescente";"Chuva";"Simples";"Curva";"Não";1;0;1;0;0;0;1;1;-27,091108;-51,906189;"SPRF-SC";"DEL07-SC";"UOP04-DEL07-SC"
423635;2022-03-29;"terça-feira";"17:00:00";"PA";230;951;"PLACAS";"Pista Escorregadia";"Tombamento";"Com Vítimas Fatais";"Pleno dia";"Decrescente";"Chuva";"Simples";"Reta;Aclive";"Não";2;1;0;0;1;0;0;2;-3,90982276;-54,54398314;"SPRF-PA";"DEL04-PA";"UOP01-DEL04-PA"
423636;2022-03-30;"quarta-feira";"20:19:00";"GO";50;263,5;"CATALAO";"Reação tardia ou ineficiente do condutor";"Tombamento";"Com Vítimas Feridas";"Plena Noite";"Crescente";"Céu Claro";"Dupla";"Declive";"Não";1;0;1;0;0;0;1;1;-18,0521;-47,863;"SPRF-GO";"DEL06-GO";"UOP01-DEL06-GO"
423637;2022-03-30;"quarta-feira";"20:19:00";"GO";50;263,5;"CATALAO";"Reação tardia ou ineficiente do condutor";"Tombamento";"Com Vítimas Feridas";"Plena Noite";"Crescente";"Céu Claro";"Dupla";"Declive";"Não";1;0;1;0;0;0;1;1;-18,0521;-47,863;"SPRF-GO";"DEL06-GO";"UOP01-DEL06-GO"
423638;2022-03-30;"quarta-feira";"20:45:00";"BA";116;672;"JEQUIE";"Acessar a via sem observar a presença dos outros veículos";"Colisão transversal";"Com Vítimas Feridas";"Plena Noite";"Crescente";"Céu Claro";"Simples";"Retorno Regulamentado";"Sim";2;0;0;1;1;0;1;2;-13,79970305;-40,11130458;"SPRF-BA";"DEL03-BA";"UOP01-DEL03-BA"
423639;2022-03-30;"quarta-feira";"21:30:00";"SC";101;303,7;"LAGUNA";"Ausência de reação do condutor";"Saída de leito carroçável";"Com Vítimas Feridas";"Plena Noite";"Crescente";"Chuva";"Múltipla";"Reta";"Sim";3;0;1;0;2;0;1;1;-28,36149723;-48,74974275;"SPRF-SC";"DEL02-SC";"UOP03-DEL02-SC"
423640;2022-03-30;"quarta-feira";"11:20:00";"RJ";40;109;"DUQUE DE CAXIAS";"Manobra de mudança de faixa";"Colisão lateral mesmo sentido";"Com Vítimas Feridas";"Pleno dia";"Decrescente";"Céu Claro";"Múltipla";"Reta";"Sim";2;0;1;0;0;1;1;2;-22,67374628;-43,28638368;"SPRF-RJ";"DEL01-RJ";"UOP01-DEL01-RJ"
423641;2022-03-30;"quarta-feira";"22:15:00";"PR";116;21,2;"ANTONINA";"Chuva";"Capotamento";"Com Vítimas Feridas";"Plena Noite";"Crescente";"Garoa/Chuvisco";"Dupla";"Curva";"Não";4;0;3;0;1;0;3;1;-25,10427672;-48,73857029;"SPRF-PR";"DEL01-PR";"UOP02-DEL01-PR"