"id";"data_inversa";"dia_semana";"horario";"uf";"br";"km";"municipio";"causa_acidente";"tipo_acidente";"classificacao_acidente";"fase_dia";"sentido_via";"condicao_metereologica";"tipo_pista";"tracado_via";"uso_solo";"pessoas";"mortos";"feridos_leves";"feridos_graves";"ilesos";"ignorados";"feridos";"veiculos";"latitude";"longitude";"regional";"delegacia";"uop"
423779;2022-03-07;"segunda-feira";"13:00:00";"PR";116;117;"CURITIBA";"Falta de acostamento";"Colisão lateral mesmo sentido";"Com Vítimas Feridas";"Pleno dia";"Crescente";"Ignorado";"Múltipla";"Declive;Reta";"Sim";2;0;0;1;0;1;1;2;-25,56219288;-49,30833042;"SPRF-PR";"DEL01-PR";"UOP03-DEL01-PR"
423780;2022-03-31;"quinta-feira";"17:50:00";"RS";158;565,8;"SANTANA DO LIVRAMENTO";"Acessar a via sem observar a presença dos outros veículos";"Colisão transversal";"Com Vítimas Feridas";"Pleno dia";"Crescente";"Céu Claro";"Simples";"Interseção de Vias";"Sim";2;0;1;1;0;0;2;2;-30,868536;-55,50789;"SPRF-RS";"DEL11-RS";"UOP01-DEL11-RS"
423783;2022-03-31;"quinta-feira";"15:50:00";"MG";262;69,7;"MATIPO";"Demais Fenômenos da natureza";"Colisão frontal";"Com Vítimas Feridas";"Pleno dia";"Crescente";"Chuva";"Simples";"Reta";"Não";4;0;2;0;2;0;2;3;-20,30745137;-42,28660302;"SPRF-MG";"DEL06-MG";"UOP03-DEL06-MG"
423784;2022-03-31;"quinta-feira";"17:20:00";"ES";262;54,4;"MARECHAL FLORIANO";"Ultrapassagem Indevida";"Colisão lateral sentido oposto";"Com Vítimas Feridas";"Anoitecer";"Decrescente";"Sol";"Simples";"Aclive;Curva";"Não";3;0;0;1;2;0;1;2;-20,41495529;-40,74098587;"SPRF-ES";"DEL01-ES";"UOP01-DEL01-ES"
423786;2022-03-31;"quinta-feira";"16:58:00";"MG";116;532,6;"CARATINGA";"Acessar a via sem observar a presença dos outros veículos";"Colisão transversal";"Com Vítimas Feridas";"Pleno dia";"Crescente";"Céu Claro";"Simples";"Reta";"Não";2;0;2;0;0;0;2;2;-19,82009587;-42,13696718;"SPRF-MG";"DEL06-MG";"UOP02-DEL06-MG"
423787;2022-03-31;"quinta-feira";"18:15:00";"RJ";116;225;"PIRAI";"Ausência de reação do condutor";"Capotamento";"Com Vítimas Feridas";"Plena Noite";"Decrescente";"Chuva";"Simples";"Curva";"Não";2;0;2;0;0;0;2;1;-22,66910548;-43,83557796;"SPRF-RJ";"DEL07-RJ";"UOP01-DEL07-RJ"
423788;2022-03-31;"quinta-feira";"18:40:00";"MG";381;453;"SABARA";"Transitar no acostamento";"Atropelamento de Pedestre";"Com Vítimas Feridas";"Anoitecer";"Crescente";"Céu Claro";"Simples";"Reta";"Sim";3;0;1;1;0;1;2;2;-19,85197588;-43,88851019;"SPRF-MG";"DEL01-MG";"UOP01-DEL01-MG"
423789;2022-03-31;"quinta-feira";"18:30:00";"RN";101;83,2;"SAO GONCALO DO AMARANTE";"Condutor deixou de manter distância do veículo da frente";"Colisão traseira";"Com Vítimas Feridas";"Plena Noite";"Crescente";"Céu Claro";"Múltipla";"Rotatória";"Sim";3;0;1;0;2;0;1;2;-5,7710445;-35,26616981;"SPRF-RN";"DEL02-RN";"UOP01-DEL02-RN"
423790;2022-03-15;"terça-feira";"10:30:00";"MS";262;372,2;"TERENOS";"Mal súbito do condutor";"Tombamento";"Com Vítimas Feridas";"Pleno dia";"Decrescente";"Sol";"Simples";"Curva";"Não";1;0;1;0;0;0;1;1;-20,48392779;-54,79771002;"SPRF-MS";"DEL01-MS";"UOP03-DEL01-MS"
423793;2022-03-31;"quinta-feira";"18:20:00";"MS";163;545,6;"BANDEIRANTES";"Demais falhas mecânicas ou elétricas";"Saída de leito carroçável";"Com Vítimas Feridas";"Plena Noite";"Decrescente";"Garoa/Chuvisco";"Simples";"Reta";"Não";2;0;1;0;1;0;1;1;-19,942124;-54,369625;"SPRF-MS";"DEL01-MS";"UOP02-DEL01-MS"
423797;2022-03-31;"quinta-feira";"18:50:00";"PB";230;163;"CAMPINA GRANDE";"Desrespeitar a preferência no cruzamento";"Colisão transversal";"Com Vítimas Feridas";"Plena Noite";"Crescente";"Céu Claro";"Simples";"Curva";"Sim";3;0;1;0;2;0;1;2;-7,2198;-35,9443;"SPRF-PB";"DEL02-PB";"UOP01-DEL02-PB"
423798;2022-03-31;"quinta-feira";"19:40:00";"SC";282;5;"SAO JOSE";"Trafegar com motocicleta (ou similar) entre as faixas";"Colisão traseira";"Com Vítimas Feridas";"Pleno dia";"Crescente";"Céu Claro";"Múltipla";"Reta";"Não";2;0;0;1;1;0;1;2;-27,588425;-48,612919;"SPRF-SC";"DEL01-SC";"UOP01-DEL01-SC"
423799;2022-03-31;"quinta-feira";"19:45:00";"MG";50;168,8;"UBERABA";"Ausência de reação do condutor";"Colisão traseira";"Com Vítimas Fatais";"Plena Noite";"Crescente";"Céu Claro";"Dupla";"Reta";"Sim";6;1;0;1;0;4;1;4;-19,72610679;-47,98108757;"SPRF-MG";"DEL13-MG";"UOP01-DEL13-MG"
423801;2022-03-31;"quinta-feira";"17:45:00";"RO";364;691;"CANDEIAS DO JAMARI";"Ingestão de álcool pelo condutor";"Colisão transversal";"Com Vítimas Feridas";"Anoitecer";"Crescente";"Nublado";"Dupla";"Reta";"Sim";3;0;1;1;1;0;2;2;-8,7961943;-63,68738597;"SPRF-RO";"DEL01-RO";"UOP01-DEL01-RO"
423802;2022-03-31;"quinta-feira";"19:30:00";"CE";222;202,6;"FORQUILHA";"Velocidade Incompatível";"Saída de leito carroçável";"Com Vítimas Feridas";"Plena Noite";"Crescente";"Céu Claro";"Simples";"Reta";"Não";2;0;2;0;0;0;2;1;-3,79695907;-40,21547705;"SPRF-CE";"DEL04-CE";"UOP01-DEL04-CE"
423803;2022-03-31;"quinta-feira";"19:40:00";"SC";101;333,4;"TUBARAO";"Demais falhas mecânicas ou elétricas";"Tombamento";"Com Vítimas Feridas";"Plena Noite";"Decrescente";"Nublado";"Dupla";"Reta";"Sim";1;0;1;0;0;0;1;1;-28,46630107;-48,99653096;"SPRF-SC";"DEL02-SC";"UOP01-DEL02-SC"
423805;2022-03-31;"quinta-feira";"18:35:00";"PR";376;265,2;"MARILANDIA DO SUL";"Chuva";"Saída de leito carroçável";"Com Vítimas Feridas";"Plena Noite";"Decrescente";"Chuva";"Dupla";"Reta";"Não";2;0;1;0;1;0;1;1;-23,714804;-51,31913;"SPRF-PR";"DEL07-PR";"UOP02-DEL07-PR"
423812;2022-03-31;"quinta-feira";"20:30:00";"PR";476;46;"TUNAS DO PARANA";"Reação tardia ou ineficiente do condutor";"Saída de leito carroçável";"Com Vítimas Feridas";"Plena Noite";"Decrescente";"Chuva";"Simples";"Curva";"Não";4;0;4;0;0;0;4;1;-24,916739;-49,098808;"SPRF-PR";"DEL01-PR";"UOP02-DEL01-PR"
423818;2022-03-31;"quinta-feira";"21:20:00";"PI";343;17;"PARNAIBA";"Animais na Pista";"Atropelamento de Animal";"Com Vítimas Feridas";"Plena Noite";"Crescente";"Céu Claro";"Simples";"Reta";"Sim";1;0;1;0;0;0;1;1;-2,954358;-41,757954;"SPRF-PI";"DEL05-PI";"UOP01-DEL05-PI"
423820;2022-03-31;"quinta-feira";"13:10:00";"SP";116;515;"CAJATI";"Pista Escorregadia";"Saída de leito carroçável";"Com Vítimas Feridas";"Pleno dia";"Decrescente";"Nublado";"Simples";"Curva";"Não";1;0;1;0;0;0;1;1;-24,86704083;-48,21738184;"SPRF-SP";"DEL05-SP";"UOP02-DEL05-SP"
423821;2022-03-31;"quinta-feira";"13:00:00";"SP";116;511;"CAJATI";"Ausência de reação do condutor";"Saída de leito carroçável";"Com Vítimas Feridas";"Pleno dia";"Crescente";"Garoa/Chuvisco";"Simples";"Curva";"Não";2;0;1;0;1;0;1;1;-24,83558399;-48,2223738;"SPRF-SP";"DEL05-SP";"UOP02-DEL05-SP"
423824;2022-03-31;"quinta-feira";"21:00:00";"PR";376;168;"MARINGA";"Avarias e/ou desgaste excessivo no pneu";"Tombamento";"Com Vítimas Feridas";"Plena Noite";"Decrescente";"Chuva";"Dupla";"Reta";"Não";3;0;2;0;1;0;2;2;-23,409788;-51,987453;"SPRF-PR";"DEL09-PR";"UOP01-DEL09-PR"
423825;2022-03-31;"quinta-feira";"19:30:00";"RS";116;468;"SAO LOURENCO DO SUL";"Animais na Pista";"Atropelamento de Animal";"Com Vítimas Feridas";"Plena Noite";"Decrescente";"Céu Claro";"Dupla";"Reta";"Não";5;0;3;2;0;0;5;1;-31,33942229;-52,05354777;"SPRF-RS";"DEL07-RS";"UOP01-DEL07-RS"
423827;2022-04-01;"sexta-feira";"00:00:00";"GO";50;124,4;"IPAMERI";"Demais falhas mecânicas ou elétricas";"Saída de leito carroçável";"Com Vítimas Feridas";"Plena Noite";"Crescente";"Céu Claro";"Dupla";"Reta";"Não";1;0;1;0;0;0;1;1;-16,957;-47,7357;"SPRF-GO";"DEL06-GO";"UOP01-DEL06-GO"
423829;2022-04-01;"sexta-feira";"00:05:00";"PE";408;99;"SAO LOURENCO DA MATA";"Condutor deixou de manter distância do veículo da frente";"Colisão traseira";"Com Vítimas Feridas";"Plena Noite";"Decrescente";"Garoa/Chuvisco";"Dupla";"Curva";"Não";2;0;0;1;1;0;1;2;-8,04133634;-35,02531212;"SPRF-PE";"DEL01-PE";"UOP01-DEL01-PE"
423830;2022-04-01;"sexta-feira";"00:05:00";"CE";116;53;"PACAJUS";"Avarias e/ou desgaste excessivo no pneu";"Queda de ocupante de veículo";"Com Vítimas Feridas";"Plena Noite";"Decrescente";"Céu Claro";"Dupla";"Reta";"Não";1;0;1;0;0;0;1;1;-4,19025406;-38,47860204;"SPRF-CE";"DEL03-CE";"UOP02-DEL03-CE"
423833;2022-03-31;"quinta-feira";"22:40:00";"RJ";101;404;"ITAGUAI";"Ingestão de álcool pelo condutor";"Colisão traseira";"Com Vítimas Feridas";"Plena Noite";"Decrescente";"Chuva";"Dupla";"Reta";"Sim";3;0;2;1;0;0;3;3;-22,86342703;-43,79642098;"SPRF-RJ";"DEL03-RJ";"UOP01-DEL03-RJ"
423834;2022-03-31;"quinta-feira";"23:50:00";"RJ";101;415,8;"MANGARATIBA";"Acumulo de água sobre o pavimento";"Saída de leito carroçável";"Com Vítimas Feridas";"Plena Noite";"Crescente";"Chuva";"Dupla";"Reta";"Sim";1;0;1;0;0;0;1;1;-22,90433243;-43,88181398;"SPRF-RJ";"DEL03-RJ";"UOP03-DEL03-RJ"
423835;2022-04-01;"sexta-feira";"02:40:00";"RS";158;326;"SANTA MARIA";"Ingestão de álcool pelo condutor";"Colisão com objeto";"Com Vítimas Feridas";"Plena Noite";"Crescente";"Céu Claro";"Simples";"Curva";"Não";1;0;1;0;0;0;1;1;-29,70975376;-53,80284617;"SPRF-RS";"DEL09-RS";"UOP01-DEL09-RS"
423837;2022-03-31;"quinta-feira";"15:00:00";"MT";174;546;"COMODORO";"Transitar no acostamento";"Atropelamento de Pedestre";"Com Vítimas Fatais";"Pleno dia";"Decrescente";"Nublado";"Simples";"Reta";"Não";4;1;1;0;1;1;1;2;-13,14788006;-59,87692725;"SPRF-RO";"DEL04-RO";"UOP01-DEL04-RO"
423838;2022-04-01;"sexta-feira";"03:15:00";"SE";235;55,3;"ITABAIANA";"Animais na Pista";"Atropelamento de Animal";"Sem Vítimas";"Plena Noite";"Decrescente";"Nublado";"Simples";"Reta";"Sim";1;0;0;0;1;0;0;1;-10,66878972;-37,44578362;"SPRF-SE";"DEL01-SE";"UOP02-DEL01-SE"
423842;2022-04-01;"sexta-feira";"04:00:00";"RS";470;230;"GARIBALDI";"Ingestão de álcool pelo condutor";"Saída de leito carroçável";"Sem Vítimas";"Amanhecer";"Crescente";"Céu Claro";"Dupla";"Curva";"Sim";1;0;0;0;1;0;0;1;-29,218603;-51,51677;"SPRF-RS";"DEL06-RS";"UOP01-DEL06-RS"
423844;2022-04-01;"sexta-feira";"04:00:00";"PA";316;63;"CASTANHAL";"Condutor deixou de manter distância do veículo da frente";"Colisão traseira";"Com Vítimas Feridas";"Amanhecer";"Crescente";"Chuva";"Dupla";"Reta";"Sim";2;0;0;1;1;0;1;2;-1,29679363;-47,92878096;"SPRF-PA";"DEL01-PA";"UOP01-DEL01-PA"
423847;2022-04-01;"sexta-feira";"05:32:00";"MG";381;502,5;"BETIM";"Acessar a via sem observar a presença dos outros veículos";"Colisão traseira";"Com Vítimas Feridas";"Plena Noite";"Decrescente";"Céu Claro";"Múltipla";"Curva";"Sim";2;0;1;0;1;0;1;2;-20,03619694;-44,24586303;"SPRF-MG";"DEL01-MG";"UOP03-DEL01-MG"
423848;2022-04-01;"sexta-feira";"06:00:00";"ES";101;358;"ANCHIETA";"Velocidade Incompatível";"Colisão traseira";"Com Vítimas Feridas";"Pleno dia";"Crescente";"Céu Claro";"Simples";"Aclive";"Não";2;0;1;0;1;0;1;2;-20,691717;-40,704254;"SPRF-ES";"DEL03-ES";"UOP01-DEL03-ES"
423849;2022-04-01;"sexta-feira";"05:45:00";"PB";230;153;"CAMPINA GRANDE";"Conversão proibida";"Colisão transversal";"Com Vítimas Feridas";"Pleno dia";"Crescente";"Céu Claro";"Simples";"Reta";"Sim";4;0;0;1;3;0;1;2;-7,2763;-35,8887;"SPRF-PB";"DEL02-PB";"UOP01-DEL02-PB"
423850;2022-04-01;"sexta-feira";"03:45:00";"PR";376;476,3;"PONTA GROSSA";"Condutor Dormindo";"Saída de leito carroçável";"Com Vítimas Feridas";"Plena Noite";"Crescente";"Nublado";"Simples";"Viaduto";"Não";1;0;0;1;0;0;1;1;-25,04023227;-50,28116226;"SPRF-PR";"DEL03-PR";"UOP01-DEL03-PR"
423853;2022-04-01;"sexta-feira";"06:30:00";"SP";381;79;"SAO PAULO";"Ausência de reação do condutor";"Colisão com objeto";"Com Vítimas Feridas";"Amanhecer";"Crescente";"Céu Claro";"Dupla";"Curva";"Sim";1;0;1;0;0;0;1;1;-23,40319901;-46,57564699;"SPRF-SP";"DEL03-SP";"UOP01-DEL03-SP"
423854;2022-04-01;"sexta-feira";"00:35:00";"RS";0;0;"BAGE";"Curva acentuada";"Capotamento";"Sem Vítimas";"Plena Noite";"Não Informado";"Céu Claro";"Simples";"Curva";"Sim";1;0;0;0;0;1;0;1;-31,27092158;-54,13444519;"SPRF-RS";"DEL11-RS";"UOP03-DEL11-RS"
423855;2022-04-01;"sexta-feira";"06:50:00";"DF";70;14,5;"BRASILIA";"Acessar a via sem observar a presença dos outros veículos";"Colisão transversal";"Com Vítimas Feridas";"Pleno dia";"Crescente";"Céu Claro";"Dupla";"Reta";"Sim";2;0;1;0;1;0;1;2;-15,797312;-48,176056;"SPRF-DF";"DEL03-DF";"UOP02-DEL03-DF"
423856;2022-04-01;"sexta-feira";"06:15:00";"PR";277;620,1;"CEU AZUL";"Ausência de reação do condutor";"Saída de leito carroçável";"Com Vítimas Feridas";"Pleno dia";"Crescente";"Nublado";"Simples";"Reta";"Não";2;0;2;0;0;0;2;1;-25,08307845;-53,71064083;"SPRF-PR";"DEL05-PR";"UOP02-DEL05-PR"
423857;2022-04-01;"sexta-feira";"07:35:00";"ES";101;268,5;"SERRA";"Trafegar com motocicleta (ou similar) entre as faixas";"Atropelamento de Pedestre";"Com Vítimas Feridas";"Pleno dia";"Decrescente";"Céu Claro";"Múltipla";"Reta";"Sim";2;0;0;1;1;0;1;2;-20,20842;-40,269405;"SPRF-ES";"DEL02-ES";"UOP01-DEL02-ES"
423858;2022-04-01;"sexta-feira";"07:20:00";"PR";277;595;"CASCAVEL";"Desrespeitar a preferência no cruzamento";"Colisão transversal";"Com Vítimas Feridas";"Pleno dia";"Crescente";"Nublado";"Dupla";"Interseção de Vias";"Sim";2;0;0;2;0;0;2;2;-24,98154632;-53,50141969;"SPRF-PR";"DEL04-PR";"UOP01-DEL04-PR"
423859;2022-04-01;"sexta-feira";"07:20:00";"ES";101;292;"CARIACICA";"Acessar a via sem observar a presença dos outros veículos";"Colisão transversal";"Com Vítimas Feridas";"Pleno dia";"Decrescente";"Sol";"Dupla";"Reta;Interseção de Vias";"Sim";2;0;1;1;0;0;2;2;-20,30650512;-40,39488717;"SPRF-ES";"DEL01-ES";"UOP01-DEL01-ES"
423860;2022-04-01;"sexta-feira";"06:45:00";"PE";232;409,5;"SERRA TALHADA";"Acessar a via sem observar a presença dos outros veículos";"Colisão lateral mesmo sentido";"Com Vítimas Feridas";"Pleno dia";"Crescente";"Céu Claro";"Simples";"Interseção de Vias;Reta";"Sim";3;0;2;1;0;0;3;2;-7,981944;-38,289467;"SPRF-PE";"DEL04-PE";"UOP01-DEL04-PE"
423863;2022-04-01;"sexta-feira";"08:00:00";"SC";101;207;"SAO JOSE";"Condutor deixou de manter distância do veículo da frente";"Colisão traseira";"Com Vítimas Feridas";"Pleno dia";"Crescente";"Céu Claro";"Dupla";"Reta";"Sim";3;0;1;0;2;0;1;2;-27,60001226;-48,6226467;"SPRF-SC";"DEL01-SC";"UOP01-DEL01-SC"
423865;2022-04-01;"sexta-feira";"07:30:00";"SP";116;270;"TABOAO DA SERRA";"Reação tardia ou ineficiente do condutor";"Tombamento";"Com Vítimas Feridas";"Pleno dia";"Crescente";"Céu Claro";"Dupla";"Reta";"Não";1;0;1;0;0;0;1;1;-23,61799728;-46,79677694;"SPRF-SP";"DEL04-SP";"UOP01-DEL04-SP"
423866;2022-04-01;"sexta-feira";"08:30:00";"PB";230;27,9;"JOAO PESSOA";"Reação tardia ou ineficiente do condutor";"Tombamento";"Com Vítimas Feridas";"Pleno dia";"Crescente";"Sol";"Simples";"Curva";"Não";1;0;1;0;0;0;1;1;-7,1677;-34,8855;"SPRF-PB";"DEL01-PB";"UOP01-DEL01-PB"
423869;2022-04-01;"sexta-feira";"08:53:00";"MG";116;276,1;"TEOFILO OTONI";"Ultrapassagem Indevida";"Colisão lateral mesmo sentido";"Com Vítimas Feridas";"Pleno dia";"Decrescente";"Céu Claro";"Simples";"Reta";"Sim";2;0;1;0;1;0;1;2;-17,85105696;-41,51454492;"SPRF-MG";"DEL11-MG";"UOP01-DEL11-MG"
423870;2022-04-01;"sexta-feira";"07:40:00";"GO";414;419;"ABADIANIA";"Condutor Dormindo";"Saída de leito carroçável";"Com Vítimas Feridas";"Pleno dia";"Crescente";"Céu Claro";"Simples";"Curva";"Não";2;0;2;0;0;0;2;1;-16,11692413;-48,88942692;"SPRF-GO";"DEL02-GO";"UOP01-DEL02-GO"
423872;2022-04-01;"sexta-feira";"08:25:00";"MG";262;356;"BETIM";"Avarias e/ou desgaste excessivo no pneu";"Queda de ocupante de veículo";"Com Vítimas Feridas";"Pleno dia";"Crescente";"Céu Claro";"Simples";"Rotatória";"Não";1;0;1;0;0;0;1;1;-19,96890716;-44,18104581;"SPRF-MG";"DEL01-MG";"UOP03-DEL01-MG"
423873;2022-03-31;"quinta-feira";"20:00:00";"AP";210;25;"MACAPA";"Ausência de reação do condutor";"Saída de leito carroçável";"Sem Vítimas";"Plena Noite";"Decrescente";"Ignorado";"Simples";"Reta";"Não";1;0;0;0;1;0;0;1;0,23491888;-51,09719277;"SPRF-AP";"DEL01-AP";"UOP01-DEL01-AP"
423875;2022-04-01;"sexta-feira";"05:45:00";"RO";364;715;"PORTO VELHO";"Pista esburacada";"Colisão com objeto";"Com Vítimas Feridas";"Amanhecer";"Crescente";"Nublado";"Dupla";"Interseção de Vias;Reta";"Sim";1;0;1;0;0;0;1;1;-8,7911623;-63,90361011;"SPRF-RO";"DEL01-RO";"UOP01-DEL01-RO"
423876;2022-04-01;"sexta-feira";"08:45:00";"SC";280;50,2;"GUARAMIRIM";"Conversão proibida";"Tombamento";"Com Vítimas Feridas";"Pleno dia";"Crescente";"Garoa/Chuvisco";"Simples";"Curva";"Não";2;0;1;0;1;0;1;2;-26,4619489;-48,94618404;"SPRF-SC";"DEL03-SC";"UOP03-DEL03-SC"
423879;2022-04-01;"sexta-feira";"10:00:00";"BA";101;858;"TEIXEIRA DE FREITAS";"Animais na Pista";"Atropelamento de Animal";"Com Vítimas Feridas";"Pleno dia";"Crescente";"Céu Claro";"Simples";"Reta";"Não";1;0;1;0;0;0;1;1;-17,389252;-39,664788;"SPRF-BA";"DEL09-BA";"UOP02-DEL09-BA"
423883;2022-04-01;"sexta-feira";"07:50:00";"MG";356;267,5;"MURIAE";"Pedestre cruzava a pista fora da faixa";"Atropelamento de Pedestre";"Com Vítimas Feridas";"Pleno dia";"Decrescente";"Sol";"Simples";"Interseção de Vias";"Sim";3;0;2;1;0;0;3;2;-21,12566;-42,352764;"SPRF-MG";"DEL07-MG";"UOP02-DEL07-MG"
423884;2022-03-31;"quinta-feira";"22:50:00";"MG";116;708,2;"MURIAE";"Demais falhas mecânicas ou elétricas";"Saída de leito carroçável";"Com Vítimas Feridas";"Plena Noite";"Crescente";"Nublado";"Simples";"Curva";"Sim";1;0;1;0;0;0;1;1;-21,16328873;-42,37968988;"SPRF-MG";"DEL07-MG";"UOP02-DEL07-MG"
423885;2022-04-01;"sexta-feira";"10:20:00";"SC";101;206;"PALHOCA";"Reação tardia ou ineficiente do condutor";"Saída de leito carroçável";"Com Vítimas Feridas";"Pleno dia";"Decrescente";"Céu Claro";"Múltipla";"Reta";"Sim";2;0;2;0;0;0;2;1;-27,59193546;-48,61824557;"SPRF-SC";"DEL01-SC";"UOP01-DEL01-SC"
423890;2022-04-01;"sexta-feira";"10:45:00";"RS";116;263;"CANOAS";"Mal súbito do condutor";"Colisão com objeto";"Com Vítimas Feridas";"Pleno dia";"Crescente";"Céu Claro";"Simples";"Reta";"Sim";2;0;1;0;0;1;1;2;-29,90545398;-51,17674031;"SPRF-RS";"DEL01-RS";"UOP01-DEL01-RS"
423891;2022-04-01;"sexta-feira";"09:00:00";"SP";116;230;"GUARULHOS";"Condutor deixou de manter distância do veículo da frente";"Colisão traseira";"Com Vítimas Feridas";"Pleno dia";"Crescente";"Céu Claro";"Múltipla";"Reta";"Sim";2;0;1;0;1;0;1;2;-23,52251783;-46,5855702;"SPRF-SP";"DEL01-SP";"UOP01-DEL01-SP"
423895;2022-04-01;"sexta-feira";"11:30:00";"PA";230;122;"MARABA";"Manobra de mudança de faixa";"Colisão lateral mesmo sentido";"Com Vítimas Feridas";"Pleno dia";"Crescente";"Sol";"Dupla";"Reta";"Sim";3;0;0;1;0;2;1;3;-5,36137537;-49,12376139;"SPRF-PA";"DEL03-PA";"UOP01-DEL03-PA"
423899;2022-03-19;"sábado";"10:49:00";"SC";282;279,5;"SAO JOSE DO CERRITO";"Acessar a via sem observar a presença dos outros veículos";"Colisão transversal";"Com Vítimas Feridas";"Pleno dia";"Crescente";"Céu Claro";"Simples";"Reta";"Sim";3;0;0;2;1;0;2;3;-27,584951;-50,744953;"SPRF-SC";"DEL05-SC";"UOP02-DEL05-SC"
423900;2022-04-01;"sexta-feira";"12:10:00";"PR";116;45;"CAMPINA GRANDE DO SUL";"Chuva";"Saída de leito carroçável";"Sem Vítimas";"Pleno dia";"Crescente";"Chuva";"Dupla";"Reta";"Não";1;0;0;0;1;0;0;1;-25,19502698;-48,89003802;"SPRF-PR";"DEL01-PR";"UOP02-DEL01-PR"
423903;2022-04-01;"sexta-feira";"11:45:00";"GO";40;17;"LUZIANIA";"Ultrapassagem Indevida";"Colisão traseira";"Com Vítimas Feridas";"Pleno dia";"Crescente";"Céu Claro";"Dupla";"Aclive";"Sim";4;0;1;0;3;0;1;3;-16,18487;-47,928641;"SPRF-DF";"DEL01-DF";"UOP01-DEL01-DF"
423905;2022-04-01;"sexta-feira";"12:30:00";"GO";60;36;"GOIANIA";"Ausência de reação do condutor";"Colisão traseira";"Com Vítimas Feridas";"Pleno dia";"Crescente";"Céu Claro";"Dupla";"Rotatória";"Sim";2;0;0;1;1;0;1;2;-16,6777;-49,2676;"SPRF-GO";"DEL01-GO";"UOP02-DEL01-GO"
423906;2022-04-01;"sexta-feira";"13:27:00";"MG";381;358;"JOAO MONLEVADE";"Manobra de mudança de faixa";"Colisão lateral mesmo sentido";"Sem Vítimas";"Pleno dia";"Crescente";"Céu Claro";"Simples";"Reta";"Sim";2;0;0;0;2;0;0;2;-19,85592801;-43,21689055;"SPRF-MG";"DEL03-MG";"UOP01-DEL03-MG"
423907;2022-04-01;"sexta-feira";"13:40:00";"RS";158;95;"PALMEIRA DAS MISSOES";"Transitar na contramão";"Colisão frontal";"Com Vítimas Feridas";"Pleno dia";"Decrescente";"Sol";"Simples";"Reta";"Sim";6;0;5;1;0;0;6;2;-27,8587316;-53,32489014;"SPRF-RS";"DEL08-RS";"UOP02-DEL08-RS"
423908;2022-04-01;"sexta-feira";"11:25:00";"PR";376;553,2;"BALSA NOVA";"Acumulo de água sobre o pavimento";"Capotamento";"Com Vítimas Feridas";"Pleno dia";"Decrescente";"Chuva";"Dupla";"Reta";"Não";4;0;2;0;1;1;2;2;-25,47086377;-49,68169198;"SPRF-PR";"DEL01-PR";"UOP03-DEL03-PR"
423909;2022-04-01;"sexta-feira";"13:05:00";"MG";40;520;"CONTAGEM";"Ausência de reação do condutor";"Saída de leito carroçável";"Com Vítimas Feridas";"Pleno dia";"Crescente";"Céu Claro";"Dupla";"Reta";"Não";3;0;3;0;0;0;3;1;-19,84761911;-44,07276144;"SPRF-MG";"DEL01-MG";"UOP02-DEL01-MG"
423912;2022-04-01;"sexta-feira";"14:35:00";"RS";116;524,8;"PELOTAS";"Ausência de reação do condutor";"Colisão com objeto";"Com Vítimas Feridas";"Pleno dia";"Crescente";"Sol";"Dupla";"Reta";"Sim";1;0;1;0;0;0;1;1;-31,72863738;-52,38746675;"SPRF-RS";"DEL07-RS";"UOP01-DEL07-RS"
423915;2022-04-01;"sexta-feira";"14:45:00";"ES";101;263,9;"SERRA";"Manobra de mudança de faixa";"Colisão lateral mesmo sentido";"Com Vítimas Feridas";"Pleno dia";"Crescente";"Céu Claro";"Múltipla";"Reta";"Sim";3;0;2;0;1;0;2;2;-20,16554736;-40,27301648;"SPRF-ES";"DEL02-ES";"UOP01-DEL02-ES"
423916;2022-04-01;"sexta-feira";"09:45:00";"PI";343;348,5;"TERESINA";"Acessar a via sem observar a presença dos outros veículos";"Colisão transversal";"Com Vítimas Feridas";"Pleno dia";"Crescente";"Céu Claro";"Simples";"Reta";"Sim";2;0;1;0;1;0;1;2;-5,12070542;-42,79073954;"SPRF-PI";"DEL01-PI";"UOP01-DEL01-PI"
423917;2022-04-01;"sexta-feira";"14:30:00";"BA";116;422;"FEIRA DE SANTANA";"Desrespeitar a preferência no cruzamento";"Colisão transversal";"Sem Vítimas";"Pleno dia";"Decrescente";"Céu Claro";"Simples";"Interseção de Vias";"Sim";2;0;0;0;2;0;0;2;-12,23147893;-38,96925951;"SPRF-BA";"DEL02-BA";"UOP01-DEL02-BA"
423922;2022-04-01;"sexta-feira";"14:30:00";"SC";101;215;"PALHOCA";"Velocidade Incompatível";"Colisão lateral mesmo sentido";"Com Vítimas Feridas";"Pleno dia";"Crescente";"Nublado";"Simples";"Reta";"Sim";2;0;1;0;1;0;1;2;-27,65184843;-48,67604941;"SPRF-SC";"DEL01-SC";"UOP02-DEL01-SC"
423923;2022-03-26;"sábado";"07:45:00";"PA";316;161;"CAPANEMA";"Condutor Dormindo";"Saída de leito carroçável";"Com Vítimas Feridas";"Pleno dia";"Crescente";"Sol";"Simples";"Reta";"Não";3;0;3;0;0;0;3;1;-1,27726097;-47,11954497;"SPRF-PA";"DEL01-PA";"UOP03-DEL01-PA"
423928;2022-04-01;"sexta-feira";"15:45:00";"MG";40;510;"RIBEIRAO DAS NEVES";"Condutor deixou de manter distância do veículo da frente";"Queda de ocupante de veículo";"Com Vítimas Feridas";"Pleno dia";"Decrescente";"Céu Claro";"Dupla";"Reta";"Não";1;0;0;1;0;0;1;1;-19,77463885;-44,12321882;"SPRF-MG";"DEL01-MG";"UOP02-DEL01-MG"