"id";"data_inversa";"dia_semana";"horario";"uf";"br";"km";"municipio";"causa_acidente";"tipo_acidente";"classificacao_acidente";"fase_dia";"sentido_via";"condicao_metereologica";"tipo_pista";"tracado_via";"uso_solo";"pessoas";"mortos";"feridos_leves";"feridos_graves";"ilesos";"ignorados";"feridos";"veiculos";"latitude";"longitude";"regional";"delegacia";"uop"
423929;2022-04-01;"sexta-feira";"12:02:00";"TO";153;137;"ARAGUAINA";"Reação tardia ou ineficiente do condutor";"Engavetamento";"Com Vítimas Feridas";"Pleno dia";"Crescente";"Garoa/Chuvisco";"Dupla";"Reta";"Sim";4;0;0;1;3;0;1;4;-7,14630299;-48,20255603;"SPRF-TO";"DEL02-TO";"UOP01-DEL02-TO"
423931;2022-04-01;"sexta-feira";"16:00:00";"BA";324;616;"SALVADOR";"Reação tardia ou ineficiente do condutor";"Saída de leito carroçável";"Sem Vítimas";"Pleno dia";"Decrescente";"Nublado";"Múltipla";"Reta";"Sim";1;0;0;0;1;0;0;1;-12,87957905;-38,43213893;"SPRF-BA";"DEL01-BA";"UOP01-DEL01-BA"
423932;2022-04-01;"sexta-feira";"16:25:00";"RS";386;333,1;"MARQUES DE SOUZA";"Reação tardia ou ineficiente do condutor";"Engavetamento";"Sem Vítimas";"Pleno dia";"Crescente";"Céu Claro";"Simples";"Em Obras;Reta";"Não";6;0;0;0;6;0;0;3;-29,3732532;-52,06099218;"SPRF-RS";"DEL04-RS";"UOP01-DEL04-RS"
423934;2022-04-01;"sexta-feira";"15:45:00";"SC";470;89;"ASCURRA";"Desrespeitar a preferência no cruzamento";"Colisão transversal";"Com Vítimas Feridas";"Pleno dia";"Crescente";"Garoa/Chuvisco";"Simples";"Curva";"Sim";3;0;3;0;0;0;3;2;-26,961573;-49,371918;"SPRF-SC";"DEL04-SC";"UOP01-DEL04-SC"
423935;2022-04-01;"sexta-feira";"16:40:00";"BA";101;877;"TEIXEIRA DE FREITAS";"Acessar a via sem observar a presença dos outros veículos";"Colisão transversal";"Com Vítimas Feridas";"Pleno dia";"Decrescente";"Céu Claro";"Simples";"Reta";"Sim";3;0;1;0;2;0;1;2;-17,543423;-39,717547;"SPRF-BA";"DEL09-BA";"UOP02-DEL09-BA"
423939;2022-04-01;"sexta-feira";"16:37:00";"RS";116;150,3;"CAXIAS DO SUL";"Manobra de mudança de faixa";"Colisão lateral mesmo sentido";"Com Vítimas Feridas";"Pleno dia";"Crescente";"Céu Claro";"Múltipla";"Reta";"Sim";2;0;1;0;1;0;1;2;-29,17222944;-51,16048694;"SPRF-RS";"DEL05-RS";"UOP01-DEL05-RS"
423942;2022-04-01;"sexta-feira";"15:40:00";"PB";230;397;"SAO BENTINHO";"Ausência de reação do condutor";"Saída de leito carroçável";"Com Vítimas Feridas";"Pleno dia";"Decrescente";"Céu Claro";"Simples";"Reta";"Não";1;0;1;0;0;0;1;1;-6,8447;-37,7473;"SPRF-PB";"DEL03-PB";"UOP02-DEL03-PB"
423943;2022-04-01;"sexta-feira";"17:20:00";"RS";290;86;"PORTO ALEGRE";"Manobra de mudança de faixa";"Colisão lateral mesmo sentido";"Sem Vítimas";"Pleno dia";"Decrescente";"Nublado";"Dupla";"Reta";"Não";2;0;0;0;2;0;0;2;-29,968412;-51,117138;"SPRF-RS";"DEL01-RS";"UOP01-DEL01-RS"
423944;2022-04-01;"sexta-feira";"17:00:00";"MG";381;501,5;"BETIM";"Trafegar com motocicleta (ou similar) entre as faixas";"Colisão traseira";"Com Vítimas Feridas";"Pleno dia";"Decrescente";"Céu Claro";"Dupla";"Reta";"Não";2;0;1;0;1;0;1;2;-20,01468577;-44,22160149;"SPRF-MG";"DEL01-MG";"UOP03-DEL01-MG"
423945;2022-04-01;"sexta-feira";"17:17:00";"RS";116;254;"SAPUCAIA DO SUL";"Reação tardia ou ineficiente do condutor";"Colisão lateral mesmo sentido";"Com Vítimas Feridas";"Anoitecer";"Decrescente";"Céu Claro";"Dupla";"Reta";"Sim";2;0;1;0;1;0;1;2;-29,82654797;-51,17241311;"SPRF-RS";"DEL01-RS";"UOP02-DEL01-RS"
423946;2022-04-01;"sexta-feira";"17:30:00";"RN";110;43,7;"MOSSORO";"Acessar a via sem observar a presença dos outros veículos";"Colisão transversal";"Com Vítimas Feridas";"Amanhecer";"Decrescente";"Nublado";"Simples";"Reta";"Sim";2;0;1;0;1;0;1;2;-5,18223639;-37,29640087;"SPRF-RN";"DEL04-RN";"UOP01-DEL04-RN"
423947;2022-04-01;"sexta-feira";"16:50:00";"MG";381;452,3;"SABARA";"Condutor Dormindo";"Engavetamento";"Com Vítimas Feridas";"Pleno dia";"Decrescente";"Céu Claro";"Simples";"Reta";"Sim";7;0;3;0;4;0;3;5;-19,84339604;-43,88596993;"SPRF-MG";"DEL01-MG";"UOP01-DEL01-MG"
423948;2022-04-01;"sexta-feira";"17:30:00";"RJ";101;67;"CAMPOS DOS GOYTACAZES";"Acessar a via sem observar a presença dos outros veículos";"Colisão transversal";"Com Vítimas Feridas";"Pleno dia";"Crescente";"Céu Claro";"Simples";"Retorno Regulamentado";"Sim";1;0;1;0;0;0;1;1;-21,76751094;-41,34876249;"SPRF-RJ";"DEL08-RJ";"UOP02-DEL08-RJ"
423949;2022-04-01;"sexta-feira";"17:10:00";"PR";369;33,5;"CAMBARA";"Demais falhas mecânicas ou elétricas";"Saída de leito carroçável";"Com Vítimas Feridas";"Pleno dia";"Decrescente";"Nublado";"Simples";"Curva";"Não";1;0;1;0;0;0;1;1;-23,03677022;-50,08117676;"SPRF-PR";"DEL07-PR";"UOP01-DEL07-PR"
423951;2022-04-01;"sexta-feira";"16:50:00";"MS";262;327,8;"CAMPO GRANDE";"Acessar a via sem observar a presença dos outros veículos";"Colisão transversal";"Com Vítimas Feridas";"Anoitecer";"Crescente";"Garoa/Chuvisco";"Dupla";"Reta";"Sim";3;0;0;2;1;0;2;2;-20,46657314;-54,54372903;"SPRF-MS";"DEL01-MS";"UOP01-DEL01-MS"
423952;2022-04-01;"sexta-feira";"17:30:00";"MG";381;732,7;"CARMO DA CACHOEIRA";"Velocidade Incompatível";"Saída de leito carroçável";"Com Vítimas Feridas";"Pleno dia";"Decrescente";"Chuva";"Dupla";"Curva";"Não";1;0;1;0;0;0;1;1;-21,52229174;-45,22363186;"SPRF-MG";"DEL16-MG";"UOP02-DEL16-MG"
423954;2022-04-01;"sexta-feira";"17:30:00";"PR";376;592;"CURITIBA";"Manobra de mudança de faixa";"Colisão traseira";"Com Vítimas Feridas";"Anoitecer";"Decrescente";"Chuva";"Dupla";"Reta";"Não";2;0;1;0;1;0;1;2;-25,46833525;-49,35524543;"SPRF-PR";"DEL01-PR";"UOP01-DEL01-PR"
423955;2022-02-24;"quinta-feira";"08:10:00";"ES";101;269,8;"SERRA";"Condutor deixou de manter distância do veículo da frente";"Colisão traseira";"Com Vítimas Feridas";"Pleno dia";"Decrescente";"Sol";"Múltipla";"Reta";"Sim";2;0;1;0;1;0;1;2;-20,21740496;-40,26990578;"SPRF-ES";"DEL02-ES";"UOP01-DEL02-ES"
423957;2022-04-01;"sexta-feira";"18:30:00";"SP";116;451,9;"REGISTRO";"Reação tardia ou ineficiente do condutor";"Colisão traseira";"Sem Vítimas";"Plena Noite";"Crescente";"Chuva";"Dupla";"Reta";"Não";6;0;0;0;6;0;0;2;-24,54542792;-47,86180224;"SPRF-SP";"DEL05-SP";"UOP01-DEL05-SP"
423958;2022-04-01;"sexta-feira";"18:10:00";"RS";290;475;"ROSARIO DO SUL";"Frear bruscamente";"Colisão traseira";"Com Vítimas Feridas";"Anoitecer";"Crescente";"Céu Claro";"Simples";"Reta";"Não";7;0;1;0;6;0;1;2;-30,239809;-54,86842;"SPRF-RS";"DEL11-RS";"UOP02-DEL11-RS"
423960;2022-04-01;"sexta-feira";"17:30:00";"MT";364;240;"JUSCIMEIRA";"Ausência de reação do condutor";"Saída de leito carroçável";"Com Vítimas Feridas";"Anoitecer";"Decrescente";"Nublado";"Dupla";"Declive;Reta";"Não";3;0;3;0;0;0;3;1;-16,17914141;-54,78905337;"SPRF-MT";"DEL02-MT";"UOP01-DEL02-MT"
423961;2022-04-01;"sexta-feira";"18:10:00";"RS";386;437;"NOVA SANTA RITA";"Iluminação deficiente";"Colisão transversal";"Com Vítimas Feridas";"Anoitecer";"Crescente";"Céu Claro";"Simples";"Reta";"Não";2;0;2;0;0;0;2;2;-29,85803;-51,261227;"SPRF-RS";"DEL04-RS";"UOP02-DEL04-RS"
423964;2022-04-01;"sexta-feira";"17:20:00";"MG";356;266,3;"MURIAE";"Acessar a via sem observar a presença dos outros veículos";"Colisão lateral mesmo sentido";"Com Vítimas Feridas";"Anoitecer";"Crescente";"Nublado";"Simples";"Reta";"Sim";2;0;0;1;1;0;1;2;-21,128909;-42,362201;"SPRF-MG";"DEL07-MG";"UOP02-DEL07-MG"
423965;2022-04-01;"sexta-feira";"17:50:00";"CE";20;423;"MARACANAU";"Acessar a via sem observar a presença dos outros veículos";"Colisão transversal";"Com Vítimas Feridas";"Plena Noite";"Decrescente";"Nublado";"Dupla";"Reta";"Sim";2;0;1;0;1;0;1;2;-3,85566961;-38,55337501;"SPRF-CE";"DEL01-CE";"UOP02-DEL01-CE"
423967;2022-04-01;"sexta-feira";"16:00:00";"SC";470;67,8;"INDAIAL";"Conversão proibida";"Colisão lateral mesmo sentido";"Com Vítimas Feridas";"Pleno dia";"Decrescente";"Chuva";"Simples";"Reta";"Sim";4;0;2;0;2;0;2;2;-26,872158;-49,23127;"SPRF-SC";"DEL04-SC";"UOP01-DEL04-SC"
423969;2022-04-01;"sexta-feira";"16:45:00";"PR";376;108;"PARANAVAI";"Desrespeitar a preferência no cruzamento";"Colisão transversal";"Com Vítimas Feridas";"Pleno dia";"Decrescente";"Garoa/Chuvisco";"Dupla";"Interseção de Vias";"Não";2;0;1;0;1;0;1;2;-23,07492893;-52,41720594;"SPRF-PR";"DEL09-PR";"UOP02-DEL09-PR"
423970;2022-04-01;"sexta-feira";"18:45:00";"RS";290;214,5;"PANTANO GRANDE";"Acessar a via sem observar a presença dos outros veículos";"Colisão transversal";"Com Vítimas Feridas";"Plena Noite";"Crescente";"Céu Claro";"Simples";"Em Obras";"Sim";4;0;1;0;2;1;1;3;-30,18908225;-52,36885613;"SPRF-RS";"DEL02-RS";"UOP03-DEL02-RS"
423971;2022-04-01;"sexta-feira";"17:10:00";"MG";116;413,3;"GOVERNADOR VALADARES";"Reação tardia ou ineficiente do condutor";"Colisão traseira";"Com Vítimas Feridas";"Anoitecer";"Decrescente";"Céu Claro";"Simples";"Reta";"Sim";2;0;2;0;0;0;2;2;-18,873907;-41,966366;"SPRF-MG";"DEL06-MG";"UOP01-DEL06-MG"
423972;2022-04-01;"sexta-feira";"19:20:00";"RN";226;82,4;"TANGARA";"Transitar na contramão";"Colisão lateral sentido oposto";"Com Vítimas Feridas";"Plena Noite";"Decrescente";"Céu Claro";"Simples";"Reta";"Sim";2;0;0;1;1;0;1;2;-6,19172946;-35,79119344;"SPRF-RN";"DEL03-RN";"UOP02-DEL03-RN"
423973;2022-04-01;"sexta-feira";"18:30:00";"CE";226;68;"JAGUARIBE";"Iluminação deficiente";"Atropelamento de Pedestre";"Com Vítimas Feridas";"Plena Noite";"Decrescente";"Céu Claro";"Simples";"Reta";"Não";2;0;0;1;1;0;1;2;-5,89605773;-38,63585767;"SPRF-CE";"DEL05-CE";"UOP02-DEL05-CE"
423974;2022-04-01;"sexta-feira";"18:29:00";"MG";116;413,9;"GOVERNADOR VALADARES";"Trafegar com motocicleta (ou similar) entre as faixas";"Colisão lateral mesmo sentido";"Sem Vítimas";"Plena Noite";"Crescente";"Céu Claro";"Simples";"Reta";"Sim";2;0;0;0;2;0;0;2;-18,873907;-41,966366;"SPRF-MG";"DEL06-MG";"UOP01-DEL06-MG"
423976;2022-04-01;"sexta-feira";"18:50:00";"ES";393;0,2;"CACHOEIRO DE ITAPEMIRIM";"Condutor desrespeitou a iluminação vermelha do semáforo";"Colisão transversal";"Com Vítimas Feridas";"Anoitecer";"Decrescente";"Céu Claro";"Simples";"Reta";"Sim";2;0;1;1;0;0;2;2;-20,841324;-41,15929;"SPRF-ES";"DEL03-ES";"UOP02-DEL03-ES"
423977;2022-04-01;"sexta-feira";"19:30:00";"ES";101;393;"RIO NOVO DO SUL";"Conversão proibida";"Colisão lateral mesmo sentido";"Com Vítimas Feridas";"Plena Noite";"Crescente";"Céu Claro";"Simples";"Reta";"Não";2;0;1;0;1;0;1;2;-20,865694;-40,91366;"SPRF-ES";"DEL03-ES";"UOP02-DEL03-ES"
423978;2022-04-01;"sexta-feira";"19:20:00";"SC";101;117;"ITAJAI";"Pista Escorregadia";"Tombamento";"Com Vítimas Feridas";"Plena Noite";"Crescente";"Chuva";"Simples";"Reta";"Não";1;0;1;0;0;0;1;1;-26,88747187;-48,72252969;"SPRF-SC";"DEL04-SC";"UOP04-DEL04-SC"
423979;2022-04-01;"sexta-feira";"19:53:00";"GO";153;521,4;"HIDROLANDIA";"Entrada inopinada do pedestre";"Atropelamento de Pedestre";"Com Vítimas Feridas";"Plena Noite";"Crescente";"Céu Claro";"Dupla";"Reta";"Sim";2;0;2;0;0;0;2;2;-16,8937;-49,2557;"SPRF-GO";"DEL01-GO";"UOP03-DEL01-GO"
423980;2022-04-01;"sexta-feira";"20:00:00";"SC";470;57,5;"BLUMENAU";"Pedestre cruzava a pista fora da faixa";"Atropelamento de Pedestre";"Com Vítimas Feridas";"Plena Noite";"Decrescente";"Chuva";"Simples";"Rotatória;Em Obras";"Sim";2;0;0;1;1;0;1;2;-26,880428;-49,136532;"SPRF-SC";"DEL04-SC";"UOP01-DEL04-SC"
423981;2022-04-01;"sexta-feira";"18:40:00";"SC";470;128,4;"LONTRAS";"Ingestão de álcool e/ou substâncias psicoativas pelo pedestre";"Colisão frontal";"Com Vítimas Feridas";"Plena Noite";"Decrescente";"Garoa/Chuvisco";"Simples";"Reta";"Não";10;0;7;2;0;1;9;3;-27,147122;-49,553226;"SPRF-SC";"DEL04-SC";"UOP02-DEL04-SC"
423982;2022-04-01;"sexta-feira";"19:00:00";"SC";282;41,9;"AGUAS MORNAS";"Mal súbito do condutor";"Saída de leito carroçável";"Com Vítimas Feridas";"Plena Noite";"Crescente";"Céu Claro";"Simples";"Curva";"Não";1;0;1;0;0;0;1;1;-27,715973;-48,878979;"SPRF-SC";"DEL01-SC";"UOP03-DEL01-SC"
423985;2022-04-01;"sexta-feira";"19:45:00";"GO";40;7,5;"LUZIANIA";"Iluminação deficiente";"Colisão lateral mesmo sentido";"Com Vítimas Feridas";"Plena Noite";"Crescente";"Céu Claro";"Dupla";"Reta";"Sim";2;0;1;0;0;1;1;2;-16,10897608;-47,97232412;"SPRF-DF";"DEL01-DF";"UOP01-DEL01-DF"
423986;2022-04-01;"sexta-feira";"17:00:00";"PR";376;450,7;"TIBAGI";"Velocidade Incompatível";"Capotamento";"Com Vítimas Feridas";"Pleno dia";"Crescente";"Chuva";"Dupla";"Curva";"Não";1;0;1;0;0;0;1;1;-24,9415496;-50,40424347;"SPRF-PR";"DEL03-PR";"UOP02-DEL03-PR"
423987;2022-04-01;"sexta-feira";"19:10:00";"SC";101;61,5;"ARAQUARI";"Acumulo de água sobre o pavimento";"Colisão com objeto";"Com Vítimas Feridas";"Anoitecer";"Crescente";"Chuva";"Dupla";"Reta";"Não";1;0;1;0;0;0;1;1;-26,45474174;-48,77699195;"SPRF-SC";"DEL03-SC";"UOP02-DEL03-SC"
423988;2022-04-01;"sexta-feira";"15:50:00";"PR";369;16;"CAMBARA";"Condutor Dormindo";"Saída de leito carroçável";"Com Vítimas Feridas";"Pleno dia";"Decrescente";"Céu Claro";"Simples";"Reta";"Não";1;0;1;0;0;0;1;1;-23,01718026;-50,01869202;"SPRF-PR";"DEL07-PR";"UOP01-DEL07-PR"
423989;2022-04-01;"sexta-feira";"19:30:00";"PR";476;355;"UNIAO DA VITORIA";"Acessar a via sem observar a presença dos outros veículos";"Colisão transversal";"Com Vítimas Feridas";"Plena Noite";"Crescente";"Chuva";"Simples";"Reta";"Não";2;0;1;0;1;0;1;2;-26,196117;-51,022423;"SPRF-PR";"DEL02-PR";"UOP03-DEL02-PR"
423990;2022-04-01;"sexta-feira";"18:40:00";"MT";364;203;"RONDONOPOLIS";"Reação tardia ou ineficiente do condutor";"Colisão traseira";"Com Vítimas Feridas";"Plena Noite";"Crescente";"Céu Claro";"Dupla";"Reta";"Não";3;0;1;0;2;0;1;2;-16,47555256;-54,65344724;"SPRF-MT";"DEL02-MT";"UOP01-DEL02-MT"
423991;2022-04-01;"sexta-feira";"20:40:00";"PR";116;125;"FAZENDA RIO GRANDE";"Trafegar com motocicleta (ou similar) entre as faixas";"Colisão lateral mesmo sentido";"Com Vítimas Feridas";"Plena Noite";"Crescente";"Nublado";"Dupla";"Reta";"Sim";3;0;1;0;2;0;1;3;-25,59505309;-49,31630659;"SPRF-PR";"DEL01-PR";"UOP03-DEL01-PR"
423993;2022-04-01;"sexta-feira";"19:45:00";"ES";101;6;"ICONHA";"Reação tardia ou ineficiente do condutor";"Colisão com objeto";"Com Vítimas Feridas";"Plena Noite";"Crescente";"Céu Claro";"Simples";"Curva";"Não";1;0;0;1;0;0;1;1;-20,80430235;-40,82965851;"SPRF-ES";"DEL03-ES";"UOP01-DEL03-ES"
423995;2022-04-01;"sexta-feira";"20:00:00";"RS";158;213,2;"CRUZ ALTA";"Acostamento em desnível";"Saída de leito carroçável";"Com Vítimas Feridas";"Plena Noite";"Decrescente";"Céu Claro";"Simples";"Em Obras;Reta";"Não";4;0;1;0;3;0;1;1;-28,80001599;-53,60566802;"SPRF-RS";"DEL10-RS";"UOP02-DEL10-RS"
423997;2022-04-01;"sexta-feira";"21:13:00";"SP";381;85;"SAO PAULO";"Pista Escorregadia";"Engavetamento";"Sem Vítimas";"Plena Noite";"Crescente";"Garoa/Chuvisco";"Múltipla";"Aclive;Viaduto;Reta";"Sim";4;0;0;0;4;0;0;4;-23,449343;-46,56983501;"SPRF-SP";"DEL03-SP";"UOP01-DEL03-SP"
423998;2022-04-01;"sexta-feira";"21:00:00";"RJ";40;62;"PETROPOLIS";"Reação tardia ou ineficiente do condutor";"Tombamento";"Com Vítimas Feridas";"Plena Noite";"Crescente";"Nublado";"Simples";"Curva";"Não";1;0;0;1;0;0;1;1;-22,40542358;-43,14664526;"SPRF-RJ";"DEL05-RJ";"UOP02-DEL05-RJ"
424001;2022-04-01;"sexta-feira";"21:15:00";"RS";158;535;"SANTANA DO LIVRAMENTO";"Ausência de reação do condutor";"Saída de leito carroçável";"Com Vítimas Feridas";"Plena Noite";"Crescente";"Céu Claro";"Simples";"Curva";"Não";2;0;2;0;0;0;2;1;-30,78638231;-55,18741608;"SPRF-RS";"DEL11-RS";"UOP01-DEL11-RS"
424006;2022-04-01;"sexta-feira";"20:30:00";"MG";381;489,2;"BETIM";"Ingestão de álcool pelo condutor";"Tombamento";"Com Vítimas Feridas";"Plena Noite";"Decrescente";"Céu Claro";"Múltipla";"Reta";"Sim";1;0;1;0;0;0;1;1;-19,96245618;-44,16455495;"SPRF-MG";"DEL01-MG";"UOP03-DEL01-MG"
424007;2022-04-01;"sexta-feira";"21:30:00";"ES";262;56,5;"DOMINGOS MARTINS";"Deficiência do Sistema de Iluminação/Sinalização";"Colisão transversal";"Com Vítimas Feridas";"Plena Noite";"Decrescente";"Céu Claro";"Simples";"Curva";"Não";4;0;2;0;2;0;2;2;-20,41088387;-40,75519403;"SPRF-ES";"DEL01-ES";"UOP01-DEL01-ES"
424009;2022-04-01;"sexta-feira";"21:15:00";"GO";60;312;"ACREUNA";"Reação tardia ou ineficiente do condutor";"Saída de leito carroçável";"Com Vítimas Feridas";"Plena Noite";"Decrescente";"Nublado";"Dupla";"Reta";"Não";3;0;0;1;0;2;1;2;-17,4242;-50,4242;"SPRF-GO";"DEL04-GO";"UOP01-DEL04-GO"
424010;2022-04-01;"sexta-feira";"22:50:00";"SP";116;186;"SANTA ISABEL";"Ausência de reação do condutor";"Colisão traseira";"Com Vítimas Feridas";"Plena Noite";"Decrescente";"Garoa/Chuvisco";"Dupla";"Reta";"Não";2;0;1;0;1;0;1;2;-23,35220682;-46,19934905;"SPRF-SP";"DEL01-SP";"UOP01-DEL01-SP"
424011;2022-04-01;"sexta-feira";"23:00:00";"RS";116;265;"CANOAS";"Velocidade Incompatível";"Colisão transversal";"Com Vítimas Feridas";"Plena Noite";"Decrescente";"Céu Claro";"Dupla";"Reta";"Sim";3;0;0;1;1;1;1;3;-29,92342302;-51,17780944;"SPRF-RS";"DEL01-RS";"UOP01-DEL01-RS"
424014;2022-04-01;"sexta-feira";"15:15:00";"MT";70;709;"CACERES";"Ausência de reação do condutor";"Colisão com objeto";"Com Vítimas Feridas";"Pleno dia";"Crescente";"Céu Claro";"Simples";"Curva";"Não";1;0;1;0;0;0;1;1;-16,2219828;-57,57286917;"SPRF-MT";"DEL03-MT";"UOP01-DEL03-MT"
424015;2022-04-01;"sexta-feira";"23:10:00";"ES";101;254;"SERRA";"Reação tardia ou ineficiente do condutor";"Queda de ocupante de veículo";"Com Vítimas Feridas";"Plena Noite";"Decrescente";"Céu Claro";"Simples";"Aclive";"Sim";1;0;0;1;0;0;1;1;-20,1100364;-40,32740141;"SPRF-ES";"DEL02-ES";"UOP01-DEL02-ES"
424016;2022-04-01;"sexta-feira";"19:45:00";"SP";381;86;"SAO PAULO";"Chuva";"Colisão lateral mesmo sentido";"Sem Vítimas";"Plena Noite";"Decrescente";"Garoa/Chuvisco";"Dupla";"Reta";"Sim";2;0;0;0;2;0;0;1;-23,45930499;-46,57161179;"SPRF-SP";"DEL03-SP";"UOP01-DEL03-SP"
424017;2022-04-01;"sexta-feira";"22:00:00";"SC";280;7,3;"SAO FRANCISCO DO SUL";"Ingestão de álcool pelo condutor";"Colisão com objeto";"Com Vítimas Feridas";"Plena Noite";"Crescente";"Chuva";"Simples";"Reta";"Não";1;0;1;0;0;0;1;1;-26,27304841;-48,6424613;"SPRF-SC";"DEL03-SC";"UOP03-DEL03-SC"
424018;2022-04-01;"sexta-feira";"22:00:00";"SC";101;155;"PORTO BELO";"Velocidade Incompatível";"Colisão com objeto";"Sem Vítimas";"Plena Noite";"Crescente";"Chuva";"Dupla";"Reta";"Não";1;0;0;0;0;1;0;1;-27,16292;-48,61129;"SPRF-SC";"DEL04-SC";"UOP03-DEL04-SC"
424019;2022-04-01;"sexta-feira";"18:50:00";"PR";476;111;"COLOMBO";"Transitar na contramão";"Colisão lateral sentido oposto";"Sem Vítimas";"Plena Noite";"Crescente";"Garoa/Chuvisco";"Simples";"Reta";"Não";2;0;0;0;1;1;0;2;-25,315056;-49,153545;"SPRF-PR";"DEL01-PR";"UOP02-DEL01-PR"
424021;2022-04-01;"sexta-feira";"21:30:00";"BA";324;330;"JACOBINA";"Transitar na contramão";"Colisão frontal";"Com Vítimas Fatais";"Plena Noite";"Decrescente";"Céu Claro";"Simples";"Reta";"Não";2;1;0;0;1;0;0;2;-11,30806;-40,19431;"SPRF-BA";"DEL04-BA";"UOP02-DEL04-BA"
424022;2022-04-02;"sábado";"00:15:00";"MG";40;522,5;"CONTAGEM";"Iluminação deficiente";"Tombamento";"Com Vítimas Feridas";"Plena Noite";"Decrescente";"Céu Claro";"Dupla";"Reta";"Não";1;0;0;1;0;0;1;1;-19,8638731;-44,06749809;"SPRF-MG";"DEL01-MG";"UOP02-DEL01-MG"
424024;2022-04-01;"sexta-feira";"23:30:00";"PR";277;490;"NOVA LARANJEIRAS";"Ingestão de álcool pelo condutor";"Saída de leito carroçável";"Sem Vítimas";"Plena Noite";"Crescente";"Céu Claro";"Simples";"Curva";"Não";2;0;0;0;1;1;0;2;-25,23835568;-52,63961783;"SPRF-PR";"DEL04-PR";"UOP02-DEL04-PR"
424025;2022-04-02;"sábado";"00:00:00";"CE";116;5,7;"FORTALEZA";"Ausência de reação do condutor";"Colisão traseira";"Sem Vítimas";"Plena Noite";"Decrescente";"Chuva";"Dupla";"Reta";"Sim";2;0;0;0;2;0;0;2;-3,79467116;-38,50772734;"SPRF-CE";"DEL01-CE";"UOP02-DEL01-CE"
424026;2022-04-01;"sexta-feira";"23:20:00";"RO";364;683;"CANDEIAS DO JAMARI";"Animais na Pista";"Atropelamento de Animal";"Sem Vítimas";"Plena Noite";"Crescente";"Céu Claro";"Simples";"Reta";"Não";2;0;0;0;2;0;0;1;-8,78859991;-63,61516701;"SPRF-RO";"DEL01-RO";"UOP01-DEL01-RO"
424027;2022-04-01;"sexta-feira";"23:50:00";"PI";316;4;"TERESINA";"Chuva";"Colisão lateral mesmo sentido";"Com Vítimas Feridas";"Plena Noite";"Crescente";"Chuva";"Múltipla";"Reta";"Sim";2;0;0;1;1;0;1;2;-5,13655894;-42,78900388;"SPRF-PI";"DEL01-PI";"UOP02-DEL01-PI"
424032;2022-04-02;"sábado";"02:00:00";"ES";101;262,9;"SERRA";"Reação tardia ou ineficiente do condutor";"Colisão lateral mesmo sentido";"Sem Vítimas";"Plena Noite";"Decrescente";"Céu Claro";"Múltipla";"Curva";"Sim";3;0;0;0;2;1;0;2;-20,1572331;-40,27678329;"SPRF-ES";"DEL02-ES";"UOP01-DEL02-ES"
424034;2022-04-02;"sábado";"01:00:00";"GO";153;66;"PORANGATU";"Reação tardia ou ineficiente do condutor";"Saída de leito carroçável";"Sem Vítimas";"Plena Noite";"Crescente";"Céu Claro";"Simples";"Reta";"Sim";1;0;0;0;1;0;0;1;-13,34257453;-49,1218257;"SPRF-GO";"DEL07-GO";"UOP01-DEL07-GO"
424035;2022-04-02;"sábado";"02:20:00";"ES";101;137;"LINHARES";"Reação tardia ou ineficiente do condutor";"Queda de ocupante de veículo";"Com Vítimas Feridas";"Plena Noite";"Crescente";"Céu Claro";"Simples";"Reta";"Não";1;0;1;0;0;0;1;1;-19,29308199;-40,08591691;"SPRF-ES";"DEL04-ES";"UOP01-DEL04-ES"
424036;2022-04-02;"sábado";"02:00:00";"SP";116;272;"TABOAO DA SERRA";"Manobra de mudança de faixa";"Colisão lateral mesmo sentido";"Sem Vítimas";"Plena Noite";"Crescente";"Garoa/Chuvisco";"Múltipla";"Reta";"Sim";4;0;0;0;3;1;0;4;-23,621691;-46,813288;"SPRF-SP";"DEL04-SP";"UOP01-DEL04-SP"
424037;2022-04-02;"sábado";"02:40:00";"RJ";40;39;"AREAL";"Ingestão de álcool pelo condutor";"Tombamento";"Com Vítimas Feridas";"Plena Noite";"Decrescente";"Céu Claro";"Dupla";"Aclive;Reta";"Sim";1;0;1;0;0;0;1;1;-22,23332;-43,114136;"SPRF-RJ";"DEL05-RJ";"UOP02-DEL05-RJ"
424039;2022-04-02;"sábado";"03:20:00";"SC";101;83,8;"BARRA VELHA";"Reação tardia ou ineficiente do condutor";"Saída de leito carroçável";"Sem Vítimas";"Plena Noite";"Crescente";"Garoa/Chuvisco";"Dupla";"Reta";"Não";1;0;0;0;1;0;0;1;-26,61865655;-48,71834126;"SPRF-SC";"DEL03-SC";"UOP02-DEL03-SC"
424040;2022-04-02;"sábado";"03:20:00";"RS";116;262;"CANOAS";"Reação tardia ou ineficiente do condutor";"Colisão traseira";"Sem Vítimas";"Plena Noite";"Decrescente";"Nublado";"Simples";"Reta";"Sim";2;0;0;0;2;0;0;2;-29,896475;-51,17593;"SPRF-RS";"DEL01-RS";"UOP01-DEL01-RS"
424041;2022-04-02;"sábado";"01:35:00";"RO";364;342;"JI-PARANA";"Reação tardia ou ineficiente do condutor";"Colisão com objeto";"Com Vítimas Feridas";"Plena Noite";"Crescente";"Céu Claro";"Dupla";"Reta";"Sim";1;0;0;1;0;0;1;1;-10,88381227;-61,93741416;"SPRF-RO";"DEL02-RO";"UOP01-DEL02-RO"