"id";"data_inversa";"dia_semana";"horario";"uf";"br";"km";"municipio";"causa_acidente";"tipo_acidente";"classificacao_acidente";"fase_dia";"sentido_via";"condicao_metereologica";"tipo_pista";"tracado_via";"uso_solo";"pessoas";"mortos";"feridos_leves";"feridos_graves";"ilesos";"ignorados";"feridos";"veiculos";"latitude";"longitude";"regional";"delegacia";"uop"
424042;2022-04-02;"sábado";"02:30:00";"ES";101;144,2;"LINHARES";"Reação tardia ou ineficiente do condutor";"Colisão traseira";"Com Vítimas Feridas";"Plena Noite";"Crescente";"Céu Claro";"Simples";"Reta";"Sim";2;0;1;0;1;0;1;2;-19,35188295;-40,0636685;"SPRF-ES";"DEL04-ES";"UOP01-DEL04-ES"
424046;2022-04-02;"sábado";"04:15:00";"SP";116;272;"TABOAO DA SERRA";"Ausência de reação do condutor";"Colisão com objeto";"Sem Vítimas";"Plena Noite";"Crescente";"Garoa/Chuvisco";"Dupla";"Reta";"Sim";4;0;0;0;2;2;0;4;-23,621691;-46,813288;"SPRF-SP";"DEL04-SP";"UOP01-DEL04-SP"
424047;2022-04-02;"sábado";"03:50:00";"RS";158;327;"SANTA MARIA";"Ausência de reação do condutor";"Saída de leito carroçável";"Com Vítimas Feridas";"Plena Noite";"Decrescente";"Céu Claro";"Simples";"Desvio Temporário;Curva;Em Obras";"Sim";1;0;0;1;0;0;1;1;-29,714945;-53,81083;"SPRF-RS";"DEL09-RS";"UOP01-DEL09-RS"
424048;2022-04-02;"sábado";"02:45:00";"PR";369;144,5;"LONDRINA";"Transitar na contramão";"Colisão frontal";"Com Vítimas Fatais";"Plena Noite";"Crescente";"Céu Claro";"Dupla";"Reta";"Não";4;1;0;3;0;0;3;2;-23,293401;-51,107927;"SPRF-PR";"DEL07-PR";"UOP01-DEL07-PR"
424052;2022-04-01;"sexta-feira";"19:00:00";"BA";410;26;"TUCANO";"Ausência de reação do condutor";"Saída de leito carroçável";"Com Vítimas Feridas";"Plena Noite";"Crescente";"Céu Claro";"Simples";"Declive";"Não";1;0;0;1;0;0;1;1;-10,9458839;-38,7252251;"SPRF-BA";"DEL07-BA";"UOP02-DEL07-BA"
424056;2022-04-02;"sábado";"04:00:00";"BA";101;731;"EUNAPOLIS";"Ausência de reação do condutor";"Saída de leito carroçável";"Com Vítimas Feridas";"Plena Noite";"Decrescente";"Ignorado";"Simples";"Aclive";"Não";1;0;0;1;0;0;1;1;-16,47526711;-39,57927704;"SPRF-BA";"DEL09-BA";"UOP01-DEL09-BA"
424058;2022-04-02;"sábado";"04:00:00";"RJ";40;116,8;"DUQUE DE CAXIAS";"Chuva";"Colisão traseira";"Com Vítimas Fatais";"Plena Noite";"Crescente";"Chuva";"Múltipla";"Reta";"Não";2;1;0;0;1;0;0;2;-22,73662299;-43,28858785;"SPRF-RJ";"DEL01-RJ";"UOP01-DEL01-RJ"
424060;2022-04-02;"sábado";"05:00:00";"MG";50;18,2;"UBERLANDIA";"Transitar na contramão";"Colisão frontal";"Com Vítimas Feridas";"Plena Noite";"Decrescente";"Nublado";"Dupla";"Reta";"Sim";4;0;0;2;1;1;2;3;-18,92869622;-48,19296598;"SPRF-MG";"DEL15-MG";"UOP01-DEL15-MG"
424062;2022-04-02;"sábado";"03:15:00";"SC";101;339;"TUBARAO";"Ingestão de álcool pelo condutor";"Saída de leito carroçável";"Sem Vítimas";"Plena Noite";"Crescente";"Garoa/Chuvisco";"Múltipla";"Reta";"Sim";2;0;0;0;2;0;0;1;-28,50450599;-49,04867649;"SPRF-SC";"DEL02-SC";"UOP01-DEL02-SC"
424069;2022-04-02;"sábado";"06:00:00";"BA";101;944,4;"MUCURI";"Ingestão de álcool pelo condutor";"Tombamento";"Com Vítimas Feridas";"Amanhecer";"Decrescente";"Céu Claro";"Simples";"Reta";"Não";2;0;1;1;0;0;2;1;-18,082802;-39,891125;"SPRF-BA";"DEL09-BA";"UOP02-DEL09-BA"
424071;2022-04-02;"sábado";"06:20:00";"DF";70;7,7;"BRASILIA";"Reação tardia ou ineficiente do condutor";"Colisão traseira";"Sem Vítimas";"Pleno dia";"Decrescente";"Céu Claro";"Dupla";"Interseção de Vias;Reta";"Sim";2;0;0;0;2;0;0;2;-15,78696768;-48,11737061;"SPRF-DF";"DEL03-DF";"UOP02-DEL03-DF"
424072;2022-04-02;"sábado";"07:25:00";"SC";282;28,3;"SANTO AMARO DA IMPERATRIZ";"Desrespeitar a preferência no cruzamento";"Colisão transversal";"Com Vítimas Feridas";"Pleno dia";"Crescente";"Nublado";"Simples";"Rotatória";"Sim";2;0;1;0;1;0;1;2;-27,67478;-48,778904;"SPRF-SC";"DEL01-SC";"UOP03-DEL01-SC"
424073;2022-04-02;"sábado";"06:55:00";"PR";476;139;"CURITIBA";"Ausência de reação do condutor";"Colisão traseira";"Sem Vítimas";"Pleno dia";"Crescente";"Garoa/Chuvisco";"Múltipla";"Reta";"Não";2;0;0;0;2;0;0;2;-25,51284;-49,289257;"SPRF-PR";"DEL01-PR";"UOP03-DEL01-PR"
424074;2022-04-02;"sábado";"06:00:00";"RS";470;214,7;"BENTO GONCALVES";"Ingestão de álcool pelo condutor";"Colisão frontal";"Sem Vítimas";"Amanhecer";"Crescente";"Sol";"Simples";"Curva";"Sim";2;0;0;0;2;0;0;2;-29,15734265;-51,53128624;"SPRF-RS";"DEL06-RS";"UOP01-DEL06-RS"
424075;2022-04-02;"sábado";"05:40:00";"GO";60;217;"VARJAO";"Condutor Dormindo";"Colisão traseira";"Com Vítimas Feridas";"Plena Noite";"Crescente";"Céu Claro";"Dupla";"Declive";"Não";2;0;1;0;1;0;1;2;-16,964;-49,7253;"SPRF-GO";"DEL01-GO";"UOP02-DEL01-GO"
424076;2022-04-02;"sábado";"04:00:00";"RJ";101;320;"NITEROI";"Condutor Dormindo";"Saída de leito carroçável";"Com Vítimas Feridas";"Amanhecer";"Decrescente";"Garoa/Chuvisco";"Múltipla";"Curva";"Sim";1;0;1;0;0;0;1;1;-22,86055602;-43,10666084;"SPRF-RJ";"DEL02-RJ";"UOP01-DEL02-RJ"
424077;2022-04-02;"sábado";"04:40:00";"RS";386;40,4;"FREDERICO WESTPHALEN";"Ausência de reação do condutor";"Saída de leito carroçável";"Com Vítimas Feridas";"Amanhecer";"Decrescente";"Ignorado";"Simples";"Reta";"Não";3;0;1;0;2;0;1;1;-27,404215;-53,412556;"SPRF-RS";"DEL08-RS";"UOP02-DEL08-RS"
424080;2022-04-02;"sábado";"08:20:00";"GO";153;507,6;"APARECIDA DE GOIANIA";"Ausência de reação do condutor";"Queda de ocupante de veículo";"Com Vítimas Feridas";"Pleno dia";"Decrescente";"Céu Claro";"Múltipla";"Aclive";"Sim";1;0;1;0;0;0;1;1;-16,7715;-49,2387;"SPRF-GO";"DEL01-GO";"UOP03-DEL01-GO"
424083;2022-04-02;"sábado";"07:15:00";"PR";376;176,3;"MARINGA";"Entrada inopinada do pedestre";"Atropelamento de Pedestre";"Com Vítimas Feridas";"Pleno dia";"Decrescente";"Nublado";"Dupla";"Declive;Interseção de Vias;Reta";"Sim";2;0;1;1;0;0;2;2;-23,41113102;-51,93636954;"SPRF-PR";"DEL09-PR";"UOP01-DEL09-PR"
424086;2022-03-25;"sexta-feira";"05:10:00";"MS";163;263,4;"DOURADOS";"Acessar a via sem observar a presença dos outros veículos";"Colisão transversal";"Com Vítimas Feridas";"Amanhecer";"Decrescente";"Céu Claro";"Dupla";"Reta";"Sim";2;0;0;1;1;0;1;2;-22,2316424;-54,7478208;"SPRF-MS";"DEL04-MS";"UOP01-DEL04-MS"
424087;2022-04-02;"sábado";"02:30:00";"SP";116;499;"TAUBATE";"Pista Escorregadia";"Saída de leito carroçável";"Sem Vítimas";"Amanhecer";"Crescente";"Garoa/Chuvisco";"Dupla";"Curva";"Não";1;0;0;0;0;1;0;1;-23,05376319;-45,6088049;"SPRF-SP";"DEL05-SP";"UOP02-DEL05-SP"
424088;2022-04-02;"sábado";"06:15:00";"SC";470;262,5;"CURITIBANOS";"Ausência de reação do condutor";"Capotamento";"Com Vítimas Feridas";"Amanhecer";"Crescente";"Garoa/Chuvisco";"Simples";"Reta";"Não";1;0;1;0;0;0;1;1;-27,300419;-50,69104;"SPRF-SC";"DEL05-SC";"UOP03-DEL05-SC"
424089;2022-04-02;"sábado";"08:30:00";"PB";230;35;"BAYEUX";"Ingestão de álcool pelo condutor";"Colisão lateral mesmo sentido";"Com Vítimas Feridas";"Pleno dia";"Crescente";"Céu Claro";"Dupla";"Curva";"Não";2;0;2;0;0;0;2;2;-7,1268;-34,9412;"SPRF-PB";"DEL01-PB";"UOP01-DEL01-PB"
424092;2022-04-02;"sábado";"08:30:00";"ES";101;139;"LINHARES";"Velocidade Incompatível";"Capotamento";"Com Vítimas Feridas";"Pleno dia";"Crescente";"Céu Claro";"Múltipla";"Reta";"Sim";2;0;1;1;0;0;2;1;-19,3101728;-40,0799666;"SPRF-ES";"DEL04-ES";"UOP01-DEL04-ES"
424094;2022-04-02;"sábado";"05:15:00";"MG";381;874;"ESTIVA";"Reação tardia ou ineficiente do condutor";"Tombamento";"Com Vítimas Feridas";"Amanhecer";"Decrescente";"Céu Claro";"Dupla";"Reta";"Não";1;0;1;0;0;0;1;1;-22,45619351;-46,00792634;"SPRF-MG";"DEL16-MG";"UOP01-DEL16-MG"
424098;2022-04-02;"sábado";"09:25:00";"PI";316;1,5;"TERESINA";"Ausência de reação do condutor";"Colisão transversal";"Com Vítimas Feridas";"Pleno dia";"Crescente";"Céu Claro";"Dupla";"Interseção de Vias;Em Obras";"Sim";3;0;3;0;0;0;3;2;-5,12861853;-42,80706778;"SPRF-PI";"DEL01-PI";"UOP02-DEL01-PI"
424099;2022-04-02;"sábado";"08:20:00";"PR";116;5,7;"CAMPINA GRANDE DO SUL";"Pista Escorregadia";"Saída de leito carroçável";"Com Vítimas Feridas";"Pleno dia";"Decrescente";"Chuva";"Dupla";"Curva";"Não";2;0;1;0;1;0;1;1;-25,3653;-49,0906;"SPRF-PR";"DEL01-PR";"UOP02-DEL01-PR"
424100;2022-04-02;"sábado";"09:25:00";"MT";158;771,6;"BARRA DO GARCAS";"Ingestão de álcool pelo condutor";"Colisão traseira";"Sem Vítimas";"Pleno dia";"Crescente";"Céu Claro";"Simples";"Reta";"Não";2;0;0;0;2;0;0;2;-15,67722295;-52,21905107;"SPRF-MT";"DEL07-MT";"UOP01-DEL07-MT"
424101;2022-04-02;"sábado";"10:00:00";"RS";116;243;"SAO LEOPOLDO";"Ingestão de álcool pelo condutor";"Colisão traseira";"Com Vítimas Feridas";"Pleno dia";"Crescente";"Céu Claro";"Dupla";"Reta";"Sim";3;0;2;0;1;0;2;2;-29,72360664;-51,14878178;"SPRF-RS";"DEL01-RS";"UOP02-DEL01-RS"
424102;2022-03-30;"quarta-feira";"00:30:00";"RJ";40;109;"DUQUE DE CAXIAS";"Pedestre andava na pista";"Atropelamento de Pedestre";"Com Vítimas Feridas";"Plena Noite";"Decrescente";"Céu Claro";"Múltipla";"Reta";"Não";2;0;0;1;0;1;1;2;-22,67374628;-43,28638368;"SPRF-RJ";"DEL01-RJ";"UOP01-DEL01-RJ"
424104;2022-04-02;"sábado";"06:30:00";"PR";277;70;"SAO JOSE DOS PINHAIS";"Ausência de reação do condutor";"Saída de leito carroçável";"Sem Vítimas";"Pleno dia";"Crescente";"Chuva";"Simples";"Aclive;Curva";"Não";1;0;0;0;0;1;0;1;-25,53317957;-49,07969781;"SPRF-PR";"DEL01-PR";"UOP01-DEL01-PR"
424105;2022-04-02;"sábado";"08:20:00";"PR";153;59,1;"GUAPIRAMA";"Velocidade Incompatível";"Saída de leito carroçável";"Com Vítimas Feridas";"Pleno dia";"Crescente";"Nublado";"Simples";"Reta";"Não";1;0;0;1;0;0;1;1;-23,43571193;-50,08375006;"SPRF-PR";"DEL07-PR";"UOP04-DEL07-PR"
424106;2022-04-02;"sábado";"10:00:00";"SP";116;326;"JUQUITIBA";"Condutor Dormindo";"Saída de leito carroçável";"Com Vítimas Feridas";"Pleno dia";"Decrescente";"Céu Claro";"Dupla";"Curva";"Sim";1;0;1;0;0;0;1;1;-23,94631664;-47,07063854;"SPRF-SP";"DEL04-SP";"UOP01-DEL04-SP"
424107;2022-04-02;"sábado";"10:25:00";"PR";116;14,9;"CAMPINA GRANDE DO SUL";"Pista Escorregadia";"Colisão com objeto";"Com Vítimas Feridas";"Pleno dia";"Crescente";"Chuva";"Dupla";"Curva";"Não";2;0;2;0;0;0;2;1;-25,09836429;-48,67391969;"SPRF-PR";"DEL01-PR";"UOP02-DEL01-PR"
424109;2022-04-02;"sábado";"10:30:00";"AL";316;268,9;"SATUBA";"Acessar a via sem observar a presença dos outros veículos";"Colisão transversal";"Sem Vítimas";"Pleno dia";"Crescente";"Céu Claro";"Simples";"Reta";"Sim";3;0;0;0;3;0;0;2;-9,58021969;-35,83876014;"SPRF-AL";"DEL02-AL";"UOP01-DEL02-AL"
424112;2022-04-02;"sábado";"10:35:00";"RS";470;257;"SALVADOR DO SUL";"Transitar na contramão";"Colisão frontal";"Com Vítimas Feridas";"Pleno dia";"Crescente";"Céu Claro";"Simples";"Curva";"Não";3;0;0;1;2;0;1;2;-29,45225542;-51,50390625;"SPRF-RS";"DEL06-RS";"UOP01-DEL06-RS"
424113;2022-04-02;"sábado";"11:15:00";"PE";110;246,5;"JATOBA";"Acessar a via sem observar a presença dos outros veículos";"Colisão transversal";"Com Vítimas Feridas";"Pleno dia";"Decrescente";"Céu Claro";"Simples";"Reta";"Não";5;0;3;0;2;0;3;2;-9,18237078;-38,25635876;"SPRF-BA";"DEL07-BA";"UOP01-DEL07-BA"
424115;2022-04-02;"sábado";"10:14:00";"TO";153;373,2;"FORTALEZA DO TABOCAO";"Transitar na contramão";"Tombamento";"Com Vítimas Feridas";"Pleno dia";"Crescente";"Céu Claro";"Simples";"Reta";"Não";1;0;0;1;0;0;1;1;-9,18039997;-48,53717918;"SPRF-TO";"DEL02-TO";"UOP02-DEL02-TO"
424117;2022-04-02;"sábado";"11:45:00";"PR";369;202;"APUCARANA";"Acesso irregular";"Colisão transversal";"Com Vítimas Feridas";"Pleno dia";"Crescente";"Céu Claro";"Dupla";"Reta";"Sim";2;0;1;0;0;1;1;2;-23,5458261;-51,45291209;"SPRF-PR";"DEL07-PR";"UOP02-DEL07-PR"
424118;2022-04-02;"sábado";"10:00:00";"SP";116;65;"GUARATINGUETA";"Avarias e/ou desgaste excessivo no pneu";"Capotamento";"Sem Vítimas";"Pleno dia";"Decrescente";"Céu Claro";"Dupla";"Reta";"Sim";1;0;0;0;0;1;0;1;-22,823273;-45,192806;"SPRF-SP";"DEL08-SP";"UOP01-DEL08-SP"
424120;2022-04-02;"sábado";"11:30:00";"SP";116;326,1;"JUQUITIBA";"Velocidade Incompatível";"Saída de leito carroçável";"Sem Vítimas";"Pleno dia";"Decrescente";"Chuva";"Dupla";"Curva";"Não";1;0;0;0;1;0;0;1;-23,93901304;-47,06241203;"SPRF-SP";"DEL04-SP";"UOP01-DEL04-SP"
424121;2022-04-02;"sábado";"08:00:00";"RJ";116;142;"DUQUE DE CAXIAS";"Transitar na contramão";"Colisão frontal";"Com Vítimas Feridas";"Pleno dia";"Crescente";"Chuva";"Dupla";"Reta";"Não";2;0;2;0;0;0;2;2;-22,64876087;-43,23031638;"SPRF-RJ";"DEL01-RJ";"UOP01-DEL01-RJ"
424123;2022-04-02;"sábado";"12:30:00";"SC";280;48,7;"GUARAMIRIM";"Desrespeitar a preferência no cruzamento";"Colisão transversal";"Com Vítimas Feridas";"Pleno dia";"Decrescente";"Garoa/Chuvisco";"Simples";"Em Obras";"Sim";3;0;3;0;0;0;3;2;-26,45605077;-48,93044472;"SPRF-SC";"DEL03-SC";"UOP03-DEL03-SC"
424125;2022-04-02;"sábado";"12:40:00";"SC";282;49;"AGUAS MORNAS";"Acumulo de óleo sobre o pavimento";"Saída de leito carroçável";"Com Vítimas Feridas";"Pleno dia";"Decrescente";"Chuva";"Simples";"Curva";"Não";1;0;1;0;0;0;1;1;-27,712931;-48,943741;"SPRF-SC";"DEL01-SC";"UOP03-DEL01-SC"
424126;2022-04-02;"sábado";"06:30:00";"PR";277;412,1;"CANDOI";"Velocidade Incompatível";"Saída de leito carroçável";"Com Vítimas Fatais";"Amanhecer";"Crescente";"Céu Claro";"Simples";"Declive;Curva";"Não";3;1;0;2;0;0;2;1;-25,42374367;-52,02135088;"SPRF-PR";"DEL04-PR";"UOP02-DEL04-PR"
424128;2022-04-02;"sábado";"12:55:00";"GO";40;3,2;"VALPARAISO DE GOIAS";"Reação tardia ou ineficiente do condutor";"Colisão lateral mesmo sentido";"Com Vítimas Feridas";"Pleno dia";"Crescente";"Céu Claro";"Dupla";"Reta";"Sim";1;0;1;0;0;0;1;1;-16,076081;-47,985671;"SPRF-DF";"DEL01-DF";"UOP01-DEL01-DF"
424129;2022-04-02;"sábado";"12:20:00";"MG";40;552;"NOVA LIMA";"Condutor deixou de manter distância do veículo da frente";"Colisão traseira";"Com Vítimas Feridas";"Pleno dia";"Decrescente";"Chuva";"Dupla";"Reta";"Sim";3;0;2;0;1;0;2;2;-20,06084086;-43,97716423;"SPRF-MG";"DEL01-MG";"UOP02-DEL01-MG"
424130;2022-04-02;"sábado";"13:00:00";"RS";158;171,3;"PEJUCARA";"Demais falhas mecânicas ou elétricas";"Incêndio";"Sem Vítimas";"Pleno dia";"Decrescente";"Céu Claro";"Simples";"Reta";"Não";1;0;0;0;1;0;0;1;-28,44055007;-53,55355632;"SPRF-RS";"DEL10-RS";"UOP02-DEL10-RS"
424132;2022-04-02;"sábado";"13:35:00";"RS";116;525;"PELOTAS";"Acessar a via sem observar a presença dos outros veículos";"Colisão transversal";"Com Vítimas Feridas";"Pleno dia";"Decrescente";"Céu Claro";"Dupla";"Reta";"Sim";2;0;1;0;1;0;1;2;-31,7359522;-52,39349776;"SPRF-RS";"DEL07-RS";"UOP01-DEL07-RS"
424134;2022-04-02;"sábado";"10:30:00";"MG";116;794;"ALEM PARAIBA";"Transitar na contramão";"Colisão transversal";"Com Vítimas Feridas";"Pleno dia";"Crescente";"Céu Claro";"Simples";"Reta";"Não";2;0;1;1;0;0;2;2;-21,710918;-42,73011109;"SPRF-MG";"DEL07-MG";"UOP01-DEL07-MG"
424135;2022-04-02;"sábado";"11:50:00";"MT";174;281;"PONTES E LACERDA";"Ingestão de álcool pelo condutor";"Colisão traseira";"Com Vítimas Feridas";"Pleno dia";"Decrescente";"Céu Claro";"Simples";"Reta";"Não";2;0;1;0;1;0;1;2;-15,28974853;-59,27750967;"SPRF-MT";"DEL04-MT";"UOP01-DEL04-MT"
424136;2022-03-26;"sábado";"01:45:00";"SC";101;411;"ARARANGUA";"Condutor Dormindo";"Colisão lateral mesmo sentido";"Com Vítimas Feridas";"Plena Noite";"Crescente";"Céu Claro";"Simples";"Reta";"Sim";3;0;2;0;1;0;2;2;-28,94491774;-49,50259209;"SPRF-SC";"DEL02-SC";"UOP02-DEL02-SC"
424138;2022-04-02;"sábado";"08:55:00";"RN";304;105,1;"ACU";"Ausência de reação do condutor";"Capotamento";"Com Vítimas Feridas";"Pleno dia";"Crescente";"Sol";"Simples";"Reta";"Não";2;0;1;0;1;0;1;1;-5,58751146;-36,98086088;"SPRF-RN";"DEL04-RN";"UOP01-DEL04-RN"
424139;2022-04-02;"sábado";"14:00:00";"MG";40;618;"CONGONHAS";"Condutor deixou de manter distância do veículo da frente";"Colisão traseira";"Com Vítimas Feridas";"Pleno dia";"Crescente";"Céu Claro";"Simples";"Reta";"Não";4;0;1;0;1;2;1;3;-20,56952997;-43,81199598;"SPRF-MG";"DEL05-MG";"UOP02-DEL05-MG"
424140;2022-04-02;"sábado";"14:00:00";"SC";101;210,3;"SAO JOSE";"Mal súbito do condutor";"Colisão com objeto";"Com Vítimas Feridas";"Pleno dia";"Decrescente";"Garoa/Chuvisco";"Múltipla";"Reta";"Sim";2;0;0;2;0;0;2;1;-27,6167305;-48,6457265;"SPRF-SC";"DEL01-SC";"UOP01-DEL01-SC"
424141;2022-04-02;"sábado";"11:20:00";"RJ";393;259,5;"BARRA DO PIRAI";"Ultrapassagem Indevida";"Colisão frontal";"Com Vítimas Feridas";"Pleno dia";"Decrescente";"Chuva";"Simples";"Reta";"Não";3;0;1;1;0;1;2;3;-22,45351451;-43,83331967;"SPRF-RJ";"DEL05-RJ";"UOP04-DEL05-RJ"
424142;2022-04-02;"sábado";"11:30:00";"RS";116;193,4;"PICADA CAFE";"Reação tardia ou ineficiente do condutor";"Saída de leito carroçável";"Com Vítimas Feridas";"Pleno dia";"Crescente";"Céu Claro";"Simples";"Curva";"Não";2;0;1;0;1;0;1;2;-29,44460951;-51,13861322;"SPRF-RS";"DEL05-RS";"UOP02-DEL05-RS"
424145;2022-04-02;"sábado";"14:10:00";"ES";101;269;"SERRA";"Condutor deixou de manter distância do veículo da frente";"Colisão traseira";"Com Vítimas Feridas";"Pleno dia";"Crescente";"Sol";"Múltipla";"Reta";"Sim";2;0;1;0;1;0;1;2;-20,21740496;-40,26990578;"SPRF-ES";"DEL02-ES";"UOP01-DEL02-ES"
424147;2022-04-02;"sábado";"14:45:00";"RS";448;12;"CANOAS";"Entrada inopinada do pedestre";"Atropelamento de Pedestre";"Com Vítimas Feridas";"Pleno dia";"Crescente";"Céu Claro";"Dupla";"Curva";"Não";3;0;0;1;2;0;1;2;-29,8942483;-51,24360777;"SPRF-RS";"DEL01-RS";"UOP01-DEL01-RS"
424149;2022-04-02;"sábado";"14:00:00";"SP";116;190;"SANTA ISABEL";"Transitar no acostamento";"Atropelamento de Pedestre";"Com Vítimas Feridas";"Pleno dia";"Decrescente";"Céu Claro";"Dupla";"Reta;Declive";"Não";3;0;0;2;0;1;2;2;-23,36821879;-46,23367409;"SPRF-SP";"DEL01-SP";"UOP01-DEL01-SP"
424152;2022-04-02;"sábado";"15:41:00";"RS";386;12;"IRAI";"Manobra de mudança de faixa";"Saída de leito carroçável";"Com Vítimas Feridas";"Pleno dia";"Crescente";"Céu Claro";"Simples";"Curva";"Não";1;0;1;0;0;0;1;1;-27,225494;-53,319019;"SPRF-RS";"DEL08-RS";"UOP02-DEL08-RS"
424155;2022-04-02;"sábado";"15:51:00";"PB";101;11,7;"MAMANGUAPE";"Acesso irregular";"Colisão transversal";"Com Vítimas Feridas";"Pleno dia";"Decrescente";"Céu Claro";"Dupla";"Aclive;Reta";"Não";2;0;0;2;0;0;2;2;-6,59691053;-35,144733;"SPRF-PB";"DEL01-PB";"UOP04-DEL01-PB"
424156;2022-04-02;"sábado";"13:40:00";"MG";262;31,8;"MANHUACU";"Pista esburacada";"Tombamento";"Com Vítimas Feridas";"Pleno dia";"Crescente";"Céu Claro";"Simples";"Curva";"Não";1;0;1;0;0;0;1;1;-20,25556389;-41,99814902;"SPRF-MG";"DEL06-MG";"UOP03-DEL06-MG"
424157;2022-04-02;"sábado";"15:55:00";"RS";470;230;"CARLOS BARBOSA";"Retorno proibido";"Colisão transversal";"Com Vítimas Fatais";"Pleno dia";"Crescente";"Céu Claro";"Simples";"Reta";"Sim";4;2;2;0;0;0;2;2;-29,27712238;-51,49329728;"SPRF-RS";"DEL06-RS";"UOP01-DEL06-RS"
424159;2022-04-02;"sábado";"15:10:00";"MG";40;520;"CONTAGEM";"Pista Escorregadia";"Atropelamento de Pedestre";"Com Vítimas Feridas";"Pleno dia";"Crescente";"Chuva";"Dupla";"Reta";"Sim";3;0;0;2;1;0;2;2;-19,84761911;-44,07276144;"SPRF-MG";"DEL01-MG";"UOP02-DEL01-MG"
424160;2022-04-02;"sábado";"16:00:00";"BA";101;739;"ITABELA";"Acumulo de areia ou detritos sobre o pavimento";"Tombamento";"Com Vítimas Feridas";"Pleno dia";"Decrescente";"Céu Claro";"Simples";"Curva";"Não";1;0;1;0;0;0;1;1;-16,5333341;-39,566502;"SPRF-BA";"DEL09-BA";"UOP01-DEL09-BA"
424161;2022-04-02;"sábado";"16:44:00";"MG";116;275,9;"TEOFILO OTONI";"Velocidade Incompatível";"Colisão traseira";"Com Vítimas Feridas";"Pleno dia";"Decrescente";"Céu Claro";"Dupla";"Reta";"Sim";1;0;1;0;0;0;1;1;-17,84235093;-41,51410418;"SPRF-MG";"DEL11-MG";"UOP01-DEL11-MG"
424162;2022-04-02;"sábado";"15:40:00";"GO";60;291;"ACREUNA";"Reação tardia ou ineficiente do condutor";"Saída de leito carroçável";"Com Vítimas Feridas";"Pleno dia";"Decrescente";"Céu Claro";"Dupla";"Reta";"Não";2;0;2;0;0;0;2;1;-17,3057;-50,2783;"SPRF-GO";"DEL04-GO";"UOP01-DEL04-GO"
424164;2022-04-02;"sábado";"16:55:00";"RS";293;341,3;"SANTANA DO LIVRAMENTO";"Acumulo de areia ou detritos sobre o pavimento";"Queda de ocupante de veículo";"Com Vítimas Feridas";"Pleno dia";"Decrescente";"Céu Claro";"Simples";"Reta";"Sim";1;0;1;0;0;0;1;1;-30,8544099;-55,54430897;"SPRF-RS";"DEL11-RS";"UOP01-DEL11-RS"
424165;2022-04-02;"sábado";"16:20:00";"SP";116;227;"GUARULHOS";"Reação tardia ou ineficiente do condutor";"Capotamento";"Com Vítimas Feridas";"Pleno dia";"Crescente";"Garoa/Chuvisco";"Múltipla";"Reta";"Sim";1;0;1;0;0;0;1;1;-23,49659264;-46,55648754;"SPRF-SP";"DEL01-SP";"UOP01-DEL01-SP"
424166;2022-04-02;"sábado";"17:10:00";"MG";365;11,5;"MONTES CLAROS";"Reação tardia ou ineficiente do condutor";"Colisão traseira";"Sem Vítimas";"Pleno dia";"Crescente";"Sol";"Simples";"Reta";"Não";3;0;0;0;2;1;0;3;-16,83940793;-43,96033008;"SPRF-MG";"DEL12-MG";"UOP01-DEL12-MG"
424181;2022-04-02;"sábado";"16:49:00";"SP";116;212,6;"GUARULHOS";"Ingestão de álcool pelo condutor";"Colisão traseira";"Com Vítimas Feridas";"Pleno dia";"Crescente";"Nublado";"Dupla";"Reta";"Sim";4;0;2;0;2;0;2;2;-23,43608315;-46,42805094;"SPRF-SP";"DEL01-SP";"UOP01-DEL01-SP"
424182;2022-04-02;"sábado";"17:00:00";"MG";40;362,8;"FELIXLANDIA";"Demais falhas mecânicas ou elétricas";"Tombamento";"Com Vítimas Feridas";"Pleno dia";"Decrescente";"Céu Claro";"Simples";"Reta";"Não";2;0;1;1;0;0;2;1;-18,7627139;-44,83951389;"SPRF-MG";"DEL02-MG";"UOP01-DEL02-MG"
424183;2022-04-02;"sábado";"16:45:00";"SP";116;50;"LORENA";"Chuva";"Colisão com objeto";"Com Vítimas Feridas";"Pleno dia";"Crescente";"Chuva";"Dupla";"Reta";"Sim";1;0;1;0;0;0;1;1;-22,74008552;-45,09010842;"SPRF-SP";"DEL08-SP";"UOP02-DEL08-SP"
424184;2022-04-02;"sábado";"13:00:00";"RJ";356;26;"ITAPERUNA";"Acessar a via sem observar a presença dos outros veículos";"Colisão transversal";"Com Vítimas Feridas";"Pleno dia";"Decrescente";"Céu Claro";"Simples";"Reta";"Não";2;0;1;0;1;0;1;2;-21,17939459;-41,95448991;"SPRF-RJ";"DEL08-RJ";"UOP03-DEL08-RJ"
424185;2022-04-02;"sábado";"16:00:00";"PR";116;18;"CAMPINA GRANDE DO SUL";"Acumulo de água sobre o pavimento";"Saída de leito carroçável";"Sem Vítimas";"Pleno dia";"Decrescente";"Chuva";"Dupla";"Curva";"Não";1;0;0;0;1;0;0;1;-25,103973;-48,710786;"SPRF-PR";"DEL01-PR";"UOP02-DEL01-PR"
424190;2022-04-02;"sábado";"18:05:00";"SP";116;202;"ARUJA";"Ingestão de álcool pelo condutor";"Saída de leito carroçável";"Com Vítimas Feridas";"Plena Noite";"Crescente";"Céu Claro";"Dupla";"Reta";"Sim";2;0;1;0;1;0;1;1;-23,40809408;-46,33859597;"SPRF-SP";"DEL01-SP";"UOP01-DEL01-SP"