"id";"data_inversa";"dia_semana";"horario";"uf";"br";"km";"municipio";"causa_acidente";"tipo_acidente";"classificacao_acidente";"fase_dia";"sentido_via";"condicao_metereologica";"tipo_pista";"tracado_via";"uso_solo";"pessoas";"mortos";"feridos_leves";"feridos_graves";"ilesos";"ignorados";"feridos";"veiculos";"latitude";"longitude";"regional";"delegacia";"uop"
424192;2022-04-02;"sábado";"18:35:00";"SP";116;222;"GUARULHOS";"Ausência de reação do condutor";"Tombamento";"Com Vítimas Feridas";"Anoitecer";"Crescente";"Garoa/Chuvisco";"Múltipla";"Reta";"Sim";1;0;1;0;0;0;1;1;-23,47093408;-46,51631097;"SPRF-SP";"DEL01-SP";"UOP01-DEL01-SP"
424193;2022-04-02;"sábado";"17:40:00";"MG";365;673;"MONTE ALEGRE DE MINAS";"Velocidade Incompatível";"Saída de leito carroçável";"Com Vítimas Feridas";"Anoitecer";"Decrescente";"Chuva";"Dupla";"Reta";"Não";1;0;1;0;0;0;1;1;-18,86843282;-48,75841856;"SPRF-MG";"DEL15-MG";"UOP01-DEL15-MG"
424194;2022-04-02;"sábado";"18:21:00";"DF";70;9,9;"BRASILIA";"Demais falhas na via";"Colisão traseira";"Com Vítimas Feridas";"Anoitecer";"Crescente";"Céu Claro";"Dupla";"Retorno Regulamentado;Reta";"Sim";2;0;0;1;1;0;1;2;-15,78705027;-48,14026594;"SPRF-DF";"DEL03-DF";"UOP02-DEL03-DF"
424195;2022-04-02;"sábado";"18:45:00";"MG";40;668,5;"CARANDAI";"Animais na Pista";"Atropelamento de Animal";"Com Vítimas Feridas";"Plena Noite";"Crescente";"Chuva";"Simples";"Reta";"Sim";3;0;1;2;0;0;3;2;-20,95859424;-43,79053831;"SPRF-MG";"DEL05-MG";"UOP02-DEL05-MG"
424198;2022-04-02;"sábado";"18:10:00";"MS";163;368;"NOVA ALVORADA DO SUL";"Condutor Dormindo";"Colisão frontal";"Com Vítimas Feridas";"Anoitecer";"Decrescente";"Céu Claro";"Simples";"Reta";"Sim";8;0;4;3;1;0;7;3;-21,43831812;-54,37684031;"SPRF-MS";"DEL02-MS";"UOP01-DEL02-MS"
424199;2022-04-02;"sábado";"17:10:00";"MG";365;714;"MONTE ALEGRE DE MINAS";"Ausência de reação do condutor";"Saída de leito carroçável";"Com Vítimas Feridas";"Pleno dia";"Crescente";"Nublado";"Simples";"Reta";"Não";2;0;2;0;0;0;2;1;-18,879853;-49,125756;"SPRF-MG";"DEL15-MG";"UOP03-DEL15-MG"
424202;2022-04-02;"sábado";"18:55:00";"CE";116;108,9;"BEBERIBE";"Pista esburacada";"Queda de ocupante de veículo";"Com Vítimas Fatais";"Plena Noite";"Decrescente";"Nublado";"Simples";"Reta";"Não";1;1;0;0;0;0;0;1;-4,56103533;-38,25908318;"SPRF-CE";"DEL03-CE";"UOP02-DEL03-CE"
424203;2022-04-02;"sábado";"18:10:00";"RJ";40;80;"PETROPOLIS";"Velocidade Incompatível";"Saída de leito carroçável";"Com Vítimas Feridas";"Plena Noite";"Crescente";"Chuva";"Simples";"Reta";"Não";2;0;1;0;1;0;1;1;-22,49798597;-43,22878703;"SPRF-RJ";"DEL06-RJ";"UOP01-DEL06-RJ"
424205;2022-04-02;"sábado";"19:00:00";"SP";116;102,5;"PINDAMONHANGABA";"Objeto estático sobre o leito carroçável";"Colisão com objeto";"Com Vítimas Fatais";"Plena Noite";"Decrescente";"Nublado";"Dupla";"Reta";"Não";1;1;0;0;0;0;0;1;-22,99497994;-45,48951403;"SPRF-SP";"DEL08-SP";"UOP01-DEL08-SP"
424206;2022-04-02;"sábado";"19:20:00";"SC";101;142,4;"ITAPEMA";"Transitar na contramão";"Colisão frontal";"Com Vítimas Feridas";"Plena Noite";"Decrescente";"Nublado";"Dupla";"Interseção de Vias";"Sim";3;0;1;1;1;0;2;2;-27,056089;-48,599449;"SPRF-SC";"DEL04-SC";"UOP03-DEL04-SC"
424207;2022-04-02;"sábado";"19:30:00";"SE";235;41,7;"ITABAIANA";"Acessar a via sem observar a presença dos outros veículos";"Colisão lateral mesmo sentido";"Com Vítimas Feridas";"Plena Noite";"Crescente";"Céu Claro";"Simples";"Aclive";"Sim";2;0;0;2;0;0;2;2;-10,769856;-37,373135;"SPRF-SE";"DEL01-SE";"UOP02-DEL01-SE"
424208;2022-04-02;"sábado";"19:20:00";"SP";116;218,8;"GUARULHOS";"Condutor deixou de manter distância do veículo da frente";"Engavetamento";"Com Vítimas Feridas";"Plena Noite";"Crescente";"Garoa/Chuvisco";"Múltipla";"Reta";"Sim";9;0;2;0;7;0;2;6;-23,457972;-46,479927;"SPRF-SP";"DEL01-SP";"UOP01-DEL01-SP"
424209;2022-04-02;"sábado";"19:45:00";"GO";153;433,5;"ANAPOLIS";"Velocidade Incompatível";"Colisão transversal";"Com Vítimas Fatais";"Plena Noite";"Decrescente";"Céu Claro";"Dupla";"Reta";"Sim";3;1;0;0;2;0;0;2;-16,27588539;-48,9674532;"SPRF-GO";"DEL02-GO";"UOP01-DEL02-GO"
424211;2022-04-02;"sábado";"19:50:00";"RS";386;367,5;"FAZENDA VILANOVA";"Acessar a via sem observar a presença dos outros veículos";"Colisão transversal";"Com Vítimas Feridas";"Plena Noite";"Decrescente";"Céu Claro";"Dupla";"Reta";"Não";5;0;2;1;2;0;3;2;-29,58123616;-51,8404752;"SPRF-RS";"DEL04-RS";"UOP02-DEL04-RS"
424212;2022-04-02;"sábado";"18:40:00";"PI";316;189;"VALENCA DO PIAUI";"Reação tardia ou ineficiente do condutor";"Colisão traseira";"Sem Vítimas";"Plena Noite";"Crescente";"Chuva";"Simples";"Reta";"Não";3;0;0;0;3;0;0;2;-6,3137503;-41,91108964;"SPRF-PI";"DEL04-PI";"UOP02-DEL04-PI"
424213;2022-04-02;"sábado";"20:25:00";"PR";277;17;"PARANAGUA";"Ausência de reação do condutor";"Colisão com objeto";"Sem Vítimas";"Plena Noite";"Decrescente";"Nublado";"Dupla";"Retorno Regulamentado";"Não";1;0;0;0;1;0;0;1;-25,54654583;-48,67809176;"SPRF-PR";"DEL01-PR";"UOP05-DEL01-PR"
424214;2022-04-01;"sexta-feira";"07:05:00";"RS";116;154;"CAXIAS DO SUL";"Ausência de reação do condutor";"Colisão lateral mesmo sentido";"Com Vítimas Feridas";"Pleno dia";"Crescente";"Céu Claro";"Simples";"Reta";"Sim";2;0;1;0;0;1;1;2;-29,19074818;-51,18073734;"SPRF-RS";"DEL05-RS";"UOP01-DEL05-RS"
424216;2022-04-02;"sábado";"18:30:00";"RJ";101;132;"CARAPEBUS";"Chuva";"Saída de leito carroçável";"Sem Vítimas";"Plena Noite";"Crescente";"Chuva";"Simples";"Retorno Regulamentado";"Não";1;0;0;0;0;1;0;1;-22,12299312;-41,70695979;"SPRF-RJ";"DEL08-RJ";"UOP04-DEL08-RJ"
424217;2022-04-02;"sábado";"17:30:00";"RJ";40;91;"DUQUE DE CAXIAS";"Pista Escorregadia";"Colisão com objeto";"Com Vítimas Feridas";"Anoitecer";"Decrescente";"Chuva";"Simples";"Curva";"Não";2;0;1;0;1;0;1;1;-22,54903566;-43,24229724;"SPRF-RJ";"DEL06-RJ";"UOP01-DEL06-RJ"
424218;2022-04-02;"sábado";"19:15:00";"MG";40;525;"CONTAGEM";"Velocidade Incompatível";"Saída de leito carroçável";"Com Vítimas Feridas";"Plena Noite";"Crescente";"Céu Claro";"Dupla";"Reta";"Não";1;0;0;1;0;0;1;1;-19,88361702;-44,05039336;"SPRF-MG";"DEL01-MG";"UOP02-DEL01-MG"
424219;2022-04-02;"sábado";"20:15:00";"MS";163;681;"RIO VERDE DE MATO GROSSO";"Entrada inopinada do pedestre";"Atropelamento de Pedestre";"Com Vítimas Feridas";"Plena Noite";"Crescente";"Céu Claro";"Simples";"Reta";"Sim";2;0;0;1;1;0;1;2;-18,91578008;-54,83862738;"SPRF-MS";"DEL06-MS";"UOP02-DEL06-MS"
424220;2022-04-02;"sábado";"20:00:00";"MG";50;196;"DELTA";"Reação tardia ou ineficiente do condutor";"Tombamento";"Com Vítimas Feridas";"Plena Noite";"Decrescente";"Garoa/Chuvisco";"Dupla";"Reta";"Não";1;0;0;1;0;0;1;1;-19,90299194;-47,83783491;"SPRF-MG";"DEL13-MG";"UOP01-DEL13-MG"
424222;2022-04-02;"sábado";"21:10:00";"MG";381;418;"NOVA UNIAO";"Transitar na contramão";"Colisão lateral sentido oposto";"Com Vítimas Feridas";"Plena Noite";"Decrescente";"Céu Claro";"Dupla";"Curva";"Não";3;0;2;1;0;0;3;2;-19,74069242;-43,60731125;"SPRF-MG";"DEL01-MG";"UOP01-DEL01-MG"
424224;2022-04-02;"sábado";"21:00:00";"GO";50;275,3;"CATALAO";"Velocidade Incompatível";"Saída de leito carroçável";"Com Vítimas Feridas";"Plena Noite";"Decrescente";"Nublado";"Simples";"Desvio Temporário";"Sim";1;0;0;1;0;0;1;1;-18,1483;-47,907;"SPRF-GO";"DEL06-GO";"UOP01-DEL06-GO"
424226;2022-04-02;"sábado";"19:30:00";"RJ";101;505;"ANGRA DOS REIS";"Chuva";"Colisão frontal";"Com Vítimas Feridas";"Plena Noite";"Decrescente";"Chuva";"Simples";"Curva";"Não";4;0;3;0;1;0;3;2;-22,93561595;-44,39617909;"SPRF-RJ";"DEL03-RJ";"UOP02-DEL03-RJ"
424228;2022-04-02;"sábado";"19:50:00";"MG";354;753;"ITAMONTE";"Reação tardia ou ineficiente do condutor";"Colisão lateral sentido oposto";"Sem Vítimas";"Plena Noite";"Crescente";"Céu Claro";"Simples";"Reta";"Sim";2;0;0;0;2;0;0;2;-22,27787823;-44,87421513;"SPRF-MG";"DEL17-MG";"UOP01-DEL17-MG"
424229;2022-04-02;"sábado";"19:20:00";"MS";163;270,9;"DOURADOS";"Ingestão de álcool pelo condutor";"Saída de leito carroçável";"Sem Vítimas";"Plena Noite";"Crescente";"Céu Claro";"Dupla";"Rotatória";"Sim";1;0;0;0;1;0;0;1;-22,194847;-54,69295;"SPRF-MS";"DEL04-MS";"UOP01-DEL04-MS"
424230;2022-04-02;"sábado";"21:30:00";"SP";101;42,5;"UBATUBA";"Pista esburacada";"Tombamento";"Com Vítimas Feridas";"Plena Noite";"Decrescente";"Chuva";"Simples";"Reta";"Sim";2;0;2;0;0;0;2;2;-23,414016;-45,053364;"SPRF-SP";"DEL06-SP";"UOP01-DEL06-SP"
424231;2022-04-02;"sábado";"20:20:00";"PR";369;178;"ROLANDIA";"Ausência de reação do condutor";"Colisão traseira";"Sem Vítimas";"Plena Noite";"Crescente";"Céu Claro";"Dupla";"Reta";"Não";4;0;0;0;3;1;0;3;-23,35748126;-51,39576495;"SPRF-PR";"DEL07-PR";"UOP01-DEL07-PR"
424234;2022-04-02;"sábado";"21:00:00";"RJ";116;141;"DUQUE DE CAXIAS";"Ingestão de álcool pelo condutor";"Colisão com objeto";"Sem Vítimas";"Plena Noite";"Crescente";"Garoa/Chuvisco";"Múltipla";"Reta";"Sim";1;0;0;0;1;0;0;1;-22,66595106;-43,26202592;"SPRF-RJ";"DEL01-RJ";"UOP01-DEL01-RJ"
424235;2022-04-02;"sábado";"19:00:00";"MG";40;521;"RIBEIRAO DAS NEVES";"Animais na Pista";"Capotamento";"Com Vítimas Feridas";"Plena Noite";"Crescente";"Céu Claro";"Dupla";"Curva";"Não";2;0;1;1;0;0;2;1;-19,85651501;-44,07213222;"SPRF-MG";"DEL01-MG";"UOP02-DEL01-MG"
424238;2022-04-02;"sábado";"21:20:00";"MG";116;278;"TEOFILO OTONI";"Manobra de mudança de faixa";"Colisão lateral mesmo sentido";"Com Vítimas Feridas";"Plena Noite";"Crescente";"Céu Claro";"Dupla";"Reta";"Sim";2;0;1;0;1;0;1;2;-17,86846089;-41,5171394;"SPRF-MG";"DEL11-MG";"UOP01-DEL11-MG"
424239;2022-04-02;"sábado";"18:15:00";"RJ";101;101;"CAMPOS DOS GOYTACAZES";"Pista Escorregadia";"Tombamento";"Com Vítimas Feridas";"Anoitecer";"Crescente";"Chuva";"Dupla";"Reta";"Não";2;0;2;0;0;0;2;1;-21,88787408;-41,59597873;"SPRF-RJ";"DEL08-RJ";"UOP02-DEL08-RJ"
424240;2022-04-02;"sábado";"22:20:00";"RJ";356;169;"SAO JOAO DA BARRA";"Transitar na contramão";"Colisão frontal";"Com Vítimas Feridas";"Plena Noite";"Decrescente";"Céu Claro";"Simples";"Reta";"Não";8;0;2;0;6;0;2;3;-21,7186;-41,085501;"SPRF-RJ";"DEL08-RJ";"UOP02-DEL08-RJ"
424242;2022-04-02;"sábado";"20:40:00";"MA";222;670;"ACAILANDIA";"Velocidade Incompatível";"Saída de leito carroçável";"Com Vítimas Fatais";"Plena Noite";"Decrescente";"Céu Claro";"Simples";"Reta";"Não";2;1;1;0;0;0;1;2;-4,934893;-47,454837;"SPRF-MA";"DEL04-MA";"UOP03-DEL04-MA"
424244;2022-04-02;"sábado";"19:20:00";"SC";101;57,8;"ARAQUARI";"Velocidade Incompatível";"Saída de leito carroçável";"Com Vítimas Feridas";"Plena Noite";"Crescente";"Garoa/Chuvisco";"Dupla";"Curva";"Não";2;0;0;1;1;0;1;1;-26,439092;-48,802651;"SPRF-SC";"DEL03-SC";"UOP01-DEL03-SC"
424245;2022-04-02;"sábado";"22:45:00";"SE";101;101,8;"SAO CRISTOVAO";"Avarias e/ou desgaste excessivo no pneu";"Tombamento";"Com Vítimas Feridas";"Plena Noite";"Crescente";"Céu Claro";"Dupla";"Reta";"Não";2;0;2;0;0;0;2;1;-10,94481346;-37,2027868;"SPRF-SE";"DEL02-SE";"UOP01-DEL02-SE"
424246;2022-04-02;"sábado";"22:10:00";"PR";369;162;"CAMBE";"Ausência de reação do condutor";"Saída de leito carroçável";"Com Vítimas Feridas";"Plena Noite";"Crescente";"Céu Claro";"Dupla";"Curva;Declive";"Não";1;0;1;0;0;0;1;1;-23,29612865;-51,27253582;"SPRF-PR";"DEL07-PR";"UOP01-DEL07-PR"
424247;2022-04-02;"sábado";"20:20:00";"SC";101;360;"SANGAO";"Ausência de reação do condutor";"Saída de leito carroçável";"Com Vítimas Feridas";"Plena Noite";"Crescente";"Céu Claro";"Múltipla";"Curva";"Sim";2;0;2;0;0;0;2;1;-28,65823109;-49,10991486;"SPRF-SC";"DEL02-SC";"UOP01-DEL02-SC"
424248;2022-04-02;"sábado";"22:45:00";"PI";316;236;"INHUMA";"Transitar na contramão";"Colisão lateral sentido oposto";"Com Vítimas Feridas";"Plena Noite";"Decrescente";"Céu Claro";"Simples";"Reta";"Não";4;0;0;1;3;0;1;2;-6,61611998;-41,72267376;"SPRF-PI";"DEL04-PI";"UOP02-DEL04-PI"
424249;2022-04-02;"sábado";"22:00:00";"RJ";40;102,2;"DUQUE DE CAXIAS";"Reação tardia ou ineficiente do condutor";"Colisão com objeto";"Com Vítimas Fatais";"Plena Noite";"Decrescente";"Chuva";"Dupla";"Curva";"Não";1;1;0;0;0;0;0;1;-22,61089297;-43,28656077;"SPRF-RJ";"DEL01-RJ";"UOP01-DEL01-RJ"
424250;2022-04-02;"sábado";"23:15:00";"GO";153;695,7;"ITUMBIARA";"Iluminação deficiente";"Colisão traseira";"Com Vítimas Fatais";"Plena Noite";"Decrescente";"Céu Claro";"Dupla";"Reta";"Não";3;1;0;0;2;0;0;2;-18,3517;-49,2189;"SPRF-GO";"DEL03-GO";"UOP02-DEL03-GO"
424252;2022-04-02;"sábado";"22:00:00";"RJ";101;294;"ITABORAI";"Manobra de mudança de faixa";"Tombamento";"Com Vítimas Feridas";"Plena Noite";"Decrescente";"Garoa/Chuvisco";"Dupla";"Reta";"Sim";2;0;2;0;0;0;2;1;-22,7584434;-42,89502344;"SPRF-RJ";"DEL02-RJ";"UOP02-DEL02-RJ"
424253;2022-04-02;"sábado";"20:00:00";"MT";70;400;"CAMPO VERDE";"Chuva";"Saída de leito carroçável";"Com Vítimas Feridas";"Plena Noite";"Decrescente";"Nevoeiro/Neblina";"Simples";"Reta";"Não";1;0;0;1;0;0;1;1;-15,658444;-55,21206;"SPRF-MT";"DEL05-MT";"UOP02-DEL05-MT"
424254;2022-04-02;"sábado";"22:25:00";"SC";116;264,4;"CAPAO ALTO";"Reação tardia ou ineficiente do condutor";"Saída de leito carroçável";"Com Vítimas Feridas";"Plena Noite";"Decrescente";"Nublado";"Simples";"Curva";"Não";1;0;1;0;0;0;1;1;-27,93262143;-50,46174687;"SPRF-SC";"DEL05-SC";"UOP02-DEL05-SC"
424258;2022-04-02;"sábado";"23:20:00";"SC";101;123;"ITAJAI";"Reação tardia ou ineficiente do condutor";"Colisão traseira";"Com Vítimas Feridas";"Plena Noite";"Decrescente";"Garoa/Chuvisco";"Dupla";"Reta";"Sim";2;0;0;1;1;0;1;2;-26,93668609;-48,69876905;"SPRF-SC";"DEL04-SC";"UOP04-DEL04-SC"
424259;2022-04-02;"sábado";"22:00:00";"SC";280;77,5;"JARAGUA DO SUL";"Ultrapassagem Indevida";"Colisão lateral mesmo sentido";"Com Vítimas Feridas";"Plena Noite";"Decrescente";"Garoa/Chuvisco";"Simples";"Reta";"Não";5;0;2;0;3;0;2;3;-26,45514314;-49,18726132;"SPRF-SC";"DEL03-SC";"UOP03-DEL03-SC"
424260;2022-04-02;"sábado";"02:25:00";"PR";116;17;"CURITIBA";"Reação tardia ou ineficiente do condutor";"Colisão traseira";"Sem Vítimas";"Plena Noite";"Crescente";"Garoa/Chuvisco";"Dupla";"Reta";"Sim";3;0;0;0;3;0;0;2;-25,38877553;-49,20407295;"SPRF-PR";"DEL01-PR";"UOP02-DEL01-PR"
424264;2022-04-03;"domingo";"01:00:00";"RS";116;306;"GUAIBA";"Demais falhas mecânicas ou elétricas";"Incêndio";"Sem Vítimas";"Plena Noite";"Decrescente";"Céu Claro";"Simples";"Reta;Aclive";"Sim";1;0;0;0;1;0;0;1;-30,16925677;-51,3836101;"SPRF-RS";"DEL02-RS";"UOP01-DEL02-RS"
424265;2022-04-03;"domingo";"00:50:00";"PR";277;710;"SANTA TEREZINHA DE ITAIPU";"Ausência de reação do condutor";"Colisão com objeto";"Sem Vítimas";"Plena Noite";"Decrescente";"Céu Claro";"Dupla";"Viaduto";"Não";1;0;0;0;1;0;0;1;-25,45042905;-54,41348698;"SPRF-PR";"DEL05-PR";"UOP01-DEL05-PR"
424267;2022-04-03;"domingo";"00:10:00";"PR";467;82,2;"CASCAVEL";"Velocidade Incompatível";"Capotamento";"Com Vítimas Feridas";"Plena Noite";"Decrescente";"Céu Claro";"Dupla";"Declive;Curva";"Não";1;0;0;1;0;0;1;1;-24,8057;-53,6718;"SPRF-PR";"DEL04-PR";"UOP01-DEL04-PR"
424268;2022-04-03;"domingo";"00:45:00";"MS";163;482,9;"CAMPO GRANDE";"Pedestre andava na pista";"Atropelamento de Pedestre";"Com Vítimas Feridas";"Plena Noite";"Decrescente";"Nublado";"Simples";"Reta";"Sim";3;0;1;0;0;2;1;2;-20,46271123;-54,55411122;"SPRF-MS";"DEL01-MS";"UOP02-DEL01-MS"
424269;2022-04-02;"sábado";"22:30:00";"SC";470;153,4;"AGRONOMICA";"Velocidade Incompatível";"Saída de leito carroçável";"Sem Vítimas";"Pleno dia";"Crescente";"Garoa/Chuvisco";"Simples";"Curva";"Não";1;0;0;0;1;0;0;1;-27,272911;-49,734741;"SPRF-SC";"DEL04-SC";"UOP02-DEL04-SC"
424270;2022-04-02;"sábado";"22:30:00";"MS";267;167,1;"NOVA ANDRADINA";"Animais na Pista";"Saída de leito carroçável";"Sem Vítimas";"Plena Noite";"Decrescente";"Céu Claro";"Simples";"Reta";"Não";1;0;0;0;1;0;0;1;-21,62543028;-53,63502303;"SPRF-MS";"DEL02-MS";"UOP03-DEL02-MS"
424271;2022-04-02;"sábado";"23:50:00";"MG";40;515;"RIBEIRAO DAS NEVES";"Reação tardia ou ineficiente do condutor";"Colisão com objeto";"Sem Vítimas";"Plena Noite";"Decrescente";"Céu Claro";"Dupla";"Reta";"Não";4;0;0;0;2;2;0;3;-19,8090079;-44,09493479;"SPRF-MG";"DEL01-MG";"UOP02-DEL01-MG"
424273;2022-04-03;"domingo";"00:30:00";"SC";101;212;"PALHOCA";"Condutor deixou de manter distância do veículo da frente";"Colisão traseira";"Com Vítimas Feridas";"Plena Noite";"Crescente";"Céu Claro";"Dupla";"Reta";"Sim";2;0;2;0;0;0;2;2;-27,62996929;-48,65903871;"SPRF-SC";"DEL01-SC";"UOP02-DEL01-SC"
424274;2022-04-03;"domingo";"02:45:00";"CE";222;12;"CAUCAIA";"Acessar a via sem observar a presença dos outros veículos";"Colisão frontal";"Com Vítimas Feridas";"Plena Noite";"Decrescente";"Nublado";"Simples";"Reta";"Não";2;0;0;1;0;1;1;2;-3,76479979;-38,66897196;"SPRF-CE";"DEL01-CE";"UOP01-DEL01-CE"
424275;2022-04-03;"domingo";"02:20:00";"PR";369;186;"ARAPONGAS";"Reação tardia ou ineficiente do condutor";"Colisão com objeto";"Com Vítimas Feridas";"Plena Noite";"Crescente";"Céu Claro";"Simples";"Reta";"Sim";2;0;1;0;0;1;1;1;-23,4255351;-51,4234952;"SPRF-PR";"DEL07-PR";"UOP02-DEL07-PR"
424276;2022-04-03;"domingo";"02:10:00";"MT";364;273,6;"JACIARA";"Ingestão de álcool pelo condutor";"Colisão com objeto";"Sem Vítimas";"Plena Noite";"Crescente";"Nevoeiro/Neblina";"Dupla";"Reta";"Sim";1;0;0;0;1;0;0;1;-15,96077957;-54,96772983;"SPRF-MT";"DEL02-MT";"UOP01-DEL02-MT"
424277;2022-04-03;"domingo";"02:15:00";"SC";101;134,4;"BALNEARIO CAMBORIU";"Ausência de reação do condutor";"Colisão traseira";"Com Vítimas Fatais";"Plena Noite";"Decrescente";"Ignorado";"Dupla";"Reta";"Sim";2;1;0;0;1;0;0;2;-27,00218;-48,636433;"SPRF-SC";"DEL04-SC";"UOP03-DEL04-SC"
424278;2022-04-03;"domingo";"02:20:00";"SC";280;288,5;"PORTO UNIAO";"Ausência de reação do condutor";"Saída de leito carroçável";"Com Vítimas Feridas";"Plena Noite";"Crescente";"Nublado";"Simples";"Reta";"Não";1;0;1;0;0;0;1;1;-26,29662996;-50,905271;"SPRF-SC";"DEL06-SC";"UOP04-DEL06-SC"
424279;2022-04-03;"domingo";"03:05:00";"PR";369;497,1;"CORBELIA";"Ingestão de álcool pelo condutor";"Colisão frontal";"Com Vítimas Feridas";"Plena Noite";"Decrescente";"Nublado";"Simples";"Reta";"Não";5;0;4;1;0;0;5;2;-24,76178495;-53,29396963;"SPRF-PR";"DEL04-PR";"UOP03-DEL04-PR"
424280;2022-04-03;"domingo";"03:45:00";"SC";101;241,7;"PALHOCA";"Ingestão de álcool pelo condutor";"Saída de leito carroçável";"Com Vítimas Feridas";"Plena Noite";"Crescente";"Chuva";"Dupla";"Reta";"Não";1;0;1;0;0;0;1;1;-27,86671599;-48,64607012;"SPRF-SC";"DEL01-SC";"UOP02-DEL01-SC"
424281;2022-04-03;"domingo";"03:00:00";"GO";20;173,4;"ALVORADA DO NORTE";"Velocidade Incompatível";"Saída de leito carroçável";"Com Vítimas Fatais";"Plena Noite";"Decrescente";"Céu Claro";"Simples";"Declive";"Não";1;1;0;0;0;0;0;1;-14,526411;-46,534149;"SPRF-DF";"DEL02-DF";"UOP03-DEL02-DF"
424284;2022-04-03;"domingo";"04:37:00";"ES";101;311;"VIANA";"Velocidade Incompatível";"Colisão com objeto";"Com Vítimas Feridas";"Plena Noite";"Decrescente";"Céu Claro";"Dupla";"Reta";"Não";1;0;0;1;0;0;1;1;-20,43478198;-40,45963937;"SPRF-ES";"DEL01-ES";"UOP01-DEL01-ES"
424285;2022-04-02;"sábado";"18:30:00";"PI";316;155,8;"ELESBAO VELOSO";"Animais na Pista";"Atropelamento de Animal";"Com Vítimas Feridas";"Anoitecer";"Crescente";"Nublado";"Simples";"Reta";"Não";1;0;1;0;0;0;1;1;-6,15099908;-42,13199413;"SPRF-PI";"DEL04-PI";"UOP02-DEL04-PI"
424286;2022-04-03;"domingo";"03:30:00";"AL";104;34,8;"UNIAO DOS PALMARES";"Manobra de mudança de faixa";"Saída de leito carroçável";"Sem Vítimas";"Pleno dia";"Decrescente";"Chuva";"Simples";"Reta";"Sim";1;0;0;0;0;1;0;1;-9,15381;-36,01296413;"SPRF-AL";"DEL01-AL";"UOP02-DEL01-AL"
424288;2022-04-03;"domingo";"05:55:00";"RS";290;94;"PORTO ALEGRE";"Ausência de reação do condutor";"Colisão traseira";"Com Vítimas Feridas";"Amanhecer";"Crescente";"Ignorado";"Múltipla";"Em Obras";"Sim";4;0;2;0;2;0;2;3;-29,973856;-51,197853;"SPRF-RS";"DEL01-RS";"UOP01-DEL01-RS"
424289;2022-04-03;"domingo";"04:00:00";"MT";364;79;"ALTO GARCAS";"Reação tardia ou ineficiente do condutor";"Colisão traseira";"Com Vítimas Fatais";"Amanhecer";"Crescente";"Nublado";"Simples";"Reta;Interseção de Vias";"Não";8;1;5;0;1;1;5;3;-16,88692667;-53,67015272;"SPRF-MT";"DEL02-MT";"UOP02-DEL02-MT"
424293;2022-04-03;"domingo";"05:50:00";"SC";101;205,4;"SAO JOSE";"Chuva";"Queda de ocupante de veículo";"Com Vítimas Feridas";"Amanhecer";"Crescente";"Chuva";"Dupla";"Reta";"Não";1;0;1;0;0;0;1;1;-27,58313237;-48,61532885;"SPRF-SC";"DEL01-SC";"UOP01-DEL01-SC"
424294;2022-04-03;"domingo";"06:20:00";"RS";116;151,5;"CAXIAS DO SUL";"Ingestão de álcool pelo condutor";"Saída de leito carroçável";"Com Vítimas Feridas";"Amanhecer";"Decrescente";"Nublado";"Dupla";"Curva";"Sim";1;0;1;0;0;0;1;1;-29,18090382;-51,16442442;"SPRF-RS";"DEL05-RS";"UOP01-DEL05-RS"
424295;2022-04-03;"domingo";"02:25:00";"RJ";393;242;"VASSOURAS";"Ingestão de álcool pelo condutor";"Saída de leito carroçável";"Sem Vítimas";"Plena Noite";"Crescente";"Garoa/Chuvisco";"Simples";"Curva;Declive";"Não";1;0;0;0;1;0;0;1;-22,42556824;-43,6917998;"SPRF-RJ";"DEL05-RJ";"UOP04-DEL05-RJ"
424296;2022-04-03;"domingo";"05:30:00";"SP";116;62,1;"GUARATINGUETA";"Ausência de reação do condutor";"Colisão traseira";"Sem Vítimas";"Amanhecer";"Decrescente";"Chuva";"Dupla";"Aclive";"Não";2;0;0;0;2;0;0;2;-22,80538606;-45,17236692;"SPRF-SP";"DEL08-SP";"UOP01-DEL08-SP"
424298;2022-04-03;"domingo";"02:30:00";"SC";101;412,6;"ARARANGUA";"Ingestão de álcool pelo condutor";"Saída de leito carroçável";"Sem Vítimas";"Plena Noite";"Crescente";"Nublado";"Múltipla";"Reta";"Não";1;0;0;0;1;0;0;1;-28,939333;-49,497513;"SPRF-SC";"DEL02-SC";"UOP02-DEL02-SC"
424299;2022-04-03;"domingo";"06:20:00";"RN";101;109;"PARNAMIRIM";"Condutor deixou de manter distância do veículo da frente";"Colisão traseira";"Com Vítimas Feridas";"Amanhecer";"Crescente";"Nublado";"Dupla";"Reta";"Não";1;0;1;0;0;0;1;1;-5,937378;-35,26483;"SPRF-RN";"DEL01-RN";"UOP01-DEL01-RN"
424301;2022-04-03;"domingo";"07:00:00";"RJ";116;182;"NOVA IGUACU";"Manobra de mudança de faixa";"Colisão traseira";"Sem Vítimas";"Amanhecer";"Crescente";"Garoa/Chuvisco";"Dupla";"Reta";"Sim";2;0;0;0;1;1;0;2;-22,7567755;-43,43107234;"SPRF-RJ";"DEL01-RJ";"UOP02-DEL01-RJ"
424304;2022-04-03;"domingo";"03:40:00";"RS";386;37;"FREDERICO WESTPHALEN";"Transitar no acostamento";"Atropelamento de Pedestre";"Com Vítimas Feridas";"Plena Noite";"Decrescente";"Céu Claro";"Simples";"Reta";"Sim";3;0;0;1;0;2;1;2;-27,382351;-53,399605;"SPRF-RS";"DEL08-RS";"UOP02-DEL08-RS"
424305;2022-04-03;"domingo";"02:35:00";"BA";101;445;"AURELINO LEAL";"Velocidade Incompatível";"Colisão traseira";"Com Vítimas Feridas";"Plena Noite";"Crescente";"Céu Claro";"Simples";"Ponte";"Sim";2;0;1;0;1;0;1;2;-14,45733798;-39,32048009;"SPRF-BA";"DEL05-BA";"UOP01-DEL05-BA"