"id";"data_inversa";"dia_semana";"horario";"uf";"br";"km";"municipio";"causa_acidente";"tipo_acidente";"classificacao_acidente";"fase_dia";"sentido_via";"condicao_metereologica";"tipo_pista";"tracado_via";"uso_solo";"pessoas";"mortos";"feridos_leves";"feridos_graves";"ilesos";"ignorados";"feridos";"veiculos";"latitude";"longitude";"regional";"delegacia";"uop"
424308;2022-04-03;"domingo";"07:10:00";"RS";116;251;"SAPUCAIA DO SUL";"Velocidade Incompatível";"Colisão com objeto";"Sem Vítimas";"Pleno dia";"Decrescente";"Nublado";"Múltipla";"Reta";"Não";1;0;0;0;0;1;0;1;-29,80035406;-51,16550365;"SPRF-RS";"DEL01-RS";"UOP02-DEL01-RS"
424309;2022-04-03;"domingo";"05:40:00";"PR";376;186,6;"MARIALVA";"Ausência de reação do condutor";"Saída de leito carroçável";"Com Vítimas Feridas";"Amanhecer";"Crescente";"Céu Claro";"Dupla";"Aclive";"Não";1;0;1;0;0;0;1;1;-23,45643624;-51,84510713;"SPRF-PR";"DEL09-PR";"UOP01-DEL09-PR"
424310;2022-04-03;"domingo";"07:00:00";"RS";470;194;"BENTO GONCALVES";"Ausência de reação do condutor";"Colisão frontal";"Sem Vítimas";"Amanhecer";"Crescente";"Nublado";"Simples";"Declive;Curva";"Não";4;0;0;0;4;0;0;2;-29,05030203;-51,57387285;"SPRF-RS";"DEL06-RS";"UOP02-DEL06-RS"
424312;2022-04-03;"domingo";"07:50:00";"CE";222;4,8;"CAUCAIA";"Ausência de reação do condutor";"Tombamento";"Com Vítimas Feridas";"Pleno dia";"Decrescente";"Garoa/Chuvisco";"Múltipla";"Retorno Regulamentado";"Sim";3;0;1;1;1;0;2;2;-3,74277569;-38,61197283;"SPRF-CE";"DEL01-CE";"UOP01-DEL01-CE"
424314;2022-04-03;"domingo";"07:45:00";"SC";101;138;"BALNEARIO CAMBORIU";"Reação tardia ou ineficiente do condutor";"Capotamento";"Com Vítimas Feridas";"Pleno dia";"Decrescente";"Chuva";"Dupla";"Curva";"Sim";1;0;1;0;0;0;1;1;-27,02397426;-48,60761649;"SPRF-SC";"DEL04-SC";"UOP03-DEL04-SC"
424315;2022-04-03;"domingo";"07:00:00";"PR";116;44,2;"CAMPINA GRANDE DO SUL";"Chuva";"Saída de leito carroçável";"Sem Vítimas";"Pleno dia";"Crescente";"Nublado";"Dupla";"Curva";"Não";2;0;0;0;2;0;0;1;-25,1882321;-48,88492529;"SPRF-PR";"DEL01-PR";"UOP02-DEL01-PR"
424316;2022-04-03;"domingo";"08:30:00";"CE";116;12;"FORTALEZA";"Acessar a via sem observar a presença dos outros veículos";"Colisão transversal";"Com Vítimas Feridas";"Pleno dia";"Decrescente";"Garoa/Chuvisco";"Múltipla";"Interseção de Vias";"Sim";3;0;3;0;0;0;3;2;-3,852077;-38,495525;"SPRF-CE";"DEL01-CE";"UOP02-DEL01-CE"
424318;2022-03-03;"quinta-feira";"06:50:00";"PI";402;9;"PARNAIBA";"Área urbana sem a presença de local apropriado para a travessia de pedestres";"Atropelamento de Pedestre";"Com Vítimas Feridas";"Pleno dia";"Crescente";"Céu Claro";"Simples";"Reta";"Não";2;0;1;0;0;1;1;2;-3,10381452;-41,82524798;"SPRF-PI";"DEL05-PI";"UOP01-DEL05-PI"
424319;2022-04-03;"domingo";"07:21:00";"PR";277;95;"CURITIBA";"Ausência de reação do condutor";"Saída de leito carroçável";"Sem Vítimas";"Pleno dia";"Decrescente";"Céu Claro";"Múltipla";"Reta";"Sim";1;0;0;0;1;0;0;1;-25,54838443;-49,28586717;"SPRF-PR";"DEL01-PR";"UOP01-DEL01-PR"
424321;2022-04-03;"domingo";"08:20:00";"MS";163;512,5;"JARAGUARI";"Velocidade Incompatível";"Tombamento";"Com Vítimas Feridas";"Pleno dia";"Crescente";"Céu Claro";"Dupla";"Curva";"Não";1;0;1;0;0;0;1;1;-20,22783328;-54,47717844;"SPRF-MS";"DEL01-MS";"UOP02-DEL01-MS"
424322;2022-04-03;"domingo";"06:40:00";"RJ";40;52;"PETROPOLIS";"Acumulo de água sobre o pavimento";"Capotamento";"Sem Vítimas";"Pleno dia";"Decrescente";"Nublado";"Dupla";"Curva;Declive";"Não";3;0;0;0;3;0;0;1;-22,34162127;-43,13404083;"SPRF-RJ";"DEL05-RJ";"UOP02-DEL05-RJ"
424324;2022-04-03;"domingo";"08:30:00";"RN";226;5;"NATAL";"Condutor Dormindo";"Colisão traseira";"Sem Vítimas";"Pleno dia";"Decrescente";"Chuva";"Simples";"Declive";"Não";2;0;0;0;2;0;0;2;-5,82090114;-35,26828435;"SPRF-RN";"DEL01-RN";"UOP02-DEL01-RN"
424328;2022-02-28;"segunda-feira";"21:40:00";"SC";101;149,8;"ITAPEMA";"Trafegar com motocicleta (ou similar) entre as faixas";"Colisão lateral mesmo sentido";"Com Vítimas Feridas";"Plena Noite";"Decrescente";"Céu Claro";"Dupla";"Reta";"Sim";2;0;1;0;1;0;1;2;-27,1089649;-48,61277586;"SPRF-SC";"DEL04-SC";"UOP03-DEL04-SC"
424330;2022-02-19;"sábado";"12:58:00";"PA";230;122;"MARABA";"Acessar a via sem observar a presença dos outros veículos";"Colisão lateral mesmo sentido";"Sem Vítimas";"Pleno dia";"Crescente";"Céu Claro";"Dupla";"Reta";"Sim";2;0;0;0;2;0;0;2;-5,36137537;-49,12376139;"SPRF-PA";"DEL03-PA";"UOP01-DEL03-PA"
424331;2022-04-03;"domingo";"02:45:00";"PR";369;25,9;"CAMBARA";"Ausência de reação do condutor";"Saída de leito carroçável";"Com Vítimas Fatais";"Plena Noite";"Crescente";"Céu Claro";"Simples";"Curva";"Não";1;1;0;0;0;0;0;1;-23,03309732;-50,14130116;"SPRF-PR";"DEL07-PR";"UOP01-DEL07-PR"
424334;2022-04-03;"domingo";"11:30:00";"SC";101;441,9;"SANTA ROSA DO SUL";"Demais falhas mecânicas ou elétricas";"Colisão com objeto";"Com Vítimas Fatais";"Pleno dia";"Crescente";"Garoa/Chuvisco";"Múltipla";"Reta";"Não";3;1;2;0;0;0;2;1;-29,1239234;-49,6605224;"SPRF-SC";"DEL02-SC";"UOP02-DEL02-SC"
424335;2022-04-03;"domingo";"11:50:00";"ES";482;63,3;"JERONIMO MONTEIRO";"Acesso irregular";"Colisão transversal";"Com Vítimas Feridas";"Pleno dia";"Decrescente";"Céu Claro";"Simples";"Reta";"Sim";2;0;0;1;1;0;1;2;-20,79081412;-41,38810603;"SPRF-ES";"DEL03-ES";"UOP02-DEL03-ES"
424336;2022-04-03;"domingo";"12:15:00";"RJ";356;31;"ITAPERUNA";"Condutor desrespeitou a iluminação vermelha do semáforo";"Colisão transversal";"Com Vítimas Feridas";"Pleno dia";"Decrescente";"Céu Claro";"Dupla";"Reta";"Sim";2;0;1;0;1;0;1;2;-21,18975325;-41,90836904;"SPRF-RJ";"DEL08-RJ";"UOP03-DEL08-RJ"
424337;2022-04-03;"domingo";"11:50:00";"PR";376;7,5;"MANDAGUARI";"Ingestão de álcool pelo condutor";"Saída de leito carroçável";"Com Vítimas Feridas";"Pleno dia";"Decrescente";"Céu Claro";"Simples";"Reta;Declive";"Não";2;0;1;0;1;0;1;1;-23,547966;-51,671265;"SPRF-PR";"DEL09-PR";"UOP01-DEL09-PR"
424340;2022-04-03;"domingo";"10:50:00";"RS";290;179,4;"BUTIA";"Velocidade Incompatível";"Colisão frontal";"Com Vítimas Feridas";"Pleno dia";"Crescente";"Chuva";"Simples";"Declive";"Não";3;0;1;1;0;1;2;3;-30,138493;-52,015034;"SPRF-RS";"DEL02-RS";"UOP03-DEL02-RS"
424342;2022-04-03;"domingo";"12:30:00";"MG";381;527,5;"BRUMADINHO";"Acumulo de água sobre o pavimento";"Saída de leito carroçável";"Com Vítimas Feridas";"Pleno dia";"Decrescente";"Chuva";"Dupla";"Curva";"Não";2;0;1;0;1;0;1;1;-20,16283256;-44,35072739;"SPRF-MG";"DEL04-MG";"UOP03-DEL04-MG"
424343;2022-04-03;"domingo";"12:30:00";"RS";116;250;"SAO LEOPOLDO";"Ausência de reação do condutor";"Colisão com objeto";"Com Vítimas Feridas";"Pleno dia";"Crescente";"Garoa/Chuvisco";"Dupla";"Viaduto;Curva";"Sim";2;0;2;0;0;0;2;1;-29,78832062;-51,1638961;"SPRF-RS";"DEL01-RS";"UOP02-DEL01-RS"
424344;2022-04-03;"domingo";"12:20:00";"PA";316;54;"CASTANHAL";"Acessar a via sem observar a presença dos outros veículos";"Colisão transversal";"Com Vítimas Feridas";"Pleno dia";"Decrescente";"Céu Claro";"Dupla";"Reta;Interseção de Vias";"Sim";3;0;1;0;2;0;1;2;-1,305591;-47,999817;"SPRF-PA";"DEL01-PA";"UOP01-DEL01-PA"
424345;2022-04-03;"domingo";"11:30:00";"MT";174;286;"PONTES E LACERDA";"Frear bruscamente";"Colisão traseira";"Sem Vítimas";"Pleno dia";"Decrescente";"Céu Claro";"Simples";"Reta";"Não";6;0;0;0;6;0;0;2;-15,25219514;-59,3102273;"SPRF-MT";"DEL04-MT";"UOP01-DEL04-MT"
424346;2022-04-03;"domingo";"08:20:00";"MG";50;77,5;"UBERLANDIA";"Ausência de reação do condutor";"Saída de leito carroçável";"Com Vítimas Feridas";"Pleno dia";"Decrescente";"Céu Claro";"Dupla";"Reta";"Não";1;0;1;0;0;0;1;1;-18,986906;-48,211853;"SPRF-MG";"DEL15-MG";"UOP01-DEL15-MG"
424347;2022-04-03;"domingo";"12:50:00";"ES";101;261,5;"SERRA";"Manobra de mudança de faixa";"Colisão lateral mesmo sentido";"Com Vítimas Feridas";"Pleno dia";"Crescente";"Céu Claro";"Dupla";"Aclive";"Não";4;0;1;1;2;0;2;2;-20,14854215;-40,27970926;"SPRF-ES";"DEL02-ES";"UOP01-DEL02-ES"
424349;2022-04-03;"domingo";"12:00:00";"RS";116;357;"SENTINELA DO SUL";"Acumulo de água sobre o pavimento";"Saída de leito carroçável";"Com Vítimas Feridas";"Pleno dia";"Crescente";"Chuva";"Dupla";"Curva";"Não";3;0;2;0;1;0;2;1;-30,598012;-51,540005;"SPRF-RS";"DEL02-RS";"UOP02-DEL02-RS"
424350;2022-04-03;"domingo";"12:20:00";"RS";290;92;"PORTO ALEGRE";"Demais falhas mecânicas ou elétricas";"Saída de leito carroçável";"Com Vítimas Feridas";"Pleno dia";"Decrescente";"Nublado";"Dupla";"Viaduto";"Não";6;0;1;0;5;0;1;2;-29,97186141;-51,1761234;"SPRF-RS";"DEL01-RS";"UOP01-DEL01-RS"
424351;2022-04-03;"domingo";"12:45:00";"GO";50;233;"CAMPO ALEGRE DE GOIAS";"Pedestre andava na pista";"Atropelamento de Pedestre";"Com Vítimas Feridas";"Pleno dia";"Decrescente";"Céu Claro";"Dupla";"Reta;Aclive";"Não";4;0;0;1;3;0;1;2;-17,8272;-47,7732;"SPRF-GO";"DEL06-GO";"UOP01-DEL06-GO"
424352;2022-04-03;"domingo";"11:50:00";"MG";116;278;"TEOFILO OTONI";"Ingestão de álcool pelo condutor";"Colisão traseira";"Sem Vítimas";"Pleno dia";"Decrescente";"Céu Claro";"Simples";"Reta";"Sim";4;0;0;0;4;0;0;2;-17,86846089;-41,5171394;"SPRF-MG";"DEL11-MG";"UOP01-DEL11-MG"
424354;2022-04-03;"domingo";"13:24:00";"RS";116;244;"SAO LEOPOLDO";"Entrada inopinada do pedestre";"Atropelamento de Pedestre";"Com Vítimas Feridas";"Pleno dia";"Decrescente";"Nublado";"Dupla";"Reta";"Sim";5;0;0;1;2;2;1;2;-29,74088003;-51,15039566;"SPRF-RS";"DEL01-RS";"UOP02-DEL01-RS"
424355;2022-04-03;"domingo";"12:50:00";"MG";381;533,5;"ITATIAIUCU";"Chuva";"Capotamento";"Com Vítimas Feridas";"Pleno dia";"Decrescente";"Chuva";"Dupla";"Curva";"Não";2;0;2;0;0;0;2;1;-20,19896036;-44,38641307;"SPRF-MG";"DEL04-MG";"UOP03-DEL04-MG"
424358;2022-04-03;"domingo";"13:25:00";"SC";470;141,8;"RIO DO SUL";"Acessar a via sem observar a presença dos outros veículos";"Colisão lateral mesmo sentido";"Com Vítimas Feridas";"Pleno dia";"Crescente";"Nublado";"Simples";"Reta";"Sim";2;0;1;0;1;0;1;2;-27,226065;-49,666161;"SPRF-SC";"DEL04-SC";"UOP02-DEL04-SC"
424359;2022-04-03;"domingo";"13:35:00";"PB";230;69;"SOBRADO";"Avarias e/ou desgaste excessivo no pneu";"Queda de ocupante de veículo";"Com Vítimas Feridas";"Pleno dia";"Decrescente";"Nublado";"Dupla";"Reta";"Não";2;0;1;0;1;0;1;1;-7,19183508;-35,23446321;"SPRF-PB";"DEL01-PB";"UOP03-DEL01-PB"
424360;2022-04-03;"domingo";"13:48:00";"SP";116;114;"TAUBATE";"Demais falhas mecânicas ou elétricas";"Colisão com objeto";"Sem Vítimas";"Pleno dia";"Crescente";"Céu Claro";"Dupla";"Reta";"Sim";1;0;0;0;1;0;0;1;-23,04654177;-45,59018006;"SPRF-SP";"DEL02-SP";"UOP02-DEL02-SP"
424363;2022-04-03;"domingo";"14:40:00";"SP";116;146;"SAO JOSE DOS CAMPOS";"Condutor deixou de manter distância do veículo da frente";"Colisão traseira";"Com Vítimas Feridas";"Pleno dia";"Decrescente";"Céu Claro";"Simples";"Aclive";"Sim";2;0;1;0;1;0;1;2;-23,19122919;-45,86327591;"SPRF-SP";"DEL02-SP";"UOP01-DEL02-SP"
424364;2022-04-03;"domingo";"14:05:00";"MT";364;193;"RONDONOPOLIS";"Avarias e/ou desgaste excessivo no pneu";"Saída de leito carroçável";"Com Vítimas Feridas";"Pleno dia";"Crescente";"Céu Claro";"Simples";"Reta";"Não";3;0;2;1;0;0;3;1;-16,53244759;-54,5849883;"SPRF-MT";"DEL02-MT";"UOP01-DEL02-MT"
424365;2022-04-03;"domingo";"15:00:00";"PR";277;452,1;"LARANJEIRAS DO SUL";"Acessar a via sem observar a presença dos outros veículos";"Colisão transversal";"Com Vítimas Feridas";"Pleno dia";"Decrescente";"Céu Claro";"Simples";"Aclive";"Sim";2;0;0;1;1;0;1;2;-25,37059917;-52,36924101;"SPRF-PR";"DEL04-PR";"UOP02-DEL04-PR"
424367;2022-04-03;"domingo";"15:00:00";"MG";50;78;"UBERLANDIA";"Velocidade Incompatível";"Saída de leito carroçável";"Com Vítimas Feridas";"Pleno dia";"Decrescente";"Sol";"Dupla";"Reta";"Não";1;0;1;0;0;0;1;1;-18,986906;-48,211853;"SPRF-MG";"DEL15-MG";"UOP01-DEL15-MG"
424368;2022-04-03;"domingo";"11:50:00";"GO";70;317;"JUSSARA";"Ingestão de álcool pelo condutor";"Colisão transversal";"Com Vítimas Feridas";"Pleno dia";"Decrescente";"Sol";"Simples";"Interseção de Vias";"Sim";2;0;0;1;1;0;1;2;-15,87571325;-50,85505139;"SPRF-GO";"DEL04-GO";"UOP01-DEL04-GO"
424369;2022-04-03;"domingo";"14:12:00";"RS";285;105,5;"VACARIA";"Desrespeitar a preferência no cruzamento";"Colisão transversal";"Com Vítimas Feridas";"Pleno dia";"Crescente";"Chuva";"Simples";"Interseção de Vias";"Não";4;0;2;1;1;0;3;2;-28,53453079;-50,79936504;"SPRF-RS";"DEL05-RS";"UOP03-DEL05-RS"
424370;2022-04-03;"domingo";"14:50:00";"BA";101;164;"CONCEICAO DO JACUIPE";"Acessar a via sem observar a presença dos outros veículos";"Colisão transversal";"Com Vítimas Fatais";"Pleno dia";"Crescente";"Nublado";"Dupla";"Reta";"Não";4;1;2;1;0;0;3;2;-12,35551436;-38,782478;"SPRF-BA";"DEL01-BA";"UOP03-DEL01-BA"
424372;2022-04-03;"domingo";"13:15:00";"RJ";116;181;"NOVA IGUACU";"Transitar na contramão";"Queda de ocupante de veículo";"Com Vítimas Feridas";"Pleno dia";"Decrescente";"Céu Claro";"Múltipla";"Reta";"Sim";1;0;1;0;0;0;1;1;-22,761312;-43,423492;"SPRF-RJ";"DEL01-RJ";"UOP02-DEL01-RJ"
424374;2022-04-03;"domingo";"14:25:00";"SC";280;28;"ARAQUARI";"Condutor deixou de manter distância do veículo da frente";"Colisão traseira";"Com Vítimas Feridas";"Pleno dia";"Crescente";"Chuva";"Simples";"Reta";"Não";3;0;2;0;1;0;2;2;-26,40450077;-48,74561031;"SPRF-SC";"DEL03-SC";"UOP03-DEL03-SC"
424375;2022-04-03;"domingo";"15:30:00";"MT";163;845;"SINOP";"Condutor deixou de manter distância do veículo da frente";"Colisão traseira";"Com Vítimas Feridas";"Pleno dia";"Crescente";"Céu Claro";"Simples";"Reta";"Não";2;0;1;0;1;0;1;2;-11,77291979;-55,47220415;"SPRF-MT";"DEL06-MT";"NPF/DEL06-MT"
424377;2022-04-03;"domingo";"13:30:00";"SP";116;480,9;"JACUPIRANGA";"Reação tardia ou ineficiente do condutor";"Saída de leito carroçável";"Com Vítimas Feridas";"Pleno dia";"Crescente";"Chuva";"Dupla";"Curva";"Não";1;0;1;0;0;0;1;1;-24,71316904;-48,02690398;"SPRF-SP";"DEL05-SP";"UOP01-DEL05-SP"
424379;2022-04-03;"domingo";"17:10:00";"PR";116;9,7;"CAMPINA GRANDE DO SUL";"Acumulo de água sobre o pavimento";"Saída de leito carroçável";"Com Vítimas Feridas";"Pleno dia";"Crescente";"Chuva";"Dupla";"Curva";"Não";3;0;2;0;1;0;2;1;-25,08319454;-48,63391824;"SPRF-PR";"DEL01-PR";"UOP02-DEL01-PR"
424381;2022-04-03;"domingo";"17:30:00";"PR";369;111;"URAI";"Reação tardia ou ineficiente do condutor";"Saída de leito carroçável";"Com Vítimas Feridas";"Anoitecer";"Crescente";"Céu Claro";"Dupla";"Reta";"Não";1;0;0;1;0;0;1;1;-23,27273092;-50,81649899;"SPRF-PR";"DEL07-PR";"UOP01-DEL07-PR"
424382;2022-04-03;"domingo";"17:15:00";"SC";101;215,6;"PALHOCA";"Velocidade Incompatível";"Colisão com objeto";"Com Vítimas Feridas";"Anoitecer";"Crescente";"Chuva";"Múltipla";"Viaduto;Curva;Interseção de Vias";"Sim";1;0;1;0;0;0;1;1;-27,65649353;-48,67879651;"SPRF-SC";"DEL01-SC";"UOP02-DEL01-SC"
424383;2022-04-03;"domingo";"13:30:00";"RS";101;37,4;"TRES FORQUILHAS";"Ingestão de álcool pelo condutor";"Colisão com objeto";"Com Vítimas Feridas";"Pleno dia";"Decrescente";"Nublado";"Dupla";"Curva";"Sim";1;0;1;0;0;0;1;1;-29,52949399;-50,00468492;"SPRF-RS";"DEL03-RS";"UOP02-DEL03-RS"
424385;2022-04-03;"domingo";"17:50:00";"SC";101;195,7;"BIGUACU";"Ausência de reação do condutor";"Queda de ocupante de veículo";"Com Vítimas Feridas";"Anoitecer";"Decrescente";"Chuva";"Múltipla";"Reta";"Sim";2;0;2;0;0;0;2;1;-27,5047092;-48,65010819;"SPRF-SC";"DEL01-SC";"UOP01-DEL01-SC"
424386;2022-04-03;"domingo";"15:30:00";"RJ";101;476;"ANGRA DOS REIS";"Acumulo de areia ou detritos sobre o pavimento";"Queda de ocupante de veículo";"Com Vítimas Feridas";"Pleno dia";"Crescente";"Nublado";"Simples";"Curva";"Sim";1;0;0;1;0;0;1;1;-23,0055431;-44,26195833;"SPRF-RJ";"DEL03-RJ";"UOP03-DEL03-RJ"
424387;2022-04-03;"domingo";"18:00:00";"ES";262;17,8;"VIANA";"Transitar na contramão";"Colisão frontal";"Com Vítimas Feridas";"Plena Noite";"Crescente";"Nublado";"Simples";"Reta";"Não";3;0;0;1;2;0;1;2;-20,38635961;-40,47272969;"SPRF-ES";"DEL01-ES";"UOP01-DEL01-ES"
424388;2022-04-03;"domingo";"18:05:00";"RN";101;83,3;"SAO GONCALO DO AMARANTE";"Ingestão de álcool pelo condutor";"Colisão traseira";"Com Vítimas Feridas";"Plena Noite";"Crescente";"Chuva";"Múltipla";"Reta;Viaduto";"Sim";2;0;1;0;1;0;1;2;-5,7710445;-35,26616981;"SPRF-RN";"DEL02-RN";"UOP01-DEL02-RN"
424389;2022-04-03;"domingo";"16:40:00";"SE";101;76;"MARUIM";"Acessar a via sem observar a presença dos outros veículos";"Colisão transversal";"Com Vítimas Feridas";"Anoitecer";"Crescente";"Céu Claro";"Dupla";"Em Obras";"Sim";3;0;1;0;2;0;1;2;-10,77357687;-37,12583705;"SPRF-SE";"DEL01-SE";"UOP01-DEL01-SE"
424390;2022-04-03;"domingo";"18:30:00";"MG";381;490;"BETIM";"Condutor deixou de manter distância do veículo da frente";"Colisão traseira";"Com Vítimas Feridas";"Plena Noite";"Crescente";"Céu Claro";"Dupla";"Reta";"Sim";2;0;1;0;1;0;1;2;-19,96502819;-44,17422195;"SPRF-MG";"DEL01-MG";"UOP03-DEL01-MG"
424391;2022-04-03;"domingo";"16:00:00";"RJ";40;112;"DUQUE DE CAXIAS";"Reação tardia ou ineficiente do condutor";"Colisão traseira";"Com Vítimas Feridas";"Pleno dia";"Decrescente";"Nublado";"Múltipla";"Reta";"Sim";2;0;1;0;0;1;1;2;-22,7004454;-43,29014851;"SPRF-RJ";"DEL01-RJ";"UOP01-DEL01-RJ"
424394;2022-04-03;"domingo";"18:40:00";"ES";101;256;"SERRA";"Condutor deixou de manter distância do veículo da frente";"Colisão traseira";"Com Vítimas Feridas";"Anoitecer";"Crescente";"Céu Claro";"Simples";"Reta";"Sim";3;0;1;0;1;1;1;3;-20,119123;-40,311005;"SPRF-ES";"DEL02-ES";"UOP01-DEL02-ES"
424398;2022-04-03;"domingo";"18:45:00";"PR";116;118;"CURITIBA";"Velocidade Incompatível";"Saída de leito carroçável";"Com Vítimas Feridas";"Plena Noite";"Crescente";"Nublado";"Dupla";"Reta";"Não";1;0;1;0;0;0;1;1;-25,54657438;-49,29173608;"SPRF-PR";"DEL01-PR";"UOP03-DEL01-PR"
424399;2022-04-03;"domingo";"18:15:00";"BA";324;603;"SIMOES FILHO";"Chuva";"Queda de ocupante de veículo";"Com Vítimas Feridas";"Plena Noite";"Crescente";"Chuva";"Dupla";"Aclive";"Não";2;0;1;0;1;0;1;1;-12,78133492;-38,41575623;"SPRF-BA";"DEL01-BA";"UOP01-DEL01-BA"
424400;2022-04-03;"domingo";"18:40:00";"PR";153;348,3;"REBOUCAS";"Acessar a via sem observar a presença dos outros veículos";"Colisão transversal";"Com Vítimas Feridas";"Anoitecer";"Decrescente";"Nublado";"Simples";"Interseção de Vias";"Não";5;0;1;0;4;0;1;2;-25,60511;-50,692589;"SPRF-PR";"DEL03-PR";"UOP03-DEL03-PR"
424401;2022-04-03;"domingo";"18:20:00";"ES";101;211;"IBIRACU";"Ausência de reação do condutor";"Queda de ocupante de veículo";"Com Vítimas Feridas";"Plena Noite";"Crescente";"Nublado";"Simples";"Reta";"Não";1;0;1;0;0;0;1;1;-19,80700903;-40,36767233;"SPRF-ES";"DEL02-ES";"UOP01-DEL02-ES"
424402;2022-04-03;"domingo";"17:45:00";"PR";369;149,5;"LONDRINA";"Condutor desrespeitou a iluminação vermelha do semáforo";"Colisão transversal";"Com Vítimas Feridas";"Pleno dia";"Decrescente";"Céu Claro";"Dupla";"Reta";"Sim";3;0;2;0;1;0;2;2;-23,29290437;-51,1538887;"SPRF-PR";"DEL07-PR";"UOP01-DEL07-PR"
424403;2022-04-03;"domingo";"18:50:00";"MG";381;490,2;"BETIM";"Ausência de reação do condutor";"Colisão lateral mesmo sentido";"Sem Vítimas";"Plena Noite";"Decrescente";"Céu Claro";"Dupla";"Reta";"Não";2;0;0;0;2;0;0;2;-19,956166;-44,144368;"SPRF-MG";"DEL01-MG";"UOP03-DEL01-MG"
424404;2022-04-03;"domingo";"18:30:00";"TO";153;333;"GUARAI";"Ausência de reação do condutor";"Colisão transversal";"Sem Vítimas";"Plena Noite";"Decrescente";"Céu Claro";"Dupla";"Reta";"Sim";2;0;0;0;1;1;0;2;-8,826486;-48,51216;"SPRF-TO";"DEL02-TO";"UOP02-DEL02-TO"
424406;2022-04-03;"domingo";"18:45:00";"MG";381;908;"CAMBUI";"Reação tardia ou ineficiente do condutor";"Tombamento";"Com Vítimas Feridas";"Plena Noite";"Decrescente";"Nublado";"Dupla";"Curva";"Não";1;0;1;0;0;0;1;1;-22,71744092;-46,12652111;"SPRF-MG";"DEL16-MG";"UOP03-DEL16-MG"
424407;2022-04-03;"domingo";"12:45:00";"SC";282;31,9;"AGUAS MORNAS";"Acessar a via sem observar a presença dos outros veículos";"Colisão transversal";"Com Vítimas Fatais";"Pleno dia";"Crescente";"Garoa/Chuvisco";"Simples";"Retorno Regulamentado";"Sim";5;1;1;2;1;0;3;2;-27,70161;-48,800968;"SPRF-SC";"DEL01-SC";"UOP03-DEL01-SC"
424408;2022-04-03;"domingo";"16:05:00";"RS";287;314;"MATA";"Acumulo de água sobre o pavimento";"Saída de leito carroçável";"Com Vítimas Feridas";"Pleno dia";"Decrescente";"Chuva";"Simples";"Reta";"Não";3;0;2;0;1;0;2;1;-29,65681167;-54,51319191;"SPRF-RS";"DEL09-RS";"UOP01-DEL09-RS"
424409;2022-04-03;"domingo";"18:10:00";"MS";163;285,9;"DOURADINA";"Condutor deixou de manter distância do veículo da frente";"Colisão traseira";"Com Vítimas Feridas";"Plena Noite";"Decrescente";"Nublado";"Dupla";"Reta";"Não";2;0;0;2;0;0;2;2;-22,101278;-54,579719;"SPRF-MS";"DEL04-MS";"UOP01-DEL04-MS"
424412;2022-04-03;"domingo";"16:40:00";"RO";364;537;"ALTO PARAISO";"Pista esburacada";"Colisão lateral mesmo sentido";"Com Vítimas Feridas";"Pleno dia";"Decrescente";"Céu Claro";"Simples";"Aclive";"Não";2;0;1;0;1;0;1;2;-9,749968;-63,11182798;"SPRF-RO";"DEL03-RO";"UOP01-DEL03-RO"
424413;2022-04-03;"domingo";"18:54:00";"SC";470;236;"SAO CRISTOVAO DO SUL";"Ingestão de álcool pelo condutor";"Colisão lateral sentido oposto";"Com Vítimas Feridas";"Plena Noite";"Decrescente";"Garoa/Chuvisco";"Simples";"Curva";"Não";8;0;2;2;4;0;4;2;-27,30307;-50,447491;"SPRF-SC";"DEL05-SC";"UOP03-DEL05-SC"
424414;2022-04-03;"domingo";"19:30:00";"DF";20;13;"BRASILIA";"Pista em desnível";"Saída de leito carroçável";"Sem Vítimas";"Plena Noite";"Decrescente";"Céu Claro";"Dupla";"Reta";"Sim";1;0;0;0;0;1;0;1;-15,638752;-47,749599;"SPRF-DF";"DEL02-DF";"UOP01-DEL02-DF"
424416;2022-04-03;"domingo";"19:30:00";"BA";415;51;"ITABUNA";"Ingestão de álcool pelo condutor";"Colisão traseira";"Com Vítimas Feridas";"Plena Noite";"Decrescente";"Céu Claro";"Simples";"Reta";"Não";2;0;1;0;1;0;1;2;-14,81574494;-39,29612388;"SPRF-BA";"DEL05-BA";"UOP01-DEL05-BA"
424418;2022-04-03;"domingo";"19:00:00";"GO";60;177;"ABADIA DE GOIAS";"Velocidade Incompatível";"Colisão com objeto";"Com Vítimas Feridas";"Plena Noite";"Crescente";"Nublado";"Dupla";"Reta";"Não";1;0;1;0;0;0;1;1;-16,7562;-49,4492;"SPRF-GO";"DEL01-GO";"UOP02-DEL01-GO"
424419;2022-04-03;"domingo";"18:00:00";"MG";50;163,7;"UBERABA";"Chuva";"Colisão frontal";"Com Vítimas Feridas";"Anoitecer";"Decrescente";"Chuva";"Dupla";"Reta";"Não";4;0;0;1;3;0;1;2;-19,67626592;-47,99599279;"SPRF-MG";"DEL13-MG";"UOP01-DEL13-MG"