"id";"data_inversa";"dia_semana";"horario";"uf";"br";"km";"municipio";"causa_acidente";"tipo_acidente";"classificacao_acidente";"fase_dia";"sentido_via";"condicao_metereologica";"tipo_pista";"tracado_via";"uso_solo";"pessoas";"mortos";"feridos_leves";"feridos_graves";"ilesos";"ignorados";"feridos";"veiculos";"latitude";"longitude";"regional";"delegacia";"uop"
424420;2022-04-03;"domingo";"18:30:00";"PB";101;99;"ALHANDRA";"Ingestão de álcool pelo condutor";"Saída de leito carroçável";"Sem Vítimas";"Plena Noite";"Crescente";"Chuva";"Dupla";"Retorno Regulamentado";"Não";2;0;0;0;2;0;0;1;-7,2557332;-34,93469152;"SPRF-PB";"DEL01-PB";"UOP02-DEL01-PB"
424421;2022-04-03;"domingo";"19:30:00";"GO";50;278,6;"CATALAO";"Ingestão de álcool pelo condutor";"Colisão transversal";"Com Vítimas Feridas";"Plena Noite";"Crescente";"Céu Claro";"Simples";"Reta";"Sim";3;0;1;0;2;0;1;2;-18,1696;-47,92;"SPRF-GO";"DEL06-GO";"UOP01-DEL06-GO"
424422;2022-04-03;"domingo";"19:30:00";"SC";101;240,4;"PALHOCA";"Chuva";"Saída de leito carroçável";"Com Vítimas Feridas";"Plena Noite";"Crescente";"Chuva";"Dupla";"Reta";"Não";2;0;1;0;1;0;1;1;-27,85825092;-48,64383119;"SPRF-SC";"DEL01-SC";"UOP02-DEL01-SC"
424423;2022-04-03;"domingo";"20:00:00";"DF";70;9;"BRASILIA";"Ingestão de álcool pelo condutor";"Engavetamento";"Sem Vítimas";"Plena Noite";"Decrescente";"Céu Claro";"Dupla";"Reta";"Sim";3;0;0;0;3;0;0;3;-15,784615;-48,132023;"SPRF-DF";"DEL03-DF";"UOP02-DEL03-DF"
424425;2022-04-03;"domingo";"18:30:00";"MG";262;15,9;"MARTINS SOARES";"Pedestre andava na pista";"Atropelamento de Pedestre";"Com Vítimas Feridas";"Plena Noite";"Crescente";"Nublado";"Simples";"Curva";"Não";2;0;0;1;0;1;1;2;-20,26054008;-41,87631604;"SPRF-MG";"DEL06-MG";"UOP03-DEL06-MG"
424427;2022-04-03;"domingo";"19:30:00";"PR";376;591;"CURITIBA";"Velocidade Incompatível";"Saída de leito carroçável";"Sem Vítimas";"Plena Noite";"Decrescente";"Céu Claro";"Dupla";"Reta";"Sim";1;0;0;0;0;1;0;1;-25,45999605;-49,35895013;"SPRF-PR";"DEL01-PR";"UOP01-DEL01-PR"
424428;2022-04-03;"domingo";"20:00:00";"RS";116;269;"CANOAS";"Ausência de reação do condutor";"Colisão traseira";"Sem Vítimas";"Plena Noite";"Decrescente";"Chuva";"Dupla";"Curva";"Sim";2;0;0;0;2;0;0;2;-29,9611061;-51,1758636;"SPRF-RS";"DEL01-RS";"UOP01-DEL01-RS"
424430;2022-04-03;"domingo";"15:40:00";"AM";319;688;"HUMAITA";"Afundamento ou ondulação no pavimento";"Saída de leito carroçável";"Com Vítimas Fatais";"Pleno dia";"Decrescente";"Céu Claro";"Simples";"Reta";"Sim";5;3;0;0;2;0;0;1;-7,634625;-63,08036;"SPRF-AM";"DEL01-AM";"UOP05-DEL01-AM"
424431;2022-04-03;"domingo";"19:00:00";"SC";101;204,5;"SAO JOSE";"Condutor deixou de manter distância do veículo da frente";"Tombamento";"Com Vítimas Feridas";"Plena Noite";"Crescente";"Chuva";"Múltipla";"Reta";"Sim";2;0;1;0;0;1;1;2;-27,57413014;-48,61363083;"SPRF-SC";"DEL01-SC";"UOP01-DEL01-SC"
424433;2022-04-03;"domingo";"21:00:00";"PE";104;107,2;"CUPIRA";"Transitar na contramão";"Colisão frontal";"Com Vítimas Feridas";"Plena Noite";"Crescente";"Nublado";"Simples";"Reta";"Não";4;0;2;1;1;0;3;2;-8,589451;-35,95377;"SPRF-PE";"DEL02-PE";"UOP01-DEL02-PE"
424434;2022-04-03;"domingo";"16:05:00";"SC";101;57,9;"ARAQUARI";"Velocidade Incompatível";"Colisão com objeto";"Sem Vítimas";"Pleno dia";"Crescente";"Chuva";"Simples";"Curva";"Não";1;0;0;0;1;0;0;1;-26,43861978;-48,80325437;"SPRF-SC";"DEL03-SC";"UOP01-DEL03-SC"
424435;2022-04-03;"domingo";"20:46:00";"CE";20;363,1;"MARANGUAPE";"Pista esburacada";"Queda de ocupante de veículo";"Com Vítimas Feridas";"Plena Noite";"Crescente";"Garoa/Chuvisco";"Simples";"Reta";"Não";2;0;1;1;0;0;2;1;-4,00653868;-38,96813711;"SPRF-CE";"DEL02-CE";"UOP01-DEL02-CE"
424436;2022-04-03;"domingo";"19:05:00";"RS";290;139;"ELDORADO DO SUL";"Chuva";"Colisão traseira";"Com Vítimas Feridas";"Plena Noite";"Crescente";"Chuva";"Simples";"Reta";"Não";2;0;1;0;1;0;1;2;-30,078781;-51,59985;"SPRF-RS";"DEL02-RS";"UOP01-DEL02-RS"
424438;2022-04-03;"domingo";"21:20:00";"BA";367;83,8;"EUNAPOLIS";"Ingestão de álcool pelo condutor";"Colisão transversal";"Com Vítimas Feridas";"Plena Noite";"Crescente";"Céu Claro";"Simples";"Reta";"Sim";2;0;1;0;1;0;1;2;-16,37256267;-39,57064408;"SPRF-BA";"DEL09-BA";"UOP01-DEL09-BA"
424439;2022-04-03;"domingo";"20:27:00";"BA";135;184;"BARREIRAS";"Deficiência do Sistema de Iluminação/Sinalização";"Colisão transversal";"Com Vítimas Feridas";"Plena Noite";"Crescente";"Céu Claro";"Simples";"Reta;Aclive";"Sim";2;0;0;1;1;0;1;2;-12,18398101;-45,01144994;"SPRF-BA";"DEL10-BA";"UOP01-DEL10-BA"
424442;2022-04-03;"domingo";"20:45:00";"RJ";116;308,9;"RESENDE";"Ausência de reação do condutor";"Colisão traseira";"Com Vítimas Feridas";"Plena Noite";"Decrescente";"Nublado";"Dupla";"Reta";"Não";2;0;0;1;1;0;1;2;-22,45783299;-44,418685;"SPRF-RJ";"DEL07-RJ";"UOP02-DEL07-RJ"
424443;2022-04-03;"domingo";"21:50:00";"ES";101;142,7;"LINHARES";"Entrada inopinada do pedestre";"Atropelamento de Pedestre";"Com Vítimas Feridas";"Plena Noite";"Decrescente";"Nublado";"Simples";"Reta";"Sim";2;0;0;2;0;0;2;2;-19,33458987;-40,06755477;"SPRF-ES";"DEL04-ES";"UOP01-DEL04-ES"
424445;2022-04-03;"domingo";"09:10:00";"GO";20;177,4;"SIMOLANDIA";"Deficiência do Sistema de Iluminação/Sinalização";"Saída de leito carroçável";"Com Vítimas Fatais";"Plena Noite";"Decrescente";"Ignorado";"Dupla";"Retorno Regulamentado";"Sim";1;1;0;0;0;0;0;1;-14,498608;-46,510159;"SPRF-DF";"DEL02-DF";"UOP03-DEL02-DF"
424446;2022-04-03;"domingo";"21:30:00";"AL";104;51,5;"MURICI";"Pista Escorregadia";"Tombamento";"Com Vítimas Feridas";"Plena Noite";"Crescente";"Chuva";"Simples";"Reta";"Não";1;0;1;0;0;0;1;1;-9,25772082;-35,98061705;"SPRF-AL";"DEL01-AL";"UOP02-DEL01-AL"
424447;2022-04-03;"domingo";"22:10:00";"SP";116;220;"GUARULHOS";"Manobra de mudança de faixa";"Saída de leito carroçável";"Com Vítimas Feridas";"Plena Noite";"Decrescente";"Nublado";"Dupla";"Interseção de Vias";"Sim";1;0;1;0;0;0;1;1;-23,46472809;-46,49793962;"SPRF-SP";"DEL01-SP";"UOP01-DEL01-SP"
424449;2022-04-03;"domingo";"21:30:00";"MG";365;609;"UBERLANDIA";"Ingestão de álcool pelo condutor";"Saída de leito carroçável";"Com Vítimas Feridas";"Plena Noite";"Decrescente";"Céu Claro";"Simples";"Reta;Interseção de Vias";"Não";2;0;2;0;0;0;2;1;-18,9113;-48,2622;"SPRF-MG";"DEL15-MG";"UOP01-DEL15-MG"
424450;2022-04-03;"domingo";"21:20:00";"ES";482;105,1;"GUACUI";"Entrada inopinada do pedestre";"Tombamento";"Com Vítimas Feridas";"Plena Noite";"Decrescente";"Céu Claro";"Simples";"Reta";"Sim";1;0;1;0;0;0;1;1;-20,777433;-41,66744;"SPRF-ES";"DEL03-ES";"UOP02-DEL03-ES"
424452;2022-04-03;"domingo";"23:10:00";"SE";101;152,9;"ESTANCIA";"Reação tardia ou ineficiente do condutor";"Queda de ocupante de veículo";"Com Vítimas Feridas";"Plena Noite";"Decrescente";"Céu Claro";"Simples";"Ponte";"Sim";1;0;1;0;0;0;1;1;-11,270024;-37,444016;"SPRF-SE";"DEL02-SE";"UOP01-DEL02-SE"
424453;2022-04-03;"domingo";"20:00:00";"MT";364;440,7;"VARZEA GRANDE";"Reação tardia ou ineficiente do condutor";"Saída de leito carroçável";"Sem Vítimas";"Plena Noite";"Crescente";"Céu Claro";"Simples";"Reta";"Não";1;0;0;0;1;0;0;1;-15,59963055;-56,20962404;"SPRF-MT";"DEL01-MT";"UOP02-DEL01-MT"
424455;2022-04-03;"domingo";"22:40:00";"RS";470;218;"BENTO GONCALVES";"Ingestão de álcool pelo condutor";"Capotamento";"Sem Vítimas";"Plena Noite";"Decrescente";"Chuva";"Dupla";"Curva;Aclive";"Sim";2;0;0;0;2;0;0;1;-29,17292214;-51,52424936;"SPRF-RS";"DEL06-RS";"UOP01-DEL06-RS"
424456;2022-04-03;"domingo";"23:00:00";"RJ";116;303;"RESENDE";"Reação tardia ou ineficiente do condutor";"Colisão com objeto";"Com Vítimas Feridas";"Plena Noite";"Crescente";"Céu Claro";"Múltipla";"Reta";"Sim";1;0;1;0;0;0;1;1;-22,45434989;-44,37845201;"SPRF-RJ";"DEL07-RJ";"UOP02-DEL07-RJ"
424458;2022-04-03;"domingo";"22:40:00";"RS";386;437,5;"NOVA SANTA RITA";"Acessar a via sem observar a presença dos outros veículos";"Colisão traseira";"Com Vítimas Feridas";"Plena Noite";"Decrescente";"Chuva";"Dupla";"Reta";"Não";3;0;1;0;2;0;1;2;-29,85803;-51,261227;"SPRF-RS";"DEL04-RS";"UOP02-DEL04-RS"
424459;2022-04-03;"domingo";"22:40:00";"PI";316;7,5;"TERESINA";"Ausência de reação do condutor";"Colisão com objeto";"Com Vítimas Fatais";"Plena Noite";"Crescente";"Céu Claro";"Múltipla";"Reta";"Sim";2;1;0;0;0;1;0;2;-5,15584638;-42,77173332;"SPRF-PI";"DEL01-PI";"UOP02-DEL01-PI"
424461;2022-04-03;"domingo";"20:10:00";"GO";414;256;"NIQUELANDIA";"Velocidade Incompatível";"Colisão com objeto";"Com Vítimas Feridas";"Plena Noite";"Crescente";"Céu Claro";"Simples";"Declive";"Não";1;0;0;1;0;0;1;1;-14,87763101;-48,6401978;"SPRF-GO";"DEL07-GO";"UOP02-DEL07-GO"
424463;2022-04-03;"domingo";"17:30:00";"SC";282;502,4;"XANXERE";"Velocidade Incompatível";"Capotamento";"Com Vítimas Feridas";"Pleno dia";"Crescente";"Nublado";"Dupla";"Rotatória";"Não";3;0;1;0;2;0;1;1;-26,88467949;-52,3914814;"SPRF-SC";"DEL07-SC";"UOP01-DEL07-SC"
424464;2022-04-03;"domingo";"19:30:00";"MT";163;779;"SORRISO";"Ausência de reação do condutor";"Queda de ocupante de veículo";"Com Vítimas Feridas";"Plena Noite";"Decrescente";"Céu Claro";"Simples";"Reta";"Não";1;0;1;0;0;0;1;1;-12,450992;-55,660886;"SPRF-MT";"DEL06-MT";"UOP01-DEL06-MT"
424466;2022-04-03;"domingo";"20:30:00";"RS";392;352;"SANTA MARIA";"Acessar a via sem observar a presença dos outros veículos";"Colisão transversal";"Com Vítimas Feridas";"Plena Noite";"Decrescente";"Chuva";"Simples";"Interseção de Vias";"Sim";2;0;1;0;1;0;1;2;-29,720404;-53,807632;"SPRF-RS";"DEL09-RS";"UOP01-DEL09-RS"
424469;2022-04-03;"domingo";"16:25:00";"SC";101;62;"ARAQUARI";"Ausência de reação do condutor";"Colisão com objeto";"Com Vítimas Feridas";"Pleno dia";"Crescente";"Chuva";"Dupla";"Viaduto";"Não";1;0;1;0;0;0;1;1;-26,45504246;-48,76711901;"SPRF-SC";"DEL03-SC";"UOP02-DEL03-SC"
424470;2022-04-03;"domingo";"18:40:00";"PR";277;503,8;"GUARANIACU";"Velocidade Incompatível";"Queda de ocupante de veículo";"Com Vítimas Feridas";"Anoitecer";"Decrescente";"Nublado";"Simples";"Curva";"Não";1;0;1;0;0;0;1;1;-25,14896801;-52,70105018;"SPRF-PR";"DEL04-PR";"UOP01-DEL04-PR"
424471;2022-04-03;"domingo";"23:10:00";"RO";364;709;"PORTO VELHO";"Pedestre cruzava a pista fora da faixa";"Atropelamento de Pedestre";"Com Vítimas Feridas";"Plena Noite";"Crescente";"Céu Claro";"Dupla";"Interseção de Vias";"Sim";2;0;1;1;0;0;2;2;-8,7909383;-63,84895617;"SPRF-RO";"DEL01-RO";"UOP01-DEL01-RO"
424472;2022-04-03;"domingo";"23:00:00";"PE";110;104;"SERTANIA";"Ingestão de álcool pelo condutor";"Capotamento";"Com Vítimas Feridas";"Plena Noite";"Crescente";"Céu Claro";"Simples";"Curva";"Não";1;0;1;0;0;0;1;1;-8,3988809;-37,34819098;"SPRF-PE";"DEL03-PE";"UOP02-DEL03-PE"
424473;2022-04-03;"domingo";"23:25:00";"SP";116;140;"SAO JOSE DOS CAMPOS";"Ingestão de álcool pelo condutor";"Colisão com objeto";"Com Vítimas Feridas";"Plena Noite";"Crescente";"Céu Claro";"Dupla";"Reta";"Sim";1;0;1;0;0;0;1;1;-23,16577714;-45,81246193;"SPRF-SP";"DEL02-SP";"UOP01-DEL02-SP"
424475;2022-04-03;"domingo";"23:50:00";"BA";101;45,1;"ESPLANADA";"Condutor deixou de manter distância do veículo da frente";"Colisão traseira";"Com Vítimas Feridas";"Plena Noite";"Decrescente";"Nublado";"Simples";"Reta";"Não";1;0;0;1;0;0;1;1;-11,88491874;-38,01831407;"SPRF-SE";"DEL02-SE";"UOP03-DEL02-SE"
424480;2022-04-04;"segunda-feira";"02:25:00";"ES";101;265,6;"SERRA";"Manobra de mudança de faixa";"Colisão lateral mesmo sentido";"Com Vítimas Feridas";"Plena Noite";"Decrescente";"Garoa/Chuvisco";"Dupla";"Reta";"Sim";2;0;0;1;1;0;1;2;-20,1816849;-40,26536036;"SPRF-ES";"DEL02-ES";"UOP01-DEL02-ES"
424481;2022-04-04;"segunda-feira";"02:15:00";"RJ";116;165;"RIO DE JANEIRO";"Ausência de reação do condutor";"Colisão com objeto";"Com Vítimas Fatais";"Plena Noite";"Decrescente";"Nublado";"Múltipla";"Reta";"Sim";1;1;0;0;0;0;0;1;-22,81548519;-43,29087405;"SPRF-RJ";"DEL01-RJ";"UOP02-DEL01-RJ"
424482;2022-04-04;"segunda-feira";"00:20:00";"PR";116;15;"ANTONINA";"Ausência de reação do condutor";"Saída de leito carroçável";"Sem Vítimas";"Plena Noite";"Decrescente";"Ignorado";"Dupla";"Reta";"Não";1;0;0;0;0;1;0;1;-25,09832756;-48,68266005;"SPRF-PR";"DEL01-PR";"UOP02-DEL01-PR"
424483;2022-04-04;"segunda-feira";"02:00:00";"BA";116;20,8;"VITORIA DA CONQUISTA";"Animais na Pista";"Atropelamento de Animal";"Sem Vítimas";"Plena Noite";"Crescente";"Nublado";"Simples";"Declive";"Não";1;0;0;0;1;0;0;1;-14,883078;-40,80562592;"SPRF-BA";"DEL08-BA";"UOP01-DEL08-BA"
424484;2022-04-04;"segunda-feira";"02:40:00";"RJ";40;120;"DUQUE DE CAXIAS";"Ultrapassagem Indevida";"Colisão lateral mesmo sentido";"Com Vítimas Feridas";"Plena Noite";"Crescente";"Céu Claro";"Múltipla";"Reta";"Sim";2;0;1;0;1;0;1;2;-22,77280597;-43,28626763;"SPRF-RJ";"DEL01-RJ";"UOP01-DEL01-RJ"
424485;2022-04-04;"segunda-feira";"02:40:00";"MS";163;40;"ELDORADO";"Ingestão de álcool pelo condutor";"Saída de leito carroçável";"Sem Vítimas";"Amanhecer";"Crescente";"Céu Claro";"Simples";"Rotatória";"Não";1;0;0;0;1;0;0;1;-23,78880331;-54,27961975;"SPRF-MS";"DEL09-MS";"UOP02-DEL09-MS"
424486;2022-04-04;"segunda-feira";"02:30:00";"CE";222;76,1;"SAO GONCALO DO AMARANTE";"Chuva";"Saída de leito carroçável";"Com Vítimas Fatais";"Plena Noite";"Crescente";"Chuva";"Simples";"Reta";"Não";1;1;0;0;0;0;0;1;-3,6711782;-39,22446802;"SPRF-CE";"DEL01-CE";"UOP03-DEL01-CE"
424490;2022-04-04;"segunda-feira";"05:35:00";"PR";277;652;"CEU AZUL";"Transitar na contramão";"Colisão frontal";"Com Vítimas Feridas";"Amanhecer";"Crescente";"Céu Claro";"Simples";"Reta";"Sim";2;0;0;1;1;0;1;2;-25,20466596;-53,94913311;"SPRF-PR";"DEL05-PR";"UOP02-DEL05-PR"
424491;2022-04-04;"segunda-feira";"04:40:00";"RS";290;85;"PORTO ALEGRE";"Velocidade Incompatível";"Saída de leito carroçável";"Sem Vítimas";"Pleno dia";"Decrescente";"Nublado";"Dupla";"Reta";"Não";1;0;0;0;1;0;0;1;-29,967936;-51,106873;"SPRF-RS";"DEL01-RS";"UOP01-DEL01-RS"
424492;2022-04-04;"segunda-feira";"04:30:00";"PR";277;71;"SAO JOSE DOS PINHAIS";"Reação tardia ou ineficiente do condutor";"Saída de leito carroçável";"Sem Vítimas";"Plena Noite";"Decrescente";"Nublado";"Dupla";"Reta";"Não";1;0;0;0;1;0;0;1;-25,52920381;-49,08862791;"SPRF-PR";"DEL01-PR";"UOP01-DEL01-PR"
424493;2022-04-03;"domingo";"18:40:00";"PI";230;193;"OEIRAS";"Ausência de reação do condutor";"Colisão traseira";"Com Vítimas Feridas";"Plena Noite";"Crescente";"Nublado";"Simples";"Reta";"Sim";5;0;2;2;0;1;4;2;-6,99024993;-42,09712204;"SPRF-PI";"DEL04-PI";"UOP01-DEL04-PI"
424494;2022-04-04;"segunda-feira";"05:00:00";"ES";101;263;"SERRA";"Ausência de reação do condutor";"Colisão com objeto";"Sem Vítimas";"Plena Noite";"Crescente";"Nublado";"Simples";"Reta";"Não";2;0;0;0;0;2;0;2;-20,16554736;-40,27301648;"SPRF-ES";"DEL02-ES";"UOP01-DEL02-ES"
424495;2022-04-04;"segunda-feira";"04:15:00";"GO";40;15,8;"LUZIANIA";"Condutor Dormindo";"Saída de leito carroçável";"Com Vítimas Feridas";"Plena Noite";"Decrescente";"Céu Claro";"Dupla";"Reta";"Sim";5;0;4;0;1;0;4;1;-16,1671;-47,930161;"SPRF-DF";"DEL01-DF";"UOP01-DEL01-DF"
424497;2022-04-04;"segunda-feira";"04:00:00";"RS";470;245;"BARAO";"Ausência de reação do condutor";"Saída de leito carroçável";"Sem Vítimas";"Anoitecer";"Crescente";"Chuva";"Simples";"Reta";"Sim";1;0;0;0;0;1;0;1;-29,37855779;-51,49671403;"SPRF-RS";"DEL06-RS";"UOP01-DEL06-RS"
424498;2022-04-03;"domingo";"18:00:00";"MG";365;431,5;"PATOS DE MINAS";"Acessar a via sem observar a presença dos outros veículos";"Colisão transversal";"Com Vítimas Feridas";"Anoitecer";"Decrescente";"Sol";"Simples";"Interseção de Vias";"Não";3;0;1;0;2;0;1;2;-18,76420074;-46,67446219;"SPRF-MG";"DEL10-MG";"UOP01-DEL10-MG"
424500;2022-04-04;"segunda-feira";"04:40:00";"PI";316;6,2;"TERESINA";"Condutor Dormindo";"Saída de leito carroçável";"Com Vítimas Feridas";"Pleno dia";"Crescente";"Céu Claro";"Múltipla";"Reta";"Sim";1;0;1;0;0;0;1;1;-5,14702095;-42,77438982;"SPRF-PI";"DEL01-PI";"UOP02-DEL01-PI"
424501;2022-04-04;"segunda-feira";"06:10:00";"MG";40;527;"CONTAGEM";"Reação tardia ou ineficiente do condutor";"Saída de leito carroçável";"Com Vítimas Feridas";"Amanhecer";"Crescente";"Céu Claro";"Dupla";"Interseção de Vias";"Sim";2;0;2;0;0;0;2;1;-19,90149502;-44,04938939;"SPRF-MG";"DEL01-MG";"UOP02-DEL01-MG"
424502;2022-04-04;"segunda-feira";"06:55:00";"SC";101;151;"ITAPEMA";"Ausência de reação do condutor";"Colisão lateral mesmo sentido";"Com Vítimas Feridas";"Pleno dia";"Crescente";"Céu Claro";"Múltipla";"Declive;Interseção de Vias";"Sim";3;0;2;0;1;0;2;2;-27,126536;-48,609642;"SPRF-SC";"DEL04-SC";"UOP03-DEL04-SC"
424503;2022-04-04;"segunda-feira";"07:00:00";"SP";116;221;"GUARULHOS";"Manobra de mudança de faixa";"Colisão traseira";"Com Vítimas Feridas";"Pleno dia";"Crescente";"Céu Claro";"Múltipla";"Reta";"Sim";2;0;2;0;0;0;2;2;-23,47066679;-46,51628494;"SPRF-SP";"DEL01-SP";"UOP01-DEL01-SP"
424504;2022-04-03;"domingo";"22:35:00";"RS";392;1,5;"SANTANA DA BOA VISTA";"Ingestão de álcool pelo condutor";"Saída de leito carroçável";"Com Vítimas Feridas";"Plena Noite";"Crescente";"Garoa/Chuvisco";"Simples";"Declive;Reta";"Sim";1;0;1;0;0;0;1;1;-30,87242;-53,11575;"SPRF-RS";"DEL09-RS";"UOP02-DEL09-RS"
424505;2022-04-04;"segunda-feira";"06:50:00";"PB";230;22,4;"JOAO PESSOA";"Ausência de reação do condutor";"Colisão traseira";"Com Vítimas Feridas";"Pleno dia";"Decrescente";"Sol";"Dupla";"Reta";"Sim";2;0;1;0;1;0;1;2;-7,1495;-34,8517;"SPRF-PB";"DEL01-PB";"UOP01-DEL01-PB"
424506;2022-04-03;"domingo";"23:30:00";"MT";158;635;"NOVA XAVANTINA";"Ingestão de álcool pelo condutor";"Colisão lateral sentido oposto";"Com Vítimas Feridas";"Plena Noite";"Crescente";"Céu Claro";"Simples";"Curva";"Não";8;0;7;0;0;1;7;2;-14,53513211;-52,34518098;"SPRF-MT";"DEL07-MT";"UOP02-DEL07-MT"
424507;2022-04-04;"segunda-feira";"05:50:00";"RS";386;127;"SARANDI";"Objeto estático sobre o leito carroçável";"Colisão com objeto";"Com Vítimas Feridas";"Amanhecer";"Crescente";"Chuva";"Simples";"Reta";"Não";2;0;2;0;0;0;2;1;-27,920189;-52,965775;"SPRF-RS";"DEL08-RS";"UOP01-DEL08-RS"
424509;2022-04-04;"segunda-feira";"07:35:00";"PR";116;119;"CURITIBA";"Ausência de reação do condutor";"Colisão traseira";"Com Vítimas Feridas";"Pleno dia";"Decrescente";"Céu Claro";"Dupla";"Reta";"Sim";2;0;1;0;1;0;1;2;-25,54456009;-49,30146002;"SPRF-PR";"DEL01-PR";"UOP03-DEL01-PR"
424510;2022-04-04;"segunda-feira";"07:30:00";"MG";262;354,7;"BETIM";"Manobra de mudança de faixa";"Colisão com objeto";"Com Vítimas Feridas";"Pleno dia";"Crescente";"Nublado";"Dupla";"Em Obras;Curva";"Não";1;0;1;0;0;0;1;1;-19,96216513;-44,16346396;"SPRF-MG";"DEL01-MG";"UOP03-DEL01-MG"
424512;2022-04-04;"segunda-feira";"03:30:00";"MT";70;131;"GENERAL CARNEIRO";"Ausência de reação do condutor";"Saída de leito carroçável";"Com Vítimas Feridas";"Plena Noite";"Crescente";"Ignorado";"Simples";"Reta";"Não";1;0;1;0;0;0;1;1;-15,59942051;-53,20801222;"SPRF-MT";"DEL07-MT";"UOP01-DEL07-MT"
424514;2022-04-04;"segunda-feira";"07:05:00";"RJ";101;482;"ANGRA DOS REIS";"Pista Escorregadia";"Tombamento";"Com Vítimas Feridas";"Pleno dia";"Decrescente";"Céu Claro";"Dupla";"Curva";"Não";1;0;1;0;0;0;1;1;-23,00453;-44,29746;"SPRF-RJ";"DEL03-RJ";"UOP03-DEL03-RJ"
424515;2022-04-04;"segunda-feira";"07:40:00";"AP";210;5,5;"MACAPA";"Manobra de mudança de faixa";"Colisão transversal";"Com Vítimas Feridas";"Pleno dia";"Decrescente";"Céu Claro";"Dupla";"Reta";"Sim";3;0;2;0;1;0;2;2;0,09345819;-51,11212194;"SPRF-AP";"DEL01-AP";"UOP01-DEL01-AP"
424517;2022-04-04;"segunda-feira";"07:50:00";"MG";50;21;"UBERLANDIA";"Condutor deixou de manter distância do veículo da frente";"Colisão traseira";"Com Vítimas Feridas";"Pleno dia";"Crescente";"Céu Claro";"Simples";"Reta";"Não";2;0;1;0;1;0;1;2;-18,934217;-48,22105408;"SPRF-MG";"DEL15-MG";"UOP02-DEL15-MG"
424518;2022-04-04;"segunda-feira";"08:00:00";"BA";116;823;"VITORIA DA CONQUISTA";"Condutor deixou de manter distância do veículo da frente";"Colisão traseira";"Com Vítimas Feridas";"Pleno dia";"Crescente";"Céu Claro";"Dupla";"Reta";"Sim";2;0;1;0;1;0;1;2;-14,8079923;-40,78877284;"SPRF-BA";"DEL08-BA";"UOP01-DEL08-BA"
424521;2022-04-04;"segunda-feira";"08:15:00";"RS";116;269;"CANOAS";"Reação tardia ou ineficiente do condutor";"Colisão traseira";"Com Vítimas Feridas";"Pleno dia";"Decrescente";"Chuva";"Múltipla";"Reta";"Sim";2;0;1;0;1;0;1;2;-29,95942501;-51,17608515;"SPRF-RS";"DEL01-RS";"UOP01-DEL01-RS"
424523;2022-04-04;"segunda-feira";"08:36:00";"RJ";101;282;"ITABORAI";"Ausência de reação do condutor";"Queda de ocupante de veículo";"Com Vítimas Feridas";"Pleno dia";"Decrescente";"Sol";"Múltipla";"Curva;Declive;Viaduto";"Não";1;0;1;0;0;0;1;1;-22,73534021;-42,8041935;"SPRF-RJ";"DEL02-RJ";"UOP03-DEL02-RJ"
424524;2022-04-04;"segunda-feira";"07:30:00";"AP";156;478;"TARTARUGALZINHO";"Condutor Dormindo";"Saída de leito carroçável";"Com Vítimas Feridas";"Pleno dia";"Crescente";"Nublado";"Simples";"Curva";"Não";2;0;2;0;0;0;2;1;1,55061702;-50,90474626;"SPRF-AP";"DEL01-AP";"UOP02-DEL01-AP"
424525;2022-04-04;"segunda-feira";"08:00:00";"RS";470;215;"BENTO GONCALVES";"Reação tardia ou ineficiente do condutor";"Engavetamento";"Sem Vítimas";"Pleno dia";"Decrescente";"Garoa/Chuvisco";"Simples";"Reta";"Não";4;0;0;0;4;0;0;3;-29,1564713;-51,53055668;"SPRF-RS";"DEL06-RS";"UOP01-DEL06-RS"
424527;2022-04-04;"segunda-feira";"09:00:00";"MG";40;545;"NOVA LIMA";"Condutor Dormindo";"Saída de leito carroçável";"Com Vítimas Feridas";"Pleno dia";"Decrescente";"Nublado";"Dupla";"Reta";"Sim";1;0;0;1;0;0;1;1;-20,00670404;-43,96418668;"SPRF-MG";"DEL01-MG";"UOP02-DEL01-MG"
424528;2022-04-04;"segunda-feira";"09:10:00";"GO";50;262;"CATALAO";"Ausência de reação do condutor";"Tombamento";"Com Vítimas Feridas";"Pleno dia";"Crescente";"Céu Claro";"Dupla";"Reta";"Não";1;0;0;1;0;0;1;1;-18,0438;-47,8596;"SPRF-GO";"DEL06-GO";"UOP01-DEL06-GO"
424529;2022-04-04;"segunda-feira";"09:00:00";"SC";101;151;"ITAPEMA";"Condutor deixou de manter distância do veículo da frente";"Colisão traseira";"Sem Vítimas";"Pleno dia";"Crescente";"Nublado";"Dupla";"Reta";"Não";2;0;0;0;1;1;0;2;-27,126536;-48,609642;"SPRF-SC";"DEL04-SC";"UOP03-DEL04-SC"
424532;2022-04-04;"segunda-feira";"08:00:00";"AL";101;66;"MESSIAS";"Acumulo de água sobre o pavimento";"Saída de leito carroçável";"Sem Vítimas";"Pleno dia";"Decrescente";"Chuva";"Dupla";"Curva";"Não";1;0;0;0;1;0;0;1;-9,3327061;-35,8294978;"SPRF-AL";"DEL01-AL";"UOP02-DEL01-AL"
424533;2022-04-04;"segunda-feira";"08:20:00";"RJ";116;181;"NOVA IGUACU";"Reação tardia ou ineficiente do condutor";"Colisão lateral mesmo sentido";"Com Vítimas Feridas";"Pleno dia";"Decrescente";"Céu Claro";"Dupla";"Reta";"Sim";2;0;1;0;1;0;1;2;-22,739074;-43,47417427;"SPRF-RJ";"DEL01-RJ";"UOP02-DEL01-RJ"