"id";"data_inversa";"dia_semana";"horario";"uf";"br";"km";"municipio";"causa_acidente";"tipo_acidente";"classificacao_acidente";"fase_dia";"sentido_via";"condicao_metereologica";"tipo_pista";"tracado_via";"uso_solo";"pessoas";"mortos";"feridos_leves";"feridos_graves";"ilesos";"ignorados";"feridos";"veiculos";"latitude";"longitude";"regional";"delegacia";"uop"
424536;2022-04-04;"segunda-feira";"08:10:00";"RS";116;245;"SAO LEOPOLDO";"Reação tardia ou ineficiente do condutor";"Colisão frontal";"Com Vítimas Feridas";"Pleno dia";"Crescente";"Chuva";"Dupla";"Reta";"Sim";2;0;1;0;1;0;1;2;-29,74980902;-51,15125361;"SPRF-RS";"DEL01-RS";"UOP02-DEL01-RS"
424537;2022-04-04;"segunda-feira";"09:05:00";"PR";277;64;"PIRAQUARA";"Manobra de mudança de faixa";"Colisão lateral mesmo sentido";"Com Vítimas Feridas";"Pleno dia";"Crescente";"Céu Claro";"Dupla";"Reta";"Sim";3;0;1;0;1;1;1;3;-25,53699816;-49,07066524;"SPRF-PR";"DEL01-PR";"UOP01-DEL01-PR"
424541;2022-04-04;"segunda-feira";"07:50:00";"SC";282;49;"AGUAS MORNAS";"Velocidade Incompatível";"Colisão com objeto";"Sem Vítimas";"Pleno dia";"Crescente";"Chuva";"Simples";"Curva;Aclive";"Não";1;0;0;0;1;0;0;1;-27,712931;-48,943741;"SPRF-SC";"DEL01-SC";"UOP03-DEL01-SC"
424545;2022-04-04;"segunda-feira";"09:00:00";"RJ";40;47;"PETROPOLIS";"Condutor Dormindo";"Capotamento";"Com Vítimas Feridas";"Pleno dia";"Crescente";"Céu Claro";"Dupla";"Reta";"Não";1;0;1;0;0;0;1;1;-22,29169833;-43,1279826;"SPRF-RJ";"DEL05-RJ";"UOP02-DEL05-RJ"
424549;2022-04-04;"segunda-feira";"08:50:00";"RO";319;63;"PORTO VELHO";"Pedestre cruzava a pista fora da faixa";"Atropelamento de Pedestre";"Com Vítimas Feridas";"Pleno dia";"Decrescente";"Céu Claro";"Dupla";"Reta";"Sim";2;0;1;1;0;0;2;2;-8,758526;-63,885929;"SPRF-RO";"DEL01-RO";"UOP01-DEL01-RO"
424550;2022-02-27;"domingo";"19:15:00";"RO";364;344;"JI-PARANA";"Ausência de reação do condutor";"Colisão traseira";"Sem Vítimas";"Plena Noite";"Decrescente";"Céu Claro";"Simples";"Reta";"Sim";4;0;0;0;4;0;0;2;-10,87376391;-61,95256893;"SPRF-RO";"DEL02-RO";"UOP01-DEL02-RO"
424551;2022-04-04;"segunda-feira";"08:00:00";"PR";476;328;"PAULA FREITAS";"Velocidade Incompatível";"Saída de leito carroçável";"Sem Vítimas";"Amanhecer";"Crescente";"Chuva";"Simples";"Reta";"Não";1;0;0;0;0;1;0;1;-26,100046;-50,797813;"SPRF-PR";"DEL02-PR";"UOP03-DEL02-PR"
424552;2022-04-04;"segunda-feira";"08:20:00";"RJ";116;165;"RIO DE JANEIRO";"Trafegar com motocicleta (ou similar) entre as faixas";"Colisão lateral mesmo sentido";"Com Vítimas Feridas";"Pleno dia";"Decrescente";"Céu Claro";"Dupla";"Reta";"Sim";2;0;1;0;1;0;1;2;-22,81548519;-43,29087405;"SPRF-RJ";"DEL01-RJ";"UOP02-DEL01-RJ"
424553;2022-04-04;"segunda-feira";"06:00:00";"RJ";101;305;"SAO GONCALO";"Reação tardia ou ineficiente do condutor";"Saída de leito carroçável";"Com Vítimas Feridas";"Amanhecer";"Decrescente";"Céu Claro";"Dupla";"Reta";"Sim";4;0;4;0;0;0;4;1;-22,78702832;-42,99589293;"SPRF-RJ";"DEL02-RJ";"UOP02-DEL02-RJ"
424554;2022-04-04;"segunda-feira";"08:15:00";"RJ";101;333;"RIO DE JANEIRO";"Avarias e/ou desgaste excessivo no pneu";"Colisão lateral mesmo sentido";"Sem Vítimas";"Pleno dia";"Crescente";"Céu Claro";"Múltipla";"Reta";"Sim";1;0;0;0;1;0;0;1;-22,87827816;-43,21053578;"SPRF-RJ";"DEL02-RJ";"UOP01-DEL02-RJ"
424555;2022-04-04;"segunda-feira";"10:00:00";"PR";153;517;"GENERAL CARNEIRO";"Velocidade Incompatível";"Saída de leito carroçável";"Com Vítimas Feridas";"Pleno dia";"Decrescente";"Chuva";"Simples";"Reta";"Não";1;0;1;0;0;0;1;1;-26,605573;-51,46981;"SPRF-PR";"DEL02-PR";"UOP03-DEL02-PR"
424557;2022-02-23;"quarta-feira";"08:00:00";"SC";101;202,5;"SAO JOSE";"Ausência de reação do condutor";"Queda de ocupante de veículo";"Com Vítimas Feridas";"Pleno dia";"Decrescente";"Ignorado";"Dupla";"Reta";"Sim";1;0;0;1;0;0;1;1;-27,55817484;-48,61818776;"SPRF-SC";"DEL01-SC";"UOP01-DEL01-SC"
424559;2022-04-04;"segunda-feira";"09:50:00";"MG";381;512,5;"IGARAPE";"Demais falhas mecânicas ou elétricas";"Incêndio";"Sem Vítimas";"Pleno dia";"Crescente";"Sol";"Dupla";"Reta";"Sim";1;0;0;0;1;0;0;1;-20,07225713;-44,29987907;"SPRF-MG";"DEL01-MG";"UOP03-DEL01-MG"
424560;2022-04-04;"segunda-feira";"11:00:00";"PA";10;213;"IPIXUNA DO PARA";"Condutor deixou de manter distância do veículo da frente";"Colisão traseira";"Com Vítimas Feridas";"Pleno dia";"Crescente";"Céu Claro";"Simples";"Reta";"Sim";4;0;0;3;0;1;3;3;-2,56547102;-47,49270611;"SPRF-PA";"DEL02-PA";"UOP01-DEL02-PA"
424562;2022-04-04;"segunda-feira";"11:30:00";"SP";116;206;"GUARULHOS";"Ausência de reação do condutor";"Colisão traseira";"Sem Vítimas";"Pleno dia";"Crescente";"Céu Claro";"Dupla";"Reta";"Sim";3;0;0;0;3;0;0;1;-23,41722629;-46,37510292;"SPRF-SP";"DEL01-SP";"UOP01-DEL01-SP"
424563;2022-04-04;"segunda-feira";"10:50:00";"RO";364;515,1;"ARIQUEMES";"Reação tardia ou ineficiente do condutor";"Colisão traseira";"Sem Vítimas";"Pleno dia";"Crescente";"Sol";"Simples";"Rotatória";"Sim";2;0;0;0;2;0;0;2;-9,91628686;-63,05527925;"SPRF-RO";"DEL03-RO";"UOP01-DEL03-RO"
424565;2022-04-04;"segunda-feira";"11:30:00";"RS";386;163;"ALMIRANTE TAMANDARE DO SUL";"Manobra de mudança de faixa";"Colisão lateral sentido oposto";"Com Vítimas Feridas";"Pleno dia";"Crescente";"Garoa/Chuvisco";"Simples";"Reta";"Não";2;0;1;0;1;0;1;2;-28,181774;-52,834915;"SPRF-RS";"DEL08-RS";"UOP01-DEL08-RS"
424568;2022-04-04;"segunda-feira";"12:45:00";"SC";101;200;"SAO JOSE";"Demais falhas mecânicas ou elétricas";"Tombamento";"Com Vítimas Feridas";"Pleno dia";"Decrescente";"Chuva";"Dupla";"Declive";"Sim";2;0;2;0;0;0;2;1;-27,54018513;-48,62287714;"SPRF-SC";"DEL01-SC";"UOP01-DEL01-SC"
424570;2022-04-04;"segunda-feira";"12:00:00";"PR";376;594;"CURITIBA";"Reação tardia ou ineficiente do condutor";"Capotamento";"Com Vítimas Feridas";"Pleno dia";"Crescente";"Céu Claro";"Dupla";"Viaduto";"Sim";1;0;1;0;0;0;1;1;-25,48479613;-49,34730331;"SPRF-PR";"DEL01-PR";"UOP01-DEL01-PR"
424571;2022-04-04;"segunda-feira";"12:28:00";"DF";20;40,5;"BRASILIA";"Velocidade Incompatível";"Saída de leito carroçável";"Sem Vítimas";"Pleno dia";"Crescente";"Céu Claro";"Dupla";"Curva";"Não";1;0;0;0;1;0;0;1;-15,581853;-47,512711;"SPRF-DF";"DEL02-DF";"UOP01-DEL02-DF"
424575;2022-04-04;"segunda-feira";"13:30:00";"MG";365;6,3;"MONTES CLAROS";"Acumulo de óleo sobre o pavimento";"Tombamento";"Com Vítimas Feridas";"Pleno dia";"Decrescente";"Céu Claro";"Simples";"Declive;Curva";"Não";2;0;1;0;1;0;1;1;-16,76417412;-43,88409886;"SPRF-MG";"DEL12-MG";"UOP01-DEL12-MG"
424576;2022-02-13;"domingo";"02:20:00";"RJ";116;165;"RIO DE JANEIRO";"Condutor Dormindo";"Colisão traseira";"Com Vítimas Feridas";"Plena Noite";"Crescente";"Céu Claro";"Dupla";"Reta";"Sim";2;0;0;1;1;0;1;2;-22,81548519;-43,29087405;"SPRF-RJ";"DEL01-RJ";"UOP02-DEL01-RJ"
424577;2022-04-04;"segunda-feira";"13:25:00";"DF";70;19;"BRASILIA";"Manobra de mudança de faixa";"Colisão lateral mesmo sentido";"Com Vítimas Feridas";"Pleno dia";"Decrescente";"Céu Claro";"Dupla";"Curva;Aclive";"Não";2;0;1;0;1;0;1;2;-15,788868;-48,220242;"SPRF-DF";"DEL03-DF";"UOP02-DEL03-DF"
424579;2022-04-04;"segunda-feira";"13:30:00";"DF";251;35,1;"BRASILIA";"Velocidade Incompatível";"Atropelamento de Pedestre";"Com Vítimas Feridas";"Pleno dia";"Crescente";"Céu Claro";"Simples";"Declive";"Sim";2;0;1;1;0;0;2;2;-15,938301;-47,759799;"SPRF-DF";"DEL01-DF";"UOP01-DEL01-DF"
424582;2022-04-04;"segunda-feira";"12:15:00";"PR";272;368,7;"CAMPO MOURAO";"Acessar a via sem observar a presença dos outros veículos";"Colisão transversal";"Com Vítimas Feridas";"Pleno dia";"Decrescente";"Nublado";"Simples";"Reta";"Sim";2;0;1;0;1;0;1;2;-24,05475193;-52,41061403;"SPRF-PR";"DEL09-PR";"UOP03-DEL09-PR"
424584;2022-04-04;"segunda-feira";"14:30:00";"MG";40;587;"ITABIRITO";"Reação tardia ou ineficiente do condutor";"Saída de leito carroçável";"Com Vítimas Feridas";"Pleno dia";"Crescente";"Céu Claro";"Simples";"Curva";"Não";1;0;0;1;0;0;1;1;-20,34858326;-43,92200604;"SPRF-MG";"DEL01-MG";"UOP02-DEL01-MG"
424585;2022-04-04;"segunda-feira";"14:55:00";"RJ";101;66;"CAMPOS DOS GOYTACAZES";"Reação tardia ou ineficiente do condutor";"Colisão lateral mesmo sentido";"Com Vítimas Feridas";"Pleno dia";"Decrescente";"Céu Claro";"Simples";"Interseção de Vias;Reta";"Sim";2;0;1;0;1;0;1;2;-21,76220889;-41,34741501;"SPRF-RJ";"DEL08-RJ";"UOP02-DEL08-RJ"
424586;2022-04-04;"segunda-feira";"15:05:00";"GO";60;207;"GUAPO";"Animais na Pista";"Capotamento";"Com Vítimas Feridas";"Pleno dia";"Crescente";"Céu Claro";"Dupla";"Reta";"Não";2;0;1;1;0;0;2;1;-16,9153;-49,6608;"SPRF-GO";"DEL01-GO";"UOP02-DEL01-GO"
424590;2022-04-04;"segunda-feira";"14:55:00";"RJ";101;333;"RIO DE JANEIRO";"Condutor deixou de manter distância do veículo da frente";"Colisão traseira";"Com Vítimas Feridas";"Pleno dia";"Decrescente";"Céu Claro";"Dupla";"Reta";"Sim";5;0;1;0;3;1;1;4;-22,87827816;-43,21053578;"SPRF-RJ";"DEL02-RJ";"UOP01-DEL02-RJ"
424591;2022-04-04;"segunda-feira";"16:00:00";"PB";101;85;"JOAO PESSOA";"Demais falhas mecânicas ou elétricas";"Tombamento";"Com Vítimas Feridas";"Pleno dia";"Decrescente";"Céu Claro";"Dupla";"Curva";"Sim";2;0;2;0;0;0;2;1;-7,14538184;-34,91662887;"SPRF-PB";"DEL01-PB";"UOP01-DEL01-PB"
424592;2022-04-04;"segunda-feira";"10:50:00";"RO";319;41;"PORTO VELHO";"Demais falhas mecânicas ou elétricas";"Tombamento";"Com Vítimas Feridas";"Pleno dia";"Crescente";"Céu Claro";"Simples";"Reta";"Não";2;0;1;1;0;0;2;1;-8,64867499;-63,99571578;"SPRF-RO";"DEL01-RO";"UOP01-DEL01-RO"
424593;2022-04-01;"sexta-feira";"11:00:00";"PE";232;256;"ARCOVERDE";"Ingestão de álcool pelo condutor";"Colisão traseira";"Com Vítimas Feridas";"Pleno dia";"Decrescente";"Céu Claro";"Simples";"Reta";"Não";2;0;2;0;0;0;2;2;-8,40988226;-37,09335003;"SPRF-PE";"DEL03-PE";"UOP02-DEL03-PE"
424595;2022-04-04;"segunda-feira";"14:35:00";"RO";364;213;"PIMENTA BUENO";"Acumulo de água sobre o pavimento";"Saída de leito carroçável";"Com Vítimas Feridas";"Pleno dia";"Decrescente";"Chuva";"Simples";"Curva";"Não";3;0;3;0;0;0;3;1;-11,57317165;-61,27529467;"SPRF-RO";"DEL02-RO";"UOP02-DEL02-RO"
424596;2022-04-01;"sexta-feira";"13:50:00";"PE";408;96,5;"SAO LOURENCO DA MATA";"Ingestão de álcool pelo condutor";"Saída de leito carroçável";"Com Vítimas Feridas";"Pleno dia";"Decrescente";"Céu Claro";"Dupla";"Reta";"Não";1;0;1;0;0;0;1;1;-8,02062;-35,041045;"SPRF-PE";"DEL01-PE";"UOP01-DEL01-PE"
424598;2022-04-04;"segunda-feira";"16:00:00";"PR";369;148;"LONDRINA";"Condutor desrespeitou a iluminação vermelha do semáforo";"Colisão transversal";"Com Vítimas Feridas";"Pleno dia";"Decrescente";"Nublado";"Dupla";"Reta";"Sim";2;0;1;0;1;0;1;2;-23,2930217;-51,1430043;"SPRF-PR";"DEL07-PR";"UOP01-DEL07-PR"
424600;2022-04-04;"segunda-feira";"16:40:00";"ES";101;144,6;"LINHARES";"Ausência de reação do condutor";"Tombamento";"Com Vítimas Feridas";"Pleno dia";"Decrescente";"Céu Claro";"Dupla";"Reta";"Sim";1;0;1;0;0;0;1;1;-19,35188295;-40,0636685;"SPRF-ES";"DEL04-ES";"UOP01-DEL04-ES"
424601;2022-04-04;"segunda-feira";"17:00:00";"CE";20;426,7;"FORTALEZA";"Acessar a via sem observar a presença dos outros veículos";"Colisão traseira";"Com Vítimas Feridas";"Pleno dia";"Crescente";"Céu Claro";"Dupla";"Reta";"Sim";2;0;0;1;1;0;1;2;-3,76999035;-38,67006282;"SPRF-CE";"DEL01-CE";"UOP02-DEL01-CE"
424602;2022-04-04;"segunda-feira";"17:05:00";"SP";153;67;"SAO JOSE DO RIO PRETO";"Chuva";"Colisão lateral mesmo sentido";"Com Vítimas Feridas";"Pleno dia";"Decrescente";"Chuva";"Dupla";"Curva";"Sim";2;0;1;0;1;0;1;2;-20,84853593;-49,37585608;"SPRF-SP";"DEL09-SP";"UOP01-DEL09-SP"
424604;2022-04-04;"segunda-feira";"17:15:00";"SP";116;150,7;"SAO JOSE DOS CAMPOS";"Condutor deixou de manter distância do veículo da frente";"Colisão traseira";"Com Vítimas Feridas";"Anoitecer";"Decrescente";"Céu Claro";"Dupla";"Reta";"Sim";2;0;0;1;1;0;1;2;-23,2133552469;-45,8930588026;"SPRF-SP";"DEL02-SP";"UOP01-DEL02-SP"
424605;2022-04-04;"segunda-feira";"10:13:00";"RJ";465;15;"SEROPEDICA";"Acesso irregular";"Colisão transversal";"Com Vítimas Feridas";"Pleno dia";"Crescente";"Céu Claro";"Simples";"Reta";"Sim";3;0;2;1;0;0;3;2;-22,810925;-43,631504;"SPRF-RJ";"DEL01-RJ";"UOP03-DEL01-RJ"
424606;2022-04-03;"domingo";"05:00:00";"RS";285;446,7;"BOZANO";"Acumulo de água sobre o pavimento";"Saída de leito carroçável";"Com Vítimas Feridas";"Plena Noite";"Decrescente";"Chuva";"Simples";"Reta";"Não";1;0;0;1;0;0;1;1;-28,36436544;-53,80397558;"SPRF-RS";"DEL10-RS";"UOP01-DEL10-RS"
424607;2022-04-04;"segunda-feira";"18:00:00";"PR";369;185,1;"ARAPONGAS";"Conversão proibida";"Colisão transversal";"Com Vítimas Feridas";"Plena Noite";"Crescente";"Chuva";"Simples";"Reta";"Sim";2;0;1;0;1;0;1;2;-23,40873851;-51,42788708;"SPRF-PR";"DEL07-PR";"UOP02-DEL07-PR"
424608;2022-04-04;"segunda-feira";"13:30:00";"MA";222;210;"ITAPECURU MIRIM";"Ausência de reação do condutor";"Saída de leito carroçável";"Com Vítimas Fatais";"Pleno dia";"Decrescente";"Nublado";"Simples";"Reta";"Não";2;1;1;0;0;0;1;2;-3,37955383;-44,37616688;"SPRF-MA";"DEL01-MA";"UOP02-DEL01-MA"
424610;2022-04-04;"segunda-feira";"13:15:00";"BA";116;777;"PLANALTO";"Acessar a via sem observar a presença dos outros veículos";"Colisão transversal";"Com Vítimas Feridas";"Pleno dia";"Crescente";"Céu Claro";"Simples";"Reta";"Sim";3;0;2;0;1;0;2;2;-14,607391;-40,44086601;"SPRF-BA";"DEL08-BA";"UOP02-DEL08-BA"
424611;2022-04-04;"segunda-feira";"18:30:00";"PR";163;5,2;"BARRACAO";"Objeto estático sobre o leito carroçável";"Saída de leito carroçável";"Com Vítimas Feridas";"Anoitecer";"Decrescente";"Nevoeiro/Neblina";"Simples";"Reta";"Não";2;0;2;0;0;0;2;1;-26,25066;-53,635523;"SPRF-PR";"DEL02-PR";"UOP02-DEL02-PR"
424612;2022-04-04;"segunda-feira";"18:45:00";"TO";153;141;"ARAGUAINA";"Ausência de reação do condutor";"Colisão lateral mesmo sentido";"Com Vítimas Feridas";"Plena Noite";"Crescente";"Nublado";"Dupla";"Reta";"Sim";2;0;1;0;1;0;1;2;-7,175959;-48,219548;"SPRF-TO";"DEL02-TO";"UOP01-DEL02-TO"
424613;2022-04-04;"segunda-feira";"18:30:00";"RN";406;169,8;"SAO GONCALO DO AMARANTE";"Animais na Pista";"Atropelamento de Animal";"Com Vítimas Feridas";"Plena Noite";"Crescente";"Céu Claro";"Simples";"Reta";"Não";2;0;1;1;0;0;2;1;-5,75570118;-35,30728507;"SPRF-RN";"DEL02-RN";"UOP01-DEL02-RN"
424614;2022-04-04;"segunda-feira";"18:35:00";"MG";40;550,5;"NOVA LIMA";"Animais na Pista";"Atropelamento de Animal";"Com Vítimas Feridas";"Plena Noite";"Decrescente";"Nublado";"Dupla";"Reta";"Não";2;0;0;2;0;0;2;1;-20,0477638;-43,96439441;"SPRF-MG";"DEL01-MG";"UOP02-DEL01-MG"
424615;2022-04-04;"segunda-feira";"18:55:00";"ES";101;141,7;"LINHARES";"Ausência de reação do condutor";"Tombamento";"Com Vítimas Feridas";"Plena Noite";"Crescente";"Céu Claro";"Simples";"Interseção de Vias";"Sim";1;0;1;0;0;0;1;1;-19,32655693;-40,07192387;"SPRF-ES";"DEL04-ES";"UOP01-DEL04-ES"
424618;2022-04-04;"segunda-feira";"18:50:00";"BA";116;10,1;"VITORIA DA CONQUISTA";"Transitar no acostamento";"Colisão traseira";"Com Vítimas Feridas";"Plena Noite";"Decrescente";"Céu Claro";"Simples";"Reta";"Não";3;0;1;2;0;0;3;2;-14,861034;-40,875242;"SPRF-BA";"DEL08-BA";"UOP01-DEL08-BA"
424619;2022-04-04;"segunda-feira";"12:00:00";"MT";163;635;"NOVA MUTUM";"Reação tardia ou ineficiente do condutor";"Saída de leito carroçável";"Com Vítimas Feridas";"Pleno dia";"Crescente";"Céu Claro";"Simples";"Reta";"Não";1;0;1;0;0;0;1;1;-13,602345;-56,03186002;"SPRF-MT";"DEL01-MT";"UOP01-DEL01-MT"
424621;2022-04-04;"segunda-feira";"19:20:00";"RJ";116;141;"DUQUE DE CAXIAS";"Condutor deixou de manter distância do veículo da frente";"Colisão traseira";"Com Vítimas Feridas";"Plena Noite";"Crescente";"Céu Claro";"Dupla";"Reta";"Não";2;0;1;0;1;0;1;2;-22,64724486;-43,22083001;"SPRF-RJ";"DEL01-RJ";"UOP01-DEL01-RJ"
424623;2022-04-04;"segunda-feira";"18:40:00";"PE";232;6;"RECIFE";"Pista esburacada";"Tombamento";"Com Vítimas Feridas";"Plena Noite";"Decrescente";"Céu Claro";"Dupla";"Reta";"Sim";1;0;0;1;0;0;1;1;-8,07079525;-34,9535389;"SPRF-PE";"DEL01-PE";"UOP01-DEL01-PE"
424624;2022-04-04;"segunda-feira";"07:20:00";"MG";116;733,4;"LARANJAL";"Demais falhas mecânicas ou elétricas";"Incêndio";"Sem Vítimas";"Pleno dia";"Crescente";"Céu Claro";"Simples";"Reta";"Não";1;0;0;0;1;0;0;1;-21,32985014;-42,45450574;"SPRF-MG";"DEL07-MG";"UOP02-DEL07-MG"
424626;2022-04-04;"segunda-feira";"18:30:00";"MG";365;620;"UBERLANDIA";"Objeto estático sobre o leito carroçável";"Queda de ocupante de veículo";"Com Vítimas Feridas";"Anoitecer";"Crescente";"Ignorado";"Dupla";"Aclive;Curva";"Sim";1;0;1;0;0;0;1;1;-18,90349687;-48,28130603;"SPRF-MG";"DEL15-MG";"UOP01-DEL15-MG"
424627;2022-04-04;"segunda-feira";"20:00:00";"SP";116;167;"JACAREI";"Acessar a via sem observar a presença dos outros veículos";"Colisão traseira";"Com Vítimas Feridas";"Plena Noite";"Decrescente";"Céu Claro";"Simples";"Curva";"Sim";2;0;1;0;0;1;1;2;-23,30254924;-46,02640493;"SPRF-SP";"DEL02-SP";"UOP01-DEL02-SP"
424628;2022-04-04;"segunda-feira";"10:25:00";"MT";174;84,8;"CACERES";"Ausência de reação do condutor";"Colisão traseira";"Com Vítimas Feridas";"Pleno dia";"Decrescente";"Céu Claro";"Simples";"Reta";"Não";2;0;0;1;1;0;1;1;-15,95229189;-57,77861884;"SPRF-MT";"DEL03-MT";"UOP01-DEL03-MT"
424629;2022-04-04;"segunda-feira";"20:10:00";"MG";381;341,5;"BELA VISTA DE MINAS";"Desvio temporário";"Saída de leito carroçável";"Com Vítimas Feridas";"Plena Noite";"Crescente";"Céu Claro";"Simples";"Curva";"Não";1;0;1;0;0;0;1;1;-19,82539175;-43,08371371;"SPRF-MG";"DEL03-MG";"UOP01-DEL03-MG"
424631;2022-04-04;"segunda-feira";"18:30:00";"MT";70;307;"PRIMAVERA DO LESTE";"Animais na Pista";"Saída de leito carroçável";"Com Vítimas Feridas";"Plena Noite";"Decrescente";"Céu Claro";"Simples";"Reta";"Não";1;0;1;0;0;0;1;1;-15,57320641;-54,53149504;"SPRF-MT";"DEL05-MT";"UOP01-DEL05-MT"
424635;2022-04-04;"segunda-feira";"18:30:00";"MG";262;809,5;"UBERABA";"Ausência de reação do condutor";"Colisão traseira";"Com Vítimas Feridas";"Plena Noite";"Decrescente";"Céu Claro";"Simples";"Em Obras;Viaduto;Reta";"Não";2;0;0;1;1;0;1;2;-19,76747537;-47,98725511;"SPRF-MG";"DEL13-MG";"UOP01-DEL13-MG"
424637;2022-04-04;"segunda-feira";"17:50:00";"ES";393;2;"CACHOEIRO DE ITAPEMIRIM";"Acessar a via sem observar a presença dos outros veículos";"Colisão transversal";"Com Vítimas Feridas";"Anoitecer";"Crescente";"Céu Claro";"Simples";"Reta";"Sim";2;0;1;0;0;1;1;2;-20,83242503;-41,17491003;"SPRF-ES";"DEL03-ES";"UOP02-DEL03-ES"
424640;2022-04-04;"segunda-feira";"13:40:00";"RO";435;125;"CEREJEIRAS";"Acessar a via sem observar a presença dos outros veículos";"Colisão lateral mesmo sentido";"Com Vítimas Feridas";"Pleno dia";"Crescente";"Chuva";"Simples";"Reta";"Não";2;0;0;1;1;0;1;2;-13,18891758;-60,82687399;"SPRF-RO";"DEL04-RO";"UOP02-DEL04-RO"
424641;2022-04-04;"segunda-feira";"21:45:00";"RS";472;187,3;"SANTO CRISTO";"Ingestão de álcool pelo condutor";"Colisão frontal";"Com Vítimas Feridas";"Plena Noite";"Crescente";"Nublado";"Simples";"Reta";"Não";2;0;1;0;1;0;1;2;-27,83772859;-54,62147009;"SPRF-RS";"DEL10-RS";"UOP01-DEL10-RS"
424642;2022-04-04;"segunda-feira";"21:30:00";"GO";70;7,3;"AGUAS LINDAS DE GOIAS";"Ingestão de álcool pelo condutor";"Colisão com objeto";"Com Vítimas Feridas";"Plena Noite";"Crescente";"Céu Claro";"Dupla";"Reta;Retorno Regulamentado";"Sim";2;0;2;0;0;0;2;1;-15,74375533;-48,26779708;"SPRF-DF";"DEL03-DF";"UOP02-DEL03-DF"
424643;2022-04-04;"segunda-feira";"16:05:00";"SC";101;233;"PALHOCA";"Velocidade Incompatível";"Saída de leito carroçável";"Com Vítimas Feridas";"Pleno dia";"Crescente";"Chuva";"Dupla";"Curva";"Sim";2;0;1;0;1;0;1;1;-27,80376397;-48,63826211;"SPRF-SC";"DEL01-SC";"UOP02-DEL01-SC"
424644;2022-04-04;"segunda-feira";"19:15:00";"MG";40;42,7;"PARACATU";"Pedestre cruzava a pista fora da faixa";"Atropelamento de Pedestre";"Com Vítimas Feridas";"Anoitecer";"Crescente";"Céu Claro";"Simples";"Reta";"Sim";3;0;2;0;0;1;2;2;-17,2188441;-46,8666753;"SPRF-MG";"DEL14-MG";"UOP01-DEL14-MG"
424645;2022-04-04;"segunda-feira";"21:00:00";"ES";262;115;"CONCEICAO DO CASTELO";"Pista em desnível";"Queda de ocupante de veículo";"Com Vítimas Feridas";"Plena Noite";"Crescente";"Céu Claro";"Simples";"Em Obras;Declive";"Não";1;0;1;0;0;0;1;1;-20,32053818;-41,21864322;"SPRF-ES";"DEL01-ES";"UOP02-DEL01-ES"
424650;2022-04-04;"segunda-feira";"21:30:00";"MS";60;386,8;"CAMPO GRANDE";"Acessar a via sem observar a presença dos outros veículos";"Colisão frontal";"Com Vítimas Fatais";"Plena Noite";"Crescente";"Nublado";"Simples";"Reta";"Não";7;2;1;1;3;0;2;2;-20,67809099;-54,76096903;"SPRF-MS";"DEL01-MS";"UOP04-DEL01-MS"
424653;2022-04-04;"segunda-feira";"23:05:00";"PR";277;724;"FOZ DO IGUACU";"Reação tardia ou ineficiente do condutor";"Saída de leito carroçável";"Sem Vítimas";"Plena Noite";"Decrescente";"Céu Claro";"Dupla";"Curva";"Sim";1;0;0;0;1;0;0;1;-25,50257577;-54,53868311;"SPRF-PR";"DEL05-PR";"UOP03-DEL05-PR"
424655;2022-04-04;"segunda-feira";"21:00:00";"RO";364;709;"PORTO VELHO";"Ausência de reação do condutor";"Tombamento";"Com Vítimas Feridas";"Plena Noite";"Decrescente";"Céu Claro";"Dupla";"Reta";"Sim";2;0;2;0;0;0;2;1;-8,7909383;-63,84895617;"SPRF-RO";"DEL01-RO";"UOP01-DEL01-RO"
424660;2022-04-04;"segunda-feira";"23:50:00";"RS";470;237;"CARLOS BARBOSA";"Ingestão de álcool pelo condutor";"Saída de leito carroçável";"Com Vítimas Feridas";"Plena Noite";"Crescente";"Nevoeiro/Neblina";"Simples";"Reta";"Não";2;0;1;0;0;1;1;2;-29,28420506;-51,49174876;"SPRF-RS";"DEL06-RS";"UOP01-DEL06-RS"
424661;2022-04-05;"terça-feira";"01:00:00";"PR";369;410;"JURANDA";"Problema com o freio";"Colisão traseira";"Com Vítimas Feridas";"Plena Noite";"Crescente";"Nublado";"Simples";"Reta";"Não";3;0;1;0;2;0;1;2;-24,3392;-52,7076;"SPRF-PR";"DEL04-PR";"UOP03-DEL04-PR"
424663;2022-04-05;"terça-feira";"05:30:00";"SP";116;430;"REGISTRO";"Velocidade Incompatível";"Saída de leito carroçável";"Com Vítimas Fatais";"Plena Noite";"Decrescente";"Céu Claro";"Dupla";"Reta";"Não";1;1;0;0;0;0;0;1;-24,40775343;-47,74645329;"SPRF-SP";"DEL05-SP";"UOP01-DEL05-SP"
424665;2022-04-05;"terça-feira";"01:45:00";"MG";381;922,8;"CAMANDUCAIA";"Falta de elemento de contenção que evite a saída do leito carroçável";"Saída de leito carroçável";"Com Vítimas Feridas";"Plena Noite";"Crescente";"Céu Claro";"Dupla";"Reta";"Não";1;0;0;1;0;0;1;1;-22,7671484;-46,22667493;"SPRF-MG";"DEL16-MG";"UOP03-DEL16-MG"