"id";"data_inversa";"dia_semana";"horario";"uf";"br";"km";"municipio";"causa_acidente";"tipo_acidente";"classificacao_acidente";"fase_dia";"sentido_via";"condicao_metereologica";"tipo_pista";"tracado_via";"uso_solo";"pessoas";"mortos";"feridos_leves";"feridos_graves";"ilesos";"ignorados";"feridos";"veiculos";"latitude";"longitude";"regional";"delegacia";"uop"
424669;2022-04-05;"terça-feira";"06:20:00";"PR";277;592,5;"CASCAVEL";"Conversão proibida";"Colisão transversal";"Com Vítimas Feridas";"Amanhecer";"Crescente";"Céu Claro";"Simples";"Reta";"Sim";2;0;1;0;1;0;1;2;-24,98285697;-53,47319399;"SPRF-PR";"DEL04-PR";"UOP01-DEL04-PR"
424670;2022-04-05;"terça-feira";"06:10:00";"CE";222;5;"CAUCAIA";"Condutor desrespeitou a iluminação vermelha do semáforo";"Colisão lateral mesmo sentido";"Com Vítimas Feridas";"Pleno dia";"Decrescente";"Céu Claro";"Múltipla";"Reta";"Sim";3;0;2;0;1;0;2;3;-3,74296918;-38,61330997;"SPRF-CE";"DEL01-CE";"UOP01-DEL01-CE"
424671;2022-04-04;"segunda-feira";"10:10:00";"PR";153;510;"GENERAL CARNEIRO";"Velocidade Incompatível";"Saída de leito carroçável";"Com Vítimas Feridas";"Pleno dia";"Decrescente";"Chuva";"Simples";"Reta";"Não";1;0;0;1;0;0;1;1;-26,59517893;-51,46007539;"SPRF-PR";"DEL02-PR";"UOP03-DEL02-PR"
424672;2022-04-05;"terça-feira";"06:40:00";"SC";101;202,5;"SAO JOSE";"Acessar a via sem observar a presença dos outros veículos";"Colisão transversal";"Com Vítimas Feridas";"Pleno dia";"Crescente";"Céu Claro";"Múltipla";"Interseção de Vias";"Sim";2;0;1;0;1;0;1;2;-27,55711595;-48,61897889;"SPRF-SC";"DEL01-SC";"UOP01-DEL01-SC"
424673;2022-04-05;"terça-feira";"06:40:00";"SC";101;202,5;"SAO JOSE";"Trafegar com motocicleta (ou similar) entre as faixas";"Colisão traseira";"Com Vítimas Feridas";"Pleno dia";"Crescente";"Sol";"Múltipla";"Reta";"Sim";2;0;1;0;1;0;1;2;-27,55711595;-48,61897889;"SPRF-SC";"DEL01-SC";"UOP01-DEL01-SC"
424674;2022-04-05;"terça-feira";"07:20:00";"DF";40;5;"BRASILIA";"Trafegar com motocicleta (ou similar) entre as faixas";"Colisão lateral mesmo sentido";"Com Vítimas Feridas";"Pleno dia";"Decrescente";"Céu Claro";"Dupla";"Reta";"Sim";5;0;2;0;3;0;2;4;-16,02512881;-47,97942996;"SPRF-DF";"DEL01-DF";"UOP01-DEL01-DF"
424675;2022-04-05;"terça-feira";"07:40:00";"SP";116;220;"GUARULHOS";"Frear bruscamente";"Colisão traseira";"Com Vítimas Feridas";"Pleno dia";"Crescente";"Nublado";"Múltipla";"Reta";"Sim";2;0;1;0;1;0;1;2;-23,46472809;-46,49793962;"SPRF-SP";"DEL01-SP";"UOP01-DEL01-SP"
424676;2022-04-05;"terça-feira";"07:00:00";"PE";428;187,2;"PETROLINA";"Ultrapassagem Indevida";"Colisão lateral mesmo sentido";"Sem Vítimas";"Pleno dia";"Crescente";"Céu Claro";"Simples";"Em Obras";"Sim";2;0;0;0;2;0;0;2;-9,35604301;-40,47854198;"SPRF-PE";"DEL06-PE";"UOP01-DEL06-PE"
424678;2022-04-05;"terça-feira";"06:40:00";"RJ";116;229;"PIRAI";"Acesso irregular";"Colisão transversal";"Sem Vítimas";"Amanhecer";"Crescente";"Céu Claro";"Múltipla";"Reta";"Sim";2;0;0;0;2;0;0;2;-22,65646622;-43,82206692;"SPRF-RJ";"DEL07-RJ";"UOP01-DEL07-RJ"
424679;2022-04-05;"terça-feira";"07:40:00";"PR";376;177;"MARINGA";"Pedestre cruzava a pista fora da faixa";"Atropelamento de Pedestre";"Com Vítimas Feridas";"Pleno dia";"Decrescente";"Sol";"Múltipla";"Reta";"Sim";2;0;1;0;1;0;1;2;-23,41595855;-51,92226484;"SPRF-PR";"DEL09-PR";"UOP01-DEL09-PR"
424680;2022-04-05;"terça-feira";"07:50:00";"RS";293;0,8;"PELOTAS";"Ultrapassagem Indevida";"Colisão lateral mesmo sentido";"Com Vítimas Feridas";"Pleno dia";"Decrescente";"Céu Claro";"Simples";"Interseção de Vias";"Sim";3;0;1;0;2;0;1;2;-31,760326;-52,356205;"SPRF-RS";"DEL07-RS";"UOP01-DEL07-RS"
424681;2022-01-19;"quarta-feira";"16:00:00";"MA";10;250,7;"IMPERATRIZ";"Acessar a via sem observar a presença dos outros veículos";"Colisão transversal";"Com Vítimas Feridas";"Pleno dia";"Decrescente";"Céu Claro";"Simples";"Interseção de Vias";"Sim";3;0;0;1;1;1;1;3;-5,550874;-47,459305;"SPRF-MA";"DEL04-MA";"UOP01-DEL04-MA"
424682;2022-04-05;"terça-feira";"08:25:00";"DF";20;3,5;"BRASILIA";"Pista Escorregadia";"Tombamento";"Com Vítimas Feridas";"Pleno dia";"Crescente";"Céu Claro";"Dupla";"Reta";"Sim";1;0;1;0;0;0;1;1;-15,679851;-47,832211;"SPRF-DF";"DEL02-DF";"UOP01-DEL02-DF"
424683;2022-04-05;"terça-feira";"07:30:00";"PR";376;602;"CURITIBA";"Condutor usando celular";"Colisão lateral mesmo sentido";"Com Vítimas Feridas";"Pleno dia";"Crescente";"Nublado";"Dupla";"Reta";"Não";2;0;1;0;1;0;1;2;-25,54329052;-49,30719981;"SPRF-PR";"DEL01-PR";"UOP01-DEL01-PR"
424684;2022-04-05;"terça-feira";"08:30:00";"DF";70;4,8;"BRASILIA";"Condutor deixou de manter distância do veículo da frente";"Colisão lateral mesmo sentido";"Com Vítimas Feridas";"Pleno dia";"Decrescente";"Céu Claro";"Dupla";"Interseção de Vias";"Sim";2;0;1;0;1;0;1;2;-15,798115;-48,089317;"SPRF-DF";"DEL03-DF";"UOP02-DEL03-DF"
424686;2022-04-05;"terça-feira";"07:24:00";"SP";116;268,9;"TABOAO DA SERRA";"Manobra de mudança de faixa";"Colisão lateral mesmo sentido";"Com Vítimas Feridas";"Pleno dia";"Decrescente";"Céu Claro";"Múltipla";"Reta";"Sim";3;0;1;0;2;0;1;2;-23,61301188;-46,77974304;"SPRF-SP";"DEL04-SP";"UOP01-DEL04-SP"
424688;2022-04-05;"terça-feira";"08:00:00";"RJ";493;88;"JAPERI";"Manobra de mudança de faixa";"Colisão traseira";"Com Vítimas Feridas";"Pleno dia";"Decrescente";"Céu Claro";"Dupla";"Reta";"Não";4;0;2;0;2;0;2;2;-22,66407619;-43,58551025;"SPRF-RJ";"DEL01-RJ";"UOP03-DEL01-RJ"
424689;2022-04-05;"terça-feira";"08:00:00";"SC";101;132;"BALNEARIO CAMBORIU";"Reação tardia ou ineficiente do condutor";"Tombamento";"Com Vítimas Feridas";"Pleno dia";"Crescente";"Céu Claro";"Múltipla";"Reta";"Não";1;0;1;0;0;0;1;1;-26,99654133;-48,65564711;"SPRF-SC";"DEL04-SC";"UOP03-DEL04-SC"
424692;2022-04-05;"terça-feira";"07:20:00";"RS";116;36,9;"VACARIA";"Desrespeitar a preferência no cruzamento";"Colisão transversal";"Sem Vítimas";"Pleno dia";"Crescente";"Nublado";"Simples";"Interseção de Vias";"Sim";4;0;0;0;4;0;0;2;-28,49228783;-50,91057315;"SPRF-RS";"DEL05-RS";"UOP03-DEL05-RS"
424693;2022-04-05;"terça-feira";"08:40:00";"ES";101;266,5;"SERRA";"Condutor deixou de manter distância do veículo da frente";"Colisão traseira";"Com Vítimas Feridas";"Pleno dia";"Crescente";"Céu Claro";"Dupla";"Reta";"Sim";3;0;1;0;2;0;1;2;-20,190199;-40,26828891;"SPRF-ES";"DEL02-ES";"UOP01-DEL02-ES"
424694;2022-04-05;"terça-feira";"08:40:00";"DF";70;7;"BRASILIA";"Ausência de reação do condutor";"Colisão traseira";"Com Vítimas Feridas";"Pleno dia";"Crescente";"Céu Claro";"Dupla";"Reta";"Não";5;0;1;0;4;0;1;2;-15,787601;-48,114429;"SPRF-DF";"DEL03-DF";"UOP02-DEL03-DF"
424695;2022-04-04;"segunda-feira";"00:00:00";"GO";364;173;"JATAI";"Ingestão de álcool pelo condutor";"Saída de leito carroçável";"Sem Vítimas";"Plena Noite";"Decrescente";"Céu Claro";"Dupla";"Reta";"Não";1;0;0;0;0;1;0;1;-18,008829;-51,563248;"SPRF-GO";"DEL05-GO";"UOP01-DEL05-GO"
424696;2022-04-05;"terça-feira";"08:40:00";"SP";381;33;"ATIBAIA";"Velocidade Incompatível";"Colisão com objeto";"Com Vítimas Feridas";"Pleno dia";"Decrescente";"Céu Claro";"Dupla";"Curva";"Sim";1;0;0;1;0;0;1;1;-23,0728028;-46,56673562;"SPRF-SP";"DEL03-SP";"UOP01-DEL03-SP"
424697;2022-01-31;"segunda-feira";"08:45:00";"MG";262;49,9;"MANHUACU";"Conversão proibida";"Colisão transversal";"Com Vítimas Feridas";"Pleno dia";"Crescente";"Céu Claro";"Simples";"Reta";"Não";2;0;1;0;1;0;1;2;-20,24782001;-42,12958192;"SPRF-MG";"DEL06-MG";"UOP03-DEL06-MG"
424699;2022-04-05;"terça-feira";"04:00:00";"RJ";101;593;"PARATY";"Objeto estático sobre o leito carroçável";"Colisão com objeto";"Com Vítimas Feridas";"Plena Noite";"Crescente";"Chuva";"Simples";"Reta";"Não";2;0;0;2;0;0;2;1;-23,32383231;-44,72925784;"SPRF-RJ";"DEL03-RJ";"UOP04-DEL03-RJ"
424701;2022-04-05;"terça-feira";"07:30:00";"MT";70;1;"BARRA DO GARCAS";"Condutor deixou de manter distância do veículo da frente";"Colisão traseira";"Com Vítimas Feridas";"Pleno dia";"Decrescente";"Céu Claro";"Simples";"Reta";"Sim";2;0;1;0;1;0;1;2;-15,88864944;-52,26645123;"SPRF-MT";"DEL07-MT";"UOP01-DEL07-MT"
424702;2022-04-05;"terça-feira";"09:20:00";"SC";280;39,5;"ARAQUARI";"Condutor deixou de manter distância do veículo da frente";"Colisão traseira";"Com Vítimas Feridas";"Pleno dia";"Crescente";"Nublado";"Simples";"Reta";"Não";2;0;1;0;1;0;1;2;-26,44875367;-48,83792802;"SPRF-SC";"DEL03-SC";"UOP03-DEL03-SC"
424705;2022-01-31;"segunda-feira";"18:45:00";"MG";365;622;"UBERLANDIA";"Reação tardia ou ineficiente do condutor";"Queda de ocupante de veículo";"Com Vítimas Feridas";"Plena Noite";"Decrescente";"Nublado";"Múltipla";"Reta";"Sim";2;0;1;1;0;0;2;1;-18,90340387;-48,28027725;"SPRF-MG";"DEL15-MG";"UOP01-DEL15-MG"
424707;2022-04-05;"terça-feira";"10:10:00";"PE";232;180,1;"BELO JARDIM";"Reação tardia ou ineficiente do condutor";"Queda de ocupante de veículo";"Com Vítimas Feridas";"Pleno dia";"Decrescente";"Céu Claro";"Simples";"Reta";"Sim";1;0;0;1;0;0;1;1;-8,34449745;-36,4288801;"SPRF-PE";"DEL02-PE";"UOP03-DEL02-PE"
424711;2022-04-05;"terça-feira";"10:35:00";"SP";116;227;"GUARULHOS";"Velocidade Incompatível";"Colisão traseira";"Com Vítimas Feridas";"Pleno dia";"Crescente";"Nublado";"Múltipla";"Reta";"Sim";2;0;1;0;1;0;1;2;-23,49659264;-46,55648754;"SPRF-SP";"DEL01-SP";"UOP01-DEL01-SP"
424715;2022-04-05;"terça-feira";"10:45:00";"PE";101;71;"RECIFE";"Transitar na calçada";"Atropelamento de Pedestre";"Sem Vítimas";"Pleno dia";"Crescente";"Céu Claro";"Dupla";"Reta";"Sim";1;0;0;0;0;1;0;1;-8,07663102;-34,94277871;"SPRF-PE";"DEL01-PE";"UOP01-DEL01-PE"
424716;2022-04-05;"terça-feira";"07:00:00";"SC";101;203,6;"SAO JOSE";"Acessar a via sem observar a presença dos outros veículos";"Colisão lateral mesmo sentido";"Com Vítimas Feridas";"Pleno dia";"Crescente";"Céu Claro";"Múltipla";"Reta";"Sim";2;0;1;0;1;0;1;2;-27,5650044;-48,61460082;"SPRF-SC";"DEL01-SC";"UOP01-DEL01-SC"
424718;2022-04-05;"terça-feira";"10:40:00";"SC";282;17;"PALHOCA";"Desrespeitar a preferência no cruzamento";"Colisão transversal";"Com Vítimas Feridas";"Pleno dia";"Crescente";"Céu Claro";"Simples";"Reta";"Sim";3;0;1;0;2;0;1;2;-27,665707;-48,688065;"SPRF-SC";"DEL01-SC";"UOP02-DEL01-SC"
424719;2022-04-05;"terça-feira";"10:45:00";"MG";116;276,9;"TEOFILO OTONI";"Condutor deixou de manter distância do veículo da frente";"Colisão traseira";"Com Vítimas Feridas";"Pleno dia";"Crescente";"Sol";"Dupla";"Reta";"Sim";2;0;1;0;1;0;1;2;-17,85105696;-41,51454492;"SPRF-MG";"DEL11-MG";"UOP01-DEL11-MG"
424720;2022-04-05;"terça-feira";"11:50:00";"MG";40;529;"CONTAGEM";"Avarias e/ou desgaste excessivo no pneu";"Tombamento";"Com Vítimas Feridas";"Pleno dia";"Crescente";"Céu Claro";"Dupla";"Reta";"Sim";2;0;2;0;0;0;2;1;-19,91635592;-44,03966566;"SPRF-MG";"DEL01-MG";"UOP02-DEL01-MG"
424721;2022-04-05;"terça-feira";"11:18:00";"SP";116;230,5;"SAO PAULO";"Condutor deixou de manter distância do veículo da frente";"Colisão traseira";"Com Vítimas Feridas";"Pleno dia";"Crescente";"Nublado";"Dupla";"Reta";"Sim";3;0;2;0;1;0;2;3;-23,52251783;-46,5855702;"SPRF-SP";"DEL01-SP";"UOP01-DEL01-SP"
424724;2022-04-05;"terça-feira";"12:00:00";"PR";476;130;"CURITIBA";"Condutor desrespeitou a iluminação vermelha do semáforo";"Colisão traseira";"Com Vítimas Feridas";"Pleno dia";"Crescente";"Céu Claro";"Múltipla";"Reta";"Sim";2;0;1;0;1;0;1;2;-25,449564;-49,236427;"SPRF-PR";"DEL01-PR";"UOP03-DEL01-PR"
424725;2022-04-05;"terça-feira";"11:49:00";"CE";20;206;"BOA VIAGEM";"Acessar a via sem observar a presença dos outros veículos";"Colisão transversal";"Com Vítimas Feridas";"Pleno dia";"Crescente";"Céu Claro";"Simples";"Reta";"Sim";2;0;2;0;0;0;2;2;-5,10980224;-39,71910555;"SPRF-CE";"DEL02-CE";"UOP02-DEL02-CE"
424726;2022-04-05;"terça-feira";"11:00:00";"MS";163;615;"SAO GABRIEL DO OESTE";"Acessar a via sem observar a presença dos outros veículos";"Colisão transversal";"Com Vítimas Feridas";"Pleno dia";"Decrescente";"Céu Claro";"Dupla";"Reta";"Sim";2;0;1;0;1;0;1;2;-19,39850778;-54,56579964;"SPRF-MS";"DEL06-MS";"UOP02-DEL06-MS"
424727;2022-04-05;"terça-feira";"11:50:00";"SC";101;195,6;"BIGUACU";"Acumulo de óleo sobre o pavimento";"Queda de ocupante de veículo";"Com Vítimas Feridas";"Pleno dia";"Decrescente";"Céu Claro";"Dupla";"Reta";"Sim";1;0;1;0;0;0;1;1;-27,50377983;-48,65070105;"SPRF-SC";"DEL01-SC";"UOP01-DEL01-SC"
424728;2022-04-05;"terça-feira";"11:40:00";"MG";116;528;"CARATINGA";"Acessar a via sem observar a presença dos outros veículos";"Colisão transversal";"Com Vítimas Feridas";"Pleno dia";"Crescente";"Céu Claro";"Simples";"Reta";"Sim";2;0;2;0;0;0;2;2;-19,794033;-42,13731414;"SPRF-MG";"DEL06-MG";"UOP02-DEL06-MG"
424729;2022-04-05;"terça-feira";"11:15:00";"MS";163;258,7;"DOURADOS";"Retorno proibido";"Colisão lateral mesmo sentido";"Com Vítimas Feridas";"Pleno dia";"Decrescente";"Céu Claro";"Simples";"Em Obras;Desvio Temporário";"Não";2;0;1;0;1;0;1;2;-22,25859;-54,783592;"SPRF-MS";"DEL04-MS";"UOP01-DEL04-MS"
424730;2022-02-01;"terça-feira";"20:30:00";"PI";407;423,4;"PICOS";"Reação tardia ou ineficiente do condutor";"Colisão com objeto";"Com Vítimas Feridas";"Plena Noite";"Decrescente";"Nublado";"Simples";"Reta;Interseção de Vias";"Sim";1;0;0;1;0;0;1;1;-7,100414;-41,419078;"SPRF-PI";"DEL04-PI";"UOP01-DEL04-PI"
424732;2022-02-13;"domingo";"21:15:00";"PE";232;202,4;"PESQUEIRA";"Retorno proibido";"Colisão transversal";"Com Vítimas Feridas";"Plena Noite";"Crescente";"Céu Claro";"Simples";"Reta";"Não";2;0;1;0;1;0;1;2;-8,37139106;-36,62566;"SPRF-PE";"DEL03-PE";"UOP02-DEL03-PE"
424735;2022-04-05;"terça-feira";"11:00:00";"MG";381;737,8;"TRES CORACOES";"Ausência de reação do condutor";"Saída de leito carroçável";"Com Vítimas Feridas";"Pleno dia";"Crescente";"Céu Claro";"Dupla";"Curva";"Não";1;0;1;0;0;0;1;1;-21,59740119;-45,23880352;"SPRF-MG";"DEL16-MG";"UOP02-DEL16-MG"
424739;2022-04-05;"terça-feira";"13:15:00";"SP";116;157,5;"SAO JOSE DOS CAMPOS";"Ausência de reação do condutor";"Colisão lateral mesmo sentido";"Com Vítimas Feridas";"Pleno dia";"Decrescente";"Sol";"Múltipla";"Reta";"Sim";1;0;0;1;0;0;1;1;-23,25558031;-45,9437828;"SPRF-SP";"DEL02-SP";"UOP01-DEL02-SP"
424740;2022-04-05;"terça-feira";"12:00:00";"RJ";101;403;"ITAGUAI";"Manobra de mudança de faixa";"Colisão transversal";"Com Vítimas Feridas";"Pleno dia";"Crescente";"Céu Claro";"Dupla";"Reta";"Não";2;0;0;1;1;0;1;2;-22,85924449;-43,79010059;"SPRF-RJ";"DEL03-RJ";"UOP01-DEL03-RJ"
424743;2022-04-05;"terça-feira";"12:50:00";"RS";116;149;"CAXIAS DO SUL";"Pedestre andava na pista";"Atropelamento de Pedestre";"Com Vítimas Feridas";"Pleno dia";"Crescente";"Nublado";"Dupla";"Declive";"Não";2;0;1;0;1;0;1;2;-29,15996905;-51,15645292;"SPRF-RS";"DEL05-RS";"UOP01-DEL05-RS"
424744;2022-04-05;"terça-feira";"14:00:00";"PR";376;187,3;"MARIALVA";"Desrespeitar a preferência no cruzamento";"Colisão transversal";"Com Vítimas Feridas";"Pleno dia";"Decrescente";"Céu Claro";"Dupla";"Aclive";"Sim";3;0;1;0;2;0;1;2;-23,46141044;-51,83659926;"SPRF-PR";"DEL09-PR";"UOP01-DEL09-PR"
424746;2022-04-05;"terça-feira";"14:10:00";"BA";324;543;"AMELIA RODRIGUES";"Reação tardia ou ineficiente do condutor";"Colisão lateral mesmo sentido";"Sem Vítimas";"Pleno dia";"Decrescente";"Céu Claro";"Dupla";"Interseção de Vias";"Sim";2;0;0;0;2;0;0;2;-12,39713005;-38,76807002;"SPRF-BA";"DEL01-BA";"UOP03-DEL01-BA"
424749;2022-04-05;"terça-feira";"14:30:00";"ES";101;283;"CARIACICA";"Acumulo de água sobre o pavimento";"Tombamento";"Com Vítimas Feridas";"Pleno dia";"Crescente";"Céu Claro";"Dupla";"Reta";"Não";1;0;1;0;0;0;1;1;-20,241341;-40,369791;"SPRF-ES";"DEL01-ES";"UOP01-DEL01-ES"
424750;2022-04-05;"terça-feira";"14:01:00";"SP";116;219;"GUARULHOS";"Reação tardia ou ineficiente do condutor";"Colisão lateral mesmo sentido";"Com Vítimas Feridas";"Pleno dia";"Crescente";"Céu Claro";"Múltipla";"Declive";"Sim";3;0;1;0;1;1;1;3;-23,46143954;-46,48885316;"SPRF-SP";"DEL01-SP";"UOP01-DEL01-SP"
424751;2022-04-05;"terça-feira";"14:49:00";"RS";116;226,4;"DOIS IRMAOS";"Ausência de reação do condutor";"Colisão traseira";"Com Vítimas Feridas";"Pleno dia";"Decrescente";"Sol";"Simples";"Reta";"Não";2;0;1;0;1;0;1;2;-29,60109223;-51,11806581;"SPRF-RS";"DEL01-RS";"UOP02-DEL01-RS"
424752;2022-03-24;"quinta-feira";"21:10:00";"SC";101;82,8;"BARRA VELHA";"Acessar a via sem observar a presença dos outros veículos";"Atropelamento de Pedestre";"Com Vítimas Fatais";"Plena Noite";"Decrescente";"Nublado";"Dupla";"Declive;Reta";"Não";3;1;0;0;2;0;0;2;-26,619271;-48,717926;"SPRF-SC";"DEL03-SC";"UOP02-DEL03-SC"
424753;2022-04-05;"terça-feira";"14:30:00";"MG";40;627,9;"CONSELHEIRO LAFAIETE";"Animais na Pista";"Atropelamento de Animal";"Com Vítimas Feridas";"Pleno dia";"Crescente";"Sol";"Dupla";"Reta";"Sim";1;0;1;0;0;0;1;1;-20,63591993;-43,81353421;"SPRF-MG";"DEL05-MG";"UOP02-DEL05-MG"
424757;2022-02-23;"quarta-feira";"21:00:00";"PI";407;571,2;"PAULISTANA";"Pedestre andava na pista";"Atropelamento de Pedestre";"Com Vítimas Fatais";"Plena Noite";"Decrescente";"Céu Claro";"Simples";"Aclive";"Não";2;1;0;0;0;1;0;2;-8,11972006;-41,15513818;"SPRF-PI";"DEL04-PI";"UOP01-DEL04-PI"
424758;2022-04-05;"terça-feira";"15:15:00";"SC";101;192;"BIGUACU";"Transitar na contramão";"Colisão transversal";"Com Vítimas Feridas";"Pleno dia";"Decrescente";"Céu Claro";"Dupla";"Interseção de Vias";"Sim";2;0;1;0;1;0;1;2;-27,48661114;-48,64849091;"SPRF-SC";"DEL01-SC";"UOP01-DEL01-SC"
424759;2022-04-05;"terça-feira";"15:20:00";"CE";222;4,9;"CAUCAIA";"Condutor desrespeitou a iluminação vermelha do semáforo";"Colisão transversal";"Com Vítimas Feridas";"Pleno dia";"Decrescente";"Sol";"Múltipla";"Reta";"Sim";4;0;3;0;0;1;3;3;-3,74280091;-38,61206358;"SPRF-CE";"DEL01-CE";"UOP01-DEL01-CE"
424760;2022-04-05;"terça-feira";"15:40:00";"SE";235;2,8;"ARACAJU";"Condutor deixou de manter distância do veículo da frente";"Colisão traseira";"Com Vítimas Feridas";"Pleno dia";"Crescente";"Sol";"Dupla";"Declive";"Sim";2;0;0;1;1;0;1;2;-10,9062;-37,1034;"SPRF-SE";"DEL01-SE";"UOP01-DEL01-SE"
424762;2022-04-03;"domingo";"18:55:00";"RS";116;229,7;"DOIS IRMAOS";"Ausência de reação do condutor";"Saída de leito carroçável";"Sem Vítimas";"Anoitecer";"Crescente";"Chuva";"Simples";"Reta";"Não";1;0;0;0;1;0;0;1;-29,62085737;-51,1259079;"SPRF-RS";"DEL01-RS";"UOP02-DEL01-RS"
424763;2022-04-05;"terça-feira";"15:45:00";"SP";116;71,8;"APARECIDA";"Avarias e/ou desgaste excessivo no pneu";"Tombamento";"Com Vítimas Feridas";"Pleno dia";"Decrescente";"Sol";"Dupla";"Declive;Reta";"Não";1;0;1;0;0;0;1;1;-22,85651665;-45,23114328;"SPRF-SP";"DEL08-SP";"UOP01-DEL08-SP"
424764;2022-04-05;"terça-feira";"14:30:00";"MG";381;510;"SAO JOAQUIM DE BICAS";"Mal súbito do condutor";"Colisão com objeto";"Com Vítimas Feridas";"Pleno dia";"Crescente";"Céu Claro";"Múltipla";"Reta";"Sim";1;0;1;0;0;0;1;1;-20,06141372;-44,28863525;"SPRF-MG";"DEL01-MG";"UOP03-DEL01-MG"
424766;2022-04-05;"terça-feira";"15:30:00";"PR";376;215,9;"JANDAIA DO SUL";"Acessar a via sem observar a presença dos outros veículos";"Colisão transversal";"Com Vítimas Feridas";"Pleno dia";"Crescente";"Sol";"Simples";"Rotatória;Interseção de Vias";"Sim";4;0;1;0;3;0;1;2;-23,59537856;-51,64222304;"SPRF-PR";"DEL09-PR";"UOP01-DEL09-PR"
424768;2022-04-05;"terça-feira";"16:40:00";"MG";40;554,7;"NOVA LIMA";"Velocidade Incompatível";"Tombamento";"Com Vítimas Feridas";"Pleno dia";"Decrescente";"Céu Claro";"Dupla";"Reta";"Não";1;0;1;0;0;0;1;1;-20,07715896;-43,98213593;"SPRF-MG";"DEL01-MG";"UOP02-DEL01-MG"
424770;2022-04-05;"terça-feira";"16:30:00";"SC";101;147;"ITAPEMA";"Reação tardia ou ineficiente do condutor";"Colisão lateral mesmo sentido";"Com Vítimas Feridas";"Pleno dia";"Crescente";"Céu Claro";"Múltipla";"Viaduto";"Não";2;0;1;0;1;0;1;2;-27,09237407;-48,61730888;"SPRF-SC";"DEL04-SC";"UOP03-DEL04-SC"
424771;2022-04-05;"terça-feira";"15:50:00";"PR";376;543;"PALMEIRA";"Objeto estático sobre o leito carroçável";"Colisão com objeto";"Sem Vítimas";"Pleno dia";"Decrescente";"Céu Claro";"Dupla";"Reta";"Sim";2;0;0;0;2;0;0;1;-25,43186672;-49,75392266;"SPRF-PR";"DEL01-PR";"UOP03-DEL03-PR"
424774;2022-04-05;"terça-feira";"16:20:00";"SP";381;0,1;"VARGEM";"Acumulo de água sobre o pavimento";"Saída de leito carroçável";"Com Vítimas Feridas";"Pleno dia";"Crescente";"Garoa/Chuvisco";"Dupla";"Reta";"Não";3;0;1;0;2;0;1;1;-22,878674;-46,372143;"SPRF-SP";"DEL03-SP";"UOP01-DEL03-SP"
424775;2022-04-05;"terça-feira";"17:00:00";"RN";101;66,3;"EXTREMOZ";"Condutor deixou de manter distância do veículo da frente";"Colisão traseira";"Com Vítimas Feridas";"Pleno dia";"Crescente";"Céu Claro";"Simples";"Declive";"Não";2;0;1;0;1;0;1;2;-5,65033356;-35,25016233;"SPRF-RN";"DEL02-RN";"UOP01-DEL02-RN"
424777;2022-04-05;"terça-feira";"13:20:00";"RS";290;67;"GRAVATAI";"Avarias e/ou desgaste excessivo no pneu";"Tombamento";"Sem Vítimas";"Pleno dia";"Crescente";"Sol";"Dupla";"Reta";"Não";1;0;0;0;1;0;0;1;-29,94256;-50,925896;"SPRF-RS";"DEL03-RS";"UOP01-DEL03-RS"
424778;2022-04-05;"terça-feira";"16:35:00";"RJ";116;315,5;"ITATIAIA";"Frear bruscamente";"Colisão traseira";"Com Vítimas Feridas";"Pleno dia";"Decrescente";"Chuva";"Dupla";"Reta";"Não";2;0;1;0;0;1;1;2;-22,46301346;-44,48160416;"SPRF-RJ";"DEL07-RJ";"UOP02-DEL07-RJ"
424780;2022-04-04;"segunda-feira";"18:45:00";"MT";70;513;"CUIABA";"Acessar a via sem observar a presença dos outros veículos";"Colisão transversal";"Com Vítimas Feridas";"Plena Noite";"Crescente";"Céu Claro";"Simples";"Reta";"Sim";2;0;0;1;1;0;1;2;-15,65051022;-55,99823809;"SPRF-MT";"DEL01-MT";"UOP02-DEL01-MT"
424781;2022-04-05;"terça-feira";"15:30:00";"MG";40;627,5;"CONSELHEIRO LAFAIETE";"Retorno proibido";"Colisão transversal";"Com Vítimas Feridas";"Pleno dia";"Decrescente";"Sol";"Simples";"Reta";"Sim";5;0;3;0;2;0;3;2;-20,645243;-43,810578;"SPRF-MG";"DEL05-MG";"UOP02-DEL05-MG"
424782;2022-03-31;"quinta-feira";"23:38:00";"RS";116;37,2;"VACARIA";"Reação tardia ou ineficiente do condutor";"Saída de leito carroçável";"Sem Vítimas";"Plena Noite";"Decrescente";"Céu Claro";"Simples";"Rotatória";"Sim";3;0;0;0;3;0;0;1;-28,50048666;-50,9197337;"SPRF-RS";"DEL05-RS";"UOP03-DEL05-RS"
424786;2022-04-05;"terça-feira";"17:45:00";"PR";476;2;"ADRIANOPOLIS";"Ausência de reação do condutor";"Atropelamento de Pedestre";"Com Vítimas Feridas";"Anoitecer";"Crescente";"Ignorado";"Simples";"Reta";"Sim";2;0;1;0;1;0;1;2;-24,664125;-48,990765;"SPRF-PR";"DEL01-PR";"UOP02-DEL01-PR"
424789;2022-04-05;"terça-feira";"18:30:00";"RJ";393;107;"SAPUCAIA";"Conversão proibida";"Colisão transversal";"Com Vítimas Feridas";"Plena Noite";"Crescente";"Céu Claro";"Simples";"Reta";"Sim";3;0;1;0;2;0;1;2;-21,87869149;-42,67853056;"SPRF-RJ";"DEL05-RJ";"UOP01-DEL05-RJ"