"id";"data_inversa";"dia_semana";"horario";"uf";"br";"km";"municipio";"causa_acidente";"tipo_acidente";"classificacao_acidente";"fase_dia";"sentido_via";"condicao_metereologica";"tipo_pista";"tracado_via";"uso_solo";"pessoas";"mortos";"feridos_leves";"feridos_graves";"ilesos";"ignorados";"feridos";"veiculos";"latitude";"longitude";"regional";"delegacia";"uop"
424790;2022-04-05;"terça-feira";"19:00:00";"PE";424;94;"GARANHUNS";"Retorno proibido";"Colisão transversal";"Com Vítimas Feridas";"Plena Noite";"Crescente";"Céu Claro";"Simples";"Reta";"Não";2;0;1;0;0;1;1;2;-8,91590392;-36,48883344;"SPRF-PE";"DEL03-PE";"UOP01-DEL03-PE"
424793;2022-04-05;"terça-feira";"16:40:00";"MG";267;29,5;"ARGIRITA";"Reação tardia ou ineficiente do condutor";"Colisão lateral sentido oposto";"Com Vítimas Feridas";"Pleno dia";"Crescente";"Céu Claro";"Simples";"Declive";"Não";3;0;2;1;0;0;3;2;-21,63594597;-42,83380808;"SPRF-MG";"DEL07-MG";"UOP01-DEL07-MG"
424794;2022-04-05;"terça-feira";"19:30:00";"PE";232;144;"SAO CAITANO";"Avarias e/ou desgaste excessivo no pneu";"Tombamento";"Com Vítimas Feridas";"Plena Noite";"Crescente";"Céu Claro";"Dupla";"Curva";"Não";2;0;1;1;0;0;2;1;-8,32522249;-36,11250878;"SPRF-PE";"DEL02-PE";"UOP03-DEL02-PE"
424796;2022-04-05;"terça-feira";"18:50:00";"MT";70;0;"BARRA DO GARCAS";"Desrespeitar a preferência no cruzamento";"Colisão traseira";"Com Vítimas Feridas";"Plena Noite";"Decrescente";"Céu Claro";"Simples";"Rotatória";"Sim";2;0;1;0;1;0;1;2;-15,895538;-52,25599;"SPRF-MT";"DEL07-MT";"UOP01-DEL07-MT"
424799;2022-04-05;"terça-feira";"19:00:00";"MG";116;765;"LEOPOLDINA";"Demais falhas mecânicas ou elétricas";"Incêndio";"Sem Vítimas";"Plena Noite";"Decrescente";"Céu Claro";"Simples";"Reta";"Sim";1;0;0;0;0;1;0;1;-21,5197389;-42,6491103;"SPRF-MG";"DEL07-MG";"UOP01-DEL07-MG"
424800;2022-04-05;"terça-feira";"18:55:00";"RS";116;252,6;"SAPUCAIA DO SUL";"Acumulo de areia ou detritos sobre o pavimento";"Queda de ocupante de veículo";"Com Vítimas Feridas";"Plena Noite";"Decrescente";"Céu Claro";"Dupla";"Reta";"Sim";1;0;1;0;0;0;1;1;-29,80913395;-51,1675292;"SPRF-RS";"DEL01-RS";"UOP02-DEL01-RS"
424801;2022-04-05;"terça-feira";"19:50:00";"SC";101;202,1;"SAO JOSE";"Transitar na contramão";"Colisão frontal";"Com Vítimas Feridas";"Plena Noite";"Crescente";"Céu Claro";"Múltipla";"Reta";"Sim";2;0;1;0;1;0;1;2;-27,55711595;-48,61897889;"SPRF-SC";"DEL01-SC";"UOP01-DEL01-SC"
424802;2022-04-04;"segunda-feira";"10:00:00";"BA";101;372,6;"GANDU";"Velocidade Incompatível";"Saída de leito carroçável";"Com Vítimas Feridas";"Pleno dia";"Decrescente";"Nublado";"Simples";"Curva";"Não";2;0;1;0;1;0;1;1;-13,7382;-39,48383331;"SPRF-BA";"DEL05-BA";"UOP03-DEL05-BA"
424803;2022-04-05;"terça-feira";"20:20:00";"PB";230;154;"CAMPINA GRANDE";"Ausência de reação do condutor";"Tombamento";"Com Vítimas Feridas";"Plena Noite";"Decrescente";"Vento";"Simples";"Reta";"Não";1;0;0;1;0;0;1;1;-7,2763;-35,8887;"SPRF-PB";"DEL02-PB";"UOP01-DEL02-PB"
424804;2022-04-05;"terça-feira";"20:20:00";"PR";476;278,5;"SAO MATEUS DO SUL";"Manobra de mudança de faixa";"Colisão transversal";"Com Vítimas Feridas";"Plena Noite";"Crescente";"Céu Claro";"Simples";"Declive";"Sim";2;0;0;1;1;0;1;2;-25,868753;-50,396477;"SPRF-PR";"DEL02-PR";"UOP04-DEL02-PR"
424805;2022-02-06;"domingo";"21:00:00";"MA";226;528;"LAJEADO NOVO";"Transitar na contramão";"Colisão frontal";"Com Vítimas Fatais";"Plena Noite";"Decrescente";"Ignorado";"Simples";"Reta";"Não";5;1;2;0;2;0;2;2;-6,1920180372;-47,0369669517;"SPRF-MA";"DEL04-MA";"UOP02-DEL04-MA"
424806;2022-04-05;"terça-feira";"20:00:00";"RS";293;12,8;"CAPAO DO LEAO";"Acessar a via sem observar a presença dos outros veículos";"Colisão transversal";"Com Vítimas Feridas";"Plena Noite";"Decrescente";"Céu Claro";"Simples";"Reta";"Não";2;0;1;0;0;1;1;2;-31,75636452;-52,44078991;"SPRF-RS";"DEL07-RS";"UOP01-DEL07-RS"
424807;2022-03-17;"quinta-feira";"16:00:00";"AM";319;101;"CAREIRO";"Manobra de mudança de faixa";"Saída de leito carroçável";"Sem Vítimas";"Anoitecer";"Crescente";"Nublado";"Simples";"Reta";"Não";3;0;0;0;0;3;0;3;-3,75392681;-60,2940363;"SPRF-AM";"DEL01-AM";"UOP04-DEL01-AM"
424810;2022-04-05;"terça-feira";"19:10:00";"RO";364;424,6;"JARU";"Desrespeitar a preferência no cruzamento";"Colisão transversal";"Com Vítimas Feridas";"Plena Noite";"Decrescente";"Céu Claro";"Simples";"Interseção de Vias";"Sim";3;0;3;0;0;0;3;2;-10,43834088;-62,470783;"SPRF-RO";"DEL03-RO";"UOP02-DEL03-RO"
424815;2022-04-05;"terça-feira";"20:20:00";"MG";116;556;"SANTA BARBARA DO LESTE";"Velocidade Incompatível";"Capotamento";"Com Vítimas Feridas";"Plena Noite";"Decrescente";"Céu Claro";"Simples";"Curva";"Não";2;0;1;1;0;0;2;1;-20,00951495;-42,15178013;"SPRF-MG";"DEL06-MG";"UOP02-DEL06-MG"
424820;2022-04-05;"terça-feira";"22:00:00";"SC";101;196;"BIGUACU";"Reação tardia ou ineficiente do condutor";"Colisão frontal";"Sem Vítimas";"Plena Noite";"Crescente";"Céu Claro";"Simples";"Reta";"Sim";1;0;0;0;0;1;0;1;-27,51101091;-48,64322292;"SPRF-SC";"DEL01-SC";"UOP01-DEL01-SC"
424821;2022-04-05;"terça-feira";"22:00:00";"SC";470;7;"ITAJAI";"Ausência de reação do condutor";"Saída de leito carroçável";"Com Vítimas Feridas";"Plena Noite";"Crescente";"Nublado";"Simples";"Reta";"Não";1;0;1;0;0;0;1;1;-26,84499;-48,71505;"SPRF-SC";"DEL04-SC";"UOP04-DEL04-SC"
424822;2022-04-02;"sábado";"23:00:00";"RO";319;63;"PORTO VELHO";"Frear bruscamente";"Colisão traseira";"Sem Vítimas";"Plena Noite";"Crescente";"Céu Claro";"Dupla";"Reta";"Sim";2;0;0;0;2;0;0;2;-8,766685;-63,884052;"SPRF-RO";"DEL01-RO";"UOP01-DEL01-RO"
424824;2022-04-05;"terça-feira";"21:30:00";"BA";407;123;"SENHOR DO BONFIM";"Pedestre andava na pista";"Atropelamento de Pedestre";"Com Vítimas Feridas";"Plena Noite";"Decrescente";"Céu Claro";"Simples";"Reta";"Não";2;0;2;0;0;0;2;2;-10,42999697;-40,18666127;"SPRF-BA";"DEL04-BA";"UOP01-DEL04-BA"
424828;2022-04-05;"terça-feira";"20:00:00";"MG";381;747,3;"TRES CORACOES";"Reação tardia ou ineficiente do condutor";"Saída de leito carroçável";"Com Vítimas Feridas";"Plena Noite";"Decrescente";"Garoa/Chuvisco";"Dupla";"Reta";"Não";1;0;1;0;0;0;1;1;-21,62359607;-45,26566744;"SPRF-MG";"DEL16-MG";"UOP02-DEL16-MG"
424829;2022-04-05;"terça-feira";"18:20:00";"RN";427;102;"CAICO";"Transitar na contramão";"Colisão frontal";"Com Vítimas Feridas";"Plena Noite";"Decrescente";"Céu Claro";"Simples";"Reta";"Não";2;0;2;0;0;0;2;2;-6,45395471;-37,12301287;"SPRF-RN";"DEL03-RN";"UOP01-DEL03-RN"
424830;2022-04-05;"terça-feira";"23:17:00";"PE";232;6,4;"RECIFE";"Reação tardia ou ineficiente do condutor";"Colisão traseira";"Sem Vítimas";"Plena Noite";"Decrescente";"Céu Claro";"Múltipla";"Reta";"Não";2;0;0;0;2;0;0;2;-8,07079525;-34,9535389;"SPRF-PE";"DEL01-PE";"UOP01-DEL01-PE"
424831;2022-04-05;"terça-feira";"23:30:00";"RS";116;255;"SAPUCAIA DO SUL";"Reação tardia ou ineficiente do condutor";"Atropelamento de Pedestre";"Com Vítimas Feridas";"Plena Noite";"Decrescente";"Céu Claro";"Múltipla";"Aclive";"Sim";4;0;2;1;1;0;3;2;-29,83522986;-51,17484349;"SPRF-RS";"DEL01-RS";"UOP02-DEL01-RS"
424833;2022-04-05;"terça-feira";"18:30:00";"MT";70;704;"CACERES";"Condutor deixou de manter distância do veículo da frente";"Colisão traseira";"Sem Vítimas";"Plena Noite";"Crescente";"Céu Claro";"Simples";"Declive";"Não";2;0;0;0;2;0;0;2;-16,25330393;-57,46318699;"SPRF-MT";"DEL03-MT";"UOP01-DEL03-MT"
424837;2022-04-06;"quarta-feira";"01:10:00";"PR";277;724;"FOZ DO IGUACU";"Ingestão de álcool pelo condutor";"Saída de leito carroçável";"Sem Vítimas";"Plena Noite";"Decrescente";"Nublado";"Dupla";"Reta";"Sim";2;0;0;0;2;0;0;1;-25,50257577;-54,53868311;"SPRF-PR";"DEL05-PR";"UOP03-DEL05-PR"
424839;2022-04-06;"quarta-feira";"00:30:00";"MS";60;431,3;"SIDROLANDIA";"Ausência de reação do condutor";"Saída de leito carroçável";"Com Vítimas Feridas";"Plena Noite";"Decrescente";"Céu Claro";"Simples";"Rotatória";"Não";1;0;0;1;0;0;1;1;-20,97943937;-54,97211164;"SPRF-MS";"DEL01-MS";"UOP04-DEL01-MS"
424840;2022-04-05;"terça-feira";"19:50:00";"RS";386;336,4;"MARQUES DE SOUZA";"Ingestão de álcool pelo condutor";"Saída de leito carroçável";"Sem Vítimas";"Plena Noite";"Crescente";"Céu Claro";"Simples";"Declive;Reta";"Não";1;0;0;0;0;1;0;1;-29,39168;-52,042123;"SPRF-RS";"DEL04-RS";"UOP01-DEL04-RS"
424841;2022-04-06;"quarta-feira";"02:50:00";"PR";369;136,7;"IBIPORA";"Ingestão de substâncias psicoativas pelo condutor";"Colisão frontal";"Sem Vítimas";"Plena Noite";"Decrescente";"Céu Claro";"Simples";"Rotatória";"Sim";3;0;0;0;3;0;0;2;-23,27067795;-51,03891313;"SPRF-PR";"DEL07-PR";"UOP01-DEL07-PR"
424842;2022-04-06;"quarta-feira";"03:00:00";"GO";153;159;"CAMPINORTE";"Entrada inopinada do pedestre";"Atropelamento de Pedestre";"Com Vítimas Fatais";"Plena Noite";"Crescente";"Céu Claro";"Simples";"Reta";"Não";2;1;0;0;1;0;0;2;-14,159916;-49,122505;"SPRF-GO";"DEL07-GO";"UOP02-DEL07-GO"
424845;2022-04-06;"quarta-feira";"05:20:00";"MS";163;548;"BANDEIRANTES";"Acessar a via sem observar a presença dos outros veículos";"Colisão transversal";"Com Vítimas Feridas";"Pleno dia";"Crescente";"Céu Claro";"Simples";"Reta";"Sim";2;0;0;1;1;0;1;2;-19,91869106;-54,36860922;"SPRF-MS";"DEL01-MS";"UOP02-DEL01-MS"
424846;2022-04-06;"quarta-feira";"00:04:00";"MG";459;102;"POUSO ALEGRE";"Pedestre cruzava a pista fora da faixa";"Atropelamento de Pedestre";"Com Vítimas Feridas";"Plena Noite";"Crescente";"Céu Claro";"Dupla";"Reta";"Sim";2;0;0;1;1;0;1;2;-22,21978555;-45,91452967;"SPRF-MG";"DEL16-MG";"UOP01-DEL16-MG"
424848;2022-04-06;"quarta-feira";"06:35:00";"CE";20;420;"MARACANAU";"Manobra de mudança de faixa";"Colisão transversal";"Com Vítimas Feridas";"Pleno dia";"Crescente";"Nublado";"Múltipla";"Aclive";"Sim";2;0;1;0;1;0;1;2;-3,76999035;-38,67006282;"SPRF-CE";"DEL01-CE";"UOP02-DEL01-CE"
424852;2022-04-06;"quarta-feira";"07:05:00";"DF";40;6;"BRASILIA";"Trafegar com motocicleta (ou similar) entre as faixas";"Colisão lateral mesmo sentido";"Com Vítimas Feridas";"Pleno dia";"Decrescente";"Céu Claro";"Dupla";"Reta";"Sim";2;0;1;0;1;0;1;2;-16,029741;-47,978867;"SPRF-DF";"DEL01-DF";"UOP01-DEL01-DF"
424853;2022-04-06;"quarta-feira";"07:20:00";"PR";116;120;"CURITIBA";"Pedestre cruzava a pista fora da faixa";"Atropelamento de Pedestre";"Com Vítimas Feridas";"Pleno dia";"Decrescente";"Nublado";"Dupla";"Reta";"Sim";2;0;1;1;0;0;2;2;-25,58696242;-49,31427956;"SPRF-PR";"DEL01-PR";"UOP03-DEL01-PR"
424854;2022-04-06;"quarta-feira";"05:50:00";"MT";364;238;"JUSCIMEIRA";"Demais falhas mecânicas ou elétricas";"Incêndio";"Com Vítimas Feridas";"Amanhecer";"Crescente";"Nublado";"Dupla";"Reta;Aclive";"Não";1;0;1;0;0;0;1;1;-16,19634212;-54,78316547;"SPRF-MT";"DEL02-MT";"UOP01-DEL02-MT"
424856;2022-04-06;"quarta-feira";"07:50:00";"ES";101;293;"CARIACICA";"Animais na Pista";"Atropelamento de Animal";"Com Vítimas Feridas";"Pleno dia";"Decrescente";"Céu Claro";"Dupla";"Reta";"Sim";1;0;1;0;0;0;1;1;-20,31526144;-40,39567044;"SPRF-ES";"DEL01-ES";"UOP01-DEL01-ES"
424858;2022-04-06;"quarta-feira";"07:30:00";"SC";282;1;"FLORIANOPOLIS";"Ausência de reação do condutor";"Colisão traseira";"Com Vítimas Feridas";"Pleno dia";"Decrescente";"Nublado";"Múltipla";"Reta";"Sim";3;0;2;0;1;0;2;2;-27,602955;-48,580509;"SPRF-SC";"DEL01-SC";"UOP01-DEL01-SC"
424859;2022-04-06;"quarta-feira";"07:20:00";"RN";101;138,5;"ARES";"Chuva";"Saída de leito carroçável";"Com Vítimas Feridas";"Pleno dia";"Decrescente";"Chuva";"Dupla";"Curva";"Não";1;0;1;0;0;0;1;1;-6,1884521;-35,2132263;"SPRF-RN";"DEL01-RN";"UOP01-DEL01-RN"
424860;2022-04-06;"quarta-feira";"08:00:00";"ES";101;269,7;"SERRA";"Manobra de mudança de faixa";"Colisão lateral mesmo sentido";"Com Vítimas Feridas";"Pleno dia";"Decrescente";"Céu Claro";"Dupla";"Reta";"Sim";2;0;1;0;0;1;1;2;-20,21740496;-40,26990578;"SPRF-ES";"DEL02-ES";"UOP01-DEL02-ES"
424864;2022-04-06;"quarta-feira";"07:45:00";"SP";116;226;"GUARULHOS";"Condutor deixou de manter distância do veículo da frente";"Colisão traseira";"Com Vítimas Feridas";"Pleno dia";"Crescente";"Céu Claro";"Múltipla";"Reta";"Sim";3;0;2;0;1;0;2;2;-23,49102507;-46,54878195;"SPRF-SP";"DEL01-SP";"UOP01-DEL01-SP"
424865;2022-04-06;"quarta-feira";"07:45:00";"PR";476;142;"CURITIBA";"Manobra de mudança de faixa";"Colisão traseira";"Com Vítimas Feridas";"Pleno dia";"Decrescente";"Céu Claro";"Dupla";"Reta";"Sim";2;0;1;0;1;0;1;2;-25,57140489;-49,20748999;"SPRF-PR";"DEL01-PR";"UOP03-DEL01-PR"
424866;2022-04-06;"quarta-feira";"08:00:00";"SP";116;227;"GUARULHOS";"Transitar no acostamento";"Atropelamento de Pedestre";"Com Vítimas Feridas";"Pleno dia";"Crescente";"Céu Claro";"Dupla";"Reta";"Sim";3;0;2;0;1;0;2;2;-23,49659264;-46,55648754;"SPRF-SP";"DEL01-SP";"UOP01-DEL01-SP"
424867;2022-04-06;"quarta-feira";"08:00:00";"SP";116;219,1;"GUARULHOS";"Objeto estático sobre o leito carroçável";"Colisão com objeto";"Com Vítimas Feridas";"Pleno dia";"Crescente";"Céu Claro";"Dupla";"Reta";"Sim";1;0;0;1;0;0;1;1;-23,46143954;-46,48885316;"SPRF-SP";"DEL01-SP";"UOP01-DEL01-SP"
424868;2022-04-06;"quarta-feira";"08:00:00";"PR";277;609,2;"SANTA TEREZA DO OESTE";"Ultrapassagem Indevida";"Queda de ocupante de veículo";"Com Vítimas Feridas";"Pleno dia";"Decrescente";"Nublado";"Simples";"Reta";"Sim";2;0;1;0;0;1;1;2;-25,04783521;-53,61298988;"SPRF-PR";"DEL05-PR";"UOP02-DEL05-PR"
424871;2022-04-06;"quarta-feira";"06:55:00";"RS";116;247,8;"SAO LEOPOLDO";"Entrada inopinada do pedestre";"Atropelamento de Pedestre";"Com Vítimas Feridas";"Pleno dia";"Crescente";"Céu Claro";"Dupla";"Reta";"Sim";3;0;2;0;1;0;2;2;-29,77360656;-51,1561203;"SPRF-RS";"DEL01-RS";"UOP02-DEL01-RS"
424873;2022-03-13;"domingo";"19:25:00";"PR";277;723;"FOZ DO IGUACU";"Ingestão de álcool pelo condutor";"Atropelamento de Pedestre";"Com Vítimas Feridas";"Plena Noite";"Crescente";"Céu Claro";"Dupla";"Reta";"Sim";2;0;0;1;0;1;1;2;-25,49878215;-54,52985294;"SPRF-PR";"DEL05-PR";"UOP03-DEL05-PR"
424874;2022-04-06;"quarta-feira";"06:40:00";"RO";421;2;"ARIQUEMES";"Retorno proibido";"Colisão lateral mesmo sentido";"Com Vítimas Feridas";"Amanhecer";"Crescente";"Céu Claro";"Simples";"Reta";"Não";2;0;1;0;1;0;1;2;-9,925448;-63,071266;"SPRF-RO";"DEL03-RO";"UOP01-DEL03-RO"
424875;2022-04-06;"quarta-feira";"07:50:00";"SC";470;50,6;"BLUMENAU";"Ausência de reação do condutor";"Tombamento";"Com Vítimas Feridas";"Pleno dia";"Crescente";"Nublado";"Múltipla";"Reta";"Não";1;0;0;1;0;0;1;1;-26,859768;-49,074493;"SPRF-SC";"DEL04-SC";"UOP01-DEL04-SC"
424877;2022-04-06;"quarta-feira";"08:10:00";"MG";381;2,9;"BETIM";"Reação tardia ou ineficiente do condutor";"Atropelamento de Pedestre";"Com Vítimas Fatais";"Pleno dia";"Crescente";"Céu Claro";"Simples";"Aclive;Em Obras;Reta";"Não";4;1;0;0;1;2;0;2;-19,9844369;-44,1675818;"SPRF-MG";"DEL01-MG";"UOP03-DEL01-MG"
424880;2022-04-05;"terça-feira";"17:00:00";"PE";101;18,9;"GOIANA";"Pista esburacada";"Capotamento";"Com Vítimas Feridas";"Anoitecer";"Crescente";"Céu Claro";"Dupla";"Reta";"Não";2;0;0;1;1;0;1;1;-7,64778973;-34,95054569;"SPRF-PE";"DEL01-PE";"UOP02-DEL01-PE"
424882;2022-04-06;"quarta-feira";"09:20:00";"RN";101;153;"CANGUARETAMA";"Chuva";"Queda de ocupante de veículo";"Com Vítimas Feridas";"Pleno dia";"Crescente";"Chuva";"Dupla";"Reta";"Não";1;0;1;0;0;0;1;1;-6,31748925;-35,18316143;"SPRF-RN";"DEL01-RN";"UOP01-DEL01-RN"
424883;2022-04-06;"quarta-feira";"10:20:00";"BA";242;792;"BARREIRAS";"Entrada inopinada do pedestre";"Atropelamento de Pedestre";"Com Vítimas Feridas";"Pleno dia";"Decrescente";"Céu Claro";"Simples";"Reta";"Sim";2;0;1;1;0;0;2;2;-12,14883577;-44,81620209;"SPRF-BA";"DEL10-BA";"UOP01-DEL10-BA"
424887;2022-03-16;"quarta-feira";"07:00:00";"MS";163;468;"CAMPO GRANDE";"Ausência de reação do condutor";"Queda de ocupante de veículo";"Com Vítimas Feridas";"Pleno dia";"Crescente";"Céu Claro";"Simples";"Reta";"Não";2;0;2;0;0;0;2;1;-20,57406377;-54,56902615;"SPRF-MS";"DEL01-MS";"UOP01-DEL01-MS"
424888;2022-04-06;"quarta-feira";"10:45:00";"DF";70;4,7;"BRASILIA";"Manobra de mudança de faixa";"Colisão lateral mesmo sentido";"Com Vítimas Feridas";"Pleno dia";"Crescente";"Céu Claro";"Dupla";"Reta";"Sim";5;0;0;3;2;0;3;2;-15,798115;-48,089317;"SPRF-DF";"DEL03-DF";"UOP02-DEL03-DF"
424889;2022-04-06;"quarta-feira";"08:50:00";"PR";376;601;"ARAUCARIA";"Manobra de mudança de faixa";"Colisão lateral mesmo sentido";"Com Vítimas Feridas";"Pleno dia";"Decrescente";"Nublado";"Dupla";"Reta";"Sim";2;0;1;0;1;0;1;2;-25,537054;-49,31404;"SPRF-PR";"DEL01-PR";"UOP01-DEL01-PR"
424890;2022-04-06;"quarta-feira";"11:00:00";"SP";116;20,6;"LAVRINHAS";"Ausência de reação do condutor";"Colisão com objeto";"Com Vítimas Feridas";"Pleno dia";"Crescente";"Nublado";"Dupla";"Reta";"Não";2;0;1;0;1;0;1;1;-22,57593;-44,87002;"SPRF-SP";"DEL08-SP";"UOP02-DEL08-SP"
424891;2022-04-06;"quarta-feira";"10:15:00";"PR";116;110;"CURITIBA";"Reação tardia ou ineficiente do condutor";"Colisão traseira";"Com Vítimas Feridas";"Pleno dia";"Crescente";"Céu Claro";"Dupla";"Reta";"Não";3;0;1;0;2;0;1;2;-25,57012941;-49,21736805;"SPRF-PR";"DEL01-PR";"UOP01-DEL01-PR"
424896;2022-04-06;"quarta-feira";"11:25:00";"SP";116;229;"GUARULHOS";"Manobra de mudança de faixa";"Colisão lateral mesmo sentido";"Com Vítimas Feridas";"Pleno dia";"Crescente";"Sol";"Múltipla";"Reta";"Sim";2;0;1;0;1;0;1;2;-23,51291902;-46,57604698;"SPRF-SP";"DEL01-SP";"UOP01-DEL01-SP"
424898;2022-04-06;"quarta-feira";"10:54:00";"RJ";40;118;"DUQUE DE CAXIAS";"Condutor deixou de manter distância do veículo da frente";"Colisão traseira";"Com Vítimas Feridas";"Pleno dia";"Decrescente";"Nublado";"Múltipla";"Reta";"Sim";6;0;3;0;3;0;3;2;-22,75470802;-43,28737838;"SPRF-RJ";"DEL01-RJ";"UOP01-DEL01-RJ"
424901;2022-04-06;"quarta-feira";"12:21:00";"SP";116;283;"EMBU DAS ARTES";"Ausência de reação do condutor";"Colisão lateral mesmo sentido";"Com Vítimas Feridas";"Pleno dia";"Decrescente";"Céu Claro";"Dupla";"Reta";"Não";2;0;1;0;1;0;1;2;-23,69297005;-46,86352786;"SPRF-SP";"DEL04-SP";"UOP01-DEL04-SP"
424902;2022-04-06;"quarta-feira";"10:04:00";"MA";135;79;"SANTA RITA";"Acessar a via sem observar a presença dos outros veículos";"Colisão frontal";"Com Vítimas Feridas";"Pleno dia";"Crescente";"Céu Claro";"Simples";"Curva";"Não";2;0;0;1;1;0;1;2;-3,212133;-44,36219192;"SPRF-MA";"DEL01-MA";"UOP02-DEL01-MA"
424903;2022-04-06;"quarta-feira";"11:15:00";"SC";101;276;"IMBITUBA";"Acessar a via sem observar a presença dos outros veículos";"Colisão lateral mesmo sentido";"Com Vítimas Feridas";"Pleno dia";"Crescente";"Nublado";"Simples";"Reta";"Sim";2;0;1;0;1;0;1;2;-28,14644701;-48,69204746;"SPRF-SC";"DEL02-SC";"UOP03-DEL02-SC"
424905;2022-04-06;"quarta-feira";"10:50:00";"MS";163;316;"RIO BRILHANTE";"Reação tardia ou ineficiente do condutor";"Capotamento";"Com Vítimas Feridas";"Pleno dia";"Decrescente";"Céu Claro";"Simples";"Rotatória";"Não";1;0;1;0;0;0;1;1;-21,8437119541;-54,5374638942;"SPRF-MS";"DEL02-MS";"UOP02-DEL02-MS"
424906;2022-04-06;"quarta-feira";"11:30:00";"RN";226;84;"TANGARA";"Acessar a via sem observar a presença dos outros veículos";"Colisão transversal";"Com Vítimas Feridas";"Pleno dia";"Crescente";"Céu Claro";"Simples";"Reta";"Sim";2;0;0;1;1;0;1;2;-6,20320982;-35,80533536;"SPRF-RN";"DEL03-RN";"UOP02-DEL03-RN"
424908;2022-04-06;"quarta-feira";"13:10:00";"PE";408;104;"JABOATAO DOS GUARARAPES";"Ausência de reação do condutor";"Colisão com objeto";"Sem Vítimas";"Pleno dia";"Decrescente";"Nublado";"Dupla";"Reta";"Sim";1;0;0;0;1;0;0;1;-8,064443;-34,99006;"SPRF-PE";"DEL01-PE";"UOP01-DEL01-PE"
424910;2022-04-06;"quarta-feira";"13:35:00";"MG";40;790,8;"JUIZ DE FORA";"Reação tardia ou ineficiente do condutor";"Saída de leito carroçável";"Com Vítimas Feridas";"Pleno dia";"Crescente";"Céu Claro";"Dupla";"Reta";"Não";7;0;7;0;0;0;7;1;-21,77130707;-43,43618608;"SPRF-MG";"DEL05-MG";"UOP01-DEL05-MG"
424913;2022-04-06;"quarta-feira";"12:00:00";"MG";262;823;"UBERABA";"Condutor Dormindo";"Saída de leito carroçável";"Com Vítimas Feridas";"Pleno dia";"Decrescente";"Céu Claro";"Dupla";"Reta";"Não";1;0;1;0;0;0;1;1;-19,75760422;-48,1522031;"SPRF-MG";"DEL13-MG";"UOP01-DEL13-MG"
424915;2022-04-06;"quarta-feira";"14:00:00";"SC";101;202,5;"SAO JOSE";"Velocidade Incompatível";"Engavetamento";"Com Vítimas Feridas";"Pleno dia";"Crescente";"Céu Claro";"Múltipla";"Reta";"Não";5;0;2;0;3;0;2;3;-27,5650044;-48,61460082;"SPRF-SC";"DEL01-SC";"UOP01-DEL01-SC"
424916;2022-04-02;"sábado";"00:00:00";"PE";101;47,7;"ABREU E LIMA";"Ultrapassagem Indevida";"Colisão lateral mesmo sentido";"Com Vítimas Feridas";"Plena Noite";"Crescente";"Céu Claro";"Dupla";"Aclive";"Sim";4;0;2;0;2;0;2;3;-7,88290701;-34,90461208;"SPRF-PE";"DEL01-PE";"UOP02-DEL01-PE"
424917;2022-01-16;"domingo";"19:45:00";"RN";406;104;"JOAO CAMARA";"Estacionar ou parar em local proibido";"Colisão traseira";"Com Vítimas Feridas";"Plena Noite";"Crescente";"Céu Claro";"Simples";"Declive";"Sim";3;0;1;0;2;0;1;3;-5,54067796;-35,80553967;"SPRF-RN";"DEL02-RN";"UOP01-DEL02-RN"
424919;2022-04-06;"quarta-feira";"14:10:00";"CE";20;421;"MARACANAU";"Transitar no acostamento";"Colisão transversal";"Com Vítimas Feridas";"Pleno dia";"Crescente";"Céu Claro";"Dupla";"Reta";"Sim";2;0;1;0;1;0;1;2;-3,85090607;-38,56428623;"SPRF-CE";"DEL01-CE";"UOP02-DEL01-CE"
424922;2022-04-06;"quarta-feira";"13:50:00";"RJ";116;180;"BELFORD ROXO";"Trafegar com motocicleta (ou similar) entre as faixas";"Queda de ocupante de veículo";"Com Vítimas Feridas";"Pleno dia";"Decrescente";"Nublado";"Dupla";"Reta";"Sim";2;0;1;0;1;0;1;2;-22,7651616;-43,4154728;"SPRF-RJ";"DEL01-RJ";"UOP02-DEL01-RJ"
424923;2022-04-06;"quarta-feira";"13:50:00";"PE";101;84,2;"JABOATAO DOS GUARARAPES";"Reação tardia ou ineficiente do condutor";"Colisão lateral mesmo sentido";"Com Vítimas Feridas";"Pleno dia";"Crescente";"Céu Claro";"Simples";"Reta";"Sim";3;0;0;1;2;0;1;3;-8,17778559;-34,95087297;"SPRF-PE";"DEL01-PE";"UOP01-DEL01-PE"
424924;2022-04-06;"quarta-feira";"14:40:00";"PR";277;726,8;"FOZ DO IGUACU";"Demais falhas mecânicas ou elétricas";"Queda de ocupante de veículo";"Com Vítimas Feridas";"Pleno dia";"Crescente";"Céu Claro";"Dupla";"Rotatória";"Sim";1;0;0;1;0;0;1;1;-25,5106015;-54,55481999;"SPRF-PR";"DEL05-PR";"UOP03-DEL05-PR"
424925;2022-04-06;"quarta-feira";"09:20:00";"RO";364;383;"OURO PRETO DO OESTE";"Ultrapassagem Indevida";"Atropelamento de Pedestre";"Com Vítimas Feridas";"Pleno dia";"Decrescente";"Céu Claro";"Simples";"Em Obras";"Sim";3;0;0;1;2;0;1;2;-10,72104014;-62,24385208;"SPRF-RO";"DEL02-RO";"UOP01-DEL02-RO"