"id";"data_inversa";"dia_semana";"horario";"uf";"br";"km";"municipio";"causa_acidente";"tipo_acidente";"classificacao_acidente";"fase_dia";"sentido_via";"condicao_metereologica";"tipo_pista";"tracado_via";"uso_solo";"pessoas";"mortos";"feridos_leves";"feridos_graves";"ilesos";"ignorados";"feridos";"veiculos";"latitude";"longitude";"regional";"delegacia";"uop"
425050;2022-04-07;"quinta-feira";"07:00:00";"PR";376;182,2;"SARANDI";"Pista esburacada";"Tombamento";"Com Vítimas Feridas";"Pleno dia";"Decrescente";"Céu Claro";"Dupla";"Reta";"Sim";1;0;1;0;0;0;1;1;-23,43684112;-51,87880764;"SPRF-PR";"DEL09-PR";"UOP01-DEL09-PR"
425051;2022-04-07;"quinta-feira";"07:00:00";"RJ";116;178;"NOVA IGUACU";"Acessar a via sem observar a presença dos outros veículos";"Colisão lateral mesmo sentido";"Sem Vítimas";"Pleno dia";"Crescente";"Céu Claro";"Múltipla";"Reta";"Sim";3;0;0;0;2;1;0;3;-22,77496393;-43,40081465;"SPRF-RJ";"DEL01-RJ";"UOP02-DEL01-RJ"
425052;2022-04-07;"quinta-feira";"07:45:00";"SC";101;211,1;"PALHOCA";"Trafegar com motocicleta (ou similar) entre as faixas";"Colisão traseira";"Com Vítimas Feridas";"Pleno dia";"Decrescente";"Nublado";"Múltipla";"Reta";"Sim";4;0;2;0;2;0;2;4;-27,62329313;-48,65245588;"SPRF-SC";"DEL01-SC";"UOP02-DEL01-SC"
425053;2022-04-07;"quinta-feira";"07:15:00";"SC";470;55,9;"BLUMENAU";"Acessar a via sem observar a presença dos outros veículos";"Colisão transversal";"Com Vítimas Feridas";"Pleno dia";"Crescente";"Nublado";"Simples";"Reta";"Não";2;0;1;0;1;0;1;2;-26,875601;-49,117992;"SPRF-SC";"DEL04-SC";"UOP01-DEL04-SC"
425057;2022-04-07;"quinta-feira";"01:12:00";"MG";381;519;"IGARAPE";"Reação tardia ou ineficiente do condutor";"Colisão com objeto";"Com Vítimas Feridas";"Plena Noite";"Decrescente";"Céu Claro";"Dupla";"Reta";"Sim";1;0;1;0;0;0;1;1;-20,12834104;-44,30330781;"SPRF-MG";"DEL04-MG";"UOP03-DEL04-MG"
425058;2022-04-07;"quinta-feira";"07:00:00";"PI";316;297;"PICOS";"Ultrapassagem Indevida";"Colisão com objeto";"Com Vítimas Feridas";"Pleno dia";"Decrescente";"Nublado";"Simples";"Reta";"Não";2;0;1;0;1;0;1;1;-7,02245207;-41,56280109;"SPRF-PI";"DEL04-PI";"UOP01-DEL04-PI"
425060;2022-04-07;"quinta-feira";"06:50:00";"RN";101;105,5;"PARNAMIRIM";"Acessar a via sem observar a presença dos outros veículos";"Colisão transversal";"Com Vítimas Feridas";"Pleno dia";"Decrescente";"Sol";"Dupla";"Interseção de Vias";"Sim";2;0;1;0;1;0;1;2;-5,90620777;-35,26015878;"SPRF-RN";"DEL01-RN";"UOP01-DEL01-RN"
425061;2022-04-07;"quinta-feira";"07:35:00";"PE";101;76;"RECIFE";"Avarias e/ou desgaste excessivo no pneu";"Colisão com objeto";"Com Vítimas Feridas";"Pleno dia";"Decrescente";"Céu Claro";"Dupla";"Reta";"Sim";2;0;1;0;1;0;1;2;-8,11813811;-34,94329214;"SPRF-PE";"DEL01-PE";"UOP01-DEL01-PE"
425062;2022-01-09;"domingo";"19:00:00";"MG";40;565;"NOVA LIMA";"Pedestre andava na pista";"Atropelamento de Pedestre";"Com Vítimas Feridas";"Plena Noite";"Decrescente";"Nublado";"Simples";"Reta";"Não";2;0;0;1;1;0;1;2;-20,17239927;-43,96576351;"SPRF-MG";"DEL01-MG";"UOP02-DEL01-MG"
425064;2022-02-18;"sexta-feira";"20:00:00";"PR";369;474;"CORBELIA";"Chuva";"Saída de leito carroçável";"Com Vítimas Feridas";"Plena Noite";"Crescente";"Chuva";"Simples";"Reta";"Não";1;0;1;0;0;0;1;1;-24,59160243;-53,20498466;"SPRF-PR";"DEL04-PR";"UOP03-DEL04-PR"
425065;2022-04-07;"quinta-feira";"07:30:00";"PR";476;133;"CURITIBA";"Pedestre cruzava a pista fora da faixa";"Atropelamento de Pedestre";"Com Vítimas Feridas";"Pleno dia";"Decrescente";"Nublado";"Múltipla";"Reta";"Sim";2;0;1;0;1;0;1;2;-25,469219;-49,254143;"SPRF-PR";"DEL01-PR";"UOP03-DEL01-PR"
425066;2022-02-15;"terça-feira";"06:40:00";"PA";230;110;"MARABA";"Acessar a via sem observar a presença dos outros veículos";"Colisão transversal";"Com Vítimas Feridas";"Pleno dia";"Crescente";"Sol";"Simples";"Reta";"Sim";3;0;0;1;2;0;1;2;-5,37342727;-49,03126806;"SPRF-PA";"DEL03-PA";"UOP01-DEL03-PA"
425068;2022-04-07;"quinta-feira";"07:15:00";"BA";324;612;"SIMOES FILHO";"Manobra de mudança de faixa";"Colisão traseira";"Com Vítimas Feridas";"Pleno dia";"Decrescente";"Céu Claro";"Dupla";"Reta";"Sim";3;0;2;0;1;0;2;2;-12,84664721;-38,41741648;"SPRF-BA";"DEL01-BA";"UOP01-DEL01-BA"
425070;2022-04-03;"domingo";"11:50:00";"PE";104;76,7;"CARUARU";"Acessar a via sem observar a presença dos outros veículos";"Colisão transversal";"Com Vítimas Feridas";"Pleno dia";"Crescente";"Céu Claro";"Simples";"Reta";"Não";2;0;1;0;1;0;1;2;-8,367286;-35,985153;"SPRF-PE";"DEL02-PE";"UOP01-DEL02-PE"
425073;2022-04-07;"quinta-feira";"08:50:00";"RJ";116;176;"SAO JOAO DE MERITI";"Velocidade Incompatível";"Engavetamento";"Com Vítimas Feridas";"Pleno dia";"Crescente";"Céu Claro";"Múltipla";"Reta";"Sim";3;0;1;0;2;0;1;3;-22,7839538;-43,38195488;"SPRF-RJ";"DEL01-RJ";"UOP02-DEL01-RJ"
425074;2022-01-17;"segunda-feira";"12:00:00";"MG";267;119,8;"JUIZ DE FORA";"Reação tardia ou ineficiente do condutor";"Colisão frontal";"Com Vítimas Feridas";"Pleno dia";"Crescente";"Céu Claro";"Simples";"Curva";"Sim";2;0;0;2;0;0;2;2;-21,70480477;-43,45882416;"SPRF-MG";"DEL05-MG";"UOP01-DEL05-MG"
425075;2022-04-07;"quinta-feira";"08:40:00";"GO";153;504;"APARECIDA DE GOIANIA";"Ausência de reação do condutor";"Queda de ocupante de veículo";"Com Vítimas Feridas";"Pleno dia";"Decrescente";"Céu Claro";"Simples";"Reta";"Sim";2;0;1;0;1;0;1;2;-16,7451;-49,2408;"SPRF-GO";"DEL01-GO";"UOP01-DEL01-GO"
425079;2022-04-07;"quinta-feira";"08:55:00";"SC";101;212;"PALHOCA";"Acessar a via sem observar a presença dos outros veículos";"Colisão lateral mesmo sentido";"Com Vítimas Feridas";"Pleno dia";"Crescente";"Sol";"Dupla";"Reta";"Sim";1;0;1;0;0;0;1;1;-27,62996929;-48,65903871;"SPRF-SC";"DEL01-SC";"UOP02-DEL01-SC"
425081;2022-04-02;"sábado";"23:40:00";"PE";101;47;"IGARASSU";"Condutor deixou de manter distância do veículo da frente";"Colisão traseira";"Sem Vítimas";"Plena Noite";"Crescente";"Chuva";"Múltipla";"Reta";"Não";4;0;0;0;3;1;0;2;-7,88290701;-34,90461208;"SPRF-PE";"DEL01-PE";"UOP02-DEL01-PE"
425082;2022-04-07;"quinta-feira";"09:30:00";"SP";381;17;"BRAGANCA PAULISTA";"Manobra de mudança de faixa";"Capotamento";"Com Vítimas Feridas";"Pleno dia";"Decrescente";"Céu Claro";"Dupla";"Reta";"Sim";4;0;3;1;0;0;4;1;-22,96631992;-46,48449317;"SPRF-SP";"DEL03-SP";"UOP01-DEL03-SP"
425084;2022-04-07;"quinta-feira";"08:30:00";"RS";470;160;"NOVA PRATA";"Ausência de reação do condutor";"Saída de leito carroçável";"Sem Vítimas";"Pleno dia";"Decrescente";"Nublado";"Simples";"Reta";"Não";1;0;0;0;1;0;0;1;-28,81066741;-51,60061401;"SPRF-RS";"DEL06-RS";"UOP02-DEL06-RS"
425087;2022-04-07;"quinta-feira";"10:20:00";"ES";101;269;"SERRA";"Condutor deixou de manter distância do veículo da frente";"Colisão traseira";"Com Vítimas Feridas";"Pleno dia";"Decrescente";"Nublado";"Dupla";"Reta";"Sim";2;0;1;0;1;0;1;2;-20,21740496;-40,26990578;"SPRF-ES";"DEL02-ES";"UOP01-DEL02-ES"
425089;2022-04-07;"quinta-feira";"10:10:00";"MG";381;805,4;"SAO GONCALO DO SAPUCAI";"Condutor deixou de manter distância do veículo da frente";"Colisão lateral mesmo sentido";"Com Vítimas Feridas";"Pleno dia";"Decrescente";"Céu Claro";"Dupla";"Reta";"Não";3;0;1;0;2;0;1;2;-22,0056578;-45,67574216;"SPRF-MG";"DEL16-MG";"UOP02-DEL16-MG"
425091;2022-04-07;"quinta-feira";"09:30:00";"RN";110;48;"MOSSORO";"Condutor deixou de manter distância do veículo da frente";"Colisão traseira";"Com Vítimas Feridas";"Pleno dia";"Decrescente";"Céu Claro";"Dupla";"Reta";"Sim";4;0;3;0;1;0;3;3;-5,21006;-37,33325;"SPRF-RN";"DEL04-RN";"UOP01-DEL04-RN"
425093;2022-04-07;"quinta-feira";"10:50:00";"RN";304;42,8;"MOSSORO";"Acessar a via sem observar a presença dos outros veículos";"Colisão lateral mesmo sentido";"Com Vítimas Feridas";"Pleno dia";"Crescente";"Céu Claro";"Dupla";"Reta";"Sim";2;0;1;0;1;0;1;2;-5,21278093;-37,37221494;"SPRF-RN";"DEL04-RN";"UOP01-DEL04-RN"
425094;2022-04-07;"quinta-feira";"10:29:00";"AL";316;103;"DOIS RIACHOS";"Acessar a via sem observar a presença dos outros veículos";"Colisão transversal";"Com Vítimas Feridas";"Pleno dia";"Crescente";"Céu Claro";"Simples";"Interseção de Vias";"Sim";2;0;1;0;1;0;1;2;-9,38827185;-37,11607499;"SPRF-AL";"DEL03-AL";"UOP01-DEL03-AL"
425098;2022-04-07;"quinta-feira";"06:30:00";"GO";364;10;"SAO SIMAO";"Transitar na contramão";"Saída de leito carroçável";"Com Vítimas Feridas";"Pleno dia";"Crescente";"Céu Claro";"Simples";"Reta";"Não";2;0;2;0;0;0;2;1;-18,991547;-50,571785;"SPRF-GO";"DEL05-GO";"UOP02-DEL05-GO"
425099;2022-04-07;"quinta-feira";"11:15:00";"RS";116;263;"CANOAS";"Reação tardia ou ineficiente do condutor";"Colisão traseira";"Com Vítimas Feridas";"Pleno dia";"Decrescente";"Nublado";"Dupla";"Reta";"Não";4;0;2;0;2;0;2;3;-29,90545398;-51,17674031;"SPRF-RS";"DEL01-RS";"UOP01-DEL01-RS"
425100;2022-04-07;"quinta-feira";"11:30:00";"MG";40;521,9;"CONTAGEM";"Demais falhas mecânicas ou elétricas";"Eventos atípicos";"Com Vítimas Feridas";"Pleno dia";"Crescente";"Céu Claro";"Dupla";"Reta";"Sim";2;0;1;0;1;0;1;2;-19,8638731;-44,06749809;"SPRF-MG";"DEL01-MG";"UOP02-DEL01-MG"
425101;2022-04-02;"sábado";"17:40:00";"PR";476;117,5;"COLOMBO";"Ausência de reação do condutor";"Colisão com objeto";"Com Vítimas Feridas";"Pleno dia";"Crescente";"Céu Claro";"Dupla";"Reta";"Sim";2;0;1;0;1;0;1;1;-25,348623;-49,175663;"SPRF-PR";"DEL01-PR";"UOP02-DEL01-PR"
425102;2022-04-07;"quinta-feira";"11:50:00";"SC";282;5;"SAO JOSE";"Conversão proibida";"Colisão lateral mesmo sentido";"Com Vítimas Feridas";"Pleno dia";"Decrescente";"Céu Claro";"Dupla";"Curva";"Sim";2;0;1;0;1;0;1;2;-27,588425;-48,612919;"SPRF-SC";"DEL01-SC";"UOP01-DEL01-SC"
425103;2022-04-07;"quinta-feira";"11:30:00";"RS";290;104;"ELDORADO DO SUL";"Ingestão de álcool e/ou substâncias psicoativas pelo pedestre";"Atropelamento de Pedestre";"Com Vítimas Feridas";"Pleno dia";"Decrescente";"Nublado";"Dupla";"Ponte";"Sim";2;0;0;1;0;1;1;2;-29,993122;-51,275398;"SPRF-RS";"DEL02-RS";"UOP01-DEL02-RS"
425104;2022-04-07;"quinta-feira";"10:15:00";"MG";262;37,2;"MANHUACU";"Desrespeitar a preferência no cruzamento";"Colisão lateral sentido oposto";"Com Vítimas Feridas";"Pleno dia";"Decrescente";"Céu Claro";"Simples";"Reta";"Sim";2;0;1;0;1;0;1;2;-20,25748975;-42,03048732;"SPRF-MG";"DEL06-MG";"UOP03-DEL06-MG"
425108;2022-04-07;"quinta-feira";"08:00:00";"SC";282;461,5;"PONTE SERRADA";"Acessar a via sem observar a presença dos outros veículos";"Colisão transversal";"Com Vítimas Feridas";"Pleno dia";"Decrescente";"Nublado";"Simples";"Rotatória";"Sim";2;0;1;0;1;0;1;2;-26,856403;-52,041328;"SPRF-SC";"DEL07-SC";"UOP04-DEL07-SC"
425109;2022-04-07;"quinta-feira";"12:15:00";"SC";158;105;"CUNHA PORA";"Ausência de reação do condutor";"Colisão com objeto";"Sem Vítimas";"Pleno dia";"Decrescente";"Garoa/Chuvisco";"Simples";"Reta";"Não";1;0;0;0;0;1;0;1;-26,86897509;-53,16247716;"SPRF-SC";"DEL07-SC";"UOP02-DEL07-SC"
425110;2022-04-07;"quinta-feira";"12:30:00";"GO";60;381;"RIO VERDE";"Condutor deixou de manter distância do veículo da frente";"Colisão com objeto";"Com Vítimas Feridas";"Pleno dia";"Crescente";"Céu Claro";"Dupla";"Reta";"Sim";3;0;1;0;2;0;1;1;-17,7727;-50,8862;"SPRF-GO";"DEL04-GO";"UOP01-DEL04-GO"
425111;2022-04-07;"quinta-feira";"11:30:00";"RO";364;9,4;"VILHENA";"Deficiência do Sistema de Iluminação/Sinalização";"Colisão lateral mesmo sentido";"Com Vítimas Feridas";"Pleno dia";"Decrescente";"Céu Claro";"Simples";"Reta";"Sim";2;0;1;0;1;0;1;2;-12,7588100884;-60,1001710993;"SPRF-RO";"DEL04-RO";"UOP01-DEL04-RO"
425112;2022-04-07;"quinta-feira";"11:00:00";"PR";163;14;"BARRACAO";"Chuva";"Saída de leito carroçável";"Com Vítimas Feridas";"Pleno dia";"Crescente";"Chuva";"Simples";"Curva";"Não";6;0;3;0;3;0;3;2;-26,21901859;-53,6380434;"SPRF-PR";"DEL02-PR";"UOP02-DEL02-PR"
425113;2022-04-07;"quinta-feira";"12:00:00";"RO";319;64;"PORTO VELHO";"Acessar a via sem observar a presença dos outros veículos";"Colisão transversal";"Com Vítimas Feridas";"Pleno dia";"Decrescente";"Céu Claro";"Simples";"Reta";"Sim";2;0;1;0;1;0;1;2;-8,766685;-63,884052;"SPRF-RO";"DEL01-RO";"UOP01-DEL01-RO"
425114;2022-04-07;"quinta-feira";"08:40:00";"MG";116;538,3;"SANTA RITA DE MINAS";"Retorno proibido";"Colisão lateral mesmo sentido";"Com Vítimas Feridas";"Pleno dia";"Decrescente";"Chuva";"Simples";"Reta";"Não";2;0;1;0;1;0;1;2;-19,8687683;-42,13497162;"SPRF-MG";"DEL06-MG";"UOP02-DEL06-MG"
425115;2022-04-07;"quinta-feira";"03:50:00";"MT";163;1010;"TERRA NOVA DO NORTE";"Neblina";"Atropelamento de Animal";"Com Vítimas Feridas";"Amanhecer";"Crescente";"Nevoeiro/Neblina";"Simples";"Reta";"Não";1;0;1;0;0;0;1;1;-10,53593598;-55,08238905;"SPRF-MT";"DEL06-MT";"NPF/DEL06-MT"
425124;2022-02-13;"domingo";"21:00:00";"PA";222;22,8;"DOM ELISEU";"Conversão proibida";"Colisão transversal";"Com Vítimas Feridas";"Plena Noite";"Decrescente";"Nublado";"Simples";"Reta";"Não";3;0;0;3;0;0;3;2;-4,303772;-47,591629;"SPRF-PA";"DEL02-PA";"UOP02-DEL02-PA"
425125;2022-04-07;"quinta-feira";"12:50:00";"MG";365;446;"PATROCINIO";"Animais na Pista";"Saída de leito carroçável";"Sem Vítimas";"Pleno dia";"Decrescente";"Céu Claro";"Simples";"Reta";"Não";1;0;0;0;1;0;0;1;-18,82615544;-46,7900619;"SPRF-MG";"DEL10-MG";"UOP01-DEL10-MG"
425126;2022-04-07;"quinta-feira";"14:45:00";"SE";101;116;"ITAPORANGA DAJUDA";"Avarias e/ou desgaste excessivo no pneu";"Queda de ocupante de veículo";"Com Vítimas Feridas";"Pleno dia";"Decrescente";"Céu Claro";"Dupla";"Reta";"Não";2;0;1;1;0;0;2;1;-11,01146389;-37,31286103;"SPRF-SE";"DEL02-SE";"UOP01-DEL02-SE"
425131;2022-04-07;"quinta-feira";"13:20:00";"GO";153;505;"GOIANIA";"Reação tardia ou ineficiente do condutor";"Colisão traseira";"Sem Vítimas";"Pleno dia";"Crescente";"Céu Claro";"Dupla";"Reta";"Sim";2;0;0;0;2;0;0;2;-16,7537;-49,2411;"SPRF-GO";"DEL01-GO";"UOP01-DEL01-GO"
425132;2022-04-07;"quinta-feira";"13:40:00";"MT";163;684;"LUCAS DO RIO VERDE";"Reação tardia ou ineficiente do condutor";"Tombamento";"Com Vítimas Feridas";"Pleno dia";"Crescente";"Céu Claro";"Simples";"Reta";"Não";1;0;1;0;0;0;1;1;-13,20814904;-55,99714391;"SPRF-MT";"DEL06-MT";"UOP01-DEL06-MT"
425133;2022-04-07;"quinta-feira";"14:30:00";"RJ";101;433;"MANGARATIBA";"Acessar a via sem observar a presença dos outros veículos";"Colisão transversal";"Com Vítimas Feridas";"Pleno dia";"Decrescente";"Céu Claro";"Simples";"Aclive";"Não";3;0;1;0;1;1;1;3;-22,93842518;-44,03644001;"SPRF-RJ";"DEL03-RJ";"UOP03-DEL03-RJ"
425135;2022-04-07;"quinta-feira";"14:00:00";"PI";407;449;"GEMINIANO";"Reação tardia ou ineficiente do condutor";"Colisão traseira";"Sem Vítimas";"Pleno dia";"Crescente";"Céu Claro";"Simples";"Aclive";"Não";2;0;0;0;2;0;0;2;-7,229362;-41,267388;"SPRF-PI";"DEL04-PI";"UOP01-DEL04-PI"
425337;2022-04-07;"quinta-feira";"15:00:00";"PB";230;17;"JOAO PESSOA";"Acessar a via sem observar a presença dos outros veículos";"Colisão traseira";"Com Vítimas Feridas";"Pleno dia";"Crescente";"Sol";"Múltipla";"Retorno Regulamentado";"Sim";3;0;1;0;1;1;1;3;-7,11813642;-34,84402891;"SPRF-PB";"DEL01-PB";"UOP01-DEL01-PB"
426049;2022-04-07;"quinta-feira";"17:45:00";"SP";116;283;"ITAPECERICA DA SERRA";"Condutor deixou de manter distância do veículo da frente";"Colisão traseira";"Com Vítimas Feridas";"Anoitecer";"Crescente";"Nublado";"Dupla";"Reta";"Sim";2;0;0;1;1;0;1;2;-23,69297005;-46,86352786;"SPRF-SP";"DEL04-SP";"UOP01-DEL04-SP"
426050;2022-04-07;"quinta-feira";"15:00:00";"BA";101;332;"PRESIDENTE TANCREDO NEVES";"Ausência de reação do condutor";"Colisão frontal";"Com Vítimas Feridas";"Pleno dia";"Crescente";"Céu Claro";"Dupla";"Reta";"Não";3;0;3;0;0;0;3;1;-13,47307141;-39,41831768;"SPRF-BA";"DEL05-BA";"UOP03-DEL05-BA"
426051;2022-04-07;"quinta-feira";"17:35:00";"SE";235;2,6;"ARACAJU";"Ausência de reação do condutor";"Atropelamento de Pedestre";"Com Vítimas Feridas";"Plena Noite";"Crescente";"Céu Claro";"Dupla";"Reta";"Sim";2;0;1;1;0;0;2;2;-10,9062;-37,1034;"SPRF-SE";"DEL01-SE";"UOP01-DEL01-SE"
426052;2022-04-07;"quinta-feira";"17:45:00";"CE";304;49,6;"ARACATI";"Acessar a via sem observar a presença dos outros veículos";"Colisão lateral sentido oposto";"Com Vítimas Feridas";"Plena Noite";"Crescente";"Céu Claro";"Simples";"Reta";"Não";3;0;1;0;2;0;1;2;-4,57900414;-37,77070889;"SPRF-CE";"DEL03-CE";"UOP03-DEL03-CE"
426055;2022-04-07;"quinta-feira";"18:00:00";"RJ";393;156;"TRES RIOS";"Demais falhas mecânicas ou elétricas";"Incêndio";"Sem Vítimas";"Plena Noite";"Crescente";"Céu Claro";"Simples";"Curva";"Não";1;0;0;0;1;0;0;1;-22,09021176;-43,06349116;"SPRF-RJ";"DEL05-RJ";"UOP02-DEL05-RJ"
426056;2022-04-07;"quinta-feira";"18:20:00";"SC";101;42;"JOINVILLE";"Demais falhas mecânicas ou elétricas";"Incêndio";"Sem Vítimas";"Plena Noite";"Crescente";"Nublado";"Simples";"Reta";"Sim";1;0;0;0;1;0;0;1;-26,32406322;-48,86771858;"SPRF-SC";"DEL03-SC";"UOP01-DEL03-SC"
426058;2022-04-07;"quinta-feira";"16:08:00";"GO";153;443;"ANAPOLIS";"Avarias e/ou desgaste excessivo no pneu";"Queda de ocupante de veículo";"Com Vítimas Feridas";"Pleno dia";"Crescente";"Céu Claro";"Simples";"Declive";"Não";2;0;2;0;0;0;2;1;-16,334681;-48,922447;"SPRF-GO";"DEL02-GO";"UOP01-DEL02-GO"
426059;2022-04-07;"quinta-feira";"13:50:00";"BA";30;443;"UBAITABA";"Ausência de reação do condutor";"Queda de ocupante de veículo";"Com Vítimas Feridas";"Pleno dia";"Decrescente";"Céu Claro";"Simples";"Reta";"Não";1;0;1;0;0;0;1;1;-14,307763;-39,322193;"SPRF-BA";"DEL08-BA";"UOP01-DEL08-BA"
426060;2022-04-07;"quinta-feira";"15:52:00";"PR";376;584;"CURITIBA";"Velocidade Incompatível";"Queda de ocupante de veículo";"Com Vítimas Feridas";"Pleno dia";"Crescente";"Nublado";"Dupla";"Curva";"Sim";2;0;2;0;0;0;2;1;-25,43171116;-49,39949693;"SPRF-PR";"DEL03-PR";"UOP03-DEL03-PR"
426061;2022-04-07;"quinta-feira";"17:35:00";"PB";230;150,7;"CAMPINA GRANDE";"Animais na Pista";"Atropelamento de Animal";"Com Vítimas Feridas";"Anoitecer";"Decrescente";"Céu Claro";"Simples";"Reta";"Sim";1;0;1;0;0;0;1;1;-7,2515;-35,8724;"SPRF-PB";"DEL02-PB";"UOP01-DEL02-PB"
426062;2022-04-07;"quinta-feira";"16:50:00";"MG";262;404,9;"PARA DE MINAS";"Avarias e/ou desgaste excessivo no pneu";"Tombamento";"Com Vítimas Feridas";"Pleno dia";"Decrescente";"Sol";"Dupla";"Aclive;Reta";"Não";2;0;1;1;0;0;2;1;-19,89195069;-44,58054391;"SPRF-MG";"DEL01-MG";"UOP03-DEL01-MG"
426063;2022-04-07;"quinta-feira";"16:45:00";"RS";392;271;"SAO SEPE";"Acumulo de água sobre o pavimento";"Saída de leito carroçável";"Com Vítimas Feridas";"Pleno dia";"Crescente";"Chuva";"Simples";"Reta";"Não";2;0;2;0;0;0;2;1;-30,38408799;-53,51042297;"SPRF-RS";"DEL09-RS";"UOP02-DEL09-RS"
426065;2022-04-07;"quinta-feira";"15:00:00";"PI";343;348,1;"TERESINA";"Retorno proibido";"Colisão transversal";"Com Vítimas Feridas";"Pleno dia";"Decrescente";"Céu Claro";"Dupla";"Reta";"Não";2;0;1;0;1;0;1;2;-5,118706;-42,786411;"SPRF-PI";"DEL01-PI";"UOP01-DEL01-PI"
426066;2022-04-07;"quinta-feira";"16:45:00";"PE";101;49,5;"ABREU E LIMA";"Condutor desrespeitou a iluminação vermelha do semáforo";"Colisão transversal";"Com Vítimas Feridas";"Pleno dia";"Crescente";"Céu Claro";"Múltipla";"Interseção de Vias";"Sim";2;0;1;0;1;0;1;2;-7,9005152;-34,90180641;"SPRF-PE";"DEL01-PE";"UOP02-DEL01-PE"
426067;2022-04-07;"quinta-feira";"15:00:00";"GO";364;111;"CACHOEIRA ALTA";"Reação tardia ou ineficiente do condutor";"Queda de ocupante de veículo";"Com Vítimas Feridas";"Pleno dia";"Decrescente";"Céu Claro";"Simples";"Reta";"Não";1;0;1;0;0;0;1;1;-18,322166;-51,136731;"SPRF-GO";"DEL05-GO";"UOP02-DEL05-GO"
426069;2022-04-07;"quinta-feira";"18:35:00";"PR";476;124;"CURITIBA";"Manobra de mudança de faixa";"Colisão lateral mesmo sentido";"Com Vítimas Feridas";"Plena Noite";"Decrescente";"Céu Claro";"Dupla";"Em Obras";"Sim";3;0;2;0;1;0;2;2;-25,399845;-49,215855;"SPRF-PR";"DEL01-PR";"UOP03-DEL01-PR"
426070;2022-02-27;"domingo";"03:30:00";"PI";343;57;"BURITI DOS LOPES";"Ingestão de álcool pelo condutor";"Colisão frontal";"Com Vítimas Feridas";"Plena Noite";"Decrescente";"Céu Claro";"Simples";"Reta";"Não";12;0;8;3;1;0;11;2;-3,230094;-41,813797;"SPRF-PI";"DEL05-PI";"UOP01-DEL05-PI"
426073;2022-04-07;"quinta-feira";"17:00:00";"RS";101;86;"OSORIO";"Condutor Dormindo";"Saída de leito carroçável";"Com Vítimas Feridas";"Pleno dia";"Decrescente";"Nublado";"Dupla";"Reta";"Sim";2;0;1;0;0;1;1;2;-29,88420386;-50,26868647;"SPRF-RS";"DEL03-RS";"UOP01-DEL03-RS"
426074;2022-04-07;"quinta-feira";"17:10:00";"GO";70;0;"AGUAS LINDAS DE GOIAS";"Velocidade Incompatível";"Queda de ocupante de veículo";"Com Vítimas Feridas";"Pleno dia";"Crescente";"Céu Claro";"Simples";"Reta";"Não";2;0;2;0;0;0;2;1;-15,783543;-48,2326;"SPRF-DF";"DEL03-DF";"UOP02-DEL03-DF"
426076;2022-04-07;"quinta-feira";"19:15:00";"SC";101;206;"SAO JOSE";"Trafegar com motocicleta (ou similar) entre as faixas";"Tombamento";"Com Vítimas Feridas";"Plena Noite";"Crescente";"Céu Claro";"Dupla";"Reta";"Sim";1;0;1;0;0;0;1;1;-27,59193546;-48,61824557;"SPRF-SC";"DEL01-SC";"UOP01-DEL01-SC"
426081;2022-04-07;"quinta-feira";"19:20:00";"RJ";116;181,8;"NOVA IGUACU";"Velocidade Incompatível";"Colisão traseira";"Com Vítimas Feridas";"Plena Noite";"Decrescente";"Céu Claro";"Múltipla";"Reta";"Sim";2;0;0;2;0;0;2;2;-22,761312;-43,423492;"SPRF-RJ";"DEL01-RJ";"UOP02-DEL01-RJ"
426084;2022-04-07;"quinta-feira";"13:42:00";"SP";116;515,4;"CAJATI";"Velocidade Incompatível";"Saída de leito carroçável";"Com Vítimas Feridas";"Amanhecer";"Decrescente";"Chuva";"Simples";"Reta";"Não";4;0;4;0;0;0;4;1;-24,87154107;-48,21028233;"SPRF-SP";"DEL05-SP";"UOP02-DEL05-SP"
426085;2022-04-07;"quinta-feira";"15:50:00";"SP";116;146,5;"SAO JOSE DOS CAMPOS";"Velocidade Incompatível";"Colisão com objeto";"Com Vítimas Feridas";"Pleno dia";"Crescente";"Céu Claro";"Múltipla";"Aclive";"Sim";1;0;1;0;0;0;1;1;-23,19122919;-45,86327591;"SPRF-SP";"DEL02-SP";"UOP01-DEL02-SP"
426086;2022-04-07;"quinta-feira";"13:20:00";"RJ";40;111;"DUQUE DE CAXIAS";"Ausência de reação do condutor";"Colisão traseira";"Com Vítimas Feridas";"Pleno dia";"Decrescente";"Céu Claro";"Múltipla";"Reta";"Sim";3;0;0;1;1;1;1;3;-22,691868;-43,287453;"SPRF-RJ";"DEL01-RJ";"UOP01-DEL01-RJ"
426089;2022-04-07;"quinta-feira";"15:05:00";"SC";282;551,5;"NOVA ITABERABA";"Acumulo de água sobre o pavimento";"Saída de leito carroçável";"Com Vítimas Feridas";"Pleno dia";"Decrescente";"Chuva";"Simples";"Aclive;Curva";"Não";1;0;0;1;0;0;1;1;-26,95198296;-52,77778756;"SPRF-SC";"DEL07-SC";"UOP01-DEL07-SC"
426092;2022-04-07;"quinta-feira";"19:40:00";"PB";230;8;"CABEDELO";"Obras na pista";"Colisão com objeto";"Com Vítimas Feridas";"Plena Noite";"Crescente";"Céu Claro";"Múltipla";"Declive";"Sim";2;0;0;1;1;0;1;1;-7,0355;-34,8429;"SPRF-PB";"DEL01-PB";"UOP01-DEL01-PB"