"id";"data_inversa";"dia_semana";"horario";"uf";"br";"km";"municipio";"causa_acidente";"tipo_acidente";"classificacao_acidente";"fase_dia";"sentido_via";"condicao_metereologica";"tipo_pista";"tracado_via";"uso_solo";"pessoas";"mortos";"feridos_leves";"feridos_graves";"ilesos";"ignorados";"feridos";"veiculos";"latitude";"longitude";"regional";"delegacia";"uop"
426093;2022-04-07;"quinta-feira";"16:10:00";"RJ";101;322;"NITEROI";"Ausência de reação do condutor";"Tombamento";"Com Vítimas Feridas";"Pleno dia";"Crescente";"Céu Claro";"Simples";"Reta";"Sim";1;0;1;0;0;0;1;1;-22,878923;-43,110676;"SPRF-RJ";"DEL02-RJ";"UOP01-DEL02-RJ"
426094;2022-04-07;"quinta-feira";"16:30:00";"PE";101;66,8;"RECIFE";"Acessar a via sem observar a presença dos outros veículos";"Colisão lateral mesmo sentido";"Com Vítimas Feridas";"Pleno dia";"Crescente";"Céu Claro";"Múltipla";"Curva";"Sim";2;0;1;0;1;0;1;2;-8,03368534;-34,94184125;"SPRF-PE";"DEL01-PE";"UOP01-DEL01-PE"
426095;2022-04-07;"quinta-feira";"16:09:00";"GO";60;118;"TEREZOPOLIS DE GOIAS";"Reação tardia ou ineficiente do condutor";"Colisão traseira";"Com Vítimas Feridas";"Pleno dia";"Decrescente";"Céu Claro";"Dupla";"Reta";"Sim";2;0;1;0;1;0;1;2;-16,4848;-49,0935;"SPRF-GO";"DEL01-GO";"UOP01-DEL01-GO"
426097;2022-04-07;"quinta-feira";"17:10:00";"GO";70;6;"AGUAS LINDAS DE GOIAS";"Condutor deixou de manter distância do veículo da frente";"Colisão traseira";"Com Vítimas Feridas";"Pleno dia";"Decrescente";"Céu Claro";"Dupla";"Reta";"Sim";2;0;1;0;1;0;1;2;-15,75049381;-48,2612381;"SPRF-DF";"DEL03-DF";"UOP02-DEL03-DF"
426098;2022-04-07;"quinta-feira";"19:15:00";"MG";262;443,9;"NOVA SERRANA";"Mal súbito do condutor";"Tombamento";"Com Vítimas Feridas";"Plena Noite";"Decrescente";"Céu Claro";"Dupla";"Reta";"Sim";1;0;1;0;0;0;1;1;-19,86495416;-44,9953866;"SPRF-MG";"DEL08-MG";"UOP03-DEL08-MG"
426099;2022-04-07;"quinta-feira";"17:20:00";"MS";163;485,5;"CAMPO GRANDE";"Reação tardia ou ineficiente do condutor";"Tombamento";"Com Vítimas Feridas";"Plena Noite";"Crescente";"Céu Claro";"Simples";"Interseção de Vias";"Sim";1;0;1;0;0;0;1;1;-20,44233707;-54,54201834;"SPRF-MS";"DEL01-MS";"UOP02-DEL01-MS"
426101;2022-04-07;"quinta-feira";"12:00:00";"PR";373;230;"IMBITUVA";"Acessar a via sem observar a presença dos outros veículos";"Colisão transversal";"Com Vítimas Fatais";"Pleno dia";"Crescente";"Nublado";"Simples";"Reta";"Sim";2;1;0;0;1;0;0;2;-25,1807283;-50,66818293;"SPRF-PR";"DEL03-PR";"UOP04-DEL03-PR"
426102;2022-04-07;"quinta-feira";"18:45:00";"SC";101;396,8;"MARACAJA";"Manobra de mudança de faixa";"Colisão transversal";"Com Vítimas Feridas";"Plena Noite";"Crescente";"Nublado";"Múltipla";"Interseção de Vias";"Não";2;0;2;0;0;0;2;2;-28,84223025;-49,42929268;"SPRF-SC";"DEL02-SC";"UOP02-DEL02-SC"
426103;2022-04-07;"quinta-feira";"15:20:00";"PR";376;187;"MARIALVA";"Condutor deixou de manter distância do veículo da frente";"Colisão lateral mesmo sentido";"Sem Vítimas";"Pleno dia";"Decrescente";"Céu Claro";"Dupla";"Declive";"Sim";1;0;0;0;1;0;0;1;-23,46141044;-51,83659926;"SPRF-PR";"DEL09-PR";"UOP01-DEL09-PR"
426105;2022-04-07;"quinta-feira";"15:45:00";"PR";476;119,2;"COLOMBO";"Pedestre andava na pista";"Atropelamento de Pedestre";"Com Vítimas Feridas";"Pleno dia";"Crescente";"Nublado";"Dupla";"Reta;Interseção de Vias";"Sim";2;0;0;1;1;0;1;2;-25,364202;-49,185825;"SPRF-PR";"DEL01-PR";"UOP02-DEL01-PR"
426106;2022-04-07;"quinta-feira";"20:40:00";"GO";158;238,9;"JATAI";"Ultrapassagem Indevida";"Colisão transversal";"Com Vítimas Fatais";"Plena Noite";"Decrescente";"Céu Claro";"Simples";"Declive;Curva";"Não";2;1;0;0;1;0;0;2;-17,63024389;-51,85632585;"SPRF-GO";"DEL05-GO";"UOP01-DEL05-GO"
426108;2022-04-07;"quinta-feira";"20:10:00";"SC";470;138;"RIO DO SUL";"Acesso irregular";"Colisão transversal";"Com Vítimas Feridas";"Plena Noite";"Crescente";"Nublado";"Simples";"Retorno Regulamentado";"Sim";2;0;1;0;1;0;1;2;-27,19377853;-49,62436974;"SPRF-SC";"DEL04-SC";"UOP02-DEL04-SC"
426109;2022-04-07;"quinta-feira";"19:03:00";"RO";174;15;"VILHENA";"Acessar a via sem observar a presença dos outros veículos";"Colisão lateral mesmo sentido";"Com Vítimas Feridas";"Plena Noite";"Crescente";"Ignorado";"Dupla";"Reta";"Sim";2;0;2;0;0;0;2;2;-12,723321;-60,12801;"SPRF-RO";"DEL04-RO";"UOP01-DEL04-RO"
426110;2022-04-07;"quinta-feira";"16:30:00";"PR";376;168,5;"MARINGA";"Pista esburacada";"Queda de ocupante de veículo";"Com Vítimas Feridas";"Pleno dia";"Decrescente";"Céu Claro";"Dupla";"Reta";"Não";2;0;2;0;0;0;2;1;-23,409788;-51,987453;"SPRF-PR";"DEL09-PR";"UOP01-DEL09-PR"
426113;2022-04-07;"quinta-feira";"20:15:00";"MG";381;500,5;"BETIM";"Velocidade Incompatível";"Tombamento";"Com Vítimas Fatais";"Plena Noite";"Decrescente";"Chuva";"Dupla";"Reta";"Não";1;1;0;0;0;0;0;1;-20,02513493;-44,23112709;"SPRF-MG";"DEL01-MG";"UOP03-DEL01-MG"
426114;2022-04-07;"quinta-feira";"19:05:00";"PR";369;146;"LONDRINA";"Desrespeitar a preferência no cruzamento";"Colisão transversal";"Com Vítimas Feridas";"Plena Noite";"Decrescente";"Céu Claro";"Dupla";"Retorno Regulamentado";"Sim";3;0;0;2;1;0;2;2;-23,293332;-51,123526;"SPRF-PR";"DEL07-PR";"UOP01-DEL07-PR"
426115;2022-04-07;"quinta-feira";"20:20:00";"SC";101;339,7;"TUBARAO";"Ausência de reação do condutor";"Colisão traseira";"Com Vítimas Feridas";"Plena Noite";"Crescente";"Céu Claro";"Simples";"Reta";"Sim";2;0;0;1;1;0;1;2;-28,49351117;-49,04178985;"SPRF-SC";"DEL02-SC";"UOP01-DEL02-SC"
426117;2022-04-07;"quinta-feira";"17:45:00";"RJ";101;276;"TANGUA";"Condutor deixou de manter distância do veículo da frente";"Colisão traseira";"Com Vítimas Feridas";"Anoitecer";"Crescente";"Céu Claro";"Dupla";"Reta";"Sim";2;0;1;0;1;0;1;2;-22,73796393;-42,73871802;"SPRF-RJ";"DEL02-RJ";"UOP03-DEL02-RJ"
426118;2022-04-07;"quinta-feira";"19:35:00";"SC";101;281;"IMBITUBA";"Ingestão de álcool pelo condutor";"Queda de ocupante de veículo";"Com Vítimas Feridas";"Plena Noite";"Decrescente";"Nublado";"Dupla";"Reta";"Sim";1;0;0;1;0;0;1;1;-28,18793595;-48,69652041;"SPRF-SC";"DEL02-SC";"UOP03-DEL02-SC"
426119;2022-04-07;"quinta-feira";"20:00:00";"DF";60;2,2;"BRASILIA";"Manobra de mudança de faixa";"Colisão lateral mesmo sentido";"Com Vítimas Feridas";"Plena Noite";"Crescente";"Céu Claro";"Dupla";"Reta";"Sim";3;0;1;0;2;0;1;2;-15,887383;-48,077988;"SPRF-DF";"DEL03-DF";"UOP01-DEL03-DF"
426120;2022-04-07;"quinta-feira";"13:35:00";"MG";50;105,5;"UBERABA";"Avarias e/ou desgaste excessivo no pneu";"Saída de leito carroçável";"Com Vítimas Feridas";"Pleno dia";"Crescente";"Sol";"Dupla";"Reta";"Não";2;0;2;0;0;0;2;1;-19,1797979;-48,15768268;"SPRF-MG";"DEL13-MG";"UOP01-DEL13-MG"
426121;2022-04-07;"quinta-feira";"20:50:00";"MG";40;453;"CAETANOPOLIS";"Acostamento em desnível";"Saída de leito carroçável";"Com Vítimas Feridas";"Plena Noite";"Decrescente";"Céu Claro";"Dupla";"Reta";"Sim";1;0;1;0;0;0;1;1;-19,34189163;-44,35667832;"SPRF-MG";"DEL02-MG";"UOP01-DEL02-MG"
426122;2022-04-07;"quinta-feira";"20:30:00";"PR";476;271,9;"SAO MATEUS DO SUL";"Ingestão de álcool pelo condutor";"Saída de leito carroçável";"Com Vítimas Feridas";"Plena Noite";"Crescente";"Chuva";"Simples";"Curva";"Não";2;0;1;0;1;0;1;1;-25,89579;-50,348907;"SPRF-PR";"DEL02-PR";"UOP04-DEL02-PR"
426124;2022-04-07;"quinta-feira";"22:08:00";"SP";116;1;"GUARULHOS";"Pedestre cruzava a pista fora da faixa";"Atropelamento de Pedestre";"Com Vítimas Feridas";"Plena Noite";"Crescente";"Céu Claro";"Dupla";"Reta";"Não";2;0;1;0;1;0;1;2;-23,463257;-46,53373;"SPRF-SP";"DEL01-SP";"UOP01-DEL01-SP"
426125;2022-04-07;"quinta-feira";"11:30:00";"RJ";493;83;"JAPERI";"Manobra de mudança de faixa";"Colisão traseira";"Com Vítimas Feridas";"Pleno dia";"Crescente";"Nublado";"Dupla";"Curva";"Não";3;0;0;1;2;0;1;2;-22,65841899;-43,6173005;"SPRF-RJ";"DEL01-RJ";"UOP03-DEL01-RJ"
426128;2022-04-07;"quinta-feira";"15:15:00";"BA";324;606;"SIMOES FILHO";"Reação tardia ou ineficiente do condutor";"Colisão traseira";"Sem Vítimas";"Pleno dia";"Decrescente";"Céu Claro";"Dupla";"Reta;Declive";"Sim";9;0;0;0;9;0;0;2;-12,79340512;-38,40485325;"SPRF-BA";"DEL01-BA";"UOP01-DEL01-BA"
426129;2022-04-07;"quinta-feira";"22:30:00";"GO";80;375;"SAO MIGUEL DO ARAGUAIA";"Reação tardia ou ineficiente do condutor";"Saída de leito carroçável";"Com Vítimas Feridas";"Plena Noite";"Decrescente";"Céu Claro";"Simples";"Curva";"Não";1;0;0;1;0;0;1;1;-13,302659;-50,269096;"SPRF-GO";"DEL07-GO";"UOP02-DEL07-GO"
426130;2022-04-07;"quinta-feira";"21:00:00";"RJ";116;273;"BARRA MANSA";"Velocidade Incompatível";"Colisão lateral sentido oposto";"Com Vítimas Feridas";"Plena Noite";"Decrescente";"Nublado";"Simples";"Interseção de Vias";"Sim";2;0;1;0;1;0;1;2;-22,56100142;-44,13833993;"SPRF-RJ";"DEL07-RJ";"UOP02-DEL07-RJ"
426132;2022-04-07;"quinta-feira";"17:30:00";"RS";471;577;"SANTA VITORIA DO PALMAR";"Reação tardia ou ineficiente do condutor";"Colisão traseira";"Com Vítimas Feridas";"Plena Noite";"Crescente";"Céu Claro";"Simples";"Reta";"Não";2;0;1;0;1;0;1;2;-33,03759;-52,859646;"SPRF-RS";"DEL07-RS";"UOP04-DEL07-RS"
426133;2022-04-07;"quinta-feira";"22:50:00";"GO";153;438;"ANAPOLIS";"Condutor Dormindo";"Colisão traseira";"Sem Vítimas";"Plena Noite";"Crescente";"Céu Claro";"Dupla";"Curva";"Sim";2;0;0;0;2;0;0;2;-16,291595;-48,934811;"SPRF-GO";"DEL02-GO";"UOP01-DEL02-GO"
426137;2022-04-07;"quinta-feira";"22:05:00";"RS";471;150,1;"SANTA CRUZ DO SUL";"Reação tardia ou ineficiente do condutor";"Colisão traseira";"Com Vítimas Feridas";"Plena Noite";"Decrescente";"Nevoeiro/Neblina";"Simples";"Reta";"Não";4;0;1;2;1;0;3;4;-29,77629785;-52,41783142;"SPRF-RS";"DEL02-RS";"UOP03-DEL02-RS"
426140;2022-04-07;"quinta-feira";"21:00:00";"PE";408;48;"NAZARE DA MATA";"Ausência de reação do condutor";"Colisão com objeto";"Sem Vítimas";"Plena Noite";"Decrescente";"Céu Claro";"Simples";"Reta";"Não";3;0;0;0;2;1;0;1;-7,71258178;-35,23873456;"SPRF-PE";"DEL01-PE";"UOP02-DEL01-PE"
426141;2022-04-07;"quinta-feira";"23:07:00";"GO";0;0;"RIO VERDE";"Reação tardia ou ineficiente do condutor";"Colisão transversal";"Com Vítimas Feridas";"Plena Noite";"Não Informado";"Céu Claro";"Simples";"Interseção de Vias";"Sim";3;0;1;0;2;0;1;2;-17,784049;-50,918856;"SPRF-GO";"DEL04-GO";"UOP01-DEL04-GO"
426142;2022-04-07;"quinta-feira";"15:40:00";"MG";50;126;"UBERABA";"Pista Escorregadia";"Saída de leito carroçável";"Com Vítimas Feridas";"Pleno dia";"Decrescente";"Chuva";"Dupla";"Curva";"Não";3;0;1;0;2;0;1;1;-19,35661694;-48,08567397;"SPRF-MG";"DEL13-MG";"UOP01-DEL13-MG"
426143;2022-04-07;"quinta-feira";"22:06:00";"RS";471;150,1;"SANTA CRUZ DO SUL";"Condutor deixou de manter distância do veículo da frente";"Colisão traseira";"Com Vítimas Feridas";"Plena Noite";"Decrescente";"Chuva";"Simples";"Reta";"Não";2;0;1;0;1;0;1;2;-29,7706358;-52,42160797;"SPRF-RS";"DEL02-RS";"UOP03-DEL02-RS"
426146;2022-04-07;"quinta-feira";"17:30:00";"PR";116;121;"CURITIBA";"Condutor deixou de manter distância do veículo da frente";"Engavetamento";"Sem Vítimas";"Pleno dia";"Crescente";"Céu Claro";"Múltipla";"Reta";"Não";5;0;0;0;5;0;0;3;-25,5599323;-49,30743945;"SPRF-PR";"DEL01-PR";"UOP03-DEL01-PR"
426147;2022-04-08;"sexta-feira";"00:32:00";"RN";101;96;"NATAL";"Transitar na contramão";"Colisão lateral sentido oposto";"Com Vítimas Feridas";"Plena Noite";"Crescente";"Céu Claro";"Múltipla";"Reta";"Sim";2;0;1;1;0;0;2;2;-5,84949622;-35,20890752;"SPRF-RN";"DEL01-RN";"UOP01-DEL01-RN"
426154;2022-04-07;"quinta-feira";"21:20:00";"PR";277;343;"GUARAPUAVA";"Ingestão de álcool pelo condutor";"Colisão lateral mesmo sentido";"Com Vítimas Feridas";"Plena Noite";"Decrescente";"Chuva";"Múltipla";"Reta";"Sim";6;0;4;1;1;0;5;2;-25,33989301;-51,419254;"SPRF-PR";"DEL08-PR";"UOP01-DEL08-PR"
426155;2022-04-08;"sexta-feira";"00:10:00";"MG";262;810;"UBERABA";"Animais na Pista";"Atropelamento de Animal";"Com Vítimas Feridas";"Plena Noite";"Decrescente";"Garoa/Chuvisco";"Dupla";"Reta";"Não";1;0;1;0;0;0;1;1;-19,76051836;-48,04440502;"SPRF-MG";"DEL13-MG";"UOP01-DEL13-MG"
426158;2022-04-08;"sexta-feira";"02:00:00";"SC";101;208;"SAO JOSE";"Condutor deixou de manter distância do veículo da frente";"Tombamento";"Com Vítimas Feridas";"Plena Noite";"Crescente";"Céu Claro";"Dupla";"Reta";"Não";1;0;0;1;0;0;1;1;-27,60327979;-48,63201818;"SPRF-SC";"DEL01-SC";"UOP01-DEL01-SC"
426164;2022-04-08;"sexta-feira";"01:20:00";"MG";50;206;"DELTA";"Demais falhas mecânicas ou elétricas";"Tombamento";"Com Vítimas Feridas";"Plena Noite";"Decrescente";"Céu Claro";"Dupla";"Reta";"Não";1;0;1;0;0;0;1;1;-19,92627147;-47,82191068;"SPRF-MG";"DEL13-MG";"UOP01-DEL13-MG"
426166;2022-04-08;"sexta-feira";"03:30:00";"SC";282;5;"SAO JOSE";"Ingestão de álcool pelo condutor";"Colisão com objeto";"Sem Vítimas";"Plena Noite";"Decrescente";"Céu Claro";"Múltipla";"Reta";"Não";1;0;0;0;0;1;0;1;-27,588425;-48,612919;"SPRF-SC";"DEL01-SC";"UOP01-DEL01-SC"
426169;2022-04-08;"sexta-feira";"03:30:00";"PR";373;179,9;"MARINGA";"Reação tardia ou ineficiente do condutor";"Saída de leito carroçável";"Com Vítimas Feridas";"Plena Noite";"Decrescente";"Céu Claro";"Dupla";"Reta";"Sim";1;0;1;0;0;0;1;1;-23,421756;-51,90559924;"SPRF-PR";"DEL03-PR";"UOP01-DEL03-PR"
426170;2022-04-08;"sexta-feira";"03:45:00";"DF";40;7,4;"BRASILIA";"Condutor Dormindo";"Capotamento";"Com Vítimas Feridas";"Plena Noite";"Crescente";"Céu Claro";"Dupla";"Reta";"Sim";1;0;1;0;0;0;1;1;-16,038666;-47,979691;"SPRF-DF";"DEL01-DF";"UOP01-DEL01-DF"
426171;2022-04-08;"sexta-feira";"03:30:00";"RJ";40;121;"DUQUE DE CAXIAS";"Reação tardia ou ineficiente do condutor";"Colisão com objeto";"Com Vítimas Feridas";"Plena Noite";"Crescente";"Céu Claro";"Múltipla";"Reta";"Sim";1;0;1;0;0;0;1;1;-22,78185499;-43,28571273;"SPRF-RJ";"DEL01-RJ";"UOP01-DEL01-RJ"
426177;2022-04-07;"quinta-feira";"12:00:00";"SC";282;518,6;"XAXIM";"Avarias e/ou desgaste excessivo no pneu";"Colisão lateral sentido oposto";"Com Vítimas Feridas";"Pleno dia";"Crescente";"Chuva";"Simples";"Reta";"Não";3;0;0;1;2;0;1;3;-26,94557805;-52,51336634;"SPRF-SC";"DEL07-SC";"UOP01-DEL07-SC"
426178;2022-04-08;"sexta-feira";"05:45:00";"SC";101;41;"JOINVILLE";"Condutor deixou de manter distância do veículo da frente";"Colisão traseira";"Com Vítimas Feridas";"Pleno dia";"Crescente";"Céu Claro";"Dupla";"Reta";"Sim";2;0;0;1;1;0;1;2;-26,28215489;-48,88973081;"SPRF-SC";"DEL03-SC";"UOP01-DEL03-SC"
426179;2022-04-08;"sexta-feira";"04:30:00";"SC";282;377;"HERVAL DOESTE";"Objeto estático sobre o leito carroçável";"Colisão com objeto";"Com Vítimas Feridas";"Plena Noite";"Decrescente";"Garoa/Chuvisco";"Simples";"Curva;Aclive";"Não";1;0;1;0;0;0;1;1;-27,216974;-51,470055;"SPRF-SC";"DEL07-SC";"UOP05-DEL07-SC"
426180;2022-04-08;"sexta-feira";"04:00:00";"MT";364;398;"CUIABA";"Ingestão de álcool pelo condutor";"Saída de leito carroçável";"Sem Vítimas";"Plena Noite";"Decrescente";"Céu Claro";"Dupla";"Reta";"Não";1;0;0;0;1;0;0;1;-15,68278673;-55,92170288;"SPRF-MT";"DEL01-MT";"UOP02-DEL01-MT"
426181;2022-04-08;"sexta-feira";"06:30:00";"PR";277;705;"SAO MIGUEL DO IGUACU";"Pista Escorregadia";"Saída de leito carroçável";"Com Vítimas Feridas";"Amanhecer";"Decrescente";"Chuva";"Dupla";"Reta";"Não";2;0;1;0;1;0;1;1;-25,43019901;-54,369603;"SPRF-PR";"DEL05-PR";"UOP01-DEL05-PR"
426183;2022-04-08;"sexta-feira";"00:15:00";"MG";50;174;"UBERABA";"Acumulo de óleo sobre o pavimento";"Colisão com objeto";"Sem Vítimas";"Plena Noite";"Decrescente";"Chuva";"Dupla";"Viaduto";"Sim";1;0;0;0;1;0;0;1;-19,770817;-47,973434;"SPRF-MG";"DEL13-MG";"UOP01-DEL13-MG"
426187;2022-04-08;"sexta-feira";"07:00:00";"RS";116;265;"CANOAS";"Trafegar com motocicleta (ou similar) entre as faixas";"Colisão lateral mesmo sentido";"Com Vítimas Feridas";"Pleno dia";"Crescente";"Chuva";"Dupla";"Declive";"Sim";2;0;1;0;1;0;1;2;-29,92342302;-51,17780944;"SPRF-RS";"DEL01-RS";"UOP01-DEL01-RS"
426190;2022-04-08;"sexta-feira";"06:45:00";"SC";280;22;"ARAQUARI";"Retorno proibido";"Colisão transversal";"Com Vítimas Feridas";"Pleno dia";"Crescente";"Nublado";"Simples";"Rotatória";"Sim";2;0;1;0;0;1;1;2;-26,37092616;-48,70204099;"SPRF-SC";"DEL03-SC";"UOP03-DEL03-SC"
426191;2022-04-08;"sexta-feira";"07:00:00";"MG";40;532,6;"BELO HORIZONTE";"Reação tardia ou ineficiente do condutor";"Tombamento";"Com Vítimas Feridas";"Amanhecer";"Crescente";"Céu Claro";"Dupla";"Reta";"Sim";1;0;1;0;0;0;1;1;-19,92372561;-44,01700789;"SPRF-MG";"DEL01-MG";"UOP02-DEL01-MG"
426195;2022-04-08;"sexta-feira";"06:50:00";"SC";470;49;"BLUMENAU";"Objeto estático sobre o leito carroçável";"Colisão com objeto";"Com Vítimas Feridas";"Pleno dia";"Decrescente";"Nublado";"Dupla";"Reta";"Sim";2;0;2;0;0;0;2;2;-26,860662;-49,065159;"SPRF-SC";"DEL04-SC";"UOP01-DEL04-SC"
426196;2022-04-08;"sexta-feira";"07:20:00";"PR";376;617;"SAO JOSE DOS PINHAIS";"Condutor Dormindo";"Saída de leito carroçável";"Com Vítimas Feridas";"Amanhecer";"Crescente";"Nublado";"Dupla";"Reta;Declive";"Não";1;0;0;1;0;0;1;1;-25,58426494;-49,17618795;"SPRF-PR";"DEL01-PR";"UOP04-DEL01-PR"
426197;2022-04-08;"sexta-feira";"07:30:00";"BA";324;6,8;"FEIRA DE SANTANA";"Acesso irregular";"Colisão transversal";"Com Vítimas Feridas";"Pleno dia";"Decrescente";"Sol";"Dupla";"Reta";"Sim";2;0;2;0;0;0;2;2;-12,267113;-38,966988;"SPRF-BA";"DEL02-BA";"UOP01-DEL02-BA"
426226;2022-04-08;"sexta-feira";"06:45:00";"PB";230;158,8;"CAMPINA GRANDE";"Desrespeitar a preferência no cruzamento";"Colisão transversal";"Com Vítimas Feridas";"Pleno dia";"Decrescente";"Nublado";"Simples";"Interseção de Vias";"Sim";2;0;1;0;0;1;1;2;-7,25642286;-35,9288013;"SPRF-PB";"DEL02-PB";"UOP01-DEL02-PB"
426239;2022-04-08;"sexta-feira";"06:30:00";"RS";285;418,3;"PANAMBI";"Velocidade Incompatível";"Saída de leito carroçável";"Com Vítimas Feridas";"Amanhecer";"Crescente";"Nublado";"Simples";"Viaduto";"Não";1;0;0;1;0;0;1;1;-28,34985;-53,500628;"SPRF-RS";"DEL10-RS";"UOP01-DEL10-RS"
426268;2022-04-07;"quinta-feira";"20:00:00";"MT";70;331;"DOM AQUINO";"Animais na Pista";"Atropelamento de Animal";"Com Vítimas Feridas";"Plena Noite";"Crescente";"Céu Claro";"Simples";"Reta";"Não";3;0;2;0;1;0;2;1;-15,51342512;-54,71570997;"SPRF-MT";"DEL05-MT";"UOP01-DEL05-MT"
426363;2022-01-16;"domingo";"11:40:00";"RN";226;60,7;"SENADOR ELOI DE SOUZA";"Acessar a via sem observar a presença dos outros veículos";"Colisão transversal";"Com Vítimas Feridas";"Pleno dia";"Crescente";"Sol";"Simples";"Reta";"Não";3;0;2;1;0;0;3;2;-6,04759377;-35,67375541;"SPRF-RN";"DEL03-RN";"UOP02-DEL03-RN"
426364;2022-01-22;"sábado";"17:30:00";"RN";101;80,8;"SAO GONCALO DO AMARANTE";"Conversão proibida";"Colisão transversal";"Com Vítimas Feridas";"Anoitecer";"Crescente";"Céu Claro";"Dupla";"Interseção de Vias";"Sim";2;0;0;1;1;0;1;2;-5,75852229;-35,28806121;"SPRF-RN";"DEL02-RN";"UOP01-DEL02-RN"
426406;2022-02-19;"sábado";"11:10:00";"GO";153;423;"ANAPOLIS";"Velocidade Incompatível";"Saída de leito carroçável";"Com Vítimas Feridas";"Pleno dia";"Crescente";"Chuva";"Dupla";"Reta";"Não";2;0;1;1;0;0;2;1;-16,197029;-49,025223;"SPRF-GO";"DEL02-GO";"UOP01-DEL02-GO"
426476;2022-02-19;"sábado";"13:00:00";"GO";60;163,8;"GOIANIA";"Velocidade Incompatível";"Colisão com objeto";"Com Vítimas Feridas";"Pleno dia";"Crescente";"Chuva";"Múltipla";"Viaduto;Reta;Declive";"Sim";1;0;1;0;0;0;1;1;-16,70311162;-49,34059739;"SPRF-GO";"DEL01-GO";"UOP02-DEL01-GO"
426495;2022-02-15;"terça-feira";"19:15:00";"PA";316;21;"BENEVIDES";"Reação tardia ou ineficiente do condutor";"Colisão lateral mesmo sentido";"Com Vítimas Feridas";"Plena Noite";"Decrescente";"Chuva";"Dupla";"Reta";"Não";2;0;0;1;1;0;1;2;-1,36097138;-48,26241527;"SPRF-PA";"DEL01-PA";"UOP01-DEL01-PA"
426902;2022-03-25;"sexta-feira";"14:20:00";"MS";262;2;"TRES LAGOAS";"Ausência de reação do condutor";"Colisão com objeto";"Sem Vítimas";"Pleno dia";"Decrescente";"Chuva";"Simples";"Curva";"Não";2;0;0;0;2;0;0;1;-20,782074;-51,65705;"SPRF-MS";"DEL07-MS";"UOP01-DEL07-MS"
426970;2022-04-08;"sexta-feira";"11:00:00";"SP";116;271;"TABOAO DA SERRA";"Velocidade Incompatível";"Colisão com objeto";"Com Vítimas Fatais";"Pleno dia";"Decrescente";"Céu Claro";"Múltipla";"Reta";"Sim";1;1;0;0;0;0;0;1;-23,61809286;-46,80556302;"SPRF-SP";"DEL04-SP";"UOP01-DEL04-SP"
426971;2022-04-04;"segunda-feira";"11:40:00";"PR";277;98;"CURITIBA";"Acessar a via sem observar a presença dos outros veículos";"Colisão lateral mesmo sentido";"Com Vítimas Feridas";"Pleno dia";"Decrescente";"Ignorado";"Dupla";"Reta";"Sim";2;0;1;0;1;0;1;2;-25,43034691;-49,34879959;"SPRF-PR";"DEL01-PR";"UOP01-DEL01-PR"
426972;2022-04-08;"sexta-feira";"10:30:00";"SC";470;225;"SAO CRISTOVAO DO SUL";"Chuva";"Saída de leito carroçável";"Com Vítimas Feridas";"Pleno dia";"Crescente";"Chuva";"Simples";"Curva";"Não";3;0;1;0;2;0;1;1;-27,328018;-50,351475;"SPRF-SC";"DEL05-SC";"UOP03-DEL05-SC"
426973;2022-04-08;"sexta-feira";"09:09:00";"SP";153;98,9;"JOSE BONIFACIO";"Mal súbito do condutor";"Engavetamento";"Sem Vítimas";"Pleno dia";"Crescente";"Céu Claro";"Múltipla";"Reta";"Não";3;0;0;0;3;0;0;3;-20,99185216;-49,62326681;"SPRF-SP";"DEL09-SP";"UOP01-DEL09-SP"
426974;2022-04-08;"sexta-feira";"11:35:00";"MG";381;512;"IGARAPE";"Pedestre andava na pista";"Atropelamento de Pedestre";"Com Vítimas Feridas";"Pleno dia";"Crescente";"Céu Claro";"Simples";"Reta;Declive";"Sim";2;0;0;1;1;0;1;2;-20,09239724;-44,31458341;"SPRF-MG";"DEL01-MG";"UOP03-DEL01-MG"
426976;2022-04-08;"sexta-feira";"09:15:00";"RN";406;82,1;"SAO GONCALO DO AMARANTE";"Reação tardia ou ineficiente do condutor";"Engavetamento";"Sem Vítimas";"Pleno dia";"Crescente";"Sol";"Dupla";"Reta";"Sim";3;0;0;0;3;0;0;3;-5,76704;-35,277412;"SPRF-RN";"DEL02-RN";"UOP01-DEL02-RN"
426977;2022-04-08;"sexta-feira";"11:20:00";"PE";232;121,3;"CARUARU";"Manobra de mudança de faixa";"Colisão traseira";"Sem Vítimas";"Pleno dia";"Crescente";"Sol";"Dupla";"Aclive";"Não";5;0;0;0;5;0;0;3;-8,30018257;-35,91071184;"SPRF-PE";"DEL02-PE";"UOP03-DEL02-PE"
426978;2022-04-08;"sexta-feira";"09:30:00";"TO";153;226,6;"PALMEIRANTE";"Reação tardia ou ineficiente do condutor";"Atropelamento de Pedestre";"Com Vítimas Fatais";"Pleno dia";"Decrescente";"Céu Claro";"Simples";"Reta";"Não";6;1;1;0;3;1;1;2;-7,87160101;-48,45739218;"SPRF-TO";"DEL02-TO";"UOP01-DEL02-TO"
426979;2022-04-08;"sexta-feira";"10:50:00";"PR";369;234,4;"JANDAIA DO SUL";"Reação tardia ou ineficiente do condutor";"Capotamento";"Com Vítimas Feridas";"Pleno dia";"Crescente";"Céu Claro";"Simples";"Curva";"Não";3;0;1;1;1;0;2;1;-23,61181198;-51,66320801;"SPRF-PR";"DEL09-PR";"UOP01-DEL09-PR"