"id";"data_inversa";"dia_semana";"horario";"uf";"br";"km";"municipio";"causa_acidente";"tipo_acidente";"classificacao_acidente";"fase_dia";"sentido_via";"condicao_metereologica";"tipo_pista";"tracado_via";"uso_solo";"pessoas";"mortos";"feridos_leves";"feridos_graves";"ilesos";"ignorados";"feridos";"veiculos";"latitude";"longitude";"regional";"delegacia";"uop"
426981;2022-04-08;"sexta-feira";"07:40:00";"MA";135;5,9;"SAO LUIS";"Ausência de reação do condutor";"Colisão lateral mesmo sentido";"Com Vítimas Feridas";"Pleno dia";"Decrescente";"Céu Claro";"Dupla";"Reta";"Sim";2;0;1;1;0;0;2;2;-2,628834;-44,263088;"SPRF-MA";"DEL01-MA";"UOP01-DEL01-MA"
426982;2022-04-08;"sexta-feira";"12:10:00";"SC";280;232,4;"CANOINHAS";"Acessar a via sem observar a presença dos outros veículos";"Colisão lateral mesmo sentido";"Com Vítimas Feridas";"Pleno dia";"Crescente";"Garoa/Chuvisco";"Simples";"Ponte;Reta";"Sim";2;0;0;2;0;0;2;2;-26,19014736;-50,38186997;"SPRF-SC";"DEL06-SC";"UOP04-DEL06-SC"
426985;2022-04-08;"sexta-feira";"07:08:00";"SC";101;390;"CRICIUMA";"Reação tardia ou ineficiente do condutor";"Tombamento";"Com Vítimas Feridas";"Pleno dia";"Decrescente";"Nublado";"Simples";"Curva;Rotatória";"Não";1;0;1;0;0;0;1;1;-28,80704782;-49,37402844;"SPRF-SC";"DEL02-SC";"UOP02-DEL02-SC"
426986;2022-04-08;"sexta-feira";"08:00:00";"SC";470;123,3;"IBIRAMA";"Acessar a via sem observar a presença dos outros veículos";"Colisão transversal";"Com Vítimas Feridas";"Pleno dia";"Decrescente";"Nublado";"Simples";"Interseção de Vias";"Sim";3;0;1;0;2;0;1;2;-27,106783;-49,522049;"SPRF-SC";"DEL04-SC";"UOP02-DEL04-SC"
426987;2022-04-08;"sexta-feira";"07:20:00";"MA";135;3;"SAO LUIS";"Reação tardia ou ineficiente do condutor";"Colisão traseira";"Com Vítimas Feridas";"Pleno dia";"Decrescente";"Nublado";"Dupla";"Reta";"Não";5;0;1;0;3;1;1;3;-2,609276;-44,248899;"SPRF-MA";"DEL01-MA";"UOP01-DEL01-MA"
426990;2022-04-08;"sexta-feira";"07:00:00";"SC";282;104;"ALFREDO WAGNER";"Condutor deixou de manter distância do veículo da frente";"Colisão traseira";"Com Vítimas Feridas";"Pleno dia";"Crescente";"Chuva";"Simples";"Reta";"Sim";2;0;0;1;1;0;1;2;-27,696043;-49,334038;"SPRF-SC";"DEL01-SC";"UOP03-DEL01-SC"
426991;2022-04-02;"sábado";"21:10:00";"SC";0;0;"ITAJAI";"Ausência de reação do condutor";"Colisão com objeto";"Sem Vítimas";"Plena Noite";"Não Informado";"Garoa/Chuvisco";"Simples";"Reta";"Sim";1;0;0;0;1;0;0;1;-26,935289;-48,692837;"SPRF-SC";"DEL04-SC";"UOP04-DEL04-SC"
426994;2022-04-08;"sexta-feira";"13:00:00";"PR";476;129;"CURITIBA";"Reação tardia ou ineficiente do condutor";"Saída de leito carroçável";"Com Vítimas Feridas";"Pleno dia";"Crescente";"Céu Claro";"Múltipla";"Curva";"Sim";1;0;1;0;0;0;1;1;-25,44819615;-49,23542261;"SPRF-PR";"DEL01-PR";"UOP03-DEL01-PR"
426996;2022-02-25;"sexta-feira";"13:30:00";"PA";316;52;"CASTANHAL";"Demais falhas mecânicas ou elétricas";"Tombamento";"Com Vítimas Feridas";"Pleno dia";"Decrescente";"Sol";"Dupla";"Reta";"Não";2;0;2;0;0;0;2;1;-1,30732485;-48,02586802;"SPRF-PA";"DEL01-PA";"UOP01-DEL01-PA"
427002;2022-04-08;"sexta-feira";"13:40:00";"MG";40;689;"ALFREDO VASCONCELOS";"Ingestão de álcool e/ou substâncias psicoativas pelo pedestre";"Queda de ocupante de veículo";"Com Vítimas Feridas";"Pleno dia";"Crescente";"Céu Claro";"Simples";"Reta";"Não";1;0;1;0;0;0;1;1;-21,11162025;-43,76002919;"SPRF-MG";"DEL05-MG";"UOP02-DEL05-MG"
427498;2022-02-05;"sábado";"18:30:00";"PA";10;271;"MAE DO RIO";"Ausência de reação do condutor";"Tombamento";"Com Vítimas Feridas";"Plena Noite";"Decrescente";"Céu Claro";"Simples";"Reta";"Sim";1;0;0;1;0;0;1;1;-2,056085;-47,55422;"SPRF-PA";"DEL02-PA";"UOP01-DEL02-PA"
428105;2022-04-08;"sexta-feira";"16:30:00";"MG";40;551;"NOVA LIMA";"Acessar a via sem observar a presença dos outros veículos";"Colisão lateral mesmo sentido";"Com Vítimas Feridas";"Pleno dia";"Decrescente";"Céu Claro";"Múltipla";"Reta";"Sim";2;0;0;1;1;0;1;2;-20,05411435;-43,97101875;"SPRF-MG";"DEL01-MG";"UOP02-DEL01-MG"
428110;2022-04-08;"sexta-feira";"14:33:00";"PE";101;193,4;"PALMARES";"Acumulo de água sobre o pavimento";"Capotamento";"Com Vítimas Feridas";"Pleno dia";"Crescente";"Chuva";"Dupla";"Curva";"Não";2;0;1;0;1;0;1;1;-8,72157295;-35,60951373;"SPRF-PE";"DEL01-PE";"UOP01-DEL01-PE"
428121;2022-04-08;"sexta-feira";"16:30:00";"SC";101;203;"SAO JOSE";"Acessar a via sem observar a presença dos outros veículos";"Colisão transversal";"Com Vítimas Feridas";"Pleno dia";"Crescente";"Chuva";"Dupla";"Interseção de Vias";"Sim";2;0;1;0;1;0;1;2;-27,5650044;-48,61460082;"SPRF-SC";"DEL01-SC";"UOP01-DEL01-SC"
428124;2022-04-08;"sexta-feira";"15:55:00";"BA";110;140;"CICERO DANTAS";"Acessar a via sem observar a presença dos outros veículos";"Colisão transversal";"Com Vítimas Feridas";"Pleno dia";"Crescente";"Céu Claro";"Simples";"Reta";"Não";2;0;1;0;0;1;1;2;-10,635602;-38,401222;"SPRF-BA";"DEL07-BA";"UOP02-DEL07-BA"
428125;2022-04-08;"sexta-feira";"10:24:00";"RN";304;153,9;"ANGICOS";"Obras na pista";"Tombamento";"Com Vítimas Feridas";"Pleno dia";"Crescente";"Céu Claro";"Simples";"Reta;Em Obras";"Não";1;0;0;1;0;0;1;1;-5,6944159;-36,57109899;"SPRF-RN";"DEL04-RN";"UOP01-DEL04-RN"
428126;2022-04-08;"sexta-feira";"16:20:00";"SP";153;33;"NOVA GRANADA";"Condutor deixou de manter distância do veículo da frente";"Colisão traseira";"Sem Vítimas";"Pleno dia";"Decrescente";"Sol";"Simples";"Curva";"Não";2;0;0;0;2;0;0;2;-20,56326998;-49,32052397;"SPRF-SP";"DEL09-SP";"UOP01-DEL09-SP"
428128;2022-04-08;"sexta-feira";"14:00:00";"MG";50;97,8;"UBERLANDIA";"Demais falhas mecânicas ou elétricas";"Incêndio";"Com Vítimas Feridas";"Pleno dia";"Decrescente";"Nublado";"Dupla";"Aclive;Reta";"Não";1;0;1;0;0;0;1;1;-19,10987487;-48,17849458;"SPRF-MG";"DEL15-MG";"UOP01-DEL15-MG"
428132;2022-04-08;"sexta-feira";"16:00:00";"SP";116;230,5;"SAO PAULO";"Transitar no acostamento";"Colisão traseira";"Com Vítimas Feridas";"Pleno dia";"Decrescente";"Céu Claro";"Múltipla";"Reta";"Sim";2;0;1;0;1;0;1;2;-23,52251783;-46,5855702;"SPRF-SP";"DEL01-SP";"UOP01-DEL01-SP"
428133;2022-04-08;"sexta-feira";"16:35:00";"ES";101;220,1;"IBIRACU";"Acessar a via sem observar a presença dos outros veículos";"Colisão transversal";"Com Vítimas Feridas";"Pleno dia";"Crescente";"Sol";"Simples";"Reta";"Não";2;0;1;0;1;0;1;2;-19,86379124;-40,39171492;"SPRF-ES";"DEL02-ES";"UOP01-DEL02-ES"
428174;2022-04-08;"sexta-feira";"08:24:00";"ES";101;350,5;"ANCHIETA";"Velocidade Incompatível";"Tombamento";"Com Vítimas Feridas";"Pleno dia";"Decrescente";"Sol";"Simples";"Curva";"Não";3;0;1;0;2;0;1;1;-20,65985684;-40,64894709;"SPRF-ES";"DEL03-ES";"UOP01-DEL03-ES"
428218;2022-04-08;"sexta-feira";"17:00:00";"PR";369;185;"ARAPONGAS";"Ultrapassagem Indevida";"Colisão lateral mesmo sentido";"Com Vítimas Feridas";"Anoitecer";"Crescente";"Céu Claro";"Simples";"Reta";"Sim";2;0;1;0;1;0;1;2;-23,409157;-51,427804;"SPRF-PR";"DEL07-PR";"UOP02-DEL07-PR"
428219;2022-04-08;"sexta-feira";"11:50:00";"BA";367;50,3;"PORTO SEGURO";"Acessar a via sem observar a presença dos outros veículos";"Colisão transversal";"Com Vítimas Feridas";"Pleno dia";"Decrescente";"Céu Claro";"Simples";"Interseção de Vias";"Não";3;0;1;1;0;1;2;2;-16,37330881;-39,29852716;"SPRF-BA";"DEL09-BA";"UOP01-DEL09-BA"
428221;2022-04-08;"sexta-feira";"13:40:00";"PR";277;318;"GUARAPUAVA";"Reação tardia ou ineficiente do condutor";"Saída de leito carroçável";"Com Vítimas Feridas";"Pleno dia";"Crescente";"Chuva";"Simples";"Reta";"Não";3;0;2;0;1;0;2;1;-25,3312311;-51,21833133;"SPRF-PR";"DEL08-PR";"UOP01-DEL08-PR"
428224;2022-04-08;"sexta-feira";"07:45:00";"SC";470;130,2;"LONTRAS";"Acessar a via sem observar a presença dos outros veículos";"Colisão transversal";"Com Vítimas Feridas";"Pleno dia";"Decrescente";"Nublado";"Simples";"Reta";"Não";3;0;1;0;2;0;1;3;-27,15756;-49,556488;"SPRF-SC";"DEL04-SC";"UOP02-DEL04-SC"
428225;2022-04-08;"sexta-feira";"17:00:00";"SC";101;204;"SAO JOSE";"Condutor deixou de manter distância do veículo da frente";"Engavetamento";"Com Vítimas Feridas";"Pleno dia";"Crescente";"Nublado";"Múltipla";"Reta";"Sim";3;0;1;0;2;0;1;3;-27,57413014;-48,61363083;"SPRF-SC";"DEL01-SC";"UOP01-DEL01-SC"
428261;2022-04-08;"sexta-feira";"15:00:00";"PR";153;20;"JACAREZINHO";"Acessar a via sem observar a presença dos outros veículos";"Colisão transversal";"Com Vítimas Feridas";"Pleno dia";"Crescente";"Céu Claro";"Simples";"Reta";"Sim";2;0;0;1;1;0;1;2;-23,15816552;-49,95960461;"SPRF-PR";"DEL07-PR";"UOP04-DEL07-PR"
428263;2022-04-08;"sexta-feira";"15:37:00";"SP";116;283;"EMBU DAS ARTES";"Pedestre cruzava a pista fora da faixa";"Atropelamento de Pedestre";"Com Vítimas Feridas";"Pleno dia";"Crescente";"Céu Claro";"Dupla";"Em Obras";"Sim";2;0;2;0;0;0;2;2;-23,69297005;-46,86352786;"SPRF-SP";"DEL04-SP";"UOP01-DEL04-SP"
429185;2022-04-08;"sexta-feira";"14:00:00";"SC";470;135;"RIO DO SUL";"Acessar a via sem observar a presença dos outros veículos";"Colisão transversal";"Com Vítimas Feridas";"Pleno dia";"Decrescente";"Chuva";"Simples";"Reta";"Sim";2;0;0;1;1;0;1;2;-27,188492;-49,61232;"SPRF-SC";"DEL04-SC";"UOP02-DEL04-SC"
429186;2022-04-08;"sexta-feira";"07:00:00";"PR";373;191,8;"PONTA GROSSA";"Ausência de reação do condutor";"Saída de leito carroçável";"Sem Vítimas";"Pleno dia";"Decrescente";"Céu Claro";"Simples";"Reta";"Não";1;0;0;0;1;0;0;1;-25,05786317;-50,34675466;"SPRF-PR";"DEL03-PR";"UOP01-DEL03-PR"
429187;2022-04-02;"sábado";"15:10:00";"PE";101;81;"JABOATAO DOS GUARARAPES";"Acessar a via sem observar a presença dos outros veículos";"Colisão lateral mesmo sentido";"Com Vítimas Feridas";"Pleno dia";"Decrescente";"Céu Claro";"Dupla";"Reta";"Não";2;0;1;0;1;0;1;2;-8,1597489;-34,94024569;"SPRF-PE";"DEL01-PE";"UOP01-DEL01-PE"
429440;2022-04-08;"sexta-feira";"17:40:00";"MA";10;262,1;"IMPERATRIZ";"Acessar a via sem observar a presença dos outros veículos";"Colisão transversal";"Com Vítimas Feridas";"Anoitecer";"Crescente";"Nublado";"Simples";"Reta";"Sim";2;0;0;1;1;0;1;2;-5,445326;-47,472542;"SPRF-MA";"DEL04-MA";"UOP01-DEL04-MA"
429442;2022-04-08;"sexta-feira";"19:19:00";"GO";50;280;"CATALAO";"Ausência de reação do condutor";"Tombamento";"Sem Vítimas";"Plena Noite";"Crescente";"Céu Claro";"Dupla";"Interseção de Vias";"Não";1;0;0;0;0;1;0;1;-18,1784;-47,9362;"SPRF-GO";"DEL06-GO";"UOP01-DEL06-GO"
429443;2022-04-08;"sexta-feira";"17:30:00";"MG";40;788,9;"JUIZ DE FORA";"Manobra de mudança de faixa";"Colisão lateral mesmo sentido";"Com Vítimas Feridas";"Anoitecer";"Decrescente";"Céu Claro";"Dupla";"Curva";"Não";2;0;1;0;1;0;1;2;-21,74815906;-43,44533222;"SPRF-MG";"DEL05-MG";"UOP01-DEL05-MG"
429444;2022-04-08;"sexta-feira";"18:15:00";"SC";153;69,7;"IRANI";"Velocidade Incompatível";"Saída de leito carroçável";"Sem Vítimas";"Anoitecer";"Crescente";"Chuva";"Simples";"Curva";"Não";1;0;0;0;0;1;0;1;-27,041891;-51,882576;"SPRF-SC";"DEL07-SC";"UOP04-DEL07-SC"
429445;2022-04-08;"sexta-feira";"12:05:00";"PE";101;46,9;"IGARASSU";"Retorno proibido";"Colisão transversal";"Sem Vítimas";"Pleno dia";"Crescente";"Nublado";"Múltipla";"Reta";"Sim";3;0;0;0;2;1;0;3;-7,87406004;-34,90588126;"SPRF-PE";"DEL01-PE";"UOP02-DEL01-PE"
429449;2022-04-08;"sexta-feira";"19:00:00";"MA";135;12;"SAO LUIS";"Pista esburacada";"Tombamento";"Com Vítimas Feridas";"Plena Noite";"Crescente";"Céu Claro";"Dupla";"Reta";"Sim";2;0;1;0;0;1;1;2;-2,67223553;-44,29173767;"SPRF-MA";"DEL01-MA";"UOP01-DEL01-MA"
429453;2022-04-08;"sexta-feira";"15:15:00";"MG";262;42,2;"MANHUACU";"Ausência de reação do condutor";"Colisão com objeto";"Com Vítimas Feridas";"Pleno dia";"Crescente";"Nublado";"Simples";"Reta";"Não";2;0;2;0;0;0;2;1;-20,26976316;-42,06894006;"SPRF-MG";"DEL06-MG";"UOP03-DEL06-MG"
429454;2022-04-08;"sexta-feira";"12:49:00";"RJ";101;262;"RIO BONITO";"Velocidade Incompatível";"Saída de leito carroçável";"Com Vítimas Feridas";"Pleno dia";"Crescente";"Sol";"Dupla";"Aclive;Curva;Viaduto";"Sim";2;0;0;2;0;0;2;1;-22,71367506;-42,62052996;"SPRF-RJ";"DEL02-RJ";"UOP03-DEL02-RJ"
429456;2022-04-08;"sexta-feira";"19:25:00";"MG";381;497,4;"BETIM";"Velocidade Incompatível";"Tombamento";"Com Vítimas Feridas";"Plena Noite";"Decrescente";"Céu Claro";"Dupla";"Reta";"Sim";1;0;1;0;0;0;1;1;-20,01172662;-44,21976041;"SPRF-MG";"DEL01-MG";"UOP03-DEL01-MG"
429459;2022-04-08;"sexta-feira";"17:30:00";"RS";116;397;"CAMAQUA";"Acessar a via sem observar a presença dos outros veículos";"Colisão transversal";"Com Vítimas Feridas";"Pleno dia";"Decrescente";"Céu Claro";"Simples";"Reta;Rotatória";"Sim";3;0;2;0;1;0;2;2;-30,85668978;-51,7840381;"SPRF-RS";"DEL02-RS";"UOP02-DEL02-RS"
429461;2022-04-08;"sexta-feira";"19:05:00";"GO";364;196;"JATAI";"Pedestre cruzava a pista fora da faixa";"Atropelamento de Pedestre";"Com Vítimas Feridas";"Plena Noite";"Decrescente";"Céu Claro";"Dupla";"Reta";"Sim";3;0;0;1;1;1;1;2;-17,917234;-51,720665;"SPRF-GO";"DEL05-GO";"UOP01-DEL05-GO"
429463;2022-04-08;"sexta-feira";"12:45:00";"PR";369;86,8;"CORNELIO PROCOPIO";"Acessar a via sem observar a presença dos outros veículos";"Colisão traseira";"Com Vítimas Feridas";"Pleno dia";"Decrescente";"Céu Claro";"Simples";"Reta";"Sim";2;0;1;0;1;0;1;2;-23,18044798;-50,62736034;"SPRF-PR";"DEL07-PR";"UOP01-DEL07-PR"
429464;2022-04-08;"sexta-feira";"19:10:00";"RS";285;563,8;"SAO LUIZ GONZAGA";"Acessar a via sem observar a presença dos outros veículos";"Colisão transversal";"Com Vítimas Feridas";"Plena Noite";"Crescente";"Céu Claro";"Simples";"Rotatória";"Sim";3;0;1;0;2;0;1;2;-28,41714512;-54,93836761;"SPRF-RS";"DEL10-RS";"UOP01-DEL10-RS"
429466;2022-04-08;"sexta-feira";"19:45:00";"GO";364;196;"JATAI";"Condutor deixou de manter distância do veículo da frente";"Colisão traseira";"Sem Vítimas";"Plena Noite";"Crescente";"Céu Claro";"Dupla";"Retorno Regulamentado";"Sim";2;0;0;0;2;0;0;2;-17,917234;-51,720665;"SPRF-GO";"DEL05-GO";"UOP01-DEL05-GO"
429468;2022-04-08;"sexta-feira";"07:50:00";"SC";280;58;"GUARAMIRIM";"Manobra de mudança de faixa";"Colisão lateral mesmo sentido";"Com Vítimas Feridas";"Pleno dia";"Crescente";"Nublado";"Dupla";"Rotatória";"Sim";3;0;1;0;2;0;1;2;-26,47415593;-49,021211;"SPRF-SC";"DEL03-SC";"UOP03-DEL03-SC"
429470;2022-04-08;"sexta-feira";"19:50:00";"BA";116;821,7;"VITORIA DA CONQUISTA";"Pedestre andava na pista";"Atropelamento de Pedestre";"Com Vítimas Fatais";"Plena Noite";"Decrescente";"Céu Claro";"Simples";"Aclive";"Sim";2;1;0;0;1;0;0;2;-14,79928321;-40,77208589;"SPRF-BA";"DEL08-BA";"UOP01-DEL08-BA"
429471;2022-04-08;"sexta-feira";"17:50:00";"RS";116;397,8;"CAMAQUA";"Desrespeitar a preferência no cruzamento";"Colisão transversal";"Com Vítimas Feridas";"Pleno dia";"Decrescente";"Sol";"Simples";"Rotatória;Interseção de Vias";"Sim";3;0;2;0;1;0;2;2;-30,85668978;-51,7840381;"SPRF-RS";"DEL02-RS";"UOP02-DEL02-RS"
429937;2022-04-08;"sexta-feira";"18:10:00";"RS";285;293,1;"PASSO FUNDO";"Desrespeitar a preferência no cruzamento";"Colisão transversal";"Sem Vítimas";"Anoitecer";"Crescente";"Nublado";"Dupla";"Rotatória";"Sim";3;0;0;0;3;0;0;2;-28,236645;-52,375156;"SPRF-RS";"DEL08-RS";"UOP03-DEL08-RS"
429940;2022-04-08;"sexta-feira";"20:35:00";"ES";101;204;"JOAO NEIVA";"Acessar a via sem observar a presença dos outros veículos";"Colisão transversal";"Com Vítimas Feridas";"Plena Noite";"Crescente";"Céu Claro";"Simples";"Reta";"Sim";2;0;1;0;1;0;1;2;-19,74948916;-40,37922678;"SPRF-ES";"DEL02-ES";"UOP01-DEL02-ES"
429941;2022-04-08;"sexta-feira";"19:10:00";"MA";135;7,1;"SAO LUIS";"Acessar a via sem observar a presença dos outros veículos";"Colisão transversal";"Com Vítimas Feridas";"Plena Noite";"Decrescente";"Nublado";"Dupla";"Retorno Regulamentado";"Não";3;0;1;0;2;0;1;3;-2,63608835;-44,26848552;"SPRF-MA";"DEL01-MA";"UOP01-DEL01-MA"
429942;2022-04-08;"sexta-feira";"18:13:00";"CE";116;73,6;"CHOROZINHO";"Reação tardia ou ineficiente do condutor";"Engavetamento";"Sem Vítimas";"Plena Noite";"Decrescente";"Chuva";"Simples";"Declive";"Sim";3;0;0;0;3;0;0;3;-4,34762481;-38,46792477;"SPRF-CE";"DEL03-CE";"UOP02-DEL03-CE"
429946;2022-04-08;"sexta-feira";"19:00:00";"PR";153;109,6;"IBAITI";"Entrada inopinada do pedestre";"Atropelamento de Pedestre";"Com Vítimas Feridas";"Plena Noite";"Decrescente";"Nublado";"Simples";"Reta";"Sim";2;0;0;1;0;1;1;2;-23,84682092;-50,19305065;"SPRF-PR";"DEL07-PR";"UOP04-DEL07-PR"
429949;2022-04-08;"sexta-feira";"15:50:00";"RS";0;0;"SAO LEOPOLDO";"Transitar na contramão";"Colisão frontal";"Com Vítimas Feridas";"Pleno dia";"Não Informado";"Nublado";"Simples";"Viaduto";"Sim";2;0;1;0;1;0;1;2;-29,74461656;-51,15065044;"SPRF-RS";"DEL01-RS";"UOP02-DEL01-RS"
429952;2022-04-08;"sexta-feira";"21:30:00";"ES";101;344,3;"GUARAPARI";"Desvio temporário";"Tombamento";"Com Vítimas Feridas";"Plena Noite";"Crescente";"Céu Claro";"Dupla";"Desvio Temporário";"Não";2;0;1;1;0;0;2;1;-20,66307033;-40,5994571;"SPRF-ES";"DEL03-ES";"UOP01-DEL03-ES"
429954;2022-04-08;"sexta-feira";"18:00:00";"RS";116;244;"SAO LEOPOLDO";"Condutor deixou de manter distância do veículo da frente";"Colisão traseira";"Com Vítimas Feridas";"Anoitecer";"Decrescente";"Céu Claro";"Dupla";"Reta";"Sim";2;0;1;0;0;1;1;2;-29,74088003;-51,15039566;"SPRF-RS";"DEL01-RS";"UOP02-DEL01-RS"
429955;2022-04-08;"sexta-feira";"13:50:00";"PB";0;0;"JOAO PESSOA";"Ultrapassagem Indevida";"Colisão transversal";"Com Vítimas Feridas";"Pleno dia";"Não Informado";"Céu Claro";"Dupla";"Reta";"Sim";3;0;2;0;1;0;2;2;-7,171085;-34,870799;"SPRF-PB";"DEL01-PB";"UOP02-DEL01-PB"
429956;2022-04-08;"sexta-feira";"02:30:00";"RO";435;122,7;"CEREJEIRAS";"Acessar a via sem observar a presença dos outros veículos";"Colisão transversal";"Com Vítimas Feridas";"Plena Noite";"Decrescente";"Céu Claro";"Dupla";"Interseção de Vias";"Sim";2;0;1;0;1;0;1;2;-13,18775891;-60,79986605;"SPRF-RO";"DEL04-RO";"UOP02-DEL04-RO"
429957;2022-04-08;"sexta-feira";"18:06:00";"RS";116;268;"CANOAS";"Manobra de mudança de faixa";"Colisão lateral mesmo sentido";"Com Vítimas Feridas";"Anoitecer";"Decrescente";"Céu Claro";"Múltipla";"Reta";"Sim";2;0;1;0;1;0;1;2;-29,95042502;-51,17652939;"SPRF-RS";"DEL01-RS";"UOP01-DEL01-RS"
429958;2022-04-08;"sexta-feira";"19:30:00";"PR";277;478;"NOVA LARANJEIRAS";"Pedestre andava na pista";"Atropelamento de Pedestre";"Com Vítimas Fatais";"Plena Noite";"Decrescente";"Nublado";"Simples";"Curva";"Não";2;1;0;0;1;0;0;2;-25,29709036;-52,57146109;"SPRF-PR";"DEL04-PR";"UOP02-DEL04-PR"
429960;2022-04-08;"sexta-feira";"17:40:00";"RS";116;264;"CANOAS";"Acessar a via sem observar a presença dos outros veículos";"Colisão lateral mesmo sentido";"Com Vítimas Feridas";"Anoitecer";"Crescente";"Céu Claro";"Dupla";"Reta";"Sim";2;0;1;0;1;0;1;2;-29,914435;-51,17754495;"SPRF-RS";"DEL01-RS";"UOP01-DEL01-RS"
429961;2022-04-08;"sexta-feira";"20:50:00";"BA";235;349,6;"JUAZEIRO";"Ausência de reação do condutor";"Saída de leito carroçável";"Com Vítimas Fatais";"Plena Noite";"Decrescente";"Céu Claro";"Simples";"Curva";"Sim";5;1;3;0;1;0;3;1;-9,4406722;-40,4938084;"SPRF-PE";"DEL06-PE";"UOP01-DEL06-PE"
429962;2022-04-08;"sexta-feira";"06:20:00";"SC";280;224,6;"TRES BARRAS";"Reação tardia ou ineficiente do condutor";"Saída de leito carroçável";"Sem Vítimas";"Amanhecer";"Decrescente";"Nublado";"Simples";"Reta";"Não";1;0;0;0;1;0;0;1;-26,17513189;-50,30394805;"SPRF-SC";"DEL06-SC";"UOP04-DEL06-SC"
429963;2022-04-08;"sexta-feira";"17:15:00";"BA";330;851;"BARRA DO ROCHA";"Velocidade Incompatível";"Colisão traseira";"Com Vítimas Fatais";"Pleno dia";"Crescente";"Céu Claro";"Simples";"Reta";"Não";2;1;0;0;0;1;0;2;-14,19187998;-39,65379699;"SPRF-BA";"DEL03-BA";"UOP01-DEL03-BA"
429967;2022-04-08;"sexta-feira";"17:00:00";"SC";470;58,6;"BLUMENAU";"Desrespeitar a preferência no cruzamento";"Colisão transversal";"Com Vítimas Feridas";"Pleno dia";"Decrescente";"Chuva";"Simples";"Interseção de Vias";"Sim";3;0;2;0;1;0;2;2;-26,883879;-49,145622;"SPRF-SC";"DEL04-SC";"UOP01-DEL04-SC"
431377;2022-04-08;"sexta-feira";"22:50:00";"GO";153;439,3;"ANAPOLIS";"Estacionar ou parar em local proibido";"Colisão traseira";"Com Vítimas Feridas";"Plena Noite";"Crescente";"Céu Claro";"Dupla";"Reta";"Sim";2;0;0;1;0;1;1;2;-16,32369717;-48,92222378;"SPRF-GO";"DEL02-GO";"UOP01-DEL02-GO"
431378;2022-04-08;"sexta-feira";"21:15:00";"SC";101;391;"CRICIUMA";"Entrada inopinada do pedestre";"Atropelamento de Pedestre";"Com Vítimas Feridas";"Plena Noite";"Crescente";"Nublado";"Dupla";"Declive;Reta";"Não";3;0;1;0;2;0;1;2;-28,80004819;-49,36282789;"SPRF-SC";"DEL02-SC";"UOP02-DEL02-SC"
432053;2022-04-09;"sábado";"00:56:00";"SC";101;404;"ARARANGUA";"Ausência de reação do condutor";"Colisão traseira";"Sem Vítimas";"Plena Noite";"Crescente";"Céu Claro";"Dupla";"Reta";"Não";4;0;0;0;4;0;0;2;-28,8976633;-49,47310925;"SPRF-SC";"DEL02-SC";"UOP02-DEL02-SC"
432055;2022-04-08;"sexta-feira";"23:55:00";"MG";365;405;"PATOS DE MINAS";"Reação tardia ou ineficiente do condutor";"Saída de leito carroçável";"Com Vítimas Feridas";"Plena Noite";"Decrescente";"Céu Claro";"Dupla";"Retorno Regulamentado";"Não";1;0;1;0;0;0;1;1;-18,63364;-46,468506;"SPRF-MG";"DEL10-MG";"UOP01-DEL10-MG"
432056;2022-04-09;"sábado";"02:17:00";"ES";101;77,1;"SAO MATEUS";"Condutor Dormindo";"Queda de ocupante de veículo";"Com Vítimas Feridas";"Plena Noite";"Decrescente";"Céu Claro";"Simples";"Reta";"Não";1;0;0;1;0;0;1;1;-18,79952506;-39,89017092;"SPRF-ES";"DEL04-ES";"UOP02-DEL04-ES"
432057;2022-04-09;"sábado";"02:30:00";"MG";267;28,3;"ARGIRITA";"Reação tardia ou ineficiente do condutor";"Colisão com objeto";"Com Vítimas Feridas";"Plena Noite";"Crescente";"Céu Claro";"Simples";"Curva;Ponte";"Não";1;0;0;1;0;0;1;1;-21,65174033;-42,86293197;"SPRF-MG";"DEL07-MG";"UOP01-DEL07-MG"
432058;2022-04-08;"sexta-feira";"09:50:00";"SC";101;47;"JOINVILLE";"Pedestre cruzava a pista fora da faixa";"Colisão transversal";"Com Vítimas Feridas";"Pleno dia";"Crescente";"Céu Claro";"Dupla";"Reta";"Sim";3;0;1;0;2;0;1;2;-26,34234997;-48,85840089;"SPRF-SC";"DEL03-SC";"UOP01-DEL03-SC"
432059;2022-04-09;"sábado";"01:20:00";"PR";277;105;"CAMPO LARGO";"Ausência de reação do condutor";"Colisão com objeto";"Com Vítimas Feridas";"Plena Noite";"Decrescente";"Nevoeiro/Neblina";"Dupla";"Curva";"Não";1;0;1;0;0;0;1;1;-25,48824692;-49,34581481;"SPRF-PR";"DEL01-PR";"UOP03-DEL03-PR"
432061;2022-04-09;"sábado";"01:30:00";"SC";282;2,6;"SAO JOSE";"Ausência de reação do condutor";"Colisão traseira";"Com Vítimas Feridas";"Plena Noite";"Decrescente";"Céu Claro";"Múltipla";"Reta";"Sim";2;0;1;0;1;0;1;2;-27,603289;-48,590416;"SPRF-SC";"DEL01-SC";"UOP01-DEL01-SC"