"id";"data_inversa";"dia_semana";"horario";"uf";"br";"km";"municipio";"causa_acidente";"tipo_acidente";"classificacao_acidente";"fase_dia";"sentido_via";"condicao_metereologica";"tipo_pista";"tracado_via";"uso_solo";"pessoas";"mortos";"feridos_leves";"feridos_graves";"ilesos";"ignorados";"feridos";"veiculos";"latitude";"longitude";"regional";"delegacia";"uop"
432062;2022-04-09;"sábado";"02:25:00";"MG";381;767;"CAMPANHA";"Ausência de reação do condutor";"Saída de leito carroçável";"Com Vítimas Feridas";"Plena Noite";"Crescente";"Ignorado";"Dupla";"Curva";"Não";2;0;1;0;1;0;1;1;-21,76799733;-45,42028285;"SPRF-MG";"DEL16-MG";"UOP02-DEL16-MG"
432063;2022-04-08;"sexta-feira";"23:45:00";"SC";101;212;"PALHOCA";"Ingestão de álcool pelo condutor";"Colisão com objeto";"Sem Vítimas";"Plena Noite";"Crescente";"Nublado";"Dupla";"Reta";"Sim";1;0;0;0;0;1;0;1;-27,62996929;-48,65903871;"SPRF-SC";"DEL01-SC";"UOP02-DEL01-SC"
432064;2022-04-08;"sexta-feira";"16:40:00";"RN";110;91,9;"UPANEMA";"Ausência de reação do condutor";"Saída de leito carroçável";"Com Vítimas Feridas";"Pleno dia";"Crescente";"Céu Claro";"Simples";"Reta";"Sim";1;0;1;0;0;0;1;1;-5,58352501;-37,30714802;"SPRF-RN";"DEL04-RN";"UOP01-DEL04-RN"
432065;2022-04-08;"sexta-feira";"20:30:00";"RO";364;716;"PORTO VELHO";"Condutor deixou de manter distância do veículo da frente";"Colisão traseira";"Com Vítimas Fatais";"Plena Noite";"Decrescente";"Céu Claro";"Dupla";"Reta";"Não";3;1;0;0;0;2;0;3;-8,78573785;-63,89817015;"SPRF-RO";"DEL01-RO";"UOP01-DEL01-RO"
432068;2022-04-09;"sábado";"02:10:00";"PR";376;197,7;"MARINGA";"Velocidade Incompatível";"Colisão lateral mesmo sentido";"Com Vítimas Feridas";"Plena Noite";"Crescente";"Céu Claro";"Dupla";"Reta";"Sim";4;0;1;1;2;0;2;2;-23,42733882;-51,89598083;"SPRF-PR";"DEL09-PR";"UOP01-DEL09-PR"
432072;2022-04-08;"sexta-feira";"23:30:00";"PR";376;177,2;"MARINGA";"Afundamento ou ondulação no pavimento";"Tombamento";"Com Vítimas Feridas";"Plena Noite";"Crescente";"Céu Claro";"Múltipla";"Reta";"Sim";2;0;1;0;1;0;1;1;-23,41595855;-51,92226484;"SPRF-PR";"DEL09-PR";"UOP01-DEL09-PR"
432073;2022-04-09;"sábado";"00:25:00";"RS";285;388,5;"SANTA BARBARA DO SUL";"Ingestão de álcool pelo condutor";"Colisão lateral sentido oposto";"Com Vítimas Feridas";"Plena Noite";"Crescente";"Nevoeiro/Neblina";"Simples";"Reta";"Não";2;0;1;0;1;0;1;2;-28,401751;-53,231133;"SPRF-RS";"DEL10-RS";"UOP02-DEL10-RS"
432076;2022-04-08;"sexta-feira";"23:40:00";"RS";116;302;"GUAIBA";"Ausência de sinalização";"Colisão com objeto";"Sem Vítimas";"Plena Noite";"Decrescente";"Céu Claro";"Simples";"Desvio Temporário";"Não";1;0;0;0;1;0;0;1;-30,13970487;-51,35942618;"SPRF-RS";"DEL02-RS";"UOP01-DEL02-RS"
432371;2022-04-09;"sábado";"04:45:00";"MA";135;12;"SAO LUIS";"Manobra de mudança de faixa";"Colisão lateral mesmo sentido";"Sem Vítimas";"Amanhecer";"Crescente";"Nublado";"Dupla";"Reta";"Não";3;0;0;0;1;2;0;3;-2,679577;-44,29486;"SPRF-MA";"DEL01-MA";"UOP01-DEL01-MA"
432651;2022-04-08;"sexta-feira";"21:45:00";"SC";470;143;"RIO DO SUL";"Chuva";"Tombamento";"Com Vítimas Feridas";"Plena Noite";"Decrescente";"Chuva";"Simples";"Reta";"Sim";1;0;1;0;0;0;1;1;-27,233143;-49,672886;"SPRF-SC";"DEL04-SC";"UOP02-DEL04-SC"
433080;2022-02-10;"quinta-feira";"17:30:00";"PA";230;117,2;"MARABA";"Acessar a via sem observar a presença dos outros veículos";"Colisão transversal";"Com Vítimas Feridas";"Anoitecer";"Crescente";"Nublado";"Dupla";"Retorno Regulamentado";"Sim";2;0;1;0;1;0;1;2;-5,354758;-49,092232;"SPRF-PA";"DEL03-PA";"UOP01-DEL03-PA"
433520;2022-04-09;"sábado";"07:57:00";"RO";364;709;"PORTO VELHO";"Reação tardia ou ineficiente do condutor";"Colisão lateral mesmo sentido";"Com Vítimas Feridas";"Pleno dia";"Decrescente";"Céu Claro";"Dupla";"Reta";"Sim";3;0;0;2;1;0;2;2;-8,7909383;-63,84895617;"SPRF-RO";"DEL01-RO";"UOP01-DEL01-RO"
433544;2022-04-09;"sábado";"08:00:00";"CE";222;3,2;"FORTALEZA";"Reação tardia ou ineficiente do condutor";"Colisão com objeto";"Com Vítimas Feridas";"Pleno dia";"Decrescente";"Céu Claro";"Dupla";"Aclive;Reta";"Sim";1;0;0;1;0;0;1;1;-3,74089843;-38,59956264;"SPRF-CE";"DEL01-CE";"UOP01-DEL01-CE"
433545;2022-04-09;"sábado";"10:30:00";"RJ";393;114;"SAPUCAIA";"Condutor Dormindo";"Colisão com objeto";"Com Vítimas Feridas";"Pleno dia";"Decrescente";"Céu Claro";"Simples";"Reta";"Não";1;0;1;0;0;0;1;1;-21,90846963;-42,73541595;"SPRF-RJ";"DEL05-RJ";"UOP01-DEL05-RJ"
435029;2022-04-09;"sábado";"12:25:00";"SC";101;163;"TIJUCAS";"Condutor deixou de manter distância do veículo da frente";"Colisão traseira";"Com Vítimas Feridas";"Pleno dia";"Crescente";"Sol";"Múltipla";"Reta";"Sim";2;0;1;0;1;0;1;2;-27,23461699;-48,63039809;"SPRF-SC";"DEL04-SC";"UOP03-DEL04-SC"
435031;2022-04-09;"sábado";"11:10:00";"RJ";356;174,2;"SAO JOAO DA BARRA";"Transitar na contramão";"Colisão frontal";"Com Vítimas Fatais";"Pleno dia";"Crescente";"Céu Claro";"Simples";"Reta";"Não";2;1;0;1;0;0;1;2;-21,718241;-41,065812;"SPRF-RJ";"DEL08-RJ";"UOP02-DEL08-RJ"
435040;2022-04-09;"sábado";"11:40:00";"GO";40;0,1;"VALPARAISO DE GOIAS";"Estacionar ou parar em local proibido";"Engavetamento";"Com Vítimas Feridas";"Pleno dia";"Crescente";"Céu Claro";"Dupla";"Declive;Reta";"Sim";3;0;0;1;2;0;1;3;-16,058273;-47,982655;"SPRF-DF";"DEL01-DF";"UOP01-DEL01-DF"
435720;2022-03-01;"terça-feira";"19:15:00";"MG";40;499,5;"ESMERALDAS";"Animais na Pista";"Tombamento";"Com Vítimas Feridas";"Plena Noite";"Crescente";"Céu Claro";"Dupla";"Reta";"Sim";2;0;1;1;0;0;2;1;-19,78738018;-44,13757324;"SPRF-MG";"DEL02-MG";"UOP01-DEL02-MG"
435999;2022-04-02;"sábado";"00:40:00";"CE";20;401;"CAUCAIA";"Chuva";"Queda de ocupante de veículo";"Com Vítimas Feridas";"Plena Noite";"Decrescente";"Chuva";"Simples";"Reta";"Não";1;0;1;0;0;0;1;1;-3,79347474;-38,70838217;"SPRF-CE";"DEL01-CE";"UOP01-DEL01-CE"
436541;2022-04-09;"sábado";"09:20:00";"SP";116;65;"GUARATINGUETA";"Reação tardia ou ineficiente do condutor";"Tombamento";"Com Vítimas Feridas";"Pleno dia";"Crescente";"Nublado";"Dupla";"Retorno Regulamentado";"Não";1;0;1;0;0;0;1;1;-22,8229638;-45,19217491;"SPRF-SP";"DEL08-SP";"UOP01-DEL08-SP"
436542;2022-04-09;"sábado";"15:20:00";"GO";60;170,1;"GOIANIA";"Acumulo de água sobre o pavimento";"Capotamento";"Com Vítimas Feridas";"Pleno dia";"Crescente";"Chuva";"Dupla";"Reta";"Não";1;0;0;1;0;0;1;1;-16,7305;-49,3908;"SPRF-GO";"DEL01-GO";"UOP02-DEL01-GO"
436544;2022-04-09;"sábado";"17:20:00";"SP";116;292;"ITAPECERICA DA SERRA";"Reação tardia ou ineficiente do condutor";"Saída de leito carroçável";"Sem Vítimas";"Pleno dia";"Crescente";"Céu Claro";"Simples";"Curva";"Não";3;0;0;0;2;1;0;2;-23,74581995;-46,90003027;"SPRF-SP";"DEL04-SP";"UOP01-DEL04-SP"
436551;2022-04-09;"sábado";"01:30:00";"RS";116;255;"ESTEIO";"Velocidade Incompatível";"Colisão com objeto";"Com Vítimas Feridas";"Plena Noite";"Decrescente";"Céu Claro";"Dupla";"Reta";"Sim";1;0;0;1;0;0;1;1;-29,83522986;-51,17484349;"SPRF-RS";"DEL01-RS";"UOP02-DEL01-RS"
436557;2022-04-09;"sábado";"10:50:00";"SC";101;205,8;"SAO JOSE";"Condutor deixou de manter distância do veículo da frente";"Colisão traseira";"Com Vítimas Feridas";"Pleno dia";"Decrescente";"Céu Claro";"Múltipla";"Reta";"Sim";3;0;1;1;1;0;2;2;-27,5885818;-48,61689985;"SPRF-SC";"DEL01-SC";"UOP01-DEL01-SC"
437793;2022-04-09;"sábado";"10:30:00";"CE";222;5,6;"CAUCAIA";"Velocidade Incompatível";"Queda de ocupante de veículo";"Com Vítimas Feridas";"Pleno dia";"Crescente";"Sol";"Múltipla";"Viaduto";"Sim";1;0;1;0;0;0;1;1;-3,74296918;-38,61330997;"SPRF-CE";"DEL01-CE";"UOP01-DEL01-CE"
437794;2022-04-09;"sábado";"11:15:00";"SC";470;5;"NAVEGANTES";"Velocidade Incompatível";"Colisão frontal";"Com Vítimas Feridas";"Pleno dia";"Crescente";"Céu Claro";"Dupla";"Rotatória";"Sim";5;0;1;0;4;0;1;2;-26,855688;-48,700333;"SPRF-SC";"DEL04-SC";"UOP04-DEL04-SC"
437795;2022-04-09;"sábado";"15:55:00";"RN";406;162,1;"CEARA-MIRIM";"Condutor deixou de manter distância do veículo da frente";"Colisão traseira";"Com Vítimas Feridas";"Pleno dia";"Decrescente";"Céu Claro";"Simples";"Aclive;Reta";"Não";2;0;1;0;1;0;1;2;-5,7280941;-35,36099113;"SPRF-RN";"DEL02-RN";"UOP01-DEL02-RN"
437796;2022-04-09;"sábado";"16:20:00";"MG";381;929;"ITAPEVA";"Ingestão de álcool pelo condutor";"Colisão com objeto";"Com Vítimas Feridas";"Pleno dia";"Decrescente";"Sol";"Dupla";"Reta";"Não";1;0;1;0;0;0;1;1;-22,77111658;-46,20197296;"SPRF-MG";"DEL16-MG";"UOP03-DEL16-MG"
437797;2022-04-09;"sábado";"09:50:00";"PB";230;28;"JOAO PESSOA";"Ingestão de álcool pelo condutor";"Colisão lateral mesmo sentido";"Sem Vítimas";"Pleno dia";"Crescente";"Céu Claro";"Dupla";"Reta";"Sim";6;0;0;0;2;4;0;5;-7,16220203;-34,90303874;"SPRF-PB";"DEL01-PB";"UOP01-DEL01-PB"
438017;2022-04-09;"sábado";"18:08:00";"RJ";465;22;"RIO DE JANEIRO";"Reação tardia ou ineficiente do condutor";"Colisão transversal";"Com Vítimas Feridas";"Anoitecer";"Decrescente";"Nublado";"Simples";"Reta";"Sim";3;0;1;0;2;0;1;2;-22,865726;-43,600939;"SPRF-RJ";"DEL03-RJ";"UOP01-DEL03-RJ"
438018;2022-04-09;"sábado";"12:20:00";"PR";277;108,3;"CAMPO LARGO";"Reação tardia ou ineficiente do condutor";"Saída de leito carroçável";"Com Vítimas Feridas";"Pleno dia";"Decrescente";"Céu Claro";"Dupla";"Reta";"Sim";3;0;1;0;2;0;1;1;-25,436154;-49,440248;"SPRF-PR";"DEL01-PR";"UOP03-DEL03-PR"
441214;2022-01-02;"domingo";"20:00:00";"PR";369;139;"IBIPORA";"Ingestão de álcool ou de substâncias psicoativas pelo pedestre";"Queda de ocupante de veículo";"Com Vítimas Feridas";"Plena Noite";"Decrescente";"Céu Claro";"Dupla";"Reta";"Sim";3;0;1;1;0;1;2;2;-23,27449218;-51,0581392;"SPRF-PR";"DEL07-PR";"UOP01-DEL07-PR"
441673;2022-04-10;"domingo";"12:50:00";"MS";163;495,3;"CAMPO GRANDE";"Reação tardia ou ineficiente do condutor";"Colisão com objeto";"Com Vítimas Feridas";"Pleno dia";"Decrescente";"Céu Claro";"Dupla";"Reta";"Não";5;0;4;0;1;0;4;1;-20,31983821;-54,51519012;"SPRF-MS";"DEL01-MS";"UOP02-DEL01-MS"
442564;2022-04-09;"sábado";"20:00:00";"SP";116;165;"JACAREI";"Ausência de reação do condutor";"Engavetamento";"Com Vítimas Feridas";"Pleno dia";"Crescente";"Céu Claro";"Múltipla";"Aclive";"Não";6;0;3;0;3;0;3;3;-23,29691791;-46,00798704;"SPRF-SP";"DEL02-SP";"UOP01-DEL02-SP"
442565;2022-04-10;"domingo";"16:20:00";"MG";50;61,9;"UBERLANDIA";"Chuva";"Saída de leito carroçável";"Com Vítimas Feridas";"Pleno dia";"Decrescente";"Chuva";"Dupla";"Reta";"Sim";1;0;1;0;0;0;1;1;-18,81603099;-48,25003475;"SPRF-MG";"DEL15-MG";"UOP02-DEL15-MG"
442566;2022-04-09;"sábado";"01:40:00";"SC";116;225;"CORREIA PINTO";"Ingestão de álcool pelo condutor";"Colisão com objeto";"Com Vítimas Feridas";"Plena Noite";"Decrescente";"Ignorado";"Simples";"Rotatória";"Não";2;0;1;0;1;0;1;1;-27,62660421;-50,34186602;"SPRF-SC";"DEL05-SC";"UOP03-DEL05-SC"
442567;2022-04-09;"sábado";"02:30:00";"RS";386;428;"MONTENEGRO";"Avarias e/ou desgaste excessivo no pneu";"Saída de leito carroçável";"Sem Vítimas";"Plena Noite";"Decrescente";"Céu Claro";"Dupla";"Reta";"Não";1;0;0;0;1;0;0;1;-29,824709;-51,34256;"SPRF-RS";"DEL04-RS";"UOP02-DEL04-RS"
442568;2022-04-09;"sábado";"23:00:00";"MT";163;1039;"MATUPA";"Ausência de reação do condutor";"Colisão lateral mesmo sentido";"Com Vítimas Feridas";"Plena Noite";"Crescente";"Céu Claro";"Simples";"Reta";"Sim";2;0;2;0;0;0;2;2;-10,16719013;-54,93763008;"SPRF-MT";"DEL06-MT";"NPF/DEL06-MT"
442570;2022-04-10;"domingo";"14:40:00";"RS";116;252,9;"SAPUCAIA DO SUL";"Acessar a via sem observar a presença dos outros veículos";"Colisão traseira";"Com Vítimas Feridas";"Pleno dia";"Decrescente";"Céu Claro";"Dupla";"Interseção de Vias;Reta;Viaduto";"Sim";3;0;2;0;1;0;2;2;-29,80913395;-51,1675292;"SPRF-RS";"DEL01-RS";"UOP02-DEL01-RS"
442571;2022-04-10;"domingo";"10:30:00";"ES";101;296;"CARIACICA";"Demais falhas mecânicas ou elétricas";"Colisão com objeto";"Com Vítimas Feridas";"Pleno dia";"Decrescente";"Céu Claro";"Dupla";"Curva";"Sim";2;0;1;1;0;0;2;1;-20,34029997;-40,40405712;"SPRF-ES";"DEL01-ES";"UOP01-DEL01-ES"
442572;2022-04-10;"domingo";"16:00:00";"MG";381;487,7;"BETIM";"Velocidade Incompatível";"Capotamento";"Com Vítimas Feridas";"Pleno dia";"Decrescente";"Céu Claro";"Múltipla";"Curva";"Sim";3;0;3;0;0;0;3;1;-19,95739835;-44,11946381;"SPRF-MG";"DEL01-MG";"UOP03-DEL01-MG"
442573;2022-04-10;"domingo";"08:00:00";"MA";135;12;"SAO LUIS";"Pista esburacada";"Saída de leito carroçável";"Com Vítimas Feridas";"Pleno dia";"Crescente";"Sol";"Simples";"Reta";"Sim";1;0;1;0;0;0;1;1;-2,67223553;-44,29173767;"SPRF-MA";"DEL01-MA";"UOP01-DEL01-MA"
442574;2022-04-10;"domingo";"05:50:00";"SP";116;180;"GUARAREMA";"Pedestre andava na pista";"Atropelamento de Pedestre";"Com Vítimas Fatais";"Pleno dia";"Crescente";"Nevoeiro/Neblina";"Dupla";"Reta";"Não";2;1;0;0;1;0;0;2;-23,336372;-46,14513;"SPRF-SP";"DEL01-SP";"UOP01-DEL01-SP"
442575;2022-04-10;"domingo";"15:40:00";"RS";101;78,1;"OSORIO";"Demais falhas mecânicas ou elétricas";"Tombamento";"Com Vítimas Feridas";"Pleno dia";"Crescente";"Nublado";"Dupla";"Reta";"Não";2;0;1;0;1;0;1;1;-29,81058704;-50,24122892;"SPRF-RS";"DEL03-RS";"UOP01-DEL03-RS"
442576;2022-04-10;"domingo";"12:40:00";"MG";381;402;"BOM JESUS DO AMPARO";"Velocidade Incompatível";"Queda de ocupante de veículo";"Com Vítimas Fatais";"Pleno dia";"Crescente";"Céu Claro";"Dupla";"Reta";"Não";5;1;0;0;0;4;0;2;-19,75364097;-43,52827802;"SPRF-MG";"DEL01-MG";"UOP01-DEL01-MG"
442578;2022-04-10;"domingo";"17:15:00";"SP";381;70;"SAO PAULO";"Ingestão de álcool pelo condutor";"Colisão traseira";"Sem Vítimas";"Pleno dia";"Crescente";"Céu Claro";"Múltipla";"Reta";"Não";2;0;0;0;2;0;0;2;-23,34972978;-46,56070474;"SPRF-SP";"DEL03-SP";"UOP01-DEL03-SP"
442579;2022-04-10;"domingo";"11:30:00";"SC";101;365;"SANGAO";"Mal súbito do condutor";"Saída de leito carroçável";"Com Vítimas Feridas";"Pleno dia";"Crescente";"Chuva";"Dupla";"Reta;Declive";"Sim";2;0;1;1;0;0;2;1;-28,68290284;-49,14759308;"SPRF-SC";"DEL02-SC";"UOP01-DEL02-SC"
442580;2022-04-10;"domingo";"12:25:00";"SP";381;38;"ATIBAIA";"Reação tardia ou ineficiente do condutor";"Saída de leito carroçável";"Com Vítimas Feridas";"Pleno dia";"Crescente";"Céu Claro";"Dupla";"Reta";"Sim";1;0;0;1;0;0;1;1;-23,1133221;-46,57174974;"SPRF-SP";"DEL03-SP";"UOP01-DEL03-SP"
442581;2022-04-10;"domingo";"14:50:00";"BA";101;595;"CAMACAN";"Acessar a via sem observar a presença dos outros veículos";"Colisão transversal";"Com Vítimas Feridas";"Pleno dia";"Decrescente";"Céu Claro";"Simples";"Reta";"Não";2;0;1;0;1;0;1;2;-15,62026199;-39,43176488;"SPRF-BA";"DEL05-BA";"UOP02-DEL05-BA"
442583;2022-04-09;"sábado";"21:20:00";"SC";101;271,9;"IMBITUBA";"Ingestão de álcool pelo condutor";"Colisão com objeto";"Sem Vítimas";"Plena Noite";"Crescente";"Chuva";"Dupla";"Reta";"Não";2;0;0;0;2;0;0;2;-28,11011972;-48,70211279;"SPRF-SC";"DEL02-SC";"UOP03-DEL02-SC"
442584;2022-04-10;"domingo";"18:10:00";"SC";282;34,4;"AGUAS MORNAS";"Transitar na contramão";"Colisão lateral sentido oposto";"Sem Vítimas";"Plena Noite";"Crescente";"Garoa/Chuvisco";"Simples";"Reta";"Não";2;0;0;0;2;0;0;2;-27,70116;-48,800175;"SPRF-SC";"DEL01-SC";"UOP03-DEL01-SC"
442586;2022-04-10;"domingo";"13:20:00";"MG";50;28,5;"ARAGUARI";"Declive acentuado";"Saída de leito carroçável";"Com Vítimas Feridas";"Pleno dia";"Crescente";"Céu Claro";"Dupla";"Curva;Declive";"Não";2;0;1;0;1;0;1;1;-18,61851284;-48,1028889;"SPRF-MG";"DEL15-MG";"UOP02-DEL15-MG"
442589;2022-04-10;"domingo";"16:30:00";"PE";232;177,8;"BELO JARDIM";"Condutor deixou de manter distância do veículo da frente";"Colisão traseira";"Com Vítimas Feridas";"Pleno dia";"Decrescente";"Céu Claro";"Simples";"Reta";"Sim";2;0;0;1;1;0;1;2;-8,34884045;-36,4032249;"SPRF-PE";"DEL02-PE";"UOP03-DEL02-PE"
442590;2022-04-10;"domingo";"16:40:00";"MT";364;208;"RONDONOPOLIS";"Acessar a via sem observar a presença dos outros veículos";"Colisão lateral sentido oposto";"Com Vítimas Feridas";"Pleno dia";"Crescente";"Céu Claro";"Dupla";"Reta";"Sim";4;0;3;0;1;0;3;2;-16,44347006;-54,67236704;"SPRF-MT";"DEL02-MT";"UOP01-DEL02-MT"
442591;2022-04-10;"domingo";"17:35:00";"SP";116;206,5;"GUARULHOS";"Reação tardia ou ineficiente do condutor";"Colisão traseira";"Com Vítimas Feridas";"Anoitecer";"Crescente";"Céu Claro";"Dupla";"Reta";"Sim";5;0;3;0;2;0;3;4;-23,41722629;-46,37510292;"SPRF-SP";"DEL01-SP";"UOP01-DEL01-SP"
442592;2022-04-10;"domingo";"05:00:00";"RO";364;592;"ITAPUA DO OESTE";"Demais falhas mecânicas ou elétricas";"Colisão com objeto";"Com Vítimas Feridas";"Amanhecer";"Crescente";"Nublado";"Simples";"Reta";"Não";4;0;2;0;2;0;2;1;-9,29245401;-63,15332305;"SPRF-RO";"DEL01-RO";"UOP04-DEL01-RO"
442593;2022-04-10;"domingo";"17:00:00";"RJ";116;78;"TERESOPOLIS";"Retorno proibido";"Colisão lateral sentido oposto";"Com Vítimas Feridas";"Anoitecer";"Decrescente";"Nublado";"Simples";"Curva";"Sim";3;0;0;1;1;1;1;3;-22,37408687;-42,95260496;"SPRF-RJ";"DEL04-RJ";"UOP01-DEL04-RJ"
442594;2022-04-10;"domingo";"17:30:00";"RS";392;62;"PELOTAS";"Ausência de reação do condutor";"Colisão com objeto";"Com Vítimas Feridas";"Pleno dia";"Decrescente";"Nublado";"Simples";"Viaduto;Curva;Declive";"Sim";1;0;1;0;0;0;1;1;-31,77948;-52,359173;"SPRF-RS";"DEL07-RS";"UOP02-DEL07-RS"
442595;2022-04-10;"domingo";"11:00:00";"GO";70;9,9;"AGUAS LINDAS DE GOIAS";"Entrada inopinada do pedestre";"Atropelamento de Pedestre";"Com Vítimas Feridas";"Pleno dia";"Crescente";"Céu Claro";"Dupla";"Reta;Declive;Retorno Regulamentado";"Sim";2;0;1;0;1;0;1;2;-15,73693071;-48,29056621;"SPRF-DF";"DEL03-DF";"UOP02-DEL03-DF"
442596;2022-04-09;"sábado";"19:00:00";"MG";365;866,7;"SANTA VITORIA";"Ausência de reação do condutor";"Saída de leito carroçável";"Com Vítimas Feridas";"Plena Noite";"Crescente";"Céu Claro";"Simples";"Reta";"Não";1;0;0;1;0;0;1;1;-19,04592665;-50,46742503;"SPRF-MG";"DEL15-MG";"UOP03-DEL15-MG"
442597;2022-04-10;"domingo";"13:15:00";"GO";70;6,7;"AGUAS LINDAS DE GOIAS";"Acessar a via sem observar a presença dos outros veículos";"Colisão transversal";"Com Vítimas Feridas";"Pleno dia";"Crescente";"Céu Claro";"Dupla";"Reta;Retorno Regulamentado";"Sim";2;0;0;1;1;0;1;2;-15,75049381;-48,2612381;"SPRF-DF";"DEL03-DF";"UOP02-DEL03-DF"
442598;2022-04-10;"domingo";"16:40:00";"RO";174;13;"VILHENA";"Reação tardia ou ineficiente do condutor";"Queda de ocupante de veículo";"Com Vítimas Feridas";"Pleno dia";"Decrescente";"Céu Claro";"Simples";"Reta";"Sim";2;0;1;0;1;0;1;1;-12,74140004;-60,13026401;"SPRF-RO";"DEL04-RO";"UOP01-DEL04-RO"
442600;2022-04-10;"domingo";"16:40:00";"SC";101;219;"PALHOCA";"Velocidade Incompatível";"Colisão traseira";"Com Vítimas Feridas";"Pleno dia";"Decrescente";"Nublado";"Simples";"Reta";"Não";5;0;1;1;3;0;2;3;-27,68392194;-48,66710085;"SPRF-SC";"DEL01-SC";"UOP02-DEL01-SC"
442601;2022-04-08;"sexta-feira";"14:00:00";"MS";158;50;"PARANAIBA";"Reação tardia ou ineficiente do condutor";"Capotamento";"Com Vítimas Feridas";"Pleno dia";"Crescente";"Céu Claro";"Simples";"Reta";"Não";1;0;0;1;0;0;1;1;-19,378095;-51,442387;"SPRF-MS";"DEL08-MS";"UOP01-DEL08-MS"
442603;2022-04-10;"domingo";"11:10:00";"SC";101;125;"ITAJAI";"Ausência de reação do condutor";"Colisão com objeto";"Com Vítimas Feridas";"Pleno dia";"Crescente";"Céu Claro";"Dupla";"Reta";"Não";3;0;1;0;2;0;1;2;-26,94802427;-48,68338515;"SPRF-SC";"DEL04-SC";"UOP04-DEL04-SC"
442604;2022-04-10;"domingo";"17:50:00";"SP";116;147,6;"SAO JOSE DOS CAMPOS";"Avarias e/ou desgaste excessivo no pneu";"Tombamento";"Com Vítimas Feridas";"Anoitecer";"Decrescente";"Céu Claro";"Múltipla";"Reta";"Sim";2;0;2;0;0;0;2;1;-23,1958329;-45,87238312;"SPRF-SP";"DEL02-SP";"UOP01-DEL02-SP"
442605;2022-04-10;"domingo";"14:55:00";"PR";476;344;"PAULA FREITAS";"Ingestão de álcool pelo condutor";"Colisão com objeto";"Com Vítimas Feridas";"Pleno dia";"Decrescente";"Céu Claro";"Simples";"Curva";"Não";1;0;1;0;0;0;1;1;-26,18211;-50,925163;"SPRF-PR";"DEL02-PR";"UOP03-DEL02-PR"
442606;2022-04-09;"sábado";"14:38:00";"TO";153;240,8;"COLINAS DO TOCANTINS";"Reação tardia ou ineficiente do condutor";"Saída de leito carroçável";"Sem Vítimas";"Pleno dia";"Decrescente";"Céu Claro";"Simples";"Reta";"Não";1;0;0;0;1;0;0;1;-7,994203;-48,46468483;"SPRF-TO";"DEL02-TO";"UOP01-DEL02-TO"
442607;2022-04-09;"sábado";"19:15:00";"MT";163;833;"SINOP";"Ingestão de álcool pelo condutor";"Saída de leito carroçável";"Sem Vítimas";"Plena Noite";"Decrescente";"Ignorado";"Simples";"Reta";"Não";1;0;0;0;1;0;0;1;-12,004832;-55,51713;"SPRF-MT";"DEL06-MT";"UOP01-DEL06-MT"
442608;2022-04-10;"domingo";"07:30:00";"SP";153;333;"SALTO GRANDE";"Condutor Dormindo";"Saída de leito carroçável";"Com Vítimas Feridas";"Amanhecer";"Decrescente";"Céu Claro";"Simples";"Reta";"Não";1;0;1;0;0;0;1;1;-22,881239;-49,8895722;"SPRF-SP";"DEL07-SP";"UOP03-DEL07-SP"
442609;2022-04-10;"domingo";"17:00:00";"MT";163;821;"SINOP";"Transitar na contramão";"Colisão frontal";"Com Vítimas Feridas";"Anoitecer";"Decrescente";"Céu Claro";"Simples";"Reta";"Sim";2;0;0;1;1;0;1;2;-12,112411;-55,51673304;"SPRF-MT";"DEL06-MT";"UOP01-DEL06-MT"
442610;2022-04-10;"domingo";"18:43:00";"ES";101;163;"LINHARES";"Ausência de reação do condutor";"Atropelamento de Pedestre";"Com Vítimas Feridas";"Plena Noite";"Crescente";"Nublado";"Simples";"Reta";"Não";2;0;0;2;0;0;2;2;-19,49806194;-40,13058524;"SPRF-ES";"DEL04-ES";"UOP01-DEL04-ES"
442613;2022-04-10;"domingo";"19:05:00";"PR";376;601;"CURITIBA";"Reação tardia ou ineficiente do condutor";"Saída de leito carroçável";"Com Vítimas Feridas";"Plena Noite";"Crescente";"Nublado";"Dupla";"Reta";"Sim";4;0;2;0;2;0;2;2;-25,53101;-49,324232;"SPRF-PR";"DEL01-PR";"UOP01-DEL01-PR"
442615;2022-04-10;"domingo";"15:00:00";"RJ";493;72;"NOVA IGUACU";"Demais falhas mecânicas ou elétricas";"Incêndio";"Com Vítimas Feridas";"Pleno dia";"Crescente";"Céu Claro";"Dupla";"Reta";"Não";1;0;1;0;0;0;1;1;-22,68774094;-43,48634899;"SPRF-RJ";"DEL01-RJ";"UOP03-DEL01-RJ"
442616;2022-04-09;"sábado";"04:33:00";"ES";101;278,3;"SERRA";"Velocidade Incompatível";"Colisão com objeto";"Com Vítimas Fatais";"Amanhecer";"Decrescente";"Céu Claro";"Dupla";"Reta";"Não";1;1;0;0;0;0;0;1;-20,21698365;-40,32974606;"SPRF-ES";"DEL02-ES";"UOP01-DEL02-ES"
442617;2022-04-10;"domingo";"04:40:00";"PE";232;428;"SERRA TALHADA";"Animais na Pista";"Atropelamento de Animal";"Com Vítimas Feridas";"Amanhecer";"Crescente";"Céu Claro";"Simples";"Reta";"Não";1;0;0;1;0;0;1;1;-8,00264034;-38,45581999;"SPRF-PE";"DEL04-PE";"UOP01-DEL04-PE"