"id";"data_inversa";"dia_semana";"horario";"uf";"br";"km";"municipio";"causa_acidente";"tipo_acidente";"classificacao_acidente";"fase_dia";"sentido_via";"condicao_metereologica";"tipo_pista";"tracado_via";"uso_solo";"pessoas";"mortos";"feridos_leves";"feridos_graves";"ilesos";"ignorados";"feridos";"veiculos";"latitude";"longitude";"regional";"delegacia";"uop"
442618;2022-04-09;"sábado";"04:34:00";"ES";101;195;"JOAO NEIVA";"Ingestão de álcool pelo condutor";"Colisão frontal";"Com Vítimas Feridas";"Amanhecer";"Crescente";"Céu Claro";"Simples";"Reta";"Não";5;0;1;1;3;0;2;2;-19,70198612;-40,32193499;"SPRF-ES";"DEL04-ES";"UOP01-DEL04-ES"
442619;2022-04-10;"domingo";"16:00:00";"MT";163;861,8;"SINOP";"Ingestão de álcool pelo condutor";"Saída de leito carroçável";"Com Vítimas Feridas";"Pleno dia";"Decrescente";"Sol";"Simples";"Reta";"Não";1;0;1;0;0;0;1;1;-11,632;-55,436;"SPRF-MT";"DEL06-MT";"NPF/DEL06-MT"
442620;2022-04-10;"domingo";"09:20:00";"PE";316;83;"OURICURI";"Mal súbito do condutor";"Queda de ocupante de veículo";"Com Vítimas Feridas";"Pleno dia";"Crescente";"Sol";"Dupla";"Reta";"Sim";1;0;0;1;0;0;1;1;-7,87803818;-40,0778383;"SPRF-PE";"DEL05-PE";"UOP02-DEL05-PE"
442622;2022-04-10;"domingo";"18:00:00";"RS";285;124,6;"VACARIA";"Ingestão de álcool pelo condutor";"Colisão com objeto";"Sem Vítimas";"Anoitecer";"Decrescente";"Céu Claro";"Simples";"Reta";"Sim";2;0;0;0;2;0;0;1;-28,491489;-50,955837;"SPRF-RS";"DEL05-RS";"UOP03-DEL05-RS"
442623;2022-04-10;"domingo";"19:00:00";"ES";259;62;"COLATINA";"Ingestão de álcool pelo condutor";"Colisão traseira";"Com Vítimas Feridas";"Plena Noite";"Crescente";"Céu Claro";"Simples";"Reta";"Não";3;0;2;0;1;0;2;2;-19,53124185;-40,68990791;"SPRF-ES";"DEL02-ES";"UOP01-DEL02-ES"
442626;2022-04-09;"sábado";"12:30:00";"CE";222;76,7;"SAO LUIS DO CURU";"Ingestão de álcool pelo condutor";"Colisão lateral mesmo sentido";"Sem Vítimas";"Pleno dia";"Decrescente";"Céu Claro";"Dupla";"Reta";"Sim";3;0;0;0;3;0;0;2;-3,6711782;-39,22446802;"SPRF-CE";"DEL04-CE";"UOP03-DEL04-CE"
442627;2022-04-10;"domingo";"19:15:00";"SC";101;95;"BARRA VELHA";"Acessar a via sem observar a presença dos outros veículos";"Colisão lateral mesmo sentido";"Com Vítimas Feridas";"Plena Noite";"Decrescente";"Nublado";"Dupla";"Reta";"Não";3;0;1;1;1;0;2;2;-26,71371078;-48,70276809;"SPRF-SC";"DEL03-SC";"UOP02-DEL03-SC"
442630;2022-04-09;"sábado";"09:00:00";"ES";259;60;"COLATINA";"Ausência de reação do condutor";"Colisão transversal";"Com Vítimas Feridas";"Pleno dia";"Crescente";"Céu Claro";"Simples";"Reta";"Sim";2;0;1;0;0;1;1;2;-19,52530482;-40,67461308;"SPRF-ES";"DEL02-ES";"UOP01-DEL02-ES"
442632;2022-04-09;"sábado";"22:40:00";"CE";20;427;"FORTALEZA";"Acessar a via sem observar a presença dos outros veículos";"Colisão transversal";"Com Vítimas Feridas";"Plena Noite";"Crescente";"Chuva";"Dupla";"Reta";"Não";5;0;3;0;2;0;3;2;-3,76999035;-38,67006282;"SPRF-CE";"DEL01-CE";"UOP02-DEL01-CE"
442633;2022-04-10;"domingo";"09:00:00";"RJ";356;185;"SAO JOAO DA BARRA";"Condutor deixou de manter distância do veículo da frente";"Colisão traseira";"Com Vítimas Feridas";"Pleno dia";"Decrescente";"Céu Claro";"Simples";"Reta";"Sim";2;0;1;0;1;0;1;2;-21,63133405;-41,03952199;"SPRF-RJ";"DEL08-RJ";"UOP02-DEL08-RJ"
442634;2022-04-10;"domingo";"19:15:00";"SC";282;19;"PALHOCA";"Ingestão de álcool e/ou substâncias psicoativas pelo pedestre";"Colisão traseira";"Sem Vítimas";"Plena Noite";"Decrescente";"Céu Claro";"Simples";"Reta";"Não";2;0;0;0;2;0;0;2;-27,678635;-48,70192;"SPRF-SC";"DEL01-SC";"UOP02-DEL01-SC"
442636;2022-04-09;"sábado";"15:43:00";"ES";482;39,6;"CACHOEIRO DE ITAPEMIRIM";"Acessar a via sem observar a presença dos outros veículos";"Colisão transversal";"Com Vítimas Feridas";"Pleno dia";"Crescente";"Céu Claro";"Simples";"Reta";"Não";2;0;0;1;0;1;1;2;-20,75352224;-41,18809516;"SPRF-ES";"DEL03-ES";"UOP02-DEL03-ES"
442638;2022-04-10;"domingo";"08:30:00";"PB";230;175,9;"CAMPINA GRANDE";"Ausência de reação do condutor";"Saída de leito carroçável";"Com Vítimas Feridas";"Pleno dia";"Crescente";"Céu Claro";"Simples";"Reta";"Não";1;0;0;1;0;0;1;1;-7,1775;-36,0247;"SPRF-PB";"DEL02-PB";"UOP02-DEL02-PB"
442639;2022-04-10;"domingo";"16:40:00";"PB";230;11;"CABEDELO";"Manobra de mudança de faixa";"Queda de ocupante de veículo";"Com Vítimas Feridas";"Pleno dia";"Decrescente";"Céu Claro";"Múltipla";"Reta";"Não";2;0;1;0;0;1;1;2;-7,0596;-34,8506;"SPRF-PB";"DEL01-PB";"UOP01-DEL01-PB"
442640;2022-04-10;"domingo";"11:05:00";"PE";232;407,5;"SERRA TALHADA";"Condutor deixou de manter distância do veículo da frente";"Colisão traseira";"Com Vítimas Feridas";"Pleno dia";"Crescente";"Céu Claro";"Simples";"Reta";"Sim";2;0;1;0;1;0;1;2;-7,9854402;-38,27148304;"SPRF-PE";"DEL04-PE";"UOP01-DEL04-PE"
442641;2022-04-10;"domingo";"15:40:00";"GO";60;78,7;"ANAPOLIS";"Conversão proibida";"Colisão traseira";"Com Vítimas Feridas";"Pleno dia";"Decrescente";"Chuva";"Dupla";"Reta";"Sim";3;0;2;0;1;0;2;2;-16,2967;-48,8039;"SPRF-GO";"DEL02-GO";"UOP01-DEL02-GO"
442642;2022-04-10;"domingo";"18:50:00";"MG";381;452;"SABARA";"Ingestão de álcool pelo condutor";"Colisão traseira";"Sem Vítimas";"Plena Noite";"Crescente";"Céu Claro";"Simples";"Declive;Reta";"Não";4;0;0;0;4;0;0;2;-19,836979;-43,861375;"SPRF-MG";"DEL01-MG";"UOP01-DEL01-MG"
442643;2022-04-10;"domingo";"14:00:00";"PE";232;90;"SAIRE";"Ausência de reação do condutor";"Colisão com objeto";"Com Vítimas Feridas";"Pleno dia";"Crescente";"Chuva";"Dupla";"Curva";"Sim";1;0;1;0;0;0;1;1;-8,2172915;-35,65572305;"SPRF-PE";"DEL02-PE";"UOP02-DEL02PE"
442645;2022-04-10;"domingo";"17:30:00";"MG";365;763;"ITUIUTABA";"Avarias e/ou desgaste excessivo no pneu";"Saída de leito carroçável";"Com Vítimas Feridas";"Anoitecer";"Decrescente";"Céu Claro";"Simples";"Reta";"Não";3;0;2;0;1;0;2;1;-18,96425872;-49,54031799;"SPRF-MG";"DEL15-MG";"UOP03-DEL15-MG"
442646;2022-04-08;"sexta-feira";"15:40:00";"PB";230;398;"POMBAL";"Condutor deixou de manter distância do veículo da frente";"Colisão traseira";"Com Vítimas Feridas";"Pleno dia";"Crescente";"Céu Claro";"Simples";"Aclive";"Não";2;0;0;2;0;0;2;2;-6,8378;-37,7517;"SPRF-PB";"DEL03-PB";"UOP02-DEL03-PB"
442647;2022-04-10;"domingo";"16:15:00";"PR";476;112;"COLOMBO";"Ausência de reação do condutor";"Colisão frontal";"Sem Vítimas";"Pleno dia";"Crescente";"Céu Claro";"Simples";"Reta";"Não";2;0;0;0;2;0;0;2;-25,318485;-49,159;"SPRF-PR";"DEL01-PR";"UOP02-DEL01-PR"
442650;2022-04-10;"domingo";"08:00:00";"RS";392;12;"RIO GRANDE";"Ingestão de álcool pelo condutor";"Saída de leito carroçável";"Sem Vítimas";"Pleno dia";"Crescente";"Nublado";"Dupla";"Reta";"Não";2;0;0;0;2;0;0;1;-32,12601434;-52,13875392;"SPRF-RS";"DEL07-RS";"UOP02-DEL07-RS"
442651;2022-04-10;"domingo";"19:30:00";"PR";116;141;"MANDIRITUBA";"Ausência de reação do condutor";"Queda de ocupante de veículo";"Com Vítimas Feridas";"Plena Noite";"Decrescente";"Céu Claro";"Dupla";"Aclive;Reta";"Sim";1;0;1;0;0;0;1;1;-25,73749;-49,31762782;"SPRF-PR";"DEL01-PR";"UOP03-DEL01-PR"
442652;2022-04-10;"domingo";"06:30:00";"GO";60;177,6;"ABADIA DE GOIAS";"Ingestão de álcool pelo condutor";"Saída de leito carroçável";"Sem Vítimas";"Amanhecer";"Decrescente";"Céu Claro";"Dupla";"Retorno Regulamentado;Aclive;Reta";"Não";1;0;0;0;0;1;0;1;-16,7623239;-49,46122169;"SPRF-GO";"DEL01-GO";"UOP02-DEL01-GO"
442653;2022-04-10;"domingo";"18:30:00";"MT";364;204;"RONDONOPOLIS";"Pedestre cruzava a pista fora da faixa";"Atropelamento de Pedestre";"Com Vítimas Feridas";"Plena Noite";"Crescente";"Garoa/Chuvisco";"Dupla";"Reta";"Sim";2;0;0;1;1;0;1;2;-16,467325;-54,657196;"SPRF-MT";"DEL02-MT";"UOP01-DEL02-MT"
442655;2022-04-10;"domingo";"18:30:00";"CE";402;296;"TURURU";"Condutor deixou de manter distância do veículo da frente";"Colisão traseira";"Sem Vítimas";"Plena Noite";"Crescente";"Céu Claro";"Simples";"Reta";"Sim";2;0;0;0;2;0;0;2;-3,64894755;-39,42718274;"SPRF-CE";"DEL01-CE";"UOP03-DEL01-CE"
442656;2022-04-09;"sábado";"18:30:00";"PB";361;66;"OLHO DAGUA";"Animais na Pista";"Atropelamento de Animal";"Com Vítimas Fatais";"Plena Noite";"Crescente";"Céu Claro";"Simples";"Reta";"Não";2;1;1;0;0;0;1;1;-7,21054229;-37,77515293;"SPRF-PB";"DEL03-PB";"UOP01-DEL03-PB"
442657;2022-04-09;"sábado";"04:05:00";"PE";316;26;"ARARIPINA";"Animais na Pista";"Atropelamento de Animal";"Com Vítimas Feridas";"Plena Noite";"Crescente";"Ignorado";"Simples";"Reta";"Não";1;0;0;1;0;0;1;1;-7,60390506;-40,48995414;"SPRF-PE";"DEL05-PE";"UOP02-DEL05-PE"
442659;2022-04-09;"sábado";"06:30:00";"RS";285;151;"MUITOS CAPOES";"Falta de elemento de contenção que evite a saída do leito carroçável";"Saída de leito carroçável";"Com Vítimas Feridas";"Pleno dia";"Crescente";"Garoa/Chuvisco";"Simples";"Curva";"Não";1;0;1;0;0;0;1;1;-28,34384;-51,148235;"SPRF-RS";"DEL05-RS";"UOP03-DEL05-RS"
442661;2022-04-10;"domingo";"19:50:00";"RN";304;30,4;"MOSSORO";"Acesso irregular";"Colisão transversal";"Com Vítimas Feridas";"Plena Noite";"Decrescente";"Nublado";"Simples";"Reta";"Não";2;0;1;0;0;1;1;2;-5,11703801;-37,34100094;"SPRF-RN";"DEL04-RN";"UOP02-DEL04-RN"
442663;2022-04-09;"sábado";"23:10:00";"RO";364;604;"ITAPUA DO OESTE";"Ingestão de álcool pelo condutor";"Saída de leito carroçável";"Com Vítimas Feridas";"Plena Noite";"Crescente";"Céu Claro";"Dupla";"Reta";"Sim";1;0;1;0;0;0;1;1;-9,19212253;-63,18883452;"SPRF-RO";"DEL01-RO";"UOP04-DEL01-RO"
442664;2022-04-10;"domingo";"19:30:00";"PR";272;426;"GOIOERE";"Condutor deixou de manter distância do veículo da frente";"Engavetamento";"Com Vítimas Feridas";"Plena Noite";"Crescente";"Céu Claro";"Simples";"Reta";"Não";5;0;0;3;0;2;3;3;-24,17685207;-52,92710296;"SPRF-PR";"DEL09-PR";"UOP03-DEL09-PR"
442665;2022-04-09;"sábado";"02:45:00";"RS";116;234,9;"NOVO HAMBURGO";"Desrespeitar a preferência no cruzamento";"Queda de ocupante de veículo";"Com Vítimas Feridas";"Plena Noite";"Decrescente";"Céu Claro";"Dupla";"Reta";"Sim";1;0;1;0;0;0;1;1;-29,65121313;-51,1444433;"SPRF-RS";"DEL01-RS";"UOP02-DEL01-RS"
442666;2022-04-10;"domingo";"12:50:00";"AP";210;5;"MACAPA";"Acessar a via sem observar a presença dos outros veículos";"Colisão traseira";"Com Vítimas Feridas";"Pleno dia";"Decrescente";"Chuva";"Dupla";"Retorno Regulamentado";"Sim";2;0;1;0;1;0;1;2;0,09055062;-51,10349413;"SPRF-AP";"DEL01-AP";"UOP01-DEL01-AP"
442668;2022-04-10;"domingo";"10:30:00";"MG";365;624,9;"UBERLANDIA";"Ultrapassagem Indevida";"Tombamento";"Com Vítimas Feridas";"Pleno dia";"Decrescente";"Sol";"Múltipla";"Reta";"Sim";2;0;1;1;0;0;2;1;-18,90771463;-48,29955881;"SPRF-MG";"DEL15-MG";"UOP01-DEL15-MG"
442669;2022-04-09;"sábado";"06:40:00";"PI";316;293;"PICOS";"Acessar a via sem observar a presença dos outros veículos";"Colisão transversal";"Com Vítimas Feridas";"Pleno dia";"Crescente";"Céu Claro";"Simples";"Reta";"Sim";2;0;1;1;0;0;2;2;-7,0096163;-41,59571616;"SPRF-PI";"DEL04-PI";"UOP01-DEL04-PI"
442670;2022-04-10;"domingo";"03:00:00";"GO";50;282;"CATALAO";"Acessar a via sem observar a presença dos outros veículos";"Colisão frontal";"Com Vítimas Feridas";"Plena Noite";"Crescente";"Céu Claro";"Simples";"Aclive";"Sim";6;0;1;1;4;0;2;2;-18,1896;-47,9511;"SPRF-GO";"DEL06-GO";"UOP01-DEL06-GO"
442671;2022-04-10;"domingo";"20:50:00";"PR";369;142,4;"IBIPORA";"Ausência de reação do condutor";"Colisão traseira";"Sem Vítimas";"Plena Noite";"Crescente";"Céu Claro";"Simples";"Reta";"Sim";2;0;0;0;0;2;0;2;-23,291222;-51,086635;"SPRF-PR";"DEL07-PR";"UOP01-DEL07-PR"
442672;2022-04-10;"domingo";"20:30:00";"SP";116;223;"GUARULHOS";"Ingestão de álcool pelo condutor";"Tombamento";"Com Vítimas Feridas";"Plena Noite";"Decrescente";"Nublado";"Múltipla";"Reta";"Sim";1;0;1;0;0;0;1;1;-23,47559815;-46,5246609;"SPRF-SP";"DEL01-SP";"UOP01-DEL01-SP"
442673;2022-04-10;"domingo";"20:50:00";"RS";290;80;"GRAVATAI";"Manobra de mudança de faixa";"Saída de leito carroçável";"Com Vítimas Feridas";"Plena Noite";"Crescente";"Céu Claro";"Dupla";"Reta";"Não";1;0;0;1;0;0;1;1;-29,95343;-51,058449;"SPRF-RS";"DEL01-RS";"UOP01-DEL01-RS"
442674;2022-04-10;"domingo";"20:50:00";"MG";365;612,3;"UBERLANDIA";"Velocidade Incompatível";"Colisão traseira";"Com Vítimas Feridas";"Plena Noite";"Crescente";"Céu Claro";"Simples";"Reta";"Sim";3;0;2;0;0;1;2;2;-18,92201225;-48,20361972;"SPRF-MG";"DEL15-MG";"UOP01-DEL15-MG"
442675;2022-04-10;"domingo";"10:55:00";"PB";104;134;"QUEIMADAS";"Velocidade Incompatível";"Saída de leito carroçável";"Com Vítimas Feridas";"Pleno dia";"Crescente";"Céu Claro";"Simples";"Reta";"Sim";1;0;0;1;0;0;1;1;-7,304261;-35,892832;"SPRF-PB";"DEL02-PB";"UOP03-DEL02-PB"
442676;2022-04-10;"domingo";"12:50:00";"MG";262;794;"UBERABA";"Ultrapassagem Indevida";"Colisão frontal";"Com Vítimas Feridas";"Pleno dia";"Crescente";"Céu Claro";"Simples";"Reta";"Não";4;0;1;1;2;0;2;2;-19,76772142;-47,88776796;"SPRF-MG";"DEL13-MG";"UOP01-DEL13-MG"
442677;2022-04-10;"domingo";"15:30:00";"SP";101;43;"UBATUBA";"Ausência de reação do condutor";"Tombamento";"Com Vítimas Feridas";"Pleno dia";"Decrescente";"Nublado";"Simples";"Rotatória";"Sim";1;0;1;0;0;0;1;1;-23,40961771;-45,05935192;"SPRF-SP";"DEL06-SP";"UOP01-DEL06-SP"
442678;2022-04-10;"domingo";"19:30:00";"RS";285;99;"MONTE ALEGRE DOS CAMPOS";"Pedestre andava na pista";"Atropelamento de Pedestre";"Com Vítimas Feridas";"Plena Noite";"Decrescente";"Céu Claro";"Simples";"Reta";"Não";4;0;0;1;2;1;1;2;-28,517134;-50,829147;"SPRF-RS";"DEL05-RS";"UOP03-DEL05-RS"
442679;2022-04-10;"domingo";"21:20:00";"MG";50;20,7;"ARAGUARI";"Condutor Dormindo";"Colisão traseira";"Com Vítimas Feridas";"Plena Noite";"Decrescente";"Céu Claro";"Dupla";"Declive";"Não";2;0;2;0;0;0;2;1;-18,58721011;-48,05645629;"SPRF-MG";"DEL15-MG";"UOP02-DEL15-MG"
442680;2022-04-10;"domingo";"14:35:00";"GO";414;408,1;"ABADIANIA";"Ingestão de álcool pelo condutor";"Saída de leito carroçável";"Sem Vítimas";"Pleno dia";"Crescente";"Céu Claro";"Simples";"Reta";"Não";1;0;0;0;1;0;0;1;-16,032998;-48,851221;"SPRF-GO";"DEL02-GO";"UOP01-DEL02-GO"
442681;2022-04-10;"domingo";"17:00:00";"RS";470;231,9;"CARLOS BARBOSA";"Velocidade Incompatível";"Colisão frontal";"Com Vítimas Feridas";"Pleno dia";"Decrescente";"Nublado";"Simples";"Curva;Declive";"Não";7;0;4;2;0;1;6;3;-29,29157972;-51,48544192;"SPRF-RS";"DEL06-RS";"UOP01-DEL06-RS"
442682;2022-04-10;"domingo";"09:50:00";"TO";153;146;"ARAGUAINA";"Ingestão de álcool pelo condutor";"Saída de leito carroçável";"Com Vítimas Feridas";"Pleno dia";"Decrescente";"Nublado";"Múltipla";"Reta";"Sim";1;0;1;0;0;0;1;1;-7,2133778552;-48,244313308;"SPRF-TO";"DEL02-TO";"UOP01-DEL02-TO"
442683;2022-04-09;"sábado";"21:00:00";"PI";20;389;"PIO IX";"Animais na Pista";"Atropelamento de Animal";"Com Vítimas Fatais";"Plena Noite";"Crescente";"Céu Claro";"Simples";"Reta";"Não";1;1;0;0;0;0;0;1;-6,63875276;-40,87957027;"SPRF-PI";"DEL04-PI";"UOP01-DEL04-PI"
442684;2022-04-09;"sábado";"13:20:00";"PE";423;135,9;"CARUARU";"Reação tardia ou ineficiente do condutor";"Colisão traseira";"Com Vítimas Feridas";"Pleno dia";"Decrescente";"Céu Claro";"Dupla";"Declive;Reta";"Não";5;0;1;2;2;0;3;2;-8,31346051;-36,04110003;"SPRF-PE";"DEL03-PE";"UOP01-DEL03-PE"
442687;2022-04-10;"domingo";"21:21:00";"ES";101;146;"LINHARES";"Reação tardia ou ineficiente do condutor";"Colisão traseira";"Com Vítimas Feridas";"Plena Noite";"Crescente";"Céu Claro";"Múltipla";"Reta";"Sim";6;0;1;0;5;0;1;2;-19,36990998;-40,06560718;"SPRF-ES";"DEL04-ES";"UOP01-DEL04-ES"
442688;2022-04-10;"domingo";"16:05:00";"RS";116;149;"CAXIAS DO SUL";"Condutor deixou de manter distância do veículo da frente";"Colisão traseira";"Sem Vítimas";"Pleno dia";"Crescente";"Sol";"Dupla";"Reta";"Sim";2;0;0;0;2;0;0;2;-29,15996905;-51,15645292;"SPRF-RS";"DEL05-RS";"UOP01-DEL05-RS"
442689;2022-04-10;"domingo";"18:15:00";"RS";116;216;"MORRO REUTER";"Reação tardia ou ineficiente do condutor";"Colisão com objeto";"Com Vítimas Feridas";"Plena Noite";"Crescente";"Nublado";"Simples";"Reta";"Não";2;0;1;0;1;0;1;1;-29,54001608;-51,07711676;"SPRF-RS";"DEL05-RS";"UOP02-DEL05-RS"
442691;2022-04-10;"domingo";"19:50:00";"RJ";101;272;"TANGUA";"Ingestão de álcool pelo condutor";"Colisão lateral mesmo sentido";"Sem Vítimas";"Plena Noite";"Crescente";"Céu Claro";"Dupla";"Reta";"Não";2;0;0;0;1;1;0;2;-22,72935968;-42,70112512;"SPRF-RJ";"DEL02-RJ";"UOP03-DEL02-RJ"
442692;2022-04-10;"domingo";"15:45:00";"RS";470;224;"GARIBALDI";"Acessar a via sem observar a presença dos outros veículos";"Colisão transversal";"Com Vítimas Feridas";"Pleno dia";"Crescente";"Nublado";"Simples";"Reta";"Não";4;0;2;0;2;0;2;2;-29,21351804;-51,51780626;"SPRF-RS";"DEL06-RS";"UOP01-DEL06-RS"
442693;2022-04-10;"domingo";"20:00:00";"RJ";40;105;"DUQUE DE CAXIAS";"Sinalização encoberta";"Colisão transversal";"Sem Vítimas";"Plena Noite";"Decrescente";"Céu Claro";"Dupla";"Viaduto";"Não";2;0;0;0;2;0;0;2;-22,63784806;-43,28428824;"SPRF-RJ";"DEL01-RJ";"UOP01-DEL01-RJ"
442695;2022-04-10;"domingo";"21:05:00";"MG";356;271;"MURIAE";"Reação tardia ou ineficiente do condutor";"Colisão com objeto";"Com Vítimas Feridas";"Plena Noite";"Decrescente";"Céu Claro";"Simples";"Curva";"Não";1;0;1;0;0;0;1;1;-21,13210421;-42,31711942;"SPRF-MG";"DEL07-MG";"UOP02-DEL07-MG"
442699;2022-04-09;"sábado";"05:10:00";"AP";210;40;"MACAPA";"Ingestão de álcool pelo condutor";"Saída de leito carroçável";"Com Vítimas Feridas";"Amanhecer";"Decrescente";"Nevoeiro/Neblina";"Simples";"Curva";"Não";1;0;0;1;0;0;1;1;0,3629696;-51,08236981;"SPRF-AP";"DEL01-AP";"UOP01-DEL01-AP"
442700;2022-04-10;"domingo";"18:40:00";"AC";317;129;"CAPIXABA";"Condutor deixou de manter distância do veículo da frente";"Colisão traseira";"Com Vítimas Feridas";"Plena Noite";"Crescente";"Céu Claro";"Simples";"Reta";"Não";3;0;2;0;0;1;2;2;-10,44243357;-67,71090805;"SPRF-AC";"DEL01-AC";"UOP01-DEL01-AC"
442701;2022-04-10;"domingo";"22:15:00";"MG";262;442,9;"NOVA SERRANA";"Condutor deixou de manter distância do veículo da frente";"Colisão traseira";"Com Vítimas Feridas";"Plena Noite";"Decrescente";"Vento";"Dupla";"Reta";"Sim";2;0;0;1;1;0;1;2;-19,8806236;-44,91232265;"SPRF-MG";"DEL08-MG";"UOP03-DEL08-MG"
442702;2022-04-09;"sábado";"21:45:00";"RR";432;209;"CANTA";"Ingestão de álcool pelo condutor";"Colisão frontal";"Com Vítimas Feridas";"Plena Noite";"Decrescente";"Céu Claro";"Simples";"Reta;Ponte";"Não";5;0;3;0;1;1;3;3;2,762605;-60,6088519;"SPRF-RR";"DEL01-RR";"UOP01-DEL01-RR"
442703;2022-04-10;"domingo";"22:15:00";"SP";116;208;"GUARULHOS";"Reação tardia ou ineficiente do condutor";"Colisão traseira";"Com Vítimas Feridas";"Plena Noite";"Decrescente";"Céu Claro";"Dupla";"Reta";"Sim";2;0;1;0;1;0;1;2;-23,42222263;-46,3932771;"SPRF-SP";"DEL01-SP";"UOP01-DEL01-SP"
442708;2022-04-10;"domingo";"22:30:00";"PI";316;7;"TERESINA";"Pedestre andava na pista";"Atropelamento de Pedestre";"Com Vítimas Feridas";"Plena Noite";"Decrescente";"Céu Claro";"Dupla";"Aclive";"Sim";2;0;0;1;1;0;1;2;-5,15584638;-42,77173332;"SPRF-PI";"DEL01-PI";"UOP02-DEL01-PI"
442709;2022-04-10;"domingo";"22:50:00";"PR";116;125;"FAZENDA RIO GRANDE";"Reação tardia ou ineficiente do condutor";"Engavetamento";"Com Vítimas Feridas";"Plena Noite";"Decrescente";"Nublado";"Dupla";"Reta";"Sim";5;0;1;0;3;1;1;4;-25,59505309;-49,31630659;"SPRF-PR";"DEL01-PR";"UOP03-DEL01-PR"
442712;2022-04-10;"domingo";"18:55:00";"SP";116;490;"CAJATI";"Manobra de mudança de faixa";"Colisão lateral mesmo sentido";"Com Vítimas Feridas";"Plena Noite";"Crescente";"Nublado";"Dupla";"Reta";"Não";3;0;1;0;2;0;1;2;-24,73464809;-48,11602794;"SPRF-SP";"DEL05-SP";"UOP01-DEL05-SP"
442713;2022-04-10;"domingo";"08:10:00";"RO";364;507;"ARIQUEMES";"Transitar na contramão";"Colisão frontal";"Com Vítimas Feridas";"Pleno dia";"Crescente";"Céu Claro";"Simples";"Reta";"Não";2;0;1;0;1;0;1;2;-9,98347879;-63,02364384;"SPRF-RO";"DEL03-RO";"UOP01-DEL03-RO"
442714;2022-04-10;"domingo";"09:00:00";"RJ";101;282;"ITABORAI";"Condutor Dormindo";"Colisão com objeto";"Com Vítimas Feridas";"Pleno dia";"Decrescente";"Céu Claro";"Dupla";"Curva;Declive";"Sim";1;0;0;1;0;0;1;1;-22,7371391;-42,79664601;"SPRF-RJ";"DEL02-RJ";"UOP03-DEL02-RJ"
442715;2022-04-10;"domingo";"19:50:00";"BA";110;368;"CATU";"Ultrapassagem Indevida";"Colisão frontal";"Com Vítimas Feridas";"Plena Noite";"Crescente";"Céu Claro";"Simples";"Aclive";"Não";2;0;0;1;1;0;1;2;-12,40537612;-38,40500399;"SPRF-BA";"DEL01-BA";"UOP04-DEL01-BA"
442717;2022-04-09;"sábado";"16:35:00";"RJ";101;510;"ANGRA DOS REIS";"Acessar a via sem observar a presença dos outros veículos";"Colisão transversal";"Com Vítimas Feridas";"Pleno dia";"Crescente";"Céu Claro";"Simples";"Interseção de Vias";"Sim";2;0;0;1;1;0;1;2;-22,95213203;-44,4361139;"SPRF-RJ";"DEL03-RJ";"UOP02-DEL03-RJ"
442718;2022-04-10;"domingo";"22:20:00";"MG";381;509;"IGARAPE";"Ingestão de álcool pelo condutor";"Colisão com objeto";"Com Vítimas Feridas";"Plena Noite";"Decrescente";"Céu Claro";"Dupla";"Curva";"Sim";1;0;1;0;0;0;1;1;-20,07008;-44,298819;"SPRF-MG";"DEL01-MG";"UOP03-DEL01-MG"
442720;2022-04-10;"domingo";"22:15:00";"RS";386;406,5;"TRIUNFO";"Falta de acostamento";"Colisão traseira";"Com Vítimas Feridas";"Plena Noite";"Crescente";"Nublado";"Simples";"Reta";"Não";2;0;0;1;0;1;1;2;-29,78363569;-51,54746532;"SPRF-RS";"DEL04-RS";"UOP02-DEL04-RS"
442723;2022-04-10;"domingo";"21:40:00";"BA";101;712;"EUNAPOLIS";"Reação tardia ou ineficiente do condutor";"Colisão traseira";"Com Vítimas Feridas";"Plena Noite";"Crescente";"Céu Claro";"Simples";"Reta";"Sim";3;0;2;0;1;0;2;2;-16,50123361;-39,57709602;"SPRF-BA";"DEL09-BA";"UOP01-DEL09-BA"
442725;2022-04-10;"domingo";"09:30:00";"PA";316;31;"SANTA IZABEL DO PARA";"Pista esburacada";"Tombamento";"Com Vítimas Feridas";"Pleno dia";"Decrescente";"Nublado";"Dupla";"Reta";"Sim";1;0;1;0;0;0;1;1;-1,3025866;-48,1965672;"SPRF-PA";"DEL01-PA";"UOP01-DEL01-PA"
442726;2022-04-10;"domingo";"22:30:00";"PE";104;81;"AGRESTINA";"Animais na Pista";"Atropelamento de Animal";"Sem Vítimas";"Plena Noite";"Crescente";"Céu Claro";"Simples";"Reta";"Não";2;0;0;0;2;0;0;1;-8,406442;-35,971077;"SPRF-PE";"DEL02-PE";"UOP01-DEL02-PE"
442729;2022-04-10;"domingo";"07:30:00";"RJ";116;255;"PIRAI";"Ausência de reação do condutor";"Queda de ocupante de veículo";"Com Vítimas Feridas";"Pleno dia";"Crescente";"Sol";"Dupla";"Reta";"Não";1;0;0;1;0;0;1;1;-22,58171235;-43,99533787;"SPRF-RJ";"DEL07-RJ";"UOP02-DEL07-RJ"
442730;2022-04-10;"domingo";"22:30:00";"PE";423;107;"PARANATAMA";"Reação tardia ou ineficiente do condutor";"Colisão traseira";"Com Vítimas Feridas";"Plena Noite";"Crescente";"Céu Claro";"Simples";"Reta";"Não";5;0;1;1;3;0;2;2;-8,8839803;-36,58154392;"SPRF-PE";"DEL03-PE";"UOP01-DEL03-PE"