"id";"data_inversa";"dia_semana";"horario";"uf";"br";"km";"municipio";"causa_acidente";"tipo_acidente";"classificacao_acidente";"fase_dia";"sentido_via";"condicao_metereologica";"tipo_pista";"tracado_via";"uso_solo";"pessoas";"mortos";"feridos_leves";"feridos_graves";"ilesos";"ignorados";"feridos";"veiculos";"latitude";"longitude";"regional";"delegacia";"uop"
442853;2022-04-09;"sábado";"23:40:00";"SC";101;229;"TUBARAO";"Ingestão de álcool pelo condutor";"Saída de leito carroçável";"Com Vítimas Feridas";"Plena Noite";"Crescente";"Chuva";"Dupla";"Reta";"Não";1;0;0;1;0;0;1;1;-28,453944;-48,977964;"SPRF-SC";"DEL01-SC";"UOP02-DEL01-SC"
442854;2022-04-11;"segunda-feira";"08:30:00";"BA";324;353;"CAPIM GROSSO";"Transitar na contramão";"Colisão frontal";"Com Vítimas Feridas";"Pleno dia";"Crescente";"Céu Claro";"Simples";"Reta";"Não";4;0;1;1;2;0;2;2;-11,36748164;-40,02425785;"SPRF-BA";"DEL04-BA";"UOP02-DEL04-BA"
442857;2022-04-11;"segunda-feira";"08:00:00";"GO";153;699,5;"ITUMBIARA";"Pista em desnível";"Tombamento";"Com Vítimas Feridas";"Pleno dia";"Decrescente";"Céu Claro";"Dupla";"Reta";"Sim";2;0;1;0;1;0;1;1;-18,3862;-49,2076;"SPRF-GO";"DEL03-GO";"UOP02-DEL03-GO"
442859;2022-04-09;"sábado";"16:30:00";"SP";116;125;"CACAPAVA";"Avarias e/ou desgaste excessivo no pneu";"Tombamento";"Com Vítimas Feridas";"Pleno dia";"Crescente";"Nublado";"Dupla";"Reta";"Não";2;0;1;1;0;0;2;1;-23,09872598;-45,68608201;"SPRF-SP";"DEL02-SP";"UOP02-DEL02-SP"
442862;2022-04-11;"segunda-feira";"09:55:00";"RS";470;336;"TRIUNFO";"Reação tardia ou ineficiente do condutor";"Colisão lateral mesmo sentido";"Com Vítimas Feridas";"Pleno dia";"Crescente";"Garoa/Chuvisco";"Simples";"Reta";"Não";2;0;1;1;0;0;2;2;-29,89633192;-51,70794762;"SPRF-RS";"DEL04-RS";"UOP02-DEL04-RS"
442864;2022-04-08;"sexta-feira";"21:30:00";"MS";163;265,5;"DOURADOS";"Condutor deixou de manter distância do veículo da frente";"Colisão traseira";"Com Vítimas Feridas";"Plena Noite";"Crescente";"Céu Claro";"Dupla";"Reta";"Sim";3;0;2;0;1;0;2;2;-22,222698;-54,73128;"SPRF-MS";"DEL04-MS";"UOP01-DEL04-MS"
442867;2022-04-08;"sexta-feira";"18:30:00";"SC";470;236;"SAO CRISTOVAO DO SUL";"Chuva";"Colisão lateral sentido oposto";"Com Vítimas Feridas";"Anoitecer";"Crescente";"Chuva";"Simples";"Curva";"Não";4;0;1;0;3;0;1;2;-27,30307;-50,447491;"SPRF-SC";"DEL05-SC";"UOP03-DEL05-SC"
442868;2022-04-11;"segunda-feira";"07:20:00";"RS";470;181;"VERANOPOLIS";"Ausência de reação do condutor";"Colisão frontal";"Com Vítimas Feridas";"Amanhecer";"Crescente";"Chuva";"Simples";"Reta";"Não";2;0;0;1;1;0;1;2;-28,961859;-51,563769;"SPRF-RS";"DEL06-RS";"UOP02-DEL06-RS"
442869;2022-04-09;"sábado";"17:00:00";"CE";116;156;"RUSSAS";"Ausência de reação do condutor";"Tombamento";"Com Vítimas Feridas";"Pleno dia";"Decrescente";"Céu Claro";"Simples";"Reta";"Não";1;0;0;1;0;0;1;1;-4,88406994;-38,0189479;"SPRF-CE";"DEL03-CE";"UOP01-DEL03-CE"
442870;2022-04-11;"segunda-feira";"10:50:00";"RJ";116;181;"NOVA IGUACU";"Condutor deixou de manter distância do veículo da frente";"Colisão traseira";"Com Vítimas Feridas";"Pleno dia";"Crescente";"Céu Claro";"Dupla";"Reta";"Sim";2;0;1;0;1;0;1;2;-22,761312;-43,423492;"SPRF-RJ";"DEL01-RJ";"UOP02-DEL01-RJ"
442872;2022-04-10;"domingo";"03:00:00";"PR";163;99,6;"CAPANEMA";"Ingestão de álcool pelo condutor";"Saída de leito carroçável";"Com Vítimas Feridas";"Plena Noite";"Crescente";"Céu Claro";"Simples";"Declive;Curva";"Não";1;0;0;1;0;0;1;1;-25,61850994;-53,79198103;"SPRF-PR";"DEL02-PR";"UOP02-DEL02-PR"
442873;2022-04-08;"sexta-feira";"18:40:00";"RJ";101;494;"ANGRA DOS REIS";"Reação tardia ou ineficiente do condutor";"Colisão lateral sentido oposto";"Com Vítimas Feridas";"Plena Noite";"Crescente";"Nublado";"Simples";"Reta";"Não";3;0;2;0;0;1;2;2;-22,93752781;-44,3185162;"SPRF-RJ";"DEL03-RJ";"UOP03-DEL03-RJ"
442874;2022-04-08;"sexta-feira";"14:00:00";"SC";280;97,5;"SAO BENTO DO SUL";"Pista Escorregadia";"Tombamento";"Com Vítimas Fatais";"Pleno dia";"Crescente";"Garoa/Chuvisco";"Simples";"Declive;Curva";"Não";2;1;0;0;1;0;0;2;-26,371675;-49,325781;"SPRF-SC";"DEL06-SC";"UOP03-DEL06-SC"
442875;2022-04-11;"segunda-feira";"10:10:00";"BA";415;18;"ILHEUS";"Ausência de reação do condutor";"Colisão transversal";"Sem Vítimas";"Pleno dia";"Crescente";"Céu Claro";"Simples";"Reta";"Não";2;0;0;0;2;0;0;2;-14,8482;-39,281986;"SPRF-BA";"DEL05-BA";"UOP01-DEL05-BA"
442876;2022-04-11;"segunda-feira";"11:15:00";"SP";116;109,6;"TAUBATE";"Avarias e/ou desgaste excessivo no pneu";"Tombamento";"Com Vítimas Feridas";"Pleno dia";"Crescente";"Céu Claro";"Dupla";"Reta";"Sim";1;0;1;0;0;0;1;1;-23,02871304;-45,54517097;"SPRF-SP";"DEL08-SP";"UOP01-DEL08-SP"
442878;2022-04-11;"segunda-feira";"10:50:00";"RJ";40;109;"DUQUE DE CAXIAS";"Reação tardia ou ineficiente do condutor";"Colisão traseira";"Com Vítimas Feridas";"Pleno dia";"Decrescente";"Céu Claro";"Múltipla";"Reta";"Sim";2;0;1;0;1;0;1;2;-22,67374628;-43,28638368;"SPRF-RJ";"DEL01-RJ";"UOP01-DEL01-RJ"
442880;2022-04-08;"sexta-feira";"21:50:00";"PR";277;679;"MEDIANEIRA";"Velocidade Incompatível";"Saída de leito carroçável";"Sem Vítimas";"Plena Noite";"Crescente";"Céu Claro";"Dupla";"Reta";"Não";1;0;0;0;1;0;0;1;-25,31758044;-54,15684223;"SPRF-PR";"DEL05-PR";"UOP01-DEL05-PR"
442881;2022-04-11;"segunda-feira";"10:05:00";"SC";280;263;"CANOINHAS";"Manobra de mudança de faixa";"Saída de leito carroçável";"Com Vítimas Feridas";"Pleno dia";"Decrescente";"Chuva";"Simples";"Reta";"Não";2;0;2;0;0;0;2;1;-26,262463;-50,668205;"SPRF-SC";"DEL06-SC";"UOP04-DEL06-SC"
442882;2022-04-08;"sexta-feira";"16:10:00";"SC";280;125;"RIO NEGRINHO";"Ausência de reação do condutor";"Colisão traseira";"Com Vítimas Feridas";"Anoitecer";"Crescente";"Garoa/Chuvisco";"Simples";"Reta";"Sim";2;0;1;0;1;0;1;2;-26,23763684;-49,48434497;"SPRF-SC";"DEL06-SC";"UOP03-DEL06-SC"
442886;2022-04-09;"sábado";"18:30:00";"BA";324;290;"JACOBINA";"Ingestão de substâncias psicoativas pelo condutor";"Colisão traseira";"Sem Vítimas";"Plena Noite";"Crescente";"Céu Claro";"Simples";"Reta";"Não";2;0;0;0;1;1;0;2;-11,16275159;-40,55135779;"SPRF-BA";"DEL04-BA";"UOP02-DEL04-BA"
442887;2022-04-10;"domingo";"01:56:00";"PE";423;64;"CALCADO";"Transitar na contramão";"Colisão transversal";"Com Vítimas Feridas";"Plena Noite";"Decrescente";"Céu Claro";"Simples";"Reta";"Não";3;0;0;1;2;0;1;2;-8,66427961;-36,35636509;"SPRF-PE";"DEL03-PE";"UOP01-DEL03-PE"
442889;2022-04-09;"sábado";"00:30:00";"BA";324;602;"SIMOES FILHO";"Ausência de reação do condutor";"Tombamento";"Com Vítimas Feridas";"Plena Noite";"Crescente";"Céu Claro";"Dupla";"Reta";"Não";1;0;1;0;0;0;1;1;-12,76402892;-38,42393483;"SPRF-BA";"DEL01-BA";"UOP01-DEL01-BA"
442890;2022-04-09;"sábado";"12:20:00";"RO";364;241;"CACOAL";"Reação tardia ou ineficiente do condutor";"Colisão lateral mesmo sentido";"Com Vítimas Feridas";"Pleno dia";"Crescente";"Sol";"Simples";"Reta";"Sim";2;0;1;0;1;0;1;2;-11,44070217;-61,4786063;"SPRF-RO";"DEL02-RO";"UOP02-DEL02-RO"
442891;2022-04-09;"sábado";"03:00:00";"MA";135;113;"ITAPECURU MIRIM";"Manobra de mudança de faixa";"Colisão frontal";"Com Vítimas Fatais";"Plena Noite";"Crescente";"Ignorado";"Simples";"Reta";"Não";7;1;4;1;1;0;5;2;-3,46081702;-44,52958795;"SPRF-MA";"DEL01-MA";"UOP02-DEL01-MA"
442892;2022-02-20;"domingo";"06:20:00";"PB";412;43,6;"SAO JOAO DO CARIRI";"Demais falhas mecânicas ou elétricas";"Colisão transversal";"Sem Vítimas";"Pleno dia";"Crescente";"Céu Claro";"Simples";"Reta";"Não";2;0;0;0;2;0;0;2;-7,337673;-36,428707;"SPRF-PB";"DEL02-PB";"UOP02-DEL02-PB"
442894;2022-04-09;"sábado";"22:20:00";"MG";116;283,1;"TEOFILO OTONI";"Condutor deixou de manter distância do veículo da frente";"Colisão traseira";"Com Vítimas Feridas";"Plena Noite";"Crescente";"Nublado";"Simples";"Reta";"Não";2;0;0;1;0;1;1;2;-17,91016695;-41,52564104;"SPRF-MG";"DEL11-MG";"UOP01-DEL11-MG"
442895;2022-04-11;"segunda-feira";"12:40:00";"MG";50;108;"UBERABA";"Ingestão de álcool pelo condutor";"Saída de leito carroçável";"Com Vítimas Feridas";"Pleno dia";"Decrescente";"Céu Claro";"Dupla";"Reta";"Não";1;0;1;0;0;0;1;1;-19,20603112;-48,14992542;"SPRF-MG";"DEL13-MG";"UOP01-DEL13-MG"
442898;2022-04-08;"sexta-feira";"19:18:00";"MG";50;27;"ARAGUARI";"Reação tardia ou ineficiente do condutor";"Saída de leito carroçável";"Com Vítimas Feridas";"Plena Noite";"Crescente";"Ignorado";"Dupla";"Declive;Curva";"Não";2;0;2;0;0;0;2;1;-18,61943321;-48,09375199;"SPRF-MG";"DEL15-MG";"UOP02-DEL15-MG"
442899;2022-04-11;"segunda-feira";"07:00:00";"MA";135;10,5;"SAO LUIS";"Reação tardia ou ineficiente do condutor";"Saída de leito carroçável";"Com Vítimas Feridas";"Pleno dia";"Crescente";"Céu Claro";"Dupla";"Reta";"Sim";10;0;9;0;1;0;9;1;-2,655912;-44,28629098;"SPRF-MA";"DEL01-MA";"UOP01-DEL01-MA"
442900;2022-04-09;"sábado";"07:20:00";"RS";470;168;"VILA FLORES";"Acessar a via sem observar a presença dos outros veículos";"Colisão transversal";"Com Vítimas Feridas";"Pleno dia";"Decrescente";"Nublado";"Simples";"Reta";"Sim";2;0;2;0;0;0;2;2;-28,86124054;-51,55426741;"SPRF-RS";"DEL06-RS";"UOP02-DEL06-RS"
442901;2022-02-25;"sexta-feira";"20:30:00";"PA";316;35;"SANTA IZABEL DO PARA";"Manobra de mudança de faixa";"Colisão lateral mesmo sentido";"Com Vítimas Feridas";"Plena Noite";"Crescente";"Chuva";"Dupla";"Reta";"Sim";2;0;1;0;1;0;1;2;-1,29146197;-48,164561;"SPRF-PA";"DEL01-PA";"UOP01-DEL01-PA"
442902;2022-04-10;"domingo";"00:45:00";"SC";280;229,9;"CANOINHAS";"Ausência de reação do condutor";"Colisão com objeto";"Com Vítimas Feridas";"Plena Noite";"Crescente";"Céu Claro";"Simples";"Reta";"Sim";1;0;0;1;0;0;1;1;-26,18601731;-50,35213894;"SPRF-SC";"DEL06-SC";"UOP04-DEL06-SC"
442903;2022-04-11;"segunda-feira";"12:50:00";"MG";40;690,5;"ALFREDO VASCONCELOS";"Manobra de mudança de faixa";"Colisão lateral mesmo sentido";"Com Vítimas Feridas";"Pleno dia";"Crescente";"Sol";"Simples";"Reta";"Não";3;0;0;2;1;0;2;2;-21,12778792;-43,75939342;"SPRF-MG";"DEL05-MG";"UOP02-DEL05-MG"
442904;2022-02-19;"sábado";"10:30:00";"DF";60;25,2;"BRASILIA";"Velocidade Incompatível";"Saída de leito carroçável";"Com Vítimas Feridas";"Pleno dia";"Crescente";"Chuva";"Dupla";"Curva";"Não";1;0;1;0;0;0;1;1;-15,996379;-48,240028;"SPRF-DF";"DEL03-DF";"UOP01-DEL03-DF"
442905;2022-02-20;"domingo";"00:05:00";"GO";60;75,4;"ANAPOLIS";"Transitar na contramão";"Colisão frontal";"Com Vítimas Feridas";"Plena Noite";"Decrescente";"Nublado";"Dupla";"Declive";"Não";3;0;0;1;2;0;1;2;-16,27894898;-48,78959656;"SPRF-GO";"DEL02-GO";"UOP01-DEL02-GO"
442908;2022-04-11;"segunda-feira";"07:00:00";"SC";282;615;"MARAVILHA";"Objeto estático sobre o leito carroçável";"Colisão com objeto";"Com Vítimas Feridas";"Pleno dia";"Crescente";"Chuva";"Simples";"Curva";"Não";1;0;1;0;0;0;1;1;-26,774349;-53,271767;"SPRF-SC";"DEL07-SC";"UOP02-DEL07-SC"
442909;2022-04-11;"segunda-feira";"11:30:00";"BA";367;83;"EUNAPOLIS";"Ausência de reação do condutor";"Colisão traseira";"Com Vítimas Feridas";"Pleno dia";"Decrescente";"Sol";"Simples";"Reta";"Sim";4;0;1;0;3;0;1;2;-16,37256267;-39,57064408;"SPRF-BA";"DEL09-BA";"UOP01-DEL09-BA"
442911;2022-04-10;"domingo";"06:50:00";"SP";116;204;"ARUJA";"Condutor Dormindo";"Colisão com objeto";"Sem Vítimas";"Pleno dia";"Crescente";"Céu Claro";"Múltipla";"Reta";"Sim";1;0;0;0;1;0;0;1;-23,41236123;-46,35692496;"SPRF-SP";"DEL01-SP";"UOP01-DEL01-SP"
442913;2022-04-11;"segunda-feira";"07:50:00";"MG";267;61,9;"BICAS";"Desrespeitar a preferência no cruzamento";"Colisão transversal";"Com Vítimas Feridas";"Pleno dia";"Crescente";"Sol";"Simples";"Reta;Interseção de Vias";"Não";2;0;0;1;1;0;1;2;-21,72573003;-43,05888101;"SPRF-MG";"DEL07-MG";"UOP01-DEL07-MG"
442916;2022-04-11;"segunda-feira";"12:45:00";"MT";364;586,9;"DIAMANTINO";"Animais na Pista";"Colisão traseira";"Sem Vítimas";"Pleno dia";"Crescente";"Céu Claro";"Dupla";"Aclive;Reta";"Não";3;0;0;0;3;0;0;2;-14,61648924;-56,25803777;"SPRF-MT";"DEL01-MT";"UOP01-DEL01-MT"
442917;2022-02-15;"terça-feira";"11:55:00";"MG";365;656;"MONTE ALEGRE DE MINAS";"Demais falhas mecânicas ou elétricas";"Incêndio";"Sem Vítimas";"Pleno dia";"Crescente";"Sol";"Dupla";"Reta";"Não";1;0;0;0;1;0;0;1;-18,88179209;-48,6075449;"SPRF-MG";"DEL15-MG";"UOP01-DEL15-MG"
442918;2022-04-10;"domingo";"06:30:00";"MG";50;35;"ARAGUARI";"Avarias e/ou desgaste excessivo no pneu";"Queda de ocupante de veículo";"Com Vítimas Feridas";"Pleno dia";"Decrescente";"Céu Claro";"Dupla";"Reta";"Não";2;0;1;0;0;1;1;2;-18,65075062;-48,13867716;"SPRF-MG";"DEL15-MG";"UOP02-DEL15-MG"
442920;2022-04-11;"segunda-feira";"14:26:00";"SP";153;78;"BADY BASSITT";"Ultrapassagem Indevida";"Saída de leito carroçável";"Com Vítimas Fatais";"Pleno dia";"Crescente";"Céu Claro";"Simples";"Reta";"Sim";4;1;0;1;2;0;1;2;-20,90428329;-49,46169392;"SPRF-SP";"DEL09-SP";"UOP01-DEL09-SP"
442921;2022-03-19;"sábado";"11:30:00";"SP";101;48;"UBATUBA";"Acessar a via sem observar a presença dos outros veículos";"Colisão lateral mesmo sentido";"Com Vítimas Feridas";"Pleno dia";"Decrescente";"Céu Claro";"Simples";"Reta";"Sim";2;0;1;0;1;0;1;2;-23,44351465;-45,08500189;"SPRF-SP";"DEL06-SP";"UOP01-DEL06-SP"
442922;2022-04-09;"sábado";"21:50:00";"BA";110;246;"OLINDINA";"Animais na Pista";"Atropelamento de Animal";"Com Vítimas Fatais";"Plena Noite";"Decrescente";"Céu Claro";"Simples";"Declive";"Não";1;1;0;0;0;0;0;1;-11,43420008;-38,28926576;"SPRF-BA";"DEL01-BA";"UOP04-DEL01-BA"
442923;2022-04-09;"sábado";"17:00:00";"MG";365;620;"UBERLANDIA";"Ausência de reação do condutor";"Capotamento";"Sem Vítimas";"Pleno dia";"Crescente";"Céu Claro";"Dupla";"Reta";"Sim";1;0;0;0;1;0;0;1;-18,90349687;-48,28130603;"SPRF-MG";"DEL15-MG";"UOP01-DEL15-MG"
442925;2022-04-11;"segunda-feira";"14:50:00";"PR";376;304,5;"MAUA DA SERRA";"Pista Escorregadia";"Saída de leito carroçável";"Com Vítimas Feridas";"Pleno dia";"Decrescente";"Garoa/Chuvisco";"Dupla";"Curva;Aclive";"Não";2;0;0;1;1;0;1;2;-23,93170091;-51,13131523;"SPRF-PR";"DEL07-PR";"UOP02-DEL07-PR"
442927;2022-04-11;"segunda-feira";"15:10:00";"RS";116;262;"CANOAS";"Acessar a via sem observar a presença dos outros veículos";"Colisão lateral mesmo sentido";"Com Vítimas Feridas";"Pleno dia";"Decrescente";"Nublado";"Dupla";"Reta";"Sim";5;0;2;0;3;0;2;2;-29,896475;-51,17593;"SPRF-RS";"DEL01-RS";"UOP01-DEL01-RS"
442928;2022-04-11;"segunda-feira";"11:35:00";"SC";280;85;"CORUPA";"Manobra de mudança de faixa";"Colisão lateral mesmo sentido";"Com Vítimas Feridas";"Pleno dia";"Decrescente";"Céu Claro";"Simples";"Aclive";"Não";2;0;1;0;1;0;1;2;-26,43158487;-49,25150957;"SPRF-SC";"DEL06-SC";"UOP03-DEL06-SC"
442932;2022-04-11;"segunda-feira";"14:30:00";"MG";40;199,2;"JOAO PINHEIRO";"Reação tardia ou ineficiente do condutor";"Saída de leito carroçável";"Com Vítimas Feridas";"Pleno dia";"Crescente";"Chuva";"Simples";"Reta";"Não";2;0;2;0;0;0;2;1;-18,00961206;-45,82144902;"SPRF-MG";"DEL14-MG";"UOP02-DEL14-MG"
442934;2022-04-11;"segunda-feira";"15:15:00";"SC";101;211;"PALHOCA";"Ausência de reação do condutor";"Atropelamento de Pedestre";"Com Vítimas Feridas";"Pleno dia";"Crescente";"Chuva";"Dupla";"Viaduto";"Sim";2;0;1;0;1;0;1;2;-27,62329313;-48,65245588;"SPRF-SC";"DEL01-SC";"UOP02-DEL01-SC"
442935;2022-04-11;"segunda-feira";"15:20:00";"PR";476;155;"ARAUCARIA";"Pedestre cruzava a pista fora da faixa";"Atropelamento de Pedestre";"Com Vítimas Feridas";"Pleno dia";"Crescente";"Chuva";"Múltipla";"Reta";"Sim";2;0;1;0;1;0;1;2;-25,590897;-49,410622;"SPRF-PR";"DEL01-PR";"UOP03-DEL01-PR"
442938;2022-04-11;"segunda-feira";"13:30:00";"SP";116;491;"CAJATI";"Reação tardia ou ineficiente do condutor";"Tombamento";"Com Vítimas Feridas";"Pleno dia";"Decrescente";"Céu Claro";"Dupla";"Reta";"Não";2;0;2;0;0;0;2;1;-24,73981193;-48,12375607;"SPRF-SP";"DEL05-SP";"UOP01-DEL05-SP"
442939;2022-04-11;"segunda-feira";"13:40:00";"SP";116;269;"TABOAO DA SERRA";"Ausência de reação do condutor";"Colisão lateral mesmo sentido";"Com Vítimas Feridas";"Pleno dia";"Decrescente";"Céu Claro";"Dupla";"Reta";"Sim";2;0;1;0;1;0;1;2;-23,61593059;-46,78826044;"SPRF-SP";"DEL04-SP";"UOP01-DEL04-SP"
442942;2022-04-08;"sexta-feira";"20:30:00";"PR";277;721,5;"FOZ DO IGUACU";"Ingestão de álcool pelo condutor";"Colisão traseira";"Com Vítimas Feridas";"Plena Noite";"Decrescente";"Céu Claro";"Dupla";"Reta";"Sim";4;0;1;0;3;0;1;3;-25,493408;-54,516963;"SPRF-PR";"DEL05-PR";"UOP03-DEL05-PR"
442943;2022-04-10;"domingo";"04:50:00";"RS";470;199;"BENTO GONCALVES";"Reação tardia ou ineficiente do condutor";"Saída de leito carroçável";"Sem Vítimas";"Plena Noite";"Decrescente";"Céu Claro";"Simples";"Declive;Curva";"Não";1;0;0;0;0;1;0;1;-29,0629582;-51,58054016;"SPRF-RS";"DEL06-RS";"UOP02-DEL06-RS"
442944;2022-04-11;"segunda-feira";"14:00:00";"MG";381;201,8;"NAQUE";"Condutor Dormindo";"Capotamento";"Com Vítimas Feridas";"Pleno dia";"Decrescente";"Céu Claro";"Simples";"Reta";"Não";2;0;1;1;0;0;2;1;-19,18021145;-42,25981359;"SPRF-MG";"DEL06-MG";"UOP01-DEL06-MG"
442945;2022-04-09;"sábado";"20:30:00";"RJ";116;139;"DUQUE DE CAXIAS";"Pedestre cruzava a pista fora da faixa";"Atropelamento de Pedestre";"Com Vítimas Feridas";"Plena Noite";"Decrescente";"Céu Claro";"Dupla";"Reta";"Não";2;0;2;0;0;0;2;2;-22,64655224;-43,20138601;"SPRF-RJ";"DEL01-RJ";"UOP01-DEL01-RJ"
442948;2022-04-07;"quinta-feira";"11:45:00";"MG";116;277,2;"TEOFILO OTONI";"Ausência de reação do condutor";"Colisão transversal";"Com Vítimas Feridas";"Pleno dia";"Decrescente";"Sol";"Simples";"Reta";"Sim";2;0;0;1;1;0;1;2;-17,859945;-41,515144;"SPRF-MG";"DEL11-MG";"UOP01-DEL11-MG"
442949;2022-04-08;"sexta-feira";"22:00:00";"RR";174;415;"IRACEMA";"Animais na Pista";"Atropelamento de Animal";"Sem Vítimas";"Plena Noite";"Crescente";"Céu Claro";"Simples";"Reta";"Não";2;0;0;0;2;0;0;1;2,2109646;-61,01291656;"SPRF-RR";"DEL01-RR";"UOP01-DEL01-RR"
442950;2022-04-08;"sexta-feira";"23:00:00";"RJ";101;322;"NITEROI";"Manobra de mudança de faixa";"Colisão traseira";"Sem Vítimas";"Plena Noite";"Decrescente";"Céu Claro";"Dupla";"Reta";"Sim";6;0;0;0;5;1;0;3;-22,878923;-43,110676;"SPRF-RJ";"DEL02-RJ";"UOP01-DEL02-RJ"
442955;2022-04-09;"sábado";"12:50:00";"PR";116;126;"CURITIBA";"Condutor Dormindo";"Engavetamento";"Sem Vítimas";"Pleno dia";"Decrescente";"Sol";"Dupla";"Reta";"Sim";3;0;0;0;3;0;0;3;-25,60389895;-49,31824423;"SPRF-PR";"DEL01-PR";"UOP03-DEL01-PR"
442956;2022-04-09;"sábado";"14:00:00";"PR";373;227,2;"IMBITUVA";"Reação tardia ou ineficiente do condutor";"Saída de leito carroçável";"Com Vítimas Feridas";"Pleno dia";"Decrescente";"Céu Claro";"Simples";"Reta";"Não";1;0;1;0;0;0;1;1;-25,17459823;-50,63931587;"SPRF-PR";"DEL03-PR";"UOP04-DEL03-PR"
442957;2022-04-11;"segunda-feira";"14:35:00";"RJ";101;272;"TANGUA";"Mal súbito do condutor";"Colisão com objeto";"Com Vítimas Feridas";"Pleno dia";"Crescente";"Céu Claro";"Dupla";"Reta";"Sim";1;0;1;0;0;0;1;1;-22,72935968;-42,70112512;"SPRF-RJ";"DEL02-RJ";"UOP03-DEL02-RJ"
442958;2022-04-08;"sexta-feira";"07:00:00";"RJ";40;124;"RIO DE JANEIRO";"Área urbana sem a presença de local apropriado para a travessia de pedestres";"Atropelamento de Pedestre";"Com Vítimas Feridas";"Pleno dia";"Crescente";"Céu Claro";"Múltipla";"Reta";"Sim";3;0;0;2;1;0;2;3;-22,807953;-43,289124;"SPRF-RJ";"DEL01-RJ";"UOP01-DEL01-RJ"
442963;2022-04-11;"segunda-feira";"16:00:00";"SC";101;138;"BALNEARIO CAMBORIU";"Chuva";"Colisão com objeto";"Com Vítimas Feridas";"Pleno dia";"Decrescente";"Chuva";"Dupla";"Curva";"Sim";1;0;1;0;0;0;1;1;-27,02397426;-48,60761649;"SPRF-SC";"DEL04-SC";"UOP03-DEL04-SC"
442966;2022-04-01;"sexta-feira";"18:30:00";"BA";324;526;"FEIRA DE SANTANA";"Entrada inopinada do pedestre";"Colisão transversal";"Com Vítimas Feridas";"Anoitecer";"Decrescente";"Céu Claro";"Dupla";"Reta";"Sim";1;0;1;0;0;0;1;1;-12,30639712;-38,89051509;"SPRF-BA";"DEL01-BA";"UOP03-DEL01-BA"
442967;2022-04-11;"segunda-feira";"16:50:00";"SP";116;146;"SAO JOSE DOS CAMPOS";"Objeto estático sobre o leito carroçável";"Colisão traseira";"Com Vítimas Feridas";"Pleno dia";"Decrescente";"Céu Claro";"Múltipla";"Aclive";"Sim";3;0;2;0;0;1;2;3;-23,19122919;-45,86327591;"SPRF-SP";"DEL02-SP";"UOP01-DEL02-SP"
442971;2022-04-09;"sábado";"22:45:00";"RS";293;26;"CAPAO DO LEAO";"Ultrapassagem Indevida";"Colisão frontal";"Com Vítimas Feridas";"Plena Noite";"Crescente";"Nublado";"Simples";"Reta";"Não";5;0;2;0;2;1;2;3;-31,72936678;-52,58232197;"SPRF-RS";"DEL07-RS";"UOP01-DEL07-RS"
442972;2022-04-09;"sábado";"12:00:00";"MG";262;39,4;"MANHUACU";"Conversão proibida";"Tombamento";"Com Vítimas Feridas";"Pleno dia";"Crescente";"Céu Claro";"Simples";"Reta";"Sim";2;0;1;0;1;0;1;2;-20,27165802;-42,03950458;"SPRF-MG";"DEL06-MG";"UOP03-DEL06-MG"
442973;2022-04-11;"segunda-feira";"17:45:00";"RJ";116;316;"ITATIAIA";"Ausência de reação do condutor";"Tombamento";"Com Vítimas Feridas";"Anoitecer";"Crescente";"Céu Claro";"Dupla";"Reta";"Não";2;0;1;1;0;0;2;1;-22,48609819;-44,54866882;"SPRF-RJ";"DEL07-RJ";"UOP02-DEL07-RJ"
442976;2022-04-11;"segunda-feira";"18:15:00";"ES";262;159;"IBATIBA";"Acessar a via sem observar a presença dos outros veículos";"Atropelamento de Pedestre";"Com Vítimas Feridas";"Plena Noite";"Crescente";"Céu Claro";"Simples";"Reta";"Sim";2;0;0;2;0;0;2;2;-20,23362208;-41,5053348;"SPRF-ES";"DEL01-ES";"UOP02-DEL01-ES"
442978;2022-04-11;"segunda-feira";"16:30:00";"PR";369;102,8;"URAI";"Velocidade Incompatível";"Colisão com objeto";"Sem Vítimas";"Pleno dia";"Crescente";"Chuva";"Dupla";"Reta";"Não";1;0;0;0;1;0;0;1;-23,24808155;-50,74473381;"SPRF-PR";"DEL07-PR";"UOP01-DEL07-PR"
442979;2022-04-11;"segunda-feira";"16:30:00";"BA";116;335;"TEOFILANDIA";"Ultrapassagem Indevida";"Capotamento";"Com Vítimas Feridas";"Pleno dia";"Crescente";"Céu Claro";"Simples";"Reta;Declive";"Não";5;0;3;0;2;0;3;1;-11,45966995;-38,98723712;"SPRF-BA";"DEL02-BA";"UOP01-DEL02-BA"
442981;2022-04-11;"segunda-feira";"16:38:00";"PR";376;437,1;"TIBAGI";"Velocidade Incompatível";"Capotamento";"Com Vítimas Fatais";"Pleno dia";"Crescente";"Chuva";"Dupla";"Curva";"Não";3;1;2;0;0;0;2;1;-24,84593393;-50,47413272;"SPRF-PR";"DEL03-PR";"UOP02-DEL03-PR"
442982;2022-04-10;"domingo";"01:30:00";"MA";226;300,7;"BARRA DO CORDA";"Transitar na contramão";"Colisão frontal";"Com Vítimas Feridas";"Plena Noite";"Decrescente";"Céu Claro";"Simples";"Reta";"Sim";3;0;2;0;0;1;2;2;-5,50149653;-45,24822581;"SPRF-MA";"DEL04-MA";"UOP02-DEL04-MA"
442983;2022-04-11;"segunda-feira";"18:10:00";"RJ";393;284;"VOLTA REDONDA";"Manobra de mudança de faixa";"Colisão lateral mesmo sentido";"Com Vítimas Feridas";"Anoitecer";"Decrescente";"Céu Claro";"Simples";"Reta;Aclive";"Sim";2;0;1;0;1;0;1;2;-22,481726;-44,06308602;"SPRF-RJ";"DEL05-RJ";"UOP04-DEL05-RJ"