"id";"data_inversa";"dia_semana";"horario";"uf";"br";"km";"municipio";"causa_acidente";"tipo_acidente";"classificacao_acidente";"fase_dia";"sentido_via";"condicao_metereologica";"tipo_pista";"tracado_via";"uso_solo";"pessoas";"mortos";"feridos_leves";"feridos_graves";"ilesos";"ignorados";"feridos";"veiculos";"latitude";"longitude";"regional";"delegacia";"uop"
442984;2022-04-11;"segunda-feira";"18:20:00";"CE";116;14;"FORTALEZA";"Manobra de mudança de faixa";"Colisão lateral mesmo sentido";"Sem Vítimas";"Plena Noite";"Crescente";"Chuva";"Múltipla";"Reta";"Sim";2;0;0;0;1;1;0;2;-3,86973356;-38,49827361;"SPRF-CE";"DEL01-CE";"UOP02-DEL01-CE"
442985;2022-04-11;"segunda-feira";"18:56:00";"SP";116;223;"GUARULHOS";"Ausência de reação do condutor";"Colisão traseira";"Com Vítimas Feridas";"Anoitecer";"Crescente";"Céu Claro";"Múltipla";"Reta";"Sim";2;0;1;0;1;0;1;2;-23,47559815;-46,5246609;"SPRF-SP";"DEL01-SP";"UOP01-DEL01-SP"
442988;2022-04-11;"segunda-feira";"17:51:00";"MS";163;490;"CAMPO GRANDE";"Condutor deixou de manter distância do veículo da frente";"Colisão traseira";"Com Vítimas Feridas";"Anoitecer";"Crescente";"Céu Claro";"Simples";"Rotatória";"Sim";2;0;1;0;1;0;1;2;-20,39532883;-54,55801964;"SPRF-MS";"DEL01-MS";"UOP02-DEL01-MS"
442989;2022-04-11;"segunda-feira";"11:45:00";"SC";280;30,9;"ARAQUARI";"Reação tardia ou ineficiente do condutor";"Colisão transversal";"Com Vítimas Feridas";"Pleno dia";"Decrescente";"Nublado";"Simples";"Reta";"Não";2;0;0;1;1;0;1;2;-26,41648946;-48,77129316;"SPRF-SC";"DEL03-SC";"UOP03-DEL03-SC"
442990;2022-04-11;"segunda-feira";"19:00:00";"MG";365;625,2;"UBERLANDIA";"Ausência de reação do condutor";"Colisão traseira";"Com Vítimas Feridas";"Plena Noite";"Decrescente";"Céu Claro";"Dupla";"Reta";"Sim";3;0;1;0;2;0;1;2;-18,91022465;-48,30594063;"SPRF-MG";"DEL15-MG";"UOP01-DEL15-MG"
442991;2022-04-08;"sexta-feira";"23:15:00";"PR";116;128;"CURITIBA";"Reação tardia ou ineficiente do condutor";"Saída de leito carroçável";"Com Vítimas Feridas";"Plena Noite";"Decrescente";"Garoa/Chuvisco";"Simples";"Reta";"Sim";1;0;1;0;0;0;1;1;-25,657867;-49,311971;"SPRF-PR";"DEL01-PR";"UOP03-DEL01-PR"
442992;2022-04-09;"sábado";"20:00:00";"MS";163;268,5;"DOURADOS";"Acessar a via sem observar a presença dos outros veículos";"Colisão lateral mesmo sentido";"Com Vítimas Feridas";"Plena Noite";"Crescente";"Céu Claro";"Dupla";"Reta";"Não";2;0;0;1;1;0;1;2;-22,20665524;-54,70785282;"SPRF-MS";"DEL04-MS";"UOP01-DEL04-MS"
442994;2022-04-11;"segunda-feira";"15:45:00";"SC";280;23;"ARAQUARI";"Reação tardia ou ineficiente do condutor";"Queda de ocupante de veículo";"Com Vítimas Feridas";"Pleno dia";"Crescente";"Céu Claro";"Simples";"Interseção de Vias";"Sim";1;0;1;0;0;0;1;1;-26,37146;-48,711887;"SPRF-SC";"DEL03-SC";"UOP03-DEL03-SC"
442995;2022-04-11;"segunda-feira";"18:15:00";"DF";20;4;"BRASILIA";"Manobra de mudança de faixa";"Colisão traseira";"Com Vítimas Feridas";"Plena Noite";"Crescente";"Céu Claro";"Dupla";"Declive;Reta";"Sim";2;0;1;0;1;0;1;2;-15,675484;-47,823761;"SPRF-DF";"DEL02-DF";"UOP01-DEL02-DF"
442997;2022-04-09;"sábado";"19:00:00";"BA";110;363;"CATU";"Ultrapassagem Indevida";"Colisão lateral sentido oposto";"Com Vítimas Feridas";"Plena Noite";"Crescente";"Céu Claro";"Simples";"Reta";"Não";4;0;0;2;0;2;2;3;-12,39805;-38,373071;"SPRF-BA";"DEL01-BA";"UOP04-DEL01-BA"
442998;2022-04-09;"sábado";"05:35:00";"PE";101;55;"PAULISTA";"Chuva";"Queda de ocupante de veículo";"Com Vítimas Feridas";"Pleno dia";"Decrescente";"Chuva";"Dupla";"Reta";"Sim";2;0;1;0;1;0;1;2;-7,94806621;-34,9062148;"SPRF-PE";"DEL01-PE";"UOP02-DEL01-PE"
442999;2022-04-11;"segunda-feira";"16:55:00";"MG";365;322;"JOAO PINHEIRO";"Animais na Pista";"Atropelamento de Animal";"Sem Vítimas";"Pleno dia";"Decrescente";"Céu Claro";"Simples";"Reta";"Não";2;0;0;0;2;0;0;1;-18,27817073;-45,89940652;"SPRF-MG";"DEL10-MG";"UOP01-DEL10-MG"
443004;2022-04-10;"domingo";"04:50:00";"MT";163;847;"SINOP";"Transitar na contramão";"Colisão lateral sentido oposto";"Com Vítimas Feridas";"Amanhecer";"Decrescente";"Céu Claro";"Simples";"Reta";"Não";4;0;0;1;3;0;1;2;-11,747153;-55,465656;"SPRF-MT";"DEL06-MT";"NPF/DEL06-MT"
443005;2022-04-07;"quinta-feira";"11:45:00";"SC";280;29,7;"ARAQUARI";"Acessar a via sem observar a presença dos outros veículos";"Colisão lateral mesmo sentido";"Com Vítimas Feridas";"Pleno dia";"Crescente";"Garoa/Chuvisco";"Simples";"Reta;Interseção de Vias";"Sim";3;0;0;1;2;0;1;2;-26,41066264;-48,75295628;"SPRF-SC";"DEL03-SC";"UOP03-DEL03-SC"
443006;2022-04-11;"segunda-feira";"19:30:00";"MG";381;362;"JOAO MONLEVADE";"Demais falhas na via";"Queda de ocupante de veículo";"Com Vítimas Feridas";"Plena Noite";"Crescente";"Céu Claro";"Simples";"Curva";"Não";1;0;1;0;0;0;1;1;-19,85643939;-43,24280693;"SPRF-MG";"DEL03-MG";"UOP01-DEL03-MG"
443007;2022-04-11;"segunda-feira";"19:00:00";"MG";365;625,7;"UBERLANDIA";"Velocidade Incompatível";"Colisão traseira";"Com Vítimas Feridas";"Plena Noite";"Crescente";"Céu Claro";"Dupla";"Reta;Aclive";"Sim";4;0;1;0;3;0;1;2;-18,909804;-48,308074;"SPRF-MG";"DEL15-MG";"UOP01-DEL15-MG"
443008;2022-04-11;"segunda-feira";"19:10:00";"SP";116;147,2;"SAO JOSE DOS CAMPOS";"Reação tardia ou ineficiente do condutor";"Colisão traseira";"Com Vítimas Feridas";"Anoitecer";"Decrescente";"Céu Claro";"Dupla";"Reta";"Sim";2;0;1;0;1;0;1;2;-23,19542994;-45,87176303;"SPRF-SP";"DEL02-SP";"UOP01-DEL02-SP"
443009;2022-04-11;"segunda-feira";"19:30:00";"PE";232;16,6;"JABOATAO DOS GUARARAPES";"Manobra de mudança de faixa";"Colisão lateral mesmo sentido";"Com Vítimas Feridas";"Plena Noite";"Decrescente";"Céu Claro";"Dupla";"Reta";"Não";4;0;0;1;3;0;1;2;-8,09414193;-35,03716601;"SPRF-PE";"DEL01-PE";"UOP01-DEL01-PE"
443011;2022-04-11;"segunda-feira";"20:15:00";"PR";376;597;"CURITIBA";"Demais falhas mecânicas ou elétricas";"Queda de ocupante de veículo";"Com Vítimas Feridas";"Plena Noite";"Crescente";"Céu Claro";"Dupla";"Reta";"Sim";2;0;1;1;0;0;2;1;-25,515621;-49,336529;"SPRF-PR";"DEL01-PR";"UOP01-DEL01-PR"
443016;2022-04-11;"segunda-feira";"19:00:00";"SC";163;73;"SAO MIGUEL DO OESTE";"Ingestão de álcool pelo condutor";"Colisão frontal";"Sem Vítimas";"Plena Noite";"Crescente";"Chuva";"Simples";"Reta";"Sim";4;0;0;0;4;0;0;2;-26,71084646;-53,51502434;"SPRF-SC";"DEL07-SC";"UOP03-DEL07-SC"
443017;2022-04-08;"sexta-feira";"21:45:00";"SC";280;40;"ARAQUARI";"Transitar na contramão";"Colisão frontal";"Com Vítimas Feridas";"Plena Noite";"Decrescente";"Garoa/Chuvisco";"Simples";"Reta";"Sim";2;0;1;0;1;0;1;2;-26,44938176;-48,84792002;"SPRF-SC";"DEL03-SC";"UOP03-DEL03-SC"
443018;2022-04-11;"segunda-feira";"20:10:00";"PI";316;11;"TERESINA";"Animais na Pista";"Atropelamento de Animal";"Com Vítimas Feridas";"Plena Noite";"Decrescente";"Nublado";"Múltipla";"Reta";"Sim";1;0;1;0;0;0;1;1;-5,191739;-42,76076102;"SPRF-PI";"DEL01-PI";"UOP02-DEL01-PI"
443020;2022-04-10;"domingo";"03:20:00";"PR";369;128,2;"JATAIZINHO";"Velocidade Incompatível";"Saída de leito carroçável";"Com Vítimas Feridas";"Plena Noite";"Decrescente";"Céu Claro";"Dupla";"Reta";"Sim";2;0;1;0;1;0;1;1;-23,266139;-50,970198;"SPRF-PR";"DEL07-PR";"UOP01-DEL07-PR"
443021;2022-04-10;"domingo";"04:30:00";"BA";324;571;"SAO SEBASTIAO DO PASSE";"Demais falhas mecânicas ou elétricas";"Incêndio";"Sem Vítimas";"Plena Noite";"Decrescente";"Céu Claro";"Dupla";"Reta";"Não";1;0;0;0;1;0;0;1;-12,55142914;-38,57416911;"SPRF-BA";"DEL01-BA";"UOP01-DEL01-BA"
443022;2022-04-11;"segunda-feira";"20:10:00";"SP";116;394;"MIRACATU";"Ausência de reação do condutor";"Colisão com objeto";"Com Vítimas Feridas";"Plena Noite";"Crescente";"Céu Claro";"Dupla";"Reta";"Sim";2;0;0;1;1;0;1;1;-24,28717454;-47,45143994;"SPRF-SP";"DEL04-SP";"UOP02-DEL04-SP"
443023;2022-04-11;"segunda-feira";"18:25:00";"PI";343;327,3;"TERESINA";"Pedestre andava na pista";"Atropelamento de Pedestre";"Com Vítimas Feridas";"Plena Noite";"Crescente";"Nublado";"Simples";"Reta";"Não";2;0;1;1;0;0;2;2;-5,071425;-42,625938;"SPRF-PI";"DEL01-PI";"UOP01-DEL01-PI"
443024;2022-04-09;"sábado";"15:15:00";"PR";277;97,6;"CURITIBA";"Ausência de reação do condutor";"Saída de leito carroçável";"Com Vítimas Feridas";"Pleno dia";"Decrescente";"Céu Claro";"Dupla";"Reta";"Sim";2;0;1;0;0;1;1;2;-25,54577186;-49,29537197;"SPRF-PR";"DEL01-PR";"UOP01-DEL01-PR"
443027;2022-04-08;"sexta-feira";"18:50:00";"RJ";101;464;"ANGRA DOS REIS";"Acumulo de areia ou detritos sobre o pavimento";"Tombamento";"Com Vítimas Feridas";"Plena Noite";"Crescente";"Chuva";"Simples";"Curva";"Não";2;0;1;0;0;1;1;2;-23,02483492;-44,21971309;"SPRF-RJ";"DEL03-RJ";"UOP03-DEL03-RJ"
443028;2022-04-11;"segunda-feira";"19:55:00";"PE";423;85,9;"SAO JOAO";"Animais na Pista";"Atropelamento de Animal";"Com Vítimas Feridas";"Plena Noite";"Decrescente";"Céu Claro";"Simples";"Reta";"Não";2;0;2;0;0;0;2;1;-8,80610593;-36,44168015;"SPRF-PE";"DEL03-PE";"UOP01-DEL03-PE"
443029;2022-04-11;"segunda-feira";"17:15:00";"RJ";40;61;"PETROPOLIS";"Ausência de reação do condutor";"Saída de leito carroçável";"Com Vítimas Feridas";"Pleno dia";"Decrescente";"Céu Claro";"Dupla";"Reta";"Não";1;0;1;0;0;0;1;1;-22,401007;-43,136339;"SPRF-RJ";"DEL05-RJ";"UOP02-DEL05-RJ"
443032;2022-04-11;"segunda-feira";"22:15:00";"RS";116;257;"ESTEIO";"Acessar a via sem observar a presença dos outros veículos";"Colisão frontal";"Com Vítimas Feridas";"Plena Noite";"Crescente";"Nublado";"Simples";"Interseção de Vias";"Sim";2;0;1;0;1;0;1;2;-29,85262195;-51,17968329;"SPRF-RS";"DEL01-RS";"UOP02-DEL01-RS"
443033;2022-04-11;"segunda-feira";"22:00:00";"SP";381;45;"ATIBAIA";"Pedestre cruzava a pista fora da faixa";"Atropelamento de Pedestre";"Com Vítimas Fatais";"Plena Noite";"Decrescente";"Céu Claro";"Múltipla";"Reta";"Não";2;1;0;0;1;0;0;2;-23,17274184;-46,57748439;"SPRF-SP";"DEL03-SP";"UOP01-DEL03-SP"
443034;2022-04-11;"segunda-feira";"22:00:00";"PR";469;2;"FOZ DO IGUACU";"Frear bruscamente";"Colisão traseira";"Com Vítimas Feridas";"Plena Noite";"Crescente";"Chuva";"Simples";"Reta";"Não";2;0;1;0;1;0;1;2;-25,5469;-54,5882;"SPRF-PR";"DEL05-PR";"UOP04-DEL05-PR"
443035;2022-04-11;"segunda-feira";"20:20:00";"RJ";393;252;"BARRA DO PIRAI";"Acessar a via sem observar a presença dos outros veículos";"Colisão transversal";"Com Vítimas Feridas";"Plena Noite";"Crescente";"Céu Claro";"Simples";"Reta";"Não";3;0;3;0;0;0;3;2;-22,45323531;-43,81725311;"SPRF-RJ";"DEL05-RJ";"UOP04-DEL05-RJ"
443036;2022-04-11;"segunda-feira";"21:45:00";"GO";40;21;"LUZIANIA";"Animais na Pista";"Atropelamento de Animal";"Com Vítimas Feridas";"Plena Noite";"Crescente";"Céu Claro";"Dupla";"Reta";"Sim";1;0;1;0;0;0;1;1;-16,21906;-47,915664;"SPRF-DF";"DEL01-DF";"UOP01-DEL01-DF"
443038;2022-04-11;"segunda-feira";"21:00:00";"PE";232;179;"BELO JARDIM";"Ingestão de álcool pelo condutor";"Colisão frontal";"Com Vítimas Feridas";"Plena Noite";"Crescente";"Céu Claro";"Simples";"Interseção de Vias";"Sim";2;0;1;0;1;0;1;2;-8,34353242;-36,4199731;"SPRF-PE";"DEL02-PE";"UOP03-DEL02-PE"
443039;2022-04-11;"segunda-feira";"22:00:00";"SC";101;339,5;"TUBARAO";"Transitar na contramão";"Colisão frontal";"Sem Vítimas";"Plena Noite";"Decrescente";"Nublado";"Simples";"Reta";"Sim";2;0;0;0;2;0;0;2;-28,50740829;-49,04938638;"SPRF-SC";"DEL02-SC";"UOP01-DEL02-SC"
443041;2022-04-11;"segunda-feira";"23:30:00";"RS";290;88;"PORTO ALEGRE";"Condutor Dormindo";"Colisão traseira";"Sem Vítimas";"Plena Noite";"Crescente";"Céu Claro";"Múltipla";"Reta";"Não";3;0;0;0;2;1;0;3;-29,96743305;-51,13037109;"SPRF-RS";"DEL01-RS";"UOP01-DEL01-RS"
443042;2022-04-11;"segunda-feira";"18:35:00";"RO";364;340,8;"JI-PARANA";"Pedestre cruzava a pista fora da faixa";"Atropelamento de Pedestre";"Com Vítimas Feridas";"Anoitecer";"Decrescente";"Céu Claro";"Dupla";"Reta;Interseção de Vias";"Sim";2;0;0;1;1;0;1;2;-10,898802;-61,93046;"SPRF-RO";"DEL02-RO";"UOP01-DEL02-RO"
443043;2022-04-11;"segunda-feira";"23:45:00";"MG";40;672;"CARANDAI";"Animais na Pista";"Atropelamento de Animal";"Com Vítimas Feridas";"Plena Noite";"Decrescente";"Nublado";"Simples";"Reta";"Não";2;0;0;2;0;0;2;1;-20,99175051;-43,78012246;"SPRF-MG";"DEL05-MG";"UOP02-DEL05-MG"
443044;2022-04-11;"segunda-feira";"23:10:00";"MG";381;341;"BELA VISTA DE MINAS";"Ausência de reação do condutor";"Saída de leito carroçável";"Sem Vítimas";"Plena Noite";"Decrescente";"Nublado";"Dupla";"Curva;Aclive";"Sim";1;0;0;0;0;1;0;1;-19,84403064;-43,10352396;"SPRF-MG";"DEL03-MG";"UOP01-DEL03-MG"
443045;2022-04-11;"segunda-feira";"22:45:00";"SP";116;284,6;"ITAPECERICA DA SERRA";"Ausência de reação do condutor";"Colisão com objeto";"Com Vítimas Feridas";"Plena Noite";"Crescente";"Nublado";"Dupla";"Curva";"Sim";1;0;0;1;0;0;1;1;-23,69998;-46,867767;"SPRF-SP";"DEL04-SP";"UOP01-DEL04-SP"
443047;2022-04-11;"segunda-feira";"21:40:00";"PE";424;84,8;"GARANHUNS";"Ingestão de álcool pelo condutor";"Saída de leito carroçável";"Com Vítimas Feridas";"Plena Noite";"Decrescente";"Céu Claro";"Simples";"Curva";"Não";1;0;0;1;0;0;1;1;-8,84941934;-36,51641817;"SPRF-PE";"DEL03-PE";"UOP01-DEL03-PE"
443052;2022-04-11;"segunda-feira";"18:30:00";"BA";116;353;"SERRINHA";"Deficiência do Sistema de Iluminação/Sinalização";"Colisão traseira";"Com Vítimas Feridas";"Plena Noite";"Crescente";"Céu Claro";"Simples";"Reta;Aclive";"Não";3;0;2;0;1;0;2;2;-11,617913;-38,98287903;"SPRF-BA";"DEL02-BA";"UOP01-DEL02-BA"
443054;2022-04-12;"terça-feira";"04:25:00";"SP";116;230;"SAO PAULO";"Entrada inopinada do pedestre";"Atropelamento de Pedestre";"Com Vítimas Fatais";"Plena Noite";"Crescente";"Nublado";"Dupla";"Reta";"Sim";2;1;0;0;1;0;0;2;-23,52251783;-46,5855702;"SPRF-SP";"DEL01-SP";"UOP01-DEL01-SP"
443056;2022-04-12;"terça-feira";"04:36:00";"DF";70;12;"BRASILIA";"Ingestão de álcool e/ou substâncias psicoativas pelo pedestre";"Atropelamento de Pedestre";"Com Vítimas Feridas";"Plena Noite";"Decrescente";"Céu Claro";"Dupla";"Reta";"Não";2;0;2;0;0;0;2;2;-15,792243;-48,158543;"SPRF-DF";"DEL03-DF";"UOP02-DEL03-DF"
443057;2022-04-12;"terça-feira";"05:00:00";"BA";101;817;"ITAMARAJU";"Velocidade Incompatível";"Saída de leito carroçável";"Com Vítimas Feridas";"Pleno dia";"Crescente";"Céu Claro";"Simples";"Curva";"Não";3;0;3;0;0;0;3;1;-17,08497876;-39,57143962;"SPRF-BA";"DEL09-BA";"UOP02-DEL09-BA"
443058;2022-04-12;"terça-feira";"06:01:00";"SP";116;214,7;"GUARULHOS";"Manobra de mudança de faixa";"Colisão lateral mesmo sentido";"Com Vítimas Feridas";"Amanhecer";"Crescente";"Céu Claro";"Múltipla";"Reta";"Sim";3;0;2;0;1;0;2;2;-23,44333014;-46,44531294;"SPRF-SP";"DEL01-SP";"UOP01-DEL01-SP"
443061;2022-04-12;"terça-feira";"06:20:00";"RS";116;0;"PORTO ALEGRE";"Reação tardia ou ineficiente do condutor";"Saída de leito carroçável";"Com Vítimas Feridas";"Amanhecer";"Crescente";"Céu Claro";"Simples";"Reta";"Sim";2;0;2;0;0;0;2;1;-29,97725765;-51,17889762;"SPRF-RS";"DEL01-RS";"UOP01-DEL01-RS"
443062;2022-04-12;"terça-feira";"06:12:00";"SP";153;96,8;"JACI";"Afundamento ou ondulação no pavimento";"Tombamento";"Com Vítimas Feridas";"Amanhecer";"Crescente";"Nublado";"Simples";"Reta";"Não";1;0;1;0;0;0;1;1;-20,97759804;-49,61145294;"SPRF-SP";"DEL09-SP";"UOP01-DEL09-SP"
443064;2022-04-09;"sábado";"12:10:00";"SC";282;207;"LAGES";"Afundamento ou ondulação no pavimento";"Saída de leito carroçável";"Com Vítimas Feridas";"Pleno dia";"Decrescente";"Céu Claro";"Simples";"Rotatória";"Sim";1;0;1;0;0;0;1;1;-27,773464;-50,202095;"SPRF-SC";"DEL05-SC";"UOP01-DEL05-SC"
443065;2022-04-10;"domingo";"05:50:00";"SC";282;225;"LAGES";"Transitar na contramão";"Colisão frontal";"Com Vítimas Fatais";"Amanhecer";"Decrescente";"Céu Claro";"Simples";"Reta";"Não";4;3;0;1;0;0;1;2;-27,794176;-50,379559;"SPRF-SC";"DEL05-SC";"UOP02-DEL05-SC"
443067;2022-04-11;"segunda-feira";"06:50:00";"PE";316;59;"TRINDADE";"Acumulo de areia ou detritos sobre o pavimento";"Tombamento";"Com Vítimas Feridas";"Amanhecer";"Crescente";"Nublado";"Simples";"Reta";"Sim";2;0;1;0;0;1;1;1;-7,76160912;-40,26138334;"SPRF-PE";"DEL05-PE";"UOP02-DEL05-PE"
443068;2022-04-12;"terça-feira";"06:45:00";"RS";116;144,7;"CAXIAS DO SUL";"Condutor deixou de manter distância do veículo da frente";"Colisão traseira";"Com Vítimas Feridas";"Amanhecer";"Crescente";"Nublado";"Dupla";"Reta;Viaduto";"Sim";3;0;1;0;2;0;1;3;-29,1267449;-51,12768983;"SPRF-RS";"DEL05-RS";"UOP01-DEL05-RS"
443069;2022-04-08;"sexta-feira";"10:30:00";"GO";153;495;"GOIANIA";"Ausência de reação do condutor";"Colisão traseira";"Com Vítimas Feridas";"Pleno dia";"Crescente";"Sol";"Dupla";"Reta";"Sim";3;0;1;0;2;0;1;3;-16,6681;-49,2263;"SPRF-GO";"DEL01-GO";"UOP01-DEL01-GO"
443070;2022-04-09;"sábado";"19:00:00";"SC";163;0;"DIONISIO CERQUEIRA";"Acessar a via sem observar a presença dos outros veículos";"Colisão transversal";"Com Vítimas Feridas";"Plena Noite";"Crescente";"Céu Claro";"Simples";"Declive";"Sim";2;0;1;0;0;1;1;2;-26,2613;-53,6206;"SPRF-SC";"DEL07-SC";"UOP03-DEL07-SC"
443071;2022-04-12;"terça-feira";"06:55:00";"SP";116;280;"EMBU DAS ARTES";"Condutor deixou de manter distância do veículo da frente";"Colisão lateral mesmo sentido";"Com Vítimas Feridas";"Pleno dia";"Crescente";"Nublado";"Dupla";"Reta";"Sim";2;0;0;1;1;0;1;2;-23,66996108;-46,85590758;"SPRF-SP";"DEL04-SP";"UOP01-DEL04-SP"
443072;2022-04-12;"terça-feira";"06:20:00";"DF";60;28,6;"BRASILIA";"Animais na Pista";"Atropelamento de Animal";"Sem Vítimas";"Amanhecer";"Crescente";"Nublado";"Dupla";"Curva";"Não";2;0;0;0;2;0;0;1;-16,020638;-48,250832;"SPRF-DF";"DEL03-DF";"UOP01-DEL03-DF"
443073;2022-04-08;"sexta-feira";"18:00:00";"RN";110;48,9;"MOSSORO";"Acessar a via sem observar a presença dos outros veículos";"Colisão lateral sentido oposto";"Com Vítimas Feridas";"Plena Noite";"Crescente";"Céu Claro";"Simples";"Reta";"Sim";2;0;0;1;0;1;1;2;-5,20881178;-37,33285083;"SPRF-RN";"DEL04-RN";"UOP01-DEL04-RN"
443074;2022-04-12;"terça-feira";"07:00:00";"RS";386;435;"NOVA SANTA RITA";"Manobra de mudança de faixa";"Colisão lateral mesmo sentido";"Com Vítimas Feridas";"Pleno dia";"Decrescente";"Nublado";"Dupla";"Reta;Aclive";"Não";2;0;1;0;1;0;1;2;-29,84709298;-51,27371907;"SPRF-RS";"DEL04-RS";"UOP02-DEL04-RS"
443075;2022-04-12;"terça-feira";"06:00:00";"GO";50;151;"CAMPO ALEGRE DE GOIAS";"Acumulo de água sobre o pavimento";"Saída de leito carroçável";"Com Vítimas Feridas";"Amanhecer";"Crescente";"Céu Claro";"Dupla";"Reta";"Não";3;0;3;0;0;0;3;1;-17,1825;-47,7291;"SPRF-GO";"DEL06-GO";"UOP01-DEL06-GO"
443076;2022-04-12;"terça-feira";"06:30:00";"MG";40;686;"RESSAQUINHA";"Demais falhas mecânicas ou elétricas";"Incêndio";"Sem Vítimas";"Pleno dia";"Crescente";"Céu Claro";"Simples";"Reta";"Não";1;0;0;0;1;0;0;1;-21,07382701;-43,766731;"SPRF-MG";"DEL05-MG";"UOP02-DEL05-MG"
443077;2022-04-12;"terça-feira";"07:00:00";"BA";324;619;"SALVADOR";"Condutor deixou de manter distância do veículo da frente";"Engavetamento";"Com Vítimas Feridas";"Pleno dia";"Crescente";"Céu Claro";"Dupla";"Reta";"Sim";7;0;3;0;4;0;3;5;-12,89820999;-38,45012202;"SPRF-BA";"DEL01-BA";"UOP01-DEL01-BA"
443079;2022-04-11;"segunda-feira";"17:45:00";"RJ";101;575;"PARATY";"Acesso irregular";"Colisão transversal";"Com Vítimas Feridas";"Anoitecer";"Decrescente";"Nublado";"Simples";"Reta";"Sim";2;0;1;0;1;0;1;2;-23,21978585;-44,73466957;"SPRF-RJ";"DEL03-RJ";"UOP04-DEL03-RJ"
443082;2022-04-09;"sábado";"19:20:00";"PE";101;68,8;"RECIFE";"Ingestão de álcool e/ou substâncias psicoativas pelo pedestre";"Colisão traseira";"Com Vítimas Feridas";"Plena Noite";"Decrescente";"Céu Claro";"Múltipla";"Reta";"Sim";3;0;1;0;2;0;1;3;-8,057816;-34,946131;"SPRF-PE";"DEL01-PE";"UOP01-DEL01-PE"
443084;2022-04-12;"terça-feira";"07:20:00";"GO";20;6;"FORMOSA";"Obras na pista";"Colisão lateral mesmo sentido";"Sem Vítimas";"Pleno dia";"Crescente";"Garoa/Chuvisco";"Simples";"Declive";"Sim";2;0;0;0;2;0;0;2;-15,54921;-47,300228;"SPRF-DF";"DEL02-DF";"UOP01-DEL02-DF"
443085;2022-04-08;"sexta-feira";"23:50:00";"SP";381;61;"MAIRIPORA";"Pista Escorregadia";"Tombamento";"Com Vítimas Feridas";"Plena Noite";"Crescente";"Garoa/Chuvisco";"Simples";"Curva";"Não";1;0;1;0;0;0;1;1;-23,29011611;-46,5800681;"SPRF-SP";"DEL03-SP";"UOP01-DEL03-SP"
443089;2022-04-08;"sexta-feira";"13:30:00";"MT";163;379;"SANTO ANTONIO DO LEVERGER";"Reação tardia ou ineficiente do condutor";"Saída de leito carroçável";"Sem Vítimas";"Pleno dia";"Crescente";"Céu Claro";"Dupla";"Reta";"Não";4;0;0;0;4;0;0;1;-15,702637;-55,795331;"SPRF-MT";"DEL01-MT";"UOP02-DEL01-MT"
443090;2022-04-09;"sábado";"04:30:00";"GO";153;502,9;"GOIANIA";"Reação tardia ou ineficiente do condutor";"Queda de ocupante de veículo";"Com Vítimas Feridas";"Plena Noite";"Crescente";"Céu Claro";"Dupla";"Reta";"Sim";1;0;0;1;0;0;1;1;-16,7287;-49,2424;"SPRF-GO";"DEL01-GO";"UOP01-DEL01-GO"
443091;2022-04-08;"sexta-feira";"13:30:00";"RS";153;2;"CACHOEIRA DO SUL";"Ausência de sinalização";"Colisão transversal";"Com Vítimas Feridas";"Pleno dia";"Crescente";"Céu Claro";"Simples";"Interseção de Vias";"Sim";2;0;1;0;1;0;1;2;-30,00528568;-52,90745258;"SPRF-RS";"DEL02-RS";"UOP03-DEL02-RS"
443093;2022-04-09;"sábado";"06:30:00";"SC";470;23;"ILHOTA";"Ausência de reação do condutor";"Capotamento";"Com Vítimas Feridas";"Pleno dia";"Crescente";"Nublado";"Dupla";"Reta";"Não";1;0;0;1;0;0;1;1;-26,880913;-48,846237;"SPRF-SC";"DEL04-SC";"UOP04-DEL04-SC"
443094;2022-04-12;"terça-feira";"06:45:00";"MA";135;7,5;"SAO LUIS";"Ausência de reação do condutor";"Colisão traseira";"Com Vítimas Feridas";"Pleno dia";"Crescente";"Céu Claro";"Dupla";"Declive";"Sim";2;0;1;0;1;0;1;2;-2,63608835;-44,26848552;"SPRF-MA";"DEL01-MA";"UOP01-DEL01-MA"
443095;2022-04-08;"sexta-feira";"15:20:00";"RS";293;4,2;"PELOTAS";"Acessar a via sem observar a presença dos outros veículos";"Colisão lateral mesmo sentido";"Com Vítimas Feridas";"Pleno dia";"Crescente";"Céu Claro";"Simples";"Interseção de Vias";"Sim";2;0;1;0;1;0;1;2;-31,73357732;-52,37275615;"SPRF-RS";"DEL07-RS";"UOP01-DEL07-RS"
443096;2022-04-08;"sexta-feira";"18:15:00";"SP";381;46;"ATIBAIA";"Ausência de reação do condutor";"Tombamento";"Com Vítimas Feridas";"Plena Noite";"Crescente";"Garoa/Chuvisco";"Dupla";"Reta";"Sim";2;0;1;0;0;1;1;2;-23,18755586;-46,58353513;"SPRF-SP";"DEL03-SP";"UOP01-DEL03-SP"
443098;2022-04-12;"terça-feira";"08:20:00";"SP";116;222;"GUARULHOS";"Reação tardia ou ineficiente do condutor";"Colisão lateral mesmo sentido";"Com Vítimas Feridas";"Pleno dia";"Crescente";"Céu Claro";"Múltipla";"Reta";"Sim";2;0;1;0;1;0;1;2;-23,47093408;-46,51631097;"SPRF-SP";"DEL01-SP";"UOP01-DEL01-SP"