"id";"data_inversa";"dia_semana";"horario";"uf";"br";"km";"municipio";"causa_acidente";"tipo_acidente";"classificacao_acidente";"fase_dia";"sentido_via";"condicao_metereologica";"tipo_pista";"tracado_via";"uso_solo";"pessoas";"mortos";"feridos_leves";"feridos_graves";"ilesos";"ignorados";"feridos";"veiculos";"latitude";"longitude";"regional";"delegacia";"uop"
443099;2022-04-12;"terça-feira";"07:40:00";"PR";277;81;"CURITIBA";"Frear bruscamente";"Tombamento";"Com Vítimas Feridas";"Pleno dia";"Crescente";"Chuva";"Dupla";"Reta";"Sim";2;0;1;0;1;0;1;2;-25,46653987;-49,21522731;"SPRF-PR";"DEL01-PR";"UOP01-DEL01-PR"
443100;2022-04-12;"terça-feira";"06:45:00";"RS";116;236;"NOVO HAMBURGO";"Desrespeitar a preferência no cruzamento";"Colisão transversal";"Com Vítimas Feridas";"Pleno dia";"Crescente";"Nublado";"Dupla";"Interseção de Vias";"Sim";2;0;1;0;1;0;1;2;-29,66938502;-51,14304731;"SPRF-RS";"DEL01-RS";"UOP02-DEL01-RS"
443101;2022-04-08;"sexta-feira";"22:50:00";"PR";277;208;"PALMEIRA";"Reação tardia ou ineficiente do condutor";"Saída de leito carroçável";"Sem Vítimas";"Plena Noite";"Crescente";"Chuva";"Simples";"Reta";"Não";2;0;0;0;2;0;0;1;-25,47080418;-50,27704288;"SPRF-PR";"DEL03-PR";"UOP03-DEL03-PR"
443102;2022-04-12;"terça-feira";"07:50:00";"PR";376;197,7;"MARIALVA";"Manobra de mudança de faixa";"Colisão lateral mesmo sentido";"Com Vítimas Feridas";"Pleno dia";"Decrescente";"Céu Claro";"Múltipla";"Reta";"Sim";2;0;1;0;1;0;1;2;-23,50257988;-51,75323097;"SPRF-PR";"DEL09-PR";"UOP01-DEL09-PR"
443104;2022-04-12;"terça-feira";"08:05:00";"SC";116;236;"CORREIA PINTO";"Avarias e/ou desgaste excessivo no pneu";"Saída de leito carroçável";"Com Vítimas Feridas";"Pleno dia";"Crescente";"Nublado";"Simples";"Curva";"Não";2;0;2;0;0;0;2;1;-27,72262586;-50,33635139;"SPRF-SC";"DEL05-SC";"UOP01-DEL05-SC"
443105;2022-04-12;"terça-feira";"08:00:00";"PR";369;146;"LONDRINA";"Condutor deixou de manter distância do veículo da frente";"Colisão traseira";"Com Vítimas Feridas";"Pleno dia";"Crescente";"Nublado";"Dupla";"Reta";"Sim";2;0;0;2;0;0;2;2;-23,29356169;-51,11018479;"SPRF-PR";"DEL07-PR";"UOP01-DEL07-PR"
443108;2022-04-11;"segunda-feira";"17:30:00";"RO";364;424;"JARU";"Desrespeitar a preferência no cruzamento";"Colisão transversal";"Sem Vítimas";"Pleno dia";"Crescente";"Céu Claro";"Simples";"Interseção de Vias";"Sim";2;0;0;0;2;0;0;2;-10,44457274;-62,46568412;"SPRF-RO";"DEL03-RO";"UOP02-DEL03-RO"
443109;2022-04-12;"terça-feira";"08:30:00";"RJ";116;180;"NOVA IGUACU";"Trafegar com motocicleta (ou similar) entre as faixas";"Colisão lateral mesmo sentido";"Com Vítimas Feridas";"Pleno dia";"Decrescente";"Céu Claro";"Múltipla";"Reta";"Sim";2;0;1;0;1;0;1;2;-22,7651616;-43,4154728;"SPRF-RJ";"DEL01-RJ";"UOP02-DEL01-RJ"
443110;2022-04-08;"sexta-feira";"17:05:00";"SP";116;225;"GUARULHOS";"Ausência de reação do condutor";"Colisão lateral mesmo sentido";"Com Vítimas Feridas";"Pleno dia";"Decrescente";"Sol";"Múltipla";"Reta";"Sim";4;0;1;0;3;0;1;2;-23,48586772;-46,54075317;"SPRF-SP";"DEL01-SP";"UOP01-DEL01-SP"
443111;2022-04-08;"sexta-feira";"22:00:00";"SC";280;75;"JARAGUA DO SUL";"Ingestão de álcool e/ou substâncias psicoativas pelo pedestre";"Colisão frontal";"Sem Vítimas";"Plena Noite";"Crescente";"Nublado";"Simples";"Rotatória";"Sim";2;0;0;0;2;0;0;2;-26,45844636;-49,16794896;"SPRF-SC";"DEL03-SC";"UOP03-DEL03-SC"
443112;2022-04-08;"sexta-feira";"16:45:00";"PA";316;85;"SAO FRANCISCO DO PARA";"Acessar a via sem observar a presença dos outros veículos";"Colisão transversal";"Com Vítimas Feridas";"Pleno dia";"Decrescente";"Nublado";"Simples";"Declive";"Não";3;0;1;0;2;0;1;2;-1,311744;-47,735767;"SPRF-PA";"DEL01-PA";"UOP02-DEL01-PA"
443113;2022-04-09;"sábado";"08:10:00";"RN";427;9;"CURRAIS NOVOS";"Velocidade Incompatível";"Saída de leito carroçável";"Com Vítimas Feridas";"Pleno dia";"Decrescente";"Céu Claro";"Simples";"Curva";"Não";1;0;1;0;0;0;1;1;-6,32980703;-36,55287099;"SPRF-RN";"DEL03-RN";"UOP02-DEL03-RN"
443114;2022-04-08;"sexta-feira";"20:00:00";"SP";116;168;"JACAREI";"Ingestão de álcool pelo condutor";"Queda de ocupante de veículo";"Com Vítimas Feridas";"Plena Noite";"Crescente";"Chuva";"Dupla";"Reta";"Sim";1;0;1;0;0;0;1;1;-23,30545902;-46,03567599;"SPRF-SP";"DEL02-SP";"UOP01-DEL02-SP"
443115;2022-04-08;"sexta-feira";"18:10:00";"MG";356;268,5;"MURIAE";"Demais falhas mecânicas ou elétricas";"Saída de leito carroçável";"Com Vítimas Feridas";"Plena Noite";"Decrescente";"Nublado";"Simples";"Reta";"Sim";1;0;1;0;0;0;1;1;-21,12690881;-42,34244401;"SPRF-MG";"DEL07-MG";"UOP02-DEL07-MG"
443116;2022-04-08;"sexta-feira";"19:40:00";"PR";376;619;"SAO JOSE DOS PINHAIS";"Ausência de reação do condutor";"Colisão traseira";"Sem Vítimas";"Plena Noite";"Crescente";"Chuva";"Simples";"Reta";"Sim";2;0;0;0;2;0;0;2;-25,60034699;-49,17355691;"SPRF-PR";"DEL01-PR";"UOP04-DEL01-PR"
443118;2022-04-09;"sábado";"05:25:00";"PR";163;85,2;"CAPANEMA";"Velocidade Incompatível";"Saída de leito carroçável";"Com Vítimas Feridas";"Plena Noite";"Decrescente";"Nevoeiro/Neblina";"Simples";"Reta;Declive";"Não";1;0;0;1;0;0;1;1;-25,693754;-53,780133;"SPRF-PR";"DEL02-PR";"UOP02-DEL02-PR"
443120;2022-04-08;"sexta-feira";"18:50:00";"SP";116;157;"SAO JOSE DOS CAMPOS";"Acessar a via sem observar a presença dos outros veículos";"Colisão lateral mesmo sentido";"Com Vítimas Feridas";"Plena Noite";"Decrescente";"Chuva";"Dupla";"Aclive";"Sim";2;0;1;0;1;0;1;2;-23,25558031;-45,9437828;"SPRF-SP";"DEL02-SP";"UOP01-DEL02-SP"
443121;2022-04-09;"sábado";"06:35:00";"SP";116;149,8;"SAO JOSE DOS CAMPOS";"Reação tardia ou ineficiente do condutor";"Saída de leito carroçável";"Com Vítimas Feridas";"Pleno dia";"Decrescente";"Nublado";"Dupla";"Reta";"Sim";2;0;2;0;0;0;2;1;-23,20700047;-45,88626861;"SPRF-SP";"DEL02-SP";"UOP01-DEL02-SP"
443122;2022-04-12;"terça-feira";"10:00:00";"SP";116;218;"GUARULHOS";"Ausência de reação do condutor";"Colisão lateral mesmo sentido";"Com Vítimas Feridas";"Pleno dia";"Crescente";"Céu Claro";"Múltipla";"Reta";"Sim";3;0;2;0;1;0;2;2;-23,457972;-46,479927;"SPRF-SP";"DEL01-SP";"UOP01-DEL01-SP"
443123;2022-04-12;"terça-feira";"09:45:00";"SC";101;207,5;"SAO JOSE";"Chuva";"Queda de ocupante de veículo";"Com Vítimas Feridas";"Pleno dia";"Decrescente";"Chuva";"Múltipla";"Reta;Declive";"Sim";1;0;1;0;0;0;1;1;-27,60001226;-48,6226467;"SPRF-SC";"DEL01-SC";"UOP01-DEL01-SC"
443124;2022-04-12;"terça-feira";"10:15:00";"RJ";116;177;"NOVA IGUACU";"Problema com o freio";"Colisão traseira";"Com Vítimas Feridas";"Pleno dia";"Crescente";"Céu Claro";"Dupla";"Reta";"Sim";4;0;2;0;2;0;2;2;-22,75940322;-43,42758179;"SPRF-RJ";"DEL01-RJ";"UOP02-DEL01-RJ"
443132;2022-04-10;"domingo";"06:30:00";"MG";50;180;"UBERABA";"Velocidade Incompatível";"Colisão com objeto";"Com Vítimas Feridas";"Pleno dia";"Decrescente";"Céu Claro";"Simples";"Rotatória";"Sim";2;0;1;0;0;1;1;2;-19,77848216;-47,92194709;"SPRF-MG";"DEL13-MG";"UOP01-DEL13-MG"
443133;2022-04-12;"terça-feira";"09:20:00";"RR";174;503;"BOA VISTA";"Entrada inopinada do pedestre";"Atropelamento de Pedestre";"Com Vítimas Feridas";"Pleno dia";"Decrescente";"Nublado";"Dupla";"Reta";"Sim";2;0;2;0;0;0;2;2;2,81615367;-60,69337076;"SPRF-RR";"DEL01-RR";"UOP01-DEL01-RR"
443134;2022-04-08;"sexta-feira";"19:15:00";"SP";116;394;"MIRACATU";"Pedestre cruzava a pista fora da faixa";"Atropelamento de Pedestre";"Com Vítimas Fatais";"Plena Noite";"Decrescente";"Nublado";"Dupla";"Reta";"Sim";2;1;0;0;1;0;0;2;-24,28717454;-47,45143994;"SPRF-SP";"DEL04-SP";"UOP02-DEL04-SP"
443136;2022-04-09;"sábado";"14:30:00";"SC";101;203,2;"SAO JOSE";"Desrespeitar a preferência no cruzamento";"Colisão transversal";"Com Vítimas Feridas";"Pleno dia";"Crescente";"Céu Claro";"Múltipla";"Interseção de Vias";"Sim";3;0;1;0;2;0;1;2;-27,56593203;-48,61471653;"SPRF-SC";"DEL01-SC";"UOP01-DEL01-SC"
443138;2022-04-08;"sexta-feira";"23:40:00";"PR";277;79;"CURITIBA";"Manobra de mudança de faixa";"Saída de leito carroçável";"Com Vítimas Feridas";"Plena Noite";"Decrescente";"Nevoeiro/Neblina";"Dupla";"Curva";"Sim";1;0;1;0;0;0;1;1;-25,477285;-49,205431;"SPRF-PR";"DEL01-PR";"UOP01-DEL01-PR"
443139;2022-04-12;"terça-feira";"08:50:00";"PR";376;102,5;"PARANAVAI";"Acumulo de água sobre o pavimento";"Saída de leito carroçável";"Com Vítimas Feridas";"Pleno dia";"Crescente";"Chuva";"Dupla";"Reta;Aclive";"Não";3;0;3;0;0;0;3;2;-23,04236824;-52,4724412;"SPRF-PR";"DEL09-PR";"UOP02-DEL09-PR"
443141;2022-04-09;"sábado";"06:50:00";"MG";50;56;"UBERLANDIA";"Ingestão de álcool pelo condutor";"Saída de leito carroçável";"Com Vítimas Feridas";"Pleno dia";"Crescente";"Céu Claro";"Dupla";"Curva;Aclive";"Não";1;0;1;0;0;0;1;1;-18,78116115;-48,23825717;"SPRF-MG";"DEL15-MG";"UOP02-DEL15-MG"
443143;2022-04-09;"sábado";"15:00:00";"SC";101;214;"PALHOCA";"Manobra de mudança de faixa";"Tombamento";"Com Vítimas Feridas";"Pleno dia";"Crescente";"Sol";"Múltipla";"Reta";"Não";2;0;0;1;0;1;1;2;-27,64443;-48,67057;"SPRF-SC";"DEL01-SC";"UOP02-DEL01-SC"
443144;2022-04-12;"terça-feira";"06:40:00";"RO";435;122,1;"CEREJEIRAS";"Acessar a via sem observar a presença dos outros veículos";"Colisão transversal";"Com Vítimas Feridas";"Pleno dia";"Decrescente";"Céu Claro";"Dupla";"Interseção de Vias";"Sim";2;0;1;0;1;0;1;2;-13,189001;-60,811072;"SPRF-RO";"DEL04-RO";"UOP02-DEL04-RO"
443145;2022-03-19;"sábado";"11:30:00";"MG";40;803;"MATIAS BARBOSA";"Mal súbito do condutor";"Colisão lateral mesmo sentido";"Com Vítimas Feridas";"Pleno dia";"Decrescente";"Céu Claro";"Dupla";"Reta";"Não";2;0;1;1;0;0;2;2;-21,85624119;-43,3778429;"SPRF-MG";"DEL05-MG";"UOP01-DEL05-MG"
443148;2022-04-12;"terça-feira";"10:50:00";"PE";101;80,5;"JABOATAO DOS GUARARAPES";"Manobra de mudança de faixa";"Colisão lateral mesmo sentido";"Sem Vítimas";"Pleno dia";"Crescente";"Sol";"Dupla";"Reta";"Não";1;0;0;0;1;0;0;1;-8,15112589;-34,9428866;"SPRF-PE";"DEL01-PE";"UOP01-DEL01-PE"
443149;2022-04-12;"terça-feira";"11:50:00";"DF";70;17;"BRASILIA";"Manobra de mudança de faixa";"Colisão com objeto";"Com Vítimas Feridas";"Pleno dia";"Crescente";"Céu Claro";"Dupla";"Reta";"Sim";2;0;1;0;1;0;1;1;-15,794133;-48,202095;"SPRF-DF";"DEL03-DF";"UOP02-DEL03-DF"
443152;2022-04-12;"terça-feira";"10:49:00";"GO";50;151;"CAMPO ALEGRE DE GOIAS";"Reação tardia ou ineficiente do condutor";"Saída de leito carroçável";"Com Vítimas Feridas";"Pleno dia";"Decrescente";"Céu Claro";"Dupla";"Reta";"Não";2;0;1;0;1;0;1;1;-17,1825;-47,7291;"SPRF-GO";"DEL06-GO";"UOP01-DEL06-GO"
443155;2022-04-08;"sexta-feira";"20:30:00";"PA";316;34;"SANTA IZABEL DO PARA";"Acessar a via sem observar a presença dos outros veículos";"Colisão transversal";"Com Vítimas Feridas";"Plena Noite";"Crescente";"Nublado";"Dupla";"Retorno Regulamentado";"Sim";2;0;0;1;1;0;1;2;-1,29444763;-48,17249938;"SPRF-PA";"DEL01-PA";"UOP01-DEL01-PA"
443156;2022-04-12;"terça-feira";"11:30:00";"PR";277;339;"GUARAPUAVA";"Reação tardia ou ineficiente do condutor";"Colisão traseira";"Com Vítimas Feridas";"Pleno dia";"Crescente";"Nublado";"Dupla";"Interseção de Vias";"Não";4;0;2;0;2;0;2;2;-25,34632226;-51,38590684;"SPRF-PR";"DEL08-PR";"UOP01-DEL08-PR"
443157;2022-04-12;"terça-feira";"11:30:00";"PR";116;51;"CAMPINA GRANDE DO SUL";"Chuva";"Capotamento";"Com Vítimas Feridas";"Pleno dia";"Decrescente";"Chuva";"Dupla";"Curva";"Não";1;0;0;1;0;0;1;1;-25,24249703;-48,90292205;"SPRF-PR";"DEL01-PR";"UOP02-DEL01-PR"
443158;2022-04-12;"terça-feira";"09:15:00";"SC";116;1,9;"MAFRA";"Velocidade Incompatível";"Colisão traseira";"Com Vítimas Feridas";"Pleno dia";"Decrescente";"Nublado";"Simples";"Reta";"Sim";3;0;1;0;2;0;1;2;-26,1170929;-49,78694917;"SPRF-SC";"DEL06-SC";"UOP01-DEL06-SC"
443159;2022-04-08;"sexta-feira";"18:00:00";"MG";116;383;"MATHIAS LOBATO";"Ausência de reação do condutor";"Saída de leito carroçável";"Com Vítimas Fatais";"Pleno dia";"Decrescente";"Céu Claro";"Simples";"Reta";"Não";1;1;0;0;0;0;0;1;-18,64685297;-41,96253602;"SPRF-MG";"DEL06-MG";"UOP01-DEL06-MG"
443160;2022-04-12;"terça-feira";"12:50:00";"ES";259;44;"COLATINA";"Condutor Dormindo";"Colisão com objeto";"Com Vítimas Feridas";"Pleno dia";"Decrescente";"Sol";"Simples";"Reta";"Não";1;0;1;0;0;0;1;1;-19,54162011;-40,56859824;"SPRF-ES";"DEL02-ES";"UOP01-DEL02-ES"
443161;2022-04-09;"sábado";"07:00:00";"SC";116;264;"CAPAO ALTO";"Velocidade Incompatível";"Saída de leito carroçável";"Com Vítimas Feridas";"Amanhecer";"Decrescente";"Céu Claro";"Simples";"Reta";"Não";1;0;1;0;0;0;1;1;-27,93262143;-50,46174687;"SPRF-SC";"DEL05-SC";"UOP02-DEL05-SC"
443165;2022-02-14;"segunda-feira";"02:30:00";"ES";101;159;"LINHARES";"Demais falhas mecânicas ou elétricas";"Incêndio";"Sem Vítimas";"Plena Noite";"Crescente";"Nublado";"Simples";"Reta";"Sim";1;0;0;0;0;1;0;1;-19,4684012;-40,1102557;"SPRF-ES";"DEL04-ES";"UOP01-DEL04-ES"
443166;2022-04-12;"terça-feira";"10:00:00";"BA";235;231;"UAUA";"Velocidade Incompatível";"Colisão lateral mesmo sentido";"Com Vítimas Fatais";"Pleno dia";"Crescente";"Céu Claro";"Simples";"Reta";"Não";2;1;1;0;0;0;1;2;-9,84242552;-39,47179556;"SPRF-BA";"DEL07-BA";"UOP01-DEL07-BA"
443168;2022-04-12;"terça-feira";"11:00:00";"PR";277;263;"IRATI";"Condutor Dormindo";"Saída de leito carroçável";"Com Vítimas Feridas";"Pleno dia";"Decrescente";"Nublado";"Simples";"Reta";"Não";4;0;3;0;1;0;3;1;-25,41505082;-50,76881088;"SPRF-PR";"DEL03-PR";"UOP03-DEL03-PR"
443170;2022-03-01;"terça-feira";"18:45:00";"PA";230;97;"SAO JOAO DO ARAGUAIA";"Ausência de reação do condutor";"Tombamento";"Com Vítimas Feridas";"Plena Noite";"Decrescente";"Céu Claro";"Simples";"Reta";"Não";2;0;2;0;0;0;2;1;-5,4262782;-48,93097625;"SPRF-PA";"DEL03-PA";"UOP01-DEL03-PA"
443171;2022-04-09;"sábado";"04:50:00";"BA";116;414,7;"FEIRA DE SANTANA";"Acessar a via sem observar a presença dos outros veículos";"Colisão transversal";"Com Vítimas Feridas";"Amanhecer";"Crescente";"Céu Claro";"Dupla";"Retorno Regulamentado";"Não";2;0;1;0;0;1;1;2;-12,1587215;-38,9651872;"SPRF-BA";"DEL02-BA";"UOP01-DEL02-BA"
443172;2022-04-09;"sábado";"05:30:00";"SC";282;213,5;"LAGES";"Ingestão de álcool pelo condutor";"Saída de leito carroçável";"Sem Vítimas";"Plena Noite";"Crescente";"Garoa/Chuvisco";"Simples";"Reta";"Sim";1;0;0;0;0;1;0;1;-27,78631495;-50,26459694;"SPRF-SC";"DEL05-SC";"UOP01-DEL05-SC"
443173;2022-04-09;"sábado";"12:20:00";"GO";50;101;"CRISTALINA";"Reação tardia ou ineficiente do condutor";"Colisão lateral mesmo sentido";"Com Vítimas Feridas";"Pleno dia";"Crescente";"Céu Claro";"Dupla";"Reta";"Sim";2;0;1;0;1;0;1;2;-16,9309;-47,7117;"SPRF-DF";"DEL01-DF";"UOP02-DEL01-DF"
443174;2022-04-12;"terça-feira";"09:45:00";"PE";101;85;"JABOATAO DOS GUARARAPES";"Ausência de reação do condutor";"Tombamento";"Com Vítimas Feridas";"Pleno dia";"Crescente";"Nublado";"Dupla";"Reta";"Não";1;0;1;0;0;0;1;1;-8,18065563;-34,95965322;"SPRF-PE";"DEL01-PE";"UOP01-DEL01-PE"
443176;2022-04-12;"terça-feira";"13:45:00";"RJ";116;177;"NOVA IGUACU";"Manobra de mudança de faixa";"Colisão lateral mesmo sentido";"Com Vítimas Feridas";"Pleno dia";"Crescente";"Céu Claro";"Dupla";"Reta";"Sim";3;0;1;0;2;0;1;2;-22,78055198;-43,39208599;"SPRF-RJ";"DEL01-RJ";"UOP02-DEL01-RJ"
443179;2022-04-12;"terça-feira";"13:40:00";"PE";101;72,3;"RECIFE";"Mal súbito do condutor";"Colisão traseira";"Com Vítimas Feridas";"Pleno dia";"Crescente";"Céu Claro";"Dupla";"Reta";"Sim";2;0;1;0;1;0;1;2;-8,08493106;-34,9450639;"SPRF-PE";"DEL01-PE";"UOP01-DEL01-PE"
443181;2022-04-05;"terça-feira";"12:10:00";"PR";369;142,9;"IBIPORA";"Ausência de reação do condutor";"Colisão traseira";"Com Vítimas Feridas";"Pleno dia";"Crescente";"Céu Claro";"Simples";"Reta";"Sim";4;0;2;0;1;1;2;3;-23,292583;-51,092022;"SPRF-PR";"DEL07-PR";"UOP01-DEL07-PR"
443182;2022-02-11;"sexta-feira";"07:30:00";"PR";369;187,7;"ARAPONGAS";"Ultrapassagem Indevida";"Colisão transversal";"Com Vítimas Feridas";"Pleno dia";"Decrescente";"Céu Claro";"Simples";"Reta";"Sim";2;0;0;1;1;0;1;2;-23,429245;-51,422884;"SPRF-PR";"DEL07-PR";"UOP02-DEL07-PR"
443183;2022-04-12;"terça-feira";"12:00:00";"RS";290;99,9;"PORTO ALEGRE";"Reação tardia ou ineficiente do condutor";"Colisão traseira";"Com Vítimas Fatais";"Pleno dia";"Crescente";"Nublado";"Dupla";"Ponte";"Não";6;2;1;2;0;1;3;3;-29,98809593;-51,23783112;"SPRF-RS";"DEL01-RS";"UOP01-DEL01-RS"
443184;2022-04-09;"sábado";"23:20:00";"PE";101;70,4;"RECIFE";"Acessar a via sem observar a presença dos outros veículos";"Colisão transversal";"Sem Vítimas";"Plena Noite";"Crescente";"Céu Claro";"Dupla";"Reta";"Não";2;0;0;0;1;1;0;2;-8,06776119;-34,94265074;"SPRF-PE";"DEL01-PE";"UOP01-DEL01-PE"
443187;2022-04-12;"terça-feira";"14:20:00";"RJ";116;236;"PIRAI";"Ultrapassagem Indevida";"Colisão com objeto";"Com Vítimas Feridas";"Pleno dia";"Crescente";"Céu Claro";"Dupla";"Curva";"Não";1;0;1;0;0;0;1;1;-22,63560678;-43,90177673;"SPRF-RJ";"DEL07-RJ";"UOP01-DEL07-RJ"
443188;2022-02-16;"quarta-feira";"07:40:00";"PR";153;15,6;"JACAREZINHO";"Demais falhas mecânicas ou elétricas";"Saída de leito carroçável";"Com Vítimas Feridas";"Pleno dia";"Crescente";"Céu Claro";"Simples";"Declive;Curva";"Não";1;0;1;0;0;0;1;1;-23,1259159;-49,94414806;"SPRF-PR";"DEL07-PR";"UOP04-DEL07-PR"
443189;2022-04-12;"terça-feira";"15:00:00";"CE";116;20;"EUSEBIO";"Condutor deixou de manter distância do veículo da frente";"Colisão traseira";"Sem Vítimas";"Pleno dia";"Decrescente";"Céu Claro";"Dupla";"Reta";"Sim";3;0;0;0;3;0;0;3;-3,92277497;-38,50762327;"SPRF-CE";"DEL01-CE";"UOP02-DEL01-CE"
443190;2022-04-09;"sábado";"06:20:00";"RS";158;563;"SANTANA DO LIVRAMENTO";"Demais falhas mecânicas ou elétricas";"Incêndio";"Sem Vítimas";"Amanhecer";"Crescente";"Nublado";"Simples";"Interseção de Vias";"Sim";1;0;0;0;1;0;0;1;-30,8547642;-55,4965204;"SPRF-RS";"DEL11-RS";"UOP01-DEL11-RS"
443191;2022-04-12;"terça-feira";"09:20:00";"MT";163;637,4;"NOVA MUTUM";"Ausência de reação do condutor";"Queda de ocupante de veículo";"Com Vítimas Feridas";"Pleno dia";"Crescente";"Céu Claro";"Simples";"Reta";"Não";1;0;1;0;0;0;1;1;-13,58448702;-56,03038875;"SPRF-MT";"DEL01-MT";"UOP01-DEL01-MT"
443192;2022-04-12;"terça-feira";"14:30:00";"SC";282;207;"LAGES";"Ausência de reação do condutor";"Colisão com objeto";"Com Vítimas Feridas";"Pleno dia";"Crescente";"Nublado";"Simples";"Reta";"Sim";2;0;2;0;0;0;2;1;-27,773464;-50,202095;"SPRF-SC";"DEL05-SC";"UOP01-DEL05-SC"
443193;2022-04-12;"terça-feira";"14:40:00";"PR";277;731;"FOZ DO IGUACU";"Trafegar com motocicleta (ou similar) entre as faixas";"Colisão com objeto";"Com Vítimas Feridas";"Pleno dia";"Crescente";"Chuva";"Simples";"Ponte";"Sim";1;0;1;0;0;0;1;1;-25,50826305;-54,59238593;"SPRF-PR";"DEL05-PR";"UOP03-DEL05-PR"
443194;2022-04-10;"domingo";"02:50:00";"SC";101;325,5;"CAPIVARI DE BAIXO";"Chuva";"Colisão traseira";"Com Vítimas Feridas";"Plena Noite";"Crescente";"Chuva";"Múltipla";"Reta";"Sim";3;0;0;2;1;0;2;2;-28,42516271;-48,93259193;"SPRF-SC";"DEL02-SC";"UOP01-DEL02-SC"
443198;2022-04-12;"terça-feira";"15:00:00";"RJ";116;181;"NOVA IGUACU";"Condutor deixou de manter distância do veículo da frente";"Colisão traseira";"Com Vítimas Feridas";"Pleno dia";"Decrescente";"Céu Claro";"Dupla";"Reta";"Sim";2;0;1;0;1;0;1;2;-22,73945655;-43,4759903;"SPRF-RJ";"DEL01-RJ";"UOP02-DEL01-RJ"
443200;2022-04-08;"sexta-feira";"19:40:00";"SP";116;125;"CACAPAVA";"Velocidade Incompatível";"Colisão com objeto";"Com Vítimas Feridas";"Plena Noite";"Decrescente";"Chuva";"Simples";"Retorno Regulamentado";"Não";2;0;1;0;1;0;1;1;-23,09872598;-45,68608201;"SPRF-SP";"DEL02-SP";"UOP02-DEL02-SP"
443201;2022-03-27;"domingo";"16:30:00";"MG";40;514;"CONTAGEM";"Condutor deixou de manter distância do veículo da frente";"Colisão traseira";"Sem Vítimas";"Pleno dia";"Crescente";"Céu Claro";"Dupla";"Reta";"Sim";1;0;0;0;0;1;0;1;-19,80151928;-44,10000333;"SPRF-MG";"DEL01-MG";"UOP02-DEL01-MG"
443204;2022-04-12;"terça-feira";"15:30:00";"RJ";101;55;"CAMPOS DOS GOYTACAZES";"Reação tardia ou ineficiente do condutor";"Queda de ocupante de veículo";"Com Vítimas Feridas";"Pleno dia";"Decrescente";"Céu Claro";"Simples";"Reta";"Sim";1;0;1;0;0;0;1;1;-21,67827099;-41,31079872;"SPRF-RJ";"DEL08-RJ";"UOP01-DEL08-RJ"
443205;2022-04-12;"terça-feira";"15:45:00";"PR";277;14;"PARANAGUA";"Reação tardia ou ineficiente do condutor";"Saída de leito carroçável";"Com Vítimas Feridas";"Pleno dia";"Decrescente";"Céu Claro";"Dupla";"Reta";"Não";1;0;0;1;0;0;1;1;-25,568198;-48,615292;"SPRF-PR";"DEL01-PR";"UOP05-DEL01-PR"
443207;2022-04-12;"terça-feira";"14:00:00";"BA";101;571;"ARATACA";"Ultrapassagem Indevida";"Colisão frontal";"Com Vítimas Feridas";"Pleno dia";"Crescente";"Céu Claro";"Simples";"Reta";"Não";3;0;2;0;1;0;2;2;-15,282923;-39,476452;"SPRF-BA";"DEL05-BA";"UOP02-DEL05-BA"
443209;2022-04-12;"terça-feira";"16:15:00";"RS";386;74,8;"BOA VISTA DAS MISSOES";"Desrespeitar a preferência no cruzamento";"Colisão transversal";"Com Vítimas Feridas";"Pleno dia";"Crescente";"Nublado";"Simples";"Interseção de Vias";"Sim";4;0;3;0;1;0;3;2;-27,68644459;-53,30766505;"SPRF-RS";"DEL08-RS";"UOP02-DEL08-RS"
443210;2022-04-08;"sexta-feira";"18:30:00";"SC";280;181;"MAFRA";"Velocidade Incompatível";"Saída de leito carroçável";"Sem Vítimas";"Plena Noite";"Crescente";"Chuva";"Simples";"Declive;Reta";"Não";1;0;0;0;1;0;0;1;-26,17201114;-49,89655396;"SPRF-SC";"DEL06-SC";"UOP01-DEL06-SC"
443212;2022-04-09;"sábado";"23:45:00";"SC";101;107;"PENHA";"Ingestão de álcool pelo condutor";"Saída de leito carroçável";"Sem Vítimas";"Plena Noite";"Crescente";"Céu Claro";"Dupla";"Reta";"Não";1;0;0;0;1;0;0;1;-26,81930608;-48,68390282;"SPRF-SC";"DEL03-SC";"UOP02-DEL03-SC"
443213;2022-04-12;"terça-feira";"15:00:00";"RJ";116;182;"NOVA IGUACU";"Trafegar com motocicleta (ou similar) entre as faixas";"Colisão traseira";"Com Vítimas Feridas";"Pleno dia";"Decrescente";"Céu Claro";"Dupla";"Reta";"Sim";3;0;2;0;1;0;2;2;-22,73819;-43,48182678;"SPRF-RJ";"DEL01-RJ";"UOP02-DEL01-RJ"
443214;2022-02-13;"domingo";"10:15:00";"PA";230;116,7;"MARABA";"Semáforo com defeito";"Colisão transversal";"Com Vítimas Feridas";"Pleno dia";"Crescente";"Nublado";"Dupla";"Interseção de Vias";"Sim";3;0;1;1;0;1;2;2;-5,3503381;-49,10226703;"SPRF-PA";"DEL03-PA";"UOP01-DEL03-PA"
443215;2022-04-09;"sábado";"23:40:00";"PR";369;148;"LONDRINA";"Ingestão de substâncias psicoativas pelo condutor";"Colisão traseira";"Sem Vítimas";"Plena Noite";"Decrescente";"Céu Claro";"Dupla";"Reta";"Sim";2;0;0;0;2;0;0;2;-23,29294379;-51,14288092;"SPRF-PR";"DEL07-PR";"UOP01-DEL07-PR"