"id";"data_inversa";"dia_semana";"horario";"uf";"br";"km";"municipio";"causa_acidente";"tipo_acidente";"classificacao_acidente";"fase_dia";"sentido_via";"condicao_metereologica";"tipo_pista";"tracado_via";"uso_solo";"pessoas";"mortos";"feridos_leves";"feridos_graves";"ilesos";"ignorados";"feridos";"veiculos";"latitude";"longitude";"regional";"delegacia";"uop"
443218;2022-04-12;"terça-feira";"09:05:00";"GO";153;670;"GOIATUBA";"Reação tardia ou ineficiente do condutor";"Saída de leito carroçável";"Com Vítimas Feridas";"Pleno dia";"Crescente";"Céu Claro";"Dupla";"Declive";"Não";1;0;1;0;0;0;1;1;-18,1413;-49,2886;"SPRF-GO";"DEL03-GO";"UOP02-DEL03-GO"
443219;2022-04-12;"terça-feira";"16:45:00";"ES";101;251;"SERRA";"Acessar a via sem observar a presença dos outros veículos";"Colisão transversal";"Com Vítimas Feridas";"Pleno dia";"Crescente";"Céu Claro";"Simples";"Reta";"Não";2;0;1;0;0;1;1;2;-20,0879949;-40,34351677;"SPRF-ES";"DEL02-ES";"UOP01-DEL02-ES"
443220;2022-02-13;"domingo";"03:00:00";"PR";116;126;"FAZENDA RIO GRANDE";"Velocidade Incompatível";"Capotamento";"Sem Vítimas";"Plena Noite";"Crescente";"Céu Claro";"Dupla";"Reta";"Sim";1;0;0;0;0;1;0;1;-25,59505309;-49,31630659;"SPRF-PR";"DEL01-PR";"UOP03-DEL01-PR"
443221;2022-03-09;"quarta-feira";"05:30:00";"PA";153;64;"SAO DOMINGOS DO ARAGUAIA";"Manobra de mudança de faixa";"Colisão frontal";"Com Vítimas Feridas";"Amanhecer";"Crescente";"Céu Claro";"Simples";"Curva";"Não";2;0;1;0;1;0;1;2;-5,681427;-48,698887;"SPRF-PA";"DEL03-PA";"UOP01-DEL03-PA"
443224;2022-04-09;"sábado";"01:30:00";"MG";116;661,1;"FERVEDOURO";"Condutor Dormindo";"Saída de leito carroçável";"Com Vítimas Feridas";"Plena Noite";"Decrescente";"Nublado";"Simples";"Curva";"Não";6;0;6;0;0;0;6;1;-20,79372285;-42,30204025;"SPRF-MG";"DEL07-MG";"UOP03-DEL07-MG"
443226;2022-04-12;"terça-feira";"15:25:00";"MS";267;30,2;"BATAGUASSU";"Condutor deixou de manter distância do veículo da frente";"Tombamento";"Com Vítimas Feridas";"Pleno dia";"Decrescente";"Nublado";"Dupla";"Reta";"Sim";1;0;0;1;0;0;1;1;-21,72165451;-52,43258025;"SPRF-MS";"DEL02-MS";"UOP04-DEL02-MS"
443228;2022-04-09;"sábado";"00:35:00";"PR";116;14;"COLOMBO";"Reação tardia ou ineficiente do condutor";"Saída de leito carroçável";"Sem Vítimas";"Plena Noite";"Crescente";"Nublado";"Dupla";"Reta";"Sim";1;0;0;0;0;1;0;1;-25,37942859;-49,15804809;"SPRF-PR";"DEL01-PR";"UOP02-DEL01-PR"
443229;2022-04-10;"domingo";"02:40:00";"GO";20;161,1;"ALVORADA DO NORTE";"Ingestão de álcool pelo condutor";"Colisão frontal";"Com Vítimas Fatais";"Pleno dia";"Crescente";"Céu Claro";"Simples";"Reta";"Não";2;1;0;0;1;0;0;2;-14,61049;-46,605427;"SPRF-DF";"DEL02-DF";"UOP03-DEL02-DF"
443231;2022-04-12;"terça-feira";"17:00:00";"BA";324;582;"CANDEIAS";"Manobra de mudança de faixa";"Capotamento";"Com Vítimas Feridas";"Anoitecer";"Crescente";"Céu Claro";"Dupla";"Reta";"Não";4;0;4;0;0;0;4;1;-12,60856603;-38,49390902;"SPRF-BA";"DEL01-BA";"UOP01-DEL01-BA"
443232;2022-04-12;"terça-feira";"17:00:00";"PE";408;65,5;"CARPINA";"Acessar a via sem observar a presença dos outros veículos";"Atropelamento de Pedestre";"Com Vítimas Feridas";"Anoitecer";"Decrescente";"Céu Claro";"Múltipla";"Reta";"Sim";3;0;0;1;1;1;1;2;-7,85059029;-35,23198016;"SPRF-PE";"DEL01-PE";"UOP01-DEL01-PE"
443233;2022-04-12;"terça-feira";"15:50:00";"MT";364;436;"VARZEA GRANDE";"Acessar a via sem observar a presença dos outros veículos";"Colisão transversal";"Com Vítimas Fatais";"Pleno dia";"Crescente";"Sol";"Simples";"Reta";"Sim";3;1;1;0;1;0;1;2;-15,639153;-56,202916;"SPRF-MT";"DEL01-MT";"UOP02-DEL01-MT"
443235;2022-04-12;"terça-feira";"17:50:00";"DF";20;27;"BRASILIA";"Acessar a via sem observar a presença dos outros veículos";"Colisão traseira";"Com Vítimas Fatais";"Anoitecer";"Crescente";"Céu Claro";"Dupla";"Aclive";"Não";3;1;0;0;2;0;0;2;-15,597054;-47,631065;"SPRF-DF";"DEL02-DF";"UOP01-DEL02-DF"
443236;2022-04-12;"terça-feira";"15:30:00";"SC";101;96,7;"BALNEARIO PICARRAS";"Reação tardia ou ineficiente do condutor";"Colisão com objeto";"Com Vítimas Feridas";"Pleno dia";"Crescente";"Garoa/Chuvisco";"Dupla";"Reta";"Não";2;0;2;0;0;0;2;1;-26,718427;-48,70233;"SPRF-SC";"DEL03-SC";"UOP02-DEL03-SC"
443237;2022-04-12;"terça-feira";"17:00:00";"SP";116;148,2;"SAO JOSE DOS CAMPOS";"Trafegar com motocicleta (ou similar) entre as faixas";"Colisão traseira";"Com Vítimas Fatais";"Anoitecer";"Decrescente";"Nublado";"Dupla";"Reta";"Sim";3;1;0;0;2;0;0;3;-23,20067421;-45,8795018;"SPRF-SP";"DEL02-SP";"UOP01-DEL02-SP"
443238;2022-04-12;"terça-feira";"17:10:00";"MT";163;838;"SINOP";"Acessar a via sem observar a presença dos outros veículos";"Colisão transversal";"Com Vítimas Feridas";"Pleno dia";"Crescente";"Nublado";"Simples";"Retorno Regulamentado";"Sim";2;0;1;0;1;0;1;2;-11,82986505;-55,48690081;"SPRF-MT";"DEL06-MT";"NPF/DEL06-MT"
443239;2022-04-12;"terça-feira";"15:38:00";"MA";135;94;"ITAPECURU MIRIM";"Ausência de reação do condutor";"Colisão traseira";"Sem Vítimas";"Anoitecer";"Crescente";"Nublado";"Simples";"Reta";"Não";2;0;0;0;2;0;0;2;-3,32118629;-44,43640266;"SPRF-MA";"DEL01-MA";"UOP02-DEL01-MA"
443240;2022-04-12;"terça-feira";"13:30:00";"PI";343;456;"SAO PEDRO DO PIAUI";"Acessar a via sem observar a presença dos outros veículos";"Colisão transversal";"Com Vítimas Feridas";"Pleno dia";"Crescente";"Céu Claro";"Simples";"Reta";"Não";2;0;0;1;1;0;1;2;-5,93413539;-42,70672202;"SPRF-PI";"DEL01-PI";"UOP02-DEL01-PI"
443244;2022-04-09;"sábado";"21:30:00";"RS";386;362,2;"ESTRELA";"Avarias e/ou desgaste excessivo no pneu";"Colisão com objeto";"Sem Vítimas";"Plena Noite";"Crescente";"Céu Claro";"Dupla";"Curva";"Não";2;0;0;0;2;0;0;1;-29,557457;-51,891541;"SPRF-RS";"DEL04-RS";"UOP02-DEL04-RS"
443246;2022-04-12;"terça-feira";"17:30:00";"TO";153;335;"GUARAI";"Acessar a via sem observar a presença dos outros veículos";"Colisão transversal";"Com Vítimas Feridas";"Pleno dia";"Decrescente";"Sol";"Dupla";"Interseção de Vias";"Sim";2;0;1;0;1;0;1;2;-8,84481597;-48,5107318;"SPRF-TO";"DEL02-TO";"UOP02-DEL02-TO"
443247;2022-04-12;"terça-feira";"18:00:00";"MG";40;527;"CONTAGEM";"Demais falhas mecânicas ou elétricas";"Saída de leito carroçável";"Com Vítimas Feridas";"Pleno dia";"Decrescente";"Céu Claro";"Dupla";"Reta;Declive";"Sim";1;0;1;0;0;0;1;1;-19,90149502;-44,04938939;"SPRF-MG";"DEL01-MG";"UOP02-DEL01-MG"
443250;2022-04-12;"terça-feira";"18:20:00";"SC";101;199;"BIGUACU";"Ausência de reação do condutor";"Colisão lateral mesmo sentido";"Com Vítimas Feridas";"Plena Noite";"Crescente";"Céu Claro";"Dupla";"Reta";"Sim";2;0;1;0;1;0;1;2;-27,53413705;-48,63003205;"SPRF-SC";"DEL01-SC";"UOP01-DEL01-SC"
443252;2022-04-12;"terça-feira";"18:57:00";"SP";153;74,7;"BADY BASSITT";"Pedestre cruzava a pista fora da faixa";"Atropelamento de Pedestre";"Com Vítimas Feridas";"Plena Noite";"Crescente";"Céu Claro";"Simples";"Aclive";"Sim";2;0;1;1;0;0;2;2;-20,88538598;-49,42676402;"SPRF-SP";"DEL09-SP";"UOP01-DEL09-SP"
443253;2022-04-12;"terça-feira";"18:25:00";"SC";282;215;"LAGES";"Acessar a via sem observar a presença dos outros veículos";"Atropelamento de Pedestre";"Com Vítimas Feridas";"Anoitecer";"Decrescente";"Nublado";"Simples";"Reta";"Sim";2;0;1;1;0;0;2;2;-27,793665;-50,281799;"SPRF-SC";"DEL05-SC";"UOP01-DEL05-SC"
443254;2022-04-12;"terça-feira";"18:50:00";"BA";116;15,7;"VITORIA DA CONQUISTA";"Reação tardia ou ineficiente do condutor";"Colisão lateral mesmo sentido";"Com Vítimas Feridas";"Plena Noite";"Decrescente";"Nublado";"Simples";"Reta";"Sim";2;0;1;0;1;0;1;2;-14,900467;-40,853377;"SPRF-BA";"DEL08-BA";"UOP01-DEL08-BA"
443255;2022-04-09;"sábado";"04:15:00";"PE";101;66,9;"RECIFE";"Manobra de mudança de faixa";"Colisão com objeto";"Com Vítimas Feridas";"Amanhecer";"Decrescente";"Garoa/Chuvisco";"Dupla";"Reta";"Sim";3;0;1;0;1;1;1;2;-8,03368534;-34,94184125;"SPRF-PE";"DEL01-PE";"UOP01-DEL01-PE"
443257;2022-02-12;"sábado";"04:35:00";"PR";277;680;"MEDIANEIRA";"Ingestão de álcool pelo condutor";"Saída de leito carroçável";"Com Vítimas Feridas";"Plena Noite";"Decrescente";"Céu Claro";"Dupla";"Reta";"Não";1;0;1;0;0;0;1;1;-25,32159991;-54,16335974;"SPRF-PR";"DEL05-PR";"UOP01-DEL05-PR"
443258;2022-04-12;"terça-feira";"18:30:00";"ES";101;127;"SOORETAMA";"Acessar a via sem observar a presença dos outros veículos";"Colisão transversal";"Com Vítimas Feridas";"Anoitecer";"Decrescente";"Céu Claro";"Dupla";"Reta;Declive";"Sim";2;0;0;1;1;0;1;2;-19,202898;-40,095524;"SPRF-ES";"DEL04-ES";"UOP01-DEL04-ES"
443260;2022-04-12;"terça-feira";"19:25:00";"PR";373;172,2;"PONTA GROSSA";"Reação tardia ou ineficiente do condutor";"Colisão lateral mesmo sentido";"Com Vítimas Feridas";"Plena Noite";"Decrescente";"Garoa/Chuvisco";"Dupla";"Reta";"Sim";1;0;1;0;0;0;1;1;-25,08083467;-50,19410312;"SPRF-PR";"DEL03-PR";"UOP01-DEL03-PR"
443261;2022-04-12;"terça-feira";"18:30:00";"RO";364;200;"PIMENTA BUENO";"Reação tardia ou ineficiente do condutor";"Colisão traseira";"Com Vítimas Feridas";"Anoitecer";"Crescente";"Céu Claro";"Simples";"Aclive";"Sim";2;0;1;0;1;0;1;2;-11,65284309;-61,19276342;"SPRF-RO";"DEL02-RO";"UOP02-DEL02-RO"
443262;2022-04-12;"terça-feira";"19:45:00";"MG";40;52,1;"PARACATU";"Reação tardia ou ineficiente do condutor";"Colisão transversal";"Com Vítimas Feridas";"Plena Noite";"Crescente";"Céu Claro";"Simples";"Reta";"Não";2;0;1;0;1;0;1;2;-17,25177895;-46,78868177;"SPRF-MG";"DEL14-MG";"UOP01-DEL14-MG"
443263;2022-04-11;"segunda-feira";"23:57:00";"RJ";116;84;"TERESOPOLIS";"Demais falhas mecânicas ou elétricas";"Incêndio";"Sem Vítimas";"Plena Noite";"Crescente";"Céu Claro";"Simples";"Reta";"Sim";1;0;0;0;1;0;0;1;-22,4226117;-42,95115115;"SPRF-RJ";"DEL04-RJ";"UOP01-DEL04-RJ"
443264;2022-04-12;"terça-feira";"14:00:00";"MG";153;29;"CENTRALINA";"Ausência de reação do condutor";"Saída de leito carroçável";"Sem Vítimas";"Pleno dia";"Decrescente";"Céu Claro";"Dupla";"Aclive";"Não";1;0;0;0;1;0;0;1;-18,67127517;-49,16066329;"SPRF-MG";"DEL15-MG";"UOP03-DEL15-MG"
443266;2022-04-12;"terça-feira";"18:30:00";"SC";101;214;"SAO JOSE";"Condutor deixou de manter distância do veículo da frente";"Colisão traseira";"Com Vítimas Feridas";"Plena Noite";"Crescente";"Céu Claro";"Múltipla";"Reta";"Sim";5;0;0;1;4;0;1;4;-27,53413705;-48,63003205;"SPRF-SC";"DEL01-SC";"UOP02-DEL01-SC"
443267;2022-04-12;"terça-feira";"17:15:00";"SC";163;105,6;"SAO JOSE DO CEDRO";"Ausência de reação do condutor";"Colisão transversal";"Com Vítimas Feridas";"Pleno dia";"Decrescente";"Garoa/Chuvisco";"Simples";"Declive;Reta";"Não";2;0;0;1;1;0;1;2;-26,44612099;-53,51490283;"SPRF-SC";"DEL07-SC";"UOP03-DEL07-SC"
443272;2022-04-12;"terça-feira";"20:30:00";"SC";282;28,3;"SANTO AMARO DA IMPERATRIZ";"Acessar a via sem observar a presença dos outros veículos";"Colisão transversal";"Com Vítimas Feridas";"Plena Noite";"Decrescente";"Nublado";"Simples";"Rotatória";"Sim";2;0;1;0;1;0;1;2;-27,67478;-48,778904;"SPRF-SC";"DEL01-SC";"UOP03-DEL01-SC"
443273;2022-04-12;"terça-feira";"20:15:00";"PE";423;93,7;"GARANHUNS";"Desrespeitar a preferência no cruzamento";"Colisão transversal";"Com Vítimas Feridas";"Plena Noite";"Decrescente";"Céu Claro";"Simples";"Curva;Interseção de Vias";"Sim";4;0;1;0;3;0;1;2;-8,8740368;-36,46941662;"SPRF-PE";"DEL03-PE";"UOP01-DEL03-PE"
443274;2022-04-12;"terça-feira";"21:00:00";"GO";70;8;"AGUAS LINDAS DE GOIAS";"Demais falhas mecânicas ou elétricas";"Colisão traseira";"Com Vítimas Feridas";"Plena Noite";"Crescente";"Céu Claro";"Múltipla";"Curva";"Sim";2;0;1;0;1;0;1;2;-15,73733681;-48,27407468;"SPRF-DF";"DEL03-DF";"UOP02-DEL03-DF"
443275;2022-04-12;"terça-feira";"18:15:00";"AL";316;254;"PILAR";"Acessar a via sem observar a presença dos outros veículos";"Colisão frontal";"Com Vítimas Feridas";"Plena Noite";"Decrescente";"Céu Claro";"Simples";"Reta";"Sim";2;0;1;0;0;1;1;2;-9,58657444;-35,9567722;"SPRF-AL";"DEL02-AL";"UOP01-DEL02-AL"
443276;2022-04-12;"terça-feira";"20:20:00";"SC";116;5;"MAFRA";"Reação tardia ou ineficiente do condutor";"Colisão traseira";"Sem Vítimas";"Plena Noite";"Decrescente";"Nublado";"Simples";"Retorno Regulamentado;Interseção de Vias;Rotatória";"Sim";4;0;0;0;4;0;0;2;-26,14587191;-49,82174462;"SPRF-SC";"DEL06-SC";"UOP01-DEL06-SC"
443278;2022-04-12;"terça-feira";"21:50:00";"ES";101;287;"CARIACICA";"Acessar a via sem observar a presença dos outros veículos";"Colisão transversal";"Com Vítimas Feridas";"Plena Noite";"Crescente";"Céu Claro";"Dupla";"Interseção de Vias";"Não";2;0;1;0;1;0;1;2;-20,26493528;-40,38471702;"SPRF-ES";"DEL01-ES";"UOP01-DEL01-ES"
443279;2022-04-12;"terça-feira";"18:20:00";"MG";381;279;"JAGUARACU";"Acessar a via sem observar a presença dos outros veículos";"Colisão transversal";"Com Vítimas Feridas";"Plena Noite";"Decrescente";"Céu Claro";"Simples";"Curva";"Não";2;0;1;0;1;0;1;2;-19,6016332;-42,75481785;"SPRF-MG";"DEL03-MG";"UOP02-DEL03-MG"
443280;2022-04-12;"terça-feira";"21:30:00";"RJ";40;115;"DUQUE DE CAXIAS";"Demais falhas mecânicas ou elétricas";"Tombamento";"Com Vítimas Feridas";"Plena Noite";"Decrescente";"Céu Claro";"Múltipla";"Reta";"Sim";2;0;2;0;0;0;2;1;-22,72756999;-43,2891609;"SPRF-RJ";"DEL01-RJ";"UOP01-DEL01-RJ"
443281;2022-04-12;"terça-feira";"18:20:00";"RJ";493;2;"ITABORAI";"Entrada inopinada do pedestre";"Atropelamento de Pedestre";"Com Vítimas Fatais";"Plena Noite";"Decrescente";"Céu Claro";"Dupla";"Reta";"Sim";2;1;0;0;0;1;0;2;-22,75950214;-42,93544822;"SPRF-RJ";"DEL02-RJ";"UOP02-DEL02-RJ"
443282;2022-04-12;"terça-feira";"22:00:00";"RJ";101;120;"CAMPOS DOS GOYTACAZES";"Pedestre cruzava a pista fora da faixa";"Atropelamento de Pedestre";"Com Vítimas Feridas";"Plena Noite";"Decrescente";"Céu Claro";"Dupla";"Reta";"Não";2;0;0;1;1;0;1;2;-22,02961892;-41,6928098;"SPRF-RJ";"DEL08-RJ";"UOP02-DEL08-RJ"
443284;2022-04-12;"terça-feira";"20:00:00";"RS";290;33;"SANTO ANTONIO DA PATRULHA";"Reação tardia ou ineficiente do condutor";"Tombamento";"Com Vítimas Feridas";"Plena Noite";"Decrescente";"Nublado";"Dupla";"Reta";"Não";1;0;1;0;0;0;1;1;-29,885815;-50,586334;"SPRF-RS";"DEL03-RS";"UOP01-DEL03-RS"
443285;2022-04-12;"terça-feira";"22:30:00";"RJ";116;191;"QUEIMADOS";"Demais falhas mecânicas ou elétricas";"Incêndio";"Sem Vítimas";"Plena Noite";"Crescente";"Ignorado";"Dupla";"Reta";"Sim";1;0;0;0;1;0;0;1;-22,74421443;-43,509822;"SPRF-RJ";"DEL01-RJ";"UOP02-DEL01-RJ"
443287;2022-04-12;"terça-feira";"19:55:00";"PI";316;12,8;"TERESINA";"Deficiência do Sistema de Iluminação/Sinalização";"Capotamento";"Com Vítimas Feridas";"Plena Noite";"Crescente";"Céu Claro";"Múltipla";"Curva";"Não";4;0;2;1;1;0;3;1;-5,20064401;-42,75799889;"SPRF-PI";"DEL01-PI";"UOP02-DEL01-PI"
443289;2022-04-12;"terça-feira";"21:20:00";"SC";470;52,5;"BLUMENAU";"Desrespeitar a preferência no cruzamento";"Colisão transversal";"Com Vítimas Feridas";"Plena Noite";"Crescente";"Nublado";"Simples";"Interseção de Vias";"Não";3;0;1;0;2;0;1;2;-26,862286;-49,093903;"SPRF-SC";"DEL04-SC";"UOP01-DEL04-SC"
443290;2022-04-12;"terça-feira";"22:38:00";"MS";163;259,8;"DOURADOS";"Chuva";"Colisão traseira";"Com Vítimas Feridas";"Plena Noite";"Crescente";"Chuva";"Dupla";"Reta";"Não";3;0;1;1;0;1;2;2;-22,24489388;-54,77203018;"SPRF-MS";"DEL04-MS";"UOP01-DEL04-MS"
443291;2022-04-12;"terça-feira";"22:00:00";"SC";101;147;"ITAPEMA";"Ausência de reação do condutor";"Colisão traseira";"Com Vítimas Feridas";"Plena Noite";"Decrescente";"Nublado";"Múltipla";"Declive";"Sim";2;0;2;0;0;0;2;2;-27,09237407;-48,61730888;"SPRF-SC";"DEL04-SC";"UOP03-DEL04-SC"
443292;2022-04-12;"terça-feira";"22:05:00";"MG";262;35,3;"MANHUACU";"Ausência de reação do condutor";"Colisão com objeto";"Com Vítimas Feridas";"Plena Noite";"Crescente";"Céu Claro";"Simples";"Reta";"Sim";1;0;1;0;0;0;1;1;-20,25932046;-42,02298331;"SPRF-MG";"DEL06-MG";"UOP03-DEL06-MG"
443296;2022-04-12;"terça-feira";"23:40:00";"SP";116;467,2;"JACUPIRANGA";"Mal súbito do condutor";"Saída de leito carroçável";"Com Vítimas Feridas";"Plena Noite";"Decrescente";"Céu Claro";"Dupla";"Reta";"Não";1;0;1;0;0;0;1;1;-24,64935089;-47,93124902;"SPRF-SP";"DEL05-SP";"UOP01-DEL05-SP"
443297;2022-04-13;"quarta-feira";"00:50:00";"PR";476;132;"CURITIBA";"Condutor deixou de manter distância do veículo da frente";"Colisão traseira";"Com Vítimas Feridas";"Plena Noite";"Crescente";"Nublado";"Múltipla";"Reta";"Sim";3;0;1;0;2;0;1;2;-25,460718;-49,250488;"SPRF-PR";"DEL01-PR";"UOP03-DEL01-PR"
443298;2022-04-13;"quarta-feira";"02:50:00";"MG";40;524,9;"CONTAGEM";"Entrada inopinada do pedestre";"Atropelamento de Pedestre";"Com Vítimas Feridas";"Plena Noite";"Decrescente";"Céu Claro";"Dupla";"Reta";"Sim";2;0;1;0;0;1;1;2;-19,8754469;-44,05345586;"SPRF-MG";"DEL01-MG";"UOP02-DEL01-MG"
443299;2022-04-12;"terça-feira";"23:45:00";"GO";153;72;"PORANGATU";"Ingestão de álcool pelo condutor";"Saída de leito carroçável";"Sem Vítimas";"Plena Noite";"Decrescente";"Céu Claro";"Simples";"Reta";"Sim";1;0;0;0;1;0;0;1;-13,466893;-49,135838;"SPRF-GO";"DEL07-GO";"UOP01-DEL07-GO"
443300;2022-04-13;"quarta-feira";"02:00:00";"GO";153;58;"PORANGATU";"Velocidade Incompatível";"Saída de leito carroçável";"Com Vítimas Feridas";"Plena Noite";"Decrescente";"Céu Claro";"Simples";"Declive";"Não";1;0;1;0;0;0;1;1;-13,319465;-49,118431;"SPRF-GO";"DEL07-GO";"UOP01-DEL07-GO"
443301;2022-04-13;"quarta-feira";"03:00:00";"PE";232;19;"JABOATAO DOS GUARARAPES";"Reação tardia ou ineficiente do condutor";"Saída de leito carroçável";"Com Vítimas Feridas";"Plena Noite";"Decrescente";"Chuva";"Dupla";"Curva";"Não";3;0;3;0;0;0;3;1;-8,098483;-35,063718;"SPRF-PE";"DEL01-PE";"UOP01-DEL01-PE"
443302;2022-04-09;"sábado";"18:20:00";"ES";101;262;"SERRA";"Manobra de mudança de faixa";"Colisão lateral mesmo sentido";"Com Vítimas Feridas";"Plena Noite";"Decrescente";"Céu Claro";"Dupla";"Reta";"Sim";2;0;1;0;1;0;1;2;-20,1572331;-40,27678329;"SPRF-ES";"DEL02-ES";"UOP01-DEL02-ES"
443303;2022-04-13;"quarta-feira";"03:50:00";"SC";101;89;"BARRA VELHA";"Ausência de reação do condutor";"Saída de leito carroçável";"Com Vítimas Feridas";"Plena Noite";"Crescente";"Nublado";"Simples";"Reta";"Não";1;0;1;0;0;0;1;1;-26,65175997;-48,68721921;"SPRF-SC";"DEL03-SC";"UOP02-DEL03-SC"
443304;2022-04-13;"quarta-feira";"04:37:00";"MG";381;492,2;"BETIM";"Reação tardia ou ineficiente do condutor";"Colisão com objeto";"Com Vítimas Feridas";"Plena Noite";"Decrescente";"Céu Claro";"Dupla";"Reta";"Não";1;0;1;0;0;0;1;1;-19,960234;-44,153174;"SPRF-MG";"DEL01-MG";"UOP03-DEL01-MG"
443305;2022-04-13;"quarta-feira";"05:15:00";"MG";381;488,2;"BETIM";"Pedestre cruzava a pista fora da faixa";"Atropelamento de Pedestre";"Com Vítimas Feridas";"Plena Noite";"Decrescente";"Céu Claro";"Múltipla";"Aclive;Reta";"Sim";2;0;1;1;0;0;2;2;-19,95608487;-44,12936568;"SPRF-MG";"DEL01-MG";"UOP03-DEL01-MG"
443307;2022-04-13;"quarta-feira";"05:20:00";"MG";381;488,2;"BETIM";"Reação tardia ou ineficiente do condutor";"Saída de leito carroçável";"Com Vítimas Feridas";"Plena Noite";"Decrescente";"Céu Claro";"Dupla";"Reta";"Sim";1;0;0;1;0;0;1;1;-19,956018;-44,129222;"SPRF-MG";"DEL01-MG";"UOP03-DEL01-MG"
443308;2022-04-13;"quarta-feira";"05:33:00";"DF";70;9,5;"BRASILIA";"Manobra de mudança de faixa";"Colisão traseira";"Com Vítimas Feridas";"Amanhecer";"Decrescente";"Céu Claro";"Dupla";"Reta";"Sim";2;0;0;1;0;1;1;2;-15,784615;-48,132023;"SPRF-DF";"DEL03-DF";"UOP02-DEL03-DF"
443309;2022-04-12;"terça-feira";"23:30:00";"RN";101;18,7;"RIO DO FOGO";"Animais na Pista";"Atropelamento de Animal";"Com Vítimas Feridas";"Plena Noite";"Crescente";"Céu Claro";"Simples";"Reta";"Não";1;0;0;1;0;0;1;1;-5,28727344;-35,44534571;"SPRF-RN";"DEL02-RN";"UOP01-DEL02-RN"
443311;2022-04-13;"quarta-feira";"06:50:00";"MG";262;356;"JOAO MONLEVADE";"Reação tardia ou ineficiente do condutor";"Colisão com objeto";"Com Vítimas Feridas";"Pleno dia";"Crescente";"Céu Claro";"Dupla";"Reta";"Sim";1;0;1;0;0;0;1;1;-19,84765404;-43,20566395;"SPRF-MG";"DEL01-MG";"UOP03-DEL01-MG"
443312;2022-04-10;"domingo";"02:40:00";"SC";282;679,5;"PARAISO";"Neblina";"Saída de leito carroçável";"Com Vítimas Feridas";"Plena Noite";"Decrescente";"Nevoeiro/Neblina";"Simples";"Curva";"Não";2;0;2;0;0;0;2;1;-26,61327;-53,701958;"SPRF-SC";"DEL07-SC";"UOP03-DEL07-SC"
443314;2022-04-13;"quarta-feira";"01:05:00";"SC";101;199;"SAO JOSE";"Ingestão de substâncias psicoativas pelo condutor";"Capotamento";"Com Vítimas Feridas";"Plena Noite";"Crescente";"Céu Claro";"Dupla";"Reta";"Sim";1;0;1;0;0;0;1;1;-27,53413705;-48,63003205;"SPRF-SC";"DEL01-SC";"UOP01-DEL01-SC"
443316;2022-04-13;"quarta-feira";"06:44:00";"ES";101;336;"GUARAPARI";"Manobra de mudança de faixa";"Colisão com objeto";"Com Vítimas Feridas";"Pleno dia";"Crescente";"Céu Claro";"Dupla";"Em Obras;Curva;Desvio Temporário";"Não";1;0;0;1;0;0;1;1;-20,62776383;-40,53485155;"SPRF-ES";"DEL03-ES";"UOP01-DEL03-ES"
443319;2022-04-13;"quarta-feira";"07:40:00";"CE";116;19;"ITAITINGA";"Acessar a via sem observar a presença dos outros veículos";"Colisão traseira";"Com Vítimas Feridas";"Pleno dia";"Crescente";"Céu Claro";"Dupla";"Curva";"Não";2;0;1;0;1;0;1;2;-3,91384397;-38,50667231;"SPRF-CE";"DEL01-CE";"UOP02-DEL01-CE"
443321;2022-04-09;"sábado";"21:15:00";"SC";282;4,5;"SAO JOSE";"Ingestão de álcool pelo condutor";"Colisão com objeto";"Com Vítimas Feridas";"Plena Noite";"Crescente";"Nublado";"Dupla";"Reta";"Sim";1;0;1;0;0;0;1;1;-27,592646;-48,604034;"SPRF-SC";"DEL01-SC";"UOP01-DEL01-SC"
443322;2022-04-13;"quarta-feira";"07:30:00";"ES";101;49,6;"SAO MATEUS";"Avarias e/ou desgaste excessivo no pneu";"Queda de ocupante de veículo";"Com Vítimas Feridas";"Pleno dia";"Decrescente";"Céu Claro";"Simples";"Reta";"Não";1;0;0;1;0;0;1;1;-18,58588752;-39,89233239;"SPRF-ES";"DEL04-ES";"UOP02-DEL04-ES"
443323;2022-04-09;"sábado";"22:00:00";"SC";101;294;"IMBITUBA";"Acessar a via sem observar a presença dos outros veículos";"Colisão lateral mesmo sentido";"Com Vítimas Feridas";"Plena Noite";"Decrescente";"Garoa/Chuvisco";"Múltipla";"Reta";"Não";13;0;5;0;8;0;5;2;-28,31558178;-48,7250689;"SPRF-SC";"DEL02-SC";"UOP03-DEL02-SC"
443324;2022-04-13;"quarta-feira";"06:50:00";"PR";373;179;"PONTA GROSSA";"Conversão proibida";"Colisão transversal";"Com Vítimas Feridas";"Pleno dia";"Crescente";"Céu Claro";"Simples";"Reta";"Sim";4;0;1;0;3;0;1;2;-25,04281018;-50,23950211;"SPRF-PR";"DEL03-PR";"UOP01-DEL03-PR"
443325;2022-04-13;"quarta-feira";"07:30:00";"SC";470;134,7;"RIO DO SUL";"Acessar a via sem observar a presença dos outros veículos";"Colisão traseira";"Com Vítimas Feridas";"Pleno dia";"Decrescente";"Nublado";"Simples";"Reta";"Sim";2;0;1;0;1;0;1;2;-27,181854;-49,600128;"SPRF-SC";"DEL04-SC";"UOP02-DEL04-SC"