"id";"data_inversa";"dia_semana";"horario";"uf";"br";"km";"municipio";"causa_acidente";"tipo_acidente";"classificacao_acidente";"fase_dia";"sentido_via";"condicao_metereologica";"tipo_pista";"tracado_via";"uso_solo";"pessoas";"mortos";"feridos_leves";"feridos_graves";"ilesos";"ignorados";"feridos";"veiculos";"latitude";"longitude";"regional";"delegacia";"uop"
443326;2022-04-09;"sábado";"07:30:00";"SP";116;34;"CACHOEIRA PAULISTA";"Ausência de reação do condutor";"Saída de leito carroçável";"Com Vítimas Feridas";"Amanhecer";"Decrescente";"Céu Claro";"Simples";"Curva";"Não";4;0;2;2;0;0;4;1;-22,65447396;-44,95940103;"SPRF-SP";"DEL08-SP";"UOP02-DEL08-SP"
443327;2022-04-13;"quarta-feira";"07:45:00";"RS";290;105;"ELDORADO DO SUL";"Reação tardia ou ineficiente do condutor";"Colisão traseira";"Com Vítimas Feridas";"Pleno dia";"Decrescente";"Nublado";"Dupla";"Reta";"Sim";2;0;0;1;1;0;1;2;-29,99608;-51,285023;"SPRF-RS";"DEL02-RS";"UOP01-DEL02-RS"
443328;2022-04-13;"quarta-feira";"07:30:00";"MG";40;523;"CONTAGEM";"Trafegar com motocicleta (ou similar) entre as faixas";"Atropelamento de Pedestre";"Com Vítimas Feridas";"Pleno dia";"Crescente";"Céu Claro";"Dupla";"Reta";"Sim";2;0;2;0;0;0;2;2;-19,86874894;-44,05962197;"SPRF-MG";"DEL01-MG";"UOP02-DEL01-MG"
443329;2022-04-10;"domingo";"03:40:00";"SC";282;379;"HERVAL DOESTE";"Reação tardia ou ineficiente do condutor";"Colisão com objeto";"Sem Vítimas";"Plena Noite";"Crescente";"Nevoeiro/Neblina";"Simples";"Retorno Regulamentado";"Sim";1;0;0;0;0;1;0;1;-27,214485;-51,484738;"SPRF-SC";"DEL07-SC";"UOP05-DEL07-SC"
443331;2022-04-09;"sábado";"08:20:00";"PA";230;117;"MARABA";"Semáforo com defeito";"Colisão transversal";"Com Vítimas Feridas";"Pleno dia";"Crescente";"Sol";"Dupla";"Interseção de Vias;Reta";"Sim";4;0;1;0;3;0;1;2;-5,35569904;-49,09047302;"SPRF-PA";"DEL03-PA";"UOP01-DEL03-PA"
443333;2022-04-13;"quarta-feira";"06:45:00";"RS";392;125,4;"CANGUCU";"Falta de elemento de contenção que evite a saída do leito carroçável";"Saída de leito carroçável";"Com Vítimas Fatais";"Pleno dia";"Crescente";"Céu Claro";"Simples";"Reta";"Não";1;1;0;0;0;0;0;1;-31,36506;-52,72544;"SPRF-RS";"DEL07-RS";"UOP01-DEL07-RS"
443335;2022-04-13;"quarta-feira";"07:40:00";"PR";277;586,9;"CASCAVEL";"Acessar a via sem observar a presença dos outros veículos";"Colisão frontal";"Com Vítimas Feridas";"Pleno dia";"Decrescente";"Nublado";"Simples";"Reta";"Sim";3;0;1;0;2;0;1;3;-24,968746;-53,428818;"SPRF-PR";"DEL04-PR";"UOP01-DEL04-PR"
443336;2022-04-09;"sábado";"07:20:00";"MG";365;626;"UBERLANDIA";"Condutor deixou de manter distância do veículo da frente";"Colisão com objeto";"Com Vítimas Feridas";"Pleno dia";"Decrescente";"Céu Claro";"Múltipla";"Reta";"Sim";2;0;1;0;0;1;1;2;-18,90758268;-48,31541955;"SPRF-MG";"DEL15-MG";"UOP01-DEL15-MG"
443337;2022-04-09;"sábado";"07:50:00";"MG";365;645,4;"UBERLANDIA";"Acessar a via sem observar a presença dos outros veículos";"Tombamento";"Com Vítimas Feridas";"Pleno dia";"Crescente";"Céu Claro";"Dupla";"Reta";"Não";2;0;1;0;0;1;1;2;-18,87709251;-48,51502419;"SPRF-MG";"DEL15-MG";"UOP01-DEL15-MG"
443339;2022-04-13;"quarta-feira";"07:30:00";"SP";116;210,5;"GUARULHOS";"Trafegar com motocicleta (ou similar) entre as faixas";"Colisão lateral mesmo sentido";"Com Vítimas Feridas";"Pleno dia";"Crescente";"Nublado";"Múltipla";"Reta";"Sim";4;0;2;0;2;0;2;3;-23,42870023;-46,41085991;"SPRF-SP";"DEL01-SP";"UOP01-DEL01-SP"
443340;2022-04-09;"sábado";"17:00:00";"SC";101;216;"PALHOCA";"Ausência de reação do condutor";"Colisão traseira";"Com Vítimas Feridas";"Pleno dia";"Crescente";"Sol";"Dupla";"Reta";"Sim";2;0;1;0;1;0;1;2;-27,65981409;-48,67747798;"SPRF-SC";"DEL01-SC";"UOP02-DEL01-SC"
443341;2022-04-13;"quarta-feira";"07:35:00";"BA";324;3;"SALVADOR";"Demais falhas mecânicas ou elétricas";"Colisão traseira";"Com Vítimas Feridas";"Pleno dia";"Crescente";"Céu Claro";"Dupla";"Reta";"Sim";2;0;1;0;1;0;1;2;-12,971561;-38,511154;"SPRF-BA";"DEL01-BA";"UOP01-DEL01-BA"
443344;2022-04-08;"sexta-feira";"13:15:00";"PR";0;0;"MANDIRITUBA";"Acessar a via sem observar a presença dos outros veículos";"Colisão transversal";"Com Vítimas Feridas";"Pleno dia";"Não Informado";"Nublado";"Simples";"Reta";"Sim";2;0;1;0;0;1;1;2;-25,85618475;-49,35866877;"SPRF-PR";"DEL01-PR";"UOP03-DEL01-PR"
443345;2022-04-13;"quarta-feira";"08:07:00";"PB";230;17;"JOAO PESSOA";"Manobra de mudança de faixa";"Colisão lateral mesmo sentido";"Com Vítimas Feridas";"Pleno dia";"Decrescente";"Céu Claro";"Múltipla";"Reta";"Sim";2;0;0;1;1;0;1;2;-7,1121;-34,8426;"SPRF-PB";"DEL01-PB";"UOP01-DEL01-PB"
443346;2022-04-10;"domingo";"02:40:00";"PR";163;161,1;"LINDOESTE";"Velocidade Incompatível";"Saída de leito carroçável";"Com Vítimas Feridas";"Plena Noite";"Decrescente";"Céu Claro";"Simples";"Reta;Declive;Em Obras";"Não";2;0;1;0;0;1;1;1;-25,32790599;-53,59159198;"SPRF-PR";"DEL05-PR";"UOP05-DEL05-PR"
443348;2022-04-09;"sábado";"09:20:00";"PR";277;725;"FOZ DO IGUACU";"Manobra de mudança de faixa";"Colisão com objeto";"Com Vítimas Feridas";"Pleno dia";"Crescente";"Céu Claro";"Dupla";"Curva";"Sim";2;0;1;0;0;1;1;2;-25,50823541;-54,54619865;"SPRF-PR";"DEL05-PR";"UOP03-DEL05-PR"
443349;2022-04-09;"sábado";"20:16:00";"SC";470;158;"TROMBUDO CENTRAL";"Velocidade Incompatível";"Colisão traseira";"Com Vítimas Feridas";"Plena Noite";"Decrescente";"Nublado";"Simples";"Curva";"Sim";6;0;5;0;1;0;5;2;-27,287016;-49,778389;"SPRF-SC";"DEL04-SC";"UOP02-DEL04-SC"
443350;2022-04-10;"domingo";"01:50:00";"SC";101;27,4;"JOINVILLE";"Ingestão de álcool pelo condutor";"Colisão com objeto";"Sem Vítimas";"Plena Noite";"Crescente";"Nublado";"Dupla";"Viaduto;Reta;Declive";"Sim";1;0;0;0;1;0;0;1;-26,20130351;-48,91331794;"SPRF-SC";"DEL03-SC";"UOP01-DEL03-SC"
443352;2022-04-13;"quarta-feira";"08:35:00";"MG";381;1,3;"BETIM";"Demais falhas mecânicas ou elétricas";"Tombamento";"Com Vítimas Feridas";"Pleno dia";"Decrescente";"Sol";"Dupla";"Reta";"Sim";2;0;2;0;0;0;2;1;-19,96825;-44,198708;"SPRF-MG";"DEL01-MG";"UOP03-DEL01-MG"
443353;2022-04-02;"sábado";"00:15:00";"SC";470;5;"NAVEGANTES";"Obras na pista";"Saída de leito carroçável";"Com Vítimas Feridas";"Plena Noite";"Crescente";"Nublado";"Dupla";"Em Obras;Reta";"Sim";3;0;1;0;1;1;1;1;-26,855688;-48,700333;"SPRF-SC";"DEL04-SC";"UOP04-DEL04-SC"
443354;2022-04-13;"quarta-feira";"08:50:00";"SP";116;205;"ARUJA";"Manobra de mudança de faixa";"Colisão lateral mesmo sentido";"Com Vítimas Feridas";"Pleno dia";"Crescente";"Céu Claro";"Múltipla";"Reta";"Sim";5;0;1;0;4;0;1;2;-23,41475243;-46,36600788;"SPRF-SP";"DEL01-SP";"UOP01-DEL01-SP"
443355;2022-04-13;"quarta-feira";"08:00:00";"SP";116;155;"SAO JOSE DOS CAMPOS";"Ausência de reação do condutor";"Colisão lateral mesmo sentido";"Com Vítimas Feridas";"Pleno dia";"Decrescente";"Céu Claro";"Dupla";"Aclive";"Sim";2;0;1;0;1;0;1;2;-23,24524337;-45,92772774;"SPRF-SP";"DEL02-SP";"UOP01-DEL02-SP"
443357;2022-04-09;"sábado";"23:38:00";"PI";316;2;"TERESINA";"Reação tardia ou ineficiente do condutor";"Saída de leito carroçável";"Com Vítimas Feridas";"Plena Noite";"Crescente";"Chuva";"Múltipla";"Curva";"Sim";1;0;0;1;0;0;1;1;-5,12477477;-42,79848465;"SPRF-PI";"DEL01-PI";"UOP02-DEL01-PI"
443358;2022-04-09;"sábado";"08:50:00";"SC";470;65,7;"INDAIAL";"Acessar a via sem observar a presença dos outros veículos";"Colisão transversal";"Com Vítimas Feridas";"Pleno dia";"Decrescente";"Céu Claro";"Simples";"Reta;Retorno Regulamentado";"Sim";2;0;1;0;1;0;1;2;-26,870411;-49,211864;"SPRF-SC";"DEL04-SC";"UOP01-DEL04-SC"
443359;2022-04-09;"sábado";"11:15:00";"SC";470;70;"INDAIAL";"Retorno proibido";"Colisão transversal";"Com Vítimas Feridas";"Pleno dia";"Crescente";"Céu Claro";"Simples";"Reta;Em Obras";"Sim";3;0;1;2;0;0;3;2;-26,8877579;-49,25247258;"SPRF-SC";"DEL04-SC";"UOP01-DEL04-SC"
443360;2022-04-09;"sábado";"23:00:00";"SC";470;31,9;"GASPAR";"Velocidade Incompatível";"Saída de leito carroçável";"Sem Vítimas";"Plena Noite";"Crescente";"Nublado";"Dupla";"Retorno Regulamentado;Reta";"Sim";1;0;0;0;0;1;0;1;-26,90129048;-48,93211842;"SPRF-SC";"DEL04-SC";"UOP01-DEL04-SC"
443361;2022-04-09;"sábado";"16:00:00";"PR";476;60;"TUNAS DO PARANA";"Velocidade Incompatível";"Saída de leito carroçável";"Com Vítimas Feridas";"Pleno dia";"Crescente";"Céu Claro";"Simples";"Reta";"Não";5;0;3;2;0;0;5;1;-25,003798;-49,079399;"SPRF-PR";"DEL01-PR";"UOP02-DEL01-PR"
443362;2022-04-10;"domingo";"04:50:00";"MS";376;1,5;"DOURADOS";"Ingestão de álcool pelo condutor";"Saída de leito carroçável";"Com Vítimas Feridas";"Amanhecer";"Decrescente";"Céu Claro";"Simples";"Reta;Declive";"Não";2;0;0;1;0;1;1;2;-22,20261016;-54,68611619;"SPRF-MS";"DEL04-MS";"UOP01-DEL04-MS"
443363;2022-04-13;"quarta-feira";"07:13:00";"PE";101;83;"JABOATAO DOS GUARARAPES";"Transitar no acostamento";"Colisão transversal";"Sem Vítimas";"Pleno dia";"Crescente";"Céu Claro";"Simples";"Reta";"Sim";2;0;0;0;2;0;0;2;-8,175172;-34,942642;"SPRF-PE";"DEL01-PE";"UOP01-DEL01-PE"
443364;2022-04-09;"sábado";"12:40:00";"RJ";116;269;"BARRA MANSA";"Conversão proibida";"Colisão traseira";"Com Vítimas Feridas";"Pleno dia";"Crescente";"Céu Claro";"Simples";"Reta";"Não";3;0;0;1;2;0;1;2;-22,57510092;-44,11542461;"SPRF-RJ";"DEL07-RJ";"UOP02-DEL07-RJ"
443365;2022-04-09;"sábado";"14:45:00";"PR";376;598;"CURITIBA";"Área urbana sem a presença de local apropriado para a travessia de pedestres";"Atropelamento de Pedestre";"Com Vítimas Feridas";"Pleno dia";"Decrescente";"Nublado";"Dupla";"Reta";"Sim";2;0;0;1;1;0;1;2;-25,5188802;-49,33506947;"SPRF-PR";"DEL01-PR";"UOP01-DEL01-PR"
443366;2022-04-10;"domingo";"03:00:00";"PR";369;234;"JANDAIA DO SUL";"Ingestão de álcool pelo condutor";"Saída de leito carroçável";"Com Vítimas Feridas";"Plena Noite";"Decrescente";"Nublado";"Simples";"Reta";"Não";1;0;0;1;0;0;1;1;-23,62419429;-51,66803598;"SPRF-PR";"DEL09-PR";"UOP01-DEL09-PR"
443367;2022-04-13;"quarta-feira";"09:00:00";"PA";230;117;"MARABA";"Condutor deixou de manter distância do veículo da frente";"Tombamento";"Com Vítimas Feridas";"Pleno dia";"Decrescente";"Garoa/Chuvisco";"Simples";"Curva";"Sim";2;0;1;0;0;1;1;2;-5,35569904;-49,09047302;"SPRF-PA";"DEL03-PA";"UOP01-DEL03-PA"
443368;2022-04-10;"domingo";"05:20:00";"SC";101;42;"JOINVILLE";"Ingestão de álcool pelo condutor";"Colisão com objeto";"Com Vítimas Feridas";"Amanhecer";"Crescente";"Céu Claro";"Simples";"Curva";"Sim";4;0;0;3;1;0;3;1;-26,3264605;-48,86577129;"SPRF-SC";"DEL03-SC";"UOP01-DEL03-SC"
443369;2022-04-13;"quarta-feira";"07:05:00";"AM";319;1;"MANAUS";"Animais na Pista";"Atropelamento de Animal";"Com Vítimas Feridas";"Pleno dia";"Crescente";"Sol";"Simples";"Reta";"Sim";2;0;1;1;0;0;2;1;-3,133511;-59,941529;"SPRF-AM";"DEL01-AM";"UOP01-DEL01-AM"
443370;2022-04-13;"quarta-feira";"08:30:00";"SP";116;282;"EMBU DAS ARTES";"Trafegar com motocicleta (ou similar) entre as faixas";"Colisão traseira";"Com Vítimas Feridas";"Pleno dia";"Decrescente";"Céu Claro";"Dupla";"Reta";"Sim";4;0;2;0;2;0;2;2;-23,68570216;-46,85970975;"SPRF-SP";"DEL04-SP";"UOP01-DEL04-SP"
443371;2022-04-09;"sábado";"04:20:00";"RS";386;223,3;"SOLEDADE";"Ingestão de álcool pelo condutor";"Saída de leito carroçável";"Com Vítimas Feridas";"Plena Noite";"Decrescente";"Céu Claro";"Simples";"Reta";"Não";1;0;1;0;0;0;1;1;-28,644985;-52,614906;"SPRF-RS";"DEL04-RS";"UOP03-DEL04-RS"
443373;2022-04-09;"sábado";"23:45:00";"SP";116;117;"TAUBATE";"Ausência de reação do condutor";"Queda de ocupante de veículo";"Com Vítimas Feridas";"Plena Noite";"Decrescente";"Ignorado";"Múltipla";"Reta";"Sim";1;0;1;0;0;0;1;1;-23,0582298;-45,6176951;"SPRF-SP";"DEL02-SP";"UOP02-DEL02-SP"
443375;2022-04-13;"quarta-feira";"08:43:00";"PR";376;594;"CURITIBA";"Condutor deixou de manter distância do veículo da frente";"Colisão traseira";"Com Vítimas Feridas";"Pleno dia";"Crescente";"Nublado";"Dupla";"Viaduto";"Não";2;0;1;0;1;0;1;2;-25,48479613;-49,34730331;"SPRF-PR";"DEL01-PR";"UOP01-DEL01-PR"
443377;2022-04-09;"sábado";"07:20:00";"MG";381;526,5;"BRUMADINHO";"Acumulo de água sobre o pavimento";"Capotamento";"Com Vítimas Feridas";"Pleno dia";"Crescente";"Chuva";"Dupla";"Curva";"Não";1;0;1;0;0;0;1;1;-20,16175378;-44,34144636;"SPRF-MG";"DEL04-MG";"UOP03-DEL04-MG"
443379;2022-04-10;"domingo";"02:30:00";"MG";365;749,5;"ITUIUTABA";"Ausência de reação do condutor";"Saída de leito carroçável";"Com Vítimas Feridas";"Plena Noite";"Crescente";"Céu Claro";"Dupla";"Rotatória";"Não";1;0;1;0;0;0;1;1;-18,93793339;-49,43876589;"SPRF-MG";"DEL15-MG";"UOP03-DEL15-MG"
443380;2022-04-13;"quarta-feira";"09:10:00";"AL";104;35,8;"UNIAO DOS PALMARES";"Acessar a via sem observar a presença dos outros veículos";"Colisão transversal";"Com Vítimas Feridas";"Pleno dia";"Decrescente";"Sol";"Simples";"Reta";"Sim";2;0;0;1;1;0;1;2;-9,1616676;-36,01701171;"SPRF-AL";"DEL01-AL";"UOP02-DEL01-AL"
443381;2022-04-10;"domingo";"04:00:00";"PR";277;610;"SANTA TEREZA DO OESTE";"Entrada inopinada do pedestre";"Atropelamento de Pedestre";"Com Vítimas Feridas";"Plena Noite";"Crescente";"Nublado";"Simples";"Reta";"Sim";3;0;0;2;1;0;2;2;-25,05111043;-53,62214392;"SPRF-PR";"DEL05-PR";"UOP02-DEL05-PR"
443382;2022-04-09;"sábado";"09:40:00";"PR";277;70;"SAO JOSE DOS PINHAIS";"Reação tardia ou ineficiente do condutor";"Queda de ocupante de veículo";"Com Vítimas Feridas";"Pleno dia";"Decrescente";"Céu Claro";"Dupla";"Reta";"Sim";2;0;1;0;0;1;1;2;-25,51390065;-49,1232419;"SPRF-PR";"DEL01-PR";"UOP01-DEL01-PR"
443383;2022-04-09;"sábado";"20:20:00";"RJ";40;120;"DUQUE DE CAXIAS";"Reação tardia ou ineficiente do condutor";"Colisão lateral sentido oposto";"Com Vítimas Feridas";"Plena Noite";"Decrescente";"Céu Claro";"Simples";"Curva";"Sim";2;0;0;1;1;0;1;2;-22,77280597;-43,28626763;"SPRF-RJ";"DEL01-RJ";"UOP01-DEL01-RJ"
443384;2022-04-13;"quarta-feira";"09:47:00";"PB";230;21;"JOAO PESSOA";"Condutor deixou de manter distância do veículo da frente";"Engavetamento";"Sem Vítimas";"Pleno dia";"Crescente";"Céu Claro";"Dupla";"Reta";"Sim";4;0;0;0;4;0;0;4;-7,1415;-34,8519;"SPRF-PB";"DEL01-PB";"UOP01-DEL01-PB"
443386;2022-04-09;"sábado";"00:40:00";"SP";116;36,5;"CACHOEIRA PAULISTA";"Velocidade Incompatível";"Capotamento";"Com Vítimas Feridas";"Plena Noite";"Crescente";"Nublado";"Dupla";"Declive";"Não";2;0;2;0;0;0;2;1;-22,66104604;-44,97604019;"SPRF-SP";"DEL08-SP";"UOP02-DEL08-SP"
443387;2022-04-13;"quarta-feira";"07:50:00";"PR";476;140;"CURITIBA";"Acessar a via sem observar a presença dos outros veículos";"Atropelamento de Pedestre";"Com Vítimas Feridas";"Pleno dia";"Crescente";"Céu Claro";"Múltipla";"Reta";"Sim";3;0;1;0;2;0;1;3;-25,520693;-49,294121;"SPRF-PR";"DEL01-PR";"UOP03-DEL01-PR"
443388;2022-04-09;"sábado";"12:20:00";"PR";476;122;"CURITIBA";"Acessar a via sem observar a presença dos outros veículos";"Colisão transversal";"Com Vítimas Feridas";"Pleno dia";"Decrescente";"Céu Claro";"Dupla";"Reta;Interseção de Vias";"Sim";4;0;3;0;1;0;3;2;-25,38906631;-49,20407295;"SPRF-PR";"DEL01-PR";"UOP02-DEL01-PR"
443390;2022-04-09;"sábado";"10:50:00";"SC";101;83;"BARRA VELHA";"Reação tardia ou ineficiente do condutor";"Colisão traseira";"Com Vítimas Feridas";"Pleno dia";"Crescente";"Nublado";"Dupla";"Curva";"Não";2;0;1;0;1;0;1;2;-26,61865655;-48,71834126;"SPRF-SC";"DEL03-SC";"UOP02-DEL03-SC"
443392;2022-04-13;"quarta-feira";"10:25:00";"SC";101;215;"PALHOCA";"Reação tardia ou ineficiente do condutor";"Colisão traseira";"Com Vítimas Feridas";"Pleno dia";"Crescente";"Sol";"Múltipla";"Reta";"Sim";2;0;1;0;1;0;1;2;-27,64443;-48,67057;"SPRF-SC";"DEL01-SC";"UOP02-DEL01-SC"
443393;2022-04-09;"sábado";"19:20:00";"SC";101;96;"BARRA VELHA";"Reação tardia ou ineficiente do condutor";"Colisão traseira";"Com Vítimas Feridas";"Plena Noite";"Decrescente";"Nublado";"Dupla";"Reta";"Não";3;0;2;0;0;1;2;2;-26,718427;-48,70233;"SPRF-SC";"DEL03-SC";"UOP02-DEL03-SC"
443395;2022-04-08;"sexta-feira";"12:00:00";"CE";20;419;"MARACANAU";"Acessar a via sem observar a presença dos outros veículos";"Colisão transversal";"Com Vítimas Feridas";"Plena Noite";"Decrescente";"Céu Claro";"Dupla";"Reta";"Sim";2;0;0;1;0;1;1;2;-3,76999035;-38,67006282;"SPRF-CE";"DEL01-CE";"UOP02-DEL01-CE"
443396;2022-04-10;"domingo";"06:30:00";"MT";364;595;"DIAMANTINO";"Ausência de reação do condutor";"Queda de ocupante de veículo";"Com Vítimas Feridas";"Amanhecer";"Decrescente";"Céu Claro";"Simples";"Declive";"Não";1;0;1;0;0;0;1;1;-14,469309;-56,24473;"SPRF-MT";"DEL01-MT";"UOP01-DEL01-MT"
443400;2022-04-10;"domingo";"04:30:00";"RN";101;144,5;"ARES";"Demais falhas mecânicas ou elétricas";"Colisão com objeto";"Sem Vítimas";"Amanhecer";"Crescente";"Nublado";"Dupla";"Reta";"Não";1;0;0;0;1;0;0;1;-6,244042;-35,21729;"SPRF-RN";"DEL01-RN";"UOP01-DEL01-RN"
443401;2022-04-11;"segunda-feira";"02:28:00";"PR";376;619;"SAO JOSE DOS PINHAIS";"Ingestão de álcool pelo condutor";"Capotamento";"Com Vítimas Feridas";"Plena Noite";"Crescente";"Céu Claro";"Dupla";"Reta";"Sim";1;0;1;0;0;0;1;1;-25,60670119;-49,17257309;"SPRF-PR";"DEL01-PR";"UOP04-DEL01-PR"
443403;2022-04-13;"quarta-feira";"10:00:00";"MG";40;610,3;"CONGONHAS";"Conversão proibida";"Colisão transversal";"Com Vítimas Feridas";"Pleno dia";"Decrescente";"Sol";"Simples";"Curva";"Sim";3;0;1;0;2;0;1;2;-20,507207;-43,838417;"SPRF-MG";"DEL05-MG";"UOP02-DEL05-MG"
443405;2022-04-13;"quarta-feira";"07:55:00";"MG";153;184,4;"FRUTAL";"Acessar a via sem observar a presença dos outros veículos";"Colisão traseira";"Com Vítimas Feridas";"Pleno dia";"Crescente";"Céu Claro";"Simples";"Reta";"Não";4;0;0;2;2;0;2;2;-19,89815486;-48,96996267;"SPRF-MG";"DEL13-MG";"UOP02-DEL13-MG"
443406;2022-04-13;"quarta-feira";"09:40:00";"SC";101;39,5;"JOINVILLE";"Ausência de reação do condutor";"Colisão lateral mesmo sentido";"Com Vítimas Feridas";"Pleno dia";"Crescente";"Nublado";"Dupla";"Interseção de Vias";"Sim";2;0;1;0;1;0;1;2;-26,2628107;-48,90192257;"SPRF-SC";"DEL03-SC";"UOP01-DEL03-SC"
443408;2022-04-13;"quarta-feira";"01:30:00";"RR";174;467;"BOA VISTA";"Condutor Dormindo";"Saída de leito carroçável";"Sem Vítimas";"Plena Noite";"Decrescente";"Céu Claro";"Simples";"Reta";"Não";1;0;0;0;1;0;0;1;2,590394;-60,876965;"SPRF-RR";"DEL01-RR";"UOP01-DEL01-RR"
443409;2022-04-13;"quarta-feira";"11:15:00";"GO";40;11,5;"VALPARAISO DE GOIAS";"Ausência de reação do condutor";"Colisão lateral mesmo sentido";"Com Vítimas Feridas";"Pleno dia";"Crescente";"Céu Claro";"Dupla";"Reta";"Sim";2;0;1;0;1;0;1;2;-16,138336;-47,951644;"SPRF-DF";"DEL01-DF";"UOP01-DEL01-DF"
443410;2022-04-09;"sábado";"20:20:00";"MT";163;818;"SINOP";"Deficiência do Sistema de Iluminação/Sinalização";"Capotamento";"Com Vítimas Feridas";"Plena Noite";"Crescente";"Céu Claro";"Simples";"Reta";"Não";2;0;1;0;1;0;1;1;-12,13923003;-55,5145573;"SPRF-MT";"DEL06-MT";"UOP01-DEL06-MT"
443411;2022-04-09;"sábado";"22:20:00";"RJ";116;170;"SAO JOAO DE MERITI";"Pedestre andava na pista";"Atropelamento de Pedestre";"Com Vítimas Feridas";"Plena Noite";"Decrescente";"Céu Claro";"Dupla";"Reta";"Sim";2;0;0;1;1;0;1;2;-22,78566777;-43,37881077;"SPRF-RJ";"DEL01-RJ";"UOP02-DEL01-RJ"
443413;2022-02-12;"sábado";"03:15:00";"PA";10;218;"IPIXUNA DO PARA";"Acessar a via sem observar a presença dos outros veículos";"Colisão transversal";"Com Vítimas Fatais";"Plena Noite";"Crescente";"Garoa/Chuvisco";"Simples";"Reta;Declive";"Não";2;1;0;0;1;0;0;2;-2,52242202;-47,50527705;"SPRF-PA";"DEL02-PA";"UOP01-DEL02-PA"
443414;2022-04-10;"domingo";"01:55:00";"PR";277;58;"SAO JOSE DOS PINHAIS";"Entrada inopinada do pedestre";"Atropelamento de Pedestre";"Com Vítimas Feridas";"Plena Noite";"Crescente";"Céu Claro";"Dupla";"Reta";"Não";4;0;0;1;3;0;1;2;-25,57401071;-48,98779437;"SPRF-PR";"DEL01-PR";"UOP05-DEL01-PR"
443417;2022-04-13;"quarta-feira";"12:20:00";"PR";476;132,9;"CURITIBA";"Trafegar com motocicleta (ou similar) entre as faixas";"Colisão lateral mesmo sentido";"Com Vítimas Feridas";"Pleno dia";"Decrescente";"Sol";"Múltipla";"Reta";"Sim";2;0;1;0;0;1;1;2;-25,460718;-49,250488;"SPRF-PR";"DEL01-PR";"UOP03-DEL01-PR"
443419;2022-02-16;"quarta-feira";"17:00:00";"PR";376;438,5;"TIBAGI";"Velocidade Incompatível";"Saída de leito carroçável";"Com Vítimas Feridas";"Pleno dia";"Decrescente";"Chuva";"Dupla";"Curva";"Não";2;0;1;0;1;0;1;1;-24,795338;-50,495236;"SPRF-PR";"DEL03-PR";"UOP02-DEL03-PR"
443421;2022-04-09;"sábado";"11:45:00";"PE";408;96,4;"SAO LOURENCO DA MATA";"Ausência de reação do condutor";"Saída de leito carroçável";"Com Vítimas Feridas";"Pleno dia";"Decrescente";"Sol";"Dupla";"Declive";"Não";1;0;1;0;0;0;1;1;-8,0258;-35,038433;"SPRF-PE";"DEL01-PE";"UOP01-DEL01-PE"
443423;2022-04-13;"quarta-feira";"12:25:00";"SC";101;202,8;"SAO JOSE";"Transitar na contramão";"Colisão transversal";"Com Vítimas Feridas";"Pleno dia";"Crescente";"Nublado";"Simples";"Interseção de Vias";"Sim";2;0;1;0;1;0;1;2;-27,55711595;-48,61897889;"SPRF-SC";"DEL01-SC";"UOP01-DEL01-SC"
443425;2022-04-05;"terça-feira";"12:40:00";"PE";101;70;"RECIFE";"Retorno proibido";"Colisão transversal";"Com Vítimas Feridas";"Pleno dia";"Crescente";"Céu Claro";"Dupla";"Reta";"Sim";2;0;1;0;1;0;1;2;-8,06776119;-34,94265074;"SPRF-PE";"DEL01-PE";"UOP01-DEL01-PE"
443426;2022-02-12;"sábado";"18:00:00";"PR";476;134,5;"CURITIBA";"Reação tardia ou ineficiente do condutor";"Colisão com objeto";"Sem Vítimas";"Anoitecer";"Decrescente";"Céu Claro";"Simples";"Reta";"Sim";1;0;0;0;1;0;0;1;-25,476524;-49,259937;"SPRF-PR";"DEL01-PR";"UOP03-DEL01-PR"
443427;2022-04-13;"quarta-feira";"12:40:00";"SC";101;133,5;"BALNEARIO CAMBORIU";"Demais falhas mecânicas ou elétricas";"Incêndio";"Sem Vítimas";"Pleno dia";"Decrescente";"Nublado";"Múltipla";"Reta";"Não";1;0;0;0;1;0;0;1;-26,99936;-48,64609;"SPRF-SC";"DEL04-SC";"UOP03-DEL04-SC"
443428;2022-04-13;"quarta-feira";"12:50:00";"RJ";40;116,9;"DUQUE DE CAXIAS";"Reação tardia ou ineficiente do condutor";"Colisão traseira";"Com Vítimas Feridas";"Pleno dia";"Crescente";"Céu Claro";"Múltipla";"Reta";"Sim";1;0;1;0;0;0;1;1;-22,73662299;-43,28858785;"SPRF-RJ";"DEL01-RJ";"UOP01-DEL01-RJ"
443429;2022-04-13;"quarta-feira";"12:40:00";"GO";153;564,3;"PROFESSOR JAMIL";"Demais falhas mecânicas ou elétricas";"Incêndio";"Sem Vítimas";"Pleno dia";"Crescente";"Céu Claro";"Dupla";"Reta";"Não";20;0;0;0;20;0;0;1;-17,2476;-49,2417;"SPRF-GO";"DEL03-GO";"UOP01-DEL03-GO"
443430;2022-02-13;"domingo";"01:40:00";"ES";259;82,3;"COLATINA";"Ausência de reação do condutor";"Colisão com objeto";"Com Vítimas Feridas";"Plena Noite";"Crescente";"Céu Claro";"Simples";"Reta";"Não";1;0;1;0;0;0;1;1;-19,51079314;-40,85082004;"SPRF-ES";"DEL02-ES";"UOP01-DEL02-ES"