"id";"data_inversa";"dia_semana";"horario";"uf";"br";"km";"municipio";"causa_acidente";"tipo_acidente";"classificacao_acidente";"fase_dia";"sentido_via";"condicao_metereologica";"tipo_pista";"tracado_via";"uso_solo";"pessoas";"mortos";"feridos_leves";"feridos_graves";"ilesos";"ignorados";"feridos";"veiculos";"latitude";"longitude";"regional";"delegacia";"uop"
443432;2022-04-09;"sábado";"15:40:00";"SP";116;38,5;"CACHOEIRA PAULISTA";"Avarias e/ou desgaste excessivo no pneu";"Tombamento";"Com Vítimas Feridas";"Pleno dia";"Decrescente";"Céu Claro";"Dupla";"Curva";"Sim";1;0;1;0;0;0;1;1;-22,67026579;-44,99183604;"SPRF-SP";"DEL08-SP";"UOP02-DEL08-SP"
443433;2022-02-13;"domingo";"15:30:00";"ES";482;46,2;"CACHOEIRO DE ITAPEMIRIM";"Acumulo de água sobre o pavimento";"Capotamento";"Com Vítimas Feridas";"Pleno dia";"Crescente";"Chuva";"Simples";"Reta";"Não";1;0;0;1;0;0;1;1;-20,75767811;-41,24716601;"SPRF-ES";"DEL03-ES";"UOP02-DEL03-ES"
443434;2022-04-13;"quarta-feira";"10:00:00";"GO";153;125;"ESTRELA DO NORTE";"Acessar a via sem observar a presença dos outros veículos";"Colisão transversal";"Com Vítimas Feridas";"Pleno dia";"Crescente";"Céu Claro";"Simples";"Retorno Regulamentado";"Não";2;0;1;0;1;0;1;2;-13,866656;-49,051556;"SPRF-GO";"DEL07-GO";"UOP01-DEL07-GO"
443435;2022-04-08;"sexta-feira";"15:30:00";"BA";407;4;"JUAZEIRO";"Ingestão de álcool pelo condutor";"Tombamento";"Com Vítimas Feridas";"Pleno dia";"Decrescente";"Céu Claro";"Simples";"Rotatória";"Sim";1;0;1;0;0;0;1;1;-9,43957495;-40,49433089;"SPRF-PE";"DEL06-PE";"UOP01-DEL06-PE"
443437;2022-04-10;"domingo";"07:32:00";"MG";40;63,4;"PARACATU";"Reação tardia ou ineficiente do condutor";"Saída de leito carroçável";"Sem Vítimas";"Amanhecer";"Decrescente";"Céu Claro";"Simples";"Interseção de Vias;Curva;Túnel;Aclive";"Não";1;0;0;0;0;1;0;1;-17,34418904;-46,75472907;"SPRF-MG";"DEL14-MG";"UOP01-DEL14-MG"
443438;2022-04-09;"sábado";"22:30:00";"SC";101;132;"BALNEARIO CAMBORIU";"Reação tardia ou ineficiente do condutor";"Saída de leito carroçável";"Sem Vítimas";"Plena Noite";"Crescente";"Nublado";"Múltipla";"Reta";"Não";1;0;0;0;0;1;0;1;-26,99654133;-48,65564711;"SPRF-SC";"DEL04-SC";"UOP03-DEL04-SC"
443439;2022-04-13;"quarta-feira";"12:45:00";"GO";153;190;"URUACU";"Chuva";"Saída de leito carroçável";"Com Vítimas Feridas";"Pleno dia";"Decrescente";"Chuva";"Simples";"Reta";"Não";3;0;3;0;0;0;3;1;-14,429025;-49,156929;"SPRF-GO";"DEL07-GO";"UOP02-DEL07-GO"
443440;2022-04-13;"quarta-feira";"13:07:00";"GO";40;12,8;"LUZIANIA";"Desrespeitar a preferência no cruzamento";"Colisão traseira";"Com Vítimas Feridas";"Pleno dia";"Crescente";"Céu Claro";"Dupla";"Reta";"Sim";2;0;1;0;1;0;1;2;-16,145123;-47,945382;"SPRF-DF";"DEL01-DF";"UOP01-DEL01-DF"
443441;2022-02-12;"sábado";"08:00:00";"SC";280;31;"ARAQUARI";"Velocidade Incompatível";"Colisão traseira";"Com Vítimas Feridas";"Pleno dia";"Crescente";"Sol";"Simples";"Reta";"Sim";7;0;0;2;5;0;2;5;-26,41649938;-48,77181215;"SPRF-SC";"DEL03-SC";"UOP03-DEL03-SC"
443442;2022-04-09;"sábado";"15:50:00";"PR";373;438,5;"CHOPINZINHO";"Velocidade Incompatível";"Tombamento";"Com Vítimas Fatais";"Pleno dia";"Crescente";"Céu Claro";"Simples";"Curva";"Não";2;1;0;0;0;1;0;2;-25,804551;-52,284487;"SPRF-PR";"DEL02-PR";"UOP01-DEL02-PR"
443443;2022-04-10;"domingo";"02:00:00";"SC";101;139;"BALNEARIO CAMBORIU";"Reação tardia ou ineficiente do condutor";"Saída de leito carroçável";"Sem Vítimas";"Plena Noite";"Crescente";"Nublado";"Dupla";"Reta";"Não";1;0;0;0;0;1;0;1;-27,02982303;-48,60115006;"SPRF-SC";"DEL04-SC";"UOP03-DEL04-SC"
443444;2022-04-13;"quarta-feira";"09:50:00";"SC";116;290,5;"CAPAO ALTO";"Ultrapassagem Indevida";"Colisão frontal";"Com Vítimas Fatais";"Pleno dia";"Decrescente";"Céu Claro";"Simples";"Declive;Reta";"Não";5;1;2;2;0;0;4;2;-28,11347414;-50,62465668;"SPRF-SC";"DEL05-SC";"UOP02-DEL05-SC"
443445;2022-04-09;"sábado";"19:20:00";"MS";376;34,4;"VICENTINA";"Pedestre andava na pista";"Atropelamento de Pedestre";"Com Vítimas Feridas";"Plena Noite";"Decrescente";"Nublado";"Simples";"Reta";"Não";2;0;0;1;1;0;1;2;-22,39630512;-54,46859505;"SPRF-MS";"DEL04-MS";"UOP01-DEL04-MS"
443447;2022-04-13;"quarta-feira";"13:10:00";"PI";316;23,7;"TERESINA";"Pista esburacada";"Saída de leito carroçável";"Com Vítimas Feridas";"Pleno dia";"Crescente";"Sol";"Simples";"Reta";"Não";3;0;3;0;0;0;3;1;-5,28247202;-42,72203903;"SPRF-PI";"DEL01-PI";"UOP02-DEL01-PI"
443448;2022-03-27;"domingo";"17:10:00";"SC";282;461,5;"PONTE SERRADA";"Acesso irregular";"Colisão transversal";"Com Vítimas Fatais";"Pleno dia";"Crescente";"Céu Claro";"Simples";"Aclive";"Sim";5;1;4;0;0;0;4;2;-26,86626676;-52,02292442;"SPRF-SC";"DEL07-SC";"UOP04-DEL07-SC"
443449;2022-04-13;"quarta-feira";"13:45:00";"RO";364;710;"PORTO VELHO";"Acessar a via sem observar a presença dos outros veículos";"Colisão lateral mesmo sentido";"Com Vítimas Feridas";"Pleno dia";"Crescente";"Garoa/Chuvisco";"Dupla";"Interseção de Vias;Curva";"Sim";2;0;2;0;0;0;2;1;-8,78621576;-63,85712687;"SPRF-RO";"DEL01-RO";"UOP01-DEL01-RO"
443451;2022-04-13;"quarta-feira";"07:10:00";"MG";262;31,8;"REDUTO";"Pista esburacada";"Tombamento";"Com Vítimas Feridas";"Pleno dia";"Crescente";"Sol";"Simples";"Declive;Curva";"Não";1;0;0;1;0;0;1;1;-20,2532742;-41,992629;"SPRF-MG";"DEL06-MG";"UOP03-DEL06-MG"
443452;2022-04-13;"quarta-feira";"13:55:00";"CE";222;2,7;"FORTALEZA";"Condutor deixou de manter distância do veículo da frente";"Colisão traseira";"Com Vítimas Feridas";"Pleno dia";"Decrescente";"Céu Claro";"Múltipla";"Reta";"Sim";4;0;1;0;3;0;1;3;-3,73982465;-38,59233325;"SPRF-CE";"DEL01-CE";"UOP01-DEL01-CE"
443453;2022-04-09;"sábado";"15:00:00";"DF";80;12;"BRASILIA";"Reação tardia ou ineficiente do condutor";"Colisão traseira";"Com Vítimas Feridas";"Pleno dia";"Crescente";"Sol";"Simples";"Aclive;Reta";"Sim";4;0;2;0;2;0;2;2;-15,730849;-48,187355;"SPRF-DF";"DEL03-DF";"UOP02-DEL03-DF"
443455;2022-02-20;"domingo";"13:00:00";"RS";470;246;"BARAO";"Ingestão de álcool pelo condutor";"Colisão frontal";"Sem Vítimas";"Pleno dia";"Crescente";"Céu Claro";"Simples";"Curva";"Não";2;0;0;0;2;0;0;2;-29,3742;-51,50585;"SPRF-RS";"DEL06-RS";"UOP01-DEL06-RS"
443456;2022-04-13;"quarta-feira";"14:00:00";"MG";262;117;"RIO CASCA";"Reação tardia ou ineficiente do condutor";"Colisão lateral mesmo sentido";"Com Vítimas Feridas";"Pleno dia";"Crescente";"Céu Claro";"Simples";"Reta";"Não";2;0;1;0;1;0;1;2;-20,22891636;-42,62843995;"SPRF-MG";"DEL03-MG";"UOP03-DEL03-MG"
443457;2022-02-17;"quinta-feira";"09:00:00";"MT";163;533;"DIAMANTINO";"Pista Escorregadia";"Saída de leito carroçável";"Com Vítimas Feridas";"Pleno dia";"Crescente";"Chuva";"Simples";"Curva";"Não";3;0;1;0;2;0;1;1;-14,43918701;-56,12186399;"SPRF-MT";"DEL01-MT";"UOP01-DEL01-MT"
443459;2022-04-13;"quarta-feira";"14:40:00";"RJ";40;100;"DUQUE DE CAXIAS";"Ausência de reação do condutor";"Colisão com objeto";"Com Vítimas Feridas";"Pleno dia";"Crescente";"Céu Claro";"Simples";"Reta";"Não";2;0;2;0;0;0;2;1;-22,59404803;-43,28079889;"SPRF-RJ";"DEL01-RJ";"UOP01-DEL01-RJ"
443460;2022-04-10;"domingo";"05:45:00";"MS";487;82;"ITAQUIRAI";"Velocidade Incompatível";"Saída de leito carroçável";"Sem Vítimas";"Amanhecer";"Decrescente";"Céu Claro";"Simples";"Rotatória";"Não";1;0;0;0;0;1;0;1;-23,24755662;-54,22491074;"SPRF-MS";"DEL09-MS";"UOP01-DEL09-MS"
443461;2022-04-13;"quarta-feira";"13:30:00";"PE";232;129,5;"CARUARU";"Demais falhas mecânicas ou elétricas";"Incêndio";"Sem Vítimas";"Pleno dia";"Decrescente";"Céu Claro";"Dupla";"Reta";"Sim";2;0;0;0;2;0;0;1;-8,30193507;-35,98092002;"SPRF-PE";"DEL02-PE";"UOP03-DEL02-PE"
443463;2022-04-13;"quarta-feira";"15:05:00";"AP";210;3;"MACAPA";"Retorno proibido";"Colisão transversal";"Com Vítimas Feridas";"Pleno dia";"Crescente";"Sol";"Simples";"Reta";"Sim";2;0;1;0;1;0;1;2;0,08747535;-51,08583754;"SPRF-AP";"DEL01-AP";"UOP01-DEL01-AP"
443464;2022-03-01;"terça-feira";"21:00:00";"PA";230;116;"MARABA";"Acessar a via sem observar a presença dos outros veículos";"Colisão transversal";"Com Vítimas Feridas";"Plena Noite";"Crescente";"Céu Claro";"Dupla";"Interseção de Vias";"Sim";5;0;1;1;2;1;2;3;-5,35467501;-49,0923214;"SPRF-PA";"DEL03-PA";"UOP01-DEL03-PA"
443465;2022-04-13;"quarta-feira";"14:00:00";"PE";116;24;"SALGUEIRO";"Reação tardia ou ineficiente do condutor";"Colisão transversal";"Sem Vítimas";"Pleno dia";"Decrescente";"Céu Claro";"Simples";"Reta";"Sim";2;0;0;0;2;0;0;2;-8,052562;-39,13718;"SPRF-PE";"DEL05-PE";"UOP01-DEL05-PE"
443469;2022-04-13;"quarta-feira";"15:30:00";"PB";230;18,6;"JOAO PESSOA";"Ingestão de álcool pelo condutor";"Colisão traseira";"Com Vítimas Feridas";"Pleno dia";"Crescente";"Céu Claro";"Dupla";"Curva";"Sim";2;0;1;0;0;1;1;2;-7,1198;-34,8453;"SPRF-PB";"DEL01-PB";"UOP01-DEL01-PB"
443470;2022-04-12;"terça-feira";"07:00:00";"TO";153;344,7;"GUARAI";"Chuva";"Saída de leito carroçável";"Com Vítimas Fatais";"Pleno dia";"Decrescente";"Chuva";"Simples";"Curva";"Não";1;1;0;0;0;0;0;1;-8,926958;-48,50963168;"SPRF-TO";"DEL02-TO";"UOP02-DEL02-TO"
443472;2022-04-13;"quarta-feira";"13:30:00";"DF";20;1;"BRASILIA";"Condutor deixou de manter distância do veículo da frente";"Colisão traseira";"Com Vítimas Feridas";"Pleno dia";"Crescente";"Céu Claro";"Simples";"Reta";"Sim";2;0;1;0;1;0;1;2;-15,685814;-47,849838;"SPRF-DF";"DEL02-DF";"UOP01-DEL02-DF"
443473;2022-04-08;"sexta-feira";"08:35:00";"PA";222;25,6;"DOM ELISEU";"Acumulo de areia ou detritos sobre o pavimento";"Colisão com objeto";"Com Vítimas Feridas";"Pleno dia";"Crescente";"Sol";"Simples";"Reta";"Não";3;0;1;0;0;2;1;3;-4,311721;-47,617702;"SPRF-PA";"DEL02-PA";"UOP02-DEL02-PA"
443475;2022-04-13;"quarta-feira";"16:05:00";"MG";40;150,1;"JOAO PINHEIRO";"Acessar a via sem observar a presença dos outros veículos";"Colisão transversal";"Com Vítimas Fatais";"Pleno dia";"Crescente";"Céu Claro";"Simples";"Reta";"Não";8;1;2;1;3;1;3;3;-17,78938301;-46,13614406;"SPRF-MG";"DEL14-MG";"UOP02-DEL14-MG"
443476;2022-04-13;"quarta-feira";"16:17:00";"RN";101;170,1;"BAIA FORMOSA";"Demais falhas mecânicas ou elétricas";"Queda de ocupante de veículo";"Com Vítimas Feridas";"Pleno dia";"Decrescente";"Céu Claro";"Dupla";"Reta";"Sim";2;0;1;0;0;1;1;1;-6,44861299;-35,10983015;"SPRF-RN";"DEL01-RN";"UOP01-DEL01-RN"
443479;2022-04-13;"quarta-feira";"16:30:00";"SC";101;193,3;"BIGUACU";"Manobra de mudança de faixa";"Saída de leito carroçável";"Com Vítimas Feridas";"Pleno dia";"Crescente";"Céu Claro";"Simples";"Reta";"Não";4;0;2;0;2;0;2;2;-27,489574;-48,655914;"SPRF-SC";"DEL01-SC";"UOP01-DEL01-SC"
443480;2022-04-13;"quarta-feira";"17:00:00";"PB";230;20;"JOAO PESSOA";"Reação tardia ou ineficiente do condutor";"Colisão traseira";"Com Vítimas Feridas";"Pleno dia";"Decrescente";"Céu Claro";"Dupla";"Reta";"Não";2;0;1;0;1;0;1;2;-7,1337;-34,8544;"SPRF-PB";"DEL01-PB";"UOP01-DEL01-PB"
443481;2022-04-13;"quarta-feira";"15:20:00";"CE";116;48,3;"PACAJUS";"Objeto estático sobre o leito carroçável";"Colisão com objeto";"Com Vítimas Feridas";"Pleno dia";"Decrescente";"Sol";"Dupla";"Curva";"Não";1;0;1;0;0;0;1;1;-4,15576886;-38,4815323;"SPRF-CE";"DEL01-CE";"UOP02-DEL01-CE"
443482;2022-04-13;"quarta-feira";"16:15:00";"DF";70;11,5;"BRASILIA";"Reação tardia ou ineficiente do condutor";"Saída de leito carroçável";"Com Vítimas Feridas";"Pleno dia";"Crescente";"Céu Claro";"Dupla";"Reta";"Sim";1;0;1;0;0;0;1;1;-15,789762;-48,148727;"SPRF-DF";"DEL03-DF";"UOP02-DEL03-DF"
443483;2022-04-10;"domingo";"02:00:00";"PI";343;348,5;"TERESINA";"Ingestão de álcool pelo condutor";"Colisão com objeto";"Com Vítimas Feridas";"Plena Noite";"Decrescente";"Garoa/Chuvisco";"Simples";"Interseção de Vias";"Sim";1;0;1;0;0;0;1;1;-5,118706;-42,786411;"SPRF-PI";"DEL01-PI";"UOP01-DEL01-PI"
443485;2022-04-13;"quarta-feira";"16:40:00";"MG";40;532,6;"BELO HORIZONTE";"Manobra de mudança de faixa";"Colisão lateral mesmo sentido";"Com Vítimas Feridas";"Pleno dia";"Crescente";"Céu Claro";"Dupla";"Reta;Declive";"Sim";2;0;1;0;1;0;1;2;-19,92372561;-44,01700789;"SPRF-MG";"DEL01-MG";"UOP02-DEL01-MG"
443486;2022-04-09;"sábado";"12:30:00";"PR";476;1;"ADRIANOPOLIS";"Condutor deixou de manter distância do veículo da frente";"Colisão traseira";"Com Vítimas Feridas";"Pleno dia";"Decrescente";"Céu Claro";"Simples";"Reta";"Sim";2;0;1;0;1;0;1;2;-24,656624;-48,994186;"SPRF-PR";"DEL01-PR";"UOP02-DEL01-PR"
443488;2022-04-13;"quarta-feira";"17:00:00";"SE";235;5,8;"NOSSA SENHORA DO SOCORRO";"Reação tardia ou ineficiente do condutor";"Tombamento";"Com Vítimas Feridas";"Pleno dia";"Decrescente";"Céu Claro";"Dupla";"Reta";"Sim";1;0;1;0;0;0;1;1;-10,9041;-37,1278;"SPRF-SE";"DEL01-SE";"UOP01-DEL01-SE"
443489;2022-04-13;"quarta-feira";"17:00:00";"RS";470;182,2;"VERANOPOLIS";"Reação tardia ou ineficiente do condutor";"Saída de leito carroçável";"Com Vítimas Feridas";"Pleno dia";"Crescente";"Nublado";"Simples";"Curva";"Sim";1;0;1;0;0;0;1;1;-28,9763274;-51,56531811;"SPRF-RS";"DEL06-RS";"UOP02-DEL06-RS"
443490;2022-04-13;"quarta-feira";"16:40:00";"RJ";116;61;"TERESOPOLIS";"Chuva";"Tombamento";"Com Vítimas Feridas";"Pleno dia";"Crescente";"Chuva";"Simples";"Curva";"Não";1;0;1;0;0;0;1;1;-22,23393351;-42,91124743;"SPRF-RJ";"DEL04-RJ";"UOP01-DEL04-RJ"
443491;2022-04-13;"quarta-feira";"16:58:00";"PE";101;42,6;"IGARASSU";"Demais falhas na via";"Colisão traseira";"Com Vítimas Feridas";"Pleno dia";"Decrescente";"Céu Claro";"Múltipla";"Interseção de Vias";"Sim";3;0;1;0;2;0;1;3;-7,83887431;-34,91196739;"SPRF-PE";"DEL01-PE";"UOP02-DEL01-PE"
443492;2022-04-13;"quarta-feira";"16:30:00";"RS";116;247;"SAO LEOPOLDO";"Trafegar com motocicleta (ou similar) entre as faixas";"Colisão traseira";"Com Vítimas Feridas";"Pleno dia";"Decrescente";"Céu Claro";"Múltipla";"Reta";"Sim";2;0;1;0;1;0;1;2;-29,76733091;-51,1535296;"SPRF-RS";"DEL01-RS";"UOP02-DEL01-RS"
443493;2022-04-04;"segunda-feira";"12:10:00";"RS";285;293;"PASSO FUNDO";"Conversão proibida";"Colisão lateral mesmo sentido";"Sem Vítimas";"Pleno dia";"Decrescente";"Céu Claro";"Dupla";"Interseção de Vias";"Sim";3;0;0;0;2;1;0;2;-28,236645;-52,375156;"SPRF-RS";"DEL08-RS";"UOP03-DEL08-RS"
443494;2022-04-13;"quarta-feira";"17:10:00";"RN";226;4;"NATAL";"Ingestão de álcool pelo condutor";"Colisão traseira";"Com Vítimas Feridas";"Pleno dia";"Crescente";"Céu Claro";"Simples";"Reta";"Sim";2;0;1;0;1;0;1;2;-5,819125;-35,262043;"SPRF-RN";"DEL01-RN";"UOP02-DEL01-RN"
443496;2022-04-13;"quarta-feira";"11:00:00";"MS";60;114,3;"PARAISO DAS AGUAS";"Reação tardia ou ineficiente do condutor";"Saída de leito carroçável";"Com Vítimas Feridas";"Pleno dia";"Decrescente";"Chuva";"Simples";"Reta";"Não";1;0;1;0;0;0;1;1;-19,32610288;-53,33799698;"SPRF-MS";"DEL06-MS";"UOP02-DEL06-MS"
443497;2022-04-13;"quarta-feira";"17:30:00";"ES";101;262,1;"SERRA";"Condutor deixou de manter distância do veículo da frente";"Colisão traseira";"Com Vítimas Feridas";"Pleno dia";"Decrescente";"Céu Claro";"Dupla";"Reta";"Sim";2;0;1;0;1;0;1;2;-20,1572331;-40,27678329;"SPRF-ES";"DEL02-ES";"UOP01-DEL02-ES"
443498;2022-04-13;"quarta-feira";"08:05:00";"DF";20;7,8;"BRASILIA";"Manobra de mudança de faixa";"Colisão lateral mesmo sentido";"Com Vítimas Feridas";"Anoitecer";"Crescente";"Garoa/Chuvisco";"Dupla";"Reta";"Sim";2;0;1;0;1;0;1;2;-15,662208;-47,799866;"SPRF-DF";"DEL02-DF";"UOP01-DEL02-DF"
443500;2022-04-13;"quarta-feira";"17:00:00";"GO";60;46;"ABADIANIA";"Declive acentuado";"Capotamento";"Com Vítimas Feridas";"Pleno dia";"Decrescente";"Céu Claro";"Dupla";"Reta";"Não";2;0;2;0;0;0;2;1;-16,1417;-48,5988;"SPRF-GO";"DEL02-GO";"UOP01-DEL02-GO"
443501;2022-03-05;"sábado";"00:40:00";"SC";101;381,5;"ICARA";"Ingestão de álcool pelo condutor";"Capotamento";"Com Vítimas Feridas";"Plena Noite";"Crescente";"Ignorado";"Simples";"Declive";"Sim";1;0;1;0;0;0;1;1;-28,75478409;-49,27732095;"SPRF-SC";"DEL02-SC";"UOP02-DEL02-SC"
443503;2022-04-13;"quarta-feira";"15:20:00";"BA";367;27;"PORTO SEGURO";"Velocidade Incompatível";"Saída de leito carroçável";"Com Vítimas Feridas";"Pleno dia";"Crescente";"Céu Claro";"Simples";"Curva";"Sim";3;0;2;0;0;1;2;2;-16,41747922;-39,11304474;"SPRF-BA";"DEL09-BA";"UOP01-DEL09-BA"
443504;2022-04-09;"sábado";"19:50:00";"SC";280;28,9;"ARAQUARI";"Desrespeitar a preferência no cruzamento";"Colisão frontal";"Com Vítimas Feridas";"Plena Noite";"Crescente";"Céu Claro";"Simples";"Interseção de Vias";"Sim";4;0;1;1;2;0;2;2;-26,40978248;-48,75148773;"SPRF-SC";"DEL03-SC";"UOP03-DEL03-SC"
443505;2022-04-13;"quarta-feira";"17:35:00";"SC";470;70,9;"INDAIAL";"Reação tardia ou ineficiente do condutor";"Colisão transversal";"Com Vítimas Feridas";"Pleno dia";"Crescente";"Nublado";"Simples";"Reta;Em Obras";"Sim";2;0;0;1;1;0;1;2;-26,89540611;-49,26244855;"SPRF-SC";"DEL04-SC";"UOP01-DEL04-SC"
443508;2022-04-07;"quinta-feira";"12:25:00";"PA";316;105;"SANTA MARIA DO PARA";"Condutor deixou de manter distância do veículo da frente";"Colisão traseira";"Com Vítimas Feridas";"Pleno dia";"Crescente";"Chuva";"Simples";"Aclive";"Sim";3;0;1;0;2;0;1;3;-1,34280151;-47,55991892;"SPRF-PA";"DEL01-PA";"UOP02-DEL01-PA"
443510;2022-04-13;"quarta-feira";"12:50:00";"MG";40;619;"CONGONHAS";"Objeto estático sobre o leito carroçável";"Tombamento";"Com Vítimas Feridas";"Pleno dia";"Crescente";"Céu Claro";"Simples";"Curva";"Não";1;0;1;0;0;0;1;1;-20,57051498;-43,81191334;"SPRF-MG";"DEL05-MG";"UOP02-DEL05-MG"
443512;2022-04-09;"sábado";"19:20:00";"MG";40;638,3;"CONSELHEIRO LAFAIETE";"Demais falhas mecânicas ou elétricas";"Saída de leito carroçável";"Com Vítimas Feridas";"Plena Noite";"Decrescente";"Céu Claro";"Simples";"Reta";"Não";2;0;2;0;0;0;2;1;-20,72342022;-43,80026653;"SPRF-MG";"DEL05-MG";"UOP02-DEL05-MG"
443515;2022-04-13;"quarta-feira";"18:15:00";"RS";290;89;"PORTO ALEGRE";"Manobra de mudança de faixa";"Colisão lateral mesmo sentido";"Com Vítimas Feridas";"Anoitecer";"Decrescente";"Nublado";"Múltipla";"Reta";"Sim";3;0;1;0;2;0;1;2;-29,967892;-51,147331;"SPRF-RS";"DEL01-RS";"UOP01-DEL01-RS"
443516;2022-04-13;"quarta-feira";"18:30:00";"BA";101;715;"EUNAPOLIS";"Acessar a via sem observar a presença dos outros veículos";"Colisão frontal";"Sem Vítimas";"Anoitecer";"Crescente";"Céu Claro";"Simples";"Reta";"Sim";2;0;0;0;2;0;0;2;-16,35778928;-39,57941915;"SPRF-BA";"DEL09-BA";"UOP01-DEL09-BA"
443518;2022-04-13;"quarta-feira";"18:15:00";"RS";116;234;"NOVO HAMBURGO";"Entrada inopinada do pedestre";"Atropelamento de Pedestre";"Com Vítimas Feridas";"Plena Noite";"Decrescente";"Nublado";"Simples";"Reta";"Não";2;0;1;0;1;0;1;2;-29,65121313;-51,1444433;"SPRF-RS";"DEL01-RS";"UOP02-DEL01-RS"
443519;2022-04-13;"quarta-feira";"14:30:00";"SC";280;268,2;"IRINEOPOLIS";"Desrespeitar a preferência no cruzamento";"Colisão transversal";"Com Vítimas Feridas";"Pleno dia";"Crescente";"Céu Claro";"Simples";"Interseção de Vias";"Sim";4;0;2;1;1;0;3;2;-26,2638614;-50,71221861;"SPRF-SC";"DEL06-SC";"UOP04-DEL06-SC"
443520;2022-04-13;"quarta-feira";"17:45:00";"SC";101;105,6;"PENHA";"Acessar a via sem observar a presença dos outros veículos";"Colisão transversal";"Com Vítimas Feridas";"Anoitecer";"Decrescente";"Nublado";"Dupla";"Interseção de Vias";"Não";2;0;1;1;0;0;2;2;-26,80215497;-48,67891041;"SPRF-SC";"DEL03-SC";"UOP02-DEL03-SC"
443521;2022-04-13;"quarta-feira";"18:40:00";"GO";60;24;"ALEXANIA";"Velocidade Incompatível";"Colisão com objeto";"Com Vítimas Feridas";"Anoitecer";"Crescente";"Garoa/Chuvisco";"Simples";"Declive";"Não";1;0;1;0;0;0;1;1;-16,0963;-48,5202;"SPRF-DF";"DEL03-DF";"UOP01-DEL03-DF"
443522;2022-04-13;"quarta-feira";"18:30:00";"MG";50;69;"UBERLANDIA";"Reação tardia ou ineficiente do condutor";"Colisão traseira";"Com Vítimas Feridas";"Anoitecer";"Crescente";"Céu Claro";"Simples";"Rotatória";"Sim";2;0;1;0;1;0;1;2;-18,85140204;-48,25345932;"SPRF-MG";"DEL15-MG";"UOP01-DEL15-MG"
443524;2022-04-13;"quarta-feira";"18:50:00";"ES";101;273;"SERRA";"Objeto estático sobre o leito carroçável";"Queda de ocupante de veículo";"Com Vítimas Feridas";"Plena Noite";"Decrescente";"Nublado";"Múltipla";"Reta";"Não";1;0;1;0;0;0;1;1;-20,21740496;-40,26990578;"SPRF-ES";"DEL02-ES";"UOP01-DEL02-ES"
443526;2022-04-13;"quarta-feira";"18:50:00";"MG";381;489,5;"BETIM";"Trafegar com motocicleta (ou similar) entre as faixas";"Colisão traseira";"Com Vítimas Feridas";"Plena Noite";"Crescente";"Céu Claro";"Dupla";"Reta";"Não";3;0;1;1;1;0;2;3;-19,95608487;-44,13311005;"SPRF-MG";"DEL01-MG";"UOP03-DEL01-MG"
443528;2022-04-13;"quarta-feira";"18:30:00";"SC";282;23;"SANTO AMARO DA IMPERATRIZ";"Acessar a via sem observar a presença dos outros veículos";"Colisão transversal";"Com Vítimas Feridas";"Plena Noite";"Crescente";"Céu Claro";"Simples";"Interseção de Vias";"Sim";3;0;1;0;2;0;1;2;-27,687958;-48,736794;"SPRF-SC";"DEL01-SC";"UOP02-DEL01-SC"
443529;2022-04-13;"quarta-feira";"12:50:00";"DF";20;17;"BRASILIA";"Condutor deixou de manter distância do veículo da frente";"Colisão traseira";"Sem Vítimas";"Pleno dia";"Crescente";"Chuva";"Dupla";"Reta;Declive";"Não";2;0;0;0;1;1;0;2;-15,621374;-47,71698;"SPRF-DF";"DEL02-DF";"UOP01-DEL02-DF"
443530;2022-04-13;"quarta-feira";"18:50:00";"RS";116;245;"SAO LEOPOLDO";"Trafegar com motocicleta (ou similar) entre as faixas";"Colisão lateral mesmo sentido";"Com Vítimas Feridas";"Plena Noite";"Decrescente";"Nublado";"Múltipla";"Reta";"Sim";3;0;2;0;1;0;2;2;-29,74980902;-51,15125361;"SPRF-RS";"DEL01-RS";"UOP02-DEL01-RS"
443531;2022-04-13;"quarta-feira";"19:15:00";"SC";101;194;"BIGUACU";"Trafegar com motocicleta (ou similar) entre as faixas";"Colisão traseira";"Com Vítimas Feridas";"Plena Noite";"Decrescente";"Nublado";"Simples";"Reta";"Sim";2;0;1;0;1;0;1;2;-27,49815117;-48,65661236;"SPRF-SC";"DEL01-SC";"UOP01-DEL01-SC"
443532;2022-04-13;"quarta-feira";"15:30:00";"MT";174;108;"MIRASSOL DOESTE";"Chuva";"Saída de leito carroçável";"Com Vítimas Feridas";"Pleno dia";"Decrescente";"Chuva";"Simples";"Reta";"Não";1;0;1;0;0;0;1;1;-15,821487;-57,941789;"SPRF-MT";"DEL03-MT";"UOP01-DEL03-MT"
443533;2022-04-13;"quarta-feira";"19:20:00";"PR";376;160,3;"MARINGA";"Desrespeitar a preferência no cruzamento";"Colisão transversal";"Com Vítimas Feridas";"Plena Noite";"Crescente";"Nublado";"Dupla";"Declive";"Sim";3;0;2;0;1;0;2;2;-23,36838484;-52,06572891;"SPRF-PR";"DEL09-PR";"UOP01-DEL09-PR"
443535;2022-04-13;"quarta-feira";"19:25:00";"SP";153;61,7;"SAO JOSE DO RIO PRETO";"Avarias e/ou desgaste excessivo no pneu";"Tombamento";"Com Vítimas Feridas";"Plena Noite";"Decrescente";"Nublado";"Dupla";"Reta";"Sim";2;0;2;0;0;0;2;1;-20,80502876;-49,35574909;"SPRF-SP";"DEL09-SP";"UOP01-DEL09-SP"