"id";"data_inversa";"dia_semana";"horario";"uf";"br";"km";"municipio";"causa_acidente";"tipo_acidente";"classificacao_acidente";"fase_dia";"sentido_via";"condicao_metereologica";"tipo_pista";"tracado_via";"uso_solo";"pessoas";"mortos";"feridos_leves";"feridos_graves";"ilesos";"ignorados";"feridos";"veiculos";"latitude";"longitude";"regional";"delegacia";"uop"
443537;2022-04-13;"quarta-feira";"05:20:00";"PR";277;599,9;"CASCAVEL";"Ingestão de álcool pelo condutor";"Saída de leito carroçável";"Sem Vítimas";"Amanhecer";"Crescente";"Céu Claro";"Dupla";"Reta";"Sim";1;0;0;0;1;0;0;1;-24,996818;-53,516253;"SPRF-PR";"DEL04-PR";"UOP01-DEL04-PR"
443540;2022-04-13;"quarta-feira";"18:50:00";"PR";163;35,6;"SANTO ANTONIO DO SUDOESTE";"Conversão proibida";"Colisão transversal";"Com Vítimas Feridas";"Plena Noite";"Crescente";"Céu Claro";"Simples";"Reta";"Sim";3;0;1;1;1;0;2;2;-26,06005988;-53,7194109;"SPRF-PR";"DEL02-PR";"UOP02-DEL02-PR"
443541;2022-04-13;"quarta-feira";"18:45:00";"RS";285;118;"VACARIA";"Acessar a via sem observar a presença dos outros veículos";"Colisão transversal";"Sem Vítimas";"Plena Noite";"Decrescente";"Céu Claro";"Simples";"Reta;Interseção de Vias";"Sim";2;0;0;0;2;0;0;2;-28,508183;-50,912724;"SPRF-RS";"DEL05-RS";"UOP03-DEL05-RS"
443544;2022-04-13;"quarta-feira";"19:40:00";"RS";116;146;"CAXIAS DO SUL";"Reação tardia ou ineficiente do condutor";"Colisão transversal";"Sem Vítimas";"Plena Noite";"Crescente";"Céu Claro";"Dupla";"Reta";"Sim";3;0;0;0;3;0;0;3;-29,14228897;-51,13622202;"SPRF-RS";"DEL05-RS";"UOP01-DEL05-RS"
443545;2022-04-13;"quarta-feira";"19:24:00";"GO";40;4,9;"VALPARAISO DE GOIAS";"Ingestão de álcool pelo condutor";"Colisão traseira";"Sem Vítimas";"Plena Noite";"Decrescente";"Céu Claro";"Dupla";"Reta";"Sim";4;0;0;0;4;0;0;2;-16,09220688;-47,98258424;"SPRF-DF";"DEL01-DF";"UOP01-DEL01-DF"
443548;2022-04-13;"quarta-feira";"19:50:00";"GO";153;503;"GOIANIA";"Condutor deixou de manter distância do veículo da frente";"Colisão traseira";"Sem Vítimas";"Plena Noite";"Crescente";"Céu Claro";"Dupla";"Reta";"Sim";2;0;0;0;2;0;0;2;-16,7366;-49,243;"SPRF-GO";"DEL01-GO";"UOP01-DEL01-GO"
443549;2022-04-13;"quarta-feira";"17:27:00";"AC";364;138;"RIO BRANCO";"Reação tardia ou ineficiente do condutor";"Colisão com objeto";"Com Vítimas Feridas";"Plena Noite";"Crescente";"Céu Claro";"Dupla";"Reta";"Sim";2;0;2;0;0;0;2;2;-9,96112502;-67,85646604;"SPRF-AC";"DEL01-AC";"UOP01-DEL01-AC"
443551;2022-04-09;"sábado";"16:15:00";"GO";40;113;"CRISTALINA";"Condutor Dormindo";"Saída de leito carroçável";"Com Vítimas Feridas";"Pleno dia";"Decrescente";"Nublado";"Dupla";"Reta";"Não";1;0;0;1;0;0;1;1;-16,847953;-47,483787;"SPRF-DF";"DEL01-DF";"UOP02-DEL01-DF"
443553;2022-04-13;"quarta-feira";"19:20:00";"MT";163;680;"LUCAS DO RIO VERDE";"Reação tardia ou ineficiente do condutor";"Saída de leito carroçável";"Com Vítimas Feridas";"Anoitecer";"Crescente";"Céu Claro";"Simples";"Reta";"Não";4;0;4;0;0;0;4;1;-13,24099795;-56,01173212;"SPRF-MT";"DEL06-MT";"UOP01-DEL06-MT"
443554;2022-04-13;"quarta-feira";"18:30:00";"RO";364;696;"PORTO VELHO";"Demais falhas na via";"Queda de ocupante de veículo";"Com Vítimas Feridas";"Plena Noite";"Decrescente";"Céu Claro";"Dupla";"Reta";"Não";1;0;0;1;0;0;1;1;-8,80046614;-63,734779;"SPRF-RO";"DEL01-RO";"UOP01-DEL01-RO"
443555;2022-04-13;"quarta-feira";"20:30:00";"RJ";116;169;"SAO JOAO DE MERITI";"Manobra de mudança de faixa";"Eventos atípicos";"Com Vítimas Feridas";"Plena Noite";"Crescente";"Céu Claro";"Múltipla";"Reta";"Sim";2;0;1;0;1;0;1;1;-22,816206;-43,324463;"SPRF-RJ";"DEL01-RJ";"UOP02-DEL01-RJ"
443556;2022-04-13;"quarta-feira";"20:50:00";"SP";116;206;"GUARULHOS";"Reação tardia ou ineficiente do condutor";"Colisão com objeto";"Com Vítimas Feridas";"Plena Noite";"Decrescente";"Céu Claro";"Múltipla";"Reta";"Sim";1;0;1;0;0;0;1;1;-23,41722629;-46,37510292;"SPRF-SP";"DEL01-SP";"UOP01-DEL01-SP"
443557;2022-04-13;"quarta-feira";"20:20:00";"MG";381;929,7;"EXTREMA";"Demais falhas mecânicas ou elétricas";"Saída de leito carroçável";"Com Vítimas Feridas";"Plena Noite";"Decrescente";"Céu Claro";"Dupla";"Curva";"Não";2;0;1;0;0;1;1;2;-22,79911462;-46,26123692;"SPRF-MG";"DEL16-MG";"UOP03-DEL16-MG"
443559;2022-04-13;"quarta-feira";"20:20:00";"PR";476;278;"SAO MATEUS DO SUL";"Acessar a via sem observar a presença dos outros veículos";"Colisão transversal";"Com Vítimas Feridas";"Plena Noite";"Decrescente";"Chuva";"Simples";"Reta";"Não";2;0;1;0;0;1;1;2;-25,868753;-50,396477;"SPRF-PR";"DEL02-PR";"UOP04-DEL02-PR"
443560;2022-04-13;"quarta-feira";"19:50:00";"PI";402;34,9;"PARNAIBA";"Condutor deixou de manter distância do veículo da frente";"Colisão traseira";"Com Vítimas Feridas";"Plena Noite";"Decrescente";"Nublado";"Simples";"Reta";"Sim";2;0;1;0;0;1;1;2;-2,945362;-41,7346;"SPRF-PI";"DEL05-PI";"UOP01-DEL05-PI"
443561;2022-04-13;"quarta-feira";"20:30:00";"MG";356;267,2;"MURIAE";"Condutor deixou de manter distância do veículo da frente";"Colisão traseira";"Com Vítimas Feridas";"Plena Noite";"Crescente";"Nublado";"Simples";"Reta";"Sim";6;0;1;0;5;0;1;2;-21,12725696;-42,35052695;"SPRF-MG";"DEL07-MG";"UOP02-DEL07-MG"
443564;2022-04-10;"domingo";"06:00:00";"PR";369;501,2;"CORBELIA";"Ingestão de álcool pelo condutor";"Colisão com objeto";"Sem Vítimas";"Amanhecer";"Decrescente";"Céu Claro";"Dupla";"Reta";"Sim";2;0;0;0;2;0;0;1;-24,7919;-53,2884;"SPRF-PR";"DEL04-PR";"UOP03-DEL04-PR"
443566;2022-04-13;"quarta-feira";"20:30:00";"SP";116;38;"CACHOEIRA PAULISTA";"Condutor Dormindo";"Colisão com objeto";"Sem Vítimas";"Plena Noite";"Crescente";"Céu Claro";"Dupla";"Curva";"Não";1;0;0;0;1;0;0;1;-22,67026579;-44,99183604;"SPRF-SP";"DEL08-SP";"UOP02-DEL08-SP"
443567;2022-03-22;"terça-feira";"21:30:00";"SP";116;229,2;"SAO PAULO";"Manobra de mudança de faixa";"Colisão lateral mesmo sentido";"Sem Vítimas";"Plena Noite";"Decrescente";"Nublado";"Múltipla";"Reta";"Sim";2;0;0;0;2;0;0;2;-23,50723645;-46,57350719;"SPRF-SP";"DEL01-SP";"UOP01-DEL01-SP"
443571;2022-04-13;"quarta-feira";"20:00:00";"RJ";101;209;"CASIMIRO DE ABREU";"Avarias e/ou desgaste excessivo no pneu";"Colisão com objeto";"Sem Vítimas";"Plena Noite";"Crescente";"Chuva";"Dupla";"Curva";"Não";2;0;0;0;2;0;0;1;-22,48133694;-42,22930101;"SPRF-RJ";"DEL08-RJ";"UOP04-DEL08-RJ"
443572;2022-04-13;"quarta-feira";"21:15:00";"MG";153;165;"COMENDADOR GOMES";"Ausência de reação do condutor";"Saída de leito carroçável";"Sem Vítimas";"Plena Noite";"Decrescente";"Céu Claro";"Simples";"Interseção de Vias";"Não";1;0;0;0;1;0;0;1;-19,72089526;-48,97716825;"SPRF-MG";"DEL13-MG";"UOP02-DEL13-MG"
443573;2022-04-13;"quarta-feira";"20:30:00";"MG";262;795,7;"UBERABA";"Demais falhas mecânicas ou elétricas";"Saída de leito carroçável";"Sem Vítimas";"Anoitecer";"Crescente";"Nublado";"Simples";"Reta";"Não";1;0;0;0;1;0;0;1;-19,76934407;-47,89804799;"SPRF-MG";"DEL13-MG";"UOP01-DEL13-MG"
443575;2022-04-13;"quarta-feira";"19:30:00";"PA";163;948;"BELTERRA";"Reação tardia ou ineficiente do condutor";"Colisão traseira";"Com Vítimas Fatais";"Plena Noite";"Decrescente";"Ignorado";"Simples";"Reta";"Não";2;1;0;0;1;0;0;2;-2,818217;-54,900382;"SPRF-PA";"DEL05-PA";"UOP01-DEL05-PA"
443576;2022-04-13;"quarta-feira";"18:50:00";"PB";361;6;"PATOS";"Acessar a via sem observar a presença dos outros veículos";"Colisão transversal";"Com Vítimas Feridas";"Plena Noite";"Crescente";"Céu Claro";"Simples";"Reta";"Sim";2;0;0;1;1;0;1;2;-7,03594312;-37,31112598;"SPRF-PB";"DEL03-PB";"UOP01-DEL03-PB"
443579;2022-04-13;"quarta-feira";"12:30:00";"MG";365;389;"PATOS DE MINAS";"Chuva";"Saída de leito carroçável";"Com Vítimas Feridas";"Pleno dia";"Crescente";"Chuva";"Simples";"Reta";"Não";1;0;1;0;0;0;1;1;-18,62732902;-46,30441699;"SPRF-MG";"DEL10-MG";"UOP01-DEL10-MG"
443580;2022-04-13;"quarta-feira";"18:20:00";"MT";174;100;"CACERES";"Acesso irregular";"Colisão frontal";"Com Vítimas Feridas";"Anoitecer";"Decrescente";"Nublado";"Simples";"Reta";"Sim";2;0;1;0;1;0;1;2;-15,84063404;-57,86823602;"SPRF-MT";"DEL03-MT";"UOP01-DEL03-MT"
443581;2022-04-09;"sábado";"23:45:00";"PI";343;590;"FLORIANO";"Ausência de reação do condutor";"Colisão com objeto";"Com Vítimas Feridas";"Plena Noite";"Decrescente";"Céu Claro";"Dupla";"Rotatória";"Sim";1;0;1;0;0;0;1;1;-6,783895;-43,015095;"SPRF-PI";"DEL03-PI";"UOP01-DEL03-PI"
443583;2022-04-13;"quarta-feira";"18:58:00";"PB";230;457;"SOUSA";"Acessar a via sem observar a presença dos outros veículos";"Colisão transversal";"Com Vítimas Fatais";"Plena Noite";"Crescente";"Céu Claro";"Simples";"Reta";"Não";2;1;0;0;1;0;0;2;-6,7784;-38,1731;"SPRF-PB";"DEL03-PB";"UOP03-DEL03-PB"
443584;2022-04-13;"quarta-feira";"23:20:00";"SP";116;3;"GUARULHOS";"Acessar a via sem observar a presença dos outros veículos";"Colisão lateral mesmo sentido";"Com Vítimas Feridas";"Plena Noite";"Decrescente";"Céu Claro";"Dupla";"Reta";"Não";3;0;1;0;2;0;1;2;-23,463257;-46,53373;"SPRF-SP";"DEL01-SP";"UOP01-DEL01-SP"
443586;2022-04-13;"quarta-feira";"23:33:00";"PR";476;140;"CURITIBA";"Velocidade Incompatível";"Colisão com objeto";"Com Vítimas Feridas";"Plena Noite";"Decrescente";"Nublado";"Simples";"Reta";"Não";2;0;1;0;1;0;1;2;-25,520693;-49,294121;"SPRF-PR";"DEL01-PR";"UOP03-DEL01-PR"
443587;2022-04-13;"quarta-feira";"22:30:00";"BA";116;519,4;"ITATIM";"Acessar a via sem observar a presença dos outros veículos";"Colisão transversal";"Com Vítimas Feridas";"Plena Noite";"Decrescente";"Céu Claro";"Simples";"Reta";"Sim";3;0;2;0;1;0;2;2;-12,696527;-39,7041909;"SPRF-BA";"DEL03-BA";"UOP02-DEL03-BA"
443591;2022-04-13;"quarta-feira";"23:50:00";"GO";414;437;"ANAPOLIS";"Ingestão de álcool pelo condutor";"Colisão transversal";"Com Vítimas Feridas";"Plena Noite";"Crescente";"Céu Claro";"Simples";"Interseção de Vias";"Sim";3;0;2;0;0;1;2;2;-16,26365299;-48,93824303;"SPRF-GO";"DEL02-GO";"UOP01-DEL02-GO"
443592;2022-04-13;"quarta-feira";"11:30:00";"SP";101;40,8;"UBATUBA";"Velocidade Incompatível";"Colisão com objeto";"Com Vítimas Feridas";"Plena Noite";"Decrescente";"Nublado";"Simples";"Curva";"Não";1;0;0;1;0;0;1;1;-23,41495528;-45,03516778;"SPRF-SP";"DEL06-SP";"UOP01-DEL06-SP"
443594;2022-04-13;"quarta-feira";"23:30:00";"RJ";0;0;"CAMPOS DOS GOYTACAZES";"Acumulo de areia ou detritos sobre o pavimento";"Tombamento";"Com Vítimas Fatais";"Plena Noite";"Não Informado";"Céu Claro";"Simples";"Curva";"Sim";4;1;0;0;2;1;0;3;-21,714966;-41,320061;"SPRF-RJ";"DEL08-RJ";"UOP02-DEL08-RJ"
443595;2022-04-13;"quarta-feira";"16:45:00";"PR";476;65;"CERRO AZUL";"Velocidade Incompatível";"Capotamento";"Com Vítimas Feridas";"Pleno dia";"Crescente";"Céu Claro";"Simples";"Reta";"Não";2;0;1;0;0;1;1;1;-25,042463;-49,079353;"SPRF-PR";"DEL01-PR";"UOP02-DEL01-PR"
443597;2022-04-14;"quinta-feira";"00:15:00";"SP";116;228;"SAO PAULO";"Estacionar ou parar em local proibido";"Colisão traseira";"Com Vítimas Feridas";"Plena Noite";"Decrescente";"Nublado";"Múltipla";"Reta";"Sim";4;0;2;0;2;0;2;2;-23,50343484;-46,56638712;"SPRF-SP";"DEL01-SP";"UOP01-DEL01-SP"
443599;2022-04-14;"quinta-feira";"01:10:00";"RS";290;1,9;"OSORIO";"Ingestão de álcool pelo condutor";"Colisão lateral sentido oposto";"Sem Vítimas";"Plena Noite";"Decrescente";"Nublado";"Dupla";"Reta";"Não";3;0;0;0;3;0;0;3;-29,894957;-50,286026;"SPRF-RS";"DEL03-RS";"UOP01-DEL03-RS"
443600;2022-04-14;"quinta-feira";"00:00:00";"PB";104;143,4;"QUEIMADAS";"Animais na Pista";"Atropelamento de Animal";"Com Vítimas Feridas";"Plena Noite";"Decrescente";"Céu Claro";"Simples";"Reta";"Não";4;0;2;1;1;0;3;2;-7,40477903;-35,89667929;"SPRF-PB";"DEL02-PB";"UOP03-DEL02-PB"
443601;2022-04-13;"quarta-feira";"16:10:00";"AL";316;197;"MARIBONDO";"Transitar no acostamento";"Colisão com objeto";"Sem Vítimas";"Pleno dia";"Decrescente";"Céu Claro";"Simples";"Reta";"Não";1;0;0;0;1;0;0;1;-9,57017708;-36,3492101;"SPRF-AL";"DEL03-AL";"UOP01-DEL03-AL"
443605;2022-04-13;"quarta-feira";"22:30:00";"RJ";101;331;"RIO DE JANEIRO";"Estacionar ou parar em local proibido";"Engavetamento";"Com Vítimas Feridas";"Plena Noite";"Decrescente";"Céu Claro";"Múltipla";"Curva";"Sim";6;0;1;2;3;0;3;4;-22,867662;-43,195337;"SPRF-RJ";"DEL02-RJ";"UOP01-DEL02-RJ"
443606;2022-04-14;"quinta-feira";"04:30:00";"SC";101;161;"TIJUCAS";"Ausência de reação do condutor";"Queda de ocupante de veículo";"Com Vítimas Feridas";"Plena Noite";"Decrescente";"Céu Claro";"Dupla";"Reta";"Sim";2;0;2;0;0;0;2;1;-27,21673911;-48,6244238;"SPRF-SC";"DEL04-SC";"UOP03-DEL04-SC"
443607;2022-04-13;"quarta-feira";"11:30:00";"MG";116;275;"TEOFILO OTONI";"Reação tardia ou ineficiente do condutor";"Colisão lateral mesmo sentido";"Com Vítimas Feridas";"Pleno dia";"Crescente";"Céu Claro";"Simples";"Reta";"Sim";3;0;0;1;1;1;1;3;-17,8495281;-41,51516313;"SPRF-MG";"DEL11-MG";"UOP01-DEL11-MG"
443610;2022-04-13;"quarta-feira";"23:00:00";"BA";116;292;"TUCANO";"Demais falhas mecânicas ou elétricas";"Incêndio";"Sem Vítimas";"Plena Noite";"Decrescente";"Garoa/Chuvisco";"Simples";"Reta";"Não";1;0;0;0;1;0;0;1;-11,11817846;-38,83260034;"SPRF-BA";"DEL02-BA";"UOP01-DEL02-BA"
443612;2022-04-14;"quinta-feira";"05:30:00";"MG";40;787,5;"JUIZ DE FORA";"Ausência de reação do condutor";"Saída de leito carroçável";"Com Vítimas Feridas";"Amanhecer";"Decrescente";"Céu Claro";"Dupla";"Curva";"Não";1;0;1;0;0;0;1;1;-21,75476612;-43,44308812;"SPRF-MG";"DEL05-MG";"UOP01-DEL05-MG"
443615;2022-04-14;"quinta-feira";"06:35:00";"MG";356;265,3;"MURIAE";"Conversão proibida";"Colisão transversal";"Com Vítimas Feridas";"Amanhecer";"Crescente";"Céu Claro";"Simples";"Curva";"Sim";2;0;0;1;1;0;1;2;-21,12838898;-42,366803;"SPRF-MG";"DEL07-MG";"UOP02-DEL07-MG"
443619;2022-04-14;"quinta-feira";"02:40:00";"SC";101;116;"ITAJAI";"Velocidade Incompatível";"Queda de ocupante de veículo";"Sem Vítimas";"Plena Noite";"Crescente";"Nublado";"Múltipla";"Reta";"Sim";2;0;0;0;0;2;0;2;-26,87905605;-48,72603512;"SPRF-SC";"DEL04-SC";"UOP04-DEL04-SC"
443622;2022-04-14;"quinta-feira";"06:30:00";"SC";101;119;"ITAJAI";"Pista Escorregadia";"Colisão com objeto";"Com Vítimas Feridas";"Pleno dia";"Decrescente";"Chuva";"Múltipla";"Reta";"Sim";2;0;1;0;1;0;1;2;-26,9043179;-48,71555481;"SPRF-SC";"DEL04-SC";"UOP04-DEL04-SC"
443623;2022-04-14;"quinta-feira";"07:20:00";"CE";222;6;"CAUCAIA";"Acessar a via sem observar a presença dos outros veículos";"Colisão traseira";"Com Vítimas Feridas";"Pleno dia";"Crescente";"Céu Claro";"Dupla";"Reta";"Sim";2;0;1;0;1;0;1;2;-3,74539216;-38,62188041;"SPRF-CE";"DEL01-CE";"UOP01-DEL01-CE"
443624;2022-04-14;"quinta-feira";"06:35:00";"RJ";101;70,4;"CAMPOS DOS GOYTACAZES";"Transitar no acostamento";"Atropelamento de Pedestre";"Com Vítimas Feridas";"Pleno dia";"Crescente";"Céu Claro";"Simples";"Reta";"Não";2;0;0;1;0;1;1;2;-21,781011;-41,373363;"SPRF-RJ";"DEL08-RJ";"UOP02-DEL08-RJ"
443626;2022-04-14;"quinta-feira";"05:50:00";"BA";101;717;"EUNAPOLIS";"Reação tardia ou ineficiente do condutor";"Tombamento";"Com Vítimas Feridas";"Amanhecer";"Crescente";"Céu Claro";"Múltipla";"Retorno Regulamentado";"Sim";1;0;1;0;0;0;1;1;-16,33935864;-39,58108176;"SPRF-BA";"DEL09-BA";"UOP01-DEL09-BA"
443627;2022-04-14;"quinta-feira";"06:40:00";"CE";20;432;"EUSEBIO";"Manobra de mudança de faixa";"Colisão lateral mesmo sentido";"Com Vítimas Feridas";"Pleno dia";"Crescente";"Céu Claro";"Dupla";"Reta";"Sim";2;0;1;0;1;0;1;2;-3,86425144;-38,47193057;"SPRF-CE";"DEL01-CE";"UOP02-DEL01-CE"
443632;2022-04-03;"domingo";"00:56:00";"SC";470;6;"NAVEGANTES";"Reação tardia ou ineficiente do condutor";"Colisão lateral mesmo sentido";"Com Vítimas Fatais";"Plena Noite";"Crescente";"Garoa/Chuvisco";"Dupla";"Reta";"Não";2;1;0;0;1;0;0;2;-26,83133271;-48,70119095;"SPRF-SC";"DEL04-SC";"UOP04-DEL04-SC"
443633;2022-03-13;"domingo";"04:45:00";"PE";424;91;"GARANHUNS";"Animais na Pista";"Atropelamento de Animal";"Com Vítimas Feridas";"Plena Noite";"Crescente";"Nevoeiro/Neblina";"Simples";"Reta";"Sim";1;0;1;0;0;0;1;1;-8,90409633;-36,49974647;"SPRF-PE";"DEL03-PE";"UOP01-DEL03-PE"
443634;2022-04-14;"quinta-feira";"08:15:00";"SP";381;89;"GUARULHOS";"Reação tardia ou ineficiente do condutor";"Colisão traseira";"Com Vítimas Feridas";"Pleno dia";"Crescente";"Céu Claro";"Dupla";"Reta";"Sim";5;0;1;0;4;0;1;2;-23,48469299;-46,55983288;"SPRF-SP";"DEL03-SP";"UOP01-DEL03-SP"
443635;2022-04-14;"quinta-feira";"08:15:00";"GO";414;439,5;"ANAPOLIS";"Acessar a via sem observar a presença dos outros veículos";"Colisão transversal";"Com Vítimas Feridas";"Pleno dia";"Decrescente";"Céu Claro";"Simples";"Reta";"Sim";3;0;0;1;2;0;1;3;-16,27314335;-48,94053363;"SPRF-GO";"DEL02-GO";"UOP01-DEL02-GO"
443636;2022-04-14;"quinta-feira";"05:30:00";"MG";262;454,5;"NOVA SERRANA";"Ingestão de álcool pelo condutor";"Saída de leito carroçável";"Sem Vítimas";"Pleno dia";"Decrescente";"Céu Claro";"Simples";"Reta";"Não";1;0;0;0;1;0;0;1;-19,85274128;-45,02424211;"SPRF-MG";"DEL08-MG";"UOP03-DEL08-MG"
443640;2022-04-14;"quinta-feira";"08:30:00";"RS";293;349,9;"SANTANA DO LIVRAMENTO";"Demais falhas mecânicas ou elétricas";"Incêndio";"Sem Vítimas";"Pleno dia";"Crescente";"Céu Claro";"Simples";"Reta";"Não";1;0;0;0;1;0;0;1;-30,80979183;-55,60667893;"SPRF-RS";"DEL11-RS";"UOP01-DEL11-RS"
443641;2022-04-14;"quinta-feira";"07:50:00";"MT";163;833;"SINOP";"Acessar a via sem observar a presença dos outros veículos";"Colisão traseira";"Com Vítimas Feridas";"Pleno dia";"Crescente";"Céu Claro";"Dupla";"Interseção de Vias";"Sim";2;0;1;0;1;0;1;2;-11,876;-55,499;"SPRF-MT";"DEL06-MT";"UOP01-DEL06-MT"
443642;2022-04-13;"quarta-feira";"15:00:00";"TO";153;562;"FATIMA";"Ausência de reação do condutor";"Saída de leito carroçável";"Com Vítimas Fatais";"Pleno dia";"Decrescente";"Céu Claro";"Simples";"Reta";"Não";1;1;0;0;0;0;0;1;-10,75907598;-48,9021057;"SPRF-TO";"DEL01-TO";"UOP01-DEL01-TO"
443644;2022-04-14;"quinta-feira";"08:57:00";"ES";101;143;"LINHARES";"Velocidade Incompatível";"Colisão traseira";"Com Vítimas Feridas";"Pleno dia";"Crescente";"Céu Claro";"Múltipla";"Reta";"Sim";2;0;1;0;1;0;1;2;-19,34286596;-40,0638568;"SPRF-ES";"DEL04-ES";"UOP01-DEL04-ES"
443645;2022-04-14;"quinta-feira";"08:35:00";"SC";101;142,6;"ITAPEMA";"Desrespeitar a preferência no cruzamento";"Colisão transversal";"Com Vítimas Feridas";"Pleno dia";"Crescente";"Nublado";"Dupla";"Interseção de Vias";"Sim";2;0;0;1;1;0;1;2;-27,06190325;-48,59645789;"SPRF-SC";"DEL04-SC";"UOP03-DEL04-SC"
443646;2022-04-14;"quinta-feira";"09:03:00";"MA";135;5;"SAO LUIS";"Reação tardia ou ineficiente do condutor";"Colisão traseira";"Sem Vítimas";"Pleno dia";"Decrescente";"Céu Claro";"Dupla";"Reta";"Sim";3;0;0;0;3;0;0;2;-2,62145385;-44,25797421;"SPRF-MA";"DEL01-MA";"UOP01-DEL01-MA"
443648;2022-01-14;"sexta-feira";"06:00:00";"MG";251;234;"CURRAL DE DENTRO";"Condutor Dormindo";"Saída de leito carroçável";"Com Vítimas Feridas";"Amanhecer";"Decrescente";"Céu Claro";"Simples";"Reta";"Não";3;0;0;3;0;0;3;1;-15,95797317;-41,66536332;"SPRF-MG";"DEL11-MG";"UOP02-DEL11-MG"
443649;2022-04-14;"quinta-feira";"08:20:00";"RR";174;502,9;"BOA VISTA";"Condutor deixou de manter distância do veículo da frente";"Colisão traseira";"Sem Vítimas";"Pleno dia";"Crescente";"Céu Claro";"Dupla";"Rotatória";"Sim";3;0;0;0;3;0;0;2;2,80545599;-60,69087982;"SPRF-RR";"DEL01-RR";"UOP01-DEL01-RR"
443650;2022-04-14;"quinta-feira";"09:35:00";"BA";324;588;"CANDEIAS";"Ausência de reação do condutor";"Colisão traseira";"Com Vítimas Feridas";"Pleno dia";"Decrescente";"Nublado";"Dupla";"Declive";"Não";2;0;1;0;1;0;1;2;-12,6556679;-38,47271864;"SPRF-BA";"DEL01-BA";"UOP01-DEL01-BA"
443652;2022-04-14;"quinta-feira";"10:10:00";"RS";386;143;"SARANDI";"Ausência de reação do condutor";"Colisão frontal";"Com Vítimas Feridas";"Pleno dia";"Crescente";"Céu Claro";"Simples";"Curva";"Não";4;0;2;0;2;0;2;2;-28,024887;-52,883507;"SPRF-RS";"DEL08-RS";"UOP01-DEL08-RS"
443653;2022-04-14;"quinta-feira";"09:00:00";"MG";354;742,8;"POUSO ALTO";"Frear bruscamente";"Colisão lateral mesmo sentido";"Com Vítimas Feridas";"Pleno dia";"Crescente";"Nublado";"Simples";"Reta";"Não";2;0;0;1;1;0;1;2;-22,2393211;-44,93648355;"SPRF-MG";"DEL17-MG";"UOP01-DEL17-MG"
443654;2022-04-14;"quinta-feira";"10:10:00";"MG";262;48;"MANHUACU";"Acumulo de óleo sobre o pavimento";"Tombamento";"Com Vítimas Feridas";"Pleno dia";"Crescente";"Céu Claro";"Simples";"Curva";"Não";2;0;1;0;1;0;1;2;-20,25373412;-42,12287611;"SPRF-MG";"DEL06-MG";"UOP03-DEL06-MG"
443655;2022-02-26;"sábado";"06:40:00";"RJ";40;110;"DUQUE DE CAXIAS";"Reação tardia ou ineficiente do condutor";"Colisão com objeto";"Com Vítimas Feridas";"Pleno dia";"Crescente";"Céu Claro";"Múltipla";"Reta";"Sim";2;0;0;2;0;0;2;1;-22,68289906;-43,28549346;"SPRF-RJ";"DEL01-RJ";"UOP01-DEL01-RJ"
443658;2022-04-13;"quarta-feira";"05:10:00";"RJ";101;322;"NITEROI";"Pedestre cruzava a pista fora da faixa";"Atropelamento de Pedestre";"Com Vítimas Feridas";"Amanhecer";"Crescente";"Céu Claro";"Dupla";"Curva";"Sim";2;0;0;1;1;0;1;2;-22,87815218;-43,110888;"SPRF-RJ";"DEL02-RJ";"UOP01-DEL02-RJ"
443659;2022-03-08;"terça-feira";"16:27:00";"PA";230;936;"PLACAS";"Pista Escorregadia";"Saída de leito carroçável";"Sem Vítimas";"Pleno dia";"Decrescente";"Nublado";"Simples";"Reta";"Não";5;0;0;0;2;3;0;2;-3,889937;-54,415878;"SPRF-PA";"DEL04-PA";"UOP01-DEL04-PA"
443661;2022-04-14;"quinta-feira";"10:30:00";"RS";392;683,9;"ROQUE GONZALES";"Ausência de reação do condutor";"Queda de ocupante de veículo";"Com Vítimas Feridas";"Pleno dia";"Crescente";"Sol";"Simples";"Curva";"Não";1;0;1;0;0;0;1;1;-28,12476715;-54,93008805;"SPRF-RS";"DEL10-RS";"UOP01-DEL10-RS"
443665;2022-04-14;"quinta-feira";"11:53:00";"PR";369;433,5;"UBIRATA";"Acessar a via sem observar a presença dos outros veículos";"Colisão transversal";"Com Vítimas Feridas";"Pleno dia";"Decrescente";"Sol";"Simples";"Curva";"Não";3;0;2;0;1;0;2;2;-24,47955551;-52,88074583;"SPRF-PR";"DEL04-PR";"UOP03-DEL04-PR"
443666;2022-04-14;"quinta-feira";"10:20:00";"BA";116;886,2;"CANDIDO SALES";"Pedestre andava na pista";"Atropelamento de Pedestre";"Com Vítimas Feridas";"Pleno dia";"Decrescente";"Sol";"Simples";"Aclive;Reta";"Não";3;0;1;0;2;0;1;2;-15,25488911;-41,11465981;"SPRF-BA";"DEL08-BA";"UOP03-DEL08-BA"
443667;2022-04-14;"quinta-feira";"12:20:00";"RJ";101;394;"ITAGUAI";"Avarias e/ou desgaste excessivo no pneu";"Colisão com objeto";"Com Vítimas Feridas";"Pleno dia";"Crescente";"Nublado";"Dupla";"Reta";"Não";4;0;2;1;1;0;3;1;-22,87912089;-43,73110056;"SPRF-RJ";"DEL03-RJ";"UOP01-DEL03-RJ"