"id";"data_inversa";"dia_semana";"horario";"uf";"br";"km";"municipio";"causa_acidente";"tipo_acidente";"classificacao_acidente";"fase_dia";"sentido_via";"condicao_metereologica";"tipo_pista";"tracado_via";"uso_solo";"pessoas";"mortos";"feridos_leves";"feridos_graves";"ilesos";"ignorados";"feridos";"veiculos";"latitude";"longitude";"regional";"delegacia";"uop"
443780;2022-04-14;"quinta-feira";"20:00:00";"MT";364;455;"VARZEA GRANDE";"Ausência de sinalização";"Colisão frontal";"Com Vítimas Feridas";"Plena Noite";"Crescente";"Nublado";"Simples";"Reta";"Não";2;0;0;1;1;0;1;2;-15,50926569;-56,27162933;"SPRF-MT";"DEL01-MT";"UOP02-DEL01-MT"
443781;2022-04-14;"quinta-feira";"19:24:00";"MA";222;673,1;"ACAILANDIA";"Ausência de reação do condutor";"Engavetamento";"Com Vítimas Feridas";"Plena Noite";"Decrescente";"Céu Claro";"Simples";"Reta";"Sim";3;0;2;0;1;0;2;3;-4,92960481;-47,44590111;"SPRF-MA";"DEL04-MA";"UOP03-DEL04-MA"
443782;2022-04-14;"quinta-feira";"19:20:00";"PR";376;591;"CURITIBA";"Avarias e/ou desgaste excessivo no pneu";"Saída de leito carroçável";"Com Vítimas Feridas";"Plena Noite";"Crescente";"Nublado";"Dupla";"Reta";"Não";2;0;2;0;0;0;2;1;-25,45999605;-49,35895013;"SPRF-PR";"DEL01-PR";"UOP01-DEL01-PR"
443783;2022-04-09;"sábado";"18:50:00";"MG";262;34,5;"MANHUACU";"Ingestão de álcool pelo condutor";"Colisão transversal";"Com Vítimas Feridas";"Plena Noite";"Crescente";"Céu Claro";"Simples";"Curva";"Sim";3;0;1;0;1;1;1;3;-20,25692664;-42,01099203;"SPRF-MG";"DEL06-MG";"UOP03-DEL06-MG"
443784;2022-03-27;"domingo";"02:13:00";"PI";316;314;"PICOS";"Retorno proibido";"Colisão transversal";"Com Vítimas Feridas";"Plena Noite";"Decrescente";"Céu Claro";"Múltipla";"Curva";"Sim";3;0;2;0;0;1;2;2;-7,0776992;-41,44117384;"SPRF-PI";"DEL04-PI";"UOP01-DEL04-PI"
443785;2022-04-14;"quinta-feira";"20:10:00";"SC";282;3,5;"FLORIANOPOLIS";"Condutor deixou de manter distância do veículo da frente";"Colisão traseira";"Com Vítimas Feridas";"Plena Noite";"Crescente";"Nublado";"Múltipla";"Reta";"Sim";2;0;0;1;1;0;1;2;-27,600384;-48,599705;"SPRF-SC";"DEL01-SC";"UOP01-DEL01-SC"
443787;2022-04-14;"quinta-feira";"20:00:00";"SC";101;240;"PALHOCA";"Acessar a via sem observar a presença dos outros veículos";"Atropelamento de Pedestre";"Com Vítimas Feridas";"Plena Noite";"Crescente";"Céu Claro";"Dupla";"Reta";"Não";2;0;0;1;1;0;1;2;-27,85825092;-48,64383119;"SPRF-SC";"DEL01-SC";"UOP02-DEL01-SC"
443789;2022-04-14;"quinta-feira";"20:55:00";"PR";376;351,1;"ORTIGUEIRA";"Pedestre cruzava a pista fora da faixa";"Atropelamento de Pedestre";"Com Vítimas Fatais";"Plena Noite";"Decrescente";"Céu Claro";"Dupla";"Reta";"Sim";4;1;1;0;1;1;1;3;-24,24186305;-50,90915505;"SPRF-PR";"DEL07-PR";"UOP02-DEL07-PR"
443790;2022-04-14;"quinta-feira";"20:30:00";"RS";293;15;"CAPAO DO LEAO";"Desrespeitar a preferência no cruzamento";"Colisão transversal";"Com Vítimas Feridas";"Plena Noite";"Crescente";"Céu Claro";"Simples";"Interseção de Vias";"Sim";2;0;1;0;1;0;1;2;-31,74880317;-52,47844264;"SPRF-RS";"DEL07-RS";"UOP01-DEL07-RS"
443792;2022-04-14;"quinta-feira";"20:07:00";"MG";381;502;"BETIM";"Avarias e/ou desgaste excessivo no pneu";"Queda de ocupante de veículo";"Com Vítimas Feridas";"Plena Noite";"Crescente";"Nublado";"Dupla";"Reta";"Sim";1;0;1;0;0;0;1;1;-20,03619694;-44,24586303;"SPRF-MG";"DEL01-MG";"UOP03-DEL01-MG"
443793;2022-04-14;"quinta-feira";"18:46:00";"PE";104;65,9;"CARUARU";"Acessar a via sem observar a presença dos outros veículos";"Colisão transversal";"Com Vítimas Feridas";"Anoitecer";"Crescente";"Céu Claro";"Dupla";"Reta";"Sim";2;0;1;0;1;0;1;2;-8,2867;-35,9838;"SPRF-PE";"DEL02-PE";"UOP01-DEL02-PE"
443795;2022-04-14;"quinta-feira";"21:30:00";"PR";116;6,9;"CAMPINA GRANDE DO SUL";"Ausência de reação do condutor";"Colisão lateral mesmo sentido";"Com Vítimas Feridas";"Plena Noite";"Crescente";"Chuva";"Dupla";"Curva";"Não";4;0;1;0;3;0;1;2;-25,08710459;-48,60776389;"SPRF-PR";"DEL01-PR";"UOP02-DEL01-PR"
443796;2022-04-14;"quinta-feira";"20:30:00";"PR";369;153;"LONDRINA";"Reação tardia ou ineficiente do condutor";"Capotamento";"Com Vítimas Feridas";"Plena Noite";"Crescente";"Céu Claro";"Dupla";"Interseção de Vias";"Sim";1;0;1;0;0;0;1;1;-23,29264523;-51,1853081;"SPRF-PR";"DEL07-PR";"UOP01-DEL07-PR"
443800;2022-04-14;"quinta-feira";"20:15:00";"RR";174;503;"BOA VISTA";"Ingestão de álcool pelo condutor";"Engavetamento";"Com Vítimas Feridas";"Plena Noite";"Decrescente";"Céu Claro";"Dupla";"Reta";"Sim";6;0;2;0;4;0;2;3;2,82009392;-60,69478512;"SPRF-RR";"DEL01-RR";"UOP01-DEL01-RR"
443802;2022-04-14;"quinta-feira";"07:00:00";"BA";101;441;"UBAITABA";"Acessar a via sem observar a presença dos outros veículos";"Colisão transversal";"Sem Vítimas";"Pleno dia";"Decrescente";"Céu Claro";"Simples";"Reta";"Não";3;0;0;0;3;0;0;2;-14,26438309;-39,33105469;"SPRF-BA";"DEL05-BA";"UOP01-DEL05-BA"
443803;2022-04-14;"quinta-feira";"21:00:00";"MG";40;530;"CONTAGEM";"Velocidade Incompatível";"Saída de leito carroçável";"Sem Vítimas";"Plena Noite";"Crescente";"Céu Claro";"Dupla";"Curva";"Sim";1;0;0;0;1;0;0;1;-19,92064782;-44,0335681;"SPRF-MG";"DEL01-MG";"UOP02-DEL01-MG"
443804;2022-04-14;"quinta-feira";"16:30:00";"MG";116;663,2;"SAO FRANCISCO DO GLORIA";"Chuva";"Saída de leito carroçável";"Com Vítimas Feridas";"Pleno dia";"Crescente";"Chuva";"Simples";"Curva;Declive";"Não";1;0;0;1;0;0;1;1;-20,79900529;-42,31272253;"SPRF-MG";"DEL07-MG";"UOP03-DEL07-MG"
443807;2022-02-16;"quarta-feira";"09:25:00";"RS";290;31,4;"SANTO ANTONIO DA PATRULHA";"Condutor Dormindo";"Saída de leito carroçável";"Com Vítimas Feridas";"Pleno dia";"Decrescente";"Céu Claro";"Dupla";"Reta";"Não";1;0;1;0;0;0;1;1;-29,883911;-50,565765;"SPRF-RS";"DEL03-RS";"UOP01-DEL03-RS"
443808;2022-04-14;"quinta-feira";"22:25:00";"PR";376;178,8;"MARINGA";"Ausência de reação do condutor";"Tombamento";"Com Vítimas Feridas";"Plena Noite";"Crescente";"Céu Claro";"Dupla";"Reta";"Sim";1;0;0;1;0;0;1;1;-23,4189905;-51,9141984;"SPRF-PR";"DEL09-PR";"UOP01-DEL09-PR"
443811;2022-04-14;"quinta-feira";"19:20:00";"MG";262;485,3;"BOM DESPACHO";"Ausência de reação do condutor";"Saída de leito carroçável";"Com Vítimas Feridas";"Plena Noite";"Crescente";"Nublado";"Simples";"Ponte;Reta";"Não";1;0;0;1;0;0;1;1;-19,78606988;-45,29440001;"SPRF-MG";"DEL08-MG";"UOP03-DEL08-MG"
443812;2022-04-14;"quinta-feira";"22:00:00";"SP";116;120;"CACAPAVA";"Reação tardia ou ineficiente do condutor";"Tombamento";"Com Vítimas Feridas";"Plena Noite";"Crescente";"Garoa/Chuvisco";"Dupla";"Reta";"Não";1;0;1;0;0;0;1;1;-23,0715638;-45,64459209;"SPRF-SP";"DEL02-SP";"UOP02-DEL02-SP"
443813;2022-04-14;"quinta-feira";"22:00:00";"PE";316;141;"PARNAMIRIM";"Animais na Pista";"Saída de leito carroçável";"Com Vítimas Feridas";"Plena Noite";"Decrescente";"Céu Claro";"Simples";"Reta";"Não";2;0;2;0;0;0;2;1;-8,08325373;-39,60839488;"SPRF-PE";"DEL05-PE";"UOP02-DEL05-PE"
443814;2022-04-14;"quinta-feira";"19:34:00";"BA";116;15;"VITORIA DA CONQUISTA";"Transitar no acostamento";"Colisão traseira";"Com Vítimas Feridas";"Plena Noite";"Crescente";"Nublado";"Simples";"Declive";"Não";2;0;1;0;0;1;1;2;-14,851;-40,8485;"SPRF-BA";"DEL08-BA";"UOP01-DEL08-BA"
443815;2022-04-14;"quinta-feira";"22:45:00";"MG";40;343,5;"FELIXLANDIA";"Acessar a via sem observar a presença dos outros veículos";"Colisão transversal";"Com Vítimas Feridas";"Plena Noite";"Decrescente";"Céu Claro";"Simples";"Reta";"Não";2;0;0;1;1;0;1;2;-18,6903;-44,98431;"SPRF-MG";"DEL02-MG";"UOP01-DEL02-MG"
443816;2022-04-14;"quinta-feira";"22:40:00";"SP";381;57;"MAIRIPORA";"Pedestre cruzava a pista fora da faixa";"Atropelamento de Pedestre";"Com Vítimas Feridas";"Plena Noite";"Decrescente";"Chuva";"Múltipla";"Reta";"Não";2;0;1;0;1;0;1;2;-23,2658219;-46,5839857;"SPRF-SP";"DEL03-SP";"UOP01-DEL03-SP"
443819;2022-04-14;"quinta-feira";"22:00:00";"RN";304;298;"MACAIBA";"Mal súbito do condutor";"Capotamento";"Sem Vítimas";"Plena Noite";"Crescente";"Céu Claro";"Simples";"Reta";"Não";1;0;0;0;1;0;0;1;-5,8682343;-35,3321791;"SPRF-RN";"DEL01-RN";"UOP02-DEL01-RN"
443820;2022-04-14;"quinta-feira";"22:50:00";"BA";324;595;"CANDEIAS";"Manobra de mudança de faixa";"Queda de ocupante de veículo";"Com Vítimas Feridas";"Plena Noite";"Crescente";"Ignorado";"Dupla";"Curva";"Não";1;0;1;0;0;0;1;1;-12,71235341;-38,45524557;"SPRF-BA";"DEL01-BA";"UOP01-DEL01-BA"
443822;2022-04-14;"quinta-feira";"22:30:00";"SC";282;554,7;"NOVA ITABERABA";"Animais na Pista";"Saída de leito carroçável";"Com Vítimas Feridas";"Plena Noite";"Decrescente";"Céu Claro";"Simples";"Interseção de Vias";"Não";1;0;1;0;0;0;1;1;-26,936278;-52,800781;"SPRF-SC";"DEL07-SC";"UOP01-DEL07-SC"
443823;2022-04-14;"quinta-feira";"19:15:00";"MT";163;81,5;"RONDONOPOLIS";"Reação tardia ou ineficiente do condutor";"Colisão traseira";"Com Vítimas Fatais";"Plena Noite";"Decrescente";"Nublado";"Dupla";"Reta";"Não";3;1;0;1;1;0;1;2;-16,81073315;-54,68584678;"SPRF-MT";"DEL02-MT";"UOP01-DEL02-MT"
443824;2022-04-14;"quinta-feira";"21:10:00";"PR";376;11,5;"MARINGA";"Ingestão de álcool pelo condutor";"Colisão lateral sentido oposto";"Sem Vítimas";"Plena Noite";"Crescente";"Céu Claro";"Dupla";"Reta";"Não";4;0;0;0;4;0;0;2;-23,4273;-51,9375;"SPRF-PR";"DEL09-PR";"UOP01-DEL09-PR"
443825;2022-04-14;"quinta-feira";"23:30:00";"MG";262;373;"JUATUBA";"Pedestre cruzava a pista fora da faixa";"Atropelamento de Pedestre";"Com Vítimas Fatais";"Plena Noite";"Decrescente";"Ignorado";"Dupla";"Reta";"Não";3;1;0;0;1;1;0;2;-19,94949275;-44,38027096;"SPRF-MG";"DEL01-MG";"UOP03-DEL01-MG"
443826;2022-04-14;"quinta-feira";"18:00:00";"RO";364;15;"VILHENA";"Ausência de reação do condutor";"Queda de ocupante de veículo";"Com Vítimas Feridas";"Anoitecer";"Decrescente";"Nublado";"Simples";"Reta";"Sim";1;0;1;0;0;0;1;1;-12,73672751;-60,14804088;"SPRF-RO";"DEL04-RO";"UOP01-DEL04-RO"
443827;2022-04-14;"quinta-feira";"11:30:00";"RO";364;7;"VILHENA";"Reação tardia ou ineficiente do condutor";"Colisão traseira";"Sem Vítimas";"Pleno dia";"Crescente";"Céu Claro";"Simples";"Rotatória";"Sim";3;0;0;0;3;0;0;2;-12,7409725;-60,146282;"SPRF-RO";"DEL04-RO";"UOP01-DEL04-RO"
443828;2022-04-14;"quinta-feira";"22:31:00";"RJ";116;163;"RIO DE JANEIRO";"Chuva";"Colisão com objeto";"Sem Vítimas";"Plena Noite";"Crescente";"Chuva";"Dupla";"Reta";"Sim";3;0;0;0;1;2;0;2;-22,802729;-43,290424;"SPRF-RJ";"DEL01-RJ";"UOP01-DEL01-RJ"
443829;2022-04-14;"quinta-feira";"16:24:00";"GO";40;1,4;"VALPARAISO DE GOIAS";"Trafegar com motocicleta (ou similar) entre as faixas";"Colisão traseira";"Com Vítimas Feridas";"Pleno dia";"Crescente";"Céu Claro";"Dupla";"Reta";"Sim";2;0;0;1;1;0;1;2;-16,058245;-47,982825;"SPRF-DF";"DEL01-DF";"UOP01-DEL01-DF"
443830;2022-04-14;"quinta-feira";"23:55:00";"PB";230;12,8;"CABEDELO";"Reação tardia ou ineficiente do condutor";"Tombamento";"Com Vítimas Feridas";"Plena Noite";"Decrescente";"Céu Claro";"Dupla";"Interseção de Vias";"Sim";1;0;1;0;0;0;1;1;-7,068;-34,85;"SPRF-PB";"DEL01-PB";"UOP01-DEL01-PB"
443831;2022-04-14;"quinta-feira";"21:30:00";"MS";60;503,6;"MARACAJU";"Condutor Dormindo";"Saída de leito carroçável";"Com Vítimas Feridas";"Plena Noite";"Crescente";"Nublado";"Simples";"Rotatória";"Não";3;0;2;0;1;0;2;1;-21,22021369;-55,53654076;"SPRF-MS";"DEL05-MS";"UOP01-DEL05-MS"
443832;2022-04-15;"sexta-feira";"00:40:00";"PE";428;188;"PETROLINA";"Ingestão de álcool pelo condutor";"Colisão transversal";"Com Vítimas Feridas";"Plena Noite";"Crescente";"Nublado";"Simples";"Rotatória";"Sim";3;0;3;0;0;0;3;2;-9,36400596;-40,48266808;"SPRF-PE";"DEL06-PE";"UOP01-DEL06-PE"
443833;2022-04-14;"quinta-feira";"23:30:00";"SP";0;0;"JACUPIRANGA";"Condutor deixou de manter distância do veículo da frente";"Colisão traseira";"Sem Vítimas";"Plena Noite";"Não Informado";"Céu Claro";"Dupla";"Reta";"Sim";2;0;0;0;1;1;0;2;-24,70262269;-48,00858731;"SPRF-SP";"DEL05-SP";"UOP01-DEL05-SP"
443835;2022-04-15;"sexta-feira";"00:40:00";"SC";470;142,1;"RIO DO SUL";"Condutor Dormindo";"Colisão com objeto";"Com Vítimas Feridas";"Plena Noite";"Crescente";"Nublado";"Simples";"Curva";"Sim";1;0;0;1;0;0;1;1;-27,229801;-49,6693;"SPRF-SC";"DEL04-SC";"UOP02-DEL04-SC"
443836;2022-04-14;"quinta-feira";"16:30:00";"MA";230;322;"SAO RAIMUNDO DAS MANGABEIRAS";"Entrada inopinada do pedestre";"Atropelamento de Pedestre";"Com Vítimas Fatais";"Pleno dia";"Crescente";"Céu Claro";"Simples";"Reta";"Não";2;1;0;1;0;0;1;2;-7,052098;-45,534029;"SPRF-MA";"DEL05-MA";"UOP01-DEL05-MA"
443837;2022-04-14;"quinta-feira";"20:50:00";"RS";386;276;"FONTOURA XAVIER";"Condutor deixou de manter distância do veículo da frente";"Colisão traseira";"Sem Vítimas";"Plena Noite";"Decrescente";"Nublado";"Simples";"Reta";"Não";4;0;0;0;4;0;0;2;-29,007221;-52,338665;"SPRF-RS";"DEL04-RS";"UOP03-DEL04-RS"
443838;2022-03-09;"quarta-feira";"23:00:00";"RO";319;62;"PORTO VELHO";"Condutor desrespeitou a iluminação vermelha do semáforo";"Colisão transversal";"Sem Vítimas";"Plena Noite";"Decrescente";"Céu Claro";"Múltipla";"Interseção de Vias";"Sim";2;0;0;0;2;0;0;2;-8,766685;-63,884052;"SPRF-RO";"DEL01-RO";"UOP01-DEL01-RO"
443839;2022-04-15;"sexta-feira";"01:45:00";"SC";470;139,9;"RIO DO SUL";"Velocidade Incompatível";"Saída de leito carroçável";"Sem Vítimas";"Plena Noite";"Decrescente";"Nublado";"Simples";"Reta";"Não";1;0;0;0;1;0;0;1;-27,226065;-49,666161;"SPRF-SC";"DEL04-SC";"UOP02-DEL04-SC"
443840;2022-04-15;"sexta-feira";"01:15:00";"RS";116;522,4;"PELOTAS";"Velocidade Incompatível";"Colisão com objeto";"Sem Vítimas";"Plena Noite";"Decrescente";"Céu Claro";"Dupla";"Ponte";"Não";3;0;0;0;3;0;0;2;-31,714441;-52,374715;"SPRF-RS";"DEL07-RS";"UOP01-DEL07-RS"
443841;2022-04-15;"sexta-feira";"02:00:00";"SP";381;60;"MAIRIPORA";"Velocidade Incompatível";"Colisão traseira";"Sem Vítimas";"Plena Noite";"Crescente";"Garoa/Chuvisco";"Dupla";"Declive;Curva";"Não";1;0;0;0;1;0;0;1;-23,28957673;-46,58729853;"SPRF-SP";"DEL03-SP";"UOP01-DEL03-SP"
443842;2022-04-15;"sexta-feira";"00:53:00";"MS";163;597;"SAO GABRIEL DO OESTE";"Demais falhas mecânicas ou elétricas";"Tombamento";"Com Vítimas Feridas";"Plena Noite";"Decrescente";"Céu Claro";"Dupla";"Reta";"Não";2;0;0;1;1;0;1;1;-19,52575805;-54,46168407;"SPRF-MS";"DEL06-MS";"UOP02-DEL06-MS"
443843;2022-04-15;"sexta-feira";"02:15:00";"RS";116;264,8;"CANOAS";"Condutor Dormindo";"Colisão frontal";"Com Vítimas Feridas";"Plena Noite";"Decrescente";"Céu Claro";"Dupla";"Reta";"Sim";1;0;1;0;0;0;1;1;-29,914435;-51,17754495;"SPRF-RS";"DEL01-RS";"UOP01-DEL01-RS"
443847;2022-04-15;"sexta-feira";"05:10:00";"PE";101;177,1;"JOAQUIM NABUCO";"Ausência de reação do condutor";"Saída de leito carroçável";"Com Vítimas Feridas";"Pleno dia";"Crescente";"Céu Claro";"Dupla";"Curva";"Não";3;0;2;0;1;0;2;1;-8,60296585;-35,535297;"SPRF-PE";"DEL01-PE";"UOP01-DEL01-PE"
443848;2022-04-15;"sexta-feira";"05:40:00";"SC";101;134;"BALNEARIO CAMBORIU";"Ingestão de álcool pelo condutor";"Colisão com objeto";"Sem Vítimas";"Amanhecer";"Decrescente";"Céu Claro";"Múltipla";"Interseção de Vias";"Sim";1;0;0;0;1;0;0;1;-27,00218;-48,636433;"SPRF-SC";"DEL04-SC";"UOP03-DEL04-SC"
443849;2022-04-15;"sexta-feira";"04:40:00";"BA";101;852;"TEIXEIRA DE FREITAS";"Ingestão de álcool pelo condutor";"Colisão frontal";"Com Vítimas Feridas";"Amanhecer";"Crescente";"Céu Claro";"Simples";"Reta";"Não";7;0;1;0;4;2;1;3;-17,53782282;-39,71428432;"SPRF-BA";"DEL09-BA";"UOP02-DEL09-BA"
443850;2022-04-15;"sexta-feira";"06:00:00";"PE";104;42;"CARUARU";"Ausência de reação do condutor";"Atropelamento de Pedestre";"Com Vítimas Feridas";"Pleno dia";"Crescente";"Céu Claro";"Dupla";"Curva";"Não";2;0;2;0;0;0;2;2;-8,1065;-36,0218;"SPRF-PE";"DEL02-PE";"UOP01-DEL02-PE"
443851;2022-04-14;"quinta-feira";"23:50:00";"BA";101;582;"CAMACAN";"Animais na Pista";"Atropelamento de Animal";"Com Vítimas Feridas";"Plena Noite";"Crescente";"Céu Claro";"Simples";"Reta";"Não";1;0;1;0;0;0;1;1;-15,53161234;-39,42312335;"SPRF-BA";"DEL05-BA";"UOP02-DEL05-BA"
443853;2022-04-15;"sexta-feira";"04:30:00";"SP";381;58;"MAIRIPORA";"Ausência de reação do condutor";"Colisão traseira";"Sem Vítimas";"Plena Noite";"Crescente";"Céu Claro";"Dupla";"Reta";"Não";3;0;0;0;2;1;0;1;-23,27438497;-46,58530615;"SPRF-SP";"DEL03-SP";"UOP01-DEL03-SP"
443854;2022-04-15;"sexta-feira";"06:05:00";"MG";40;461,5;"SETE LAGOAS";"Condutor deixou de manter distância do veículo da frente";"Colisão traseira";"Com Vítimas Feridas";"Pleno dia";"Crescente";"Nublado";"Dupla";"Declive;Curva";"Não";3;0;1;0;2;0;1;2;-19,4065509;-44,33367766;"SPRF-MG";"DEL02-MG";"UOP01-DEL02-MG"
443855;2022-04-14;"quinta-feira";"21:25:00";"SP";116;499;"CAJATI";"Condutor deixou de manter distância do veículo da frente";"Queda de ocupante de veículo";"Com Vítimas Feridas";"Plena Noite";"Crescente";"Nublado";"Dupla";"Reta";"Não";2;0;1;0;1;0;1;2;-24,78400536;-48,17898631;"SPRF-SP";"DEL05-SP";"UOP02-DEL05-SP"
443859;2022-04-15;"sexta-feira";"07:00:00";"PB";101;31,8;"RIO TINTO";"Ausência de reação do condutor";"Colisão traseira";"Com Vítimas Fatais";"Pleno dia";"Decrescente";"Céu Claro";"Dupla";"Reta";"Não";48;1;0;0;47;0;0;2;-6,77036756;-35,13318877;"SPRF-PB";"DEL01-PB";"UOP04-DEL01-PB"
443860;2022-04-14;"quinta-feira";"20:10:00";"MS";0;0;"RIBAS DO RIO PARDO";"Acumulo de areia ou detritos sobre o pavimento";"Saída de leito carroçável";"Sem Vítimas";"Plena Noite";"Não Informado";"Céu Claro";"Simples";"Curva";"Não";3;0;0;0;3;0;0;1;-21,557158;-53,527508;"SPRF-MS";"DEL02-MS";"N/A"
443861;2022-04-15;"sexta-feira";"06:40:00";"MG";40;734,8;"SANTOS DUMONT";"Condutor Dormindo";"Saída de leito carroçável";"Com Vítimas Feridas";"Pleno dia";"Crescente";"Nublado";"Simples";"Reta";"Não";1;0;1;0;0;0;1;1;-21,36247924;-43,57519146;"SPRF-MG";"DEL05-MG";"UOP01-DEL05-MG"
443862;2022-04-15;"sexta-feira";"02:30:00";"MG";262;875,8;"CAMPO FLORIDO";"Acostamento em desnível";"Saída de leito carroçável";"Sem Vítimas";"Plena Noite";"Crescente";"Nublado";"Simples";"Declive";"Não";3;0;0;0;2;1;0;2;-19,78014154;-48,50117611;"SPRF-MG";"DEL13-MG";"UOP01-DEL13-MG"
443863;2022-04-14;"quinta-feira";"19:30:00";"AP";156;380;"FERREIRA GOMES";"Acessar a via sem observar a presença dos outros veículos";"Queda de ocupante de veículo";"Com Vítimas Feridas";"Plena Noite";"Decrescente";"Nublado";"Dupla";"Declive";"Não";3;0;2;0;0;1;2;2;0,8500834137;-51,1889472018;"SPRF-AP";"DEL01-AP";"UOP02-DEL01-AP"
443864;2022-04-15;"sexta-feira";"04:00:00";"RO";364;218,1;"PIMENTA BUENO";"Condutor Dormindo";"Saída de leito carroçável";"Com Vítimas Feridas";"Plena Noite";"Crescente";"Nublado";"Simples";"Curva";"Não";4;0;1;1;2;0;2;1;-11,53904;-61,307151;"SPRF-RO";"DEL02-RO";"UOP02-DEL02-RO"
443865;2022-04-14;"quinta-feira";"23:40:00";"SP";381;60;"MAIRIPORA";"Velocidade Incompatível";"Tombamento";"Com Vítimas Feridas";"Plena Noite";"Crescente";"Garoa/Chuvisco";"Dupla";"Curva;Aclive";"Sim";1;0;1;0;0;0;1;1;-23,28957673;-46,58729853;"SPRF-SP";"DEL03-SP";"UOP01-DEL03-SP"
443866;2022-04-15;"sexta-feira";"06:40:00";"ES";101;114;"LINHARES";"Chuva";"Tombamento";"Com Vítimas Feridas";"Amanhecer";"Crescente";"Chuva";"Simples";"Reta";"Não";1;0;1;0;0;0;1;1;-19,09484877;-40,05095848;"SPRF-ES";"DEL04-ES";"UOP01-DEL04-ES"
443867;2022-04-15;"sexta-feira";"07:00:00";"PA";316;25;"BENEVIDES";"Reação tardia ou ineficiente do condutor";"Colisão traseira";"Com Vítimas Feridas";"Pleno dia";"Crescente";"Céu Claro";"Dupla";"Reta";"Sim";2;0;0;1;1;0;1;2;-1,3252697;-48,232117;"SPRF-PA";"DEL01-PA";"UOP01-DEL01-PA"
443868;2022-04-15;"sexta-feira";"05:30:00";"SC";101;314;"LAGUNA";"Reação tardia ou ineficiente do condutor";"Colisão traseira";"Sem Vítimas";"Amanhecer";"Decrescente";"Céu Claro";"Dupla";"Ponte";"Não";2;0;0;0;2;0;0;2;-28,44043981;-48,82497095;"SPRF-SC";"DEL02-SC";"UOP01-DEL02-SC"
443869;2022-04-15;"sexta-feira";"06:30:00";"SP";116;117;"CACAPAVA";"Acumulo de areia ou detritos sobre o pavimento";"Queda de ocupante de veículo";"Com Vítimas Feridas";"Pleno dia";"Crescente";"Céu Claro";"Simples";"Reta";"Não";1;0;1;0;0;0;1;1;-23,0582298;-45,6176951;"SPRF-SP";"DEL02-SP";"UOP02-DEL02-SP"
443870;2022-04-15;"sexta-feira";"07:40:00";"GO";70;0;"AGUAS LINDAS DE GOIAS";"Condutor Dormindo";"Capotamento";"Com Vítimas Feridas";"Pleno dia";"Crescente";"Céu Claro";"Dupla";"Curva";"Não";1;0;1;0;0;0;1;1;-15,783543;-48,2326;"SPRF-DF";"DEL03-DF";"UOP02-DEL03-DF"
443871;2022-04-15;"sexta-feira";"06:50:00";"RJ";40;119;"DUQUE DE CAXIAS";"Reação tardia ou ineficiente do condutor";"Colisão com objeto";"Com Vítimas Feridas";"Amanhecer";"Decrescente";"Céu Claro";"Dupla";"Curva";"Sim";3;0;2;0;1;0;2;1;-22,76375592;-43,28683062;"SPRF-RJ";"DEL01-RJ";"UOP01-DEL01-RJ"
443872;2022-04-09;"sábado";"18:20:00";"PI";316;8,1;"TERESINA";"Ausência de reação do condutor";"Atropelamento de Pedestre";"Com Vítimas Fatais";"Anoitecer";"Crescente";"Nublado";"Múltipla";"Reta";"Sim";2;1;0;0;0;1;0;2;-5,170702;-42,767487;"SPRF-PI";"DEL01-PI";"UOP02-DEL01-PI"
443873;2022-04-15;"sexta-feira";"06:20:00";"MG";116;643,9;"DIVINO";"Velocidade Incompatível";"Colisão com objeto";"Com Vítimas Feridas";"Pleno dia";"Decrescente";"Céu Claro";"Simples";"Curva;Declive";"Não";3;0;2;1;0;0;3;1;-20,66154092;-42,26743625;"SPRF-MG";"DEL07-MG";"UOP03-DEL07-MG"
443874;2022-03-27;"domingo";"06:20:00";"GO";153;172;"CAMPINORTE";"Reação tardia ou ineficiente do condutor";"Colisão traseira";"Com Vítimas Feridas";"Amanhecer";"Crescente";"Céu Claro";"Simples";"Reta";"Não";6;0;1;0;5;0;1;2;-14,275132;-49,14653;"SPRF-GO";"DEL07-GO";"UOP02-DEL07-GO"
443875;2022-02-15;"terça-feira";"15:50:00";"MT";163;84,6;"RONDONOPOLIS";"Pista esburacada";"Saída de leito carroçável";"Com Vítimas Feridas";"Pleno dia";"Crescente";"Céu Claro";"Dupla";"Rotatória";"Não";5;0;4;0;1;0;4;1;-16,78834709;-54,67072783;"SPRF-MT";"DEL02-MT";"UOP01-DEL02-MT"
443878;2022-04-15;"sexta-feira";"02:30:00";"PR";116;169;"QUITANDINHA";"Ingestão de álcool pelo condutor";"Colisão com objeto";"Sem Vítimas";"Plena Noite";"Crescente";"Céu Claro";"Simples";"Curva";"Não";1;0;0;0;0;1;0;1;-25,88851964;-49,51487325;"SPRF-PR";"DEL01-PR";"UOP03-DEL01-PR"
443879;2022-04-12;"terça-feira";"06:50:00";"MG";365;614;"UBERLANDIA";"Ausência de reação do condutor";"Colisão transversal";"Com Vítimas Feridas";"Pleno dia";"Crescente";"Sol";"Simples";"Reta";"Não";2;0;1;0;0;1;1;2;-18,884602;-48,26594;"SPRF-MG";"DEL15-MG";"UOP01-DEL15-MG"
443880;2022-01-25;"terça-feira";"06:15:00";"BA";101;935;"MUCURI";"Velocidade Incompatível";"Atropelamento de Pedestre";"Com Vítimas Feridas";"Pleno dia";"Crescente";"Céu Claro";"Simples";"Reta";"Sim";2;0;0;1;1;0;1;2;-18,01174336;-39,86105723;"SPRF-BA";"DEL09-BA";"UOP02-DEL09-BA"