"id";"data_inversa";"dia_semana";"horario";"uf";"br";"km";"municipio";"causa_acidente";"tipo_acidente";"classificacao_acidente";"fase_dia";"sentido_via";"condicao_metereologica";"tipo_pista";"tracado_via";"uso_solo";"pessoas";"mortos";"feridos_leves";"feridos_graves";"ilesos";"ignorados";"feridos";"veiculos";"latitude";"longitude";"regional";"delegacia";"uop"
443883;2022-04-09;"sábado";"14:15:00";"DF";251;6,7;"BRASILIA";"Desrespeitar a preferência no cruzamento";"Colisão transversal";"Com Vítimas Feridas";"Pleno dia";"Decrescente";"Sol";"Simples";"Reta";"Não";3;0;3;0;0;0;3;2;-15,99882862;-47,56334608;"SPRF-DF";"DEL01-DF";"UOP01-DEL01-DF"
443884;2022-02-09;"quarta-feira";"21:45:00";"PR";376;185,9;"MARINGA";"Ingestão de álcool pelo condutor";"Capotamento";"Sem Vítimas";"Plena Noite";"Crescente";"Céu Claro";"Dupla";"Reta";"Sim";1;0;0;0;0;1;0;1;-23,45147413;-51,85361808;"SPRF-PR";"DEL09-PR";"UOP01-DEL09-PR"
443885;2022-04-15;"sexta-feira";"05:00:00";"MG";356;283,2;"PATROCINIO DO MURIAE";"Ingestão de álcool pelo condutor";"Colisão frontal";"Com Vítimas Feridas";"Amanhecer";"Decrescente";"Nublado";"Simples";"Curva";"Não";3;0;1;0;1;1;1;2;-21,12246713;-42,21826402;"SPRF-MG";"DEL07-MG";"UOP02-DEL07-MG"
443886;2022-02-13;"domingo";"21:15:00";"PR";476;197;"LAPA";"Ausência de reação do condutor";"Colisão com objeto";"Sem Vítimas";"Plena Noite";"Decrescente";"Chuva";"Simples";"Rotatória";"Sim";1;0;0;0;1;0;0;1;-25,759378;-49,73254;"SPRF-PR";"DEL02-PR";"UOP04-DEL02-PR"
443888;2022-04-15;"sexta-feira";"08:45:00";"PR";277;33,1;"MORRETES";"Manobra de mudança de faixa";"Colisão lateral mesmo sentido";"Com Vítimas Feridas";"Pleno dia";"Decrescente";"Sol";"Dupla";"Curva";"Não";4;0;2;0;1;1;2;3;-25,56716912;-48,81088793;"SPRF-PR";"DEL01-PR";"UOP05-DEL01-PR"
443890;2022-04-14;"quinta-feira";"18:00:00";"PR";373;478;"CORONEL VIVIDA";"Desrespeitar a preferência no cruzamento";"Colisão transversal";"Com Vítimas Feridas";"Anoitecer";"Decrescente";"Céu Claro";"Simples";"Reta;Interseção de Vias";"Não";2;0;1;0;1;0;1;2;-25,97273123;-52,53404482;"SPRF-PR";"DEL02-PR";"UOP01-DEL02-PR"
443891;2022-04-15;"sexta-feira";"10:05:00";"ES";101;441;"MIMOSO DO SUL";"Pedestre cruzava a pista fora da faixa";"Colisão lateral sentido oposto";"Com Vítimas Feridas";"Pleno dia";"Crescente";"Nublado";"Simples";"Reta";"Não";2;0;0;1;1;0;1;2;-21,08329589;-41,24202612;"SPRF-ES";"DEL03-ES";"UOP02-DEL03-ES"
443892;2022-04-15;"sexta-feira";"10:00:00";"CE";20;426,7;"FORTALEZA";"Manobra de mudança de faixa";"Colisão traseira";"Com Vítimas Feridas";"Pleno dia";"Crescente";"Céu Claro";"Dupla";"Reta";"Sim";6;0;4;0;2;0;4;2;-3,76999035;-38,67006282;"SPRF-CE";"DEL01-CE";"UOP02-DEL01-CE"
443893;2022-04-15;"sexta-feira";"08:10:00";"MG";251;493;"FRANCISCO SA";"Demais falhas mecânicas ou elétricas";"Incêndio";"Com Vítimas Feridas";"Pleno dia";"Decrescente";"Nublado";"Simples";"Curva";"Não";36;0;1;0;35;0;1;1;-16,5500591;-43,60261992;"SPRF-MG";"DEL12-MG";"UOP01-DEL12-MG"
443895;2022-04-15;"sexta-feira";"10:15:00";"ES";101;125;"SOORETAMA";"Deficiência do Sistema de Iluminação/Sinalização";"Queda de ocupante de veículo";"Com Vítimas Feridas";"Pleno dia";"Decrescente";"Nublado";"Dupla";"Interseção de Vias";"Sim";3;0;1;0;2;0;1;2;-19,18496498;-40,09429827;"SPRF-ES";"DEL04-ES";"UOP01-DEL04-ES"
443898;2022-02-06;"domingo";"14:55:00";"PI";316;259;"IPIRANGA DO PIAUI";"Acessar a via sem observar a presença dos outros veículos";"Colisão transversal";"Com Vítimas Feridas";"Pleno dia";"Crescente";"Nublado";"Simples";"Interseção de Vias";"Sim";2;0;0;1;1;0;1;2;-6,81961598;-41,73781153;"SPRF-PI";"DEL04-PI";"UOP02-DEL04-PI"
443899;2022-04-15;"sexta-feira";"09:00:00";"MG";40;510,2;"RIBEIRAO DAS NEVES";"Manobra de mudança de faixa";"Colisão lateral mesmo sentido";"Sem Vítimas";"Pleno dia";"Decrescente";"Céu Claro";"Dupla";"Reta;Declive";"Sim";6;0;0;0;6;0;0;2;-19,77463885;-44,12321882;"SPRF-MG";"DEL01-MG";"UOP02-DEL01-MG"
443901;2022-04-15;"sexta-feira";"10:00:00";"BA";324;568,8;"SAO SEBASTIAO DO PASSE";"Reação tardia ou ineficiente do condutor";"Colisão traseira";"Com Vítimas Feridas";"Pleno dia";"Decrescente";"Céu Claro";"Dupla";"Reta";"Não";6;0;3;0;3;0;3;3;-12,53527699;-38,59595575;"SPRF-BA";"DEL01-BA";"UOP01-DEL01-BA"
443902;2022-04-15;"sexta-feira";"11:00:00";"RS";290;95;"PORTO ALEGRE";"Mal súbito do condutor";"Colisão traseira";"Com Vítimas Feridas";"Pleno dia";"Crescente";"Nublado";"Dupla";"Reta";"Não";2;0;1;0;1;0;1;2;-29,982832;-51,201572;"SPRF-RS";"DEL01-RS";"UOP01-DEL01-RS"
443903;2022-04-15;"sexta-feira";"11:17:00";"MG";40;509,8;"RIBEIRAO DAS NEVES";"Entrada inopinada do pedestre";"Atropelamento de Pedestre";"Com Vítimas Fatais";"Pleno dia";"Crescente";"Céu Claro";"Dupla";"Declive;Reta";"Sim";3;1;0;0;1;1;0;2;-19,76728744;-44,12855905;"SPRF-MG";"DEL01-MG";"UOP02-DEL01-MG"
443904;2022-04-15;"sexta-feira";"11:00:00";"RS";285;436;"BOZANO";"Transitar na contramão";"Colisão lateral sentido oposto";"Com Vítimas Fatais";"Pleno dia";"Decrescente";"Sol";"Simples";"Curva";"Não";6;1;1;1;3;0;2;3;-28,344213;-53,701355;"SPRF-RS";"DEL10-RS";"UOP01-DEL10-RS"
443905;2022-04-15;"sexta-feira";"10:30:00";"PR";116;135;"FAZENDA RIO GRANDE";"Ausência de reação do condutor";"Colisão com objeto";"Com Vítimas Feridas";"Pleno dia";"Decrescente";"Céu Claro";"Múltipla";"Reta";"Não";3;0;1;0;2;0;1;1;-25,68413003;-49,31639964;"SPRF-PR";"DEL01-PR";"UOP03-DEL01-PR"
443909;2022-04-15;"sexta-feira";"11:30:00";"GO";153;638,5;"MORRINHOS";"Reação tardia ou ineficiente do condutor";"Saída de leito carroçável";"Com Vítimas Feridas";"Pleno dia";"Decrescente";"Céu Claro";"Dupla";"Reta";"Não";2;0;2;0;0;0;2;1;-17,8627;-49,2241;"SPRF-GO";"DEL03-GO";"UOP01-DEL03-GO"
443911;2022-04-15;"sexta-feira";"11:50:00";"PB";101;99,5;"CONDE";"Velocidade Incompatível";"Colisão lateral mesmo sentido";"Com Vítimas Feridas";"Pleno dia";"Decrescente";"Céu Claro";"Dupla";"Reta";"Não";3;0;1;0;2;0;1;2;-7,26469806;-34,93677965;"SPRF-PB";"DEL01-PB";"UOP02-DEL01-PB"
443913;2022-04-15;"sexta-feira";"11:45:00";"RS";116;249;"SAO LEOPOLDO";"Condutor deixou de manter distância do veículo da frente";"Colisão traseira";"Com Vítimas Feridas";"Pleno dia";"Decrescente";"Nublado";"Múltipla";"Reta";"Sim";4;0;1;0;3;0;1;3;-29,7831804;-51,16099063;"SPRF-RS";"DEL01-RS";"UOP02-DEL01-RS"
443914;2022-04-15;"sexta-feira";"11:30:00";"PA";316;40;"SANTA IZABEL DO PARA";"Acumulo de água sobre o pavimento";"Capotamento";"Sem Vítimas";"Pleno dia";"Decrescente";"Chuva";"Simples";"Curva";"Não";1;0;0;0;1;0;0;1;-1,2795637;-48,12243407;"SPRF-PA";"DEL01-PA";"UOP01-DEL01-PA"
443915;2022-04-15;"sexta-feira";"10:30:00";"SC";116;149;"SANTA CECILIA";"Ausência de reação do condutor";"Saída de leito carroçável";"Com Vítimas Feridas";"Pleno dia";"Crescente";"Céu Claro";"Simples";"Reta";"Não";3;0;2;0;1;0;2;1;-27,02405304;-50,42005513;"SPRF-SC";"DEL06-SC";"UOP02-DEL06-SC"
443916;2022-04-15;"sexta-feira";"09:00:00";"MA";226;30,1;"TIMON";"Velocidade Incompatível";"Colisão traseira";"Com Vítimas Feridas";"Pleno dia";"Crescente";"Sol";"Simples";"Reta";"Não";4;0;1;0;3;0;1;3;-5,1311846;-42,815704;"SPRF-MA";"DEL03-MA";"UOP02-DEL03-MA"
443917;2022-04-15;"sexta-feira";"12:00:00";"BA";324;553;"AMELIA RODRIGUES";"Velocidade Incompatível";"Saída de leito carroçável";"Sem Vítimas";"Pleno dia";"Crescente";"Céu Claro";"Dupla";"Reta";"Não";1;0;0;0;1;0;0;1;-12,45504393;-38,70402395;"SPRF-BA";"DEL01-BA";"UOP03-DEL01-BA"
443918;2022-04-15;"sexta-feira";"12:15:00";"SC";101;232,3;"PALHOCA";"Condutor Dormindo";"Colisão traseira";"Com Vítimas Feridas";"Pleno dia";"Crescente";"Sol";"Dupla";"Reta";"Não";3;0;0;1;2;0;1;3;-27,795666;-48,638153;"SPRF-SC";"DEL01-SC";"UOP02-DEL01-SC"
443920;2022-04-15;"sexta-feira";"12:30:00";"DF";70;12;"BRASILIA";"Ingestão de álcool pelo condutor";"Colisão transversal";"Com Vítimas Feridas";"Pleno dia";"Decrescente";"Nublado";"Dupla";"Reta";"Sim";3;0;1;0;2;0;1;2;-15,792243;-48,158543;"SPRF-DF";"DEL03-DF";"UOP02-DEL03-DF"
443921;2022-04-15;"sexta-feira";"13:10:00";"MG";262;356;"BETIM";"Pedestre cruzava a pista fora da faixa";"Atropelamento de Pedestre";"Com Vítimas Feridas";"Pleno dia";"Crescente";"Céu Claro";"Simples";"Reta";"Não";2;0;0;1;1;0;1;2;-19,982171;-44,231124;"SPRF-MG";"DEL01-MG";"UOP03-DEL01-MG"
443922;2022-04-15;"sexta-feira";"11:30:00";"RJ";101;575;"PARATY";"Demais falhas mecânicas ou elétricas";"Incêndio";"Sem Vítimas";"Pleno dia";"Crescente";"Céu Claro";"Simples";"Rotatória";"Não";1;0;0;0;1;0;0;1;-23,21978585;-44,73466957;"SPRF-RJ";"DEL03-RJ";"UOP04-DEL03-RJ"
443923;2022-03-28;"segunda-feira";"08:45:00";"PA";230;139;"MARABA";"Reação tardia ou ineficiente do condutor";"Capotamento";"Com Vítimas Feridas";"Pleno dia";"Crescente";"Chuva";"Simples";"Curva";"Não";5;0;2;0;1;2;2;1;-5,32771071;-49,23715374;"SPRF-PA";"DEL03-PA";"UOP01-DEL03-PA"
443925;2022-04-15;"sexta-feira";"12:30:00";"SC";470;7;"NAVEGANTES";"Reação tardia ou ineficiente do condutor";"Colisão traseira";"Com Vítimas Feridas";"Pleno dia";"Decrescente";"Céu Claro";"Dupla";"Reta";"Não";2;0;1;0;1;0;1;2;-26,84499;-48,71505;"SPRF-SC";"DEL04-SC";"UOP04-DEL04-SC"
443927;2022-04-15;"sexta-feira";"11:00:00";"RS";158;335;"SANTA MARIA";"Acessar a via sem observar a presença dos outros veículos";"Colisão transversal";"Com Vítimas Feridas";"Pleno dia";"Crescente";"Céu Claro";"Simples";"Reta;Interseção de Vias";"Sim";5;0;1;0;3;1;1;2;-29,70851535;-53,88442286;"SPRF-RS";"DEL09-RS";"UOP01-DEL09-RS"
443929;2022-04-15;"sexta-feira";"13:00:00";"RS";158;193;"CRUZ ALTA";"Condutor Dormindo";"Saída de leito carroçável";"Com Vítimas Feridas";"Pleno dia";"Decrescente";"Céu Claro";"Simples";"Curva";"Sim";1;0;1;0;0;0;1;1;-28,6363314;-53,57241297;"SPRF-RS";"DEL10-RS";"UOP02-DEL10-RS"
443932;2022-04-15;"sexta-feira";"07:20:00";"MT";163;606;"NOVA MUTUM";"Ausência de reação do condutor";"Saída de leito carroçável";"Com Vítimas Feridas";"Pleno dia";"Decrescente";"Nublado";"Simples";"Reta";"Não";1;0;1;0;0;0;1;1;-13,85460924;-56,08513817;"SPRF-MT";"DEL01-MT";"UOP01-DEL01-MT"
443933;2022-04-15;"sexta-feira";"14:15:00";"MG";381;819;"CAREACU";"Condutor Dormindo";"Capotamento";"Com Vítimas Feridas";"Pleno dia";"Crescente";"Céu Claro";"Dupla";"Reta";"Não";3;0;3;0;0;0;3;1;-22,10560191;-45,73225703;"SPRF-MG";"DEL16-MG";"UOP02-DEL16-MG"
443935;2022-04-15;"sexta-feira";"10:35:00";"MT";364;223;"RONDONOPOLIS";"Avarias e/ou desgaste excessivo no pneu";"Tombamento";"Com Vítimas Feridas";"Pleno dia";"Decrescente";"Céu Claro";"Dupla";"Reta";"Não";2;0;2;0;0;0;2;1;-16,32388;-54,751218;"SPRF-MT";"DEL02-MT";"UOP01-DEL02-MT"
443936;2022-04-15;"sexta-feira";"13:50:00";"PR";376;231;"APUCARANA";"Acessar a via sem observar a presença dos outros veículos";"Colisão lateral mesmo sentido";"Com Vítimas Feridas";"Pleno dia";"Decrescente";"Céu Claro";"Dupla";"Reta";"Sim";6;0;3;0;3;0;3;2;-23,568266;-51,512928;"SPRF-PR";"DEL07-PR";"UOP02-DEL07-PR"
443937;2022-02-02;"quarta-feira";"15:10:00";"SP";116;273,1;"TABOAO DA SERRA";"Ausência de reação do condutor";"Colisão traseira";"Com Vítimas Feridas";"Pleno dia";"Decrescente";"Chuva";"Dupla";"Reta";"Sim";2;0;1;0;1;0;1;2;-23,62809795;-46,81870306;"SPRF-SP";"DEL04-SP";"UOP01-DEL04-SP"
443940;2022-04-15;"sexta-feira";"11:20:00";"MT";174;24,8;"PONTES E LACERDA";"Transitar na contramão";"Saída de leito carroçável";"Com Vítimas Feridas";"Pleno dia";"Crescente";"Céu Claro";"Simples";"Reta";"Não";5;0;1;0;4;0;1;1;-15,139754;-59,486093;"SPRF-MT";"DEL03-MT";"UOP01-DEL03-MT"
443941;2022-04-15;"sexta-feira";"15:05:00";"ES";101;266;"SERRA";"Velocidade Incompatível";"Saída de leito carroçável";"Sem Vítimas";"Pleno dia";"Crescente";"Céu Claro";"Múltipla";"Reta";"Sim";1;0;0;0;1;0;0;1;-20,190199;-40,26828891;"SPRF-ES";"DEL02-ES";"UOP01-DEL02-ES"
443942;2022-04-03;"domingo";"19:00:00";"PA";163;987;"SANTAREM";"Transitar na contramão";"Colisão frontal";"Com Vítimas Fatais";"Anoitecer";"Decrescente";"Garoa/Chuvisco";"Simples";"Reta";"Sim";4;1;2;0;1;0;2;2;-2,583771;-54,720398;"SPRF-PA";"DEL05-PA";"UOP01-DEL05-PA"
443943;2022-04-15;"sexta-feira";"15:00:00";"SC";101;111,3;"NAVEGANTES";"Demais falhas mecânicas ou elétricas";"Incêndio";"Sem Vítimas";"Pleno dia";"Decrescente";"Céu Claro";"Dupla";"Reta";"Sim";1;0;0;0;1;0;0;1;-26,83955734;-48,71418074;"SPRF-SC";"DEL04-SC";"UOP04-DEL04-SC"
443944;2022-04-15;"sexta-feira";"15:10:00";"MG";40;640,9;"CONSELHEIRO LAFAIETE";"Reação tardia ou ineficiente do condutor";"Tombamento";"Com Vítimas Fatais";"Pleno dia";"Decrescente";"Céu Claro";"Simples";"Reta";"Não";1;1;0;0;0;0;0;1;-20,75289192;-43,80316707;"SPRF-MG";"DEL05-MG";"UOP02-DEL05-MG"
443945;2022-04-15;"sexta-feira";"14:00:00";"RS";116;151,5;"CAXIAS DO SUL";"Ingestão de álcool pelo condutor";"Colisão lateral mesmo sentido";"Sem Vítimas";"Pleno dia";"Crescente";"Sol";"Dupla";"Curva";"Sim";2;0;0;0;2;0;0;2;-29,17694502;-51,16173896;"SPRF-RS";"DEL05-RS";"UOP01-DEL05-RS"
443946;2022-04-15;"sexta-feira";"09:00:00";"SP";381;2;"VARGEM";"Transitar na contramão";"Colisão lateral sentido oposto";"Sem Vítimas";"Pleno dia";"Decrescente";"Céu Claro";"Simples";"Rotatória";"Sim";2;0;0;0;2;0;0;2;-22,88187369;-46,39059388;"SPRF-SP";"DEL03-SP";"UOP01-DEL03-SP"
443948;2022-04-15;"sexta-feira";"14:45:00";"RS";290;10,4;"OSORIO";"Reação tardia ou ineficiente do condutor";"Colisão traseira";"Com Vítimas Feridas";"Pleno dia";"Decrescente";"Chuva";"Dupla";"Reta";"Não";3;0;2;0;1;0;2;2;-29,891463;-50,377883;"SPRF-RS";"DEL03-RS";"UOP01-DEL03-RS"
443949;2022-04-15;"sexta-feira";"15:20:00";"MG";365;451;"PATROCINIO";"Transitar na contramão";"Colisão lateral sentido oposto";"Com Vítimas Feridas";"Pleno dia";"Decrescente";"Sol";"Simples";"Reta";"Não";3;0;3;0;0;0;3;2;-18,830055;-46,813256;"SPRF-MG";"DEL10-MG";"UOP01-DEL10-MG"
443950;2022-04-15;"sexta-feira";"16:15:00";"GO";153;643;"MORRINHOS";"Reação tardia ou ineficiente do condutor";"Saída de leito carroçável";"Com Vítimas Feridas";"Pleno dia";"Decrescente";"Céu Claro";"Dupla";"Curva";"Não";2;0;2;0;0;0;2;1;-17,9057;-49,2375;"SPRF-GO";"DEL03-GO";"UOP01-DEL03-GO"
443953;2022-04-15;"sexta-feira";"16:00:00";"SC";280;58,6;"GUARAMIRIM";"Ausência de reação do condutor";"Colisão lateral mesmo sentido";"Com Vítimas Feridas";"Pleno dia";"Crescente";"Céu Claro";"Simples";"Curva;Interseção de Vias";"Sim";2;0;1;0;1;0;1;2;-26,47415593;-49,021211;"SPRF-SC";"DEL03-SC";"UOP03-DEL03-SC"
443954;2022-04-15;"sexta-feira";"13:46:00";"RJ";101;316;"SAO GONCALO";"Acessar a via sem observar a presença dos outros veículos";"Colisão transversal";"Com Vítimas Feridas";"Pleno dia";"Crescente";"Nublado";"Dupla";"Reta";"Sim";2;0;1;0;1;0;1;2;-22,82835879;-43,09208739;"SPRF-RJ";"DEL02-RJ";"UOP02-DEL02-RJ"
443955;2022-04-15;"sexta-feira";"17:25:00";"AL";104;48,2;"BRANQUINHA";"Manobra de mudança de faixa";"Colisão lateral mesmo sentido";"Com Vítimas Feridas";"Plena Noite";"Decrescente";"Céu Claro";"Simples";"Declive";"Sim";3;0;2;0;1;0;2;2;-9,2457014;-36,00588206;"SPRF-AL";"DEL01-AL";"UOP02-DEL01-AL"
443956;2022-04-10;"domingo";"20:00:00";"BA";135;186;"BARREIRAS";"Ausência de reação do condutor";"Colisão traseira";"Com Vítimas Feridas";"Plena Noite";"Decrescente";"Céu Claro";"Simples";"Reta";"Não";4;0;1;0;3;0;1;2;-12,203458;-45,015305;"SPRF-BA";"DEL10-BA";"UOP01-DEL10-BA"
443960;2022-04-15;"sexta-feira";"17:40:00";"SC";282;219;"LAGES";"Demais falhas mecânicas ou elétricas";"Queda de ocupante de veículo";"Com Vítimas Feridas";"Pleno dia";"Decrescente";"Céu Claro";"Simples";"Reta";"Sim";1;0;1;0;0;0;1;1;-27,795521;-50,323608;"SPRF-SC";"DEL05-SC";"UOP01-DEL05-SC"
443961;2022-04-08;"sexta-feira";"08:30:00";"MA";10;203;"RIBAMAR FIQUENE";"Animais na Pista";"Atropelamento de Animal";"Sem Vítimas";"Pleno dia";"Crescente";"Céu Claro";"Simples";"Reta";"Não";2;0;0;0;2;0;0;1;-5,93894;-47,383804;"SPRF-MA";"DEL04-MA";"UOP01-DEL04-MA"
443962;2022-04-15;"sexta-feira";"18:10:00";"SP";381;10;"VARGEM";"Acumulo de areia ou detritos sobre o pavimento";"Queda de ocupante de veículo";"Com Vítimas Feridas";"Plena Noite";"Decrescente";"Céu Claro";"Dupla";"Curva";"Sim";1;0;1;0;0;0;1;1;-22,92240388;-46,44345503;"SPRF-SP";"DEL03-SP";"UOP01-DEL03-SP"
443963;2022-03-06;"domingo";"12:55:00";"PA";163;962;"BELTERRA";"Falta de elemento de contenção que evite a saída do leito carroçável";"Saída de leito carroçável";"Com Vítimas Feridas";"Pleno dia";"Crescente";"Chuva";"Simples";"Curva";"Não";5;0;5;0;0;0;5;1;-2,70034609;-54,88813094;"SPRF-PA";"DEL05-PA";"UOP01-DEL05-PA"
443964;2022-04-15;"sexta-feira";"17:35:00";"RJ";356;88;"CARDOSO MOREIRA";"Ausência de reação do condutor";"Colisão traseira";"Sem Vítimas";"Anoitecer";"Crescente";"Nublado";"Simples";"Reta";"Sim";2;0;0;0;2;0;0;2;-21,49637484;-41,62333588;"SPRF-RJ";"DEL08-RJ";"UOP03-DEL08-RJ"
443966;2022-04-15;"sexta-feira";"17:30:00";"GO";70;22,6;"COCALZINHO DE GOIAS";"Avarias e/ou desgaste excessivo no pneu";"Colisão traseira";"Sem Vítimas";"Pleno dia";"Crescente";"Chuva";"Dupla";"Reta";"Sim";5;0;0;0;5;0;0;2;-15,7371579;-48,39844465;"SPRF-DF";"DEL03-DF";"UOP02-DEL03-DF"
443967;2022-04-15;"sexta-feira";"17:16:00";"PE";316;88;"OURICURI";"Transitar no acostamento";"Colisão frontal";"Com Vítimas Feridas";"Anoitecer";"Crescente";"Céu Claro";"Simples";"Reta";"Não";3;0;2;1;0;0;3;2;-7,8964789;-40,04641196;"SPRF-PE";"DEL05-PE";"UOP02-DEL05-PE"
443968;2022-04-15;"sexta-feira";"19:06:00";"ES";101;459,5;"MIMOSO DO SUL";"Ultrapassagem Indevida";"Colisão frontal";"Com Vítimas Feridas";"Plena Noite";"Crescente";"Céu Claro";"Simples";"Curva";"Não";7;0;5;0;2;0;5;2;-21,21085997;-41,29896489;"SPRF-ES";"DEL03-ES";"UOP02-DEL03-ES"
443969;2022-04-15;"sexta-feira";"18:40:00";"RN";406;152,2;"CEARA-MIRIM";"Pedestre andava na pista";"Atropelamento de Pedestre";"Com Vítimas Feridas";"Plena Noite";"Crescente";"Céu Claro";"Simples";"Reta";"Não";2;0;1;0;0;1;1;2;-5,66365202;-35,41112203;"SPRF-RN";"DEL02-RN";"UOP01-DEL02-RN"
443970;2022-04-09;"sábado";"03:30:00";"RS";471;165;"RIO PARDO";"Reação tardia ou ineficiente do condutor";"Colisão traseira";"Com Vítimas Feridas";"Plena Noite";"Decrescente";"Garoa/Chuvisco";"Simples";"Reta";"Não";4;0;0;2;2;0;2;2;-29,947697;-52,380466;"SPRF-RS";"DEL02-RS";"UOP03-DEL02-RS"
443971;2022-02-27;"domingo";"00:30:00";"RJ";116;135;"DUQUE DE CAXIAS";"Ausência de reação do condutor";"Queda de ocupante de veículo";"Com Vítimas Feridas";"Plena Noite";"Decrescente";"Céu Claro";"Dupla";"Reta";"Sim";1;0;1;0;0;0;1;1;-22,65225773;-43,16309893;"SPRF-RJ";"DEL04-RJ";"UOP02-DEL04-RJ"
443972;2022-04-15;"sexta-feira";"19:25:00";"MG";40;473;"SETE LAGOAS";"Demais falhas na via";"Queda de ocupante de veículo";"Com Vítimas Feridas";"Anoitecer";"Decrescente";"Céu Claro";"Simples";"Curva";"Não";1;0;1;0;0;0;1;1;-19,496351;-44,27992;"SPRF-MG";"DEL02-MG";"UOP01-DEL02-MG"
443973;2022-04-15;"sexta-feira";"18:35:00";"MS";163;258,8;"DOURADOS";"Ausência de reação do condutor";"Colisão com objeto";"Com Vítimas Feridas";"Plena Noite";"Crescente";"Céu Claro";"Simples";"Curva;Desvio Temporário;Em Obras";"Não";1;0;1;0;0;0;1;1;-22,25859;-54,783592;"SPRF-MS";"DEL04-MS";"UOP01-DEL04-MS"
443975;2022-04-15;"sexta-feira";"19:40:00";"SE";101;93;"NOSSA SENHORA DO SOCORRO";"Ingestão de álcool pelo condutor";"Capotamento";"Com Vítimas Feridas";"Plena Noite";"Decrescente";"Ignorado";"Dupla";"Curva";"Não";4;0;1;2;1;0;3;1;-10,90212319;-37,14494787;"SPRF-SE";"DEL01-SE";"UOP01-DEL01-SE"
443976;2022-04-15;"sexta-feira";"18:00:00";"PE";101;124;"ESCADA";"Manobra de mudança de faixa";"Capotamento";"Com Vítimas Feridas";"Plena Noite";"Decrescente";"Céu Claro";"Dupla";"Reta";"Não";2;0;1;0;1;0;1;1;-8,361745;-35,213108;"SPRF-PE";"DEL01-PE";"UOP03-DEL01-PE"
443979;2022-04-15;"sexta-feira";"19:50:00";"SC";101;275;"IMBITUBA";"Reação tardia ou ineficiente do condutor";"Colisão com objeto";"Com Vítimas Feridas";"Plena Noite";"Decrescente";"Céu Claro";"Múltipla";"Reta";"Sim";7;0;4;0;3;0;4;1;-28,138086;-48,69218292;"SPRF-SC";"DEL02-SC";"UOP03-DEL02-SC"
443981;2022-04-15;"sexta-feira";"17:50:00";"RJ";101;60;"CAMPOS DOS GOYTACAZES";"Ausência de reação do condutor";"Tombamento";"Com Vítimas Feridas";"Plena Noite";"Decrescente";"Céu Claro";"Simples";"Reta";"Sim";1;0;1;0;0;0;1;1;-21,72048414;-41,31448591;"SPRF-RJ";"DEL08-RJ";"UOP01-DEL08-RJ"
443983;2022-04-15;"sexta-feira";"17:00:00";"MG";50;85,2;"UBERLANDIA";"Ausência de reação do condutor";"Saída de leito carroçável";"Com Vítimas Feridas";"Pleno dia";"Decrescente";"Céu Claro";"Dupla";"Reta";"Não";4;0;3;1;0;0;4;1;-19,00488399;-48,20910294;"SPRF-MG";"DEL15-MG";"UOP01-DEL15-MG"
443984;2022-04-15;"sexta-feira";"20:50:00";"RN";304;38,8;"MOSSORO";"Ingestão de álcool pelo condutor";"Colisão com objeto";"Com Vítimas Feridas";"Plena Noite";"Crescente";"Nublado";"Dupla";"Reta";"Sim";1;0;1;0;0;0;1;1;-5,18959;-37,375053;"SPRF-RN";"DEL04-RN";"UOP02-DEL04-RN"
443986;2022-04-15;"sexta-feira";"21:50:00";"GO";153;700,5;"ITUMBIARA";"Transitar na contramão";"Colisão frontal";"Com Vítimas Fatais";"Plena Noite";"Crescente";"Chuva";"Dupla";"Reta";"Sim";3;1;1;0;1;0;1;2;-18,3945;-49,2051;"SPRF-GO";"DEL03-GO";"UOP02-DEL03-GO"
443988;2022-04-15;"sexta-feira";"21:50:00";"ES";101;264,2;"SERRA";"Condutor deixou de manter distância do veículo da frente";"Colisão traseira";"Com Vítimas Feridas";"Plena Noite";"Crescente";"Nublado";"Dupla";"Interseção de Vias";"Sim";6;0;4;1;1;0;5;2;-20,17292791;-40,26736384;"SPRF-ES";"DEL02-ES";"UOP01-DEL02-ES"
443989;2022-04-15;"sexta-feira";"19:15:00";"PR";153;489,9;"GENERAL CARNEIRO";"Retorno proibido";"Tombamento";"Com Vítimas Feridas";"Plena Noite";"Decrescente";"Céu Claro";"Simples";"Reta";"Sim";3;0;1;0;2;0;1;2;-26,42298147;-51,30452514;"SPRF-PR";"DEL02-PR";"UOP03-DEL02-PR"
443990;2022-04-15;"sexta-feira";"21:50:00";"RJ";40;80;"PETROPOLIS";"Ausência de reação do condutor";"Queda de ocupante de veículo";"Com Vítimas Feridas";"Plena Noite";"Crescente";"Garoa/Chuvisco";"Dupla";"Reta";"Não";1;0;1;0;0;0;1;1;-22,49798597;-43,22878703;"SPRF-RJ";"DEL06-RJ";"UOP01-DEL06-RJ"
443992;2022-04-15;"sexta-feira";"21:00:00";"PR";277;591,8;"CASCAVEL";"Ingestão de álcool pelo condutor";"Colisão frontal";"Sem Vítimas";"Plena Noite";"Decrescente";"Céu Claro";"Simples";"Reta;Declive";"Sim";2;0;0;0;2;0;0;2;-24,98360736;-53,47299099;"SPRF-PR";"DEL04-PR";"UOP01-DEL04-PR"
443993;2022-04-15;"sexta-feira";"17:40:00";"RO";435;64,9;"VILHENA";"Demais falhas na via";"Saída de leito carroçável";"Com Vítimas Feridas";"Pleno dia";"Decrescente";"Nublado";"Simples";"Curva";"Não";1;0;1;0;0;0;1;1;-13,08415108;-60,37733311;"SPRF-RO";"DEL04-RO";"UOP02-DEL04-RO"