"id";"data_inversa";"dia_semana";"horario";"uf";"br";"km";"municipio";"causa_acidente";"tipo_acidente";"classificacao_acidente";"fase_dia";"sentido_via";"condicao_metereologica";"tipo_pista";"tracado_via";"uso_solo";"pessoas";"mortos";"feridos_leves";"feridos_graves";"ilesos";"ignorados";"feridos";"veiculos";"latitude";"longitude";"regional";"delegacia";"uop"
444204;2022-04-17;"domingo";"05:00:00";"MT";364;273;"JACIARA";"Reação tardia ou ineficiente do condutor";"Capotamento";"Sem Vítimas";"Pleno dia";"Decrescente";"Céu Claro";"Dupla";"Curva";"Sim";1;0;0;0;1;0;0;1;-15,96077957;-54,96772983;"SPRF-MT";"DEL02-MT";"UOP01-DEL02-MT"
444205;2022-04-17;"domingo";"06:45:00";"RS";290;70;"GRAVATAI";"Ausência de reação do condutor";"Saída de leito carroçável";"Sem Vítimas";"Amanhecer";"Decrescente";"Céu Claro";"Dupla";"Reta";"Sim";1;0;0;0;0;1;0;1;-29,948053;-50,956192;"SPRF-RS";"DEL03-RS";"UOP01-DEL03-RS"
444206;2022-04-17;"domingo";"07:15:00";"GO";60;389;"RIO VERDE";"Ingestão de álcool pelo condutor";"Saída de leito carroçável";"Com Vítimas Feridas";"Pleno dia";"Decrescente";"Céu Claro";"Dupla";"Reta";"Sim";1;0;1;0;0;0;1;1;-17,819;-50,943;"SPRF-GO";"DEL04-GO";"UOP01-DEL04-GO"
444207;2022-04-17;"domingo";"02:10:00";"PR";277;684,9;"SAO MIGUEL DO IGUACU";"Transitar na contramão";"Colisão frontal";"Com Vítimas Fatais";"Plena Noite";"Crescente";"Céu Claro";"Dupla";"Em Obras;Curva;Declive";"Não";4;1;0;2;1;0;2;2;-25,33864563;-54,19917133;"SPRF-PR";"DEL05-PR";"UOP01-DEL05-PR"
444208;2022-04-17;"domingo";"06:00:00";"PE";232;30,1;"MORENO";"Velocidade Incompatível";"Saída de leito carroçável";"Sem Vítimas";"Amanhecer";"Decrescente";"Ignorado";"Dupla";"Declive;Curva";"Não";1;0;0;0;0;1;0;1;-8,110809;-35,15445;"SPRF-PE";"DEL01-PE";"UOP01-DEL01-PE"
444209;2022-04-17;"domingo";"04:30:00";"RJ";393;285;"VOLTA REDONDA";"Ingestão de álcool pelo condutor";"Capotamento";"Com Vítimas Feridas";"Plena Noite";"Crescente";"Céu Claro";"Simples";"Reta";"Sim";2;0;1;1;0;0;2;1;-22,481726;-44,06308602;"SPRF-RJ";"DEL05-RJ";"UOP04-DEL05-RJ"
444211;2022-04-17;"domingo";"05:50:00";"RJ";116;305,2;"RESENDE";"Velocidade Incompatível";"Colisão com objeto";"Com Vítimas Feridas";"Amanhecer";"Decrescente";"Céu Claro";"Simples";"Curva";"Sim";1;0;1;0;0;0;1;1;-22,46163348;-44,44640279;"SPRF-RJ";"DEL07-RJ";"UOP02-DEL07-RJ"
444213;2022-04-17;"domingo";"07:16:00";"GO";60;23,2;"ALEXANIA";"Condutor Dormindo";"Capotamento";"Sem Vítimas";"Pleno dia";"Decrescente";"Céu Claro";"Simples";"Reta";"Sim";1;0;0;0;1;0;0;1;-16,0963;-48,5202;"SPRF-DF";"DEL03-DF";"UOP01-DEL03-DF"
444215;2022-04-16;"sábado";"21:00:00";"MG";365;822,6;"SANTA VITORIA";"Ingestão de álcool pelo condutor";"Capotamento";"Com Vítimas Feridas";"Plena Noite";"Crescente";"Céu Claro";"Dupla";"Rotatória";"Não";1;0;1;0;0;0;1;1;-18,87567126;-50,12203217;"SPRF-MG";"DEL15-MG";"UOP03-DEL15-MG"
444216;2022-04-17;"domingo";"08:10:00";"CE";20;325;"CARIDADE";"Demais falhas mecânicas ou elétricas";"Tombamento";"Com Vítimas Feridas";"Pleno dia";"Crescente";"Nublado";"Simples";"Reta;Declive";"Sim";2;0;1;1;0;0;2;1;-4,24158307;-39,2043639;"SPRF-CE";"DEL02-CE";"UOP01-DEL02-CE"
444217;2022-04-09;"sábado";"13:50:00";"MG";40;527;"CONTAGEM";"Chuva";"Saída de leito carroçável";"Com Vítimas Feridas";"Pleno dia";"Crescente";"Chuva";"Simples";"Declive;Curva";"Sim";2;0;1;1;0;0;2;1;-19,90149502;-44,04938939;"SPRF-MG";"DEL01-MG";"UOP02-DEL01-MG"
444218;2022-04-10;"domingo";"02:00:00";"MG";40;514;"RIBEIRAO DAS NEVES";"Reação tardia ou ineficiente do condutor";"Saída de leito carroçável";"Com Vítimas Feridas";"Plena Noite";"Decrescente";"Nublado";"Dupla";"Curva";"Sim";2;0;1;1;0;0;2;1;-19,80151928;-44,10000333;"SPRF-MG";"DEL01-MG";"UOP02-DEL01-MG"
444219;2022-04-17;"domingo";"00:15:00";"RJ";116;256;"VOLTA REDONDA";"Velocidade Incompatível";"Colisão com objeto";"Sem Vítimas";"Plena Noite";"Decrescente";"Céu Claro";"Dupla";"Reta";"Não";1;0;0;0;0;1;0;1;-22,58231454;-44,03903961;"SPRF-RJ";"DEL07-RJ";"UOP02-DEL07-RJ"
444220;2022-04-10;"domingo";"01:10:00";"PI";316;6,8;"TERESINA";"Animais na Pista";"Atropelamento de Animal";"Com Vítimas Feridas";"Plena Noite";"Crescente";"Nublado";"Múltipla";"Reta";"Sim";1;0;1;0;0;0;1;1;-5,14702095;-42,77438982;"SPRF-PI";"DEL01-PI";"UOP02-DEL01-PI"
444221;2022-04-17;"domingo";"08:20:00";"RJ";493;85;"JAPERI";"Demais falhas mecânicas ou elétricas";"Incêndio";"Sem Vítimas";"Pleno dia";"Decrescente";"Céu Claro";"Dupla";"Reta";"Sim";1;0;0;0;1;0;0;1;-22,66852942;-43,64409339;"SPRF-RJ";"DEL01-RJ";"UOP03-DEL01-RJ"
444222;2022-04-14;"quinta-feira";"01:50:00";"SP";116;515;"CAJATI";"Reação tardia ou ineficiente do condutor";"Colisão com objeto";"Sem Vítimas";"Plena Noite";"Decrescente";"Nublado";"Simples";"Curva";"Não";1;0;0;0;1;0;0;1;-24,86338755;-48,21453094;"SPRF-SP";"DEL05-SP";"UOP02-DEL05-SP"
444224;2022-04-17;"domingo";"05:20:00";"PR";153;391;"MALLET";"Pista Escorregadia";"Saída de leito carroçável";"Com Vítimas Feridas";"Amanhecer";"Crescente";"Nevoeiro/Neblina";"Simples";"Curva;Declive";"Não";2;0;1;1;0;0;2;1;-25,88959241;-50,83779273;"SPRF-PR";"DEL02-PR";"UOP04-DEL02-PR"
444226;2022-04-17;"domingo";"07:50:00";"MG";116;511,4;"UBAPORANGA";"Ingestão de álcool pelo condutor";"Colisão lateral mesmo sentido";"Com Vítimas Feridas";"Pleno dia";"Decrescente";"Céu Claro";"Simples";"Reta";"Sim";3;0;0;1;1;1;1;3;-19,65371791;-42,11137522;"SPRF-MG";"DEL06-MG";"UOP02-DEL06-MG"
444228;2022-04-09;"sábado";"10:30:00";"BA";101;185;"SAO GONCALO DOS CAMPOS";"Velocidade Incompatível";"Colisão frontal";"Com Vítimas Feridas";"Pleno dia";"Decrescente";"Céu Claro";"Simples";"Reta;Interseção de Vias;Aclive";"Não";5;0;0;5;0;0;5;2;-12,46500586;-38,9346081;"SPRF-BA";"DEL01-BA";"UOP03-DEL01-BA"
444231;2022-04-17;"domingo";"07:50:00";"MT";70;524;"VARZEA GRANDE";"Acessar a via sem observar a presença dos outros veículos";"Colisão transversal";"Com Vítimas Feridas";"Pleno dia";"Crescente";"Céu Claro";"Simples";"Rotatória";"Não";3;0;1;0;2;0;1;2;-15,649207;-56,19486;"SPRF-MT";"DEL01-MT";"UOP02-DEL01-MT"
444232;2022-04-17;"domingo";"09:11:00";"DF";20;44;"BRASILIA";"Velocidade Incompatível";"Saída de leito carroçável";"Sem Vítimas";"Pleno dia";"Crescente";"Chuva";"Dupla";"Reta";"Não";1;0;0;0;0;1;0;1;-15,575328;-47,476139;"SPRF-DF";"DEL02-DF";"UOP01-DEL02-DF"
444233;2022-04-17;"domingo";"07:00:00";"SC";282;633,2;"DESCANSO";"Reação tardia ou ineficiente do condutor";"Saída de leito carroçável";"Sem Vítimas";"Pleno dia";"Decrescente";"Nublado";"Simples";"Curva";"Não";1;0;0;0;1;0;0;1;-26,824224;-53,412407;"SPRF-SC";"DEL07-SC";"UOP03-DEL07-SC"
444234;2022-04-17;"domingo";"08:20:00";"PR";116;114;"CURITIBA";"Condutor Dormindo";"Tombamento";"Com Vítimas Feridas";"Pleno dia";"Decrescente";"Céu Claro";"Dupla";"Reta";"Sim";2;0;2;0;0;0;2;1;-25,56296907;-49,25643801;"SPRF-PR";"DEL01-PR";"UOP01-DEL01-PR"
444235;2022-04-17;"domingo";"09:30:00";"PR";116;38;"CAMPINA GRANDE DO SUL";"Chuva";"Saída de leito carroçável";"Com Vítimas Feridas";"Pleno dia";"Decrescente";"Chuva";"Dupla";"Curva";"Não";5;0;3;0;2;0;3;2;-25,14802509;-48,85922071;"SPRF-PR";"DEL01-PR";"UOP02-DEL01-PR"
444236;2022-04-17;"domingo";"05:40:00";"MS";163;244;"DOURADOS";"Ingestão de álcool pelo condutor";"Saída de leito carroçável";"Sem Vítimas";"Amanhecer";"Decrescente";"Céu Claro";"Simples";"Reta";"Não";1;0;0;0;1;0;0;1;-22,35692307;-54,80340314;"SPRF-MS";"DEL04-MS";"UOP02-DEL04-MS"
444238;2022-04-09;"sábado";"19:25:00";"PR";163;8;"BARRACAO";"Ausência de reação do condutor";"Atropelamento de Pedestre";"Com Vítimas Feridas";"Plena Noite";"Crescente";"Céu Claro";"Dupla";"Reta";"Sim";2;0;1;0;1;0;1;2;-26,257398;-53,626007;"SPRF-PR";"DEL02-PR";"UOP02-DEL02-PR"
444239;2022-04-17;"domingo";"08:46:00";"PI";316;22;"TERESINA";"Desvio temporário";"Saída de leito carroçável";"Com Vítimas Feridas";"Pleno dia";"Crescente";"Sol";"Simples";"Desvio Temporário";"Sim";1;0;1;0;0;0;1;1;-5,27552796;-42,72607975;"SPRF-PI";"DEL01-PI";"UOP02-DEL01-PI"
444241;2022-04-17;"domingo";"10:20:00";"SP";381;33;"ATIBAIA";"Ausência de reação do condutor";"Saída de leito carroçável";"Com Vítimas Feridas";"Pleno dia";"Decrescente";"Céu Claro";"Dupla";"Reta";"Sim";2;0;0;2;0;0;2;1;-23,0728028;-46,56673562;"SPRF-SP";"DEL03-SP";"UOP01-DEL03-SP"
444242;2022-04-09;"sábado";"17:30:00";"RJ";116;185;"NOVA IGUACU";"Condutor Dormindo";"Tombamento";"Com Vítimas Feridas";"Anoitecer";"Crescente";"Céu Claro";"Dupla";"Reta";"Sim";5;0;2;0;0;3;2;3;-22,74151051;-43,45351823;"SPRF-RJ";"DEL01-RJ";"UOP02-DEL01-RJ"
444243;2022-04-17;"domingo";"10:55:00";"PR";369;143;"LONDRINA";"Ingestão de álcool pelo condutor";"Colisão traseira";"Sem Vítimas";"Pleno dia";"Crescente";"Sol";"Dupla";"Reta";"Sim";4;0;0;0;4;0;0;2;-23,29271129;-51,09587789;"SPRF-PR";"DEL07-PR";"UOP01-DEL07-PR"
444244;2022-04-17;"domingo";"10:30:00";"PR";376;367;"CAMPO MOURAO";"Velocidade Incompatível";"Colisão transversal";"Com Vítimas Feridas";"Pleno dia";"Crescente";"Céu Claro";"Dupla";"Reta";"Sim";3;0;1;1;1;0;2;2;-24,052796;-52,406844;"SPRF-PR";"DEL07-PR";"UOP02-DEL07-PR"
444245;2022-04-17;"domingo";"10:40:00";"PI";343;188;"PIRIPIRI";"Ausência de reação do condutor";"Colisão traseira";"Com Vítimas Feridas";"Pleno dia";"Crescente";"Céu Claro";"Simples";"Ponte";"Não";3;0;1;0;1;1;1;2;-4,31303284;-41,7758131;"SPRF-PI";"DEL02-PI";"UOP01-DEL02-PI"
444246;2022-04-17;"domingo";"10:40:00";"PI";316;304;"PICOS";"Demais falhas mecânicas ou elétricas";"Tombamento";"Com Vítimas Feridas";"Pleno dia";"Crescente";"Sol";"Simples";"Reta";"Sim";2;0;2;0;0;0;2;1;-7,06324178;-41,51712984;"SPRF-PI";"DEL04-PI";"UOP01-DEL04-PI"
444248;2022-04-17;"domingo";"10:50:00";"DF";60;0,7;"BRASILIA";"Acessar a via sem observar a presença dos outros veículos";"Saída de leito carroçável";"Com Vítimas Feridas";"Pleno dia";"Decrescente";"Céu Claro";"Dupla";"Reta";"Sim";3;0;2;0;1;0;2;2;-15,882499;-48,060212;"SPRF-DF";"DEL03-DF";"UOP01-DEL03-DF"
444250;2022-04-17;"domingo";"08:30:00";"PE";101;112;"IPOJUCA";"Velocidade Incompatível";"Capotamento";"Com Vítimas Feridas";"Pleno dia";"Decrescente";"Chuva";"Dupla";"Curva";"Não";1;0;0;1;0;0;1;1;-8,33107097;-35,12666499;"SPRF-PE";"DEL01-PE";"UOP01-DEL01-PE"
444251;2022-04-17;"domingo";"10:20:00";"RJ";101;211;"CASIMIRO DE ABREU";"Velocidade Incompatível";"Capotamento";"Com Vítimas Feridas";"Pleno dia";"Crescente";"Céu Claro";"Dupla";"Reta";"Sim";2;0;2;0;0;0;2;1;-22,48161708;-42,24613798;"SPRF-RJ";"DEL08-RJ";"UOP04-DEL08-RJ"
444252;2022-04-17;"domingo";"09:10:00";"PR";277;337;"GUARAPUAVA";"Ingestão de álcool pelo condutor";"Colisão com objeto";"Com Vítimas Feridas";"Pleno dia";"Decrescente";"Céu Claro";"Dupla";"Curva";"Não";2;0;1;0;0;1;1;2;-25,36058272;-51,35210476;"SPRF-PR";"DEL08-PR";"UOP01-DEL08-PR"
444253;2022-04-17;"domingo";"11:10:00";"SC";470;70,8;"INDAIAL";"Reação tardia ou ineficiente do condutor";"Colisão transversal";"Sem Vítimas";"Pleno dia";"Decrescente";"Céu Claro";"Simples";"Em Obras;Reta";"Sim";3;0;0;0;3;0;0;2;-26,889374;-49,254478;"SPRF-SC";"DEL04-SC";"UOP01-DEL04-SC"
444254;2022-04-17;"domingo";"08:30:00";"PE";101;143;"RIBEIRAO";"Pista Escorregadia";"Saída de leito carroçável";"Sem Vítimas";"Pleno dia";"Crescente";"Nublado";"Dupla";"Reta";"Não";1;0;0;0;0;1;0;1;-8,44891304;-35,34974899;"SPRF-PE";"DEL01-PE";"UOP01-DEL01-PE"
444255;2022-04-17;"domingo";"11:20:00";"PR";277;83;"CURITIBA";"Velocidade Incompatível";"Colisão com objeto";"Com Vítimas Feridas";"Pleno dia";"Crescente";"Céu Claro";"Dupla";"Reta";"Sim";1;0;1;0;0;0;1;1;-25,44574903;-49,23200011;"SPRF-PR";"DEL01-PR";"UOP01-DEL01-PR"
444257;2022-04-17;"domingo";"11:20:00";"SP";116;60,4;"GUARATINGUETA";"Condutor deixou de manter distância do veículo da frente";"Colisão traseira";"Com Vítimas Feridas";"Pleno dia";"Crescente";"Céu Claro";"Dupla";"Reta";"Não";3;0;1;0;1;1;1;2;-22,79106843;-45,16105167;"SPRF-SP";"DEL08-SP";"UOP01-DEL08-SP"
444258;2022-04-17;"domingo";"12:10:00";"PR";116;133;"CURITIBA";"Condutor deixou de manter distância do veículo da frente";"Colisão traseira";"Com Vítimas Feridas";"Pleno dia";"Decrescente";"Céu Claro";"Dupla";"Reta";"Sim";3;0;2;0;1;0;2;3;-25,66615703;-49,31432685;"SPRF-PR";"DEL01-PR";"UOP03-DEL01-PR"
444259;2022-04-17;"domingo";"11:35:00";"RJ";101;59;"CAMPOS DOS GOYTACAZES";"Transitar no acostamento";"Colisão lateral mesmo sentido";"Sem Vítimas";"Pleno dia";"Decrescente";"Céu Claro";"Simples";"Reta";"Sim";3;0;0;0;1;2;0;3;-21,71366497;-41,30861915;"SPRF-RJ";"DEL08-RJ";"UOP01-DEL08-RJ"
444260;2022-04-17;"domingo";"11:10:00";"TO";153;597;"SANTA RITA DO TOCANTINS";"Acessar a via sem observar a presença dos outros veículos";"Colisão transversal";"Com Vítimas Fatais";"Pleno dia";"Decrescente";"Sol";"Simples";"Reta";"Não";3;1;0;0;2;0;0;2;-11,06936103;-48,91529583;"SPRF-TO";"DEL01-TO";"UOP01-DEL01-TO"
444262;2022-04-17;"domingo";"11:20:00";"SC";101;149;"ITAPEMA";"Condutor deixou de manter distância do veículo da frente";"Colisão traseira";"Com Vítimas Feridas";"Pleno dia";"Decrescente";"Céu Claro";"Dupla";"Reta";"Sim";10;0;2;0;8;0;2;4;-27,1089649;-48,61277586;"SPRF-SC";"DEL04-SC";"UOP03-DEL04-SC"
444264;2022-04-17;"domingo";"11:30:00";"SE";101;14,8;"SAO FRANCISCO";"Acumulo de água sobre o pavimento";"Saída de leito carroçável";"Com Vítimas Feridas";"Pleno dia";"Crescente";"Chuva";"Dupla";"Reta";"Não";2;0;2;0;0;0;2;1;-10,31157674;-36,89174049;"SPRF-SE";"DEL02-SE";"UOP02-DEL02-SE"
444265;2022-04-17;"domingo";"09:30:00";"PA";316;19,3;"BENEVIDES";"Ausência de reação do condutor";"Tombamento";"Com Vítimas Feridas";"Pleno dia";"Decrescente";"Céu Claro";"Dupla";"Reta";"Sim";2;0;0;1;0;1;1;2;-1,36485638;-48,29643999;"SPRF-PA";"DEL01-PA";"UOP01-DEL01-PA"
444267;2022-02-20;"domingo";"17:20:00";"RS";392;36,4;"RIO GRANDE";"Reação tardia ou ineficiente do condutor";"Saída de leito carroçável";"Com Vítimas Feridas";"Pleno dia";"Crescente";"Chuva";"Dupla";"Reta";"Não";4;0;1;2;1;0;3;1;-31,99762093;-52,28884683;"SPRF-RS";"DEL07-RS";"UOP02-DEL07-RS"
444268;2022-04-17;"domingo";"12:30:00";"ES";101;267;"SERRA";"Ausência de reação do condutor";"Queda de ocupante de veículo";"Com Vítimas Feridas";"Pleno dia";"Decrescente";"Céu Claro";"Dupla";"Reta";"Sim";1;0;0;1;0;0;1;1;-20,19930999;-40,26884609;"SPRF-ES";"DEL02-ES";"UOP01-DEL02-ES"
444270;2022-04-17;"domingo";"13:27:00";"PE";101;67;"RECIFE";"Condutor deixou de manter distância do veículo da frente";"Colisão traseira";"Sem Vítimas";"Pleno dia";"Crescente";"Céu Claro";"Dupla";"Reta";"Sim";3;0;0;0;1;2;0;2;-8,042334;-34,943096;"SPRF-PE";"DEL01-PE";"UOP01-DEL01-PE"
444271;2022-04-17;"domingo";"13:15:00";"RJ";393;281;"VOLTA REDONDA";"Acessar a via sem observar a presença dos outros veículos";"Colisão transversal";"Com Vítimas Feridas";"Pleno dia";"Crescente";"Céu Claro";"Simples";"Curva";"Sim";2;0;0;1;0;1;1;2;-22,48025569;-44,02974901;"SPRF-RJ";"DEL05-RJ";"UOP04-DEL05-RJ"
444272;2022-04-17;"domingo";"13:03:00";"RN";304;286;"MACAIBA";"Transitar na contramão";"Colisão frontal";"Com Vítimas Feridas";"Pleno dia";"Crescente";"Céu Claro";"Simples";"Reta";"Não";6;0;4;0;2;0;4;2;-5,875893;-35,444203;"SPRF-RN";"DEL01-RN";"UOP02-DEL01-RN"
444275;2022-04-17;"domingo";"13:55:00";"SP";153;76,4;"BADY BASSITT";"Reação tardia ou ineficiente do condutor";"Colisão lateral mesmo sentido";"Com Vítimas Feridas";"Pleno dia";"Crescente";"Céu Claro";"Simples";"Reta";"Não";3;0;2;1;0;0;3;2;-20,89933011;-49,44326162;"SPRF-SP";"DEL09-SP";"UOP01-DEL09-SP"
444276;2022-04-17;"domingo";"12:45:00";"PE";232;97;"BEZERROS";"Reação tardia ou ineficiente do condutor";"Saída de leito carroçável";"Sem Vítimas";"Pleno dia";"Crescente";"Céu Claro";"Dupla";"Reta";"Não";1;0;0;0;1;0;0;1;-8,23379718;-35,71628894;"SPRF-PE";"DEL02-PE";"UOP02-DEL02PE"
444278;2022-04-17;"domingo";"11:00:00";"PR";376;407;"TIBAGI";"Reação tardia ou ineficiente do condutor";"Tombamento";"Com Vítimas Feridas";"Pleno dia";"Crescente";"Céu Claro";"Dupla";"Curva";"Não";1;0;1;0;0;0;1;1;-24,64521802;-50,62349002;"SPRF-PR";"DEL03-PR";"UOP02-DEL03-PR"
444279;2022-04-17;"domingo";"13:10:00";"AL";101;58,2;"FLEXEIRAS";"Acumulo de água sobre o pavimento";"Capotamento";"Com Vítimas Feridas";"Pleno dia";"Crescente";"Chuva";"Dupla";"Declive;Curva";"Não";3;0;3;0;0;0;3;1;-9,27933304;-35,79839595;"SPRF-AL";"DEL01-AL";"UOP02-DEL01-AL"
444280;2022-04-17;"domingo";"13:35:00";"RJ";116;223,7;"PIRAI";"Mal súbito do condutor";"Queda de ocupante de veículo";"Com Vítimas Feridas";"Pleno dia";"Decrescente";"Céu Claro";"Simples";"Declive;Curva";"Não";1;0;1;0;0;0;1;1;-22,67872205;-43,8294233;"SPRF-RJ";"DEL07-RJ";"UOP01-DEL07-RJ"
444281;2022-04-17;"domingo";"13:45:00";"ES";101;305,5;"VIANA";"Condutor Dormindo";"Saída de leito carroçável";"Com Vítimas Feridas";"Pleno dia";"Crescente";"Sol";"Dupla";"Curva";"Sim";1;0;1;0;0;0;1;1;-20,38392;-40,461254;"SPRF-ES";"DEL01-ES";"UOP01-DEL01-ES"
444282;2022-04-17;"domingo";"11:00:00";"MS";163;657;"SAO GABRIEL DO OESTE";"Demais falhas mecânicas ou elétricas";"Eventos atípicos";"Sem Vítimas";"Pleno dia";"Crescente";"Céu Claro";"Simples";"Reta";"Não";3;0;0;0;3;0;0;1;-19,10255971;-54,76796361;"SPRF-MS";"DEL06-MS";"UOP02-DEL06-MS"
444285;2022-04-17;"domingo";"15:19:00";"MG";40;403;"CURVELO";"Condutor deixou de manter distância do veículo da frente";"Colisão traseira";"Com Vítimas Feridas";"Pleno dia";"Crescente";"Céu Claro";"Simples";"Reta";"Não";4;0;2;0;2;0;2;3;-19,05632901;-44,65393117;"SPRF-MG";"DEL02-MG";"UOP01-DEL02-MG"
444286;2022-04-17;"domingo";"15:25:00";"PE";101;72;"RECIFE";"Acessar a via sem observar a presença dos outros veículos";"Colisão transversal";"Com Vítimas Feridas";"Pleno dia";"Decrescente";"Céu Claro";"Dupla";"Viaduto";"Sim";2;0;1;0;1;0;1;2;-8,08493106;-34,9450639;"SPRF-PE";"DEL01-PE";"UOP01-DEL01-PE"
444287;2022-04-17;"domingo";"14:25:00";"GO";70;319;"JUSSARA";"Acessar a via sem observar a presença dos outros veículos";"Colisão transversal";"Com Vítimas Feridas";"Pleno dia";"Decrescente";"Céu Claro";"Dupla";"Reta";"Sim";3;0;1;1;1;0;2;2;-15,8736719;-50,85562706;"SPRF-GO";"DEL04-GO";"UOP01-DEL04-GO"
444288;2022-04-17;"domingo";"08:00:00";"MG";381;397;"BOM JESUS DO AMPARO";"Velocidade Incompatível";"Saída de leito carroçável";"Sem Vítimas";"Pleno dia";"Decrescente";"Céu Claro";"Dupla";"Reta;Declive";"Não";1;0;0;0;0;1;0;1;-19,744564;-43,496796;"SPRF-MG";"DEL01-MG";"UOP01-DEL01-MG"
444289;2022-04-17;"domingo";"14:30:00";"MG";267;178,2;"OLARIA";"Ultrapassagem Indevida";"Capotamento";"Com Vítimas Fatais";"Pleno dia";"Crescente";"Céu Claro";"Simples";"Reta;Declive";"Não";2;1;1;0;0;0;1;1;-21,87732794;-43,93694405;"SPRF-MG";"DEL05-MG";"UOP01-DEL05-MG"
444290;2022-04-17;"domingo";"14:40:00";"CE";20;423,7;"MARACANAU";"Ausência de reação do condutor";"Colisão traseira";"Com Vítimas Feridas";"Pleno dia";"Decrescente";"Sol";"Dupla";"Curva;Em Obras;Declive";"Não";3;0;1;1;1;0;2;2;-3,85774311;-38,54815191;"SPRF-CE";"DEL01-CE";"UOP02-DEL01-CE"
444291;2022-04-17;"domingo";"15:20:00";"AP";156;488;"TARTARUGALZINHO";"Condutor Dormindo";"Capotamento";"Com Vítimas Feridas";"Pleno dia";"Crescente";"Nublado";"Simples";"Reta";"Não";1;0;1;0;0;0;1;1;1,62632606;-50,91683256;"SPRF-AP";"DEL01-AP";"UOP02-DEL01-AP"
444292;2022-04-17;"domingo";"14:30:00";"MG";50;125;"UBERABA";"Demais falhas mecânicas ou elétricas";"Tombamento";"Com Vítimas Feridas";"Pleno dia";"Decrescente";"Céu Claro";"Dupla";"Reta";"Não";2;0;2;0;0;0;2;1;-19,35005196;-48,09182591;"SPRF-MG";"DEL13-MG";"UOP01-DEL13-MG"
444294;2022-04-17;"domingo";"15:20:00";"PR";376;543,9;"PALMEIRA";"Conversão proibida";"Colisão transversal";"Com Vítimas Fatais";"Pleno dia";"Crescente";"Céu Claro";"Dupla";"Reta;Retorno Regulamentado";"Não";4;1;3;0;0;0;3;3;-25,38254548;-49,80716939;"SPRF-PR";"DEL01-PR";"UOP03-DEL03-PR"
444296;2022-04-17;"domingo";"14:15:00";"PI";316;37,2;"LAGOA DO PIAUI";"Reação tardia ou ineficiente do condutor";"Colisão lateral sentido oposto";"Com Vítimas Feridas";"Pleno dia";"Crescente";"Sol";"Simples";"Reta";"Não";2;0;1;0;0;1;1;2;-5,384689;-42,67086;"SPRF-PI";"DEL01-PI";"UOP02-DEL01-PI"
444297;2022-04-17;"domingo";"15:20:00";"RJ";40;74;"PETROPOLIS";"Entrada inopinada do pedestre";"Atropelamento de Pedestre";"Com Vítimas Feridas";"Pleno dia";"Crescente";"Nublado";"Simples";"Curva;Aclive";"Não";4;0;1;0;3;0;1;2;-22,47254936;-43,2237339;"SPRF-RJ";"DEL06-RJ";"UOP01-DEL06-RJ"
444298;2022-04-17;"domingo";"14:35:00";"AM";174;937;"MANAUS";"Demais falhas mecânicas ou elétricas";"Tombamento";"Com Vítimas Feridas";"Pleno dia";"Decrescente";"Nublado";"Simples";"Reta;Declive";"Não";1;0;1;0;0;0;1;1;-2,51385099;-60,03703614;"SPRF-AM";"DEL01-AM";"UOP01-DEL01-AM"
444299;2022-04-17;"domingo";"16:10:00";"ES";262;162;"IBATIBA";"Conversão proibida";"Colisão transversal";"Com Vítimas Feridas";"Pleno dia";"Crescente";"Céu Claro";"Simples";"Reta";"Não";3;0;2;0;1;0;2;2;-20,23610668;-41,52282715;"SPRF-ES";"DEL01-ES";"UOP02-DEL01-ES"
444300;2022-04-17;"domingo";"15:28:00";"PR";163;20;"SANTO ANTONIO DO SUDOESTE";"Ingestão de álcool pelo condutor";"Saída de leito carroçável";"Com Vítimas Feridas";"Pleno dia";"Crescente";"Céu Claro";"Simples";"Curva;Aclive";"Não";2;0;2;0;0;0;2;1;-26,20985993;-53,63955188;"SPRF-PR";"DEL02-PR";"UOP02-DEL02-PR"
444301;2022-04-17;"domingo";"15:40:00";"RJ";116;286,9;"BARRA MANSA";"Ingestão de álcool pelo condutor";"Colisão traseira";"Sem Vítimas";"Pleno dia";"Decrescente";"Céu Claro";"Dupla";"Reta";"Não";3;0;0;0;3;0;0;2;-22,47108206;-44,27885056;"SPRF-RJ";"DEL07-RJ";"UOP02-DEL07-RJ"
444302;2022-04-17;"domingo";"14:40:00";"RJ";393;253;"BARRA DO PIRAI";"Acessar a via sem observar a presença dos outros veículos";"Colisão transversal";"Com Vítimas Feridas";"Pleno dia";"Decrescente";"Sol";"Simples";"Reta";"Sim";6;0;4;0;2;0;4;2;-22,43940862;-43,78355221;"SPRF-RJ";"DEL05-RJ";"UOP04-DEL05-RJ"
444303;2022-04-17;"domingo";"16:25:00";"DF";60;13;"BRASILIA";"Ingestão de álcool pelo condutor";"Colisão traseira";"Sem Vítimas";"Pleno dia";"Decrescente";"Sol";"Dupla";"Reta";"Não";8;0;0;0;8;0;0;3;-15,926557;-48,166969;"SPRF-DF";"DEL03-DF";"UOP01-DEL03-DF"
444304;2022-04-17;"domingo";"13:33:00";"RR";174;493;"BOA VISTA";"Animais na Pista";"Atropelamento de Animal";"Sem Vítimas";"Pleno dia";"Decrescente";"Céu Claro";"Simples";"Reta";"Não";3;0;0;0;3;0;0;1;2,74470555;-60,74918032;"SPRF-RR";"DEL01-RR";"UOP01-DEL01-RR"
444305;2022-04-17;"domingo";"16:30:00";"SC";101;153;"ITAPEMA";"Ausência de reação do condutor";"Colisão traseira";"Com Vítimas Feridas";"Pleno dia";"Decrescente";"Céu Claro";"Dupla";"Reta";"Sim";4;0;2;0;2;0;2;2;-27,144717;-48,61063935;"SPRF-SC";"DEL04-SC";"UOP03-DEL04-SC"