"id";"data_inversa";"dia_semana";"horario";"uf";"br";"km";"municipio";"causa_acidente";"tipo_acidente";"classificacao_acidente";"fase_dia";"sentido_via";"condicao_metereologica";"tipo_pista";"tracado_via";"uso_solo";"pessoas";"mortos";"feridos_leves";"feridos_graves";"ilesos";"ignorados";"feridos";"veiculos";"latitude";"longitude";"regional";"delegacia";"uop"
444306;2022-04-17;"domingo";"15:30:00";"RS";285;32;"BOM JESUS";"Condutor deixou de manter distância do veículo da frente";"Colisão traseira";"Com Vítimas Feridas";"Pleno dia";"Decrescente";"Céu Claro";"Simples";"Reta";"Não";3;0;1;0;2;0;1;2;-28,709784;-50,190502;"SPRF-RS";"DEL05-RS";"UOP03-DEL05-RS"
444308;2022-04-17;"domingo";"16:21:00";"PB";101;84;"BAYEUX";"Ausência de reação do condutor";"Colisão traseira";"Com Vítimas Feridas";"Pleno dia";"Decrescente";"Céu Claro";"Dupla";"Reta";"Sim";4;0;1;0;1;2;1;4;-7,13957906;-34,92312806;"SPRF-PB";"DEL01-PB";"UOP01-DEL01-PB"
444309;2022-04-17;"domingo";"00:30:00";"PB";230;467,5;"SOUSA";"Ausência de reação do condutor";"Saída de leito carroçável";"Sem Vítimas";"Plena Noite";"Decrescente";"Nublado";"Simples";"Reta";"Sim";1;0;0;0;0;1;0;1;-6,7813;-38,2606;"SPRF-PB";"DEL03-PB";"UOP03-DEL03-PB"
444310;2022-04-17;"domingo";"16:18:00";"SP";116;133;"CACAPAVA";"Condutor deixou de manter distância do veículo da frente";"Engavetamento";"Com Vítimas Feridas";"Pleno dia";"Crescente";"Céu Claro";"Dupla";"Reta";"Não";7;0;2;0;5;0;2;4;-23,1359564;-45,7532708;"SPRF-SP";"DEL02-SP";"UOP02-DEL02-SP"
444311;2022-04-17;"domingo";"15:00:00";"RS";285;208;"LAGOA VERMELHA";"Desrespeitar a preferência no cruzamento";"Colisão transversal";"Com Vítimas Feridas";"Pleno dia";"Decrescente";"Céu Claro";"Simples";"Interseção de Vias";"Não";5;0;1;0;4;0;1;2;-28,221825;-51,598278;"SPRF-RS";"DEL08-RS";"UOP05-DEL08-RS"
444312;2022-04-17;"domingo";"16:10:00";"RJ";493;49;"DUQUE DE CAXIAS";"Ausência de reação do condutor";"Colisão com objeto";"Com Vítimas Feridas";"Anoitecer";"Crescente";"Céu Claro";"Dupla";"Reta";"Não";1;0;1;0;0;0;1;1;-22,672089;-43,285053;"SPRF-RJ";"DEL01-RJ";"UOP01-DEL01-RJ"
444313;2022-04-17;"domingo";"15:40:00";"SC";470;125;"LONTRAS";"Acessar a via sem observar a presença dos outros veículos";"Colisão transversal";"Sem Vítimas";"Pleno dia";"Crescente";"Nublado";"Simples";"Reta";"Sim";3;0;0;0;3;0;0;3;-27,120506;-49,534946;"SPRF-SC";"DEL04-SC";"UOP02-DEL04-SC"
444314;2022-04-17;"domingo";"16:00:00";"BA";116;820;"VITORIA DA CONQUISTA";"Ultrapassagem Indevida";"Colisão frontal";"Com Vítimas Feridas";"Pleno dia";"Crescente";"Garoa/Chuvisco";"Simples";"Reta";"Não";2;0;0;1;1;0;1;2;-14,82952153;-40,83289501;"SPRF-BA";"DEL08-BA";"UOP01-DEL08-BA"
444315;2022-04-17;"domingo";"16:20:00";"MG";40;59,2;"PARACATU";"Reação tardia ou ineficiente do condutor";"Colisão traseira";"Com Vítimas Feridas";"Pleno dia";"Decrescente";"Céu Claro";"Simples";"Reta";"Não";4;0;2;0;2;0;2;1;-17,31121598;-46,76989592;"SPRF-MG";"DEL14-MG";"UOP01-DEL14-MG"
444316;2022-04-17;"domingo";"15:55:00";"MT";163;842;"SINOP";"Ingestão de álcool pelo condutor";"Colisão traseira";"Com Vítimas Feridas";"Pleno dia";"Decrescente";"Sol";"Simples";"Reta";"Sim";6;0;2;0;4;0;2;2;-11,92479503;-55,5117839;"SPRF-MT";"DEL06-MT";"NPF/DEL06-MT"
444317;2022-04-17;"domingo";"16:35:00";"SC";101;88,6;"BARRA VELHA";"Falta de acostamento";"Saída de leito carroçável";"Com Vítimas Feridas";"Pleno dia";"Decrescente";"Nublado";"Múltipla";"Reta";"Sim";2;0;1;0;1;0;1;1;-26,64253985;-48,68950684;"SPRF-SC";"DEL03-SC";"UOP02-DEL03-SC"
444318;2022-04-17;"domingo";"09:45:00";"SC";282;89;"ALFREDO WAGNER";"Acumulo de areia ou detritos sobre o pavimento";"Queda de ocupante de veículo";"Com Vítimas Feridas";"Pleno dia";"Decrescente";"Nublado";"Simples";"Curva";"Não";2;0;0;2;0;0;2;1;-27,677973;-49,215893;"SPRF-SC";"DEL01-SC";"UOP03-DEL01-SC"
444321;2022-04-17;"domingo";"17:25:00";"RJ";101;37;"CAMPOS DOS GOYTACAZES";"Reação tardia ou ineficiente do condutor";"Colisão frontal";"Com Vítimas Feridas";"Pleno dia";"Decrescente";"Céu Claro";"Simples";"Declive";"Não";2;0;1;0;1;0;1;2;-21,52498519;-41,33663155;"SPRF-RJ";"DEL08-RJ";"UOP01-DEL08-RJ"
444322;2022-04-17;"domingo";"17:00:00";"RS";285;334,8;"CARAZINHO";"Reação tardia ou ineficiente do condutor";"Saída de leito carroçável";"Com Vítimas Feridas";"Pleno dia";"Decrescente";"Sol";"Simples";"Reta";"Sim";1;0;1;0;0;0;1;1;-28,306229;-52,746593;"SPRF-RS";"DEL08-RS";"UOP03-DEL08-RS"
444324;2022-04-17;"domingo";"17:40:00";"RS";290;94;"PORTO ALEGRE";"Manobra de mudança de faixa";"Colisão transversal";"Sem Vítimas";"Pleno dia";"Crescente";"Céu Claro";"Múltipla";"Curva";"Não";5;0;0;0;5;0;0;2;-29,973856;-51,197853;"SPRF-RS";"DEL01-RS";"UOP01-DEL01-RS"
444325;2022-04-17;"domingo";"15:00:00";"RN";405;21;"MOSSORO";"Demais falhas na via";"Saída de leito carroçável";"Com Vítimas Feridas";"Pleno dia";"Decrescente";"Céu Claro";"Simples";"Reta";"Não";2;0;1;0;0;1;1;2;-5,24770899;-37,52157601;"SPRF-RN";"DEL04-RN";"UOP02-DEL04-RN"
444326;2022-04-17;"domingo";"16:20:00";"CE";20;370,8;"MARANGUAPE";"Reação tardia ou ineficiente do condutor";"Colisão traseira";"Com Vítimas Feridas";"Pleno dia";"Crescente";"Céu Claro";"Simples";"Reta";"Não";3;0;0;2;1;0;2;2;-3,98009832;-38,91178381;"SPRF-CE";"DEL02-CE";"UOP01-DEL02-CE"
444327;2022-04-17;"domingo";"10:00:00";"RJ";40;84;"PETROPOLIS";"Velocidade Incompatível";"Colisão com objeto";"Com Vítimas Feridas";"Pleno dia";"Decrescente";"Nublado";"Simples";"Curva";"Não";2;0;1;0;1;0;1;1;-22,52145512;-43,23707996;"SPRF-RJ";"DEL06-RJ";"UOP01-DEL06-RJ"
444328;2022-04-17;"domingo";"17:30:00";"BA";324;606;"SIMOES FILHO";"Transitar na contramão";"Colisão lateral sentido oposto";"Sem Vítimas";"Pleno dia";"Decrescente";"Chuva";"Dupla";"Reta";"Não";4;0;0;0;3;1;0;2;-12,79340512;-38,40485325;"SPRF-BA";"DEL01-BA";"UOP01-DEL01-BA"
444329;2022-04-17;"domingo";"15:50:00";"MS";60;368;"CAMPO GRANDE";"Ausência de reação do condutor";"Engavetamento";"Sem Vítimas";"Pleno dia";"Decrescente";"Céu Claro";"Simples";"Reta";"Sim";4;0;0;0;4;0;0;3;-20,55335;-54,669719;"SPRF-MS";"DEL01-MS";"UOP04-DEL01-MS"
444330;2022-04-17;"domingo";"13:20:00";"MT";70;184;"GENERAL CARNEIRO";"Pista esburacada";"Saída de leito carroçável";"Com Vítimas Feridas";"Pleno dia";"Crescente";"Céu Claro";"Simples";"Reta;Declive";"Não";2;0;1;1;0;0;2;1;-15,69939819;-53,61434473;"SPRF-MT";"DEL05-MT";"UOP01-DEL05-MT"
444331;2022-04-17;"domingo";"17:25:00";"SC";101;442,2;"SANTA ROSA DO SUL";"Condutor usando celular";"Colisão com objeto";"Com Vítimas Feridas";"Pleno dia";"Crescente";"Nublado";"Múltipla";"Reta";"Não";1;0;1;0;0;0;1;1;-29,13197674;-49,69676256;"SPRF-SC";"DEL02-SC";"UOP02-DEL02-SC"
444333;2022-04-17;"domingo";"17:47:00";"GO";40;12;"LUZIANIA";"Reação tardia ou ineficiente do condutor";"Queda de ocupante de veículo";"Com Vítimas Feridas";"Anoitecer";"Crescente";"Céu Claro";"Dupla";"Reta";"Sim";1;0;0;1;0;0;1;1;-16,147634;-47,942961;"SPRF-DF";"DEL01-DF";"UOP01-DEL01-DF"
444334;2022-04-17;"domingo";"17:55:00";"SP";116;422,2;"JUQUIA";"Objeto estático sobre o leito carroçável";"Eventos atípicos";"Sem Vítimas";"Plena Noite";"Crescente";"Nublado";"Dupla";"Reta";"Sim";2;0;0;0;2;0;0;1;-24,36454003;-47,69203096;"SPRF-SP";"DEL05-SP";"UOP01-DEL05-SP"
444336;2022-04-17;"domingo";"16:50:00";"RJ";393;219;"VASSOURAS";"Condutor deixou de manter distância do veículo da frente";"Capotamento";"Com Vítimas Feridas";"Pleno dia";"Decrescente";"Céu Claro";"Simples";"Reta";"Não";3;0;3;0;0;0;3;1;-22,31261096;-43,51294601;"SPRF-RJ";"DEL05-RJ";"UOP03-DEL05-RJ"
444337;2022-04-17;"domingo";"10:10:00";"PA";10;242,9;"AURORA DO PARA";"Transitar no acostamento";"Saída de leito carroçável";"Com Vítimas Feridas";"Pleno dia";"Crescente";"Céu Claro";"Simples";"Reta";"Não";1;0;1;0;0;0;1;1;-2,314164;-47,563926;"SPRF-PA";"DEL02-PA";"UOP01-DEL02-PA"
444338;2022-04-17;"domingo";"18:25:00";"BA";135;194;"BARREIRAS";"Manobra de mudança de faixa";"Colisão frontal";"Com Vítimas Feridas";"Plena Noite";"Crescente";"Garoa/Chuvisco";"Simples";"Curva";"Não";5;0;0;1;4;0;1;2;-12,274734;-45,024514;"SPRF-BA";"DEL10-BA";"UOP01-DEL10-BA"
444339;2022-04-17;"domingo";"16:50:00";"MS";262;457;"DOIS IRMAOS DO BURITI";"Demais falhas mecânicas ou elétricas";"Tombamento";"Com Vítimas Feridas";"Pleno dia";"Decrescente";"Céu Claro";"Simples";"Reta;Declive";"Não";2;0;2;0;0;0;2;1;-20,55354419;-55,51892305;"SPRF-MS";"DEL03-MS";"UOP01-DEL03-MS"
444340;2022-04-17;"domingo";"17:15:00";"MS";163;249;"DOURADOS";"Condutor deixou de manter distância do veículo da frente";"Engavetamento";"Com Vítimas Feridas";"Anoitecer";"Crescente";"Vento";"Simples";"Reta";"Não";6;0;1;0;5;0;1;3;-22,31490301;-54,8198581;"SPRF-MS";"DEL04-MS";"UOP02-DEL04-MS"
444341;2022-04-17;"domingo";"17:30:00";"MG";40;430;"PARAOPEBA";"Condutor deixou de manter distância do veículo da frente";"Colisão traseira";"Sem Vítimas";"Pleno dia";"Crescente";"Céu Claro";"Dupla";"Reta";"Não";2;0;0;0;1;1;0;2;-19,19144984;-44,48681487;"SPRF-MG";"DEL02-MG";"UOP01-DEL02-MG"
444342;2022-04-17;"domingo";"18:30:00";"SC";101;323,5;"CAPIVARI DE BAIXO";"Ausência de reação do condutor";"Colisão lateral mesmo sentido";"Com Vítimas Feridas";"Plena Noite";"Decrescente";"Céu Claro";"Dupla";"Curva";"Sim";2;0;1;0;0;1;1;2;-28,43023306;-48,95205197;"SPRF-SC";"DEL02-SC";"UOP01-DEL02-SC"
444344;2022-04-17;"domingo";"18:30:00";"BA";116;29;"VITORIA DA CONQUISTA";"Ausência de reação do condutor";"Colisão traseira";"Com Vítimas Feridas";"Plena Noite";"Crescente";"Garoa/Chuvisco";"Simples";"Viaduto";"Sim";2;0;1;0;1;0;1;2;-14,829676;-40,82659461;"SPRF-BA";"DEL08-BA";"UOP01-DEL08-BA"
444345;2022-04-17;"domingo";"18:40:00";"SC";280;51,5;"GUARAMIRIM";"Condutor deixou de manter distância do veículo da frente";"Colisão lateral mesmo sentido";"Com Vítimas Feridas";"Plena Noite";"Decrescente";"Nublado";"Dupla";"Reta";"Não";2;0;1;0;1;0;1;2;-26,46538871;-48,95544449;"SPRF-SC";"DEL03-SC";"UOP03-DEL03-SC"
444346;2022-04-17;"domingo";"17:20:00";"SC";116;5,5;"MAFRA";"Transitar na contramão";"Colisão frontal";"Com Vítimas Feridas";"Pleno dia";"Crescente";"Nublado";"Simples";"Reta";"Sim";3;0;1;0;2;0;1;2;-26,14094396;-49,81508303;"SPRF-SC";"DEL06-SC";"UOP01-DEL06-SC"
444347;2022-04-17;"domingo";"18:55:00";"GO";40;8;"LUZIANIA";"Transitar no acostamento";"Colisão lateral mesmo sentido";"Com Vítimas Feridas";"Plena Noite";"Crescente";"Céu Claro";"Dupla";"Reta";"Sim";5;0;1;0;4;0;1;3;-16,116158;-47,96761;"SPRF-DF";"DEL01-DF";"UOP01-DEL01-DF"
444348;2022-04-17;"domingo";"18:20:00";"MG";116;415;"GOVERNADOR VALADARES";"Condutor deixou de manter distância do veículo da frente";"Colisão traseira";"Com Vítimas Feridas";"Anoitecer";"Decrescente";"Céu Claro";"Simples";"Ponte";"Sim";2;0;1;0;1;0;1;2;-18,88401297;-41,94924399;"SPRF-MG";"DEL06-MG";"UOP01-DEL06-MG"
444349;2022-04-17;"domingo";"15:20:00";"RN";304;58,2;"MOSSORO";"Avarias e/ou desgaste excessivo no pneu";"Queda de ocupante de veículo";"Com Vítimas Feridas";"Pleno dia";"Decrescente";"Nublado";"Simples";"Reta";"Não";1;0;1;0;0;0;1;1;-5,30755419;-37,27823536;"SPRF-RN";"DEL04-RN";"UOP01-DEL04-RN"
444350;2022-04-09;"sábado";"13:00:00";"PA";10;7,9;"DOM ELISEU";"Acessar a via sem observar a presença dos outros veículos";"Colisão transversal";"Com Vítimas Feridas";"Pleno dia";"Crescente";"Sol";"Simples";"Curva;Aclive";"Não";3;0;3;0;0;0;3;2;-4,38439306;-47,53529121;"SPRF-PA";"DEL02-PA";"UOP02-DEL02-PA"
444351;2022-04-17;"domingo";"16:20:00";"MG";381;586;"CARMOPOLIS DE MINAS";"Condutor Dormindo";"Saída de leito carroçável";"Com Vítimas Feridas";"Pleno dia";"Decrescente";"Céu Claro";"Dupla";"Curva";"Não";5;0;4;0;1;0;4;1;-20,54431144;-44,64751868;"SPRF-MG";"DEL04-MG";"UOP01-DEL04-MG"
444352;2022-04-17;"domingo";"18:40:00";"PR";0;0;"FOZ DO IGUACU";"Deficiência do Sistema de Iluminação/Sinalização";"Colisão frontal";"Sem Vítimas";"Plena Noite";"Não Informado";"Céu Claro";"Simples";"Curva";"Sim";2;0;0;0;2;0;0;2;-25,51235143;-54,55617428;"SPRF-PR";"DEL05-PR";"UOP03-DEL05-PR"
444353;2022-04-17;"domingo";"18:45:00";"ES";101;287;"CARIACICA";"Velocidade Incompatível";"Queda de ocupante de veículo";"Com Vítimas Feridas";"Plena Noite";"Crescente";"Céu Claro";"Dupla";"Reta;Aclive";"Não";1;0;1;0;0;0;1;1;-20,26493528;-40,38471702;"SPRF-ES";"DEL01-ES";"UOP01-DEL01-ES"
444354;2022-04-17;"domingo";"18:30:00";"RS";386;28;"FREDERICO WESTPHALEN";"Ultrapassagem Indevida";"Colisão frontal";"Com Vítimas Feridas";"Plena Noite";"Crescente";"Céu Claro";"Simples";"Reta";"Sim";4;0;2;0;2;0;2;2;-27,309925;-53,378048;"SPRF-RS";"DEL08-RS";"UOP02-DEL08-RS"
444356;2022-04-17;"domingo";"19:10:00";"SC";470;56,3;"BLUMENAU";"Ausência de reação do condutor";"Colisão traseira";"Com Vítimas Feridas";"Plena Noite";"Decrescente";"Céu Claro";"Simples";"Reta";"Sim";4;0;2;0;2;0;2;3;-26,87674;-49,127743;"SPRF-SC";"DEL04-SC";"UOP01-DEL04-SC"
444357;2022-04-17;"domingo";"19:00:00";"PR";376;149,5;"PRESIDENTE CASTELO BRANCO";"Condutor Dormindo";"Saída de leito carroçável";"Com Vítimas Feridas";"Plena Noite";"Decrescente";"Céu Claro";"Dupla";"Reta";"Não";3;0;1;0;2;0;1;1;-23,29627096;-52,11834898;"SPRF-PR";"DEL09-PR";"UOP01-DEL09-PR"
444358;2022-04-17;"domingo";"17:05:00";"BA";101;238;"CONCEICAO DO ALMEIDA";"Condutor Dormindo";"Saída de leito carroçável";"Com Vítimas Feridas";"Anoitecer";"Crescente";"Chuva";"Simples";"Reta";"Não";4;0;0;1;3;0;1;1;-12,78440128;-39,18881178;"SPRF-BA";"DEL01-BA";"UOP02-DEL01-BA"
444359;2022-04-17;"domingo";"19:10:00";"PB";230;25;"JOAO PESSOA";"Afundamento ou ondulação no pavimento";"Tombamento";"Com Vítimas Feridas";"Plena Noite";"Crescente";"Nublado";"Múltipla";"Viaduto;Reta";"Sim";1;0;0;1;0;0;1;1;-7,1707;-34,8684;"SPRF-PB";"DEL01-PB";"UOP01-DEL01-PB"
444361;2022-04-17;"domingo";"19:20:00";"RS";116;269;"CANOAS";"Demais falhas mecânicas ou elétricas";"Tombamento";"Com Vítimas Feridas";"Plena Noite";"Crescente";"Céu Claro";"Múltipla";"Reta";"Sim";2;0;1;0;1;0;1;1;-29,95942501;-51,17608515;"SPRF-RS";"DEL01-RS";"UOP01-DEL01-RS"
444362;2022-04-17;"domingo";"19:25:00";"RN";406;40,6;"GUAMARE";"Velocidade Incompatível";"Colisão traseira";"Com Vítimas Fatais";"Plena Noite";"Decrescente";"Chuva";"Simples";"Reta";"Não";4;3;0;0;0;1;0;4;-5,27475223;-36,3104471;"SPRF-RN";"DEL02-RN";"UOP01-DEL02-RN"
444363;2022-04-17;"domingo";"18:39:00";"MS";163;261;"DOURADOS";"Transitar no acostamento";"Colisão traseira";"Com Vítimas Feridas";"Plena Noite";"Decrescente";"Céu Claro";"Dupla";"Reta";"Não";3;0;3;0;0;0;3;2;-22,23864271;-54,76552912;"SPRF-MS";"DEL04-MS";"UOP01-DEL04-MS"
444365;2022-04-17;"domingo";"19:20:00";"BA";116;2,5;"VITORIA DA CONQUISTA";"Ausência de reação do condutor";"Colisão frontal";"Com Vítimas Feridas";"Plena Noite";"Crescente";"Garoa/Chuvisco";"Simples";"Reta";"Não";2;0;0;1;1;0;1;2;-14,82521;-40,852724;"SPRF-BA";"DEL08-BA";"UOP01-DEL08-BA"
444368;2022-04-17;"domingo";"19:00:00";"MG";262;486;"BOM DESPACHO";"Faróis desregulados";"Tombamento";"Com Vítimas Feridas";"Plena Noite";"Decrescente";"Céu Claro";"Simples";"Aclive";"Não";1;0;1;0;0;0;1;1;-19,78610881;-45,30392798;"SPRF-MG";"DEL08-MG";"UOP03-DEL08-MG"
444369;2022-04-17;"domingo";"19:28:00";"PB";230;10;"CABEDELO";"Ingestão de álcool pelo condutor";"Colisão traseira";"Sem Vítimas";"Plena Noite";"Crescente";"Chuva";"Dupla";"Reta";"Sim";3;0;0;0;1;2;0;3;-7,0514;-34,8499;"SPRF-PB";"DEL01-PB";"UOP01-DEL01-PB"
444370;2022-04-17;"domingo";"19:00:00";"SC";280;126;"RIO NEGRINHO";"Trafegar com motocicleta (ou similar) entre as faixas";"Colisão transversal";"Com Vítimas Feridas";"Plena Noite";"Crescente";"Céu Claro";"Simples";"Curva;Interseção de Vias";"Sim";3;0;0;2;1;0;2;2;-26,23779604;-49,49427399;"SPRF-SC";"DEL06-SC";"UOP03-DEL06-SC"
444371;2022-04-17;"domingo";"19:10:00";"RS";386;219,5;"TIO HUGO";"Ingestão de álcool pelo condutor";"Colisão transversal";"Sem Vítimas";"Plena Noite";"Decrescente";"Céu Claro";"Simples";"Reta";"Não";2;0;0;0;1;1;0;2;-28,610207;-52,607746;"SPRF-RS";"DEL04-RS";"UOP03-DEL04-RS"
444374;2022-04-17;"domingo";"19:15:00";"ES";262;157;"IBATIBA";"Ingestão de álcool pelo condutor";"Colisão lateral sentido oposto";"Com Vítimas Feridas";"Plena Noite";"Crescente";"Céu Claro";"Simples";"Reta";"Sim";4;0;2;0;2;0;2;2;-20,22096685;-41,41902406;"SPRF-ES";"DEL01-ES";"UOP02-DEL01-ES"
444375;2022-04-17;"domingo";"20:00:00";"RS";392;628,8;"SETE DE SETEMBRO";"Ausência de reação do condutor";"Colisão lateral sentido oposto";"Com Vítimas Feridas";"Plena Noite";"Crescente";"Céu Claro";"Simples";"Reta";"Não";5;0;1;0;4;0;1;2;-28,16327844;-54,42763111;"SPRF-RS";"DEL10-RS";"UOP01-DEL10-RS"
444376;2022-04-17;"domingo";"19:40:00";"PR";277;583,1;"CASCAVEL";"Condutor deixou de manter distância do veículo da frente";"Colisão traseira";"Sem Vítimas";"Plena Noite";"Crescente";"Céu Claro";"Dupla";"Reta";"Sim";2;0;0;0;2;0;0;2;-24,97165493;-53,39428595;"SPRF-PR";"DEL04-PR";"UOP01-DEL04-PR"
444377;2022-04-17;"domingo";"19:15:00";"SP";116;440;"REGISTRO";"Transitar na contramão";"Colisão frontal";"Com Vítimas Feridas";"Plena Noite";"Decrescente";"Nublado";"Dupla";"Reta";"Sim";6;0;0;1;4;1;1;3;-24,4688528;-47,82223728;"SPRF-SP";"DEL05-SP";"UOP01-DEL05-SP"
444378;2022-04-17;"domingo";"18:10:00";"SC";101;25,7;"JOINVILLE";"Reação tardia ou ineficiente do condutor";"Colisão traseira";"Com Vítimas Feridas";"Anoitecer";"Crescente";"Céu Claro";"Dupla";"Reta";"Sim";2;0;1;0;1;0;1;2;-26,1834739;-48,9105912;"SPRF-SC";"DEL03-SC";"UOP01-DEL03-SC"
444379;2022-04-17;"domingo";"19:40:00";"RS";287;250;"SANTA MARIA";"Acesso irregular";"Colisão transversal";"Com Vítimas Feridas";"Plena Noite";"Decrescente";"Céu Claro";"Dupla";"Reta";"Sim";3;0;1;0;2;0;1;2;-29,69117507;-53,87008667;"SPRF-RS";"DEL09-RS";"UOP01-DEL09-RS"
444380;2022-04-17;"domingo";"19:10:00";"PR";277;117;"CAMPO LARGO";"Ingestão de álcool ou de substâncias psicoativas pelo pedestre";"Atropelamento de Pedestre";"Com Vítimas Fatais";"Plena Noite";"Decrescente";"Céu Claro";"Dupla";"Reta";"Sim";7;1;0;0;5;1;0;2;-25,43473714;-49,52246927;"SPRF-PR";"DEL01-PR";"UOP03-DEL03-PR"
444381;2022-04-17;"domingo";"20:00:00";"ES";101;65,8;"SAO MATEUS";"Ingestão de álcool pelo condutor";"Queda de ocupante de veículo";"Com Vítimas Feridas";"Plena Noite";"Crescente";"Céu Claro";"Dupla";"Reta";"Sim";1;0;0;1;0;0;1;1;-18,70935945;-39,87762087;"SPRF-ES";"DEL04-ES";"UOP02-DEL04-ES"
444382;2022-04-17;"domingo";"19:00:00";"RJ";101;575;"PARATY";"Pedestre cruzava a pista fora da faixa";"Atropelamento de Pedestre";"Com Vítimas Feridas";"Plena Noite";"Crescente";"Céu Claro";"Simples";"Rotatória";"Sim";3;0;2;0;1;0;2;2;-23,21978585;-44,73466957;"SPRF-RJ";"DEL03-RJ";"UOP04-DEL03-RJ"
444383;2022-04-17;"domingo";"19:50:00";"SC";101;218;"PALHOCA";"Trafegar com motocicleta (ou similar) entre as faixas";"Colisão lateral mesmo sentido";"Com Vítimas Feridas";"Plena Noite";"Decrescente";"Nublado";"Múltipla";"Reta";"Sim";4;0;1;1;2;0;2;2;-27,6758601;-48,67052525;"SPRF-SC";"DEL01-SC";"UOP02-DEL01-SC"
444384;2022-04-17;"domingo";"18:40:00";"RJ";101;321;"NITEROI";"Velocidade Incompatível";"Tombamento";"Com Vítimas Feridas";"Anoitecer";"Decrescente";"Ignorado";"Dupla";"Curva";"Sim";2;0;0;2;0;0;2;1;-22,86981096;-43,11046465;"SPRF-RJ";"DEL02-RJ";"UOP01-DEL02-RJ"
444387;2022-04-17;"domingo";"19:48:00";"PE";423;73;"JUPI";"Demais falhas mecânicas ou elétricas";"Colisão traseira";"Sem Vítimas";"Plena Noite";"Crescente";"Céu Claro";"Simples";"Reta";"Não";3;0;0;0;3;0;0;2;-8,709851;-36,41926432;"SPRF-PE";"DEL03-PE";"UOP01-DEL03-PE"
444388;2022-04-17;"domingo";"19:00:00";"BA";407;215;"QUIXABEIRA";"Ultrapassagem Indevida";"Colisão frontal";"Com Vítimas Fatais";"Plena Noite";"Decrescente";"Céu Claro";"Simples";"Reta";"Não";5;2;2;1;0;0;3;2;-11,233421;-40,026328;"SPRF-BA";"DEL04-BA";"UOP02-DEL04-BA"
444389;2022-04-17;"domingo";"18:30:00";"MG";459;18,4;"CALDAS";"Velocidade Incompatível";"Colisão traseira";"Com Vítimas Feridas";"Plena Noite";"Decrescente";"Céu Claro";"Simples";"Declive;Curva";"Não";4;0;0;1;0;3;1;3;-21,85754937;-46,4335417;"SPRF-MG";"DEL09-MG";"UOP01-DEL09-MG"
444390;2022-04-17;"domingo";"15:45:00";"SC";470;200;"OTACILIO COSTA";"Acessar a via sem observar a presença dos outros veículos";"Colisão transversal";"Com Vítimas Feridas";"Pleno dia";"Crescente";"Céu Claro";"Simples";"Reta;Interseção de Vias";"Não";3;0;1;0;2;0;1;2;-27,305405;-50,136627;"SPRF-SC";"DEL05-SC";"UOP03-DEL05-SC"
444391;2022-04-17;"domingo";"19:30:00";"PR";369;432,5;"JURANDA";"Manobra de mudança de faixa";"Queda de ocupante de veículo";"Com Vítimas Feridas";"Plena Noite";"Crescente";"Céu Claro";"Simples";"Reta;Declive";"Não";1;0;1;0;0;0;1;1;-24,4663;-52,8654;"SPRF-PR";"DEL04-PR";"UOP03-DEL04-PR"
444393;2022-04-17;"domingo";"19:45:00";"DF";80;16,5;"BRASILIA";"Ingestão de álcool pelo condutor";"Colisão lateral sentido oposto";"Sem Vítimas";"Plena Noite";"Crescente";"Céu Claro";"Simples";"Reta;Aclive";"Não";3;0;0;0;3;0;0;3;-15,701065;-48,202263;"SPRF-DF";"DEL03-DF";"UOP02-DEL03-DF"
444394;2022-04-17;"domingo";"19:45:00";"SC";470;66,8;"INDAIAL";"Ultrapassagem Indevida";"Colisão traseira";"Com Vítimas Feridas";"Plena Noite";"Crescente";"Nublado";"Simples";"Em Obras;Reta";"Sim";2;0;1;0;1;0;1;2;-26,87161671;-49,23040152;"SPRF-SC";"DEL04-SC";"UOP01-DEL04-SC"
444395;2022-04-17;"domingo";"20:00:00";"PE";232;16;"JABOATAO DOS GUARARAPES";"Ausência de reação do condutor";"Saída de leito carroçável";"Com Vítimas Feridas";"Plena Noite";"Decrescente";"Céu Claro";"Múltipla";"Reta;Declive";"Não";3;0;3;0;0;0;3;1;-8,09414193;-35,03716601;"SPRF-PE";"DEL01-PE";"UOP01-DEL01-PE"
444396;2022-04-17;"domingo";"21:15:00";"SP";101;43,9;"UBATUBA";"Pedestre andava na pista";"Atropelamento de Pedestre";"Com Vítimas Feridas";"Plena Noite";"Decrescente";"Nublado";"Simples";"Reta";"Sim";3;0;1;0;1;1;1;2;-23,40861052;-45,06227553;"SPRF-SP";"DEL06-SP";"UOP01-DEL06-SP"
444397;2022-04-17;"domingo";"19:30:00";"PR";373;399;"CANDOI";"Ingestão de álcool pelo condutor";"Colisão traseira";"Sem Vítimas";"Plena Noite";"Crescente";"Céu Claro";"Simples";"Reta";"Sim";4;0;0;0;3;1;0;2;-25,56145105;-52,04536396;"SPRF-PR";"DEL08-PR";"UOP01-DEL08-PR"
444398;2022-04-17;"domingo";"18:40:00";"RJ";393;220;"VASSOURAS";"Transitar no acostamento";"Colisão com objeto";"Com Vítimas Feridas";"Plena Noite";"Decrescente";"Nublado";"Simples";"Curva";"Não";2;0;2;0;0;0;2;1;-22,31476053;-43,52216514;"SPRF-RJ";"DEL05-RJ";"UOP03-DEL05-RJ"