"id";"data_inversa";"dia_semana";"horario";"uf";"br";"km";"municipio";"causa_acidente";"tipo_acidente";"classificacao_acidente";"fase_dia";"sentido_via";"condicao_metereologica";"tipo_pista";"tracado_via";"uso_solo";"pessoas";"mortos";"feridos_leves";"feridos_graves";"ilesos";"ignorados";"feridos";"veiculos";"latitude";"longitude";"regional";"delegacia";"uop"
444509;2022-04-18;"segunda-feira";"09:45:00";"AP";210;3;"MACAPA";"Acessar a via sem observar a presença dos outros veículos";"Colisão transversal";"Com Vítimas Feridas";"Pleno dia";"Decrescente";"Garoa/Chuvisco";"Simples";"Interseção de Vias";"Sim";2;0;1;0;1;0;1;2;0,08723365;-51,08569007;"SPRF-AP";"DEL01-AP";"UOP01-DEL01-AP"
444513;2022-02-05;"sábado";"01:00:00";"PA";222;34;"DOM ELISEU";"Acumulo de água sobre o pavimento";"Saída de leito carroçável";"Sem Vítimas";"Plena Noite";"Crescente";"Chuva";"Simples";"Reta";"Não";1;0;0;0;1;0;0;1;-4,323587;-47,696548;"SPRF-PA";"DEL02-PA";"UOP02-DEL02-PA"
444515;2022-04-18;"segunda-feira";"09:30:00";"PR";277;36;"MORRETES";"Pista Escorregadia";"Colisão com objeto";"Com Vítimas Feridas";"Pleno dia";"Decrescente";"Chuva";"Dupla";"Curva";"Não";2;0;2;0;0;0;2;1;-25,57124648;-48,83800507;"SPRF-PR";"DEL01-PR";"UOP05-DEL01-PR"
444516;2022-04-18;"segunda-feira";"09:40:00";"RS";116;259;"CANOAS";"Ultrapassagem Indevida";"Colisão lateral mesmo sentido";"Com Vítimas Feridas";"Pleno dia";"Decrescente";"Céu Claro";"Dupla";"Reta";"Sim";2;0;1;0;1;0;1;2;-29,870408;-51,179909;"SPRF-RS";"DEL01-RS";"UOP02-DEL01-RS"
444519;2022-04-18;"segunda-feira";"09:40:00";"PE";232;104;"BEZERROS";"Velocidade Incompatível";"Saída de leito carroçável";"Com Vítimas Feridas";"Pleno dia";"Decrescente";"Céu Claro";"Dupla";"Reta";"Não";2;0;2;0;0;0;2;1;-8,2553139;-35,77427504;"SPRF-PE";"DEL02-PE";"UOP02-DEL02PE"
444520;2022-04-18;"segunda-feira";"10:30:00";"RS";392;633,3;"SETE DE SETEMBRO";"Desrespeitar a preferência no cruzamento";"Colisão transversal";"Com Vítimas Feridas";"Pleno dia";"Crescente";"Sol";"Simples";"Interseção de Vias;Rotatória";"Não";2;0;1;0;1;0;1;2;-28,15428978;-54,46819782;"SPRF-RS";"DEL10-RS";"UOP01-DEL10-RS"
444521;2022-04-18;"segunda-feira";"05:00:00";"RO";435;121;"CEREJEIRAS";"Ausência de reação do condutor";"Colisão traseira";"Com Vítimas Feridas";"Pleno dia";"Crescente";"Céu Claro";"Simples";"Reta";"Não";1;0;0;1;0;0;1;1;-13,18492412;-60,79214501;"SPRF-RO";"DEL04-RO";"UOP02-DEL04-RO"
444522;2022-04-18;"segunda-feira";"06:30:00";"RN";101;81,9;"SAO GONCALO DO AMARANTE";"Manobra de mudança de faixa";"Colisão lateral mesmo sentido";"Com Vítimas Feridas";"Pleno dia";"Crescente";"Céu Claro";"Dupla";"Reta";"Sim";3;0;0;1;2;0;1;2;-5,76469466;-35,28295988;"SPRF-RN";"DEL02-RN";"UOP01-DEL02-RN"
444524;2022-04-13;"quarta-feira";"19:31:00";"AM";174;961;"RIO PRETO DA EVA";"Pista esburacada";"Capotamento";"Com Vítimas Feridas";"Plena Noite";"Decrescente";"Nublado";"Simples";"Reta";"Não";4;0;1;0;3;0;1;1;-2,30047693;-60,044332;"SPRF-AM";"DEL01-AM";"UOP01-DEL01-AM"
444526;2022-04-18;"segunda-feira";"11:15:00";"SP";116;230,5;"SAO PAULO";"Manobra de mudança de faixa";"Colisão traseira";"Com Vítimas Feridas";"Pleno dia";"Crescente";"Nublado";"Dupla";"Reta";"Sim";2;0;1;0;1;0;1;2;-23,52251783;-46,5855702;"SPRF-SP";"DEL01-SP";"UOP01-DEL01-SP"
444529;2022-04-18;"segunda-feira";"11:05:00";"RS";285;482,6;"ENTRE-IJUIS";"Reação tardia ou ineficiente do condutor";"Engavetamento";"Com Vítimas Feridas";"Pleno dia";"Decrescente";"Céu Claro";"Simples";"Aclive";"Não";6;0;1;0;5;0;1;3;-28,373577;-54,127453;"SPRF-RS";"DEL10-RS";"UOP01-DEL10-RS"
444530;2022-04-18;"segunda-feira";"11:20:00";"SP";116;219;"GUARULHOS";"Reação tardia ou ineficiente do condutor";"Colisão traseira";"Com Vítimas Feridas";"Pleno dia";"Decrescente";"Céu Claro";"Múltipla";"Reta";"Sim";3;0;1;0;2;0;1;2;-23,46143954;-46,48885316;"SPRF-SP";"DEL01-SP";"UOP01-DEL01-SP"
444532;2022-04-18;"segunda-feira";"08:00:00";"MT";364;242;"JUSCIMEIRA";"Animais na Pista";"Atropelamento de Animal";"Com Vítimas Feridas";"Pleno dia";"Crescente";"Céu Claro";"Dupla";"Reta";"Não";1;0;1;0;0;0;1;1;-16,17914141;-54,78905337;"SPRF-MT";"DEL02-MT";"UOP01-DEL02-MT"
444533;2022-04-18;"segunda-feira";"10:00:00";"CE";402;270,8;"ITAPIPOCA";"Pista Escorregadia";"Tombamento";"Com Vítimas Feridas";"Pleno dia";"Crescente";"Nublado";"Simples";"Reta";"Não";2;0;1;0;1;0;1;1;-3,48376525;-39,52827014;"SPRF-CE";"DEL01-CE";"UOP03-DEL01-CE"
444537;2022-04-18;"segunda-feira";"11:25:00";"PE";101;80;"JABOATAO DOS GUARARAPES";"Pedestre cruzava a pista fora da faixa";"Colisão lateral mesmo sentido";"Com Vítimas Feridas";"Pleno dia";"Decrescente";"Céu Claro";"Múltipla";"Rotatória";"Não";2;0;1;0;1;0;1;2;-8,15233899;-34,94251013;"SPRF-PE";"DEL01-PE";"UOP01-DEL01-PE"
444539;2022-04-18;"segunda-feira";"12:10:00";"RS";386;32;"FREDERICO WESTPHALEN";"Desrespeitar a preferência no cruzamento";"Colisão transversal";"Com Vítimas Feridas";"Pleno dia";"Crescente";"Céu Claro";"Simples";"Interseção de Vias";"Não";3;0;1;0;2;0;1;2;-27,341396;-53,387527;"SPRF-RS";"DEL08-RS";"UOP02-DEL08-RS"
444540;2022-04-18;"segunda-feira";"12:45:00";"SC";282;91;"ALFREDO WAGNER";"Acessar a via sem observar a presença dos outros veículos";"Colisão traseira";"Sem Vítimas";"Pleno dia";"Crescente";"Céu Claro";"Simples";"Reta";"Não";3;0;0;0;3;0;0;2;-27,690374;-49,229061;"SPRF-SC";"DEL01-SC";"UOP03-DEL01-SC"
444541;2022-04-17;"domingo";"18:40:00";"SP";116;296;"ITAPECERICA DA SERRA";"Pista esburacada";"Eventos atípicos";"Sem Vítimas";"Plena Noite";"Decrescente";"Nublado";"Dupla";"Reta";"Não";2;0;0;0;2;0;0;1;-23,775485;-46,914416;"SPRF-SP";"DEL04-SP";"UOP01-DEL04-SP"
444542;2022-04-18;"segunda-feira";"09:40:00";"PR";467;82,6;"CASCAVEL";"Manobra de mudança de faixa";"Saída de leito carroçável";"Com Vítimas Feridas";"Pleno dia";"Decrescente";"Céu Claro";"Dupla";"Reta";"Não";4;0;1;0;3;0;1;2;-24,8057;-53,6718;"SPRF-PR";"DEL04-PR";"UOP01-DEL04-PR"
444543;2022-04-18;"segunda-feira";"12:05:00";"SC";101;123;"ITAJAI";"Acessar a via sem observar a presença dos outros veículos";"Colisão transversal";"Com Vítimas Feridas";"Pleno dia";"Decrescente";"Céu Claro";"Dupla";"Interseção de Vias";"Sim";2;0;1;0;1;0;1;2;-26,93668609;-48,69876905;"SPRF-SC";"DEL04-SC";"UOP04-DEL04-SC"
444545;2022-04-18;"segunda-feira";"13:26:00";"AL";101;234,9;"PORTO REAL DO COLEGIO";"Ausência de reação do condutor";"Saída de leito carroçável";"Com Vítimas Feridas";"Pleno dia";"Decrescente";"Garoa/Chuvisco";"Dupla";"Curva";"Não";1;0;1;0;0;0;1;1;-10,11607315;-36,76689488;"SPRF-AL";"DEL02-AL";"UOP02-DEL02-AL"
444546;2022-04-18;"segunda-feira";"12:00:00";"SC";163;70,2;"SAO MIGUEL DO OESTE";"Manobra de mudança de faixa";"Colisão transversal";"Com Vítimas Feridas";"Pleno dia";"Crescente";"Céu Claro";"Dupla";"Reta;Interseção de Vias;Aclive";"Sim";2;0;0;1;1;0;1;2;-26,73386348;-53,50781679;"SPRF-SC";"DEL07-SC";"UOP03-DEL07-SC"
444548;2022-04-18;"segunda-feira";"12:30:00";"MG";381;479,8;"BETIM";"Velocidade Incompatível";"Colisão com objeto";"Com Vítimas Feridas";"Pleno dia";"Decrescente";"Sol";"Dupla";"Curva";"Sim";1;0;1;0;0;0;1;1;-19,95953377;-44,0813005;"SPRF-MG";"DEL01-MG";"UOP03-DEL01-MG"
444549;2022-04-18;"segunda-feira";"13:30:00";"GO";40;139,5;"CRISTALINA";"Acessar a via sem observar a presença dos outros veículos";"Colisão transversal";"Com Vítimas Feridas";"Pleno dia";"Crescente";"Céu Claro";"Simples";"Reta";"Não";2;0;0;1;0;1;1;2;-16,952006;-47,288372;"SPRF-DF";"DEL01-DF";"UOP02-DEL01-DF"
444550;2022-04-18;"segunda-feira";"11:20:00";"GO";153;186;"URUACU";"Acessar a via sem observar a presença dos outros veículos";"Colisão lateral mesmo sentido";"Com Vítimas Feridas";"Pleno dia";"Decrescente";"Sol";"Simples";"Reta";"Não";2;0;1;0;1;0;1;2;-14,394958;-49,157684;"SPRF-GO";"DEL07-GO";"UOP02-DEL07-GO"
444551;2022-04-18;"segunda-feira";"13:10:00";"RS";116;428;"CRISTAL";"Conversão proibida";"Colisão transversal";"Sem Vítimas";"Pleno dia";"Crescente";"Nublado";"Simples";"Interseção de Vias";"Não";3;0;0;0;3;0;0;2;-30,99599419;-52,04704287;"SPRF-RS";"DEL02-RS";"UOP02-DEL02-RS"
444552;2022-04-18;"segunda-feira";"12:20:00";"BA";101;168;"FEIRA DE SANTANA";"Pista Escorregadia";"Queda de ocupante de veículo";"Com Vítimas Feridas";"Pleno dia";"Decrescente";"Chuva";"Simples";"Reta";"Sim";1;0;1;0;0;0;1;1;-12,35710621;-38,84490967;"SPRF-BA";"DEL01-BA";"UOP03-DEL01-BA"
444553;2022-04-18;"segunda-feira";"13:50:00";"MA";135;1;"SAO LUIS";"Condutor deixou de manter distância do veículo da frente";"Engavetamento";"Sem Vítimas";"Pleno dia";"Decrescente";"Garoa/Chuvisco";"Dupla";"Reta";"Sim";4;0;0;0;4;0;0;4;-2,58983115;-44,24428225;"SPRF-MA";"DEL01-MA";"UOP01-DEL01-MA"
444554;2022-04-18;"segunda-feira";"13:50:00";"SC";470;66,5;"INDAIAL";"Reação tardia ou ineficiente do condutor";"Saída de leito carroçável";"Com Vítimas Feridas";"Pleno dia";"Crescente";"Céu Claro";"Simples";"Reta";"Sim";1;0;0;1;0;0;1;1;-26,870411;-49,211864;"SPRF-SC";"DEL04-SC";"UOP01-DEL04-SC"
444555;2022-04-18;"segunda-feira";"10:30:00";"MG";40;665,5;"CARANDAI";"Demais falhas mecânicas ou elétricas";"Incêndio";"Sem Vítimas";"Pleno dia";"Decrescente";"Sol";"Simples";"Reta";"Não";1;0;0;0;1;0;0;1;-20,942792;-43,810053;"SPRF-MG";"DEL05-MG";"UOP02-DEL05-MG"
444556;2022-02-16;"quarta-feira";"19:00:00";"MT";174;76,5;"VILA BELA DA SANTISSIMA TRINDADE";"Transitar na contramão";"Colisão frontal";"Com Vítimas Feridas";"Anoitecer";"Decrescente";"Céu Claro";"Simples";"Reta";"Não";3;0;0;1;2;0;1;2;-15,0227225;-59,89677429;"SPRF-MT";"DEL04-MT";"UOP01-DEL04-MT"
444558;2022-03-22;"terça-feira";"07:05:00";"PR";476;142;"CURITIBA";"Manobra de mudança de faixa";"Colisão traseira";"Sem Vítimas";"Pleno dia";"Decrescente";"Garoa/Chuvisco";"Dupla";"Reta";"Sim";2;0;0;0;2;0;0;2;-25,537161;-49,301632;"SPRF-PR";"DEL01-PR";"UOP03-DEL01-PR"
444559;2022-04-18;"segunda-feira";"13:00:00";"RN";101;82,6;"SAO GONCALO DO AMARANTE";"Ausência de reação do condutor";"Engavetamento";"Com Vítimas Feridas";"Pleno dia";"Crescente";"Céu Claro";"Dupla";"Reta";"Sim";3;0;1;0;2;0;1;3;-5,76791511;-35,27456305;"SPRF-RN";"DEL02-RN";"UOP01-DEL02-RN"
444562;2022-04-18;"segunda-feira";"14:10:00";"BA";101;204;"MURITIBA";"Acostamento em desnível";"Capotamento";"Com Vítimas Feridas";"Pleno dia";"Crescente";"Céu Claro";"Simples";"Aclive;Reta";"Não";1;0;1;0;0;0;1;1;-12,63317306;-39,09398987;"SPRF-BA";"DEL01-BA";"UOP02-DEL01-BA"
444563;2022-04-18;"segunda-feira";"13:40:00";"RN";101;138;"ARES";"Acumulo de areia ou detritos sobre o pavimento";"Capotamento";"Com Vítimas Feridas";"Pleno dia";"Decrescente";"Nublado";"Dupla";"Curva";"Não";2;0;1;0;1;0;1;1;-6,1884521;-35,2132263;"SPRF-RN";"DEL01-RN";"UOP01-DEL01-RN"
444564;2022-04-18;"segunda-feira";"14:10:00";"SP";153;64,2;"SAO JOSE DO RIO PRETO";"Acumulo de óleo sobre o pavimento";"Tombamento";"Com Vítimas Feridas";"Pleno dia";"Crescente";"Céu Claro";"Dupla";"Viaduto";"Sim";1;0;1;0;0;0;1;1;-20,82919401;-49,36046325;"SPRF-SP";"DEL09-SP";"UOP01-DEL09-SP"
444565;2022-04-18;"segunda-feira";"11:00:00";"SP";116;463;"PARIQUERA-ACU";"Frear bruscamente";"Saída de leito carroçável";"Com Vítimas Feridas";"Pleno dia";"Decrescente";"Sol";"Dupla";"Reta";"Não";5;0;1;0;4;0;1;1;-24,62904309;-47,90227592;"SPRF-SP";"DEL05-SP";"UOP01-DEL05-SP"
444568;2022-04-18;"segunda-feira";"14:30:00";"RJ";101;326;"NITEROI";"Ausência de reação do condutor";"Colisão traseira";"Com Vítimas Feridas";"Pleno dia";"Crescente";"Céu Claro";"Dupla";"Ponte";"Sim";4;0;0;1;3;0;1;2;-22,87206203;-43,146105;"SPRF-RJ";"DEL02-RJ";"UOP01-DEL02-RJ"
444569;2022-04-18;"segunda-feira";"10:00:00";"BA";330;805;"JEQUIE";"Velocidade Incompatível";"Saída de leito carroçável";"Com Vítimas Feridas";"Pleno dia";"Decrescente";"Chuva";"Simples";"Declive";"Não";1;0;1;0;0;0;1;1;-13,97873088;-39,94814985;"SPRF-BA";"DEL03-BA";"UOP01-DEL03-BA"
444570;2022-04-09;"sábado";"13:10:00";"DF";20;36;"BRASILIA";"Conversão proibida";"Colisão transversal";"Com Vítimas Feridas";"Pleno dia";"Decrescente";"Céu Claro";"Dupla";"Reta";"Não";4;0;0;2;2;0;2;2;-15,581923;-47,549881;"SPRF-DF";"DEL02-DF";"UOP01-DEL02-DF"
444571;2022-04-18;"segunda-feira";"11:30:00";"MG";116;410,5;"GOVERNADOR VALADARES";"Animais na Pista";"Colisão com objeto";"Com Vítimas Feridas";"Pleno dia";"Crescente";"Céu Claro";"Dupla";"Reta";"Sim";1;0;1;0;0;0;1;1;-18,85414182;-41,97652102;"SPRF-MG";"DEL06-MG";"UOP01-DEL06-MG"
444572;2022-02-20;"domingo";"10:15:00";"CE";222;27,5;"CAUCAIA";"Velocidade Incompatível";"Capotamento";"Com Vítimas Feridas";"Pleno dia";"Crescente";"Chuva";"Dupla";"Curva";"Não";2;0;2;0;0;0;2;1;-3,72045534;-38,79404612;"SPRF-CE";"DEL01-CE";"UOP01-DEL01-CE"
444573;2022-04-18;"segunda-feira";"12:50:00";"SP";116;284,5;"ITAPECERICA DA SERRA";"Manobra de mudança de faixa";"Colisão lateral mesmo sentido";"Com Vítimas Feridas";"Pleno dia";"Crescente";"Céu Claro";"Dupla";"Reta";"Sim";2;0;1;0;1;0;1;2;-23,69998;-46,867767;"SPRF-SP";"DEL04-SP";"UOP01-DEL04-SP"
444574;2022-02-14;"segunda-feira";"16:00:00";"PA";230;1304;"ITAITUBA";"Pista em desnível";"Tombamento";"Com Vítimas Feridas";"Pleno dia";"Decrescente";"Garoa/Chuvisco";"Simples";"Curva";"Não";4;0;2;0;2;0;2;1;-4,86721696;-56,83055902;"SPRF-PA";"DEL05-PA";"UOP01-DEL05-PA"
444575;2022-04-18;"segunda-feira";"12:30:00";"BA";407;1;"JUAZEIRO";"Condutor deixou de manter distância do veículo da frente";"Colisão traseira";"Com Vítimas Feridas";"Pleno dia";"Crescente";"Céu Claro";"Simples";"Reta";"Sim";2;0;1;0;1;0;1;2;-9,41845604;-40,50725978;"SPRF-PE";"DEL06-PE";"UOP01-DEL06-PE"
444576;2022-04-18;"segunda-feira";"10:30:00";"MG";116;415,3;"GOVERNADOR VALADARES";"Condutor deixou de manter distância do veículo da frente";"Colisão traseira";"Com Vítimas Feridas";"Pleno dia";"Crescente";"Céu Claro";"Simples";"Reta";"Sim";3;0;1;0;2;0;1;3;-18,88317031;-41,9535703;"SPRF-MG";"DEL06-MG";"UOP01-DEL06-MG"
444577;2022-04-18;"segunda-feira";"14:40:00";"PI";343;266,6;"CAMPO MAIOR";"Acessar a via sem observar a presença dos outros veículos";"Colisão transversal";"Com Vítimas Feridas";"Pleno dia";"Decrescente";"Céu Claro";"Simples";"Reta";"Sim";2;0;1;0;1;0;1;2;-4,840245;-42,174171;"SPRF-PI";"DEL01-PI";"UOP03-DEL01-PI"
444578;2022-04-18;"segunda-feira";"09:50:00";"MG";381;215;"NAQUE";"Conversão proibida";"Colisão transversal";"Com Vítimas Feridas";"Pleno dia";"Decrescente";"Céu Claro";"Simples";"Reta";"Sim";2;0;2;0;0;0;2;2;-19,23026357;-42,32695341;"SPRF-MG";"DEL06-MG";"UOP01-DEL06-MG"
444579;2022-03-17;"quinta-feira";"12:10:00";"MT";70;1,7;"BARRA DO GARCAS";"Conversão proibida";"Colisão transversal";"Com Vítimas Feridas";"Pleno dia";"Crescente";"Céu Claro";"Simples";"Reta";"Sim";2;0;1;0;1;0;1;2;-15,89164596;-52,26202884;"SPRF-MT";"DEL07-MT";"UOP01-DEL07-MT"
444580;2022-04-18;"segunda-feira";"11:00:00";"RJ";101;328;"NITEROI";"Ausência de reação do condutor";"Tombamento";"Com Vítimas Feridas";"Pleno dia";"Decrescente";"Céu Claro";"Dupla";"Reta";"Não";1;0;1;0;0;0;1;1;-22,87028692;-43,16579699;"SPRF-RJ";"DEL02-RJ";"UOP01-DEL02-RJ"
444581;2022-03-18;"sexta-feira";"09:40:00";"BA";324;543;"AMELIA RODRIGUES";"Acessar a via sem observar a presença dos outros veículos";"Queda de ocupante de veículo";"Com Vítimas Feridas";"Pleno dia";"Decrescente";"Nublado";"Dupla";"Reta";"Sim";2;0;1;0;0;1;1;2;-12,39713005;-38,76807002;"SPRF-BA";"DEL01-BA";"UOP03-DEL01-BA"
444583;2022-04-18;"segunda-feira";"15:30:00";"PR";116;15,5;"CAMPINA GRANDE DO SUL";"Avarias e/ou desgaste excessivo no pneu";"Saída de leito carroçável";"Com Vítimas Feridas";"Pleno dia";"Decrescente";"Garoa/Chuvisco";"Dupla";"Curva";"Não";3;0;1;0;2;0;1;1;-25,09832756;-48,68266005;"SPRF-PR";"DEL01-PR";"UOP02-DEL01-PR"
444584;2022-03-22;"terça-feira";"05:00:00";"PA";163;925;"BELTERRA";"Pista esburacada";"Tombamento";"Com Vítimas Feridas";"Plena Noite";"Crescente";"Garoa/Chuvisco";"Simples";"Reta";"Não";1;0;0;1;0;0;1;1;-3,01819598;-54,92953984;"SPRF-PA";"DEL05-PA";"UOP01-DEL05-PA"
444585;2022-04-18;"segunda-feira";"16:20:00";"SP";116;75;"APARECIDA";"Ausência de reação do condutor";"Queda de ocupante de veículo";"Com Vítimas Feridas";"Pleno dia";"Decrescente";"Céu Claro";"Dupla";"Reta";"Não";2;0;2;0;0;0;2;1;-22,87521876;-45,26277018;"SPRF-SP";"DEL08-SP";"UOP01-DEL08-SP"
444586;2022-04-18;"segunda-feira";"17:20:00";"RS";158;326,6;"SANTA MARIA";"Transitar na contramão";"Colisão transversal";"Com Vítimas Feridas";"Pleno dia";"Decrescente";"Nublado";"Simples";"Aclive;Em Obras;Reta;Interseção de Vias";"Sim";2;0;1;0;1;0;1;2;-29,714835;-53,814009;"SPRF-RS";"DEL09-RS";"UOP01-DEL09-RS"
444587;2022-04-18;"segunda-feira";"17:20:00";"CE";20;422;"MARACANAU";"Acesso irregular";"Colisão transversal";"Com Vítimas Feridas";"Anoitecer";"Decrescente";"Nublado";"Dupla";"Em Obras;Reta";"Sim";3;0;1;1;1;0;2;2;-3,8540237;-38,5588937;"SPRF-CE";"DEL01-CE";"UOP02-DEL01-CE"
444589;2022-04-18;"segunda-feira";"17:53:00";"SE";235;52;"ITABAIANA";"Conversão proibida";"Colisão transversal";"Com Vítimas Feridas";"Plena Noite";"Crescente";"Céu Claro";"Simples";"Reta";"Sim";3;0;2;0;1;0;2;2;-10,693279;-37,437557;"SPRF-SE";"DEL01-SE";"UOP02-DEL01-SE"
444590;2022-04-18;"segunda-feira";"16:44:00";"PB";230;337,7;"PATOS";"Acessar a via sem observar a presença dos outros veículos";"Colisão transversal";"Com Vítimas Feridas";"Pleno dia";"Crescente";"Céu Claro";"Simples";"Reta";"Sim";3;0;2;1;0;0;3;2;-7,007054;-37,288499;"SPRF-PB";"DEL03-PB";"UOP01-DEL03-PB"
444591;2022-04-18;"segunda-feira";"17:10:00";"PR";376;387;"IMBAU";"Entrada inopinada do pedestre";"Atropelamento de Pedestre";"Com Vítimas Feridas";"Pleno dia";"Crescente";"Céu Claro";"Dupla";"Reta";"Não";2;0;0;1;1;0;1;2;-24,4563497;-50,75438976;"SPRF-PR";"DEL03-PR";"UOP02-DEL03-PR"
444592;2022-04-18;"segunda-feira";"17:20:00";"RS";116;522;"PELOTAS";"Condutor deixou de manter distância do veículo da frente";"Colisão traseira";"Com Vítimas Feridas";"Pleno dia";"Crescente";"Sol";"Dupla";"Reta;Ponte";"Não";4;0;2;0;2;0;2;2;-31,714441;-52,374715;"SPRF-RS";"DEL07-RS";"UOP01-DEL07-RS"
444593;2022-04-18;"segunda-feira";"17:35:00";"SC";470;69,8;"INDAIAL";"Acessar a via sem observar a presença dos outros veículos";"Colisão transversal";"Sem Vítimas";"Pleno dia";"Decrescente";"Nublado";"Simples";"Interseção de Vias";"Sim";2;0;0;0;2;0;0;2;-26,883745;-49,246704;"SPRF-SC";"DEL04-SC";"UOP01-DEL04-SC"
444594;2022-04-18;"segunda-feira";"17:00:00";"RS";386;248;"SOLEDADE";"Acessar a via sem observar a presença dos outros veículos";"Colisão transversal";"Sem Vítimas";"Pleno dia";"Decrescente";"Céu Claro";"Simples";"Em Obras;Reta";"Não";3;0;0;0;3;0;0;3;-28,817902;-52,484734;"SPRF-RS";"DEL04-RS";"UOP03-DEL04-RS"
444595;2022-02-13;"domingo";"01:30:00";"RO";364;715;"PORTO VELHO";"Transitar na contramão";"Colisão frontal";"Com Vítimas Feridas";"Plena Noite";"Crescente";"Céu Claro";"Dupla";"Reta";"Não";3;0;0;2;1;0;2;2;-8,77957291;-63,89174213;"SPRF-RO";"DEL01-RO";"UOP01-DEL01-RO"
444597;2022-02-15;"terça-feira";"17:20:00";"RO";364;71;"VILHENA";"Ultrapassagem Indevida";"Colisão lateral mesmo sentido";"Com Vítimas Feridas";"Anoitecer";"Decrescente";"Nublado";"Simples";"Declive;Reta";"Não";5;0;2;0;1;2;2;2;-12,45997357;-60,50376957;"SPRF-RO";"DEL04-RO";"UOP01-DEL04-RO"
444598;2022-04-18;"segunda-feira";"17:30:00";"MG";116;705,3;"MURIAE";"Manobra de mudança de faixa";"Colisão lateral mesmo sentido";"Com Vítimas Feridas";"Pleno dia";"Crescente";"Céu Claro";"Simples";"Interseção de Vias";"Não";3;0;1;0;1;1;1;3;-21,1404896;-42,38136978;"SPRF-MG";"DEL07-MG";"UOP02-DEL07-MG"
444599;2022-04-18;"segunda-feira";"16:45:00";"SP";116;448;"REGISTRO";"Avarias e/ou desgaste excessivo no pneu";"Queda de ocupante de veículo";"Com Vítimas Feridas";"Pleno dia";"Decrescente";"Nublado";"Dupla";"Reta";"Sim";2;0;2;0;0;0;2;1;-24,52099699;-47,85336602;"SPRF-SP";"DEL05-SP";"UOP01-DEL05-SP"
444600;2022-02-17;"quinta-feira";"16:00:00";"RO";364;850;"PORTO VELHO";"Demais falhas na via";"Colisão lateral sentido oposto";"Com Vítimas Feridas";"Pleno dia";"Decrescente";"Céu Claro";"Simples";"Reta";"Não";2;0;1;0;0;1;1;2;-9,46717102;-64,75770698;"SPRF-RO";"DEL01-RO";"UOP02-DEL01-RO"
444601;2022-04-18;"segunda-feira";"18:30:00";"PB";230;18;"JOAO PESSOA";"Reação tardia ou ineficiente do condutor";"Colisão traseira";"Com Vítimas Feridas";"Plena Noite";"Decrescente";"Céu Claro";"Dupla";"Reta";"Sim";2;0;1;0;1;0;1;2;-7,1198;-34,8453;"SPRF-PB";"DEL01-PB";"UOP01-DEL01-PB"
444602;2022-04-18;"segunda-feira";"18:10:00";"GO";60;101;"ANAPOLIS";"Reação tardia ou ineficiente do condutor";"Colisão transversal";"Sem Vítimas";"Anoitecer";"Decrescente";"Céu Claro";"Dupla";"Reta";"Não";4;0;0;0;4;0;0;2;-16,4045425;-48,9800548;"SPRF-GO";"DEL02-GO";"UOP01-DEL02-GO"
444603;2022-04-18;"segunda-feira";"16:42:00";"PA";163;985;"SANTAREM";"Acessar a via sem observar a presença dos outros veículos";"Tombamento";"Com Vítimas Feridas";"Pleno dia";"Decrescente";"Céu Claro";"Simples";"Reta;Interseção de Vias";"Sim";2;0;1;0;1;0;1;2;-2,60170904;-54,7193154;"SPRF-PA";"DEL05-PA";"UOP01-DEL05-PA"
444604;2022-04-18;"segunda-feira";"07:20:00";"RJ";40;79;"PETROPOLIS";"Demais falhas mecânicas ou elétricas";"Incêndio";"Sem Vítimas";"Pleno dia";"Crescente";"Céu Claro";"Simples";"Reta";"Não";1;0;0;0;0;1;0;1;-22,49130098;-43,22294163;"SPRF-RJ";"DEL06-RJ";"UOP01-DEL06-RJ"
444605;2022-04-18;"segunda-feira";"18:45:00";"RJ";101;537;"PARATY";"Animais na Pista";"Atropelamento de Animal";"Com Vítimas Feridas";"Plena Noite";"Decrescente";"Céu Claro";"Simples";"Reta";"Não";3;0;1;0;2;0;1;1;-23,04205934;-44,57003488;"SPRF-RJ";"DEL03-RJ";"UOP02-DEL03-RJ"
444606;2022-04-18;"segunda-feira";"18:10:00";"DF";70;9,4;"BRASILIA";"Manobra de mudança de faixa";"Colisão lateral mesmo sentido";"Com Vítimas Feridas";"Anoitecer";"Crescente";"Céu Claro";"Dupla";"Reta;Declive";"Sim";2;0;1;0;1;0;1;2;-15,78549132;-48,1351161;"SPRF-DF";"DEL03-DF";"UOP02-DEL03-DF"
444607;2022-04-18;"segunda-feira";"18:20:00";"PR";369;204;"APUCARANA";"Acessar a via sem observar a presença dos outros veículos";"Colisão transversal";"Com Vítimas Feridas";"Plena Noite";"Decrescente";"Céu Claro";"Dupla";"Reta";"Sim";3;0;1;0;2;0;1;2;-23,54206486;-51,45575523;"SPRF-PR";"DEL07-PR";"UOP02-DEL07-PR"
444608;2022-02-18;"sexta-feira";"08:00:00";"RO";435;115;"CEREJEIRAS";"Carga excessiva e/ou mal acondicionada";"Capotamento";"Com Vítimas Feridas";"Pleno dia";"Decrescente";"Nublado";"Simples";"Reta";"Não";3;0;2;0;1;0;2;1;-13,18885831;-60,73910103;"SPRF-RO";"DEL04-RO";"UOP02-DEL04-RO"