"id";"data_inversa";"dia_semana";"horario";"uf";"br";"km";"municipio";"causa_acidente";"tipo_acidente";"classificacao_acidente";"fase_dia";"sentido_via";"condicao_metereologica";"tipo_pista";"tracado_via";"uso_solo";"pessoas";"mortos";"feridos_leves";"feridos_graves";"ilesos";"ignorados";"feridos";"veiculos";"latitude";"longitude";"regional";"delegacia";"uop"
444609;2022-04-18;"segunda-feira";"18:30:00";"SC";101;201;"SAO JOSE";"Ausência de reação do condutor";"Colisão traseira";"Com Vítimas Feridas";"Plena Noite";"Crescente";"Céu Claro";"Múltipla";"Reta";"Sim";2;0;1;0;1;0;1;2;-27,54836599;-48,61977975;"SPRF-SC";"DEL01-SC";"UOP01-DEL01-SC"
444610;2022-04-18;"segunda-feira";"18:00:00";"SP";116;270;"TABOAO DA SERRA";"Manobra de mudança de faixa";"Colisão lateral mesmo sentido";"Com Vítimas Feridas";"Plena Noite";"Decrescente";"Céu Claro";"Dupla";"Reta";"Sim";3;0;1;0;2;0;1;2;-23,61799728;-46,79677694;"SPRF-SP";"DEL04-SP";"UOP01-DEL04-SP"
444612;2022-03-09;"quarta-feira";"17:35:00";"RS";116;231;"IVOTI";"Desrespeitar a preferência no cruzamento";"Colisão transversal";"Com Vítimas Feridas";"Pleno dia";"Decrescente";"Céu Claro";"Dupla";"Retorno Regulamentado";"Sim";2;0;1;0;1;0;1;2;-29,62743221;-51,13858608;"SPRF-RS";"DEL01-RS";"UOP02-DEL01-RS"
444613;2022-04-18;"segunda-feira";"18:30:00";"SP";116;270;"TABOAO DA SERRA";"Ausência de reação do condutor";"Colisão lateral mesmo sentido";"Com Vítimas Feridas";"Plena Noite";"Decrescente";"Ignorado";"Dupla";"Reta";"Sim";2;0;1;0;1;0;1;2;-23,61799728;-46,79677694;"SPRF-SP";"DEL04-SP";"UOP01-DEL04-SP"
444614;2022-04-18;"segunda-feira";"18:00:00";"PE";101;51,7;"ABREU E LIMA";"Estacionar ou parar em local proibido";"Colisão lateral mesmo sentido";"Com Vítimas Feridas";"Plena Noite";"Crescente";"Vento";"Múltipla";"Reta";"Sim";4;0;1;0;3;0;1;2;-7,9169968;-34,89689272;"SPRF-PE";"DEL01-PE";"UOP02-DEL01-PE"
444615;2022-02-19;"sábado";"08:24:00";"RO";364;625;"ITAPUA DO OESTE";"Acumulo de água sobre o pavimento";"Capotamento";"Com Vítimas Feridas";"Pleno dia";"Crescente";"Chuva";"Simples";"Reta";"Não";2;0;1;1;0;0;2;1;-9,07232733;-63,327805;"SPRF-RO";"DEL01-RO";"UOP04-DEL01-RO"
444616;2022-04-18;"segunda-feira";"19:15:00";"RJ";101;311;"SAO GONCALO";"Ausência de reação do condutor";"Engavetamento";"Sem Vítimas";"Plena Noite";"Crescente";"Nublado";"Dupla";"Reta";"Sim";6;0;0;0;6;0;0;6;-22,80062246;-43,05318779;"SPRF-RJ";"DEL02-RJ";"UOP02-DEL02-RJ"
444618;2022-04-18;"segunda-feira";"18:30:00";"SC";101;119;"ITAJAI";"Ausência de reação do condutor";"Colisão traseira";"Com Vítimas Feridas";"Anoitecer";"Decrescente";"Céu Claro";"Dupla";"Reta";"Não";3;0;1;0;2;0;1;2;-26,9043179;-48,71555481;"SPRF-SC";"DEL04-SC";"UOP04-DEL04-SC"
444619;2022-04-18;"segunda-feira";"17:40:00";"MT";364;181,5;"PEDRA PRETA";"Animais na Pista";"Atropelamento de Animal";"Com Vítimas Feridas";"Anoitecer";"Crescente";"Céu Claro";"Simples";"Declive;Reta";"Não";2;0;1;1;0;0;2;1;-16,59921601;-54,50078901;"SPRF-MT";"DEL02-MT";"UOP01-DEL02-MT"
444620;2022-04-18;"segunda-feira";"19:30:00";"SC";101;151;"ITAPEMA";"Pedestre cruzava a pista fora da faixa";"Atropelamento de Pedestre";"Com Vítimas Feridas";"Plena Noite";"Crescente";"Céu Claro";"Simples";"Reta";"Sim";2;0;2;0;0;0;2;2;-27,126536;-48,609642;"SPRF-SC";"DEL04-SC";"UOP03-DEL04-SC"
444623;2022-04-18;"segunda-feira";"19:30:00";"PR";277;648,5;"MATELANDIA";"Condutor deixou de manter distância do veículo da frente";"Colisão traseira";"Com Vítimas Feridas";"Plena Noite";"Crescente";"Céu Claro";"Simples";"Declive";"Não";2;0;1;0;1;0;1;2;-25,17489911;-53,91380604;"SPRF-PR";"DEL05-PR";"UOP02-DEL05-PR"
444625;2022-04-18;"segunda-feira";"19:58:00";"SE";101;93;"NOSSA SENHORA DO SOCORRO";"Acessar a via sem observar a presença dos outros veículos";"Colisão transversal";"Com Vítimas Feridas";"Plena Noite";"Decrescente";"Céu Claro";"Dupla";"Rotatória";"Sim";2;0;0;1;1;0;1;2;-10,90212319;-37,14494787;"SPRF-SE";"DEL01-SE";"UOP01-DEL01-SE"
444626;2022-04-18;"segunda-feira";"18:58:00";"GO";40;1,9;"VALPARAISO DE GOIAS";"Entrada inopinada do pedestre";"Atropelamento de Pedestre";"Com Vítimas Feridas";"Plena Noite";"Crescente";"Céu Claro";"Dupla";"Reta";"Sim";2;0;1;0;1;0;1;2;-16,058245;-47,982825;"SPRF-DF";"DEL01-DF";"UOP01-DEL01-DF"
444627;2022-04-18;"segunda-feira";"17:40:00";"RJ";465;18,5;"NOVA IGUACU";"Ultrapassagem Indevida";"Colisão frontal";"Com Vítimas Feridas";"Anoitecer";"Decrescente";"Céu Claro";"Simples";"Reta";"Sim";2;0;1;0;1;0;1;2;-22,831354;-43,615128;"SPRF-RJ";"DEL03-RJ";"UOP01-DEL03-RJ"
444628;2022-04-18;"segunda-feira";"19:31:00";"DF";70;8;"BRASILIA";"Ingestão de álcool pelo condutor";"Colisão traseira";"Sem Vítimas";"Plena Noite";"Crescente";"Céu Claro";"Dupla";"Reta";"Sim";2;0;0;0;2;0;0;2;-15,784966;-48,122108;"SPRF-DF";"DEL03-DF";"UOP02-DEL03-DF"
444629;2022-04-18;"segunda-feira";"19:00:00";"RJ";101;311;"SAO GONCALO";"Demais falhas mecânicas ou elétricas";"Incêndio";"Sem Vítimas";"Plena Noite";"Decrescente";"Céu Claro";"Dupla";"Reta";"Sim";4;0;0;0;4;0;0;1;-22,80062246;-43,05318779;"SPRF-RJ";"DEL02-RJ";"UOP02-DEL02-RJ"
444630;2022-02-05;"sábado";"14:40:00";"CE";222;21,5;"CAUCAIA";"Ultrapassagem Indevida";"Colisão lateral mesmo sentido";"Com Vítimas Feridas";"Pleno dia";"Crescente";"Céu Claro";"Dupla";"Curva";"Não";3;0;1;1;1;0;2;2;-3,73715313;-38,74293507;"SPRF-CE";"DEL01-CE";"UOP01-DEL01-CE"
444631;2022-04-18;"segunda-feira";"19:15:00";"ES";262;114;"VENDA NOVA DO IMIGRANTE";"Pedestre cruzava a pista fora da faixa";"Atropelamento de Pedestre";"Com Vítimas Fatais";"Plena Noite";"Decrescente";"Céu Claro";"Simples";"Reta";"Não";3;1;0;0;2;0;0;3;-20,32544863;-41,21078488;"SPRF-ES";"DEL01-ES";"UOP02-DEL01-ES"
444632;2022-04-18;"segunda-feira";"17:00:00";"MA";226;284;"BARRA DO CORDA";"Condutor Dormindo";"Saída de leito carroçável";"Com Vítimas Feridas";"Anoitecer";"Crescente";"Céu Claro";"Simples";"Curva";"Não";1;0;1;0;0;0;1;1;-5,45375178;-45,12879797;"SPRF-MA";"DEL03-MA";"UOP01-DEL03-MA"
444633;2022-04-18;"segunda-feira";"20:20:00";"MG";40;548;"NOVA LIMA";"Velocidade Incompatível";"Tombamento";"Com Vítimas Feridas";"Plena Noite";"Decrescente";"Céu Claro";"Dupla";"Declive;Reta";"Não";1;0;1;0;0;0;1;1;-20,03136499;-43,96967792;"SPRF-MG";"DEL01-MG";"UOP02-DEL01-MG"
444634;2022-04-18;"segunda-feira";"20:25:00";"GO";50;263;"CATALAO";"Animais na Pista";"Atropelamento de Animal";"Com Vítimas Feridas";"Plena Noite";"Decrescente";"Céu Claro";"Dupla";"Reta";"Não";2;0;1;0;1;0;1;1;-18,0521;-47,863;"SPRF-GO";"DEL06-GO";"UOP01-DEL06-GO"
444635;2022-02-13;"domingo";"19:20:00";"RS";471;187,6;"RIO PARDO";"Ingestão de álcool pelo condutor";"Colisão frontal";"Sem Vítimas";"Anoitecer";"Crescente";"Céu Claro";"Simples";"Reta";"Não";2;0;0;0;2;0;0;2;-30,139168;-52,37114;"SPRF-RS";"DEL02-RS";"UOP03-DEL02-RS"
444639;2022-04-18;"segunda-feira";"16:30:00";"SC";282;128;"BOM RETIRO";"Transitar na contramão";"Colisão frontal";"Com Vítimas Feridas";"Pleno dia";"Decrescente";"Céu Claro";"Simples";"Declive";"Não";3;0;2;1;0;0;3;2;-27,803921;-49,487785;"SPRF-SC";"DEL05-SC";"UOP01-DEL05-SC"
444640;2022-04-18;"segunda-feira";"19:50:00";"PI";343;307;"ALTOS";"Ausência de reação do condutor";"Colisão lateral mesmo sentido";"Com Vítimas Feridas";"Plena Noite";"Decrescente";"Garoa/Chuvisco";"Simples";"Reta";"Sim";2;0;1;0;1;0;1;2;-5,039882;-42,45954037;"SPRF-PI";"DEL01-PI";"UOP01-DEL01-PI"
444641;2022-04-18;"segunda-feira";"20:52:00";"PE";101;65,3;"RECIFE";"Manobra de mudança de faixa";"Colisão lateral mesmo sentido";"Com Vítimas Feridas";"Plena Noite";"Decrescente";"Nublado";"Dupla";"Reta";"Sim";4;0;0;1;0;3;1;3;-8,02478597;-34,94276635;"SPRF-PE";"DEL01-PE";"UOP01-DEL01-PE"
444644;2022-04-18;"segunda-feira";"21:00:00";"RJ";116;102;"GUAPIMIRIM";"Transitar na contramão";"Colisão lateral sentido oposto";"Sem Vítimas";"Plena Noite";"Crescente";"Céu Claro";"Simples";"Curva";"Não";3;0;0;0;3;0;0;2;-22,49820581;-42,99844401;"SPRF-RJ";"DEL04-RJ";"UOP01-DEL04-RJ"
444645;2022-04-18;"segunda-feira";"21:20:00";"SP";116;214;"GUARULHOS";"Pedestre andava na pista";"Atropelamento de Pedestre";"Com Vítimas Feridas";"Plena Noite";"Crescente";"Céu Claro";"Simples";"Em Obras";"Sim";2;0;0;1;0;1;1;2;-23,44333014;-46,44531294;"SPRF-SP";"DEL01-SP";"UOP01-DEL01-SP"
444647;2022-04-18;"segunda-feira";"20:40:00";"RJ";101;324;"NITEROI";"Ausência de reação do condutor";"Colisão traseira";"Com Vítimas Feridas";"Plena Noite";"Decrescente";"Céu Claro";"Múltipla";"Reta";"Não";2;0;1;0;1;0;1;2;-22,87381074;-43,12640997;"SPRF-RJ";"DEL02-RJ";"UOP01-DEL02-RJ"
444648;2022-04-18;"segunda-feira";"18:30:00";"MS";163;92;"ITAQUIRAI";"Ausência de reação do condutor";"Colisão traseira";"Com Vítimas Feridas";"Plena Noite";"Crescente";"Céu Claro";"Simples";"Reta";"Não";6;0;2;0;4;0;2;2;-23,35221797;-54,21585174;"SPRF-MS";"DEL09-MS";"UOP01-DEL09-MS"
444650;2022-04-18;"segunda-feira";"19:20:00";"PE";110;248;"JATOBA";"Transitar na contramão";"Colisão lateral sentido oposto";"Sem Vítimas";"Plena Noite";"Crescente";"Céu Claro";"Simples";"Reta;Aclive";"Não";3;0;0;0;2;1;0;2;-9,19613583;-38,24474374;"SPRF-BA";"DEL07-BA";"UOP01-DEL07-BA"
444653;2022-04-18;"segunda-feira";"19:00:00";"MG";381;480;"CONTAGEM";"Ultrapassagem Indevida";"Colisão lateral mesmo sentido";"Com Vítimas Feridas";"Plena Noite";"Crescente";"Céu Claro";"Múltipla";"Reta";"Sim";2;0;0;1;1;0;1;2;-19,95749597;-44,07899901;"SPRF-MG";"DEL01-MG";"UOP03-DEL01-MG"
444654;2022-04-18;"segunda-feira";"22:00:00";"MG";262;356;"BETIM";"Manobra de mudança de faixa";"Colisão com objeto";"Sem Vítimas";"Plena Noite";"Decrescente";"Céu Claro";"Dupla";"Reta";"Sim";1;0;0;0;1;0;0;1;-19,96890716;-44,18104581;"SPRF-MG";"DEL01-MG";"UOP03-DEL01-MG"
444655;2022-04-18;"segunda-feira";"18:50:00";"PA";10;105,2;"PARAGOMINAS";"Acumulo de água sobre o pavimento";"Colisão com objeto";"Sem Vítimas";"Plena Noite";"Decrescente";"Chuva";"Simples";"Aclive";"Não";2;0;0;0;2;0;0;1;-3,52251891;-47,48552431;"SPRF-PA";"DEL02-PA";"UOP02-DEL02-PA"
444658;2022-04-18;"segunda-feira";"21:37:00";"SC";280;96;"CORUPA";"Ausência de reação do condutor";"Saída de leito carroçável";"Sem Vítimas";"Plena Noite";"Decrescente";"Céu Claro";"Simples";"Curva;Aclive";"Não";1;0;0;0;0;1;0;1;-26,3833143;-49,31223107;"SPRF-SC";"DEL06-SC";"UOP03-DEL06-SC"
444659;2022-04-19;"terça-feira";"00:05:00";"RJ";116;140;"DUQUE DE CAXIAS";"Condutor Dormindo";"Colisão traseira";"Sem Vítimas";"Plena Noite";"Decrescente";"Nublado";"Dupla";"Reta";"Sim";3;0;0;0;2;1;0;3;-22,6466198;-43,21112001;"SPRF-RJ";"DEL01-RJ";"UOP01-DEL01-RJ"
444663;2022-04-18;"segunda-feira";"23:45:00";"SC";282;526;"XAXIM";"Velocidade Incompatível";"Saída de leito carroçável";"Com Vítimas Feridas";"Plena Noite";"Crescente";"Céu Claro";"Simples";"Curva";"Não";2;0;2;0;0;0;2;1;-26,969143;-52,574645;"SPRF-SC";"DEL07-SC";"UOP01-DEL07-SC"
444666;2022-04-19;"terça-feira";"01:40:00";"SC";470;66,4;"INDAIAL";"Ausência de reação do condutor";"Saída de leito carroçável";"Sem Vítimas";"Plena Noite";"Decrescente";"Céu Claro";"Dupla";"Reta";"Sim";1;0;0;0;0;1;0;1;-26,870407;-49,221844;"SPRF-SC";"DEL04-SC";"UOP01-DEL04-SC"
444667;2022-04-18;"segunda-feira";"23:20:00";"PI";343;115;"PIRACURUCA";"Animais na Pista";"Atropelamento de Animal";"Sem Vítimas";"Plena Noite";"Decrescente";"Nevoeiro/Neblina";"Simples";"Reta";"Não";3;0;0;0;3;0;0;1;-3,699133;-41,68161;"SPRF-PI";"DEL02-PI";"UOP01-DEL02-PI"
444668;2022-04-19;"terça-feira";"03:30:00";"SC";282;1,5;"FLORIANOPOLIS";"Condutor Dormindo";"Colisão com objeto";"Com Vítimas Feridas";"Plena Noite";"Crescente";"Nublado";"Múltipla";"Reta";"Não";1;0;1;0;0;0;1;1;-27,602955;-48,580509;"SPRF-SC";"DEL01-SC";"UOP01-DEL01-SC"
444669;2022-04-19;"terça-feira";"04:30:00";"RJ";116;176;"NOVA IGUACU";"Frear bruscamente";"Tombamento";"Sem Vítimas";"Amanhecer";"Decrescente";"Céu Claro";"Dupla";"Reta";"Sim";1;0;0;0;1;0;0;1;-22,7839538;-43,38195488;"SPRF-RJ";"DEL01-RJ";"UOP02-DEL01-RJ"
444672;2022-04-19;"terça-feira";"01:35:00";"SP";116;477;"JACUPIRANGA";"Demais falhas mecânicas ou elétricas";"Eventos atípicos";"Com Vítimas Feridas";"Plena Noite";"Crescente";"Céu Claro";"Dupla";"Reta";"Sim";2;0;1;1;0;0;2;1;-24,69842695;-48,00304804;"SPRF-SP";"DEL05-SP";"UOP01-DEL05-SP"
444674;2022-04-19;"terça-feira";"05:15:00";"MG";354;736,3;"POUSO ALTO";"Animais na Pista";"Atropelamento de Animal";"Sem Vítimas";"Plena Noite";"Decrescente";"Nevoeiro/Neblina";"Simples";"Reta";"Sim";1;0;0;0;1;0;0;1;-22,20144068;-44,96659879;"SPRF-MG";"DEL17-MG";"UOP01-DEL17-MG"
444675;2022-04-19;"terça-feira";"04:15:00";"RS";116;566,9;"PEDRO OSORIO";"Animais na Pista";"Atropelamento de Animal";"Sem Vítimas";"Plena Noite";"Decrescente";"Nevoeiro/Neblina";"Simples";"Ponte";"Não";3;0;0;0;3;0;0;1;-31,93454899;-52,74641801;"SPRF-RS";"DEL07-RS";"UOP03-DEL07-RS"
444679;2022-02-28;"segunda-feira";"12:00:00";"PI";316;333,5;"GEMINIANO";"Reação tardia ou ineficiente do condutor";"Saída de leito carroçável";"Com Vítimas Feridas";"Pleno dia";"Crescente";"Céu Claro";"Simples";"Interseção de Vias";"Não";5;0;0;3;2;0;3;1;-7,1066551;-41,27195001;"SPRF-PI";"DEL04-PI";"UOP01-DEL04-PI"
444681;2022-04-19;"terça-feira";"07:00:00";"ES";101;146;"LINHARES";"Condutor desrespeitou a iluminação vermelha do semáforo";"Colisão transversal";"Com Vítimas Feridas";"Pleno dia";"Crescente";"Céu Claro";"Múltipla";"Interseção de Vias";"Sim";3;0;1;1;0;1;2;2;-19,36990998;-40,06560718;"SPRF-ES";"DEL04-ES";"UOP01-DEL04-ES"
444682;2022-04-19;"terça-feira";"07:22:00";"ES";101;66;"SAO MATEUS";"Ausência de reação do condutor";"Colisão traseira";"Com Vítimas Feridas";"Pleno dia";"Crescente";"Céu Claro";"Dupla";"Reta;Interseção de Vias";"Sim";3;0;1;1;1;0;2;3;-18,7165195;-39,87436378;"SPRF-ES";"DEL04-ES";"UOP02-DEL04-ES"
444683;2022-04-19;"terça-feira";"07:00:00";"PR";277;79;"CURITIBA";"Velocidade Incompatível";"Colisão lateral mesmo sentido";"Com Vítimas Feridas";"Pleno dia";"Crescente";"Céu Claro";"Dupla";"Reta";"Sim";2;0;1;0;1;0;1;2;-25,47853383;-49,20112447;"SPRF-PR";"DEL01-PR";"UOP01-DEL01-PR"
444684;2022-04-19;"terça-feira";"07:00:00";"CE";116;3;"FORTALEZA";"Condutor deixou de manter distância do veículo da frente";"Colisão lateral mesmo sentido";"Com Vítimas Feridas";"Pleno dia";"Decrescente";"Nublado";"Múltipla";"Reta";"Sim";3;0;0;1;1;1;1;3;-3,77866493;-38,51490171;"SPRF-CE";"DEL01-CE";"UOP02-DEL01-CE"
444685;2022-04-19;"terça-feira";"07:30:00";"SE";101;52,8;"CARMOPOLIS";"Manobra de mudança de faixa";"Colisão frontal";"Com Vítimas Fatais";"Pleno dia";"Decrescente";"Sol";"Simples";"Declive;Reta";"Não";2;1;0;0;1;0;0;2;-10,61909194;-36,9820081;"SPRF-SE";"DEL02-SE";"UOP02-DEL02-SE"
444687;2022-04-19;"terça-feira";"08:00:00";"MG";40;521,8;"CONTAGEM";"Trafegar com motocicleta (ou similar) entre as faixas";"Colisão lateral mesmo sentido";"Com Vítimas Feridas";"Pleno dia";"Crescente";"Céu Claro";"Dupla";"Reta";"Sim";2;0;1;0;1;0;1;2;-19,8638731;-44,06749809;"SPRF-MG";"DEL01-MG";"UOP02-DEL01-MG"
444690;2022-04-19;"terça-feira";"07:35:00";"MG";381;451;"SABARA";"Conversão proibida";"Colisão lateral sentido oposto";"Com Vítimas Feridas";"Pleno dia";"Decrescente";"Céu Claro";"Simples";"Curva";"Não";2;0;1;0;1;0;1;2;-19,83832024;-43,8806931;"SPRF-MG";"DEL01-MG";"UOP01-DEL01-MG"
444691;2022-04-19;"terça-feira";"05:40:00";"MA";230;396;"BALSAS";"Acessar a via sem observar a presença dos outros veículos";"Colisão transversal";"Com Vítimas Feridas";"Amanhecer";"Crescente";"Chuva";"Simples";"Reta";"Não";4;0;0;2;2;0;2;2;-7,460657;-46,01639;"SPRF-MA";"DEL05-MA";"UOP01-DEL05-MA"
444692;2022-04-19;"terça-feira";"07:50:00";"PR";163;95;"CAPANEMA";"Ultrapassagem Indevida";"Colisão traseira";"Com Vítimas Feridas";"Pleno dia";"Crescente";"Céu Claro";"Simples";"Reta";"Não";2;0;1;0;1;0;1;2;-25,646987;-53,803146;"SPRF-PR";"DEL02-PR";"UOP02-DEL02-PR"
444693;2022-04-19;"terça-feira";"08:28:00";"DF";70;7;"BRASILIA";"Condutor deixou de manter distância do veículo da frente";"Colisão traseira";"Com Vítimas Feridas";"Pleno dia";"Decrescente";"Céu Claro";"Dupla";"Reta";"Sim";1;0;1;0;0;0;1;1;-15,787601;-48,114429;"SPRF-DF";"DEL03-DF";"UOP02-DEL03-DF"
444694;2022-04-19;"terça-feira";"08:00:00";"BA";367;84;"EUNAPOLIS";"Retorno proibido";"Colisão lateral mesmo sentido";"Com Vítimas Feridas";"Pleno dia";"Crescente";"Sol";"Múltipla";"Reta";"Sim";2;0;1;0;1;0;1;2;-16,37453877;-39,57880497;"SPRF-BA";"DEL09-BA";"UOP01-DEL09-BA"
444695;2022-04-19;"terça-feira";"07:45:00";"ES";259;62;"COLATINA";"Animais na Pista";"Atropelamento de Animal";"Com Vítimas Feridas";"Pleno dia";"Crescente";"Céu Claro";"Simples";"Reta";"Sim";1;0;1;0;0;0;1;1;-19,53124185;-40,68990791;"SPRF-ES";"DEL02-ES";"UOP01-DEL02-ES"
444697;2022-04-19;"terça-feira";"08:40:00";"RJ";116;171;"SAO JOAO DE MERITI";"Animais na Pista";"Colisão traseira";"Com Vítimas Feridas";"Pleno dia";"Decrescente";"Sol";"Dupla";"Reta";"Sim";2;0;1;0;1;0;1;2;-22,8060415;-43,34289573;"SPRF-RJ";"DEL01-RJ";"UOP02-DEL01-RJ"
444698;2022-04-19;"terça-feira";"08:15:00";"RN";101;95,6;"NATAL";"Condutor deixou de manter distância do veículo da frente";"Engavetamento";"Com Vítimas Feridas";"Pleno dia";"Decrescente";"Sol";"Múltipla";"Reta";"Sim";3;0;2;0;1;0;2;3;-5,84076841;-35,21035949;"SPRF-RN";"DEL01-RN";"UOP01-DEL01-RN"
444699;2022-02-18;"sexta-feira";"23:00:00";"PR";277;72;"SAO JOSE DOS PINHAIS";"Velocidade Incompatível";"Saída de leito carroçável";"Sem Vítimas";"Plena Noite";"Decrescente";"Nublado";"Dupla";"Reta";"Sim";1;0;0;0;0;1;0;1;-25,52522628;-49,09755612;"SPRF-PR";"DEL01-PR";"UOP01-DEL01-PR"
444700;2022-04-19;"terça-feira";"08:30:00";"RJ";40;121;"DUQUE DE CAXIAS";"Trafegar com motocicleta (ou similar) entre as faixas";"Colisão lateral mesmo sentido";"Com Vítimas Feridas";"Pleno dia";"Crescente";"Céu Claro";"Múltipla";"Reta";"Sim";2;0;1;0;1;0;1;2;-22,78185499;-43,28571273;"SPRF-RJ";"DEL01-RJ";"UOP01-DEL01-RJ"
444702;2022-04-19;"terça-feira";"07:10:00";"SC";101;135;"BALNEARIO CAMBORIU";"Reação tardia ou ineficiente do condutor";"Colisão transversal";"Com Vítimas Feridas";"Pleno dia";"Crescente";"Céu Claro";"Simples";"Aclive";"Sim";2;0;1;0;1;0;1;2;-27,0050108;-48,62677494;"SPRF-SC";"DEL04-SC";"UOP03-DEL04-SC"
444706;2022-04-19;"terça-feira";"09:20:00";"GO";60;75;"ABADIANIA";"Demais falhas mecânicas ou elétricas";"Tombamento";"Com Vítimas Feridas";"Pleno dia";"Decrescente";"Céu Claro";"Dupla";"Declive;Reta";"Não";2;0;2;0;0;0;2;1;-16,2774;-48,7864;"SPRF-GO";"DEL02-GO";"UOP01-DEL02-GO"
444707;2022-04-19;"terça-feira";"07:50:00";"PA";316;22,8;"BENEVIDES";"Avarias e/ou desgaste excessivo no pneu";"Eventos atípicos";"Com Vítimas Feridas";"Pleno dia";"Decrescente";"Céu Claro";"Dupla";"Curva";"Não";18;0;14;0;1;3;14;2;-1,3534463;-48,2570266;"SPRF-PA";"DEL01-PA";"UOP01-DEL01-PA"
444708;2022-04-19;"terça-feira";"08:10:00";"RJ";101;333;"RIO DE JANEIRO";"Condutor deixou de manter distância do veículo da frente";"Colisão traseira";"Com Vítimas Feridas";"Pleno dia";"Crescente";"Céu Claro";"Dupla";"Ponte";"Sim";2;0;1;0;1;0;1;2;-22,87827816;-43,21053578;"SPRF-RJ";"DEL02-RJ";"UOP01-DEL02-RJ"
444709;2022-04-19;"terça-feira";"08:45:00";"RJ";116;75;"TERESOPOLIS";"Acessar a via sem observar a presença dos outros veículos";"Colisão transversal";"Com Vítimas Feridas";"Pleno dia";"Decrescente";"Céu Claro";"Simples";"Reta";"Sim";2;0;1;0;1;0;1;2;-22,3617791;-42,94152556;"SPRF-RJ";"DEL04-RJ";"UOP01-DEL04-RJ"
444712;2022-04-19;"terça-feira";"09:40:00";"BA";324;624;"SALVADOR";"Condutor deixou de manter distância do veículo da frente";"Colisão traseira";"Com Vítimas Feridas";"Pleno dia";"Crescente";"Nublado";"Múltipla";"Reta";"Sim";3;0;1;0;2;0;1;2;-12,933839;-38,47190701;"SPRF-BA";"DEL01-BA";"UOP01-DEL01-BA"
444713;2022-04-19;"terça-feira";"09:06:00";"RO";319;64;"PORTO VELHO";"Acessar a via sem observar a presença dos outros veículos";"Colisão transversal";"Com Vítimas Feridas";"Pleno dia";"Decrescente";"Céu Claro";"Dupla";"Reta";"Sim";2;0;1;0;1;0;1;2;-8,766685;-63,884052;"SPRF-RO";"DEL01-RO";"UOP01-DEL01-RO"
444714;2022-01-24;"segunda-feira";"13:20:00";"SC";101;119;"ITAJAI";"Trafegar com motocicleta (ou similar) entre as faixas";"Queda de ocupante de veículo";"Com Vítimas Feridas";"Pleno dia";"Decrescente";"Céu Claro";"Dupla";"Reta";"Não";1;0;1;0;0;0;1;1;-26,9043179;-48,71555481;"SPRF-SC";"DEL04-SC";"UOP04-DEL04-SC"
444715;2022-03-26;"sábado";"09:00:00";"BA";101;811;"ITAMARAJU";"Reação tardia ou ineficiente do condutor";"Queda de ocupante de veículo";"Com Vítimas Feridas";"Pleno dia";"Crescente";"Céu Claro";"Simples";"Reta";"Sim";2;0;1;1;0;0;2;1;-17,05415882;-39,5500946;"SPRF-BA";"DEL09-BA";"UOP02-DEL09-BA"
444716;2022-04-19;"terça-feira";"07:30:00";"BA";116;671;"JEQUIE";"Conversão proibida";"Colisão lateral mesmo sentido";"Sem Vítimas";"Pleno dia";"Crescente";"Nublado";"Simples";"Reta";"Sim";1;0;0;0;1;0;0;1;-13,79113503;-40,10946188;"SPRF-BA";"DEL03-BA";"UOP01-DEL03-BA"
444718;2022-04-19;"terça-feira";"09:10:00";"GO";60;81,3;"ANAPOLIS";"Velocidade Incompatível";"Saída de leito carroçável";"Com Vítimas Feridas";"Pleno dia";"Decrescente";"Céu Claro";"Dupla";"Reta";"Não";1;0;1;0;0;0;1;1;-16,31103225;-48,82701609;"SPRF-GO";"DEL02-GO";"UOP01-DEL02-GO"
444719;2022-04-19;"terça-feira";"07:50:00";"SC";470;67,6;"INDAIAL";"Conversão proibida";"Colisão transversal";"Com Vítimas Feridas";"Pleno dia";"Crescente";"Céu Claro";"Simples";"Reta";"Sim";2;0;1;0;1;0;1;2;-26,87495;-49,23632;"SPRF-SC";"DEL04-SC";"UOP01-DEL04-SC"
444722;2022-04-19;"terça-feira";"08:45:00";"TO";153;501,2;"PARAISO DO TOCANTINS";"Reação tardia ou ineficiente do condutor";"Capotamento";"Com Vítimas Fatais";"Pleno dia";"Crescente";"Céu Claro";"Simples";"Aclive";"Não";3;2;1;0;0;0;1;2;-10,20951418;-48,87409438;"SPRF-TO";"DEL01-TO";"UOP01-DEL01-TO"
444723;2022-04-19;"terça-feira";"08:40:00";"RO";364;237,6;"CACOAL";"Acessar a via sem observar a presença dos outros veículos";"Colisão transversal";"Com Vítimas Feridas";"Pleno dia";"Decrescente";"Céu Claro";"Simples";"Reta;Retorno Regulamentado";"Sim";2;0;1;0;1;0;1;2;-11,44341056;-61,44672787;"SPRF-RO";"DEL02-RO";"UOP02-DEL02-RO"
444724;2022-04-19;"terça-feira";"11:21:00";"PB";101;87;"JOAO PESSOA";"Velocidade Incompatível";"Tombamento";"Com Vítimas Feridas";"Pleno dia";"Crescente";"Céu Claro";"Dupla";"Curva";"Sim";1;0;1;0;0;0;1;1;-7,15886802;-34,90628504;"SPRF-PB";"DEL01-PB";"UOP01-DEL01-PB"
444726;2022-04-19;"terça-feira";"10:20:00";"ES";101;361,9;"ANCHIETA";"Demais falhas mecânicas ou elétricas";"Incêndio";"Sem Vítimas";"Pleno dia";"Crescente";"Céu Claro";"Simples";"Reta";"Não";2;0;0;0;2;0;0;1;-20,71645213;-40,7300389;"SPRF-ES";"DEL03-ES";"UOP01-DEL03-ES"