"id";"data_inversa";"dia_semana";"horario";"uf";"br";"km";"municipio";"causa_acidente";"tipo_acidente";"classificacao_acidente";"fase_dia";"sentido_via";"condicao_metereologica";"tipo_pista";"tracado_via";"uso_solo";"pessoas";"mortos";"feridos_leves";"feridos_graves";"ilesos";"ignorados";"feridos";"veiculos";"latitude";"longitude";"regional";"delegacia";"uop"
444980;2022-04-20;"quarta-feira";"15:50:00";"SC";101;422;"ARARANGUA";"Manobra de mudança de faixa";"Colisão lateral mesmo sentido";"Com Vítimas Feridas";"Pleno dia";"Crescente";"Céu Claro";"Dupla";"Reta;Declive";"Não";2;0;1;0;1;0;1;2;-29,00612225;-49,56558585;"SPRF-SC";"DEL02-SC";"UOP02-DEL02-SC"
444981;2022-04-20;"quarta-feira";"16:05:00";"MG";40;556;"NOVA LIMA";"Reação tardia ou ineficiente do condutor";"Colisão traseira";"Com Vítimas Feridas";"Pleno dia";"Decrescente";"Céu Claro";"Dupla";"Reta";"Não";2;0;0;1;1;0;1;2;-20,09356202;-43,97554136;"SPRF-MG";"DEL01-MG";"UOP02-DEL01-MG"
444983;2022-04-20;"quarta-feira";"15:50:00";"RS";116;232;"ESTANCIA VELHA";"Condutor deixou de manter distância do veículo da frente";"Colisão traseira";"Com Vítimas Feridas";"Pleno dia";"Decrescente";"Sol";"Simples";"Reta";"Sim";2;0;1;0;1;0;1;2;-29,63300002;-51,14325106;"SPRF-RS";"DEL01-RS";"UOP02-DEL01-RS"
444984;2022-04-20;"quarta-feira";"15:30:00";"CE";222;312,3;"TIANGUA";"Acessar a via sem observar a presença dos outros veículos";"Colisão transversal";"Com Vítimas Feridas";"Pleno dia";"Decrescente";"Céu Claro";"Múltipla";"Reta";"Sim";2;0;0;1;1;0;1;2;-3,71699311;-40,9914242;"SPRF-CE";"DEL04-CE";"UOP02-DEL04-CE"
444985;2022-04-20;"quarta-feira";"10:45:00";"PA";0;0;"MARITUBA";"Acumulo de areia ou detritos sobre o pavimento";"Colisão com objeto";"Sem Vítimas";"Pleno dia";"Não Informado";"Céu Claro";"Simples";"Reta";"Sim";5;0;0;0;3;2;0;2;-1,36679916;-48,33880305;"SPRF-PA";"N/A";"N/A"
444986;2022-04-20;"quarta-feira";"15:05:00";"RJ";101;144,4;"MACAE";"Reação tardia ou ineficiente do condutor";"Tombamento";"Com Vítimas Feridas";"Pleno dia";"Crescente";"Nublado";"Múltipla";"Curva";"Não";1;0;1;0;0;0;1;1;-22,21328005;-41,75426573;"SPRF-RJ";"DEL08-RJ";"UOP04-DEL08-RJ"
444987;2022-04-20;"quarta-feira";"16:45:00";"MG";381;482,9;"BETIM";"Reação tardia ou ineficiente do condutor";"Colisão lateral mesmo sentido";"Com Vítimas Feridas";"Pleno dia";"Decrescente";"Céu Claro";"Múltipla";"Curva";"Sim";3;0;2;0;1;0;2;2;-19,955532;-44,097209;"SPRF-MG";"DEL01-MG";"UOP03-DEL01-MG"
444988;2022-04-20;"quarta-feira";"16:17:00";"RN";226;111,4;"SANTA CRUZ";"Reação tardia ou ineficiente do condutor";"Engavetamento";"Sem Vítimas";"Pleno dia";"Decrescente";"Céu Claro";"Simples";"Reta";"Sim";5;0;0;0;5;0;0;3;-6,20087841;-36,03388122;"SPRF-RN";"DEL03-RN";"UOP02-DEL03-RN"
444990;2022-04-20;"quarta-feira";"15:45:00";"CE";222;3,4;"FORTALEZA";"Condutor deixou de manter distância do veículo da frente";"Colisão transversal";"Com Vítimas Feridas";"Pleno dia";"Decrescente";"Nublado";"Dupla";"Retorno Regulamentado";"Sim";2;0;1;0;1;0;1;2;-3,7403769;-38,59569202;"SPRF-CE";"DEL01-CE";"UOP01-DEL01-CE"
444991;2022-04-20;"quarta-feira";"17:05:00";"SP";116;147,2;"SAO JOSE DOS CAMPOS";"Reação tardia ou ineficiente do condutor";"Colisão traseira";"Com Vítimas Feridas";"Anoitecer";"Decrescente";"Céu Claro";"Dupla";"Reta";"Sim";3;0;0;1;2;0;1;3;-23,19542994;-45,87176303;"SPRF-SP";"DEL02-SP";"UOP01-DEL02-SP"
444992;2022-04-20;"quarta-feira";"16:50:00";"PR";376;178;"MARINGA";"Manobra de mudança de faixa";"Colisão lateral mesmo sentido";"Com Vítimas Feridas";"Pleno dia";"Crescente";"Céu Claro";"Dupla";"Reta";"Não";2;0;1;0;1;0;1;2;-23,4192146;-51,91293985;"SPRF-PR";"DEL09-PR";"UOP01-DEL09-PR"
444994;2022-04-20;"quarta-feira";"17:10:00";"SP";116;101;"PINDAMONHANGABA";"Ausência de reação do condutor";"Colisão traseira";"Com Vítimas Feridas";"Pleno dia";"Crescente";"Céu Claro";"Dupla";"Reta";"Não";3;0;1;0;2;0;1;3;-22,99074204;-45,48115098;"SPRF-SP";"DEL08-SP";"UOP01-DEL08-SP"
444995;2022-02-19;"sábado";"20:00:00";"RN";405;151,4;"PAU DOS FERROS";"Reação tardia ou ineficiente do condutor";"Atropelamento de Pedestre";"Com Vítimas Feridas";"Plena Noite";"Crescente";"Céu Claro";"Simples";"Reta";"Não";2;0;0;1;0;1;1;2;-6,12231342;-38,20628643;"SPRF-RN";"DEL04-RN";"UOP02-DEL04-RN"
444996;2022-04-20;"quarta-feira";"16:30:00";"RJ";101;325;"NITEROI";"Mal súbito do condutor";"Colisão traseira";"Com Vítimas Feridas";"Anoitecer";"Decrescente";"Céu Claro";"Múltipla";"Reta";"Sim";2;0;1;0;1;0;1;2;-22,87292569;-43,13625699;"SPRF-RJ";"DEL02-RJ";"UOP01-DEL02-RJ"
444998;2022-04-20;"quarta-feira";"17:58:00";"GO";60;100;"ANAPOLIS";"Ausência de reação do condutor";"Colisão traseira";"Com Vítimas Feridas";"Anoitecer";"Decrescente";"Céu Claro";"Dupla";"Reta";"Sim";2;0;1;0;1;0;1;2;-16,3979;-48,9664;"SPRF-GO";"DEL02-GO";"UOP01-DEL02-GO"
445003;2022-04-20;"quarta-feira";"18:00:00";"PR";476;136;"CURITIBA";"Pedestre cruzava a pista fora da faixa";"Atropelamento de Pedestre";"Com Vítimas Feridas";"Plena Noite";"Decrescente";"Céu Claro";"Múltipla";"Reta";"Sim";3;0;1;0;2;0;1;3;-25,491047;-49,271679;"SPRF-PR";"DEL01-PR";"UOP03-DEL01-PR"
445004;2022-04-20;"quarta-feira";"17:50:00";"MG";381;359,2;"JOAO MONLEVADE";"Transitar no acostamento";"Colisão transversal";"Com Vítimas Feridas";"Plena Noite";"Decrescente";"Céu Claro";"Simples";"Reta";"Sim";2;0;0;1;1;0;1;2;-19,8551458;-43,22402296;"SPRF-MG";"DEL03-MG";"UOP01-DEL03-MG"
445005;2022-04-20;"quarta-feira";"17:50:00";"GO";40;24;"LUZIANIA";"Desrespeitar a preferência no cruzamento";"Colisão transversal";"Com Vítimas Feridas";"Anoitecer";"Crescente";"Céu Claro";"Dupla";"Reta;Interseção de Vias";"Sim";3;0;2;0;1;0;2;2;-16,252738;-47,900437;"SPRF-DF";"DEL01-DF";"UOP01-DEL01-DF"
445007;2022-04-20;"quarta-feira";"18:30:00";"GO";153;496;"GOIANIA";"Reação tardia ou ineficiente do condutor";"Colisão traseira";"Sem Vítimas";"Plena Noite";"Decrescente";"Céu Claro";"Dupla";"Declive";"Sim";2;0;0;0;2;0;0;2;-16,6939;-49,2321;"SPRF-GO";"DEL01-GO";"UOP01-DEL01-GO"
445012;2022-04-20;"quarta-feira";"19:05:00";"PB";230;20;"JOAO PESSOA";"Reação tardia ou ineficiente do condutor";"Colisão traseira";"Com Vítimas Feridas";"Plena Noite";"Decrescente";"Garoa/Chuvisco";"Dupla";"Reta";"Sim";2;0;1;0;0;1;1;2;-7,1337;-34,8544;"SPRF-PB";"DEL01-PB";"UOP01-DEL01-PB"
445013;2022-04-20;"quarta-feira";"18:25:00";"PR";376;2,6;"MANDAGUARI";"Desrespeitar a preferência no cruzamento";"Colisão transversal";"Com Vítimas Feridas";"Plena Noite";"Crescente";"Céu Claro";"Simples";"Interseção de Vias";"Sim";2;0;2;0;0;0;2;2;-23,547966;-51,671265;"SPRF-PR";"DEL07-PR";"UOP03-DEL07-PR"
445014;2022-04-20;"quarta-feira";"18:40:00";"PR";277;608;"SANTA TEREZA DO OESTE";"Ausência de reação do condutor";"Colisão transversal";"Com Vítimas Feridas";"Plena Noite";"Crescente";"Céu Claro";"Simples";"Reta";"Sim";3;0;1;0;2;0;1;2;-25,04299405;-53,60478197;"SPRF-PR";"DEL05-PR";"UOP02-DEL05-PR"
445015;2022-04-20;"quarta-feira";"11:30:00";"GO";60;387,5;"RIO VERDE";"Frear bruscamente";"Engavetamento";"Sem Vítimas";"Pleno dia";"Decrescente";"Céu Claro";"Dupla";"Declive;Reta";"Sim";4;0;0;0;3;1;0;4;-17,8098;-50,9267;"SPRF-GO";"DEL04-GO";"UOP01-DEL04-GO"
445016;2022-04-20;"quarta-feira";"17:45:00";"PR";277;579,9;"CASCAVEL";"Ausência de reação do condutor";"Colisão transversal";"Com Vítimas Feridas";"Pleno dia";"Decrescente";"Céu Claro";"Simples";"Em Obras";"Não";4;0;0;1;3;0;1;2;-24,9829722;-53,3574693;"SPRF-PR";"DEL04-PR";"UOP01-DEL04-PR"
445017;2022-04-20;"quarta-feira";"19:10:00";"SC";101;119;"ITAJAI";"Condutor deixou de manter distância do veículo da frente";"Colisão lateral mesmo sentido";"Com Vítimas Feridas";"Plena Noite";"Crescente";"Céu Claro";"Múltipla";"Reta";"Sim";3;0;1;0;1;1;1;3;-26,9043179;-48,71555481;"SPRF-SC";"DEL04-SC";"UOP04-DEL04-SC"
445018;2022-04-20;"quarta-feira";"17:50:00";"PR";116;104;"SAO JOSE DOS PINHAIS";"Trafegar com motocicleta (ou similar) entre as faixas";"Colisão lateral mesmo sentido";"Com Vítimas Feridas";"Anoitecer";"Crescente";"Céu Claro";"Dupla";"Reta";"Não";2;0;1;0;1;0;1;2;-25,57090775;-49,21156168;"SPRF-PR";"DEL01-PR";"UOP01-DEL01-PR"
445019;2022-04-20;"quarta-feira";"18:50:00";"PR";163;37,4;"SANTO ANTONIO DO SUDOESTE";"Transitar na contramão";"Colisão lateral sentido oposto";"Com Vítimas Feridas";"Anoitecer";"Decrescente";"Céu Claro";"Simples";"Curva";"Sim";3;0;0;2;0;1;2;2;-26,048404;-53,726295;"SPRF-PR";"DEL02-PR";"UOP02-DEL02-PR"
445020;2022-04-20;"quarta-feira";"19:00:00";"RN";101;147;"GOIANINHA";"Condutor Dormindo";"Colisão com objeto";"Sem Vítimas";"Plena Noite";"Crescente";"Céu Claro";"Dupla";"Reta";"Não";1;0;0;0;1;0;0;1;-6,27145987;-35,20823975;"SPRF-RN";"DEL01-RN";"UOP01-DEL01-RN"
445022;2022-04-20;"quarta-feira";"18:30:00";"SP";101;51;"UBATUBA";"Reação tardia ou ineficiente do condutor";"Queda de ocupante de veículo";"Com Vítimas Feridas";"Plena Noite";"Decrescente";"Garoa/Chuvisco";"Simples";"Reta";"Sim";2;0;2;0;0;0;2;1;-23,45627795;-45,07111896;"SPRF-SP";"DEL06-SP";"UOP01-DEL06-SP"
445023;2022-04-20;"quarta-feira";"17:30:00";"MT";70;278;"PRIMAVERA DO LESTE";"Reação tardia ou ineficiente do condutor";"Atropelamento de Pedestre";"Com Vítimas Feridas";"Anoitecer";"Decrescente";"Céu Claro";"Dupla";"Reta";"Sim";2;0;2;0;0;0;2;2;-15,55739918;-54,27981896;"SPRF-MT";"DEL05-MT";"UOP01-DEL05-MT"
445025;2022-04-20;"quarta-feira";"17:50:00";"RJ";101;415;"MANGARATIBA";"Manobra de mudança de faixa";"Colisão traseira";"Com Vítimas Feridas";"Anoitecer";"Crescente";"Céu Claro";"Dupla";"Reta";"Não";2;0;1;0;1;0;1;2;-22,90433243;-43,88181398;"SPRF-RJ";"DEL03-RJ";"UOP01-DEL03-RJ"
445026;2022-04-20;"quarta-feira";"19:50:00";"PR";277;105;"CAMPO LARGO";"Reação tardia ou ineficiente do condutor";"Queda de ocupante de veículo";"Com Vítimas Feridas";"Plena Noite";"Decrescente";"Céu Claro";"Dupla";"Reta";"Não";1;0;0;1;0;0;1;1;-25,51408786;-49,33726669;"SPRF-PR";"DEL01-PR";"UOP03-DEL03-PR"
445028;2022-04-20;"quarta-feira";"19:10:00";"PR";277;83;"CURITIBA";"Condutor deixou de manter distância do veículo da frente";"Colisão traseira";"Com Vítimas Feridas";"Plena Noite";"Crescente";"Céu Claro";"Dupla";"Reta";"Sim";3;0;1;0;2;0;1;2;-25,44745987;-49,23038006;"SPRF-PR";"DEL01-PR";"UOP01-DEL01-PR"
445029;2022-04-20;"quarta-feira";"18:20:00";"SC";282;23;"SANTO AMARO DA IMPERATRIZ";"Conversão proibida";"Colisão transversal";"Com Vítimas Feridas";"Plena Noite";"Decrescente";"Céu Claro";"Simples";"Reta";"Não";2;0;1;0;1;0;1;2;-27,687958;-48,736794;"SPRF-SC";"DEL01-SC";"UOP02-DEL01-SC"
445030;2022-04-20;"quarta-feira";"19:35:00";"SC";282;216;"LAGES";"Acessar a via sem observar a presença dos outros veículos";"Colisão transversal";"Com Vítimas Feridas";"Plena Noite";"Decrescente";"Céu Claro";"Dupla";"Interseção de Vias";"Sim";2;0;1;0;1;0;1;2;-27,79507545;-50,28382301;"SPRF-SC";"DEL05-SC";"UOP01-DEL05-SC"
445031;2022-04-20;"quarta-feira";"19:00:00";"SC";101;158,1;"PORTO BELO";"Manobra de mudança de faixa";"Colisão traseira";"Com Vítimas Feridas";"Plena Noite";"Crescente";"Céu Claro";"Dupla";"Reta";"Sim";3;0;1;0;2;0;1;2;-27,19096301;-48,61259017;"SPRF-SC";"DEL04-SC";"UOP03-DEL04-SC"
445032;2022-04-20;"quarta-feira";"20:40:00";"ES";101;74,5;"SAO MATEUS";"Ausência de reação do condutor";"Colisão traseira";"Com Vítimas Feridas";"Plena Noite";"Decrescente";"Céu Claro";"Simples";"Reta";"Não";4;0;2;0;2;0;2;2;-18,77756015;-39,87357381;"SPRF-ES";"DEL04-ES";"UOP02-DEL04-ES"
445034;2022-04-20;"quarta-feira";"20:10:00";"MG";40;530,1;"BELO HORIZONTE";"Ultrapassagem Indevida";"Colisão lateral mesmo sentido";"Com Vítimas Feridas";"Plena Noite";"Crescente";"Céu Claro";"Dupla";"Reta";"Sim";2;0;0;1;1;0;1;2;-19,92064782;-44,0335681;"SPRF-MG";"DEL01-MG";"UOP02-DEL01-MG"
445035;2022-04-20;"quarta-feira";"20:10:00";"RS";386;389;"TRIUNFO";"Acessar a via sem observar a presença dos outros veículos";"Colisão transversal";"Com Vítimas Feridas";"Plena Noite";"Crescente";"Nublado";"Dupla";"Interseção de Vias";"Sim";4;0;2;0;2;0;2;3;-29,699799;-51,686905;"SPRF-RS";"DEL04-RS";"UOP02-DEL04-RS"
445036;2022-04-20;"quarta-feira";"20:23:00";"PI";343;344,3;"TERESINA";"Ingestão de álcool pelo condutor";"Colisão transversal";"Com Vítimas Feridas";"Plena Noite";"Crescente";"Céu Claro";"Simples";"Reta";"Sim";2;0;1;1;0;0;2;2;-5,094729;-42,762775;"SPRF-PI";"DEL01-PI";"UOP01-DEL01-PI"
445038;2022-04-20;"quarta-feira";"14:45:00";"SC";470;136,2;"RIO DO SUL";"Acessar a via sem observar a presença dos outros veículos";"Colisão transversal";"Com Vítimas Feridas";"Pleno dia";"Decrescente";"Nublado";"Simples";"Reta";"Sim";2;0;1;0;1;0;1;2;-27,194323;-49,624554;"SPRF-SC";"DEL04-SC";"UOP02-DEL04-SC"
445044;2022-04-20;"quarta-feira";"20:15:00";"PR";272;366,9;"CAMPO MOURAO";"Desrespeitar a preferência no cruzamento";"Colisão transversal";"Com Vítimas Feridas";"Plena Noite";"Decrescente";"Céu Claro";"Dupla";"Interseção de Vias";"Sim";2;0;1;0;1;0;1;2;-24,04952086;-52,39916325;"SPRF-PR";"DEL09-PR";"UOP03-DEL09-PR"
445046;2022-04-20;"quarta-feira";"20:30:00";"RS";158;333;"SANTA MARIA";"Afundamento ou ondulação no pavimento";"Queda de ocupante de veículo";"Com Vítimas Feridas";"Plena Noite";"Decrescente";"Céu Claro";"Dupla";"Reta";"Sim";1;0;0;1;0;0;1;1;-29,70846948;-53,86426102;"SPRF-RS";"DEL09-RS";"UOP01-DEL09-RS"
445047;2022-04-20;"quarta-feira";"21:00:00";"PR";277;98,5;"CURITIBA";"Entrada inopinada do pedestre";"Atropelamento de Pedestre";"Com Vítimas Fatais";"Plena Noite";"Decrescente";"Céu Claro";"Dupla";"Reta";"Sim";2;1;0;0;1;0;0;2;-25,43074704;-49,35374022;"SPRF-PR";"DEL01-PR";"UOP01-DEL01-PR"
445048;2022-04-12;"terça-feira";"18:25:00";"PR";476;132;"CURITIBA";"Manobra de mudança de faixa";"Colisão lateral mesmo sentido";"Com Vítimas Feridas";"Anoitecer";"Decrescente";"Céu Claro";"Múltipla";"Reta";"Sim";2;0;0;1;1;0;1;2;-25,46925;-49,25367;"SPRF-PR";"DEL01-PR";"UOP03-DEL01-PR"
445051;2022-04-20;"quarta-feira";"21:10:00";"MT";163;525,3;"DIAMANTINO";"Pista Escorregadia";"Saída de leito carroçável";"Com Vítimas Feridas";"Plena Noite";"Decrescente";"Céu Claro";"Simples";"Reta";"Não";4;0;0;1;3;0;1;1;-14,4864367;-56,17670725;"SPRF-MT";"DEL01-MT";"UOP01-DEL01-MT"
445052;2022-04-20;"quarta-feira";"22:00:00";"PR";116;119;"CURITIBA";"Manobra de mudança de faixa";"Colisão lateral mesmo sentido";"Com Vítimas Feridas";"Plena Noite";"Crescente";"Céu Claro";"Dupla";"Retorno Regulamentado";"Sim";3;0;1;1;1;0;2;2;-25,57662729;-49,31241274;"SPRF-PR";"DEL01-PR";"UOP03-DEL01-PR"
445054;2022-04-20;"quarta-feira";"22:40:00";"RS";116;246,8;"SAO LEOPOLDO";"Ausência de reação do condutor";"Colisão traseira";"Sem Vítimas";"Plena Noite";"Crescente";"Céu Claro";"Dupla";"Reta";"Sim";3;0;0;0;3;0;0;3;-29,758751;-51,15186806;"SPRF-RS";"DEL01-RS";"UOP02-DEL01-RS"
445056;2022-04-20;"quarta-feira";"17:30:00";"SC";101;270;"IMBITUBA";"Avarias e/ou desgaste excessivo no pneu";"Saída de leito carroçável";"Com Vítimas Feridas";"Anoitecer";"Decrescente";"Céu Claro";"Dupla";"Reta";"Não";1;0;1;0;0;0;1;1;-28,1015411;-48,70410641;"SPRF-SC";"DEL02-SC";"UOP03-DEL02-SC"
445057;2022-04-20;"quarta-feira";"18:10:00";"RJ";40;105;"DUQUE DE CAXIAS";"Reação tardia ou ineficiente do condutor";"Queda de ocupante de veículo";"Com Vítimas Feridas";"Anoitecer";"Crescente";"Céu Claro";"Simples";"Aclive";"Sim";1;0;1;0;0;0;1;1;-22,63784806;-43,28428824;"SPRF-RJ";"DEL01-RJ";"UOP01-DEL01-RJ"
445058;2022-04-20;"quarta-feira";"22:48:00";"SC";280;24,1;"ARAQUARI";"Desrespeitar a preferência no cruzamento";"Colisão transversal";"Com Vítimas Feridas";"Plena Noite";"Decrescente";"Céu Claro";"Simples";"Reta;Interseção de Vias";"Não";4;0;2;1;1;0;3;2;-26,37724921;-48,71953282;"SPRF-SC";"DEL03-SC";"UOP03-DEL03-SC"
445061;2022-04-20;"quarta-feira";"22:25:00";"PI";343;336,2;"TERESINA";"Reação tardia ou ineficiente do condutor";"Colisão com objeto";"Sem Vítimas";"Plena Noite";"Decrescente";"Céu Claro";"Dupla";"Reta";"Não";2;0;0;0;0;2;0;2;-5,062547;-42,705189;"SPRF-PI";"DEL01-PI";"UOP01-DEL01-PI"
445062;2022-04-20;"quarta-feira";"23:15:00";"PR";467;109,6;"CASCAVEL";"Ingestão de álcool pelo condutor";"Saída de leito carroçável";"Sem Vítimas";"Plena Noite";"Crescente";"Nublado";"Dupla";"Retorno Regulamentado";"Não";4;0;0;0;4;0;0;1;-24,9261;-53,4589;"SPRF-PR";"DEL04-PR";"UOP01-DEL04-PR"
445064;2022-04-20;"quarta-feira";"22:42:00";"MS";163;486;"CAMPO GRANDE";"Ausência de reação do condutor";"Engavetamento";"Com Vítimas Feridas";"Plena Noite";"Decrescente";"Céu Claro";"Simples";"Reta";"Sim";7;0;0;1;6;0;1;3;-20,4336361;-54,54376745;"SPRF-MS";"DEL01-MS";"UOP02-DEL01-MS"
445065;2022-04-20;"quarta-feira";"15:30:00";"PA";163;37;"NOVO PROGRESSO";"Reação tardia ou ineficiente do condutor";"Colisão com objeto";"Com Vítimas Fatais";"Pleno dia";"Crescente";"Céu Claro";"Simples";"Reta;Declive";"Não";2;1;1;0;0;0;1;1;-9,25565172;-54,83743274;"SPRF-PA";"DEL05-PA";"UOP01-DEL05-PA"
445066;2022-04-20;"quarta-feira";"21:30:00";"PE";101;85,4;"JABOATAO DOS GUARARAPES";"Ingestão de álcool pelo condutor";"Colisão transversal";"Sem Vítimas";"Plena Noite";"Crescente";"Céu Claro";"Simples";"Reta";"Sim";3;0;0;0;3;0;0;3;-8,18464499;-34,95201588;"SPRF-PE";"DEL01-PE";"UOP01-DEL01-PE"
445069;2022-04-20;"quarta-feira";"22:54:00";"PI";316;244;"INHUMA";"Ingestão de álcool pelo condutor";"Queda de ocupante de veículo";"Com Vítimas Feridas";"Plena Noite";"Decrescente";"Céu Claro";"Simples";"Reta";"Não";1;0;1;0;0;0;1;1;-6,68806401;-41,71950685;"SPRF-PI";"DEL04-PI";"UOP02-DEL04-PI"
445070;2022-03-02;"quarta-feira";"13:00:00";"BA";116;221;"EUCLIDES DA CUNHA";"Velocidade Incompatível";"Colisão lateral sentido oposto";"Com Vítimas Feridas";"Pleno dia";"Decrescente";"Céu Claro";"Simples";"Reta";"Não";3;0;3;0;0;0;3;2;-10,58091325;-38,98619129;"SPRF-BA";"DEL07-BA";"UOP02-DEL07-BA"
445071;2022-04-21;"quinta-feira";"01:05:00";"RS";158;333;"SANTA MARIA";"Velocidade Incompatível";"Saída de leito carroçável";"Com Vítimas Feridas";"Plena Noite";"Crescente";"Nublado";"Simples";"Reta";"Não";1;0;0;1;0;0;1;1;-29,70846948;-53,86426102;"SPRF-RS";"DEL09-RS";"UOP01-DEL09-RS"
445072;2022-02-19;"sábado";"23:40:00";"PB";230;165,7;"CAMPINA GRANDE";"Ausência de reação do condutor";"Colisão transversal";"Com Vítimas Feridas";"Plena Noite";"Decrescente";"Céu Claro";"Simples";"Reta";"Sim";2;0;0;1;0;1;1;2;-7,2051;-35,951;"SPRF-PB";"DEL02-PB";"UOP02-DEL02-PB"
445073;2022-04-21;"quinta-feira";"02:25:00";"RS";386;347,9;"LAJEADO";"Reação tardia ou ineficiente do condutor";"Colisão com objeto";"Sem Vítimas";"Plena Noite";"Crescente";"Céu Claro";"Dupla";"Reta";"Sim";1;0;0;0;1;0;0;1;-29,451736;-51,965893;"SPRF-RS";"DEL04-RS";"UOP01-DEL04-RS"
445074;2022-04-21;"quinta-feira";"02:05:00";"RS";290;681;"URUGUAIANA";"Animais na Pista";"Saída de leito carroçável";"Com Vítimas Feridas";"Plena Noite";"Crescente";"Céu Claro";"Simples";"Reta";"Não";4;0;4;0;0;0;4;1;-29,899723;-56,7034;"SPRF-RS";"DEL13-RS";"UOP01-DEL13-RS"
445075;2022-04-20;"quarta-feira";"21:00:00";"SC";101;216;"PALHOCA";"Ausência de reação do condutor";"Colisão com objeto";"Com Vítimas Feridas";"Plena Noite";"Decrescente";"Nublado";"Dupla";"Interseção de Vias";"Sim";1;0;1;0;0;0;1;1;-27,65981409;-48,67747798;"SPRF-SC";"DEL01-SC";"UOP02-DEL01-SC"
445078;2022-04-21;"quinta-feira";"03:35:00";"PR";476;128;"CURITIBA";"Condutor deixou de manter distância do veículo da frente";"Colisão traseira";"Com Vítimas Feridas";"Plena Noite";"Crescente";"Céu Claro";"Múltipla";"Reta";"Sim";2;0;1;0;0;1;1;2;-25,433048;-49,23156;"SPRF-PR";"DEL01-PR";"UOP03-DEL01-PR"
445079;2022-04-21;"quinta-feira";"04:10:00";"PB";230;27;"JOAO PESSOA";"Ingestão de álcool pelo condutor";"Saída de leito carroçável";"Com Vítimas Feridas";"Plena Noite";"Crescente";"Céu Claro";"Dupla";"Reta";"Sim";1;0;0;1;0;0;1;1;-7,1677;-34,8855;"SPRF-PB";"DEL01-PB";"UOP01-DEL01-PB"
445082;2022-04-21;"quinta-feira";"04:40:00";"RS";116;269;"CANOAS";"Ausência de reação do condutor";"Colisão com objeto";"Com Vítimas Feridas";"Pleno dia";"Decrescente";"Nevoeiro/Neblina";"Dupla";"Reta";"Não";1;0;1;0;0;0;1;1;-29,95942501;-51,17608515;"SPRF-RS";"DEL01-RS";"UOP01-DEL01-RS"
445084;2022-04-21;"quinta-feira";"04:15:00";"SC";282;5;"SAO JOSE";"Ausência de reação do condutor";"Queda de ocupante de veículo";"Com Vítimas Feridas";"Plena Noite";"Crescente";"Céu Claro";"Múltipla";"Reta";"Sim";1;0;1;0;0;0;1;1;-27,588425;-48,612919;"SPRF-SC";"DEL01-SC";"UOP01-DEL01-SC"
445085;2022-04-21;"quinta-feira";"04:30:00";"SC";101;151;"ITAPEMA";"Ingestão de álcool pelo condutor";"Colisão com objeto";"Com Vítimas Feridas";"Plena Noite";"Crescente";"Céu Claro";"Dupla";"Interseção de Vias";"Sim";1;0;1;0;0;0;1;1;-27,126536;-48,609642;"SPRF-SC";"DEL04-SC";"UOP03-DEL04-SC"
445088;2022-04-21;"quinta-feira";"00:00:00";"SP";101;43;"UBATUBA";"Mal súbito do condutor";"Colisão lateral mesmo sentido";"Com Vítimas Feridas";"Plena Noite";"Decrescente";"Garoa/Chuvisco";"Simples";"Reta";"Sim";2;0;1;0;1;0;1;2;-23,41217537;-45,05739148;"SPRF-SP";"DEL06-SP";"UOP01-DEL06-SP"
445089;2022-04-21;"quinta-feira";"04:20:00";"MG";381;855;"POUSO ALEGRE";"Ausência de reação do condutor";"Colisão com objeto";"Sem Vítimas";"Amanhecer";"Crescente";"Céu Claro";"Dupla";"Reta";"Não";1;0;0;0;0;1;0;1;-22,32218405;-45,90735795;"SPRF-MG";"DEL16-MG";"UOP01-DEL16-MG"
445090;2022-04-21;"quinta-feira";"05:45:00";"MG";262;355;"BETIM";"Afundamento ou ondulação no pavimento";"Colisão traseira";"Com Vítimas Feridas";"Pleno dia";"Crescente";"Céu Claro";"Dupla";"Reta";"Sim";2;0;1;1;0;0;2;2;-19,96466575;-44,17285107;"SPRF-MG";"DEL01-MG";"UOP03-DEL01-MG"
445091;2022-04-21;"quinta-feira";"02:30:00";"ES";482;72;"ALEGRE";"Velocidade Incompatível";"Tombamento";"Com Vítimas Feridas";"Plena Noite";"Decrescente";"Céu Claro";"Simples";"Reta";"Não";2;0;2;0;0;0;2;1;-20,76179001;-41,454465;"SPRF-ES";"DEL03-ES";"UOP02-DEL03-ES"
445092;2022-04-21;"quinta-feira";"06:00:00";"AL";316;110;"CACIMBINHAS";"Ausência de reação do condutor";"Colisão traseira";"Com Vítimas Feridas";"Amanhecer";"Crescente";"Céu Claro";"Simples";"Reta";"Não";2;0;0;1;0;1;1;2;-9,39343365;-37,02683893;"SPRF-AL";"DEL03-AL";"UOP01-DEL03-AL"
445093;2022-04-21;"quinta-feira";"05:15:00";"SC";101;207,3;"SAO JOSE";"Ingestão de álcool pelo condutor";"Capotamento";"Sem Vítimas";"Plena Noite";"Crescente";"Céu Claro";"Múltipla";"Curva";"Não";1;0;0;0;1;0;0;1;-27,60001226;-48,6226467;"SPRF-SC";"DEL01-SC";"UOP01-DEL01-SC"