"id";"data_inversa";"dia_semana";"horario";"uf";"br";"km";"municipio";"causa_acidente";"tipo_acidente";"classificacao_acidente";"fase_dia";"sentido_via";"condicao_metereologica";"tipo_pista";"tracado_via";"uso_solo";"pessoas";"mortos";"feridos_leves";"feridos_graves";"ilesos";"ignorados";"feridos";"veiculos";"latitude";"longitude";"regional";"delegacia";"uop"
445206;2022-04-21;"quinta-feira";"16:55:00";"MG";262;802;"UBERABA";"Ausência de reação do condutor";"Atropelamento de Pedestre";"Com Vítimas Feridas";"Pleno dia";"Decrescente";"Céu Claro";"Dupla";"Reta";"Sim";2;0;1;1;0;0;2;2;-19,77064814;-47,90553041;"SPRF-MG";"DEL13-MG";"UOP01-DEL13-MG"
445207;2022-04-21;"quinta-feira";"13:10:00";"PE";316;303;"FLORESTA";"Reação tardia ou ineficiente do condutor";"Colisão com objeto";"Sem Vítimas";"Pleno dia";"Decrescente";"Céu Claro";"Simples";"Reta";"Sim";2;0;0;0;2;0;0;1;-8,60774626;-38,57879405;"SPRF-PE";"DEL04-PE";"UOP03-DEL04-PE"
445208;2022-04-21;"quinta-feira";"19:35:00";"PE";232;10,6;"JABOATAO DOS GUARARAPES";"Pista em desnível";"Tombamento";"Com Vítimas Feridas";"Plena Noite";"Crescente";"Céu Claro";"Dupla";"Em Obras";"Sim";2;0;1;1;0;0;2;1;-8,07917241;-34,98718609;"SPRF-PE";"DEL01-PE";"UOP01-DEL01-PE"
445209;2022-04-21;"quinta-feira";"19:20:00";"SC";282;4,4;"SAO JOSE";"Manobra de mudança de faixa";"Colisão lateral mesmo sentido";"Com Vítimas Feridas";"Plena Noite";"Decrescente";"Céu Claro";"Simples";"Reta";"Sim";2;0;1;0;0;1;1;2;-27,592646;-48,604034;"SPRF-SC";"DEL01-SC";"UOP01-DEL01-SC"
445210;2022-04-21;"quinta-feira";"19:37:00";"DF";70;17;"BRASILIA";"Ingestão de álcool pelo condutor";"Colisão traseira";"Com Vítimas Feridas";"Plena Noite";"Decrescente";"Céu Claro";"Dupla";"Reta";"Não";5;0;2;0;3;0;2;2;-15,794133;-48,202095;"SPRF-DF";"DEL03-DF";"UOP02-DEL03-DF"
445211;2022-04-21;"quinta-feira";"18:42:00";"SP";116;558,5;"BARRA DO TURVO";"Transitar no acostamento";"Atropelamento de Pedestre";"Com Vítimas Feridas";"Plena Noite";"Crescente";"Nublado";"Dupla";"Declive;Reta";"Não";2;0;0;1;1;0;1;2;-25,00592799;-48,50784659;"SPRF-SP";"DEL05-SP";"UOP02-DEL05-SP"
445212;2022-04-21;"quinta-feira";"17:30:00";"GO";50;115;"CRISTALINA";"Condutor Dormindo";"Saída de leito carroçável";"Com Vítimas Feridas";"Anoitecer";"Decrescente";"Céu Claro";"Dupla";"Reta";"Não";4;0;1;0;3;0;1;1;-16,9309;-47,7117;"SPRF-DF";"DEL01-DF";"UOP02-DEL01-DF"
445214;2022-02-21;"segunda-feira";"18:45:00";"RS";471;166,4;"RIO PARDO";"Ausência de reação do condutor";"Saída de leito carroçável";"Com Vítimas Feridas";"Pleno dia";"Crescente";"Céu Claro";"Simples";"Reta";"Não";1;0;1;0;0;0;1;1;-29,91665927;-52,39108175;"SPRF-RS";"DEL02-RS";"UOP03-DEL02-RS"
445215;2022-04-21;"quinta-feira";"13:25:00";"MS";262;494,9;"ANASTACIO";"Condutor Dormindo";"Colisão frontal";"Com Vítimas Fatais";"Pleno dia";"Crescente";"Céu Claro";"Simples";"Reta";"Não";6;2;0;4;0;0;4;2;-20,5031556;-55,8615648;"SPRF-MS";"DEL03-MS";"UOP01-DEL03-MS"
445216;2022-04-21;"quinta-feira";"20:28:00";"AL";101;59;"MESSIAS";"Acessar a via sem observar a presença dos outros veículos";"Atropelamento de Pedestre";"Com Vítimas Feridas";"Plena Noite";"Crescente";"Nublado";"Dupla";"Reta";"Não";2;0;0;2;0;0;2;2;-9,28599114;-35,80320663;"SPRF-AL";"DEL01-AL";"UOP02-DEL01-AL"
445218;2022-04-21;"quinta-feira";"14:50:00";"PI";343;490,8;"REGENERACAO";"Acumulo de água sobre o pavimento";"Capotamento";"Com Vítimas Feridas";"Pleno dia";"Decrescente";"Chuva";"Simples";"Reta";"Não";2;0;2;0;0;0;2;1;-6,241619;-42,719955;"SPRF-PI";"DEL01-PI";"UOP02-DEL01-PI"
445220;2022-04-21;"quinta-feira";"20:25:00";"PR";277;592,8;"CASCAVEL";"Frear bruscamente";"Colisão traseira";"Com Vítimas Feridas";"Plena Noite";"Decrescente";"Chuva";"Simples";"Viaduto";"Sim";8;0;1;0;5;2;1;3;-24,98285697;-53,47319399;"SPRF-PR";"DEL04-PR";"UOP01-DEL04-PR"
445221;2022-04-21;"quinta-feira";"20:00:00";"RJ";116;164;"RIO DE JANEIRO";"Pedestre andava na pista";"Atropelamento de Pedestre";"Com Vítimas Feridas";"Plena Noite";"Decrescente";"Céu Claro";"Múltipla";"Reta";"Sim";2;0;1;0;0;1;1;2;-22,81074068;-43,28844363;"SPRF-RJ";"DEL01-RJ";"UOP01-DEL01-RJ"
445223;2022-02-16;"quarta-feira";"14:10:00";"MT";70;2;"BARRA DO GARCAS";"Reação tardia ou ineficiente do condutor";"Colisão transversal";"Com Vítimas Feridas";"Pleno dia";"Crescente";"Sol";"Simples";"Reta";"Sim";2;0;1;0;1;0;1;2;-15,88749699;-52,26810568;"SPRF-MT";"DEL07-MT";"UOP01-DEL07-MT"
445225;2022-04-21;"quinta-feira";"19:50:00";"MG";116;707,1;"MURIAE";"Velocidade Incompatível";"Queda de ocupante de veículo";"Com Vítimas Feridas";"Plena Noite";"Decrescente";"Céu Claro";"Simples";"Curva";"Sim";2;0;2;0;0;0;2;1;-21,15538281;-42,38264744;"SPRF-MG";"DEL07-MG";"UOP02-DEL07-MG"
445227;2022-04-21;"quinta-feira";"21:20:00";"BA";101;5,7;"RIO REAL";"Acessar a via sem observar a presença dos outros veículos";"Colisão transversal";"Com Vítimas Feridas";"Plena Noite";"Decrescente";"Garoa/Chuvisco";"Simples";"Reta";"Não";2;0;1;0;1;0;1;2;-11,57919206;-37,87331479;"SPRF-SE";"DEL02-SE";"UOP03-DEL02-SE"
445228;2022-04-21;"quinta-feira";"19:58:00";"BA";101;806;"ITAMARAJU";"Transitar na contramão";"Colisão lateral sentido oposto";"Com Vítimas Feridas";"Anoitecer";"Decrescente";"Céu Claro";"Simples";"Interseção de Vias";"Sim";3;0;1;0;2;0;1;3;-17,00717555;-39,54856038;"SPRF-BA";"DEL09-BA";"UOP02-DEL09-BA"
445230;2022-04-21;"quinta-feira";"20:00:00";"MT";70;722;"CACERES";"Animais na Pista";"Atropelamento de Animal";"Com Vítimas Feridas";"Plena Noite";"Decrescente";"Céu Claro";"Simples";"Reta";"Não";1;0;0;1;0;0;1;1;-16,151637;-57,623982;"SPRF-MT";"DEL03-MT";"UOP01-DEL03-MT"
445231;2022-04-21;"quinta-feira";"21:40:00";"RS";158;337;"SANTA MARIA";"Ausência de reação do condutor";"Saída de leito carroçável";"Com Vítimas Feridas";"Plena Noite";"Crescente";"Céu Claro";"Simples";"Reta";"Sim";1;0;1;0;0;0;1;1;-29,71369953;-53,89575005;"SPRF-RS";"DEL09-RS";"UOP01-DEL09-RS"
445232;2022-04-21;"quinta-feira";"17:00:00";"RR";401;75;"BONFIM";"Acessar a via sem observar a presença dos outros veículos";"Colisão transversal";"Com Vítimas Fatais";"Anoitecer";"Decrescente";"Nublado";"Simples";"Reta";"Não";4;1;0;0;3;0;0;2;3,18505914;-60,19933308;"SPRF-RR";"DEL01-RR";"UOP01-DEL01-RR"
445233;2022-04-21;"quinta-feira";"21:40:00";"PR";277;108;"CAMPO LARGO";"Reação tardia ou ineficiente do condutor";"Saída de leito carroçável";"Com Vítimas Feridas";"Plena Noite";"Crescente";"Chuva";"Dupla";"Curva";"Não";2;0;1;0;1;0;1;1;-25,46337891;-49,35755379;"SPRF-PR";"DEL01-PR";"UOP03-DEL03-PR"
445234;2022-04-12;"terça-feira";"02:30:00";"BA";324;609,6;"SIMOES FILHO";"Velocidade Incompatível";"Colisão traseira";"Com Vítimas Feridas";"Plena Noite";"Decrescente";"Céu Claro";"Dupla";"Reta";"Não";2;0;0;1;1;0;1;2;-12,82066;-38,40798;"SPRF-BA";"DEL01-BA";"UOP01-DEL01-BA"
445237;2022-04-21;"quinta-feira";"23:00:00";"RN";101;82,1;"SAO GONCALO DO AMARANTE";"Condutor desrespeitou a iluminação vermelha do semáforo";"Colisão transversal";"Com Vítimas Feridas";"Plena Noite";"Crescente";"Céu Claro";"Dupla";"Interseção de Vias;Reta";"Sim";2;0;0;1;0;1;1;2;-5,76791511;-35,27456305;"SPRF-RN";"DEL02-RN";"UOP01-DEL02-RN"
445239;2022-04-21;"quinta-feira";"19:01:00";"PR";277;594;"CASCAVEL";"Ausência de reação do condutor";"Colisão traseira";"Com Vítimas Feridas";"Plena Noite";"Decrescente";"Chuva";"Simples";"Reta";"Sim";2;0;1;0;1;0;1;2;-24,9799891;-53,494228;"SPRF-PR";"DEL04-PR";"UOP01-DEL04-PR"
445240;2022-04-21;"quinta-feira";"21:15:00";"AP";156;396;"FERREIRA GOMES";"Reação tardia ou ineficiente do condutor";"Saída de leito carroçável";"Com Vítimas Feridas";"Plena Noite";"Decrescente";"Garoa/Chuvisco";"Simples";"Reta";"Não";4;0;4;0;0;0;4;1;0,95322111;-51,14174006;"SPRF-AP";"DEL01-AP";"UOP02-DEL01-AP"
445241;2022-04-21;"quinta-feira";"20:00:00";"PR";277;123,1;"BALSA NOVA";"Reação tardia ou ineficiente do condutor";"Saída de leito carroçável";"Sem Vítimas";"Plena Noite";"Decrescente";"Céu Claro";"Simples";"Declive;Reta";"Não";3;0;0;0;3;0;0;1;-25,46237471;-49,58466768;"SPRF-PR";"DEL01-PR";"UOP03-DEL03-PR"
445243;2022-02-12;"sábado";"16:00:00";"PA";230;664;"ALTAMIRA";"Velocidade Incompatível";"Saída de leito carroçável";"Com Vítimas Feridas";"Pleno dia";"Decrescente";"Sol";"Simples";"Curva";"Não";1;0;1;0;0;0;1;1;-3,24959779;-52,34456096;"SPRF-PA";"DEL04-PA";"UOP01-DEL04-PA"
445244;2022-04-21;"quinta-feira";"22:30:00";"RJ";116;177;"NOVA IGUACU";"Ausência de reação do condutor";"Queda de ocupante de veículo";"Com Vítimas Feridas";"Pleno dia";"Decrescente";"Céu Claro";"Múltipla";"Reta";"Sim";3;0;1;1;0;1;2;3;-22,7805519832;-43,392085993;"SPRF-RJ";"DEL01-RJ";"UOP02-DEL01-RJ"
445246;2022-04-21;"quinta-feira";"23:20:00";"MA";10;258;"IMPERATRIZ";"Manobra de mudança de faixa";"Colisão lateral sentido oposto";"Com Vítimas Feridas";"Plena Noite";"Crescente";"Céu Claro";"Simples";"Reta";"Sim";2;0;0;1;1;0;1;2;-5,48259;-47,472111;"SPRF-MA";"DEL04-MA";"UOP01-DEL04-MA"
445249;2022-04-22;"sexta-feira";"01:53:00";"PE";101;84,6;"JABOATAO DOS GUARARAPES";"Ausência de reação do condutor";"Colisão traseira";"Sem Vítimas";"Plena Noite";"Decrescente";"Céu Claro";"Dupla";"Ponte";"Não";2;0;0;0;0;2;0;2;-8,180113;-34,95871;"SPRF-PE";"DEL01-PE";"UOP01-DEL01-PE"
445254;2022-04-22;"sexta-feira";"02:30:00";"BA";242;414;"SEABRA";"Ausência de reação do condutor";"Colisão lateral sentido oposto";"Sem Vítimas";"Plena Noite";"Crescente";"Céu Claro";"Simples";"Aclive";"Sim";2;0;0;0;2;0;0;2;-12,427427;-41,77020288;"SPRF-BA";"DEL06-BA";"UOP01-DEL06-BA"
445255;2022-04-22;"sexta-feira";"02:30:00";"MG";381;339;"BELA VISTA DE MINAS";"Condutor Dormindo";"Capotamento";"Com Vítimas Feridas";"Plena Noite";"Decrescente";"Céu Claro";"Simples";"Reta";"Não";1;0;1;0;0;0;1;1;-19,813896;-43,065713;"SPRF-MG";"DEL03-MG";"UOP01-DEL03-MG"
445256;2022-04-22;"sexta-feira";"01:32:00";"MG";40;136,6;"JOAO PINHEIRO";"Animais na Pista";"Atropelamento de Animal";"Com Vítimas Feridas";"Plena Noite";"Crescente";"Céu Claro";"Simples";"Reta";"Não";3;0;3;0;0;0;3;1;-17,7219829;-46,23179198;"SPRF-MG";"DEL14-MG";"UOP01-DEL14-MG"
445258;2022-04-22;"sexta-feira";"04:00:00";"MG";381;1,8;"BETIM";"Velocidade Incompatível";"Colisão com objeto";"Com Vítimas Feridas";"Plena Noite";"Crescente";"Céu Claro";"Dupla";"Reta";"Sim";5;0;2;0;3;0;2;1;-19,96825;-44,198708;"SPRF-MG";"DEL01-MG";"UOP03-DEL01-MG"
445259;2022-04-22;"sexta-feira";"04:00:00";"CE";116;150,3;"RUSSAS";"Deficiência do Sistema de Iluminação/Sinalização";"Saída de leito carroçável";"Com Vítimas Feridas";"Plena Noite";"Decrescente";"Céu Claro";"Simples";"Curva";"Não";1;0;1;0;0;0;1;1;-4,84435985;-38,04237127;"SPRF-CE";"DEL03-CE";"UOP01-DEL03-CE"
445261;2022-04-22;"sexta-feira";"04:00:00";"SP";116;135;"SAO JOSE DOS CAMPOS";"Reação tardia ou ineficiente do condutor";"Queda de ocupante de veículo";"Com Vítimas Feridas";"Plena Noite";"Decrescente";"Céu Claro";"Dupla";"Reta";"Sim";1;0;1;0;0;0;1;1;-23,144484;-45,77018;"SPRF-SP";"DEL02-SP";"UOP01-DEL02-SP"
445262;2022-04-22;"sexta-feira";"04:15:00";"SC";101;201,1;"SAO JOSE";"Ingestão de álcool pelo condutor";"Atropelamento de Pedestre";"Com Vítimas Feridas";"Plena Noite";"Decrescente";"Céu Claro";"Simples";"Reta";"Sim";2;0;1;1;0;0;2;2;-27,54506034;-48,61987174;"SPRF-SC";"DEL01-SC";"UOP01-DEL01-SC"
445263;2022-04-22;"sexta-feira";"03:50:00";"SC";280;57,5;"GUARAMIRIM";"Ingestão de álcool pelo condutor";"Capotamento";"Com Vítimas Feridas";"Plena Noite";"Crescente";"Céu Claro";"Simples";"Em Obras";"Não";2;0;0;1;1;0;1;1;-26,47811421;-49,01259213;"SPRF-SC";"DEL03-SC";"UOP03-DEL03-SC"
445266;2022-04-22;"sexta-feira";"04:45:00";"MG";365;614,5;"UBERLANDIA";"Condutor Dormindo";"Colisão traseira";"Com Vítimas Feridas";"Plena Noite";"Crescente";"Céu Claro";"Simples";"Reta";"Sim";4;0;1;0;2;1;1;3;-18,91260793;-48,21944475;"SPRF-MG";"DEL15-MG";"UOP01-DEL15-MG"
445267;2022-04-22;"sexta-feira";"05:10:00";"RJ";116;222;"PIRAI";"Ausência de reação do condutor";"Saída de leito carroçável";"Com Vítimas Feridas";"Amanhecer";"Crescente";"Céu Claro";"Dupla";"Reta";"Não";1;0;0;1;0;0;1;1;-22,66597704;-43,82034302;"SPRF-RJ";"DEL07-RJ";"UOP01-DEL07-RJ"
445268;2022-04-22;"sexta-feira";"05:10:00";"SC";116;11,3;"MAFRA";"Reação tardia ou ineficiente do condutor";"Tombamento";"Com Vítimas Feridas";"Plena Noite";"Decrescente";"Nublado";"Simples";"Reta";"Não";1;0;1;0;0;0;1;1;-26,17627262;-49,8580203;"SPRF-SC";"DEL06-SC";"UOP01-DEL06-SC"
445269;2022-02-17;"quinta-feira";"13:10:00";"PB";101;92;"JOAO PESSOA";"Acumulo de água sobre o pavimento";"Tombamento";"Com Vítimas Feridas";"Pleno dia";"Decrescente";"Chuva";"Dupla";"Curva;Declive";"Não";2;0;2;0;0;0;2;1;-7,19683829;-34,90588313;"SPRF-PB";"DEL01-PB";"UOP02-DEL01-PB"
445270;2022-04-21;"quinta-feira";"19:40:00";"GO";50;273,3;"CATALAO";"Reação tardia ou ineficiente do condutor";"Saída de leito carroçável";"Com Vítimas Feridas";"Pleno dia";"Decrescente";"Céu Claro";"Dupla";"Reta";"Não";1;0;1;0;0;0;1;1;-18,1302;-47,9047;"SPRF-GO";"DEL06-GO";"UOP01-DEL06-GO"
445271;2022-04-22;"sexta-feira";"05:15:00";"MS";60;626;"JARDIM";"Animais na Pista";"Atropelamento de Animal";"Com Vítimas Feridas";"Amanhecer";"Crescente";"Céu Claro";"Simples";"Reta";"Não";1;0;0;1;0;0;1;1;-21,73008611;-56,26544133;"SPRF-MS";"DEL05-MS";"UOP01-DEL05-MS"
445274;2022-04-22;"sexta-feira";"06:25:00";"PB";101;104;"ALHANDRA";"Condutor Dormindo";"Colisão traseira";"Com Vítimas Feridas";"Pleno dia";"Decrescente";"Sol";"Dupla";"Reta";"Não";4;0;2;0;2;0;2;3;-7,30029088;-34,93888622;"SPRF-PB";"DEL01-PB";"UOP02-DEL01-PB"
445275;2022-04-22;"sexta-feira";"07:23:00";"AL";104;35,2;"UNIAO DOS PALMARES";"Ausência de reação do condutor";"Atropelamento de Pedestre";"Com Vítimas Feridas";"Pleno dia";"Crescente";"Céu Claro";"Simples";"Reta";"Sim";3;0;2;1;0;0;3;2;-9,1616676;-36,01701171;"SPRF-AL";"DEL01-AL";"UOP02-DEL01-AL"
445278;2022-04-22;"sexta-feira";"07:10:00";"SC";470;53,3;"BLUMENAU";"Ausência de reação do condutor";"Colisão transversal";"Com Vítimas Fatais";"Pleno dia";"Decrescente";"Nublado";"Simples";"Curva;Em Obras;Interseção de Vias";"Sim";4;1;3;0;0;0;3;3;-26,86865943;-49,1047883;"SPRF-SC";"DEL04-SC";"UOP01-DEL04-SC"
445281;2022-04-22;"sexta-feira";"06:30:00";"RN";101;71,2;"EXTREMOZ";"Ultrapassagem Indevida";"Capotamento";"Com Vítimas Feridas";"Pleno dia";"Crescente";"Garoa/Chuvisco";"Simples";"Reta";"Não";1;0;1;0;0;0;1;1;-5,68968701;-35,26298333;"SPRF-RN";"DEL02-RN";"UOP01-DEL02-RN"
445282;2022-04-22;"sexta-feira";"07:10:00";"SC";101;142;"ITAPEMA";"Condutor Dormindo";"Colisão com objeto";"Com Vítimas Feridas";"Amanhecer";"Crescente";"Céu Claro";"Dupla";"Declive";"Não";2;0;1;0;1;0;1;1;-27,056089;-48,599449;"SPRF-SC";"DEL04-SC";"UOP03-DEL04-SC"
445283;2022-04-22;"sexta-feira";"07:00:00";"RS";290;103;"ELDORADO DO SUL";"Reação tardia ou ineficiente do condutor";"Colisão traseira";"Com Vítimas Feridas";"Pleno dia";"Decrescente";"Nevoeiro/Neblina";"Dupla";"Reta";"Não";3;0;1;0;2;0;1;3;-29,99017;-51,265766;"SPRF-RS";"DEL01-RS";"UOP01-DEL01-RS"
445284;2022-04-22;"sexta-feira";"08:00:00";"BA";101;167;"FEIRA DE SANTANA";"Avarias e/ou desgaste excessivo no pneu";"Tombamento";"Com Vítimas Feridas";"Pleno dia";"Decrescente";"Nublado";"Simples";"Reta";"Não";2;0;2;0;0;0;2;1;-12,35551436;-38,782478;"SPRF-BA";"DEL01-BA";"UOP03-DEL01-BA"
445285;2022-04-10;"domingo";"18:55:00";"SP";381;37;"ATIBAIA";"Reação tardia ou ineficiente do condutor";"Saída de leito carroçável";"Com Vítimas Feridas";"Plena Noite";"Crescente";"Céu Claro";"Dupla";"Reta";"Sim";3;0;1;0;2;0;1;1;-23,10506237;-46,56881577;"SPRF-SP";"DEL03-SP";"UOP01-DEL03-SP"
445286;2022-04-22;"sexta-feira";"07:50:00";"CE";116;18;"EUSEBIO";"Condutor deixou de manter distância do veículo da frente";"Colisão traseira";"Com Vítimas Feridas";"Pleno dia";"Decrescente";"Céu Claro";"Dupla";"Reta";"Não";3;0;2;0;1;0;2;2;-3,90496605;-38,50518756;"SPRF-CE";"DEL01-CE";"UOP02-DEL01-CE"
445287;2022-04-22;"sexta-feira";"07:45:00";"PR";476;132;"CURITIBA";"Condutor deixou de manter distância do veículo da frente";"Colisão traseira";"Com Vítimas Feridas";"Pleno dia";"Decrescente";"Chuva";"Múltipla";"Reta";"Sim";2;0;1;0;1;0;1;2;-25,460718;-49,250488;"SPRF-PR";"DEL01-PR";"UOP03-DEL01-PR"
445288;2022-04-22;"sexta-feira";"08:40:00";"ES";101;282,9;"CARIACICA";"Demais falhas mecânicas ou elétricas";"Queda de ocupante de veículo";"Com Vítimas Feridas";"Pleno dia";"Decrescente";"Céu Claro";"Múltipla";"Reta";"Não";2;0;2;0;0;0;2;1;-20,22694;-40,36458;"SPRF-ES";"DEL01-ES";"UOP01-DEL01-ES"
445290;2022-03-12;"sábado";"12:40:00";"AL";101;129;"SAO MIGUEL DOS CAMPOS";"Objeto estático sobre o leito carroçável";"Colisão com objeto";"Com Vítimas Feridas";"Pleno dia";"Crescente";"Céu Claro";"Simples";"Rotatória";"Não";1;0;1;0;0;0;1;1;-9,74963266;-36,06531248;"SPRF-AL";"DEL02-AL";"UOP01-DEL02-AL"
445291;2022-04-22;"sexta-feira";"07:35:00";"BA";324;620;"SALVADOR";"Chuva";"Colisão lateral mesmo sentido";"Sem Vítimas";"Pleno dia";"Crescente";"Chuva";"Dupla";"Reta";"Sim";6;0;0;0;6;0;0;2;-12,918531;-38,46471;"SPRF-BA";"DEL01-BA";"UOP01-DEL01-BA"
445292;2022-04-15;"sexta-feira";"08:20:00";"SC";280;148;"MAFRA";"Ultrapassagem Indevida";"Queda de ocupante de veículo";"Com Vítimas Feridas";"Pleno dia";"Decrescente";"Sol";"Simples";"Reta";"Não";3;0;2;0;0;1;2;2;-26,23725467;-49,68333006;"SPRF-SC";"DEL06-SC";"UOP03-DEL06-SC"
445294;2022-04-22;"sexta-feira";"09:15:00";"RJ";116;163,8;"RIO DE JANEIRO";"Frear bruscamente";"Tombamento";"Com Vítimas Feridas";"Pleno dia";"Crescente";"Céu Claro";"Dupla";"Reta";"Sim";1;0;1;0;0;0;1;1;-22,81442389;-43,32768787;"SPRF-RJ";"DEL01-RJ";"UOP01-DEL01-RJ"
445295;2022-04-22;"sexta-feira";"08:30:00";"RJ";116;103;"GUAPIMIRIM";"Problema com o freio";"Tombamento";"Com Vítimas Feridas";"Pleno dia";"Crescente";"Céu Claro";"Simples";"Reta";"Sim";1;0;1;0;0;0;1;1;-22,5031646;-42,99910415;"SPRF-RJ";"DEL04-RJ";"UOP01-DEL04-RJ"
445297;2022-04-22;"sexta-feira";"09:35:00";"PR";277;728,7;"FOZ DO IGUACU";"Trafegar com motocicleta (ou similar) entre as faixas";"Tombamento";"Com Vítimas Feridas";"Pleno dia";"Crescente";"Sol";"Dupla";"Reta";"Sim";2;0;2;0;0;0;2;1;-25,508393;-54,581276;"SPRF-PR";"DEL05-PR";"UOP03-DEL05-PR"
445298;2022-04-22;"sexta-feira";"06:31:00";"MT";70;277;"PRIMAVERA DO LESTE";"Ausência de reação do condutor";"Atropelamento de Pedestre";"Com Vítimas Fatais";"Amanhecer";"Decrescente";"Céu Claro";"Dupla";"Reta";"Sim";5;1;0;0;4;0;0;2;-15,55572064;-54,27085588;"SPRF-MT";"DEL05-MT";"UOP01-DEL05-MT"
445299;2022-04-22;"sexta-feira";"09:20:00";"ES";101;414,5;"ITAPEMIRIM";"Acessar a via sem observar a presença dos outros veículos";"Colisão transversal";"Com Vítimas Feridas";"Pleno dia";"Decrescente";"Céu Claro";"Simples";"Curva";"Não";3;0;2;0;1;0;2;2;-20,92345849;-41,07835562;"SPRF-ES";"DEL03-ES";"UOP02-DEL03-ES"
445300;2022-04-22;"sexta-feira";"09:00:00";"SC";163;66,8;"SAO MIGUEL DO OESTE";"Desrespeitar a preferência no cruzamento";"Colisão transversal";"Com Vítimas Feridas";"Pleno dia";"Decrescente";"Nublado";"Simples";"Rotatória;Interseção de Vias";"Sim";3;0;2;0;1;0;2;2;-26,76094852;-53,50060701;"SPRF-SC";"DEL07-SC";"UOP03-DEL07-SC"
445301;2022-04-22;"sexta-feira";"09:20:00";"BA";235;350;"JUAZEIRO";"Acumulo de areia ou detritos sobre o pavimento";"Queda de ocupante de veículo";"Com Vítimas Feridas";"Pleno dia";"Crescente";"Sol";"Simples";"Interseção de Vias";"Sim";2;0;1;0;1;0;1;1;-9,42503135;-40,50388907;"SPRF-PE";"DEL06-PE";"UOP01-DEL06-PE"
445302;2022-04-22;"sexta-feira";"08:16:00";"MG";381;676,1;"PERDOES";"Ausência de reação do condutor";"Colisão lateral mesmo sentido";"Com Vítimas Feridas";"Pleno dia";"Crescente";"Céu Claro";"Simples";"Declive;Interseção de Vias;Reta";"Sim";2;0;2;0;0;0;2;2;-21,12375684;-45,09790729;"SPRF-MG";"DEL04-MG";"UOP02-DEL04-MG"
445304;2022-04-18;"segunda-feira";"20:45:00";"GO";153;353,9;"JARAGUA";"Ausência de reação do condutor";"Colisão traseira";"Sem Vítimas";"Plena Noite";"Decrescente";"Céu Claro";"Simples";"Ponte";"Não";3;0;0;0;3;0;0;3;-15,71404548;-49,32994366;"SPRF-GO";"DEL02-GO";"UOP02-DEL02-GO"
445306;2022-04-22;"sexta-feira";"08:40:00";"PI";316;11,2;"TERESINA";"Desrespeitar a preferência no cruzamento";"Colisão transversal";"Com Vítimas Feridas";"Pleno dia";"Crescente";"Céu Claro";"Múltipla";"Rotatória";"Sim";3;0;0;2;1;0;2;2;-5,191739;-42,76076102;"SPRF-PI";"DEL01-PI";"UOP02-DEL01-PI"
445310;2022-04-22;"sexta-feira";"10:35:00";"RN";101;103;"PARNAMIRIM";"Condutor deixou de manter distância do veículo da frente";"Colisão traseira";"Com Vítimas Feridas";"Pleno dia";"Decrescente";"Céu Claro";"Simples";"Reta";"Sim";2;0;0;1;1;0;1;2;-5,89034022;-35,24894996;"SPRF-RN";"DEL01-RN";"UOP01-DEL01-RN"
445311;2022-02-17;"quinta-feira";"12:10:00";"PB";230;147,9;"CAMPINA GRANDE";"Ingestão de álcool pelo condutor";"Colisão com objeto";"Com Vítimas Feridas";"Pleno dia";"Crescente";"Chuva";"Dupla";"Rotatória";"Sim";1;0;1;0;0;0;1;1;-7,236673;-35,867995;"SPRF-PB";"DEL02-PB";"UOP01-DEL02-PB"
445312;2022-04-22;"sexta-feira";"11:05:00";"PB";230;27;"JOAO PESSOA";"Pista Escorregadia";"Colisão com objeto";"Com Vítimas Feridas";"Pleno dia";"Decrescente";"Céu Claro";"Simples";"Curva;Viaduto";"Não";2;0;2;0;0;0;2;1;-7,1677;-34,8855;"SPRF-PB";"DEL01-PB";"UOP01-DEL01-PB"
445313;2022-04-22;"sexta-feira";"11:20:00";"PR";376;162,7;"MARINGA";"Condutor deixou de manter distância do veículo da frente";"Colisão traseira";"Com Vítimas Feridas";"Pleno dia";"Decrescente";"Sol";"Dupla";"Reta";"Não";3;0;1;0;1;1;1;2;-23,3722056;-52,05665052;"SPRF-PR";"DEL09-PR";"UOP01-DEL09-PR"
445314;2022-04-22;"sexta-feira";"10:45:00";"CE";116;11;"FORTALEZA";"Acessar a via sem observar a presença dos outros veículos";"Colisão traseira";"Com Vítimas Feridas";"Pleno dia";"Decrescente";"Céu Claro";"Múltipla";"Curva";"Sim";2;0;1;0;1;0;1;2;-3,85201935;-38,49534273;"SPRF-CE";"DEL01-CE";"UOP02-DEL01-CE"
445315;2022-04-22;"sexta-feira";"10:35:00";"RJ";101;494;"ANGRA DOS REIS";"Acessar a via sem observar a presença dos outros veículos";"Colisão transversal";"Com Vítimas Feridas";"Pleno dia";"Crescente";"Céu Claro";"Simples";"Reta";"Sim";2;0;1;0;1;0;1;2;-22,93752781;-44,3185162;"SPRF-RJ";"DEL03-RJ";"UOP03-DEL03-RJ"
445317;2022-04-22;"sexta-feira";"11:13:00";"SP";116;153,3;"SAO JOSE DOS CAMPOS";"Trafegar com motocicleta (ou similar) entre as faixas";"Colisão lateral mesmo sentido";"Com Vítimas Feridas";"Pleno dia";"Decrescente";"Céu Claro";"Dupla";"Reta";"Sim";2;0;0;1;1;0;1;2;-23,23262274;-45,91372624;"SPRF-SP";"DEL02-SP";"UOP01-DEL02-SP"