"id";"data_inversa";"dia_semana";"horario";"uf";"br";"km";"municipio";"causa_acidente";"tipo_acidente";"classificacao_acidente";"fase_dia";"sentido_via";"condicao_metereologica";"tipo_pista";"tracado_via";"uso_solo";"pessoas";"mortos";"feridos_leves";"feridos_graves";"ilesos";"ignorados";"feridos";"veiculos";"latitude";"longitude";"regional";"delegacia";"uop"
445318;2022-04-22;"sexta-feira";"09:30:00";"PA";10;344;"SANTA MARIA DO PARA";"Acesso irregular";"Colisão transversal";"Com Vítimas Feridas";"Pleno dia";"Crescente";"Nublado";"Simples";"Reta";"Não";6;0;1;4;1;0;5;2;-1,43326088;-47,54676968;"SPRF-PA";"DEL01-PA";"UOP02-DEL01-PA"
445319;2022-03-14;"segunda-feira";"09:13:00";"SC";101;208,1;"SAO JOSE";"Manobra de mudança de faixa";"Colisão lateral mesmo sentido";"Com Vítimas Feridas";"Pleno dia";"Decrescente";"Nublado";"Múltipla";"Reta";"Sim";3;0;1;0;2;0;1;2;-27,60443485;-48,63285899;"SPRF-SC";"DEL01-SC";"UOP01-DEL01-SC"
445320;2022-04-15;"sexta-feira";"19:50:00";"BA";415;28;"ITABUNA";"Demais falhas na via";"Atropelamento de Pedestre";"Com Vítimas Fatais";"Plena Noite";"Decrescente";"Nublado";"Dupla";"Reta";"Não";2;1;0;0;1;0;0;2;-14,794703;-39,211387;"SPRF-BA";"DEL05-BA";"UOP01-DEL05-BA"
445321;2022-04-22;"sexta-feira";"11:14:00";"MT";70;733;"CACERES";"Transitar na contramão";"Colisão frontal";"Com Vítimas Feridas";"Pleno dia";"Decrescente";"Céu Claro";"Simples";"Reta";"Sim";2;0;0;1;1;0;1;2;-16,09068231;-57,68764732;"SPRF-MT";"DEL03-MT";"UOP01-DEL03-MT"
445322;2022-04-22;"sexta-feira";"12:20:00";"BA";367;70;"PORTO SEGURO";"Ultrapassagem Indevida";"Colisão lateral mesmo sentido";"Com Vítimas Feridas";"Pleno dia";"Decrescente";"Céu Claro";"Simples";"Reta";"Não";2;0;2;0;0;0;2;2;-16,394953;-39,462131;"SPRF-BA";"DEL09-BA";"UOP01-DEL09-BA"
445324;2022-04-22;"sexta-feira";"12:52:00";"RN";101;98;"NATAL";"Condutor usando celular";"Colisão transversal";"Com Vítimas Feridas";"Pleno dia";"Crescente";"Céu Claro";"Múltipla";"Reta";"Sim";2;0;1;0;1;0;1;2;-5,86567888;-35,21651625;"SPRF-RN";"DEL01-RN";"UOP01-DEL01-RN"
445326;2022-04-22;"sexta-feira";"13:00:00";"SC";101;140;"BALNEARIO CAMBORIU";"Reação tardia ou ineficiente do condutor";"Colisão lateral mesmo sentido";"Com Vítimas Feridas";"Pleno dia";"Decrescente";"Céu Claro";"Dupla";"Aclive";"Não";2;0;1;0;1;0;1;2;-27,03881189;-48,60025148;"SPRF-SC";"DEL04-SC";"UOP03-DEL04-SC"
445327;2022-04-22;"sexta-feira";"10:00:00";"PR";369;190;"ARAPONGAS";"Demais falhas mecânicas ou elétricas";"Tombamento";"Com Vítimas Feridas";"Pleno dia";"Decrescente";"Céu Claro";"Dupla";"Reta";"Não";2;0;2;0;0;0;2;1;-23,451606;-51,423239;"SPRF-PR";"DEL07-PR";"UOP02-DEL07-PR"
445330;2022-04-22;"sexta-feira";"11:15:00";"SP";116;106;"PINDAMONHANGABA";"Condutor deixou de manter distância do veículo da frente";"Colisão traseira";"Com Vítimas Feridas";"Pleno dia";"Decrescente";"Céu Claro";"Dupla";"Reta";"Não";3;0;1;0;2;0;1;2;-23,01250593;-45,52256005;"SPRF-SP";"DEL08-SP";"UOP01-DEL08-SP"
445331;2022-04-22;"sexta-feira";"13:30:00";"RN";101;106;"PARNAMIRIM";"Mal súbito do condutor";"Colisão traseira";"Com Vítimas Feridas";"Pleno dia";"Crescente";"Céu Claro";"Dupla";"Reta";"Sim";3;0;1;0;1;1;1;3;-5,91056401;-35,26130795;"SPRF-RN";"DEL01-RN";"UOP01-DEL01-RN"
445332;2022-04-22;"sexta-feira";"13:30:00";"MG";40;512;"RIBEIRAO DAS NEVES";"Frear bruscamente";"Colisão com objeto";"Com Vítimas Feridas";"Pleno dia";"Crescente";"Sol";"Dupla";"Reta";"Não";2;0;2;0;0;0;2;1;-19,78946999;-44,11290699;"SPRF-MG";"DEL01-MG";"UOP02-DEL01-MG"
445334;2022-04-22;"sexta-feira";"13:00:00";"ES";262;39,8;"DOMINGOS MARTINS";"Desrespeitar a preferência no cruzamento";"Colisão transversal";"Com Vítimas Feridas";"Pleno dia";"Decrescente";"Céu Claro";"Simples";"Interseção de Vias";"Sim";3;0;2;0;1;0;2;2;-20,38395807;-40,63664401;"SPRF-ES";"DEL01-ES";"UOP01-DEL01-ES"
445335;2022-04-22;"sexta-feira";"12:10:00";"SC";470;88;"ASCURRA";"Conversão proibida";"Colisão lateral mesmo sentido";"Com Vítimas Feridas";"Pleno dia";"Decrescente";"Nublado";"Simples";"Reta";"Não";2;0;0;1;1;0;1;2;-26,955355;-49,373169;"SPRF-SC";"DEL04-SC";"UOP01-DEL04-SC"
445337;2022-04-22;"sexta-feira";"14:30:00";"SC";101;153;"PORTO BELO";"Velocidade Incompatível";"Colisão com objeto";"Com Vítimas Feridas";"Pleno dia";"Crescente";"Nublado";"Múltipla";"Retorno Regulamentado";"Sim";1;0;0;1;0;0;1;1;-27,144717;-48,61063935;"SPRF-SC";"DEL04-SC";"UOP03-DEL04-SC"
445339;2022-04-22;"sexta-feira";"14:40:00";"SP";116;187;"SANTA ISABEL";"Condutor Dormindo";"Tombamento";"Com Vítimas Feridas";"Pleno dia";"Decrescente";"Céu Claro";"Dupla";"Reta";"Não";1;0;1;0;0;0;1;1;-23,35713072;-46,20737811;"SPRF-SP";"DEL01-SP";"UOP01-DEL01-SP"
445340;2022-04-22;"sexta-feira";"15:00:00";"MG";40;564;"NOVA LIMA";"Demais falhas mecânicas ou elétricas";"Incêndio";"Sem Vítimas";"Pleno dia";"Crescente";"Céu Claro";"Dupla";"Reta";"Não";1;0;0;0;1;0;0;1;-20,16086012;-43,96464349;"SPRF-MG";"DEL01-MG";"UOP02-DEL01-MG"
445341;2022-04-22;"sexta-feira";"15:00:00";"PB";230;153;"CAMPINA GRANDE";"Ingestão de álcool pelo condutor";"Colisão traseira";"Sem Vítimas";"Pleno dia";"Crescente";"Sol";"Simples";"Curva";"Não";2;0;0;0;2;0;0;2;-7,2763;-35,8887;"SPRF-PB";"DEL02-PB";"UOP01-DEL02-PB"
445342;2022-04-22;"sexta-feira";"14:14:00";"PB";104;130;"CAMPINA GRANDE";"Acessar a via sem observar a presença dos outros veículos";"Colisão lateral mesmo sentido";"Com Vítimas Feridas";"Pleno dia";"Crescente";"Céu Claro";"Simples";"Reta";"Não";3;0;1;1;1;0;2;2;-7,29013399;-35,89029705;"SPRF-PB";"DEL02-PB";"UOP03-DEL02-PB"
445343;2022-04-22;"sexta-feira";"13:50:00";"PR";272;547;"TERRA ROXA";"Manobra de mudança de faixa";"Colisão frontal";"Com Vítimas Fatais";"Pleno dia";"Crescente";"Céu Claro";"Simples";"Aclive";"Não";5;1;2;0;2;0;2;2;-24,07182626;-54,03261907;"SPRF-PR";"DEL06-PR";"UOP01-DEL06-PR"
445346;2022-04-22;"sexta-feira";"08:30:00";"MG";381;510;"IGARAPE";"Reação tardia ou ineficiente do condutor";"Tombamento";"Com Vítimas Feridas";"Pleno dia";"Decrescente";"Céu Claro";"Dupla";"Reta";"Sim";1;0;0;1;0;0;1;1;-20,07738209;-44,30434488;"SPRF-MG";"DEL01-MG";"UOP03-DEL01-MG"
445348;2022-04-22;"sexta-feira";"16:00:00";"PR";277;702,5;"SAO MIGUEL DO IGUACU";"Acumulo de água sobre o pavimento";"Capotamento";"Com Vítimas Feridas";"Pleno dia";"Crescente";"Chuva";"Dupla";"Reta";"Não";2;0;1;0;1;0;1;1;-25,41563081;-54,34484511;"SPRF-PR";"DEL05-PR";"UOP01-DEL05-PR"
445350;2022-04-22;"sexta-feira";"15:55:00";"RS";386;338;"LAJEADO";"Acessar a via sem observar a presença dos outros veículos";"Colisão transversal";"Com Vítimas Feridas";"Pleno dia";"Crescente";"Nublado";"Simples";"Reta";"Não";8;0;1;0;7;0;1;2;-29,40437315;-52,0360297;"SPRF-RS";"DEL04-RS";"UOP01-DEL04-RS"
445352;2022-04-22;"sexta-feira";"15:00:00";"PR";376;402;"TIBAGI";"Ausência de reação do condutor";"Capotamento";"Com Vítimas Feridas";"Pleno dia";"Decrescente";"Céu Claro";"Dupla";"Aclive;Curva";"Não";2;0;1;1;0;0;2;1;-24,5343185;-50,69452286;"SPRF-PR";"DEL03-PR";"UOP02-DEL03-PR"
445353;2022-04-22;"sexta-feira";"15:20:00";"PE";316;366;"PETROLANDIA";"Ingestão de álcool pelo condutor";"Colisão lateral mesmo sentido";"Com Vítimas Feridas";"Pleno dia";"Decrescente";"Sol";"Simples";"Reta";"Não";3;0;3;0;0;0;3;2;-8,97062593;-38,21759485;"SPRF-PE";"DEL04-PE";"UOP03-DEL04-PE"
445355;2022-04-22;"sexta-feira";"16:30:00";"PE";408;57,3;"NAZARE DA MATA";"Manobra de mudança de faixa";"Colisão lateral mesmo sentido";"Com Vítimas Feridas";"Pleno dia";"Crescente";"Sol";"Simples";"Reta";"Não";3;0;2;0;1;0;2;2;-7,791459;-35,244153;"SPRF-PE";"DEL01-PE";"UOP01-DEL01-PE"
445356;2022-04-22;"sexta-feira";"16:15:00";"PR";163;86;"CAPANEMA";"Chuva";"Saída de leito carroçável";"Com Vítimas Feridas";"Pleno dia";"Crescente";"Chuva";"Simples";"Curva";"Não";3;0;3;0;0;0;3;1;-25,716186;-53,77784798;"SPRF-PR";"DEL02-PR";"UOP02-DEL02-PR"
445358;2022-04-22;"sexta-feira";"15:14:00";"TO";153;772,8;"ALVORADA";"Reação tardia ou ineficiente do condutor";"Saída de leito carroçável";"Com Vítimas Feridas";"Pleno dia";"Decrescente";"Céu Claro";"Simples";"Reta";"Não";1;0;1;0;0;0;1;1;-12,57003684;-49,07919681;"SPRF-TO";"DEL01-TO";"UOP02-DEL01-TO"
445360;2022-04-22;"sexta-feira";"15:00:00";"MG";251;520,2;"MONTES CLAROS";"Condutor deixou de manter distância do veículo da frente";"Colisão traseira";"Com Vítimas Feridas";"Pleno dia";"Decrescente";"Sol";"Simples";"Reta";"Não";6;0;1;0;5;0;1;2;-16,66570005;-43,78533097;"SPRF-MG";"DEL12-MG";"UOP01-DEL12-MG"
445363;2022-04-22;"sexta-feira";"15:40:00";"MT";364;270,4;"JACIARA";"Conversão proibida";"Colisão transversal";"Com Vítimas Feridas";"Pleno dia";"Decrescente";"Céu Claro";"Simples";"Reta";"Sim";4;0;1;0;3;0;1;2;-15,9689785;-54,94463002;"SPRF-MT";"DEL02-MT";"UOP01-DEL02-MT"
445367;2022-04-22;"sexta-feira";"16:45:00";"BA";324;545;"AMELIA RODRIGUES";"Desrespeitar a preferência no cruzamento";"Colisão transversal";"Com Vítimas Feridas";"Pleno dia";"Crescente";"Nublado";"Dupla";"Reta";"Sim";2;0;0;1;1;0;1;2;-12,40647;-38,753143;"SPRF-BA";"DEL01-BA";"UOP03-DEL01-BA"
445370;2022-04-22;"sexta-feira";"17:00:00";"RJ";40;107;"DUQUE DE CAXIAS";"Avarias e/ou desgaste excessivo no pneu";"Queda de ocupante de veículo";"Com Vítimas Feridas";"Pleno dia";"Crescente";"Céu Claro";"Dupla";"Reta";"Sim";2;0;1;0;1;0;1;1;-22,65484368;-43,28380505;"SPRF-RJ";"DEL01-RJ";"UOP01-DEL01-RJ"
445371;2022-04-22;"sexta-feira";"12:40:00";"PB";104;97;"ESPERANCA";"Acessar a via sem observar a presença dos outros veículos";"Colisão transversal";"Com Vítimas Feridas";"Pleno dia";"Crescente";"Nublado";"Simples";"Curva";"Sim";3;0;1;1;0;1;2;2;-7,01994564;-35,85788662;"SPRF-PB";"DEL02-PB";"UOP04-DEL02-PB"
445372;2022-04-22;"sexta-feira";"17:12:00";"ES";482;105,2;"GUACUI";"Desrespeitar a preferência no cruzamento";"Colisão transversal";"Com Vítimas Feridas";"Anoitecer";"Crescente";"Céu Claro";"Simples";"Rotatória";"Sim";2;0;0;1;1;0;1;2;-20,777433;-41,66744;"SPRF-ES";"DEL03-ES";"UOP02-DEL03-ES"
445373;2022-04-22;"sexta-feira";"17:40:00";"SP";116;275;"EMBU DAS ARTES";"Demais falhas mecânicas ou elétricas";"Incêndio";"Sem Vítimas";"Anoitecer";"Decrescente";"Céu Claro";"Dupla";"Reta";"Não";1;0;0;0;1;0;0;1;-23,63638826;-46,83251584;"SPRF-SP";"DEL04-SP";"UOP01-DEL04-SP"
445375;2022-04-22;"sexta-feira";"15:20:00";"RO";364;424;"JARU";"Acessar a via sem observar a presença dos outros veículos";"Colisão lateral mesmo sentido";"Sem Vítimas";"Pleno dia";"Crescente";"Céu Claro";"Simples";"Reta;Interseção de Vias";"Sim";2;0;0;0;2;0;0;2;-10,44457274;-62,46568412;"SPRF-RO";"DEL03-RO";"UOP02-DEL03-RO"
445376;2022-04-22;"sexta-feira";"18:20:00";"DF";60;4,2;"BRASILIA";"Demais falhas na via";"Colisão transversal";"Com Vítimas Feridas";"Plena Noite";"Decrescente";"Céu Claro";"Dupla";"Retorno Regulamentado;Interseção de Vias";"Sim";2;0;0;1;1;0;1;2;-15,892721;-48,095741;"SPRF-DF";"DEL03-DF";"UOP01-DEL03-DF"
445377;2022-04-22;"sexta-feira";"18:30:00";"SP";116;271;"TABOAO DA SERRA";"Reação tardia ou ineficiente do condutor";"Tombamento";"Com Vítimas Feridas";"Plena Noite";"Decrescente";"Céu Claro";"Dupla";"Reta";"Sim";2;0;1;0;0;1;1;2;-23,61809286;-46,80556302;"SPRF-SP";"DEL04-SP";"UOP01-DEL04-SP"
445378;2022-04-22;"sexta-feira";"18:50:00";"MG";146;442,1;"CABO VERDE";"Acessar a via sem observar a presença dos outros veículos";"Colisão transversal";"Com Vítimas Feridas";"Plena Noite";"Crescente";"Céu Claro";"Simples";"Interseção de Vias;Reta";"Não";2;0;0;1;1;0;1;2;-21,466106;-46,40399;"SPRF-MG";"DEL09-MG";"UOP01-DEL09-MG"
445379;2022-04-22;"sexta-feira";"18:10:00";"MA";10;257;"IMPERATRIZ";"Ultrapassagem Indevida";"Colisão transversal";"Com Vítimas Feridas";"Anoitecer";"Decrescente";"Céu Claro";"Simples";"Reta";"Sim";2;0;0;1;1;0;1;2;-5,49662238;-47,47194529;"SPRF-MA";"DEL04-MA";"UOP01-DEL04-MA"
445381;2022-04-22;"sexta-feira";"16:30:00";"RJ";116;141,3;"DUQUE DE CAXIAS";"Reação tardia ou ineficiente do condutor";"Colisão com objeto";"Com Vítimas Feridas";"Pleno dia";"Decrescente";"Céu Claro";"Dupla";"Reta";"Sim";2;0;0;1;1;0;1;1;-22,64724486;-43,22083001;"SPRF-RJ";"DEL01-RJ";"UOP01-DEL01-RJ"
445382;2022-03-20;"domingo";"21:45:00";"PR";163;83,2;"PLANALTO";"Desrespeitar a preferência no cruzamento";"Colisão transversal";"Com Vítimas Feridas";"Plena Noite";"Crescente";"Céu Claro";"Simples";"Interseção de Vias";"Não";4;0;0;1;3;0;1;2;-25,71114625;-53,76811981;"SPRF-PR";"DEL02-PR";"UOP02-DEL02-PR"
445384;2022-04-22;"sexta-feira";"19:20:00";"PR";116;147;"MANDIRITUBA";"Ingestão de álcool pelo condutor";"Colisão com objeto";"Sem Vítimas";"Plena Noite";"Decrescente";"Nublado";"Simples";"Curva";"Sim";1;0;0;0;0;1;0;1;-25,86927064;-49,36824745;"SPRF-PR";"DEL01-PR";"UOP03-DEL01-PR"
445385;2022-04-22;"sexta-feira";"18:35:00";"RS";392;19,4;"RIO GRANDE";"Acessar a via sem observar a presença dos outros veículos";"Colisão transversal";"Com Vítimas Feridas";"Plena Noite";"Decrescente";"Nublado";"Dupla";"Reta";"Sim";3;0;3;0;0;0;3;2;-32,0879243;-52,18669807;"SPRF-RS";"DEL07-RS";"UOP02-DEL07-RS"
445386;2022-04-22;"sexta-feira";"18:30:00";"RS";290;126;"ELDORADO DO SUL";"Ultrapassagem Indevida";"Saída de leito carroçável";"Com Vítimas Feridas";"Plena Noite";"Decrescente";"Céu Claro";"Simples";"Reta";"Não";2;0;2;0;0;0;2;1;-30,055727;-51,46933;"SPRF-RS";"DEL02-RS";"UOP01-DEL02-RS"
445389;2022-04-22;"sexta-feira";"19:00:00";"RS";287;263,9;"SANTA MARIA";"Acumulo de água sobre o pavimento";"Saída de leito carroçável";"Com Vítimas Feridas";"Anoitecer";"Crescente";"Chuva";"Simples";"Reta;Aclive";"Não";1;0;1;0;0;0;1;1;-29,66708834;-54,07394603;"SPRF-RS";"DEL09-RS";"UOP01-DEL09-RS"
445390;2022-04-22;"sexta-feira";"19:20:00";"SP";101;43;"UBATUBA";"Condutor deixou de manter distância do veículo da frente";"Colisão traseira";"Sem Vítimas";"Plena Noite";"Decrescente";"Céu Claro";"Simples";"Reta";"Não";2;0;0;0;2;0;0;2;-23,41217537;-45,05739148;"SPRF-SP";"DEL06-SP";"UOP01-DEL06-SP"
445392;2022-04-22;"sexta-feira";"18:45:00";"RS";116;43;"VACARIA";"Ausência de reação do condutor";"Atropelamento de Pedestre";"Com Vítimas Fatais";"Plena Noite";"Decrescente";"Chuva";"Simples";"Reta";"Não";3;1;0;0;2;0;0;2;-28,53520735;-50,96223698;"SPRF-RS";"DEL05-RS";"UOP03-DEL05-RS"
445393;2022-04-22;"sexta-feira";"18:30:00";"BA";235;115;"JEREMOABO";"Pedestre andava na pista";"Atropelamento de Pedestre";"Com Vítimas Fatais";"Anoitecer";"Decrescente";"Céu Claro";"Simples";"Reta";"Não";2;1;0;0;0;1;0;2;-9,99918603;-38,61048108;"SPRF-BA";"DEL07-BA";"UOP01-DEL07-BA"
445394;2022-04-22;"sexta-feira";"18:25:00";"RJ";393;279;"BARRA DO PIRAI";"Acessar a via sem observar a presença dos outros veículos";"Colisão transversal";"Com Vítimas Feridas";"Plena Noite";"Crescente";"Nublado";"Simples";"Curva";"Sim";3;0;0;2;1;0;2;2;-22,47615736;-44,00889998;"SPRF-RJ";"DEL05-RJ";"UOP04-DEL05-RJ"
445395;2022-04-22;"sexta-feira";"18:30:00";"RS";392;123;"CANGUCU";"Acessar a via sem observar a presença dos outros veículos";"Colisão transversal";"Com Vítimas Feridas";"Plena Noite";"Decrescente";"Nublado";"Simples";"Reta;Interseção de Vias";"Não";7;0;2;0;5;0;2;2;-31,37916505;-52,71298806;"SPRF-RS";"DEL07-RS";"UOP01-DEL07-RS"
445396;2022-04-22;"sexta-feira";"17:55:00";"MS";163;256,9;"DOURADOS";"Ausência de reação do condutor";"Engavetamento";"Com Vítimas Feridas";"Plena Noite";"Decrescente";"Chuva";"Dupla";"Reta";"Sim";4;0;1;0;3;0;1;4;-22,25888398;-54,793819;"SPRF-MS";"DEL04-MS";"UOP01-DEL04-MS"
445397;2022-04-22;"sexta-feira";"08:30:00";"PR";376;432;"TIBAGI";"Velocidade Incompatível";"Saída de leito carroçável";"Sem Vítimas";"Pleno dia";"Crescente";"Céu Claro";"Dupla";"Curva";"Não";1;0;0;0;0;1;0;1;-24,80531402;-50,48850813;"SPRF-PR";"DEL03-PR";"UOP02-DEL03-PR"
445398;2022-04-22;"sexta-feira";"19:31:00";"SC";101;206;"SAO JOSE";"Manobra de mudança de faixa";"Queda de ocupante de veículo";"Com Vítimas Feridas";"Plena Noite";"Decrescente";"Ignorado";"Dupla";"Reta";"Sim";1;0;1;0;0;0;1;1;-27,59193546;-48,61824557;"SPRF-SC";"DEL01-SC";"UOP01-DEL01-SC"
445400;2022-04-22;"sexta-feira";"20:30:00";"MG";262;366,9;"JUATUBA";"Ausência de reação do condutor";"Tombamento";"Com Vítimas Feridas";"Plena Noite";"Decrescente";"Céu Claro";"Dupla";"Reta";"Sim";1;0;1;0;0;0;1;1;-19,974217;-44,261798;"SPRF-MG";"DEL01-MG";"UOP03-DEL01-MG"
445401;2022-04-22;"sexta-feira";"18:30:00";"PE";232;132;"CARUARU";"Afundamento ou ondulação no pavimento";"Queda de ocupante de veículo";"Com Vítimas Feridas";"Plena Noite";"Crescente";"Céu Claro";"Dupla";"Reta";"Sim";2;0;2;0;0;0;2;1;-8,3036244;-36,00710089;"SPRF-PE";"DEL02-PE";"UOP01-DEL02-PE"
445403;2022-04-22;"sexta-feira";"19:50:00";"GO";60;10;"SANTO ANTONIO DO DESCOBERTO";"Velocidade Incompatível";"Colisão traseira";"Com Vítimas Feridas";"Anoitecer";"Decrescente";"Céu Claro";"Dupla";"Curva";"Não";4;0;0;1;3;0;1;3;-16,11542014;-48,3134079;"SPRF-DF";"DEL03-DF";"UOP01-DEL03-DF"
445404;2022-04-22;"sexta-feira";"20:23:00";"MG";50;177,8;"UBERABA";"Frear bruscamente";"Saída de leito carroçável";"Com Vítimas Feridas";"Plena Noite";"Crescente";"Céu Claro";"Dupla";"Viaduto";"Sim";2;0;2;0;0;0;2;1;-19,77914852;-47,95047701;"SPRF-MG";"DEL13-MG";"UOP01-DEL13-MG"
445406;2022-04-22;"sexta-feira";"21:30:00";"PR";116;98;"SAO JOSE DOS PINHAIS";"Velocidade Incompatível";"Saída de leito carroçável";"Sem Vítimas";"Plena Noite";"Decrescente";"Chuva";"Dupla";"Curva";"Não";1;0;0;0;1;0;0;1;-25,51973222;-49,13431573;"SPRF-PR";"DEL01-PR";"UOP01-DEL01-PR"
445409;2022-04-22;"sexta-feira";"21:40:00";"RN";304;29;"MOSSORO";"Condutor deixou de manter distância do veículo da frente";"Colisão traseira";"Com Vítimas Feridas";"Plena Noite";"Crescente";"Chuva";"Simples";"Reta";"Não";2;0;1;0;1;0;1;2;-5,10820698;-37,33904209;"SPRF-RN";"DEL04-RN";"UOP02-DEL04-RN"
445410;2022-04-22;"sexta-feira";"21:10:00";"SP";116;211;"GUARULHOS";"Demais falhas mecânicas ou elétricas";"Tombamento";"Com Vítimas Feridas";"Plena Noite";"Decrescente";"Céu Claro";"Múltipla";"Reta";"Sim";2;0;2;0;0;0;2;1;-23,4324306;-46,4194352;"SPRF-SP";"DEL01-SP";"UOP01-DEL01-SP"
445412;2022-04-22;"sexta-feira";"21:20:00";"BA";116;23,4;"VITORIA DA CONQUISTA";"Transitar no acostamento";"Atropelamento de Pedestre";"Com Vítimas Feridas";"Plena Noite";"Decrescente";"Nublado";"Simples";"Reta";"Não";2;0;0;1;0;1;1;2;-14,871;-40,799;"SPRF-BA";"DEL08-BA";"UOP01-DEL08-BA"
445414;2022-04-22;"sexta-feira";"20:50:00";"RS";386;141,8;"SARANDI";"Chuva";"Tombamento";"Com Vítimas Feridas";"Plena Noite";"Decrescente";"Chuva";"Simples";"Reta";"Não";1;0;1;0;0;0;1;1;-28,008314;-52,889538;"SPRF-RS";"DEL08-RS";"UOP01-DEL08-RS"
445415;2022-04-22;"sexta-feira";"17:05:00";"RO";319;62;"PORTO VELHO";"Ausência de reação do condutor";"Tombamento";"Com Vítimas Feridas";"Pleno dia";"Decrescente";"Nublado";"Dupla";"Reta";"Sim";1;0;0;1;0;0;1;1;-8,766685;-63,884052;"SPRF-RO";"DEL01-RO";"UOP01-DEL01-RO"
445417;2022-04-12;"terça-feira";"09:40:00";"PR";277;0;"PARANAGUA";"Acumulo de areia ou detritos sobre o pavimento";"Colisão com objeto";"Com Vítimas Fatais";"Pleno dia";"Decrescente";"Chuva";"Simples";"Ponte";"Sim";1;1;0;0;0;0;0;1;-25,52076252;-48,54499519;"SPRF-PR";"DEL01-PR";"UOP05-DEL01-PR"
445421;2022-04-22;"sexta-feira";"20:50:00";"MT";163;829,5;"SINOP";"Iluminação deficiente";"Atropelamento de Pedestre";"Com Vítimas Feridas";"Plena Noite";"Crescente";"Céu Claro";"Simples";"Reta";"Sim";2;0;2;0;0;0;2;2;-12,040704;-55,51732275;"SPRF-MT";"DEL06-MT";"UOP01-DEL06-MT"
445424;2022-04-22;"sexta-feira";"20:24:00";"MG";381;908,1;"CAMANDUCAIA";"Acumulo de óleo sobre o pavimento";"Queda de ocupante de veículo";"Com Vítimas Feridas";"Plena Noite";"Decrescente";"Céu Claro";"Dupla";"Curva";"Não";3;0;2;0;0;1;2;2;-22,71744092;-46,12652111;"SPRF-MG";"DEL16-MG";"UOP03-DEL16-MG"
445425;2022-04-22;"sexta-feira";"20:50:00";"MG";116;413;"GOVERNADOR VALADARES";"Acessar a via sem observar a presença dos outros veículos";"Colisão transversal";"Com Vítimas Feridas";"Plena Noite";"Crescente";"Céu Claro";"Simples";"Interseção de Vias";"Não";3;0;1;1;1;0;2;2;-18,873907;-41,966366;"SPRF-MG";"DEL06-MG";"UOP01-DEL06-MG"
445426;2022-04-22;"sexta-feira";"21:45:00";"MG";116;759;"LEOPOLDINA";"Ingestão de álcool pelo condutor";"Colisão traseira";"Sem Vítimas";"Plena Noite";"Decrescente";"Céu Claro";"Simples";"Reta";"Não";4;0;0;0;4;0;0;2;-21,50589297;-42,60923908;"SPRF-MG";"DEL07-MG";"UOP01-DEL07-MG"
445427;2022-04-22;"sexta-feira";"23:10:00";"PR";476;142;"CURITIBA";"Manobra de mudança de faixa";"Colisão lateral mesmo sentido";"Com Vítimas Feridas";"Plena Noite";"Decrescente";"Garoa/Chuvisco";"Dupla";"Reta";"Sim";4;0;1;1;2;0;2;2;-25,537161;-49,301632;"SPRF-PR";"DEL01-PR";"UOP03-DEL01-PR"
445431;2022-04-22;"sexta-feira";"23:15:00";"RS";116;519,1;"PELOTAS";"Ausência de reação do condutor";"Saída de leito carroçável";"Com Vítimas Feridas";"Plena Noite";"Crescente";"Chuva";"Dupla";"Interseção de Vias";"Sim";1;0;1;0;0;0;1;1;-31,69369368;-52,35458934;"SPRF-RS";"DEL07-RS";"UOP01-DEL07-RS"
445432;2022-04-10;"domingo";"21:50:00";"ES";101;32;"CONCEICAO DA BARRA";"Ingestão de álcool pelo condutor";"Colisão traseira";"Com Vítimas Feridas";"Plena Noite";"Crescente";"Céu Claro";"Simples";"Aclive";"Não";7;0;2;0;5;0;2;2;-18,42549901;-39,93487006;"SPRF-ES";"DEL04-ES";"UOP02-DEL04-ES"
445433;2022-04-23;"sábado";"00:45:00";"MG";153;209,8;"FRUTAL";"Ausência de sinalização";"Colisão com objeto";"Com Vítimas Feridas";"Plena Noite";"Crescente";"Céu Claro";"Simples";"Interseção de Vias";"Não";5;0;1;0;4;0;1;1;-20,01990405;-49,04776091;"SPRF-MG";"DEL13-MG";"UOP02-DEL13-MG"
445434;2022-04-23;"sábado";"00:35:00";"ES";101;347;"GUARAPARI";"Transitar no acostamento";"Tombamento";"Com Vítimas Feridas";"Plena Noite";"Crescente";"Céu Claro";"Simples";"Reta";"Não";1;0;0;1;0;0;1;1;-20,65365634;-40,62631414;"SPRF-ES";"DEL03-ES";"UOP01-DEL03-ES"
445436;2022-04-23;"sábado";"01:05:00";"PE";101;64;"RECIFE";"Condutor Dormindo";"Saída de leito carroçável";"Com Vítimas Feridas";"Plena Noite";"Crescente";"Chuva";"Dupla";"Reta";"Sim";1;0;1;0;0;0;1;1;-8,0162921;-34,94045886;"SPRF-PE";"DEL01-PE";"UOP01-DEL01-PE"
445438;2022-04-22;"sexta-feira";"23:15:00";"AC";364;122;"RIO BRANCO";"Reação tardia ou ineficiente do condutor";"Colisão frontal";"Com Vítimas Feridas";"Plena Noite";"Crescente";"Céu Claro";"Dupla";"Reta";"Não";2;0;1;1;0;0;2;2;-10,01188291;-67,773345;"SPRF-AC";"DEL01-AC";"UOP01-DEL01-AC"
445440;2022-04-23;"sábado";"01:00:00";"SP";116;279;"EMBU DAS ARTES";"Reação tardia ou ineficiente do condutor";"Colisão com objeto";"Com Vítimas Fatais";"Plena Noite";"Decrescente";"Céu Claro";"Dupla";"Reta;Declive";"Sim";1;1;0;0;0;0;0;1;-23,64479939;-46,84033871;"SPRF-SP";"DEL04-SP";"UOP01-DEL04-SP"