"id";"data_inversa";"dia_semana";"horario";"uf";"br";"km";"municipio";"causa_acidente";"tipo_acidente";"classificacao_acidente";"fase_dia";"sentido_via";"condicao_metereologica";"tipo_pista";"tracado_via";"uso_solo";"pessoas";"mortos";"feridos_leves";"feridos_graves";"ilesos";"ignorados";"feridos";"veiculos";"latitude";"longitude";"regional";"delegacia";"uop"
445443;2022-04-23;"sábado";"02:00:00";"PR";376;178;"MARINGA";"Reação tardia ou ineficiente do condutor";"Tombamento";"Com Vítimas Feridas";"Plena Noite";"Crescente";"Nublado";"Dupla";"Reta";"Sim";1;0;1;0;0;0;1;1;-23,4192146;-51,91293985;"SPRF-PR";"DEL09-PR";"UOP01-DEL09-PR"
445444;2022-04-23;"sábado";"00:35:00";"PR";277;726,5;"FOZ DO IGUACU";"Reação tardia ou ineficiente do condutor";"Saída de leito carroçável";"Sem Vítimas";"Plena Noite";"Decrescente";"Chuva";"Dupla";"Curva";"Sim";1;0;0;0;0;1;0;1;-25,510686;-54,5587492;"SPRF-PR";"DEL05-PR";"UOP03-DEL05-PR"
445445;2022-04-23;"sábado";"02:25:00";"PR";376;179,1;"MARINGA";"Transitar na contramão";"Colisão com objeto";"Com Vítimas Feridas";"Plena Noite";"Decrescente";"Céu Claro";"Dupla";"Reta";"Sim";1;0;0;1;0;0;1;1;-23,41595855;-51,92226484;"SPRF-PR";"DEL09-PR";"UOP01-DEL09-PR"
445446;2022-04-23;"sábado";"02:05:00";"PR";116;128;"FAZENDA RIO GRANDE";"Reação tardia ou ineficiente do condutor";"Saída de leito carroçável";"Sem Vítimas";"Plena Noite";"Crescente";"Chuva";"Múltipla";"Reta";"Sim";1;0;0;0;1;0;0;1;-25,66101689;-49,31317546;"SPRF-PR";"DEL01-PR";"UOP03-DEL01-PR"
445448;2022-04-23;"sábado";"02:00:00";"CE";116;6;"FORTALEZA";"Ausência de reação do condutor";"Colisão traseira";"Com Vítimas Fatais";"Plena Noite";"Decrescente";"Chuva";"Múltipla";"Reta";"Sim";2;1;0;0;1;0;0;2;-3,802624;-38,50400499;"SPRF-CE";"DEL01-CE";"UOP02-DEL01-CE"
445452;2022-04-23;"sábado";"03:45:00";"SC";101;36,3;"AGUAS MORNAS";"Reação tardia ou ineficiente do condutor";"Saída de leito carroçável";"Com Vítimas Feridas";"Plena Noite";"Crescente";"Garoa/Chuvisco";"Simples";"Aclive;Curva";"Não";1;0;1;0;0;0;1;1;-27,70264098;-48,82682593;"SPRF-SC";"DEL03-SC";"UOP01-DEL03-SC"
445453;2022-04-23;"sábado";"03:25:00";"RS";290;2,6;"OSORIO";"Ingestão de álcool pelo condutor";"Colisão traseira";"Com Vítimas Feridas";"Plena Noite";"Crescente";"Nublado";"Múltipla";"Reta";"Não";3;0;3;0;0;0;3;2;-29,897474;-50,295113;"SPRF-RS";"DEL03-RS";"UOP01-DEL03-RS"
445454;2022-04-22;"sexta-feira";"20:00:00";"RO";364;836;"PORTO VELHO";"Acessar a via sem observar a presença dos outros veículos";"Colisão lateral sentido oposto";"Sem Vítimas";"Plena Noite";"Crescente";"Céu Claro";"Simples";"Reta";"Não";2;0;0;0;2;0;0;2;-9,37660093;-64,67704616;"SPRF-RO";"DEL01-RO";"UOP02-DEL01-RO"
445455;2022-04-23;"sábado";"03:00:00";"PR";277;3;"PARANAGUA";"Obstrução na via";"Colisão com objeto";"Com Vítimas Feridas";"Plena Noite";"Crescente";"Chuva";"Simples";"Curva";"Sim";1;0;0;1;0;0;1;1;-25,53827888;-48,55769277;"SPRF-PR";"DEL01-PR";"UOP05-DEL01-PR"
445456;2022-04-22;"sexta-feira";"22:00:00";"BA";407;71;"JAGUARARI";"Ingestão de álcool ou de substâncias psicoativas pelo pedestre";"Atropelamento de Pedestre";"Com Vítimas Fatais";"Plena Noite";"Decrescente";"Céu Claro";"Simples";"Reta";"Não";3;1;0;0;2;0;0;2;-9,98271968;-40,24187901;"SPRF-BA";"DEL04-BA";"UOP01-DEL04-BA"
445457;2022-04-23;"sábado";"03:55:00";"PR";116;42;"CAMPINA GRANDE DO SUL";"Ausência de reação do condutor";"Colisão com objeto";"Com Vítimas Feridas";"Plena Noite";"Crescente";"Chuva";"Dupla";"Curva";"Não";2;0;1;0;1;0;1;1;-25,17611697;-48,874256;"SPRF-PR";"DEL01-PR";"UOP02-DEL01-PR"
445458;2022-04-23;"sábado";"04:35:00";"RS";158;320,5;"SANTA MARIA";"Ingestão de álcool pelo condutor";"Saída de leito carroçável";"Sem Vítimas";"Plena Noite";"Decrescente";"Nublado";"Múltipla";"Aclive;Reta";"Não";1;0;0;0;1;0;0;1;-29,67622787;-53,77821433;"SPRF-RS";"DEL09-RS";"UOP01-DEL09-RS"
445460;2022-04-23;"sábado";"04:25:00";"PR";469;13,5;"FOZ DO IGUACU";"Ingestão de álcool pelo condutor";"Saída de leito carroçável";"Sem Vítimas";"Plena Noite";"Decrescente";"Nublado";"Simples";"Interseção de Vias;Reta";"Sim";6;0;0;0;6;0;0;3;-25,5754;-54,5489;"SPRF-PR";"DEL05-PR";"UOP04-DEL05-PR"
445462;2022-04-23;"sábado";"03:00:00";"PE";232;7;"RECIFE";"Objeto estático sobre o leito carroçável";"Colisão com objeto";"Sem Vítimas";"Plena Noite";"Crescente";"Chuva";"Dupla";"Reta";"Não";1;0;0;0;1;0;0;1;-8,07333497;-34,96184301;"SPRF-PE";"DEL01-PE";"UOP01-DEL01-PE"
445463;2022-04-23;"sábado";"04:30:00";"SC";116;167,4;"PONTE ALTA DO NORTE";"Ingestão de álcool pelo condutor";"Saída de leito carroçável";"Sem Vítimas";"Plena Noite";"Decrescente";"Nublado";"Simples";"Reta";"Sim";1;0;0;0;1;0;0;1;-27,16859697;-50,46434991;"SPRF-SC";"DEL05-SC";"UOP03-DEL05-SC"
445464;2022-04-23;"sábado";"04:15:00";"SC";101;275,8;"IMBITUBA";"Reação tardia ou ineficiente do condutor";"Colisão com objeto";"Sem Vítimas";"Plena Noite";"Decrescente";"Nublado";"Dupla";"Curva;Aclive";"Não";2;0;0;0;0;2;0;1;-28,15384903;-48,69237553;"SPRF-SC";"DEL02-SC";"UOP03-DEL02-SC"
445466;2022-04-23;"sábado";"05:40:00";"RJ";116;131;"MAGE";"Ausência de reação do condutor";"Capotamento";"Com Vítimas Feridas";"Pleno dia";"Crescente";"Céu Claro";"Dupla";"Reta";"Não";1;0;1;0;0;0;1;1;-22,65608024;-43,12511494;"SPRF-RJ";"DEL04-RJ";"UOP02-DEL04-RJ"
445468;2022-04-23;"sábado";"05:20:00";"MS";163;663;"RIO VERDE DE MATO GROSSO";"Condutor Dormindo";"Colisão traseira";"Com Vítimas Feridas";"Amanhecer";"Decrescente";"Ignorado";"Simples";"Aclive";"Não";1;0;1;0;0;0;1;1;-19,05900201;-54,79848701;"SPRF-MS";"DEL06-MS";"UOP02-DEL06-MS"
445469;2022-04-23;"sábado";"06:00:00";"SE";235;28,6;"AREIA BRANCA";"Velocidade Incompatível";"Colisão frontal";"Com Vítimas Feridas";"Pleno dia";"Crescente";"Chuva";"Simples";"Curva;Declive";"Não";5;0;1;3;0;1;4;2;-10,79339;-37,278835;"SPRF-SE";"DEL01-SE";"UOP02-DEL01-SE"
445471;2022-04-23;"sábado";"05:55:00";"PR";116;116;"CURITIBA";"Ausência de reação do condutor";"Colisão com objeto";"Com Vítimas Feridas";"Amanhecer";"Decrescente";"Chuva";"Múltipla";"Curva;Aclive";"Sim";1;0;1;0;0;0;1;1;-25,5588782;-49,3066299;"SPRF-PR";"DEL01-PR";"UOP03-DEL01-PR"
445473;2022-04-23;"sábado";"06:15:00";"RS";287;398,4;"SANTIAGO";"Pedestre andava na pista";"Atropelamento de Pedestre";"Com Vítimas Feridas";"Amanhecer";"Decrescente";"Céu Claro";"Simples";"Reta";"Sim";2;0;0;1;0;1;1;2;-29,17167156;-54,85781085;"SPRF-RS";"DEL12-RS";"UOP02-DEL12-RS"
445474;2022-04-21;"quinta-feira";"17:00:00";"PI";235;435;"SANTA FILOMENA";"Reação tardia ou ineficiente do condutor";"Colisão traseira";"Com Vítimas Feridas";"Pleno dia";"Decrescente";"Céu Claro";"Simples";"Reta";"Sim";2;0;2;0;0;0;2;2;-9,123938;-45,925278;"SPRF-PI";"DEL03-PI";"UOP02-DEL03-PI"
445477;2022-04-23;"sábado";"05:08:00";"SC";101;125;"ITAJAI";"Velocidade Incompatível";"Colisão com objeto";"Sem Vítimas";"Amanhecer";"Crescente";"Chuva";"Dupla";"Reta";"Sim";1;0;0;0;0;1;0;1;-26,94802427;-48,68338515;"SPRF-SC";"DEL04-SC";"UOP04-DEL04-SC"
445478;2022-04-23;"sábado";"07:00:00";"SP";116;329;"JUQUITIBA";"Condutor Dormindo";"Saída de leito carroçável";"Com Vítimas Feridas";"Pleno dia";"Decrescente";"Céu Claro";"Dupla";"Reta";"Não";3;0;2;1;0;0;3;1;-23,93981788;-47,08868406;"SPRF-SP";"DEL04-SP";"UOP01-DEL04-SP"
445479;2022-02-10;"quinta-feira";"11:00:00";"PB";104;97;"ESPERANCA";"Ausência de reação do condutor";"Queda de ocupante de veículo";"Com Vítimas Feridas";"Pleno dia";"Crescente";"Céu Claro";"Simples";"Reta";"Sim";1;0;1;0;0;0;1;1;-7,01994564;-35,85788662;"SPRF-PB";"DEL02-PB";"UOP04-DEL02-PB"
445485;2022-04-23;"sábado";"06:00:00";"SC";101;211,4;"PALHOCA";"Ausência de sinalização";"Colisão traseira";"Com Vítimas Feridas";"Amanhecer";"Crescente";"Chuva";"Múltipla";"Reta";"Sim";2;0;1;0;1;0;1;2;-27,62329313;-48,65245588;"SPRF-SC";"DEL01-SC";"UOP02-DEL01-SC"
445486;2022-04-23;"sábado";"06:00:00";"MG";262;659;"IBIA";"Condutor Dormindo";"Saída de leito carroçável";"Sem Vítimas";"Amanhecer";"Decrescente";"Ignorado";"Simples";"Curva";"Não";1;0;0;0;0;1;0;1;-19,5797026;-46,70894892;"SPRF-MG";"DEL08-MG";"UOP01-DEL08-MG"
445487;2022-04-23;"sábado";"06:00:00";"RJ";101;415;"MANGARATIBA";"Velocidade Incompatível";"Saída de leito carroçável";"Sem Vítimas";"Pleno dia";"Decrescente";"Céu Claro";"Dupla";"Reta";"Não";1;0;0;0;0;1;0;1;-22,90433243;-43,88181398;"SPRF-RJ";"DEL03-RJ";"UOP01-DEL03-RJ"
445488;2022-04-23;"sábado";"08:40:00";"ES";101;281,2;"SERRA";"Avarias e/ou desgaste excessivo no pneu";"Queda de ocupante de veículo";"Com Vítimas Feridas";"Pleno dia";"Crescente";"Céu Claro";"Dupla";"Reta";"Não";2;0;2;0;0;0;2;1;-20,22112792;-40,35720552;"SPRF-ES";"DEL02-ES";"UOP01-DEL02-ES"
445489;2022-04-23;"sábado";"08:00:00";"PR";116;116;"CURITIBA";"Pista Escorregadia";"Queda de ocupante de veículo";"Com Vítimas Feridas";"Pleno dia";"Crescente";"Garoa/Chuvisco";"Múltipla";"Reta;Interseção de Vias";"Sim";1;0;1;0;0;0;1;1;-25,5567629;-49,30598617;"SPRF-PR";"DEL01-PR";"UOP03-DEL01-PR"
445490;2022-04-23;"sábado";"08:30:00";"PR";116;120;"CURITIBA";"Ausência de reação do condutor";"Colisão traseira";"Sem Vítimas";"Pleno dia";"Crescente";"Céu Claro";"Dupla";"Reta;Aclive";"Sim";3;0;0;0;3;0;0;2;-25,58604026;-49,31434577;"SPRF-PR";"DEL01-PR";"UOP03-DEL01-PR"
445493;2022-04-23;"sábado";"09:05:00";"SP";116;146,1;"SAO JOSE DOS CAMPOS";"Reação tardia ou ineficiente do condutor";"Queda de ocupante de veículo";"Com Vítimas Feridas";"Pleno dia";"Crescente";"Sol";"Dupla";"Reta";"Sim";2;0;2;0;0;0;2;1;-23,19122919;-45,86327591;"SPRF-SP";"DEL02-SP";"UOP01-DEL02-SP"
445494;2022-04-23;"sábado";"06:55:00";"RN";304;74;"MOSSORO";"Pedestre andava na pista";"Saída de leito carroçável";"Com Vítimas Feridas";"Pleno dia";"Crescente";"Nublado";"Simples";"Reta";"Não";2;0;1;0;1;0;1;1;-5,43028812;-37,20332515;"SPRF-RN";"DEL04-RN";"UOP01-DEL04-RN"
445495;2022-04-23;"sábado";"08:40:00";"SC";101;3;"GARUVA";"Velocidade Incompatível";"Colisão com objeto";"Com Vítimas Feridas";"Pleno dia";"Decrescente";"Nublado";"Dupla";"Curva";"Não";2;0;1;0;1;0;1;1;-26,00380807;-48,87233005;"SPRF-SC";"DEL03-SC";"UOP01-DEL03-SC"
445496;2022-04-23;"sábado";"07:20:00";"RS";285;328,9;"CARAZINHO";"Velocidade Incompatível";"Saída de leito carroçável";"Com Vítimas Feridas";"Pleno dia";"Crescente";"Céu Claro";"Simples";"Viaduto";"Não";1;0;1;0;0;0;1;1;-28,279453;-52,696926;"SPRF-RS";"DEL08-RS";"UOP03-DEL08-RS"
445497;2022-04-23;"sábado";"08:25:00";"RN";304;284;"MACAIBA";"Acessar a via sem observar a presença dos outros veículos";"Colisão transversal";"Com Vítimas Feridas";"Pleno dia";"Decrescente";"Céu Claro";"Simples";"Reta";"Não";3;0;1;1;1;0;2;2;-5,87912197;-35,45510001;"SPRF-RN";"DEL01-RN";"UOP02-DEL01-RN"
445498;2022-04-23;"sábado";"08:20:00";"ES";101;216,2;"IBIRACU";"Obstrução na via";"Colisão traseira";"Com Vítimas Feridas";"Pleno dia";"Decrescente";"Céu Claro";"Dupla";"Curva";"Não";3;0;0;2;0;1;2;2;-19,83935411;-40,3835169;"SPRF-ES";"DEL02-ES";"UOP01-DEL02-ES"
445499;2022-04-23;"sábado";"06:45:00";"PR";376;106;"PARANAVAI";"Frear bruscamente";"Saída de leito carroçável";"Com Vítimas Feridas";"Amanhecer";"Decrescente";"Garoa/Chuvisco";"Dupla";"Reta";"Sim";2;0;1;0;1;0;1;1;-23,06315623;-52,43184719;"SPRF-PR";"DEL09-PR";"UOP02-DEL09-PR"
445500;2022-02-26;"sábado";"09:20:00";"ES";101;414;"ITAPEMIRIM";"Reação tardia ou ineficiente do condutor";"Colisão traseira";"Com Vítimas Feridas";"Pleno dia";"Crescente";"Céu Claro";"Simples";"Reta";"Não";3;0;1;0;2;0;1;2;-20,92345849;-41,07835562;"SPRF-ES";"DEL03-ES";"UOP02-DEL03-ES"
445501;2022-04-23;"sábado";"09:20:00";"DF";70;15,8;"BRASILIA";"Ausência de reação do condutor";"Tombamento";"Com Vítimas Feridas";"Pleno dia";"Crescente";"Céu Claro";"Dupla";"Rotatória";"Não";1;0;1;0;0;0;1;1;-15,79900527;-48,18235517;"SPRF-DF";"DEL03-DF";"UOP02-DEL03-DF"
445504;2022-04-23;"sábado";"09:40:00";"PR";116;6,9;"CAMPINA GRANDE DO SUL";"Velocidade Incompatível";"Saída de leito carroçável";"Sem Vítimas";"Pleno dia";"Crescente";"Céu Claro";"Dupla";"Curva";"Não";1;0;0;0;1;0;0;1;-25,08710459;-48,60776389;"SPRF-PR";"DEL01-PR";"UOP02-DEL01-PR"
445505;2022-04-22;"sexta-feira";"23:00:00";"GO";153;401;"PIRENOPOLIS";"Ausência de reação do condutor";"Saída de leito carroçável";"Sem Vítimas";"Plena Noite";"Crescente";"Céu Claro";"Simples";"Interseção de Vias";"Não";1;0;0;0;0;1;0;1;-16,04861799;-49,07489777;"SPRF-GO";"DEL02-GO";"UOP02-DEL02-GO"
445506;2022-04-23;"sábado";"09:00:00";"RS";386;229;"SOLEDADE";"Acessar a via sem observar a presença dos outros veículos";"Colisão transversal";"Sem Vítimas";"Pleno dia";"Crescente";"Céu Claro";"Simples";"Reta";"Não";5;0;0;0;5;0;0;2;-28,68824;-52,586773;"SPRF-RS";"DEL04-RS";"UOP03-DEL04-RS"
445507;2022-04-23;"sábado";"08:20:00";"MG";381;296;"ANTONIO DIAS";"Condutor deixou de manter distância do veículo da frente";"Tombamento";"Com Vítimas Feridas";"Pleno dia";"Decrescente";"Céu Claro";"Simples";"Declive;Em Obras";"Não";1;0;0;1;0;0;1;1;-19,62698434;-42,8708198;"SPRF-MG";"DEL03-MG";"UOP02-DEL03-MG"
445508;2022-04-23;"sábado";"07:20:00";"SC";101;205,4;"SAO JOSE";"Velocidade Incompatível";"Tombamento";"Com Vítimas Feridas";"Pleno dia";"Crescente";"Garoa/Chuvisco";"Múltipla";"Declive;Curva";"Sim";1;0;1;0;0;0;1;1;-27,58689589;-48,6167872;"SPRF-SC";"DEL01-SC";"UOP01-DEL01-SC"
445510;2022-04-23;"sábado";"10:18:00";"CE";116;22;"ITAITINGA";"Frear bruscamente";"Queda de ocupante de veículo";"Com Vítimas Feridas";"Pleno dia";"Crescente";"Chuva";"Dupla";"Reta";"Não";2;0;2;0;0;0;2;1;-3,94070798;-38,50918633;"SPRF-CE";"DEL01-CE";"UOP02-DEL01-CE"
445511;2022-04-23;"sábado";"10:30:00";"GO";153;93;"SANTA TEREZA DE GOIAS";"Reação tardia ou ineficiente do condutor";"Saída de leito carroçável";"Com Vítimas Feridas";"Pleno dia";"Crescente";"Nublado";"Simples";"Declive";"Não";2;0;2;0;0;0;2;1;-13,596112;-49,041809;"SPRF-GO";"DEL07-GO";"UOP01-DEL07-GO"
445512;2022-04-23;"sábado";"09:10:00";"MG";40;522,1;"CONTAGEM";"Reação tardia ou ineficiente do condutor";"Capotamento";"Com Vítimas Feridas";"Pleno dia";"Decrescente";"Sol";"Dupla";"Aclive;Reta";"Não";1;0;1;0;0;0;1;1;-19,8638731;-44,06749809;"SPRF-MG";"DEL01-MG";"UOP02-DEL01-MG"
445513;2022-04-23;"sábado";"07:40:00";"RS";470;179;"VERANOPOLIS";"Acessar a via sem observar a presença dos outros veículos";"Colisão transversal";"Com Vítimas Feridas";"Pleno dia";"Decrescente";"Nublado";"Simples";"Reta";"Sim";2;0;2;0;0;0;2;2;-28,94090593;-51,54809833;"SPRF-RS";"DEL06-RS";"UOP02-DEL06-RS"
445514;2022-02-10;"quinta-feira";"21:40:00";"BA";101;361,9;"GANDU";"Ausência de reação do condutor";"Saída de leito carroçável";"Com Vítimas Fatais";"Plena Noite";"Decrescente";"Nublado";"Simples";"Curva";"Não";1;1;0;0;0;0;0;1;-13,85004503;-39,49736204;"SPRF-BA";"DEL05-BA";"UOP03-DEL05-BA"
445515;2022-04-23;"sábado";"10:35:00";"RS";158;308,8;"ITAARA";"Ausência de reação do condutor";"Queda de ocupante de veículo";"Com Vítimas Feridas";"Pleno dia";"Decrescente";"Céu Claro";"Simples";"Reta";"Não";1;0;1;0;0;0;1;1;-29,60120402;-53,76708984;"SPRF-RS";"DEL09-RS";"UOP01-DEL09-RS"
445516;2022-04-23;"sábado";"10:45:00";"MG";267;66,1;"BICAS";"Acessar a via sem observar a presença dos outros veículos";"Colisão transversal";"Com Vítimas Fatais";"Pleno dia";"Crescente";"Céu Claro";"Simples";"Curva";"Não";2;1;0;0;1;0;0;2;-21,73865707;-43,09799099;"SPRF-MG";"DEL05-MG";"UOP01-DEL05-MG"
445517;2022-04-23;"sábado";"09:40:00";"BA";116;823,3;"VITORIA DA CONQUISTA";"Reação tardia ou ineficiente do condutor";"Colisão transversal";"Sem Vítimas";"Pleno dia";"Crescente";"Céu Claro";"Dupla";"Reta";"Sim";2;0;0;0;2;0;0;2;-14,856994;-40,849476;"SPRF-BA";"DEL08-BA";"UOP01-DEL08-BA"
445520;2022-04-23;"sábado";"10:45:00";"PI";343;347,1;"TERESINA";"Conversão proibida";"Colisão transversal";"Com Vítimas Feridas";"Pleno dia";"Decrescente";"Céu Claro";"Dupla";"Reta";"Sim";2;0;1;0;1;0;1;2;-5,118706;-42,786411;"SPRF-PI";"DEL01-PI";"UOP01-DEL01-PI"
445521;2022-04-23;"sábado";"04:25:00";"RS";290;94;"PORTO ALEGRE";"Velocidade Incompatível";"Saída de leito carroçável";"Sem Vítimas";"Plena Noite";"Decrescente";"Céu Claro";"Simples";"Curva";"Sim";1;0;0;0;0;1;0;1;-29,973856;-51,197853;"SPRF-RS";"DEL01-RS";"UOP01-DEL01-RS"
445522;2022-04-23;"sábado";"12:05:00";"PR";376;507;"PONTA GROSSA";"Velocidade Incompatível";"Saída de leito carroçável";"Sem Vítimas";"Pleno dia";"Crescente";"Céu Claro";"Dupla";"Reta";"Não";1;0;0;0;1;0;0;1;-25,24704785;-50,02183083;"SPRF-PR";"DEL03-PR";"UOP01-DEL03-PR"
445523;2022-04-23;"sábado";"12:00:00";"RJ";116;171;"SAO JOAO DE MERITI";"Ausência de reação do condutor";"Queda de ocupante de veículo";"Com Vítimas Feridas";"Pleno dia";"Crescente";"Céu Claro";"Múltipla";"Reta";"Sim";1;0;1;0;0;0;1;1;-22,8060415;-43,34289573;"SPRF-RJ";"DEL01-RJ";"UOP02-DEL01-RJ"
445525;2022-04-23;"sábado";"12:20:00";"SC";101;339,5;"TUBARAO";"Desrespeitar a preferência no cruzamento";"Colisão transversal";"Com Vítimas Feridas";"Pleno dia";"Decrescente";"Céu Claro";"Simples";"Interseção de Vias";"Sim";3;0;1;1;0;1;2;3;-28,507233;-49,049442;"SPRF-SC";"DEL02-SC";"UOP01-DEL02-SC"
445526;2022-04-23;"sábado";"09:17:00";"RJ";101;484;"ANGRA DOS REIS";"Conversão proibida";"Colisão transversal";"Com Vítimas Feridas";"Pleno dia";"Crescente";"Céu Claro";"Simples";"Reta";"Sim";2;0;0;1;1;0;1;2;-22,99096308;-44,30429882;"SPRF-RJ";"DEL03-RJ";"UOP03-DEL03-RJ"
445528;2022-04-23;"sábado";"11:45:00";"RR";174;501;"BOA VISTA";"Acessar a via sem observar a presença dos outros veículos";"Colisão transversal";"Com Vítimas Feridas";"Pleno dia";"Decrescente";"Céu Claro";"Dupla";"Reta";"Sim";4;0;0;1;3;0;1;2;2,781689;-60,703827;"SPRF-RR";"DEL01-RR";"UOP01-DEL01-RR"
445529;2022-04-23;"sábado";"13:00:00";"SC";101;41;"JOINVILLE";"Desrespeitar a preferência no cruzamento";"Colisão transversal";"Com Vítimas Feridas";"Pleno dia";"Crescente";"Sol";"Simples";"Interseção de Vias";"Sim";3;0;2;0;1;0;2;2;-26,31870969;-48,87135029;"SPRF-SC";"DEL03-SC";"UOP01-DEL03-SC"
445531;2022-04-23;"sábado";"10:25:00";"SP";101;47;"UBATUBA";"Acessar a via sem observar a presença dos outros veículos";"Colisão transversal";"Com Vítimas Feridas";"Pleno dia";"Crescente";"Céu Claro";"Simples";"Reta";"Sim";2;0;0;2;0;0;2;2;-23,429897;-45,082436;"SPRF-SP";"DEL06-SP";"UOP01-DEL06-SP"
445535;2022-04-23;"sábado";"13:20:00";"PI";316;12,9;"TERESINA";"Reação tardia ou ineficiente do condutor";"Colisão com objeto";"Sem Vítimas";"Pleno dia";"Crescente";"Chuva";"Dupla";"Reta";"Não";1;0;0;0;0;1;0;1;-5,211186;-42,755016;"SPRF-PI";"DEL01-PI";"UOP02-DEL01-PI"
445536;2022-04-23;"sábado";"13:30:00";"SC";282;6;"SAO JOSE";"Velocidade Incompatível";"Tombamento";"Com Vítimas Feridas";"Pleno dia";"Crescente";"Sol";"Múltipla";"Interseção de Vias;Declive;Curva";"Sim";1;0;1;0;0;0;1;1;-27,58480387;-48,61663699;"SPRF-SC";"DEL01-SC";"UOP01-DEL01-SC"
445537;2022-04-23;"sábado";"14:15:00";"MG";381;792,4;"SAO GONCALO DO SAPUCAI";"Condutor Dormindo";"Colisão com objeto";"Com Vítimas Feridas";"Pleno dia";"Crescente";"Sol";"Dupla";"Reta";"Não";4;0;3;0;1;0;3;1;-21,89830471;-45,55340245;"SPRF-MG";"DEL16-MG";"UOP02-DEL16-MG"
445538;2022-04-23;"sábado";"14:20:00";"RS";392;353;"SANTA MARIA";"Desrespeitar a preferência no cruzamento";"Colisão transversal";"Com Vítimas Feridas";"Pleno dia";"Crescente";"Céu Claro";"Simples";"Em Obras";"Sim";2;0;1;0;1;0;1;2;-29,713892;-53,808228;"SPRF-RS";"DEL09-RS";"UOP01-DEL09-RS"
445539;2022-04-23;"sábado";"12:10:00";"RO";364;17;"VILHENA";"Condutor deixou de manter distância do veículo da frente";"Colisão traseira";"Com Vítimas Feridas";"Pleno dia";"Decrescente";"Céu Claro";"Simples";"Reta";"Não";4;0;1;0;3;0;1;2;-12,73207998;-60,16589399;"SPRF-RO";"DEL04-RO";"UOP01-DEL04-RO"
445540;2022-04-23;"sábado";"10:40:00";"RJ";101;328;"NITEROI";"Condutor deixou de manter distância do veículo da frente";"Colisão traseira";"Com Vítimas Feridas";"Pleno dia";"Decrescente";"Céu Claro";"Dupla";"Reta";"Sim";3;0;1;0;1;1;1;3;-22,87028692;-43,16579699;"SPRF-RJ";"DEL02-RJ";"UOP01-DEL02-RJ"
445541;2022-04-23;"sábado";"13:00:00";"RN";101;153;"GOIANINHA";"Acumulo de água sobre o pavimento";"Capotamento";"Com Vítimas Feridas";"Pleno dia";"Crescente";"Chuva";"Dupla";"Reta";"Não";3;0;1;0;2;0;1;1;-6,31748925;-35,18316143;"SPRF-RN";"DEL01-RN";"UOP01-DEL01-RN"
445542;2022-04-23;"sábado";"14:30:00";"SC";470;45;"BLUMENAU";"Mal súbito do condutor";"Colisão lateral mesmo sentido";"Com Vítimas Feridas";"Pleno dia";"Crescente";"Céu Claro";"Dupla";"Em Obras";"Não";7;0;2;0;5;0;2;4;-26,867064;-49,031109;"SPRF-SC";"DEL04-SC";"UOP01-DEL04-SC"
445543;2022-04-23;"sábado";"14:50:00";"MG";381;500;"BETIM";"Ingestão de álcool pelo condutor";"Colisão traseira";"Sem Vítimas";"Pleno dia";"Decrescente";"Céu Claro";"Dupla";"Aclive;Reta";"Não";2;0;0;0;2;0;0;2;-19,99962108;-44,21083041;"SPRF-MG";"DEL01-MG";"UOP03-DEL01-MG"
445545;2022-04-23;"sábado";"14:40:00";"SP";153;74;"SAO JOSE DO RIO PRETO";"Condutor Dormindo";"Saída de leito carroçável";"Com Vítimas Feridas";"Pleno dia";"Crescente";"Nublado";"Dupla";"Reta";"Não";1;0;1;0;0;0;1;1;-20,88538598;-49,42676402;"SPRF-SP";"DEL09-SP";"UOP01-DEL09-SP"
445546;2022-04-23;"sábado";"13:40:00";"PR";116;160;"QUITANDINHA";"Reação tardia ou ineficiente do condutor";"Colisão com objeto";"Com Vítimas Feridas";"Pleno dia";"Crescente";"Céu Claro";"Simples";"Curva";"Não";1;0;0;1;0;0;1;1;-25,864189;-49,430406;"SPRF-PR";"DEL01-PR";"UOP03-DEL01-PR"
445547;2022-04-23;"sábado";"15:00:00";"RN";304;54;"MOSSORO";"Manobra de mudança de faixa";"Colisão transversal";"Sem Vítimas";"Pleno dia";"Crescente";"Nublado";"Simples";"Reta";"Não";5;0;0;0;5;0;0;2;-5,28385976;-37,29132557;"SPRF-RN";"DEL04-RN";"UOP01-DEL04-RN"
445548;2022-04-23;"sábado";"14:30:00";"SC";282;403;"JOACABA";"Frear bruscamente";"Capotamento";"Com Vítimas Feridas";"Pleno dia";"Decrescente";"Sol";"Simples";"Reta";"Não";7;0;7;0;0;0;7;1;-27,108929;-51,635838;"SPRF-SC";"DEL07-SC";"UOP05-DEL07-SC"
445549;2022-04-23;"sábado";"14:56:00";"GO";153;504;"APARECIDA DE GOIANIA";"Acessar a via sem observar a presença dos outros veículos";"Colisão lateral mesmo sentido";"Com Vítimas Feridas";"Pleno dia";"Crescente";"Céu Claro";"Dupla";"Reta";"Sim";2;0;1;0;1;0;1;1;-16,7633;-49,24;"SPRF-GO";"DEL01-GO";"UOP01-DEL01-GO"