"id";"data_inversa";"dia_semana";"horario";"uf";"br";"km";"municipio";"causa_acidente";"tipo_acidente";"classificacao_acidente";"fase_dia";"sentido_via";"condicao_metereologica";"tipo_pista";"tracado_via";"uso_solo";"pessoas";"mortos";"feridos_leves";"feridos_graves";"ilesos";"ignorados";"feridos";"veiculos";"latitude";"longitude";"regional";"delegacia";"uop"
445550;2022-04-23;"sábado";"14:00:00";"AL";316;268;"SATUBA";"Condutor deixou de manter distância do veículo da frente";"Colisão traseira";"Com Vítimas Feridas";"Pleno dia";"Crescente";"Céu Claro";"Simples";"Reta";"Sim";3;0;1;0;2;0;1;3;-9,58021969;-35,83876014;"SPRF-AL";"DEL02-AL";"UOP01-DEL02-AL"
445551;2022-04-23;"sábado";"14:20:00";"BA";324;567,1;"SAO SEBASTIAO DO PASSE";"Velocidade Incompatível";"Capotamento";"Sem Vítimas";"Pleno dia";"Decrescente";"Céu Claro";"Dupla";"Reta";"Não";1;0;0;0;0;1;0;1;-12,529901;-38,603207;"SPRF-BA";"DEL01-BA";"UOP01-DEL01-BA"
445552;2022-04-23;"sábado";"15:00:00";"MG";381;2,5;"BETIM";"Reação tardia ou ineficiente do condutor";"Queda de ocupante de veículo";"Com Vítimas Feridas";"Pleno dia";"Crescente";"Céu Claro";"Múltipla";"Reta";"Não";1;0;0;1;0;0;1;1;-19,98996554;-44,1942215;"SPRF-MG";"DEL01-MG";"UOP03-DEL01-MG"
445554;2022-04-23;"sábado";"08:30:00";"BA";110;173;"SAO SEBASTIAO DO PASSE";"Avarias e/ou desgaste excessivo no pneu";"Capotamento";"Com Vítimas Feridas";"Pleno dia";"Decrescente";"Chuva";"Simples";"Declive;Curva";"Não";1;0;1;0;0;0;1;1;-12,40234;-38,388293;"SPRF-BA";"DEL07-BA";"UOP02-DEL07-BA"
445558;2022-04-23;"sábado";"12:00:00";"RJ";116;115;"MAGE";"Demais falhas mecânicas ou elétricas";"Incêndio";"Sem Vítimas";"Pleno dia";"Decrescente";"Céu Claro";"Dupla";"Reta";"Não";1;0;0;0;1;0;0;1;-22,61401087;-43,03447723;"SPRF-RJ";"DEL04-RJ";"UOP02-DEL04-RJ"
445559;2022-04-23;"sábado";"14:27:00";"SP";153;30,3;"NOVA GRANADA";"Condutor Dormindo";"Saída de leito carroçável";"Com Vítimas Feridas";"Pleno dia";"Crescente";"Nublado";"Simples";"Reta";"Não";1;0;1;0;0;0;1;1;-20,53857207;-49,33057559;"SPRF-SP";"DEL09-SP";"UOP01-DEL09-SP"
445560;2022-04-23;"sábado";"15:30:00";"SC";101;20;"JOINVILLE";"Avarias e/ou desgaste excessivo no pneu";"Queda de ocupante de veículo";"Com Vítimas Feridas";"Pleno dia";"Crescente";"Céu Claro";"Dupla";"Reta";"Não";2;0;2;0;0;0;2;1;-26,14241147;-48,90462041;"SPRF-SC";"DEL03-SC";"UOP01-DEL03-SC"
445563;2022-04-23;"sábado";"15:15:00";"SC";282;419,9;"VARGEM BONITA";"Velocidade Incompatível";"Tombamento";"Com Vítimas Feridas";"Pleno dia";"Crescente";"Céu Claro";"Simples";"Curva";"Não";2;0;0;2;0;0;2;1;-27,019398;-51,729195;"SPRF-SC";"DEL07-SC";"UOP05-DEL07-SC"
445564;2022-04-23;"sábado";"15:00:00";"AP";156;200;"MAZAGAO";"Pista Escorregadia";"Saída de leito carroçável";"Com Vítimas Feridas";"Pleno dia";"Crescente";"Garoa/Chuvisco";"Simples";"Reta;Declive";"Não";4;0;0;4;0;0;4;1;0,072282;-51,633806;"SPRF-AP";"DEL01-AP";"UOP01-DEL01-AP"
445566;2022-04-23;"sábado";"16:30:00";"CE";116;11;"FORTALEZA";"Pista esburacada";"Tombamento";"Com Vítimas Feridas";"Pleno dia";"Crescente";"Chuva";"Dupla";"Curva";"Sim";1;0;1;0;0;0;1;1;-3,85124544;-38,49564498;"SPRF-CE";"DEL01-CE";"UOP02-DEL01-CE"
445567;2022-04-23;"sábado";"15:45:00";"MG";381;0;"BETIM";"Velocidade Incompatível";"Queda de ocupante de veículo";"Com Vítimas Feridas";"Pleno dia";"Crescente";"Céu Claro";"Dupla";"Declive";"Não";1;0;1;0;0;0;1;1;-19,96825;-44,198708;"SPRF-MG";"DEL01-MG";"UOP03-DEL01-MG"
445569;2022-01-01;"sábado";"19:30:00";"PE";101;106;"CABO DE SANTO AGOSTINHO";"Demais falhas mecânicas ou elétricas";"Tombamento";"Com Vítimas Feridas";"Plena Noite";"Crescente";"Céu Claro";"Múltipla";"Reta";"Não";2;0;1;1;0;0;2;1;-8,30807754;-35,07573296;"SPRF-PE";"DEL01-PE";"UOP03-DEL01-PE"
445570;2022-04-23;"sábado";"16:10:00";"BA";116;815,2;"VITORIA DA CONQUISTA";"Transitar no acostamento";"Colisão lateral mesmo sentido";"Com Vítimas Feridas";"Pleno dia";"Decrescente";"Céu Claro";"Simples";"Interseção de Vias;Reta";"Sim";3;0;1;0;2;0;1;3;-14,77315332;-40,72201784;"SPRF-BA";"DEL08-BA";"UOP01-DEL08-BA"
445573;2022-02-19;"sábado";"20:00:00";"MT";163;796;"VERA";"Chuva";"Saída de leito carroçável";"Sem Vítimas";"Plena Noite";"Decrescente";"Chuva";"Simples";"Curva";"Não";1;0;0;0;1;0;0;1;-12,198877;-55,53596;"SPRF-MT";"DEL06-MT";"UOP01-DEL06-MT"
445574;2022-04-23;"sábado";"16:50:00";"RS";287;247;"SANTA MARIA";"Reação tardia ou ineficiente do condutor";"Colisão traseira";"Com Vítimas Feridas";"Pleno dia";"Decrescente";"Céu Claro";"Simples";"Reta;Em Obras";"Sim";3;0;0;1;2;0;1;2;-29,69991534;-53,84176017;"SPRF-RS";"DEL09-RS";"UOP01-DEL09-RS"
445578;2022-04-23;"sábado";"13:35:00";"MT";364;13;"ALTO ARAGUAIA";"Chuva";"Saída de leito carroçável";"Com Vítimas Feridas";"Pleno dia";"Decrescente";"Chuva";"Simples";"Rotatória";"Não";1;0;1;0;0;0;1;1;-17,25634094;-53,31211694;"SPRF-MT";"DEL02-MT";"UOP02-DEL02-MT"
445579;2022-04-23;"sábado";"15:30:00";"MG";40;706,2;"BARBACENA";"Velocidade Incompatível";"Saída de leito carroçável";"Com Vítimas Feridas";"Pleno dia";"Crescente";"Sol";"Dupla";"Curva";"Não";1;0;1;0;0;0;1;1;-21,24507589;-43,71809813;"SPRF-MG";"DEL05-MG";"UOP02-DEL05-MG"
445580;2022-04-23;"sábado";"17:10:00";"MG";50;76;"UBERLANDIA";"Ausência de reação do condutor";"Colisão traseira";"Com Vítimas Feridas";"Pleno dia";"Crescente";"Céu Claro";"Simples";"Reta";"Sim";3;0;1;0;2;0;1;3;-18,986906;-48,211853;"SPRF-MG";"DEL15-MG";"UOP01-DEL15-MG"
445582;2022-04-23;"sábado";"12:45:00";"MG";381;244;"SANTANA DO PARAISO";"Condutor deixou de manter distância do veículo da frente";"Colisão traseira";"Com Vítimas Feridas";"Pleno dia";"Crescente";"Céu Claro";"Simples";"Reta";"Não";2;0;0;1;1;0;1;2;-19,44433395;-42,51333612;"SPRF-MG";"DEL06-MG";"UOP01-DEL06-MG"
445583;2022-03-13;"domingo";"01:05:00";"PA";230;119;"MARABA";"Reação tardia ou ineficiente do condutor";"Colisão com objeto";"Com Vítimas Feridas";"Amanhecer";"Crescente";"Céu Claro";"Dupla";"Retorno Regulamentado";"Sim";2;0;2;0;0;0;2;1;-5,350407;-49,105981;"SPRF-PA";"DEL03-PA";"UOP01-DEL03-PA"
445584;2022-04-23;"sábado";"16:15:00";"SP";488;2;"APARECIDA";"Acessar a via sem observar a presença dos outros veículos";"Colisão transversal";"Com Vítimas Feridas";"Pleno dia";"Crescente";"Nublado";"Dupla";"Curva";"Sim";3;0;1;0;0;2;1;3;-22,85378386;-45,23991823;"SPRF-SP";"DEL08-SP";"UOP01-DEL08-SP"
445585;2022-04-23;"sábado";"17:50:00";"SC";101;210;"SAO JOSE";"Reação tardia ou ineficiente do condutor";"Queda de ocupante de veículo";"Com Vítimas Feridas";"Anoitecer";"Crescente";"Céu Claro";"Múltipla";"Reta";"Sim";1;0;1;0;0;0;1;1;-27,6167305;-48,6457265;"SPRF-SC";"DEL01-SC";"UOP01-DEL01-SC"
445586;2022-04-23;"sábado";"17:30:00";"ES";101;204;"JOAO NEIVA";"Pedestre andava na pista";"Atropelamento de Pedestre";"Com Vítimas Feridas";"Anoitecer";"Crescente";"Céu Claro";"Dupla";"Reta";"Sim";3;0;1;0;1;1;1;2;-19,74948916;-40,37922678;"SPRF-ES";"DEL02-ES";"UOP01-DEL02-ES"
445587;2022-04-23;"sábado";"17:50:00";"PE";316;128;"PARNAMIRIM";"Animais na Pista";"Queda de ocupante de veículo";"Com Vítimas Fatais";"Plena Noite";"Crescente";"Nublado";"Simples";"Reta";"Não";1;1;0;0;0;0;0;1;-8,03658073;-39,71547989;"SPRF-PE";"DEL05-PE";"UOP02-DEL05-PE"
445588;2022-04-04;"segunda-feira";"06:15:00";"BA";116;750,8;"POCOES";"Conversão proibida";"Colisão frontal";"Com Vítimas Feridas";"Pleno dia";"Crescente";"Céu Claro";"Simples";"Reta";"Não";2;0;1;1;0;0;2;2;-14,482166;-40,337139;"SPRF-BA";"DEL08-BA";"UOP02-DEL08-BA"
445589;2022-04-23;"sábado";"17:45:00";"SC";101;88;"BARRA VELHA";"Reação tardia ou ineficiente do condutor";"Atropelamento de Pedestre";"Com Vítimas Feridas";"Anoitecer";"Decrescente";"Céu Claro";"Simples";"Reta";"Não";2;0;1;0;1;0;1;2;-26,64253985;-48,68950684;"SPRF-SC";"DEL03-SC";"UOP02-DEL03-SC"
445590;2022-04-23;"sábado";"17:40:00";"PR";277;696;"SAO MIGUEL DO IGUACU";"Velocidade Incompatível";"Colisão traseira";"Com Vítimas Feridas";"Anoitecer";"Crescente";"Céu Claro";"Dupla";"Reta";"Não";5;0;1;0;4;0;1;2;-25,38683788;-54,29509407;"SPRF-PR";"DEL05-PR";"UOP01-DEL05-PR"
445591;2022-04-23;"sábado";"17:30:00";"MT";163;759;"SORRISO";"Condutor deixou de manter distância do veículo da frente";"Colisão lateral mesmo sentido";"Com Vítimas Feridas";"Anoitecer";"Crescente";"Nublado";"Dupla";"Reta";"Não";2;0;1;0;1;0;1;2;-12,6042914;-55,75236071;"SPRF-MT";"DEL06-MT";"UOP01-DEL06-MT"
445596;2022-04-23;"sábado";"18:30:00";"SE";235;49;"ITABAIANA";"Ingestão de álcool pelo condutor";"Colisão lateral mesmo sentido";"Com Vítimas Feridas";"Plena Noite";"Crescente";"Céu Claro";"Simples";"Reta";"Sim";2;0;2;0;0;0;2;2;-10,731889;-37,411335;"SPRF-SE";"DEL01-SE";"UOP02-DEL01-SE"
445597;2022-04-23;"sábado";"18:15:00";"PR";277;575,2;"CASCAVEL";"Transitar na contramão";"Colisão lateral sentido oposto";"Com Vítimas Feridas";"Anoitecer";"Crescente";"Céu Claro";"Simples";"Curva";"Não";3;0;1;0;2;0;1;3;-24,98980793;-53,32115517;"SPRF-PR";"DEL04-PR";"UOP01-DEL04-PR"
445599;2022-04-23;"sábado";"19:00:00";"SC";101;178,2;"GOVERNADOR CELSO RAMOS";"Transitar na contramão";"Colisão lateral sentido oposto";"Com Vítimas Feridas";"Plena Noite";"Decrescente";"Nublado";"Dupla";"Reta";"Não";2;0;1;0;1;0;1;2;-27,36408098;-48,63391212;"SPRF-SC";"DEL01-SC";"UOP01-DEL01-SC"
445602;2022-04-23;"sábado";"19:00:00";"SC";282;19;"PALHOCA";"Conversão proibida";"Colisão transversal";"Com Vítimas Feridas";"Plena Noite";"Decrescente";"Céu Claro";"Simples";"Reta";"Não";2;0;1;0;1;0;1;2;-27,678635;-48,70192;"SPRF-SC";"DEL01-SC";"UOP02-DEL01-SC"
445603;2022-04-23;"sábado";"19:40:00";"SP";116;307;"SAO LOURENCO DA SERRA";"Ingestão de álcool pelo condutor";"Capotamento";"Sem Vítimas";"Plena Noite";"Decrescente";"Céu Claro";"Dupla";"Reta";"Sim";2;0;0;0;2;0;0;1;-23,85630016;-46,94096988;"SPRF-SP";"DEL04-SP";"UOP01-DEL04-SP"
445604;2022-04-23;"sábado";"17:10:00";"PR";163;8;"BARRACAO";"Acessar a via sem observar a presença dos outros veículos";"Colisão frontal";"Com Vítimas Feridas";"Pleno dia";"Crescente";"Céu Claro";"Simples";"Reta";"Sim";2;0;1;0;1;0;1;2;-26,25066;-53,635523;"SPRF-PR";"DEL02-PR";"UOP02-DEL02-PR"
445605;2022-04-23;"sábado";"19:17:00";"ES";262;147;"IBATIBA";"Demais falhas mecânicas ou elétricas";"Incêndio";"Sem Vítimas";"Plena Noite";"Crescente";"Ignorado";"Simples";"Reta";"Não";1;0;0;0;1;0;0;1;-20,22096685;-41,41902406;"SPRF-ES";"DEL01-ES";"UOP02-DEL01-ES"
445606;2022-04-23;"sábado";"17:30:00";"RS";386;201,9;"VICTOR GRAEFF";"Ingestão de álcool pelo condutor";"Engavetamento";"Com Vítimas Feridas";"Anoitecer";"Crescente";"Céu Claro";"Simples";"Em Obras;Reta";"Não";5;0;3;0;2;0;3;3;-28,467812;-52,66048;"SPRF-RS";"DEL04-RS";"UOP03-DEL04-RS"
445607;2022-04-23;"sábado";"18:30:00";"BA";407;85;"JAGUARARI";"Animais na Pista";"Atropelamento de Animal";"Com Vítimas Feridas";"Plena Noite";"Decrescente";"Céu Claro";"Simples";"Reta";"Não";2;0;1;0;1;0;1;1;-10,10522301;-40,23137261;"SPRF-BA";"DEL04-BA";"UOP01-DEL04-BA"
445609;2022-04-23;"sábado";"18:30:00";"RS";285;382;"SANTA BARBARA DO SUL";"Velocidade Incompatível";"Colisão traseira";"Com Vítimas Feridas";"Anoitecer";"Decrescente";"Céu Claro";"Simples";"Curva";"Não";6;0;1;0;5;0;1;2;-28,430128;-53,172131;"SPRF-RS";"DEL10-RS";"UOP02-DEL10-RS"
445610;2022-04-23;"sábado";"19:10:00";"ES";262;44;"MARECHAL FLORIANO";"Condutor Dormindo";"Colisão lateral sentido oposto";"Com Vítimas Feridas";"Plena Noite";"Crescente";"Céu Claro";"Simples";"Aclive;Curva";"Não";3;0;1;0;2;0;1;3;-20,39769215;-40,67180229;"SPRF-ES";"DEL01-ES";"UOP01-DEL01-ES"
445611;2022-04-23;"sábado";"19:50:00";"SP";0;0;"ATIBAIA";"Manobra de mudança de faixa";"Colisão frontal";"Com Vítimas Feridas";"Plena Noite";"Não Informado";"Céu Claro";"Simples";"Aclive";"Sim";4;0;2;0;2;0;2;2;-23,02679312;-46,53612988;"SPRF-SP";"DEL03-SP";"UOP01-DEL03-SP"
445613;2022-04-23;"sábado";"19:50:00";"PR";476;141,9;"CURITIBA";"Área urbana sem a presença de local apropriado para a travessia de pedestres";"Atropelamento de Pedestre";"Com Vítimas Feridas";"Plena Noite";"Decrescente";"Céu Claro";"Dupla";"Reta";"Sim";2;0;1;1;0;0;2;2;-25,53658;-49,301309;"SPRF-PR";"DEL01-PR";"UOP03-DEL01-PR"
445614;2022-04-23;"sábado";"19:34:00";"TO";153;336,4;"GUARAI";"Ausência de reação do condutor";"Colisão com objeto";"Com Vítimas Feridas";"Plena Noite";"Crescente";"Céu Claro";"Múltipla";"Curva";"Sim";1;0;0;1;0;0;1;1;-8,85729837;-48,50834012;"SPRF-TO";"DEL02-TO";"UOP02-DEL02-TO"
445615;2022-04-23;"sábado";"21:00:00";"RJ";116;174;"NOVA IGUACU";"Frear bruscamente";"Colisão traseira";"Sem Vítimas";"Plena Noite";"Crescente";"Céu Claro";"Múltipla";"Reta";"Sim";2;0;0;0;2;0;0;2;-22,76066958;-43,42792511;"SPRF-RJ";"DEL01-RJ";"UOP02-DEL01-RJ"
445618;2022-04-23;"sábado";"17:00:00";"MT";70;730;"CACERES";"Desrespeitar a preferência no cruzamento";"Colisão transversal";"Com Vítimas Feridas";"Pleno dia";"Decrescente";"Céu Claro";"Simples";"Reta";"Sim";4;0;1;0;3;0;1;2;-16,10437047;-57,67718196;"SPRF-MT";"DEL03-MT";"UOP01-DEL03-MT"
445620;2022-04-23;"sábado";"20:36:00";"SP";116;377;"MIRACATU";"Reação tardia ou ineficiente do condutor";"Tombamento";"Com Vítimas Feridas";"Plena Noite";"Decrescente";"Céu Claro";"Dupla";"Reta";"Não";2;0;1;0;1;0;1;1;-24,19592033;-47,36368081;"SPRF-SP";"DEL04-SP";"UOP02-DEL04-SP"
445621;2022-04-23;"sábado";"19:10:00";"SC";470;20,5;"ILHOTA";"Entrada inopinada do pedestre";"Atropelamento de Pedestre";"Com Vítimas Feridas";"Plena Noite";"Decrescente";"Céu Claro";"Dupla";"Em Obras";"Não";2;0;0;1;1;0;1;2;-26,870115;-48,820484;"SPRF-SC";"DEL04-SC";"UOP04-DEL04-SC"
445623;2022-04-23;"sábado";"20:30:00";"DF";80;8;"BRASILIA";"Ingestão de álcool pelo condutor";"Saída de leito carroçável";"Sem Vítimas";"Plena Noite";"Crescente";"Céu Claro";"Simples";"Reta";"Não";2;0;0;0;2;0;0;1;-15,731198;-48,148598;"SPRF-DF";"DEL03-DF";"UOP02-DEL03-DF"
445624;2022-04-23;"sábado";"19:30:00";"BA";116;856;"VITORIA DA CONQUISTA";"Demais falhas mecânicas ou elétricas";"Incêndio";"Sem Vítimas";"Plena Noite";"Decrescente";"Céu Claro";"Simples";"Reta";"Não";1;0;0;0;1;0;0;1;-15,099991;-41,020238;"SPRF-BA";"DEL08-BA";"UOP01-DEL08-BA"
445625;2022-04-23;"sábado";"20:00:00";"MT";174;5;"PONTES E LACERDA";"Reação tardia ou ineficiente do condutor";"Colisão frontal";"Com Vítimas Feridas";"Plena Noite";"Decrescente";"Céu Claro";"Simples";"Reta";"Sim";2;0;2;0;0;0;2;2;-15,226537;-59,335728;"SPRF-MT";"DEL04-MT";"UOP01-DEL04-MT"
445627;2022-04-23;"sábado";"20:00:00";"GO";80;177;"URUACU";"Animais na Pista";"Atropelamento de Animal";"Sem Vítimas";"Plena Noite";"Decrescente";"Céu Claro";"Simples";"Reta";"Não";3;0;0;0;3;0;0;1;-14,64460725;-49,17030216;"SPRF-GO";"DEL07-GO";"UOP01-DEL07-GO"
445629;2022-04-23;"sábado";"18:40:00";"RO";364;239,1;"CACOAL";"Ingestão de álcool pelo condutor";"Colisão traseira";"Com Vítimas Feridas";"Anoitecer";"Decrescente";"Céu Claro";"Simples";"Reta";"Sim";2;0;1;0;1;0;1;2;-11,433364;-61,465622;"SPRF-RO";"DEL02-RO";"UOP02-DEL02-RO"
445631;2022-04-23;"sábado";"22:15:00";"PR";153;42;"SANTO ANTONIO DA PLATINA";"Acessar a via sem observar a presença dos outros veículos";"Colisão transversal";"Com Vítimas Feridas";"Plena Noite";"Decrescente";"Céu Claro";"Simples";"Interseção de Vias";"Não";2;0;1;0;1;0;1;2;-23,29512144;-50,06578041;"SPRF-PR";"DEL07-PR";"UOP04-DEL07-PR"
445632;2022-04-23;"sábado";"20:20:00";"PR";277;112;"CAMPO LARGO";"Ausência de reação do condutor";"Saída de leito carroçável";"Com Vítimas Feridas";"Plena Noite";"Decrescente";"Céu Claro";"Dupla";"Reta";"Sim";1;0;1;0;0;0;1;1;-25,43257515;-49,36978297;"SPRF-PR";"DEL01-PR";"UOP03-DEL03-PR"
445633;2022-04-23;"sábado";"21:30:00";"MG";50;70;"UBERLANDIA";"Reação tardia ou ineficiente do condutor";"Colisão traseira";"Com Vítimas Feridas";"Plena Noite";"Crescente";"Céu Claro";"Simples";"Aclive;Reta";"Sim";3;0;2;0;1;0;2;2;-18,85140204;-48,25345932;"SPRF-MG";"DEL15-MG";"UOP01-DEL15-MG"
445634;2022-04-23;"sábado";"20:55:00";"RS";285;294,4;"PASSO FUNDO";"Velocidade Incompatível";"Saída de leito carroçável";"Com Vítimas Fatais";"Plena Noite";"Decrescente";"Céu Claro";"Simples";"Reta";"Sim";1;1;0;0;0;0;0;1;-28,234547;-52,384975;"SPRF-RS";"DEL08-RS";"UOP03-DEL08-RS"
445638;2022-04-23;"sábado";"22:00:00";"RS";290;676,1;"URUGUAIANA";"Animais na Pista";"Saída de leito carroçável";"Com Vítimas Feridas";"Plena Noite";"Decrescente";"Nublado";"Simples";"Reta";"Não";1;0;1;0;0;0;1;1;-29,917309;-56,655758;"SPRF-RS";"DEL13-RS";"UOP01-DEL13-RS"
445639;2022-04-23;"sábado";"20:10:00";"SC";282;531;"CORDILHEIRA ALTA";"Velocidade Incompatível";"Capotamento";"Sem Vítimas";"Plena Noite";"Crescente";"Céu Claro";"Simples";"Curva";"Não";1;0;0;0;0;1;0;1;-26,990747;-52,609776;"SPRF-SC";"DEL07-SC";"UOP01-DEL07-SC"
445642;2022-04-23;"sábado";"21:30:00";"PB";230;489;"CAJAZEIRAS";"Chuva";"Saída de leito carroçável";"Sem Vítimas";"Plena Noite";"Decrescente";"Garoa/Chuvisco";"Simples";"Reta";"Não";1;0;0;0;0;1;0;1;-6,8675;-38,4144;"SPRF-PB";"DEL03-PB";"UOP03-DEL03-PB"
445643;2022-04-23;"sábado";"23:25:00";"SC";101;181,1;"GOVERNADOR CELSO RAMOS";"Transitar na contramão";"Tombamento";"Com Vítimas Feridas";"Plena Noite";"Decrescente";"Céu Claro";"Dupla";"Reta";"Não";5;0;1;1;2;1;2;4;-27,38958699;-48,63197593;"SPRF-SC";"DEL01-SC";"UOP01-DEL01-SC"
445645;2022-04-23;"sábado";"16:20:00";"RS";470;259;"SALVADOR DO SUL";"Reação tardia ou ineficiente do condutor";"Queda de ocupante de veículo";"Com Vítimas Feridas";"Pleno dia";"Decrescente";"Céu Claro";"Simples";"Curva";"Não";4;0;3;0;1;0;3;2;-29,452822;-51,499024;"SPRF-RS";"DEL06-RS";"UOP01-DEL06-RS"
445646;2022-04-23;"sábado";"23:15:00";"MG";381;2;"BETIM";"Ingestão de álcool pelo condutor";"Saída de leito carroçável";"Com Vítimas Feridas";"Plena Noite";"Crescente";"Céu Claro";"Dupla";"Reta";"Sim";2;0;0;1;1;0;1;1;-19,97771867;-44,16036263;"SPRF-MG";"DEL01-MG";"UOP03-DEL01-MG"
445649;2022-04-23;"sábado";"22:30:00";"MS";60;535,6;"NIOAQUE";"Ingestão de álcool pelo condutor";"Saída de leito carroçável";"Sem Vítimas";"Plena Noite";"Decrescente";"Céu Claro";"Simples";"Reta";"Não";2;0;0;0;2;0;0;1;-21,14371;-55,80033;"SPRF-MS";"DEL05-MS";"UOP01-DEL05-MS"
445650;2022-04-23;"sábado";"20:40:00";"MT";163;749;"SORRISO";"Deficiência do Sistema de Iluminação/Sinalização";"Colisão traseira";"Com Vítimas Feridas";"Plena Noite";"Crescente";"Nublado";"Dupla";"Reta";"Não";4;0;2;0;2;0;2;2;-12,68056718;-55,79601858;"SPRF-MT";"DEL06-MT";"UOP01-DEL06-MT"
445651;2022-04-23;"sábado";"19:50:00";"PR";163;66;"PEROLA DOESTE";"Velocidade Incompatível";"Colisão transversal";"Com Vítimas Feridas";"Plena Noite";"Crescente";"Céu Claro";"Simples";"Curva";"Não";3;0;0;3;0;0;3;2;-25,84984797;-53,75111;"SPRF-PR";"DEL02-PR";"UOP02-DEL02-PR"
445652;2022-04-23;"sábado";"23:00:00";"PR";376;386;"IMBAU";"Ausência de reação do condutor";"Colisão com objeto";"Sem Vítimas";"Plena Noite";"Decrescente";"Nublado";"Dupla";"Viaduto";"Sim";1;0;0;0;0;1;0;1;-24,44989407;-50,7589066;"SPRF-PR";"DEL03-PR";"UOP02-DEL03-PR"
445653;2022-04-23;"sábado";"21:15:00";"SC";163;0,7;"DIONISIO CERQUEIRA";"Transitar na contramão";"Colisão frontal";"Com Vítimas Feridas";"Plena Noite";"Decrescente";"Nublado";"Simples";"Reta";"Sim";3;0;0;1;2;0;1;3;-26,26136073;-53,62058759;"SPRF-SC";"DEL07-SC";"UOP03-DEL07-SC"
445654;2022-04-23;"sábado";"23:00:00";"PR";116;188,2;"CAMPO DO TENENTE";"Ingestão de álcool pelo condutor";"Saída de leito carroçável";"Sem Vítimas";"Plena Noite";"Decrescente";"Nevoeiro/Neblina";"Simples";"Reta";"Não";1;0;0;0;1;0;0;1;-25,966891;-49,656819;"SPRF-PR";"DEL01-PR";"UOP03-DEL01-PR"
445655;2022-04-23;"sábado";"22:35:00";"BA";101;809;"ITAMARAJU";"Transitar na contramão";"Colisão frontal";"Com Vítimas Feridas";"Plena Noite";"Crescente";"Nublado";"Simples";"Curva;Declive";"Não";3;0;1;0;1;1;1;3;-17,031692;-39,540951;"SPRF-BA";"DEL09-BA";"UOP02-DEL09-BA"
445656;2022-04-23;"sábado";"18:30:00";"SC";163;122,4;"DIONISIO CERQUEIRA";"Manobra de mudança de faixa";"Colisão frontal";"Com Vítimas Feridas";"Plena Noite";"Crescente";"Céu Claro";"Simples";"Reta";"Não";3;0;2;0;1;0;2;2;-26,31159312;-53,5474062;"SPRF-SC";"DEL07-SC";"UOP03-DEL07-SC"
445657;2022-04-23;"sábado";"22:30:00";"RJ";40;123;"DUQUE DE CAXIAS";"Ausência de reação do condutor";"Tombamento";"Com Vítimas Feridas";"Plena Noite";"Decrescente";"Céu Claro";"Dupla";"Reta";"Sim";1;0;1;0;0;0;1;1;-22,79907687;-43,29015739;"SPRF-RJ";"DEL01-RJ";"UOP01-DEL01-RJ"
445658;2022-04-23;"sábado";"15:05:00";"RO";364;225,9;"CACOAL";"Acessar a via sem observar a presença dos outros veículos";"Colisão traseira";"Com Vítimas Feridas";"Pleno dia";"Decrescente";"Nublado";"Simples";"Reta";"Sim";2;0;1;0;1;0;1;2;-11,50326836;-61,36777537;"SPRF-RO";"DEL02-RO";"UOP02-DEL02-RO"
445659;2022-04-24;"domingo";"01:15:00";"SP";116;158;"JACAREI";"Reação tardia ou ineficiente do condutor";"Queda de ocupante de veículo";"Com Vítimas Feridas";"Plena Noite";"Decrescente";"Céu Claro";"Dupla";"Reta";"Sim";1;0;0;1;0;0;1;1;-23,26072137;-45,95179176;"SPRF-SP";"DEL02-SP";"UOP01-DEL02-SP"
445660;2022-04-24;"domingo";"01:20:00";"PR";376;185;"SARANDI";"Ingestão de álcool pelo condutor";"Colisão lateral mesmo sentido";"Com Vítimas Feridas";"Plena Noite";"Decrescente";"Céu Claro";"Dupla";"Retorno Regulamentado";"Não";4;0;0;2;1;1;2;3;-23,45147413;-51,85361808;"SPRF-PR";"DEL09-PR";"UOP01-DEL09-PR"
445661;2022-04-23;"sábado";"20:00:00";"SP";116;487;"CAJATI";"Reação tardia ou ineficiente do condutor";"Queda de ocupante de veículo";"Com Vítimas Feridas";"Plena Noite";"Crescente";"Céu Claro";"Simples";"Rotatória";"Sim";1;0;1;0;0;0;1;1;-24,72633575;-48,08998415;"SPRF-SP";"DEL05-SP";"UOP01-DEL05-SP"
445662;2022-04-24;"domingo";"02:00:00";"ES";262;37;"DOMINGOS MARTINS";"Condutor Dormindo";"Saída de leito carroçável";"Com Vítimas Feridas";"Plena Noite";"Crescente";"Céu Claro";"Simples";"Curva";"Não";1;0;1;0;0;0;1;1;-20,38127779;-40,61151172;"SPRF-ES";"DEL01-ES";"UOP01-DEL01-ES"
445663;2022-04-23;"sábado";"23:15:00";"SC";280;22,3;"ARAQUARI";"Conversão proibida";"Colisão frontal";"Com Vítimas Feridas";"Plena Noite";"Decrescente";"Céu Claro";"Simples";"Reta";"Não";5;0;1;0;4;0;1;2;-26,37092616;-48,70204099;"SPRF-SC";"DEL03-SC";"UOP03-DEL03-SC"
445664;2022-04-23;"sábado";"21:30:00";"MT";364;142;"PEDRA PRETA";"Ausência de reação do condutor";"Saída de leito carroçável";"Sem Vítimas";"Plena Noite";"Crescente";"Nevoeiro/Neblina";"Simples";"Reta";"Não";1;0;0;0;0;1;0;1;-16,79020572;-54,14182091;"SPRF-MT";"DEL02-MT";"UOP01-DEL02-MT"
445665;2022-04-24;"domingo";"01:45:00";"PR";277;75;"SAO JOSE DOS PINHAIS";"Reação tardia ou ineficiente do condutor";"Saída de leito carroçável";"Com Vítimas Feridas";"Plena Noite";"Decrescente";"Nevoeiro/Neblina";"Dupla";"Reta";"Não";1;0;1;0;0;0;1;1;-25,51327981;-49,12433291;"SPRF-PR";"DEL01-PR";"UOP01-DEL01-PR"