"id";"data_inversa";"dia_semana";"horario";"uf";"br";"km";"municipio";"causa_acidente";"tipo_acidente";"classificacao_acidente";"fase_dia";"sentido_via";"condicao_metereologica";"tipo_pista";"tracado_via";"uso_solo";"pessoas";"mortos";"feridos_leves";"feridos_graves";"ilesos";"ignorados";"feridos";"veiculos";"latitude";"longitude";"regional";"delegacia";"uop"
445768;2022-04-24;"domingo";"13:15:00";"BA";324;542,9;"AMELIA RODRIGUES";"Pedestre cruzava a pista fora da faixa";"Atropelamento de Pedestre";"Com Vítimas Feridas";"Pleno dia";"Decrescente";"Sol";"Dupla";"Reta";"Sim";2;0;1;1;0;0;2;2;-12,43566454;-38,73280098;"SPRF-BA";"DEL01-BA";"UOP03-DEL01-BA"
445769;2022-04-24;"domingo";"15:00:00";"PR";116;169;"QUITANDINHA";"Demais falhas mecânicas ou elétricas";"Incêndio";"Sem Vítimas";"Pleno dia";"Crescente";"Céu Claro";"Simples";"Reta";"Não";1;0;0;0;0;1;0;1;-25,8751354;-49,4717221;"SPRF-PR";"DEL01-PR";"UOP03-DEL01-PR"
445770;2022-04-24;"domingo";"14:25:00";"RS";386;34,3;"FREDERICO WESTPHALEN";"Ingestão de álcool pelo condutor";"Colisão frontal";"Sem Vítimas";"Pleno dia";"Decrescente";"Sol";"Simples";"Interseção de Vias";"Não";4;0;0;0;4;0;0;2;-27,358442;-53,388298;"SPRF-RS";"DEL08-RS";"UOP02-DEL08-RS"
445771;2022-04-24;"domingo";"16:10:00";"MG";262;395;"PARA DE MINAS";"Velocidade Incompatível";"Colisão traseira";"Com Vítimas Feridas";"Pleno dia";"Crescente";"Sol";"Dupla";"Reta";"Não";2;0;0;2;0;0;2;2;-19,91418864;-44,4988659;"SPRF-MG";"DEL01-MG";"UOP03-DEL01-MG"
445772;2022-04-24;"domingo";"15:50:00";"AL";104;35;"UNIAO DOS PALMARES";"Conversão proibida";"Colisão frontal";"Com Vítimas Feridas";"Pleno dia";"Crescente";"Nublado";"Simples";"Reta";"Sim";5;0;1;0;4;0;1;2;-9,1616676;-36,01701171;"SPRF-AL";"DEL01-AL";"UOP02-DEL01-AL"
445773;2022-04-24;"domingo";"15:20:00";"RJ";101;183;"CASIMIRO DE ABREU";"Transitar na contramão";"Colisão frontal";"Com Vítimas Fatais";"Pleno dia";"Crescente";"Céu Claro";"Simples";"Curva";"Não";17;2;8;6;0;1;14;4;-22,42673584;-42,01668406;"SPRF-RJ";"DEL08-RJ";"UOP04-DEL08-RJ"
445774;2022-04-24;"domingo";"16:10:00";"MG";354;742;"POUSO ALTO";"Acesso irregular";"Colisão transversal";"Com Vítimas Feridas";"Pleno dia";"Crescente";"Céu Claro";"Simples";"Declive";"Não";2;0;1;0;1;0;1;2;-22,23118898;-44,9332353;"SPRF-MG";"DEL17-MG";"UOP01-DEL17-MG"
445775;2022-04-24;"domingo";"16:30:00";"PE";101;59,9;"RECIFE";"Condutor deixou de manter distância do veículo da frente";"Colisão traseira";"Com Vítimas Feridas";"Pleno dia";"Crescente";"Céu Claro";"Dupla";"Reta";"Sim";3;0;2;0;1;0;2;2;-7,98344307;-34,93176727;"SPRF-PE";"DEL01-PE";"UOP02-DEL01-PE"
445776;2022-04-24;"domingo";"15:30:00";"MT";364;272;"JACIARA";"Condutor deixou de manter distância do veículo da frente";"Colisão traseira";"Com Vítimas Feridas";"Pleno dia";"Decrescente";"Sol";"Dupla";"Reta";"Sim";2;0;1;0;1;0;1;2;-15,96667987;-54,96121981;"SPRF-MT";"DEL02-MT";"UOP01-DEL02-MT"
445777;2022-04-24;"domingo";"16:20:00";"RS";386;358;"ESTRELA";"Reação tardia ou ineficiente do condutor";"Capotamento";"Com Vítimas Feridas";"Pleno dia";"Crescente";"Céu Claro";"Dupla";"Reta";"Não";1;0;1;0;0;0;1;1;-29,53306;-51,919636;"SPRF-RS";"DEL04-RS";"UOP02-DEL04-RS"
445780;2022-04-24;"domingo";"16:00:00";"GO";40;9;"LUZIANIA";"Reação tardia ou ineficiente do condutor";"Colisão traseira";"Com Vítimas Feridas";"Pleno dia";"Crescente";"Céu Claro";"Dupla";"Reta";"Sim";2;0;0;1;1;0;1;2;-16,131158;-47,957739;"SPRF-DF";"DEL01-DF";"UOP01-DEL01-DF"
445782;2022-04-24;"domingo";"16:20:00";"MG";381;536,6;"ITATIAIUCU";"Demais Fenômenos da natureza";"Colisão com objeto";"Sem Vítimas";"Pleno dia";"Decrescente";"Sol";"Dupla";"Reta";"Sim";5;0;0;0;5;0;0;2;-20,199306;-44,386351;"SPRF-MG";"DEL04-MG";"UOP03-DEL04-MG"
445783;2022-04-24;"domingo";"16:00:00";"ES";482;115;"GUACUI";"Demais falhas mecânicas ou elétricas";"Tombamento";"Sem Vítimas";"Pleno dia";"Decrescente";"Ignorado";"Simples";"Reta";"Não";2;0;0;0;0;2;0;1;-20,808376;-41,732636;"SPRF-ES";"DEL03-ES";"UOP02-DEL03-ES"
445784;2022-04-24;"domingo";"16:45:00";"RS";101;35;"TRES CACHOEIRAS";"Reação tardia ou ineficiente do condutor";"Colisão traseira";"Sem Vítimas";"Pleno dia";"Decrescente";"Céu Claro";"Dupla";"Reta";"Sim";2;0;0;0;2;0;0;2;-29,51719812;-49,99124485;"SPRF-RS";"DEL03-RS";"UOP02-DEL03-RS"
445785;2022-04-24;"domingo";"14:30:00";"RJ";101;303;"SAO GONCALO";"Demais falhas mecânicas ou elétricas";"Colisão com objeto";"Com Vítimas Feridas";"Pleno dia";"Decrescente";"Sol";"Dupla";"Reta";"Sim";2;0;1;1;0;0;2;1;-22,7828205;-42,9766681;"SPRF-RJ";"DEL02-RJ";"UOP02-DEL02-RJ"
445786;2022-04-24;"domingo";"15:30:00";"PR";272;526;"FRANCISCO ALVES";"Condutor Dormindo";"Saída de leito carroçável";"Com Vítimas Feridas";"Pleno dia";"Decrescente";"Céu Claro";"Simples";"Declive";"Não";3;0;1;0;2;0;1;1;-24,06279948;-53,8339041;"SPRF-PR";"DEL06-PR";"UOP01-DEL06-PR"
445787;2022-04-24;"domingo";"17:29:00";"SP";153;68,2;"SAO JOSE DO RIO PRETO";"Avarias e/ou desgaste excessivo no pneu";"Tombamento";"Com Vítimas Feridas";"Pleno dia";"Decrescente";"Céu Claro";"Dupla";"Reta";"Sim";1;0;1;0;0;0;1;1;-20,8505829;-49,383795;"SPRF-SP";"DEL09-SP";"UOP01-DEL09-SP"
445788;2022-04-24;"domingo";"15:20:00";"RS";116;134,3;"CAXIAS DO SUL";"Ultrapassagem Indevida";"Colisão frontal";"Com Vítimas Feridas";"Pleno dia";"Decrescente";"Céu Claro";"Simples";"Curva";"Não";5;0;3;2;0;0;5;2;-29,06329012;-51,09842716;"SPRF-RS";"DEL05-RS";"UOP01-DEL05-RS"
445789;2022-04-24;"domingo";"17:35:00";"SP";116;288;"ITAPECERICA DA SERRA";"Frear bruscamente";"Colisão traseira";"Com Vítimas Feridas";"Anoitecer";"Crescente";"Céu Claro";"Simples";"Curva";"Não";4;0;1;0;3;0;1;2;-23,719254;-46,883144;"SPRF-SP";"DEL04-SP";"UOP01-DEL04-SP"
445790;2022-04-24;"domingo";"17:30:00";"PR";369;191;"ARAPONGAS";"Reação tardia ou ineficiente do condutor";"Colisão traseira";"Com Vítimas Feridas";"Anoitecer";"Crescente";"Céu Claro";"Dupla";"Reta";"Não";2;0;1;0;1;0;1;2;-23,473321;-51,423873;"SPRF-PR";"DEL07-PR";"UOP02-DEL07-PR"
445793;2022-04-24;"domingo";"17:45:00";"BA";101;893;"CARAVELAS";"Reação tardia ou ineficiente do condutor";"Saída de leito carroçável";"Com Vítimas Feridas";"Anoitecer";"Decrescente";"Céu Claro";"Simples";"Reta";"Não";4;0;4;0;0;0;4;1;-17,73135579;-39,76673126;"SPRF-BA";"DEL09-BA";"UOP02-DEL09-BA"
445794;2022-04-24;"domingo";"17:15:00";"SC";470;166,7;"POUSO REDONDO";"Manobra de mudança de faixa";"Colisão frontal";"Com Vítimas Feridas";"Pleno dia";"Decrescente";"Céu Claro";"Simples";"Reta";"Não";9;0;2;6;1;0;8;4;-27,275208;-49,855125;"SPRF-SC";"DEL04-SC";"UOP02-DEL04-SC"
445795;2022-04-24;"domingo";"13:30:00";"BA";30;390;"BRUMADO";"Condutor Dormindo";"Saída de leito carroçável";"Com Vítimas Feridas";"Pleno dia";"Crescente";"Céu Claro";"Simples";"Reta";"Não";1;0;0;1;0;0;1;1;-14,149288;-41,456937;"SPRF-BA";"DEL08-BA";"UOP01-DEL08-BA"
445796;2022-04-24;"domingo";"18:10:00";"RS";392;719,2;"PORTO XAVIER";"Condutor Dormindo";"Saída de leito carroçável";"Com Vítimas Feridas";"Anoitecer";"Decrescente";"Céu Claro";"Simples";"Reta";"Não";4;0;0;4;0;0;4;1;-27,98137603;-55,1321389;"SPRF-RS";"DEL10-RS";"UOP01-DEL10-RS"
445800;2022-04-24;"domingo";"17:30:00";"SP";116;285;"ITAPECERICA DA SERRA";"Trafegar com motocicleta (ou similar) entre as faixas";"Colisão lateral mesmo sentido";"Com Vítimas Feridas";"Anoitecer";"Decrescente";"Céu Claro";"Dupla";"Reta";"Sim";2;0;1;0;1;0;1;2;-23,70407794;-46,87249709;"SPRF-SP";"DEL04-SP";"UOP01-DEL04-SP"
445801;2022-04-24;"domingo";"16:30:00";"RJ";356;50,7;"ITAPERUNA";"Acessar a via sem observar a presença dos outros veículos";"Colisão transversal";"Com Vítimas Feridas";"Pleno dia";"Decrescente";"Céu Claro";"Simples";"Rotatória";"Não";2;0;1;0;1;0;1;2;-21,2573533;-41,77513029;"SPRF-RJ";"DEL08-RJ";"UOP03-DEL08-RJ"
445802;2022-04-24;"domingo";"18:05:00";"PE";424;81;"CAETES";"Falta de acostamento";"Atropelamento de Animal";"Com Vítimas Feridas";"Plena Noite";"Decrescente";"Céu Claro";"Simples";"Declive;Reta";"Não";2;0;1;1;0;0;2;2;-8,83566196;-36,53934997;"SPRF-PE";"DEL03-PE";"UOP01-DEL03-PE"
445803;2022-04-24;"domingo";"16:50:00";"PR";163;56,9;"PEROLA DOESTE";"Avarias e/ou desgaste excessivo no pneu";"Saída de leito carroçável";"Com Vítimas Fatais";"Pleno dia";"Crescente";"Sol";"Simples";"Declive;Curva";"Não";6;1;1;4;0;0;5;1;-25,894553;-53,754379;"SPRF-PR";"DEL02-PR";"UOP02-DEL02-PR"
445804;2022-01-18;"terça-feira";"10:00:00";"MG";251;322;"SALINAS";"Ingestão de álcool pelo condutor";"Tombamento";"Com Vítimas Feridas";"Pleno dia";"Decrescente";"Ignorado";"Simples";"Reta";"Não";1;0;0;1;0;0;1;1;-16,16917541;-42,32774734;"SPRF-MG";"DEL12-MG";"UOP01-DEL12-MG"
445805;2022-04-24;"domingo";"18:20:00";"RJ";101;496;"ANGRA DOS REIS";"Ingestão de álcool pelo condutor";"Colisão traseira";"Com Vítimas Feridas";"Plena Noite";"Crescente";"Céu Claro";"Simples";"Reta";"Não";3;0;1;0;2;0;1;3;-22,92380194;-44,32287703;"SPRF-RJ";"DEL03-RJ";"UOP03-DEL03-RJ"
445807;2022-04-24;"domingo";"17:10:00";"SC";470;238;"SAO CRISTOVAO DO SUL";"Ingestão de álcool pelo condutor";"Saída de leito carroçável";"Com Vítimas Feridas";"Anoitecer";"Crescente";"Céu Claro";"Simples";"Curva";"Não";5;0;4;0;1;0;4;1;-27,304041;-50,464909;"SPRF-SC";"DEL05-SC";"UOP03-DEL05-SC"
445808;2022-04-24;"domingo";"18:42:00";"SP";153;63,1;"SAO JOSE DO RIO PRETO";"Ausência de reação do condutor";"Saída de leito carroçável";"Com Vítimas Feridas";"Anoitecer";"Crescente";"Céu Claro";"Dupla";"Retorno Regulamentado";"Sim";2;0;1;0;1;0;1;1;-20,82149698;-49,35764818;"SPRF-SP";"DEL09-SP";"UOP01-DEL09-SP"
445809;2022-04-24;"domingo";"16:45:00";"PI";343;173;"PIRIPIRI";"Velocidade Incompatível";"Tombamento";"Com Vítimas Feridas";"Pleno dia";"Crescente";"Garoa/Chuvisco";"Simples";"Reta";"Sim";2;0;0;2;0;0;2;1;-4,185441;-41,788273;"SPRF-PI";"DEL02-PI";"UOP01-DEL02-PI"
445811;2022-04-24;"domingo";"18:30:00";"ES";262;72,8;"MARECHAL FLORIANO";"Velocidade Incompatível";"Tombamento";"Com Vítimas Feridas";"Plena Noite";"Decrescente";"Garoa/Chuvisco";"Simples";"Ponte";"Não";1;0;0;1;0;0;1;1;-20,41677712;-40,87962862;"SPRF-ES";"DEL01-ES";"UOP02-DEL01-ES"
445812;2022-04-24;"domingo";"18:42:00";"PE";428;185;"PETROLINA";"Condutor deixou de manter distância do veículo da frente";"Colisão traseira";"Com Vítimas Feridas";"Plena Noite";"Crescente";"Céu Claro";"Simples";"Reta";"Sim";4;0;0;1;1;2;1;3;-9,34009199;-40,47032001;"SPRF-PE";"DEL06-PE";"UOP01-DEL06-PE"
445813;2022-04-24;"domingo";"18:20:00";"RJ";393;171;"TRES RIOS";"Acesso irregular";"Colisão transversal";"Com Vítimas Feridas";"Plena Noite";"Crescente";"Céu Claro";"Simples";"Reta";"Não";6;0;1;5;0;0;6;2;-22,12300119;-43,16875093;"SPRF-RJ";"DEL05-RJ";"UOP02-DEL05-RJ"
445815;2022-04-24;"domingo";"17:40:00";"PR";116;136;"MANDIRITUBA";"Ingestão de álcool pelo condutor";"Saída de leito carroçável";"Com Vítimas Feridas";"Anoitecer";"Crescente";"Céu Claro";"Dupla";"Reta";"Sim";4;0;1;0;3;0;1;1;-25,69308504;-49,31768479;"SPRF-PR";"DEL01-PR";"UOP03-DEL01-PR"
445816;2022-04-24;"domingo";"12:15:00";"SC";282;124;"BOM RETIRO";"Ingestão de álcool pelo condutor";"Colisão com objeto";"Sem Vítimas";"Pleno dia";"Decrescente";"Céu Claro";"Simples";"Reta";"Não";4;0;0;0;4;0;0;2;-27,801258;-49,468643;"SPRF-SC";"DEL05-SC";"UOP01-DEL05-SC"
445817;2022-04-24;"domingo";"18:20:00";"ES";262;20,5;"VIANA";"Reação tardia ou ineficiente do condutor";"Colisão traseira";"Com Vítimas Feridas";"Plena Noite";"Decrescente";"Sol";"Simples";"Reta";"Não";4;0;0;1;3;0;1;2;-20,38569081;-40,49680586;"SPRF-ES";"DEL01-ES";"UOP01-DEL01-ES"
445818;2022-04-22;"sexta-feira";"19:44:00";"BA";101;221;"MURITIBA";"Transitar na contramão";"Colisão frontal";"Com Vítimas Feridas";"Plena Noite";"Crescente";"Nublado";"Simples";"Reta";"Sim";5;0;3;1;1;0;4;2;-12,6711566;-39,13330078;"SPRF-BA";"DEL01-BA";"UOP02-DEL01-BA"
445820;2022-04-24;"domingo";"17:45:00";"PE";232;210,8;"PESQUEIRA";"Reação tardia ou ineficiente do condutor";"Colisão com objeto";"Com Vítimas Fatais";"Anoitecer";"Crescente";"Céu Claro";"Simples";"Reta";"Não";1;1;0;0;0;0;0;1;-8,36537624;-36,69766903;"SPRF-PE";"DEL03-PE";"UOP02-DEL03-PE"
445821;2022-04-24;"domingo";"15:30:00";"SP";116;215;"GUARULHOS";"Reação tardia ou ineficiente do condutor";"Eventos atípicos";"Com Vítimas Feridas";"Pleno dia";"Decrescente";"Céu Claro";"Múltipla";"Reta";"Sim";1;0;0;1;0;0;1;1;-23,44695693;-46,45394103;"SPRF-SP";"DEL01-SP";"UOP01-DEL01-SP"
445822;2022-04-24;"domingo";"12:00:00";"BA";349;1057;"CORRENTINA";"Velocidade Incompatível";"Saída de leito carroçável";"Com Vítimas Fatais";"Pleno dia";"Crescente";"Céu Claro";"Simples";"Reta";"Não";4;1;3;0;0;0;3;1;-13,34775335;-44,63734466;"SPRF-BA";"DEL10-BA";"UOP01-DEL10-BA"
445823;2022-04-24;"domingo";"19:00:00";"MG";381;940,8;"EXTREMA";"Curva acentuada";"Queda de ocupante de veículo";"Sem Vítimas";"Plena Noite";"Decrescente";"Céu Claro";"Dupla";"Curva";"Não";1;0;0;0;0;1;0;1;-22,86021873;-46,34260711;"SPRF-MG";"DEL16-MG";"UOP03-DEL16-MG"
445826;2022-04-24;"domingo";"18:30:00";"RJ";101;53;"CAMPOS DOS GOYTACAZES";"Condutor deixou de manter distância do veículo da frente";"Engavetamento";"Com Vítimas Feridas";"Plena Noite";"Crescente";"Céu Claro";"Simples";"Reta";"Sim";10;0;1;0;9;0;1;3;-21,660484;-41,31128898;"SPRF-RJ";"DEL08-RJ";"UOP01-DEL08-RJ"
445827;2022-04-24;"domingo";"18:20:00";"MG";50;180;"UBERABA";"Condutor deixou de manter distância do veículo da frente";"Colisão traseira";"Sem Vítimas";"Plena Noite";"Crescente";"Céu Claro";"Simples";"Interseção de Vias;Retorno Regulamentado";"Não";2;0;0;0;2;0;0;2;-19,77848216;-47,92194709;"SPRF-MG";"DEL13-MG";"UOP01-DEL13-MG"
445828;2022-04-24;"domingo";"19:00:00";"AP";210;0;"MACAPA";"Ingestão de álcool pelo condutor";"Tombamento";"Com Vítimas Feridas";"Plena Noite";"Decrescente";"Nublado";"Dupla";"Reta";"Sim";1;0;1;0;0;0;1;1;0,07780012;-51,06097;"SPRF-AP";"DEL01-AP";"UOP01-DEL01-AP"
445829;2022-04-24;"domingo";"12:20:00";"SC";282;126;"BOM RETIRO";"Ingestão de álcool pelo condutor";"Saída de leito carroçável";"Com Vítimas Feridas";"Pleno dia";"Crescente";"Céu Claro";"Simples";"Reta";"Não";1;0;1;0;0;0;1;1;-27,801258;-49,468643;"SPRF-SC";"DEL05-SC";"UOP01-DEL05-SC"
445830;2022-04-24;"domingo";"17:30:00";"PR";116;126;"FAZENDA RIO GRANDE";"Manobra de mudança de faixa";"Colisão lateral mesmo sentido";"Com Vítimas Feridas";"Plena Noite";"Decrescente";"Céu Claro";"Múltipla";"Reta";"Sim";2;0;0;1;1;0;1;2;-25,64409916;-49,31277752;"SPRF-PR";"DEL01-PR";"UOP03-DEL01-PR"
445831;2022-04-24;"domingo";"17:25:00";"PR";277;511,1;"GUARANIACU";"Frear bruscamente";"Colisão traseira";"Com Vítimas Feridas";"Pleno dia";"Decrescente";"Céu Claro";"Simples";"Reta";"Não";2;0;1;0;1;0;1;1;-25,12170846;-52,76593808;"SPRF-PR";"DEL04-PR";"UOP01-DEL04-PR"
445833;2022-04-24;"domingo";"19:20:00";"GO";40;4;"VALPARAISO DE GOIAS";"Entrada inopinada do pedestre";"Atropelamento de Pedestre";"Com Vítimas Feridas";"Plena Noite";"Crescente";"Céu Claro";"Dupla";"Reta;Declive";"Sim";3;0;1;1;1;0;2;3;-16,085241;-47,986752;"SPRF-DF";"DEL01-DF";"UOP01-DEL01-DF"
445834;2022-03-23;"quarta-feira";"16:45:00";"BA";101;293;"VALENCA";"Ultrapassagem Indevida";"Colisão frontal";"Com Vítimas Feridas";"Anoitecer";"Crescente";"Garoa/Chuvisco";"Simples";"Curva";"Não";3;0;0;3;0;0;3;2;-13,3219223;-39,35922953;"SPRF-BA";"DEL01-BA";"UOP02-DEL01-BA"
445835;2022-04-24;"domingo";"19:10:00";"SP";116;145;"SAO JOSE DOS CAMPOS";"Reação tardia ou ineficiente do condutor";"Colisão traseira";"Com Vítimas Feridas";"Plena Noite";"Decrescente";"Nublado";"Dupla";"Reta";"Sim";2;0;1;0;1;0;1;2;-23,1869844;-45,8548078;"SPRF-SP";"DEL02-SP";"UOP01-DEL02-SP"
445836;2022-04-24;"domingo";"19:30:00";"BA";20;204;"LUIS EDUARDO MAGALHAES";"Ultrapassagem Indevida";"Colisão frontal";"Com Vítimas Feridas";"Plena Noite";"Decrescente";"Céu Claro";"Simples";"Reta";"Não";5;0;1;2;2;0;3;2;-12,15559021;-45,8191976;"SPRF-BA";"DEL10-BA";"UOP01-DEL10-BA"
445837;2022-04-24;"domingo";"19:00:00";"GO";60;97,5;"ANAPOLIS";"Ingestão de álcool pelo condutor";"Colisão com objeto";"Com Vítimas Feridas";"Plena Noite";"Decrescente";"Céu Claro";"Dupla";"Reta";"Sim";1;0;0;1;0;0;1;1;-16,38398327;-48,95407992;"SPRF-GO";"DEL02-GO";"UOP01-DEL02-GO"
445838;2022-04-24;"domingo";"19:50:00";"SC";101;223;"PALHOCA";"Manobra de mudança de faixa";"Colisão lateral mesmo sentido";"Com Vítimas Feridas";"Plena Noite";"Decrescente";"Céu Claro";"Múltipla";"Aclive;Reta";"Sim";2;0;1;0;1;0;1;2;-27,71552634;-48,64881251;"SPRF-SC";"DEL01-SC";"UOP02-DEL01-SC"
445839;2022-04-24;"domingo";"20:00:00";"PR";376;187,3;"MARIALVA";"Condutor deixou de manter distância do veículo da frente";"Colisão traseira";"Com Vítimas Feridas";"Plena Noite";"Crescente";"Céu Claro";"Dupla";"Reta";"Sim";3;0;0;1;1;1;1;3;-23,46141044;-51,83659926;"SPRF-PR";"DEL09-PR";"UOP01-DEL09-PR"
445840;2022-04-24;"domingo";"20:14:00";"MG";381;486,7;"BETIM";"Reação tardia ou ineficiente do condutor";"Tombamento";"Com Vítimas Feridas";"Plena Noite";"Decrescente";"Céu Claro";"Múltipla";"Aclive;Reta";"Sim";1;0;1;0;0;0;1;1;-19,95644414;-44,13611598;"SPRF-MG";"DEL01-MG";"UOP03-DEL01-MG"
445841;2022-04-24;"domingo";"19:50:00";"PR";373;182,9;"PONTA GROSSA";"Condutor deixou de manter distância do veículo da frente";"Engavetamento";"Com Vítimas Feridas";"Plena Noite";"Decrescente";"Céu Claro";"Dupla";"Reta";"Sim";5;0;0;1;4;0;1;3;-25,04193864;-50,26741587;"SPRF-PR";"DEL03-PR";"UOP01-DEL03-PR"
445842;2022-04-24;"domingo";"19:25:00";"MS";163;612;"SAO GABRIEL DO OESTE";"Demais falhas mecânicas ou elétricas";"Tombamento";"Com Vítimas Feridas";"Plena Noite";"Crescente";"Céu Claro";"Simples";"Curva";"Sim";1;0;0;1;0;0;1;1;-19,42060818;-54,54960119;"SPRF-MS";"DEL06-MS";"UOP02-DEL06-MS"
445843;2022-04-24;"domingo";"19:50:00";"PR";116;109;"CURITIBA";"Condutor deixou de manter distância do veículo da frente";"Colisão lateral mesmo sentido";"Com Vítimas Fatais";"Plena Noite";"Crescente";"Nublado";"Dupla";"Reta";"Sim";5;1;0;0;1;3;0;4;-25,57147018;-49,19760597;"SPRF-PR";"DEL01-PR";"UOP06-DEL01-PR"
445844;2022-04-24;"domingo";"20:00:00";"SC";101;460;"PASSO DE TORRES";"Ingestão de álcool pelo condutor";"Saída de leito carroçável";"Sem Vítimas";"Plena Noite";"Decrescente";"Céu Claro";"Dupla";"Reta";"Não";1;0;0;0;1;0;0;1;-29,25788799;-49,7565232;"SPRF-RS";"DEL03-RS";"UOP02-DEL03-RS"
445845;2022-04-24;"domingo";"20:30:00";"PR";369;149,2;"LONDRINA";"Entrada inopinada do pedestre";"Atropelamento de Pedestre";"Com Vítimas Feridas";"Plena Noite";"Decrescente";"Céu Claro";"Dupla";"Reta";"Sim";2;0;0;1;1;0;1;2;-23,292934;-51,156373;"SPRF-PR";"DEL07-PR";"UOP01-DEL07-PR"
445847;2022-04-24;"domingo";"20:30:00";"RN";304;48;"MOSSORO";"Ingestão de álcool pelo condutor";"Colisão com objeto";"Com Vítimas Feridas";"Plena Noite";"Crescente";"Céu Claro";"Dupla";"Curva";"Sim";2;0;2;0;0;0;2;1;-5,22868577;-37,32203081;"SPRF-RN";"DEL04-RN";"UOP01-DEL04-RN"
445849;2022-04-24;"domingo";"19:00:00";"MG";356;267,4;"MURIAE";"Desrespeitar a preferência no cruzamento";"Colisão transversal";"Com Vítimas Feridas";"Plena Noite";"Decrescente";"Céu Claro";"Simples";"Reta;Interseção de Vias";"Sim";2;0;0;1;1;0;1;2;-21,12725696;-42,35052695;"SPRF-MG";"DEL07-MG";"UOP02-DEL07-MG"
445850;2022-04-24;"domingo";"21:00:00";"SC";101;149;"ITAPEMA";"Reação tardia ou ineficiente do condutor";"Tombamento";"Com Vítimas Feridas";"Plena Noite";"Decrescente";"Céu Claro";"Dupla";"Reta";"Sim";1;0;0;1;0;0;1;1;-27,1089649;-48,61277586;"SPRF-SC";"DEL04-SC";"UOP03-DEL04-SC"
445851;2022-04-24;"domingo";"19:35:00";"MT";163;926;"ITAUBA";"Animais na Pista";"Atropelamento de Animal";"Sem Vítimas";"Plena Noite";"Decrescente";"Céu Claro";"Simples";"Declive;Reta";"Não";1;0;0;0;1;0;0;1;-11,207524;-55,30540603;"SPRF-MT";"DEL06-MT";"NPF/DEL06-MT"
445852;2022-04-24;"domingo";"20:05:00";"MA";10;247;"IMPERATRIZ";"Transitar na contramão";"Colisão frontal";"Com Vítimas Feridas";"Plena Noite";"Crescente";"Céu Claro";"Simples";"Reta";"Sim";4;0;2;0;1;1;2;3;-5,573772;-47,443893;"SPRF-MA";"DEL04-MA";"UOP01-DEL04-MA"
445853;2022-04-24;"domingo";"20:00:00";"PI";316;355,9;"CAMPO GRANDE DO PIAUI";"Transitar na contramão";"Colisão frontal";"Com Vítimas Fatais";"Plena Noite";"Decrescente";"Nublado";"Simples";"Reta";"Não";3;1;0;2;0;0;2;2;-7,12844337;-41,07415093;"SPRF-PI";"DEL04-PI";"UOP03-DEL04-PI"
445854;2022-04-24;"domingo";"18:45:00";"SC";116;303;"CAPAO ALTO";"Reação tardia ou ineficiente do condutor";"Queda de ocupante de veículo";"Com Vítimas Feridas";"Plena Noite";"Crescente";"Céu Claro";"Simples";"Reta";"Não";2;0;2;0;0;0;2;1;-28,18586376;-50,71038115;"SPRF-SC";"DEL05-SC";"UOP02-DEL05-SC"
445855;2022-04-24;"domingo";"19:35:00";"PR";277;719;"FOZ DO IGUACU";"Manobra de mudança de faixa";"Saída de leito carroçável";"Com Vítimas Feridas";"Plena Noite";"Decrescente";"Céu Claro";"Dupla";"Reta";"Sim";1;0;1;0;0;0;1;1;-25,48375622;-54,49425791;"SPRF-PR";"DEL05-PR";"UOP03-DEL05-PR"
445857;2022-04-24;"domingo";"15:05:00";"BA";116;638;"JAGUAQUARA";"Fumaça";"Incêndio";"Sem Vítimas";"Pleno dia";"Crescente";"Céu Claro";"Simples";"Aclive";"Não";2;0;0;0;2;0;0;1;-13,51479285;-40,0571633;"SPRF-BA";"DEL03-BA";"UOP01-DEL03-BA"
445858;2022-04-24;"domingo";"13:00:00";"CE";20;313,5;"CANINDE";"Pista esburacada";"Colisão traseira";"Com Vítimas Feridas";"Pleno dia";"Crescente";"Céu Claro";"Simples";"Reta";"Não";2;0;0;1;1;0;1;1;-4,312357;-39,266684;"SPRF-CE";"DEL02-CE";"UOP01-DEL02-CE"
445859;2022-04-24;"domingo";"17:30:00";"RO";364;726;"PORTO VELHO";"Reação tardia ou ineficiente do condutor";"Colisão lateral mesmo sentido";"Com Vítimas Feridas";"Pleno dia";"Decrescente";"Céu Claro";"Simples";"Reta";"Não";6;0;2;0;4;0;2;2;-8,858763;-63,94454799;"SPRF-RO";"DEL01-RO";"UOP01-DEL01-RO"
445860;2022-04-24;"domingo";"22:11:00";"RS";386;440;"CANOAS";"Ingestão de álcool e/ou substâncias psicoativas pelo pedestre";"Colisão lateral mesmo sentido";"Sem Vítimas";"Plena Noite";"Decrescente";"Nublado";"Dupla";"Reta";"Não";2;0;0;0;2;0;0;1;-29,878265;-51,241951;"SPRF-RS";"DEL01-RS";"UOP01-DEL01-RS"
445862;2022-04-24;"domingo";"21:40:00";"PR";277;572,2;"CASCAVEL";"Desrespeitar a preferência no cruzamento";"Colisão transversal";"Sem Vítimas";"Plena Noite";"Crescente";"Nublado";"Simples";"Curva;Interseção de Vias";"Não";2;0;0;0;2;0;0;2;-25,00737801;-53,29663858;"SPRF-PR";"DEL04-PR";"UOP01-DEL04-PR"