"id";"data_inversa";"dia_semana";"horario";"uf";"br";"km";"municipio";"causa_acidente";"tipo_acidente";"classificacao_acidente";"fase_dia";"sentido_via";"condicao_metereologica";"tipo_pista";"tracado_via";"uso_solo";"pessoas";"mortos";"feridos_leves";"feridos_graves";"ilesos";"ignorados";"feridos";"veiculos";"latitude";"longitude";"regional";"delegacia";"uop"
445863;2022-04-24;"domingo";"21:11:00";"GO";414;436;"ANAPOLIS";"Ausência de reação do condutor";"Saída de leito carroçável";"Com Vítimas Feridas";"Plena Noite";"Crescente";"Céu Claro";"Simples";"Reta";"Sim";2;0;2;0;0;0;2;1;-16,25482505;-48,9361188;"SPRF-GO";"DEL02-GO";"UOP01-DEL02-GO"
445864;2022-04-24;"domingo";"22:25:00";"ES";101;260,7;"SERRA";"Condutor Dormindo";"Colisão com objeto";"Com Vítimas Feridas";"Plena Noite";"Crescente";"Céu Claro";"Dupla";"Curva";"Não";1;0;1;0;0;0;1;1;-20,14659705;-40,28270982;"SPRF-ES";"DEL02-ES";"UOP01-DEL02-ES"
445865;2022-04-24;"domingo";"22:30:00";"BA";324;7;"FEIRA DE SANTANA";"Ingestão de álcool pelo condutor";"Colisão com objeto";"Com Vítimas Fatais";"Plena Noite";"Crescente";"Nublado";"Simples";"Curva";"Não";1;1;0;0;0;0;0;1;-12,26809067;-38,98866338;"SPRF-BA";"DEL02-BA";"UOP01-DEL02-BA"
445866;2022-04-24;"domingo";"16:15:00";"GO";60;363;"RIO VERDE";"Ingestão de álcool pelo condutor";"Colisão transversal";"Com Vítimas Fatais";"Pleno dia";"Crescente";"Céu Claro";"Dupla";"Reta";"Não";6;1;4;1;0;0;5;2;-17,6437;-50,7904;"SPRF-GO";"DEL04-GO";"UOP01-DEL04-GO"
445868;2022-04-24;"domingo";"22:45:00";"SP";116;208;"GUARULHOS";"Reação tardia ou ineficiente do condutor";"Colisão traseira";"Com Vítimas Feridas";"Plena Noite";"Crescente";"Céu Claro";"Múltipla";"Reta";"Sim";3;0;1;0;2;0;1;2;-23,42222263;-46,3932771;"SPRF-SP";"DEL01-SP";"UOP01-DEL01-SP"
445870;2022-04-24;"domingo";"08:00:00";"SC";101;309;"LAGUNA";"Reação tardia ou ineficiente do condutor";"Capotamento";"Com Vítimas Feridas";"Pleno dia";"Decrescente";"Céu Claro";"Múltipla";"Reta";"Sim";1;0;0;1;0;0;1;1;-28,42931427;-48,76728058;"SPRF-SC";"DEL02-SC";"UOP01-DEL02-SC"
445871;2022-04-24;"domingo";"19:50:00";"RO";364;709,8;"PORTO VELHO";"Pista esburacada";"Tombamento";"Com Vítimas Feridas";"Plena Noite";"Decrescente";"Céu Claro";"Simples";"Reta;Interseção de Vias";"Sim";2;0;1;1;0;0;2;1;-8,787255;-63,855876;"SPRF-RO";"DEL01-RO";"UOP01-DEL01-RO"
445872;2022-04-24;"domingo";"23:00:00";"MG";40;780,9;"JUIZ DE FORA";"Condutor deixou de manter distância do veículo da frente";"Colisão traseira";"Com Vítimas Feridas";"Plena Noite";"Decrescente";"Céu Claro";"Dupla";"Retorno Regulamentado";"Não";5;0;1;0;4;0;1;2;-21,70552248;-43,45101357;"SPRF-MG";"DEL05-MG";"UOP01-DEL05-MG"
445873;2022-04-24;"domingo";"23:20:00";"RJ";493;59;"DUQUE DE CAXIAS";"Animais na Pista";"Saída de leito carroçável";"Com Vítimas Feridas";"Plena Noite";"Decrescente";"Céu Claro";"Dupla";"Reta";"Não";3;0;2;0;1;0;2;2;-22,6702;-43,378919;"SPRF-RJ";"DEL01-RJ";"UOP03-DEL01-RJ"
445874;2022-04-24;"domingo";"22:55:00";"DF";60;4,5;"BRASILIA";"Acessar a via sem observar a presença dos outros veículos";"Colisão lateral mesmo sentido";"Sem Vítimas";"Plena Noite";"Crescente";"Céu Claro";"Dupla";"Reta";"Sim";2;0;0;0;2;0;0;2;-15,892721;-48,095741;"SPRF-DF";"DEL03-DF";"UOP01-DEL03-DF"
445875;2022-04-24;"domingo";"22:10:00";"BA";235;352;"JUAZEIRO";"Acessar a via sem observar a presença dos outros veículos";"Colisão transversal";"Com Vítimas Feridas";"Plena Noite";"Decrescente";"Céu Claro";"Simples";"Interseção de Vias";"Sim";2;0;1;0;1;0;1;2;-9,4077522;-40,50490917;"SPRF-PE";"DEL06-PE";"UOP01-DEL06-PE"
445876;2022-04-24;"domingo";"23:40:00";"BA";324;7;"FEIRA DE SANTANA";"Ingestão de álcool pelo condutor";"Colisão frontal";"Com Vítimas Feridas";"Plena Noite";"Crescente";"Nublado";"Dupla";"Reta";"Não";2;0;0;1;0;1;1;2;-12,26888934;-38,9887619;"SPRF-BA";"DEL02-BA";"UOP01-DEL02-BA"
445877;2022-04-24;"domingo";"23:30:00";"SC";470;70,8;"INDAIAL";"Transitar na contramão";"Colisão frontal";"Com Vítimas Fatais";"Plena Noite";"Decrescente";"Céu Claro";"Simples";"Reta;Em Obras";"Sim";3;1;1;1;0;0;2;3;-26,89545731;-49,26237437;"SPRF-SC";"DEL04-SC";"UOP01-DEL04-SC"
445878;2022-04-24;"domingo";"16:10:00";"RJ";101;187;"CASIMIRO DE ABREU";"Retorno proibido";"Colisão transversal";"Com Vítimas Feridas";"Pleno dia";"Crescente";"Nublado";"Simples";"Reta";"Não";5;0;1;0;4;0;1;2;-22,44316606;-42,04719691;"SPRF-RJ";"DEL08-RJ";"UOP04-DEL08-RJ"
445880;2022-04-24;"domingo";"23:50:00";"SP";116;293;"ITAPECERICA DA SERRA";"Velocidade Incompatível";"Tombamento";"Com Vítimas Feridas";"Plena Noite";"Crescente";"Céu Claro";"Dupla";"Reta";"Não";1;0;0;1;0;0;1;1;-23,75393807;-46,90168863;"SPRF-SP";"DEL04-SP";"UOP01-DEL04-SP"
445881;2022-04-24;"domingo";"19:15:00";"MG";267;48;"MARIPA DE MINAS";"Reação tardia ou ineficiente do condutor";"Capotamento";"Com Vítimas Feridas";"Plena Noite";"Decrescente";"Ignorado";"Simples";"Curva";"Não";6;0;5;0;0;1;5;1;-21,69305957;-42,95783525;"SPRF-MG";"DEL07-MG";"UOP01-DEL07-MG"
445882;2022-04-24;"domingo";"23:15:00";"PI";230;310;"FLORIANO";"Ausência de reação do condutor";"Colisão traseira";"Com Vítimas Feridas";"Plena Noite";"Crescente";"Céu Claro";"Simples";"Reta";"Sim";2;0;2;0;0;0;2;2;-6,76580135;-43,00941327;"SPRF-PI";"DEL03-PI";"UOP01-DEL03-PI"
445883;2022-04-24;"domingo";"22:00:00";"MS";463;75,7;"PONTA PORA";"Manobra de mudança de faixa";"Colisão frontal";"Com Vítimas Feridas";"Plena Noite";"Crescente";"Ignorado";"Simples";"Reta";"Não";3;0;0;1;2;0;1;2;-22,49753431;-55,43273774;"SPRF-MS";"DEL04-MS";"UOP03-DEL04-MS"
445884;2022-04-24;"domingo";"22:45:00";"PR";369;180;"ARAPONGAS";"Velocidade Incompatível";"Colisão traseira";"Sem Vítimas";"Plena Noite";"Crescente";"Céu Claro";"Dupla";"Reta";"Sim";3;0;0;0;2;1;0;2;-23,37254152;-51,41131639;"SPRF-PR";"DEL07-PR";"UOP03-DEL07-PR"
445885;2022-04-24;"domingo";"22:10:00";"MG";262;53,2;"MANHUACU";"Ingestão de álcool pelo condutor";"Colisão transversal";"Com Vítimas Feridas";"Plena Noite";"Crescente";"Céu Claro";"Simples";"Reta";"Não";4;0;1;0;2;1;1;2;-20,25369201;-42,15987098;"SPRF-MG";"DEL06-MG";"UOP03-DEL06-MG"
445886;2022-04-25;"segunda-feira";"00:10:00";"MG";40;530;"CONTAGEM";"Animais na Pista";"Atropelamento de Animal";"Com Vítimas Feridas";"Plena Noite";"Decrescente";"Céu Claro";"Dupla";"Curva;Declive";"Sim";1;0;1;0;0;0;1;1;-19,92064782;-44,0335681;"SPRF-MG";"DEL01-MG";"UOP02-DEL01-MG"
445887;2022-04-24;"domingo";"19:30:00";"BA";324;219;"OUROLANDIA";"Ausência de sinalização";"Colisão traseira";"Com Vítimas Fatais";"Plena Noite";"Crescente";"Céu Claro";"Simples";"Reta";"Não";2;1;0;0;0;1;0;2;-10,914617;-41,129589;"SPRF-BA";"DEL04-BA";"UOP02-DEL04-BA"
445888;2022-04-25;"segunda-feira";"01:30:00";"SC";101;162;"TIJUCAS";"Reação tardia ou ineficiente do condutor";"Tombamento";"Com Vítimas Feridas";"Plena Noite";"Crescente";"Céu Claro";"Dupla";"Reta";"Não";2;0;0;2;0;0;2;1;-27,22554009;-48,6279367;"SPRF-SC";"DEL04-SC";"UOP03-DEL04-SC"
445889;2022-04-24;"domingo";"21:50:00";"MA";402;32;"AXIXA";"Ultrapassagem Indevida";"Colisão frontal";"Com Vítimas Feridas";"Plena Noite";"Decrescente";"Céu Claro";"Simples";"Curva";"Não";4;0;1;0;3;0;1;2;-2,865154;-44,086155;"SPRF-MA";"DEL01-MA";"UOP01-DEL01-MA"
445890;2022-04-25;"segunda-feira";"02:30:00";"RS";290;108;"ELDORADO DO SUL";"Ingestão de álcool pelo condutor";"Saída de leito carroçável";"Com Vítimas Feridas";"Plena Noite";"Crescente";"Céu Claro";"Dupla";"Curva";"Sim";1;0;1;0;0;0;1;1;-30,006546;-51,312927;"SPRF-RS";"DEL02-RS";"UOP01-DEL02-RS"
445891;2022-04-25;"segunda-feira";"01:35:00";"PI";316;311;"PICOS";"Reação tardia ou ineficiente do condutor";"Engavetamento";"Com Vítimas Feridas";"Plena Noite";"Decrescente";"Céu Claro";"Simples";"Reta";"Sim";3;0;0;1;0;2;1;3;-7,076331;-41,46596;"SPRF-PI";"DEL04-PI";"UOP01-DEL04-PI"
445892;2022-04-25;"segunda-feira";"02:20:00";"PE";104;53;"CARUARU";"Velocidade Incompatível";"Colisão traseira";"Sem Vítimas";"Plena Noite";"Decrescente";"Nublado";"Dupla";"Reta";"Sim";2;0;0;0;2;0;0;2;-8,1837;-35,967;"SPRF-PE";"DEL02-PE";"UOP01-DEL02-PE"
445893;2022-04-25;"segunda-feira";"03:10:00";"SP";116;158;"SAO JOSE DOS CAMPOS";"Ausência de reação do condutor";"Queda de ocupante de veículo";"Com Vítimas Feridas";"Amanhecer";"Crescente";"Céu Claro";"Dupla";"Declive";"Sim";1;0;0;1;0;0;1;1;-23,26072137;-45,95179176;"SPRF-SP";"DEL02-SP";"UOP01-DEL02-SP"
445894;2022-04-24;"domingo";"22:50:00";"MG";262;366,8;"JUATUBA";"Reação tardia ou ineficiente do condutor";"Saída de leito carroçável";"Sem Vítimas";"Plena Noite";"Decrescente";"Céu Claro";"Dupla";"Curva";"Sim";1;0;0;0;0;1;0;1;-19,97484114;-44,32661533;"SPRF-MG";"DEL01-MG";"UOP03-DEL01-MG"
445896;2022-04-24;"domingo";"22:40:00";"RN";101;81;"NATAL";"Velocidade Incompatível";"Saída de leito carroçável";"Com Vítimas Feridas";"Plena Noite";"Crescente";"Céu Claro";"Dupla";"Rotatória";"Sim";1;0;1;0;0;0;1;1;-5,76469466;-35,28295988;"SPRF-RN";"DEL02-RN";"UOP01-DEL02-RN"
445897;2022-04-24;"domingo";"19:40:00";"RS";471;161,5;"RIO PARDO";"Ingestão de álcool pelo condutor";"Colisão com objeto";"Sem Vítimas";"Plena Noite";"Crescente";"Céu Claro";"Simples";"Reta";"Não";1;0;0;0;1;0;0;1;-29,9147;-52,391598;"SPRF-RS";"DEL02-RS";"UOP03-DEL02-RS"
445898;2022-04-25;"segunda-feira";"03:50:00";"RJ";493;50;"DUQUE DE CAXIAS";"Ingestão de álcool pelo condutor";"Colisão com objeto";"Sem Vítimas";"Plena Noite";"Decrescente";"Céu Claro";"Dupla";"Viaduto;Reta";"Sim";2;0;0;0;2;0;0;2;-22,669506;-43,306495;"SPRF-RJ";"DEL01-RJ";"UOP01-DEL01-RJ"
445899;2022-04-25;"segunda-feira";"04:30:00";"SP";116;93,1;"PINDAMONHANGABA";"Manobra de mudança de faixa";"Colisão lateral mesmo sentido";"Com Vítimas Feridas";"Plena Noite";"Crescente";"Céu Claro";"Dupla";"Reta";"Não";4;0;2;0;2;0;2;2;-22,95653207;-45,41300297;"SPRF-SP";"DEL08-SP";"UOP01-DEL08-SP"
445900;2022-04-25;"segunda-feira";"04:30:00";"RS";386;446;"CANOAS";"Ingestão de álcool pelo condutor";"Colisão com objeto";"Sem Vítimas";"Plena Noite";"Crescente";"Nublado";"Dupla";"Retorno Regulamentado";"Não";1;0;0;0;0;1;0;1;-29,878265;-51,241951;"SPRF-RS";"DEL01-RS";"UOP01-DEL01-RS"
445902;2022-04-25;"segunda-feira";"05:40:00";"SE";235;23,6;"LARANJEIRAS";"Velocidade Incompatível";"Saída de leito carroçável";"Com Vítimas Feridas";"Amanhecer";"Crescente";"Chuva";"Simples";"Reta";"Não";1;0;0;1;0;0;1;1;-10,818329;-37,24316;"SPRF-SE";"DEL01-SE";"UOP02-DEL01-SE"
445905;2022-04-25;"segunda-feira";"05:30:00";"MT";0;0;"JACIARA";"Ausência de reação do condutor";"Queda de ocupante de veículo";"Com Vítimas Feridas";"Amanhecer";"Não Informado";"Céu Claro";"Dupla";"Interseção de Vias";"Não";1;0;1;0;0;0;1;1;-15,99414553;-54,92269948;"SPRF-MT";"DEL02-MT";"UOP01-DEL02-MT"
445906;2022-04-25;"segunda-feira";"05:50:00";"RJ";116;141;"DUQUE DE CAXIAS";"Acessar a via sem observar a presença dos outros veículos";"Colisão transversal";"Com Vítimas Feridas";"Amanhecer";"Crescente";"Céu Claro";"Simples";"Curva";"Sim";2;0;1;0;1;0;1;2;-22,64724486;-43,22083001;"SPRF-RJ";"DEL01-RJ";"UOP01-DEL01-RJ"
445907;2022-04-25;"segunda-feira";"06:45:00";"SP";116;225;"GUARULHOS";"Ausência de reação do condutor";"Colisão lateral mesmo sentido";"Com Vítimas Feridas";"Pleno dia";"Crescente";"Sol";"Múltipla";"Reta";"Sim";2;0;1;0;0;1;1;2;-23,48586772;-46,54075317;"SPRF-SP";"DEL01-SP";"UOP01-DEL01-SP"
445908;2022-04-25;"segunda-feira";"05:40:00";"ES";482;96;"ALEGRE";"Condutor deixou de manter distância do veículo da frente";"Colisão traseira";"Com Vítimas Feridas";"Amanhecer";"Crescente";"Céu Claro";"Dupla";"Curva";"Não";2;0;1;0;0;1;1;2;-20,76917066;-41,59862516;"SPRF-ES";"DEL03-ES";"UOP02-DEL03-ES"
445909;2022-04-25;"segunda-feira";"06:50:00";"MG";40;589;"ITABIRITO";"Reação tardia ou ineficiente do condutor";"Colisão transversal";"Com Vítimas Fatais";"Pleno dia";"Decrescente";"Chuva";"Simples";"Curva";"Sim";2;1;1;0;0;0;1;2;-20,35149094;-43,91313094;"SPRF-MG";"DEL01-MG";"UOP02-DEL01-MG"
445911;2022-04-25;"segunda-feira";"07:15:00";"SC";282;18;"PALHOCA";"Velocidade Incompatível";"Tombamento";"Com Vítimas Feridas";"Pleno dia";"Decrescente";"Céu Claro";"Simples";"Reta";"Sim";1;0;1;0;0;0;1;1;-27,672798;-48,694286;"SPRF-SC";"DEL01-SC";"UOP02-DEL01-SC"
445912;2022-04-25;"segunda-feira";"07:02:00";"GO";40;4,2;"VALPARAISO DE GOIAS";"Entrada inopinada do pedestre";"Atropelamento de Pedestre";"Com Vítimas Feridas";"Pleno dia";"Decrescente";"Céu Claro";"Dupla";"Reta";"Não";3;0;1;1;0;1;2;2;-16,085241;-47,986752;"SPRF-DF";"DEL01-DF";"UOP01-DEL01-DF"
445913;2022-02-14;"segunda-feira";"17:10:00";"PB";230;1;"CABEDELO";"Reação tardia ou ineficiente do condutor";"Colisão traseira";"Com Vítimas Feridas";"Pleno dia";"Decrescente";"Céu Claro";"Simples";"Reta";"Sim";2;0;1;0;1;0;1;2;-6,9753;-34,8318;"SPRF-PB";"DEL01-PB";"UOP01-DEL01-PB"
445915;2022-04-25;"segunda-feira";"07:43:00";"CE";222;4,2;"CAUCAIA";"Condutor deixou de manter distância do veículo da frente";"Colisão traseira";"Com Vítimas Feridas";"Pleno dia";"Decrescente";"Céu Claro";"Dupla";"Reta";"Não";3;0;1;0;2;0;1;3;-3,74164754;-38,60449792;"SPRF-CE";"DEL01-CE";"UOP01-DEL01-CE"
445916;2022-04-25;"segunda-feira";"07:30:00";"RN";304;46;"MOSSORO";"Acessar a via sem observar a presença dos outros veículos";"Queda de ocupante de veículo";"Com Vítimas Feridas";"Pleno dia";"Decrescente";"Céu Claro";"Dupla";"Reta";"Sim";1;0;1;0;0;0;1;1;-5,22579384;-37,340046;"SPRF-RN";"DEL04-RN";"UOP01-DEL04-RN"
445918;2022-02-18;"sexta-feira";"16:10:00";"SP";116;297,5;"ITAPECERICA DA SERRA";"Reação tardia ou ineficiente do condutor";"Saída de leito carroçável";"Sem Vítimas";"Pleno dia";"Decrescente";"Garoa/Chuvisco";"Dupla";"Reta";"Não";1;0;0;0;1;0;0;1;-23,78323219;-46,91437053;"SPRF-SP";"DEL04-SP";"UOP01-DEL04-SP"
445919;2022-02-18;"sexta-feira";"08:37:00";"SP";116;228;"SAO PAULO";"Manobra de mudança de faixa";"Colisão lateral mesmo sentido";"Com Vítimas Feridas";"Pleno dia";"Crescente";"Céu Claro";"Múltipla";"Reta";"Sim";2;0;1;0;1;0;1;2;-23,50343484;-46,56638712;"SPRF-SP";"DEL01-SP";"UOP01-DEL01-SP"
445920;2022-04-25;"segunda-feira";"07:30:00";"PR";277;723;"FOZ DO IGUACU";"Desrespeitar a preferência no cruzamento";"Colisão transversal";"Com Vítimas Feridas";"Pleno dia";"Decrescente";"Sol";"Dupla";"Retorno Regulamentado";"Sim";3;0;2;0;1;0;2;2;-25,49878215;-54,52985294;"SPRF-PR";"DEL05-PR";"UOP03-DEL05-PR"
445922;2022-04-25;"segunda-feira";"08:00:00";"SC";101;213;"PALHOCA";"Acessar a via sem observar a presença dos outros veículos";"Colisão traseira";"Com Vítimas Feridas";"Pleno dia";"Crescente";"Céu Claro";"Múltipla";"Interseção de Vias";"Sim";2;0;1;0;1;0;1;2;-27,63697369;-48,66514142;"SPRF-SC";"DEL01-SC";"UOP02-DEL01-SC"
445927;2022-04-25;"segunda-feira";"05:30:00";"RS";158;333;"SANTA MARIA";"Ausência de reação do condutor";"Saída de leito carroçável";"Sem Vítimas";"Plena Noite";"Decrescente";"Céu Claro";"Dupla";"Reta";"Sim";1;0;0;0;0;1;0;1;-29,70846948;-53,86426102;"SPRF-RS";"DEL09-RS";"UOP01-DEL09-RS"
445928;2022-02-18;"sexta-feira";"04:20:00";"SP";116;154;"SAO JOSE DOS CAMPOS";"Ausência de reação do condutor";"Queda de ocupante de veículo";"Com Vítimas Feridas";"Plena Noite";"Crescente";"Céu Claro";"Múltipla";"Interseção de Vias";"Sim";2;0;0;2;0;0;2;1;-23,23903999;-45,92061901;"SPRF-SP";"DEL02-SP";"UOP01-DEL02-SP"
445931;2022-04-25;"segunda-feira";"08:00:00";"PR";277;6;"FOZ DO IGUACU";"Desrespeitar a preferência no cruzamento";"Colisão transversal";"Com Vítimas Feridas";"Pleno dia";"Crescente";"Céu Claro";"Dupla";"Interseção de Vias";"Sim";2;0;1;0;1;0;1;2;-25,5469;-54,5882;"SPRF-PR";"DEL05-PR";"UOP03-DEL05-PR"
445933;2022-02-18;"sexta-feira";"07:45:00";"SP";116;273;"TABOAO DA SERRA";"Manobra de mudança de faixa";"Colisão traseira";"Com Vítimas Feridas";"Pleno dia";"Decrescente";"Céu Claro";"Dupla";"Reta";"Sim";2;0;1;0;0;1;1;2;-23,62809795;-46,81870306;"SPRF-SP";"DEL04-SP";"UOP01-DEL04-SP"
445934;2022-04-25;"segunda-feira";"07:40:00";"SC";282;19,7;"PALHOCA";"Condutor deixou de manter distância do veículo da frente";"Colisão traseira";"Com Vítimas Feridas";"Pleno dia";"Crescente";"Céu Claro";"Simples";"Reta";"Não";2;0;1;0;1;0;1;2;-27,678635;-48,70192;"SPRF-SC";"DEL01-SC";"UOP02-DEL01-SC"
445936;2022-04-25;"segunda-feira";"08:30:00";"SC";101;117;"ITAJAI";"Trafegar com motocicleta (ou similar) entre as faixas";"Colisão lateral mesmo sentido";"Com Vítimas Feridas";"Pleno dia";"Crescente";"Sol";"Múltipla";"Reta";"Não";2;0;1;0;1;0;1;2;-26,89499187;-48,75232525;"SPRF-SC";"DEL04-SC";"UOP04-DEL04-SC"
445937;2022-02-18;"sexta-feira";"03:15:00";"SP";116;195;"SANTA ISABEL";"Ingestão de álcool pelo condutor";"Saída de leito carroçável";"Sem Vítimas";"Plena Noite";"Decrescente";"Céu Claro";"Múltipla";"Reta";"Não";1;0;0;0;1;0;0;1;-23,3888147;-46,27566213;"SPRF-SP";"DEL01-SP";"UOP01-DEL01-SP"
445938;2022-04-25;"segunda-feira";"06:45:00";"MT";70;376,5;"CAMPO VERDE";"Acessar a via sem observar a presença dos outros veículos";"Colisão transversal";"Com Vítimas Feridas";"Pleno dia";"Decrescente";"Sol";"Simples";"Reta";"Sim";3;0;1;2;0;0;3;2;-15,49268776;-55,08985972;"SPRF-MT";"DEL05-MT";"UOP02-DEL05-MT"
445939;2022-04-25;"segunda-feira";"08:40:00";"MG";40;718;"BARBACENA";"Avarias e/ou desgaste excessivo no pneu";"Colisão com objeto";"Com Vítimas Feridas";"Pleno dia";"Crescente";"Garoa/Chuvisco";"Dupla";"Curva";"Não";2;0;1;0;1;0;1;1;-21,28531474;-43,64261546;"SPRF-MG";"DEL05-MG";"UOP01-DEL05-MG"
445940;2022-04-25;"segunda-feira";"07:50:00";"RJ";116;178;"NOVA IGUACU";"Reação tardia ou ineficiente do condutor";"Colisão lateral mesmo sentido";"Com Vítimas Feridas";"Pleno dia";"Decrescente";"Sol";"Dupla";"Reta";"Sim";1;0;1;0;0;0;1;1;-22,77496393;-43,40081465;"SPRF-RJ";"DEL01-RJ";"UOP02-DEL01-RJ"
445941;2022-04-25;"segunda-feira";"07:31:00";"RJ";116;182;"NOVA IGUACU";"Condutor Dormindo";"Queda de ocupante de veículo";"Com Vítimas Feridas";"Pleno dia";"Decrescente";"Sol";"Múltipla";"Reta";"Sim";1;0;1;0;0;0;1;1;-22,7567755;-43,43107234;"SPRF-RJ";"DEL01-RJ";"UOP02-DEL01-RJ"
445943;2022-04-25;"segunda-feira";"09:20:00";"MG";381;489;"BETIM";"Ausência de reação do condutor";"Colisão com objeto";"Com Vítimas Feridas";"Pleno dia";"Decrescente";"Céu Claro";"Dupla";"Curva;Declive";"Sim";1;0;1;0;0;0;1;1;-19,95590334;-44,12980556;"SPRF-MG";"DEL01-MG";"UOP03-DEL01-MG"
445944;2022-04-25;"segunda-feira";"09:05:00";"MG";381;490;"BETIM";"Ausência de reação do condutor";"Colisão com objeto";"Sem Vítimas";"Pleno dia";"Decrescente";"Céu Claro";"Dupla";"Curva";"Sim";1;0;0;0;0;1;0;1;-19,96502819;-44,17422195;"SPRF-MG";"DEL01-MG";"UOP03-DEL01-MG"
445945;2022-03-24;"quinta-feira";"12:20:00";"GO";60;106;"GOIANAPOLIS";"Frear bruscamente";"Colisão traseira";"Com Vítimas Feridas";"Pleno dia";"Crescente";"Céu Claro";"Dupla";"Reta";"Não";2;0;1;0;1;0;1;2;-16,4232;-49,0134;"SPRF-GO";"DEL02-GO";"UOP01-DEL02-GO"
445946;2022-02-17;"quinta-feira";"20:34:00";"SP";381;59;"MAIRIPORA";"Reação tardia ou ineficiente do condutor";"Tombamento";"Com Vítimas Feridas";"Plena Noite";"Decrescente";"Nublado";"Dupla";"Curva";"Não";1;0;1;0;0;0;1;1;-23,28270705;-46,58787791;"SPRF-SP";"DEL03-SP";"UOP01-DEL03-SP"
445949;2022-02-01;"terça-feira";"06:15:00";"RJ";116;177;"NOVA IGUACU";"Ausência de reação do condutor";"Colisão traseira";"Com Vítimas Feridas";"Pleno dia";"Decrescente";"Céu Claro";"Dupla";"Reta";"Sim";2;0;1;0;0;1;1;2;-22,78055198;-43,39208599;"SPRF-RJ";"DEL01-RJ";"UOP02-DEL01-RJ"
445950;2022-04-25;"segunda-feira";"06:00:00";"MS";359;130;"ALCINOPOLIS";"Animais na Pista";"Atropelamento de Animal";"Com Vítimas Feridas";"Amanhecer";"Crescente";"Céu Claro";"Simples";"Reta";"Não";1;0;0;1;0;0;1;1;-18,27090913;-53,91682004;"SPRF-MS";"DEL06-MS";"UOP01-DEL06-MS"
445951;2022-04-25;"segunda-feira";"08:58:00";"PE";101;51;"ABREU E LIMA";"Ausência de reação do condutor";"Colisão com objeto";"Com Vítimas Feridas";"Pleno dia";"Crescente";"Chuva";"Simples";"Reta";"Sim";1;0;1;0;0;0;1;1;-7,9169968;-34,89689272;"SPRF-PE";"DEL01-PE";"UOP02-DEL01-PE"
445952;2022-02-17;"quinta-feira";"18:50:00";"SP";116;441;"REGISTRO";"Frear bruscamente";"Colisão traseira";"Com Vítimas Feridas";"Anoitecer";"Decrescente";"Céu Claro";"Dupla";"Aclive;Reta";"Sim";2;0;1;0;1;0;1;2;-24,4688528;-47,82223728;"SPRF-SP";"DEL05-SP";"UOP01-DEL05-SP"
445953;2022-04-25;"segunda-feira";"09:50:00";"SC";101;240;"PALHOCA";"Reação tardia ou ineficiente do condutor";"Colisão com objeto";"Com Vítimas Feridas";"Pleno dia";"Decrescente";"Sol";"Dupla";"Reta";"Não";1;0;1;0;0;0;1;1;-27,85825092;-48,64383119;"SPRF-SC";"DEL01-SC";"UOP02-DEL01-SC"
445954;2022-04-25;"segunda-feira";"08:00:00";"PR";467;96,6;"CASCAVEL";"Velocidade Incompatível";"Saída de leito carroçável";"Com Vítimas Feridas";"Pleno dia";"Crescente";"Céu Claro";"Dupla";"Retorno Regulamentado;Aclive;Reta";"Não";1;0;0;1;0;0;1;1;-24,8743;-53,5637;"SPRF-PR";"DEL04-PR";"UOP01-DEL04-PR"
445955;2022-04-25;"segunda-feira";"10:00:00";"PR";476;123;"CURITIBA";"Trafegar com motocicleta (ou similar) entre as faixas";"Colisão traseira";"Com Vítimas Feridas";"Pleno dia";"Crescente";"Céu Claro";"Dupla";"Reta";"Sim";2;0;1;0;1;0;1;2;-25,392904;-49,209557;"SPRF-PR";"DEL01-PR";"UOP03-DEL01-PR"
445956;2022-04-04;"segunda-feira";"01:45:00";"SP";116;225;"GUARULHOS";"Entrada inopinada do pedestre";"Atropelamento de Pedestre";"Sem Vítimas";"Plena Noite";"Crescente";"Nublado";"Múltipla";"Reta";"Sim";1;0;0;0;1;0;0;1;-23,48586772;-46,54075317;"SPRF-SP";"DEL01-SP";"UOP01-DEL01-SP"
445958;2022-04-25;"segunda-feira";"08:45:00";"CE";116;318;"JAGUARIBE";"Acessar a via sem observar a presença dos outros veículos";"Colisão transversal";"Com Vítimas Feridas";"Pleno dia";"Crescente";"Céu Claro";"Simples";"Curva";"Não";3;0;1;0;2;0;1;2;-5,988335;-38,627562;"SPRF-CE";"DEL05-CE";"UOP02-DEL05-CE"
445959;2022-04-25;"segunda-feira";"10:30:00";"MG";40;206;"JOAO PINHEIRO";"Ausência de reação do condutor";"Saída de leito carroçável";"Com Vítimas Feridas";"Pleno dia";"Crescente";"Céu Claro";"Simples";"Reta";"Não";2;0;0;1;0;1;1;2;-17,99453513;-45,76403601;"SPRF-MG";"DEL14-MG";"UOP02-DEL14-MG"
445962;2022-04-25;"segunda-feira";"10:10:00";"RS";392;352;"SANTA MARIA";"Ausência de reação do condutor";"Colisão transversal";"Com Vítimas Feridas";"Pleno dia";"Decrescente";"Céu Claro";"Dupla";"Em Obras;Reta";"Sim";2;0;1;0;1;0;1;2;-29,71829982;-53,8088054;"SPRF-RS";"DEL09-RS";"UOP01-DEL09-RS"
445965;2022-04-25;"segunda-feira";"11:00:00";"ES";262;48;"MARECHAL FLORIANO";"Conversão proibida";"Colisão lateral mesmo sentido";"Com Vítimas Feridas";"Pleno dia";"Crescente";"Céu Claro";"Simples";"Reta";"Não";2;0;1;0;1;0;1;2;-20,41192401;-40,68856;"SPRF-ES";"DEL01-ES";"UOP01-DEL01-ES"