"id";"data_inversa";"dia_semana";"horario";"uf";"br";"km";"municipio";"causa_acidente";"tipo_acidente";"classificacao_acidente";"fase_dia";"sentido_via";"condicao_metereologica";"tipo_pista";"tracado_via";"uso_solo";"pessoas";"mortos";"feridos_leves";"feridos_graves";"ilesos";"ignorados";"feridos";"veiculos";"latitude";"longitude";"regional";"delegacia";"uop"
445968;2022-03-28;"segunda-feira";"11:10:00";"PI";230;203;"OEIRAS";"Reação tardia ou ineficiente do condutor";"Colisão lateral mesmo sentido";"Com Vítimas Feridas";"Pleno dia";"Crescente";"Nublado";"Simples";"Reta";"Não";2;0;0;1;1;0;1;2;-7,01450297;-42,17543101;"SPRF-PI";"DEL03-PI";"UOP01-DEL03-PI"
445971;2022-04-25;"segunda-feira";"08:00:00";"SC";280;291,3;"PORTO UNIAO";"Ausência de reação do condutor";"Colisão transversal";"Com Vítimas Feridas";"Pleno dia";"Decrescente";"Céu Claro";"Simples";"Interseção de Vias";"Não";3;0;2;0;1;0;2;2;-26,29586777;-50,93214512;"SPRF-SC";"DEL06-SC";"UOP04-DEL06-SC"
445973;2022-04-25;"segunda-feira";"11:20:00";"ES";101;270;"SERRA";"Trafegar com motocicleta (ou similar) entre as faixas";"Colisão lateral mesmo sentido";"Com Vítimas Feridas";"Pleno dia";"Crescente";"Céu Claro";"Múltipla";"Curva";"Sim";4;0;3;0;1;0;3;2;-20,22662056;-40,27075088;"SPRF-ES";"DEL02-ES";"UOP01-DEL02-ES"
445975;2022-04-25;"segunda-feira";"03:15:00";"MA";135;12;"SAO LUIS";"Acumulo de areia ou detritos sobre o pavimento";"Capotamento";"Com Vítimas Feridas";"Plena Noite";"Crescente";"Ignorado";"Dupla";"Reta";"Sim";1;0;1;0;0;0;1;1;-2,67223553;-44,29173767;"SPRF-MA";"DEL01-MA";"UOP01-DEL01-MA"
445976;2022-04-25;"segunda-feira";"11:55:00";"SP";116;102,3;"PINDAMONHANGABA";"Entrada inopinada do pedestre";"Atropelamento de Pedestre";"Sem Vítimas";"Pleno dia";"Decrescente";"Sol";"Dupla";"Reta";"Sim";2;0;0;0;1;1;0;2;-22,99497994;-45,48951403;"SPRF-SP";"DEL08-SP";"UOP01-DEL08-SP"
445977;2022-04-25;"segunda-feira";"12:15:00";"PR";163;330;"GUAIRA";"Ultrapassagem Indevida";"Colisão lateral sentido oposto";"Com Vítimas Feridas";"Pleno dia";"Decrescente";"Céu Claro";"Simples";"Curva";"Não";2;0;0;1;1;0;1;2;-24,26399161;-54,18874272;"SPRF-PR";"DEL06-PR";"UOP01-DEL06-PR"
445979;2022-04-25;"segunda-feira";"13:15:00";"SC";101;204,9;"SAO JOSE";"Condutor deixou de manter distância do veículo da frente";"Colisão lateral mesmo sentido";"Sem Vítimas";"Pleno dia";"Crescente";"Céu Claro";"Múltipla";"Reta";"Sim";2;0;0;0;2;0;0;2;-27,58313237;-48,61532885;"SPRF-SC";"DEL01-SC";"UOP01-DEL01-SC"
445980;2022-04-25;"segunda-feira";"13:15:00";"PB";101;42;"MAMANGUAPE";"Reação tardia ou ineficiente do condutor";"Capotamento";"Com Vítimas Feridas";"Pleno dia";"Decrescente";"Chuva";"Dupla";"Declive";"Não";1;0;0;1;0;0;1;1;-6,856615;-35,13444297;"SPRF-PB";"DEL01-PB";"UOP04-DEL01-PB"
445981;2022-03-24;"quinta-feira";"19:00:00";"SP";116;215;"GUARULHOS";"Ausência de reação do condutor";"Colisão traseira";"Com Vítimas Feridas";"Plena Noite";"Crescente";"Ignorado";"Múltipla";"Reta";"Sim";2;0;1;0;1;0;1;2;-23,45013281;-46,46197557;"SPRF-SP";"DEL01-SP";"UOP01-DEL01-SP"
445983;2022-04-25;"segunda-feira";"12:47:00";"MS";158;278;"TRES LAGOAS";"Ausência de reação do condutor";"Saída de leito carroçável";"Com Vítimas Feridas";"Pleno dia";"Decrescente";"Céu Claro";"Dupla";"Reta";"Não";2;0;2;0;0;0;2;1;-20,81896663;-51,71940216;"SPRF-MS";"DEL07-MS";"UOP01-DEL07-MS"
445987;2022-04-25;"segunda-feira";"10:00:00";"RJ";101;282;"ITABORAI";"Acumulo de areia ou detritos sobre o pavimento";"Capotamento";"Com Vítimas Feridas";"Pleno dia";"Crescente";"Sol";"Simples";"Retorno Regulamentado";"Não";3;0;2;0;1;0;2;1;-22,73591014;-42,80592689;"SPRF-RJ";"DEL02-RJ";"UOP03-DEL02-RJ"
445988;2022-04-25;"segunda-feira";"07:55:00";"MA";222;660,7;"ACAILANDIA";"Acessar a via sem observar a presença dos outros veículos";"Colisão lateral mesmo sentido";"Com Vítimas Feridas";"Pleno dia";"Decrescente";"Céu Claro";"Simples";"Reta";"Não";2;0;1;0;1;0;1;2;-4,87421783;-47,34477101;"SPRF-MA";"DEL04-MA";"UOP03-DEL04-MA"
445989;2022-04-25;"segunda-feira";"13:50:00";"SP";116;476;"JACUPIRANGA";"Ausência de reação do condutor";"Saída de leito carroçável";"Com Vítimas Feridas";"Pleno dia";"Decrescente";"Céu Claro";"Dupla";"Reta";"Não";1;0;0;1;0;0;1;1;-24,68648001;-47,98910399;"SPRF-SP";"DEL05-SP";"UOP01-DEL05-SP"
445990;2022-04-25;"segunda-feira";"13:30:00";"PB";230;163;"CAMPINA GRANDE";"Mal súbito do condutor";"Saída de leito carroçável";"Com Vítimas Feridas";"Pleno dia";"Crescente";"Chuva";"Simples";"Curva;Aclive";"Não";1;0;1;0;0;0;1;1;-7,2198;-35,9443;"SPRF-PB";"DEL02-PB";"UOP01-DEL02-PB"
445991;2022-04-25;"segunda-feira";"13:30:00";"PR";376;4,5;"MARINGA";"Reação tardia ou ineficiente do condutor";"Colisão com objeto";"Com Vítimas Feridas";"Pleno dia";"Decrescente";"Céu Claro";"Dupla";"Curva;Aclive";"Sim";1;0;1;0;0;0;1;1;-23,4273;-51,9375;"SPRF-PR";"DEL09-PR";"UOP01-DEL09-PR"
445993;2022-04-25;"segunda-feira";"14:50:00";"ES";101;277;"SERRA";"Avarias e/ou desgaste excessivo no pneu";"Tombamento";"Com Vítimas Feridas";"Pleno dia";"Crescente";"Céu Claro";"Dupla";"Reta";"Não";2;0;1;0;1;0;1;1;-20,21307738;-40,32125972;"SPRF-ES";"DEL02-ES";"UOP01-DEL02-ES"
445995;2022-04-25;"segunda-feira";"09:15:00";"SC";282;535,2;"CHAPECO";"Desrespeitar a preferência no cruzamento";"Colisão transversal";"Com Vítimas Feridas";"Pleno dia";"Decrescente";"Céu Claro";"Simples";"Interseção de Vias";"Sim";2;0;0;1;1;0;1;2;-26,99971405;-52,64661681;"SPRF-SC";"DEL07-SC";"UOP01-DEL07-SC"
445996;2022-04-25;"segunda-feira";"14:40:00";"PR";369;144;"IBIPORA";"Demais falhas mecânicas ou elétricas";"Engavetamento";"Sem Vítimas";"Pleno dia";"Crescente";"Céu Claro";"Dupla";"Aclive;Reta";"Sim";7;0;0;0;6;1;0;6;-23,293272;-51,11144;"SPRF-PR";"DEL07-PR";"UOP01-DEL07-PR"
445997;2022-04-25;"segunda-feira";"15:00:00";"SP";116;219;"GUARULHOS";"Acessar a via sem observar a presença dos outros veículos";"Colisão lateral mesmo sentido";"Com Vítimas Feridas";"Pleno dia";"Decrescente";"Céu Claro";"Dupla";"Viaduto";"Sim";2;0;1;0;1;0;1;2;-23,46143954;-46,48885316;"SPRF-SP";"DEL01-SP";"UOP01-DEL01-SP"
445998;2022-04-25;"segunda-feira";"14:30:00";"MG";381;524;"BRUMADINHO";"Curva acentuada";"Queda de ocupante de veículo";"Com Vítimas Feridas";"Pleno dia";"Crescente";"Céu Claro";"Dupla";"Curva";"Não";2;0;2;0;0;0;2;1;-20,160736;-44,329843;"SPRF-MG";"DEL04-MG";"UOP03-DEL04-MG"
445999;2022-04-25;"segunda-feira";"14:25:00";"RO";364;696;"PORTO VELHO";"Entrada inopinada do pedestre";"Atropelamento de Pedestre";"Com Vítimas Feridas";"Pleno dia";"Decrescente";"Sol";"Dupla";"Reta";"Não";3;0;1;0;2;0;1;3;-8,80046614;-63,734779;"SPRF-RO";"DEL01-RO";"UOP01-DEL01-RO"
446000;2022-04-25;"segunda-feira";"15:25:00";"ES";101;285;"CARIACICA";"Reação tardia ou ineficiente do condutor";"Colisão traseira";"Sem Vítimas";"Pleno dia";"Crescente";"Céu Claro";"Múltipla";"Declive";"Sim";5;0;0;0;5;0;0;2;-20,25148171;-40,37270066;"SPRF-ES";"DEL01-ES";"UOP01-DEL01-ES"
446002;2022-04-25;"segunda-feira";"15:40:00";"SC";101;258;"PAULO LOPES";"Reação tardia ou ineficiente do condutor";"Saída de leito carroçável";"Com Vítimas Feridas";"Pleno dia";"Decrescente";"Céu Claro";"Simples";"Aclive;Reta";"Não";3;0;3;0;0;0;3;1;-28,00580689;-48,69235039;"SPRF-SC";"DEL02-SC";"UOP03-DEL02-SC"
446004;2022-04-25;"segunda-feira";"14:30:00";"RS";290;41,5;"SANTO ANTONIO DA PATRULHA";"Condutor Dormindo";"Saída de leito carroçável";"Com Vítimas Feridas";"Pleno dia";"Decrescente";"Nublado";"Dupla";"Reta";"Não";1;0;1;0;0;0;1;1;-29,887197;-50,668839;"SPRF-RS";"DEL03-RS";"UOP01-DEL03-RS"
446006;2022-04-25;"segunda-feira";"15:20:00";"BA";110;15;"PAULO AFONSO";"Transitar no acostamento";"Saída de leito carroçável";"Com Vítimas Feridas";"Pleno dia";"Decrescente";"Garoa/Chuvisco";"Simples";"Reta";"Não";1;0;1;0;0;0;1;1;-9,58592699;-38,22462515;"SPRF-BA";"DEL07-BA";"UOP01-DEL07-BA"
446008;2022-04-09;"sábado";"14:30:00";"PR";163;257;"TOLEDO";"Demais falhas mecânicas ou elétricas";"Incêndio";"Sem Vítimas";"Pleno dia";"Crescente";"Céu Claro";"Simples";"Reta";"Não";1;0;0;0;1;0;0;1;-24,67651077;-53,79458787;"SPRF-PR";"DEL06-PR";"UOP02-DEL06-PR"
446009;2022-04-25;"segunda-feira";"15:50:00";"ES";101;154;"LINHARES";"Demais falhas mecânicas ou elétricas";"Queda de ocupante de veículo";"Com Vítimas Feridas";"Pleno dia";"Decrescente";"Céu Claro";"Simples";"Reta";"Não";2;0;2;0;0;0;2;1;-19,43087618;-40,08393774;"SPRF-ES";"DEL04-ES";"UOP01-DEL04-ES"
446011;2022-04-25;"segunda-feira";"16:25:00";"SC";101;196;"BIGUACU";"Acesso irregular";"Colisão lateral mesmo sentido";"Com Vítimas Feridas";"Pleno dia";"Decrescente";"Céu Claro";"Múltipla";"Interseção de Vias";"Sim";2;0;1;1;0;0;2;2;-27,51101091;-48,64322292;"SPRF-SC";"DEL01-SC";"UOP01-DEL01-SC"
446012;2022-04-25;"segunda-feira";"16:50:00";"SP";116;227;"GUARULHOS";"Pista Escorregadia";"Queda de ocupante de veículo";"Com Vítimas Feridas";"Pleno dia";"Decrescente";"Céu Claro";"Dupla";"Interseção de Vias";"Não";1;0;1;0;0;0;1;1;-23,49659264;-46,55648754;"SPRF-SP";"DEL01-SP";"UOP01-DEL01-SP"
446013;2022-04-25;"segunda-feira";"16:00:00";"PR";153;387;"MALLET";"Ingestão de álcool pelo condutor";"Saída de leito carroçável";"Sem Vítimas";"Pleno dia";"Crescente";"Céu Claro";"Simples";"Reta";"Não";1;0;0;0;1;0;0;1;-25,85785509;-50,84160408;"SPRF-PR";"DEL02-PR";"UOP04-DEL02-PR"
446015;2022-02-16;"quarta-feira";"21:00:00";"AL";104;88,4;"RIO LARGO";"Velocidade Incompatível";"Saída de leito carroçável";"Com Vítimas Feridas";"Plena Noite";"Decrescente";"Céu Claro";"Dupla";"Reta";"Não";3;0;0;3;0;0;3;1;-9,48375193;-35,81815581;"SPRF-AL";"DEL01-AL";"UOP01-DEL01-AL"
446016;2022-04-25;"segunda-feira";"16:20:00";"MG";381;484;"BETIM";"Reação tardia ou ineficiente do condutor";"Colisão frontal";"Com Vítimas Feridas";"Pleno dia";"Decrescente";"Sol";"Dupla";"Retorno Regulamentado";"Sim";2;0;0;1;0;1;1;2;-19,95531717;-44,11722196;"SPRF-MG";"DEL01-MG";"UOP03-DEL01-MG"
446017;2022-04-25;"segunda-feira";"16:19:00";"MG";40;602,2;"CONGONHAS";"Condutor deixou de manter distância do veículo da frente";"Colisão traseira";"Com Vítimas Feridas";"Pleno dia";"Decrescente";"Sol";"Simples";"Curva;Aclive";"Não";2;0;1;0;0;1;1;2;-20,441563;-43,840577;"SPRF-MG";"DEL05-MG";"UOP02-DEL05-MG"
446018;2022-04-25;"segunda-feira";"17:00:00";"RN";304;298;"MACAIBA";"Ausência de reação do condutor";"Colisão com objeto";"Com Vítimas Feridas";"Pleno dia";"Decrescente";"Céu Claro";"Dupla";"Rotatória";"Sim";1;0;0;1;0;0;1;1;-5,86437241;-35,34342527;"SPRF-RN";"DEL01-RN";"UOP02-DEL01-RN"
446019;2022-04-25;"segunda-feira";"17:00:00";"ES";101;59,9;"SAO MATEUS";"Ingestão de álcool pelo condutor";"Colisão traseira";"Com Vítimas Feridas";"Pleno dia";"Crescente";"Chuva";"Simples";"Reta";"Não";2;0;1;0;1;0;1;2;-18,66416914;-39,86887044;"SPRF-ES";"DEL04-ES";"UOP02-DEL04-ES"
446020;2022-04-25;"segunda-feira";"17:10:00";"SC";470;67;"INDAIAL";"Acessar a via sem observar a presença dos outros veículos";"Colisão transversal";"Com Vítimas Feridas";"Pleno dia";"Crescente";"Céu Claro";"Simples";"Desvio Temporário";"Sim";2;0;0;1;0;1;1;2;-26,872158;-49,23127;"SPRF-SC";"DEL04-SC";"UOP01-DEL04-SC"
446022;2022-04-25;"segunda-feira";"16:00:00";"RS";116;518,9;"PELOTAS";"Chuva";"Colisão com objeto";"Com Vítimas Feridas";"Pleno dia";"Decrescente";"Chuva";"Dupla";"Reta";"Sim";1;0;1;0;0;0;1;1;-31,68674126;-52,34793373;"SPRF-RS";"DEL07-RS";"UOP01-DEL07-RS"
446023;2022-04-25;"segunda-feira";"17:50:00";"ES";101;268;"SERRA";"Acessar a via sem observar a presença dos outros veículos";"Colisão transversal";"Com Vítimas Feridas";"Plena Noite";"Decrescente";"Nublado";"Múltipla";"Reta";"Sim";4;0;1;0;2;1;1;3;-20,20842;-40,269405;"SPRF-ES";"DEL02-ES";"UOP01-DEL02-ES"
446024;2022-04-25;"segunda-feira";"17:30:00";"ES";262;107;"VENDA NOVA DO IMIGRANTE";"Ausência de reação do condutor";"Tombamento";"Com Vítimas Feridas";"Plena Noite";"Decrescente";"Céu Claro";"Dupla";"Reta";"Sim";2;0;1;0;1;0;1;1;-20,32620639;-41,14442285;"SPRF-ES";"DEL01-ES";"UOP02-DEL01-ES"
446025;2022-04-25;"segunda-feira";"18:00:00";"RN";406;102;"JOAO CAMARA";"Acessar a via sem observar a presença dos outros veículos";"Colisão lateral mesmo sentido";"Com Vítimas Feridas";"Plena Noite";"Crescente";"Céu Claro";"Simples";"Interseção de Vias";"Sim";3;0;2;0;1;0;2;2;-5,52900453;-35,8176187;"SPRF-RN";"DEL02-RN";"UOP01-DEL02-RN"
446027;2022-04-25;"segunda-feira";"17:30:00";"PE";101;59,7;"RECIFE";"Ausência de reação do condutor";"Colisão traseira";"Com Vítimas Feridas";"Anoitecer";"Crescente";"Céu Claro";"Múltipla";"Curva;Aclive";"Não";3;0;1;0;2;0;1;2;-7,97701088;-34,92619157;"SPRF-PE";"DEL01-PE";"UOP02-DEL01-PE"
446028;2022-04-25;"segunda-feira";"07:40:00";"MT";174;75;"VILA BELA DA SANTISSIMA TRINDADE";"Manobra de mudança de faixa";"Colisão lateral sentido oposto";"Com Vítimas Feridas";"Pleno dia";"Crescente";"Céu Claro";"Simples";"Reta";"Não";2;0;1;0;1;0;1;2;-15,02156194;-59,90080833;"SPRF-MT";"DEL04-MT";"UOP01-DEL04-MT"
446030;2022-04-25;"segunda-feira";"17:10:00";"RJ";101;296;"ITABORAI";"Reação tardia ou ineficiente do condutor";"Colisão com objeto";"Com Vítimas Feridas";"Pleno dia";"Decrescente";"Céu Claro";"Dupla";"Reta";"Sim";1;0;1;0;0;0;1;1;-22,7670498;-42,91019601;"SPRF-RJ";"DEL02-RJ";"UOP02-DEL02-RJ"
446031;2022-04-25;"segunda-feira";"16:50:00";"RJ";116;273;"BARRA MANSA";"Desrespeitar a preferência no cruzamento";"Colisão transversal";"Com Vítimas Feridas";"Pleno dia";"Decrescente";"Céu Claro";"Simples";"Interseção de Vias";"Sim";3;0;1;0;2;0;1;2;-22,56100142;-44,13833993;"SPRF-RJ";"DEL07-RJ";"UOP02-DEL07-RJ"
446035;2022-04-25;"segunda-feira";"18:20:00";"RJ";116;176;"NOVA IGUACU";"Condutor deixou de manter distância do veículo da frente";"Engavetamento";"Com Vítimas Feridas";"Anoitecer";"Crescente";"Nublado";"Dupla";"Reta";"Sim";4;0;1;0;3;0;1;3;-22,75617778;-43,43213536;"SPRF-RJ";"DEL01-RJ";"UOP02-DEL01-RJ"
446036;2022-04-25;"segunda-feira";"18:40:00";"MG";116;737,8;"LARANJAL";"Ausência de reação do condutor";"Saída de leito carroçável";"Com Vítimas Feridas";"Plena Noite";"Crescente";"Céu Claro";"Simples";"Reta";"Não";1;0;1;0;0;0;1;1;-21,376934;-42,48054;"SPRF-MG";"DEL07-MG";"UOP02-DEL07-MG"
446037;2022-04-25;"segunda-feira";"18:10:00";"BA";367;81;"EUNAPOLIS";"Desrespeitar a preferência no cruzamento";"Colisão transversal";"Sem Vítimas";"Anoitecer";"Decrescente";"Céu Claro";"Dupla";"Interseção de Vias";"Sim";2;0;0;0;1;1;0;2;-16,3717565;-39,55261277;"SPRF-BA";"DEL09-BA";"UOP01-DEL09-BA"
446039;2022-04-25;"segunda-feira";"18:15:00";"SP";116;227;"GUARULHOS";"Condutor deixou de manter distância do veículo da frente";"Colisão traseira";"Sem Vítimas";"Anoitecer";"Decrescente";"Céu Claro";"Dupla";"Interseção de Vias";"Sim";3;0;0;0;3;0;0;2;-23,49659264;-46,55648754;"SPRF-SP";"DEL01-SP";"UOP01-DEL01-SP"
446040;2022-04-25;"segunda-feira";"18:56:00";"MG";381;921,1;"CAMANDUCAIA";"Acumulo de óleo sobre o pavimento";"Queda de ocupante de veículo";"Com Vítimas Feridas";"Plena Noite";"Crescente";"Céu Claro";"Dupla";"Curva";"Não";2;0;1;0;1;0;1;1;-22,7680939;-46,20854399;"SPRF-MG";"DEL16-MG";"UOP03-DEL16-MG"
446041;2022-04-25;"segunda-feira";"19:20:00";"MG";381;502;"BETIM";"Avarias e/ou desgaste excessivo no pneu";"Tombamento";"Com Vítimas Feridas";"Plena Noite";"Crescente";"Céu Claro";"Dupla";"Reta";"Sim";2;0;2;0;0;0;2;1;-20,03619694;-44,24586303;"SPRF-MG";"DEL01-MG";"UOP03-DEL01-MG"
446042;2022-04-25;"segunda-feira";"19:20:00";"SC";282;5;"SAO JOSE";"Condutor deixou de manter distância do veículo da frente";"Colisão traseira";"Com Vítimas Feridas";"Plena Noite";"Crescente";"Céu Claro";"Dupla";"Reta";"Sim";2;0;1;0;1;0;1;2;-27,588425;-48,612919;"SPRF-SC";"DEL01-SC";"UOP01-DEL01-SC"
446043;2022-04-25;"segunda-feira";"18:20:00";"SC";470;8;"NAVEGANTES";"Reação tardia ou ineficiente do condutor";"Colisão lateral mesmo sentido";"Com Vítimas Feridas";"Anoitecer";"Decrescente";"Nublado";"Simples";"Reta";"Não";2;0;1;0;1;0;1;2;-26,83688;-48,718853;"SPRF-SC";"DEL04-SC";"UOP04-DEL04-SC"
446044;2022-04-25;"segunda-feira";"18:30:00";"MS";267;34;"BATAGUASSU";"Reação tardia ou ineficiente do condutor";"Atropelamento de Pedestre";"Com Vítimas Feridas";"Plena Noite";"Decrescente";"Céu Claro";"Simples";"Reta";"Não";3;0;1;0;0;2;1;2;-21,7404279145;-52,4650560657;"SPRF-MS";"DEL02-MS";"UOP04-DEL02-MS"
446045;2022-04-25;"segunda-feira";"19:00:00";"BA";116;15;"VITORIA DA CONQUISTA";"Ausência de reação do condutor";"Colisão lateral mesmo sentido";"Com Vítimas Feridas";"Plena Noite";"Decrescente";"Céu Claro";"Simples";"Aclive";"Não";3;0;0;1;2;0;1;2;-14,896;-40,86;"SPRF-BA";"DEL08-BA";"UOP01-DEL08-BA"
446047;2022-04-25;"segunda-feira";"19:30:00";"CE";20;429;"FORTALEZA";"Demais falhas na via";"Queda de ocupante de veículo";"Com Vítimas Feridas";"Plena Noite";"Decrescente";"Céu Claro";"Dupla";"Viaduto";"Não";2;0;2;0;0;0;2;1;-3,76999035;-38,67006282;"SPRF-CE";"DEL01-CE";"UOP02-DEL01-CE"
446048;2022-04-25;"segunda-feira";"13:31:00";"RR";174;256;"CARACARAI";"Transitar na contramão";"Colisão frontal";"Com Vítimas Fatais";"Pleno dia";"Decrescente";"Nublado";"Simples";"Reta";"Não";4;1;0;0;2;1;0;3;1,248256;-60,474098;"SPRF-RR";"DEL01-RR";"UOP01-DEL01-RR"
446050;2022-04-25;"segunda-feira";"19:50:00";"RS";116;252;"SAPUCAIA DO SUL";"Pedestre andava na pista";"Atropelamento de Pedestre";"Com Vítimas Feridas";"Plena Noite";"Decrescente";"Chuva";"Dupla";"Reta";"Sim";2;0;1;0;1;0;1;2;-29,80913395;-51,1675292;"SPRF-RS";"DEL01-RS";"UOP02-DEL01-RS"
446052;2022-04-25;"segunda-feira";"18:58:00";"RS";392;90,3;"PELOTAS";"Chuva";"Saída de leito carroçável";"Com Vítimas Fatais";"Plena Noite";"Decrescente";"Chuva";"Simples";"Curva;Declive";"Não";2;2;0;0;0;0;0;1;-31,60582993;-52,51771893;"SPRF-RS";"DEL07-RS";"UOP01-DEL07-RS"
446053;2022-04-25;"segunda-feira";"19:05:00";"SC";101;111,8;"NAVEGANTES";"Condutor deixou de manter distância do veículo da frente";"Colisão traseira";"Com Vítimas Feridas";"Plena Noite";"Crescente";"Nublado";"Dupla";"Ponte;Reta";"Não";2;0;1;0;1;0;1;2;-26,83955734;-48,71418074;"SPRF-SC";"DEL04-SC";"UOP04-DEL04-SC"
446054;2022-04-25;"segunda-feira";"19:40:00";"PB";101;87;"JOAO PESSOA";"Chuva";"Queda de ocupante de veículo";"Com Vítimas Feridas";"Plena Noite";"Crescente";"Chuva";"Dupla";"Reta";"Sim";2;0;1;0;1;0;1;1;-7,15886802;-34,90628504;"SPRF-PB";"DEL01-PB";"UOP01-DEL01-PB"
446056;2022-04-25;"segunda-feira";"19:30:00";"PE";104;98,9;"CUPIRA";"Frear bruscamente";"Colisão traseira";"Com Vítimas Feridas";"Plena Noite";"Decrescente";"Céu Claro";"Simples";"Reta";"Não";3;0;2;0;1;0;2;2;-8,555543;-35,943687;"SPRF-PE";"DEL02-PE";"UOP03-DEL02-PE"
446057;2022-04-11;"segunda-feira";"19:23:00";"PA";308;198,5;"BRAGANCA";"Pista esburacada";"Tombamento";"Com Vítimas Fatais";"Plena Noite";"Crescente";"Nublado";"Simples";"Aclive;Reta";"Sim";3;2;0;0;1;0;0;2;-1,064021;-46,806007;"SPRF-PA";"DEL01-PA";"UOP03-DEL01-PA"
446058;2022-04-25;"segunda-feira";"07:55:00";"PR";476;196;"LAPA";"Acessar a via sem observar a presença dos outros veículos";"Colisão transversal";"Com Vítimas Feridas";"Amanhecer";"Decrescente";"Céu Claro";"Simples";"Interseção de Vias";"Sim";2;0;0;1;1;0;1;2;-25,753437;-49,725754;"SPRF-PR";"DEL02-PR";"UOP04-DEL02-PR"
446059;2022-04-25;"segunda-feira";"17:00:00";"PR";277;511,6;"GUARANIACU";"Ultrapassagem Indevida";"Atropelamento de Pedestre";"Com Vítimas Fatais";"Pleno dia";"Decrescente";"Sol";"Simples";"Declive";"Não";4;1;1;0;0;2;1;2;-25,12170846;-52,76593808;"SPRF-PR";"DEL04-PR";"UOP01-DEL04-PR"
446060;2022-04-25;"segunda-feira";"18:00:00";"PR";467;102;"CASCAVEL";"Ausência de reação do condutor";"Saída de leito carroçável";"Sem Vítimas";"Pleno dia";"Decrescente";"Céu Claro";"Dupla";"Reta";"Não";1;0;0;0;1;0;0;1;-24,9036;-53,5184;"SPRF-PR";"DEL04-PR";"UOP01-DEL04-PR"
446062;2022-04-25;"segunda-feira";"20:55:00";"DF";70;16;"BRASILIA";"Condutor deixou de manter distância do veículo da frente";"Colisão traseira";"Com Vítimas Feridas";"Plena Noite";"Decrescente";"Céu Claro";"Múltipla";"Retorno Regulamentado";"Sim";2;0;1;0;1;0;1;2;-15,796144;-48,194225;"SPRF-DF";"DEL03-DF";"UOP02-DEL03-DF"
446063;2022-04-25;"segunda-feira";"19:00:00";"RJ";493;1,5;"ITABORAI";"Ausência de sinalização";"Capotamento";"Com Vítimas Feridas";"Plena Noite";"Crescente";"Céu Claro";"Dupla";"Reta";"Sim";1;0;1;0;0;0;1;1;-22,76398788;-42,92731895;"SPRF-RJ";"DEL02-RJ";"UOP02-DEL02-RJ"
446064;2022-04-25;"segunda-feira";"19:30:00";"RO";0;0;"PORTO VELHO";"Iluminação deficiente";"Colisão transversal";"Sem Vítimas";"Plena Noite";"Não Informado";"Céu Claro";"Simples";"Interseção de Vias";"Sim";4;0;0;0;4;0;0;2;-8,75916346;-63,88768673;"SPRF-RO";"DEL01-RO";"UOP01-DEL01-RO"
446065;2022-04-25;"segunda-feira";"18:20:00";"BA";116;644;"JAGUAQUARA";"Pedestre andava na pista";"Atropelamento de Pedestre";"Com Vítimas Fatais";"Plena Noite";"Decrescente";"Garoa/Chuvisco";"Simples";"Aclive";"Não";2;1;0;0;0;1;0;2;-13,56327202;-40,0799949;"SPRF-BA";"DEL03-BA";"UOP01-DEL03-BA"
446066;2022-04-25;"segunda-feira";"19:45:00";"SC";101;181,4;"BIGUACU";"Acessar a via sem observar a presença dos outros veículos";"Colisão traseira";"Sem Vítimas";"Plena Noite";"Crescente";"Céu Claro";"Simples";"Retorno Regulamentado";"Não";2;0;0;0;1;1;0;2;-27,44977902;-48,6310029;"SPRF-SC";"DEL01-SC";"UOP01-DEL01-SC"
446067;2022-04-25;"segunda-feira";"19:15:00";"PE";232;408;"SERRA TALHADA";"Acessar a via sem observar a presença dos outros veículos";"Colisão transversal";"Com Vítimas Feridas";"Plena Noite";"Decrescente";"Nublado";"Simples";"Interseção de Vias";"Sim";3;0;1;1;0;1;2;2;-7,9834;-38,2825;"SPRF-PE";"DEL04-PE";"UOP01-DEL04-PE"
446068;2022-04-25;"segunda-feira";"20:00:00";"PE";424;81;"GARANHUNS";"Reação tardia ou ineficiente do condutor";"Saída de leito carroçável";"Com Vítimas Feridas";"Plena Noite";"Decrescente";"Nublado";"Simples";"Reta";"Não";2;0;2;0;0;0;2;1;-8,83566196;-36,53934997;"SPRF-PE";"DEL03-PE";"UOP01-DEL03-PE"
446070;2022-04-25;"segunda-feira";"19:43:00";"RR";174;501,5;"BOA VISTA";"Condutor desrespeitou a iluminação vermelha do semáforo";"Colisão transversal";"Com Vítimas Feridas";"Plena Noite";"Decrescente";"Céu Claro";"Dupla";"Interseção de Vias";"Sim";2;0;1;0;1;0;1;2;2,79620405;-60,698423;"SPRF-RR";"DEL01-RR";"UOP01-DEL01-RR"