"id";"data_inversa";"dia_semana";"horario";"uf";"br";"km";"municipio";"causa_acidente";"tipo_acidente";"classificacao_acidente";"fase_dia";"sentido_via";"condicao_metereologica";"tipo_pista";"tracado_via";"uso_solo";"pessoas";"mortos";"feridos_leves";"feridos_graves";"ilesos";"ignorados";"feridos";"veiculos";"latitude";"longitude";"regional";"delegacia";"uop"
446073;2022-04-25;"segunda-feira";"21:51:00";"PE";101;71;"RECIFE";"Reação tardia ou ineficiente do condutor";"Colisão traseira";"Com Vítimas Feridas";"Plena Noite";"Crescente";"Céu Claro";"Dupla";"Reta";"Sim";3;0;1;0;2;0;1;2;-8,07663102;-34,94277871;"SPRF-PE";"DEL01-PE";"UOP01-DEL01-PE"
446074;2022-04-25;"segunda-feira";"16:40:00";"RS";392;264,8;"CACAPAVA DO SUL";"Acumulo de água sobre o pavimento";"Saída de leito carroçável";"Com Vítimas Feridas";"Pleno dia";"Crescente";"Chuva";"Simples";"Curva";"Não";3;0;2;0;1;0;2;1;-30,44201571;-53,49405942;"SPRF-RS";"DEL09-RS";"UOP02-DEL09-RS"
446075;2022-04-25;"segunda-feira";"18:40:00";"SC";101;323,6;"PESCARIA BRAVA";"Ingestão de álcool pelo condutor";"Colisão lateral mesmo sentido";"Com Vítimas Feridas";"Plena Noite";"Crescente";"Céu Claro";"Múltipla";"Reta";"Não";2;0;1;0;0;1;1;2;-28,42490793;-48,93341845;"SPRF-SC";"DEL02-SC";"UOP01-DEL02-SC"
446076;2022-04-25;"segunda-feira";"21:00:00";"RS";116;363,4;"TAPES";"Velocidade Incompatível";"Saída de leito carroçável";"Com Vítimas Feridas";"Plena Noite";"Decrescente";"Chuva";"Simples";"Desvio Temporário;Aclive";"Não";1;0;1;0;0;0;1;1;-30,64814964;-51,56101323;"SPRF-RS";"DEL02-RS";"UOP02-DEL02-RS"
446078;2022-04-25;"segunda-feira";"21:50:00";"TO";153;675,2;"GURUPI";"Pedestre cruzava a pista fora da faixa";"Atropelamento de Pedestre";"Com Vítimas Fatais";"Plena Noite";"Crescente";"Céu Claro";"Simples";"Reta;Aclive";"Não";2;1;0;0;1;0;0;2;-11,73820383;-49,08104077;"SPRF-TO";"DEL01-TO";"UOP02-DEL01-TO"
446079;2022-04-25;"segunda-feira";"19:30:00";"RO";435;83;"COLORADO DO OESTE";"Ingestão de álcool pelo condutor";"Queda de ocupante de veículo";"Com Vítimas Feridas";"Plena Noite";"Crescente";"Céu Claro";"Simples";"Reta";"Sim";1;0;1;0;0;0;1;1;-13,11692454;-60,51411889;"SPRF-RO";"DEL04-RO";"UOP02-DEL04-RO"
446080;2022-04-25;"segunda-feira";"21:30:00";"PE";101;4,4;"RECIFE";"Manobra de mudança de faixa";"Colisão traseira";"Com Vítimas Feridas";"Plena Noite";"Crescente";"Nublado";"Dupla";"Viaduto";"Sim";2;0;1;0;1;0;1;2;-8,066257;-34,940989;"SPRF-PE";"DEL01-PE";"UOP02-DEL01-PE"
446081;2022-04-25;"segunda-feira";"22:05:00";"SP";116;73;"APARECIDA";"Objeto estático sobre o leito carroçável";"Tombamento";"Com Vítimas Feridas";"Plena Noite";"Crescente";"Céu Claro";"Dupla";"Reta";"Não";1;0;1;0;0;0;1;1;-22,86998483;-45,24430721;"SPRF-SP";"DEL08-SP";"UOP01-DEL08-SP"
446085;2022-04-25;"segunda-feira";"17:00:00";"MT";364;0,3;"ALTO ARAGUAIA";"Reação tardia ou ineficiente do condutor";"Colisão frontal";"Com Vítimas Feridas";"Anoitecer";"Decrescente";"Céu Claro";"Dupla";"Reta;Retorno Regulamentado";"Sim";2;0;1;0;1;0;1;2;-17,31871;-53,211903;"SPRF-MT";"DEL02-MT";"UOP02-DEL02-MT"
446088;2022-04-25;"segunda-feira";"17:00:00";"RS";116;39,3;"VACARIA";"Desrespeitar a preferência no cruzamento";"Colisão transversal";"Com Vítimas Feridas";"Pleno dia";"Crescente";"Sol";"Simples";"Interseção de Vias";"Sim";2;0;1;0;1;0;1;2;-28,51387728;-50,93476295;"SPRF-RS";"DEL05-RS";"UOP03-DEL05-RS"
446091;2022-04-25;"segunda-feira";"15:50:00";"RS";101;19;"TRES CACHOEIRAS";"Manobra de mudança de faixa";"Colisão com objeto";"Com Vítimas Feridas";"Pleno dia";"Crescente";"Céu Claro";"Dupla";"Reta";"Sim";2;0;1;0;1;0;1;2;-29,42307528;-49,87816774;"SPRF-RS";"DEL03-RS";"UOP02-DEL03-RS"
446093;2022-03-25;"sexta-feira";"08:15:00";"GO";50;98;"CRISTALINA";"Reação tardia ou ineficiente do condutor";"Colisão traseira";"Com Vítimas Feridas";"Pleno dia";"Crescente";"Céu Claro";"Simples";"Reta";"Sim";3;0;1;0;2;0;1;2;-16,9309;-47,7117;"SPRF-DF";"DEL01-DF";"UOP02-DEL01-DF"
446097;2022-04-25;"segunda-feira";"23:40:00";"RR";432;122,5;"CANTA";"Pedestre andava na pista";"Atropelamento de Pedestre";"Com Vítimas Fatais";"Plena Noite";"Crescente";"Chuva";"Simples";"Reta";"Não";3;1;1;0;0;1;1;2;2,05963556;-60,6478849;"SPRF-RR";"DEL01-RR";"UOP01-DEL01-RR"
446099;2022-04-26;"terça-feira";"01:55:00";"PR";277;122;"CAMPO LARGO";"Animais na Pista";"Atropelamento de Animal";"Com Vítimas Feridas";"Plena Noite";"Crescente";"Céu Claro";"Dupla";"Curva";"Não";1;0;0;1;0;0;1;1;-25,44585;-49,56863;"SPRF-PR";"DEL03-PR";"UOP03-DEL03-PR"
446100;2022-04-26;"terça-feira";"03:08:00";"ES";259;59;"COLATINA";"Animais na Pista";"Atropelamento de Animal";"Com Vítimas Feridas";"Plena Noite";"Decrescente";"Céu Claro";"Simples";"Reta";"Sim";1;0;0;1;0;0;1;1;-19,53013376;-40,6918218;"SPRF-ES";"DEL02-ES";"UOP01-DEL02-ES"
446104;2022-04-25;"segunda-feira";"21:50:00";"SC";282;259;"SAO JOSE DO CERRITO";"Acostamento em desnível";"Saída de leito carroçável";"Com Vítimas Feridas";"Plena Noite";"Decrescente";"Céu Claro";"Simples";"Curva";"Não";1;0;0;1;0;0;1;1;-27,653334;-50,59449;"SPRF-SC";"DEL05-SC";"UOP02-DEL05-SC"
446107;2022-04-26;"terça-feira";"04:30:00";"RJ";40;19;"TRES RIOS";"Animais na Pista";"Atropelamento de Animal";"Com Vítimas Feridas";"Plena Noite";"Crescente";"Céu Claro";"Dupla";"Reta;Ponte";"Sim";1;0;1;0;0;0;1;1;-22,10132017;-43,17101226;"SPRF-RJ";"DEL05-RJ";"UOP02-DEL05-RJ"
446110;2022-04-26;"terça-feira";"03:20:00";"SC";282;499,5;"XANXERE";"Velocidade Incompatível";"Capotamento";"Sem Vítimas";"Plena Noite";"Decrescente";"Céu Claro";"Dupla";"Reta";"Sim";1;0;0;0;1;0;0;1;-26,880869;-52,363121;"SPRF-SC";"DEL07-SC";"UOP01-DEL07-SC"
446111;2022-04-26;"terça-feira";"06:20:00";"GO";40;6,9;"LUZIANIA";"Acesso irregular";"Colisão transversal";"Com Vítimas Feridas";"Amanhecer";"Crescente";"Céu Claro";"Dupla";"Declive;Reta";"Sim";3;0;1;1;1;0;2;2;-16,108482;-47,972524;"SPRF-DF";"DEL01-DF";"UOP01-DEL01-DF"
446116;2022-04-26;"terça-feira";"07:21:00";"DF";40;4;"BRASILIA";"Área urbana sem a presença de local apropriado para a travessia de pedestres";"Atropelamento de Pedestre";"Com Vítimas Feridas";"Pleno dia";"Decrescente";"Céu Claro";"Dupla";"Reta";"Sim";2;0;1;0;1;0;1;2;-16,012033;-47,982124;"SPRF-DF";"DEL01-DF";"UOP01-DEL01-DF"
446117;2022-04-26;"terça-feira";"06:15:00";"MG";262;449,6;"NOVA SERRANA";"Ausência de reação do condutor";"Tombamento";"Com Vítimas Feridas";"Pleno dia";"Crescente";"Céu Claro";"Simples";"Interseção de Vias";"Não";1;0;1;0;0;0;1;1;-19,8711072;-44,97973504;"SPRF-MG";"DEL08-MG";"UOP03-DEL08-MG"
446120;2022-04-26;"terça-feira";"07:30:00";"CE";222;2,1;"FORTALEZA";"Entrada inopinada do pedestre";"Colisão transversal";"Com Vítimas Feridas";"Pleno dia";"Crescente";"Céu Claro";"Múltipla";"Reta";"Sim";3;0;1;0;0;2;1;3;-3,73911117;-38,58687498;"SPRF-CE";"DEL01-CE";"UOP01-DEL01-CE"
446122;2022-04-26;"terça-feira";"06:10:00";"ES";482;8,9;"CACHOEIRO DE ITAPEMIRIM";"Pedestre cruzava a pista fora da faixa";"Atropelamento de Pedestre";"Com Vítimas Feridas";"Amanhecer";"Crescente";"Céu Claro";"Dupla";"Reta";"Sim";2;0;2;0;0;0;2;2;-20,86597301;-41,11181303;"SPRF-ES";"DEL03-ES";"UOP02-DEL03-ES"
446123;2022-04-26;"terça-feira";"06:30:00";"MG";381;265;"TIMOTEO";"Problema na suspensão";"Saída de leito carroçável";"Com Vítimas Feridas";"Pleno dia";"Decrescente";"Céu Claro";"Simples";"Reta";"Sim";1;0;1;0;0;0;1;1;-19,52569913;-42,66364497;"SPRF-MG";"DEL03-MG";"UOP02-DEL03-MG"
446124;2022-04-26;"terça-feira";"08:02:00";"GO";40;76;"CRISTALINA";"Acessar a via sem observar a presença dos outros veículos";"Colisão transversal";"Sem Vítimas";"Pleno dia";"Crescente";"Céu Claro";"Simples";"Reta";"Não";2;0;0;0;2;0;0;2;-16,644545;-47,739479;"SPRF-DF";"DEL01-DF";"UOP02-DEL01-DF"
446125;2022-04-26;"terça-feira";"07:00:00";"MG";262;810,1;"UBERABA";"Demais falhas mecânicas ou elétricas";"Queda de ocupante de veículo";"Com Vítimas Feridas";"Pleno dia";"Decrescente";"Céu Claro";"Dupla";"Reta";"Sim";1;0;1;0;0;0;1;1;-19,76051836;-48,04440502;"SPRF-MG";"DEL13-MG";"UOP01-DEL13-MG"
446126;2022-04-26;"terça-feira";"06:45:00";"RS";285;421,6;"PANAMBI";"Objeto estático sobre o leito carroçável";"Colisão com objeto";"Com Vítimas Feridas";"Amanhecer";"Crescente";"Chuva";"Simples";"Reta";"Não";5;0;4;0;0;1;4;3;-28,338804;-53,561169;"SPRF-RS";"DEL10-RS";"UOP01-DEL10-RS"
446127;2022-04-26;"terça-feira";"07:00:00";"RS";470;235,9;"CARLOS BARBOSA";"Ausência de reação do condutor";"Colisão transversal";"Com Vítimas Feridas";"Pleno dia";"Decrescente";"Chuva";"Simples";"Reta";"Não";2;0;1;0;1;0;1;2;-29,31808517;-51,49369424;"SPRF-RS";"DEL06-RS";"UOP01-DEL06-RS"
446129;2022-04-26;"terça-feira";"08:40:00";"ES";101;304,8;"VIANA";"Condutor deixou de manter distância do veículo da frente";"Colisão traseira";"Com Vítimas Feridas";"Pleno dia";"Decrescente";"Céu Claro";"Dupla";"Reta";"Sim";2;0;1;0;1;0;1;2;-20,3800645;-40,45431391;"SPRF-ES";"DEL01-ES";"UOP01-DEL01-ES"
446130;2022-04-03;"domingo";"18:10:00";"AL";104;93;"RIO LARGO";"Chuva";"Saída de leito carroçável";"Com Vítimas Feridas";"Plena Noite";"Crescente";"Nublado";"Dupla";"Reta";"Sim";1;0;1;0;0;0;1;1;-9,50318039;-35,81096649;"SPRF-AL";"DEL01-AL";"UOP01-DEL01-AL"
446131;2022-04-26;"terça-feira";"06:30:00";"MG";381;405;"BOM JESUS DO AMPARO";"Velocidade Incompatível";"Colisão com objeto";"Com Vítimas Feridas";"Amanhecer";"Decrescente";"Céu Claro";"Dupla";"Reta;Declive";"Não";1;0;0;1;0;0;1;1;-19,7490622;-43,54398027;"SPRF-MG";"DEL01-MG";"UOP01-DEL01-MG"
446132;2022-04-26;"terça-feira";"09:22:00";"PE";101;73;"RECIFE";"Manobra de mudança de faixa";"Colisão lateral mesmo sentido";"Com Vítimas Feridas";"Pleno dia";"Crescente";"Céu Claro";"Dupla";"Reta";"Sim";3;0;2;0;1;0;2;2;-8,093369;-34,947464;"SPRF-PE";"DEL01-PE";"UOP01-DEL01-PE"
446133;2022-04-26;"terça-feira";"07:15:00";"RO";364;708;"PORTO VELHO";"Velocidade Incompatível";"Colisão com objeto";"Com Vítimas Feridas";"Pleno dia";"Decrescente";"Sol";"Dupla";"Reta";"Sim";1;0;1;0;0;0;1;1;-8,79554083;-63,84072487;"SPRF-RO";"DEL01-RO";"UOP01-DEL01-RO"
446134;2022-04-26;"terça-feira";"08:20:00";"SP";116;230;"SAO PAULO";"Reação tardia ou ineficiente do condutor";"Queda de ocupante de veículo";"Com Vítimas Feridas";"Pleno dia";"Crescente";"Nublado";"Múltipla";"Reta";"Sim";3;0;1;0;1;1;1;2;-23,52251783;-46,5855702;"SPRF-SP";"DEL01-SP";"UOP01-DEL01-SP"
446135;2022-04-26;"terça-feira";"08:33:00";"RS";290;94;"PORTO ALEGRE";"Demais falhas mecânicas ou elétricas";"Colisão com objeto";"Com Vítimas Feridas";"Pleno dia";"Decrescente";"Nublado";"Dupla";"Viaduto";"Sim";1;0;1;0;0;0;1;1;-29,973856;-51,197853;"SPRF-RS";"DEL01-RS";"UOP01-DEL01-RS"
446137;2022-02-13;"domingo";"13:20:00";"AL";316;259;"PILAR";"Reação tardia ou ineficiente do condutor";"Colisão traseira";"Com Vítimas Feridas";"Pleno dia";"Decrescente";"Céu Claro";"Simples";"Reta";"Não";2;0;1;1;0;0;2;2;-9,5916564;-35,914033;"SPRF-AL";"DEL02-AL";"UOP01-DEL02-AL"
446139;2022-04-26;"terça-feira";"08:57:00";"DF";80;4,5;"BRASILIA";"Reação tardia ou ineficiente do condutor";"Saída de leito carroçável";"Com Vítimas Feridas";"Pleno dia";"Crescente";"Céu Claro";"Simples";"Reta";"Não";1;0;1;0;0;0;1;1;-15,730612;-48,111748;"SPRF-DF";"DEL03-DF";"UOP02-DEL03-DF"
446140;2022-04-26;"terça-feira";"09:00:00";"GO";60;212,6;"VARJAO";"Reação tardia ou ineficiente do condutor";"Colisão lateral mesmo sentido";"Com Vítimas Feridas";"Pleno dia";"Decrescente";"Chuva";"Dupla";"Curva";"Não";3;0;1;0;2;0;1;2;-16,9521;-49,6829;"SPRF-GO";"DEL01-GO";"UOP02-DEL01-GO"
446144;2022-04-03;"domingo";"20:00:00";"GO";70;325;"JUSSARA";"Ingestão de álcool pelo condutor";"Colisão frontal";"Com Vítimas Feridas";"Plena Noite";"Crescente";"Céu Claro";"Simples";"Reta";"Não";2;0;0;1;1;0;1;2;-15,87499281;-50,82206726;"SPRF-GO";"DEL04-GO";"UOP01-DEL04-GO"
446145;2022-04-26;"terça-feira";"08:00:00";"RR";174;502;"BOA VISTA";"Acessar a via sem observar a presença dos outros veículos";"Colisão transversal";"Com Vítimas Feridas";"Pleno dia";"Decrescente";"Nublado";"Dupla";"Rotatória";"Sim";2;0;1;0;1;0;1;2;2,787376;-60,699524;"SPRF-RR";"DEL01-RR";"UOP01-DEL01-RR"
446146;2022-04-26;"terça-feira";"09:20:00";"PR";369;387,3;"MAMBORE";"Acessar a via sem observar a presença dos outros veículos";"Colisão transversal";"Sem Vítimas";"Pleno dia";"Decrescente";"Sol";"Simples";"Curva";"Não";2;0;0;0;2;0;0;2;-24,27235707;-52,51170874;"SPRF-PR";"DEL04-PR";"UOP03-DEL04-PR"
446147;2022-04-26;"terça-feira";"08:55:00";"RR";174;502;"BOA VISTA";"Pedestre cruzava a pista fora da faixa";"Atropelamento de Pedestre";"Com Vítimas Feridas";"Pleno dia";"Crescente";"Nublado";"Simples";"Reta";"Sim";3;0;1;0;1;1;1;2;2,787376;-60,699524;"SPRF-RR";"DEL01-RR";"UOP01-DEL01-RR"
446148;2022-04-26;"terça-feira";"10:25:00";"PR";469;21;"FOZ DO IGUACU";"Desrespeitar a preferência no cruzamento";"Colisão transversal";"Com Vítimas Feridas";"Pleno dia";"Decrescente";"Céu Claro";"Simples";"Rotatória";"Não";5;0;3;0;2;0;3;3;-25,6114;-54,4861;"SPRF-PR";"DEL05-PR";"UOP04-DEL05-PR"
446149;2022-04-25;"segunda-feira";"10:30:00";"SC";101;68,3;"ARAQUARI";"Objeto estático sobre o leito carroçável";"Colisão com objeto";"Sem Vítimas";"Pleno dia";"Crescente";"Céu Claro";"Dupla";"Reta";"Não";1;0;0;0;1;0;0;1;-26,49513001;-48,73280803;"SPRF-SC";"DEL03-SC";"UOP02-DEL03-SC"
446150;2022-04-26;"terça-feira";"10:30:00";"PE";101;49,9;"ABREU E LIMA";"Acessar a via sem observar a presença dos outros veículos";"Colisão transversal";"Com Vítimas Feridas";"Pleno dia";"Crescente";"Céu Claro";"Simples";"Reta";"Sim";4;0;1;0;2;1;1;4;-7,908553;-34,902035;"SPRF-PE";"DEL01-PE";"UOP02-DEL01-PE"
446153;2022-04-26;"terça-feira";"11:00:00";"SC";101;212;"PALHOCA";"Demais falhas mecânicas ou elétricas";"Queda de ocupante de veículo";"Com Vítimas Feridas";"Pleno dia";"Decrescente";"Céu Claro";"Múltipla";"Reta";"Sim";2;0;2;0;0;0;2;1;-27,62996929;-48,65903871;"SPRF-SC";"DEL01-SC";"UOP02-DEL01-SC"
446155;2022-04-26;"terça-feira";"09:00:00";"MT";163;103;"RONDONOPOLIS";"Demais falhas mecânicas ou elétricas";"Saída de leito carroçável";"Com Vítimas Feridas";"Pleno dia";"Decrescente";"Céu Claro";"Dupla";"Reta";"Não";2;0;2;0;0;0;2;1;-16,63713456;-54,69416719;"SPRF-MT";"DEL02-MT";"UOP01-DEL02-MT"
446158;2022-04-26;"terça-feira";"11:00:00";"SC";101;144;"ITAPEMA";"Reação tardia ou ineficiente do condutor";"Colisão traseira";"Com Vítimas Feridas";"Pleno dia";"Crescente";"Nublado";"Dupla";"Reta";"Não";3;0;1;0;2;0;1;3;-27,0732659;-48,59672716;"SPRF-SC";"DEL04-SC";"UOP03-DEL04-SC"
446159;2022-02-18;"sexta-feira";"18:50:00";"AC";364;172;"BUJARI";"Ausência de reação do condutor";"Colisão traseira";"Com Vítimas Feridas";"Plena Noite";"Crescente";"Nublado";"Simples";"Reta";"Não";3;0;0;1;1;1;1;2;-9,75727119;-68,07238512;"SPRF-AC";"DEL01-AC";"UOP01-DEL01-AC"
446160;2022-04-16;"sábado";"21:00:00";"RS";116;255;"ESTEIO";"Ausência de reação do condutor";"Tombamento";"Com Vítimas Feridas";"Plena Noite";"Decrescente";"Nublado";"Dupla";"Reta";"Sim";2;0;0;1;1;0;1;1;-29,83522986;-51,17484349;"SPRF-RS";"DEL01-RS";"UOP02-DEL01-RS"
446161;2022-02-21;"segunda-feira";"18:40:00";"AC";364;136;"RIO BRANCO";"Manobra de mudança de faixa";"Colisão transversal";"Sem Vítimas";"Anoitecer";"Decrescente";"Nublado";"Dupla";"Rotatória";"Não";2;0;0;0;2;0;0;2;-9,977578;-67,8489;"SPRF-AC";"DEL01-AC";"UOP01-DEL01-AC"
446163;2022-04-10;"domingo";"18:30:00";"MT";174;388;"NOVA LACERDA";"Ingestão de álcool pelo condutor";"Atropelamento de Pedestre";"Com Vítimas Feridas";"Anoitecer";"Crescente";"Céu Claro";"Dupla";"Reta";"Sim";2;0;1;1;0;0;2;2;-14,482545;-59,58194;"SPRF-MT";"DEL04-MT";"UOP01-DEL04-MT"
446164;2022-04-12;"terça-feira";"17:50:00";"RO";364;343;"JI-PARANA";"Condutor desrespeitou a iluminação vermelha do semáforo";"Colisão transversal";"Com Vítimas Feridas";"Pleno dia";"Decrescente";"Céu Claro";"Múltipla";"Interseção de Vias";"Sim";2;0;1;0;1;0;1;2;-10,87878519;-61,94499012;"SPRF-RO";"DEL02-RO";"UOP01-DEL02-RO"
446166;2022-04-26;"terça-feira";"08:05:00";"RJ";101;319;"SAO GONCALO";"Ausência de reação do condutor";"Colisão lateral mesmo sentido";"Com Vítimas Feridas";"Pleno dia";"Crescente";"Céu Claro";"Dupla";"Reta";"Sim";3;0;2;0;1;0;2;2;-22,85411774;-43,1018014;"SPRF-RJ";"DEL02-RJ";"UOP02-DEL02-RJ"
446171;2022-04-26;"terça-feira";"13:00:00";"SP";116;199;"ARUJA";"Reação tardia ou ineficiente do condutor";"Atropelamento de Pedestre";"Com Vítimas Feridas";"Pleno dia";"Crescente";"Céu Claro";"Dupla";"Reta";"Não";1;0;0;1;0;0;1;1;-23,40185327;-46,31154312;"SPRF-SP";"DEL01-SP";"UOP01-DEL01-SP"
446172;2022-04-26;"terça-feira";"12:40:00";"RJ";493;2,5;"ITABORAI";"Ausência de reação do condutor";"Atropelamento de Pedestre";"Com Vítimas Feridas";"Pleno dia";"Crescente";"Céu Claro";"Dupla";"Reta";"Sim";3;0;0;1;1;1;1;2;-22,75950214;-42,93544822;"SPRF-RJ";"DEL02-RJ";"UOP02-DEL02-RJ"
446173;2022-01-10;"segunda-feira";"00:50:00";"MG";381;941,5;"EXTREMA";"Entrada inopinada do pedestre";"Atropelamento de Pedestre";"Com Vítimas Fatais";"Plena Noite";"Crescente";"Nublado";"Dupla";"Aclive;Viaduto;Curva";"Sim";2;1;0;0;1;0;0;2;-22,83206124;-46,31679296;"SPRF-MG";"DEL16-MG";"UOP03-DEL16-MG"
446174;2022-04-15;"sexta-feira";"00:30:00";"SP";153;62;"SAO JOSE DO RIO PRETO";"Reação tardia ou ineficiente do condutor";"Colisão lateral mesmo sentido";"Com Vítimas Feridas";"Plena Noite";"Decrescente";"Céu Claro";"Dupla";"Reta";"Sim";2;0;1;0;1;0;1;2;-20,81629692;-49,35702324;"SPRF-SP";"DEL09-SP";"UOP01-DEL09-SP"
446175;2022-04-26;"terça-feira";"12:53:00";"PB";230;10,2;"CABEDELO";"Reação tardia ou ineficiente do condutor";"Colisão traseira";"Sem Vítimas";"Pleno dia";"Decrescente";"Céu Claro";"Dupla";"Reta";"Sim";2;0;0;0;2;0;0;2;-7,0514;-34,8499;"SPRF-PB";"DEL01-PB";"UOP01-DEL01-PB"
446177;2022-04-26;"terça-feira";"12:20:00";"PA";230;116;"MARABA";"Acessar a via sem observar a presença dos outros veículos";"Colisão transversal";"Com Vítimas Feridas";"Pleno dia";"Decrescente";"Céu Claro";"Dupla";"Reta;Declive";"Sim";2;0;1;0;1;0;1;2;-5,35947454;-49,08301084;"SPRF-PA";"DEL03-PA";"UOP01-DEL03-PA"
446178;2022-04-15;"sexta-feira";"02:15:00";"RS";470;159;"NOVA PRATA";"Ingestão de álcool pelo condutor";"Saída de leito carroçável";"Com Vítimas Feridas";"Plena Noite";"Decrescente";"Ignorado";"Simples";"Aclive;Curva";"Não";1;0;0;1;0;0;1;1;-28,80586721;-51,60682934;"SPRF-RS";"DEL06-RS";"UOP02-DEL06-RS"
446182;2022-04-26;"terça-feira";"13:45:00";"SC";101;134;"BALNEARIO CAMBORIU";"Manobra de mudança de faixa";"Colisão com objeto";"Com Vítimas Feridas";"Pleno dia";"Crescente";"Sol";"Dupla";"Reta";"Sim";2;0;1;0;1;0;1;2;-27,00218;-48,636433;"SPRF-SC";"DEL04-SC";"UOP03-DEL04-SC"
446183;2022-04-26;"terça-feira";"13:45:00";"RN";101;94;"NATAL";"Acessar a via sem observar a presença dos outros veículos";"Atropelamento de Pedestre";"Com Vítimas Feridas";"Pleno dia";"Decrescente";"Céu Claro";"Simples";"Reta";"Sim";2;0;1;0;1;0;1;2;-5,83176615;-35,21191342;"SPRF-RN";"DEL01-RN";"UOP01-DEL01-RN"
446186;2022-04-26;"terça-feira";"14:50:00";"ES";262;34,8;"DOMINGOS MARTINS";"Mal súbito do condutor";"Colisão frontal";"Com Vítimas Feridas";"Pleno dia";"Crescente";"Céu Claro";"Simples";"Reta";"Não";3;0;3;0;0;0;3;2;-20,38002181;-40,5951714;"SPRF-ES";"DEL01-ES";"UOP01-DEL01-ES"
446188;2022-03-29;"terça-feira";"18:55:00";"RS";116;614,4;"ARROIO GRANDE";"Transitar no acostamento";"Atropelamento de Pedestre";"Com Vítimas Feridas";"Anoitecer";"Crescente";"Nublado";"Simples";"Reta";"Não";2;0;1;1;0;0;2;2;-32,26517521;-53,0912018;"SPRF-RS";"DEL07-RS";"UOP03-DEL07-RS"
446189;2022-04-26;"terça-feira";"14:00:00";"MG";381;491;"BETIM";"Condutor deixou de manter distância do veículo da frente";"Colisão traseira";"Com Vítimas Feridas";"Pleno dia";"Crescente";"Sol";"Dupla";"Reta";"Sim";3;0;0;1;2;0;1;3;-19,97018187;-44,18210416;"SPRF-MG";"DEL01-MG";"UOP03-DEL01-MG"
446191;2022-02-02;"quarta-feira";"17:30:00";"PB";230;163;"CAMPINA GRANDE";"Animais na Pista";"Atropelamento de Animal";"Com Vítimas Feridas";"Anoitecer";"Crescente";"Vento";"Simples";"Reta";"Não";1;0;0;1;0;0;1;1;-7,21108818;-35,94046784;"SPRF-PB";"DEL02-PB";"UOP01-DEL02-PB"
446193;2022-03-17;"quinta-feira";"17:07:00";"PE";428;183;"PETROLINA";"Acessar a via sem observar a presença dos outros veículos";"Colisão transversal";"Com Vítimas Feridas";"Pleno dia";"Crescente";"Céu Claro";"Simples";"Em Obras;Interseção de Vias";"Sim";1;0;0;1;0;0;1;1;-9,32412987;-40,46211325;"SPRF-PE";"DEL06-PE";"UOP01-DEL06-PE"
446195;2022-04-26;"terça-feira";"15:00:00";"MS";163;491;"CAMPO GRANDE";"Conversão proibida";"Colisão transversal";"Com Vítimas Feridas";"Pleno dia";"Decrescente";"Céu Claro";"Dupla";"Reta";"Sim";2;0;0;1;1;0;1;2;-20,36434577;-54,52853585;"SPRF-MS";"DEL01-MS";"UOP02-DEL01-MS"
446196;2022-04-26;"terça-feira";"15:20:00";"RJ";101;274;"TANGUA";"Ausência de reação do condutor";"Engavetamento";"Com Vítimas Feridas";"Pleno dia";"Crescente";"Céu Claro";"Dupla";"Reta";"Não";8;0;4;0;4;0;4;4;-22,73506292;-42,71948103;"SPRF-RJ";"DEL02-RJ";"UOP03-DEL02-RJ"
446198;2022-04-26;"terça-feira";"14:45:00";"GO";153;195,7;"URUACU";"Ultrapassagem Indevida";"Colisão lateral mesmo sentido";"Com Vítimas Feridas";"Pleno dia";"Decrescente";"Céu Claro";"Simples";"Reta;Aclive";"Não";2;0;1;0;1;0;1;2;-14,471585;-49,155964;"SPRF-GO";"DEL07-GO";"UOP02-DEL07-GO"
446200;2022-04-26;"terça-feira";"16:30:00";"CE";116;5,2;"FORTALEZA";"Condutor deixou de manter distância do veículo da frente";"Colisão traseira";"Com Vítimas Feridas";"Pleno dia";"Decrescente";"Sol";"Múltipla";"Reta";"Sim";2;0;1;0;1;0;1;2;-3,79467116;-38,50772734;"SPRF-CE";"DEL01-CE";"UOP02-DEL01-CE"
446201;2022-04-26;"terça-feira";"08:45:00";"RS";116;430;"CRISTAL";"Manobra de mudança de faixa";"Colisão lateral mesmo sentido";"Com Vítimas Feridas";"Pleno dia";"Crescente";"Céu Claro";"Dupla";"Reta";"Não";2;0;1;0;1;0;1;2;-31,01340402;-52,05286687;"SPRF-RS";"DEL02-RS";"UOP02-DEL02-RS"
446203;2022-04-26;"terça-feira";"16:30:00";"RJ";116;61,8;"TERESOPOLIS";"Velocidade Incompatível";"Colisão com objeto";"Com Vítimas Feridas";"Pleno dia";"Decrescente";"Céu Claro";"Simples";"Curva";"Sim";2;0;1;1;0;0;2;1;-22,24418511;-42,91575275;"SPRF-RJ";"DEL04-RJ";"UOP01-DEL04-RJ"
446204;2022-04-26;"terça-feira";"16:30:00";"BA";324;605;"SIMOES FILHO";"Condutor usando celular";"Queda de ocupante de veículo";"Com Vítimas Feridas";"Pleno dia";"Crescente";"Céu Claro";"Simples";"Curva";"Não";1;0;1;0;0;0;1;1;-12,78605114;-38,40972508;"SPRF-BA";"DEL01-BA";"UOP01-DEL01-BA"
446206;2022-04-26;"terça-feira";"17:15:00";"SC";101;130;"BALNEARIO CAMBORIU";"Reação tardia ou ineficiente do condutor";"Tombamento";"Com Vítimas Feridas";"Pleno dia";"Decrescente";"Céu Claro";"Dupla";"Reta";"Não";1;0;1;0;0;0;1;1;-26,98407618;-48,66977107;"SPRF-SC";"DEL04-SC";"UOP03-DEL04-SC"