"id";"data_inversa";"dia_semana";"horario";"uf";"br";"km";"municipio";"causa_acidente";"tipo_acidente";"classificacao_acidente";"fase_dia";"sentido_via";"condicao_metereologica";"tipo_pista";"tracado_via";"uso_solo";"pessoas";"mortos";"feridos_leves";"feridos_graves";"ilesos";"ignorados";"feridos";"veiculos";"latitude";"longitude";"regional";"delegacia";"uop"
446322;2022-04-27;"quarta-feira";"07:55:00";"RS";153;405,4;"CACHOEIRA DO SUL";"Demais falhas mecânicas ou elétricas";"Saída de leito carroçável";"Com Vítimas Feridas";"Pleno dia";"Decrescente";"Céu Claro";"Simples";"Aclive";"Não";1;0;1;0;0;0;1;1;-30,00816583;-52,92079926;"SPRF-RS";"DEL02-RS";"UOP03-DEL02-RS"
446323;2022-04-27;"quarta-feira";"12:30:00";"GO";60;163;"GOIANIA";"Avarias e/ou desgaste excessivo no pneu";"Queda de ocupante de veículo";"Com Vítimas Feridas";"Pleno dia";"Crescente";"Céu Claro";"Dupla";"Reta";"Sim";2;0;2;0;0;0;2;1;-16,7002;-49,3335;"SPRF-GO";"DEL01-GO";"UOP02-DEL01-GO"
446324;2022-04-27;"quarta-feira";"11:00:00";"SP";101;50,5;"UBATUBA";"Transitar na contramão";"Colisão frontal";"Com Vítimas Feridas";"Pleno dia";"Decrescente";"Céu Claro";"Simples";"Reta";"Sim";3;0;2;0;1;0;2;3;-23,45670142;-45,07060647;"SPRF-SP";"DEL06-SP";"UOP01-DEL06-SP"
446329;2022-04-17;"domingo";"23:00:00";"RS";116;260;"CANOAS";"Ausência de reação do condutor";"Colisão com objeto";"Com Vítimas Feridas";"Plena Noite";"Decrescente";"Céu Claro";"Dupla";"Reta";"Sim";2;0;1;0;0;1;1;1;-29,879208;-51,18045622;"SPRF-RS";"DEL01-RS";"UOP01-DEL01-RS"
446333;2022-04-27;"quarta-feira";"13:30:00";"RJ";101;321;"NITEROI";"Ausência de reação do condutor";"Colisão traseira";"Com Vítimas Feridas";"Pleno dia";"Crescente";"Céu Claro";"Simples";"Reta";"Sim";2;0;1;0;1;0;1;2;-22,86981096;-43,11046465;"SPRF-RJ";"DEL02-RJ";"UOP01-DEL02-RJ"
446335;2022-04-27;"quarta-feira";"10:30:00";"SC";282;329;"CAMPOS NOVOS";"Frear bruscamente";"Saída de leito carroçável";"Com Vítimas Feridas";"Pleno dia";"Decrescente";"Céu Claro";"Simples";"Reta";"Não";2;0;2;0;0;0;2;1;-27,380089;-51,097698;"SPRF-SC";"DEL07-SC";"UOP06-DEL07-SC"
446336;2022-04-27;"quarta-feira";"13:50:00";"BA";101;266;"SANTO ANTONIO DE JESUS";"Condutor deixou de manter distância do veículo da frente";"Colisão traseira";"Sem Vítimas";"Pleno dia";"Decrescente";"Céu Claro";"Simples";"Curva";"Não";4;0;0;0;3;1;0;3;-12,99746;-39,286415;"SPRF-BA";"DEL01-BA";"UOP02-DEL01-BA"
446338;2022-04-27;"quarta-feira";"13:50:00";"MG";381;480,7;"CONTAGEM";"Entrada inopinada do pedestre";"Atropelamento de Pedestre";"Com Vítimas Feridas";"Pleno dia";"Crescente";"Céu Claro";"Dupla";"Reta";"Sim";2;0;0;1;1;0;1;2;-19,957838;-44,056679;"SPRF-MG";"DEL01-MG";"UOP03-DEL01-MG"
446339;2022-04-27;"quarta-feira";"14:20:00";"MG";262;357;"BETIM";"Avarias e/ou desgaste excessivo no pneu";"Queda de ocupante de veículo";"Com Vítimas Feridas";"Pleno dia";"Crescente";"Céu Claro";"Dupla";"Curva;Aclive";"Não";2;0;1;1;0;0;2;1;-19,97470835;-44,18804897;"SPRF-MG";"DEL01-MG";"UOP03-DEL01-MG"
446341;2022-04-27;"quarta-feira";"11:20:00";"MG";381;397;"BOM JESUS DO AMPARO";"Demais falhas mecânicas ou elétricas";"Queda de ocupante de veículo";"Com Vítimas Feridas";"Pleno dia";"Decrescente";"Céu Claro";"Dupla";"Reta";"Não";2;0;2;0;0;0;2;1;-19,744564;-43,496796;"SPRF-MG";"DEL01-MG";"UOP01-DEL01-MG"
446342;2022-04-27;"quarta-feira";"14:15:00";"PR";116;95;"SAO JOSE DOS PINHAIS";"Demais falhas mecânicas ou elétricas";"Incêndio";"Sem Vítimas";"Pleno dia";"Crescente";"Céu Claro";"Simples";"Reta";"Não";1;0;0;0;1;0;0;1;-25,4971982;-49,11761871;"SPRF-PR";"DEL01-PR";"UOP01-DEL01-PR"
446344;2022-04-27;"quarta-feira";"15:00:00";"MG";381;500;"BETIM";"Reação tardia ou ineficiente do condutor";"Engavetamento";"Sem Vítimas";"Pleno dia";"Decrescente";"Céu Claro";"Dupla";"Reta";"Não";3;0;0;0;3;0;0;3;-20,00035012;-44,21123743;"SPRF-MG";"DEL01-MG";"UOP03-DEL01-MG"
446345;2022-04-27;"quarta-feira";"14:25:00";"PB";104;114,3;"LAGOA SECA";"Conversão proibida";"Colisão transversal";"Com Vítimas Feridas";"Pleno dia";"Decrescente";"Céu Claro";"Simples";"Reta";"Sim";2;0;0;1;1;0;1;2;-7,1620139;-35,85712429;"SPRF-PB";"DEL02-PB";"UOP04-DEL02-PB"
446347;2022-04-27;"quarta-feira";"14:45:00";"ES";101;279;"SERRA";"Obras na pista";"Colisão com objeto";"Com Vítimas Feridas";"Pleno dia";"Decrescente";"Céu Claro";"Dupla";"Reta";"Não";1;0;0;1;0;0;1;1;-20,218122;-40,339325;"SPRF-ES";"DEL02-ES";"UOP01-DEL02-ES"
446350;2022-04-27;"quarta-feira";"15:40:00";"PE";232;78,5;"GRAVATA";"Entrada inopinada do pedestre";"Atropelamento de Pedestre";"Com Vítimas Feridas";"Pleno dia";"Decrescente";"Nublado";"Simples";"Reta";"Sim";2;0;0;1;1;0;1;2;-8,19343658;-35,55186505;"SPRF-PE";"DEL02-PE";"UOP02-DEL02PE"
446351;2022-04-27;"quarta-feira";"15:20:00";"MG";381;521,4;"BRUMADINHO";"Ausência de reação do condutor";"Colisão com objeto";"Sem Vítimas";"Pleno dia";"Crescente";"Céu Claro";"Dupla";"Reta;Declive";"Não";1;0;0;0;1;0;0;1;-20,13846621;-44,31715274;"SPRF-MG";"DEL04-MG";"UOP03-DEL04-MG"
446352;2022-04-27;"quarta-feira";"15:05:00";"PR";277;94;"CURITIBA";"Condutor deixou de manter distância do veículo da frente";"Colisão traseira";"Com Vítimas Feridas";"Pleno dia";"Decrescente";"Céu Claro";"Dupla";"Reta";"Sim";2;0;1;0;1;0;1;2;-25,43123;-49,316031;"SPRF-PR";"DEL01-PR";"UOP01-DEL01-PR"
446354;2022-04-23;"sábado";"23:00:00";"GO";70;39,9;"COCALZINHO DE GOIAS";"Ingestão de álcool pelo condutor";"Colisão traseira";"Sem Vítimas";"Plena Noite";"Crescente";"Céu Claro";"Simples";"Reta";"Sim";2;0;0;0;2;0;0;2;-15,77993165;-48,52025986;"SPRF-DF";"DEL03-DF";"UOP02-DEL03-DF"
446355;2022-04-27;"quarta-feira";"06:10:00";"RS";290;86;"PORTO ALEGRE";"Avarias e/ou desgaste excessivo no pneu";"Queda de ocupante de veículo";"Com Vítimas Feridas";"Pleno dia";"Crescente";"Céu Claro";"Múltipla";"Reta";"Sim";2;0;2;0;0;0;2;1;-29,968412;-51,117138;"SPRF-RS";"DEL01-RS";"UOP01-DEL01-RS"
446357;2022-04-27;"quarta-feira";"15:20:00";"MG";262;360;"BETIM";"Velocidade Incompatível";"Capotamento";"Com Vítimas Feridas";"Pleno dia";"Crescente";"Céu Claro";"Dupla";"Reta;Em Obras";"Não";1;0;1;0;0;0;1;1;-19,9830204;-44,20924834;"SPRF-MG";"DEL01-MG";"UOP03-DEL01-MG"
446360;2022-04-27;"quarta-feira";"15:35:00";"MG";262;466,2;"BOM DESPACHO";"Ausência de reação do condutor";"Tombamento";"Com Vítimas Feridas";"Pleno dia";"Decrescente";"Sol";"Simples";"Reta";"Não";1;0;1;0;0;0;1;1;-19,80935414;-45,11587504;"SPRF-MG";"DEL08-MG";"UOP03-DEL08-MG"
446361;2022-04-27;"quarta-feira";"13:20:00";"RJ";116;116,8;"MAGE";"Demais falhas mecânicas ou elétricas";"Incêndio";"Sem Vítimas";"Pleno dia";"Decrescente";"Sol";"Dupla";"Reta";"Não";1;0;0;0;1;0;0;1;-22,5943135;-43,02305931;"SPRF-RJ";"DEL04-RJ";"UOP02-DEL04-RJ"
446362;2022-04-27;"quarta-feira";"15:30:00";"RO";364;712;"PORTO VELHO";"Ausência de reação do condutor";"Colisão traseira";"Sem Vítimas";"Pleno dia";"Crescente";"Chuva";"Múltipla";"Interseção de Vias;Rotatória";"Sim";2;0;0;0;2;0;0;2;-8,7770354;-63,87316466;"SPRF-RO";"DEL01-RO";"UOP01-DEL01-RO"
446364;2022-04-27;"quarta-feira";"12:10:00";"RS";470;176;"VERANOPOLIS";"Acessar a via sem observar a presença dos outros veículos";"Colisão transversal";"Com Vítimas Feridas";"Pleno dia";"Crescente";"Céu Claro";"Simples";"Reta";"Sim";2;0;1;0;1;0;1;2;-28,929109;-51,54315;"SPRF-RS";"DEL06-RS";"UOP02-DEL06-RS"
446365;2022-02-28;"segunda-feira";"04:00:00";"PA";10;319;"SAO MIGUEL DO GUAMA";"Ingestão de álcool pelo condutor";"Colisão frontal";"Com Vítimas Feridas";"Amanhecer";"Decrescente";"Nublado";"Simples";"Curva";"Não";4;0;2;0;2;0;2;2;-1,64240799;-47,48804109;"SPRF-PA";"DEL01-PA";"UOP02-DEL01-PA"
446366;2022-04-27;"quarta-feira";"17:18:00";"SP";153;62;"SAO JOSE DO RIO PRETO";"Demais falhas mecânicas ou elétricas";"Tombamento";"Com Vítimas Feridas";"Pleno dia";"Decrescente";"Nublado";"Dupla";"Reta";"Sim";1;0;1;0;0;0;1;1;-20,81325404;-49,35675563;"SPRF-SP";"DEL09-SP";"UOP01-DEL09-SP"
446367;2022-04-27;"quarta-feira";"17:00:00";"PE";232;9;"JABOATAO DOS GUARARAPES";"Demais falhas mecânicas ou elétricas";"Queda de ocupante de veículo";"Com Vítimas Feridas";"Anoitecer";"Crescente";"Nublado";"Dupla";"Reta";"Sim";1;0;1;0;0;0;1;1;-8,078061;-34,980847;"SPRF-PE";"DEL01-PE";"UOP01-DEL01-PE"
446370;2022-04-14;"quinta-feira";"15:45:00";"PR";116;9,8;"COLOMBO";"Acostamento em desnível";"Queda de ocupante de veículo";"Com Vítimas Feridas";"Pleno dia";"Crescente";"Nublado";"Dupla";"Reta";"Sim";2;0;1;0;1;0;1;2;-25,3708;-49,1246;"SPRF-PR";"DEL01-PR";"UOP02-DEL01-PR"
446371;2022-04-27;"quarta-feira";"17:30:00";"SP";116;158;"JACAREI";"Ausência de reação do condutor";"Colisão traseira";"Com Vítimas Feridas";"Pleno dia";"Crescente";"Céu Claro";"Simples";"Reta";"Sim";2;0;1;0;1;0;1;2;-23,26072137;-45,95179176;"SPRF-SP";"DEL02-SP";"UOP01-DEL02-SP"
446372;2022-04-27;"quarta-feira";"17:20:00";"RJ";101;486;"ANGRA DOS REIS";"Reação tardia ou ineficiente do condutor";"Engavetamento";"Com Vítimas Feridas";"Anoitecer";"Crescente";"Céu Claro";"Simples";"Reta";"Sim";3;0;1;0;2;0;1;3;-22,97708786;-44,29634653;"SPRF-RJ";"DEL03-RJ";"UOP03-DEL03-RJ"
446374;2022-04-27;"quarta-feira";"18:00:00";"RS";116;242;"SAO LEOPOLDO";"Objeto estático sobre o leito carroçável";"Colisão traseira";"Com Vítimas Feridas";"Anoitecer";"Decrescente";"Nublado";"Dupla";"Reta";"Sim";3;0;0;1;2;0;1;3;-29,72297087;-51,14858729;"SPRF-RS";"DEL01-RS";"UOP02-DEL01-RS"
446375;2022-04-27;"quarta-feira";"17:30:00";"SC";101;203,4;"SAO JOSE";"Condutor deixou de manter distância do veículo da frente";"Colisão lateral mesmo sentido";"Com Vítimas Feridas";"Anoitecer";"Crescente";"Nublado";"Dupla";"Reta";"Sim";2;0;1;0;1;0;1;2;-27,5650044;-48,61460082;"SPRF-SC";"DEL01-SC";"UOP01-DEL01-SC"
446378;2022-04-27;"quarta-feira";"17:45:00";"MG";50;183;"UBERABA";"Reação tardia ou ineficiente do condutor";"Atropelamento de Pedestre";"Com Vítimas Feridas";"Anoitecer";"Decrescente";"Ignorado";"Dupla";"Reta";"Sim";1;0;0;1;0;0;1;1;-19,80163169;-47,90598553;"SPRF-MG";"DEL13-MG";"UOP01-DEL13-MG"
446380;2022-04-27;"quarta-feira";"19:00:00";"DF";70;9,2;"BRASILIA";"Ausência de reação do condutor";"Queda de ocupante de veículo";"Com Vítimas Feridas";"Plena Noite";"Crescente";"Céu Claro";"Dupla";"Reta";"Sim";1;0;1;0;0;0;1;1;-15,78555327;-48,13501954;"SPRF-DF";"DEL03-DF";"UOP02-DEL03-DF"
446381;2022-04-27;"quarta-feira";"18:55:00";"PR";277;723,7;"FOZ DO IGUACU";"Acesso irregular";"Colisão transversal";"Com Vítimas Feridas";"Plena Noite";"Crescente";"Céu Claro";"Dupla";"Reta";"Sim";2;0;1;1;0;0;2;2;-25,49878215;-54,52985294;"SPRF-PR";"DEL05-PR";"UOP03-DEL05-PR"
446382;2022-04-27;"quarta-feira";"18:15:00";"SC";101;208;"SAO JOSE";"Manobra de mudança de faixa";"Tombamento";"Com Vítimas Feridas";"Anoitecer";"Crescente";"Nublado";"Múltipla";"Reta";"Sim";1;0;1;0;0;0;1;1;-27,60327979;-48,63201818;"SPRF-SC";"DEL01-SC";"UOP01-DEL01-SC"
446383;2022-04-27;"quarta-feira";"17:50:00";"MG";262;38,2;"MANHUACU";"Acessar a via sem observar a presença dos outros veículos";"Colisão transversal";"Com Vítimas Feridas";"Anoitecer";"Crescente";"Nublado";"Simples";"Declive";"Sim";2;0;1;0;1;0;1;2;-20,26305859;-42,03684948;"SPRF-MG";"DEL06-MG";"UOP03-DEL06-MG"
446386;2022-04-27;"quarta-feira";"19:00:00";"RS";285;48,1;"BOM JESUS";"Animais na Pista";"Atropelamento de Animal";"Com Vítimas Fatais";"Plena Noite";"Decrescente";"Céu Claro";"Simples";"Reta";"Não";1;1;0;0;0;0;0;1;-28,669161;-50,317318;"SPRF-RS";"DEL05-RS";"UOP03-DEL05-RS"
446388;2022-04-27;"quarta-feira";"19:55:00";"SP";116;228;"SAO PAULO";"Ausência de reação do condutor";"Tombamento";"Com Vítimas Feridas";"Plena Noite";"Decrescente";"Céu Claro";"Múltipla";"Reta";"Sim";3;0;3;0;0;0;3;2;-23,50343484;-46,56638712;"SPRF-SP";"DEL01-SP";"UOP01-DEL01-SP"
446389;2022-04-27;"quarta-feira";"15:30:00";"MG";365;757,2;"ITUIUTABA";"Animais na Pista";"Queda de ocupante de veículo";"Com Vítimas Feridas";"Pleno dia";"Crescente";"Céu Claro";"Simples";"Declive;Reta";"Não";1;0;1;0;0;0;1;1;-18,96358968;-49,4773831;"SPRF-MG";"DEL15-MG";"UOP03-DEL15-MG"
446392;2022-04-27;"quarta-feira";"17:30:00";"PR";476;349,5;"PAULA FREITAS";"Velocidade Incompatível";"Atropelamento de Pedestre";"Com Vítimas Fatais";"Anoitecer";"Decrescente";"Céu Claro";"Simples";"Reta";"Não";7;1;0;0;2;4;0;2;-26,18289499;-50,94645024;"SPRF-PR";"DEL02-PR";"UOP03-DEL02-PR"
446394;2022-04-27;"quarta-feira";"20:00:00";"BA";407;4,7;"JUAZEIRO";"Transitar no acostamento";"Colisão lateral mesmo sentido";"Com Vítimas Feridas";"Plena Noite";"Crescente";"Céu Claro";"Simples";"Reta";"Sim";2;0;1;0;1;0;1;2;-9,43957495;-40,49433089;"SPRF-PE";"DEL06-PE";"UOP01-DEL06-PE"
446395;2022-04-27;"quarta-feira";"18:10:00";"SC";480;125,3;"CHAPECO";"Acessar a via sem observar a presença dos outros veículos";"Colisão lateral mesmo sentido";"Com Vítimas Feridas";"Anoitecer";"Decrescente";"Céu Claro";"Simples";"Reta";"Não";3;0;1;1;1;0;2;3;-27,01164515;-52,63953123;"SPRF-SC";"DEL07-SC";"UOP01-DEL07-SC"
446396;2022-04-27;"quarta-feira";"18:50:00";"PE";232;508;"SALGUEIRO";"Transitar na contramão";"Colisão frontal";"Com Vítimas Feridas";"Plena Noite";"Decrescente";"Céu Claro";"Simples";"Reta";"Sim";3;0;0;2;1;0;2;2;-8,06223271;-39,12095006;"SPRF-PE";"DEL05-PE";"UOP01-DEL05-PE"
446398;2022-04-27;"quarta-feira";"15:20:00";"RO";429;74;"ALVORADA DOESTE";"Animais na Pista";"Colisão lateral mesmo sentido";"Sem Vítimas";"Pleno dia";"Crescente";"Céu Claro";"Simples";"Reta";"Não";2;0;0;0;2;0;0;2;-11,23075196;-62,18631004;"SPRF-RO";"DEL02-RO";"UOP03-DEL02-RO"
446400;2022-04-27;"quarta-feira";"19:30:00";"MA";135;7;"SAO LUIS";"Reação tardia ou ineficiente do condutor";"Colisão lateral mesmo sentido";"Com Vítimas Feridas";"Plena Noite";"Crescente";"Nublado";"Dupla";"Retorno Regulamentado";"Sim";4;0;2;0;2;0;2;2;-2,63608835;-44,26848552;"SPRF-MA";"DEL01-MA";"UOP01-DEL01-MA"
446401;2022-04-16;"sábado";"06:45:00";"MG";381;483;"CONTAGEM";"Demais falhas mecânicas ou elétricas";"Eventos atípicos";"Com Vítimas Feridas";"Amanhecer";"Decrescente";"Céu Claro";"Dupla";"Reta;Aclive";"Sim";2;0;0;1;1;0;1;1;-19,95975193;-44,0852505;"SPRF-MG";"DEL01-MG";"UOP03-DEL01-MG"
446402;2022-04-27;"quarta-feira";"19:10:00";"PI";316;7;"TERESINA";"Demais falhas na via";"Tombamento";"Com Vítimas Feridas";"Plena Noite";"Crescente";"Céu Claro";"Dupla";"Reta";"Sim";2;0;2;0;0;0;2;1;-5,15584638;-42,77173332;"SPRF-PI";"DEL01-PI";"UOP02-DEL01-PI"
446404;2022-04-10;"domingo";"04:45:00";"PR";476;135,2;"CURITIBA";"Ausência de reação do condutor";"Colisão traseira";"Sem Vítimas";"Plena Noite";"Decrescente";"Nublado";"Múltipla";"Reta";"Sim";2;0;0;0;1;1;0;2;-25,476524;-49,259937;"SPRF-PR";"DEL01-PR";"UOP03-DEL01-PR"
446405;2022-04-27;"quarta-feira";"21:40:00";"RS";293;1,9;"PELOTAS";"Desrespeitar a preferência no cruzamento";"Colisão transversal";"Com Vítimas Feridas";"Plena Noite";"Crescente";"Garoa/Chuvisco";"Simples";"Reta";"Sim";2;0;0;1;1;0;1;2;-31,760326;-52,356205;"SPRF-RS";"DEL07-RS";"UOP01-DEL07-RS"
446407;2022-04-27;"quarta-feira";"19:00:00";"PE";423;168;"AGUAS BELAS";"Mal súbito do condutor";"Colisão frontal";"Com Vítimas Feridas";"Plena Noite";"Decrescente";"Nublado";"Simples";"Reta";"Não";4;0;1;2;0;1;3;2;-9,12739114;-37,033023;"SPRF-AL";"DEL03-AL";"UOP02-DEL03-AL"
446408;2022-03-04;"sexta-feira";"00:14:00";"BA";135;162;"BARREIRAS";"Reação tardia ou ineficiente do condutor";"Saída de leito carroçável";"Com Vítimas Feridas";"Plena Noite";"Decrescente";"Céu Claro";"Simples";"Reta";"Não";2;0;0;2;0;0;2;1;-12,02374608;-44,9534158;"SPRF-BA";"DEL10-BA";"UOP01-DEL10-BA"
446409;2022-04-27;"quarta-feira";"18:45:00";"GO";60;102;"ANAPOLIS";"Acessar a via sem observar a presença dos outros veículos";"Tombamento";"Com Vítimas Feridas";"Plena Noite";"Crescente";"Céu Claro";"Dupla";"Aclive";"Não";1;0;0;1;0;0;1;1;-16,406;-48,9831;"SPRF-GO";"DEL02-GO";"UOP01-DEL02-GO"
446410;2022-04-27;"quarta-feira";"19:00:00";"PR";277;475;"NOVA LARANJEIRAS";"Ausência de reação do condutor";"Atropelamento de Pedestre";"Com Vítimas Feridas";"Anoitecer";"Decrescente";"Céu Claro";"Simples";"Reta";"Não";2;0;1;0;1;0;1;2;-25,30798916;-52,54687394;"SPRF-PR";"DEL04-PR";"UOP02-DEL04-PR"
446411;2022-04-27;"quarta-feira";"20:00:00";"PB";230;480;"MARIZOPOLIS";"Velocidade Incompatível";"Colisão traseira";"Com Vítimas Feridas";"Plena Noite";"Decrescente";"Nublado";"Simples";"Reta";"Sim";4;0;0;4;0;0;4;2;-6,8436;-38,3416;"SPRF-PB";"DEL03-PB";"UOP03-DEL03-PB"
446412;2022-04-27;"quarta-feira";"23:00:00";"SC";101;40,1;"JOINVILLE";"Velocidade Incompatível";"Saída de leito carroçável";"Com Vítimas Feridas";"Plena Noite";"Decrescente";"Céu Claro";"Simples";"Curva";"Não";1;0;1;0;0;0;1;1;-26,3104458;-48,87694538;"SPRF-SC";"DEL03-SC";"UOP01-DEL03-SC"
446413;2022-04-27;"quarta-feira";"22:40:00";"MG";381;851;"POUSO ALEGRE";"Animais na Pista";"Atropelamento de Animal";"Sem Vítimas";"Plena Noite";"Crescente";"Céu Claro";"Dupla";"Reta;Declive";"Não";2;0;0;0;2;0;0;1;-22,25108393;-45,88749087;"SPRF-MG";"DEL16-MG";"UOP01-DEL16-MG"
446414;2022-04-27;"quarta-feira";"19:30:00";"PE";232;113,5;"BEZERROS";"Manobra de mudança de faixa";"Colisão frontal";"Com Vítimas Feridas";"Plena Noite";"Crescente";"Céu Claro";"Simples";"Reta";"Sim";2;0;0;1;0;1;1;2;-8,29729696;-35,83146101;"SPRF-PE";"DEL02-PE";"UOP02-DEL02PE"
446415;2022-04-27;"quarta-feira";"16:35:00";"SC";280;24,7;"ARAQUARI";"Transitar na contramão";"Colisão frontal";"Com Vítimas Feridas";"Pleno dia";"Decrescente";"Céu Claro";"Simples";"Reta";"Sim";2;0;0;1;1;0;1;2;-26,38252777;-48,72553468;"SPRF-SC";"DEL03-SC";"UOP03-DEL03-SC"
446417;2022-04-27;"quarta-feira";"22:55:00";"RS";392;323,4;"SANTA MARIA";"Pista em desnível";"Tombamento";"Com Vítimas Feridas";"Plena Noite";"Crescente";"Garoa/Chuvisco";"Dupla";"Interseção de Vias;Reta";"Sim";2;0;0;2;0;0;2;1;-29,69580712;-53,78650904;"SPRF-RS";"DEL09-RS";"UOP01-DEL09-RS"
446419;2022-04-28;"quinta-feira";"00:45:00";"RS";386;229;"SOLEDADE";"Reação tardia ou ineficiente do condutor";"Saída de leito carroçável";"Com Vítimas Feridas";"Plena Noite";"Crescente";"Céu Claro";"Simples";"Curva";"Não";1;0;1;0;0;0;1;1;-28,68824;-52,586773;"SPRF-RS";"DEL04-RS";"UOP03-DEL04-RS"
446421;2022-04-27;"quarta-feira";"18:25:00";"RS";471;174;"RIO PARDO";"Entrada inopinada do pedestre";"Atropelamento de Pedestre";"Com Vítimas Feridas";"Plena Noite";"Crescente";"Nublado";"Simples";"Interseção de Vias";"Sim";2;0;1;1;0;0;2;2;-29,98199983;-52,36907959;"SPRF-RS";"DEL02-RS";"UOP03-DEL02-RS"
446424;2022-04-27;"quarta-feira";"21:10:00";"RS";290;187,1;"MINAS DO LEAO";"Condutor deixou de manter distância do veículo da frente";"Colisão traseira";"Sem Vítimas";"Plena Noite";"Decrescente";"Nublado";"Simples";"Aclive";"Não";2;0;0;0;2;0;0;2;-30,152441;-52,083591;"SPRF-RS";"DEL02-RS";"UOP03-DEL02-RS"
446425;2022-04-28;"quinta-feira";"05:25:00";"BA";324;613;"SALVADOR";"Pedestre andava na pista";"Atropelamento de Pedestre";"Com Vítimas Fatais";"Plena Noite";"Decrescente";"Chuva";"Dupla";"Reta";"Sim";2;1;0;0;0;1;0;2;-12,85531601;-38,42055197;"SPRF-BA";"DEL01-BA";"UOP01-DEL01-BA"
446426;2022-04-28;"quinta-feira";"00:00:00";"RO";319;57;"PORTO VELHO";"Falta de elemento de contenção que evite a saída do leito carroçável";"Saída de leito carroçável";"Com Vítimas Feridas";"Plena Noite";"Crescente";"Céu Claro";"Simples";"Ponte";"Sim";1;0;0;1;0;0;1;1;-8,73729482;-63,91778296;"SPRF-RO";"DEL01-RO";"UOP01-DEL01-RO"
446429;2022-04-28;"quinta-feira";"04:30:00";"PB";101;84,3;"BAYEUX";"Desrespeitar a preferência no cruzamento";"Colisão com objeto";"Sem Vítimas";"Amanhecer";"Crescente";"Ignorado";"Simples";"Interseção de Vias";"Sim";2;0;0;0;1;1;0;2;-7,13957906;-34,92312806;"SPRF-PB";"DEL01-PB";"UOP01-DEL01-PB"
446433;2022-04-28;"quinta-feira";"07:45:00";"RJ";40;121;"DUQUE DE CAXIAS";"Manobra de mudança de faixa";"Colisão lateral mesmo sentido";"Com Vítimas Feridas";"Pleno dia";"Crescente";"Céu Claro";"Múltipla";"Reta";"Sim";2;0;1;0;1;0;1;2;-22,78185499;-43,28571273;"SPRF-RJ";"DEL01-RJ";"UOP01-DEL01-RJ"
446434;2022-04-28;"quinta-feira";"06:25:00";"RJ";40;121;"DUQUE DE CAXIAS";"Trafegar com motocicleta (ou similar) entre as faixas";"Colisão lateral mesmo sentido";"Com Vítimas Feridas";"Pleno dia";"Crescente";"Céu Claro";"Múltipla";"Reta";"Sim";2;0;1;0;1;0;1;2;-22,78185499;-43,28571273;"SPRF-RJ";"DEL01-RJ";"UOP01-DEL01-RJ"
446435;2022-04-28;"quinta-feira";"07:21:00";"SP";116;213;"GUARULHOS";"Manobra de mudança de faixa";"Colisão lateral mesmo sentido";"Com Vítimas Feridas";"Pleno dia";"Decrescente";"Céu Claro";"Múltipla";"Reta";"Sim";1;0;1;0;0;0;1;1;-23,43971486;-46,43667806;"SPRF-SP";"DEL01-SP";"UOP01-DEL01-SP"
446436;2022-04-28;"quinta-feira";"08:00:00";"RS";290;705;"URUGUAIANA";"Ausência de reação do condutor";"Colisão lateral sentido oposto";"Com Vítimas Feridas";"Amanhecer";"Crescente";"Chuva";"Simples";"Reta";"Não";9;0;1;6;2;0;7;2;-29,84199;-56,939987;"SPRF-RS";"DEL13-RS";"UOP01-DEL13-RS"
446437;2022-04-28;"quinta-feira";"08:10:00";"SC";101;214;"PALHOCA";"Condutor deixou de manter distância do veículo da frente";"Colisão traseira";"Com Vítimas Feridas";"Pleno dia";"Decrescente";"Céu Claro";"Múltipla";"Reta";"Sim";2;0;1;0;1;0;1;2;-27,64443;-48,67057;"SPRF-SC";"DEL01-SC";"UOP02-DEL01-SC"
446438;2022-04-28;"quinta-feira";"08:20:00";"SC";282;4;"FLORIANOPOLIS";"Manobra de mudança de faixa";"Colisão lateral mesmo sentido";"Com Vítimas Feridas";"Pleno dia";"Decrescente";"Sol";"Múltipla";"Reta";"Sim";2;0;1;0;1;0;1;2;-27,592646;-48,604034;"SPRF-SC";"DEL01-SC";"UOP01-DEL01-SC"
446439;2022-04-28;"quinta-feira";"08:00:00";"MG";262;437;"SAO GONCALO DO PARA";"Velocidade Incompatível";"Saída de leito carroçável";"Com Vítimas Fatais";"Pleno dia";"Crescente";"Céu Claro";"Dupla";"Reta";"Não";2;1;0;1;0;0;1;1;-19,89622194;-44,86972815;"SPRF-MG";"DEL08-MG";"UOP03-DEL08-MG"
446442;2022-02-17;"quinta-feira";"19:50:00";"RS";116;351,4;"TAPES";"Velocidade Incompatível";"Colisão transversal";"Com Vítimas Fatais";"Plena Noite";"Crescente";"Céu Claro";"Simples";"Desvio Temporário";"Não";5;1;2;2;0;0;4;2;-30,54888119;-51,51331864;"SPRF-RS";"DEL02-RS";"UOP02-DEL02-RS"
446443;2022-04-28;"quinta-feira";"08:15:00";"PI";343;345,7;"TERESINA";"Conversão proibida";"Colisão transversal";"Com Vítimas Feridas";"Pleno dia";"Crescente";"Céu Claro";"Simples";"Reta";"Sim";3;0;1;0;0;2;1;2;-5,102889;-42,766506;"SPRF-PI";"DEL01-PI";"UOP01-DEL01-PI"