"id";"data_inversa";"dia_semana";"horario";"uf";"br";"km";"municipio";"causa_acidente";"tipo_acidente";"classificacao_acidente";"fase_dia";"sentido_via";"condicao_metereologica";"tipo_pista";"tracado_via";"uso_solo";"pessoas";"mortos";"feridos_leves";"feridos_graves";"ilesos";"ignorados";"feridos";"veiculos";"latitude";"longitude";"regional";"delegacia";"uop"
446445;2022-04-28;"quinta-feira";"08:00:00";"MG";381;479;"CONTAGEM";"Ausência de reação do condutor";"Colisão traseira";"Com Vítimas Feridas";"Pleno dia";"Decrescente";"Sol";"Múltipla";"Aclive;Reta";"Sim";2;0;1;1;0;0;2;2;-19,95826094;-44,05921101;"SPRF-MG";"DEL01-MG";"UOP03-DEL01-MG"
446446;2022-04-28;"quinta-feira";"07:44:00";"MS";163;476,8;"CAMPO GRANDE";"Acostamento em desnível";"Saída de leito carroçável";"Com Vítimas Feridas";"Pleno dia";"Crescente";"Céu Claro";"Simples";"Reta";"Sim";1;0;1;0;0;0;1;1;-20,51162825;-54,56030973;"SPRF-MS";"DEL01-MS";"UOP01-DEL01-MS"
446448;2022-02-12;"sábado";"23:00:00";"SP";116;211;"GUARULHOS";"Entrada inopinada do pedestre";"Atropelamento de Pedestre";"Com Vítimas Feridas";"Plena Noite";"Decrescente";"Céu Claro";"Múltipla";"Reta";"Sim";2;0;0;1;1;0;1;2;-23,4324306;-46,4194352;"SPRF-SP";"DEL01-SP";"UOP01-DEL01-SP"
446449;2022-04-20;"quarta-feira";"17:15:00";"RJ";101;65;"CAMPOS DOS GOYTACAZES";"Desrespeitar a preferência no cruzamento";"Colisão transversal";"Com Vítimas Feridas";"Anoitecer";"Crescente";"Céu Claro";"Simples";"Interseção de Vias";"Sim";2;0;1;0;1;0;1;2;-21,754466;-41,346516;"SPRF-RJ";"DEL08-RJ";"UOP02-DEL08-RJ"
446451;2022-04-28;"quinta-feira";"08:20:00";"SP";116;138;"SAO JOSE DOS CAMPOS";"Trafegar com motocicleta (ou similar) entre as faixas";"Colisão lateral mesmo sentido";"Com Vítimas Feridas";"Pleno dia";"Crescente";"Sol";"Dupla";"Reta";"Não";3;0;1;0;2;0;1;3;-23,1572739;-45,79554605;"SPRF-SP";"DEL02-SP";"UOP01-DEL02-SP"
446453;2022-04-28;"quinta-feira";"08:30:00";"ES";101;357,8;"ANCHIETA";"Desrespeitar a preferência no cruzamento";"Colisão transversal";"Com Vítimas Feridas";"Pleno dia";"Crescente";"Céu Claro";"Dupla";"Aclive";"Não";5;0;0;1;4;0;1;2;-20,68939658;-40,69515524;"SPRF-ES";"DEL03-ES";"UOP01-DEL03-ES"
446454;2022-04-28;"quinta-feira";"08:15:00";"SC";101;148;"ITAPEMA";"Reação tardia ou ineficiente do condutor";"Queda de ocupante de veículo";"Com Vítimas Feridas";"Pleno dia";"Crescente";"Sol";"Dupla";"Reta";"Sim";1;0;0;1;0;0;1;1;-27,10123686;-48,61807962;"SPRF-SC";"DEL04-SC";"UOP03-DEL04-SC"
446455;2022-04-28;"quinta-feira";"07:40:00";"PE";428;188,2;"PETROLINA";"Ausência de reação do condutor";"Colisão com objeto";"Com Vítimas Feridas";"Pleno dia";"Crescente";"Céu Claro";"Dupla";"Curva";"Sim";2;0;1;0;1;0;1;2;-9,37197508;-40,48679585;"SPRF-PE";"DEL06-PE";"UOP01-DEL06-PE"
446456;2022-02-16;"quarta-feira";"10:20:00";"SP";116;332,8;"JUQUITIBA";"Demais falhas mecânicas ou elétricas";"Queda de ocupante de veículo";"Com Vítimas Feridas";"Pleno dia";"Decrescente";"Céu Claro";"Dupla";"Reta";"Não";1;0;0;1;0;0;1;1;-23,95597045;-47,1100868;"SPRF-SP";"DEL04-SP";"UOP01-DEL04-SP"
446457;2022-02-16;"quarta-feira";"08:10:00";"SP";116;155;"SAO JOSE DOS CAMPOS";"Demais falhas mecânicas ou elétricas";"Colisão com objeto";"Com Vítimas Feridas";"Pleno dia";"Decrescente";"Nublado";"Dupla";"Reta";"Sim";1;0;0;1;0;0;1;1;-23,23903999;-45,92061901;"SPRF-SP";"DEL02-SP";"UOP01-DEL02-SP"
446458;2022-04-28;"quinta-feira";"08:20:00";"MT";158;741;"BARRA DO GARCAS";"Entrada inopinada do pedestre";"Atropelamento de Pedestre";"Com Vítimas Fatais";"Pleno dia";"Decrescente";"Céu Claro";"Simples";"Reta";"Não";4;1;0;0;3;0;0;2;-15,40587301;-52,2009667;"SPRF-MT";"DEL07-MT";"UOP01-DEL07-MT"
446460;2022-02-15;"terça-feira";"10:00:00";"SP";116;270;"TABOAO DA SERRA";"Trafegar com motocicleta (ou similar) entre as faixas";"Colisão lateral mesmo sentido";"Com Vítimas Feridas";"Pleno dia";"Decrescente";"Céu Claro";"Dupla";"Curva";"Não";2;0;1;0;1;0;1;2;-23,61799728;-46,79677694;"SPRF-SP";"DEL04-SP";"UOP01-DEL04-SP"
446461;2022-04-26;"terça-feira";"09:30:00";"PA";230;122,5;"MARABA";"Condutor desrespeitou a iluminação vermelha do semáforo";"Colisão transversal";"Com Vítimas Feridas";"Pleno dia";"Decrescente";"Céu Claro";"Dupla";"Reta";"Sim";5;0;1;0;4;0;1;2;-5,36137537;-49,12376139;"SPRF-PA";"DEL03-PA";"UOP01-DEL03-PA"
446462;2022-02-14;"segunda-feira";"16:30:00";"SP";116;373,8;"MIRACATU";"Ausência de reação do condutor";"Colisão traseira";"Com Vítimas Feridas";"Pleno dia";"Decrescente";"Nublado";"Dupla";"Reta";"Não";3;0;1;0;2;0;1;2;-24,17118519;-47,33990085;"SPRF-SP";"DEL04-SP";"UOP02-DEL04-SP"
446463;2022-04-28;"quinta-feira";"09:09:00";"DF";40;8,2;"BRASILIA";"Deficiência do Sistema de Iluminação/Sinalização";"Colisão traseira";"Com Vítimas Feridas";"Pleno dia";"Decrescente";"Céu Claro";"Múltipla";"Reta";"Sim";2;0;1;0;1;0;1;2;-16,04874896;-47,98093384;"SPRF-DF";"DEL01-DF";"UOP01-DEL01-DF"
446465;2022-02-19;"sábado";"18:45:00";"SP";116;214;"GUARULHOS";"Reação tardia ou ineficiente do condutor";"Colisão traseira";"Com Vítimas Feridas";"Anoitecer";"Crescente";"Céu Claro";"Dupla";"Interseção de Vias;Em Obras;Reta";"Sim";3;0;1;0;2;0;1;2;-23,44333014;-46,44531294;"SPRF-SP";"DEL01-SP";"UOP01-DEL01-SP"
446467;2022-04-28;"quinta-feira";"04:50:00";"MG";365;307;"SAO GONCALO DO ABAETE";"Demais falhas mecânicas ou elétricas";"Saída de leito carroçável";"Com Vítimas Feridas";"Plena Noite";"Crescente";"Céu Claro";"Simples";"Reta";"Não";4;0;3;0;1;0;3;1;-18,18141588;-45,81232207;"SPRF-MG";"DEL10-MG";"UOP01-DEL10-MG"
446468;2022-04-28;"quinta-feira";"10:00:00";"GO";153;440,8;"ANAPOLIS";"Condutor Dormindo";"Saída de leito carroçável";"Com Vítimas Feridas";"Pleno dia";"Decrescente";"Céu Claro";"Dupla";"Reta";"Sim";1;0;1;0;0;0;1;1;-16,315866;-48,921612;"SPRF-GO";"DEL02-GO";"UOP01-DEL02-GO"
446469;2022-04-28;"quinta-feira";"10:20:00";"PR";277;7,7;"PARANAGUA";"Desrespeitar a preferência no cruzamento";"Colisão transversal";"Com Vítimas Feridas";"Pleno dia";"Decrescente";"Sol";"Simples";"Interseção de Vias";"Sim";2;0;1;0;1;0;1;2;-25,50651862;-48,5161149;"SPRF-PR";"DEL01-PR";"UOP05-DEL01-PR"
446470;2022-04-28;"quinta-feira";"09:10:00";"PB";101;29;"MAMANGUAPE";"Acumulo de água sobre o pavimento";"Saída de leito carroçável";"Com Vítimas Feridas";"Pleno dia";"Crescente";"Chuva";"Dupla";"Curva";"Não";2;0;2;0;0;0;2;1;-6,74032319;-35,13146581;"SPRF-PB";"DEL01-PB";"UOP04-DEL01-PB"
446471;2022-04-22;"sexta-feira";"18:55:00";"PE";408;55;"NAZARE DA MATA";"Demais falhas mecânicas ou elétricas";"Incêndio";"Sem Vítimas";"Plena Noite";"Crescente";"Nublado";"Simples";"Aclive;Reta";"Sim";1;0;0;0;0;1;0;1;-7,77176315;-35,23566726;"SPRF-PE";"DEL01-PE";"UOP01-DEL01-PE"
446473;2022-04-28;"quinta-feira";"08:10:00";"AC";364;124;"RIO BRANCO";"Manobra de mudança de faixa";"Colisão lateral mesmo sentido";"Com Vítimas Feridas";"Pleno dia";"Crescente";"Sol";"Dupla";"Reta";"Sim";3;0;2;0;1;0;2;2;-10,01152469;-67,79140099;"SPRF-AC";"DEL01-AC";"UOP01-DEL01-AC"
446475;2022-02-13;"domingo";"20:15:00";"SP";381;76;"SAO PAULO";"Demais falhas mecânicas ou elétricas";"Incêndio";"Sem Vítimas";"Plena Noite";"Crescente";"Céu Claro";"Múltipla";"Reta";"Não";1;0;0;0;0;1;0;1;-23,38372401;-46,56502116;"SPRF-SP";"DEL03-SP";"UOP01-DEL03-SP"
446476;2022-04-28;"quinta-feira";"11:00:00";"SP";116;282;"EMBU DAS ARTES";"Ultrapassagem Indevida";"Colisão lateral mesmo sentido";"Com Vítimas Feridas";"Pleno dia";"Decrescente";"Céu Claro";"Dupla";"Curva";"Não";2;0;1;0;0;1;1;2;-23,68570216;-46,85970975;"SPRF-SP";"DEL04-SP";"UOP01-DEL04-SP"
446477;2022-04-28;"quinta-feira";"07:15:00";"RS";158;309;"ITAARA";"Acessar a via sem observar a presença dos outros veículos";"Colisão transversal";"Com Vítimas Feridas";"Pleno dia";"Crescente";"Nublado";"Simples";"Reta";"Não";3;0;1;1;1;0;2;2;-29,60389692;-53,76635275;"SPRF-RS";"DEL09-RS";"UOP01-DEL09-RS"
446479;2022-04-28;"quinta-feira";"11:35:00";"ES";262;90;"DOMINGOS MARTINS";"Condutor Dormindo";"Queda de ocupante de veículo";"Com Vítimas Feridas";"Pleno dia";"Crescente";"Céu Claro";"Simples";"Reta";"Sim";1;0;1;0;0;0;1;1;-20,38123513;-41,02431905;"SPRF-ES";"DEL01-ES";"UOP02-DEL01-ES"
446480;2022-04-28;"quinta-feira";"11:30:00";"PE";428;188;"PETROLINA";"Pedestre cruzava a pista fora da faixa";"Atropelamento de Pedestre";"Com Vítimas Feridas";"Pleno dia";"Crescente";"Céu Claro";"Múltipla";"Reta";"Sim";2;0;2;0;0;0;2;2;-9,37590254;-40,49285889;"SPRF-PE";"DEL06-PE";"UOP01-DEL06-PE"
446484;2022-04-28;"quinta-feira";"12:15:00";"RS";285;293;"PASSO FUNDO";"Desrespeitar a preferência no cruzamento";"Colisão transversal";"Com Vítimas Feridas";"Pleno dia";"Crescente";"Nublado";"Dupla";"Interseção de Vias";"Sim";2;0;1;0;1;0;1;2;-28,236645;-52,375156;"SPRF-RS";"DEL08-RS";"UOP03-DEL08-RS"
446486;2022-04-28;"quinta-feira";"09:30:00";"PE";428;187;"PETROLINA";"Acessar a via sem observar a presença dos outros veículos";"Colisão lateral sentido oposto";"Com Vítimas Feridas";"Pleno dia";"Crescente";"Céu Claro";"Simples";"Reta";"Sim";2;0;1;0;1;0;1;2;-9,35604301;-40,47854198;"SPRF-PE";"DEL06-PE";"UOP01-DEL06-PE"
446490;2022-04-28;"quinta-feira";"09:00:00";"BA";330;823;"JITAUNA";"Acessar a via sem observar a presença dos outros veículos";"Colisão lateral sentido oposto";"Com Vítimas Feridas";"Pleno dia";"Decrescente";"Nublado";"Simples";"Interseção de Vias";"Não";2;0;1;0;1;0;1;2;-14,0400091;-39,82475607;"SPRF-BA";"DEL03-BA";"UOP01-DEL03-BA"
446491;2022-04-28;"quinta-feira";"10:40:00";"RS";470;212;"BENTO GONCALVES";"Reação tardia ou ineficiente do condutor";"Saída de leito carroçável";"Com Vítimas Feridas";"Pleno dia";"Crescente";"Chuva";"Simples";"Curva";"Não";2;0;1;0;0;1;1;2;-29,13243;-51,545414;"SPRF-RS";"DEL06-RS";"UOP01-DEL06-RS"
446492;2022-04-28;"quinta-feira";"13:00:00";"AL";101;95,5;"RIO LARGO";"Velocidade Incompatível";"Colisão traseira";"Com Vítimas Feridas";"Pleno dia";"Decrescente";"Céu Claro";"Dupla";"Reta";"Não";2;0;1;0;1;0;1;2;-9,52154511;-35,9386769;"SPRF-AL";"DEL01-AL";"UOP01-DEL01-AL"
446493;2022-04-28;"quinta-feira";"07:07:00";"SP";116;230;"SAO PAULO";"Trafegar com motocicleta (ou similar) entre as faixas";"Colisão lateral mesmo sentido";"Com Vítimas Feridas";"Pleno dia";"Crescente";"Céu Claro";"Múltipla";"Reta";"Sim";3;0;1;0;2;0;1;3;-23,52251783;-46,5855702;"SPRF-SP";"DEL01-SP";"UOP01-DEL01-SP"
446495;2022-04-28;"quinta-feira";"13:30:00";"PR";376;196,2;"MARIALVA";"Reação tardia ou ineficiente do condutor";"Colisão traseira";"Com Vítimas Feridas";"Pleno dia";"Decrescente";"Céu Claro";"Dupla";"Reta";"Não";2;0;0;1;1;0;1;2;-23,50026007;-51,76384001;"SPRF-PR";"DEL09-PR";"UOP01-DEL09-PR"
446496;2022-04-28;"quinta-feira";"12:00:00";"SC";280;93;"CORUPA";"Pista Escorregadia";"Saída de leito carroçável";"Sem Vítimas";"Pleno dia";"Decrescente";"Céu Claro";"Simples";"Curva";"Não";2;0;0;0;2;0;0;1;-26,39962904;-49,29783103;"SPRF-SC";"DEL06-SC";"UOP03-DEL06-SC"
446497;2022-04-28;"quinta-feira";"12:30:00";"SP";116;276;"TABOAO DA SERRA";"Reação tardia ou ineficiente do condutor";"Colisão traseira";"Com Vítimas Feridas";"Pleno dia";"Crescente";"Céu Claro";"Dupla";"Reta";"Sim";2;0;1;0;1;0;1;2;-23,64262417;-46,83811382;"SPRF-SP";"DEL04-SP";"UOP01-DEL04-SP"
446503;2022-04-28;"quinta-feira";"14:00:00";"SC";280;58;"GUARAMIRIM";"Conversão proibida";"Colisão transversal";"Com Vítimas Feridas";"Pleno dia";"Decrescente";"Céu Claro";"Simples";"Rotatória;Reta";"Sim";2;0;1;0;1;0;1;2;-26,47415593;-49,021211;"SPRF-SC";"DEL03-SC";"UOP03-DEL03-SC"
446504;2022-04-28;"quinta-feira";"08:30:00";"SP";381;31;"ATIBAIA";"Reação tardia ou ineficiente do condutor";"Tombamento";"Com Vítimas Feridas";"Pleno dia";"Decrescente";"Céu Claro";"Dupla";"Curva";"Sim";1;0;0;1;0;0;1;1;-23,0559669;-46,57063716;"SPRF-SP";"DEL03-SP";"UOP01-DEL03-SP"
446505;2022-04-28;"quinta-feira";"12:00:00";"AL";423;70;"AGUA BRANCA";"Acostamento em desnível";"Saída de leito carroçável";"Com Vítimas Feridas";"Pleno dia";"Decrescente";"Céu Claro";"Simples";"Reta";"Não";1;0;1;0;0;0;1;1;-9,30650164;-37,89829007;"SPRF-AL";"DEL03-AL";"UOP02-DEL03-AL"
446506;2022-04-28;"quinta-feira";"14:30:00";"SP";116;113,7;"TAUBATE";"Demais falhas mecânicas ou elétricas";"Tombamento";"Com Vítimas Feridas";"Pleno dia";"Crescente";"Sol";"Dupla";"Reta";"Sim";1;0;1;0;0;0;1;1;-23,0440828;-45,58041405;"SPRF-SP";"DEL02-SP";"UOP02-DEL02-SP"
446508;2022-02-18;"sexta-feira";"17:25:00";"MT";70;538;"VARZEA GRANDE";"Mal súbito do condutor";"Queda de ocupante de veículo";"Com Vítimas Feridas";"Anoitecer";"Decrescente";"Chuva";"Simples";"Reta";"Não";1;0;1;0;0;0;1;1;-15,65160544;-56,19989822;"SPRF-MT";"DEL01-MT";"UOP02-DEL01-MT"
446509;2022-04-28;"quinta-feira";"15:15:00";"AP";210;1,8;"MACAPA";"Entrada inopinada do pedestre";"Atropelamento de Pedestre";"Com Vítimas Feridas";"Pleno dia";"Decrescente";"Céu Claro";"Dupla";"Reta";"Sim";4;0;2;0;0;2;2;2;0,083082;-51,078616;"SPRF-AP";"DEL01-AP";"UOP01-DEL01-AP"
446510;2022-04-28;"quinta-feira";"15:20:00";"RN";101;94;"NATAL";"Reação tardia ou ineficiente do condutor";"Tombamento";"Com Vítimas Feridas";"Pleno dia";"Decrescente";"Chuva";"Múltipla";"Reta";"Sim";1;0;1;0;0;0;1;1;-5,831095;-35,211762;"SPRF-RN";"DEL01-RN";"UOP01-DEL01-RN"
446511;2022-03-30;"quarta-feira";"14:00:00";"RS";0;0;"NOVA SANTA RITA";"Acumulo de água sobre o pavimento";"Colisão com objeto";"Sem Vítimas";"Pleno dia";"Não Informado";"Garoa/Chuvisco";"Simples";"Curva";"Sim";2;0;0;0;1;1;0;2;-29,82077291;-51,3205719;"SPRF-RS";"DEL07-RS";"N/A"
446513;2022-04-28;"quinta-feira";"13:00:00";"MT";163;995,5;"TERRA NOVA DO NORTE";"Velocidade Incompatível";"Saída de leito carroçável";"Com Vítimas Feridas";"Pleno dia";"Crescente";"Sol";"Simples";"Reta";"Não";1;0;1;0;0;0;1;1;-10,59430222;-55,09652138;"SPRF-MT";"DEL06-MT";"NPF/DEL06-MT"
446515;2022-02-27;"domingo";"15:45:00";"PA";316;68,9;"CASTANHAL";"Avarias e/ou desgaste excessivo no pneu";"Tombamento";"Com Vítimas Feridas";"Pleno dia";"Decrescente";"Céu Claro";"Simples";"Reta";"Não";2;0;1;1;0;0;2;1;-1,29440507;-47,88382304;"SPRF-PA";"DEL01-PA";"UOP01-DEL01-PA"
446516;2022-04-28;"quinta-feira";"16:10:00";"MG";262;25,6;"REDUTO";"Acessar a via sem observar a presença dos outros veículos";"Colisão transversal";"Com Vítimas Feridas";"Pleno dia";"Crescente";"Sol";"Simples";"Curva";"Não";2;0;0;1;1;0;1;2;-20,24057124;-41,966311;"SPRF-MG";"DEL06-MG";"UOP03-DEL06-MG"
446519;2022-04-28;"quinta-feira";"16:00:00";"PE";101;191;"PALMARES";"Acumulo de água sobre o pavimento";"Colisão com objeto";"Sem Vítimas";"Pleno dia";"Decrescente";"Chuva";"Dupla";"Curva";"Não";3;0;0;0;3;0;0;1;-8,70426509;-35,60781436;"SPRF-PE";"DEL01-PE";"UOP03-DEL01-PE"
446520;2022-04-28;"quinta-feira";"16:06:00";"SP";116;66;"GUARATINGUETA";"Acumulo de areia ou detritos sobre o pavimento";"Eventos atípicos";"Sem Vítimas";"Pleno dia";"Crescente";"Céu Claro";"Dupla";"Reta";"Não";1;0;0;0;1;0;0;1;-22,82270215;-45,20193286;"SPRF-SP";"DEL08-SP";"UOP01-DEL08-SP"
446521;2022-04-28;"quinta-feira";"15:20:00";"RJ";101;182,9;"RIO DAS OSTRAS";"Objeto estático sobre o leito carroçável";"Queda de ocupante de veículo";"Com Vítimas Feridas";"Pleno dia";"Decrescente";"Céu Claro";"Simples";"Reta";"Não";1;0;0;1;0;0;1;1;-22,4265322;-42,01600239;"SPRF-RJ";"DEL08-RJ";"UOP04-DEL08-RJ"
446527;2022-04-28;"quinta-feira";"16:40:00";"RS";285;293,1;"PASSO FUNDO";"Desrespeitar a preferência no cruzamento";"Colisão transversal";"Com Vítimas Feridas";"Pleno dia";"Crescente";"Chuva";"Dupla";"Interseção de Vias";"Sim";2;0;0;1;1;0;1;2;-28,236645;-52,375156;"SPRF-RS";"DEL08-RS";"UOP03-DEL08-RS"
446528;2022-04-28;"quinta-feira";"16:10:00";"BA";415;32;"ILHEUS";"Conversão proibida";"Colisão transversal";"Com Vítimas Feridas";"Pleno dia";"Crescente";"Céu Claro";"Simples";"Reta";"Sim";3;0;1;0;2;0;1;2;-14,8482;-39,281986;"SPRF-BA";"DEL05-BA";"UOP01-DEL05-BA"
446529;2022-04-28;"quinta-feira";"16:25:00";"PR";469;0,2;"FOZ DO IGUACU";"Animais na Pista";"Tombamento";"Com Vítimas Feridas";"Pleno dia";"Crescente";"Céu Claro";"Simples";"Reta";"Sim";1;0;0;1;0;0;1;1;-25,5469;-54,5882;"SPRF-PR";"DEL05-PR";"UOP04-DEL05-PR"
446530;2022-03-01;"terça-feira";"13:40:00";"PA";155;304;"MARABA";"Ausência de reação do condutor";"Colisão traseira";"Com Vítimas Feridas";"Pleno dia";"Crescente";"Céu Claro";"Simples";"Reta";"Não";3;0;1;1;0;1;2;2;-5,70189219;-49,12615878;"SPRF-PA";"DEL03-PA";"UOP01-DEL03-PA"
446531;2022-04-28;"quinta-feira";"16:55:00";"SC";280;49,2;"GUARAMIRIM";"Condutor deixou de manter distância do veículo da frente";"Colisão traseira";"Com Vítimas Feridas";"Pleno dia";"Decrescente";"Céu Claro";"Simples";"Aclive;Reta;Em Obras";"Não";2;0;0;1;1;0;1;2;-26,45850039;-48,93692786;"SPRF-SC";"DEL03-SC";"UOP03-DEL03-SC"
446532;2022-04-28;"quinta-feira";"15:30:00";"SP";116;169;"JACAREI";"Ausência de reação do condutor";"Colisão traseira";"Com Vítimas Feridas";"Pleno dia";"Decrescente";"Céu Claro";"Dupla";"Reta";"Sim";2;0;1;0;1;0;1;2;-23,307652;-46,045128;"SPRF-SP";"DEL02-SP";"UOP01-DEL02-SP"
446534;2022-04-24;"domingo";"05:35:00";"BA";101;389;"IBIRAPITANGA";"Condutor Dormindo";"Colisão lateral sentido oposto";"Com Vítimas Feridas";"Amanhecer";"Decrescente";"Céu Claro";"Simples";"Curva";"Não";2;0;2;0;0;0;2;2;-14,025008;-39,423384;"SPRF-BA";"DEL05-BA";"UOP03-DEL05-BA"
446538;2022-04-28;"quinta-feira";"17:00:00";"MT";364;133;"PEDRA PRETA";"Velocidade Incompatível";"Saída de leito carroçável";"Com Vítimas Feridas";"Pleno dia";"Crescente";"Céu Claro";"Simples";"Declive;Curva";"Não";1;0;1;0;0;0;1;1;-16,82757525;-54,04924505;"SPRF-MT";"DEL02-MT";"UOP01-DEL02-MT"
446541;2022-04-28;"quinta-feira";"17:30:00";"GO";60;87,5;"ANAPOLIS";"Ingestão de álcool pelo condutor";"Colisão traseira";"Com Vítimas Feridas";"Pleno dia";"Decrescente";"Céu Claro";"Dupla";"Retorno Regulamentado";"Não";3;0;1;1;1;0;2;2;-16,3315;-48,8885;"SPRF-GO";"DEL02-GO";"UOP01-DEL02-GO"
446543;2022-04-28;"quinta-feira";"18:00:00";"BA";324;609;"SIMOES FILHO";"Trafegar com motocicleta (ou similar) entre as faixas";"Colisão lateral mesmo sentido";"Com Vítimas Feridas";"Plena Noite";"Crescente";"Nublado";"Dupla";"Reta";"Não";2;0;0;1;1;0;1;2;-12,82066;-38,40798;"SPRF-BA";"DEL01-BA";"UOP01-DEL01-BA"
446544;2022-04-28;"quinta-feira";"17:30:00";"MG";40;527;"CONTAGEM";"Demais falhas mecânicas ou elétricas";"Eventos atípicos";"Com Vítimas Feridas";"Pleno dia";"Decrescente";"Céu Claro";"Dupla";"Declive;Reta";"Não";1;0;1;0;0;0;1;1;-19,90149502;-44,04938939;"SPRF-MG";"DEL01-MG";"UOP02-DEL01-MG"
446545;2022-04-28;"quinta-feira";"18:00:00";"RN";101;98,7;"NATAL";"Condutor deixou de manter distância do veículo da frente";"Colisão traseira";"Com Vítimas Feridas";"Anoitecer";"Crescente";"Chuva";"Múltipla";"Declive";"Sim";2;0;1;0;0;1;1;2;-5,870507;-35,218982;"SPRF-RN";"DEL01-RN";"UOP01-DEL01-RN"
446546;2022-04-28;"quinta-feira";"18:00:00";"PB";230;16,9;"JOAO PESSOA";"Condutor deixou de manter distância do veículo da frente";"Colisão lateral mesmo sentido";"Com Vítimas Feridas";"Plena Noite";"Crescente";"Céu Claro";"Dupla";"Reta";"Sim";2;0;1;1;0;0;2;1;-7,1039;-34,8458;"SPRF-PB";"DEL01-PB";"UOP01-DEL01-PB"
446548;2022-04-28;"quinta-feira";"10:00:00";"RJ";116;143;"DUQUE DE CAXIAS";"Demais falhas mecânicas ou elétricas";"Incêndio";"Sem Vítimas";"Pleno dia";"Decrescente";"Céu Claro";"Simples";"Reta";"Sim";1;0;0;0;1;0;0;1;-22,65237271;-43,23918118;"SPRF-RJ";"DEL01-RJ";"UOP01-DEL01-RJ"
446549;2022-04-28;"quinta-feira";"18:00:00";"PR";476;163;"ARAUCARIA";"Acessar a via sem observar a presença dos outros veículos";"Colisão lateral mesmo sentido";"Com Vítimas Feridas";"Plena Noite";"Decrescente";"Céu Claro";"Simples";"Reta";"Não";1;0;1;0;0;0;1;1;-25,633638;-49,460007;"SPRF-PR";"DEL01-PR";"UOP03-DEL01-PR"
446550;2022-04-28;"quinta-feira";"18:30:00";"RJ";101;487;"ANGRA DOS REIS";"Acessar a via sem observar a presença dos outros veículos";"Colisão transversal";"Com Vítimas Feridas";"Plena Noite";"Crescente";"Céu Claro";"Dupla";"Reta";"Não";2;0;1;0;1;0;1;2;-22,96272025;-44,29761529;"SPRF-RJ";"DEL03-RJ";"UOP03-DEL03-RJ"
446552;2022-04-28;"quinta-feira";"16:45:00";"MG";116;499,2;"INHAPIM";"Manobra de mudança de faixa";"Colisão lateral mesmo sentido";"Com Vítimas Feridas";"Pleno dia";"Crescente";"Nublado";"Simples";"Reta";"Não";2;0;1;0;1;0;1;2;-19,55247801;-42,12429712;"SPRF-MG";"DEL06-MG";"UOP02-DEL06-MG"
446553;2022-04-28;"quinta-feira";"17:20:00";"BA";0;0;"AMELIA RODRIGUES";"Acesso irregular";"Eventos atípicos";"Sem Vítimas";"Anoitecer";"Não Informado";"Nublado";"Simples";"Reta";"Não";1;0;0;0;1;0;0;1;-12,452048;-38,70856;"SPRF-BA";"DEL01-BA";"UOP03-DEL01-BA"
446554;2022-04-28;"quinta-feira";"07:25:00";"RS";158;328,7;"SANTA MARIA";"Desrespeitar a preferência no cruzamento";"Colisão transversal";"Com Vítimas Feridas";"Pleno dia";"Crescente";"Céu Claro";"Dupla";"Rotatória";"Sim";4;0;3;0;1;0;3;3;-29,71112906;-53,81968204;"SPRF-RS";"DEL09-RS";"UOP01-DEL09-RS"
446555;2022-04-28;"quinta-feira";"19:00:00";"GO";40;2;"VALPARAISO DE GOIAS";"Condutor deixou de manter distância do veículo da frente";"Colisão traseira";"Com Vítimas Feridas";"Plena Noite";"Crescente";"Céu Claro";"Dupla";"Reta;Retorno Regulamentado";"Sim";3;0;1;0;2;0;1;3;-16,067129;-47,984235;"SPRF-DF";"DEL01-DF";"UOP01-DEL01-DF"
446556;2022-04-28;"quinta-feira";"18:30:00";"PR";277;0,1;"PARANAGUA";"Conversão proibida";"Colisão lateral sentido oposto";"Com Vítimas Feridas";"Plena Noite";"Decrescente";"Céu Claro";"Simples";"Reta";"Sim";2;0;1;0;1;0;1;2;-25,51933453;-48,5429601;"SPRF-PR";"DEL01-PR";"UOP05-DEL01-PR"
446558;2022-04-28;"quinta-feira";"19:00:00";"SP";116;227;"GUARULHOS";"Ausência de reação do condutor";"Queda de ocupante de veículo";"Com Vítimas Feridas";"Plena Noite";"Crescente";"Céu Claro";"Múltipla";"Reta";"Sim";2;0;1;0;1;0;1;1;-23,49659264;-46,55648754;"SPRF-SP";"DEL01-SP";"UOP01-DEL01-SP"
446559;2022-04-28;"quinta-feira";"18:50:00";"PR";476;266;"SAO MATEUS DO SUL";"Animais na Pista";"Atropelamento de Animal";"Com Vítimas Feridas";"Plena Noite";"Decrescente";"Céu Claro";"Simples";"Reta";"Não";1;0;1;0;0;0;1;1;-25,892092;-50,301876;"SPRF-PR";"DEL02-PR";"UOP04-DEL02-PR"
446564;2022-04-23;"sábado";"06:40:00";"RJ";101;33;"CAMPOS DOS GOYTACAZES";"Transitar na contramão";"Colisão frontal";"Com Vítimas Feridas";"Pleno dia";"Crescente";"Céu Claro";"Simples";"Declive;Reta";"Não";2;0;2;0;0;0;2;2;-21,49659898;-41,34161711;"SPRF-RJ";"DEL08-RJ";"UOP01-DEL08-RJ"