"id";"data_inversa";"dia_semana";"horario";"uf";"br";"km";"municipio";"causa_acidente";"tipo_acidente";"classificacao_acidente";"fase_dia";"sentido_via";"condicao_metereologica";"tipo_pista";"tracado_via";"uso_solo";"pessoas";"mortos";"feridos_leves";"feridos_graves";"ilesos";"ignorados";"feridos";"veiculos";"latitude";"longitude";"regional";"delegacia";"uop"
446688;2022-04-29;"sexta-feira";"14:00:00";"RJ";101;86;"CAMPOS DOS GOYTACAZES";"Problema com o freio";"Eventos atípicos";"Com Vítimas Feridas";"Pleno dia";"Crescente";"Céu Claro";"Dupla";"Reta";"Não";2;0;2;0;0;0;2;1;-21,82667291;-41,48736902;"SPRF-RJ";"DEL08-RJ";"UOP02-DEL08-RJ"
446690;2022-01-19;"quarta-feira";"23:00:00";"BA";242;721;"CRISTOPOLIS";"Deficiência do Sistema de Iluminação/Sinalização";"Colisão traseira";"Com Vítimas Feridas";"Plena Noite";"Crescente";"Céu Claro";"Simples";"Reta";"Não";3;0;0;2;1;0;2;2;-12,22249314;-44,188848;"SPRF-BA";"DEL10-BA";"UOP02-DEL10-BA"
446691;2022-04-29;"sexta-feira";"14:54:00";"SC";101;123;"ITAJAI";"Ausência de reação do condutor";"Tombamento";"Com Vítimas Feridas";"Pleno dia";"Decrescente";"Nublado";"Simples";"Reta";"Não";2;0;2;0;0;0;2;1;-26,93668609;-48,69876905;"SPRF-SC";"DEL04-SC";"UOP04-DEL04-SC"
446695;2022-04-29;"sexta-feira";"07:30:00";"GO";364;303,2;"MINEIROS";"Ingestão de álcool pelo condutor";"Saída de leito carroçável";"Sem Vítimas";"Pleno dia";"Decrescente";"Céu Claro";"Simples";"Curva";"Não";1;0;0;0;1;0;0;1;-17,530985;-52,533325;"SPRF-GO";"DEL05-GO";"UOP01-DEL05-GO"
446696;2022-04-29;"sexta-feira";"14:50:00";"PR";277;75;"SAO JOSE DOS PINHAIS";"Manobra de mudança de faixa";"Capotamento";"Com Vítimas Feridas";"Pleno dia";"Crescente";"Nublado";"Dupla";"Reta";"Sim";1;0;1;0;0;0;1;1;-25,51327981;-49,12433291;"SPRF-PR";"DEL01-PR";"UOP01-DEL01-PR"
446698;2022-04-29;"sexta-feira";"15:00:00";"PR";369;163;"CAMBE";"Condutor deixou de manter distância do veículo da frente";"Colisão traseira";"Com Vítimas Feridas";"Pleno dia";"Decrescente";"Céu Claro";"Dupla";"Reta";"Não";3;0;1;0;2;0;1;3;-23,295701;-51,285056;"SPRF-PR";"DEL07-PR";"UOP01-DEL07-PR"
446699;2022-04-29;"sexta-feira";"14:30:00";"PR";116;149;"MANDIRITUBA";"Acessar a via sem observar a presença dos outros veículos";"Colisão transversal";"Com Vítimas Feridas";"Pleno dia";"Crescente";"Nublado";"Simples";"Reta";"Sim";2;0;1;0;1;0;1;2;-25,80786497;-49,32658092;"SPRF-PR";"DEL01-PR";"UOP03-DEL01-PR"
446701;2022-04-29;"sexta-feira";"14:50:00";"PR";163;9,5;"BARRACAO";"Acessar a via sem observar a presença dos outros veículos";"Colisão transversal";"Com Vítimas Feridas";"Pleno dia";"Decrescente";"Chuva";"Simples";"Interseção de Vias";"Sim";4;0;1;0;3;0;1;2;-26,25066;-53,635523;"SPRF-PR";"DEL02-PR";"UOP02-DEL02-PR"
446704;2022-04-29;"sexta-feira";"15:30:00";"PE";423;63,4;"LAJEDO";"Ultrapassagem Indevida";"Saída de leito carroçável";"Com Vítimas Feridas";"Pleno dia";"Decrescente";"Nublado";"Simples";"Reta";"Não";2;0;1;1;0;0;2;1;-8,66219547;-36,34708912;"SPRF-PE";"DEL03-PE";"UOP01-DEL03-PE"
446706;2022-04-29;"sexta-feira";"17:00:00";"RJ";116;170;"SAO JOAO DE MERITI";"Transitar no acostamento";"Colisão traseira";"Com Vítimas Feridas";"Pleno dia";"Crescente";"Céu Claro";"Dupla";"Reta";"Sim";2;0;1;0;1;0;1;2;-22,81113183;-43,3336729;"SPRF-RJ";"DEL01-RJ";"UOP02-DEL01-RJ"
446708;2022-04-29;"sexta-feira";"14:00:00";"GO";70;475;"ARAGARCAS";"Manobra de mudança de faixa";"Colisão lateral mesmo sentido";"Com Vítimas Feridas";"Pleno dia";"Crescente";"Céu Claro";"Dupla";"Reta";"Sim";4;0;1;0;3;0;1;3;-15,89569199;-52,25279158;"SPRF-GO";"DEL04-GO";"UOP01-DEL04-GO"
446709;2022-04-29;"sexta-feira";"17:00:00";"PE";232;55,8;"POMBOS";"Acumulo de água sobre o pavimento";"Saída de leito carroçável";"Com Vítimas Feridas";"Pleno dia";"Decrescente";"Chuva";"Dupla";"Reta";"Não";1;0;0;1;0;0;1;1;-8,13255758;-35,36570027;"SPRF-PE";"DEL02-PE";"UOP02-DEL02PE"
446710;2022-04-29;"sexta-feira";"15:25:00";"RO";364;491,5;"ARIQUEMES";"Avarias e/ou desgaste excessivo no pneu";"Incêndio";"Sem Vítimas";"Pleno dia";"Crescente";"Céu Claro";"Simples";"Reta";"Não";1;0;0;0;1;0;0;1;-10,09948344;-62,95534015;"SPRF-RO";"DEL03-RO";"UOP01-DEL03-RO"
446713;2022-04-29;"sexta-feira";"17:00:00";"SC";282;3;"SAO JOSE";"Acessar a via sem observar a presença dos outros veículos";"Colisão traseira";"Com Vítimas Feridas";"Anoitecer";"Decrescente";"Céu Claro";"Dupla";"Reta";"Sim";2;0;0;1;1;0;1;2;-27,600384;-48,599705;"SPRF-SC";"DEL01-SC";"UOP01-DEL01-SC"
446716;2022-04-29;"sexta-feira";"17:15:00";"SP";153;44;"ONDA VERDE";"Ausência de reação do condutor";"Colisão traseira";"Com Vítimas Feridas";"Pleno dia";"Crescente";"Céu Claro";"Simples";"Reta";"Não";2;0;1;0;1;0;1;1;-20,65497601;-49,34121741;"SPRF-SP";"DEL09-SP";"UOP01-DEL09-SP"
446717;2022-04-29;"sexta-feira";"16:00:00";"MT";70;737;"CACERES";"Demais falhas mecânicas ou elétricas";"Incêndio";"Sem Vítimas";"Pleno dia";"Decrescente";"Céu Claro";"Simples";"Reta";"Não";1;0;0;0;1;0;0;1;-16,0604553;-57,7147822;"SPRF-MT";"DEL03-MT";"UOP01-DEL03-MT"
446718;2022-04-29;"sexta-feira";"17:30:00";"PR";369;158,7;"CAMBE";"Reação tardia ou ineficiente do condutor";"Queda de ocupante de veículo";"Com Vítimas Feridas";"Anoitecer";"Crescente";"Nublado";"Simples";"Reta";"Sim";1;0;0;1;0;0;1;1;-23,28444612;-51,24201;"SPRF-PR";"DEL07-PR";"UOP01-DEL07-PR"
446720;2022-04-29;"sexta-feira";"18:05:00";"RN";110;46,4;"MOSSORO";"Ingestão de álcool pelo condutor";"Colisão transversal";"Com Vítimas Feridas";"Plena Noite";"Crescente";"Céu Claro";"Dupla";"Reta";"Sim";2;0;2;0;0;0;2;2;-5,22596464;-37,33338833;"SPRF-RN";"DEL04-RN";"UOP01-DEL04-RN"
446722;2022-04-29;"sexta-feira";"19:00:00";"PR";376;9,8;"MARINGA";"Velocidade Incompatível";"Colisão traseira";"Com Vítimas Feridas";"Anoitecer";"Crescente";"Céu Claro";"Múltipla";"Reta;Interseção de Vias";"Sim";3;0;1;0;2;0;1;2;-23,4273;-51,9375;"SPRF-PR";"DEL09-PR";"UOP01-DEL09-PR"
446723;2022-04-29;"sexta-feira";"17:45:00";"PR";376;177,9;"MARINGA";"Acessar a via sem observar a presença dos outros veículos";"Colisão transversal";"Com Vítimas Feridas";"Anoitecer";"Crescente";"Nublado";"Dupla";"Reta;Retorno Regulamentado";"Sim";2;0;0;1;1;0;1;2;-23,41595855;-51,92226484;"SPRF-PR";"DEL09-PR";"UOP01-DEL09-PR"
446724;2022-04-29;"sexta-feira";"16:00:00";"PR";277;399,2;"CANDOI";"Reação tardia ou ineficiente do condutor";"Saída de leito carroçável";"Sem Vítimas";"Pleno dia";"Crescente";"Chuva";"Simples";"Curva";"Não";3;0;0;0;3;0;0;1;-25,45871302;-51,96346214;"SPRF-PR";"DEL08-PR";"UOP01-DEL08-PR"
446725;2022-04-29;"sexta-feira";"17:48:00";"SE";235;53;"ITABAIANA";"Conversão proibida";"Tombamento";"Com Vítimas Feridas";"Anoitecer";"Crescente";"Céu Claro";"Simples";"Reta";"Sim";3;0;1;0;2;0;1;2;-10,693279;-37,437557;"SPRF-SE";"DEL01-SE";"UOP02-DEL01-SE"
446727;2022-04-29;"sexta-feira";"15:50:00";"RJ";116;114;"MAGE";"Condutor deixou de manter distância do veículo da frente";"Colisão traseira";"Com Vítimas Feridas";"Pleno dia";"Crescente";"Céu Claro";"Simples";"Reta";"Não";2;0;1;0;1;0;1;2;-22,58009519;-43,0114958;"SPRF-RJ";"DEL04-RJ";"UOP02-DEL04-RJ"
446728;2022-04-29;"sexta-feira";"18:15:00";"SP";116;215;"GUARULHOS";"Ausência de reação do condutor";"Colisão traseira";"Com Vítimas Feridas";"Plena Noite";"Decrescente";"Céu Claro";"Múltipla";"Reta";"Sim";3;0;1;0;2;0;1;2;-23,44695693;-46,45394103;"SPRF-SP";"DEL01-SP";"UOP01-DEL01-SP"
446730;2022-04-29;"sexta-feira";"18:35:00";"CE";222;0;"FORTALEZA";"Ausência de reação do condutor";"Colisão traseira";"Com Vítimas Feridas";"Plena Noite";"Decrescente";"Céu Claro";"Múltipla";"Reta";"Sim";2;0;1;0;1;0;1;2;-3,7367737;-38,56923;"SPRF-CE";"DEL01-CE";"UOP01-DEL01-CE"
446731;2022-04-29;"sexta-feira";"18:25:00";"MG";262;363,2;"JUATUBA";"Condutor deixou de manter distância do veículo da frente";"Engavetamento";"Sem Vítimas";"Plena Noite";"Crescente";"Céu Claro";"Dupla";"Reta;Aclive";"Não";3;0;0;0;3;0;0;3;-19,98332997;-44,23572401;"SPRF-MG";"DEL01-MG";"UOP03-DEL01-MG"
446732;2022-04-29;"sexta-feira";"16:20:00";"MA";135;31,5;"BACABEIRA";"Chuva";"Capotamento";"Sem Vítimas";"Pleno dia";"Decrescente";"Chuva";"Dupla";"Reta";"Não";2;0;0;0;0;2;0;1;-2,81307801;-44,37432281;"SPRF-MA";"DEL01-MA";"UOP01-DEL01-MA"
446733;2022-04-29;"sexta-feira";"18:10:00";"SC";470;35;"GASPAR";"Ausência de reação do condutor";"Colisão frontal";"Com Vítimas Feridas";"Plena Noite";"Decrescente";"Nublado";"Simples";"Em Obras;Interseção de Vias";"Sim";2;0;0;1;1;0;1;2;-26,912857;-48,958965;"SPRF-SC";"DEL04-SC";"UOP01-DEL04-SC"
446734;2022-04-29;"sexta-feira";"17:55:00";"RJ";101;122;"CAMPOS DOS GOYTACAZES";"Ingestão de álcool pelo condutor";"Tombamento";"Com Vítimas Fatais";"Plena Noite";"Crescente";"Céu Claro";"Dupla";"Reta";"Não";2;1;0;0;1;0;0;2;-22,04435094;-41,69198089;"SPRF-RJ";"DEL08-RJ";"UOP02-DEL08-RJ"
446735;2022-04-29;"sexta-feira";"18:50:00";"RS";392;352;"SANTA MARIA";"Ausência de reação do condutor";"Colisão traseira";"Com Vítimas Feridas";"Pleno dia";"Decrescente";"Céu Claro";"Dupla";"Reta";"Sim";3;0;1;0;2;0;1;2;-29,72833448;-53,80329078;"SPRF-RS";"DEL09-RS";"UOP01-DEL09-RS"
446736;2022-04-29;"sexta-feira";"17:30:00";"MT";70;359,8;"CAMPO VERDE";"Condutor deixou de manter distância do veículo da frente";"Colisão traseira";"Com Vítimas Feridas";"Pleno dia";"Crescente";"Céu Claro";"Simples";"Aclive";"Não";4;0;1;0;3;0;1;1;-15,47254125;-54,9961853;"SPRF-MT";"DEL05-MT";"UOP02-DEL05-MT"
446737;2022-04-29;"sexta-feira";"18:30:00";"SP";381;63;"MAIRIPORA";"Ausência de reação do condutor";"Colisão lateral mesmo sentido";"Com Vítimas Feridas";"Plena Noite";"Decrescente";"Céu Claro";"Múltipla";"Reta";"Não";2;0;1;0;1;0;1;2;-23,302805;-46,572767;"SPRF-SP";"DEL03-SP";"UOP01-DEL03-SP"
446738;2022-04-29;"sexta-feira";"13:30:00";"PR";153;337;"IRATI";"Frear bruscamente";"Colisão traseira";"Com Vítimas Feridas";"Pleno dia";"Crescente";"Céu Claro";"Simples";"Reta";"Sim";1;0;1;0;0;0;1;1;-25,511543;-50,65303;"SPRF-PR";"DEL03-PR";"UOP03-DEL03-PR"
446740;2022-04-29;"sexta-feira";"14:50:00";"PR";277;197;"PALMEIRA";"Ultrapassagem Indevida";"Capotamento";"Com Vítimas Feridas";"Pleno dia";"Decrescente";"Sol";"Simples";"Reta";"Não";1;0;1;0;0;0;1;1;-25,464536;-50,251435;"SPRF-PR";"DEL08-PR";"UOP02-DEL08-PR"
446741;2022-04-29;"sexta-feira";"16:10:00";"RJ";465;1;"SEROPEDICA";"Ausência de reação do condutor";"Tombamento";"Com Vítimas Feridas";"Pleno dia";"Decrescente";"Céu Claro";"Simples";"Reta";"Sim";2;0;1;0;0;1;1;2;-22,719835;-43,725739;"SPRF-RJ";"DEL01-RJ";"UOP03-DEL01-RJ"
446742;2022-04-29;"sexta-feira";"18:20:00";"PR";277;1;"PARANAGUA";"Acessar a via sem observar a presença dos outros veículos";"Colisão transversal";"Sem Vítimas";"Plena Noite";"Decrescente";"Garoa/Chuvisco";"Simples";"Rotatória";"Sim";2;0;0;0;2;0;0;2;-25,55126955;-48,55223179;"SPRF-PR";"DEL01-PR";"UOP05-DEL01-PR"
446743;2022-04-29;"sexta-feira";"18:00:00";"RS";116;251;"SAPUCAIA DO SUL";"Ultrapassagem Indevida";"Colisão lateral mesmo sentido";"Sem Vítimas";"Plena Noite";"Decrescente";"Céu Claro";"Dupla";"Reta";"Sim";5;0;0;0;5;0;0;5;-29,80035406;-51,16550365;"SPRF-RS";"DEL01-RS";"UOP02-DEL01-RS"
446745;2022-04-29;"sexta-feira";"19:00:00";"SC";101;204;"SAO JOSE";"Ausência de reação do condutor";"Colisão traseira";"Com Vítimas Feridas";"Plena Noite";"Decrescente";"Céu Claro";"Múltipla";"Reta";"Sim";3;0;1;0;2;0;1;2;-27,57413014;-48,61363083;"SPRF-SC";"DEL01-SC";"UOP01-DEL01-SC"
446746;2022-04-29;"sexta-feira";"18:03:00";"ES";101;145;"LINHARES";"Manobra de mudança de faixa";"Colisão lateral mesmo sentido";"Com Vítimas Feridas";"Plena Noite";"Decrescente";"Céu Claro";"Dupla";"Reta";"Sim";2;0;1;0;1;0;1;2;-19,36089598;-40,06464018;"SPRF-ES";"DEL04-ES";"UOP01-DEL04-ES"
446748;2022-04-29;"sexta-feira";"19:00:00";"PA";316;25,7;"BENEVIDES";"Entrada inopinada do pedestre";"Atropelamento de Pedestre";"Com Vítimas Feridas";"Pleno dia";"Crescente";"Nublado";"Dupla";"Reta";"Sim";3;0;1;0;1;1;1;2;-1,3252697;-48,232117;"SPRF-PA";"DEL01-PA";"UOP01-DEL01-PA"
446749;2022-04-29;"sexta-feira";"19:10:00";"CE";116;23;"AQUIRAZ";"Acessar a via sem observar a presença dos outros veículos";"Colisão traseira";"Com Vítimas Feridas";"Plena Noite";"Decrescente";"Céu Claro";"Dupla";"Reta;Retorno Regulamentado";"Não";2;0;1;0;1;0;1;2;-3,94905489;-38,51212845;"SPRF-CE";"DEL01-CE";"UOP02-DEL01-CE"
446750;2022-04-29;"sexta-feira";"19:15:00";"RS";386;351;"LAJEADO";"Ingestão de álcool pelo condutor";"Colisão traseira";"Sem Vítimas";"Plena Noite";"Crescente";"Céu Claro";"Dupla";"Interseção de Vias;Aclive";"Sim";2;0;0;0;2;0;0;2;-29,46719165;-51,95481962;"SPRF-RS";"DEL04-RS";"UOP02-DEL04-RS"
446751;2022-04-29;"sexta-feira";"14:30:00";"SC";101;314;"LAGUNA";"Demais falhas mecânicas ou elétricas";"Incêndio";"Sem Vítimas";"Pleno dia";"Crescente";"Céu Claro";"Simples";"Reta";"Não";1;0;0;0;1;0;0;1;-28,43639297;-48,84075165;"SPRF-SC";"DEL02-SC";"UOP01-DEL02-SC"
446753;2022-04-29;"sexta-feira";"19:50:00";"MG";40;622;"CONSELHEIRO LAFAIETE";"Entrada inopinada do pedestre";"Atropelamento de Pedestre";"Com Vítimas Feridas";"Plena Noite";"Crescente";"Céu Claro";"Simples";"Reta";"Não";3;0;0;1;2;0;1;2;-20,598603;-43,805133;"SPRF-MG";"DEL05-MG";"UOP02-DEL05-MG"
446754;2022-04-29;"sexta-feira";"15:45:00";"RJ";101;328;"RIO DE JANEIRO";"Trafegar com motocicleta (ou similar) entre as faixas";"Colisão traseira";"Com Vítimas Feridas";"Anoitecer";"Decrescente";"Céu Claro";"Múltipla";"Reta";"Não";3;0;0;1;2;0;1;2;-22,87028692;-43,16579699;"SPRF-RJ";"DEL02-RJ";"UOP01-DEL02-RJ"
446755;2022-03-24;"quinta-feira";"18:30:00";"SC";282;3;"FLORIANOPOLIS";"Reação tardia ou ineficiente do condutor";"Tombamento";"Com Vítimas Feridas";"Plena Noite";"Crescente";"Nublado";"Múltipla";"Reta";"Sim";1;0;1;0;0;0;1;1;-27,60214737;-48,59603763;"SPRF-SC";"DEL01-SC";"UOP01-DEL01-SC"
446756;2022-04-29;"sexta-feira";"20:00:00";"PR";116;40;"CAMPINA GRANDE DO SUL";"Chuva";"Saída de leito carroçável";"Com Vítimas Feridas";"Plena Noite";"Crescente";"Chuva";"Dupla";"Curva";"Não";4;0;0;1;2;1;1;2;-25,16445203;-48,86237697;"SPRF-PR";"DEL01-PR";"UOP02-DEL01-PR"
446757;2022-04-29;"sexta-feira";"19:25:00";"PI";316;2,5;"TERESINA";"Acessar a via sem observar a presença dos outros veículos";"Colisão transversal";"Com Vítimas Feridas";"Plena Noite";"Crescente";"Nublado";"Múltipla";"Reta";"Sim";2;0;0;1;0;1;1;2;-5,12477477;-42,79848465;"SPRF-PI";"DEL01-PI";"UOP02-DEL01-PI"
446758;2022-04-29;"sexta-feira";"16:45:00";"SC";101;6;"GARUVA";"Pedestre cruzava a pista fora da faixa";"Atropelamento de Pedestre";"Com Vítimas Feridas";"Pleno dia";"Crescente";"Nublado";"Dupla";"Viaduto;Reta";"Sim";2;0;0;1;1;0;1;2;-26,02692002;-48,86142017;"SPRF-SC";"DEL03-SC";"UOP01-DEL03-SC"
446760;2022-04-29;"sexta-feira";"18:50:00";"SC";101;159,7;"PORTO BELO";"Reação tardia ou ineficiente do condutor";"Tombamento";"Com Vítimas Feridas";"Plena Noite";"Crescente";"Nublado";"Dupla";"Reta";"Não";1;0;1;0;0;0;1;1;-27,1998778;-48,61534236;"SPRF-SC";"DEL04-SC";"UOP03-DEL04-SC"
446761;2022-04-29;"sexta-feira";"19:40:00";"MS";163;386,4;"NOVA ALVORADA DO SUL";"Pedestre andava na pista";"Atropelamento de Pedestre";"Com Vítimas Fatais";"Plena Noite";"Crescente";"Céu Claro";"Simples";"Reta";"Não";5;1;0;0;4;0;0;2;-21,286287;-54,438586;"SPRF-MS";"DEL02-MS";"UOP01-DEL02-MS"
446762;2022-04-29;"sexta-feira";"18:35:00";"PR";158;405,2;"LARANJEIRAS DO SUL";"Desrespeitar a preferência no cruzamento";"Colisão traseira";"Com Vítimas Feridas";"Anoitecer";"Decrescente";"Nublado";"Simples";"Reta";"Não";3;0;1;0;1;1;1;3;-25,37215333;-52,39014863;"SPRF-PR";"DEL04-PR";"UOP02-DEL04-PR"
446763;2022-04-29;"sexta-feira";"19:30:00";"RJ";485;6;"ITATIAIA";"Ingestão de álcool pelo condutor";"Colisão com objeto";"Sem Vítimas";"Plena Noite";"Decrescente";"Garoa/Chuvisco";"Simples";"Curva";"Não";2;0;0;0;1;1;0;2;-22,45923406;-44,58360851;"SPRF-RJ";"DEL07-RJ";"UOP02-DEL07-RJ"
446769;2022-04-29;"sexta-feira";"20:30:00";"PR";476;144,9;"ARAUCARIA";"Ingestão de álcool pelo condutor";"Colisão traseira";"Sem Vítimas";"Plena Noite";"Crescente";"Nublado";"Dupla";"Reta";"Não";2;0;0;0;2;0;0;2;-25,542501;-49,313011;"SPRF-PR";"DEL01-PR";"UOP03-DEL01-PR"
446770;2022-04-29;"sexta-feira";"21:35:00";"SP";381;51;"ATIBAIA";"Reação tardia ou ineficiente do condutor";"Colisão traseira";"Com Vítimas Feridas";"Anoitecer";"Decrescente";"Céu Claro";"Dupla";"Reta";"Não";4;0;1;0;1;2;1;4;-23,221911;-46,59644;"SPRF-SP";"DEL03-SP";"UOP01-DEL03-SP"
446771;2022-04-29;"sexta-feira";"20:30:00";"GO";153;506;"APARECIDA DE GOIANIA";"Condutor deixou de manter distância do veículo da frente";"Colisão traseira";"Com Vítimas Feridas";"Plena Noite";"Crescente";"Céu Claro";"Dupla";"Declive";"Sim";2;0;1;0;0;1;1;2;-16,7633;-49,24;"SPRF-GO";"DEL01-GO";"UOP01-DEL01-GO"
446774;2022-04-29;"sexta-feira";"19:00:00";"RS";101;34;"TRES CACHOEIRAS";"Ausência de reação do condutor";"Tombamento";"Com Vítimas Feridas";"Plena Noite";"Crescente";"Nublado";"Dupla";"Curva";"Não";1;0;1;0;0;0;1;1;-29,50900276;-49,98702728;"SPRF-RS";"DEL03-RS";"UOP02-DEL03-RS"
446776;2022-04-29;"sexta-feira";"22:15:00";"PB";230;22;"JOAO PESSOA";"Ausência de reação do condutor";"Colisão traseira";"Sem Vítimas";"Plena Noite";"Crescente";"Nublado";"Dupla";"Reta";"Sim";2;0;0;0;1;1;0;2;-7,15783418;-34,85826608;"SPRF-PB";"DEL01-PB";"UOP01-DEL01-PB"
446777;2022-04-29;"sexta-feira";"18:30:00";"RJ";116;182;"NOVA IGUACU";"Pedestre andava na pista";"Atropelamento de Pedestre";"Com Vítimas Feridas";"Plena Noite";"Decrescente";"Céu Claro";"Dupla";"Reta";"Sim";2;0;0;1;0;1;1;2;-22,7567755;-43,43107234;"SPRF-RJ";"DEL01-RJ";"UOP02-DEL01-RJ"
446778;2022-04-29;"sexta-feira";"22:10:00";"SP";116;113;"TAUBATE";"Avarias e/ou desgaste excessivo no pneu";"Queda de ocupante de veículo";"Com Vítimas Feridas";"Plena Noite";"Crescente";"Céu Claro";"Dupla";"Reta";"Sim";2;0;2;0;0;0;2;1;-23,0440828;-45,58041405;"SPRF-SP";"DEL02-SP";"UOP02-DEL02-SP"
446779;2022-04-29;"sexta-feira";"18:09:00";"MS";60;395,3;"SIDROLANDIA";"Reação tardia ou ineficiente do condutor";"Saída de leito carroçável";"Com Vítimas Feridas";"Plena Noite";"Crescente";"Céu Claro";"Simples";"Reta";"Não";2;0;2;0;0;0;2;1;-20,75566905;-54,78573182;"SPRF-MS";"DEL01-MS";"UOP04-DEL01-MS"
446780;2022-04-29;"sexta-feira";"19:10:00";"MS";267;144,5;"NOVA ANDRADINA";"Demais falhas mecânicas ou elétricas";"Incêndio";"Sem Vítimas";"Anoitecer";"Decrescente";"Céu Claro";"Simples";"Reta";"Não";2;0;0;0;2;0;0;1;-21,66980953;-53,42091377;"SPRF-MS";"DEL02-MS";"UOP03-DEL02-MS"
446781;2022-04-29;"sexta-feira";"22:00:00";"MT";163;831;"SINOP";"Acessar a via sem observar a presença dos outros veículos";"Colisão traseira";"Com Vítimas Feridas";"Plena Noite";"Crescente";"Céu Claro";"Simples";"Reta";"Sim";3;0;3;0;0;0;3;2;-12,022768;-55,51723;"SPRF-MT";"DEL06-MT";"UOP01-DEL06-MT"
446782;2022-04-29;"sexta-feira";"22:20:00";"PR";116;102;"SAO JOSE DOS PINHAIS";"Velocidade Incompatível";"Saída de leito carroçável";"Com Vítimas Feridas";"Plena Noite";"Crescente";"Garoa/Chuvisco";"Dupla";"Reta";"Não";1;0;1;0;0;0;1;1;-25,550639;-49,15025;"SPRF-PR";"DEL01-PR";"UOP01-DEL01-PR"
446783;2022-04-29;"sexta-feira";"20:20:00";"PB";101;85,3;"BAYEUX";"Entrada inopinada do pedestre";"Atropelamento de Pedestre";"Com Vítimas Feridas";"Plena Noite";"Crescente";"Céu Claro";"Dupla";"Reta";"Não";2;0;0;1;0;1;1;2;-7,14538184;-34,91662887;"SPRF-PB";"DEL01-PB";"UOP01-DEL01-PB"
446784;2022-04-29;"sexta-feira";"23:15:00";"PB";230;158,7;"CAMPINA GRANDE";"Acessar a via sem observar a presença dos outros veículos";"Colisão transversal";"Com Vítimas Feridas";"Plena Noite";"Crescente";"Nublado";"Simples";"Reta";"Sim";2;0;0;1;1;0;1;2;-7,2582;-35,9267;"SPRF-PB";"DEL02-PB";"UOP01-DEL02-PB"
446785;2022-04-29;"sexta-feira";"22:30:00";"PR";116;97;"SAO JOSE DOS PINHAIS";"Reação tardia ou ineficiente do condutor";"Saída de leito carroçável";"Com Vítimas Feridas";"Plena Noite";"Decrescente";"Garoa/Chuvisco";"Dupla";"Reta";"Sim";1;0;1;0;0;0;1;1;-25,51232495;-49,12871007;"SPRF-PR";"DEL01-PR";"UOP01-DEL01-PR"
446787;2022-04-29;"sexta-feira";"20:00:00";"PB";230;396,4;"POMBAL";"Ultrapassagem Indevida";"Colisão frontal";"Com Vítimas Feridas";"Plena Noite";"Crescente";"Céu Claro";"Simples";"Declive";"Não";2;0;0;1;0;1;1;2;-6,8525;-37,7424;"SPRF-PB";"DEL03-PB";"UOP02-DEL03-PB"
446788;2022-04-29;"sexta-feira";"19:30:00";"MT";364;10,9;"ALTO ARAGUAIA";"Reação tardia ou ineficiente do condutor";"Saída de leito carroçável";"Com Vítimas Feridas";"Plena Noite";"Crescente";"Céu Claro";"Simples";"Curva";"Não";3;0;1;2;0;0;3;1;-17,27204706;-53,28839501;"SPRF-MT";"DEL02-MT";"UOP02-DEL02-MT"
446793;2022-04-29;"sexta-feira";"23:30:00";"SC";101;129;"BALNEARIO CAMBORIU";"Demais falhas mecânicas ou elétricas";"Incêndio";"Sem Vítimas";"Plena Noite";"Crescente";"Nublado";"Dupla";"Reta";"Sim";1;0;0;0;1;0;0;1;-26,98064277;-48,6790679;"SPRF-SC";"DEL04-SC";"UOP03-DEL04-SC"
446794;2022-04-29;"sexta-feira";"19:50:00";"PB";230;11;"CABEDELO";"Transitar no acostamento";"Queda de ocupante de veículo";"Com Vítimas Feridas";"Plena Noite";"Crescente";"Céu Claro";"Dupla";"Retorno Regulamentado";"Sim";1;0;0;1;0;0;1;1;-7,0596;-34,8506;"SPRF-PB";"DEL01-PB";"UOP01-DEL01-PB"
446795;2022-04-29;"sexta-feira";"18:10:00";"PR";158;338;"PALMITAL";"Reação tardia ou ineficiente do condutor";"Saída de leito carroçável";"Com Vítimas Fatais";"Anoitecer";"Crescente";"Nublado";"Simples";"Reta";"Não";1;1;0;0;0;0;0;1;-24,89496546;-52,25777537;"SPRF-PR";"DEL04-PR";"UOP02-DEL04-PR"
446796;2022-04-29;"sexta-feira";"18:20:00";"MS";163;681;"RIO VERDE DE MATO GROSSO";"Manobra de mudança de faixa";"Colisão lateral mesmo sentido";"Sem Vítimas";"Plena Noite";"Decrescente";"Céu Claro";"Dupla";"Reta";"Sim";2;0;0;0;1;1;0;2;-18,91578008;-54,83862738;"SPRF-MS";"DEL06-MS";"UOP02-DEL06-MS"
446797;2022-04-29;"sexta-feira";"21:25:00";"SC";280;66;"JARAGUA DO SUL";"Conversão proibida";"Colisão transversal";"Com Vítimas Feridas";"Plena Noite";"Decrescente";"Nublado";"Simples";"Reta";"Não";2;0;1;0;1;0;1;2;-26,47802553;-49,10313606;"SPRF-SC";"DEL03-SC";"UOP03-DEL03-SC"
446798;2022-04-29;"sexta-feira";"20:40:00";"SC";101;424,8;"ARARANGUA";"Desrespeitar a preferência no cruzamento";"Colisão com objeto";"Com Vítimas Feridas";"Plena Noite";"Decrescente";"Céu Claro";"Simples";"Reta;Interseção de Vias";"Sim";2;0;0;1;0;1;1;2;-29,01601155;-49,58269226;"SPRF-SC";"DEL02-SC";"UOP02-DEL02-SC"
446799;2022-04-29;"sexta-feira";"20:55:00";"SC";101;424,7;"ARARANGUA";"Ingestão de álcool pelo condutor";"Colisão traseira";"Sem Vítimas";"Plena Noite";"Decrescente";"Céu Claro";"Simples";"Reta;Interseção de Vias";"Não";3;0;0;0;3;0;0;3;-29,01601155;-49,58269226;"SPRF-SC";"DEL02-SC";"UOP02-DEL02-SC"