"id";"data_inversa";"dia_semana";"horario";"uf";"br";"km";"municipio";"causa_acidente";"tipo_acidente";"classificacao_acidente";"fase_dia";"sentido_via";"condicao_metereologica";"tipo_pista";"tracado_via";"uso_solo";"pessoas";"mortos";"feridos_leves";"feridos_graves";"ilesos";"ignorados";"feridos";"veiculos";"latitude";"longitude";"regional";"delegacia";"uop"
446803;2022-04-30;"sábado";"00:10:00";"MT";364;498;"JANGADA";"Acessar a via sem observar a presença dos outros veículos";"Colisão transversal";"Com Vítimas Feridas";"Plena Noite";"Crescente";"Céu Claro";"Simples";"Reta";"Não";3;0;0;2;1;0;2;2;-15,26383164;-56,45548663;"SPRF-MT";"DEL01-MT";"UOP02-DEL01-MT"
446805;2022-04-30;"sábado";"00:30:00";"PB";230;5;"CABEDELO";"Ingestão de álcool pelo condutor";"Colisão com objeto";"Sem Vítimas";"Plena Noite";"Decrescente";"Garoa/Chuvisco";"Dupla";"Reta;Em Obras";"Sim";1;0;0;0;1;0;0;1;-7,01;-34,8312;"SPRF-PB";"DEL01-PB";"UOP01-DEL01-PB"
446806;2022-04-30;"sábado";"01:40:00";"PR";369;157;"LONDRINA";"Ingestão de álcool pelo condutor";"Saída de leito carroçável";"Com Vítimas Feridas";"Plena Noite";"Crescente";"Céu Claro";"Dupla";"Reta";"Sim";1;0;1;0;0;0;1;1;-23,286998;-51,227175;"SPRF-PR";"DEL07-PR";"UOP01-DEL07-PR"
446810;2022-04-30;"sábado";"01:10:00";"SC";101;210;"SAO JOSE";"Demais falhas mecânicas ou elétricas";"Incêndio";"Sem Vítimas";"Plena Noite";"Decrescente";"Céu Claro";"Dupla";"Reta";"Sim";1;0;0;0;1;0;0;1;-27,62276387;-48,65138769;"SPRF-SC";"DEL01-SC";"UOP01-DEL01-SC"
446812;2022-04-30;"sábado";"02:20:00";"SP";116;144,1;"SAO JOSE DOS CAMPOS";"Reação tardia ou ineficiente do condutor";"Saída de leito carroçável";"Com Vítimas Feridas";"Plena Noite";"Decrescente";"Céu Claro";"Múltipla";"Reta";"Sim";2;0;2;0;0;0;2;1;-23,18274416;-45,84633592;"SPRF-SP";"DEL02-SP";"UOP01-DEL02-SP"
446813;2022-04-30;"sábado";"02:55:00";"DF";80;11,2;"BRASILIA";"Transitar no acostamento";"Atropelamento de Pedestre";"Com Vítimas Fatais";"Plena Noite";"Decrescente";"Céu Claro";"Simples";"Reta";"Não";3;1;0;0;1;1;0;2;-15,730927;-48,177082;"SPRF-DF";"DEL03-DF";"UOP02-DEL03-DF"
446817;2022-04-30;"sábado";"02:30:00";"SC";101;323;"CAPIVARI DE BAIXO";"Ingestão de álcool pelo condutor";"Colisão com objeto";"Com Vítimas Feridas";"Plena Noite";"Crescente";"Céu Claro";"Dupla";"Curva";"Não";2;0;1;1;0;0;2;2;-28,42789556;-48,91248313;"SPRF-SC";"DEL02-SC";"UOP01-DEL02-SC"
446818;2022-04-30;"sábado";"05:20:00";"SC";101;209;"PALHOCA";"Reação tardia ou ineficiente do condutor";"Saída de leito carroçável";"Sem Vítimas";"Plena Noite";"Crescente";"Nublado";"Simples";"Reta";"Sim";1;0;0;0;1;0;0;1;-27,61000542;-48,63895057;"SPRF-SC";"DEL01-SC";"UOP01-DEL01-SC"
446821;2022-04-30;"sábado";"06:00:00";"SP";381;56;"MAIRIPORA";"Ausência de reação do condutor";"Colisão traseira";"Com Vítimas Feridas";"Pleno dia";"Decrescente";"Nublado";"Múltipla";"Declive";"Não";4;0;1;0;3;0;1;2;-23,25907163;-46,58982662;"SPRF-SP";"DEL03-SP";"UOP01-DEL03-SP"
446822;2022-04-30;"sábado";"04:10:00";"RR";401;0;"BOA VISTA";"Ingestão de álcool pelo condutor";"Colisão com objeto";"Com Vítimas Feridas";"Plena Noite";"Decrescente";"Chuva";"Dupla";"Reta";"Sim";1;0;1;0;0;0;1;1;2,80229396;-60,68243402;"SPRF-RR";"DEL01-RR";"UOP01-DEL01-RR"
446829;2022-04-30;"sábado";"06:30:00";"PR";277;0;"PARANAGUA";"Reação tardia ou ineficiente do condutor";"Colisão com objeto";"Com Vítimas Feridas";"Pleno dia";"Crescente";"Céu Claro";"Dupla";"Curva";"Sim";1;0;0;1;0;0;1;1;-25,568198;-48,615292;"SPRF-PR";"DEL01-PR";"UOP05-DEL01-PR"
446831;2022-04-30;"sábado";"04:45:00";"RJ";465;19;"NOVA IGUACU";"Chuva";"Colisão com objeto";"Com Vítimas Fatais";"Amanhecer";"Decrescente";"Chuva";"Simples";"Reta";"Sim";2;1;0;1;0;0;1;1;-22,839184;-43,610451;"SPRF-RJ";"DEL03-RJ";"UOP01-DEL03-RJ"
446833;2022-04-30;"sábado";"07:00:00";"PR";158;515;"PATO BRANCO";"Velocidade Incompatível";"Saída de leito carroçável";"Com Vítimas Feridas";"Amanhecer";"Decrescente";"Nublado";"Simples";"Curva";"Não";1;0;1;0;0;0;1;1;-26,08422969;-52,64116287;"SPRF-PR";"DEL02-PR";"UOP01-DEL02-PR"
446834;2022-04-17;"domingo";"19:50:00";"RO";364;195;"PIMENTA BUENO";"Ausência de reação do condutor";"Colisão com objeto";"Com Vítimas Feridas";"Plena Noite";"Decrescente";"Céu Claro";"Simples";"Curva";"Sim";2;0;0;2;0;0;2;1;-11,6932879;-61,17742991;"SPRF-RO";"DEL02-RO";"UOP02-DEL02-RO"
446836;2022-04-30;"sábado";"05:30:00";"SC";282;5;"SAO FRANCISCO DO SUL";"Reação tardia ou ineficiente do condutor";"Colisão traseira";"Com Vítimas Feridas";"Amanhecer";"Crescente";"Céu Claro";"Simples";"Reta";"Sim";3;0;2;0;1;0;2;2;-26,26074;-48,626315;"SPRF-SC";"DEL01-SC";"UOP01-DEL01-SC"
446838;2022-04-30;"sábado";"07:45:00";"SE";235;15;"NOSSA SENHORA DO SOCORRO";"Condutor deixou de manter distância do veículo da frente";"Queda de ocupante de veículo";"Com Vítimas Feridas";"Pleno dia";"Decrescente";"Céu Claro";"Simples";"Reta";"Não";3;0;2;0;1;0;2;3;-10,857119;-37,185043;"SPRF-SE";"DEL01-SE";"UOP01-DEL01-SE"
446839;2022-04-30;"sábado";"08:00:00";"GO";153;508;"APARECIDA DE GOIANIA";"Desvio temporário";"Colisão lateral mesmo sentido";"Com Vítimas Feridas";"Pleno dia";"Decrescente";"Céu Claro";"Simples";"Reta;Em Obras";"Sim";3;0;2;0;0;1;2;2;-16,7804;-49,2371;"SPRF-GO";"DEL01-GO";"UOP03-DEL01-GO"
446840;2022-04-30;"sábado";"08:05:00";"PR";277;662,7;"MEDIANEIRA";"Avarias e/ou desgaste excessivo no pneu";"Saída de leito carroçável";"Com Vítimas Feridas";"Pleno dia";"Crescente";"Céu Claro";"Dupla";"Reta";"Não";1;0;1;0;0;0;1;1;-25,25121745;-54,00913508;"SPRF-PR";"DEL05-PR";"UOP02-DEL05-PR"
446841;2022-04-30;"sábado";"06:30:00";"SC";163;71,1;"SAO MIGUEL DO OESTE";"Manobra de mudança de faixa";"Colisão lateral mesmo sentido";"Com Vítimas Feridas";"Amanhecer";"Crescente";"Nublado";"Simples";"Reta";"Sim";2;0;1;0;1;0;1;2;-26,72713672;-53,51287007;"SPRF-SC";"DEL07-SC";"UOP03-DEL07-SC"
446842;2022-04-30;"sábado";"07:50:00";"MG";50;73;"UBERLANDIA";"Manobra de mudança de faixa";"Colisão traseira";"Com Vítimas Feridas";"Pleno dia";"Decrescente";"Céu Claro";"Dupla";"Reta";"Sim";3;0;1;0;0;2;1;3;-18,90769988;-48,22697639;"SPRF-MG";"DEL15-MG";"UOP01-DEL15-MG"
446845;2022-04-30;"sábado";"08:00:00";"MT";163;841;"SINOP";"Ingestão de álcool pelo condutor";"Colisão traseira";"Com Vítimas Feridas";"Pleno dia";"Crescente";"Céu Claro";"Simples";"Reta";"Sim";2;0;1;0;1;0;1;2;-11,93347098;-55,51404107;"SPRF-MT";"DEL06-MT";"NPF/DEL06-MT"
446848;2022-04-30;"sábado";"08:45:00";"MG";459;19,5;"CALDAS";"Velocidade Incompatível";"Saída de leito carroçável";"Com Vítimas Feridas";"Pleno dia";"Decrescente";"Céu Claro";"Simples";"Curva";"Não";1;0;1;0;0;0;1;1;-21,870069;-46,404104;"SPRF-MG";"DEL09-MG";"UOP01-DEL09-MG"
446849;2022-04-30;"sábado";"01:15:00";"RJ";116;167;"SAO JOAO DE MERITI";"Acumulo de água sobre o pavimento";"Colisão com objeto";"Com Vítimas Feridas";"Plena Noite";"Decrescente";"Chuva";"Múltipla";"Reta";"Sim";1;0;1;0;0;0;1;1;-22,79504719;-43,36296884;"SPRF-RJ";"DEL01-RJ";"UOP02-DEL01-RJ"
446850;2022-04-30;"sábado";"08:15:00";"PR";369;156,5;"LONDRINA";"Condutor deixou de manter distância do veículo da frente";"Colisão traseira";"Com Vítimas Feridas";"Pleno dia";"Crescente";"Céu Claro";"Dupla";"Reta";"Sim";2;0;1;0;1;0;1;2;-23,2939785;-51,21179223;"SPRF-PR";"DEL07-PR";"UOP01-DEL07-PR"
446851;2022-04-30;"sábado";"08:20:00";"MG";40;700;"BARBACENA";"Condutor deixou de manter distância do veículo da frente";"Colisão traseira";"Com Vítimas Feridas";"Pleno dia";"Decrescente";"Céu Claro";"Simples";"Reta";"Sim";3;0;1;0;1;1;1;2;-21,21880897;-43,74271654;"SPRF-MG";"DEL05-MG";"UOP02-DEL05-MG"
446852;2022-04-30;"sábado";"09:00:00";"MG";262;362;"JUATUBA";"Reação tardia ou ineficiente do condutor";"Colisão traseira";"Com Vítimas Feridas";"Pleno dia";"Crescente";"Sol";"Dupla";"Reta";"Sim";2;0;1;0;0;1;1;2;-19,97117073;-44,28717613;"SPRF-MG";"DEL01-MG";"UOP03-DEL01-MG"
446856;2022-04-30;"sábado";"08:30:00";"MS";267;498,2;"JARDIM";"Ausência de reação do condutor";"Colisão traseira";"Com Vítimas Feridas";"Pleno dia";"Crescente";"Céu Claro";"Simples";"Reta";"Não";5;0;1;0;4;0;1;2;-21,49591624;-56,295218;"SPRF-MS";"DEL05-MS";"UOP01-DEL05-MS"
446859;2022-04-30;"sábado";"07:15:00";"BA";101;482;"URUCUCA";"Velocidade Incompatível";"Saída de leito carroçável";"Com Vítimas Feridas";"Amanhecer";"Crescente";"Céu Claro";"Simples";"Reta";"Não";1;0;1;0;0;0;1;1;-14,61611151;-39,33008373;"SPRF-BA";"DEL05-BA";"UOP01-DEL05-BA"
446861;2022-04-30;"sábado";"08:10:00";"MG";116;411,5;"GOVERNADOR VALADARES";"Manobra de mudança de faixa";"Colisão lateral mesmo sentido";"Com Vítimas Feridas";"Pleno dia";"Decrescente";"Sol";"Dupla";"Retorno Regulamentado;Reta";"Sim";3;0;2;0;1;0;2;2;-18,86244705;-41,97405237;"SPRF-MG";"DEL06-MG";"UOP01-DEL06-MG"
446868;2022-04-30;"sábado";"10:40:00";"GO";50;221;"CAMPO ALEGRE DE GOIAS";"Condutor Dormindo";"Tombamento";"Com Vítimas Feridas";"Pleno dia";"Crescente";"Chuva";"Dupla";"Reta";"Não";1;0;1;0;0;0;1;1;-17,7316;-47,7273;"SPRF-GO";"DEL06-GO";"UOP01-DEL06-GO"
446869;2022-04-30;"sábado";"08:50:00";"RS";116;133;"CAXIAS DO SUL";"Ingestão de álcool pelo condutor";"Saída de leito carroçável";"Com Vítimas Feridas";"Pleno dia";"Decrescente";"Céu Claro";"Simples";"Curva";"Não";2;0;2;0;0;0;2;1;-29,05652609;-51,0964787;"SPRF-RS";"DEL05-RS";"UOP01-DEL05-RS"
446871;2022-04-30;"sábado";"10:35:00";"PE";101;192,3;"PALMARES";"Velocidade Incompatível";"Saída de leito carroçável";"Sem Vítimas";"Pleno dia";"Crescente";"Céu Claro";"Dupla";"Curva";"Não";1;0;0;0;0;1;0;1;-8,71282291;-35,60955915;"SPRF-PE";"DEL01-PE";"UOP03-DEL01-PE"
446872;2022-04-29;"sexta-feira";"05:00:00";"MT";0;0;"PRIMAVERA DO LESTE";"Velocidade Incompatível";"Colisão com objeto";"Sem Vítimas";"Amanhecer";"Não Informado";"Nublado";"Simples";"Reta";"Sim";4;0;0;0;4;0;0;1;-15,561698;-54,282263;"SPRF-MT";"DEL05-MT";"UOP01-DEL05-MT"
446874;2022-04-30;"sábado";"10:00:00";"MG";40;689;"ALFREDO VASCONCELOS";"Ausência de reação do condutor";"Tombamento";"Com Vítimas Feridas";"Pleno dia";"Decrescente";"Céu Claro";"Simples";"Reta";"Não";1;0;1;0;0;0;1;1;-21,12237517;-43,75837326;"SPRF-MG";"DEL05-MG";"UOP02-DEL05-MG"
446875;2022-04-30;"sábado";"10:55:00";"SP";381;65;"MAIRIPORA";"Condutor deixou de manter distância do veículo da frente";"Colisão traseira";"Com Vítimas Feridas";"Pleno dia";"Decrescente";"Sol";"Dupla";"Reta";"Sim";2;0;1;0;1;0;1;2;-23,316547;-46,58251;"SPRF-SP";"DEL03-SP";"UOP01-DEL03-SP"
446877;2022-04-30;"sábado";"11:16:00";"PE";232;6;"RECIFE";"Condutor deixou de manter distância do veículo da frente";"Colisão traseira";"Com Vítimas Feridas";"Pleno dia";"Decrescente";"Céu Claro";"Dupla";"Reta";"Sim";4;0;1;2;1;0;3;2;-8,07079525;-34,9535389;"SPRF-PE";"DEL01-PE";"UOP01-DEL01-PE"
446878;2022-04-30;"sábado";"11:10:00";"SP";381;79;"SAO PAULO";"Velocidade Incompatível";"Capotamento";"Com Vítimas Feridas";"Pleno dia";"Crescente";"Céu Claro";"Dupla";"Viaduto;Declive;Curva";"Não";1;0;1;0;0;0;1;1;-23,40319901;-46,57564699;"SPRF-SP";"DEL03-SP";"UOP01-DEL03-SP"
446879;2022-04-30;"sábado";"10:35:00";"MG";50;170;"UBERABA";"Ausência de reação do condutor";"Colisão traseira";"Sem Vítimas";"Pleno dia";"Decrescente";"Céu Claro";"Dupla";"Reta;Aclive";"Não";3;0;0;0;3;0;0;2;-19,73661208;-47,98290957;"SPRF-MG";"DEL13-MG";"UOP01-DEL13-MG"
446884;2022-04-30;"sábado";"11:40:00";"MG";40;747,9;"SANTOS DUMONT";"Acessar a via sem observar a presença dos outros veículos";"Colisão transversal";"Com Vítimas Feridas";"Pleno dia";"Decrescente";"Céu Claro";"Simples";"Curva";"Não";2;0;1;1;0;0;2;2;-21,43796619;-43,55638245;"SPRF-MG";"DEL05-MG";"UOP01-DEL05-MG"
446885;2022-04-30;"sábado";"11:00:00";"RJ";101;196;"CASIMIRO DE ABREU";"Acumulo de água sobre o pavimento";"Saída de leito carroçável";"Sem Vítimas";"Pleno dia";"Decrescente";"Chuva";"Dupla";"Curva";"Não";1;0;0;0;1;0;0;1;-22,49207101;-42,10926701;"SPRF-RJ";"DEL08-RJ";"UOP04-DEL08-RJ"
446886;2022-04-30;"sábado";"11:18:00";"MT";174;379;"CONQUISTA DOESTE";"Condutor Dormindo";"Saída de leito carroçável";"Com Vítimas Feridas";"Pleno dia";"Decrescente";"Céu Claro";"Simples";"Declive";"Não";1;0;0;1;0;0;1;1;-14,54560168;-59,54265515;"SPRF-MT";"DEL04-MT";"UOP01-DEL04-MT"
446887;2022-04-30;"sábado";"12:00:00";"RJ";116;65;"TERESOPOLIS";"Objeto estático sobre o leito carroçável";"Capotamento";"Com Vítimas Feridas";"Pleno dia";"Crescente";"Nublado";"Simples";"Reta";"Sim";4;0;4;0;0;0;4;1;-22,27707804;-42,92764378;"SPRF-RJ";"DEL04-RJ";"UOP01-DEL04-RJ"
446888;2022-04-30;"sábado";"11:40:00";"MA";135;13;"SAO LUIS";"Ausência de reação do condutor";"Saída de leito carroçável";"Com Vítimas Feridas";"Pleno dia";"Decrescente";"Sol";"Dupla";"Curva";"Sim";1;0;1;0;0;0;1;1;-2,68053538;-44,29512283;"SPRF-MA";"DEL01-MA";"UOP01-DEL01-MA"
446890;2022-04-30;"sábado";"13:05:00";"ES";0;0;"LINHARES";"Reação tardia ou ineficiente do condutor";"Saída de leito carroçável";"Com Vítimas Feridas";"Pleno dia";"Não Informado";"Céu Claro";"Simples";"Curva";"Não";2;0;2;0;0;0;2;1;-19,238965;-40,09170698;"SPRF-ES";"DEL04-ES";"UOP01-DEL04-ES"
446891;2022-04-30;"sábado";"11:25:00";"SC";153;59,8;"IRANI";"Reação tardia ou ineficiente do condutor";"Saída de leito carroçável";"Com Vítimas Feridas";"Pleno dia";"Crescente";"Chuva";"Simples";"Reta";"Não";3;0;3;0;0;0;3;1;-26,96624414;-51,84556067;"SPRF-SC";"DEL07-SC";"UOP04-DEL07-SC"
446892;2022-04-30;"sábado";"12:15:00";"RJ";101;115;"CAMPOS DOS GOYTACAZES";"Demais falhas mecânicas ou elétricas";"Saída de leito carroçável";"Com Vítimas Feridas";"Pleno dia";"Crescente";"Céu Claro";"Dupla";"Reta";"Não";1;0;0;1;0;0;1;1;-21,99406996;-41,66375867;"SPRF-RJ";"DEL08-RJ";"UOP02-DEL08-RJ"
446893;2022-04-30;"sábado";"13:15:00";"PR";277;697,2;"SAO MIGUEL DO IGUACU";"Ausência de reação do condutor";"Saída de leito carroçável";"Com Vítimas Feridas";"Pleno dia";"Decrescente";"Céu Claro";"Dupla";"Aclive";"Não";1;0;0;1;0;0;1;1;-25,39163815;-54,30338792;"SPRF-PR";"DEL05-PR";"UOP01-DEL05-PR"
446894;2022-04-30;"sábado";"13:10:00";"SC";101;221,6;"PALHOCA";"Ausência de reação do condutor";"Capotamento";"Com Vítimas Feridas";"Pleno dia";"Decrescente";"Nublado";"Múltipla";"Reta";"Sim";1;0;1;0;0;0;1;1;-27,70012652;-48,66021182;"SPRF-SC";"DEL01-SC";"UOP02-DEL01-SC"
446895;2022-04-30;"sábado";"13:44:00";"ES";101;266,5;"SERRA";"Ausência de reação do condutor";"Colisão transversal";"Com Vítimas Feridas";"Pleno dia";"Crescente";"Céu Claro";"Dupla";"Reta";"Sim";2;0;1;0;1;0;1;2;-20,190199;-40,26828891;"SPRF-ES";"DEL02-ES";"UOP01-DEL02-ES"
446897;2022-04-30;"sábado";"12:31:00";"MA";222;210;"ITAPECURU MIRIM";"Condutor deixou de manter distância do veículo da frente";"Colisão lateral mesmo sentido";"Com Vítimas Feridas";"Pleno dia";"Decrescente";"Nublado";"Simples";"Interseção de Vias";"Sim";2;0;0;1;0;1;1;2;-3,387698;-44,366436;"SPRF-MA";"DEL01-MA";"UOP02-DEL01-MA"
446898;2022-04-30;"sábado";"13:30:00";"SC";101;216,5;"PALHOCA";"Reação tardia ou ineficiente do condutor";"Colisão transversal";"Com Vítimas Feridas";"Pleno dia";"Decrescente";"Nublado";"Múltipla";"Reta";"Sim";3;0;2;1;0;0;3;2;-27,66374588;-48,6753881;"SPRF-SC";"DEL01-SC";"UOP02-DEL01-SC"
446899;2022-04-30;"sábado";"13:40:00";"GO";414;437,7;"ANAPOLIS";"Acessar a via sem observar a presença dos outros veículos";"Colisão transversal";"Com Vítimas Feridas";"Pleno dia";"Decrescente";"Céu Claro";"Simples";"Retorno Regulamentado;Aclive;Reta";"Sim";2;0;0;1;1;0;1;2;-16,27247393;-48,94040427;"SPRF-GO";"DEL02-GO";"UOP01-DEL02-GO"
446902;2022-04-30;"sábado";"13:50:00";"PE";232;409;"SERRA TALHADA";"Retorno proibido";"Colisão transversal";"Com Vítimas Feridas";"Pleno dia";"Decrescente";"Céu Claro";"Simples";"Interseção de Vias;Reta";"Sim";2;0;0;1;1;0;1;2;-7,98371447;-38,28047709;"SPRF-PE";"DEL04-PE";"UOP01-DEL04-PE"
446904;2022-04-30;"sábado";"14:00:00";"MG";381;544;"ITATIAIUCU";"Demais falhas mecânicas ou elétricas";"Incêndio";"Com Vítimas Feridas";"Pleno dia";"Crescente";"Céu Claro";"Dupla";"Aclive";"Não";24;0;2;0;22;0;2;1;-20,28193579;-44,42882633;"SPRF-MG";"DEL04-MG";"UOP03-DEL04-MG"
446906;2022-04-30;"sábado";"13:30:00";"MG";381;483;"BETIM";"Condutor deixou de manter distância do veículo da frente";"Colisão traseira";"Com Vítimas Feridas";"Pleno dia";"Decrescente";"Céu Claro";"Dupla";"Aclive;Reta";"Não";4;0;2;0;2;0;2;2;-19,95594491;-44,10721699;"SPRF-MG";"DEL01-MG";"UOP03-DEL01-MG"
446907;2022-04-30;"sábado";"13:00:00";"MG";381;480,6;"CONTAGEM";"Pedestre cruzava a pista fora da faixa";"Atropelamento de Pedestre";"Com Vítimas Feridas";"Pleno dia";"Decrescente";"Sol";"Dupla";"Curva";"Sim";2;0;0;1;1;0;1;2;-19,9582954;-44,05627316;"SPRF-MG";"DEL01-MG";"UOP03-DEL01-MG"
446908;2022-04-30;"sábado";"14:46:00";"DF";70;10;"BRASILIA";"Ingestão de álcool pelo condutor";"Colisão traseira";"Sem Vítimas";"Pleno dia";"Crescente";"Céu Claro";"Dupla";"Reta";"Sim";2;0;0;0;2;0;0;2;-15,787066;-48,140709;"SPRF-DF";"DEL03-DF";"UOP02-DEL03-DF"
446909;2022-04-30;"sábado";"14:05:00";"TO";153;500;"PARAISO DO TOCANTINS";"Avarias e/ou desgaste excessivo no pneu";"Capotamento";"Com Vítimas Feridas";"Pleno dia";"Decrescente";"Céu Claro";"Simples";"Aclive";"Não";3;0;3;0;0;0;3;1;-10,16527794;-48,88094578;"SPRF-TO";"DEL01-TO";"UOP01-DEL01-TO"
446911;2022-04-30;"sábado";"13:00:00";"RJ";40;119;"DUQUE DE CAXIAS";"Acumulo de água sobre o pavimento";"Colisão com objeto";"Com Vítimas Feridas";"Pleno dia";"Crescente";"Chuva";"Dupla";"Reta";"Sim";2;0;1;1;0;0;2;1;-22,76375592;-43,28683062;"SPRF-RJ";"DEL01-RJ";"UOP01-DEL01-RJ"
446912;2022-04-30;"sábado";"14:55:00";"SP";116;99,2;"PINDAMONHANGABA";"Mal súbito do condutor";"Capotamento";"Com Vítimas Feridas";"Pleno dia";"Decrescente";"Garoa/Chuvisco";"Dupla";"Reta";"Não";1;0;1;0;0;0;1;1;-22,98236971;-45,46436617;"SPRF-SP";"DEL08-SP";"UOP01-DEL08-SP"
446913;2022-04-30;"sábado";"14:30:00";"PR";116;13;"COLOMBO";"Velocidade Incompatível";"Colisão com objeto";"Com Vítimas Feridas";"Pleno dia";"Crescente";"Nublado";"Dupla";"Reta";"Sim";1;0;1;0;0;0;1;1;-25,3785;-49,1564;"SPRF-PR";"DEL01-PR";"UOP02-DEL01-PR"
446914;2022-04-30;"sábado";"15:20:00";"MG";262;29,5;"REDUTO";"Ultrapassagem Indevida";"Colisão frontal";"Com Vítimas Fatais";"Pleno dia";"Decrescente";"Céu Claro";"Simples";"Reta";"Não";4;2;0;0;2;0;0;3;-20,25053259;-41,98730227;"SPRF-MG";"DEL06-MG";"UOP03-DEL06-MG"
446915;2022-03-27;"domingo";"13:10:00";"SC";470;76,8;"INDAIAL";"Reação tardia ou ineficiente do condutor";"Colisão frontal";"Com Vítimas Feridas";"Pleno dia";"Crescente";"Céu Claro";"Dupla";"Reta";"Não";3;0;1;0;1;1;1;3;-26,933308;-49,287426;"SPRF-SC";"DEL04-SC";"UOP01-DEL04-SC"
446917;2022-04-30;"sábado";"15:30:00";"MG";381;938,6;"EXTREMA";"Velocidade Incompatível";"Saída de leito carroçável";"Com Vítimas Feridas";"Pleno dia";"Crescente";"Chuva";"Dupla";"Curva";"Não";3;0;2;0;1;0;2;1;-22,84701434;-46,33321175;"SPRF-MG";"DEL16-MG";"UOP03-DEL16-MG"
446918;2022-04-30;"sábado";"12:15:00";"RJ";116;223;"PIRAI";"Chuva";"Colisão com objeto";"Com Vítimas Feridas";"Pleno dia";"Decrescente";"Chuva";"Simples";"Curva";"Não";1;0;1;0;0;0;1;1;-22,68972504;-43,801317;"SPRF-RJ";"DEL07-RJ";"UOP01-DEL07-RJ"
446919;2022-04-30;"sábado";"15:00:00";"RJ";101;271;"RIO BONITO";"Acumulo de água sobre o pavimento";"Colisão com objeto";"Com Vítimas Feridas";"Pleno dia";"Crescente";"Chuva";"Dupla";"Reta";"Sim";1;0;1;0;0;0;1;1;-22,72443147;-42,69368143;"SPRF-RJ";"DEL02-RJ";"UOP03-DEL02-RJ"
446920;2022-04-30;"sábado";"13:50:00";"AC";364;104;"RIO BRANCO";"Demais falhas mecânicas ou elétricas";"Incêndio";"Sem Vítimas";"Pleno dia";"Crescente";"Céu Claro";"Simples";"Reta";"Não";1;0;0;0;1;0;0;1;-10,04213443;-67,61994231;"SPRF-AC";"DEL01-AC";"UOP01-DEL01-AC"
446924;2022-04-30;"sábado";"15:28:00";"RJ";393;238,5;"VASSOURAS";"Desrespeitar a preferência no cruzamento";"Colisão transversal";"Com Vítimas Feridas";"Pleno dia";"Crescente";"Céu Claro";"Simples";"Retorno Regulamentado";"Não";4;0;1;0;3;0;1;2;-22,40095658;-43,66442518;"SPRF-RJ";"DEL05-RJ";"UOP03-DEL05-RJ"
446925;2022-04-30;"sábado";"16:31:00";"GO";40;5;"VALPARAISO DE GOIAS";"Acessar a via sem observar a presença dos outros veículos";"Queda de ocupante de veículo";"Com Vítimas Feridas";"Pleno dia";"Crescente";"Céu Claro";"Dupla";"Reta";"Sim";3;0;1;1;1;0;2;2;-16,093134;-47,982236;"SPRF-DF";"DEL01-DF";"UOP01-DEL01-DF"
446926;2022-04-30;"sábado";"16:20:00";"PR";376;186,6;"MARIALVA";"Velocidade Incompatível";"Colisão com objeto";"Com Vítimas Feridas";"Pleno dia";"Decrescente";"Céu Claro";"Dupla";"Declive";"Não";1;0;1;0;0;0;1;1;-23,45643624;-51,84510713;"SPRF-PR";"DEL09-PR";"UOP01-DEL09-PR"
446927;2022-04-30;"sábado";"16:00:00";"BA";324;532;"FEIRA DE SANTANA";"Avarias e/ou desgaste excessivo no pneu";"Queda de ocupante de veículo";"Com Vítimas Feridas";"Pleno dia";"Decrescente";"Sol";"Dupla";"Declive";"Não";2;0;2;0;0;0;2;1;-12,33921226;-38,8474782;"SPRF-BA";"DEL01-BA";"UOP03-DEL01-BA"
446929;2022-04-30;"sábado";"16:40:00";"SC";101;191;"BIGUACU";"Demais falhas mecânicas ou elétricas";"Queda de ocupante de veículo";"Com Vítimas Feridas";"Pleno dia";"Crescente";"Nublado";"Dupla";"Reta";"Sim";2;0;1;1;0;0;2;1;-27,47730273;-48,64127329;"SPRF-SC";"DEL01-SC";"UOP01-DEL01-SC"
446930;2022-04-30;"sábado";"17:00:00";"DF";60;2;"BRASILIA";"Ingestão de álcool pelo condutor";"Colisão traseira";"Sem Vítimas";"Pleno dia";"Decrescente";"Céu Claro";"Dupla";"Reta";"Sim";2;0;0;0;2;0;0;2;-15,887383;-48,077988;"SPRF-DF";"DEL03-DF";"UOP01-DEL03-DF"
446931;2022-04-30;"sábado";"15:00:00";"MG";381;929;"EXTREMA";"Velocidade Incompatível";"Saída de leito carroçável";"Com Vítimas Feridas";"Pleno dia";"Crescente";"Garoa/Chuvisco";"Dupla";"Curva";"Não";2;0;2;0;0;0;2;1;-22,7715338;-46,23745403;"SPRF-MG";"DEL16-MG";"UOP03-DEL16-MG"
446932;2022-04-30;"sábado";"14:00:00";"RJ";40;93;"DUQUE DE CAXIAS";"Pista Escorregadia";"Queda de ocupante de veículo";"Com Vítimas Feridas";"Pleno dia";"Crescente";"Chuva";"Simples";"Curva";"Não";1;0;1;0;0;0;1;1;-22,5554282;-43,25829998;"SPRF-RJ";"DEL06-RJ";"UOP01-DEL06-RJ"
446933;2022-04-30;"sábado";"12:30:00";"RJ";40;110;"DUQUE DE CAXIAS";"Demais falhas mecânicas ou elétricas";"Capotamento";"Com Vítimas Feridas";"Pleno dia";"Crescente";"Chuva";"Dupla";"Reta";"Sim";2;0;1;0;1;0;1;1;-22,68289906;-43,28549346;"SPRF-RJ";"DEL01-RJ";"UOP01-DEL01-RJ"
446935;2022-04-30;"sábado";"16:00:00";"MG";381;6;"BETIM";"Ausência de reação do condutor";"Tombamento";"Com Vítimas Feridas";"Pleno dia";"Crescente";"Céu Claro";"Dupla";"Reta";"Sim";1;0;1;0;0;0;1;1;-19,96825;-44,198708;"SPRF-MG";"DEL01-MG";"UOP03-DEL01-MG"