"id";"data_inversa";"dia_semana";"horario";"uf";"br";"km";"municipio";"causa_acidente";"tipo_acidente";"classificacao_acidente";"fase_dia";"sentido_via";"condicao_metereologica";"tipo_pista";"tracado_via";"uso_solo";"pessoas";"mortos";"feridos_leves";"feridos_graves";"ilesos";"ignorados";"feridos";"veiculos";"latitude";"longitude";"regional";"delegacia";"uop"
446936;2022-04-30;"sábado";"17:00:00";"SP";116;37,8;"CACHOEIRA PAULISTA";"Velocidade Incompatível";"Capotamento";"Com Vítimas Feridas";"Pleno dia";"Decrescente";"Chuva";"Dupla";"Curva";"Sim";5;0;4;0;1;0;4;3;-22,65233015;-44,95787188;"SPRF-SP";"DEL08-SP";"UOP02-DEL08-SP"
446938;2022-04-30;"sábado";"18:06:00";"ES";101;122,2;"SOORETAMA";"Iluminação deficiente";"Colisão traseira";"Com Vítimas Feridas";"Plena Noite";"Decrescente";"Céu Claro";"Simples";"Reta";"Não";4;0;0;1;3;0;1;2;-19,16016593;-40,08315314;"SPRF-ES";"DEL04-ES";"UOP01-DEL04-ES"
446939;2022-04-30;"sábado";"17:15:00";"SP";153;81,9;"BADY BASSITT";"Condutor deixou de manter distância do veículo da frente";"Engavetamento";"Com Vítimas Feridas";"Pleno dia";"Decrescente";"Céu Claro";"Simples";"Aclive";"Não";6;0;1;0;5;0;1;3;-20,91158008;-49,48946098;"SPRF-SP";"DEL09-SP";"UOP01-DEL09-SP"
446940;2022-04-30;"sábado";"16:35:00";"PE";408;94;"SAO LOURENCO DA MATA";"Avarias e/ou desgaste excessivo no pneu";"Saída de leito carroçável";"Com Vítimas Feridas";"Anoitecer";"Decrescente";"Nublado";"Dupla";"Reta";"Sim";1;0;1;0;0;0;1;1;-8,00448211;-35,04643006;"SPRF-PE";"DEL01-PE";"UOP01-DEL01-PE"
446941;2022-04-30;"sábado";"18:00:00";"RS";285;449,5;"IJUI";"Ingestão de álcool pelo condutor";"Saída de leito carroçável";"Com Vítimas Feridas";"Anoitecer";"Decrescente";"Garoa/Chuvisco";"Simples";"Aclive;Reta";"Não";3;0;3;0;0;0;3;1;-28,370987;-53,826912;"SPRF-RS";"DEL10-RS";"UOP01-DEL10-RS"
446942;2022-04-30;"sábado";"18:15:00";"MG";116;538,9;"SANTA RITA DE MINAS";"Desrespeitar a preferência no cruzamento";"Colisão transversal";"Com Vítimas Feridas";"Plena Noite";"Decrescente";"Céu Claro";"Simples";"Reta";"Sim";2;0;0;1;1;0;1;2;-19,87457783;-42,13216953;"SPRF-MG";"DEL06-MG";"UOP02-DEL06-MG"
446943;2022-04-30;"sábado";"16:25:00";"SP";116;212;"GUARULHOS";"Condutor deixou de manter distância do veículo da frente";"Colisão com objeto";"Com Vítimas Feridas";"Pleno dia";"Crescente";"Garoa/Chuvisco";"Dupla";"Reta";"Sim";5;0;2;0;3;0;2;1;-23,43608315;-46,42805094;"SPRF-SP";"DEL01-SP";"UOP01-DEL01-SP"
446944;2022-04-30;"sábado";"18:30:00";"PR";373;183;"PONTA GROSSA";"Acessar a via sem observar a presença dos outros veículos";"Colisão lateral mesmo sentido";"Com Vítimas Feridas";"Plena Noite";"Crescente";"Ignorado";"Dupla";"Curva";"Sim";3;0;1;0;2;0;1;2;-25,03935712;-50,2767641;"SPRF-PR";"DEL03-PR";"UOP01-DEL03-PR"
446945;2022-04-30;"sábado";"13:50:00";"RS";293;49;"CERRITO";"Demais falhas mecânicas ou elétricas";"Colisão frontal";"Com Vítimas Feridas";"Pleno dia";"Crescente";"Chuva";"Simples";"Aclive;Reta";"Não";5;0;1;2;2;0;3;2;-31,73341175;-52,81660594;"SPRF-RS";"DEL07-RS";"UOP01-DEL07-RS"
446946;2022-04-30;"sábado";"11:00:00";"MT";174;172,7;"PORTO ESPERIDIAO";"Ultrapassagem Indevida";"Colisão frontal";"Com Vítimas Feridas";"Pleno dia";"Decrescente";"Sol";"Simples";"Reta";"Não";2;0;1;0;1;0;1;2;-15,81868096;-58,59558105;"SPRF-MT";"DEL03-MT";"UOP01-DEL03-MT"
446947;2022-04-30;"sábado";"18:00:00";"PB";230;41,5;"SANTA RITA";"Ingestão de álcool pelo condutor";"Saída de leito carroçável";"Sem Vítimas";"Plena Noite";"Crescente";"Céu Claro";"Dupla";"Retorno Regulamentado";"Sim";1;0;0;0;1;0;0;1;-7,1432;-34,9869;"SPRF-PB";"DEL01-PB";"UOP03-DEL01-PB"
446949;2022-04-30;"sábado";"18:30:00";"SP";116;229,7;"SAO PAULO";"Reação tardia ou ineficiente do condutor";"Colisão traseira";"Com Vítimas Feridas";"Anoitecer";"Crescente";"Chuva";"Múltipla";"Reta";"Sim";4;0;2;0;2;0;2;2;-23,51291902;-46,57604698;"SPRF-SP";"DEL01-SP";"UOP01-DEL01-SP"
446951;2022-04-30;"sábado";"19:16:00";"PE";408;104,7;"JABOATAO DOS GUARARAPES";"Entrada inopinada do pedestre";"Atropelamento de Pedestre";"Com Vítimas Feridas";"Plena Noite";"Crescente";"Céu Claro";"Simples";"Reta";"Não";2;0;2;0;0;0;2;2;-8,0730937;-34,99190714;"SPRF-PE";"DEL01-PE";"UOP01-DEL01-PE"
446952;2022-04-30;"sábado";"19:20:00";"ES";393;3,7;"CACHOEIRO DE ITAPEMIRIM";"Ultrapassagem Indevida";"Colisão frontal";"Com Vítimas Feridas";"Plena Noite";"Crescente";"Nublado";"Simples";"Reta";"Não";2;0;0;2;0;0;2;2;-20,82758347;-41,18252617;"SPRF-ES";"DEL03-ES";"UOP02-DEL03-ES"
446953;2022-04-30;"sábado";"18:50:00";"ES";101;263,3;"SERRA";"Ausência de reação do condutor";"Colisão traseira";"Com Vítimas Feridas";"Plena Noite";"Decrescente";"Céu Claro";"Dupla";"Reta";"Sim";6;0;3;0;3;0;3;3;-20,16554736;-40,27301648;"SPRF-ES";"DEL02-ES";"UOP01-DEL02-ES"
446954;2022-04-30;"sábado";"18:50:00";"MA";135;62;"SANTA RITA";"Manobra de mudança de faixa";"Colisão frontal";"Com Vítimas Feridas";"Plena Noite";"Decrescente";"Céu Claro";"Simples";"Curva";"Não";2;0;1;0;1;0;1;2;-3,06977896;-44,32330426;"SPRF-MA";"DEL01-MA";"UOP02-DEL01-MA"
446956;2022-04-30;"sábado";"19:55:00";"PE";101;76;"RECIFE";"Condutor deixou de manter distância do veículo da frente";"Colisão traseira";"Com Vítimas Feridas";"Plena Noite";"Crescente";"Nublado";"Dupla";"Reta";"Sim";2;0;1;0;0;1;1;2;-8,11813811;-34,94329214;"SPRF-PE";"DEL01-PE";"UOP01-DEL01-PE"
446957;2022-04-30;"sábado";"18:45:00";"MG";50;177;"UBERABA";"Ingestão de álcool pelo condutor";"Saída de leito carroçável";"Com Vítimas Feridas";"Plena Noite";"Decrescente";"Céu Claro";"Dupla";"Reta";"Não";1;0;1;0;0;0;1;1;-19,77914852;-47,95047701;"SPRF-MG";"DEL13-MG";"UOP01-DEL13-MG"
446958;2022-04-30;"sábado";"19:15:00";"RJ";101;481,5;"ANGRA DOS REIS";"Desrespeitar a preferência no cruzamento";"Colisão transversal";"Com Vítimas Feridas";"Plena Noite";"Decrescente";"Garoa/Chuvisco";"Dupla";"Interseção de Vias";"Sim";3;0;1;0;2;0;1;2;-23,00976021;-44,29153237;"SPRF-RJ";"DEL03-RJ";"UOP03-DEL03-RJ"
446959;2022-04-30;"sábado";"12:00:00";"MG";116;564,1;"MANHUACU";"Manobra de mudança de faixa";"Colisão lateral mesmo sentido";"Com Vítimas Feridas";"Pleno dia";"Crescente";"Sol";"Simples";"Reta";"Não";2;0;0;1;1;0;1;2;-20,06216515;-42,17191471;"SPRF-MG";"DEL06-MG";"UOP03-DEL06-MG"
446961;2022-04-30;"sábado";"19:00:00";"SE";101;84;"NOSSA SENHORA DO SOCORRO";"Ingestão de álcool pelo condutor";"Colisão traseira";"Sem Vítimas";"Plena Noite";"Crescente";"Nublado";"Dupla";"Reta";"Não";2;0;0;0;2;0;0;2;-10,835002;-37,13775504;"SPRF-SE";"DEL01-SE";"UOP01-DEL01-SE"
446962;2022-04-30;"sábado";"19:30:00";"RS";392;352,6;"SANTA MARIA";"Ingestão de álcool pelo condutor";"Colisão traseira";"Sem Vítimas";"Plena Noite";"Decrescente";"Chuva";"Simples";"Reta";"Sim";2;0;0;0;2;0;0;2;-29,720404;-53,807632;"SPRF-RS";"DEL09-RS";"UOP01-DEL09-RS"
446963;2022-04-30;"sábado";"19:45:00";"MG";146;491,7;"POCOS DE CALDAS";"Ultrapassagem Indevida";"Colisão lateral mesmo sentido";"Com Vítimas Feridas";"Plena Noite";"Crescente";"Nublado";"Simples";"Declive;Reta";"Sim";7;0;1;3;2;1;4;3;-21,806456;-46,491281;"SPRF-MG";"DEL09-MG";"UOP01-DEL09-MG"
446964;2022-04-30;"sábado";"19:25:00";"SC";101;199,5;"SAO JOSE";"Ingestão de álcool pelo condutor";"Colisão transversal";"Sem Vítimas";"Plena Noite";"Crescente";"Chuva";"Simples";"Reta";"Sim";2;0;0;0;2;0;0;2;-27,53413705;-48,63003205;"SPRF-SC";"DEL01-SC";"UOP01-DEL01-SC"
446966;2022-04-30;"sábado";"19:10:00";"PR";376;1,9;"MANDAGUARI";"Iluminação deficiente";"Colisão traseira";"Com Vítimas Feridas";"Plena Noite";"Decrescente";"Céu Claro";"Simples";"Declive";"Sim";2;0;1;0;1;0;1;2;-23,51329879;-51,70333922;"SPRF-PR";"DEL09-PR";"UOP01-DEL09-PR"
446967;2022-04-30;"sábado";"19:30:00";"SP";116;228;"SAO PAULO";"Ingestão de álcool pelo condutor";"Colisão traseira";"Sem Vítimas";"Plena Noite";"Crescente";"Céu Claro";"Dupla";"Reta";"Não";3;0;0;0;3;0;0;2;-23,50343484;-46,56638712;"SPRF-SP";"DEL01-SP";"UOP01-DEL01-SP"
446969;2022-04-30;"sábado";"20:00:00";"RN";101;25;"RIO DO FOGO";"Animais na Pista";"Atropelamento de Animal";"Com Vítimas Feridas";"Plena Noite";"Decrescente";"Céu Claro";"Simples";"Reta";"Não";1;0;1;0;0;0;1;1;-5,33164299;-35,40281399;"SPRF-RN";"DEL02-RN";"UOP01-DEL02-RN"
446970;2022-04-30;"sábado";"20:30:00";"RS";386;444;"CANOAS";"Animais na Pista";"Atropelamento de Animal";"Sem Vítimas";"Plena Noite";"Decrescente";"Chuva";"Múltipla";"Reta";"Não";2;0;0;0;2;0;0;1;-29,8911;-51,203064;"SPRF-RS";"DEL01-RS";"UOP01-DEL01-RS"
446973;2022-04-30;"sábado";"20:00:00";"SC";101;149;"ITAPEMA";"Ingestão de álcool e/ou substâncias psicoativas pelo pedestre";"Colisão frontal";"Com Vítimas Feridas";"Plena Noite";"Crescente";"Chuva";"Múltipla";"Reta";"Não";3;0;0;1;1;1;1;3;-27,1089649;-48,61277586;"SPRF-SC";"DEL04-SC";"UOP03-DEL04-SC"
446974;2022-04-30;"sábado";"20:45:00";"RJ";101;270;"RIO BONITO";"Condutor Dormindo";"Colisão com objeto";"Com Vítimas Feridas";"Plena Noite";"Decrescente";"Garoa/Chuvisco";"Dupla";"Reta";"Sim";1;0;1;0;0;0;1;1;-22,720381;-42,690736;"SPRF-RJ";"DEL02-RJ";"UOP03-DEL02-RJ"
446975;2022-04-30;"sábado";"19:30:00";"RS";285;112,6;"VACARIA";"Ingestão de álcool pelo condutor";"Colisão frontal";"Com Vítimas Feridas";"Plena Noite";"Crescente";"Nublado";"Simples";"Reta";"Não";4;0;1;0;3;0;1;2;-28,512346;-50,858364;"SPRF-RS";"DEL05-RS";"UOP03-DEL05-RS"
446978;2022-04-30;"sábado";"18:40:00";"SC";101;272,6;"IMBITUBA";"Reação tardia ou ineficiente do condutor";"Colisão com objeto";"Com Vítimas Feridas";"Plena Noite";"Crescente";"Céu Claro";"Dupla";"Reta";"Não";1;0;1;0;0;0;1;1;-28,11780197;-48,69928995;"SPRF-SC";"DEL02-SC";"UOP03-DEL02-SC"
446979;2022-04-30;"sábado";"19:00:00";"MG";381;510,2;"BETIM";"Transitar na contramão";"Colisão transversal";"Com Vítimas Feridas";"Plena Noite";"Crescente";"Nublado";"Múltipla";"Rotatória";"Sim";2;0;1;0;1;0;1;2;-20,05650404;-44,28592622;"SPRF-MG";"DEL01-MG";"UOP03-DEL01-MG"
446981;2022-04-30;"sábado";"20:30:00";"MG";116;279;"TEOFILO OTONI";"Ausência de reação do condutor";"Colisão lateral mesmo sentido";"Com Vítimas Feridas";"Plena Noite";"Decrescente";"Garoa/Chuvisco";"Simples";"Reta";"Não";2;0;1;0;1;0;1;2;-17,87634412;-41,52080762;"SPRF-MG";"DEL11-MG";"UOP01-DEL11-MG"
446982;2022-04-30;"sábado";"18:45:00";"RO";364;348;"JI-PARANA";"Ingestão de álcool pelo condutor";"Colisão traseira";"Com Vítimas Feridas";"Plena Noite";"Decrescente";"Ignorado";"Simples";"Reta";"Sim";2;0;1;1;0;0;2;2;-10,85591;-61,983213;"SPRF-RO";"DEL02-RO";"UOP01-DEL02-RO"
446983;2022-04-30;"sábado";"20:00:00";"AC";364;132;"RIO BRANCO";"Desrespeitar a preferência no cruzamento";"Colisão transversal";"Com Vítimas Feridas";"Plena Noite";"Crescente";"Céu Claro";"Simples";"Rotatória";"Sim";2;0;1;0;1;0;1;2;-10,01005063;-67,84552927;"SPRF-AC";"DEL01-AC";"UOP01-DEL01-AC"
446984;2022-04-30;"sábado";"20:00:00";"SP";153;158,3;"PROMISSAO";"Ausência de reação do condutor";"Colisão traseira";"Sem Vítimas";"Plena Noite";"Decrescente";"Céu Claro";"Simples";"Curva";"Não";2;0;0;0;2;0;0;2;-21,48929697;-49,77999964;"SPRF-SP";"DEL07-SP";"UOP01-DEL07-SP"
446985;2022-04-30;"sábado";"20:40:00";"CE";20;430;"FORTALEZA";"Reação tardia ou ineficiente do condutor";"Colisão lateral mesmo sentido";"Sem Vítimas";"Plena Noite";"Decrescente";"Céu Claro";"Dupla";"Viaduto";"Sim";2;0;0;0;2;0;0;2;-3,87182262;-38,49707007;"SPRF-CE";"DEL01-CE";"UOP02-DEL01-CE"
446986;2022-04-30;"sábado";"21:10:00";"SC";101;129,3;"BALNEARIO CAMBORIU";"Chuva";"Queda de ocupante de veículo";"Com Vítimas Feridas";"Plena Noite";"Crescente";"Chuva";"Múltipla";"Curva";"Não";1;0;1;0;0;0;1;1;-26,98064277;-48,6790679;"SPRF-SC";"DEL04-SC";"UOP03-DEL04-SC"
446987;2022-04-30;"sábado";"22:00:00";"AL";104;25;"UNIAO DOS PALMARES";"Ingestão de álcool pelo condutor";"Tombamento";"Com Vítimas Feridas";"Plena Noite";"Crescente";"Céu Claro";"Simples";"Reta";"Não";1;0;0;1;0;0;1;1;-9,0901211;-36,05202248;"SPRF-AL";"DEL01-AL";"UOP02-DEL01-AL"
446988;2022-04-30;"sábado";"21:20:00";"PR";277;673;"MEDIANEIRA";"Chuva";"Colisão traseira";"Com Vítimas Feridas";"Plena Noite";"Decrescente";"Chuva";"Dupla";"Reta";"Sim";1;0;1;0;0;0;1;1;-25,29056476;-54,10646111;"SPRF-PR";"DEL05-PR";"UOP01-DEL05-PR"
446989;2022-04-30;"sábado";"21:50:00";"GO";40;95;"CRISTALINA";"Acessar a via sem observar a presença dos outros veículos";"Colisão transversal";"Com Vítimas Feridas";"Plena Noite";"Crescente";"Céu Claro";"Simples";"Reta";"Sim";2;0;0;1;1;0;1;2;-16,750555;-47,607549;"SPRF-DF";"DEL01-DF";"UOP02-DEL01-DF"
446990;2022-04-30;"sábado";"21:30:00";"RJ";116;306;"RESENDE";"Deixar de acionar o farol da motocicleta (ou similar)";"Colisão frontal";"Com Vítimas Feridas";"Plena Noite";"Crescente";"Nublado";"Dupla";"Reta";"Sim";2;0;0;1;1;0;1;2;-22,45645538;-44,40259093;"SPRF-RJ";"DEL07-RJ";"UOP02-DEL07-RJ"
446991;2022-04-30;"sábado";"21:00:00";"PI";316;10;"TERESINA";"Ingestão de álcool pelo condutor";"Colisão com objeto";"Sem Vítimas";"Plena Noite";"Crescente";"Céu Claro";"Dupla";"Reta";"Sim";1;0;0;0;1;0;0;1;-5,18280197;-42,76350291;"SPRF-PI";"DEL01-PI";"UOP02-DEL01-PI"
446992;2022-04-30;"sábado";"22:08:00";"PB";230;170;"CAMPINA GRANDE";"Transitar na contramão";"Colisão frontal";"Com Vítimas Feridas";"Pleno dia";"Crescente";"Nublado";"Simples";"Reta";"Sim";2;0;1;0;1;0;1;2;-7,1806;-35,9873;"SPRF-PB";"DEL02-PB";"UOP02-DEL02-PB"
446993;2022-04-30;"sábado";"20:50:00";"SC";470;42,6;"BLUMENAU";"Ingestão de álcool pelo condutor";"Tombamento";"Com Vítimas Feridas";"Plena Noite";"Decrescente";"Chuva";"Simples";"Curva;Declive";"Sim";1;0;1;0;0;0;1;1;-26,875719;-49,003746;"SPRF-SC";"DEL04-SC";"UOP01-DEL04-SC"
446994;2022-04-30;"sábado";"20:00:00";"SC";282;136,5;"BOM RETIRO";"Animais na Pista";"Atropelamento de Animal";"Com Vítimas Feridas";"Plena Noite";"Crescente";"Garoa/Chuvisco";"Simples";"Reta";"Não";3;0;3;0;0;0;3;2;-27,817894;-49,558086;"SPRF-SC";"DEL05-SC";"UOP01-DEL05-SC"
446995;2022-04-30;"sábado";"21:10:00";"SC";480;130,9;"CHAPECO";"Ingestão de álcool pelo condutor";"Colisão frontal";"Com Vítimas Feridas";"Plena Noite";"Crescente";"Chuva";"Simples";"Reta";"Sim";5;0;3;1;1;0;4;2;-27,062667;-52,632698;"SPRF-SC";"DEL07-SC";"UOP01-DEL07-SC"
446996;2022-04-30;"sábado";"20:40:00";"RJ";493;76;"NOVA IGUACU";"Animais na Pista";"Saída de leito carroçável";"Com Vítimas Feridas";"Plena Noite";"Decrescente";"Chuva";"Dupla";"Reta";"Não";3;0;1;2;0;0;3;1;-22,68815174;-43,49521637;"SPRF-RJ";"DEL01-RJ";"UOP03-DEL01-RJ"
446997;2022-04-30;"sábado";"23:30:00";"SC";101;149;"ITAPEMA";"Chuva";"Capotamento";"Com Vítimas Feridas";"Plena Noite";"Decrescente";"Chuva";"Dupla";"Reta";"Sim";5;0;2;0;3;0;2;2;-27,1089649;-48,61277586;"SPRF-SC";"DEL04-SC";"UOP03-DEL04-SC"
446998;2022-04-30;"sábado";"23:30:00";"MA";222;207;"ITAPECURU MIRIM";"Velocidade Incompatível";"Queda de ocupante de veículo";"Com Vítimas Feridas";"Pleno dia";"Decrescente";"Céu Claro";"Simples";"Reta;Rotatória";"Sim";2;0;0;1;0;1;1;2;-3,39827306;-44,35676617;"SPRF-MA";"DEL01-MA";"UOP02-DEL01-MA"
446999;2022-04-30;"sábado";"23:10:00";"SP";116;145,7;"SAO JOSE DOS CAMPOS";"Ausência de reação do condutor";"Engavetamento";"Com Vítimas Feridas";"Pleno dia";"Decrescente";"Nublado";"Dupla";"Aclive";"Sim";4;0;0;1;3;0;1;4;-23,19122919;-45,86327591;"SPRF-SP";"DEL02-SP";"UOP01-DEL02-SP"
447000;2022-04-30;"sábado";"22:10:00";"PR";373;347,6;"GUARAPUAVA";"Ausência de reação do condutor";"Atropelamento de Pedestre";"Com Vítimas Fatais";"Plena Noite";"Crescente";"Céu Claro";"Simples";"Reta";"Não";2;1;0;0;1;0;0;2;-25,3734795;-51,501302;"SPRF-PR";"DEL08-PR";"UOP01-DEL08-PR"
447002;2022-04-30;"sábado";"16:00:00";"PE";232;125,9;"CARUARU";"Ingestão de álcool pelo condutor";"Colisão frontal";"Sem Vítimas";"Pleno dia";"Decrescente";"Céu Claro";"Simples";"Aclive";"Sim";2;0;0;0;2;0;0;2;-8,30807114;-35,94580097;"SPRF-PE";"DEL02-PE";"UOP01-DEL02-PE"
447003;2022-04-30;"sábado";"14:30:00";"MS";60;431,6;"SIDROLANDIA";"Velocidade Incompatível";"Saída de leito carroçável";"Com Vítimas Feridas";"Plena Noite";"Crescente";"Nublado";"Simples";"Interseção de Vias";"Não";1;0;0;1;0;0;1;1;-20,9765102;-54,9703413;"SPRF-MS";"DEL01-MS";"UOP04-DEL01-MS"
447004;2022-04-30;"sábado";"20:20:00";"RS";158;313,4;"ITAARA";"Neblina";"Colisão frontal";"Com Vítimas Feridas";"Plena Noite";"Decrescente";"Nevoeiro/Neblina";"Múltipla";"Reta;Aclive";"Sim";2;0;0;1;1;0;1;2;-29,64110369;-53,76211166;"SPRF-RS";"DEL09-RS";"UOP01-DEL09-RS"
447007;2022-04-30;"sábado";"16:52:00";"MA";316;619;"TIMON";"Reação tardia ou ineficiente do condutor";"Tombamento";"Com Vítimas Feridas";"Pleno dia";"Crescente";"Céu Claro";"Simples";"Aclive;Reta";"Sim";1;0;0;1;0;0;1;1;-5,119788;-42,824196;"SPRF-MA";"DEL03-MA";"UOP02-DEL03-MA"
447008;2022-04-30;"sábado";"23:48:00";"SP";116;139;"SAO JOSE DOS CAMPOS";"Manobra de mudança de faixa";"Colisão com objeto";"Com Vítimas Feridas";"Plena Noite";"Crescente";"Céu Claro";"Dupla";"Reta";"Sim";2;0;1;0;1;0;1;1;-23,16153216;-45,80400592;"SPRF-SP";"DEL02-SP";"UOP01-DEL02-SP"
447009;2022-04-30;"sábado";"23:00:00";"PR";277;420,2;"CANTAGALO";"Ingestão de álcool pelo condutor";"Colisão transversal";"Com Vítimas Feridas";"Plena Noite";"Decrescente";"Céu Claro";"Simples";"Aclive;Reta";"Sim";5;0;2;0;3;0;2;2;-25,4098909;-52,08839392;"SPRF-PR";"DEL04-PR";"UOP02-DEL04-PR"
447010;2022-05-01;"domingo";"00:20:00";"BA";324;626;"SALVADOR";"Ingestão de álcool e/ou substâncias psicoativas pelo pedestre";"Colisão com objeto";"Sem Vítimas";"Plena Noite";"Crescente";"Nublado";"Dupla";"Interseção de Vias;Curva";"Sim";1;0;0;0;1;0;0;1;-12,964727;-38,477176;"SPRF-BA";"DEL01-BA";"UOP01-DEL01-BA"
447011;2022-05-01;"domingo";"01:00:00";"SC";282;37,9;"AGUAS MORNAS";"Transitar na contramão";"Colisão frontal";"Com Vítimas Feridas";"Plena Noite";"Crescente";"Chuva";"Simples";"Reta";"Não";4;0;4;0;0;0;4;2;-27,707325;-48,842983;"SPRF-SC";"DEL01-SC";"UOP03-DEL01-SC"
447012;2022-05-01;"domingo";"00:20:00";"SC";282;336,3;"CAMPOS NOVOS";"Ausência de reação do condutor";"Saída de leito carroçável";"Com Vítimas Feridas";"Plena Noite";"Decrescente";"Nublado";"Simples";"Reta";"Não";1;0;1;0;0;0;1;1;-27,392557;-51,165817;"SPRF-SC";"DEL07-SC";"UOP06-DEL07-SC"
447014;2022-05-01;"domingo";"00:45:00";"MG";116;545,7;"SANTA RITA DE MINAS";"Condutor Dormindo";"Colisão com objeto";"Sem Vítimas";"Plena Noite";"Decrescente";"Céu Claro";"Simples";"Ponte";"Não";1;0;0;0;1;0;0;1;-19,92809401;-42,13103837;"SPRF-MG";"DEL06-MG";"UOP02-DEL06-MG"
447015;2022-05-01;"domingo";"00:30:00";"RS";472;591,5;"URUGUAIANA";"Reação tardia ou ineficiente do condutor";"Saída de leito carroçável";"Sem Vítimas";"Plena Noite";"Decrescente";"Nublado";"Simples";"Reta";"Não";1;0;0;0;1;0;0;1;-29,81963988;-57,09908529;"SPRF-RS";"DEL13-RS";"UOP01-DEL13-RS"
447016;2022-04-30;"sábado";"09:50:00";"PI";343;182,8;"PIRIPIRI";"Reação tardia ou ineficiente do condutor";"Saída de leito carroçável";"Com Vítimas Feridas";"Pleno dia";"Crescente";"Céu Claro";"Simples";"Reta";"Sim";1;0;0;1;0;0;1;1;-4,257154;-41,759956;"SPRF-PI";"DEL02-PI";"UOP01-DEL02-PI"
447018;2022-05-01;"domingo";"01:12:00";"SP";116;131,8;"CACAPAVA";"Ingestão de álcool pelo condutor";"Colisão traseira";"Com Vítimas Feridas";"Pleno dia";"Crescente";"Nublado";"Dupla";"Reta";"Sim";3;0;1;0;2;0;1;2;-23,12742083;-45,73636609;"SPRF-SP";"DEL02-SP";"UOP02-DEL02-SP"
447019;2022-05-01;"domingo";"01:30:00";"PI";316;0,6;"TERESINA";"Ingestão de álcool pelo condutor";"Colisão frontal";"Com Vítimas Feridas";"Plena Noite";"Crescente";"Nublado";"Simples";"Reta";"Sim";2;0;1;0;0;1;1;2;-5,131168;-42,81564;"SPRF-PI";"DEL01-PI";"UOP02-DEL01-PI"
447020;2022-05-01;"domingo";"02:00:00";"RS";471;177,9;"RIO PARDO";"Acumulo de água sobre o pavimento";"Saída de leito carroçável";"Com Vítimas Feridas";"Plena Noite";"Decrescente";"Chuva";"Simples";"Reta";"Não";1;0;1;0;0;0;1;1;-30,049238;-52,367653;"SPRF-RS";"DEL02-RS";"UOP03-DEL02-RS"
447021;2022-05-01;"domingo";"02:40:00";"PB";230;18,3;"JOAO PESSOA";"Condutor Dormindo";"Saída de leito carroçável";"Sem Vítimas";"Plena Noite";"Crescente";"Céu Claro";"Dupla";"Curva";"Sim";1;0;0;0;1;0;0;1;-7,12686635;-34,8456735;"SPRF-PB";"DEL01-PB";"UOP01-DEL01-PB"
447023;2022-05-01;"domingo";"02:30:00";"RS";116;573,9;"PEDRO OSORIO";"Animais na Pista";"Atropelamento de Animal";"Sem Vítimas";"Plena Noite";"Decrescente";"Céu Claro";"Simples";"Reta";"Não";2;0;0;0;2;0;0;1;-31,9825598764;-52,795895125;"SPRF-RS";"DEL07-RS";"UOP03-DEL07-RS"
447024;2022-05-01;"domingo";"01:15:00";"PR";277;76;"SAO JOSE DOS PINHAIS";"Velocidade Incompatível";"Colisão traseira";"Com Vítimas Feridas";"Plena Noite";"Decrescente";"Céu Claro";"Dupla";"Reta";"Não";4;0;0;1;2;1;1;3;-25,51327981;-49,12433291;"SPRF-PR";"DEL01-PR";"UOP01-DEL01-PR"
447025;2022-05-01;"domingo";"02:00:00";"MT";364;380;"SANTO ANTONIO DO LEVERGER";"Condutor Dormindo";"Saída de leito carroçável";"Com Vítimas Feridas";"Plena Noite";"Crescente";"Céu Claro";"Dupla";"Reta";"Não";1;0;1;0;0;0;1;1;-15,70337385;-55,764222;"SPRF-MT";"DEL01-MT";"UOP02-DEL01-MT"
447026;2022-05-01;"domingo";"02:15:00";"PR";277;71;"SAO JOSE DOS PINHAIS";"Ausência de reação do condutor";"Saída de leito carroçável";"Com Vítimas Feridas";"Plena Noite";"Crescente";"Nublado";"Dupla";"Reta";"Não";2;0;0;1;1;0;1;2;-25,52920381;-49,08862791;"SPRF-PR";"DEL01-PR";"UOP01-DEL01-PR"
447028;2022-05-01;"domingo";"03:00:00";"PR";277;77;"SAO JOSE DOS PINHAIS";"Ausência de reação do condutor";"Colisão com objeto";"Com Vítimas Feridas";"Plena Noite";"Crescente";"Céu Claro";"Dupla";"Declive;Reta";"Sim";3;0;3;0;0;0;3;1;-25,51327981;-49,12433291;"SPRF-PR";"DEL01-PR";"UOP01-DEL01-PR"
447029;2022-05-01;"domingo";"04:00:00";"SP";116;47,7;"CANAS";"Reação tardia ou ineficiente do condutor";"Tombamento";"Com Vítimas Fatais";"Amanhecer";"Crescente";"Céu Claro";"Dupla";"Reta";"Não";1;1;0;0;0;0;0;1;-22,71946606;-45,06109596;"SPRF-SP";"DEL08-SP";"UOP02-DEL08-SP"
447030;2022-05-01;"domingo";"04:30:00";"SC";101;139;"BALNEARIO CAMBORIU";"Ingestão de álcool pelo condutor";"Colisão com objeto";"Sem Vítimas";"Plena Noite";"Crescente";"Céu Claro";"Dupla";"Reta";"Não";1;0;0;0;1;0;0;1;-27,02982303;-48,60115006;"SPRF-SC";"DEL04-SC";"UOP03-DEL04-SC"
447032;2022-05-01;"domingo";"04:30:00";"MG";262;30,8;"MANHUACU";"Transitar na contramão";"Colisão frontal";"Com Vítimas Feridas";"Plena Noite";"Crescente";"Céu Claro";"Simples";"Curva";"Não";4;0;4;0;0;0;4;2;-20,25053259;-41,98730227;"SPRF-MG";"DEL06-MG";"UOP03-DEL06-MG"