"id";"data_inversa";"dia_semana";"horario";"uf";"br";"km";"municipio";"causa_acidente";"tipo_acidente";"classificacao_acidente";"fase_dia";"sentido_via";"condicao_metereologica";"tipo_pista";"tracado_via";"uso_solo";"pessoas";"mortos";"feridos_leves";"feridos_graves";"ilesos";"ignorados";"feridos";"veiculos";"latitude";"longitude";"regional";"delegacia";"uop"
447150;2022-05-01;"domingo";"18:05:00";"SE";101;93;"NOSSA SENHORA DO SOCORRO";"Ingestão de álcool pelo condutor";"Queda de ocupante de veículo";"Com Vítimas Feridas";"Plena Noite";"Decrescente";"Ignorado";"Dupla";"Curva";"Não";2;0;2;0;0;0;2;1;-10,90212319;-37,14494787;"SPRF-SE";"DEL01-SE";"UOP01-DEL01-SE"
447151;2022-05-01;"domingo";"17:10:00";"PA";163;997;"SANTAREM";"Demais falhas mecânicas ou elétricas";"Tombamento";"Com Vítimas Feridas";"Pleno dia";"Crescente";"Céu Claro";"Simples";"Curva;Declive";"Não";3;0;2;0;0;1;2;2;-2,49783536;-54,73382218;"SPRF-PA";"DEL05-PA";"UOP01-DEL05-PA"
447152;2022-05-01;"domingo";"17:30:00";"RJ";493;84;"JAPERI";"Demais falhas mecânicas ou elétricas";"Queda de ocupante de veículo";"Com Vítimas Feridas";"Anoitecer";"Crescente";"Céu Claro";"Dupla";"Reta";"Não";2;0;2;0;0;0;2;1;-22,67262983;-43,65383148;"SPRF-RJ";"DEL01-RJ";"UOP03-DEL01-RJ"
447153;2022-05-01;"domingo";"17:50:00";"SC";101;196;"BIGUACU";"Reação tardia ou ineficiente do condutor";"Colisão com objeto";"Com Vítimas Feridas";"Anoitecer";"Decrescente";"Nublado";"Dupla";"Reta";"Sim";1;0;1;0;0;0;1;1;-27,51101091;-48,64322292;"SPRF-SC";"DEL01-SC";"UOP01-DEL01-SC"
447155;2022-05-01;"domingo";"18:10:00";"MG";262;190;"BELA VISTA DE MINAS";"Ultrapassagem Indevida";"Colisão frontal";"Com Vítimas Feridas";"Plena Noite";"Decrescente";"Céu Claro";"Simples";"Reta";"Não";6;0;5;0;1;0;5;3;-19,88232457;-43,06905078;"SPRF-MG";"DEL03-MG";"UOP01-DEL03-MG"
447156;2022-05-01;"domingo";"18:25:00";"GO";153;431;"ANAPOLIS";"Ingestão de álcool pelo condutor";"Colisão traseira";"Com Vítimas Feridas";"Plena Noite";"Crescente";"Céu Claro";"Dupla";"Declive";"Sim";4;0;0;2;2;0;2;2;-16,258045;-48,988403;"SPRF-GO";"DEL02-GO";"UOP01-DEL02-GO"
447157;2022-05-01;"domingo";"18:30:00";"PI";402;36;"PARNAIBA";"Ingestão de álcool pelo condutor";"Queda de ocupante de veículo";"Com Vítimas Feridas";"Plena Noite";"Decrescente";"Céu Claro";"Simples";"Reta";"Não";2;0;1;0;1;0;1;2;-2,94427636;-41,7359143;"SPRF-PI";"DEL05-PI";"UOP01-DEL05-PI"
447160;2022-05-01;"domingo";"18:10:00";"SC";470;8,7;"NAVEGANTES";"Conversão proibida";"Colisão transversal";"Com Vítimas Feridas";"Plena Noite";"Crescente";"Garoa/Chuvisco";"Simples";"Reta";"Não";2;0;2;0;0;0;2;2;-26,83688;-48,718853;"SPRF-SC";"DEL04-SC";"UOP04-DEL04-SC"
447161;2022-05-01;"domingo";"18:35:00";"RN";226;11;"MACAIBA";"Problema com o freio";"Queda de ocupante de veículo";"Com Vítimas Feridas";"Plena Noite";"Decrescente";"Ignorado";"Simples";"Curva";"Sim";1;0;1;0;0;0;1;1;-5,84572966;-35,30339507;"SPRF-RN";"DEL01-RN";"UOP02-DEL01-RN"
447162;2022-05-01;"domingo";"16:50:00";"RJ";40;111;"DUQUE DE CAXIAS";"Reação tardia ou ineficiente do condutor";"Tombamento";"Com Vítimas Feridas";"Pleno dia";"Crescente";"Céu Claro";"Múltipla";"Aclive";"Sim";2;0;1;0;1;0;1;1;-22,691868;-43,287453;"SPRF-RJ";"DEL01-RJ";"UOP01-DEL01-RJ"
447164;2022-05-01;"domingo";"17:55:00";"MG";40;509,9;"RIBEIRAO DAS NEVES";"Ingestão de álcool pelo condutor";"Colisão traseira";"Sem Vítimas";"Anoitecer";"Crescente";"Céu Claro";"Dupla";"Reta;Declive";"Não";9;0;0;0;9;0;0;2;-19,77165084;-44,12607193;"SPRF-MG";"DEL01-MG";"UOP02-DEL01-MG"
447165;2022-05-01;"domingo";"17:30:00";"PR";476;117;"COLOMBO";"Ingestão de álcool pelo condutor";"Colisão traseira";"Com Vítimas Feridas";"Anoitecer";"Crescente";"Céu Claro";"Dupla";"Curva";"Sim";3;0;2;0;1;0;2;3;-25,348623;-49,175663;"SPRF-PR";"DEL01-PR";"UOP01-DEL01-PR"
447166;2022-05-01;"domingo";"18:04:00";"PE";101;63;"RECIFE";"Acessar a via sem observar a presença dos outros veículos";"Tombamento";"Com Vítimas Feridas";"Plena Noite";"Crescente";"Chuva";"Dupla";"Rotatória";"Sim";2;0;1;0;1;0;1;2;-8,009491;-34,938237;"SPRF-PE";"DEL01-PE";"UOP01-DEL01-PE"
447167;2022-05-01;"domingo";"18:30:00";"SP";116;65;"GUARATINGUETA";"Estacionar ou parar em local proibido";"Tombamento";"Com Vítimas Feridas";"Plena Noite";"Crescente";"Céu Claro";"Dupla";"Interseção de Vias;Viaduto;Aclive;Reta";"Sim";4;0;3;0;0;1;3;3;-22,823273;-45,192806;"SPRF-SP";"DEL08-SP";"UOP01-DEL08-SP"
447169;2022-05-01;"domingo";"19:25:00";"MG";381;501;"BETIM";"Condutor deixou de manter distância do veículo da frente";"Colisão traseira";"Com Vítimas Feridas";"Plena Noite";"Decrescente";"Céu Claro";"Dupla";"Curva;Aclive";"Sim";3;0;1;1;1;0;2;2;-20,03146447;-44,2377893;"SPRF-MG";"DEL01-MG";"UOP03-DEL01-MG"
447170;2022-05-01;"domingo";"19:00:00";"PI";343;337,9;"TERESINA";"Condutor deixou de manter distância do veículo da frente";"Colisão traseira";"Com Vítimas Feridas";"Plena Noite";"Decrescente";"Céu Claro";"Múltipla";"Aclive";"Sim";3;0;0;1;2;0;1;3;-5,063362;-42,722912;"SPRF-PI";"DEL01-PI";"UOP01-DEL01-PI"
447171;2022-05-01;"domingo";"18:30:00";"MG";116;763;"LEOPOLDINA";"Acessar a via sem observar a presença dos outros veículos";"Colisão transversal";"Com Vítimas Feridas";"Plena Noite";"Decrescente";"Céu Claro";"Simples";"Interseção de Vias";"Sim";3;0;2;0;1;0;2;2;-21,52635545;-42,63256914;"SPRF-MG";"DEL07-MG";"UOP01-DEL07-MG"
447173;2022-05-01;"domingo";"19:25:00";"RS";392;19,5;"RIO GRANDE";"Entrada inopinada do pedestre";"Atropelamento de Pedestre";"Com Vítimas Fatais";"Plena Noite";"Decrescente";"Céu Claro";"Dupla";"Reta";"Sim";5;1;0;0;4;0;0;2;-32,0879243;-52,18669807;"SPRF-RS";"DEL07-RS";"UOP02-DEL07-RS"
447174;2022-05-01;"domingo";"18:10:00";"MG";262;811,1;"UBERABA";"Avarias e/ou desgaste excessivo no pneu";"Saída de leito carroçável";"Com Vítimas Feridas";"Pleno dia";"Decrescente";"Céu Claro";"Dupla";"Reta";"Sim";2;0;2;0;0;0;2;1;-19,768509;-47,984473;"SPRF-MG";"DEL13-MG";"UOP01-DEL13-MG"
447175;2022-05-01;"domingo";"18:40:00";"PR";476;312,4;"PAULO FRONTIN";"Velocidade Incompatível";"Saída de leito carroçável";"Sem Vítimas";"Plena Noite";"Decrescente";"Nublado";"Simples";"Curva";"Não";1;0;0;0;0;1;0;1;-26,034035;-50,698009;"SPRF-PR";"DEL02-PR";"UOP04-DEL02-PR"
447177;2022-05-01;"domingo";"16:40:00";"SC";280;73;"JARAGUA DO SUL";"Acessar a via sem observar a presença dos outros veículos";"Colisão transversal";"Com Vítimas Feridas";"Pleno dia";"Decrescente";"Céu Claro";"Simples";"Reta";"Não";3;0;0;2;0;1;2;2;-26,45917102;-49,15245;"SPRF-SC";"DEL03-SC";"UOP03-DEL03-SC"
447178;2022-05-01;"domingo";"19:40:00";"BA";116;298;"TUCANO";"Ausência de reação do condutor";"Colisão frontal";"Com Vítimas Fatais";"Plena Noite";"Crescente";"Céu Claro";"Simples";"Reta";"Não";11;1;5;3;2;0;8;2;-11,15889615;-38,85224367;"SPRF-BA";"DEL02-BA";"UOP01-DEL02-BA"
447179;2022-05-01;"domingo";"18:30:00";"MS";60;134;"PARAISO DAS AGUAS";"Pista em desnível";"Saída de leito carroçável";"Com Vítimas Feridas";"Plena Noite";"Crescente";"Céu Claro";"Simples";"Reta";"Não";5;0;3;0;2;0;3;1;-19,35302464;-53,52517707;"SPRF-MS";"DEL06-MS";"UOP02-DEL06-MS"
447181;2022-05-01;"domingo";"17:52:00";"ES";101;288,1;"CARIACICA";"Acessar a via sem observar a presença dos outros veículos";"Colisão traseira";"Com Vítimas Feridas";"Plena Noite";"Crescente";"Céu Claro";"Dupla";"Curva";"Sim";3;0;2;0;1;0;2;2;-20,27343922;-40,39193273;"SPRF-ES";"DEL01-ES";"UOP01-DEL01-ES"
447182;2022-05-01;"domingo";"19:30:00";"MG";40;780,1;"JUIZ DE FORA";"Deficiência do Sistema de Iluminação/Sinalização";"Colisão traseira";"Com Vítimas Feridas";"Plena Noite";"Decrescente";"Ignorado";"Dupla";"Curva";"Não";3;0;0;2;0;1;2;3;-21,67939981;-43,44987329;"SPRF-MG";"DEL05-MG";"UOP01-DEL05-MG"
447184;2022-05-01;"domingo";"17:10:00";"MG";116;733,8;"LARANJAL";"Acessar a via sem observar a presença dos outros veículos";"Colisão frontal";"Sem Vítimas";"Pleno dia";"Crescente";"Sol";"Simples";"Reta";"Sim";2;0;0;0;2;0;0;2;-21,32175411;-42,44827878;"SPRF-MG";"DEL07-MG";"UOP02-DEL07-MG"
447186;2022-05-01;"domingo";"20:10:00";"RS";116;250;"SAO LEOPOLDO";"Manobra de mudança de faixa";"Colisão lateral mesmo sentido";"Sem Vítimas";"Plena Noite";"Decrescente";"Garoa/Chuvisco";"Múltipla";"Reta";"Sim";2;0;0;0;2;0;0;2;-29,79148798;-51,16399615;"SPRF-RS";"DEL01-RS";"UOP02-DEL01-RS"
447187;2022-05-01;"domingo";"12:50:00";"SP";116;306;"SAO LOURENCO DA SERRA";"Ausência de reação do condutor";"Queda de ocupante de veículo";"Com Vítimas Feridas";"Pleno dia";"Decrescente";"Céu Claro";"Múltipla";"Reta";"Não";1;0;1;0;0;0;1;1;-23,8486091;-46,93801566;"SPRF-SP";"DEL04-SP";"UOP01-DEL04-SP"
447188;2022-05-01;"domingo";"15:30:00";"PR";277;62;"SAO JOSE DOS PINHAIS";"Participar de racha";"Colisão lateral sentido oposto";"Sem Vítimas";"Pleno dia";"Decrescente";"Céu Claro";"Dupla";"Reta";"Não";2;0;0;0;2;0;0;2;-25,56498129;-49,00825813;"SPRF-PR";"DEL01-PR";"UOP01-DEL01-PR"
447190;2022-05-01;"domingo";"20:00:00";"PR";369;182;"ARAPONGAS";"Ingestão de álcool pelo condutor";"Colisão lateral sentido oposto";"Com Vítimas Feridas";"Plena Noite";"Crescente";"Céu Claro";"Dupla";"Reta";"Sim";2;0;1;0;1;0;1;2;-23,38328178;-51,41845107;"SPRF-PR";"DEL07-PR";"UOP03-DEL07-PR"
447191;2022-05-01;"domingo";"19:15:00";"PR";369;182;"ARAPONGAS";"Ausência de reação do condutor";"Colisão traseira";"Com Vítimas Feridas";"Plena Noite";"Decrescente";"Céu Claro";"Dupla";"Reta";"Sim";2;0;1;0;1;0;1;2;-23,38722664;-51,42032862;"SPRF-PR";"DEL07-PR";"UOP03-DEL07-PR"
447192;2022-05-01;"domingo";"20:00:00";"PR";376;595;"CURITIBA";"Ingestão de álcool pelo condutor";"Colisão traseira";"Sem Vítimas";"Plena Noite";"Decrescente";"Céu Claro";"Dupla";"Reta";"Sim";2;0;0;0;2;0;0;2;-25,49317991;-49,34370776;"SPRF-PR";"DEL01-PR";"UOP06-DEL01-PR"
447193;2022-05-01;"domingo";"19:30:00";"GO";40;9;"LUZIANIA";"Condutor Dormindo";"Saída de leito carroçável";"Com Vítimas Feridas";"Plena Noite";"Decrescente";"Céu Claro";"Dupla";"Reta";"Não";1;0;0;1;0;0;1;1;-16,131158;-47,957739;"SPRF-DF";"DEL01-DF";"UOP01-DEL01-DF"
447194;2022-05-01;"domingo";"17:32:00";"PI";407;579;"PAULISTANA";"Conversão proibida";"Colisão transversal";"Com Vítimas Feridas";"Anoitecer";"Crescente";"Céu Claro";"Simples";"Reta";"Não";3;0;0;2;1;0;2;2;-8,17492275;-41,11388356;"SPRF-PI";"DEL04-PI";"UOP01-DEL04-PI"
447195;2022-05-01;"domingo";"19:30:00";"SC";101;46,1;"JOINVILLE";"Pedestre andava na pista";"Atropelamento de Pedestre";"Com Vítimas Fatais";"Plena Noite";"Decrescente";"Nublado";"Múltipla";"Reta";"Sim";5;1;1;0;2;1;1;2;-26,358934;-48,858664;"SPRF-SC";"DEL03-SC";"UOP01-DEL03-SC"
447196;2022-05-01;"domingo";"20:00:00";"ES";101;299;"VIANA";"Avarias e/ou desgaste excessivo no pneu";"Queda de ocupante de veículo";"Com Vítimas Feridas";"Plena Noite";"Crescente";"Céu Claro";"Dupla";"Reta";"Sim";2;0;2;0;0;0;2;1;-20,35860628;-40,42327504;"SPRF-ES";"DEL01-ES";"UOP01-DEL01-ES"
447197;2022-05-01;"domingo";"20:10:00";"ES";262;174;"IBATIBA";"Acessar a via sem observar a presença dos outros veículos";"Colisão transversal";"Sem Vítimas";"Plena Noite";"Crescente";"Nublado";"Simples";"Reta";"Não";2;0;0;0;2;0;0;2;-20,27069252;-41,62018606;"SPRF-ES";"DEL01-ES";"UOP02-DEL01-ES"
447198;2022-05-01;"domingo";"19:00:00";"MT";364;264;"SAO PEDRO DA CIPA";"Ingestão de álcool pelo condutor";"Colisão traseira";"Sem Vítimas";"Plena Noite";"Decrescente";"Nublado";"Simples";"Reta";"Sim";2;0;0;0;2;0;0;2;-16,00786591;-54,91642714;"SPRF-MT";"DEL02-MT";"UOP01-DEL02-MT"
447199;2022-05-01;"domingo";"19:15:00";"MS";359;150,8;"ALCINOPOLIS";"Reação tardia ou ineficiente do condutor";"Saída de leito carroçável";"Sem Vítimas";"Plena Noite";"Crescente";"Céu Claro";"Simples";"Curva";"Não";1;0;0;0;0;1;0;1;-18,26732985;-54,09137804;"SPRF-MS";"DEL06-MS";"UOP01-DEL06-MS"
447200;2022-05-02;"segunda-feira";"01:30:00";"SP";116;220,2;"GUARULHOS";"Ausência de reação do condutor";"Colisão com objeto";"Sem Vítimas";"Plena Noite";"Decrescente";"Céu Claro";"Múltipla";"Reta";"Sim";1;0;0;0;1;0;0;1;-23,46472809;-46,49793962;"SPRF-SP";"DEL01-SP";"UOP01-DEL01-SP"
447201;2022-05-01;"domingo";"18:00:00";"PE";428;78,5;"SANTA MARIA DA BOA VISTA";"Iluminação deficiente";"Colisão traseira";"Com Vítimas Fatais";"Anoitecer";"Crescente";"Céu Claro";"Simples";"Reta";"Não";2;1;0;0;1;0;0;2;-8,75460986;-39,80350515;"SPRF-PE";"DEL06-PE";"UOP03-DEL06-PE"
447202;2022-05-01;"domingo";"19:03:00";"AL";101;209;"SAO SEBASTIAO";"Ingestão de álcool pelo condutor";"Saída de leito carroçável";"Sem Vítimas";"Plena Noite";"Crescente";"Ignorado";"Simples";"Aclive";"Não";1;0;0;0;0;1;0;1;-9,99754289;-36,60135905;"SPRF-AL";"DEL02-AL";"UOP02-DEL02-AL"
447203;2022-05-01;"domingo";"16:30:00";"MT";174;1;"PONTES E LACERDA";"Ausência de reação do condutor";"Atropelamento de Animal";"Com Vítimas Feridas";"Anoitecer";"Decrescente";"Céu Claro";"Simples";"Reta";"Sim";1;0;1;0;0;0;1;1;-15,226537;-59,335728;"SPRF-MT";"DEL04-MT";"UOP01-DEL04-MT"
447205;2022-05-01;"domingo";"22:00:00";"DF";70;11,3;"BRASILIA";"Ultrapassagem Indevida";"Colisão traseira";"Com Vítimas Feridas";"Plena Noite";"Crescente";"Céu Claro";"Dupla";"Reta";"Sim";2;0;1;0;1;0;1;2;-15,789762;-48,148727;"SPRF-DF";"DEL03-DF";"UOP02-DEL03-DF"
447206;2022-05-01;"domingo";"21:30:00";"SP";116;282;"EMBU DAS ARTES";"Transitar na contramão";"Colisão frontal";"Com Vítimas Feridas";"Plena Noite";"Crescente";"Nublado";"Dupla";"Retorno Regulamentado";"Sim";3;0;3;0;0;0;3;2;-23,68570216;-46,85970975;"SPRF-SP";"DEL04-SP";"UOP01-DEL04-SP"
447207;2022-05-01;"domingo";"21:40:00";"SC";282;17,9;"PALHOCA";"Desrespeitar a preferência no cruzamento";"Colisão transversal";"Com Vítimas Feridas";"Plena Noite";"Crescente";"Garoa/Chuvisco";"Simples";"Reta;Interseção de Vias";"Sim";2;0;0;1;1;0;1;2;-27,665707;-48,688065;"SPRF-SC";"DEL01-SC";"UOP02-DEL01-SC"
447209;2022-05-01;"domingo";"20:00:00";"PA";163;989;"SANTAREM";"Transitar na contramão";"Colisão lateral sentido oposto";"Com Vítimas Feridas";"Plena Noite";"Crescente";"Céu Claro";"Simples";"Reta";"Não";6;0;0;1;5;0;1;2;-2,565797;-54,721375;"SPRF-PA";"DEL05-PA";"UOP01-DEL05-PA"
447210;2022-05-01;"domingo";"23:00:00";"TO";153;694,3;"CARIRI DO TOCANTINS";"Animais na Pista";"Saída de leito carroçável";"Com Vítimas Feridas";"Plena Noite";"Crescente";"Céu Claro";"Simples";"Reta";"Não";2;0;1;0;1;0;1;1;-11,91192015;-49,1761127;"SPRF-TO";"DEL01-TO";"UOP02-DEL01-TO"
447212;2022-05-01;"domingo";"21:20:00";"RJ";116;317;"ITATIAIA";"Desrespeitar a preferência no cruzamento";"Atropelamento de Pedestre";"Com Vítimas Feridas";"Plena Noite";"Crescente";"Céu Claro";"Múltipla";"Curva";"Sim";3;0;1;2;0;0;3;2;-22,46708478;-44,50067002;"SPRF-RJ";"DEL07-RJ";"UOP02-DEL07-RJ"
447213;2022-05-01;"domingo";"23:00:00";"GO";40;0,2;"VALPARAISO DE GOIAS";"Reação tardia ou ineficiente do condutor";"Colisão traseira";"Com Vítimas Feridas";"Plena Noite";"Crescente";"Céu Claro";"Dupla";"Reta";"Sim";3;0;1;0;1;1;1;2;-16,058273;-47,982655;"SPRF-DF";"DEL01-DF";"UOP01-DEL01-DF"
447214;2022-05-01;"domingo";"18:40:00";"PR";376;545,1;"PALMEIRA";"Reação tardia ou ineficiente do condutor";"Colisão com objeto";"Com Vítimas Feridas";"Plena Noite";"Decrescente";"Nublado";"Dupla";"Reta;Declive";"Não";7;0;1;0;6;0;1;1;-25,44564183;-49,7424898;"SPRF-PR";"DEL03-PR";"UOP03-DEL03-PR"
447215;2022-05-01;"domingo";"22:25:00";"PI";316;7;"TERESINA";"Ausência de reação do condutor";"Colisão com objeto";"Com Vítimas Feridas";"Plena Noite";"Crescente";"Céu Claro";"Dupla";"Reta";"Sim";4;0;4;0;0;0;4;1;-5,15584638;-42,77173332;"SPRF-PI";"DEL01-PI";"UOP02-DEL01-PI"
447219;2022-05-02;"segunda-feira";"00:12:00";"RS";386;15,3;"FREDERICO WESTPHALEN";"Velocidade Incompatível";"Saída de leito carroçável";"Com Vítimas Fatais";"Plena Noite";"Crescente";"Nevoeiro/Neblina";"Simples";"Reta";"Não";2;2;0;0;0;0;0;1;-27,23870715;-53,33367521;"SPRF-RS";"DEL08-RS";"UOP02-DEL08-RS"
447220;2022-05-01;"domingo";"18:55:00";"PR";277;497,3;"GUARANIACU";"Manobra de mudança de faixa";"Colisão frontal";"Com Vítimas Feridas";"Anoitecer";"Decrescente";"Céu Claro";"Simples";"Reta";"Não";2;0;2;0;0;0;2;2;-25,18600354;-52,66295324;"SPRF-PR";"DEL04-PR";"UOP01-DEL04-PR"
447221;2022-05-01;"domingo";"23:40:00";"RJ";116;127;"MAGE";"Velocidade Incompatível";"Saída de leito carroçável";"Sem Vítimas";"Plena Noite";"Decrescente";"Céu Claro";"Dupla";"Curva";"Não";1;0;0;0;0;1;0;1;-22,66137035;-43,09295957;"SPRF-RJ";"DEL04-RJ";"UOP02-DEL04-RJ"
447222;2022-05-01;"domingo";"20:50:00";"SC";470;142,4;"RIO DO SUL";"Transitar na contramão";"Colisão frontal";"Com Vítimas Fatais";"Plena Noite";"Crescente";"Nublado";"Simples";"Curva";"Não";3;1;0;0;2;0;0;2;-27,21555621;-49,65313911;"SPRF-SC";"DEL04-SC";"UOP02-DEL04-SC"
447225;2022-05-01;"domingo";"21:50:00";"TO";153;560,7;"FATIMA";"Velocidade Incompatível";"Queda de ocupante de veículo";"Com Vítimas Feridas";"Plena Noite";"Decrescente";"Céu Claro";"Dupla";"Reta";"Sim";2;0;0;2;0;0;2;1;-10,7521701;-48,90226007;"SPRF-TO";"DEL01-TO";"UOP01-DEL01-TO"
447226;2022-05-01;"domingo";"22:00:00";"RR";174;450;"MUCAJAI";"Acessar a via sem observar a presença dos outros veículos";"Colisão frontal";"Com Vítimas Feridas";"Plena Noite";"Crescente";"Céu Claro";"Simples";"Reta";"Sim";4;0;2;0;1;1;2;3;2,458398;-60,918434;"SPRF-RR";"DEL01-RR";"UOP01-DEL01-RR"
447229;2022-05-02;"segunda-feira";"00:30:00";"PR";272;390,6;"FAROL";"Condutor Dormindo";"Saída de leito carroçável";"Com Vítimas Feridas";"Plena Noite";"Decrescente";"Nublado";"Simples";"Reta";"Não";1;0;1;0;0;0;1;1;-24,08118154;-52,60671207;"SPRF-PR";"DEL09-PR";"UOP03-DEL09-PR"
447230;2022-05-01;"domingo";"23:45:00";"BA";101;353,1;"TEOLANDIA";"Transitar na contramão";"Colisão frontal";"Com Vítimas Fatais";"Plena Noite";"Crescente";"Nevoeiro/Neblina";"Simples";"Declive";"Não";3;2;1;0;0;0;1;2;-13,6452804;-39,4859727;"SPRF-BA";"DEL05-BA";"UOP03-DEL05-BA"
447232;2022-05-01;"domingo";"18:40:00";"SP";116;186;"SANTA ISABEL";"Frear bruscamente";"Tombamento";"Com Vítimas Feridas";"Anoitecer";"Decrescente";"Garoa/Chuvisco";"Dupla";"Curva;Retorno Regulamentado";"Não";2;0;1;0;1;0;1;1;-23,35220682;-46,19934905;"SPRF-SP";"DEL01-SP";"UOP01-DEL01-SP"
447235;2022-05-02;"segunda-feira";"00:30:00";"RN";405;163,1;"RAFAEL FERNANDES";"Reação tardia ou ineficiente do condutor";"Atropelamento de Animal";"Com Vítimas Feridas";"Plena Noite";"Crescente";"Céu Claro";"Simples";"Reta";"Não";2;0;1;1;0;0;2;1;-6,21489653;-38,23204738;"SPRF-RN";"DEL04-RN";"UOP02-DEL04-RN"
447237;2022-05-02;"segunda-feira";"03:00:00";"SC";101;41;"JOINVILLE";"Ingestão de álcool pelo condutor";"Saída de leito carroçável";"Com Vítimas Feridas";"Plena Noite";"Crescente";"Chuva";"Dupla";"Curva";"Não";1;0;1;0;0;0;1;1;-26,31693059;-48,8733995;"SPRF-SC";"DEL03-SC";"UOP01-DEL03-SC"
447239;2022-05-02;"segunda-feira";"03:00:00";"MG";116;239;"TEOFILO OTONI";"Transitar no acostamento";"Colisão com objeto";"Com Vítimas Feridas";"Plena Noite";"Decrescente";"Céu Claro";"Simples";"Reta";"Não";2;0;2;0;0;0;2;1;-17,56300884;-41,47231077;"SPRF-MG";"DEL11-MG";"UOP01-DEL11-MG"
447241;2022-05-02;"segunda-feira";"05:33:00";"GO";60;97,4;"ANAPOLIS";"Animais na Pista";"Tombamento";"Com Vítimas Feridas";"Amanhecer";"Crescente";"Céu Claro";"Dupla";"Reta";"Sim";1;0;1;0;0;0;1;1;-16,371;-48,9422;"SPRF-GO";"DEL02-GO";"UOP01-DEL02-GO"
447242;2022-05-02;"segunda-feira";"05:15:00";"RJ";101;243;"SILVA JARDIM";"Ausência de reação do condutor";"Colisão traseira";"Com Vítimas Feridas";"Amanhecer";"Crescente";"Nevoeiro/Neblina";"Dupla";"Reta";"Não";2;0;1;0;1;0;1;2;-22,63851918;-42,46410394;"SPRF-RJ";"DEL02-RJ";"UOP03-DEL02-RJ"
447245;2022-05-01;"domingo";"21:30:00";"PB";230;249;"JUAZEIRINHO";"Acessar a via sem observar a presença dos outros veículos";"Colisão transversal";"Sem Vítimas";"Plena Noite";"Crescente";"Céu Claro";"Simples";"Reta";"Não";1;0;0;0;0;1;0;1;-7,0661;-36,6441;"SPRF-PB";"DEL02-PB";"UOP02-DEL02-PB"
447248;2022-05-02;"segunda-feira";"05:15:00";"MS";163;614;"SAO GABRIEL DO OESTE";"Conversão proibida";"Colisão transversal";"Com Vítimas Feridas";"Amanhecer";"Decrescente";"Céu Claro";"Simples";"Reta";"Sim";6;0;1;0;5;0;1;2;-19,40628803;-54,56100005;"SPRF-MS";"DEL06-MS";"UOP02-DEL06-MS"
447249;2022-05-02;"segunda-feira";"05:55:00";"PR";277;320;"GUARAPUAVA";"Velocidade Incompatível";"Saída de leito carroçável";"Sem Vítimas";"Amanhecer";"Decrescente";"Céu Claro";"Simples";"Curva";"Não";1;0;0;0;0;1;0;1;-25,34744404;-51,22120097;"SPRF-PR";"DEL08-PR";"UOP01-DEL08-PR"
447251;2022-05-02;"segunda-feira";"00:00:00";"SC";282;659,6;"SAO MIGUEL DO OESTE";"Ingestão de álcool pelo condutor";"Colisão lateral sentido oposto";"Com Vítimas Feridas";"Plena Noite";"Decrescente";"Céu Claro";"Simples";"Reta";"Não";3;0;2;1;0;0;3;2;-26,672712;-53,569472;"SPRF-SC";"DEL07-SC";"UOP03-DEL07-SC"
447252;2022-05-02;"segunda-feira";"06:00:00";"GO";153;168;"CAMPINORTE";"Reação tardia ou ineficiente do condutor";"Colisão traseira";"Com Vítimas Feridas";"Pleno dia";"Decrescente";"Céu Claro";"Simples";"Em Obras";"Não";9;0;5;0;4;0;5;2;-14,240199;-49,136623;"SPRF-GO";"DEL07-GO";"UOP02-DEL07-GO"
447253;2022-05-02;"segunda-feira";"06:05:00";"RN";226;38;"MACAIBA";"Ausência de reação do condutor";"Colisão traseira";"Com Vítimas Feridas";"Pleno dia";"Decrescente";"Sol";"Simples";"Reta";"Não";2;0;1;0;1;0;1;2;-5,9213386;-35,5349664;"SPRF-RN";"DEL01-RN";"UOP02-DEL01-RN"
447255;2022-05-01;"domingo";"16:50:00";"MT";174;439;"COMODORO";"Ausência de reação do condutor";"Colisão frontal";"Com Vítimas Fatais";"Pleno dia";"Crescente";"Céu Claro";"Simples";"Reta";"Não";3;1;0;0;2;0;0;2;-14,06925404;-59,74197717;"SPRF-MT";"DEL04-MT";"UOP01-DEL04-MT"
447256;2022-05-02;"segunda-feira";"06:30:00";"MG";40;522,4;"CONTAGEM";"Reação tardia ou ineficiente do condutor";"Tombamento";"Com Vítimas Feridas";"Amanhecer";"Crescente";"Céu Claro";"Dupla";"Reta";"Sim";2;0;2;0;0;0;2;1;-19,8638731;-44,06749809;"SPRF-MG";"DEL01-MG";"UOP02-DEL01-MG"
447257;2022-05-01;"domingo";"18:00:00";"MG";116;440,9;"ENGENHEIRO CALDAS";"Transitar na contramão";"Colisão frontal";"Com Vítimas Fatais";"Plena Noite";"Crescente";"Céu Claro";"Simples";"Curva";"Não";2;1;1;0;0;0;1;2;-19,07573504;-41,99988204;"SPRF-MG";"DEL06-MG";"UOP01-DEL06-MG"
447258;2022-05-02;"segunda-feira";"06:50:00";"GO";414;435,9;"ANAPOLIS";"Acessar a via sem observar a presença dos outros veículos";"Colisão transversal";"Com Vítimas Feridas";"Pleno dia";"Crescente";"Céu Claro";"Simples";"Rotatória";"Sim";2;0;1;0;1;0;1;2;-16,24594;-48,93446196;"SPRF-GO";"DEL02-GO";"UOP01-DEL02-GO"