"id";"data_inversa";"dia_semana";"horario";"uf";"br";"km";"municipio";"causa_acidente";"tipo_acidente";"classificacao_acidente";"fase_dia";"sentido_via";"condicao_metereologica";"tipo_pista";"tracado_via";"uso_solo";"pessoas";"mortos";"feridos_leves";"feridos_graves";"ilesos";"ignorados";"feridos";"veiculos";"latitude";"longitude";"regional";"delegacia";"uop"
447260;2022-05-02;"segunda-feira";"06:30:00";"PI";343;3;"PARNAIBA";"Pedestre andava na pista";"Atropelamento de Pedestre";"Com Vítimas Fatais";"Pleno dia";"Decrescente";"Céu Claro";"Simples";"Curva";"Não";2;1;0;1;0;0;1;2;-2,90124;-41,680931;"SPRF-PI";"DEL05-PI";"UOP01-DEL05-PI"
447261;2022-05-02;"segunda-feira";"07:00:00";"DF";20;9,3;"BRASILIA";"Reação tardia ou ineficiente do condutor";"Queda de ocupante de veículo";"Com Vítimas Feridas";"Pleno dia";"Crescente";"Céu Claro";"Dupla";"Retorno Regulamentado";"Sim";1;0;1;0;0;0;1;1;-15,652924;-47,779369;"SPRF-DF";"DEL02-DF";"UOP01-DEL02-DF"
447264;2022-05-02;"segunda-feira";"06:30:00";"RJ";101;62;"CAMPOS DOS GOYTACAZES";"Ausência de reação do condutor";"Colisão com objeto";"Sem Vítimas";"Pleno dia";"Decrescente";"Céu Claro";"Simples";"Reta";"Sim";1;0;0;0;1;0;0;1;-21,73473386;-41,32504025;"SPRF-RJ";"DEL08-RJ";"UOP01-DEL08-RJ"
447266;2022-05-02;"segunda-feira";"08:00:00";"PR";376;179,5;"MARINGA";"Manobra de mudança de faixa";"Colisão lateral mesmo sentido";"Com Vítimas Feridas";"Pleno dia";"Decrescente";"Céu Claro";"Dupla";"Reta";"Sim";2;0;0;1;1;0;1;2;-23,42244278;-51,90360392;"SPRF-PR";"DEL09-PR";"UOP01-DEL09-PR"
447267;2022-05-02;"segunda-feira";"07:25:00";"RS";158;0,4;"SANTANA DO LIVRAMENTO";"Ausência de reação do condutor";"Atropelamento de Pedestre";"Com Vítimas Feridas";"Amanhecer";"Crescente";"Nublado";"Simples";"Reta";"Sim";2;0;0;1;1;0;1;2;-30,87754992;-55,51511765;"SPRF-RS";"DEL11-RS";"UOP01-DEL11-RS"
447268;2022-05-02;"segunda-feira";"07:30:00";"MG";40;551,8;"NOVA LIMA";"Avarias e/ou desgaste excessivo no pneu";"Saída de leito carroçável";"Com Vítimas Feridas";"Pleno dia";"Crescente";"Céu Claro";"Dupla";"Reta";"Sim";2;0;1;1;0;0;2;1;-20,05411435;-43,97101875;"SPRF-MG";"DEL01-MG";"UOP02-DEL01-MG"
447271;2022-05-02;"segunda-feira";"07:20:00";"RS";116;224,3;"DOIS IRMAOS";"Acessar a via sem observar a presença dos outros veículos";"Colisão transversal";"Com Vítimas Feridas";"Pleno dia";"Crescente";"Chuva";"Dupla";"Rotatória";"Sim";2;0;1;0;1;0;1;2;-29,58975513;-51,10781795;"SPRF-RS";"DEL01-RS";"UOP02-DEL01-RS"
447273;2022-05-02;"segunda-feira";"07:50:00";"PB";230;153;"CAMPINA GRANDE";"Trafegar com motocicleta (ou similar) entre as faixas";"Colisão lateral mesmo sentido";"Com Vítimas Feridas";"Pleno dia";"Crescente";"Sol";"Dupla";"Rotatória";"Não";3;0;1;0;2;0;1;2;-7,27475705;-35,88824814;"SPRF-PB";"DEL02-PB";"UOP01-DEL02-PB"
447274;2022-05-02;"segunda-feira";"07:50:00";"ES";101;283;"CARIACICA";"Condutor deixou de manter distância do veículo da frente";"Colisão traseira";"Sem Vítimas";"Pleno dia";"Crescente";"Céu Claro";"Dupla";"Reta;Declive";"Sim";2;0;0;0;2;0;0;2;-20,23438373;-40,3693577;"SPRF-ES";"DEL01-ES";"UOP01-DEL01-ES"
447275;2022-05-01;"domingo";"21:50:00";"RJ";40;80;"PETROPOLIS";"Ausência de reação do condutor";"Atropelamento de Pedestre";"Com Vítimas Feridas";"Plena Noite";"Crescente";"Céu Claro";"Simples";"Reta";"Não";2;0;1;0;0;1;1;2;-22,508142;-43,232906;"SPRF-RJ";"DEL06-RJ";"UOP01-DEL06-RJ"
447276;2022-05-02;"segunda-feira";"08:10:00";"PR";376;223,8;"CAMBIRA";"Acessar a via sem observar a presença dos outros veículos";"Colisão transversal";"Com Vítimas Feridas";"Pleno dia";"Crescente";"Céu Claro";"Dupla";"Interseção de Vias";"Não";2;0;0;1;1;0;1;2;-23,59608205;-51,58044577;"SPRF-PR";"DEL07-PR";"UOP03-DEL07-PR"
447277;2022-05-01;"domingo";"19:50:00";"RJ";101;572;"PARATY";"Entrada inopinada do pedestre";"Atropelamento de Pedestre";"Com Vítimas Fatais";"Plena Noite";"Crescente";"Nublado";"Simples";"Reta";"Não";2;1;0;0;1;0;0;2;-23,19405903;-44,72770367;"SPRF-RJ";"DEL03-RJ";"UOP03-DEL03-RJ"
447278;2022-05-02;"segunda-feira";"07:00:00";"MT";70;516;"VARZEA GRANDE";"Acessar a via sem observar a presença dos outros veículos";"Colisão transversal";"Com Vítimas Feridas";"Pleno dia";"Crescente";"Sol";"Simples";"Reta";"Sim";2;0;0;1;1;0;1;2;-15,70222836;-56,15554512;"SPRF-MT";"DEL01-MT";"UOP02-DEL01-MT"
447280;2022-05-02;"segunda-feira";"07:40:00";"PB";104;119,2;"CAMPINA GRANDE";"Reação tardia ou ineficiente do condutor";"Colisão traseira";"Com Vítimas Feridas";"Pleno dia";"Crescente";"Nublado";"Simples";"Reta";"Sim";3;0;1;0;2;0;1;3;-7,197084;-35,876774;"SPRF-PB";"DEL02-PB";"UOP04-DEL02-PB"
447281;2022-04-29;"sexta-feira";"14:20:00";"SC";470;172;"POUSO REDONDO";"Acessar a via sem observar a presença dos outros veículos";"Colisão frontal";"Com Vítimas Feridas";"Pleno dia";"Decrescente";"Nublado";"Simples";"Reta";"Não";2;0;0;1;1;0;1;2;-27,257526;-49,909592;"SPRF-SC";"DEL04-SC";"UOP02-DEL04-SC"
447283;2022-04-20;"quarta-feira";"17:00:00";"PR";277;393;"CANDOI";"Reação tardia ou ineficiente do condutor";"Saída de leito carroçável";"Sem Vítimas";"Anoitecer";"Decrescente";"Céu Claro";"Simples";"Reta";"Não";1;0;0;0;1;0;0;1;-25,44348962;-51,85816904;"SPRF-PR";"DEL08-PR";"UOP01-DEL08-PR"
447284;2022-05-02;"segunda-feira";"07:00:00";"MG";251;434,1;"GRAO MOGOL";"Acessar a via sem observar a presença dos outros veículos";"Colisão transversal";"Com Vítimas Feridas";"Pleno dia";"Crescente";"Céu Claro";"Simples";"Aclive;Reta";"Não";2;0;0;1;1;0;1;2;-16,37762606;-43,18652364;"SPRF-MG";"DEL12-MG";"UOP01-DEL12-MG"
447286;2022-05-02;"segunda-feira";"08:00:00";"SP";116;52;"LORENA";"Frear bruscamente";"Queda de ocupante de veículo";"Com Vítimas Feridas";"Pleno dia";"Crescente";"Céu Claro";"Simples";"Reta";"Sim";1;0;1;0;0;0;1;1;-22,74708138;-45,09973038;"SPRF-SP";"DEL08-SP";"UOP02-DEL08-SP"
447287;2022-05-02;"segunda-feira";"08:55:00";"PE";232;10,6;"JABOATAO DOS GUARARAPES";"Pista Escorregadia";"Tombamento";"Com Vítimas Feridas";"Pleno dia";"Decrescente";"Chuva";"Simples";"Aclive";"Sim";2;0;2;0;0;0;2;1;-8,07917241;-34,98718609;"SPRF-PE";"DEL01-PE";"UOP01-DEL01-PE"
447288;2022-05-02;"segunda-feira";"08:30:00";"MG";40;633,5;"CONSELHEIRO LAFAIETE";"Acessar a via sem observar a presença dos outros veículos";"Colisão transversal";"Com Vítimas Feridas";"Pleno dia";"Crescente";"Céu Claro";"Simples";"Retorno Regulamentado;Interseção de Vias";"Sim";2;0;1;0;1;0;1;2;-20,68168197;-43,79419779;"SPRF-MG";"DEL05-MG";"UOP02-DEL05-MG"
447290;2022-05-02;"segunda-feira";"07:20:00";"RJ";101;279;"TANGUA";"Problema na suspensão";"Queda de ocupante de veículo";"Com Vítimas Feridas";"Amanhecer";"Crescente";"Sol";"Dupla";"Reta";"Não";1;0;1;0;0;0;1;1;-22,7383655;-42,76745405;"SPRF-RJ";"DEL02-RJ";"UOP03-DEL02-RJ"
447291;2022-05-02;"segunda-feira";"07:30:00";"RJ";101;275;"TANGUA";"Reação tardia ou ineficiente do condutor";"Atropelamento de Pedestre";"Com Vítimas Feridas";"Pleno dia";"Crescente";"Sol";"Dupla";"Reta";"Sim";2;0;1;0;1;0;1;2;-22,7383655;-42,76745405;"SPRF-RJ";"DEL02-RJ";"UOP03-DEL02-RJ"
447292;2022-05-02;"segunda-feira";"05:50:00";"SC";282;3,5;"FLORIANOPOLIS";"Condutor Dormindo";"Saída de leito carroçável";"Sem Vítimas";"Amanhecer";"Decrescente";"Chuva";"Dupla";"Reta";"Sim";1;0;0;0;1;0;0;1;-27,600384;-48,599705;"SPRF-SC";"DEL01-SC";"UOP01-DEL01-SC"
447294;2022-05-02;"segunda-feira";"09:00:00";"PR";476;122;"CURITIBA";"Manobra de mudança de faixa";"Colisão lateral mesmo sentido";"Com Vítimas Feridas";"Pleno dia";"Decrescente";"Céu Claro";"Dupla";"Curva;Aclive;Em Obras";"Sim";3;0;1;1;1;0;2;2;-25,38955624;-49,20612752;"SPRF-PR";"DEL01-PR";"UOP01-DEL01-PR"
447295;2022-05-02;"segunda-feira";"07:30:00";"MG";40;632;"CONSELHEIRO LAFAIETE";"Animais na Pista";"Atropelamento de Animal";"Com Vítimas Feridas";"Pleno dia";"Decrescente";"Céu Claro";"Simples";"Reta;Declive";"Sim";1;0;0;1;0;0;1;1;-20,67348593;-43,7968977;"SPRF-MG";"DEL05-MG";"UOP02-DEL05-MG"
447297;2022-05-02;"segunda-feira";"09:20:00";"MG";381;0,5;"BETIM";"Condutor deixou de manter distância do veículo da frente";"Colisão traseira";"Sem Vítimas";"Pleno dia";"Crescente";"Céu Claro";"Dupla";"Reta;Aclive";"Não";2;0;0;0;2;0;0;2;-19,964572;-44,158508;"SPRF-MG";"DEL01-MG";"UOP03-DEL01-MG"
447298;2022-05-02;"segunda-feira";"09:10:00";"MS";163;484,4;"CAMPO GRANDE";"Acessar a via sem observar a presença dos outros veículos";"Colisão transversal";"Com Vítimas Feridas";"Pleno dia";"Decrescente";"Céu Claro";"Simples";"Reta";"Sim";3;0;0;1;2;0;1;2;-20,45104898;-54,5403266;"SPRF-MS";"DEL01-MS";"UOP02-DEL01-MS"
447299;2022-05-02;"segunda-feira";"09:35:00";"RS";290;45,4;"GLORINHA";"Ingestão de álcool pelo condutor";"Colisão traseira";"Sem Vítimas";"Pleno dia";"Decrescente";"Nublado";"Dupla";"Reta";"Não";3;0;0;0;3;0;0;2;-29,890791;-50,714143;"SPRF-RS";"DEL03-RS";"UOP01-DEL03-RS"
447300;2022-05-02;"segunda-feira";"06:42:00";"RJ";101;296;"ITABORAI";"Ausência de reação do condutor";"Capotamento";"Sem Vítimas";"Pleno dia";"Decrescente";"Céu Claro";"Dupla";"Curva";"Sim";1;0;0;0;1;0;0;1;-22,7670498;-42,91019601;"SPRF-RJ";"DEL02-RJ";"UOP02-DEL02-RJ"
447302;2022-05-02;"segunda-feira";"10:05:00";"RS";386;147,4;"SARANDI";"Reação tardia ou ineficiente do condutor";"Saída de leito carroçável";"Com Vítimas Feridas";"Pleno dia";"Crescente";"Chuva";"Simples";"Curva";"Não";1;0;1;0;0;0;1;1;-28,056545;-52,870819;"SPRF-RS";"DEL08-RS";"UOP01-DEL08-RS"
447303;2022-05-02;"segunda-feira";"10:00:00";"PE";232;58;"POMBOS";"Pedestre cruzava a pista fora da faixa";"Atropelamento de Pedestre";"Com Vítimas Feridas";"Pleno dia";"Decrescente";"Céu Claro";"Dupla";"Curva";"Sim";2;0;0;1;1;0;1;2;-8,14462866;-35,39034714;"SPRF-PE";"DEL02-PE";"UOP02-DEL02PE"
447304;2022-05-02;"segunda-feira";"10:02:00";"PR";476;142;"CURITIBA";"Ausência de reação do condutor";"Saída de leito carroçável";"Com Vítimas Feridas";"Pleno dia";"Crescente";"Nublado";"Dupla";"Retorno Regulamentado";"Sim";1;0;1;0;0;0;1;1;-25,537161;-49,301632;"SPRF-PR";"DEL01-PR";"UOP03-DEL01-PR"
447305;2022-05-02;"segunda-feira";"09:50:00";"RO";364;237;"CACOAL";"Manobra de mudança de faixa";"Colisão lateral mesmo sentido";"Com Vítimas Feridas";"Pleno dia";"Decrescente";"Céu Claro";"Simples";"Reta";"Sim";2;0;1;0;1;0;1;2;-11,44341056;-61,44672787;"SPRF-RO";"DEL02-RO";"UOP02-DEL02-RO"
447306;2022-05-02;"segunda-feira";"09:15:00";"SC";101;322,9;"PESCARIA BRAVA";"Velocidade Incompatível";"Colisão com objeto";"Com Vítimas Feridas";"Pleno dia";"Decrescente";"Chuva";"Múltipla";"Viaduto;Reta;Declive";"Sim";2;0;2;0;0;0;2;1;-28,42491971;-48,90238108;"SPRF-SC";"DEL02-SC";"UOP01-DEL02-SC"
447307;2022-05-02;"segunda-feira";"10:15:00";"PB";101;116;"ALHANDRA";"Acumulo de água sobre o pavimento";"Saída de leito carroçável";"Com Vítimas Feridas";"Pleno dia";"Decrescente";"Chuva";"Dupla";"Reta";"Não";1;0;1;0;0;0;1;1;-7,405261;-34,95492;"SPRF-PB";"DEL01-PB";"UOP02-DEL01-PB"
447308;2022-05-02;"segunda-feira";"11:10:00";"MG";40;511;"RIBEIRAO DAS NEVES";"Condutor deixou de manter distância do veículo da frente";"Colisão traseira";"Com Vítimas Feridas";"Pleno dia";"Crescente";"Céu Claro";"Dupla";"Reta;Retorno Regulamentado";"Sim";4;0;2;0;2;0;2;3;-19,77463885;-44,12321882;"SPRF-MG";"DEL01-MG";"UOP02-DEL01-MG"
447309;2022-05-02;"segunda-feira";"09:00:00";"SC";282;95,1;"ALFREDO WAGNER";"Acumulo de água sobre o pavimento";"Saída de leito carroçável";"Com Vítimas Feridas";"Pleno dia";"Decrescente";"Chuva";"Simples";"Curva;Aclive";"Não";1;0;0;1;0;0;1;1;-27,71188;-49,255035;"SPRF-SC";"DEL01-SC";"UOP03-DEL01-SC"
447310;2022-05-02;"segunda-feira";"11:00:00";"SP";116;229;"SAO PAULO";"Manobra de mudança de faixa";"Queda de ocupante de veículo";"Com Vítimas Feridas";"Pleno dia";"Decrescente";"Sol";"Múltipla";"Reta";"Não";2;0;1;0;0;1;1;2;-23,51291902;-46,57604698;"SPRF-SP";"DEL01-SP";"UOP01-DEL01-SP"
447311;2022-05-02;"segunda-feira";"07:40:00";"ES";262;80;"DOMINGOS MARTINS";"Velocidade Incompatível";"Saída de leito carroçável";"Com Vítimas Feridas";"Pleno dia";"Decrescente";"Céu Claro";"Dupla";"Curva;Declive";"Não";2;0;2;0;0;0;2;1;-20,40924049;-40,94035394;"SPRF-ES";"DEL01-ES";"UOP02-DEL01-ES"
447312;2022-05-02;"segunda-feira";"11:30:00";"PE";101;82;"JABOATAO DOS GUARARAPES";"Condutor deixou de manter distância do veículo da frente";"Colisão traseira";"Com Vítimas Feridas";"Pleno dia";"Decrescente";"Nublado";"Dupla";"Reta";"Sim";2;0;1;0;1;0;1;2;-8,168383;-34,9376;"SPRF-PE";"DEL01-PE";"UOP01-DEL01-PE"
447313;2022-05-02;"segunda-feira";"11:15:00";"RS";116;38,8;"VACARIA";"Acessar a via sem observar a presença dos outros veículos";"Tombamento";"Com Vítimas Feridas";"Pleno dia";"Crescente";"Chuva";"Simples";"Interseção de Vias";"Sim";1;0;1;0;0;0;1;1;-28,51446178;-50,93479514;"SPRF-RS";"DEL05-RS";"UOP03-DEL05-RS"
447314;2022-05-02;"segunda-feira";"11:00:00";"MG";381;511;"IGARAPE";"Conversão proibida";"Colisão frontal";"Com Vítimas Feridas";"Pleno dia";"Decrescente";"Sol";"Múltipla";"Declive";"Sim";2;0;1;0;1;0;1;2;-20,06395332;-44,29369926;"SPRF-MG";"DEL01-MG";"UOP03-DEL01-MG"
447315;2022-05-02;"segunda-feira";"11:30:00";"MG";381;488,3;"BETIM";"Demais falhas mecânicas ou elétricas";"Tombamento";"Com Vítimas Feridas";"Pleno dia";"Decrescente";"Céu Claro";"Múltipla";"Reta";"Sim";2;0;1;0;1;0;1;1;-19,9598656;-44,15489715;"SPRF-MG";"DEL01-MG";"UOP03-DEL01-MG"
447316;2022-05-02;"segunda-feira";"11:40:00";"SC";101;229;"PALHOCA";"Pista Escorregadia";"Colisão com objeto";"Com Vítimas Feridas";"Pleno dia";"Decrescente";"Chuva";"Dupla";"Reta";"Não";2;0;1;0;1;0;1;1;-27,7688932;-48,63205379;"SPRF-SC";"DEL01-SC";"UOP02-DEL01-SC"
447320;2022-02-14;"segunda-feira";"16:40:00";"PR";476;144;"CURITIBA";"Manobra de mudança de faixa";"Colisão traseira";"Com Vítimas Feridas";"Pleno dia";"Crescente";"Sol";"Dupla";"Reta";"Sim";2;0;1;0;1;0;1;2;-25,542501;-49,313011;"SPRF-PR";"DEL01-PR";"UOP03-DEL01-PR"
447321;2022-04-30;"sábado";"06:00:00";"BA";324;583;"CANDEIAS";"Manobra de mudança de faixa";"Queda de ocupante de veículo";"Com Vítimas Feridas";"Amanhecer";"Decrescente";"Nublado";"Dupla";"Reta";"Não";6;0;0;1;0;5;1;2;-12,62878049;-38,47952843;"SPRF-BA";"DEL01-BA";"UOP01-DEL01-BA"
447325;2022-05-02;"segunda-feira";"06:40:00";"PI";230;190;"OEIRAS";"Ausência de reação do condutor";"Colisão lateral mesmo sentido";"Com Vítimas Feridas";"Pleno dia";"Crescente";"Céu Claro";"Simples";"Reta";"Não";3;0;0;3;0;0;3;2;-6,98544646;-42,07157513;"SPRF-PI";"DEL04-PI";"UOP01-DEL04-PI"
447326;2022-05-02;"segunda-feira";"13:00:00";"RJ";393;121;"SAPUCAIA";"Ausência de reação do condutor";"Colisão com objeto";"Com Vítimas Feridas";"Pleno dia";"Decrescente";"Céu Claro";"Simples";"Curva";"Não";4;0;3;0;1;0;3;1;-21,9437421;-42,8321977;"SPRF-RJ";"DEL05-RJ";"UOP01-DEL05-RJ"
447327;2022-05-02;"segunda-feira";"13:00:00";"MG";50;114;"UBERABA";"Velocidade Incompatível";"Saída de leito carroçável";"Com Vítimas Fatais";"Pleno dia";"Decrescente";"Céu Claro";"Dupla";"Reta";"Não";8;1;2;4;0;1;6;2;-19,261176;-48,130477;"SPRF-MG";"DEL13-MG";"UOP01-DEL13-MG"
447329;2022-05-02;"segunda-feira";"13:30:00";"RN";101;100;"PARNAMIRIM";"Condutor deixou de manter distância do veículo da frente";"Colisão traseira";"Com Vítimas Feridas";"Pleno dia";"Decrescente";"Céu Claro";"Dupla";"Reta";"Sim";3;0;2;0;1;0;2;2;-5,88106901;-35,22542396;"SPRF-RN";"DEL01-RN";"UOP01-DEL01-RN"
447330;2022-03-19;"sábado";"11:40:00";"MS";267;493,5;"JARDIM";"Ausência de reação do condutor";"Saída de leito carroçável";"Sem Vítimas";"Pleno dia";"Decrescente";"Céu Claro";"Simples";"Reta";"Não";1;0;0;0;0;1;0;1;-21,49640299;-56,246453;"SPRF-MS";"DEL05-MS";"UOP01-DEL05-MS"
447332;2022-05-02;"segunda-feira";"12:00:00";"RR";174;501;"BOA VISTA";"Mal súbito do condutor";"Colisão com objeto";"Com Vítimas Feridas";"Pleno dia";"Decrescente";"Céu Claro";"Dupla";"Reta";"Sim";4;0;1;0;3;0;1;1;2,781689;-60,703827;"SPRF-RR";"DEL01-RR";"UOP01-DEL01-RR"
447333;2022-05-02;"segunda-feira";"13:00:00";"RJ";40;119;"DUQUE DE CAXIAS";"Acessar a via sem observar a presença dos outros veículos";"Colisão lateral mesmo sentido";"Com Vítimas Feridas";"Pleno dia";"Decrescente";"Céu Claro";"Dupla";"Reta";"Sim";4;0;2;0;2;0;2;2;-22,76375592;-43,28683062;"SPRF-RJ";"DEL01-RJ";"UOP01-DEL01-RJ"
447336;2022-05-02;"segunda-feira";"12:45:00";"PB";230;51;"SANTA RITA";"Condutor Dormindo";"Saída de leito carroçável";"Com Vítimas Feridas";"Pleno dia";"Decrescente";"Chuva";"Dupla";"Reta";"Não";1;0;1;0;0;0;1;1;-7,1897;-35,0615;"SPRF-PB";"DEL01-PB";"UOP03-DEL01-PB"
447339;2022-02-19;"sábado";"07:53:00";"TO";153;609;"CRIXAS DO TOCANTINS";"Demais falhas mecânicas ou elétricas";"Incêndio";"Com Vítimas Feridas";"Pleno dia";"Crescente";"Chuva";"Simples";"Reta";"Não";38;0;7;0;31;0;7;1;-11,17595301;-48,92781585;"SPRF-TO";"DEL01-TO";"UOP02-DEL01-TO"
447340;2022-05-02;"segunda-feira";"13:10:00";"ES";101;195;"ARACRUZ";"Ausência de reação do condutor";"Saída de leito carroçável";"Com Vítimas Feridas";"Pleno dia";"Decrescente";"Céu Claro";"Simples";"Reta";"Não";2;0;1;0;0;1;1;2;-19,70198612;-40,32193499;"SPRF-ES";"DEL04-ES";"UOP01-DEL04-ES"
447341;2022-05-02;"segunda-feira";"13:00:00";"AL";101;245,2;"PORTO REAL DO COLEGIO";"Pedestre cruzava a pista fora da faixa";"Atropelamento de Pedestre";"Com Vítimas Feridas";"Pleno dia";"Crescente";"Nublado";"Simples";"Reta";"Sim";2;0;0;1;1;0;1;2;-10,19162376;-36,82542061;"SPRF-AL";"DEL02-AL";"UOP02-DEL02-AL"
447343;2022-05-02;"segunda-feira";"10:30:00";"MG";364;35,5;"FRUTAL";"Ausência de reação do condutor";"Saída de leito carroçável";"Sem Vítimas";"Pleno dia";"Decrescente";"Céu Claro";"Simples";"Reta";"Não";1;0;0;0;0;1;0;1;-20,025185;-48,94096;"SPRF-MG";"DEL13-MG";"UOP02-DEL13-MG"
447344;2022-05-02;"segunda-feira";"13:00:00";"MT";163;687;"LUCAS DO RIO VERDE";"Acessar a via sem observar a presença dos outros veículos";"Colisão lateral mesmo sentido";"Com Vítimas Feridas";"Pleno dia";"Crescente";"Céu Claro";"Simples";"Reta";"Não";2;0;1;0;0;1;1;2;-13,18354788;-55,98612126;"SPRF-MT";"DEL06-MT";"UOP01-DEL06-MT"
447347;2022-05-02;"segunda-feira";"08:50:00";"RJ";101;329;"RIO DE JANEIRO";"Reação tardia ou ineficiente do condutor";"Tombamento";"Com Vítimas Feridas";"Pleno dia";"Decrescente";"Céu Claro";"Dupla";"Reta";"Sim";2;0;1;0;1;0;1;2;-22,86939305;-43,175642;"SPRF-RJ";"DEL02-RJ";"UOP01-DEL02-RJ"
447349;2022-05-02;"segunda-feira";"08:15:00";"MG";262;501,1;"LUZ";"Reação tardia ou ineficiente do condutor";"Colisão traseira";"Sem Vítimas";"Pleno dia";"Crescente";"Sol";"Simples";"Ponte";"Não";6;0;0;0;6;0;0;2;-19,78308703;-45,446426;"SPRF-MG";"DEL08-MG";"UOP03-DEL08-MG"
447350;2022-05-02;"segunda-feira";"14:20:00";"PE";232;112;"BEZERROS";"Reação tardia ou ineficiente do condutor";"Saída de leito carroçável";"Com Vítimas Feridas";"Pleno dia";"Crescente";"Nublado";"Dupla";"Reta";"Não";2;0;2;0;0;0;2;1;-8,29729696;-35,83146101;"SPRF-PE";"DEL02-PE";"UOP02-DEL02PE"
447351;2022-03-31;"quinta-feira";"05:40:00";"PR";153;45;"SANTO ANTONIO DA PLATINA";"Pedestre andava na pista";"Atropelamento de Pedestre";"Com Vítimas Feridas";"Amanhecer";"Crescente";"Céu Claro";"Simples";"Reta";"Não";2;0;2;0;0;0;2;2;-23,32415697;-50,06733656;"SPRF-PR";"DEL07-PR";"UOP04-DEL07-PR"
447353;2022-05-02;"segunda-feira";"13:15:00";"MS";262;644,7;"MIRANDA";"Reação tardia ou ineficiente do condutor";"Capotamento";"Com Vítimas Feridas";"Pleno dia";"Crescente";"Céu Claro";"Simples";"Reta";"Não";2;0;1;1;0;0;2;1;-19,77042509;-56,95811316;"SPRF-MS";"DEL03-MS";"UOP02-DEL03-MS"
447354;2022-05-02;"segunda-feira";"14:40:00";"GO";60;94,8;"ANAPOLIS";"Manobra de mudança de faixa";"Tombamento";"Com Vítimas Feridas";"Pleno dia";"Decrescente";"Céu Claro";"Dupla";"Reta";"Sim";2;0;1;0;1;0;1;2;-16,36494846;-48,93592807;"SPRF-GO";"DEL02-GO";"UOP01-DEL02-GO"
447357;2022-05-02;"segunda-feira";"15:20:00";"PE";408;40;"ALIANCA";"Acessar a via sem observar a presença dos outros veículos";"Colisão transversal";"Com Vítimas Feridas";"Pleno dia";"Crescente";"Sol";"Dupla";"Interseção de Vias";"Não";2;0;0;1;1;0;1;2;-7,64930515;-35,25214043;"SPRF-PE";"DEL01-PE";"UOP02-DEL01-PE"
447390;2022-05-02;"segunda-feira";"13:20:00";"SC";282;628;"IRACEMINHA";"Chuva";"Capotamento";"Com Vítimas Feridas";"Pleno dia";"Crescente";"Chuva";"Simples";"Declive";"Não";3;0;3;0;0;0;3;1;-26,819224;-53,367052;"SPRF-SC";"DEL07-SC";"UOP02-DEL07-SC"
447394;2022-05-02;"segunda-feira";"15:15:00";"PE";408;80;"PAUDALHO";"Acumulo de água sobre o pavimento";"Saída de leito carroçável";"Com Vítimas Feridas";"Pleno dia";"Crescente";"Chuva";"Dupla";"Reta";"Sim";1;0;1;0;0;0;1;1;-7,9310439;-35,13844295;"SPRF-PE";"DEL01-PE";"UOP01-DEL01-PE"
447395;2022-05-02;"segunda-feira";"15:45:00";"MG";40;546;"NOVA LIMA";"Manobra de mudança de faixa";"Colisão lateral mesmo sentido";"Com Vítimas Feridas";"Pleno dia";"Decrescente";"Céu Claro";"Dupla";"Reta";"Não";3;0;0;2;0;1;2;2;-20,02252424;-43,97026042;"SPRF-MG";"DEL01-MG";"UOP02-DEL01-MG"
447400;2022-05-02;"segunda-feira";"16:53:00";"RS";116;396;"CAMAQUA";"Ausência de reação do condutor";"Saída de leito carroçável";"Com Vítimas Feridas";"Pleno dia";"Decrescente";"Garoa/Chuvisco";"Dupla";"Reta";"Sim";2;0;1;0;1;0;1;1;-30,85277648;-51,77498979;"SPRF-RS";"DEL02-RS";"UOP02-DEL02-RS"
447401;2022-05-02;"segunda-feira";"17:50:00";"DF";20;7,7;"BRASILIA";"Pedestre cruzava a pista fora da faixa";"Atropelamento de Pedestre";"Com Vítimas Feridas";"Anoitecer";"Crescente";"Céu Claro";"Dupla";"Reta";"Não";2;0;1;0;1;0;1;2;-15,662208;-47,799866;"SPRF-DF";"DEL02-DF";"UOP01-DEL02-DF"
447402;2022-05-02;"segunda-feira";"16:30:00";"PE";104;15,3;"TAQUARITINGA DO NORTE";"Ausência de reação do condutor";"Colisão frontal";"Com Vítimas Fatais";"Pleno dia";"Crescente";"Chuva";"Simples";"Curva";"Não";3;2;0;0;1;0;0;2;-7,90575;-36,116207;"SPRF-PE";"DEL02-PE";"UOP01-DEL02-PE"
447403;2022-05-02;"segunda-feira";"15:30:00";"MT";364;361,4;"SANTO ANTONIO DO LEVERGER";"Ausência de reação do condutor";"Saída de leito carroçável";"Com Vítimas Feridas";"Pleno dia";"Crescente";"Céu Claro";"Dupla";"Reta";"Não";2;0;2;0;0;0;2;1;-15,75449371;-55,65778971;"SPRF-MT";"DEL01-MT";"UOP02-DEL01-MT"
447404;2022-05-02;"segunda-feira";"16:42:00";"CE";222;126;"ITAPAJE";"Desrespeitar a preferência no cruzamento";"Colisão transversal";"Com Vítimas Feridas";"Pleno dia";"Crescente";"Céu Claro";"Simples";"Declive";"Não";2;0;2;0;0;0;2;1;-3,69613087;-39,6007584;"SPRF-CE";"DEL04-CE";"UOP03-DEL04-CE"