"id";"data_inversa";"dia_semana";"horario";"uf";"br";"km";"municipio";"causa_acidente";"tipo_acidente";"classificacao_acidente";"fase_dia";"sentido_via";"condicao_metereologica";"tipo_pista";"tracado_via";"uso_solo";"pessoas";"mortos";"feridos_leves";"feridos_graves";"ilesos";"ignorados";"feridos";"veiculos";"latitude";"longitude";"regional";"delegacia";"uop"
447521;2022-05-03;"terça-feira";"07:30:00";"RS";471;161;"RIO PARDO";"Ausência de sinalização";"Colisão com objeto";"Com Vítimas Feridas";"Pleno dia";"Crescente";"Chuva";"Simples";"Interseção de Vias";"Não";1;0;0;1;0;0;1;1;-29,9147;-52,391598;"SPRF-RS";"DEL02-RS";"UOP03-DEL02-RS"
447523;2022-05-03;"terça-feira";"07:20:00";"SC";116;192;"PONTE ALTA";"Ausência de reação do condutor";"Saída de leito carroçável";"Com Vítimas Feridas";"Pleno dia";"Crescente";"Chuva";"Simples";"Curva";"Não";1;0;1;0;0;0;1;1;-27,36303564;-50,43355252;"SPRF-SC";"DEL05-SC";"UOP03-DEL05-SC"
447525;2022-05-03;"terça-feira";"09:40:00";"PR";373;174;"PONTA GROSSA";"Acessar a via sem observar a presença dos outros veículos";"Colisão transversal";"Com Vítimas Feridas";"Pleno dia";"Crescente";"Nublado";"Dupla";"Reta";"Sim";2;0;1;0;1;0;1;2;-25,073577;-50,211077;"SPRF-PR";"DEL03-PR";"UOP01-DEL03-PR"
447526;2022-05-03;"terça-feira";"10:25:00";"CE";116;7;"FORTALEZA";"Reação tardia ou ineficiente do condutor";"Colisão traseira";"Sem Vítimas";"Pleno dia";"Crescente";"Céu Claro";"Múltipla";"Reta";"Sim";2;0;0;0;2;0;0;2;-3,81143725;-38,50066423;"SPRF-CE";"DEL01-CE";"UOP02-DEL01-CE"
447527;2022-05-03;"terça-feira";"10:00:00";"PE";101;60;"RECIFE";"Demais falhas mecânicas ou elétricas";"Colisão traseira";"Com Vítimas Feridas";"Pleno dia";"Decrescente";"Garoa/Chuvisco";"Dupla";"Curva";"Sim";2;0;1;0;0;1;1;2;-7,98344307;-34,93176727;"SPRF-PE";"DEL01-PE";"UOP02-DEL01-PE"
447533;2022-05-03;"terça-feira";"11:13:00";"SP";381;59;"MAIRIPORA";"Pedestre cruzava a pista fora da faixa";"Atropelamento de Pedestre";"Com Vítimas Feridas";"Pleno dia";"Decrescente";"Céu Claro";"Múltipla";"Aclive;Curva";"Sim";3;0;0;1;1;1;1;2;-23,28270705;-46,58787791;"SPRF-SP";"DEL03-SP";"UOP01-DEL03-SP"
447534;2022-05-03;"terça-feira";"11:30:00";"CE";116;7,2;"FORTALEZA";"Reação tardia ou ineficiente do condutor";"Colisão lateral mesmo sentido";"Sem Vítimas";"Pleno dia";"Crescente";"Sol";"Dupla";"Reta";"Sim";3;0;0;0;2;1;0;3;-3,81073099;-38,50074867;"SPRF-CE";"DEL01-CE";"UOP02-DEL01-CE"
447536;2022-04-29;"sexta-feira";"17:30:00";"PR";376;155;"MANDAGUACU";"Pedestre cruzava a pista fora da faixa";"Atropelamento de Pedestre";"Com Vítimas Feridas";"Anoitecer";"Crescente";"Nublado";"Dupla";"Reta";"Sim";2;0;0;1;1;0;1;2;-23,33801995;-52,1006763;"SPRF-PR";"DEL09-PR";"UOP01-DEL09-PR"
447537;2022-05-03;"terça-feira";"10:30:00";"PA";222;226;"MARABA";"Ausência de reação do condutor";"Colisão transversal";"Com Vítimas Feridas";"Pleno dia";"Crescente";"Céu Claro";"Simples";"Reta";"Sim";2;0;0;1;1;0;1;2;-5,21080035;-49,0410394;"SPRF-PA";"DEL03-PA";"UOP01-DEL03-PA"
447538;2022-05-03;"terça-feira";"08:40:00";"PR";163;184;"SANTA TEREZA DO OESTE";"Chuva";"Saída de leito carroçável";"Com Vítimas Feridas";"Pleno dia";"Crescente";"Chuva";"Dupla";"Curva";"Não";1;0;1;0;0;0;1;1;-25,14321919;-53,58795779;"SPRF-PR";"DEL05-PR";"UOP05-DEL05-PR"
447539;2022-05-03;"terça-feira";"10:15:00";"PB";230;87;"GURINHEM";"Afundamento ou ondulação no pavimento";"Saída de leito carroçável";"Com Vítimas Feridas";"Pleno dia";"Decrescente";"Céu Claro";"Dupla";"Reta";"Não";2;0;1;1;0;0;2;1;-7,1673;-35,3656;"SPRF-PB";"DEL01-PB";"UOP03-DEL01-PB"
447540;2022-05-03;"terça-feira";"11:15:00";"RS";472;562;"URUGUAIANA";"Acessar a via sem observar a presença dos outros veículos";"Colisão transversal";"Com Vítimas Feridas";"Pleno dia";"Decrescente";"Nublado";"Simples";"Reta";"Não";3;0;1;0;1;1;1;3;-29,723174;-56,939152;"SPRF-RS";"DEL13-RS";"UOP01-DEL13-RS"
447543;2022-05-03;"terça-feira";"10:20:00";"MS";158;122,8;"APARECIDA DO TABOADO";"Condutor Dormindo";"Saída de leito carroçável";"Com Vítimas Feridas";"Pleno dia";"Crescente";"Céu Claro";"Simples";"Reta";"Não";4;0;4;0;0;0;4;1;-19,88940498;-51,13712405;"SPRF-MS";"DEL08-MS";"UOP01-DEL08-MS"
447545;2022-05-03;"terça-feira";"12:30:00";"PR";116;8;"QUATRO BARRAS";"Avarias e/ou desgaste excessivo no pneu";"Queda de ocupante de veículo";"Com Vítimas Feridas";"Pleno dia";"Decrescente";"Nublado";"Dupla";"Reta";"Sim";1;0;1;0;0;0;1;1;-25,36798347;-49,10539251;"SPRF-PR";"DEL01-PR";"UOP02-DEL01-PR"
447548;2022-05-03;"terça-feira";"07:50:00";"MG";116;115;"ITAOBIM";"Ultrapassagem Indevida";"Colisão lateral mesmo sentido";"Sem Vítimas";"Pleno dia";"Decrescente";"Céu Claro";"Simples";"Reta";"Sim";3;0;0;0;1;2;0;2;-16,55656498;-41,50192905;"SPRF-MG";"DEL11-MG";"UOP02-DEL11-MG"
447549;2022-05-03;"terça-feira";"13:08:00";"PE";232;128,9;"CARUARU";"Reação tardia ou ineficiente do condutor";"Colisão traseira";"Com Vítimas Feridas";"Pleno dia";"Decrescente";"Céu Claro";"Dupla";"Reta";"Não";2;0;1;0;1;0;1;2;-8,30399306;-35,97216301;"SPRF-PE";"DEL02-PE";"UOP01-DEL02-PE"
447550;2022-05-03;"terça-feira";"11:30:00";"SC";101;54;"JOINVILLE";"Acumulo de água sobre o pavimento";"Colisão com objeto";"Sem Vítimas";"Pleno dia";"Crescente";"Chuva";"Dupla";"Curva";"Não";2;0;0;0;2;0;0;2;-26,41319508;-48,83617332;"SPRF-SC";"DEL03-SC";"UOP01-DEL03-SC"
447551;2022-05-03;"terça-feira";"10:15:00";"SC";282;350;"CAMPOS NOVOS";"Demais falhas mecânicas ou elétricas";"Saída de leito carroçável";"Com Vítimas Feridas";"Pleno dia";"Crescente";"Chuva";"Simples";"Curva";"Não";1;0;1;0;0;0;1;1;-27,358767;-51,29229;"SPRF-SC";"DEL07-SC";"UOP06-DEL07-SC"
447552;2022-04-30;"sábado";"05:00:00";"BA";101;712;"EUNAPOLIS";"Animais na Pista";"Atropelamento de Animal";"Com Vítimas Feridas";"Amanhecer";"Crescente";"Ignorado";"Simples";"Curva";"Não";1;0;0;1;0;0;1;1;-16,50123361;-39,57709602;"SPRF-BA";"DEL09-BA";"UOP01-DEL09-BA"
447554;2022-05-03;"terça-feira";"12:10:00";"RO";425;142;"GUAJARA-MIRIM";"Desrespeitar a preferência no cruzamento";"Colisão transversal";"Com Vítimas Feridas";"Pleno dia";"Decrescente";"Céu Claro";"Dupla";"Interseção de Vias";"Sim";4;0;1;1;2;0;2;2;-10,754345;-65,30587;"SPRF-RO";"DEL01-RO";"UOP03-DEL01-RO"
447556;2022-05-03;"terça-feira";"13:20:00";"RO";364;704;"PORTO VELHO";"Ultrapassagem Indevida";"Saída de leito carroçável";"Com Vítimas Feridas";"Pleno dia";"Crescente";"Céu Claro";"Dupla";"Retorno Regulamentado";"Sim";1;0;1;0;0;0;1;1;-8,80032739;-63,804543;"SPRF-RO";"DEL01-RO";"UOP01-DEL01-RO"
447557;2022-05-03;"terça-feira";"11:40:00";"PR";376;306;"MAUA DA SERRA";"Reação tardia ou ineficiente do condutor";"Saída de leito carroçável";"Com Vítimas Feridas";"Pleno dia";"Decrescente";"Garoa/Chuvisco";"Dupla";"Curva";"Não";2;0;1;0;1;0;1;1;-23,96994112;-51,11168414;"SPRF-PR";"DEL07-PR";"UOP02-DEL07-PR"
447559;2022-05-03;"terça-feira";"14:00:00";"SC";282;6;"SAO JOSE";"Acumulo de água sobre o pavimento";"Queda de ocupante de veículo";"Com Vítimas Feridas";"Pleno dia";"Crescente";"Chuva";"Múltipla";"Curva";"Sim";1;0;1;0;0;0;1;1;-27,591936;-48,618244;"SPRF-SC";"DEL01-SC";"UOP01-DEL01-SC"
447562;2022-05-03;"terça-feira";"14:10:00";"DF";251;34;"BRASILIA";"Acessar a via sem observar a presença dos outros veículos";"Colisão traseira";"Com Vítimas Feridas";"Pleno dia";"Crescente";"Céu Claro";"Simples";"Reta";"Não";2;0;1;0;1;0;1;2;-15,938301;-47,759799;"SPRF-DF";"DEL01-DF";"UOP01-DEL01-DF"
447563;2022-05-03;"terça-feira";"11:00:00";"MS";267;85,5;"BATAGUASSU";"Demais falhas mecânicas ou elétricas";"Incêndio";"Sem Vítimas";"Pleno dia";"Decrescente";"Céu Claro";"Simples";"Declive";"Não";4;0;0;0;4;0;0;1;-21,87173442;-52,90895309;"SPRF-MS";"DEL02-MS";"UOP04-DEL02-MS"
447565;2022-05-03;"terça-feira";"13:20:00";"RS";101;7;"TORRES";"Ingestão de álcool pelo condutor";"Saída de leito carroçável";"Com Vítimas Feridas";"Pleno dia";"Crescente";"Chuva";"Simples";"Retorno Regulamentado";"Sim";1;0;1;0;0;0;1;1;-29,35399189;-49,8004501;"SPRF-RS";"DEL03-RS";"UOP02-DEL03-RS"
447566;2022-05-03;"terça-feira";"13:05:00";"GO";153;42;"PORANGATU";"Ausência de reação do condutor";"Saída de leito carroçável";"Com Vítimas Feridas";"Pleno dia";"Crescente";"Céu Claro";"Simples";"Reta";"Não";2;0;1;1;0;0;2;1;-13,184284;-49,166084;"SPRF-GO";"DEL07-GO";"UOP01-DEL07-GO"
447567;2022-05-03;"terça-feira";"14:30:00";"RJ";101;504;"ANGRA DOS REIS";"Conversão proibida";"Colisão transversal";"Sem Vítimas";"Pleno dia";"Crescente";"Céu Claro";"Simples";"Reta";"Não";2;0;0;0;2;0;0;2;-22,93155828;-44,38812093;"SPRF-RJ";"DEL03-RJ";"UOP03-DEL03-RJ"
447569;2022-03-25;"sexta-feira";"20:50:00";"MT";174;459;"COMODORO";"Ausência de reação do condutor";"Colisão traseira";"Sem Vítimas";"Plena Noite";"Decrescente";"Céu Claro";"Simples";"Reta";"Não";4;0;0;0;4;0;0;2;-13,926673;-59,762677;"SPRF-MT";"DEL04-MT";"UOP01-DEL04-MT"
447570;2022-05-03;"terça-feira";"12:00:00";"MT";70;713,7;"CACERES";"Chuva";"Saída de leito carroçável";"Com Vítimas Feridas";"Pleno dia";"Crescente";"Chuva";"Simples";"Reta";"Não";4;0;1;0;3;0;1;1;-16,24559649;-57,53816911;"SPRF-MT";"DEL03-MT";"UOP01-DEL03-MT"
447572;2022-05-03;"terça-feira";"15:30:00";"ES";101;280,5;"SERRA";"Acessar a via sem observar a presença dos outros veículos";"Colisão transversal";"Com Vítimas Feridas";"Pleno dia";"Decrescente";"Nublado";"Múltipla";"Reta";"Não";2;0;1;0;1;0;1;2;-20,21828666;-40,34895595;"SPRF-ES";"DEL02-ES";"UOP01-DEL02-ES"
447573;2022-05-03;"terça-feira";"10:00:00";"RJ";101;308;"SAO GONCALO";"Condutor deixou de manter distância do veículo da frente";"Colisão traseira";"Com Vítimas Feridas";"Pleno dia";"Crescente";"Sol";"Dupla";"Reta";"Sim";3;0;1;0;2;0;1;2;-22,79309326;-43,02479595;"SPRF-RJ";"DEL02-RJ";"UOP02-DEL02-RJ"
447575;2022-04-16;"sábado";"14:50:00";"ES";101;149;"LINHARES";"Ausência de reação do condutor";"Colisão traseira";"Com Vítimas Feridas";"Pleno dia";"Decrescente";"Céu Claro";"Dupla";"Reta";"Sim";2;0;0;1;1;0;1;2;-19,39619083;-40,06435871;"SPRF-ES";"DEL04-ES";"UOP01-DEL04-ES"
447578;2022-05-03;"terça-feira";"12:15:00";"RO";364;421,2;"JARU";"Ultrapassagem Indevida";"Saída de leito carroçável";"Com Vítimas Feridas";"Pleno dia";"Crescente";"Céu Claro";"Simples";"Reta;Aclive";"Sim";1;0;1;0;0;0;1;1;-10,46729967;-62,45088748;"SPRF-RO";"DEL03-RO";"UOP02-DEL03-RO"
447583;2022-05-03;"terça-feira";"08:00:00";"PR";376;432;"TIBAGI";"Acumulo de água sobre o pavimento";"Saída de leito carroçável";"Com Vítimas Feridas";"Pleno dia";"Crescente";"Chuva";"Múltipla";"Curva";"Não";1;0;1;0;0;0;1;1;-24,80531402;-50,48850813;"SPRF-PR";"DEL03-PR";"UOP02-DEL03-PR"
447584;2022-04-15;"sexta-feira";"06:30:00";"RR";174;202;"RORAINOPOLIS";"Ingestão de álcool pelo condutor";"Colisão lateral sentido oposto";"Com Vítimas Feridas";"Pleno dia";"Crescente";"Sol";"Simples";"Reta";"Não";2;0;0;1;1;0;1;2;0,663227;-60,450893;"SPRF-RR";"DEL01-RR";"UOP01-DEL01-RR"
447587;2022-05-03;"terça-feira";"14:30:00";"SC";470;183;"POUSO REDONDO";"Acumulo de água sobre o pavimento";"Saída de leito carroçável";"Com Vítimas Feridas";"Pleno dia";"Crescente";"Chuva";"Simples";"Reta";"Não";2;0;1;0;1;0;1;1;-27,251547;-50,016747;"SPRF-SC";"DEL04-SC";"UOP02-DEL04-SC"
447588;2022-05-03;"terça-feira";"15:50:00";"MG";116;415,2;"GOVERNADOR VALADARES";"Condutor deixou de manter distância do veículo da frente";"Queda de ocupante de veículo";"Com Vítimas Feridas";"Pleno dia";"Crescente";"Céu Claro";"Simples";"Reta";"Sim";2;0;1;0;1;0;1;1;-18,88401297;-41,94924399;"SPRF-MG";"DEL06-MG";"UOP01-DEL06-MG"
447592;2022-05-03;"terça-feira";"17:20:00";"RJ";116;100;"TERESOPOLIS";"Mal súbito do condutor";"Saída de leito carroçável";"Com Vítimas Feridas";"Anoitecer";"Crescente";"Nublado";"Simples";"Aclive";"Não";1;0;1;0;0;0;1;1;-22,48909312;-43,00437599;"SPRF-RJ";"DEL04-RJ";"UOP01-DEL04-RJ"
447594;2022-05-03;"terça-feira";"14:40:00";"GO";153;438,5;"ANAPOLIS";"Velocidade Incompatível";"Colisão com objeto";"Sem Vítimas";"Pleno dia";"Decrescente";"Céu Claro";"Simples";"Rotatória";"Sim";2;0;0;0;2;0;0;1;-16,291595;-48,934811;"SPRF-GO";"DEL02-GO";"UOP01-DEL02-GO"
447596;2022-05-03;"terça-feira";"17:20:00";"PE";232;81;"GRAVATA";"Manobra de mudança de faixa";"Colisão transversal";"Com Vítimas Feridas";"Pleno dia";"Decrescente";"Céu Claro";"Dupla";"Reta";"Sim";3;0;3;0;0;0;3;2;-8,1975263;-35,57930946;"SPRF-PE";"DEL02-PE";"UOP02-DEL02PE"
447599;2022-05-03;"terça-feira";"17:00:00";"RO";364;237,1;"CACOAL";"Condutor deixou de manter distância do veículo da frente";"Colisão traseira";"Com Vítimas Feridas";"Pleno dia";"Decrescente";"Céu Claro";"Simples";"Reta";"Sim";2;0;1;0;1;0;1;2;-11,44341056;-61,44672787;"SPRF-RO";"DEL02-RO";"UOP02-DEL02-RO"
447601;2022-05-03;"terça-feira";"17:30:00";"PR";116;211;"RIO NEGRO";"Acessar a via sem observar a presença dos outros veículos";"Colisão transversal";"Com Vítimas Feridas";"Plena Noite";"Crescente";"Chuva";"Simples";"Reta";"Sim";2;0;1;0;1;0;1;2;-26,07980928;-49,76934983;"SPRF-SC";"DEL06-SC";"UOP01-DEL06-SC"
447602;2022-05-03;"terça-feira";"18:00:00";"SC";101;135;"BALNEARIO CAMBORIU";"Condutor deixou de manter distância do veículo da frente";"Colisão traseira";"Com Vítimas Feridas";"Plena Noite";"Crescente";"Chuva";"Dupla";"Reta";"Sim";2;0;0;1;1;0;1;2;-27,0050108;-48,62677494;"SPRF-SC";"DEL04-SC";"UOP03-DEL04-SC"
447603;2022-05-03;"terça-feira";"17:45:00";"BA";101;717;"EUNAPOLIS";"Conversão proibida";"Colisão transversal";"Com Vítimas Feridas";"Anoitecer";"Decrescente";"Céu Claro";"Simples";"Reta";"Sim";2;0;1;0;1;0;1;2;-16,36630366;-39,58212018;"SPRF-BA";"DEL09-BA";"UOP01-DEL09-BA"
447606;2022-04-29;"sexta-feira";"00:20:00";"RJ";116;163;"RIO DE JANEIRO";"Retorno proibido";"Colisão frontal";"Sem Vítimas";"Plena Noite";"Crescente";"Ignorado";"Múltipla";"Interseção de Vias";"Sim";2;0;0;0;2;0;0;2;-22,802729;-43,290424;"SPRF-RJ";"DEL01-RJ";"UOP01-DEL01-RJ"
447607;2022-05-03;"terça-feira";"18:30:00";"SP";116;196;"ARUJA";"Velocidade Incompatível";"Queda de ocupante de veículo";"Com Vítimas Feridas";"Plena Noite";"Crescente";"Céu Claro";"Múltipla";"Reta";"Não";2;0;2;0;0;0;2;1;-23,39265978;-46,2844631;"SPRF-SP";"DEL01-SP";"UOP01-DEL01-SP"
447608;2022-05-03;"terça-feira";"17:50:00";"SE";235;27;"AREIA BRANCA";"Frear bruscamente";"Colisão traseira";"Com Vítimas Feridas";"Plena Noite";"Decrescente";"Chuva";"Simples";"Curva";"Não";5;0;1;0;4;0;1;2;-10,798957;-37,272919;"SPRF-SE";"DEL01-SE";"UOP02-DEL01-SE"
447609;2022-05-03;"terça-feira";"18:35:00";"SC";101;216;"PALHOCA";"Chuva";"Colisão traseira";"Com Vítimas Feridas";"Plena Noite";"Crescente";"Chuva";"Dupla";"Curva;Aclive";"Sim";1;0;1;0;0;0;1;1;-27,65981409;-48,67747798;"SPRF-SC";"DEL01-SC";"UOP02-DEL01-SC"
447610;2022-05-03;"terça-feira";"17:35:00";"MT";364;595;"DIAMANTINO";"Mal súbito do condutor";"Queda de ocupante de veículo";"Com Vítimas Feridas";"Anoitecer";"Crescente";"Nublado";"Simples";"Aclive";"Não";1;0;1;0;0;0;1;1;-14,55263486;-56,22588427;"SPRF-MT";"DEL01-MT";"UOP01-DEL01-MT"
447611;2022-05-03;"terça-feira";"18:00:00";"SP";116;325;"JUQUITIBA";"Transitar no acostamento";"Atropelamento de Pedestre";"Com Vítimas Feridas";"Anoitecer";"Crescente";"Céu Claro";"Dupla";"Reta";"Não";3;0;1;1;1;0;2;2;-23,94085262;-47,05337099;"SPRF-SP";"DEL04-SP";"UOP01-DEL04-SP"
447612;2022-05-03;"terça-feira";"18:00:00";"ES";101;150;"LINHARES";"Ausência de reação do condutor";"Colisão transversal";"Com Vítimas Feridas";"Plena Noite";"Decrescente";"Céu Claro";"Simples";"Rotatória";"Sim";3;0;2;0;1;0;2;2;-19,40436634;-40,06078896;"SPRF-ES";"DEL04-ES";"UOP01-DEL04-ES"
447614;2022-05-03;"terça-feira";"18:45:00";"PR";116;37;"CAMPINA GRANDE DO SUL";"Chuva";"Capotamento";"Com Vítimas Feridas";"Plena Noite";"Crescente";"Garoa/Chuvisco";"Dupla";"Curva";"Não";3;0;2;0;1;0;2;1;-25,13988802;-48,85618719;"SPRF-PR";"DEL01-PR";"UOP02-DEL01-PR"
447615;2022-05-03;"terça-feira";"16:00:00";"MS";163;123;"NAVIRAI";"Velocidade Incompatível";"Colisão traseira";"Sem Vítimas";"Pleno dia";"Crescente";"Garoa/Chuvisco";"Simples";"Reta";"Não";3;0;0;0;3;0;0;2;-23,08970392;-54,22599962;"SPRF-MS";"DEL09-MS";"UOP01-DEL09-MS"
447616;2022-05-03;"terça-feira";"19:30:00";"SP";116;148;"SAO JOSE DOS CAMPOS";"Demais falhas mecânicas ou elétricas";"Colisão traseira";"Sem Vítimas";"Plena Noite";"Decrescente";"Céu Claro";"Dupla";"Reta";"Sim";2;0;0;0;2;0;0;2;-23,20067421;-45,8795018;"SPRF-SP";"DEL02-SP";"UOP01-DEL02-SP"
447617;2022-05-03;"terça-feira";"19:40:00";"ES";101;329;"GUARAPARI";"Avarias e/ou desgaste excessivo no pneu";"Tombamento";"Com Vítimas Feridas";"Plena Noite";"Decrescente";"Céu Claro";"Dupla";"Reta";"Não";2;0;2;0;0;0;2;1;-20,58543019;-40,49702183;"SPRF-ES";"DEL03-ES";"UOP01-DEL03-ES"
447621;2022-02-13;"domingo";"01:45:00";"PR";277;527;"GUARANIACU";"Reação tardia ou ineficiente do condutor";"Saída de leito carroçável";"Com Vítimas Feridas";"Plena Noite";"Crescente";"Céu Claro";"Simples";"Reta";"Não";1;0;1;0;0;0;1;1;-25,091649;-52,949265;"SPRF-PR";"DEL04-PR";"UOP01-DEL04-PR"
447622;2022-05-03;"terça-feira";"19:08:00";"RJ";116;126;"MAGE";"Reação tardia ou ineficiente do condutor";"Colisão traseira";"Sem Vítimas";"Pleno dia";"Crescente";"Céu Claro";"Dupla";"Reta";"Não";3;0;0;0;3;0;0;2;-22,65489354;-43,08636526;"SPRF-RJ";"DEL04-RJ";"UOP02-DEL04-RJ"
447623;2022-05-03;"terça-feira";"19:45:00";"PR";116;12;"COLOMBO";"Reação tardia ou ineficiente do condutor";"Saída de leito carroçável";"Com Vítimas Feridas";"Anoitecer";"Decrescente";"Chuva";"Dupla";"Reta";"Sim";3;0;3;0;0;0;3;1;-25,3755;-49,1496;"SPRF-PR";"DEL01-PR";"UOP02-DEL01-PR"
447625;2022-05-03;"terça-feira";"18:30:00";"SC";101;49;"JOINVILLE";"Velocidade Incompatível";"Atropelamento de Pedestre";"Com Vítimas Feridas";"Plena Noite";"Decrescente";"Chuva";"Simples";"Reta";"Não";1;0;1;0;0;0;1;1;-26,36479799;-48,85878798;"SPRF-SC";"DEL03-SC";"UOP01-DEL03-SC"
447626;2022-05-03;"terça-feira";"20:45:00";"RJ";393;281;"VOLTA REDONDA";"Acessar a via sem observar a presença dos outros veículos";"Colisão transversal";"Com Vítimas Feridas";"Plena Noite";"Crescente";"Céu Claro";"Simples";"Curva";"Sim";2;0;1;0;1;0;1;2;-22,47373595;-44,06126853;"SPRF-RJ";"DEL05-RJ";"UOP04-DEL05-RJ"
447627;2022-05-03;"terça-feira";"18:20:00";"AP";210;3;"MACAPA";"Acessar a via sem observar a presença dos outros veículos";"Colisão lateral mesmo sentido";"Com Vítimas Feridas";"Pleno dia";"Crescente";"Céu Claro";"Simples";"Reta";"Sim";2;0;1;0;1;0;1;2;0,08723365;-51,08569007;"SPRF-AP";"DEL01-AP";"UOP01-DEL01-AP"
447629;2022-05-03;"terça-feira";"21:10:00";"PE";232;17,4;"JABOATAO DOS GUARARAPES";"Reação tardia ou ineficiente do condutor";"Colisão traseira";"Com Vítimas Feridas";"Plena Noite";"Crescente";"Nublado";"Dupla";"Retorno Regulamentado;Reta";"Sim";2;0;1;0;0;1;1;2;-8,09565202;-35,04581599;"SPRF-PE";"DEL01-PE";"UOP01-DEL01-PE"
447630;2022-05-03;"terça-feira";"19:50:00";"RJ";101;199;"CASIMIRO DE ABREU";"Problema com o freio";"Saída de leito carroçável";"Sem Vítimas";"Plena Noite";"Crescente";"Céu Claro";"Dupla";"Reta";"Não";1;0;0;0;1;0;0;1;-22,48771193;-42,13561096;"SPRF-RJ";"DEL08-RJ";"UOP04-DEL08-RJ"
447631;2022-05-03;"terça-feira";"20:31:00";"RR";401;1;"BOA VISTA";"Animais na Pista";"Atropelamento de Animal";"Com Vítimas Feridas";"Plena Noite";"Decrescente";"Nublado";"Múltipla";"Reta";"Sim";1;0;0;1;0;0;1;1;2,80229396;-60,68243402;"SPRF-RR";"DEL01-RR";"UOP01-DEL01-RR"
447633;2022-05-03;"terça-feira";"22:00:00";"BA";418;91,6;"NOVA VICOSA";"Animais na Pista";"Queda de ocupante de veículo";"Com Vítimas Fatais";"Plena Noite";"Decrescente";"Céu Claro";"Simples";"Reta";"Não";1;1;0;0;0;0;0;1;-17,887628;-39,881416;"SPRF-BA";"DEL09-BA";"UOP02-DEL09-BA"
447634;2022-05-03;"terça-feira";"22:35:00";"TO";153;137;"ARAGUAINA";"Ausência de reação do condutor";"Colisão com objeto";"Com Vítimas Feridas";"Anoitecer";"Decrescente";"Céu Claro";"Múltipla";"Rotatória";"Sim";1;0;1;0;0;0;1;1;-7,14630299;-48,20255603;"SPRF-TO";"DEL02-TO";"UOP01-DEL02-TO"
447637;2022-04-17;"domingo";"19:35:00";"RO";319;57;"PORTO VELHO";"Pedestre andava na pista";"Atropelamento de Pedestre";"Com Vítimas Feridas";"Plena Noite";"Decrescente";"Nublado";"Simples";"Reta";"Não";3;0;0;1;1;1;1;2;-8,739714;-63,93214024;"SPRF-RO";"DEL01-RO";"UOP01-DEL01-RO"
447639;2022-05-03;"terça-feira";"21:30:00";"PR";376;450;"TIBAGI";"Velocidade Incompatível";"Saída de leito carroçável";"Com Vítimas Feridas";"Plena Noite";"Crescente";"Chuva";"Dupla";"Reta";"Não";5;0;4;0;1;0;4;1;-24,934557;-50,40438302;"SPRF-PR";"DEL03-PR";"UOP02-DEL03-PR"
447640;2022-05-03;"terça-feira";"20:10:00";"PI";343;320;"TERESINA";"Ingestão de álcool pelo condutor";"Colisão traseira";"Com Vítimas Feridas";"Plena Noite";"Decrescente";"Céu Claro";"Simples";"Reta";"Não";3;0;1;1;1;0;2;3;-5,048756;-42,569283;"SPRF-PI";"DEL01-PI";"UOP01-DEL01-PI"
447642;2022-05-03;"terça-feira";"23:20:00";"ES";262;1,1;"CARIACICA";"Velocidade Incompatível";"Capotamento";"Com Vítimas Feridas";"Plena Noite";"Crescente";"Céu Claro";"Múltipla";"Viaduto";"Sim";2;0;2;0;0;0;2;1;-20,32955204;-40,35492602;"SPRF-ES";"DEL01-ES";"UOP01-DEL01-ES"
447644;2022-05-03;"terça-feira";"23:00:00";"MG";40;785,5;"JUIZ DE FORA";"Ausência de reação do condutor";"Saída de leito carroçável";"Sem Vítimas";"Plena Noite";"Crescente";"Céu Claro";"Dupla";"Reta";"Sim";1;0;0;0;1;0;0;1;-21,73952971;-43,44521999;"SPRF-MG";"DEL05-MG";"UOP01-DEL05-MG"
447645;2022-05-04;"quarta-feira";"00:30:00";"SP";381;13;"BRAGANCA PAULISTA";"Velocidade Incompatível";"Atropelamento de Pedestre";"Com Vítimas Fatais";"Plena Noite";"Decrescente";"Céu Claro";"Múltipla";"Reta;Declive;Em Obras";"Não";4;1;0;0;2;1;0;2;-22,935529;-46,470936;"SPRF-SP";"DEL03-SP";"UOP01-DEL03-SP"
447646;2022-05-03;"terça-feira";"21:48:00";"MA";226;301,1;"BARRA DO CORDA";"Ingestão de álcool pelo condutor";"Colisão frontal";"Com Vítimas Feridas";"Plena Noite";"Decrescente";"Céu Claro";"Simples";"Reta";"Sim";2;0;0;1;1;0;1;2;-5,49793816;-45,25652507;"SPRF-MA";"DEL06-MA";"UOP01-DEL06-MA"
447647;2022-05-04;"quarta-feira";"01:10:00";"SC";280;51,5;"GUARAMIRIM";"Pista esburacada";"Tombamento";"Com Vítimas Feridas";"Plena Noite";"Crescente";"Chuva";"Dupla";"Reta";"Não";2;0;2;0;0;0;2;1;-26,46538871;-48,95544449;"SPRF-SC";"DEL03-SC";"UOP03-DEL03-SC"
447649;2022-05-04;"quarta-feira";"01:00:00";"SC";101;366;"SANGAO";"Ingestão de álcool pelo condutor";"Saída de leito carroçável";"Sem Vítimas";"Plena Noite";"Crescente";"Chuva";"Dupla";"Reta";"Não";1;0;0;0;1;0;0;1;-28,68718511;-49,15621795;"SPRF-SC";"DEL02-SC";"UOP01-DEL02-SC"