"id";"data_inversa";"dia_semana";"horario";"uf";"br";"km";"municipio";"causa_acidente";"tipo_acidente";"classificacao_acidente";"fase_dia";"sentido_via";"condicao_metereologica";"tipo_pista";"tracado_via";"uso_solo";"pessoas";"mortos";"feridos_leves";"feridos_graves";"ilesos";"ignorados";"feridos";"veiculos";"latitude";"longitude";"regional";"delegacia";"uop"
447656;2022-05-04;"quarta-feira";"05:05:00";"PE";423;45;"CACHOEIRINHA";"Condutor deixou de manter distância do veículo da frente";"Colisão traseira";"Com Vítimas Feridas";"Amanhecer";"Crescente";"Céu Claro";"Simples";"Reta";"Não";4;0;1;0;2;1;1;2;-8,53254404;-36,26449193;"SPRF-PE";"DEL03-PE";"UOP01-DEL03-PE"
447657;2022-05-04;"quarta-feira";"05:20:00";"MS";262;489;"ANASTACIO";"Acessar a via sem observar a presença dos outros veículos";"Colisão traseira";"Com Vítimas Feridas";"Plena Noite";"Crescente";"Céu Claro";"Simples";"Reta";"Sim";2;0;1;1;0;0;2;2;-20,49948636;-55,8100648;"SPRF-MS";"DEL03-MS";"UOP01-DEL03-MS"
447660;2022-05-04;"quarta-feira";"07:00:00";"PR";116;124;"FAZENDA RIO GRANDE";"Trafegar com motocicleta (ou similar) entre as faixas";"Colisão traseira";"Com Vítimas Feridas";"Pleno dia";"Decrescente";"Nublado";"Dupla";"Reta";"Sim";2;0;0;1;0;1;1;2;-25,58620703;-49,31436887;"SPRF-PR";"DEL01-PR";"UOP03-DEL01-PR"
447661;2022-05-04;"quarta-feira";"06:40:00";"PR";376;620;"SAO JOSE DOS PINHAIS";"Desrespeitar a preferência no cruzamento";"Colisão transversal";"Com Vítimas Feridas";"Pleno dia";"Crescente";"Nublado";"Múltipla";"Interseção de Vias";"Sim";2;0;1;0;1;0;1;2;-25,61711112;-49,16965485;"SPRF-PR";"DEL01-PR";"UOP04-DEL01-PR"
447662;2022-05-04;"quarta-feira";"07:20:00";"ES";101;146;"LINHARES";"Ausência de reação do condutor";"Colisão traseira";"Com Vítimas Feridas";"Pleno dia";"Crescente";"Sol";"Dupla";"Reta";"Sim";3;0;1;0;2;0;1;2;-19,36990998;-40,06560718;"SPRF-ES";"DEL04-ES";"UOP01-DEL04-ES"
447666;2022-05-04;"quarta-feira";"06:30:00";"MG";40;515;"RIBEIRAO DAS NEVES";"Condutor deixou de manter distância do veículo da frente";"Colisão traseira";"Com Vítimas Feridas";"Pleno dia";"Crescente";"Céu Claro";"Dupla";"Reta";"Não";2;0;1;0;1;0;1;2;-19,8090079;-44,09493479;"SPRF-MG";"DEL01-MG";"UOP02-DEL01-MG"
447667;2022-05-04;"quarta-feira";"07:00:00";"PR";116;121;"CURITIBA";"Trafegar com motocicleta (ou similar) entre as faixas";"Colisão lateral mesmo sentido";"Com Vítimas Feridas";"Pleno dia";"Crescente";"Garoa/Chuvisco";"Dupla";"Aclive;Reta";"Não";2;0;1;0;1;0;1;2;-25,5599323;-49,30743945;"SPRF-PR";"DEL01-PR";"UOP03-DEL01-PR"
447668;2022-05-04;"quarta-feira";"06:10:00";"RJ";40;99;"DUQUE DE CAXIAS";"Manobra de mudança de faixa";"Colisão lateral mesmo sentido";"Com Vítimas Feridas";"Amanhecer";"Crescente";"Céu Claro";"Simples";"Reta";"Sim";2;0;1;0;1;0;1;2;-22,58585204;-43,27716391;"SPRF-RJ";"DEL01-RJ";"UOP01-DEL01-RJ"
447669;2022-04-16;"sábado";"07:45:00";"SP";116;116,9;"TAUBATE";"Manobra de mudança de faixa";"Colisão traseira";"Com Vítimas Feridas";"Pleno dia";"Crescente";"Céu Claro";"Dupla";"Reta";"Sim";2;0;1;1;0;0;2;2;-23,05670685;-45,61511636;"SPRF-SP";"DEL02-SP";"UOP02-DEL02-SP"
447670;2022-05-04;"quarta-feira";"07:20:00";"SC";470;54,5;"BLUMENAU";"Acessar a via sem observar a presença dos outros veículos";"Colisão transversal";"Com Vítimas Feridas";"Pleno dia";"Crescente";"Céu Claro";"Simples";"Rotatória";"Sim";3;0;2;0;1;0;2;2;-26,871065;-49,110374;"SPRF-SC";"DEL04-SC";"UOP01-DEL04-SC"
447671;2022-05-04;"quarta-feira";"07:39:00";"SP";116;270;"TABOAO DA SERRA";"Condutor deixou de manter distância do veículo da frente";"Tombamento";"Com Vítimas Feridas";"Pleno dia";"Decrescente";"Chuva";"Múltipla";"Curva";"Sim";3;0;1;0;1;1;1;2;-23,61799728;-46,79677694;"SPRF-SP";"DEL04-SP";"UOP01-DEL04-SP"
447672;2022-05-03;"terça-feira";"22:30:00";"RS";116;610;"ARROIO GRANDE";"Animais na Pista";"Atropelamento de Animal";"Com Vítimas Feridas";"Plena Noite";"Crescente";"Nublado";"Simples";"Reta";"Não";2;0;1;0;1;0;1;1;-32,2353927;-53,0604752;"SPRF-RS";"DEL07-RS";"UOP03-DEL07-RS"
447673;2022-05-04;"quarta-feira";"08:00:00";"SC";282;16,3;"PALHOCA";"Ultrapassagem Indevida";"Colisão transversal";"Com Vítimas Feridas";"Pleno dia";"Decrescente";"Nublado";"Simples";"Reta";"Não";2;0;1;0;1;0;1;2;-27,658611;-48,681847;"SPRF-SC";"DEL01-SC";"UOP02-DEL01-SC"
447674;2022-05-04;"quarta-feira";"07:40:00";"MG";50;44;"ARAGUARI";"Avarias e/ou desgaste excessivo no pneu";"Tombamento";"Com Vítimas Feridas";"Pleno dia";"Decrescente";"Nublado";"Dupla";"Aclive";"Não";2;0;2;0;0;0;2;1;-18,70561658;-48,19108255;"SPRF-MG";"DEL15-MG";"UOP02-DEL15-MG"
447675;2022-04-19;"terça-feira";"06:45:00";"PR";369;159;"CAMBE";"Animais na Pista";"Queda de ocupante de veículo";"Com Vítimas Feridas";"Pleno dia";"Decrescente";"Céu Claro";"Dupla";"Reta";"Sim";1;0;1;0;0;0;1;1;-23,28315618;-51,24766946;"SPRF-PR";"DEL07-PR";"UOP01-DEL07-PR"
447677;2022-05-04;"quarta-feira";"07:32:00";"SP";381;68;"MAIRIPORA";"Pista Escorregadia";"Colisão traseira";"Com Vítimas Feridas";"Pleno dia";"Crescente";"Garoa/Chuvisco";"Dupla";"Aclive;Curva";"Não";5;0;1;0;4;0;1;3;-23,34379254;-46,57216072;"SPRF-SP";"DEL03-SP";"UOP01-DEL03-SP"
447678;2022-05-04;"quarta-feira";"08:35:00";"PB";230;12;"CABEDELO";"Acesso irregular";"Colisão lateral mesmo sentido";"Com Vítimas Feridas";"Pleno dia";"Decrescente";"Céu Claro";"Dupla";"Reta";"Sim";3;0;2;0;1;0;2;2;-7,068;-34,85;"SPRF-PB";"DEL01-PB";"UOP01-DEL01-PB"
447679;2022-05-04;"quarta-feira";"09:18:00";"ES";101;111;"SOORETAMA";"Condutor deixou de manter distância do veículo da frente";"Colisão traseira";"Com Vítimas Feridas";"Pleno dia";"Crescente";"Céu Claro";"Simples";"Reta";"Não";2;0;0;1;1;0;1;2;-19,07033108;-40,03886483;"SPRF-ES";"DEL04-ES";"UOP01-DEL04-ES"
447681;2022-05-04;"quarta-feira";"09:15:00";"RN";101;94;"NATAL";"Manobra de mudança de faixa";"Colisão transversal";"Com Vítimas Feridas";"Pleno dia";"Crescente";"Chuva";"Simples";"Reta";"Sim";2;0;1;0;1;0;1;2;-5,83176615;-35,21191342;"SPRF-RN";"DEL01-RN";"UOP01-DEL01-RN"
447682;2022-05-04;"quarta-feira";"09:40:00";"RN";101;103;"PARNAMIRIM";"Condutor deixou de manter distância do veículo da frente";"Colisão traseira";"Com Vítimas Feridas";"Pleno dia";"Crescente";"Chuva";"Múltipla";"Reta";"Sim";2;0;1;0;1;0;1;2;-5,89034022;-35,24894996;"SPRF-RN";"DEL01-RN";"UOP01-DEL01-RN"
447687;2022-05-04;"quarta-feira";"09:00:00";"SC";116;174;"SAO CRISTOVAO DO SUL";"Velocidade Incompatível";"Saída de leito carroçável";"Com Vítimas Feridas";"Pleno dia";"Decrescente";"Chuva";"Simples";"Curva";"Não";2;0;1;0;1;0;1;1;-27,22552273;-50,46649712;"SPRF-SC";"DEL05-SC";"UOP03-DEL05-SC"
447690;2022-05-04;"quarta-feira";"10:10:00";"DF";70;3,2;"BRASILIA";"Acessar a via sem observar a presença dos outros veículos";"Engavetamento";"Com Vítimas Feridas";"Pleno dia";"Crescente";"Céu Claro";"Dupla";"Retorno Regulamentado;Declive;Curva";"Sim";3;0;2;0;1;0;2;3;-15,80201972;-48,08368206;"SPRF-DF";"DEL03-DF";"UOP02-DEL03-DF"
447691;2022-05-04;"quarta-feira";"10:00:00";"MG";116;273;"TEOFILO OTONI";"Pista esburacada";"Tombamento";"Com Vítimas Feridas";"Pleno dia";"Crescente";"Céu Claro";"Simples";"Reta";"Não";1;0;1;0;0;0;1;1;-17,82616139;-41,50619857;"SPRF-MG";"DEL11-MG";"UOP01-DEL11-MG"
447693;2022-05-04;"quarta-feira";"06:50:00";"RO";174;15;"VILHENA";"Acessar a via sem observar a presença dos outros veículos";"Colisão frontal";"Com Vítimas Feridas";"Pleno dia";"Crescente";"Nublado";"Simples";"Reta";"Sim";3;0;2;0;1;0;2;2;-12,7239703;-60,12815237;"SPRF-RO";"DEL04-RO";"UOP01-DEL04-RO"
447694;2022-04-20;"quarta-feira";"10:30:00";"SP";116;228;"SAO PAULO";"Reação tardia ou ineficiente do condutor";"Engavetamento";"Sem Vítimas";"Pleno dia";"Crescente";"Sol";"Múltipla";"Reta";"Sim";5;0;0;0;5;0;0;5;-23,50343484;-46,56638712;"SPRF-SP";"DEL01-SP";"UOP01-DEL01-SP"
447695;2022-05-04;"quarta-feira";"09:00:00";"AC";364;124;"RIO BRANCO";"Acessar a via sem observar a presença dos outros veículos";"Colisão transversal";"Com Vítimas Feridas";"Pleno dia";"Crescente";"Chuva";"Dupla";"Reta";"Não";2;0;1;0;1;0;1;2;-10,01152469;-67,79140099;"SPRF-AC";"DEL01-AC";"UOP01-DEL01-AC"
447696;2022-05-04;"quarta-feira";"09:30:00";"MS";262;370,1;"TERENOS";"Ausência de reação do condutor";"Saída de leito carroçável";"Sem Vítimas";"Pleno dia";"Decrescente";"Nublado";"Simples";"Reta";"Não";2;0;0;0;2;0;0;1;-20,48041134;-54,77053642;"SPRF-MS";"DEL01-MS";"UOP03-DEL01-MS"
447698;2022-05-04;"quarta-feira";"10:30:00";"MS";163;479,3;"CAMPO GRANDE";"Acessar a via sem observar a presença dos outros veículos";"Colisão transversal";"Com Vítimas Feridas";"Pleno dia";"Crescente";"Céu Claro";"Simples";"Reta";"Sim";2;0;1;0;1;0;1;2;-20,487322;-54,55929095;"SPRF-MS";"DEL01-MS";"UOP01-DEL01-MS"
447699;2022-03-17;"quinta-feira";"06:30:00";"PR";153;328;"IRATI";"Ingestão de álcool pelo condutor";"Colisão traseira";"Com Vítimas Feridas";"Amanhecer";"Crescente";"Céu Claro";"Simples";"Reta";"Não";3;0;0;1;2;0;1;2;-25,445397;-50,615073;"SPRF-PR";"DEL03-PR";"UOP03-DEL03-PR"
447700;2022-03-24;"quinta-feira";"18:25:00";"PR";476;136,7;"CURITIBA";"Chuva";"Colisão traseira";"Com Vítimas Feridas";"Anoitecer";"Crescente";"Chuva";"Dupla";"Reta";"Sim";5;0;1;0;4;0;1;4;-25,491047;-49,271679;"SPRF-PR";"DEL01-PR";"UOP03-DEL01-PR"
447701;2022-05-04;"quarta-feira";"07:00:00";"GO";158;268;"JATAI";"Chuva";"Tombamento";"Com Vítimas Feridas";"Amanhecer";"Crescente";"Chuva";"Simples";"Reta";"Sim";1;0;1;0;0;0;1;1;-17,846682;-51,73598;"SPRF-GO";"DEL05-GO";"UOP01-DEL05-GO"
447703;2022-05-04;"quarta-feira";"12:00:00";"RS";101;35,3;"TRES CACHOEIRAS";"Velocidade Incompatível";"Colisão com objeto";"Com Vítimas Feridas";"Pleno dia";"Crescente";"Chuva";"Dupla";"Reta";"Não";1;0;0;1;0;0;1;1;-29,51719812;-49,99124485;"SPRF-RS";"DEL03-RS";"UOP02-DEL03-RS"
447704;2022-05-04;"quarta-feira";"08:00:00";"MG";381;371;"SAO GONCALO DO RIO ABAIXO";"Curva acentuada";"Colisão frontal";"Com Vítimas Feridas";"Pleno dia";"Decrescente";"Céu Claro";"Simples";"Curva";"Não";3;0;2;0;1;0;2;3;-19,84407789;-43,30732499;"SPRF-MG";"DEL01-MG";"UOP01-DEL01-MG"
447706;2022-05-04;"quarta-feira";"08:30:00";"PR";373;265;"PRUDENTOPOLIS";"Desrespeitar a preferência no cruzamento";"Colisão transversal";"Com Vítimas Feridas";"Pleno dia";"Crescente";"Céu Claro";"Simples";"Interseção de Vias";"Sim";2;0;1;0;1;0;1;2;-25,20466497;-50,9923132;"SPRF-PR";"DEL08-PR";"UOP01-DEL08-PR"
447707;2022-05-04;"quarta-feira";"08:30:00";"PB";104;172,5;"BARRA DE SANTANA";"Velocidade Incompatível";"Saída de leito carroçável";"Com Vítimas Feridas";"Pleno dia";"Decrescente";"Sol";"Simples";"Curva;Aclive";"Não";1;0;1;0;0;0;1;1;-7,59222;-36,043375;"SPRF-PB";"DEL02-PB";"UOP03-DEL02-PB"
447709;2022-05-04;"quarta-feira";"09:30:00";"SP";459;14;"PIQUETE";"Ultrapassagem Indevida";"Colisão traseira";"Com Vítimas Feridas";"Pleno dia";"Crescente";"Céu Claro";"Simples";"Reta;Declive";"Sim";4;0;2;0;2;0;2;4;-22,60914;-45,177574;"SPRF-SP";"DEL08-SP";"UOP02-DEL08-SP"
447711;2022-05-04;"quarta-feira";"12:58:00";"PR";163;83,2;"PLANALTO";"Desrespeitar a preferência no cruzamento";"Colisão transversal";"Com Vítimas Feridas";"Pleno dia";"Decrescente";"Céu Claro";"Simples";"Interseção de Vias;Reta";"Não";2;0;1;0;1;0;1;2;-25,710075;-53,768616;"SPRF-PR";"DEL02-PR";"UOP02-DEL02-PR"
447712;2022-02-09;"quarta-feira";"19:19:00";"PR";467;94;"CASCAVEL";"Avarias e/ou desgaste excessivo no pneu";"Saída de leito carroçável";"Com Vítimas Feridas";"Plena Noite";"Crescente";"Céu Claro";"Dupla";"Curva";"Não";1;0;0;1;0;0;1;1;-24,8651;-53,5787;"SPRF-PR";"DEL04-PR";"UOP01-DEL04-PR"
447714;2022-05-04;"quarta-feira";"13:45:00";"SP";488;3;"APARECIDA";"Transitar na contramão";"Colisão transversal";"Com Vítimas Feridas";"Pleno dia";"Crescente";"Nublado";"Dupla";"Curva";"Sim";2;0;1;0;1;0;1;2;-22,855059;-45,243423;"SPRF-SP";"DEL08-SP";"UOP01-DEL08-SP"
447715;2022-03-25;"sexta-feira";"13:40:00";"PA";155;312;"MARABA";"Acessar a via sem observar a presença dos outros veículos";"Colisão transversal";"Com Vítimas Feridas";"Pleno dia";"Decrescente";"Céu Claro";"Simples";"Reta";"Sim";2;0;0;1;1;0;1;2;-5,63540102;-49,10492099;"SPRF-PA";"DEL03-PA";"UOP01-DEL03-PA"
447718;2022-05-04;"quarta-feira";"08:50:00";"RJ";495;27;"PETROPOLIS";"Conversão proibida";"Colisão transversal";"Com Vítimas Feridas";"Pleno dia";"Decrescente";"Céu Claro";"Simples";"Curva";"Sim";2;0;1;0;1;0;1;2;-22,397148;-43,110664;"SPRF-RJ";"DEL06-RJ";"UOP01-DEL06-RJ"
447719;2022-05-04;"quarta-feira";"13:10:00";"SC";101;95,2;"BARRA VELHA";"Desrespeitar a preferência no cruzamento";"Colisão transversal";"Com Vítimas Feridas";"Pleno dia";"Decrescente";"Chuva";"Simples";"Interseção de Vias";"Não";3;0;2;0;1;0;2;2;-26,71517707;-48,70227456;"SPRF-SC";"DEL03-SC";"UOP02-DEL03-SC"
447721;2022-05-04;"quarta-feira";"09:25:00";"MG";459;92,8;"POUSO ALEGRE";"Velocidade Incompatível";"Colisão com objeto";"Com Vítimas Feridas";"Pleno dia";"Decrescente";"Nublado";"Simples";"Curva";"Sim";4;0;4;0;0;0;4;1;-22,173647;-46,001644;"SPRF-MG";"DEL09-MG";"UOP01-DEL09-MG"
447722;2022-05-04;"quarta-feira";"15:15:00";"RJ";116;175;"SAO JOAO DE MERITI";"Reação tardia ou ineficiente do condutor";"Colisão traseira";"Com Vítimas Feridas";"Pleno dia";"Crescente";"Nublado";"Dupla";"Reta";"Sim";2;0;1;0;1;0;1;1;-22,78923555;-43,37275272;"SPRF-RJ";"DEL01-RJ";"UOP02-DEL01-RJ"
447723;2022-05-04;"quarta-feira";"08:50:00";"MG";116;752,4;"FERVEDOURO";"Área urbana sem a presença de local apropriado para a travessia de pedestres";"Atropelamento de Pedestre";"Com Vítimas Feridas";"Pleno dia";"Crescente";"Céu Claro";"Simples";"Interseção de Vias";"Sim";2;0;0;1;1;0;1;2;-20,72369443;-42,28027409;"SPRF-MG";"DEL07-MG";"UOP01-DEL07-MG"
447727;2022-05-04;"quarta-feira";"11:40:00";"MG";262;35,5;"MANHUACU";"Ultrapassagem Indevida";"Colisão lateral mesmo sentido";"Com Vítimas Feridas";"Pleno dia";"Decrescente";"Céu Claro";"Simples";"Reta";"Sim";3;0;0;1;1;1;1;3;-20,2592562;-42,01698194;"SPRF-MG";"DEL06-MG";"UOP03-DEL06-MG"
447728;2022-05-04;"quarta-feira";"14:39:00";"ES";101;143;"LINHARES";"Manobra de mudança de faixa";"Colisão lateral mesmo sentido";"Com Vítimas Feridas";"Pleno dia";"Crescente";"Céu Claro";"Dupla";"Reta";"Sim";3;0;2;0;0;1;2;2;-19,34286596;-40,0638568;"SPRF-ES";"DEL04-ES";"UOP01-DEL04-ES"
447730;2022-05-04;"quarta-feira";"16:15:00";"SP";116;223,6;"GUARULHOS";"Reação tardia ou ineficiente do condutor";"Colisão lateral mesmo sentido";"Com Vítimas Feridas";"Pleno dia";"Crescente";"Garoa/Chuvisco";"Múltipla";"Reta";"Sim";4;0;2;0;2;0;2;2;-23,47559815;-46,5246609;"SPRF-SP";"DEL01-SP";"UOP01-DEL01-SP"
447731;2022-03-25;"sexta-feira";"20:55:00";"ES";101;66;"SAO MATEUS";"Acessar a via sem observar a presença dos outros veículos";"Colisão lateral mesmo sentido";"Com Vítimas Feridas";"Plena Noite";"Crescente";"Céu Claro";"Dupla";"Reta";"Sim";2;0;1;0;1;0;1;2;-18,71633323;-39,87556458;"SPRF-ES";"DEL04-ES";"UOP02-DEL04-ES"
447732;2022-05-04;"quarta-feira";"16:45:00";"MG";381;778;"CAMPANHA";"Velocidade Incompatível";"Saída de leito carroçável";"Com Vítimas Feridas";"Pleno dia";"Decrescente";"Chuva";"Dupla";"Curva";"Não";3;0;2;0;1;0;2;1;-21,83280868;-45,50064606;"SPRF-MG";"DEL16-MG";"UOP02-DEL16-MG"
447733;2022-05-04;"quarta-feira";"13:40:00";"SC";101;332;"TUBARAO";"Ausência de reação do condutor";"Saída de leito carroçável";"Sem Vítimas";"Pleno dia";"Crescente";"Chuva";"Simples";"Aclive;Reta";"Não";1;0;0;0;1;0;0;1;-28,46016431;-48,98968873;"SPRF-SC";"DEL02-SC";"UOP01-DEL02-SC"
447735;2022-05-04;"quarta-feira";"16:20:00";"SE";235;2;"ARACAJU";"Animais na Pista";"Saída de leito carroçável";"Com Vítimas Feridas";"Pleno dia";"Crescente";"Céu Claro";"Dupla";"Reta";"Sim";1;0;1;0;0;0;1;1;-10,9062;-37,1034;"SPRF-SE";"DEL01-SE";"UOP01-DEL01-SE"
447736;2022-02-11;"sexta-feira";"10:00:00";"RR";174;383;"CARACARAI";"Reação tardia ou ineficiente do condutor";"Capotamento";"Com Vítimas Feridas";"Pleno dia";"Decrescente";"Céu Claro";"Simples";"Curva";"Não";1;0;1;0;0;0;1;1;1,94302737;-61,07283711;"SPRF-RR";"DEL01-RR";"UOP01-DEL01-RR"
447737;2022-05-04;"quarta-feira";"16:30:00";"MG";40;710,5;"BARBACENA";"Velocidade Incompatível";"Colisão com objeto";"Com Vítimas Feridas";"Anoitecer";"Decrescente";"Chuva";"Dupla";"Aclive;Curva";"Não";1;0;1;0;0;0;1;1;-21,25994117;-43,66275787;"SPRF-MG";"DEL05-MG";"UOP02-DEL05-MG"
447739;2022-05-04;"quarta-feira";"16:35:00";"MG";40;503,9;"ESMERALDAS";"Velocidade Incompatível";"Colisão transversal";"Sem Vítimas";"Pleno dia";"Crescente";"Nublado";"Dupla";"Reta";"Sim";2;0;0;0;2;0;0;2;-19,72138499;-44,15573599;"SPRF-MG";"DEL02-MG";"UOP01-DEL02-MG"
447741;2022-05-04;"quarta-feira";"16:17:00";"BA";324;604;"SIMOES FILHO";"Curva acentuada";"Colisão com objeto";"Com Vítimas Feridas";"Pleno dia";"Crescente";"Céu Claro";"Simples";"Viaduto";"Sim";1;0;1;0;0;0;1;1;-12,77978866;-38,41589628;"SPRF-BA";"DEL01-BA";"UOP01-DEL01-BA"
447743;2022-05-04;"quarta-feira";"16:45:00";"RS";386;18;"FREDERICO WESTPHALEN";"Fumaça";"Incêndio";"Sem Vítimas";"Pleno dia";"Crescente";"Sol";"Simples";"Aclive;Curva";"Não";1;0;0;0;1;0;0;1;-27,26953842;-53,34637731;"SPRF-RS";"DEL08-RS";"UOP02-DEL08-RS"
447744;2022-05-04;"quarta-feira";"16:00:00";"SC";470;139,1;"RIO DO SUL";"Velocidade Incompatível";"Colisão com objeto";"Sem Vítimas";"Pleno dia";"Decrescente";"Chuva";"Dupla";"Interseção de Vias";"Sim";1;0;0;0;1;0;0;1;-27,217564;-49,65461;"SPRF-SC";"DEL04-SC";"UOP02-DEL04-SC"
447745;2022-05-04;"quarta-feira";"15:00:00";"MG";50;136,4;"UBERABA";"Obras na pista";"Colisão lateral mesmo sentido";"Sem Vítimas";"Pleno dia";"Decrescente";"Céu Claro";"Dupla";"Reta";"Não";2;0;0;0;1;1;0;2;-19,44189098;-48,06412595;"SPRF-MG";"DEL13-MG";"UOP01-DEL13-MG"
447746;2022-05-04;"quarta-feira";"16:20:00";"SP";116;158;"JACAREI";"Condutor deixou de manter distância do veículo da frente";"Colisão traseira";"Com Vítimas Feridas";"Pleno dia";"Decrescente";"Nublado";"Dupla";"Reta";"Sim";1;0;1;0;0;0;1;1;-23,26072137;-45,95179176;"SPRF-SP";"DEL02-SP";"UOP01-DEL02-SP"
447747;2022-05-04;"quarta-feira";"17:40:00";"ES";101;212;"IBIRACU";"Ausência de reação do condutor";"Colisão transversal";"Com Vítimas Feridas";"Anoitecer";"Crescente";"Céu Claro";"Simples";"Reta";"Sim";2;0;1;0;0;1;1;2;-19,81537521;-40,36655964;"SPRF-ES";"DEL02-ES";"UOP01-DEL02-ES"
447748;2022-05-04;"quarta-feira";"17:30:00";"MG";381;480;"CONTAGEM";"Ausência de reação do condutor";"Colisão com objeto";"Com Vítimas Feridas";"Amanhecer";"Crescente";"Chuva";"Dupla";"Curva";"Sim";1;0;1;0;0;0;1;1;-19,95915056;-44,06324387;"SPRF-MG";"DEL01-MG";"UOP03-DEL01-MG"
447749;2022-05-04;"quarta-feira";"14:30:00";"PR";476;1;"ADRIANOPOLIS";"Condutor deixou de manter distância do veículo da frente";"Atropelamento de Pedestre";"Com Vítimas Feridas";"Pleno dia";"Decrescente";"Céu Claro";"Simples";"Reta";"Sim";2;0;1;0;1;0;1;2;-24,656624;-48,994186;"SPRF-PR";"DEL01-PR";"UOP01-DEL01-PR"
447752;2022-05-04;"quarta-feira";"16:40:00";"MG";381;521,8;"BRUMADINHO";"Reação tardia ou ineficiente do condutor";"Colisão com objeto";"Com Vítimas Feridas";"Pleno dia";"Decrescente";"Chuva";"Dupla";"Aclive;Curva";"Não";2;0;1;0;1;0;1;1;-20,13846621;-44,31715274;"SPRF-MG";"DEL04-MG";"UOP03-DEL04-MG"
447753;2022-05-04;"quarta-feira";"17:20:00";"PR";376;177,6;"MARINGA";"Condutor deixou de manter distância do veículo da frente";"Colisão traseira";"Sem Vítimas";"Pleno dia";"Crescente";"Céu Claro";"Múltipla";"Reta";"Sim";2;0;0;0;2;0;0;2;-23,41595855;-51,92226484;"SPRF-PR";"DEL09-PR";"UOP01-DEL09-PR"
447755;2022-05-04;"quarta-feira";"18:30:00";"PR";369;155;"LONDRINA";"Reação tardia ou ineficiente do condutor";"Tombamento";"Com Vítimas Feridas";"Plena Noite";"Crescente";"Céu Claro";"Dupla";"Reta";"Sim";1;0;1;0;0;0;1;1;-23,29483;-51,21013;"SPRF-PR";"DEL07-PR";"UOP01-DEL07-PR"
447756;2022-05-04;"quarta-feira";"16:50:00";"MG";381;744;"TRES CORACOES";"Velocidade Incompatível";"Saída de leito carroçável";"Com Vítimas Feridas";"Pleno dia";"Decrescente";"Chuva";"Dupla";"Curva";"Não";1;0;1;0;0;0;1;1;-21,63153073;-45,27650319;"SPRF-MG";"DEL16-MG";"UOP02-DEL16-MG"
447757;2022-05-04;"quarta-feira";"18:00:00";"DF";20;7,7;"BRASILIA";"Área urbana sem a presença de local apropriado para a travessia de pedestres";"Atropelamento de Pedestre";"Com Vítimas Feridas";"Anoitecer";"Crescente";"Céu Claro";"Múltipla";"Aclive";"Sim";2;0;1;1;0;0;2;2;-15,662208;-47,799866;"SPRF-DF";"DEL02-DF";"UOP01-DEL02-DF"
447758;2022-05-04;"quarta-feira";"18:45:00";"CE";20;407;"CAUCAIA";"Entrada inopinada do pedestre";"Atropelamento de Pedestre";"Com Vítimas Fatais";"Plena Noite";"Decrescente";"Céu Claro";"Dupla";"Reta";"Não";2;1;0;0;1;0;0;2;-3,77997872;-38,65829598;"SPRF-CE";"DEL01-CE";"UOP01-DEL01-CE"
447760;2022-05-04;"quarta-feira";"18:15:00";"RO";364;199,9;"PIMENTA BUENO";"Acessar a via sem observar a presença dos outros veículos";"Colisão transversal";"Com Vítimas Feridas";"Plena Noite";"Crescente";"Céu Claro";"Simples";"Interseção de Vias;Reta";"Sim";3;0;1;0;2;0;1;2;-11,661617;-61,191055;"SPRF-RO";"DEL02-RO";"UOP02-DEL02-RO"
447762;2022-05-04;"quarta-feira";"19:10:00";"GO";452;17;"RIO VERDE";"Transitar na contramão";"Colisão frontal";"Com Vítimas Fatais";"Plena Noite";"Decrescente";"Nublado";"Simples";"Reta";"Não";5;2;2;0;0;1;2;3;-17,85575304;-50,75816802;"SPRF-GO";"DEL04-GO";"UOP01-DEL04-GO"
447763;2022-05-04;"quarta-feira";"17:00:00";"MG";262;385,5;"MATEUS LEME";"Velocidade Incompatível";"Saída de leito carroçável";"Com Vítimas Feridas";"Pleno dia";"Decrescente";"Chuva";"Dupla";"Aclive;Curva";"Não";2;0;2;0;0;0;2;1;-19,93325094;-44,42077402;"SPRF-MG";"DEL01-MG";"UOP03-DEL01-MG"
447764;2022-05-04;"quarta-feira";"18:30:00";"MG";40;520;"CONTAGEM";"Velocidade Incompatível";"Queda de ocupante de veículo";"Com Vítimas Feridas";"Plena Noite";"Decrescente";"Chuva";"Dupla";"Reta";"Não";2;0;1;0;1;0;1;1;-19,85651501;-44,07213222;"SPRF-MG";"DEL01-MG";"UOP02-DEL01-MG"
447765;2022-05-04;"quarta-feira";"18:45:00";"PE";104;17;"TAQUARITINGA DO NORTE";"Animais na Pista";"Atropelamento de Animal";"Sem Vítimas";"Plena Noite";"Decrescente";"Céu Claro";"Simples";"Reta";"Não";1;0;0;0;1;0;0;1;-7,931927;-36,11956;"SPRF-PE";"DEL02-PE";"UOP01-DEL02-PE"
447766;2022-05-04;"quarta-feira";"19:15:00";"SP";116;274,5;"TABOAO DA SERRA";"Manobra de mudança de faixa";"Colisão traseira";"Com Vítimas Feridas";"Plena Noite";"Decrescente";"Céu Claro";"Dupla";"Reta";"Sim";2;0;1;0;0;1;1;2;-23,61799728;-46,79677694;"SPRF-SP";"DEL04-SP";"UOP01-DEL04-SP"