"id";"data_inversa";"dia_semana";"horario";"uf";"br";"km";"municipio";"causa_acidente";"tipo_acidente";"classificacao_acidente";"fase_dia";"sentido_via";"condicao_metereologica";"tipo_pista";"tracado_via";"uso_solo";"pessoas";"mortos";"feridos_leves";"feridos_graves";"ilesos";"ignorados";"feridos";"veiculos";"latitude";"longitude";"regional";"delegacia";"uop"
447886;2022-05-05;"quinta-feira";"12:00:00";"PR";376;175;"MARINGA";"Acessar a via sem observar a presença dos outros veículos";"Colisão transversal";"Com Vítimas Feridas";"Pleno dia";"Decrescente";"Céu Claro";"Dupla";"Reta";"Sim";2;0;0;1;1;0;1;2;-23,4113569;-51,9407767;"SPRF-PR";"DEL09-PR";"UOP01-DEL09-PR"
447887;2022-05-05;"quinta-feira";"13:40:00";"GO";60;95;"ANAPOLIS";"Ausência de reação do condutor";"Saída de leito carroçável";"Com Vítimas Feridas";"Pleno dia";"Decrescente";"Céu Claro";"Dupla";"Reta";"Sim";1;0;0;1;0;0;1;1;-16,3611;-48,9328;"SPRF-GO";"DEL02-GO";"UOP01-DEL02-GO"
447888;2022-05-05;"quinta-feira";"13:00:00";"RS";116;151,9;"CAXIAS DO SUL";"Acessar a via sem observar a presença dos outros veículos";"Colisão transversal";"Com Vítimas Feridas";"Pleno dia";"Decrescente";"Céu Claro";"Dupla";"Curva";"Sim";2;0;1;0;1;0;1;2;-29,17694502;-51,16173896;"SPRF-RS";"DEL05-RS";"UOP01-DEL05-RS"
447890;2022-05-05;"quinta-feira";"12:40:00";"RJ";40;113;"DUQUE DE CAXIAS";"Reação tardia ou ineficiente do condutor";"Tombamento";"Com Vítimas Feridas";"Pleno dia";"Decrescente";"Céu Claro";"Múltipla";"Reta";"Sim";1;0;0;1;0;0;1;1;-22,70948502;-43,29040354;"SPRF-RJ";"DEL01-RJ";"UOP01-DEL01-RJ"
447891;2022-05-05;"quinta-feira";"13:20:00";"SC";101;194,5;"BIGUACU";"Reação tardia ou ineficiente do condutor";"Colisão traseira";"Com Vítimas Feridas";"Pleno dia";"Decrescente";"Céu Claro";"Múltipla";"Reta";"Sim";2;0;1;0;1;0;1;2;-27,501584;-48,653044;"SPRF-SC";"DEL01-SC";"UOP01-DEL01-SC"
447892;2022-05-05;"quinta-feira";"13:30:00";"PB";101;94,8;"CONDE";"Demais falhas mecânicas ou elétricas";"Saída de leito carroçável";"Com Vítimas Feridas";"Pleno dia";"Decrescente";"Chuva";"Dupla";"Curva;Declive";"Não";1;0;1;0;0;0;1;1;-7,22401404;-34,91476536;"SPRF-PB";"DEL01-PB";"UOP02-DEL01-PB"
447895;2022-02-13;"domingo";"05:00:00";"PR";277;524,8;"GUARANIACU";"Condutor Dormindo";"Saída de leito carroçável";"Com Vítimas Feridas";"Amanhecer";"Decrescente";"Ignorado";"Simples";"Aclive;Reta";"Não";1;0;0;1;0;0;1;1;-25,11018112;-52,85167802;"SPRF-PR";"DEL04-PR";"UOP01-DEL04-PR"
447896;2022-05-05;"quinta-feira";"12:50:00";"RJ";101;65;"CAMPOS DOS GOYTACAZES";"Condutor deixou de manter distância do veículo da frente";"Colisão traseira";"Com Vítimas Feridas";"Pleno dia";"Decrescente";"Chuva";"Simples";"Reta";"Sim";2;0;1;0;0;1;1;2;-21,75371806;-41,344292;"SPRF-RJ";"DEL08-RJ";"UOP02-DEL08-RJ"
447897;2022-05-05;"quinta-feira";"07:30:00";"MG";365;479,9;"PATROCINIO";"Ausência de reação do condutor";"Colisão com objeto";"Sem Vítimas";"Amanhecer";"Crescente";"Nublado";"Simples";"Reta";"Sim";2;0;0;0;2;0;0;2;-18,8955808;-47,06116277;"SPRF-MG";"DEL10-MG";"UOP01-DEL10-MG"
447900;2022-05-05;"quinta-feira";"14:00:00";"PR";376;391;"IMBAU";"Ausência de reação do condutor";"Saída de leito carroçável";"Com Vítimas Feridas";"Pleno dia";"Decrescente";"Céu Claro";"Dupla";"Curva";"Não";1;0;1;0;0;0;1;1;-24,53023946;-50,69807528;"SPRF-PR";"DEL03-PR";"UOP02-DEL03-PR"
447901;2022-04-05;"terça-feira";"08:50:00";"PR";158;535;"PATO BRANCO";"Reação tardia ou ineficiente do condutor";"Tombamento";"Com Vítimas Feridas";"Pleno dia";"Decrescente";"Céu Claro";"Simples";"Interseção de Vias";"Sim";1;0;1;0;0;0;1;1;-26,23813746;-52,69233758;"SPRF-PR";"DEL02-PR";"UOP01-DEL02-PR"
447903;2022-04-27;"quarta-feira";"06:00:00";"SP";116;227;"GUARULHOS";"Velocidade Incompatível";"Colisão traseira";"Com Vítimas Feridas";"Pleno dia";"Crescente";"Céu Claro";"Múltipla";"Reta";"Sim";2;0;1;0;1;0;1;2;-23,49659264;-46,55648754;"SPRF-SP";"DEL01-SP";"UOP01-DEL01-SP"
447904;2022-05-05;"quinta-feira";"14:58:00";"BA";135;166;"BARREIRAS";"Conversão proibida";"Colisão frontal";"Com Vítimas Feridas";"Pleno dia";"Crescente";"Sol";"Simples";"Declive";"Não";5;0;0;1;2;2;1;3;-12,0560321;-44,96627674;"SPRF-BA";"DEL10-BA";"UOP01-DEL10-BA"
447905;2022-05-05;"quinta-feira";"15:45:00";"MG";381;672,9;"PERDOES";"Manobra de mudança de faixa";"Saída de leito carroçável";"Com Vítimas Feridas";"Pleno dia";"Decrescente";"Sol";"Dupla";"Declive";"Não";1;0;1;0;0;0;1;1;-21,0939261;-45,07727193;"SPRF-MG";"DEL04-MG";"UOP02-DEL04-MG"
447906;2022-05-05;"quinta-feira";"15:50:00";"RJ";101;61;"CAMPOS DOS GOYTACAZES";"Acesso irregular";"Colisão transversal";"Com Vítimas Feridas";"Pleno dia";"Decrescente";"Nublado";"Múltipla";"Reta";"Sim";3;0;1;0;2;0;1;2;-21,72655788;-41,32133519;"SPRF-RJ";"DEL08-RJ";"UOP01-DEL08-RJ"
447911;2022-05-05;"quinta-feira";"16:30:00";"CE";222;228,2;"SOBRAL";"Reação tardia ou ineficiente do condutor";"Colisão transversal";"Sem Vítimas";"Pleno dia";"Crescente";"Céu Claro";"Simples";"Aclive;Reta";"Sim";2;0;0;0;2;0;0;2;-3,69736;-40,38518;"SPRF-CE";"DEL04-CE";"UOP01-DEL04-CE"
447912;2022-05-05;"quinta-feira";"15:18:00";"GO";70;321;"JUSSARA";"Acessar a via sem observar a presença dos outros veículos";"Colisão transversal";"Com Vítimas Feridas";"Pleno dia";"Crescente";"Céu Claro";"Dupla";"Interseção de Vias";"Sim";3;0;0;2;1;0;2;2;-15,87838795;-50,87917686;"SPRF-GO";"DEL04-GO";"UOP01-DEL04-GO"
447915;2022-05-05;"quinta-feira";"16:15:00";"RS";392;3,7;"RIO GRANDE";"Condutor deixou de manter distância do veículo da frente";"Colisão traseira";"Com Vítimas Feridas";"Pleno dia";"Crescente";"Céu Claro";"Simples";"Reta";"Sim";2;0;1;0;0;1;1;2;-32,06221202;-52,08949696;"SPRF-RS";"DEL07-RS";"UOP02-DEL07-RS"
447916;2022-05-05;"quinta-feira";"16:47:00";"GO";153;444;"ANAPOLIS";"Manobra de mudança de faixa";"Colisão lateral mesmo sentido";"Com Vítimas Feridas";"Pleno dia";"Crescente";"Céu Claro";"Dupla";"Reta";"Sim";2;0;1;0;1;0;1;2;-16,343756;-48,9245;"SPRF-GO";"DEL02-GO";"UOP01-DEL02-GO"
447920;2022-05-05;"quinta-feira";"17:30:00";"RJ";101;67;"CAMPOS DOS GOYTACAZES";"Transitar no acostamento";"Colisão transversal";"Com Vítimas Feridas";"Anoitecer";"Crescente";"Garoa/Chuvisco";"Simples";"Interseção de Vias";"Sim";2;0;1;0;1;0;1;2;-21,76751094;-41,34876249;"SPRF-RJ";"DEL08-RJ";"UOP02-DEL08-RJ"
447922;2022-05-05;"quinta-feira";"12:25:00";"SP";116;51,2;"LORENA";"Mal súbito do condutor";"Saída de leito carroçável";"Com Vítimas Feridas";"Pleno dia";"Decrescente";"Sol";"Dupla";"Reta";"Sim";1;0;1;0;0;0;1;1;-22,74412687;-45,09535789;"SPRF-SP";"DEL08-SP";"UOP02-DEL08-SP"
447923;2022-05-05;"quinta-feira";"17:00:00";"MG";40;771,4;"JUIZ DE FORA";"Objeto estático sobre o leito carroçável";"Saída de leito carroçável";"Com Vítimas Feridas";"Pleno dia";"Crescente";"Céu Claro";"Simples";"Reta";"Não";1;0;0;1;0;0;1;1;-21,60932712;-43,45892723;"SPRF-MG";"DEL05-MG";"UOP01-DEL05-MG"
447924;2022-05-05;"quinta-feira";"17:00:00";"SC";470;7;"NAVEGANTES";"Ultrapassagem Indevida";"Colisão lateral mesmo sentido";"Com Vítimas Feridas";"Anoitecer";"Crescente";"Céu Claro";"Dupla";"Reta;Em Obras";"Sim";2;0;1;0;1;0;1;2;-26,84499;-48,71505;"SPRF-SC";"DEL04-SC";"UOP04-DEL04-SC"
447925;2022-03-14;"segunda-feira";"11:30:00";"RS";468;3,9;"PALMEIRA DAS MISSOES";"Acessar a via sem observar a presença dos outros veículos";"Colisão lateral mesmo sentido";"Com Vítimas Feridas";"Pleno dia";"Decrescente";"Céu Claro";"Simples";"Interseção de Vias";"Não";3;0;0;1;2;0;1;2;-27,869644;-53,33387554;"SPRF-RS";"DEL08-RS";"UOP01-DEL08-RS"
447927;2022-05-05;"quinta-feira";"18:25:00";"SP";116;217;"GUARULHOS";"Ausência de reação do condutor";"Queda de ocupante de veículo";"Com Vítimas Feridas";"Plena Noite";"Decrescente";"Garoa/Chuvisco";"Múltipla";"Reta";"Sim";1;0;1;0;0;0;1;1;-23,45423824;-46,47119028;"SPRF-SP";"DEL01-SP";"UOP01-DEL01-SP"
447928;2022-05-05;"quinta-feira";"18:20:00";"DF";70;10;"BRASILIA";"Acessar a via sem observar a presença dos outros veículos";"Colisão transversal";"Sem Vítimas";"Anoitecer";"Decrescente";"Céu Claro";"Dupla";"Reta";"Sim";2;0;0;0;2;0;0;2;-15,787066;-48,140709;"SPRF-DF";"DEL03-DF";"UOP02-DEL03-DF"
447929;2022-05-05;"quinta-feira";"17:40:00";"PR";116;116;"CURITIBA";"Trafegar com motocicleta (ou similar) entre as faixas";"Colisão lateral mesmo sentido";"Com Vítimas Feridas";"Plena Noite";"Decrescente";"Céu Claro";"Múltipla";"Reta";"Não";2;0;1;0;1;0;1;2;-25,55468195;-49,27402397;"SPRF-PR";"DEL01-PR";"UOP06-DEL01-PR"
447930;2022-05-05;"quinta-feira";"18:34:00";"SP";116;223;"GUARULHOS";"Trafegar com motocicleta (ou similar) entre as faixas";"Tombamento";"Com Vítimas Feridas";"Plena Noite";"Crescente";"Garoa/Chuvisco";"Múltipla";"Reta";"Sim";1;0;1;0;0;0;1;1;-23,47559815;-46,5246609;"SPRF-SP";"DEL01-SP";"UOP01-DEL01-SP"
447931;2022-01-05;"quarta-feira";"21:20:00";"PE";101;85,3;"JABOATAO DOS GUARARAPES";"Desvio temporário";"Colisão lateral mesmo sentido";"Com Vítimas Feridas";"Plena Noite";"Crescente";"Nublado";"Dupla";"Desvio Temporário";"Não";3;0;0;2;1;0;2;2;-8,182011;-34,962357;"SPRF-PE";"DEL01-PE";"UOP01-DEL01-PE"
447932;2022-05-05;"quinta-feira";"18:18:00";"AL";316;134;"ESTRELA DE ALAGOAS";"Reação tardia ou ineficiente do condutor";"Colisão transversal";"Com Vítimas Feridas";"Anoitecer";"Crescente";"Ignorado";"Simples";"Reta";"Não";4;0;0;2;2;0;2;2;-9,38980718;-36,81230099;"SPRF-AL";"DEL03-AL";"UOP01-DEL03-AL"
447933;2022-05-05;"quinta-feira";"18:04:00";"ES";101;330,4;"GUARAPARI";"Chuva";"Tombamento";"Com Vítimas Fatais";"Plena Noite";"Crescente";"Chuva";"Dupla";"Curva";"Não";2;1;0;0;0;1;0;2;-20,5929953;-40,50133975;"SPRF-ES";"DEL03-ES";"UOP01-DEL03-ES"
447934;2022-05-05;"quinta-feira";"18:06:00";"ES";482;9;"CACHOEIRO DE ITAPEMIRIM";"Acesso irregular";"Colisão transversal";"Com Vítimas Feridas";"Anoitecer";"Crescente";"Chuva";"Dupla";"Reta";"Não";2;0;1;0;0;1;1;2;-20,86082851;-41,11900797;"SPRF-ES";"DEL03-ES";"UOP02-DEL03-ES"
447935;2022-05-05;"quinta-feira";"18:50:00";"SC";101;196,7;"BIGUACU";"Trafegar com motocicleta (ou similar) entre as faixas";"Colisão traseira";"Com Vítimas Feridas";"Plena Noite";"Decrescente";"Nublado";"Dupla";"Reta";"Sim";2;0;1;0;1;0;1;2;-27,51101091;-48,64322292;"SPRF-SC";"DEL01-SC";"UOP01-DEL01-SC"
447936;2022-05-05;"quinta-feira";"18:20:00";"RS";116;245;"SAO LEOPOLDO";"Acessar a via sem observar a presença dos outros veículos";"Colisão transversal";"Com Vítimas Feridas";"Plena Noite";"Crescente";"Céu Claro";"Múltipla";"Reta";"Sim";2;0;1;0;1;0;1;2;-29,74980902;-51,15125361;"SPRF-RS";"DEL01-RS";"UOP02-DEL01-RS"
447938;2022-05-05;"quinta-feira";"18:00:00";"RJ";101;313;"SAO GONCALO";"Manobra de mudança de faixa";"Colisão lateral mesmo sentido";"Com Vítimas Feridas";"Plena Noite";"Decrescente";"Céu Claro";"Dupla";"Reta";"Não";2;0;1;0;1;0;1;2;-22,81049093;-43,06983304;"SPRF-RJ";"DEL02-RJ";"UOP02-DEL02-RJ"
447942;2022-05-05;"quinta-feira";"18:30:00";"BA";101;271;"SANTO ANTONIO DE JESUS";"Ultrapassagem Indevida";"Colisão lateral sentido oposto";"Com Vítimas Feridas";"Plena Noite";"Decrescente";"Céu Claro";"Simples";"Reta";"Não";2;0;1;0;1;0;1;2;-13,03272564;-39,28912639;"SPRF-BA";"DEL01-BA";"UOP02-DEL01-BA"
447943;2022-05-05;"quinta-feira";"18:50:00";"RS";116;258;"ESTEIO";"Condutor deixou de manter distância do veículo da frente";"Colisão traseira";"Sem Vítimas";"Pleno dia";"Decrescente";"Nublado";"Múltipla";"Reta";"Sim";3;0;0;0;3;0;0;2;-29,86150502;-51,18091535;"SPRF-RS";"DEL01-RS";"UOP02-DEL01-RS"
447944;2022-05-05;"quinta-feira";"18:35:00";"PR";369;198,2;"ARAPONGAS";"Acesso irregular";"Colisão lateral mesmo sentido";"Com Vítimas Feridas";"Plena Noite";"Crescente";"Céu Claro";"Dupla";"Declive";"Não";4;0;0;1;1;2;1;3;-23,52070951;-51,43498421;"SPRF-PR";"DEL07-PR";"UOP03-DEL07-PR"
447945;2022-05-05;"quinta-feira";"18:00:00";"MA";135;9,6;"SAO LUIS";"Reação tardia ou ineficiente do condutor";"Tombamento";"Com Vítimas Feridas";"Plena Noite";"Decrescente";"Chuva";"Dupla";"Reta";"Sim";2;0;1;0;1;0;1;2;-2,64941425;-44,28038883;"SPRF-MA";"DEL01-MA";"UOP01-DEL01-MA"
447947;2022-05-05;"quinta-feira";"17:00:00";"MA";135;5;"SAO LUIS";"Reação tardia ou ineficiente do condutor";"Saída de leito carroçável";"Sem Vítimas";"Anoitecer";"Decrescente";"Céu Claro";"Dupla";"Reta";"Não";6;0;0;0;6;0;0;1;-2,635436;-44,312421;"SPRF-MA";"DEL01-MA";"UOP01-DEL01-MA"
447949;2022-05-05;"quinta-feira";"18:00:00";"SP";116;139;"SAO JOSE DOS CAMPOS";"Animais na Pista";"Atropelamento de Animal";"Com Vítimas Feridas";"Plena Noite";"Decrescente";"Céu Claro";"Dupla";"Reta";"Não";2;0;1;0;0;1;1;2;-23,16153216;-45,80400592;"SPRF-SP";"DEL02-SP";"UOP01-DEL02-SP"
447953;2022-05-05;"quinta-feira";"19:20:00";"PI";316;3,9;"TERESINA";"Condutor desrespeitou a iluminação vermelha do semáforo";"Colisão transversal";"Com Vítimas Feridas";"Plena Noite";"Crescente";"Céu Claro";"Simples";"Viaduto";"Sim";2;0;1;0;1;0;1;2;-5,13596487;-42,78965592;"SPRF-PI";"DEL01-PI";"UOP02-DEL01-PI"
447954;2022-05-05;"quinta-feira";"17:00:00";"RO";364;693;"CANDEIAS DO JAMARI";"Curva acentuada";"Queda de ocupante de veículo";"Com Vítimas Feridas";"Pleno dia";"Decrescente";"Céu Claro";"Dupla";"Curva";"Sim";2;0;0;1;0;1;1;1;-8,79817245;-63,70600462;"SPRF-RO";"DEL01-RO";"UOP01-DEL01-RO"
447955;2022-05-05;"quinta-feira";"18:55:00";"PI";316;3,9;"TERESINA";"Condutor desrespeitou a iluminação vermelha do semáforo";"Colisão transversal";"Com Vítimas Feridas";"Plena Noite";"Crescente";"Céu Claro";"Múltipla";"Interseção de Vias";"Sim";5;0;1;2;2;0;3;4;-5,1358687;-42,78913021;"SPRF-PI";"DEL01-PI";"UOP02-DEL01-PI"
447956;2022-05-05;"quinta-feira";"18:20:00";"CE";222;1,1;"FORTALEZA";"Entrada inopinada do pedestre";"Atropelamento de Pedestre";"Com Vítimas Feridas";"Plena Noite";"Crescente";"Céu Claro";"Múltipla";"Reta";"Sim";2;0;1;0;1;0;1;2;-3,737804;-38,578061;"SPRF-CE";"DEL01-CE";"UOP01-DEL01-CE"
447957;2022-05-05;"quinta-feira";"19:40:00";"ES";262;41;"DOMINGOS MARTINS";"Velocidade Incompatível";"Colisão transversal";"Com Vítimas Feridas";"Plena Noite";"Crescente";"Nublado";"Simples";"Curva";"Não";2;0;1;0;1;0;1;2;-20,38521335;-40,64485887;"SPRF-ES";"DEL01-ES";"UOP01-DEL01-ES"
447958;2022-05-05;"quinta-feira";"18:45:00";"PI";316;0,5;"TERESINA";"Ultrapassagem Indevida";"Colisão lateral mesmo sentido";"Com Vítimas Feridas";"Plena Noite";"Crescente";"Nublado";"Simples";"Reta";"Não";2;0;1;0;1;0;1;2;-5,131168;-42,81564;"SPRF-PI";"DEL01-PI";"UOP02-DEL01-PI"
447961;2022-05-05;"quinta-feira";"19:00:00";"GO";40;29,9;"LUZIANIA";"Ausência de reação do condutor";"Colisão traseira";"Com Vítimas Feridas";"Plena Noite";"Crescente";"Céu Claro";"Dupla";"Curva";"Não";2;0;1;0;1;0;1;2;-16,273718;-47,871456;"SPRF-DF";"DEL01-DF";"UOP01-DEL01-DF"
447962;2022-05-05;"quinta-feira";"19:50:00";"RS";285;447,6;"BOZANO";"Ultrapassagem Indevida";"Colisão frontal";"Sem Vítimas";"Plena Noite";"Decrescente";"Nublado";"Simples";"Curva";"Não";2;0;0;0;2;0;0;2;-28,36481859;-53,81069183;"SPRF-RS";"DEL10-RS";"UOP01-DEL10-RS"
447963;2022-05-05;"quinta-feira";"19:00:00";"RS";285;118,2;"VACARIA";"Acessar a via sem observar a presença dos outros veículos";"Colisão transversal";"Com Vítimas Feridas";"Plena Noite";"Crescente";"Nublado";"Simples";"Interseção de Vias";"Sim";2;0;1;0;1;0;1;2;-28,508183;-50,912724;"SPRF-RS";"DEL05-RS";"UOP03-DEL05-RS"
447964;2022-05-05;"quinta-feira";"20:15:00";"MG";381;892,1;"CAMBUI";"Velocidade Incompatível";"Capotamento";"Com Vítimas Feridas";"Plena Noite";"Decrescente";"Céu Claro";"Dupla";"Reta";"Não";3;0;1;0;2;0;1;1;-22,55706144;-46,03991414;"SPRF-MG";"DEL16-MG";"UOP03-DEL16-MG"
447965;2022-05-05;"quinta-feira";"19:30:00";"PI";316;241;"INHUMA";"Reação tardia ou ineficiente do condutor";"Colisão traseira";"Com Vítimas Feridas";"Plena Noite";"Crescente";"Céu Claro";"Simples";"Reta";"Não";5;0;1;0;4;0;1;2;-6,66104611;-41,71767496;"SPRF-PI";"DEL04-PI";"UOP02-DEL04-PI"
447966;2022-05-05;"quinta-feira";"19:15:00";"MA";316;572;"CAXIAS";"Entrada inopinada do pedestre";"Atropelamento de Pedestre";"Com Vítimas Feridas";"Plena Noite";"Crescente";"Céu Claro";"Dupla";"Retorno Regulamentado;Reta";"Não";3;0;0;1;1;1;1;2;-4,928665;-43,184931;"SPRF-MA";"DEL03-MA";"UOP02-DEL03-MA"
447968;2022-05-05;"quinta-feira";"17:20:00";"DF";40;2,1;"BRASILIA";"Trafegar com motocicleta (ou similar) entre as faixas";"Tombamento";"Com Vítimas Feridas";"Pleno dia";"Decrescente";"Céu Claro";"Dupla";"Reta";"Sim";1;0;1;0;0;0;1;1;-15,99435;-47,985947;"SPRF-DF";"DEL01-DF";"UOP01-DEL01-DF"
447969;2022-05-05;"quinta-feira";"20:40:00";"RS";386;418,8;"MONTENEGRO";"Conversão proibida";"Colisão transversal";"Com Vítimas Fatais";"Plena Noite";"Decrescente";"Céu Claro";"Simples";"Reta";"Não";3;1;0;0;2;0;0;3;-29,81764;-51,432823;"SPRF-RS";"DEL04-RS";"UOP02-DEL04-RS"
447973;2022-05-05;"quinta-feira";"20:40:00";"CE";222;2,8;"FORTALEZA";"Animais na Pista";"Tombamento";"Com Vítimas Feridas";"Plena Noite";"Crescente";"Céu Claro";"Múltipla";"Reta";"Sim";2;0;2;0;0;0;2;1;-3,73911117;-38,58687498;"SPRF-CE";"DEL01-CE";"UOP01-DEL01-CE"
447974;2022-05-05;"quinta-feira";"21:31:00";"BA";324;2,2;"FEIRA DE SANTANA";"Pedestre andava na pista";"Atropelamento de Pedestre";"Com Vítimas Feridas";"Plena Noite";"Crescente";"Céu Claro";"Dupla";"Reta";"Sim";2;0;0;1;1;0;1;2;-12,28485258;-38,95098751;"SPRF-BA";"DEL02-BA";"UOP01-DEL02-BA"
447977;2022-05-05;"quinta-feira";"20:00:00";"PE";423;103,3;"GARANHUNS";"Pedestre andava na pista";"Atropelamento de Pedestre";"Com Vítimas Fatais";"Plena Noite";"Crescente";"Céu Claro";"Simples";"Reta";"Não";4;1;0;0;1;2;0;2;-8,87451577;-36,54667007;"SPRF-PE";"DEL03-PE";"UOP01-DEL03-PE"
447980;2022-05-05;"quinta-feira";"19:10:00";"MG";262;422;"IGARATINGA";"Condutor Dormindo";"Saída de leito carroçável";"Com Vítimas Feridas";"Plena Noite";"Crescente";"Céu Claro";"Dupla";"Reta";"Não";2;0;1;0;1;0;1;1;-19,88477767;-44,72993101;"SPRF-MG";"DEL08-MG";"UOP03-DEL08-MG"
447982;2022-05-05;"quinta-feira";"20:20:00";"RJ";356;76;"ITALVA";"Reação tardia ou ineficiente do condutor";"Colisão transversal";"Com Vítimas Feridas";"Plena Noite";"Crescente";"Céu Claro";"Simples";"Reta";"Sim";2;0;1;0;1;0;1;2;-21,4292092;-41,6933554;"SPRF-RJ";"DEL08-RJ";"UOP03-DEL08-RJ"
447985;2022-05-05;"quinta-feira";"23:30:00";"GO";60;163,3;"GOIANIA";"Ausência de reação do condutor";"Queda de ocupante de veículo";"Com Vítimas Feridas";"Plena Noite";"Decrescente";"Céu Claro";"Dupla";"Reta";"Sim";1;0;1;0;0;0;1;1;-16,7084;-49,3503;"SPRF-GO";"DEL01-GO";"UOP02-DEL01-GO"
447986;2022-05-05;"quinta-feira";"19:40:00";"RO";364;303;"PRESIDENTE MEDICI";"Reação tardia ou ineficiente do condutor";"Saída de leito carroçável";"Com Vítimas Feridas";"Plena Noite";"Decrescente";"Céu Claro";"Simples";"Reta";"Não";2;0;1;1;0;0;2;1;-11,217592;-61,90172;"SPRF-RO";"DEL02-RO";"UOP01-DEL02-RO"
447988;2022-05-06;"sexta-feira";"00:30:00";"DF";40;1,4;"BRASILIA";"Condutor Dormindo";"Saída de leito carroçável";"Com Vítimas Feridas";"Plena Noite";"Decrescente";"Céu Claro";"Dupla";"Reta";"Sim";1;0;0;1;0;0;1;1;-15,99367498;-47,98553467;"SPRF-DF";"DEL01-DF";"UOP01-DEL01-DF"
447989;2022-05-05;"quinta-feira";"22:30:00";"PR";373;180,5;"PONTA GROSSA";"Ingestão de álcool pelo condutor";"Colisão traseira";"Sem Vítimas";"Plena Noite";"Decrescente";"Nublado";"Simples";"Reta";"Não";4;0;0;0;4;0;0;3;-25,041764;-50,255331;"SPRF-PR";"DEL03-PR";"UOP01-DEL03-PR"
447991;2022-05-06;"sexta-feira";"00:30:00";"PB";230;156;"CAMPINA GRANDE";"Animais na Pista";"Atropelamento de Animal";"Com Vítimas Feridas";"Plena Noite";"Crescente";"Garoa/Chuvisco";"Simples";"Declive;Reta";"Sim";1;0;1;0;0;0;1;1;-7,2693;-35,9138;"SPRF-PB";"DEL02-PB";"UOP01-DEL02-PB"
447992;2022-05-05;"quinta-feira";"22:30:00";"MG";116;311;"ITAMBACURI";"Animais na Pista";"Atropelamento de Animal";"Com Vítimas Feridas";"Plena Noite";"Decrescente";"Céu Claro";"Simples";"Reta";"Não";2;0;1;0;1;0;1;1;-18,07704492;-41,68155613;"SPRF-MG";"DEL11-MG";"UOP01-DEL11-MG"
447993;2022-05-06;"sexta-feira";"01:30:00";"SC";101;147,1;"ITAPEMA";"Velocidade Incompatível";"Capotamento";"Com Vítimas Feridas";"Plena Noite";"Decrescente";"Céu Claro";"Dupla";"Reta";"Sim";1;0;1;0;0;0;1;1;-27,09237407;-48,61730888;"SPRF-SC";"DEL04-SC";"UOP03-DEL04-SC"
447994;2022-05-06;"sexta-feira";"02:30:00";"SC";101;144,8;"ITAPEMA";"Reação tardia ou ineficiente do condutor";"Colisão traseira";"Com Vítimas Feridas";"Plena Noite";"Crescente";"Céu Claro";"Dupla";"Reta";"Não";1;0;1;0;0;0;1;1;-27,08139206;-48,60130993;"SPRF-SC";"DEL04-SC";"UOP03-DEL04-SC"
447995;2022-05-06;"sexta-feira";"02:40:00";"RS";116;249,5;"SAO LEOPOLDO";"Condutor Dormindo";"Saída de leito carroçável";"Sem Vítimas";"Plena Noite";"Crescente";"Céu Claro";"Dupla";"Curva";"Sim";5;0;0;0;5;0;0;2;-29,7831804;-51,16099063;"SPRF-RS";"DEL01-RS";"UOP02-DEL01-RS"
447997;2022-05-06;"sexta-feira";"01:30:00";"SP";116;488;"CAJATI";"Reação tardia ou ineficiente do condutor";"Queda de ocupante de veículo";"Com Vítimas Feridas";"Plena Noite";"Crescente";"Céu Claro";"Simples";"Curva";"Sim";1;0;1;0;0;0;1;1;-24,73097634;-48,09815591;"SPRF-SP";"DEL05-SP";"UOP01-DEL05-SP"
447998;2022-05-06;"sexta-feira";"03:55:00";"SC";280;50,6;"GUARAMIRIM";"Ingestão de álcool ou de substâncias psicoativas pelo pedestre";"Atropelamento de Pedestre";"Com Vítimas Feridas";"Plena Noite";"Crescente";"Céu Claro";"Simples";"Em Obras;Reta";"Não";2;0;1;0;1;0;1;2;-26,4619489;-48,94618404;"SPRF-SC";"DEL03-SC";"UOP03-DEL03-SC"
448000;2022-05-06;"sexta-feira";"06:00:00";"SP";116;208;"GUARULHOS";"Reação tardia ou ineficiente do condutor";"Tombamento";"Com Vítimas Feridas";"Amanhecer";"Crescente";"Céu Claro";"Múltipla";"Reta";"Sim";2;0;1;0;0;1;1;2;-23,42222263;-46,3932771;"SPRF-SP";"DEL01-SP";"UOP01-DEL01-SP"
448003;2022-05-06;"sexta-feira";"04:50:00";"RS";293;2,2;"PELOTAS";"Condutor Dormindo";"Saída de leito carroçável";"Com Vítimas Feridas";"Plena Noite";"Decrescente";"Nublado";"Simples";"Rotatória";"Sim";1;0;1;0;0;0;1;1;-31,74115815;-52,36431062;"SPRF-RS";"DEL07-RS";"UOP01-DEL07-RS"
448005;2022-05-06;"sexta-feira";"06:30:00";"MG";40;612,5;"CONGONHAS";"Área urbana sem a presença de local apropriado para a travessia de pedestres";"Atropelamento de Pedestre";"Com Vítimas Feridas";"Amanhecer";"Decrescente";"Nevoeiro/Neblina";"Simples";"Reta";"Não";6;0;0;1;5;0;1;2;-20,52160765;-43,83086096;"SPRF-MG";"DEL05-MG";"UOP02-DEL05-MG"