"id";"data_inversa";"dia_semana";"horario";"uf";"br";"km";"municipio";"causa_acidente";"tipo_acidente";"classificacao_acidente";"fase_dia";"sentido_via";"condicao_metereologica";"tipo_pista";"tracado_via";"uso_solo";"pessoas";"mortos";"feridos_leves";"feridos_graves";"ilesos";"ignorados";"feridos";"veiculos";"latitude";"longitude";"regional";"delegacia";"uop"
448007;2022-05-06;"sexta-feira";"06:40:00";"SC";101;199,7;"SAO JOSE";"Trafegar com motocicleta (ou similar) entre as faixas";"Colisão lateral mesmo sentido";"Com Vítimas Feridas";"Amanhecer";"Crescente";"Céu Claro";"Dupla";"Reta";"Sim";2;0;1;0;1;0;1;2;-27,53413705;-48,63003205;"SPRF-SC";"DEL01-SC";"UOP01-DEL01-SC"
448008;2022-05-06;"sexta-feira";"06:00:00";"MS";163;87;"ITAQUIRAI";"Reação tardia ou ineficiente do condutor";"Colisão com objeto";"Com Vítimas Feridas";"Amanhecer";"Crescente";"Nevoeiro/Neblina";"Simples";"Reta";"Não";2;0;2;0;0;0;2;1;-23,396976;-54,210569;"SPRF-MS";"DEL09-MS";"UOP01-DEL09-MS"
448009;2022-05-05;"quinta-feira";"22:30:00";"SC";280;11;"SAO FRANCISCO DO SUL";"Ausência de reação do condutor";"Queda de ocupante de veículo";"Com Vítimas Feridas";"Plena Noite";"Crescente";"Céu Claro";"Simples";"Reta";"Não";1;0;1;0;0;0;1;1;-26,304752;-48,641014;"SPRF-SC";"DEL03-SC";"UOP03-DEL03-SC"
448011;2022-05-06;"sexta-feira";"06:55:00";"BA";324;0,1;"FEIRA DE SANTANA";"Transitar na contramão";"Colisão frontal";"Com Vítimas Feridas";"Pleno dia";"Crescente";"Céu Claro";"Simples";"Curva";"Sim";3;0;1;1;1;0;2;2;-12,27326998;-38,93603231;"SPRF-BA";"DEL02-BA";"UOP01-DEL02-BA"
448014;2022-05-05;"quinta-feira";"13:00:00";"MG";116;415;"GOVERNADOR VALADARES";"Ultrapassagem Indevida";"Colisão traseira";"Com Vítimas Feridas";"Pleno dia";"Decrescente";"Céu Claro";"Simples";"Reta";"Sim";3;0;1;1;1;0;2;3;-18,9041377;-41,9493979;"SPRF-MG";"DEL06-MG";"UOP01-DEL06-MG"
448015;2022-05-06;"sexta-feira";"07:50:00";"SP";116;225;"GUARULHOS";"Mal súbito do condutor";"Tombamento";"Com Vítimas Feridas";"Pleno dia";"Crescente";"Nublado";"Múltipla";"Reta";"Sim";1;0;1;0;0;0;1;1;-23,48586772;-46,54075317;"SPRF-SP";"DEL01-SP";"UOP01-DEL01-SP"
448016;2022-05-05;"quinta-feira";"19:35:00";"SC";280;4;"SAO FRANCISCO DO SUL";"Ausência de reação do condutor";"Colisão traseira";"Com Vítimas Feridas";"Plena Noite";"Crescente";"Céu Claro";"Simples";"Reta";"Sim";2;0;0;1;1;0;1;2;-26,25329566;-48,61916042;"SPRF-SC";"DEL03-SC";"UOP03-DEL03-SC"
448017;2022-05-06;"sexta-feira";"07:40:00";"BA";324;621;"SALVADOR";"Reação tardia ou ineficiente do condutor";"Colisão traseira";"Com Vítimas Feridas";"Pleno dia";"Crescente";"Nublado";"Dupla";"Reta";"Sim";3;0;1;1;1;0;2;2;-12,91233708;-38,45956983;"SPRF-BA";"DEL01-BA";"UOP01-DEL01-BA"
448018;2022-05-06;"sexta-feira";"06:45:00";"RN";406;169,8;"SAO GONCALO DO AMARANTE";"Manobra de mudança de faixa";"Colisão lateral mesmo sentido";"Com Vítimas Feridas";"Pleno dia";"Crescente";"Chuva";"Dupla";"Reta";"Não";2;0;1;1;0;0;2;2;-5,75768876;-35,30208707;"SPRF-RN";"DEL02-RN";"UOP01-DEL02-RN"
448019;2022-05-06;"sexta-feira";"03:10:00";"MA";10;250;"IMPERATRIZ";"Entrada inopinada do pedestre";"Atropelamento de Pedestre";"Com Vítimas Feridas";"Plena Noite";"Decrescente";"Céu Claro";"Múltipla";"Reta";"Sim";2;0;1;0;1;0;1;2;-5,550874;-47,459305;"SPRF-MA";"DEL04-MA";"UOP01-DEL04-MA"
448021;2022-05-06;"sexta-feira";"06:40:00";"SP";381;89;"GUARULHOS";"Ausência de reação do condutor";"Queda de ocupante de veículo";"Com Vítimas Feridas";"Pleno dia";"Decrescente";"Céu Claro";"Múltipla";"Reta";"Não";1;0;1;0;0;0;1;1;-23,48469299;-46,55983288;"SPRF-SP";"DEL03-SP";"UOP01-DEL03-SP"
448022;2022-05-06;"sexta-feira";"07:00:00";"RO";364;700;"PORTO VELHO";"Ausência de reação do condutor";"Colisão traseira";"Com Vítimas Feridas";"Pleno dia";"Crescente";"Céu Claro";"Dupla";"Reta";"Não";2;0;1;0;1;0;1;2;-8,80049426;-63,76902;"SPRF-RO";"DEL01-RO";"UOP01-DEL01-RO"
448023;2022-05-06;"sexta-feira";"08:05:00";"TO";153;144;"ARAGUAINA";"Condutor deixou de manter distância do veículo da frente";"Colisão traseira";"Com Vítimas Feridas";"Pleno dia";"Crescente";"Céu Claro";"Múltipla";"Aclive";"Sim";2;0;1;0;1;0;1;2;-7,19662811;-48,23636977;"SPRF-TO";"DEL02-TO";"UOP01-DEL02-TO"
448024;2022-05-06;"sexta-feira";"08:00:00";"ES";101;266,7;"SERRA";"Animais na Pista";"Queda de ocupante de veículo";"Com Vítimas Feridas";"Pleno dia";"Crescente";"Céu Claro";"Dupla";"Reta";"Sim";1;0;1;0;0;0;1;1;-20,190199;-40,26828891;"SPRF-ES";"DEL02-ES";"UOP01-DEL02-ES"
448025;2022-05-06;"sexta-feira";"07:45:00";"PR";277;723;"FOZ DO IGUACU";"Desrespeitar a preferência no cruzamento";"Colisão transversal";"Com Vítimas Feridas";"Pleno dia";"Crescente";"Céu Claro";"Dupla";"Retorno Regulamentado";"Sim";2;0;0;1;1;0;1;2;-25,49878215;-54,52985294;"SPRF-PR";"DEL05-PR";"UOP03-DEL05-PR"
448028;2022-05-06;"sexta-feira";"07:30:00";"PR";277;79;"CURITIBA";"Manobra de mudança de faixa";"Colisão lateral mesmo sentido";"Com Vítimas Feridas";"Pleno dia";"Crescente";"Céu Claro";"Dupla";"Reta";"Sim";5;0;2;0;3;0;2;3;-25,47311756;-49,20994699;"SPRF-PR";"DEL01-PR";"UOP01-DEL01-PR"
448029;2022-05-06;"sexta-feira";"07:00:00";"RO";364;426;"JARU";"Desrespeitar a preferência no cruzamento";"Colisão transversal";"Com Vítimas Feridas";"Pleno dia";"Crescente";"Sol";"Simples";"Interseção de Vias";"Sim";2;0;1;0;1;0;1;2;-10,432443;-62,479584;"SPRF-RO";"DEL03-RO";"UOP02-DEL03-RO"
448030;2022-05-06;"sexta-feira";"07:50:00";"RJ";116;7;"SAPUCAIA";"Manobra de mudança de faixa";"Colisão frontal";"Com Vítimas Fatais";"Pleno dia";"Crescente";"Céu Claro";"Simples";"Curva";"Não";5;1;1;3;0;0;4;2;-21,916323;-42,69581596;"SPRF-RJ";"DEL05-RJ";"UOP01-DEL05-RJ"
448034;2022-05-06;"sexta-feira";"08:30:00";"GO";60;100,3;"ANAPOLIS";"Velocidade Incompatível";"Saída de leito carroçável";"Com Vítimas Feridas";"Pleno dia";"Crescente";"Céu Claro";"Simples";"Curva";"Não";1;0;0;1;0;0;1;1;-16,39844644;-48,96821022;"SPRF-GO";"DEL02-GO";"UOP01-DEL02-GO"
448035;2022-04-05;"terça-feira";"18:20:00";"PR";373;422;"CANDOI";"Reação tardia ou ineficiente do condutor";"Colisão com objeto";"Com Vítimas Feridas";"Anoitecer";"Decrescente";"Nublado";"Simples";"Curva";"Não";3;0;0;1;1;1;1;3;-25,71014092;-52,17690468;"SPRF-PR";"DEL08-PR";"UOP01-DEL08-PR"
448036;2022-05-06;"sexta-feira";"08:30:00";"PR";277;729;"FOZ DO IGUACU";"Condutor desrespeitou a iluminação vermelha do semáforo";"Colisão transversal";"Sem Vítimas";"Pleno dia";"Crescente";"Céu Claro";"Dupla";"Interseção de Vias";"Sim";2;0;0;0;2;0;0;2;-25,50749887;-54,58379896;"SPRF-PR";"DEL05-PR";"UOP03-DEL05-PR"
448037;2022-03-12;"sábado";"11:30:00";"RJ";116;167;"SAO JOAO DE MERITI";"Avarias e/ou desgaste excessivo no pneu";"Tombamento";"Com Vítimas Feridas";"Pleno dia";"Decrescente";"Sol";"Dupla";"Reta";"Sim";2;0;1;1;0;0;2;1;-22,81803977;-43,30787252;"SPRF-RJ";"DEL01-RJ";"UOP02-DEL01-RJ"
448038;2022-05-06;"sexta-feira";"08:04:00";"RS";290;95;"PORTO ALEGRE";"Reação tardia ou ineficiente do condutor";"Colisão traseira";"Com Vítimas Feridas";"Pleno dia";"Crescente";"Céu Claro";"Múltipla";"Reta";"Não";2;0;1;0;1;0;1;2;-29,982832;-51,201572;"SPRF-RS";"DEL01-RS";"UOP01-DEL01-RS"
448041;2022-05-06;"sexta-feira";"08:45:00";"MG";116;765,4;"LEOPOLDINA";"Desrespeitar a preferência no cruzamento";"Colisão transversal";"Com Vítimas Feridas";"Pleno dia";"Decrescente";"Céu Claro";"Simples";"Interseção de Vias";"Sim";2;0;0;1;1;0;1;2;-21,5197389;-42,6491103;"SPRF-MG";"DEL07-MG";"UOP01-DEL07-MG"
448043;2022-05-06;"sexta-feira";"09:40:00";"RJ";40;120,9;"DUQUE DE CAXIAS";"Condutor deixou de manter distância do veículo da frente";"Colisão traseira";"Sem Vítimas";"Pleno dia";"Crescente";"Céu Claro";"Simples";"Reta";"Sim";2;0;0;0;2;0;0;2;-22,77280597;-43,28626763;"SPRF-RJ";"DEL01-RJ";"UOP01-DEL01-RJ"
448044;2022-05-06;"sexta-feira";"09:00:00";"GO";153;698;"ITUMBIARA";"Ingestão de álcool pelo condutor";"Saída de leito carroçável";"Sem Vítimas";"Pleno dia";"Decrescente";"Céu Claro";"Dupla";"Reta";"Sim";3;0;0;0;3;0;0;1;-18,3777;-49,2106;"SPRF-GO";"DEL03-GO";"UOP02-DEL03-GO"
448045;2022-05-06;"sexta-feira";"10:30:00";"BA";324;625;"SALVADOR";"Condutor deixou de manter distância do veículo da frente";"Colisão traseira";"Com Vítimas Feridas";"Pleno dia";"Crescente";"Céu Claro";"Dupla";"Reta";"Sim";4;0;1;0;3;0;1;3;-12,947735;-38,47081224;"SPRF-BA";"DEL01-BA";"UOP01-DEL01-BA"
448053;2022-05-06;"sexta-feira";"11:45:00";"SC";101;65;"ARAQUARI";"Ausência de reação do condutor";"Tombamento";"Com Vítimas Feridas";"Pleno dia";"Crescente";"Sol";"Simples";"Reta";"Não";1;0;1;0;0;0;1;1;-26,47135714;-48,74457217;"SPRF-SC";"DEL03-SC";"UOP02-DEL03-SC"
448054;2022-05-06;"sexta-feira";"12:00:00";"MG";40;441;"PARAOPEBA";"Reação tardia ou ineficiente do condutor";"Saída de leito carroçável";"Com Vítimas Feridas";"Pleno dia";"Decrescente";"Céu Claro";"Dupla";"Reta";"Não";2;0;1;0;0;1;1;2;-19,23100428;-44,43562244;"SPRF-MG";"DEL02-MG";"UOP01-DEL02-MG"
448055;2022-04-11;"segunda-feira";"19:20:00";"RS";386;246,7;"SOLEDADE";"Pedestre andava na pista";"Atropelamento de Pedestre";"Com Vítimas Feridas";"Plena Noite";"Crescente";"Céu Claro";"Simples";"Reta";"Sim";2;0;0;1;0;1;1;2;-28,808382;-52,502323;"SPRF-RS";"DEL04-RS";"UOP03-DEL04-RS"
448056;2022-05-06;"sexta-feira";"11:45:00";"PR";476;139;"CURITIBA";"Reação tardia ou ineficiente do condutor";"Colisão traseira";"Sem Vítimas";"Pleno dia";"Crescente";"Sol";"Múltipla";"Reta";"Sim";2;0;0;0;2;0;0;2;-25,51879706;-49,29315632;"SPRF-PR";"DEL01-PR";"UOP03-DEL01-PR"
448059;2022-05-02;"segunda-feira";"20:06:00";"SC";101;159,1;"PORTO BELO";"Pedestre andava na pista";"Atropelamento de Pedestre";"Com Vítimas Fatais";"Plena Noite";"Crescente";"Chuva";"Dupla";"Reta";"Não";2;1;0;0;1;0;0;2;-27,1998778;-48,61534236;"SPRF-SC";"DEL04-SC";"UOP03-DEL04-SC"
448060;2022-05-06;"sexta-feira";"12:35:00";"PR";277;5,1;"PARANAGUA";"Reação tardia ou ineficiente do condutor";"Colisão lateral mesmo sentido";"Sem Vítimas";"Pleno dia";"Crescente";"Sol";"Simples";"Reta;Declive";"Sim";2;0;0;0;1;1;0;2;-25,526853;-48,527351;"SPRF-PR";"DEL01-PR";"UOP05-DEL01-PR"
448061;2022-05-06;"sexta-feira";"12:00:00";"MG";40;440,9;"PARAOPEBA";"Reação tardia ou ineficiente do condutor";"Saída de leito carroçável";"Com Vítimas Feridas";"Pleno dia";"Decrescente";"Céu Claro";"Dupla";"Reta";"Não";1;0;1;0;0;0;1;1;-19,23100428;-44,43562244;"SPRF-MG";"DEL02-MG";"UOP01-DEL02-MG"
448063;2022-05-01;"domingo";"00:05:00";"RS";386;431;"NOVA SANTA RITA";"Condutor deixou de manter distância do veículo da frente";"Engavetamento";"Com Vítimas Feridas";"Plena Noite";"Decrescente";"Chuva";"Dupla";"Reta";"Não";10;0;3;0;7;0;3;4;-29,833067;-51,313625;"SPRF-RS";"DEL04-RS";"UOP02-DEL04-RS"
448064;2022-05-06;"sexta-feira";"13:00:00";"RS";158;1;"SANTANA DO LIVRAMENTO";"Acessar a via sem observar a presença dos outros veículos";"Colisão transversal";"Sem Vítimas";"Pleno dia";"Decrescente";"Céu Claro";"Simples";"Interseção de Vias";"Sim";2;0;0;0;2;0;0;2;-30,87629021;-55,51382396;"SPRF-RS";"DEL08-RS";"UOP02-DEL08-RS"
448065;2022-04-28;"quinta-feira";"17:38:00";"MS";163;258;"DOURADOS";"Acessar a via sem observar a presença dos outros veículos";"Colisão lateral mesmo sentido";"Sem Vítimas";"Plena Noite";"Crescente";"Céu Claro";"Dupla";"Declive";"Sim";2;0;0;0;1;1;0;2;-22,25859;-54,783592;"SPRF-MS";"DEL04-MS";"UOP01-DEL04-MS"
448067;2022-05-06;"sexta-feira";"11:30:00";"RO";364;14;"VILHENA";"Acesso irregular";"Colisão lateral mesmo sentido";"Com Vítimas Feridas";"Pleno dia";"Decrescente";"Céu Claro";"Simples";"Reta";"Sim";2;0;2;0;0;0;2;2;-12,73898138;-60,13911417;"SPRF-RO";"DEL04-RO";"UOP01-DEL04-RO"
448068;2022-05-06;"sexta-feira";"13:30:00";"SC";282;4,5;"FLORIANOPOLIS";"Ingestão de álcool e/ou substâncias psicoativas pelo pedestre";"Atropelamento de Pedestre";"Com Vítimas Feridas";"Pleno dia";"Crescente";"Céu Claro";"Múltipla";"Declive";"Sim";2;0;0;1;1;0;1;2;-27,592646;-48,604034;"SPRF-SC";"DEL01-SC";"UOP01-DEL01-SC"
448069;2022-03-11;"sexta-feira";"10:10:00";"PR";277;78;"SAO JOSE DOS PINHAIS";"Reação tardia ou ineficiente do condutor";"Colisão traseira";"Com Vítimas Feridas";"Pleno dia";"Crescente";"Céu Claro";"Dupla";"Reta";"Sim";2;0;0;1;1;0;1;2;-25,51327981;-49,12433291;"SPRF-PR";"DEL01-PR";"UOP01-DEL01-PR"
448071;2022-05-06;"sexta-feira";"13:20:00";"SC";101;73,7;"ARAQUARI";"Reação tardia ou ineficiente do condutor";"Colisão frontal";"Com Vítimas Feridas";"Pleno dia";"Crescente";"Sol";"Dupla";"Reta";"Não";4;0;0;1;3;0;1;3;-26,53567108;-48,71326731;"SPRF-SC";"DEL03-SC";"UOP02-DEL03-SC"
448073;2022-05-06;"sexta-feira";"14:25:00";"PE";423;52,4;"LAJEDO";"Ingestão de álcool pelo condutor";"Colisão frontal";"Com Vítimas Fatais";"Pleno dia";"Decrescente";"Céu Claro";"Simples";"Reta";"Não";3;1;0;0;2;0;0;2;-8,59012507;-36,28991571;"SPRF-PE";"DEL03-PE";"UOP01-DEL03-PE"
448074;2022-05-06;"sexta-feira";"13:15:00";"PR";376;1;"SAO JOSE DOS PINHAIS";"Semáforo com defeito";"Colisão transversal";"Com Vítimas Feridas";"Pleno dia";"Crescente";"Céu Claro";"Dupla";"Interseção de Vias";"Sim";3;0;1;0;2;0;1;2;-25,55870321;-49,18544769;"SPRF-PR";"DEL01-PR";"UOP04-DEL01-PR"
448075;2022-05-06;"sexta-feira";"13:25:00";"MS";163;36;"ELDORADO";"Ausência de reação do condutor";"Colisão traseira";"Com Vítimas Feridas";"Pleno dia";"Crescente";"Sol";"Dupla";"Reta";"Não";2;0;2;0;0;0;2;2;-23,80607589;-54,31318103;"SPRF-MS";"DEL09-MS";"UOP02-DEL09-MS"
448076;2022-05-06;"sexta-feira";"14:20:00";"ES";101;163;"LINHARES";"Reação tardia ou ineficiente do condutor";"Tombamento";"Com Vítimas Feridas";"Pleno dia";"Crescente";"Céu Claro";"Simples";"Reta";"Não";1;0;1;0;0;0;1;1;-19,49806194;-40,13058524;"SPRF-ES";"DEL04-ES";"UOP01-DEL04-ES"
448077;2022-05-06;"sexta-feira";"13:45:00";"PB";230;123,1;"RIACHAO DO BACAMARTE";"Velocidade Incompatível";"Colisão com objeto";"Com Vítimas Feridas";"Pleno dia";"Crescente";"Chuva";"Simples";"Declive;Reta";"Não";1;0;1;0;0;0;1;1;-7,255471;-35,672509;"SPRF-PB";"DEL02-PB";"UOP01-DEL02-PB"
448078;2022-05-06;"sexta-feira";"15:00:00";"SC";101;206,8;"SAO JOSE";"Frear bruscamente";"Tombamento";"Com Vítimas Feridas";"Pleno dia";"Decrescente";"Céu Claro";"Dupla";"Reta";"Sim";1;0;1;0;0;0;1;1;-27,60001226;-48,6226467;"SPRF-SC";"DEL01-SC";"UOP01-DEL01-SC"
448079;2022-05-06;"sexta-feira";"06:30:00";"PR";277;447,9;"LARANJEIRAS DO SUL";"Velocidade Incompatível";"Saída de leito carroçável";"Com Vítimas Fatais";"Amanhecer";"Crescente";"Céu Claro";"Simples";"Curva";"Não";1;1;0;0;0;0;0;1;-25,37294105;-52,32156;"SPRF-PR";"DEL04-PR";"UOP02-DEL04-PR"
448080;2022-05-06;"sexta-feira";"15:20:00";"BA";242;783;"BARREIRAS";"Reação tardia ou ineficiente do condutor";"Colisão traseira";"Com Vítimas Feridas";"Pleno dia";"Decrescente";"Sol";"Simples";"Reta";"Sim";3;0;0;2;1;0;2;2;-12,14161503;-44,735744;"SPRF-BA";"DEL10-BA";"UOP01-DEL10-BA"
448082;2022-05-06;"sexta-feira";"14:45:00";"SC";282;347,2;"CAMPOS NOVOS";"Ultrapassagem Indevida";"Colisão frontal";"Com Vítimas Fatais";"Pleno dia";"Decrescente";"Céu Claro";"Simples";"Reta";"Não";3;1;0;1;0;1;1;3;-27,367279;-51,258452;"SPRF-SC";"DEL07-SC";"UOP06-DEL07-SC"
448083;2022-05-06;"sexta-feira";"14:30:00";"MT";364;204,9;"RONDONOPOLIS";"Ausência de reação do condutor";"Colisão transversal";"Com Vítimas Feridas";"Pleno dia";"Decrescente";"Sol";"Dupla";"Retorno Regulamentado";"Sim";3;0;2;1;0;0;3;2;-16,467325;-54,657196;"SPRF-MT";"DEL02-MT";"UOP01-DEL02-MT"
448088;2022-05-06;"sexta-feira";"14:25:00";"RO";364;242;"CACOAL";"Reação tardia ou ineficiente do condutor";"Colisão transversal";"Com Vítimas Feridas";"Pleno dia";"Crescente";"Céu Claro";"Simples";"Interseção de Vias";"Sim";5;0;1;0;4;0;1;2;-11,440672;-61,489049;"SPRF-RO";"DEL02-RO";"UOP02-DEL02-RO"
448090;2022-05-06;"sexta-feira";"16:30:00";"MG";116;416;"GOVERNADOR VALADARES";"Reação tardia ou ineficiente do condutor";"Atropelamento de Pedestre";"Com Vítimas Feridas";"Pleno dia";"Crescente";"Nublado";"Simples";"Reta";"Sim";2;0;0;1;1;0;1;2;-18,89215187;-41,94699543;"SPRF-MG";"DEL06-MG";"UOP01-DEL06-MG"
448091;2022-05-06;"sexta-feira";"15:50:00";"BA";101;751;"ITABELA";"Curva acentuada";"Capotamento";"Com Vítimas Feridas";"Pleno dia";"Crescente";"Céu Claro";"Simples";"Curva";"Não";1;0;1;0;0;0;1;1;-16,76698299;-39,47088666;"SPRF-BA";"DEL09-BA";"UOP01-DEL09-BA"
448093;2022-05-06;"sexta-feira";"10:50:00";"MG";116;458,9;"ENGENHEIRO CALDAS";"Velocidade Incompatível";"Colisão frontal";"Com Vítimas Feridas";"Pleno dia";"Crescente";"Sol";"Simples";"Curva";"Não";4;0;3;1;0;0;4;2;-19,21626114;-42,0573808;"SPRF-MG";"DEL06-MG";"UOP02-DEL06-MG"
448094;2022-05-06;"sexta-feira";"16:30:00";"PR";277;120;"CAMPO LARGO";"Reação tardia ou ineficiente do condutor";"Queda de ocupante de veículo";"Com Vítimas Feridas";"Pleno dia";"Crescente";"Céu Claro";"Dupla";"Reta";"Não";2;0;1;0;1;0;1;1;-25,43651772;-49,44346612;"SPRF-PR";"DEL03-PR";"UOP03-DEL03-PR"
448096;2022-05-06;"sexta-feira";"17:00:00";"ES";101;160;"LINHARES";"Desrespeitar a preferência no cruzamento";"Colisão transversal";"Com Vítimas Feridas";"Pleno dia";"Crescente";"Céu Claro";"Simples";"Rotatória";"Sim";4;0;1;0;3;0;1;2;-19,47662979;-40,11402541;"SPRF-ES";"DEL04-ES";"UOP01-DEL04-ES"
448098;2022-05-06;"sexta-feira";"16:40:00";"MG";381;338;"NOVA ERA";"Mal súbito do condutor";"Colisão frontal";"Com Vítimas Feridas";"Pleno dia";"Crescente";"Céu Claro";"Simples";"Declive;Curva";"Não";5;0;2;2;1;0;4;3;-19,795534;-43,053;"SPRF-MG";"DEL03-MG";"UOP01-DEL03-MG"
448099;2022-05-06;"sexta-feira";"16:40:00";"MG";40;549,2;"NOVA LIMA";"Reação tardia ou ineficiente do condutor";"Colisão lateral mesmo sentido";"Com Vítimas Feridas";"Pleno dia";"Decrescente";"Céu Claro";"Dupla";"Curva";"Não";3;0;1;0;2;0;1;2;-20,03972326;-43,96703232;"SPRF-MG";"DEL01-MG";"UOP02-DEL01-MG"
448103;2022-05-06;"sexta-feira";"16:28:00";"SC";101;212,7;"PALHOCA";"Condutor deixou de manter distância do veículo da frente";"Colisão traseira";"Com Vítimas Feridas";"Pleno dia";"Decrescente";"Céu Claro";"Múltipla";"Reta";"Sim";2;0;0;1;1;0;1;2;-27,62996929;-48,65903871;"SPRF-SC";"DEL01-SC";"UOP02-DEL01-SC"
448104;2022-05-06;"sexta-feira";"16:23:00";"PB";104;131,1;"CAMPINA GRANDE";"Condutor deixou de manter distância do veículo da frente";"Colisão traseira";"Com Vítimas Feridas";"Anoitecer";"Decrescente";"Céu Claro";"Simples";"Reta";"Sim";3;0;1;0;1;1;1;2;-7,29900408;-35,89187256;"SPRF-PB";"DEL02-PB";"UOP03-DEL02-PB"
448106;2022-05-06;"sexta-feira";"17:30:00";"BA";324;607;"SIMOES FILHO";"Avarias e/ou desgaste excessivo no pneu";"Tombamento";"Com Vítimas Feridas";"Anoitecer";"Decrescente";"Céu Claro";"Dupla";"Reta";"Sim";2;0;2;0;0;0;2;1;-12,80271203;-38,40391318;"SPRF-BA";"DEL01-BA";"UOP01-DEL01-BA"
448110;2022-05-06;"sexta-feira";"17:00:00";"PR";476;151;"ARAUCARIA";"Manobra de mudança de faixa";"Colisão lateral mesmo sentido";"Com Vítimas Feridas";"Pleno dia";"Crescente";"Céu Claro";"Dupla";"Reta";"Sim";2;0;0;1;1;0;1;2;-25,563601;-49,377041;"SPRF-PR";"DEL01-PR";"UOP03-DEL01-PR"
448113;2022-05-06;"sexta-feira";"16:52:00";"MS";376;170;"NOVA ANDRADINA";"Mal súbito do condutor";"Colisão traseira";"Com Vítimas Feridas";"Anoitecer";"Decrescente";"Céu Claro";"Dupla";"Reta";"Sim";2;0;0;1;1;0;1;2;-22,30822281;-53,39668524;"SPRF-MS";"DEL04-MS";"UOP04-DEL04-MS"
448114;2022-05-01;"domingo";"17:55:00";"MS";163;264;"DOURADOS";"Condutor deixou de manter distância do veículo da frente";"Colisão traseira";"Sem Vítimas";"Plena Noite";"Crescente";"Céu Claro";"Dupla";"Rotatória";"Sim";4;0;0;0;3;1;0;2;-22,22382787;-54,73157667;"SPRF-MS";"DEL04-MS";"UOP01-DEL04-MS"
448115;2022-05-06;"sexta-feira";"17:00:00";"ES";101;217,6;"IBIRACU";"Condutor deixou de manter distância do veículo da frente";"Colisão traseira";"Com Vítimas Feridas";"Anoitecer";"Crescente";"Céu Claro";"Dupla";"Reta";"Não";1;0;1;0;0;0;1;1;-19,847186;-40,384266;"SPRF-ES";"DEL02-ES";"UOP01-DEL02-ES"
448116;2022-05-06;"sexta-feira";"18:28:00";"ES";262;54;"MARECHAL FLORIANO";"Transitar na contramão";"Colisão frontal";"Com Vítimas Feridas";"Plena Noite";"Crescente";"Céu Claro";"Simples";"Curva";"Não";9;0;4;2;3;0;6;2;-20,4167455;-40,76201981;"SPRF-ES";"DEL01-ES";"UOP01-DEL01-ES"
448117;2022-05-06;"sexta-feira";"18:00:00";"ES";101;265;"SERRA";"Reação tardia ou ineficiente do condutor";"Colisão com objeto";"Com Vítimas Feridas";"Plena Noite";"Crescente";"Céu Claro";"Dupla";"Reta";"Sim";1;0;1;0;0;0;1;1;-20,1816849;-40,26536036;"SPRF-ES";"DEL02-ES";"UOP01-DEL02-ES"
448119;2022-05-06;"sexta-feira";"18:25:00";"PE";423;83,3;"JUCATI";"Transitar na contramão";"Colisão frontal";"Com Vítimas Fatais";"Plena Noite";"Crescente";"Céu Claro";"Simples";"Declive";"Não";7;3;1;3;0;0;4;2;-8,79028092;-36,43450918;"SPRF-PE";"DEL03-PE";"UOP01-DEL03-PE"
448120;2022-05-06;"sexta-feira";"18:00:00";"PR";116;127;"FAZENDA RIO GRANDE";"Condutor deixou de manter distância do veículo da frente";"Colisão traseira";"Com Vítimas Feridas";"Plena Noite";"Crescente";"Nublado";"Dupla";"Reta";"Sim";2;0;1;0;1;0;1;2;-25,64889448;-49,31242039;"SPRF-PR";"DEL01-PR";"UOP03-DEL01-PR"
448121;2022-05-06;"sexta-feira";"18:40:00";"MG";40;473;"SETE LAGOAS";"Demais falhas mecânicas ou elétricas";"Tombamento";"Com Vítimas Feridas";"Plena Noite";"Decrescente";"Nublado";"Dupla";"Reta";"Não";1;0;1;0;0;0;1;1;-19,496351;-44,27992;"SPRF-MG";"DEL02-MG";"UOP01-DEL02-MG"
448122;2022-05-06;"sexta-feira";"18:05:00";"ES";101;265,9;"SERRA";"Trafegar com motocicleta (ou similar) entre as faixas";"Queda de ocupante de veículo";"Com Vítimas Feridas";"Plena Noite";"Decrescente";"Céu Claro";"Múltipla";"Reta";"Sim";1;0;1;0;0;0;1;1;-20,1816849;-40,26536036;"SPRF-ES";"DEL02-ES";"UOP01-DEL02-ES"
448123;2022-05-06;"sexta-feira";"18:00:00";"PR";116;107;"SAO JOSE DOS PINHAIS";"Reação tardia ou ineficiente do condutor";"Engavetamento";"Sem Vítimas";"Plena Noite";"Crescente";"Céu Claro";"Dupla";"Reta";"Não";3;0;0;0;3;0;0;3;-25,56989668;-49,18778205;"SPRF-PR";"DEL01-PR";"UOP06-DEL01-PR"
448124;2022-05-06;"sexta-feira";"18:30:00";"RS";287;248,3;"SANTA MARIA";"Ausência de reação do condutor";"Colisão lateral mesmo sentido";"Com Vítimas Feridas";"Anoitecer";"Decrescente";"Céu Claro";"Simples";"Reta;Em Obras";"Sim";2;0;1;0;1;0;1;2;-29,69656202;-53,8482964;"SPRF-RS";"DEL09-RS";"UOP01-DEL09-RS"
448125;2022-05-06;"sexta-feira";"18:30:00";"RS";290;298,6;"CACHOEIRA DO SUL";"Animais na Pista";"Atropelamento de Animal";"Com Vítimas Feridas";"Plena Noite";"Crescente";"Céu Claro";"Simples";"Reta;Declive";"Não";6;0;2;0;4;0;2;2;-30,313189;-53,187477;"SPRF-RS";"DEL09-RS";"UOP02-DEL09-RS"