"id";"data_inversa";"dia_semana";"horario";"uf";"br";"km";"municipio";"causa_acidente";"tipo_acidente";"classificacao_acidente";"fase_dia";"sentido_via";"condicao_metereologica";"tipo_pista";"tracado_via";"uso_solo";"pessoas";"mortos";"feridos_leves";"feridos_graves";"ilesos";"ignorados";"feridos";"veiculos";"latitude";"longitude";"regional";"delegacia";"uop"
448242;2022-05-07;"sábado";"06:50:00";"SC";101;212;"PALHOCA";"Demais falhas mecânicas ou elétricas";"Tombamento";"Com Vítimas Feridas";"Pleno dia";"Decrescente";"Céu Claro";"Simples";"Curva";"Sim";1;0;1;0;0;0;1;1;-27,62996929;-48,65903871;"SPRF-SC";"DEL01-SC";"UOP02-DEL01-SC"
448243;2022-05-07;"sábado";"06:30:00";"MS";163;256;"DOURADOS";"Reação tardia ou ineficiente do condutor";"Colisão com objeto";"Com Vítimas Feridas";"Amanhecer";"Decrescente";"Céu Claro";"Simples";"Rotatória";"Sim";1;0;0;1;0;0;1;1;-22,258688;-54,804028;"SPRF-MS";"DEL04-MS";"UOP01-DEL04-MS"
448244;2022-05-07;"sábado";"04:30:00";"RJ";393;285;"VOLTA REDONDA";"Condutor Dormindo";"Saída de leito carroçável";"Com Vítimas Feridas";"Plena Noite";"Crescente";"Nevoeiro/Neblina";"Simples";"Reta";"Sim";1;0;0;1;0;0;1;1;-22,481726;-44,06308602;"SPRF-RJ";"DEL05-RJ";"UOP04-DEL05-RJ"
448245;2022-05-07;"sábado";"07:20:00";"RS";116;220;"DOIS IRMAOS";"Neblina";"Colisão traseira";"Com Vítimas Feridas";"Amanhecer";"Decrescente";"Nevoeiro/Neblina";"Simples";"Aclive";"Não";2;0;1;0;1;0;1;2;-29,56492079;-51,09188829;"SPRF-RS";"DEL01-RS";"UOP02-DEL01-RS"
448246;2022-05-07;"sábado";"08:00:00";"RJ";101;58;"CAMPOS DOS GOYTACAZES";"Animais na Pista";"Atropelamento de Animal";"Com Vítimas Feridas";"Pleno dia";"Crescente";"Céu Claro";"Simples";"Reta";"Sim";1;0;1;0;0;0;1;1;-21,70488703;-41,30979616;"SPRF-RJ";"DEL08-RJ";"UOP01-DEL08-RJ"
448250;2022-05-07;"sábado";"07:20:00";"PE";428;184;"PETROLINA";"Acesso irregular";"Colisão transversal";"Com Vítimas Feridas";"Pleno dia";"Decrescente";"Céu Claro";"Simples";"Interseção de Vias";"Sim";1;0;1;0;0;0;1;1;-9,33211208;-40,46621385;"SPRF-PE";"DEL06-PE";"UOP01-DEL06-PE"
448251;2022-05-07;"sábado";"07:00:00";"GO";40;13;"LUZIANIA";"Transitar no acostamento";"Colisão traseira";"Sem Vítimas";"Amanhecer";"Crescente";"Céu Claro";"Dupla";"Reta";"Sim";2;0;0;0;0;2;0;2;-16,151832;-47,939162;"SPRF-DF";"DEL01-DF";"UOP01-DEL01-DF"
448252;2022-05-07;"sábado";"07:30:00";"AL";316;121;"CACIMBINHAS";"Acumulo de água sobre o pavimento";"Colisão frontal";"Com Vítimas Feridas";"Pleno dia";"Crescente";"Chuva";"Simples";"Declive";"Não";1;0;1;0;0;0;1;1;-9,39975757;-36,92991397;"SPRF-AL";"DEL03-AL";"UOP01-DEL03-AL"
448253;2022-05-07;"sábado";"08:00:00";"PR";476;137;"CURITIBA";"Condutor desrespeitou a iluminação vermelha do semáforo";"Colisão transversal";"Com Vítimas Feridas";"Pleno dia";"Decrescente";"Céu Claro";"Múltipla";"Reta";"Sim";2;0;1;0;1;0;1;2;-25,49755536;-49,27699685;"SPRF-PR";"DEL01-PR";"UOP03-DEL01-PR"
448254;2022-05-07;"sábado";"08:40:00";"MG";381;499;"BETIM";"Ingestão de álcool pelo condutor";"Colisão traseira";"Sem Vítimas";"Pleno dia";"Crescente";"Céu Claro";"Dupla";"Reta;Aclive";"Não";3;0;0;0;3;0;0;2;-20,01792651;-44,2261448;"SPRF-MG";"DEL01-MG";"UOP03-DEL01-MG"
448255;2022-05-07;"sábado";"07:50:00";"PR";116;20;"ANTONINA";"Demais falhas mecânicas ou elétricas";"Saída de leito carroçável";"Com Vítimas Feridas";"Pleno dia";"Crescente";"Céu Claro";"Dupla";"Declive;Curva";"Não";1;0;1;0;0;0;1;1;-25,10052421;-48,72981603;"SPRF-PR";"DEL01-PR";"UOP02-DEL01-PR"
448257;2022-05-07;"sábado";"09:00:00";"TO";226;70;"WANDERLANDIA";"Acessar a via sem observar a presença dos outros veículos";"Colisão transversal";"Com Vítimas Feridas";"Pleno dia";"Decrescente";"Céu Claro";"Simples";"Reta";"Sim";3;0;2;0;1;0;2;2;-6,847741;-47,961678;"SPRF-TO";"DEL02-TO";"UOP03-DEL02-TO"
448258;2022-05-07;"sábado";"09:20:00";"PB";101;110;"ALHANDRA";"Ausência de reação do condutor";"Tombamento";"Com Vítimas Feridas";"Pleno dia";"Decrescente";"Sol";"Dupla";"Reta";"Sim";2;0;2;0;0;0;2;1;-7,35255626;-34,94940909;"SPRF-PB";"DEL01-PB";"UOP02-DEL01-PB"
448259;2022-05-07;"sábado";"09:30:00";"SC";280;163,7;"MAFRA";"Condutor deixou de manter distância do veículo da frente";"Colisão traseira";"Com Vítimas Feridas";"Pleno dia";"Crescente";"Céu Claro";"Simples";"Reta";"Sim";5;0;2;0;3;0;2;3;-26,1973932633;-49,7975612151;"SPRF-SC";"DEL06-SC";"UOP01-DEL06-SC"
448263;2022-05-07;"sábado";"09:45:00";"RS";116;530,1;"CAPAO DO LEAO";"Desrespeitar a preferência no cruzamento";"Colisão transversal";"Com Vítimas Feridas";"Pleno dia";"Decrescente";"Céu Claro";"Simples";"Interseção de Vias";"Sim";2;0;1;0;1;0;1;2;-31,7590834;-52,43687971;"SPRF-RS";"DEL07-RS";"UOP01-DEL07-RS"
448265;2022-05-07;"sábado";"07:50:00";"GO";20;179;"ALVORADA DO NORTE";"Ingestão de álcool pelo condutor";"Capotamento";"Com Vítimas Feridas";"Pleno dia";"Decrescente";"Céu Claro";"Dupla";"Reta";"Sim";1;0;1;0;0;0;1;1;-14,485163;-46,498554;"SPRF-DF";"DEL02-DF";"UOP03-DEL02-DF"
448266;2022-05-07;"sábado";"08:10:00";"SC";470;68,3;"INDAIAL";"Pista esburacada";"Tombamento";"Com Vítimas Feridas";"Pleno dia";"Decrescente";"Céu Claro";"Simples";"Reta";"Sim";1;0;1;0;0;0;1;1;-26,877615;-49,239231;"SPRF-SC";"DEL04-SC";"UOP01-DEL04-SC"
448268;2022-05-07;"sábado";"10:30:00";"MG";267;87,1;"JUIZ DE FORA";"Conversão proibida";"Colisão transversal";"Com Vítimas Feridas";"Pleno dia";"Crescente";"Nublado";"Simples";"Reta";"Não";2;0;1;0;1;0;1;2;-21,75070983;-43,28034306;"SPRF-MG";"DEL05-MG";"UOP01-DEL05-MG"
448269;2022-05-07;"sábado";"07:40:00";"GO";414;414;"ABADIANIA";"Acessar a via sem observar a presença dos outros veículos";"Colisão transversal";"Com Vítimas Feridas";"Pleno dia";"Crescente";"Céu Claro";"Simples";"Reta";"Não";4;0;0;2;2;0;2;2;-16,09410799;-48,85334801;"SPRF-GO";"DEL02-GO";"UOP01-DEL02-GO"
448270;2022-05-07;"sábado";"10:46:00";"ES";101;213;"IBIRACU";"Ausência de reação do condutor";"Colisão transversal";"Com Vítimas Feridas";"Pleno dia";"Crescente";"Céu Claro";"Simples";"Interseção de Vias";"Não";3;0;1;1;1;0;2;2;-19,82352998;-40,36981894;"SPRF-ES";"DEL02-ES";"UOP01-DEL02-ES"
448272;2022-05-03;"terça-feira";"20:00:00";"RJ";101;506;"ANGRA DOS REIS";"Acessar a via sem observar a presença dos outros veículos";"Colisão transversal";"Com Vítimas Feridas";"Plena Noite";"Crescente";"Céu Claro";"Simples";"Reta";"Sim";2;0;0;1;1;0;1;2;-22,93493041;-44,40487313;"SPRF-RJ";"DEL03-RJ";"UOP03-DEL03-RJ"
448273;2022-05-07;"sábado";"10:22:00";"SP";116;402;"MIRACATU";"Velocidade Incompatível";"Colisão com objeto";"Com Vítimas Fatais";"Pleno dia";"Crescente";"Céu Claro";"Dupla";"Reta";"Sim";21;6;8;5;0;2;13;2;-24,31365773;-47,5187501;"SPRF-SP";"DEL04-SP";"UOP02-DEL04-SP"
448274;2022-05-07;"sábado";"09:50:00";"PB";230;46;"SANTA RITA";"Velocidade Incompatível";"Queda de ocupante de veículo";"Com Vítimas Feridas";"Pleno dia";"Crescente";"Nublado";"Dupla";"Reta";"Não";2;0;1;0;1;0;1;1;-7,1635;-35,025;"SPRF-PB";"DEL01-PB";"UOP03-DEL01-PB"
448275;2022-05-07;"sábado";"09:00:00";"SP";153;12,9;"ICEM";"Mal súbito do condutor";"Saída de leito carroçável";"Com Vítimas Feridas";"Pleno dia";"Decrescente";"Céu Claro";"Simples";"Reta";"Não";2;0;0;1;0;1;1;2;-20,41104595;-49,25376892;"SPRF-SP";"DEL09-SP";"UOP01-DEL09-SP"
448276;2022-05-07;"sábado";"10:40:00";"BA";324;570;"SAO SEBASTIAO DO PASSE";"Condutor deixou de manter distância do veículo da frente";"Colisão traseira";"Com Vítimas Feridas";"Pleno dia";"Decrescente";"Céu Claro";"Dupla";"Reta";"Não";3;0;1;1;1;0;2;2;-12,54603889;-38,58142792;"SPRF-BA";"DEL01-BA";"UOP01-DEL01-BA"
448277;2022-05-07;"sábado";"07:48:00";"MT";364;200;"RONDONOPOLIS";"Manobra de mudança de faixa";"Colisão lateral mesmo sentido";"Com Vítimas Feridas";"Pleno dia";"Crescente";"Céu Claro";"Dupla";"Rotatória";"Sim";2;0;1;0;1;0;1;2;-16,48970111;-54,64682221;"SPRF-MT";"DEL02-MT";"UOP01-DEL02-MT"
448279;2022-05-07;"sábado";"10:20:00";"GO";153;509,2;"APARECIDA DE GOIANIA";"Reação tardia ou ineficiente do condutor";"Saída de leito carroçável";"Com Vítimas Feridas";"Pleno dia";"Crescente";"Céu Claro";"Dupla";"Reta";"Sim";2;0;1;0;1;0;1;1;-16,7888;-49,2379;"SPRF-GO";"DEL01-GO";"UOP03-DEL01-GO"
448281;2022-05-07;"sábado";"10:30:00";"MG";40;510;"RIBEIRAO DAS NEVES";"Condutor deixou de manter distância do veículo da frente";"Colisão traseira";"Com Vítimas Feridas";"Pleno dia";"Decrescente";"Céu Claro";"Dupla";"Declive;Reta";"Sim";2;0;1;0;1;0;1;2;-19,77463885;-44,12321882;"SPRF-MG";"DEL01-MG";"UOP02-DEL01-MG"
448282;2022-05-07;"sábado";"12:10:00";"PR";369;184,6;"ARAPONGAS";"Acessar a via sem observar a presença dos outros veículos";"Colisão transversal";"Com Vítimas Feridas";"Pleno dia";"Crescente";"Céu Claro";"Simples";"Reta";"Sim";2;0;2;0;0;0;2;1;-23,40312283;-51,42801315;"SPRF-PR";"DEL07-PR";"UOP03-DEL07-PR"
448283;2022-05-07;"sábado";"11:40:00";"SC";470;56;"BLUMENAU";"Ausência de reação do condutor";"Colisão traseira";"Com Vítimas Feridas";"Pleno dia";"Crescente";"Céu Claro";"Simples";"Reta";"Não";2;0;0;1;1;0;1;2;-26,87674;-49,127743;"SPRF-SC";"DEL04-SC";"UOP01-DEL04-SC"
448284;2022-05-07;"sábado";"06:00:00";"MA";222;299;"VITORIA DO MEARIM";"Transitar na contramão";"Colisão frontal";"Com Vítimas Feridas";"Amanhecer";"Decrescente";"Céu Claro";"Simples";"Reta";"Não";2;0;0;2;0;0;2;2;-3,49514888;-44,88062146;"SPRF-MA";"DEL02-MA";"UOP01-DEL02-MA"
448286;2022-05-07;"sábado";"11:35:00";"RS";116;241;"NOVO HAMBURGO";"Condutor deixou de manter distância do veículo da frente";"Colisão traseira";"Com Vítimas Feridas";"Pleno dia";"Decrescente";"Céu Claro";"Dupla";"Reta";"Não";5;0;1;0;4;0;1;4;-29,71396796;-51,1476744;"SPRF-RS";"DEL01-RS";"UOP02-DEL01-RS"
448288;2022-05-07;"sábado";"12:00:00";"PR";163;94;"CAPANEMA";"Acessar a via sem observar a presença dos outros veículos";"Colisão transversal";"Com Vítimas Feridas";"Pleno dia";"Decrescente";"Céu Claro";"Simples";"Reta";"Não";2;0;2;0;0;0;2;2;-25,646987;-53,803146;"SPRF-PR";"DEL02-PR";"UOP02-DEL02-PR"
448291;2022-05-07;"sábado";"11:30:00";"RN";226;13,4;"MACAIBA";"Demais falhas mecânicas ou elétricas";"Colisão frontal";"Com Vítimas Feridas";"Pleno dia";"Crescente";"Céu Claro";"Simples";"Reta";"Não";2;0;1;0;1;0;1;2;-5,85297459;-35,31897913;"SPRF-RN";"DEL01-RN";"UOP02-DEL01-RN"
448292;2022-05-07;"sábado";"12:45:00";"BA";110;353;"CATU";"Condutor Dormindo";"Saída de leito carroçável";"Com Vítimas Feridas";"Pleno dia";"Decrescente";"Céu Claro";"Simples";"Declive";"Não";1;0;1;0;0;0;1;1;-12,30978305;-38,37367091;"SPRF-BA";"DEL01-BA";"UOP04-DEL01-BA"
448294;2022-05-07;"sábado";"12:30:00";"MG";40;628,9;"CONSELHEIRO LAFAIETE";"Reação tardia ou ineficiente do condutor";"Colisão traseira";"Com Vítimas Feridas";"Pleno dia";"Crescente";"Sol";"Simples";"Reta";"Sim";2;0;1;0;1;0;1;2;-20,654783;-43,808298;"SPRF-MG";"DEL05-MG";"UOP02-DEL05-MG"
448295;2022-05-07;"sábado";"13:00:00";"RS";116;148;"CAXIAS DO SUL";"Reação tardia ou ineficiente do condutor";"Colisão frontal";"Com Vítimas Feridas";"Pleno dia";"Crescente";"Céu Claro";"Dupla";"Curva";"Sim";4;0;2;0;2;0;2;2;-29,15444539;-51,15101681;"SPRF-RS";"DEL05-RS";"UOP01-DEL05-RS"
448297;2022-05-07;"sábado";"10:55:00";"SC";282;675;"PARAISO";"Ultrapassagem Indevida";"Colisão transversal";"Com Vítimas Feridas";"Pleno dia";"Decrescente";"Céu Claro";"Simples";"Curva";"Não";2;0;1;0;1;0;1;2;-26,6134;-53,677826;"SPRF-SC";"DEL07-SC";"UOP03-DEL07-SC"
448299;2022-05-07;"sábado";"13:40:00";"MG";50;7;"UBERLANDIA";"Ausência de reação do condutor";"Queda de ocupante de veículo";"Com Vítimas Feridas";"Pleno dia";"Crescente";"Céu Claro";"Dupla";"Aclive";"Não";1;0;1;0;0;0;1;1;-18,9113;-48,2622;"SPRF-MG";"DEL15-MG";"UOP01-DEL15-MG"
448300;2022-05-07;"sábado";"13:00:00";"MG";381;494,3;"BETIM";"Acessar a via sem observar a presença dos outros veículos";"Colisão lateral mesmo sentido";"Sem Vítimas";"Pleno dia";"Crescente";"Céu Claro";"Dupla";"Reta";"Não";2;0;0;0;2;0;0;2;-19,985563;-44,20318;"SPRF-MG";"DEL01-MG";"UOP03-DEL01-MG"
448301;2022-05-07;"sábado";"13:15:00";"SP";116;54,6;"LORENA";"Obstrução na via";"Colisão com objeto";"Com Vítimas Feridas";"Pleno dia";"Crescente";"Céu Claro";"Dupla";"Reta";"Sim";1;0;1;0;0;0;1;1;-22,75803895;-45,11508003;"SPRF-SP";"DEL08-SP";"UOP02-DEL08-SP"
448302;2022-04-09;"sábado";"19:45:00";"RS";386;368;"FAZENDA VILANOVA";"Reação tardia ou ineficiente do condutor";"Saída de leito carroçável";"Com Vítimas Feridas";"Plena Noite";"Decrescente";"Nublado";"Dupla";"Reta";"Não";2;0;1;0;1;0;1;1;-29,581799;-51,839783;"SPRF-RS";"DEL04-RS";"UOP02-DEL04-RS"
448303;2022-05-07;"sábado";"13:55:00";"ES";101;149;"LINHARES";"Ausência de reação do condutor";"Colisão transversal";"Com Vítimas Fatais";"Pleno dia";"Crescente";"Céu Claro";"Múltipla";"Interseção de Vias";"Sim";2;1;0;0;1;0;0;2;-19,39619083;-40,06435871;"SPRF-ES";"DEL04-ES";"UOP01-DEL04-ES"
448305;2022-05-07;"sábado";"12:30:00";"MT";163;643;"LUCAS DO RIO VERDE";"Reação tardia ou ineficiente do condutor";"Colisão lateral sentido oposto";"Com Vítimas Feridas";"Pleno dia";"Crescente";"Céu Claro";"Simples";"Reta";"Não";4;0;2;0;2;0;2;2;-13,429576;-56,081047;"SPRF-MT";"DEL06-MT";"UOP01-DEL06-MT"
448306;2022-05-07;"sábado";"14:40:00";"PE";232;5,8;"RECIFE";"Manobra de mudança de faixa";"Colisão traseira";"Com Vítimas Feridas";"Pleno dia";"Crescente";"Chuva";"Dupla";"Reta";"Sim";2;0;1;0;1;0;1;2;-8,06795766;-34,94535414;"SPRF-PE";"DEL01-PE";"UOP01-DEL01-PE"
448309;2022-05-07;"sábado";"14:50:00";"SC";101;214;"PALHOCA";"Demais falhas mecânicas ou elétricas";"Queda de ocupante de veículo";"Com Vítimas Feridas";"Pleno dia";"Crescente";"Céu Claro";"Dupla";"Reta";"Sim";2;0;1;0;1;0;1;1;-27,64443;-48,67057;"SPRF-SC";"DEL01-SC";"UOP02-DEL01-SC"
448311;2022-05-07;"sábado";"15:00:00";"SC";101;200;"SAO JOSE";"Demais falhas mecânicas ou elétricas";"Incêndio";"Sem Vítimas";"Pleno dia";"Crescente";"Sol";"Múltipla";"Reta;Declive";"Sim";1;0;0;0;1;0;0;1;-27,54018513;-48,62287714;"SPRF-SC";"DEL01-SC";"UOP01-DEL01-SC"
448312;2022-05-07;"sábado";"15:00:00";"RN";304;46,2;"MOSSORO";"Ausência de reação do condutor";"Colisão lateral mesmo sentido";"Com Vítimas Feridas";"Pleno dia";"Decrescente";"Nublado";"Dupla";"Reta";"Sim";2;0;1;0;0;1;1;2;-5,22579384;-37,340046;"SPRF-RN";"DEL04-RN";"UOP01-DEL04-RN"
448315;2022-05-07;"sábado";"15:10:00";"PB";101;72,4;"SANTA RITA";"Reação tardia ou ineficiente do condutor";"Colisão com objeto";"Com Vítimas Feridas";"Pleno dia";"Decrescente";"Céu Claro";"Simples";"Reta";"Não";2;0;1;0;1;0;1;1;-7,07320663;-34,99569975;"SPRF-PB";"DEL01-PB";"UOP04-DEL01-PB"
448317;2022-05-07;"sábado";"06:15:00";"PR";277;299;"GUARAPUAVA";"Ausência de reação do condutor";"Saída de leito carroçável";"Com Vítimas Feridas";"Pleno dia";"Decrescente";"Céu Claro";"Simples";"Reta";"Não";1;0;1;0;0;0;1;1;-25,3142531;-51,08912399;"SPRF-PR";"DEL08-PR";"UOP01-DEL08-PR"
448319;2022-05-07;"sábado";"06:00:00";"MG";116;550,1;"SANTA BARBARA DO LESTE";"Condutor Dormindo";"Saída de leito carroçável";"Com Vítimas Feridas";"Amanhecer";"Crescente";"Céu Claro";"Múltipla";"Aclive";"Não";1;0;0;1;0;0;1;1;-19,96878195;-42,1364542;"SPRF-MG";"DEL06-MG";"UOP02-DEL06-MG"
448321;2022-04-14;"quinta-feira";"07:40:00";"SP";381;89;"GUARULHOS";"Manobra de mudança de faixa";"Colisão lateral mesmo sentido";"Com Vítimas Feridas";"Pleno dia";"Crescente";"Céu Claro";"Múltipla";"Reta";"Não";3;0;1;0;2;0;1;2;-23,47008124;-46,56675339;"SPRF-SP";"DEL03-SP";"UOP01-DEL03-SP"
448322;2022-05-07;"sábado";"15:45:00";"RS";116;233;"NOVO HAMBURGO";"Condutor deixou de manter distância do veículo da frente";"Colisão traseira";"Com Vítimas Feridas";"Pleno dia";"Decrescente";"Céu Claro";"Simples";"Reta";"Sim";3;0;1;0;2;0;1;2;-29,64206007;-51,14268362;"SPRF-RS";"DEL01-RS";"UOP02-DEL01-RS"
448323;2022-05-07;"sábado";"16:30:00";"RJ";116;66;"TERESOPOLIS";"Demais falhas mecânicas ou elétricas";"Incêndio";"Sem Vítimas";"Pleno dia";"Decrescente";"Nublado";"Simples";"Reta";"Sim";6;0;0;0;6;0;0;1;-22,28530513;-42,9306046;"SPRF-RJ";"DEL04-RJ";"UOP01-DEL04-RJ"
448324;2022-05-07;"sábado";"15:30:00";"SC";101;144;"ITAPEMA";"Reação tardia ou ineficiente do condutor";"Colisão traseira";"Com Vítimas Feridas";"Pleno dia";"Decrescente";"Céu Claro";"Dupla";"Reta";"Não";2;0;1;0;1;0;1;2;-27,0732659;-48,59672716;"SPRF-SC";"DEL04-SC";"UOP03-DEL04-SC"
448325;2022-05-07;"sábado";"16:00:00";"PR";369;176;"ROLANDIA";"Acesso irregular";"Colisão transversal";"Com Vítimas Feridas";"Pleno dia";"Crescente";"Céu Claro";"Simples";"Reta";"Sim";3;0;2;0;1;0;2;2;-23,33736978;-51,38829231;"SPRF-PR";"DEL07-PR";"UOP01-DEL07-PR"
448326;2022-05-07;"sábado";"15:00:00";"GO";40;11,5;"LUZIANIA";"Ingestão de álcool pelo condutor";"Colisão lateral mesmo sentido";"Com Vítimas Feridas";"Pleno dia";"Decrescente";"Sol";"Dupla";"Reta";"Sim";2;0;1;0;1;0;1;2;-16,138336;-47,951644;"SPRF-DF";"DEL01-DF";"UOP01-DEL01-DF"
448328;2022-05-06;"sexta-feira";"00:00:00";"SP";116;137;"SAO JOSE DOS CAMPOS";"Avarias e/ou desgaste excessivo no pneu";"Tombamento";"Com Vítimas Feridas";"Plena Noite";"Crescente";"Garoa/Chuvisco";"Dupla";"Reta";"Não";2;0;1;0;1;0;1;1;-23,15300766;-45,78709317;"SPRF-SP";"DEL02-SP";"UOP01-DEL02-SP"
448330;2022-05-07;"sábado";"16:30:00";"PR";469;17;"FOZ DO IGUACU";"Condutor deixou de manter distância do veículo da frente";"Colisão traseira";"Com Vítimas Feridas";"Pleno dia";"Decrescente";"Sol";"Simples";"Declive";"Não";4;0;2;0;2;0;2;2;-25,5906;-54,5172;"SPRF-PR";"DEL05-PR";"UOP04-DEL05-PR"
448332;2022-05-07;"sábado";"16:00:00";"MG";381;373;"SAO GONCALO DO RIO ABAIXO";"Velocidade Incompatível";"Saída de leito carroçável";"Com Vítimas Feridas";"Pleno dia";"Decrescente";"Nublado";"Simples";"Declive;Curva";"Não";2;0;0;2;0;0;2;1;-19,84407789;-43,30732499;"SPRF-MG";"DEL01-MG";"UOP01-DEL01-MG"
448333;2022-05-07;"sábado";"15:30:00";"BA";101;907;"NOVA VICOSA";"Acostamento em desnível";"Saída de leito carroçável";"Com Vítimas Feridas";"Pleno dia";"Decrescente";"Nublado";"Simples";"Reta";"Não";2;0;2;0;0;0;2;1;-17,97708599;-39,85899609;"SPRF-BA";"DEL09-BA";"UOP02-DEL09-BA"
448334;2022-05-07;"sábado";"15:45:00";"PR";116;35;"CAMPINA GRANDE DO SUL";"Ingestão de álcool pelo condutor";"Saída de leito carroçável";"Sem Vítimas";"Pleno dia";"Decrescente";"Céu Claro";"Dupla";"Reta";"Não";1;0;0;0;1;0;0;1;-25,12294607;-48,85610579;"SPRF-PR";"DEL01-PR";"UOP02-DEL01-PR"
448335;2022-05-07;"sábado";"16:30:00";"RJ";40;82;"PETROPOLIS";"Retorno proibido";"Colisão transversal";"Com Vítimas Feridas";"Anoitecer";"Crescente";"Chuva";"Simples";"Rotatória";"Sim";5;0;2;0;2;1;2;3;-22,51183137;-43,23076171;"SPRF-RJ";"DEL06-RJ";"UOP01-DEL06-RJ"
448336;2022-05-07;"sábado";"16:55:00";"RS";386;435,6;"NOVA SANTA RITA";"Velocidade Incompatível";"Colisão com objeto";"Com Vítimas Feridas";"Pleno dia";"Decrescente";"Céu Claro";"Simples";"Curva";"Sim";1;0;0;1;0;0;1;1;-29,846369;-51,275738;"SPRF-RS";"DEL04-RS";"UOP02-DEL04-RS"
448337;2022-05-07;"sábado";"17:21:00";"ES";262;100;"VENDA NOVA DO IMIGRANTE";"Ingestão de álcool pelo condutor";"Capotamento";"Sem Vítimas";"Anoitecer";"Decrescente";"Céu Claro";"Simples";"Curva;Declive";"Não";1;0;0;0;1;0;0;1;-20,34889991;-41,102073;"SPRF-ES";"DEL01-ES";"UOP02-DEL01-ES"
448338;2022-05-07;"sábado";"15:20:00";"RJ";116;182;"NOVA IGUACU";"Trafegar com motocicleta (ou similar) entre as faixas";"Colisão lateral mesmo sentido";"Com Vítimas Feridas";"Pleno dia";"Decrescente";"Nublado";"Dupla";"Reta";"Sim";2;0;0;1;1;0;1;2;-22,7567755;-43,43107234;"SPRF-RJ";"DEL01-RJ";"UOP02-DEL01-RJ"
448339;2022-05-07;"sábado";"16:00:00";"SC";101;2;"GARUVA";"Frear bruscamente";"Saída de leito carroçável";"Com Vítimas Feridas";"Pleno dia";"Decrescente";"Garoa/Chuvisco";"Dupla";"Curva";"Não";2;0;1;0;1;0;1;1;-25,99699834;-48,87891655;"SPRF-SC";"DEL03-SC";"UOP01-DEL03-SC"
448340;2022-05-07;"sábado";"17:44:00";"ES";262;19;"VIANA";"Acessar a via sem observar a presença dos outros veículos";"Colisão transversal";"Com Vítimas Feridas";"Pleno dia";"Crescente";"Céu Claro";"Simples";"Reta";"Não";2;0;2;0;0;0;2;2;-20,3919143;-40,49002338;"SPRF-ES";"DEL01-ES";"UOP01-DEL01-ES"
448341;2022-05-07;"sábado";"16:40:00";"RJ";101;57;"CAMPOS DOS GOYTACAZES";"Acessar a via sem observar a presença dos outros veículos";"Colisão transversal";"Sem Vítimas";"Pleno dia";"Decrescente";"Céu Claro";"Simples";"Reta";"Sim";2;0;0;0;2;0;0;2;-21,69602101;-41,31017467;"SPRF-RJ";"DEL08-RJ";"UOP01-DEL08-RJ"
448343;2022-05-07;"sábado";"17:15:00";"ES";101;343,2;"GUARAPARI";"Ingestão de álcool pelo condutor";"Colisão traseira";"Com Vítimas Feridas";"Anoitecer";"Decrescente";"Céu Claro";"Dupla";"Reta";"Não";4;0;2;0;2;0;2;2;-20,66191662;-40,59045821;"SPRF-ES";"DEL03-ES";"UOP01-DEL03-ES"
448345;2022-04-08;"sexta-feira";"16:30:00";"SC";101;203;"SAO JOSE";"Acessar a via sem observar a presença dos outros veículos";"Colisão lateral mesmo sentido";"Sem Vítimas";"Pleno dia";"Crescente";"Céu Claro";"Dupla";"Reta";"Sim";1;0;0;0;1;0;0;1;-27,5650044;-48,61460082;"SPRF-SC";"DEL01-SC";"UOP01-DEL01-SC"
448347;2022-05-07;"sábado";"14:30:00";"MT";163;672,8;"LUCAS DO RIO VERDE";"Ingestão de álcool pelo condutor";"Saída de leito carroçável";"Com Vítimas Fatais";"Pleno dia";"Decrescente";"Céu Claro";"Simples";"Reta";"Não";4;1;2;1;0;0;3;1;-13,1978648;-55,99269133;"SPRF-MT";"DEL06-MT";"UOP01-DEL06-MT"
448348;2022-04-22;"sexta-feira";"10:37:00";"RN";101;94,5;"NATAL";"Mal súbito do condutor";"Colisão com objeto";"Com Vítimas Fatais";"Pleno dia";"Decrescente";"Céu Claro";"Múltipla";"Curva;Declive";"Sim";1;1;0;0;0;0;0;1;-5,83335672;-35,21219015;"SPRF-RN";"DEL01-RN";"UOP01-DEL01-RN"
448352;2022-05-07;"sábado";"17:30:00";"PB";230;290;"SANTA LUZIA";"Ausência de reação do condutor";"Colisão transversal";"Com Vítimas Feridas";"Plena Noite";"Decrescente";"Céu Claro";"Simples";"Reta";"Sim";2;0;0;1;0;1;1;2;-6,8742;-36,9085;"SPRF-PB";"DEL03-PB";"UOP01-DEL03-PB"
448355;2022-05-07;"sábado";"17:40:00";"RJ";40;123;"DUQUE DE CAXIAS";"Ausência de reação do condutor";"Saída de leito carroçável";"Com Vítimas Feridas";"Plena Noite";"Crescente";"Nublado";"Múltipla";"Reta";"Sim";1;0;1;0;0;0;1;1;-22,79907687;-43,29015739;"SPRF-RJ";"DEL01-RJ";"UOP01-DEL01-RJ"
448356;2022-05-07;"sábado";"16:10:00";"RO";364;266;"CACOAL";"Afundamento ou ondulação no pavimento";"Tombamento";"Com Vítimas Feridas";"Pleno dia";"Crescente";"Sol";"Simples";"Reta";"Não";1;0;0;1;0;0;1;1;-11,37650131;-61,67765302;"SPRF-RO";"DEL02-RO";"UOP02-DEL02-RO"