"id";"data_inversa";"dia_semana";"horario";"uf";"br";"km";"municipio";"causa_acidente";"tipo_acidente";"classificacao_acidente";"fase_dia";"sentido_via";"condicao_metereologica";"tipo_pista";"tracado_via";"uso_solo";"pessoas";"mortos";"feridos_leves";"feridos_graves";"ilesos";"ignorados";"feridos";"veiculos";"latitude";"longitude";"regional";"delegacia";"uop"
448465;2022-05-08;"domingo";"05:55:00";"MT";163;838;"SINOP";"Reação tardia ou ineficiente do condutor";"Queda de ocupante de veículo";"Com Vítimas Feridas";"Pleno dia";"Crescente";"Céu Claro";"Dupla";"Reta";"Sim";1;0;1;0;0;0;1;1;-11,960007;-55,516914;"SPRF-MT";"DEL06-MT";"NPF/DEL06-MT"
448466;2022-05-08;"domingo";"02:30:00";"MG";364;1;"PLANURA";"Pista esburacada";"Colisão com objeto";"Sem Vítimas";"Plena Noite";"Decrescente";"Céu Claro";"Simples";"Ponte";"Não";1;0;0;0;0;1;0;1;-20,13824;-48,702347;"SPRF-MG";"DEL13-MG";"UOP02-DEL13-MG"
448467;2022-05-08;"domingo";"04:55:00";"MS";163;603;"SAO GABRIEL DO OESTE";"Avarias e/ou desgaste excessivo no pneu";"Saída de leito carroçável";"Sem Vítimas";"Plena Noite";"Decrescente";"Céu Claro";"Dupla";"Reta";"Não";1;0;0;0;1;0;0;1;-19,479541;-54,490906;"SPRF-MS";"DEL06-MS";"UOP02-DEL06-MS"
448468;2022-05-08;"domingo";"07:05:00";"SP";116;228;"SAO PAULO";"Reação tardia ou ineficiente do condutor";"Atropelamento de Pedestre";"Com Vítimas Feridas";"Pleno dia";"Crescente";"Céu Claro";"Múltipla";"Reta";"Sim";2;0;1;0;0;1;1;2;-23,50343484;-46,56638712;"SPRF-SP";"DEL01-SP";"UOP01-DEL01-SP"
448470;2022-05-08;"domingo";"06:20:00";"SC";282;646;"SAO MIGUEL DO OESTE";"Ingestão de álcool pelo condutor";"Colisão traseira";"Sem Vítimas";"Amanhecer";"Crescente";"Nevoeiro/Neblina";"Simples";"Rotatória";"Sim";2;0;0;0;2;0;0;2;-26,7620665;-53,49933565;"SPRF-SC";"DEL07-SC";"UOP03-DEL07-SC"
448471;2022-05-08;"domingo";"07:00:00";"RS";116;113,8;"SAO MARCOS";"Ausência de reação do condutor";"Saída de leito carroçável";"Com Vítimas Feridas";"Amanhecer";"Decrescente";"Céu Claro";"Simples";"Reta";"Sim";2;0;1;0;0;1;1;2;-28,95667906;-51,08016019;"SPRF-RS";"DEL05-RS";"UOP01-DEL05-RS"
448474;2022-05-07;"sábado";"22:00:00";"PR";277;403;"CANDOI";"Acessar a via sem observar a presença dos outros veículos";"Colisão transversal";"Com Vítimas Feridas";"Plena Noite";"Decrescente";"Céu Claro";"Simples";"Curva;Aclive";"Não";7;0;3;4;0;0;7;2;-25,45975335;-51,95433893;"SPRF-PR";"DEL08-PR";"UOP01-DEL08-PR"
448477;2022-05-08;"domingo";"06:30:00";"PR";369;381,9;"MAMBORE";"Avarias e/ou desgaste excessivo no pneu";"Saída de leito carroçável";"Sem Vítimas";"Amanhecer";"Decrescente";"Ignorado";"Simples";"Reta";"Não";1;0;0;0;0;1;0;1;-24,2176;-52,5106;"SPRF-PR";"DEL04-PR";"UOP03-DEL04-PR"
448478;2022-05-08;"domingo";"07:55:00";"BA";324;561;"SAO SEBASTIAO DO PASSE";"Reação tardia ou ineficiente do condutor";"Queda de ocupante de veículo";"Com Vítimas Feridas";"Pleno dia";"Decrescente";"Céu Claro";"Dupla";"Reta";"Não";1;0;1;0;0;0;1;1;-12,49783433;-38,64646092;"SPRF-BA";"DEL01-BA";"UOP01-DEL01-BA"
448479;2022-03-08;"terça-feira";"10:30:00";"MT";174;5;"PONTES E LACERDA";"Acessar a via sem observar a presença dos outros veículos";"Colisão transversal";"Com Vítimas Feridas";"Pleno dia";"Crescente";"Céu Claro";"Simples";"Interseção de Vias";"Sim";3;0;2;1;0;0;3;2;-15,23286672;-59,3456769;"SPRF-MT";"DEL04-MT";"UOP01-DEL04-MT"
448480;2022-03-29;"terça-feira";"06:39:00";"BA";324;530;"FEIRA DE SANTANA";"Desrespeitar a preferência no cruzamento";"Colisão transversal";"Com Vítimas Feridas";"Pleno dia";"Decrescente";"Nublado";"Dupla";"Retorno Regulamentado";"Sim";2;0;1;0;1;0;1;2;-12,32818491;-38,86174193;"SPRF-BA";"DEL01-BA";"UOP03-DEL01-BA"
448482;2022-05-08;"domingo";"08:20:00";"RS";290;95;"PORTO ALEGRE";"Manobra de mudança de faixa";"Colisão traseira";"Com Vítimas Feridas";"Amanhecer";"Decrescente";"Nevoeiro/Neblina";"Múltipla";"Reta";"Sim";5;0;1;0;4;0;1;2;-29,982832;-51,201572;"SPRF-RS";"DEL01-RS";"UOP01-DEL01-RS"
448483;2022-05-08;"domingo";"07:25:00";"SC";282;541,3;"CHAPECO";"Acessar a via sem observar a presença dos outros veículos";"Colisão transversal";"Com Vítimas Feridas";"Pleno dia";"Crescente";"Sol";"Simples";"Reta";"Não";4;0;2;1;1;0;3;2;-26,997713;-52,699165;"SPRF-SC";"DEL07-SC";"UOP01-DEL07-SC"
448484;2022-05-08;"domingo";"05:00:00";"PB";427;9,1;"PAULISTA";"Reação tardia ou ineficiente do condutor";"Tombamento";"Com Vítimas Feridas";"Pleno dia";"Decrescente";"Céu Claro";"Simples";"Reta";"Não";1;0;0;1;0;0;1;1;-6,66181525;-37,55062904;"SPRF-PB";"DEL03-PB";"UOP02-DEL03-PB"
448485;2022-05-08;"domingo";"07:50:00";"MT";163;833;"SINOP";"Reação tardia ou ineficiente do condutor";"Colisão traseira";"Com Vítimas Feridas";"Pleno dia";"Crescente";"Céu Claro";"Dupla";"Interseção de Vias;Reta;Rotatória";"Sim";3;0;1;1;1;0;2;2;-12,004832;-55,51713;"SPRF-MT";"DEL06-MT";"UOP01-DEL06-MT"
448486;2022-05-08;"domingo";"09:00:00";"GO";153;509,4;"APARECIDA DE GOIANIA";"Ingestão de álcool pelo condutor";"Colisão com objeto";"Com Vítimas Fatais";"Pleno dia";"Decrescente";"Céu Claro";"Dupla";"Reta";"Sim";2;1;0;1;0;0;1;1;-16,7888;-49,2379;"SPRF-GO";"DEL01-GO";"UOP03-DEL01-GO"
448487;2022-05-08;"domingo";"06:20:00";"RS";290;275,6;"CACHOEIRA DO SUL";"Animais na Pista";"Atropelamento de Animal";"Sem Vítimas";"Plena Noite";"Decrescente";"Céu Claro";"Simples";"Ponte";"Não";2;0;0;0;2;0;0;1;-30,263329;-52,974312;"SPRF-RS";"DEL02-RS";"UOP03-DEL02-RS"
448488;2022-05-08;"domingo";"07:30:00";"MG";262;361;"BETIM";"Condutor Dormindo";"Saída de leito carroçável";"Com Vítimas Feridas";"Pleno dia";"Decrescente";"Céu Claro";"Dupla";"Reta";"Não";1;0;1;0;0;0;1;1;-19,97906129;-44,21765208;"SPRF-MG";"DEL01-MG";"UOP03-DEL01-MG"
448489;2022-05-08;"domingo";"08:45:00";"MG";40;484,1;"SETE LAGOAS";"Entrada inopinada do pedestre";"Atropelamento de Pedestre";"Com Vítimas Feridas";"Pleno dia";"Decrescente";"Sol";"Dupla";"Curva;Declive";"Não";2;0;1;0;1;0;1;2;-19,57361962;-44,22971249;"SPRF-MG";"DEL02-MG";"UOP01-DEL02-MG"
448491;2022-05-08;"domingo";"09:20:00";"MG";262;353;"BETIM";"Demais falhas mecânicas ou elétricas";"Tombamento";"Com Vítimas Feridas";"Pleno dia";"Crescente";"Céu Claro";"Dupla";"Reta";"Sim";2;0;1;0;1;0;1;1;-19,98106658;-44,21150565;"SPRF-MG";"DEL01-MG";"UOP03-DEL01-MG"
448493;2022-05-08;"domingo";"09:30:00";"PR";476;130,7;"CURITIBA";"Ausência de reação do condutor";"Colisão lateral mesmo sentido";"Com Vítimas Feridas";"Pleno dia";"Decrescente";"Céu Claro";"Múltipla";"Reta";"Sim";2;0;1;0;1;0;1;2;-25,449564;-49,236427;"SPRF-PR";"DEL01-PR";"UOP01-DEL01-PR"
448495;2022-05-08;"domingo";"10:08:00";"ES";101;300;"VIANA";"Reação tardia ou ineficiente do condutor";"Queda de ocupante de veículo";"Com Vítimas Feridas";"Pleno dia";"Crescente";"Céu Claro";"Simples";"Viaduto";"Sim";1;0;1;0;0;0;1;1;-20,35777831;-40,42959094;"SPRF-ES";"DEL01-ES";"UOP01-DEL01-ES"
448496;2022-05-08;"domingo";"10:00:00";"MG";381;5;"BETIM";"Ausência de reação do condutor";"Colisão lateral mesmo sentido";"Com Vítimas Feridas";"Pleno dia";"Crescente";"Sol";"Dupla";"Reta";"Sim";3;0;2;0;0;1;2;2;-19,96825;-44,198708;"SPRF-MG";"DEL01-MG";"UOP03-DEL01-MG"
448497;2022-05-08;"domingo";"09:30:00";"SP";381;38;"ATIBAIA";"Condutor deixou de manter distância do veículo da frente";"Colisão traseira";"Sem Vítimas";"Pleno dia";"Crescente";"Céu Claro";"Dupla";"Reta";"Sim";1;0;0;0;1;0;0;1;-23,1133221;-46,57174974;"SPRF-SP";"DEL03-SP";"UOP01-DEL03-SP"
448498;2022-05-08;"domingo";"10:35:00";"SC";101;201;"SAO JOSE";"Reação tardia ou ineficiente do condutor";"Colisão transversal";"Com Vítimas Feridas";"Pleno dia";"Crescente";"Céu Claro";"Dupla";"Reta";"Sim";3;0;1;0;2;0;1;3;-27,54836599;-48,61977975;"SPRF-SC";"DEL01-SC";"UOP01-DEL01-SC"
448499;2022-05-08;"domingo";"10:20:00";"SC";101;47,4;"JOINVILLE";"Transitar na contramão";"Colisão lateral sentido oposto";"Com Vítimas Feridas";"Pleno dia";"Crescente";"Céu Claro";"Simples";"Reta";"Não";2;0;1;0;1;0;1;2;-26,34234997;-48,85840089;"SPRF-SC";"DEL03-SC";"UOP01-DEL03-SC"
448500;2022-05-08;"domingo";"09:40:00";"SP";381;90;"SAO PAULO";"Condutor Dormindo";"Capotamento";"Com Vítimas Feridas";"Pleno dia";"Decrescente";"Céu Claro";"Dupla";"Rotatória";"Sim";1;0;1;0;0;0;1;1;-23,49479479;-46,55959864;"SPRF-SP";"DEL03-SP";"UOP01-DEL03-SP"
448503;2022-05-08;"domingo";"10:00:00";"PR";163;93,4;"CAPANEMA";"Acessar a via sem observar a presença dos outros veículos";"Colisão transversal";"Com Vítimas Feridas";"Pleno dia";"Crescente";"Céu Claro";"Simples";"Declive";"Não";3;0;1;0;2;0;1;2;-25,646987;-53,803146;"SPRF-PR";"DEL02-PR";"UOP02-DEL02-PR"
448504;2022-05-08;"domingo";"11:10:00";"RS";116;237;"NOVO HAMBURGO";"Manobra de mudança de faixa";"Colisão transversal";"Com Vítimas Feridas";"Pleno dia";"Decrescente";"Céu Claro";"Dupla";"Reta";"Sim";3;0;2;0;1;0;2;2;-29,67839398;-51,1422266;"SPRF-RS";"DEL01-RS";"UOP02-DEL01-RS"
448506;2022-04-17;"domingo";"10:30:00";"RO";364;1022;"PORTO VELHO";"Ausência de reação do condutor";"Saída de leito carroçável";"Com Vítimas Fatais";"Pleno dia";"Crescente";"Nublado";"Simples";"Reta";"Não";2;2;0;0;0;0;0;1;-9,74067384;-66,17418703;"SPRF-RO";"DEL01-RO";"UOP03-DEL01-RO"
448508;2022-05-08;"domingo";"12:20:00";"PE";101;81;"JABOATAO DOS GUARARAPES";"Acessar a via sem observar a presença dos outros veículos";"Colisão transversal";"Com Vítimas Feridas";"Pleno dia";"Decrescente";"Céu Claro";"Múltipla";"Reta";"Sim";2;0;1;0;1;0;1;2;-8,1597489;-34,94024569;"SPRF-PE";"DEL01-PE";"UOP01-DEL01-PE"
448509;2022-05-08;"domingo";"12:10:00";"SP";116;222;"GUARULHOS";"Reação tardia ou ineficiente do condutor";"Capotamento";"Com Vítimas Feridas";"Pleno dia";"Crescente";"Nublado";"Múltipla";"Reta";"Sim";1;0;1;0;0;0;1;1;-23,47093408;-46,51631097;"SPRF-SP";"DEL01-SP";"UOP01-DEL01-SP"
448510;2022-05-08;"domingo";"12:40:00";"SP";116;223;"GUARULHOS";"Reação tardia ou ineficiente do condutor";"Engavetamento";"Com Vítimas Feridas";"Pleno dia";"Crescente";"Nublado";"Múltipla";"Reta";"Sim";6;0;2;0;4;0;2;4;-23,47559815;-46,5246609;"SPRF-SP";"DEL01-SP";"UOP01-DEL01-SP"
448511;2022-05-08;"domingo";"11:45:00";"SC";470;42,3;"GASPAR";"Condutor deixou de manter distância do veículo da frente";"Colisão traseira";"Com Vítimas Feridas";"Pleno dia";"Decrescente";"Céu Claro";"Simples";"Em Obras;Curva;Declive";"Sim";7;0;1;0;5;1;1;6;-26,860388;-49,037617;"SPRF-SC";"DEL04-SC";"UOP01-DEL04-SC"
448512;2022-05-08;"domingo";"12:45:00";"AP";156;583;"CALCOENE";"Chuva";"Capotamento";"Com Vítimas Feridas";"Pleno dia";"Crescente";"Chuva";"Simples";"Curva";"Não";4;0;4;0;0;0;4;1;2,31961104;-50,96727105;"SPRF-AP";"DEL01-AP";"UOP02-DEL01-AP"
448513;2022-05-08;"domingo";"10:20:00";"RS";116;234;"NOVO HAMBURGO";"Frear bruscamente";"Tombamento";"Com Vítimas Feridas";"Pleno dia";"Crescente";"Sol";"Dupla";"Reta";"Sim";3;0;1;0;2;0;1;2;-29,65121313;-51,1444433;"SPRF-RS";"DEL01-RS";"UOP02-DEL01-RS"
448514;2022-04-20;"quarta-feira";"16:00:00";"BA";324;528;"FEIRA DE SANTANA";"Condutor deixou de manter distância do veículo da frente";"Colisão traseira";"Com Vítimas Feridas";"Anoitecer";"Decrescente";"Ignorado";"Dupla";"Curva";"Sim";2;0;1;0;1;0;1;2;-12,31728191;-38,87612093;"SPRF-BA";"DEL01-BA";"UOP03-DEL01-BA"
448515;2022-05-08;"domingo";"11:40:00";"RS";290;457,5;"SAO GABRIEL";"Condutor Dormindo";"Saída de leito carroçável";"Com Vítimas Feridas";"Pleno dia";"Decrescente";"Céu Claro";"Simples";"Curva";"Não";1;0;1;0;0;0;1;1;-30,229055;-54,685894;"SPRF-RS";"DEL11-RS";"UOP02-DEL11-RS"
448518;2022-05-08;"domingo";"14:00:00";"GO";153;424;"ANAPOLIS";"Ingestão de álcool pelo condutor";"Saída de leito carroçável";"Com Vítimas Feridas";"Pleno dia";"Decrescente";"Céu Claro";"Dupla";"Reta;Declive";"Não";7;0;7;0;0;0;7;1;-16,20509;-49,021236;"SPRF-GO";"DEL02-GO";"UOP01-DEL02-GO"
448522;2022-05-08;"domingo";"15:15:00";"SC";470;66;"INDAIAL";"Ultrapassagem Indevida";"Colisão lateral mesmo sentido";"Com Vítimas Feridas";"Pleno dia";"Crescente";"Céu Claro";"Simples";"Reta";"Não";3;0;0;2;1;0;2;2;-26,870407;-49,221844;"SPRF-SC";"DEL04-SC";"UOP01-DEL04-SC"
448523;2022-05-08;"domingo";"07:15:00";"RS";293;202;"BAGE";"Reação tardia ou ineficiente do condutor";"Saída de leito carroçável";"Sem Vítimas";"Amanhecer";"Crescente";"Céu Claro";"Simples";"Reta";"Não";2;0;0;0;1;1;0;1;-31,2259842;-54,26345816;"SPRF-RS";"DEL11-RS";"UOP03-DEL11-RS"
448525;2022-05-08;"domingo";"07:00:00";"AM";174;979,6;"PRESIDENTE FIGUEIREDO";"Reação tardia ou ineficiente do condutor";"Saída de leito carroçável";"Com Vítimas Feridas";"Pleno dia";"Decrescente";"Nublado";"Simples";"Reta";"Não";2;0;1;0;1;0;1;1;-2,141705;-59,999439;"SPRF-AM";"DEL01-AM";"UOP02-DEL01-AM"
448526;2022-05-08;"domingo";"08:00:00";"PR";163;287;"MARECHAL CANDIDO RONDON";"Ausência de reação do condutor";"Saída de leito carroçável";"Com Vítimas Fatais";"Pleno dia";"Crescente";"Céu Claro";"Simples";"Curva";"Não";1;1;0;0;0;0;0;1;-24,52320516;-54,05848872;"SPRF-PR";"DEL06-PR";"UOP02-DEL06-PR"
448527;2022-05-08;"domingo";"15:20:00";"RN";101;103;"PARNAMIRIM";"Velocidade Incompatível";"Queda de ocupante de veículo";"Com Vítimas Feridas";"Pleno dia";"Decrescente";"Céu Claro";"Múltipla";"Reta";"Sim";1;0;1;0;0;0;1;1;-5,89034022;-35,24894996;"SPRF-RN";"DEL01-RN";"UOP01-DEL01-RN"
448528;2022-05-08;"domingo";"15:30:00";"GO";50;264;"CATALAO";"Manobra de mudança de faixa";"Colisão traseira";"Com Vítimas Feridas";"Pleno dia";"Crescente";"Sol";"Dupla";"Reta";"Não";4;0;1;0;3;0;1;2;-18,0611;-47,8637;"SPRF-GO";"DEL06-GO";"UOP01-DEL06-GO"
448532;2022-05-08;"domingo";"15:20:00";"PR";163;41,8;"PRANCHITA";"Ingestão de álcool pelo condutor";"Colisão transversal";"Com Vítimas Feridas";"Pleno dia";"Crescente";"Sol";"Simples";"Aclive;Interseção de Vias";"Não";2;0;0;1;1;0;1;2;-26,012787;-53,733325;"SPRF-PR";"DEL02-PR";"UOP02-DEL02-PR"
448533;2022-05-08;"domingo";"16:00:00";"PR";369;125;"JATAIZINHO";"Demais falhas mecânicas ou elétricas";"Incêndio";"Sem Vítimas";"Pleno dia";"Crescente";"Céu Claro";"Dupla";"Reta";"Sim";1;0;0;0;1;0;0;1;-23,28510933;-50,94733715;"SPRF-PR";"DEL07-PR";"UOP01-DEL07-PR"
448534;2022-05-08;"domingo";"16:25:00";"MG";40;721;"BARBACENA";"Demais falhas mecânicas ou elétricas";"Queda de ocupante de veículo";"Com Vítimas Feridas";"Pleno dia";"Decrescente";"Céu Claro";"Dupla";"Reta";"Não";1;0;1;0;0;0;1;1;-21,28684598;-43,64159531;"SPRF-MG";"DEL05-MG";"UOP01-DEL05-MG"
448535;2022-05-08;"domingo";"16:00:00";"SC";101;205,7;"SAO JOSE";"Reação tardia ou ineficiente do condutor";"Colisão traseira";"Com Vítimas Feridas";"Pleno dia";"Decrescente";"Céu Claro";"Múltipla";"Reta";"Sim";2;0;1;0;1;0;1;2;-27,58313237;-48,61532885;"SPRF-SC";"DEL01-SC";"UOP01-DEL01-SC"
448536;2022-05-08;"domingo";"16:30:00";"RS";290;93;"PORTO ALEGRE";"Manobra de mudança de faixa";"Colisão lateral mesmo sentido";"Com Vítimas Feridas";"Pleno dia";"Crescente";"Céu Claro";"Múltipla";"Reta";"Sim";4;0;2;0;2;0;2;2;-29,970839;-51,187725;"SPRF-RS";"DEL01-RS";"UOP01-DEL01-RS"
448538;2022-01-21;"sexta-feira";"17:15:00";"MA";135;121,5;"MIRANDA DO NORTE";"Ultrapassagem Indevida";"Colisão frontal";"Com Vítimas Feridas";"Anoitecer";"Crescente";"Céu Claro";"Simples";"Reta";"Não";6;0;3;0;0;3;3;2;-3,52741921;-44,55723052;"SPRF-MA";"DEL01-MA";"UOP02-DEL01-MA"
448539;2022-05-08;"domingo";"15:50:00";"PR";116;31,5;"CAMPINA GRANDE DO SUL";"Ausência de reação do condutor";"Colisão com objeto";"Sem Vítimas";"Pleno dia";"Decrescente";"Nublado";"Dupla";"Curva";"Não";1;0;0;0;0;1;0;1;-25,10158154;-48,83062487;"SPRF-PR";"DEL01-PR";"UOP02-DEL01-PR"
448540;2022-05-08;"domingo";"16:40:00";"GO";60;101;"ANAPOLIS";"Reação tardia ou ineficiente do condutor";"Colisão traseira";"Com Vítimas Feridas";"Pleno dia";"Crescente";"Garoa/Chuvisco";"Dupla";"Reta";"Sim";3;0;1;0;1;1;1;2;-16,4022;-48,9745;"SPRF-GO";"DEL02-GO";"UOP01-DEL02-GO"
448541;2022-05-08;"domingo";"16:40:00";"GO";153;533;"HIDROLANDIA";"Avarias e/ou desgaste excessivo no pneu";"Saída de leito carroçável";"Com Vítimas Feridas";"Pleno dia";"Decrescente";"Céu Claro";"Dupla";"Reta";"Sim";4;0;2;0;2;0;2;1;-16,9941;-49,2281;"SPRF-GO";"DEL01-GO";"UOP03-DEL01-GO"
448542;2022-05-08;"domingo";"15:20:00";"CE";116;5;"FORTALEZA";"Condutor deixou de manter distância do veículo da frente";"Colisão traseira";"Com Vítimas Feridas";"Pleno dia";"Decrescente";"Céu Claro";"Múltipla";"Reta";"Sim";4;0;1;0;2;1;1;3;-3,79676795;-38,5063309;"SPRF-CE";"DEL01-CE";"UOP02-DEL01-CE"
448543;2022-05-08;"domingo";"16:20:00";"RS";116;248;"SAO LEOPOLDO";"Reação tardia ou ineficiente do condutor";"Engavetamento";"Com Vítimas Feridas";"Pleno dia";"Decrescente";"Céu Claro";"Dupla";"Reta";"Sim";11;0;4;0;7;0;4;4;-29,77605895;-51,15508618;"SPRF-RS";"DEL01-RS";"UOP02-DEL01-RS"
448544;2022-05-08;"domingo";"16:00:00";"PR";116;121;"CURITIBA";"Avarias e/ou desgaste excessivo no pneu";"Queda de ocupante de veículo";"Com Vítimas Feridas";"Pleno dia";"Decrescente";"Céu Claro";"Dupla";"Reta;Declive";"Sim";1;0;1;0;0;0;1;1;-25,57337824;-49,31143934;"SPRF-PR";"DEL01-PR";"UOP03-DEL01-PR"
448545;2022-05-08;"domingo";"16:30:00";"MG";381;404;"BOM JESUS DO AMPARO";"Desvio temporário";"Colisão com objeto";"Com Vítimas Feridas";"Pleno dia";"Crescente";"Céu Claro";"Dupla";"Desvio Temporário";"Não";3;0;0;2;0;1;2;2;-19,73921427;-43,50856304;"SPRF-MG";"DEL01-MG";"UOP01-DEL01-MG"
448546;2022-05-08;"domingo";"16:37:00";"MG";381;619,9;"OLIVEIRA";"Reação tardia ou ineficiente do condutor";"Queda de ocupante de veículo";"Com Vítimas Feridas";"Pleno dia";"Decrescente";"Céu Claro";"Simples";"Curva;Interseção de Vias;Declive";"Não";1;0;1;0;0;0;1;1;-20,7539669;-44,77451205;"SPRF-MG";"DEL04-MG";"UOP01-DEL04-MG"
448547;2022-05-08;"domingo";"16:30:00";"PR";369;148;"LONDRINA";"Ingestão de substâncias psicoativas pelo condutor";"Colisão traseira";"Sem Vítimas";"Pleno dia";"Decrescente";"Céu Claro";"Dupla";"Reta";"Sim";2;0;0;0;2;0;0;2;-23,29303774;-51,14344954;"SPRF-PR";"DEL07-PR";"UOP01-DEL07-PR"
448548;2022-05-08;"domingo";"16:30:00";"BA";324;583;"CANDEIAS";"Ingestão de álcool pelo condutor";"Colisão traseira";"Com Vítimas Feridas";"Pleno dia";"Crescente";"Céu Claro";"Dupla";"Reta";"Não";3;0;2;0;1;0;2;2;-12,628577;-38,480156;"SPRF-BA";"DEL01-BA";"UOP01-DEL01-BA"
448549;2022-05-08;"domingo";"17:00:00";"RJ";493;25;"MAGE";"Condutor deixou de manter distância do veículo da frente";"Colisão traseira";"Com Vítimas Feridas";"Anoitecer";"Crescente";"Nublado";"Simples";"Reta";"Não";3;0;2;0;1;0;2;2;-22,65788388;-43,079654;"SPRF-RJ";"DEL04-RJ";"UOP02-DEL04-RJ"
448550;2022-05-08;"domingo";"16:10:00";"PE";232;28,7;"MORENO";"Manobra de mudança de faixa";"Colisão lateral mesmo sentido";"Com Vítimas Feridas";"Pleno dia";"Decrescente";"Céu Claro";"Dupla";"Reta";"Não";2;0;1;0;0;1;1;2;-8,11212;-35,140642;"SPRF-PE";"DEL01-PE";"UOP01-DEL01-PE"
448551;2022-05-08;"domingo";"14:35:00";"RO";364;430;"JARU";"Acessar a via sem observar a presença dos outros veículos";"Colisão transversal";"Com Vítimas Fatais";"Pleno dia";"Crescente";"Sol";"Simples";"Interseção de Vias";"Não";4;1;0;0;3;0;0;2;-10,40652715;-62,5163269;"SPRF-RO";"DEL03-RO";"UOP02-DEL03-RO"
448552;2022-05-08;"domingo";"17:10:00";"PR";277;721,1;"FOZ DO IGUACU";"Desrespeitar a preferência no cruzamento";"Queda de ocupante de veículo";"Com Vítimas Feridas";"Pleno dia";"Decrescente";"Céu Claro";"Dupla";"Retorno Regulamentado";"Sim";2;0;1;0;1;0;1;2;-25,4911505;-54,51185421;"SPRF-PR";"DEL05-PR";"UOP03-DEL05-PR"
448553;2022-05-08;"domingo";"17:15:00";"PR";116;125;"FAZENDA RIO GRANDE";"Ingestão de álcool pelo condutor";"Colisão traseira";"Com Vítimas Feridas";"Pleno dia";"Crescente";"Nublado";"Dupla";"Reta";"Sim";2;0;1;0;1;0;1;2;-25,6293219;-49,31411277;"SPRF-PR";"DEL01-PR";"UOP03-DEL01-PR"
448554;2022-05-08;"domingo";"09:30:00";"SC";470;56;"BLUMENAU";"Ultrapassagem Indevida";"Colisão lateral mesmo sentido";"Com Vítimas Feridas";"Pleno dia";"Decrescente";"Céu Claro";"Simples";"Reta";"Não";3;0;2;0;1;0;2;2;-26,87674;-49,127743;"SPRF-SC";"DEL04-SC";"UOP01-DEL04-SC"
448556;2022-05-08;"domingo";"17:00:00";"SC";282;356;"CAMPOS NOVOS";"Condutor deixou de manter distância do veículo da frente";"Engavetamento";"Sem Vítimas";"Pleno dia";"Decrescente";"Céu Claro";"Simples";"Reta";"Não";4;0;0;0;4;0;0;3;-27,342428;-51,340664;"SPRF-SC";"DEL07-SC";"UOP05-DEL07-SC"
448558;2022-05-08;"domingo";"15:30:00";"SP";153;257,6;"MARILIA";"Velocidade Incompatível";"Saída de leito carroçável";"Sem Vítimas";"Pleno dia";"Decrescente";"Céu Claro";"Dupla";"Rotatória";"Sim";1;0;0;0;1;0;0;1;-22,23982103;-49,91965379;"SPRF-SP";"DEL07-SP";"UOP02-DEL07-SP"
448559;2022-05-08;"domingo";"15:30:00";"RO";364;339;"JI-PARANA";"Acessar a via sem observar a presença dos outros veículos";"Saída de leito carroçável";"Com Vítimas Feridas";"Pleno dia";"Crescente";"Céu Claro";"Dupla";"Reta";"Sim";2;0;0;1;0;1;1;2;-10,907816;-61,93017402;"SPRF-RO";"DEL02-RO";"UOP01-DEL02-RO"
448561;2022-05-08;"domingo";"17:30:00";"RS";392;38,6;"RIO GRANDE";"Velocidade Incompatível";"Atropelamento de Animal";"Com Vítimas Feridas";"Pleno dia";"Crescente";"Céu Claro";"Simples";"Reta";"Não";1;0;0;1;0;0;1;1;-31,98050196;-52,29603291;"SPRF-RS";"DEL07-RS";"UOP02-DEL07-RS"
448562;2022-05-08;"domingo";"17:50:00";"RJ";101;208,1;"CASIMIRO DE ABREU";"Condutor deixou de manter distância do veículo da frente";"Engavetamento";"Com Vítimas Feridas";"Anoitecer";"Decrescente";"Garoa/Chuvisco";"Simples";"Reta";"Sim";6;0;2;0;3;1;2;4;-22,4806698;-42,22017209;"SPRF-RJ";"DEL08-RJ";"UOP04-DEL08-RJ"
448563;2022-05-08;"domingo";"17:28:00";"PB";230;36;"SANTA RITA";"Condutor deixou de manter distância do veículo da frente";"Colisão traseira";"Com Vítimas Feridas";"Anoitecer";"Decrescente";"Nublado";"Dupla";"Curva;Declive";"Não";4;0;1;1;2;0;2;3;-7,12627333;-34,94918346;"SPRF-PB";"DEL01-PB";"UOP03-DEL01-PB"
448564;2022-05-08;"domingo";"13:10:00";"RJ";495;22,9;"PETROPOLIS";"Ingestão de álcool pelo condutor";"Colisão com objeto";"Com Vítimas Feridas";"Pleno dia";"Crescente";"Céu Claro";"Simples";"Curva";"Não";2;0;1;0;1;0;1;1;-22,407368;-43,0835;"SPRF-RJ";"DEL06-RJ";"UOP01-DEL06-RJ"
448565;2022-05-08;"domingo";"18:35:00";"RS";116;247;"SAO LEOPOLDO";"Ausência de reação do condutor";"Colisão traseira";"Com Vítimas Feridas";"Plena Noite";"Crescente";"Céu Claro";"Dupla";"Aclive;Curva";"Sim";3;0;1;0;2;0;1;2;-29,76733091;-51,1535296;"SPRF-RS";"DEL01-RS";"UOP02-DEL01-RS"
448566;2022-05-08;"domingo";"17:45:00";"PR";277;687;"SAO MIGUEL DO IGUACU";"Ingestão de álcool pelo condutor";"Colisão transversal";"Com Vítimas Feridas";"Anoitecer";"Decrescente";"Céu Claro";"Dupla";"Reta;Retorno Regulamentado";"Não";8;0;2;0;6;0;2;2;-25,34377452;-54,22446208;"SPRF-PR";"DEL05-PR";"UOP01-DEL05-PR"