"id";"data_inversa";"dia_semana";"horario";"uf";"br";"km";"municipio";"causa_acidente";"tipo_acidente";"classificacao_acidente";"fase_dia";"sentido_via";"condicao_metereologica";"tipo_pista";"tracado_via";"uso_solo";"pessoas";"mortos";"feridos_leves";"feridos_graves";"ilesos";"ignorados";"feridos";"veiculos";"latitude";"longitude";"regional";"delegacia";"uop"
448567;2022-05-08;"domingo";"18:00:00";"SP";116;207;"GUARULHOS";"Reação tardia ou ineficiente do condutor";"Engavetamento";"Sem Vítimas";"Plena Noite";"Crescente";"Nublado";"Múltipla";"Reta";"Sim";3;0;0;0;3;0;0;3;-23,41972188;-46,38419203;"SPRF-SP";"DEL01-SP";"UOP01-DEL01-SP"
448568;2022-05-08;"domingo";"18:20:00";"RJ";40;103;"DUQUE DE CAXIAS";"Frear bruscamente";"Colisão traseira";"Com Vítimas Feridas";"Anoitecer";"Decrescente";"Nublado";"Dupla";"Reta";"Sim";3;0;1;0;2;0;1;2;-22,62009;-43,286922;"SPRF-RJ";"DEL01-RJ";"UOP01-DEL01-RJ"
448569;2022-05-08;"domingo";"16:15:00";"PI";343;588;"FLORIANO";"Ausência de reação do condutor";"Colisão lateral mesmo sentido";"Com Vítimas Feridas";"Pleno dia";"Decrescente";"Céu Claro";"Dupla";"Reta";"Sim";3;0;2;1;0;0;3;2;-6,780452;-43,002651;"SPRF-PI";"DEL03-PI";"UOP01-DEL03-PI"
448571;2022-05-08;"domingo";"18:30:00";"MG";381;489,2;"BETIM";"Velocidade Incompatível";"Colisão traseira";"Com Vítimas Feridas";"Plena Noite";"Decrescente";"Nublado";"Múltipla";"Reta";"Sim";3;0;2;0;1;0;2;2;-19,95640458;-44,13513243;"SPRF-MG";"DEL01-MG";"UOP03-DEL01-MG"
448572;2022-05-08;"domingo";"18:07:00";"PI";407;425;"PICOS";"Ingestão de álcool pelo condutor";"Colisão lateral sentido oposto";"Sem Vítimas";"Plena Noite";"Crescente";"Céu Claro";"Simples";"Reta";"Sim";3;0;0;0;2;1;0;2;-7,094478;-41,423126;"SPRF-PI";"DEL04-PI";"UOP01-DEL04-PI"
448573;2022-05-08;"domingo";"18:20:00";"MG";364;2;"PLANURA";"Acumulo de óleo sobre o pavimento";"Saída de leito carroçável";"Com Vítimas Feridas";"Plena Noite";"Decrescente";"Garoa/Chuvisco";"Simples";"Reta";"Não";1;0;1;0;0;0;1;1;-20,13824;-48,702347;"SPRF-MG";"DEL13-MG";"UOP02-DEL13-MG"
448574;2022-05-08;"domingo";"19:00:00";"SE";235;45,6;"ITABAIANA";"Transitar no acostamento";"Colisão lateral mesmo sentido";"Com Vítimas Feridas";"Plena Noite";"Crescente";"Céu Claro";"Simples";"Reta";"Sim";3;0;0;3;0;0;3;2;-10,746924;-37,399899;"SPRF-SE";"DEL01-SE";"UOP02-DEL01-SE"
448575;2022-05-08;"domingo";"18:50:00";"PB";101;82;"BAYEUX";"Reação tardia ou ineficiente do condutor";"Engavetamento";"Com Vítimas Feridas";"Plena Noite";"Crescente";"Nublado";"Dupla";"Viaduto;Reta";"Sim";3;0;1;0;2;0;1;3;-7,12911;-34,93714;"SPRF-PB";"DEL01-PB";"UOP01-DEL01-PB"
448576;2022-05-08;"domingo";"18:30:00";"SC";101;410;"ARARANGUA";"Desrespeitar a preferência no cruzamento";"Colisão transversal";"Com Vítimas Feridas";"Plena Noite";"Decrescente";"Céu Claro";"Simples";"Reta";"Sim";4;0;1;1;2;0;2;2;-28,94346939;-49,50070549;"SPRF-SC";"DEL02-SC";"UOP02-DEL02-SC"
448577;2022-05-08;"domingo";"18:30:00";"RN";405;136;"SAO FRANCISCO DO OESTE";"Manobra de mudança de faixa";"Colisão frontal";"Com Vítimas Fatais";"Plena Noite";"Decrescente";"Céu Claro";"Simples";"Reta";"Sim";2;1;0;1;0;0;1;2;-5,99442793;-38,16262622;"SPRF-RN";"DEL04-RN";"UOP02-DEL04-RN"
448578;2022-05-08;"domingo";"17:30:00";"SP";116;101;"PINDAMONHANGABA";"Reação tardia ou ineficiente do condutor";"Engavetamento";"Com Vítimas Feridas";"Anoitecer";"Crescente";"Nublado";"Dupla";"Reta";"Não";6;0;2;0;2;2;2;6;-22,99074204;-45,48115098;"SPRF-SP";"DEL08-SP";"UOP01-DEL08-SP"
448579;2022-05-08;"domingo";"17:15:00";"PR";369;20;"CAMBARA";"Acessar a via sem observar a presença dos outros veículos";"Colisão transversal";"Com Vítimas Feridas";"Anoitecer";"Decrescente";"Céu Claro";"Simples";"Aclive;Reta;Interseção de Vias";"Não";3;0;2;0;1;0;2;2;-23,03732312;-50,08190632;"SPRF-PR";"DEL07-PR";"UOP01-DEL07-PR"
448580;2022-05-08;"domingo";"18:30:00";"GO";60;166;"GOIANIA";"Acessar a via sem observar a presença dos outros veículos";"Atropelamento de Pedestre";"Com Vítimas Feridas";"Anoitecer";"Decrescente";"Céu Claro";"Múltipla";"Reta";"Sim";2;0;1;0;1;0;1;2;-16,7129;-49,358;"SPRF-GO";"DEL01-GO";"UOP02-DEL01-GO"
448581;2022-05-08;"domingo";"19:00:00";"PR";369;190;"ARAPONGAS";"Condutor Dormindo";"Saída de leito carroçável";"Com Vítimas Feridas";"Plena Noite";"Decrescente";"Céu Claro";"Simples";"Reta";"Sim";2;0;1;0;1;0;1;1;-23,4141622;-51,427058;"SPRF-PR";"DEL07-PR";"UOP03-DEL07-PR"
448582;2022-05-08;"domingo";"18:20:00";"BA";110;353,3;"CATU";"Transitar na contramão";"Colisão frontal";"Com Vítimas Feridas";"Plena Noite";"Crescente";"Nublado";"Simples";"Reta;Aclive";"Não";3;0;0;3;0;0;3;2;-12,25571588;-38,38880539;"SPRF-BA";"DEL01-BA";"UOP04-DEL01-BA"
448583;2022-05-08;"domingo";"17:30:00";"SC";101;312,4;"LAGUNA";"Ausência de reação do condutor";"Colisão transversal";"Com Vítimas Feridas";"Anoitecer";"Decrescente";"Céu Claro";"Simples";"Reta;Interseção de Vias";"Sim";2;0;1;0;1;0;1;2;-28,43880814;-48,82907867;"SPRF-SC";"DEL02-SC";"UOP01-DEL02-SC"
448586;2022-05-08;"domingo";"18:30:00";"PR";476;131;"CURITIBA";"Reação tardia ou ineficiente do condutor";"Queda de ocupante de veículo";"Com Vítimas Feridas";"Plena Noite";"Crescente";"Céu Claro";"Múltipla";"Reta";"Sim";1;0;0;1;0;0;1;1;-25,453636;-49,245155;"SPRF-PR";"DEL01-PR";"UOP03-DEL01-PR"
448587;2022-05-08;"domingo";"17:50:00";"ES";101;48,1;"CONCEICAO DA BARRA";"Ingestão de álcool pelo condutor";"Colisão traseira";"Com Vítimas Feridas";"Anoitecer";"Crescente";"Céu Claro";"Simples";"Reta";"Não";3;0;1;0;2;0;1;2;-18,56864497;-39,8975839;"SPRF-ES";"DEL04-ES";"UOP02-DEL04-ES"
448588;2022-05-08;"domingo";"19:22:00";"MG";116;413,1;"GOVERNADOR VALADARES";"Acessar a via sem observar a presença dos outros veículos";"Colisão transversal";"Com Vítimas Feridas";"Plena Noite";"Crescente";"Céu Claro";"Simples";"Reta";"Sim";2;0;1;1;0;0;2;2;-18,873907;-41,966366;"SPRF-MG";"DEL06-MG";"UOP01-DEL06-MG"
448589;2022-05-08;"domingo";"18:40:00";"RS";116;184,4;"NOVA PETROPOLIS";"Acessar a via sem observar a presença dos outros veículos";"Colisão lateral mesmo sentido";"Com Vítimas Feridas";"Anoitecer";"Crescente";"Céu Claro";"Simples";"Reta";"Sim";2;0;1;0;1;0;1;2;-29,38638307;-51,12346595;"SPRF-RS";"DEL05-RS";"UOP02-DEL05-RS"
448590;2022-05-08;"domingo";"18:00:00";"RJ";101;418;"MANGARATIBA";"Reação tardia ou ineficiente do condutor";"Colisão traseira";"Com Vítimas Feridas";"Plena Noite";"Decrescente";"Céu Claro";"Simples";"Reta";"Não";2;0;0;1;1;0;1;2;-22,9178274;-43,90471593;"SPRF-RJ";"DEL03-RJ";"UOP02-DEL03-RJ"
448591;2022-05-08;"domingo";"15:00:00";"GO";153;150,2;"CAMPINORTE";"Avarias e/ou desgaste excessivo no pneu";"Saída de leito carroçável";"Com Vítimas Feridas";"Pleno dia";"Decrescente";"Céu Claro";"Simples";"Reta";"Não";2;0;2;0;0;0;2;1;-14,082088;-49,098545;"SPRF-GO";"DEL07-GO";"UOP02-DEL07-GO"
448592;2022-05-08;"domingo";"19:30:00";"RJ";465;8;"SEROPEDICA";"Pedestre cruzava a pista fora da faixa";"Atropelamento de Pedestre";"Com Vítimas Feridas";"Plena Noite";"Crescente";"Céu Claro";"Simples";"Reta";"Não";2;0;1;0;1;0;1;2;-22,767147;-43,678768;"SPRF-RJ";"DEL01-RJ";"UOP03-DEL01-RJ"
448593;2022-05-08;"domingo";"18:50:00";"MA";10;177,9;"CAMPESTRE DO MARANHAO";"Transitar no acostamento";"Atropelamento de Pedestre";"Com Vítimas Feridas";"Plena Noite";"Decrescente";"Céu Claro";"Simples";"Reta";"Não";3;0;0;2;0;1;2;2;-6,167406;-47,365757;"SPRF-MA";"DEL04-MA";"UOP02-DEL04-MA"
448594;2022-05-08;"domingo";"19:43:00";"RN";304;37,6;"MOSSORO";"Transitar na contramão";"Colisão frontal";"Com Vítimas Feridas";"Plena Noite";"Crescente";"Céu Claro";"Simples";"Viaduto";"Sim";2;0;2;0;0;0;2;2;-5,17455933;-37,36227171;"SPRF-RN";"DEL04-RN";"UOP02-DEL04-RN"
448595;2022-05-08;"domingo";"18:30:00";"PR";476;278,5;"SAO MATEUS DO SUL";"Ultrapassagem Indevida";"Colisão frontal";"Com Vítimas Feridas";"Anoitecer";"Crescente";"Céu Claro";"Simples";"Reta";"Sim";2;0;0;1;0;1;1;2;-25,868753;-50,396477;"SPRF-PR";"DEL02-PR";"UOP04-DEL02-PR"
448596;2022-05-08;"domingo";"20:00:00";"PR";116;121;"CURITIBA";"Trafegar com motocicleta (ou similar) entre as faixas";"Colisão traseira";"Com Vítimas Feridas";"Plena Noite";"Decrescente";"Céu Claro";"Dupla";"Reta;Declive";"Sim";3;0;1;0;2;0;1;2;-25,57858374;-49,31258112;"SPRF-PR";"DEL01-PR";"UOP03-DEL01-PR"
448597;2022-05-08;"domingo";"20:10:00";"RN";226;7,9;"MACAIBA";"Ausência de reação do condutor";"Tombamento";"Com Vítimas Feridas";"Plena Noite";"Decrescente";"Nublado";"Simples";"Reta";"Sim";1;0;0;1;0;0;1;1;-5,82773209;-35,28005834;"SPRF-RN";"DEL01-RN";"UOP02-DEL01-RN"
448598;2022-05-08;"domingo";"18:20:00";"SC";280;67,5;"JARAGUA DO SUL";"Transitar no acostamento";"Colisão transversal";"Com Vítimas Feridas";"Plena Noite";"Crescente";"Céu Claro";"Simples";"Reta";"Sim";2;0;1;0;1;0;1;2;-26,4775146;-49,10363575;"SPRF-SC";"DEL03-SC";"UOP03-DEL03-SC"
448599;2022-05-08;"domingo";"20:30:00";"SP";116;222;"GUARULHOS";"Manobra de mudança de faixa";"Colisão traseira";"Com Vítimas Feridas";"Plena Noite";"Decrescente";"Céu Claro";"Múltipla";"Reta";"Não";2;0;1;0;0;1;1;2;-23,47093408;-46,51631097;"SPRF-SP";"DEL01-SP";"UOP01-DEL01-SP"
448601;2022-05-08;"domingo";"20:00:00";"SC";101;424;"ARARANGUA";"Entrada inopinada do pedestre";"Atropelamento de Pedestre";"Com Vítimas Feridas";"Plena Noite";"Crescente";"Céu Claro";"Dupla";"Reta";"Não";3;0;0;1;2;0;1;2;-29,01601155;-49,58269226;"SPRF-SC";"DEL02-SC";"UOP02-DEL02-SC"
448604;2022-05-08;"domingo";"18:40:00";"PR";476;103,9;"COLOMBO";"Ausência de reação do condutor";"Colisão frontal";"Com Vítimas Feridas";"Plena Noite";"Crescente";"Céu Claro";"Simples";"Curva";"Não";6;0;4;1;0;1;5;2;-25,266514;-49,137409;"SPRF-PR";"DEL01-PR";"UOP01-DEL01-PR"
448605;2022-05-08;"domingo";"18:40:00";"MG";40;551,7;"NOVA LIMA";"Condutor deixou de manter distância do veículo da frente";"Colisão traseira";"Com Vítimas Feridas";"Anoitecer";"Decrescente";"Céu Claro";"Dupla";"Reta";"Sim";4;0;1;0;1;2;1;2;-20,05411435;-43,97101875;"SPRF-MG";"DEL01-MG";"UOP02-DEL01-MG"
448606;2022-05-08;"domingo";"20:10:00";"MG";50;85;"UBERLANDIA";"Acessar a via sem observar a presença dos outros veículos";"Colisão traseira";"Sem Vítimas";"Plena Noite";"Crescente";"Céu Claro";"Dupla";"Retorno Regulamentado";"Sim";1;0;0;0;1;0;0;1;-19,00488399;-48,20910294;"SPRF-MG";"DEL15-MG";"UOP01-DEL15-MG"
448607;2022-05-08;"domingo";"21:10:00";"GO";40;4;"VALPARAISO DE GOIAS";"Trafegar com motocicleta (ou similar) entre as faixas";"Colisão lateral mesmo sentido";"Com Vítimas Feridas";"Plena Noite";"Decrescente";"Céu Claro";"Dupla";"Reta";"Sim";2;0;1;0;0;1;1;2;-16,076081;-47,985671;"SPRF-DF";"DEL01-DF";"UOP01-DEL01-DF"
448608;2022-05-08;"domingo";"19:00:00";"CE";116;13,5;"FORTALEZA";"Entrada inopinada do pedestre";"Atropelamento de Pedestre";"Com Vítimas Feridas";"Plena Noite";"Decrescente";"Céu Claro";"Dupla";"Reta";"Sim";2;0;2;0;0;0;2;2;-3,86088501;-38,49715296;"SPRF-CE";"DEL01-CE";"UOP02-DEL01-CE"
448609;2022-05-08;"domingo";"16:20:00";"ES";101;144,4;"LINHARES";"Condutor deixou de manter distância do veículo da frente";"Colisão traseira";"Com Vítimas Feridas";"Pleno dia";"Crescente";"Céu Claro";"Múltipla";"Reta";"Não";3;0;1;0;0;2;1;2;-19,35188295;-40,0636685;"SPRF-ES";"DEL04-ES";"UOP01-DEL04-ES"
448610;2022-05-08;"domingo";"20:00:00";"MG";381;504;"BETIM";"Reação tardia ou ineficiente do condutor";"Tombamento";"Com Vítimas Feridas";"Plena Noite";"Decrescente";"Céu Claro";"Dupla";"Reta";"Sim";1;0;1;0;0;0;1;1;-20,04164508;-44,26386697;"SPRF-MG";"DEL01-MG";"UOP03-DEL01-MG"
448611;2022-05-08;"domingo";"19:53:00";"SC";101;333,9;"TUBARAO";"Ausência de reação do condutor";"Colisão com objeto";"Sem Vítimas";"Plena Noite";"Decrescente";"Nublado";"Dupla";"Reta";"Sim";1;0;0;0;1;0;0;1;-28,46630107;-48,99653096;"SPRF-SC";"DEL02-SC";"UOP01-DEL02-SC"
448612;2022-05-08;"domingo";"18:40:00";"AL";416;11,1;"COLONIA LEOPOLDINA";"Ultrapassagem Indevida";"Colisão lateral sentido oposto";"Com Vítimas Fatais";"Plena Noite";"Decrescente";"Nublado";"Simples";"Reta";"Não";5;1;3;1;0;0;4;2;-8,902653;-35,669018;"SPRF-AL";"DEL01-AL";"UOP02-DEL01-AL"
448615;2022-05-08;"domingo";"20:34:00";"RN";110;25;"MOSSORO";"Animais na Pista";"Atropelamento de Animal";"Com Vítimas Feridas";"Plena Noite";"Decrescente";"Céu Claro";"Simples";"Reta";"Não";1;0;1;0;0;0;1;1;-5,08746204;-37,18713096;"SPRF-RN";"DEL04-RN";"UOP01-DEL04-RN"
448616;2022-05-08;"domingo";"20:20:00";"PB";230;4,5;"CABEDELO";"Transitar na contramão";"Colisão lateral sentido oposto";"Com Vítimas Feridas";"Plena Noite";"Crescente";"Céu Claro";"Simples";"Em Obras";"Sim";2;0;1;0;1;0;1;2;-7,0004;-34,8284;"SPRF-PB";"DEL01-PB";"UOP01-DEL01-PB"
448617;2022-05-08;"domingo";"21:15:00";"RS";386;282,8;"SAO JOSE DO HERVAL";"Transitar na contramão";"Colisão frontal";"Com Vítimas Feridas";"Plena Noite";"Crescente";"Céu Claro";"Simples";"Curva";"Não";5;0;4;1;0;0;5;2;-29,0436;-52,297913;"SPRF-RS";"DEL04-RS";"UOP03-DEL04-RS"
448619;2022-05-08;"domingo";"20:40:00";"MS";267;496,8;"JARDIM";"Pista esburacada";"Tombamento";"Com Vítimas Feridas";"Plena Noite";"Decrescente";"Nublado";"Simples";"Reta";"Não";2;0;2;0;0;0;2;1;-21,49611734;-56,275712;"SPRF-MS";"DEL05-MS";"UOP01-DEL05-MS"
448620;2022-05-08;"domingo";"19:50:00";"RJ";101;557;"PARATY";"Velocidade Incompatível";"Saída de leito carroçável";"Com Vítimas Feridas";"Plena Noite";"Crescente";"Chuva";"Simples";"Curva";"Não";2;0;1;0;1;0;1;1;-23,09154148;-44,6958992;"SPRF-RJ";"DEL03-RJ";"UOP04-DEL03-RJ"
448621;2022-05-08;"domingo";"21:15:00";"SP";101;41;"UBATUBA";"Animais na Pista";"Atropelamento de Animal";"Com Vítimas Feridas";"Plena Noite";"Crescente";"Céu Claro";"Simples";"Reta";"Não";4;0;2;1;1;0;3;2;-23,41971433;-45,0428663;"SPRF-SP";"DEL06-SP";"UOP01-DEL06-SP"
448622;2022-05-08;"domingo";"19:50:00";"SC";101;450;"SANTA ROSA DO SUL";"Ausência de reação do condutor";"Colisão traseira";"Com Vítimas Feridas";"Pleno dia";"Decrescente";"Céu Claro";"Dupla";"Reta";"Não";6;0;1;0;5;0;1;3;-29,17229091;-49,74904711;"SPRF-SC";"DEL02-SC";"UOP02-DEL02-SC"
448623;2022-05-08;"domingo";"21:35:00";"PR";153;336,1;"IRATI";"Conversão proibida";"Colisão lateral mesmo sentido";"Com Vítimas Feridas";"Plena Noite";"Decrescente";"Céu Claro";"Simples";"Reta";"Sim";3;0;0;1;1;1;1;3;-25,49753795;-50,64815515;"SPRF-PR";"DEL03-PR";"UOP03-DEL03-PR"
448624;2022-05-08;"domingo";"19:20:00";"GO";70;297;"ITAPIRAPUA";"Ausência de reação do condutor";"Saída de leito carroçável";"Com Vítimas Feridas";"Plena Noite";"Decrescente";"Nublado";"Simples";"Reta";"Não";1;0;1;0;0;0;1;1;-15,89534882;-50,44062194;"SPRF-GO";"DEL04-GO";"UOP01-DEL04-GO"
448626;2022-05-08;"domingo";"22:00:00";"SE";101;94;"NOSSA SENHORA DO SOCORRO";"Velocidade Incompatível";"Queda de ocupante de veículo";"Com Vítimas Feridas";"Plena Noite";"Decrescente";"Céu Claro";"Dupla";"Reta";"Sim";1;0;1;0;0;0;1;1;-10,90732013;-37,15236691;"SPRF-SE";"DEL01-SE";"UOP01-DEL01-SE"
448627;2022-05-08;"domingo";"15:15:00";"SC";101;458;"SAO JOAO DO SUL";"Ausência de reação do condutor";"Engavetamento";"Sem Vítimas";"Pleno dia";"Crescente";"Céu Claro";"Simples";"Reta";"Não";9;0;0;0;9;0;0;3;-29,24075694;-49,75535784;"SPRF-SC";"DEL02-SC";"UOP02-DEL02-SC"
448628;2022-05-08;"domingo";"19:30:00";"MG";116;699,5;"MURIAE";"Ultrapassagem Indevida";"Colisão frontal";"Com Vítimas Feridas";"Plena Noite";"Crescente";"Nublado";"Simples";"Reta";"Não";7;0;2;1;1;3;3;3;-21,08304557;-42,37444108;"SPRF-MG";"DEL07-MG";"UOP02-DEL07-MG"
448630;2022-05-08;"domingo";"20:00:00";"PE";232;207;"PESQUEIRA";"Ingestão de álcool pelo condutor";"Capotamento";"Com Vítimas Feridas";"Plena Noite";"Decrescente";"Nublado";"Simples";"Declive";"Não";1;0;1;0;0;0;1;1;-8,369249;-36,670749;"SPRF-PE";"DEL03-PE";"UOP02-DEL03-PE"
448631;2022-05-08;"domingo";"21:30:00";"MG";381;495,6;"BETIM";"Acessar a via sem observar a presença dos outros veículos";"Colisão transversal";"Sem Vítimas";"Plena Noite";"Crescente";"Nublado";"Dupla";"Retorno Regulamentado";"Sim";1;0;0;0;0;1;0;1;-19,9748695;-44,18942235;"SPRF-MG";"DEL01-MG";"UOP03-DEL01-MG"
448632;2022-05-04;"quarta-feira";"12:00:00";"RJ";101;65;"CAMPOS DOS GOYTACAZES";"Condutor deixou de manter distância do veículo da frente";"Colisão traseira";"Com Vítimas Feridas";"Pleno dia";"Decrescente";"Nublado";"Simples";"Curva";"Sim";3;0;2;0;1;0;2;2;-21,75676946;-41,3481617;"SPRF-RJ";"DEL08-RJ";"UOP02-DEL08-RJ"
448633;2022-05-08;"domingo";"21:14:00";"RR";174;506;"BOA VISTA";"Ausência de reação do condutor";"Colisão traseira";"Com Vítimas Feridas";"Plena Noite";"Crescente";"Chuva";"Simples";"Reta";"Sim";1;0;1;0;0;0;1;1;2,816381;-60,693253;"SPRF-RR";"DEL01-RR";"UOP01-DEL01-RR"
448634;2022-05-08;"domingo";"23:00:00";"RS";386;38,9;"FREDERICO WESTPHALEN";"Ingestão de álcool pelo condutor";"Saída de leito carroçável";"Com Vítimas Feridas";"Plena Noite";"Decrescente";"Céu Claro";"Simples";"Curva";"Não";5;0;5;0;0;0;5;1;-27,391367;-53,400776;"SPRF-RS";"DEL08-RS";"UOP02-DEL08-RS"
448635;2022-05-08;"domingo";"21:10:00";"PI";343;308,3;"ALTOS";"Ingestão de álcool pelo condutor";"Tombamento";"Com Vítimas Feridas";"Plena Noite";"Crescente";"Chuva";"Simples";"Reta";"Sim";1;0;1;0;0;0;1;1;-5,038669;-42,468166;"SPRF-PI";"DEL01-PI";"UOP01-DEL01-PI"
448636;2022-05-05;"quinta-feira";"06:30:00";"SC";101;397;"MARACAJA";"Animais na Pista";"Tombamento";"Com Vítimas Feridas";"Amanhecer";"Decrescente";"Chuva";"Simples";"Reta";"Não";1;0;1;0;0;0;1;1;-28,83036461;-49,41244828;"SPRF-SC";"DEL02-SC";"UOP02-DEL02-SC"
448638;2022-05-08;"domingo";"21:00:00";"CE";116;188,4;"LIMOEIRO DO NORTE";"Acessar a via sem observar a presença dos outros veículos";"Colisão transversal";"Com Vítimas Fatais";"Plena Noite";"Decrescente";"Nublado";"Simples";"Interseção de Vias;Reta";"Não";2;1;0;0;0;1;0;2;-5,10532825;-38,13044273;"SPRF-CE";"DEL03-CE";"UOP01-DEL03-CE"
448639;2022-05-08;"domingo";"22:00:00";"PR";277;76;"SAO JOSE DOS PINHAIS";"Acessar a via sem observar a presença dos outros veículos";"Colisão frontal";"Com Vítimas Fatais";"Plena Noite";"Decrescente";"Nublado";"Dupla";"Reta";"Não";4;1;0;0;1;2;0;2;-25,49932992;-49,16436285;"SPRF-PR";"DEL01-PR";"UOP01-DEL01-PR"
448640;2022-03-29;"terça-feira";"20:20:00";"ES";101;66;"SAO MATEUS";"Acessar a via sem observar a presença dos outros veículos";"Colisão transversal";"Com Vítimas Feridas";"Plena Noite";"Crescente";"Céu Claro";"Múltipla";"Reta";"Sim";2;0;1;0;1;0;1;2;-18,7165195;-39,87436378;"SPRF-ES";"DEL04-ES";"UOP02-DEL04-ES"
448642;2022-05-08;"domingo";"21:20:00";"SC";280;117,8;"SAO BENTO DO SUL";"Reação tardia ou ineficiente do condutor";"Saída de leito carroçável";"Com Vítimas Feridas";"Plena Noite";"Crescente";"Céu Claro";"Simples";"Curva";"Não";1;0;1;0;0;0;1;1;-26,2747362;-49,42277912;"SPRF-SC";"DEL06-SC";"UOP03-DEL06-SC"
448643;2022-05-08;"domingo";"19:10:00";"RR";174;228;"RORAINOPOLIS";"Reação tardia ou ineficiente do condutor";"Colisão lateral mesmo sentido";"Com Vítimas Fatais";"Plena Noite";"Crescente";"Chuva";"Simples";"Reta";"Não";5;1;2;1;1;0;3;3;1,077223;-60,381687;"SPRF-RR";"DEL01-RR";"UOP01-DEL01-RR"
448644;2022-05-08;"domingo";"23:46:00";"RS";116;37,6;"VACARIA";"Ingestão de álcool pelo condutor";"Colisão traseira";"Com Vítimas Feridas";"Plena Noite";"Decrescente";"Céu Claro";"Simples";"Reta";"Sim";4;0;3;1;0;0;4;2;-28,50346887;-50,92292905;"SPRF-RS";"DEL05-RS";"UOP03-DEL05-RS"
448645;2022-05-08;"domingo";"20:50:00";"BA";420;238;"LAJE";"Transitar na contramão";"Colisão frontal";"Com Vítimas Fatais";"Plena Noite";"Decrescente";"Nublado";"Simples";"Reta";"Não";5;1;0;0;4;0;0;2;-13,17169996;-39,38694399;"SPRF-BA";"DEL01-BA";"UOP02-DEL01-BA"
448646;2022-05-09;"segunda-feira";"00:15:00";"AL";104;93,2;"RIO LARGO";"Condutor Dormindo";"Saída de leito carroçável";"Com Vítimas Feridas";"Plena Noite";"Decrescente";"Chuva";"Dupla";"Reta";"Sim";4;0;0;4;0;0;4;1;-9,52891696;-35,79807693;"SPRF-AL";"DEL01-AL";"UOP01-DEL01-AL"
448648;2022-05-09;"segunda-feira";"00:50:00";"SC";282;526;"XAXIM";"Ingestão de álcool e/ou substâncias psicoativas pelo pedestre";"Saída de leito carroçável";"Com Vítimas Feridas";"Plena Noite";"Crescente";"Céu Claro";"Simples";"Curva";"Não";1;0;1;0;0;0;1;1;-26,968869;-52,574087;"SPRF-SC";"DEL07-SC";"UOP01-DEL07-SC"
448649;2022-05-08;"domingo";"23:25:00";"SC";101;348,6;"JAGUARUNA";"Ausência de reação do condutor";"Colisão com objeto";"Com Vítimas Feridas";"Plena Noite";"Decrescente";"Céu Claro";"Dupla";"Reta";"Sim";1;0;1;0;0;0;1;1;-28,57317505;-49,05292143;"SPRF-SC";"DEL02-SC";"UOP01-DEL02-SC"
448650;2022-05-09;"segunda-feira";"00:30:00";"SC";101;374,7;"ICARA";"Ausência de reação do condutor";"Queda de ocupante de veículo";"Com Vítimas Feridas";"Plena Noite";"Crescente";"Céu Claro";"Dupla";"Reta";"Sim";1;0;1;0;0;0;1;1;-28,71534412;-49,22723198;"SPRF-SC";"DEL02-SC";"UOP01-DEL02-SC"
448651;2022-05-08;"domingo";"23:40:00";"RS";386;270;"FONTOURA XAVIER";"Ausência de reação do condutor";"Colisão com objeto";"Com Vítimas Feridas";"Plena Noite";"Decrescente";"Céu Claro";"Simples";"Reta";"Sim";1;0;1;0;0;0;1;1;-28,972395;-52,369072;"SPRF-RS";"DEL04-RS";"UOP03-DEL04-RS"
448652;2022-05-09;"segunda-feira";"00:30:00";"SC";470;248;"CURITIBANOS";"Velocidade Incompatível";"Capotamento";"Sem Vítimas";"Plena Noite";"Crescente";"Céu Claro";"Simples";"Reta";"Sim";1;0;0;0;0;1;0;1;-27,314163;-50,550713;"SPRF-SC";"DEL05-SC";"UOP03-DEL05-SC"
448653;2022-05-09;"segunda-feira";"01:00:00";"ES";484;100;"AFONSO CLAUDIO";"Ingestão de álcool pelo condutor";"Colisão lateral mesmo sentido";"Sem Vítimas";"Plena Noite";"Crescente";"Céu Claro";"Simples";"Aclive";"Não";2;0;0;0;2;0;0;2;-20,03395393;-41,03643846;"SPRF-ES";"DEL01-ES";"UOP02-DEL01-ES"
448654;2022-05-09;"segunda-feira";"01:30:00";"PR";277;689;"SAO MIGUEL DO IGUACU";"Velocidade Incompatível";"Colisão com objeto";"Com Vítimas Fatais";"Plena Noite";"Decrescente";"Céu Claro";"Dupla";"Aclive";"Sim";4;1;0;3;0;0;3;1;-25,35059002;-54,24064696;"SPRF-PR";"DEL05-PR";"UOP01-DEL05-PR"
448655;2022-05-08;"domingo";"22:15:00";"PR";277;718;"FOZ DO IGUACU";"Ingestão de álcool pelo condutor";"Queda de ocupante de veículo";"Com Vítimas Feridas";"Plena Noite";"Decrescente";"Céu Claro";"Dupla";"Reta";"Não";1;0;0;1;0;0;1;1;-25,48013487;-54,48530406;"SPRF-PR";"DEL05-PR";"UOP03-DEL05-PR"