"id";"data_inversa";"dia_semana";"horario";"uf";"br";"km";"municipio";"causa_acidente";"tipo_acidente";"classificacao_acidente";"fase_dia";"sentido_via";"condicao_metereologica";"tipo_pista";"tracado_via";"uso_solo";"pessoas";"mortos";"feridos_leves";"feridos_graves";"ilesos";"ignorados";"feridos";"veiculos";"latitude";"longitude";"regional";"delegacia";"uop"
449019;2022-05-10;"terça-feira";"21:05:00";"RS";116;268;"CANOAS";"Reação tardia ou ineficiente do condutor";"Colisão lateral mesmo sentido";"Com Vítimas Feridas";"Plena Noite";"Decrescente";"Garoa/Chuvisco";"Dupla";"Reta";"Sim";3;0;3;0;0;0;3;2;-29,95042502;-51,17652939;"SPRF-RS";"DEL01-RS";"UOP01-DEL01-RS"
449020;2022-05-10;"terça-feira";"18:05:00";"BA";116;459;"SANTO ESTEVAO";"Pedestre andava na pista";"Atropelamento de Pedestre";"Com Vítimas Feridas";"Plena Noite";"Crescente";"Céu Claro";"Dupla";"Reta";"Sim";2;0;0;2;0;0;2;2;-12,42081589;-39,19884407;"SPRF-BA";"DEL02-BA";"UOP01-DEL02-BA"
449021;2022-05-10;"terça-feira";"21:10:00";"PR";277;588;"CASCAVEL";"Ingestão de álcool pelo condutor";"Colisão traseira";"Sem Vítimas";"Plena Noite";"Crescente";"Chuva";"Simples";"Reta";"Não";2;0;0;0;2;0;0;2;-24,97369293;-53,43816604;"SPRF-PR";"DEL04-PR";"UOP01-DEL04-PR"
449023;2022-05-10;"terça-feira";"21:30:00";"RS";116;257,2;"ESTEIO";"Acessar a via sem observar a presença dos outros veículos";"Colisão transversal";"Com Vítimas Feridas";"Plena Noite";"Crescente";"Chuva";"Simples";"Rotatória";"Sim";2;0;1;0;1;0;1;2;-29,85262195;-51,17968329;"SPRF-RS";"DEL01-RS";"UOP02-DEL01-RS"
449028;2022-05-10;"terça-feira";"22:10:00";"DF";70;8,3;"BRASILIA";"Transitar no acostamento";"Colisão frontal";"Com Vítimas Feridas";"Plena Noite";"Crescente";"Céu Claro";"Simples";"Reta";"Sim";3;0;3;0;0;0;3;3;-15,784966;-48,122108;"SPRF-DF";"DEL03-DF";"UOP02-DEL03-DF"
449029;2022-05-10;"terça-feira";"20:10:00";"SC";282;86,9;"ALFREDO WAGNER";"Velocidade Incompatível";"Capotamento";"Com Vítimas Feridas";"Plena Noite";"Decrescente";"Chuva";"Simples";"Aclive;Curva";"Não";1;0;1;0;0;0;1;1;-27,661551;-49,197906;"SPRF-SC";"DEL01-SC";"UOP03-DEL01-SC"
449030;2022-05-10;"terça-feira";"22:50:00";"SP";116;217;"GUARULHOS";"Pedestre andava na pista";"Atropelamento de Pedestre";"Com Vítimas Fatais";"Plena Noite";"Decrescente";"Céu Claro";"Múltipla";"Reta";"Sim";2;1;0;0;1;0;0;2;-23,45423824;-46,47119028;"SPRF-SP";"DEL01-SP";"UOP01-DEL01-SP"
449031;2022-05-10;"terça-feira";"22:30:00";"RJ";101;285;"ITABORAI";"Pedestre andava na pista";"Atropelamento de Pedestre";"Com Vítimas Fatais";"Plena Noite";"Decrescente";"Céu Claro";"Dupla";"Reta";"Sim";2;1;0;0;0;1;0;2;-22,7498742;-42,81644087;"SPRF-RJ";"DEL02-RJ";"UOP02-DEL02-RJ"
449033;2022-05-10;"terça-feira";"22:30:00";"SC";101;328,5;"CAPIVARI DE BAIXO";"Demais falhas mecânicas ou elétricas";"Tombamento";"Com Vítimas Feridas";"Plena Noite";"Decrescente";"Chuva";"Dupla";"Reta";"Sim";2;0;2;0;0;0;2;1;-28,43648094;-48,95989307;"SPRF-SC";"DEL02-SC";"UOP01-DEL02-SC"
449034;2022-05-10;"terça-feira";"22:15:00";"RJ";101;80;"CAMPOS DOS GOYTACAZES";"Ausência de reação do condutor";"Atropelamento de Pedestre";"Com Vítimas Feridas";"Plena Noite";"Crescente";"Nublado";"Simples";"Reta";"Sim";2;0;0;1;0;1;1;2;-21,83453437;-41,43797909;"SPRF-RJ";"DEL08-RJ";"UOP02-DEL08-RJ"
449035;2022-05-10;"terça-feira";"23:00:00";"PR";376;450,8;"TIBAGI";"Reação tardia ou ineficiente do condutor";"Saída de leito carroçável";"Com Vítimas Feridas";"Plena Noite";"Crescente";"Garoa/Chuvisco";"Dupla";"Curva";"Não";3;0;2;0;1;0;2;1;-24,87646991;-50,44302821;"SPRF-PR";"DEL03-PR";"UOP02-DEL03-PR"
449036;2022-05-10;"terça-feira";"21:20:00";"RS";290;219,2;"PANTANO GRANDE";"Reação tardia ou ineficiente do condutor";"Colisão traseira";"Com Vítimas Fatais";"Plena Noite";"Decrescente";"Nublado";"Simples";"Reta";"Não";6;2;1;3;0;0;4;2;-30,197365;-52,406708;"SPRF-RS";"DEL02-RS";"UOP03-DEL02-RS"
449038;2022-03-30;"quarta-feira";"06:40:00";"SC";470;56,2;"BLUMENAU";"Acessar a via sem observar a presença dos outros veículos";"Colisão transversal";"Com Vítimas Feridas";"Pleno dia";"Decrescente";"Céu Claro";"Simples";"Reta";"Sim";4;0;1;0;2;1;1;3;-26,87674;-49,127743;"SPRF-SC";"DEL04-SC";"UOP01-DEL04-SC"
449039;2022-05-10;"terça-feira";"22:45:00";"PB";230;501,6;"CAJAZEIRAS";"Ausência de reação do condutor";"Tombamento";"Com Vítimas Feridas";"Plena Noite";"Decrescente";"Céu Claro";"Simples";"Reta";"Não";1;0;1;0;0;0;1;1;-6,899;-38,5159;"SPRF-PB";"DEL03-PB";"UOP03-DEL03-PB"
449041;2022-05-11;"quarta-feira";"01:00:00";"MG";381;744;"TRES CORACOES";"Ausência de reação do condutor";"Saída de leito carroçável";"Sem Vítimas";"Plena Noite";"Crescente";"Céu Claro";"Dupla";"Reta";"Não";3;0;0;0;3;0;0;1;-21,63153073;-45,27650319;"SPRF-MG";"DEL16-MG";"UOP02-DEL16-MG"
449047;2022-05-11;"quarta-feira";"01:14:00";"PE";408;100;"SAO LOURENCO DA MATA";"Reação tardia ou ineficiente do condutor";"Saída de leito carroçável";"Sem Vítimas";"Plena Noite";"Decrescente";"Nublado";"Múltipla";"Curva";"Sim";1;0;0;0;0;1;0;1;-8,04364056;-35,01674995;"SPRF-PE";"DEL01-PE";"UOP01-DEL01-PE"
449048;2022-05-10;"terça-feira";"22:50:00";"PI";316;32;"DEMERVAL LOBAO";"Ausência de reação do condutor";"Colisão traseira";"Sem Vítimas";"Plena Noite";"Decrescente";"Céu Claro";"Simples";"Reta";"Sim";2;0;0;0;2;0;0;2;-5,34217984;-42,68627493;"SPRF-PI";"DEL01-PI";"UOP02-DEL01-PI"
449049;2022-05-11;"quarta-feira";"03:10:00";"RR";174;501;"BOA VISTA";"Ingestão de álcool pelo condutor";"Colisão traseira";"Com Vítimas Feridas";"Amanhecer";"Decrescente";"Chuva";"Dupla";"Aclive";"Sim";4;0;4;0;0;0;4;2;2,781689;-60,703827;"SPRF-RR";"DEL01-RR";"UOP01-DEL01-RR"
449052;2022-05-11;"quarta-feira";"04:15:00";"CE";20;413;"MARACANAU";"Ausência de sinalização";"Colisão com objeto";"Com Vítimas Feridas";"Amanhecer";"Decrescente";"Nublado";"Dupla";"Em Obras;Reta";"Sim";2;0;2;0;0;0;2;1;-3,76999035;-38,67006282;"SPRF-CE";"DEL01-CE";"UOP01-DEL01-CE"
449054;2022-05-11;"quarta-feira";"04:20:00";"RJ";40;111;"DUQUE DE CAXIAS";"Condutor Dormindo";"Saída de leito carroçável";"Com Vítimas Feridas";"Plena Noite";"Decrescente";"Nublado";"Múltipla";"Reta;Declive";"Não";2;0;1;0;1;0;1;1;-22,691868;-43,287453;"SPRF-RJ";"DEL01-RJ";"UOP01-DEL01-RJ"
449055;2022-05-10;"terça-feira";"17:50:00";"RJ";40;97;"PETROPOLIS";"Falta de acostamento";"Atropelamento de Pedestre";"Com Vítimas Feridas";"Plena Noite";"Decrescente";"Céu Claro";"Simples";"Curva";"Não";2;0;1;0;1;0;1;2;-22,57356181;-43,27802893;"SPRF-RJ";"DEL01-RJ";"UOP01-DEL01-RJ"
449057;2022-05-11;"quarta-feira";"05:45:00";"GO";40;6;"VALPARAISO DE GOIAS";"Trafegar com motocicleta (ou similar) entre as faixas";"Colisão traseira";"Com Vítimas Feridas";"Pleno dia";"Decrescente";"Céu Claro";"Dupla";"Reta";"Sim";3;0;2;0;1;0;2;2;-16,100814;-47,977351;"SPRF-DF";"DEL01-DF";"UOP01-DEL01-DF"
449058;2022-05-11;"quarta-feira";"05:40:00";"SP";153;111,9;"JOSE BONIFACIO";"Animais na Pista";"Atropelamento de Animal";"Com Vítimas Feridas";"Plena Noite";"Crescente";"Nublado";"Simples";"Reta";"Sim";2;0;1;0;1;0;1;2;-21,10480404;-49,68274492;"SPRF-SP";"DEL09-SP";"UOP01-DEL09-SP"
449059;2022-05-11;"quarta-feira";"05:20:00";"PR";376;432;"TIBAGI";"Reação tardia ou ineficiente do condutor";"Colisão com objeto";"Sem Vítimas";"Amanhecer";"Crescente";"Garoa/Chuvisco";"Dupla";"Curva";"Não";3;0;0;0;3;0;0;1;-24,79997109;-50,49524546;"SPRF-PR";"DEL03-PR";"UOP02-DEL03-PR"
449060;2022-05-11;"quarta-feira";"05:45:00";"SC";101;112,3;"ITAJAI";"Ingestão de álcool e/ou substâncias psicoativas pelo pedestre";"Saída de leito carroçável";"Sem Vítimas";"Amanhecer";"Crescente";"Nublado";"Dupla";"Reta";"Não";1;0;0;0;0;1;0;1;-26,84589005;-48,72131295;"SPRF-SC";"DEL04-SC";"UOP04-DEL04-SC"
449061;2022-05-11;"quarta-feira";"06:30:00";"MG";40;257,7;"SAO GONCALO DO ABAETE";"Ultrapassagem Indevida";"Saída de leito carroçável";"Com Vítimas Feridas";"Pleno dia";"Decrescente";"Céu Claro";"Simples";"Reta;Declive";"Não";5;0;2;0;2;1;2;1;-18,13557504;-45,38218;"SPRF-MG";"DEL14-MG";"UOP02-DEL14-MG"
449064;2022-05-11;"quarta-feira";"07:35:00";"PE";101;68;"RECIFE";"Condutor deixou de manter distância do veículo da frente";"Queda de ocupante de veículo";"Com Vítimas Feridas";"Pleno dia";"Crescente";"Garoa/Chuvisco";"Dupla";"Reta;Aclive";"Sim";1;0;1;0;0;0;1;1;-8,051013;-34,946072;"SPRF-PE";"DEL01-PE";"UOP01-DEL01-PE"
449065;2022-05-10;"terça-feira";"23:50:00";"PR";376;651;"TIJUCAS DO SUL";"Reação tardia ou ineficiente do condutor";"Capotamento";"Com Vítimas Feridas";"Plena Noite";"Crescente";"Garoa/Chuvisco";"Dupla";"Curva";"Não";1;0;1;0;0;0;1;1;-25,845243;-49,078578;"SPRF-PR";"DEL01-PR";"UOP04-DEL01-PR"
449066;2022-05-11;"quarta-feira";"07:40:00";"BA";116;442;"FEIRA DE SANTANA";"Avarias e/ou desgaste excessivo no pneu";"Tombamento";"Com Vítimas Feridas";"Pleno dia";"Crescente";"Nublado";"Dupla";"Reta";"Não";2;0;2;0;0;0;2;1;-12,33676101;-39,07328599;"SPRF-BA";"DEL02-BA";"UOP01-DEL02-BA"
449067;2022-05-11;"quarta-feira";"06:50:00";"PR";116;102;"CURITIBA";"Reação tardia ou ineficiente do condutor";"Colisão traseira";"Com Vítimas Feridas";"Pleno dia";"Crescente";"Garoa/Chuvisco";"Dupla";"Reta";"Sim";2;0;1;0;1;0;1;2;-25,56865957;-49,17974532;"SPRF-PR";"DEL01-PR";"UOP01-DEL01-PR"
449069;2022-05-11;"quarta-feira";"06:50:00";"SP";116;138,6;"SAO JOSE DOS CAMPOS";"Condutor Dormindo";"Colisão traseira";"Sem Vítimas";"Amanhecer";"Decrescente";"Nublado";"Dupla";"Reta";"Sim";2;0;0;0;2;0;0;2;-23,15300766;-45,78709317;"SPRF-SP";"DEL02-SP";"UOP01-DEL02-SP"
449070;2022-05-11;"quarta-feira";"08:20:00";"PB";230;13;"CABEDELO";"Ausência de reação do condutor";"Colisão traseira";"Com Vítimas Feridas";"Pleno dia";"Decrescente";"Garoa/Chuvisco";"Dupla";"Reta";"Sim";2;0;1;0;1;0;1;2;-7,0772;-34,8494;"SPRF-PB";"DEL01-PB";"UOP01-DEL01-PB"
449074;2022-05-11;"quarta-feira";"08:30:00";"PE";101;27;"IGARASSU";"Demais falhas mecânicas ou elétricas";"Tombamento";"Com Vítimas Feridas";"Pleno dia";"Crescente";"Nublado";"Dupla";"Reta";"Não";2;0;2;0;0;0;2;1;-7,71433379;-34,93478417;"SPRF-PE";"DEL01-PE";"UOP02-DEL01-PE"
449076;2022-05-11;"quarta-feira";"08:55:00";"PE";104;65;"CARUARU";"Reação tardia ou ineficiente do condutor";"Colisão lateral mesmo sentido";"Com Vítimas Feridas";"Pleno dia";"Decrescente";"Céu Claro";"Múltipla";"Interseção de Vias";"Sim";2;0;1;0;1;0;1;2;-8,27611131;-35,98226309;"SPRF-PE";"DEL02-PE";"UOP01-DEL02-PE"
449078;2022-05-11;"quarta-feira";"08:30:00";"SP";153;68,9;"SAO JOSE DO RIO PRETO";"Manobra de mudança de faixa";"Saída de leito carroçável";"Sem Vítimas";"Pleno dia";"Decrescente";"Chuva";"Dupla";"Declive";"Sim";1;0;0;0;1;0;0;1;-20,8505829;-49,383795;"SPRF-SP";"DEL09-SP";"UOP01-DEL09-SP"
449081;2022-05-11;"quarta-feira";"08:15:00";"PR";376;451;"TIBAGI";"Pista Escorregadia";"Saída de leito carroçável";"Com Vítimas Feridas";"Pleno dia";"Decrescente";"Nublado";"Dupla";"Curva";"Não";3;0;1;1;1;0;2;1;-24,94239016;-50,40224704;"SPRF-PR";"DEL03-PR";"UOP02-DEL03-PR"
449082;2022-05-11;"quarta-feira";"05:30:00";"PR";277;177,3;"PALMEIRA";"Condutor deixou de manter distância do veículo da frente";"Colisão traseira";"Com Vítimas Feridas";"Amanhecer";"Decrescente";"Ignorado";"Simples";"Reta";"Não";2;0;1;0;1;0;1;2;-25,42691972;-50,06935358;"SPRF-PR";"DEL08-PR";"UOP02-DEL08-PR"
449083;2022-05-11;"quarta-feira";"09:10:00";"ES";101;232,7;"FUNDAO";"Acessar a via sem observar a presença dos outros veículos";"Colisão traseira";"Com Vítimas Feridas";"Pleno dia";"Decrescente";"Céu Claro";"Simples";"Reta";"Não";3;0;0;1;2;0;1;2;-19,96973516;-40,40766379;"SPRF-ES";"DEL02-ES";"UOP01-DEL02-ES"
449084;2022-05-11;"quarta-feira";"08:27:00";"PR";277;32;"MORRETES";"Ausência de reação do condutor";"Saída de leito carroçável";"Com Vítimas Feridas";"Pleno dia";"Decrescente";"Céu Claro";"Simples";"Curva";"Não";1;0;1;0;0;0;1;1;-25,547373;-48,790559;"SPRF-PR";"DEL01-PR";"UOP05-DEL01-PR"
449089;2022-05-03;"terça-feira";"07:55:00";"PR";277;83,5;"CURITIBA";"Trafegar com motocicleta (ou similar) entre as faixas";"Colisão lateral mesmo sentido";"Com Vítimas Feridas";"Pleno dia";"Crescente";"Chuva";"Dupla";"Reta";"Sim";3;0;1;0;2;0;1;3;-25,44829984;-49,22960222;"SPRF-PR";"DEL01-PR";"UOP06-DEL01-PR"
449092;2022-01-21;"sexta-feira";"02:15:00";"SC";101;208;"SAO JOSE";"Velocidade Incompatível";"Colisão com objeto";"Sem Vítimas";"Plena Noite";"Crescente";"Céu Claro";"Dupla";"Curva";"Sim";1;0;0;0;1;0;0;1;-27,60327979;-48,63201818;"SPRF-SC";"DEL01-SC";"UOP01-DEL01-SC"
449093;2022-05-11;"quarta-feira";"07:05:00";"RO";174;20;"VILHENA";"Restrição de visibilidade em curvas horizontais";"Colisão com objeto";"Sem Vítimas";"Amanhecer";"Crescente";"Céu Claro";"Simples";"Curva";"Não";4;0;0;0;4;0;0;1;-12,6830509;-60,1093422;"SPRF-RO";"DEL04-RO";"UOP01-DEL04-RO"
449094;2022-05-11;"quarta-feira";"09:19:00";"TO";242;456,3;"FORMOSO DO ARAGUAIA";"Transitar na contramão";"Colisão traseira";"Com Vítimas Feridas";"Pleno dia";"Decrescente";"Sol";"Simples";"Reta";"Sim";5;0;0;3;1;1;3;3;-11,80344057;-49,55447192;"SPRF-TO";"DEL01-TO";"UOP02-DEL01-TO"
449099;2022-02-01;"terça-feira";"00:05:00";"RJ";116;257,8;"VOLTA REDONDA";"Velocidade Incompatível";"Colisão frontal";"Com Vítimas Feridas";"Plena Noite";"Crescente";"Céu Claro";"Dupla";"Reta";"Não";1;0;0;1;0;0;1;1;-22,58631777;-44,01407302;"SPRF-RJ";"DEL07-RJ";"UOP02-DEL07-RJ"
449100;2022-02-05;"sábado";"05:20:00";"GO";20;101;"FLORES DE GOIAS";"Demais falhas mecânicas ou elétricas";"Capotamento";"Sem Vítimas";"Plena Noite";"Crescente";"Céu Claro";"Simples";"Reta";"Não";1;0;0;0;1;0;0;1;-14,940716;-46,986126;"SPRF-DF";"DEL02-DF";"UOP01-DEL02-DF"
449101;2022-02-06;"domingo";"22:45:00";"RJ";116;74;"TERESOPOLIS";"Velocidade Incompatível";"Capotamento";"Sem Vítimas";"Plena Noite";"Decrescente";"Céu Claro";"Simples";"Curva";"Não";1;0;0;0;1;0;0;1;-22,35343905;-42,94244164;"SPRF-RJ";"DEL04-RJ";"UOP01-DEL04-RJ"
449102;2022-02-06;"domingo";"23:00:00";"RJ";116;192;"QUEIMADOS";"Ausência de sinalização";"Colisão lateral mesmo sentido";"Sem Vítimas";"Plena Noite";"Crescente";"Nublado";"Dupla";"Reta";"Não";2;0;0;0;2;0;0;2;-22,74207737;-43,5192401;"SPRF-RJ";"DEL01-RJ";"UOP02-DEL01-RJ"
449105;2022-02-09;"quarta-feira";"11:05:00";"SC";101;221,6;"PALHOCA";"Demais falhas mecânicas ou elétricas";"Saída de leito carroçável";"Sem Vítimas";"Pleno dia";"Decrescente";"Céu Claro";"Dupla";"Reta;Declive";"Não";1;0;0;0;0;1;0;1;-27,70742917;-48,65668774;"SPRF-SC";"DEL01-SC";"UOP02-DEL01-SC"
449106;2022-02-10;"quinta-feira";"07:40:00";"PR";476;169,1;"CONTENDA";"Desrespeitar a preferência no cruzamento";"Colisão transversal";"Com Vítimas Fatais";"Amanhecer";"Decrescente";"Céu Claro";"Simples";"Reta;Aclive";"Não";2;1;0;0;1;0;0;2;-25,666254;-49,495918;"SPRF-PR";"DEL01-PR";"UOP03-DEL01-PR"
449108;2022-02-10;"quinta-feira";"21:50:00";"SP";116;100;"PINDAMONHANGABA";"Condutor deixou de manter distância do veículo da frente";"Colisão traseira";"Com Vítimas Feridas";"Plena Noite";"Crescente";"Céu Claro";"Dupla";"Reta";"Não";1;0;1;0;0;0;1;1;-22,986552;-45,47276;"SPRF-SP";"DEL08-SP";"UOP01-DEL08-SP"
449110;2022-02-11;"sexta-feira";"16:00:00";"SC";470;118,9;"IBIRAMA";"Reação tardia ou ineficiente do condutor";"Colisão traseira";"Com Vítimas Feridas";"Pleno dia";"Crescente";"Céu Claro";"Simples";"Reta;Aclive";"Não";3;0;2;0;1;0;2;2;-27,08110838;-49,50008154;"SPRF-SC";"DEL04-SC";"UOP02-DEL04-SC"
449111;2022-02-11;"sexta-feira";"18:30:00";"MG";365;841;"SANTA VITORIA";"Ausência de reação do condutor";"Saída de leito carroçável";"Com Vítimas Feridas";"Plena Noite";"Crescente";"Chuva";"Simples";"Reta";"Não";1;0;0;1;0;0;1;1;-18,94464687;-50,27450021;"SPRF-MG";"DEL15-MG";"UOP03-DEL15-MG"
449113;2022-02-12;"sábado";"02:50:00";"SC";470;135,9;"RIO DO SUL";"Transitar na contramão";"Colisão frontal";"Sem Vítimas";"Plena Noite";"Crescente";"Céu Claro";"Simples";"Reta";"Não";2;0;0;0;1;1;0;2;-27,188492;-49,61232;"SPRF-SC";"DEL04-SC";"UOP02-DEL04-SC"
449114;2022-02-12;"sábado";"03:40:00";"RJ";393;281;"VOLTA REDONDA";"Pista esburacada";"Colisão lateral sentido oposto";"Com Vítimas Fatais";"Plena Noite";"Crescente";"Ignorado";"Simples";"Reta";"Sim";1;1;0;0;0;0;0;1;-22,48025569;-44,02974901;"SPRF-RJ";"DEL05-RJ";"UOP04-DEL05-RJ"
449116;2022-02-12;"sábado";"05:59:00";"SP";381;86,2;"SAO PAULO";"Manobra de mudança de faixa";"Saída de leito carroçável";"Com Vítimas Feridas";"Amanhecer";"Crescente";"Céu Claro";"Múltipla";"Reta";"Sim";2;0;0;2;0;0;2;1;-23,46795751;-46,57130426;"SPRF-SP";"DEL03-SP";"UOP01-DEL03-SP"
449117;2022-02-12;"sábado";"06:00:00";"MG";381;390,4;"BARAO DE COCAIS";"Condutor Dormindo";"Saída de leito carroçável";"Sem Vítimas";"Amanhecer";"Decrescente";"Chuva";"Dupla";"Curva;Declive";"Não";1;0;0;0;1;0;0;1;-19,7978401;-43,4164424;"SPRF-MG";"DEL01-MG";"UOP01-DEL01-MG"
449118;2022-02-12;"sábado";"20:15:00";"ES";101;242;"SERRA";"Transitar na contramão";"Colisão lateral sentido oposto";"Com Vítimas Feridas";"Plena Noite";"Decrescente";"Nublado";"Simples";"Curva";"Não";4;0;2;0;2;0;2;2;-20,0321348;-40,39675773;"SPRF-ES";"DEL02-ES";"UOP01-DEL02-ES"
449119;2022-02-12;"sábado";"20:20:00";"PR";476;55;"TUNAS DO PARANA";"Ausência de reação do condutor";"Capotamento";"Com Vítimas Feridas";"Plena Noite";"Crescente";"Nublado";"Simples";"Ponte;Reta";"Não";3;0;3;0;0;0;3;1;-24,966764;-49,08572;"SPRF-PR";"DEL01-PR";"UOP02-DEL01-PR"
449120;2022-02-12;"sábado";"20:15:00";"SC";116;58,2;"PAPANDUVA";"Acessar a via sem observar a presença dos outros veículos";"Colisão transversal";"Com Vítimas Feridas";"Plena Noite";"Decrescente";"Céu Claro";"Simples";"Reta";"Não";5;0;2;2;1;0;4;2;-26,37775081;-50,19836783;"SPRF-SC";"DEL06-SC";"UOP02-DEL06-SC"
449121;2022-02-13;"domingo";"00:00:00";"BA";110;173;"RIBEIRA DO POMBAL";"Transitar na contramão";"Colisão frontal";"Sem Vítimas";"Plena Noite";"Crescente";"Céu Claro";"Simples";"Reta";"Sim";2;0;0;0;0;2;0;2;-10,86944598;-38,52734387;"SPRF-BA";"DEL07-BA";"UOP02-DEL07-BA"
449122;2022-02-13;"domingo";"05:30:00";"RJ";116;295,8;"PORTO REAL";"Ausência de reação do condutor";"Saída de leito carroçável";"Sem Vítimas";"Amanhecer";"Crescente";"Chuva";"Dupla";"Reta";"Não";2;0;0;0;2;0;0;1;-22,45013044;-44,3107408;"SPRF-RJ";"DEL07-RJ";"UOP02-DEL07-RJ"
449123;2022-02-12;"sábado";"16:45:00";"PE";316;19;"ARARIPINA";"Chuva";"Saída de leito carroçável";"Sem Vítimas";"Pleno dia";"Decrescente";"Céu Claro";"Simples";"Reta";"Não";1;0;0;0;0;1;0;1;-7,55297709;-40,53977312;"SPRF-PE";"DEL05-PE";"UOP02-DEL05-PE"
449124;2022-02-13;"domingo";"05:00:00";"MG";262;402;"PARA DE MINAS";"Velocidade Incompatível";"Capotamento";"Sem Vítimas";"Amanhecer";"Decrescente";"Céu Claro";"Dupla";"Reta";"Sim";1;0;0;0;0;1;0;1;-19,88367932;-44,61282514;"SPRF-MG";"DEL01-MG";"UOP03-DEL01-MG"
449125;2022-02-13;"domingo";"07:20:00";"RJ";116;175;"NOVA IGUACU";"Condutor Dormindo";"Colisão com objeto";"Com Vítimas Feridas";"Pleno dia";"Decrescente";"Céu Claro";"Múltipla";"Reta";"Sim";1;0;1;0;0;0;1;1;-22,78923555;-43,37275272;"SPRF-RJ";"DEL01-RJ";"UOP02-DEL01-RJ"
449126;2022-02-13;"domingo";"07:00:00";"MG";365;740;"ITUIUTABA";"Ausência de reação do condutor";"Saída de leito carroçável";"Com Vítimas Feridas";"Pleno dia";"Decrescente";"Céu Claro";"Simples";"Reta";"Não";1;0;1;0;0;0;1;1;-18,912306;-49,37092;"SPRF-MG";"DEL15-MG";"UOP03-DEL15-MG"
449129;2022-02-18;"sexta-feira";"18:40:00";"SP";116;223,5;"GUARULHOS";"Ausência de reação do condutor";"Colisão traseira";"Com Vítimas Feridas";"Anoitecer";"Decrescente";"Nublado";"Múltipla";"Reta";"Sim";3;0;3;0;0;0;3;2;-23,47559815;-46,5246609;"SPRF-SP";"DEL01-SP";"UOP01-DEL01-SP"
449131;2022-02-13;"domingo";"19:20:00";"RJ";101;525;"ANGRA DOS REIS";"Desrespeitar a preferência no cruzamento";"Colisão transversal";"Com Vítimas Feridas";"Plena Noite";"Decrescente";"Garoa/Chuvisco";"Simples";"Reta";"Não";4;0;2;1;1;0;3;2;-23,00539889;-44,48448504;"SPRF-RJ";"DEL03-RJ";"UOP02-DEL03-RJ"
449132;2022-02-13;"domingo";"21:00:00";"MG";381;496;"BETIM";"Velocidade Incompatível";"Colisão com objeto";"Com Vítimas Feridas";"Plena Noite";"Crescente";"Céu Claro";"Dupla";"Reta";"Sim";1;0;1;0;0;0;1;1;-19,99676497;-44,20958506;"SPRF-MG";"DEL01-MG";"UOP03-DEL01-MG"
449133;2022-02-13;"domingo";"21:40:00";"DF";20;11,4;"BRASILIA";"Velocidade Incompatível";"Colisão transversal";"Com Vítimas Feridas";"Plena Noite";"Crescente";"Nublado";"Dupla";"Interseção de Vias;Reta;Retorno Regulamentado";"Sim";3;0;2;0;1;0;2;2;-15,64654;-47,766422;"SPRF-DF";"DEL02-DF";"UOP01-DEL02-DF"
449136;2022-02-13;"domingo";"18:10:00";"RJ";101;319;"NITEROI";"Ausência de reação do condutor";"Colisão com objeto";"Com Vítimas Feridas";"Pleno dia";"Crescente";"Céu Claro";"Dupla";"Reta";"Não";1;0;1;0;0;0;1;1;-22,85411774;-43,1018014;"SPRF-RJ";"DEL02-RJ";"UOP02-DEL02-RJ"
449137;2022-02-14;"segunda-feira";"00:40:00";"RJ";40;123;"DUQUE DE CAXIAS";"Velocidade Incompatível";"Colisão traseira";"Com Vítimas Fatais";"Plena Noite";"Decrescente";"Céu Claro";"Múltipla";"Reta";"Não";2;1;0;0;1;0;0;2;-22,79907687;-43,29015739;"SPRF-RJ";"DEL01-RJ";"UOP01-DEL01-RJ"
449138;2022-02-13;"domingo";"21:45:00";"RJ";101;322;"NITEROI";"Reação tardia ou ineficiente do condutor";"Colisão com objeto";"Sem Vítimas";"Plena Noite";"Decrescente";"Céu Claro";"Simples";"Curva";"Sim";2;0;0;0;2;0;0;2;-22,878923;-43,110676;"SPRF-RJ";"DEL02-RJ";"UOP01-DEL02-RJ"
449140;2022-02-14;"segunda-feira";"01:40:00";"SC";282;640,7;"DESCANSO";"Ausência de reação do condutor";"Saída de leito carroçável";"Sem Vítimas";"Plena Noite";"Crescente";"Céu Claro";"Simples";"Curva";"Não";1;0;0;0;1;0;0;1;-26,788002;-53,458031;"SPRF-SC";"DEL07-SC";"UOP03-DEL07-SC"
449141;2022-02-13;"domingo";"22:50:00";"MG";50;203,8;"DELTA";"Velocidade Incompatível";"Colisão traseira";"Com Vítimas Feridas";"Plena Noite";"Crescente";"Céu Claro";"Dupla";"Reta";"Não";4;0;2;0;2;0;2;2;-19,92627147;-47,82191068;"SPRF-MG";"DEL13-MG";"UOP01-DEL13-MG"
449142;2022-02-14;"segunda-feira";"08:30:00";"PR";163;300;"MERCEDES";"Reação tardia ou ineficiente do condutor";"Saída de leito carroçável";"Sem Vítimas";"Pleno dia";"Crescente";"Céu Claro";"Simples";"Reta";"Não";2;0;0;0;2;0;0;1;-24,49882206;-54,12558571;"SPRF-PR";"DEL06-PR";"UOP02-DEL06-PR"
449144;2022-02-14;"segunda-feira";"14:00:00";"PI";343;256;"CAMPO MAIOR";"Condutor Dormindo";"Colisão com objeto";"Com Vítimas Feridas";"Pleno dia";"Crescente";"Sol";"Simples";"Reta";"Não";3;0;3;0;0;0;3;1;-4,777813;-42,115211;"SPRF-PI";"DEL01-PI";"UOP03-DEL01-PI"