"id";"data_inversa";"dia_semana";"horario";"uf";"br";"km";"municipio";"causa_acidente";"tipo_acidente";"classificacao_acidente";"fase_dia";"sentido_via";"condicao_metereologica";"tipo_pista";"tracado_via";"uso_solo";"pessoas";"mortos";"feridos_leves";"feridos_graves";"ilesos";"ignorados";"feridos";"veiculos";"latitude";"longitude";"regional";"delegacia";"uop"
449148;2022-02-15;"terça-feira";"09:00:00";"RJ";101;582;"PARATY";"Condutor Dormindo";"Saída de leito carroçável";"Com Vítimas Fatais";"Pleno dia";"Decrescente";"Céu Claro";"Simples";"Reta";"Não";7;4;0;2;0;1;2;2;-23,25631092;-44,69897659;"SPRF-RJ";"DEL03-RJ";"UOP04-DEL03-RJ"
449149;2022-02-15;"terça-feira";"17:50:00";"SC";101;210;"SAO JOSE";"Ausência de reação do condutor";"Colisão lateral mesmo sentido";"Com Vítimas Feridas";"Pleno dia";"Crescente";"Sol";"Dupla";"Reta";"Não";2;0;1;0;1;0;1;2;-27,6167305;-48,6457265;"SPRF-SC";"DEL01-SC";"UOP01-DEL01-SC"
449154;2022-02-16;"quarta-feira";"03:00:00";"RS";287;315,6;"MATA";"Ausência de reação do condutor";"Saída de leito carroçável";"Com Vítimas Feridas";"Plena Noite";"Crescente";"Céu Claro";"Simples";"Reta";"Não";1;0;0;1;0;0;1;1;-29,65411037;-54,5230451;"SPRF-RS";"DEL09-RS";"UOP01-DEL09-RS"
449155;2022-05-11;"quarta-feira";"11:15:00";"PE";101;192;"PALMARES";"Velocidade Incompatível";"Capotamento";"Com Vítimas Feridas";"Pleno dia";"Decrescente";"Chuva";"Dupla";"Reta";"Não";2;0;0;1;1;0;1;1;-8,71282291;-35,60955915;"SPRF-PE";"DEL01-PE";"UOP03-DEL01-PE"
449158;2022-02-16;"quarta-feira";"16:10:00";"CE";20;411,5;"CAUCAIA";"Ausência de reação do condutor";"Saída de leito carroçável";"Com Vítimas Feridas";"Pleno dia";"Decrescente";"Nublado";"Dupla";"Reta;Em Obras";"Sim";5;0;2;0;3;0;2;1;-3,80440079;-38,63998001;"SPRF-CE";"DEL01-CE";"UOP01-DEL01-CE"
449159;2022-02-16;"quarta-feira";"16:45:00";"SC";101;411,7;"ARARANGUA";"Retorno proibido";"Colisão transversal";"Com Vítimas Feridas";"Pleno dia";"Decrescente";"Céu Claro";"Simples";"Reta";"Sim";2;0;0;1;1;0;1;2;-28,94596927;-49,50370789;"SPRF-SC";"DEL02-SC";"UOP02-DEL02-SC"
449162;2022-02-16;"quarta-feira";"21:00:00";"MG";381;897,9;"CAMBUI";"Condutor Dormindo";"Colisão traseira";"Com Vítimas Feridas";"Plena Noite";"Crescente";"Nublado";"Dupla";"Reta";"Sim";2;0;1;0;0;1;1;2;-22,63961103;-46,08077997;"SPRF-MG";"DEL16-MG";"UOP03-DEL16-MG"
449163;2022-02-16;"quarta-feira";"22:30:00";"CE";116;6;"FORTALEZA";"Ingestão de álcool pelo condutor";"Colisão lateral sentido oposto";"Com Vítimas Feridas";"Plena Noite";"Crescente";"Céu Claro";"Simples";"Curva";"Sim";2;0;1;0;1;0;1;2;-3,802624;-38,50400499;"SPRF-CE";"DEL01-CE";"UOP02-DEL01-CE"
449164;2022-02-16;"quarta-feira";"16:30:00";"CE";116;524;"JATI";"Pista esburacada";"Saída de leito carroçável";"Com Vítimas Feridas";"Pleno dia";"Crescente";"Nublado";"Simples";"Reta";"Não";2;0;1;0;1;0;1;1;-7,64286;-39,02366;"SPRF-CE";"DEL05-CE";"UOP03-DEL05-CE"
449166;2022-02-16;"quarta-feira";"23:00:00";"CE";222;74,7;"SAO LUIS DO CURU";"Animais na Pista";"Atropelamento de Animal";"Com Vítimas Feridas";"Plena Noite";"Crescente";"Céu Claro";"Simples";"Declive";"Não";1;0;1;0;0;0;1;1;-3,6706332;-39,20640601;"SPRF-CE";"DEL01-CE";"UOP03-DEL01-CE"
449168;2022-02-17;"quinta-feira";"07:40:00";"SC";116;172,2;"PONTE ALTA DO NORTE";"Mal súbito do condutor";"Colisão com objeto";"Com Vítimas Feridas";"Pleno dia";"Decrescente";"Céu Claro";"Simples";"Curva";"Não";1;0;1;0;0;0;1;1;-27,21243998;-50,4652468;"SPRF-SC";"DEL05-SC";"UOP03-DEL05-SC"
449170;2022-02-17;"quinta-feira";"07:00:00";"RJ";101;294;"ITABORAI";"Reação tardia ou ineficiente do condutor";"Colisão traseira";"Com Vítimas Feridas";"Pleno dia";"Crescente";"Céu Claro";"Dupla";"Reta";"Sim";3;0;2;0;1;0;2;2;-22,76334077;-42,90231943;"SPRF-RJ";"DEL02-RJ";"UOP02-DEL02-RJ"
449171;2022-02-17;"quinta-feira";"11:40:00";"MG";381;272;"CORONEL FABRICIANO";"Velocidade Incompatível";"Colisão traseira";"Com Vítimas Feridas";"Pleno dia";"Decrescente";"Nublado";"Simples";"Reta";"Não";3;0;2;0;0;1;2;2;-19,55977294;-42,71016637;"SPRF-MG";"DEL03-MG";"UOP02-DEL03-MG"
449172;2022-02-17;"quinta-feira";"11:54:00";"PI";343;1,8;"TERESINA";"Condutor desrespeitou a iluminação vermelha do semáforo";"Colisão transversal";"Com Vítimas Feridas";"Pleno dia";"Crescente";"Céu Claro";"Simples";"Interseção de Vias";"Sim";2;0;1;0;0;1;1;2;-5,089569;-42,802288;"SPRF-PI";"DEL01-PI";"UOP01-DEL01-PI"
449175;2022-05-11;"quarta-feira";"12:00:00";"SC";101;338,9;"TUBARAO";"Animais na Pista";"Atropelamento de Animal";"Com Vítimas Feridas";"Pleno dia";"Decrescente";"Céu Claro";"Dupla";"Reta";"Não";1;0;1;0;0;0;1;1;-28,485725;-49,03726;"SPRF-SC";"DEL02-SC";"UOP01-DEL02-SC"
449178;2022-02-17;"quinta-feira";"22:40:00";"RJ";116;120;"DUQUE DE CAXIAS";"Acumulo de água sobre o pavimento";"Colisão com objeto";"Com Vítimas Feridas";"Plena Noite";"Crescente";"Chuva";"Múltipla";"Reta";"Sim";1;0;1;0;0;0;1;1;-22,778543;-43,285982;"SPRF-RJ";"DEL04-RJ";"UOP02-DEL04-RJ"
449179;2022-05-11;"quarta-feira";"11:30:00";"MT";163;118,7;"RONDONOPOLIS";"Manobra de mudança de faixa";"Colisão lateral mesmo sentido";"Com Vítimas Feridas";"Pleno dia";"Decrescente";"Céu Claro";"Dupla";"Aclive";"Sim";2;0;1;0;1;0;1;2;-16,51361392;-54,65519619;"SPRF-MT";"DEL02-MT";"UOP01-DEL02-MT"
449182;2022-02-18;"sexta-feira";"09:24:00";"DF";20;49;"BRASILIA";"Reação tardia ou ineficiente do condutor";"Capotamento";"Com Vítimas Feridas";"Pleno dia";"Crescente";"Nublado";"Dupla";"Reta";"Não";1;0;1;0;0;0;1;1;-15,583345;-47,449738;"SPRF-DF";"DEL02-DF";"UOP01-DEL02-DF"
449184;2022-02-18;"sexta-feira";"09:00:00";"RJ";40;0;"COMENDADOR LEVY GASPARIAN";"Velocidade Incompatível";"Capotamento";"Com Vítimas Feridas";"Pleno dia";"Decrescente";"Chuva";"Dupla";"Curva";"Não";1;0;1;0;0;0;1;1;-22,011084;-43,26723;"SPRF-RJ";"DEL05-RJ";"UOP02-DEL05-RJ"
449186;2022-05-11;"quarta-feira";"11:30:00";"PB";104;130,6;"CAMPINA GRANDE";"Desrespeitar a preferência no cruzamento";"Colisão transversal";"Com Vítimas Feridas";"Pleno dia";"Decrescente";"Sol";"Simples";"Reta;Retorno Regulamentado";"Sim";2;0;1;0;1;0;1;2;-7,28733611;-35,88963512;"SPRF-PB";"DEL02-PB";"UOP03-DEL02-PB"
449187;2022-02-18;"sexta-feira";"13:35:00";"CE";20;363,3;"MARANGUAPE";"Reação tardia ou ineficiente do condutor";"Colisão traseira";"Com Vítimas Feridas";"Pleno dia";"Decrescente";"Céu Claro";"Simples";"Reta";"Não";2;0;0;1;1;0;1;2;-4,02566009;-38,9868239;"SPRF-CE";"DEL02-CE";"UOP01-DEL02-CE"
449188;2022-02-18;"sexta-feira";"20:05:00";"RS";290;562;"ALEGRETE";"Animais na Pista";"Atropelamento de Animal";"Com Vítimas Feridas";"Plena Noite";"Crescente";"Céu Claro";"Simples";"Reta";"Não";2;0;2;0;0;0;2;1;-29,875063;-55,612095;"SPRF-RS";"DEL13-RS";"UOP02-DEL13-RS"
449189;2022-02-18;"sexta-feira";"22:10:00";"RJ";101;293;"ITABORAI";"Ausência de reação do condutor";"Saída de leito carroçável";"Com Vítimas Feridas";"Plena Noite";"Decrescente";"Garoa/Chuvisco";"Simples";"Viaduto";"Sim";2;0;2;0;0;0;2;1;-22,756203;-42,88724;"SPRF-RJ";"DEL02-RJ";"UOP02-DEL02-RJ"
449190;2022-02-19;"sábado";"09:50:00";"MG";50;48,2;"ARAGUARI";"Ausência de reação do condutor";"Saída de leito carroçável";"Com Vítimas Feridas";"Pleno dia";"Decrescente";"Nublado";"Dupla";"Reta";"Não";2;0;2;0;0;0;2;1;-18,73203707;-48,21288207;"SPRF-MG";"DEL15-MG";"UOP02-DEL15-MG"
449192;2022-02-19;"sábado";"15:30:00";"RJ";101;232;"NITEROI";"Demais falhas mecânicas ou elétricas";"Colisão frontal";"Com Vítimas Feridas";"Pleno dia";"Decrescente";"Nublado";"Múltipla";"Reta";"Não";2;0;1;1;0;0;2;1;-22,87554255;-43,12030792;"SPRF-RJ";"DEL02-RJ";"UOP03-DEL02-RJ"
449195;2022-02-20;"domingo";"10:00:00";"CE";116;24;"ITAITINGA";"Deficiência do Sistema de Iluminação/Sinalização";"Incêndio";"Sem Vítimas";"Pleno dia";"Crescente";"Céu Claro";"Dupla";"Reta";"Não";1;0;0;0;1;0;0;1;-3,95797982;-38,5131124;"SPRF-CE";"DEL01-CE";"UOP02-DEL01-CE"
449196;2022-02-20;"domingo";"13:45:00";"MG";40;794;"JUIZ DE FORA";"Avarias e/ou desgaste excessivo no pneu";"Capotamento";"Com Vítimas Feridas";"Pleno dia";"Decrescente";"Céu Claro";"Dupla";"Curva";"Não";2;0;2;0;0;0;2;1;-21,79926451;-43,40729012;"SPRF-MG";"DEL05-MG";"UOP01-DEL05-MG"
449197;2022-02-20;"domingo";"21:15:00";"SC";282;461,5;"PONTE SERRADA";"Desrespeitar a preferência no cruzamento";"Colisão transversal";"Com Vítimas Feridas";"Plena Noite";"Decrescente";"Céu Claro";"Simples";"Reta";"Sim";2;0;1;0;1;0;1;2;-26,856403;-52,041328;"SPRF-SC";"DEL07-SC";"UOP04-DEL07-SC"
449198;2022-02-20;"domingo";"21:30:00";"BA";116;228;"EUCLIDES DA CUNHA";"Manobra de mudança de faixa";"Colisão frontal";"Com Vítimas Feridas";"Plena Noite";"Decrescente";"Céu Claro";"Simples";"Reta";"Não";2;0;1;1;0;0;2;2;-10,61453321;-38,96798947;"SPRF-BA";"DEL07-BA";"UOP02-DEL07-BA"
449199;2022-02-21;"segunda-feira";"15:30:00";"MG";459;62,3;"IPUIUNA";"Velocidade Incompatível";"Saída de leito carroçável";"Com Vítimas Feridas";"Pleno dia";"Decrescente";"Chuva";"Simples";"Curva;Declive";"Não";4;0;0;3;1;0;3;1;-22,109491;-46,179049;"SPRF-MG";"DEL09-MG";"UOP01-DEL09-MG"
449202;2022-05-11;"quarta-feira";"12:40:00";"PR";369;202;"APUCARANA";"Condutor desrespeitou a iluminação vermelha do semáforo";"Colisão transversal";"Com Vítimas Feridas";"Pleno dia";"Crescente";"Céu Claro";"Simples";"Reta;Aclive";"Sim";4;0;1;1;2;0;2;2;-23,53984194;-51,45733237;"SPRF-PR";"DEL07-PR";"UOP03-DEL07-PR"
449203;2022-02-21;"segunda-feira";"17:50:00";"SE";101;92;"NOSSA SENHORA DO SOCORRO";"Acessar a via sem observar a presença dos outros veículos";"Colisão transversal";"Com Vítimas Feridas";"Plena Noite";"Crescente";"Céu Claro";"Dupla";"Reta";"Sim";2;0;1;0;1;0;1;2;-10,89849802;-37,13176324;"SPRF-SE";"DEL01-SE";"UOP01-DEL01-SE"
449204;2022-02-21;"segunda-feira";"21:30:00";"SC";101;47,5;"JOINVILLE";"Demais falhas mecânicas ou elétricas";"Incêndio";"Sem Vítimas";"Plena Noite";"Crescente";"Céu Claro";"Dupla";"Reta";"Sim";1;0;0;0;1;0;0;1;-26,34234997;-48,85840089;"SPRF-SC";"DEL03-SC";"UOP01-DEL03-SC"
449205;2022-04-09;"sábado";"03:25:00";"GO";153;568;"PROFESSOR JAMIL";"Velocidade Incompatível";"Queda de ocupante de veículo";"Com Vítimas Feridas";"Plena Noite";"Crescente";"Céu Claro";"Dupla";"Reta";"Não";1;0;1;0;0;0;1;1;-17,2854;-49,2361;"SPRF-GO";"DEL03-GO";"UOP01-DEL03-GO"
449206;2022-05-11;"quarta-feira";"06:20:00";"RJ";101;311;"SAO GONCALO";"Animais na Pista";"Atropelamento de Animal";"Com Vítimas Feridas";"Pleno dia";"Crescente";"Céu Claro";"Dupla";"Reta";"Sim";2;0;1;0;0;1;1;2;-22,80062246;-43,05318779;"SPRF-RJ";"DEL02-RJ";"UOP02-DEL02-RJ"
449207;2022-05-11;"quarta-feira";"11:45:00";"MA";230;391;"BALSAS";"Velocidade Incompatível";"Saída de leito carroçável";"Sem Vítimas";"Pleno dia";"Crescente";"Céu Claro";"Simples";"Reta";"Não";2;0;0;0;0;2;0;1;-7,41720515;-45,99525969;"SPRF-MA";"DEL05-MA";"UOP01-DEL05-MA"
449208;2022-03-24;"quinta-feira";"19:12:00";"SC";470;139;"RIO DO SUL";"Manobra de mudança de faixa";"Colisão transversal";"Com Vítimas Feridas";"Plena Noite";"Decrescente";"Nublado";"Simples";"Rotatória";"Sim";2;0;1;0;1;0;1;2;-27,217564;-49,65461;"SPRF-SC";"DEL04-SC";"UOP02-DEL04-SC"
449209;2022-05-11;"quarta-feira";"13:20:00";"PE";424;69;"CAETES";"Ausência de reação do condutor";"Colisão traseira";"Com Vítimas Feridas";"Pleno dia";"Decrescente";"Céu Claro";"Simples";"Reta";"Sim";3;0;1;0;2;0;1;2;-8,77398589;-36,62798492;"SPRF-PE";"DEL03-PE";"UOP01-DEL03-PE"
449214;2022-05-11;"quarta-feira";"13:35:00";"ES";101;298;"CARIACICA";"Reação tardia ou ineficiente do condutor";"Colisão transversal";"Com Vítimas Feridas";"Pleno dia";"Decrescente";"Céu Claro";"Múltipla";"Reta";"Sim";5;0;1;0;4;0;1;5;-20,35374444;-40,4156433;"SPRF-ES";"DEL01-ES";"UOP01-DEL01-ES"
449216;2022-05-06;"sexta-feira";"06:00:00";"BA";116;817,5;"VITORIA DA CONQUISTA";"Ingestão de álcool pelo condutor";"Colisão traseira";"Com Vítimas Feridas";"Amanhecer";"Decrescente";"Céu Claro";"Simples";"Reta";"Sim";3;0;1;1;1;0;2;2;-14,822062;-40,815709;"SPRF-BA";"DEL08-BA";"UOP01-DEL08-BA"
449218;2022-05-11;"quarta-feira";"14:20:00";"BA";242;839;"BARREIRAS";"Ultrapassagem Indevida";"Colisão frontal";"Com Vítimas Feridas";"Pleno dia";"Decrescente";"Céu Claro";"Simples";"Reta";"Não";2;0;2;0;0;0;2;2;-12,11895515;-45,18803601;"SPRF-BA";"DEL10-BA";"UOP01-DEL10-BA"
449220;2022-04-02;"sábado";"07:00:00";"MG";40;524;"CONTAGEM";"Ausência de reação do condutor";"Saída de leito carroçável";"Com Vítimas Fatais";"Pleno dia";"Crescente";"Céu Claro";"Dupla";"Curva";"Sim";1;1;0;0;0;0;0;1;-19,8754469;-44,05345586;"SPRF-MG";"DEL01-MG";"UOP02-DEL01-MG"
449222;2022-05-11;"quarta-feira";"14:30:00";"RN";304;300,3;"MACAIBA";"Condutor Dormindo";"Queda de ocupante de veículo";"Com Vítimas Feridas";"Pleno dia";"Decrescente";"Céu Claro";"Dupla";"Reta";"Não";1;0;1;0;0;0;1;1;-5,8737673;-35,3150361;"SPRF-RN";"DEL01-RN";"UOP02-DEL01-RN"
449223;2022-03-12;"sábado";"12:10:00";"ES";482;108;"GUACUI";"Mal súbito do condutor";"Colisão lateral mesmo sentido";"Com Vítimas Feridas";"Pleno dia";"Crescente";"Sol";"Simples";"Reta";"Sim";2;0;2;0;0;0;2;2;-20,78769691;-41,6874642;"SPRF-ES";"DEL03-ES";"UOP02-DEL03-ES"
449225;2022-05-11;"quarta-feira";"15:30:00";"PE";101;69,8;"RECIFE";"Manobra de mudança de faixa";"Colisão traseira";"Com Vítimas Feridas";"Pleno dia";"Decrescente";"Céu Claro";"Dupla";"Viaduto";"Sim";2;0;1;0;1;0;1;2;-8,065841;-34,943433;"SPRF-PE";"DEL01-PE";"UOP01-DEL01-PE"
449227;2022-05-11;"quarta-feira";"15:00:00";"PR";376;651;"TIJUCAS DO SUL";"Condutor deixou de manter distância do veículo da frente";"Colisão lateral mesmo sentido";"Com Vítimas Feridas";"Pleno dia";"Crescente";"Nublado";"Dupla";"Reta";"Não";3;0;1;0;1;1;1;3;-25,845243;-49,078578;"SPRF-PR";"DEL01-PR";"UOP04-DEL01-PR"
449228;2022-04-05;"terça-feira";"16:30:00";"CE";222;211;"SOBRAL";"Pista Escorregadia";"Tombamento";"Com Vítimas Feridas";"Pleno dia";"Decrescente";"Céu Claro";"Simples";"Reta";"Não";1;0;0;1;0;0;1;1;-3,794107;-40,275047;"SPRF-CE";"DEL04-CE";"UOP01-DEL04-CE"
449229;2022-05-11;"quarta-feira";"15:00:00";"RS";287;400,9;"SANTIAGO";"Desrespeitar a preferência no cruzamento";"Colisão transversal";"Com Vítimas Feridas";"Pleno dia";"Decrescente";"Céu Claro";"Simples";"Rotatória";"Sim";2;0;0;1;1;0;1;2;-29,16448781;-54,87636383;"SPRF-RS";"DEL12-RS";"UOP02-DEL12-RS"
449234;2022-05-11;"quarta-feira";"07:30:00";"GO";60;435;"RIO VERDE";"Avarias e/ou desgaste excessivo no pneu";"Saída de leito carroçável";"Com Vítimas Feridas";"Pleno dia";"Decrescente";"Céu Claro";"Dupla";"Reta";"Não";1;0;1;0;0;0;1;1;-17,8317;-51,3755;"SPRF-GO";"DEL04-GO";"UOP01-DEL04-GO"
449235;2022-04-17;"domingo";"17:25:00";"AL";104;88;"RIO LARGO";"Reação tardia ou ineficiente do condutor";"Colisão transversal";"Com Vítimas Fatais";"Anoitecer";"Decrescente";"Céu Claro";"Dupla";"Reta";"Sim";3;1;0;0;2;0;0;2;-9,48375193;-35,81815581;"SPRF-AL";"DEL01-AL";"UOP01-DEL01-AL"
449236;2022-05-11;"quarta-feira";"15:40:00";"MG";365;654;"UBERLANDIA";"Acumulo de água sobre o pavimento";"Capotamento";"Com Vítimas Feridas";"Pleno dia";"Decrescente";"Nublado";"Dupla";"Reta";"Não";2;0;1;0;1;0;1;1;-18,86812405;-48,59526395;"SPRF-MG";"DEL15-MG";"UOP01-DEL15-MG"
449239;2022-05-11;"quarta-feira";"16:50:00";"SP";116;113;"TAUBATE";"Manobra de mudança de faixa";"Colisão traseira";"Com Vítimas Feridas";"Pleno dia";"Crescente";"Céu Claro";"Dupla";"Reta";"Sim";3;0;2;0;1;0;2;2;-23,0440828;-45,58041405;"SPRF-SP";"DEL02-SP";"UOP02-DEL02-SP"
449240;2022-05-11;"quarta-feira";"11:30:00";"MG";40;573,1;"NOVA LIMA";"Objeto estático sobre o leito carroçável";"Colisão com objeto";"Sem Vítimas";"Pleno dia";"Crescente";"Sol";"Simples";"Declive";"Não";2;0;0;0;2;0;0;1;-20,23925113;-43,9663564;"SPRF-MG";"DEL01-MG";"UOP02-DEL01-MG"
449241;2022-05-11;"quarta-feira";"16:50:00";"RS";116;254;"SAPUCAIA DO SUL";"Demais falhas mecânicas ou elétricas";"Colisão traseira";"Com Vítimas Feridas";"Anoitecer";"Decrescente";"Chuva";"Dupla";"Reta";"Sim";3;0;2;0;1;0;2;2;-29,82654797;-51,17241311;"SPRF-RS";"DEL01-RS";"UOP02-DEL01-RS"
449242;2022-03-15;"terça-feira";"17:12:00";"SP";116;156;"SAO JOSE DOS CAMPOS";"Ausência de reação do condutor";"Queda de ocupante de veículo";"Sem Vítimas";"Pleno dia";"Crescente";"Céu Claro";"Múltipla";"Reta";"Sim";1;0;0;0;0;1;0;1;-23,25044084;-45,93572909;"SPRF-SP";"DEL02-SP";"UOP01-DEL02-SP"
449243;2022-05-11;"quarta-feira";"15:45:00";"BA";101;218;"CRUZ DAS ALMAS";"Conversão proibida";"Colisão transversal";"Com Vítimas Feridas";"Pleno dia";"Crescente";"Sol";"Simples";"Interseção de Vias";"Sim";3;0;0;1;2;0;1;2;-12,64961;-39,118298;"SPRF-BA";"DEL01-BA";"UOP02-DEL01-BA"
449246;2022-05-11;"quarta-feira";"11:00:00";"BA";116;315;"ARACI";"Acessar a via sem observar a presença dos outros veículos";"Colisão transversal";"Com Vítimas Feridas";"Pleno dia";"Crescente";"Céu Claro";"Simples";"Reta";"Sim";2;0;0;1;1;0;1;2;-11,29069198;-38,93188904;"SPRF-BA";"DEL02-BA";"UOP01-DEL02-BA"
449247;2022-03-12;"sábado";"11:00:00";"RJ";101;501;"ANGRA DOS REIS";"Acessar a via sem observar a presença dos outros veículos";"Colisão transversal";"Com Vítimas Feridas";"Pleno dia";"Decrescente";"Céu Claro";"Simples";"Reta";"Não";3;0;1;0;2;0;1;2;-22,92308827;-44,36056298;"SPRF-RJ";"DEL03-RJ";"UOP03-DEL03-RJ"
449248;2022-05-11;"quarta-feira";"17:20:00";"SC";470;70;"INDAIAL";"Conversão proibida";"Colisão lateral mesmo sentido";"Com Vítimas Feridas";"Pleno dia";"Crescente";"Céu Claro";"Simples";"Reta";"Sim";2;0;1;0;1;0;1;2;-26,889374;-49,254478;"SPRF-SC";"DEL04-SC";"UOP01-DEL04-SC"
449249;2022-05-11;"quarta-feira";"16:50:00";"PR";376;187,5;"MARIALVA";"Reação tardia ou ineficiente do condutor";"Colisão transversal";"Com Vítimas Fatais";"Pleno dia";"Crescente";"Nublado";"Dupla";"Reta;Aclive;Retorno Regulamentado";"Sim";5;1;2;1;0;1;3;3;-23,46141044;-51,83659926;"SPRF-PR";"DEL09-PR";"UOP01-DEL09-PR"
449251;2022-05-11;"quarta-feira";"15:15:00";"RS";116;160,9;"CAXIAS DO SUL";"Reação tardia ou ineficiente do condutor";"Saída de leito carroçável";"Sem Vítimas";"Pleno dia";"Crescente";"Céu Claro";"Simples";"Curva";"Não";1;0;0;0;1;0;0;1;-29,23848645;-51,16044402;"SPRF-RS";"DEL05-RS";"UOP01-DEL05-RS"
449254;2022-05-11;"quarta-feira";"17:00:00";"RS";116;525,9;"PELOTAS";"Restrição de visibilidade em curvas horizontais";"Colisão transversal";"Sem Vítimas";"Pleno dia";"Crescente";"Céu Claro";"Simples";"Rotatória";"Sim";2;0;0;0;2;0;0;2;-31,7359522;-52,39349776;"SPRF-RS";"DEL07-RS";"UOP01-DEL07-RS"
449255;2022-05-11;"quarta-feira";"14:45:00";"RO";364;237,3;"CACOAL";"Desrespeitar a preferência no cruzamento";"Colisão transversal";"Com Vítimas Feridas";"Pleno dia";"Crescente";"Céu Claro";"Simples";"Reta";"Sim";2;0;1;0;1;0;1;2;-11,4422341;-61,44901156;"SPRF-RO";"DEL02-RO";"UOP02-DEL02-RO"
449257;2022-05-11;"quarta-feira";"17:20:00";"MS";163;680;"RIO VERDE DE MATO GROSSO";"Acumulo de areia ou detritos sobre o pavimento";"Tombamento";"Com Vítimas Feridas";"Anoitecer";"Decrescente";"Céu Claro";"Simples";"Reta";"Sim";1;0;0;1;0;0;1;1;-18,92417173;-54,83538529;"SPRF-MS";"DEL06-MS";"UOP02-DEL06-MS"
449259;2022-05-11;"quarta-feira";"18:20:00";"RS";116;241;"SAO LEOPOLDO";"Condutor deixou de manter distância do veículo da frente";"Colisão traseira";"Com Vítimas Feridas";"Pleno dia";"Decrescente";"Nublado";"Múltipla";"Reta";"Não";3;0;2;0;1;0;2;2;-29,71396796;-51,1476744;"SPRF-RS";"DEL01-RS";"UOP02-DEL01-RS"
449260;2022-05-11;"quarta-feira";"17:37:00";"MG";40;43,4;"PARACATU";"Acessar a via sem observar a presença dos outros veículos";"Colisão transversal";"Com Vítimas Feridas";"Anoitecer";"Decrescente";"Céu Claro";"Simples";"Reta";"Sim";3;0;2;0;1;0;2;2;-17,22598002;-46,86163701;"SPRF-MG";"DEL14-MG";"UOP01-DEL14-MG"
449261;2022-05-11;"quarta-feira";"16:00:00";"MT";163;738;"SORRISO";"Acessar a via sem observar a presença dos outros veículos";"Saída de leito carroçável";"Com Vítimas Feridas";"Pleno dia";"Decrescente";"Céu Claro";"Simples";"Reta";"Não";5;0;1;0;4;0;1;2;-12,657055;-55,790049;"SPRF-MT";"DEL06-MT";"UOP01-DEL06-MT"
449262;2022-05-11;"quarta-feira";"18:10:00";"CE";116;3,5;"FORTALEZA";"Manobra de mudança de faixa";"Colisão lateral mesmo sentido";"Com Vítimas Feridas";"Plena Noite";"Crescente";"Nublado";"Múltipla";"Reta";"Sim";3;0;1;0;0;2;1;3;-3,78130938;-38,51395911;"SPRF-CE";"DEL01-CE";"UOP02-DEL01-CE"
449263;2022-05-11;"quarta-feira";"18:00:00";"SE";235;46;"ITABAIANA";"Velocidade Incompatível";"Colisão traseira";"Com Vítimas Feridas";"Plena Noite";"Decrescente";"Céu Claro";"Simples";"Reta";"Sim";2;0;1;1;0;0;2;2;-10,739394;-37,405602;"SPRF-SE";"DEL01-SE";"UOP02-DEL01-SE"
449264;2022-05-11;"quarta-feira";"17:10:00";"RO";364;710;"PORTO VELHO";"Condutor deixou de manter distância do veículo da frente";"Colisão traseira";"Sem Vítimas";"Pleno dia";"Crescente";"Céu Claro";"Múltipla";"Reta";"Sim";7;0;0;0;7;0;0;2;-8,78621576;-63,85712687;"SPRF-RO";"DEL01-RO";"UOP01-DEL01-RO"
449265;2022-05-11;"quarta-feira";"18:30:00";"CE";116;12,3;"FORTALEZA";"Pedestre cruzava a pista fora da faixa";"Atropelamento de Pedestre";"Com Vítimas Feridas";"Plena Noite";"Decrescente";"Céu Claro";"Dupla";"Reta";"Sim";2;0;0;1;0;1;1;2;-3,852077;-38,495525;"SPRF-CE";"DEL01-CE";"UOP02-DEL01-CE"
449266;2022-05-11;"quarta-feira";"18:50:00";"CE";116;69;"CHOROZINHO";"Acessar a via sem observar a presença dos outros veículos";"Atropelamento de Pedestre";"Com Vítimas Feridas";"Plena Noite";"Decrescente";"Céu Claro";"Simples";"Reta";"Sim";2;0;0;1;1;0;1;2;-4,32059871;-38,4911177;"SPRF-CE";"DEL03-CE";"UOP02-DEL03-CE"
449267;2022-05-11;"quarta-feira";"17:50:00";"MT";70;4;"BARRA DO GARCAS";"Acessar a via sem observar a presença dos outros veículos";"Colisão transversal";"Com Vítimas Feridas";"Anoitecer";"Decrescente";"Céu Claro";"Dupla";"Interseção de Vias";"Sim";2;0;1;0;1;0;1;2;-15,87907036;-52,28563311;"SPRF-MT";"DEL07-MT";"UOP01-DEL07-MT"
449268;2022-05-11;"quarta-feira";"18:10:00";"PR";277;728,9;"FOZ DO IGUACU";"Reação tardia ou ineficiente do condutor";"Colisão traseira";"Com Vítimas Feridas";"Anoitecer";"Crescente";"Céu Claro";"Dupla";"Reta";"Sim";1;0;0;1;0;0;1;1;-25,5097634;-54,57387201;"SPRF-PR";"DEL05-PR";"UOP03-DEL05-PR"
449269;2022-05-11;"quarta-feira";"19:00:00";"GO";40;5,3;"VALPARAISO DE GOIAS";"Trafegar com motocicleta (ou similar) entre as faixas";"Colisão traseira";"Com Vítimas Feridas";"Plena Noite";"Crescente";"Céu Claro";"Dupla";"Reta";"Sim";2;0;0;1;1;0;1;2;-16,093134;-47,982236;"SPRF-DF";"DEL01-DF";"UOP01-DEL01-DF"