"id";"data_inversa";"dia_semana";"horario";"uf";"br";"km";"municipio";"causa_acidente";"tipo_acidente";"classificacao_acidente";"fase_dia";"sentido_via";"condicao_metereologica";"tipo_pista";"tracado_via";"uso_solo";"pessoas";"mortos";"feridos_leves";"feridos_graves";"ilesos";"ignorados";"feridos";"veiculos";"latitude";"longitude";"regional";"delegacia";"uop"
449399;2022-05-12;"quinta-feira";"09:00:00";"RO";319;64;"PORTO VELHO";"Acessar a via sem observar a presença dos outros veículos";"Colisão transversal";"Com Vítimas Feridas";"Pleno dia";"Crescente";"Céu Claro";"Dupla";"Reta";"Sim";3;0;2;0;1;0;2;2;-8,766685;-63,884052;"SPRF-RO";"DEL01-RO";"UOP01-DEL01-RO"
449400;2022-05-12;"quinta-feira";"06:40:00";"ES";482;78;"ALEGRE";"Velocidade Incompatível";"Queda de ocupante de veículo";"Com Vítimas Feridas";"Amanhecer";"Decrescente";"Céu Claro";"Simples";"Curva";"Não";1;0;0;1;0;0;1;1;-20,75978337;-41,49586789;"SPRF-ES";"DEL03-ES";"UOP02-DEL03-ES"
449401;2022-05-11;"quarta-feira";"19:50:00";"SP";116;283;"EMBU DAS ARTES";"Trafegar com motocicleta (ou similar) entre as faixas";"Tombamento";"Com Vítimas Feridas";"Plena Noite";"Crescente";"Nublado";"Dupla";"Reta";"Sim";1;0;1;0;0;0;1;1;-23,69297005;-46,86352786;"SPRF-SP";"DEL04-SP";"UOP01-DEL04-SP"
449403;2022-05-12;"quinta-feira";"10:30:00";"RO";364;208,2;"PIMENTA BUENO";"Frear bruscamente";"Colisão traseira";"Sem Vítimas";"Pleno dia";"Decrescente";"Sol";"Simples";"Reta;Declive";"Não";3;0;0;0;3;0;0;3;-11,59809433;-61,23748617;"SPRF-RO";"DEL02-RO";"UOP02-DEL02-RO"
449407;2022-05-12;"quinta-feira";"12:10:00";"MG";40;43,3;"PARACATU";"Acessar a via sem observar a presença dos outros veículos";"Colisão transversal";"Com Vítimas Feridas";"Pleno dia";"Decrescente";"Céu Claro";"Simples";"Interseção de Vias";"Sim";2;0;1;0;1;0;1;2;-17,22598002;-46,86163701;"SPRF-MG";"DEL14-MG";"UOP01-DEL14-MG"
449411;2022-05-12;"quinta-feira";"09:20:00";"BA";116;673;"JEQUIE";"Mal súbito do condutor";"Queda de ocupante de veículo";"Com Vítimas Feridas";"Pleno dia";"Decrescente";"Sol";"Simples";"Reta";"Sim";1;0;1;0;0;0;1;1;-13,80845298;-40,11215229;"SPRF-BA";"DEL03-BA";"UOP01-DEL03-BA"
449414;2022-05-12;"quinta-feira";"11:15:00";"AC";364;11;"ACRELANDIA";"Acessar a via sem observar a presença dos outros veículos";"Colisão transversal";"Com Vítimas Feridas";"Pleno dia";"Crescente";"Sol";"Simples";"Reta";"Não";2;0;1;1;0;0;2;2;-9,85575366;-66,90595647;"SPRF-AC";"DEL01-AC";"UOP01-DEL01-AC"
449415;2022-05-12;"quinta-feira";"12:20:00";"MG";381;479;"CONTAGEM";"Condutor deixou de manter distância do veículo da frente";"Colisão traseira";"Com Vítimas Feridas";"Pleno dia";"Crescente";"Céu Claro";"Dupla";"Reta;Aclive";"Sim";3;0;1;0;2;0;1;3;-19,95889605;-44,069202;"SPRF-MG";"DEL01-MG";"UOP03-DEL01-MG"
449416;2022-05-12;"quinta-feira";"10:10:00";"SP";116;488;"CAJATI";"Acessar a via sem observar a presença dos outros veículos";"Tombamento";"Com Vítimas Feridas";"Pleno dia";"Decrescente";"Sol";"Dupla";"Reta";"Não";1;0;0;1;0;0;1;1;-24,73097634;-48,09815591;"SPRF-SP";"DEL05-SP";"UOP01-DEL05-SP"
449417;2022-05-12;"quinta-feira";"13:00:00";"MG";40;531;"BELO HORIZONTE";"Reação tardia ou ineficiente do condutor";"Tombamento";"Com Vítimas Feridas";"Pleno dia";"Decrescente";"Nublado";"Dupla";"Reta";"Sim";1;0;1;0;0;0;1;1;-19,91962483;-44,02522683;"SPRF-MG";"DEL01-MG";"UOP02-DEL01-MG"
449418;2022-05-12;"quinta-feira";"11:30:00";"PR";467;98,7;"CASCAVEL";"Velocidade Incompatível";"Saída de leito carroçável";"Com Vítimas Feridas";"Pleno dia";"Decrescente";"Sol";"Dupla";"Reta";"Não";1;0;1;0;0;0;1;1;-24,8897;-53,5525;"SPRF-PR";"DEL04-PR";"UOP01-DEL04-PR"
449421;2022-05-12;"quinta-feira";"06:45:00";"RJ";101;321;"NITEROI";"Ausência de reação do condutor";"Tombamento";"Com Vítimas Feridas";"Pleno dia";"Crescente";"Chuva";"Dupla";"Reta";"Não";1;0;1;0;0;0;1;1;-22,86981096;-43,11046465;"SPRF-RJ";"DEL02-RJ";"UOP01-DEL02-RJ"
449423;2022-05-12;"quinta-feira";"13:30:00";"MT";174;428;"NOVA LACERDA";"Acessar a via sem observar a presença dos outros veículos";"Colisão transversal";"Com Vítimas Fatais";"Pleno dia";"Decrescente";"Sol";"Simples";"Reta";"Não";3;1;1;0;1;0;1;2;-14,18379104;-59,69606417;"SPRF-MT";"DEL04-MT";"UOP01-DEL04-MT"
449425;2022-05-12;"quinta-feira";"14:20:00";"PE";101;68,1;"RECIFE";"Condutor deixou de manter distância do veículo da frente";"Colisão traseira";"Com Vítimas Feridas";"Pleno dia";"Decrescente";"Nublado";"Múltipla";"Viaduto";"Sim";3;0;2;0;1;0;2;2;-8,03368534;-34,94184125;"SPRF-PE";"DEL01-PE";"UOP01-DEL01-PE"
449427;2022-05-12;"quinta-feira";"14:45:00";"SP";381;40,9;"ATIBAIA";"Objeto estático sobre o leito carroçável";"Colisão com objeto";"Com Vítimas Feridas";"Pleno dia";"Decrescente";"Céu Claro";"Dupla";"Reta";"Sim";1;0;0;1;0;0;1;1;-23,12997498;-46,5767598;"SPRF-SP";"DEL03-SP";"UOP01-DEL03-SP"
449429;2022-05-12;"quinta-feira";"07:15:00";"SC";282;567;"NOVA ERECHIM";"Neblina";"Colisão lateral mesmo sentido";"Com Vítimas Feridas";"Pleno dia";"Crescente";"Nevoeiro/Neblina";"Simples";"Reta";"Não";1;0;1;0;0;0;1;1;-26,904472;-52,907639;"SPRF-SC";"DEL07-SC";"UOP02-DEL07-SC"
449430;2022-05-12;"quinta-feira";"13:20:00";"AL";101;224,6;"PORTO REAL DO COLEGIO";"Demais falhas mecânicas ou elétricas";"Incêndio";"Sem Vítimas";"Pleno dia";"Decrescente";"Céu Claro";"Dupla";"Reta";"Não";1;0;0;0;1;0;0;1;-10,08246295;-36,69715516;"SPRF-AL";"DEL02-AL";"UOP02-DEL02-AL"
449431;2022-05-12;"quinta-feira";"15:24:00";"ES";482;8,5;"CACHOEIRO DE ITAPEMIRIM";"Mal súbito do condutor";"Colisão frontal";"Com Vítimas Feridas";"Pleno dia";"Decrescente";"Céu Claro";"Dupla";"Curva";"Sim";1;0;1;0;0;0;1;1;-20,86597301;-41,11181303;"SPRF-ES";"DEL03-ES";"UOP02-DEL03-ES"
449432;2022-04-03;"domingo";"01:16:00";"SC";282;35;"AGUAS MORNAS";"Animais na Pista";"Colisão frontal";"Com Vítimas Feridas";"Plena Noite";"Crescente";"Chuva";"Simples";"Curva";"Não";1;0;1;0;0;0;1;1;-27,702084;-48,826664;"SPRF-SC";"DEL01-SC";"UOP03-DEL01-SC"
449433;2022-03-20;"domingo";"19:05:00";"MT";163;435;"VARZEA GRANDE";"Conversão proibida";"Colisão transversal";"Com Vítimas Feridas";"Anoitecer";"Decrescente";"Céu Claro";"Dupla";"Reta";"Sim";2;0;1;0;1;0;1;2;-15,64518841;-56,2002182;"SPRF-MT";"DEL01-MT";"UOP01-DEL01-MT"
449435;2022-05-12;"quinta-feira";"11:00:00";"RJ";116;321;"ITATIAIA";"Avarias e/ou desgaste excessivo no pneu";"Saída de leito carroçável";"Com Vítimas Feridas";"Pleno dia";"Crescente";"Nublado";"Dupla";"Reta";"Não";2;0;1;0;1;0;1;1;-22,50484578;-44,60913992;"SPRF-RJ";"DEL07-RJ";"UOP02-DEL07-RJ"
449436;2022-05-07;"sábado";"11:30:00";"RO";364;84;"VILHENA";"Condutor deixou de manter distância do veículo da frente";"Colisão traseira";"Com Vítimas Feridas";"Pleno dia";"Crescente";"Céu Claro";"Simples";"Reta";"Não";3;0;3;0;0;0;3;1;-12,41146228;-60,60665927;"SPRF-RO";"DEL04-RO";"UOP01-DEL04-RO"
449439;2022-05-07;"sábado";"03:00:00";"MT";70;113;"GENERAL CARNEIRO";"Condutor Dormindo";"Saída de leito carroçável";"Com Vítimas Feridas";"Plena Noite";"Decrescente";"Céu Claro";"Simples";"Curva;Declive";"Não";55;0;49;6;0;0;55;1;-15,5995106;-53,06409511;"SPRF-MT";"DEL07-MT";"UOP01-DEL07-MT"
449443;2022-05-12;"quinta-feira";"13:25:00";"PR";277;672;"MEDIANEIRA";"Ausência de reação do condutor";"Capotamento";"Com Vítimas Feridas";"Pleno dia";"Decrescente";"Céu Claro";"Dupla";"Reta";"Sim";1;0;1;0;0;0;1;1;-25,28740438;-54,09701091;"SPRF-PR";"DEL05-PR";"UOP02-DEL05-PR"
449444;2022-05-12;"quinta-feira";"15:00:00";"AP";156;373;"FERREIRA GOMES";"Ausência de reação do condutor";"Saída de leito carroçável";"Sem Vítimas";"Pleno dia";"Decrescente";"Céu Claro";"Simples";"Reta";"Não";1;0;0;0;1;0;0;1;0,8032328;-51,22589886;"SPRF-AP";"DEL01-AP";"UOP01-DEL01-AP"
449447;2022-05-12;"quinta-feira";"15:30:00";"RS";392;67,2;"PELOTAS";"Acessar a via sem observar a presença dos outros veículos";"Colisão transversal";"Com Vítimas Feridas";"Pleno dia";"Decrescente";"Céu Claro";"Simples";"Reta";"Sim";3;0;1;0;2;0;1;2;-31,75709532;-52,39980728;"SPRF-RS";"DEL07-RS";"UOP01-DEL07-RS"
449448;2022-03-01;"terça-feira";"17:29:00";"MS";163;330,4;"RIO BRILHANTE";"Reação tardia ou ineficiente do condutor";"Colisão traseira";"Com Vítimas Feridas";"Anoitecer";"Decrescente";"Ignorado";"Simples";"Reta";"Não";2;0;0;1;0;1;1;2;-21,721888;-54,508363;"SPRF-MS";"DEL02-MS";"UOP02-DEL02-MS"
449451;2022-05-12;"quinta-feira";"16:15:00";"SC";101;130,3;"BALNEARIO CAMBORIU";"Reação tardia ou ineficiente do condutor";"Colisão lateral mesmo sentido";"Com Vítimas Feridas";"Pleno dia";"Decrescente";"Céu Claro";"Dupla";"Reta";"Sim";4;0;1;0;3;0;1;3;-26,98407618;-48,66977107;"SPRF-SC";"DEL04-SC";"UOP03-DEL04-SC"
449452;2022-05-12;"quinta-feira";"17:38:00";"MG";381;495;"BETIM";"Manobra de mudança de faixa";"Colisão lateral mesmo sentido";"Com Vítimas Feridas";"Anoitecer";"Decrescente";"Céu Claro";"Dupla";"Reta";"Sim";2;0;0;1;1;0;1;2;-19,98890883;-44,20522016;"SPRF-MG";"DEL01-MG";"UOP03-DEL01-MG"
449454;2022-05-12;"quinta-feira";"17:25:00";"MG";40;503,4;"ESMERALDAS";"Condutor usando celular";"Capotamento";"Com Vítimas Feridas";"Pleno dia";"Crescente";"Céu Claro";"Dupla";"Reta;Declive";"Não";2;0;2;0;0;0;2;1;-19,72138499;-44,15573599;"SPRF-MG";"DEL02-MG";"UOP01-DEL02-MG"
449455;2022-05-12;"quinta-feira";"17:40:00";"RJ";393;298;"BARRA MANSA";"Conversão proibida";"Colisão transversal";"Com Vítimas Feridas";"Anoitecer";"Decrescente";"Nublado";"Simples";"Reta";"Sim";3;0;0;2;1;0;2;2;-22,5337622;-44,11657385;"SPRF-RJ";"DEL07-RJ";"UOP02-DEL07-RJ"
449456;2022-05-12;"quinta-feira";"21:40:00";"PR";116;120,5;"CURITIBA";"Reação tardia ou ineficiente do condutor";"Colisão traseira";"Com Vítimas Feridas";"Plena Noite";"Crescente";"Céu Claro";"Dupla";"Reta;Declive";"Sim";2;0;1;0;1;0;1;2;-25,58813423;-49,31479909;"SPRF-PR";"DEL01-PR";"UOP03-DEL01-PR"
449457;2022-05-12;"quinta-feira";"17:00:00";"MS";163;486,3;"CAMPO GRANDE";"Transitar no acostamento";"Colisão transversal";"Com Vítimas Feridas";"Pleno dia";"Decrescente";"Céu Claro";"Simples";"Reta";"Sim";2;0;0;1;1;0;1;2;-20,430523;-54,544418;"SPRF-MS";"DEL01-MS";"UOP02-DEL01-MS"
449459;2022-05-12;"quinta-feira";"16:15:00";"MT";70;92;"GENERAL CARNEIRO";"Velocidade Incompatível";"Capotamento";"Com Vítimas Feridas";"Pleno dia";"Decrescente";"Céu Claro";"Simples";"Curva";"Não";3;0;2;1;0;0;3;1;-15,57452194;-52,87620384;"SPRF-MT";"DEL07-MT";"UOP01-DEL07-MT"
449460;2022-05-12;"quinta-feira";"17:40:00";"RJ";465;13,2;"SEROPEDICA";"Transitar no acostamento";"Atropelamento de Pedestre";"Com Vítimas Feridas";"Plena Noite";"Crescente";"Nublado";"Simples";"Reta";"Sim";4;0;1;0;3;0;1;2;-22,798468;-43,645508;"SPRF-RJ";"DEL01-RJ";"UOP03-DEL01-RJ"
449461;2022-05-12;"quinta-feira";"18:08:00";"GO";40;96;"CRISTALINA";"Acessar a via sem observar a presença dos outros veículos";"Colisão transversal";"Com Vítimas Feridas";"Anoitecer";"Crescente";"Céu Claro";"Simples";"Interseção de Vias";"Sim";2;0;0;1;1;0;1;2;-16,75768;-47,601613;"SPRF-DF";"DEL01-DF";"UOP02-DEL01-DF"
449462;2022-05-12;"quinta-feira";"18:00:00";"PE";232;410;"SERRA TALHADA";"Transitar no acostamento";"Colisão transversal";"Com Vítimas Feridas";"Plena Noite";"Decrescente";"Céu Claro";"Simples";"Reta";"Sim";2;0;1;0;1;0;1;2;-7,98261841;-38,30039606;"SPRF-PE";"DEL04-PE";"UOP01-DEL04-PE"
449463;2022-05-12;"quinta-feira";"18:16:00";"RS";386;350,8;"ESTRELA";"Acessar a via sem observar a presença dos outros veículos";"Colisão transversal";"Com Vítimas Feridas";"Anoitecer";"Crescente";"Céu Claro";"Dupla";"Curva";"Não";2;0;0;1;1;0;1;2;-29,48222665;-51,95461392;"SPRF-RS";"DEL04-RS";"UOP02-DEL04-RS"
449464;2022-05-12;"quinta-feira";"18:00:00";"PB";230;18;"JOAO PESSOA";"Manobra de mudança de faixa";"Colisão lateral mesmo sentido";"Com Vítimas Feridas";"Plena Noite";"Decrescente";"Céu Claro";"Dupla";"Reta";"Sim";3;0;0;1;2;0;1;3;-7,1198;-34,8453;"SPRF-PB";"DEL01-PB";"UOP01-DEL01-PB"
449465;2022-05-12;"quinta-feira";"18:30:00";"SC";101;114,9;"ITAJAI";"Acessar a via sem observar a presença dos outros veículos";"Colisão lateral mesmo sentido";"Com Vítimas Feridas";"Anoitecer";"Crescente";"Céu Claro";"Dupla";"Reta";"Sim";2;0;1;0;1;0;1;2;-26,87064015;-48,72954134;"SPRF-SC";"DEL04-SC";"UOP04-DEL04-SC"
449466;2022-05-12;"quinta-feira";"14:00:00";"PI";135;53;"JERUMENHA";"Pista esburacada";"Saída de leito carroçável";"Com Vítimas Feridas";"Pleno dia";"Decrescente";"Céu Claro";"Simples";"Reta";"Não";2;0;2;0;0;0;2;1;-7,15886324;-43,58647979;"SPRF-PI";"DEL03-PI";"UOP01-DEL03-PI"
449468;2022-05-12;"quinta-feira";"18:15:00";"RS";116;252;"SAPUCAIA DO SUL";"Trafegar com motocicleta (ou similar) entre as faixas";"Colisão traseira";"Com Vítimas Feridas";"Plena Noite";"Decrescente";"Céu Claro";"Dupla";"Reta;Aclive";"Sim";2;0;1;0;1;0;1;2;-29,81141295;-51,1681372;"SPRF-RS";"DEL01-RS";"UOP02-DEL01-RS"
449469;2022-05-12;"quinta-feira";"18:00:00";"SC";101;145,2;"ITAPEMA";"Manobra de mudança de faixa";"Engavetamento";"Sem Vítimas";"Anoitecer";"Decrescente";"Céu Claro";"Múltipla";"Reta";"Não";3;0;0;0;3;0;0;3;-27,08259;-48,60228;"SPRF-SC";"DEL04-SC";"UOP03-DEL04-SC"
449471;2022-05-12;"quinta-feira";"18:25:00";"SC";470;49,8;"BLUMENAU";"Ingestão de álcool pelo condutor";"Colisão traseira";"Com Vítimas Feridas";"Plena Noite";"Crescente";"Nublado";"Dupla";"Curva";"Sim";2;0;1;0;1;0;1;2;-26,860662;-49,065159;"SPRF-SC";"DEL04-SC";"UOP01-DEL04-SC"
449473;2022-05-12;"quinta-feira";"18:00:00";"CE";222;41,4;"CAUCAIA";"Animais na Pista";"Atropelamento de Animal";"Com Vítimas Feridas";"Plena Noite";"Decrescente";"Céu Claro";"Simples";"Reta";"Não";1;0;0;1;0;0;1;1;-3,68442213;-38,91593973;"SPRF-CE";"DEL01-CE";"UOP03-DEL01-CE"
449477;2022-05-12;"quinta-feira";"19:00:00";"SC";282;0,8;"FLORIANOPOLIS";"Condutor deixou de manter distância do veículo da frente";"Colisão traseira";"Com Vítimas Feridas";"Plena Noite";"Crescente";"Nublado";"Múltipla";"Aclive";"Sim";3;0;1;0;2;0;1;2;-27,59845;-48,571995;"SPRF-SC";"DEL01-SC";"UOP01-DEL01-SC"
449478;2022-05-12;"quinta-feira";"18:00:00";"MT";163;988;"TERRA NOVA DO NORTE";"Acessar a via sem observar a presença dos outros veículos";"Colisão frontal";"Com Vítimas Feridas";"Plena Noite";"Decrescente";"Céu Claro";"Simples";"Reta";"Não";2;0;0;1;0;1;1;2;-10,70364419;-55,11953062;"SPRF-MT";"DEL06-MT";"NPF/DEL06-MT"
449479;2022-05-12;"quinta-feira";"19:10:00";"SC";470;65;"INDAIAL";"Conversão proibida";"Colisão transversal";"Sem Vítimas";"Plena Noite";"Decrescente";"Nublado";"Simples";"Curva;Aclive";"Não";2;0;0;0;2;0;0;2;-26,870411;-49,211864;"SPRF-SC";"DEL04-SC";"UOP01-DEL04-SC"
449480;2022-05-12;"quinta-feira";"18:00:00";"MG";381;481;"CONTAGEM";"Condutor deixou de manter distância do veículo da frente";"Colisão traseira";"Com Vítimas Feridas";"Anoitecer";"Crescente";"Céu Claro";"Múltipla";"Reta";"Não";2;0;1;0;1;0;1;2;-19,95881478;-44,06396454;"SPRF-MG";"DEL01-MG";"UOP03-DEL01-MG"
449481;2022-05-12;"quinta-feira";"19:30:00";"RS";116;522;"PELOTAS";"Ausência de reação do condutor";"Colisão frontal";"Com Vítimas Feridas";"Plena Noite";"Crescente";"Céu Claro";"Dupla";"Reta";"Não";2;0;2;0;0;0;2;2;-31,714441;-52,374715;"SPRF-RS";"DEL07-RS";"UOP01-DEL07-RS"
449482;2022-05-12;"quinta-feira";"19:20:00";"MG";381;483;"BETIM";"Transitar na contramão";"Colisão transversal";"Com Vítimas Feridas";"Plena Noite";"Crescente";"Céu Claro";"Dupla";"Reta";"Sim";3;0;2;1;0;0;3;2;-19,95594491;-44,10721699;"SPRF-MG";"DEL01-MG";"UOP03-DEL01-MG"
449486;2022-05-12;"quinta-feira";"19:30:00";"RS";116;152;"CAXIAS DO SUL";"Reação tardia ou ineficiente do condutor";"Saída de leito carroçável";"Sem Vítimas";"Plena Noite";"Crescente";"Céu Claro";"Simples";"Curva";"Sim";2;0;0;0;2;0;0;1;-29,1829343;-51,16801501;"SPRF-RS";"DEL05-RS";"UOP01-DEL05-RS"
449487;2022-05-11;"quarta-feira";"07:20:00";"RO";319;63;"PORTO VELHO";"Reação tardia ou ineficiente do condutor";"Colisão transversal";"Com Vítimas Feridas";"Pleno dia";"Crescente";"Céu Claro";"Dupla";"Reta";"Sim";3;0;1;0;2;0;1;2;-8,75772135;-63,88601303;"SPRF-RO";"DEL01-RO";"UOP01-DEL01-RO"
449488;2022-05-12;"quinta-feira";"19:25:00";"MG";262;83,3;"ABRE CAMPO";"Transitar na contramão";"Colisão frontal";"Com Vítimas Fatais";"Plena Noite";"Crescente";"Céu Claro";"Simples";"Reta";"Não";2;1;0;0;1;0;0;2;-20,33791823;-42,40216697;"SPRF-MG";"DEL03-MG";"UOP03-DEL03-MG"
449489;2022-05-12;"quinta-feira";"17:30:00";"PR";153;45,5;"SANTO ANTONIO DA PLATINA";"Ausência de reação do condutor";"Colisão traseira";"Com Vítimas Fatais";"Pleno dia";"Decrescente";"Céu Claro";"Simples";"Aclive";"Sim";3;1;0;0;1;1;0;3;-23,31948992;-50,06836564;"SPRF-PR";"DEL07-PR";"UOP04-DEL07-PR"
449491;2022-05-12;"quinta-feira";"19:30:00";"SP";116;280,9;"EMBU DAS ARTES";"Manobra de mudança de faixa";"Colisão lateral mesmo sentido";"Com Vítimas Feridas";"Plena Noite";"Crescente";"Céu Claro";"Dupla";"Reta";"Não";2;0;1;0;1;0;1;2;-23,66996108;-46,85590758;"SPRF-SP";"DEL04-SP";"UOP01-DEL04-SP"
449492;2022-05-12;"quinta-feira";"18:14:00";"RO";364;237,8;"CACOAL";"Velocidade Incompatível";"Colisão traseira";"Com Vítimas Feridas";"Anoitecer";"Decrescente";"Nublado";"Simples";"Reta";"Sim";2;0;2;0;0;0;2;2;-11,439482;-61,453583;"SPRF-RO";"DEL02-RO";"UOP02-DEL02-RO"
449493;2022-05-12;"quinta-feira";"19:25:00";"RJ";101;70;"CAMPOS DOS GOYTACAZES";"Conversão proibida";"Colisão transversal";"Sem Vítimas";"Plena Noite";"Crescente";"Céu Claro";"Simples";"Reta";"Sim";5;0;0;0;5;0;0;2;-21,781011;-41,373363;"SPRF-RJ";"DEL08-RJ";"UOP02-DEL08-RJ"
449494;2022-05-12;"quinta-feira";"20:00:00";"BA";101;879;"TEIXEIRA DE FREITAS";"Acessar a via sem observar a presença dos outros veículos";"Colisão transversal";"Com Vítimas Feridas";"Plena Noite";"Decrescente";"Céu Claro";"Simples";"Reta";"Sim";2;0;1;0;1;0;1;2;-17,549409;-39,720732;"SPRF-BA";"DEL09-BA";"UOP02-DEL09-BA"
449495;2022-05-12;"quinta-feira";"20:45:00";"ES";101;196;"JOAO NEIVA";"Condutor deixou de manter distância do veículo da frente";"Colisão traseira";"Com Vítimas Feridas";"Plena Noite";"Crescente";"Céu Claro";"Simples";"Reta;Declive";"Não";10;0;0;2;8;0;2;2;-19,71699251;-40,34090606;"SPRF-ES";"DEL04-ES";"UOP01-DEL04-ES"
449496;2022-03-27;"domingo";"22:40:00";"SC";101;37;"JOINVILLE";"Velocidade Incompatível";"Colisão com objeto";"Com Vítimas Feridas";"Plena Noite";"Decrescente";"Nublado";"Dupla";"Declive;Curva";"Não";2;0;1;0;1;0;1;1;-26,25050176;-48,90863867;"SPRF-SC";"DEL03-SC";"UOP01-DEL03-SC"
449497;2022-05-12;"quinta-feira";"19:30:00";"PR";277;7;"PARANAGUA";"Acessar a via sem observar a presença dos outros veículos";"Colisão traseira";"Com Vítimas Feridas";"Anoitecer";"Decrescente";"Céu Claro";"Dupla";"Reta";"Não";3;0;1;0;1;1;1;2;-25,56187867;-48,58578369;"SPRF-PR";"DEL01-PR";"UOP05-DEL01-PR"
449503;2022-05-12;"quinta-feira";"21:20:00";"SC";101;196;"BIGUACU";"Acessar a via sem observar a presença dos outros veículos";"Colisão transversal";"Com Vítimas Feridas";"Plena Noite";"Decrescente";"Céu Claro";"Simples";"Viaduto";"Sim";2;0;1;0;1;0;1;2;-27,51101091;-48,64322292;"SPRF-SC";"DEL01-SC";"UOP01-DEL01-SC"
449504;2022-05-12;"quinta-feira";"18:15:00";"PR";476;171;"CONTENDA";"Pedestre cruzava a pista fora da faixa";"Atropelamento de Pedestre";"Com Vítimas Fatais";"Anoitecer";"Decrescente";"Nublado";"Dupla";"Reta";"Sim";4;1;0;0;2;1;0;4;-25,672495;-49,510612;"SPRF-PR";"DEL01-PR";"UOP03-DEL01-PR"
449506;2022-05-12;"quinta-feira";"21:30:00";"RJ";465;2,3;"SEROPEDICA";"Conversão proibida";"Colisão transversal";"Com Vítimas Feridas";"Plena Noite";"Crescente";"Nublado";"Simples";"Reta";"Não";2;0;0;1;1;0;1;2;-22,727266;-43,718712;"SPRF-RJ";"DEL01-RJ";"UOP03-DEL01-RJ"
449508;2022-05-12;"quinta-feira";"19:10:00";"MG";116;263,4;"TEOFILO OTONI";"Pedestre andava na pista";"Atropelamento de Pedestre";"Com Vítimas Feridas";"Plena Noite";"Decrescente";"Ignorado";"Simples";"Curva";"Não";2;0;0;2;0;0;2;2;-17,74760002;-41,49813083;"SPRF-MG";"DEL11-MG";"UOP01-DEL11-MG"
449509;2022-05-12;"quinta-feira";"19:30:00";"MG";116;244,8;"TEOFILO OTONI";"Entrada inopinada do pedestre";"Atropelamento de Pedestre";"Com Vítimas Feridas";"Plena Noite";"Decrescente";"Nublado";"Simples";"Reta";"Sim";2;0;0;1;1;0;1;2;-17,59451802;-41,49128013;"SPRF-MG";"DEL11-MG";"UOP01-DEL11-MG"
449510;2022-05-12;"quinta-feira";"22:10:00";"GO";153;514,3;"APARECIDA DE GOIANIA";"Ingestão de álcool pelo condutor";"Colisão transversal";"Sem Vítimas";"Plena Noite";"Decrescente";"Céu Claro";"Dupla";"Interseção de Vias";"Sim";4;0;0;0;3;1;0;3;-16,8244;-49,2421;"SPRF-GO";"DEL01-GO";"UOP03-DEL01-GO"
449511;2022-05-12;"quinta-feira";"22:16:00";"PR";277;715;"SANTA TEREZINHA DE ITAIPU";"Velocidade Incompatível";"Saída de leito carroçável";"Com Vítimas Feridas";"Plena Noite";"Crescente";"Céu Claro";"Dupla";"Reta";"Não";2;0;1;0;1;0;1;2;-25,46882758;-54,45810922;"SPRF-PR";"DEL05-PR";"UOP01-DEL05-PR"
449512;2022-05-12;"quinta-feira";"19:45:00";"SC";101;415,4;"ARARANGUA";"Ausência de reação do condutor";"Colisão traseira";"Com Vítimas Feridas";"Plena Noite";"Crescente";"Céu Claro";"Simples";"Reta";"Sim";2;0;1;0;1;0;1;2;-28,96040535;-49,51653267;"SPRF-SC";"DEL02-SC";"UOP02-DEL02-SC"
449514;2022-05-12;"quinta-feira";"14:10:00";"PR";280;305,7;"BARRACAO";"Transitar na contramão";"Colisão frontal";"Com Vítimas Fatais";"Pleno dia";"Crescente";"Céu Claro";"Simples";"Reta";"Não";7;2;4;1;0;0;5;2;-26,28220109;-53,439653;"SPRF-PR";"DEL02-PR";"UOP01-DEL02-PR"
449516;2022-05-13;"sexta-feira";"00:55:00";"PR";116;98;"SAO JOSE DOS PINHAIS";"Ausência de reação do condutor";"Saída de leito carroçável";"Com Vítimas Feridas";"Plena Noite";"Crescente";"Céu Claro";"Dupla";"Reta";"Não";2;0;0;2;0;0;2;1;-25,51973222;-49,13431573;"SPRF-PR";"DEL01-PR";"UOP01-DEL01-PR"
449517;2022-05-13;"sexta-feira";"00:30:00";"RS";116;267;"CANOAS";"Ingestão de álcool pelo condutor";"Colisão lateral mesmo sentido";"Sem Vítimas";"Plena Noite";"Decrescente";"Céu Claro";"Múltipla";"Reta";"Sim";2;0;0;0;2;0;0;2;-29,9491499;-51,17665202;"SPRF-RS";"DEL01-RS";"UOP01-DEL01-RS"
449518;2022-05-12;"quinta-feira";"21:40:00";"RR";401;1;"BONFIM";"Ausência de reação do condutor";"Colisão traseira";"Com Vítimas Feridas";"Plena Noite";"Crescente";"Chuva";"Simples";"Reta";"Não";2;0;0;1;1;0;1;2;3,32242978;-59,93462931;"SPRF-RR";"DEL01-RR";"UOP01-DEL01-RR"
449520;2022-05-12;"quinta-feira";"22:10:00";"MG";365;65;"JEQUITAI";"Demais falhas mecânicas ou elétricas";"Incêndio";"Sem Vítimas";"Plena Noite";"Crescente";"Céu Claro";"Simples";"Reta";"Não";1;0;0;0;1;0;0;1;-17,0424831;-44,32043986;"SPRF-MG";"DEL12-MG";"UOP01-DEL12-MG"