"id";"data_inversa";"dia_semana";"horario";"uf";"br";"km";"municipio";"causa_acidente";"tipo_acidente";"classificacao_acidente";"fase_dia";"sentido_via";"condicao_metereologica";"tipo_pista";"tracado_via";"uso_solo";"pessoas";"mortos";"feridos_leves";"feridos_graves";"ilesos";"ignorados";"feridos";"veiculos";"latitude";"longitude";"regional";"delegacia";"uop"
449521;2022-05-13;"sexta-feira";"00:55:00";"SC";101;338,8;"TUBARAO";"Ingestão de álcool pelo condutor";"Colisão traseira";"Sem Vítimas";"Plena Noite";"Decrescente";"Nublado";"Múltipla";"Reta;Interseção de Vias";"Sim";2;0;0;0;2;0;0;2;-28,485725;-49,03726;"SPRF-SC";"DEL02-SC";"UOP01-DEL02-SC"
449522;2022-05-13;"sexta-feira";"02:00:00";"GO";60;92,2;"ANAPOLIS";"Ingestão de álcool pelo condutor";"Saída de leito carroçável";"Sem Vítimas";"Plena Noite";"Crescente";"Céu Claro";"Dupla";"Reta";"Sim";1;0;0;0;0;1;0;1;-16,35336773;-48,9209963;"SPRF-GO";"DEL02-GO";"UOP01-DEL02-GO"
449523;2022-05-13;"sexta-feira";"01:45:00";"BA";324;586;"CANDEIAS";"Ingestão de álcool pelo condutor";"Tombamento";"Com Vítimas Feridas";"Plena Noite";"Crescente";"Céu Claro";"Dupla";"Reta";"Não";1;0;1;0;0;0;1;1;-12,63864013;-38,47736247;"SPRF-BA";"DEL01-BA";"UOP01-DEL01-BA"
449525;2022-05-13;"sexta-feira";"01:20:00";"PR";277;623;"CEU AZUL";"Reação tardia ou ineficiente do condutor";"Saída de leito carroçável";"Sem Vítimas";"Plena Noite";"Crescente";"Nublado";"Simples";"Reta";"Não";1;0;0;0;0;1;0;1;-25,09721181;-53,73467528;"SPRF-PR";"DEL05-PR";"UOP02-DEL05-PR"
449526;2022-05-13;"sexta-feira";"03:35:00";"PR";376;151,2;"MANDAGUACU";"Condutor Dormindo";"Saída de leito carroçável";"Com Vítimas Feridas";"Plena Noite";"Decrescente";"Céu Claro";"Dupla";"Reta";"Não";3;0;2;0;1;0;2;1;-23,31154203;-52,1098153;"SPRF-PR";"DEL09-PR";"UOP01-DEL09-PR"
449527;2022-05-13;"sexta-feira";"03:00:00";"ES";262;117,1;"CONCEICAO DO CASTELO";"Ingestão de álcool pelo condutor";"Saída de leito carroçável";"Com Vítimas Feridas";"Plena Noite";"Decrescente";"Chuva";"Simples";"Curva;Declive";"Não";1;0;1;0;0;0;1;1;-20,31488038;-41,23381574;"SPRF-ES";"DEL01-ES";"UOP02-DEL01-ES"
449528;2022-05-13;"sexta-feira";"02:30:00";"MG";365;754;"ITUIUTABA";"Pedestre andava na pista";"Atropelamento de Pedestre";"Com Vítimas Feridas";"Plena Noite";"Crescente";"Céu Claro";"Simples";"Reta";"Sim";2;0;0;1;1;0;1;2;-18,98704585;-49,55057144;"SPRF-MG";"DEL15-MG";"UOP03-DEL15-MG"
449529;2022-05-13;"sexta-feira";"01:30:00";"BA";367;26;"PORTO SEGURO";"Ingestão de álcool pelo condutor";"Colisão com objeto";"Sem Vítimas";"Plena Noite";"Decrescente";"Céu Claro";"Múltipla";"Interseção de Vias";"Sim";1;0;0;0;0;1;0;1;-16,43071712;-39,09561713;"SPRF-BA";"DEL09-BA";"UOP01-DEL09-BA"
449532;2022-05-13;"sexta-feira";"02:20:00";"PE";101;66;"RECIFE";"Estacionar ou parar em local proibido";"Colisão com objeto";"Com Vítimas Feridas";"Plena Noite";"Decrescente";"Nublado";"Dupla";"Reta";"Sim";1;0;1;0;0;0;1;1;-8,03368534;-34,94184125;"SPRF-PE";"DEL01-PE";"UOP01-DEL01-PE"
449533;2022-05-13;"sexta-feira";"04:00:00";"RS";386;346,2;"LAJEADO";"Condutor Dormindo";"Saída de leito carroçável";"Com Vítimas Feridas";"Plena Noite";"Crescente";"Nevoeiro/Neblina";"Dupla";"Reta";"Não";1;0;1;0;0;0;1;1;-29,446793;-51,974564;"SPRF-RS";"DEL04-RS";"UOP01-DEL04-RS"
449534;2022-05-13;"sexta-feira";"05:30:00";"PE";101;42,1;"IGARASSU";"Acessar a via sem observar a presença dos outros veículos";"Colisão transversal";"Sem Vítimas";"Pleno dia";"Decrescente";"Céu Claro";"Múltipla";"Reta;Retorno Regulamentado";"Sim";2;0;0;0;1;1;0;2;-7,83887431;-34,91196739;"SPRF-PE";"DEL01-PE";"UOP02-DEL01-PE"
449537;2022-05-13;"sexta-feira";"05:00:00";"SC";480;129,6;"CHAPECO";"Velocidade Incompatível";"Colisão com objeto";"Com Vítimas Feridas";"Plena Noite";"Decrescente";"Nevoeiro/Neblina";"Dupla";"Reta";"Sim";1;0;1;0;0;0;1;1;-27,051856;-52,635248;"SPRF-SC";"DEL07-SC";"UOP01-DEL07-SC"
449538;2022-05-13;"sexta-feira";"06:05:00";"ES";101;123,2;"LINHARES";"Animais na Pista";"Atropelamento de Animal";"Com Vítimas Feridas";"Pleno dia";"Decrescente";"Nublado";"Simples";"Reta";"Não";1;0;1;0;0;0;1;1;-19,16834502;-40,08717096;"SPRF-ES";"DEL04-ES";"UOP01-DEL04-ES"
449539;2022-05-13;"sexta-feira";"05:50:00";"PR";376;163;"MARINGA";"Ausência de reação do condutor";"Tombamento";"Com Vítimas Feridas";"Plena Noite";"Decrescente";"Vento";"Dupla";"Reta";"Sim";1;0;1;0;0;0;1;1;-23,38150629;-52,03480212;"SPRF-PR";"DEL09-PR";"UOP01-DEL09-PR"
449541;2022-05-13;"sexta-feira";"04:40:00";"SC";470;65;"INDAIAL";"Ausência de reação do condutor";"Colisão transversal";"Com Vítimas Feridas";"Plena Noite";"Crescente";"Nublado";"Simples";"Reta";"Sim";2;0;0;2;0;0;2;2;-26,870411;-49,211864;"SPRF-SC";"DEL04-SC";"UOP01-DEL04-SC"
449543;2022-05-13;"sexta-feira";"06:00:00";"ES";101;335;"GUARAPARI";"Demais falhas na via";"Tombamento";"Com Vítimas Feridas";"Amanhecer";"Crescente";"Céu Claro";"Dupla";"Reta";"Não";1;0;1;0;0;0;1;1;-20,61464111;-40,51385389;"SPRF-ES";"DEL03-ES";"UOP01-DEL03-ES"
449544;2022-05-13;"sexta-feira";"05:43:00";"RS";470;217,4;"BENTO GONCALVES";"Reação tardia ou ineficiente do condutor";"Colisão com objeto";"Sem Vítimas";"Amanhecer";"Decrescente";"Nublado";"Simples";"Rotatória;Curva;Aclive";"Sim";3;0;0;0;3;0;0;1;-29,17651989;-51,52105093;"SPRF-RS";"DEL06-RS";"UOP01-DEL06-RS"
449545;2022-05-13;"sexta-feira";"06:30:00";"RS";470;217;"BENTO GONCALVES";"Área urbana sem a presença de local apropriado para a travessia de pedestres";"Atropelamento de Pedestre";"Com Vítimas Feridas";"Amanhecer";"Crescente";"Céu Claro";"Dupla";"Curva";"Sim";2;0;1;0;1;0;1;2;-29,16462512;-51,52551964;"SPRF-RS";"DEL06-RS";"UOP01-DEL06-RS"
449546;2022-05-13;"sexta-feira";"06:48:00";"DF";70;14;"BRASILIA";"Frear bruscamente";"Queda de ocupante de veículo";"Com Vítimas Feridas";"Pleno dia";"Decrescente";"Céu Claro";"Dupla";"Reta";"Sim";2;0;1;0;1;0;1;1;-15,797312;-48,176056;"SPRF-DF";"DEL03-DF";"UOP02-DEL03-DF"
449549;2022-05-13;"sexta-feira";"05:30:00";"RJ";116;177;"NOVA IGUACU";"Reação tardia ou ineficiente do condutor";"Queda de ocupante de veículo";"Com Vítimas Feridas";"Amanhecer";"Decrescente";"Nublado";"Dupla";"Reta";"Sim";1;0;1;0;0;0;1;1;-22,77496393;-43,40081465;"SPRF-RJ";"DEL01-RJ";"UOP02-DEL01-RJ"
449550;2022-05-13;"sexta-feira";"06:30:00";"RS";392;61;"PELOTAS";"Animais na Pista";"Atropelamento de Animal";"Com Vítimas Feridas";"Plena Noite";"Crescente";"Céu Claro";"Simples";"Reta";"Não";1;0;1;0;0;0;1;1;-31,78636127;-52,3528092;"SPRF-RS";"DEL07-RS";"UOP02-DEL07-RS"
449551;2022-05-13;"sexta-feira";"06:50:00";"RS";386;371;"FAZENDA VILANOVA";"Ingestão de álcool pelo condutor";"Saída de leito carroçável";"Sem Vítimas";"Amanhecer";"Crescente";"Nevoeiro/Neblina";"Dupla";"Reta";"Não";1;0;0;0;1;0;0;1;-29,596546;-51,814407;"SPRF-RS";"DEL04-RS";"UOP02-DEL04-RS"
449552;2022-04-17;"domingo";"14:30:00";"PI";135;539;"SAO GONCALO DO GURGUEIA";"Reação tardia ou ineficiente do condutor";"Saída de leito carroçável";"Com Vítimas Feridas";"Pleno dia";"Crescente";"Chuva";"Simples";"Reta";"Não";5;0;3;2;0;0;5;1;-10,03459975;-45,3009487;"SPRF-PI";"DEL03-PI";"UOP02-DEL03-PI"
449554;2022-05-12;"quinta-feira";"22:20:00";"MG";262;363;"JUATUBA";"Ausência de reação do condutor";"Queda de ocupante de veículo";"Com Vítimas Feridas";"Plena Noite";"Crescente";"Céu Claro";"Dupla";"Reta";"Sim";1;0;1;0;0;0;1;1;-19,98332997;-44,23572401;"SPRF-MG";"DEL01-MG";"UOP03-DEL01-MG"
449558;2022-05-13;"sexta-feira";"07:50:00";"DF";70;12;"BRASILIA";"Manobra de mudança de faixa";"Colisão traseira";"Com Vítimas Feridas";"Pleno dia";"Decrescente";"Céu Claro";"Dupla";"Reta";"Não";2;0;1;0;1;0;1;2;-15,792243;-48,158543;"SPRF-DF";"DEL03-DF";"UOP02-DEL03-DF"
449559;2022-05-13;"sexta-feira";"06:35:00";"MG";262;803;"UBERABA";"Reação tardia ou ineficiente do condutor";"Queda de ocupante de veículo";"Com Vítimas Feridas";"Pleno dia";"Crescente";"Céu Claro";"Dupla";"Reta";"Sim";1;0;1;0;0;0;1;1;-19,77509606;-47,97201785;"SPRF-MG";"DEL13-MG";"UOP01-DEL13-MG"
449560;2022-05-13;"sexta-feira";"07:30:00";"DF";70;11,3;"BRASILIA";"Avarias e/ou desgaste excessivo no pneu";"Tombamento";"Com Vítimas Feridas";"Pleno dia";"Decrescente";"Céu Claro";"Dupla";"Reta";"Sim";2;0;2;0;0;0;2;1;-15,79062239;-48,15181017;"SPRF-DF";"DEL03-DF";"UOP02-DEL03-DF"
449561;2022-05-05;"quinta-feira";"08:05:00";"GO";60;163;"GOIANIA";"Manobra de mudança de faixa";"Capotamento";"Com Vítimas Feridas";"Pleno dia";"Crescente";"Céu Claro";"Dupla";"Reta";"Sim";2;0;1;0;1;0;1;2;-16,7002;-49,3335;"SPRF-GO";"DEL01-GO";"UOP02-DEL01-GO"
449562;2022-05-13;"sexta-feira";"07:55:00";"SP";153;60,5;"SAO JOSE DO RIO PRETO";"Condutor deixou de manter distância do veículo da frente";"Colisão traseira";"Com Vítimas Feridas";"Pleno dia";"Crescente";"Céu Claro";"Dupla";"Reta";"Sim";3;0;1;0;1;1;1;3;-20,79627979;-49,35480206;"SPRF-SP";"DEL09-SP";"UOP01-DEL09-SP"
449563;2022-05-13;"sexta-feira";"07:15:00";"PB";101;122;"CAAPORA";"Animais na Pista";"Saída de leito carroçável";"Com Vítimas Feridas";"Pleno dia";"Decrescente";"Sol";"Dupla";"Reta";"Não";1;0;1;0;0;0;1;1;-7,45038197;-34,97994215;"SPRF-PB";"DEL01-PB";"UOP02-DEL01-PB"
449564;2022-05-13;"sexta-feira";"08:00:00";"RS";116;465;"SAO LOURENCO DO SUL";"Ausência de reação do condutor";"Colisão lateral mesmo sentido";"Com Vítimas Feridas";"Pleno dia";"Crescente";"Céu Claro";"Simples";"Reta";"Sim";2;0;1;0;1;0;1;2;-31,32224393;-52,03089939;"SPRF-RS";"DEL02-RS";"UOP02-DEL02-RS"
449565;2022-05-13;"sexta-feira";"07:10:00";"MS";163;9;"MUNDO NOVO";"Neblina";"Saída de leito carroçável";"Com Vítimas Feridas";"Pleno dia";"Decrescente";"Nevoeiro/Neblina";"Simples";"Reta";"Não";1;0;1;0;0;0;1;1;-23,98707101;-54,33136162;"SPRF-MS";"DEL09-MS";"UOP02-DEL09-MS"
449568;2022-05-13;"sexta-feira";"08:10:00";"RS";116;517;"PELOTAS";"Desrespeitar a preferência no cruzamento";"Colisão lateral mesmo sentido";"Com Vítimas Feridas";"Pleno dia";"Crescente";"Céu Claro";"Dupla";"Rotatória";"Sim";2;0;1;0;1;0;1;2;-31,67908686;-52,34256731;"SPRF-RS";"DEL07-RS";"UOP01-DEL07-RS"
449570;2022-05-13;"sexta-feira";"08:00:00";"DF";70;17;"BRASILIA";"Manobra de mudança de faixa";"Colisão traseira";"Com Vítimas Feridas";"Pleno dia";"Decrescente";"Céu Claro";"Dupla";"Reta";"Não";2;0;1;0;1;0;1;2;-15,794133;-48,202095;"SPRF-DF";"DEL03-DF";"UOP02-DEL03-DF"
449572;2022-05-13;"sexta-feira";"05:00:00";"BA";324;613,9;"SALVADOR";"Avarias e/ou desgaste excessivo no pneu";"Capotamento";"Com Vítimas Feridas";"Amanhecer";"Decrescente";"Céu Claro";"Múltipla";"Reta";"Sim";2;0;1;0;1;0;1;1;-12,87354932;-38,42807293;"SPRF-BA";"DEL01-BA";"UOP01-DEL01-BA"
449575;2022-05-13;"sexta-feira";"08:00:00";"SC";282;219;"LAGES";"Acessar a via sem observar a presença dos outros veículos";"Colisão lateral mesmo sentido";"Sem Vítimas";"Pleno dia";"Crescente";"Nublado";"Simples";"Interseção de Vias";"Sim";2;0;0;0;2;0;0;2;-27,795521;-50,323608;"SPRF-SC";"DEL05-SC";"UOP01-DEL05-SC"
449577;2022-05-13;"sexta-feira";"07:25:00";"RS";392;11;"RIO GRANDE";"Neblina";"Tombamento";"Com Vítimas Feridas";"Amanhecer";"Decrescente";"Nevoeiro/Neblina";"Dupla";"Reta";"Não";4;0;1;1;2;0;2;4;-32,12127763;-52,12972521;"SPRF-RS";"DEL07-RS";"UOP02-DEL07-RS"
449578;2022-05-13;"sexta-feira";"08:00:00";"RS";116;529,8;"CAPAO DO LEAO";"Conversão proibida";"Tombamento";"Com Vítimas Feridas";"Pleno dia";"Crescente";"Céu Claro";"Simples";"Reta";"Não";1;0;0;1;0;0;1;1;-31,75446042;-52,42803583;"SPRF-RS";"DEL07-RS";"UOP01-DEL07-RS"
449581;2022-05-13;"sexta-feira";"10:34:00";"TO";153;334;"GUARAI";"Desrespeitar a preferência no cruzamento";"Colisão transversal";"Com Vítimas Feridas";"Pleno dia";"Crescente";"Céu Claro";"Dupla";"Reta";"Sim";3;0;1;0;1;1;1;3;-8,835718;-48,512123;"SPRF-TO";"DEL02-TO";"UOP02-DEL02-TO"
449582;2022-05-13;"sexta-feira";"09:20:00";"MA";230;404;"BALSAS";"Acessar a via sem observar a presença dos outros veículos";"Colisão transversal";"Com Vítimas Feridas";"Pleno dia";"Crescente";"Céu Claro";"Simples";"Reta";"Sim";2;0;1;0;1;0;1;2;-7,52339895;-46,04122203;"SPRF-MA";"DEL05-MA";"UOP01-DEL05-MA"
449583;2022-05-13;"sexta-feira";"08:28:00";"AC";364;136;"RIO BRANCO";"Frear bruscamente";"Colisão traseira";"Com Vítimas Feridas";"Pleno dia";"Crescente";"Sol";"Dupla";"Reta";"Sim";2;0;1;0;1;0;1;2;-9,977578;-67,8489;"SPRF-AC";"DEL01-AC";"UOP01-DEL01-AC"
449584;2022-02-14;"segunda-feira";"08:00:00";"BA";116;817,8;"VITORIA DA CONQUISTA";"Acessar a via sem observar a presença dos outros veículos";"Colisão transversal";"Com Vítimas Feridas";"Pleno dia";"Crescente";"Céu Claro";"Simples";"Interseção de Vias";"Não";3;0;0;2;1;0;2;2;-14,82322767;-40,81790155;"SPRF-BA";"DEL08-BA";"UOP01-DEL08-BA"
449585;2022-05-13;"sexta-feira";"08:22:00";"GO";153;507;"APARECIDA DE GOIANIA";"Entrada inopinada do pedestre";"Atropelamento de Pedestre";"Com Vítimas Feridas";"Pleno dia";"Decrescente";"Céu Claro";"Dupla";"Reta";"Sim";2;0;1;0;1;0;1;2;-16,7715;-49,2387;"SPRF-GO";"DEL01-GO";"UOP03-DEL01-GO"
449588;2022-05-13;"sexta-feira";"11:00:00";"MT";163;980;"TERRA NOVA DO NORTE";"Condutor deixou de manter distância do veículo da frente";"Engavetamento";"Com Vítimas Feridas";"Pleno dia";"Crescente";"Céu Claro";"Simples";"Reta";"Sim";51;0;2;0;49;0;2;3;-10,76508986;-55,15165735;"SPRF-MT";"DEL06-MT";"NPF/DEL06-MT"
449589;2022-05-13;"sexta-feira";"11:45:00";"SC";101;188,3;"BIGUACU";"Reação tardia ou ineficiente do condutor";"Queda de ocupante de veículo";"Com Vítimas Feridas";"Pleno dia";"Crescente";"Céu Claro";"Simples";"Reta";"Sim";1;0;1;0;0;0;1;1;-27,45123421;-48,63370766;"SPRF-SC";"DEL01-SC";"UOP01-DEL01-SC"
449590;2022-05-12;"quinta-feira";"21:50:00";"RJ";393;279;"BARRA DO PIRAI";"Transitar na contramão";"Colisão frontal";"Com Vítimas Feridas";"Plena Noite";"Crescente";"Nublado";"Simples";"Reta";"Sim";2;0;0;1;0;1;1;2;-22,47615736;-44,00889998;"SPRF-RJ";"DEL05-RJ";"UOP04-DEL05-RJ"
449591;2022-05-13;"sexta-feira";"09:40:00";"MG";116;598;"SAO JOAO DO MANHUACU";"Acessar a via sem observar a presença dos outros veículos";"Colisão traseira";"Com Vítimas Feridas";"Pleno dia";"Crescente";"Céu Claro";"Simples";"Reta";"Não";2;0;2;0;0;0;2;2;-20,31596699;-42,14564902;"SPRF-MG";"DEL06-MG";"UOP03-DEL06-MG"
449592;2022-05-13;"sexta-feira";"12:00:00";"SC";101;203,5;"SAO JOSE";"Acesso irregular";"Colisão transversal";"Sem Vítimas";"Pleno dia";"Decrescente";"Sol";"Múltipla";"Reta;Interseção de Vias";"Sim";3;0;0;0;2;1;0;3;-27,56918857;-48,61373316;"SPRF-SC";"DEL01-SC";"UOP01-DEL01-SC"
449593;2022-05-13;"sexta-feira";"12:00:00";"SP";116;131,6;"CACAPAVA";"Trafegar com motocicleta (ou similar) entre as faixas";"Colisão lateral mesmo sentido";"Com Vítimas Feridas";"Pleno dia";"Crescente";"Céu Claro";"Dupla";"Reta";"Sim";3;0;1;0;0;2;1;3;-23,12742083;-45,73636609;"SPRF-SP";"DEL02-SP";"UOP02-DEL02-SP"
449594;2022-05-13;"sexta-feira";"12:34:00";"GO";153;403;"PIRENOPOLIS";"Conversão proibida";"Colisão transversal";"Com Vítimas Feridas";"Pleno dia";"Decrescente";"Céu Claro";"Simples";"Reta";"Não";6;0;4;2;0;0;6;2;-16,048012;-49,074417;"SPRF-GO";"DEL02-GO";"UOP02-DEL02-GO"
449595;2022-05-13;"sexta-feira";"11:40:00";"RN";110;45,2;"MOSSORO";"Acessar a via sem observar a presença dos outros veículos";"Colisão transversal";"Com Vítimas Feridas";"Pleno dia";"Crescente";"Céu Claro";"Simples";"Reta";"Sim";2;0;1;0;1;0;1;2;-5,19257993;-37,31114905;"SPRF-RN";"DEL04-RN";"UOP01-DEL04-RN"
449596;2022-05-13;"sexta-feira";"12:30:00";"PR";277;7,4;"PARANAGUA";"Acessar a via sem observar a presença dos outros veículos";"Colisão transversal";"Com Vítimas Feridas";"Pleno dia";"Decrescente";"Céu Claro";"Dupla";"Reta";"Sim";2;0;1;0;1;0;1;2;-25,5205;-48,5095;"SPRF-PR";"DEL01-PR";"UOP05-DEL01-PR"
449597;2022-05-13;"sexta-feira";"12:50:00";"MG";381;618,1;"OLIVEIRA";"Condutor Dormindo";"Saída de leito carroçável";"Com Vítimas Feridas";"Pleno dia";"Decrescente";"Céu Claro";"Dupla";"Reta";"Não";1;0;1;0;0;0;1;1;-20,76895697;-44,78171707;"SPRF-MG";"DEL04-MG";"UOP01-DEL04-MG"
449598;2022-01-24;"segunda-feira";"06:50:00";"PB";230;41,2;"SANTA RITA";"Acessar a via sem observar a presença dos outros veículos";"Colisão lateral mesmo sentido";"Com Vítimas Feridas";"Pleno dia";"Crescente";"Céu Claro";"Dupla";"Retorno Regulamentado";"Não";2;0;0;1;1;0;1;2;-7,1432;-34,9869;"SPRF-PB";"DEL01-PB";"UOP03-DEL01-PB"
449599;2022-05-13;"sexta-feira";"13:30:00";"SC";101;214;"PALHOCA";"Acessar a via sem observar a presença dos outros veículos";"Colisão lateral mesmo sentido";"Com Vítimas Feridas";"Pleno dia";"Decrescente";"Céu Claro";"Dupla";"Reta";"Sim";2;0;1;0;0;1;1;2;-27,64443;-48,67057;"SPRF-SC";"DEL01-SC";"UOP02-DEL01-SC"
449600;2022-05-13;"sexta-feira";"11:15:00";"PE";104;1,8;"TAQUARITINGA DO NORTE";"Velocidade Incompatível";"Saída de leito carroçável";"Com Vítimas Feridas";"Pleno dia";"Crescente";"Chuva";"Simples";"Curva";"Não";1;0;0;1;0;0;1;1;-7,792624;-36,101326;"SPRF-PE";"DEL02-PE";"UOP01-DEL02-PE"
449605;2022-05-13;"sexta-feira";"11:55:00";"RJ";116;167;"SAO JOAO DE MERITI";"Manobra de mudança de faixa";"Colisão lateral mesmo sentido";"Com Vítimas Feridas";"Pleno dia";"Decrescente";"Céu Claro";"Múltipla";"Reta";"Sim";2;0;1;0;1;0;1;2;-22,81803977;-43,30787252;"SPRF-RJ";"DEL01-RJ";"UOP02-DEL01-RJ"
449607;2022-05-13;"sexta-feira";"13:00:00";"SP";381;88,7;"GUARULHOS";"Ausência de reação do condutor";"Colisão lateral mesmo sentido";"Com Vítimas Feridas";"Pleno dia";"Decrescente";"Céu Claro";"Dupla";"Reta";"Não";1;0;1;0;0;0;1;1;-23,47469314;-46,56112919;"SPRF-SP";"DEL03-SP";"UOP01-DEL03-SP"
449608;2022-05-13;"sexta-feira";"13:15:00";"SP";116;337;"MIRACATU";"Acessar a via sem observar a presença dos outros veículos";"Colisão transversal";"Com Vítimas Feridas";"Pleno dia";"Crescente";"Céu Claro";"Simples";"Reta";"Sim";2;0;1;0;0;1;1;2;-23,9818403;-47,14564419;"SPRF-SP";"DEL04-SP";"UOP01-DEL04-SP"
449609;2022-05-13;"sexta-feira";"12:30:00";"BA";101;715;"EUNAPOLIS";"Acessar a via sem observar a presença dos outros veículos";"Colisão transversal";"Com Vítimas Feridas";"Pleno dia";"Decrescente";"Sol";"Simples";"Aclive;Reta;Interseção de Vias";"Sim";3;0;1;0;2;0;1;2;-16,349848;-39,580063;"SPRF-BA";"DEL09-BA";"UOP01-DEL09-BA"
449610;2022-05-13;"sexta-feira";"12:16:00";"RR";174;502;"BOA VISTA";"Ausência de reação do condutor";"Colisão traseira";"Com Vítimas Feridas";"Pleno dia";"Decrescente";"Céu Claro";"Dupla";"Reta";"Sim";3;0;1;0;2;0;1;2;2,787376;-60,699524;"SPRF-RR";"DEL01-RR";"UOP01-DEL01-RR"
449611;2022-05-13;"sexta-feira";"09:50:00";"RS";158;204;"CRUZ ALTA";"Mal súbito do condutor";"Saída de leito carroçável";"Com Vítimas Feridas";"Pleno dia";"Crescente";"Céu Claro";"Simples";"Reta";"Não";1;0;1;0;0;0;1;1;-28,72078706;-53,59863151;"SPRF-RS";"DEL10-RS";"UOP02-DEL10-RS"
449613;2022-05-13;"sexta-feira";"14:00:00";"RJ";101;203;"CASIMIRO DE ABREU";"Ingestão de substâncias psicoativas pelo condutor";"Colisão traseira";"Sem Vítimas";"Pleno dia";"Crescente";"Céu Claro";"Dupla";"Reta";"Não";2;0;0;0;2;0;0;2;-22,47557761;-42,17219006;"SPRF-RJ";"DEL08-RJ";"UOP04-DEL08-RJ"
449614;2022-05-13;"sexta-feira";"13:35:00";"RJ";101;484;"ANGRA DOS REIS";"Trafegar com motocicleta (ou similar) entre as faixas";"Colisão lateral sentido oposto";"Com Vítimas Feridas";"Pleno dia";"Decrescente";"Nublado";"Simples";"Reta";"Sim";2;0;0;1;1;0;1;2;-22,98745417;-44,30152059;"SPRF-RJ";"DEL03-RJ";"UOP03-DEL03-RJ"
449616;2022-05-13;"sexta-feira";"14:28:00";"SC";282;221;"LAGES";"Manobra de mudança de faixa";"Colisão lateral mesmo sentido";"Com Vítimas Feridas";"Pleno dia";"Crescente";"Sol";"Dupla";"Aclive";"Não";2;0;1;0;1;0;1;2;-27,7983308;-50,35702586;"SPRF-SC";"DEL05-SC";"UOP01-DEL05-SC"
449617;2022-05-13;"sexta-feira";"11:05:00";"RJ";101;395;"ITAGUAI";"Velocidade Incompatível";"Tombamento";"Com Vítimas Feridas";"Pleno dia";"Crescente";"Céu Claro";"Dupla";"Reta";"Sim";1;0;0;1;0;0;1;1;-22,88237391;-43,72205597;"SPRF-RJ";"DEL03-RJ";"UOP01-DEL03-RJ"
449618;2022-05-13;"sexta-feira";"14:30:00";"RS";116;227;"DOIS IRMAOS";"Acessar a via sem observar a presença dos outros veículos";"Colisão transversal";"Com Vítimas Feridas";"Pleno dia";"Crescente";"Céu Claro";"Simples";"Interseção de Vias";"Sim";2;0;1;0;1;0;1;2;-29,60482402;-51,12527692;"SPRF-RS";"DEL01-RS";"UOP02-DEL01-RS"
449621;2022-05-13;"sexta-feira";"14:55:00";"MG";262;609,9;"CAMPOS ALTOS";"Condutor deixou de manter distância do veículo da frente";"Colisão traseira";"Com Vítimas Feridas";"Pleno dia";"Decrescente";"Sol";"Simples";"Aclive";"Não";5;0;4;0;1;0;4;2;-19,61194605;-46,28226314;"SPRF-MG";"DEL08-MG";"UOP02-DEL08-MG"
449624;2022-05-13;"sexta-feira";"13:00:00";"RO";364;13;"VILHENA";"Acessar a via sem observar a presença dos outros veículos";"Colisão frontal";"Com Vítimas Feridas";"Pleno dia";"Crescente";"Céu Claro";"Simples";"Interseção de Vias";"Sim";2;0;1;0;1;0;1;2;-12,7414000386;-60,1302640104;"SPRF-RO";"DEL04-RO";"UOP01-DEL04-RO"
449625;2022-05-13;"sexta-feira";"08:24:00";"RO";435;128;"CEREJEIRAS";"Acessar a via sem observar a presença dos outros veículos";"Colisão transversal";"Com Vítimas Fatais";"Pleno dia";"Decrescente";"Céu Claro";"Simples";"Reta";"Não";3;1;0;0;2;0;0;2;-13,18900459;-60,85748401;"SPRF-RO";"DEL04-RO";"UOP02-DEL04-RO"
449626;2022-05-13;"sexta-feira";"14:25:00";"SC";470;126;"LONTRAS";"Velocidade Incompatível";"Saída de leito carroçável";"Com Vítimas Feridas";"Pleno dia";"Decrescente";"Sol";"Simples";"Curva";"Não";2;0;1;0;1;0;1;1;-27,13225064;-49,53855515;"SPRF-SC";"DEL04-SC";"UOP02-DEL04-SC"
449629;2022-05-13;"sexta-feira";"16:00:00";"ES";101;270;"SERRA";"Manobra de mudança de faixa";"Colisão lateral mesmo sentido";"Sem Vítimas";"Pleno dia";"Decrescente";"Nublado";"Dupla";"Reta";"Não";3;0;0;0;1;2;0;3;-20,22662056;-40,27075088;"SPRF-ES";"DEL02-ES";"UOP01-DEL02-ES"
449630;2022-04-27;"quarta-feira";"19:00:00";"GO";60;106;"GOIANAPOLIS";"Entrada inopinada do pedestre";"Atropelamento de Pedestre";"Com Vítimas Fatais";"Plena Noite";"Crescente";"Céu Claro";"Dupla";"Declive;Curva";"Não";3;1;0;0;1;1;0;2;-16,41583259;-49,00880814;"SPRF-GO";"DEL02-GO";"UOP01-DEL02-GO"
449631;2022-05-13;"sexta-feira";"16:20:00";"SP";116;211;"GUARULHOS";"Ausência de reação do condutor";"Queda de ocupante de veículo";"Com Vítimas Feridas";"Pleno dia";"Decrescente";"Céu Claro";"Dupla";"Reta";"Sim";1;0;0;1;0;0;1;1;-23,4324306;-46,4194352;"SPRF-SP";"DEL01-SP";"UOP01-DEL01-SP"
449633;2022-05-13;"sexta-feira";"16:00:00";"RJ";116;180;"NOVA IGUACU";"Demais falhas mecânicas ou elétricas";"Incêndio";"Sem Vítimas";"Pleno dia";"Decrescente";"Céu Claro";"Dupla";"Reta";"Sim";1;0;0;0;1;0;0;1;-22,7651616;-43,4154728;"SPRF-RJ";"DEL01-RJ";"UOP02-DEL01-RJ"