"id";"data_inversa";"dia_semana";"horario";"uf";"br";"km";"municipio";"causa_acidente";"tipo_acidente";"classificacao_acidente";"fase_dia";"sentido_via";"condicao_metereologica";"tipo_pista";"tracado_via";"uso_solo";"pessoas";"mortos";"feridos_leves";"feridos_graves";"ilesos";"ignorados";"feridos";"veiculos";"latitude";"longitude";"regional";"delegacia";"uop"
449634;2022-05-13;"sexta-feira";"16:15:00";"MG";381;443;"SABARA";"Conversão proibida";"Colisão transversal";"Com Vítimas Feridas";"Pleno dia";"Decrescente";"Sol";"Simples";"Reta;Aclive";"Sim";2;0;1;0;1;0;1;2;-19,822546;-43,817345;"SPRF-MG";"DEL01-MG";"UOP01-DEL01-MG"
449635;2022-05-13;"sexta-feira";"16:00:00";"RS";158;332,5;"SANTA MARIA";"Acessar a via sem observar a presença dos outros veículos";"Colisão transversal";"Com Vítimas Feridas";"Pleno dia";"Crescente";"Céu Claro";"Dupla";"Rotatória";"Sim";3;0;1;0;2;0;1;2;-29,70707412;-53,85238409;"SPRF-RS";"DEL09-RS";"UOP01-DEL09-RS"
449636;2022-04-01;"sexta-feira";"19:00:00";"RO";174;16;"VILHENA";"Reação tardia ou ineficiente do condutor";"Colisão lateral mesmo sentido";"Com Vítimas Feridas";"Plena Noite";"Crescente";"Nublado";"Simples";"Reta";"Sim";3;0;1;0;2;0;1;2;-12,71314889;-60,12599587;"SPRF-RO";"DEL04-RO";"UOP01-DEL04-RO"
449637;2022-05-13;"sexta-feira";"14:45:00";"SP";381;21;"BRAGANCA PAULISTA";"Condutor deixou de manter distância do veículo da frente";"Colisão traseira";"Com Vítimas Feridas";"Pleno dia";"Decrescente";"Céu Claro";"Dupla";"Reta";"Não";3;0;2;0;1;0;2;2;-22,99140199;-46,50878201;"SPRF-SP";"DEL03-SP";"UOP01-DEL03-SP"
449638;2022-05-13;"sexta-feira";"16:20:00";"MG";459;103,6;"POUSO ALEGRE";"Manobra de mudança de faixa";"Colisão lateral mesmo sentido";"Com Vítimas Feridas";"Pleno dia";"Crescente";"Céu Claro";"Dupla";"Aclive;Reta";"Sim";2;0;0;1;1;0;1;2;-22,23158444;-45,90040839;"SPRF-MG";"DEL16-MG";"UOP01-DEL16-MG"
449639;2022-05-13;"sexta-feira";"05:30:00";"BA";367;81;"EUNAPOLIS";"Retorno proibido";"Colisão lateral mesmo sentido";"Com Vítimas Feridas";"Amanhecer";"Decrescente";"Céu Claro";"Simples";"Reta";"Sim";3;0;1;0;2;0;1;2;-16,3717565;-39,55261277;"SPRF-BA";"DEL09-BA";"UOP01-DEL09-BA"
449640;2022-05-13;"sexta-feira";"12:40:00";"RJ";101;511;"ANGRA DOS REIS";"Transitar no acostamento";"Colisão frontal";"Com Vítimas Feridas";"Pleno dia";"Decrescente";"Nublado";"Simples";"Curva";"Não";2;0;1;0;1;0;1;2;-22,9609111;-44,4382966;"SPRF-RJ";"DEL03-RJ";"UOP03-DEL03-RJ"
449641;2022-05-13;"sexta-feira";"16:50:00";"MG";262;422,9;"IGARATINGA";"Acessar a via sem observar a presença dos outros veículos";"Colisão traseira";"Com Vítimas Feridas";"Pleno dia";"Decrescente";"Sol";"Dupla";"Reta;Rotatória;Declive;Retorno Regulamentado";"Sim";6;0;3;0;3;0;3;2;-19,88477767;-44,72993101;"SPRF-MG";"DEL08-MG";"UOP03-DEL08-MG"
449642;2022-05-13;"sexta-feira";"16:30:00";"PI";135;343;"BOM JESUS";"Pista Escorregadia";"Capotamento";"Com Vítimas Feridas";"Pleno dia";"Decrescente";"Chuva";"Simples";"Curva";"Não";3;0;2;0;1;0;2;1;-9,02756204;-44,30518291;"SPRF-PI";"DEL03-PI";"UOP02-DEL03-PI"
449643;2022-05-13;"sexta-feira";"15:30:00";"SP";116;279;"EMBU DAS ARTES";"Ausência de reação do condutor";"Queda de ocupante de veículo";"Com Vítimas Feridas";"Pleno dia";"Crescente";"Nublado";"Dupla";"Reta";"Sim";2;0;1;0;1;0;1;2;-23,66233697;-46,85292907;"SPRF-SP";"DEL04-SP";"UOP01-DEL04-SP"
449644;2022-04-10;"domingo";"17:40:00";"RS";116;230;"DOIS IRMAOS";"Acessar a via sem observar a presença dos outros veículos";"Colisão traseira";"Com Vítimas Feridas";"Anoitecer";"Crescente";"Céu Claro";"Simples";"Reta;Declive";"Não";2;0;0;1;1;0;1;2;-29,62222179;-51,13039371;"SPRF-RS";"DEL01-RS";"UOP02-DEL01-RS"
449645;2022-05-13;"sexta-feira";"16:00:00";"DF";20;1;"BRASILIA";"Problema na suspensão";"Saída de leito carroçável";"Sem Vítimas";"Pleno dia";"Decrescente";"Céu Claro";"Múltipla";"Reta";"Não";3;0;0;0;1;2;0;2;-15,685814;-47,849838;"SPRF-DF";"DEL02-DF";"UOP01-DEL02-DF"
449646;2022-04-21;"quinta-feira";"19:30:00";"SC";101;117;"ITAJAI";"Velocidade Incompatível";"Colisão traseira";"Com Vítimas Feridas";"Plena Noite";"Crescente";"Céu Claro";"Múltipla";"Reta";"Sim";4;0;1;1;2;0;2;2;-26,87905605;-48,72603512;"SPRF-SC";"DEL04-SC";"UOP04-DEL04-SC"
449649;2022-05-13;"sexta-feira";"17:30:00";"ES";259;56;"COLATINA";"Conversão proibida";"Colisão transversal";"Com Vítimas Feridas";"Anoitecer";"Crescente";"Céu Claro";"Simples";"Reta";"Sim";2;0;0;1;1;0;1;2;-19,50128488;-40,65265414;"SPRF-ES";"DEL02-ES";"UOP01-DEL02-ES"
449651;2022-05-13;"sexta-feira";"16:15:00";"PR";476;181,7;"LAPA";"Mal súbito do condutor";"Saída de leito carroçável";"Com Vítimas Feridas";"Pleno dia";"Decrescente";"Céu Claro";"Simples";"Curva";"Não";2;0;1;0;1;0;1;1;-25,71707777;-49,61495921;"SPRF-PR";"DEL02-PR";"UOP04-DEL02-PR"
449652;2022-05-13;"sexta-feira";"17:30:00";"PE";408;86;"PAUDALHO";"Ausência de reação do condutor";"Saída de leito carroçável";"Com Vítimas Feridas";"Anoitecer";"Crescente";"Céu Claro";"Múltipla";"Reta";"Sim";4;0;3;0;1;0;3;1;-7,96010995;-35,09554697;"SPRF-PE";"DEL01-PE";"UOP01-DEL01-PE"
449653;2022-03-26;"sábado";"18:52:00";"PR";116;150;"MANDIRITUBA";"Transitar na contramão";"Colisão frontal";"Com Vítimas Feridas";"Anoitecer";"Crescente";"Nublado";"Simples";"Reta";"Sim";2;0;0;2;0;0;2;2;-25,81557015;-49,33088979;"SPRF-PR";"DEL01-PR";"UOP03-DEL01-PR"
449654;2022-05-13;"sexta-feira";"17:17:00";"DF";20;22;"BRASILIA";"Manobra de mudança de faixa";"Colisão lateral mesmo sentido";"Com Vítimas Feridas";"Anoitecer";"Decrescente";"Ignorado";"Simples";"Reta";"Sim";2;0;1;0;1;0;1;2;-15,59834;-47,676186;"SPRF-DF";"DEL02-DF";"UOP01-DEL02-DF"
449655;2022-05-13;"sexta-feira";"18:18:00";"GO";70;7;"AGUAS LINDAS DE GOIAS";"Pedestre cruzava a pista fora da faixa";"Atropelamento de Pedestre";"Com Vítimas Feridas";"Plena Noite";"Crescente";"Céu Claro";"Múltipla";"Reta";"Sim";2;0;2;0;0;0;2;2;-15,74375533;-48,26779708;"SPRF-DF";"DEL03-DF";"UOP02-DEL03-DF"
449657;2022-05-13;"sexta-feira";"17:50:00";"SC";101;206,2;"SAO JOSE";"Reação tardia ou ineficiente do condutor";"Colisão traseira";"Com Vítimas Feridas";"Plena Noite";"Decrescente";"Céu Claro";"Múltipla";"Reta;Aclive";"Sim";3;0;0;2;1;0;2;3;-27,59408451;-48,6187328;"SPRF-SC";"DEL01-SC";"UOP01-DEL01-SC"
449658;2022-05-13;"sexta-feira";"18:30:00";"SC";282;16;"PALHOCA";"Entrada inopinada do pedestre";"Atropelamento de Pedestre";"Com Vítimas Feridas";"Plena Noite";"Decrescente";"Céu Claro";"Simples";"Reta";"Não";2;0;1;0;1;0;1;2;-27,658611;-48,681847;"SPRF-SC";"DEL01-SC";"UOP02-DEL01-SC"
449659;2022-05-13;"sexta-feira";"18:38:00";"GO";50;97;"CRISTALINA";"Condutor deixou de manter distância do veículo da frente";"Colisão traseira";"Com Vítimas Feridas";"Plena Noite";"Crescente";"Céu Claro";"Simples";"Reta";"Sim";2;0;1;0;1;0;1;2;-16,76000219;-47,61096954;"SPRF-DF";"DEL01-DF";"UOP02-DEL01-DF"
449660;2022-05-13;"sexta-feira";"18:20:00";"MG";116;416,5;"GOVERNADOR VALADARES";"Acessar a via sem observar a presença dos outros veículos";"Colisão transversal";"Com Vítimas Feridas";"Plena Noite";"Decrescente";"Céu Claro";"Simples";"Reta";"Sim";3;0;2;1;0;0;3;2;-18,89215187;-41,94699543;"SPRF-MG";"DEL06-MG";"UOP01-DEL06-MG"
449661;2022-05-13;"sexta-feira";"17:15:00";"RJ";101;313;"SAO GONCALO";"Manobra de mudança de faixa";"Colisão lateral mesmo sentido";"Com Vítimas Feridas";"Anoitecer";"Decrescente";"Nublado";"Dupla";"Reta";"Sim";2;0;1;0;1;0;1;2;-22,81049093;-43,06983304;"SPRF-RJ";"DEL02-RJ";"UOP02-DEL02-RJ"
449662;2022-05-13;"sexta-feira";"18:30:00";"BA";116;675;"JEQUIE";"Pedestre cruzava a pista fora da faixa";"Atropelamento de Pedestre";"Com Vítimas Feridas";"Plena Noite";"Decrescente";"Céu Claro";"Simples";"Reta";"Sim";3;0;0;1;0;2;1;2;-13,82572997;-40,11054482;"SPRF-BA";"DEL03-BA";"UOP01-DEL03-BA"
449663;2022-05-13;"sexta-feira";"18:00:00";"MT";163;78,7;"RONDONOPOLIS";"Demais falhas mecânicas ou elétricas";"Saída de leito carroçável";"Com Vítimas Fatais";"Anoitecer";"Decrescente";"Nublado";"Dupla";"Reta";"Não";4;1;3;0;0;0;3;1;-16,82565108;-54,69594586;"SPRF-MT";"DEL02-MT";"UOP01-DEL02-MT"
449664;2022-05-13;"sexta-feira";"17:30:00";"SP";116;269;"TABOAO DA SERRA";"Ausência de reação do condutor";"Colisão transversal";"Com Vítimas Feridas";"Plena Noite";"Crescente";"Nublado";"Dupla";"Reta";"Sim";2;0;1;0;1;0;1;2;-23,61593059;-46,78826044;"SPRF-SP";"DEL04-SP";"UOP01-DEL04-SP"
449665;2022-05-13;"sexta-feira";"17:30:00";"PR";116;195,8;"CAMPO DO TENENTE";"Velocidade Incompatível";"Colisão transversal";"Com Vítimas Feridas";"Anoitecer";"Decrescente";"Céu Claro";"Simples";"Declive;Reta";"Não";3;0;1;1;1;0;2;2;-25,99595516;-49,66757935;"SPRF-SC";"DEL06-SC";"UOP01-DEL06-SC"
449670;2022-05-13;"sexta-feira";"18:40:00";"RJ";116;127;"MAGE";"Transitar na contramão";"Colisão transversal";"Sem Vítimas";"Plena Noite";"Crescente";"Céu Claro";"Simples";"Viaduto";"Não";2;0;0;0;2;0;0;2;-22,66137035;-43,09295957;"SPRF-RJ";"DEL04-RJ";"UOP02-DEL04-RJ"
449672;2022-05-13;"sexta-feira";"19:25:00";"RS";287;286,5;"SAO PEDRO DO SUL";"Deficiência do Sistema de Iluminação/Sinalização";"Queda de ocupante de veículo";"Com Vítimas Feridas";"Plena Noite";"Crescente";"Céu Claro";"Simples";"Reta";"Não";3;0;2;0;1;0;2;2;-29,63429163;-54,23070697;"SPRF-RS";"DEL09-RS";"UOP01-DEL09-RS"
449673;2022-05-13;"sexta-feira";"16:30:00";"RJ";101;305;"SAO GONCALO";"Reação tardia ou ineficiente do condutor";"Colisão traseira";"Com Vítimas Feridas";"Pleno dia";"Crescente";"Nublado";"Dupla";"Reta";"Não";2;0;0;1;0;1;1;2;-22,78702832;-42,99589293;"SPRF-RJ";"DEL02-RJ";"UOP02-DEL02-RJ"
449675;2022-05-13;"sexta-feira";"19:30:00";"PE";423;78;"JUCATI";"Reação tardia ou ineficiente do condutor";"Colisão traseira";"Sem Vítimas";"Plena Noite";"Crescente";"Garoa/Chuvisco";"Simples";"Declive";"Sim";2;0;0;0;1;1;0;2;-8,74910298;-36,43120556;"SPRF-PE";"DEL03-PE";"UOP01-DEL03-PE"
449677;2022-05-13;"sexta-feira";"20:00:00";"PE";423;85;"SAO JOAO";"Deficiência do Sistema de Iluminação/Sinalização";"Colisão frontal";"Com Vítimas Feridas";"Plena Noite";"Crescente";"Garoa/Chuvisco";"Simples";"Reta";"Não";2;0;0;1;1;0;1;2;-8,80610593;-36,44168015;"SPRF-PE";"DEL03-PE";"UOP01-DEL03-PE"
449678;2022-05-13;"sexta-feira";"19:00:00";"SE";101;75,5;"MARUIM";"Animais na Pista";"Atropelamento de Animal";"Sem Vítimas";"Plena Noite";"Decrescente";"Céu Claro";"Simples";"Reta";"Não";1;0;0;0;1;0;0;1;-10,76855579;-37,11840018;"SPRF-SE";"DEL01-SE";"UOP01-DEL01-SE"
449679;2022-05-13;"sexta-feira";"20:30:00";"RS";472;139;"TRES DE MAIO";"Acessar a via sem observar a presença dos outros veículos";"Colisão transversal";"Com Vítimas Feridas";"Plena Noite";"Crescente";"Céu Claro";"Simples";"Reta";"Não";4;0;3;0;1;0;3;2;-27,77408893;-54,3046689;"SPRF-RS";"DEL10-RS";"UOP01-DEL10-RS"
449680;2022-05-13;"sexta-feira";"20:55:00";"ES";101;327,9;"GUARAPARI";"Animais na Pista";"Atropelamento de Animal";"Com Vítimas Feridas";"Plena Noite";"Crescente";"Céu Claro";"Dupla";"Reta";"Não";1;0;1;0;0;0;1;1;-20,57231099;-40,48455601;"SPRF-ES";"DEL03-ES";"UOP01-DEL03-ES"
449681;2022-05-13;"sexta-feira";"18:00:00";"SC";101;43;"JOINVILLE";"Trafegar com motocicleta (ou similar) entre as faixas";"Colisão transversal";"Com Vítimas Feridas";"Plena Noite";"Crescente";"Céu Claro";"Simples";"Interseção de Vias";"Sim";2;0;1;0;1;0;1;2;-26,33295792;-48,8615495;"SPRF-SC";"DEL03-SC";"UOP01-DEL03-SC"
449682;2022-05-13;"sexta-feira";"20:50:00";"RS";290;197;"RIO PARDO";"Animais na Pista";"Atropelamento de Animal";"Sem Vítimas";"Plena Noite";"Crescente";"Céu Claro";"Simples";"Reta";"Não";2;0;0;0;2;0;0;1;-30,168652;-52,185661;"SPRF-RS";"DEL02-RS";"UOP03-DEL02-RS"
449683;2022-05-13;"sexta-feira";"17:10:00";"RJ";393;187;"PARAIBA DO SUL";"Animais na Pista";"Atropelamento de Animal";"Com Vítimas Feridas";"Pleno dia";"Decrescente";"Céu Claro";"Simples";"Reta";"Não";2;0;2;0;0;0;2;1;-22,15136914;-43,30023095;"SPRF-RJ";"DEL05-RJ";"UOP03-DEL05-RJ"
449684;2022-05-13;"sexta-feira";"17:40:00";"RJ";393;178;"PARAIBA DO SUL";"Animais na Pista";"Atropelamento de Animal";"Com Vítimas Feridas";"Anoitecer";"Decrescente";"Céu Claro";"Simples";"Reta";"Sim";3;0;1;0;2;0;1;2;-22,13719748;-43,25243354;"SPRF-RJ";"DEL05-RJ";"UOP03-DEL05-RJ"
449685;2022-05-13;"sexta-feira";"20:40:00";"CE";116;60;"CHOROZINHO";"Pista esburacada";"Queda de ocupante de veículo";"Com Vítimas Feridas";"Plena Noite";"Crescente";"Nublado";"Simples";"Reta";"Não";1;0;0;1;0;0;1;1;-4,24676793;-38,48372024;"SPRF-CE";"DEL03-CE";"UOP02-DEL03-CE"
449686;2022-05-13;"sexta-feira";"19:50:00";"PR";476;132;"CURITIBA";"Condutor deixou de manter distância do veículo da frente";"Engavetamento";"Com Vítimas Feridas";"Plena Noite";"Crescente";"Céu Claro";"Múltipla";"Reta";"Sim";3;0;1;0;2;0;1;3;-25,4665009;-49,2527248;"SPRF-PR";"DEL01-PR";"UOP03-DEL01-PR"
449688;2022-05-13;"sexta-feira";"21:00:00";"MG";40;514;"CONTAGEM";"Reação tardia ou ineficiente do condutor";"Atropelamento de Pedestre";"Com Vítimas Feridas";"Plena Noite";"Crescente";"Nublado";"Dupla";"Reta";"Sim";2;0;1;1;0;0;2;2;-19,80151928;-44,10000333;"SPRF-MG";"DEL01-MG";"UOP02-DEL01-MG"
449691;2022-05-13;"sexta-feira";"19:30:00";"SC";282;516,8;"XAXIM";"Retorno proibido";"Saída de leito carroçável";"Sem Vítimas";"Plena Noite";"Decrescente";"Céu Claro";"Simples";"Curva";"Não";1;0;0;0;1;0;0;1;-26,930862;-52,499157;"SPRF-SC";"DEL07-SC";"UOP01-DEL07-SC"
449692;2022-05-13;"sexta-feira";"21:15:00";"RN";101;111,9;"SAO JOSE DE MIPIBU";"Ausência de reação do condutor";"Saída de leito carroçável";"Com Vítimas Fatais";"Plena Noite";"Crescente";"Garoa/Chuvisco";"Múltipla";"Declive";"Não";2;1;0;0;0;1;0;2;-5,96429;-35,264877;"SPRF-RN";"DEL01-RN";"UOP01-DEL01-RN"
449694;2022-05-13;"sexta-feira";"19:00:00";"RS";116;48,9;"VACARIA";"Velocidade Incompatível";"Saída de leito carroçável";"Sem Vítimas";"Plena Noite";"Crescente";"Nublado";"Simples";"Curva";"Não";1;0;0;0;1;0;0;1;-28,56556596;-50,99566405;"SPRF-RS";"DEL05-RS";"UOP03-DEL05-RS"
449695;2022-05-13;"sexta-feira";"08:00:00";"RJ";116;170;"SAO JOAO DE MERITI";"Avarias e/ou desgaste excessivo no pneu";"Queda de ocupante de veículo";"Com Vítimas Feridas";"Pleno dia";"Crescente";"Nublado";"Dupla";"Reta";"Sim";2;0;1;0;1;0;1;1;-22,81113183;-43,3336729;"SPRF-RJ";"DEL01-RJ";"UOP02-DEL01-RJ"
449696;2022-05-13;"sexta-feira";"20:15:00";"RJ";40;105;"DUQUE DE CAXIAS";"Reação tardia ou ineficiente do condutor";"Colisão transversal";"Com Vítimas Feridas";"Plena Noite";"Crescente";"Céu Claro";"Simples";"Viaduto";"Sim";3;0;3;0;0;0;3;2;-22,63784806;-43,28428824;"SPRF-RJ";"DEL01-RJ";"UOP01-DEL01-RJ"
449698;2022-05-13;"sexta-feira";"22:05:00";"SC";282;2;"FLORIANOPOLIS";"Condutor deixou de manter distância do veículo da frente";"Colisão lateral mesmo sentido";"Com Vítimas Feridas";"Plena Noite";"Crescente";"Céu Claro";"Dupla";"Reta";"Sim";2;0;1;0;1;0;1;2;-27,6032464;-48,58860254;"SPRF-SC";"DEL01-SC";"UOP01-DEL01-SC"
449700;2022-05-13;"sexta-feira";"20:17:00";"SC";280;80;"CORUPA";"Entrada inopinada do pedestre";"Atropelamento de Pedestre";"Com Vítimas Feridas";"Plena Noite";"Crescente";"Ignorado";"Simples";"Reta";"Não";4;0;0;1;3;0;1;2;-26,44412189;-49,20975187;"SPRF-SC";"DEL06-SC";"UOP03-DEL06-SC"
449701;2022-05-13;"sexta-feira";"23:00:00";"AL";104;92,9;"RIO LARGO";"Velocidade Incompatível";"Saída de leito carroçável";"Com Vítimas Feridas";"Plena Noite";"Decrescente";"Nublado";"Dupla";"Reta";"Sim";1;0;1;0;0;0;1;1;-9,51818474;-35,80329441;"SPRF-AL";"DEL01-AL";"UOP01-DEL01-AL"
449702;2022-05-13;"sexta-feira";"23:20:00";"GO";60;90,6;"ANAPOLIS";"Ingestão de álcool pelo condutor";"Saída de leito carroçável";"Sem Vítimas";"Plena Noite";"Crescente";"Céu Claro";"Dupla";"Reta";"Sim";1;0;0;0;0;1;0;1;-16,3427;-48,9019;"SPRF-GO";"DEL02-GO";"UOP01-DEL02-GO"
449704;2022-05-13;"sexta-feira";"23:30:00";"MG";381;938,2;"EXTREMA";"Reação tardia ou ineficiente do condutor";"Saída de leito carroçável";"Com Vítimas Fatais";"Plena Noite";"Decrescente";"Céu Claro";"Dupla";"Retorno Regulamentado";"Não";3;1;1;0;1;0;1;1;-22,815979;-46,2923048;"SPRF-MG";"DEL16-MG";"UOP03-DEL16-MG"
449705;2022-05-14;"sábado";"00:15:00";"SP";116;229;"SAO PAULO";"Reação tardia ou ineficiente do condutor";"Colisão com objeto";"Com Vítimas Feridas";"Plena Noite";"Decrescente";"Nublado";"Múltipla";"Reta";"Sim";1;0;1;0;0;0;1;1;-23,51291902;-46,57604698;"SPRF-SP";"DEL01-SP";"UOP01-DEL01-SP"
449707;2022-05-13;"sexta-feira";"19:50:00";"RS";472;429;"SAO BORJA";"Animais na Pista";"Atropelamento de Animal";"Com Vítimas Feridas";"Plena Noite";"Crescente";"Céu Claro";"Simples";"Reta";"Não";2;0;1;0;1;0;1;1;-28,85812301;-56,08280293;"SPRF-RS";"DEL12-RS";"UOP01-DEL12-RS"
449710;2022-05-14;"sábado";"01:00:00";"GO";364;199;"JATAI";"Ingestão de álcool pelo condutor";"Colisão com objeto";"Com Vítimas Feridas";"Plena Noite";"Crescente";"Céu Claro";"Dupla";"Ponte;Reta";"Não";1;0;1;0;0;0;1;1;-17,920801;-51,748596;"SPRF-GO";"DEL05-GO";"UOP01-DEL05-GO"
449711;2022-05-14;"sábado";"01:00:00";"PI";316;2,5;"TERESINA";"Ausência de reação do condutor";"Colisão com objeto";"Com Vítimas Feridas";"Plena Noite";"Decrescente";"Nublado";"Dupla";"Reta";"Sim";1;0;1;0;0;0;1;1;-5,1316962;-42,79148748;"SPRF-PI";"DEL01-PI";"UOP02-DEL01-PI"
449712;2022-05-14;"sábado";"00:30:00";"BA";324;621;"SALVADOR";"Obras na pista";"Colisão com objeto";"Com Vítimas Feridas";"Plena Noite";"Decrescente";"Nublado";"Dupla";"Reta";"Sim";1;0;0;1;0;0;1;1;-12,91233708;-38,45956983;"SPRF-BA";"DEL01-BA";"UOP01-DEL01-BA"
449714;2022-05-14;"sábado";"01:20:00";"MG";365;620;"UBERLANDIA";"Ingestão de álcool pelo condutor";"Tombamento";"Com Vítimas Feridas";"Plena Noite";"Decrescente";"Céu Claro";"Dupla";"Reta";"Sim";1;0;0;1;0;0;1;1;-18,88890877;-48,26920509;"SPRF-MG";"DEL15-MG";"UOP01-DEL15-MG"
449715;2022-05-14;"sábado";"02:20:00";"MG";40;737,4;"SANTOS DUMONT";"Transitar na contramão";"Colisão lateral sentido oposto";"Sem Vítimas";"Plena Noite";"Crescente";"Ignorado";"Simples";"Curva";"Sim";2;0;0;0;1;1;0;2;-21,38296999;-43,57033542;"SPRF-MG";"DEL05-MG";"UOP01-DEL05-MG"
449718;2022-05-14;"sábado";"02:50:00";"PA";10;277;"MAE DO RIO";"Ausência de reação do condutor";"Colisão lateral sentido oposto";"Com Vítimas Feridas";"Plena Noite";"Decrescente";"Céu Claro";"Simples";"Reta";"Sim";2;0;0;1;1;0;1;2;-2,01081994;-47,53573214;"SPRF-PA";"DEL02-PA";"UOP01-DEL02-PA"
449719;2022-05-14;"sábado";"03:26:00";"ES";101;145;"LINHARES";"Ausência de reação do condutor";"Saída de leito carroçável";"Com Vítimas Feridas";"Plena Noite";"Decrescente";"Céu Claro";"Múltipla";"Reta";"Sim";1;0;0;1;0;0;1;1;-19,36089598;-40,06464018;"SPRF-ES";"DEL04-ES";"UOP01-DEL04-ES"
449720;2022-05-13;"sexta-feira";"13:50:00";"SC";101;197,4;"BIGUACU";"Manobra de mudança de faixa";"Colisão lateral mesmo sentido";"Com Vítimas Feridas";"Pleno dia";"Decrescente";"Sol";"Múltipla";"Curva";"Sim";2;0;1;0;0;1;1;2;-27,51992492;-48,63759225;"SPRF-SC";"DEL01-SC";"UOP01-DEL01-SC"
449721;2022-05-14;"sábado";"02:00:00";"SC";280;232,5;"CANOINHAS";"Velocidade Incompatível";"Saída de leito carroçável";"Com Vítimas Fatais";"Plena Noite";"Decrescente";"Céu Claro";"Simples";"Declive;Reta";"Não";1;1;0;0;0;0;0;1;-26,190588;-50,38712;"SPRF-SC";"DEL06-SC";"UOP04-DEL06-SC"
449723;2022-05-14;"sábado";"03:10:00";"SP";116;271,9;"TABOAO DA SERRA";"Velocidade Incompatível";"Colisão traseira";"Com Vítimas Feridas";"Plena Noite";"Decrescente";"Céu Claro";"Múltipla";"Reta";"Sim";5;0;2;0;1;2;2;3;-23,61809286;-46,80556302;"SPRF-SP";"DEL04-SP";"UOP01-DEL04-SP"
449724;2022-05-14;"sábado";"04:40:00";"SC";101;242;"PALHOCA";"Ingestão de álcool e/ou substâncias psicoativas pelo pedestre";"Saída de leito carroçável";"Com Vítimas Feridas";"Plena Noite";"Crescente";"Céu Claro";"Dupla";"Reta";"Não";1;0;1;0;0;0;1;1;-27,87545797;-48,64678433;"SPRF-SC";"DEL01-SC";"UOP02-DEL01-SC"
449729;2022-05-14;"sábado";"04:30:00";"BA";407;123;"SENHOR DO BONFIM";"Condutor deixou de manter distância do veículo da frente";"Colisão traseira";"Com Vítimas Feridas";"Amanhecer";"Decrescente";"Céu Claro";"Simples";"Reta";"Não";1;0;0;1;0;0;1;1;-10,42999697;-40,18666127;"SPRF-BA";"DEL04-BA";"UOP01-DEL04-BA"
449732;2022-05-14;"sábado";"05:30:00";"MG";146;401;"GUAXUPE";"Velocidade Incompatível";"Colisão traseira";"Com Vítimas Feridas";"Amanhecer";"Crescente";"Céu Claro";"Simples";"Reta;Aclive";"Não";4;0;1;2;1;0;3;2;-21,29925075;-46,67292595;"SPRF-MG";"DEL09-MG";"UOP01-DEL09-MG"
449733;2022-05-14;"sábado";"04:45:00";"RN";406;101,5;"JOAO CAMARA";"Condutor Dormindo";"Queda de ocupante de veículo";"Com Vítimas Fatais";"Plena Noite";"Decrescente";"Nublado";"Simples";"Curva";"Não";1;1;0;0;0;0;0;1;-5,50661431;-35,87595508;"SPRF-RN";"DEL02-RN";"UOP01-DEL02-RN"
449734;2022-05-14;"sábado";"05:20:00";"SC";280;68;"JARAGUA DO SUL";"Condutor Dormindo";"Colisão frontal";"Com Vítimas Feridas";"Plena Noite";"Decrescente";"Céu Claro";"Simples";"Reta";"Não";2;0;2;0;0;0;2;2;-26,47277719;-49,11098612;"SPRF-SC";"DEL03-SC";"UOP03-DEL03-SC"
449736;2022-05-14;"sábado";"04:40:00";"AP";210;64;"PORTO GRANDE";"Condutor Dormindo";"Colisão lateral sentido oposto";"Com Vítimas Feridas";"Amanhecer";"Decrescente";"Chuva";"Simples";"Reta";"Não";7;0;0;1;6;0;1;2;0,51540506;-51,13108792;"SPRF-AP";"DEL01-AP";"UOP01-DEL01-AP"
449737;2022-05-14;"sábado";"05:55:00";"CE";20;201,6;"BOA VIAGEM";"Condutor deixou de manter distância do veículo da frente";"Colisão traseira";"Com Vítimas Feridas";"Amanhecer";"Decrescente";"Céu Claro";"Simples";"Reta";"Sim";3;0;1;2;0;0;3;2;-5,15044391;-39,74647522;"SPRF-CE";"DEL02-CE";"UOP02-DEL02-CE"
449740;2022-05-14;"sábado";"05:40:00";"BA";101;715;"EUNAPOLIS";"Ingestão de álcool pelo condutor";"Saída de leito carroçável";"Sem Vítimas";"Amanhecer";"Decrescente";"Sol";"Simples";"Reta";"Sim";1;0;0;0;1;0;0;1;-16,349848;-39,580063;"SPRF-BA";"DEL09-BA";"UOP01-DEL09-BA"
449741;2022-05-14;"sábado";"04:00:00";"MG";381;854;"POUSO ALEGRE";"Ausência de reação do condutor";"Saída de leito carroçável";"Sem Vítimas";"Plena Noite";"Crescente";"Céu Claro";"Simples";"Viaduto";"Não";1;0;0;0;0;1;0;1;-22,27725649;-45,893509;"SPRF-MG";"DEL16-MG";"UOP01-DEL16-MG"
449742;2022-05-14;"sábado";"05:15:00";"PE";428;183,7;"PETROLINA";"Objeto estático sobre o leito carroçável";"Colisão com objeto";"Com Vítimas Feridas";"Plena Noite";"Decrescente";"Céu Claro";"Simples";"Reta";"Sim";1;0;0;1;0;0;1;1;-9,3374287;-40,46894041;"SPRF-PE";"DEL06-PE";"UOP01-DEL06-PE"