"id";"data_inversa";"dia_semana";"horario";"uf";"br";"km";"municipio";"causa_acidente";"tipo_acidente";"classificacao_acidente";"fase_dia";"sentido_via";"condicao_metereologica";"tipo_pista";"tracado_via";"uso_solo";"pessoas";"mortos";"feridos_leves";"feridos_graves";"ilesos";"ignorados";"feridos";"veiculos";"latitude";"longitude";"regional";"delegacia";"uop"
449847;2022-05-14;"sábado";"16:30:00";"PR";376;598;"CURITIBA";"Ausência de reação do condutor";"Saída de leito carroçável";"Com Vítimas Feridas";"Anoitecer";"Crescente";"Céu Claro";"Dupla";"Reta";"Sim";1;0;1;0;0;0;1;1;-25,5188802;-49,33506947;"SPRF-PR";"DEL01-PR";"UOP06-DEL01-PR"
449848;2022-05-14;"sábado";"17:45:00";"AL";101;135;"SAO MIGUEL DOS CAMPOS";"Animais na Pista";"Atropelamento de Animal";"Sem Vítimas";"Anoitecer";"Crescente";"Céu Claro";"Simples";"Reta";"Não";1;0;0;0;1;0;0;1;-9,78834902;-36,10509283;"SPRF-AL";"DEL02-AL";"UOP01-DEL02-AL"
449849;2022-05-14;"sábado";"17:30:00";"MG";50;62;"UBERLANDIA";"Acumulo de água sobre o pavimento";"Saída de leito carroçável";"Com Vítimas Feridas";"Anoitecer";"Crescente";"Nublado";"Dupla";"Rotatória";"Não";2;0;2;0;0;0;2;1;-18,829839;-48,249795;"SPRF-MG";"DEL15-MG";"UOP02-DEL15-MG"
449850;2022-05-14;"sábado";"18:15:00";"PR";116;17;"CURITIBA";"Manobra de mudança de faixa";"Colisão lateral mesmo sentido";"Com Vítimas Feridas";"Anoitecer";"Crescente";"Nublado";"Dupla";"Reta";"Sim";3;0;1;0;0;2;1;3;-25,38931832;-49,19986725;"SPRF-PR";"DEL01-PR";"UOP02-DEL01-PR"
449851;2022-05-14;"sábado";"16:10:00";"MS";463;30;"PONTA PORA";"Transitar na contramão";"Colisão lateral sentido oposto";"Com Vítimas Feridas";"Pleno dia";"Decrescente";"Chuva";"Simples";"Reta";"Não";4;0;2;0;2;0;2;2;-22,29492097;-55,06651201;"SPRF-MS";"DEL04-MS";"UOP03-DEL04-MS"
449852;2022-05-14;"sábado";"17:00:00";"PI";343;348,4;"TERESINA";"Ausência de reação do condutor";"Colisão transversal";"Com Vítimas Feridas";"Pleno dia";"Decrescente";"Céu Claro";"Dupla";"Interseção de Vias";"Sim";2;0;1;0;1;0;1;2;-5,118706;-42,786411;"SPRF-PI";"DEL01-PI";"UOP01-DEL01-PI"
449854;2022-05-14;"sábado";"18:00:00";"AL";423;54,4;"INHAPI";"Pista Escorregadia";"Queda de ocupante de veículo";"Com Vítimas Fatais";"Plena Noite";"Decrescente";"Garoa/Chuvisco";"Simples";"Reta";"Não";2;1;0;0;0;1;0;2;-9,27315854;-37,75673615;"SPRF-AL";"DEL03-AL";"UOP02-DEL03-AL"
449855;2022-05-14;"sábado";"18:30:00";"SP";116;206;"GUARULHOS";"Manobra de mudança de faixa";"Colisão com objeto";"Sem Vítimas";"Plena Noite";"Decrescente";"Céu Claro";"Múltipla";"Reta";"Sim";1;0;0;0;1;0;0;1;-23,41722629;-46,37510292;"SPRF-SP";"DEL01-SP";"UOP01-DEL01-SP"
449856;2022-05-14;"sábado";"16:30:00";"MA";316;450,5;"PERITORO";"Demais falhas mecânicas ou elétricas";"Incêndio";"Sem Vítimas";"Pleno dia";"Decrescente";"Céu Claro";"Simples";"Curva;Declive";"Não";1;0;0;0;1;0;0;1;-4,491364;-44,145054;"SPRF-MA";"DEL03-MA";"UOP01-DEL03-MA"
449857;2022-05-14;"sábado";"15:00:00";"GO";153;48;"PORANGATU";"Ausência de reação do condutor";"Saída de leito carroçável";"Sem Vítimas";"Pleno dia";"Crescente";"Céu Claro";"Simples";"Reta";"Não";1;0;0;0;1;0;0;1;-13,233616;-49,144352;"SPRF-GO";"DEL07-GO";"UOP01-DEL07-GO"
449858;2022-05-14;"sábado";"16:50:00";"MS";163;447;"CAMPO GRANDE";"Ultrapassagem Indevida";"Colisão lateral sentido oposto";"Com Vítimas Feridas";"Pleno dia";"Decrescente";"Garoa/Chuvisco";"Simples";"Reta";"Não";7;0;1;0;6;0;1;2;-20,75081487;-54,53371359;"SPRF-MS";"DEL01-MS";"UOP01-DEL01-MS"
449859;2022-05-14;"sábado";"17:52:00";"MS";158;258,2;"TRES LAGOAS";"Reação tardia ou ineficiente do condutor";"Tombamento";"Com Vítimas Feridas";"Anoitecer";"Crescente";"Céu Claro";"Simples";"Reta";"Não";1;0;1;0;0;0;1;1;-20,70595805;-51,75622408;"SPRF-MS";"DEL07-MS";"UOP01-DEL07-MS"
449860;2022-05-14;"sábado";"17:00:00";"MG";40;276,3;"TRES MARIAS";"Ingestão de álcool pelo condutor";"Colisão com objeto";"Com Vítimas Feridas";"Pleno dia";"Crescente";"Céu Claro";"Simples";"Declive";"Sim";3;0;2;1;0;0;3;1;-18,20602828;-45,23123233;"SPRF-MG";"DEL14-MG";"UOP02-DEL14-MG"
449861;2022-05-14;"sábado";"17:50:00";"PR";163;288;"MARECHAL CANDIDO RONDON";"Velocidade Incompatível";"Saída de leito carroçável";"Sem Vítimas";"Plena Noite";"Crescente";"Garoa/Chuvisco";"Simples";"Curva";"Não";1;0;0;0;0;1;0;1;-24,52348426;-54,05876398;"SPRF-PR";"DEL06-PR";"UOP02-DEL06-PR"
449863;2022-05-14;"sábado";"18:40:00";"SC";101;133;"BALNEARIO CAMBORIU";"Desrespeitar a preferência no cruzamento";"Colisão transversal";"Com Vítimas Feridas";"Plena Noite";"Crescente";"Nublado";"Dupla";"Interseção de Vias";"Sim";2;0;1;0;1;0;1;2;-26,99936;-48,64609;"SPRF-SC";"DEL04-SC";"UOP03-DEL04-SC"
449864;2022-05-14;"sábado";"18:10:00";"CE";304;53,8;"ARACATI";"Animais na Pista";"Queda de ocupante de veículo";"Com Vítimas Feridas";"Plena Noite";"Decrescente";"Céu Claro";"Simples";"Declive";"Sim";1;0;1;0;0;0;1;1;-4,57402355;-37,73636121;"SPRF-CE";"DEL03-CE";"UOP03-DEL03-CE"
449865;2022-05-14;"sábado";"15:30:00";"SC";470;158,5;"TROMBUDO CENTRAL";"Acessar a via sem observar a presença dos outros veículos";"Colisão transversal";"Com Vítimas Feridas";"Pleno dia";"Decrescente";"Céu Claro";"Simples";"Interseção de Vias";"Sim";3;0;2;0;1;0;2;2;-27,287016;-49,778389;"SPRF-SC";"DEL04-SC";"UOP02-DEL04-SC"
449866;2022-05-14;"sábado";"18:00:00";"RJ";116;179;"NOVA IGUACU";"Condutor Dormindo";"Capotamento";"Com Vítimas Feridas";"Plena Noite";"Decrescente";"Céu Claro";"Dupla";"Curva";"Sim";1;0;1;0;0;0;1;1;-22,769902;-43,408036;"SPRF-RJ";"DEL01-RJ";"UOP02-DEL01-RJ"
449867;2022-05-14;"sábado";"18:35:00";"RJ";465;20;"NOVA IGUACU";"Ausência de reação do condutor";"Colisão lateral mesmo sentido";"Com Vítimas Feridas";"Pleno dia";"Crescente";"Céu Claro";"Simples";"Reta";"Sim";3;0;1;0;2;0;1;3;-22,846828;-43,605339;"SPRF-RJ";"DEL03-RJ";"UOP01-DEL03-RJ"
449868;2022-05-14;"sábado";"19:15:00";"SP";116;230;"SAO PAULO";"Pedestre andava na pista";"Atropelamento de Pedestre";"Com Vítimas Feridas";"Plena Noite";"Decrescente";"Nublado";"Múltipla";"Reta";"Sim";2;0;1;0;0;1;1;2;-23,52251783;-46,5855702;"SPRF-SP";"DEL01-SP";"UOP01-DEL01-SP"
449871;2022-05-14;"sábado";"19:28:00";"ES";262;83;"DOMINGOS MARTINS";"Velocidade Incompatível";"Capotamento";"Sem Vítimas";"Plena Noite";"Crescente";"Chuva";"Dupla";"Curva;Declive";"Não";1;0;0;0;1;0;0;1;-20,40729391;-40,96691573;"SPRF-ES";"DEL01-ES";"UOP02-DEL01-ES"
449874;2022-05-14;"sábado";"18:40:00";"SC";101;97,3;"BALNEARIO PICARRAS";"Ingestão de álcool e/ou substâncias psicoativas pelo pedestre";"Colisão traseira";"Com Vítimas Feridas";"Plena Noite";"Crescente";"Céu Claro";"Dupla";"Reta";"Não";2;0;1;0;1;0;1;2;-26,72823703;-48,70224928;"SPRF-SC";"DEL03-SC";"UOP02-DEL03-SC"
449875;2022-05-14;"sábado";"18:30:00";"RJ";116;173;"NOVA IGUACU";"Problema na suspensão";"Tombamento";"Com Vítimas Feridas";"Plena Noite";"Crescente";"Nublado";"Múltipla";"Reta";"Sim";2;0;2;0;0;0;2;1;-22,77200871;-43,40560913;"SPRF-RJ";"DEL01-RJ";"UOP02-DEL01-RJ"
449876;2022-05-14;"sábado";"19:30:00";"PR";369;156,6;"LONDRINA";"Condutor deixou de manter distância do veículo da frente";"Colisão traseira";"Com Vítimas Feridas";"Plena Noite";"Crescente";"Garoa/Chuvisco";"Dupla";"Reta";"Sim";2;0;1;0;0;1;1;2;-23,29099877;-51,21873379;"SPRF-PR";"DEL07-PR";"UOP01-DEL07-PR"
449877;2022-05-14;"sábado";"18:35:00";"GO";153;189,1;"URUACU";"Acesso irregular";"Colisão transversal";"Com Vítimas Feridas";"Anoitecer";"Crescente";"Céu Claro";"Simples";"Reta";"Não";5;0;2;0;3;0;2;2;-14,427105;-49,156976;"SPRF-GO";"DEL07-GO";"UOP02-DEL07-GO"
449879;2022-05-14;"sábado";"19:00:00";"PB";230;90;"GURINHEM";"Reação tardia ou ineficiente do condutor";"Colisão com objeto";"Com Vítimas Fatais";"Plena Noite";"Decrescente";"Nublado";"Dupla";"Reta";"Sim";1;1;0;0;0;0;0;1;-7,173;-35,3934;"SPRF-PB";"DEL01-PB";"UOP03-DEL01-PB"
449880;2022-05-14;"sábado";"19:45:00";"PR";476;150;"ARAUCARIA";"Velocidade Incompatível";"Colisão com objeto";"Com Vítimas Feridas";"Plena Noite";"Decrescente";"Nublado";"Dupla";"Reta";"Sim";1;0;1;0;0;0;1;1;-25,558477;-49,368313;"SPRF-PR";"DEL01-PR";"UOP03-DEL01-PR"
449881;2022-05-14;"sábado";"19:40:00";"RJ";393;182;"PARAIBA DO SUL";"Velocidade Incompatível";"Colisão com objeto";"Com Vítimas Feridas";"Plena Noite";"Decrescente";"Céu Claro";"Simples";"Rotatória";"Sim";2;0;1;0;1;0;1;2;-22,14087772;-43,25915397;"SPRF-RJ";"DEL05-RJ";"UOP03-DEL05-RJ"
449882;2022-05-14;"sábado";"19:00:00";"BA";324;522,8;"FEIRA DE SANTANA";"Reação tardia ou ineficiente do condutor";"Colisão com objeto";"Sem Vítimas";"Plena Noite";"Decrescente";"Nublado";"Dupla";"Reta";"Não";1;0;0;0;0;1;0;1;-12,28462524;-38,91926018;"SPRF-BA";"DEL01-BA";"UOP03-DEL01-BA"
449883;2022-05-14;"sábado";"19:20:00";"RS";285;95,3;"MONTE ALEGRE DOS CAMPOS";"Problema na suspensão";"Saída de leito carroçável";"Com Vítimas Feridas";"Plena Noite";"Crescente";"Nublado";"Simples";"Reta";"Não";4;0;0;4;0;0;4;1;-28,59857;-50,732716;"SPRF-RS";"DEL05-RS";"UOP03-DEL05-RS"
449884;2022-05-14;"sábado";"15:20:00";"RS";392;20;"RIO GRANDE";"Reação tardia ou ineficiente do condutor";"Saída de leito carroçável";"Sem Vítimas";"Pleno dia";"Crescente";"Céu Claro";"Dupla";"Reta";"Não";1;0;0;0;0;1;0;1;-32,08573295;-52,19690099;"SPRF-RS";"DEL07-RS";"UOP02-DEL07-RS"
449885;2022-05-14;"sábado";"20:40:00";"RS";116;262;"CANOAS";"Acumulo de água sobre o pavimento";"Saída de leito carroçável";"Sem Vítimas";"Plena Noite";"Crescente";"Chuva";"Dupla";"Reta";"Sim";1;0;0;0;1;0;0;1;-29,896475;-51,17593;"SPRF-RS";"DEL01-RS";"UOP01-DEL01-RS"
449886;2022-05-14;"sábado";"20:50:00";"SP";116;212;"GUARULHOS";"Ausência de reação do condutor";"Colisão traseira";"Sem Vítimas";"Plena Noite";"Decrescente";"Nublado";"Múltipla";"Reta";"Sim";3;0;0;0;2;1;0;3;-23,43608315;-46,42805094;"SPRF-SP";"DEL01-SP";"UOP01-DEL01-SP"
449889;2022-05-14;"sábado";"19:50:00";"PR";476;139,6;"CURITIBA";"Acessar a via sem observar a presença dos outros veículos";"Colisão transversal";"Sem Vítimas";"Plena Noite";"Decrescente";"Nublado";"Simples";"Interseção de Vias;Reta";"Sim";2;0;0;0;2;0;0;2;-25,517579;-49,292141;"SPRF-PR";"DEL01-PR";"UOP03-DEL01-PR"
449890;2022-05-14;"sábado";"18:50:00";"ES";101;285;"CARIACICA";"Reação tardia ou ineficiente do condutor";"Queda de ocupante de veículo";"Com Vítimas Feridas";"Plena Noite";"Decrescente";"Céu Claro";"Dupla";"Aclive";"Não";2;0;1;0;1;0;1;1;-20,25148171;-40,37270066;"SPRF-ES";"DEL01-ES";"UOP01-DEL01-ES"
449891;2022-05-14;"sábado";"19:23:00";"MS";163;171;"JUTI";"Ausência de reação do condutor";"Saída de leito carroçável";"Sem Vítimas";"Plena Noite";"Crescente";"Chuva";"Simples";"Reta";"Não";2;0;0;0;2;0;0;1;-22,87126231;-54,60236046;"SPRF-MS";"DEL09-MS";"UOP01-DEL09-MS"
449892;2022-05-14;"sábado";"18:55:00";"SC";282;524;"XAXIM";"Velocidade Incompatível";"Capotamento";"Sem Vítimas";"Plena Noite";"Crescente";"Chuva";"Simples";"Curva";"Não";1;0;0;0;1;0;0;1;-26,965002;-52,557384;"SPRF-SC";"DEL07-SC";"UOP01-DEL07-SC"
449893;2022-05-14;"sábado";"19:18:00";"MS";262;377;"TERENOS";"Ausência de reação do condutor";"Colisão frontal";"Com Vítimas Feridas";"Plena Noite";"Crescente";"Chuva";"Simples";"Curva";"Não";2;0;2;0;0;0;2;2;-20,47912064;-54,83519591;"SPRF-MS";"DEL01-MS";"UOP03-DEL01-MS"
449894;2022-05-14;"sábado";"19:30:00";"RR";174;504;"BOA VISTA";"Ausência de reação do condutor";"Colisão traseira";"Sem Vítimas";"Plena Noite";"Decrescente";"Céu Claro";"Dupla";"Reta";"Sim";2;0;0;0;2;0;0;2;2,801374;-60,694801;"SPRF-RR";"DEL01-RR";"UOP01-DEL01-RR"
449896;2022-05-14;"sábado";"20:30:00";"CE";116;4,8;"FORTALEZA";"Condutor deixou de manter distância do veículo da frente";"Colisão traseira";"Sem Vítimas";"Plena Noite";"Crescente";"Céu Claro";"Dupla";"Reta";"Sim";2;0;0;0;2;0;0;2;-3,7867209;-38,5114568;"SPRF-CE";"DEL01-CE";"UOP02-DEL01-CE"
449897;2022-05-14;"sábado";"21:30:00";"ES";259;79,6;"BAIXO GUANDU";"Ausência de reação do condutor";"Queda de ocupante de veículo";"Com Vítimas Feridas";"Plena Noite";"Crescente";"Céu Claro";"Simples";"Curva";"Não";1;0;1;0;0;0;1;1;-19,51454372;-40,84212287;"SPRF-ES";"DEL02-ES";"UOP01-DEL02-ES"
449900;2022-05-14;"sábado";"16:45:00";"RJ";101;297;"ITABORAI";"Conversão proibida";"Colisão transversal";"Com Vítimas Feridas";"Pleno dia";"Crescente";"Céu Claro";"Múltipla";"Curva";"Sim";3;0;1;0;2;0;1;2;-22,76942037;-42,91873581;"SPRF-RJ";"DEL02-RJ";"UOP02-DEL02-RJ"
449901;2022-05-14;"sábado";"22:00:00";"GO";153;443,8;"ANAPOLIS";"Ingestão de álcool pelo condutor";"Tombamento";"Com Vítimas Feridas";"Plena Noite";"Decrescente";"Céu Claro";"Dupla";"Rotatória";"Sim";1;0;0;1;0;0;1;1;-16,35444297;-48,92867982;"SPRF-GO";"DEL02-GO";"UOP01-DEL02-GO"
449902;2022-05-14;"sábado";"21:45:00";"SP";116;214;"GUARULHOS";"Trafegar com motocicleta (ou similar) entre as faixas";"Colisão lateral mesmo sentido";"Com Vítimas Feridas";"Plena Noite";"Decrescente";"Céu Claro";"Múltipla";"Reta";"Sim";3;0;1;0;2;0;1;3;-23,44333014;-46,44531294;"SPRF-SP";"DEL01-SP";"UOP01-DEL01-SP"
449906;2022-05-14;"sábado";"21:50:00";"SC";280;53;"GUARAMIRIM";"Acesso irregular";"Colisão lateral sentido oposto";"Com Vítimas Feridas";"Plena Noite";"Decrescente";"Céu Claro";"Dupla";"Interseção de Vias";"Sim";2;0;1;0;1;0;1;2;-26,47236756;-48,97426617;"SPRF-SC";"DEL03-SC";"UOP03-DEL03-SC"
449908;2022-05-14;"sábado";"21:00:00";"RS";386;441;"CANOAS";"Ausência de reação do condutor";"Saída de leito carroçável";"Sem Vítimas";"Plena Noite";"Crescente";"Chuva";"Simples";"Reta";"Não";1;0;0;0;1;0;0;1;-29,88618359;-51,22290588;"SPRF-RS";"DEL01-RS";"UOP01-DEL01-RS"
449909;2022-05-14;"sábado";"21:50:00";"PB";230;502,9;"CAJAZEIRAS";"Animais na Pista";"Atropelamento de Animal";"Com Vítimas Fatais";"Plena Noite";"Crescente";"Chuva";"Simples";"Reta";"Sim";2;1;0;0;1;0;0;2;-6,8962;-38,534;"SPRF-PB";"DEL03-PB";"UOP03-DEL03-PB"
449912;2022-05-14;"sábado";"19:00:00";"RJ";493;104;"SEROPEDICA";"Deficiência do Sistema de Iluminação/Sinalização";"Saída de leito carroçável";"Com Vítimas Feridas";"Plena Noite";"Decrescente";"Ignorado";"Dupla";"Reta";"Não";3;0;2;0;1;0;2;1;-22,72932379;-43,71391296;"SPRF-RJ";"DEL03-RJ";"UOP01-DEL03-RJ"
449913;2022-05-14;"sábado";"23:10:00";"RJ";116;274;"BARRA MANSA";"Animais na Pista";"Atropelamento de Animal";"Com Vítimas Feridas";"Plena Noite";"Decrescente";"Céu Claro";"Dupla";"Declive;Reta";"Não";1;0;1;0;0;0;1;1;-22,56163574;-44,14771584;"SPRF-RJ";"DEL07-RJ";"UOP02-DEL07-RJ"
449914;2022-05-14;"sábado";"22:40:00";"BA";324;530;"FEIRA DE SANTANA";"Ausência de reação do condutor";"Saída de leito carroçável";"Com Vítimas Feridas";"Plena Noite";"Decrescente";"Nublado";"Dupla";"Reta";"Não";1;0;1;0;0;0;1;1;-12,32818491;-38,86174193;"SPRF-BA";"DEL01-BA";"UOP03-DEL01-BA"
449915;2022-05-14;"sábado";"23:00:00";"PR";116;131;"FAZENDA RIO GRANDE";"Ingestão de álcool e/ou substâncias psicoativas pelo pedestre";"Colisão traseira";"Com Vítimas Feridas";"Plena Noite";"Crescente";"Nublado";"Dupla";"Reta";"Sim";5;0;2;0;3;0;2;2;-25,680827;-49,316138;"SPRF-PR";"DEL01-PR";"UOP03-DEL01-PR"
449916;2022-05-14;"sábado";"20:15:00";"RS";158;567,1;"SANTANA DO LIVRAMENTO";"Desrespeitar a preferência no cruzamento";"Colisão transversal";"Com Vítimas Feridas";"Plena Noite";"Decrescente";"Céu Claro";"Simples";"Interseção de Vias";"Sim";2;0;1;0;1;0;1;2;-30,88467695;-55,50805985;"SPRF-RS";"DEL11-RS";"UOP01-DEL11-RS"
449919;2022-05-14;"sábado";"23:00:00";"MS";163;476,9;"CAMPO GRANDE";"Chuva";"Colisão frontal";"Com Vítimas Feridas";"Plena Noite";"Crescente";"Chuva";"Simples";"Curva";"Sim";7;0;0;6;0;1;6;3;-20,51162825;-54,56030973;"SPRF-MS";"DEL01-MS";"UOP01-DEL01-MS"
449920;2022-05-15;"domingo";"00:01:00";"BA";135;184;"BARREIRAS";"Ingestão de substâncias psicoativas pelo condutor";"Colisão transversal";"Com Vítimas Feridas";"Plena Noite";"Decrescente";"Céu Claro";"Simples";"Declive";"Não";4;0;1;0;2;1;1;2;-12,18398101;-45,01144994;"SPRF-BA";"DEL10-BA";"UOP01-DEL10-BA"
449922;2022-05-14;"sábado";"23:30:00";"SP";116;222;"GUARULHOS";"Reação tardia ou ineficiente do condutor";"Colisão com objeto";"Com Vítimas Feridas";"Plena Noite";"Crescente";"Nublado";"Múltipla";"Reta";"Sim";1;0;1;0;0;0;1;1;-23,47093408;-46,51631097;"SPRF-SP";"DEL01-SP";"UOP01-DEL01-SP"
449923;2022-05-14;"sábado";"21:10:00";"SC";470;24;"ILHOTA";"Transitar na contramão";"Colisão frontal";"Com Vítimas Fatais";"Plena Noite";"Decrescente";"Nublado";"Dupla";"Reta";"Não";2;1;1;0;0;0;1;2;-26,881754;-48,856251;"SPRF-SC";"DEL04-SC";"UOP04-DEL04-SC"
449924;2022-05-14;"sábado";"22:38:00";"SP";116;113;"TAUBATE";"Ausência de reação do condutor";"Saída de leito carroçável";"Com Vítimas Feridas";"Plena Noite";"Crescente";"Céu Claro";"Dupla";"Reta";"Sim";1;0;1;0;0;0;1;1;-23,0440828;-45,58041405;"SPRF-SP";"DEL02-SP";"UOP02-DEL02-SP"
449925;2022-05-14;"sábado";"21:15:00";"MG";116;501,3;"INHAPIM";"Pedestre andava na pista";"Atropelamento de Pedestre";"Com Vítimas Feridas";"Plena Noite";"Crescente";"Nublado";"Simples";"Reta";"Não";2;0;1;0;1;0;1;2;-19,56205469;-42,12329865;"SPRF-MG";"DEL06-MG";"UOP02-DEL06-MG"
449926;2022-05-15;"domingo";"00:10:00";"PR";116;15;"COLOMBO";"Ingestão de álcool pelo condutor";"Colisão traseira";"Sem Vítimas";"Plena Noite";"Decrescente";"Nublado";"Dupla";"Reta";"Sim";2;0;0;0;1;1;0;2;-25,3840736;-49,16925251;"SPRF-PR";"DEL01-PR";"UOP02-DEL01-PR"
449927;2022-05-14;"sábado";"21:30:00";"SP";381;89;"GUARULHOS";"Acessar a via sem observar a presença dos outros veículos";"Colisão transversal";"Com Vítimas Feridas";"Plena Noite";"Crescente";"Céu Claro";"Dupla";"Reta";"Sim";4;0;2;0;2;0;2;2;-23,49591391;-46,55964201;"SPRF-SP";"DEL03-SP";"UOP01-DEL03-SP"
449928;2022-05-14;"sábado";"22:10:00";"TO";242;454;"FORMOSO DO ARAGUAIA";"Ausência de reação do condutor";"Atropelamento de Animal";"Com Vítimas Feridas";"Plena Noite";"Decrescente";"Céu Claro";"Simples";"Reta";"Sim";2;0;1;0;1;0;1;2;-11,80764189;-49,53707544;"SPRF-TO";"DEL01-TO";"UOP02-DEL01-TO"
449929;2022-05-14;"sábado";"23:05:00";"SC";116;180;"SAO CRISTOVAO DO SUL";"Condutor deixou de manter distância do veículo da frente";"Colisão lateral mesmo sentido";"Com Vítimas Feridas";"Plena Noite";"Crescente";"Nublado";"Simples";"Reta";"Sim";2;0;1;0;1;0;1;2;-27,26766688;-50,44152617;"SPRF-SC";"DEL05-SC";"UOP03-DEL05-SC"
449933;2022-05-15;"domingo";"00:45:00";"SC";470;140;"RIO DO SUL";"Ingestão de álcool e/ou substâncias psicoativas pelo pedestre";"Tombamento";"Com Vítimas Feridas";"Plena Noite";"Crescente";"Céu Claro";"Simples";"Reta";"Sim";1;0;1;0;0;0;1;1;-27,222485;-49,662827;"SPRF-SC";"DEL04-SC";"UOP02-DEL04-SC"
449934;2022-05-14;"sábado";"23:07:00";"RO";364;725;"PORTO VELHO";"Ingestão de álcool pelo condutor";"Colisão frontal";"Com Vítimas Feridas";"Plena Noite";"Crescente";"Céu Claro";"Simples";"Curva;Declive";"Não";6;0;2;0;4;0;2;2;-8,855544;-63,944181;"SPRF-RO";"DEL01-RO";"UOP01-DEL01-RO"
449936;2022-05-15;"domingo";"00:45:00";"PR";116;100;"SAO JOSE DOS PINHAIS";"Reação tardia ou ineficiente do condutor";"Colisão traseira";"Sem Vítimas";"Plena Noite";"Decrescente";"Nublado";"Dupla";"Reta";"Não";5;0;0;0;5;0;0;2;-25,53379421;-49,14663578;"SPRF-PR";"DEL01-PR";"UOP01-DEL01-PR"
449937;2022-05-14;"sábado";"22:15:00";"MA";135;0,9;"SAO LUIS";"Transitar na contramão";"Colisão lateral sentido oposto";"Com Vítimas Feridas";"Plena Noite";"Decrescente";"Céu Claro";"Dupla";"Reta";"Sim";2;0;1;0;1;0;1;2;-2,5804565;-44,241947;"SPRF-MA";"DEL01-MA";"UOP01-DEL01-MA"
449938;2022-05-15;"domingo";"01:45:00";"PR";116;17,3;"COLOMBO";"Manobra de mudança de faixa";"Colisão lateral mesmo sentido";"Com Vítimas Feridas";"Plena Noite";"Crescente";"Nublado";"Dupla";"Reta";"Sim";2;0;1;0;1;0;1;2;-25,38900815;-49,18373108;"SPRF-PR";"DEL01-PR";"UOP02-DEL01-PR"
449939;2022-05-15;"domingo";"01:40:00";"ES";101;145;"LINHARES";"Condutor desrespeitou a iluminação vermelha do semáforo";"Colisão transversal";"Com Vítimas Feridas";"Plena Noite";"Decrescente";"Nublado";"Dupla";"Interseção de Vias";"Sim";4;0;3;0;1;0;3;2;-19,36089598;-40,06464018;"SPRF-ES";"DEL04-ES";"UOP01-DEL04-ES"
449941;2022-05-15;"domingo";"01:50:00";"PR";277;669,9;"MEDIANEIRA";"Velocidade Incompatível";"Colisão com objeto";"Sem Vítimas";"Plena Noite";"Decrescente";"Nublado";"Dupla";"Reta";"Sim";1;0;0;0;0;1;0;1;-25,27562214;-54,0709859;"SPRF-PR";"DEL05-PR";"UOP02-DEL05-PR"
449944;2022-04-01;"sexta-feira";"07:15:00";"SP";116;212;"GUARULHOS";"Trafegar com motocicleta (ou similar) entre as faixas";"Colisão traseira";"Com Vítimas Feridas";"Pleno dia";"Crescente";"Céu Claro";"Múltipla";"Aclive";"Sim";2;0;1;0;1;0;1;2;-23,43625705;-46,42905339;"SPRF-SP";"DEL01-SP";"UOP01-DEL01-SP"
449945;2022-05-15;"domingo";"02:15:00";"SC";101;218;"PALHOCA";"Ingestão de álcool pelo condutor";"Colisão com objeto";"Com Vítimas Feridas";"Plena Noite";"Crescente";"Céu Claro";"Múltipla";"Reta";"Sim";2;0;0;1;1;0;1;2;-27,6758601;-48,67052525;"SPRF-SC";"DEL01-SC";"UOP02-DEL01-SC"
449946;2022-05-15;"domingo";"03:10:00";"SP";116;509;"CAJATI";"Chuva";"Capotamento";"Com Vítimas Feridas";"Plena Noite";"Crescente";"Chuva";"Dupla";"Curva";"Não";2;0;2;0;0;0;2;1;-24,82178987;-48,21419034;"SPRF-SP";"DEL05-SP";"UOP02-DEL05-SP"
449947;2022-05-15;"domingo";"02:00:00";"PR";277;725;"FOZ DO IGUACU";"Conversão proibida";"Colisão lateral sentido oposto";"Sem Vítimas";"Plena Noite";"Decrescente";"Céu Claro";"Dupla";"Interseção de Vias";"Sim";2;0;0;0;1;1;0;2;-25,50823541;-54,54619865;"SPRF-PR";"DEL05-PR";"UOP03-DEL05-PR"
449948;2022-05-15;"domingo";"03:00:00";"SC";101;80;"BARRA VELHA";"Ausência de reação do condutor";"Saída de leito carroçável";"Sem Vítimas";"Plena Noite";"Crescente";"Céu Claro";"Simples";"Reta";"Não";1;0;0;0;1;0;0;1;-26,59441996;-48,72183309;"SPRF-SC";"DEL03-SC";"UOP02-DEL03-SC"
449949;2022-05-15;"domingo";"03:30:00";"PR";369;133,5;"IBIPORA";"Velocidade Incompatível";"Saída de leito carroçável";"Com Vítimas Feridas";"Plena Noite";"Decrescente";"Garoa/Chuvisco";"Simples";"Curva;Declive";"Não";1;0;0;1;0;0;1;1;-23,26188316;-51,02122664;"SPRF-PR";"DEL07-PR";"UOP01-DEL07-PR"
449951;2022-05-15;"domingo";"02:15:00";"PR";476;132;"CURITIBA";"Reação tardia ou ineficiente do condutor";"Colisão lateral mesmo sentido";"Com Vítimas Feridas";"Plena Noite";"Decrescente";"Nublado";"Múltipla";"Reta;Interseção de Vias";"Sim";3;0;0;1;1;1;1;3;-25,46798682;-49,25300717;"SPRF-PR";"DEL01-PR";"UOP03-DEL01-PR"