"id";"data_inversa";"dia_semana";"horario";"uf";"br";"km";"municipio";"causa_acidente";"tipo_acidente";"classificacao_acidente";"fase_dia";"sentido_via";"condicao_metereologica";"tipo_pista";"tracado_via";"uso_solo";"pessoas";"mortos";"feridos_leves";"feridos_graves";"ilesos";"ignorados";"feridos";"veiculos";"latitude";"longitude";"regional";"delegacia";"uop"
449952;2022-05-15;"domingo";"03:10:00";"RJ";101;58;"CAMPOS DOS GOYTACAZES";"Ausência de reação do condutor";"Saída de leito carroçável";"Com Vítimas Fatais";"Plena Noite";"Decrescente";"Céu Claro";"Simples";"Curva";"Sim";2;1;0;1;0;0;1;1;-21,70488703;-41,30979616;"SPRF-RJ";"DEL08-RJ";"UOP01-DEL08-RJ"
449953;2022-05-15;"domingo";"05:30:00";"RJ";116;57;"TERESOPOLIS";"Ingestão de álcool pelo condutor";"Saída de leito carroçável";"Com Vítimas Feridas";"Amanhecer";"Decrescente";"Nevoeiro/Neblina";"Simples";"Ponte";"Não";1;0;1;0;0;0;1;1;-22,21208668;-42,90068849;"SPRF-RJ";"DEL04-RJ";"UOP01-DEL04-RJ"
449954;2022-05-15;"domingo";"05:00:00";"RS";290;88;"PORTO ALEGRE";"Ausência de reação do condutor";"Saída de leito carroçável";"Sem Vítimas";"Amanhecer";"Decrescente";"Chuva";"Dupla";"Reta";"Sim";1;0;0;0;1;0;0;1;-29,967531;-51,137264;"SPRF-RS";"DEL01-RS";"UOP01-DEL01-RS"
449955;2022-05-15;"domingo";"05:30:00";"RS";287;330;"SAO VICENTE DO SUL";"Reação tardia ou ineficiente do condutor";"Colisão traseira";"Com Vítimas Feridas";"Amanhecer";"Decrescente";"Nublado";"Simples";"Interseção de Vias";"Não";5;0;1;0;4;0;1;2;-29,68495829;-54,66071606;"SPRF-RS";"DEL12-RS";"UOP02-DEL12-RS"
449956;2022-05-15;"domingo";"05:30:00";"RJ";101;320;"NITEROI";"Ingestão de álcool pelo condutor";"Colisão lateral mesmo sentido";"Com Vítimas Feridas";"Plena Noite";"Decrescente";"Céu Claro";"Dupla";"Curva";"Sim";1;0;0;1;0;0;1;1;-22,86171098;-43,10714015;"SPRF-RJ";"DEL02-RJ";"UOP01-DEL02-RJ"
449957;2022-05-15;"domingo";"05:00:00";"MS";163;13,6;"MUNDO NOVO";"Ingestão de álcool pelo condutor";"Saída de leito carroçável";"Sem Vítimas";"Amanhecer";"Decrescente";"Nublado";"Simples";"Curva";"Não";1;0;0;0;1;0;0;1;-23,95319492;-54,31516171;"SPRF-MS";"DEL09-MS";"UOP02-DEL09-MS"
449958;2022-05-15;"domingo";"03:28:00";"PR";369;163;"CAMBE";"Ingestão de álcool pelo condutor";"Colisão com objeto";"Com Vítimas Feridas";"Plena Noite";"Decrescente";"Nublado";"Simples";"Aclive";"Não";3;0;1;0;2;0;1;1;-23,297239;-51,279109;"SPRF-PR";"DEL07-PR";"UOP01-DEL07-PR"
449959;2022-05-15;"domingo";"05:50:00";"SC";101;203;"SAO JOSE";"Ingestão de álcool pelo condutor";"Colisão lateral mesmo sentido";"Sem Vítimas";"Amanhecer";"Decrescente";"Nublado";"Dupla";"Curva";"Sim";2;0;0;0;2;0;0;2;-27,5650044;-48,61460082;"SPRF-SC";"DEL01-SC";"UOP01-DEL01-SC"
449960;2022-05-15;"domingo";"05:45:00";"SC";101;142;"ITAPEMA";"Velocidade Incompatível";"Colisão com objeto";"Com Vítimas Feridas";"Amanhecer";"Decrescente";"Chuva";"Múltipla";"Reta";"Sim";1;0;1;0;0;0;1;1;-27,056089;-48,599449;"SPRF-SC";"DEL04-SC";"UOP03-DEL04-SC"
449961;2022-05-15;"domingo";"06:00:00";"PB";101;97;"ALHANDRA";"Reação tardia ou ineficiente do condutor";"Saída de leito carroçável";"Com Vítimas Feridas";"Pleno dia";"Crescente";"Garoa/Chuvisco";"Dupla";"Reta";"Não";2;0;2;0;0;0;2;1;-7,23846306;-34,9268519;"SPRF-PB";"DEL01-PB";"UOP02-DEL01-PB"
449963;2022-05-15;"domingo";"06:00:00";"RS";470;165;"VERANOPOLIS";"Ausência de reação do condutor";"Saída de leito carroçável";"Com Vítimas Feridas";"Amanhecer";"Crescente";"Chuva";"Simples";"Curva";"Não";1;0;1;0;0;0;1;1;-28,84783127;-51,57092929;"SPRF-RS";"DEL06-RS";"UOP02-DEL06-RS"
449964;2022-05-15;"domingo";"06:50:00";"PR";476;151;"ARAUCARIA";"Velocidade Incompatível";"Colisão com objeto";"Sem Vítimas";"Amanhecer";"Crescente";"Céu Claro";"Dupla";"Reta";"Sim";1;0;0;0;0;1;0;1;-25,563601;-49,377041;"SPRF-PR";"DEL01-PR";"UOP03-DEL01-PR"
449965;2022-05-15;"domingo";"06:20:00";"MG";381;941;"EXTREMA";"Condutor Dormindo";"Capotamento";"Com Vítimas Feridas";"Amanhecer";"Crescente";"Garoa/Chuvisco";"Dupla";"Reta";"Não";1;0;1;0;0;0;1;1;-22,86021873;-46,34260711;"SPRF-MG";"DEL16-MG";"UOP03-DEL16-MG"
449967;2022-05-14;"sábado";"20:50:00";"SC";0;0;"RIO NEGRINHO";"Reação tardia ou ineficiente do condutor";"Colisão traseira";"Sem Vítimas";"Plena Noite";"Não Informado";"Céu Claro";"Simples";"Reta";"Sim";5;0;0;0;4;1;0;3;-26,23943953;-49,50420708;"SPRF-SC";"DEL06-SC";"UOP03-DEL06-SC"
449968;2022-05-15;"domingo";"06:41:00";"PB";230;53;"CRUZ DO ESPIRITO SANTO";"Acumulo de água sobre o pavimento";"Saída de leito carroçável";"Com Vítimas Feridas";"Pleno dia";"Crescente";"Chuva";"Dupla";"Interseção de Vias;Reta";"Não";4;0;1;0;3;0;1;1;-7,1998;-35,0763;"SPRF-PB";"DEL01-PB";"UOP03-DEL01-PB"
449969;2022-05-15;"domingo";"06:50:00";"SC";101;203;"SAO JOSE";"Ausência de reação do condutor";"Saída de leito carroçável";"Sem Vítimas";"Amanhecer";"Decrescente";"Nublado";"Dupla";"Rotatória";"Sim";1;0;0;0;0;1;0;1;-27,56647934;-48,61369729;"SPRF-SC";"DEL01-SC";"UOP01-DEL01-SC"
449970;2022-05-15;"domingo";"07:30:00";"PR";476;152;"ARAUCARIA";"Ausência de reação do condutor";"Colisão traseira";"Com Vítimas Feridas";"Pleno dia";"Crescente";"Céu Claro";"Dupla";"Reta";"Sim";2;0;0;1;1;0;1;2;-25,570036;-49,384193;"SPRF-PR";"DEL01-PR";"UOP03-DEL01-PR"
449971;2022-05-15;"domingo";"06:20:00";"PR";376;493;"PONTA GROSSA";"Ingestão de álcool pelo condutor";"Saída de leito carroçável";"Com Vítimas Feridas";"Amanhecer";"Decrescente";"Nublado";"Dupla";"Reta";"Sim";1;0;1;0;0;0;1;1;-25,12452439;-50,18125171;"SPRF-PR";"DEL03-PR";"UOP01-DEL03-PR"
449973;2022-05-15;"domingo";"05:45:00";"RS";290;86;"PORTO ALEGRE";"Reação tardia ou ineficiente do condutor";"Colisão lateral mesmo sentido";"Sem Vítimas";"Pleno dia";"Crescente";"Garoa/Chuvisco";"Dupla";"Reta";"Não";2;0;0;0;2;0;0;2;-29,968412;-51,117138;"SPRF-RS";"DEL01-RS";"UOP01-DEL01-RS"
449974;2022-05-15;"domingo";"03:30:00";"RN";304;24;"MOSSORO";"Ingestão de álcool pelo condutor";"Saída de leito carroçável";"Sem Vítimas";"Plena Noite";"Crescente";"Céu Claro";"Simples";"Reta";"Não";1;0;0;0;1;0;0;1;-5,06488233;-37,33287055;"SPRF-RN";"DEL04-RN";"UOP02-DEL04-RN"
449975;2022-05-15;"domingo";"07:20:00";"DF";40;6;"BRASILIA";"Ingestão de álcool pelo condutor";"Saída de leito carroçável";"Com Vítimas Feridas";"Pleno dia";"Crescente";"Céu Claro";"Dupla";"Reta";"Não";1;0;1;0;0;0;1;1;-16,029741;-47,978867;"SPRF-DF";"DEL01-DF";"UOP01-DEL01-DF"
449976;2022-05-15;"domingo";"06:48:00";"MG";381;799,5;"SAO GONCALO DO SAPUCAI";"Chuva";"Colisão com objeto";"Com Vítimas Feridas";"Pleno dia";"Crescente";"Chuva";"Dupla";"Curva;Declive";"Não";4;0;3;0;1;0;3;1;-21,97237106;-45,63123585;"SPRF-MG";"DEL16-MG";"UOP02-DEL16-MG"
449977;2022-05-15;"domingo";"05:45:00";"PR";163;60,3;"PEROLA DOESTE";"Ingestão de álcool pelo condutor";"Colisão lateral sentido oposto";"Com Vítimas Feridas";"Plena Noite";"Decrescente";"Nublado";"Simples";"Reta;Declive";"Não";6;0;1;1;4;0;2;2;-25,865801;-53,744102;"SPRF-PR";"DEL02-PR";"UOP02-DEL02-PR"
449978;2022-05-15;"domingo";"08:00:00";"CE";402;289,9;"TURURU";"Pista esburacada";"Colisão frontal";"Com Vítimas Fatais";"Pleno dia";"Crescente";"Céu Claro";"Simples";"Reta";"Não";5;2;0;0;3;0;0;2;-3,62215311;-39,43042535;"SPRF-CE";"DEL01-CE";"UOP03-DEL01-CE"
449981;2022-05-15;"domingo";"08:00:00";"ES";101;137;"LINHARES";"Velocidade Incompatível";"Colisão traseira";"Com Vítimas Feridas";"Pleno dia";"Crescente";"Céu Claro";"Simples";"Reta";"Não";3;0;1;0;2;0;1;2;-19,29308199;-40,08591691;"SPRF-ES";"DEL04-ES";"UOP01-DEL04-ES"
449982;2022-05-15;"domingo";"07:00:00";"MG";40;546;"NOVA LIMA";"Velocidade Incompatível";"Colisão traseira";"Com Vítimas Feridas";"Pleno dia";"Crescente";"Céu Claro";"Dupla";"Reta";"Sim";3;0;3;0;0;0;3;2;-20,01650031;-43,97054672;"SPRF-MG";"DEL01-MG";"UOP02-DEL01-MG"
449983;2022-05-15;"domingo";"08:00:00";"PE";408;103;"RECIFE";"Demais falhas mecânicas ou elétricas";"Incêndio";"Sem Vítimas";"Pleno dia";"Crescente";"Chuva";"Múltipla";"Aclive;Reta";"Não";1;0;0;0;1;0;0;1;-8,05746154;-34,99468175;"SPRF-PE";"DEL01-PE";"UOP01-DEL01-PE"
449984;2022-05-15;"domingo";"08:20:00";"PR";476;273,2;"SAO MATEUS DO SUL";"Ausência de reação do condutor";"Saída de leito carroçável";"Com Vítimas Fatais";"Pleno dia";"Crescente";"Nublado";"Simples";"Curva";"Não";1;1;0;0;0;0;0;1;-25,894287;-50,368565;"SPRF-PR";"DEL02-PR";"UOP04-DEL02-PR"
449986;2022-05-15;"domingo";"04:50:00";"RJ";40;115;"DUQUE DE CAXIAS";"Condutor Dormindo";"Saída de leito carroçável";"Sem Vítimas";"Plena Noite";"Decrescente";"Céu Claro";"Múltipla";"Reta";"Sim";1;0;0;0;0;1;0;1;-22,72756999;-43,2891609;"SPRF-RJ";"DEL01-RJ";"UOP01-DEL01-RJ"
449988;2022-05-15;"domingo";"06:30:00";"RS";290;76;"GRAVATAI";"Chuva";"Saída de leito carroçável";"Sem Vítimas";"Plena Noite";"Crescente";"Chuva";"Múltipla";"Reta";"Não";1;0;0;0;1;0;0;1;-29,956612;-51,017124;"SPRF-RS";"DEL01-RS";"UOP01-DEL01-RS"
449989;2022-05-15;"domingo";"09:00:00";"SP";381;54;"MAIRIPORA";"Chuva";"Capotamento";"Sem Vítimas";"Pleno dia";"Decrescente";"Garoa/Chuvisco";"Múltipla";"Curva";"Sim";4;0;0;0;4;0;0;1;-23,2449074;-46,59562343;"SPRF-SP";"DEL03-SP";"UOP01-DEL03-SP"
449991;2022-05-15;"domingo";"09:44:00";"PR";376;550,5;"PALMEIRA";"Reação tardia ou ineficiente do condutor";"Saída de leito carroçável";"Sem Vítimas";"Pleno dia";"Crescente";"Nublado";"Dupla";"Aclive;Reta";"Não";1;0;0;0;1;0;0;1;-25,42735575;-49,75889325;"SPRF-PR";"DEL03-PR";"UOP03-DEL03-PR"
449992;2022-05-15;"domingo";"08:15:00";"PR";277;15,5;"PARANAGUA";"Condutor Dormindo";"Saída de leito carroçável";"Com Vítimas Feridas";"Pleno dia";"Decrescente";"Sol";"Dupla";"Reta";"Não";1;0;1;0;0;0;1;1;-25,56288445;-48,6378479;"SPRF-PR";"DEL01-PR";"UOP05-DEL01-PR"
449993;2022-05-15;"domingo";"09:40:00";"SC";101;127;"ITAJAI";"Velocidade Incompatível";"Tombamento";"Com Vítimas Feridas";"Pleno dia";"Crescente";"Céu Claro";"Dupla";"Reta";"Não";1;0;1;0;0;0;1;1;-26,9639319;-48,68328024;"SPRF-SC";"DEL04-SC";"UOP04-DEL04-SC"
449994;2022-05-15;"domingo";"09:45:00";"ES";262;49;"MARECHAL FLORIANO";"Acessar a via sem observar a presença dos outros veículos";"Colisão transversal";"Com Vítimas Feridas";"Pleno dia";"Crescente";"Nublado";"Simples";"Reta";"Não";2;0;1;0;1;0;1;2;-20,41251052;-40,69798571;"SPRF-ES";"DEL01-ES";"UOP01-DEL01-ES"
449995;2022-05-15;"domingo";"09:00:00";"SC";116;23;"ITAIOPOLIS";"Condutor deixou de manter distância do veículo da frente";"Colisão traseira";"Com Vítimas Feridas";"Pleno dia";"Decrescente";"Céu Claro";"Simples";"Reta";"Não";2;0;1;0;1;0;1;2;-26,26545939;-49,91656109;"SPRF-SC";"DEL06-SC";"UOP01-DEL06-SC"
449999;2022-05-15;"domingo";"05:40:00";"GO";80;150;"SANTA RITA DO NOVO DESTINO";"Velocidade Incompatível";"Saída de leito carroçável";"Com Vítimas Feridas";"Amanhecer";"Crescente";"Céu Claro";"Simples";"Reta";"Não";3;0;3;0;0;0;3;1;-14,83263775;-49,03198242;"SPRF-GO";"DEL07-GO";"UOP01-DEL07-GO"
450000;2022-05-15;"domingo";"08:50:00";"MG";381;934;"EXTREMA";"Curva acentuada";"Colisão com objeto";"Com Vítimas Feridas";"Pleno dia";"Decrescente";"Garoa/Chuvisco";"Simples";"Curva";"Não";2;0;1;0;1;0;1;1;-22,82007572;-46,29934031;"SPRF-MG";"DEL16-MG";"UOP03-DEL16-MG"
450001;2022-05-15;"domingo";"09:27:00";"ES";259;94;"BAIXO GUANDU";"Manobra de mudança de faixa";"Saída de leito carroçável";"Com Vítimas Fatais";"Pleno dia";"Crescente";"Céu Claro";"Simples";"Reta";"Não";2;1;0;1;0;0;1;1;-19,51143698;-40,90961107;"SPRF-ES";"DEL02-ES";"UOP01-DEL02-ES"
450002;2022-05-15;"domingo";"10:12:00";"RJ";116;135;"MAGE";"Reação tardia ou ineficiente do condutor";"Colisão com objeto";"Com Vítimas Feridas";"Pleno dia";"Crescente";"Garoa/Chuvisco";"Dupla";"Reta";"Não";3;0;1;0;2;0;1;1;-22,65225773;-43,16309893;"SPRF-RJ";"DEL04-RJ";"UOP02-DEL04-RJ"
450003;2022-05-15;"domingo";"10:45:00";"PR";277;65;"SAO JOSE DOS PINHAIS";"Reação tardia ou ineficiente do condutor";"Saída de leito carroçável";"Sem Vítimas";"Pleno dia";"Decrescente";"Céu Claro";"Dupla";"Reta";"Não";3;0;0;0;3;0;0;1;-25,5530337;-49,03504085;"SPRF-PR";"DEL01-PR";"UOP01-DEL01-PR"
450004;2022-05-15;"domingo";"10:00:00";"SC";101;41,3;"JOINVILLE";"Acessar a via sem observar a presença dos outros veículos";"Colisão transversal";"Com Vítimas Feridas";"Pleno dia";"Crescente";"Sol";"Simples";"Viaduto;Rotatória";"Sim";3;0;1;0;2;0;1;2;-26,28215489;-48,88973081;"SPRF-SC";"DEL03-SC";"UOP01-DEL03-SC"
450005;2022-05-15;"domingo";"11:20:00";"PI";316;309;"PICOS";"Ausência de reação do condutor";"Colisão traseira";"Sem Vítimas";"Pleno dia";"Crescente";"Céu Claro";"Simples";"Reta";"Sim";2;0;0;0;2;0;0;2;-7,07778744;-41,48370094;"SPRF-PI";"DEL04-PI";"UOP01-DEL04-PI"
450006;2022-05-15;"domingo";"04:00:00";"PR";369;89;"CORNELIO PROCOPIO";"Acumulo de água sobre o pavimento";"Queda de ocupante de veículo";"Com Vítimas Feridas";"Plena Noite";"Crescente";"Céu Claro";"Simples";"Reta";"Não";2;0;2;0;0;0;2;1;-23,15864965;-50,60741544;"SPRF-PR";"DEL07-PR";"UOP01-DEL07-PR"
450008;2022-05-15;"domingo";"11:40:00";"RS";116;365;"TAPES";"Ausência de reação do condutor";"Saída de leito carroçável";"Com Vítimas Feridas";"Pleno dia";"Decrescente";"Garoa/Chuvisco";"Simples";"Desvio Temporário";"Não";2;0;2;0;0;0;2;1;-30,66481588;-51,56697529;"SPRF-RS";"DEL02-RS";"UOP02-DEL02-RS"
450013;2022-05-15;"domingo";"12:00:00";"RS";386;48;"SEBERI";"Acessar a via sem observar a presença dos outros veículos";"Colisão lateral mesmo sentido";"Com Vítimas Feridas";"Pleno dia";"Crescente";"Nevoeiro/Neblina";"Simples";"Reta";"Não";3;0;2;0;1;0;2;2;-27,474958;-53,399574;"SPRF-RS";"DEL08-RS";"UOP02-DEL08-RS"
450014;2022-05-15;"domingo";"12:18:00";"PI";316;10,9;"TERESINA";"Acessar a via sem observar a presença dos outros veículos";"Colisão transversal";"Com Vítimas Feridas";"Pleno dia";"Crescente";"Sol";"Dupla";"Reta";"Sim";2;0;0;2;0;0;2;2;-5,18280197;-42,76350291;"SPRF-PI";"DEL01-PI";"UOP02-DEL01-PI"
450015;2022-05-15;"domingo";"11:40:00";"BA";101;535;"SAO JOSE DA VITORIA";"Chuva";"Saída de leito carroçável";"Com Vítimas Feridas";"Pleno dia";"Decrescente";"Chuva";"Simples";"Curva;Declive";"Não";1;0;1;0;0;0;1;1;-15,10695908;-39,36763389;"SPRF-BA";"DEL05-BA";"UOP01-DEL05-BA"
450017;2022-05-15;"domingo";"11:00:00";"RS";480;65,5;"BARAO DE COTEGIPE";"Velocidade Incompatível";"Saída de leito carroçável";"Com Vítimas Feridas";"Pleno dia";"Decrescente";"Chuva";"Simples";"Curva";"Não";2;0;2;0;0;0;2;1;-27,62694605;-52,36726105;"SPRF-RS";"DEL08-RS";"UOP04-DEL08-RS"
450018;2022-05-15;"domingo";"13:30:00";"MG";40;656,3;"CRISTIANO OTONI";"Velocidade Incompatível";"Saída de leito carroçável";"Com Vítimas Feridas";"Pleno dia";"Decrescente";"Nublado";"Dupla";"Curva;Declive";"Não";4;0;4;0;0;0;4;1;-20,879558;-43,800738;"SPRF-MG";"DEL05-MG";"UOP02-DEL05-MG"
450019;2022-05-15;"domingo";"12:00:00";"RJ";40;93;"DUQUE DE CAXIAS";"Pista Escorregadia";"Queda de ocupante de veículo";"Com Vítimas Feridas";"Pleno dia";"Crescente";"Nublado";"Simples";"Curva";"Não";2;0;2;0;0;0;2;1;-22,5554282;-43,25829998;"SPRF-RJ";"DEL06-RJ";"UOP01-DEL06-RJ"
450020;2022-05-15;"domingo";"13:30:00";"RJ";101;508;"ANGRA DOS REIS";"Velocidade Incompatível";"Colisão com objeto";"Com Vítimas Feridas";"Pleno dia";"Decrescente";"Chuva";"Simples";"Curva";"Não";1;0;1;0;0;0;1;1;-22,94163902;-44,42239099;"SPRF-RJ";"DEL03-RJ";"UOP03-DEL03-RJ"
450021;2022-05-15;"domingo";"12:17:00";"GO";60;427;"RIO VERDE";"Ausência de reação do condutor";"Saída de leito carroçável";"Com Vítimas Feridas";"Pleno dia";"Crescente";"Nublado";"Dupla";"Declive";"Não";2;0;2;0;0;0;2;1;-17,8186;-51,3027;"SPRF-GO";"DEL04-GO";"UOP01-DEL04-GO"
450023;2022-05-03;"terça-feira";"11:35:00";"PR";467;108;"CASCAVEL";"Chuva";"Colisão transversal";"Com Vítimas Feridas";"Pleno dia";"Decrescente";"Garoa/Chuvisco";"Dupla";"Reta";"Sim";2;0;0;1;1;0;1;2;-24,926173;-53,4590783;"SPRF-PR";"DEL04-PR";"UOP01-DEL04-PR"
450024;2022-05-15;"domingo";"13:50:00";"RS";386;277,9;"SAO JOSE DO HERVAL";"Ingestão de álcool pelo condutor";"Saída de leito carroçável";"Com Vítimas Feridas";"Pleno dia";"Decrescente";"Garoa/Chuvisco";"Simples";"Curva;Declive";"Não";4;0;2;0;0;2;2;2;-29,012085;-52,331657;"SPRF-RS";"DEL04-RS";"UOP03-DEL04-RS"
450025;2022-05-15;"domingo";"12:40:00";"ES";101;248;"SERRA";"Demais falhas mecânicas ou elétricas";"Incêndio";"Sem Vítimas";"Pleno dia";"Decrescente";"Sol";"Simples";"Reta";"Não";1;0;0;0;1;0;0;1;-20,06899842;-40,3614491;"SPRF-ES";"DEL02-ES";"UOP01-DEL02-ES"
450026;2022-05-15;"domingo";"03:30:00";"MG";262;368;"JUATUBA";"Velocidade Incompatível";"Saída de leito carroçável";"Com Vítimas Feridas";"Plena Noite";"Crescente";"Céu Claro";"Dupla";"Reta;Declive";"Não";1;0;1;0;0;0;1;1;-19,95862617;-44,36086178;"SPRF-MG";"DEL01-MG";"UOP03-DEL01-MG"
450027;2022-05-15;"domingo";"13:22:00";"DF";20;5;"BRASILIA";"Reação tardia ou ineficiente do condutor";"Colisão traseira";"Com Vítimas Feridas";"Pleno dia";"Crescente";"Céu Claro";"Simples";"Reta";"Não";3;0;1;0;2;0;1;2;-15,670546;-47,816044;"SPRF-DF";"DEL02-DF";"UOP01-DEL02-DF"
450029;2022-05-15;"domingo";"14:10:00";"RN";101;82;"SAO GONCALO DO AMARANTE";"Ausência de reação do condutor";"Colisão traseira";"Com Vítimas Feridas";"Pleno dia";"Crescente";"Sol";"Simples";"Reta";"Sim";3;0;1;0;2;0;1;2;-5,76791511;-35,27456305;"SPRF-RN";"DEL02-RN";"UOP01-DEL02-RN"
450031;2022-05-15;"domingo";"13:45:00";"MG";262;380;"JUATUBA";"Pista Escorregadia";"Saída de leito carroçável";"Com Vítimas Feridas";"Pleno dia";"Decrescente";"Garoa/Chuvisco";"Dupla";"Curva;Declive";"Não";2;0;2;0;0;0;2;1;-19,94793628;-44,38165426;"SPRF-MG";"DEL01-MG";"UOP03-DEL01-MG"
450032;2022-05-15;"domingo";"12:00:00";"MG";381;732;"CARMO DA CACHOEIRA";"Acumulo de água sobre o pavimento";"Capotamento";"Com Vítimas Feridas";"Pleno dia";"Crescente";"Chuva";"Dupla";"Curva";"Não";1;0;1;0;0;0;1;1;-21,55413799;-45,24499427;"SPRF-MG";"DEL16-MG";"UOP02-DEL16-MG"
450033;2022-05-15;"domingo";"13:40:00";"RJ";40;124;"DUQUE DE CAXIAS";"Velocidade Incompatível";"Capotamento";"Com Vítimas Feridas";"Pleno dia";"Decrescente";"Nublado";"Múltipla";"Curva";"Não";4;0;4;0;0;0;4;1;-22,807953;-43,289124;"SPRF-RJ";"DEL01-RJ";"UOP01-DEL01-RJ"
450034;2022-05-15;"domingo";"13:15:00";"RO";364;726;"PORTO VELHO";"Reação tardia ou ineficiente do condutor";"Saída de leito carroçável";"Com Vítimas Feridas";"Pleno dia";"Decrescente";"Céu Claro";"Simples";"Interseção de Vias;Reta";"Não";2;0;1;1;0;0;2;1;-8,858763;-63,94454799;"SPRF-RO";"DEL01-RO";"UOP01-DEL01-RO"
450038;2022-05-15;"domingo";"08:00:00";"MG";381;492;"BETIM";"Reação tardia ou ineficiente do condutor";"Colisão traseira";"Com Vítimas Feridas";"Pleno dia";"Crescente";"Céu Claro";"Dupla";"Reta";"Sim";4;0;1;0;3;0;1;2;-19,97490091;-44,19004301;"SPRF-MG";"DEL01-MG";"UOP03-DEL01-MG"
450039;2022-05-15;"domingo";"15:00:00";"ES";262;20;"VIANA";"Desrespeitar a preferência no cruzamento";"Colisão transversal";"Com Vítimas Feridas";"Pleno dia";"Crescente";"Céu Claro";"Simples";"Reta";"Sim";3;0;1;0;1;1;1;3;-20,38569081;-40,49680586;"SPRF-ES";"DEL01-ES";"UOP01-DEL01-ES"
450041;2022-05-15;"domingo";"15:10:00";"MG";40;44,1;"PARACATU";"Ingestão de álcool pelo condutor";"Tombamento";"Com Vítimas Feridas";"Pleno dia";"Crescente";"Nublado";"Simples";"Curva";"Sim";1;0;1;0;0;0;1;1;-17,23101648;-46,85390396;"SPRF-MG";"DEL14-MG";"UOP01-DEL14-MG"
450042;2022-05-15;"domingo";"15:15:00";"GO";60;125;"GOIANAPOLIS";"Acumulo de areia ou detritos sobre o pavimento";"Tombamento";"Com Vítimas Feridas";"Pleno dia";"Decrescente";"Céu Claro";"Dupla";"Curva";"Não";1;0;0;1;0;0;1;1;-16,5291;-49,1391;"SPRF-GO";"DEL01-GO";"UOP01-DEL01-GO"
450044;2022-05-15;"domingo";"11:30:00";"MG";262;554;"LUZ";"Velocidade Incompatível";"Saída de leito carroçável";"Com Vítimas Feridas";"Pleno dia";"Decrescente";"Nublado";"Simples";"Curva;Declive";"Não";3;0;2;0;1;0;2;1;-19,71480322;-45,90726126;"SPRF-MG";"DEL08-MG";"UOP02-DEL08-MG"
450046;2022-05-15;"domingo";"15:30:00";"SC";101;144;"ITAPEMA";"Reação tardia ou ineficiente do condutor";"Colisão traseira";"Com Vítimas Feridas";"Pleno dia";"Decrescente";"Céu Claro";"Dupla";"Reta";"Não";2;0;1;0;1;0;1;2;-27,06436;-48,59599405;"SPRF-SC";"DEL04-SC";"UOP03-DEL04-SC"
450047;2022-05-15;"domingo";"14:17:00";"RO";364;690;"CANDEIAS DO JAMARI";"Ausência de reação do condutor";"Saída de leito carroçável";"Com Vítimas Feridas";"Pleno dia";"Decrescente";"Céu Claro";"Dupla";"Curva";"Não";4;0;4;0;0;0;4;1;-8,79523268;-63,67788703;"SPRF-RO";"DEL01-RO";"UOP01-DEL01-RO"
450048;2022-05-15;"domingo";"13:30:00";"AM";230;616;"HUMAITA";"Manobra de mudança de faixa";"Colisão lateral sentido oposto";"Com Vítimas Feridas";"Pleno dia";"Decrescente";"Nublado";"Simples";"Reta";"Sim";2;0;1;0;1;0;1;2;-7,534643;-63,055387;"SPRF-AM";"DEL01-AM";"UOP05-DEL01-AM"
450050;2022-05-15;"domingo";"13:40:00";"MT";163;760;"SORRISO";"Ausência de reação do condutor";"Saída de leito carroçável";"Sem Vítimas";"Pleno dia";"Crescente";"Céu Claro";"Simples";"Reta";"Não";1;0;0;0;1;0;0;1;-12,49205;-55,6841;"SPRF-MT";"DEL06-MT";"UOP01-DEL06-MT"
450051;2022-05-01;"domingo";"07:30:00";"PR";277;174,5;"PALMEIRA";"Ausência de reação do condutor";"Saída de leito carroçável";"Com Vítimas Feridas";"Pleno dia";"Decrescente";"Céu Claro";"Simples";"Reta;Aclive";"Não";1;0;1;0;0;0;1;1;-25,432847;-50,0431933;"SPRF-PR";"DEL08-PR";"UOP02-DEL08-PR"
450053;2022-05-15;"domingo";"10:34:00";"MG";381;635,9;"SANTO ANTONIO DO AMPARO";"Acumulo de água sobre o pavimento";"Colisão com objeto";"Com Vítimas Feridas";"Pleno dia";"Crescente";"Chuva";"Dupla";"Curva";"Não";1;0;1;0;0;0;1;1;-20,88278809;-44,85183046;"SPRF-MG";"DEL04-MG";"UOP01-DEL04-MG"
450054;2022-05-15;"domingo";"17:05:00";"MG";381;821,8;"CAREACU";"Ausência de reação do condutor";"Colisão com objeto";"Sem Vítimas";"Pleno dia";"Crescente";"Chuva";"Dupla";"Reta";"Não";1;0;0;0;1;0;0;1;-22,11209226;-45,74742779;"SPRF-MG";"DEL16-MG";"UOP01-DEL16-MG"
450055;2022-05-15;"domingo";"13:30:00";"BA";116;220;"EUCLIDES DA CUNHA";"Condutor Dormindo";"Colisão frontal";"Com Vítimas Feridas";"Pleno dia";"Decrescente";"Céu Claro";"Simples";"Reta";"Não";4;0;1;0;3;0;1;2;-10,52426914;-39,00455475;"SPRF-BA";"DEL07-BA";"UOP02-DEL07-BA"
450056;2022-05-15;"domingo";"15:00:00";"RJ";101;196;"CASIMIRO DE ABREU";"Chuva";"Colisão com objeto";"Com Vítimas Feridas";"Pleno dia";"Crescente";"Chuva";"Dupla";"Curva";"Não";1;0;1;0;0;0;1;1;-22,49207101;-42,10926701;"SPRF-RJ";"DEL08-RJ";"UOP04-DEL08-RJ"
450058;2022-05-15;"domingo";"16:30:00";"DF";40;4;"BRASILIA";"Manobra de mudança de faixa";"Colisão lateral mesmo sentido";"Com Vítimas Feridas";"Pleno dia";"Crescente";"Sol";"Dupla";"Reta";"Sim";2;0;1;0;1;0;1;2;-16,01573862;-47,98154723;"SPRF-DF";"DEL01-DF";"UOP01-DEL01-DF"