"id";"data_inversa";"dia_semana";"horario";"uf";"br";"km";"municipio";"causa_acidente";"tipo_acidente";"classificacao_acidente";"fase_dia";"sentido_via";"condicao_metereologica";"tipo_pista";"tracado_via";"uso_solo";"pessoas";"mortos";"feridos_leves";"feridos_graves";"ilesos";"ignorados";"feridos";"veiculos";"latitude";"longitude";"regional";"delegacia";"uop"
450060;2022-05-15;"domingo";"16:50:00";"PB";230;158;"CAMPINA GRANDE";"Ultrapassagem Indevida";"Colisão lateral mesmo sentido";"Com Vítimas Feridas";"Anoitecer";"Crescente";"Nublado";"Dupla";"Reta";"Sim";3;0;2;0;0;1;2;2;-7,2582;-35,9267;"SPRF-PB";"DEL02-PB";"UOP01-DEL02-PB"
450061;2022-05-15;"domingo";"17:00:00";"RS";285;445;"BOZANO";"Reação tardia ou ineficiente do condutor";"Saída de leito carroçável";"Com Vítimas Fatais";"Pleno dia";"Decrescente";"Céu Claro";"Simples";"Reta";"Não";1;1;0;0;0;0;0;1;-28,36504517;-53,78695965;"SPRF-RS";"DEL10-RS";"UOP01-DEL10-RS"
450063;2022-05-15;"domingo";"17:40:00";"SP";116;218,8;"GUARULHOS";"Reação tardia ou ineficiente do condutor";"Colisão traseira";"Com Vítimas Feridas";"Anoitecer";"Crescente";"Céu Claro";"Múltipla";"Reta";"Sim";3;0;2;0;1;0;2;2;-23,457972;-46,479927;"SPRF-SP";"DEL01-SP";"UOP01-DEL01-SP"
450064;2022-05-15;"domingo";"15:00:00";"BA";101;942,3;"MUCURI";"Reação tardia ou ineficiente do condutor";"Saída de leito carroçável";"Com Vítimas Feridas";"Pleno dia";"Decrescente";"Céu Claro";"Simples";"Reta";"Não";2;0;1;0;1;0;1;1;-18,070115;-39,88164;"SPRF-BA";"DEL09-BA";"UOP02-DEL09-BA"
450065;2022-05-15;"domingo";"13:00:00";"MG";267;35;"ARGIRITA";"Ingestão de álcool e/ou substâncias psicoativas pelo pedestre";"Colisão com objeto";"Sem Vítimas";"Pleno dia";"Decrescente";"Céu Claro";"Simples";"Reta";"Não";1;0;0;0;1;0;0;1;-21,65647711;-42,8702409;"SPRF-MG";"DEL07-MG";"UOP01-DEL07-MG"
450066;2022-05-15;"domingo";"17:00:00";"AM";174;914;"MANAUS";"Ausência de reação do condutor";"Colisão traseira";"Sem Vítimas";"Pleno dia";"Crescente";"Céu Claro";"Simples";"Declive";"Não";3;0;0;0;3;0;0;2;-2,70822467;-60,04866149;"SPRF-AM";"DEL01-AM";"UOP01-DEL01-AM"
450067;2022-05-15;"domingo";"18:00:00";"CE";116;14;"FORTALEZA";"Acumulo de areia ou detritos sobre o pavimento";"Queda de ocupante de veículo";"Com Vítimas Feridas";"Pleno dia";"Decrescente";"Céu Claro";"Dupla";"Reta";"Não";2;0;2;0;0;0;2;1;-3,86973356;-38,49827361;"SPRF-CE";"DEL01-CE";"UOP02-DEL01-CE"
450068;2022-05-15;"domingo";"18:15:00";"RS";386;269,9;"FONTOURA XAVIER";"Acessar a via sem observar a presença dos outros veículos";"Colisão transversal";"Sem Vítimas";"Plena Noite";"Decrescente";"Garoa/Chuvisco";"Simples";"Reta";"Sim";5;0;0;0;4;1;0;2;-28,972395;-52,369072;"SPRF-RS";"DEL04-RS";"UOP03-DEL04-RS"
450069;2022-05-15;"domingo";"15:40:00";"RJ";116;137;"MAGE";"Ultrapassagem Indevida";"Atropelamento de Pedestre";"Com Vítimas Feridas";"Anoitecer";"Decrescente";"Nublado";"Dupla";"Reta";"Não";3;0;1;0;0;2;1;2;-22,64791994;-43,18200799;"SPRF-RJ";"DEL01-RJ";"UOP01-DEL01-RJ"
450072;2022-05-15;"domingo";"18:25:00";"PR";376;312,5;"ORTIGUEIRA";"Entrada inopinada do pedestre";"Atropelamento de Pedestre";"Com Vítimas Feridas";"Plena Noite";"Crescente";"Nublado";"Simples";"Reta";"Não";2;0;1;0;1;0;1;2;-23,9781971;-51,0957297;"SPRF-PR";"DEL07-PR";"UOP02-DEL07-PR"
450073;2022-05-15;"domingo";"18:30:00";"PR";277;75;"SAO JOSE DOS PINHAIS";"Pedestre andava na pista";"Atropelamento de Pedestre";"Com Vítimas Feridas";"Plena Noite";"Crescente";"Céu Claro";"Dupla";"Reta";"Sim";3;0;0;1;1;1;1;2;-25,51327981;-49,12433291;"SPRF-PR";"DEL01-PR";"UOP01-DEL01-PR"
450074;2022-05-15;"domingo";"18:15:00";"PR";158;527,9;"PATO BRANCO";"Ingestão de álcool pelo condutor";"Colisão frontal";"Com Vítimas Feridas";"Plena Noite";"Crescente";"Garoa/Chuvisco";"Simples";"Aclive;Reta";"Não";7;0;1;1;4;1;2;3;-26,16899899;-52,66361486;"SPRF-PR";"DEL02-PR";"UOP01-DEL02-PR"
450075;2022-05-15;"domingo";"18:10:00";"SC";101;195,8;"BIGUACU";"Objeto estático sobre o leito carroçável";"Capotamento";"Com Vítimas Feridas";"Anoitecer";"Decrescente";"Céu Claro";"Simples";"Reta";"Sim";1;0;1;0;0;0;1;1;-27,5047092;-48,65010819;"SPRF-SC";"DEL01-SC";"UOP01-DEL01-SC"
450076;2022-05-15;"domingo";"12:00:00";"MG";381;671,3;"PERDOES";"Chuva";"Saída de leito carroçável";"Sem Vítimas";"Pleno dia";"Crescente";"Chuva";"Dupla";"Curva;Declive";"Não";1;0;0;0;0;1;0;1;-21,0667766;-45,0523138;"SPRF-MG";"DEL04-MG";"UOP02-DEL04-MG"
450077;2022-05-15;"domingo";"15:00:00";"MG";262;607,7;"CAMPOS ALTOS";"Velocidade Incompatível";"Saída de leito carroçável";"Com Vítimas Feridas";"Pleno dia";"Crescente";"Chuva";"Dupla";"Curva";"Não";2;0;2;0;0;0;2;1;-19,62457601;-46,26930901;"SPRF-MG";"DEL08-MG";"UOP02-DEL08-MG"
450078;2022-05-15;"domingo";"17:17:00";"MS";463;2;"DOURADOS";"Ausência de reação do condutor";"Tombamento";"Com Vítimas Feridas";"Anoitecer";"Decrescente";"Céu Claro";"Simples";"Declive;Reta";"Não";1;0;0;1;0;0;1;1;-22,2591541;-54,823354;"SPRF-MS";"DEL04-MS";"UOP01-DEL04-MS"
450080;2022-05-15;"domingo";"17:00:00";"RR";401;4,3;"CANTA";"Ingestão de álcool pelo condutor";"Colisão com objeto";"Sem Vítimas";"Pleno dia";"Decrescente";"Céu Claro";"Dupla";"Reta";"Sim";1;0;0;0;1;0;0;1;2,78964195;-60,65873803;"SPRF-RR";"DEL01-RR";"UOP01-DEL01-RR"
450081;2022-05-15;"domingo";"18:30:00";"MG";50;81;"UBERLANDIA";"Velocidade Incompatível";"Saída de leito carroçável";"Sem Vítimas";"Anoitecer";"Crescente";"Céu Claro";"Simples";"Viaduto";"Não";1;0;0;0;1;0;0;1;-18,97131513;-48,2160759;"SPRF-MG";"DEL15-MG";"UOP01-DEL15-MG"
450082;2022-05-15;"domingo";"18:40:00";"RS";116;473,5;"SAO LOURENCO DO SUL";"Animais na Pista";"Atropelamento de Animal";"Com Vítimas Feridas";"Amanhecer";"Decrescente";"Céu Claro";"Simples";"Reta";"Não";2;0;2;0;0;0;2;1;-31,3682313;-52,09102483;"SPRF-RS";"DEL07-RS";"UOP01-DEL07-RS"
450083;2022-05-15;"domingo";"17:20:00";"MS";60;87;"PARAISO DAS AGUAS";"Reação tardia ou ineficiente do condutor";"Saída de leito carroçável";"Com Vítimas Feridas";"Anoitecer";"Crescente";"Ignorado";"Simples";"Reta";"Não";2;0;1;1;0;0;2;1;-19,22347304;-53,11246795;"SPRF-MS";"DEL06-MS";"UOP02-DEL06-MS"
450084;2022-05-15;"domingo";"18:30:00";"MA";10;254;"IMPERATRIZ";"Acesso irregular";"Colisão transversal";"Com Vítimas Feridas";"Plena Noite";"Crescente";"Céu Claro";"Simples";"Reta";"Sim";5;0;2;0;3;0;2;2;-5,50667013;-47,47175078;"SPRF-MA";"DEL04-MA";"UOP01-DEL04-MA"
450085;2022-05-15;"domingo";"19:10:00";"SC";101;198;"BIGUACU";"Ausência de reação do condutor";"Colisão traseira";"Com Vítimas Feridas";"Plena Noite";"Crescente";"Nublado";"Dupla";"Reta";"Sim";1;0;0;1;0;0;1;1;-27,52658712;-48,63506019;"SPRF-SC";"DEL01-SC";"UOP01-DEL01-SC"
450086;2022-05-15;"domingo";"18:15:00";"PE";104;20;"TAQUARITINGA DO NORTE";"Entrada inopinada do pedestre";"Atropelamento de Pedestre";"Com Vítimas Fatais";"Plena Noite";"Crescente";"Nublado";"Simples";"Curva";"Sim";2;1;0;0;0;1;0;2;-7,956497;-36,128529;"SPRF-PE";"DEL02-PE";"UOP01-DEL02-PE"
450087;2022-05-15;"domingo";"19:00:00";"BA";20;198;"LUIS EDUARDO MAGALHAES";"Iluminação deficiente";"Colisão lateral sentido oposto";"Com Vítimas Feridas";"Plena Noite";"Decrescente";"Céu Claro";"Simples";"Reta";"Não";8;0;2;1;5;0;3;3;-12,10716405;-45,91966376;"SPRF-BA";"DEL10-BA";"UOP01-DEL10-BA"
450088;2022-05-15;"domingo";"17:30:00";"RJ";116;300,5;"RESENDE";"Frear bruscamente";"Colisão traseira";"Sem Vítimas";"Anoitecer";"Decrescente";"Nublado";"Dupla";"Reta";"Não";2;0;0;0;2;0;0;2;-22,45223481;-44,35432502;"SPRF-RJ";"DEL07-RJ";"UOP02-DEL07-RJ"
450089;2022-05-15;"domingo";"18:30:00";"PR";369;199;"APUCARANA";"Ingestão de álcool pelo condutor";"Saída de leito carroçável";"Com Vítimas Fatais";"Plena Noite";"Crescente";"Nublado";"Simples";"Curva";"Sim";2;1;0;0;1;0;0;1;-23,522926;-51,44359;"SPRF-PR";"DEL07-PR";"UOP03-DEL07-PR"
450090;2022-05-15;"domingo";"18:50:00";"SP";381;67;"MAIRIPORA";"Demais falhas mecânicas ou elétricas";"Incêndio";"Sem Vítimas";"Plena Noite";"Crescente";"Nublado";"Múltipla";"Reta";"Sim";3;0;0;0;3;0;0;1;-23,33226094;-46,57675379;"SPRF-SP";"DEL03-SP";"UOP01-DEL03-SP"
450091;2022-05-15;"domingo";"17:30:00";"SP";116;520;"BARRA DO TURVO";"Ausência de reação do condutor";"Queda de ocupante de veículo";"Com Vítimas Feridas";"Pleno dia";"Decrescente";"Nublado";"Dupla";"Reta";"Não";1;0;1;0;0;0;1;1;-24,89364369;-48,24164206;"SPRF-SP";"DEL05-SP";"UOP02-DEL05-SP"
450092;2022-05-15;"domingo";"18:50:00";"PR";476;132;"CURITIBA";"Manobra de mudança de faixa";"Colisão lateral mesmo sentido";"Com Vítimas Feridas";"Plena Noite";"Crescente";"Céu Claro";"Múltipla";"Reta";"Sim";2;0;1;0;1;0;1;2;-25,461279;-49,250473;"SPRF-PR";"DEL01-PR";"UOP03-DEL01-PR"
450093;2022-05-15;"domingo";"18:30:00";"PE";428;173;"PETROLINA";"Ausência de reação do condutor";"Colisão traseira";"Com Vítimas Feridas";"Plena Noite";"Decrescente";"Céu Claro";"Simples";"Reta";"Não";2;0;0;1;0;1;1;2;-9,24429991;-40,42112617;"SPRF-PE";"DEL06-PE";"UOP01-DEL06-PE"
450094;2022-05-15;"domingo";"09:40:00";"ES";259;45,3;"COLATINA";"Pista Escorregadia";"Queda de ocupante de veículo";"Com Vítimas Feridas";"Pleno dia";"Decrescente";"Chuva";"Simples";"Reta;Rotatória";"Não";1;0;0;1;0;0;1;1;-19,53318486;-40,57148984;"SPRF-ES";"DEL02-ES";"UOP01-DEL02-ES"
450095;2022-05-15;"domingo";"19:20:00";"RN";406;147,5;"CEARA-MIRIM";"Acessar a via sem observar a presença dos outros veículos";"Colisão transversal";"Com Vítimas Feridas";"Plena Noite";"Decrescente";"Nublado";"Simples";"Reta";"Não";2;0;0;1;0;1;1;2;-5,64619702;-35,459121;"SPRF-RN";"DEL02-RN";"UOP01-DEL02-RN"
450096;2022-05-15;"domingo";"19:20:00";"RN";406;109;"JOAO CAMARA";"Reação tardia ou ineficiente do condutor";"Capotamento";"Com Vítimas Feridas";"Plena Noite";"Crescente";"Nublado";"Simples";"Reta";"Não";4;0;4;0;0;0;4;1;-5,55410819;-35,76243306;"SPRF-RN";"DEL02-RN";"UOP01-DEL02-RN"
450097;2022-05-15;"domingo";"17:00:00";"RS";116;49,7;"VACARIA";"Condutor Dormindo";"Saída de leito carroçável";"Com Vítimas Feridas";"Anoitecer";"Crescente";"Chuva";"Simples";"Curva";"Não";1;0;1;0;0;0;1;1;-28,56891356;-51,00387124;"SPRF-RS";"DEL05-RS";"UOP03-DEL05-RS"
450098;2022-05-15;"domingo";"19:30:00";"TO";242;374;"GURUPI";"Ingestão de álcool pelo condutor";"Colisão traseira";"Sem Vítimas";"Plena Noite";"Crescente";"Céu Claro";"Simples";"Reta";"Não";3;0;0;0;3;0;0;2;-11,73543464;-49,03634369;"SPRF-TO";"DEL01-TO";"UOP02-DEL01-TO"
450100;2022-05-15;"domingo";"17:40:00";"MT";163;849;"SINOP";"Ingestão de álcool pelo condutor";"Colisão lateral mesmo sentido";"Sem Vítimas";"Anoitecer";"Crescente";"Ignorado";"Simples";"Reta";"Não";1;0;0;0;0;1;0;1;-11,734936;-55,462247;"SPRF-MT";"DEL06-MT";"NPF/DEL06-MT"
450101;2022-05-15;"domingo";"19:10:00";"PI";316;2,3;"TERESINA";"Ausência de reação do condutor";"Colisão traseira";"Sem Vítimas";"Plena Noite";"Decrescente";"Nublado";"Múltipla";"Rotatória";"Sim";2;0;0;0;2;0;0;2;-5,12477477;-42,79848465;"SPRF-PI";"DEL01-PI";"UOP02-DEL01-PI"
450102;2022-05-15;"domingo";"17:30:00";"SE";101;76;"MARUIM";"Acessar a via sem observar a presença dos outros veículos";"Colisão transversal";"Com Vítimas Feridas";"Plena Noite";"Crescente";"Nublado";"Simples";"Interseção de Vias";"Sim";5;0;1;0;4;0;1;2;-10,77357687;-37,12583705;"SPRF-SE";"DEL01-SE";"UOP01-DEL01-SE"
450103;2022-05-15;"domingo";"18:40:00";"PR";476;138;"CURITIBA";"Entrada inopinada do pedestre";"Atropelamento de Pedestre";"Com Vítimas Fatais";"Plena Noite";"Decrescente";"Céu Claro";"Múltipla";"Reta";"Sim";4;1;1;0;2;0;1;3;-25,505564;-49,283417;"SPRF-PR";"DEL01-PR";"UOP03-DEL01-PR"
450104;2022-05-15;"domingo";"18:20:00";"GO";452;17;"RIO VERDE";"Condutor deixou de manter distância do veículo da frente";"Colisão traseira";"Sem Vítimas";"Plena Noite";"Decrescente";"Garoa/Chuvisco";"Simples";"Reta";"Não";3;0;0;0;2;1;0;2;-17,85575304;-50,75816802;"SPRF-GO";"DEL04-GO";"UOP01-DEL04-GO"
450106;2022-05-15;"domingo";"19:00:00";"CE";116;483,1;"MILAGRES";"Ingestão de álcool pelo condutor";"Colisão traseira";"Com Vítimas Feridas";"Plena Noite";"Decrescente";"Céu Claro";"Simples";"Reta";"Não";4;0;1;2;1;0;3;2;-7,30815187;-38,92830004;"SPRF-CE";"DEL05-CE";"UOP03-DEL05-CE"
450108;2022-05-15;"domingo";"20:30:00";"RJ";101;281;"ITABORAI";"Ausência de reação do condutor";"Colisão traseira";"Com Vítimas Feridas";"Plena Noite";"Decrescente";"Nublado";"Dupla";"Reta";"Não";3;0;1;0;1;1;1;2;-22,73786208;-42,78692501;"SPRF-RJ";"DEL02-RJ";"UOP03-DEL02-RJ"
450109;2022-05-15;"domingo";"10:50:00";"RS";293;50;"CERRITO";"Chuva";"Tombamento";"Com Vítimas Feridas";"Pleno dia";"Crescente";"Chuva";"Simples";"Reta";"Não";2;0;2;0;0;0;2;1;-31,7310051;-52,82657602;"SPRF-RS";"DEL07-RS";"UOP01-DEL07-RS"
450111;2022-05-15;"domingo";"20:00:00";"SC";116;219;"CORREIA PINTO";"Ingestão de álcool pelo condutor";"Colisão com objeto";"Com Vítimas Feridas";"Plena Noite";"Decrescente";"Céu Claro";"Simples";"Reta";"Sim";1;0;1;0;0;0;1;1;-27,57012897;-50,37318791;"SPRF-SC";"DEL05-SC";"UOP03-DEL05-SC"
450113;2022-05-15;"domingo";"20:10:00";"GO";20;1;"FORMOSA";"Demais falhas mecânicas ou elétricas";"Incêndio";"Sem Vítimas";"Pleno dia";"Crescente";"Nublado";"Simples";"Reta";"Não";1;0;0;0;0;1;0;1;-15,579424;-47,334297;"SPRF-DF";"DEL02-DF";"UOP01-DEL02-DF"
450114;2022-05-15;"domingo";"21:30:00";"SP";116;218,8;"GUARULHOS";"Demais falhas mecânicas ou elétricas";"Colisão com objeto";"Sem Vítimas";"Plena Noite";"Crescente";"Nublado";"Simples";"Rotatória";"Sim";3;0;0;0;3;0;0;1;-23,457972;-46,479927;"SPRF-SP";"DEL01-SP";"UOP01-DEL01-SP"
450115;2022-05-15;"domingo";"21:30:00";"SC";101;114;"ITAJAI";"Animais na Pista";"Atropelamento de Animal";"Sem Vítimas";"Plena Noite";"Crescente";"Nublado";"Simples";"Reta";"Não";1;0;0;0;1;0;0;1;-26,86192886;-48,7286704;"SPRF-SC";"DEL04-SC";"UOP04-DEL04-SC"
450118;2022-05-15;"domingo";"21:10:00";"PR";116;92;"SAO JOSE DOS PINHAIS";"Ingestão de álcool pelo condutor";"Colisão lateral mesmo sentido";"Sem Vítimas";"Plena Noite";"Crescente";"Nublado";"Dupla";"Reta";"Sim";3;0;0;0;3;0;0;2;-25,47691403;-49,09767498;"SPRF-PR";"DEL01-PR";"UOP01-DEL01-PR"
450119;2022-05-15;"domingo";"21:00:00";"SC";101;300,8;"LAGUNA";"Ingestão de álcool pelo condutor";"Colisão traseira";"Com Vítimas Feridas";"Plena Noite";"Decrescente";"Nublado";"Dupla";"Reta";"Não";3;0;3;0;0;0;3;2;-28,36639518;-48,75415921;"SPRF-SC";"DEL02-SC";"UOP03-DEL02-SC"
450120;2022-05-15;"domingo";"21:15:00";"RS";468;1,2;"PALMEIRA DAS MISSOES";"Reação tardia ou ineficiente do condutor";"Saída de leito carroçável";"Com Vítimas Fatais";"Plena Noite";"Decrescente";"Nublado";"Simples";"Reta";"Não";1;1;0;0;0;0;0;1;-27,86751659;-53,31497974;"SPRF-RS";"DEL08-RS";"UOP01-DEL08-RS"
450121;2022-05-15;"domingo";"20:30:00";"BA";324;537;"CONCEICAO DO JACUIPE";"Acessar a via sem observar a presença dos outros veículos";"Colisão lateral mesmo sentido";"Com Vítimas Feridas";"Plena Noite";"Crescente";"Nublado";"Dupla";"Rotatória";"Sim";2;0;1;0;1;0;1;2;-12,36902201;-38,81384601;"SPRF-BA";"DEL01-BA";"UOP03-DEL01-BA"
450122;2022-05-15;"domingo";"21:30:00";"MG";262;193;"BELA VISTA DE MINAS";"Ausência de reação do condutor";"Colisão lateral sentido oposto";"Com Vítimas Feridas";"Plena Noite";"Crescente";"Garoa/Chuvisco";"Simples";"Curva";"Não";3;0;0;1;1;1;1;3;-19,86386999;-43,09050699;"SPRF-MG";"DEL03-MG";"UOP01-DEL03-MG"
450123;2022-05-15;"domingo";"21:15:00";"MA";135;6;"SAO LUIS";"Iluminação deficiente";"Colisão traseira";"Com Vítimas Feridas";"Plena Noite";"Decrescente";"Céu Claro";"Dupla";"Reta";"Sim";2;0;1;0;0;1;1;2;-2,53073;-44,3068;"SPRF-MA";"DEL01-MA";"UOP01-DEL01-MA"
450124;2022-05-15;"domingo";"22:00:00";"MG";365;165,6;"PIRAPORA";"Ausência de reação do condutor";"Queda de ocupante de veículo";"Com Vítimas Fatais";"Plena Noite";"Decrescente";"Céu Claro";"Simples";"Reta";"Não";1;1;0;0;0;0;0;1;-17,38264066;-44,97965606;"SPRF-MG";"DEL12-MG";"UOP01-DEL12-MG"
450126;2022-05-15;"domingo";"21:15:00";"MT";364;197;"RONDONOPOLIS";"Afundamento ou ondulação no pavimento";"Saída de leito carroçável";"Com Vítimas Feridas";"Plena Noite";"Decrescente";"Céu Claro";"Dupla";"Retorno Regulamentado";"Não";1;0;0;1;0;0;1;1;-16,51125876;-54,61517884;"SPRF-MT";"DEL02-MT";"UOP01-DEL02-MT"
450127;2022-05-15;"domingo";"16:15:00";"PR";376;421;"TIBAGI";"Reação tardia ou ineficiente do condutor";"Saída de leito carroçável";"Com Vítimas Feridas";"Pleno dia";"Decrescente";"Céu Claro";"Dupla";"Curva";"Não";6;0;4;1;0;1;5;2;-24,72548801;-50,53830472;"SPRF-PR";"DEL03-PR";"UOP02-DEL03-PR"
450129;2022-05-15;"domingo";"20:30:00";"MS";158;263;"TRES LAGOAS";"Ingestão de álcool pelo condutor";"Colisão traseira";"Com Vítimas Feridas";"Plena Noite";"Crescente";"Nublado";"Simples";"Reta";"Não";4;0;2;0;2;0;2;2;-20,74045419;-51,7291221;"SPRF-MS";"DEL07-MS";"UOP01-DEL07-MS"
450130;2022-05-15;"domingo";"20:30:00";"MS";163;23,5;"MUNDO NOVO";"Ausência de reação do condutor";"Colisão traseira";"Com Vítimas Feridas";"Plena Noite";"Decrescente";"Céu Claro";"Simples";"Reta;Aclive";"Não";2;0;1;0;1;0;1;2;-23,90417813;-54,30157316;"SPRF-MS";"DEL09-MS";"UOP02-DEL09-MS"
450133;2022-05-15;"domingo";"22:30:00";"AL";101;139;"SAO MIGUEL DOS CAMPOS";"Ausência de sinalização";"Saída de leito carroçável";"Com Vítimas Feridas";"Plena Noite";"Crescente";"Céu Claro";"Simples";"Interseção de Vias";"Não";4;0;1;0;3;0;1;1;-9,81757382;-36,1216713;"SPRF-AL";"DEL02-AL";"UOP01-DEL02-AL"
450135;2022-05-15;"domingo";"16:30:00";"CE";20;388,8;"CAUCAIA";"Pista esburacada";"Saída de leito carroçável";"Com Vítimas Feridas";"Pleno dia";"Crescente";"Céu Claro";"Simples";"Reta;Declive";"Não";4;0;0;1;3;0;1;1;-3,86600115;-38,80026688;"SPRF-CE";"DEL01-CE";"UOP01-DEL01-CE"
450137;2022-05-15;"domingo";"19:15:00";"BA";101;801;"ITAMARAJU";"Reação tardia ou ineficiente do condutor";"Saída de leito carroçável";"Com Vítimas Feridas";"Plena Noite";"Crescente";"Céu Claro";"Simples";"Reta";"Não";2;0;1;0;1;0;1;2;-17,14909391;-39,56736679;"SPRF-BA";"DEL09-BA";"UOP02-DEL09-BA"
450139;2022-05-15;"domingo";"23:30:00";"SE";101;93,3;"NOSSA SENHORA DO SOCORRO";"Animais na Pista";"Atropelamento de Animal";"Com Vítimas Fatais";"Plena Noite";"Decrescente";"Céu Claro";"Dupla";"Reta";"Não";1;1;0;0;0;0;0;1;-10,90364691;-37,14710355;"SPRF-SE";"DEL01-SE";"UOP01-DEL01-SE"
450140;2022-05-15;"domingo";"23:25:00";"SC";101;211,7;"PALHOCA";"Ingestão de álcool pelo condutor";"Saída de leito carroçável";"Sem Vítimas";"Plena Noite";"Decrescente";"Nublado";"Múltipla";"Reta";"Sim";1;0;0;0;0;1;0;1;-27,62845779;-48,65702033;"SPRF-SC";"DEL01-SC";"UOP02-DEL01-SC"
450143;2022-05-15;"domingo";"22:32:00";"RJ";393;280;"BARRA DO PIRAI";"Ingestão de álcool pelo condutor";"Colisão traseira";"Com Vítimas Feridas";"Plena Noite";"Decrescente";"Céu Claro";"Simples";"Reta";"Sim";3;0;2;1;0;0;3;2;-22,4752095;-44,0510715;"SPRF-RJ";"DEL05-RJ";"UOP04-DEL05-RJ"
450145;2022-05-15;"domingo";"18:30:00";"MA";316;611,7;"TIMON";"Ultrapassagem Indevida";"Colisão frontal";"Com Vítimas Feridas";"Anoitecer";"Decrescente";"Céu Claro";"Simples";"Reta";"Não";2;0;1;0;0;1;1;2;-5,072684;-42,868118;"SPRF-MA";"DEL03-MA";"UOP02-DEL03-MA"
450147;2022-05-15;"domingo";"23:00:00";"RS";470;165;"VILA FLORES";"Ingestão de álcool pelo condutor";"Colisão frontal";"Sem Vítimas";"Plena Noite";"Crescente";"Chuva";"Simples";"Curva";"Sim";2;0;0;0;2;0;0;2;-28,84795931;-51,57026812;"SPRF-RS";"DEL06-RS";"UOP02-DEL06-RS"
450148;2022-05-15;"domingo";"20:20:00";"RS";116;113,9;"SAO MARCOS";"Ingestão de álcool pelo condutor";"Colisão transversal";"Sem Vítimas";"Plena Noite";"Crescente";"Chuva";"Simples";"Reta";"Sim";3;0;0;0;3;0;0;2;-28,95667906;-51,08016019;"SPRF-RS";"DEL05-RS";"UOP01-DEL05-RS"
450149;2022-05-16;"segunda-feira";"00:00:00";"PR";116;120;"CURITIBA";"Ausência de reação do condutor";"Saída de leito carroçável";"Com Vítimas Feridas";"Plena Noite";"Decrescente";"Céu Claro";"Dupla";"Reta";"Não";1;0;1;0;0;0;1;1;-25,55122256;-49,30503748;"SPRF-PR";"DEL01-PR";"UOP03-DEL01-PR"
450150;2022-05-15;"domingo";"22:22:00";"MS";163;485;"CAMPO GRANDE";"Ausência de reação do condutor";"Colisão traseira";"Com Vítimas Feridas";"Plena Noite";"Decrescente";"Céu Claro";"Simples";"Reta";"Sim";3;0;0;1;2;0;1;2;-20,44233707;-54,54201834;"SPRF-MS";"DEL01-MS";"UOP02-DEL01-MS"
450151;2022-05-15;"domingo";"19:30:00";"MA";230;381;"BALSAS";"Reação tardia ou ineficiente do condutor";"Colisão traseira";"Com Vítimas Feridas";"Plena Noite";"Crescente";"Céu Claro";"Simples";"Reta";"Não";3;0;0;2;0;1;2;2;-7,3354982;-45,9561976;"SPRF-MA";"DEL05-MA";"UOP01-DEL05-MA"
450152;2022-05-15;"domingo";"23:30:00";"SC";470;161;"POUSO REDONDO";"Condutor Dormindo";"Saída de leito carroçável";"Com Vítimas Feridas";"Plena Noite";"Decrescente";"Céu Claro";"Simples";"Reta;Aclive";"Não";1;0;1;0;0;0;1;1;-27,285444;-49,807579;"SPRF-SC";"DEL04-SC";"UOP02-DEL04-SC"
450154;2022-05-16;"segunda-feira";"00:40:00";"ES";101;125;"SOORETAMA";"Transitar na contramão";"Colisão frontal";"Com Vítimas Feridas";"Plena Noite";"Crescente";"Céu Claro";"Dupla";"Reta";"Sim";2;0;1;0;1;0;1;2;-19,18496498;-40,09429827;"SPRF-ES";"DEL04-ES";"UOP01-DEL04-ES"
450155;2022-05-16;"segunda-feira";"00:30:00";"ES";101;166;"LINHARES";"Reação tardia ou ineficiente do condutor";"Queda de ocupante de veículo";"Com Vítimas Feridas";"Plena Noite";"Crescente";"Céu Claro";"Simples";"Reta";"Não";3;0;2;0;1;0;2;1;-19,52077663;-40,14566638;"SPRF-ES";"DEL04-ES";"UOP01-DEL04-ES"
450156;2022-05-16;"segunda-feira";"00:30:00";"PR";369;119;"JATAIZINHO";"Ingestão de álcool pelo condutor";"Saída de leito carroçável";"Com Vítimas Feridas";"Plena Noite";"Decrescente";"Céu Claro";"Dupla";"Reta";"Não";1;0;1;0;0;0;1;1;-23,284788;-50,896846;"SPRF-PR";"DEL07-PR";"UOP01-DEL07-PR"
450157;2022-05-15;"domingo";"19:00:00";"RS";285;569;"SAO LUIZ GONZAGA";"Desrespeitar a preferência no cruzamento";"Colisão transversal";"Com Vítimas Feridas";"Plena Noite";"Crescente";"Garoa/Chuvisco";"Simples";"Interseção de Vias";"Não";5;0;0;2;3;0;2;2;-28,413052;-54,985699;"SPRF-RS";"DEL12-RS";"UOP01-DEL12-RS"
450161;2022-05-16;"segunda-feira";"02:00:00";"MG";381;404;"BOM JESUS DO AMPARO";"Reação tardia ou ineficiente do condutor";"Tombamento";"Com Vítimas Feridas";"Plena Noite";"Decrescente";"Céu Claro";"Dupla";"Desvio Temporário";"Não";1;0;1;0;0;0;1;1;-19,7490622;-43,54398027;"SPRF-MG";"DEL01-MG";"UOP01-DEL01-MG"