"id";"data_inversa";"dia_semana";"horario";"uf";"br";"km";"municipio";"causa_acidente";"tipo_acidente";"classificacao_acidente";"fase_dia";"sentido_via";"condicao_metereologica";"tipo_pista";"tracado_via";"uso_solo";"pessoas";"mortos";"feridos_leves";"feridos_graves";"ilesos";"ignorados";"feridos";"veiculos";"latitude";"longitude";"regional";"delegacia";"uop"
450163;2022-05-16;"segunda-feira";"01:00:00";"MT";163;1078;"GUARANTA DO NORTE";"Ausência de reação do condutor";"Capotamento";"Com Vítimas Feridas";"Plena Noite";"Crescente";"Céu Claro";"Simples";"Curva";"Não";1;0;1;0;0;0;1;1;-9,836018;-54,884783;"SPRF-MT";"DEL06-MT";"NPF/DEL06-MT"
450164;2022-05-16;"segunda-feira";"01:50:00";"PR";476;276,5;"SAO MATEUS DO SUL";"Ingestão de álcool pelo condutor";"Colisão com objeto";"Sem Vítimas";"Plena Noite";"Crescente";"Céu Claro";"Simples";"Curva;Declive";"Sim";1;0;0;0;1;0;0;1;-25,87575776;-50,38720792;"SPRF-PR";"DEL02-PR";"UOP04-DEL02-PR"
450165;2022-05-16;"segunda-feira";"02:58:00";"RS";386;350;"ESTRELA";"Ingestão de álcool pelo condutor";"Colisão com objeto";"Sem Vítimas";"Plena Noite";"Crescente";"Nublado";"Dupla";"Reta";"Sim";1;0;0;0;0;1;0;1;-29,4743;-51,952923;"SPRF-RS";"DEL04-RS";"UOP02-DEL04-RS"
450167;2022-05-16;"segunda-feira";"03:00:00";"PE";232;144,1;"SAO CAITANO";"Ingestão de álcool pelo condutor";"Queda de ocupante de veículo";"Com Vítimas Feridas";"Plena Noite";"Crescente";"Céu Claro";"Simples";"Reta";"Não";2;0;0;2;0;0;2;1;-8,32522249;-36,11250878;"SPRF-PE";"DEL03-PE";"UOP02-DEL03-PE"
450169;2022-05-16;"segunda-feira";"03:15:00";"PR";369;34;"ANDIRA";"Reação tardia ou ineficiente do condutor";"Atropelamento de Animal";"Sem Vítimas";"Amanhecer";"Crescente";"Céu Claro";"Simples";"Reta";"Sim";1;0;0;0;1;0;0;1;-23,05311193;-50,24095058;"SPRF-PR";"DEL07-PR";"UOP01-DEL07-PR"
450171;2022-05-16;"segunda-feira";"03:40:00";"GO";60;116,2;"TEREZOPOLIS DE GOIAS";"Reação tardia ou ineficiente do condutor";"Saída de leito carroçável";"Com Vítimas Feridas";"Plena Noite";"Decrescente";"Céu Claro";"Dupla";"Curva";"Não";2;0;0;1;1;0;1;1;-16,4732;-49,0789;"SPRF-GO";"DEL01-GO";"UOP01-DEL01-GO"
450172;2022-05-16;"segunda-feira";"03:00:00";"SC";158;125,1;"CAIBI";"Animais na Pista";"Atropelamento de Animal";"Com Vítimas Feridas";"Plena Noite";"Decrescente";"Garoa/Chuvisco";"Simples";"Curva";"Não";3;0;3;0;0;0;3;1;-27,002884;-53,225941;"SPRF-SC";"DEL07-SC";"UOP02-DEL07-SC"
450173;2022-05-16;"segunda-feira";"03:00:00";"RS";101;51;"TERRA DE AREIA";"Ausência de reação do condutor";"Saída de leito carroçável";"Com Vítimas Feridas";"Plena Noite";"Decrescente";"Céu Claro";"Dupla";"Reta";"Sim";1;0;1;0;0;0;1;1;-29,61686873;-50,09294185;"SPRF-RS";"DEL03-RS";"UOP02-DEL03-RS"
450174;2022-05-16;"segunda-feira";"04:10:00";"SC";101;133;"BALNEARIO CAMBORIU";"Ingestão de álcool pelo condutor";"Colisão com objeto";"Sem Vítimas";"Amanhecer";"Crescente";"Nevoeiro/Neblina";"Múltipla";"Interseção de Vias";"Sim";1;0;0;0;1;0;0;1;-27,00200158;-48,63821452;"SPRF-SC";"DEL04-SC";"UOP03-DEL04-SC"
450175;2022-05-15;"domingo";"19:30:00";"RO";319;53;"PORTO VELHO";"Animais na Pista";"Atropelamento de Animal";"Com Vítimas Feridas";"Plena Noite";"Crescente";"Céu Claro";"Simples";"Reta";"Não";1;0;0;1;0;0;1;1;-8,73899749;-63,95695531;"SPRF-RO";"DEL01-RO";"UOP01-DEL01-RO"
450176;2022-05-16;"segunda-feira";"05:15:00";"PB";101;110,7;"ALHANDRA";"Reação tardia ou ineficiente do condutor";"Saída de leito carroçável";"Com Vítimas Feridas";"Amanhecer";"Crescente";"Céu Claro";"Dupla";"Retorno Regulamentado";"Sim";1;0;1;0;0;0;1;1;-7,35991317;-34,95136142;"SPRF-PB";"DEL01-PB";"UOP02-DEL01-PB"
450178;2022-05-16;"segunda-feira";"05:50:00";"PE";232;108,5;"BEZERROS";"Condutor Dormindo";"Saída de leito carroçável";"Com Vítimas Feridas";"Pleno dia";"Crescente";"Céu Claro";"Dupla";"Reta";"Não";3;0;2;0;1;0;2;1;-8,27730042;-35,80768347;"SPRF-PE";"DEL02-PE";"UOP02-DEL02PE"
450179;2022-05-16;"segunda-feira";"03:30:00";"MG";365;756;"ITUIUTABA";"Reação tardia ou ineficiente do condutor";"Saída de leito carroçável";"Com Vítimas Feridas";"Plena Noite";"Crescente";"Nublado";"Dupla";"Interseção de Vias";"Não";5;0;4;1;0;0;5;1;-18,96552162;-49,50488806;"SPRF-MG";"DEL15-MG";"UOP03-DEL15-MG"
450180;2022-05-16;"segunda-feira";"00:11:00";"SC";282;444;"PONTE SERRADA";"Demais falhas mecânicas ou elétricas";"Incêndio";"Sem Vítimas";"Plena Noite";"Crescente";"Chuva";"Simples";"Reta";"Não";1;0;0;0;1;0;0;1;-26,915865;-51,901859;"SPRF-SC";"DEL07-SC";"UOP04-DEL07-SC"
450181;2022-05-16;"segunda-feira";"06:30:00";"RS";386;329,3;"MARQUES DE SOUZA";"Ultrapassagem Indevida";"Colisão frontal";"Com Vítimas Fatais";"Amanhecer";"Crescente";"Céu Claro";"Simples";"Reta";"Não";7;1;0;0;6;0;0;4;-29,334064;-52,096725;"SPRF-RS";"DEL04-RS";"UOP01-DEL04-RS"
450183;2022-05-16;"segunda-feira";"05:50:00";"RJ";116;177;"NOVA IGUACU";"Trafegar com motocicleta (ou similar) entre as faixas";"Colisão lateral mesmo sentido";"Com Vítimas Feridas";"Pleno dia";"Decrescente";"Céu Claro";"Múltipla";"Reta";"Sim";3;0;1;0;1;1;1;2;-22,78055198;-43,39208599;"SPRF-RJ";"DEL01-RJ";"UOP02-DEL01-RJ"
450184;2022-05-16;"segunda-feira";"07:15:00";"SC";101;204,9;"SAO JOSE";"Velocidade Incompatível";"Queda de ocupante de veículo";"Com Vítimas Feridas";"Pleno dia";"Crescente";"Céu Claro";"Múltipla";"Reta";"Não";2;0;1;0;1;0;1;2;-27,57413014;-48,61363083;"SPRF-SC";"DEL01-SC";"UOP01-DEL01-SC"
450185;2022-05-16;"segunda-feira";"05:00:00";"MT";70;511;"CUIABA";"Manobra de mudança de faixa";"Saída de leito carroçável";"Sem Vítimas";"Amanhecer";"Crescente";"Nublado";"Simples";"Reta";"Não";4;0;0;0;3;1;0;1;-15,65051022;-55,99823809;"SPRF-MT";"DEL01-MT";"UOP02-DEL01-MT"
450186;2022-05-16;"segunda-feira";"07:28:00";"RN";101;94;"NATAL";"Condutor Dormindo";"Colisão traseira";"Com Vítimas Feridas";"Pleno dia";"Decrescente";"Céu Claro";"Múltipla";"Reta";"Sim";2;0;1;0;1;0;1;2;-5,83176615;-35,21191342;"SPRF-RN";"DEL01-RN";"UOP01-DEL01-RN"
450187;2022-05-16;"segunda-feira";"06:25:00";"SC";280;104,9;"SAO BENTO DO SUL";"Transitar na contramão";"Colisão frontal";"Com Vítimas Fatais";"Pleno dia";"Crescente";"Céu Claro";"Simples";"Curva;Declive";"Não";2;1;1;0;0;0;1;2;-26,344806;-49,375106;"SPRF-SC";"DEL06-SC";"UOP03-DEL06-SC"
450189;2022-05-16;"segunda-feira";"07:24:00";"SC";101;203,2;"SAO JOSE";"Trafegar com motocicleta (ou similar) entre as faixas";"Colisão lateral mesmo sentido";"Com Vítimas Feridas";"Pleno dia";"Crescente";"Nublado";"Dupla";"Reta";"Sim";3;0;2;0;1;0;2;2;-27,5650044;-48,61460082;"SPRF-SC";"DEL01-SC";"UOP01-DEL01-SC"
450190;2022-05-15;"domingo";"15:20:00";"MG";116;94,4;"MEDINA";"Reação tardia ou ineficiente do condutor";"Capotamento";"Com Vítimas Feridas";"Pleno dia";"Decrescente";"Nublado";"Simples";"Curva";"Não";3;0;2;0;1;0;2;1;-16,384692;-41,47280999;"SPRF-MG";"DEL11-MG";"UOP02-DEL11-MG"
450191;2022-05-16;"segunda-feira";"08:00:00";"PB";230;19;"JOAO PESSOA";"Condutor deixou de manter distância do veículo da frente";"Colisão traseira";"Com Vítimas Feridas";"Pleno dia";"Crescente";"Céu Claro";"Dupla";"Reta";"Não";2;0;1;0;1;0;1;2;-7,1281;-34,8466;"SPRF-PB";"DEL01-PB";"UOP01-DEL01-PB"
450192;2022-05-16;"segunda-feira";"07:45:00";"MG";381;743,8;"TRES CORACOES";"Chuva";"Atropelamento de Pedestre";"Com Vítimas Feridas";"Pleno dia";"Decrescente";"Chuva";"Dupla";"Curva";"Não";5;0;1;1;3;0;2;2;-21,62606989;-45,26880608;"SPRF-MG";"DEL16-MG";"UOP02-DEL16-MG"
450194;2022-05-16;"segunda-feira";"08:12:00";"PB";230;147,9;"CAMPINA GRANDE";"Frear bruscamente";"Tombamento";"Com Vítimas Feridas";"Pleno dia";"Crescente";"Nublado";"Dupla";"Rotatória";"Sim";1;0;1;0;0;0;1;1;-7,236385;-35,867286;"SPRF-PB";"DEL02-PB";"UOP01-DEL02-PB"
450195;2022-05-16;"segunda-feira";"08:35:00";"PB";230;14;"CABEDELO";"Condutor deixou de manter distância do veículo da frente";"Colisão traseira";"Com Vítimas Feridas";"Pleno dia";"Decrescente";"Céu Claro";"Dupla";"Curva";"Sim";2;0;1;0;1;0;1;2;-7,0844;-34,8488;"SPRF-PB";"DEL01-PB";"UOP01-DEL01-PB"
450196;2022-05-16;"segunda-feira";"07:15:00";"RJ";101;62;"CAMPOS DOS GOYTACAZES";"Ingestão de álcool pelo condutor";"Saída de leito carroçável";"Sem Vítimas";"Pleno dia";"Decrescente";"Sol";"Simples";"Reta";"Sim";1;0;0;0;1;0;0;1;-21,73473386;-41,32504025;"SPRF-RJ";"DEL08-RJ";"UOP01-DEL08-RJ"
450197;2022-05-16;"segunda-feira";"07:05:00";"RN";406;169;"SAO GONCALO DO AMARANTE";"Acessar a via sem observar a presença dos outros veículos";"Colisão lateral mesmo sentido";"Com Vítimas Feridas";"Pleno dia";"Crescente";"Céu Claro";"Dupla";"Aclive";"Sim";2;0;1;1;0;0;2;2;-5,75570118;-35,30728507;"SPRF-RN";"DEL02-RN";"UOP01-DEL02-RN"
450198;2022-05-16;"segunda-feira";"07:50:00";"MG";356;265,4;"MURIAE";"Ausência de reação do condutor";"Colisão traseira";"Sem Vítimas";"Pleno dia";"Decrescente";"Sol";"Simples";"Interseção de Vias";"Sim";2;0;0;0;2;0;0;2;-21,12838898;-42,366803;"SPRF-MG";"DEL07-MG";"UOP02-DEL07-MG"
450200;2022-05-16;"segunda-feira";"07:49:00";"PE";101;82;"JABOATAO DOS GUARARAPES";"Condutor deixou de manter distância do veículo da frente";"Engavetamento";"Com Vítimas Feridas";"Pleno dia";"Crescente";"Céu Claro";"Dupla";"Reta";"Sim";5;0;2;0;3;0;2;3;-8,168383;-34,9376;"SPRF-PE";"DEL01-PE";"UOP01-DEL01-PE"
450201;2022-05-16;"segunda-feira";"08:25:00";"RS";116;242;"SAO LEOPOLDO";"Trafegar com motocicleta (ou similar) entre as faixas";"Colisão lateral mesmo sentido";"Com Vítimas Feridas";"Pleno dia";"Crescente";"Céu Claro";"Dupla";"Reta";"Sim";2;0;1;0;1;0;1;2;-29,72297087;-51,14858729;"SPRF-RS";"DEL01-RS";"UOP02-DEL01-RS"
450202;2022-05-16;"segunda-feira";"08:20:00";"MG";381;496;"BETIM";"Ausência de reação do condutor";"Saída de leito carroçável";"Com Vítimas Feridas";"Pleno dia";"Decrescente";"Nublado";"Dupla";"Curva";"Sim";1;0;1;0;0;0;1;1;-19,99676497;-44,20958506;"SPRF-MG";"DEL01-MG";"UOP03-DEL01-MG"
450203;2022-05-16;"segunda-feira";"07:45:00";"PR";116;110,8;"CURITIBA";"Manobra de mudança de faixa";"Colisão lateral mesmo sentido";"Com Vítimas Feridas";"Amanhecer";"Decrescente";"Céu Claro";"Dupla";"Reta";"Não";2;0;2;0;0;0;2;2;-25,57012941;-49,21736805;"SPRF-PR";"DEL01-PR";"UOP06-DEL01-PR"
450204;2022-05-16;"segunda-feira";"06:10:00";"SC";280;33,8;"ARAQUARI";"Acessar a via sem observar a presença dos outros veículos";"Colisão transversal";"Com Vítimas Feridas";"Amanhecer";"Crescente";"Céu Claro";"Simples";"Reta";"Não";3;0;0;3;0;0;3;2;-26,42576441;-48,78741376;"SPRF-SC";"DEL03-SC";"UOP03-DEL03-SC"
450205;2022-05-16;"segunda-feira";"08:40:00";"PE";101;41,9;"IGARASSU";"Ausência de reação do condutor";"Saída de leito carroçável";"Com Vítimas Feridas";"Pleno dia";"Crescente";"Nublado";"Múltipla";"Reta";"Não";5;0;1;0;4;0;1;1;-7,83887431;-34,91196739;"SPRF-PE";"DEL01-PE";"UOP02-DEL01-PE"
450207;2022-05-16;"segunda-feira";"08:46:00";"MG";381;921,8;"CAMANDUCAIA";"Reação tardia ou ineficiente do condutor";"Queda de ocupante de veículo";"Com Vítimas Feridas";"Pleno dia";"Crescente";"Nublado";"Dupla";"Reta;Declive";"Não";1;0;1;0;0;0;1;1;-22,7680939;-46,20854399;"SPRF-MG";"DEL16-MG";"UOP03-DEL16-MG"
450209;2022-05-16;"segunda-feira";"08:00:00";"SC";280;24,7;"ARAQUARI";"Reação tardia ou ineficiente do condutor";"Saída de leito carroçável";"Com Vítimas Feridas";"Pleno dia";"Decrescente";"Céu Claro";"Simples";"Reta";"Não";1;0;1;0;0;0;1;1;-26,37724921;-48,71953282;"SPRF-SC";"DEL03-SC";"UOP03-DEL03-SC"
450210;2022-05-16;"segunda-feira";"07:10:00";"SC";282;539,9;"CHAPECO";"Velocidade Incompatível";"Saída de leito carroçável";"Sem Vítimas";"Amanhecer";"Crescente";"Céu Claro";"Simples";"Curva";"Não";1;0;0;0;1;0;0;1;-26,993254;-52,681767;"SPRF-SC";"DEL07-SC";"UOP01-DEL07-SC"
450211;2022-05-16;"segunda-feira";"09:23:00";"MG";262;381;"JUATUBA";"Acumulo de água sobre o pavimento";"Saída de leito carroçável";"Com Vítimas Feridas";"Pleno dia";"Decrescente";"Chuva";"Dupla";"Curva";"Não";3;0;3;0;0;0;3;1;-19,93771671;-44,44600767;"SPRF-MG";"DEL01-MG";"UOP03-DEL01-MG"
450213;2022-05-16;"segunda-feira";"09:15:00";"GO";50;143;"IPAMERI";"Demais falhas mecânicas ou elétricas";"Tombamento";"Com Vítimas Feridas";"Pleno dia";"Crescente";"Sol";"Dupla";"Reta";"Não";2;0;2;0;0;0;2;1;-17,112;-47,7205;"SPRF-GO";"DEL06-GO";"UOP01-DEL06-GO"
450214;2022-05-16;"segunda-feira";"09:15:00";"SC";101;93;"BARRA VELHA";"Ausência de reação do condutor";"Queda de ocupante de veículo";"Com Vítimas Feridas";"Pleno dia";"Crescente";"Sol";"Dupla";"Declive;Reta";"Não";2;0;1;0;1;0;1;1;-26,6899011;-48,69663873;"SPRF-SC";"DEL03-SC";"UOP02-DEL03-SC"
450216;2022-05-16;"segunda-feira";"09:00:00";"RJ";101;318,6;"SAO GONCALO";"Condutor deixou de manter distância do veículo da frente";"Colisão traseira";"Com Vítimas Feridas";"Pleno dia";"Crescente";"Garoa/Chuvisco";"Dupla";"Reta";"Sim";2;0;1;0;1;0;1;2;-22,84562994;-43,09841211;"SPRF-RJ";"DEL02-RJ";"UOP02-DEL02-RJ"
450217;2022-05-16;"segunda-feira";"09:40:00";"BA";101;263;"SANTO ANTONIO DE JESUS";"Desrespeitar a preferência no cruzamento";"Colisão transversal";"Com Vítimas Feridas";"Pleno dia";"Crescente";"Céu Claro";"Simples";"Rotatória";"Sim";3;0;2;0;1;0;2;2;-13,09003799;-39,27863203;"SPRF-BA";"DEL01-BA";"UOP02-DEL01-BA"
450219;2022-05-16;"segunda-feira";"09:30:00";"BA";101;941;"MUCURI";"Obras na pista";"Colisão traseira";"Com Vítimas Feridas";"Pleno dia";"Crescente";"Céu Claro";"Simples";"Reta";"Não";2;0;1;0;1;0;1;2;-18,16840196;-39,91873914;"SPRF-BA";"DEL09-BA";"UOP02-DEL09-BA"
450221;2022-05-16;"segunda-feira";"10:15:00";"MG";381;707,2;"NEPOMUCENO";"Ausência de reação do condutor";"Colisão com objeto";"Com Vítimas Feridas";"Pleno dia";"Decrescente";"Nublado";"Dupla";"Curva;Declive";"Não";2;0;2;0;0;0;2;1;-21,33311334;-45,17097473;"SPRF-MG";"DEL04-MG";"UOP02-DEL04-MG"
450222;2022-05-16;"segunda-feira";"06:15:00";"RN";226;169;"CURRAIS NOVOS";"Condutor deixou de manter distância do veículo da frente";"Colisão traseira";"Sem Vítimas";"Pleno dia";"Decrescente";"Céu Claro";"Simples";"Curva";"Não";2;0;0;0;2;0;0;2;-6,23998289;-36,46170309;"SPRF-RN";"DEL03-RN";"UOP02-DEL03-RN"
450223;2022-05-16;"segunda-feira";"07:50:00";"RO";364;12;"VILHENA";"Manobra de mudança de faixa";"Colisão lateral mesmo sentido";"Com Vítimas Feridas";"Pleno dia";"Decrescente";"Nublado";"Múltipla";"Rotatória";"Sim";2;0;1;0;1;0;1;2;-12,74370233;-60,12147609;"SPRF-RO";"DEL04-RO";"UOP01-DEL04-RO"
450224;2022-05-16;"segunda-feira";"09:20:00";"RJ";101;318;"SAO GONCALO";"Trafegar com motocicleta (ou similar) entre as faixas";"Colisão lateral mesmo sentido";"Com Vítimas Feridas";"Pleno dia";"Crescente";"Nublado";"Dupla";"Reta";"Sim";1;0;1;0;0;0;1;1;-22,83707798;-43,09492006;"SPRF-RJ";"DEL02-RJ";"UOP02-DEL02-RJ"
450225;2022-05-16;"segunda-feira";"10:40:00";"GO";153;439,8;"ANAPOLIS";"Condutor deixou de manter distância do veículo da frente";"Colisão traseira";"Com Vítimas Feridas";"Pleno dia";"Decrescente";"Céu Claro";"Dupla";"Reta";"Sim";2;0;1;0;1;0;1;2;-16,298529;-48,928207;"SPRF-GO";"DEL02-GO";"UOP01-DEL02-GO"
450226;2022-05-16;"segunda-feira";"10:40:00";"GO";70;4,4;"AGUAS LINDAS DE GOIAS";"Reação tardia ou ineficiente do condutor";"Colisão traseira";"Com Vítimas Feridas";"Pleno dia";"Decrescente";"Céu Claro";"Dupla";"Reta;Declive";"Sim";2;0;1;0;1;0;1;2;-15,75917318;-48,25030088;"SPRF-DF";"DEL03-DF";"UOP02-DEL03-DF"
450227;2022-05-16;"segunda-feira";"08:20:00";"SC";280;235;"CANOINHAS";"Acessar a via sem observar a presença dos outros veículos";"Colisão transversal";"Com Vítimas Feridas";"Pleno dia";"Decrescente";"Céu Claro";"Simples";"Rotatória";"Sim";2;0;1;0;1;0;1;2;-26,19206283;-50,41295701;"SPRF-SC";"DEL06-SC";"UOP04-DEL06-SC"
450229;2022-04-01;"sexta-feira";"22:00:00";"PR";116;111,4;"CURITIBA";"Condutor deixou de manter distância do veículo da frente";"Tombamento";"Com Vítimas Feridas";"Plena Noite";"Crescente";"Nublado";"Dupla";"Reta";"Sim";1;0;1;0;0;0;1;1;-25,56885181;-49,22724597;"SPRF-PR";"DEL01-PR";"UOP01-DEL01-PR"
450231;2022-05-16;"segunda-feira";"11:17:00";"GO";60;56;"ABADIANIA";"Reação tardia ou ineficiente do condutor";"Saída de leito carroçável";"Com Vítimas Feridas";"Pleno dia";"Crescente";"Céu Claro";"Dupla";"Reta";"Não";4;0;3;0;1;0;3;1;-16,1894;-48,67;"SPRF-GO";"DEL02-GO";"UOP01-DEL02-GO"
450232;2022-05-16;"segunda-feira";"11:00:00";"RS";290;99;"PORTO ALEGRE";"Ausência de reação do condutor";"Colisão traseira";"Com Vítimas Feridas";"Pleno dia";"Crescente";"Céu Claro";"Dupla";"Ponte";"Sim";2;0;1;0;0;1;1;2;-29,991756;-51,22699;"SPRF-RS";"DEL01-RS";"UOP01-DEL01-RS"
450235;2022-05-16;"segunda-feira";"07:50:00";"SC";101;272;"IMBITUBA";"Velocidade Incompatível";"Tombamento";"Com Vítimas Feridas";"Pleno dia";"Crescente";"Céu Claro";"Simples";"Rotatória;Viaduto";"Sim";2;0;0;1;1;0;1;2;-28,11780197;-48,69928995;"SPRF-SC";"DEL02-SC";"UOP03-DEL02-SC"
450236;2022-05-16;"segunda-feira";"10:30:00";"RO";364;12;"VILHENA";"Acessar a via sem observar a presença dos outros veículos";"Colisão transversal";"Com Vítimas Feridas";"Pleno dia";"Crescente";"Céu Claro";"Simples";"Rotatória";"Sim";2;0;1;0;1;0;1;2;-12,74370233;-60,12147609;"SPRF-RO";"DEL04-RO";"UOP01-DEL04-RO"
450237;2022-04-02;"sábado";"14:00:00";"SC";470;46;"GASPAR";"Reação tardia ou ineficiente do condutor";"Colisão lateral sentido oposto";"Com Vítimas Fatais";"Pleno dia";"Decrescente";"Nublado";"Simples";"Curva";"Sim";8;3;3;2;0;0;5;3;-26,860388;-49,037617;"SPRF-SC";"DEL04-SC";"UOP01-DEL04-SC"
450239;2022-02-14;"segunda-feira";"05:00:00";"BA";415;28;"ILHEUS";"Ingestão de substâncias psicoativas pelo condutor";"Colisão lateral sentido oposto";"Com Vítimas Feridas";"Amanhecer";"Crescente";"Céu Claro";"Simples";"Reta";"Sim";3;0;2;0;1;0;2;2;-14,8482;-39,281986;"SPRF-BA";"DEL05-BA";"UOP01-DEL05-BA"
450240;2022-05-16;"segunda-feira";"12:30:00";"PR";369;220;"APUCARANA";"Ausência de reação do condutor";"Colisão com objeto";"Com Vítimas Feridas";"Pleno dia";"Crescente";"Céu Claro";"Simples";"Curva";"Não";1;0;0;1;0;0;1;1;-23,59833965;-51,60617352;"SPRF-PR";"DEL07-PR";"UOP03-DEL07-PR"
450243;2022-05-16;"segunda-feira";"09:40:00";"MG";262;100;"ABRE CAMPO";"Curva acentuada";"Capotamento";"Com Vítimas Feridas";"Pleno dia";"Crescente";"Céu Claro";"Simples";"Curva";"Não";1;0;0;1;0;0;1;1;-20,293205;-42,518005;"SPRF-MG";"DEL03-MG";"UOP03-DEL03-MG"
450245;2022-05-16;"segunda-feira";"09:30:00";"MG";459;85,5;"CONGONHAL";"Mal súbito do condutor";"Saída de leito carroçável";"Com Vítimas Feridas";"Pleno dia";"Decrescente";"Chuva";"Simples";"Reta";"Sim";1;0;0;1;0;0;1;1;-22,150045;-46,027334;"SPRF-MG";"DEL09-MG";"UOP01-DEL09-MG"
450246;2022-05-16;"segunda-feira";"13:00:00";"SE";235;51,7;"ITABAIANA";"Manobra de mudança de faixa";"Colisão lateral mesmo sentido";"Com Vítimas Feridas";"Pleno dia";"Decrescente";"Nublado";"Simples";"Reta";"Sim";2;0;1;0;1;0;1;2;-10,693279;-37,437557;"SPRF-SE";"DEL01-SE";"UOP02-DEL01-SE"
450247;2022-05-16;"segunda-feira";"12:45:00";"SC";470;10;"NAVEGANTES";"Acessar a via sem observar a presença dos outros veículos";"Colisão transversal";"Com Vítimas Feridas";"Pleno dia";"Decrescente";"Céu Claro";"Simples";"Em Obras";"Sim";2;0;1;0;1;0;1;2;-26,833693;-48,73724;"SPRF-SC";"DEL04-SC";"UOP04-DEL04-SC"
450248;2022-05-16;"segunda-feira";"13:30:00";"RJ";101;16;"CAMPOS DOS GOYTACAZES";"Ultrapassagem Indevida";"Queda de ocupante de veículo";"Com Vítimas Feridas";"Pleno dia";"Crescente";"Céu Claro";"Simples";"Reta";"Não";1;0;1;0;0;0;1;1;-21,35038601;-41,33532577;"SPRF-RJ";"DEL08-RJ";"UOP01-DEL08-RJ"
450250;2022-05-16;"segunda-feira";"11:19:00";"MT";158;4;"BARRA DO GARCAS";"Condutor deixou de manter distância do veículo da frente";"Colisão traseira";"Com Vítimas Feridas";"Pleno dia";"Crescente";"Céu Claro";"Simples";"Reta";"Sim";3;0;1;0;1;1;1;3;-15,87781844;-52,29544055;"SPRF-MT";"DEL07-MT";"UOP02-DEL07-MT"
450254;2022-05-16;"segunda-feira";"10:05:00";"SP";116;227;"GUARULHOS";"Frear bruscamente";"Colisão lateral mesmo sentido";"Com Vítimas Feridas";"Pleno dia";"Crescente";"Nublado";"Múltipla";"Reta";"Sim";2;0;1;0;1;0;1;2;-23,49659264;-46,55648754;"SPRF-SP";"DEL01-SP";"UOP01-DEL01-SP"
450255;2022-05-16;"segunda-feira";"13:00:00";"PE";101;79;"JABOATAO DOS GUARARAPES";"Manobra de mudança de faixa";"Colisão traseira";"Com Vítimas Feridas";"Pleno dia";"Decrescente";"Sol";"Dupla";"Reta";"Sim";2;0;1;0;0;1;1;2;-8,14366112;-34,94723453;"SPRF-PE";"DEL01-PE";"UOP01-DEL01-PE"
450258;2022-05-16;"segunda-feira";"12:15:00";"SC";101;434;"SOMBRIO";"Condutor Dormindo";"Capotamento";"Com Vítimas Feridas";"Pleno dia";"Decrescente";"Céu Claro";"Dupla";"Reta;Aclive";"Sim";1;0;1;0;0;0;1;1;-29,09075196;-49,63226114;"SPRF-SC";"DEL02-SC";"UOP02-DEL02-SC"
450261;2022-05-16;"segunda-feira";"13:30:00";"BA";101;188;"CONCEICAO DA FEIRA";"Mal súbito do condutor";"Colisão com objeto";"Com Vítimas Feridas";"Pleno dia";"Crescente";"Nublado";"Simples";"Declive";"Não";1;0;1;0;0;0;1;1;-12,57664901;-38,98154193;"SPRF-BA";"DEL01-BA";"UOP03-DEL01-BA"
450262;2022-05-16;"segunda-feira";"14:00:00";"GO";60;330,7;"ACREUNA";"Condutor Dormindo";"Capotamento";"Sem Vítimas";"Pleno dia";"Decrescente";"Sol";"Dupla";"Curva";"Não";1;0;0;0;1;0;0;1;-17,5538;-50,5192;"SPRF-GO";"DEL04-GO";"UOP01-DEL04-GO"
450264;2022-05-16;"segunda-feira";"14:30:00";"PR";476;143;"CURITIBA";"Pedestre cruzava a pista fora da faixa";"Atropelamento de Pedestre";"Com Vítimas Feridas";"Pleno dia";"Crescente";"Céu Claro";"Múltipla";"Reta";"Sim";2;0;1;0;1;0;1;2;-25,543802;-49,305328;"SPRF-PR";"DEL01-PR";"UOP06-DEL01-PR"
450265;2022-05-16;"segunda-feira";"14:15:00";"GO";50;155,8;"CAMPO ALEGRE DE GOIAS";"Condutor Dormindo";"Saída de leito carroçável";"Com Vítimas Feridas";"Pleno dia";"Crescente";"Sol";"Dupla";"Reta";"Não";2;0;2;0;0;0;2;1;-17,2132;-47,749;"SPRF-GO";"DEL06-GO";"UOP01-DEL06-GO"
450266;2022-05-16;"segunda-feira";"13:40:00";"MS";267;367,6;"MARACAJU";"Ausência de reação do condutor";"Capotamento";"Com Vítimas Feridas";"Pleno dia";"Decrescente";"Nublado";"Dupla";"Rotatória";"Não";1;0;1;0;0;0;1;1;-21,63909928;-55,16909091;"SPRF-MS";"DEL05-MS";"UOP01-DEL05-MS"
450268;2022-05-16;"segunda-feira";"15:00:00";"PR";116;128;"FAZENDA RIO GRANDE";"Reação tardia ou ineficiente do condutor";"Colisão traseira";"Sem Vítimas";"Pleno dia";"Crescente";"Céu Claro";"Dupla";"Viaduto";"Sim";3;0;0;0;3;0;0;3;-25,66056589;-49,3125288;"SPRF-PR";"DEL01-PR";"UOP03-DEL01-PR"
450270;2022-05-16;"segunda-feira";"13:00:00";"AC";364;120;"RIO BRANCO";"Acessar a via sem observar a presença dos outros veículos";"Colisão transversal";"Com Vítimas Feridas";"Pleno dia";"Decrescente";"Céu Claro";"Simples";"Reta";"Sim";2;0;1;0;1;0;1;2;-10,01220781;-67,76037108;"SPRF-AC";"DEL01-AC";"UOP01-DEL01-AC"