"id";"data_inversa";"dia_semana";"horario";"uf";"br";"km";"municipio";"causa_acidente";"tipo_acidente";"classificacao_acidente";"fase_dia";"sentido_via";"condicao_metereologica";"tipo_pista";"tracado_via";"uso_solo";"pessoas";"mortos";"feridos_leves";"feridos_graves";"ilesos";"ignorados";"feridos";"veiculos";"latitude";"longitude";"regional";"delegacia";"uop"
450271;2022-05-16;"segunda-feira";"15:30:00";"SC";101;195,8;"BIGUACU";"Reação tardia ou ineficiente do condutor";"Colisão traseira";"Com Vítimas Feridas";"Pleno dia";"Crescente";"Céu Claro";"Simples";"Aclive";"Sim";2;0;1;0;1;0;1;2;-27,5047092;-48,65010819;"SPRF-SC";"DEL01-SC";"UOP01-DEL01-SC"
450272;2022-05-16;"segunda-feira";"15:40:00";"DF";20;17,4;"BRASILIA";"Pista Escorregadia";"Queda de ocupante de veículo";"Com Vítimas Feridas";"Pleno dia";"Crescente";"Garoa/Chuvisco";"Dupla";"Reta";"Sim";1;0;1;0;0;0;1;1;-15,621374;-47,71698;"SPRF-DF";"DEL02-DF";"UOP01-DEL02-DF"
450273;2022-05-16;"segunda-feira";"15:35:00";"MG";459;84,6;"CONGONHAL";"Acessar a via sem observar a presença dos outros veículos";"Colisão transversal";"Com Vítimas Feridas";"Pleno dia";"Crescente";"Sol";"Simples";"Reta";"Sim";2;0;0;1;1;0;1;2;-22,151875;-46,052856;"SPRF-MG";"DEL09-MG";"UOP01-DEL09-MG"
450275;2022-05-16;"segunda-feira";"15:15:00";"RS";285;496;"ENTRE-IJUIS";"Velocidade Incompatível";"Colisão frontal";"Com Vítimas Feridas";"Pleno dia";"Decrescente";"Céu Claro";"Simples";"Curva";"Sim";2;0;1;0;1;0;1;2;-28,37772;-54,257889;"SPRF-RS";"DEL10-RS";"UOP01-DEL10-RS"
450276;2022-02-25;"sexta-feira";"14:40:00";"SP";116;150,5;"SAO JOSE DOS CAMPOS";"Frear bruscamente";"Eventos atípicos";"Com Vítimas Feridas";"Pleno dia";"Decrescente";"Ignorado";"Múltipla";"Reta";"Sim";2;0;2;0;0;0;2;1;-23,21695284;-45,8967483;"SPRF-SP";"DEL02-SP";"UOP01-DEL02-SP"
450280;2022-05-16;"segunda-feira";"14:30:00";"SC";480;126,3;"CHAPECO";"Velocidade Incompatível";"Colisão com objeto";"Sem Vítimas";"Pleno dia";"Crescente";"Sol";"Simples";"Interseção de Vias";"Sim";1;0;0;0;1;0;0;1;-27,020083;-52,636024;"SPRF-SC";"DEL07-SC";"UOP01-DEL07-SC"
450283;2022-05-16;"segunda-feira";"16:15:00";"SC";101;175;"BIGUACU";"Demais falhas mecânicas ou elétricas";"Queda de ocupante de veículo";"Com Vítimas Feridas";"Pleno dia";"Crescente";"Céu Claro";"Dupla";"Curva";"Não";2;0;2;0;0;0;2;1;-27,33963303;-48,62734885;"SPRF-SC";"DEL01-SC";"UOP01-DEL01-SC"
450284;2022-05-16;"segunda-feira";"16:55:00";"SP";153;74,7;"BADY BASSITT";"Ausência de reação do condutor";"Tombamento";"Com Vítimas Feridas";"Pleno dia";"Decrescente";"Nublado";"Dupla";"Declive";"Sim";1;0;1;0;0;0;1;1;-20,88538598;-49,42676402;"SPRF-SP";"DEL09-SP";"UOP01-DEL09-SP"
450285;2022-03-31;"quinta-feira";"18:45:00";"RS";116;267,5;"CANOAS";"Trafegar com motocicleta (ou similar) entre as faixas";"Colisão traseira";"Com Vítimas Feridas";"Plena Noite";"Decrescente";"Céu Claro";"Dupla";"Reta";"Sim";3;0;2;0;1;0;2;2;-29,94348076;-51,17688596;"SPRF-RS";"DEL01-RS";"UOP01-DEL01-RS"
450287;2022-05-16;"segunda-feira";"14:45:00";"SC";101;247;"PAULO LOPES";"Ausência de reação do condutor";"Colisão lateral mesmo sentido";"Com Vítimas Feridas";"Pleno dia";"Decrescente";"Céu Claro";"Dupla";"Retorno Regulamentado";"Não";2;0;1;0;1;0;1;2;-27,91824491;-48,65414317;"SPRF-SC";"DEL02-SC";"UOP03-DEL02-SC"
450288;2022-05-16;"segunda-feira";"17:25:00";"PE";101;79;"RECIFE";"Transitar no acostamento";"Atropelamento de Pedestre";"Com Vítimas Feridas";"Plena Noite";"Decrescente";"Céu Claro";"Dupla";"Curva";"Sim";3;0;1;0;2;0;1;2;-8,14366112;-34,94723453;"SPRF-PE";"DEL01-PE";"UOP01-DEL01-PE"
450289;2022-05-16;"segunda-feira";"17:49:00";"GO";40;1,5;"VALPARAISO DE GOIAS";"Entrada inopinada do pedestre";"Atropelamento de Pedestre";"Com Vítimas Feridas";"Plena Noite";"Crescente";"Chuva";"Dupla";"Reta";"Sim";2;0;1;0;0;1;1;2;-16,058245;-47,982825;"SPRF-DF";"DEL01-DF";"UOP01-DEL01-DF"
450290;2022-05-16;"segunda-feira";"18:13:00";"GO";40;6;"VALPARAISO DE GOIAS";"Acumulo de água sobre o pavimento";"Colisão traseira";"Com Vítimas Feridas";"Anoitecer";"Crescente";"Chuva";"Dupla";"Reta";"Sim";2;0;1;0;1;0;1;2;-16,100814;-47,977351;"SPRF-DF";"DEL01-DF";"UOP01-DEL01-DF"
450291;2022-05-16;"segunda-feira";"17:15:00";"RJ";101;324;"NITEROI";"Trafegar com motocicleta (ou similar) entre as faixas";"Colisão lateral mesmo sentido";"Com Vítimas Feridas";"Plena Noite";"Decrescente";"Garoa/Chuvisco";"Múltipla";"Reta";"Não";3;0;1;0;2;0;1;3;-22,87381074;-43,12640997;"SPRF-RJ";"DEL02-RJ";"UOP01-DEL02-RJ"
450293;2022-05-16;"segunda-feira";"14:00:00";"MG";146;491;"POCOS DE CALDAS";"Conversão proibida";"Colisão transversal";"Sem Vítimas";"Pleno dia";"Decrescente";"Céu Claro";"Simples";"Reta;Declive";"Sim";4;0;0;0;4;0;0;2;-21,80791552;-46,48240512;"SPRF-MG";"DEL09-MG";"UOP01-DEL09-MG"
450294;2022-05-16;"segunda-feira";"16:00:00";"RO";364;1020;"PORTO VELHO";"Condutor deixou de manter distância do veículo da frente";"Colisão transversal";"Sem Vítimas";"Anoitecer";"Crescente";"Chuva";"Simples";"Reta";"Não";2;0;0;0;2;0;0;2;-9,74067384;-66,17418703;"SPRF-RO";"DEL01-RO";"UOP03-DEL01-RO"
450296;2022-05-16;"segunda-feira";"16:20:00";"PR";116;122;"CURITIBA";"Ausência de reação do condutor";"Tombamento";"Sem Vítimas";"Pleno dia";"Decrescente";"Céu Claro";"Simples";"Reta";"Sim";1;0;0;0;0;1;0;1;-25,56857207;-49,31023179;"SPRF-PR";"DEL01-PR";"UOP03-DEL01-PR"
450297;2022-05-16;"segunda-feira";"18:46:00";"GO";153;500;"GOIANIA";"Reação tardia ou ineficiente do condutor";"Colisão traseira";"Com Vítimas Feridas";"Plena Noite";"Decrescente";"Céu Claro";"Dupla";"Reta";"Sim";3;0;2;0;1;0;2;2;-16,7118;-49,2324;"SPRF-GO";"DEL01-GO";"UOP01-DEL01-GO"
450298;2022-05-16;"segunda-feira";"18:30:00";"MG";40;525;"CONTAGEM";"Manobra de mudança de faixa";"Tombamento";"Com Vítimas Feridas";"Plena Noite";"Decrescente";"Nublado";"Dupla";"Reta";"Não";1;0;1;0;0;0;1;1;-19,892828;-44,049943;"SPRF-MG";"DEL01-MG";"UOP02-DEL01-MG"
450299;2022-05-16;"segunda-feira";"13:45:00";"PE";101;133,8;"ESCADA";"Reação tardia ou ineficiente do condutor";"Saída de leito carroçável";"Com Vítimas Feridas";"Pleno dia";"Decrescente";"Céu Claro";"Dupla";"Reta";"Não";1;0;1;0;0;0;1;1;-8,409712;-35,285527;"SPRF-PE";"DEL01-PE";"UOP03-DEL01-PE"
450300;2022-05-16;"segunda-feira";"19:00:00";"RS";116;254,4;"SAPUCAIA DO SUL";"Reação tardia ou ineficiente do condutor";"Colisão traseira";"Com Vítimas Feridas";"Plena Noite";"Decrescente";"Nublado";"Dupla";"Reta";"Sim";6;0;5;0;1;0;5;3;-29,82757498;-51,17259439;"SPRF-RS";"DEL01-RS";"UOP02-DEL01-RS"
450301;2022-05-16;"segunda-feira";"18:40:00";"SP";116;229,5;"SAO PAULO";"Pedestre andava na pista";"Atropelamento de Pedestre";"Sem Vítimas";"Plena Noite";"Crescente";"Nublado";"Múltipla";"Reta";"Sim";1;0;0;0;1;0;0;1;-23,51291902;-46,57604698;"SPRF-SP";"DEL01-SP";"UOP01-DEL01-SP"
450303;2022-05-16;"segunda-feira";"17:40:00";"SC";470;33;"GASPAR";"Manobra de mudança de faixa";"Colisão lateral mesmo sentido";"Com Vítimas Feridas";"Anoitecer";"Crescente";"Nublado";"Dupla";"Reta";"Sim";2;0;0;1;1;0;1;2;-26,906223;-48,940575;"SPRF-SC";"DEL04-SC";"UOP01-DEL04-SC"
450307;2022-05-16;"segunda-feira";"17:50:00";"BA";324;560;"SAO SEBASTIAO DO PASSE";"Acessar a via sem observar a presença dos outros veículos";"Colisão transversal";"Com Vítimas Feridas";"Anoitecer";"Decrescente";"Céu Claro";"Dupla";"Reta";"Não";5;0;5;0;0;0;5;2;-12,49250283;-38,65366887;"SPRF-BA";"DEL01-BA";"UOP01-DEL01-BA"
450308;2022-05-16;"segunda-feira";"18:20:00";"MG";381;481;"CONTAGEM";"Condutor deixou de manter distância do veículo da frente";"Colisão traseira";"Com Vítimas Feridas";"Anoitecer";"Crescente";"Nublado";"Múltipla";"Reta";"Sim";2;0;1;0;1;0;1;2;-19,95846182;-44,06040609;"SPRF-MG";"DEL01-MG";"UOP03-DEL01-MG"
450309;2022-05-16;"segunda-feira";"18:25:00";"SC";280;2,8;"SAO FRANCISCO DO SUL";"Acessar a via sem observar a presença dos outros veículos";"Colisão transversal";"Com Vítimas Feridas";"Plena Noite";"Crescente";"Céu Claro";"Simples";"Curva";"Sim";2;0;0;2;0;0;2;2;-26,23700996;-48,61979093;"SPRF-SC";"DEL03-SC";"UOP03-DEL03-SC"
450310;2022-05-16;"segunda-feira";"18:35:00";"MS";158;253;"TRES LAGOAS";"Transitar no acostamento";"Colisão traseira";"Com Vítimas Fatais";"Anoitecer";"Crescente";"Céu Claro";"Simples";"Reta";"Não";2;1;0;0;1;0;0;2;-20,67211198;-51,78460699;"SPRF-MS";"DEL07-MS";"UOP01-DEL07-MS"
450311;2022-05-16;"segunda-feira";"16:40:00";"PR";116;170;"QUITANDINHA";"Conversão proibida";"Colisão transversal";"Com Vítimas Feridas";"Pleno dia";"Crescente";"Céu Claro";"Simples";"Reta";"Não";7;0;1;1;5;0;2;3;-25,87465933;-49,48100991;"SPRF-PR";"DEL01-PR";"UOP03-DEL01-PR"
450312;2022-05-16;"segunda-feira";"19:00:00";"SC";101;332;"TUBARAO";"Condutor deixou de manter distância do veículo da frente";"Colisão traseira";"Com Vítimas Feridas";"Plena Noite";"Decrescente";"Céu Claro";"Simples";"Interseção de Vias";"Sim";2;0;1;0;1;0;1;2;-28,46016431;-48,98968873;"SPRF-SC";"DEL02-SC";"UOP01-DEL02-SC"
450315;2022-05-16;"segunda-feira";"18:15:00";"MG";262;77,3;"MATIPO";"Transitar na contramão";"Colisão frontal";"Com Vítimas Fatais";"Anoitecer";"Decrescente";"Nublado";"Simples";"Curva";"Não";2;1;1;0;0;0;1;2;-20,33661994;-42,34859958;"SPRF-MG";"DEL03-MG";"UOP03-DEL03-MG"
450316;2022-05-16;"segunda-feira";"19:15:00";"GO";40;12;"LUZIANIA";"Acumulo de água sobre o pavimento";"Colisão traseira";"Com Vítimas Feridas";"Plena Noite";"Crescente";"Céu Claro";"Dupla";"Reta";"Sim";2;0;1;0;1;0;1;2;-16,145123;-47,945382;"SPRF-DF";"DEL01-DF";"UOP01-DEL01-DF"
450319;2022-05-16;"segunda-feira";"19:30:00";"SP";116;269,8;"TABOAO DA SERRA";"Manobra de mudança de faixa";"Colisão lateral mesmo sentido";"Com Vítimas Feridas";"Plena Noite";"Crescente";"Céu Claro";"Dupla";"Reta";"Sim";3;0;1;0;2;0;1;2;-23,61593059;-46,78826044;"SPRF-SP";"DEL04-SP";"UOP01-DEL04-SP"
450320;2022-05-16;"segunda-feira";"18:30:00";"PR";116;16;"COLOMBO";"Pedestre cruzava a pista fora da faixa";"Atropelamento de Pedestre";"Com Vítimas Fatais";"Anoitecer";"Crescente";"Nublado";"Dupla";"Reta";"Sim";2;1;0;0;1;0;0;2;-25,3874;-49,1774;"SPRF-PR";"DEL01-PR";"UOP02-DEL01-PR"
450321;2022-05-16;"segunda-feira";"20:00:00";"DF";40;5;"BRASILIA";"Trafegar com motocicleta (ou similar) entre as faixas";"Colisão lateral mesmo sentido";"Com Vítimas Feridas";"Plena Noite";"Crescente";"Chuva";"Dupla";"Reta";"Sim";3;0;1;1;1;0;2;2;-16,020903;-47,980541;"SPRF-DF";"DEL01-DF";"UOP01-DEL01-DF"
450323;2022-05-16;"segunda-feira";"17:50:00";"PE";101;184,3;"PALMARES";"Reação tardia ou ineficiente do condutor";"Atropelamento de Pedestre";"Com Vítimas Feridas";"Anoitecer";"Decrescente";"Céu Claro";"Dupla";"Reta";"Não";2;0;0;2;0;0;2;2;-8,66602702;-35,57292197;"SPRF-PE";"DEL01-PE";"UOP03-DEL01-PE"
450325;2022-05-16;"segunda-feira";"18:30:00";"MG";365;735,9;"CANAPOLIS";"Velocidade Incompatível";"Tombamento";"Com Vítimas Feridas";"Plena Noite";"Decrescente";"Céu Claro";"Simples";"Reta";"Não";2;0;1;0;0;1;1;1;-18,90585964;-49,32623604;"SPRF-MG";"DEL15-MG";"UOP03-DEL15-MG"
450326;2022-05-16;"segunda-feira";"19:30:00";"SP";116;125,4;"CACAPAVA";"Pedestre andava na pista";"Atropelamento de Pedestre";"Com Vítimas Fatais";"Plena Noite";"Crescente";"Nublado";"Dupla";"Reta;Declive";"Não";2;1;0;0;1;0;0;2;-23,09872598;-45,68608201;"SPRF-SP";"DEL02-SP";"UOP02-DEL02-SP"
450327;2022-05-16;"segunda-feira";"19:30:00";"PB";101;86;"JOAO PESSOA";"Entrada inopinada do pedestre";"Atropelamento de Pedestre";"Com Vítimas Feridas";"Plena Noite";"Crescente";"Céu Claro";"Dupla";"Reta";"Sim";2;0;0;1;0;1;1;2;-7,15118983;-34,91012184;"SPRF-PB";"DEL01-PB";"UOP01-DEL01-PB"
450328;2022-05-16;"segunda-feira";"16:20:00";"MG";116;413;"GOVERNADOR VALADARES";"Retorno proibido";"Colisão transversal";"Com Vítimas Feridas";"Pleno dia";"Crescente";"Sol";"Simples";"Reta";"Sim";2;0;1;0;1;0;1;2;-18,873907;-41,966366;"SPRF-MG";"DEL06-MG";"UOP01-DEL06-MG"
450329;2022-05-16;"segunda-feira";"20:00:00";"PR";376;185,6;"SARANDI";"Animais na Pista";"Atropelamento de Animal";"Com Vítimas Feridas";"Plena Noite";"Decrescente";"Céu Claro";"Dupla";"Reta";"Sim";3;0;0;1;2;0;1;2;-23,45147413;-51,85361808;"SPRF-PR";"DEL09-PR";"UOP01-DEL09-PR"
450330;2022-05-08;"domingo";"20:30:00";"RS";386;273;"FONTOURA XAVIER";"Pedestre andava na pista";"Atropelamento de Pedestre";"Com Vítimas Feridas";"Plena Noite";"Decrescente";"Céu Claro";"Simples";"Reta";"Não";3;0;0;1;2;0;1;2;-28,994553;-52,359726;"SPRF-RS";"DEL04-RS";"UOP03-DEL04-RS"
450332;2022-05-16;"segunda-feira";"20:20:00";"PR";153;18;"JACAREZINHO";"Entrada inopinada do pedestre";"Atropelamento de Pedestre";"Com Vítimas Feridas";"Plena Noite";"Decrescente";"Céu Claro";"Simples";"Aclive;Reta";"Sim";2;0;0;1;1;0;1;2;-23,135487;-49,9450358;"SPRF-PR";"DEL07-PR";"UOP04-DEL07-PR"
450333;2022-05-16;"segunda-feira";"19:50:00";"RJ";465;13;"SEROPEDICA";"Entrada inopinada do pedestre";"Atropelamento de Pedestre";"Com Vítimas Feridas";"Plena Noite";"Crescente";"Nublado";"Simples";"Reta";"Sim";2;0;1;0;1;0;1;2;-22,798468;-43,645508;"SPRF-RJ";"DEL01-RJ";"UOP03-DEL01-RJ"
450335;2022-05-16;"segunda-feira";"19:15:00";"RJ";493;98;"SEROPEDICA";"Velocidade Incompatível";"Saída de leito carroçável";"Com Vítimas Feridas";"Plena Noite";"Crescente";"Chuva";"Dupla";"Reta";"Não";1;0;1;0;0;0;1;1;-22,71645885;-43,70661736;"SPRF-RJ";"DEL03-RJ";"UOP01-DEL03-RJ"
450336;2022-05-16;"segunda-feira";"18:00:00";"GO";153;227;"HIDROLINA";"Reação tardia ou ineficiente do condutor";"Colisão traseira";"Com Vítimas Feridas";"Plena Noite";"Crescente";"Céu Claro";"Simples";"Reta";"Não";4;0;1;0;3;0;1;1;-14,740367;-49,245876;"SPRF-GO";"DEL07-GO";"UOP02-DEL07-GO"
450338;2022-05-16;"segunda-feira";"19:00:00";"SP";116;446;"REGISTRO";"Acessar a via sem observar a presença dos outros veículos";"Colisão lateral sentido oposto";"Com Vítimas Feridas";"Plena Noite";"Crescente";"Garoa/Chuvisco";"Dupla";"Interseção de Vias";"Não";2;0;2;0;0;0;2;2;-24,50467087;-47,84772743;"SPRF-SP";"DEL05-SP";"UOP01-DEL05-SP"
450339;2022-05-16;"segunda-feira";"21:34:00";"SP";153;64,2;"SAO JOSE DO RIO PRETO";"Acumulo de óleo sobre o pavimento";"Tombamento";"Com Vítimas Feridas";"Plena Noite";"Crescente";"Céu Claro";"Dupla";"Viaduto";"Sim";2;0;2;0;0;0;2;1;-20,82149698;-49,35764818;"SPRF-SP";"DEL09-SP";"UOP01-DEL09-SP"
450340;2022-05-16;"segunda-feira";"20:00:00";"SP";116;279;"EMBU DAS ARTES";"Reação tardia ou ineficiente do condutor";"Queda de ocupante de veículo";"Com Vítimas Feridas";"Pleno dia";"Crescente";"Céu Claro";"Dupla";"Reta";"Não";1;0;0;1;0;0;1;1;-23,66233697;-46,85292907;"SPRF-SP";"DEL04-SP";"UOP01-DEL04-SP"
450341;2022-05-16;"segunda-feira";"17:45:00";"RJ";493;114;"ITAGUAI";"Objeto estático sobre o leito carroçável";"Colisão traseira";"Com Vítimas Feridas";"Anoitecer";"Decrescente";"Garoa/Chuvisco";"Dupla";"Reta";"Não";3;0;1;0;2;0;1;2;-22,835177;-43,80942;"SPRF-RJ";"DEL03-RJ";"UOP01-DEL03-RJ"
450342;2022-05-16;"segunda-feira";"22:05:00";"ES";101;131;"LINHARES";"Ausência de reação do condutor";"Colisão traseira";"Com Vítimas Feridas";"Plena Noite";"Decrescente";"Céu Claro";"Simples";"Reta";"Não";2;0;0;1;0;1;1;2;-19,238965;-40,09170698;"SPRF-ES";"DEL04-ES";"UOP01-DEL04-ES"
450343;2022-05-16;"segunda-feira";"19:00:00";"SP";116;169;"JACAREI";"Reação tardia ou ineficiente do condutor";"Queda de ocupante de veículo";"Com Vítimas Feridas";"Plena Noite";"Decrescente";"Céu Claro";"Dupla";"Reta";"Sim";1;0;1;0;0;0;1;1;-23,307652;-46,045128;"SPRF-SP";"DEL02-SP";"UOP01-DEL02-SP"
450345;2022-05-16;"segunda-feira";"20:30:00";"MT";364;383;"SANTO ANTONIO DO LEVERGER";"Demais falhas mecânicas ou elétricas";"Incêndio";"Com Vítimas Feridas";"Plena Noite";"Crescente";"Céu Claro";"Dupla";"Reta";"Não";31;0;1;0;30;0;1;1;-15,70277198;-55,791351;"SPRF-MT";"DEL01-MT";"UOP02-DEL01-MT"
450347;2022-05-16;"segunda-feira";"10:50:00";"RO";364;710;"PORTO VELHO";"Pista Escorregadia";"Tombamento";"Com Vítimas Feridas";"Pleno dia";"Crescente";"Nublado";"Dupla";"Retorno Regulamentado";"Sim";1;0;1;0;0;0;1;1;-8,78621576;-63,85712687;"SPRF-RO";"DEL01-RO";"UOP01-DEL01-RO"
450349;2022-05-16;"segunda-feira";"20:30:00";"RJ";116;115;"MAGE";"Entrada inopinada do pedestre";"Atropelamento de Pedestre";"Com Vítimas Feridas";"Plena Noite";"Crescente";"Chuva";"Dupla";"Curva";"Não";2;0;0;1;0;1;1;2;-22,58686665;-43,0179492;"SPRF-RJ";"DEL04-RJ";"UOP02-DEL04-RJ"
450350;2022-05-16;"segunda-feira";"23:00:00";"PB";230;9,3;"CABEDELO";"Manobra de mudança de faixa";"Colisão traseira";"Com Vítimas Fatais";"Plena Noite";"Decrescente";"Chuva";"Dupla";"Declive;Em Obras";"Sim";3;1;0;0;2;0;0;2;-7,0433;-34,8466;"SPRF-PB";"DEL01-PB";"UOP01-DEL01-PB"
450351;2022-05-16;"segunda-feira";"12:40:00";"PE";101;123,8;"ESCADA";"Condutor deixou de manter distância do veículo da frente";"Colisão traseira";"Sem Vítimas";"Pleno dia";"Crescente";"Céu Claro";"Dupla";"Interseção de Vias";"Sim";2;0;0;0;1;1;0;2;-8,35963442;-35,20419694;"SPRF-PE";"DEL01-PE";"UOP03-DEL01-PE"
450352;2022-05-04;"quarta-feira";"18:14:00";"MG";364;29;"FRUTAL";"Acessar a via sem observar a presença dos outros veículos";"Colisão transversal";"Com Vítimas Feridas";"Plena Noite";"Crescente";"Céu Claro";"Simples";"Reta";"Não";3;0;1;0;1;1;1;3;-20,017783;-48,909553;"SPRF-MG";"DEL13-MG";"UOP02-DEL13-MG"
450353;2022-05-09;"segunda-feira";"14:40:00";"RO";364;616;"ITAPUA DO OESTE";"Reação tardia ou ineficiente do condutor";"Colisão com objeto";"Sem Vítimas";"Pleno dia";"Crescente";"Chuva";"Simples";"Curva";"Não";4;0;0;0;4;0;0;1;-9,11527788;-63,26518087;"SPRF-RO";"DEL01-RO";"UOP04-DEL01-RO"
450354;2022-05-16;"segunda-feira";"23:44:00";"PR";277;37;"MORRETES";"Condutor Dormindo";"Colisão traseira";"Com Vítimas Feridas";"Plena Noite";"Decrescente";"Céu Claro";"Dupla";"Reta";"Não";1;0;1;0;0;0;1;1;-25,57145652;-48,83989871;"SPRF-PR";"DEL01-PR";"UOP05-DEL01-PR"
450358;2022-05-17;"terça-feira";"00:20:00";"MA";316;265;"SANTA INES";"Frear bruscamente";"Capotamento";"Com Vítimas Feridas";"Plena Noite";"Crescente";"Céu Claro";"Simples";"Reta";"Sim";2;0;0;1;0;1;1;1;-3,677107;-45,354866;"SPRF-MA";"DEL02-MA";"UOP01-DEL02-MA"
450361;2022-05-17;"terça-feira";"03:50:00";"MG";40;517,8;"RIBEIRAO DAS NEVES";"Animais na Pista";"Atropelamento de Animal";"Com Vítimas Feridas";"Amanhecer";"Crescente";"Céu Claro";"Dupla";"Reta";"Sim";1;0;0;1;0;0;1;1;-19,82351202;-44,08438913;"SPRF-MG";"DEL01-MG";"UOP02-DEL01-MG"
450363;2022-05-17;"terça-feira";"06:30:00";"SC";101;203;"SAO JOSE";"Reação tardia ou ineficiente do condutor";"Saída de leito carroçável";"Sem Vítimas";"Pleno dia";"Decrescente";"Céu Claro";"Simples";"Reta";"Não";3;0;0;0;1;2;0;3;-27,5650044;-48,61460082;"SPRF-SC";"DEL01-SC";"UOP01-DEL01-SC"
450364;2022-05-17;"terça-feira";"06:50:00";"DF";20;4;"BRASILIA";"Trafegar com motocicleta (ou similar) entre as faixas";"Colisão lateral mesmo sentido";"Com Vítimas Feridas";"Pleno dia";"Decrescente";"Sol";"Dupla";"Reta";"Sim";2;0;1;0;1;0;1;2;-15,675484;-47,823761;"SPRF-DF";"DEL02-DF";"UOP01-DEL02-DF"
450366;2022-05-17;"terça-feira";"07:10:00";"MG";40;599;"OURO PRETO";"Velocidade Incompatível";"Colisão traseira";"Com Vítimas Feridas";"Pleno dia";"Crescente";"Nublado";"Simples";"Aclive;Reta";"Não";3;0;1;1;0;1;2;2;-20,42885439;-43,85948181;"SPRF-MG";"DEL05-MG";"UOP02-DEL05-MG"
450369;2022-05-17;"terça-feira";"06:20:00";"RS";392;352,9;"SANTA MARIA";"Reação tardia ou ineficiente do condutor";"Colisão traseira";"Com Vítimas Feridas";"Amanhecer";"Crescente";"Céu Claro";"Simples";"Reta";"Sim";4;0;1;0;3;0;1;2;-29,720404;-53,807632;"SPRF-RS";"DEL09-RS";"UOP01-DEL09-RS"
450370;2022-05-17;"terça-feira";"07:00:00";"SC";101;112;"ITAJAI";"Manobra de mudança de faixa";"Colisão transversal";"Com Vítimas Feridas";"Pleno dia";"Crescente";"Céu Claro";"Dupla";"Reta";"Não";2;0;2;0;0;0;2;2;-26,84672926;-48,72125387;"SPRF-SC";"DEL04-SC";"UOP04-DEL04-SC"
450371;2022-03-10;"quinta-feira";"19:20:00";"RN";304;106;"ACU";"Acessar a via sem observar a presença dos outros veículos";"Colisão transversal";"Com Vítimas Feridas";"Plena Noite";"Decrescente";"Chuva";"Simples";"Interseção de Vias";"Não";5;0;3;1;1;0;4;3;-5,58869235;-36,97199195;"SPRF-RN";"DEL04-RN";"UOP01-DEL04-RN"
450372;2022-05-17;"terça-feira";"07:05:00";"PR";277;591,3;"CASCAVEL";"Animais na Pista";"Atropelamento de Animal";"Com Vítimas Feridas";"Pleno dia";"Decrescente";"Céu Claro";"Simples";"Reta";"Não";1;0;1;0;0;0;1;1;-24,98473242;-53,46501885;"SPRF-PR";"DEL04-PR";"UOP01-DEL04-PR"
450373;2022-05-17;"terça-feira";"06:40:00";"MS";262;752;"CORUMBA";"Reação tardia ou ineficiente do condutor";"Saída de leito carroçável";"Com Vítimas Fatais";"Pleno dia";"Decrescente";"Sol";"Simples";"Reta";"Não";4;1;3;0;0;0;3;1;-19,21265799;-57,64541874;"SPRF-MS";"DEL03-MS";"UOP03-DEL03-MS"
450374;2022-05-17;"terça-feira";"05:20:00";"PE";101;82;"JABOATAO DOS GUARARAPES";"Manobra de mudança de faixa";"Queda de ocupante de veículo";"Com Vítimas Feridas";"Pleno dia";"Decrescente";"Céu Claro";"Dupla";"Interseção de Vias";"Sim";2;0;1;0;1;0;1;1;-8,168383;-34,9376;"SPRF-PE";"DEL01-PE";"UOP01-DEL01-PE"
450375;2022-05-17;"terça-feira";"07:40:00";"RS";116;245;"SAO LEOPOLDO";"Acessar a via sem observar a presença dos outros veículos";"Colisão transversal";"Com Vítimas Feridas";"Pleno dia";"Decrescente";"Garoa/Chuvisco";"Dupla";"Rotatória";"Sim";2;0;1;0;1;0;1;2;-29,74994052;-51,15084171;"SPRF-RS";"DEL01-RS";"UOP02-DEL01-RS"
450376;2022-05-17;"terça-feira";"07:20:00";"RJ";116;144,3;"DUQUE DE CAXIAS";"Manobra de mudança de faixa";"Colisão lateral mesmo sentido";"Com Vítimas Feridas";"Pleno dia";"Decrescente";"Céu Claro";"Múltipla";"Curva";"Sim";2;0;1;0;1;0;1;2;-22,6719022;-43,28035533;"SPRF-RJ";"DEL01-RJ";"UOP01-DEL01-RJ"
450378;2022-01-18;"terça-feira";"20:00:00";"SC";163;79,4;"SAO MIGUEL DO OESTE";"Demais falhas na via";"Tombamento";"Com Vítimas Feridas";"Anoitecer";"Crescente";"Ignorado";"Simples";"Declive;Reta";"Não";1;0;1;0;0;0;1;1;-26,65911819;-53,51816757;"SPRF-SC";"DEL07-SC";"UOP03-DEL07-SC"
450379;2022-05-01;"domingo";"12:10:00";"SC";101;138;"BALNEARIO CAMBORIU";"Manobra de mudança de faixa";"Colisão lateral mesmo sentido";"Com Vítimas Feridas";"Pleno dia";"Decrescente";"Céu Claro";"Dupla";"Curva";"Sim";2;0;1;0;1;0;1;2;-27,02397426;-48,60761649;"SPRF-SC";"DEL04-SC";"UOP03-DEL04-SC"
450380;2022-05-17;"terça-feira";"08:15:00";"PE";101;72;"RECIFE";"Mal súbito do condutor";"Saída de leito carroçável";"Com Vítimas Feridas";"Pleno dia";"Decrescente";"Céu Claro";"Dupla";"Reta";"Sim";1;0;0;1;0;0;1;1;-8,093556;-34,947819;"SPRF-PE";"DEL01-PE";"UOP01-DEL01-PE"