"id";"data_inversa";"dia_semana";"horario";"uf";"br";"km";"municipio";"causa_acidente";"tipo_acidente";"classificacao_acidente";"fase_dia";"sentido_via";"condicao_metereologica";"tipo_pista";"tracado_via";"uso_solo";"pessoas";"mortos";"feridos_leves";"feridos_graves";"ilesos";"ignorados";"feridos";"veiculos";"latitude";"longitude";"regional";"delegacia";"uop"
450505;2022-05-17;"terça-feira";"16:10:00";"MS";267;193,9;"NOVA ALVORADA DO SUL";"Falta de elemento de contenção que evite a saída do leito carroçável";"Colisão com objeto";"Com Vítimas Fatais";"Pleno dia";"Decrescente";"Céu Claro";"Simples";"Reta";"Não";1;1;0;0;0;0;0;1;-21,59752558;-53,88434697;"SPRF-MS";"DEL02-MS";"UOP03-DEL02-MS"
450506;2022-05-17;"terça-feira";"18:11:00";"PA";316;43,8;"SANTA IZABEL DO PARA";"Chuva";"Saída de leito carroçável";"Com Vítimas Feridas";"Pleno dia";"Decrescente";"Chuva";"Dupla";"Reta";"Não";1;0;1;0;0;0;1;1;-1,27648404;-48,104951;"SPRF-PA";"DEL01-PA";"UOP01-DEL01-PA"
450509;2022-05-17;"terça-feira";"20:00:00";"RS";158;127,6;"CONDOR";"Acumulo de água sobre o pavimento";"Saída de leito carroçável";"Com Vítimas Feridas";"Plena Noite";"Decrescente";"Chuva";"Simples";"Reta";"Não";1;0;1;0;0;0;1;1;-28,10433288;-53,41777412;"SPRF-RS";"DEL08-RS";"UOP01-DEL08-RS"
450510;2022-05-18;"quarta-feira";"00:01:00";"MG";365;823,7;"SANTA VITORIA";"Ingestão de álcool pelo condutor";"Colisão com objeto";"Com Vítimas Feridas";"Plena Noite";"Decrescente";"Céu Claro";"Simples";"Interseção de Vias";"Não";1;0;1;0;0;0;1;1;-18,875918;-50,122158;"SPRF-MG";"DEL15-MG";"UOP03-DEL15-MG"
450511;2022-05-18;"quarta-feira";"01:30:00";"PR";373;268;"PRUDENTOPOLIS";"Ausência de reação do condutor";"Saída de leito carroçável";"Com Vítimas Feridas";"Plena Noite";"Crescente";"Nublado";"Simples";"Reta";"Não";3;0;2;0;0;1;2;1;-25,21396865;-51,01035833;"SPRF-PR";"DEL08-PR";"UOP01-DEL08-PR"
450514;2022-05-18;"quarta-feira";"04:40:00";"BA";101;402;"IBIRAPITANGA";"Demais falhas mecânicas ou elétricas";"Saída de leito carroçável";"Sem Vítimas";"Amanhecer";"Crescente";"Nevoeiro/Neblina";"Simples";"Curva";"Não";3;0;0;0;3;0;0;1;-14,10785002;-39,36505811;"SPRF-BA";"DEL05-BA";"UOP03-DEL05-BA"
450515;2022-05-18;"quarta-feira";"02:10:00";"ES";262;19;"VIANA";"Ausência de reação do condutor";"Queda de ocupante de veículo";"Com Vítimas Feridas";"Plena Noite";"Crescente";"Céu Claro";"Simples";"Interseção de Vias";"Sim";1;0;1;0;0;0;1;1;-20,3919143;-40,49002338;"SPRF-ES";"DEL01-ES";"UOP01-DEL01-ES"
450517;2022-05-18;"quarta-feira";"06:40:00";"SC";101;213,7;"PALHOCA";"Desrespeitar a preferência no cruzamento";"Colisão transversal";"Com Vítimas Feridas";"Amanhecer";"Decrescente";"Nublado";"Múltipla";"Interseção de Vias";"Sim";2;0;0;1;1;0;1;2;-27,63959763;-48,66661191;"SPRF-SC";"DEL01-SC";"UOP02-DEL01-SC"
450518;2022-05-18;"quarta-feira";"07:10:00";"CE";116;2;"FORTALEZA";"Manobra de mudança de faixa";"Colisão lateral mesmo sentido";"Com Vítimas Feridas";"Pleno dia";"Decrescente";"Nublado";"Múltipla";"Reta";"Sim";3;0;2;0;1;0;2;2;-3,7633454;-38,51852959;"SPRF-CE";"DEL01-CE";"UOP02-DEL01-CE"
450519;2022-05-18;"quarta-feira";"07:00:00";"CE";20;306,5;"CANINDE";"Acessar a via sem observar a presença dos outros veículos";"Capotamento";"Com Vítimas Feridas";"Pleno dia";"Crescente";"Céu Claro";"Simples";"Reta;Interseção de Vias";"Sim";4;0;1;0;2;1;1;2;-4,36698604;-39,30270365;"SPRF-CE";"DEL02-CE";"UOP01-DEL02-CE"
450521;2022-05-18;"quarta-feira";"03:30:00";"MG";262;100,5;"ABRE CAMPO";"Animais na Pista";"Atropelamento de Animal";"Com Vítimas Feridas";"Plena Noite";"Crescente";"Céu Claro";"Simples";"Curva";"Não";1;0;0;1;0;0;1;1;-20,29258347;-42,51536077;"SPRF-MG";"DEL03-MG";"UOP03-DEL03-MG"
450522;2022-05-18;"quarta-feira";"07:20:00";"SC";470;140,4;"RIO DO SUL";"Transitar no acostamento";"Colisão transversal";"Com Vítimas Feridas";"Pleno dia";"Decrescente";"Nublado";"Simples";"Reta";"Sim";2;0;1;0;1;0;1;2;-27,20533725;-49,64296818;"SPRF-SC";"DEL04-SC";"UOP02-DEL04-SC"
450523;2022-05-18;"quarta-feira";"06:00:00";"SP";262;319;"CASTILHO";"Ausência de reação do condutor";"Saída de leito carroçável";"Com Vítimas Feridas";"Amanhecer";"Decrescente";"Céu Claro";"Simples";"Curva";"Não";1;0;0;1;0;0;1;1;-20,78504485;-51,59827709;"SPRF-MS";"DEL07-MS";"UOP01-DEL07-MS"
450524;2022-05-18;"quarta-feira";"06:15:00";"GO";364;235;"JATAI";"Ausência de reação do condutor";"Capotamento";"Com Vítimas Feridas";"Amanhecer";"Decrescente";"Céu Claro";"Simples";"Reta";"Não";4;0;4;0;0;0;4;1;-17,803482;-52,043823;"SPRF-GO";"DEL05-GO";"UOP01-DEL05-GO"
450525;2022-05-18;"quarta-feira";"07:50:00";"CE";20;415;"MARACANAU";"Ausência de reação do condutor";"Colisão lateral mesmo sentido";"Com Vítimas Feridas";"Pleno dia";"Crescente";"Nublado";"Dupla";"Reta";"Não";2;0;1;0;1;0;1;2;-3,76999035;-38,67006282;"SPRF-CE";"DEL01-CE";"UOP02-DEL01-CE"
450527;2022-05-18;"quarta-feira";"08:15:00";"SP";116;27,8;"CRUZEIRO";"Manobra de mudança de faixa";"Tombamento";"Com Vítimas Feridas";"Pleno dia";"Crescente";"Céu Claro";"Dupla";"Curva;Declive";"Não";2;0;0;2;0;0;2;1;-22,62425924;-44,91087221;"SPRF-SP";"DEL08-SP";"UOP02-DEL08-SP"
450528;2022-05-18;"quarta-feira";"07:50:00";"RS";290;72,5;"GRAVATAI";"Manobra de mudança de faixa";"Colisão lateral mesmo sentido";"Sem Vítimas";"Pleno dia";"Crescente";"Garoa/Chuvisco";"Dupla";"Reta";"Não";2;0;0;0;1;1;0;2;-29,952784;-50,976074;"SPRF-RS";"DEL03-RS";"UOP01-DEL03-RS"
450530;2022-05-12;"quinta-feira";"16:00:00";"MS";163;388,8;"NOVA ALVORADA DO SUL";"Manobra de mudança de faixa";"Atropelamento de Pedestre";"Com Vítimas Feridas";"Pleno dia";"Decrescente";"Céu Claro";"Simples";"Declive";"Não";2;0;1;0;0;1;1;2;-21,27192709;-54,44313833;"SPRF-MS";"DEL02-MS";"UOP01-DEL02-MS"
450532;2022-05-18;"quarta-feira";"08:29:00";"MG";381;612,6;"OLIVEIRA";"Condutor deixou de manter distância do veículo da frente";"Colisão traseira";"Com Vítimas Fatais";"Amanhecer";"Decrescente";"Céu Claro";"Dupla";"Reta;Desvio Temporário";"Não";1;1;0;0;0;0;0;1;-20,72014073;-44,76677037;"SPRF-MG";"DEL04-MG";"UOP01-DEL04-MG"
450536;2022-05-18;"quarta-feira";"09:25:00";"BA";242;798,5;"BARREIRAS";"Reação tardia ou ineficiente do condutor";"Capotamento";"Sem Vítimas";"Pleno dia";"Decrescente";"Céu Claro";"Dupla";"Curva";"Não";2;0;0;0;1;1;0;2;-12,16431607;-44,8756091;"SPRF-BA";"DEL10-BA";"UOP01-DEL10-BA"
450537;2022-05-18;"quarta-feira";"11:05:00";"RN";110;49;"MOSSORO";"Condutor deixou de manter distância do veículo da frente";"Colisão traseira";"Com Vítimas Feridas";"Pleno dia";"Crescente";"Sol";"Simples";"Interseção de Vias";"Sim";2;0;1;1;0;0;2;2;-5,21645975;-37,32927128;"SPRF-RN";"DEL04-RN";"UOP01-DEL04-RN"
450538;2022-05-18;"quarta-feira";"10:30:00";"BA";116;543;"ITATIM";"Condutor deixou de manter distância do veículo da frente";"Colisão traseira";"Com Vítimas Feridas";"Pleno dia";"Crescente";"Céu Claro";"Simples";"Reta";"Não";2;0;1;0;1;0;1;2;-12,80426188;-39,82226943;"SPRF-BA";"DEL03-BA";"UOP02-DEL03-BA"
450539;2022-04-06;"quarta-feira";"16:30:00";"PR";277;122,7;"CAMPO LARGO";"Ausência de reação do condutor";"Tombamento";"Com Vítimas Feridas";"Pleno dia";"Crescente";"Nublado";"Dupla";"Retorno Regulamentado";"Não";1;0;1;0;0;0;1;1;-25,44527885;-49,56726551;"SPRF-PR";"DEL03-PR";"UOP03-DEL03-PR"
450540;2022-05-18;"quarta-feira";"10:10:00";"BA";116;459;"SANTO ESTEVAO";"Manobra de mudança de faixa";"Colisão lateral mesmo sentido";"Com Vítimas Feridas";"Pleno dia";"Crescente";"Céu Claro";"Dupla";"Reta";"Sim";2;0;1;0;1;0;1;2;-12,42081589;-39,19884407;"SPRF-BA";"DEL02-BA";"UOP01-DEL02-BA"
450542;2022-05-18;"quarta-feira";"12:00:00";"SE";101;93;"NOSSA SENHORA DO SOCORRO";"Reação tardia ou ineficiente do condutor";"Queda de ocupante de veículo";"Com Vítimas Feridas";"Pleno dia";"Decrescente";"Céu Claro";"Simples";"Reta";"Não";1;0;1;0;0;0;1;1;-10,90212319;-37,14494787;"SPRF-SE";"DEL01-SE";"UOP01-DEL01-SE"
450543;2022-05-18;"quarta-feira";"12:00:00";"MG";381;509,9;"SAO JOAQUIM DE BICAS";"Velocidade Incompatível";"Colisão lateral mesmo sentido";"Com Vítimas Feridas";"Pleno dia";"Decrescente";"Sol";"Dupla";"Reta";"Não";2;0;1;0;1;0;1;2;-20,07008;-44,298819;"SPRF-MG";"DEL01-MG";"UOP03-DEL01-MG"
450544;2022-05-18;"quarta-feira";"11:45:00";"RJ";101;322;"NITEROI";"Demais falhas mecânicas ou elétricas";"Colisão traseira";"Com Vítimas Feridas";"Pleno dia";"Crescente";"Sol";"Dupla";"Ponte";"Não";2;0;0;1;1;0;1;2;-22,878923;-43,110676;"SPRF-RJ";"DEL02-RJ";"UOP01-DEL02-RJ"
450546;2022-05-18;"quarta-feira";"12:10:00";"BA";110;173;"RIBEIRA DO POMBAL";"Acessar a via sem observar a presença dos outros veículos";"Colisão transversal";"Com Vítimas Feridas";"Pleno dia";"Crescente";"Céu Claro";"Simples";"Reta";"Sim";3;0;0;2;1;0;2;2;-10,86944598;-38,52734387;"SPRF-BA";"DEL07-BA";"UOP02-DEL07-BA"
450547;2022-05-18;"quarta-feira";"12:15:00";"SP";381;90;"GUARULHOS";"Manobra de mudança de faixa";"Colisão lateral mesmo sentido";"Com Vítimas Feridas";"Pleno dia";"Decrescente";"Nublado";"Simples";"Reta";"Sim";2;0;1;0;1;0;1;2;-23,49479479;-46,55959864;"SPRF-SP";"DEL03-SP";"UOP01-DEL03-SP"
450548;2022-05-06;"sexta-feira";"16:50:00";"GO";50;99;"CRISTALINA";"Demais falhas mecânicas ou elétricas";"Tombamento";"Com Vítimas Feridas";"Pleno dia";"Crescente";"Nublado";"Dupla";"Curva";"Sim";2;0;1;1;0;0;2;1;-16,77920804;-47,62840793;"SPRF-DF";"DEL01-DF";"UOP02-DEL01-DF"
450551;2022-05-18;"quarta-feira";"14:00:00";"MT";70;1,3;"BARRA DO GARCAS";"Acessar a via sem observar a presença dos outros veículos";"Colisão transversal";"Com Vítimas Feridas";"Pleno dia";"Crescente";"Céu Claro";"Simples";"Reta";"Sim";3;0;1;0;2;0;1;3;-15,89164596;-52,26202884;"SPRF-MT";"DEL07-MT";"UOP01-DEL07-MT"
450553;2022-04-20;"quarta-feira";"17:00:00";"MT";163;829;"SINOP";"Acessar a via sem observar a presença dos outros veículos";"Colisão lateral mesmo sentido";"Com Vítimas Feridas";"Pleno dia";"Crescente";"Céu Claro";"Dupla";"Reta";"Sim";2;0;1;0;1;0;1;2;-11,912342;-55,50848;"SPRF-MT";"DEL06-MT";"UOP01-DEL06-MT"
450555;2022-05-18;"quarta-feira";"10:00:00";"RJ";116;172,9;"MESQUITA";"Reação tardia ou ineficiente do condutor";"Colisão lateral mesmo sentido";"Com Vítimas Feridas";"Pleno dia";"Decrescente";"Céu Claro";"Dupla";"Viaduto";"Não";3;0;1;0;2;0;1;1;-22,77419717;-43,40220809;"SPRF-RJ";"DEL01-RJ";"UOP02-DEL01-RJ"
450560;2022-05-18;"quarta-feira";"11:40:00";"BA";116;823,6;"VITORIA DA CONQUISTA";"Condutor desrespeitou a iluminação vermelha do semáforo";"Colisão transversal";"Com Vítimas Feridas";"Pleno dia";"Crescente";"Céu Claro";"Dupla";"Interseção de Vias";"Sim";2;0;0;1;1;0;1;2;-14,8079923;-40,78877284;"SPRF-BA";"DEL08-BA";"UOP01-DEL08-BA"
450561;2022-05-18;"quarta-feira";"14:10:00";"MT";70;1;"BARRA DO GARCAS";"Acessar a via sem observar a presença dos outros veículos";"Colisão transversal";"Com Vítimas Feridas";"Pleno dia";"Crescente";"Céu Claro";"Simples";"Interseção de Vias";"Sim";2;0;1;0;1;0;1;2;-15,89164596;-52,26202884;"SPRF-MT";"DEL07-MT";"UOP01-DEL07-MT"
450562;2022-05-18;"quarta-feira";"13:15:00";"MT";364;272;"JACIARA";"Condutor deixou de manter distância do veículo da frente";"Colisão traseira";"Com Vítimas Feridas";"Pleno dia";"Crescente";"Céu Claro";"Dupla";"Aclive";"Sim";4;0;1;0;2;1;1;4;-15,96767829;-54,96029427;"SPRF-MT";"DEL02-MT";"UOP01-DEL02-MT"
450563;2022-04-08;"sexta-feira";"17:10:00";"PR";277;650;"MATELANDIA";"Objeto estático sobre o leito carroçável";"Saída de leito carroçável";"Com Vítimas Feridas";"Pleno dia";"Crescente";"Céu Claro";"Simples";"Curva";"Não";5;0;4;0;1;0;4;2;-25,19035881;-53,93738222;"SPRF-PR";"DEL05-PR";"UOP02-DEL05-PR"
450564;2022-05-10;"terça-feira";"14:20:00";"CE";222;90;"UMIRIM";"Acessar a via sem observar a presença dos outros veículos";"Colisão transversal";"Com Vítimas Feridas";"Pleno dia";"Crescente";"Céu Claro";"Simples";"Reta";"Não";2;0;1;0;0;1;1;2;-3,67800158;-39,34754409;"SPRF-CE";"DEL04-CE";"UOP03-DEL04-CE"
450565;2022-04-16;"sábado";"22:40:00";"SP";116;62;"GUARATINGUETA";"Ultrapassagem Indevida";"Colisão traseira";"Sem Vítimas";"Plena Noite";"Crescente";"Céu Claro";"Dupla";"Reta";"Sim";2;0;0;0;1;1;0;2;-22,80538606;-45,17236692;"SPRF-SP";"DEL08-SP";"UOP01-DEL08-SP"
450568;2022-02-23;"quarta-feira";"08:20:00";"PB";230;162,4;"CAMPINA GRANDE";"Conversão proibida";"Colisão lateral mesmo sentido";"Com Vítimas Feridas";"Pleno dia";"Decrescente";"Céu Claro";"Simples";"Curva";"Não";3;0;0;3;0;0;3;2;-7,2277;-35,9439;"SPRF-PB";"DEL02-PB";"UOP01-DEL02-PB"
450569;2022-04-24;"domingo";"17:50:00";"PE";423;108;"CAETES";"Ultrapassagem Indevida";"Colisão lateral sentido oposto";"Com Vítimas Feridas";"Anoitecer";"Decrescente";"Céu Claro";"Simples";"Reta";"Não";4;0;0;2;2;0;2;2;-8,88624339;-36,59029116;"SPRF-PE";"DEL03-PE";"UOP01-DEL03-PE"
450572;2022-05-18;"quarta-feira";"16:10:00";"AL";101;129;"SAO MIGUEL DOS CAMPOS";"Velocidade Incompatível";"Colisão com objeto";"Com Vítimas Feridas";"Pleno dia";"Crescente";"Céu Claro";"Dupla";"Curva";"Não";1;0;1;0;0;0;1;1;-9,74963266;-36,06531248;"SPRF-AL";"DEL02-AL";"UOP01-DEL02-AL"
450574;2022-05-18;"quarta-feira";"15:35:00";"SE";235;34,3;"AREIA BRANCA";"Reação tardia ou ineficiente do condutor";"Colisão traseira";"Com Vítimas Feridas";"Pleno dia";"Crescente";"Céu Claro";"Simples";"Reta";"Sim";3;0;2;0;1;0;2;2;-10,760385;-37,313049;"SPRF-SE";"DEL01-SE";"UOP02-DEL01-SE"
450575;2022-05-18;"quarta-feira";"15:00:00";"SC";116;178,9;"SAO CRISTOVAO DO SUL";"Ausência de reação do condutor";"Colisão com objeto";"Com Vítimas Feridas";"Pleno dia";"Decrescente";"Garoa/Chuvisco";"Simples";"Reta";"Sim";1;0;1;0;0;0;1;1;-27,25998965;-50,44758797;"SPRF-SC";"DEL05-SC";"UOP03-DEL05-SC"
450579;2022-05-18;"quarta-feira";"16:25:00";"RJ";101;476;"ANGRA DOS REIS";"Ingestão de álcool pelo condutor";"Colisão transversal";"Sem Vítimas";"Anoitecer";"Crescente";"Céu Claro";"Simples";"Reta";"Não";2;0;0;0;2;0;0;2;-23,0055431009;-44,2619583311;"SPRF-RJ";"DEL03-RJ";"UOP03-DEL03-RJ"
450581;2022-05-18;"quarta-feira";"17:35:00";"SE";101;92,4;"NOSSA SENHORA DO SOCORRO";"Pista esburacada";"Queda de ocupante de veículo";"Com Vítimas Feridas";"Anoitecer";"Decrescente";"Céu Claro";"Dupla";"Reta";"Não";1;0;1;0;0;0;1;1;-10,90169474;-37,13619222;"SPRF-SE";"DEL01-SE";"UOP01-DEL01-SE"
450583;2022-05-18;"quarta-feira";"17:00:00";"PR";376;11,8;"MARINGA";"Ausência de reação do condutor";"Saída de leito carroçável";"Sem Vítimas";"Pleno dia";"Crescente";"Céu Claro";"Dupla";"Reta";"Não";1;0;0;0;1;0;0;1;-23,38430521;-51,90585136;"SPRF-PR";"DEL09-PR";"UOP01-DEL09-PR"
450584;2022-05-18;"quarta-feira";"17:30:00";"PR";476;129;"CURITIBA";"Manobra de mudança de faixa";"Colisão lateral mesmo sentido";"Sem Vítimas";"Plena Noite";"Crescente";"Nublado";"Múltipla";"Reta";"Sim";2;0;0;0;2;0;0;2;-25,440983;-49,233715;"SPRF-PR";"DEL01-PR";"UOP01-DEL01-PR"
450585;2022-04-14;"quinta-feira";"08:30:00";"RS";386;443;"CANOAS";"Retorno proibido";"Colisão transversal";"Com Vítimas Feridas";"Pleno dia";"Crescente";"Céu Claro";"Dupla";"Reta";"Não";2;0;1;0;1;0;1;2;-29,889194;-51,213398;"SPRF-RS";"DEL01-RS";"UOP01-DEL01-RS"
450588;2022-05-18;"quarta-feira";"18:10:00";"PE";232;130,8;"CARUARU";"Ausência de reação do condutor";"Saída de leito carroçável";"Sem Vítimas";"Plena Noite";"Crescente";"Céu Claro";"Dupla";"Reta";"Não";1;0;0;0;0;1;0;1;-8,30117613;-35,99843996;"SPRF-PE";"DEL02-PE";"UOP01-DEL02-PE"
450591;2022-05-18;"quarta-feira";"18:00:00";"PE";101;49,8;"ABREU E LIMA";"Acessar a via sem observar a presença dos outros veículos";"Colisão transversal";"Com Vítimas Feridas";"Plena Noite";"Decrescente";"Céu Claro";"Simples";"Reta";"Sim";2;0;1;0;1;0;1;2;-7,90938602;-34,90123228;"SPRF-PE";"DEL01-PE";"UOP02-DEL01-PE"
450592;2022-05-18;"quarta-feira";"18:30:00";"RS";470;175;"VERANOPOLIS";"Reação tardia ou ineficiente do condutor";"Tombamento";"Com Vítimas Feridas";"Plena Noite";"Crescente";"Chuva";"Simples";"Curva;Aclive";"Não";1;0;1;0;0;0;1;1;-28,91926201;-51,53914905;"SPRF-RS";"DEL06-RS";"UOP02-DEL06-RS"
450594;2022-05-18;"quarta-feira";"18:50:00";"MG";459;105,9;"POUSO ALEGRE";"Velocidade Incompatível";"Colisão frontal";"Com Vítimas Feridas";"Plena Noite";"Crescente";"Nublado";"Simples";"Curva";"Não";2;0;0;1;1;0;1;2;-22,227884;-45,903973;"SPRF-MG";"DEL16-MG";"UOP01-DEL16-MG"
450596;2022-05-18;"quarta-feira";"17:10:00";"SC";282;192,2;"LAGES";"Ultrapassagem Indevida";"Colisão lateral sentido oposto";"Com Vítimas Feridas";"Pleno dia";"Decrescente";"Garoa/Chuvisco";"Simples";"Aclive;Reta";"Não";4;0;1;0;3;0;1;2;-27,743328;-50,0575792;"SPRF-SC";"DEL05-SC";"UOP01-DEL05-SC"
450598;2022-05-18;"quarta-feira";"17:40:00";"MT";163;1028;"PEIXOTO DE AZEVEDO";"Acessar a via sem observar a presença dos outros veículos";"Colisão frontal";"Com Vítimas Feridas";"Anoitecer";"Decrescente";"Céu Claro";"Simples";"Reta";"Sim";6;0;2;1;3;0;3;2;-10,25838;-55,000267;"SPRF-MT";"DEL06-MT";"NPF/DEL06-MT"
450599;2022-05-18;"quarta-feira";"18:15:00";"PR";376;502;"PONTA GROSSA";"Animais na Pista";"Atropelamento de Animal";"Com Vítimas Feridas";"Plena Noite";"Crescente";"Nublado";"Dupla";"Reta";"Não";1;0;1;0;0;0;1;1;-25,21604594;-50,05797693;"SPRF-PR";"DEL03-PR";"UOP01-DEL03-PR"
450600;2022-05-18;"quarta-feira";"18:15:00";"RJ";101;574;"PARATY";"Ultrapassagem Indevida";"Saída de leito carroçável";"Com Vítimas Fatais";"Anoitecer";"Crescente";"Céu Claro";"Simples";"Reta";"Sim";1;1;0;0;0;0;0;1;-23,21106418;-44,73373262;"SPRF-RJ";"DEL03-RJ";"UOP03-DEL03-RJ"
450602;2022-05-18;"quarta-feira";"17:30:00";"SP";101;20;"UBATUBA";"Reação tardia ou ineficiente do condutor";"Tombamento";"Com Vítimas Feridas";"Anoitecer";"Crescente";"Vento";"Simples";"Reta";"Não";1;0;1;0;0;0;1;1;-23,32846069;-44,91369021;"SPRF-SP";"DEL06-SP";"UOP01-DEL06-SP"
450603;2022-05-18;"quarta-feira";"18:45:00";"MG";262;354,8;"BETIM";"Desvio temporário";"Tombamento";"Com Vítimas Feridas";"Plena Noite";"Crescente";"Céu Claro";"Dupla";"Reta;Desvio Temporário";"Não";1;0;0;1;0;0;1;1;-19,96466575;-44,17285107;"SPRF-MG";"DEL01-MG";"UOP03-DEL01-MG"
450604;2022-05-18;"quarta-feira";"15:10:00";"MG";116;704,5;"MURIAE";"Reação tardia ou ineficiente do condutor";"Colisão lateral mesmo sentido";"Com Vítimas Feridas";"Pleno dia";"Decrescente";"Céu Claro";"Dupla";"Reta";"Sim";2;0;1;0;1;0;1;2;-21,13416858;-42,38722798;"SPRF-MG";"DEL05-MG";"UOP01-DEL05-MG"
450605;2022-05-18;"quarta-feira";"17:50:00";"SP";101;16;"UBATUBA";"Acessar a via sem observar a presença dos outros veículos";"Colisão transversal";"Com Vítimas Feridas";"Plena Noite";"Decrescente";"Vento";"Simples";"Interseção de Vias";"Não";2;0;1;1;0;0;2;2;-23,32361695;-44,8865962;"SPRF-SP";"DEL06-SP";"UOP01-DEL06-SP"
450606;2022-05-18;"quarta-feira";"18:30:00";"RS";116;531;"CAPAO DO LEAO";"Acessar a via sem observar a presença dos outros veículos";"Colisão transversal";"Sem Vítimas";"Plena Noite";"Crescente";"Céu Claro";"Simples";"Reta";"Sim";2;0;0;0;2;0;0;2;-31,7590834;-52,43687971;"SPRF-RS";"DEL07-RS";"UOP01-DEL07-RS"
450607;2022-05-18;"quarta-feira";"18:30:00";"PR";369;138;"IBIPORA";"Acessar a via sem observar a presença dos outros veículos";"Colisão transversal";"Com Vítimas Feridas";"Plena Noite";"Decrescente";"Céu Claro";"Simples";"Interseção de Vias";"Sim";2;0;1;0;1;0;1;2;-23,27199;-51,05022;"SPRF-PR";"DEL07-PR";"UOP01-DEL07-PR"
450608;2022-05-18;"quarta-feira";"19:15:00";"SP";116;1;"GUARULHOS";"Ausência de reação do condutor";"Colisão frontal";"Com Vítimas Feridas";"Plena Noite";"Crescente";"Céu Claro";"Múltipla";"Reta";"Sim";2;0;1;0;1;0;1;2;-23,463257;-46,53373;"SPRF-SP";"DEL01-SP";"UOP01-DEL01-SP"
450612;2022-05-18;"quarta-feira";"19:20:00";"RS";290;97;"PORTO ALEGRE";"Trafegar com motocicleta (ou similar) entre as faixas";"Colisão lateral mesmo sentido";"Com Vítimas Feridas";"Plena Noite";"Crescente";"Vento";"Dupla";"Reta";"Não";3;0;2;0;1;0;2;2;-29,997789;-51,20779;"SPRF-RS";"DEL01-RS";"UOP01-DEL01-RS"
450613;2022-05-18;"quarta-feira";"18:45:00";"MA";10;127,5;"ESTREITO";"Acessar a via sem observar a presença dos outros veículos";"Colisão transversal";"Com Vítimas Feridas";"Plena Noite";"Crescente";"Céu Claro";"Simples";"Reta;Interseção de Vias";"Sim";2;0;0;1;1;0;1;2;-6,572875;-47,444546;"SPRF-MA";"DEL04-MA";"UOP02-DEL04-MA"
450614;2022-05-18;"quarta-feira";"18:50:00";"PR";277;1;"FOZ DO IGUACU";"Condutor deixou de manter distância do veículo da frente";"Colisão transversal";"Com Vítimas Feridas";"Plena Noite";"Crescente";"Céu Claro";"Dupla";"Interseção de Vias";"Sim";2;0;0;1;1;0;1;2;-25,5469;-54,5882;"SPRF-PR";"DEL05-PR";"UOP03-DEL05-PR"
450615;2022-05-18;"quarta-feira";"19:00:00";"RN";406;171;"NATAL";"Manobra de mudança de faixa";"Colisão lateral mesmo sentido";"Com Vítimas Feridas";"Plena Noite";"Decrescente";"Céu Claro";"Simples";"Reta";"Não";2;0;1;0;1;0;1;2;-5,76172663;-35,29115323;"SPRF-RN";"DEL02-RN";"UOP01-DEL02-RN"
450616;2022-05-06;"sexta-feira";"20:00:00";"MA";316;260;"SANTA INES";"Condutor desrespeitou a iluminação vermelha do semáforo";"Colisão transversal";"Sem Vítimas";"Plena Noite";"Crescente";"Chuva";"Simples";"Reta";"Sim";2;0;0;0;2;0;0;2;-3,669811;-45,394978;"SPRF-MA";"DEL02-MA";"UOP01-DEL02-MA"
450617;2022-05-18;"quarta-feira";"19:20:00";"PR";277;581;"CASCAVEL";"Pedestre cruzava a pista fora da faixa";"Atropelamento de Pedestre";"Com Vítimas Feridas";"Plena Noite";"Decrescente";"Nublado";"Simples";"Interseção de Vias";"Não";2;0;0;1;1;0;1;2;-24,98125257;-53,37778678;"SPRF-PR";"DEL04-PR";"UOP01-DEL04-PR"
450618;2022-05-18;"quarta-feira";"14:20:00";"MT";174;174;"PORTO ESPERIDIAO";"Condutor deixou de manter distância do veículo da frente";"Colisão traseira";"Com Vítimas Feridas";"Pleno dia";"Crescente";"Sol";"Simples";"Reta";"Não";2;0;0;1;1;0;1;2;-15,85564081;-58,508751;"SPRF-MT";"DEL03-MT";"UOP01-DEL03-MT"
450620;2022-05-18;"quarta-feira";"20:50:00";"MG";262;356,1;"BETIM";"Pedestre cruzava a pista fora da faixa";"Atropelamento de Pedestre";"Com Vítimas Feridas";"Plena Noite";"Crescente";"Céu Claro";"Dupla";"Reta";"Sim";2;0;2;0;0;0;2;2;-19,96890716;-44,18104581;"SPRF-MG";"DEL01-MG";"UOP03-DEL01-MG"
450621;2022-05-18;"quarta-feira";"19:30:00";"RO";364;422;"JARU";"Ausência de reação do condutor";"Colisão com objeto";"Com Vítimas Feridas";"Plena Noite";"Decrescente";"Céu Claro";"Simples";"Reta";"Sim";2;0;0;2;0;0;2;1;-10,4597532;-62,4558043;"SPRF-RO";"DEL03-RO";"UOP02-DEL03-RO"
450623;2022-05-18;"quarta-feira";"21:04:00";"AL";101;96,6;"PILAR";"Animais na Pista";"Atropelamento de Animal";"Com Vítimas Feridas";"Plena Noite";"Crescente";"Céu Claro";"Dupla";"Reta";"Não";2;0;1;0;1;0;1;1;-9,52754398;-35,94523001;"SPRF-AL";"DEL01-AL";"UOP01-DEL01-AL"