"id";"data_inversa";"dia_semana";"horario";"uf";"br";"km";"municipio";"causa_acidente";"tipo_acidente";"classificacao_acidente";"fase_dia";"sentido_via";"condicao_metereologica";"tipo_pista";"tracado_via";"uso_solo";"pessoas";"mortos";"feridos_leves";"feridos_graves";"ilesos";"ignorados";"feridos";"veiculos";"latitude";"longitude";"regional";"delegacia";"uop"
450889;2022-05-10;"terça-feira";"18:50:00";"AM";319;21;"CAREIRO DA VARZEA";"Reação tardia ou ineficiente do condutor";"Capotamento";"Com Vítimas Fatais";"Plena Noite";"Decrescente";"Céu Claro";"Simples";"Em Obras;Reta";"Não";1;1;0;0;0;0;0;1;-3,25689188;-59,8556945;"SPRF-AM";"DEL01-AM";"UOP04-DEL01-AM"
450891;2022-05-20;"sexta-feira";"09:45:00";"PR";163;157,4;"LINDOESTE";"Transitar na contramão";"Colisão frontal";"Com Vítimas Fatais";"Pleno dia";"Crescente";"Sol";"Simples";"Aclive";"Não";4;1;0;3;0;0;3;2;-25,35914116;-53,5758892;"SPRF-PR";"DEL05-PR";"UOP05-DEL05-PR"
450892;2022-05-20;"sexta-feira";"11:00:00";"SC";101;123;"ITAJAI";"Desrespeitar a preferência no cruzamento";"Colisão transversal";"Com Vítimas Feridas";"Pleno dia";"Decrescente";"Céu Claro";"Dupla";"Reta";"Sim";2;0;1;0;1;0;1;2;-26,937212;-48,69778991;"SPRF-SC";"DEL04-SC";"UOP04-DEL04-SC"
450893;2022-05-15;"domingo";"18:15:00";"PR";153;370;"RIO AZUL";"Ingestão de álcool pelo condutor";"Atropelamento de Animal";"Com Vítimas Feridas";"Anoitecer";"Crescente";"Nublado";"Simples";"Reta";"Não";1;0;1;0;0;0;1;1;-25,741168;-50,80901;"SPRF-PR";"DEL03-PR";"UOP03-DEL03-PR"
450894;2022-05-20;"sexta-feira";"10:55:00";"ES";101;410;"ITAPEMIRIM";"Acessar a via sem observar a presença dos outros veículos";"Colisão transversal";"Com Vítimas Fatais";"Pleno dia";"Crescente";"Céu Claro";"Simples";"Reta";"Não";2;1;1;0;0;0;1;2;-20,89897356;-41,05387129;"SPRF-ES";"DEL03-ES";"UOP02-DEL03-ES"
450895;2022-05-20;"sexta-feira";"10:15:00";"SP";116;106,8;"TAUBATE";"Objeto estático sobre o leito carroçável";"Derramamento de carga";"Com Vítimas Feridas";"Pleno dia";"Crescente";"Céu Claro";"Dupla";"Reta";"Sim";2;0;1;0;0;1;1;2;-23,01250593;-45,52256005;"SPRF-SP";"DEL08-SP";"UOP01-DEL08-SP"
450898;2022-05-20;"sexta-feira";"10:00:00";"MT";70;498;"CUIABA";"Condutor deixou de manter distância do veículo da frente";"Colisão traseira";"Sem Vítimas";"Pleno dia";"Crescente";"Céu Claro";"Simples";"Reta";"Sim";3;0;0;0;3;0;0;2;-15,68932746;-55,9068932;"SPRF-MT";"DEL01-MT";"UOP02-DEL01-MT"
450901;2022-05-20;"sexta-feira";"10:56:00";"BA";110;341,9;"ALAGOINHAS";"Mal súbito do condutor";"Colisão lateral sentido oposto";"Com Vítimas Feridas";"Pleno dia";"Crescente";"Nublado";"Simples";"Reta;Declive";"Não";3;0;1;0;2;0;1;3;-12,16910176;-38,4125522;"SPRF-BA";"DEL01-BA";"UOP04-DEL01-BA"
450902;2022-05-20;"sexta-feira";"01:30:00";"RJ";101;321;"NITEROI";"Animais na Pista";"Atropelamento de Animal";"Sem Vítimas";"Plena Noite";"Crescente";"Garoa/Chuvisco";"Dupla";"Reta";"Não";1;0;0;0;1;0;0;1;-22,86981096;-43,11046465;"SPRF-RJ";"DEL02-RJ";"UOP01-DEL02-RJ"
450903;2022-05-20;"sexta-feira";"12:05:00";"SC";280;6,9;"SAO FRANCISCO DO SUL";"Reação tardia ou ineficiente do condutor";"Atropelamento de Pedestre";"Com Vítimas Feridas";"Pleno dia";"Crescente";"Sol";"Simples";"Reta";"Não";2;0;2;0;0;0;2;2;-26,29625399;-48,64238799;"SPRF-SC";"DEL03-SC";"UOP03-DEL03-SC"
450905;2022-05-20;"sexta-feira";"07:30:00";"SC";282;341,8;"CAMPOS NOVOS";"Acessar a via sem observar a presença dos outros veículos";"Colisão transversal";"Com Vítimas Feridas";"Amanhecer";"Decrescente";"Céu Claro";"Simples";"Reta";"Sim";2;0;0;1;1;0;1;2;-27,389957;-51,213387;"SPRF-SC";"DEL07-SC";"UOP06-DEL07-SC"
450906;2022-05-20;"sexta-feira";"12:45:00";"RS";290;23;"SANTO ANTONIO DA PATRULHA";"Reação tardia ou ineficiente do condutor";"Colisão lateral mesmo sentido";"Sem Vítimas";"Pleno dia";"Crescente";"Sol";"Dupla";"Reta";"Não";1;0;0;0;1;0;0;1;-29,885357;-50,484364;"SPRF-RS";"DEL03-RS";"UOP01-DEL03-RS"
450907;2022-05-20;"sexta-feira";"12:54:00";"ES";262;18,6;"VIANA";"Acessar a via sem observar a presença dos outros veículos";"Colisão lateral mesmo sentido";"Com Vítimas Feridas";"Pleno dia";"Crescente";"Céu Claro";"Simples";"Reta";"Sim";3;0;2;0;1;0;2;2;-20,39137228;-40,48080285;"SPRF-ES";"DEL01-ES";"UOP01-DEL01-ES"
450908;2022-05-20;"sexta-feira";"07:40:00";"PR";277;122;"CAMPO LARGO";"Conversão proibida";"Colisão transversal";"Com Vítimas Feridas";"Pleno dia";"Decrescente";"Céu Claro";"Dupla";"Interseção de Vias";"Sim";3;0;1;0;2;0;1;2;-25,44344167;-49,45985402;"SPRF-PR";"DEL03-PR";"UOP03-DEL03-PR"
450910;2022-05-20;"sexta-feira";"13:07:00";"PB";230;19,2;"JOAO PESSOA";"Ausência de reação do condutor";"Tombamento";"Com Vítimas Feridas";"Pleno dia";"Crescente";"Céu Claro";"Dupla";"Curva";"Não";1;0;0;1;0;0;1;1;-7,1281;-34,8466;"SPRF-PB";"DEL01-PB";"UOP01-DEL01-PB"
450911;2022-05-20;"sexta-feira";"00:10:00";"RO";364;87;"VILHENA";"Demais falhas mecânicas ou elétricas";"Incêndio";"Com Vítimas Feridas";"Plena Noite";"Decrescente";"Nublado";"Simples";"Reta";"Não";2;0;1;0;1;0;1;1;-12,386794;-60,617154;"SPRF-RO";"DEL04-RO";"UOP01-DEL04-RO"
450916;2022-05-20;"sexta-feira";"13:40:00";"AP";210;1,4;"MACAPA";"Velocidade Incompatível";"Atropelamento de Pedestre";"Com Vítimas Fatais";"Pleno dia";"Crescente";"Céu Claro";"Dupla";"Reta";"Sim";2;1;1;0;0;0;1;2;0,07901986;-51,07162736;"SPRF-AP";"DEL01-AP";"UOP01-DEL01-AP"
450917;2022-05-20;"sexta-feira";"13:00:00";"ES";101;298,5;"VIANA";"Trafegar com motocicleta (ou similar) entre as faixas";"Colisão transversal";"Com Vítimas Feridas";"Pleno dia";"Decrescente";"Céu Claro";"Dupla";"Interseção de Vias";"Sim";2;0;0;1;1;0;1;2;-20,35374444;-40,4156433;"SPRF-ES";"DEL01-ES";"UOP01-DEL01-ES"
450922;2022-05-20;"sexta-feira";"09:40:00";"PA";230;117,8;"MARABA";"Trafegar com motocicleta (ou similar) entre as faixas";"Colisão lateral mesmo sentido";"Com Vítimas Feridas";"Pleno dia";"Crescente";"Céu Claro";"Dupla";"Reta";"Sim";3;0;0;1;2;0;1;3;-5,35569904;-49,09047302;"SPRF-PA";"DEL03-PA";"UOP01-DEL03-PA"
450923;2022-05-20;"sexta-feira";"12:50:00";"RJ";40;122;"DUQUE DE CAXIAS";"Ausência de reação do condutor";"Engavetamento";"Sem Vítimas";"Pleno dia";"Decrescente";"Garoa/Chuvisco";"Múltipla";"Reta";"Sim";3;0;0;0;3;0;0;3;-22,79083113;-43,28611569;"SPRF-RJ";"DEL01-RJ";"UOP01-DEL01-RJ"
450925;2022-05-20;"sexta-feira";"13:45:00";"SC";470;59;"BLUMENAU";"Ausência de reação do condutor";"Colisão transversal";"Com Vítimas Feridas";"Pleno dia";"Crescente";"Sol";"Simples";"Reta";"Sim";2;0;0;1;1;0;1;2;-26,882812;-49,1548;"SPRF-SC";"DEL04-SC";"UOP01-DEL04-SC"
450926;2022-05-20;"sexta-feira";"11:45:00";"PE";408;78;"PAUDALHO";"Acessar a via sem observar a presença dos outros veículos";"Queda de ocupante de veículo";"Com Vítimas Feridas";"Pleno dia";"Crescente";"Céu Claro";"Dupla";"Reta";"Sim";2;0;0;1;1;0;1;2;-7,92365927;-35,15513418;"SPRF-PE";"DEL01-PE";"UOP01-DEL01-PE"
450930;2022-05-20;"sexta-feira";"12:15:00";"SP";116;153;"SAO JOSE DOS CAMPOS";"Manobra de mudança de faixa";"Colisão lateral mesmo sentido";"Com Vítimas Feridas";"Pleno dia";"Decrescente";"Céu Claro";"Dupla";"Reta";"Sim";2;0;1;0;0;1;1;2;-23,23262274;-45,91372624;"SPRF-SP";"DEL02-SP";"UOP01-DEL02-SP"
450931;2022-05-20;"sexta-feira";"14:13:00";"PE";101;115,9;"CABO DE SANTO AGOSTINHO";"Chuva";"Saída de leito carroçável";"Com Vítimas Feridas";"Pleno dia";"Decrescente";"Chuva";"Dupla";"Reta";"Não";1;0;1;0;0;0;1;1;-8,345104;-35,146363;"SPRF-PE";"DEL01-PE";"UOP03-DEL01-PE"
450932;2022-05-11;"quarta-feira";"21:18:00";"MS";163;229;"CAARAPO";"Ausência de reação do condutor";"Saída de leito carroçável";"Com Vítimas Feridas";"Plena Noite";"Decrescente";"Céu Claro";"Dupla";"Reta";"Não";2;0;0;2;0;0;2;1;-22,46871288;-54,85366712;"SPRF-MS";"DEL04-MS";"UOP02-DEL04-MS"
450935;2022-05-20;"sexta-feira";"14:50:00";"GO";40;5;"VALPARAISO DE GOIAS";"Ausência de reação do condutor";"Colisão traseira";"Com Vítimas Feridas";"Pleno dia";"Crescente";"Céu Claro";"Dupla";"Declive;Reta";"Sim";5;0;3;0;2;0;3;2;-16,093134;-47,982236;"SPRF-DF";"DEL01-DF";"UOP01-DEL01-DF"
450939;2022-04-18;"segunda-feira";"14:45:00";"PR";476;180;"CONTENDA";"Ausência de reação do condutor";"Saída de leito carroçável";"Com Vítimas Feridas";"Pleno dia";"Decrescente";"Céu Claro";"Simples";"Curva";"Não";2;0;1;0;1;0;1;1;-25,7102533;-49,60177682;"SPRF-PR";"DEL01-PR";"UOP03-DEL01-PR"
450940;2022-05-20;"sexta-feira";"14:50:00";"SC";470;63,7;"INDAIAL";"Ausência de reação do condutor";"Colisão traseira";"Com Vítimas Feridas";"Pleno dia";"Decrescente";"Sol";"Simples";"Reta";"Não";2;0;1;0;1;0;1;2;-26,872396;-49,19228;"SPRF-SC";"DEL04-SC";"UOP01-DEL04-SC"
450941;2022-05-20;"sexta-feira";"12:00:00";"RS";116;39,7;"VACARIA";"Ausência de reação do condutor";"Colisão traseira";"Com Vítimas Feridas";"Pleno dia";"Decrescente";"Sol";"Simples";"Reta";"Sim";3;0;1;0;2;0;1;3;-28,51714427;-50,93804793;"SPRF-RS";"DEL05-RS";"UOP03-DEL05-RS"
450942;2022-05-20;"sexta-feira";"14:34:00";"PE";101;50;"ABREU E LIMA";"Pedestre cruzava a pista fora da faixa";"Atropelamento de Pedestre";"Com Vítimas Feridas";"Pleno dia";"Crescente";"Céu Claro";"Múltipla";"Reta";"Sim";2;0;0;2;0;0;2;2;-7,90938602;-34,90123228;"SPRF-PE";"DEL01-PE";"UOP02-DEL01-PE"
450943;2022-05-20;"sexta-feira";"14:05:00";"GO";60;95,3;"ANAPOLIS";"Reação tardia ou ineficiente do condutor";"Saída de leito carroçável";"Com Vítimas Feridas";"Pleno dia";"Decrescente";"Céu Claro";"Dupla";"Reta";"Sim";1;0;1;0;0;0;1;1;-16,36779787;-48,93878053;"SPRF-GO";"DEL02-GO";"UOP01-DEL02-GO"
450944;2022-03-27;"domingo";"20:15:00";"ES";101;257;"SERRA";"Ausência de reação do condutor";"Queda de ocupante de veículo";"Com Vítimas Feridas";"Plena Noite";"Crescente";"Céu Claro";"Dupla";"Reta";"Não";1;0;1;0;0;0;1;1;-20,12455095;-40,30331881;"SPRF-ES";"DEL02-ES";"UOP01-DEL02-ES"
450945;2022-05-14;"sábado";"19:40:00";"PA";316;244,8;"CACHOEIRA DO PIRIA";"Pedestre andava na pista";"Atropelamento de Pedestre";"Com Vítimas Fatais";"Plena Noite";"Crescente";"Céu Claro";"Simples";"Reta";"Não";2;1;0;0;0;1;0;2;-1,74954818;-46,55944808;"SPRF-PA";"DEL01-PA";"UOP04-DEL01-PA"
450947;2022-05-20;"sexta-feira";"15:40:00";"BA";324;594;"CANDEIAS";"Condutor deixou de manter distância do veículo da frente";"Engavetamento";"Sem Vítimas";"Pleno dia";"Decrescente";"Nublado";"Dupla";"Reta";"Não";3;0;0;0;3;0;0;3;-12,70742041;-38,46251062;"SPRF-BA";"DEL01-BA";"UOP01-DEL01-BA"
450948;2022-05-20;"sexta-feira";"16:10:00";"SC";101;122;"ITAJAI";"Trafegar com motocicleta (ou similar) entre as faixas";"Colisão lateral mesmo sentido";"Com Vítimas Feridas";"Pleno dia";"Crescente";"Céu Claro";"Dupla";"Reta";"Não";2;0;1;1;0;0;2;1;-26,92955916;-48,70499836;"SPRF-SC";"DEL04-SC";"UOP04-DEL04-SC"
450950;2022-05-20;"sexta-feira";"16:40:00";"SP";116;155;"SAO JOSE DOS CAMPOS";"Condutor deixou de manter distância do veículo da frente";"Colisão traseira";"Com Vítimas Feridas";"Pleno dia";"Crescente";"Céu Claro";"Dupla";"Aclive;Reta";"Sim";2;0;1;0;1;0;1;2;-23,24524337;-45,92772774;"SPRF-SP";"DEL02-SP";"UOP01-DEL02-SP"
450951;2022-05-20;"sexta-feira";"15:00:00";"MG";365;90,4;"JEQUITAI";"Manobra de mudança de faixa";"Colisão transversal";"Com Vítimas Feridas";"Pleno dia";"Crescente";"Sol";"Simples";"Reta";"Não";2;0;0;1;1;0;1;2;-17,2046899;-44,44052917;"SPRF-MG";"DEL12-MG";"UOP01-DEL12-MG"
450952;2022-05-20;"sexta-feira";"16:15:00";"RJ";116;316;"ITATIAIA";"Ausência de reação do condutor";"Colisão lateral mesmo sentido";"Sem Vítimas";"Anoitecer";"Crescente";"Sol";"Dupla";"Curva";"Não";3;0;0;0;3;0;0;2;-22,46560057;-44,49102813;"SPRF-RJ";"DEL07-RJ";"UOP02-DEL07-RJ"
450953;2022-05-20;"sexta-feira";"15:30:00";"SC";470;219;"SAO CRISTOVAO DO SUL";"Reação tardia ou ineficiente do condutor";"Saída de leito carroçável";"Com Vítimas Feridas";"Pleno dia";"Decrescente";"Céu Claro";"Simples";"Declive";"Não";3;0;2;0;0;1;2;2;-27,302975;-50,303108;"SPRF-SC";"DEL05-SC";"UOP03-DEL05-SC"
450954;2022-05-20;"sexta-feira";"15:40:00";"RO";364;342;"JI-PARANA";"Reação tardia ou ineficiente do condutor";"Colisão traseira";"Com Vítimas Feridas";"Pleno dia";"Decrescente";"Sol";"Simples";"Reta";"Sim";2;0;1;0;1;0;1;2;-10,88381227;-61,93741416;"SPRF-RO";"DEL02-RO";"UOP01-DEL02-RO"
450955;2022-04-14;"quinta-feira";"10:30:00";"ES";101;204;"JOAO NEIVA";"Acessar a via sem observar a presença dos outros veículos";"Colisão transversal";"Com Vítimas Feridas";"Pleno dia";"Crescente";"Céu Claro";"Simples";"Reta";"Sim";2;0;1;0;0;1;1;2;-19,74948916;-40,37922678;"SPRF-ES";"DEL02-ES";"UOP01-DEL02-ES"
450956;2022-05-20;"sexta-feira";"17:32:00";"SC";280;55,8;"GUARAMIRIM";"Acessar a via sem observar a presença dos outros veículos";"Colisão transversal";"Com Vítimas Feridas";"Pleno dia";"Crescente";"Sol";"Simples";"Reta;Interseção de Vias";"Sim";2;0;1;0;1;0;1;2;-26,47948525;-49,00580406;"SPRF-SC";"DEL03-SC";"UOP03-DEL03-SC"
450957;2022-05-20;"sexta-feira";"16:25:00";"MG";40;282;"TRES MARIAS";"Reação tardia ou ineficiente do condutor";"Colisão traseira";"Com Vítimas Feridas";"Pleno dia";"Crescente";"Céu Claro";"Simples";"Reta";"Não";2;0;1;0;1;0;1;2;-18,24923582;-45,20220684;"SPRF-MG";"DEL14-MG";"UOP02-DEL14-MG"
450958;2022-05-20;"sexta-feira";"17:10:00";"SC";470;118,6;"IBIRAMA";"Retorno proibido";"Colisão transversal";"Com Vítimas Feridas";"Anoitecer";"Crescente";"Céu Claro";"Simples";"Aclive";"Não";2;0;1;0;1;0;1;2;-27,082176;-49,511818;"SPRF-SC";"DEL04-SC";"UOP02-DEL04-SC"
450959;2022-05-20;"sexta-feira";"17:15:00";"ES";101;296,5;"CARIACICA";"Ausência de reação do condutor";"Colisão traseira";"Com Vítimas Feridas";"Anoitecer";"Crescente";"Céu Claro";"Múltipla";"Curva";"Sim";2;0;1;0;1;0;1;2;-20,34029997;-40,40405712;"SPRF-ES";"DEL01-ES";"UOP01-DEL01-ES"
450962;2022-05-20;"sexta-feira";"16:30:00";"PB";104;102,5;"ESPERANCA";"Manobra de mudança de faixa";"Colisão frontal";"Com Vítimas Feridas";"Anoitecer";"Crescente";"Nublado";"Simples";"Reta";"Não";6;0;0;1;2;3;1;5;-7,06249;-35,85547;"SPRF-PB";"DEL02-PB";"UOP04-DEL02-PB"
450963;2022-05-20;"sexta-feira";"17:22:00";"PR";369;144,7;"LONDRINA";"Condutor deixou de manter distância do veículo da frente";"Engavetamento";"Com Vítimas Feridas";"Pleno dia";"Decrescente";"Céu Claro";"Dupla";"Reta";"Não";5;0;1;0;4;0;1;3;-23,29366;-51,1109;"SPRF-PR";"DEL07-PR";"UOP01-DEL07-PR"
450966;2022-05-20;"sexta-feira";"15:52:00";"ES";101;116;"SOORETAMA";"Pedestre andava na pista";"Atropelamento de Pedestre";"Com Vítimas Feridas";"Pleno dia";"Crescente";"Céu Claro";"Simples";"Reta";"Não";2;0;1;0;1;0;1;2;-19,11117311;-40,05900079;"SPRF-ES";"DEL04-ES";"UOP01-DEL04-ES"
450968;2022-04-02;"sábado";"18:17:00";"SC";101;139,2;"BALNEARIO CAMBORIU";"Velocidade Incompatível";"Colisão com objeto";"Com Vítimas Feridas";"Anoitecer";"Crescente";"Nublado";"Dupla";"Aclive;Curva";"Sim";1;0;1;0;0;0;1;1;-27,02982303;-48,60115006;"SPRF-SC";"DEL04-SC";"UOP03-DEL04-SC"
450969;2022-05-20;"sexta-feira";"15:45:00";"SP";116;230;"SAO PAULO";"Manobra de mudança de faixa";"Colisão lateral mesmo sentido";"Com Vítimas Feridas";"Pleno dia";"Crescente";"Céu Claro";"Dupla";"Aclive";"Sim";2;0;1;0;1;0;1;2;-23,52314917;-46,58658028;"SPRF-SP";"DEL01-SP";"UOP01-DEL01-SP"
450970;2022-05-20;"sexta-feira";"17:02:00";"RJ";116;204;"SEROPEDICA";"Acessar a via sem observar a presença dos outros veículos";"Colisão traseira";"Com Vítimas Fatais";"Pleno dia";"Decrescente";"Céu Claro";"Dupla";"Reta";"Não";4;1;0;1;1;1;1;3;-22,72895007;-43,63189001;"SPRF-RJ";"DEL01-RJ";"UOP03-DEL01-RJ"
450973;2022-05-20;"sexta-feira";"18:30:00";"PR";116;153;"MANDIRITUBA";"Ausência de reação do condutor";"Colisão com objeto";"Sem Vítimas";"Plena Noite";"Crescente";"Céu Claro";"Simples";"Curva";"Sim";1;0;0;0;1;0;0;1;-25,86928995;-49,36832255;"SPRF-PR";"DEL01-PR";"UOP03-DEL01-PR"
450975;2022-05-20;"sexta-feira";"18:40:00";"SC";101;206;"SAO JOSE";"Ausência de reação do condutor";"Queda de ocupante de veículo";"Com Vítimas Feridas";"Plena Noite";"Decrescente";"Céu Claro";"Múltipla";"Reta";"Não";1;0;1;0;0;0;1;1;-27,59193546;-48,61824557;"SPRF-SC";"DEL01-SC";"UOP01-DEL01-SC"
450976;2022-05-20;"sexta-feira";"18:54:00";"SP";116;269;"TABOAO DA SERRA";"Reação tardia ou ineficiente do condutor";"Colisão lateral mesmo sentido";"Com Vítimas Feridas";"Plena Noite";"Crescente";"Céu Claro";"Dupla";"Reta";"Sim";3;0;1;0;2;0;1;2;-23,61593059;-46,78826044;"SPRF-SP";"DEL04-SP";"UOP01-DEL04-SP"
450977;2022-05-20;"sexta-feira";"18:30:00";"PR";277;4;"FOZ DO IGUACU";"Reação tardia ou ineficiente do condutor";"Colisão lateral mesmo sentido";"Com Vítimas Feridas";"Anoitecer";"Crescente";"Céu Claro";"Dupla";"Reta";"Sim";2;0;1;0;1;0;1;2;-25,4718487;-54,58528697;"SPRF-PR";"DEL05-PR";"UOP03-DEL05-PR"
450978;2022-05-20;"sexta-feira";"17:55:00";"RS";153;50;"ERECHIM";"Desrespeitar a preferência no cruzamento";"Colisão transversal";"Com Vítimas Feridas";"Anoitecer";"Decrescente";"Céu Claro";"Simples";"Reta";"Sim";2;0;1;0;1;0;1;2;-27,65623359;-52,27554709;"SPRF-RS";"DEL08-RS";"UOP04-DEL08-RS"
450979;2022-05-20;"sexta-feira";"18:00:00";"SC";163;72,2;"SAO MIGUEL DO OESTE";"Acessar a via sem observar a presença dos outros veículos";"Colisão transversal";"Com Vítimas Feridas";"Anoitecer";"Decrescente";"Céu Claro";"Dupla";"Declive;Interseção de Vias;Reta";"Sim";2;0;0;1;1;0;1;2;-26,71908804;-53,5157791;"SPRF-SC";"DEL07-SC";"UOP03-DEL07-SC"
450980;2022-05-20;"sexta-feira";"15:45:00";"AL";101;163;"CAMPO ALEGRE";"Acumulo de água sobre o pavimento";"Saída de leito carroçável";"Sem Vítimas";"Pleno dia";"Decrescente";"Chuva";"Dupla";"Curva";"Não";1;0;0;0;0;1;0;1;-9,90045478;-36,25556946;"SPRF-AL";"DEL02-AL";"UOP02-DEL02-AL"
450982;2022-05-20;"sexta-feira";"19:00:00";"PE";101;37,7;"IGARASSU";"Condutor deixou de manter distância do veículo da frente";"Colisão traseira";"Com Vítimas Feridas";"Plena Noite";"Crescente";"Chuva";"Dupla";"Declive;Reta";"Não";2;0;1;0;0;1;1;2;-7,79726705;-34,9274932;"SPRF-PE";"DEL01-PE";"UOP02-DEL01-PE"
450983;2022-05-20;"sexta-feira";"18:08:00";"BA";407;3;"JUAZEIRO";"Condutor deixou de manter distância do veículo da frente";"Engavetamento";"Sem Vítimas";"Plena Noite";"Crescente";"Garoa/Chuvisco";"Simples";"Reta";"Sim";3;0;0;0;3;0;0;3;-9,43134011;-40,49823324;"SPRF-PE";"DEL06-PE";"UOP01-DEL06-PE"
450986;2022-05-20;"sexta-feira";"18:00:00";"CE";222;7,8;"CAUCAIA";"Animais na Pista";"Atropelamento de Animal";"Com Vítimas Feridas";"Plena Noite";"Decrescente";"Nublado";"Múltipla";"Reta";"Não";1;0;1;0;0;0;1;1;-3,7495132;-38,6299559;"SPRF-CE";"DEL01-CE";"UOP01-DEL01-CE"
450987;2022-05-20;"sexta-feira";"19:15:00";"SP";153;72,5;"SAO JOSE DO RIO PRETO";"Avarias e/ou desgaste excessivo no pneu";"Saída de leito carroçável";"Com Vítimas Feridas";"Plena Noite";"Decrescente";"Céu Claro";"Dupla";"Reta";"Não";2;0;1;0;1;0;1;1;-20,86715501;-49,41334398;"SPRF-SP";"DEL09-SP";"UOP01-DEL09-SP"
450988;2022-05-20;"sexta-feira";"18:40:00";"RN";406;152,8;"CEARA-MIRIM";"Ingestão de álcool pelo condutor";"Colisão frontal";"Com Vítimas Feridas";"Plena Noite";"Decrescente";"Céu Claro";"Simples";"Reta";"Não";6;0;3;3;0;0;6;2;-5,65651272;-35,41672366;"SPRF-RN";"DEL02-RN";"UOP01-DEL02-RN"
450989;2022-05-20;"sexta-feira";"18:20:00";"RN";406;141,5;"TAIPU";"Ultrapassagem Indevida";"Colisão frontal";"Sem Vítimas";"Plena Noite";"Crescente";"Céu Claro";"Simples";"Aclive;Reta";"Não";2;0;0;0;1;1;0;2;-5,650285;-35,511858;"SPRF-RN";"DEL02-RN";"UOP01-DEL02-RN"
450990;2022-05-20;"sexta-feira";"19:00:00";"SC";101;134,3;"BALNEARIO CAMBORIU";"Manobra de mudança de faixa";"Engavetamento";"Com Vítimas Feridas";"Plena Noite";"Crescente";"Céu Claro";"Dupla";"Reta";"Sim";5;0;1;0;4;0;1;3;-27,00282;-48,63432;"SPRF-SC";"DEL04-SC";"UOP03-DEL04-SC"
450992;2022-05-20;"sexta-feira";"18:00:00";"MG";262;368;"JUATUBA";"Condutor deixou de manter distância do veículo da frente";"Colisão traseira";"Com Vítimas Feridas";"Anoitecer";"Decrescente";"Céu Claro";"Dupla";"Reta";"Sim";2;0;1;0;1;0;1;2;-19,97239513;-44,28042402;"SPRF-MG";"DEL01-MG";"UOP03-DEL01-MG"
450997;2022-05-20;"sexta-feira";"18:50:00";"PR";116;209;"RIO NEGRO";"Desrespeitar a preferência no cruzamento";"Colisão transversal";"Com Vítimas Feridas";"Anoitecer";"Decrescente";"Céu Claro";"Múltipla";"Interseção de Vias";"Sim";2;0;1;0;1;0;1;2;-26,08516438;-49,77788329;"SPRF-SC";"DEL06-SC";"UOP01-DEL06-SC"
450999;2022-05-20;"sexta-feira";"17:00:00";"MG";116;815;"ALEM PARAIBA";"Acesso irregular";"Colisão traseira";"Com Vítimas Feridas";"Pleno dia";"Decrescente";"Céu Claro";"Simples";"Reta";"Não";2;0;1;0;1;0;1;2;-21,86200678;-42,66859006;"SPRF-MG";"DEL07-MG";"UOP01-DEL07-MG"
451000;2022-05-20;"sexta-feira";"17:45:00";"MA";230;405;"BALSAS";"Ausência de reação do condutor";"Colisão transversal";"Com Vítimas Feridas";"Anoitecer";"Crescente";"Céu Claro";"Simples";"Reta";"Sim";2;0;0;1;1;0;1;2;-7,52133442;-46,04968976;"SPRF-MA";"DEL05-MA";"UOP01-DEL05-MA"
451003;2022-05-20;"sexta-feira";"21:30:00";"ES";101;114;"SOORETAMA";"Ausência de reação do condutor";"Colisão traseira";"Com Vítimas Feridas";"Plena Noite";"Decrescente";"Céu Claro";"Simples";"Reta";"Não";2;0;0;1;0;1;1;2;-19,09484877;-40,05095848;"SPRF-ES";"DEL04-ES";"UOP01-DEL04-ES"
451004;2022-05-20;"sexta-feira";"21:10:00";"PR";376;2;"APUCARANA";"Ingestão de álcool pelo condutor";"Colisão transversal";"Sem Vítimas";"Plena Noite";"Crescente";"Céu Claro";"Simples";"Reta";"Sim";3;0;0;0;2;1;0;3;-23,5513;-51,461266;"SPRF-PR";"DEL07-PR";"UOP03-DEL07-PR"
451005;2022-05-20;"sexta-feira";"20:05:00";"SC";116;138,2;"SANTA CECILIA";"Acessar a via sem observar a presença dos outros veículos";"Colisão transversal";"Com Vítimas Feridas";"Plena Noite";"Decrescente";"Céu Claro";"Simples";"Reta";"Sim";6;0;1;0;5;0;1;2;-26,95365013;-50,42351412;"SPRF-SC";"DEL06-SC";"UOP02-DEL06-SC"
451006;2022-05-20;"sexta-feira";"20:15:00";"PR";373;473,6;"CORONEL VIVIDA";"Ingestão de álcool pelo condutor";"Colisão frontal";"Com Vítimas Feridas";"Plena Noite";"Crescente";"Céu Claro";"Simples";"Curva";"Não";5;0;1;0;4;0;1;2;-25,96414323;-52,49453095;"SPRF-PR";"DEL02-PR";"UOP01-DEL02-PR"
451008;2022-05-20;"sexta-feira";"21:54:00";"DF";20;22;"BRASILIA";"Velocidade Incompatível";"Saída de leito carroçável";"Com Vítimas Feridas";"Plena Noite";"Decrescente";"Céu Claro";"Dupla";"Reta";"Sim";1;0;1;0;0;0;1;1;-15,59834;-47,676186;"SPRF-DF";"DEL02-DF";"UOP01-DEL02-DF"
451009;2022-05-20;"sexta-feira";"18:20:00";"RJ";393;106;"SAPUCAIA";"Acessar a via sem observar a presença dos outros veículos";"Colisão transversal";"Com Vítimas Feridas";"Anoitecer";"Decrescente";"Céu Claro";"Simples";"Reta";"Sim";2;0;1;0;1;0;1;2;-21,87764485;-42,67025797;"SPRF-RJ";"DEL05-RJ";"UOP01-DEL05-RJ"