"id";"data_inversa";"dia_semana";"horario";"uf";"br";"km";"municipio";"causa_acidente";"tipo_acidente";"classificacao_acidente";"fase_dia";"sentido_via";"condicao_metereologica";"tipo_pista";"tracado_via";"uso_solo";"pessoas";"mortos";"feridos_leves";"feridos_graves";"ilesos";"ignorados";"feridos";"veiculos";"latitude";"longitude";"regional";"delegacia";"uop"
451010;2022-05-20;"sexta-feira";"10:40:00";"PI";407;568;"PAULISTANA";"Mal súbito do condutor";"Saída de leito carroçável";"Com Vítimas Feridas";"Pleno dia";"Crescente";"Céu Claro";"Simples";"Reta";"Não";1;0;1;0;0;0;1;1;-8,09426087;-41,16434664;"SPRF-PI";"DEL04-PI";"UOP01-DEL04-PI"
451011;2022-05-20;"sexta-feira";"22:10:00";"ES";262;106;"VENDA NOVA DO IMIGRANTE";"Ingestão de álcool pelo condutor";"Colisão traseira";"Com Vítimas Feridas";"Plena Noite";"Crescente";"Céu Claro";"Simples";"Reta";"Sim";3;0;1;0;1;1;1;3;-20,32620639;-41,14442285;"SPRF-ES";"DEL01-ES";"UOP02-DEL01-ES"
451017;2022-05-20;"sexta-feira";"22:00:00";"PR";277;673,1;"MEDIANEIRA";"Ingestão de álcool pelo condutor";"Colisão frontal";"Com Vítimas Feridas";"Plena Noite";"Decrescente";"Céu Claro";"Dupla";"Reta";"Sim";4;0;2;0;1;1;2;2;-25,29056476;-54,10646111;"SPRF-PR";"DEL05-PR";"UOP01-DEL05-PR"
451018;2022-05-20;"sexta-feira";"21:45:00";"PE";232;397;"SERRA TALHADA";"Animais na Pista";"Atropelamento de Animal";"Com Vítimas Feridas";"Plena Noite";"Decrescente";"Céu Claro";"Simples";"Reta";"Não";1;0;1;0;0;0;1;1;-8,01766271;-38,19979581;"SPRF-PE";"DEL04-PE";"UOP01-DEL04-PE"
451019;2022-05-20;"sexta-feira";"22:30:00";"BA";415;23;"ILHEUS";"Acessar a via sem observar a presença dos outros veículos";"Colisão frontal";"Com Vítimas Feridas";"Plena Noite";"Crescente";"Céu Claro";"Simples";"Reta";"Sim";2;0;0;1;1;0;1;2;-14,8482;-39,281986;"SPRF-BA";"DEL05-BA";"UOP01-DEL05-BA"
451020;2022-05-20;"sexta-feira";"22:50:00";"BA";407;9,4;"JUAZEIRO";"Animais na Pista";"Atropelamento de Animal";"Com Vítimas Feridas";"Plena Noite";"Crescente";"Céu Claro";"Simples";"Reta";"Não";1;0;1;0;0;0;1;1;-9,4802599;-40,4750298;"SPRF-PE";"DEL06-PE";"UOP01-DEL06-PE"
451021;2022-05-20;"sexta-feira";"22:00:00";"PE";424;67;"CAETES";"Ingestão de álcool pelo condutor";"Colisão frontal";"Com Vítimas Fatais";"Plena Noite";"Crescente";"Garoa/Chuvisco";"Simples";"Reta";"Não";7;1;4;1;0;1;5;2;-8,76373281;-36,64275387;"SPRF-PE";"DEL03-PE";"UOP01-DEL03-PE"
451022;2022-05-20;"sexta-feira";"23:10:00";"PR";153;42,7;"SANTO ANTONIO DA PLATINA";"Desrespeitar a preferência no cruzamento";"Colisão transversal";"Com Vítimas Feridas";"Plena Noite";"Crescente";"Céu Claro";"Simples";"Rotatória";"Sim";2;0;1;0;1;0;1;2;-23,29512144;-50,06578041;"SPRF-PR";"DEL07-PR";"UOP04-DEL07-PR"
451023;2022-05-20;"sexta-feira";"23:35:00";"SP";116;289;"ITAPECERICA DA SERRA";"Acessar a via sem observar a presença dos outros veículos";"Queda de ocupante de veículo";"Com Vítimas Feridas";"Plena Noite";"Decrescente";"Céu Claro";"Dupla";"Reta";"Não";2;0;0;1;0;1;1;2;-23,72290969;-46,89096614;"SPRF-SP";"DEL04-SP";"UOP01-DEL04-SP"
451024;2022-05-20;"sexta-feira";"21:15:00";"MG";262;417;"PARA DE MINAS";"Desrespeitar a preferência no cruzamento";"Colisão traseira";"Sem Vítimas";"Plena Noite";"Crescente";"Céu Claro";"Dupla";"Retorno Regulamentado";"Não";5;0;0;0;5;0;0;2;-19,90564403;-44,68893403;"SPRF-MG";"DEL08-MG";"UOP03-DEL08-MG"
451025;2022-05-20;"sexta-feira";"18:30:00";"SC";101;314;"LAGUNA";"Animais na Pista";"Atropelamento de Animal";"Com Vítimas Feridas";"Plena Noite";"Decrescente";"Céu Claro";"Simples";"Ponte;Reta";"Não";1;0;1;0;0;0;1;1;-28,44043981;-48,82497095;"SPRF-SC";"DEL02-SC";"UOP01-DEL02-SC"
451026;2022-05-20;"sexta-feira";"22:30:00";"RJ";116;135,7;"MAGE";"Demais Fenômenos da natureza";"Colisão com objeto";"Com Vítimas Feridas";"Plena Noite";"Crescente";"Nublado";"Dupla";"Reta";"Não";1;0;1;0;0;0;1;1;-22,65225773;-43,16309893;"SPRF-RJ";"DEL04-RJ";"UOP02-DEL04-RJ"
451027;2022-05-20;"sexta-feira";"21:15:00";"SC";101;331,6;"TUBARAO";"Desrespeitar a preferência no cruzamento";"Colisão transversal";"Com Vítimas Feridas";"Plena Noite";"Decrescente";"Céu Claro";"Simples";"Reta";"Não";2;0;1;0;1;0;1;2;-28,45567521;-48,9812689;"SPRF-SC";"DEL02-SC";"UOP01-DEL02-SC"
451028;2022-05-20;"sexta-feira";"19:45:00";"SC";101;372,4;"ICARA";"Pedestre andava na pista";"Atropelamento de Pedestre";"Com Vítimas Feridas";"Plena Noite";"Decrescente";"Céu Claro";"Dupla";"Reta;Aclive";"Não";2;0;1;0;1;0;1;2;-28,70864509;-49,20924696;"SPRF-SC";"DEL02-SC";"UOP01-DEL02-SC"
451029;2022-05-20;"sexta-feira";"14:25:00";"RS";287;249,2;"SANTA MARIA";"Desrespeitar a preferência no cruzamento";"Colisão transversal";"Com Vítimas Feridas";"Pleno dia";"Decrescente";"Céu Claro";"Simples";"Rotatória";"Sim";3;0;0;1;2;0;1;2;-29,69400654;-53,86100019;"SPRF-RS";"DEL09-RS";"UOP01-DEL09-RS"
451032;2022-05-20;"sexta-feira";"23:20:00";"RR";174;504;"BOA VISTA";"Acessar a via sem observar a presença dos outros veículos";"Colisão transversal";"Com Vítimas Feridas";"Plena Noite";"Decrescente";"Chuva";"Dupla";"Retorno Regulamentado";"Sim";2;0;1;0;1;0;1;2;2,81923665;-60,69442034;"SPRF-RR";"DEL01-RR";"UOP01-DEL01-RR"
451034;2022-05-20;"sexta-feira";"20:00:00";"MA";135;41,1;"BACABEIRA";"Acumulo de água sobre o pavimento";"Eventos atípicos";"Com Vítimas Feridas";"Plena Noite";"Decrescente";"Chuva";"Dupla";"Reta";"Não";2;0;1;0;1;0;1;1;-2,89988876;-44,36665776;"SPRF-MA";"DEL01-MA";"UOP01-DEL01-MA"
451035;2022-05-21;"sábado";"00:45:00";"GO";40;2,6;"VALPARAISO DE GOIAS";"Condutor Dormindo";"Colisão transversal";"Com Vítimas Feridas";"Plena Noite";"Crescente";"Céu Claro";"Dupla";"Reta";"Sim";2;0;1;0;1;0;1;1;-16,067129;-47,984235;"SPRF-DF";"DEL01-DF";"UOP01-DEL01-DF"
451036;2022-05-20;"sexta-feira";"23:50:00";"GO";80;148;"SANTA RITA DO NOVO DESTINO";"Avarias e/ou desgaste excessivo no pneu";"Saída de leito carroçável";"Sem Vítimas";"Plena Noite";"Crescente";"Ignorado";"Simples";"Reta;Aclive";"Não";1;0;0;0;0;1;0;1;-14,870079;-49,006582;"SPRF-GO";"DEL07-GO";"UOP01-DEL07-GO"
451038;2022-05-20;"sexta-feira";"23:55:00";"PE";101;126;"ESCADA";"Condutor Dormindo";"Colisão lateral sentido oposto";"Sem Vítimas";"Plena Noite";"Decrescente";"Chuva";"Dupla";"Declive;Desvio Temporário";"Sim";2;0;0;0;2;0;0;2;-8,36958202;-35,22919699;"SPRF-PE";"DEL01-PE";"UOP03-DEL01-PE"
451039;2022-05-21;"sábado";"01:16:00";"ES";262;34;"DOMINGOS MARTINS";"Velocidade Incompatível";"Saída de leito carroçável";"Com Vítimas Feridas";"Plena Noite";"Decrescente";"Céu Claro";"Simples";"Reta";"Não";1;0;0;1;0;0;1;1;-20,37309781;-40,5917608;"SPRF-ES";"DEL01-ES";"UOP01-DEL01-ES"
451040;2022-05-21;"sábado";"00:35:00";"MA";230;402,1;"BALSAS";"Ausência de reação do condutor";"Colisão traseira";"Com Vítimas Feridas";"Plena Noite";"Crescente";"Céu Claro";"Simples";"Reta";"Sim";2;0;1;0;1;0;1;2;-7,506735;-46,030747;"SPRF-MA";"DEL05-MA";"UOP01-DEL05-MA"
451043;2022-05-21;"sábado";"01:40:00";"MG";50;17;"UBERLANDIA";"Ausência de reação do condutor";"Colisão traseira";"Com Vítimas Feridas";"Plena Noite";"Decrescente";"Céu Claro";"Dupla";"Reta";"Não";3;0;2;0;0;1;2;2;-18,92483;-48,18764;"SPRF-MG";"DEL15-MG";"UOP01-DEL15-MG"
451045;2022-05-21;"sábado";"01:30:00";"BA";407;126;"SENHOR DO BONFIM";"Ingestão de álcool pelo condutor";"Colisão traseira";"Com Vítimas Feridas";"Plena Noite";"Decrescente";"Chuva";"Simples";"Reta";"Sim";2;0;0;1;1;0;1;2;-10,4558193;-40,18119143;"SPRF-BA";"DEL04-BA";"UOP01-DEL04-BA"
451046;2022-05-21;"sábado";"01:30:00";"SC";101;135;"BALNEARIO CAMBORIU";"Ingestão de álcool pelo condutor";"Colisão traseira";"Sem Vítimas";"Plena Noite";"Crescente";"Céu Claro";"Dupla";"Reta";"Sim";2;0;0;0;2;0;0;2;-27,0050108;-48,62677494;"SPRF-SC";"DEL04-SC";"UOP03-DEL04-SC"
451047;2022-05-21;"sábado";"01:30:00";"PR";116;8,9;"CAMPINA GRANDE DO SUL";"Ingestão de álcool pelo condutor";"Saída de leito carroçável";"Com Vítimas Feridas";"Plena Noite";"Crescente";"Céu Claro";"Dupla";"Reta";"Sim";1;0;0;1;0;0;1;1;-25,08123277;-48,62449108;"SPRF-PR";"DEL01-PR";"UOP02-DEL01-PR"
451048;2022-05-21;"sábado";"02:00:00";"SC";101;127,6;"BALNEARIO CAMBORIU";"Ingestão de álcool pelo condutor";"Colisão com objeto";"Com Vítimas Feridas";"Plena Noite";"Crescente";"Céu Claro";"Dupla";"Reta";"Não";2;0;1;0;1;0;1;1;-26,9639319;-48,68328024;"SPRF-SC";"DEL04-SC";"UOP04-DEL04-SC"
451049;2022-05-21;"sábado";"01:15:00";"SC";101;135;"BALNEARIO CAMBORIU";"Velocidade Incompatível";"Colisão com objeto";"Sem Vítimas";"Anoitecer";"Crescente";"Céu Claro";"Dupla";"Reta";"Sim";1;0;0;0;0;1;0;1;-27,0050108;-48,62677494;"SPRF-SC";"DEL04-SC";"UOP03-DEL04-SC"
451050;2022-05-21;"sábado";"01:20:00";"SC";116;34,2;"ITAIOPOLIS";"Reação tardia ou ineficiente do condutor";"Saída de leito carroçável";"Com Vítimas Fatais";"Plena Noite";"Crescente";"Céu Claro";"Simples";"Reta";"Não";3;1;0;1;0;1;1;2;-26,33168;-49,99774;"SPRF-SC";"DEL06-SC";"UOP01-DEL06-SC"
451051;2022-05-20;"sexta-feira";"21:15:00";"RS";287;248;"SANTA MARIA";"Obras na pista";"Tombamento";"Com Vítimas Feridas";"Plena Noite";"Crescente";"Céu Claro";"Dupla";"Em Obras;Reta";"Sim";1;0;1;0;0;0;1;1;-29,696018;-53,850956;"SPRF-RS";"DEL09-RS";"UOP01-DEL09-RS"
451052;2022-05-21;"sábado";"03:55:00";"SP";381;84;"SAO PAULO";"Ausência de reação do condutor";"Atropelamento de Pedestre";"Com Vítimas Feridas";"Plena Noite";"Decrescente";"Céu Claro";"Múltipla";"Reta";"Não";2;0;1;0;0;1;1;2;-23,45478217;-46,5708518;"SPRF-SP";"DEL03-SP";"UOP01-DEL03-SP"
451053;2022-05-21;"sábado";"03:00:00";"PR";376;106,9;"PARANAVAI";"Velocidade Incompatível";"Colisão com objeto";"Com Vítimas Feridas";"Plena Noite";"Crescente";"Céu Claro";"Dupla";"Reta";"Sim";3;0;3;0;0;0;3;1;-23,06144;-52,433968;"SPRF-PR";"DEL09-PR";"UOP02-DEL09-PR"
451055;2022-05-21;"sábado";"04:15:00";"RS";470;229;"GARIBALDI";"Ingestão de álcool pelo condutor";"Saída de leito carroçável";"Sem Vítimas";"Plena Noite";"Decrescente";"Céu Claro";"Simples";"Curva";"Sim";1;0;0;0;1;0;0;1;-29,270958;-51,498197;"SPRF-RS";"DEL06-RS";"UOP01-DEL06-RS"
451056;2022-05-21;"sábado";"05:15:00";"RN";101;103;"PARNAMIRIM";"Ausência de reação do condutor";"Queda de ocupante de veículo";"Com Vítimas Feridas";"Amanhecer";"Decrescente";"Céu Claro";"Múltipla";"Reta";"Sim";1;0;0;1;0;0;1;1;-5,89034022;-35,24894996;"SPRF-RN";"DEL01-RN";"UOP01-DEL01-RN"
451057;2022-05-21;"sábado";"04:49:00";"PB";101;15;"MAMANGUAPE";"Ausência de reação do condutor";"Queda de ocupante de veículo";"Com Vítimas Feridas";"Pleno dia";"Decrescente";"Céu Claro";"Dupla";"Reta";"Não";1;0;0;1;0;0;1;1;-6,62207781;-35,13047486;"SPRF-PB";"DEL01-PB";"UOP04-DEL01-PB"
451059;2022-05-20;"sexta-feira";"18:30:00";"SC";101;410,9;"ARARANGUA";"Ultrapassagem Indevida";"Colisão transversal";"Com Vítimas Feridas";"Plena Noite";"Crescente";"Céu Claro";"Simples";"Reta";"Sim";3;0;1;0;1;1;1;3;-28,9225061;-49,4913107;"SPRF-SC";"DEL02-SC";"UOP02-DEL02-SC"
451061;2022-05-21;"sábado";"02:20:00";"SP";116;134,6;"SAO JOSE DOS CAMPOS";"Pedestre cruzava a pista fora da faixa";"Colisão transversal";"Com Vítimas Fatais";"Pleno dia";"Decrescente";"Nevoeiro/Neblina";"Dupla";"Reta";"Não";4;1;0;0;0;3;0;3;-23,1402216;-45,7617252;"SPRF-SP";"DEL02-SP";"UOP01-DEL02-SP"
451062;2022-05-21;"sábado";"05:00:00";"RJ";493;53;"DUQUE DE CAXIAS";"Animais na Pista";"Atropelamento de Animal";"Com Vítimas Feridas";"Amanhecer";"Decrescente";"Céu Claro";"Dupla";"Reta";"Não";2;0;1;0;1;0;1;2;-22,672089;-43,285053;"SPRF-RJ";"DEL01-RJ";"UOP01-DEL01-RJ"
451063;2022-05-21;"sábado";"02:30:00";"SC";101;331;"TUBARAO";"Reação tardia ou ineficiente do condutor";"Saída de leito carroçável";"Sem Vítimas";"Plena Noite";"Decrescente";"Céu Claro";"Dupla";"Curva";"Não";1;0;0;0;1;0;0;1;-28,45567521;-48,9812689;"SPRF-SC";"DEL02-SC";"UOP01-DEL02-SC"
451064;2022-05-21;"sábado";"06:00:00";"PE";232;33,6;"MORENO";"Reação tardia ou ineficiente do condutor";"Saída de leito carroçável";"Com Vítimas Feridas";"Amanhecer";"Decrescente";"Céu Claro";"Dupla";"Reta";"Sim";2;0;1;0;0;1;1;2;-8,10539025;-35,17523495;"SPRF-PE";"DEL01-PE";"UOP01-DEL01-PE"
451066;2022-05-21;"sábado";"05:00:00";"CE";116;460,2;"BARRO";"Afundamento ou ondulação no pavimento";"Queda de ocupante de veículo";"Com Vítimas Feridas";"Amanhecer";"Decrescente";"Céu Claro";"Simples";"Reta";"Não";1;0;0;1;0;0;1;1;-7,19936909;-38,79640796;"SPRF-CE";"DEL05-CE";"UOP03-DEL05-CE"
451069;2022-05-21;"sábado";"06:20:00";"RS";392;119,9;"CANGUCU";"Condutor Dormindo";"Saída de leito carroçável";"Sem Vítimas";"Amanhecer";"Decrescente";"Céu Claro";"Simples";"Declive;Curva";"Não";1;0;0;0;1;0;0;1;-31,39159048;-52,68805833;"SPRF-RS";"DEL07-RS";"UOP01-DEL07-RS"
451070;2022-05-21;"sábado";"06:30:00";"MG";50;156;"UBERABA";"Condutor Dormindo";"Saída de leito carroçável";"Com Vítimas Feridas";"Pleno dia";"Decrescente";"Céu Claro";"Dupla";"Reta";"Não";1;0;1;0;0;0;1;1;-19,61676094;-48,01874384;"SPRF-MG";"DEL13-MG";"UOP01-DEL13-MG"
451072;2022-05-21;"sábado";"06:00:00";"RS";392;34;"RIO GRANDE";"Ingestão de álcool pelo condutor";"Colisão traseira";"Sem Vítimas";"Pleno dia";"Crescente";"Céu Claro";"Dupla";"Reta";"Não";2;0;0;0;2;0;0;2;-32,01573599;-52,28800966;"SPRF-RS";"DEL07-RS";"UOP02-DEL07-RS"
451074;2022-05-21;"sábado";"06:40:00";"CE";116;10;"FORTALEZA";"Condutor deixou de manter distância do veículo da frente";"Colisão traseira";"Com Vítimas Feridas";"Amanhecer";"Decrescente";"Chuva";"Dupla";"Reta";"Sim";2;0;1;0;1;0;1;2;-3,83603805;-38,5027281;"SPRF-CE";"DEL01-CE";"UOP02-DEL01-CE"
451075;2022-05-21;"sábado";"06:00:00";"RJ";101;425;"MANGARATIBA";"Ingestão de álcool e/ou substâncias psicoativas pelo pedestre";"Colisão com objeto";"Sem Vítimas";"Amanhecer";"Crescente";"Céu Claro";"Simples";"Reta;Declive";"Não";2;0;0;0;2;0;0;1;-22,92618815;-43,96323294;"SPRF-RJ";"DEL03-RJ";"UOP02-DEL03-RJ"
451076;2022-05-21;"sábado";"07:19:00";"DF";70;10,8;"BRASILIA";"Acessar a via sem observar a presença dos outros veículos";"Colisão traseira";"Com Vítimas Feridas";"Pleno dia";"Decrescente";"Céu Claro";"Dupla";"Retorno Regulamentado";"Não";3;0;1;1;1;0;2;2;-15,787066;-48,140709;"SPRF-DF";"DEL03-DF";"UOP02-DEL03-DF"
451077;2022-05-21;"sábado";"04:30:00";"PE";104;20,1;"TAQUARITINGA DO NORTE";"Manobra de mudança de faixa";"Capotamento";"Com Vítimas Feridas";"Amanhecer";"Crescente";"Nublado";"Simples";"Curva";"Não";1;0;1;0;0;0;1;1;-7,956497;-36,128529;"SPRF-PE";"DEL02-PE";"UOP01-DEL02-PE"
451078;2022-05-21;"sábado";"03:20:00";"SP";116;142,6;"SAO JOSE DOS CAMPOS";"Demais falhas mecânicas ou elétricas";"Capotamento";"Com Vítimas Feridas";"Plena Noite";"Decrescente";"Céu Claro";"Dupla";"Reta";"Sim";9;0;6;1;2;0;7;4;-23,17426078;-45,82940111;"SPRF-SP";"DEL02-SP";"UOP01-DEL02-SP"
451079;2022-05-21;"sábado";"07:05:00";"RS";116;387,9;"CAMAQUA";"Condutor Dormindo";"Saída de leito carroçável";"Sem Vítimas";"Amanhecer";"Crescente";"Céu Claro";"Dupla";"Reta";"Não";1;0;0;0;0;1;0;1;-30,81420236;-51,69569282;"SPRF-RS";"DEL02-RS";"UOP02-DEL02-RS"
451080;2022-05-21;"sábado";"08:20:00";"RS";470;219;"BENTO GONCALVES";"Acessar a via sem observar a presença dos outros veículos";"Colisão lateral sentido oposto";"Com Vítimas Feridas";"Pleno dia";"Crescente";"Céu Claro";"Simples";"Reta";"Sim";2;0;1;0;1;0;1;2;-29,17909489;-51,51855675;"SPRF-RS";"DEL06-RS";"UOP01-DEL06-RS"
451081;2022-05-21;"sábado";"08:15:00";"SP";153;39,4;"NOVA GRANADA";"Ingestão de álcool pelo condutor";"Tombamento";"Com Vítimas Feridas";"Pleno dia";"Decrescente";"Sol";"Simples";"Reta";"Não";1;0;1;0;0;0;1;1;-20,61196908;-49,32942891;"SPRF-SP";"DEL09-SP";"UOP01-DEL09-SP"
451082;2022-05-21;"sábado";"08:50:00";"SE";235;1;"ARACAJU";"Velocidade Incompatível";"Atropelamento de Pedestre";"Com Vítimas Feridas";"Pleno dia";"Decrescente";"Céu Claro";"Dupla";"Reta";"Sim";2;0;0;1;0;1;1;2;-10,9073;-37,0947;"SPRF-SE";"DEL01-SE";"UOP01-DEL01-SE"
451083;2022-05-21;"sábado";"08:17:00";"PR";163;283;"MARECHAL CANDIDO RONDON";"Desrespeitar a preferência no cruzamento";"Colisão transversal";"Com Vítimas Feridas";"Pleno dia";"Crescente";"Céu Claro";"Dupla";"Rotatória";"Sim";3;0;1;0;2;0;1;2;-24,56831524;-54,03388596;"SPRF-PR";"DEL06-PR";"UOP02-DEL06-PR"
451084;2022-05-21;"sábado";"09:10:00";"SP";116;282;"EMBU DAS ARTES";"Reação tardia ou ineficiente do condutor";"Colisão traseira";"Sem Vítimas";"Pleno dia";"Decrescente";"Céu Claro";"Dupla";"Reta";"Não";3;0;0;0;3;0;0;3;-23,68570216;-46,85970975;"SPRF-SP";"DEL04-SP";"UOP01-DEL04-SP"
451085;2022-05-21;"sábado";"06:40:00";"MG";381;843,2;"SAO SEBASTIAO DA BELA VISTA";"Condutor Dormindo";"Saída de leito carroçável";"Com Vítimas Feridas";"Amanhecer";"Crescente";"Céu Claro";"Dupla";"Reta";"Não";1;0;1;0;0;0;1;1;-22,22245372;-45,87389143;"SPRF-MG";"DEL16-MG";"UOP01-DEL16-MG"
451089;2022-05-21;"sábado";"07:00:00";"RJ";101;568;"PARATY";"Reação tardia ou ineficiente do condutor";"Queda de ocupante de veículo";"Com Vítimas Feridas";"Amanhecer";"Crescente";"Céu Claro";"Simples";"Reta";"Sim";1;0;0;1;0;0;1;1;-23,17023697;-44,71037687;"SPRF-RJ";"DEL03-RJ";"UOP04-DEL03-RJ"
451091;2022-05-21;"sábado";"09:50:00";"GO";414;434,5;"ANAPOLIS";"Acessar a via sem observar a presença dos outros veículos";"Colisão transversal";"Com Vítimas Fatais";"Pleno dia";"Crescente";"Céu Claro";"Simples";"Curva;Interseção de Vias;Aclive";"Sim";4;1;0;2;0;1;2;3;-16,23669917;-48,9327836;"SPRF-GO";"DEL02-GO";"UOP01-DEL02-GO"
451093;2022-05-21;"sábado";"10:19:00";"SP";116;158;"SAO JOSE DOS CAMPOS";"Condutor deixou de manter distância do veículo da frente";"Colisão traseira";"Com Vítimas Feridas";"Pleno dia";"Decrescente";"Nublado";"Simples";"Interseção de Vias";"Não";2;0;1;0;1;0;1;2;-23,26072137;-45,95179176;"SPRF-SP";"DEL02-SP";"UOP01-DEL02-SP"
451096;2022-05-21;"sábado";"09:45:00";"SP";116;297;"ITAPECERICA DA SERRA";"Ausência de reação do condutor";"Colisão com objeto";"Sem Vítimas";"Pleno dia";"Crescente";"Céu Claro";"Simples";"Retorno Regulamentado";"Não";2;0;0;0;1;1;0;1;-23,78323219;-46,91437053;"SPRF-SP";"DEL04-SP";"UOP01-DEL04-SP"
451097;2022-05-21;"sábado";"10:25:00";"MG";267;254,6;"SERITINGA";"Condutor Dormindo";"Colisão frontal";"Com Vítimas Feridas";"Pleno dia";"Crescente";"Céu Claro";"Simples";"Interseção de Vias";"Não";2;0;2;0;0;0;2;2;-21,931875;-44,514251;"SPRF-MG";"DEL17-MG";"UOP01-DEL17-MG"
451099;2022-05-21;"sábado";"09:50:00";"SC";101;333,7;"TUBARAO";"Desrespeitar a preferência no cruzamento";"Colisão transversal";"Com Vítimas Feridas";"Pleno dia";"Decrescente";"Céu Claro";"Dupla";"Reta;Interseção de Vias";"Sim";2;0;1;0;1;0;1;2;-28,46630107;-48,99653096;"SPRF-SC";"DEL02-SC";"UOP01-DEL02-SC"
451102;2022-05-21;"sábado";"10:40:00";"RJ";116;180;"NOVA IGUACU";"Trafegar com motocicleta (ou similar) entre as faixas";"Colisão lateral mesmo sentido";"Com Vítimas Feridas";"Pleno dia";"Decrescente";"Céu Claro";"Múltipla";"Reta";"Sim";3;0;1;0;2;0;1;2;-22,7651616;-43,4154728;"SPRF-RJ";"DEL01-RJ";"UOP02-DEL01-RJ"
451104;2022-02-13;"domingo";"00:20:00";"MS";163;490;"CAMPO GRANDE";"Ausência de reação do condutor";"Tombamento";"Com Vítimas Feridas";"Plena Noite";"Decrescente";"Céu Claro";"Simples";"Reta";"Sim";1;0;0;1;0;0;1;1;-20,39275357;-54,55552563;"SPRF-MS";"DEL01-MS";"UOP02-DEL01-MS"
451106;2022-03-26;"sábado";"20:30:00";"PR";277;3;"PARANAGUA";"Ausência de reação do condutor";"Queda de ocupante de veículo";"Com Vítimas Feridas";"Pleno dia";"Decrescente";"Céu Claro";"Dupla";"Rotatória;Reta";"Sim";1;0;1;0;0;0;1;1;-25,5205;-48,5095;"SPRF-PR";"DEL01-PR";"UOP05-DEL01-PR"
451110;2022-05-21;"sábado";"09:10:00";"SC";470;68,9;"INDAIAL";"Acessar a via sem observar a presença dos outros veículos";"Colisão transversal";"Com Vítimas Feridas";"Pleno dia";"Decrescente";"Céu Claro";"Simples";"Reta";"Não";2;0;0;1;1;0;1;2;-26,877615;-49,239231;"SPRF-SC";"DEL04-SC";"UOP01-DEL04-SC"
451111;2022-05-21;"sábado";"11:40:00";"MA";226;277;"BARRA DO CORDA";"Reação tardia ou ineficiente do condutor";"Saída de leito carroçável";"Com Vítimas Feridas";"Pleno dia";"Decrescente";"Chuva";"Simples";"Curva";"Não";1;0;1;0;0;0;1;1;-5,434976;-45,071175;"SPRF-MA";"DEL06-MA";"UOP01-DEL06-MA"
451114;2022-05-21;"sábado";"12:10:00";"PR";376;664;"GUARATUBA";"Velocidade Incompatível";"Saída de leito carroçável";"Com Vítimas Feridas";"Pleno dia";"Decrescente";"Céu Claro";"Dupla";"Curva;Aclive";"Não";1;0;0;1;0;0;1;1;-25,85321576;-48,96608688;"SPRF-PR";"DEL01-PR";"UOP04-DEL01-PR"
451115;2022-05-21;"sábado";"11:56:00";"PR";158;532,9;"PATO BRANCO";"Manobra de mudança de faixa";"Colisão lateral mesmo sentido";"Com Vítimas Feridas";"Pleno dia";"Crescente";"Céu Claro";"Dupla";"Rotatória";"Sim";3;0;2;0;1;0;2;2;-26,21099702;-52,6807167;"SPRF-PR";"DEL02-PR";"UOP01-DEL02-PR"
451117;2022-05-21;"sábado";"12:40:00";"ES";101;258;"SERRA";"Reação tardia ou ineficiente do condutor";"Queda de ocupante de veículo";"Com Vítimas Feridas";"Pleno dia";"Crescente";"Céu Claro";"Simples";"Interseção de Vias";"Sim";1;0;1;0;0;0;1;1;-20,13380313;-40,29327625;"SPRF-ES";"DEL02-ES";"UOP01-DEL02-ES"
451118;2022-05-21;"sábado";"11:25:00";"RJ";101;271,3;"RIO BONITO";"Ausência de reação do condutor";"Atropelamento de Pedestre";"Com Vítimas Feridas";"Pleno dia";"Crescente";"Céu Claro";"Dupla";"Reta";"Não";2;0;1;0;0;1;1;2;-22,726914;-42,695555;"SPRF-RJ";"DEL02-RJ";"UOP03-DEL02-RJ"
451120;2022-05-21;"sábado";"10:25:00";"SC";282;534,8;"CHAPECO";"Acessar a via sem observar a presença dos outros veículos";"Colisão transversal";"Com Vítimas Feridas";"Pleno dia";"Crescente";"Céu Claro";"Simples";"Reta";"Não";3;0;2;0;1;0;2;3;-26,99755642;-52,64218748;"SPRF-SC";"DEL07-SC";"UOP01-DEL07-SC"
451122;2022-05-21;"sábado";"11:30:00";"SP";381;35;"ATIBAIA";"Demais falhas na via";"Saída de leito carroçável";"Sem Vítimas";"Pleno dia";"Decrescente";"Céu Claro";"Dupla";"Reta";"Sim";1;0;0;0;1;0;0;1;-23,088586;-46,571798;"SPRF-SP";"DEL03-SP";"UOP01-DEL03-SP"
451123;2022-05-21;"sábado";"13:10:00";"ES";101;215;"IBIRACU";"Desrespeitar a preferência no cruzamento";"Colisão transversal";"Com Vítimas Feridas";"Pleno dia";"Crescente";"Sol";"Simples";"Retorno Regulamentado";"Sim";2;0;1;0;1;0;1;2;-19,83184002;-40,38012995;"SPRF-ES";"DEL02-ES";"UOP01-DEL02-ES"
451126;2022-05-21;"sábado";"13:10:00";"RN";101;106,2;"PARNAMIRIM";"Acessar a via sem observar a presença dos outros veículos";"Colisão lateral mesmo sentido";"Com Vítimas Feridas";"Pleno dia";"Crescente";"Sol";"Múltipla";"Reta";"Sim";5;0;4;0;1;0;4;3;-5,91141563;-35,26183248;"SPRF-RN";"DEL01-RN";"UOP01-DEL01-RN"