"id";"data_inversa";"dia_semana";"horario";"uf";"br";"km";"municipio";"causa_acidente";"tipo_acidente";"classificacao_acidente";"fase_dia";"sentido_via";"condicao_metereologica";"tipo_pista";"tracado_via";"uso_solo";"pessoas";"mortos";"feridos_leves";"feridos_graves";"ilesos";"ignorados";"feridos";"veiculos";"latitude";"longitude";"regional";"delegacia";"uop"
451127;2022-05-21;"sábado";"11:00:00";"RJ";40;52;"PETROPOLIS";"Velocidade Incompatível";"Tombamento";"Com Vítimas Feridas";"Pleno dia";"Decrescente";"Céu Claro";"Dupla";"Curva";"Não";1;0;1;0;0;0;1;1;-22,33571319;-43,13320403;"SPRF-RJ";"DEL05-RJ";"UOP02-DEL05-RJ"
451128;2022-05-21;"sábado";"13:40:00";"CE";20;430;"FORTALEZA";"Reação tardia ou ineficiente do condutor";"Colisão traseira";"Com Vítimas Feridas";"Pleno dia";"Crescente";"Céu Claro";"Múltipla";"Reta";"Não";2;0;1;0;1;0;1;2;-3,87186226;-38,48468011;"SPRF-CE";"DEL01-CE";"UOP02-DEL01-CE"
451129;2022-05-21;"sábado";"11:30:00";"GO";153;632,9;"MORRINHOS";"Demais falhas mecânicas ou elétricas";"Incêndio";"Sem Vítimas";"Pleno dia";"Crescente";"Céu Claro";"Dupla";"Reta";"Não";1;0;0;0;0;1;0;1;-17,8104;-49,2092;"SPRF-GO";"DEL03-GO";"UOP01-DEL03-GO"
451130;2022-05-21;"sábado";"13:50:00";"BA";101;882;"TEIXEIRA DE FREITAS";"Ausência de reação do condutor";"Colisão traseira";"Com Vítimas Fatais";"Pleno dia";"Decrescente";"Céu Claro";"Simples";"Reta";"Não";3;1;1;0;1;0;1;2;-17,57489502;-39,73467779;"SPRF-BA";"DEL09-BA";"UOP02-DEL09-BA"
451132;2022-05-21;"sábado";"13:00:00";"PI";316;7,1;"TERESINA";"Acessar a via sem observar a presença dos outros veículos";"Colisão traseira";"Com Vítimas Feridas";"Pleno dia";"Decrescente";"Sol";"Múltipla";"Interseção de Vias";"Sim";3;0;0;1;2;0;1;2;-5,161812;-42,769672;"SPRF-PI";"DEL01-PI";"UOP02-DEL01-PI"
451135;2022-05-21;"sábado";"13:25:00";"SC";116;144,9;"SANTA CECILIA";"Desrespeitar a preferência no cruzamento";"Colisão transversal";"Com Vítimas Feridas";"Pleno dia";"Crescente";"Céu Claro";"Simples";"Reta";"Não";2;0;1;0;1;0;1;2;-26,99398389;-50,39844506;"SPRF-SC";"DEL06-SC";"UOP02-DEL06-SC"
451136;2022-05-21;"sábado";"12:15:00";"BA";101;192,5;"CONCEICAO DA FEIRA";"Desrespeitar a preferência no cruzamento";"Colisão transversal";"Sem Vítimas";"Pleno dia";"Crescente";"Nublado";"Simples";"Interseção de Vias";"Não";2;0;0;0;2;0;0;2;-12,60123002;-39,003896;"SPRF-BA";"DEL01-BA";"UOP03-DEL01-BA"
451138;2022-05-21;"sábado";"13:20:00";"SC";101;435,9;"SOMBRIO";"Desrespeitar a preferência no cruzamento";"Colisão frontal";"Com Vítimas Feridas";"Pleno dia";"Crescente";"Céu Claro";"Múltipla";"Interseção de Vias";"Sim";2;0;1;0;1;0;1;2;-29,09949414;-49,63480552;"SPRF-SC";"DEL02-SC";"UOP02-DEL02-SC"
451139;2022-05-21;"sábado";"13:00:00";"GO";60;118;"TEREZOPOLIS DE GOIAS";"Desrespeitar a preferência no cruzamento";"Colisão transversal";"Com Vítimas Feridas";"Pleno dia";"Crescente";"Céu Claro";"Dupla";"Reta";"Sim";2;0;0;1;1;0;1;2;-16,5112;-49,1185;"SPRF-GO";"DEL01-GO";"UOP01-DEL01-GO"
451140;2022-05-21;"sábado";"14:27:00";"SC";101;141;"BALNEARIO CAMBORIU";"Velocidade Incompatível";"Colisão lateral mesmo sentido";"Com Vítimas Fatais";"Pleno dia";"Decrescente";"Céu Claro";"Simples";"Reta;Aclive";"Não";4;1;0;1;1;1;1;3;-27,054035;-48,598506;"SPRF-SC";"DEL04-SC";"UOP03-DEL04-SC"
451141;2022-05-21;"sábado";"08:15:00";"RO";364;518;"ARIQUEMES";"Demais falhas na via";"Tombamento";"Com Vítimas Feridas";"Pleno dia";"Crescente";"Céu Claro";"Simples";"Reta";"Sim";2;0;1;1;0;0;2;1;-9,897787;-63,05624596;"SPRF-RO";"DEL03-RO";"UOP01-DEL03-RO"
451143;2022-02-13;"domingo";"18:10:00";"PB";230;292;"SANTA LUZIA";"Ingestão de álcool pelo condutor";"Colisão lateral mesmo sentido";"Com Vítimas Feridas";"Plena Noite";"Crescente";"Céu Claro";"Simples";"Reta";"Sim";2;0;2;0;0;0;2;2;-6,8684;-36,9222;"SPRF-PB";"DEL03-PB";"UOP01-DEL03-PB"
451144;2022-05-21;"sábado";"14:50:00";"PR";376;2;"SAO JOSE DOS PINHAIS";"Ingestão de álcool pelo condutor";"Engavetamento";"Sem Vítimas";"Pleno dia";"Crescente";"Céu Claro";"Dupla";"Reta";"Sim";3;0;0;0;3;0;0;3;-25,5307;-49,1958;"SPRF-PR";"DEL01-PR";"UOP04-DEL01-PR"
451145;2022-05-21;"sábado";"15:00:00";"RS";285;293,1;"PASSO FUNDO";"Desrespeitar a preferência no cruzamento";"Colisão lateral mesmo sentido";"Com Vítimas Feridas";"Pleno dia";"Decrescente";"Céu Claro";"Simples";"Rotatória";"Sim";2;0;1;0;1;0;1;2;-28,236645;-52,375156;"SPRF-RS";"DEL08-RS";"UOP03-DEL08-RS"
451146;2022-05-19;"quinta-feira";"21:00:00";"PR";373;196;"PONTA GROSSA";"Reação tardia ou ineficiente do condutor";"Saída de leito carroçável";"Sem Vítimas";"Plena Noite";"Crescente";"Ignorado";"Simples";"Reta";"Sim";1;0;0;0;0;1;0;1;-25,07972439;-50,38549408;"SPRF-PR";"DEL03-PR";"UOP01-DEL03-PR"
451147;2022-05-21;"sábado";"15:00:00";"RS";116;208,7;"PICADA CAFE";"Velocidade Incompatível";"Colisão transversal";"Com Vítimas Feridas";"Pleno dia";"Decrescente";"Céu Claro";"Simples";"Reta";"Não";2;0;0;1;1;0;1;2;-29,50493622;-51,1171341;"SPRF-RS";"DEL05-RS";"UOP02-DEL05-RS"
451148;2022-05-21;"sábado";"15:45:00";"PR";369;132;"IBIPORA";"Conversão proibida";"Colisão transversal";"Com Vítimas Feridas";"Pleno dia";"Decrescente";"Céu Claro";"Dupla";"Declive;Reta";"Não";2;0;1;0;1;0;1;2;-23,26106798;-50,99769294;"SPRF-PR";"DEL07-PR";"UOP01-DEL07-PR"
451149;2022-05-21;"sábado";"15:31:00";"MG";40;569,7;"NOVA LIMA";"Conversão proibida";"Colisão lateral mesmo sentido";"Sem Vítimas";"Pleno dia";"Crescente";"Céu Claro";"Simples";"Reta";"Não";2;0;0;0;2;0;0;2;-20,20394093;-43,97409456;"SPRF-MG";"DEL01-MG";"UOP02-DEL01-MG"
451150;2022-05-21;"sábado";"13:45:00";"RO";364;598;"ITAPUA DO OESTE";"Transitar na contramão";"Saída de leito carroçável";"Com Vítimas Feridas";"Pleno dia";"Decrescente";"Céu Claro";"Simples";"Reta";"Não";1;0;1;0;0;0;1;1;-9,23990703;-63,16685212;"SPRF-RO";"DEL01-RO";"UOP04-DEL01-RO"
451151;2022-05-21;"sábado";"16:23:00";"ES";101;267;"SERRA";"Pedestre cruzava a pista fora da faixa";"Colisão transversal";"Com Vítimas Feridas";"Pleno dia";"Decrescente";"Céu Claro";"Dupla";"Reta";"Sim";2;0;0;1;1;0;1;2;-20,19930999;-40,26884609;"SPRF-ES";"DEL02-ES";"UOP01-DEL02-ES"
451154;2022-05-21;"sábado";"12:00:00";"PB";104;134,1;"QUEIMADAS";"Ausência de reação do condutor";"Colisão traseira";"Com Vítimas Feridas";"Pleno dia";"Decrescente";"Nublado";"Simples";"Reta";"Não";2;0;1;0;0;1;1;2;-7,32562205;-35,89657067;"SPRF-PB";"DEL02-PB";"UOP03-DEL02-PB"
451156;2022-05-21;"sábado";"13:15:00";"MG";354;745,7;"POUSO ALTO";"Desrespeitar a preferência no cruzamento";"Colisão transversal";"Com Vítimas Feridas";"Pleno dia";"Decrescente";"Céu Claro";"Simples";"Interseção de Vias";"Sim";2;0;1;0;1;0;1;2;-22,25341057;-44,93062919;"SPRF-MG";"DEL17-MG";"UOP01-DEL17-MG"
451157;2022-05-21;"sábado";"14:50:00";"ES";393;9,5;"CACHOEIRO DE ITAPEMIRIM";"Acesso irregular";"Colisão frontal";"Com Vítimas Feridas";"Pleno dia";"Crescente";"Céu Claro";"Simples";"Curva";"Não";2;0;0;1;0;1;1;2;-20,83805215;-41,2306509;"SPRF-ES";"DEL03-ES";"UOP02-DEL03-ES"
451158;2022-05-21;"sábado";"15:30:00";"SC";280;124;"RIO NEGRINHO";"Conversão proibida";"Colisão transversal";"Com Vítimas Feridas";"Pleno dia";"Crescente";"Céu Claro";"Simples";"Aclive;Reta";"Sim";2;0;2;0;0;0;2;2;-26,24130297;-49,47514499;"SPRF-SC";"DEL06-SC";"UOP03-DEL06-SC"
451160;2022-05-21;"sábado";"16:30:00";"CE";20;416,1;"MARACANAU";"Reação tardia ou ineficiente do condutor";"Colisão transversal";"Com Vítimas Fatais";"Pleno dia";"Crescente";"Céu Claro";"Dupla";"Reta";"Sim";2;1;0;0;1;0;0;2;-3,76999035;-38,67006282;"SPRF-CE";"DEL01-CE";"UOP02-DEL01-CE"
451162;2022-05-21;"sábado";"16:15:00";"PR";376;331;"ORTIGUEIRA";"Acessar a via sem observar a presença dos outros veículos";"Colisão transversal";"Com Vítimas Feridas";"Pleno dia";"Decrescente";"Céu Claro";"Dupla";"Reta";"Não";2;0;0;1;1;0;1;2;-24,094429;-51,04353;"SPRF-PR";"DEL07-PR";"UOP02-DEL07-PR"
451163;2022-05-21;"sábado";"17:00:00";"SC";101;213;"PALHOCA";"Entrada inopinada do pedestre";"Atropelamento de Pedestre";"Com Vítimas Feridas";"Pleno dia";"Crescente";"Céu Claro";"Múltipla";"Reta";"Sim";4;0;0;1;2;1;1;3;-27,63697369;-48,66514142;"SPRF-SC";"DEL01-SC";"UOP02-DEL01-SC"
451164;2022-05-21;"sábado";"15:40:00";"PR";277;236;"IRATI";"Acessar a via sem observar a presença dos outros veículos";"Colisão transversal";"Com Vítimas Fatais";"Pleno dia";"Decrescente";"Céu Claro";"Dupla";"Aclive";"Não";10;2;3;1;3;1;4;3;-25,462612;-50,59553;"SPRF-PR";"DEL08-PR";"UOP02-DEL08-PR"
451168;2022-05-21;"sábado";"15:30:00";"PE";101;105;"CABO DE SANTO AGOSTINHO";"Condutor Dormindo";"Saída de leito carroçável";"Com Vítimas Feridas";"Pleno dia";"Decrescente";"Céu Claro";"Múltipla";"Curva";"Não";4;0;3;0;1;0;3;1;-8,29739778;-35,06293971;"SPRF-PE";"DEL01-PE";"UOP03-DEL01-PE"
451169;2022-05-21;"sábado";"17:30:00";"ES";259;50;"COLATINA";"Ultrapassagem Indevida";"Colisão frontal";"Com Vítimas Feridas";"Pleno dia";"Crescente";"Sol";"Simples";"Curva";"Não";2;0;0;1;1;0;1;2;-19,510103;-40,60615;"SPRF-ES";"DEL02-ES";"UOP01-DEL02-ES"
451170;2022-05-21;"sábado";"13:10:00";"MG";116;511,1;"UBAPORANGA";"Condutor Dormindo";"Colisão com objeto";"Com Vítimas Feridas";"Pleno dia";"Decrescente";"Céu Claro";"Simples";"Reta";"Não";2;0;1;1;0;0;2;1;-19,65371791;-42,11137522;"SPRF-MG";"DEL06-MG";"UOP02-DEL06-MG"
451171;2022-05-21;"sábado";"18:04:00";"BA";367;30,4;"PORTO SEGURO";"Deficiência do Sistema de Iluminação/Sinalização";"Colisão traseira";"Com Vítimas Feridas";"Plena Noite";"Decrescente";"Céu Claro";"Simples";"Reta";"Não";3;0;3;0;0;0;3;2;-16,41558116;-39,12658393;"SPRF-BA";"DEL09-BA";"UOP01-DEL09-BA"
451172;2022-05-21;"sábado";"16:00:00";"GO";414;344,6;"COCALZINHO DE GOIAS";"Avarias e/ou desgaste excessivo no pneu";"Saída de leito carroçável";"Com Vítimas Feridas";"Pleno dia";"Decrescente";"Céu Claro";"Simples";"Reta";"Não";2;0;2;0;0;0;2;1;-15,59127416;-48,63738781;"SPRF-GO";"DEL02-GO";"UOP01-DEL02-GO"
451173;2022-05-21;"sábado";"15:57:00";"SC";470;54;"BLUMENAU";"Desrespeitar a preferência no cruzamento";"Colisão transversal";"Sem Vítimas";"Pleno dia";"Crescente";"Céu Claro";"Simples";"Interseção de Vias";"Não";4;0;0;0;4;0;0;3;-26,871065;-49,110374;"SPRF-SC";"DEL04-SC";"UOP01-DEL04-SC"
451174;2022-05-21;"sábado";"17:30:00";"SC";101;58;"ARAQUARI";"Velocidade Incompatível";"Saída de leito carroçável";"Com Vítimas Feridas";"Anoitecer";"Decrescente";"Céu Claro";"Múltipla";"Curva";"Não";1;0;1;0;0;0;1;1;-26,44025049;-48,80129043;"SPRF-SC";"DEL03-SC";"UOP02-DEL03-SC"
451175;2022-05-21;"sábado";"17:00:00";"PR";277;693;"SAO MIGUEL DO IGUACU";"Ingestão de álcool pelo condutor";"Saída de leito carroçável";"Sem Vítimas";"Pleno dia";"Crescente";"Céu Claro";"Dupla";"Reta";"Não";1;0;0;0;1;0;0;1;-25,37239725;-54,27033988;"SPRF-PR";"DEL05-PR";"UOP01-DEL05-PR"
451176;2022-05-21;"sábado";"17:20:00";"PR";476;129;"CURITIBA";"Ausência de reação do condutor";"Colisão traseira";"Com Vítimas Feridas";"Anoitecer";"Crescente";"Céu Claro";"Dupla";"Interseção de Vias";"Sim";2;0;1;0;1;0;1;2;-25,44503499;-49,23443019;"SPRF-PR";"DEL01-PR";"UOP01-DEL01-PR"
451179;2022-05-21;"sábado";"13:10:00";"RO";364;322;"PRESIDENTE MEDICI";"Demais falhas mecânicas ou elétricas";"Tombamento";"Com Vítimas Feridas";"Pleno dia";"Crescente";"Céu Claro";"Simples";"Reta";"Não";2;0;1;1;0;0;2;1;-11,052855;-61,92995;"SPRF-RO";"DEL02-RO";"UOP01-DEL02-RO"
451180;2022-05-21;"sábado";"18:00:00";"RJ";116;66;"TERESOPOLIS";"Transitar no acostamento";"Colisão traseira";"Com Vítimas Feridas";"Plena Noite";"Crescente";"Céu Claro";"Simples";"Reta";"Não";2;0;0;1;0;1;1;2;-22,28530513;-42,9306046;"SPRF-RJ";"DEL04-RJ";"UOP01-DEL04-RJ"
451181;2022-05-21;"sábado";"18:30:00";"SC";101;215;"PALHOCA";"Manobra de mudança de faixa";"Queda de ocupante de veículo";"Com Vítimas Feridas";"Plena Noite";"Crescente";"Céu Claro";"Simples";"Interseção de Vias";"Sim";1;0;1;0;0;0;1;1;-27,65184843;-48,67604941;"SPRF-SC";"DEL01-SC";"UOP02-DEL01-SC"
451182;2022-05-21;"sábado";"18:18:00";"RJ";101;400;"ITAGUAI";"Reação tardia ou ineficiente do condutor";"Colisão lateral sentido oposto";"Com Vítimas Feridas";"Anoitecer";"Crescente";"Céu Claro";"Dupla";"Reta";"Sim";2;0;0;1;1;0;1;2;-22,8483707;-43,76952338;"SPRF-RJ";"DEL03-RJ";"UOP01-DEL03-RJ"
451183;2022-05-21;"sábado";"18:00:00";"PR";369;146;"LONDRINA";"Acessar a via sem observar a presença dos outros veículos";"Colisão transversal";"Com Vítimas Feridas";"Anoitecer";"Crescente";"Céu Claro";"Dupla";"Retorno Regulamentado";"Sim";6;0;3;2;1;0;5;2;-23,29325621;-51,12407511;"SPRF-PR";"DEL07-PR";"UOP01-DEL07-PR"
451184;2022-05-21;"sábado";"18:15:00";"RJ";493;19;"MAGE";"Ingestão de álcool pelo condutor";"Colisão frontal";"Sem Vítimas";"Plena Noite";"Crescente";"Céu Claro";"Simples";"Reta";"Sim";2;0;0;0;2;0;0;2;-22,6663848;-43,02770248;"SPRF-RJ";"DEL04-RJ";"UOP02-DEL04-RJ"
451185;2022-05-21;"sábado";"18:46:00";"SE";235;106,5;"CARIRA";"Reação tardia ou ineficiente do condutor";"Eventos atípicos";"Com Vítimas Feridas";"Plena Noite";"Decrescente";"Céu Claro";"Simples";"Reta";"Sim";2;0;0;1;0;1;1;2;-10,366173;-37,690163;"SPRF-SE";"DEL01-SE";"UOP02-DEL01-SE"
451186;2022-05-21;"sábado";"18:30:00";"PR";116;151;"MANDIRITUBA";"Ingestão de álcool pelo condutor";"Colisão traseira";"Sem Vítimas";"Plena Noite";"Crescente";"Céu Claro";"Simples";"Reta";"Não";4;0;0;0;4;0;0;2;-25,82348404;-49,33547684;"SPRF-PR";"DEL01-PR";"UOP03-DEL01-PR"
451187;2022-05-21;"sábado";"19:20:00";"GO";60;132;"GOIANIA";"Manobra de mudança de faixa";"Saída de leito carroçável";"Com Vítimas Feridas";"Plena Noite";"Decrescente";"Céu Claro";"Dupla";"Reta";"Não";5;0;1;1;3;0;2;1;-16,5827;-49,1876;"SPRF-GO";"DEL01-GO";"UOP01-DEL01-GO"
451189;2022-05-21;"sábado";"19:40:00";"MG";381;940;"EXTREMA";"Velocidade Incompatível";"Colisão com objeto";"Com Vítimas Feridas";"Plena Noite";"Crescente";"Céu Claro";"Dupla";"Aclive";"Sim";3;0;2;0;1;0;2;1;-22,85421396;-46,33740277;"SPRF-MG";"DEL16-MG";"UOP03-DEL16-MG"
451190;2022-05-21;"sábado";"19:00:00";"PR";376;2,9;"SAO JOSE DOS PINHAIS";"Pedestre andava na pista";"Atropelamento de Pedestre";"Com Vítimas Fatais";"Plena Noite";"Decrescente";"Céu Claro";"Dupla";"Reta";"Sim";3;1;0;0;1;1;0;3;-25,5442;-49,1902;"SPRF-PR";"DEL01-PR";"UOP04-DEL01-PR"
451193;2022-05-21;"sábado";"19:00:00";"PI";343;346;"TERESINA";"Ausência de reação do condutor";"Colisão traseira";"Com Vítimas Feridas";"Plena Noite";"Decrescente";"Céu Claro";"Dupla";"Reta";"Sim";2;0;0;1;1;0;1;2;-5,110751;-42,770531;"SPRF-PI";"DEL01-PI";"UOP01-DEL01-PI"
451194;2022-05-21;"sábado";"19:45:00";"PE";232;413,8;"SERRA TALHADA";"Ausência de reação do condutor";"Colisão com objeto";"Com Vítimas Fatais";"Plena Noite";"Crescente";"Céu Claro";"Simples";"Interseção de Vias";"Não";1;1;0;0;0;0;0;1;-7,98759011;-38,32755631;"SPRF-PE";"DEL04-PE";"UOP01-DEL04-PE"
451195;2022-05-21;"sábado";"18:30:00";"PR";376;157;"MANDAGUACU";"Acessar a via sem observar a presença dos outros veículos";"Atropelamento de Pedestre";"Com Vítimas Fatais";"Plena Noite";"Crescente";"Céu Claro";"Dupla";"Viaduto";"Não";2;1;0;0;0;1;0;2;-23,3495915;-52,09106863;"SPRF-PR";"DEL09-PR";"UOP01-DEL09-PR"
451196;2022-05-21;"sábado";"19:35:00";"ES";101;255;"SERRA";"Acessar a via sem observar a presença dos outros veículos";"Colisão transversal";"Com Vítimas Feridas";"Plena Noite";"Crescente";"Céu Claro";"Simples";"Reta";"Sim";3;0;2;0;0;1;2;2;-20,11487935;-40,31943619;"SPRF-ES";"DEL02-ES";"UOP01-DEL02-ES"
451200;2022-05-21;"sábado";"19:00:00";"SC";101;206,5;"SAO JOSE";"Manobra de mudança de faixa";"Colisão transversal";"Com Vítimas Feridas";"Plena Noite";"Decrescente";"Céu Claro";"Múltipla";"Reta";"Sim";2;0;0;1;1;0;1;2;-27,59193546;-48,61824557;"SPRF-SC";"DEL01-SC";"UOP01-DEL01-SC"
451201;2022-05-21;"sábado";"19:50:00";"GO";40;14,8;"LUZIANIA";"Manobra de mudança de faixa";"Tombamento";"Com Vítimas Feridas";"Plena Noite";"Decrescente";"Céu Claro";"Dupla";"Reta";"Sim";1;0;1;0;0;0;1;1;-16,158753;-47,933136;"SPRF-DF";"DEL01-DF";"UOP01-DEL01-DF"
451202;2022-05-21;"sábado";"16:30:00";"PA";230;745;"MEDICILANDIA";"Conversão proibida";"Colisão transversal";"Com Vítimas Feridas";"Pleno dia";"Crescente";"Céu Claro";"Simples";"Reta";"Sim";4;0;1;0;3;0;1;2;-3,44349282;-52,88971706;"SPRF-PA";"DEL04-PA";"UOP01-DEL04-PA"
451203;2022-05-21;"sábado";"20:00:00";"RJ";116;183;"NOVA IGUACU";"Transitar na contramão";"Colisão frontal";"Com Vítimas Feridas";"Plena Noite";"Crescente";"Céu Claro";"Múltipla";"Reta";"Sim";2;0;1;1;0;0;2;2;-22,73838789;-43,49392891;"SPRF-RJ";"DEL01-RJ";"UOP02-DEL01-RJ"
451204;2022-05-21;"sábado";"20:30:00";"AL";316;117;"CACIMBINHAS";"Velocidade Incompatível";"Capotamento";"Com Vítimas Feridas";"Plena Noite";"Crescente";"Nublado";"Simples";"Curva";"Não";1;0;1;0;0;0;1;1;-9,399991;-36,966184;"SPRF-AL";"DEL03-AL";"UOP01-DEL03-AL"
451211;2022-05-21;"sábado";"19:00:00";"MG";262;838,1;"UBERABA";"Ausência de reação do condutor";"Saída de leito carroçável";"Com Vítimas Feridas";"Plena Noite";"Crescente";"Céu Claro";"Simples";"Reta";"Não";1;0;1;0;0;0;1;1;-19,75667319;-48,25183296;"SPRF-MG";"DEL13-MG";"UOP01-DEL13-MG"
451216;2022-05-21;"sábado";"20:00:00";"MG";40;609,1;"CONGONHAS";"Acessar a via sem observar a presença dos outros veículos";"Colisão lateral mesmo sentido";"Com Vítimas Feridas";"Plena Noite";"Crescente";"Nublado";"Simples";"Curva";"Não";1;0;1;0;0;0;1;1;-20,49313702;-43,83689143;"SPRF-MG";"DEL05-MG";"UOP02-DEL05-MG"
451218;2022-05-21;"sábado";"19:50:00";"SC";280;46,5;"GUARAMIRIM";"Conversão proibida";"Colisão transversal";"Sem Vítimas";"Plena Noite";"Crescente";"Céu Claro";"Simples";"Reta";"Não";2;0;0;0;2;0;0;2;-26,45295055;-48,90788103;"SPRF-SC";"DEL03-SC";"UOP03-DEL03-SC"
451219;2022-05-21;"sábado";"20:45:00";"MG";116;556,1;"SANTA BARBARA DO LESTE";"Transitar na contramão";"Colisão lateral sentido oposto";"Com Vítimas Fatais";"Plena Noite";"Decrescente";"Céu Claro";"Simples";"Curva;Aclive";"Não";2;1;0;0;0;1;0;2;-20,00911095;-42,14386582;"SPRF-MG";"DEL06-MG";"UOP02-DEL06-MG"
451220;2022-05-21;"sábado";"17:55:00";"SP";101;33,8;"UBATUBA";"Ingestão de álcool pelo condutor";"Colisão frontal";"Com Vítimas Feridas";"Plena Noite";"Crescente";"Céu Claro";"Simples";"Reta";"Não";4;0;1;2;0;1;3;3;-23,38999727;-44,98973691;"SPRF-SP";"DEL06-SP";"UOP01-DEL06-SP"
451221;2022-05-21;"sábado";"22:05:00";"PR";369;156;"LONDRINA";"Pedestre andava na pista";"Saída de leito carroçável";"Sem Vítimas";"Plena Noite";"Crescente";"Céu Claro";"Dupla";"Reta";"Sim";3;0;0;0;2;1;0;3;-23,29158547;-51,21678118;"SPRF-PR";"DEL07-PR";"UOP01-DEL07-PR"
451222;2022-05-21;"sábado";"22:10:00";"SP";116;61,7;"GUARATINGUETA";"Velocidade Incompatível";"Colisão traseira";"Sem Vítimas";"Plena Noite";"Crescente";"Céu Claro";"Dupla";"Reta";"Sim";2;0;0;0;2;0;0;2;-22,80538606;-45,17236692;"SPRF-SP";"DEL08-SP";"UOP01-DEL08-SP"
451223;2022-05-21;"sábado";"22:10:00";"PE";232;413;"SERRA TALHADA";"Reação tardia ou ineficiente do condutor";"Colisão transversal";"Sem Vítimas";"Plena Noite";"Decrescente";"Céu Claro";"Simples";"Interseção de Vias";"Sim";3;0;0;0;3;0;0;2;-7,98857087;-38,32972307;"SPRF-PE";"DEL04-PE";"UOP01-DEL04-PE"
451224;2022-05-21;"sábado";"19:30:00";"PE";424;108,3;"GARANHUNS";"Ingestão de álcool pelo condutor";"Queda de ocupante de veículo";"Com Vítimas Feridas";"Plena Noite";"Decrescente";"Chuva";"Simples";"Reta";"Não";1;0;0;1;0;0;1;1;-8,98998094;-36,47702895;"SPRF-PE";"DEL03-PE";"UOP01-DEL03-PE"
451225;2022-05-21;"sábado";"22:30:00";"PR";476;148;"ARAUCARIA";"Reação tardia ou ineficiente do condutor";"Saída de leito carroçável";"Sem Vítimas";"Plena Noite";"Decrescente";"Céu Claro";"Dupla";"Reta";"Sim";2;0;0;0;2;0;0;1;-25,55813081;-49,36025098;"SPRF-PR";"DEL01-PR";"UOP03-DEL01-PR"
451226;2022-05-21;"sábado";"21:10:00";"PR";277;432,1;"VIRMOND";"Reação tardia ou ineficiente do condutor";"Saída de leito carroçável";"Com Vítimas Feridas";"Plena Noite";"Decrescente";"Céu Claro";"Simples";"Reta";"Não";1;0;1;0;0;0;1;1;-25,3784;-52,202767;"SPRF-PR";"DEL04-PR";"UOP02-DEL04-PR"
451229;2022-05-21;"sábado";"20:20:00";"SC";282;259;"SAO JOSE DO CERRITO";"Velocidade Incompatível";"Saída de leito carroçável";"Sem Vítimas";"Plena Noite";"Decrescente";"Céu Claro";"Simples";"Curva";"Sim";1;0;0;0;1;0;0;1;-27,653334;-50,59449;"SPRF-SC";"DEL05-SC";"UOP02-DEL05-SC"
451230;2022-05-21;"sábado";"22:30:00";"PE";101;70,6;"RECIFE";"Animais na Pista";"Atropelamento de Animal";"Com Vítimas Feridas";"Plena Noite";"Decrescente";"Chuva";"Dupla";"Reta";"Sim";1;0;0;1;0;0;1;1;-8,06776119;-34,94265074;"SPRF-PE";"DEL01-PE";"UOP01-DEL01-PE"
451234;2022-05-21;"sábado";"21:50:00";"GO";40;2,8;"VALPARAISO DE GOIAS";"Manobra de mudança de faixa";"Colisão lateral mesmo sentido";"Com Vítimas Feridas";"Plena Noite";"Crescente";"Céu Claro";"Dupla";"Reta";"Sim";3;0;0;1;2;0;1;2;-16,067129;-47,984235;"SPRF-DF";"DEL01-DF";"UOP01-DEL01-DF"
451235;2022-05-21;"sábado";"20:30:00";"MG";459;102,9;"POUSO ALEGRE";"Ausência de reação do condutor";"Saída de leito carroçável";"Com Vítimas Feridas";"Plena Noite";"Decrescente";"Céu Claro";"Dupla";"Curva";"Sim";1;0;1;0;0;0;1;1;-22,22812704;-45,90260129;"SPRF-MG";"DEL16-MG";"UOP01-DEL16-MG"
451236;2022-05-21;"sábado";"20:30:00";"PR";369;518,1;"CASCAVEL";"Ultrapassagem Indevida";"Colisão frontal";"Com Vítimas Fatais";"Plena Noite";"Crescente";"Céu Claro";"Simples";"Reta";"Não";4;3;0;1;0;0;1;2;-24,9084;-53,3789;"SPRF-PR";"DEL04-PR";"UOP01-DEL04-PR"
451237;2022-05-21;"sábado";"21:00:00";"PE";101;187;"PALMARES";"Chuva";"Saída de leito carroçável";"Com Vítimas Feridas";"Plena Noite";"Decrescente";"Chuva";"Dupla";"Reta";"Sim";2;0;1;1;0;0;2;1;-8,687353;-35,587844;"SPRF-PE";"DEL01-PE";"UOP03-DEL01-PE"
451238;2022-05-21;"sábado";"20:00:00";"MA";222;670,5;"ACAILANDIA";"Reação tardia ou ineficiente do condutor";"Colisão traseira";"Sem Vítimas";"Plena Noite";"Decrescente";"Céu Claro";"Simples";"Reta";"Sim";2;0;0;0;2;0;0;2;-4,91607953;-47,42281928;"SPRF-MA";"DEL04-MA";"UOP03-DEL04-MA"
451239;2022-05-21;"sábado";"23:00:00";"SE";101;181,8;"UMBAUBA";"Ausência de reação do condutor";"Colisão lateral mesmo sentido";"Com Vítimas Feridas";"Plena Noite";"Crescente";"Céu Claro";"Simples";"Reta";"Sim";2;0;0;1;1;0;1;2;-11,36892188;-37,64792008;"SPRF-SE";"DEL02-SE";"UOP03-DEL02-SE"
451240;2022-05-21;"sábado";"22:40:00";"RS";158;561,9;"SANTANA DO LIVRAMENTO";"Ingestão de álcool pelo condutor";"Saída de leito carroçável";"Sem Vítimas";"Plena Noite";"Crescente";"Nublado";"Simples";"Reta";"Sim";2;0;0;0;2;0;0;1;-30,85170824;-55,48910022;"SPRF-RS";"DEL11-RS";"UOP01-DEL11-RS"