"id";"data_inversa";"dia_semana";"horario";"uf";"br";"km";"municipio";"causa_acidente";"tipo_acidente";"classificacao_acidente";"fase_dia";"sentido_via";"condicao_metereologica";"tipo_pista";"tracado_via";"uso_solo";"pessoas";"mortos";"feridos_leves";"feridos_graves";"ilesos";"ignorados";"feridos";"veiculos";"latitude";"longitude";"regional";"delegacia";"uop"
451241;2022-05-21;"sábado";"23:00:00";"PR";467;100,2;"CASCAVEL";"Velocidade Incompatível";"Saída de leito carroçável";"Com Vítimas Feridas";"Plena Noite";"Decrescente";"Céu Claro";"Dupla";"Reta";"Não";1;0;1;0;0;0;1;1;-24,8947;-53,5355;"SPRF-PR";"DEL04-PR";"UOP01-DEL04-PR"
451242;2022-05-21;"sábado";"23:30:00";"MS";267;483,5;"JARDIM";"Ausência de reação do condutor";"Colisão traseira";"Com Vítimas Feridas";"Plena Noite";"Decrescente";"Céu Claro";"Simples";"Reta";"Sim";2;0;2;0;0;0;2;2;-21,48097208;-56,15576902;"SPRF-MS";"DEL05-MS";"UOP01-DEL05-MS"
451243;2022-05-22;"domingo";"00:20:00";"RS";116;263;"CANOAS";"Entrada inopinada do pedestre";"Atropelamento de Pedestre";"Com Vítimas Feridas";"Plena Noite";"Decrescente";"Céu Claro";"Múltipla";"Reta";"Sim";2;0;1;0;0;1;1;2;-29,90545398;-51,17674031;"SPRF-RS";"DEL01-RS";"UOP01-DEL01-RS"
451244;2022-05-21;"sábado";"19:15:00";"PI";407;556;"JACOBINA DO PIAUI";"Ausência de reação do condutor";"Saída de leito carroçável";"Com Vítimas Fatais";"Plena Noite";"Decrescente";"Céu Claro";"Simples";"Reta";"Não";1;1;0;0;0;0;0;1;-7,98839593;-41,18426259;"SPRF-PI";"DEL04-PI";"UOP01-DEL04-PI"
451248;2022-05-22;"domingo";"00:40:00";"SC";101;210;"SAO JOSE";"Desrespeitar a preferência no cruzamento";"Colisão transversal";"Com Vítimas Feridas";"Plena Noite";"Decrescente";"Céu Claro";"Simples";"Interseção de Vias";"Sim";2;0;0;1;1;0;1;2;-27,6167305;-48,6457265;"SPRF-SC";"DEL01-SC";"UOP01-DEL01-SC"
451249;2022-05-22;"domingo";"01:04:00";"RS";392;118;"CANGUCU";"Ausência de reação do condutor";"Saída de leito carroçável";"Sem Vítimas";"Plena Noite";"Crescente";"Céu Claro";"Simples";"Reta";"Sim";1;0;0;0;1;0;0;1;-31,407131;-52,68174198;"SPRF-RS";"DEL07-RS";"UOP01-DEL07-RS"
451251;2022-05-22;"domingo";"01:00:00";"PR";376;616,6;"SAO JOSE DOS PINHAIS";"Velocidade Incompatível";"Queda de ocupante de veículo";"Com Vítimas Feridas";"Plena Noite";"Crescente";"Nevoeiro/Neblina";"Dupla";"Curva;Aclive";"Sim";1;0;1;0;0;0;1;1;-25,5867205;-49,17332411;"SPRF-PR";"DEL01-PR";"UOP04-DEL01-PR"
451252;2022-05-21;"sábado";"21:08:00";"PR";373;401;"CANDOI";"Acessar a via sem observar a presença dos outros veículos";"Colisão frontal";"Com Vítimas Feridas";"Plena Noite";"Crescente";"Vento";"Simples";"Reta";"Sim";2;0;0;1;0;1;1;2;-25,57658993;-52,05533419;"SPRF-PR";"DEL08-PR";"UOP01-DEL08-PR"
451255;2022-05-22;"domingo";"00:25:00";"SC";280;52,1;"GUARAMIRIM";"Ausência de reação do condutor";"Colisão traseira";"Sem Vítimas";"Plena Noite";"Crescente";"Céu Claro";"Simples";"Desvio Temporário;Em Obras;Reta";"Sim";5;0;0;0;5;0;0;2;-26,468904;-48,96492;"SPRF-SC";"DEL03-SC";"UOP03-DEL03-SC"
451258;2022-05-22;"domingo";"00:45:00";"RS";116;114,9;"SAO MARCOS";"Ingestão de álcool pelo condutor";"Atropelamento de Pedestre";"Com Vítimas Feridas";"Plena Noite";"Decrescente";"Céu Claro";"Simples";"Rotatória";"Sim";4;0;0;1;2;1;1;3;-28,96990731;-51,07149124;"SPRF-RS";"DEL05-RS";"UOP01-DEL05-RS"
451259;2022-05-22;"domingo";"01:45:00";"PI";316;7;"TERESINA";"Pista esburacada";"Colisão com objeto";"Com Vítimas Feridas";"Plena Noite";"Decrescente";"Céu Claro";"Múltipla";"Reta";"Sim";2;0;0;2;0;0;2;2;-5,15584638;-42,77173332;"SPRF-PI";"DEL01-PI";"UOP02-DEL01-PI"
451261;2022-05-22;"domingo";"03:00:00";"ES";262;19;"VIANA";"Reação tardia ou ineficiente do condutor";"Colisão traseira";"Com Vítimas Feridas";"Plena Noite";"Decrescente";"Nublado";"Simples";"Retorno Regulamentado";"Sim";2;0;0;1;1;0;1;2;-20,3919143;-40,49002338;"SPRF-ES";"DEL01-ES";"UOP01-DEL01-ES"
451262;2022-05-22;"domingo";"02:30:00";"SP";116;284,3;"ITAPECERICA DA SERRA";"Ingestão de álcool pelo condutor";"Saída de leito carroçável";"Sem Vítimas";"Plena Noite";"Decrescente";"Céu Claro";"Dupla";"Reta";"Não";1;0;0;0;0;1;0;1;-23,69998;-46,867767;"SPRF-SP";"DEL04-SP";"UOP01-DEL04-SP"
451263;2022-05-21;"sábado";"23:30:00";"MT";163;583;"NOVA MUTUM";"Ausência de reação do condutor";"Saída de leito carroçável";"Sem Vítimas";"Plena Noite";"Decrescente";"Céu Claro";"Simples";"Reta";"Não";1;0;0;0;1;0;0;1;-14,05793518;-56,09856364;"SPRF-MT";"DEL01-MT";"UOP01-DEL01-MT"
451264;2022-05-22;"domingo";"03:00:00";"BA";116;572;"NOVA ITARANA";"Condutor deixou de manter distância do veículo da frente";"Colisão lateral mesmo sentido";"Com Vítimas Fatais";"Plena Noite";"Crescente";"Céu Claro";"Dupla";"Curva;Aclive";"Não";1;1;0;0;0;0;0;1;-13,026093;-39,96092;"SPRF-BA";"DEL03-BA";"UOP02-DEL03-BA"
451265;2022-05-22;"domingo";"03:30:00";"PR";476;147;"ARAUCARIA";"Velocidade Incompatível";"Capotamento";"Sem Vítimas";"Plena Noite";"Decrescente";"Nevoeiro/Neblina";"Dupla";"Curva";"Não";1;0;0;0;0;1;0;1;-25,554628;-49,339268;"SPRF-PR";"DEL01-PR";"UOP03-DEL01-PR"
451266;2022-05-22;"domingo";"03:30:00";"RN";101;85;"NATAL";"Ingestão de álcool pelo condutor";"Queda de ocupante de veículo";"Com Vítimas Feridas";"Plena Noite";"Crescente";"Céu Claro";"Simples";"Túnel";"Sim";1;0;1;0;0;0;1;1;-5,777664;-35,24937;"SPRF-RN";"DEL02-RN";"UOP01-DEL02-RN"
451267;2022-05-22;"domingo";"03:30:00";"PR";277;37;"MORRETES";"Condutor Dormindo";"Capotamento";"Com Vítimas Feridas";"Plena Noite";"Decrescente";"Céu Claro";"Dupla";"Reta";"Não";2;0;2;0;0;0;2;1;-25,56011566;-48,81439895;"SPRF-PR";"DEL01-PR";"UOP05-DEL01-PR"
451268;2022-05-22;"domingo";"04:37:00";"SP";116;215;"GUARULHOS";"Velocidade Incompatível";"Engavetamento";"Com Vítimas Feridas";"Plena Noite";"Decrescente";"Céu Claro";"Múltipla";"Reta";"Sim";3;0;0;1;0;2;1;3;-23,44695693;-46,45394103;"SPRF-SP";"DEL01-SP";"UOP01-DEL01-SP"
451269;2022-05-22;"domingo";"04:00:00";"MG";40;788,2;"JUIZ DE FORA";"Reação tardia ou ineficiente do condutor";"Capotamento";"Com Vítimas Feridas";"Plena Noite";"Decrescente";"Céu Claro";"Dupla";"Curva";"Não";2;0;1;0;1;0;1;1;-21,74815906;-43,44533222;"SPRF-MG";"DEL05-MG";"UOP01-DEL05-MG"
451270;2022-05-22;"domingo";"04:00:00";"CE";20;425;"FORTALEZA";"Ingestão de álcool pelo condutor";"Colisão com objeto";"Sem Vítimas";"Amanhecer";"Crescente";"Chuva";"Dupla";"Reta";"Não";3;0;0;0;1;2;0;2;-3,76999035;-38,67006282;"SPRF-CE";"DEL01-CE";"UOP02-DEL01-CE"
451271;2022-05-21;"sábado";"23:15:00";"RS";116;254;"ESTEIO";"Avarias e/ou desgaste excessivo no pneu";"Tombamento";"Com Vítimas Feridas";"Plena Noite";"Crescente";"Nublado";"Múltipla";"Reta";"Sim";2;0;1;1;0;0;2;1;-29,82654797;-51,17241311;"SPRF-RS";"DEL01-RS";"UOP02-DEL01-RS"
451272;2022-05-22;"domingo";"04:46:00";"RN";226;243,3;"JUCURUTU";"Objeto estático sobre o leito carroçável";"Colisão com objeto";"Sem Vítimas";"Plena Noite";"Crescente";"Nublado";"Simples";"Reta";"Não";4;0;0;0;4;0;0;2;-6,04407118;-37,00023217;"SPRF-RN";"DEL03-RN";"UOP01-DEL03-RN"
451274;2022-05-22;"domingo";"04:17:00";"SC";101;137;"BALNEARIO CAMBORIU";"Desrespeitar a preferência no cruzamento";"Colisão transversal";"Com Vítimas Feridas";"Plena Noite";"Decrescente";"Céu Claro";"Dupla";"Interseção de Vias";"Sim";2;0;0;1;1;0;1;2;-27,0157238;-48,61192763;"SPRF-SC";"DEL04-SC";"UOP03-DEL04-SC"
451276;2022-05-22;"domingo";"05:10:00";"GO";153;665,4;"GOIATUBA";"Condutor Dormindo";"Saída de leito carroçável";"Com Vítimas Feridas";"Amanhecer";"Decrescente";"Céu Claro";"Dupla";"Declive";"Não";2;0;0;2;0;0;2;1;-18,0987;-49,2738;"SPRF-GO";"DEL03-GO";"UOP02-DEL03-GO"
451277;2022-05-22;"domingo";"04:26:00";"RN";406;123,2;"TAIPU";"Condutor Dormindo";"Colisão lateral sentido oposto";"Sem Vítimas";"Amanhecer";"Decrescente";"Nublado";"Simples";"Aclive";"Não";2;0;0;0;0;2;0;2;-5,59171454;-35,64174486;"SPRF-RN";"DEL02-RN";"UOP01-DEL02-RN"
451279;2022-05-22;"domingo";"05:28:00";"ES";101;244;"SERRA";"Velocidade Incompatível";"Queda de ocupante de veículo";"Com Vítimas Feridas";"Amanhecer";"Crescente";"Céu Claro";"Simples";"Reta";"Não";1;0;1;0;0;0;1;1;-20,04725275;-40,38731559;"SPRF-ES";"DEL02-ES";"UOP01-DEL02-ES"
451281;2022-05-22;"domingo";"04:30:00";"BA";324;607,7;"SIMOES FILHO";"Ingestão de álcool pelo condutor";"Queda de ocupante de veículo";"Com Vítimas Feridas";"Plena Noite";"Decrescente";"Céu Claro";"Dupla";"Aclive;Reta";"Não";1;0;0;1;0;0;1;1;-12,82098655;-38,40813875;"SPRF-BA";"DEL01-BA";"UOP01-DEL01-BA"
451282;2022-05-22;"domingo";"05:30:00";"SP";116;214;"GUARULHOS";"Ausência de reação do condutor";"Colisão traseira";"Com Vítimas Fatais";"Amanhecer";"Decrescente";"Céu Claro";"Múltipla";"Reta";"Sim";4;1;0;0;3;0;0;2;-23,44333014;-46,44531294;"SPRF-SP";"DEL01-SP";"UOP01-DEL01-SP"
451283;2022-05-21;"sábado";"17:10:00";"CE";222;62;"SAO GONCALO DO AMARANTE";"Acostamento em desnível";"Tombamento";"Com Vítimas Feridas";"Pleno dia";"Crescente";"Chuva";"Simples";"Reta";"Sim";1;0;1;0;0;0;1;1;-3,67147075;-39,09840501;"SPRF-CE";"DEL01-CE";"UOP03-DEL01-CE"
451284;2022-05-22;"domingo";"05:20:00";"RS";116;517;"PELOTAS";"Ausência de reação do condutor";"Saída de leito carroçável";"Sem Vítimas";"Plena Noite";"Decrescente";"Nublado";"Múltipla";"Reta";"Sim";1;0;0;0;1;0;0;1;-31,67908686;-52,34256731;"SPRF-RS";"DEL07-RS";"UOP01-DEL07-RS"
451286;2022-05-22;"domingo";"05:20:00";"MG";267;21;"ARGIRITA";"Reação tardia ou ineficiente do condutor";"Saída de leito carroçável";"Com Vítimas Feridas";"Amanhecer";"Crescente";"Céu Claro";"Simples";"Curva";"Não";4;0;1;0;3;0;1;1;-21,59274447;-42,78538272;"SPRF-MG";"DEL07-MG";"UOP01-DEL07-MG"
451287;2022-05-22;"domingo";"05:30:00";"MG";267;175;"LIMA DUARTE";"Reação tardia ou ineficiente do condutor";"Colisão com objeto";"Com Vítimas Fatais";"Amanhecer";"Crescente";"Céu Claro";"Simples";"Curva";"Não";6;1;3;2;0;0;5;1;-21,86888908;-43,91161199;"SPRF-MG";"DEL05-MG";"UOP01-DEL05-MG"
451288;2022-05-22;"domingo";"04:30:00";"PB";361;102,7;"PIANCO";"Condutor Dormindo";"Saída de leito carroçável";"Com Vítimas Fatais";"Plena Noite";"Crescente";"Nublado";"Simples";"Reta";"Não";1;1;0;0;0;0;0;1;-7,26269098;-38,05916518;"SPRF-PB";"DEL03-PB";"UOP01-DEL03-PB"
451289;2022-05-22;"domingo";"05:55:00";"PE";104;78,1;"CARUARU";"Condutor deixou de manter distância do veículo da frente";"Colisão traseira";"Com Vítimas Feridas";"Pleno dia";"Decrescente";"Céu Claro";"Simples";"Curva;Aclive";"Não";4;0;1;0;3;0;1;3;-8,385484;-35,982231;"SPRF-PE";"DEL02-PE";"UOP01-DEL02-PE"
451290;2022-05-21;"sábado";"07:30:00";"MA";10;156;"PORTO FRANCO";"Acessar a via sem observar a presença dos outros veículos";"Colisão transversal";"Com Vítimas Feridas";"Pleno dia";"Decrescente";"Céu Claro";"Simples";"Reta";"Sim";4;0;1;0;3;0;1;2;-6,356236;-47,3769;"SPRF-MA";"DEL04-MA";"UOP02-DEL04-MA"
451291;2022-05-22;"domingo";"05:30:00";"BA";407;101,3;"JAGUARARI";"Ingestão de álcool pelo condutor";"Saída de leito carroçável";"Com Vítimas Feridas";"Pleno dia";"Crescente";"Chuva";"Simples";"Reta";"Sim";1;0;0;1;0;0;1;1;-10,24363321;-40,19909237;"SPRF-BA";"DEL04-BA";"UOP01-DEL04-BA"
451292;2022-05-22;"domingo";"07:24:00";"SP";116;149;"SAO JOSE DOS CAMPOS";"Trafegar com motocicleta (ou similar) entre as faixas";"Colisão frontal";"Com Vítimas Feridas";"Pleno dia";"Decrescente";"Nublado";"Dupla";"Reta";"Sim";5;0;0;1;4;0;1;2;-23,20700047;-45,88626861;"SPRF-SP";"DEL02-SP";"UOP01-DEL02-SP"
451293;2022-05-22;"domingo";"06:55:00";"DF";20;28;"BRASILIA";"Ausência de reação do condutor";"Saída de leito carroçável";"Com Vítimas Feridas";"Amanhecer";"Crescente";"Céu Claro";"Dupla";"Curva";"Não";1;0;1;0;0;0;1;1;-15,607905;-47,692791;"SPRF-DF";"DEL02-DF";"UOP01-DEL02-DF"
451294;2022-05-22;"domingo";"04:26:00";"SC";280;98;"CORUPA";"Ausência de reação do condutor";"Saída de leito carroçável";"Sem Vítimas";"Amanhecer";"Crescente";"Ignorado";"Simples";"Curva";"Não";1;0;0;0;0;1;0;1;-26,38347399;-49,32297199;"SPRF-SC";"DEL06-SC";"UOP03-DEL06-SC"
451295;2022-05-22;"domingo";"07:20:00";"PB";230;27;"JOAO PESSOA";"Animais na Pista";"Atropelamento de Animal";"Com Vítimas Feridas";"Pleno dia";"Crescente";"Garoa/Chuvisco";"Dupla";"Reta;Interseção de Vias";"Sim";1;0;0;1;0;0;1;1;-7,1677;-34,8855;"SPRF-PB";"DEL01-PB";"UOP01-DEL01-PB"
451297;2022-05-22;"domingo";"02:10:00";"SP";116;219;"GUARULHOS";"Ausência de reação do condutor";"Colisão com objeto";"Com Vítimas Feridas";"Plena Noite";"Crescente";"Céu Claro";"Múltipla";"Curva";"Sim";2;0;1;0;0;1;1;2;-23,46143954;-46,48885316;"SPRF-SP";"DEL01-SP";"UOP01-DEL01-SP"
451299;2022-05-22;"domingo";"02:40:00";"MG";381;653,8;"SANTO ANTONIO DO AMPARO";"Condutor Dormindo";"Saída de leito carroçável";"Sem Vítimas";"Plena Noite";"Crescente";"Céu Claro";"Dupla";"Curva";"Não";1;0;0;0;0;1;0;1;-20,97401959;-44,93490319;"SPRF-MG";"DEL04-MG";"UOP02-DEL04-MG"
451300;2022-04-04;"segunda-feira";"07:25:00";"MG";116;413,7;"GOVERNADOR VALADARES";"Ausência de reação do condutor";"Colisão transversal";"Com Vítimas Feridas";"Pleno dia";"Crescente";"Ignorado";"Simples";"Retorno Regulamentado";"Sim";2;0;0;1;1;0;1;2;-18,87727951;-41,96343006;"SPRF-MG";"DEL06-MG";"UOP01-DEL06-MG"
451301;2022-05-22;"domingo";"06:00:00";"PE";101;151;"RIBEIRAO";"Ausência de reação do condutor";"Colisão com objeto";"Sem Vítimas";"Pleno dia";"Crescente";"Céu Claro";"Dupla";"Declive";"Sim";1;0;0;0;0;1;0;1;-8,505304;-35,387911;"SPRF-PE";"DEL01-PE";"UOP03-DEL01-PE"
451303;2022-05-22;"domingo";"07:50:00";"RJ";101;61;"CAMPOS DOS GOYTACAZES";"Acessar a via sem observar a presença dos outros veículos";"Colisão transversal";"Com Vítimas Feridas";"Pleno dia";"Crescente";"Céu Claro";"Simples";"Reta";"Sim";2;0;1;0;1;0;1;2;-21,72655788;-41,32133519;"SPRF-RJ";"DEL08-RJ";"UOP01-DEL08-RJ"
451305;2022-05-22;"domingo";"07:10:00";"PE";232;30;"MORENO";"Reação tardia ou ineficiente do condutor";"Saída de leito carroçável";"Sem Vítimas";"Pleno dia";"Decrescente";"Nublado";"Dupla";"Reta";"Não";1;0;0;0;0;1;0;1;-8,11063325;-35,15197001;"SPRF-PE";"DEL01-PE";"UOP01-DEL01-PE"
451306;2022-05-22;"domingo";"05:05:00";"RS";290;76;"GRAVATAI";"Ausência de reação do condutor";"Saída de leito carroçável";"Com Vítimas Feridas";"Amanhecer";"Decrescente";"Céu Claro";"Múltipla";"Reta";"Não";1;0;1;0;0;0;1;1;-29,956612;-51,017124;"SPRF-RS";"DEL01-RS";"UOP01-DEL01-RS"
451308;2022-05-22;"domingo";"06:07:00";"RO";364;1018;"PORTO VELHO";"Reação tardia ou ineficiente do condutor";"Capotamento";"Com Vítimas Feridas";"Amanhecer";"Decrescente";"Nublado";"Simples";"Reta";"Não";3;0;2;0;1;0;2;1;-9,73694978;-66,15608105;"SPRF-RO";"DEL01-RO";"UOP03-DEL01-RO"
451309;2022-05-22;"domingo";"08:00:00";"RJ";101;272;"TANGUA";"Condutor Dormindo";"Saída de leito carroçável";"Sem Vítimas";"Pleno dia";"Decrescente";"Céu Claro";"Dupla";"Reta";"Sim";1;0;0;0;1;0;0;1;-22,72935968;-42,70112512;"SPRF-RJ";"DEL02-RJ";"UOP03-DEL02-RJ"
451310;2022-05-11;"quarta-feira";"04:30:00";"MG";381;159;"GOVERNADOR VALADARES";"Ausência de reação do condutor";"Capotamento";"Com Vítimas Fatais";"Amanhecer";"Decrescente";"Nublado";"Simples";"Rotatória";"Sim";1;1;0;0;0;0;0;1;-18,92455594;-42,01932801;"SPRF-MG";"DEL06-MG";"UOP01-DEL06-MG"
451311;2022-05-22;"domingo";"09:00:00";"PR";376;661;"TIJUCAS DO SUL";"Velocidade Incompatível";"Queda de ocupante de veículo";"Com Vítimas Feridas";"Pleno dia";"Crescente";"Céu Claro";"Dupla";"Curva";"Não";2;0;2;0;0;0;2;1;-25,85481693;-48,99472504;"SPRF-PR";"DEL01-PR";"UOP04-DEL01-PR"
451312;2022-05-22;"domingo";"01:00:00";"BA";324;315;"JACOBINA";"Entrada inopinada do pedestre";"Atropelamento de Pedestre";"Com Vítimas Fatais";"Plena Noite";"Decrescente";"Céu Claro";"Simples";"Reta";"Não";2;1;0;0;0;1;0;2;-11,22992912;-40,35003662;"SPRF-BA";"DEL04-BA";"UOP02-DEL04-BA"
451313;2022-05-22;"domingo";"09:30:00";"SC";280;2,7;"SAO FRANCISCO DO SUL";"Reação tardia ou ineficiente do condutor";"Colisão traseira";"Com Vítimas Feridas";"Pleno dia";"Decrescente";"Céu Claro";"Simples";"Curva";"Sim";2;0;1;0;1;0;1;2;-26,23700996;-48,61979093;"SPRF-SC";"DEL03-SC";"UOP03-DEL03-SC"
451316;2022-05-07;"sábado";"15:25:00";"RR";401;0;"BOA VISTA";"Ingestão de álcool pelo condutor";"Colisão traseira";"Sem Vítimas";"Pleno dia";"Decrescente";"Céu Claro";"Dupla";"Reta";"Sim";3;0;0;0;3;0;0;2;2,8061678;-60,68998;"SPRF-RR";"DEL01-RR";"UOP01-DEL01-RR"
451317;2022-05-22;"domingo";"09:50:00";"PE";232;83;"GRAVATA";"Acessar a via sem observar a presença dos outros veículos";"Colisão transversal";"Com Vítimas Feridas";"Pleno dia";"Crescente";"Céu Claro";"Dupla";"Curva";"Sim";5;0;2;0;1;2;2;3;-8,20292;-35,597066;"SPRF-PE";"DEL02-PE";"UOP02-DEL02PE"
451318;2022-05-22;"domingo";"03:00:00";"BA";420;242;"LAJE";"Ingestão de álcool pelo condutor";"Colisão transversal";"Com Vítimas Feridas";"Plena Noite";"Decrescente";"Céu Claro";"Simples";"Curva";"Sim";2;0;1;0;1;0;1;2;-13,16907378;-39,4099313;"SPRF-BA";"DEL01-BA";"UOP02-DEL01-BA"
451319;2022-05-22;"domingo";"10:40:00";"PB";101;85;"BAYEUX";"Acumulo de água sobre o pavimento";"Tombamento";"Com Vítimas Feridas";"Pleno dia";"Decrescente";"Chuva";"Dupla";"Declive;Reta";"Sim";1;0;1;0;0;0;1;1;-7,14538184;-34,91662887;"SPRF-PB";"DEL01-PB";"UOP01-DEL01-PB"
451321;2022-05-22;"domingo";"09:25:00";"SC";163;70,4;"SAO MIGUEL DO OESTE";"Condutor deixou de manter distância do veículo da frente";"Colisão traseira";"Com Vítimas Feridas";"Pleno dia";"Crescente";"Céu Claro";"Simples";"Reta";"Sim";3;0;1;0;0;2;1;2;-26,73461723;-53,50680015;"SPRF-SC";"DEL07-SC";"UOP03-DEL07-SC"
451322;2022-05-22;"domingo";"11:10:00";"CE";116;504,7;"BREJO SANTO";"Pista esburacada";"Colisão traseira";"Com Vítimas Feridas";"Pleno dia";"Decrescente";"Sol";"Simples";"Reta";"Sim";2;0;0;1;0;1;1;2;-7,511228;-38,989485;"SPRF-CE";"DEL05-CE";"UOP03-DEL05-CE"
451323;2022-05-22;"domingo";"09:28:00";"SC";163;70,1;"SAO MIGUEL DO OESTE";"Reação tardia ou ineficiente do condutor";"Engavetamento";"Sem Vítimas";"Pleno dia";"Crescente";"Céu Claro";"Dupla";"Reta";"Sim";5;0;0;0;4;1;0;3;-26,73461723;-53,50680015;"SPRF-SC";"DEL07-SC";"UOP03-DEL07-SC"
451324;2022-05-22;"domingo";"10:50:00";"GO";60;102,3;"ANAPOLIS";"Ingestão de álcool pelo condutor";"Colisão traseira";"Sem Vítimas";"Pleno dia";"Crescente";"Céu Claro";"Dupla";"Reta";"Não";2;0;0;0;2;0;0;2;-16,40732496;-48,9854953;"SPRF-GO";"DEL02-GO";"UOP01-DEL02-GO"
451325;2022-05-22;"domingo";"11:00:00";"GO";60;62;"ABADIANIA";"Ingestão de álcool pelo condutor";"Capotamento";"Com Vítimas Feridas";"Pleno dia";"Crescente";"Céu Claro";"Simples";"Reta";"Não";1;0;1;0;0;0;1;1;-16,189265;-48,72226423;"SPRF-GO";"DEL02-GO";"UOP01-DEL02-GO"
451326;2022-05-22;"domingo";"11:15:00";"GO";70;6,6;"AGUAS LINDAS DE GOIAS";"Reação tardia ou ineficiente do condutor";"Colisão lateral mesmo sentido";"Com Vítimas Feridas";"Pleno dia";"Crescente";"Céu Claro";"Dupla";"Reta";"Sim";3;0;1;0;2;0;1;2;-15,74375533;-48,26779708;"SPRF-DF";"DEL03-DF";"UOP02-DEL03-DF"
451329;2022-05-22;"domingo";"10:30:00";"MG";354;752;"ITAMONTE";"Acessar a via sem observar a presença dos outros veículos";"Colisão transversal";"Com Vítimas Feridas";"Pleno dia";"Decrescente";"Sol";"Simples";"Curva";"Sim";2;0;1;0;1;0;1;2;-22,29340799;-44,86366398;"SPRF-MG";"DEL17-MG";"UOP01-DEL17-MG"
451330;2022-05-22;"domingo";"11:40:00";"PE";232;418,9;"SERRA TALHADA";"Ingestão de álcool pelo condutor";"Saída de leito carroçável";"Com Vítimas Feridas";"Pleno dia";"Crescente";"Nublado";"Simples";"Reta";"Não";1;0;1;0;0;0;1;1;-8,0002425;-38,370411;"SPRF-PE";"DEL04-PE";"UOP01-DEL04-PE"
451331;2022-05-10;"terça-feira";"00:40:00";"MG";116;394,7;"GOVERNADOR VALADARES";"Objeto estático sobre o leito carroçável";"Colisão com objeto";"Com Vítimas Feridas";"Plena Noite";"Crescente";"Ignorado";"Simples";"Reta";"Não";1;0;0;1;0;0;1;1;-18,716786;-41,988274;"SPRF-MG";"DEL06-MG";"UOP01-DEL06-MG"
451332;2022-05-22;"domingo";"07:30:00";"RS";158;156,5;"PANAMBI";"Ingestão de álcool pelo condutor";"Saída de leito carroçável";"Sem Vítimas";"Amanhecer";"Crescente";"Céu Claro";"Simples";"Reta;Em Obras;Aclive;Interseção de Vias";"Sim";1;0;0;0;0;1;0;1;-28,32569999;-53,49916009;"SPRF-RS";"DEL10-RS";"UOP02-DEL10-RS"
451333;2022-05-22;"domingo";"12:25:00";"SC";116;142;"SANTA CECILIA";"Acessar a via sem observar a presença dos outros veículos";"Colisão lateral mesmo sentido";"Com Vítimas Feridas";"Pleno dia";"Crescente";"Céu Claro";"Simples";"Reta";"Não";3;0;0;1;2;0;1;2;-26,97880161;-50,3961135;"SPRF-SC";"DEL06-SC";"UOP02-DEL06-SC"
451334;2022-05-22;"domingo";"12:20:00";"MG";381;769,7;"CAMPANHA";"Manobra de mudança de faixa";"Colisão lateral mesmo sentido";"Com Vítimas Feridas";"Pleno dia";"Crescente";"Céu Claro";"Dupla";"Reta";"Não";2;0;1;0;1;0;1;2;-21,78133999;-45,43274701;"SPRF-MG";"DEL16-MG";"UOP02-DEL16-MG"
451335;2022-05-22;"domingo";"09:00:00";"SC";282;494;"XANXERE";"Velocidade Incompatível";"Saída de leito carroçável";"Com Vítimas Feridas";"Pleno dia";"Crescente";"Céu Claro";"Simples";"Reta";"Não";1;0;1;0;0;0;1;1;-26,87149;-52,318768;"SPRF-SC";"DEL07-SC";"UOP01-DEL07-SC"
451337;2022-05-22;"domingo";"12:00:00";"MG";40;145;"JOAO PINHEIRO";"Acessar a via sem observar a presença dos outros veículos";"Colisão transversal";"Com Vítimas Feridas";"Pleno dia";"Crescente";"Céu Claro";"Simples";"Interseção de Vias";"Não";6;0;4;0;2;0;4;2;-17,75566262;-46,16329585;"SPRF-MG";"DEL14-MG";"UOP01-DEL14-MG"
451338;2022-05-22;"domingo";"13:00:00";"RJ";116;226,7;"PIRAI";"Reação tardia ou ineficiente do condutor";"Tombamento";"Com Vítimas Feridas";"Pleno dia";"Decrescente";"Céu Claro";"Dupla";"Declive";"Não";1;0;1;0;0;0;1;1;-22,66993707;-43,83836746;"SPRF-RJ";"DEL07-RJ";"UOP01-DEL07-RJ"
451341;2022-05-22;"domingo";"13:40:00";"SE";101;108;"SAO CRISTOVAO";"Manobra de mudança de faixa";"Colisão transversal";"Com Vítimas Feridas";"Pleno dia";"Crescente";"Céu Claro";"Dupla";"Reta";"Não";5;0;1;3;1;0;4;2;-10,96341297;-37,26196001;"SPRF-SE";"DEL02-SE";"UOP01-DEL02-SE"
451342;2022-05-22;"domingo";"11:40:00";"RJ";493;70;"NOVA IGUACU";"Problema na suspensão";"Queda de ocupante de veículo";"Com Vítimas Feridas";"Pleno dia";"Decrescente";"Céu Claro";"Dupla";"Reta";"Não";2;0;2;0;0;0;2;1;-22,68704309;-43,50637436;"SPRF-RJ";"DEL01-RJ";"UOP03-DEL01-RJ"
451345;2022-05-22;"domingo";"14:25:00";"RS";386;315;"MARQUES DE SOUZA";"Reação tardia ou ineficiente do condutor";"Queda de ocupante de veículo";"Com Vítimas Feridas";"Pleno dia";"Crescente";"Nublado";"Simples";"Reta";"Não";1;0;1;0;0;0;1;1;-29,259453;-52,154564;"SPRF-RS";"DEL04-RS";"UOP01-DEL04-RS"