"id";"data_inversa";"dia_semana";"horario";"uf";"br";"km";"municipio";"causa_acidente";"tipo_acidente";"classificacao_acidente";"fase_dia";"sentido_via";"condicao_metereologica";"tipo_pista";"tracado_via";"uso_solo";"pessoas";"mortos";"feridos_leves";"feridos_graves";"ilesos";"ignorados";"feridos";"veiculos";"latitude";"longitude";"regional";"delegacia";"uop"
451346;2022-05-22;"domingo";"14:15:00";"SC";101;207;"SAO JOSE";"Ausência de reação do condutor";"Colisão transversal";"Sem Vítimas";"Pleno dia";"Crescente";"Céu Claro";"Dupla";"Aclive";"Sim";2;0;0;0;2;0;0;2;-27,60001226;-48,6226467;"SPRF-SC";"DEL01-SC";"UOP01-DEL01-SC"
451347;2022-05-22;"domingo";"14:40:00";"SP";381;85;"SAO PAULO";"Objeto estático sobre o leito carroçável";"Capotamento";"Com Vítimas Feridas";"Pleno dia";"Crescente";"Céu Claro";"Múltipla";"Reta";"Sim";4;0;2;0;2;0;2;2;-23,449343;-46,56983501;"SPRF-SP";"DEL03-SP";"UOP01-DEL03-SP"
451348;2022-05-22;"domingo";"12:20:00";"MG";40;666,8;"CARANDAI";"Ausência de reação do condutor";"Colisão transversal";"Com Vítimas Feridas";"Pleno dia";"Crescente";"Céu Claro";"Simples";"Rotatória;Interseção de Vias";"Sim";2;0;0;1;1;0;1;2;-20,94471215;-43,8086221;"SPRF-MG";"DEL05-MG";"UOP02-DEL05-MG"
451350;2022-05-22;"domingo";"15:00:00";"SP";116;206;"GUARULHOS";"Ausência de reação do condutor";"Atropelamento de Pedestre";"Com Vítimas Feridas";"Pleno dia";"Decrescente";"Sol";"Múltipla";"Reta";"Sim";2;0;1;0;1;0;1;2;-23,41722629;-46,37510292;"SPRF-SP";"DEL01-SP";"UOP01-DEL01-SP"
451351;2022-05-22;"domingo";"14:55:00";"PR";116;151;"MANDIRITUBA";"Transitar no acostamento";"Colisão traseira";"Com Vítimas Feridas";"Pleno dia";"Decrescente";"Céu Claro";"Simples";"Reta";"Não";3;0;1;0;2;0;1;2;-25,849328;-49,355271;"SPRF-PR";"DEL01-PR";"UOP03-DEL01-PR"
451352;2022-05-22;"domingo";"03:00:00";"GO";158;203;"JATAI";"Velocidade Incompatível";"Saída de leito carroçável";"Com Vítimas Fatais";"Plena Noite";"Crescente";"Céu Claro";"Simples";"Reta;Declive";"Não";1;1;0;0;0;0;0;1;-17,34453485;-51,87662601;"SPRF-GO";"DEL05-GO";"UOP01-DEL05-GO"
451355;2022-05-22;"domingo";"16:25:00";"SC";101;123;"ITAJAI";"Acesso irregular";"Colisão transversal";"Com Vítimas Feridas";"Pleno dia";"Crescente";"Céu Claro";"Múltipla";"Rotatória;Interseção de Vias";"Sim";4;0;1;1;2;0;2;2;-26,93668609;-48,69876905;"SPRF-SC";"DEL04-SC";"UOP04-DEL04-SC"
451356;2022-05-22;"domingo";"13:45:00";"RS";285;215,5;"CASEIROS";"Reação tardia ou ineficiente do condutor";"Saída de leito carroçável";"Com Vítimas Feridas";"Pleno dia";"Decrescente";"Céu Claro";"Simples";"Curva";"Não";1;0;1;0;0;0;1;1;-28,263868;-51,661053;"SPRF-RS";"DEL08-RS";"UOP05-DEL08-RS"
451358;2022-05-22;"domingo";"09:50:00";"GO";60;134;"GOIANIA";"Animais na Pista";"Eventos atípicos";"Sem Vítimas";"Pleno dia";"Decrescente";"Céu Claro";"Dupla";"Declive";"Não";5;0;0;0;2;3;0;2;-16,5827;-49,1876;"SPRF-GO";"DEL01-GO";"UOP01-DEL01-GO"
451359;2022-02-20;"domingo";"03:40:00";"PR";376;160;"MARINGA";"Reação tardia ou ineficiente do condutor";"Tombamento";"Com Vítimas Feridas";"Amanhecer";"Crescente";"Ignorado";"Dupla";"Reta";"Não";1;0;1;0;0;0;1;1;-23,36838484;-52,06572891;"SPRF-PR";"DEL09-PR";"UOP01-DEL09-PR"
451360;2022-05-22;"domingo";"16:30:00";"MG";381;493,5;"BETIM";"Manobra de mudança de faixa";"Colisão com objeto";"Com Vítimas Feridas";"Pleno dia";"Decrescente";"Sol";"Dupla";"Reta";"Sim";1;0;1;0;0;0;1;1;-19,96503975;-44,17396545;"SPRF-MG";"DEL01-MG";"UOP03-DEL01-MG"
451361;2022-05-22;"domingo";"16:20:00";"CE";116;36,6;"HORIZONTE";"Condutor deixou de manter distância do veículo da frente";"Engavetamento";"Com Vítimas Feridas";"Pleno dia";"Decrescente";"Chuva";"Dupla";"Reta";"Sim";7;0;1;0;6;0;1;3;-4,06091689;-38,50402951;"SPRF-CE";"DEL01-CE";"UOP02-DEL01-CE"
451362;2022-05-22;"domingo";"17:00:00";"MG";40;416,5;"CURVELO";"Reação tardia ou ineficiente do condutor";"Saída de leito carroçável";"Com Vítimas Feridas";"Anoitecer";"Crescente";"Céu Claro";"Simples";"Interseção de Vias";"Não";2;0;2;0;0;0;2;1;-19,15189442;-44,60268049;"SPRF-MG";"DEL02-MG";"UOP01-DEL02-MG"
451365;2022-05-22;"domingo";"15:45:00";"PR";163;344;"GUAIRA";"Ausência de reação do condutor";"Queda de ocupante de veículo";"Com Vítimas Feridas";"Pleno dia";"Crescente";"Céu Claro";"Simples";"Reta";"Não";2;0;0;2;0;0;2;1;-24,10727394;-54,2390728;"SPRF-PR";"DEL06-PR";"UOP01-DEL06-PR"
451366;2022-05-22;"domingo";"17:00:00";"PR";277;345;"GUARAPUAVA";"Ausência de reação do condutor";"Colisão com objeto";"Com Vítimas Feridas";"Pleno dia";"Crescente";"Céu Claro";"Simples";"Reta";"Sim";1;0;1;0;0;0;1;1;-25,37051322;-51,49794102;"SPRF-PR";"DEL08-PR";"UOP01-DEL08-PR"
451367;2022-05-22;"domingo";"17:00:00";"PB";230;155,4;"CAMPINA GRANDE";"Ingestão de álcool pelo condutor";"Colisão traseira";"Com Vítimas Feridas";"Anoitecer";"Decrescente";"Nublado";"Simples";"Curva";"Sim";2;0;1;0;1;0;1;2;-7,2748;-35,9058;"SPRF-PB";"DEL02-PB";"UOP01-DEL02-PB"
451368;2022-05-22;"domingo";"17:30:00";"SP";381;28,5;"ATIBAIA";"Frear bruscamente";"Colisão traseira";"Com Vítimas Feridas";"Anoitecer";"Crescente";"Céu Claro";"Dupla";"Reta";"Não";4;0;1;1;1;1;2;3;-23,03315363;-46,54247588;"SPRF-SP";"DEL03-SP";"UOP01-DEL03-SP"
451369;2022-05-22;"domingo";"16:30:00";"PR";476;92;"BOCAIUVA DO SUL";"Transitar na contramão";"Colisão lateral sentido oposto";"Com Vítimas Feridas";"Pleno dia";"Decrescente";"Céu Claro";"Simples";"Curva";"Sim";5;0;1;0;2;2;1;3;-25,197025;-49,114582;"SPRF-PR";"DEL01-PR";"UOP01-DEL01-PR"
451370;2022-05-22;"domingo";"16:50:00";"SC";101;73,4;"ARAQUARI";"Ausência de reação do condutor";"Colisão com objeto";"Com Vítimas Feridas";"Pleno dia";"Crescente";"Céu Claro";"Dupla";"Reta";"Não";1;0;1;0;0;0;1;1;-26,53567108;-48,71326731;"SPRF-SC";"DEL03-SC";"UOP02-DEL03-SC"
451371;2022-05-22;"domingo";"16:00:00";"AL";101;51,8;"FLEXEIRAS";"Condutor deixou de manter distância do veículo da frente";"Colisão traseira";"Com Vítimas Feridas";"Pleno dia";"Crescente";"Chuva";"Dupla";"Declive";"Não";2;0;1;1;0;0;2;1;-9,241987;-35,760014;"SPRF-AL";"DEL01-AL";"UOP02-DEL01-AL"
451375;2022-05-22;"domingo";"17:45:00";"MS";463;6,6;"DOURADOS";"Condutor deixou de manter distância do veículo da frente";"Tombamento";"Com Vítimas Feridas";"Anoitecer";"Crescente";"Céu Claro";"Simples";"Reta";"Não";3;0;1;1;1;0;2;2;-22,25932395;-54,842668;"SPRF-MS";"DEL04-MS";"UOP01-DEL04-MS"
451377;2022-05-22;"domingo";"14:40:00";"MG";40;238;"SAO GONCALO DO ABAETE";"Animais na Pista";"Atropelamento de Animal";"Sem Vítimas";"Pleno dia";"Decrescente";"Céu Claro";"Simples";"Reta";"Não";3;0;0;0;3;0;0;1;-18,05087013;-45,51833619;"SPRF-MG";"DEL14-MG";"UOP02-DEL14-MG"
451378;2022-05-22;"domingo";"15:40:00";"RJ";40;100;"DUQUE DE CAXIAS";"Reação tardia ou ineficiente do condutor";"Colisão lateral mesmo sentido";"Com Vítimas Feridas";"Pleno dia";"Crescente";"Céu Claro";"Simples";"Reta";"Não";3;0;2;0;0;1;2;2;-22,59404803;-43,28079889;"SPRF-RJ";"DEL01-RJ";"UOP01-DEL01-RJ"
451379;2022-05-22;"domingo";"17:50:00";"SC";101;426;"ARARANGUA";"Ingestão de álcool e/ou substâncias psicoativas pelo pedestre";"Colisão traseira";"Sem Vítimas";"Plena Noite";"Decrescente";"Nublado";"Dupla";"Reta";"Sim";2;0;0;0;2;0;0;2;-29,02593927;-49,59976914;"SPRF-SC";"DEL02-SC";"UOP02-DEL02-SC"
451380;2022-05-22;"domingo";"18:15:00";"RN";304;47,1;"MOSSORO";"Acessar a via sem observar a presença dos outros veículos";"Colisão transversal";"Com Vítimas Fatais";"Plena Noite";"Crescente";"Nublado";"Dupla";"Reta";"Sim";2;1;0;0;1;0;0;2;-5,22597224;-37,33086797;"SPRF-RN";"DEL04-RN";"UOP01-DEL04-RN"
451381;2022-05-22;"domingo";"18:55:00";"RS";116;268;"CANOAS";"Ausência de sinalização";"Colisão com objeto";"Com Vítimas Feridas";"Plena Noite";"Decrescente";"Nublado";"Dupla";"Reta";"Sim";2;0;1;0;1;0;1;1;-29,95042502;-51,17652939;"SPRF-RS";"DEL01-RS";"UOP01-DEL01-RS"
451382;2022-05-22;"domingo";"18:37:00";"MS";163;487,3;"CAMPO GRANDE";"Acessar a via sem observar a presença dos outros veículos";"Colisão transversal";"Com Vítimas Feridas";"Anoitecer";"Crescente";"Céu Claro";"Simples";"Interseção de Vias";"Sim";3;0;2;0;1;0;2;2;-20,42493093;-54,54550758;"SPRF-MS";"DEL01-MS";"UOP02-DEL01-MS"
451383;2022-05-22;"domingo";"18:30:00";"GO";251;30;"CRISTALINA";"Transitar na contramão";"Colisão lateral sentido oposto";"Com Vítimas Feridas";"Anoitecer";"Crescente";"Céu Claro";"Simples";"Reta";"Sim";4;0;1;0;3;0;1;2;-16,08337653;-47,52104413;"SPRF-DF";"DEL01-DF";"UOP01-DEL01-DF"
451385;2022-05-22;"domingo";"18:00:00";"MT";163;850;"SINOP";"Acessar a via sem observar a presença dos outros veículos";"Colisão traseira";"Com Vítimas Feridas";"Plena Noite";"Decrescente";"Céu Claro";"Simples";"Reta";"Não";3;0;0;1;2;0;1;2;-11,73418459;-55,46218157;"SPRF-MT";"DEL06-MT";"NPF/DEL06-MT"
451386;2022-05-22;"domingo";"18:40:00";"RS";116;104;"SAO MARCOS";"Reação tardia ou ineficiente do condutor";"Saída de leito carroçável";"Sem Vítimas";"Plena Noite";"Decrescente";"Céu Claro";"Simples";"Curva";"Não";1;0;0;0;0;1;0;1;-28,91002968;-51,11743891;"SPRF-RS";"DEL05-RS";"UOP01-DEL05-RS"
451388;2022-05-22;"domingo";"19:00:00";"SP";381;29;"ATIBAIA";"Ausência de reação do condutor";"Engavetamento";"Com Vítimas Feridas";"Plena Noite";"Crescente";"Céu Claro";"Simples";"Reta";"Sim";5;0;1;0;4;0;1;5;-23,04177622;-46,55896672;"SPRF-SP";"DEL03-SP";"UOP01-DEL03-SP"
451389;2022-05-22;"domingo";"19:07:00";"MS";163;78;"ITAQUIRAI";"Condutor deixou de manter distância do veículo da frente";"Colisão lateral mesmo sentido";"Com Vítimas Feridas";"Plena Noite";"Crescente";"Céu Claro";"Simples";"Reta";"Sim";2;0;1;0;0;1;1;2;-23,47441924;-54,18829399;"SPRF-MS";"DEL09-MS";"UOP01-DEL09-MS"
451392;2022-05-22;"domingo";"18:19:00";"BA";101;767;"ITABELA";"Acessar a via sem observar a presença dos outros veículos";"Queda de ocupante de veículo";"Com Vítimas Feridas";"Plena Noite";"Decrescente";"Céu Claro";"Simples";"Curva";"Não";1;0;0;1;0;0;1;1;-16,88675398;-39,51789103;"SPRF-BA";"DEL09-BA";"UOP01-DEL09-BA"
451393;2022-05-22;"domingo";"20:00:00";"RS";116;512,5;"PELOTAS";"Ingestão de álcool pelo condutor";"Saída de leito carroçável";"Sem Vítimas";"Plena Noite";"Decrescente";"Céu Claro";"Simples";"Reta";"Sim";1;0;0;0;1;0;0;1;-31,63498138;-52,3311397;"SPRF-RS";"DEL07-RS";"UOP01-DEL07-RS"
451396;2022-05-22;"domingo";"19:30:00";"SP";116;321;"JUQUITIBA";"Acessar a via sem observar a presença dos outros veículos";"Colisão lateral mesmo sentido";"Sem Vítimas";"Plena Noite";"Crescente";"Céu Claro";"Dupla";"Reta";"Não";2;0;0;0;1;1;0;2;-23,934612;-47,01729;"SPRF-SP";"DEL04-SP";"UOP01-DEL04-SP"
451397;2022-05-22;"domingo";"19:00:00";"RS";116;117;"SAO MARCOS";"Velocidade Incompatível";"Saída de leito carroçável";"Com Vítimas Feridas";"Plena Noite";"Decrescente";"Céu Claro";"Simples";"Reta";"Não";1;0;1;0;0;0;1;1;-28,98310299;-51,06761081;"SPRF-RS";"DEL05-RS";"UOP01-DEL05-RS"
451399;2022-05-22;"domingo";"19:59:00";"PI";316;6,4;"TERESINA";"Velocidade Incompatível";"Atropelamento de Pedestre";"Com Vítimas Feridas";"Plena Noite";"Decrescente";"Céu Claro";"Dupla";"Declive";"Sim";3;0;1;0;1;1;1;3;-5,14702095;-42,77438982;"SPRF-PI";"DEL01-PI";"UOP02-DEL01-PI"
451400;2022-05-22;"domingo";"19:29:00";"BA";101;721,8;"EUNAPOLIS";"Condutor deixou de manter distância do veículo da frente";"Colisão com objeto";"Com Vítimas Feridas";"Plena Noite";"Decrescente";"Céu Claro";"Simples";"Reta";"Não";1;0;0;1;0;0;1;1;-16,401073;-39,582307;"SPRF-BA";"DEL09-BA";"UOP01-DEL09-BA"
451401;2022-05-22;"domingo";"20:15:00";"RS";116;232;"ESTANCIA VELHA";"Conversão proibida";"Saída de leito carroçável";"Com Vítimas Feridas";"Plena Noite";"Crescente";"Garoa/Chuvisco";"Simples";"Aclive";"Não";1;0;0;1;0;0;1;1;-29,63300002;-51,14325106;"SPRF-RS";"DEL01-RS";"UOP02-DEL01-RS"
451402;2022-04-18;"segunda-feira";"13:20:00";"BA";324;543;"AMELIA RODRIGUES";"Conversão proibida";"Colisão transversal";"Com Vítimas Feridas";"Pleno dia";"Crescente";"Nublado";"Dupla";"Curva";"Sim";3;0;1;1;1;0;2;2;-12,39713005;-38,76807002;"SPRF-BA";"DEL01-BA";"UOP03-DEL01-BA"
451403;2022-05-22;"domingo";"20:00:00";"RN";101;148;"GOIANINHA";"Condutor deixou de manter distância do veículo da frente";"Colisão traseira";"Com Vítimas Feridas";"Plena Noite";"Decrescente";"Nublado";"Dupla";"Reta";"Sim";4;0;1;1;2;0;2;2;-6,27949119;-35,20490033;"SPRF-RN";"DEL01-RN";"UOP01-DEL01-RN"
451404;2022-05-22;"domingo";"20:30:00";"MG";381;491,9;"BETIM";"Animais na Pista";"Atropelamento de Animal";"Com Vítimas Feridas";"Plena Noite";"Decrescente";"Céu Claro";"Múltipla";"Reta";"Sim";1;0;1;0;0;0;1;1;-19,97018187;-44,18210416;"SPRF-MG";"DEL01-MG";"UOP03-DEL01-MG"
451405;2022-05-22;"domingo";"20:30:00";"RN";101;74,8;"EXTREMOZ";"Animais na Pista";"Colisão lateral sentido oposto";"Com Vítimas Feridas";"Plena Noite";"Decrescente";"Nublado";"Simples";"Reta";"Não";4;0;1;0;3;0;1;2;-5,71406254;-35,27232767;"SPRF-RN";"DEL02-RN";"UOP01-DEL02-RN"
451407;2022-05-22;"domingo";"18:45:00";"PR";163;175,8;"LINDOESTE";"Velocidade Incompatível";"Capotamento";"Com Vítimas Feridas";"Plena Noite";"Crescente";"Céu Claro";"Dupla";"Curva";"Não";2;0;1;0;1;0;1;1;-25,21734703;-53,59537645;"SPRF-PR";"DEL05-PR";"UOP05-DEL05-PR"
451410;2022-05-22;"domingo";"19:30:00";"MG";365;9,3;"MONTES CLAROS";"Ingestão de álcool pelo condutor";"Colisão traseira";"Sem Vítimas";"Pleno dia";"Crescente";"Céu Claro";"Simples";"Curva";"Não";4;0;0;0;4;0;0;4;-16,83452;-43,943562;"SPRF-MG";"DEL12-MG";"UOP01-DEL12-MG"
451411;2022-05-22;"domingo";"20:10:00";"PR";376;634;"SAO JOSE DOS PINHAIS";"Estacionar ou parar em local proibido";"Colisão traseira";"Com Vítimas Feridas";"Plena Noite";"Crescente";"Nublado";"Dupla";"Reta";"Não";2;0;0;1;0;1;1;2;-25,73029716;-49,13356446;"SPRF-PR";"DEL01-PR";"UOP04-DEL01-PR"
451412;2022-05-22;"domingo";"19:25:00";"RJ";101;484;"ANGRA DOS REIS";"Ultrapassagem Indevida";"Colisão lateral mesmo sentido";"Com Vítimas Feridas";"Plena Noite";"Decrescente";"Céu Claro";"Simples";"Curva";"Não";2;0;1;0;1;0;1;2;-22,99096308;-44,30429882;"SPRF-RJ";"DEL03-RJ";"UOP03-DEL03-RJ"
451413;2022-05-22;"domingo";"20:30:00";"SP";116;269;"TABOAO DA SERRA";"Trafegar com motocicleta (ou similar) entre as faixas";"Colisão lateral mesmo sentido";"Com Vítimas Feridas";"Plena Noite";"Decrescente";"Nublado";"Dupla";"Reta";"Sim";5;0;1;1;3;0;2;3;-23,61593059;-46,78826044;"SPRF-SP";"DEL04-SP";"UOP01-DEL04-SP"
451414;2022-05-22;"domingo";"19:40:00";"SP";116;282;"EMBU DAS ARTES";"Transitar na contramão";"Colisão frontal";"Com Vítimas Fatais";"Plena Noite";"Crescente";"Céu Claro";"Simples";"Reta";"Sim";3;1;1;1;0;0;2;2;-23,68570216;-46,85970975;"SPRF-SP";"DEL04-SP";"UOP01-DEL04-SP"
451416;2022-05-22;"domingo";"19:45:00";"PB";104;130,8;"CAMPINA GRANDE";"Acessar a via sem observar a presença dos outros veículos";"Colisão transversal";"Com Vítimas Feridas";"Plena Noite";"Crescente";"Céu Claro";"Simples";"Interseção de Vias";"Sim";2;0;1;1;0;0;2;2;-7,29013399;-35,89029705;"SPRF-PB";"DEL02-PB";"UOP03-DEL02-PB"
451417;2022-05-22;"domingo";"21:00:00";"PR";116;95,5;"SAO JOSE DOS PINHAIS";"Reação tardia ou ineficiente do condutor";"Colisão traseira";"Com Vítimas Feridas";"Plena Noite";"Crescente";"Nublado";"Dupla";"Reta";"Sim";3;0;1;0;2;0;1;3;-25,531469;-49,144444;"SPRF-PR";"DEL01-PR";"UOP01-DEL01-PR"
451418;2022-05-22;"domingo";"19:30:00";"BA";324;622;"SALVADOR";"Ausência de reação do condutor";"Colisão com objeto";"Sem Vítimas";"Plena Noite";"Crescente";"Nublado";"Dupla";"Reta";"Sim";1;0;0;0;0;1;0;1;-12,91888605;-38,46502095;"SPRF-BA";"DEL01-BA";"UOP01-DEL01-BA"
451420;2022-05-22;"domingo";"20:00:00";"PE";116;26;"SALGUEIRO";"Ingestão de álcool pelo condutor";"Colisão traseira";"Sem Vítimas";"Plena Noite";"Crescente";"Céu Claro";"Simples";"Reta";"Sim";3;0;0;0;3;0;0;2;-8,069921;-39,13364;"SPRF-PE";"DEL05-PE";"UOP01-DEL05-PE"
451421;2022-05-22;"domingo";"18:40:00";"RO";364;52;"PORTO VELHO";"Afundamento ou ondulação no pavimento";"Queda de ocupante de veículo";"Com Vítimas Feridas";"Plena Noite";"Crescente";"Céu Claro";"Simples";"Reta";"Não";1;0;1;0;0;0;1;1;-8,72848036;-63,97410482;"SPRF-RO";"DEL04-RO";"UOP01-DEL04-RO"
451422;2022-05-22;"domingo";"21:40:00";"BA";20;199;"LUIS EDUARDO MAGALHAES";"Ingestão de álcool pelo condutor";"Colisão frontal";"Com Vítimas Feridas";"Plena Noite";"Crescente";"Céu Claro";"Simples";"Reta";"Não";3;0;2;0;1;0;2;3;-12,204;-45,829;"SPRF-BA";"DEL10-BA";"UOP01-DEL10-BA"
451423;2022-05-22;"domingo";"19:40:00";"SC";282;580,1;"PINHALZINHO";"Condutor deixou de manter distância do veículo da frente";"Colisão traseira";"Sem Vítimas";"Plena Noite";"Decrescente";"Ignorado";"Simples";"Reta";"Sim";2;0;0;0;1;1;0;2;-26,832148;-52,994308;"SPRF-SC";"DEL07-SC";"UOP02-DEL07-SC"
451424;2022-05-22;"domingo";"20:47:00";"PE";408;97;"SAO LOURENCO DA MATA";"Ultrapassagem Indevida";"Colisão lateral mesmo sentido";"Sem Vítimas";"Plena Noite";"Decrescente";"Céu Claro";"Dupla";"Reta";"Não";2;0;0;0;1;1;0;2;-8,009237;-35,042854;"SPRF-PE";"DEL01-PE";"UOP01-DEL01-PE"
451425;2022-05-22;"domingo";"15:50:00";"GO";70;469;"ARAGARCAS";"Acessar a via sem observar a presença dos outros veículos";"Colisão transversal";"Com Vítimas Feridas";"Pleno dia";"Crescente";"Sol";"Simples";"Reta";"Sim";3;0;1;0;2;0;1;2;-15,897338;-52,233849;"SPRF-GO";"DEL04-GO";"UOP01-DEL04-GO"
451426;2022-05-22;"domingo";"19:05:00";"BA";116;24,7;"VITORIA DA CONQUISTA";"Acessar a via sem observar a presença dos outros veículos";"Colisão transversal";"Com Vítimas Feridas";"Plena Noite";"Crescente";"Céu Claro";"Dupla";"Interseção de Vias";"Não";2;0;0;1;0;1;1;2;-14,859411;-40,798232;"SPRF-PE";"DEL05-PE";"UOP03-DEL05-PE"
451428;2022-05-22;"domingo";"21:00:00";"MG";381;382,1;"SAO GONCALO DO RIO ABAIXO";"Ausência de reação do condutor";"Colisão transversal";"Com Vítimas Feridas";"Plena Noite";"Crescente";"Céu Claro";"Simples";"Reta";"Não";4;0;3;0;1;0;3;2;-19,82692046;-43,38405945;"SPRF-MG";"DEL01-MG";"UOP01-DEL01-MG"
451429;2022-05-22;"domingo";"17:00:00";"PR";467;102,5;"CASCAVEL";"Ausência de reação do condutor";"Saída de leito carroçável";"Com Vítimas Feridas";"Pleno dia";"Crescente";"Nublado";"Dupla";"Reta";"Não";1;0;1;0;0;0;1;1;-24,9033701;-53,5190263;"SPRF-PR";"DEL04-PR";"UOP01-DEL04-PR"
451430;2022-05-22;"domingo";"18:30:00";"MG";267;41;"MARIPA DE MINAS";"Reação tardia ou ineficiente do condutor";"Colisão frontal";"Com Vítimas Feridas";"Plena Noite";"Crescente";"Ignorado";"Simples";"Curva";"Não";4;0;1;0;2;1;1;2;-21,68128685;-42,91226426;"SPRF-MG";"DEL07-MG";"UOP01-DEL07-MG"
451431;2022-05-22;"domingo";"19:00:00";"PR";116;92;"SAO JOSE DOS PINHAIS";"Animais na Pista";"Atropelamento de Animal";"Com Vítimas Feridas";"Plena Noite";"Decrescente";"Nublado";"Dupla";"Reta";"Sim";2;0;1;0;1;0;1;1;-25,50903358;-49,12631745;"SPRF-PR";"DEL01-PR";"UOP01-DEL01-PR"
451433;2022-05-22;"domingo";"21:10:00";"MG";40;606;"CONGONHAS";"Ingestão de álcool pelo condutor";"Colisão traseira";"Sem Vítimas";"Plena Noite";"Decrescente";"Céu Claro";"Simples";"Reta";"Sim";2;0;0;0;2;0;0;2;-20,46834617;-43,84095284;"SPRF-MG";"DEL05-MG";"UOP02-DEL05-MG"
451434;2022-05-22;"domingo";"21:00:00";"RJ";116;137;"DUQUE DE CAXIAS";"Velocidade Incompatível";"Colisão traseira";"Com Vítimas Feridas";"Plena Noite";"Crescente";"Céu Claro";"Dupla";"Reta";"Sim";2;0;1;0;1;0;1;2;-22,64791994;-43,18200799;"SPRF-RJ";"DEL01-RJ";"UOP01-DEL01-RJ"
451435;2022-05-22;"domingo";"21:30:00";"BA";407;129;"SENHOR DO BONFIM";"Velocidade Incompatível";"Colisão com objeto";"Sem Vítimas";"Plena Noite";"Decrescente";"Céu Claro";"Simples";"Reta";"Não";1;0;0;0;1;0;0;1;-10,4558193;-40,18119143;"SPRF-BA";"DEL04-BA";"UOP01-DEL04-BA"
451436;2022-05-22;"domingo";"22:45:00";"MG";459;21,5;"CALDAS";"Ultrapassagem Indevida";"Colisão frontal";"Com Vítimas Fatais";"Plena Noite";"Crescente";"Céu Claro";"Simples";"Reta;Aclive";"Não";11;4;0;5;0;2;5;3;-21,8739;-46,387433;"SPRF-MG";"DEL09-MG";"UOP01-DEL09-MG"
451438;2022-05-22;"domingo";"19:30:00";"RJ";101;332;"RIO DE JANEIRO";"Manobra de mudança de faixa";"Colisão com objeto";"Com Vítimas Feridas";"Plena Noite";"Decrescente";"Céu Claro";"Múltipla";"Reta";"Não";2;0;1;0;1;0;1;1;-22,87133305;-43,20407695;"SPRF-RJ";"DEL02-RJ";"UOP01-DEL02-RJ"
451439;2022-05-22;"domingo";"21:20:00";"RJ";493;69;"NOVA IGUACU";"Reação tardia ou ineficiente do condutor";"Colisão com objeto";"Com Vítimas Feridas";"Plena Noite";"Decrescente";"Nublado";"Dupla";"Reta";"Não";3;0;3;0;0;0;3;1;-22,68221244;-43,46955299;"SPRF-RJ";"DEL01-RJ";"UOP03-DEL01-RJ"
451440;2022-05-22;"domingo";"20:00:00";"SC";101;420;"ARARANGUA";"Ingestão de álcool ou de substâncias psicoativas pelo pedestre";"Colisão traseira";"Sem Vítimas";"Plena Noite";"Crescente";"Céu Claro";"Simples";"Reta";"Sim";2;0;0;0;2;0;0;2;-28,99380392;-49,55081408;"SPRF-SC";"DEL02-SC";"UOP02-DEL02-SC"
451441;2022-05-22;"domingo";"19:40:00";"PR";272;424,3;"GOIOERE";"Animais na Pista";"Saída de leito carroçável";"Com Vítimas Feridas";"Plena Noite";"Decrescente";"Céu Claro";"Simples";"Reta";"Não";5;0;5;0;0;0;5;1;-24,16379686;-52,91026706;"SPRF-PR";"DEL09-PR";"UOP03-DEL09-PR"
451442;2022-05-22;"domingo";"22:50:00";"BA";415;49;"ITABUNA";"Condutor deixou de manter distância do veículo da frente";"Colisão traseira";"Com Vítimas Feridas";"Plena Noite";"Decrescente";"Garoa/Chuvisco";"Simples";"Reta";"Sim";7;0;1;0;6;0;1;2;-14,81574494;-39,29612388;"SPRF-BA";"DEL05-BA";"UOP01-DEL05-BA"
451443;2022-05-22;"domingo";"23:00:00";"PR";369;145;"LONDRINA";"Acessar a via sem observar a presença dos outros veículos";"Colisão traseira";"Com Vítimas Feridas";"Plena Noite";"Crescente";"Céu Claro";"Dupla";"Reta";"Não";2;0;1;0;1;0;1;2;-23,293529;-51,111205;"SPRF-PR";"DEL07-PR";"UOP01-DEL07-PR"
451444;2022-05-22;"domingo";"20:10:00";"PE";104;22;"TAQUARITINGA DO NORTE";"Velocidade Incompatível";"Colisão frontal";"Com Vítimas Feridas";"Plena Noite";"Crescente";"Nublado";"Simples";"Curva";"Sim";6;0;6;0;0;0;6;4;-7,967257;-36,116974;"SPRF-PE";"DEL02-PE";"UOP01-DEL02-PE"
451445;2022-05-22;"domingo";"23:20:00";"PR";369;155;"LONDRINA";"Ausência de reação do condutor";"Colisão traseira";"Com Vítimas Feridas";"Plena Noite";"Crescente";"Nublado";"Dupla";"Interseção de Vias";"Sim";3;0;2;0;0;1;2;2;-23,29555225;-51,20827854;"SPRF-PR";"DEL07-PR";"UOP01-DEL07-PR"