"id";"data_inversa";"dia_semana";"horario";"uf";"br";"km";"municipio";"causa_acidente";"tipo_acidente";"classificacao_acidente";"fase_dia";"sentido_via";"condicao_metereologica";"tipo_pista";"tracado_via";"uso_solo";"pessoas";"mortos";"feridos_leves";"feridos_graves";"ilesos";"ignorados";"feridos";"veiculos";"latitude";"longitude";"regional";"delegacia";"uop"
451929;2022-05-25;"quarta-feira";"14:40:00";"RS";116;244;"SAO LEOPOLDO";"Condutor deixou de manter distância do veículo da frente";"Colisão traseira";"Sem Vítimas";"Pleno dia";"Crescente";"Sol";"Dupla";"Reta";"Sim";2;0;0;0;2;0;0;2;-29,7392252;-51,15039295;"SPRF-RS";"DEL01-RS";"UOP02-DEL01-RS"
451930;2022-05-25;"quarta-feira";"11:50:00";"SC";116;178,8;"SAO CRISTOVAO DO SUL";"Condutor deixou de manter distância do veículo da frente";"Colisão traseira";"Sem Vítimas";"Pleno dia";"Crescente";"Sol";"Simples";"Reta";"Sim";3;0;0;0;3;0;0;3;-27,25590423;-50,45096628;"SPRF-SC";"DEL05-SC";"UOP03-DEL05-SC"
451931;2022-05-25;"quarta-feira";"14:30:00";"RS";386;146;"SARANDI";"Ausência de reação do condutor";"Tombamento";"Com Vítimas Feridas";"Pleno dia";"Decrescente";"Céu Claro";"Simples";"Curva";"Não";1;0;1;0;0;0;1;1;-28,048496;-52,874107;"SPRF-RS";"DEL08-RS";"UOP01-DEL08-RS"
451933;2022-05-21;"sábado";"05:00:00";"MT";158;594;"AGUA BOA";"Condutor Dormindo";"Saída de leito carroçável";"Com Vítimas Fatais";"Plena Noite";"Decrescente";"Céu Claro";"Simples";"Reta";"Não";1;1;0;0;0;0;0;1;-14,267634;-52,168964;"SPRF-MT";"DEL07-MT";"UOP02-DEL07-MT"
451934;2022-05-25;"quarta-feira";"09:05:00";"RO";364;332;"JI-PARANA";"Ausência de reação do condutor";"Colisão traseira";"Sem Vítimas";"Pleno dia";"Decrescente";"Sol";"Simples";"Reta";"Não";3;0;0;0;3;0;0;3;-10,966626;-61,917297;"SPRF-RO";"DEL02-RO";"UOP01-DEL02-RO"
451936;2022-04-01;"sexta-feira";"09:35:00";"PI";343;266,9;"CAMPO MAIOR";"Condutor deixou de manter distância do veículo da frente";"Colisão traseira";"Com Vítimas Feridas";"Pleno dia";"Decrescente";"Céu Claro";"Simples";"Rotatória";"Não";3;0;0;1;1;1;1;3;-4,840245;-42,174171;"SPRF-PI";"DEL01-PI";"UOP03-DEL01-PI"
451937;2022-05-25;"quarta-feira";"14:54:00";"ES";101;146;"LINHARES";"Acessar a via sem observar a presença dos outros veículos";"Colisão transversal";"Com Vítimas Feridas";"Pleno dia";"Decrescente";"Nublado";"Dupla";"Reta";"Sim";2;0;1;0;1;0;1;2;-19,36990998;-40,06560718;"SPRF-ES";"DEL04-ES";"UOP01-DEL04-ES"
451938;2022-04-30;"sábado";"05:26:00";"RR";174;446,8;"BOA VISTA";"Deficiência do Sistema de Iluminação/Sinalização";"Colisão traseira";"Com Vítimas Feridas";"Amanhecer";"Decrescente";"Chuva";"Simples";"Reta";"Não";3;0;2;0;1;0;2;2;2,422426;-60,921886;"SPRF-RR";"DEL01-RR";"UOP01-DEL01-RR"
451939;2022-05-25;"quarta-feira";"09:30:00";"MT";364;0,2;"ALTO ARAGUAIA";"Manobra de mudança de faixa";"Colisão lateral mesmo sentido";"Com Vítimas Feridas";"Pleno dia";"Decrescente";"Céu Claro";"Dupla";"Reta";"Não";2;0;2;0;0;0;2;2;-17,31871;-53,211903;"SPRF-MT";"DEL02-MT";"UOP02-DEL02-MT"
451941;2022-05-25;"quarta-feira";"15:32:00";"AM";174;888;"MANAUS";"Ausência de reação do condutor";"Colisão traseira";"Sem Vítimas";"Pleno dia";"Crescente";"Céu Claro";"Simples";"Reta";"Não";5;0;0;0;5;0;0;2;-2,942329;-60,03368092;"SPRF-AM";"DEL01-AM";"UOP01-DEL01-AM"
451942;2022-05-25;"quarta-feira";"15:50:00";"MG";40;559,2;"NOVA LIMA";"Manobra de mudança de faixa";"Colisão transversal";"Com Vítimas Feridas";"Pleno dia";"Crescente";"Nublado";"Dupla";"Reta";"Não";4;0;1;0;3;0;1;2;-20,11861708;-43,96783926;"SPRF-MG";"DEL01-MG";"UOP02-DEL01-MG"
451945;2022-05-17;"terça-feira";"14:50:00";"SP";116;279;"EMBU DAS ARTES";"Pista esburacada";"Eventos atípicos";"Sem Vítimas";"Pleno dia";"Decrescente";"Céu Claro";"Dupla";"Reta";"Sim";2;0;0;0;2;0;0;1;-23,66233697;-46,85292907;"SPRF-SP";"DEL04-SP";"UOP01-DEL04-SP"
451947;2022-05-25;"quarta-feira";"17:15:00";"RN";304;44;"MOSSORO";"Transitar no acostamento";"Colisão frontal";"Com Vítimas Feridas";"Pleno dia";"Decrescente";"Céu Claro";"Dupla";"Ponte";"Sim";2;0;2;0;0;0;2;2;-5,219591;-37,363065;"SPRF-RN";"DEL04-RN";"UOP01-DEL04-RN"
451948;2022-05-25;"quarta-feira";"16:30:00";"RS";116;264,3;"CANOAS";"Acessar a via sem observar a presença dos outros veículos";"Colisão lateral mesmo sentido";"Com Vítimas Feridas";"Pleno dia";"Crescente";"Céu Claro";"Múltipla";"Reta";"Sim";2;0;1;0;0;1;1;2;-29,914435;-51,17754495;"SPRF-RS";"DEL01-RS";"UOP01-DEL01-RS"
451949;2022-05-25;"quarta-feira";"16:20:00";"ES";262;118,4;"CONCEICAO DO CASTELO";"Velocidade Incompatível";"Colisão frontal";"Com Vítimas Fatais";"Pleno dia";"Crescente";"Nublado";"Simples";"Reta";"Não";3;2;1;0;0;0;1;2;-20,30782485;-41,23182431;"SPRF-ES";"DEL01-ES";"UOP02-DEL01-ES"
451950;2022-05-25;"quarta-feira";"13:30:00";"PB";230;443,6;"APARECIDA";"Acessar a via sem observar a presença dos outros veículos";"Colisão frontal";"Com Vítimas Feridas";"Pleno dia";"Crescente";"Céu Claro";"Simples";"Reta";"Não";4;0;1;1;2;0;2;2;-6,7778;-38,0488;"SPRF-PB";"DEL03-PB";"UOP02-DEL03-PB"
451951;2022-05-25;"quarta-feira";"16:53:00";"RJ";40;121;"DUQUE DE CAXIAS";"Reação tardia ou ineficiente do condutor";"Colisão traseira";"Sem Vítimas";"Plena Noite";"Crescente";"Céu Claro";"Múltipla";"Reta";"Sim";2;0;0;0;2;0;0;2;-22,78185499;-43,28571273;"SPRF-RJ";"DEL01-RJ";"UOP01-DEL01-RJ"
451952;2022-05-25;"quarta-feira";"17:00:00";"GO";60;172;"GOIANIA";"Condutor deixou de manter distância do veículo da frente";"Colisão traseira";"Sem Vítimas";"Pleno dia";"Crescente";"Céu Claro";"Dupla";"Aclive;Reta";"Não";2;0;0;0;2;0;0;2;-16,738;-49,4076;"SPRF-GO";"DEL01-GO";"UOP02-DEL01-GO"
451953;2022-05-25;"quarta-feira";"17:30:00";"SP";116;210;"GUARULHOS";"Manobra de mudança de faixa";"Colisão lateral mesmo sentido";"Com Vítimas Feridas";"Anoitecer";"Crescente";"Céu Claro";"Dupla";"Reta";"Sim";2;0;1;0;1;0;1;2;-23,42870023;-46,41085991;"SPRF-SP";"DEL01-SP";"UOP01-DEL01-SP"
451955;2022-05-25;"quarta-feira";"15:45:00";"SC";101;98;"BALNEARIO PICARRAS";"Trafegar com motocicleta (ou similar) entre as faixas";"Tombamento";"Com Vítimas Feridas";"Pleno dia";"Crescente";"Céu Claro";"Dupla";"Curva";"Não";1;0;1;0;0;0;1;1;-26,73760897;-48,69918789;"SPRF-SC";"DEL03-SC";"UOP02-DEL03-SC"
451958;2022-05-25;"quarta-feira";"16:45:00";"MS";163;473;"CAMPO GRANDE";"Acessar a via sem observar a presença dos outros veículos";"Colisão transversal";"Com Vítimas Feridas";"Pleno dia";"Crescente";"Céu Claro";"Simples";"Reta";"Sim";3;0;1;0;2;0;1;2;-20,53459008;-54,56411122;"SPRF-MS";"DEL01-MS";"UOP01-DEL01-MS"
451959;2022-04-07;"quinta-feira";"16:15:00";"MG";381;491;"BETIM";"Reação tardia ou ineficiente do condutor";"Tombamento";"Com Vítimas Feridas";"Pleno dia";"Crescente";"Céu Claro";"Dupla";"Reta";"Não";1;0;0;1;0;0;1;1;-19,957817;-44,150086;"SPRF-MG";"DEL01-MG";"UOP03-DEL01-MG"
451960;2022-05-25;"quarta-feira";"18:00:00";"CE";222;5;"CAUCAIA";"Manobra de mudança de faixa";"Colisão lateral mesmo sentido";"Com Vítimas Feridas";"Plena Noite";"Decrescente";"Céu Claro";"Dupla";"Reta";"Sim";3;0;2;0;1;0;2;2;-3,74296918;-38,61330997;"SPRF-CE";"DEL01-CE";"UOP01-DEL01-CE"
451961;2022-05-25;"quarta-feira";"18:25:00";"SC";282;16,7;"PALHOCA";"Trafegar com motocicleta (ou similar) entre as faixas";"Colisão transversal";"Com Vítimas Feridas";"Plena Noite";"Crescente";"Céu Claro";"Simples";"Interseção de Vias";"Sim";2;0;1;0;1;0;1;2;-27,658611;-48,681847;"SPRF-SC";"DEL01-SC";"UOP02-DEL01-SC"
451962;2022-05-24;"terça-feira";"19:35:00";"SP";116;214;"GUARULHOS";"Ingestão de álcool pelo condutor";"Colisão com objeto";"Sem Vítimas";"Plena Noite";"Crescente";"Céu Claro";"Dupla";"Reta";"Sim";2;0;0;0;2;0;0;1;-23,44333014;-46,44531294;"SPRF-SP";"DEL01-SP";"UOP01-DEL01-SP"
451963;2022-05-25;"quarta-feira";"18:10:00";"RS";386;389,6;"TRIUNFO";"Acessar a via sem observar a presença dos outros veículos";"Colisão transversal";"Sem Vítimas";"Plena Noite";"Crescente";"Céu Claro";"Dupla";"Interseção de Vias";"Sim";2;0;0;0;2;0;0;2;-29,699799;-51,686905;"SPRF-RS";"DEL04-RS";"UOP02-DEL04-RS"
451964;2022-05-25;"quarta-feira";"15:00:00";"PR";163;35,2;"SANTO ANTONIO DO SUDOESTE";"Acessar a via sem observar a presença dos outros veículos";"Colisão transversal";"Com Vítimas Feridas";"Pleno dia";"Crescente";"Céu Claro";"Simples";"Interseção de Vias;Aclive;Curva";"Sim";3;0;1;0;1;1;1;3;-26,10526814;-53,70309816;"SPRF-PR";"DEL02-PR";"UOP02-DEL02-PR"
451965;2022-05-25;"quarta-feira";"18:00:00";"CE";116;502;"BREJO SANTO";"Ausência de reação do condutor";"Colisão transversal";"Com Vítimas Feridas";"Plena Noite";"Crescente";"Céu Claro";"Simples";"Reta";"Sim";2;0;1;0;1;0;1;2;-7,46246999;-38,97595702;"SPRF-CE";"DEL05-CE";"UOP03-DEL05-CE"
451966;2022-05-25;"quarta-feira";"18:30:00";"PI";316;290,1;"PICOS";"Ausência de reação do condutor";"Tombamento";"Com Vítimas Feridas";"Plena Noite";"Crescente";"Céu Claro";"Simples";"Reta";"Não";1;0;0;1;0;0;1;1;-6,99681216;-41,61967609;"SPRF-PI";"DEL04-PI";"UOP01-DEL04-PI"
451967;2022-05-25;"quarta-feira";"18:00:00";"SC";101;36;"JOINVILLE";"Avarias e/ou desgaste excessivo no pneu";"Queda de ocupante de veículo";"Com Vítimas Feridas";"Plena Noite";"Crescente";"Céu Claro";"Dupla";"Curva";"Não";2;0;1;0;1;0;1;1;-26,24573198;-48,9101069;"SPRF-SC";"DEL03-SC";"UOP01-DEL03-SC"
451968;2022-05-25;"quarta-feira";"19:00:00";"RN";226;1;"NATAL";"Acessar a via sem observar a presença dos outros veículos";"Colisão lateral sentido oposto";"Com Vítimas Feridas";"Plena Noite";"Decrescente";"Céu Claro";"Dupla";"Em Obras;Reta";"Sim";2;0;1;0;1;0;1;2;-5,81364934;-35,2466547;"SPRF-RN";"DEL01-RN";"UOP02-DEL01-RN"
451971;2022-05-25;"quarta-feira";"18:00:00";"SP";116;126,5;"CACAPAVA";"Avarias e/ou desgaste excessivo no pneu";"Tombamento";"Com Vítimas Feridas";"Plena Noite";"Crescente";"Céu Claro";"Dupla";"Aclive";"Não";2;0;2;0;0;0;2;1;-23,10485869;-45,69531441;"SPRF-SP";"DEL02-SP";"UOP02-DEL02-SP"
451972;2022-05-25;"quarta-feira";"18:30:00";"SC";101;120,5;"ITAJAI";"Condutor deixou de manter distância do veículo da frente";"Colisão traseira";"Com Vítimas Feridas";"Plena Noite";"Crescente";"Céu Claro";"Dupla";"Reta";"Não";2;0;1;0;1;0;1;2;-26,912758;-48,711998;"SPRF-SC";"DEL04-SC";"UOP04-DEL04-SC"
451973;2022-05-25;"quarta-feira";"18:40:00";"SE";235;36;"AREIA BRANCA";"Transitar na contramão";"Colisão frontal";"Com Vítimas Feridas";"Plena Noite";"Decrescente";"Chuva";"Simples";"Reta";"Não";3;0;2;1;0;0;3;2;-10,767558;-37,328533;"SPRF-SE";"DEL01-SE";"UOP02-DEL01-SE"
451974;2022-05-25;"quarta-feira";"18:30:00";"SP";116;109;"TAUBATE";"Frear bruscamente";"Colisão lateral mesmo sentido";"Com Vítimas Feridas";"Plena Noite";"Decrescente";"Céu Claro";"Dupla";"Reta";"Não";2;0;1;0;0;1;1;2;-23,02871304;-45,54517097;"SPRF-SP";"DEL08-SP";"UOP01-DEL08-SP"
451975;2022-05-25;"quarta-feira";"18:00:00";"MT";163;617;"NOVA MUTUM";"Transitar na contramão";"Colisão frontal";"Com Vítimas Fatais";"Plena Noite";"Crescente";"Céu Claro";"Simples";"Reta";"Não";2;1;0;1;0;0;1;2;-13,761484;-56,05323601;"SPRF-MT";"DEL01-MT";"UOP01-DEL01-MT"
451976;2022-05-25;"quarta-feira";"19:15:00";"RS";386;190,8;"SANTO ANTONIO DO PLANALTO";"Acessar a via sem observar a presença dos outros veículos";"Colisão transversal";"Com Vítimas Feridas";"Plena Noite";"Decrescente";"Céu Claro";"Simples";"Reta";"Sim";2;0;1;0;1;0;1;2;-28,389027;-52,699821;"SPRF-RS";"DEL08-RS";"UOP01-DEL08-RS"
451977;2022-05-25;"quarta-feira";"18:20:00";"SC";101;426;"ARARANGUA";"Animais na Pista";"Tombamento";"Com Vítimas Feridas";"Plena Noite";"Decrescente";"Céu Claro";"Simples";"Reta";"Não";1;0;1;0;0;0;1;1;-29,02575059;-49,59983826;"SPRF-SC";"DEL02-SC";"UOP02-DEL02-SC"
451979;2022-05-25;"quarta-feira";"19:15:00";"RJ";40;105;"DUQUE DE CAXIAS";"Ingestão de álcool ou de substâncias psicoativas pelo pedestre";"Atropelamento de Pedestre";"Com Vítimas Feridas";"Plena Noite";"Decrescente";"Céu Claro";"Múltipla";"Reta";"Sim";3;0;0;1;1;1;1;2;-22,63784806;-43,28428824;"SPRF-RJ";"DEL01-RJ";"UOP01-DEL01-RJ"
451980;2022-05-25;"quarta-feira";"18:00:00";"BA";235;351;"JUAZEIRO";"Ingestão de álcool pelo condutor";"Colisão lateral sentido oposto";"Com Vítimas Feridas";"Plena Noite";"Crescente";"Céu Claro";"Simples";"Reta";"Sim";2;0;1;0;1;0;1;2;-9,41740208;-40,50702672;"SPRF-PE";"DEL06-PE";"UOP01-DEL06-PE"
451983;2022-05-25;"quarta-feira";"17:00:00";"SC";101;327;"CAPIVARI DE BAIXO";"Ingestão de álcool pelo condutor";"Colisão transversal";"Sem Vítimas";"Pleno dia";"Decrescente";"Céu Claro";"Simples";"Aclive";"Não";2;0;0;0;2;0;0;2;-28,43023306;-48,95205197;"SPRF-SC";"DEL02-SC";"UOP01-DEL02-SC"
451984;2022-05-25;"quarta-feira";"19:15:00";"PR";476;123,5;"CURITIBA";"Ausência de reação do condutor";"Colisão lateral mesmo sentido";"Sem Vítimas";"Plena Noite";"Decrescente";"Céu Claro";"Dupla";"Em Obras;Reta";"Sim";2;0;0;0;1;1;0;2;-25,4022324;-49,21668644;"SPRF-PR";"DEL01-PR";"UOP01-DEL01-PR"
451986;2022-05-25;"quarta-feira";"13:40:00";"PR";476;171;"CONTENDA";"Fumaça";"Colisão com objeto";"Com Vítimas Feridas";"Pleno dia";"Decrescente";"Céu Claro";"Dupla";"Reta";"Sim";5;0;2;1;2;0;3;2;-25,668074;-49,503948;"SPRF-PR";"DEL01-PR";"UOP03-DEL01-PR"
451988;2022-05-25;"quarta-feira";"19:50:00";"SC";282;16,2;"PALHOCA";"Ultrapassagem Indevida";"Colisão transversal";"Com Vítimas Feridas";"Plena Noite";"Decrescente";"Céu Claro";"Simples";"Interseção de Vias;Reta";"Sim";3;0;0;2;1;0;2;2;-27,66107954;-48,68394267;"SPRF-SC";"DEL01-SC";"UOP02-DEL01-SC"
451989;2022-05-25;"quarta-feira";"17:43:00";"AC";364;137;"RIO BRANCO";"Condutor deixou de manter distância do veículo da frente";"Colisão traseira";"Com Vítimas Feridas";"Anoitecer";"Crescente";"Céu Claro";"Dupla";"Reta";"Sim";2;0;1;0;1;0;1;2;-9,96935404;-67,85264513;"SPRF-AC";"DEL01-AC";"UOP01-DEL01-AC"
451990;2022-05-25;"quarta-feira";"18:10:00";"SC";101;309;"LAGUNA";"Ausência de reação do condutor";"Colisão traseira";"Com Vítimas Feridas";"Anoitecer";"Crescente";"Céu Claro";"Simples";"Reta";"Não";2;0;0;1;1;0;1;2;-28,40755485;-48,79169438;"SPRF-SC";"DEL02-SC";"UOP01-DEL02-SC"
451991;2022-05-25;"quarta-feira";"19:00:00";"PR";277;436,7;"VIRMOND";"Conversão proibida";"Colisão transversal";"Com Vítimas Feridas";"Plena Noite";"Crescente";"Céu Claro";"Simples";"Aclive";"Não";5;0;4;0;1;0;4;2;-25,37374294;-52,22093399;"SPRF-PR";"DEL04-PR";"UOP02-DEL04-PR"
451995;2022-05-24;"terça-feira";"11:40:00";"SP";116;219,9;"GUARULHOS";"Avarias e/ou desgaste excessivo no pneu";"Queda de ocupante de veículo";"Com Vítimas Feridas";"Pleno dia";"Crescente";"Céu Claro";"Dupla";"Reta";"Sim";2;0;2;0;0;0;2;1;-23,46143954;-46,48885316;"SPRF-SP";"DEL01-SP";"UOP01-DEL01-SP"
451996;2022-05-25;"quarta-feira";"20:32:00";"RS";392;67;"PELOTAS";"Desrespeitar a preferência no cruzamento";"Colisão transversal";"Com Vítimas Feridas";"Plena Noite";"Crescente";"Garoa/Chuvisco";"Múltipla";"Viaduto";"Sim";2;0;1;0;1;0;1;2;-31,75709532;-52,39980728;"SPRF-RS";"DEL07-RS";"UOP01-DEL07-RS"
451997;2022-05-25;"quarta-feira";"20:30:00";"PA";10;354,3;"SANTA MARIA DO PARA";"Conversão proibida";"Colisão lateral sentido oposto";"Com Vítimas Feridas";"Plena Noite";"Crescente";"Nublado";"Simples";"Reta;Interseção de Vias";"Sim";2;0;1;0;1;0;1;2;-1,34759789;-47,57735696;"SPRF-PA";"DEL01-PA";"UOP02-DEL01-PA"
451999;2022-05-25;"quarta-feira";"20:50:00";"SP";153;64;"SAO JOSE DO RIO PRETO";"Animais na Pista";"Atropelamento de Animal";"Com Vítimas Feridas";"Plena Noite";"Decrescente";"Céu Claro";"Dupla";"Reta";"Não";1;0;1;0;0;0;1;1;-20,82919401;-49,36046325;"SPRF-SP";"DEL09-SP";"UOP01-DEL09-SP"
452000;2022-05-25;"quarta-feira";"20:20:00";"SP";116;148;"SAO JOSE DOS CAMPOS";"Ausência de reação do condutor";"Saída de leito carroçável";"Sem Vítimas";"Plena Noite";"Crescente";"Céu Claro";"Múltipla";"Reta";"Sim";1;0;0;0;1;0;0;1;-23,20067421;-45,8795018;"SPRF-SP";"DEL02-SP";"UOP01-DEL02-SP"
452001;2022-05-25;"quarta-feira";"20:05:00";"PI";316;211;"VALENCA DO PIAUI";"Condutor deixou de manter distância do veículo da frente";"Colisão traseira";"Com Vítimas Feridas";"Plena Noite";"Decrescente";"Céu Claro";"Simples";"Reta";"Não";2;0;1;0;1;0;1;2;-6,40213663;-41,75542831;"SPRF-PI";"DEL04-PI";"UOP02-DEL04-PI"
452002;2022-05-25;"quarta-feira";"19:40:00";"MG";40;520;"CONTAGEM";"Entrada inopinada do pedestre";"Atropelamento de Pedestre";"Com Vítimas Fatais";"Plena Noite";"Decrescente";"Céu Claro";"Dupla";"Aclive;Reta";"Sim";3;1;1;0;0;1;1;2;-19,84761911;-44,07276144;"SPRF-MG";"DEL01-MG";"UOP02-DEL01-MG"
452005;2022-05-25;"quarta-feira";"20:00:00";"RS";116;92,9;"CAMPESTRE DA SERRA";"Demais falhas mecânicas ou elétricas";"Saída de leito carroçável";"Sem Vítimas";"Plena Noite";"Crescente";"Céu Claro";"Simples";"Reta";"Não";1;0;0;0;0;1;0;1;-28,87036611;-51,1251221;"SPRF-RS";"DEL05-RS";"UOP03-DEL05-RS"
452007;2022-05-25;"quarta-feira";"18:58:00";"PR";277;172;"PALMEIRA";"Pedestre andava na pista";"Atropelamento de Pedestre";"Com Vítimas Feridas";"Anoitecer";"Crescente";"Céu Claro";"Simples";"Reta";"Sim";3;0;1;0;1;1;1;2;-25,43100865;-50,02332687;"SPRF-PR";"DEL08-PR";"UOP02-DEL08-PR"
452010;2022-05-25;"quarta-feira";"19:15:00";"SC";280;4,3;"SAO FRANCISCO DO SUL";"Reação tardia ou ineficiente do condutor";"Colisão lateral mesmo sentido";"Com Vítimas Feridas";"Plena Noite";"Crescente";"Nublado";"Simples";"Reta";"Não";2;0;0;1;0;1;1;2;-26,25455816;-48,62019897;"SPRF-SC";"DEL03-SC";"UOP03-DEL03-SC"
452011;2022-05-25;"quarta-feira";"21:00:00";"CE";222;4;"CAUCAIA";"Retorno proibido";"Colisão transversal";"Com Vítimas Feridas";"Plena Noite";"Decrescente";"Nublado";"Dupla";"Reta";"Sim";2;0;0;2;0;0;2;2;-3,74164754;-38,60449792;"SPRF-CE";"DEL01-CE";"UOP01-DEL01-CE"
452014;2022-05-25;"quarta-feira";"19:35:00";"MG";354;704;"CAXAMBU";"Iluminação deficiente";"Atropelamento de Pedestre";"Com Vítimas Feridas";"Pleno dia";"Crescente";"Céu Claro";"Simples";"Reta";"Não";2;0;1;0;0;1;1;2;-21,98404081;-44,92444142;"SPRF-MG";"DEL17-MG";"UOP01-DEL17-MG"
452015;2022-05-25;"quarta-feira";"21:10:00";"RJ";101;273,5;"TANGUA";"Animais na Pista";"Atropelamento de Animal";"Com Vítimas Feridas";"Plena Noite";"Crescente";"Céu Claro";"Dupla";"Reta";"Sim";3;0;1;0;2;0;1;2;-22,733153;-42,715101;"SPRF-RJ";"DEL02-RJ";"UOP03-DEL02-RJ"
452016;2022-05-25;"quarta-feira";"20:50:00";"MS";262;409;"TERENOS";"Animais na Pista";"Saída de leito carroçável";"Com Vítimas Feridas";"Plena Noite";"Decrescente";"Céu Claro";"Simples";"Reta";"Não";2;0;1;0;1;0;1;1;-20,43807971;-55,10494006;"SPRF-MS";"DEL01-MS";"UOP03-DEL01-MS"
452017;2022-05-25;"quarta-feira";"21:50:00";"SP";153;31,5;"NOVA GRANADA";"Desrespeitar a preferência no cruzamento";"Colisão transversal";"Com Vítimas Feridas";"Plena Noite";"Crescente";"Céu Claro";"Simples";"Interseção de Vias;Reta";"Não";2;0;1;0;1;0;1;2;-20,54746171;-49,32959617;"SPRF-SP";"DEL09-SP";"UOP01-DEL09-SP"
452019;2022-05-25;"quarta-feira";"21:45:00";"PB";230;16;"JOAO PESSOA";"Velocidade Incompatível";"Colisão com objeto";"Com Vítimas Feridas";"Plena Noite";"Decrescente";"Céu Claro";"Dupla";"Reta";"Sim";1;0;1;0;0;0;1;1;-7,11340788;-34,84212529;"SPRF-PB";"DEL01-PB";"UOP01-DEL01-PB"
452020;2022-05-25;"quarta-feira";"20:42:00";"BA";367;83,5;"EUNAPOLIS";"Conversão proibida";"Colisão transversal";"Com Vítimas Feridas";"Plena Noite";"Decrescente";"Céu Claro";"Simples";"Reta";"Sim";3;0;0;1;1;1;1;3;-16,373784;-39,575751;"SPRF-BA";"DEL09-BA";"UOP01-DEL09-BA"
452022;2022-05-25;"quarta-feira";"20:10:00";"RS";392;153;"CANGUCU";"Acumulo de água sobre o pavimento";"Capotamento";"Com Vítimas Feridas";"Plena Noite";"Crescente";"Chuva";"Simples";"Reta";"Não";3;0;2;0;1;0;2;1;-31,15706606;-52,87398701;"SPRF-RS";"DEL07-RS";"UOP01-DEL07-RS"
452023;2022-05-25;"quarta-feira";"18:30:00";"SC";101;434;"SOMBRIO";"Manobra de mudança de faixa";"Colisão lateral mesmo sentido";"Com Vítimas Feridas";"Plena Noite";"Decrescente";"Céu Claro";"Simples";"Reta";"Sim";2;0;1;0;1;0;1;2;-29,09075196;-49,63226114;"SPRF-SC";"DEL02-SC";"UOP02-DEL02-SC"
452024;2022-05-25;"quarta-feira";"23:32:00";"MG";381;482;"CONTAGEM";"Avarias e/ou desgaste excessivo no pneu";"Tombamento";"Com Vítimas Feridas";"Plena Noite";"Crescente";"Céu Claro";"Dupla";"Reta";"Sim";1;0;1;0;0;0;1;1;-19,955532;-44,097209;"SPRF-MG";"DEL01-MG";"UOP03-DEL01-MG"
452025;2022-04-15;"sexta-feira";"14:28:00";"RS";386;405,2;"TRIUNFO";"Ingestão de álcool pelo condutor";"Saída de leito carroçável";"Sem Vítimas";"Pleno dia";"Crescente";"Chuva";"Dupla";"Curva";"Não";1;0;0;0;1;0;0;1;-29,777224;-51,560829;"SPRF-RS";"DEL04-RS";"UOP02-DEL04-RS"
452027;2022-05-25;"quarta-feira";"20:00:00";"SC";101;415;"ARARANGUA";"Ultrapassagem Indevida";"Colisão traseira";"Com Vítimas Feridas";"Plena Noite";"Decrescente";"Céu Claro";"Simples";"Reta";"Sim";2;0;1;0;1;0;1;2;-28,96040535;-49,51653267;"SPRF-SC";"DEL02-SC";"UOP02-DEL02-SC"
452028;2022-05-25;"quarta-feira";"22:30:00";"RS";392;113,6;"CANGUCU";"Ingestão de álcool pelo condutor";"Tombamento";"Com Vítimas Feridas";"Plena Noite";"Crescente";"Chuva";"Simples";"Reta";"Não";1;0;1;0;0;0;1;1;-31,43953295;-52,64988094;"SPRF-RS";"DEL07-RS";"UOP01-DEL07-RS"
452029;2022-05-25;"quarta-feira";"22:15:00";"RS";116;152,5;"CAXIAS DO SUL";"Ingestão de álcool pelo condutor";"Colisão frontal";"Com Vítimas Feridas";"Plena Noite";"Crescente";"Céu Claro";"Dupla";"Curva";"Sim";2;0;1;0;1;0;1;2;-29,1829343;-51,16801501;"SPRF-RS";"DEL05-RS";"UOP01-DEL05-RS"
452032;2022-05-25;"quarta-feira";"20:10:00";"SC";101;254;"PAULO LOPES";"Ultrapassagem Indevida";"Colisão lateral mesmo sentido";"Com Vítimas Feridas";"Plena Noite";"Crescente";"Céu Claro";"Simples";"Interseção de Vias";"Sim";2;0;1;0;1;0;1;2;-27,97368802;-48,67940247;"SPRF-SC";"DEL02-SC";"UOP03-DEL02-SC"
452033;2022-05-26;"quinta-feira";"03:00:00";"SC";101;210;"SAO JOSE";"Reação tardia ou ineficiente do condutor";"Tombamento";"Com Vítimas Feridas";"Plena Noite";"Crescente";"Céu Claro";"Dupla";"Reta";"Sim";1;0;1;0;0;0;1;1;-27,6167305;-48,6457265;"SPRF-SC";"DEL01-SC";"UOP01-DEL01-SC"
452035;2022-05-26;"quinta-feira";"05:30:00";"GO";414;403,7;"ABADIANIA";"Ausência de reação do condutor";"Tombamento";"Com Vítimas Feridas";"Amanhecer";"Decrescente";"Céu Claro";"Simples";"Em Obras;Curva";"Não";1;0;1;0;0;0;1;1;-15,99991995;-48,83982712;"SPRF-GO";"DEL02-GO";"UOP01-DEL02-GO"
452037;2022-05-26;"quinta-feira";"05:35:00";"MG";381;480,8;"CONTAGEM";"Entrada inopinada do pedestre";"Atropelamento de Pedestre";"Com Vítimas Feridas";"Amanhecer";"Crescente";"Céu Claro";"Dupla";"Declive;Reta";"Sim";2;0;1;0;1;0;1;2;-19,958256;-44,059205;"SPRF-MG";"DEL01-MG";"UOP03-DEL01-MG"