"id";"data_inversa";"dia_semana";"horario";"uf";"br";"km";"municipio";"causa_acidente";"tipo_acidente";"classificacao_acidente";"fase_dia";"sentido_via";"condicao_metereologica";"tipo_pista";"tracado_via";"uso_solo";"pessoas";"mortos";"feridos_leves";"feridos_graves";"ilesos";"ignorados";"feridos";"veiculos";"latitude";"longitude";"regional";"delegacia";"uop"
452039;2022-04-24;"domingo";"05:50:00";"RS";116;254;"ESTEIO";"Manobra de mudança de faixa";"Colisão lateral mesmo sentido";"Com Vítimas Feridas";"Plena Noite";"Crescente";"Nublado";"Múltipla";"Reta";"Sim";4;0;1;0;2;1;1;4;-29,82654797;-51,17241311;"SPRF-RS";"DEL01-RS";"UOP02-DEL01-RS"
452043;2022-05-26;"quinta-feira";"05:00:00";"MG";116;534,2;"SANTA RITA DE MINAS";"Velocidade Incompatível";"Saída de leito carroçável";"Com Vítimas Feridas";"Amanhecer";"Decrescente";"Céu Claro";"Simples";"Curva";"Não";1;0;1;0;0;0;1;1;-19,833736;-42,13818;"SPRF-MG";"DEL06-MG";"UOP02-DEL06-MG"
452044;2022-05-26;"quinta-feira";"06:15:00";"RS";386;136;"SARANDI";"Ausência de reação do condutor";"Colisão com objeto";"Com Vítimas Feridas";"Amanhecer";"Crescente";"Chuva";"Simples";"Reta";"Sim";1;0;1;0;0;0;1;1;-27,968201;-52,90752;"SPRF-RS";"DEL08-RS";"UOP01-DEL08-RS"
452045;2022-05-25;"quarta-feira";"15:15:00";"RN";226;129,9;"CAMPO REDONDO";"Reação tardia ou ineficiente do condutor";"Colisão traseira";"Com Vítimas Feridas";"Pleno dia";"Crescente";"Nublado";"Simples";"Curva";"Não";2;0;1;0;1;0;1;2;-6,2000322;-36,15283012;"SPRF-RN";"DEL03-RN";"UOP02-DEL03-RN"
452046;2022-05-26;"quinta-feira";"06:40:00";"SC";470;49;"BLUMENAU";"Avarias e/ou desgaste excessivo no pneu";"Queda de ocupante de veículo";"Com Vítimas Feridas";"Pleno dia";"Crescente";"Nublado";"Dupla";"Curva";"Não";1;0;0;1;0;0;1;1;-26,859768;-49,074493;"SPRF-SC";"DEL04-SC";"UOP01-DEL04-SC"
452049;2022-05-26;"quinta-feira";"05:30:00";"SP";153;192;"GETULINA";"Ausência de reação do condutor";"Saída de leito carroçável";"Sem Vítimas";"Amanhecer";"Crescente";"Céu Claro";"Simples";"Reta";"Não";2;0;0;0;2;0;0;1;-21,75610418;-49,87282181;"SPRF-SP";"DEL07-SP";"UOP01-DEL07-SP"
452050;2022-05-26;"quinta-feira";"07:20:00";"DF";20;12;"BRASILIA";"Área urbana sem a presença de local apropriado para a travessia de pedestres";"Atropelamento de Pedestre";"Com Vítimas Feridas";"Pleno dia";"Decrescente";"Céu Claro";"Dupla";"Reta";"Sim";2;0;1;0;1;0;1;2;-15,642812;-47,757786;"SPRF-DF";"DEL02-DF";"UOP01-DEL02-DF"
452054;2022-05-26;"quinta-feira";"06:50:00";"MG";116;720,7;"MURIAE";"Manobra de mudança de faixa";"Colisão lateral mesmo sentido";"Com Vítimas Feridas";"Pleno dia";"Decrescente";"Céu Claro";"Simples";"Reta";"Não";1;0;1;0;0;0;1;1;-21,24577695;-42,3942351;"SPRF-MG";"DEL07-MG";"UOP02-DEL07-MG"
452055;2022-05-26;"quinta-feira";"06:00:00";"MT";158;775;"BARRA DO GARCAS";"Demais falhas mecânicas ou elétricas";"Incêndio";"Sem Vítimas";"Amanhecer";"Decrescente";"Céu Claro";"Simples";"Reta";"Não";1;0;0;0;1;0;0;1;-15,70650511;-52,24168685;"SPRF-MT";"DEL07-MT";"UOP01-DEL07-MT"
452056;2022-05-26;"quinta-feira";"08:00:00";"DF";40;7,7;"BRASILIA";"Trafegar com motocicleta (ou similar) entre as faixas";"Colisão lateral mesmo sentido";"Com Vítimas Feridas";"Pleno dia";"Decrescente";"Céu Claro";"Dupla";"Reta";"Sim";2;0;1;0;1;0;1;2;-16,0449;-47,980343;"SPRF-DF";"DEL01-DF";"UOP01-DEL01-DF"
452057;2022-05-26;"quinta-feira";"07:20:00";"PR";476;153;"ARAUCARIA";"Manobra de mudança de faixa";"Colisão lateral mesmo sentido";"Com Vítimas Feridas";"Pleno dia";"Decrescente";"Sol";"Dupla";"Reta";"Sim";2;0;1;0;1;0;1;2;-25,573416;-49,387099;"SPRF-PR";"DEL01-PR";"UOP03-DEL01-PR"
452059;2022-05-26;"quinta-feira";"07:30:00";"CE";20;417;"MARACANAU";"Acessar a via sem observar a presença dos outros veículos";"Colisão transversal";"Com Vítimas Feridas";"Pleno dia";"Crescente";"Céu Claro";"Dupla";"Interseção de Vias";"Sim";3;0;3;0;0;0;3;2;-3,76999035;-38,67006282;"SPRF-CE";"DEL01-CE";"UOP02-DEL01-CE"
452060;2022-05-26;"quinta-feira";"07:00:00";"MG";40;509;"RIBEIRAO DAS NEVES";"Avarias e/ou desgaste excessivo no pneu";"Tombamento";"Com Vítimas Feridas";"Pleno dia";"Crescente";"Céu Claro";"Dupla";"Reta";"Sim";2;0;1;0;1;0;1;1;-19,76728744;-44,12855905;"SPRF-MG";"DEL01-MG";"UOP02-DEL01-MG"
452061;2022-02-03;"quinta-feira";"06:40:00";"ES";101;274;"SERRA";"Ausência de reação do condutor";"Capotamento";"Com Vítimas Feridas";"Pleno dia";"Crescente";"Céu Claro";"Dupla";"Curva";"Não";2;0;1;0;1;0;1;2;-20,21288515;-40,29612219;"SPRF-ES";"DEL02-ES";"UOP01-DEL02-ES"
452062;2022-05-26;"quinta-feira";"08:00:00";"SP";153;73,8;"SAO JOSE DO RIO PRETO";"Avarias e/ou desgaste excessivo no pneu";"Saída de leito carroçável";"Com Vítimas Feridas";"Pleno dia";"Crescente";"Céu Claro";"Dupla";"Reta";"Não";2;0;2;0;0;0;2;1;-20,87627206;-49,42004692;"SPRF-SP";"DEL09-SP";"UOP01-DEL09-SP"
452063;2022-05-26;"quinta-feira";"06:30:00";"RJ";116;169,4;"SAO JOAO DE MERITI";"Trafegar com motocicleta (ou similar) entre as faixas";"Colisão lateral mesmo sentido";"Com Vítimas Feridas";"Pleno dia";"Decrescente";"Céu Claro";"Dupla";"Reta";"Sim";2;0;1;0;1;0;1;2;-22,816206;-43,324463;"SPRF-RJ";"DEL01-RJ";"UOP02-DEL01-RJ"
452065;2022-05-26;"quinta-feira";"08:30:00";"SP";116;224;"GUARULHOS";"Ausência de reação do condutor";"Colisão traseira";"Sem Vítimas";"Pleno dia";"Crescente";"Sol";"Múltipla";"Reta";"Não";2;0;0;0;2;0;0;2;-23,48071896;-46,53271603;"SPRF-SP";"DEL01-SP";"UOP01-DEL01-SP"
452066;2022-05-26;"quinta-feira";"08:20:00";"RN";101;82;"NATAL";"Pista Escorregadia";"Queda de ocupante de veículo";"Com Vítimas Feridas";"Pleno dia";"Decrescente";"Garoa/Chuvisco";"Dupla";"Reta";"Sim";1;0;1;0;0;0;1;1;-5,76791511;-35,27456305;"SPRF-RN";"DEL02-RN";"UOP01-DEL02-RN"
452067;2022-05-26;"quinta-feira";"08:30:00";"MG";381;477,3;"CONTAGEM";"Trafegar com motocicleta (ou similar) entre as faixas";"Colisão traseira";"Com Vítimas Feridas";"Pleno dia";"Decrescente";"Céu Claro";"Dupla";"Reta";"Sim";2;0;1;0;1;0;1;2;-19,96179268;-44,05041676;"SPRF-MG";"DEL01-MG";"UOP03-DEL01-MG"
452068;2022-05-26;"quinta-feira";"06:52:00";"PE";428;189;"PETROLINA";"Ausência de reação do condutor";"Colisão transversal";"Com Vítimas Feridas";"Pleno dia";"Decrescente";"Nublado";"Múltipla";"Interseção de Vias";"Sim";2;0;1;0;1;0;1;2;-9,37197508;-40,48679585;"SPRF-PE";"DEL06-PE";"UOP01-DEL06-PE"
452071;2022-05-26;"quinta-feira";"08:15:00";"MG";50;174,6;"UBERABA";"Obras na pista";"Colisão traseira";"Com Vítimas Feridas";"Pleno dia";"Crescente";"Céu Claro";"Dupla";"Em Obras";"Sim";3;0;1;0;2;0;1;2;-19,770817;-47,973434;"SPRF-MG";"DEL13-MG";"UOP01-DEL13-MG"
452072;2022-05-26;"quinta-feira";"07:40:00";"ES";101;301;"VIANA";"Ausência de reação do condutor";"Queda de ocupante de veículo";"Com Vítimas Feridas";"Pleno dia";"Decrescente";"Garoa/Chuvisco";"Dupla";"Reta";"Não";1;0;1;0;0;0;1;1;-20,36278187;-40,4401343;"SPRF-ES";"DEL01-ES";"UOP01-DEL01-ES"
452073;2022-05-26;"quinta-feira";"08:25:00";"DF";70;7;"BRASILIA";"Acessar a via sem observar a presença dos outros veículos";"Colisão lateral mesmo sentido";"Sem Vítimas";"Pleno dia";"Crescente";"Céu Claro";"Dupla";"Reta";"Sim";2;0;0;0;2;0;0;2;-15,787601;-48,114429;"SPRF-DF";"DEL03-DF";"UOP02-DEL03-DF"
452074;2022-05-26;"quinta-feira";"09:10:00";"SP";101;50;"UBATUBA";"Acessar a via sem observar a presença dos outros veículos";"Colisão lateral sentido oposto";"Com Vítimas Feridas";"Pleno dia";"Crescente";"Céu Claro";"Simples";"Reta";"Sim";2;0;1;0;1;0;1;2;-23,45018939;-45,07743735;"SPRF-SP";"DEL06-SP";"UOP01-DEL06-SP"
452075;2022-05-26;"quinta-feira";"09:00:00";"PR";369;162;"CAMBE";"Reação tardia ou ineficiente do condutor";"Colisão traseira";"Com Vítimas Feridas";"Pleno dia";"Crescente";"Céu Claro";"Dupla";"Reta";"Não";3;0;2;0;1;0;2;2;-23,296783;-51,280974;"SPRF-PR";"DEL07-PR";"UOP01-DEL07-PR"
452076;2022-05-26;"quinta-feira";"09:30:00";"RJ";393;240;"VASSOURAS";"Ausência de reação do condutor";"Colisão com objeto";"Com Vítimas Feridas";"Pleno dia";"Decrescente";"Céu Claro";"Simples";"Reta";"Não";1;0;0;1;0;0;1;1;-22,41456264;-43,67661632;"SPRF-RJ";"DEL05-RJ";"UOP04-DEL05-RJ"
452077;2022-05-26;"quinta-feira";"07:00:00";"RJ";101;0;"NITEROI";"Condutor deixou de manter distância do veículo da frente";"Colisão traseira";"Com Vítimas Feridas";"Pleno dia";"Crescente";"Céu Claro";"Simples";"Reta;Viaduto";"Sim";2;0;1;0;1;0;1;2;-22,88015428;-43,11161952;"SPRF-RJ";"DEL02-RJ";"UOP01-DEL02-RJ"
452081;2022-05-26;"quinta-feira";"09:40:00";"PR";116;120,3;"CURITIBA";"Avarias e/ou desgaste excessivo no pneu";"Tombamento";"Com Vítimas Feridas";"Pleno dia";"Decrescente";"Céu Claro";"Dupla";"Reta";"Sim";1;0;1;0;0;0;1;1;-25,586702;-49,314304;"SPRF-PR";"DEL01-PR";"UOP03-DEL01-PR"
452082;2022-05-26;"quinta-feira";"08:45:00";"RN";101;109;"PARNAMIRIM";"Ingestão de álcool pelo condutor";"Tombamento";"Com Vítimas Feridas";"Pleno dia";"Decrescente";"Nublado";"Dupla";"Declive";"Sim";1;0;1;0;0;0;1;1;-5,937378;-35,26483;"SPRF-RN";"DEL01-RN";"UOP01-DEL01-RN"
452084;2022-05-26;"quinta-feira";"09:25:00";"AL";101;119;"PILAR";"Obstrução na via";"Eventos atípicos";"Com Vítimas Feridas";"Pleno dia";"Decrescente";"Chuva";"Dupla";"Reta;Aclive";"Não";2;0;2;0;0;0;2;1;-9,67373838;-36,03196959;"SPRF-AL";"DEL02-AL";"UOP01-DEL02-AL"
452085;2022-02-10;"quinta-feira";"04:40:00";"BA";324;372;"SAO JOSE DO JACUIPE";"Carga excessiva e/ou mal acondicionada";"Saída de leito carroçável";"Com Vítimas Feridas";"Amanhecer";"Decrescente";"Céu Claro";"Simples";"Reta";"Não";1;0;0;1;0;0;1;1;-11,43404959;-39,86374886;"SPRF-BA";"DEL04-BA";"UOP02-DEL04-BA"
452086;2022-05-26;"quinta-feira";"10:20:00";"SP";116;222;"GUARULHOS";"Manobra de mudança de faixa";"Queda de ocupante de veículo";"Com Vítimas Feridas";"Pleno dia";"Crescente";"Sol";"Múltipla";"Reta";"Não";2;0;1;0;1;0;1;1;-23,47093408;-46,51631097;"SPRF-SP";"DEL01-SP";"UOP01-DEL01-SP"
452088;2022-05-26;"quinta-feira";"10:30:00";"GO";70;7,4;"AGUAS LINDAS DE GOIAS";"Manobra de mudança de faixa";"Colisão transversal";"Com Vítimas Feridas";"Pleno dia";"Crescente";"Sol";"Dupla";"Reta";"Sim";2;0;1;0;1;0;1;2;-15,74375533;-48,26779708;"SPRF-DF";"DEL03-DF";"UOP02-DEL03-DF"
452089;2022-05-25;"quarta-feira";"16:20:00";"PR";476;124;"CURITIBA";"Área urbana sem a presença de local apropriado para a travessia de pedestres";"Atropelamento de Pedestre";"Com Vítimas Feridas";"Pleno dia";"Decrescente";"Céu Claro";"Múltipla";"Reta";"Sim";2;0;1;0;0;1;1;2;-25,399845;-49,215855;"SPRF-PR";"DEL01-PR";"UOP01-DEL01-PR"
452092;2022-05-26;"quinta-feira";"10:40:00";"MG";381;479;"CONTAGEM";"Condutor deixou de manter distância do veículo da frente";"Colisão traseira";"Com Vítimas Feridas";"Pleno dia";"Crescente";"Sol";"Múltipla";"Aclive";"Não";2;0;0;1;1;0;1;2;-19,96229687;-44,04991865;"SPRF-MG";"DEL01-MG";"UOP03-DEL01-MG"
452093;2022-05-26;"quinta-feira";"07:00:00";"PE";101;2,8;"JABOATAO DOS GUARARAPES";"Conversão proibida";"Colisão lateral mesmo sentido";"Com Vítimas Feridas";"Pleno dia";"Crescente";"Chuva";"Simples";"Reta";"Sim";2;0;1;0;0;1;1;2;-8,19887;-34,958688;"SPRF-PE";"DEL01-PE";"UOP02-DEL01-PE"
452094;2022-02-11;"sexta-feira";"21:50:00";"MT";163;774;"SORRISO";"Demais falhas na via";"Tombamento";"Com Vítimas Feridas";"Plena Noite";"Crescente";"Garoa/Chuvisco";"Simples";"Reta";"Não";2;0;1;0;1;0;1;1;-12,381167;-55,612456;"SPRF-MT";"DEL06-MT";"UOP01-DEL06-MT"
452095;2022-05-26;"quinta-feira";"08:10:00";"BA";116;361;"SERRINHA";"Animais na Pista";"Atropelamento de Animal";"Com Vítimas Feridas";"Pleno dia";"Crescente";"Céu Claro";"Simples";"Reta";"Sim";2;0;1;0;1;0;1;2;-11,68178208;-38,99221112;"SPRF-BA";"DEL02-BA";"UOP01-DEL02-BA"
452096;2022-05-26;"quinta-feira";"09:35:00";"PR";116;140;"MANDIRITUBA";"Mal súbito do condutor";"Colisão com objeto";"Com Vítimas Feridas";"Pleno dia";"Decrescente";"Céu Claro";"Dupla";"Reta";"Sim";1;0;1;0;0;0;1;1;-25,728448;-49,3178318;"SPRF-PR";"DEL01-PR";"UOP03-DEL01-PR"
452097;2022-05-26;"quinta-feira";"07:30:00";"MG";50;174,3;"UBERABA";"Reação tardia ou ineficiente do condutor";"Engavetamento";"Com Vítimas Feridas";"Pleno dia";"Crescente";"Céu Claro";"Dupla";"Reta";"Sim";4;0;1;0;3;0;1;3;-19,770817;-47,973434;"SPRF-MG";"DEL13-MG";"UOP01-DEL13-MG"
452099;2022-04-19;"terça-feira";"14:00:00";"SE";235;3;"NOSSA SENHORA DO SOCORRO";"Reação tardia ou ineficiente do condutor";"Engavetamento";"Com Vítimas Feridas";"Pleno dia";"Decrescente";"Céu Claro";"Dupla";"Reta";"Sim";7;0;1;0;6;0;1;5;-10,9059;-37,111;"SPRF-SE";"DEL01-SE";"UOP01-DEL01-SE"
452100;2022-05-26;"quinta-feira";"11:30:00";"CE";222;4;"CAUCAIA";"Retorno proibido";"Colisão traseira";"Com Vítimas Feridas";"Pleno dia";"Decrescente";"Céu Claro";"Múltipla";"Interseção de Vias";"Sim";4;0;2;0;2;0;2;3;-3,74164754;-38,60449792;"SPRF-CE";"DEL01-CE";"UOP01-DEL01-CE"
452101;2022-05-26;"quinta-feira";"11:00:00";"RO";364;228;"CACOAL";"Reação tardia ou ineficiente do condutor";"Queda de ocupante de veículo";"Com Vítimas Feridas";"Pleno dia";"Crescente";"Céu Claro";"Simples";"Reta";"Não";2;0;0;1;0;1;1;2;-11,49012091;-61,38047391;"SPRF-RO";"DEL02-RO";"UOP02-DEL02-RO"
452103;2022-05-26;"quinta-feira";"11:09:00";"RO";319;63;"PORTO VELHO";"Reação tardia ou ineficiente do condutor";"Tombamento";"Com Vítimas Feridas";"Pleno dia";"Crescente";"Céu Claro";"Múltipla";"Reta";"Sim";1;0;1;0;0;0;1;1;-8,766685;-63,884052;"SPRF-RO";"DEL01-RO";"UOP01-DEL01-RO"
452104;2022-05-26;"quinta-feira";"10:50:00";"BA";101;905;"NOVA VICOSA";"Velocidade Incompatível";"Capotamento";"Com Vítimas Feridas";"Pleno dia";"Decrescente";"Céu Claro";"Simples";"Curva";"Não";2;0;1;0;1;0;1;1;-17,95919696;-39,86084979;"SPRF-BA";"DEL09-BA";"UOP02-DEL09-BA"
452106;2022-05-26;"quinta-feira";"11:20:00";"SC";101;427,1;"ARARANGUA";"Avarias e/ou desgaste excessivo no pneu";"Tombamento";"Com Vítimas Feridas";"Pleno dia";"Crescente";"Céu Claro";"Múltipla";"Reta";"Não";1;0;1;0;0;0;1;1;-29,0329064;-49,60623553;"SPRF-SC";"DEL02-SC";"UOP02-DEL02-SC"
452107;2022-05-26;"quinta-feira";"11:16:00";"SC";470;20;"ILHOTA";"Acessar a via sem observar a presença dos outros veículos";"Colisão traseira";"Com Vítimas Feridas";"Pleno dia";"Crescente";"Céu Claro";"Simples";"Reta";"Não";3;0;2;0;1;0;2;2;-26,870115;-48,820484;"SPRF-SC";"DEL04-SC";"UOP04-DEL04-SC"
452110;2022-05-14;"sábado";"16:10:00";"SC";470;167;"TROMBUDO CENTRAL";"Acessar a via sem observar a presença dos outros veículos";"Colisão transversal";"Com Vítimas Feridas";"Pleno dia";"Decrescente";"Nublado";"Simples";"Reta;Aclive";"Não";2;0;0;1;1;0;1;2;-27,269835;-49,863087;"SPRF-SC";"DEL04-SC";"UOP02-DEL04-SC"
452112;2022-05-26;"quinta-feira";"12:30:00";"RJ";101;415;"MANGARATIBA";"Reação tardia ou ineficiente do condutor";"Colisão traseira";"Com Vítimas Feridas";"Pleno dia";"Crescente";"Sol";"Dupla";"Reta";"Sim";2;0;1;0;1;0;1;2;-22,90433243;-43,88181398;"SPRF-RJ";"DEL03-RJ";"UOP01-DEL03-RJ"
452114;2022-04-10;"domingo";"04:30:00";"RN";405;102;"SEVERIANO MELO";"Falta de acostamento";"Atropelamento de Pedestre";"Com Vítimas Fatais";"Plena Noite";"Crescente";"Nevoeiro/Neblina";"Simples";"Reta";"Não";3;1;0;0;1;1;0;2;-5,80390555;-37,93700032;"SPRF-RN";"DEL04-RN";"UOP02-DEL04-RN"
452115;2022-05-06;"sexta-feira";"21:45:00";"SC";116;225;"CORREIA PINTO";"Ausência de reação do condutor";"Colisão com objeto";"Com Vítimas Fatais";"Plena Noite";"Decrescente";"Céu Claro";"Simples";"Rotatória";"Não";8;3;3;1;0;1;4;3;-27,62671828;-50,34175873;"SPRF-SC";"DEL05-SC";"UOP03-DEL05-SC"
452117;2022-05-26;"quinta-feira";"10:00:00";"RJ";101;56,5;"CAMPOS DOS GOYTACAZES";"Acessar a via sem observar a presença dos outros veículos";"Colisão transversal";"Com Vítimas Feridas";"Pleno dia";"Decrescente";"Nublado";"Simples";"Reta";"Sim";2;0;1;1;0;0;2;2;-21,68714199;-41,31063697;"SPRF-RJ";"DEL08-RJ";"UOP01-DEL08-RJ"
452118;2022-05-26;"quinta-feira";"14:10:00";"RJ";101;473;"ANGRA DOS REIS";"Acessar a via sem observar a presença dos outros veículos";"Colisão transversal";"Com Vítimas Feridas";"Pleno dia";"Decrescente";"Céu Claro";"Simples";"Retorno Regulamentado";"Sim";2;0;1;0;1;0;1;2;-22,98960623;-44,24168693;"SPRF-RJ";"DEL03-RJ";"UOP03-DEL03-RJ"
452122;2022-05-15;"domingo";"19:15:00";"BA";407;7,3;"JUAZEIRO";"Transitar na contramão";"Colisão frontal";"Com Vítimas Feridas";"Plena Noite";"Crescente";"Céu Claro";"Simples";"Reta";"Não";2;0;0;1;0;1;1;2;-9,46406081;-40,48272061;"SPRF-PE";"DEL06-PE";"UOP01-DEL06-PE"
452123;2022-05-26;"quinta-feira";"14:00:00";"MG";365;405;"PATOS DE MINAS";"Condutor deixou de manter distância do veículo da frente";"Colisão traseira";"Sem Vítimas";"Pleno dia";"Decrescente";"Céu Claro";"Dupla";"Reta";"Sim";2;0;0;0;2;0;0;2;-18,63548589;-46,48266962;"SPRF-MG";"DEL10-MG";"UOP01-DEL10-MG"
452124;2022-05-26;"quinta-feira";"15:00:00";"PR";369;155;"LONDRINA";"Condutor deixou de manter distância do veículo da frente";"Colisão traseira";"Com Vítimas Feridas";"Pleno dia";"Crescente";"Céu Claro";"Dupla";"Interseção de Vias";"Sim";3;0;2;0;1;0;2;2;-23,29552269;-51,20828927;"SPRF-PR";"DEL07-PR";"UOP01-DEL07-PR"
452126;2022-05-26;"quinta-feira";"15:10:00";"DF";20;20;"BRASILIA";"Manobra de mudança de faixa";"Colisão traseira";"Com Vítimas Feridas";"Pleno dia";"Crescente";"Céu Claro";"Dupla";"Reta";"Sim";2;0;1;0;1;0;1;2;-15,607905;-47,692791;"SPRF-DF";"DEL02-DF";"UOP01-DEL02-DF"
452127;2022-05-26;"quinta-feira";"15:40:00";"MG";116;701,4;"MURIAE";"Desrespeitar a preferência no cruzamento";"Colisão transversal";"Com Vítimas Feridas";"Pleno dia";"Crescente";"Céu Claro";"Simples";"Reta";"Sim";2;0;1;0;1;0;1;2;-21,11084891;-42,3806104;"SPRF-MG";"DEL07-MG";"UOP02-DEL07-MG"
452131;2022-05-26;"quinta-feira";"14:20:00";"SC";101;206;"SAO JOSE";"Condutor deixou de manter distância do veículo da frente";"Colisão traseira";"Com Vítimas Feridas";"Pleno dia";"Crescente";"Céu Claro";"Dupla";"Reta";"Sim";2;0;1;0;1;0;1;2;-27,59193546;-48,61824557;"SPRF-SC";"DEL01-SC";"UOP01-DEL01-SC"
452132;2022-05-26;"quinta-feira";"16:10:00";"MG";381;493,4;"BETIM";"Velocidade Incompatível";"Tombamento";"Com Vítimas Feridas";"Pleno dia";"Decrescente";"Sol";"Múltipla";"Reta";"Sim";1;0;0;1;0;0;1;1;-19,97670801;-44,19962698;"SPRF-MG";"DEL01-MG";"UOP03-DEL01-MG"
452133;2022-02-15;"terça-feira";"07:50:00";"PI";343;338;"TERESINA";"Avarias e/ou desgaste excessivo no pneu";"Tombamento";"Com Vítimas Feridas";"Pleno dia";"Crescente";"Céu Claro";"Dupla";"Reta";"Sim";1;0;1;0;0;0;1;1;-5,063362;-42,722912;"SPRF-PI";"DEL01-PI";"UOP01-DEL01-PI"
452134;2022-05-26;"quinta-feira";"13:50:00";"RJ";116;133;"MAGE";"Curva acentuada";"Tombamento";"Com Vítimas Feridas";"Pleno dia";"Crescente";"Sol";"Dupla";"Viaduto";"Não";1;0;1;0;0;0;1;1;-22,65418284;-43,14382995;"SPRF-RJ";"DEL04-RJ";"UOP02-DEL04-RJ"
452136;2022-05-26;"quinta-feira";"12:30:00";"GO";153;199;"URUACU";"Acessar a via sem observar a presença dos outros veículos";"Colisão transversal";"Com Vítimas Feridas";"Pleno dia";"Crescente";"Céu Claro";"Simples";"Reta";"Sim";4;0;1;0;3;0;1;2;-14,50479;-49,148914;"SPRF-GO";"DEL07-GO";"UOP02-DEL07-GO"
452137;2022-05-26;"quinta-feira";"15:35:00";"MS";163;484,5;"CAMPO GRANDE";"Acessar a via sem observar a presença dos outros veículos";"Colisão transversal";"Com Vítimas Feridas";"Pleno dia";"Decrescente";"Céu Claro";"Simples";"Reta";"Sim";2;0;1;0;1;0;1;2;-20,447223;-54,541092;"SPRF-MS";"DEL01-MS";"UOP02-DEL01-MS"
452138;2022-05-26;"quinta-feira";"16:00:00";"MG";354;753,4;"ITAMONTE";"Ultrapassagem Indevida";"Atropelamento de Pedestre";"Com Vítimas Feridas";"Pleno dia";"Crescente";"Céu Claro";"Simples";"Interseção de Vias;Reta";"Sim";2;0;2;0;0;0;2;2;-22,280736;-44,871716;"SPRF-MG";"DEL17-MG";"UOP01-DEL17-MG"
452139;2022-05-26;"quinta-feira";"16:45:00";"RS";116;268;"CANOAS";"Condutor deixou de manter distância do veículo da frente";"Colisão traseira";"Com Vítimas Feridas";"Anoitecer";"Decrescente";"Céu Claro";"Dupla";"Reta";"Sim";4;0;1;0;3;0;1;3;-29,95042502;-51,17652939;"SPRF-RS";"DEL01-RS";"UOP01-DEL01-RS"
452145;2022-05-26;"quinta-feira";"07:30:00";"MG";356;267,4;"MURIAE";"Desrespeitar a preferência no cruzamento";"Colisão transversal";"Com Vítimas Feridas";"Pleno dia";"Decrescente";"Céu Claro";"Simples";"Interseção de Vias;Reta";"Sim";2;0;1;0;1;0;1;2;-21,12725696;-42,35052695;"SPRF-MG";"DEL07-MG";"UOP02-DEL07-MG"
452147;2022-05-26;"quinta-feira";"17:30:00";"PR";277;727,9;"FOZ DO IGUACU";"Trafegar com motocicleta (ou similar) entre as faixas";"Tombamento";"Com Vítimas Feridas";"Pleno dia";"Crescente";"Nublado";"Dupla";"Reta";"Sim";1;0;1;0;0;0;1;1;-25,51017487;-54,56454899;"SPRF-PR";"DEL05-PR";"UOP03-DEL05-PR"
452149;2022-05-26;"quinta-feira";"17:00:00";"MT";364;269;"JACIARA";"Transitar na contramão";"Colisão transversal";"Com Vítimas Feridas";"Pleno dia";"Crescente";"Sol";"Dupla";"Reta";"Não";4;0;1;0;3;0;1;2;-15,974228;-54,938;"SPRF-MT";"DEL02-MT";"UOP01-DEL02-MT"
452150;2022-05-26;"quinta-feira";"13:15:00";"SC";101;420,6;"ARARANGUA";"Pedestre cruzava a pista fora da faixa";"Atropelamento de Pedestre";"Com Vítimas Feridas";"Pleno dia";"Crescente";"Nublado";"Simples";"Reta";"Sim";3;0;0;1;1;1;1;2;-28,99380392;-49,55081408;"SPRF-SC";"DEL02-SC";"UOP02-DEL02-SC"
452151;2022-05-26;"quinta-feira";"18:00:00";"SC";101;208;"SAO JOSE";"Velocidade Incompatível";"Atropelamento de Pedestre";"Com Vítimas Feridas";"Plena Noite";"Crescente";"Nublado";"Dupla";"Interseção de Vias";"Sim";2;0;2;0;0;0;2;2;-27,60327979;-48,63201818;"SPRF-SC";"DEL01-SC";"UOP01-DEL01-SC"
452154;2022-05-26;"quinta-feira";"18:00:00";"PR";369;153,6;"LONDRINA";"Manobra de mudança de faixa";"Colisão lateral mesmo sentido";"Com Vítimas Feridas";"Anoitecer";"Decrescente";"Céu Claro";"Dupla";"Reta";"Sim";2;0;1;0;1;0;1;2;-23,298142;-51,196207;"SPRF-PR";"DEL07-PR";"UOP01-DEL07-PR"
452155;2022-05-26;"quinta-feira";"12:30:00";"RR";174;383,6;"CARACARAI";"Velocidade Incompatível";"Saída de leito carroçável";"Com Vítimas Fatais";"Pleno dia";"Decrescente";"Nublado";"Simples";"Reta";"Não";1;1;0;0;0;0;0;1;1,949071;-61,071613;"SPRF-RR";"DEL01-RR";"UOP01-DEL01-RR"
452157;2022-05-26;"quinta-feira";"17:20:00";"PA";230;126,4;"MARABA";"Acessar a via sem observar a presença dos outros veículos";"Colisão transversal";"Com Vítimas Feridas";"Anoitecer";"Crescente";"Céu Claro";"Simples";"Reta;Declive";"Não";2;0;0;1;1;0;1;2;-5,37587385;-49,15164398;"SPRF-PA";"DEL03-PA";"UOP01-DEL03-PA"
452159;2022-05-26;"quinta-feira";"19:00:00";"SP";381;33;"ATIBAIA";"Ausência de reação do condutor";"Colisão traseira";"Com Vítimas Feridas";"Pleno dia";"Decrescente";"Céu Claro";"Dupla";"Reta";"Não";3;0;1;0;2;0;1;3;-23,0728028;-46,56673562;"SPRF-SP";"DEL03-SP";"UOP01-DEL03-SP"