"id";"data_inversa";"dia_semana";"horario";"uf";"br";"km";"municipio";"causa_acidente";"tipo_acidente";"classificacao_acidente";"fase_dia";"sentido_via";"condicao_metereologica";"tipo_pista";"tracado_via";"uso_solo";"pessoas";"mortos";"feridos_leves";"feridos_graves";"ilesos";"ignorados";"feridos";"veiculos";"latitude";"longitude";"regional";"delegacia";"uop"
452161;2022-05-26;"quinta-feira";"12:05:00";"SC";163;70,8;"SAO MIGUEL DO OESTE";"Manobra de mudança de faixa";"Colisão lateral mesmo sentido";"Com Vítimas Feridas";"Pleno dia";"Crescente";"Céu Claro";"Dupla";"Reta";"Sim";2;0;1;0;1;0;1;2;-26,73461723;-53,50680015;"SPRF-SC";"DEL07-SC";"UOP03-DEL07-SC"
452162;2022-05-26;"quinta-feira";"18:20:00";"SC";101;419,4;"ARARANGUA";"Manobra de mudança de faixa";"Colisão transversal";"Com Vítimas Feridas";"Plena Noite";"Decrescente";"Céu Claro";"Simples";"Reta";"Sim";3;0;2;1;0;0;3;2;-28,98712406;-49,54395294;"SPRF-SC";"DEL02-SC";"UOP02-DEL02-SC"
452163;2022-05-26;"quinta-feira";"18:10:00";"MG";116;414;"GOVERNADOR VALADARES";"Acessar a via sem observar a presença dos outros veículos";"Colisão transversal";"Com Vítimas Feridas";"Plena Noite";"Crescente";"Céu Claro";"Simples";"Aclive";"Não";3;0;2;0;0;1;2;3;-18,88102703;-41,95910802;"SPRF-MG";"DEL06-MG";"UOP01-DEL06-MG"
452164;2022-05-26;"quinta-feira";"17:30:00";"CE";116;497,8;"BREJO SANTO";"Pista esburacada";"Saída de leito carroçável";"Com Vítimas Feridas";"Anoitecer";"Crescente";"Céu Claro";"Simples";"Reta";"Não";5;0;3;0;2;0;3;1;-7,41851398;-38,9679851;"SPRF-CE";"DEL05-CE";"UOP03-DEL05-CE"
452165;2022-05-26;"quinta-feira";"18:35:00";"DF";40;1,5;"BRASILIA";"Entrada inopinada do pedestre";"Atropelamento de Pedestre";"Com Vítimas Feridas";"Plena Noite";"Decrescente";"Céu Claro";"Dupla";"Reta";"Sim";2;0;0;1;1;0;1;2;-15,985532;-47,987747;"SPRF-DF";"DEL01-DF";"UOP01-DEL01-DF"
452167;2022-05-26;"quinta-feira";"12:05:00";"SC";163;66,8;"SAO MIGUEL DO OESTE";"Condutor deixou de manter distância do veículo da frente";"Colisão traseira";"Sem Vítimas";"Pleno dia";"Decrescente";"Céu Claro";"Dupla";"Rotatória";"Sim";2;0;0;0;2;0;0;2;-26,76829633;-53,50019222;"SPRF-SC";"DEL07-SC";"UOP03-DEL07-SC"
452169;2022-05-26;"quinta-feira";"17:40:00";"MG";116;526,8;"CARATINGA";"Ausência de reação do condutor";"Colisão com objeto";"Com Vítimas Feridas";"Anoitecer";"Crescente";"Céu Claro";"Simples";"Curva";"Não";1;0;1;0;0;0;1;1;-19,77833449;-42,13428497;"SPRF-MG";"DEL06-MG";"UOP02-DEL06-MG"
452170;2022-05-26;"quinta-feira";"19:08:00";"SC";101;197;"SAO JOSE";"Transitar no acostamento";"Colisão traseira";"Com Vítimas Feridas";"Plena Noite";"Decrescente";"Nublado";"Dupla";"Reta";"Não";3;0;0;1;0;2;1;3;-27,51844497;-48,63848496;"SPRF-SC";"DEL01-SC";"UOP01-DEL01-SC"
452172;2022-05-26;"quinta-feira";"19:10:00";"PB";230;21,8;"JOAO PESSOA";"Ingestão de álcool pelo condutor";"Colisão lateral mesmo sentido";"Com Vítimas Feridas";"Plena Noite";"Crescente";"Ignorado";"Dupla";"Reta";"Sim";2;0;1;0;1;0;1;2;-7,15021924;-34,85237595;"SPRF-PB";"DEL01-PB";"UOP01-DEL01-PB"
452173;2022-03-20;"domingo";"06:30:00";"PR";277;124;"CAMPO LARGO";"Ausência de reação do condutor";"Capotamento";"Sem Vítimas";"Amanhecer";"Decrescente";"Nublado";"Dupla";"Reta";"Não";1;0;0;0;0;1;0;1;-25,4472505;-49,47885404;"SPRF-PR";"DEL01-PR";"UOP03-DEL03-PR"
452175;2022-05-26;"quinta-feira";"19:10:00";"PE";232;408,7;"SERRA TALHADA";"Reação tardia ou ineficiente do condutor";"Atropelamento de Pedestre";"Com Vítimas Feridas";"Plena Noite";"Decrescente";"Céu Claro";"Simples";"Reta";"Sim";2;0;2;0;0;0;2;2;-7,98371447;-38,28047709;"SPRF-PE";"DEL04-PE";"UOP01-DEL04-PE"
452176;2022-05-26;"quinta-feira";"17:30:00";"GO";60;387,8;"RIO VERDE";"Manobra de mudança de faixa";"Colisão transversal";"Com Vítimas Feridas";"Pleno dia";"Decrescente";"Sol";"Dupla";"Declive;Retorno Regulamentado;Reta";"Sim";3;0;1;0;1;1;1;3;-17,8151;-50,9343;"SPRF-GO";"DEL04-GO";"UOP01-DEL04-GO"
452179;2022-05-26;"quinta-feira";"18:31:00";"SC";101;202;"SAO JOSE";"Manobra de mudança de faixa";"Colisão lateral mesmo sentido";"Com Vítimas Feridas";"Plena Noite";"Decrescente";"Céu Claro";"Múltipla";"Reta";"Sim";2;0;1;0;1;0;1;2;-27,52766782;-48,72751415;"SPRF-SC";"DEL01-SC";"UOP01-DEL01-SC"
452180;2022-05-26;"quinta-feira";"20:44:00";"SP";153;159,9;"PROMISSAO";"Demais falhas mecânicas ou elétricas";"Queda de ocupante de veículo";"Com Vítimas Feridas";"Plena Noite";"Crescente";"Céu Claro";"Simples";"Reta";"Não";2;0;2;0;0;0;2;1;-21,49830402;-49,78000966;"SPRF-SP";"DEL07-SP";"UOP01-DEL07-SP"
452181;2022-05-26;"quinta-feira";"18:30:00";"AL";423;105;"DELMIRO GOUVEIA";"Velocidade Incompatível";"Colisão traseira";"Com Vítimas Feridas";"Plena Noite";"Crescente";"Chuva";"Simples";"Reta";"Não";3;0;2;0;0;1;2;2;-9,41357611;-38,19565166;"SPRF-BA";"DEL07-BA";"UOP01-DEL07-BA"
452182;2022-05-26;"quinta-feira";"19:35:00";"PB";104;109,3;"LAGOA SECA";"Condutor deixou de manter distância do veículo da frente";"Colisão traseira";"Com Vítimas Feridas";"Plena Noite";"Crescente";"Garoa/Chuvisco";"Simples";"Reta";"Não";3;0;1;1;0;1;2;2;-7,11997886;-35,86414665;"SPRF-PB";"DEL02-PB";"UOP04-DEL02-PB"
452183;2022-05-26;"quinta-feira";"19:46:00";"RS";290;144;"ELDORADO DO SUL";"Ingestão de álcool pelo condutor";"Saída de leito carroçável";"Sem Vítimas";"Plena Noite";"Crescente";"Nublado";"Simples";"Reta";"Não";1;0;0;0;1;0;0;1;-30,096939;-51,647282;"SPRF-RS";"DEL02-RS";"UOP01-DEL02-RS"
452184;2022-05-26;"quinta-feira";"22:05:00";"RS";158;327,4;"SANTA MARIA";"Conversão proibida";"Colisão transversal";"Com Vítimas Feridas";"Plena Noite";"Crescente";"Nublado";"Dupla";"Em Obras;Interseção de Vias";"Sim";2;0;1;0;1;0;1;2;-29,714945;-53,81083;"SPRF-RS";"DEL09-RS";"UOP01-DEL09-RS"
452185;2022-05-26;"quinta-feira";"21:30:00";"PR";277;724,5;"FOZ DO IGUACU";"Manobra de mudança de faixa";"Colisão lateral mesmo sentido";"Com Vítimas Feridas";"Plena Noite";"Decrescente";"Céu Claro";"Dupla";"Reta";"Sim";2;0;2;0;0;0;2;2;-25,50257577;-54,53868311;"SPRF-PR";"DEL05-PR";"UOP03-DEL05-PR"
452187;2022-05-26;"quinta-feira";"21:15:00";"MS";163;620;"SAO GABRIEL DO OESTE";"Entrada inopinada do pedestre";"Atropelamento de Pedestre";"Com Vítimas Feridas";"Plena Noite";"Crescente";"Céu Claro";"Dupla";"Reta";"Não";2;0;0;1;0;1;1;2;-19,35975019;-54,58968631;"SPRF-MS";"DEL06-MS";"UOP02-DEL06-MS"
452188;2022-05-26;"quinta-feira";"19:55:00";"RR";174;427;"MUCAJAI";"Reação tardia ou ineficiente do condutor";"Colisão traseira";"Com Vítimas Feridas";"Plena Noite";"Decrescente";"Garoa/Chuvisco";"Simples";"Reta";"Não";7;0;3;1;3;0;4;2;2,283179;-60,955841;"SPRF-RR";"DEL01-RR";"UOP01-DEL01-RR"
452190;2022-05-26;"quinta-feira";"22:30:00";"PE";232;13;"JABOATAO DOS GUARARAPES";"Pedestre andava na pista";"Atropelamento de Pedestre";"Com Vítimas Feridas";"Plena Noite";"Decrescente";"Chuva";"Dupla";"Aclive";"Não";2;0;0;1;1;0;1;2;-8,08831567;-35,01203806;"SPRF-PE";"DEL01-PE";"UOP01-DEL01-PE"
452191;2022-05-26;"quinta-feira";"21:55:00";"PE";428;190,5;"PETROLINA";"Condutor desrespeitou a iluminação vermelha do semáforo";"Colisão transversal";"Com Vítimas Feridas";"Plena Noite";"Crescente";"Céu Claro";"Dupla";"Retorno Regulamentado";"Sim";2;0;2;0;0;0;2;2;-9,37605965;-40,49382106;"SPRF-PE";"DEL06-PE";"UOP01-DEL06-PE"
452192;2022-05-26;"quinta-feira";"20:00:00";"AL";101;14,8;"NOVO LINO";"Demais falhas mecânicas ou elétricas";"Eventos atípicos";"Com Vítimas Feridas";"Plena Noite";"Decrescente";"Chuva";"Dupla";"Curva";"Não";1;0;1;0;0;0;1;1;-8,98160808;-35,67369277;"SPRF-AL";"DEL01-AL";"UOP02-DEL01-AL"
452193;2022-05-26;"quinta-feira";"22:15:00";"RS";386;446;"CANOAS";"Reação tardia ou ineficiente do condutor";"Colisão com objeto";"Com Vítimas Feridas";"Plena Noite";"Decrescente";"Céu Claro";"Simples";"Reta";"Não";1;0;1;0;0;0;1;1;-29,893251;-51,182266;"SPRF-RS";"DEL01-RS";"UOP01-DEL01-RS"
452194;2022-05-26;"quinta-feira";"22:00:00";"SC";101;162;"TIJUCAS";"Manobra de mudança de faixa";"Colisão transversal";"Com Vítimas Feridas";"Plena Noite";"Crescente";"Céu Claro";"Múltipla";"Reta";"Não";2;0;1;0;1;0;1;2;-27,22554009;-48,6279367;"SPRF-SC";"DEL04-SC";"UOP03-DEL04-SC"
452196;2022-03-15;"terça-feira";"09:35:00";"RJ";101;322;"NITEROI";"Reação tardia ou ineficiente do condutor";"Colisão com objeto";"Com Vítimas Feridas";"Pleno dia";"Decrescente";"Céu Claro";"Dupla";"Curva";"Sim";1;0;1;0;0;0;1;1;-22,87932599;-43,11207086;"SPRF-RJ";"DEL02-RJ";"UOP01-DEL02-RJ"
452197;2022-05-26;"quinta-feira";"23:40:00";"MG";381;494;"BETIM";"Velocidade Incompatível";"Colisão com objeto";"Com Vítimas Feridas";"Plena Noite";"Decrescente";"Céu Claro";"Dupla";"Curva";"Sim";1;0;1;0;0;0;1;1;-19,985563;-44,20318;"SPRF-MG";"DEL01-MG";"UOP03-DEL01-MG"
452198;2022-05-26;"quinta-feira";"23:30:00";"CE";116;309;"JAGUARIBE";"Desrespeitar a preferência no cruzamento";"Colisão frontal";"Com Vítimas Feridas";"Plena Noite";"Crescente";"Nublado";"Simples";"Interseção de Vias";"Sim";2;0;0;2;0;0;2;2;-5,902947;-38,623078;"SPRF-CE";"DEL05-CE";"UOP02-DEL05-CE"
452201;2022-05-26;"quinta-feira";"19:00:00";"PR";153;22,9;"JACAREZINHO";"Ingestão de álcool pelo condutor";"Colisão lateral sentido oposto";"Com Vítimas Feridas";"Plena Noite";"Decrescente";"Céu Claro";"Simples";"Reta";"Não";2;0;1;0;1;0;1;2;-23,17225028;-49,96840286;"SPRF-PR";"DEL07-PR";"UOP04-DEL07-PR"
452204;2022-05-27;"sexta-feira";"01:50:00";"GO";60;136;"GOIANIA";"Reação tardia ou ineficiente do condutor";"Queda de ocupante de veículo";"Com Vítimas Feridas";"Plena Noite";"Decrescente";"Céu Claro";"Dupla";"Curva";"Sim";1;0;1;0;0;0;1;1;-16,5959;-49,1965;"SPRF-GO";"DEL01-GO";"UOP01-DEL01-GO"
452205;2022-05-27;"sexta-feira";"01:50:00";"RS";116;243;"SAO LEOPOLDO";"Ingestão de álcool pelo condutor";"Saída de leito carroçável";"Sem Vítimas";"Plena Noite";"Decrescente";"Nevoeiro/Neblina";"Dupla";"Reta";"Sim";1;0;0;0;1;0;0;1;-29,73196199;-51,14952004;"SPRF-RS";"DEL01-RS";"UOP02-DEL01-RS"
452206;2022-05-27;"sexta-feira";"00:15:00";"MG";262;480;"BOM DESPACHO";"Ingestão de álcool pelo condutor";"Saída de leito carroçável";"Sem Vítimas";"Plena Noite";"Decrescente";"Céu Claro";"Simples";"Aclive";"Não";4;0;0;0;2;2;0;2;-19,78696514;-45,24828201;"SPRF-MG";"DEL08-MG";"UOP03-DEL08-MG"
452207;2022-05-26;"quinta-feira";"23:00:00";"PR";277;601,3;"CASCAVEL";"Ausência de reação do condutor";"Saída de leito carroçável";"Com Vítimas Feridas";"Plena Noite";"Decrescente";"Nublado";"Dupla";"Reta";"Não";1;0;1;0;0;0;1;1;-25,01989542;-53,54500294;"SPRF-PR";"DEL04-PR";"UOP01-DEL04-PR"
452208;2022-05-26;"quinta-feira";"23:20:00";"MG";262;419,8;"IGARATINGA";"Animais na Pista";"Atropelamento de Animal";"Com Vítimas Feridas";"Plena Noite";"Decrescente";"Céu Claro";"Dupla";"Reta";"Não";4;0;1;0;3;0;1;1;-19,89448983;-44,70395989;"SPRF-MG";"DEL08-MG";"UOP03-DEL08-MG"
452210;2022-05-27;"sexta-feira";"03:00:00";"PR";163;138;"CAPITAO LEONIDAS MARQUES";"Ingestão de álcool pelo condutor";"Colisão lateral sentido oposto";"Sem Vítimas";"Plena Noite";"Crescente";"Céu Claro";"Simples";"Reta";"Não";2;0;0;0;2;0;0;2;-25,513192;-53,59102101;"SPRF-PR";"DEL05-PR";"UOP05-DEL05-PR"
452212;2022-05-27;"sexta-feira";"02:45:00";"MG";50;116,3;"UBERABA";"Condutor Dormindo";"Saída de leito carroçável";"Sem Vítimas";"Plena Noite";"Decrescente";"Céu Claro";"Dupla";"Reta;Retorno Regulamentado";"Não";2;0;0;0;2;0;0;1;-19,27451393;-48,12473983;"SPRF-MG";"DEL13-MG";"UOP01-DEL13-MG"
452213;2022-05-27;"sexta-feira";"03:00:00";"SC";101;214,1;"SAO JOSE";"Ingestão de álcool pelo condutor";"Colisão transversal";"Sem Vítimas";"Plena Noite";"Crescente";"Céu Claro";"Dupla";"Interseção de Vias";"Sim";2;0;0;0;2;0;0;2;-27,64443;-48,67057;"SPRF-SC";"DEL01-SC";"UOP02-DEL01-SC"
452214;2022-05-27;"sexta-feira";"04:55:00";"SC";101;114;"ITAJAI";"Ingestão de álcool pelo condutor";"Colisão traseira";"Com Vítimas Feridas";"Plena Noite";"Decrescente";"Garoa/Chuvisco";"Múltipla";"Reta";"Sim";2;0;1;0;1;0;1;2;-26,86192886;-48,7286704;"SPRF-SC";"DEL04-SC";"UOP04-DEL04-SC"
452215;2022-05-27;"sexta-feira";"05:10:00";"AP";210;82;"PORTO GRANDE";"Demais falhas mecânicas ou elétricas";"Saída de leito carroçável";"Com Vítimas Feridas";"Amanhecer";"Decrescente";"Céu Claro";"Simples";"Reta";"Não";1;0;1;0;0;0;1;1;0,60758354;-51,23582317;"SPRF-AP";"DEL01-AP";"UOP01-DEL01-AP"
452216;2022-05-27;"sexta-feira";"05:20:00";"PE";101;22,8;"GOIANA";"Pista Escorregadia";"Capotamento";"Com Vítimas Feridas";"Amanhecer";"Crescente";"Chuva";"Dupla";"Curva";"Não";3;0;1;1;1;0;2;1;-7,67583307;-34,92870811;"SPRF-PE";"DEL01-PE";"UOP02-DEL01-PE"
452218;2022-05-27;"sexta-feira";"04:30:00";"SC";101;136;"BALNEARIO CAMBORIU";"Ausência de reação do condutor";"Tombamento";"Com Vítimas Feridas";"Plena Noite";"Crescente";"Céu Claro";"Dupla";"Reta";"Não";1;0;1;0;0;0;1;1;-27,008113;-48,617245;"SPRF-SC";"DEL04-SC";"UOP03-DEL04-SC"
452223;2022-05-27;"sexta-feira";"04:00:00";"SC";101;151;"ITAPEMA";"Ingestão de álcool pelo condutor";"Colisão com objeto";"Com Vítimas Feridas";"Plena Noite";"Crescente";"Céu Claro";"Múltipla";"Reta";"Não";4;0;3;0;1;0;3;1;-27,126536;-48,609642;"SPRF-SC";"DEL04-SC";"UOP03-DEL04-SC"
452226;2022-05-27;"sexta-feira";"05:48:00";"GO";40;0,2;"VALPARAISO DE GOIAS";"Ausência de reação do condutor";"Colisão traseira";"Com Vítimas Feridas";"Pleno dia";"Crescente";"Céu Claro";"Dupla";"Reta";"Não";4;0;2;0;2;0;2;2;-16,058273;-47,982655;"SPRF-DF";"DEL01-DF";"UOP01-DEL01-DF"
452227;2022-05-27;"sexta-feira";"05:00:00";"PR";277;632,9;"CEU AZUL";"Velocidade Incompatível";"Saída de leito carroçável";"Sem Vítimas";"Plena Noite";"Decrescente";"Céu Claro";"Dupla";"Interseção de Vias";"Sim";1;0;0;0;0;1;0;1;-25,12256565;-53,80997113;"SPRF-PR";"DEL05-PR";"UOP02-DEL05-PR"
452230;2022-05-27;"sexta-feira";"07:15:00";"RN";110;49,2;"MOSSORO";"Condutor deixou de manter distância do veículo da frente";"Colisão traseira";"Com Vítimas Feridas";"Pleno dia";"Decrescente";"Céu Claro";"Dupla";"Reta";"Sim";3;0;0;2;1;0;2;2;-5,21645975;-37,32927128;"SPRF-RN";"DEL04-RN";"UOP01-DEL04-RN"
452231;2022-05-27;"sexta-feira";"01:00:00";"RJ";0;0;"RIO DE JANEIRO";"Frear bruscamente";"Colisão traseira";"Com Vítimas Feridas";"Plena Noite";"Não Informado";"Céu Claro";"Múltipla";"Reta";"Sim";3;0;2;0;1;0;2;2;-22,85894458;-43,24789524;"SPRF-RJ";"DEL01-RJ";"UOP01-DEL01-RJ"
452232;2022-05-27;"sexta-feira";"04:30:00";"MG";381;387;"SAO GONCALO DO RIO ABAIXO";"Ausência de reação do condutor";"Capotamento";"Com Vítimas Feridas";"Plena Noite";"Crescente";"Céu Claro";"Simples";"Reta";"Não";1;0;1;0;0;0;1;1;-19,79575004;-43,42574708;"SPRF-MG";"DEL01-MG";"UOP01-DEL01-MG"
452234;2022-05-27;"sexta-feira";"07:15:00";"MG";262;811,5;"UBERABA";"Condutor deixou de manter distância do veículo da frente";"Queda de ocupante de veículo";"Com Vítimas Feridas";"Pleno dia";"Decrescente";"Céu Claro";"Dupla";"Reta";"Sim";2;0;1;0;1;0;1;1;-19,76527861;-48,11638905;"SPRF-MG";"DEL13-MG";"UOP01-DEL13-MG"
452235;2022-05-27;"sexta-feira";"07:30:00";"SP";116;221;"GUARULHOS";"Reação tardia ou ineficiente do condutor";"Colisão traseira";"Com Vítimas Feridas";"Pleno dia";"Decrescente";"Céu Claro";"Múltipla";"Reta";"Sim";3;0;1;0;2;0;1;2;-23,46802395;-46,50704901;"SPRF-SP";"DEL01-SP";"UOP01-DEL01-SP"
452238;2022-05-27;"sexta-feira";"06:45:00";"MG";267;121,5;"JUIZ DE FORA";"Avarias e/ou desgaste excessivo no pneu";"Colisão com objeto";"Com Vítimas Feridas";"Amanhecer";"Decrescente";"Nublado";"Simples";"Reta";"Não";2;0;1;0;1;0;1;1;-21,70761187;-43,48019205;"SPRF-MG";"DEL05-MG";"UOP01-DEL05-MG"
452240;2022-05-27;"sexta-feira";"07:55:00";"GO";40;8,7;"LUZIANIA";"Acesso irregular";"Colisão transversal";"Com Vítimas Feridas";"Pleno dia";"Crescente";"Céu Claro";"Dupla";"Reta";"Sim";5;0;3;0;2;0;3;2;-16,12129212;-47,96422904;"SPRF-DF";"DEL01-DF";"UOP01-DEL01-DF"
452242;2022-05-27;"sexta-feira";"07:20:00";"SP";116;217;"GUARULHOS";"Trafegar com motocicleta (ou similar) entre as faixas";"Colisão lateral mesmo sentido";"Com Vítimas Feridas";"Pleno dia";"Crescente";"Céu Claro";"Múltipla";"Reta";"Sim";2;0;1;0;1;0;1;2;-23,45423824;-46,47119028;"SPRF-SP";"DEL01-SP";"UOP01-DEL01-SP"
452243;2022-05-27;"sexta-feira";"08:05:00";"RN";101;100;"PARNAMIRIM";"Condutor deixou de manter distância do veículo da frente";"Colisão traseira";"Com Vítimas Feridas";"Pleno dia";"Crescente";"Nublado";"Dupla";"Reta";"Não";2;0;1;0;1;0;1;2;-5,88106901;-35,22542396;"SPRF-RN";"DEL01-RN";"UOP01-DEL01-RN"
452244;2022-05-27;"sexta-feira";"07:40:00";"ES";101;268;"SERRA";"Manobra de mudança de faixa";"Colisão lateral mesmo sentido";"Com Vítimas Feridas";"Pleno dia";"Crescente";"Nublado";"Dupla";"Reta";"Sim";3;0;2;0;1;0;2;2;-20,20842;-40,269405;"SPRF-ES";"DEL02-ES";"UOP01-DEL02-ES"
452245;2022-05-27;"sexta-feira";"07:50:00";"PE";101;51;"ABREU E LIMA";"Sinalização mal posicionada";"Colisão traseira";"Com Vítimas Feridas";"Pleno dia";"Decrescente";"Chuva";"Múltipla";"Reta";"Sim";2;0;1;0;1;0;1;2;-7,9169968;-34,89689272;"SPRF-PE";"DEL01-PE";"UOP02-DEL01-PE"
452246;2022-05-27;"sexta-feira";"06:50:00";"RS";116;257;"ESTEIO";"Reação tardia ou ineficiente do condutor";"Colisão transversal";"Com Vítimas Feridas";"Pleno dia";"Crescente";"Chuva";"Simples";"Interseção de Vias";"Sim";2;0;1;0;1;0;1;2;-29,85262195;-51,17968329;"SPRF-RS";"DEL01-RS";"UOP02-DEL01-RS"
452247;2022-05-27;"sexta-feira";"07:30:00";"SP";381;88;"GUARULHOS";"Pista Escorregadia";"Queda de ocupante de veículo";"Com Vítimas Feridas";"Pleno dia";"Crescente";"Céu Claro";"Dupla";"Reta";"Sim";2;0;2;0;0;0;2;1;-23,47469314;-46,56112919;"SPRF-SP";"DEL03-SP";"UOP01-DEL03-SP"
452248;2022-05-27;"sexta-feira";"08:00:00";"SC";116;233;"CORREIA PINTO";"Problema com o freio";"Colisão traseira";"Sem Vítimas";"Pleno dia";"Decrescente";"Nublado";"Simples";"Reta";"Não";2;0;0;0;2;0;0;2;-27,69306795;-50,33623941;"SPRF-SC";"DEL05-SC";"UOP01-DEL05-SC"
452249;2022-05-27;"sexta-feira";"08:00:00";"SP";116;227;"SAO PAULO";"Reação tardia ou ineficiente do condutor";"Colisão traseira";"Com Vítimas Feridas";"Pleno dia";"Decrescente";"Céu Claro";"Múltipla";"Aclive";"Sim";2;0;1;0;1;0;1;2;-23,50008862;-46,56108856;"SPRF-SP";"DEL01-SP";"UOP01-DEL01-SP"
452250;2022-05-27;"sexta-feira";"08:15:00";"PR";116;115,9;"CURITIBA";"Manobra de mudança de faixa";"Colisão lateral mesmo sentido";"Com Vítimas Feridas";"Pleno dia";"Decrescente";"Céu Claro";"Dupla";"Reta";"Não";3;0;1;0;1;1;1;2;-25,550972;-49,304733;"SPRF-PR";"DEL01-PR";"UOP06-DEL01-PR"
452251;2022-05-27;"sexta-feira";"06:50:00";"SE";235;30;"AREIA BRANCA";"Objeto estático sobre o leito carroçável";"Saída de leito carroçável";"Com Vítimas Feridas";"Pleno dia";"Decrescente";"Chuva";"Simples";"Curva";"Não";1;0;1;0;0;0;1;1;-10,785139;-37,291378;"SPRF-SE";"DEL01-SE";"UOP02-DEL01-SE"
452252;2022-05-27;"sexta-feira";"08:20:00";"BA";324;624;"SALVADOR";"Manobra de mudança de faixa";"Colisão lateral mesmo sentido";"Com Vítimas Feridas";"Pleno dia";"Decrescente";"Céu Claro";"Simples";"Reta";"Não";3;0;1;0;2;0;1;2;-12,933839;-38,47190701;"SPRF-BA";"DEL01-BA";"UOP01-DEL01-BA"
452253;2022-05-27;"sexta-feira";"08:00:00";"PR";476;130;"CURITIBA";"Pedestre cruzava a pista fora da faixa";"Atropelamento de Pedestre";"Com Vítimas Feridas";"Pleno dia";"Crescente";"Céu Claro";"Dupla";"Reta";"Sim";3;0;1;0;2;0;1;2;-25,449564;-49,236427;"SPRF-PR";"DEL01-PR";"UOP01-DEL01-PR"
452254;2022-05-27;"sexta-feira";"07:00:00";"RJ";40;115;"DUQUE DE CAXIAS";"Condutor deixou de manter distância do veículo da frente";"Colisão traseira";"Com Vítimas Feridas";"Pleno dia";"Crescente";"Céu Claro";"Simples";"Reta";"Sim";2;0;1;0;1;0;1;2;-22,72756999;-43,2891609;"SPRF-RJ";"DEL01-RJ";"UOP01-DEL01-RJ"
452255;2022-05-27;"sexta-feira";"08:20:00";"MT";163;826;"SINOP";"Reação tardia ou ineficiente do condutor";"Queda de ocupante de veículo";"Com Vítimas Feridas";"Pleno dia";"Crescente";"Sol";"Simples";"Retorno Regulamentado";"Sim";1;0;1;0;0;0;1;1;-12,067608;-55,51749791;"SPRF-MT";"DEL06-MT";"UOP01-DEL06-MT"
452256;2022-05-27;"sexta-feira";"06:45:00";"PR";467;93,8;"CASCAVEL";"Demais falhas mecânicas ou elétricas";"Saída de leito carroçável";"Com Vítimas Feridas";"Amanhecer";"Decrescente";"Céu Claro";"Dupla";"Curva";"Não";1;0;1;0;0;0;1;1;-24,86016542;-53,58633393;"SPRF-PR";"DEL04-PR";"UOP01-DEL04-PR"
452257;2022-05-27;"sexta-feira";"09:18:00";"RN";101;78,7;"NATAL";"Desrespeitar a preferência no cruzamento";"Colisão transversal";"Com Vítimas Feridas";"Pleno dia";"Decrescente";"Nublado";"Dupla";"Retorno Regulamentado";"Sim";2;0;1;0;1;0;1;2;-5,74071896;-35,29021064;"SPRF-RN";"DEL02-RN";"UOP01-DEL02-RN"
452258;2022-05-27;"sexta-feira";"08:20:00";"RJ";40;109;"DUQUE DE CAXIAS";"Curva acentuada";"Tombamento";"Com Vítimas Feridas";"Pleno dia";"Decrescente";"Céu Claro";"Dupla";"Curva";"Não";1;0;1;0;0;0;1;1;-22,67374628;-43,28638368;"SPRF-RJ";"DEL01-RJ";"UOP01-DEL01-RJ"
452259;2022-05-27;"sexta-feira";"06:10:00";"RS";470;166;"VILA FLORES";"Ausência de reação do condutor";"Saída de leito carroçável";"Sem Vítimas";"Amanhecer";"Decrescente";"Garoa/Chuvisco";"Simples";"Reta";"Sim";1;0;0;0;0;1;0;1;-28,84766792;-51,57122398;"SPRF-RS";"DEL06-RS";"UOP02-DEL06-RS"
452260;2022-04-29;"sexta-feira";"18:00:00";"RS";290;88;"PORTO ALEGRE";"Manobra de mudança de faixa";"Colisão com objeto";"Com Vítimas Feridas";"Anoitecer";"Decrescente";"Céu Claro";"Dupla";"Reta";"Sim";1;0;1;0;0;0;1;1;-29,95613988;-51,07945561;"SPRF-RS";"DEL01-RS";"UOP01-DEL01-RS"
452261;2022-05-27;"sexta-feira";"10:00:00";"SC";101;205;"SAO JOSE";"Manobra de mudança de faixa";"Colisão traseira";"Com Vítimas Feridas";"Pleno dia";"Crescente";"Céu Claro";"Múltipla";"Interseção de Vias";"Sim";2;0;1;0;1;0;1;2;-27,58313237;-48,61532885;"SPRF-SC";"DEL01-SC";"UOP01-DEL01-SC"
452262;2022-05-19;"quinta-feira";"16:20:00";"MS";163;257,5;"DOURADOS";"Condutor deixou de manter distância do veículo da frente";"Eventos atípicos";"Com Vítimas Feridas";"Pleno dia";"Crescente";"Céu Claro";"Dupla";"Reta";"Sim";2;0;1;0;1;0;1;2;-22,25851731;-54,79431152;"SPRF-MS";"DEL04-MS";"UOP01-DEL04-MS"
452263;2022-05-27;"sexta-feira";"08:30:00";"SC";101;118;"ITAJAI";"Trafegar com motocicleta (ou similar) entre as faixas";"Colisão lateral mesmo sentido";"Com Vítimas Feridas";"Pleno dia";"Crescente";"Céu Claro";"Dupla";"Reta";"Sim";2;0;1;0;1;0;1;2;-26,895859;-48,71903;"SPRF-SC";"DEL04-SC";"UOP04-DEL04-SC"