"id";"data_inversa";"dia_semana";"horario";"uf";"br";"km";"municipio";"causa_acidente";"tipo_acidente";"classificacao_acidente";"fase_dia";"sentido_via";"condicao_metereologica";"tipo_pista";"tracado_via";"uso_solo";"pessoas";"mortos";"feridos_leves";"feridos_graves";"ilesos";"ignorados";"feridos";"veiculos";"latitude";"longitude";"regional";"delegacia";"uop"
452264;2022-05-27;"sexta-feira";"09:30:00";"GO";60;163;"GOIANIA";"Desrespeitar a preferência no cruzamento";"Colisão transversal";"Com Vítimas Feridas";"Pleno dia";"Crescente";"Céu Claro";"Simples";"Interseção de Vias";"Sim";2;0;0;1;1;0;1;2;-16,7002;-49,3335;"SPRF-GO";"DEL01-GO";"UOP02-DEL01-GO"
452265;2022-05-27;"sexta-feira";"09:40:00";"SC";101;132,9;"BALNEARIO CAMBORIU";"Acessar a via sem observar a presença dos outros veículos";"Colisão lateral mesmo sentido";"Com Vítimas Feridas";"Pleno dia";"Decrescente";"Céu Claro";"Dupla";"Interseção de Vias";"Sim";3;0;2;0;1;0;2;2;-26,99654133;-48,65564711;"SPRF-SC";"DEL04-SC";"UOP03-DEL04-SC"
452266;2022-05-23;"segunda-feira";"07:50:00";"SE";101;67,3;"MARUIM";"Condutor deixou de manter distância do veículo da frente";"Colisão traseira";"Sem Vítimas";"Pleno dia";"Crescente";"Nublado";"Simples";"Aclive";"Não";4;0;0;0;4;0;0;2;-10,71880732;-37,0657947;"SPRF-SE";"DEL01-SE";"UOP01-DEL01-SE"
452267;2022-05-27;"sexta-feira";"10:15:00";"ES";101;231;"FUNDAO";"Condutor deixou de manter distância do veículo da frente";"Colisão traseira";"Com Vítimas Feridas";"Pleno dia";"Decrescente";"Nublado";"Simples";"Reta";"Não";2;0;1;0;1;0;1;2;-19,94425773;-40,40662323;"SPRF-ES";"DEL02-ES";"UOP01-DEL02-ES"
452268;2022-05-27;"sexta-feira";"10:00:00";"SP";381;70;"MAIRIPORA";"Ausência de reação do condutor";"Capotamento";"Sem Vítimas";"Pleno dia";"Decrescente";"Céu Claro";"Múltipla";"Declive";"Não";1;0;0;0;1;0;0;1;-23,34972978;-46,56070474;"SPRF-SP";"DEL03-SP";"UOP01-DEL03-SP"
452269;2022-05-27;"sexta-feira";"10:20:00";"MG";381;828,2;"SAO SEBASTIAO DA BELA VISTA";"Reação tardia ou ineficiente do condutor";"Colisão traseira";"Com Vítimas Feridas";"Pleno dia";"Crescente";"Céu Claro";"Dupla";"Reta";"Não";3;0;1;0;2;0;1;2;-22,11438804;-45,74998856;"SPRF-MG";"DEL16-MG";"UOP01-DEL16-MG"
452271;2022-05-27;"sexta-feira";"10:50:00";"ES";101;376,4;"ICONHA";"Ausência de reação do condutor";"Colisão transversal";"Sem Vítimas";"Pleno dia";"Decrescente";"Nublado";"Simples";"Reta";"Sim";2;0;0;0;2;0;0;2;-20,79013351;-40,80343867;"SPRF-ES";"DEL03-ES";"UOP01-DEL03-ES"
452272;2022-05-27;"sexta-feira";"10:20:00";"PE";408;84,7;"PAUDALHO";"Chuva";"Saída de leito carroçável";"Sem Vítimas";"Pleno dia";"Decrescente";"Garoa/Chuvisco";"Dupla";"Curva;Aclive";"Não";1;0;0;0;1;0;0;1;-7,953301;-35,104863;"SPRF-PE";"DEL01-PE";"UOP01-DEL01-PE"
452273;2022-05-27;"sexta-feira";"07:57:00";"SP";116;224;"GUARULHOS";"Acessar a via sem observar a presença dos outros veículos";"Colisão lateral mesmo sentido";"Com Vítimas Feridas";"Pleno dia";"Decrescente";"Céu Claro";"Múltipla";"Reta";"Sim";2;0;1;0;1;0;1;2;-23,48071896;-46,53271603;"SPRF-SP";"DEL01-SP";"UOP01-DEL01-SP"
452278;2022-05-27;"sexta-feira";"12:30:00";"PE";428;185;"PETROLINA";"Ausência de sinalização";"Colisão transversal";"Com Vítimas Feridas";"Pleno dia";"Crescente";"Céu Claro";"Simples";"Reta";"Sim";3;0;2;1;0;0;3;2;-9,36025581;-40,48074419;"SPRF-PE";"DEL06-PE";"UOP01-DEL06-PE"
452279;2022-05-27;"sexta-feira";"12:00:00";"CE";116;6;"FORTALEZA";"Demais falhas mecânicas ou elétricas";"Queda de ocupante de veículo";"Com Vítimas Feridas";"Pleno dia";"Decrescente";"Nublado";"Múltipla";"Reta";"Sim";2;0;2;0;0;0;2;1;-3,802624;-38,50400499;"SPRF-CE";"DEL01-CE";"UOP02-DEL01-CE"
452281;2022-05-27;"sexta-feira";"12:20:00";"BA";116;11,9;"VITORIA DA CONQUISTA";"Retorno proibido";"Colisão transversal";"Com Vítimas Feridas";"Pleno dia";"Crescente";"Céu Claro";"Simples";"Reta";"Sim";2;0;0;1;1;0;1;2;-14,87551559;-40,87123479;"SPRF-BA";"DEL08-BA";"UOP01-DEL08-BA"
452282;2022-05-27;"sexta-feira";"12:10:00";"SE";235;1,5;"ARACAJU";"Condutor deixou de manter distância do veículo da frente";"Colisão traseira";"Com Vítimas Feridas";"Pleno dia";"Decrescente";"Sol";"Dupla";"Interseção de Vias";"Sim";2;0;1;0;1;0;1;2;-10,9073;-37,0947;"SPRF-SE";"DEL01-SE";"UOP01-DEL01-SE"
452283;2022-05-27;"sexta-feira";"12:15:00";"RN";101;85,9;"NATAL";"Ingestão de álcool pelo condutor";"Colisão com objeto";"Sem Vítimas";"Pleno dia";"Decrescente";"Chuva";"Dupla";"Ponte";"Sim";1;0;0;0;1;0;0;1;-5,78054286;-35,24802446;"SPRF-RN";"DEL02-RN";"UOP01-DEL02-RN"
452285;2022-05-27;"sexta-feira";"12:25:00";"SC";101;121;"ITAJAI";"Acesso irregular";"Colisão traseira";"Com Vítimas Feridas";"Pleno dia";"Decrescente";"Céu Claro";"Dupla";"Reta";"Sim";2;0;0;1;1;0;1;2;-26,92103178;-48,70856446;"SPRF-SC";"DEL04-SC";"UOP04-DEL04-SC"
452287;2022-05-27;"sexta-feira";"12:50:00";"RS";285;436;"BOZANO";"Acumulo de água sobre o pavimento";"Saída de leito carroçável";"Com Vítimas Feridas";"Pleno dia";"Crescente";"Chuva";"Simples";"Curva";"Não";1;0;1;0;0;0;1;1;-28,344213;-53,701355;"SPRF-RS";"DEL10-RS";"UOP01-DEL10-RS"
452288;2022-05-27;"sexta-feira";"10:50:00";"SC";101;89;"BARRA VELHA";"Condutor deixou de manter distância do veículo da frente";"Colisão traseira";"Sem Vítimas";"Pleno dia";"Decrescente";"Céu Claro";"Dupla";"Reta";"Sim";2;0;0;0;2;0;0;2;-26,65175997;-48,68721921;"SPRF-SC";"DEL03-SC";"UOP02-DEL03-SC"
452289;2022-05-27;"sexta-feira";"08:40:00";"PB";104;106,5;"SAO SEBASTIAO DE LAGOA DE  ROCA";"Entrada inopinada do pedestre";"Atropelamento de Pedestre";"Com Vítimas Fatais";"Pleno dia";"Decrescente";"Nublado";"Simples";"Declive;Reta";"Sim";2;1;0;0;1;0;0;2;-7,09569811;-35,86106094;"SPRF-PB";"DEL02-PB";"UOP04-DEL02-PB"
452292;2022-05-27;"sexta-feira";"13:39:00";"TO";153;334,5;"GUARAI";"Reação tardia ou ineficiente do condutor";"Colisão lateral mesmo sentido";"Com Vítimas Feridas";"Pleno dia";"Decrescente";"Céu Claro";"Dupla";"Reta";"Sim";2;0;1;0;1;0;1;2;-8,835718;-48,512123;"SPRF-TO";"DEL02-TO";"UOP02-DEL02-TO"
452293;2022-05-26;"quinta-feira";"07:20:00";"PR";376;174;"MARINGA";"Manobra de mudança de faixa";"Colisão lateral mesmo sentido";"Com Vítimas Feridas";"Pleno dia";"Decrescente";"Céu Claro";"Dupla";"Reta";"Não";2;0;1;0;1;0;1;2;-23,41430102;-51,94984299;"SPRF-PR";"DEL09-PR";"UOP01-DEL09-PR"
452297;2022-05-27;"sexta-feira";"12:00:00";"RJ";101;319;"SAO GONCALO";"Demais falhas mecânicas ou elétricas";"Incêndio";"Sem Vítimas";"Pleno dia";"Crescente";"Céu Claro";"Simples";"Curva";"Sim";1;0;0;0;1;0;0;1;-22,85411774;-43,1018014;"SPRF-RJ";"DEL02-RJ";"UOP02-DEL02-RJ"
452298;2022-05-27;"sexta-feira";"14:10:00";"SP";381;87;"SAO PAULO";"Ultrapassagem Indevida";"Colisão lateral mesmo sentido";"Com Vítimas Fatais";"Pleno dia";"Decrescente";"Céu Claro";"Dupla";"Reta";"Sim";3;1;1;0;1;0;1;2;-23,46885001;-46,56996601;"SPRF-SP";"DEL03-SP";"UOP01-DEL03-SP"
452299;2022-05-27;"sexta-feira";"14:00:00";"DF";40;2,1;"BRASILIA";"Ausência de reação do condutor";"Tombamento";"Com Vítimas Feridas";"Pleno dia";"Crescente";"Céu Claro";"Dupla";"Reta";"Sim";1;0;0;1;0;0;1;1;-15,99435;-47,985947;"SPRF-DF";"DEL01-DF";"UOP01-DEL01-DF"
452301;2022-05-27;"sexta-feira";"14:30:00";"PR";376;3;"APUCARANA";"Manobra de mudança de faixa";"Colisão lateral mesmo sentido";"Com Vítimas Feridas";"Pleno dia";"Crescente";"Sol";"Simples";"Reta";"Sim";2;0;1;0;0;1;1;2;-23,56191824;-51,43442631;"SPRF-PR";"DEL07-PR";"UOP03-DEL07-PR"
452302;2022-05-27;"sexta-feira";"06:31:00";"PE";232;413,7;"SERRA TALHADA";"Acessar a via sem observar a presença dos outros veículos";"Colisão transversal";"Com Vítimas Feridas";"Pleno dia";"Decrescente";"Nublado";"Simples";"Interseção de Vias";"Sim";3;0;1;0;2;0;1;2;-7,98857087;-38,32972307;"SPRF-PE";"DEL04-PE";"UOP01-DEL04-PE"
452304;2022-05-27;"sexta-feira";"12:35:00";"RJ";465;13;"SEROPEDICA";"Ausência de reação do condutor";"Colisão transversal";"Sem Vítimas";"Pleno dia";"Decrescente";"Céu Claro";"Simples";"Reta";"Não";3;0;0;0;2;1;0;2;-22,798468;-43,645508;"SPRF-RJ";"DEL01-RJ";"UOP03-DEL01-RJ"
452305;2022-05-27;"sexta-feira";"14:45:00";"ES";101;262;"SERRA";"Condutor deixou de manter distância do veículo da frente";"Colisão traseira";"Com Vítimas Feridas";"Pleno dia";"Crescente";"Chuva";"Dupla";"Declive";"Sim";3;0;1;0;2;0;1;3;-20,1572331;-40,27678329;"SPRF-ES";"DEL02-ES";"UOP01-DEL02-ES"
452306;2022-05-27;"sexta-feira";"14:50:00";"RS";158;326;"SANTA MARIA";"Condutor usando celular";"Colisão traseira";"Sem Vítimas";"Pleno dia";"Decrescente";"Céu Claro";"Simples";"Desvio Temporário";"Sim";2;0;0;0;2;0;0;2;-29,71352904;-53,8157255;"SPRF-RS";"DEL09-RS";"UOP01-DEL09-RS"
452308;2022-05-27;"sexta-feira";"14:40:00";"PE";101;94,8;"CABO DE SANTO AGOSTINHO";"Velocidade Incompatível";"Saída de leito carroçável";"Com Vítimas Feridas";"Pleno dia";"Crescente";"Chuva";"Dupla";"Reta";"Não";2;0;1;0;1;0;1;1;-8,24829064;-35,00697936;"SPRF-PE";"DEL01-PE";"UOP03-DEL01-PE"
452309;2022-05-27;"sexta-feira";"14:40:00";"RJ";40;109;"DUQUE DE CAXIAS";"Demais falhas mecânicas ou elétricas";"Incêndio";"Sem Vítimas";"Pleno dia";"Decrescente";"Céu Claro";"Múltipla";"Reta";"Sim";1;0;0;0;1;0;0;1;-22,68000823;-43,28613281;"SPRF-RJ";"DEL01-RJ";"UOP01-DEL01-RJ"
452310;2022-05-01;"domingo";"14:20:00";"PE";232;73;"GRAVATA";"Condutor deixou de manter distância do veículo da frente";"Colisão lateral mesmo sentido";"Com Vítimas Feridas";"Pleno dia";"Crescente";"Céu Claro";"Dupla";"Reta";"Não";2;0;0;1;1;0;1;2;-8,19060018;-35,50931093;"SPRF-PE";"DEL02-PE";"UOP02-DEL02PE"
452311;2022-05-27;"sexta-feira";"13:30:00";"MG";356;267,5;"MURIAE";"Acessar a via sem observar a presença dos outros veículos";"Colisão transversal";"Com Vítimas Feridas";"Pleno dia";"Decrescente";"Sol";"Simples";"Interseção de Vias;Reta";"Sim";2;0;1;0;1;0;1;2;-21,12553767;-42,35308886;"SPRF-MG";"DEL07-MG";"UOP02-DEL07-MG"
452313;2022-05-27;"sexta-feira";"15:00:00";"SC";101;214,5;"PALHOCA";"Manobra de mudança de faixa";"Colisão lateral mesmo sentido";"Com Vítimas Feridas";"Pleno dia";"Crescente";"Nublado";"Múltipla";"Reta";"Sim";2;0;1;0;1;0;1;1;-27,64443;-48,67057;"SPRF-SC";"DEL01-SC";"UOP02-DEL01-SC"
452316;2022-05-27;"sexta-feira";"14:40:00";"SC";116;6,4;"MAFRA";"Ausência de reação do condutor";"Colisão traseira";"Com Vítimas Feridas";"Pleno dia";"Crescente";"Céu Claro";"Dupla";"Reta";"Sim";2;0;1;0;1;0;1;2;-26,14644691;-49,82305806;"SPRF-SC";"DEL06-SC";"UOP01-DEL06-SC"
452317;2022-05-27;"sexta-feira";"16:00:00";"MG";381;671;"PERDOES";"Velocidade Incompatível";"Capotamento";"Com Vítimas Feridas";"Pleno dia";"Crescente";"Céu Claro";"Dupla";"Reta;Declive";"Não";2;0;1;0;1;0;1;1;-21,08945416;-45,06864195;"SPRF-MG";"DEL04-MG";"UOP02-DEL04-MG"
452319;2022-05-27;"sexta-feira";"16:00:00";"SC";280;52,7;"GUARAMIRIM";"Ausência de reação do condutor";"Colisão traseira";"Sem Vítimas";"Pleno dia";"Decrescente";"Céu Claro";"Simples";"Interseção de Vias";"Sim";2;0;0;0;2;0;0;2;-26,47236756;-48,97426617;"SPRF-SC";"DEL03-SC";"UOP03-DEL03-SC"
452320;2022-05-27;"sexta-feira";"16:20:00";"ES";101;206,8;"JOAO NEIVA";"Pista Escorregadia";"Queda de ocupante de veículo";"Com Vítimas Feridas";"Pleno dia";"Decrescente";"Chuva";"Simples";"Reta";"Não";1;0;0;1;0;0;1;1;-19,76435421;-40,37263919;"SPRF-ES";"DEL02-ES";"UOP01-DEL02-ES"
452321;2022-05-14;"sábado";"11:00:00";"GO";50;267;"CATALAO";"Demais falhas mecânicas ou elétricas";"Saída de leito carroçável";"Com Vítimas Feridas";"Pleno dia";"Crescente";"Céu Claro";"Dupla";"Reta";"Não";2;0;1;1;0;0;2;1;-18,087;-47,871;"SPRF-GO";"DEL06-GO";"UOP01-DEL06-GO"
452323;2022-05-27;"sexta-feira";"15:00:00";"PA";316;55,7;"CASTANHAL";"Acumulo de água sobre o pavimento";"Saída de leito carroçável";"Com Vítimas Feridas";"Pleno dia";"Decrescente";"Chuva";"Dupla";"Declive";"Sim";1;0;1;0;0;0;1;1;-1,30561339;-47,99919919;"SPRF-PA";"DEL01-PA";"UOP01-DEL01-PA"
452324;2022-05-27;"sexta-feira";"14:10:00";"RS";293;374,7;"SANTANA DO LIVRAMENTO";"Ausência de reação do condutor";"Capotamento";"Com Vítimas Feridas";"Pleno dia";"Crescente";"Nublado";"Simples";"Curva";"Não";1;0;1;0;0;0;1;1;-30,70078327;-55,83209615;"SPRF-RS";"DEL11-RS";"UOP01-DEL11-RS"
452325;2022-05-27;"sexta-feira";"16:50:00";"SC";101;209,4;"SAO JOSE";"Acessar a via sem observar a presença dos outros veículos";"Colisão transversal";"Com Vítimas Feridas";"Amanhecer";"Crescente";"Nublado";"Dupla";"Reta";"Sim";2;0;1;0;1;0;1;2;-27,61000542;-48,63895057;"SPRF-SC";"DEL01-SC";"UOP01-DEL01-SC"
452326;2022-05-20;"sexta-feira";"10:30:00";"GO";60;101;"ANAPOLIS";"Acessar a via sem observar a presença dos outros veículos";"Colisão lateral mesmo sentido";"Com Vítimas Feridas";"Pleno dia";"Crescente";"Céu Claro";"Dupla";"Reta";"Sim";2;0;0;1;1;0;1;2;-16,4022;-48,9745;"SPRF-GO";"DEL02-GO";"UOP01-DEL02-GO"
452327;2022-05-27;"sexta-feira";"16:00:00";"PE";101;209;"XEXEU";"Acumulo de areia ou detritos sobre o pavimento";"Colisão com objeto";"Com Vítimas Feridas";"Pleno dia";"Crescente";"Chuva";"Dupla";"Reta";"Não";1;0;1;0;0;0;1;1;-8,83806024;-35,63692618;"SPRF-PE";"DEL01-PE";"UOP03-DEL01-PE"
452329;2022-05-27;"sexta-feira";"13:00:00";"PI";316;314;"PICOS";"Reação tardia ou ineficiente do condutor";"Colisão transversal";"Com Vítimas Feridas";"Pleno dia";"Decrescente";"Céu Claro";"Simples";"Interseção de Vias";"Não";3;0;0;2;1;0;2;2;-7,0776992;-41,44117384;"SPRF-PI";"DEL04-PI";"UOP01-DEL04-PI"
452330;2022-05-27;"sexta-feira";"16:50:00";"MG";40;780,8;"JUIZ DE FORA";"Avarias e/ou desgaste excessivo no pneu";"Queda de ocupante de veículo";"Com Vítimas Feridas";"Pleno dia";"Crescente";"Céu Claro";"Dupla";"Curva";"Não";2;0;2;0;0;0;2;1;-21,67939981;-43,44987329;"SPRF-MG";"DEL05-MG";"UOP01-DEL05-MG"
452332;2022-05-27;"sexta-feira";"13:50:00";"MG";116;220;"CATUJI";"Acessar a via sem observar a presença dos outros veículos";"Colisão transversal";"Sem Vítimas";"Pleno dia";"Decrescente";"Céu Claro";"Simples";"Reta";"Não";4;0;0;0;4;0;0;2;-17,40682777;-41,51524967;"SPRF-MG";"DEL11-MG";"UOP01-DEL11-MG"
452333;2022-05-27;"sexta-feira";"17:15:00";"SC";282;22,4;"SANTO AMARO DA IMPERATRIZ";"Velocidade Incompatível";"Colisão transversal";"Com Vítimas Feridas";"Anoitecer";"Decrescente";"Chuva";"Simples";"Reta";"Sim";3;0;1;0;1;1;1;3;-27,688507;-48,72739;"SPRF-SC";"DEL01-SC";"UOP02-DEL01-SC"
452335;2022-05-27;"sexta-feira";"17:45:00";"SC";101;214,4;"PALHOCA";"Ingestão de álcool pelo condutor";"Engavetamento";"Sem Vítimas";"Anoitecer";"Decrescente";"Nublado";"Simples";"Reta";"Sim";4;0;0;0;4;0;0;4;-27,64443;-48,67057;"SPRF-SC";"DEL01-SC";"UOP02-DEL01-SC"
452336;2022-05-27;"sexta-feira";"16:15:00";"MT";163;86,1;"RONDONOPOLIS";"Mal súbito do condutor";"Saída de leito carroçável";"Com Vítimas Feridas";"Anoitecer";"Decrescente";"Céu Claro";"Dupla";"Reta";"Não";1;0;1;0;0;0;1;1;-16,78834709;-54,67072783;"SPRF-MT";"DEL02-MT";"UOP01-DEL02-MT"
452337;2022-05-27;"sexta-feira";"17:20:00";"SP";116;227;"SAO PAULO";"Demais falhas mecânicas ou elétricas";"Tombamento";"Com Vítimas Feridas";"Anoitecer";"Crescente";"Céu Claro";"Múltipla";"Reta";"Sim";2;0;2;0;0;0;2;1;-23,49659264;-46,55648754;"SPRF-SP";"DEL01-SP";"UOP01-DEL01-SP"
452338;2022-05-27;"sexta-feira";"17:00:00";"SP";116;62,9;"GUARATINGUETA";"Frear bruscamente";"Colisão com objeto";"Sem Vítimas";"Anoitecer";"Crescente";"Céu Claro";"Dupla";"Reta";"Não";4;0;0;0;4;0;0;4;-22,80538606;-45,17236692;"SPRF-SP";"DEL08-SP";"UOP01-DEL08-SP"
452339;2022-05-27;"sexta-feira";"17:30:00";"SC";282;4,6;"SAO JOSE";"Trafegar com motocicleta (ou similar) entre as faixas";"Colisão lateral mesmo sentido";"Com Vítimas Feridas";"Anoitecer";"Crescente";"Garoa/Chuvisco";"Múltipla";"Reta";"Não";2;0;1;0;1;0;1;2;-27,592646;-48,604034;"SPRF-SC";"DEL01-SC";"UOP01-DEL01-SC"
452340;2022-05-27;"sexta-feira";"17:00:00";"PR";153;340,8;"IRATI";"Acessar a via sem observar a presença dos outros veículos";"Colisão transversal";"Com Vítimas Feridas";"Pleno dia";"Crescente";"Céu Claro";"Simples";"Reta";"Sim";2;0;0;1;1;0;1;2;-25,53971597;-50,66046002;"SPRF-PR";"DEL08-PR";"UOP02-DEL08-PR"
452341;2022-05-27;"sexta-feira";"16:10:00";"PR";376;326,5;"ORTIGUEIRA";"Mal súbito do condutor";"Tombamento";"Com Vítimas Feridas";"Pleno dia";"Decrescente";"Céu Claro";"Simples";"Reta;Aclive";"Não";1;0;1;0;0;0;1;1;-24,064695;-51,062568;"SPRF-PR";"DEL07-PR";"UOP02-DEL07-PR"
452342;2022-05-27;"sexta-feira";"17:30:00";"PR";277;636;"CEU AZUL";"Reação tardia ou ineficiente do condutor";"Colisão traseira";"Sem Vítimas";"Plena Noite";"Decrescente";"Céu Claro";"Simples";"Reta";"Sim";1;0;0;0;0;1;0;1;-25,14493869;-53,83748189;"SPRF-PR";"DEL05-PR";"UOP02-DEL05-PR"
452343;2022-05-27;"sexta-feira";"17:10:00";"PI";343;4,5;"LUIS CORREIA";"Acessar a via sem observar a presença dos outros veículos";"Colisão transversal";"Com Vítimas Feridas";"Pleno dia";"Decrescente";"Céu Claro";"Simples";"Reta";"Sim";3;0;2;0;1;0;2;2;-2,900253;-41,689171;"SPRF-PI";"DEL05-PI";"UOP01-DEL05-PI"
452345;2022-05-27;"sexta-feira";"18:10:00";"ES";262;169;"IBATIBA";"Acessar a via sem observar a presença dos outros veículos";"Colisão transversal";"Com Vítimas Feridas";"Anoitecer";"Decrescente";"Céu Claro";"Simples";"Interseção de Vias";"Não";2;0;1;0;1;0;1;2;-20,26425035;-41,58054829;"SPRF-ES";"DEL01-ES";"UOP02-DEL01-ES"
452346;2022-05-27;"sexta-feira";"16:00:00";"AL";101;2,6;"NOVO LINO";"Velocidade Incompatível";"Saída de leito carroçável";"Com Vítimas Feridas";"Pleno dia";"Crescente";"Chuva";"Dupla";"Reta";"Não";1;0;1;0;0;0;1;1;-8,90455804;-35,63722012;"SPRF-AL";"DEL01-AL";"UOP02-DEL01-AL"
452347;2022-05-27;"sexta-feira";"18:00:00";"RS";153;51,8;"ERECHIM";"Condutor deixou de manter distância do veículo da frente";"Colisão traseira";"Com Vítimas Feridas";"Anoitecer";"Decrescente";"Chuva";"Simples";"Declive";"Sim";3;0;1;0;2;0;1;2;-27,66024898;-52,28414106;"SPRF-RS";"DEL08-RS";"UOP04-DEL08-RS"
452349;2022-05-27;"sexta-feira";"18:40:00";"PR";369;153;"LONDRINA";"Reação tardia ou ineficiente do condutor";"Colisão transversal";"Com Vítimas Feridas";"Plena Noite";"Crescente";"Céu Claro";"Dupla";"Reta";"Não";3;0;1;2;0;0;3;2;-23,29305416;-51,16925883;"SPRF-PR";"DEL07-PR";"UOP01-DEL07-PR"
452351;2022-05-27;"sexta-feira";"10:00:00";"MT";70;150;"GENERAL CARNEIRO";"Mal súbito do condutor";"Saída de leito carroçável";"Com Vítimas Feridas";"Pleno dia";"Decrescente";"Céu Claro";"Simples";"Reta";"Não";1;0;1;0;0;0;1;1;-15,57764391;-53,37038799;"SPRF-MT";"DEL07-MT";"UOP01-DEL07-MT"
452353;2022-05-27;"sexta-feira";"18:15:00";"MG";40;649,4;"CRISTIANO OTONI";"Mal súbito do condutor";"Queda de ocupante de veículo";"Com Vítimas Feridas";"Plena Noite";"Crescente";"Céu Claro";"Simples";"Retorno Regulamentado";"Sim";1;0;1;0;0;0;1;1;-20,825154;-43,809864;"SPRF-MG";"DEL05-MG";"UOP02-DEL05-MG"
452354;2022-05-27;"sexta-feira";"17:50:00";"MT";163;839;"SINOP";"Acessar a via sem observar a presença dos outros veículos";"Queda de ocupante de veículo";"Com Vítimas Feridas";"Anoitecer";"Crescente";"Céu Claro";"Simples";"Reta";"Sim";1;0;0;1;0;0;1;1;-11,82442549;-55,48568845;"SPRF-MT";"DEL06-MT";"NPF/DEL06-MT"
452355;2022-05-27;"sexta-feira";"18:40:00";"ES";101;292,3;"VIANA";"Manobra de mudança de faixa";"Colisão lateral mesmo sentido";"Com Vítimas Feridas";"Plena Noite";"Crescente";"Chuva";"Dupla";"Reta";"Sim";2;0;1;0;1;0;1;2;-20,30650512;-40,39488717;"SPRF-ES";"DEL01-ES";"UOP01-DEL01-ES"
452357;2022-05-27;"sexta-feira";"18:45:00";"SP";116;218;"GUARULHOS";"Ingestão de álcool pelo condutor";"Colisão transversal";"Com Vítimas Feridas";"Plena Noite";"Decrescente";"Nublado";"Múltipla";"Reta";"Sim";2;0;2;0;0;0;2;2;-23,457972;-46,479927;"SPRF-SP";"DEL01-SP";"UOP01-DEL01-SP"
452358;2022-05-27;"sexta-feira";"13:57:00";"MS";163;77;"ITAQUIRAI";"Acessar a via sem observar a presença dos outros veículos";"Colisão transversal";"Com Vítimas Feridas";"Pleno dia";"Crescente";"Céu Claro";"Dupla";"Reta";"Não";2;0;2;0;0;0;2;2;-23,4831998;-54,18609129;"SPRF-MS";"DEL09-MS";"UOP01-DEL09-MS"
452360;2022-05-27;"sexta-feira";"16:50:00";"PI";343;212;"CAPITAO DE CAMPOS";"Acessar a via sem observar a presença dos outros veículos";"Colisão transversal";"Com Vítimas Feridas";"Pleno dia";"Decrescente";"Céu Claro";"Simples";"Reta";"Sim";3;0;1;2;0;0;3;2;-4,450784;-41,929127;"SPRF-PI";"DEL02-PI";"UOP01-DEL02-PI"
452362;2022-05-27;"sexta-feira";"12:30:00";"PI";343;444,6;"AGUA BRANCA";"Transitar no acostamento";"Colisão transversal";"Com Vítimas Feridas";"Pleno dia";"Crescente";"Sol";"Simples";"Reta";"Sim";2;0;1;0;1;0;1;2;-5,888477;-42,642536;"SPRF-PI";"DEL01-PI";"UOP02-DEL01-PI"
452363;2022-05-27;"sexta-feira";"18:10:00";"PR";116;93;"SAO JOSE DOS PINHAIS";"Ausência de reação do condutor";"Queda de ocupante de veículo";"Com Vítimas Feridas";"Anoitecer";"Decrescente";"Nublado";"Dupla";"Reta";"Não";1;0;1;0;0;0;1;1;-25,48227693;-49,10588805;"SPRF-PR";"DEL01-PR";"UOP01-DEL01-PR"
452365;2022-05-27;"sexta-feira";"11:06:00";"RJ";465;4,6;"SEROPEDICA";"Pedestre cruzava a pista fora da faixa";"Atropelamento de Pedestre";"Com Vítimas Feridas";"Pleno dia";"Crescente";"Céu Claro";"Simples";"Reta";"Sim";2;0;0;1;0;1;1;2;-22,740971;-43,705597;"SPRF-RJ";"DEL01-RJ";"UOP03-DEL01-RJ"
452366;2022-05-27;"sexta-feira";"20:00:00";"PR";376;189,8;"MARIALVA";"Acumulo de óleo sobre o pavimento";"Tombamento";"Com Vítimas Feridas";"Plena Noite";"Crescente";"Céu Claro";"Dupla";"Reta";"Sim";2;0;1;1;0;0;2;2;-23,471231;-51,819515;"SPRF-PR";"DEL09-PR";"UOP01-DEL09-PR"
452367;2022-05-27;"sexta-feira";"19:40:00";"SP";116;225;"SAO PAULO";"Reação tardia ou ineficiente do condutor";"Colisão traseira";"Com Vítimas Feridas";"Plena Noite";"Crescente";"Céu Claro";"Múltipla";"Reta";"Sim";2;0;1;0;1;0;1;2;-23,48586772;-46,54075317;"SPRF-SP";"DEL01-SP";"UOP01-DEL01-SP"
452368;2022-05-27;"sexta-feira";"20:15:00";"RS";116;243;"SAO LEOPOLDO";"Chuva";"Colisão lateral mesmo sentido";"Com Vítimas Feridas";"Plena Noite";"Crescente";"Chuva";"Dupla";"Declive";"Sim";8;0;3;0;5;0;3;5;-29,73196199;-51,14952004;"SPRF-RS";"DEL01-RS";"UOP02-DEL01-RS"
452369;2022-05-27;"sexta-feira";"20:00:00";"RJ";40;104;"DUQUE DE CAXIAS";"Manobra de mudança de faixa";"Colisão traseira";"Com Vítimas Feridas";"Plena Noite";"Decrescente";"Céu Claro";"Dupla";"Reta";"Sim";2;0;1;0;1;0;1;2;-22,62897902;-43,28579508;"SPRF-RJ";"DEL01-RJ";"UOP01-DEL01-RJ"
452370;2022-05-27;"sexta-feira";"19:30:00";"BA";324;550;"AMELIA RODRIGUES";"Demais falhas mecânicas ou elétricas";"Colisão traseira";"Com Vítimas Feridas";"Plena Noite";"Decrescente";"Céu Claro";"Dupla";"Reta";"Não";3;0;1;0;2;0;1;2;-12,43832718;-38,72506515;"SPRF-BA";"DEL01-BA";"UOP03-DEL01-BA"