"id";"data_inversa";"dia_semana";"horario";"uf";"br";"km";"municipio";"causa_acidente";"tipo_acidente";"classificacao_acidente";"fase_dia";"sentido_via";"condicao_metereologica";"tipo_pista";"tracado_via";"uso_solo";"pessoas";"mortos";"feridos_leves";"feridos_graves";"ilesos";"ignorados";"feridos";"veiculos";"latitude";"longitude";"regional";"delegacia";"uop"
452371;2022-05-27;"sexta-feira";"18:54:00";"MT";163;531,5;"DIAMANTINO";"Frear bruscamente";"Colisão com objeto";"Com Vítimas Fatais";"Plena Noite";"Crescente";"Céu Claro";"Simples";"Reta";"Não";4;1;3;0;0;0;3;1;-14,45125632;-56,13530173;"SPRF-MT";"DEL01-MT";"UOP01-DEL01-MT"
452372;2022-05-27;"sexta-feira";"19:30:00";"BA";324;621;"SALVADOR";"Entrada inopinada do pedestre";"Atropelamento de Pedestre";"Com Vítimas Feridas";"Plena Noite";"Crescente";"Céu Claro";"Múltipla";"Reta";"Não";4;0;0;1;2;1;1;2;-12,91233708;-38,45956983;"SPRF-BA";"DEL01-BA";"UOP01-DEL01-BA"
452373;2022-05-27;"sexta-feira";"19:30:00";"RS";285;338;"CARAZINHO";"Desrespeitar a preferência no cruzamento";"Colisão transversal";"Com Vítimas Feridas";"Plena Noite";"Decrescente";"Nevoeiro/Neblina";"Simples";"Declive";"Sim";2;0;2;0;0;0;2;2;-28,315704;-52,779015;"SPRF-RS";"DEL08-RS";"UOP03-DEL08-RS"
452375;2022-05-27;"sexta-feira";"19:50:00";"SP";116;282;"ITAPECERICA DA SERRA";"Velocidade Incompatível";"Colisão lateral mesmo sentido";"Com Vítimas Feridas";"Plena Noite";"Decrescente";"Céu Claro";"Dupla";"Curva";"Não";2;0;1;0;1;0;1;2;-23,68570216;-46,85970975;"SPRF-SP";"DEL04-SP";"UOP01-DEL04-SP"
452376;2022-05-27;"sexta-feira";"20:30:00";"MG";262;356;"BETIM";"Pedestre andava na pista";"Atropelamento de Pedestre";"Com Vítimas Feridas";"Plena Noite";"Crescente";"Céu Claro";"Simples";"Reta";"Sim";2;0;1;1;0;0;2;2;-19,98149605;-44,25061226;"SPRF-MG";"DEL01-MG";"UOP03-DEL01-MG"
452378;2022-05-27;"sexta-feira";"19:40:00";"RS";472;181,8;"SANTO CRISTO";"Acumulo de óleo sobre o pavimento";"Colisão frontal";"Com Vítimas Fatais";"Plena Noite";"Decrescente";"Garoa/Chuvisco";"Simples";"Reta;Declive";"Não";5;2;1;1;1;0;2;2;-27,84082171;-54,57774997;"SPRF-RS";"DEL10-RS";"UOP01-DEL10-RS"
452379;2022-05-27;"sexta-feira";"20:00:00";"RJ";116;174;"NOVA IGUACU";"Demais Fenômenos da natureza";"Queda de ocupante de veículo";"Com Vítimas Feridas";"Plena Noite";"Crescente";"Céu Claro";"Dupla";"Reta;Declive";"Sim";2;0;1;0;1;0;1;1;-22,76388045;-43,41800094;"SPRF-RJ";"DEL01-RJ";"UOP02-DEL01-RJ"
452380;2022-05-27;"sexta-feira";"19:05:00";"GO";153;414,2;"ANAPOLIS";"Reação tardia ou ineficiente do condutor";"Engavetamento";"Com Vítimas Feridas";"Plena Noite";"Crescente";"Céu Claro";"Simples";"Reta";"Não";4;0;2;0;2;0;2;3;-16,146181;-49,045923;"SPRF-GO";"DEL02-GO";"UOP02-DEL02-GO"
452381;2022-05-27;"sexta-feira";"20:50:00";"RJ";116;74;"TERESOPOLIS";"Acessar a via sem observar a presença dos outros veículos";"Atropelamento de Pedestre";"Com Vítimas Fatais";"Plena Noite";"Decrescente";"Céu Claro";"Simples";"Reta";"Não";3;1;0;0;1;1;0;3;-22,3702376;-42,94920444;"SPRF-RJ";"DEL04-RJ";"UOP01-DEL04-RJ"
452383;2022-05-27;"sexta-feira";"19:45:00";"MA";222;673,1;"ACAILANDIA";"Transitar no acostamento";"Colisão lateral mesmo sentido";"Com Vítimas Feridas";"Plena Noite";"Crescente";"Céu Claro";"Simples";"Reta";"Sim";2;0;1;0;1;0;1;2;-4,950563;-47,482589;"SPRF-MA";"DEL04-MA";"UOP03-DEL04-MA"
452384;2022-05-27;"sexta-feira";"19:50:00";"PA";155;317;"MARABA";"Manobra de mudança de faixa";"Colisão lateral mesmo sentido";"Sem Vítimas";"Plena Noite";"Crescente";"Céu Claro";"Simples";"Reta;Declive";"Não";2;0;0;0;2;0;0;2;-5,60032605;-49,08154094;"SPRF-PA";"DEL03-PA";"UOP01-DEL03-PA"
452388;2022-05-27;"sexta-feira";"21:15:00";"RS";392;352;"SANTA MARIA";"Acessar a via sem observar a presença dos outros veículos";"Atropelamento de Pedestre";"Com Vítimas Feridas";"Plena Noite";"Crescente";"Garoa/Chuvisco";"Dupla";"Reta";"Sim";3;0;1;0;2;0;1;2;-29,71938066;-53,80799001;"SPRF-RS";"DEL09-RS";"UOP01-DEL09-RS"
452391;2022-05-27;"sexta-feira";"20:20:00";"MG";50;35;"ARAGUARI";"Animais na Pista";"Colisão com objeto";"Com Vítimas Feridas";"Plena Noite";"Decrescente";"Céu Claro";"Dupla";"Reta";"Não";2;0;2;0;0;0;2;1;-18,65092129;-48,13863516;"SPRF-MG";"DEL15-MG";"UOP02-DEL15-MG"
452392;2022-05-27;"sexta-feira";"20:10:00";"MG";50;35;"ARAGUARI";"Animais na Pista";"Atropelamento de Animal";"Com Vítimas Feridas";"Plena Noite";"Crescente";"Céu Claro";"Dupla";"Reta";"Não";5;0;5;0;0;0;5;1;-18,65075062;-48,13867716;"SPRF-MG";"DEL15-MG";"UOP02-DEL15-MG"
452393;2022-05-27;"sexta-feira";"13:30:00";"GO";60;390;"RIO VERDE";"Condutor deixou de manter distância do veículo da frente";"Colisão traseira";"Com Vítimas Feridas";"Pleno dia";"Decrescente";"Céu Claro";"Dupla";"Retorno Regulamentado";"Sim";3;0;1;0;2;0;1;2;-17,823;-50,9515;"SPRF-GO";"DEL04-GO";"UOP01-DEL04-GO"
452394;2022-05-27;"sexta-feira";"21:09:00";"RJ";101;400;"ITAGUAI";"Ausência de reação do condutor";"Colisão traseira";"Com Vítimas Feridas";"Plena Noite";"Decrescente";"Céu Claro";"Dupla";"Reta";"Sim";2;0;0;1;1;0;1;2;-22,8483707;-43,76952338;"SPRF-RJ";"DEL03-RJ";"UOP01-DEL03-RJ"
452396;2022-05-27;"sexta-feira";"22:10:00";"RJ";356;149;"CAMPOS DOS GOYTACAZES";"Retorno proibido";"Colisão transversal";"Com Vítimas Feridas";"Plena Noite";"Decrescente";"Céu Claro";"Simples";"Reta";"Sim";2;0;1;0;1;0;1;2;-21,77241727;-41,28125956;"SPRF-RJ";"DEL08-RJ";"UOP02-DEL08-RJ"
452397;2022-05-27;"sexta-feira";"20:00:00";"RJ";393;147;"TRES RIOS";"Ausência de reação do condutor";"Capotamento";"Sem Vítimas";"Plena Noite";"Decrescente";"Céu Claro";"Simples";"Reta";"Não";2;0;0;0;2;0;0;1;-22,0463883;-43,00066133;"SPRF-RJ";"DEL05-RJ";"UOP02-DEL05-RJ"
452399;2022-05-27;"sexta-feira";"22:30:00";"RN";304;48,1;"MOSSORO";"Acessar a via sem observar a presença dos outros veículos";"Colisão transversal";"Com Vítimas Feridas";"Pleno dia";"Decrescente";"Nublado";"Simples";"Interseção de Vias";"Sim";3;0;0;2;0;1;2;2;-5,22868577;-37,32203081;"SPRF-RN";"DEL04-RN";"UOP01-DEL04-RN"
452402;2022-05-27;"sexta-feira";"21:30:00";"MA";135;7;"SAO LUIS";"Demais falhas mecânicas ou elétricas";"Incêndio";"Sem Vítimas";"Plena Noite";"Crescente";"Chuva";"Dupla";"Reta";"Sim";1;0;0;0;0;1;0;1;-2,63608835;-44,26848552;"SPRF-MA";"DEL01-MA";"UOP01-DEL01-MA"
452405;2022-05-27;"sexta-feira";"22:30:00";"RS";116;142;"CAXIAS DO SUL";"Reação tardia ou ineficiente do condutor";"Colisão transversal";"Sem Vítimas";"Plena Noite";"Crescente";"Céu Claro";"Dupla";"Reta";"Sim";3;0;0;0;3;0;0;2;-29,11727;-51,115208;"SPRF-RS";"DEL05-RS";"UOP01-DEL05-RS"
452406;2022-04-08;"sexta-feira";"14:00:00";"GO";70;298,6;"ITAPIRAPUA";"Acumulo de óleo sobre o pavimento";"Saída de leito carroçável";"Sem Vítimas";"Pleno dia";"Decrescente";"Chuva";"Simples";"Aclive;Reta";"Não";1;0;0;0;1;0;0;1;-15,853732;-50,745668;"SPRF-GO";"DEL04-GO";"UOP01-DEL04-GO"
452408;2022-05-27;"sexta-feira";"21:45:00";"RS";293;0,9;"PELOTAS";"Reação tardia ou ineficiente do condutor";"Colisão transversal";"Com Vítimas Feridas";"Plena Noite";"Decrescente";"Garoa/Chuvisco";"Simples";"Reta";"Não";2;0;1;0;1;0;1;2;-31,760326;-52,356205;"SPRF-RS";"DEL07-RS";"UOP01-DEL07-RS"
452409;2022-05-28;"sábado";"00:00:00";"MG";262;455;"NOVA SERRANA";"Reação tardia ou ineficiente do condutor";"Saída de leito carroçável";"Com Vítimas Fatais";"Plena Noite";"Crescente";"Céu Claro";"Simples";"Reta";"Sim";1;1;0;0;0;0;0;1;-19,8482311;-45,03238506;"SPRF-MG";"DEL08-MG";"UOP03-DEL08-MG"
452410;2022-05-27;"sexta-feira";"16:48:00";"GO";153;358,4;"JARAGUA";"Reação tardia ou ineficiente do condutor";"Saída de leito carroçável";"Com Vítimas Feridas";"Pleno dia";"Decrescente";"Céu Claro";"Simples";"Declive";"Sim";5;0;3;2;0;0;5;1;-15,742197;-49,320297;"SPRF-GO";"DEL02-GO";"UOP02-DEL02-GO"
452411;2022-05-27;"sexta-feira";"23:00:00";"PI";316;3,1;"TERESINA";"Ausência de reação do condutor";"Colisão traseira";"Com Vítimas Feridas";"Plena Noite";"Decrescente";"Céu Claro";"Múltipla";"Reta";"Sim";2;0;0;1;1;0;1;2;-5,12826443;-42,79292384;"SPRF-PI";"DEL01-PI";"UOP02-DEL01-PI"
452412;2022-05-28;"sábado";"00:00:00";"SP";116;271,5;"TABOAO DA SERRA";"Velocidade Incompatível";"Capotamento";"Com Vítimas Feridas";"Plena Noite";"Decrescente";"Nevoeiro/Neblina";"Dupla";"Reta";"Sim";1;0;1;0;0;0;1;1;-23,61809286;-46,80556302;"SPRF-SP";"DEL04-SP";"UOP01-DEL04-SP"
452413;2022-05-28;"sábado";"00:30:00";"GO";40;2,5;"VALPARAISO DE GOIAS";"Ausência de reação do condutor";"Tombamento";"Com Vítimas Feridas";"Plena Noite";"Decrescente";"Céu Claro";"Dupla";"Reta";"Sim";1;0;1;0;0;0;1;1;-16,076081;-47,985671;"SPRF-DF";"DEL01-DF";"UOP01-DEL01-DF"
452414;2022-05-28;"sábado";"00:30:00";"RS";470;217;"BENTO GONCALVES";"Acessar a via sem observar a presença dos outros veículos";"Colisão transversal";"Sem Vítimas";"Plena Noite";"Decrescente";"Céu Claro";"Dupla";"Rotatória";"Sim";2;0;0;0;2;0;0;2;-29,16462512;-51,52551964;"SPRF-RS";"DEL06-RS";"UOP01-DEL06-RS"
452416;2022-05-28;"sábado";"01:00:00";"SP";116;54;"LORENA";"Demais falhas mecânicas ou elétricas";"Incêndio";"Sem Vítimas";"Plena Noite";"Crescente";"Céu Claro";"Dupla";"Reta";"Não";1;0;0;0;1;0;0;1;-22,75803895;-45,11508003;"SPRF-SP";"DEL08-SP";"UOP02-DEL08-SP"
452417;2022-05-28;"sábado";"00:40:00";"RJ";116;174;"BELFORD ROXO";"Reação tardia ou ineficiente do condutor";"Colisão com objeto";"Com Vítimas Feridas";"Plena Noite";"Crescente";"Céu Claro";"Dupla";"Reta";"Sim";1;0;1;0;0;0;1;1;-22,79423806;-43,36403759;"SPRF-RJ";"DEL01-RJ";"UOP02-DEL01-RJ"
452418;2022-05-27;"sexta-feira";"22:30:00";"RS";116;232;"IVOTI";"Ingestão de álcool pelo condutor";"Colisão frontal";"Com Vítimas Feridas";"Plena Noite";"Decrescente";"Nevoeiro/Neblina";"Simples";"Curva";"Não";3;0;2;0;0;1;2;2;-29,63300002;-51,14325106;"SPRF-RS";"DEL01-RS";"UOP02-DEL01-RS"
452419;2022-05-28;"sábado";"01:20:00";"RS";285;451;"IJUI";"Ingestão de álcool pelo condutor";"Saída de leito carroçável";"Com Vítimas Feridas";"Plena Noite";"Crescente";"Nublado";"Simples";"Reta";"Não";1;0;0;1;0;0;1;1;-28,37462;-53,840855;"SPRF-RS";"DEL10-RS";"UOP01-DEL10-RS"
452420;2022-05-27;"sexta-feira";"22:45:00";"RJ";116;226,8;"PIRAI";"Reação tardia ou ineficiente do condutor";"Tombamento";"Com Vítimas Feridas";"Plena Noite";"Decrescente";"Céu Claro";"Dupla";"Curva";"Não";1;0;1;0;0;0;1;1;-22,6681795;-43,8387389;"SPRF-RJ";"DEL07-RJ";"UOP01-DEL07-RJ"
452422;2022-05-27;"sexta-feira";"22:40:00";"RJ";116;238,8;"PIRAI";"Ausência de reação do condutor";"Colisão com objeto";"Com Vítimas Feridas";"Plena Noite";"Decrescente";"Céu Claro";"Dupla";"Reta";"Não";4;0;2;0;2;0;2;1;-22,62106231;-43,92530322;"SPRF-RJ";"DEL07-RJ";"UOP01-DEL07-RJ"
452423;2022-05-28;"sábado";"02:10:00";"GO";153;519,9;"HIDROLANDIA";"Reação tardia ou ineficiente do condutor";"Saída de leito carroçável";"Sem Vítimas";"Plena Noite";"Crescente";"Ignorado";"Dupla";"Declive";"Sim";1;0;0;0;0;1;0;1;-16,8755;-49,2523;"SPRF-GO";"DEL01-GO";"UOP03-DEL01-GO"
452424;2022-05-28;"sábado";"01:15:00";"MT";163;837;"SINOP";"Conversão proibida";"Colisão traseira";"Sem Vítimas";"Plena Noite";"Crescente";"Céu Claro";"Simples";"Reta";"Sim";5;0;0;0;5;0;0;2;-11,968963;-55,51695578;"SPRF-MT";"DEL06-MT";"NPF/DEL06-MT"
452425;2022-05-28;"sábado";"02:33:00";"RJ";101;404;"ITAGUAI";"Reação tardia ou ineficiente do condutor";"Colisão traseira";"Com Vítimas Feridas";"Plena Noite";"Decrescente";"Céu Claro";"Dupla";"Reta";"Sim";2;0;1;1;0;0;2;2;-22,86342703;-43,79642098;"SPRF-RJ";"DEL03-RJ";"UOP01-DEL03-RJ"
452426;2022-05-28;"sábado";"01:30:00";"MT";364;402;"CUIABA";"Ingestão de álcool pelo condutor";"Colisão traseira";"Sem Vítimas";"Plena Noite";"Crescente";"Céu Claro";"Dupla";"Reta";"Sim";2;0;0;0;2;0;0;2;-15,66855019;-55,95476508;"SPRF-MT";"DEL01-MT";"UOP02-DEL01-MT"
452427;2022-05-28;"sábado";"02:00:00";"CE";20;121;"TAUA";"Ausência de reação do condutor";"Saída de leito carroçável";"Sem Vítimas";"Plena Noite";"Crescente";"Céu Claro";"Simples";"Declive";"Não";1;0;0;0;1;0;0;1;-5,718456;-40,135657;"SPRF-CE";"DEL02-CE";"UOP02-DEL02-CE"
452428;2022-05-28;"sábado";"03:20:00";"PE";408;99;"SAO LOURENCO DA MATA";"Ingestão de álcool e/ou substâncias psicoativas pelo pedestre";"Colisão com objeto";"Com Vítimas Feridas";"Plena Noite";"Decrescente";"Chuva";"Dupla";"Reta";"Não";1;0;1;0;0;0;1;1;-8,04133634;-35,02531212;"SPRF-PE";"DEL01-PE";"UOP01-DEL01-PE"
452430;2022-05-28;"sábado";"04:10:00";"ES";101;296;"CARIACICA";"Velocidade Incompatível";"Saída de leito carroçável";"Sem Vítimas";"Plena Noite";"Crescente";"Céu Claro";"Múltipla";"Viaduto";"Sim";1;0;0;0;0;1;0;1;-20,34029997;-40,40405712;"SPRF-ES";"DEL01-ES";"UOP01-DEL01-ES"
452431;2022-05-28;"sábado";"00:11:00";"TO";153;782;"TALISMA";"Iluminação deficiente";"Colisão lateral mesmo sentido";"Com Vítimas Feridas";"Plena Noite";"Crescente";"Céu Claro";"Simples";"Reta";"Não";2;0;1;1;0;0;2;2;-12,65779198;-49,06737971;"SPRF-TO";"DEL01-TO";"UOP02-DEL01-TO"
452433;2022-05-28;"sábado";"04:10:00";"RS";158;324;"SANTA MARIA";"Ingestão de álcool pelo condutor";"Saída de leito carroçável";"Sem Vítimas";"Plena Noite";"Decrescente";"Céu Claro";"Simples";"Curva";"Sim";3;0;0;0;3;0;0;1;-29,70141748;-53,79187346;"SPRF-RS";"DEL09-RS";"UOP01-DEL09-RS"
452434;2022-05-28;"sábado";"04:45:00";"RJ";101;2;"CAMPOS DOS GOYTACAZES";"Demais falhas mecânicas ou elétricas";"Saída de leito carroçável";"Sem Vítimas";"Plena Noite";"Decrescente";"Céu Claro";"Simples";"Curva";"Não";5;0;0;0;5;0;0;1;-21,23585411;-41,31995286;"SPRF-RJ";"DEL08-RJ";"UOP01-DEL08-RJ"
452437;2022-05-28;"sábado";"05:10:00";"PR";376;237;"APUCARANA";"Reação tardia ou ineficiente do condutor";"Saída de leito carroçável";"Com Vítimas Feridas";"Plena Noite";"Crescente";"Céu Claro";"Dupla";"Curva";"Não";1;0;1;0;0;0;1;1;-23,58225635;-51,45526439;"SPRF-PR";"DEL07-PR";"UOP03-DEL07-PR"
452438;2022-05-28;"sábado";"04:00:00";"SC";470;10,4;"NAVEGANTES";"Ausência de reação do condutor";"Saída de leito carroçável";"Com Vítimas Feridas";"Plena Noite";"Decrescente";"Garoa/Chuvisco";"Simples";"Reta";"Não";1;0;1;0;0;0;1;1;-26,833693;-48,73724;"SPRF-SC";"DEL04-SC";"UOP04-DEL04-SC"
452439;2022-05-28;"sábado";"05:00:00";"CE";116;8;"FORTALEZA";"Ausência de reação do condutor";"Colisão com objeto";"Com Vítimas Feridas";"Amanhecer";"Crescente";"Nublado";"Dupla";"Reta";"Sim";1;0;1;0;0;0;1;1;-3,8192799;-38,50268337;"SPRF-CE";"DEL01-CE";"UOP02-DEL01-CE"
452441;2022-05-28;"sábado";"05:15:00";"RS";285;338,7;"CARAZINHO";"Ingestão de substâncias psicoativas pelo condutor";"Saída de leito carroçável";"Com Vítimas Feridas";"Plena Noite";"Decrescente";"Nevoeiro/Neblina";"Simples";"Declive";"Não";1;0;1;0;0;0;1;1;-28,315704;-52,779015;"SPRF-RS";"DEL08-RS";"UOP03-DEL08-RS"
452442;2022-05-27;"sexta-feira";"18:30:00";"MG";153;12,8;"CENTRALINA";"Animais na Pista";"Atropelamento de Animal";"Com Vítimas Feridas";"Plena Noite";"Decrescente";"Céu Claro";"Dupla";"Reta";"Não";1;0;1;0;0;0;1;1;-18,52415703;-49,19080383;"SPRF-MG";"DEL15-MG";"UOP03-DEL15-MG"
452443;2022-05-28;"sábado";"06:25:00";"SC";101;213;"PALHOCA";"Ingestão de álcool pelo condutor";"Colisão com objeto";"Com Vítimas Feridas";"Amanhecer";"Crescente";"Nublado";"Dupla";"Reta";"Sim";2;0;0;1;0;1;1;1;-27,63697369;-48,66514142;"SPRF-SC";"DEL01-SC";"UOP02-DEL01-SC"
452446;2022-05-28;"sábado";"01:42:00";"SP";116;149;"SAO JOSE DOS CAMPOS";"Ausência de reação do condutor";"Colisão com objeto";"Com Vítimas Feridas";"Plena Noite";"Decrescente";"Céu Claro";"Dupla";"Reta";"Sim";4;0;2;0;2;0;2;4;-23,20700047;-45,88626861;"SPRF-SP";"DEL02-SP";"UOP01-DEL02-SP"
452447;2022-05-28;"sábado";"05:50:00";"MG";50;179;"UBERABA";"Ausência de reação do condutor";"Colisão com objeto";"Com Vítimas Feridas";"Amanhecer";"Crescente";"Céu Claro";"Dupla";"Reta";"Não";1;0;1;0;0;0;1;1;-19,77827047;-47,93140998;"SPRF-MG";"DEL13-MG";"UOP01-DEL13-MG"
452448;2022-05-28;"sábado";"06:20:00";"PR";116;125;"CURITIBA";"Acessar a via sem observar a presença dos outros veículos";"Colisão transversal";"Com Vítimas Feridas";"Amanhecer";"Crescente";"Céu Claro";"Múltipla";"Interseção de Vias;Reta";"Sim";3;0;0;1;1;1;1;3;-25,59505309;-49,31630659;"SPRF-PR";"DEL01-PR";"UOP03-DEL01-PR"
452451;2022-05-28;"sábado";"06:40:00";"MG";381;478;"CONTAGEM";"Velocidade Incompatível";"Capotamento";"Sem Vítimas";"Amanhecer";"Crescente";"Nublado";"Múltipla";"Reta";"Sim";1;0;0;0;0;1;0;1;-19,95826094;-44,05921101;"SPRF-MG";"DEL01-MG";"UOP03-DEL01-MG"
452453;2022-05-28;"sábado";"03:57:00";"SP";116;63,4;"GUARATINGUETA";"Pedestre andava na pista";"Atropelamento de Pedestre";"Com Vítimas Fatais";"Plena Noite";"Decrescente";"Ignorado";"Dupla";"Reta";"Não";2;1;0;0;1;0;0;2;-22,81269631;-45,1780086;"SPRF-SP";"DEL08-SP";"UOP01-DEL08-SP"
452454;2022-05-28;"sábado";"07:15:00";"PR";277;667,8;"MEDIANEIRA";"Chuva";"Colisão traseira";"Com Vítimas Feridas";"Amanhecer";"Crescente";"Chuva";"Dupla";"Reta";"Sim";2;0;1;0;0;1;1;2;-25,26577498;-54,05432901;"SPRF-PR";"DEL05-PR";"UOP02-DEL05-PR"
452455;2022-05-28;"sábado";"04:45:00";"MS";376;137;"IVINHEMA";"Condutor Dormindo";"Saída de leito carroçável";"Com Vítimas Feridas";"Amanhecer";"Decrescente";"Céu Claro";"Simples";"Curva";"Não";1;0;1;0;0;0;1;1;-22,39341212;-53,64126205;"SPRF-MS";"DEL04-MS";"UOP04-DEL04-MS"
452457;2022-05-28;"sábado";"07:50:00";"RJ";116;40;"TERESOPOLIS";"Acessar a via sem observar a presença dos outros veículos";"Colisão transversal";"Com Vítimas Feridas";"Pleno dia";"Crescente";"Céu Claro";"Simples";"Reta";"Sim";2;0;1;0;1;0;1;2;-22,14475509;-42,79248297;"SPRF-RJ";"DEL04-RJ";"UOP01-DEL04-RJ"
452459;2022-05-28;"sábado";"07:00:00";"PR";116;13,2;"COLOMBO";"Ingestão de álcool pelo condutor";"Colisão com objeto";"Com Vítimas Feridas";"Pleno dia";"Crescente";"Céu Claro";"Dupla";"Reta";"Sim";2;0;2;0;0;0;2;1;-25,3755;-49,1496;"SPRF-PR";"DEL01-PR";"UOP02-DEL01-PR"
452460;2022-05-28;"sábado";"02:10:00";"SC";282;308;"VARGEM";"Curva acentuada";"Saída de leito carroçável";"Com Vítimas Feridas";"Plena Noite";"Crescente";"Nublado";"Simples";"Curva";"Não";1;0;1;0;0;0;1;1;-27,49292;-50,971973;"SPRF-SC";"DEL07-SC";"UOP06-DEL07-SC"
452461;2022-05-28;"sábado";"07:20:00";"RS";116;142,9;"CAXIAS DO SUL";"Ingestão de álcool pelo condutor";"Colisão transversal";"Sem Vítimas";"Pleno dia";"Crescente";"Nublado";"Dupla";"Reta";"Sim";3;0;0;0;3;0;0;2;-29,12034587;-51,12265706;"SPRF-RS";"DEL05-RS";"UOP01-DEL05-RS"
452465;2022-05-28;"sábado";"08:30:00";"SP";381;90;"SAO PAULO";"Ingestão de álcool pelo condutor";"Colisão traseira";"Sem Vítimas";"Pleno dia";"Decrescente";"Nublado";"Dupla";"Viaduto";"Não";1;0;0;0;1;0;0;1;-23,49479479;-46,55959864;"SPRF-SP";"DEL03-SP";"UOP01-DEL03-SP"
452466;2022-05-28;"sábado";"09:10:00";"MG";40;472,7;"SETE LAGOAS";"Reação tardia ou ineficiente do condutor";"Saída de leito carroçável";"Com Vítimas Feridas";"Pleno dia";"Decrescente";"Céu Claro";"Dupla";"Curva";"Sim";2;0;1;0;0;1;1;2;-19,47543632;-44,29066576;"SPRF-MG";"DEL02-MG";"UOP01-DEL02-MG"
452467;2022-05-28;"sábado";"09:05:00";"MG";50;179,9;"UBERABA";"Ingestão de álcool pelo condutor";"Colisão com objeto";"Com Vítimas Feridas";"Pleno dia";"Decrescente";"Céu Claro";"Dupla";"Viaduto";"Sim";2;0;0;2;0;0;2;1;-19,77827047;-47,93140998;"SPRF-MG";"DEL13-MG";"UOP01-DEL13-MG"
452468;2022-05-28;"sábado";"08:15:00";"SC";470;57;"BLUMENAU";"Ausência de reação do condutor";"Colisão transversal";"Com Vítimas Feridas";"Pleno dia";"Crescente";"Nublado";"Simples";"Interseção de Vias";"Não";2;0;1;0;1;0;1;2;-26,880428;-49,136532;"SPRF-SC";"DEL04-SC";"UOP01-DEL04-SC"
452469;2022-05-28;"sábado";"08:30:00";"PB";230;137,6;"CAMPINA GRANDE";"Velocidade Incompatível";"Colisão com objeto";"Com Vítimas Feridas";"Pleno dia";"Decrescente";"Chuva";"Dupla";"Curva";"Não";1;0;1;0;0;0;1;1;-7,2766;-35,7739;"SPRF-PB";"DEL02-PB";"UOP01-DEL02-PB"
452471;2022-05-27;"sexta-feira";"17:30:00";"PE";232;71;"GRAVATA";"Chuva";"Saída de leito carroçável";"Sem Vítimas";"Pleno dia";"Decrescente";"Chuva";"Dupla";"Reta";"Não";1;0;0;0;1;0;0;1;-8,18344403;-35,49296599;"SPRF-PE";"DEL02-PE";"UOP02-DEL02PE"
452472;2022-05-28;"sábado";"08:40:00";"ES";101;78;"SAO MATEUS";"Ingestão de álcool pelo condutor";"Colisão traseira";"Com Vítimas Feridas";"Pleno dia";"Crescente";"Céu Claro";"Simples";"Reta";"Não";4;0;3;1;0;0;4;2;-18,80685577;-39,8956893;"SPRF-ES";"DEL04-ES";"UOP02-DEL04-ES"
452473;2022-05-19;"quinta-feira";"09:00:00";"BA";324;609;"SIMOES FILHO";"Ausência de reação do condutor";"Colisão traseira";"Com Vítimas Feridas";"Pleno dia";"Crescente";"Céu Claro";"Dupla";"Reta";"Sim";3;0;1;0;2;0;1;2;-12,82066;-38,40798;"SPRF-BA";"DEL01-BA";"UOP01-DEL01-BA"
452475;2022-05-28;"sábado";"09:30:00";"SP";116;120,3;"CACAPAVA";"Condutor deixou de manter distância do veículo da frente";"Engavetamento";"Com Vítimas Feridas";"Pleno dia";"Decrescente";"Sol";"Dupla";"Reta";"Não";5;0;1;0;4;0;1;3;-23,072206;-45,645803;"SPRF-SP";"DEL02-SP";"UOP02-DEL02-SP"
452476;2022-05-13;"sexta-feira";"06:00:00";"PR";277;133;"BALSA NOVA";"Manobra de mudança de faixa";"Tombamento";"Com Vítimas Feridas";"Amanhecer";"Crescente";"Nevoeiro/Neblina";"Dupla";"Reta";"Sim";1;0;1;0;0;0;1;1;-25,46899933;-49,72587911;"SPRF-PR";"DEL03-PR";"UOP03-DEL03-PR"
452477;2022-05-28;"sábado";"10:10:00";"RS";386;129;"SARANDI";"Chuva";"Tombamento";"Com Vítimas Feridas";"Pleno dia";"Decrescente";"Chuva";"Simples";"Reta";"Sim";1;0;1;0;0;0;1;1;-27,934816;-52,96;"SPRF-RS";"DEL08-RS";"UOP01-DEL08-RS"
452478;2022-05-28;"sábado";"09:10:00";"SP";116;205;"GUARULHOS";"Ausência de reação do condutor";"Saída de leito carroçável";"Com Vítimas Feridas";"Pleno dia";"Decrescente";"Nublado";"Múltipla";"Reta";"Sim";1;0;1;0;0;0;1;1;-23,41475243;-46,36600788;"SPRF-SP";"DEL01-SP";"UOP01-DEL01-SP"
452481;2022-05-28;"sábado";"07:30:00";"SC";282;631,7;"DESCANSO";"Chuva";"Saída de leito carroçável";"Com Vítimas Feridas";"Pleno dia";"Decrescente";"Chuva";"Simples";"Curva";"Não";1;0;1;0;0;0;1;1;-26,82564097;-53,40376854;"SPRF-SC";"DEL07-SC";"UOP03-DEL07-SC"
452482;2022-05-25;"quarta-feira";"08:00:00";"MG";381;401,5;"BOM JESUS DO AMPARO";"Afundamento ou ondulação no pavimento";"Queda de ocupante de veículo";"Com Vítimas Feridas";"Pleno dia";"Decrescente";"Céu Claro";"Dupla";"Reta";"Não";2;0;1;1;0;0;2;1;-19,74743793;-43,52145519;"SPRF-MG";"DEL01-MG";"UOP01-DEL01-MG"
452483;2022-05-28;"sábado";"10:50:00";"PR";369;153;"LONDRINA";"Condutor deixou de manter distância do veículo da frente";"Colisão traseira";"Com Vítimas Feridas";"Pleno dia";"Decrescente";"Céu Claro";"Dupla";"Interseção de Vias";"Sim";4;0;2;0;2;0;2;2;-23,29372921;-51,18743241;"SPRF-PR";"DEL07-PR";"UOP01-DEL07-PR"