"id";"data_inversa";"dia_semana";"horario";"uf";"br";"km";"municipio";"causa_acidente";"tipo_acidente";"classificacao_acidente";"fase_dia";"sentido_via";"condicao_metereologica";"tipo_pista";"tracado_via";"uso_solo";"pessoas";"mortos";"feridos_leves";"feridos_graves";"ilesos";"ignorados";"feridos";"veiculos";"latitude";"longitude";"regional";"delegacia";"uop"
452486;2022-05-28;"sábado";"11:30:00";"ES";101;245;"SERRA";"Ausência de reação do condutor";"Saída de leito carroçável";"Com Vítimas Feridas";"Plena Noite";"Crescente";"Céu Claro";"Simples";"Reta";"Não";1;0;0;1;0;0;1;1;-20,05454495;-40,38189997;"SPRF-ES";"DEL02-ES";"UOP01-DEL02-ES"
452488;2022-05-28;"sábado";"10:20:00";"MS";376;33,2;"VICENTINA";"Frear bruscamente";"Colisão lateral mesmo sentido";"Com Vítimas Feridas";"Pleno dia";"Crescente";"Céu Claro";"Simples";"Reta";"Não";3;0;1;0;2;0;1;2;-22,39275751;-54,47688722;"SPRF-MS";"DEL04-MS";"UOP01-DEL04-MS"
452489;2022-05-28;"sábado";"11:30:00";"ES";101;297;"VIANA";"Condutor deixou de manter distância do veículo da frente";"Colisão traseira";"Com Vítimas Feridas";"Pleno dia";"Crescente";"Céu Claro";"Dupla";"Reta";"Sim";3;0;1;0;2;0;1;2;-20,34529844;-40,41026774;"SPRF-ES";"DEL01-ES";"UOP01-DEL01-ES"
452490;2022-05-28;"sábado";"11:00:00";"SC";101;195,8;"BIGUACU";"Trafegar com motocicleta (ou similar) entre as faixas";"Atropelamento de Pedestre";"Com Vítimas Feridas";"Pleno dia";"Decrescente";"Céu Claro";"Múltipla";"Reta";"Sim";2;0;1;0;1;0;1;2;-27,50965121;-48,64430666;"SPRF-SC";"DEL01-SC";"UOP01-DEL01-SC"
452491;2022-05-28;"sábado";"10:00:00";"SP";116;517;"CAJATI";"Reação tardia ou ineficiente do condutor";"Saída de leito carroçável";"Com Vítimas Feridas";"Pleno dia";"Decrescente";"Céu Claro";"Simples";"Curva";"Não";1;0;1;0;0;0;1;1;-24,8768469;-48,22732309;"SPRF-SP";"DEL05-SP";"UOP02-DEL05-SP"
452492;2022-05-28;"sábado";"10:15:00";"PR";158;513,8;"PATO BRANCO";"Velocidade Incompatível";"Saída de leito carroçável";"Com Vítimas Feridas";"Pleno dia";"Crescente";"Chuva";"Simples";"Reta";"Não";2;0;2;0;0;0;2;1;-26,051307;-52,624901;"SPRF-PR";"DEL02-PR";"UOP01-DEL02-PR"
452493;2022-05-28;"sábado";"11:10:00";"RJ";101;417,9;"MANGARATIBA";"Reação tardia ou ineficiente do condutor";"Queda de ocupante de veículo";"Com Vítimas Feridas";"Pleno dia";"Crescente";"Céu Claro";"Simples";"Reta";"Sim";1;0;1;0;0;0;1;1;-22,91293797;-43,89732384;"SPRF-RJ";"DEL03-RJ";"UOP02-DEL03-RJ"
452494;2022-05-28;"sábado";"11:42:00";"MG";381;894;"CAMBUI";"Animais na Pista";"Colisão traseira";"Com Vítimas Feridas";"Pleno dia";"Crescente";"Sol";"Dupla";"Curva";"Não";6;0;4;0;2;0;4;2;-22,61659879;-46,0689412;"SPRF-MG";"DEL16-MG";"UOP03-DEL16-MG"
452496;2022-05-28;"sábado";"11:15:00";"MG";381;492;"BETIM";"Condutor deixou de manter distância do veículo da frente";"Colisão traseira";"Com Vítimas Feridas";"Pleno dia";"Crescente";"Céu Claro";"Dupla";"Aclive;Reta";"Sim";2;0;1;0;1;0;1;2;-19,97490091;-44,19004301;"SPRF-MG";"DEL01-MG";"UOP03-DEL01-MG"
452497;2022-05-28;"sábado";"11:25:00";"SC";116;207,2;"PONTE ALTA";"Acessar a via sem observar a presença dos outros veículos";"Colisão transversal";"Com Vítimas Feridas";"Pleno dia";"Decrescente";"Nublado";"Simples";"Rotatória";"Sim";2;0;1;0;1;0;1;2;-27,48199748;-50,37911479;"SPRF-SC";"DEL05-SC";"UOP03-DEL05-SC"
452498;2022-05-28;"sábado";"13:00:00";"SC";470;81,8;"RODEIO";"Ausência de reação do condutor";"Tombamento";"Com Vítimas Feridas";"Pleno dia";"Crescente";"Nublado";"Simples";"Curva";"Não";1;0;0;1;0;0;1;1;-26,950367;-49,325638;"SPRF-SC";"DEL04-SC";"UOP01-DEL04-SC"
452499;2022-05-28;"sábado";"13:10:00";"BA";242;818;"BARREIRAS";"Conversão proibida";"Colisão traseira";"Com Vítimas Feridas";"Pleno dia";"Decrescente";"Sol";"Simples";"Reta";"Não";4;0;1;0;2;1;1;3;-12,17817091;-44,95632444;"SPRF-BA";"DEL10-BA";"UOP01-DEL10-BA"
452500;2022-05-28;"sábado";"13:00:00";"RS";470;218;"BENTO GONCALVES";"Problema com o freio";"Saída de leito carroçável";"Com Vítimas Feridas";"Pleno dia";"Crescente";"Nublado";"Simples";"Interseção de Vias;Declive";"Não";1;0;1;0;0;0;1;1;-29,18220429;-51,52031243;"SPRF-RS";"DEL06-RS";"UOP01-DEL06-RS"
452501;2022-05-28;"sábado";"13:44:00";"GO";40;2,8;"VALPARAISO DE GOIAS";"Ausência de reação do condutor";"Colisão lateral mesmo sentido";"Com Vítimas Feridas";"Pleno dia";"Crescente";"Céu Claro";"Dupla";"Reta";"Sim";2;0;1;0;1;0;1;2;-16,067129;-47,984235;"SPRF-DF";"DEL01-DF";"UOP01-DEL01-DF"
452502;2022-05-28;"sábado";"11:15:00";"RJ";101;208,8;"CASIMIRO DE ABREU";"Entrada inopinada do pedestre";"Atropelamento de Pedestre";"Com Vítimas Feridas";"Pleno dia";"Decrescente";"Céu Claro";"Simples";"Reta";"Não";2;0;0;1;1;0;1;2;-22,4806698;-42,22017209;"SPRF-RJ";"DEL08-RJ";"UOP04-DEL08-RJ"
452504;2022-05-28;"sábado";"13:10:00";"SP";116;213;"GUARULHOS";"Manobra de mudança de faixa";"Colisão traseira";"Com Vítimas Feridas";"Pleno dia";"Crescente";"Sol";"Múltipla";"Reta";"Sim";2;0;1;0;1;0;1;2;-23,44095001;-46,44043392;"SPRF-SP";"DEL01-SP";"UOP01-DEL01-SP"
452505;2022-05-28;"sábado";"13:45:00";"SC";101;144;"ITAPEMA";"Reação tardia ou ineficiente do condutor";"Colisão traseira";"Com Vítimas Feridas";"Pleno dia";"Decrescente";"Céu Claro";"Dupla";"Aclive;Reta";"Não";2;0;1;0;1;0;1;2;-27,0732659;-48,59672716;"SPRF-SC";"DEL04-SC";"UOP03-DEL04-SC"
452506;2022-05-28;"sábado";"13:40:00";"PR";369;165;"CAMBE";"Condutor deixou de manter distância do veículo da frente";"Colisão traseira";"Com Vítimas Feridas";"Pleno dia";"Crescente";"Céu Claro";"Dupla";"Aclive;Reta";"Sim";2;0;1;0;1;0;1;2;-23,29535224;-51,30135655;"SPRF-PR";"DEL07-PR";"UOP01-DEL07-PR"
452507;2022-05-28;"sábado";"14:00:00";"ES";101;62,5;"SAO MATEUS";"Reação tardia ou ineficiente do condutor";"Colisão frontal";"Com Vítimas Fatais";"Pleno dia";"Crescente";"Céu Claro";"Simples";"Declive";"Não";2;1;1;0;0;0;1;2;-18,69388503;-39,86407399;"SPRF-ES";"DEL04-ES";"UOP02-DEL04-ES"
452509;2022-05-28;"sábado";"11:30:00";"RS";116;206,8;"PICADA CAFE";"Velocidade Incompatível";"Saída de leito carroçável";"Com Vítimas Feridas";"Pleno dia";"Decrescente";"Nublado";"Simples";"Curva";"Não";1;0;1;0;0;0;1;1;-29,49966726;-51,1306017;"SPRF-RS";"DEL05-RS";"UOP02-DEL05-RS"
452512;2022-05-28;"sábado";"13:40:00";"RJ";101;329;"RIO DE JANEIRO";"Ausência de reação do condutor";"Colisão traseira";"Sem Vítimas";"Pleno dia";"Crescente";"Céu Claro";"Dupla";"Reta;Ponte";"Não";6;0;0;0;6;0;0;2;-22,86939305;-43,175642;"SPRF-RJ";"DEL02-RJ";"UOP01-DEL02-RJ"
452516;2022-05-28;"sábado";"09:20:00";"SP";116;114,1;"TAUBATE";"Objeto estático sobre o leito carroçável";"Colisão com objeto";"Com Vítimas Feridas";"Pleno dia";"Crescente";"Céu Claro";"Dupla";"Reta";"Sim";2;0;2;0;0;0;2;1;-23,04654177;-45,59018006;"SPRF-SP";"DEL02-SP";"UOP02-DEL02-SP"
452517;2022-05-28;"sábado";"14:00:00";"RJ";116;171;"RIO DE JANEIRO";"Avarias e/ou desgaste excessivo no pneu";"Queda de ocupante de veículo";"Com Vítimas Feridas";"Pleno dia";"Decrescente";"Céu Claro";"Múltipla";"Reta";"Sim";2;0;2;0;0;0;2;1;-22,8060415;-43,34289573;"SPRF-RJ";"DEL01-RJ";"UOP02-DEL01-RJ"
452519;2022-05-28;"sábado";"13:40:00";"MG";381;487;"BETIM";"Ausência de reação do condutor";"Colisão traseira";"Com Vítimas Feridas";"Pleno dia";"Decrescente";"Céu Claro";"Dupla";"Curva";"Sim";2;0;1;0;1;0;1;2;-19,95586853;-44,14609501;"SPRF-MG";"DEL01-MG";"UOP03-DEL01-MG"
452520;2022-05-28;"sábado";"14:40:00";"PR";277;81;"CURITIBA";"Reação tardia ou ineficiente do condutor";"Colisão traseira";"Com Vítimas Feridas";"Pleno dia";"Crescente";"Céu Claro";"Dupla";"Reta";"Sim";2;0;1;0;1;0;1;2;-25,568939;-49,181978;"SPRF-PR";"DEL01-PR";"UOP01-DEL01-PR"
452521;2022-05-28;"sábado";"13:30:00";"MT";163;831,6;"SINOP";"Ingestão de álcool pelo condutor";"Saída de leito carroçável";"Com Vítimas Feridas";"Pleno dia";"Crescente";"Sol";"Dupla";"Curva";"Sim";3;0;1;0;0;2;1;1;-12,040704;-55,51732275;"SPRF-MT";"DEL06-MT";"UOP01-DEL06-MT"
452522;2022-05-28;"sábado";"13:50:00";"RS";116;138,7;"CAXIAS DO SUL";"Velocidade Incompatível";"Saída de leito carroçável";"Com Vítimas Feridas";"Pleno dia";"Crescente";"Nublado";"Simples";"Curva";"Não";1;0;1;0;0;0;1;1;-29,08970102;-51,11289119;"SPRF-RS";"DEL05-RS";"UOP01-DEL05-RS"
452523;2022-05-28;"sábado";"15:20:00";"SC";280;31,6;"ARAQUARI";"Reação tardia ou ineficiente do condutor";"Capotamento";"Com Vítimas Feridas";"Pleno dia";"Crescente";"Nublado";"Simples";"Rotatória";"Não";2;0;2;0;0;0;2;1;-26,41649938;-48,77181215;"SPRF-SC";"DEL03-SC";"UOP03-DEL03-SC"
452525;2022-05-28;"sábado";"14:50:00";"MG";50;36;"ARAGUARI";"Ausência de reação do condutor";"Colisão traseira";"Com Vítimas Feridas";"Pleno dia";"Crescente";"Céu Claro";"Dupla";"Reta";"Sim";2;0;2;0;0;0;2;2;-18,65453092;-48,14727203;"SPRF-MG";"DEL15-MG";"UOP02-DEL15-MG"
452528;2022-05-28;"sábado";"15:50:00";"SP";101;52;"UBATUBA";"Animais na Pista";"Queda de ocupante de veículo";"Com Vítimas Feridas";"Pleno dia";"Decrescente";"Céu Claro";"Simples";"Curva";"Sim";1;0;1;0;0;0;1;1;-23,46721209;-45,06299151;"SPRF-SP";"DEL06-SP";"UOP01-DEL06-SP"
452529;2022-05-28;"sábado";"15:40:00";"MG";365;701,6;"MONTE ALEGRE DE MINAS";"Ausência de reação do condutor";"Saída de leito carroçável";"Com Vítimas Feridas";"Pleno dia";"Crescente";"Céu Claro";"Dupla";"Declive;Reta";"Não";1;0;1;0;0;0;1;1;-18,880499;-49,00925;"SPRF-MG";"DEL15-MG";"UOP03-DEL15-MG"
452530;2022-05-28;"sábado";"14:10:00";"CE";116;457,1;"BARRO";"Velocidade Incompatível";"Capotamento";"Com Vítimas Feridas";"Pleno dia";"Decrescente";"Céu Claro";"Simples";"Curva";"Não";2;0;1;1;0;0;2;1;-7,16973094;-38,78066669;"SPRF-CE";"DEL05-CE";"UOP03-DEL05-CE"
452532;2022-05-28;"sábado";"15:49:00";"GO";153;496;"GOIANIA";"Desrespeitar a preferência no cruzamento";"Colisão lateral mesmo sentido";"Com Vítimas Feridas";"Pleno dia";"Crescente";"Céu Claro";"Dupla";"Interseção de Vias";"Sim";2;0;0;1;1;0;1;2;-16,6776;-49,2314;"SPRF-GO";"DEL01-GO";"UOP01-DEL01-GO"
452533;2022-05-28;"sábado";"13:54:00";"RO";429;65;"PRESIDENTE MEDICI";"Ausência de reação do condutor";"Saída de leito carroçável";"Com Vítimas Feridas";"Pleno dia";"Crescente";"Sol";"Simples";"Curva";"Não";1;0;1;0;0;0;1;1;-11,22622485;-62,12905884;"SPRF-RO";"DEL02-RO";"UOP03-DEL02-RO"
452535;2022-05-28;"sábado";"13:30:00";"RO";435;85;"COLORADO DO OESTE";"Acesso irregular";"Colisão transversal";"Com Vítimas Feridas";"Pleno dia";"Crescente";"Céu Claro";"Simples";"Reta";"Sim";2;0;1;0;1;0;1;2;-13,11884911;-60,53173398;"SPRF-RO";"DEL04-RO";"UOP02-DEL04-RO"
452536;2022-05-28;"sábado";"11:00:00";"RO";435;127;"CEREJEIRAS";"Acesso irregular";"Colisão lateral mesmo sentido";"Sem Vítimas";"Pleno dia";"Crescente";"Céu Claro";"Simples";"Reta";"Não";2;0;0;0;1;1;0;2;-13,1889767;-60,84728001;"SPRF-RO";"DEL04-RO";"UOP02-DEL04-RO"
452538;2022-05-28;"sábado";"09:20:00";"RJ";101;124;"CONCEICAO DE MACABU";"Redutor de velocidade em desacordo";"Queda de ocupante de veículo";"Com Vítimas Feridas";"Pleno dia";"Decrescente";"Céu Claro";"Dupla";"Reta";"Não";3;0;3;0;0;0;3;3;-22,05826818;-41,68411491;"SPRF-RJ";"DEL08-RJ";"UOP04-DEL08-RJ"
452539;2022-05-28;"sábado";"14:45:00";"RJ";40;91;"PETROPOLIS";"Velocidade Incompatível";"Capotamento";"Com Vítimas Feridas";"Pleno dia";"Crescente";"Céu Claro";"Simples";"Curva";"Não";1;0;1;0;0;0;1;1;-22,54903566;-43,24229724;"SPRF-RJ";"DEL06-RJ";"UOP01-DEL06-RJ"
452541;2022-05-28;"sábado";"17:00:00";"RJ";116;97;"GUAPIMIRIM";"Demais falhas na via";"Tombamento";"Com Vítimas Feridas";"Anoitecer";"Crescente";"Céu Claro";"Simples";"Reta";"Não";2;0;2;0;0;0;2;1;-22,47811419;-42,99603471;"SPRF-RJ";"DEL04-RJ";"UOP01-DEL04-RJ"
452542;2022-05-28;"sábado";"17:00:00";"PE";423;83,9;"JUCATI";"Manobra de mudança de faixa";"Colisão frontal";"Com Vítimas Feridas";"Pleno dia";"Decrescente";"Céu Claro";"Simples";"Reta";"Não";3;0;0;1;2;0;1;2;-8,79028092;-36,43450918;"SPRF-PE";"DEL03-PE";"UOP01-DEL03-PE"
452543;2022-05-28;"sábado";"16:40:00";"MS";60;190;"CAMAPUA";"Desrespeitar a preferência no cruzamento";"Colisão transversal";"Sem Vítimas";"Pleno dia";"Decrescente";"Céu Claro";"Simples";"Interseção de Vias";"Não";2;0;0;0;2;0;0;2;-19,50233173;-53,9920359;"SPRF-MS";"DEL06-MS";"UOP02-DEL06-MS"
452544;2022-05-28;"sábado";"14:40:00";"RO";364;307;"PRESIDENTE MEDICI";"Acessar a via sem observar a presença dos outros veículos";"Colisão transversal";"Com Vítimas Feridas";"Pleno dia";"Crescente";"Céu Claro";"Simples";"Reta";"Sim";4;0;0;1;2;1;1;3;-11,181447;-61,90154;"SPRF-RO";"DEL02-RO";"UOP01-DEL02-RO"
452545;2022-05-12;"quinta-feira";"07:45:00";"MG";116;410;"GOVERNADOR VALADARES";"Acessar a via sem observar a presença dos outros veículos";"Colisão transversal";"Com Vítimas Feridas";"Pleno dia";"Crescente";"Céu Claro";"Simples";"Interseção de Vias";"Sim";2;0;1;0;1;0;1;2;-18,855625;-41,975623;"SPRF-MG";"DEL06-MG";"UOP01-DEL06-MG"
452547;2022-05-28;"sábado";"16:00:00";"PR";277;28;"MORRETES";"Condutor deixou de manter distância do veículo da frente";"Colisão traseira";"Com Vítimas Feridas";"Pleno dia";"Crescente";"Céu Claro";"Dupla";"Reta";"Não";5;0;1;0;4;0;1;2;-25,545391;-48,783533;"SPRF-PR";"DEL01-PR";"UOP05-DEL01-PR"
452548;2022-05-28;"sábado";"17:50:00";"ES";101;384,7;"RIO NOVO DO SUL";"Ingestão de álcool e/ou substâncias psicoativas pelo pedestre";"Colisão transversal";"Com Vítimas Feridas";"Plena Noite";"Decrescente";"Nublado";"Simples";"Reta";"Não";2;0;2;0;0;0;2;2;-20,83220507;-40,86011694;"SPRF-ES";"DEL03-ES";"UOP01-DEL03-ES"
452549;2022-05-28;"sábado";"17:50:00";"RJ";101;23,5;"CAMPOS DOS GOYTACAZES";"Transitar na contramão";"Saída de leito carroçável";"Com Vítimas Feridas";"Anoitecer";"Decrescente";"Céu Claro";"Simples";"Curva";"Não";4;0;2;0;2;0;2;1;-21,41032437;-41,34601593;"SPRF-RJ";"DEL08-RJ";"UOP01-DEL08-RJ"
452550;2022-05-28;"sábado";"17:20:00";"PB";230;1;"PATOS";"Acessar a via sem observar a presença dos outros veículos";"Colisão transversal";"Com Vítimas Feridas";"Anoitecer";"Decrescente";"Céu Claro";"Simples";"Reta";"Não";3;0;1;0;0;2;1;3;-7,01093124;-37,29002237;"SPRF-PB";"DEL03-PB";"UOP01-DEL03-PB"
452551;2022-05-28;"sábado";"15:00:00";"PR";277;28;"MORRETES";"Ingestão de álcool pelo condutor";"Saída de leito carroçável";"Sem Vítimas";"Pleno dia";"Decrescente";"Céu Claro";"Dupla";"Reta";"Não";2;0;0;0;2;0;0;1;-25,52874613;-48,73512603;"SPRF-PR";"DEL01-PR";"UOP05-DEL01-PR"
452555;2022-05-28;"sábado";"11:20:00";"RJ";393;238;"VASSOURAS";"Velocidade Incompatível";"Capotamento";"Com Vítimas Feridas";"Pleno dia";"Decrescente";"Céu Claro";"Simples";"Reta";"Não";4;0;1;0;0;3;1;1;-22,40095658;-43,66442518;"SPRF-RJ";"DEL05-RJ";"UOP03-DEL05-RJ"
452556;2022-05-28;"sábado";"18:40:00";"RS";285;450;"IJUI";"Ingestão de álcool pelo condutor";"Colisão lateral sentido oposto";"Sem Vítimas";"Plena Noite";"Crescente";"Garoa/Chuvisco";"Simples";"Reta";"Não";3;0;0;0;3;0;0;2;-28,371998;-53,831097;"SPRF-RS";"DEL10-RS";"UOP01-DEL10-RS"
452557;2022-05-28;"sábado";"16:50:00";"MT";163;753;"SORRISO";"Desrespeitar a preferência no cruzamento";"Colisão frontal";"Sem Vítimas";"Anoitecer";"Crescente";"Céu Claro";"Dupla";"Rotatória";"Sim";3;0;0;0;3;0;0;2;-12,64601993;-55,78671414;"SPRF-MT";"DEL06-MT";"UOP01-DEL06-MT"
452559;2022-05-28;"sábado";"19:22:00";"SC";280;231;"CANOINHAS";"Pista Escorregadia";"Colisão com objeto";"Com Vítimas Feridas";"Plena Noite";"Decrescente";"Chuva";"Simples";"Reta";"Sim";1;0;1;0;0;0;1;1;-26,1893047;-50,37170989;"SPRF-SC";"DEL06-SC";"UOP04-DEL06-SC"
452560;2022-05-28;"sábado";"19:30:00";"TO";235;199;"FORTALEZA DO TABOCAO";"Demais falhas mecânicas ou elétricas";"Queda de ocupante de veículo";"Com Vítimas Feridas";"Plena Noite";"Crescente";"Céu Claro";"Simples";"Reta";"Não";3;0;3;0;0;0;3;2;-8,93741407;-48,44957405;"SPRF-TO";"DEL02-TO";"UOP02-DEL02-TO"
452561;2022-05-28;"sábado";"19:00:00";"RS";285;269,8;"MATO CASTELHANO";"Ingestão de álcool pelo condutor";"Colisão traseira";"Com Vítimas Feridas";"Plena Noite";"Crescente";"Garoa/Chuvisco";"Simples";"Reta";"Não";3;0;1;0;2;0;1;2;-28,292225;-52,161327;"SPRF-RS";"DEL08-RS";"UOP03-DEL08-RS"
452562;2022-05-28;"sábado";"18:40:00";"MA";10;252;"IMPERATRIZ";"Desrespeitar a preferência no cruzamento";"Colisão transversal";"Com Vítimas Feridas";"Plena Noite";"Decrescente";"Céu Claro";"Simples";"Interseção de Vias;Reta";"Sim";3;0;1;1;0;1;2;3;-5,53562;-47,469585;"SPRF-MA";"DEL04-MA";"UOP01-DEL04-MA"
452563;2022-05-28;"sábado";"18:45:00";"SP";153;110,1;"JOSE BONIFACIO";"Acessar a via sem observar a presença dos outros veículos";"Colisão lateral mesmo sentido";"Com Vítimas Feridas";"Plena Noite";"Decrescente";"Céu Claro";"Simples";"Reta";"Não";3;0;2;0;0;1;2;2;-21,08829403;-49,67458606;"SPRF-SP";"DEL09-SP";"UOP01-DEL09-SP"
452564;2022-05-28;"sábado";"19:30:00";"RJ";101;392;"RIO DE JANEIRO";"Velocidade Incompatível";"Saída de leito carroçável";"Sem Vítimas";"Plena Noite";"Crescente";"Céu Claro";"Dupla";"Reta";"Sim";1;0;0;0;0;1;0;1;-22,89265625;-43,6945091;"SPRF-RJ";"DEL03-RJ";"UOP01-DEL03-RJ"
452565;2022-05-28;"sábado";"18:40:00";"MS";163;609;"SAO GABRIEL DO OESTE";"Reação tardia ou ineficiente do condutor";"Colisão traseira";"Com Vítimas Fatais";"Plena Noite";"Crescente";"Céu Claro";"Simples";"Reta";"Não";6;1;0;0;5;0;0;2;-19,4409361;-54,53079011;"SPRF-MS";"DEL06-MS";"UOP02-DEL06-MS"
452566;2022-05-28;"sábado";"18:00:00";"SC";280;25,4;"ARAQUARI";"Transitar na contramão";"Colisão lateral sentido oposto";"Sem Vítimas";"Plena Noite";"Crescente";"Ignorado";"Simples";"Reta";"Sim";2;0;0;0;2;0;0;2;-26,38352781;-48,72677516;"SPRF-SC";"DEL03-SC";"UOP03-DEL03-SC"
452567;2022-05-28;"sábado";"20:15:00";"SC";470;86,9;"RODEIO";"Ausência de reação do condutor";"Colisão com objeto";"Com Vítimas Feridas";"Plena Noite";"Crescente";"Chuva";"Simples";"Ponte";"Não";1;0;1;0;0;0;1;1;-26,949951;-49,357296;"SPRF-SC";"DEL04-SC";"UOP01-DEL04-SC"
452568;2022-05-28;"sábado";"19:40:00";"SC";101;122;"ITAJAI";"Reação tardia ou ineficiente do condutor";"Colisão traseira";"Com Vítimas Feridas";"Plena Noite";"Crescente";"Nublado";"Dupla";"Reta";"Sim";3;0;1;0;2;0;1;2;-26,92955916;-48,70499836;"SPRF-SC";"DEL04-SC";"UOP04-DEL04-SC"
452570;2022-05-28;"sábado";"19:20:00";"MG";365;166,3;"PIRAPORA";"Manobra de mudança de faixa";"Colisão frontal";"Com Vítimas Feridas";"Plena Noite";"Crescente";"Céu Claro";"Simples";"Reta";"Sim";2;0;0;1;1;0;1;2;-17,38199719;-44,97027099;"SPRF-MG";"DEL12-MG";"UOP01-DEL12-MG"
452571;2022-05-28;"sábado";"19:50:00";"SC";282;46;"AGUAS MORNAS";"Ultrapassagem Indevida";"Saída de leito carroçável";"Com Vítimas Feridas";"Plena Noite";"Decrescente";"Chuva";"Simples";"Curva";"Não";1;0;1;0;0;0;1;1;-27,721041;-48,925152;"SPRF-SC";"DEL01-SC";"UOP03-DEL01-SC"
452572;2022-05-28;"sábado";"19:36:00";"PB";101;99,4;"CONDE";"Reação tardia ou ineficiente do condutor";"Saída de leito carroçável";"Sem Vítimas";"Plena Noite";"Decrescente";"Nublado";"Dupla";"Retorno Regulamentado";"Não";1;0;0;0;0;1;0;1;-7,2557332;-34,93469152;"SPRF-PB";"DEL01-PB";"UOP02-DEL01-PB"
452575;2022-05-28;"sábado";"17:40:00";"SC";470;244;"CURITIBANOS";"Reação tardia ou ineficiente do condutor";"Colisão traseira";"Sem Vítimas";"Plena Noite";"Decrescente";"Chuva";"Simples";"Declive;Reta";"Não";2;0;0;0;2;0;0;2;-27,3145294;-50,51640272;"SPRF-SC";"DEL05-SC";"UOP03-DEL05-SC"
452576;2022-05-28;"sábado";"19:20:00";"RJ";101;484;"ANGRA DOS REIS";"Ingestão de álcool pelo condutor";"Colisão lateral sentido oposto";"Com Vítimas Feridas";"Plena Noite";"Decrescente";"Céu Claro";"Simples";"Reta";"Não";3;0;2;0;1;0;2;3;-22,99096308;-44,30429882;"SPRF-RJ";"DEL03-RJ";"UOP03-DEL03-RJ"
452577;2022-05-28;"sábado";"05:00:00";"RS";470;254;"SAO PEDRO DA SERRA";"Frear bruscamente";"Saída de leito carroçável";"Sem Vítimas";"Plena Noite";"Crescente";"Céu Claro";"Simples";"Reta";"Não";1;0;0;0;0;1;0;1;-29,40393116;-51,51140849;"SPRF-RS";"DEL06-RS";"UOP01-DEL06-RS"
452580;2022-05-28;"sábado";"19:40:00";"MG";262;394;"PARA DE MINAS";"Animais na Pista";"Atropelamento de Animal";"Com Vítimas Feridas";"Plena Noite";"Decrescente";"Céu Claro";"Dupla";"Reta";"Não";2;0;1;0;1;0;1;2;-19,91870373;-44,49079292;"SPRF-MG";"DEL01-MG";"UOP03-DEL01-MG"
452581;2022-05-28;"sábado";"19:40:00";"MG";262;364;"JUATUBA";"Ausência de reação do condutor";"Colisão traseira";"Com Vítimas Feridas";"Anoitecer";"Decrescente";"Céu Claro";"Dupla";"Reta";"Sim";2;0;1;0;0;1;1;2;-19,98290644;-44,24492623;"SPRF-MG";"DEL01-MG";"UOP03-DEL01-MG"
452582;2022-05-28;"sábado";"20:30:00";"MG";381;494;"BETIM";"Acessar a via sem observar a presença dos outros veículos";"Colisão traseira";"Com Vítimas Feridas";"Plena Noite";"Decrescente";"Céu Claro";"Dupla";"Reta";"Sim";2;0;1;0;1;0;1;2;-19,985563;-44,20318;"SPRF-MG";"DEL01-MG";"UOP03-DEL01-MG"
452583;2022-05-28;"sábado";"18:55:00";"RJ";40;106;"DUQUE DE CAXIAS";"Avarias e/ou desgaste excessivo no pneu";"Queda de ocupante de veículo";"Com Vítimas Feridas";"Plena Noite";"Decrescente";"Céu Claro";"Dupla";"Reta";"Sim";2;0;2;0;0;0;2;1;-22,64679;-43,283726;"SPRF-RJ";"DEL01-RJ";"UOP01-DEL01-RJ"
452586;2022-05-28;"sábado";"20:07:00";"GO";80;19;"PADRE BERNARDO";"Condutor Dormindo";"Saída de leito carroçável";"Com Vítimas Feridas";"Plena Noite";"Crescente";"Céu Claro";"Dupla";"Curva";"Sim";1;0;1;0;0;0;1;1;-15,384497;-48,208798;"SPRF-DF";"DEL03-DF";"UOP02-DEL03-DF"
452590;2022-05-28;"sábado";"20:45:00";"CE";116;374,9;"ICO";"Acessar a via sem observar a presença dos outros veículos";"Colisão transversal";"Com Vítimas Feridas";"Plena Noite";"Crescente";"Céu Claro";"Simples";"Reta";"Sim";3;0;2;1;0;0;3;2;-6,38981779;-38,82378617;"SPRF-CE";"DEL05-CE";"UOP01-DEL05-CE"
452592;2022-05-28;"sábado";"20:40:00";"MG";40;47,7;"PARACATU";"Acostamento em desnível";"Tombamento";"Com Vítimas Feridas";"Plena Noite";"Crescente";"Céu Claro";"Simples";"Reta";"Não";2;0;2;0;0;0;2;1;-17,24087329;-46,82787504;"SPRF-MG";"DEL14-MG";"UOP01-DEL14-MG"
452593;2022-05-28;"sábado";"18:23:00";"AC";364;118;"RIO BRANCO";"Entrada inopinada do pedestre";"Atropelamento de Pedestre";"Com Vítimas Fatais";"Plena Noite";"Crescente";"Céu Claro";"Simples";"Reta";"Sim";3;1;0;0;2;0;0;2;-10,01262298;-67,737275;"SPRF-AC";"DEL01-AC";"UOP01-DEL01-AC"
452594;2022-05-28;"sábado";"19:00:00";"BA";101;813;"ITAMARAJU";"Velocidade Incompatível";"Colisão frontal";"Com Vítimas Fatais";"Plena Noite";"Decrescente";"Céu Claro";"Simples";"Reta";"Não";2;1;0;0;0;1;0;2;-17,056001;-39,550143;"SPRF-BA";"DEL09-BA";"UOP02-DEL09-BA"