"id";"data_inversa";"dia_semana";"horario";"uf";"br";"km";"municipio";"causa_acidente";"tipo_acidente";"classificacao_acidente";"fase_dia";"sentido_via";"condicao_metereologica";"tipo_pista";"tracado_via";"uso_solo";"pessoas";"mortos";"feridos_leves";"feridos_graves";"ilesos";"ignorados";"feridos";"veiculos";"latitude";"longitude";"regional";"delegacia";"uop"
452595;2022-05-28;"sábado";"21:15:00";"PI";316;4;"TERESINA";"Ingestão de álcool pelo condutor";"Queda de ocupante de veículo";"Com Vítimas Feridas";"Plena Noite";"Crescente";"Garoa/Chuvisco";"Múltipla";"Reta";"Não";1;0;0;1;0;0;1;1;-5,140263;-42,784647;"SPRF-PI";"DEL01-PI";"UOP02-DEL01-PI"
452596;2022-05-28;"sábado";"20:20:00";"SC";101;67,8;"ARAQUARI";"Reação tardia ou ineficiente do condutor";"Colisão com objeto";"Com Vítimas Feridas";"Plena Noite";"Crescente";"Nublado";"Dupla";"Curva";"Não";1;0;0;1;0;0;1;1;-26,49522221;-48,7327981;"SPRF-SC";"DEL03-SC";"UOP02-DEL03-SC"
452597;2022-05-28;"sábado";"14:35:00";"MG";116;612,9;"SAO JOAO DO MANHUACU";"Velocidade Incompatível";"Saída de leito carroçável";"Com Vítimas Fatais";"Pleno dia";"Crescente";"Céu Claro";"Simples";"Curva";"Não";1;1;0;0;0;0;0;1;-20,42881501;-42,16258798;"SPRF-MG";"DEL07-MG";"UOP03-DEL07-MG"
452598;2022-05-28;"sábado";"19:45:00";"SP";116;121,9;"CACAPAVA";"Condutor deixou de manter distância do veículo da frente";"Colisão traseira";"Com Vítimas Feridas";"Plena Noite";"Crescente";"Céu Claro";"Dupla";"Reta";"Sim";3;0;0;1;2;0;1;2;-23,080352;-45,659583;"SPRF-SP";"DEL02-SP";"UOP02-DEL02-SP"
452599;2022-05-28;"sábado";"19:50:00";"RS";116;136;"CAXIAS DO SUL";"Reação tardia ou ineficiente do condutor";"Tombamento";"Sem Vítimas";"Plena Noite";"Crescente";"Ignorado";"Simples";"Curva";"Não";1;0;0;0;1;0;0;1;-29,075135;-51,106044;"SPRF-RS";"DEL05-RS";"UOP01-DEL05-RS"
452600;2022-05-28;"sábado";"21:25:00";"PR";369;177,9;"ROLANDIA";"Reação tardia ou ineficiente do condutor";"Saída de leito carroçável";"Sem Vítimas";"Plena Noite";"Decrescente";"Céu Claro";"Dupla";"Reta";"Não";1;0;0;0;0;1;0;1;-23,35736;-51,39508;"SPRF-PR";"DEL07-PR";"UOP01-DEL07-PR"
452602;2022-05-28;"sábado";"21:10:00";"PE";424;87;"GARANHUNS";"Ingestão de álcool pelo condutor";"Colisão frontal";"Sem Vítimas";"Plena Noite";"Crescente";"Garoa/Chuvisco";"Simples";"Reta";"Não";4;0;0;0;1;3;0;3;-8,874289;-36,507607;"SPRF-PE";"DEL03-PE";"UOP01-DEL03-PE"
452605;2022-05-28;"sábado";"22:00:00";"BA";101;797;"ITAMARAJU";"Transitar na contramão";"Colisão frontal";"Com Vítimas Feridas";"Plena Noite";"Decrescente";"Céu Claro";"Simples";"Reta";"Não";3;0;0;1;1;1;1;2;-17,11496204;-39,56682453;"SPRF-BA";"DEL09-BA";"UOP01-DEL09-BA"
452606;2022-05-28;"sábado";"22:50:00";"SC";101;124;"ITAJAI";"Ingestão de álcool e/ou substâncias psicoativas pelo pedestre";"Colisão com objeto";"Sem Vítimas";"Plena Noite";"Crescente";"Nublado";"Dupla";"Curva";"Sim";5;0;0;0;5;0;0;1;-26,94335064;-48,69198648;"SPRF-SC";"DEL04-SC";"UOP04-DEL04-SC"
452607;2022-05-28;"sábado";"19:04:00";"SP";116;490;"CAJATI";"Reação tardia ou ineficiente do condutor";"Colisão lateral mesmo sentido";"Com Vítimas Feridas";"Plena Noite";"Decrescente";"Céu Claro";"Dupla";"Reta";"Sim";2;0;1;1;0;0;2;2;-24,73464809;-48,11602794;"SPRF-SP";"DEL05-SP";"UOP01-DEL05-SP"
452608;2022-05-28;"sábado";"21:15:00";"GO";153;441;"ANAPOLIS";"Condutor usando celular";"Colisão com objeto";"Com Vítimas Feridas";"Plena Noite";"Decrescente";"Céu Claro";"Simples";"Reta";"Não";1;0;1;0;0;0;1;1;-16,315866;-48,921612;"SPRF-GO";"DEL02-GO";"UOP01-DEL02-GO"
452609;2022-05-28;"sábado";"21:30:00";"CE";116;13;"FORTALEZA";"Manobra de mudança de faixa";"Colisão lateral mesmo sentido";"Sem Vítimas";"Plena Noite";"Crescente";"Nublado";"Múltipla";"Reta";"Sim";2;0;0;0;2;0;0;2;-3,86088501;-38,49715296;"SPRF-CE";"DEL01-CE";"UOP02-DEL01-CE"
452611;2022-05-28;"sábado";"08:20:00";"MG";262;422;"NOVA SERRANA";"Pedestre cruzava a pista fora da faixa";"Atropelamento de Pedestre";"Com Vítimas Feridas";"Plena Noite";"Decrescente";"Céu Claro";"Dupla";"Reta";"Sim";2;0;1;0;1;0;1;2;-19,8707056;-44,98420715;"SPRF-MG";"DEL08-MG";"UOP03-DEL08-MG"
452613;2022-05-28;"sábado";"22:10:00";"SC";470;117,7;"IBIRAMA";"Reação tardia ou ineficiente do condutor";"Saída de leito carroçável";"Com Vítimas Feridas";"Plena Noite";"Crescente";"Garoa/Chuvisco";"Simples";"Reta";"Não";1;0;1;0;0;0;1;1;-27,081692;-49,502277;"SPRF-SC";"DEL04-SC";"UOP02-DEL04-SC"
452614;2022-05-28;"sábado";"20:00:00";"MG";262;444;"NOVA SERRANA";"Condutor deixou de manter distância do veículo da frente";"Colisão traseira";"Sem Vítimas";"Plena Noite";"Crescente";"Céu Claro";"Dupla";"Reta";"Não";1;0;0;0;1;0;0;1;-19,881131;-44,931502;"SPRF-MG";"DEL08-MG";"UOP03-DEL08-MG"
452615;2022-05-28;"sábado";"22:00:00";"PE";101;15;"GOIANA";"Ingestão de álcool e/ou substâncias psicoativas pelo pedestre";"Saída de leito carroçável";"Sem Vítimas";"Plena Noite";"Crescente";"Chuva";"Dupla";"Reta";"Não";1;0;0;0;0;1;0;1;-7,62621106;-34,96669711;"SPRF-PE";"DEL01-PE";"UOP02-DEL01-PE"
452616;2022-05-28;"sábado";"21:00:00";"RS";116;638;"JAGUARAO";"Ingestão de álcool pelo condutor";"Saída de leito carroçável";"Sem Vítimas";"Plena Noite";"Decrescente";"Nevoeiro/Neblina";"Simples";"Reta";"Não";1;0;0;0;1;0;0;1;-32,43814713;-53,25732287;"SPRF-RS";"DEL07-RS";"UOP03-DEL07-RS"
452620;2022-05-28;"sábado";"22:50:00";"PR";369;201,8;"APUCARANA";"Condutor desrespeitou a iluminação vermelha do semáforo";"Colisão transversal";"Sem Vítimas";"Plena Noite";"Decrescente";"Céu Claro";"Simples";"Interseção de Vias";"Sim";3;0;0;0;2;1;0;3;-23,5410616;-51,45660281;"SPRF-PR";"DEL07-PR";"UOP03-DEL07-PR"
452621;2022-05-28;"sábado";"23:30:00";"RS";158;265;"JULIO DE CASTILHOS";"Reação tardia ou ineficiente do condutor";"Saída de leito carroçável";"Sem Vítimas";"Plena Noite";"Crescente";"Chuva";"Simples";"Reta";"Sim";1;0;0;0;0;1;0;1;-29,2478028;-53,66513609;"SPRF-RS";"DEL09-RS";"UOP01-DEL09-RS"
452622;2022-05-29;"domingo";"00:05:00";"GO";153;598,5;"MORRINHOS";"Reação tardia ou ineficiente do condutor";"Saída de leito carroçável";"Com Vítimas Feridas";"Plena Noite";"Crescente";"Céu Claro";"Dupla";"Curva";"Não";3;0;2;0;1;0;2;1;-17,5354;-49,2128;"SPRF-GO";"DEL03-GO";"UOP01-DEL03-GO"
452623;2022-05-29;"domingo";"00:45:00";"ES";101;266,1;"SERRA";"Ausência de reação do condutor";"Colisão traseira";"Sem Vítimas";"Plena Noite";"Crescente";"Céu Claro";"Múltipla";"Reta";"Sim";2;0;0;0;2;0;0;2;-20,190199;-40,26828891;"SPRF-ES";"DEL02-ES";"UOP01-DEL02-ES"
452624;2022-05-29;"domingo";"00:10:00";"PR";369;450;"UBIRATA";"Pedestre andava na pista";"Atropelamento de Pedestre";"Com Vítimas Fatais";"Plena Noite";"Decrescente";"Nublado";"Simples";"Reta";"Não";2;1;0;0;1;0;0;2;-24,55633549;-53,00027847;"SPRF-PR";"DEL04-PR";"UOP03-DEL04-PR"
452625;2022-05-28;"sábado";"20:30:00";"MT";163;782,1;"SORRISO";"Avarias e/ou desgaste excessivo no pneu";"Queda de ocupante de veículo";"Com Vítimas Feridas";"Plena Noite";"Decrescente";"Céu Claro";"Simples";"Reta";"Não";1;0;1;0;0;0;1;1;-12,42949301;-55,64462299;"SPRF-MT";"DEL06-MT";"UOP01-DEL06-MT"
452626;2022-05-29;"domingo";"00:20:00";"SC";101;199;"SAO JOSE";"Ingestão de álcool pelo condutor";"Saída de leito carroçável";"Sem Vítimas";"Plena Noite";"Decrescente";"Nublado";"Múltipla";"Reta";"Sim";2;0;0;0;1;1;0;2;-27,53413705;-48,63003205;"SPRF-SC";"DEL01-SC";"UOP01-DEL01-SC"
452627;2022-05-28;"sábado";"22:50:00";"SP";101;49;"UBATUBA";"Condutor deixou de manter distância do veículo da frente";"Colisão traseira";"Com Vítimas Feridas";"Plena Noite";"Decrescente";"Céu Claro";"Dupla";"Reta";"Sim";2;0;1;0;0;1;1;2;-23,44410908;-45,08375708;"SPRF-SP";"DEL06-SP";"UOP01-DEL06-SP"
452628;2022-05-29;"domingo";"01:00:00";"MG";365;615;"UBERLANDIA";"Ingestão de álcool e/ou substâncias psicoativas pelo pedestre";"Capotamento";"Com Vítimas Feridas";"Plena Noite";"Crescente";"Céu Claro";"Simples";"Viaduto";"Sim";1;0;1;0;0;0;1;1;-18,884602;-48,26594;"SPRF-MG";"DEL15-MG";"UOP01-DEL15-MG"
452630;2022-05-29;"domingo";"00:00:00";"RJ";116;198;"QUEIMADOS";"Reação tardia ou ineficiente do condutor";"Queda de ocupante de veículo";"Sem Vítimas";"Plena Noite";"Decrescente";"Ignorado";"Dupla";"Declive";"Não";1;0;0;0;1;0;0;1;-22,72952183;-43,57481597;"SPRF-RJ";"DEL01-RJ";"UOP02-DEL01-RJ"
452631;2022-05-29;"domingo";"01:00:00";"MG";40;552;"NOVA LIMA";"Velocidade Incompatível";"Colisão frontal";"Sem Vítimas";"Plena Noite";"Crescente";"Céu Claro";"Simples";"Reta";"Sim";1;0;0;0;0;1;0;1;-20,06084086;-43,97716423;"SPRF-MG";"DEL01-MG";"UOP02-DEL01-MG"
452632;2022-05-29;"domingo";"01:00:00";"PR";369;127;"JATAIZINHO";"Condutor Dormindo";"Colisão com objeto";"Com Vítimas Feridas";"Plena Noite";"Crescente";"Céu Claro";"Dupla";"Reta";"Não";1;0;1;0;0;0;1;1;-23,2759576;-50,9626055;"SPRF-PR";"DEL07-PR";"UOP01-DEL07-PR"
452633;2022-05-29;"domingo";"00:30:00";"PB";361;4,6;"PATOS";"Ingestão de álcool pelo condutor";"Colisão com objeto";"Com Vítimas Fatais";"Plena Noite";"Decrescente";"Céu Claro";"Simples";"Reta";"Sim";8;1;0;0;7;0;0;4;-7,03208047;-37,29365088;"SPRF-PB";"DEL03-PB";"UOP01-DEL03-PB"
452634;2022-05-29;"domingo";"00:30:00";"RS";470;159;"NOVA PRATA";"Ausência de reação do condutor";"Saída de leito carroçável";"Sem Vítimas";"Plena Noite";"Decrescente";"Chuva";"Simples";"Curva";"Sim";1;0;0;0;1;0;0;1;-28,80586721;-51,60682934;"SPRF-RS";"DEL06-RS";"UOP02-DEL06-RS"
452635;2022-05-29;"domingo";"00:20:00";"PB";361;4,6;"PATOS";"Animais na Pista";"Atropelamento de Animal";"Com Vítimas Feridas";"Plena Noite";"Decrescente";"Céu Claro";"Simples";"Reta";"Sim";1;0;1;0;0;0;1;1;-7,03208047;-37,29365088;"SPRF-PB";"DEL03-PB";"UOP01-DEL03-PB"
452636;2022-05-29;"domingo";"01:40:00";"SP";381;78,7;"SAO PAULO";"Reação tardia ou ineficiente do condutor";"Tombamento";"Com Vítimas Feridas";"Plena Noite";"Crescente";"Céu Claro";"Dupla";"Curva";"Sim";1;0;0;1;0;0;1;1;-23,39620774;-46,57355227;"SPRF-SP";"DEL03-SP";"UOP01-DEL03-SP"
452637;2022-05-29;"domingo";"01:34:00";"PB";230;77,1;"SOBRADO";"Ingestão de álcool e/ou substâncias psicoativas pelo pedestre";"Colisão com objeto";"Com Vítimas Feridas";"Plena Noite";"Crescente";"Nublado";"Dupla";"Reta";"Não";1;0;0;1;0;0;1;1;-7,184215;-35,299141;"SPRF-PB";"DEL01-PB";"UOP03-DEL01-PB"
452638;2022-05-29;"domingo";"02:37:00";"SP";153;64,3;"SAO JOSE DO RIO PRETO";"Reação tardia ou ineficiente do condutor";"Saída de leito carroçável";"Sem Vítimas";"Plena Noite";"Decrescente";"Céu Claro";"Dupla";"Viaduto";"Sim";2;0;0;0;2;0;0;1;-20,82919401;-49,36046325;"SPRF-SP";"DEL09-SP";"UOP01-DEL09-SP"
452639;2022-05-29;"domingo";"01:30:00";"MS";163;489;"CAMPO GRANDE";"Velocidade Incompatível";"Colisão traseira";"Com Vítimas Feridas";"Plena Noite";"Crescente";"Céu Claro";"Simples";"Reta";"Não";8;0;0;2;6;0;2;3;-20,407664;-54,551764;"SPRF-MS";"DEL01-MS";"UOP02-DEL01-MS"
452641;2022-05-29;"domingo";"02:20:00";"TO";153;129;"WANDERLANDIA";"Animais na Pista";"Atropelamento de Animal";"Com Vítimas Fatais";"Plena Noite";"Decrescente";"Céu Claro";"Simples";"Reta";"Não";2;1;0;0;0;1;0;2;-7,08893865;-48,16292616;"SPRF-TO";"DEL02-TO";"UOP01-DEL02-TO"
452642;2022-05-29;"domingo";"01:00:00";"PR";476;337,8;"PAULA FREITAS";"Neblina";"Saída de leito carroçável";"Com Vítimas Feridas";"Plena Noite";"Decrescente";"Nevoeiro/Neblina";"Simples";"Reta";"Não";2;0;1;1;0;0;2;1;-26,143757;-50,870228;"SPRF-PR";"DEL02-PR";"UOP03-DEL02-PR"
452643;2022-05-28;"sábado";"09:40:00";"RS";386;426;"MONTENEGRO";"Mal súbito do condutor";"Colisão com objeto";"Com Vítimas Feridas";"Pleno dia";"Crescente";"Nublado";"Múltipla";"Reta";"Não";1;0;1;0;0;0;1;1;-29,819479;-51,36208;"SPRF-RS";"DEL04-RS";"UOP02-DEL04-RS"
452645;2022-05-29;"domingo";"03:34:00";"GO";70;10,1;"AGUAS LINDAS DE GOIAS";"Velocidade Incompatível";"Saída de leito carroçável";"Com Vítimas Feridas";"Plena Noite";"Crescente";"Céu Claro";"Dupla";"Reta;Rotatória";"Sim";3;0;3;0;0;0;3;1;-15,73738129;-48,29228118;"SPRF-DF";"DEL03-DF";"UOP02-DEL03-DF"
452647;2022-05-29;"domingo";"03:05:00";"PI";343;592;"FLORIANO";"Transitar na contramão";"Colisão frontal";"Com Vítimas Feridas";"Plena Noite";"Crescente";"Céu Claro";"Simples";"Reta;Túnel;Aclive;Interseção de Vias";"Sim";3;0;0;1;2;0;1;2;-6,777731;-43,031559;"SPRF-PI";"DEL03-PI";"UOP01-DEL03-PI"
452648;2022-05-29;"domingo";"03:00:00";"RS";116;417,8;"CRISTAL";"Ingestão de álcool pelo condutor";"Saída de leito carroçável";"Sem Vítimas";"Plena Noite";"Crescente";"Nublado";"Simples";"Reta";"Não";1;0;0;0;1;0;0;1;-30,94819588;-51,95206906;"SPRF-RS";"DEL02-RS";"UOP02-DEL02-RS"
452649;2022-05-29;"domingo";"03:00:00";"PB";101;94,1;"CONDE";"Acumulo de água sobre o pavimento";"Colisão com objeto";"Sem Vítimas";"Plena Noite";"Decrescente";"Chuva";"Dupla";"Declive";"Não";1;0;0;0;1;0;0;1;-7,205825;-34,90879;"SPRF-PB";"DEL01-PB";"UOP02-DEL01-PB"
452650;2022-05-29;"domingo";"03:25:00";"RS";471;174;"RIO PARDO";"Ingestão de álcool pelo condutor";"Colisão com objeto";"Sem Vítimas";"Plena Noite";"Decrescente";"Nublado";"Simples";"Rotatória";"Sim";1;0;0;0;1;0;0;1;-29,98160952;-52,36931562;"SPRF-RS";"DEL02-RS";"UOP03-DEL02-RS"
452651;2022-05-29;"domingo";"03:00:00";"MA";316;558,8;"CAXIAS";"Objeto estático sobre o leito carroçável";"Colisão com objeto";"Com Vítimas Feridas";"Plena Noite";"Decrescente";"Céu Claro";"Simples";"Aclive";"Não";3;0;1;1;0;1;2;2;-4,885954;-43,301353;"SPRF-MA";"DEL03-MA";"UOP02-DEL03-MA"
452652;2022-05-29;"domingo";"04:00:00";"SP";381;22;"BRAGANCA PAULISTA";"Ingestão de álcool pelo condutor";"Saída de leito carroçável";"Sem Vítimas";"Plena Noite";"Crescente";"Céu Claro";"Dupla";"Reta";"Sim";1;0;0;0;1;0;0;1;-22,99697186;-46,5163051;"SPRF-SP";"DEL03-SP";"UOP01-DEL03-SP"
452653;2022-05-29;"domingo";"04:00:00";"SC";101;111;"NAVEGANTES";"Reação tardia ou ineficiente do condutor";"Saída de leito carroçável";"Sem Vítimas";"Pleno dia";"Crescente";"Nublado";"Dupla";"Reta";"Sim";1;0;0;0;1;0;0;1;-26,83955734;-48,71418074;"SPRF-SC";"DEL04-SC";"UOP04-DEL04-SC"
452654;2022-05-29;"domingo";"04:00:00";"PR";277;13,5;"PARANAGUA";"Ausência de reação do condutor";"Saída de leito carroçável";"Com Vítimas Feridas";"Plena Noite";"Crescente";"Céu Claro";"Dupla";"Reta";"Não";1;0;0;1;0;0;1;1;-25,55955496;-48,64969254;"SPRF-PR";"DEL01-PR";"UOP05-DEL01-PR"
452655;2022-05-28;"sábado";"14:30:00";"PI";343;591;"FLORIANO";"Ausência de reação do condutor";"Colisão com objeto";"Com Vítimas Feridas";"Pleno dia";"Crescente";"Céu Claro";"Dupla";"Reta";"Sim";1;0;1;0;0;0;1;1;-6,781361;-43,023224;"SPRF-PI";"DEL03-PI";"UOP01-DEL03-PI"
452657;2022-05-29;"domingo";"03:50:00";"MG";356;282;"EUGENOPOLIS";"Ingestão de álcool pelo condutor";"Saída de leito carroçável";"Com Vítimas Feridas";"Plena Noite";"Decrescente";"Céu Claro";"Simples";"Curva";"Não";2;0;1;1;0;0;2;1;-21,12328604;-42,227459;"SPRF-MG";"DEL07-MG";"UOP02-DEL07-MG"
452658;2022-05-28;"sábado";"19:05:00";"BA";330;847;"IPIAU";"Reação tardia ou ineficiente do condutor";"Colisão transversal";"Sem Vítimas";"Plena Noite";"Crescente";"Nublado";"Simples";"Reta";"Não";2;0;0;0;2;0;0;2;-14,17306203;-39,68148402;"SPRF-BA";"DEL03-BA";"UOP01-DEL03-BA"
452659;2022-05-29;"domingo";"04:00:00";"MT";163;1041,7;"MATUPA";"Ultrapassagem Indevida";"Colisão frontal";"Com Vítimas Fatais";"Amanhecer";"Crescente";"Céu Claro";"Simples";"Curva";"Não";5;1;2;2;0;0;4;2;-10,146683;-54,929574;"SPRF-MT";"DEL06-MT";"NPF/DEL06-MT"
452660;2022-05-29;"domingo";"00:30:00";"SC";282;460;"PONTE SERRADA";"Ingestão de álcool pelo condutor";"Colisão frontal";"Com Vítimas Feridas";"Plena Noite";"Decrescente";"Chuva";"Simples";"Reta";"Sim";4;0;2;0;2;0;2;2;-26,856062;-52,03215;"SPRF-SC";"DEL07-SC";"UOP04-DEL07-SC"
452661;2022-05-29;"domingo";"05:05:00";"RS";116;299;"GUAIBA";"Demais falhas mecânicas ou elétricas";"Saída de leito carroçável";"Sem Vítimas";"Plena Noite";"Decrescente";"Nevoeiro/Neblina";"Dupla";"Reta";"Sim";1;0;0;0;0;1;0;1;-30,11517464;-51,34563087;"SPRF-RS";"DEL02-RS";"UOP01-DEL02-RS"
452663;2022-05-29;"domingo";"05:40:00";"MG";50;185;"UBERABA";"Reação tardia ou ineficiente do condutor";"Saída de leito carroçável";"Com Vítimas Feridas";"Amanhecer";"Decrescente";"Céu Claro";"Dupla";"Reta";"Não";1;0;1;0;0;0;1;1;-19,8172798;-47,89559069;"SPRF-MG";"DEL13-MG";"UOP01-DEL13-MG"
452664;2022-05-29;"domingo";"04:00:00";"MA";135;2,3;"SAO LUIS";"Pista Escorregadia";"Tombamento";"Com Vítimas Feridas";"Plena Noite";"Decrescente";"Garoa/Chuvisco";"Dupla";"Reta";"Não";2;0;1;1;0;0;2;1;-2,59806699;-44,24573511;"SPRF-MA";"DEL01-MA";"UOP01-DEL01-MA"
452665;2022-05-29;"domingo";"06:20:00";"BA";101;205;"GOVERNADOR MANGABEIRA";"Pista em desnível";"Tombamento";"Com Vítimas Feridas";"Amanhecer";"Crescente";"Chuva";"Simples";"Reta";"Não";1;0;1;0;0;0;1;1;-12,600527;-39,019588;"SPRF-BA";"DEL01-BA";"UOP02-DEL01-BA"
452666;2022-05-28;"sábado";"19:45:00";"PR";467;85;"CASCAVEL";"Acesso irregular";"Colisão transversal";"Com Vítimas Feridas";"Plena Noite";"Crescente";"Céu Claro";"Dupla";"Reta";"Não";2;0;1;0;0;1;1;2;-24,8238;-53,6499;"SPRF-PR";"DEL04-PR";"UOP01-DEL04-PR"
452668;2022-05-29;"domingo";"04:00:00";"SC";282;400,8;"JOACABA";"Condutor Dormindo";"Saída de leito carroçável";"Sem Vítimas";"Plena Noite";"Crescente";"Chuva";"Simples";"Curva";"Não";1;0;0;0;1;0;0;1;-27,132223;-51,627563;"SPRF-SC";"DEL07-SC";"UOP05-DEL07-SC"
452669;2022-05-29;"domingo";"04:40:00";"MG";381;488;"BETIM";"Ultrapassagem Indevida";"Queda de ocupante de veículo";"Com Vítimas Feridas";"Plena Noite";"Crescente";"Céu Claro";"Dupla";"Reta";"Sim";2;0;0;2;0;0;2;1;-19,9598656;-44,15489715;"SPRF-MG";"DEL01-MG";"UOP03-DEL01-MG"
452671;2022-05-29;"domingo";"06:50:00";"RJ";116;165;"RIO DE JANEIRO";"Acessar a via sem observar a presença dos outros veículos";"Colisão transversal";"Com Vítimas Feridas";"Pleno dia";"Crescente";"Céu Claro";"Dupla";"Reta";"Sim";3;0;2;0;0;1;2;3;-22,802729;-43,290424;"SPRF-RJ";"DEL01-RJ";"UOP02-DEL01-RJ"
452673;2022-05-29;"domingo";"05:37:00";"MA";10;253;"IMPERATRIZ";"Ingestão de álcool pelo condutor";"Colisão traseira";"Com Vítimas Feridas";"Amanhecer";"Decrescente";"Céu Claro";"Dupla";"Reta";"Sim";2;0;1;0;1;0;1;2;-5,526615;-47,471732;"SPRF-MA";"DEL04-MA";"UOP01-DEL04-MA"
452674;2022-05-29;"domingo";"07:11:00";"SP";381;89;"GUARULHOS";"Ausência de reação do condutor";"Queda de ocupante de veículo";"Com Vítimas Feridas";"Pleno dia";"Crescente";"Céu Claro";"Dupla";"Reta";"Sim";1;0;1;0;0;0;1;1;-23,48469299;-46,55983288;"SPRF-SP";"DEL03-SP";"UOP01-DEL03-SP"
452676;2022-05-29;"domingo";"05:25:00";"SP";488;3;"APARECIDA";"Condutor Dormindo";"Colisão traseira";"Com Vítimas Feridas";"Amanhecer";"Crescente";"Céu Claro";"Múltipla";"Aclive;Reta";"Sim";5;0;1;0;0;4;1;3;-22,855059;-45,243423;"SPRF-SP";"DEL08-SP";"UOP01-DEL08-SP"
452677;2022-05-29;"domingo";"05:45:00";"SC";280;100,8;"SAO BENTO DO SUL";"Transitar na contramão";"Colisão frontal";"Com Vítimas Feridas";"Pleno dia";"Crescente";"Céu Claro";"Simples";"Reta;Aclive";"Não";4;0;0;1;3;0;1;2;-26,37158361;-49,33137101;"SPRF-SC";"DEL06-SC";"UOP03-DEL06-SC"
452679;2022-05-29;"domingo";"06:35:00";"RN";110;67,3;"GOVERNADOR DIX-SEPT ROSADO";"Ausência de reação do condutor";"Colisão traseira";"Com Vítimas Feridas";"Pleno dia";"Crescente";"Nevoeiro/Neblina";"Simples";"Reta";"Não";2;0;0;1;0;1;1;2;-5,371259;-37,32843;"SPRF-RN";"DEL04-RN";"UOP01-DEL04-RN"
452684;2022-03-14;"segunda-feira";"15:40:00";"ES";484;109;"AFONSO CLAUDIO";"Velocidade Incompatível";"Colisão lateral sentido oposto";"Com Vítimas Feridas";"Pleno dia";"Crescente";"Céu Claro";"Simples";"Curva";"Não";2;0;0;1;1;0;1;2;-20,06758505;-41,09236892;"SPRF-ES";"DEL01-ES";"UOP02-DEL01-ES"
452685;2022-05-29;"domingo";"07:50:00";"RJ";101;329;"RIO DE JANEIRO";"Reação tardia ou ineficiente do condutor";"Colisão traseira";"Com Vítimas Feridas";"Pleno dia";"Decrescente";"Céu Claro";"Múltipla";"Reta";"Não";4;0;1;1;2;0;2;3;-22,86939305;-43,175642;"SPRF-RJ";"DEL02-RJ";"UOP01-DEL02-RJ"
452686;2022-05-29;"domingo";"06:40:00";"MS";262;321;"CAMPO GRANDE";"Transitar no acostamento";"Colisão lateral mesmo sentido";"Com Vítimas Feridas";"Pleno dia";"Crescente";"Sol";"Simples";"Reta";"Não";3;0;1;1;1;0;2;2;-20,46975411;-54,48689;"SPRF-MS";"DEL01-MS";"UOP01-DEL01-MS"
452689;2022-05-29;"domingo";"04:00:00";"RJ";116;198;"QUEIMADOS";"Velocidade Incompatível";"Capotamento";"Sem Vítimas";"Amanhecer";"Crescente";"Nublado";"Dupla";"Reta";"Não";1;0;0;0;0;1;0;1;-22,73122374;-43,62400922;"SPRF-RJ";"DEL01-RJ";"UOP02-DEL01-RJ"
452690;2022-05-29;"domingo";"08:25:00";"PB";230;159,9;"CAMPINA GRANDE";"Acessar a via sem observar a presença dos outros veículos";"Colisão transversal";"Com Vítimas Feridas";"Pleno dia";"Crescente";"Nublado";"Simples";"Retorno Regulamentado;Reta";"Sim";2;0;1;0;0;1;1;2;-7,252;-35,9334;"SPRF-PB";"DEL02-PB";"UOP01-DEL02-PB"
452692;2022-05-29;"domingo";"03:42:00";"CE";222;312,4;"TIANGUA";"Acessar a via sem observar a presença dos outros veículos";"Colisão frontal";"Com Vítimas Fatais";"Plena Noite";"Decrescente";"Chuva";"Simples";"Reta";"Sim";2;1;0;1;0;0;1;2;-3,71699311;-40,9914242;"SPRF-CE";"DEL04-CE";"UOP02-DEL04-CE"
452694;2022-05-29;"domingo";"07:30:00";"PI";343;434;"LAGOINHA DO PIAUI";"Reação tardia ou ineficiente do condutor";"Capotamento";"Com Vítimas Feridas";"Pleno dia";"Crescente";"Sol";"Simples";"Reta";"Não";2;0;1;1;0;0;2;1;-5,802182;-42,62067;"SPRF-PI";"DEL01-PI";"UOP02-DEL01-PI"
452696;2022-05-29;"domingo";"08:30:00";"PR";476;126;"CURITIBA";"Problema na suspensão";"Colisão com objeto";"Com Vítimas Feridas";"Pleno dia";"Crescente";"Nublado";"Múltipla";"Reta";"Sim";1;0;1;0;0;0;1;1;-25,416758;-49,223446;"SPRF-PR";"DEL01-PR";"UOP01-DEL01-PR"
452699;2022-05-29;"domingo";"08:35:00";"PR";277;136,5;"BALSA NOVA";"Reação tardia ou ineficiente do condutor";"Saída de leito carroçável";"Com Vítimas Feridas";"Pleno dia";"Crescente";"Nublado";"Dupla";"Curva";"Não";2;0;2;0;0;0;2;1;-25,471874;-49,695763;"SPRF-PR";"DEL03-PR";"UOP03-DEL03-PR"
452700;2022-05-29;"domingo";"09:06:00";"PB";230;12;"CABEDELO";"Ingestão de álcool pelo condutor";"Colisão com objeto";"Com Vítimas Feridas";"Pleno dia";"Decrescente";"Céu Claro";"Dupla";"Retorno Regulamentado";"Sim";2;0;1;0;1;0;1;1;-7,068;-34,85;"SPRF-PB";"DEL01-PB";"UOP01-DEL01-PB"
452701;2022-05-26;"quinta-feira";"06:30:00";"PR";373;189;"PONTA GROSSA";"Obras na pista";"Saída de leito carroçável";"Com Vítimas Feridas";"Amanhecer";"Decrescente";"Céu Claro";"Simples";"Reta";"Não";2;0;2;0;0;0;2;1;-25,05530631;-50,34064025;"SPRF-PR";"DEL03-PR";"UOP01-DEL03-PR"