"id";"data_inversa";"dia_semana";"horario";"uf";"br";"km";"municipio";"causa_acidente";"tipo_acidente";"classificacao_acidente";"fase_dia";"sentido_via";"condicao_metereologica";"tipo_pista";"tracado_via";"uso_solo";"pessoas";"mortos";"feridos_leves";"feridos_graves";"ilesos";"ignorados";"feridos";"veiculos";"latitude";"longitude";"regional";"delegacia";"uop"
452703;2022-05-29;"domingo";"09:20:00";"ES";262;59,5;"MARECHAL FLORIANO";"Ultrapassagem Indevida";"Tombamento";"Com Vítimas Feridas";"Pleno dia";"Crescente";"Nublado";"Simples";"Curva";"Não";2;0;2;0;0;0;2;1;-20,42818717;-40,79167114;"SPRF-ES";"DEL01-ES";"UOP01-DEL01-ES"
452704;2022-05-29;"domingo";"02:02:00";"MT";163;665;"LUCAS DO RIO VERDE";"Ingestão de álcool pelo condutor";"Saída de leito carroçável";"Sem Vítimas";"Plena Noite";"Decrescente";"Céu Claro";"Simples";"Reta";"Não";2;0;0;0;2;0;0;1;-13,36317103;-56,06781297;"SPRF-MT";"DEL06-MT";"UOP01-DEL06-MT"
452705;2022-05-29;"domingo";"09:45:00";"RJ";116;182;"NOVA IGUACU";"Manobra de mudança de faixa";"Colisão traseira";"Com Vítimas Feridas";"Pleno dia";"Crescente";"Céu Claro";"Dupla";"Reta";"Sim";4;0;2;0;2;0;2;2;-22,7567755;-43,43107234;"SPRF-RJ";"DEL01-RJ";"UOP02-DEL01-RJ"
452706;2022-05-29;"domingo";"07:15:00";"MT";364;571;"NOBRES";"Mal súbito do condutor";"Saída de leito carroçável";"Com Vítimas Feridas";"Pleno dia";"Decrescente";"Sol";"Dupla";"Reta";"Não";1;0;0;1;0;0;1;1;-14,72351369;-56,31862479;"SPRF-MT";"DEL01-MT";"UOP01-DEL01-MT"
452707;2022-05-27;"sexta-feira";"22:30:00";"BA";324;624;"SALVADOR";"Velocidade Incompatível";"Saída de leito carroçável";"Sem Vítimas";"Plena Noite";"Decrescente";"Céu Claro";"Múltipla";"Reta";"Não";1;0;0;0;0;1;0;1;-12,86730608;-38,42499448;"SPRF-BA";"DEL01-BA";"UOP01-DEL01-BA"
452708;2022-05-29;"domingo";"10:23:00";"RN";406;169,3;"SAO GONCALO DO AMARANTE";"Mal súbito do condutor";"Queda de ocupante de veículo";"Com Vítimas Feridas";"Pleno dia";"Decrescente";"Nublado";"Dupla";"Reta";"Sim";2;0;1;1;0;0;2;1;-5,76172663;-35,29115323;"SPRF-RN";"DEL02-RN";"UOP01-DEL02-RN"
452709;2022-05-29;"domingo";"10:50:00";"SC";101;189,5;"BIGUACU";"Chuva";"Saída de leito carroçável";"Com Vítimas Feridas";"Pleno dia";"Crescente";"Chuva";"Dupla";"Curva";"Não";1;0;1;0;0;0;1;1;-27,459393;-48,638914;"SPRF-SC";"DEL01-SC";"UOP01-DEL01-SC"
452712;2022-05-29;"domingo";"10:00:00";"MS";60;369;"CAMPO GRANDE";"Reação tardia ou ineficiente do condutor";"Colisão traseira";"Com Vítimas Feridas";"Pleno dia";"Crescente";"Céu Claro";"Simples";"Reta";"Não";2;0;0;1;1;0;1;2;-20,5562451;-54,672786;"SPRF-MS";"DEL01-MS";"UOP04-DEL01-MS"
452714;2022-05-29;"domingo";"11:20:00";"SC";101;186;"BIGUACU";"Chuva";"Saída de leito carroçável";"Com Vítimas Feridas";"Pleno dia";"Crescente";"Chuva";"Dupla";"Curva";"Não";2;0;2;0;0;0;2;1;-27,4341098;-48,62567129;"SPRF-SC";"DEL01-SC";"UOP01-DEL01-SC"
452716;2022-05-29;"domingo";"07:00:00";"PE";428;70;"SANTA MARIA DA BOA VISTA";"Transitar na contramão";"Colisão lateral sentido oposto";"Com Vítimas Feridas";"Pleno dia";"Decrescente";"Céu Claro";"Simples";"Curva";"Não";5;0;4;0;0;1;4;2;-8,69343492;-39,76727143;"SPRF-PE";"DEL06-PE";"UOP03-DEL06-PE"
452717;2022-05-29;"domingo";"06:30:00";"AP";156;460;"TARTARUGALZINHO";"Reação tardia ou ineficiente do condutor";"Saída de leito carroçável";"Sem Vítimas";"Amanhecer";"Decrescente";"Céu Claro";"Simples";"Curva";"Não";3;0;0;0;3;0;0;1;1,42054985;-50,91319503;"SPRF-AP";"DEL01-AP";"UOP02-DEL01-AP"
452718;2022-05-29;"domingo";"12:00:00";"SC";101;189;"BIGUACU";"Chuva";"Saída de leito carroçável";"Com Vítimas Feridas";"Pleno dia";"Crescente";"Chuva";"Dupla";"Reta";"Não";3;0;1;0;2;0;1;1;-27,459393;-48,638914;"SPRF-SC";"DEL01-SC";"UOP01-DEL01-SC"
452719;2022-05-29;"domingo";"11:00:00";"RO";319;63;"PORTO VELHO";"Condutor desrespeitou a iluminação vermelha do semáforo";"Colisão transversal";"Com Vítimas Feridas";"Pleno dia";"Crescente";"Céu Claro";"Dupla";"Interseção de Vias;Reta";"Sim";2;0;0;1;1;0;1;2;-8,7649817;-63,88478106;"SPRF-RO";"DEL01-RO";"UOP01-DEL01-RO"
452720;2022-05-29;"domingo";"11:00:00";"SC";470;101,5;"APIUNA";"Velocidade Incompatível";"Saída de leito carroçável";"Com Vítimas Feridas";"Pleno dia";"Crescente";"Chuva";"Simples";"Reta";"Sim";1;0;1;0;0;0;1;1;-27,053085;-49,390018;"SPRF-SC";"DEL04-SC";"UOP02-DEL04-SC"
452721;2022-05-29;"domingo";"12:10:00";"RS";290;2;"OSORIO";"Acumulo de água sobre o pavimento";"Saída de leito carroçável";"Com Vítimas Feridas";"Pleno dia";"Decrescente";"Chuva";"Dupla";"Reta";"Não";2;0;1;0;1;0;1;1;-29,897474;-50,295113;"SPRF-RS";"DEL03-RS";"UOP01-DEL03-RS"
452722;2022-05-29;"domingo";"12:30:00";"PE";101;9;"GOIANA";"Ausência de reação do condutor";"Queda de ocupante de veículo";"Com Vítimas Feridas";"Pleno dia";"Decrescente";"Chuva";"Dupla";"Reta";"Não";1;0;0;1;0;0;1;1;-7,57788903;-34,98847822;"SPRF-PE";"DEL01-PE";"UOP02-DEL01-PE"
452724;2022-05-29;"domingo";"12:23:00";"MG";381;490;"CONTAGEM";"Reação tardia ou ineficiente do condutor";"Capotamento";"Sem Vítimas";"Pleno dia";"Crescente";"Céu Claro";"Múltipla";"Curva";"Sim";1;0;0;0;1;0;0;1;-19,95598307;-44,14768165;"SPRF-MG";"DEL01-MG";"UOP03-DEL01-MG"
452725;2022-05-29;"domingo";"10:30:00";"MG";365;470,8;"PATROCINIO";"Afundamento ou ondulação no pavimento";"Saída de leito carroçável";"Com Vítimas Feridas";"Pleno dia";"Decrescente";"Céu Claro";"Simples";"Retorno Regulamentado;Interseção de Vias;Curva";"Não";5;0;3;2;0;0;5;1;-18,91984636;-46,98054314;"SPRF-MG";"DEL10-MG";"UOP01-DEL10-MG"
452726;2022-02-26;"sábado";"08:50:00";"RJ";101;152;"MACAE";"Demais falhas mecânicas ou elétricas";"Eventos atípicos";"Com Vítimas Feridas";"Pleno dia";"Crescente";"Céu Claro";"Simples";"Reta";"Não";2;0;1;1;0;0;2;1;-22,24915138;-41,81529996;"SPRF-RJ";"DEL08-RJ";"UOP04-DEL08-RJ"
452728;2022-05-29;"domingo";"12:10:00";"RJ";101;422;"MANGARATIBA";"Condutor deixou de manter distância do veículo da frente";"Colisão traseira";"Com Vítimas Feridas";"Pleno dia";"Crescente";"Sol";"Simples";"Reta";"Sim";2;0;1;0;1;0;1;2;-22,91608393;-43,94022903;"SPRF-RJ";"DEL03-RJ";"UOP02-DEL03-RJ"
452730;2022-05-29;"domingo";"13:00:00";"SP";116;219;"GUARULHOS";"Demais falhas na via";"Eventos atípicos";"Com Vítimas Feridas";"Pleno dia";"Crescente";"Céu Claro";"Múltipla";"Reta;Viaduto";"Sim";2;0;0;1;1;0;1;2;-23,4581679;-46,49094343;"SPRF-SP";"DEL01-SP";"UOP01-DEL01-SP"
452732;2022-05-29;"domingo";"10:40:00";"PR";376;300;"MAUA DA SERRA";"Ausência de reação do condutor";"Tombamento";"Com Vítimas Feridas";"Pleno dia";"Crescente";"Céu Claro";"Dupla";"Curva;Declive";"Não";1;0;1;0;0;0;1;1;-23,93311143;-51,13293074;"SPRF-PR";"DEL07-PR";"UOP02-DEL07-PR"
452734;2022-05-29;"domingo";"14:00:00";"PR";369;133,1;"IBIPORA";"Ingestão de álcool pelo condutor";"Saída de leito carroçável";"Com Vítimas Feridas";"Pleno dia";"Crescente";"Céu Claro";"Dupla";"Curva";"Não";1;0;1;0;0;0;1;1;-23,26056821;-51,0125792;"SPRF-PR";"DEL07-PR";"UOP01-DEL07-PR"
452735;2022-05-29;"domingo";"14:40:00";"ES";101;270;"SERRA";"Transitar na calçada";"Colisão transversal";"Com Vítimas Feridas";"Pleno dia";"Crescente";"Nublado";"Dupla";"Interseção de Vias";"Sim";3;0;1;0;1;1;1;3;-20,22662056;-40,27075088;"SPRF-ES";"DEL02-ES";"UOP01-DEL02-ES"
452736;2022-05-29;"domingo";"12:00:00";"RJ";116;135;"MAGE";"Acesso irregular";"Colisão transversal";"Com Vítimas Feridas";"Pleno dia";"Crescente";"Sol";"Dupla";"Reta";"Sim";3;0;0;2;1;0;2;2;-22,65225773;-43,16309893;"SPRF-RJ";"DEL04-RJ";"UOP02-DEL04-RJ"
452739;2022-05-29;"domingo";"15:30:00";"SP";116;213;"GUARULHOS";"Entrada inopinada do pedestre";"Atropelamento de Pedestre";"Com Vítimas Feridas";"Pleno dia";"Decrescente";"Sol";"Múltipla";"Declive";"Sim";5;0;0;1;2;2;1;2;-23,43971486;-46,43667806;"SPRF-SP";"DEL01-SP";"UOP01-DEL01-SP"
452740;2022-05-29;"domingo";"15:15:00";"MG";381;480;"CONTAGEM";"Condutor deixou de manter distância do veículo da frente";"Colisão traseira";"Com Vítimas Feridas";"Pleno dia";"Decrescente";"Céu Claro";"Dupla";"Aclive;Reta";"Sim";6;0;0;1;5;0;1;2;-19,9604787;-44,05254906;"SPRF-MG";"DEL01-MG";"UOP03-DEL01-MG"
452741;2022-05-29;"domingo";"14:50:00";"PR";476;120,1;"COLOMBO";"Ausência de reação do condutor";"Engavetamento";"Com Vítimas Feridas";"Pleno dia";"Decrescente";"Nublado";"Dupla";"Interseção de Vias;Reta";"Sim";4;0;1;0;3;0;1;4;-25,37191;-49,19146;"SPRF-PR";"DEL01-PR";"UOP01-DEL01-PR"
452744;2022-05-21;"sábado";"22:40:00";"MT";364;397;"CUIABA";"Reação tardia ou ineficiente do condutor";"Tombamento";"Com Vítimas Feridas";"Plena Noite";"Crescente";"Céu Claro";"Dupla";"Rotatória";"Sim";1;0;1;0;0;0;1;1;-15,68642489;-55,91347495;"SPRF-MT";"DEL01-MT";"UOP02-DEL01-MT"
452746;2022-05-29;"domingo";"16:00:00";"RN";101;113,2;"PARNAMIRIM";"Avarias e/ou desgaste excessivo no pneu";"Tombamento";"Com Vítimas Feridas";"Pleno dia";"Decrescente";"Sol";"Dupla";"Reta";"Não";2;0;1;1;0;0;2;1;-5,97227345;-35,2647078;"SPRF-RN";"DEL01-RN";"UOP01-DEL01-RN"
452747;2022-05-29;"domingo";"15:00:00";"MG";262;462,6;"ARAUJOS";"Mal súbito do condutor";"Colisão lateral sentido oposto";"Com Vítimas Feridas";"Pleno dia";"Decrescente";"Céu Claro";"Simples";"Reta";"Não";7;0;0;5;2;0;5;3;-19,81682578;-45,08869985;"SPRF-MG";"DEL08-MG";"UOP03-DEL08-MG"
452749;2022-05-29;"domingo";"16:00:00";"RS";285;212;"CASEIROS";"Acumulo de água sobre o pavimento";"Saída de leito carroçável";"Com Vítimas Feridas";"Pleno dia";"Crescente";"Chuva";"Simples";"Reta";"Não";2;0;1;0;1;0;1;1;-28,237215;-51,639805;"SPRF-RS";"DEL08-RS";"UOP05-DEL08-RS"
452752;2022-05-29;"domingo";"13:07:00";"RO";364;302;"PRESIDENTE MEDICI";"Ingestão de álcool pelo condutor";"Colisão lateral mesmo sentido";"Com Vítimas Feridas";"Pleno dia";"Crescente";"Céu Claro";"Simples";"Reta";"Não";4;0;1;1;2;0;2;2;-11,226642;-61,90184;"SPRF-RO";"DEL02-RO";"UOP01-DEL02-RO"
452753;2022-05-29;"domingo";"15:00:00";"SC";282;68;"RANCHO QUEIMADO";"Velocidade Incompatível";"Saída de leito carroçável";"Com Vítimas Feridas";"Pleno dia";"Decrescente";"Chuva";"Simples";"Curva";"Não";2;0;2;0;0;0;2;1;-27,692406;-49,075939;"SPRF-SC";"DEL01-SC";"UOP03-DEL01-SC"
452756;2022-05-29;"domingo";"17:56:00";"SP";116;174;"JACAREI";"Avarias e/ou desgaste excessivo no pneu";"Queda de ocupante de veículo";"Com Vítimas Feridas";"Anoitecer";"Crescente";"Céu Claro";"Dupla";"Reta";"Não";2;0;2;0;0;0;2;1;-23,32057287;-46,09074403;"SPRF-SP";"DEL02-SP";"UOP01-DEL02-SP"
452758;2022-05-29;"domingo";"18:20:00";"SC";101;234;"PALHOCA";"Pista Escorregadia";"Saída de leito carroçável";"Sem Vítimas";"Plena Noite";"Crescente";"Garoa/Chuvisco";"Dupla";"Reta";"Não";2;0;0;0;2;0;0;1;-27,81043812;-48,63537111;"SPRF-SC";"DEL01-SC";"UOP02-DEL01-SC"
452759;2022-05-29;"domingo";"18:30:00";"BA";116;416;"FEIRA DE SANTANA";"Ausência de reação do condutor";"Atropelamento de Animal";"Com Vítimas Feridas";"Pleno dia";"Decrescente";"Nublado";"Dupla";"Reta";"Não";2;0;0;2;0;0;2;1;-12,168362;-38,964993;"SPRF-BA";"DEL02-BA";"UOP01-DEL02-BA"
452761;2022-05-29;"domingo";"18:00:00";"SP";101;43,1;"UBATUBA";"Acessar a via sem observar a presença dos outros veículos";"Colisão lateral mesmo sentido";"Com Vítimas Feridas";"Plena Noite";"Decrescente";"Céu Claro";"Simples";"Rotatória";"Sim";5;0;1;0;3;1;1;3;-23,41217537;-45,05739148;"SPRF-SP";"DEL06-SP";"UOP01-DEL06-SP"
452763;2022-05-29;"domingo";"18:45:00";"ES";101;32;"CONCEICAO DA BARRA";"Reação tardia ou ineficiente do condutor";"Tombamento";"Com Vítimas Feridas";"Plena Noite";"Crescente";"Chuva";"Simples";"Reta";"Não";1;0;1;0;0;0;1;1;-18,42549901;-39,93487006;"SPRF-ES";"DEL04-ES";"UOP02-DEL04-ES"
452764;2022-05-29;"domingo";"18:10:00";"PE";407;123,2;"PETROLINA";"Ingestão de álcool pelo condutor";"Colisão traseira";"Sem Vítimas";"Plena Noite";"Crescente";"Céu Claro";"Simples";"Interseção de Vias";"Sim";2;0;0;0;2;0;0;2;-9,36149178;-40,54594462;"SPRF-PE";"DEL06-PE";"UOP01-DEL06-PE"
452765;2022-05-29;"domingo";"18:25:00";"SC";101;290,1;"IMBITUBA";"Ingestão de álcool e/ou substâncias psicoativas pelo pedestre";"Atropelamento de Pedestre";"Com Vítimas Feridas";"Plena Noite";"Decrescente";"Chuva";"Dupla";"Reta;Declive";"Sim";2;0;0;1;1;0;1;2;-28,26202477;-48,70403355;"SPRF-SC";"DEL02-SC";"UOP03-DEL02-SC"
452766;2022-05-29;"domingo";"18:15:00";"RS";290;64,7;"GRAVATAI";"Acumulo de água sobre o pavimento";"Saída de leito carroçável";"Com Vítimas Feridas";"Plena Noite";"Crescente";"Chuva";"Dupla";"Reta";"Não";3;0;3;0;0;0;3;1;-29,940449;-50,895531;"SPRF-RS";"DEL03-RS";"UOP01-DEL03-RS"
452767;2022-05-29;"domingo";"18:00:00";"CE";402;275,7;"ITAPIPOCA";"Transitar no acostamento";"Colisão traseira";"Com Vítimas Feridas";"Plena Noite";"Decrescente";"Céu Claro";"Simples";"Reta";"Não";3;0;0;2;0;1;2;2;-3,48491085;-39,56742414;"SPRF-CE";"DEL01-CE";"UOP03-DEL01-CE"
452768;2022-05-29;"domingo";"17:30:00";"PR";277;126;"CAMPO LARGO";"Reação tardia ou ineficiente do condutor";"Saída de leito carroçável";"Com Vítimas Feridas";"Pleno dia";"Crescente";"Chuva";"Dupla";"Curva";"Não";5;0;4;0;1;0;4;1;-25,44518045;-49,4985659;"SPRF-PR";"DEL03-PR";"UOP03-DEL03-PR"
452769;2022-05-29;"domingo";"18:40:00";"MG";262;448,8;"NOVA SERRANA";"Ausência de reação do condutor";"Tombamento";"Com Vítimas Fatais";"Plena Noite";"Decrescente";"Vento";"Simples";"Declive;Reta";"Não";2;1;0;0;1;0;0;2;-19,8711072;-44,97973504;"SPRF-MG";"DEL08-MG";"UOP03-DEL08-MG"
452772;2022-05-29;"domingo";"17:15:00";"PR";116;149;"MANDIRITUBA";"Acessar a via sem observar a presença dos outros veículos";"Colisão transversal";"Sem Vítimas";"Plena Noite";"Crescente";"Chuva";"Simples";"Reta";"Sim";2;0;0;0;1;1;0;2;-25,80786497;-49,32658092;"SPRF-PR";"DEL01-PR";"UOP03-DEL01-PR"
452773;2022-05-29;"domingo";"18:25:00";"RS";386;153,9;"ALMIRANTE TAMANDARE DO SUL";"Velocidade Incompatível";"Colisão traseira";"Com Vítimas Feridas";"Anoitecer";"Decrescente";"Garoa/Chuvisco";"Simples";"Curva;Declive";"Não";2;0;1;0;1;0;1;2;-28,103321;-52,860851;"SPRF-RS";"DEL08-RS";"UOP01-DEL08-RS"
452774;2022-05-29;"domingo";"19:15:00";"ES";101;325,1;"GUARAPARI";"Chuva";"Tombamento";"Com Vítimas Feridas";"Plena Noite";"Crescente";"Garoa/Chuvisco";"Dupla";"Reta";"Não";1;0;1;0;0;0;1;1;-20,55491301;-40,48064614;"SPRF-ES";"DEL03-ES";"UOP01-DEL03-ES"
452775;2022-05-29;"domingo";"19:00:00";"BA";116;413;"FEIRA DE SANTANA";"Condutor deixou de manter distância do veículo da frente";"Colisão traseira";"Sem Vítimas";"Plena Noite";"Decrescente";"Céu Claro";"Dupla";"Reta";"Não";2;0;0;0;1;1;0;2;-12,14246805;-38,96658117;"SPRF-BA";"DEL02-BA";"UOP01-DEL02-BA"
452776;2022-05-29;"domingo";"18:30:00";"RS";470;157;"NOVA PRATA";"Ingestão de álcool pelo condutor";"Saída de leito carroçável";"Com Vítimas Feridas";"Plena Noite";"Crescente";"Chuva";"Simples";"Curva";"Sim";2;0;1;1;0;0;2;1;-28,79507068;-51,61584453;"SPRF-RS";"DEL06-RS";"UOP02-DEL06-RS"
452777;2022-05-29;"domingo";"19:00:00";"PR";376;625;"SAO JOSE DOS PINHAIS";"Acumulo de água sobre o pavimento";"Colisão frontal";"Com Vítimas Feridas";"Plena Noite";"Decrescente";"Chuva";"Dupla";"Reta";"Não";6;0;1;0;5;0;1;2;-25,65218089;-49,15731458;"SPRF-PR";"DEL01-PR";"UOP04-DEL01-PR"
452778;2022-05-29;"domingo";"18:00:00";"PB";230;174,1;"CAMPINA GRANDE";"Reação tardia ou ineficiente do condutor";"Tombamento";"Com Vítimas Feridas";"Plena Noite";"Crescente";"Chuva";"Simples";"Declive";"Não";2;0;1;0;1;0;1;1;-7,1794;-36,0164;"SPRF-PB";"DEL02-PB";"UOP02-DEL02-PB"
452779;2022-05-29;"domingo";"18:55:00";"SC";280;54,1;"GUARAMIRIM";"Reação tardia ou ineficiente do condutor";"Colisão com objeto";"Sem Vítimas";"Plena Noite";"Decrescente";"Chuva";"Dupla";"Reta;Em Obras";"Sim";1;0;0;0;1;0;0;1;-26,47539893;-48,983748;"SPRF-SC";"DEL03-SC";"UOP03-DEL03-SC"
452780;2022-05-29;"domingo";"16:40:00";"MG";365;592,3;"ARAGUARI";"Acessar a via sem observar a presença dos outros veículos";"Colisão transversal";"Com Vítimas Feridas";"Pleno dia";"Crescente";"Céu Claro";"Simples";"Rotatória;Retorno Regulamentado;Reta";"Não";2;0;1;0;1;0;1;2;-18,87951334;-48,06156814;"SPRF-MG";"DEL15-MG";"UOP02-DEL15-MG"
452781;2022-05-29;"domingo";"19:20:00";"ES";101;357,8;"ANCHIETA";"Condutor deixou de manter distância do veículo da frente";"Tombamento";"Com Vítimas Feridas";"Plena Noite";"Decrescente";"Nublado";"Simples";"Declive";"Não";1;0;1;0;0;0;1;1;-20,691717;-40,704254;"SPRF-ES";"DEL03-ES";"UOP01-DEL03-ES"
452784;2022-05-29;"domingo";"18:30:00";"MS";163;410;"NOVA ALVORADA DO SUL";"Acessar a via sem observar a presença dos outros veículos";"Colisão traseira";"Sem Vítimas";"Plena Noite";"Crescente";"Céu Claro";"Simples";"Reta";"Não";5;0;0;0;5;0;0;2;-21,07955992;-54,4923976;"SPRF-MS";"DEL02-MS";"UOP01-DEL02-MS"
452786;2022-05-29;"domingo";"18:40:00";"PB";230;165;"CAMPINA GRANDE";"Acessar a via sem observar a presença dos outros veículos";"Colisão transversal";"Com Vítimas Feridas";"Plena Noite";"Decrescente";"Céu Claro";"Simples";"Reta";"Sim";2;0;1;1;0;0;2;2;-7,21138;-35,935683;"SPRF-PB";"DEL02-PB";"UOP01-DEL02-PB"
452787;2022-05-29;"domingo";"19:40:00";"GO";153;694,5;"ITUMBIARA";"Velocidade Incompatível";"Saída de leito carroçável";"Com Vítimas Feridas";"Plena Noite";"Decrescente";"Céu Claro";"Dupla";"Reta";"Não";1;0;1;0;0;0;1;1;-18,3434;-49,2216;"SPRF-GO";"DEL03-GO";"UOP02-DEL03-GO"
452788;2022-05-29;"domingo";"20:07:00";"SP";116;130,5;"CACAPAVA";"Área urbana sem a presença de local apropriado para a travessia de pedestres";"Colisão transversal";"Com Vítimas Feridas";"Plena Noite";"Crescente";"Céu Claro";"Dupla";"Reta";"Sim";3;0;1;0;2;0;1;2;-23,12313858;-45,72792271;"SPRF-SP";"DEL02-SP";"UOP02-DEL02-SP"
452790;2022-05-29;"domingo";"18:45:00";"RJ";116;166;"RIO DE JANEIRO";"Demais falhas mecânicas ou elétricas";"Queda de ocupante de veículo";"Com Vítimas Feridas";"Plena Noite";"Decrescente";"Céu Claro";"Múltipla";"Reta";"Não";2;0;2;0;0;0;2;1;-22,81560263;-43,30051808;"SPRF-RJ";"DEL01-RJ";"UOP02-DEL01-RJ"
452791;2022-05-29;"domingo";"19:30:00";"DF";70;11;"BRASILIA";"Velocidade Incompatível";"Colisão traseira";"Com Vítimas Feridas";"Plena Noite";"Crescente";"Céu Claro";"Dupla";"Reta";"Não";3;0;2;0;0;1;2;2;-15,789762;-48,148727;"SPRF-DF";"DEL03-DF";"UOP02-DEL03-DF"
452794;2022-05-29;"domingo";"10:15:00";"SC";282;374,5;"ERVAL VELHO";"Acumulo de água sobre o pavimento";"Tombamento";"Sem Vítimas";"Pleno dia";"Crescente";"Chuva";"Simples";"Curva";"Não";5;0;0;0;5;0;0;1;-27,268663;-51,443768;"SPRF-SC";"DEL07-SC";"UOP05-DEL07-SC"
452795;2022-05-29;"domingo";"19:30:00";"MG";40;498;"ESMERALDAS";"Acessar a via sem observar a presença dos outros veículos";"Colisão lateral mesmo sentido";"Com Vítimas Feridas";"Plena Noite";"Crescente";"Céu Claro";"Dupla";"Declive";"Não";2;0;0;1;0;1;1;2;-19,68467685;-44,18191183;"SPRF-MG";"DEL02-MG";"UOP01-DEL02-MG"
452796;2022-05-29;"domingo";"19:15:00";"RN";405;186,1;"MAJOR SALES";"Animais na Pista";"Atropelamento de Animal";"Com Vítimas Fatais";"Plena Noite";"Decrescente";"Céu Claro";"Simples";"Reta";"Não";1;1;0;0;0;0;0;1;-6,39720853;-38,31785755;"SPRF-RN";"DEL04-RN";"UOP02-DEL04-RN"
452797;2022-05-29;"domingo";"19:00:00";"MG";354;756;"ITAMONTE";"Acessar a via sem observar a presença dos outros veículos";"Colisão transversal";"Com Vítimas Feridas";"Plena Noite";"Decrescente";"Céu Claro";"Simples";"Reta";"Sim";4;0;3;0;1;0;3;2;-22,31636395;-44,85331983;"SPRF-MG";"DEL17-MG";"UOP01-DEL17-MG"
452798;2022-05-29;"domingo";"18:55:00";"BA";324;551;"AMELIA RODRIGUES";"Ausência de reação do condutor";"Colisão traseira";"Com Vítimas Feridas";"Plena Noite";"Decrescente";"Nublado";"Múltipla";"Reta";"Não";6;0;5;0;1;0;5;2;-12,49250283;-38,65366887;"SPRF-BA";"DEL01-BA";"UOP03-DEL01-BA"
452799;2022-05-29;"domingo";"20:20:00";"CE";116;37;"HORIZONTE";"Ingestão de álcool pelo condutor";"Colisão transversal";"Com Vítimas Feridas";"Plena Noite";"Crescente";"Nublado";"Dupla";"Reta";"Não";2;0;2;0;0;0;2;2;-4,07003597;-38,50180289;"SPRF-CE";"DEL01-CE";"UOP02-DEL01-CE"
452800;2022-05-29;"domingo";"20:23:00";"MG";381;525,5;"BRUMADINHO";"Velocidade Incompatível";"Capotamento";"Com Vítimas Feridas";"Plena Noite";"Crescente";"Céu Claro";"Dupla";"Curva";"Não";2;0;1;0;1;0;1;1;-20,16710798;-44,33422398;"SPRF-MG";"DEL04-MG";"UOP03-DEL04-MG"
452801;2022-05-29;"domingo";"20:00:00";"SC";101;307;"LAGUNA";"Ingestão de álcool pelo condutor";"Saída de leito carroçável";"Sem Vítimas";"Plena Noite";"Crescente";"Chuva";"Simples";"Reta";"Não";1;0;0;0;1;0;0;1;-28,39199505;-48,77826295;"SPRF-SC";"DEL02-SC";"UOP03-DEL02-SC"
452802;2022-05-29;"domingo";"20:45:00";"MG";381;512;"SAO JOAQUIM DE BICAS";"Velocidade Incompatível";"Colisão com objeto";"Sem Vítimas";"Plena Noite";"Decrescente";"Céu Claro";"Múltipla";"Reta";"Sim";1;0;0;0;1;0;0;1;-20,09239724;-44,31458341;"SPRF-MG";"DEL01-MG";"UOP03-DEL01-MG"
452803;2022-05-29;"domingo";"20:00:00";"SP";116;275,7;"EMBU DAS ARTES";"Ausência de reação do condutor";"Colisão traseira";"Com Vítimas Feridas";"Plena Noite";"Decrescente";"Céu Claro";"Dupla";"Reta";"Sim";3;0;2;1;0;0;3;2;-23,63638826;-46,83251584;"SPRF-SP";"DEL04-SP";"UOP01-DEL04-SP"
452804;2022-05-29;"domingo";"20:15:00";"PE";104;31,7;"TORITAMA";"Restrição de visibilidade em curvas horizontais";"Tombamento";"Com Vítimas Feridas";"Plena Noite";"Crescente";"Céu Claro";"Simples";"Curva";"Sim";1;0;1;0;0;0;1;1;-8,0208;-36,0528;"SPRF-PE";"DEL02-PE";"UOP01-DEL02-PE"
452805;2022-05-29;"domingo";"19:00:00";"PR";376;392,9;"TIBAGI";"Velocidade Incompatível";"Saída de leito carroçável";"Com Vítimas Feridas";"Plena Noite";"Decrescente";"Garoa/Chuvisco";"Dupla";"Curva;Declive";"Não";2;0;1;0;1;0;1;1;-24,537697;-50,694386;"SPRF-PR";"DEL03-PR";"UOP02-DEL03-PR"
452806;2022-05-29;"domingo";"21:00:00";"PR";116;97;"SAO JOSE DOS PINHAIS";"Chuva";"Saída de leito carroçável";"Sem Vítimas";"Plena Noite";"Decrescente";"Chuva";"Múltipla";"Reta";"Não";1;0;0;0;0;1;0;1;-25,51232495;-49,12871007;"SPRF-PR";"DEL01-PR";"UOP01-DEL01-PR"
452807;2022-05-29;"domingo";"14:40:00";"BA";116;546;"MILAGRES";"Reação tardia ou ineficiente do condutor";"Colisão com objeto";"Com Vítimas Feridas";"Pleno dia";"Crescente";"Céu Claro";"Simples";"Reta";"Sim";2;0;1;0;1;0;1;2;-12,83724098;-39,83431503;"SPRF-BA";"DEL03-BA";"UOP02-DEL03-BA"
452808;2022-05-29;"domingo";"20:23:00";"PI";316;312;"PICOS";"Acessar a via sem observar a presença dos outros veículos";"Colisão lateral mesmo sentido";"Com Vítimas Feridas";"Plena Noite";"Decrescente";"Céu Claro";"Simples";"Reta";"Sim";3;0;0;2;0;1;2;2;-7,077879;-41,439606;"SPRF-PI";"DEL04-PI";"UOP01-DEL04-PI"