"id";"data_inversa";"dia_semana";"horario";"uf";"br";"km";"municipio";"causa_acidente";"tipo_acidente";"classificacao_acidente";"fase_dia";"sentido_via";"condicao_metereologica";"tipo_pista";"tracado_via";"uso_solo";"pessoas";"mortos";"feridos_leves";"feridos_graves";"ilesos";"ignorados";"feridos";"veiculos";"latitude";"longitude";"regional";"delegacia";"uop"
453030;2022-05-30;"segunda-feira";"18:15:00";"RO";364;715;"PORTO VELHO";"Entrada inopinada do pedestre";"Atropelamento de Pedestre";"Com Vítimas Feridas";"Plena Noite";"Decrescente";"Céu Claro";"Dupla";"Reta";"Sim";2;0;1;1;0;0;2;2;-8,780959;-63,893144;"SPRF-RO";"DEL01-RO";"UOP01-DEL01-RO"
453031;2022-04-30;"sábado";"23:30:00";"BA";324;516;"FEIRA DE SANTANA";"Acessar a via sem observar a presença dos outros veículos";"Colisão com objeto";"Com Vítimas Feridas";"Plena Noite";"Decrescente";"Nublado";"Simples";"Reta";"Sim";1;0;0;1;0;0;1;1;-12,25590021;-38,93218029;"SPRF-BA";"DEL02-BA";"UOP01-DEL02-BA"
453032;2022-05-30;"segunda-feira";"19:30:00";"SC";101;112;"ITAJAI";"Ingestão de álcool pelo condutor";"Saída de leito carroçável";"Sem Vítimas";"Plena Noite";"Decrescente";"Garoa/Chuvisco";"Simples";"Curva";"Não";1;0;0;0;1;0;0;1;-26,84589005;-48,72131295;"SPRF-SC";"DEL04-SC";"UOP04-DEL04-SC"
453034;2022-05-30;"segunda-feira";"21:00:00";"DF";60;0,8;"BRASILIA";"Reação tardia ou ineficiente do condutor";"Colisão traseira";"Com Vítimas Feridas";"Plena Noite";"Crescente";"Céu Claro";"Dupla";"Reta";"Sim";2;0;1;0;1;0;1;2;-15,882499;-48,060212;"SPRF-DF";"DEL03-DF";"UOP01-DEL03-DF"
453035;2022-05-30;"segunda-feira";"06:45:00";"GO";80;96;"VILA PROPICIO";"Animais na Pista";"Atropelamento de Animal";"Com Vítimas Feridas";"Pleno dia";"Crescente";"Céu Claro";"Simples";"Declive";"Não";2;0;1;0;1;0;1;1;-15,208875;-48,697312;"SPRF-GO";"DEL07-GO";"UOP01-DEL07-GO"
453036;2022-05-30;"segunda-feira";"21:45:00";"MG";40;524,6;"CONTAGEM";"Entrada inopinada do pedestre";"Atropelamento de Pedestre";"Com Vítimas Feridas";"Plena Noite";"Crescente";"Céu Claro";"Dupla";"Reta";"Sim";3;0;2;1;0;0;3;3;-19,8754469;-44,05345586;"SPRF-MG";"DEL01-MG";"UOP02-DEL01-MG"
453037;2022-05-30;"segunda-feira";"20:30:00";"SP";381;58;"MAIRIPORA";"Condutor Dormindo";"Saída de leito carroçável";"Sem Vítimas";"Plena Noite";"Decrescente";"Chuva";"Dupla";"Reta";"Não";1;0;0;0;1;0;0;1;-23,27438497;-46,58530615;"SPRF-SP";"DEL03-SP";"UOP01-DEL03-SP"
453038;2022-05-30;"segunda-feira";"19:45:00";"RJ";101;303;"SAO GONCALO";"Pedestre cruzava a pista fora da faixa";"Atropelamento de Pedestre";"Com Vítimas Fatais";"Plena Noite";"Decrescente";"Céu Claro";"Dupla";"Reta";"Sim";2;1;0;0;1;0;0;2;-22,7828205;-42,9766681;"SPRF-RJ";"DEL02-RJ";"UOP02-DEL02-RJ"
453042;2022-05-30;"segunda-feira";"18:40:00";"RO";364;427;"JARU";"Ausência de reação do condutor";"Tombamento";"Com Vítimas Feridas";"Plena Noite";"Decrescente";"Céu Claro";"Simples";"Em Obras;Reta";"Sim";1;0;1;0;0;0;1;1;-10,42731312;-62,48745208;"SPRF-RO";"DEL03-RO";"UOP02-DEL03-RO"
453043;2022-05-30;"segunda-feira";"22:50:00";"SC";282;520,5;"XAXIM";"Falta de acostamento";"Saída de leito carroçável";"Com Vítimas Feridas";"Plena Noite";"Crescente";"Nublado";"Simples";"Rotatória";"Sim";1;0;1;0;0;0;1;1;-26,950415;-52,526096;"SPRF-SC";"DEL07-SC";"UOP01-DEL07-SC"
453045;2022-05-30;"segunda-feira";"22:20:00";"SP";116;512,1;"CAJATI";"Reação tardia ou ineficiente do condutor";"Tombamento";"Com Vítimas Feridas";"Plena Noite";"Decrescente";"Chuva";"Simples";"Curva";"Não";2;0;1;0;1;0;1;1;-24,84304306;-48,22027915;"SPRF-SP";"DEL05-SP";"UOP02-DEL05-SP"
453052;2022-05-02;"segunda-feira";"11:55:00";"ES";101;298;"CARIACICA";"Trafegar com motocicleta (ou similar) entre as faixas";"Colisão lateral mesmo sentido";"Com Vítimas Feridas";"Pleno dia";"Crescente";"Céu Claro";"Múltipla";"Reta";"Não";2;0;1;0;1;0;1;2;-20,35370747;-40,41597789;"SPRF-ES";"DEL01-ES";"UOP01-DEL01-ES"
453055;2022-05-31;"terça-feira";"06:20:00";"MG";381;924;"ITAPEVA";"Chuva";"Colisão com objeto";"Com Vítimas Feridas";"Amanhecer";"Crescente";"Chuva";"Dupla";"Curva";"Não";2;0;1;0;1;0;1;1;-22,77050246;-46,23490598;"SPRF-MG";"DEL16-MG";"UOP03-DEL16-MG"
453057;2022-05-31;"terça-feira";"06:10:00";"ES";101;143,7;"LINHARES";"Reação tardia ou ineficiente do condutor";"Colisão lateral mesmo sentido";"Com Vítimas Feridas";"Amanhecer";"Crescente";"Céu Claro";"Simples";"Reta";"Sim";2;0;2;0;0;0;2;2;-19,32655693;-40,07192387;"SPRF-ES";"DEL04-ES";"UOP01-DEL04-ES"
453058;2022-05-31;"terça-feira";"05:59:00";"MG";40;673,1;"CARANDAI";"Avarias e/ou desgaste excessivo no pneu";"Queda de ocupante de veículo";"Com Vítimas Feridas";"Amanhecer";"Crescente";"Céu Claro";"Simples";"Reta";"Não";1;0;1;0;0;0;1;1;-20,99773611;-43,77620264;"SPRF-MG";"DEL05-MG";"UOP02-DEL05-MG"
453060;2022-05-30;"segunda-feira";"18:20:00";"SP";116;226;"GUARULHOS";"Reação tardia ou ineficiente do condutor";"Colisão lateral mesmo sentido";"Com Vítimas Feridas";"Pleno dia";"Decrescente";"Chuva";"Múltipla";"Reta";"Sim";2;0;1;0;1;0;1;2;-23,49102507;-46,54878195;"SPRF-SP";"DEL01-SP";"UOP01-DEL01-SP"
453062;2022-05-31;"terça-feira";"07:00:00";"GO";70;8;"AGUAS LINDAS DE GOIAS";"Manobra de mudança de faixa";"Colisão lateral mesmo sentido";"Com Vítimas Feridas";"Pleno dia";"Crescente";"Céu Claro";"Dupla";"Reta";"Sim";2;0;1;0;1;0;1;2;-15,73733681;-48,27407468;"SPRF-DF";"DEL03-DF";"UOP02-DEL03-DF"
453064;2022-05-31;"terça-feira";"07:30:00";"MG";40;521;"CONTAGEM";"Ultrapassagem Indevida";"Colisão com objeto";"Com Vítimas Feridas";"Pleno dia";"Crescente";"Céu Claro";"Dupla";"Reta";"Sim";1;0;0;1;0;0;1;1;-19,85651501;-44,07213222;"SPRF-MG";"DEL01-MG";"UOP02-DEL01-MG"
453066;2022-05-31;"terça-feira";"07:50:00";"RJ";40;85;"PETROPOLIS";"Frear bruscamente";"Colisão traseira";"Sem Vítimas";"Pleno dia";"Decrescente";"Nublado";"Simples";"Curva;Aclive";"Não";3;0;0;0;3;0;0;2;-22,52850694;-43,2349802;"SPRF-RJ";"DEL06-RJ";"UOP01-DEL06-RJ"
453067;2022-05-22;"domingo";"20:20:00";"RJ";116;287;"BARRA MANSA";"Reação tardia ou ineficiente do condutor";"Colisão com objeto";"Sem Vítimas";"Plena Noite";"Crescente";"Céu Claro";"Simples";"Reta";"Sim";1;0;0;0;1;0;0;1;-22,49295305;-44,24252706;"SPRF-RJ";"DEL07-RJ";"UOP02-DEL07-RJ"
453068;2022-05-31;"terça-feira";"07:50:00";"MG";381;486;"BETIM";"Velocidade Incompatível";"Engavetamento";"Com Vítimas Feridas";"Pleno dia";"Decrescente";"Céu Claro";"Dupla";"Reta;Declive";"Sim";3;0;1;0;2;0;1;3;-19,95590334;-44,13039565;"SPRF-MG";"DEL01-MG";"UOP03-DEL01-MG"
453070;2022-05-31;"terça-feira";"07:30:00";"GO";50;281;"CATALAO";"Acessar a via sem observar a presença dos outros veículos";"Colisão transversal";"Com Vítimas Feridas";"Pleno dia";"Crescente";"Céu Claro";"Simples";"Reta";"Sim";2;0;0;1;1;0;1;2;-18,1838;-47,9441;"SPRF-GO";"DEL06-GO";"UOP01-DEL06-GO"
453071;2022-05-31;"terça-feira";"07:30:00";"SP";153;39,2;"ONDA VERDE";"Acessar a via sem observar a presença dos outros veículos";"Colisão traseira";"Com Vítimas Feridas";"Pleno dia";"Decrescente";"Céu Claro";"Simples";"Curva";"Não";2;0;1;0;1;0;1;2;-20,61376;-49,331223;"SPRF-SP";"DEL09-SP";"UOP01-DEL09-SP"
453074;2022-05-31;"terça-feira";"08:00:00";"MG";381;484;"BETIM";"Acumulo de óleo sobre o pavimento";"Tombamento";"Com Vítimas Feridas";"Pleno dia";"Crescente";"Céu Claro";"Dupla";"Declive;Curva";"Não";2;0;2;0;0;0;2;1;-19,95773873;-44,09276962;"SPRF-MG";"DEL01-MG";"UOP03-DEL01-MG"
453075;2022-05-31;"terça-feira";"08:20:00";"SC";101;140,1;"ITAPEMA";"Demais falhas mecânicas ou elétricas";"Tombamento";"Com Vítimas Feridas";"Pleno dia";"Decrescente";"Nublado";"Dupla";"Reta";"Sim";2;0;2;0;0;0;2;1;-27,03881189;-48,60025148;"SPRF-SC";"DEL04-SC";"UOP03-DEL04-SC"
453077;2022-05-31;"terça-feira";"08:20:00";"RN";101;94;"NATAL";"Acessar a via sem observar a presença dos outros veículos";"Colisão lateral mesmo sentido";"Com Vítimas Feridas";"Pleno dia";"Crescente";"Chuva";"Múltipla";"Curva";"Sim";1;0;1;0;0;0;1;1;-5,83176615;-35,21191342;"SPRF-RN";"DEL01-RN";"UOP01-DEL01-RN"
453079;2022-05-31;"terça-feira";"08:30:00";"AP";210;6;"MACAPA";"Avarias e/ou desgaste excessivo no pneu";"Colisão com objeto";"Sem Vítimas";"Pleno dia";"Decrescente";"Céu Claro";"Múltipla";"Reta";"Sim";1;0;0;0;1;0;0;1;0,09345819;-51,11212194;"SPRF-AP";"DEL01-AP";"UOP01-DEL01-AP"
453080;2022-05-27;"sexta-feira";"07:39:00";"SC";470;47,1;"BLUMENAU";"Retorno proibido";"Eventos atípicos";"Sem Vítimas";"Pleno dia";"Decrescente";"Nublado";"Simples";"Em Obras;Reta";"Sim";2;0;0;0;2;0;0;2;-26,86376591;-49,04776638;"SPRF-SC";"DEL04-SC";"UOP01-DEL04-SC"
453082;2022-05-31;"terça-feira";"08:00:00";"RS";158;1;"SANTANA DO LIVRAMENTO";"Desrespeitar a preferência no cruzamento";"Colisão transversal";"Com Vítimas Feridas";"Pleno dia";"Crescente";"Céu Claro";"Simples";"Rotatória";"Sim";3;0;1;0;2;0;1;2;-30,891298;-55,533264;"SPRF-RS";"DEL11-RS";"UOP01-DEL11-RS"
453084;2022-05-31;"terça-feira";"08:40:00";"SP";116;303;"SAO LOURENCO DA SERRA";"Chuva";"Saída de leito carroçável";"Sem Vítimas";"Pleno dia";"Crescente";"Chuva";"Múltipla";"Reta";"Não";1;0;0;0;1;0;0;1;-23,82760675;-46,92631345;"SPRF-SP";"DEL04-SP";"UOP01-DEL04-SP"
453087;2022-04-20;"quarta-feira";"23:30:00";"PR";277;117;"CAMPO LARGO";"Reação tardia ou ineficiente do condutor";"Engavetamento";"Com Vítimas Feridas";"Plena Noite";"Crescente";"Ignorado";"Dupla";"Reta";"Não";3;0;0;1;2;0;1;3;-25,43505294;-49,52682149;"SPRF-PR";"DEL03-PR";"UOP03-DEL03-PR"
453088;2022-05-31;"terça-feira";"07:45:00";"RS";153;49,8;"ERECHIM";"Entrada inopinada do pedestre";"Atropelamento de Pedestre";"Com Vítimas Feridas";"Pleno dia";"Decrescente";"Nublado";"Simples";"Reta";"Não";2;0;1;0;1;0;1;2;-27,65513812;-52,26579899;"SPRF-RS";"DEL08-RS";"UOP04-DEL08-RS"
453089;2022-05-31;"terça-feira";"08:50:00";"PR";116;6;"CAMPINA GRANDE DO SUL";"Chuva";"Saída de leito carroçável";"Com Vítimas Feridas";"Pleno dia";"Crescente";"Chuva";"Dupla";"Curva";"Não";2;0;0;1;1;0;1;1;-25,08710459;-48,60776389;"SPRF-PR";"DEL01-PR";"UOP02-DEL01-PR"
453093;2022-05-31;"terça-feira";"10:10:00";"ES";101;274,8;"SERRA";"Pedestre andava na pista";"Atropelamento de Pedestre";"Com Vítimas Fatais";"Pleno dia";"Decrescente";"Céu Claro";"Dupla";"Reta";"Não";2;1;0;0;0;1;0;2;-20,20866271;-40,30275464;"SPRF-ES";"DEL02-ES";"UOP01-DEL02-ES"
453094;2022-05-31;"terça-feira";"10:30:00";"GO";153;698;"ITUMBIARA";"Conversão proibida";"Colisão transversal";"Com Vítimas Feridas";"Pleno dia";"Crescente";"Céu Claro";"Simples";"Reta";"Não";2;0;1;0;1;0;1;2;-18,3777;-49,2106;"SPRF-GO";"DEL03-GO";"UOP02-DEL03-GO"
453096;2022-02-27;"domingo";"10:15:00";"GO";153;669,1;"GOIATUBA";"Velocidade Incompatível";"Saída de leito carroçável";"Com Vítimas Fatais";"Pleno dia";"Crescente";"Céu Claro";"Dupla";"Reta";"Não";5;4;0;1;0;0;1;1;-18,125394;-49,283538;"SPRF-GO";"DEL03-GO";"UOP02-DEL03-GO"
453097;2022-05-31;"terça-feira";"10:30:00";"GO";153;101;"ANAPOLIS";"Acessar a via sem observar a presença dos outros veículos";"Colisão lateral mesmo sentido";"Com Vítimas Feridas";"Pleno dia";"Crescente";"Céu Claro";"Dupla";"Interseção de Vias;Reta";"Sim";2;0;0;1;1;0;1;2;-16,40364709;-48,97872448;"SPRF-GO";"DEL07-GO";"UOP01-DEL07-GO"
453098;2022-05-31;"terça-feira";"10:50:00";"PR";476;132;"CURITIBA";"Trafegar com motocicleta (ou similar) entre as faixas";"Queda de ocupante de veículo";"Com Vítimas Feridas";"Pleno dia";"Decrescente";"Nublado";"Dupla";"Reta";"Sim";1;0;1;0;0;0;1;1;-25,460718;-49,250488;"SPRF-PR";"DEL01-PR";"UOP03-DEL01-PR"
453101;2022-05-31;"terça-feira";"10:45:00";"MG";40;530;"CONTAGEM";"Reação tardia ou ineficiente do condutor";"Tombamento";"Com Vítimas Feridas";"Pleno dia";"Crescente";"Céu Claro";"Dupla";"Declive;Curva";"Sim";1;0;1;0;0;0;1;1;-19,92064782;-44,0335681;"SPRF-MG";"DEL01-MG";"UOP02-DEL01-MG"
453102;2022-05-31;"terça-feira";"11:45:00";"SE";101;93;"NOSSA SENHORA DO SOCORRO";"Conversão proibida";"Colisão transversal";"Com Vítimas Feridas";"Pleno dia";"Decrescente";"Garoa/Chuvisco";"Dupla";"Reta";"Sim";2;0;1;0;1;0;1;2;-10,90212319;-37,14494787;"SPRF-SE";"DEL01-SE";"UOP01-DEL01-SE"
453103;2022-05-31;"terça-feira";"11:30:00";"SP";381;73;"SAO PAULO";"Chuva";"Capotamento";"Sem Vítimas";"Pleno dia";"Decrescente";"Garoa/Chuvisco";"Múltipla";"Curva";"Não";1;0;0;0;1;0;0;1;-23,36553404;-46,55253934;"SPRF-SP";"DEL03-SP";"UOP01-DEL03-SP"
453104;2022-05-31;"terça-feira";"09:10:00";"MS";163;51,9;"ELDORADO";"Conversão proibida";"Saída de leito carroçável";"Sem Vítimas";"Pleno dia";"Crescente";"Chuva";"Simples";"Aclive";"Não";1;0;0;0;1;0;0;1;-23,696052;-54,26791402;"SPRF-MS";"DEL09-MS";"UOP02-DEL09-MS"
453105;2022-05-31;"terça-feira";"10:30:00";"SC";101;57,3;"ARAQUARI";"Demais falhas mecânicas ou elétricas";"Tombamento";"Com Vítimas Feridas";"Pleno dia";"Decrescente";"Nublado";"Múltipla";"Curva;Interseção de Vias";"Não";1;0;1;0;0;0;1;1;-26,43646093;-48,81113029;"SPRF-SC";"DEL03-SC";"UOP01-DEL03-SC"
453106;2022-05-31;"terça-feira";"10:10:00";"RJ";40;80;"PETROPOLIS";"Acumulo de óleo sobre o pavimento";"Tombamento";"Com Vítimas Feridas";"Pleno dia";"Crescente";"Nublado";"Simples";"Curva";"Não";1;0;1;0;0;0;1;1;-22,49798597;-43,22878703;"SPRF-RJ";"DEL06-RJ";"UOP01-DEL06-RJ"
453107;2022-01-23;"domingo";"18:35:00";"BA";407;135;"SENHOR DO BONFIM";"Deficiência do Sistema de Iluminação/Sinalização";"Colisão traseira";"Com Vítimas Feridas";"Plena Noite";"Decrescente";"Nublado";"Simples";"Aclive";"Não";4;0;2;0;1;1;2;2;-10,51583314;-40,14316715;"SPRF-BA";"DEL04-BA";"UOP01-DEL04-BA"
453109;2022-04-22;"sexta-feira";"02:55:00";"RJ";465;14;"SEROPEDICA";"Reação tardia ou ineficiente do condutor";"Colisão lateral mesmo sentido";"Com Vítimas Feridas";"Plena Noite";"Decrescente";"Céu Claro";"Simples";"Reta";"Sim";3;0;0;2;1;0;2;3;-22,804979;-43,638828;"SPRF-RJ";"DEL01-RJ";"UOP03-DEL01-RJ"
453111;2022-05-31;"terça-feira";"12:00:00";"AL";104;49;"BRANQUINHA";"Velocidade Incompatível";"Saída de leito carroçável";"Com Vítimas Feridas";"Pleno dia";"Crescente";"Chuva";"Simples";"Reta";"Não";1;0;1;0;0;0;1;1;-9,25306896;-35,99102288;"SPRF-AL";"DEL01-AL";"UOP02-DEL01-AL"
453113;2022-03-06;"domingo";"11:20:00";"MG";262;449,9;"NOVA SERRANA";"Velocidade Incompatível";"Colisão traseira";"Com Vítimas Feridas";"Pleno dia";"Decrescente";"Sol";"Simples";"Aclive;Reta";"Não";2;0;0;2;0;0;2;2;-19,8711072;-44,97973504;"SPRF-MG";"DEL08-MG";"UOP03-DEL08-MG"
453114;2022-05-31;"terça-feira";"13:00:00";"GO";60;93;"ANAPOLIS";"Manobra de mudança de faixa";"Colisão com objeto";"Com Vítimas Feridas";"Pleno dia";"Crescente";"Céu Claro";"Dupla";"Reta";"Sim";1;0;1;0;0;0;1;1;-16,3538;-48,9268;"SPRF-GO";"DEL02-GO";"UOP01-DEL02-GO"
453115;2022-05-31;"terça-feira";"13:15:00";"RN";405;111;"ITAU";"Acesso irregular";"Colisão lateral sentido oposto";"Com Vítimas Feridas";"Pleno dia";"Crescente";"Céu Claro";"Simples";"Reta";"Não";2;0;1;0;1;0;1;2;-5,85247221;-37,99859582;"SPRF-RN";"DEL04-RN";"UOP02-DEL04-RN"
453117;2022-05-31;"terça-feira";"08:00:00";"AL";423;67,2;"AGUA BRANCA";"Pista esburacada";"Saída de leito carroçável";"Com Vítimas Feridas";"Pleno dia";"Decrescente";"Chuva";"Simples";"Reta";"Não";3;0;1;1;1;0;2;1;-9,30113052;-37,8715119;"SPRF-AL";"DEL03-AL";"UOP02-DEL03-AL"
453118;2022-05-31;"terça-feira";"12:55:00";"SC";163;70,3;"SAO MIGUEL DO OESTE";"Manobra de mudança de faixa";"Colisão lateral mesmo sentido";"Com Vítimas Feridas";"Pleno dia";"Crescente";"Nublado";"Dupla";"Reta";"Sim";2;0;1;0;1;0;1;2;-26,73461723;-53,50680015;"SPRF-SC";"DEL07-SC";"UOP03-DEL07-SC"
453119;2022-05-31;"terça-feira";"13:13:00";"SP";116;213;"GUARULHOS";"Chuva";"Colisão lateral mesmo sentido";"Com Vítimas Feridas";"Pleno dia";"Crescente";"Chuva";"Múltipla";"Aclive";"Sim";2;0;1;0;0;1;1;2;-23,43971486;-46,43667806;"SPRF-SP";"DEL01-SP";"UOP01-DEL01-SP"
453120;2022-05-31;"terça-feira";"11:45:00";"RO";364;424;"JARU";"Acessar a via sem observar a presença dos outros veículos";"Colisão lateral mesmo sentido";"Com Vítimas Feridas";"Pleno dia";"Decrescente";"Céu Claro";"Simples";"Aclive;Interseção de Vias;Reta";"Sim";3;0;1;0;2;0;1;2;-10,44457274;-62,46568412;"SPRF-RO";"DEL03-RO";"UOP02-DEL03-RO"
453123;2022-04-07;"quinta-feira";"06:15:00";"SC";163;108;"GUARUJA DO SUL";"Pista esburacada";"Saída de leito carroçável";"Com Vítimas Feridas";"Amanhecer";"Crescente";"Nublado";"Simples";"Em Obras;Curva;Declive";"Não";1;0;1;0;0;0;1;1;-26,42169886;-53,52568081;"SPRF-SC";"DEL07-SC";"UOP03-DEL07-SC"
453124;2022-05-31;"terça-feira";"13:15:00";"MT";70;4;"BARRA DO GARCAS";"Ausência de reação do condutor";"Queda de ocupante de veículo";"Com Vítimas Feridas";"Pleno dia";"Decrescente";"Céu Claro";"Simples";"Reta";"Sim";1;0;1;0;0;0;1;1;-15,87907036;-52,28563311;"SPRF-MT";"DEL07-MT";"UOP01-DEL07-MT"
453125;2022-05-07;"sábado";"11:15:00";"GO";70;2,7;"AGUAS LINDAS DE GOIAS";"Ingestão de álcool pelo condutor";"Saída de leito carroçável";"Com Vítimas Feridas";"Pleno dia";"Crescente";"Céu Claro";"Dupla";"Curva";"Não";2;0;0;1;0;1;1;2;-15,767021;-48,229945;"SPRF-DF";"DEL03-DF";"UOP02-DEL03-DF"
453128;2022-05-31;"terça-feira";"14:10:00";"GO";60;390,3;"RIO VERDE";"Ausência de reação do condutor";"Saída de leito carroçável";"Com Vítimas Feridas";"Pleno dia";"Crescente";"Sol";"Dupla";"Reta";"Sim";1;0;0;1;0;0;1;1;-17,823;-50,9515;"SPRF-GO";"DEL04-GO";"UOP01-DEL04-GO"
453130;2022-05-31;"terça-feira";"15:30:00";"RJ";116;83;"TERESOPOLIS";"Problema com o freio";"Colisão frontal";"Com Vítimas Feridas";"Pleno dia";"Crescente";"Nublado";"Simples";"Aclive";"Sim";3;0;2;0;1;0;2;2;-22,41517488;-42,95011324;"SPRF-RJ";"DEL04-RJ";"UOP01-DEL04-RJ"
453132;2022-05-31;"terça-feira";"14:00:00";"MG";50;180;"UBERABA";"Ausência de reação do condutor";"Colisão com objeto";"Com Vítimas Feridas";"Pleno dia";"Crescente";"Céu Claro";"Dupla";"Viaduto";"Sim";1;0;1;0;0;0;1;1;-19,77848216;-47,92194709;"SPRF-MG";"DEL13-MG";"UOP01-DEL13-MG"
453133;2022-05-31;"terça-feira";"14:00:00";"SP";381;73;"SAO PAULO";"Demais falhas mecânicas ou elétricas";"Saída de leito carroçável";"Sem Vítimas";"Pleno dia";"Decrescente";"Garoa/Chuvisco";"Múltipla";"Curva";"Não";1;0;0;0;1;0;0;1;-23,36553404;-46,55253934;"SPRF-SP";"DEL03-SP";"UOP01-DEL03-SP"
453134;2022-05-30;"segunda-feira";"17:35:00";"BA";235;349;"JUAZEIRO";"Condutor deixou de manter distância do veículo da frente";"Colisão traseira";"Com Vítimas Feridas";"Pleno dia";"Decrescente";"Garoa/Chuvisco";"Simples";"Reta";"Sim";2;0;1;0;1;0;1;2;-9,42560851;-40,50556183;"SPRF-PE";"DEL06-PE";"UOP01-DEL06-PE"
453135;2022-05-31;"terça-feira";"15:40:00";"RJ";40;110;"DUQUE DE CAXIAS";"Chuva";"Colisão traseira";"Com Vítimas Feridas";"Pleno dia";"Crescente";"Chuva";"Múltipla";"Reta";"Sim";2;0;0;1;1;0;1;2;-22,68289906;-43,28549346;"SPRF-RJ";"DEL01-RJ";"UOP01-DEL01-RJ"
453137;2022-05-31;"terça-feira";"14:30:00";"PB";230;495;"CAJAZEIRAS";"Avarias e/ou desgaste excessivo no pneu";"Saída de leito carroçável";"Com Vítimas Feridas";"Pleno dia";"Decrescente";"Chuva";"Simples";"Reta";"Não";1;0;1;0;0;0;1;1;-6,8838;-38,4671;"SPRF-PB";"DEL03-PB";"UOP03-DEL03-PB"
453138;2022-05-15;"domingo";"20:09:00";"RN";101;75,3;"NATAL";"Desrespeitar a preferência no cruzamento";"Colisão transversal";"Com Vítimas Feridas";"Plena Noite";"Decrescente";"Céu Claro";"Dupla";"Rotatória";"Não";2;0;1;0;1;0;1;2;-5,722563;-35,277523;"SPRF-RN";"DEL02-RN";"UOP01-DEL02-RN"
453139;2022-05-31;"terça-feira";"13:20:00";"AL";101;37,4;"JOAQUIM GOMES";"Pista em desnível";"Queda de ocupante de veículo";"Com Vítimas Feridas";"Pleno dia";"Decrescente";"Chuva";"Dupla";"Em Obras";"Não";1;0;1;0;0;0;1;1;-9,1393861;-35,77035538;"SPRF-AL";"DEL01-AL";"UOP02-DEL01-AL"
453141;2022-05-31;"terça-feira";"17:20:00";"MG";381;358;"JOAO MONLEVADE";"Reação tardia ou ineficiente do condutor";"Tombamento";"Com Vítimas Feridas";"Pleno dia";"Crescente";"Céu Claro";"Simples";"Rotatória";"Sim";1;0;1;0;0;0;1;1;-19,85592801;-43,21689055;"SPRF-MG";"DEL03-MG";"UOP01-DEL03-MG"
453144;2022-05-31;"terça-feira";"17:00:00";"RS";101;8;"TORRES";"Ausência de reação do condutor";"Colisão transversal";"Com Vítimas Feridas";"Pleno dia";"Decrescente";"Céu Claro";"Simples";"Reta";"Não";3;0;1;0;2;0;1;2;-29,36042487;-49,80779711;"SPRF-RS";"DEL03-RS";"UOP02-DEL03-RS"
453146;2022-03-31;"quinta-feira";"09:40:00";"AL";316;202,3;"MARIBONDO";"Ausência de reação do condutor";"Colisão transversal";"Com Vítimas Feridas";"Pleno dia";"Crescente";"Nublado";"Simples";"Reta";"Sim";4;0;1;0;3;0;1;2;-9,58217756;-36,3088256;"SPRF-AL";"DEL03-AL";"UOP01-DEL03-AL"
453148;2022-05-31;"terça-feira";"17:54:00";"PB";361;6,9;"PATOS";"Deficiência do Sistema de Iluminação/Sinalização";"Colisão traseira";"Com Vítimas Feridas";"Plena Noite";"Decrescente";"Garoa/Chuvisco";"Simples";"Reta";"Sim";2;0;1;0;0;1;1;2;-7,03594312;-37,31112598;"SPRF-PB";"DEL03-PB";"UOP01-DEL03-PB"
453149;2022-05-13;"sexta-feira";"18:25:00";"BA";101;262;"SANTO ANTONIO DE JESUS";"Área urbana sem a presença de local apropriado para a travessia de pedestres";"Atropelamento de Pedestre";"Com Vítimas Feridas";"Plena Noite";"Crescente";"Céu Claro";"Simples";"Interseção de Vias";"Sim";2;0;1;0;1;0;1;2;-12,97529023;-39,27605197;"SPRF-BA";"DEL01-BA";"UOP02-DEL01-BA"
453150;2022-05-31;"terça-feira";"18:00:00";"RS";290;94;"PORTO ALEGRE";"Reação tardia ou ineficiente do condutor";"Colisão com objeto";"Com Vítimas Feridas";"Plena Noite";"Crescente";"Céu Claro";"Simples";"Curva;Aclive";"Sim";1;0;1;0;0;0;1;1;-29,973856;-51,197853;"SPRF-RS";"DEL01-RS";"UOP01-DEL01-RS"
453151;2022-05-31;"terça-feira";"18:20:00";"CE";116;6;"FORTALEZA";"Desrespeitar a preferência no cruzamento";"Colisão transversal";"Com Vítimas Feridas";"Anoitecer";"Crescente";"Céu Claro";"Dupla";"Viaduto";"Sim";2;0;1;0;1;0;1;2;-3,802624;-38,50400499;"SPRF-CE";"DEL01-CE";"UOP02-DEL01-CE"
453153;2022-05-31;"terça-feira";"18:25:00";"MG";40;467;"SETE LAGOAS";"Condutor deixou de manter distância do veículo da frente";"Queda de ocupante de veículo";"Com Vítimas Feridas";"Anoitecer";"Decrescente";"Céu Claro";"Dupla";"Reta";"Não";2;0;0;1;0;1;1;2;-19,45038924;-44,3166822;"SPRF-MG";"DEL02-MG";"UOP01-DEL02-MG"
453154;2022-05-31;"terça-feira";"18:20:00";"SE";101;104;"SAO CRISTOVAO";"Acumulo de água sobre o pavimento";"Saída de leito carroçável";"Com Vítimas Feridas";"Plena Noite";"Crescente";"Chuva";"Dupla";"Reta";"Não";2;0;1;0;1;0;1;1;-10,95669127;-37,22726486;"SPRF-SE";"DEL02-SE";"UOP01-DEL02-SE"
453155;2022-05-31;"terça-feira";"17:00:00";"MT";364;610;"DIAMANTINO";"Acessar a via sem observar a presença dos outros veículos";"Colisão transversal";"Com Vítimas Feridas";"Anoitecer";"Decrescente";"Céu Claro";"Simples";"Reta";"Não";4;0;2;2;0;0;4;2;-14,45156598;-56,28191099;"SPRF-MT";"DEL01-MT";"UOP01-DEL01-MT"