"id";"data_inversa";"dia_semana";"horario";"uf";"br";"km";"municipio";"causa_acidente";"tipo_acidente";"classificacao_acidente";"fase_dia";"sentido_via";"condicao_metereologica";"tipo_pista";"tracado_via";"uso_solo";"pessoas";"mortos";"feridos_leves";"feridos_graves";"ilesos";"ignorados";"feridos";"veiculos";"latitude";"longitude";"regional";"delegacia";"uop"
453156;2022-05-31;"terça-feira";"17:30:00";"BA";415;24;"ILHEUS";"Condutor deixou de manter distância do veículo da frente";"Colisão traseira";"Com Vítimas Feridas";"Plena Noite";"Crescente";"Céu Claro";"Simples";"Reta";"Sim";1;0;1;0;0;0;1;1;-14,79728938;-39,17964935;"SPRF-BA";"DEL05-BA";"UOP01-DEL05-BA"
453158;2022-05-31;"terça-feira";"16:40:00";"RS";153;411,1;"CACHOEIRA DO SUL";"Acessar a via sem observar a presença dos outros veículos";"Colisão traseira";"Com Vítimas Feridas";"Anoitecer";"Crescente";"Céu Claro";"Simples";"Reta";"Sim";2;0;1;0;1;0;1;2;-30,06166571;-52,90260315;"SPRF-RS";"DEL02-RS";"UOP03-DEL02-RS"
453159;2022-05-31;"terça-feira";"18:30:00";"SC";101;208;"SAO JOSE";"Frear bruscamente";"Colisão traseira";"Com Vítimas Feridas";"Plena Noite";"Decrescente";"Nublado";"Múltipla";"Reta";"Sim";3;0;1;0;2;0;1;3;-27,60327979;-48,63201818;"SPRF-SC";"DEL01-SC";"UOP01-DEL01-SC"
453160;2022-05-31;"terça-feira";"17:44:00";"PI";343;3;"TERESINA";"Condutor deixou de manter distância do veículo da frente";"Colisão traseira";"Com Vítimas Feridas";"Anoitecer";"Decrescente";"Céu Claro";"Dupla";"Reta";"Sim";2;0;1;0;1;0;1;2;-5,089569;-42,802288;"SPRF-PI";"DEL01-PI";"UOP01-DEL01-PI"
453161;2022-05-31;"terça-feira";"18:40:00";"RS";116;0;"PORTO ALEGRE";"Reação tardia ou ineficiente do condutor";"Queda de ocupante de veículo";"Com Vítimas Feridas";"Plena Noite";"Decrescente";"Nublado";"Dupla";"Curva";"Sim";1;0;1;0;0;0;1;1;-30,033535;-51,230453;"SPRF-RS";"DEL01-RS";"UOP01-DEL01-RS"
453162;2022-05-31;"terça-feira";"18:15:00";"SC";470;61;"BLUMENAU";"Acessar a via sem observar a presença dos outros veículos";"Colisão transversal";"Com Vítimas Feridas";"Plena Noite";"Decrescente";"Nublado";"Simples";"Reta";"Sim";2;0;1;0;1;0;1;2;-26,88138;-49,164543;"SPRF-SC";"DEL04-SC";"UOP01-DEL04-SC"
453163;2022-05-07;"sábado";"03:22:00";"TO";153;146;"ARAGUAINA";"Ingestão de álcool pelo condutor";"Colisão com objeto";"Com Vítimas Feridas";"Plena Noite";"Crescente";"Céu Claro";"Múltipla";"Reta";"Sim";1;0;0;1;0;0;1;1;-7,21337786;-48,24431331;"SPRF-TO";"DEL02-TO";"UOP01-DEL02-TO"
453164;2022-05-31;"terça-feira";"17:00:00";"RJ";116;308;"RESENDE";"Avarias e/ou desgaste excessivo no pneu";"Saída de leito carroçável";"Com Vítimas Feridas";"Anoitecer";"Decrescente";"Céu Claro";"Dupla";"Reta";"Sim";1;0;1;0;0;0;1;1;-22,45783299;-44,418685;"SPRF-RJ";"DEL07-RJ";"UOP02-DEL07-RJ"
453166;2022-05-31;"terça-feira";"17:30:00";"GO";60;377,9;"RIO VERDE";"Ausência de reação do condutor";"Saída de leito carroçável";"Com Vítimas Feridas";"Pleno dia";"Decrescente";"Sol";"Dupla";"Curva";"Sim";1;0;1;0;0;0;1;1;-17,739;-50,8729;"SPRF-GO";"DEL04-GO";"UOP01-DEL04-GO"
453167;2022-05-31;"terça-feira";"18:50:00";"SP";116;156;"SAO JOSE DOS CAMPOS";"Manobra de mudança de faixa";"Colisão lateral mesmo sentido";"Com Vítimas Feridas";"Plena Noite";"Decrescente";"Nublado";"Múltipla";"Reta";"Sim";1;0;0;1;0;0;1;1;-23,24958438;-45,93428314;"SPRF-SP";"DEL02-SP";"UOP01-DEL02-SP"
453168;2022-05-31;"terça-feira";"18:55:00";"PR";116;123;"CURITIBA";"Manobra de mudança de faixa";"Colisão lateral mesmo sentido";"Com Vítimas Feridas";"Plena Noite";"Crescente";"Chuva";"Dupla";"Curva";"Não";2;0;2;0;0;0;2;2;-25,57736002;-49,31243589;"SPRF-PR";"DEL01-PR";"UOP03-DEL01-PR"
453170;2022-05-31;"terça-feira";"19:10:00";"RS";386;345,4;"LAJEADO";"Acessar a via sem observar a presença dos outros veículos";"Colisão transversal";"Com Vítimas Feridas";"Plena Noite";"Crescente";"Céu Claro";"Simples";"Interseção de Vias;Reta";"Sim";2;0;0;1;1;0;1;2;-29,44465883;-51,98025048;"SPRF-RS";"DEL04-RS";"UOP01-DEL04-RS"
453171;2022-02-24;"quinta-feira";"17:30:00";"RJ";101;458;"ANGRA DOS REIS";"Manobra de mudança de faixa";"Colisão traseira";"Com Vítimas Feridas";"Pleno dia";"Decrescente";"Nublado";"Simples";"Reta";"Sim";2;0;1;0;1;0;1;2;-23,0376863;-44,18393352;"SPRF-RJ";"DEL03-RJ";"UOP03-DEL03-RJ"
453172;2022-05-31;"terça-feira";"19:00:00";"SC";280;51,8;"GUARAMIRIM";"Reação tardia ou ineficiente do condutor";"Colisão com objeto";"Com Vítimas Fatais";"Plena Noite";"Crescente";"Garoa/Chuvisco";"Dupla";"Interseção de Vias;Reta";"Não";1;1;0;0;0;0;0;1;-26,4684263;-48,9637652;"SPRF-SC";"DEL03-SC";"UOP03-DEL03-SC"
453173;2022-05-31;"terça-feira";"19:20:00";"SC";101;209;"SAO JOSE";"Manobra de mudança de faixa";"Colisão lateral mesmo sentido";"Com Vítimas Feridas";"Plena Noite";"Crescente";"Nublado";"Múltipla";"Reta";"Sim";2;0;0;1;1;0;1;2;-27,61000542;-48,63895057;"SPRF-SC";"DEL01-SC";"UOP01-DEL01-SC"
453174;2022-05-31;"terça-feira";"18:20:00";"PB";230;14,8;"CABEDELO";"Reação tardia ou ineficiente do condutor";"Colisão com objeto";"Com Vítimas Feridas";"Plena Noite";"Crescente";"Garoa/Chuvisco";"Dupla";"Retorno Regulamentado";"Sim";1;0;1;0;0;0;1;1;-7,08908949;-34,84854452;"SPRF-PB";"DEL01-PB";"UOP01-DEL01-PB"
453175;2022-04-27;"quarta-feira";"01:30:00";"RS";153;629,7;"BAGE";"Acumulo de água sobre o pavimento";"Colisão com objeto";"Com Vítimas Feridas";"Plena Noite";"Crescente";"Nublado";"Simples";"Interseção de Vias;Curva";"Não";3;0;3;0;0;0;3;2;-31,36422808;-54,03199339;"SPRF-RS";"DEL11-RS";"UOP03-DEL11-RS"
453178;2022-05-31;"terça-feira";"18:40:00";"PB";230;173,3;"CAMPINA GRANDE";"Chuva";"Colisão traseira";"Com Vítimas Fatais";"Plena Noite";"Crescente";"Chuva";"Simples";"Declive";"Não";9;1;1;3;1;3;4;2;-7,17959582;-36,00824833;"SPRF-PB";"DEL02-PB";"UOP02-DEL02-PB"
453180;2022-05-31;"terça-feira";"10:05:00";"RJ";116;184;"NOVA IGUACU";"Acessar a via sem observar a presença dos outros veículos";"Colisão traseira";"Com Vítimas Feridas";"Pleno dia";"Decrescente";"Nublado";"Dupla";"Curva";"Não";2;0;1;0;0;1;1;2;-22,74647215;-43,44594311;"SPRF-RJ";"DEL01-RJ";"UOP02-DEL01-RJ"
453181;2022-05-31;"terça-feira";"19:10:00";"RJ";465;20;"NOVA IGUACU";"Ausência de reação do condutor";"Colisão traseira";"Com Vítimas Feridas";"Plena Noite";"Decrescente";"Céu Claro";"Simples";"Declive";"Sim";5;0;3;0;2;0;3;2;-22,846828;-43,605339;"SPRF-RJ";"DEL03-RJ";"UOP01-DEL03-RJ"
453184;2022-05-31;"terça-feira";"12:30:00";"SC";116;64,9;"MONTE CASTELO";"Pedestre andava na pista";"Atropelamento de Pedestre";"Com Vítimas Feridas";"Pleno dia";"Crescente";"Garoa/Chuvisco";"Simples";"Reta";"Não";2;0;0;1;1;0;1;2;-26,41544499;-50,22732716;"SPRF-SC";"DEL06-SC";"UOP02-DEL06-SC"
453185;2022-05-31;"terça-feira";"20:20:00";"ES";101;216,7;"IBIRACU";"Acumulo de areia ou detritos sobre o pavimento";"Colisão com objeto";"Com Vítimas Feridas";"Plena Noite";"Decrescente";"Ignorado";"Dupla";"Declive";"Não";3;0;1;1;0;1;2;3;-19,83935411;-40,3835169;"SPRF-ES";"DEL02-ES";"UOP01-DEL02-ES"
453187;2022-05-31;"terça-feira";"15:45:00";"RS";392;327;"SANTA MARIA";"Demais falhas mecânicas ou elétricas";"Incêndio";"Sem Vítimas";"Pleno dia";"Crescente";"Céu Claro";"Simples";"Reta";"Não";1;0;0;0;0;1;0;1;-29,92941871;-53,71910861;"SPRF-RS";"DEL09-RS";"UOP01-DEL09-RS"
453188;2022-05-31;"terça-feira";"19:40:00";"PR";277;103;"CAMPO LARGO";"Ausência de reação do condutor";"Colisão traseira";"Com Vítimas Feridas";"Plena Noite";"Crescente";"Chuva";"Dupla";"Reta";"Não";3;0;0;1;2;0;1;2;-25,50564195;-49,3407288;"SPRF-PR";"DEL01-PR";"UOP06-DEL01-PR"
453190;2022-05-31;"terça-feira";"19:35:00";"RJ";116;268;"BARRA MANSA";"Acumulo de areia ou detritos sobre o pavimento";"Capotamento";"Com Vítimas Feridas";"Plena Noite";"Crescente";"Nublado";"Dupla";"Curva;Aclive";"Sim";1;0;1;0;0;0;1;1;-22,55271018;-44,17778004;"SPRF-RJ";"DEL07-RJ";"UOP02-DEL07-RJ"
453191;2022-05-31;"terça-feira";"18:59:00";"PE";428;191,5;"PETROLINA";"Ingestão de álcool pelo condutor";"Colisão transversal";"Com Vítimas Feridas";"Plena Noite";"Crescente";"Céu Claro";"Dupla";"Reta";"Sim";2;0;0;1;1;0;1;2;-9,37766429;-40,50269795;"SPRF-PE";"DEL06-PE";"UOP01-DEL06-PE"
453192;2022-05-31;"terça-feira";"20:30:00";"PB";230;340;"PATOS";"Animais na Pista";"Atropelamento de Animal";"Com Vítimas Feridas";"Plena Noite";"Crescente";"Céu Claro";"Simples";"Reta";"Não";3;0;1;0;2;0;1;1;-6,9845;-37,3305;"SPRF-PB";"DEL03-PB";"UOP01-DEL03-PB"
453193;2022-04-01;"sexta-feira";"17:45:00";"RS";290;88;"PORTO ALEGRE";"Ausência de reação do condutor";"Colisão traseira";"Sem Vítimas";"Pleno dia";"Decrescente";"Céu Claro";"Múltipla";"Reta";"Não";2;0;0;0;2;0;0;2;-29,967531;-51,137264;"SPRF-RS";"DEL01-RS";"UOP01-DEL01-RS"
453199;2022-05-31;"terça-feira";"22:00:00";"CE";116;46;"PACAJUS";"Animais na Pista";"Atropelamento de Animal";"Com Vítimas Feridas";"Plena Noite";"Crescente";"Céu Claro";"Dupla";"Reta";"Sim";1;0;1;0;0;0;1;1;-4,13924054;-38,47994882;"SPRF-CE";"DEL01-CE";"UOP02-DEL01-CE"
453200;2022-05-31;"terça-feira";"20:00:00";"RJ";101;330;"RIO DE JANEIRO";"Condutor deixou de manter distância do veículo da frente";"Colisão traseira";"Com Vítimas Feridas";"Plena Noite";"Decrescente";"Céu Claro";"Múltipla";"Ponte;Reta";"Sim";2;0;0;1;1;0;1;2;-22,8684989;-43,18548699;"SPRF-RJ";"DEL02-RJ";"UOP01-DEL02-RJ"
453201;2022-05-31;"terça-feira";"22:40:00";"CE";222;305;"TIANGUA";"Velocidade Incompatível";"Queda de ocupante de veículo";"Com Vítimas Feridas";"Plena Noite";"Decrescente";"Nevoeiro/Neblina";"Simples";"Curva;Declive";"Não";2;0;2;0;0;0;2;1;-3,67107564;-40,96050301;"SPRF-CE";"DEL04-CE";"UOP02-DEL04-CE"
453203;2022-05-31;"terça-feira";"22:10:00";"PR";476;127;"CURITIBA";"Pedestre cruzava a pista fora da faixa";"Atropelamento de Pedestre";"Com Vítimas Feridas";"Plena Noite";"Decrescente";"Chuva";"Dupla";"Reta";"Sim";3;0;1;0;2;0;1;2;-25,425167;-49,227158;"SPRF-PR";"DEL01-PR";"UOP01-DEL01-PR"
453204;2022-05-31;"terça-feira";"22:45:00";"SP";116;227;"GUARULHOS";"Entrada inopinada do pedestre";"Atropelamento de Pedestre";"Com Vítimas Feridas";"Plena Noite";"Crescente";"Nublado";"Múltipla";"Reta";"Sim";2;0;0;1;1;0;1;2;-23,49659264;-46,55648754;"SPRF-SP";"DEL01-SP";"UOP01-DEL01-SP"
453206;2022-05-31;"terça-feira";"23:00:00";"RN";405;148;"PAU DOS FERROS";"Pista esburacada";"Colisão lateral sentido oposto";"Com Vítimas Feridas";"Plena Noite";"Crescente";"Nublado";"Simples";"Reta";"Não";5;0;1;0;4;0;1;2;-6,08817283;-38,20918904;"SPRF-RN";"DEL04-RN";"UOP02-DEL04-RN"
453207;2022-05-31;"terça-feira";"22:45:00";"SP";116;34;"CACHOEIRA PAULISTA";"Reação tardia ou ineficiente do condutor";"Tombamento";"Com Vítimas Feridas";"Plena Noite";"Decrescente";"Nublado";"Simples";"Rotatória";"Não";1;0;1;0;0;0;1;1;-22,65447396;-44,95940103;"SPRF-SP";"DEL08-SP";"UOP02-DEL08-SP"
453211;2022-05-31;"terça-feira";"09:20:00";"SP";101;19,5;"UBATUBA";"Condutor Dormindo";"Capotamento";"Com Vítimas Feridas";"Plena Noite";"Decrescente";"Chuva";"Simples";"Reta";"Não";1;0;1;0;0;0;1;1;-23,32120409;-44,90797484;"SPRF-SP";"DEL06-SP";"UOP01-DEL06-SP"
453212;2022-05-31;"terça-feira";"21:45:00";"SC";101;382,9;"ICARA";"Demais falhas mecânicas ou elétricas";"Colisão com objeto";"Com Vítimas Feridas";"Plena Noite";"Decrescente";"Céu Claro";"Dupla";"Reta";"Não";3;0;2;0;1;0;2;1;-28,75966988;-49,28552404;"SPRF-SC";"DEL02-SC";"UOP02-DEL02-SC"
453213;2022-05-31;"terça-feira";"14:55:00";"MG";116;135;"PONTO DOS VOLANTES";"Reação tardia ou ineficiente do condutor";"Saída de leito carroçável";"Com Vítimas Feridas";"Pleno dia";"Crescente";"Céu Claro";"Simples";"Reta";"Não";4;0;3;0;1;0;3;1;-16,731626;-41,50644479;"SPRF-MG";"DEL11-MG";"UOP02-DEL11-MG"
453215;2022-06-01;"quarta-feira";"00:10:00";"PR";476;172;"CONTENDA";"Animais na Pista";"Atropelamento de Animal";"Com Vítimas Feridas";"Plena Noite";"Crescente";"Garoa/Chuvisco";"Dupla";"Reta";"Não";2;0;0;1;1;0;1;1;-25,67529165;-49,51659549;"SPRF-PR";"DEL01-PR";"UOP03-DEL01-PR"
453217;2022-06-01;"quarta-feira";"03:30:00";"PR";277;723;"FOZ DO IGUACU";"Velocidade Incompatível";"Colisão transversal";"Com Vítimas Fatais";"Plena Noite";"Crescente";"Nublado";"Dupla";"Reta";"Sim";5;1;2;0;2;0;2;2;-25,49878215;-54,52985294;"SPRF-PR";"DEL05-PR";"UOP03-DEL05-PR"
453219;2022-06-01;"quarta-feira";"05:00:00";"PE";232;207,6;"PESQUEIRA";"Entrada inopinada do pedestre";"Atropelamento de Pedestre";"Com Vítimas Fatais";"Amanhecer";"Decrescente";"Nublado";"Simples";"Aclive";"Não";2;1;0;1;0;0;1;2;-8,369249;-36,670749;"SPRF-PE";"DEL03-PE";"UOP02-DEL03-PE"
453221;2022-06-01;"quarta-feira";"05:50:00";"PR";376;17;"MARINGA";"Velocidade Incompatível";"Colisão com objeto";"Com Vítimas Feridas";"Amanhecer";"Decrescente";"Garoa/Chuvisco";"Dupla";"Curva";"Sim";1;0;0;1;0;0;1;1;-23,4273;-51,9375;"SPRF-PR";"DEL09-PR";"UOP01-DEL09-PR"
453222;2022-06-01;"quarta-feira";"06:00:00";"SE";235;12;"NOSSA SENHORA DO SOCORRO";"Ultrapassagem Indevida";"Colisão frontal";"Sem Vítimas";"Pleno dia";"Crescente";"Chuva";"Simples";"Reta";"Não";2;0;0;0;1;1;0;2;-10,872643;-37,163246;"SPRF-SE";"DEL01-SE";"UOP01-DEL01-SE"
453223;2022-06-01;"quarta-feira";"07:00:00";"MG";381;921;"CAMANDUCAIA";"Avarias e/ou desgaste excessivo no pneu";"Colisão com objeto";"Com Vítimas Feridas";"Pleno dia";"Crescente";"Nublado";"Dupla";"Curva";"Não";1;0;1;0;0;0;1;1;-22,76074873;-46,16867065;"SPRF-MG";"DEL16-MG";"UOP03-DEL16-MG"
453224;2022-06-01;"quarta-feira";"05:30:00";"PR";376;304,7;"MAUA DA SERRA";"Chuva";"Colisão com objeto";"Sem Vítimas";"Amanhecer";"Decrescente";"Nevoeiro/Neblina";"Dupla";"Curva";"Não";2;0;0;0;2;0;0;1;-23,932071;-51,131588;"SPRF-PR";"DEL07-PR";"UOP02-DEL07-PR"
453225;2022-06-01;"quarta-feira";"01:00:00";"RJ";101;575,3;"PARATY";"Animais na Pista";"Atropelamento de Animal";"Com Vítimas Feridas";"Plena Noite";"Decrescente";"Vento";"Simples";"Reta";"Não";3;0;1;1;1;0;2;1;-23,21978585;-44,73466957;"SPRF-RJ";"DEL03-RJ";"UOP02-DEL03-RJ"
453228;2022-06-01;"quarta-feira";"05:55:00";"PR";277;587,2;"CASCAVEL";"Ingestão de álcool pelo condutor";"Colisão traseira";"Sem Vítimas";"Amanhecer";"Decrescente";"Chuva";"Simples";"Reta";"Sim";2;0;0;0;2;0;0;2;-24,96941255;-53,42959722;"SPRF-PR";"DEL04-PR";"UOP01-DEL04-PR"
453232;2022-06-01;"quarta-feira";"07:05:00";"ES";101;268,9;"SERRA";"Ausência de reação do condutor";"Colisão traseira";"Com Vítimas Feridas";"Pleno dia";"Crescente";"Céu Claro";"Múltipla";"Reta";"Sim";2;0;1;0;1;0;1;2;-20,20842;-40,269405;"SPRF-ES";"DEL02-ES";"UOP01-DEL02-ES"
453234;2022-06-01;"quarta-feira";"04:30:00";"SE";235;22;"NOSSA SENHORA DO SOCORRO";"Condutor Dormindo";"Saída de leito carroçável";"Com Vítimas Feridas";"Plena Noite";"Decrescente";"Céu Claro";"Simples";"Reta";"Não";2;0;1;0;1;0;1;1;-10,824364;-37,234881;"SPRF-SE";"DEL01-SE";"UOP02-DEL01-SE"
453235;2022-06-01;"quarta-feira";"07:00:00";"RN";406;170;"SAO GONCALO DO AMARANTE";"Condutor deixou de manter distância do veículo da frente";"Colisão traseira";"Com Vítimas Feridas";"Pleno dia";"Crescente";"Céu Claro";"Dupla";"Reta";"Sim";3;0;1;1;1;0;2;2;-5,75872063;-35,29921986;"SPRF-RN";"DEL02-RN";"UOP01-DEL02-RN"
453236;2022-05-31;"terça-feira";"16:50:00";"PR";476;138;"CURITIBA";"Trafegar com motocicleta (ou similar) entre as faixas";"Queda de ocupante de veículo";"Com Vítimas Feridas";"Pleno dia";"Decrescente";"Garoa/Chuvisco";"Dupla";"Reta";"Sim";1;0;0;1;0;0;1;1;-25,505564;-49,283417;"SPRF-PR";"DEL01-PR";"UOP03-DEL01-PR"
453238;2022-06-01;"quarta-feira";"07:10:00";"BA";324;620;"SALVADOR";"Condutor deixou de manter distância do veículo da frente";"Engavetamento";"Sem Vítimas";"Amanhecer";"Crescente";"Céu Claro";"Dupla";"Reta";"Sim";5;0;0;0;5;0;0;5;-12,918833;-38,464985;"SPRF-BA";"DEL01-BA";"UOP01-DEL01-BA"
453239;2022-06-01;"quarta-feira";"06:40:00";"ES";101;268;"SERRA";"Ausência de reação do condutor";"Colisão com objeto";"Com Vítimas Feridas";"Pleno dia";"Crescente";"Nublado";"Dupla";"Reta";"Sim";2;0;2;0;0;0;2;1;-20,20842;-40,269405;"SPRF-ES";"DEL02-ES";"UOP01-DEL02-ES"
453241;2022-06-01;"quarta-feira";"07:40:00";"SP";116;224;"GUARULHOS";"Manobra de mudança de faixa";"Colisão traseira";"Com Vítimas Feridas";"Pleno dia";"Crescente";"Garoa/Chuvisco";"Múltipla";"Reta";"Sim";2;0;1;0;1;0;1;2;-23,48321769;-46,53725278;"SPRF-SP";"DEL01-SP";"UOP01-DEL01-SP"
453242;2022-06-01;"quarta-feira";"08:05:00";"SP";116;206;"GUARULHOS";"Trafegar com motocicleta (ou similar) entre as faixas";"Colisão lateral mesmo sentido";"Com Vítimas Feridas";"Pleno dia";"Crescente";"Chuva";"Múltipla";"Reta";"Sim";2;0;1;0;1;0;1;2;-23,41722629;-46,37510292;"SPRF-SP";"DEL01-SP";"UOP01-DEL01-SP"
453243;2022-06-01;"quarta-feira";"07:42:00";"CE";116;4;"FORTALEZA";"Chuva";"Tombamento";"Com Vítimas Feridas";"Pleno dia";"Decrescente";"Garoa/Chuvisco";"Múltipla";"Reta";"Não";2;0;2;0;0;0;2;1;-3,78694362;-38,51104975;"SPRF-CE";"DEL01-CE";"UOP02-DEL01-CE"
453245;2022-06-01;"quarta-feira";"07:25:00";"MA";10;246,5;"IMPERATRIZ";"Transitar na contramão";"Colisão frontal";"Com Vítimas Fatais";"Pleno dia";"Decrescente";"Céu Claro";"Simples";"Reta";"Sim";3;1;0;0;2;0;0;2;-5,581313;-47,438831;"SPRF-MA";"DEL04-MA";"UOP01-DEL04-MA"
453246;2022-05-31;"terça-feira";"20:30:00";"BA";324;204;"OUROLANDIA";"Ingestão de álcool pelo condutor";"Colisão lateral sentido oposto";"Com Vítimas Feridas";"Plena Noite";"Crescente";"Céu Claro";"Simples";"Reta";"Não";3;0;2;0;1;0;2;2;-10,81018;-41,22017;"SPRF-BA";"DEL04-BA";"UOP02-DEL04-BA"
453248;2022-06-01;"quarta-feira";"09:00:00";"RS";392;273;"CACAPAVA DO SUL";"Demais falhas mecânicas ou elétricas";"Saída de leito carroçável";"Com Vítimas Feridas";"Amanhecer";"Decrescente";"Céu Claro";"Simples";"Reta";"Não";1;0;0;1;0;0;1;1;-30,36707982;-53,5169419;"SPRF-RS";"DEL09-RS";"UOP02-DEL09-RS"
453249;2022-06-01;"quarta-feira";"08:40:00";"PR";469;13,6;"FOZ DO IGUACU";"Reação tardia ou ineficiente do condutor";"Colisão traseira";"Com Vítimas Feridas";"Pleno dia";"Crescente";"Chuva";"Simples";"Interseção de Vias;Reta";"Sim";4;0;1;0;3;0;1;2;-25,5754;-54,5489;"SPRF-PR";"DEL05-PR";"UOP04-DEL05-PR"
453250;2022-06-01;"quarta-feira";"08:10:00";"SC";101;45;"JOINVILLE";"Acessar a via sem observar a presença dos outros veículos";"Colisão lateral mesmo sentido";"Com Vítimas Feridas";"Pleno dia";"Decrescente";"Chuva";"Dupla";"Interseção de Vias;Reta";"Sim";2;0;1;0;1;0;1;2;-26,34857247;-48,85700047;"SPRF-SC";"DEL03-SC";"UOP01-DEL03-SC"
453251;2022-06-01;"quarta-feira";"09:08:00";"RN";406;147,7;"CEARA-MIRIM";"Mal súbito do condutor";"Capotamento";"Com Vítimas Feridas";"Pleno dia";"Decrescente";"Céu Claro";"Simples";"Reta";"Não";1;0;1;0;0;0;1;1;-5,64619702;-35,459121;"SPRF-RN";"DEL02-RN";"UOP01-DEL02-RN"
453252;2022-06-01;"quarta-feira";"07:00:00";"BA";242;231;"ITABERABA";"Transitar no acostamento";"Atropelamento de Pedestre";"Com Vítimas Fatais";"Amanhecer";"Decrescente";"Nublado";"Simples";"Curva";"Não";2;1;0;0;0;1;0;2;-12,51487091;-40,33051218;"SPRF-BA";"DEL06-BA";"UOP02-DEL06-BA"
453253;2022-06-01;"quarta-feira";"09:00:00";"RJ";116;181;"NOVA IGUACU";"Manobra de mudança de faixa";"Colisão lateral mesmo sentido";"Com Vítimas Feridas";"Pleno dia";"Decrescente";"Céu Claro";"Dupla";"Reta";"Sim";3;0;2;0;1;0;2;2;-22,761312;-43,423492;"SPRF-RJ";"DEL01-RJ";"UOP02-DEL01-RJ"
453254;2022-06-01;"quarta-feira";"09:02:00";"RJ";116;316;"ITATIAIA";"Avarias e/ou desgaste excessivo no pneu";"Queda de ocupante de veículo";"Com Vítimas Feridas";"Pleno dia";"Decrescente";"Céu Claro";"Dupla";"Reta";"Não";2;0;0;2;0;0;2;1;-22,48402633;-44,54456668;"SPRF-RJ";"DEL07-RJ";"UOP02-DEL07-RJ"
453255;2022-06-01;"quarta-feira";"08:32:00";"RJ";393;235;"VASSOURAS";"Acessar a via sem observar a presença dos outros veículos";"Colisão lateral mesmo sentido";"Com Vítimas Feridas";"Pleno dia";"Decrescente";"Céu Claro";"Simples";"Interseção de Vias";"Sim";2;0;1;0;1;0;1;2;-22,410103;-43,67138263;"SPRF-RJ";"DEL05-RJ";"UOP03-DEL05-RJ"
453256;2022-06-01;"quarta-feira";"09:50:00";"PB";101;83;"BAYEUX";"Ausência de reação do condutor";"Colisão traseira";"Sem Vítimas";"Pleno dia";"Crescente";"Sol";"Dupla";"Viaduto";"Sim";2;0;0;0;2;0;0;2;-7,1337703;-34,92963914;"SPRF-PB";"DEL01-PB";"UOP01-DEL01-PB"
453257;2022-06-01;"quarta-feira";"08:30:00";"PR";476;98,9;"BOCAIUVA DO SUL";"Ausência de reação do condutor";"Saída de leito carroçável";"Sem Vítimas";"Pleno dia";"Crescente";"Chuva";"Simples";"Reta";"Não";1;0;0;0;0;1;0;1;-25,24007;-49,127075;"SPRF-PR";"DEL01-PR";"UOP01-DEL01-PR"
453260;2022-03-24;"quinta-feira";"08:05:00";"MG";356;264,5;"MURIAE";"Conversão proibida";"Colisão transversal";"Com Vítimas Feridas";"Pleno dia";"Crescente";"Céu Claro";"Simples";"Reta";"Sim";2;0;0;1;1;0;1;2;-21,12552649;-42,37547729;"SPRF-MG";"DEL07-MG";"UOP02-DEL07-MG"
453261;2022-06-01;"quarta-feira";"08:25:00";"RJ";465;14;"SEROPEDICA";"Acessar a via sem observar a presença dos outros veículos";"Atropelamento de Pedestre";"Com Vítimas Feridas";"Pleno dia";"Crescente";"Céu Claro";"Simples";"Reta";"Não";3;0;2;0;1;0;2;3;-22,804979;-43,638828;"SPRF-RJ";"DEL01-RJ";"UOP03-DEL01-RJ"
453262;2022-06-01;"quarta-feira";"10:55:00";"SP";153;59,9;"SAO JOSE DO RIO PRETO";"Reação tardia ou ineficiente do condutor";"Colisão lateral mesmo sentido";"Com Vítimas Feridas";"Pleno dia";"Crescente";"Céu Claro";"Dupla";"Reta";"Sim";2;0;1;0;1;0;1;2;-20,78733103;-49,35399276;"SPRF-SP";"DEL09-SP";"UOP01-DEL09-SP"
453263;2022-06-01;"quarta-feira";"09:45:00";"PB";230;153,2;"CAMPINA GRANDE";"Desrespeitar a preferência no cruzamento";"Colisão transversal";"Com Vítimas Feridas";"Pleno dia";"Crescente";"Nublado";"Simples";"Retorno Regulamentado";"Sim";3;0;2;0;1;0;2;2;-7,2763;-35,8887;"SPRF-PB";"DEL02-PB";"UOP01-DEL02-PB"
453264;2022-06-01;"quarta-feira";"10:33:00";"RJ";493;62;"NOVA IGUACU";"Demais falhas mecânicas ou elétricas";"Incêndio";"Sem Vítimas";"Pleno dia";"Crescente";"Céu Claro";"Dupla";"Reta";"Não";1;0;0;0;1;0;0;1;-22,677178;-43,401195;"SPRF-RJ";"DEL01-RJ";"UOP03-DEL01-RJ"
453265;2022-05-14;"sábado";"20:30:00";"PR";376;599;"CURITIBA";"Demais falhas mecânicas ou elétricas";"Incêndio";"Sem Vítimas";"Plena Noite";"Crescente";"Céu Claro";"Dupla";"Reta";"Sim";1;0;0;0;0;1;0;1;-25,52629711;-49,32958412;"SPRF-PR";"DEL01-PR";"UOP06-DEL01-PR"
453266;2022-06-01;"quarta-feira";"11:05:00";"ES";101;268,9;"SERRA";"Entrada inopinada do pedestre";"Atropelamento de Pedestre";"Com Vítimas Feridas";"Pleno dia";"Decrescente";"Céu Claro";"Dupla";"Reta";"Sim";2;0;1;0;1;0;1;2;-20,20842;-40,269405;"SPRF-ES";"DEL02-ES";"UOP01-DEL02-ES"