"id";"data_inversa";"dia_semana";"horario";"uf";"br";"km";"municipio";"causa_acidente";"tipo_acidente";"classificacao_acidente";"fase_dia";"sentido_via";"condicao_metereologica";"tipo_pista";"tracado_via";"uso_solo";"pessoas";"mortos";"feridos_leves";"feridos_graves";"ilesos";"ignorados";"feridos";"veiculos";"latitude";"longitude";"regional";"delegacia";"uop"
453268;2022-06-01;"quarta-feira";"11:00:00";"PR";277;74;"SAO JOSE DOS PINHAIS";"Ingestão de álcool ou de substâncias psicoativas pelo pedestre";"Atropelamento de Pedestre";"Com Vítimas Feridas";"Pleno dia";"Crescente";"Chuva";"Dupla";"Reta";"Não";2;0;0;1;1;0;1;2;-25,51726115;-49,11540707;"SPRF-PR";"DEL01-PR";"UOP01-DEL01-PR"
453270;2022-05-17;"terça-feira";"07:00:00";"MG";251;444,6;"GRAO MOGOL";"Avarias e/ou desgaste excessivo no pneu";"Saída de leito carroçável";"Com Vítimas Fatais";"Pleno dia";"Crescente";"Chuva";"Simples";"Curva";"Não";4;1;1;2;0;0;3;1;-16,4185062;-43,26071281;"SPRF-MG";"DEL12-MG";"UOP01-DEL12-MG"
453272;2022-06-01;"quarta-feira";"11:10:00";"RJ";493;78;"JAPERI";"Demais falhas mecânicas ou elétricas";"Tombamento";"Sem Vítimas";"Pleno dia";"Decrescente";"Céu Claro";"Dupla";"Reta";"Não";1;0;0;0;1;0;0;1;-22,66556618;-43,63672435;"SPRF-RJ";"DEL01-RJ";"UOP03-DEL01-RJ"
453275;2022-06-01;"quarta-feira";"12:40:00";"RS";116;147,3;"CAXIAS DO SUL";"Acessar a via sem observar a presença dos outros veículos";"Colisão transversal";"Sem Vítimas";"Pleno dia";"Crescente";"Nublado";"Dupla";"Reta";"Sim";2;0;0;0;1;1;0;2;-29,15126178;-51,14706516;"SPRF-RS";"DEL05-RS";"UOP01-DEL05-RS"
453276;2022-06-01;"quarta-feira";"09:46:00";"MG";381;924,3;"ITAPEVA";"Reação tardia ou ineficiente do condutor";"Colisão com objeto";"Com Vítimas Feridas";"Pleno dia";"Crescente";"Nublado";"Dupla";"Curva";"Não";1;0;1;0;0;0;1;1;-22,77050246;-46,23490598;"SPRF-MG";"DEL16-MG";"UOP03-DEL16-MG"
453277;2022-06-01;"quarta-feira";"11:40:00";"ES";262;27,1;"VIANA";"Reação tardia ou ineficiente do condutor";"Tombamento";"Com Vítimas Feridas";"Pleno dia";"Crescente";"Céu Claro";"Simples";"Curva";"Não";1;0;0;1;0;0;1;1;-20,37910854;-40,53514614;"SPRF-ES";"DEL01-ES";"UOP01-DEL01-ES"
453280;2022-03-21;"segunda-feira";"10:25:00";"ES";262;158;"IBATIBA";"Semáforo com defeito";"Colisão traseira";"Com Vítimas Feridas";"Pleno dia";"Crescente";"Céu Claro";"Simples";"Reta";"Sim";2;0;1;0;1;0;1;2;-20,23111383;-41,49626094;"SPRF-ES";"DEL01-ES";"UOP02-DEL01-ES"
453281;2022-06-01;"quarta-feira";"12:30:00";"SC";101;340;"TUBARAO";"Ausência de reação do condutor";"Saída de leito carroçável";"Com Vítimas Feridas";"Pleno dia";"Crescente";"Sol";"Dupla";"Reta";"Não";1;0;1;0;0;0;1;1;-28,501444;-49,04690399;"SPRF-SC";"DEL02-SC";"UOP01-DEL02-SC"
453282;2022-06-01;"quarta-feira";"09:00:00";"RJ";116;76;"TERESOPOLIS";"Pista Escorregadia";"Tombamento";"Com Vítimas Feridas";"Pleno dia";"Crescente";"Céu Claro";"Simples";"Curva";"Não";1;0;1;0;0;0;1;1;-22,36124312;-42,94876288;"SPRF-RJ";"DEL04-RJ";"UOP01-DEL04-RJ"
453286;2022-05-14;"sábado";"20:00:00";"PE";232;195,7;"SANHARO";"Manobra de mudança de faixa";"Colisão transversal";"Com Vítimas Feridas";"Plena Noite";"Crescente";"Chuva";"Simples";"Curva";"Não";8;0;0;8;0;0;8;2;-8,35793154;-36,53676104;"SPRF-PE";"DEL03-PE";"UOP02-DEL03-PE"
453287;2022-06-01;"quarta-feira";"13:05:00";"PR";116;126;"FAZENDA RIO GRANDE";"Condutor deixou de manter distância do veículo da frente";"Colisão traseira";"Com Vítimas Feridas";"Pleno dia";"Decrescente";"Chuva";"Dupla";"Reta";"Sim";4;0;1;0;3;0;1;2;-25,60389895;-49,31824423;"SPRF-PR";"DEL01-PR";"UOP03-DEL01-PR"
453288;2022-06-01;"quarta-feira";"14:30:00";"MG";40;644;"CRISTIANO OTONI";"Demais falhas mecânicas ou elétricas";"Tombamento";"Com Vítimas Feridas";"Pleno dia";"Crescente";"Céu Claro";"Simples";"Reta";"Não";2;0;2;0;0;0;2;1;-20,77909472;-43,81112359;"SPRF-MG";"DEL05-MG";"UOP02-DEL05-MG"
453290;2022-06-01;"quarta-feira";"14:12:00";"DF";20;10,1;"BRASILIA";"Ausência de reação do condutor";"Colisão traseira";"Com Vítimas Feridas";"Pleno dia";"Decrescente";"Céu Claro";"Dupla";"Reta";"Sim";2;0;1;0;1;0;1;2;-15,650243;-47,773872;"SPRF-DF";"DEL02-DF";"UOP01-DEL02-DF"
453291;2022-06-01;"quarta-feira";"14:15:00";"RS";116;265;"CANOAS";"Frear bruscamente";"Tombamento";"Com Vítimas Feridas";"Pleno dia";"Decrescente";"Nublado";"Múltipla";"Reta;Viaduto";"Sim";2;0;1;0;1;0;1;2;-29,93242399;-51,17742077;"SPRF-RS";"DEL01-RS";"UOP01-DEL01-RS"
453292;2022-06-01;"quarta-feira";"14:10:00";"MG";116;416;"GOVERNADOR VALADARES";"Velocidade Incompatível";"Colisão transversal";"Com Vítimas Feridas";"Pleno dia";"Crescente";"Céu Claro";"Simples";"Interseção de Vias";"Sim";2;0;1;0;1;0;1;2;-18,89215187;-41,94699543;"SPRF-MG";"DEL06-MG";"UOP01-DEL06-MG"
453294;2022-06-01;"quarta-feira";"13:25:00";"SC";163;69,5;"SAO MIGUEL DO OESTE";"Acumulo de areia ou detritos sobre o pavimento";"Tombamento";"Com Vítimas Feridas";"Pleno dia";"Crescente";"Chuva";"Dupla";"Aclive;Curva";"Sim";2;0;2;0;0;0;2;1;-26,738093;-53,501557;"SPRF-SC";"DEL07-SC";"UOP03-DEL07-SC"
453296;2022-06-01;"quarta-feira";"13:30:00";"SP";116;512,8;"CAJATI";"Pista Escorregadia";"Saída de leito carroçável";"Com Vítimas Feridas";"Pleno dia";"Crescente";"Chuva";"Simples";"Curva";"Não";2;0;2;0;0;0;2;1;-24,84304306;-48,22027915;"SPRF-SP";"DEL05-SP";"UOP02-DEL05-SP"
453297;2022-06-01;"quarta-feira";"13:45:00";"RJ";393;286;"VOLTA REDONDA";"Condutor deixou de manter distância do veículo da frente";"Colisão traseira";"Com Vítimas Feridas";"Pleno dia";"Decrescente";"Céu Claro";"Simples";"Interseção de Vias";"Sim";2;0;1;0;1;0;1;2;-22,49133996;-44,06505619;"SPRF-RJ";"DEL05-RJ";"UOP04-DEL05-RJ"
453305;2022-06-01;"quarta-feira";"15:20:00";"MT";364;203,8;"RONDONOPOLIS";"Mal súbito do condutor";"Saída de leito carroçável";"Com Vítimas Feridas";"Pleno dia";"Decrescente";"Céu Claro";"Dupla";"Reta";"Sim";1;0;1;0;0;0;1;1;-16,4656103;-54,65799462;"SPRF-MT";"DEL02-MT";"UOP01-DEL02-MT"
453308;2022-05-31;"terça-feira";"22:00:00";"RO";364;606;"ITAPUA DO OESTE";"Ausência de reação do condutor";"Tombamento";"Com Vítimas Feridas";"Plena Noite";"Crescente";"Céu Claro";"Simples";"Reta";"Não";1;0;1;0;0;0;1;1;-9,1795951;-63,2012541;"SPRF-RO";"DEL01-RO";"UOP04-DEL01-RO"
453309;2022-06-01;"quarta-feira";"16:20:00";"GO";153;699;"ITUMBIARA";"Manobra de mudança de faixa";"Colisão lateral sentido oposto";"Com Vítimas Feridas";"Pleno dia";"Decrescente";"Céu Claro";"Dupla";"Interseção de Vias";"Sim";3;0;1;0;2;0;1;2;-18,3862;-49,2076;"SPRF-GO";"DEL03-GO";"UOP02-DEL03-GO"
453311;2022-06-01;"quarta-feira";"16:20:00";"PE";408;98,6;"SAO LOURENCO DA MATA";"Condutor deixou de manter distância do veículo da frente";"Colisão traseira";"Com Vítimas Feridas";"Pleno dia";"Crescente";"Sol";"Dupla";"Reta";"Não";3;0;1;0;2;0;1;2;-8,04364056;-35,01674995;"SPRF-PE";"DEL01-PE";"UOP01-DEL01-PE"
453312;2022-06-01;"quarta-feira";"17:00:00";"SC";282;519,5;"XAXIM";"Conversão proibida";"Colisão traseira";"Com Vítimas Feridas";"Pleno dia";"Crescente";"Chuva";"Simples";"Declive";"Sim";2;0;0;1;1;0;1;2;-26,947527;-52,517536;"SPRF-SC";"DEL07-SC";"UOP01-DEL07-SC"
453313;2022-06-01;"quarta-feira";"17:40:00";"PB";101;89;"JOAO PESSOA";"Demais falhas na via";"Tombamento";"Com Vítimas Feridas";"Anoitecer";"Decrescente";"Céu Claro";"Múltipla";"Reta";"Sim";1;0;1;0;0;0;1;1;-7,1710694;-34,89765372;"SPRF-PB";"DEL01-PB";"UOP02-DEL01-PB"
453314;2022-06-01;"quarta-feira";"17:01:00";"PR";116;17;"COLOMBO";"Ausência de reação do condutor";"Colisão traseira";"Com Vítimas Feridas";"Pleno dia";"Crescente";"Chuva";"Dupla";"Reta";"Sim";4;0;1;0;2;1;1;4;-25,38924078;-49,19128418;"SPRF-PR";"DEL01-PR";"UOP02-DEL01-PR"
453315;2022-06-01;"quarta-feira";"10:30:00";"RJ";40;0;"COMENDADOR LEVY GASPARIAN";"Avarias e/ou desgaste excessivo no pneu";"Colisão lateral mesmo sentido";"Com Vítimas Feridas";"Pleno dia";"Crescente";"Céu Claro";"Dupla";"Ponte";"Não";2;0;1;0;1;0;1;2;-22,011084;-43,26723;"SPRF-RJ";"DEL05-RJ";"UOP02-DEL05-RJ"
453316;2022-06-01;"quarta-feira";"15:17:00";"PR";369;502;"CORBELIA";"Acumulo de água sobre o pavimento";"Saída de leito carroçável";"Com Vítimas Feridas";"Pleno dia";"Decrescente";"Chuva";"Dupla";"Reta";"Sim";2;0;2;0;0;0;2;1;-24,79600131;-53,28861594;"SPRF-PR";"DEL04-PR";"UOP03-DEL04-PR"
453317;2022-06-01;"quarta-feira";"13:00:00";"SC";280;27,5;"ARAQUARI";"Entrada inopinada do pedestre";"Atropelamento de Pedestre";"Com Vítimas Feridas";"Pleno dia";"Crescente";"Chuva";"Simples";"Reta";"Sim";2;0;2;0;0;0;2;2;-26,38972308;-48,73411593;"SPRF-SC";"DEL03-SC";"UOP03-DEL03-SC"
453318;2022-06-01;"quarta-feira";"17:51:00";"RN";304;34,7;"MOSSORO";"Manobra de mudança de faixa";"Tombamento";"Com Vítimas Feridas";"Plena Noite";"Decrescente";"Céu Claro";"Dupla";"Reta";"Não";3;0;2;0;0;1;2;2;-5,15255798;-37,34873808;"SPRF-RN";"DEL04-RN";"UOP02-DEL04-RN"
453319;2022-06-01;"quarta-feira";"17:45:00";"SC";282;2,5;"FLORIANOPOLIS";"Chuva";"Queda de ocupante de veículo";"Com Vítimas Feridas";"Pleno dia";"Decrescente";"Chuva";"Simples";"Reta";"Sim";1;0;1;0;0;0;1;1;-27,603289;-48,590416;"SPRF-SC";"DEL01-SC";"UOP01-DEL01-SC"
453320;2022-06-01;"quarta-feira";"18:00:00";"SC";163;71,5;"SAO MIGUEL DO OESTE";"Manobra de mudança de faixa";"Colisão transversal";"Com Vítimas Feridas";"Plena Noite";"Decrescente";"Garoa/Chuvisco";"Dupla";"Reta;Aclive;Interseção de Vias";"Sim";2;0;1;1;0;0;2;2;-26,72439608;-53,51373911;"SPRF-SC";"DEL07-SC";"UOP03-DEL07-SC"
453321;2022-04-10;"domingo";"14:45:00";"SC";470;2;"NAVEGANTES";"Reação tardia ou ineficiente do condutor";"Colisão traseira";"Com Vítimas Feridas";"Pleno dia";"Decrescente";"Céu Claro";"Dupla";"Em Obras";"Sim";2;0;1;0;0;1;1;2;-26,868551;-48,674831;"SPRF-SC";"DEL04-SC";"UOP04-DEL04-SC"
453322;2022-06-01;"quarta-feira";"15:30:00";"MG";153;38;"CANAPOLIS";"Ausência de reação do condutor";"Saída de leito carroçável";"Sem Vítimas";"Pleno dia";"Crescente";"Sol";"Dupla";"Reta";"Não";1;0;0;0;1;0;0;1;-18,73302108;-49,10715606;"SPRF-MG";"DEL15-MG";"UOP03-DEL15-MG"
453323;2022-06-01;"quarta-feira";"16:50:00";"AM";230;617;"HUMAITA";"Velocidade Incompatível";"Saída de leito carroçável";"Com Vítimas Feridas";"Anoitecer";"Crescente";"Céu Claro";"Simples";"Reta";"Não";4;0;1;1;0;2;2;2;-7,54161438;-63,06538582;"SPRF-AM";"DEL01-AM";"UOP05-DEL01-AM"
453324;2022-06-01;"quarta-feira";"18:30:00";"DF";40;5;"BRASILIA";"Condutor deixou de manter distância do veículo da frente";"Colisão traseira";"Sem Vítimas";"Plena Noite";"Crescente";"Céu Claro";"Dupla";"Reta";"Sim";2;0;0;0;2;0;0;2;-16,020903;-47,980541;"SPRF-DF";"DEL01-DF";"UOP01-DEL01-DF"
453325;2022-06-01;"quarta-feira";"16:00:00";"SP";116;461;"PARIQUERA-ACU";"Acumulo de água sobre o pavimento";"Queda de ocupante de veículo";"Com Vítimas Feridas";"Pleno dia";"Crescente";"Garoa/Chuvisco";"Dupla";"Rotatória";"Não";1;0;1;0;0;0;1;1;-24,61672184;-47,88933615;"SPRF-SP";"DEL05-SP";"UOP01-DEL05-SP"
453326;2022-06-01;"quarta-feira";"18:20:00";"RS";290;96;"PORTO ALEGRE";"Reação tardia ou ineficiente do condutor";"Colisão traseira";"Com Vítimas Feridas";"Plena Noite";"Crescente";"Nublado";"Dupla";"Ponte";"Sim";2;0;1;0;0;1;1;2;-29,99734276;-51,20916367;"SPRF-RS";"DEL01-RS";"UOP01-DEL01-RS"
453327;2022-05-20;"sexta-feira";"11:03:00";"ES";101;269,5;"SERRA";"Ausência de reação do condutor";"Colisão traseira";"Com Vítimas Feridas";"Pleno dia";"Crescente";"Céu Claro";"Dupla";"Reta";"Sim";5;0;1;0;3;1;1;4;-20,21740496;-40,26990578;"SPRF-ES";"DEL02-ES";"UOP01-DEL02-ES"
453328;2022-06-01;"quarta-feira";"18:40:00";"RN";304;38,4;"MOSSORO";"Pista esburacada";"Colisão com objeto";"Com Vítimas Feridas";"Plena Noite";"Crescente";"Céu Claro";"Dupla";"Reta";"Sim";3;0;1;0;2;0;1;1;-5,17484282;-37,36261737;"SPRF-RN";"DEL04-RN";"UOP02-DEL04-RN"
453329;2022-06-01;"quarta-feira";"18:32:00";"SP";116;111,8;"TAUBATE";"Condutor deixou de manter distância do veículo da frente";"Colisão traseira";"Com Vítimas Feridas";"Plena Noite";"Decrescente";"Céu Claro";"Dupla";"Reta";"Sim";3;0;1;1;0;1;2;3;-23,03887149;-45,56097419;"SPRF-SP";"DEL02-SP";"UOP02-DEL02-SP"
453332;2022-06-01;"quarta-feira";"18:30:00";"PR";116;16;"CURITIBA";"Reação tardia ou ineficiente do condutor";"Colisão traseira";"Com Vítimas Feridas";"Anoitecer";"Crescente";"Chuva";"Dupla";"Reta";"Sim";4;0;2;0;2;0;2;3;-25,38823183;-49,18227732;"SPRF-PR";"DEL01-PR";"UOP02-DEL01-PR"
453334;2022-06-01;"quarta-feira";"18:30:00";"BA";116;9,3;"VITORIA DA CONQUISTA";"Transitar na contramão";"Colisão frontal";"Com Vítimas Fatais";"Plena Noite";"Crescente";"Céu Claro";"Simples";"Reta";"Não";3;1;0;0;2;0;0;2;-14,855322;-40,879619;"SPRF-BA";"DEL08-BA";"UOP01-DEL08-BA"
453337;2022-06-01;"quarta-feira";"17:30:00";"DF";251;38;"BRASILIA";"Demais falhas mecânicas ou elétricas";"Queda de ocupante de veículo";"Com Vítimas Feridas";"Pleno dia";"Crescente";"Sol";"Simples";"Reta";"Não";2;0;0;2;0;0;2;1;-15,94582;-47,792267;"SPRF-DF";"DEL01-DF";"UOP01-DEL01-DF"
453338;2022-06-01;"quarta-feira";"18:00:00";"RJ";101;74;"CAMPOS DOS GOYTACAZES";"Acessar a via sem observar a presença dos outros veículos";"Colisão lateral mesmo sentido";"Com Vítimas Feridas";"Plena Noite";"Decrescente";"Céu Claro";"Simples";"Curva";"Sim";2;0;1;0;1;0;1;2;-21,81580739;-41,39691353;"SPRF-RJ";"DEL08-RJ";"UOP02-DEL08-RJ"
453339;2022-06-01;"quarta-feira";"18:00:00";"PB";104;118,2;"CAMPINA GRANDE";"Ingestão de álcool pelo condutor";"Colisão lateral mesmo sentido";"Com Vítimas Feridas";"Plena Noite";"Decrescente";"Nublado";"Simples";"Reta;Declive";"Não";3;0;2;0;1;0;2;3;-7,19256;-35,869931;"SPRF-PB";"DEL02-PB";"UOP04-DEL02-PB"
453340;2022-06-01;"quarta-feira";"18:15:00";"RJ";40;84;"PETROPOLIS";"Falta de acostamento";"Queda de ocupante de veículo";"Com Vítimas Feridas";"Plena Noite";"Decrescente";"Céu Claro";"Simples";"Reta";"Não";1;0;1;0;0;0;1;1;-22,52145512;-43,23707996;"SPRF-RJ";"DEL06-RJ";"UOP01-DEL06-RJ"
453342;2022-06-01;"quarta-feira";"18:40:00";"RN";226;4,8;"NATAL";"Transitar na contramão";"Colisão frontal";"Com Vítimas Feridas";"Plena Noite";"Crescente";"Nublado";"Simples";"Reta";"Sim";2;0;2;0;0;0;2;2;-5,81958019;-35,25969486;"SPRF-RN";"DEL01-RN";"UOP02-DEL01-RN"
453343;2022-06-01;"quarta-feira";"18:10:00";"RS";116;224;"DOIS IRMAOS";"Área urbana sem a presença de local apropriado para a travessia de pedestres";"Atropelamento de Pedestre";"Com Vítimas Feridas";"Plena Noite";"Crescente";"Chuva";"Dupla";"Reta;Interseção de Vias";"Sim";2;0;1;0;1;0;1;2;-29,58975513;-51,10781795;"SPRF-RS";"DEL01-RS";"UOP02-DEL01-RS"
453345;2022-06-01;"quarta-feira";"17:30:00";"PR";476;150,8;"ARAUCARIA";"Ausência de reação do condutor";"Colisão traseira";"Com Vítimas Feridas";"Anoitecer";"Decrescente";"Chuva";"Dupla";"Curva";"Sim";2;0;1;0;1;0;1;2;-25,570036;-49,384193;"SPRF-PR";"DEL01-PR";"UOP03-DEL01-PR"
453348;2022-06-01;"quarta-feira";"18:00:00";"MG";381;288;"ANTONIO DIAS";"Afundamento ou ondulação no pavimento";"Tombamento";"Com Vítimas Feridas";"Plena Noite";"Decrescente";"Céu Claro";"Simples";"Reta";"Não";1;0;0;1;0;0;1;1;-19,63905081;-42,81290207;"SPRF-MG";"DEL03-MG";"UOP02-DEL03-MG"
453349;2022-04-02;"sábado";"14:15:00";"SC";282;607;"MARAVILHA";"Ausência de reação do condutor";"Colisão traseira";"Com Vítimas Feridas";"Pleno dia";"Crescente";"Céu Claro";"Simples";"Reta";"Sim";2;0;1;0;1;0;1;2;-26,772648;-53,2062;"SPRF-SC";"DEL07-SC";"UOP02-DEL07-SC"
453350;2022-06-01;"quarta-feira";"19:40:00";"MS";262;773,1;"CORUMBA";"Animais na Pista";"Atropelamento de Animal";"Com Vítimas Feridas";"Plena Noite";"Crescente";"Nublado";"Simples";"Aclive";"Sim";2;0;0;2;0;0;2;1;-19,08285699;-57,62168025;"SPRF-MS";"DEL03-MS";"UOP03-DEL03-MS"
453351;2022-06-01;"quarta-feira";"16:20:00";"SC";282;276,9;"SAO JOSE DO CERRITO";"Reação tardia ou ineficiente do condutor";"Saída de leito carroçável";"Com Vítimas Feridas";"Pleno dia";"Decrescente";"Chuva";"Simples";"Curva";"Não";1;0;1;0;0;0;1;1;-27,602106;-50,727554;"SPRF-SC";"DEL05-SC";"UOP02-DEL05-SC"
453354;2022-06-01;"quarta-feira";"20:05:00";"SP";116;173;"JACAREI";"Entrada inopinada do pedestre";"Atropelamento de Pedestre";"Com Vítimas Feridas";"Plena Noite";"Decrescente";"Céu Claro";"Dupla";"Reta";"Não";2;0;1;1;0;0;2;2;-23,31710055;-46,08178719;"SPRF-SP";"DEL02-SP";"UOP01-DEL02-SP"
453355;2022-06-01;"quarta-feira";"20:10:00";"RS";153;47,5;"ERECHIM";"Ingestão de álcool pelo condutor";"Queda de ocupante de veículo";"Com Vítimas Feridas";"Plena Noite";"Decrescente";"Chuva";"Simples";"Reta";"Sim";1;0;0;1;0;0;1;1;-27,64530366;-52,24998023;"SPRF-RS";"DEL08-RS";"UOP04-DEL08-RS"
453356;2022-06-01;"quarta-feira";"21:05:00";"RS";116;242,9;"SAO LEOPOLDO";"Acessar a via sem observar a presença dos outros veículos";"Colisão lateral mesmo sentido";"Com Vítimas Feridas";"Plena Noite";"Decrescente";"Garoa/Chuvisco";"Dupla";"Reta";"Sim";2;0;1;0;1;0;1;2;-29,72297087;-51,14858729;"SPRF-RS";"DEL01-RS";"UOP02-DEL01-RS"
453360;2022-06-01;"quarta-feira";"21:35:00";"MG";381;888,3;"CAMBUI";"Objeto estático sobre o leito carroçável";"Colisão com objeto";"Com Vítimas Feridas";"Plena Noite";"Crescente";"Nublado";"Dupla";"Reta";"Não";2;0;0;1;0;1;1;2;-22,57036508;-46,04169076;"SPRF-MG";"DEL16-MG";"UOP03-DEL16-MG"
453362;2022-06-01;"quarta-feira";"19:45:00";"RR";174;502;"BOA VISTA";"Entrada inopinada do pedestre";"Queda de ocupante de veículo";"Com Vítimas Feridas";"Plena Noite";"Decrescente";"Céu Claro";"Dupla";"Reta";"Sim";1;0;1;0;0;0;1;1;2,80273731;-60,69368189;"SPRF-RR";"DEL01-RR";"UOP01-DEL01-RR"
453363;2022-06-01;"quarta-feira";"21:30:00";"BA";116;805;"VITORIA DA CONQUISTA";"Animais na Pista";"Atropelamento de Animal";"Com Vítimas Feridas";"Plena Noite";"Decrescente";"Nublado";"Simples";"Reta";"Não";1;0;1;0;0;0;1;1;-14,73064561;-40,6406462;"SPRF-BA";"DEL08-BA";"UOP01-DEL08-BA"
453364;2022-06-01;"quarta-feira";"19:00:00";"PE";101;49,6;"ABREU E LIMA";"Acessar a via sem observar a presença dos outros veículos";"Colisão lateral mesmo sentido";"Sem Vítimas";"Plena Noite";"Crescente";"Vento";"Múltipla";"Declive";"Sim";3;0;0;0;3;0;0;2;-7,9005152;-34,90180641;"SPRF-PE";"DEL01-PE";"UOP02-DEL01-PE"
453366;2022-06-01;"quarta-feira";"18:05:00";"SC";480;126,1;"CHAPECO";"Manobra de mudança de faixa";"Colisão lateral mesmo sentido";"Com Vítimas Feridas";"Plena Noite";"Decrescente";"Chuva";"Dupla";"Reta;Aclive";"Não";3;0;1;0;0;2;1;3;-27,020083;-52,636024;"SPRF-SC";"DEL07-SC";"UOP01-DEL07-SC"
453367;2022-06-01;"quarta-feira";"20:10:00";"ES";101;25;"CONCEICAO DA BARRA";"Frear bruscamente";"Tombamento";"Com Vítimas Feridas";"Plena Noite";"Crescente";"Céu Claro";"Simples";"Reta";"Não";2;0;1;0;1;0;1;1;-18,36739611;-39,95084729;"SPRF-ES";"DEL04-ES";"UOP02-DEL04-ES"
453368;2022-06-01;"quarta-feira";"19:42:00";"RO";421;2;"ARIQUEMES";"Demais falhas mecânicas ou elétricas";"Incêndio";"Sem Vítimas";"Plena Noite";"Decrescente";"Céu Claro";"Simples";"Reta";"Não";2;0;0;0;2;0;0;1;-9,925448;-63,071266;"SPRF-RO";"DEL03-RO";"UOP01-DEL03-RO"
453369;2022-06-01;"quarta-feira";"19:20:00";"RJ";116;178;"NOVA IGUACU";"Velocidade Incompatível";"Colisão traseira";"Com Vítimas Feridas";"Plena Noite";"Decrescente";"Céu Claro";"Múltipla";"Reta";"Não";2;0;1;0;0;1;1;2;-22,7651616;-43,4154728;"SPRF-RJ";"DEL01-RJ";"UOP02-DEL01-RJ"
453370;2022-06-01;"quarta-feira";"22:00:00";"CE";20;429;"FORTALEZA";"Demais falhas na via";"Tombamento";"Com Vítimas Feridas";"Plena Noite";"Decrescente";"Garoa/Chuvisco";"Dupla";"Reta";"Sim";1;0;1;0;0;0;1;1;-3,87065585;-38,5011363;"SPRF-CE";"DEL01-CE";"UOP02-DEL01-CE"
453371;2022-04-30;"sábado";"18:40:00";"PR";376;213;"MANDAGUARI";"Velocidade Incompatível";"Colisão traseira";"Com Vítimas Feridas";"Plena Noite";"Crescente";"Céu Claro";"Dupla";"Aclive;Reta";"Não";2;0;1;0;1;0;1;2;-23,5808343;-51,65143895;"SPRF-PR";"DEL09-PR";"UOP01-DEL09-PR"
453372;2022-06-01;"quarta-feira";"22:15:00";"RJ";101;308;"SAO GONCALO";"Objeto estático sobre o leito carroçável";"Colisão com objeto";"Sem Vítimas";"Plena Noite";"Crescente";"Céu Claro";"Simples";"Reta";"Sim";3;0;0;0;1;2;0;2;-22,79309326;-43,02479595;"SPRF-RJ";"DEL02-RJ";"UOP02-DEL02-RJ"
453375;2022-06-01;"quarta-feira";"23:00:00";"PB";230;1,7;"CABEDELO";"Ultrapassagem Indevida";"Colisão lateral mesmo sentido";"Com Vítimas Feridas";"Plena Noite";"Decrescente";"Nublado";"Simples";"Interseção de Vias;Reta";"Sim";4;0;1;1;2;0;2;2;-6,9837;-34,8295;"SPRF-PB";"DEL01-PB";"UOP01-DEL01-PB"
453376;2022-06-01;"quarta-feira";"22:22:00";"PI";316;6,3;"TERESINA";"Condutor deixou de manter distância do veículo da frente";"Colisão lateral mesmo sentido";"Sem Vítimas";"Plena Noite";"Decrescente";"Nublado";"Dupla";"Reta";"Sim";2;0;0;0;2;0;0;2;-5,14702095;-42,77438982;"SPRF-PI";"DEL01-PI";"UOP02-DEL01-PI"
453379;2022-06-01;"quarta-feira";"23:00:00";"MG";381;881;"ESTIVA";"Velocidade Incompatível";"Saída de leito carroçável";"Com Vítimas Feridas";"Plena Noite";"Crescente";"Céu Claro";"Dupla";"Curva";"Não";1;0;1;0;0;0;1;1;-22,46434915;-46,00861552;"SPRF-MG";"DEL16-MG";"UOP03-DEL16-MG"
453380;2022-06-01;"quarta-feira";"23:40:00";"PR";376;4,9;"MANDAGUARI";"Velocidade Incompatível";"Tombamento";"Com Vítimas Feridas";"Plena Noite";"Crescente";"Céu Claro";"Simples";"Reta";"Sim";1;0;0;1;0;0;1;1;-23,547966;-51,671265;"SPRF-PR";"DEL09-PR";"UOP01-DEL09-PR"
453382;2022-06-01;"quarta-feira";"22:50:00";"SC";101;416,2;"ARARANGUA";"Condutor deixou de manter distância do veículo da frente";"Colisão traseira";"Com Vítimas Feridas";"Plena Noite";"Decrescente";"Chuva";"Dupla";"Reta;Aclive";"Não";2;0;0;1;0;1;1;2;-28,96708874;-49,52338825;"SPRF-SC";"DEL02-SC";"UOP02-DEL02-SC"
453384;2022-06-01;"quarta-feira";"23:50:00";"SP";116;2;"GUARULHOS";"Reação tardia ou ineficiente do condutor";"Colisão com objeto";"Com Vítimas Feridas";"Plena Noite";"Crescente";"Garoa/Chuvisco";"Simples";"Curva";"Sim";1;0;1;0;0;0;1;1;-23,45007744;-46,49287462;"SPRF-SP";"DEL08-SP";"UOP02-DEL08-SP"
453385;2022-06-02;"quinta-feira";"00:20:00";"CE";116;3;"FORTALEZA";"Condutor deixou de manter distância do veículo da frente";"Colisão traseira";"Com Vítimas Feridas";"Plena Noite";"Decrescente";"Chuva";"Dupla";"Reta";"Sim";2;0;1;0;1;0;1;2;-3,77866493;-38,51490171;"SPRF-CE";"DEL01-CE";"UOP02-DEL01-CE"
453386;2022-06-01;"quarta-feira";"17:25:00";"MG";153;239;"FRONTEIRA";"Trafegar com motocicleta (ou similar) entre as faixas";"Colisão transversal";"Com Vítimas Feridas";"Anoitecer";"Decrescente";"Céu Claro";"Simples";"Interseção de Vias;Reta";"Sim";2;0;1;0;1;0;1;2;-20,29137636;-49,20248146;"SPRF-MG";"DEL13-MG";"UOP02-DEL13-MG"