"id";"data_inversa";"dia_semana";"horario";"uf";"br";"km";"municipio";"causa_acidente";"tipo_acidente";"classificacao_acidente";"fase_dia";"sentido_via";"condicao_metereologica";"tipo_pista";"tracado_via";"uso_solo";"pessoas";"mortos";"feridos_leves";"feridos_graves";"ilesos";"ignorados";"feridos";"veiculos";"latitude";"longitude";"regional";"delegacia";"uop"
453390;2022-06-02;"quinta-feira";"01:30:00";"SC";470;48,5;"BLUMENAU";"Ausência de reação do condutor";"Tombamento";"Com Vítimas Feridas";"Plena Noite";"Decrescente";"Chuva";"Simples";"Reta";"Não";1;0;0;1;0;0;1;1;-26,859823;-49,055393;"SPRF-SC";"DEL04-SC";"UOP01-DEL04-SC"
453392;2022-06-02;"quinta-feira";"01:00:00";"AL";101;158,8;"CAMPO ALEGRE";"Animais na Pista";"Atropelamento de Animal";"Com Vítimas Feridas";"Plena Noite";"Crescente";"Céu Claro";"Dupla";"Reta";"Sim";1;0;0;1;0;0;1;1;-9,90050999;-36,246598;"SPRF-AL";"DEL02-AL";"UOP02-DEL02-AL"
453393;2022-06-02;"quinta-feira";"00:15:00";"SC";282;523,1;"XAXIM";"Demais Fenômenos da natureza";"Eventos atípicos";"Com Vítimas Feridas";"Plena Noite";"Crescente";"Chuva";"Simples";"Curva";"Não";1;0;0;1;0;0;1;1;-26,963167;-52,549155;"SPRF-SC";"DEL07-SC";"UOP01-DEL07-SC"
453395;2022-06-02;"quinta-feira";"01:45:00";"RS";285;316,5;"PASSO FUNDO";"Condutor Dormindo";"Saída de leito carroçável";"Com Vítimas Feridas";"Plena Noite";"Crescente";"Céu Claro";"Simples";"Curva";"Não";2;0;2;0;0;0;2;1;-28,253775;-52,589588;"SPRF-RS";"DEL08-RS";"UOP03-DEL08-RS"
453396;2022-06-02;"quinta-feira";"01:45:00";"PB";101;104,8;"ALHANDRA";"Condutor Dormindo";"Saída de leito carroçável";"Sem Vítimas";"Plena Noite";"Crescente";"Chuva";"Dupla";"Retorno Regulamentado";"Não";1;0;0;0;0;1;0;1;-7,3084467;-34,94339358;"SPRF-PB";"DEL01-PB";"UOP02-DEL01-PB"
453397;2022-06-02;"quinta-feira";"05:45:00";"SC";282;6;"SAO JOSE";"Pista Escorregadia";"Saída de leito carroçável";"Sem Vítimas";"Amanhecer";"Decrescente";"Nublado";"Dupla";"Curva";"Não";1;0;0;0;0;1;0;1;-27,58544663;-48,61787081;"SPRF-SC";"DEL01-SC";"UOP01-DEL01-SC"
453398;2022-06-01;"quarta-feira";"23:30:00";"SC";163;78,1;"SAO MIGUEL DO OESTE";"Transitar na contramão";"Colisão frontal";"Com Vítimas Feridas";"Plena Noite";"Crescente";"Nevoeiro/Neblina";"Simples";"Reta";"Não";2;0;0;1;1;0;1;2;-26,665988;-53,519743;"SPRF-SC";"DEL07-SC";"UOP03-DEL07-SC"
453399;2022-06-01;"quarta-feira";"22:55:00";"MG";50;152;"UBERABA";"Acessar a via sem observar a presença dos outros veículos";"Colisão traseira";"Sem Vítimas";"Plena Noite";"Crescente";"Céu Claro";"Dupla";"Reta";"Não";2;0;0;0;2;0;0;2;-19,58265703;-48,03133923;"SPRF-MG";"DEL13-MG";"UOP01-DEL13-MG"
453404;2022-06-02;"quinta-feira";"06:40:00";"MG";40;516,3;"RIBEIRAO DAS NEVES";"Manobra de mudança de faixa";"Colisão transversal";"Com Vítimas Feridas";"Pleno dia";"Crescente";"Céu Claro";"Dupla";"Reta";"Não";2;0;1;0;1;0;1;2;-19,81628624;-44,08960124;"SPRF-MG";"DEL01-MG";"UOP02-DEL01-MG"
453405;2022-06-02;"quinta-feira";"06:45:00";"GO";60;97,7;"ANAPOLIS";"Reação tardia ou ineficiente do condutor";"Queda de ocupante de veículo";"Com Vítimas Feridas";"Pleno dia";"Crescente";"Céu Claro";"Dupla";"Reta";"Sim";1;0;1;0;0;0;1;1;-16,3774;-48,9483;"SPRF-GO";"DEL02-GO";"UOP01-DEL02-GO"
453407;2022-03-02;"quarta-feira";"05:25:00";"MG";116;275;"TEOFILO OTONI";"Afundamento ou ondulação no pavimento";"Queda de ocupante de veículo";"Com Vítimas Feridas";"Amanhecer";"Decrescente";"Céu Claro";"Simples";"Reta";"Sim";1;0;0;1;0;0;1;1;-17,84235093;-41,51410418;"SPRF-MG";"DEL11-MG";"UOP01-DEL11-MG"
453409;2022-06-02;"quinta-feira";"06:50:00";"SC";282;16,5;"PALHOCA";"Transitar no acostamento";"Colisão transversal";"Com Vítimas Feridas";"Pleno dia";"Decrescente";"Nublado";"Simples";"Interseção de Vias";"Sim";2;0;0;1;1;0;1;2;-27,658611;-48,681847;"SPRF-SC";"DEL01-SC";"UOP02-DEL01-SC"
453413;2022-06-02;"quinta-feira";"06:30:00";"ES";101;264,5;"SERRA";"Ausência de reação do condutor";"Colisão transversal";"Com Vítimas Feridas";"Pleno dia";"Decrescente";"Céu Claro";"Dupla";"Interseção de Vias";"Sim";2;0;1;0;1;0;1;2;-20,17292791;-40,26736384;"SPRF-ES";"DEL02-ES";"UOP01-DEL02-ES"
453415;2022-06-02;"quinta-feira";"07:40:00";"PR";277;720;"FOZ DO IGUACU";"Chuva";"Colisão lateral mesmo sentido";"Com Vítimas Feridas";"Amanhecer";"Crescente";"Chuva";"Dupla";"Reta";"Sim";3;0;1;0;2;0;1;3;-25,48750984;-54,50317706;"SPRF-PR";"DEL05-PR";"UOP03-DEL05-PR"
453417;2022-06-02;"quinta-feira";"07:00:00";"PR";163;283;"MARECHAL CANDIDO RONDON";"Acessar a via sem observar a presença dos outros veículos";"Atropelamento de Pedestre";"Com Vítimas Feridas";"Pleno dia";"Crescente";"Garoa/Chuvisco";"Simples";"Reta";"Sim";2;0;1;1;0;0;2;2;-24,57864514;-53,99236214;"SPRF-PR";"DEL06-PR";"UOP02-DEL06-PR"
453418;2022-06-02;"quinta-feira";"07:20:00";"RN";101;98;"NATAL";"Problema com o freio";"Colisão transversal";"Com Vítimas Feridas";"Pleno dia";"Crescente";"Nublado";"Simples";"Interseção de Vias";"Sim";2;0;1;0;1;0;1;2;-5,88681084;-35,23143404;"SPRF-RN";"DEL01-RN";"UOP01-DEL01-RN"
453419;2022-05-31;"terça-feira";"07:30:00";"RS";470;213;"BENTO GONCALVES";"Conversão proibida";"Colisão transversal";"Com Vítimas Feridas";"Pleno dia";"Crescente";"Sol";"Simples";"Curva";"Sim";3;0;2;0;1;0;2;2;-29,138703;-51,542708;"SPRF-RS";"DEL06-RS";"UOP01-DEL06-RS"
453420;2022-05-22;"domingo";"03:20:00";"ES";262;19;"VIANA";"Desrespeitar a preferência no cruzamento";"Colisão transversal";"Sem Vítimas";"Plena Noite";"Crescente";"Céu Claro";"Simples";"Interseção de Vias";"Sim";2;0;0;0;2;0;0;2;-20,3919143;-40,49002338;"SPRF-ES";"DEL01-ES";"UOP01-DEL01-ES"
453422;2022-06-02;"quinta-feira";"06:50:00";"PR";476;140,7;"CURITIBA";"Ausência de sinalização";"Atropelamento de Pedestre";"Com Vítimas Feridas";"Amanhecer";"Crescente";"Nublado";"Múltipla";"Interseção de Vias";"Sim";3;0;1;0;2;0;1;3;-25,520693;-49,294121;"SPRF-PR";"DEL01-PR";"UOP03-DEL01-PR"
453423;2022-06-02;"quinta-feira";"07:00:00";"GO";153;590,9;"MORRINHOS";"Condutor usando celular";"Saída de leito carroçável";"Com Vítimas Feridas";"Pleno dia";"Crescente";"Céu Claro";"Dupla";"Reta";"Não";1;0;1;0;0;0;1;1;-17,4675;-49,2187;"SPRF-GO";"DEL03-GO";"UOP01-DEL03-GO"
453424;2022-06-02;"quinta-feira";"07:00:00";"PR";376;488,6;"PONTA GROSSA";"Pista Escorregadia";"Saída de leito carroçável";"Com Vítimas Feridas";"Pleno dia";"Crescente";"Chuva";"Dupla";"Declive";"Sim";1;0;0;1;0;0;1;1;-25,13510082;-50,16497282;"SPRF-PR";"DEL03-PR";"UOP01-DEL03-PR"
453425;2022-04-03;"domingo";"13:00:00";"SC";470;8,8;"NAVEGANTES";"Acessar a via sem observar a presença dos outros veículos";"Colisão transversal";"Com Vítimas Feridas";"Pleno dia";"Crescente";"Nublado";"Simples";"Curva";"Não";3;0;0;1;2;0;1;2;-26,83325683;-48,72602692;"SPRF-SC";"DEL04-SC";"UOP04-DEL04-SC"
453427;2022-06-02;"quinta-feira";"08:10:00";"RN";304;35;"MOSSORO";"Reação tardia ou ineficiente do condutor";"Colisão lateral mesmo sentido";"Com Vítimas Feridas";"Pleno dia";"Crescente";"Garoa/Chuvisco";"Dupla";"Rotatória";"Não";2;0;1;0;1;0;1;2;-5,16585224;-37,35207796;"SPRF-RN";"DEL04-RN";"UOP02-DEL04-RN"
453428;2022-02-21;"segunda-feira";"00:30:00";"BA";418;89;"NOVA VICOSA";"Pedestre cruzava a pista fora da faixa";"Atropelamento de Pedestre";"Com Vítimas Feridas";"Plena Noite";"Crescente";"Céu Claro";"Simples";"Reta";"Sim";2;0;1;0;1;0;1;2;-17,88570928;-39,83805902;"SPRF-BA";"DEL09-BA";"UOP02-DEL09-BA"
453429;2022-05-26;"quinta-feira";"08:25:00";"RR";174;502;"BOA VISTA";"Frear bruscamente";"Tombamento";"Com Vítimas Feridas";"Amanhecer";"Crescente";"Garoa/Chuvisco";"Simples";"Reta";"Sim";1;0;1;0;0;0;1;1;2,787376;-60,699524;"SPRF-RR";"DEL01-RR";"UOP01-DEL01-RR"
453430;2022-06-02;"quinta-feira";"08:15:00";"RS";116;1;"PORTO ALEGRE";"Ausência de reação do condutor";"Colisão traseira";"Com Vítimas Feridas";"Pleno dia";"Crescente";"Nublado";"Dupla";"Reta";"Não";2;0;1;0;1;0;1;2;-29,97117274;-51,1784987;"SPRF-RS";"DEL01-RS";"UOP01-DEL01-RS"
453431;2022-06-02;"quinta-feira";"07:45:00";"PB";104;116,3;"LAGOA SECA";"Condutor deixou de manter distância do veículo da frente";"Colisão traseira";"Sem Vítimas";"Pleno dia";"Decrescente";"Chuva";"Simples";"Curva;Aclive";"Não";2;0;0;0;2;0;0;2;-7,18022102;-35,86480593;"SPRF-PB";"DEL02-PB";"UOP04-DEL02-PB"
453432;2022-06-02;"quinta-feira";"06:00:00";"RO";364;225,8;"CACOAL";"Animais na Pista";"Atropelamento de Animal";"Com Vítimas Feridas";"Amanhecer";"Decrescente";"Nevoeiro/Neblina";"Simples";"Declive";"Sim";1;0;1;0;0;0;1;1;-11,50963587;-61,36131591;"SPRF-RO";"DEL02-RO";"UOP02-DEL02-RO"
453433;2022-06-02;"quinta-feira";"04:10:00";"PR";277;467,5;"LARANJEIRAS DO SUL";"Acumulo de água sobre o pavimento";"Saída de leito carroçável";"Com Vítimas Feridas";"Plena Noite";"Decrescente";"Chuva";"Simples";"Ponte";"Não";1;0;1;0;0;0;1;1;-25,34850811;-52,48961514;"SPRF-PR";"DEL04-PR";"UOP02-DEL04-PR"
453434;2022-06-02;"quinta-feira";"08:02:00";"PI";407;423;"PICOS";"Ausência de reação do condutor";"Colisão traseira";"Com Vítimas Feridas";"Pleno dia";"Crescente";"Céu Claro";"Simples";"Reta";"Sim";2;0;1;0;1;0;1;2;-7,08309474;-41,43080819;"SPRF-PI";"DEL04-PI";"UOP01-DEL04-PI"
453435;2022-06-02;"quinta-feira";"07:45:00";"MG";381;311;"ANTONIO DIAS";"Velocidade Incompatível";"Colisão com objeto";"Com Vítimas Feridas";"Pleno dia";"Decrescente";"Céu Claro";"Simples";"Reta;Túnel;Em Obras";"Não";2;0;2;0;0;0;2;1;-19,66923825;-42,96926993;"SPRF-MG";"DEL03-MG";"UOP02-DEL03-MG"
453438;2022-06-02;"quinta-feira";"06:00:00";"RJ";116;142,5;"DUQUE DE CAXIAS";"Condutor deixou de manter distância do veículo da frente";"Colisão traseira";"Com Vítimas Feridas";"Pleno dia";"Crescente";"Céu Claro";"Dupla";"Reta";"Sim";2;0;1;1;0;0;2;2;-22,64876087;-43,23031638;"SPRF-RJ";"DEL01-RJ";"UOP01-DEL01-RJ"
453439;2022-06-02;"quinta-feira";"07:30:00";"RJ";40;123;"DUQUE DE CAXIAS";"Transitar na contramão";"Colisão transversal";"Com Vítimas Feridas";"Pleno dia";"Decrescente";"Céu Claro";"Dupla";"Curva";"Sim";2;0;1;0;1;0;1;2;-22,79907687;-43,29015739;"SPRF-RJ";"DEL01-RJ";"UOP01-DEL01-RJ"
453441;2022-02-21;"segunda-feira";"12:20:00";"RJ";101;537;"ANGRA DOS REIS";"Conversão proibida";"Colisão lateral mesmo sentido";"Com Vítimas Feridas";"Pleno dia";"Decrescente";"Céu Claro";"Simples";"Reta";"Não";3;0;0;1;2;0;1;3;-23,04205934;-44,57003488;"SPRF-RJ";"DEL03-RJ";"UOP02-DEL03-RJ"
453445;2022-06-02;"quinta-feira";"08:30:00";"GO";153;266;"NOVA GLORIA";"Reação tardia ou ineficiente do condutor";"Colisão traseira";"Com Vítimas Feridas";"Pleno dia";"Decrescente";"Céu Claro";"Simples";"Reta";"Sim";2;0;1;0;1;0;1;2;-15,038218;-49,437908;"SPRF-GO";"DEL07-GO";"UOP02-DEL07-GO"
453446;2022-06-02;"quinta-feira";"07:50:00";"SC";101;167;"TIJUCAS";"Animais na Pista";"Capotamento";"Com Vítimas Feridas";"Pleno dia";"Decrescente";"Chuva";"Dupla";"Reta";"Não";2;0;2;0;0;0;2;1;-27,27029501;-48,63176618;"SPRF-SC";"DEL04-SC";"UOP03-DEL04-SC"
453447;2022-04-05;"terça-feira";"13:30:00";"PR";376;178,9;"MARINGA";"Acessar a via sem observar a presença dos outros veículos";"Colisão transversal";"Com Vítimas Feridas";"Pleno dia";"Crescente";"Sol";"Dupla";"Interseção de Vias";"Sim";2;0;0;1;1;0;1;2;-23,4192146;-51,91293985;"SPRF-PR";"DEL09-PR";"UOP01-DEL09-PR"
453450;2022-06-02;"quinta-feira";"09:44:00";"PE";428;188;"PETROLINA";"Demais falhas mecânicas ou elétricas";"Eventos atípicos";"Sem Vítimas";"Pleno dia";"Crescente";"Céu Claro";"Simples";"Viaduto";"Não";3;0;0;0;3;0;0;1;-9,36400596;-40,48266808;"SPRF-PE";"DEL06-PE";"UOP01-DEL06-PE"
453452;2022-06-02;"quinta-feira";"10:20:00";"PR";116;116;"CURITIBA";"Condutor deixou de manter distância do veículo da frente";"Colisão traseira";"Com Vítimas Feridas";"Pleno dia";"Decrescente";"Chuva";"Múltipla";"Reta";"Sim";3;0;1;0;2;0;1;2;-25,55468195;-49,27402397;"SPRF-PR";"DEL01-PR";"UOP06-DEL01-PR"
453454;2022-06-02;"quinta-feira";"11:00:00";"SP";116;488;"CAJATI";"Pista Escorregadia";"Capotamento";"Com Vítimas Feridas";"Pleno dia";"Crescente";"Nublado";"Dupla";"Curva";"Sim";2;0;2;0;0;0;2;1;-24,7309763372;-48,0981559123;"SPRF-SP";"DEL05-SP";"UOP01-DEL05-SP"
453455;2022-05-14;"sábado";"18:55:00";"PE";101;53;"PAULISTA";"Pedestre andava na pista";"Atropelamento de Pedestre";"Com Vítimas Feridas";"Plena Noite";"Decrescente";"Ignorado";"Múltipla";"Reta";"Não";3;0;0;1;0;2;1;2;-7,93743699;-34,90344885;"SPRF-PE";"DEL01-PE";"UOP02-DEL01-PE"
453460;2022-03-24;"quinta-feira";"06:30:00";"MG";251;449;"GRAO MOGOL";"Afundamento ou ondulação no pavimento";"Tombamento";"Com Vítimas Feridas";"Pleno dia";"Crescente";"Garoa/Chuvisco";"Simples";"Reta";"Não";1;0;0;1;0;0;1;1;-16,420528;-43,28967;"SPRF-MG";"DEL12-MG";"UOP01-DEL12-MG"
453464;2022-06-02;"quinta-feira";"12:00:00";"SP";116;274,5;"EMBU DAS ARTES";"Reação tardia ou ineficiente do condutor";"Colisão lateral mesmo sentido";"Com Vítimas Fatais";"Pleno dia";"Decrescente";"Céu Claro";"Dupla";"Reta";"Sim";2;1;0;0;0;1;0;2;-23,63638826;-46,83251584;"SPRF-SP";"DEL04-SP";"UOP01-DEL04-SP"
453465;2022-05-22;"domingo";"03:30:00";"RR";401;6;"CANTA";"Deficiência do Sistema de Iluminação/Sinalização";"Colisão traseira";"Com Vítimas Feridas";"Plena Noite";"Crescente";"Nublado";"Dupla";"Reta";"Não";6;0;5;1;0;0;6;2;2,79051846;-60,64300847;"SPRF-RR";"DEL01-RR";"UOP01-DEL01-RR"
453467;2022-06-02;"quinta-feira";"12:45:00";"RJ";101;322;"NITEROI";"Reação tardia ou ineficiente do condutor";"Colisão lateral mesmo sentido";"Com Vítimas Feridas";"Pleno dia";"Crescente";"Nublado";"Múltipla";"Reta";"Não";2;0;1;0;0;1;1;2;-22,8787848;-43,11460018;"SPRF-RJ";"DEL02-RJ";"UOP01-DEL02-RJ"
453468;2022-04-03;"domingo";"18:35:00";"PR";376;181;"MARINGA";"Velocidade Incompatível";"Colisão traseira";"Com Vítimas Feridas";"Anoitecer";"Crescente";"Céu Claro";"Dupla";"Reta";"Sim";3;0;3;0;0;0;3;2;-23,4256613;-51,89806402;"SPRF-PR";"DEL09-PR";"UOP01-DEL09-PR"
453469;2022-06-02;"quinta-feira";"11:40:00";"PR";376;620;"SAO JOSE DOS PINHAIS";"Desrespeitar a preferência no cruzamento";"Colisão transversal";"Sem Vítimas";"Pleno dia";"Decrescente";"Chuva";"Simples";"Interseção de Vias";"Sim";2;0;0;0;2;0;0;2;-25,617007;-49,169643;"SPRF-PR";"DEL01-PR";"UOP04-DEL01-PR"
453470;2022-06-02;"quinta-feira";"07:48:00";"PR";369;139,5;"IBIPORA";"Ultrapassagem Indevida";"Colisão lateral mesmo sentido";"Com Vítimas Feridas";"Pleno dia";"Decrescente";"Céu Claro";"Simples";"Reta";"Sim";5;0;2;1;2;0;3;3;-23,27853991;-51,06609464;"SPRF-PR";"DEL07-PR";"UOP01-DEL07-PR"
453471;2022-06-02;"quinta-feira";"13:00:00";"MG";40;728,9;"OLIVEIRA FORTES";"Velocidade Incompatível";"Saída de leito carroçável";"Com Vítimas Feridas";"Pleno dia";"Crescente";"Céu Claro";"Dupla";"Curva";"Não";1;0;1;0;0;0;1;1;-21,31842199;-43,58689599;"SPRF-MG";"DEL05-MG";"UOP01-DEL05-MG"
453472;2022-06-02;"quinta-feira";"12:45:00";"SC";101;216;"PALHOCA";"Acessar a via sem observar a presença dos outros veículos";"Colisão traseira";"Com Vítimas Feridas";"Pleno dia";"Crescente";"Nublado";"Dupla";"Reta";"Sim";2;0;1;0;1;0;1;2;-27,65981409;-48,67747798;"SPRF-SC";"DEL01-SC";"UOP02-DEL01-SC"
453474;2022-05-17;"terça-feira";"07:00:00";"MG";251;499;"FRANCISCO SA";"Chuva";"Capotamento";"Com Vítimas Feridas";"Pleno dia";"Crescente";"Garoa/Chuvisco";"Simples";"Reta";"Não";1;0;0;1;0;0;1;1;-16,66184841;-43,74378204;"SPRF-MG";"DEL12-MG";"UOP01-DEL12-MG"
453475;2022-06-02;"quinta-feira";"13:10:00";"PR";277;682,9;"SAO MIGUEL DO IGUACU";"Chuva";"Saída de leito carroçável";"Com Vítimas Feridas";"Pleno dia";"Decrescente";"Chuva";"Dupla";"Reta";"Não";1;0;1;0;0;0;1;1;-25,32986789;-54,18272203;"SPRF-PR";"DEL05-PR";"UOP01-DEL05-PR"
453477;2022-06-02;"quinta-feira";"08:45:00";"BA";418;8;"CARAVELAS";"Acessar a via sem observar a presença dos outros veículos";"Colisão transversal";"Com Vítimas Feridas";"Pleno dia";"Decrescente";"Céu Claro";"Simples";"Interseção de Vias";"Não";4;0;1;0;2;1;1;2;-17,67287778;-39,2253889;"SPRF-BA";"DEL09-BA";"UOP02-DEL09-BA"
453479;2022-06-02;"quinta-feira";"10:45:00";"SC";101;282,8;"IMBITUBA";"Acessar a via sem observar a presença dos outros veículos";"Colisão transversal";"Com Vítimas Feridas";"Pleno dia";"Decrescente";"Chuva";"Múltipla";"Viaduto;Rotatória";"Sim";3;0;2;0;1;0;2;2;-28,19626005;-48,69739859;"SPRF-SC";"DEL02-SC";"UOP03-DEL02-SC"
453480;2022-06-02;"quinta-feira";"13:20:00";"SC";101;353,9;"SANGAO";"Estacionar ou parar em local proibido";"Colisão traseira";"Sem Vítimas";"Pleno dia";"Decrescente";"Chuva";"Dupla";"Reta";"Não";2;0;0;0;2;0;0;2;-28,61232036;-49,06197674;"SPRF-SC";"DEL02-SC";"UOP01-DEL02-SC"
453481;2022-06-02;"quinta-feira";"14:00:00";"DF";70;11;"BRASILIA";"Reação tardia ou ineficiente do condutor";"Colisão lateral mesmo sentido";"Com Vítimas Feridas";"Pleno dia";"Crescente";"Céu Claro";"Múltipla";"Reta";"Sim";3;0;1;0;2;0;1;2;-15,789762;-48,148727;"SPRF-DF";"DEL03-DF";"UOP02-DEL03-DF"
453482;2022-06-02;"quinta-feira";"10:00:00";"GO";153;178;"CAMPINORTE";"Reação tardia ou ineficiente do condutor";"Saída de leito carroçável";"Com Vítimas Feridas";"Pleno dia";"Crescente";"Céu Claro";"Simples";"Reta";"Não";3;0;2;0;1;0;2;1;-14,327435;-49,152916;"SPRF-GO";"DEL07-GO";"UOP02-DEL07-GO"
453486;2022-06-02;"quinta-feira";"14:10:00";"SP";381;31;"ATIBAIA";"Ausência de reação do condutor";"Colisão com objeto";"Sem Vítimas";"Pleno dia";"Decrescente";"Céu Claro";"Dupla";"Reta";"Não";1;0;0;0;1;0;0;1;-23,0559669;-46,57063716;"SPRF-SP";"DEL03-SP";"UOP01-DEL03-SP"
453487;2022-06-02;"quinta-feira";"12:40:00";"MS";163;258,2;"DOURADOS";"Reação tardia ou ineficiente do condutor";"Tombamento";"Com Vítimas Feridas";"Pleno dia";"Decrescente";"Nublado";"Simples";"Desvio Temporário;Em Obras;Curva";"Não";1;0;1;0;0;0;1;1;-22,258592;-54,781338;"SPRF-MS";"DEL04-MS";"UOP01-DEL04-MS"
453488;2022-06-02;"quinta-feira";"12:30:00";"RO";364;425;"JARU";"Desrespeitar a preferência no cruzamento";"Colisão transversal";"Com Vítimas Feridas";"Pleno dia";"Crescente";"Céu Claro";"Simples";"Interseção de Vias";"Sim";3;0;1;0;2;0;1;2;-10,43559753;-62,47391582;"SPRF-RO";"DEL03-RO";"UOP02-DEL03-RO"
453491;2022-06-02;"quinta-feira";"05:00:00";"PE";232;7;"RECIFE";"Pista esburacada";"Saída de leito carroçável";"Sem Vítimas";"Pleno dia";"Crescente";"Céu Claro";"Dupla";"Reta;Em Obras";"Não";1;0;0;0;0;1;0;1;-8,07333497;-34,96184301;"SPRF-PE";"DEL01-PE";"UOP01-DEL01-PE"
453495;2022-06-02;"quinta-feira";"15:25:00";"MG";381;571;"ITAGUARA";"Reação tardia ou ineficiente do condutor";"Queda de ocupante de veículo";"Com Vítimas Feridas";"Pleno dia";"Decrescente";"Céu Claro";"Dupla";"Reta";"Não";2;0;2;0;0;0;2;1;-20,44411687;-44,56483443;"SPRF-MG";"DEL04-MG";"UOP03-DEL04-MG"
453496;2022-06-02;"quinta-feira";"15:40:00";"ES";101;82,5;"SAO MATEUS";"Reação tardia ou ineficiente do condutor";"Capotamento";"Com Vítimas Feridas";"Pleno dia";"Decrescente";"Céu Claro";"Simples";"Reta";"Não";1;0;1;0;0;0;1;1;-18,83616999;-39,91775501;"SPRF-ES";"DEL04-ES";"UOP02-DEL04-ES"
453498;2022-06-02;"quinta-feira";"11:30:00";"SC";101;138,5;"BALNEARIO CAMBORIU";"Avarias e/ou desgaste excessivo no pneu";"Colisão com objeto";"Com Vítimas Feridas";"Pleno dia";"Decrescente";"Sol";"Dupla";"Curva";"Sim";1;0;1;0;0;0;1;1;-27,02397426;-48,60761649;"SPRF-SC";"DEL04-SC";"UOP03-DEL04-SC"
453500;2022-06-02;"quinta-feira";"16:30:00";"RJ";116;302;"RESENDE";"Velocidade Incompatível";"Tombamento";"Com Vítimas Feridas";"Pleno dia";"Decrescente";"Céu Claro";"Dupla";"Reta";"Não";2;0;1;0;1;0;1;1;-22,45364576;-44,37040802;"SPRF-RJ";"DEL07-RJ";"UOP02-DEL07-RJ"
453501;2022-06-02;"quinta-feira";"17:05:00";"SP";116;550;"BARRA DO TURVO";"Velocidade Incompatível";"Saída de leito carroçável";"Com Vítimas Feridas";"Anoitecer";"Crescente";"Garoa/Chuvisco";"Simples";"Curva";"Não";3;0;1;0;2;0;1;1;-24,95749618;-48,46440871;"SPRF-SP";"DEL05-SP";"UOP02-DEL05-SP"
453502;2022-06-02;"quinta-feira";"16:50:00";"PR";116;42;"CAMPINA GRANDE DO SUL";"Avarias e/ou desgaste excessivo no pneu";"Colisão com objeto";"Sem Vítimas";"Anoitecer";"Crescente";"Chuva";"Dupla";"Curva";"Sim";1;0;0;0;1;0;0;1;-25,17611697;-48,874256;"SPRF-PR";"DEL01-PR";"UOP02-DEL01-PR"
453503;2022-06-02;"quinta-feira";"16:55:00";"RS";116;234,3;"ESTANCIA VELHA";"Ausência de reação do condutor";"Colisão com objeto";"Com Vítimas Feridas";"Pleno dia";"Crescente";"Nublado";"Simples";"Reta";"Sim";1;0;1;0;0;0;1;1;-29,65121313;-51,1444433;"SPRF-RS";"DEL01-RS";"UOP02-DEL01-RS"
453504;2022-06-02;"quinta-feira";"16:30:00";"SC";101;136;"BALNEARIO CAMBORIU";"Ausência de reação do condutor";"Tombamento";"Com Vítimas Feridas";"Pleno dia";"Crescente";"Garoa/Chuvisco";"Simples";"Curva";"Sim";1;0;1;0;0;0;1;1;-27,008113;-48,617245;"SPRF-SC";"DEL04-SC";"UOP03-DEL04-SC"
453505;2022-06-02;"quinta-feira";"08:00:00";"BA";367;26,9;"PORTO SEGURO";"Animais na Pista";"Tombamento";"Com Vítimas Feridas";"Pleno dia";"Decrescente";"Sol";"Simples";"Reta";"Sim";1;0;1;0;0;0;1;1;-16,43071712;-39,09561713;"SPRF-BA";"DEL09-BA";"UOP01-DEL09-BA"
453506;2022-06-02;"quinta-feira";"16:50:00";"PE";407;128,8;"PETROLINA";"Acesso irregular";"Colisão transversal";"Sem Vítimas";"Pleno dia";"Decrescente";"Céu Claro";"Dupla";"Reta";"Sim";2;0;0;0;2;0;0;2;-9,39870297;-40,50488591;"SPRF-PE";"DEL06-PE";"UOP01-DEL06-PE"
453507;2022-06-02;"quinta-feira";"15:40:00";"RR";174;302;"CARACARAI";"Condutor Dormindo";"Saída de leito carroçável";"Com Vítimas Feridas";"Pleno dia";"Crescente";"Céu Claro";"Simples";"Reta";"Não";2;0;0;1;1;0;1;1;1,475005;-60,800278;"SPRF-RR";"DEL01-RR";"UOP01-DEL01-RR"
453508;2022-06-02;"quinta-feira";"16:15:00";"PI";230;307;"FLORIANO";"Acessar a via sem observar a presença dos outros veículos";"Colisão transversal";"Com Vítimas Feridas";"Pleno dia";"Crescente";"Céu Claro";"Simples";"Reta";"Sim";2;0;1;0;1;0;1;2;-6,78667452;-42,99358035;"SPRF-PI";"DEL03-PI";"UOP01-DEL03-PI"
453509;2022-06-02;"quinta-feira";"07:00:00";"MS";463;2,3;"DOURADOS";"Neblina";"Colisão com objeto";"Com Vítimas Feridas";"Amanhecer";"Crescente";"Nevoeiro/Neblina";"Simples";"Reta";"Sim";1;0;0;1;0;0;1;1;-22,2591541;-54,823354;"SPRF-MS";"DEL04-MS";"UOP01-DEL04-MS"
453510;2022-06-02;"quinta-feira";"17:35:00";"MG";267;79,2;"JUIZ DE FORA";"Reação tardia ou ineficiente do condutor";"Colisão com objeto";"Com Vítimas Feridas";"Pleno dia";"Crescente";"Céu Claro";"Simples";"Curva";"Não";1;0;1;0;0;0;1;1;-21,75478617;-43,21241781;"SPRF-MG";"DEL05-MG";"UOP01-DEL05-MG"