"id";"data_inversa";"dia_semana";"horario";"uf";"br";"km";"municipio";"causa_acidente";"tipo_acidente";"classificacao_acidente";"fase_dia";"sentido_via";"condicao_metereologica";"tipo_pista";"tracado_via";"uso_solo";"pessoas";"mortos";"feridos_leves";"feridos_graves";"ilesos";"ignorados";"feridos";"veiculos";"latitude";"longitude";"regional";"delegacia";"uop"
453512;2022-06-02;"quinta-feira";"17:50:00";"ES";262;66;"MARECHAL FLORIANO";"Conversão proibida";"Colisão frontal";"Com Vítimas Feridas";"Anoitecer";"Crescente";"Ignorado";"Simples";"Reta";"Não";3;0;1;1;1;0;2;2;-20,41232421;-40,83191802;"SPRF-ES";"DEL01-ES";"UOP02-DEL01-ES"
453514;2022-06-02;"quinta-feira";"18:01:00";"AL";104;91,5;"RIO LARGO";"Condutor deixou de manter distância do veículo da frente";"Colisão traseira";"Com Vítimas Feridas";"Plena Noite";"Decrescente";"Céu Claro";"Dupla";"Reta";"Sim";3;0;2;0;0;1;2;2;-9,51818474;-35,80329441;"SPRF-AL";"DEL01-AL";"UOP01-DEL01-AL"
453517;2022-06-02;"quinta-feira";"14:40:00";"MT";70;278;"PRIMAVERA DO LESTE";"Ausência de sinalização";"Colisão traseira";"Com Vítimas Feridas";"Pleno dia";"Crescente";"Céu Claro";"Simples";"Reta";"Sim";2;0;1;0;1;0;1;2;-15,55739918;-54,27981896;"SPRF-MT";"DEL05-MT";"UOP01-DEL05-MT"
453518;2022-06-02;"quinta-feira";"17:40:00";"RS";285;460,8;"IJUI";"Obras na pista";"Queda de ocupante de veículo";"Com Vítimas Feridas";"Pleno dia";"Crescente";"Céu Claro";"Simples";"Curva";"Não";1;0;1;0;0;0;1;1;-28,41774903;-53,92154217;"SPRF-RS";"DEL10-RS";"UOP01-DEL10-RS"
453519;2022-06-02;"quinta-feira";"15:45:00";"SC";470;122;"IBIRAMA";"Velocidade Incompatível";"Saída de leito carroçável";"Com Vítimas Feridas";"Pleno dia";"Crescente";"Chuva";"Simples";"Curva";"Sim";1;0;0;1;0;0;1;1;-27,099888;-49,527679;"SPRF-SC";"DEL04-SC";"UOP02-DEL04-SC"
453520;2022-06-02;"quinta-feira";"18:00:00";"ES";101;145;"LINHARES";"Acessar a via sem observar a presença dos outros veículos";"Atropelamento de Pedestre";"Com Vítimas Feridas";"Anoitecer";"Crescente";"Céu Claro";"Simples";"Reta";"Sim";2;0;0;2;0;0;2;2;-19,36089598;-40,06464018;"SPRF-ES";"DEL04-ES";"UOP01-DEL04-ES"
453521;2022-06-02;"quinta-feira";"18:45:00";"SC";101;198;"BIGUACU";"Acessar a via sem observar a presença dos outros veículos";"Colisão lateral mesmo sentido";"Com Vítimas Feridas";"Plena Noite";"Crescente";"Garoa/Chuvisco";"Dupla";"Reta";"Sim";4;0;3;0;1;0;3;3;-27,52658712;-48,63506019;"SPRF-SC";"DEL01-SC";"UOP01-DEL01-SC"
453523;2022-06-02;"quinta-feira";"19:00:00";"SC";101;193,3;"BIGUACU";"Demais falhas mecânicas ou elétricas";"Incêndio";"Sem Vítimas";"Plena Noite";"Crescente";"Garoa/Chuvisco";"Dupla";"Reta";"Sim";1;0;0;0;1;0;0;1;-27,489574;-48,655914;"SPRF-SC";"DEL01-SC";"UOP01-DEL01-SC"
453525;2022-05-29;"domingo";"23:20:00";"PR";376;194;"MARIALVA";"Ausência de reação do condutor";"Colisão lateral mesmo sentido";"Sem Vítimas";"Plena Noite";"Crescente";"Nublado";"Dupla";"Reta";"Não";2;0;0;0;2;0;0;2;-23,49374863;-51,78148171;"SPRF-PR";"DEL09-PR";"UOP01-DEL09-PR"
453526;2022-06-02;"quinta-feira";"19:25:00";"PE";101;70,8;"RECIFE";"Acostamento em desnível";"Queda de ocupante de veículo";"Com Vítimas Feridas";"Plena Noite";"Decrescente";"Nublado";"Dupla";"Reta";"Sim";1;0;1;0;0;0;1;1;-8,06776119;-34,94265074;"SPRF-PE";"DEL01-PE";"UOP01-DEL01-PE"
453528;2022-06-02;"quinta-feira";"18:15:00";"PE";232;112,1;"BEZERROS";"Ausência de reação do condutor";"Saída de leito carroçável";"Sem Vítimas";"Pleno dia";"Crescente";"Nublado";"Dupla";"Curva";"Não";1;0;0;0;0;1;0;1;-8,29729696;-35,83146101;"SPRF-PE";"DEL02-PE";"UOP02-DEL02PE"
453529;2022-06-02;"quinta-feira";"10:30:00";"SC";280;124;"RIO NEGRINHO";"Ausência de reação do condutor";"Colisão traseira";"Sem Vítimas";"Pleno dia";"Crescente";"Céu Claro";"Simples";"Interseção de Vias";"Sim";2;0;0;0;2;0;0;2;-26,23884433;-49,50099349;"SPRF-SC";"DEL06-SC";"UOP03-DEL06-SC"
453530;2022-06-02;"quinta-feira";"19:20:00";"DF";70;1,6;"BRASILIA";"Condutor deixou de manter distância do veículo da frente";"Engavetamento";"Sem Vítimas";"Plena Noite";"Crescente";"Ignorado";"Dupla";"Reta";"Sim";3;0;0;0;3;0;0;3;-15,795264;-48,063801;"SPRF-DF";"DEL03-DF";"UOP02-DEL03-DF"
453531;2022-06-02;"quinta-feira";"19:10:00";"MS";163;456;"CAMPO GRANDE";"Desrespeitar a preferência no cruzamento";"Colisão transversal";"Com Vítimas Feridas";"Plena Noite";"Crescente";"Nublado";"Simples";"Reta";"Não";2;0;2;0;0;0;2;2;-20,66978965;-54,55885649;"SPRF-MS";"DEL01-MS";"UOP01-DEL01-MS"
453532;2022-06-02;"quinta-feira";"19:30:00";"BA";324;584;"CANDEIAS";"Demais falhas mecânicas ou elétricas";"Colisão com objeto";"Com Vítimas Feridas";"Plena Noite";"Crescente";"Nublado";"Dupla";"Reta";"Não";3;0;1;0;2;0;1;2;-12,62182288;-38,48260875;"SPRF-BA";"DEL01-BA";"UOP01-DEL01-BA"
453534;2022-06-02;"quinta-feira";"19:30:00";"RJ";116;141;"DUQUE DE CAXIAS";"Pista Escorregadia";"Queda de ocupante de veículo";"Com Vítimas Feridas";"Plena Noite";"Crescente";"Céu Claro";"Dupla";"Reta";"Sim";4;0;1;0;2;1;1;4;-22,64724486;-43,22083001;"SPRF-RJ";"DEL01-RJ";"UOP01-DEL01-RJ"
453535;2022-06-02;"quinta-feira";"19:50:00";"RS";472;579;"URUGUAIANA";"Acessar a via sem observar a presença dos outros veículos";"Colisão transversal";"Com Vítimas Feridas";"Plena Noite";"Decrescente";"Céu Claro";"Simples";"Reta";"Sim";3;0;1;1;1;0;2;2;-29,78668986;-57,08075523;"SPRF-RS";"DEL13-RS";"UOP01-DEL13-RS"
453539;2022-06-02;"quinta-feira";"17:00:00";"RO";364;14;"VILHENA";"Acessar a via sem observar a presença dos outros veículos";"Colisão lateral mesmo sentido";"Com Vítimas Feridas";"Pleno dia";"Crescente";"Céu Claro";"Simples";"Reta";"Sim";2;0;1;0;1;0;1;2;-12,73898138;-60,13911417;"SPRF-RO";"DEL04-RO";"UOP01-DEL04-RO"
453540;2022-06-02;"quinta-feira";"18:40:00";"AC";364;126;"RIO BRANCO";"Desrespeitar a preferência no cruzamento";"Colisão transversal";"Com Vítimas Feridas";"Plena Noite";"Crescente";"Céu Claro";"Dupla";"Retorno Regulamentado";"Sim";2;0;0;1;1;0;1;2;-10,012822;-67,80875;"SPRF-AC";"DEL01-AC";"UOP01-DEL01-AC"
453541;2022-06-02;"quinta-feira";"18:50:00";"RJ";493;55;"DUQUE DE CAXIAS";"Ausência de reação do condutor";"Capotamento";"Com Vítimas Feridas";"Plena Noite";"Decrescente";"Garoa/Chuvisco";"Dupla";"Reta";"Não";2;0;1;1;0;0;2;1;-22,66597704;-43,33866119;"SPRF-RJ";"DEL01-RJ";"UOP01-DEL01-RJ"
453542;2022-06-02;"quinta-feira";"21:20:00";"RS";116;228;"DOIS IRMAOS";"Velocidade Incompatível";"Saída de leito carroçável";"Com Vítimas Feridas";"Plena Noite";"Decrescente";"Garoa/Chuvisco";"Simples";"Aclive;Curva";"Não";2;0;2;0;0;0;2;1;-29,60916475;-51,12786423;"SPRF-RS";"DEL01-RS";"UOP02-DEL01-RS"
453543;2022-06-02;"quinta-feira";"20:20:00";"PB";101;79;"SANTA RITA";"Acostamento em desnível";"Queda de ocupante de veículo";"Com Vítimas Feridas";"Plena Noite";"Decrescente";"Nublado";"Dupla";"Reta";"Não";2;0;1;0;0;1;1;2;-7,1147526;-34,95793891;"SPRF-PB";"DEL01-PB";"UOP04-DEL01-PB"
453544;2022-06-02;"quinta-feira";"21:30:00";"SE";101;99;"SAO CRISTOVAO";"Conversão proibida";"Colisão transversal";"Com Vítimas Feridas";"Plena Noite";"Decrescente";"Chuva";"Dupla";"Reta";"Não";9;0;3;0;5;1;3;4;-10,93031017;-37,18527675;"SPRF-SE";"DEL02-SE";"UOP01-DEL02-SE"
453545;2022-06-02;"quinta-feira";"18:45:00";"PR";153;1,6;"JACAREZINHO";"Ausência de reação do condutor";"Tombamento";"Com Vítimas Feridas";"Plena Noite";"Decrescente";"Nublado";"Dupla";"Viaduto;Reta";"Sim";1;0;0;1;0;0;1;1;-23,002905;-49,908333;"SPRF-PR";"DEL07-PR";"UOP04-DEL07-PR"
453546;2022-06-02;"quinta-feira";"16:31:00";"RJ";101;61;"CAMPOS DOS GOYTACAZES";"Reação tardia ou ineficiente do condutor";"Colisão transversal";"Com Vítimas Feridas";"Anoitecer";"Decrescente";"Céu Claro";"Simples";"Reta";"Sim";1;0;1;0;0;0;1;1;-21,72655788;-41,32133519;"SPRF-RJ";"DEL08-RJ";"UOP01-DEL08-RJ"
453547;2022-06-02;"quinta-feira";"20:00:00";"PI";316;186,1;"VALENCA DO PIAUI";"Animais na Pista";"Atropelamento de Animal";"Sem Vítimas";"Plena Noite";"Crescente";"Chuva";"Simples";"Reta";"Não";2;0;0;0;2;0;0;1;-6,28658493;-41,93976192;"SPRF-PI";"DEL04-PI";"UOP02-DEL04-PI"
453551;2022-06-02;"quinta-feira";"21:20:00";"PE";232;115,7;"CARUARU";"Manobra de mudança de faixa";"Colisão lateral mesmo sentido";"Sem Vítimas";"Plena Noite";"Crescente";"Céu Claro";"Dupla";"Reta";"Não";5;0;0;0;5;0;0;2;-8,29851022;-35,85780302;"SPRF-PE";"DEL02-PE";"UOP01-DEL02-PE"
453554;2022-06-02;"quinta-feira";"19:00:00";"RO";364;425;"JARU";"Desrespeitar a preferência no cruzamento";"Colisão transversal";"Com Vítimas Feridas";"Plena Noite";"Crescente";"Céu Claro";"Simples";"Interseção de Vias";"Sim";2;0;1;0;1;0;1;2;-10,43562919;-62,473948;"SPRF-RO";"DEL03-RO";"UOP02-DEL03-RO"
453555;2022-06-02;"quinta-feira";"22:35:00";"SP";116;219;"GUARULHOS";"Ausência de reação do condutor";"Colisão com objeto";"Sem Vítimas";"Plena Noite";"Crescente";"Céu Claro";"Múltipla";"Curva";"Sim";1;0;0;0;1;0;0;1;-23,4605103;-46,4883256;"SPRF-SP";"DEL01-SP";"UOP01-DEL01-SP"
453556;2022-06-02;"quinta-feira";"22:25:00";"SP";116;172;"JACAREI";"Demais falhas na via";"Capotamento";"Com Vítimas Feridas";"Plena Noite";"Crescente";"Céu Claro";"Dupla";"Curva;Aclive";"Não";3;0;3;0;0;0;3;1;-23,31527532;-46,07231796;"SPRF-SP";"DEL02-SP";"UOP01-DEL02-SP"
453557;2022-06-02;"quinta-feira";"22:10:00";"PR";277;632,8;"CEU AZUL";"Neblina";"Saída de leito carroçável";"Com Vítimas Feridas";"Plena Noite";"Decrescente";"Nevoeiro/Neblina";"Simples";"Interseção de Vias";"Não";2;0;1;1;0;0;2;1;-25,12256565;-53,80997113;"SPRF-PR";"DEL05-PR";"UOP02-DEL05-PR"
453558;2022-06-02;"quinta-feira";"21:30:00";"PA";316;139;"PEIXE-BOI";"Reação tardia ou ineficiente do condutor";"Saída de leito carroçável";"Com Vítimas Feridas";"Plena Noite";"Crescente";"Céu Claro";"Simples";"Reta";"Não";3;0;1;1;0;1;2;1;-1,26190949;-47,26846218;"SPRF-PA";"DEL01-PA";"UOP03-DEL01-PA"
453560;2022-06-02;"quinta-feira";"17:00:00";"MG";116;414,3;"GOVERNADOR VALADARES";"Ausência de reação do condutor";"Tombamento";"Com Vítimas Feridas";"Pleno dia";"Decrescente";"Céu Claro";"Simples";"Reta";"Sim";2;0;2;0;0;0;2;1;-18,88102703;-41,95910802;"SPRF-MG";"DEL06-MG";"UOP01-DEL06-MG"
453561;2022-06-02;"quinta-feira";"21:50:00";"PR";163;205,6;"CASCAVEL";"Desrespeitar a preferência no cruzamento";"Colisão transversal";"Com Vítimas Feridas";"Plena Noite";"Crescente";"Nevoeiro/Neblina";"Simples";"Reta";"Não";6;0;6;0;0;0;6;2;-24,98548502;-53,55959925;"SPRF-PR";"DEL05-PR";"UOP05-DEL05-PR"
453566;2022-06-03;"sexta-feira";"00:20:00";"PR";476;147;"ARAUCARIA";"Entrada inopinada do pedestre";"Atropelamento de Pedestre";"Com Vítimas Feridas";"Plena Noite";"Decrescente";"Nublado";"Dupla";"Reta";"Não";2;0;0;1;1;0;1;2;-25,554628;-49,339268;"SPRF-PR";"DEL01-PR";"UOP03-DEL01-PR"
453567;2022-05-19;"quinta-feira";"15:10:00";"PR";158;532;"PATO BRANCO";"Acessar a via sem observar a presença dos outros veículos";"Colisão lateral mesmo sentido";"Com Vítimas Feridas";"Pleno dia";"Crescente";"Céu Claro";"Simples";"Rotatória";"Não";3;0;2;0;1;0;2;2;-26,21824573;-52,6814515;"SPRF-PR";"DEL02-PR";"UOP01-DEL02-PR"
453568;2022-06-02;"quinta-feira";"20:15:00";"RN";405;27;"GOVERNADOR DIX-SEPT ROSADO";"Ingestão de álcool pelo condutor";"Saída de leito carroçável";"Sem Vítimas";"Plena Noite";"Crescente";"Garoa/Chuvisco";"Simples";"Reta";"Não";1;0;0;0;1;0;0;1;-5,2769958;-37,54272628;"SPRF-RN";"DEL04-RN";"UOP02-DEL04-RN"
453569;2022-06-03;"sexta-feira";"01:00:00";"PR";277;4,6;"PARANAGUA";"Reação tardia ou ineficiente do condutor";"Colisão com objeto";"Sem Vítimas";"Plena Noite";"Decrescente";"Chuva";"Simples";"Reta";"Não";1;0;0;0;1;0;0;1;-25,55375414;-48,56241922;"SPRF-PR";"DEL01-PR";"UOP05-DEL01-PR"
453570;2022-06-03;"sexta-feira";"00:20:00";"MG";40;503,8;"ESMERALDAS";"Ausência de reação do condutor";"Saída de leito carroçável";"Sem Vítimas";"Plena Noite";"Crescente";"Céu Claro";"Simples";"Reta";"Não";1;0;0;0;0;1;0;1;-19,72138499;-44,15573599;"SPRF-MG";"DEL02-MG";"UOP01-DEL02-MG"
453572;2022-06-03;"sexta-feira";"01:10:00";"RS";287;248;"SANTA MARIA";"Reação tardia ou ineficiente do condutor";"Colisão com objeto";"Com Vítimas Feridas";"Plena Noite";"Crescente";"Céu Claro";"Simples";"Em Obras";"Sim";2;0;1;0;0;1;1;2;-29,696018;-53,850956;"SPRF-RS";"DEL09-RS";"UOP01-DEL09-RS"
453573;2022-06-03;"sexta-feira";"02:20:00";"PR";369;171,9;"ROLANDIA";"Velocidade Incompatível";"Saída de leito carroçável";"Com Vítimas Feridas";"Plena Noite";"Crescente";"Céu Claro";"Simples";"Reta";"Sim";2;0;2;0;0;0;2;1;-23,306212;-51,363566;"SPRF-PR";"DEL07-PR";"UOP01-DEL07-PR"
453575;2022-06-03;"sexta-feira";"05:00:00";"SC";101;206;"SAO JOSE";"Objeto estático sobre o leito carroçável";"Colisão com objeto";"Com Vítimas Feridas";"Plena Noite";"Crescente";"Céu Claro";"Dupla";"Reta";"Não";1;0;1;0;0;0;1;1;-27,59193546;-48,61824557;"SPRF-SC";"DEL01-SC";"UOP01-DEL01-SC"
453578;2022-06-02;"quinta-feira";"21:00:00";"AL";104;91,9;"RIO LARGO";"Demais falhas na via";"Tombamento";"Com Vítimas Feridas";"Plena Noite";"Decrescente";"Nublado";"Dupla";"Declive";"Sim";2;0;2;0;0;0;2;1;-9,50898856;-35,80777135;"SPRF-AL";"DEL01-AL";"UOP01-DEL01-AL"
453579;2022-06-03;"sexta-feira";"05:40:00";"SC";280;55,4;"GUARAMIRIM";"Desrespeitar a preferência no cruzamento";"Colisão transversal";"Com Vítimas Feridas";"Plena Noite";"Crescente";"Chuva";"Dupla";"Rotatória";"Sim";2;0;0;1;1;0;1;2;-26,47888984;-49,00102973;"SPRF-SC";"DEL03-SC";"UOP03-DEL03-SC"
453580;2022-06-03;"sexta-feira";"05:45:00";"DF";20;5;"BRASILIA";"Acessar a via sem observar a presença dos outros veículos";"Colisão lateral mesmo sentido";"Com Vítimas Feridas";"Amanhecer";"Crescente";"Sol";"Dupla";"Reta";"Sim";3;0;1;0;2;0;1;2;-15,665888;-47,808308;"SPRF-DF";"DEL02-DF";"UOP01-DEL02-DF"
453581;2022-06-03;"sexta-feira";"06:35:00";"SP";116;211;"GUARULHOS";"Reação tardia ou ineficiente do condutor";"Colisão traseira";"Com Vítimas Feridas";"Pleno dia";"Crescente";"Céu Claro";"Múltipla";"Reta";"Sim";2;0;1;0;1;0;1;2;-23,4324306;-46,4194352;"SPRF-SP";"DEL01-SP";"UOP01-DEL01-SP"
453582;2022-06-03;"sexta-feira";"05:30:00";"RN";406;117;"POCO BRANCO";"Ingestão de álcool pelo condutor";"Colisão traseira";"Com Vítimas Feridas";"Pleno dia";"Crescente";"Nublado";"Simples";"Reta";"Não";2;0;2;0;0;0;2;2;-5,57560522;-35,69347206;"SPRF-RN";"DEL02-RN";"UOP01-DEL02-RN"
453584;2022-06-03;"sexta-feira";"05:45:00";"MS";359;191;"COXIM";"Animais na Pista";"Atropelamento de Animal";"Com Vítimas Feridas";"Amanhecer";"Decrescente";"Nevoeiro/Neblina";"Simples";"Reta";"Não";4;0;1;0;3;0;1;1;-18,39017217;-54,41757084;"SPRF-MS";"DEL06-MS";"UOP01-DEL06-MS"
453586;2022-06-03;"sexta-feira";"06:50:00";"RS";116;519,2;"PELOTAS";"Animais na Pista";"Queda de ocupante de veículo";"Com Vítimas Feridas";"Pleno dia";"Crescente";"Céu Claro";"Múltipla";"Reta";"Sim";1;0;1;0;0;0;1;1;-31,69369368;-52,35458934;"SPRF-RS";"DEL07-RS";"UOP01-DEL07-RS"
453588;2022-06-03;"sexta-feira";"05:30:00";"RJ";101;138,5;"CARAPEBUS";"Demais falhas mecânicas ou elétricas";"Tombamento";"Com Vítimas Feridas";"Pleno dia";"Crescente";"Céu Claro";"Simples";"Reta";"Não";31;0;3;0;28;0;3;1;-22,16693863;-41,74216747;"SPRF-RJ";"DEL08-RJ";"UOP04-DEL08-RJ"
453591;2022-06-03;"sexta-feira";"06:12:00";"MS";262;261;"RIBAS DO RIO PARDO";"Ausência de reação do condutor";"Colisão com objeto";"Sem Vítimas";"Pleno dia";"Decrescente";"Nublado";"Simples";"Reta";"Não";1;0;0;0;1;0;0;1;-20,421322;-53,948803;"SPRF-MS";"DEL01-MS";"UOP01-DEL01-MS"
453592;2022-06-03;"sexta-feira";"06:30:00";"MS";163;484,5;"CAMPO GRANDE";"Conversão proibida";"Colisão lateral mesmo sentido";"Com Vítimas Feridas";"Pleno dia";"Crescente";"Nevoeiro/Neblina";"Simples";"Interseção de Vias";"Não";2;0;1;0;1;0;1;2;-20,44233707;-54,54201834;"SPRF-MS";"DEL01-MS";"UOP02-DEL01-MS"
453595;2022-06-03;"sexta-feira";"07:35:00";"RS";386;34;"FREDERICO WESTPHALEN";"Acessar a via sem observar a presença dos outros veículos";"Colisão lateral mesmo sentido";"Com Vítimas Feridas";"Pleno dia";"Crescente";"Sol";"Simples";"Interseção de Vias";"Sim";3;0;0;1;1;1;1;3;-27,358442;-53,388298;"SPRF-RS";"DEL08-RS";"UOP02-DEL08-RS"
453596;2022-06-03;"sexta-feira";"07:00:00";"PB";230;19;"JOAO PESSOA";"Reação tardia ou ineficiente do condutor";"Queda de ocupante de veículo";"Com Vítimas Feridas";"Pleno dia";"Decrescente";"Chuva";"Dupla";"Reta";"Sim";3;0;0;2;1;0;2;2;-7,1281;-34,8466;"SPRF-PB";"DEL01-PB";"UOP01-DEL01-PB"
453597;2022-06-03;"sexta-feira";"06:00:00";"PR";467;100;"CASCAVEL";"Ingestão de álcool pelo condutor";"Saída de leito carroçável";"Sem Vítimas";"Amanhecer";"Crescente";"Nublado";"Dupla";"Curva";"Não";2;0;0;0;2;0;0;1;-24,894954;-53,535262;"SPRF-PR";"DEL04-PR";"UOP01-DEL04-PR"
453600;2022-06-03;"sexta-feira";"08:10:00";"MG";365;125,6;"VARZEA DA PALMA";"Ausência de reação do condutor";"Colisão traseira";"Com Vítimas Feridas";"Pleno dia";"Crescente";"Céu Claro";"Simples";"Reta";"Não";2;0;0;1;1;0;1;2;-17,13478897;-44,741006;"SPRF-MG";"DEL12-MG";"UOP01-DEL12-MG"
453602;2022-05-18;"quarta-feira";"09:50:00";"SC";470;67;"INDAIAL";"Acesso irregular";"Colisão transversal";"Com Vítimas Feridas";"Pleno dia";"Decrescente";"Céu Claro";"Simples";"Em Obras";"Sim";2;0;1;0;1;0;1;2;-26,872158;-49,23127;"SPRF-SC";"DEL04-SC";"UOP01-DEL04-SC"
453607;2022-06-03;"sexta-feira";"08:56:00";"DF";20;21;"BRASILIA";"Reação tardia ou ineficiente do condutor";"Colisão traseira";"Com Vítimas Feridas";"Pleno dia";"Crescente";"Céu Claro";"Dupla";"Reta";"Sim";3;0;1;0;2;0;1;2;-15,603384;-47,684692;"SPRF-DF";"DEL02-DF";"UOP01-DEL02-DF"
453609;2022-06-03;"sexta-feira";"09:20:00";"ES";101;290;"CARIACICA";"Pedestre cruzava a pista fora da faixa";"Atropelamento de Pedestre";"Com Vítimas Feridas";"Pleno dia";"Crescente";"Céu Claro";"Dupla";"Reta";"Sim";2;0;0;2;0;0;2;2;-20,28927747;-40,39181575;"SPRF-ES";"DEL01-ES";"UOP01-DEL01-ES"
453610;2022-06-03;"sexta-feira";"09:00:00";"BA";324;618;"SALVADOR";"Avarias e/ou desgaste excessivo no pneu";"Tombamento";"Com Vítimas Feridas";"Pleno dia";"Crescente";"Céu Claro";"Dupla";"Reta";"Sim";2;0;2;0;0;0;2;1;-12,891109;-38,445374;"SPRF-BA";"DEL01-BA";"UOP01-DEL01-BA"
453613;2022-06-03;"sexta-feira";"08:50:00";"PR";376;598;"CURITIBA";"Mal súbito do condutor";"Saída de leito carroçável";"Com Vítimas Feridas";"Pleno dia";"Crescente";"Nublado";"Dupla";"Reta";"Sim";2;0;2;0;0;0;2;1;-25,5188802;-49,33506947;"SPRF-PR";"DEL01-PR";"UOP06-DEL01-PR"
453614;2022-06-02;"quinta-feira";"04:40:00";"PR";116;102,1;"SAO JOSE DOS PINHAIS";"Ingestão de álcool pelo condutor";"Colisão com objeto";"Sem Vítimas";"Amanhecer";"Decrescente";"Chuva";"Dupla";"Reta";"Não";1;0;0;0;1;0;0;1;-25,56915603;-49,18182135;"SPRF-PR";"DEL01-PR";"UOP01-DEL01-PR"
453615;2022-05-18;"quarta-feira";"17:50:00";"SC";280;260;"CANOINHAS";"Acessar a via sem observar a presença dos outros veículos";"Colisão transversal";"Sem Vítimas";"Amanhecer";"Decrescente";"Garoa/Chuvisco";"Simples";"Reta";"Não";3;0;0;0;3;0;0;2;-26,26206627;-50,63822202;"SPRF-SC";"DEL06-SC";"UOP04-DEL06-SC"
453616;2022-06-03;"sexta-feira";"10:10:00";"GO";40;6;"VALPARAISO DE GOIAS";"Condutor deixou de manter distância do veículo da frente";"Colisão traseira";"Com Vítimas Feridas";"Pleno dia";"Decrescente";"Céu Claro";"Dupla";"Reta";"Sim";2;0;1;0;1;0;1;2;-16,10378711;-47,97526013;"SPRF-DF";"DEL01-DF";"UOP01-DEL01-DF"
453617;2022-06-03;"sexta-feira";"08:00:00";"RO";364;430;"JARU";"Desrespeitar a preferência no cruzamento";"Colisão transversal";"Com Vítimas Feridas";"Pleno dia";"Decrescente";"Céu Claro";"Simples";"Interseção de Vias";"Não";3;0;1;1;1;0;2;2;-10,406295;-62,51611233;"SPRF-RO";"DEL03-RO";"UOP02-DEL03-RO"
453618;2022-06-03;"sexta-feira";"09:55:00";"PR";376;176,4;"MARINGA";"Manobra de mudança de faixa";"Colisão lateral mesmo sentido";"Com Vítimas Feridas";"Pleno dia";"Crescente";"Céu Claro";"Múltipla";"Reta";"Sim";2;0;1;0;1;0;1;2;-23,41104241;-51,93736732;"SPRF-PR";"DEL09-PR";"UOP01-DEL09-PR"
453620;2022-06-02;"quinta-feira";"15:00:00";"PE";101;60,6;"RECIFE";"Ausência de reação do condutor";"Colisão com objeto";"Sem Vítimas";"Pleno dia";"Crescente";"Nublado";"Dupla";"Reta";"Não";3;0;0;0;3;0;0;1;-7,98344307;-34,93176727;"SPRF-PE";"DEL01-PE";"UOP02-DEL01-PE"
453622;2022-06-03;"sexta-feira";"09:20:00";"PR";476;121;"COLOMBO";"Condutor deixou de manter distância do veículo da frente";"Colisão traseira";"Com Vítimas Feridas";"Pleno dia";"Crescente";"Garoa/Chuvisco";"Dupla";"Reta";"Sim";2;0;1;0;1;0;1;2;-25,379221;-49,197685;"SPRF-PR";"DEL01-PR";"UOP01-DEL01-PR"
453624;2022-06-03;"sexta-feira";"10:45:00";"SC";101;214;"PALHOCA";"Avarias e/ou desgaste excessivo no pneu";"Queda de ocupante de veículo";"Com Vítimas Feridas";"Pleno dia";"Crescente";"Céu Claro";"Múltipla";"Reta";"Não";2;0;1;0;1;0;1;1;-27,64443;-48,67057;"SPRF-SC";"DEL01-SC";"UOP02-DEL01-SC"
453625;2022-06-03;"sexta-feira";"10:50:00";"MG";40;464,2;"SETE LAGOAS";"Reação tardia ou ineficiente do condutor";"Saída de leito carroçável";"Com Vítimas Feridas";"Pleno dia";"Crescente";"Céu Claro";"Dupla";"Aclive";"Não";1;0;1;0;0;0;1;1;-19,43110896;-44,33657482;"SPRF-MG";"DEL02-MG";"UOP01-DEL02-MG"
453626;2022-06-03;"sexta-feira";"10:00:00";"RN";101;106;"PARNAMIRIM";"Animais na Pista";"Atropelamento de Animal";"Com Vítimas Feridas";"Pleno dia";"Decrescente";"Céu Claro";"Dupla";"Reta";"Sim";2;0;2;0;0;0;2;1;-5,9105640114;-35,26130795;"SPRF-RN";"DEL01-RN";"UOP01-DEL01-RN"
453627;2022-06-03;"sexta-feira";"09:40:00";"RR";174;502,9;"BOA VISTA";"Entrada inopinada do pedestre";"Colisão traseira";"Sem Vítimas";"Pleno dia";"Decrescente";"Céu Claro";"Dupla";"Reta";"Sim";2;0;0;0;2;0;0;2;2,787376;-60,699524;"SPRF-RR";"DEL01-RR";"UOP01-DEL01-RR"
453628;2022-06-03;"sexta-feira";"11:45:00";"SP";153;62,1;"SAO JOSE DO RIO PRETO";"Ausência de reação do condutor";"Colisão traseira";"Com Vítimas Feridas";"Pleno dia";"Crescente";"Céu Claro";"Dupla";"Reta;Declive";"Sim";2;0;1;0;1;0;1;2;-20,81325404;-49,35675563;"SPRF-SP";"DEL09-SP";"UOP01-DEL09-SP"
453629;2022-06-03;"sexta-feira";"11:30:00";"RJ";101;299;"ITABORAI";"Chuva";"Colisão traseira";"Sem Vítimas";"Pleno dia";"Crescente";"Chuva";"Dupla";"Reta";"Sim";2;0;0;0;2;0;0;2;-22,77432673;-42,93823207;"SPRF-RJ";"DEL02-RJ";"UOP02-DEL02-RJ"
453630;2022-06-03;"sexta-feira";"11:40:00";"RS";116;144,9;"CAXIAS DO SUL";"Condutor deixou de manter distância do veículo da frente";"Colisão traseira";"Com Vítimas Feridas";"Pleno dia";"Crescente";"Céu Claro";"Dupla";"Reta";"Sim";2;0;1;0;1;0;1;2;-29,1267449;-51,12768983;"SPRF-RS";"DEL05-RS";"UOP01-DEL05-RS"