"id";"data_inversa";"dia_semana";"horario";"uf";"br";"km";"municipio";"causa_acidente";"tipo_acidente";"classificacao_acidente";"fase_dia";"sentido_via";"condicao_metereologica";"tipo_pista";"tracado_via";"uso_solo";"pessoas";"mortos";"feridos_leves";"feridos_graves";"ilesos";"ignorados";"feridos";"veiculos";"latitude";"longitude";"regional";"delegacia";"uop"
453631;2022-06-03;"sexta-feira";"11:40:00";"RN";304;300;"PARNAMIRIM";"Frear bruscamente";"Saída de leito carroçável";"Com Vítimas Feridas";"Pleno dia";"Decrescente";"Nublado";"Dupla";"Reta";"Não";1;0;1;0;0;0;1;1;-5,8737673;-35,3150361;"SPRF-RN";"DEL01-RN";"UOP02-DEL01-RN"
453632;2022-06-03;"sexta-feira";"12:00:00";"RJ";116;93;"GUAPIMIRIM";"Chuva";"Colisão frontal";"Com Vítimas Feridas";"Pleno dia";"Decrescente";"Garoa/Chuvisco";"Simples";"Curva";"Não";4;0;2;0;2;0;2;3;-22,46416302;-42,99215699;"SPRF-RJ";"DEL04-RJ";"UOP01-DEL04-RJ"
453635;2022-06-03;"sexta-feira";"12:30:00";"SC";101;212;"PALHOCA";"Avarias e/ou desgaste excessivo no pneu";"Queda de ocupante de veículo";"Com Vítimas Feridas";"Pleno dia";"Crescente";"Céu Claro";"Múltipla";"Reta";"Sim";2;0;0;1;1;0;1;1;-27,62996929;-48,65903871;"SPRF-SC";"DEL01-SC";"UOP02-DEL01-SC"
453636;2022-01-01;"sábado";"05:30:00";"RO";364;16;"VILHENA";"Ingestão de álcool pelo condutor";"Colisão com objeto";"Com Vítimas Feridas";"Amanhecer";"Crescente";"Céu Claro";"Simples";"Reta";"Sim";1;0;1;0;0;0;1;1;-12,73437947;-60,15696986;"SPRF-RO";"DEL04-RO";"UOP01-DEL04-RO"
453637;2022-06-03;"sexta-feira";"12:35:00";"RS";153;50;"ERECHIM";"Acessar a via sem observar a presença dos outros veículos";"Colisão transversal";"Com Vítimas Feridas";"Pleno dia";"Decrescente";"Nublado";"Simples";"Declive";"Sim";3;0;1;0;2;0;1;2;-27,65623359;-52,27554709;"SPRF-RS";"DEL08-RS";"UOP04-DEL08-RS"
453638;2022-06-03;"sexta-feira";"11:50:00";"PI";343;348;"TERESINA";"Transitar na contramão";"Colisão frontal";"Sem Vítimas";"Pleno dia";"Decrescente";"Céu Claro";"Dupla";"Rotatória";"Sim";2;0;0;0;2;0;0;2;-5,118706;-42,786411;"SPRF-PI";"DEL01-PI";"UOP01-DEL01-PI"
453639;2022-06-03;"sexta-feira";"02:30:00";"CE";116;460;"BARRO";"Afundamento ou ondulação no pavimento";"Saída de leito carroçável";"Sem Vítimas";"Plena Noite";"Decrescente";"Ignorado";"Simples";"Curva";"Não";1;0;0;0;0;1;0;1;-7,20002257;-38,80542755;"SPRF-CE";"DEL05-CE";"UOP03-DEL05-CE"
453640;2022-06-03;"sexta-feira";"12:40:00";"BA";116;823,7;"VITORIA DA CONQUISTA";"Ausência de reação do condutor";"Colisão traseira";"Com Vítimas Feridas";"Pleno dia";"Decrescente";"Sol";"Dupla";"Reta";"Sim";2;0;1;0;1;0;1;2;-14,85963263;-40,84949613;"SPRF-BA";"DEL08-BA";"UOP01-DEL08-BA"
453641;2022-06-03;"sexta-feira";"13:05:00";"CE";116;466;"BARRO";"Pista Escorregadia";"Colisão frontal";"Com Vítimas Fatais";"Pleno dia";"Crescente";"Chuva";"Simples";"Curva";"Não";5;1;1;3;0;0;4;2;-7,22243491;-38,83869519;"SPRF-CE";"DEL05-CE";"UOP03-DEL05-CE"
453643;2022-06-03;"sexta-feira";"13:50:00";"SP";116;468;"JACUPIRANGA";"Reação tardia ou ineficiente do condutor";"Saída de leito carroçável";"Com Vítimas Feridas";"Pleno dia";"Crescente";"Nublado";"Dupla";"Reta";"Não";3;0;0;1;2;0;1;1;-24,65092046;-47,94065092;"SPRF-SP";"DEL05-SP";"UOP01-DEL05-SP"
453644;2022-06-03;"sexta-feira";"13:20:00";"CE";116;23;"ITAITINGA";"Condutor deixou de manter distância do veículo da frente";"Colisão traseira";"Com Vítimas Feridas";"Pleno dia";"Crescente";"Sol";"Dupla";"Reta";"Sim";3;0;1;1;1;0;2;2;-3,94905489;-38,51212845;"SPRF-CE";"DEL01-CE";"UOP02-DEL01-CE"
453645;2022-05-29;"domingo";"17:30:00";"PR";373;404;"CANDOI";"Acessar a via sem observar a presença dos outros veículos";"Colisão transversal";"Com Vítimas Feridas";"Anoitecer";"Decrescente";"Chuva";"Simples";"Reta";"Não";4;0;2;0;2;0;2;2;-25,59913505;-52,05564737;"SPRF-PR";"DEL08-PR";"UOP01-DEL08-PR"
453647;2022-06-03;"sexta-feira";"13:00:00";"PI";343;329,5;"TERESINA";"Ausência de reação do condutor";"Colisão lateral mesmo sentido";"Com Vítimas Feridas";"Pleno dia";"Decrescente";"Céu Claro";"Simples";"Curva";"Não";2;0;1;0;1;0;1;2;-5,064808;-42,641769;"SPRF-PI";"DEL01-PI";"UOP01-DEL01-PI"
453649;2022-06-03;"sexta-feira";"06:30:00";"BA";101;817;"ITAMARAJU";"Neblina";"Colisão traseira";"Com Vítimas Feridas";"Amanhecer";"Crescente";"Nevoeiro/Neblina";"Simples";"Reta";"Não";3;0;1;0;2;0;1;2;-17,07078393;-39,55961689;"SPRF-BA";"DEL09-BA";"UOP02-DEL09-BA"
453650;2022-06-03;"sexta-feira";"13:03:00";"RN";101;96;"NATAL";"Velocidade Incompatível";"Engavetamento";"Com Vítimas Feridas";"Pleno dia";"Crescente";"Garoa/Chuvisco";"Dupla";"Reta";"Sim";4;0;1;0;3;0;1;4;-5,8494962178;-35,2089075177;"SPRF-RN";"DEL01-RN";"UOP01-DEL01-RN"
453651;2022-06-03;"sexta-feira";"12:30:00";"RS";287;532;"SAO BORJA";"Ausência de reação do condutor";"Saída de leito carroçável";"Com Vítimas Feridas";"Pleno dia";"Decrescente";"Sol";"Simples";"Reta";"Não";2;0;2;0;0;0;2;1;-28,67984887;-55,95816789;"SPRF-RS";"DEL12-RS";"UOP01-DEL12-RS"
453653;2022-05-14;"sábado";"05:19:00";"PE";232;37,7;"VITORIA DE SANTO ANTAO";"Condutor Dormindo";"Saída de leito carroçável";"Com Vítimas Feridas";"Amanhecer";"Crescente";"Nublado";"Dupla";"Reta";"Não";1;0;1;0;0;0;1;1;-8,11285511;-35,20988897;"SPRF-PE";"DEL01-PE";"UOP01-DEL01-PE"
453658;2022-06-03;"sexta-feira";"14:10:00";"ES";101;281,5;"SERRA";"Ausência de reação do condutor";"Queda de ocupante de veículo";"Com Vítimas Feridas";"Pleno dia";"Decrescente";"Céu Claro";"Dupla";"Reta";"Não";1;0;1;0;0;0;1;1;-20,22112792;-40,35720552;"SPRF-ES";"DEL02-ES";"UOP01-DEL02-ES"
453659;2022-06-03;"sexta-feira";"12:15:00";"SC";282;515,2;"XAXIM";"Condutor deixou de manter distância do veículo da frente";"Colisão traseira";"Com Vítimas Feridas";"Pleno dia";"Crescente";"Nublado";"Simples";"Reta";"Não";3;0;1;0;2;0;1;2;-26,922623;-52,496132;"SPRF-SC";"DEL07-SC";"UOP01-DEL07-SC"
453660;2022-06-03;"sexta-feira";"13:50:00";"RS";116;154;"CAXIAS DO SUL";"Retorno proibido";"Tombamento";"Com Vítimas Feridas";"Pleno dia";"Crescente";"Céu Claro";"Simples";"Reta";"Sim";2;0;1;0;1;0;1;2;-29,19074818;-51,18073734;"SPRF-RS";"DEL05-RS";"UOP01-DEL05-RS"
453661;2022-06-03;"sexta-feira";"12:10:00";"PB";104;119;"CAMPINA GRANDE";"Chuva";"Colisão com objeto";"Com Vítimas Feridas";"Pleno dia";"Crescente";"Chuva";"Simples";"Reta";"Não";2;0;1;0;1;0;1;2;-7,20325615;-35,8752172;"SPRF-PB";"DEL02-PB";"UOP04-DEL02-PB"
453662;2022-06-03;"sexta-feira";"11:00:00";"PE";104;1,7;"TAQUARITINGA DO NORTE";"Acumulo de água sobre o pavimento";"Capotamento";"Com Vítimas Feridas";"Pleno dia";"Decrescente";"Garoa/Chuvisco";"Simples";"Curva";"Não";1;0;1;0;0;0;1;1;-7,798334;-36,099885;"SPRF-PE";"DEL02-PE";"UOP01-DEL02-PE"
453664;2022-06-03;"sexta-feira";"14:30:00";"RS";116;37,2;"VACARIA";"Desrespeitar a preferência no cruzamento";"Colisão transversal";"Com Vítimas Feridas";"Pleno dia";"Decrescente";"Céu Claro";"Simples";"Rotatória;Interseção de Vias";"Sim";2;0;1;0;1;0;1;2;-28,49871957;-50,9176864;"SPRF-RS";"DEL05-RS";"UOP03-DEL05-RS"
453666;2022-06-03;"sexta-feira";"10:30:00";"RO";364;409;"JARU";"Reação tardia ou ineficiente do condutor";"Colisão traseira";"Sem Vítimas";"Pleno dia";"Crescente";"Nublado";"Simples";"Reta";"Não";5;0;0;0;5;0;0;2;-10,54019698;-62,39333998;"SPRF-RO";"DEL03-RO";"UOP02-DEL03-RO"
453668;2022-06-03;"sexta-feira";"14:26:00";"RS";153;50,5;"ERECHIM";"Condutor deixou de manter distância do veículo da frente";"Engavetamento";"Com Vítimas Feridas";"Pleno dia";"Crescente";"Nublado";"Simples";"Reta";"Sim";8;0;6;0;2;0;6;3;-27,65599165;-52,27460146;"SPRF-RS";"DEL08-RS";"UOP04-DEL08-RS"
453670;2022-06-03;"sexta-feira";"13:00:00";"BA";116;480,9;"RAFAEL JAMBEIRO";"Reação tardia ou ineficiente do condutor";"Capotamento";"Com Vítimas Feridas";"Pleno dia";"Crescente";"Céu Claro";"Dupla";"Reta";"Não";6;0;5;1;0;0;6;1;-12,51286544;-39,37630378;"SPRF-BA";"DEL02-BA";"UOP01-DEL02-BA"
453672;2022-06-03;"sexta-feira";"13:15:00";"PE";424;68;"CAETES";"Ausência de reação do condutor";"Colisão traseira";"Com Vítimas Feridas";"Pleno dia";"Crescente";"Garoa/Chuvisco";"Simples";"Reta";"Sim";2;0;0;1;1;0;1;2;-8,772056;-36,630847;"SPRF-PE";"DEL03-PE";"UOP01-DEL03-PE"
453673;2022-06-03;"sexta-feira";"15:25:00";"RS";448;0,2;"ESTEIO";"Condutor deixou de manter distância do veículo da frente";"Colisão traseira";"Com Vítimas Feridas";"Pleno dia";"Decrescente";"Céu Claro";"Simples";"Reta;Ponte";"Não";3;0;2;0;1;0;2;2;-29,836086;-51,182426;"SPRF-RS";"DEL01-RS";"UOP02-DEL01-RS"
453674;2022-06-03;"sexta-feira";"15:50:00";"RN";226;16;"MACAIBA";"Desrespeitar a preferência no cruzamento";"Colisão transversal";"Com Vítimas Feridas";"Pleno dia";"Decrescente";"Céu Claro";"Simples";"Reta";"Sim";2;0;1;0;1;0;1;2;-5,862697;-35,34282913;"SPRF-RN";"DEL01-RN";"UOP02-DEL01-RN"
453675;2022-06-03;"sexta-feira";"15:30:00";"MG";40;632,5;"CONSELHEIRO LAFAIETE";"Conversão proibida";"Colisão transversal";"Com Vítimas Feridas";"Pleno dia";"Crescente";"Céu Claro";"Simples";"Reta";"Sim";5;0;0;1;4;0;1;3;-20,67348593;-43,7968977;"SPRF-MG";"DEL05-MG";"UOP02-DEL05-MG"
453676;2022-06-03;"sexta-feira";"15:20:00";"CE";116;6;"FORTALEZA";"Acessar a via sem observar a presença dos outros veículos";"Colisão lateral mesmo sentido";"Com Vítimas Feridas";"Pleno dia";"Crescente";"Céu Claro";"Múltipla";"Reta";"Sim";2;0;1;0;1;0;1;2;-3,802624;-38,50400499;"SPRF-CE";"DEL01-CE";"UOP02-DEL01-CE"
453677;2022-05-29;"domingo";"05:30:00";"RS";470;199;"BENTO GONCALVES";"Reação tardia ou ineficiente do condutor";"Saída de leito carroçável";"Sem Vítimas";"Amanhecer";"Decrescente";"Nublado";"Simples";"Curva";"Não";1;0;0;0;1;0;0;1;-29,068176;-51,581798;"SPRF-RS";"DEL06-RS";"UOP02-DEL06-RS"
453678;2022-06-03;"sexta-feira";"15:20:00";"ES";101;353,9;"ANCHIETA";"Conversão proibida";"Colisão transversal";"Com Vítimas Feridas";"Pleno dia";"Decrescente";"Nublado";"Simples";"Curva";"Não";3;0;2;1;0;0;3;2;-20,67773381;-40,66634729;"SPRF-ES";"DEL03-ES";"UOP01-DEL03-ES"
453681;2022-06-03;"sexta-feira";"15:25:00";"SC";101;115;"ITAJAI";"Ausência de reação do condutor";"Engavetamento";"Com Vítimas Feridas";"Pleno dia";"Decrescente";"Céu Claro";"Simples";"Reta";"Sim";3;0;1;0;2;0;1;3;-26,87064015;-48,72954134;"SPRF-SC";"DEL04-SC";"UOP04-DEL04-SC"
453682;2022-06-03;"sexta-feira";"12:00:00";"RJ";116;106;"GUAPIMIRIM";"Manobra de mudança de faixa";"Colisão transversal";"Com Vítimas Feridas";"Pleno dia";"Crescente";"Nublado";"Simples";"Reta";"Sim";2;0;0;1;1;0;1;2;-22,521951;-43,00070097;"SPRF-RJ";"DEL04-RJ";"UOP01-DEL04-RJ"
453683;2022-06-03;"sexta-feira";"16:10:00";"PB";230;21;"JOAO PESSOA";"Condutor deixou de manter distância do veículo da frente";"Colisão traseira";"Com Vítimas Feridas";"Pleno dia";"Crescente";"Céu Claro";"Dupla";"Reta";"Sim";3;0;2;0;1;0;2;2;-7,1415;-34,8519;"SPRF-PB";"DEL01-PB";"UOP01-DEL01-PB"
453684;2022-06-03;"sexta-feira";"15:05:00";"RJ";40;88;"PETROPOLIS";"Chuva";"Capotamento";"Com Vítimas Feridas";"Pleno dia";"Decrescente";"Chuva";"Dupla";"Curva";"Não";4;0;1;0;3;0;1;1;-22,55421014;-43,22779745;"SPRF-RJ";"DEL06-RJ";"UOP01-DEL06-RJ"
453685;2022-06-03;"sexta-feira";"16:41:00";"BA";324;621;"SALVADOR";"Estacionar ou parar em local proibido";"Colisão traseira";"Com Vítimas Feridas";"Pleno dia";"Crescente";"Céu Claro";"Dupla";"Reta";"Sim";4;0;2;0;2;0;2;2;-12,91233708;-38,45956983;"SPRF-BA";"DEL01-BA";"UOP01-DEL01-BA"
453687;2022-06-03;"sexta-feira";"15:30:00";"MT";364;273;"JACIARA";"Mal súbito do condutor";"Queda de ocupante de veículo";"Com Vítimas Feridas";"Pleno dia";"Crescente";"Céu Claro";"Dupla";"Reta";"Sim";1;0;1;0;0;0;1;1;-15,96077957;-54,96772983;"SPRF-MT";"DEL02-MT";"UOP01-DEL02-MT"
453688;2022-06-03;"sexta-feira";"16:30:00";"ES";262;23,9;"VIANA";"Reação tardia ou ineficiente do condutor";"Colisão lateral sentido oposto";"Com Vítimas Feridas";"Anoitecer";"Crescente";"Garoa/Chuvisco";"Simples";"Curva";"Não";6;0;4;0;2;0;4;2;-20,37559156;-40,52146724;"SPRF-ES";"DEL01-ES";"UOP01-DEL01-ES"
453689;2022-06-03;"sexta-feira";"12:40:00";"RS";285;569;"SAO LUIZ GONZAGA";"Acessar a via sem observar a presença dos outros veículos";"Colisão transversal";"Com Vítimas Feridas";"Pleno dia";"Crescente";"Céu Claro";"Simples";"Interseção de Vias";"Sim";3;0;0;1;2;0;1;2;-28,413052;-54,985699;"SPRF-RS";"DEL12-RS";"UOP01-DEL12-RS"
453691;2022-06-03;"sexta-feira";"17:10:00";"PR";0;0;"GUARAPUAVA";"Ingestão de álcool pelo condutor";"Colisão lateral mesmo sentido";"Sem Vítimas";"Pleno dia";"Não Informado";"Céu Claro";"Simples";"Reta";"Sim";2;0;0;0;2;0;0;2;-25,3924869;-51,4598406;"SPRF-PR";"DEL08-PR";"N/A"
453692;2022-06-03;"sexta-feira";"17:00:00";"PR";369;169;"ROLANDIA";"Velocidade Incompatível";"Colisão transversal";"Com Vítimas Feridas";"Pleno dia";"Decrescente";"Céu Claro";"Simples";"Reta";"Sim";2;0;1;0;1;0;1;2;-23,30238103;-51,35416925;"SPRF-PR";"DEL07-PR";"UOP01-DEL07-PR"
453693;2022-05-28;"sábado";"14:10:00";"RO";435;86;"COLORADO DO OESTE";"Acesso irregular";"Colisão lateral mesmo sentido";"Com Vítimas Feridas";"Pleno dia";"Crescente";"Céu Claro";"Simples";"Reta";"Sim";2;0;1;0;1;0;1;2;-13,12026846;-60,54055407;"SPRF-RO";"DEL04-RO";"UOP02-DEL04-RO"
453697;2022-06-03;"sexta-feira";"18:00:00";"RN";304;48,1;"MOSSORO";"Acessar a via sem observar a presença dos outros veículos";"Colisão transversal";"Com Vítimas Feridas";"Plena Noite";"Decrescente";"Nublado";"Simples";"Reta";"Sim";3;0;2;0;0;1;2;2;-5,22773;-37,32265;"SPRF-RN";"DEL04-RN";"UOP01-DEL04-RN"
453698;2022-06-03;"sexta-feira";"18:00:00";"SC";101;111;"ITAJAI";"Manobra de mudança de faixa";"Colisão lateral mesmo sentido";"Com Vítimas Feridas";"Anoitecer";"Crescente";"Céu Claro";"Dupla";"Reta";"Sim";2;0;0;1;1;0;1;2;-26,83955734;-48,71418074;"SPRF-SC";"DEL04-SC";"UOP04-DEL04-SC"
453699;2022-06-03;"sexta-feira";"18:00:00";"ES";101;255;"SERRA";"Pedestre andava na pista";"Atropelamento de Pedestre";"Com Vítimas Fatais";"Anoitecer";"Crescente";"Céu Claro";"Múltipla";"Reta";"Sim";3;1;0;0;1;1;0;2;-20,11487935;-40,31943619;"SPRF-ES";"DEL02-ES";"UOP01-DEL02-ES"
453700;2022-06-03;"sexta-feira";"16:00:00";"SC";116;10,4;"MAFRA";"Reação tardia ou ineficiente do condutor";"Colisão com objeto";"Com Vítimas Feridas";"Pleno dia";"Crescente";"Nublado";"Simples";"Curva";"Não";1;0;1;0;0;0;1;1;-26,16829411;-49,85476074;"SPRF-SC";"DEL06-SC";"UOP01-DEL06-SC"
453702;2022-06-03;"sexta-feira";"18:00:00";"PR";369;187;"ARAPONGAS";"Acesso irregular";"Colisão transversal";"Com Vítimas Feridas";"Anoitecer";"Crescente";"Céu Claro";"Simples";"Reta";"Sim";2;0;0;1;1;0;1;2;-23,426877;-51,42322;"SPRF-PR";"DEL07-PR";"UOP03-DEL07-PR"
453703;2022-06-03;"sexta-feira";"18:30:00";"RN";110;48;"MOSSORO";"Acessar a via sem observar a presença dos outros veículos";"Colisão transversal";"Com Vítimas Feridas";"Plena Noite";"Decrescente";"Nublado";"Simples";"Reta";"Sim";2;0;1;0;1;0;1;2;-5,20881178;-37,33285083;"SPRF-RN";"DEL04-RN";"UOP01-DEL04-RN"
453704;2022-06-03;"sexta-feira";"18:15:00";"PE";428;186;"PETROLINA";"Pista em desnível";"Tombamento";"Com Vítimas Feridas";"Plena Noite";"Crescente";"Céu Claro";"Simples";"Em Obras";"Sim";1;0;1;0;0;0;1;1;-9,34807826;-40,47441248;"SPRF-PE";"DEL06-PE";"UOP01-DEL06-PE"
453705;2022-06-03;"sexta-feira";"17:57:00";"SP";116;141;"SAO JOSE DOS CAMPOS";"Acessar a via sem observar a presença dos outros veículos";"Colisão lateral mesmo sentido";"Com Vítimas Feridas";"Plena Noite";"Decrescente";"Céu Claro";"Dupla";"Reta";"Sim";2;0;1;0;1;0;1;2;-23,17004717;-45,82091491;"SPRF-SP";"DEL02-SP";"UOP01-DEL02-SP"
453706;2022-06-03;"sexta-feira";"17:50:00";"SC";101;42,3;"JOINVILLE";"Ausência de reação do condutor";"Colisão traseira";"Com Vítimas Feridas";"Plena Noite";"Crescente";"Nublado";"Dupla";"Viaduto;Aclive;Reta";"Sim";3;0;1;0;2;0;1;3;-26,31892126;-48,87152195;"SPRF-SC";"DEL03-SC";"UOP01-DEL03-SC"
453707;2022-06-03;"sexta-feira";"17:50:00";"BA";324;617;"SALVADOR";"Reação tardia ou ineficiente do condutor";"Colisão traseira";"Com Vítimas Feridas";"Anoitecer";"Crescente";"Céu Claro";"Dupla";"Reta";"Não";2;0;1;0;1;0;1;2;-12,891109;-38,445374;"SPRF-BA";"DEL01-BA";"UOP01-DEL01-BA"
453708;2022-06-03;"sexta-feira";"18:00:00";"RS";158;318,7;"SANTA MARIA";"Demais falhas mecânicas ou elétricas";"Colisão frontal";"Com Vítimas Feridas";"Anoitecer";"Crescente";"Céu Claro";"Múltipla";"Curva";"Não";5;0;1;0;4;0;1;2;-29,66358197;-53,77555695;"SPRF-RS";"DEL09-RS";"UOP01-DEL09-RS"
453711;2022-06-03;"sexta-feira";"18:05:00";"PR";369;90,4;"CORNELIO PROCOPIO";"Acessar a via sem observar a presença dos outros veículos";"Colisão lateral mesmo sentido";"Com Vítimas Feridas";"Anoitecer";"Crescente";"Céu Claro";"Dupla";"Interseção de Vias";"Sim";2;0;1;0;1;0;1;2;-23,194233;-50,651619;"SPRF-PR";"DEL07-PR";"UOP01-DEL07-PR"
453712;2022-06-03;"sexta-feira";"18:50:00";"PR";369;91;"CORNELIO PROCOPIO";"Acumulo de óleo sobre o pavimento";"Saída de leito carroçável";"Com Vítimas Feridas";"Plena Noite";"Decrescente";"Céu Claro";"Dupla";"Curva;Aclive";"Não";1;0;1;0;0;0;1;1;-23,19715141;-50,65409124;"SPRF-PR";"DEL07-PR";"UOP01-DEL07-PR"
453713;2022-06-03;"sexta-feira";"18:00:00";"PR";277;590;"CASCAVEL";"Pedestre cruzava a pista fora da faixa";"Atropelamento de Pedestre";"Com Vítimas Feridas";"Anoitecer";"Crescente";"Céu Claro";"Simples";"Reta";"Sim";2;0;0;1;1;0;1;2;-24,98120697;-53,45591501;"SPRF-PR";"DEL04-PR";"UOP01-DEL04-PR"
453714;2022-06-03;"sexta-feira";"18:30:00";"SC";101;326,7;"CAPIVARI DE BAIXO";"Desrespeitar a preferência no cruzamento";"Colisão frontal";"Com Vítimas Feridas";"Plena Noite";"Crescente";"Nublado";"Múltipla";"Aclive;Reta;Interseção de Vias";"Sim";4;0;0;1;1;2;1;3;-28,42524483;-48,94302707;"SPRF-SC";"DEL02-SC";"UOP01-DEL02-SC"
453715;2022-06-03;"sexta-feira";"18:40:00";"PR";277;119;"CAMPO LARGO";"Condutor deixou de manter distância do veículo da frente";"Colisão lateral mesmo sentido";"Com Vítimas Feridas";"Anoitecer";"Crescente";"Nublado";"Dupla";"Reta";"Não";3;0;1;0;1;1;1;3;-25,4330687;-49,43430906;"SPRF-PR";"DEL03-PR";"UOP03-DEL03-PR"
453716;2022-06-03;"sexta-feira";"16:50:00";"RO";364;533;"ALTO PARAISO";"Demais falhas mecânicas ou elétricas";"Incêndio";"Sem Vítimas";"Pleno dia";"Crescente";"Céu Claro";"Simples";"Reta";"Não";2;0;0;0;2;0;0;1;-9,77171898;-63,09272491;"SPRF-RO";"DEL03-RO";"UOP01-DEL03-RO"
453718;2022-06-03;"sexta-feira";"19:24:00";"SC";101;213;"PALHOCA";"Acesso irregular";"Colisão lateral mesmo sentido";"Com Vítimas Feridas";"Anoitecer";"Crescente";"Céu Claro";"Simples";"Reta";"Não";3;0;1;0;1;1;1;2;-27,63697369;-48,66514142;"SPRF-SC";"DEL01-SC";"UOP02-DEL01-SC"
453719;2022-06-03;"sexta-feira";"19:00:00";"ES";101;204,2;"JOAO NEIVA";"Ingestão de álcool pelo condutor";"Colisão traseira";"Com Vítimas Feridas";"Plena Noite";"Decrescente";"Garoa/Chuvisco";"Simples";"Reta";"Sim";3;0;1;0;2;0;1;3;-19,74948916;-40,37922678;"SPRF-ES";"DEL02-ES";"UOP01-DEL02-ES"
453721;2022-06-03;"sexta-feira";"18:50:00";"SC";101;202,9;"SAO JOSE";"Ausência de reação do condutor";"Colisão traseira";"Com Vítimas Feridas";"Plena Noite";"Decrescente";"Nublado";"Dupla";"Reta";"Sim";2;0;1;0;1;0;1;2;-27,55711595;-48,61897889;"SPRF-SC";"DEL01-SC";"UOP01-DEL01-SC"
453722;2022-06-03;"sexta-feira";"17:45:00";"RS";472;131;"TRES DE MAIO";"Ausência de sinalização";"Colisão traseira";"Com Vítimas Feridas";"Anoitecer";"Crescente";"Céu Claro";"Simples";"Reta";"Não";3;0;1;0;2;0;1;2;-27,74883806;-54,22939997;"SPRF-RS";"DEL10-RS";"UOP01-DEL10-RS"
453724;2022-06-03;"sexta-feira";"19:30:00";"RS";285;201;"LAGOA VERMELHA";"Acesso irregular";"Colisão frontal";"Sem Vítimas";"Plena Noite";"Crescente";"Garoa/Chuvisco";"Simples";"Retorno Regulamentado;Rotatória";"Sim";4;0;0;0;4;0;0;2;-28,206482;-51,538555;"SPRF-RS";"DEL08-RS";"UOP05-DEL08-RS"
453725;2022-06-03;"sexta-feira";"18:00:00";"SP";116;151;"SAO JOSE DOS CAMPOS";"Estacionar ou parar em local proibido";"Colisão traseira";"Com Vítimas Feridas";"Plena Noite";"Decrescente";"Céu Claro";"Dupla";"Reta";"Sim";2;0;1;0;1;0;1;2;-23,21980694;-45,89991605;"SPRF-SP";"DEL02-SP";"UOP01-DEL02-SP"
453727;2022-06-03;"sexta-feira";"14:00:00";"RO";421;49;"MONTE NEGRO";"Acessar a via sem observar a presença dos outros veículos";"Colisão transversal";"Com Vítimas Feridas";"Pleno dia";"Decrescente";"Nublado";"Simples";"Reta";"Sim";2;0;1;0;1;0;1;2;-10,260859;-63,29063;"SPRF-RO";"DEL03-RO";"UOP01-DEL03-RO"
453730;2022-06-03;"sexta-feira";"19:05:00";"RS";116;244,5;"SAO LEOPOLDO";"Velocidade Incompatível";"Colisão lateral mesmo sentido";"Com Vítimas Feridas";"Plena Noite";"Crescente";"Céu Claro";"Dupla";"Reta";"Sim";2;0;1;0;1;0;1;2;-29,74088003;-51,15039566;"SPRF-RS";"DEL01-RS";"UOP02-DEL01-RS"
453731;2022-06-03;"sexta-feira";"20:00:00";"PE";428;188;"PETROLINA";"Reação tardia ou ineficiente do condutor";"Colisão com objeto";"Com Vítimas Feridas";"Plena Noite";"Decrescente";"Céu Claro";"Simples";"Reta";"Sim";1;0;1;0;0;0;1;1;-9,36400596;-40,48266808;"SPRF-PE";"DEL06-PE";"UOP01-DEL06-PE"
453734;2022-06-03;"sexta-feira";"19:00:00";"SC";280;30;"ARAQUARI";"Ingestão de álcool pelo condutor";"Colisão traseira";"Sem Vítimas";"Plena Noite";"Decrescente";"Nublado";"Simples";"Reta";"Sim";2;0;0;0;2;0;0;2;-26,4141523;-48,76209493;"SPRF-SC";"DEL03-SC";"UOP03-DEL03-SC"
453735;2022-06-03;"sexta-feira";"16:30:00";"PE";316;59;"TRINDADE";"Condutor Dormindo";"Colisão com objeto";"Com Vítimas Feridas";"Anoitecer";"Crescente";"Nublado";"Simples";"Reta";"Não";1;0;1;0;0;0;1;1;-7,76160912;-40,26138334;"SPRF-PE";"DEL05-PE";"UOP02-DEL05-PE"
453736;2022-05-05;"quinta-feira";"05:31:00";"RS";285;123,3;"VACARIA";"Velocidade Incompatível";"Colisão com objeto";"Sem Vítimas";"Plena Noite";"Crescente";"Nublado";"Simples";"Reta";"Sim";2;0;0;0;2;0;0;1;-28,499468;-50,951084;"SPRF-RS";"DEL05-RS";"UOP03-DEL05-RS"
453737;2022-06-03;"sexta-feira";"20:00:00";"GO";153;431,6;"ANAPOLIS";"Animais na Pista";"Atropelamento de Animal";"Sem Vítimas";"Plena Noite";"Decrescente";"Céu Claro";"Dupla";"Reta";"Sim";2;0;0;0;2;0;0;1;-16,26373416;-48,98359353;"SPRF-GO";"DEL02-GO";"UOP01-DEL02-GO"
453739;2022-06-03;"sexta-feira";"17:30:00";"SP";116;225;"GUARULHOS";"Manobra de mudança de faixa";"Colisão lateral mesmo sentido";"Com Vítimas Feridas";"Amanhecer";"Decrescente";"Nublado";"Dupla";"Reta";"Sim";3;0;2;0;1;0;2;2;-23,48586772;-46,54075317;"SPRF-SP";"DEL01-SP";"UOP01-DEL01-SP"
453743;2022-06-03;"sexta-feira";"17:50:00";"SC";282;535;"CHAPECO";"Manobra de mudança de faixa";"Colisão lateral mesmo sentido";"Com Vítimas Feridas";"Plena Noite";"Decrescente";"Nublado";"Dupla";"Reta";"Não";3;0;0;1;2;0;1;3;-26,998245;-52,643768;"SPRF-SC";"DEL07-SC";"UOP01-DEL07-SC"