"id";"data_inversa";"dia_semana";"horario";"uf";"br";"km";"municipio";"causa_acidente";"tipo_acidente";"classificacao_acidente";"fase_dia";"sentido_via";"condicao_metereologica";"tipo_pista";"tracado_via";"uso_solo";"pessoas";"mortos";"feridos_leves";"feridos_graves";"ilesos";"ignorados";"feridos";"veiculos";"latitude";"longitude";"regional";"delegacia";"uop"
453856;2022-06-04;"sábado";"11:30:00";"RN";101;125;"SAO JOSE DE MIPIBU";"Acessar a via sem observar a presença dos outros veículos";"Colisão traseira";"Com Vítimas Feridas";"Pleno dia";"Crescente";"Nublado";"Dupla";"Reta";"Sim";2;0;1;0;1;0;1;2;-6,07815599;-35,23412006;"SPRF-RN";"DEL01-RN";"UOP01-DEL01-RN"
453857;2022-06-04;"sábado";"12:25:00";"PR";277;660;"MATELANDIA";"Ausência de reação do condutor";"Colisão com objeto";"Sem Vítimas";"Pleno dia";"Crescente";"Céu Claro";"Dupla";"Declive;Curva";"Não";1;0;0;0;1;0;0;1;-25,25136237;-53,99027796;"SPRF-PR";"DEL05-PR";"UOP02-DEL05-PR"
453859;2022-06-04;"sábado";"12:33:00";"ES";259;62,5;"COLATINA";"Acessar a via sem observar a presença dos outros veículos";"Colisão lateral mesmo sentido";"Com Vítimas Feridas";"Pleno dia";"Decrescente";"Sol";"Simples";"Reta";"Sim";2;0;1;0;0;1;1;2;-19,52530482;-40,67461308;"SPRF-ES";"DEL02-ES";"UOP01-DEL02-ES"
453860;2022-06-04;"sábado";"12:55:00";"SC";101;132;"BALNEARIO CAMBORIU";"Trafegar com motocicleta (ou similar) entre as faixas";"Colisão lateral mesmo sentido";"Sem Vítimas";"Pleno dia";"Decrescente";"Céu Claro";"Simples";"Reta";"Sim";2;0;0;0;2;0;0;2;-26,99654133;-48,65564711;"SPRF-SC";"DEL04-SC";"UOP03-DEL04-SC"
453862;2022-06-04;"sábado";"12:56:00";"PE";232;55,8;"POMBOS";"Ausência de reação do condutor";"Saída de leito carroçável";"Com Vítimas Feridas";"Pleno dia";"Decrescente";"Chuva";"Dupla";"Reta";"Não";2;0;0;2;0;0;2;1;-8,13255758;-35,36570027;"SPRF-PE";"DEL02-PE";"UOP02-DEL02PE"
453863;2022-06-04;"sábado";"12:05:00";"PB";361;109,1;"ITAPORANGA";"Ausência de reação do condutor";"Colisão traseira";"Com Vítimas Feridas";"Pleno dia";"Decrescente";"Nublado";"Simples";"Reta";"Não";2;0;1;0;1;0;1;2;-7,2940985;-38,11120683;"SPRF-PB";"DEL03-PB";"UOP01-DEL03-PB"
453865;2022-06-04;"sábado";"13:00:00";"SC";101;416,7;"ARARANGUA";"Desrespeitar a preferência no cruzamento";"Colisão transversal";"Com Vítimas Feridas";"Pleno dia";"Decrescente";"Nublado";"Simples";"Interseção de Vias";"Sim";2;0;0;1;1;0;1;2;-28,96708874;-49,52338825;"SPRF-SC";"DEL02-SC";"UOP02-DEL02-SC"
453866;2022-06-04;"sábado";"11:30:00";"RS";392;273;"SAO SEPE";"Reação tardia ou ineficiente do condutor";"Saída de leito carroçável";"Com Vítimas Fatais";"Pleno dia";"Decrescente";"Céu Claro";"Simples";"Declive;Reta";"Não";1;1;0;0;0;0;0;1;-30,36707982;-53,5169419;"SPRF-RS";"DEL09-RS";"UOP02-DEL09-RS"
453870;2022-06-04;"sábado";"14:00:00";"SC";101;133;"BALNEARIO CAMBORIU";"Reação tardia ou ineficiente do condutor";"Colisão traseira";"Sem Vítimas";"Pleno dia";"Crescente";"Nublado";"Múltipla";"Reta";"Não";3;0;0;0;3;0;0;3;-26,99936;-48,64609;"SPRF-SC";"DEL04-SC";"UOP03-DEL04-SC"
453873;2022-06-04;"sábado";"13:40:00";"CE";222;155;"IRAUCUBA";"Chuva";"Saída de leito carroçável";"Com Vítimas Feridas";"Pleno dia";"Crescente";"Chuva";"Simples";"Curva";"Não";2;0;1;0;1;0;1;1;-3,73602738;-39,84136494;"SPRF-CE";"DEL04-CE";"UOP03-DEL04-CE"
453874;2022-06-04;"sábado";"13:40:00";"DF";40;4;"BRASILIA";"Reação tardia ou ineficiente do condutor";"Queda de ocupante de veículo";"Com Vítimas Feridas";"Pleno dia";"Decrescente";"Céu Claro";"Dupla";"Reta";"Não";1;0;1;0;0;0;1;1;-16,012033;-47,982124;"SPRF-DF";"DEL01-DF";"UOP01-DEL01-DF"
453877;2022-06-04;"sábado";"09:00:00";"SC";282;412;"CATANDUVAS";"Pista Escorregadia";"Saída de leito carroçável";"Com Vítimas Feridas";"Pleno dia";"Crescente";"Nublado";"Simples";"Curva";"Não";2;0;1;0;1;0;1;2;-27,055775;-51,688843;"SPRF-SC";"DEL07-SC";"UOP05-DEL07-SC"
453878;2022-06-04;"sábado";"12:15:00";"SC";101;368,7;"ICARA";"Ausência de reação do condutor";"Colisão com objeto";"Com Vítimas Feridas";"Pleno dia";"Decrescente";"Céu Claro";"Dupla";"Curva";"Não";1;0;1;0;0;0;1;1;-28,6957326;-49,17347228;"SPRF-SC";"DEL02-SC";"UOP01-DEL02-SC"
453881;2022-06-04;"sábado";"14:30:00";"GO";153;436;"ANAPOLIS";"Objeto estático sobre o leito carroçável";"Colisão traseira";"Com Vítimas Feridas";"Pleno dia";"Crescente";"Céu Claro";"Dupla";"Reta";"Sim";2;0;2;0;0;0;2;2;-16,283987;-48,951763;"SPRF-GO";"DEL02-GO";"UOP01-DEL02-GO"
453882;2022-06-04;"sábado";"15:35:00";"PE";101;44;"IGARASSU";"Ingestão de álcool pelo condutor";"Colisão traseira";"Com Vítimas Feridas";"Pleno dia";"Crescente";"Chuva";"Múltipla";"Reta";"Sim";3;0;1;0;2;0;1;2;-7,85637001;-34,90842109;"SPRF-PE";"DEL01-PE";"UOP02-DEL01-PE"
453886;2022-06-04;"sábado";"16:00:00";"MG";262;405;"PARA DE MINAS";"Velocidade Incompatível";"Queda de ocupante de veículo";"Com Vítimas Feridas";"Pleno dia";"Decrescente";"Sol";"Dupla";"Reta";"Não";1;0;1;0;0;0;1;1;-19,88921326;-44,58977508;"SPRF-MG";"DEL01-MG";"UOP03-DEL01-MG"
453887;2022-06-04;"sábado";"15:25:00";"RJ";101;63;"CAMPOS DOS GOYTACAZES";"Ausência de reação do condutor";"Colisão traseira";"Com Vítimas Feridas";"Pleno dia";"Crescente";"Nublado";"Simples";"Reta";"Sim";2;0;1;0;1;0;1;2;-21,742022;-41,33021;"SPRF-RJ";"DEL08-RJ";"UOP01-DEL08-RJ"
453888;2022-06-04;"sábado";"13:53:00";"SC";101;102,3;"BALNEARIO PICARRAS";"Frear bruscamente";"Colisão com objeto";"Com Vítimas Feridas";"Pleno dia";"Crescente";"Céu Claro";"Dupla";"Reta";"Não";2;0;2;0;0;0;2;1;-26,77795122;-48,68531227;"SPRF-SC";"DEL03-SC";"UOP02-DEL03-SC"
453889;2022-06-04;"sábado";"15:20:00";"MS";163;834;"SONORA";"Reação tardia ou ineficiente do condutor";"Saída de leito carroçável";"Com Vítimas Feridas";"Pleno dia";"Decrescente";"Céu Claro";"Simples";"Reta";"Não";1;0;1;0;0;0;1;1;-17,62739003;-54,74525081;"SPRF-MS";"DEL06-MS";"UOP01-DEL06-MS"
453890;2022-06-04;"sábado";"16:00:00";"RJ";101;87;"CAMPOS DOS GOYTACAZES";"Ausência de reação do condutor";"Colisão com objeto";"Com Vítimas Feridas";"Pleno dia";"Decrescente";"Chuva";"Dupla";"Curva;Declive";"Não";4;0;2;1;1;0;3;1;-21,82626899;-41,49641201;"SPRF-RJ";"DEL08-RJ";"UOP02-DEL08-RJ"
453891;2022-06-04;"sábado";"15:50:00";"PR";163;251;"TOLEDO";"Acessar a via sem observar a presença dos outros veículos";"Colisão traseira";"Com Vítimas Feridas";"Pleno dia";"Decrescente";"Céu Claro";"Dupla";"Curva;Aclive";"Não";2;0;1;0;1;0;1;2;-24,69499806;-53,74153005;"SPRF-PR";"DEL06-PR";"UOP02-DEL06-PR"
453893;2022-06-03;"sexta-feira";"14:30:00";"RR";433;107;"NORMANDIA";"Reação tardia ou ineficiente do condutor";"Saída de leito carroçável";"Sem Vítimas";"Anoitecer";"Crescente";"Garoa/Chuvisco";"Simples";"Curva";"Não";1;0;0;0;0;1;0;1;4,085202;-60,439789;"SPRF-RR";"DEL01-RR";"UOP01-DEL01-RR"
453896;2022-06-04;"sábado";"16:30:00";"DF";20;21;"BRASILIA";"Ausência de reação do condutor";"Colisão traseira";"Sem Vítimas";"Pleno dia";"Decrescente";"Céu Claro";"Dupla";"Reta";"Sim";2;0;0;0;2;0;0;2;-15,603384;-47,684692;"SPRF-DF";"DEL02-DF";"UOP01-DEL02-DF"
453898;2022-06-04;"sábado";"16:30:00";"GO";153;506;"APARECIDA DE GOIANIA";"Acessar a via sem observar a presença dos outros veículos";"Colisão traseira";"Com Vítimas Feridas";"Pleno dia";"Decrescente";"Céu Claro";"Múltipla";"Reta";"Sim";2;0;1;0;1;0;1;2;-16,7633;-49,24;"SPRF-GO";"DEL01-GO";"UOP01-DEL01-GO"
453899;2022-06-04;"sábado";"16:20:00";"PR";116;98;"SAO JOSE DOS PINHAIS";"Ausência de reação do condutor";"Saída de leito carroçável";"Sem Vítimas";"Pleno dia";"Decrescente";"Céu Claro";"Dupla";"Reta";"Não";1;0;0;0;1;0;0;1;-25,51973222;-49,13431573;"SPRF-PR";"DEL01-PR";"UOP01-DEL01-PR"
453900;2022-06-04;"sábado";"14:33:00";"GO";60;86;"ANAPOLIS";"Ingestão de álcool pelo condutor";"Colisão traseira";"Sem Vítimas";"Pleno dia";"Decrescente";"Céu Claro";"Dupla";"Reta";"Não";3;0;0;0;3;0;0;3;-16,3212;-48,8728;"SPRF-GO";"DEL02-GO";"UOP01-DEL02-GO"
453903;2022-06-04;"sábado";"13:15:00";"MT";163;691;"LUCAS DO RIO VERDE";"Acesso irregular";"Colisão frontal";"Com Vítimas Feridas";"Pleno dia";"Crescente";"Céu Claro";"Simples";"Reta";"Sim";2;0;0;1;1;0;1;2;-13,056226;-55,913592;"SPRF-MT";"DEL06-MT";"UOP01-DEL06-MT"
453904;2022-06-04;"sábado";"16:30:00";"MS";163;775;"COXIM";"Demais falhas mecânicas ou elétricas";"Incêndio";"Sem Vítimas";"Anoitecer";"Crescente";"Céu Claro";"Dupla";"Reta";"Não";1;0;0;0;0;1;0;1;-18,13742991;-54,69189693;"SPRF-MS";"DEL06-MS";"UOP01-DEL06-MS"
453906;2022-06-04;"sábado";"17:45:00";"RS";386;27,4;"FREDERICO WESTPHALEN";"Conversão proibida";"Colisão transversal";"Com Vítimas Feridas";"Anoitecer";"Decrescente";"Céu Claro";"Simples";"Curva";"Sim";3;0;2;0;1;0;2;2;-27,30802799;-53,37741852;"SPRF-RS";"DEL08-RS";"UOP02-DEL08-RS"
453907;2022-06-04;"sábado";"16:05:00";"RO";174;12;"VILHENA";"Desrespeitar a preferência no cruzamento";"Colisão transversal";"Com Vítimas Feridas";"Pleno dia";"Crescente";"Céu Claro";"Dupla";"Interseção de Vias";"Sim";2;0;1;0;1;0;1;2;-12,736296;-60,13069;"SPRF-RO";"DEL04-RO";"UOP01-DEL04-RO"
453908;2022-05-25;"quarta-feira";"13:00:00";"RS";116;2;"PORTO ALEGRE";"Ausência de reação do condutor";"Colisão traseira";"Com Vítimas Feridas";"Pleno dia";"Decrescente";"Sol";"Dupla";"Reta";"Sim";3;0;1;0;1;1;1;3;-29,98378409;-51,18118286;"SPRF-RS";"DEL01-RS";"UOP01-DEL01-RS"
453909;2022-06-04;"sábado";"17:20:00";"PE";232;86,8;"GRAVATA";"Acessar a via sem observar a presença dos outros veículos";"Colisão traseira";"Com Vítimas Feridas";"Pleno dia";"Decrescente";"Céu Claro";"Dupla";"Reta";"Não";2;0;1;0;1;0;1;2;-8,21286855;-35,62011813;"SPRF-PE";"DEL02-PE";"UOP02-DEL02PE"
453911;2022-06-04;"sábado";"18:00:00";"PR";376;462,5;"PONTA GROSSA";"Velocidade Incompatível";"Saída de leito carroçável";"Com Vítimas Fatais";"Plena Noite";"Crescente";"Céu Claro";"Dupla";"Reta";"Não";1;1;0;0;0;0;0;1;-24,974464;-50,379205;"SPRF-PR";"DEL03-PR";"UOP01-DEL03-PR"
453912;2022-06-04;"sábado";"17:40:00";"SC";280;50,5;"GUARAMIRIM";"Pedestre andava na pista";"Atropelamento de Pedestre";"Com Vítimas Feridas";"Anoitecer";"Decrescente";"Nublado";"Simples";"Reta";"Não";2;0;1;0;1;0;1;2;-26,4619489;-48,94618404;"SPRF-SC";"DEL03-SC";"UOP03-DEL03-SC"
453913;2022-06-04;"sábado";"17:15:00";"PE";232;245;"ARCOVERDE";"Ingestão de álcool pelo condutor";"Colisão frontal";"Com Vítimas Feridas";"Anoitecer";"Crescente";"Chuva";"Simples";"Declive";"Não";4;0;1;1;2;0;2;2;-8,41869672;-37,00744604;"SPRF-PE";"DEL04-PE";"UOP02-DEL04-PE"
453915;2022-06-04;"sábado";"16:40:00";"PR";163;14,9;"BARRACAO";"Ingestão de álcool pelo condutor";"Colisão frontal";"Com Vítimas Feridas";"Pleno dia";"Crescente";"Céu Claro";"Simples";"Reta";"Não";2;0;1;1;0;0;2;2;-26,25066;-53,635523;"SPRF-PR";"DEL02-PR";"UOP02-DEL02-PR"
453916;2022-06-04;"sábado";"17:30:00";"PE";104;78,5;"AGRESTINA";"Transitar na contramão";"Colisão frontal";"Com Vítimas Feridas";"Anoitecer";"Crescente";"Chuva";"Simples";"Declive;Reta";"Não";2;0;2;0;0;0;2;2;-8,384866;-35,982338;"SPRF-PE";"DEL02-PE";"UOP01-DEL02-PE"
453917;2022-06-04;"sábado";"18:25:00";"SP";116;151;"SAO JOSE DOS CAMPOS";"Deficiência do Sistema de Iluminação/Sinalização";"Colisão traseira";"Sem Vítimas";"Plena Noite";"Crescente";"Céu Claro";"Dupla";"Reta";"Sim";2;0;0;0;2;0;0;2;-23,21980694;-45,89991605;"SPRF-SP";"DEL02-SP";"UOP01-DEL02-SP"
453919;2022-06-04;"sábado";"18:05:00";"MG";116;277,7;"TEOFILO OTONI";"Velocidade Incompatível";"Colisão com objeto";"Com Vítimas Feridas";"Plena Noite";"Decrescente";"Céu Claro";"Múltipla";"Interseção de Vias";"Sim";2;0;1;1;0;0;2;1;-17,859945;-41,515144;"SPRF-MG";"DEL11-MG";"UOP01-DEL11-MG"
453920;2022-06-04;"sábado";"17:20:00";"BA";110;342;"ALAGOINHAS";"Ultrapassagem Indevida";"Colisão frontal";"Com Vítimas Fatais";"Anoitecer";"Crescente";"Sol";"Simples";"Reta";"Não";2;1;0;0;1;0;0;2;-12,23369001;-38,41224688;"SPRF-BA";"DEL01-BA";"UOP04-DEL01-BA"
453921;2022-06-04;"sábado";"18:49:00";"SP";116;107;"TAUBATE";"Demais falhas mecânicas ou elétricas";"Incêndio";"Sem Vítimas";"Plena Noite";"Crescente";"Céu Claro";"Dupla";"Reta";"Sim";1;0;0;0;1;0;0;1;-23,01791287;-45,53009409;"SPRF-SP";"DEL08-SP";"UOP01-DEL08-SP"
453922;2022-06-04;"sábado";"18:25:00";"RN";304;34;"MOSSORO";"Ingestão de álcool pelo condutor";"Colisão com objeto";"Com Vítimas Feridas";"Plena Noite";"Crescente";"Céu Claro";"Dupla";"Interseção de Vias;Viaduto";"Sim";2;0;1;0;1;0;1;2;-5,15255798;-37,34873808;"SPRF-RN";"DEL04-RN";"UOP02-DEL04-RN"
453924;2022-05-02;"segunda-feira";"18:30:00";"SC";282;104,7;"ALFREDO WAGNER";"Pedestre andava na pista";"Atropelamento de Pedestre";"Com Vítimas Fatais";"Plena Noite";"Decrescente";"Chuva";"Simples";"Curva;Declive";"Não";3;1;0;0;0;2;0;2;-27,6962088;-49,3404392;"SPRF-SC";"DEL01-SC";"UOP03-DEL01-SC"
453926;2022-06-04;"sábado";"08:30:00";"SC";153;106;"CONCORDIA";"Pista esburacada";"Capotamento";"Com Vítimas Feridas";"Pleno dia";"Crescente";"Céu Claro";"Simples";"Curva";"Não";1;0;1;0;0;0;1;1;-27,290276;-51,967644;"SPRF-SC";"DEL07-SC";"UOP04-DEL07-SC"
453927;2022-06-04;"sábado";"18:30:00";"PE";101;61,3;"RECIFE";"Condutor deixou de manter distância do veículo da frente";"Colisão traseira";"Com Vítimas Feridas";"Plena Noite";"Decrescente";"Nublado";"Dupla";"Reta";"Sim";2;0;1;0;0;1;1;2;-7,994094;-34,937675;"SPRF-PE";"DEL01-PE";"UOP02-DEL01-PE"
453928;2022-06-04;"sábado";"18:30:00";"SC";280;24,3;"ARAQUARI";"Acessar a via sem observar a presença dos outros veículos";"Colisão transversal";"Com Vítimas Feridas";"Plena Noite";"Crescente";"Nublado";"Simples";"Reta";"Não";2;0;1;0;1;0;1;2;-26,37724921;-48,71953282;"SPRF-SC";"DEL03-SC";"UOP03-DEL03-SC"
453929;2022-06-04;"sábado";"18:00:00";"RJ";101;559,9;"PARATY";"Transitar na contramão";"Colisão lateral sentido oposto";"Sem Vítimas";"Plena Noite";"Crescente";"Chuva";"Simples";"Curva";"Não";2;0;0;0;2;0;0;2;-23,10469201;-44,70811182;"SPRF-RJ";"DEL03-RJ";"UOP04-DEL03-RJ"
453931;2022-06-04;"sábado";"18:30:00";"SC";101;155;"PORTO BELO";"Ingestão de álcool pelo condutor";"Colisão frontal";"Com Vítimas Feridas";"Plena Noite";"Crescente";"Céu Claro";"Simples";"Viaduto";"Não";2;0;1;0;1;0;1;2;-27,16292;-48,61129;"SPRF-SC";"DEL04-SC";"UOP03-DEL04-SC"
453932;2022-06-04;"sábado";"19:30:00";"RJ";116;172,6;"BELFORD ROXO";"Manobra de mudança de faixa";"Colisão lateral mesmo sentido";"Com Vítimas Feridas";"Plena Noite";"Crescente";"Nublado";"Múltipla";"Reta";"Sim";5;0;1;0;4;0;1;2;-22,80188151;-43,35043673;"SPRF-RJ";"DEL01-RJ";"UOP02-DEL01-RJ"
453935;2022-06-04;"sábado";"17:50:00";"PE";408;56,8;"NAZARE DA MATA";"Transitar na contramão";"Colisão lateral sentido oposto";"Com Vítimas Feridas";"Plena Noite";"Decrescente";"Nublado";"Simples";"Reta";"Não";2;0;1;1;0;0;2;2;-7,77994878;-35,23919365;"SPRF-PE";"DEL01-PE";"UOP01-DEL01-PE"
453936;2022-06-04;"sábado";"19:30:00";"SP";116;302;"SAO LOURENCO DA SERRA";"Ausência de reação do condutor";"Tombamento";"Com Vítimas Feridas";"Plena Noite";"Decrescente";"Céu Claro";"Dupla";"Declive;Reta";"Não";1;0;1;0;0;0;1;1;-23,81957108;-46,92449376;"SPRF-SP";"DEL04-SP";"UOP01-DEL04-SP"
453937;2022-05-10;"terça-feira";"04:50:00";"PR";277;728;"FOZ DO IGUACU";"Transitar no acostamento";"Colisão traseira";"Com Vítimas Fatais";"Plena Noite";"Crescente";"Chuva";"Dupla";"Declive;Reta;Viaduto";"Não";2;1;0;0;1;0;0;2;-25,5097634;-54,57387201;"SPRF-PR";"DEL05-PR";"UOP03-DEL05-PR"
453939;2022-06-04;"sábado";"17:45:00";"GO";60;47;"ALEXANIA";"Curva acentuada";"Saída de leito carroçável";"Com Vítimas Feridas";"Pleno dia";"Crescente";"Céu Claro";"Dupla";"Curva";"Não";1;0;1;0;0;0;1;1;-16,1417;-48,5988;"SPRF-GO";"DEL02-GO";"UOP01-DEL02-GO"
453940;2022-06-04;"sábado";"19:45:00";"PE";232;177,2;"BELO JARDIM";"Pedestre cruzava a pista fora da faixa";"Atropelamento de Pedestre";"Com Vítimas Feridas";"Plena Noite";"Crescente";"Céu Claro";"Simples";"Reta";"Não";3;0;1;2;0;0;3;2;-8,34884045;-36,4032249;"SPRF-PE";"DEL03-PE";"UOP02-DEL03-PE"
453941;2022-06-04;"sábado";"19:50:00";"RS";386;321,1;"MARQUES DE SOUZA";"Demais falhas mecânicas ou elétricas";"Incêndio";"Sem Vítimas";"Plena Noite";"Decrescente";"Céu Claro";"Simples";"Curva";"Não";1;0;0;0;1;0;0;1;-29,28949;-52,119026;"SPRF-RS";"DEL04-RS";"UOP01-DEL04-RS"
453942;2022-06-04;"sábado";"19:00:00";"RS";116;339;"BARRA DO RIBEIRO";"Reação tardia ou ineficiente do condutor";"Colisão com objeto";"Sem Vítimas";"Plena Noite";"Decrescente";"Céu Claro";"Simples";"Desvio Temporário";"Não";2;0;0;0;2;0;0;1;-30,44683293;-51,48439812;"SPRF-RS";"DEL02-RS";"UOP02-DEL02-RS"
453943;2022-06-04;"sábado";"20:20:00";"SP";153;69,3;"SAO JOSE DO RIO PRETO";"Ausência de reação do condutor";"Colisão com objeto";"Com Vítimas Feridas";"Plena Noite";"Crescente";"Céu Claro";"Dupla";"Aclive";"Sim";3;0;3;0;0;0;3;1;-20,85041004;-49,39508915;"SPRF-SP";"DEL09-SP";"UOP01-DEL09-SP"
453944;2022-06-04;"sábado";"19:40:00";"BA";101;217;"CRUZ DAS ALMAS";"Ausência de reação do condutor";"Colisão com objeto";"Com Vítimas Feridas";"Plena Noite";"Crescente";"Céu Claro";"Simples";"Reta";"Não";3;0;3;0;0;0;3;1;-12,644678;-39,104848;"SPRF-BA";"DEL01-BA";"UOP02-DEL01-BA"
453945;2022-06-04;"sábado";"15:40:00";"BA";407;136;"SENHOR DO BONFIM";"Manobra de mudança de faixa";"Saída de leito carroçável";"Com Vítimas Feridas";"Pleno dia";"Decrescente";"Céu Claro";"Simples";"Reta";"Não";1;0;1;0;0;0;1;1;-10,53291198;-40,13849766;"SPRF-BA";"DEL04-BA";"UOP01-DEL04-BA"
453946;2022-06-04;"sábado";"20:30:00";"RS";386;271,7;"FONTOURA XAVIER";"Animais na Pista";"Atropelamento de Animal";"Com Vítimas Feridas";"Plena Noite";"Decrescente";"Céu Claro";"Simples";"Curva;Aclive";"Não";1;0;0;1;0;0;1;1;-28,98813406;-52,36701965;"SPRF-RS";"DEL04-RS";"UOP03-DEL04-RS"
453947;2022-06-04;"sábado";"20:00:00";"PR";163;186,5;"SANTA TEREZA DO OESTE";"Ingestão de álcool pelo condutor";"Saída de leito carroçável";"Com Vítimas Feridas";"Plena Noite";"Crescente";"Céu Claro";"Dupla";"Curva";"Não";1;0;1;0;0;0;1;1;-25,12777504;-53,5882494;"SPRF-PR";"DEL05-PR";"UOP05-DEL05-PR"
453948;2022-06-04;"sábado";"20:42:00";"PE";232;414;"SERRA TALHADA";"Transitar na contramão";"Colisão frontal";"Com Vítimas Feridas";"Plena Noite";"Crescente";"Nublado";"Simples";"Declive";"Não";2;0;1;0;0;1;1;2;-7,99236282;-38,33750809;"SPRF-PE";"DEL04-PE";"UOP01-DEL04-PE"
453949;2022-06-04;"sábado";"18:00:00";"RJ";101;317;"SAO GONCALO";"Transitar no acostamento";"Colisão com objeto";"Com Vítimas Feridas";"Anoitecer";"Crescente";"Garoa/Chuvisco";"Múltipla";"Reta";"Sim";2;0;1;0;0;1;1;2;-22,83707798;-43,09492006;"SPRF-RJ";"DEL02-RJ";"UOP02-DEL02-RJ"
453950;2022-06-04;"sábado";"20:10:00";"PR";277;626;"CEU AZUL";"Reação tardia ou ineficiente do condutor";"Queda de ocupante de veículo";"Com Vítimas Feridas";"Plena Noite";"Decrescente";"Céu Claro";"Simples";"Reta";"Não";1;0;1;0;0;0;1;1;-25,10711186;-53,75918799;"SPRF-PR";"DEL05-PR";"UOP02-DEL05-PR"
453951;2022-06-04;"sábado";"19:00:00";"PR";163;83,9;"PLANALTO";"Ingestão de álcool pelo condutor";"Eventos atípicos";"Com Vítimas Feridas";"Anoitecer";"Crescente";"Céu Claro";"Simples";"Reta;Declive";"Sim";2;0;1;0;0;1;1;2;-25,701952;-53,773867;"SPRF-PR";"DEL02-PR";"UOP02-DEL02-PR"
453953;2022-06-04;"sábado";"20:40:00";"ES";259;57;"COLATINA";"Ausência de reação do condutor";"Colisão traseira";"Com Vítimas Feridas";"Plena Noite";"Decrescente";"Nublado";"Simples";"Reta";"Sim";2;0;0;1;1;0;1;2;-19,50865703;-40,65581416;"SPRF-ES";"DEL02-ES";"UOP01-DEL02-ES"
453954;2022-06-04;"sábado";"20:00:00";"RN";226;49,8;"BOM JESUS";"Condutor Dormindo";"Saída de leito carroçável";"Sem Vítimas";"Plena Noite";"Crescente";"Nublado";"Simples";"Reta";"Não";2;0;0;0;2;0;0;1;-5,98895515;-35,59252534;"SPRF-RN";"DEL01-RN";"UOP02-DEL01-RN"
453955;2022-06-04;"sábado";"20:45:00";"MG";262;444,8;"NOVA SERRANA";"Pedestre cruzava a pista fora da faixa";"Atropelamento de Pedestre";"Com Vítimas Feridas";"Plena Noite";"Crescente";"Céu Claro";"Dupla";"Reta";"Sim";2;0;1;1;0;0;2;2;-19,881131;-44,931502;"SPRF-MG";"DEL08-MG";"UOP03-DEL08-MG"
453956;2022-06-04;"sábado";"21:20:00";"MG";365;629;"UBERLANDIA";"Ingestão de álcool e/ou substâncias psicoativas pelo pedestre";"Atropelamento de Pedestre";"Com Vítimas Feridas";"Plena Noite";"Decrescente";"Céu Claro";"Dupla";"Reta";"Sim";2;0;1;0;1;0;1;2;-18,90049028;-48,36226204;"SPRF-MG";"DEL15-MG";"UOP01-DEL15-MG"
453958;2022-06-04;"sábado";"17:00:00";"PR";277;516;"GUARANIACU";"Avarias e/ou desgaste excessivo no pneu";"Saída de leito carroçável";"Com Vítimas Feridas";"Pleno dia";"Decrescente";"Céu Claro";"Simples";"Reta";"Não";3;0;2;0;1;0;2;1;-25,11722483;-52,81349172;"SPRF-PR";"DEL04-PR";"UOP01-DEL04-PR"
453959;2022-06-04;"sábado";"19:05:00";"MG";40;617,8;"CONGONHAS";"Transitar na contramão";"Colisão frontal";"Com Vítimas Feridas";"Plena Noite";"Crescente";"Céu Claro";"Simples";"Reta";"Não";4;0;2;0;1;1;2;2;-20,564073;-43,811676;"SPRF-MG";"DEL05-MG";"UOP02-DEL05-MG"
453961;2022-06-04;"sábado";"20:45:00";"ES";101;99,8;"JAGUARE";"Ausência de reação do condutor";"Colisão lateral sentido oposto";"Com Vítimas Feridas";"Plena Noite";"Decrescente";"Nublado";"Simples";"Reta";"Sim";2;0;0;2;0;0;2;2;-18,97188909;-39,99152282;"SPRF-ES";"DEL04-ES";"UOP02-DEL04-ES"
453962;2022-06-04;"sábado";"20:31:00";"MG";262;33;"MANHUACU";"Ultrapassagem Indevida";"Colisão lateral sentido oposto";"Sem Vítimas";"Plena Noite";"Crescente";"Céu Claro";"Simples";"Reta";"Sim";3;0;0;0;3;0;0;3;-20,25550548;-42,00465315;"SPRF-MG";"DEL06-MG";"UOP03-DEL06-MG"
453964;2022-06-04;"sábado";"21:20:00";"RJ";101;259;"RIO BONITO";"Ausência de reação do condutor";"Queda de ocupante de veículo";"Com Vítimas Feridas";"Plena Noite";"Crescente";"Chuva";"Dupla";"Interseção de Vias";"Sim";1;0;1;0;0;0;1;1;-22,70382012;-42,59637797;"SPRF-RJ";"DEL02-RJ";"UOP03-DEL02-RJ"
453965;2022-06-04;"sábado";"21:40:00";"CE";304;53,2;"ARACATI";"Ingestão de álcool pelo condutor";"Queda de ocupante de veículo";"Com Vítimas Feridas";"Plena Noite";"Decrescente";"Céu Claro";"Simples";"Reta";"Não";2;0;1;0;1;0;1;2;-4,57402355;-37,73636121;"SPRF-CE";"DEL03-CE";"UOP03-DEL03-CE"
453967;2022-06-04;"sábado";"21:45:00";"RJ";393;280;"VOLTA REDONDA";"Conversão proibida";"Colisão transversal";"Com Vítimas Feridas";"Plena Noite";"Crescente";"Céu Claro";"Simples";"Reta";"Sim";2;0;1;0;1;0;1;2;-22,47750785;-44,01954402;"SPRF-RJ";"DEL05-RJ";"UOP04-DEL05-RJ"