"id";"data_inversa";"dia_semana";"horario";"uf";"br";"km";"municipio";"causa_acidente";"tipo_acidente";"classificacao_acidente";"fase_dia";"sentido_via";"condicao_metereologica";"tipo_pista";"tracado_via";"uso_solo";"pessoas";"mortos";"feridos_leves";"feridos_graves";"ilesos";"ignorados";"feridos";"veiculos";"latitude";"longitude";"regional";"delegacia";"uop"
453968;2022-06-04;"sábado";"20:55:00";"RS";153;406;"CACHOEIRA DO SUL";"Desrespeitar a preferência no cruzamento";"Colisão transversal";"Com Vítimas Feridas";"Plena Noite";"Decrescente";"Nublado";"Simples";"Interseção de Vias";"Não";2;0;1;0;1;0;1;2;-30,06049811;-52,90390205;"SPRF-RS";"DEL02-RS";"UOP03-DEL02-RS"
453969;2022-06-04;"sábado";"21:30:00";"SC";101;157;"PORTO BELO";"Velocidade Incompatível";"Colisão com objeto";"Sem Vítimas";"Plena Noite";"Decrescente";"Nublado";"Dupla";"Reta";"Não";1;0;0;0;0;1;0;1;-27,181625;-48,6121179;"SPRF-SC";"DEL04-SC";"UOP03-DEL04-SC"
453970;2022-06-04;"sábado";"18:15:00";"RS";285;86,5;"MONTE ALEGRE DOS CAMPOS";"Ingestão de álcool pelo condutor";"Saída de leito carroçável";"Com Vítimas Feridas";"Plena Noite";"Crescente";"Céu Claro";"Simples";"Reta";"Não";1;0;1;0;0;0;1;1;-28,63896;-50,659924;"SPRF-RS";"DEL05-RS";"UOP03-DEL05-RS"
453971;2022-06-04;"sábado";"19:30:00";"MG";116;641,9;"DIVINO";"Transitar na contramão";"Colisão frontal";"Com Vítimas Feridas";"Plena Noite";"Decrescente";"Ignorado";"Simples";"Curva";"Não";7;0;5;1;0;1;6;2;-20,64988961;-42,24540537;"SPRF-MG";"DEL07-MG";"UOP03-DEL07-MG"
453972;2022-06-04;"sábado";"22:25:00";"CE";20;425;"FORTALEZA";"Acessar a via sem observar a presença dos outros veículos";"Tombamento";"Sem Vítimas";"Pleno dia";"Decrescente";"Chuva";"Dupla";"Declive";"Não";1;0;0;0;0;1;0;1;-3,76999035;-38,67006282;"SPRF-CE";"DEL01-CE";"UOP02-DEL01-CE"
453973;2022-06-04;"sábado";"22:40:00";"SC";101;13,5;"GARUVA";"Ingestão de álcool pelo condutor";"Colisão traseira";"Com Vítimas Feridas";"Plena Noite";"Crescente";"Garoa/Chuvisco";"Dupla";"Declive;Reta";"Não";3;0;1;0;2;0;1;2;-26,08986803;-48,86345096;"SPRF-SC";"DEL03-SC";"UOP01-DEL03-SC"
453975;2022-06-04;"sábado";"20:00:00";"SC";470;149,9;"AGRONOMICA";"Reação tardia ou ineficiente do condutor";"Colisão traseira";"Com Vítimas Feridas";"Plena Noite";"Decrescente";"Nublado";"Simples";"Rotatória";"Não";3;0;1;0;2;0;1;2;-27,257252;-49,712349;"SPRF-SC";"DEL04-SC";"UOP02-DEL04-SC"
453976;2022-06-04;"sábado";"23:00:00";"MG";365;622;"UBERLANDIA";"Transitar na contramão";"Colisão frontal";"Com Vítimas Feridas";"Plena Noite";"Decrescente";"Céu Claro";"Dupla";"Reta";"Não";2;0;2;0;0;0;2;2;-18,90359335;-48,34361612;"SPRF-MG";"DEL15-MG";"UOP01-DEL15-MG"
453979;2022-06-04;"sábado";"21:20:00";"PR";158;516,4;"PATO BRANCO";"Avarias e/ou desgaste excessivo no pneu";"Saída de leito carroçável";"Com Vítimas Feridas";"Plena Noite";"Decrescente";"Nublado";"Simples";"Curva";"Não";1;0;1;0;0;0;1;1;-26,07449589;-52,63804517;"SPRF-PR";"DEL02-PR";"UOP01-DEL02-PR"
453981;2022-06-04;"sábado";"22:20:00";"SC";101;137;"BALNEARIO CAMBORIU";"Ingestão de álcool e/ou substâncias psicoativas pelo pedestre";"Saída de leito carroçável";"Sem Vítimas";"Plena Noite";"Decrescente";"Garoa/Chuvisco";"Dupla";"Reta";"Sim";1;0;0;0;0;1;0;1;-27,0157238;-48,61192763;"SPRF-SC";"DEL04-SC";"UOP03-DEL04-SC"
453982;2022-06-04;"sábado";"14:20:00";"GO";153;282;"NOVA GLORIA";"Pedestre andava na pista";"Atropelamento de Pedestre";"Com Vítimas Feridas";"Pleno dia";"Decrescente";"Céu Claro";"Simples";"Reta";"Não";2;0;1;0;0;1;1;2;-15,158981;-49,5393;"SPRF-GO";"DEL07-GO";"UOP02-DEL07-GO"
453983;2022-06-04;"sábado";"23:00:00";"SP";116;273;"TABOAO DA SERRA";"Ausência de reação do condutor";"Colisão com objeto";"Sem Vítimas";"Plena Noite";"Decrescente";"Nublado";"Múltipla";"Curva";"Sim";1;0;0;0;0;1;0;1;-23,62809795;-46,81870306;"SPRF-SP";"DEL04-SP";"UOP01-DEL04-SP"
453986;2022-06-04;"sábado";"23:25:00";"MG";262;414;"IGARATINGA";"Avarias e/ou desgaste excessivo no pneu";"Queda de ocupante de veículo";"Com Vítimas Feridas";"Plena Noite";"Crescente";"Céu Claro";"Dupla";"Reta";"Não";2;0;2;0;0;0;2;1;-19,90339593;-44,66308607;"SPRF-MG";"DEL08-MG";"UOP03-DEL08-MG"
453987;2022-06-04;"sábado";"23:45:00";"PE";101;74;"RECIFE";"Ingestão de álcool ou de substâncias psicoativas pelo pedestre";"Atropelamento de Pedestre";"Com Vítimas Feridas";"Plena Noite";"Crescente";"Chuva";"Dupla";"Curva";"Não";4;0;1;1;2;0;2;4;-8,10146485;-34,94901577;"SPRF-PE";"DEL01-PE";"UOP01-DEL01-PE"
453988;2022-06-04;"sábado";"23:55:00";"PI";316;409;"MARCOLANDIA";"Condutor Dormindo";"Saída de leito carroçável";"Com Vítimas Feridas";"Plena Noite";"Decrescente";"Nublado";"Simples";"Aclive";"Não";1;0;1;0;0;0;1;1;-7,40232784;-40,71986403;"SPRF-PI";"DEL04-PI";"UOP03-DEL04-PI"
453990;2022-06-05;"domingo";"00:30:00";"RN";110;47,9;"MOSSORO";"Acessar a via sem observar a presença dos outros veículos";"Colisão transversal";"Com Vítimas Feridas";"Plena Noite";"Crescente";"Nublado";"Simples";"Reta";"Sim";2;0;1;0;0;1;1;2;-5,20881178;-37,33285083;"SPRF-RN";"DEL04-RN";"UOP01-DEL04-RN"
453992;2022-06-05;"domingo";"00:45:00";"PR";467;100,9;"CASCAVEL";"Ingestão de álcool pelo condutor";"Tombamento";"Com Vítimas Feridas";"Plena Noite";"Crescente";"Nublado";"Simples";"Curva";"Não";1;0;1;0;0;0;1;1;-24,8947;-53,5355;"SPRF-PR";"DEL04-PR";"UOP01-DEL04-PR"
453993;2022-06-05;"domingo";"01:00:00";"PR";376;149;"MANDAGUACU";"Reação tardia ou ineficiente do condutor";"Tombamento";"Com Vítimas Feridas";"Plena Noite";"Decrescente";"Nublado";"Dupla";"Reta";"Não";1;0;0;1;0;0;1;1;-23,29627096;-52,11834898;"SPRF-PR";"DEL09-PR";"UOP01-DEL09-PR"
453994;2022-06-05;"domingo";"01:44:00";"SC";470;103,9;"APIUNA";"Velocidade Incompatível";"Capotamento";"Com Vítimas Feridas";"Plena Noite";"Crescente";"Garoa/Chuvisco";"Simples";"Curva";"Não";1;0;1;0;0;0;1;1;-27,06135;-49,410408;"SPRF-SC";"DEL04-SC";"UOP02-DEL04-SC"
453995;2022-06-04;"sábado";"23:00:00";"MT";364;548;"ROSARIO OESTE";"Condutor Dormindo";"Saída de leito carroçável";"Com Vítimas Feridas";"Plena Noite";"Crescente";"Céu Claro";"Dupla";"Reta";"Não";1;0;0;1;0;0;1;1;-14,86197218;-56,45603069;"SPRF-MT";"DEL01-MT";"UOP01-DEL01-MT"
453996;2022-06-05;"domingo";"02:00:00";"RS";293;13,9;"CAPAO DO LEAO";"Reação tardia ou ineficiente do condutor";"Colisão frontal";"Com Vítimas Fatais";"Plena Noite";"Crescente";"Garoa/Chuvisco";"Simples";"Reta";"Sim";5;1;0;1;2;1;1;3;-31,7543548;-52,45089496;"SPRF-RS";"DEL07-RS";"UOP01-DEL07-RS"
453997;2022-06-05;"domingo";"00:10:00";"MT";163;758;"SORRISO";"Ingestão de álcool pelo condutor";"Capotamento";"Sem Vítimas";"Plena Noite";"Decrescente";"Ignorado";"Dupla";"Retorno Regulamentado";"Sim";1;0;0;0;1;0;0;1;-12,52670258;-55,70330327;"SPRF-MT";"DEL06-MT";"UOP01-DEL06-MT"
454000;2022-06-05;"domingo";"01:30:00";"PR";376;232;"APUCARANA";"Velocidade Incompatível";"Colisão com objeto";"Com Vítimas Feridas";"Plena Noite";"Decrescente";"Céu Claro";"Dupla";"Curva";"Não";1;0;0;1;0;0;1;1;-23,56771916;-51,51009679;"SPRF-PR";"DEL07-PR";"UOP03-DEL07-PR"
454001;2022-06-05;"domingo";"02:30:00";"SC";101;167,2;"TIJUCAS";"Condutor Dormindo";"Saída de leito carroçável";"Com Vítimas Fatais";"Plena Noite";"Crescente";"Chuva";"Dupla";"Reta";"Não";2;1;0;1;0;0;1;1;-27,27244;-48,631708;"SPRF-SC";"DEL04-SC";"UOP03-DEL04-SC"
454002;2022-06-05;"domingo";"02:00:00";"MG";50;37;"ARAGUARI";"Reação tardia ou ineficiente do condutor";"Capotamento";"Com Vítimas Feridas";"Plena Noite";"Crescente";"Céu Claro";"Simples";"Reta";"Sim";4;0;1;0;2;1;1;1;-18,65832814;-48,15585894;"SPRF-MG";"DEL15-MG";"UOP02-DEL15-MG"
454003;2022-06-05;"domingo";"01:20:00";"MS";163;376;"NOVA ALVORADA DO SUL";"Ingestão de álcool pelo condutor";"Saída de leito carroçável";"Sem Vítimas";"Plena Noite";"Crescente";"Céu Claro";"Simples";"Reta";"Sim";2;0;0;0;2;0;0;1;-21,3759;-54,41288299;"SPRF-MS";"DEL02-MS";"UOP01-DEL02-MS"
454004;2022-06-05;"domingo";"03:00:00";"SC";101;85;"BARRA VELHA";"Reação tardia ou ineficiente do condutor";"Saída de leito carroçável";"Sem Vítimas";"Plena Noite";"Decrescente";"Garoa/Chuvisco";"Dupla";"Reta";"Não";1;0;0;0;1;0;0;1;-26,62840879;-48,70813584;"SPRF-SC";"DEL03-SC";"UOP02-DEL03-SC"
454006;2022-06-05;"domingo";"02:50:00";"SC";101;84;"BARRA VELHA";"Reação tardia ou ineficiente do condutor";"Saída de leito carroçável";"Com Vítimas Feridas";"Plena Noite";"Decrescente";"Garoa/Chuvisco";"Dupla";"Reta";"Não";2;0;0;1;1;0;1;1;-26,62404682;-48,71394986;"SPRF-SC";"DEL03-SC";"UOP02-DEL03-SC"
454007;2022-06-05;"domingo";"04:00:00";"SP";116;201;"ARUJA";"Ingestão de álcool pelo condutor";"Colisão com objeto";"Com Vítimas Feridas";"Plena Noite";"Crescente";"Ignorado";"Dupla";"Reta";"Não";1;0;1;0;0;0;1;1;-23,40362877;-46,33050107;"SPRF-SP";"DEL01-SP";"UOP01-DEL01-SP"
454008;2022-06-05;"domingo";"03:40:00";"MG";262;410,1;"IGARATINGA";"Ingestão de álcool pelo condutor";"Saída de leito carroçável";"Com Vítimas Feridas";"Plena Noite";"Crescente";"Céu Claro";"Dupla";"Reta";"Não";1;0;0;1;0;0;1;1;-19,88686179;-44,63193985;"SPRF-MG";"DEL08-MG";"UOP03-DEL08-MG"
454010;2022-06-05;"domingo";"04:10:00";"PR";277;711,8;"SANTA TEREZINHA DE ITAIPU";"Ausência de reação do condutor";"Saída de leito carroçável";"Sem Vítimas";"Plena Noite";"Crescente";"Nublado";"Dupla";"Reta";"Não";1;0;0;0;0;1;0;1;-25,45408037;-54,42224885;"SPRF-PR";"DEL05-PR";"UOP01-DEL05-PR"
454011;2022-06-05;"domingo";"04:15:00";"SC";101;198,6;"SAO JOSE";"Reação tardia ou ineficiente do condutor";"Colisão traseira";"Com Vítimas Feridas";"Plena Noite";"Decrescente";"Céu Claro";"Múltipla";"Reta";"Sim";2;0;0;1;1;0;1;2;-27,52658712;-48,63506019;"SPRF-SC";"DEL01-SC";"UOP01-DEL01-SC"
454012;2022-06-05;"domingo";"04:40:00";"RS";386;438,5;"NOVA SANTA RITA";"Ingestão de álcool pelo condutor";"Colisão lateral mesmo sentido";"Sem Vítimas";"Plena Noite";"Crescente";"Céu Claro";"Dupla";"Reta";"Sim";5;0;0;0;5;0;0;2;-29,863266;-51,252903;"SPRF-RS";"DEL04-RS";"UOP02-DEL04-RS"
454013;2022-06-05;"domingo";"04:07:00";"SC";101;334,8;"TUBARAO";"Ingestão de álcool pelo condutor";"Colisão lateral sentido oposto";"Sem Vítimas";"Plena Noite";"Crescente";"Céu Claro";"Dupla";"Reta";"Sim";3;0;0;0;1;2;0;3;-28,46749069;-49,00416439;"SPRF-SC";"DEL02-SC";"UOP01-DEL02-SC"
454014;2022-06-05;"domingo";"05:15:00";"MG";267;50,9;"MARIPA DE MINAS";"Condutor Dormindo";"Saída de leito carroçável";"Com Vítimas Fatais";"Plena Noite";"Decrescente";"Nublado";"Simples";"Curva;Declive";"Não";2;2;0;0;0;0;0;1;-21,69577022;-42,98279189;"SPRF-MG";"DEL07-MG";"UOP01-DEL07-MG"
454016;2022-06-05;"domingo";"05:40:00";"RS";116;254;"SAPUCAIA DO SUL";"Manobra de mudança de faixa";"Colisão traseira";"Sem Vítimas";"Plena Noite";"Decrescente";"Céu Claro";"Dupla";"Reta";"Não";5;0;0;0;5;0;0;2;-29,8268882;-51,17251396;"SPRF-RS";"DEL01-RS";"UOP02-DEL01-RS"
454017;2022-06-04;"sábado";"07:20:00";"MG";365;776;"ITUIUTABA";"Reação tardia ou ineficiente do condutor";"Saída de leito carroçável";"Com Vítimas Feridas";"Amanhecer";"Crescente";"Céu Claro";"Simples";"Reta";"Não";1;0;1;0;0;0;1;1;-18,95872561;-49,67756598;"SPRF-MG";"DEL15-MG";"UOP03-DEL15-MG"
454018;2022-06-05;"domingo";"05:40:00";"PR";369;519,2;"CASCAVEL";"Ultrapassagem Indevida";"Colisão frontal";"Com Vítimas Feridas";"Plena Noite";"Crescente";"Céu Claro";"Simples";"Reta";"Não";4;0;1;0;2;1;1;2;-24,9153;-53,3859;"SPRF-PR";"DEL04-PR";"UOP01-DEL04-PR"
454020;2022-06-05;"domingo";"06:10:00";"RJ";116;176;"NOVA IGUACU";"Ingestão de álcool pelo condutor";"Colisão traseira";"Com Vítimas Feridas";"Pleno dia";"Crescente";"Nublado";"Dupla";"Reta";"Sim";4;0;2;0;2;0;2;2;-22,75447692;-43,43433788;"SPRF-RJ";"DEL01-RJ";"UOP02-DEL01-RJ"
454021;2022-06-05;"domingo";"06:10:00";"SC";101;303,8;"LAGUNA";"Pedestre andava na pista";"Atropelamento de Pedestre";"Com Vítimas Fatais";"Amanhecer";"Crescente";"Nublado";"Múltipla";"Reta";"Não";2;1;0;0;1;0;0;2;-28,3871755;-48,7737657;"SPRF-SC";"DEL02-SC";"UOP03-DEL02-SC"
454023;2022-05-07;"sábado";"06:05:00";"PE";232;105;"BEZERROS";"Mal súbito do condutor";"Saída de leito carroçável";"Com Vítimas Feridas";"Pleno dia";"Crescente";"Nublado";"Dupla";"Curva";"Não";1;0;0;1;0;0;1;1;-8,25830415;-35,78275595;"SPRF-PE";"DEL02-PE";"UOP02-DEL02PE"
454025;2022-06-04;"sábado";"23:50:00";"PR";163;289;"MARECHAL CANDIDO RONDON";"Avarias e/ou desgaste excessivo no pneu";"Saída de leito carroçável";"Sem Vítimas";"Plena Noite";"Crescente";"Céu Claro";"Simples";"Curva";"Não";1;0;0;0;0;1;0;1;-24,54325405;-54,04536607;"SPRF-PR";"DEL06-PR";"UOP02-DEL06-PR"
454026;2022-06-05;"domingo";"05:55:00";"SC";101;142,1;"ITAPEMA";"Velocidade Incompatível";"Colisão traseira";"Com Vítimas Feridas";"Plena Noite";"Decrescente";"Nublado";"Simples";"Aclive;Curva";"Não";2;0;2;0;0;0;2;2;-27,056089;-48,599449;"SPRF-SC";"DEL04-SC";"UOP03-DEL04-SC"
454027;2022-06-05;"domingo";"06:40:00";"SC";282;3,8;"FLORIANOPOLIS";"Reação tardia ou ineficiente do condutor";"Saída de leito carroçável";"Com Vítimas Feridas";"Pleno dia";"Crescente";"Céu Claro";"Múltipla";"Curva";"Sim";1;0;1;0;0;0;1;1;-27,600384;-48,599705;"SPRF-SC";"DEL01-SC";"UOP01-DEL01-SC"
454028;2022-06-05;"domingo";"05:50:00";"MG";40;787,4;"JUIZ DE FORA";"Velocidade Incompatível";"Tombamento";"Com Vítimas Feridas";"Pleno dia";"Decrescente";"Céu Claro";"Dupla";"Declive;Curva";"Não";1;0;0;1;0;0;1;1;-21,73607735;-43,44262787;"SPRF-MG";"DEL05-MG";"UOP01-DEL05-MG"
454030;2022-06-05;"domingo";"05:00:00";"RJ";101;144;"MACAE";"Ingestão de álcool pelo condutor";"Capotamento";"Com Vítimas Feridas";"Plena Noite";"Crescente";"Garoa/Chuvisco";"Dupla";"Curva";"Não";1;0;1;0;0;0;1;1;-22,215605;-41,755714;"SPRF-RJ";"DEL08-RJ";"UOP04-DEL08-RJ"
454031;2022-06-05;"domingo";"06:03:00";"RJ";101;300;"ITABORAI";"Manobra de mudança de faixa";"Colisão traseira";"Com Vítimas Feridas";"Pleno dia";"Decrescente";"Céu Claro";"Dupla";"Reta";"Sim";2;0;1;0;1;0;1;2;-22,77645713;-42,94783697;"SPRF-RJ";"DEL02-RJ";"UOP02-DEL02-RJ"
454032;2022-06-05;"domingo";"07:20:00";"SP";153;72,4;"SAO JOSE DO RIO PRETO";"Manobra de mudança de faixa";"Colisão lateral mesmo sentido";"Com Vítimas Feridas";"Pleno dia";"Crescente";"Céu Claro";"Dupla";"Declive";"Sim";2;0;1;0;1;0;1;2;-20,86715501;-49,41334398;"SPRF-SP";"DEL09-SP";"UOP01-DEL09-SP"
454034;2022-06-05;"domingo";"05:20:00";"PI";343;1,9;"TERESINA";"Ausência de reação do condutor";"Colisão com objeto";"Sem Vítimas";"Plena Noite";"Decrescente";"Chuva";"Dupla";"Interseção de Vias;Curva";"Sim";1;0;0;0;0;1;0;1;-5,123667;-42,794978;"SPRF-PI";"DEL05-PI";"UOP01-DEL05-PI"
454036;2022-06-05;"domingo";"06:00:00";"MA";10;159,1;"PORTO FRANCO";"Ausência de reação do condutor";"Saída de leito carroçável";"Com Vítimas Feridas";"Amanhecer";"Decrescente";"Nevoeiro/Neblina";"Simples";"Declive";"Não";1;0;1;0;0;0;1;1;-6,329334;-47,370777;"SPRF-MA";"DEL04-MA";"UOP02-DEL04-MA"
454037;2022-06-05;"domingo";"07:30:00";"PR";116;116;"CURITIBA";"Ausência de reação do condutor";"Colisão traseira";"Sem Vítimas";"Pleno dia";"Decrescente";"Céu Claro";"Simples";"Reta";"Sim";2;0;0;0;2;0;0;2;-25,55468195;-49,27402397;"SPRF-PR";"DEL01-PR";"UOP06-DEL01-PR"
454038;2022-06-05;"domingo";"06:00:00";"MS";436;6,5;"APARECIDA DO TABOADO";"Animais na Pista";"Saída de leito carroçável";"Sem Vítimas";"Amanhecer";"Decrescente";"Céu Claro";"Simples";"Rotatória";"Não";1;0;0;0;1;0;0;1;-20,09559413;-51,04814529;"SPRF-MS";"DEL08-MS";"UOP01-DEL08-MS"
454039;2022-06-05;"domingo";"07:15:00";"RS";290;86;"PORTO ALEGRE";"Ausência de reação do condutor";"Colisão frontal";"Sem Vítimas";"Pleno dia";"Crescente";"Nublado";"Simples";"Curva";"Não";1;0;0;0;1;0;0;1;-29,968412;-51,117138;"SPRF-RS";"DEL01-RS";"UOP01-DEL01-RS"
454040;2022-06-04;"sábado";"23:39:00";"PR";153;308;"IMBITUVA";"Reação tardia ou ineficiente do condutor";"Saída de leito carroçável";"Com Vítimas Feridas";"Anoitecer";"Crescente";"Ignorado";"Simples";"Reta";"Não";1;0;0;1;0;0;1;1;-25,26862805;-50,6393234;"SPRF-PR";"DEL08-PR";"UOP02-DEL08-PR"
454041;2022-06-05;"domingo";"07:30:00";"SC";101;63,5;"ARAQUARI";"Entrada inopinada do pedestre";"Atropelamento de Pedestre";"Com Vítimas Fatais";"Pleno dia";"Crescente";"Garoa/Chuvisco";"Dupla";"Aclive;Reta;Ponte";"Não";3;1;0;0;2;0;0;2;-26,462695;-48,75393;"SPRF-SC";"DEL03-SC";"UOP02-DEL03-SC"
454042;2022-06-05;"domingo";"07:39:00";"SC";101;353,6;"SANGAO";"Condutor Dormindo";"Saída de leito carroçável";"Com Vítimas Feridas";"Pleno dia";"Crescente";"Nublado";"Dupla";"Reta";"Não";3;0;2;1;0;0;3;1;-28,61232036;-49,06197674;"SPRF-SC";"DEL02-SC";"UOP01-DEL02-SC"
454043;2022-06-05;"domingo";"07:38:00";"PR";277;67;"SAO JOSE DOS PINHAIS";"Ausência de reação do condutor";"Tombamento";"Sem Vítimas";"Pleno dia";"Crescente";"Nublado";"Múltipla";"Reta";"Sim";1;0;0;0;0;1;0;1;-25,54511074;-49,05291088;"SPRF-PR";"DEL01-PR";"UOP01-DEL01-PR"
454044;2022-06-05;"domingo";"05:30:00";"RJ";116;229,8;"PIRAI";"Ausência de reação do condutor";"Saída de leito carroçável";"Com Vítimas Feridas";"Amanhecer";"Decrescente";"Nublado";"Dupla";"Reta";"Não";3;0;2;0;1;0;2;1;-22,65646622;-43,82206692;"SPRF-RJ";"DEL07-RJ";"UOP01-DEL07-RJ"
454046;2022-06-05;"domingo";"08:30:00";"DF";20;21;"BRASILIA";"Ausência de reação do condutor";"Colisão traseira";"Sem Vítimas";"Pleno dia";"Crescente";"Céu Claro";"Dupla";"Reta";"Sim";2;0;0;0;2;0;0;2;-15,603384;-47,684692;"SPRF-DF";"DEL02-DF";"UOP01-DEL02-DF"
454047;2022-06-05;"domingo";"08:00:00";"RS";116;452,5;"SAO LOURENCO DO SUL";"Ausência de reação do condutor";"Saída de leito carroçável";"Com Vítimas Feridas";"Pleno dia";"Decrescente";"Nublado";"Dupla";"Aclive";"Não";1;0;1;0;0;0;1;1;-31,21427515;-52,01780939;"SPRF-RS";"DEL02-RS";"UOP02-DEL02-RS"
454048;2022-06-05;"domingo";"05:30:00";"RJ";493;105;"SEROPEDICA";"Condutor Dormindo";"Saída de leito carroçável";"Com Vítimas Feridas";"Pleno dia";"Decrescente";"Nublado";"Dupla";"Reta";"Não";2;0;1;1;0;0;2;1;-22,780697;-43,750757;"SPRF-RJ";"DEL03-RJ";"UOP01-DEL03-RJ"
454049;2022-06-05;"domingo";"07:40:00";"RO";319;63;"PORTO VELHO";"Ausência de reação do condutor";"Colisão lateral mesmo sentido";"Sem Vítimas";"Pleno dia";"Decrescente";"Nublado";"Dupla";"Reta";"Sim";4;0;0;0;4;0;0;2;-8,766685;-63,884052;"SPRF-RO";"DEL01-RO";"UOP01-DEL01-RO"
454051;2022-06-05;"domingo";"06:00:00";"ES";101;423,2;"CACHOEIRO DE ITAPEMIRIM";"Condutor Dormindo";"Saída de leito carroçável";"Com Vítimas Feridas";"Amanhecer";"Decrescente";"Nublado";"Simples";"Reta";"Não";1;0;1;0;0;0;1;1;-20,988749;-41,11846998;"SPRF-ES";"DEL03-ES";"UOP02-DEL03-ES"
454053;2022-06-05;"domingo";"07:50:00";"PR";376;462;"PONTA GROSSA";"Ingestão de álcool pelo condutor";"Saída de leito carroçável";"Sem Vítimas";"Pleno dia";"Decrescente";"Céu Claro";"Dupla";"Reta";"Não";1;0;0;0;1;0;0;1;-25,01599;-50,338458;"SPRF-PR";"DEL03-PR";"UOP01-DEL03-PR"
454058;2022-06-05;"domingo";"09:05:00";"SE";101;54;"CARMOPOLIS";"Chuva";"Engavetamento";"Com Vítimas Feridas";"Pleno dia";"Crescente";"Chuva";"Simples";"Interseção de Vias";"Não";12;0;1;0;11;0;1;3;-10,6327616;-37,00324059;"SPRF-SE";"DEL02-SE";"UOP02-DEL02-SE"
454059;2022-06-05;"domingo";"01:10:00";"MA";222;361,6;"SANTA INES";"Animais na Pista";"Queda de ocupante de veículo";"Com Vítimas Feridas";"Plena Noite";"Decrescente";"Céu Claro";"Simples";"Reta";"Não";2;0;0;2;0;0;2;1;-3,676084;-45,374226;"SPRF-MA";"DEL02-MA";"UOP01-DEL02-MA"
454060;2022-06-05;"domingo";"08:30:00";"MG";262;381;"MATEUS LEME";"Velocidade Incompatível";"Tombamento";"Com Vítimas Feridas";"Pleno dia";"Crescente";"Céu Claro";"Dupla";"Aclive;Curva";"Não";2;0;2;0;0;0;2;1;-19,940622;-44,386969;"SPRF-MG";"DEL01-MG";"UOP03-DEL01-MG"
454061;2022-06-05;"domingo";"10:30:00";"SP";116;222,3;"GUARULHOS";"Transitar no acostamento";"Colisão traseira";"Com Vítimas Feridas";"Pleno dia";"Crescente";"Céu Claro";"Múltipla";"Reta";"Sim";5;0;0;1;2;2;1;2;-23,47093408;-46,51631097;"SPRF-SP";"DEL01-SP";"UOP01-DEL01-SP"
454064;2022-06-05;"domingo";"09:30:00";"AL";104;7,5;"SAO JOSE DA LAJE";"Condutor Dormindo";"Saída de leito carroçável";"Com Vítimas Feridas";"Pleno dia";"Decrescente";"Nublado";"Simples";"Curva";"Não";1;0;1;0;0;0;1;1;-8,95590995;-36,02384445;"SPRF-AL";"DEL01-AL";"UOP02-DEL01-AL"
454065;2022-06-05;"domingo";"09:00:00";"PE";232;96;"BEZERROS";"Demais falhas na via";"Capotamento";"Com Vítimas Feridas";"Pleno dia";"Decrescente";"Céu Claro";"Dupla";"Reta";"Não";2;0;2;0;0;0;2;1;-8,23076854;-35,70778281;"SPRF-PE";"DEL02-PE";"UOP02-DEL02PE"
454066;2022-06-05;"domingo";"10:30:00";"MG";381;490,5;"BETIM";"Velocidade Incompatível";"Colisão com objeto";"Com Vítimas Feridas";"Pleno dia";"Decrescente";"Céu Claro";"Múltipla";"Reta";"Sim";1;0;0;1;0;0;1;1;-19,95655585;-44,14748132;"SPRF-MG";"DEL01-MG";"UOP03-DEL01-MG"
454067;2022-06-05;"domingo";"11:00:00";"MG";262;365;"JUATUBA";"Condutor deixou de manter distância do veículo da frente";"Colisão traseira";"Sem Vítimas";"Pleno dia";"Decrescente";"Céu Claro";"Dupla";"Reta";"Não";2;0;0;0;2;0;0;2;-19,97243359;-44,30928113;"SPRF-MG";"DEL01-MG";"UOP03-DEL01-MG"
454068;2022-06-05;"domingo";"11:10:00";"MG";381;648,5;"SANTO ANTONIO DO AMPARO";"Reação tardia ou ineficiente do condutor";"Saída de leito carroçável";"Com Vítimas Feridas";"Pleno dia";"Decrescente";"Céu Claro";"Dupla";"Curva";"Sim";3;0;2;0;1;0;2;1;-20,95807325;-44,89897728;"SPRF-MG";"DEL04-MG";"UOP02-DEL04-MG"
454069;2022-06-05;"domingo";"11:00:00";"RJ";101;574;"PARATY";"Condutor deixou de manter distância do veículo da frente";"Colisão traseira";"Com Vítimas Feridas";"Pleno dia";"Crescente";"Céu Claro";"Simples";"Reta";"Sim";3;0;3;0;0;0;3;2;-23,21106418;-44,73373262;"SPRF-RJ";"DEL03-RJ";"UOP03-DEL03-RJ"
454071;2022-06-05;"domingo";"11:20:00";"SC";282;28;"SANTO AMARO DA IMPERATRIZ";"Desrespeitar a preferência no cruzamento";"Colisão transversal";"Com Vítimas Feridas";"Pleno dia";"Decrescente";"Chuva";"Simples";"Rotatória";"Sim";3;0;1;0;2;0;1;2;-27,67478;-48,778904;"SPRF-SC";"DEL01-SC";"UOP03-DEL01-SC"
454072;2022-06-05;"domingo";"11:15:00";"MG";381;349;"JOAO MONLEVADE";"Conversão proibida";"Colisão lateral mesmo sentido";"Com Vítimas Feridas";"Pleno dia";"Crescente";"Céu Claro";"Simples";"Aclive";"Não";6;0;3;0;3;0;3;2;-19,8499239;-43,14868105;"SPRF-MG";"DEL03-MG";"UOP01-DEL03-MG"
454073;2022-06-05;"domingo";"12:15:00";"MG";381;342;"BELA VISTA DE MINAS";"Acumulo de areia ou detritos sobre o pavimento";"Tombamento";"Com Vítimas Feridas";"Pleno dia";"Decrescente";"Céu Claro";"Simples";"Desvio Temporário";"Não";1;0;1;0;0;0;1;1;-19,84962291;-43,10954212;"SPRF-MG";"DEL03-MG";"UOP01-DEL03-MG"