"id";"data_inversa";"dia_semana";"horario";"uf";"br";"km";"municipio";"causa_acidente";"tipo_acidente";"classificacao_acidente";"fase_dia";"sentido_via";"condicao_metereologica";"tipo_pista";"tracado_via";"uso_solo";"pessoas";"mortos";"feridos_leves";"feridos_graves";"ilesos";"ignorados";"feridos";"veiculos";"latitude";"longitude";"regional";"delegacia";"uop"
454074;2022-06-05;"domingo";"11:50:00";"PR";467;109,7;"CASCAVEL";"Reação tardia ou ineficiente do condutor";"Saída de leito carroçável";"Com Vítimas Feridas";"Pleno dia";"Crescente";"Sol";"Dupla";"Reta";"Não";1;0;1;0;0;0;1;1;-24,9261;-53,4589;"SPRF-PR";"DEL04-PR";"UOP01-DEL04-PR"
454075;2022-06-05;"domingo";"12:03:00";"GO";414;416;"ABADIANIA";"Ingestão de álcool e/ou substâncias psicoativas pelo pedestre";"Saída de leito carroçável";"Com Vítimas Feridas";"Pleno dia";"Crescente";"Céu Claro";"Simples";"Declive;Curva";"Não";1;0;0;1;0;0;1;1;-16,10363196;-48,86668801;"SPRF-GO";"DEL02-GO";"UOP01-DEL02-GO"
454077;2022-06-05;"domingo";"11:45:00";"SP";116;221;"GUARULHOS";"Manobra de mudança de faixa";"Colisão lateral mesmo sentido";"Com Vítimas Feridas";"Pleno dia";"Crescente";"Céu Claro";"Múltipla";"Reta";"Sim";2;0;1;0;1;0;1;2;-23,46802395;-46,50704901;"SPRF-SP";"DEL01-SP";"UOP01-DEL01-SP"
454078;2022-06-05;"domingo";"12:35:00";"GO";153;536,6;"HIDROLANDIA";"Velocidade Incompatível";"Saída de leito carroçável";"Com Vítimas Feridas";"Pleno dia";"Crescente";"Sol";"Dupla";"Reta";"Não";2;0;0;1;0;1;1;2;-17,0193;-49,2217;"SPRF-GO";"DEL01-GO";"UOP03-DEL01-GO"
454080;2022-06-05;"domingo";"12:15:00";"RJ";40;114;"DUQUE DE CAXIAS";"Reação tardia ou ineficiente do condutor";"Colisão traseira";"Com Vítimas Feridas";"Pleno dia";"Decrescente";"Céu Claro";"Dupla";"Reta";"Sim";2;0;1;0;1;0;1;2;-22,71853604;-43,28993324;"SPRF-RJ";"DEL01-RJ";"UOP01-DEL01-RJ"
454081;2022-06-05;"domingo";"12:30:00";"SP";381;86;"SAO PAULO";"Afundamento ou ondulação no pavimento";"Queda de ocupante de veículo";"Com Vítimas Feridas";"Pleno dia";"Decrescente";"Sol";"Múltipla";"Reta";"Não";1;0;1;0;0;0;1;1;-23,45930499;-46,57161179;"SPRF-SP";"DEL03-SP";"UOP01-DEL03-SP"
454082;2022-06-05;"domingo";"10:30:00";"RS";468;58,5;"CORONEL BICACO";"Ausência de reação do condutor";"Saída de leito carroçável";"Com Vítimas Feridas";"Pleno dia";"Crescente";"Chuva";"Simples";"Ponte";"Não";1;0;1;0;0;0;1;1;-27,75445528;-53,77416803;"SPRF-RS";"DEL08-RS";"UOP02-DEL08-RS"
454083;2022-06-05;"domingo";"10:45:00";"PR";376;304;"MAUA DA SERRA";"Reação tardia ou ineficiente do condutor";"Tombamento";"Com Vítimas Feridas";"Pleno dia";"Decrescente";"Céu Claro";"Múltipla";"Curva";"Não";1;0;1;0;0;0;1;1;-23,934179;-51,135233;"SPRF-PR";"DEL07-PR";"UOP02-DEL07-PR"
454085;2022-06-05;"domingo";"12:30:00";"CE";116;17;"EUSEBIO";"Ausência de reação do condutor";"Colisão traseira";"Com Vítimas Feridas";"Pleno dia";"Decrescente";"Céu Claro";"Dupla";"Reta";"Sim";4;0;3;1;0;0;4;4;-3,89617918;-38,50336042;"SPRF-CE";"DEL01-CE";"UOP02-DEL01-CE"
454086;2022-06-05;"domingo";"12:33:00";"SC";101;6;"GARUVA";"Pedestre andava na pista";"Atropelamento de Pedestre";"Com Vítimas Feridas";"Pleno dia";"Crescente";"Nublado";"Simples";"Curva";"Sim";2;0;1;0;1;0;1;2;-26,02692002;-48,86142017;"SPRF-SC";"DEL03-SC";"UOP01-DEL03-SC"
454088;2022-06-05;"domingo";"13:56:00";"TO";153;496;"PARAISO DO TOCANTINS";"Ausência de reação do condutor";"Colisão traseira";"Sem Vítimas";"Pleno dia";"Crescente";"Céu Claro";"Simples";"Reta";"Sim";2;0;0;0;2;0;0;2;-10,184686;-48,880363;"SPRF-TO";"DEL01-TO";"UOP01-DEL01-TO"
454089;2022-06-05;"domingo";"13:20:00";"SP";381;28;"ATIBAIA";"Condutor deixou de manter distância do veículo da frente";"Engavetamento";"Com Vítimas Feridas";"Pleno dia";"Decrescente";"Céu Claro";"Dupla";"Reta";"Não";3;0;1;0;2;0;1;3;-23,03614495;-46,55183601;"SPRF-SP";"DEL03-SP";"UOP01-DEL03-SP"
454090;2022-06-05;"domingo";"13:45:00";"SP";116;220;"GUARULHOS";"Manobra de mudança de faixa";"Colisão traseira";"Com Vítimas Feridas";"Pleno dia";"Crescente";"Céu Claro";"Múltipla";"Reta";"Sim";6;0;2;0;4;0;2;3;-23,46472809;-46,49793962;"SPRF-SP";"DEL01-SP";"UOP01-DEL01-SP"
454092;2022-06-05;"domingo";"14:00:00";"MG";365;624;"UBERLANDIA";"Ausência de reação do condutor";"Tombamento";"Com Vítimas Feridas";"Pleno dia";"Crescente";"Céu Claro";"Dupla";"Reta";"Sim";1;0;1;0;0;0;1;1;-18,90754763;-48,3160669;"SPRF-MG";"DEL15-MG";"UOP01-DEL15-MG"
454094;2022-06-05;"domingo";"14:10:00";"SC";280;128,9;"RIO NEGRINHO";"Acessar a via sem observar a presença dos outros veículos";"Atropelamento de Pedestre";"Com Vítimas Feridas";"Pleno dia";"Crescente";"Céu Claro";"Simples";"Reta";"Não";2;0;0;1;1;0;1;2;-26,24317941;-49,51320018;"SPRF-SC";"DEL06-SC";"UOP03-DEL06-SC"
454096;2022-06-05;"domingo";"13:50:00";"PE";232;57,3;"POMBOS";"Ingestão de álcool pelo condutor";"Colisão traseira";"Sem Vítimas";"Pleno dia";"Crescente";"Céu Claro";"Dupla";"Retorno Regulamentado;Reta";"Não";2;0;0;0;1;1;0;2;-8,13762681;-35,37336212;"SPRF-PE";"DEL02-PE";"UOP02-DEL02PE"
454099;2022-06-05;"domingo";"14:30:00";"RJ";116;168;"SAO JOAO DE MERITI";"Reação tardia ou ineficiente do condutor";"Engavetamento";"Com Vítimas Feridas";"Pleno dia";"Decrescente";"Céu Claro";"Dupla";"Reta";"Sim";6;0;1;0;5;0;1;3;-22,819969;-43,31499997;"SPRF-RJ";"DEL01-RJ";"UOP02-DEL01-RJ"
454100;2022-06-05;"domingo";"13:20:00";"MG";40;559;"NOVA LIMA";"Reação tardia ou ineficiente do condutor";"Colisão com objeto";"Sem Vítimas";"Pleno dia";"Crescente";"Céu Claro";"Dupla";"Retorno Regulamentado";"Sim";2;0;0;0;0;2;0;2;-20,11861708;-43,96783926;"SPRF-MG";"DEL01-MG";"UOP02-DEL01-MG"
454101;2022-06-05;"domingo";"14:30:00";"PI";343;326;"ALTOS";"Transitar no acostamento";"Colisão traseira";"Com Vítimas Feridas";"Pleno dia";"Crescente";"Céu Claro";"Simples";"Reta";"Não";7;0;3;1;2;1;4;2;-5,069462;-42,617474;"SPRF-PI";"DEL01-PI";"UOP01-DEL01-PI"
454102;2022-06-05;"domingo";"12:45:00";"SP";116;0;"QUELUZ";"Velocidade Incompatível";"Colisão com objeto";"Sem Vítimas";"Pleno dia";"Crescente";"Céu Claro";"Simples";"Curva";"Não";1;0;0;0;1;0;0;1;-22,513866;-44,69955;"SPRF-SP";"DEL08-SP";"UOP02-DEL08-SP"
454104;2022-06-05;"domingo";"14:40:00";"PR";116;118;"CURITIBA";"Manobra de mudança de faixa";"Colisão lateral mesmo sentido";"Com Vítimas Feridas";"Pleno dia";"Decrescente";"Sol";"Dupla";"Reta";"Não";2;0;1;0;1;0;1;2;-25,54657438;-49,29173608;"SPRF-PR";"DEL01-PR";"UOP06-DEL01-PR"
454106;2022-06-05;"domingo";"16:00:00";"ES";101;257;"SERRA";"Velocidade Incompatível";"Colisão traseira";"Com Vítimas Feridas";"Pleno dia";"Crescente";"Céu Claro";"Dupla";"Reta";"Sim";2;0;0;1;1;0;1;2;-20,12455095;-40,30331881;"SPRF-ES";"DEL02-ES";"UOP01-DEL02-ES"
454107;2022-06-05;"domingo";"12:20:00";"PE";424;11,7;"PEDRA";"Demais falhas mecânicas ou elétricas";"Incêndio";"Sem Vítimas";"Pleno dia";"Crescente";"Sol";"Simples";"Reta";"Não";1;0;0;0;0;1;0;1;-8,49726767;-37,00122198;"SPRF-PE";"DEL04-PE";"UOP02-DEL04-PE"
454109;2022-06-05;"domingo";"16:15:00";"RS";290;186,9;"MINAS DO LEAO";"Reação tardia ou ineficiente do condutor";"Saída de leito carroçável";"Com Vítimas Feridas";"Pleno dia";"Decrescente";"Garoa/Chuvisco";"Simples";"Reta";"Não";4;0;0;1;3;0;1;1;-30,150213;-52,07354;"SPRF-RS";"DEL02-RS";"UOP03-DEL02-RS"
454111;2022-06-05;"domingo";"16:40:00";"PB";230;11;"CABEDELO";"Manobra de mudança de faixa";"Colisão lateral mesmo sentido";"Sem Vítimas";"Pleno dia";"Decrescente";"Nublado";"Dupla";"Reta";"Sim";4;0;0;0;4;0;0;2;-7,0596;-34,8506;"SPRF-PB";"DEL01-PB";"UOP01-DEL01-PB"
454112;2022-06-05;"domingo";"16:00:00";"PE";232;77,9;"GRAVATA";"Ingestão de álcool pelo condutor";"Saída de leito carroçável";"Sem Vítimas";"Pleno dia";"Crescente";"Céu Claro";"Dupla";"Reta";"Sim";1;0;0;0;0;1;0;1;-8,19343863;-35,54300692;"SPRF-PE";"DEL02-PE";"UOP02-DEL02PE"
454115;2022-06-05;"domingo";"16:20:00";"SC";282;26,3;"SANTO AMARO DA IMPERATRIZ";"Acessar a via sem observar a presença dos outros veículos";"Colisão transversal";"Com Vítimas Feridas";"Anoitecer";"Crescente";"Garoa/Chuvisco";"Simples";"Reta";"Não";4;0;1;0;3;0;1;2;-27,680267;-48,762482;"SPRF-SC";"DEL01-SC";"UOP03-DEL01-SC"
454117;2022-06-05;"domingo";"16:30:00";"RJ";116;108;"GUAPIMIRIM";"Pedestre cruzava a pista fora da faixa";"Atropelamento de Pedestre";"Com Vítimas Feridas";"Pleno dia";"Crescente";"Céu Claro";"Dupla";"Reta";"Não";2;0;1;0;1;0;1;2;-22,535843;-42,99125;"SPRF-RJ";"DEL04-RJ";"UOP01-DEL04-RJ"
454119;2022-06-05;"domingo";"17:40:00";"MG";381;486,5;"BETIM";"Manobra de mudança de faixa";"Tombamento";"Com Vítimas Fatais";"Anoitecer";"Crescente";"Céu Claro";"Dupla";"Declive;Curva";"Sim";1;1;0;0;0;0;0;1;-19,95644414;-44,13611598;"SPRF-MG";"DEL01-MG";"UOP03-DEL01-MG"
454121;2022-06-05;"domingo";"11:50:00";"RJ";40;76;"PETROPOLIS";"Curva acentuada";"Queda de ocupante de veículo";"Com Vítimas Feridas";"Pleno dia";"Crescente";"Céu Claro";"Simples";"Curva";"Não";1;0;0;1;0;0;1;1;-22,47192899;-43,23779321;"SPRF-RJ";"DEL06-RJ";"UOP01-DEL06-RJ"
454122;2022-06-05;"domingo";"15:50:00";"RO";364;972;"PORTO VELHO";"Acessar a via sem observar a presença dos outros veículos";"Colisão transversal";"Com Vítimas Feridas";"Pleno dia";"Crescente";"Céu Claro";"Simples";"Reta";"Sim";3;0;1;1;1;0;2;2;-9,6591042593;-65,7419569761;"SPRF-RO";"DEL01-RO";"UOP03-DEL01-RO"
454123;2022-06-05;"domingo";"18:15:00";"MG";365;387,8;"PATOS DE MINAS";"Transitar na contramão";"Colisão frontal";"Com Vítimas Feridas";"Anoitecer";"Crescente";"Céu Claro";"Simples";"Reta";"Não";3;0;3;0;0;0;3;2;-18,63113826;-46,31317735;"SPRF-MG";"DEL10-MG";"UOP01-DEL10-MG"
454124;2022-06-05;"domingo";"18:03:00";"DF";20;8,3;"BRASILIA";"Condutor deixou de manter distância do veículo da frente";"Colisão traseira";"Com Vítimas Feridas";"Anoitecer";"Crescente";"Céu Claro";"Dupla";"Aclive";"Sim";2;0;1;0;1;0;1;2;-15,65673951;-47,78798908;"SPRF-DF";"DEL02-DF";"UOP01-DEL02-DF"
454125;2022-06-05;"domingo";"16:45:00";"PR";277;455,1;"LARANJEIRAS DO SUL";"Ingestão de álcool pelo condutor";"Colisão frontal";"Com Vítimas Feridas";"Pleno dia";"Decrescente";"Céu Claro";"Simples";"Curva";"Sim";4;0;3;0;1;0;3;2;-25,38468946;-52,42258579;"SPRF-PR";"DEL04-PR";"UOP02-DEL04-PR"
454127;2022-06-05;"domingo";"18:30:00";"MG";381;820;"CAREACU";"Reação tardia ou ineficiente do condutor";"Saída de leito carroçável";"Sem Vítimas";"Plena Noite";"Crescente";"Céu Claro";"Dupla";"Reta";"Não";1;0;0;0;1;0;0;1;-22,1081057;-45,74028007;"SPRF-MG";"DEL16-MG";"UOP02-DEL16-MG"
454128;2022-06-05;"domingo";"18:10:00";"RJ";116;168;"RIO DE JANEIRO";"Reação tardia ou ineficiente do condutor";"Queda de ocupante de veículo";"Com Vítimas Feridas";"Plena Noite";"Decrescente";"Ignorado";"Dupla";"Reta";"Sim";1;0;1;0;0;0;1;1;-22,819969;-43,31499997;"SPRF-RJ";"DEL01-RJ";"UOP02-DEL01-RJ"
454130;2022-06-05;"domingo";"18:12:00";"SC";282;6;"SAO JOSE";"Velocidade Incompatível";"Queda de ocupante de veículo";"Com Vítimas Feridas";"Anoitecer";"Crescente";"Chuva";"Dupla";"Declive;Curva";"Sim";1;0;1;0;0;0;1;1;-27,58499405;-48,61631513;"SPRF-SC";"DEL01-SC";"UOP01-DEL01-SC"
454131;2022-06-05;"domingo";"16:00:00";"RN";226;292;"AUGUSTO SEVERO";"Demais falhas mecânicas ou elétricas";"Incêndio";"Sem Vítimas";"Pleno dia";"Crescente";"Céu Claro";"Múltipla";"Interseção de Vias";"Não";1;0;0;0;1;0;0;1;-5,88351803;-37,32456294;"SPRF-RN";"DEL04-RN";"UOP01-DEL04-RN"
454132;2022-06-05;"domingo";"18:30:00";"MG";381;455,5;"BELO HORIZONTE";"Acessar a via sem observar a presença dos outros veículos";"Colisão transversal";"Com Vítimas Feridas";"Plena Noite";"Crescente";"Céu Claro";"Simples";"Curva;Aclive";"Sim";2;0;1;0;1;0;1;2;-19,837898;-43,881878;"SPRF-MG";"DEL01-MG";"UOP01-DEL01-MG"
454133;2022-06-05;"domingo";"18:55:00";"PR";369;487,6;"CORBELIA";"Ausência de reação do condutor";"Colisão traseira";"Com Vítimas Feridas";"Pleno dia";"Crescente";"Céu Claro";"Simples";"Reta";"Não";2;0;0;1;1;0;1;2;-24,699683;-53,24032;"SPRF-PR";"DEL04-PR";"UOP03-DEL04-PR"
454134;2022-06-05;"domingo";"19:00:00";"MG";146;399,7;"GUAXUPE";"Transitar na contramão";"Colisão frontal";"Com Vítimas Fatais";"Plena Noite";"Decrescente";"Céu Claro";"Simples";"Curva";"Não";2;1;1;0;0;0;1;2;-21,29733;-46,674524;"SPRF-MG";"DEL09-MG";"UOP01-DEL09-MG"
454136;2022-06-05;"domingo";"17:40:00";"PR";277;7;"PARANAGUA";"Acumulo de areia ou detritos sobre o pavimento";"Tombamento";"Com Vítimas Feridas";"Pleno dia";"Decrescente";"Garoa/Chuvisco";"Dupla";"Rotatória";"Sim";1;0;1;0;0;0;1;1;-25,51492331;-48,52292771;"SPRF-PR";"DEL01-PR";"UOP05-DEL01-PR"
454138;2022-06-05;"domingo";"17:50:00";"MG";40;545;"NOVA LIMA";"Avarias e/ou desgaste excessivo no pneu";"Tombamento";"Com Vítimas Feridas";"Anoitecer";"Decrescente";"Céu Claro";"Dupla";"Reta";"Não";2;0;2;0;0;0;2;1;-20,00670404;-43,96418668;"SPRF-MG";"DEL01-MG";"UOP02-DEL01-MG"
454140;2022-06-05;"domingo";"19:00:00";"PR";277;102;"CURITIBA";"Condutor deixou de manter distância do veículo da frente";"Engavetamento";"Sem Vítimas";"Plena Noite";"Decrescente";"Nublado";"Dupla";"Declive";"Não";6;0;0;0;6;0;0;3;-25,51408786;-49,33726669;"SPRF-PR";"DEL01-PR";"UOP06-DEL01-PR"
454142;2022-06-05;"domingo";"19:50:00";"MG";381;486;"BETIM";"Condutor deixou de manter distância do veículo da frente";"Colisão traseira";"Com Vítimas Feridas";"Plena Noite";"Decrescente";"Céu Claro";"Dupla";"Reta";"Sim";3;0;1;0;2;0;1;2;-19,95624323;-44,11831683;"SPRF-MG";"DEL01-MG";"UOP03-DEL01-MG"
454143;2022-06-05;"domingo";"17:50:00";"BA";110;168;"RIBEIRA DO POMBAL";"Ausência de reação do condutor";"Saída de leito carroçável";"Com Vítimas Feridas";"Plena Noite";"Decrescente";"Nublado";"Simples";"Reta";"Não";1;0;0;1;0;0;1;1;-10,824597;-38,53163103;"SPRF-BA";"DEL07-BA";"UOP02-DEL07-BA"
454147;2022-06-05;"domingo";"19:00:00";"GO";60;105;"GOIANAPOLIS";"Ingestão de álcool pelo condutor";"Saída de leito carroçável";"Com Vítimas Feridas";"Plena Noite";"Crescente";"Céu Claro";"Dupla";"Reta;Declive";"Não";1;0;1;0;0;0;1;1;-16,4156;-49,0087;"SPRF-GO";"DEL02-GO";"UOP01-DEL02-GO"
454149;2022-06-05;"domingo";"19:20:00";"ES";101;280;"SERRA";"Ausência de reação do condutor";"Colisão traseira";"Com Vítimas Feridas";"Plena Noite";"Crescente";"Nublado";"Dupla";"Reta";"Sim";2;0;1;0;1;0;1;2;-20,21828666;-40,34895595;"SPRF-ES";"DEL02-ES";"UOP01-DEL02-ES"
454150;2022-06-05;"domingo";"18:00:00";"MG";262;822;"UBERABA";"Velocidade Incompatível";"Saída de leito carroçável";"Com Vítimas Feridas";"Anoitecer";"Decrescente";"Céu Claro";"Dupla";"Reta";"Não";1;0;1;0;0;0;1;1;-19,76063273;-48,14580492;"SPRF-MG";"DEL13-MG";"UOP01-DEL13-MG"
454151;2022-06-05;"domingo";"19:00:00";"PR";376;539,9;"PALMEIRA";"Condutor Dormindo";"Colisão com objeto";"Sem Vítimas";"Plena Noite";"Decrescente";"Céu Claro";"Dupla";"Reta";"Não";1;0;0;0;1;0;0;1;-25,37225815;-49,81784821;"SPRF-PR";"DEL03-PR";"UOP03-DEL03-PR"
454152;2022-06-05;"domingo";"19:30:00";"RJ";40;107,5;"DUQUE DE CAXIAS";"Reação tardia ou ineficiente do condutor";"Colisão frontal";"Com Vítimas Feridas";"Plena Noite";"Decrescente";"Céu Claro";"Simples";"Reta";"Sim";2;0;1;0;1;0;1;2;-22,65581497;-43,28378546;"SPRF-RJ";"DEL01-RJ";"UOP01-DEL01-RJ"
454153;2022-06-05;"domingo";"16:36:00";"MS";163;485;"CAMPO GRANDE";"Ausência de reação do condutor";"Colisão traseira";"Sem Vítimas";"Anoitecer";"Decrescente";"Nublado";"Simples";"Reta";"Sim";7;0;0;0;3;4;0;2;-20,44233707;-54,54201834;"SPRF-MS";"DEL01-MS";"UOP02-DEL01-MS"
454154;2022-06-05;"domingo";"18:55:00";"PI";230;303;"FLORIANO";"Ausência de reação do condutor";"Colisão traseira";"Com Vítimas Feridas";"Plena Noite";"Crescente";"Céu Claro";"Simples";"Reta";"Sim";2;0;1;0;1;0;1;2;-6,80739287;-42,96341596;"SPRF-PI";"DEL03-PI";"UOP01-DEL03-PI"
454155;2022-06-05;"domingo";"19:30:00";"MG";262;421,9;"PARA DE MINAS";"Velocidade Incompatível";"Tombamento";"Com Vítimas Feridas";"Plena Noite";"Crescente";"Vento";"Dupla";"Reta";"Não";1;0;0;1;0;0;1;1;-19,88477767;-44,72993101;"SPRF-MG";"DEL08-MG";"UOP03-DEL08-MG"
454156;2022-06-05;"domingo";"19:05:00";"PE";232;275;"SERTANIA";"Manobra de mudança de faixa";"Colisão frontal";"Com Vítimas Fatais";"Plena Noite";"Crescente";"Céu Claro";"Simples";"Reta";"Não";3;2;0;1;0;0;1;2;-8,37767902;-37,25556603;"SPRF-PE";"DEL04-PE";"UOP02-DEL04-PE"
454157;2022-06-05;"domingo";"12:25:00";"RS";392;271,3;"SAO SEPE";"Acumulo de água sobre o pavimento";"Saída de leito carroçável";"Com Vítimas Feridas";"Pleno dia";"Crescente";"Chuva";"Simples";"Reta";"Não";4;0;4;0;0;0;4;1;-30,38408799;-53,51042297;"SPRF-RS";"DEL09-RS";"UOP02-DEL09-RS"
454158;2022-06-05;"domingo";"18:40:00";"RS";392;40,2;"RIO GRANDE";"Acesso irregular";"Colisão traseira";"Com Vítimas Feridas";"Plena Noite";"Crescente";"Céu Claro";"Dupla";"Curva";"Não";2;0;1;0;1;0;1;1;-31,96338187;-52,30321871;"SPRF-RS";"DEL07-RS";"UOP02-DEL07-RS"
454159;2022-06-05;"domingo";"17:47:00";"PE";428;185;"PETROLINA";"Ausência de sinalização";"Saída de leito carroçável";"Com Vítimas Feridas";"Anoitecer";"Crescente";"Céu Claro";"Simples";"Em Obras";"Sim";1;0;0;1;0;0;1;1;-9,34009199;-40,47032001;"SPRF-PE";"DEL06-PE";"UOP01-DEL06-PE"
454161;2022-06-05;"domingo";"19:20:00";"RJ";116;317;"ITATIAIA";"Ingestão de álcool pelo condutor";"Colisão traseira";"Com Vítimas Feridas";"Plena Noite";"Crescente";"Céu Claro";"Simples";"Reta";"Não";2;0;1;0;1;0;1;2;-22,46708478;-44,50067002;"SPRF-RJ";"DEL07-RJ";"UOP02-DEL07-RJ"
454162;2022-06-05;"domingo";"20:30:00";"RS";158;274,6;"JULIO DE CASTILHOS";"Ingestão de álcool pelo condutor";"Saída de leito carroçável";"Com Vítimas Feridas";"Plena Noite";"Crescente";"Chuva";"Simples";"Reta";"Não";2;0;2;0;0;0;2;1;-29,32539704;-53,67760612;"SPRF-RS";"DEL09-RS";"UOP01-DEL09-RS"
454163;2022-06-05;"domingo";"20:00:00";"MG";262;50,5;"MANHUACU";"Velocidade Incompatível";"Capotamento";"Com Vítimas Feridas";"Plena Noite";"Crescente";"Céu Claro";"Dupla";"Interseção de Vias;Rotatória";"Não";5;0;3;0;0;2;3;2;-20,2428055;-42,13652397;"SPRF-MG";"DEL06-MG";"UOP03-DEL06-MG"
454164;2022-06-05;"domingo";"20:50:00";"GO";50;280;"CATALAO";"Frear bruscamente";"Tombamento";"Com Vítimas Feridas";"Plena Noite";"Crescente";"Céu Claro";"Múltipla";"Reta";"Sim";1;0;1;0;0;0;1;1;-18,1784;-47,9362;"SPRF-GO";"DEL06-GO";"UOP01-DEL06-GO"
454165;2022-06-05;"domingo";"20:00:00";"MG";40;564;"NOVA LIMA";"Retorno proibido";"Colisão transversal";"Com Vítimas Feridas";"Plena Noite";"Crescente";"Céu Claro";"Simples";"Reta";"Não";4;0;0;1;3;0;1;2;-20,16086012;-43,96464349;"SPRF-MG";"DEL01-MG";"UOP02-DEL01-MG"
454167;2022-06-05;"domingo";"20:35:00";"SC";101;323,2;"PESCARIA BRAVA";"Acumulo de água sobre o pavimento";"Colisão com objeto";"Com Vítimas Feridas";"Plena Noite";"Decrescente";"Chuva";"Dupla";"Viaduto";"Não";2;0;2;0;0;0;2;1;-28,42789556;-48,91248313;"SPRF-SC";"DEL02-SC";"UOP01-DEL02-SC"
454171;2022-06-05;"domingo";"20:30:00";"GO";70;345;"JUSSARA";"Animais na Pista";"Saída de leito carroçável";"Sem Vítimas";"Plena Noite";"Crescente";"Céu Claro";"Simples";"Curva";"Não";1;0;0;0;1;0;0;1;-15,94053253;-51,19663239;"SPRF-GO";"DEL04-GO";"UOP01-DEL04-GO"
454172;2022-06-05;"domingo";"19:00:00";"PI";343;467,8;"ANGICAL DO PIAUI";"Acesso irregular";"Colisão transversal";"Com Vítimas Feridas";"Plena Noite";"Crescente";"Céu Claro";"Simples";"Reta;Declive";"Sim";5;0;4;0;1;0;4;2;-6,06192254;-42,73605818;"SPRF-PI";"DEL01-PI";"UOP02-DEL01-PI"
454173;2022-06-05;"domingo";"15:10:00";"RJ";40;110;"DUQUE DE CAXIAS";"Ausência de reação do condutor";"Colisão frontal";"Com Vítimas Feridas";"Pleno dia";"Decrescente";"Céu Claro";"Múltipla";"Reta";"Sim";5;0;4;1;0;0;5;2;-22,68289906;-43,28549346;"SPRF-RJ";"DEL01-RJ";"UOP01-DEL01-RJ"
454174;2022-06-05;"domingo";"21:00:00";"PE";232;99,9;"BEZERROS";"Ingestão de álcool pelo condutor";"Tombamento";"Com Vítimas Feridas";"Plena Noite";"Crescente";"Céu Claro";"Simples";"Retorno Regulamentado;Interseção de Vias";"Sim";2;0;0;2;0;0;2;1;-8,2367277;-35,73401605;"SPRF-PE";"DEL02-PE";"UOP02-DEL02PE"
454176;2022-06-05;"domingo";"22:15:00";"SE";101;93;"NOSSA SENHORA DO SOCORRO";"Animais na Pista";"Atropelamento de Animal";"Com Vítimas Feridas";"Plena Noite";"Crescente";"Chuva";"Dupla";"Reta";"Sim";2;0;1;0;1;0;1;1;-10,90381547;-37,14761853;"SPRF-SE";"DEL01-SE";"UOP01-DEL01-SE"
454179;2022-06-05;"domingo";"22:30:00";"RJ";465;4;"SEROPEDICA";"Conversão proibida";"Colisão frontal";"Com Vítimas Feridas";"Plena Noite";"Crescente";"Céu Claro";"Simples";"Reta";"Sim";3;0;1;0;1;1;1;3;-22,727266;-43,718712;"SPRF-RJ";"DEL01-RJ";"UOP03-DEL01-RJ"
454180;2022-06-05;"domingo";"21:29:00";"DF";80;33,8;"BRASILIA";"Entrada inopinada do pedestre";"Atropelamento de Pedestre";"Com Vítimas Feridas";"Plena Noite";"Crescente";"Céu Claro";"Simples";"Reta";"Não";3;0;2;0;1;0;2;2;-15,566939;-48,197048;"SPRF-DF";"DEL03-DF";"UOP02-DEL03-DF"
454181;2022-06-05;"domingo";"19:00:00";"SC";116;117,2;"SANTA CECILIA";"Velocidade Incompatível";"Saída de leito carroçável";"Sem Vítimas";"Plena Noite";"Crescente";"Chuva";"Simples";"Curva";"Não";1;0;0;0;0;1;0;1;-26,81731599;-50,35097407;"SPRF-SC";"DEL06-SC";"UOP02-DEL06-SC"
454182;2022-06-05;"domingo";"20:00:00";"BA";101;633;"MASCOTE";"Ingestão de álcool pelo condutor";"Saída de leito carroçável";"Com Vítimas Feridas";"Plena Noite";"Decrescente";"Céu Claro";"Simples";"Aclive;Curva";"Não";1;0;1;0;0;0;1;1;-15,738882;-39,475378;"SPRF-BA";"DEL05-BA";"UOP02-DEL05-BA"
454183;2022-06-05;"domingo";"21:00:00";"BA";330;813;"JITAUNA";"Acessar a via sem observar a presença dos outros veículos";"Colisão lateral sentido oposto";"Com Vítimas Feridas";"Plena Noite";"Crescente";"Ignorado";"Simples";"Curva";"Sim";5;0;1;0;4;0;1;2;-14,00984943;-39,89588438;"SPRF-BA";"DEL03-BA";"UOP01-DEL03-BA"
454184;2022-06-05;"domingo";"18:40:00";"SC";116;71,7;"MONTE CASTELO";"Condutor deixou de manter distância do veículo da frente";"Colisão traseira";"Com Vítimas Feridas";"Plena Noite";"Decrescente";"Céu Claro";"Simples";"Aclive";"Não";5;0;1;0;3;1;1;2;-26,47804399;-50,23238915;"SPRF-SC";"DEL06-SC";"UOP02-DEL06-SC"
454185;2022-06-05;"domingo";"21:30:00";"CE";222;90;"UMIRIM";"Reação tardia ou ineficiente do condutor";"Colisão transversal";"Com Vítimas Feridas";"Plena Noite";"Decrescente";"Céu Claro";"Simples";"Interseção de Vias;Reta";"Não";2;0;1;0;1;0;1;2;-3,67800158;-39,34754409;"SPRF-CE";"DEL04-CE";"UOP03-DEL04-CE"
454186;2022-06-05;"domingo";"22:15:00";"BA";324;5;"FEIRA DE SANTANA";"Ausência de reação do condutor";"Colisão com objeto";"Com Vítimas Feridas";"Plena Noite";"Decrescente";"Céu Claro";"Dupla";"Reta";"Sim";1;0;1;0;0;0;1;1;-12,267113;-38,966988;"SPRF-BA";"DEL02-BA";"UOP01-DEL02-BA"