"id";"data_inversa";"dia_semana";"horario";"uf";"br";"km";"municipio";"causa_acidente";"tipo_acidente";"classificacao_acidente";"fase_dia";"sentido_via";"condicao_metereologica";"tipo_pista";"tracado_via";"uso_solo";"pessoas";"mortos";"feridos_leves";"feridos_graves";"ilesos";"ignorados";"feridos";"veiculos";"latitude";"longitude";"regional";"delegacia";"uop"
454187;2022-06-05;"domingo";"23:13:00";"ES";101;270;"SERRA";"Condutor Dormindo";"Colisão transversal";"Com Vítimas Feridas";"Plena Noite";"Decrescente";"Céu Claro";"Múltipla";"Reta";"Sim";4;0;3;0;1;0;3;2;-20,22662056;-40,27075088;"SPRF-ES";"DEL02-ES";"UOP01-DEL02-ES"
454188;2022-06-05;"domingo";"23:00:00";"RJ";101;407;"ITAGUAI";"Condutor Dormindo";"Colisão com objeto";"Com Vítimas Feridas";"Plena Noite";"Crescente";"Céu Claro";"Dupla";"Reta";"Sim";2;0;1;0;0;1;1;2;-22,87672058;-43,81631971;"SPRF-RJ";"DEL03-RJ";"UOP01-DEL03-RJ"
454189;2022-06-05;"domingo";"23:26:00";"DF";20;2;"BRASILIA";"Velocidade Incompatível";"Saída de leito carroçável";"Com Vítimas Feridas";"Plena Noite";"Crescente";"Céu Claro";"Dupla";"Reta";"Não";1;0;0;1;0;0;1;1;-15,682896;-47,840729;"SPRF-DF";"DEL02-DF";"UOP01-DEL02-DF"
454191;2022-06-05;"domingo";"23:30:00";"SP";116;270;"TABOAO DA SERRA";"Ingestão de álcool pelo condutor";"Colisão com objeto";"Sem Vítimas";"Plena Noite";"Crescente";"Céu Claro";"Dupla";"Reta";"Sim";4;0;0;0;4;0;0;1;-23,61799728;-46,79677694;"SPRF-SP";"DEL04-SP";"UOP01-DEL04-SP"
454192;2022-06-05;"domingo";"22:40:00";"PE";423;82;"JUCATI";"Ingestão de álcool pelo condutor";"Colisão com objeto";"Com Vítimas Feridas";"Plena Noite";"Crescente";"Garoa/Chuvisco";"Simples";"Reta";"Não";2;0;1;0;1;0;1;2;-8,78236498;-36,43093004;"SPRF-PE";"DEL03-PE";"UOP01-DEL03-PE"
454193;2022-06-05;"domingo";"19:30:00";"MT";70;607,5;"POCONE";"Acessar a via sem observar a presença dos outros veículos";"Colisão traseira";"Com Vítimas Feridas";"Plena Noite";"Decrescente";"Céu Claro";"Múltipla";"Reta";"Não";4;0;3;0;1;0;3;2;-15,84466306;-56,78687497;"SPRF-MT";"DEL03-MT";"UOP02-DEL03-MT"
454194;2022-06-05;"domingo";"22:00:00";"RS";116;656,1;"JAGUARAO";"Acessar a via sem observar a presença dos outros veículos";"Colisão transversal";"Com Vítimas Feridas";"Plena Noite";"Decrescente";"Céu Claro";"Simples";"Rotatória";"Sim";4;0;3;0;1;0;3;2;-32,54639;-53,374147;"SPRF-RS";"DEL07-RS";"UOP03-DEL07-RS"
454196;2022-06-05;"domingo";"23:00:00";"PR";277;345;"GUARAPUAVA";"Obras na pista";"Colisão com objeto";"Com Vítimas Feridas";"Plena Noite";"Decrescente";"Céu Claro";"Simples";"Em Obras";"Não";1;0;1;0;0;0;1;1;-25,33928412;-51,42880296;"SPRF-PR";"DEL08-PR";"UOP01-DEL08-PR"
454198;2022-06-05;"domingo";"22:30:00";"BA";101;157;"CONCEICAO DO JACUIPE";"Ausência de reação do condutor";"Tombamento";"Com Vítimas Feridas";"Plena Noite";"Decrescente";"Chuva";"Dupla";"Reta";"Sim";2;0;2;0;0;0;2;1;-12,35551436;-38,782478;"SPRF-BA";"DEL01-BA";"UOP03-DEL01-BA"
454200;2022-06-06;"segunda-feira";"02:10:00";"RJ";40;76;"PETROPOLIS";"Pista Escorregadia";"Saída de leito carroçável";"Com Vítimas Feridas";"Plena Noite";"Decrescente";"Nublado";"Dupla";"Curva;Viaduto";"Não";1;0;1;0;0;0;1;1;-22,4897102;-43,2192317;"SPRF-RJ";"DEL06-RJ";"UOP01-DEL06-RJ"
454201;2022-06-05;"domingo";"23:30:00";"MG";365;541,3;"ROMARIA";"Velocidade Incompatível";"Saída de leito carroçável";"Com Vítimas Feridas";"Plena Noite";"Decrescente";"Céu Claro";"Simples";"Interseção de Vias";"Não";1;0;1;0;0;0;1;1;-18,93342543;-47,58491993;"SPRF-MG";"DEL10-MG";"UOP01-DEL10-MG"
454202;2022-06-06;"segunda-feira";"03:05:00";"RS";386;345,5;"LAJEADO";"Ingestão de álcool pelo condutor";"Saída de leito carroçável";"Sem Vítimas";"Plena Noite";"Crescente";"Garoa/Chuvisco";"Dupla";"Reta;Em Obras";"Não";1;0;0;0;0;1;0;1;-29,44553429;-51,97798133;"SPRF-RS";"DEL04-RS";"UOP01-DEL04-RS"
454203;2022-06-05;"domingo";"20:30:00";"PA";230;82;"SAO JOAO DO ARAGUAIA";"Ultrapassagem Indevida";"Colisão frontal";"Com Vítimas Feridas";"Plena Noite";"Decrescente";"Céu Claro";"Simples";"Reta";"Sim";2;0;0;1;1;0;1;2;-5,47394278;-48,81363004;"SPRF-PA";"DEL03-PA";"UOP01-DEL03-PA"
454205;2022-06-06;"segunda-feira";"01:00:00";"SC";101;193;"BIGUACU";"Ingestão de álcool pelo condutor";"Saída de leito carroçável";"Sem Vítimas";"Plena Noite";"Crescente";"Chuva";"Simples";"Reta";"Sim";1;0;0;0;1;0;0;1;-27,489574;-48,655914;"SPRF-SC";"DEL01-SC";"UOP01-DEL01-SC"
454207;2022-06-06;"segunda-feira";"04:30:00";"RN";304;241,2;"RIACHUELO";"Animais na Pista";"Atropelamento de Animal";"Sem Vítimas";"Plena Noite";"Decrescente";"Ignorado";"Simples";"Reta";"Sim";2;0;0;0;2;0;0;1;-5,80747342;-35,82683444;"SPRF-RN";"DEL01-RN";"UOP02-DEL01-RN"
454209;2022-06-06;"segunda-feira";"04:50:00";"RS";386;378,1;"PAVERAMA";"Ausência de reação do condutor";"Saída de leito carroçável";"Sem Vítimas";"Plena Noite";"Decrescente";"Chuva";"Dupla";"Curva";"Não";1;0;0;0;0;1;0;1;-29,637205;-51,771885;"SPRF-RS";"DEL04-RS";"UOP02-DEL04-RS"
454211;2022-06-06;"segunda-feira";"02:00:00";"BA";330;790;"JEQUIE";"Velocidade Incompatível";"Capotamento";"Com Vítimas Feridas";"Plena Noite";"Crescente";"Céu Claro";"Simples";"Reta";"Não";2;0;1;0;1;0;1;1;-13,89884997;-40,01908984;"SPRF-BA";"DEL03-BA";"UOP01-DEL03-BA"
454212;2022-06-06;"segunda-feira";"04:50:00";"MG";381;784;"SAO GONCALO DO SAPUCAI";"Objeto estático sobre o leito carroçável";"Colisão com objeto";"Com Vítimas Feridas";"Plena Noite";"Decrescente";"Céu Claro";"Dupla";"Curva";"Não";1;0;1;0;0;0;1;1;-21,873726;-45,53992;"SPRF-MG";"DEL16-MG";"UOP02-DEL16-MG"
454213;2022-06-06;"segunda-feira";"06:35:00";"SC";101;208,5;"SAO JOSE";"Condutor deixou de manter distância do veículo da frente";"Queda de ocupante de veículo";"Com Vítimas Feridas";"Pleno dia";"Decrescente";"Garoa/Chuvisco";"Múltipla";"Reta";"Não";2;0;1;0;1;0;1;2;-27,60327979;-48,63201818;"SPRF-SC";"DEL01-SC";"UOP01-DEL01-SC"
454214;2022-06-05;"domingo";"20:15:00";"MG";381;246,4;"SANTANA DO PARAISO";"Pista em desnível";"Saída de leito carroçável";"Com Vítimas Feridas";"Plena Noite";"Decrescente";"Céu Claro";"Simples";"Curva";"Não";2;0;2;0;0;0;2;1;-19,45740746;-42,52499719;"SPRF-MG";"DEL06-MG";"UOP01-DEL06-MG"
454215;2022-06-06;"segunda-feira";"04:30:00";"MG";262;96;"ABRE CAMPO";"Ausência de reação do condutor";"Colisão com objeto";"Com Vítimas Feridas";"Amanhecer";"Decrescente";"Nevoeiro/Neblina";"Simples";"Desvio Temporário";"Sim";2;0;1;0;1;0;1;1;-20,295544;-42,48012;"SPRF-MG";"DEL03-MG";"UOP03-DEL03-MG"
454216;2022-06-06;"segunda-feira";"06:40:00";"SC";101;206;"SAO JOSE";"Reação tardia ou ineficiente do condutor";"Colisão traseira";"Com Vítimas Feridas";"Pleno dia";"Decrescente";"Céu Claro";"Múltipla";"Reta";"Sim";2;0;0;1;1;0;1;2;-27,59193546;-48,61824557;"SPRF-SC";"DEL01-SC";"UOP01-DEL01-SC"
454217;2022-06-06;"segunda-feira";"00:05:00";"SC";101;131,6;"BALNEARIO CAMBORIU";"Ausência de reação do condutor";"Colisão com objeto";"Sem Vítimas";"Plena Noite";"Decrescente";"Céu Claro";"Dupla";"Curva";"Sim";1;0;0;0;1;0;0;1;-26,99064209;-48,66310912;"SPRF-SC";"DEL04-SC";"UOP03-DEL04-SC"
454218;2022-06-06;"segunda-feira";"06:06:00";"PR";277;122;"CAMPO LARGO";"Animais na Pista";"Atropelamento de Animal";"Com Vítimas Feridas";"Amanhecer";"Decrescente";"Nevoeiro/Neblina";"Simples";"Reta";"Não";2;0;1;0;1;0;1;2;-25,45966603;-49,564991;"SPRF-PR";"DEL03-PR";"UOP03-DEL03-PR"
454219;2022-06-06;"segunda-feira";"04:20:00";"BA";324;583;"CANDEIAS";"Animais na Pista";"Atropelamento de Animal";"Com Vítimas Feridas";"Pleno dia";"Decrescente";"Chuva";"Dupla";"Reta";"Não";1;0;1;0;0;0;1;1;-12,6141891;-38,48700311;"SPRF-BA";"DEL01-BA";"UOP01-DEL01-BA"
454220;2022-06-06;"segunda-feira";"05:45:00";"MS";267;373,8;"MARACAJU";"Animais na Pista";"Atropelamento de Animal";"Com Vítimas Feridas";"Amanhecer";"Crescente";"Céu Claro";"Simples";"Reta";"Não";2;0;2;0;0;0;2;2;-21,65574903;-55,22374599;"SPRF-MS";"DEL05-MS";"UOP01-DEL05-MS"
454221;2022-06-05;"domingo";"19:00:00";"PA";316;18;"BENEVIDES";"Chuva";"Tombamento";"Com Vítimas Feridas";"Plena Noite";"Decrescente";"Garoa/Chuvisco";"Simples";"Desvio Temporário;Reta";"Sim";2;0;2;0;0;0;2;1;-1,36485638;-48,29643999;"SPRF-PA";"DEL01-PA";"UOP01-DEL01-PA"
454222;2022-06-05;"domingo";"22:40:00";"MG";116;504;"INHAPIM";"Ingestão de álcool pelo condutor";"Saída de leito carroçável";"Com Vítimas Feridas";"Plena Noite";"Crescente";"Nublado";"Simples";"Curva";"Não";3;0;2;0;0;1;2;2;-19,594446;-42,11241304;"SPRF-MG";"DEL06-MG";"UOP02-DEL06-MG"
454223;2022-06-06;"segunda-feira";"07:14:00";"ES";101;147;"LINHARES";"Reação tardia ou ineficiente do condutor";"Colisão traseira";"Com Vítimas Feridas";"Pleno dia";"Crescente";"Céu Claro";"Dupla";"Reta";"Sim";2;0;1;0;1;0;1;2;-19,37887202;-40,06657892;"SPRF-ES";"DEL04-ES";"UOP01-DEL04-ES"
454224;2022-06-06;"segunda-feira";"07:20:00";"RJ";465;10;"SEROPEDICA";"Ultrapassagem Indevida";"Colisão lateral mesmo sentido";"Com Vítimas Feridas";"Amanhecer";"Decrescente";"Céu Claro";"Simples";"Reta";"Não";4;0;1;0;3;0;1;3;-22,777218;-43,663025;"SPRF-RJ";"DEL01-RJ";"UOP03-DEL01-RJ"
454225;2022-06-06;"segunda-feira";"06:50:00";"RN";406;171;"SAO GONCALO DO AMARANTE";"Trafegar com motocicleta (ou similar) entre as faixas";"Colisão lateral mesmo sentido";"Com Vítimas Feridas";"Pleno dia";"Crescente";"Céu Claro";"Dupla";"Reta;Aclive";"Sim";4;0;3;1;0;0;4;2;-5,76172663;-35,29115323;"SPRF-RN";"DEL02-RN";"UOP01-DEL02-RN"
454227;2022-06-06;"segunda-feira";"07:20:00";"MA";135;11;"SAO LUIS";"Reação tardia ou ineficiente do condutor";"Tombamento";"Com Vítimas Feridas";"Amanhecer";"Decrescente";"Céu Claro";"Dupla";"Reta";"Sim";1;0;1;0;0;0;1;1;-2,664592;-44,286493;"SPRF-MA";"DEL01-MA";"UOP01-DEL01-MA"
454228;2022-06-06;"segunda-feira";"07:10:00";"PR";153;335;"IRATI";"Desrespeitar a preferência no cruzamento";"Colisão lateral sentido oposto";"Com Vítimas Feridas";"Pleno dia";"Decrescente";"Céu Claro";"Simples";"Interseção de Vias";"Não";2;0;0;1;1;0;1;2;-25,48894141;-50,64508883;"SPRF-PR";"DEL08-PR";"UOP02-DEL08-PR"
454231;2022-06-06;"segunda-feira";"07:00:00";"RJ";116;79;"TERESOPOLIS";"Pedestre cruzava a pista fora da faixa";"Atropelamento de Pedestre";"Com Vítimas Feridas";"Pleno dia";"Crescente";"Nublado";"Simples";"Curva";"Sim";2;0;2;0;0;0;2;2;-22,381704;-42,954777;"SPRF-RJ";"DEL04-RJ";"UOP01-DEL04-RJ"
454233;2022-06-06;"segunda-feira";"08:15:00";"SP";116;140;"SAO JOSE DOS CAMPOS";"Condutor deixou de manter distância do veículo da frente";"Colisão traseira";"Com Vítimas Feridas";"Pleno dia";"Decrescente";"Céu Claro";"Dupla";"Reta";"Não";4;0;2;0;2;0;2;2;-23,16577714;-45,81246193;"SPRF-SP";"DEL02-SP";"UOP01-DEL02-SP"
454234;2022-06-06;"segunda-feira";"08:15:00";"CE";116;6;"FORTALEZA";"Mal súbito do condutor";"Queda de ocupante de veículo";"Com Vítimas Feridas";"Pleno dia";"Decrescente";"Céu Claro";"Múltipla";"Reta";"Sim";1;0;1;0;0;0;1;1;-3,802624;-38,50400499;"SPRF-CE";"DEL01-CE";"UOP02-DEL01-CE"
454235;2022-06-06;"segunda-feira";"07:44:00";"PB";101;95;"CONDE";"Demais falhas mecânicas ou elétricas";"Incêndio";"Sem Vítimas";"Pleno dia";"Decrescente";"Céu Claro";"Dupla";"Aclive";"Não";1;0;0;0;0;1;0;1;-7,22379403;-34,91488195;"SPRF-PB";"DEL01-PB";"UOP02-DEL01-PB"
454236;2022-06-06;"segunda-feira";"07:30:00";"SC";101;339,2;"TUBARAO";"Reação tardia ou ineficiente do condutor";"Saída de leito carroçável";"Sem Vítimas";"Amanhecer";"Crescente";"Nublado";"Simples";"Reta";"Sim";1;0;0;0;0;1;0;1;-28,50618;-49,04965;"SPRF-SC";"DEL02-SC";"UOP01-DEL02-SC"
454238;2022-06-06;"segunda-feira";"00:30:00";"RJ";116;233,1;"PIRAI";"Pedestre andava na pista";"Atropelamento de Pedestre";"Com Vítimas Fatais";"Plena Noite";"Crescente";"Nevoeiro/Neblina";"Dupla";"Reta";"Não";2;1;0;0;0;1;0;2;-22,66355363;-43,84062168;"SPRF-RJ";"DEL07-RJ";"UOP01-DEL07-RJ"
454239;2022-06-06;"segunda-feira";"07:30:00";"MG";40;548,8;"NOVA LIMA";"Ausência de reação do condutor";"Engavetamento";"Com Vítimas Feridas";"Pleno dia";"Crescente";"Céu Claro";"Dupla";"Reta;Aclive";"Sim";6;0;2;0;4;0;2;3;-20,03136499;-43,96967792;"SPRF-MG";"DEL01-MG";"UOP02-DEL01-MG"
454240;2022-03-27;"domingo";"13:30:00";"PR";476;135;"CURITIBA";"Ingestão de álcool pelo condutor";"Queda de ocupante de veículo";"Com Vítimas Feridas";"Pleno dia";"Decrescente";"Céu Claro";"Dupla";"Reta";"Sim";1;0;1;0;0;0;1;1;-25,483786;-49,265808;"SPRF-PR";"DEL01-PR";"UOP03-DEL01-PR"
454241;2022-06-06;"segunda-feira";"08:05:00";"PB";101;85;"BAYEUX";"Demais falhas mecânicas ou elétricas";"Incêndio";"Sem Vítimas";"Pleno dia";"Crescente";"Garoa/Chuvisco";"Simples";"Interseção de Vias;Viaduto";"Sim";1;0;0;0;1;0;0;1;-7,14538184;-34,91662887;"SPRF-PB";"DEL01-PB";"UOP01-DEL01-PB"
454244;2022-06-06;"segunda-feira";"08:30:00";"CE";116;3;"FORTALEZA";"Manobra de mudança de faixa";"Colisão lateral mesmo sentido";"Com Vítimas Feridas";"Pleno dia";"Crescente";"Céu Claro";"Múltipla";"Reta";"Sim";2;0;1;0;0;1;1;2;-3,77866493;-38,51490171;"SPRF-CE";"DEL01-CE";"UOP02-DEL01-CE"
454245;2022-06-06;"segunda-feira";"06:50:00";"AL";424;103,7;"MARECHAL DEODORO";"Chuva";"Colisão com objeto";"Com Vítimas Fatais";"Pleno dia";"Decrescente";"Chuva";"Simples";"Rotatória";"Não";1;1;0;0;0;0;0;1;-9,67311078;-35,83848579;"SPRF-AL";"DEL02-AL";"UOP01-DEL02-AL"
454246;2022-06-06;"segunda-feira";"06:50:00";"PR";373;214;"IMBITUVA";"Ultrapassagem Indevida";"Colisão frontal";"Com Vítimas Feridas";"Amanhecer";"Decrescente";"Nevoeiro/Neblina";"Simples";"Reta";"Não";3;0;0;2;0;1;2;3;-25,15377373;-50,5231899;"SPRF-PR";"DEL03-PR";"UOP01-DEL03-PR"
454248;2022-06-06;"segunda-feira";"08:00:00";"MT";163;831,3;"SINOP";"Reação tardia ou ineficiente do condutor";"Queda de ocupante de veículo";"Com Vítimas Feridas";"Pleno dia";"Crescente";"Céu Claro";"Simples";"Reta";"Sim";1;0;1;0;0;0;1;1;-11,89383795;-55,50370954;"SPRF-MT";"DEL06-MT";"UOP01-DEL06-MT"
454249;2022-06-06;"segunda-feira";"09:25:00";"RJ";393;242;"VASSOURAS";"Acostamento em desnível";"Saída de leito carroçável";"Com Vítimas Feridas";"Pleno dia";"Decrescente";"Sol";"Simples";"Curva";"Não";2;0;1;0;1;0;1;1;-22,42556824;-43,6917998;"SPRF-RJ";"DEL05-RJ";"UOP04-DEL05-RJ"
454250;2022-06-06;"segunda-feira";"08:50:00";"RS";290;95;"PORTO ALEGRE";"Reação tardia ou ineficiente do condutor";"Colisão traseira";"Com Vítimas Feridas";"Pleno dia";"Crescente";"Garoa/Chuvisco";"Múltipla";"Reta";"Não";2;0;1;0;1;0;1;2;-29,982832;-51,201572;"SPRF-RS";"DEL01-RS";"UOP01-DEL01-RS"
454253;2022-06-06;"segunda-feira";"09:25:00";"SC";101;267;"PAULO LOPES";"Ausência de reação do condutor";"Saída de leito carroçável";"Com Vítimas Feridas";"Pleno dia";"Decrescente";"Céu Claro";"Dupla";"Reta";"Não";1;0;1;0;0;0;1;1;-28,07699803;-48,71234311;"SPRF-SC";"DEL02-SC";"UOP03-DEL02-SC"
454254;2022-05-02;"segunda-feira";"17:55:00";"SC";101;218;"PALHOCA";"Condutor deixou de manter distância do veículo da frente";"Colisão traseira";"Com Vítimas Feridas";"Anoitecer";"Crescente";"Chuva";"Dupla";"Reta";"Sim";2;0;1;0;0;1;1;2;-27,6758601;-48,67052525;"SPRF-SC";"DEL01-SC";"UOP02-DEL01-SC"
454259;2022-06-06;"segunda-feira";"09:45:00";"SC";101;331,6;"TUBARAO";"Desrespeitar a preferência no cruzamento";"Colisão transversal";"Sem Vítimas";"Pleno dia";"Crescente";"Chuva";"Simples";"Interseção de Vias";"Sim";2;0;0;0;2;0;0;2;-28,465975;-48,99593353;"SPRF-SC";"DEL02-SC";"UOP01-DEL02-SC"
454260;2022-06-06;"segunda-feira";"09:49:00";"PE";232;8,5;"JABOATAO DOS GUARARAPES";"Pista esburacada";"Queda de ocupante de veículo";"Com Vítimas Feridas";"Pleno dia";"Crescente";"Chuva";"Dupla";"Em Obras;Aclive";"Sim";1;0;0;1;0;0;1;1;-8,07583727;-34,97015791;"SPRF-PE";"DEL01-PE";"UOP01-DEL01-PE"
454261;2022-06-06;"segunda-feira";"10:10:00";"PE";428;192;"PETROLINA";"Condutor deixou de manter distância do veículo da frente";"Colisão traseira";"Sem Vítimas";"Pleno dia";"Crescente";"Céu Claro";"Dupla";"Reta";"Sim";3;0;0;0;3;0;0;3;-9,38677993;-40,52459674;"SPRF-PE";"DEL06-PE";"UOP01-DEL06-PE"
454262;2022-06-06;"segunda-feira";"08:50:00";"RR";401;1;"BOA VISTA";"Reação tardia ou ineficiente do condutor";"Colisão transversal";"Sem Vítimas";"Pleno dia";"Decrescente";"Garoa/Chuvisco";"Dupla";"Interseção de Vias";"Sim";3;0;0;0;3;0;0;2;2,80229396;-60,68243402;"SPRF-RR";"DEL01-RR";"UOP01-DEL01-RR"
454264;2022-06-06;"segunda-feira";"06:30:00";"PB";412;56,4;"SAO JOAO DO CARIRI";"Ingestão de álcool pelo condutor";"Colisão traseira";"Com Vítimas Feridas";"Pleno dia";"Decrescente";"Garoa/Chuvisco";"Simples";"Reta";"Sim";9;0;7;0;2;0;7;2;-7,38871;-36,529026;"SPRF-PB";"DEL02-PB";"UOP02-DEL02-PB"
454265;2022-06-06;"segunda-feira";"11:19:00";"PE";232;180,1;"BELO JARDIM";"Pista Escorregadia";"Queda de ocupante de veículo";"Com Vítimas Feridas";"Pleno dia";"Decrescente";"Chuva";"Simples";"Reta";"Sim";1;0;1;0;0;0;1;1;-8,34449745;-36,4288801;"SPRF-PE";"DEL03-PE";"UOP02-DEL03-PE"
454266;2022-06-06;"segunda-feira";"09:45:00";"BA";324;543,1;"AMELIA RODRIGUES";"Frear bruscamente";"Saída de leito carroçável";"Com Vítimas Feridas";"Pleno dia";"Decrescente";"Nublado";"Dupla";"Rotatória";"Sim";1;0;1;0;0;0;1;1;-12,39713005;-38,76807002;"SPRF-BA";"DEL01-BA";"UOP03-DEL01-BA"
454271;2022-06-06;"segunda-feira";"11:53:00";"MG";40;773,1;"JUIZ DE FORA";"Reação tardia ou ineficiente do condutor";"Saída de leito carroçável";"Com Vítimas Feridas";"Pleno dia";"Decrescente";"Céu Claro";"Dupla";"Reta";"Sim";2;0;1;0;0;1;1;2;-21,62581762;-43,45044987;"SPRF-MG";"DEL05-MG";"UOP01-DEL05-MG"
454272;2022-06-06;"segunda-feira";"11:46:00";"ES";262;104;"VENDA NOVA DO IMIGRANTE";"Reação tardia ou ineficiente do condutor";"Queda de ocupante de veículo";"Com Vítimas Feridas";"Pleno dia";"Decrescente";"Céu Claro";"Simples";"Reta";"Sim";1;0;1;0;0;0;1;1;-20,33302593;-41,12931881;"SPRF-ES";"DEL01-ES";"UOP02-DEL01-ES"
454277;2022-06-06;"segunda-feira";"11:20:00";"SC";282;149;"BOM RETIRO";"Condutor Dormindo";"Saída de leito carroçável";"Com Vítimas Feridas";"Pleno dia";"Crescente";"Chuva";"Simples";"Curva";"Não";1;0;1;0;0;0;1;1;-27,775295;-49,655903;"SPRF-SC";"DEL05-SC";"UOP01-DEL05-SC"
454278;2022-06-06;"segunda-feira";"10:52:00";"RO";364;235,7;"CACOAL";"Manobra de mudança de faixa";"Colisão transversal";"Com Vítimas Feridas";"Pleno dia";"Crescente";"Sol";"Simples";"Reta;Interseção de Vias";"Sim";2;0;1;0;1;0;1;2;-11,44612;-61,436155;"SPRF-RO";"DEL02-RO";"UOP02-DEL02-RO"
454279;2022-06-06;"segunda-feira";"10:20:00";"SE";101;93;"NOSSA SENHORA DO SOCORRO";"Pedestre cruzava a pista fora da faixa";"Atropelamento de Pedestre";"Com Vítimas Feridas";"Pleno dia";"Crescente";"Céu Claro";"Dupla";"Reta";"Sim";2;0;1;0;1;0;1;2;-10,90212319;-37,14494787;"SPRF-SE";"DEL01-SE";"UOP01-DEL01-SE"
454280;2022-06-06;"segunda-feira";"08:00:00";"BA";101;445;"UBAITABA";"Acessar a via sem observar a presença dos outros veículos";"Colisão transversal";"Com Vítimas Feridas";"Pleno dia";"Crescente";"Céu Claro";"Simples";"Reta";"Sim";2;0;1;0;0;1;1;2;-14,30977158;-39,32014188;"SPRF-BA";"DEL05-BA";"UOP01-DEL05-BA"
454281;2022-06-06;"segunda-feira";"06:35:00";"RO";364;616;"ITAPUA DO OESTE";"Transitar na contramão";"Colisão frontal";"Com Vítimas Fatais";"Amanhecer";"Decrescente";"Céu Claro";"Simples";"Curva";"Não";7;2;2;3;0;0;5;2;-9,114345;-63,265989;"SPRF-RO";"DEL01-RO";"UOP04-DEL01-RO"
454282;2022-06-06;"segunda-feira";"11:20:00";"PE";101;42,6;"IGARASSU";"Manobra de mudança de faixa";"Colisão lateral mesmo sentido";"Com Vítimas Feridas";"Pleno dia";"Crescente";"Chuva";"Múltipla";"Reta";"Sim";3;0;1;0;2;0;1;2;-7,844352;-34,91053;"SPRF-PE";"DEL01-PE";"UOP02-DEL01-PE"
454283;2022-03-17;"quinta-feira";"12:44:00";"ES";101;95;"JAGUARE";"Acessar a via sem observar a presença dos outros veículos";"Colisão transversal";"Com Vítimas Feridas";"Pleno dia";"Decrescente";"Céu Claro";"Simples";"Reta";"Não";4;0;1;2;0;1;3;3;-18,93905359;-39,97576585;"SPRF-ES";"DEL04-ES";"UOP02-DEL04-ES"
454286;2022-01-25;"terça-feira";"20:35:00";"PR";158;387,2;"MARQUINHO";"Restrição de visibilidade em curvas verticais";"Colisão transversal";"Com Vítimas Feridas";"Plena Noite";"Decrescente";"Céu Claro";"Simples";"Reta;Declive";"Não";3;0;0;2;1;0;2;2;-25,25789291;-52,28442907;"SPRF-PR";"DEL04-PR";"UOP02-DEL04-PR"
454287;2022-06-06;"segunda-feira";"12:00:00";"PR";376;4,5;"APUCARANA";"Conversão proibida";"Colisão lateral mesmo sentido";"Com Vítimas Feridas";"Pleno dia";"Crescente";"Céu Claro";"Dupla";"Reta";"Não";2;0;1;0;1;0;1;2;-23,55268714;-51,4475584;"SPRF-PR";"DEL07-PR";"UOP03-DEL07-PR"
454288;2022-06-06;"segunda-feira";"12:50:00";"MS";163;485;"CAMPO GRANDE";"Ausência de reação do condutor";"Tombamento";"Com Vítimas Feridas";"Pleno dia";"Crescente";"Céu Claro";"Simples";"Reta";"Sim";2;0;1;0;0;1;1;2;-20,44233707;-54,54201834;"SPRF-MS";"DEL01-MS";"UOP02-DEL01-MS"
454289;2022-06-06;"segunda-feira";"13:00:00";"SC";101;141;"BALNEARIO CAMBORIU";"Ingestão de álcool pelo condutor";"Colisão lateral mesmo sentido";"Com Vítimas Feridas";"Pleno dia";"Decrescente";"Nublado";"Dupla";"Curva";"Não";2;0;1;0;1;0;1;2;-27,04761729;-48,59995855;"SPRF-SC";"DEL04-SC";"UOP03-DEL04-SC"
454290;2022-04-20;"quarta-feira";"05:10:00";"ES";259;8,3;"JOAO NEIVA";"Ausência de reação do condutor";"Saída de leito carroçável";"Com Vítimas Fatais";"Amanhecer";"Crescente";"Nublado";"Simples";"Reta";"Não";2;1;0;0;1;0;0;1;-19,68073376;-40,39141693;"SPRF-ES";"DEL02-ES";"UOP01-DEL02-ES"
454291;2022-06-06;"segunda-feira";"13:10:00";"RJ";101;207,9;"CASIMIRO DE ABREU";"Avarias e/ou desgaste excessivo no pneu";"Tombamento";"Com Vítimas Feridas";"Pleno dia";"Crescente";"Céu Claro";"Simples";"Reta";"Não";2;0;2;0;0;0;2;1;-22,4776458;-42,21127001;"SPRF-RJ";"DEL08-RJ";"UOP04-DEL08-RJ"
454292;2022-06-06;"segunda-feira";"06:30:00";"RS";158;327;"SANTA MARIA";"Ausência de reação do condutor";"Saída de leito carroçável";"Sem Vítimas";"Pleno dia";"Decrescente";"Chuva";"Simples";"Curva";"Sim";1;0;0;0;0;1;0;1;-29,714945;-53,81083;"SPRF-RS";"DEL09-RS";"UOP01-DEL09-RS"
454294;2022-06-06;"segunda-feira";"12:50:00";"RS";392;296,4;"SAO SEPE";"Acessar a via sem observar a presença dos outros veículos";"Colisão transversal";"Com Vítimas Feridas";"Pleno dia";"Decrescente";"Nublado";"Simples";"Reta";"Sim";5;0;1;0;4;0;1;2;-30,172483;-53,5782;"SPRF-RS";"DEL09-RS";"UOP01-DEL09-RS"
454295;2022-06-06;"segunda-feira";"13:30:00";"RS";158;160,5;"PANAMBI";"Chuva";"Saída de leito carroçável";"Com Vítimas Feridas";"Pleno dia";"Decrescente";"Chuva";"Simples";"Reta";"Não";1;0;1;0;0;0;1;1;-28,36064095;-53,50272345;"SPRF-RS";"DEL10-RS";"UOP02-DEL10-RS"