"id";"data_inversa";"dia_semana";"horario";"uf";"br";"km";"municipio";"causa_acidente";"tipo_acidente";"classificacao_acidente";"fase_dia";"sentido_via";"condicao_metereologica";"tipo_pista";"tracado_via";"uso_solo";"pessoas";"mortos";"feridos_leves";"feridos_graves";"ilesos";"ignorados";"feridos";"veiculos";"latitude";"longitude";"regional";"delegacia";"uop"
454404;2022-06-07;"terça-feira";"06:30:00";"SP";116;228;"SAO PAULO";"Ausência de reação do condutor";"Colisão lateral mesmo sentido";"Com Vítimas Feridas";"Pleno dia";"Crescente";"Céu Claro";"Múltipla";"Reta";"Sim";3;0;1;0;2;0;1;2;-23,50343484;-46,56638712;"SPRF-SP";"DEL01-SP";"UOP01-DEL01-SP"
454405;2022-06-07;"terça-feira";"06:45:00";"PR";116;210;"RIO NEGRO";"Desrespeitar a preferência no cruzamento";"Colisão frontal";"Com Vítimas Feridas";"Pleno dia";"Decrescente";"Chuva";"Simples";"Interseção de Vias;Reta";"Sim";2;0;1;0;1;0;1;2;-26,07479435;-49,76117178;"SPRF-SC";"DEL06-SC";"UOP01-DEL06-SC"
454407;2022-06-07;"terça-feira";"06:45:00";"PR";277;2,3;"PARANAGUA";"Chuva";"Tombamento";"Com Vítimas Feridas";"Amanhecer";"Crescente";"Chuva";"Simples";"Curva";"Não";1;0;1;0;0;0;1;1;-25,535937;-48,555731;"SPRF-PR";"DEL01-PR";"UOP05-DEL01-PR"
454410;2022-06-07;"terça-feira";"07:10:00";"MG";40;466;"SETE LAGOAS";"Reação tardia ou ineficiente do condutor";"Colisão traseira";"Com Vítimas Feridas";"Pleno dia";"Decrescente";"Céu Claro";"Dupla";"Reta";"Não";2;0;0;1;1;0;1;2;-19,44436025;-44,32384821;"SPRF-MG";"DEL02-MG";"UOP01-DEL02-MG"
454411;2022-06-07;"terça-feira";"06:50:00";"ES";101;150;"LINHARES";"Condutor deixou de manter distância do veículo da frente";"Colisão traseira";"Com Vítimas Feridas";"Pleno dia";"Crescente";"Céu Claro";"Dupla";"Declive";"Sim";3;0;2;0;1;0;2;2;-19,40436634;-40,06078896;"SPRF-ES";"DEL04-ES";"UOP01-DEL04-ES"
454413;2022-06-07;"terça-feira";"07:20:00";"MG";40;517;"CONTAGEM";"Ausência de reação do condutor";"Colisão traseira";"Com Vítimas Feridas";"Pleno dia";"Crescente";"Céu Claro";"Dupla";"Curva";"Sim";2;0;0;1;1;0;1;2;-19,82351202;-44,08438913;"SPRF-MG";"DEL01-MG";"UOP02-DEL01-MG"
454414;2022-06-07;"terça-feira";"08:01:00";"SC";116;5,5;"MAFRA";"Acessar a via sem observar a presença dos outros veículos";"Colisão transversal";"Com Vítimas Feridas";"Pleno dia";"Decrescente";"Chuva";"Simples";"Rotatória;Interseção de Vias";"Não";2;0;1;0;1;0;1;2;-26,14094396;-49,81508303;"SPRF-SC";"DEL06-SC";"UOP01-DEL06-SC"
454415;2022-06-07;"terça-feira";"07:25:00";"MG";262;194,7;"JOAO MONLEVADE";"Pista esburacada";"Queda de ocupante de veículo";"Com Vítimas Feridas";"Pleno dia";"Decrescente";"Nevoeiro/Neblina";"Simples";"Curva";"Não";1;0;1;0;0;0;1;1;-19,86089185;-43,09769902;"SPRF-MG";"DEL03-MG";"UOP01-DEL03-MG"
454416;2022-06-07;"terça-feira";"08:00:00";"MG";40;43;"PARACATU";"Condutor deixou de manter distância do veículo da frente";"Tombamento";"Com Vítimas Feridas";"Pleno dia";"Crescente";"Céu Claro";"Simples";"Reta";"Sim";1;0;1;0;0;0;1;1;-17,22598002;-46,86163701;"SPRF-MG";"DEL14-MG";"UOP01-DEL14-MG"
454417;2022-06-07;"terça-feira";"08:00:00";"PB";101;89;"JOAO PESSOA";"Pista em desnível";"Tombamento";"Com Vítimas Feridas";"Pleno dia";"Decrescente";"Nublado";"Simples";"Reta";"Sim";1;0;1;0;0;0;1;1;-7,1710694;-34,89765372;"SPRF-PB";"DEL01-PB";"UOP02-DEL01-PB"
454420;2022-06-07;"terça-feira";"08:50:00";"PB";230;21;"JOAO PESSOA";"Trafegar com motocicleta (ou similar) entre as faixas";"Tombamento";"Com Vítimas Feridas";"Pleno dia";"Decrescente";"Nublado";"Dupla";"Curva";"Sim";1;0;1;0;0;0;1;1;-7,1415;-34,8519;"SPRF-PB";"DEL01-PB";"UOP01-DEL01-PB"
454421;2022-06-07;"terça-feira";"07:30:00";"SC";101;114;"ITAJAI";"Reação tardia ou ineficiente do condutor";"Tombamento";"Com Vítimas Feridas";"Pleno dia";"Crescente";"Chuva";"Múltipla";"Reta";"Sim";1;0;1;0;0;0;1;1;-26,86192886;-48,7286704;"SPRF-SC";"DEL04-SC";"UOP04-DEL04-SC"
454424;2022-06-07;"terça-feira";"08:30:00";"RS";285;240;"CIRIACO";"Ausência de reação do condutor";"Saída de leito carroçável";"Sem Vítimas";"Amanhecer";"Decrescente";"Chuva";"Simples";"Curva";"Não";1;0;0;0;0;1;0;1;-28,257875;-51,876423;"SPRF-RS";"DEL08-RS";"UOP03-DEL08-RS"
454426;2022-06-07;"terça-feira";"09:05:00";"SP";153;115,8;"UBARANA";"Reação tardia ou ineficiente do condutor";"Tombamento";"Com Vítimas Feridas";"Pleno dia";"Crescente";"Céu Claro";"Simples";"Reta";"Sim";1;0;1;0;0;0;1;1;-21,12936492;-49,69487819;"SPRF-SP";"DEL09-SP";"UOP01-DEL09-SP"
454427;2022-06-07;"terça-feira";"09:00:00";"SP";116;228;"SAO PAULO";"Reação tardia ou ineficiente do condutor";"Queda de ocupante de veículo";"Com Vítimas Feridas";"Pleno dia";"Decrescente";"Céu Claro";"Múltipla";"Reta";"Sim";1;0;1;0;0;0;1;1;-23,50343484;-46,56638712;"SPRF-SP";"DEL01-SP";"UOP01-DEL01-SP"
454428;2022-06-07;"terça-feira";"09:10:00";"MG";381;2;"BETIM";"Condutor deixou de manter distância do veículo da frente";"Colisão traseira";"Com Vítimas Feridas";"Pleno dia";"Crescente";"Céu Claro";"Dupla";"Reta";"Sim";2;0;0;1;1;0;1;2;-19,97570831;-44,19585228;"SPRF-MG";"DEL01-MG";"UOP03-DEL01-MG"
454429;2022-06-07;"terça-feira";"09:15:00";"RS";290;720;"URUGUAIANA";"Ausência de reação do condutor";"Saída de leito carroçável";"Com Vítimas Feridas";"Pleno dia";"Crescente";"Garoa/Chuvisco";"Simples";"Curva";"Sim";1;0;1;0;0;0;1;1;-29,766502;-57,058228;"SPRF-RS";"DEL13-RS";"UOP01-DEL13-RS"
454433;2022-06-07;"terça-feira";"09:00:00";"SP";381;33;"ATIBAIA";"Curva acentuada";"Saída de leito carroçável";"Com Vítimas Feridas";"Pleno dia";"Decrescente";"Céu Claro";"Dupla";"Curva";"Sim";4;0;4;0;0;0;4;1;-23,088586;-46,571798;"SPRF-SP";"DEL03-SP";"UOP01-DEL03-SP"
454434;2022-02-25;"sexta-feira";"07:40:00";"RJ";116;182;"NOVA IGUACU";"Ausência de reação do condutor";"Colisão traseira";"Com Vítimas Feridas";"Pleno dia";"Decrescente";"Céu Claro";"Dupla";"Reta";"Sim";2;0;1;0;0;1;1;2;-22,7567755;-43,43107234;"SPRF-RJ";"DEL01-RJ";"UOP02-DEL01-RJ"
454435;2022-04-27;"quarta-feira";"18:20:00";"PR";369;137,7;"IBIPORA";"Acessar a via sem observar a presença dos outros veículos";"Colisão transversal";"Com Vítimas Feridas";"Pleno dia";"Crescente";"Céu Claro";"Simples";"Reta";"Sim";2;0;1;0;0;1;1;2;-23,27098349;-51,0482794;"SPRF-PR";"DEL07-PR";"UOP01-DEL07-PR"
454437;2022-06-07;"terça-feira";"08:50:00";"BA";116;12,3;"VITORIA DA CONQUISTA";"Problema com o freio";"Colisão com objeto";"Com Vítimas Feridas";"Pleno dia";"Crescente";"Sol";"Simples";"Reta";"Sim";1;0;1;0;0;0;1;1;-14,851;-40,8485;"SPRF-BA";"DEL08-BA";"UOP01-DEL08-BA"
454440;2022-06-07;"terça-feira";"06:50:00";"BA";420;346;"JAGUAQUARA";"Velocidade Incompatível";"Saída de leito carroçável";"Com Vítimas Feridas";"Pleno dia";"Crescente";"Nevoeiro/Neblina";"Simples";"Curva";"Não";1;0;0;1;0;0;1;1;-13,50953396;-40,00386;"SPRF-BA";"DEL03-BA";"UOP01-DEL03-BA"
454441;2022-06-07;"terça-feira";"10:45:00";"PR";116;39,5;"CAMPINA GRANDE DO SUL";"Velocidade Incompatível";"Colisão com objeto";"Com Vítimas Feridas";"Pleno dia";"Crescente";"Chuva";"Dupla";"Curva";"Não";2;0;1;0;1;0;1;1;-25,156168;-48,8613401;"SPRF-PR";"DEL01-PR";"UOP02-DEL01-PR"
454442;2022-05-03;"terça-feira";"10:20:00";"RN";101;38;"MAXARANGUAPE";"Ausência de reação do condutor";"Saída de leito carroçável";"Com Vítimas Feridas";"Pleno dia";"Crescente";"Céu Claro";"Simples";"Reta";"Não";2;0;2;0;0;0;2;1;-5,43263703;-35,34656373;"SPRF-RN";"DEL02-RN";"UOP01-DEL02-RN"
454443;2022-06-07;"terça-feira";"09:40:00";"RJ";116;330;"RESENDE";"Reação tardia ou ineficiente do condutor";"Saída de leito carroçável";"Sem Vítimas";"Pleno dia";"Decrescente";"Céu Claro";"Dupla";"Curva";"Não";2;0;0;0;2;0;0;1;-22,50454219;-44,61629;"SPRF-RJ";"DEL07-RJ";"UOP02-DEL07-RJ"
454444;2022-06-05;"domingo";"06:00:00";"BA";135;138;"RIACHAO DAS NEVES";"Ingestão de álcool pelo condutor";"Saída de leito carroçável";"Com Vítimas Feridas";"Amanhecer";"Crescente";"Céu Claro";"Simples";"Reta";"Não";1;0;0;1;0;0;1;1;-11,789316;-44,889141;"SPRF-BA";"DEL10-BA";"UOP01-DEL10-BA"
454445;2022-06-06;"segunda-feira";"00:03:00";"RO";435;123;"CEREJEIRAS";"Ingestão de álcool pelo condutor";"Colisão com objeto";"Com Vítimas Feridas";"Plena Noite";"Decrescente";"Céu Claro";"Dupla";"Reta";"Sim";3;0;2;0;1;0;2;1;-13,18889171;-60,808424;"SPRF-RO";"DEL04-RO";"UOP02-DEL04-RO"
454447;2022-06-07;"terça-feira";"11:00:00";"SP";116;555;"BARRA DO TURVO";"Ausência de reação do condutor";"Saída de leito carroçável";"Com Vítimas Feridas";"Pleno dia";"Decrescente";"Chuva";"Simples";"Curva";"Não";1;0;1;0;0;0;1;1;-24,97447301;-48,504597;"SPRF-SP";"DEL05-SP";"UOP02-DEL05-SP"
454448;2022-06-07;"terça-feira";"10:55:00";"CE";222;224,9;"SOBRAL";"Condutor deixou de manter distância do veículo da frente";"Colisão traseira";"Com Vítimas Feridas";"Pleno dia";"Crescente";"Céu Claro";"Simples";"Ponte";"Não";3;0;1;0;1;1;1;3;-3,71179812;-40,34380504;"SPRF-CE";"DEL04-CE";"UOP01-DEL04-CE"
454449;2022-03-28;"segunda-feira";"20:35:00";"MG";251;425;"GRAO MOGOL";"Ausência de reação do condutor";"Queda de ocupante de veículo";"Com Vítimas Feridas";"Plena Noite";"Crescente";"Ignorado";"Simples";"Reta";"Não";1;0;1;0;0;0;1;1;-16,32542814;-43,12377194;"SPRF-MG";"DEL12-MG";"UOP01-DEL12-MG"
454450;2022-06-07;"terça-feira";"12:00:00";"PB";101;83;"BAYEUX";"Ausência de reação do condutor";"Engavetamento";"Sem Vítimas";"Pleno dia";"Decrescente";"Céu Claro";"Dupla";"Viaduto";"Sim";4;0;0;0;4;0;0;4;-7,13349124;-34,92973208;"SPRF-PB";"DEL01-PB";"UOP01-DEL01-PB"
454451;2022-06-07;"terça-feira";"11:45:00";"GO";153;61;"PORANGATU";"Reação tardia ou ineficiente do condutor";"Queda de ocupante de veículo";"Com Vítimas Feridas";"Pleno dia";"Decrescente";"Céu Claro";"Simples";"Reta";"Não";1;0;0;1;0;0;1;1;-13,364126;-49,124855;"SPRF-GO";"DEL07-GO";"UOP01-DEL07-GO"
454452;2022-06-07;"terça-feira";"12:00:00";"PE";407;120,9;"PETROLINA";"Ausência de reação do condutor";"Colisão frontal";"Com Vítimas Fatais";"Pleno dia";"Decrescente";"Céu Claro";"Simples";"Reta";"Não";3;2;0;0;0;1;0;2;-9,33807091;-40,55965785;"SPRF-PE";"DEL06-PE";"UOP01-DEL06-PE"
454454;2022-06-07;"terça-feira";"11:41:00";"SC";101;333,7;"TUBARAO";"Acessar a via sem observar a presença dos outros veículos";"Colisão transversal";"Com Vítimas Feridas";"Pleno dia";"Crescente";"Chuva";"Simples";"Rotatória;Viaduto";"Sim";2;0;1;0;1;0;1;2;-28,46630107;-48,99653096;"SPRF-SC";"DEL02-SC";"UOP01-DEL02-SC"
454455;2022-06-07;"terça-feira";"10:50:00";"PA";155;94;"XINGUARA";"Ausência de reação do condutor";"Colisão traseira";"Com Vítimas Feridas";"Pleno dia";"Crescente";"Céu Claro";"Simples";"Reta";"Não";2;0;1;0;1;0;1;2;-7,228327;-50,004854;"SPRF-PA";"DEL03-PA";"UOP01-DEL03-PA"
454456;2022-06-07;"terça-feira";"13:00:00";"RS";386;33,4;"FREDERICO WESTPHALEN";"Pedestre cruzava a pista fora da faixa";"Atropelamento de Pedestre";"Com Vítimas Feridas";"Pleno dia";"Crescente";"Céu Claro";"Simples";"Reta";"Sim";2;0;2;0;0;0;2;2;-27,35417983;-53,38668257;"SPRF-RS";"DEL08-RS";"UOP02-DEL08-RS"
454461;2022-06-07;"terça-feira";"12:30:00";"RO";364;710;"PORTO VELHO";"Ausência de reação do condutor";"Colisão traseira";"Com Vítimas Feridas";"Pleno dia";"Decrescente";"Céu Claro";"Dupla";"Retorno Regulamentado";"Sim";2;0;0;1;1;0;1;2;-8,7770354;-63,87316466;"SPRF-RO";"DEL01-RO";"UOP01-DEL01-RO"
454463;2022-06-07;"terça-feira";"11:20:00";"MG";381;437;"SABARA";"Condutor deixou de manter distância do veículo da frente";"Colisão traseira";"Com Vítimas Feridas";"Pleno dia";"Crescente";"Sol";"Simples";"Reta";"Sim";2;0;1;0;1;0;1;2;-19,80933086;-43,76826997;"SPRF-MG";"DEL01-MG";"UOP01-DEL01-MG"
454464;2022-03-19;"sábado";"23:30:00";"RN";101;95;"NATAL";"Condutor deixou de manter distância do veículo da frente";"Colisão lateral mesmo sentido";"Com Vítimas Feridas";"Plena Noite";"Decrescente";"Céu Claro";"Dupla";"Reta";"Sim";2;0;2;0;0;0;2;2;-5,84076841;-35,21035949;"SPRF-RN";"DEL01-RN";"UOP01-DEL01-RN"
454465;2022-06-07;"terça-feira";"13:45:00";"PR";376;590;"CURITIBA";"Manobra de mudança de faixa";"Colisão lateral mesmo sentido";"Com Vítimas Feridas";"Pleno dia";"Decrescente";"Garoa/Chuvisco";"Dupla";"Reta";"Sim";2;0;1;0;1;0;1;2;-25,45155592;-49,36237578;"SPRF-PR";"DEL01-PR";"UOP06-DEL01-PR"
454466;2022-06-07;"terça-feira";"06:55:00";"PR";369;33,5;"CAMBARA";"Velocidade Incompatível";"Capotamento";"Com Vítimas Feridas";"Pleno dia";"Crescente";"Céu Claro";"Simples";"Curva";"Não";2;0;1;1;0;0;2;1;-23,032121;-50,205416;"SPRF-PR";"DEL07-PR";"UOP01-DEL07-PR"
454468;2022-06-07;"terça-feira";"12:55:00";"SC";101;215;"PALHOCA";"Ausência de reação do condutor";"Queda de ocupante de veículo";"Com Vítimas Feridas";"Pleno dia";"Crescente";"Garoa/Chuvisco";"Múltipla";"Reta;Aclive;Interseção de Vias";"Sim";1;0;1;0;0;0;1;1;-27,65184843;-48,67604941;"SPRF-SC";"DEL01-SC";"UOP02-DEL01-SC"
454469;2022-06-07;"terça-feira";"10:20:00";"MT";174;527;"COMODORO";"Ausência de reação do condutor";"Colisão com objeto";"Com Vítimas Feridas";"Pleno dia";"Crescente";"Céu Claro";"Simples";"Declive";"Não";1;0;1;0;0;0;1;1;-13,30235392;-59,87223622;"SPRF-MT";"DEL04-MT";"UOP01-DEL04-MT"
454470;2022-06-07;"terça-feira";"14:55:00";"BA";116;480;"RAFAEL JAMBEIRO";"Carga excessiva e/ou mal acondicionada";"Saída de leito carroçável";"Com Vítimas Feridas";"Pleno dia";"Decrescente";"Céu Claro";"Dupla";"Reta";"Não";2;0;1;0;1;0;1;1;-12,50882144;-39,36815079;"SPRF-BA";"DEL02-BA";"UOP01-DEL02-BA"
454473;2022-06-07;"terça-feira";"15:00:00";"ES";101;289,1;"CARIACICA";"Ausência de reação do condutor";"Queda de ocupante de veículo";"Com Vítimas Feridas";"Pleno dia";"Decrescente";"Céu Claro";"Dupla";"Reta;Declive";"Sim";2;0;1;0;1;0;1;1;-20,28175201;-40,39317727;"SPRF-ES";"DEL01-ES";"UOP01-DEL01-ES"
454474;2022-06-07;"terça-feira";"14:10:00";"RN";101;94;"NATAL";"Ultrapassagem Indevida";"Colisão lateral mesmo sentido";"Com Vítimas Feridas";"Pleno dia";"Crescente";"Céu Claro";"Simples";"Aclive;Curva";"Sim";3;0;2;0;0;1;2;2;-5,8317661541;-35,2119134183;"SPRF-RN";"DEL01-RN";"UOP01-DEL01-RN"
454475;2022-06-07;"terça-feira";"14:45:00";"PB";230;157,1;"CAMPINA GRANDE";"Acessar a via sem observar a presença dos outros veículos";"Colisão transversal";"Com Vítimas Feridas";"Pleno dia";"Decrescente";"Sol";"Simples";"Reta";"Sim";3;0;2;0;1;0;2;2;-7,264;-35,9199;"SPRF-PB";"DEL02-PB";"UOP01-DEL02-PB"
454476;2022-06-07;"terça-feira";"09:30:00";"PI";135;416;"REDENCAO DO GURGUEIA";"Ausência de reação do condutor";"Saída de leito carroçável";"Com Vítimas Feridas";"Pleno dia";"Decrescente";"Céu Claro";"Simples";"Reta";"Não";1;0;1;0;0;0;1;1;-9,46839554;-44,67027195;"SPRF-PI";"DEL03-PI";"UOP02-DEL03-PI"
454478;2022-06-07;"terça-feira";"15:25:00";"RS";116;270;"CANOAS";"Condutor deixou de manter distância do veículo da frente";"Colisão traseira";"Com Vítimas Feridas";"Pleno dia";"Crescente";"Céu Claro";"Dupla";"Reta";"Sim";3;0;1;1;1;0;2;2;-29,96839095;-51,17623895;"SPRF-RS";"DEL01-RS";"UOP01-DEL01-RS"
454481;2022-06-07;"terça-feira";"15:06:00";"PE";408;93;"SAO LOURENCO DA MATA";"Entrada inopinada do pedestre";"Atropelamento de Pedestre";"Com Vítimas Feridas";"Pleno dia";"Crescente";"Céu Claro";"Dupla";"Reta";"Sim";2;0;1;0;1;0;1;2;-8,00201425;-35,05473707;"SPRF-PE";"DEL01-PE";"UOP01-DEL01-PE"
454482;2022-06-07;"terça-feira";"14:45:00";"PA";316;19;"BENEVIDES";"Acumulo de areia ou detritos sobre o pavimento";"Colisão traseira";"Com Vítimas Feridas";"Pleno dia";"Decrescente";"Nublado";"Dupla";"Reta";"Sim";2;0;1;0;1;0;1;2;-1,3642339;-48,266582;"SPRF-PA";"DEL01-PA";"UOP01-DEL01-PA"
454484;2022-06-07;"terça-feira";"13:50:00";"MG";116;424;"GOVERNADOR VALADARES";"Acesso irregular";"Colisão transversal";"Com Vítimas Feridas";"Pleno dia";"Decrescente";"Céu Claro";"Simples";"Reta";"Não";2;0;2;0;0;0;2;2;-18,95689528;-41,96500492;"SPRF-MG";"DEL06-MG";"UOP01-DEL06-MG"
454485;2022-06-07;"terça-feira";"16:05:00";"PR";116;4;"CAMPINA GRANDE DO SUL";"Velocidade Incompatível";"Colisão com objeto";"Com Vítimas Feridas";"Pleno dia";"Decrescente";"Garoa/Chuvisco";"Dupla";"Curva";"Não";2;0;2;0;0;0;2;1;-25,07606967;-48,5937452;"SPRF-PR";"DEL01-PR";"UOP02-DEL01-PR"
454489;2022-02-06;"domingo";"21:30:00";"MG";116;276;"TEOFILO OTONI";"Ingestão de álcool pelo condutor";"Queda de ocupante de veículo";"Com Vítimas Feridas";"Plena Noite";"Decrescente";"Chuva";"Simples";"Reta;Aclive";"Sim";1;0;0;1;0;0;1;1;-17,85105696;-41,51454492;"SPRF-MG";"DEL11-MG";"UOP01-DEL11-MG"
454490;2022-06-07;"terça-feira";"16:30:00";"MG";381;486,4;"BETIM";"Velocidade Incompatível";"Tombamento";"Com Vítimas Feridas";"Pleno dia";"Decrescente";"Céu Claro";"Dupla";"Curva;Declive";"Sim";1;0;1;0;0;0;1;1;-19,95609;-44,10958;"SPRF-MG";"DEL01-MG";"UOP03-DEL01-MG"
454492;2022-06-07;"terça-feira";"17:00:00";"PR";116;7;"CAMPINA GRANDE DO SUL";"Pista Escorregadia";"Colisão com objeto";"Com Vítimas Feridas";"Anoitecer";"Crescente";"Chuva";"Dupla";"Curva";"Sim";3;0;2;0;1;0;2;1;-25,08235366;-48,61499799;"SPRF-PR";"DEL01-PR";"UOP02-DEL01-PR"
454493;2022-06-07;"terça-feira";"16:55:00";"DF";70;7;"BRASILIA";"Acessar a via sem observar a presença dos outros veículos";"Colisão traseira";"Com Vítimas Feridas";"Pleno dia";"Decrescente";"Céu Claro";"Dupla";"Reta";"Sim";2;0;2;0;0;0;2;2;-15,787601;-48,114429;"SPRF-DF";"DEL03-DF";"UOP02-DEL03-DF"
454494;2022-06-07;"terça-feira";"17:00:00";"MG";50;174,9;"UBERABA";"Ausência de reação do condutor";"Tombamento";"Com Vítimas Feridas";"Pleno dia";"Decrescente";"Céu Claro";"Dupla";"Curva";"Sim";2;0;2;0;0;0;2;1;-19,77880359;-47,9695118;"SPRF-MG";"DEL13-MG";"UOP01-DEL13-MG"
454495;2022-05-14;"sábado";"20:00:00";"DF";60;10,1;"BRASILIA";"Pedestre andava na pista";"Atropelamento de Pedestre";"Com Vítimas Fatais";"Plena Noite";"Crescente";"Céu Claro";"Dupla";"Aclive";"Não";3;1;0;0;2;0;0;2;-15,909476;-48,149597;"SPRF-DF";"DEL03-DF";"UOP01-DEL03-DF"
454496;2022-06-07;"terça-feira";"15:15:00";"PR";369;67,6;"SANTA MARIANA";"Mal súbito do condutor";"Colisão frontal";"Com Vítimas Fatais";"Pleno dia";"Crescente";"Chuva";"Simples";"Reta";"Não";6;1;0;3;0;2;3;3;-23,13321707;-50,4747963;"SPRF-PR";"DEL07-PR";"UOP01-DEL07-PR"
454498;2022-06-07;"terça-feira";"11:30:00";"PE";110;155,4;"IBIMIRIM";"Demais falhas mecânicas ou elétricas";"Capotamento";"Sem Vítimas";"Pleno dia";"Crescente";"Nublado";"Simples";"Reta";"Não";3;0;0;0;3;0;0;1;-8,58090734;-37,7464677;"SPRF-BA";"DEL07-BA";"UOP01-DEL07-BA"
454500;2022-06-07;"terça-feira";"16:15:00";"RS";386;88,7;"LAJEADO DO BUGRE";"Ausência de reação do condutor";"Saída de leito carroçável";"Com Vítimas Feridas";"Pleno dia";"Crescente";"Céu Claro";"Simples";"Reta";"Não";1;0;1;0;0;0;1;1;-27,745968;-53,202919;"SPRF-RS";"DEL08-RS";"UOP01-DEL08-RS"
454501;2022-06-07;"terça-feira";"17:00:00";"PR";476;156;"ARAUCARIA";"Ingestão de álcool pelo condutor";"Colisão traseira";"Sem Vítimas";"Pleno dia";"Crescente";"Nublado";"Dupla";"Reta";"Sim";2;0;0;0;2;0;0;2;-25,599157;-49,417736;"SPRF-PR";"DEL01-PR";"UOP03-DEL01-PR"
454502;2022-06-07;"terça-feira";"16:20:00";"PR";476;123;"CURITIBA";"Trafegar com motocicleta (ou similar) entre as faixas";"Colisão lateral mesmo sentido";"Com Vítimas Feridas";"Anoitecer";"Decrescente";"Nublado";"Dupla";"Reta;Aclive";"Sim";2;0;1;0;1;0;1;2;-25,397701;-49,214446;"SPRF-PR";"DEL01-PR";"UOP01-DEL01-PR"
454504;2022-06-07;"terça-feira";"17:30:00";"MG";381;486;"BETIM";"Condutor deixou de manter distância do veículo da frente";"Engavetamento";"Com Vítimas Feridas";"Pleno dia";"Crescente";"Céu Claro";"Dupla";"Reta";"Sim";3;0;1;0;2;0;1;3;-19,95644414;-44,13611598;"SPRF-MG";"DEL01-MG";"UOP03-DEL01-MG"
454507;2022-06-07;"terça-feira";"16:45:00";"SC";101;327;"CAPIVARI DE BAIXO";"Demais falhas mecânicas ou elétricas";"Colisão com objeto";"Com Vítimas Feridas";"Pleno dia";"Crescente";"Chuva";"Dupla";"Reta;Viaduto;Aclive";"Sim";1;0;1;0;0;0;1;1;-28,43023306;-48,95205197;"SPRF-SC";"DEL02-SC";"UOP01-DEL02-SC"
454508;2022-06-07;"terça-feira";"17:20:00";"BA";116;815,1;"VITORIA DA CONQUISTA";"Transitar no acostamento";"Colisão transversal";"Sem Vítimas";"Anoitecer";"Crescente";"Céu Claro";"Simples";"Reta";"Sim";1;0;0;0;1;0;0;1;-14,81234;-40,79697;"SPRF-BA";"DEL08-BA";"UOP01-DEL08-BA"
454509;2022-06-07;"terça-feira";"18:20:00";"SP";153;256;"MARILIA";"Reação tardia ou ineficiente do condutor";"Colisão traseira";"Com Vítimas Feridas";"Anoitecer";"Decrescente";"Nublado";"Dupla";"Reta";"Sim";2;0;1;0;1;0;1;2;-22,231552;-49,91968;"SPRF-SP";"DEL07-SP";"UOP02-DEL07-SP"
454516;2022-06-07;"terça-feira";"17:45:00";"MS";267;481,1;"JARDIM";"Acessar a via sem observar a presença dos outros veículos";"Colisão transversal";"Com Vítimas Feridas";"Plena Noite";"Crescente";"Céu Claro";"Simples";"Interseção de Vias";"Sim";3;0;2;0;1;0;2;2;-21,47178327;-56,13379061;"SPRF-MS";"DEL05-MS";"UOP01-DEL05-MS"
454517;2022-06-07;"terça-feira";"18:15:00";"RS";158;548;"SANTANA DO LIVRAMENTO";"Deficiência do Sistema de Iluminação/Sinalização";"Colisão traseira";"Com Vítimas Feridas";"Anoitecer";"Decrescente";"Nevoeiro/Neblina";"Simples";"Reta";"Não";2;0;0;1;0;1;1;2;-30,82738156;-55,34514608;"SPRF-RS";"DEL11-RS";"UOP01-DEL11-RS"
454518;2022-06-07;"terça-feira";"16:55:00";"SP";116;169;"JACAREI";"Acessar a via sem observar a presença dos outros veículos";"Atropelamento de Pedestre";"Com Vítimas Feridas";"Pleno dia";"Decrescente";"Céu Claro";"Dupla";"Reta";"Sim";2;0;1;1;0;0;2;2;-23,307652;-46,045128;"SPRF-SP";"DEL02-SP";"UOP01-DEL02-SP"
454520;2022-06-07;"terça-feira";"18:20:00";"RN";110;54;"MOSSORO";"Deficiência do Sistema de Iluminação/Sinalização";"Colisão traseira";"Com Vítimas Feridas";"Plena Noite";"Crescente";"Céu Claro";"Simples";"Reta";"Não";4;0;4;0;0;0;4;2;-5,253924;-37,331627;"SPRF-RN";"DEL04-RN";"UOP01-DEL04-RN"
454521;2022-06-07;"terça-feira";"19:05:00";"GO";40;5;"VALPARAISO DE GOIAS";"Acessar a via sem observar a presença dos outros veículos";"Colisão transversal";"Com Vítimas Feridas";"Plena Noite";"Crescente";"Céu Claro";"Dupla";"Reta";"Sim";2;0;1;0;1;0;1;2;-16,093134;-47,982236;"SPRF-DF";"DEL01-DF";"UOP01-DEL01-DF"
454526;2022-06-07;"terça-feira";"18:30:00";"MG";262;47,1;"MANHUACU";"Transitar na contramão";"Colisão lateral sentido oposto";"Com Vítimas Feridas";"Plena Noite";"Decrescente";"Nublado";"Simples";"Reta";"Não";2;0;1;0;1;0;1;2;-20,256748;-42,113142;"SPRF-MG";"DEL06-MG";"UOP03-DEL06-MG"