"id";"data_inversa";"dia_semana";"horario";"uf";"br";"km";"municipio";"causa_acidente";"tipo_acidente";"classificacao_acidente";"fase_dia";"sentido_via";"condicao_metereologica";"tipo_pista";"tracado_via";"uso_solo";"pessoas";"mortos";"feridos_leves";"feridos_graves";"ilesos";"ignorados";"feridos";"veiculos";"latitude";"longitude";"regional";"delegacia";"uop"
454647;2022-06-08;"quarta-feira";"15:50:00";"RN";101;85;"NATAL";"Ausência de reação do condutor";"Engavetamento";"Com Vítimas Feridas";"Pleno dia";"Decrescente";"Céu Claro";"Dupla";"Ponte";"Sim";6;0;3;0;3;0;3;3;-5,777664;-35,24937;"SPRF-RN";"DEL02-RN";"UOP01-DEL02-RN"
454650;2022-06-08;"quarta-feira";"15:20:00";"GO";60;99;"ANAPOLIS";"Condutor deixou de manter distância do veículo da frente";"Engavetamento";"Com Vítimas Feridas";"Pleno dia";"Crescente";"Céu Claro";"Dupla";"Reta";"Sim";4;0;1;0;3;0;1;3;-16,3924;-48,9588;"SPRF-GO";"DEL02-GO";"UOP01-DEL02-GO"
454651;2022-05-03;"terça-feira";"15:20:00";"MT";70;516;"VARZEA GRANDE";"Acessar a via sem observar a presença dos outros veículos";"Colisão transversal";"Com Vítimas Feridas";"Pleno dia";"Crescente";"Céu Claro";"Simples";"Reta";"Sim";2;0;1;0;1;0;1;2;-15,81116227;-56,22298869;"SPRF-MT";"DEL01-MT";"UOP02-DEL01-MT"
454653;2022-06-08;"quarta-feira";"14:00:00";"SC";282;223;"LAGES";"Acessar a via sem observar a presença dos outros veículos";"Colisão transversal";"Com Vítimas Feridas";"Pleno dia";"Decrescente";"Céu Claro";"Simples";"Reta";"Sim";2;0;1;0;1;0;1;2;-27,800127;-50,362751;"SPRF-SC";"DEL05-SC";"UOP01-DEL05-SC"
454656;2022-06-08;"quarta-feira";"15:05:00";"PA";316;19;"BENEVIDES";"Acostamento em desnível";"Tombamento";"Com Vítimas Feridas";"Pleno dia";"Crescente";"Céu Claro";"Dupla";"Reta;Desvio Temporário";"Não";1;0;1;0;0;0;1;1;-1,3642339;-48,266582;"SPRF-PA";"DEL01-PA";"UOP01-DEL01-PA"
454659;2022-06-08;"quarta-feira";"17:41:00";"DF";251;31;"BRASILIA";"Avarias e/ou desgaste excessivo no pneu";"Queda de ocupante de veículo";"Com Vítimas Feridas";"Anoitecer";"Decrescente";"Céu Claro";"Simples";"Reta";"Não";2;0;2;0;0;0;2;1;-15,943398;-47,728924;"SPRF-DF";"DEL01-DF";"UOP01-DEL01-DF"
454662;2022-06-08;"quarta-feira";"17:25:00";"SC";101;198,5;"BIGUACU";"Reação tardia ou ineficiente do condutor";"Colisão traseira";"Com Vítimas Feridas";"Anoitecer";"Decrescente";"Nublado";"Múltipla";"Reta";"Sim";2;0;1;0;1;0;1;2;-27,52658712;-48,63506019;"SPRF-SC";"DEL01-SC";"UOP01-DEL01-SC"
454663;2022-05-20;"sexta-feira";"08:27:00";"RS";290;95;"PORTO ALEGRE";"Demais falhas na via";"Queda de ocupante de veículo";"Com Vítimas Feridas";"Pleno dia";"Crescente";"Nevoeiro/Neblina";"Dupla";"Ponte";"Sim";1;0;1;0;0;0;1;1;-29,98428591;-51,20259762;"SPRF-RS";"DEL01-RS";"UOP01-DEL01-RS"
454664;2022-06-08;"quarta-feira";"17:20:00";"CE";116;5,5;"FORTALEZA";"Condutor deixou de manter distância do veículo da frente";"Colisão traseira";"Com Vítimas Feridas";"Anoitecer";"Crescente";"Céu Claro";"Dupla";"Reta";"Sim";2;0;0;1;1;0;1;2;-3,79467116;-38,50772734;"SPRF-CE";"DEL01-CE";"UOP02-DEL01-CE"
454665;2022-06-08;"quarta-feira";"12:00:00";"MG";40;130;"JOAO PINHEIRO";"Reação tardia ou ineficiente do condutor";"Colisão com objeto";"Sem Vítimas";"Pleno dia";"Decrescente";"Sol";"Simples";"Reta";"Não";1;0;0;0;1;0;0;1;-17,70612195;-46,28554299;"SPRF-MG";"DEL14-MG";"UOP01-DEL14-MG"
454666;2022-02-07;"segunda-feira";"20:30:00";"MG";116;274,6;"TEOFILO OTONI";"Desrespeitar a preferência no cruzamento";"Colisão transversal";"Com Vítimas Feridas";"Plena Noite";"Crescente";"Céu Claro";"Simples";"Reta";"Sim";3;0;1;1;1;0;2;2;-17,83969718;-41,51319265;"SPRF-MG";"DEL11-MG";"UOP01-DEL11-MG"
454668;2022-06-08;"quarta-feira";"17:20:00";"GO";153;444;"ANAPOLIS";"Frear bruscamente";"Colisão traseira";"Com Vítimas Feridas";"Pleno dia";"Crescente";"Céu Claro";"Dupla";"Rotatória";"Sim";3;0;1;0;1;1;1;2;-16,343756;-48,9245;"SPRF-GO";"DEL02-GO";"UOP01-DEL02-GO"
454669;2022-06-08;"quarta-feira";"06:50:00";"SC";101;404;"ARARANGUA";"Demais falhas mecânicas ou elétricas";"Incêndio";"Sem Vítimas";"Pleno dia";"Crescente";"Nublado";"Dupla";"Reta";"Não";1;0;0;0;1;0;0;1;-28,87801417;-49,45745479;"SPRF-SC";"DEL02-SC";"UOP02-DEL02-SC"
454670;2022-06-08;"quarta-feira";"18:05:00";"BA";116;459;"SANTO ESTEVAO";"Velocidade Incompatível";"Atropelamento de Pedestre";"Com Vítimas Feridas";"Plena Noite";"Decrescente";"Céu Claro";"Dupla";"Reta";"Sim";2;0;0;1;1;0;1;2;-12,42081589;-39,19884407;"SPRF-BA";"DEL02-BA";"UOP01-DEL02-BA"
454671;2022-06-08;"quarta-feira";"17:20:00";"RJ";116;208;"SEROPEDICA";"Reação tardia ou ineficiente do condutor";"Colisão lateral mesmo sentido";"Com Vítimas Feridas";"Anoitecer";"Decrescente";"Garoa/Chuvisco";"Dupla";"Reta";"Não";3;0;1;0;2;0;1;2;-22,72297475;-43,67131596;"SPRF-RJ";"DEL01-RJ";"UOP03-DEL01-RJ"
454672;2022-06-08;"quarta-feira";"17:55:00";"SE";0;0;"ARACAJU";"Condutor deixou de manter distância do veículo da frente";"Colisão traseira";"Sem Vítimas";"Plena Noite";"Não Informado";"Chuva";"Dupla";"Reta";"Sim";2;0;0;0;2;0;0;2;-10,91803181;-37,08579177;"SPRF-SE";"N/A";"N/A"
454673;2022-06-08;"quarta-feira";"17:40:00";"RS";470;154,9;"NOVA PRATA";"Desrespeitar a preferência no cruzamento";"Colisão transversal";"Com Vítimas Feridas";"Pleno dia";"Crescente";"Sol";"Simples";"Interseção de Vias";"Não";2;0;1;0;1;0;1;2;-28,77418574;-51,61396265;"SPRF-RS";"DEL06-RS";"UOP02-DEL06-RS"
454674;2022-06-08;"quarta-feira";"13:42:00";"SC";470;162;"TROMBUDO CENTRAL";"Conversão proibida";"Colisão transversal";"Com Vítimas Feridas";"Pleno dia";"Decrescente";"Céu Claro";"Simples";"Reta";"Sim";2;0;0;1;1;0;1;2;-27,282606;-49,817101;"SPRF-SC";"DEL04-SC";"UOP02-DEL04-SC"
454675;2022-06-08;"quarta-feira";"17:33:00";"PB";230;407,6;"POMBAL";"Ausência de reação do condutor";"Colisão transversal";"Com Vítimas Feridas";"Anoitecer";"Crescente";"Céu Claro";"Simples";"Reta";"Sim";2;0;1;0;1;0;1;2;-6,7733;-37,798;"SPRF-PB";"DEL03-PB";"UOP02-DEL03-PB"
454676;2022-06-08;"quarta-feira";"17:46:00";"PB";104;114,1;"LAGOA SECA";"Condutor deixou de manter distância do veículo da frente";"Colisão traseira";"Sem Vítimas";"Plena Noite";"Crescente";"Nublado";"Simples";"Reta";"Sim";2;0;0;0;2;0;0;2;-7,1620139;-35,85712429;"SPRF-PB";"DEL02-PB";"UOP04-DEL02-PB"
454677;2022-06-08;"quarta-feira";"18:10:00";"SC";101;202;"SAO JOSE";"Condutor deixou de manter distância do veículo da frente";"Colisão traseira";"Com Vítimas Feridas";"Anoitecer";"Crescente";"Céu Claro";"Dupla";"Reta";"Sim";2;0;1;0;1;0;1;2;-27,55711595;-48,61897889;"SPRF-SC";"DEL01-SC";"UOP01-DEL01-SC"
454678;2022-06-08;"quarta-feira";"17:10:00";"SC";116;11,1;"MAFRA";"Acessar a via sem observar a presença dos outros veículos";"Colisão lateral mesmo sentido";"Com Vítimas Feridas";"Pleno dia";"Decrescente";"Céu Claro";"Simples";"Curva";"Não";2;0;1;0;1;0;1;2;-26,17627262;-49,8580203;"SPRF-SC";"DEL06-SC";"UOP01-DEL06-SC"
454679;2022-06-08;"quarta-feira";"17:00:00";"BA";367;23,7;"PORTO SEGURO";"Ultrapassagem Indevida";"Colisão transversal";"Com Vítimas Feridas";"Pleno dia";"Crescente";"Céu Claro";"Simples";"Reta";"Sim";2;0;1;0;1;0;1;2;-16,43517732;-39,07201198;"SPRF-BA";"DEL09-BA";"UOP01-DEL09-BA"
454682;2022-06-08;"quarta-feira";"18:55:00";"RJ";116;95;"TERESOPOLIS";"Chuva";"Saída de leito carroçável";"Com Vítimas Feridas";"Plena Noite";"Decrescente";"Chuva";"Múltipla";"Curva";"Não";1;0;1;0;0;0;1;1;-22,48892651;-42,99911499;"SPRF-RJ";"DEL04-RJ";"UOP01-DEL04-RJ"
454683;2022-06-08;"quarta-feira";"18:55:00";"SC";101;132;"BALNEARIO CAMBORIU";"Trafegar com motocicleta (ou similar) entre as faixas";"Colisão lateral mesmo sentido";"Com Vítimas Feridas";"Plena Noite";"Decrescente";"Céu Claro";"Dupla";"Reta";"Sim";2;0;1;0;1;0;1;2;-26,99654133;-48,65564711;"SPRF-SC";"DEL04-SC";"UOP03-DEL04-SC"
454684;2022-06-08;"quarta-feira";"18:05:00";"SC";280;20,6;"SAO FRANCISCO DO SUL";"Desrespeitar a preferência no cruzamento";"Colisão transversal";"Sem Vítimas";"Anoitecer";"Decrescente";"Nublado";"Simples";"Reta";"Não";2;0;0;0;2;0;0;2;-26,36990477;-48,68224301;"SPRF-SC";"DEL03-SC";"UOP03-DEL03-SC"
454685;2022-06-08;"quarta-feira";"19:00:00";"GO";60;88;"ANAPOLIS";"Reação tardia ou ineficiente do condutor";"Tombamento";"Com Vítimas Feridas";"Plena Noite";"Decrescente";"Céu Claro";"Dupla";"Reta";"Sim";1;0;1;0;0;0;1;1;-16,3315;-48,8885;"SPRF-GO";"DEL02-GO";"UOP01-DEL02-GO"
454686;2022-06-08;"quarta-feira";"18:05:00";"SC";101;331,6;"TUBARAO";"Desrespeitar a preferência no cruzamento";"Colisão transversal";"Com Vítimas Feridas";"Anoitecer";"Decrescente";"Nublado";"Dupla";"Rotatória";"Sim";2;0;1;0;1;0;1;2;-28,46567318;-48,99559021;"SPRF-SC";"DEL02-SC";"UOP01-DEL02-SC"
454687;2022-06-08;"quarta-feira";"17:45:00";"AL";104;37;"UNIAO DOS PALMARES";"Animais na Pista";"Saída de leito carroçável";"Com Vítimas Feridas";"Anoitecer";"Decrescente";"Chuva";"Simples";"Reta";"Não";4;0;3;0;1;0;3;1;-9,17491283;-36,02935415;"SPRF-AL";"DEL01-AL";"UOP02-DEL01-AL"
454688;2022-06-08;"quarta-feira";"17:30:00";"PE";407;122,7;"PETROLINA";"Acessar a via sem observar a presença dos outros veículos";"Colisão transversal";"Com Vítimas Feridas";"Anoitecer";"Decrescente";"Céu Claro";"Simples";"Reta";"Sim";2;0;1;0;1;0;1;2;-9,35368726;-40,55051642;"SPRF-PE";"DEL06-PE";"UOP01-DEL06-PE"
454689;2022-06-08;"quarta-feira";"19:25:00";"BA";116;424,2;"FEIRA DE SANTANA";"Acessar a via sem observar a presença dos outros veículos";"Colisão transversal";"Com Vítimas Feridas";"Plena Noite";"Crescente";"Céu Claro";"Simples";"Reta";"Sim";2;0;0;1;1;0;1;2;-12,23257586;-38,97248506;"SPRF-BA";"DEL02-BA";"UOP01-DEL02-BA"
454691;2022-05-03;"terça-feira";"05:05:00";"RJ";101;305;"SAO GONCALO";"Ausência de reação do condutor";"Atropelamento de Animal";"Com Vítimas Feridas";"Amanhecer";"Decrescente";"Céu Claro";"Múltipla";"Reta";"Sim";4;0;1;0;3;0;1;3;-22,78702832;-42,99589293;"SPRF-RJ";"DEL02-RJ";"UOP02-DEL02-RJ"
454692;2022-06-08;"quarta-feira";"18:30:00";"PR";369;158;"CAMBE";"Condutor deixou de manter distância do veículo da frente";"Colisão traseira";"Com Vítimas Feridas";"Plena Noite";"Crescente";"Nublado";"Dupla";"Interseção de Vias;Declive;Curva";"Sim";6;0;2;0;3;1;2;3;-23,28546838;-51,23835485;"SPRF-PR";"DEL07-PR";"UOP01-DEL07-PR"
454693;2022-06-08;"quarta-feira";"19:10:00";"RS";158;327;"SANTA MARIA";"Ausência de reação do condutor";"Colisão frontal";"Com Vítimas Feridas";"Plena Noite";"Decrescente";"Céu Claro";"Dupla";"Reta";"Sim";3;0;3;0;0;0;3;2;-29,71120879;-53,81983465;"SPRF-RS";"DEL09-RS";"UOP01-DEL09-RS"
454694;2022-06-08;"quarta-feira";"17:30:00";"RJ";493;5;"ITABORAI";"Transitar na contramão";"Colisão frontal";"Com Vítimas Feridas";"Anoitecer";"Decrescente";"Garoa/Chuvisco";"Simples";"Reta";"Não";2;0;1;0;1;0;1;2;-22,73998606;-42,95374823;"SPRF-RJ";"DEL02-RJ";"UOP02-DEL02-RJ"
454696;2022-06-08;"quarta-feira";"18:00:00";"AC";317;293;"BRASILEIA";"Condutor deixou de manter distância do veículo da frente";"Colisão traseira";"Com Vítimas Feridas";"Anoitecer";"Crescente";"Céu Claro";"Simples";"Reta";"Não";1;0;1;0;0;0;1;1;-11,02551096;-68,74019094;"SPRF-AC";"DEL01-AC";"UOP02-DEL01-AC"
454697;2022-06-08;"quarta-feira";"18:55:00";"RS";285;294,8;"PASSO FUNDO";"Desrespeitar a preferência no cruzamento";"Colisão transversal";"Com Vítimas Feridas";"Plena Noite";"Crescente";"Céu Claro";"Simples";"Interseção de Vias";"Não";2;0;1;0;1;0;1;2;-28,234547;-52,384975;"SPRF-RS";"DEL08-RS";"UOP03-DEL08-RS"
454698;2022-06-08;"quarta-feira";"18:20:00";"PR";376;2,7;"SAO JOSE DOS PINHAIS";"Condutor deixou de manter distância do veículo da frente";"Colisão traseira";"Com Vítimas Feridas";"Plena Noite";"Crescente";"Nublado";"Dupla";"Reta";"Sim";3;0;1;0;2;0;1;3;-25,5307;-49,1958;"SPRF-PR";"DEL01-PR";"UOP04-DEL01-PR"
454699;2022-06-08;"quarta-feira";"13:20:00";"RS";116;149,2;"CAXIAS DO SUL";"Afundamento ou ondulação no pavimento";"Colisão com objeto";"Sem Vítimas";"Pleno dia";"Crescente";"Sol";"Múltipla";"Reta";"Sim";2;0;0;0;2;0;0;1;-29,15996905;-51,15645292;"SPRF-RS";"DEL05-RS";"UOP01-DEL05-RS"
454701;2022-06-08;"quarta-feira";"20:20:00";"SP";116;1;"GUARULHOS";"Retorno proibido";"Colisão transversal";"Com Vítimas Feridas";"Plena Noite";"Crescente";"Céu Claro";"Simples";"Interseção de Vias";"Sim";2;0;1;0;1;0;1;2;-23,463257;-46,53373;"SPRF-SP";"DEL01-SP";"UOP01-DEL01-SP"
454702;2022-06-08;"quarta-feira";"19:30:00";"GO";70;14,5;"AGUAS LINDAS DE GOIAS";"Pedestre cruzava a pista fora da faixa";"Atropelamento de Pedestre";"Com Vítimas Feridas";"Plena Noite";"Decrescente";"Céu Claro";"Dupla";"Aclive;Reta";"Sim";2;0;0;1;1;0;1;2;-15,75117968;-48,3251492;"SPRF-DF";"DEL03-DF";"UOP02-DEL03-DF"
454703;2022-06-08;"quarta-feira";"19:45:00";"PR";376;187;"MARIALVA";"Ingestão de álcool pelo condutor";"Colisão traseira";"Com Vítimas Feridas";"Plena Noite";"Decrescente";"Céu Claro";"Múltipla";"Reta";"Não";2;0;1;0;1;0;1;2;-23,46141044;-51,83659926;"SPRF-PR";"DEL09-PR";"UOP01-DEL09-PR"
454704;2022-04-11;"segunda-feira";"07:45:00";"PA";230;123;"MARABA";"Acessar a via sem observar a presença dos outros veículos";"Colisão transversal";"Com Vítimas Feridas";"Pleno dia";"Crescente";"Céu Claro";"Simples";"Reta";"Sim";3;0;1;1;1;0;2;2;-5,36838526;-49,12886078;"SPRF-PA";"DEL03-PA";"UOP01-DEL03-PA"
454706;2022-06-08;"quarta-feira";"19:40:00";"PR";277;525,3;"GUARANIACU";"Velocidade Incompatível";"Saída de leito carroçável";"Com Vítimas Feridas";"Plena Noite";"Crescente";"Céu Claro";"Simples";"Declive;Curva";"Não";1;0;0;1;0;0;1;1;-25,11018112;-52,85167802;"SPRF-PR";"DEL04-PR";"UOP01-DEL04-PR"
454709;2022-06-08;"quarta-feira";"20:15:00";"RN";101;108,3;"PARNAMIRIM";"Acessar a via sem observar a presença dos outros veículos";"Colisão transversal";"Com Vítimas Fatais";"Plena Noite";"Crescente";"Céu Claro";"Simples";"Reta";"Sim";2;1;0;0;0;1;0;2;-5,92825102;-35,26465683;"SPRF-RN";"DEL01-RN";"UOP01-DEL01-RN"
454710;2022-06-08;"quarta-feira";"20:40:00";"SP";116;282;"EMBU DAS ARTES";"Iluminação deficiente";"Colisão frontal";"Sem Vítimas";"Plena Noite";"Decrescente";"Garoa/Chuvisco";"Dupla";"Interseção de Vias";"Sim";2;0;0;0;2;0;0;2;-23,68570216;-46,85970975;"SPRF-SP";"DEL04-SP";"UOP01-DEL04-SP"
454712;2022-06-08;"quarta-feira";"18:45:00";"BA";116;757;"POCOES";"Reação tardia ou ineficiente do condutor";"Colisão transversal";"Com Vítimas Feridas";"Plena Noite";"Crescente";"Céu Claro";"Simples";"Reta";"Sim";2;0;1;0;0;1;1;2;-14,47565506;-40,33469583;"SPRF-BA";"DEL08-BA";"UOP02-DEL08-BA"
454713;2022-06-08;"quarta-feira";"21:00:00";"SC";282;315;"VARGEM";"Objeto estático sobre o leito carroçável";"Tombamento";"Com Vítimas Feridas";"Plena Noite";"Decrescente";"Nublado";"Simples";"Reta";"Não";2;0;2;0;0;0;2;1;-27,445721;-51,002831;"SPRF-SC";"DEL07-SC";"UOP06-DEL07-SC"
454714;2022-06-08;"quarta-feira";"21:00:00";"GO";40;83,2;"CRISTALINA";"Avarias e/ou desgaste excessivo no pneu";"Saída de leito carroçável";"Com Vítimas Feridas";"Plena Noite";"Decrescente";"Céu Claro";"Dupla";"Reta";"Não";1;0;1;0;0;0;1;1;-16,692061;-47,697907;"SPRF-DF";"DEL01-DF";"UOP02-DEL01-DF"
454715;2022-06-08;"quarta-feira";"21:46:00";"PE";101;43;"IGARASSU";"Acessar a via sem observar a presença dos outros veículos";"Atropelamento de Pedestre";"Com Vítimas Feridas";"Plena Noite";"Crescente";"Céu Claro";"Múltipla";"Reta";"Sim";2;0;0;1;0;1;1;2;-7,849143;-34,90971;"SPRF-PE";"DEL01-PE";"UOP02-DEL01-PE"
454719;2022-06-08;"quarta-feira";"21:10:00";"RJ";40;91;"PETROPOLIS";"Ausência de reação do condutor";"Tombamento";"Com Vítimas Feridas";"Plena Noite";"Decrescente";"Nevoeiro/Neblina";"Simples";"Reta";"Não";1;0;1;0;0;0;1;1;-22,54903566;-43,24229724;"SPRF-RJ";"DEL06-RJ";"UOP01-DEL06-RJ"
454721;2022-06-08;"quarta-feira";"21:30:00";"RJ";101;274;"TANGUA";"Ultrapassagem Indevida";"Colisão transversal";"Com Vítimas Feridas";"Plena Noite";"Decrescente";"Nublado";"Simples";"Reta";"Sim";2;0;1;0;1;0;1;2;-22,73506292;-42,71948103;"SPRF-RJ";"DEL02-RJ";"UOP03-DEL02-RJ"
454723;2022-06-08;"quarta-feira";"21:40:00";"SP";262;319,6;"CASTILHO";"Ingestão de álcool pelo condutor";"Colisão com objeto";"Com Vítimas Fatais";"Plena Noite";"Decrescente";"Garoa/Chuvisco";"Simples";"Rotatória";"Sim";2;1;0;1;0;0;1;1;-20,78578712;-51,59960747;"SPRF-MS";"DEL07-MS";"UOP01-DEL07-MS"
454724;2022-06-08;"quarta-feira";"17:00:00";"RJ";101;198,8;"CASIMIRO DE ABREU";"Mal súbito do condutor";"Colisão com objeto";"Com Vítimas Feridas";"Plena Noite";"Crescente";"Garoa/Chuvisco";"Dupla";"Curva";"Não";1;0;1;0;0;0;1;1;-22,49157993;-42,12771201;"SPRF-RJ";"DEL08-RJ";"UOP04-DEL08-RJ"
454729;2022-06-08;"quarta-feira";"17:10:00";"MG";116;342,2;"CAMPANARIO";"Transitar na contramão";"Colisão frontal";"Com Vítimas Fatais";"Pleno dia";"Decrescente";"Céu Claro";"Simples";"Reta";"Não";3;2;1;0;0;0;1;2;-18,33730712;-41,76593877;"SPRF-MG";"DEL11-MG";"UOP01-DEL11-MG"
454731;2022-06-08;"quarta-feira";"23:50:00";"GO";50;304,9;"CUMARI";"Reação tardia ou ineficiente do condutor";"Saída de leito carroçável";"Com Vítimas Feridas";"Plena Noite";"Decrescente";"Céu Claro";"Dupla";"Reta;Declive";"Não";4;0;4;0;0;0;4;1;-18,356;-48,045;"SPRF-GO";"DEL06-GO";"UOP01-DEL06-GO"
454732;2022-06-09;"quinta-feira";"00:50:00";"MG";116;703,1;"MURIAE";"Velocidade Incompatível";"Saída de leito carroçável";"Com Vítimas Feridas";"Plena Noite";"Decrescente";"Céu Claro";"Simples";"Curva";"Sim";2;0;1;0;1;0;1;1;-21,12682309;-42,3832189;"SPRF-MG";"DEL07-MG";"UOP02-DEL07-MG"
454733;2022-06-09;"quinta-feira";"00:15:00";"AC";364;127;"RIO BRANCO";"Animais na Pista";"Atropelamento de Animal";"Sem Vítimas";"Plena Noite";"Decrescente";"Ignorado";"Dupla";"Rotatória;Reta";"Sim";2;0;0;0;2;0;0;1;-10,01980906;-67,81433091;"SPRF-AC";"DEL01-AC";"UOP01-DEL01-AC"
454734;2022-06-09;"quinta-feira";"01:00:00";"MG";381;677,9;"PERDOES";"Condutor Dormindo";"Colisão com objeto";"Sem Vítimas";"Plena Noite";"Crescente";"Céu Claro";"Dupla";"Reta";"Sim";1;0;0;0;1;0;0;1;-21,13158479;-45,10263635;"SPRF-MG";"DEL04-MG";"UOP02-DEL04-MG"
454745;2022-06-09;"quinta-feira";"04:20:00";"PR";467;84,4;"CASCAVEL";"Velocidade Incompatível";"Capotamento";"Com Vítimas Feridas";"Plena Noite";"Decrescente";"Nublado";"Dupla";"Reta";"Não";3;0;1;2;0;0;3;1;-24,8184;-53,6572;"SPRF-PR";"DEL04-PR";"UOP01-DEL04-PR"
454746;2022-06-09;"quinta-feira";"05:15:00";"PR";369;154;"LONDRINA";"Ingestão de álcool pelo condutor";"Colisão traseira";"Com Vítimas Feridas";"Plena Noite";"Crescente";"Céu Claro";"Dupla";"Reta";"Sim";2;0;1;0;1;0;1;2;-23,296803;-51,20484;"SPRF-PR";"DEL07-PR";"UOP01-DEL07-PR"
454747;2022-06-09;"quinta-feira";"06:05:00";"MG";40;782,9;"JUIZ DE FORA";"Velocidade Incompatível";"Colisão com objeto";"Com Vítimas Feridas";"Amanhecer";"Decrescente";"Nublado";"Dupla";"Curva";"Sim";1;0;0;1;0;0;1;1;-21,72346399;-43,44114304;"SPRF-MG";"DEL05-MG";"UOP01-DEL05-MG"
454748;2022-06-09;"quinta-feira";"04:55:00";"RS";386;186;"SANTO ANTONIO DO PLANALTO";"Ultrapassagem Indevida";"Colisão lateral sentido oposto";"Com Vítimas Feridas";"Amanhecer";"Crescente";"Céu Claro";"Simples";"Reta";"Não";3;0;2;1;0;0;3;2;-28,347277;-52,716736;"SPRF-RS";"DEL08-RS";"UOP01-DEL08-RS"
454749;2022-06-09;"quinta-feira";"05:50:00";"SC";470;66,7;"INDAIAL";"Ausência de reação do condutor";"Colisão transversal";"Com Vítimas Feridas";"Plena Noite";"Crescente";"Nublado";"Simples";"Interseção de Vias;Reta;Em Obras";"Sim";2;0;1;0;0;1;1;2;-26,8714244;-49,22989931;"SPRF-SC";"DEL04-SC";"UOP01-DEL04-SC"
454750;2022-06-09;"quinta-feira";"06:50:00";"DF";20;4,4;"BRASILIA";"Ausência de reação do condutor";"Queda de ocupante de veículo";"Com Vítimas Feridas";"Pleno dia";"Decrescente";"Céu Claro";"Dupla";"Reta";"Sim";1;0;1;0;0;0;1;1;-15,675484;-47,823761;"SPRF-DF";"DEL02-DF";"UOP01-DEL02-DF"
454753;2022-06-09;"quinta-feira";"07:14:00";"DF";40;7;"BRASILIA";"Ausência de reação do condutor";"Queda de ocupante de veículo";"Com Vítimas Feridas";"Pleno dia";"Decrescente";"Céu Claro";"Dupla";"Reta";"Sim";1;0;1;0;0;0;1;1;-16,038666;-47,979691;"SPRF-DF";"DEL01-DF";"UOP01-DEL01-DF"
454754;2022-05-11;"quarta-feira";"17:45:00";"PE";104;58;"CARUARU";"Animais na Pista";"Atropelamento de Animal";"Com Vítimas Feridas";"Anoitecer";"Decrescente";"Céu Claro";"Dupla";"Reta";"Não";1;0;0;1;0;0;1;1;-8,22586797;-35,97762823;"SPRF-PE";"DEL02-PE";"UOP01-DEL02-PE"
454755;2022-06-09;"quinta-feira";"07:10:00";"SC";101;134;"BALNEARIO CAMBORIU";"Desrespeitar a preferência no cruzamento";"Colisão transversal";"Com Vítimas Feridas";"Pleno dia";"Crescente";"Céu Claro";"Simples";"Interseção de Vias";"Sim";2;0;0;1;1;0;1;2;-27,00200158;-48,63809651;"SPRF-SC";"DEL04-SC";"UOP03-DEL04-SC"
454756;2022-06-09;"quinta-feira";"07:30:00";"RJ";116;166;"RIO DE JANEIRO";"Manobra de mudança de faixa";"Colisão traseira";"Com Vítimas Feridas";"Pleno dia";"Decrescente";"Nublado";"Dupla";"Reta";"Sim";2;0;1;0;1;0;1;2;-22,81560263;-43,30051808;"SPRF-RJ";"DEL01-RJ";"UOP02-DEL01-RJ"
454757;2022-06-09;"quinta-feira";"05:40:00";"MG";459;15,4;"CALDAS";"Animais na Pista";"Atropelamento de Animal";"Com Vítimas Feridas";"Plena Noite";"Crescente";"Céu Claro";"Simples";"Curva";"Não";2;0;1;0;0;1;1;2;-21,838104;-46,443806;"SPRF-MG";"DEL09-MG";"UOP01-DEL09-MG"
454758;2022-03-27;"domingo";"14:15:00";"RJ";101;293;"ITABORAI";"Condutor deixou de manter distância do veículo da frente";"Colisão traseira";"Com Vítimas Feridas";"Pleno dia";"Decrescente";"Céu Claro";"Dupla";"Reta";"Sim";2;0;1;0;1;0;1;2;-22,756203;-42,88724;"SPRF-RJ";"DEL02-RJ";"UOP02-DEL02-RJ"
454759;2022-06-09;"quinta-feira";"07:00:00";"RJ";116;114;"MAGE";"Transitar na contramão";"Colisão traseira";"Sem Vítimas";"Pleno dia";"Decrescente";"Nublado";"Simples";"Reta";"Não";2;0;0;0;2;0;0;2;-22,58009519;-43,0114958;"SPRF-RJ";"DEL04-RJ";"UOP02-DEL04-RJ"
454760;2022-06-09;"quinta-feira";"06:55:00";"RS";116;143;"CAXIAS DO SUL";"Desrespeitar a preferência no cruzamento";"Colisão transversal";"Com Vítimas Feridas";"Amanhecer";"Crescente";"Céu Claro";"Dupla";"Interseção de Vias";"Sim";2;0;1;0;1;0;1;2;-29,1201739;-51,12260651;"SPRF-RS";"DEL05-RS";"UOP01-DEL05-RS"
454761;2022-06-04;"sábado";"18:00:00";"BA";116;817;"VITORIA DA CONQUISTA";"Ingestão de álcool pelo condutor";"Colisão transversal";"Com Vítimas Feridas";"Plena Noite";"Crescente";"Céu Claro";"Simples";"Interseção de Vias";"Não";2;0;2;0;0;0;2;2;-14,82326916;-40,8178479;"SPRF-BA";"DEL08-BA";"UOP01-DEL08-BA"