"id";"data_inversa";"dia_semana";"horario";"uf";"br";"km";"municipio";"causa_acidente";"tipo_acidente";"classificacao_acidente";"fase_dia";"sentido_via";"condicao_metereologica";"tipo_pista";"tracado_via";"uso_solo";"pessoas";"mortos";"feridos_leves";"feridos_graves";"ilesos";"ignorados";"feridos";"veiculos";"latitude";"longitude";"regional";"delegacia";"uop"
454762;2022-06-09;"quinta-feira";"07:40:00";"RS";470;188,7;"VERANOPOLIS";"Ultrapassagem Indevida";"Colisão frontal";"Com Vítimas Feridas";"Pleno dia";"Decrescente";"Nublado";"Simples";"Reta;Declive";"Não";2;0;0;2;0;0;2;2;-29,0090907;-51,56456778;"SPRF-RS";"DEL06-RS";"UOP02-DEL06-RS"
454763;2022-06-08;"quarta-feira";"17:20:00";"PR";476;196,3;"LAPA";"Acessar a via sem observar a presença dos outros veículos";"Colisão transversal";"Com Vítimas Feridas";"Anoitecer";"Decrescente";"Nublado";"Simples";"Reta";"Sim";2;0;0;1;1;0;1;2;-25,753437;-49,725754;"SPRF-PR";"DEL02-PR";"UOP04-DEL02-PR"
454764;2022-06-09;"quinta-feira";"07:35:00";"RN";101;94;"NATAL";"Condutor deixou de manter distância do veículo da frente";"Colisão traseira";"Sem Vítimas";"Pleno dia";"Decrescente";"Garoa/Chuvisco";"Dupla";"Reta";"Não";3;0;0;0;3;0;0;3;-5,838082;-35,210933;"SPRF-RN";"DEL01-RN";"UOP01-DEL01-RN"
454766;2022-06-07;"terça-feira";"10:00:00";"PI";316;4;"TERESINA";"Acesso irregular";"Colisão transversal";"Com Vítimas Feridas";"Pleno dia";"Crescente";"Céu Claro";"Múltipla";"Reta";"Sim";2;0;0;1;1;0;1;2;-5,13655894;-42,78900388;"SPRF-PI";"DEL01-PI";"UOP02-DEL01-PI"
454770;2022-06-09;"quinta-feira";"09:00:00";"CE";116;4;"FORTALEZA";"Reação tardia ou ineficiente do condutor";"Colisão traseira";"Com Vítimas Feridas";"Pleno dia";"Decrescente";"Céu Claro";"Múltipla";"Reta";"Não";2;0;1;0;1;0;1;2;-3,7867209;-38,5114568;"SPRF-CE";"DEL01-CE";"UOP02-DEL01-CE"
454797;2022-06-09;"quinta-feira";"08:40:00";"CE";116;20,2;"EUSEBIO";"Pista esburacada";"Queda de ocupante de veículo";"Com Vítimas Feridas";"Pleno dia";"Decrescente";"Chuva";"Múltipla";"Reta";"Sim";1;0;1;0;0;0;1;1;-3,92277497;-38,50762327;"SPRF-CE";"DEL01-CE";"UOP02-DEL01-CE"
454800;2022-06-09;"quinta-feira";"09:20:00";"PR";153;15,5;"JACAREZINHO";"Manobra de mudança de faixa";"Saída de leito carroçável";"Sem Vítimas";"Pleno dia";"Crescente";"Céu Claro";"Simples";"Curva";"Não";2;0;0;0;2;0;0;1;-23,1258567;-49,94408369;"SPRF-PR";"DEL07-PR";"UOP04-DEL07-PR"
454803;2022-06-09;"quinta-feira";"07:30:00";"MT";364;269;"JACIARA";"Pista Escorregadia";"Tombamento";"Com Vítimas Feridas";"Pleno dia";"Crescente";"Nublado";"Simples";"Reta";"Sim";1;0;1;0;0;0;1;1;-15,974228;-54,938;"SPRF-MT";"DEL02-MT";"UOP01-DEL02-MT"
454804;2022-06-09;"quinta-feira";"10:10:00";"MT";70;3,4;"BARRA DO GARCAS";"Desrespeitar a preferência no cruzamento";"Queda de ocupante de veículo";"Com Vítimas Feridas";"Pleno dia";"Crescente";"Céu Claro";"Dupla";"Reta";"Sim";3;0;1;0;2;0;1;2;-15,88252843;-52,27574027;"SPRF-MT";"DEL07-MT";"UOP01-DEL07-MT"
454805;2022-06-09;"quinta-feira";"10:10:00";"RJ";116;305;"RESENDE";"Manobra de mudança de faixa";"Colisão lateral mesmo sentido";"Com Vítimas Feridas";"Pleno dia";"Crescente";"Nublado";"Dupla";"Reta";"Sim";3;0;2;0;1;0;2;2;-22,45573779;-44,39454802;"SPRF-RJ";"DEL07-RJ";"UOP02-DEL07-RJ"
454806;2022-06-09;"quinta-feira";"10:50:00";"MG";365;627;"UBERLANDIA";"Manobra de mudança de faixa";"Colisão lateral mesmo sentido";"Com Vítimas Feridas";"Pleno dia";"Crescente";"Nublado";"Dupla";"Reta";"Sim";2;0;1;0;1;0;1;2;-18,90359335;-48,34361612;"SPRF-MG";"DEL15-MG";"UOP01-DEL15-MG"
454807;2022-06-09;"quinta-feira";"11:00:00";"PE";101;68;"RECIFE";"Reação tardia ou ineficiente do condutor";"Colisão traseira";"Com Vítimas Feridas";"Pleno dia";"Crescente";"Céu Claro";"Simples";"Reta";"Sim";2;0;1;0;1;0;1;2;-8,05074296;-34,94580619;"SPRF-PE";"DEL01-PE";"UOP01-DEL01-PE"
454808;2022-06-09;"quinta-feira";"09:30:00";"MG";146;466,3;"BOTELHOS";"Velocidade Incompatível";"Capotamento";"Com Vítimas Feridas";"Pleno dia";"Decrescente";"Nublado";"Simples";"Reta;Aclive";"Sim";1;0;1;0;0;0;1;1;-21,67126;-46,414966;"SPRF-MG";"DEL09-MG";"UOP01-DEL09-MG"
454809;2022-06-09;"quinta-feira";"10:49:00";"PI";343;306;"ALTOS";"Manobra de mudança de faixa";"Colisão lateral mesmo sentido";"Com Vítimas Feridas";"Pleno dia";"Crescente";"Céu Claro";"Simples";"Reta";"Sim";2;0;0;1;1;0;1;2;-5,038756;-42,450893;"SPRF-PI";"DEL01-PI";"UOP01-DEL01-PI"
454810;2022-06-09;"quinta-feira";"10:40:00";"SP";116;207;"GUARULHOS";"Mal súbito do condutor";"Colisão com objeto";"Com Vítimas Feridas";"Pleno dia";"Decrescente";"Nublado";"Múltipla";"Reta";"Sim";1;0;1;0;0;0;1;1;-23,41972188;-46,38419203;"SPRF-SP";"DEL01-SP";"UOP01-DEL01-SP"
454811;2022-06-09;"quinta-feira";"11:30:00";"PR";369;202;"APUCARANA";"Ingestão de álcool pelo condutor";"Colisão transversal";"Com Vítimas Feridas";"Pleno dia";"Crescente";"Nublado";"Simples";"Reta";"Sim";2;0;1;0;1;0;1;2;-23,54447462;-51,45412445;"SPRF-PR";"DEL07-PR";"UOP03-DEL07-PR"
454812;2022-06-09;"quinta-feira";"11:25:00";"RN";427;3;"CURRAIS NOVOS";"Acesso irregular";"Colisão frontal";"Com Vítimas Feridas";"Pleno dia";"Crescente";"Céu Claro";"Simples";"Reta";"Sim";2;0;1;0;1;0;1;2;-6,29127902;-36,52389093;"SPRF-RN";"DEL03-RN";"UOP02-DEL03-RN"
454813;2022-06-09;"quinta-feira";"10:20:00";"PE";104;95;"AGRESTINA";"Velocidade Incompatível";"Saída de leito carroçável";"Com Vítimas Feridas";"Pleno dia";"Decrescente";"Sol";"Simples";"Declive";"Não";1;0;0;1;0;0;1;1;-8,522284;-35,940399;"SPRF-PE";"DEL02-PE";"UOP03-DEL02-PE"
454817;2022-06-09;"quinta-feira";"06:30:00";"GO";364;64;"CACHOEIRA ALTA";"Chuva";"Saída de leito carroçável";"Com Vítimas Feridas";"Amanhecer";"Crescente";"Chuva";"Simples";"Reta";"Não";2;0;2;0;0;0;2;1;-18,70048;-50,968304;"SPRF-GO";"DEL05-GO";"UOP02-DEL05-GO"
454818;2022-06-09;"quinta-feira";"11:49:00";"ES";101;147;"LINHARES";"Ausência de reação do condutor";"Colisão transversal";"Com Vítimas Feridas";"Pleno dia";"Decrescente";"Céu Claro";"Dupla";"Interseção de Vias";"Sim";2;0;0;1;0;1;1;2;-19,37887202;-40,06657892;"SPRF-ES";"DEL04-ES";"UOP01-DEL04-ES"
454819;2022-06-09;"quinta-feira";"11:35:00";"RR";174;502;"BOA VISTA";"Acessar a via sem observar a presença dos outros veículos";"Colisão lateral mesmo sentido";"Com Vítimas Feridas";"Pleno dia";"Crescente";"Céu Claro";"Dupla";"Rotatória";"Sim";2;0;1;0;1;0;1;2;2,787376;-60,699524;"SPRF-RR";"DEL01-RR";"UOP01-DEL01-RR"
454821;2022-06-09;"quinta-feira";"13:15:00";"MG";365;754;"ITUIUTABA";"Acessar a via sem observar a presença dos outros veículos";"Colisão transversal";"Com Vítimas Feridas";"Pleno dia";"Crescente";"Chuva";"Simples";"Interseção de Vias";"Não";4;0;2;0;1;1;2;3;-18,947495;-49,45934;"SPRF-MG";"DEL15-MG";"UOP03-DEL15-MG"
454822;2022-06-09;"quinta-feira";"13:00:00";"ES";101;292,5;"CARIACICA";"Manobra de mudança de faixa";"Colisão lateral mesmo sentido";"Com Vítimas Feridas";"Pleno dia";"Crescente";"Céu Claro";"Dupla";"Retorno Regulamentado";"Sim";2;0;1;1;0;0;2;2;-20,30650512;-40,39488717;"SPRF-ES";"DEL01-ES";"UOP01-DEL01-ES"
454825;2022-06-09;"quinta-feira";"13:20:00";"SC";280;25,7;"ARAQUARI";"Ausência de reação do condutor";"Colisão lateral mesmo sentido";"Sem Vítimas";"Pleno dia";"Decrescente";"Chuva";"Simples";"Reta";"Sim";2;0;0;0;2;0;0;2;-26,38352781;-48,72677516;"SPRF-SC";"DEL03-SC";"UOP03-DEL03-SC"
454826;2022-06-09;"quinta-feira";"12:35:00";"RN";101;83;"SAO GONCALO DO AMARANTE";"Manobra de mudança de faixa";"Colisão transversal";"Com Vítimas Feridas";"Pleno dia";"Crescente";"Nublado";"Dupla";"Reta";"Sim";2;0;0;1;1;0;1;2;-5,7710445;-35,26616981;"SPRF-RN";"DEL02-RN";"UOP01-DEL02-RN"
454827;2022-06-09;"quinta-feira";"12:35:00";"BA";324;516;"FEIRA DE SANTANA";"Retorno proibido";"Colisão transversal";"Com Vítimas Feridas";"Pleno dia";"Crescente";"Céu Claro";"Simples";"Reta";"Sim";2;0;0;1;1;0;1;2;-12,2417119;-38,93768485;"SPRF-BA";"DEL02-BA";"UOP01-DEL02-BA"
454828;2022-03-29;"terça-feira";"13:40:00";"RJ";101;478,4;"ANGRA DOS REIS";"Reação tardia ou ineficiente do condutor";"Colisão traseira";"Com Vítimas Feridas";"Pleno dia";"Decrescente";"Nublado";"Simples";"Reta";"Sim";4;0;1;1;2;0;2;2;-23,00246527;-44,27270594;"SPRF-RJ";"DEL03-RJ";"UOP03-DEL03-RJ"
454829;2022-06-09;"quinta-feira";"13:45:00";"GO";50;274;"CATALAO";"Acessar a via sem observar a presença dos outros veículos";"Colisão traseira";"Com Vítimas Feridas";"Pleno dia";"Crescente";"Sol";"Dupla";"Reta";"Não";2;0;1;0;1;0;1;2;-18,1392;-47,9059;"SPRF-GO";"DEL06-GO";"UOP01-DEL06-GO"
454830;2022-06-09;"quinta-feira";"12:20:00";"BA";101;508;"ITABUNA";"Acessar a via sem observar a presença dos outros veículos";"Queda de ocupante de veículo";"Com Vítimas Feridas";"Pleno dia";"Crescente";"Céu Claro";"Simples";"Interseção de Vias";"Não";3;0;2;0;1;0;2;2;-14,97000197;-39,31996203;"SPRF-BA";"DEL05-BA";"UOP01-DEL05-BA"
454831;2022-06-09;"quinta-feira";"13:50:00";"RN";101;95;"NATAL";"Condutor deixou de manter distância do veículo da frente";"Engavetamento";"Com Vítimas Feridas";"Pleno dia";"Decrescente";"Chuva";"Dupla";"Reta";"Sim";3;0;1;0;2;0;1;3;-5,84076841;-35,21035949;"SPRF-RN";"DEL01-RN";"UOP01-DEL01-RN"
454834;2022-06-06;"segunda-feira";"08:30:00";"PE";0;0;"RECIFE";"Acesso irregular";"Colisão com objeto";"Sem Vítimas";"Pleno dia";"Não Informado";"Chuva";"Simples";"Reta";"Sim";1;0;0;0;1;0;0;1;-8,095195;-34,8858157;"SPRF-PE";"N/A";"N/A"
454836;2022-06-09;"quinta-feira";"13:30:00";"RS";480;72,5;"ERECHIM";"Acessar a via sem observar a presença dos outros veículos";"Colisão transversal";"Com Vítimas Feridas";"Pleno dia";"Crescente";"Nublado";"Simples";"Reta";"Sim";2;0;1;0;1;0;1;2;-27,6399839;-52,30602492;"SPRF-RS";"DEL08-RS";"UOP04-DEL08-RS"
454842;2022-06-09;"quinta-feira";"14:55:00";"SC";101;373;"ICARA";"Ausência de reação do condutor";"Saída de leito carroçável";"Com Vítimas Feridas";"Pleno dia";"Crescente";"Céu Claro";"Dupla";"Reta";"Não";1;0;0;1;0;0;1;1;-28,7132671;-49,21763596;"SPRF-SC";"DEL02-SC";"UOP01-DEL02-SC"
454843;2022-06-09;"quinta-feira";"08:30:00";"MA";135;283;"SANTO ANTONIO DOS LOPES";"Manobra de mudança de faixa";"Queda de ocupante de veículo";"Com Vítimas Feridas";"Pleno dia";"Decrescente";"Céu Claro";"Simples";"Curva";"Não";2;0;0;1;0;1;1;2;-4,84673314;-44,33738708;"SPRF-MA";"DEL03-MA";"UOP01-DEL03-MA"
454844;2022-06-09;"quinta-feira";"15:30:00";"DF";70;3,8;"BRASILIA";"Condutor deixou de manter distância do veículo da frente";"Colisão traseira";"Com Vítimas Feridas";"Pleno dia";"Decrescente";"Céu Claro";"Dupla";"Reta";"Sim";3;0;0;1;0;2;1;3;-15,802453;-48,080387;"SPRF-DF";"DEL03-DF";"UOP02-DEL03-DF"
454848;2022-06-09;"quinta-feira";"16:10:00";"ES";101;204;"JOAO NEIVA";"Acessar a via sem observar a presença dos outros veículos";"Colisão transversal";"Com Vítimas Feridas";"Pleno dia";"Decrescente";"Nublado";"Simples";"Reta";"Sim";2;0;1;0;1;0;1;2;-19,74948916;-40,37922678;"SPRF-ES";"DEL02-ES";"UOP01-DEL02-ES"
454850;2022-05-31;"terça-feira";"11:25:00";"BA";116;16;"VITORIA DA CONQUISTA";"Desrespeitar a preferência no cruzamento";"Colisão transversal";"Com Vítimas Feridas";"Pleno dia";"Crescente";"Céu Claro";"Simples";"Interseção de Vias";"Não";2;0;1;0;1;0;1;2;-14,90246719;-40,84471334;"SPRF-BA";"DEL08-BA";"UOP01-DEL08-BA"
454851;2022-06-09;"quinta-feira";"16:20:00";"GO";60;164;"GOIANIA";"Mal súbito do condutor";"Capotamento";"Com Vítimas Feridas";"Pleno dia";"Crescente";"Céu Claro";"Dupla";"Reta";"Sim";2;0;1;0;1;0;1;1;-16,7036;-49,342;"SPRF-GO";"DEL01-GO";"UOP02-DEL01-GO"
454852;2022-06-09;"quinta-feira";"16:00:00";"PR";116;98,6;"SAO JOSE DOS PINHAIS";"Acesso irregular";"Colisão traseira";"Com Vítimas Feridas";"Pleno dia";"Crescente";"Céu Claro";"Simples";"Interseção de Vias;Curva";"Sim";3;0;1;0;2;0;1;2;-25,55667742;-49,15008008;"SPRF-PR";"DEL01-PR";"UOP01-DEL01-PR"
454853;2022-06-09;"quinta-feira";"14:25:00";"SC";282;191;"LAGES";"Reação tardia ou ineficiente do condutor";"Colisão traseira";"Sem Vítimas";"Pleno dia";"Decrescente";"Garoa/Chuvisco";"Simples";"Em Obras;Declive";"Não";9;0;0;0;9;0;0;2;-27,739349;-50,046421;"SPRF-SC";"DEL05-SC";"UOP01-DEL05-SC"
454854;2022-06-09;"quinta-feira";"12:30:00";"PR";369;37,6;"ANDIRA";"Acessar a via sem observar a presença dos outros veículos";"Colisão transversal";"Com Vítimas Feridas";"Pleno dia";"Decrescente";"Nublado";"Simples";"Reta";"Sim";3;0;2;0;1;0;2;2;-23,0468375;-50,2347679;"SPRF-PR";"DEL07-PR";"UOP01-DEL07-PR"
454856;2022-06-09;"quinta-feira";"17:00:00";"RS";285;457,7;"IJUI";"Transitar no acostamento";"Colisão transversal";"Com Vítimas Feridas";"Pleno dia";"Crescente";"Céu Claro";"Simples";"Em Obras;Reta";"Sim";2;0;1;0;1;0;1;2;-28,403237;-53,899047;"SPRF-RS";"DEL10-RS";"UOP01-DEL10-RS"
454857;2022-06-09;"quinta-feira";"17:10:00";"MG";381;500,5;"BETIM";"Objeto estático sobre o leito carroçável";"Tombamento";"Com Vítimas Feridas";"Pleno dia";"Crescente";"Céu Claro";"Dupla";"Reta";"Sim";1;0;0;1;0;0;1;1;-20,02513493;-44,23112709;"SPRF-MG";"DEL01-MG";"UOP03-DEL01-MG"
454858;2022-06-09;"quinta-feira";"16:15:00";"MS";158;75;"PARANAIBA";"Pista Escorregadia";"Saída de leito carroçável";"Com Vítimas Feridas";"Pleno dia";"Crescente";"Garoa/Chuvisco";"Simples";"Reta";"Não";1;0;1;0;0;0;1;1;-19,53525103;-51,26533504;"SPRF-MS";"DEL08-MS";"UOP01-DEL08-MS"
454862;2022-06-09;"quinta-feira";"16:30:00";"PI";316;313;"PICOS";"Acessar a via sem observar a presença dos outros veículos";"Colisão transversal";"Com Vítimas Feridas";"Pleno dia";"Crescente";"Céu Claro";"Simples";"Reta";"Sim";2;0;1;0;1;0;1;2;-7,07959049;-41,44975182;"SPRF-PI";"DEL04-PI";"UOP01-DEL04-PI"
454863;2022-06-09;"quinta-feira";"17:00:00";"MG";365;400;"PATOS DE MINAS";"Objeto estático sobre o leito carroçável";"Tombamento";"Com Vítimas Feridas";"Pleno dia";"Crescente";"Sol";"Simples";"Reta";"Não";1;0;1;0;0;0;1;1;-18,63189685;-46,42945399;"SPRF-MG";"DEL10-MG";"UOP01-DEL10-MG"
454864;2022-06-09;"quinta-feira";"17:10:00";"SC";470;87,1;"ASCURRA";"Ausência de reação do condutor";"Colisão traseira";"Com Vítimas Feridas";"Anoitecer";"Crescente";"Chuva";"Simples";"Reta";"Não";2;0;0;1;1;0;1;2;-26,948483;-49,366833;"SPRF-SC";"DEL04-SC";"UOP01-DEL04-SC"
454865;2022-06-09;"quinta-feira";"17:25:00";"PR";376;491;"PONTA GROSSA";"Pista Escorregadia";"Tombamento";"Sem Vítimas";"Anoitecer";"Crescente";"Chuva";"Dupla";"Aclive";"Sim";1;0;0;0;0;1;0;1;-25,10659231;-50,19261902;"SPRF-PR";"DEL03-PR";"UOP01-DEL03-PR"
454868;2022-05-24;"terça-feira";"08:33:00";"ES";101;417,6;"CACHOEIRO DE ITAPEMIRIM";"Ultrapassagem Indevida";"Saída de leito carroçável";"Com Vítimas Feridas";"Pleno dia";"Decrescente";"Céu Claro";"Simples";"Curva";"Não";5;0;2;2;1;0;4;2;-20,94689796;-41,08919209;"SPRF-ES";"DEL03-ES";"UOP02-DEL03-ES"
454869;2022-06-09;"quinta-feira";"17:38:00";"SC";101;203;"SAO JOSE";"Desrespeitar a preferência no cruzamento";"Colisão transversal";"Com Vítimas Feridas";"Plena Noite";"Decrescente";"Céu Claro";"Dupla";"Rotatória";"Sim";2;0;0;1;1;0;1;2;-27,5650044;-48,61460082;"SPRF-SC";"DEL01-SC";"UOP01-DEL01-SC"
454871;2022-06-09;"quinta-feira";"18:00:00";"RS";116;2;"PORTO ALEGRE";"Ausência de reação do condutor";"Colisão traseira";"Sem Vítimas";"Anoitecer";"Decrescente";"Céu Claro";"Dupla";"Reta";"Sim";5;0;0;0;5;0;0;2;-29,99157782;-51,18513292;"SPRF-RS";"DEL01-RS";"UOP01-DEL01-RS"
454872;2022-06-09;"quinta-feira";"18:10:00";"BA";116;452;"ANTONIO CARDOSO";"Velocidade Incompatível";"Saída de leito carroçável";"Com Vítimas Feridas";"Plena Noite";"Decrescente";"Céu Claro";"Dupla";"Declive";"Não";2;0;1;0;1;0;1;1;-12,38957672;-39,14396716;"SPRF-BA";"DEL02-BA";"UOP01-DEL02-BA"
454873;2022-06-09;"quinta-feira";"18:09:00";"PR";469;16;"FOZ DO IGUACU";"Ingestão de álcool pelo condutor";"Colisão traseira";"Sem Vítimas";"Anoitecer";"Decrescente";"Nublado";"Simples";"Interseção de Vias";"Sim";2;0;0;0;2;0;0;2;-25,58165949;-54,5285368;"SPRF-PR";"DEL05-PR";"UOP04-DEL05-PR"
454875;2022-06-09;"quinta-feira";"17:55:00";"RJ";465;13,5;"SEROPEDICA";"Entrada inopinada do pedestre";"Atropelamento de Pedestre";"Com Vítimas Feridas";"Plena Noite";"Decrescente";"Nublado";"Simples";"Reta";"Sim";2;0;1;0;1;0;1;2;-22,80296;-43,641669;"SPRF-RJ";"DEL01-RJ";"UOP03-DEL01-RJ"
454876;2022-06-09;"quinta-feira";"17:20:00";"PR";153;336;"IRATI";"Reação tardia ou ineficiente do condutor";"Colisão traseira";"Com Vítimas Feridas";"Plena Noite";"Crescente";"Chuva";"Simples";"Reta";"Sim";2;0;1;0;1;0;1;2;-25,49753795;-50,64815515;"SPRF-PR";"DEL08-PR";"UOP02-DEL08-PR"
454877;2022-06-09;"quinta-feira";"18:00:00";"MG";365;671,7;"MONTE ALEGRE DE MINAS";"Entrada inopinada do pedestre";"Atropelamento de Pedestre";"Com Vítimas Fatais";"Plena Noite";"Decrescente";"Nublado";"Dupla";"Declive;Reta";"Não";2;1;1;0;0;0;1;2;-18,87919566;-48,74332477;"SPRF-MG";"DEL15-MG";"UOP01-DEL15-MG"
454878;2022-06-09;"quinta-feira";"18:30:00";"RS";116;267,9;"CANOAS";"Ausência de reação do condutor";"Colisão traseira";"Com Vítimas Feridas";"Anoitecer";"Decrescente";"Nublado";"Dupla";"Reta";"Sim";4;0;2;0;1;1;2;3;-29,94142398;-51,17697062;"SPRF-RS";"DEL01-RS";"UOP01-DEL01-RS"
454879;2022-06-09;"quinta-feira";"18:33:00";"ES";101;297,5;"VIANA";"Reação tardia ou ineficiente do condutor";"Queda de ocupante de veículo";"Com Vítimas Feridas";"Plena Noite";"Decrescente";"Céu Claro";"Dupla";"Reta";"Não";1;0;1;0;0;0;1;1;-20,34529844;-40,41026774;"SPRF-ES";"DEL01-ES";"UOP01-DEL01-ES"
454880;2022-06-09;"quinta-feira";"18:00:00";"SC";282;16,9;"PALHOCA";"Ultrapassagem Indevida";"Queda de ocupante de veículo";"Com Vítimas Feridas";"Plena Noite";"Decrescente";"Céu Claro";"Simples";"Reta";"Não";2;0;0;1;1;0;1;2;-27,665707;-48,688065;"SPRF-SC";"DEL01-SC";"UOP02-DEL01-SC"
454881;2022-06-09;"quinta-feira";"16:10:00";"MG";262;453,7;"NOVA SERRANA";"Mal súbito do condutor";"Colisão transversal";"Com Vítimas Fatais";"Anoitecer";"Crescente";"Céu Claro";"Simples";"Reta";"Não";3;1;0;0;2;0;0;2;-19,8563698;-45,01560692;"SPRF-MG";"DEL08-MG";"UOP03-DEL08-MG"
454882;2022-06-09;"quinta-feira";"18:10:00";"SC";280;50,3;"GUARAMIRIM";"Mal súbito do condutor";"Saída de leito carroçável";"Com Vítimas Feridas";"Plena Noite";"Decrescente";"Chuva";"Simples";"Reta";"Sim";1;0;1;0;0;0;1;1;-26,46127592;-48,94387722;"SPRF-SC";"DEL03-SC";"UOP03-DEL03-SC"
454883;2022-06-09;"quinta-feira";"18:30:00";"PA";308;195;"BRAGANCA";"Transitar na contramão";"Colisão frontal";"Com Vítimas Fatais";"Plena Noite";"Crescente";"Chuva";"Simples";"Reta";"Não";2;1;0;1;0;0;1;2;-1,067527;-46,83103;"SPRF-PA";"DEL01-PA";"UOP03-DEL01-PA"
454884;2022-06-09;"quinta-feira";"18:50:00";"SC";101;123;"ITAJAI";"Ausência de reação do condutor";"Colisão traseira";"Com Vítimas Feridas";"Anoitecer";"Decrescente";"Céu Claro";"Dupla";"Ponte";"Sim";2;0;0;1;1;0;1;2;-26,93668609;-48,69876905;"SPRF-SC";"DEL04-SC";"UOP04-DEL04-SC"
454885;2022-01-09;"domingo";"15:15:00";"RJ";101;508;"ANGRA DOS REIS";"Pista Escorregadia";"Colisão frontal";"Com Vítimas Feridas";"Pleno dia";"Decrescente";"Chuva";"Simples";"Curva";"Não";12;0;6;6;0;0;12;2;-22,94163902;-44,42239099;"SPRF-RJ";"DEL03-RJ";"UOP02-DEL03-RJ"
454886;2022-06-09;"quinta-feira";"19:00:00";"SC";101;123;"ITAJAI";"Manobra de mudança de faixa";"Colisão lateral mesmo sentido";"Com Vítimas Feridas";"Plena Noite";"Crescente";"Nublado";"Dupla";"Viaduto";"Não";3;0;1;0;2;0;1;2;-26,93668609;-48,69876905;"SPRF-SC";"DEL04-SC";"UOP04-DEL04-SC"
454887;2022-06-09;"quinta-feira";"19:15:00";"PE";232;540;"TERRA NOVA";"Ingestão de álcool pelo condutor";"Queda de ocupante de veículo";"Com Vítimas Feridas";"Plena Noite";"Crescente";"Céu Claro";"Simples";"Reta";"Sim";2;0;2;0;0;0;2;1;-8,08314316;-39,40479496;"SPRF-PE";"DEL05-PE";"UOP01-DEL05-PE"
454890;2022-06-09;"quinta-feira";"17:03:00";"MG";381;936;"EXTREMA";"Velocidade Incompatível";"Saída de leito carroçável";"Sem Vítimas";"Pleno dia";"Crescente";"Chuva";"Dupla";"Curva";"Não";1;0;0;0;1;0;0;1;-22,82914914;-46,31469547;"SPRF-MG";"DEL16-MG";"UOP03-DEL16-MG"
454891;2022-06-09;"quinta-feira";"18:20:00";"GO";153;203;"URUACU";"Acessar a via sem observar a presença dos outros veículos";"Colisão transversal";"Com Vítimas Feridas";"Plena Noite";"Crescente";"Ignorado";"Simples";"Interseção de Vias";"Sim";4;0;0;3;0;1;3;3;-14,537633;-49,161839;"SPRF-GO";"DEL07-GO";"UOP02-DEL07-GO"
454892;2022-06-09;"quinta-feira";"18:50:00";"PR";369;146;"LONDRINA";"Reação tardia ou ineficiente do condutor";"Engavetamento";"Com Vítimas Feridas";"Plena Noite";"Crescente";"Garoa/Chuvisco";"Dupla";"Declive";"Sim";4;0;1;0;3;0;1;4;-23,293102;-51,129113;"SPRF-PR";"DEL07-PR";"UOP01-DEL07-PR"
454893;2022-06-09;"quinta-feira";"19:25:00";"SC";280;6,2;"SAO FRANCISCO DO SUL";"Chuva";"Colisão lateral mesmo sentido";"Com Vítimas Feridas";"Plena Noite";"Decrescente";"Chuva";"Simples";"Reta";"Sim";2;0;0;1;1;0;1;2;-26,26569095;-48,63361804;"SPRF-SC";"DEL03-SC";"UOP03-DEL03-SC"
454895;2022-06-09;"quinta-feira";"18:50:00";"SP";116;108,7;"TAUBATE";"Condutor deixou de manter distância do veículo da frente";"Engavetamento";"Sem Vítimas";"Plena Noite";"Decrescente";"Chuva";"Dupla";"Reta";"Sim";4;0;0;0;3;1;0;3;-23,02871304;-45,54517097;"SPRF-SP";"DEL08-SP";"UOP01-DEL08-SP"
454897;2022-06-09;"quinta-feira";"17:15:00";"RS";290;568;"ALEGRETE";"Ausência de reação do condutor";"Saída de leito carroçável";"Com Vítimas Feridas";"Pleno dia";"Crescente";"Nublado";"Simples";"Reta";"Não";1;0;1;0;0;0;1;1;-29,843456;-55,662182;"SPRF-RS";"DEL13-RS";"UOP02-DEL13-RS"
454899;2022-06-09;"quinta-feira";"20:00:00";"RJ";116;168;"SAO JOAO DE MERITI";"Velocidade Incompatível";"Engavetamento";"Com Vítimas Feridas";"Plena Noite";"Decrescente";"Nublado";"Dupla";"Reta";"Sim";2;0;1;0;1;0;1;2;-22,819969;-43,31499997;"SPRF-RJ";"DEL01-RJ";"UOP02-DEL01-RJ"
454900;2022-06-09;"quinta-feira";"18:19:00";"AP";210;5,4;"MACAPA";"Acessar a via sem observar a presença dos outros veículos";"Colisão transversal";"Com Vítimas Feridas";"Anoitecer";"Crescente";"Céu Claro";"Dupla";"Reta";"Sim";3;0;3;0;0;0;3;2;0,093267;-51,11075;"SPRF-AP";"DEL01-AP";"UOP01-DEL01-AP"
454901;2022-06-09;"quinta-feira";"15:45:00";"MG";50;203,4;"DELTA";"Chuva";"Colisão com objeto";"Com Vítimas Feridas";"Pleno dia";"Crescente";"Garoa/Chuvisco";"Dupla";"Reta";"Não";2;0;1;0;1;0;1;1;-19,92627147;-47,82191068;"SPRF-MG";"DEL13-MG";"UOP01-DEL13-MG"
454902;2022-06-09;"quinta-feira";"20:05:00";"MG";262;11,3;"MARTINS SOARES";"Acessar a via sem observar a presença dos outros veículos";"Colisão transversal";"Com Vítimas Feridas";"Plena Noite";"Crescente";"Céu Claro";"Simples";"Reta";"Não";2;0;1;0;1;0;1;2;-20,246508;-41,846962;"SPRF-MG";"DEL06-MG";"UOP03-DEL06-MG"