"id";"data_inversa";"dia_semana";"horario";"uf";"br";"km";"municipio";"causa_acidente";"tipo_acidente";"classificacao_acidente";"fase_dia";"sentido_via";"condicao_metereologica";"tipo_pista";"tracado_via";"uso_solo";"pessoas";"mortos";"feridos_leves";"feridos_graves";"ilesos";"ignorados";"feridos";"veiculos";"latitude";"longitude";"regional";"delegacia";"uop"
454903;2022-06-09;"quinta-feira";"20:25:00";"GO";60;178;"ABADIA DE GOIAS";"Animais na Pista";"Atropelamento de Animal";"Com Vítimas Feridas";"Plena Noite";"Crescente";"Céu Claro";"Dupla";"Reta;Aclive";"Não";1;0;1;0;0;0;1;1;-16,7602;-49,4578;"SPRF-GO";"DEL01-GO";"UOP02-DEL01-GO"
454905;2022-06-09;"quinta-feira";"19:10:00";"SP";116;230;"SAO PAULO";"Acessar a via sem observar a presença dos outros veículos";"Atropelamento de Pedestre";"Com Vítimas Feridas";"Plena Noite";"Decrescente";"Chuva";"Dupla";"Reta";"Sim";2;0;0;1;0;1;1;2;-23,52251783;-46,5855702;"SPRF-SP";"DEL01-SP";"UOP01-DEL01-SP"
454906;2022-06-09;"quinta-feira";"20:00:00";"PR";369;58;"BANDEIRANTES";"Ultrapassagem Indevida";"Colisão lateral mesmo sentido";"Com Vítimas Feridas";"Plena Noite";"Crescente";"Nublado";"Simples";"Interseção de Vias;Reta";"Sim";2;0;1;0;0;1;1;2;-23,11845061;-50,37609469;"SPRF-PR";"DEL07-PR";"UOP01-DEL07-PR"
454907;2022-06-09;"quinta-feira";"18:40:00";"PB";230;215;"SOLEDADE";"Acessar a via sem observar a presença dos outros veículos";"Colisão transversal";"Com Vítimas Feridas";"Plena Noite";"Crescente";"Nublado";"Simples";"Reta";"Sim";2;0;1;0;1;0;1;2;-7,0577;-36,3629;"SPRF-PB";"DEL02-PB";"UOP02-DEL02-PB"
454908;2022-06-09;"quinta-feira";"20:30:00";"ES";101;79;"SAO MATEUS";"Reação tardia ou ineficiente do condutor";"Tombamento";"Com Vítimas Feridas";"Plena Noite";"Crescente";"Céu Claro";"Simples";"Reta";"Não";1;0;1;0;0;0;1;1;-18,81417602;-39,90121797;"SPRF-ES";"DEL04-ES";"UOP02-DEL04-ES"
454909;2022-06-09;"quinta-feira";"20:50:00";"PI";316;1,9;"TERESINA";"Ingestão de álcool e/ou substâncias psicoativas pelo pedestre";"Colisão transversal";"Com Vítimas Feridas";"Plena Noite";"Decrescente";"Céu Claro";"Simples";"Rotatória";"Não";3;0;1;0;2;0;1;2;-5,12861853;-42,80706778;"SPRF-PI";"DEL01-PI";"UOP02-DEL01-PI"
454911;2022-06-09;"quinta-feira";"19:50:00";"MS";158;51;"PARANAIBA";"Acostamento em desnível";"Colisão com objeto";"Com Vítimas Feridas";"Plena Noite";"Crescente";"Nevoeiro/Neblina";"Simples";"Reta";"Não";1;0;1;0;0;0;1;1;-19,38373911;-51,43499208;"SPRF-MS";"DEL08-MS";"UOP01-DEL08-MS"
454912;2022-06-09;"quinta-feira";"20:32:00";"RJ";40;122;"DUQUE DE CAXIAS";"Reação tardia ou ineficiente do condutor";"Colisão com objeto";"Com Vítimas Feridas";"Plena Noite";"Crescente";"Nublado";"Múltipla";"Reta";"Sim";2;0;1;0;1;0;1;1;-22,79083113;-43,28611569;"SPRF-RJ";"DEL01-RJ";"UOP01-DEL01-RJ"
454913;2022-06-09;"quinta-feira";"21:00:00";"SP";116;223,5;"GUARULHOS";"Demais falhas mecânicas ou elétricas";"Incêndio";"Sem Vítimas";"Plena Noite";"Decrescente";"Garoa/Chuvisco";"Dupla";"Reta";"Sim";1;0;0;0;1;0;0;1;-23,47559815;-46,5246609;"SPRF-SP";"DEL01-SP";"UOP01-DEL01-SP"
454914;2022-06-09;"quinta-feira";"20:30:00";"RJ";116;306;"BARRA MANSA";"Reação tardia ou ineficiente do condutor";"Colisão frontal";"Com Vítimas Feridas";"Plena Noite";"Crescente";"Céu Claro";"Simples";"Reta";"Não";2;0;1;0;1;0;1;2;-22,55606865;-44,13021704;"SPRF-RJ";"DEL07-RJ";"UOP02-DEL07-RJ"
454915;2022-06-09;"quinta-feira";"21:10:00";"ES";101;335,9;"GUARAPARI";"Animais na Pista";"Atropelamento de Animal";"Com Vítimas Feridas";"Plena Noite";"Decrescente";"Céu Claro";"Dupla";"Curva";"Sim";8;0;1;0;6;1;1;3;-20,62834446;-40,53656038;"SPRF-ES";"DEL03-ES";"UOP01-DEL03-ES"
454916;2022-06-09;"quinta-feira";"17:40:00";"BA";30;239;"GUANAMBI";"Ausência de reação do condutor";"Saída de leito carroçável";"Com Vítimas Fatais";"Anoitecer";"Decrescente";"Céu Claro";"Simples";"Declive;Reta";"Não";1;1;0;0;0;0;0;1;-14,12193849;-42,61332635;"SPRF-BA";"DEL08-BA";"UOP01-DEL08-BA"
454918;2022-06-09;"quinta-feira";"19:30:00";"PI";343;312;"ALTOS";"Entrada inopinada do pedestre";"Atropelamento de Pedestre";"Com Vítimas Feridas";"Plena Noite";"Decrescente";"Céu Claro";"Simples";"Declive";"Não";2;0;1;0;0;1;1;2;-5,041864;-42,502338;"SPRF-PI";"DEL01-PI";"UOP01-DEL01-PI"
454919;2022-06-09;"quinta-feira";"19:00:00";"MT";364;434;"VARZEA GRANDE";"Acessar a via sem observar a presença dos outros veículos";"Colisão transversal";"Com Vítimas Feridas";"Plena Noite";"Crescente";"Chuva";"Simples";"Interseção de Vias";"Sim";2;0;0;1;1;0;1;2;-15,6491703;-56,19543314;"SPRF-MT";"DEL01-MT";"UOP02-DEL01-MT"
454921;2022-06-09;"quinta-feira";"19:50:00";"PB";230;350,5;"PATOS";"Ausência de reação do condutor";"Tombamento";"Com Vítimas Feridas";"Pleno dia";"Decrescente";"Céu Claro";"Simples";"Reta";"Não";2;0;1;1;0;0;2;1;-6,9504;-37,3885;"SPRF-PB";"DEL03-PB";"UOP01-DEL03-PB"
454923;2022-06-09;"quinta-feira";"22:30:00";"RN";101;109;"PARNAMIRIM";"Transitar no acostamento";"Atropelamento de Pedestre";"Com Vítimas Feridas";"Plena Noite";"Crescente";"Céu Claro";"Dupla";"Aclive";"Sim";2;0;0;1;0;1;1;2;-5,937378;-35,26483;"SPRF-RN";"DEL01-RN";"UOP01-DEL01-RN"
454925;2022-06-09;"quinta-feira";"23:20:00";"PR";116;117;"CURITIBA";"Reação tardia ou ineficiente do condutor";"Colisão traseira";"Com Vítimas Feridas";"Plena Noite";"Crescente";"Chuva";"Dupla";"Curva";"Sim";6;0;4;0;1;1;4;3;-25,54988723;-49,28248211;"SPRF-PR";"DEL01-PR";"UOP06-DEL01-PR"
454928;2022-06-09;"quinta-feira";"23:10:00";"PE";232;409;"SERRA TALHADA";"Ingestão de álcool pelo condutor";"Colisão transversal";"Com Vítimas Feridas";"Plena Noite";"Decrescente";"Céu Claro";"Simples";"Curva";"Sim";4;0;0;1;3;0;1;2;-7,981944;-38,289467;"SPRF-PE";"DEL04-PE";"UOP01-DEL04-PE"
454930;2022-06-10;"sexta-feira";"01:40:00";"SC";282;505,2;"XANXERE";"Ingestão de álcool pelo condutor";"Saída de leito carroçável";"Com Vítimas Feridas";"Plena Noite";"Crescente";"Nublado";"Simples";"Aclive;Reta";"Sim";1;0;1;0;0;0;1;1;-26,885664;-52,418874;"SPRF-SC";"DEL07-SC";"UOP01-DEL07-SC"
454931;2022-06-10;"sexta-feira";"00:35:00";"RS";285;121,7;"VACARIA";"Ingestão de álcool pelo condutor";"Colisão com objeto";"Com Vítimas Feridas";"Plena Noite";"Decrescente";"Nublado";"Simples";"Rotatória";"Sim";1;0;1;0;0;0;1;1;-28,510252;-50,935688;"SPRF-RS";"DEL05-RS";"UOP03-DEL05-RS"
454933;2022-06-10;"sexta-feira";"02:40:00";"SC";470;65,8;"INDAIAL";"Ausência de reação do condutor";"Saída de leito carroçável";"Com Vítimas Feridas";"Plena Noite";"Crescente";"Nublado";"Simples";"Reta";"Não";1;0;1;0;0;0;1;1;-26,870411;-49,211864;"SPRF-SC";"DEL04-SC";"UOP01-DEL04-SC"
454934;2022-06-10;"sexta-feira";"03:40:00";"SC";101;338;"TUBARAO";"Demais falhas mecânicas ou elétricas";"Colisão com objeto";"Com Vítimas Feridas";"Plena Noite";"Decrescente";"Céu Claro";"Múltipla";"Interseção de Vias";"Sim";1;0;1;0;0;0;1;1;-28,485725;-49,03726;"SPRF-SC";"DEL02-SC";"UOP01-DEL02-SC"
454937;2022-06-10;"sexta-feira";"04:00:00";"CE";222;5,1;"CAUCAIA";"Ausência de reação do condutor";"Colisão transversal";"Com Vítimas Feridas";"Plena Noite";"Crescente";"Céu Claro";"Múltipla";"Reta";"Sim";2;0;0;1;0;1;1;2;-3,74296918;-38,61330997;"SPRF-CE";"DEL01-CE";"UOP01-DEL01-CE"
454940;2022-06-10;"sexta-feira";"05:00:00";"RJ";116;320;"ITATIAIA";"Animais na Pista";"Saída de leito carroçável";"Com Vítimas Feridas";"Amanhecer";"Crescente";"Nevoeiro/Neblina";"Dupla";"Curva";"Sim";1;0;1;0;0;0;1;1;-22,47656315;-44,52710689;"SPRF-RJ";"DEL07-RJ";"UOP02-DEL07-RJ"
454942;2022-06-10;"sexta-feira";"04:30:00";"PB";230;178,1;"POCINHOS";"Ingestão de álcool pelo condutor";"Colisão traseira";"Sem Vítimas";"Plena Noite";"Crescente";"Nublado";"Simples";"Reta";"Não";2;0;0;0;1;1;0;2;-7,165117;-36,04835;"SPRF-PB";"DEL02-PB";"UOP02-DEL02-PB"
454944;2022-06-10;"sexta-feira";"06:00:00";"SC";101;131;"BALNEARIO CAMBORIU";"Avarias e/ou desgaste excessivo no pneu";"Tombamento";"Com Vítimas Feridas";"Amanhecer";"Decrescente";"Chuva";"Dupla";"Reta";"Não";1;0;1;0;0;0;1;1;-26,99064209;-48,66310912;"SPRF-SC";"DEL04-SC";"UOP03-DEL04-SC"
454946;2022-06-10;"sexta-feira";"05:00:00";"RJ";116;66;"TERESOPOLIS";"Ausência de reação do condutor";"Tombamento";"Com Vítimas Feridas";"Plena Noite";"Crescente";"Nublado";"Simples";"Reta";"Sim";1;0;1;0;0;0;1;1;-22,28530513;-42,9306046;"SPRF-RJ";"DEL04-RJ";"UOP01-DEL04-RJ"
454947;2022-06-10;"sexta-feira";"06:00:00";"GO";50;288,8;"CATALAO";"Transitar no acostamento";"Colisão lateral mesmo sentido";"Com Vítimas Feridas";"Amanhecer";"Decrescente";"Céu Claro";"Dupla";"Interseção de Vias;Reta";"Não";2;0;1;0;0;1;1;2;-18,2333;-47,9829;"SPRF-GO";"DEL06-GO";"UOP01-DEL06-GO"
454948;2022-06-10;"sexta-feira";"05:40:00";"MG";381;452;"SABARA";"Ingestão de álcool pelo condutor";"Saída de leito carroçável";"Sem Vítimas";"Amanhecer";"Decrescente";"Céu Claro";"Simples";"Reta";"Sim";1;0;0;0;1;0;0;1;-19,84339604;-43,88596993;"SPRF-MG";"DEL01-MG";"UOP01-DEL01-MG"
454949;2022-06-10;"sexta-feira";"07:30:00";"DF";20;7,2;"BRASILIA";"Reação tardia ou ineficiente do condutor";"Colisão traseira";"Com Vítimas Feridas";"Pleno dia";"Decrescente";"Céu Claro";"Dupla";"Declive;Reta";"Sim";3;0;1;0;2;0;1;2;-15,662208;-47,799866;"SPRF-DF";"DEL02-DF";"UOP01-DEL02-DF"
454951;2022-06-10;"sexta-feira";"06:30:00";"SP";381;90;"GUARULHOS";"Pista Escorregadia";"Colisão com objeto";"Com Vítimas Feridas";"Pleno dia";"Crescente";"Chuva";"Dupla";"Reta";"Sim";1;0;1;0;0;0;1;1;-23,49479479;-46,55959864;"SPRF-SP";"DEL03-SP";"UOP01-DEL03-SP"
454953;2022-06-10;"sexta-feira";"06:20:00";"RS";153;623;"HULHA NEGRA";"Pista Escorregadia";"Saída de leito carroçável";"Com Vítimas Feridas";"Plena Noite";"Decrescente";"Garoa/Chuvisco";"Simples";"Reta";"Não";2;0;2;0;0;0;2;1;-31,32783285;-53,97926331;"SPRF-RS";"DEL11-RS";"UOP03-DEL11-RS"
454954;2022-06-10;"sexta-feira";"07:00:00";"SP";116;207;"GUARULHOS";"Condutor deixou de manter distância do veículo da frente";"Engavetamento";"Com Vítimas Feridas";"Pleno dia";"Crescente";"Garoa/Chuvisco";"Múltipla";"Reta";"Sim";5;0;0;1;4;0;1;4;-23,41972188;-46,38419203;"SPRF-SP";"DEL01-SP";"UOP01-DEL01-SP"
454956;2022-06-10;"sexta-feira";"07:00:00";"PR";376;507;"PONTA GROSSA";"Acesso irregular";"Colisão com objeto";"Com Vítimas Feridas";"Pleno dia";"Crescente";"Céu Claro";"Dupla";"Reta";"Não";4;0;1;0;3;0;1;1;-25,24704785;-50,02183083;"SPRF-PR";"DEL03-PR";"UOP01-DEL03-PR"
454957;2022-06-10;"sexta-feira";"07:40:00";"MG";381;355;"JOAO MONLEVADE";"Reação tardia ou ineficiente do condutor";"Colisão lateral sentido oposto";"Sem Vítimas";"Pleno dia";"Decrescente";"Céu Claro";"Simples";"Curva";"Não";2;0;0;0;1;1;0;2;-19,84112398;-43,199388;"SPRF-MG";"DEL03-MG";"UOP01-DEL03-MG"
454958;2022-06-10;"sexta-feira";"06:45:00";"RS";285;563,8;"SAO LUIZ GONZAGA";"Acessar a via sem observar a presença dos outros veículos";"Colisão transversal";"Com Vítimas Feridas";"Plena Noite";"Crescente";"Nublado";"Simples";"Reta";"Sim";2;0;0;1;1;0;1;2;-28,41718287;-54,93833542;"SPRF-RS";"DEL10-RS";"UOP01-DEL10-RS"
454960;2022-06-10;"sexta-feira";"08:00:00";"RN";101;97;"NATAL";"Trafegar com motocicleta (ou similar) entre as faixas";"Colisão traseira";"Com Vítimas Feridas";"Pleno dia";"Decrescente";"Céu Claro";"Simples";"Declive";"Sim";2;0;1;0;1;0;1;2;-5,85758898;-35,21271205;"SPRF-RN";"DEL01-RN";"UOP01-DEL01-RN"
454961;2022-06-10;"sexta-feira";"07:40:00";"MG";381;828;"SAO SEBASTIAO DA BELA VISTA";"Condutor deixou de manter distância do veículo da frente";"Colisão lateral mesmo sentido";"Com Vítimas Feridas";"Pleno dia";"Crescente";"Nublado";"Dupla";"Reta";"Não";5;0;2;0;3;0;2;2;-22,12802668;-45,80183626;"SPRF-MG";"DEL16-MG";"UOP01-DEL16-MG"
454962;2022-06-10;"sexta-feira";"07:40:00";"PR";476;153;"ARAUCARIA";"Condutor deixou de manter distância do veículo da frente";"Colisão lateral mesmo sentido";"Com Vítimas Feridas";"Pleno dia";"Decrescente";"Nublado";"Dupla";"Reta";"Não";2;0;1;0;1;0;1;2;-25,577307;-49,392338;"SPRF-PR";"DEL01-PR";"UOP03-DEL01-PR"
454963;2022-06-10;"sexta-feira";"08:00:00";"RJ";116;180;"NOVA IGUACU";"Avarias e/ou desgaste excessivo no pneu";"Queda de ocupante de veículo";"Com Vítimas Feridas";"Amanhecer";"Crescente";"Garoa/Chuvisco";"Dupla";"Reta";"Sim";2;0;2;0;0;0;2;1;-22,7651616;-43,4154728;"SPRF-RJ";"DEL01-RJ";"UOP02-DEL01-RJ"
454964;2022-06-10;"sexta-feira";"06:44:00";"SC";470;247,1;"CURITIBANOS";"Desrespeitar a preferência no cruzamento";"Colisão transversal";"Com Vítimas Feridas";"Amanhecer";"Decrescente";"Nublado";"Simples";"Reta";"Sim";2;0;1;0;1;0;1;2;-27,315269;-50,541786;"SPRF-SC";"DEL05-SC";"UOP03-DEL05-SC"
454965;2022-06-10;"sexta-feira";"08:20:00";"SC";101;201,9;"SAO JOSE";"Trafegar com motocicleta (ou similar) entre as faixas";"Colisão lateral mesmo sentido";"Com Vítimas Feridas";"Pleno dia";"Crescente";"Nublado";"Dupla";"Reta";"Sim";3;0;1;0;2;0;1;3;-27,54836599;-48,61977975;"SPRF-SC";"DEL01-SC";"UOP01-DEL01-SC"
454966;2022-06-09;"quinta-feira";"13:00:00";"RJ";493;95;"SEROPEDICA";"Manobra de mudança de faixa";"Colisão lateral mesmo sentido";"Com Vítimas Feridas";"Pleno dia";"Decrescente";"Nublado";"Dupla";"Reta";"Não";3;0;2;0;1;0;2;2;-22,693993;-43,688244;"SPRF-RJ";"DEL03-RJ";"UOP01-DEL03-RJ"
454967;2022-06-10;"sexta-feira";"07:45:00";"SP";153;159,2;"PROMISSAO";"Avarias e/ou desgaste excessivo no pneu";"Queda de ocupante de veículo";"Com Vítimas Feridas";"Pleno dia";"Decrescente";"Nublado";"Simples";"Reta";"Não";1;0;1;0;0;0;1;1;-21,49830402;-49,78000966;"SPRF-SP";"DEL07-SP";"UOP01-DEL07-SP"
454968;2022-06-10;"sexta-feira";"00:00:00";"RO";364;866;"PORTO VELHO";"Animais na Pista";"Atropelamento de Animal";"Com Vítimas Feridas";"Plena Noite";"Crescente";"Céu Claro";"Simples";"Reta";"Não";1;0;1;0;0;0;1;1;-9,56827407;-64,85564683;"SPRF-RO";"DEL01-RO";"UOP02-DEL01-RO"
454971;2022-06-10;"sexta-feira";"08:45:00";"PB";101;83;"BAYEUX";"Manobra de mudança de faixa";"Colisão lateral mesmo sentido";"Com Vítimas Feridas";"Pleno dia";"Crescente";"Céu Claro";"Dupla";"Reta";"Sim";1;0;1;0;0;0;1;1;-7,1337703;-34,92963914;"SPRF-PB";"DEL01-PB";"UOP01-DEL01-PB"
454976;2022-06-10;"sexta-feira";"08:10:00";"SC";101;208;"SAO JOSE";"Acumulo de areia ou detritos sobre o pavimento";"Queda de ocupante de veículo";"Com Vítimas Feridas";"Pleno dia";"Decrescente";"Nublado";"Simples";"Reta";"Sim";1;0;1;0;0;0;1;1;-27,60327979;-48,63201818;"SPRF-SC";"DEL01-SC";"UOP01-DEL01-SC"
454979;2022-06-10;"sexta-feira";"07:15:00";"AL";316;263;"SATUBA";"Chuva";"Saída de leito carroçável";"Sem Vítimas";"Pleno dia";"Decrescente";"Chuva";"Simples";"Curva";"Não";1;0;0;0;1;0;0;1;-9,58758215;-35,878014;"SPRF-AL";"DEL02-AL";"UOP01-DEL02-AL"
454980;2022-06-10;"sexta-feira";"06:30:00";"MT";364;276;"JACIARA";"Reação tardia ou ineficiente do condutor";"Colisão frontal";"Com Vítimas Fatais";"Pleno dia";"Decrescente";"Nublado";"Dupla";"Declive";"Não";2;1;0;0;0;1;0;2;-15,95344474;-54,99098104;"SPRF-MT";"DEL02-MT";"UOP01-DEL02-MT"
454981;2022-06-10;"sexta-feira";"09:00:00";"ES";101;265,5;"SERRA";"Condutor deixou de manter distância do veículo da frente";"Colisão traseira";"Com Vítimas Feridas";"Pleno dia";"Crescente";"Céu Claro";"Múltipla";"Reta";"Sim";2;0;1;0;1;0;1;2;-20,1816849;-40,26536036;"SPRF-ES";"DEL02-ES";"UOP01-DEL02-ES"
454982;2022-06-10;"sexta-feira";"08:09:00";"SP";381;86;"SAO PAULO";"Reação tardia ou ineficiente do condutor";"Colisão traseira";"Com Vítimas Feridas";"Pleno dia";"Crescente";"Nublado";"Múltipla";"Curva";"Sim";8;0;1;0;5;2;1;6;-23,45930499;-46,57161179;"SPRF-SP";"DEL03-SP";"UOP01-DEL03-SP"
454986;2022-06-10;"sexta-feira";"09:40:00";"PE";423;60,7;"LAJEDO";"Condutor deixou de manter distância do veículo da frente";"Colisão traseira";"Sem Vítimas";"Pleno dia";"Crescente";"Céu Claro";"Simples";"Reta";"Não";2;0;0;0;2;0;0;2;-8,65394006;-36,32109791;"SPRF-PE";"DEL03-PE";"UOP01-DEL03-PE"
454988;2022-06-10;"sexta-feira";"09:10:00";"RJ";116;181;"NOVA IGUACU";"Trafegar com motocicleta (ou similar) entre as faixas";"Colisão lateral mesmo sentido";"Com Vítimas Feridas";"Pleno dia";"Decrescente";"Céu Claro";"Dupla";"Reta";"Sim";2;0;1;0;1;0;1;2;-22,73917856;-43,47083157;"SPRF-RJ";"DEL01-RJ";"UOP02-DEL01-RJ"
454989;2022-06-10;"sexta-feira";"11:06:00";"TO";153;623,4;"ALIANCA DO TOCANTINS";"Acessar a via sem observar a presença dos outros veículos";"Colisão transversal";"Com Vítimas Fatais";"Pleno dia";"Crescente";"Céu Claro";"Simples";"Reta";"Sim";2;1;0;0;1;0;0;2;-11,30071704;-48,94011265;"SPRF-TO";"DEL01-TO";"UOP02-DEL01-TO"
454990;2022-06-10;"sexta-feira";"00:55:00";"RJ";116;239;"PIRAI";"Chuva";"Saída de leito carroçável";"Sem Vítimas";"Plena Noite";"Decrescente";"Chuva";"Simples";"Curva";"Não";2;0;0;0;2;0;0;1;-22,65832258;-43,88969593;"SPRF-RJ";"DEL07-RJ";"UOP01-DEL07-RJ"
454991;2022-06-10;"sexta-feira";"10:40:00";"BA";418;92,5;"NOVA VICOSA";"Reação tardia ou ineficiente do condutor";"Colisão traseira";"Com Vítimas Feridas";"Pleno dia";"Crescente";"Céu Claro";"Simples";"Reta";"Não";2;0;0;1;1;0;1;2;-17,89086698;-39,88861084;"SPRF-BA";"DEL09-BA";"UOP02-DEL09-BA"
454992;2022-06-10;"sexta-feira";"11:30:00";"PE";232;28;"MORENO";"Acumulo de água sobre o pavimento";"Colisão transversal";"Sem Vítimas";"Pleno dia";"Crescente";"Céu Claro";"Dupla";"Reta";"Não";2;0;0;0;2;0;0;2;-8,11457101;-35,09513855;"SPRF-PE";"DEL01-PE";"UOP01-DEL01-PE"
454994;2022-06-10;"sexta-feira";"12:15:00";"SP";116;226,3;"GUARULHOS";"Manobra de mudança de faixa";"Colisão lateral mesmo sentido";"Com Vítimas Feridas";"Pleno dia";"Decrescente";"Nublado";"Múltipla";"Aclive;Reta";"Sim";2;0;1;0;0;1;1;2;-23,49459251;-46,55371081;"SPRF-SP";"DEL01-SP";"UOP01-DEL01-SP"
454995;2022-06-10;"sexta-feira";"10:05:00";"MS";158;151,2;"APARECIDA DO TABOADO";"Reação tardia ou ineficiente do condutor";"Colisão com objeto";"Com Vítimas Feridas";"Pleno dia";"Crescente";"Garoa/Chuvisco";"Simples";"Reta";"Não";3;0;2;0;1;0;2;1;-20,1099122674;-51,1714737918;"SPRF-MS";"DEL08-MS";"UOP01-DEL08-MS"
454997;2022-06-10;"sexta-feira";"08:20:00";"MA";10;255,9;"IMPERATRIZ";"Manobra de mudança de faixa";"Colisão transversal";"Com Vítimas Feridas";"Pleno dia";"Decrescente";"Sol";"Simples";"Reta";"Sim";2;0;1;0;1;0;1;2;-5,499715;-47,471836;"SPRF-MA";"DEL04-MA";"UOP01-DEL04-MA"
454998;2022-06-10;"sexta-feira";"12:00:00";"PE";104;137,6;"QUIPAPA";"Transitar na contramão";"Colisão lateral sentido oposto";"Com Vítimas Fatais";"Pleno dia";"Decrescente";"Nublado";"Simples";"Aclive";"Não";2;1;1;0;0;0;1;2;-8,82924;-36,037376;"SPRF-PE";"DEL02-PE";"UOP03-DEL02-PE"
454999;2022-06-10;"sexta-feira";"12:30:00";"SC";470;54,5;"BLUMENAU";"Desrespeitar a preferência no cruzamento";"Colisão transversal";"Com Vítimas Feridas";"Pleno dia";"Crescente";"Nublado";"Simples";"Interseção de Vias";"Sim";3;0;1;1;1;0;2;2;-26,871065;-49,110374;"SPRF-SC";"DEL04-SC";"UOP01-DEL04-SC"
455001;2022-06-10;"sexta-feira";"09:00:00";"BA";116;822,1;"VITORIA DA CONQUISTA";"Conversão proibida";"Colisão transversal";"Com Vítimas Feridas";"Pleno dia";"Decrescente";"Céu Claro";"Simples";"Aclive";"Sim";2;0;1;0;1;0;1;2;-14,84676304;-40,848037;"SPRF-BA";"DEL08-BA";"UOP01-DEL08-BA"
455002;2022-06-10;"sexta-feira";"11:40:00";"MG";262;547,9;"CORREGO DANTA";"Ausência de reação do condutor";"Saída de leito carroçável";"Com Vítimas Feridas";"Pleno dia";"Crescente";"Céu Claro";"Simples";"Curva";"Não";1;0;1;0;0;0;1;1;-19,74018668;-45,86034892;"SPRF-MG";"DEL08-MG";"UOP02-DEL08-MG"
455005;2022-06-10;"sexta-feira";"10:20:00";"MG";50;176;"UBERABA";"Ausência de reação do condutor";"Tombamento";"Com Vítimas Feridas";"Pleno dia";"Decrescente";"Sol";"Dupla";"Reta";"Sim";1;0;0;1;0;0;1;1;-19,77919981;-47,960032;"SPRF-MG";"DEL13-MG";"UOP01-DEL13-MG"
455007;2022-06-10;"sexta-feira";"13:20:00";"ES";101;242,8;"SERRA";"Ultrapassagem Indevida";"Queda de ocupante de veículo";"Com Vítimas Feridas";"Pleno dia";"Decrescente";"Sol";"Simples";"Reta";"Não";1;0;0;1;0;0;1;1;-20,04725275;-40,38731559;"SPRF-ES";"DEL02-ES";"UOP01-DEL02-ES"
455008;2022-06-10;"sexta-feira";"08:30:00";"MG";365;440;"GUIMARANIA";"Reação tardia ou ineficiente do condutor";"Saída de leito carroçável";"Sem Vítimas";"Pleno dia";"Crescente";"Sol";"Simples";"Declive;Reta";"Não";1;0;0;0;0;1;0;1;-18,788233;-46,724728;"SPRF-MG";"DEL10-MG";"UOP01-DEL10-MG"
455010;2022-06-10;"sexta-feira";"12:45:00";"MG";381;732,3;"CARMO DA CACHOEIRA";"Avarias e/ou desgaste excessivo no pneu";"Colisão com objeto";"Com Vítimas Feridas";"Pleno dia";"Decrescente";"Nublado";"Dupla";"Curva";"Não";2;0;2;0;0;0;2;1;-21,55125304;-45,24358749;"SPRF-MG";"DEL16-MG";"UOP02-DEL16-MG"
455011;2022-06-10;"sexta-feira";"14:35:00";"ES";101;306,1;"VIANA";"Demais falhas mecânicas ou elétricas";"Queda de ocupante de veículo";"Com Vítimas Feridas";"Pleno dia";"Crescente";"Céu Claro";"Dupla";"Reta";"Não";1;0;1;0;0;0;1;1;-20,39178539;-40,46264806;"SPRF-ES";"DEL01-ES";"UOP01-DEL01-ES"
455017;2022-06-10;"sexta-feira";"14:30:00";"GO";60;399,6;"RIO VERDE";"Condutor Dormindo";"Saída de leito carroçável";"Com Vítimas Feridas";"Pleno dia";"Decrescente";"Nublado";"Dupla";"Reta";"Não";5;0;3;2;0;0;5;1;-17,8151;-51,099;"SPRF-GO";"DEL04-GO";"UOP01-DEL04-GO"
455018;2022-06-10;"sexta-feira";"10:00:00";"SC";101;53;"JOINVILLE";"Demais falhas mecânicas ou elétricas";"Tombamento";"Com Vítimas Feridas";"Pleno dia";"Crescente";"Céu Claro";"Dupla";"Reta";"Não";1;0;1;0;0;0;1;1;-26,40231201;-48,83969703;"SPRF-SC";"DEL03-SC";"UOP01-DEL03-SC"
455019;2022-04-17;"domingo";"11:30:00";"RS";470;269;"SAO JOSE DO SUL";"Velocidade Incompatível";"Tombamento";"Com Vítimas Feridas";"Pleno dia";"Decrescente";"Sol";"Simples";"Curva";"Não";1;0;1;0;0;0;1;1;-29,54434703;-51,48620822;"SPRF-RS";"DEL04-RS";"UOP02-DEL04-RS"
455022;2022-06-10;"sexta-feira";"14:04:00";"PI";343;307,5;"ALTOS";"Condutor desrespeitou a iluminação vermelha do semáforo";"Colisão transversal";"Com Vítimas Feridas";"Pleno dia";"Decrescente";"Céu Claro";"Simples";"Interseção de Vias";"Sim";4;0;1;0;3;0;1;2;-5,038669;-42,468166;"SPRF-PI";"DEL01-PI";"UOP01-DEL01-PI"
455023;2022-06-10;"sexta-feira";"14:30:00";"SP";116;274;"TABOAO DA SERRA";"Manobra de mudança de faixa";"Tombamento";"Com Vítimas Feridas";"Pleno dia";"Decrescente";"Céu Claro";"Dupla";"Reta";"Sim";1;0;0;1;0;0;1;1;-23,6183;-46,797987;"SPRF-SP";"DEL04-SP";"UOP01-DEL04-SP"
455024;2022-06-10;"sexta-feira";"15:00:00";"RJ";101;320;"NITEROI";"Curva acentuada";"Tombamento";"Com Vítimas Feridas";"Pleno dia";"Decrescente";"Nublado";"Múltipla";"Curva";"Sim";3;0;1;0;2;0;1;1;-22,86171098;-43,10714015;"SPRF-RJ";"DEL02-RJ";"UOP01-DEL02-RJ"