"id";"data_inversa";"dia_semana";"horario";"uf";"br";"km";"municipio";"causa_acidente";"tipo_acidente";"classificacao_acidente";"fase_dia";"sentido_via";"condicao_metereologica";"tipo_pista";"tracado_via";"uso_solo";"pessoas";"mortos";"feridos_leves";"feridos_graves";"ilesos";"ignorados";"feridos";"veiculos";"latitude";"longitude";"regional";"delegacia";"uop"
455025;2022-06-10;"sexta-feira";"15:30:00";"RN";110;113,8;"AUGUSTO SEVERO";"Curva acentuada";"Saída de leito carroçável";"Com Vítimas Feridas";"Pleno dia";"Crescente";"Chuva";"Simples";"Curva";"Não";1;0;1;0;0;0;1;1;-5,741;-37,284;"SPRF-RN";"DEL04-RN";"UOP01-DEL04-RN"
455026;2022-06-10;"sexta-feira";"14:50:00";"PB";101;89,8;"JOAO PESSOA";"Acessar a via sem observar a presença dos outros veículos";"Colisão transversal";"Com Vítimas Feridas";"Pleno dia";"Crescente";"Sol";"Dupla";"Reta;Retorno Regulamentado";"Sim";2;0;0;1;0;1;1;2;-7,18123511;-34,90087152;"SPRF-PB";"DEL01-PB";"UOP02-DEL01-PB"
455029;2022-06-10;"sexta-feira";"13:00:00";"RR";174;504;"BOA VISTA";"Reação tardia ou ineficiente do condutor";"Colisão traseira";"Com Vítimas Feridas";"Pleno dia";"Decrescente";"Céu Claro";"Simples";"Reta";"Sim";5;0;1;0;4;0;1;2;2,801374;-60,694801;"SPRF-RR";"DEL01-RR";"UOP01-DEL01-RR"
455030;2022-06-10;"sexta-feira";"16:12:00";"RJ";116;143;"DUQUE DE CAXIAS";"Acessar a via sem observar a presença dos outros veículos";"Colisão frontal";"Com Vítimas Feridas";"Pleno dia";"Decrescente";"Nublado";"Múltipla";"Reta";"Não";2;0;1;0;1;0;1;2;-22,67017467;-43,27377319;"SPRF-RJ";"DEL01-RJ";"UOP01-DEL01-RJ"
455031;2022-06-10;"sexta-feira";"10:30:00";"CE";116;338,7;"JAGUARIBE";"Pista esburacada";"Saída de leito carroçável";"Com Vítimas Feridas";"Pleno dia";"Crescente";"Céu Claro";"Simples";"Reta";"Não";2;0;1;0;1;0;1;1;-6,14292899;-38,6495453;"SPRF-CE";"DEL05-CE";"UOP02-DEL05-CE"
455033;2022-06-10;"sexta-feira";"14:00:00";"RN";101;25,2;"RIO DO FOGO";"Reação tardia ou ineficiente do condutor";"Colisão com objeto";"Com Vítimas Fatais";"Pleno dia";"Crescente";"Sol";"Simples";"Reta";"Não";2;1;1;0;0;0;1;1;-5,33164299;-35,40281399;"SPRF-RN";"DEL02-RN";"UOP01-DEL02-RN"
455034;2022-06-10;"sexta-feira";"14:40:00";"CE";304;53;"ARACATI";"Demais falhas mecânicas ou elétricas";"Incêndio";"Sem Vítimas";"Pleno dia";"Crescente";"Céu Claro";"Simples";"Reta";"Não";2;0;0;0;2;0;0;1;-4,57402355;-37,73636121;"SPRF-CE";"DEL03-CE";"UOP03-DEL03-CE"
455037;2022-06-10;"sexta-feira";"16:00:00";"PR";158;405;"LARANJEIRAS DO SUL";"Ingestão de álcool pelo condutor";"Capotamento";"Com Vítimas Feridas";"Pleno dia";"Decrescente";"Céu Claro";"Simples";"Reta";"Não";2;0;1;0;0;1;1;2;-25,37215333;-52,39014863;"SPRF-PR";"DEL04-PR";"UOP02-DEL04-PR"
455038;2022-06-10;"sexta-feira";"16:20:00";"MG";40;545;"BELO HORIZONTE";"Condutor deixou de manter distância do veículo da frente";"Engavetamento";"Sem Vítimas";"Pleno dia";"Decrescente";"Nublado";"Dupla";"Reta";"Não";13;0;0;0;12;1;0;5;-20,00542118;-43,96671653;"SPRF-MG";"DEL01-MG";"UOP02-DEL01-MG"
455042;2022-06-10;"sexta-feira";"16:50:00";"RS";158;330;"SANTA MARIA";"Desrespeitar a preferência no cruzamento";"Colisão transversal";"Com Vítimas Feridas";"Pleno dia";"Crescente";"Céu Claro";"Simples";"Viaduto;Rotatória";"Sim";2;0;0;1;1;0;1;2;-29,70044827;-53,84077549;"SPRF-RS";"DEL09-RS";"UOP01-DEL09-RS"
455043;2022-06-10;"sexta-feira";"17:05:00";"SC";280;30;"ARAQUARI";"Condutor deixou de manter distância do veículo da frente";"Colisão traseira";"Com Vítimas Feridas";"Anoitecer";"Crescente";"Céu Claro";"Simples";"Reta";"Não";2;0;0;1;1;0;1;2;-26,4141523;-48,76209493;"SPRF-SC";"DEL03-SC";"UOP03-DEL03-SC"
455046;2022-05-13;"sexta-feira";"12:00:00";"SE";101;23;"MALHADA DOS BOIS";"Velocidade Incompatível";"Colisão com objeto";"Sem Vítimas";"Pleno dia";"Crescente";"Céu Claro";"Dupla";"Interseção de Vias";"Não";1;0;0;0;1;0;0;1;-10,38708884;-36,91570075;"SPRF-SE";"DEL02-SE";"UOP02-DEL02-SE"
455047;2022-06-10;"sexta-feira";"17:45:00";"SP";116;111;"TAUBATE";"Iluminação deficiente";"Queda de ocupante de veículo";"Com Vítimas Feridas";"Anoitecer";"Decrescente";"Chuva";"Dupla";"Curva";"Sim";2;0;1;0;0;1;1;2;-23,03887149;-45,56097419;"SPRF-SP";"DEL02-SP";"UOP02-DEL02-SP"
455049;2022-06-10;"sexta-feira";"17:48:00";"BA";324;0,9;"FEIRA DE SANTANA";"Ausência de reação do condutor";"Tombamento";"Com Vítimas Feridas";"Plena Noite";"Decrescente";"Céu Claro";"Dupla";"Reta";"Sim";1;0;0;1;0;0;1;1;-12,279033;-38,941189;"SPRF-BA";"DEL02-BA";"UOP01-DEL02-BA"
455050;2022-06-10;"sexta-feira";"15:00:00";"RJ";393;132;"SAPUCAIA";"Pedestre cruzava a pista fora da faixa";"Atropelamento de Pedestre";"Com Vítimas Feridas";"Pleno dia";"Crescente";"Nublado";"Simples";"Reta";"Sim";2;0;2;0;0;0;2;2;-21,97476198;-42,88418674;"SPRF-RJ";"DEL05-RJ";"UOP01-DEL05-RJ"
455051;2022-06-10;"sexta-feira";"17:35:00";"PR";277;583,1;"CASCAVEL";"Manobra de mudança de faixa";"Colisão lateral mesmo sentido";"Com Vítimas Feridas";"Pleno dia";"Crescente";"Céu Claro";"Dupla";"Reta";"Sim";2;0;1;0;1;0;1;2;-24,97165493;-53,39428595;"SPRF-PR";"DEL04-PR";"UOP01-DEL04-PR"
455052;2022-06-10;"sexta-feira";"17:00:00";"RJ";101;540;"PARATY";"Chuva";"Saída de leito carroçável";"Com Vítimas Feridas";"Anoitecer";"Crescente";"Chuva";"Simples";"Curva";"Não";2;0;2;0;0;0;2;1;-23,054666;-44,59037997;"SPRF-RJ";"DEL03-RJ";"UOP04-DEL03-RJ"
455053;2022-06-10;"sexta-feira";"16:20:00";"RS";116;253;"SAPUCAIA DO SUL";"Conversão proibida";"Colisão transversal";"Com Vítimas Feridas";"Pleno dia";"Decrescente";"Céu Claro";"Múltipla";"Reta";"Sim";2;0;1;0;1;0;1;2;-29,81784209;-51,16996166;"SPRF-RS";"DEL01-RS";"UOP02-DEL01-RS"
455054;2022-06-10;"sexta-feira";"18:00:00";"TO";153;677;"GURUPI";"Acessar a via sem observar a presença dos outros veículos";"Colisão lateral mesmo sentido";"Com Vítimas Feridas";"Anoitecer";"Crescente";"Céu Claro";"Simples";"Declive";"Não";5;0;2;0;3;0;2;2;-11,76744485;-49,10187819;"SPRF-TO";"DEL01-TO";"UOP02-DEL01-TO"
455055;2022-06-10;"sexta-feira";"18:00:00";"SC";101;138;"BALNEARIO CAMBORIU";"Ausência de reação do condutor";"Colisão traseira";"Com Vítimas Feridas";"Plena Noite";"Decrescente";"Céu Claro";"Dupla";"Reta";"Sim";4;0;1;0;3;0;1;3;-27,02397426;-48,60761649;"SPRF-SC";"DEL04-SC";"UOP03-DEL04-SC"
455057;2022-06-10;"sexta-feira";"18:00:00";"SC";280;251;"CANOINHAS";"Velocidade Incompatível";"Queda de ocupante de veículo";"Com Vítimas Feridas";"Plena Noite";"Crescente";"Ignorado";"Simples";"Reta";"Não";1;0;1;0;0;0;1;1;-26,25669092;-50,55239702;"SPRF-SC";"DEL06-SC";"UOP04-DEL06-SC"
455058;2022-06-10;"sexta-feira";"18:40:00";"CE";222;5;"CAUCAIA";"Condutor deixou de manter distância do veículo da frente";"Colisão traseira";"Com Vítimas Feridas";"Plena Noite";"Crescente";"Céu Claro";"Dupla";"Reta";"Sim";3;0;0;2;1;0;2;2;-3,74296918;-38,61330997;"SPRF-CE";"DEL01-CE";"UOP01-DEL01-CE"
455059;2022-06-10;"sexta-feira";"16:46:00";"PE";232;4,5;"RECIFE";"Condutor deixou de manter distância do veículo da frente";"Colisão traseira";"Sem Vítimas";"Pleno dia";"Crescente";"Céu Claro";"Múltipla";"Viaduto";"Não";2;0;0;0;2;0;0;2;-8,066433;-34,94149;"SPRF-PE";"DEL01-PE";"UOP01-DEL01-PE"
455060;2022-06-10;"sexta-feira";"19:30:00";"SP";116;148;"SAO JOSE DOS CAMPOS";"Reação tardia ou ineficiente do condutor";"Colisão traseira";"Com Vítimas Feridas";"Plena Noite";"Crescente";"Céu Claro";"Simples";"Reta";"Sim";6;0;1;0;5;0;1;4;-23,20067421;-45,8795018;"SPRF-SP";"DEL02-SP";"UOP01-DEL02-SP"
455061;2022-06-10;"sexta-feira";"08:05:00";"SC";280;81,2;"CORUPA";"Demais falhas mecânicas ou elétricas";"Atropelamento de Pedestre";"Com Vítimas Feridas";"Pleno dia";"Decrescente";"Céu Claro";"Simples";"Aclive";"Não";2;0;0;1;1;0;1;2;-26,44057489;-49,217056;"SPRF-SC";"DEL06-SC";"UOP03-DEL06-SC"
455062;2022-06-10;"sexta-feira";"18:15:00";"SC";282;463;"PONTE SERRADA";"Acessar a via sem observar a presença dos outros veículos";"Colisão transversal";"Com Vítimas Feridas";"Plena Noite";"Crescente";"Céu Claro";"Simples";"Rotatória";"Sim";3;0;1;0;2;0;1;2;-26,855036;-52,059551;"SPRF-SC";"DEL07-SC";"UOP04-DEL07-SC"
455063;2022-06-10;"sexta-feira";"19:20:00";"RS";116;145,2;"CAXIAS DO SUL";"Manobra de mudança de faixa";"Colisão com objeto";"Com Vítimas Feridas";"Plena Noite";"Crescente";"Céu Claro";"Dupla";"Curva";"Sim";1;0;1;0;0;0;1;1;-29,13669994;-51,13135815;"SPRF-RS";"DEL05-RS";"UOP01-DEL05-RS"
455065;2022-06-10;"sexta-feira";"19:20:00";"PR";116;122;"CURITIBA";"Ausência de reação do condutor";"Colisão traseira";"Com Vítimas Feridas";"Plena Noite";"Crescente";"Nublado";"Dupla";"Reta";"Sim";2;0;1;0;1;0;1;2;-25,56857207;-49,31023179;"SPRF-PR";"DEL01-PR";"UOP03-DEL01-PR"
455066;2022-06-10;"sexta-feira";"19:50:00";"ES";101;209;"IBIRACU";"Retorno proibido";"Colisão transversal";"Com Vítimas Feridas";"Plena Noite";"Crescente";"Nublado";"Simples";"Reta";"Não";2;0;1;0;1;0;1;2;-19,789689;-40,37132;"SPRF-ES";"DEL02-ES";"UOP01-DEL02-ES"
455067;2022-06-10;"sexta-feira";"18:30:00";"RR";174;502;"BOA VISTA";"Condutor deixou de manter distância do veículo da frente";"Colisão traseira";"Sem Vítimas";"Plena Noite";"Decrescente";"Céu Claro";"Dupla";"Reta";"Sim";2;0;0;0;2;0;0;2;2,787376;-60,699524;"SPRF-RR";"DEL01-RR";"UOP01-DEL01-RR"
455070;2022-06-10;"sexta-feira";"19:25:00";"RJ";116;137;"DUQUE DE CAXIAS";"Reação tardia ou ineficiente do condutor";"Colisão traseira";"Com Vítimas Feridas";"Plena Noite";"Decrescente";"Nublado";"Múltipla";"Reta";"Sim";3;0;1;0;2;0;1;3;-22,64791994;-43,18200799;"SPRF-RJ";"DEL01-RJ";"UOP01-DEL01-RJ"
455071;2022-06-10;"sexta-feira";"20:00:00";"PR";376;179,4;"MARINGA";"Ingestão de álcool pelo condutor";"Colisão traseira";"Com Vítimas Feridas";"Plena Noite";"Crescente";"Céu Claro";"Dupla";"Reta";"Sim";2;0;1;0;1;0;1;2;-23,42244278;-51,90360392;"SPRF-PR";"DEL09-PR";"UOP01-DEL09-PR"
455072;2022-06-10;"sexta-feira";"19:20:00";"RJ";393;280;"BARRA DO PIRAI";"Acesso irregular";"Colisão frontal";"Com Vítimas Feridas";"Plena Noite";"Crescente";"Chuva";"Simples";"Reta";"Sim";2;0;1;0;0;1;1;2;-22,47750785;-44,01954402;"SPRF-RJ";"DEL05-RJ";"UOP04-DEL05-RJ"
455073;2022-06-10;"sexta-feira";"18:35:00";"MT";70;1,8;"BARRA DO GARCAS";"Ultrapassagem Indevida";"Colisão lateral mesmo sentido";"Com Vítimas Feridas";"Plena Noite";"Decrescente";"Céu Claro";"Simples";"Interseção de Vias";"Sim";2;0;1;0;1;0;1;2;-15,89164596;-52,26202884;"SPRF-MT";"DEL07-MT";"UOP01-DEL07-MT"
455075;2022-06-10;"sexta-feira";"20:15:00";"RJ";116;166;"RIO DE JANEIRO";"Ausência de reação do condutor";"Queda de ocupante de veículo";"Com Vítimas Feridas";"Plena Noite";"Crescente";"Chuva";"Dupla";"Reta";"Sim";1;0;1;0;0;0;1;1;-22,81560263;-43,30051808;"SPRF-RJ";"DEL01-RJ";"UOP02-DEL01-RJ"
455076;2022-06-10;"sexta-feira";"19:25:00";"PR";277;77;"CURITIBA";"Entrada inopinada do pedestre";"Atropelamento de Pedestre";"Com Vítimas Fatais";"Plena Noite";"Crescente";"Nublado";"Dupla";"Reta";"Sim";4;1;2;0;0;1;2;2;-25,48170114;-49,19510365;"SPRF-PR";"DEL01-PR";"UOP01-DEL01-PR"
455077;2022-06-10;"sexta-feira";"19:20:00";"SC";280;24,4;"ARAQUARI";"Acessar a via sem observar a presença dos outros veículos";"Colisão transversal";"Sem Vítimas";"Plena Noite";"Decrescente";"Nublado";"Simples";"Reta";"Sim";3;0;0;0;3;0;0;3;-26,37724921;-48,71953282;"SPRF-SC";"DEL03-SC";"UOP03-DEL03-SC"
455078;2022-06-10;"sexta-feira";"18:15:00";"MG";381;480,4;"CONTAGEM";"Condutor deixou de manter distância do veículo da frente";"Colisão traseira";"Com Vítimas Feridas";"Plena Noite";"Crescente";"Céu Claro";"Dupla";"Curva;Declive";"Sim";2;0;0;1;1;0;1;2;-19,95749597;-44,07899901;"SPRF-MG";"DEL01-MG";"UOP03-DEL01-MG"
455079;2022-06-10;"sexta-feira";"19:00:00";"PE";232;95,4;"SAIRE";"Reação tardia ou ineficiente do condutor";"Saída de leito carroçável";"Com Vítimas Feridas";"Plena Noite";"Crescente";"Nublado";"Dupla";"Reta";"Não";2;0;1;1;0;0;2;1;-8,22740988;-35,69941904;"SPRF-PE";"DEL02-PE";"UOP02-DEL02PE"
455081;2022-06-10;"sexta-feira";"19:35:00";"RO";364;199,9;"PIMENTA BUENO";"Reação tardia ou ineficiente do condutor";"Colisão traseira";"Com Vítimas Feridas";"Anoitecer";"Crescente";"Nublado";"Simples";"Reta;Declive;Interseção de Vias";"Sim";2;0;2;0;0;0;2;2;-11,65576698;-61,1923027;"SPRF-RO";"DEL02-RO";"UOP02-DEL02-RO"
455082;2022-06-10;"sexta-feira";"17:00:00";"BA";324;430;"RIACHAO DO JACUIPE";"Acessar a via sem observar a presença dos outros veículos";"Colisão transversal";"Com Vítimas Feridas";"Pleno dia";"Decrescente";"Ignorado";"Simples";"Declive;Reta;Rotatória";"Não";3;0;2;1;0;0;3;2;-11,77380517;-39,45138931;"SPRF-BA";"DEL04-BA";"UOP02-DEL04-BA"
455083;2022-06-10;"sexta-feira";"20:25:00";"ES";447;12,5;"VILA VELHA";"Condutor deixou de manter distância do veículo da frente";"Colisão traseira";"Com Vítimas Feridas";"Plena Noite";"Crescente";"Céu Claro";"Dupla";"Reta";"Sim";4;0;2;1;1;0;3;2;-20,35784325;-40,3328294;"SPRF-ES";"DEL01-ES";"UOP01-DEL01-ES"
455084;2022-06-10;"sexta-feira";"20:05:00";"RJ";493;18;"MAGE";"Transitar na contramão";"Colisão frontal";"Sem Vítimas";"Plena Noite";"Crescente";"Chuva";"Simples";"Reta";"Não";3;0;0;0;2;1;0;2;-22,66573944;-43,02838326;"SPRF-RJ";"DEL04-RJ";"UOP02-DEL04-RJ"
455085;2022-06-10;"sexta-feira";"21:00:00";"SC";101;36;"JOINVILLE";"Ingestão de álcool pelo condutor";"Colisão com objeto";"Sem Vítimas";"Plena Noite";"Crescente";"Céu Claro";"Dupla";"Reta";"Não";1;0;0;0;1;0;0;1;-26,27354867;-48,89428854;"SPRF-SC";"DEL03-SC";"UOP01-DEL03-SC"
455086;2022-06-10;"sexta-feira";"20:30:00";"SP";116;282,5;"EMBU DAS ARTES";"Trafegar com motocicleta (ou similar) entre as faixas";"Colisão traseira";"Com Vítimas Feridas";"Plena Noite";"Crescente";"Céu Claro";"Dupla";"Reta";"Sim";2;0;0;1;1;0;1;2;-23,68570216;-46,85970975;"SPRF-SP";"DEL04-SP";"UOP01-DEL04-SP"
455087;2022-06-10;"sexta-feira";"18:40:00";"RS";471;155,3;"SANTA CRUZ DO SUL";"Ultrapassagem Indevida";"Tombamento";"Com Vítimas Fatais";"Plena Noite";"Crescente";"Nublado";"Simples";"Reta";"Não";1;1;0;0;0;0;0;1;-29,82560374;-52,40118027;"SPRF-RS";"DEL02-RS";"UOP03-DEL02-RS"
455088;2022-06-10;"sexta-feira";"20:30:00";"PR";369;6;"JACAREZINHO";"Frear bruscamente";"Engavetamento";"Com Vítimas Feridas";"Plena Noite";"Decrescente";"Céu Claro";"Simples";"Reta";"Não";7;0;1;0;6;0;1;4;-23,00038;-49,956292;"SPRF-PR";"DEL07-PR";"UOP01-DEL07-PR"
455089;2022-06-10;"sexta-feira";"18:30:00";"RO";364;708,6;"PORTO VELHO";"Condutor deixou de manter distância do veículo da frente";"Colisão traseira";"Com Vítimas Feridas";"Plena Noite";"Decrescente";"Céu Claro";"Dupla";"Reta";"Sim";2;0;1;0;1;0;1;2;-8,79554083;-63,84072487;"SPRF-RO";"DEL01-RO";"UOP01-DEL01-RO"
455091;2022-06-10;"sexta-feira";"19:50:00";"SC";282;415,6;"CATANDUVAS";"Ingestão de álcool pelo condutor";"Colisão traseira";"Sem Vítimas";"Plena Noite";"Crescente";"Nublado";"Simples";"Reta";"Não";3;0;0;0;3;0;0;2;-27,039997;-51,708958;"SPRF-SC";"DEL07-SC";"UOP05-DEL07-SC"
455092;2022-06-10;"sexta-feira";"19:30:00";"RS";290;69,9;"GRAVATAI";"Animais na Pista";"Atropelamento de Animal";"Sem Vítimas";"Plena Noite";"Decrescente";"Vento";"Dupla";"Reta";"Sim";2;0;0;0;2;0;0;1;-29,944933;-50,946438;"SPRF-RS";"DEL03-RS";"UOP01-DEL03-RS"
455093;2022-06-10;"sexta-feira";"22:00:00";"PR";277;14,5;"CAMPO LARGO";"Acessar a via sem observar a presença dos outros veículos";"Colisão transversal";"Com Vítimas Feridas";"Plena Noite";"Crescente";"Céu Claro";"Dupla";"Interseção de Vias";"Sim";2;0;2;0;0;0;2;2;-25,459087;-49,52876;"SPRF-PR";"DEL03-PR";"UOP03-DEL03-PR"
455094;2022-06-10;"sexta-feira";"19:45:00";"PR";277;198;"PALMEIRA";"Animais na Pista";"Atropelamento de Animal";"Com Vítimas Feridas";"Plena Noite";"Crescente";"Céu Claro";"Simples";"Aclive;Reta";"Não";3;0;0;1;2;0;1;3;-25,44562052;-50,18540075;"SPRF-PR";"DEL08-PR";"UOP02-DEL08-PR"
455095;2022-06-10;"sexta-feira";"21:00:00";"SP";381;58,5;"MAIRIPORA";"Reação tardia ou ineficiente do condutor";"Colisão traseira";"Com Vítimas Feridas";"Plena Noite";"Crescente";"Nublado";"Dupla";"Aclive";"Não";2;0;1;0;0;1;1;2;-23,2795313;-46,58647299;"SPRF-SP";"DEL03-SP";"UOP01-DEL03-SP"
455096;2022-06-10;"sexta-feira";"22:50:00";"CE";116;455;"BARRO";"Transitar na contramão";"Colisão lateral sentido oposto";"Com Vítimas Feridas";"Plena Noite";"Crescente";"Nublado";"Simples";"Reta";"Sim";6;0;1;0;4;1;1;3;-7,176754;-38,781449;"SPRF-CE";"DEL05-CE";"UOP03-DEL05-CE"
455098;2022-06-10;"sexta-feira";"23:40:00";"BA";418;89;"NOVA VICOSA";"Transitar na contramão";"Colisão frontal";"Com Vítimas Feridas";"Plena Noite";"Decrescente";"Nevoeiro/Neblina";"Simples";"Reta";"Não";2;0;2;0;0;0;2;2;-17,88709248;-39,83068288;"SPRF-BA";"DEL09-BA";"UOP02-DEL09-BA"
455099;2022-06-10;"sexta-feira";"22:30:00";"RJ";116;236;"PIRAI";"Pedestre andava na pista";"Atropelamento de Pedestre";"Com Vítimas Fatais";"Plena Noite";"Decrescente";"Garoa/Chuvisco";"Dupla";"Reta";"Não";3;1;0;0;2;0;0;3;-22,63093983;-43,90921578;"SPRF-RJ";"DEL07-RJ";"UOP01-DEL07-RJ"
455102;2022-06-10;"sexta-feira";"23:15:00";"SP";153;31,5;"NOVA GRANADA";"Ingestão de álcool pelo condutor";"Colisão com objeto";"Com Vítimas Feridas";"Plena Noite";"Decrescente";"Céu Claro";"Simples";"Interseção de Vias";"Sim";1;0;1;0;0;0;1;1;-20,54746171;-49,32959617;"SPRF-SP";"DEL09-SP";"UOP01-DEL09-SP"
455104;2022-06-10;"sexta-feira";"20:03:00";"AC";317;218;"XAPURI";"Obras na pista";"Saída de leito carroçável";"Com Vítimas Feridas";"Plena Noite";"Crescente";"Garoa/Chuvisco";"Simples";"Reta";"Não";2;0;2;0;0;0;2;1;-10,66809866;-68,25724586;"SPRF-AC";"DEL01-AC";"UOP02-DEL01-AC"
455106;2022-06-10;"sexta-feira";"23:50:00";"MG";354;753;"ITAMONTE";"Ingestão de álcool pelo condutor";"Colisão transversal";"Com Vítimas Feridas";"Pleno dia";"Crescente";"Chuva";"Simples";"Reta";"Sim";2;0;2;0;0;0;2;2;-22,30074263;-44,86208652;"SPRF-MG";"DEL17-MG";"UOP01-DEL17-MG"
455107;2022-06-10;"sexta-feira";"18:55:00";"SC";280;24,4;"ARAQUARI";"Condutor deixou de manter distância do veículo da frente";"Colisão traseira";"Sem Vítimas";"Plena Noite";"Crescente";"Céu Claro";"Simples";"Reta";"Sim";3;0;0;0;3;0;0;2;-26,37724921;-48,71953282;"SPRF-SC";"DEL03-SC";"UOP03-DEL03-SC"
455108;2022-06-10;"sexta-feira";"21:10:00";"SC";280;22,1;"ARAQUARI";"Conversão proibida";"Colisão lateral sentido oposto";"Com Vítimas Feridas";"Plena Noite";"Crescente";"Nublado";"Simples";"Reta";"Não";5;0;4;1;0;0;5;2;-26,37118576;-48,70695233;"SPRF-SC";"DEL03-SC";"UOP03-DEL03-SC"
455109;2022-06-10;"sexta-feira";"23:20:00";"MG";116;432,2;"ALPERCATA";"Pedestre andava na pista";"Atropelamento de Pedestre";"Com Vítimas Feridas";"Plena Noite";"Crescente";"Céu Claro";"Simples";"Rotatória";"Sim";2;0;1;0;1;0;1;2;-19,01376215;-41,98226891;"SPRF-MG";"DEL06-MG";"UOP01-DEL06-MG"
455110;2022-06-10;"sexta-feira";"18:15:00";"RO";364;468;"ARIQUEMES";"Demais falhas na via";"Saída de leito carroçável";"Com Vítimas Feridas";"Plena Noite";"Crescente";"Nublado";"Simples";"Reta";"Não";5;0;2;2;1;0;4;1;-10,20610624;-62,7815731;"SPRF-RO";"DEL03-RO";"UOP01-DEL03-RO"
455111;2022-06-10;"sexta-feira";"23:35:00";"PR";163;286;"MARECHAL CANDIDO RONDON";"Manobra de mudança de faixa";"Colisão frontal";"Com Vítimas Feridas";"Plena Noite";"Crescente";"Céu Claro";"Simples";"Reta";"Sim";3;0;1;0;2;0;1;2;-24,53991766;-54,04670692;"SPRF-PR";"DEL06-PR";"UOP02-DEL06-PR"
455112;2022-06-10;"sexta-feira";"17:15:00";"RS";0;0;"MONTENEGRO";"Manobra de mudança de faixa";"Saída de leito carroçável";"Com Vítimas Feridas";"Pleno dia";"Não Informado";"Céu Claro";"Simples";"Reta";"Não";5;0;1;0;4;0;1;3;-29,789778;-51,432392;"SPRF-RS";"DEL04-RS";"N/A"
455115;2022-06-11;"sábado";"00:00:00";"SC";101;342;"TUBARAO";"Ausência de reação do condutor";"Tombamento";"Com Vítimas Feridas";"Plena Noite";"Decrescente";"Céu Claro";"Simples";"Reta";"Sim";1;0;0;1;0;0;1;1;-28,51875992;-49,05388322;"SPRF-SC";"DEL02-SC";"UOP01-DEL02-SC"
455116;2022-06-11;"sábado";"00:40:00";"DF";40;6,5;"BRASILIA";"Entrada inopinada do pedestre";"Atropelamento de Pedestre";"Com Vítimas Feridas";"Plena Noite";"Decrescente";"Céu Claro";"Dupla";"Reta";"Sim";2;0;1;0;1;0;1;2;-16,029741;-47,978867;"SPRF-DF";"DEL01-DF";"UOP01-DEL01-DF"
455118;2022-06-11;"sábado";"01:35:00";"SP";381;73;"SAO PAULO";"Chuva";"Capotamento";"Com Vítimas Feridas";"Plena Noite";"Decrescente";"Chuva";"Dupla";"Curva";"Não";2;0;1;0;1;0;1;1;-23,36553404;-46,55253934;"SPRF-SP";"DEL03-SP";"UOP01-DEL03-SP"
455119;2022-06-11;"sábado";"01:15:00";"PR";116;144;"MANDIRITUBA";"Velocidade Incompatível";"Saída de leito carroçável";"Sem Vítimas";"Plena Noite";"Decrescente";"Céu Claro";"Simples";"Curva";"Não";1;0;0;0;0;1;0;1;-25,76405694;-49,32116324;"SPRF-PR";"DEL01-PR";"UOP03-DEL01-PR"
455120;2022-06-11;"sábado";"02:10:00";"PR";116;147;"MANDIRITUBA";"Ausência de reação do condutor";"Saída de leito carroçável";"Com Vítimas Feridas";"Plena Noite";"Decrescente";"Céu Claro";"Simples";"Reta";"Não";1;0;1;0;0;0;1;1;-25,79053901;-49,32743694;"SPRF-PR";"DEL01-PR";"UOP03-DEL01-PR"
455122;2022-06-11;"sábado";"00:45:00";"PI";316;132;"PASSAGEM FRANCA DO PIAUI";"Ausência de reação do condutor";"Saída de leito carroçável";"Com Vítimas Feridas";"Plena Noite";"Decrescente";"Céu Claro";"Simples";"Reta";"Não";1;0;1;0;0;0;1;1;-6,0334948;-42,29186476;"SPRF-PI";"DEL04-PI";"UOP02-DEL04-PI"
455123;2022-06-11;"sábado";"01:20:00";"PE";101;85,4;"JABOATAO DOS GUARARAPES";"Animais na Pista";"Atropelamento de Animal";"Com Vítimas Fatais";"Plena Noite";"Decrescente";"Chuva";"Simples";"Reta";"Sim";1;1;0;0;0;0;0;1;-8,194137;-34,956638;"SPRF-PE";"DEL01-PE";"UOP01-DEL01-PE"
455124;2022-06-11;"sábado";"02:00:00";"PR";376;106,7;"PARANAVAI";"Ingestão de álcool pelo condutor";"Colisão com objeto";"Com Vítimas Feridas";"Plena Noite";"Crescente";"Céu Claro";"Dupla";"Reta";"Sim";1;0;0;1;0;0;1;1;-23,06315623;-52,43184719;"SPRF-PR";"DEL09-PR";"UOP02-DEL09-PR"
455125;2022-06-11;"sábado";"01:10:00";"MG";40;512;"RIBEIRAO DAS NEVES";"Ingestão de álcool pelo condutor";"Saída de leito carroçável";"Com Vítimas Feridas";"Plena Noite";"Crescente";"Céu Claro";"Simples";"Declive;Curva;Retorno Regulamentado";"Não";2;0;2;0;0;0;2;1;-19,78731961;-44,11453843;"SPRF-MG";"DEL01-MG";"UOP02-DEL01-MG"
455127;2022-06-11;"sábado";"02:30:00";"SC";480;124;"CHAPECO";"Ingestão de álcool pelo condutor";"Colisão com objeto";"Sem Vítimas";"Plena Noite";"Decrescente";"Céu Claro";"Dupla";"Reta";"Não";1;0;0;0;1;0;0;1;-27,00359519;-52,64391044;"SPRF-SC";"DEL07-SC";"UOP01-DEL07-SC"