"id";"data_inversa";"dia_semana";"horario";"uf";"br";"km";"municipio";"causa_acidente";"tipo_acidente";"classificacao_acidente";"fase_dia";"sentido_via";"condicao_metereologica";"tipo_pista";"tracado_via";"uso_solo";"pessoas";"mortos";"feridos_leves";"feridos_graves";"ilesos";"ignorados";"feridos";"veiculos";"latitude";"longitude";"regional";"delegacia";"uop"
455357;2022-06-12;"domingo";"06:00:00";"SC";470;58,9;"BLUMENAU";"Reação tardia ou ineficiente do condutor";"Colisão frontal";"Sem Vítimas";"Amanhecer";"Crescente";"Céu Claro";"Simples";"Curva";"Não";5;0;0;0;5;0;0;3;-26,883879;-49,145622;"SPRF-SC";"DEL04-SC";"UOP01-DEL04-SC"
455358;2022-06-12;"domingo";"07:56:00";"AL";316;242;"ATALAIA";"Ingestão de álcool pelo condutor";"Colisão com objeto";"Com Vítimas Fatais";"Pleno dia";"Decrescente";"Céu Claro";"Simples";"Ponte";"Sim";1;1;0;0;0;0;0;1;-9,50727405;-36,02113501;"SPRF-AL";"DEL01-AL";"UOP01-DEL01-AL"
455359;2022-06-12;"domingo";"07:30:00";"ES";262;48;"MARECHAL FLORIANO";"Velocidade Incompatível";"Saída de leito carroçável";"Com Vítimas Feridas";"Pleno dia";"Crescente";"Chuva";"Simples";"Curva";"Não";2;0;1;0;0;1;1;1;-20,41192401;-40,68856;"SPRF-ES";"DEL01-ES";"UOP01-DEL01-ES"
455360;2022-06-12;"domingo";"08:15:00";"RS";285;467;"IJUI";"Ingestão de álcool pelo condutor";"Colisão lateral sentido oposto";"Sem Vítimas";"Pleno dia";"Decrescente";"Céu Claro";"Simples";"Reta";"Não";4;0;0;0;4;0;0;2;-28,39234421;-53,97696733;"SPRF-RS";"DEL10-RS";"UOP01-DEL10-RS"
455361;2022-06-12;"domingo";"07:15:00";"RS";116;294,9;"GUAIBA";"Reação tardia ou ineficiente do condutor";"Saída de leito carroçável";"Sem Vítimas";"Amanhecer";"Crescente";"Céu Claro";"Dupla";"Reta";"Não";1;0;0;0;0;1;0;1;-30,07077598;-51,34078522;"SPRF-RS";"DEL02-RS";"UOP01-DEL02-RS"
455363;2022-06-12;"domingo";"06:00:00";"SP";116;229;"GUARULHOS";"Ausência de reação do condutor";"Saída de leito carroçável";"Sem Vítimas";"Pleno dia";"Decrescente";"Céu Claro";"Múltipla";"Reta";"Sim";1;0;0;0;0;1;0;1;-23,51291902;-46,57604698;"SPRF-SP";"DEL01-SP";"UOP01-DEL01-SP"
455365;2022-06-12;"domingo";"05:50:00";"RJ";393;283;"VOLTA REDONDA";"Ingestão de álcool pelo condutor";"Colisão transversal";"Com Vítimas Feridas";"Amanhecer";"Decrescente";"Nublado";"Simples";"Reta";"Sim";2;0;0;1;1;0;1;2;-22,47606388;-44,04976392;"SPRF-RJ";"DEL05-RJ";"UOP04-DEL05-RJ"
455367;2022-06-12;"domingo";"03:50:00";"MA";316;367;"BACABAL";"Manobra de mudança de faixa";"Colisão frontal";"Com Vítimas Feridas";"Amanhecer";"Crescente";"Nublado";"Simples";"Reta";"Não";6;0;6;0;0;0;6;2;-4,220189;-44,733734;"SPRF-MA";"DEL03-MA";"UOP01-DEL03-MA"
455369;2022-06-12;"domingo";"09:00:00";"SE";235;36;"AREIA BRANCA";"Ausência de reação do condutor";"Saída de leito carroçável";"Com Vítimas Feridas";"Pleno dia";"Crescente";"Céu Claro";"Simples";"Reta";"Não";2;0;2;0;0;0;2;1;-10,767558;-37,328533;"SPRF-SE";"DEL01-SE";"UOP02-DEL01-SE"
455370;2022-06-12;"domingo";"08:45:00";"GO";158;47;"BOM JARDIM DE GOIAS";"Transitar na contramão";"Colisão frontal";"Com Vítimas Fatais";"Pleno dia";"Crescente";"Nublado";"Simples";"Reta";"Não";3;1;1;0;0;1;1;2;-16,22276649;-52,09496513;"SPRF-GO";"DEL04-GO";"UOP01-DEL04-GO"
455371;2022-06-12;"domingo";"07:30:00";"MG";40;656,3;"CRISTIANO OTONI";"Velocidade Incompatível";"Colisão com objeto";"Com Vítimas Feridas";"Pleno dia";"Decrescente";"Nublado";"Dupla";"Curva;Declive";"Não";1;0;0;1;0;0;1;1;-20,879593;-43,800647;"SPRF-MG";"DEL05-MG";"UOP02-DEL05-MG"
455376;2022-06-12;"domingo";"09:00:00";"ES";262;77;"DOMINGOS MARTINS";"Pista Escorregadia";"Colisão com objeto";"Com Vítimas Feridas";"Pleno dia";"Decrescente";"Garoa/Chuvisco";"Simples";"Curva";"Não";1;0;1;0;0;0;1;1;-20,40832649;-40,91604228;"SPRF-ES";"DEL01-ES";"UOP02-DEL01-ES"
455377;2022-06-12;"domingo";"06:42:00";"RO";364;616;"ITAPUA DO OESTE";"Reação tardia ou ineficiente do condutor";"Colisão com objeto";"Sem Vítimas";"Amanhecer";"Decrescente";"Céu Claro";"Simples";"Curva";"Não";1;0;0;0;0;1;0;1;-9,113688;-63,266368;"SPRF-RO";"DEL01-RO";"UOP04-DEL01-RO"
455378;2022-06-12;"domingo";"09:00:00";"PR";476;137;"CURITIBA";"Velocidade Incompatível";"Saída de leito carroçável";"Sem Vítimas";"Pleno dia";"Crescente";"Céu Claro";"Dupla";"Reta";"Sim";1;0;0;0;0;1;0;1;-25,498302;-49,277546;"SPRF-PR";"DEL01-PR";"UOP03-DEL01-PR"
455380;2022-06-12;"domingo";"09:20:00";"MG";40;485;"ESMERALDAS";"Velocidade Incompatível";"Saída de leito carroçável";"Com Vítimas Feridas";"Pleno dia";"Crescente";"Céu Claro";"Dupla";"Curva";"Não";1;0;0;1;0;0;1;1;-19,58183697;-44,22853982;"SPRF-MG";"DEL02-MG";"UOP01-DEL02-MG"
455382;2022-06-12;"domingo";"02:00:00";"MT";163;1067;"GUARANTA DO NORTE";"Condutor Dormindo";"Queda de ocupante de veículo";"Com Vítimas Feridas";"Plena Noite";"Crescente";"Céu Claro";"Simples";"Reta";"Sim";1;0;1;0;0;0;1;1;-10,06966899;-54,90642513;"SPRF-MT";"DEL06-MT";"NPF/DEL06-MT"
455384;2022-06-12;"domingo";"10:00:00";"BA";116;789,1;"PLANALTO";"Conversão proibida";"Colisão transversal";"Com Vítimas Fatais";"Pleno dia";"Decrescente";"Céu Claro";"Simples";"Reta";"Não";2;1;0;0;0;1;0;2;-14,67710502;-40,506722;"SPRF-BA";"DEL08-BA";"UOP02-DEL08-BA"
455385;2022-06-12;"domingo";"11:10:00";"SC";470;67;"INDAIAL";"Velocidade Incompatível";"Tombamento";"Com Vítimas Feridas";"Pleno dia";"Crescente";"Céu Claro";"Simples";"Reta";"Sim";2;0;1;1;0;0;2;1;-26,872158;-49,23127;"SPRF-SC";"DEL04-SC";"UOP01-DEL04-SC"
455386;2022-06-12;"domingo";"09:27:00";"MG";381;684,2;"RIBEIRAO VERMELHO";"Manobra de mudança de faixa";"Colisão transversal";"Com Vítimas Feridas";"Pleno dia";"Decrescente";"Céu Claro";"Dupla";"Reta";"Não";6;0;1;0;5;0;1;2;-21,183794;-45,119785;"SPRF-MG";"DEL04-MG";"UOP02-DEL04-MG"
455388;2022-06-12;"domingo";"07:00:00";"MA";230;345;"SAO RAIMUNDO DAS MANGABEIRAS";"Ingestão de álcool e/ou substâncias psicoativas pelo pedestre";"Saída de leito carroçável";"Com Vítimas Fatais";"Pleno dia";"Crescente";"Céu Claro";"Simples";"Reta";"Não";1;1;0;0;0;0;0;1;-7,150528;-45,718124;"SPRF-MA";"DEL05-MA";"UOP01-DEL05-MA"
455389;2022-06-12;"domingo";"07:00:00";"MG";251;359;"PADRE CARVALHO";"Ausência de reação do condutor";"Saída de leito carroçável";"Com Vítimas Feridas";"Pleno dia";"Decrescente";"Céu Claro";"Simples";"Reta";"Não";3;0;3;0;0;0;3;1;-16,26006695;-42,61699396;"SPRF-MG";"DEL12-MG";"UOP01-DEL12-MG"
455390;2022-06-12;"domingo";"01:20:00";"SP";116;98;"PINDAMONHANGABA";"Ausência de reação do condutor";"Saída de leito carroçável";"Sem Vítimas";"Plena Noite";"Decrescente";"Nublado";"Dupla";"Reta";"Não";1;0;0;0;0;1;0;1;-22,97805164;-45,45583318;"SPRF-SP";"DEL08-SP";"UOP01-DEL08-SP"
455392;2022-06-12;"domingo";"11:15:00";"ES";259;59;"COLATINA";"Acesso irregular";"Colisão transversal";"Sem Vítimas";"Pleno dia";"Crescente";"Céu Claro";"Simples";"Reta";"Sim";3;0;0;0;1;2;0;2;-19,52125411;-40,66594194;"SPRF-ES";"DEL02-ES";"UOP01-DEL02-ES"
455395;2022-06-12;"domingo";"10:30:00";"SC";282;406;"CATANDUVAS";"Reação tardia ou ineficiente do condutor";"Colisão transversal";"Sem Vítimas";"Pleno dia";"Crescente";"Céu Claro";"Simples";"Rotatória";"Não";2;0;0;0;2;0;0;2;-27,092703;-51,659904;"SPRF-SC";"DEL07-SC";"UOP05-DEL07-SC"
455396;2022-06-11;"sábado";"18:45:00";"MG";50;68;"UBERLANDIA";"Desrespeitar a preferência no cruzamento";"Colisão transversal";"Com Vítimas Feridas";"Plena Noite";"Crescente";"Nublado";"Simples";"Interseção de Vias";"Sim";2;0;1;0;1;0;1;2;-18,85140204;-48,25345932;"SPRF-MG";"DEL15-MG";"UOP02-DEL15-MG"
455397;2022-06-12;"domingo";"11:25:00";"RO";174;13;"VILHENA";"Manobra de mudança de faixa";"Colisão transversal";"Com Vítimas Feridas";"Pleno dia";"Crescente";"Céu Claro";"Dupla";"Reta";"Sim";3;0;1;0;2;0;1;2;-12,73353546;-60,13004065;"SPRF-RO";"DEL04-RO";"UOP01-DEL04-RO"
455400;2022-06-12;"domingo";"13:30:00";"BA";135;195;"SAO DESIDERIO";"Velocidade Incompatível";"Saída de leito carroçável";"Com Vítimas Feridas";"Pleno dia";"Crescente";"Sol";"Simples";"Curva";"Não";3;0;2;0;1;0;2;1;-12,287612;-45,019;"SPRF-BA";"DEL10-BA";"UOP01-DEL10-BA"
455401;2022-06-12;"domingo";"11:20:00";"PA";155;330;"MARABA";"Ingestão de álcool pelo condutor";"Tombamento";"Com Vítimas Feridas";"Pleno dia";"Crescente";"Céu Claro";"Simples";"Reta";"Não";1;0;1;0;0;0;1;1;-5,48633507;-49,07553836;"SPRF-PA";"DEL03-PA";"UOP01-DEL03-PA"
455402;2022-06-12;"domingo";"11:33:00";"RJ";493;110;"SEROPEDICA";"Falta de elemento de contenção que evite a saída do leito carroçável";"Saída de leito carroçável";"Com Vítimas Feridas";"Pleno dia";"Decrescente";"Nublado";"Dupla";"Reta";"Sim";2;0;0;1;1;0;1;1;-22,858912;-43,759124;"SPRF-RJ";"DEL03-RJ";"UOP01-DEL03-RJ"
455403;2022-01-02;"domingo";"23:00:00";"MG";40;728,9;"OLIVEIRA FORTES";"Reação tardia ou ineficiente do condutor";"Colisão com objeto";"Com Vítimas Feridas";"Plena Noite";"Crescente";"Garoa/Chuvisco";"Dupla";"Curva";"Não";2;0;2;0;0;0;2;1;-21,31842199;-43,58689599;"SPRF-MG";"DEL05-MG";"UOP01-DEL05-MG"
455404;2022-06-12;"domingo";"13:30:00";"RS";116;143,1;"CAXIAS DO SUL";"Ingestão de álcool pelo condutor";"Colisão lateral mesmo sentido";"Sem Vítimas";"Pleno dia";"Crescente";"Céu Claro";"Múltipla";"Interseção de Vias;Reta";"Sim";2;0;0;0;2;0;0;2;-29,1214331;-51,12249613;"SPRF-RS";"DEL05-RS";"UOP01-DEL05-RS"
455406;2022-06-12;"domingo";"13:15:00";"PR";376;664,5;"GUARATUBA";"Velocidade Incompatível";"Saída de leito carroçável";"Com Vítimas Feridas";"Pleno dia";"Decrescente";"Céu Claro";"Dupla";"Curva;Aclive";"Não";1;0;1;0;0;0;1;1;-25,85321576;-48,96608688;"SPRF-PR";"DEL01-PR";"UOP04-DEL01-PR"
455408;2022-06-12;"domingo";"14:50:00";"RS";287;259;"SANTA MARIA";"Animais na Pista";"Atropelamento de Animal";"Com Vítimas Feridas";"Pleno dia";"Crescente";"Céu Claro";"Simples";"Reta";"Não";3;0;2;0;0;1;2;2;-29,67597264;-53,96214008;"SPRF-RS";"DEL09-RS";"UOP01-DEL09-RS"
455409;2022-06-12;"domingo";"13:45:00";"CE";222;218,2;"SOBRAL";"Pedestre andava na pista";"Atropelamento de Pedestre";"Com Vítimas Feridas";"Pleno dia";"Decrescente";"Céu Claro";"Simples";"Reta";"Não";3;0;1;2;0;0;3;2;-3,73893678;-40,31603921;"SPRF-CE";"DEL04-CE";"UOP01-DEL04-CE"
455413;2022-06-11;"sábado";"18:00:00";"GO";50;241,4;"CATALAO";"Velocidade Incompatível";"Saída de leito carroçável";"Com Vítimas Fatais";"Anoitecer";"Decrescente";"Ignorado";"Dupla";"Reta";"Não";1;1;0;0;0;0;0;1;-17,8922;-47,7935;"SPRF-GO";"DEL06-GO";"UOP01-DEL06-GO"
455415;2022-06-12;"domingo";"15:58:00";"RJ";101;51;"CAMPOS DOS GOYTACAZES";"Acessar a via sem observar a presença dos outros veículos";"Colisão transversal";"Com Vítimas Feridas";"Pleno dia";"Crescente";"Céu Claro";"Simples";"Reta";"Sim";5;0;3;0;2;0;3;2;-21,64273198;-41,31170082;"SPRF-RJ";"DEL08-RJ";"UOP01-DEL08-RJ"
455417;2022-06-12;"domingo";"16:15:00";"PE";408;102;"SAO LOURENCO DA MATA";"Transitar no acostamento";"Colisão lateral mesmo sentido";"Com Vítimas Feridas";"Pleno dia";"Crescente";"Sol";"Dupla";"Declive";"Não";8;0;0;1;7;0;1;6;-8,05323195;-35,00247996;"SPRF-PE";"DEL01-PE";"UOP01-DEL01-PE"
455418;2022-06-12;"domingo";"14:29:00";"SC";480;129;"CHAPECO";"Velocidade Incompatível";"Colisão frontal";"Sem Vítimas";"Pleno dia";"Decrescente";"Céu Claro";"Simples";"Declive";"Sim";2;0;0;0;2;0;0;2;-27,04656607;-52,63577131;"SPRF-SC";"DEL07-SC";"UOP01-DEL07-SC"
455419;2022-06-12;"domingo";"14:32:00";"RJ";101;66;"CAMPOS DOS GOYTACAZES";"Acessar a via sem observar a presença dos outros veículos";"Colisão lateral mesmo sentido";"Com Vítimas Feridas";"Pleno dia";"Decrescente";"Nublado";"Dupla";"Rotatória";"Sim";4;0;2;0;2;0;2;2;-21,7654522;-41,34574393;"SPRF-RJ";"DEL08-RJ";"UOP02-DEL08-RJ"
455421;2022-06-12;"domingo";"12:40:00";"RJ";40;97;"DUQUE DE CAXIAS";"Acumulo de areia ou detritos sobre o pavimento";"Queda de ocupante de veículo";"Com Vítimas Feridas";"Pleno dia";"Decrescente";"Garoa/Chuvisco";"Simples";"Curva";"Não";1;0;1;0;0;0;1;1;-22,57356181;-43,27802893;"SPRF-RJ";"DEL01-RJ";"UOP01-DEL01-RJ"
455422;2022-06-12;"domingo";"15:45:00";"PR";476;124;"CURITIBA";"Trafegar com motocicleta (ou similar) entre as faixas";"Colisão traseira";"Com Vítimas Feridas";"Pleno dia";"Crescente";"Céu Claro";"Dupla";"Em Obras;Reta";"Sim";3;0;2;0;1;0;2;2;-25,399845;-49,215855;"SPRF-PR";"DEL01-PR";"UOP01-DEL01-PR"
455423;2022-06-12;"domingo";"17:00:00";"RS";386;411,4;"TRIUNFO";"Pedestre cruzava a pista fora da faixa";"Atropelamento de Pedestre";"Com Vítimas Fatais";"Pleno dia";"Decrescente";"Céu Claro";"Dupla";"Reta";"Sim";4;1;0;0;3;0;0;2;-29,805763;-51,50421;"SPRF-RS";"DEL04-RS";"UOP02-DEL04-RS"
455425;2022-06-12;"domingo";"15:20:00";"MT";70;45;"BARRA DO GARCAS";"Pista em desnível";"Saída de leito carroçável";"Com Vítimas Feridas";"Pleno dia";"Decrescente";"Céu Claro";"Simples";"Reta";"Não";1;0;1;0;0;0;1;1;-15,75017401;-52,59685901;"SPRF-MT";"DEL07-MT";"UOP01-DEL07-MT"
455426;2022-06-12;"domingo";"16:35:00";"AL";104;88;"RIO LARGO";"Acessar a via sem observar a presença dos outros veículos";"Colisão transversal";"Com Vítimas Feridas";"Pleno dia";"Crescente";"Céu Claro";"Dupla";"Reta";"Não";2;0;1;0;1;0;1;2;-9,48375193;-35,81815581;"SPRF-AL";"DEL01-AL";"UOP01-DEL01-AL"
455427;2022-06-12;"domingo";"15:20:00";"MG";116;457,1;"ENGENHEIRO CALDAS";"Condutor deixou de manter distância do veículo da frente";"Colisão traseira";"Com Vítimas Feridas";"Pleno dia";"Decrescente";"Céu Claro";"Simples";"Reta";"Sim";3;0;1;0;2;0;1;2;-19,2086853;-42,05227849;"SPRF-MG";"DEL06-MG";"UOP02-DEL06-MG"
455428;2022-06-12;"domingo";"16:00:00";"RS";116;306;"GUAIBA";"Transitar na contramão";"Colisão frontal";"Com Vítimas Fatais";"Pleno dia";"Decrescente";"Céu Claro";"Simples";"Reta";"Não";5;1;0;3;1;0;3;2;-30,16925677;-51,3836101;"SPRF-RS";"DEL02-RS";"UOP01-DEL02-RS"
455429;2022-06-12;"domingo";"16:40:00";"SC";282;26;"SANTO AMARO DA IMPERATRIZ";"Conversão proibida";"Colisão transversal";"Com Vítimas Feridas";"Anoitecer";"Crescente";"Céu Claro";"Simples";"Reta";"Sim";2;0;1;0;1;0;1;2;-27,680267;-48,762482;"SPRF-SC";"DEL01-SC";"UOP03-DEL01-SC"
455430;2022-06-12;"domingo";"17:00:00";"CE";222;2;"FORTALEZA";"Condutor desrespeitou a iluminação vermelha do semáforo";"Colisão transversal";"Com Vítimas Feridas";"Pleno dia";"Decrescente";"Céu Claro";"Múltipla";"Retorno Regulamentado";"Sim";2;0;0;1;1;0;1;2;-3,73911117;-38,58687498;"SPRF-CE";"DEL01-CE";"UOP01-DEL01-CE"
455431;2022-06-12;"domingo";"16:50:00";"AL";316;154;"PALMEIRA DOS INDIOS";"Acessar a via sem observar a presença dos outros veículos";"Colisão lateral mesmo sentido";"Com Vítimas Feridas";"Pleno dia";"Crescente";"Céu Claro";"Simples";"Interseção de Vias";"Sim";3;0;1;1;1;0;2;2;-9,43055371;-36,64101415;"SPRF-AL";"DEL03-AL";"UOP01-DEL03-AL"
455432;2022-06-12;"domingo";"17:45:00";"RS";116;308;"GUAIBA";"Conversão proibida";"Colisão transversal";"Com Vítimas Feridas";"Anoitecer";"Crescente";"Céu Claro";"Simples";"Reta";"Não";6;0;1;0;5;0;1;2;-30,18291689;-51,39555744;"SPRF-RS";"DEL02-RS";"UOP01-DEL02-RS"
455433;2022-06-12;"domingo";"17:30:00";"PR";373;256,7;"PRUDENTOPOLIS";"Ultrapassagem Indevida";"Colisão frontal";"Com Vítimas Fatais";"Anoitecer";"Decrescente";"Sol";"Simples";"Declive;Curva";"Não";2;1;0;1;0;0;1;2;-25,189091;-50,898693;"SPRF-PR";"DEL03-PR";"UOP04-DEL03-PR"
455434;2022-06-12;"domingo";"17:35:00";"RS";116;246;"SAO LEOPOLDO";"Reação tardia ou ineficiente do condutor";"Colisão traseira";"Com Vítimas Feridas";"Anoitecer";"Crescente";"Céu Claro";"Dupla";"Reta";"Sim";4;0;2;0;2;0;2;2;-29,758751;-51,15186806;"SPRF-RS";"DEL01-RS";"UOP02-DEL01-RS"
455436;2022-06-12;"domingo";"18:03:00";"SP";116;270,1;"TABOAO DA SERRA";"Trafegar com motocicleta (ou similar) entre as faixas";"Colisão lateral mesmo sentido";"Com Vítimas Feridas";"Plena Noite";"Crescente";"Nublado";"Múltipla";"Reta";"Sim";2;0;1;0;1;0;1;2;-23,61799728;-46,79677694;"SPRF-SP";"DEL04-SP";"UOP01-DEL04-SP"
455437;2022-06-12;"domingo";"16:15:00";"PR";467;102;"CASCAVEL";"Ausência de reação do condutor";"Saída de leito carroçável";"Com Vítimas Feridas";"Pleno dia";"Decrescente";"Sol";"Dupla";"Curva";"Não";1;0;0;1;0;0;1;1;-24,90167679;-53,52116346;"SPRF-PR";"DEL04-PR";"UOP01-DEL04-PR"
455439;2022-06-12;"domingo";"17:40:00";"PR";116;201,3;"RIO NEGRO";"Conversão proibida";"Colisão transversal";"Com Vítimas Feridas";"Anoitecer";"Decrescente";"Céu Claro";"Simples";"Reta";"Não";5;0;4;0;1;0;4;2;-26,05791057;-49,72692132;"SPRF-SC";"DEL06-SC";"UOP01-DEL06-SC"
455440;2022-06-12;"domingo";"18:30:00";"RN";101;18,1;"RIO DO FOGO";"Manobra de mudança de faixa";"Colisão frontal";"Com Vítimas Feridas";"Plena Noite";"Decrescente";"Céu Claro";"Simples";"Reta";"Não";3;0;1;1;0;1;2;2;-5,28727344;-35,44534571;"SPRF-RN";"DEL02-RN";"UOP01-DEL02-RN"
455441;2022-06-12;"domingo";"14:00:00";"SP";116;148;"SAO JOSE DOS CAMPOS";"Avarias e/ou desgaste excessivo no pneu";"Tombamento";"Com Vítimas Feridas";"Pleno dia";"Decrescente";"Nublado";"Dupla";"Reta";"Sim";2;0;2;0;0;0;2;1;-23,20067421;-45,8795018;"SPRF-SP";"DEL02-SP";"UOP01-DEL02-SP"
455443;2022-06-12;"domingo";"18:42:00";"PB";101;17;"MAMANGUAPE";"Ingestão de álcool pelo condutor";"Queda de ocupante de veículo";"Com Vítimas Feridas";"Plena Noite";"Decrescente";"Céu Claro";"Dupla";"Reta";"Não";1;0;0;1;0;0;1;1;-6,63844408;-35,12334336;"SPRF-PB";"DEL01-PB";"UOP04-DEL01-PB"
455445;2022-06-12;"domingo";"18:50:00";"RS";158;334;"SANTA MARIA";"Iluminação deficiente";"Colisão traseira";"Com Vítimas Feridas";"Plena Noite";"Decrescente";"Céu Claro";"Simples";"Reta";"Sim";3;0;0;1;2;0;1;2;-29,70751182;-53,87442198;"SPRF-RS";"DEL09-RS";"UOP01-DEL09-RS"
455446;2022-06-12;"domingo";"17:00:00";"RJ";40;113;"DUQUE DE CAXIAS";"Ingestão de álcool pelo condutor";"Colisão lateral mesmo sentido";"Sem Vítimas";"Plena Noite";"Crescente";"Nublado";"Dupla";"Reta";"Sim";2;0;0;0;2;0;0;2;-22,70948502;-43,29040354;"SPRF-RJ";"DEL01-RJ";"UOP01-DEL01-RJ"
455447;2022-06-12;"domingo";"16:50:00";"PB";101;45;"MAMANGUAPE";"Ausência de reação do condutor";"Tombamento";"Com Vítimas Feridas";"Pleno dia";"Crescente";"Nublado";"Dupla";"Reta";"Não";2;0;2;0;0;0;2;1;-6,88322894;-35,1303459;"SPRF-PB";"DEL01-PB";"UOP04-DEL01-PB"
455449;2022-06-12;"domingo";"17:40:00";"PR";476;90;"BOCAIUVA DO SUL";"Reação tardia ou ineficiente do condutor";"Saída de leito carroçável";"Sem Vítimas";"Plena Noite";"Decrescente";"Nublado";"Simples";"Curva;Declive";"Não";1;0;0;0;0;1;0;1;-25,190464;-49,110397;"SPRF-PR";"DEL01-PR";"UOP01-DEL01-PR"
455450;2022-06-12;"domingo";"19:40:00";"MG";381;506;"SAO JOAQUIM DE BICAS";"Transitar na contramão";"Colisão transversal";"Com Vítimas Feridas";"Plena Noite";"Decrescente";"Céu Claro";"Dupla";"Reta";"Não";4;0;1;0;3;0;1;2;-20,04012782;-44,25893784;"SPRF-MG";"DEL01-MG";"UOP03-DEL01-MG"
455451;2022-06-12;"domingo";"19:30:00";"SP";116;279;"EMBU DAS ARTES";"Condutor deixou de manter distância do veículo da frente";"Engavetamento";"Sem Vítimas";"Plena Noite";"Crescente";"Céu Claro";"Múltipla";"Reta";"Sim";5;0;0;0;5;0;0;3;-23,66233697;-46,85292907;"SPRF-SP";"DEL04-SP";"UOP01-DEL04-SP"
455452;2022-06-12;"domingo";"19:25:00";"GO";40;10,5;"VALPARAISO DE GOIAS";"Condutor deixou de manter distância do veículo da frente";"Colisão traseira";"Com Vítimas Feridas";"Plena Noite";"Crescente";"Céu Claro";"Dupla";"Reta";"Sim";3;0;1;0;1;1;1;2;-16,131285;-47,957923;"SPRF-DF";"DEL01-DF";"UOP01-DEL01-DF"
455454;2022-06-12;"domingo";"19:50:00";"SE";235;52;"ITABAIANA";"Velocidade Incompatível";"Colisão lateral mesmo sentido";"Com Vítimas Feridas";"Plena Noite";"Crescente";"Céu Claro";"Simples";"Reta";"Sim";2;0;0;1;1;0;1;2;-10,693279;-37,437557;"SPRF-SE";"DEL01-SE";"UOP02-DEL01-SE"
455457;2022-06-12;"domingo";"18:30:00";"MA";10;248;"IMPERATRIZ";"Animais na Pista";"Atropelamento de Animal";"Com Vítimas Feridas";"Plena Noite";"Decrescente";"Céu Claro";"Simples";"Interseção de Vias";"Sim";2;0;0;2;0;0;2;1;-5,566143;-47,449028;"SPRF-MA";"DEL04-MA";"UOP01-DEL04-MA"
455458;2022-06-12;"domingo";"20:00:00";"RS";285;504,1;"ENTRE-IJUIS";"Transitar na contramão";"Colisão frontal";"Com Vítimas Fatais";"Plena Noite";"Decrescente";"Céu Claro";"Simples";"Reta";"Não";5;2;2;1;0;0;3;3;-28,390814;-54,336575;"SPRF-RS";"DEL10-RS";"UOP01-DEL10-RS"
455459;2022-06-12;"domingo";"18:00:00";"BA";110;3;"PAULO AFONSO";"Animais na Pista";"Atropelamento de Animal";"Com Vítimas Feridas";"Plena Noite";"Decrescente";"Nublado";"Simples";"Reta";"Sim";1;0;1;0;0;0;1;1;-9,47941989;-38,21010145;"SPRF-BA";"DEL07-BA";"UOP01-DEL07-BA"
455460;2022-06-12;"domingo";"20:00:00";"MG";146;485,6;"POCOS DE CALDAS";"Manobra de mudança de faixa";"Colisão lateral sentido oposto";"Sem Vítimas";"Plena Noite";"Crescente";"Céu Claro";"Simples";"Aclive;Curva";"Não";2;0;0;0;2;0;0;2;-21,787001;-46,441776;"SPRF-MG";"DEL09-MG";"UOP01-DEL09-MG"
455462;2022-06-12;"domingo";"19:20:00";"PA";230;109;"MARABA";"Condutor deixou de manter distância do veículo da frente";"Colisão traseira";"Com Vítimas Feridas";"Plena Noite";"Crescente";"Céu Claro";"Simples";"Reta";"Sim";3;0;1;0;2;0;1;2;-5,37536896;-49,02246799;"SPRF-PA";"DEL03-PA";"UOP01-DEL03-PA"
455463;2022-06-12;"domingo";"17:30:00";"RJ";356;75;"ITALVA";"Acessar a via sem observar a presença dos outros veículos";"Colisão lateral mesmo sentido";"Com Vítimas Feridas";"Anoitecer";"Crescente";"Nublado";"Simples";"Reta";"Sim";2;0;1;0;1;0;1;2;-21,42140416;-41,69075621;"SPRF-RJ";"DEL08-RJ";"UOP03-DEL08-RJ"
455464;2022-06-12;"domingo";"19:00:00";"BA";101;504;"ITABUNA";"Demais falhas na via";"Queda de ocupante de veículo";"Com Vítimas Feridas";"Plena Noite";"Crescente";"Céu Claro";"Simples";"Reta;Viaduto";"Sim";1;0;1;0;0;0;1;1;-14,94042206;-39,30397277;"SPRF-BA";"DEL05-BA";"UOP01-DEL05-BA"
455465;2022-06-12;"domingo";"19:40:00";"PE";232;17;"JABOATAO DOS GUARARAPES";"Acessar a via sem observar a presença dos outros veículos";"Colisão transversal";"Sem Vítimas";"Plena Noite";"Crescente";"Céu Claro";"Dupla";"Reta";"Não";2;0;0;0;2;0;0;1;-8,09565382;-35,04585028;"SPRF-PE";"DEL01-PE";"UOP01-DEL01-PE"
455466;2022-06-12;"domingo";"19:00:00";"BA";110;288;"INHAMBUPE";"Transitar no acostamento";"Colisão traseira";"Com Vítimas Fatais";"Plena Noite";"Decrescente";"Céu Claro";"Simples";"Reta";"Sim";4;1;2;0;0;1;2;2;-11,80397696;-38,35127126;"SPRF-BA";"DEL01-BA";"UOP04-DEL01-BA"
455467;2022-06-12;"domingo";"20:20:00";"ES";262;110,9;"VENDA NOVA DO IMIGRANTE";"Manobra de mudança de faixa";"Colisão lateral mesmo sentido";"Com Vítimas Feridas";"Plena Noite";"Decrescente";"Céu Claro";"Múltipla";"Reta";"Sim";4;0;0;3;1;0;3;2;-20,33708209;-41,18969679;"SPRF-ES";"DEL01-ES";"UOP02-DEL01-ES"