"id";"data_inversa";"dia_semana";"horario";"uf";"br";"km";"municipio";"causa_acidente";"tipo_acidente";"classificacao_acidente";"fase_dia";"sentido_via";"condicao_metereologica";"tipo_pista";"tracado_via";"uso_solo";"pessoas";"mortos";"feridos_leves";"feridos_graves";"ilesos";"ignorados";"feridos";"veiculos";"latitude";"longitude";"regional";"delegacia";"uop"
455469;2022-06-12;"domingo";"19:40:00";"SC";101;206;"SAO JOSE";"Avarias e/ou desgaste excessivo no pneu";"Tombamento";"Com Vítimas Feridas";"Plena Noite";"Decrescente";"Céu Claro";"Múltipla";"Reta";"Não";1;0;1;0;0;0;1;1;-27,59193546;-48,61824557;"SPRF-SC";"DEL01-SC";"UOP01-DEL01-SC"
455470;2022-06-12;"domingo";"18:20:00";"RJ";101;303;"SAO GONCALO";"Reação tardia ou ineficiente do condutor";"Colisão com objeto";"Com Vítimas Feridas";"Plena Noite";"Crescente";"Céu Claro";"Múltipla";"Aclive";"Sim";1;0;0;1;0;0;1;1;-22,7828205;-42,9766681;"SPRF-RJ";"DEL02-RJ";"UOP02-DEL02-RJ"
455471;2022-06-12;"domingo";"20:05:00";"SC";101;462;"PASSO DE TORRES";"Ultrapassagem Indevida";"Saída de leito carroçável";"Com Vítimas Feridas";"Plena Noite";"Crescente";"Céu Claro";"Dupla";"Reta";"Não";2;0;0;2;0;0;2;1;-29,27577495;-49,75499332;"SPRF-RS";"DEL03-RS";"UOP02-DEL03-RS"
455474;2022-06-12;"domingo";"18:45:00";"SC";282;374;"ERVAL VELHO";"Reação tardia ou ineficiente do condutor";"Saída de leito carroçável";"Sem Vítimas";"Plena Noite";"Decrescente";"Céu Claro";"Simples";"Curva";"Sim";1;0;0;0;1;0;0;1;-27,24283079;-51,44805193;"SPRF-SC";"DEL07-SC";"UOP05-DEL07-SC"
455475;2022-06-12;"domingo";"19:57:00";"PB";230;406;"POMBAL";"Ausência de reação do condutor";"Atropelamento de Pedestre";"Com Vítimas Feridas";"Plena Noite";"Decrescente";"Céu Claro";"Simples";"Reta";"Não";2;0;1;0;0;1;1;2;-6,7842;-37,7987;"SPRF-PB";"DEL03-PB";"UOP02-DEL03-PB"
455478;2022-06-12;"domingo";"19:09:00";"RR";174;465;"BOA VISTA";"Animais na Pista";"Atropelamento de Animal";"Com Vítimas Feridas";"Anoitecer";"Decrescente";"Chuva";"Dupla";"Reta";"Não";3;0;3;0;0;0;3;1;2,59404528;-60,87711096;"SPRF-RR";"DEL01-RR";"UOP01-DEL01-RR"
455479;2022-06-12;"domingo";"05:45:00";"RJ";101;324;"NITEROI";"Ingestão de álcool pelo condutor";"Colisão traseira";"Sem Vítimas";"Pleno dia";"Decrescente";"Céu Claro";"Simples";"Reta";"Não";2;0;0;0;2;0;0;2;-22,87381074;-43,12640997;"SPRF-RJ";"DEL02-RJ";"UOP01-DEL02-RJ"
455480;2022-06-12;"domingo";"20:00:00";"SP";381;86;"SAO PAULO";"Reação tardia ou ineficiente do condutor";"Engavetamento";"Com Vítimas Feridas";"Plena Noite";"Decrescente";"Céu Claro";"Múltipla";"Reta";"Não";4;0;1;1;0;2;2;4;-23,45930499;-46,57161179;"SPRF-SP";"DEL03-SP";"UOP01-DEL03-SP"
455482;2022-06-12;"domingo";"15:00:00";"MG";40;376;"CURVELO";"Acessar a via sem observar a presença dos outros veículos";"Colisão transversal";"Sem Vítimas";"Pleno dia";"Decrescente";"Nublado";"Simples";"Interseção de Vias";"Não";3;0;0;0;3;0;0;2;-18,8551453;-44,75235112;"SPRF-MG";"DEL02-MG";"UOP01-DEL02-MG"
455483;2022-06-12;"domingo";"19:28:00";"SC";101;345;"TUBARAO";"Velocidade Incompatível";"Saída de leito carroçável";"Com Vítimas Feridas";"Plena Noite";"Decrescente";"Céu Claro";"Dupla";"Reta";"Não";4;0;1;2;0;1;3;2;-28,5555572;-49,05419111;"SPRF-SC";"DEL02-SC";"UOP01-DEL02-SC"
455484;2022-06-12;"domingo";"20:15:00";"PR";467;92,7;"CASCAVEL";"Velocidade Incompatível";"Saída de leito carroçável";"Com Vítimas Feridas";"Plena Noite";"Decrescente";"Céu Claro";"Dupla";"Aclive";"Não";2;0;1;1;0;0;2;1;-24,8543;-53,5952;"SPRF-PR";"DEL04-PR";"UOP01-DEL04-PR"
455486;2022-06-12;"domingo";"21:40:00";"PR";376;158,9;"MANDAGUACU";"Reação tardia ou ineficiente do condutor";"Saída de leito carroçável";"Com Vítimas Feridas";"Plena Noite";"Crescente";"Céu Claro";"Dupla";"Reta";"Sim";4;0;0;4;0;0;4;2;-23,36498136;-52,07632098;"SPRF-PR";"DEL09-PR";"UOP01-DEL09-PR"
455487;2022-06-12;"domingo";"18:48:00";"RN";304;113,9;"ACU";"Ausência de reação do condutor";"Atropelamento de Pedestre";"Com Vítimas Feridas";"Plena Noite";"Crescente";"Céu Claro";"Simples";"Declive;Reta";"Sim";4;0;0;1;2;1;1;2;-5,60581126;-36,91306313;"SPRF-RN";"DEL04-RN";"UOP01-DEL04-RN"
455491;2022-06-12;"domingo";"21:50:00";"SC";101;137;"BALNEARIO CAMBORIU";"Condutor deixou de manter distância do veículo da frente";"Colisão traseira";"Com Vítimas Feridas";"Plena Noite";"Decrescente";"Céu Claro";"Dupla";"Reta";"Sim";2;0;1;1;0;0;2;1;-27,0157238;-48,61192763;"SPRF-SC";"DEL04-SC";"UOP03-DEL04-SC"
455493;2022-06-12;"domingo";"19:45:00";"GO";60;93;"ANAPOLIS";"Ausência de reação do condutor";"Colisão com objeto";"Sem Vítimas";"Plena Noite";"Decrescente";"Céu Claro";"Dupla";"Declive";"Sim";1;0;0;0;1;0;0;1;-16,3538;-48,9268;"SPRF-GO";"DEL02-GO";"UOP01-DEL02-GO"
455494;2022-06-12;"domingo";"21:20:00";"MS";163;548;"BANDEIRANTES";"Ingestão de substâncias psicoativas pelo condutor";"Atropelamento de Pedestre";"Com Vítimas Feridas";"Plena Noite";"Crescente";"Céu Claro";"Simples";"Reta";"Sim";1;0;1;0;0;0;1;1;-19,91869106;-54,36860922;"SPRF-MS";"DEL01-MS";"UOP02-DEL01-MS"
455495;2022-06-12;"domingo";"19:45:00";"DF";80;24,4;"BRASILIA";"Animais na Pista";"Atropelamento de Animal";"Com Vítimas Feridas";"Plena Noite";"Crescente";"Céu Claro";"Simples";"Reta";"Não";1;0;0;1;0;0;1;1;-15,630569;-48,199944;"SPRF-DF";"DEL03-DF";"UOP02-DEL03-DF"
455496;2022-06-12;"domingo";"19:20:00";"MG";50;7;"MONTES CLAROS";"Demais falhas mecânicas ou elétricas";"Incêndio";"Sem Vítimas";"Pleno dia";"Crescente";"Céu Claro";"Dupla";"Reta";"Não";1;0;0;0;1;0;0;1;-16,73546;-43,86203;"SPRF-MG";"DEL15-MG";"UOP01-DEL15-MG"
455497;2022-06-12;"domingo";"18:05:00";"MT";174;271;"PONTES E LACERDA";"Manobra de mudança de faixa";"Queda de ocupante de veículo";"Com Vítimas Feridas";"Plena Noite";"Crescente";"Céu Claro";"Simples";"Declive";"Não";2;0;0;1;0;1;1;2;-15,35715686;-59,20664586;"SPRF-MT";"DEL04-MT";"UOP01-DEL04-MT"
455498;2022-06-12;"domingo";"18:00:00";"SC";280;238,5;"CANOINHAS";"Manobra de mudança de faixa";"Colisão lateral sentido oposto";"Com Vítimas Feridas";"Plena Noite";"Crescente";"Céu Claro";"Simples";"Reta";"Não";2;0;2;0;0;0;2;2;-26,20536399;-50,438846;"SPRF-SC";"DEL06-SC";"UOP04-DEL06-SC"
455499;2022-06-12;"domingo";"18:20:00";"RJ";116;201;"SEROPEDICA";"Acesso irregular";"Colisão traseira";"Com Vítimas Feridas";"Plena Noite";"Crescente";"Vento";"Dupla";"Reta";"Não";3;0;0;1;2;0;1;2;-22,73124742;-43,60364806;"SPRF-RJ";"DEL01-RJ";"UOP03-DEL01-RJ"
455500;2022-06-12;"domingo";"22:30:00";"SP";116;403,7;"MIRACATU";"Ausência de reação do condutor";"Saída de leito carroçável";"Sem Vítimas";"Plena Noite";"Decrescente";"Céu Claro";"Dupla";"Reta";"Não";1;0;0;0;0;1;0;1;-24,31697929;-47,52798687;"SPRF-SP";"DEL04-SP";"UOP02-DEL04-SP"
455502;2022-06-12;"domingo";"23:15:00";"RS";116;96,5;"PORTO ALEGRE";"Ingestão de álcool pelo condutor";"Colisão com objeto";"Sem Vítimas";"Plena Noite";"Crescente";"Céu Claro";"Simples";"Aclive;Ponte;Curva";"Sim";1;0;0;0;1;0;0;1;-29,99892118;-51,20624542;"SPRF-RS";"DEL05-RS";"UOP01-DEL05-RS"
455504;2022-06-12;"domingo";"23:52:00";"RJ";393;106;"SAPUCAIA";"Ausência de reação do condutor";"Queda de ocupante de veículo";"Com Vítimas Feridas";"Plena Noite";"Decrescente";"Céu Claro";"Simples";"Rotatória";"Sim";2;0;2;0;0;0;2;1;-21,87764485;-42,67025797;"SPRF-RJ";"DEL05-RJ";"UOP01-DEL05-RJ"
455505;2022-06-12;"domingo";"22:07:00";"MS";163;187;"JUTI";"Animais na Pista";"Atropelamento de Animal";"Com Vítimas Feridas";"Plena Noite";"Decrescente";"Céu Claro";"Simples";"Reta";"Não";1;0;1;0;0;0;1;1;-22,80058587;-54,73696393;"SPRF-MS";"DEL09-MS";"UOP01-DEL09-MS"
455506;2022-06-12;"domingo";"23:55:00";"BA";242;646;"MUQUEM DE SAO FRANCISCO";"Ausência de sinalização";"Colisão frontal";"Com Vítimas Fatais";"Plena Noite";"Crescente";"Céu Claro";"Simples";"Reta";"Não";2;1;1;0;0;0;1;2;-12,19507306;-43,712883;"SPRF-BA";"DEL10-BA";"UOP02-DEL10-BA"
455507;2022-06-12;"domingo";"22:35:00";"PB";101;96;"CONDE";"Ingestão de álcool pelo condutor";"Tombamento";"Com Vítimas Feridas";"Plena Noite";"Decrescente";"Céu Claro";"Dupla";"Reta";"Não";3;0;0;1;1;1;1;2;-7,230921;-34,921149;"SPRF-PB";"DEL01-PB";"UOP02-DEL01-PB"
455508;2022-06-12;"domingo";"22:20:00";"RS";290;56,7;"GLORINHA";"Ingestão de álcool pelo condutor";"Saída de leito carroçável";"Sem Vítimas";"Plena Noite";"Crescente";"Céu Claro";"Dupla";"Reta";"Não";1;0;0;0;1;0;0;1;-29,915447;-50,818508;"SPRF-RS";"DEL03-RS";"UOP01-DEL03-RS"
455510;2022-06-12;"domingo";"21:20:00";"MA";316;615;"TIMON";"Conversão proibida";"Colisão transversal";"Com Vítimas Feridas";"Plena Noite";"Crescente";"Céu Claro";"Simples";"Reta";"Sim";3;0;1;1;1;0;2;2;-5,086548;-42,837265;"SPRF-MA";"DEL03-MA";"UOP02-DEL03-MA"
455511;2022-06-13;"segunda-feira";"00:20:00";"SE";101;72,4;"MARUIM";"Transitar na contramão";"Colisão frontal";"Com Vítimas Fatais";"Plena Noite";"Crescente";"Céu Claro";"Simples";"Reta";"Não";2;1;0;0;1;0;0;2;-10,751305;-37,100402;"SPRF-SE";"DEL01-SE";"UOP01-DEL01-SE"
455512;2022-06-13;"segunda-feira";"00:05:00";"GO";153;435,2;"ANAPOLIS";"Condutor Dormindo";"Saída de leito carroçável";"Com Vítimas Feridas";"Plena Noite";"Decrescente";"Céu Claro";"Simples";"Reta";"Sim";1;0;1;0;0;0;1;1;-16,298529;-48,928207;"SPRF-GO";"DEL02-GO";"UOP01-DEL02-GO"
455513;2022-06-12;"domingo";"23:50:00";"SC";470;151,2;"AGRONOMICA";"Ingestão de álcool pelo condutor";"Colisão lateral sentido oposto";"Com Vítimas Feridas";"Plena Noite";"Crescente";"Céu Claro";"Simples";"Reta";"Não";2;0;1;0;1;0;1;2;-27,271325;-49,733091;"SPRF-SC";"DEL04-SC";"UOP02-DEL04-SC"
455515;2022-06-12;"domingo";"23:55:00";"SC";101;400;"MARACAJA";"Ingestão de álcool pelo condutor";"Colisão traseira";"Sem Vítimas";"Plena Noite";"Crescente";"Ignorado";"Múltipla";"Aclive";"Sim";2;0;0;0;2;0;0;2;-28,8651211;-49,44774628;"SPRF-SC";"DEL02-SC";"UOP02-DEL02-SC"
455516;2022-06-12;"domingo";"23:55:00";"SC";101;347,7;"JAGUARUNA";"Ingestão de álcool pelo condutor";"Saída de leito carroçável";"Sem Vítimas";"Plena Noite";"Decrescente";"Céu Claro";"Múltipla";"Reta";"Sim";2;0;0;0;2;0;0;1;-28,58254327;-49,04996395;"SPRF-SC";"DEL02-SC";"UOP01-DEL02-SC"
455517;2022-06-12;"domingo";"23:33:00";"RJ";493;97;"SEROPEDICA";"Reação tardia ou ineficiente do condutor";"Colisão com objeto";"Com Vítimas Feridas";"Plena Noite";"Crescente";"Nublado";"Múltipla";"Reta";"Não";1;0;1;0;0;0;1;1;-22,717143;-43,706883;"SPRF-RJ";"DEL03-RJ";"UOP01-DEL03-RJ"
455518;2022-06-13;"segunda-feira";"01:00:00";"RJ";116;164;"RIO DE JANEIRO";"Ingestão de álcool pelo condutor";"Colisão traseira";"Sem Vítimas";"Plena Noite";"Decrescente";"Céu Claro";"Múltipla";"Reta";"Sim";4;0;0;0;4;0;0;2;-22,81074068;-43,28844363;"SPRF-RJ";"DEL01-RJ";"UOP01-DEL01-RJ"
455519;2022-06-13;"segunda-feira";"00:05:00";"PI";407;424;"PICOS";"Condutor Dormindo";"Colisão com objeto";"Com Vítimas Fatais";"Plena Noite";"Crescente";"Céu Claro";"Simples";"Reta";"Sim";1;1;0;0;0;0;0;1;-7,08690699;-41,42819598;"SPRF-PI";"DEL04-PI";"UOP01-DEL04-PI"
455521;2022-06-13;"segunda-feira";"02:30:00";"RS";116;247,9;"SAO LEOPOLDO";"Conversão proibida";"Colisão transversal";"Sem Vítimas";"Plena Noite";"Decrescente";"Céu Claro";"Dupla";"Interseção de Vias";"Sim";2;0;0;0;2;0;0;2;-29,772285;-51,15382626;"SPRF-RS";"DEL01-RS";"UOP02-DEL01-RS"
455522;2022-06-13;"segunda-feira";"03:40:00";"PR";277;684;"SAO MIGUEL DO IGUACU";"Animais na Pista";"Capotamento";"Com Vítimas Feridas";"Plena Noite";"Decrescente";"Céu Claro";"Dupla";"Reta";"Não";1;0;1;0;0;0;1;1;-25,33864563;-54,19917133;"SPRF-PR";"DEL05-PR";"UOP01-DEL05-PR"
455523;2022-06-13;"segunda-feira";"02:50:00";"RJ";356;72;"ITALVA";"Animais na Pista";"Queda de ocupante de veículo";"Com Vítimas Feridas";"Plena Noite";"Decrescente";"Nublado";"Simples";"Reta";"Sim";2;0;1;0;0;1;1;1;-21,39690599;-41,69222213;"SPRF-RJ";"DEL08-RJ";"UOP03-DEL08-RJ"
455524;2022-06-13;"segunda-feira";"02:45:00";"SP";116;198;"ARUJA";"Ingestão de álcool pelo condutor";"Saída de leito carroçável";"Com Vítimas Feridas";"Plena Noite";"Crescente";"Nublado";"Dupla";"Reta";"Sim";1;0;1;0;0;0;1;1;-23,399937;-46,302038;"SPRF-SP";"DEL01-SP";"UOP01-DEL01-SP"
455527;2022-06-13;"segunda-feira";"04:30:00";"RJ";116;178;"NOVA IGUACU";"Transitar na contramão";"Colisão transversal";"Com Vítimas Feridas";"Plena Noite";"Decrescente";"Nublado";"Dupla";"Interseção de Vias";"Sim";2;0;1;0;0;1;1;2;-22,74677858;-43,4459281;"SPRF-RJ";"DEL01-RJ";"UOP02-DEL01-RJ"
455528;2022-06-13;"segunda-feira";"04:30:00";"BA";116;684,1;"JEQUIE";"Animais na Pista";"Atropelamento de Animal";"Com Vítimas Feridas";"Plena Noite";"Crescente";"Céu Claro";"Simples";"Reta";"Não";1;0;1;0;0;0;1;1;-13,88614801;-40,13937497;"SPRF-BA";"DEL03-BA";"UOP01-DEL03-BA"
455529;2022-06-13;"segunda-feira";"04:30:00";"AL";104;35;"UNIAO DOS PALMARES";"Ingestão de álcool pelo condutor";"Saída de leito carroçável";"Sem Vítimas";"Amanhecer";"Decrescente";"Nevoeiro/Neblina";"Simples";"Reta";"Sim";3;0;0;0;1;2;0;2;-9,16536;-36,020059;"SPRF-AL";"DEL01-AL";"UOP02-DEL01-AL"
455531;2022-06-13;"segunda-feira";"05:00:00";"PI";316;13;"TERESINA";"Demais falhas mecânicas ou elétricas";"Saída de leito carroçável";"Com Vítimas Feridas";"Amanhecer";"Crescente";"Nublado";"Dupla";"Curva";"Sim";2;0;1;1;0;0;2;1;-5,2096314;-42,75526995;"SPRF-PI";"DEL01-PI";"UOP02-DEL01-PI"
455533;2022-06-13;"segunda-feira";"06:05:00";"RN";304;32;"MOSSORO";"Reação tardia ou ineficiente do condutor";"Colisão com objeto";"Com Vítimas Feridas";"Pleno dia";"Decrescente";"Céu Claro";"Dupla";"Reta";"Sim";2;0;1;0;1;0;1;2;-5,13471117;-37,34486327;"SPRF-RN";"DEL04-RN";"UOP02-DEL04-RN"
455535;2022-06-13;"segunda-feira";"05:50:00";"SC";470;57;"BLUMENAU";"Pedestre andava na pista";"Atropelamento de Pedestre";"Com Vítimas Feridas";"Amanhecer";"Crescente";"Céu Claro";"Simples";"Reta";"Sim";2;0;1;0;0;1;1;2;-26,880428;-49,136532;"SPRF-SC";"DEL04-SC";"UOP01-DEL04-SC"
455536;2022-06-12;"domingo";"16:20:00";"RO";319;64;"PORTO VELHO";"Condutor deixou de manter distância do veículo da frente";"Colisão lateral mesmo sentido";"Com Vítimas Feridas";"Plena Noite";"Decrescente";"Céu Claro";"Dupla";"Reta";"Sim";2;0;1;0;1;0;1;2;-8,766685;-63,884052;"SPRF-RO";"DEL01-RO";"UOP01-DEL01-RO"
455538;2022-06-12;"domingo";"23:40:00";"RJ";40;121;"DUQUE DE CAXIAS";"Reação tardia ou ineficiente do condutor";"Capotamento";"Sem Vítimas";"Plena Noite";"Decrescente";"Céu Claro";"Múltipla";"Reta";"Sim";1;0;0;0;1;0;0;1;-22,78185499;-43,28571273;"SPRF-RJ";"DEL01-RJ";"UOP01-DEL01-RJ"
455539;2022-06-13;"segunda-feira";"04:16:00";"SC";470;194;"PONTE ALTA";"Animais na Pista";"Saída de leito carroçável";"Com Vítimas Feridas";"Plena Noite";"Crescente";"Nublado";"Simples";"Reta";"Não";4;0;4;0;0;0;4;1;-27,300501;-50,080284;"SPRF-SC";"DEL04-SC";"UOP02-DEL04-SC"
455540;2022-06-13;"segunda-feira";"03:30:00";"PB";230;450;"SOUSA";"Animais na Pista";"Atropelamento de Animal";"Com Vítimas Feridas";"Amanhecer";"Decrescente";"Céu Claro";"Simples";"Reta";"Não";3;0;1;0;2;0;1;1;-6,7863;-38,1096;"SPRF-PB";"DEL03-PB";"UOP03-DEL03-PB"
455541;2022-06-13;"segunda-feira";"06:00:00";"MG";365;603,8;"UBERLANDIA";"Reação tardia ou ineficiente do condutor";"Saída de leito carroçável";"Com Vítimas Feridas";"Amanhecer";"Crescente";"Céu Claro";"Simples";"Reta";"Não";4;0;2;0;2;0;2;1;-18,89302902;-48,13747963;"SPRF-MG";"DEL15-MG";"UOP01-DEL15-MG"
455543;2022-06-13;"segunda-feira";"07:31:00";"GO";80;380;"SAO MIGUEL DO ARAGUAIA";"Ausência de reação do condutor";"Saída de leito carroçável";"Com Vítimas Fatais";"Pleno dia";"Decrescente";"Céu Claro";"Simples";"Declive";"Não";1;1;0;0;0;0;0;1;-13,298341;-50,326725;"SPRF-GO";"DEL07-GO";"UOP02-DEL07-GO"
455544;2022-06-13;"segunda-feira";"07:00:00";"RS";116;245,9;"SAO LEOPOLDO";"Trafegar com motocicleta (ou similar) entre as faixas";"Colisão traseira";"Com Vítimas Feridas";"Amanhecer";"Crescente";"Nublado";"Dupla";"Reta";"Sim";2;0;1;0;1;0;1;2;-29,75240739;-51,15163102;"SPRF-RS";"DEL01-RS";"UOP02-DEL01-RS"
455545;2022-06-13;"segunda-feira";"05:30:00";"BA";418;43;"CARAVELAS";"Animais na Pista";"Atropelamento de Animal";"Com Vítimas Feridas";"Amanhecer";"Crescente";"Nevoeiro/Neblina";"Simples";"Reta";"Não";1;0;1;0;0;0;1;1;-17,70401298;-39,48808601;"SPRF-BA";"DEL09-BA";"UOP02-DEL09-BA"
455546;2022-06-13;"segunda-feira";"06:20:00";"PR";163;130,7;"CAPITAO LEONIDAS MARQUES";"Ausência de sinalização";"Saída de leito carroçável";"Com Vítimas Feridas";"Amanhecer";"Crescente";"Céu Claro";"Simples";"Em Obras;Curva;Desvio Temporário";"Não";1;0;1;0;0;0;1;1;-25,54964337;-53,59159425;"SPRF-PR";"DEL05-PR";"UOP05-DEL05-PR"
455547;2022-06-13;"segunda-feira";"07:15:00";"SP";116;284,6;"ITAPECERICA DA SERRA";"Trafegar com motocicleta (ou similar) entre as faixas";"Colisão traseira";"Sem Vítimas";"Pleno dia";"Decrescente";"Sol";"Dupla";"Reta";"Sim";2;0;0;0;1;1;0;2;-23,69998;-46,867767;"SPRF-SP";"DEL04-SP";"UOP01-DEL04-SP"
455548;2022-06-13;"segunda-feira";"06:50:00";"MS";163;659,5;"RIO VERDE DE MATO GROSSO";"Avarias e/ou desgaste excessivo no pneu";"Tombamento";"Com Vítimas Feridas";"Pleno dia";"Decrescente";"Céu Claro";"Simples";"Aclive";"Não";2;0;1;0;1;0;1;1;-19,08794709;-54,77892912;"SPRF-MS";"DEL06-MS";"UOP02-DEL06-MS"
455549;2022-06-13;"segunda-feira";"06:45:00";"SC";101;374,3;"ICARA";"Condutor Dormindo";"Colisão com objeto";"Com Vítimas Feridas";"Amanhecer";"Decrescente";"Céu Claro";"Dupla";"Reta";"Não";2;0;1;0;1;0;1;1;-28,72672197;-49,23977852;"SPRF-SC";"DEL02-SC";"UOP01-DEL02-SC"
455550;2022-06-13;"segunda-feira";"07:10:00";"MG";381;642,8;"SANTO ANTONIO DO AMPARO";"Condutor Dormindo";"Saída de leito carroçável";"Com Vítimas Feridas";"Pleno dia";"Decrescente";"Céu Claro";"Dupla";"Curva";"Não";4;0;3;1;0;0;4;1;-20,9204251;-44,86941598;"SPRF-MG";"DEL04-MG";"UOP01-DEL04-MG"
455551;2022-06-13;"segunda-feira";"06:30:00";"PE";101;139;"RIBEIRAO";"Acessar a via sem observar a presença dos outros veículos";"Colisão lateral mesmo sentido";"Com Vítimas Feridas";"Pleno dia";"Crescente";"Nublado";"Dupla";"Reta";"Não";2;0;1;0;0;1;1;2;-8,42830525;-35,32242771;"SPRF-PE";"DEL01-PE";"UOP03-DEL01-PE"
455553;2022-06-13;"segunda-feira";"07:40:00";"SP";116;215;"GUARULHOS";"Manobra de mudança de faixa";"Colisão lateral mesmo sentido";"Com Vítimas Feridas";"Pleno dia";"Crescente";"Céu Claro";"Múltipla";"Reta";"Sim";4;0;1;0;3;0;1;3;-23,44695693;-46,45394103;"SPRF-SP";"DEL01-SP";"UOP01-DEL01-SP"
455554;2022-06-13;"segunda-feira";"06:55:00";"RS";116;248;"SAO LEOPOLDO";"Acesso irregular";"Colisão lateral mesmo sentido";"Com Vítimas Feridas";"Pleno dia";"Decrescente";"Céu Claro";"Dupla";"Aclive;Reta;Viaduto";"Sim";3;0;1;0;2;0;1;3;-29,77221897;-51,15397453;"SPRF-RS";"DEL01-RS";"UOP02-DEL01-RS"
455555;2022-06-13;"segunda-feira";"07:30:00";"SC";280;57,5;"GUARAMIRIM";"Acessar a via sem observar a presença dos outros veículos";"Colisão transversal";"Com Vítimas Feridas";"Pleno dia";"Crescente";"Céu Claro";"Múltipla";"Rotatória";"Sim";2;0;1;0;1;0;1;2;-26,47811421;-49,01259213;"SPRF-SC";"DEL03-SC";"UOP03-DEL03-SC"
455556;2022-06-13;"segunda-feira";"08:00:00";"MG";381;782;"CAMPANHA";"Ausência de reação do condutor";"Capotamento";"Com Vítimas Feridas";"Pleno dia";"Crescente";"Sol";"Dupla";"Curva";"Não";2;0;2;0;0;0;2;1;-21,85166608;-45,52037769;"SPRF-MG";"DEL16-MG";"UOP02-DEL16-MG"
455557;2022-06-13;"segunda-feira";"08:10:00";"MG";40;788;"JUIZ DE FORA";"Demais falhas mecânicas ou elétricas";"Incêndio";"Sem Vítimas";"Pleno dia";"Decrescente";"Nublado";"Múltipla";"Reta";"Não";1;0;0;0;1;0;0;1;-21,74815906;-43,44533222;"SPRF-MG";"DEL05-MG";"UOP01-DEL05-MG"
455558;2022-06-13;"segunda-feira";"00:15:00";"AM";174;968;"MANAUS";"Acumulo de água sobre o pavimento";"Capotamento";"Com Vítimas Feridas";"Plena Noite";"Decrescente";"Chuva";"Simples";"Aclive";"Não";3;0;1;1;1;0;2;1;-2,24178899;-60,02810403;"SPRF-AM";"DEL01-AM";"UOP02-DEL01-AM"
455559;2022-06-13;"segunda-feira";"08:10:00";"DF";70;16;"BRASILIA";"Manobra de mudança de faixa";"Colisão lateral mesmo sentido";"Com Vítimas Feridas";"Pleno dia";"Decrescente";"Sol";"Dupla";"Reta";"Não";2;0;1;0;1;0;1;2;-15,796144;-48,194225;"SPRF-DF";"DEL03-DF";"UOP02-DEL03-DF"
455560;2022-06-13;"segunda-feira";"08:40:00";"MG";40;530,9;"CONTAGEM";"Curva acentuada";"Queda de ocupante de veículo";"Com Vítimas Feridas";"Pleno dia";"Crescente";"Céu Claro";"Dupla";"Curva";"Sim";1;0;0;1;0;0;1;1;-19,918937;-44,026659;"SPRF-MG";"DEL01-MG";"UOP02-DEL01-MG"
455561;2022-06-13;"segunda-feira";"07:30:00";"MA";135;10,2;"SAO LUIS";"Condutor deixou de manter distância do veículo da frente";"Colisão traseira";"Com Vítimas Feridas";"Pleno dia";"Crescente";"Céu Claro";"Dupla";"Reta";"Sim";3;0;2;0;1;0;2;2;-2,655912;-44,28629098;"SPRF-MA";"DEL01-MA";"UOP01-DEL01-MA"
455563;2022-06-13;"segunda-feira";"07:25:00";"MG";365;627;"UBERLANDIA";"Ausência de reação do condutor";"Colisão traseira";"Sem Vítimas";"Pleno dia";"Crescente";"Céu Claro";"Dupla";"Reta";"Sim";3;0;0;0;3;0;0;3;-18,90682;-48,31773;"SPRF-MG";"DEL15-MG";"UOP01-DEL15-MG"
455565;2022-06-13;"segunda-feira";"08:30:00";"RJ";101;317;"SAO GONCALO";"Ausência de reação do condutor";"Colisão traseira";"Com Vítimas Feridas";"Pleno dia";"Crescente";"Nublado";"Dupla";"Reta";"Sim";1;0;1;0;0;0;1;1;-22,83707798;-43,09492006;"SPRF-RJ";"DEL02-RJ";"UOP02-DEL02-RJ"
455566;2022-06-13;"segunda-feira";"09:05:00";"SE";235;9;"NOSSA SENHORA DO SOCORRO";"Manobra de mudança de faixa";"Colisão frontal";"Com Vítimas Feridas";"Pleno dia";"Crescente";"Céu Claro";"Simples";"Reta";"Sim";7;0;3;2;2;0;5;4;-10,883585;-37,13908;"SPRF-SE";"DEL01-SE";"UOP01-DEL01-SE"
455567;2022-06-13;"segunda-feira";"06:55:00";"MG";381;380;"SAO GONCALO DO RIO ABAIXO";"Acessar a via sem observar a presença dos outros veículos";"Colisão transversal";"Com Vítimas Feridas";"Amanhecer";"Crescente";"Céu Claro";"Simples";"Interseção de Vias";"Sim";2;0;1;0;1;0;1;2;-19,8315359;-43,37649498;"SPRF-MG";"DEL01-MG";"UOP01-DEL01-MG"
455569;2022-06-13;"segunda-feira";"09:30:00";"MG";50;166;"UBERABA";"Reação tardia ou ineficiente do condutor";"Tombamento";"Com Vítimas Feridas";"Pleno dia";"Decrescente";"Céu Claro";"Dupla";"Reta";"Não";1;0;1;0;0;0;1;1;-19,70178201;-47,98627802;"SPRF-MG";"DEL13-MG";"UOP01-DEL13-MG"
455570;2022-06-13;"segunda-feira";"08:30:00";"PR";116;6,6;"QUATRO BARRAS";"Reação tardia ou ineficiente do condutor";"Colisão traseira";"Sem Vítimas";"Pleno dia";"Decrescente";"Céu Claro";"Dupla";"Reta";"Sim";2;0;0;0;2;0;0;2;-25,3669;-49,0996;"SPRF-PR";"DEL01-PR";"UOP02-DEL01-PR"