"id";"data_inversa";"dia_semana";"horario";"uf";"br";"km";"municipio";"causa_acidente";"tipo_acidente";"classificacao_acidente";"fase_dia";"sentido_via";"condicao_metereologica";"tipo_pista";"tracado_via";"uso_solo";"pessoas";"mortos";"feridos_leves";"feridos_graves";"ilesos";"ignorados";"feridos";"veiculos";"latitude";"longitude";"regional";"delegacia";"uop"
455571;2022-06-13;"segunda-feira";"07:40:00";"SP";381;22;"BRAGANCA PAULISTA";"Ausência de reação do condutor";"Colisão com objeto";"Com Vítimas Feridas";"Pleno dia";"Crescente";"Céu Claro";"Dupla";"Reta";"Não";1;0;1;0;0;0;1;1;-22,99697186;-46,5163051;"SPRF-SP";"DEL03-SP";"UOP01-DEL03-SP"
455572;2022-06-13;"segunda-feira";"07:50:00";"MS";463;102;"PONTA PORA";"Ultrapassagem Indevida";"Colisão lateral sentido oposto";"Sem Vítimas";"Pleno dia";"Decrescente";"Céu Claro";"Simples";"Reta";"Sim";2;0;0;0;2;0;0;2;-22,61648914;-55,6330446;"SPRF-MS";"DEL04-MS";"UOP03-DEL04-MS"
455573;2022-06-13;"segunda-feira";"06:35:00";"RO";364;352;"JI-PARANA";"Transitar no acostamento";"Atropelamento de Pedestre";"Com Vítimas Fatais";"Pleno dia";"Decrescente";"Céu Claro";"Simples";"Reta";"Não";2;1;0;0;1;0;0;2;-10,83322284;-62,01156957;"SPRF-RO";"DEL02-RO";"UOP01-DEL02-RO"
455574;2022-06-13;"segunda-feira";"09:00:00";"GO";414;404;"ABADIANIA";"Velocidade Incompatível";"Queda de ocupante de veículo";"Com Vítimas Feridas";"Pleno dia";"Decrescente";"Céu Claro";"Simples";"Declive;Curva;Em Obras";"Não";1;0;1;0;0;0;1;1;-16,00900392;-48,84163082;"SPRF-GO";"DEL02-GO";"UOP01-DEL02-GO"
455575;2022-06-13;"segunda-feira";"07:50:00";"SC";470;68,6;"INDAIAL";"Ausência de reação do condutor";"Colisão lateral mesmo sentido";"Com Vítimas Feridas";"Pleno dia";"Decrescente";"Sol";"Simples";"Reta";"Não";2;0;1;0;1;0;1;2;-26,877615;-49,239231;"SPRF-SC";"DEL04-SC";"UOP01-DEL04-SC"
455576;2022-06-13;"segunda-feira";"09:24:00";"DF";70;10;"BRASILIA";"Reação tardia ou ineficiente do condutor";"Colisão transversal";"Com Vítimas Feridas";"Pleno dia";"Crescente";"Céu Claro";"Dupla";"Reta";"Sim";3;0;1;0;2;0;1;3;-15,787066;-48,140709;"SPRF-DF";"DEL03-DF";"UOP02-DEL03-DF"
455577;2022-06-13;"segunda-feira";"09:20:00";"SP";116;279,2;"EMBU DAS ARTES";"Manobra de mudança de faixa";"Colisão lateral mesmo sentido";"Com Vítimas Feridas";"Pleno dia";"Decrescente";"Céu Claro";"Dupla";"Aclive;Interseção de Vias;Curva";"Sim";3;0;1;0;2;0;1;2;-23,66233697;-46,85292907;"SPRF-SP";"DEL04-SP";"UOP01-DEL04-SP"
455579;2022-06-11;"sábado";"22:00:00";"SE";235;48;"ITABAIANA";"Demais falhas mecânicas ou elétricas";"Colisão com objeto";"Sem Vítimas";"Plena Noite";"Decrescente";"Céu Claro";"Simples";"Reta";"Não";2;0;0;0;1;1;0;2;-10,724387;-37,41708;"SPRF-SE";"DEL01-SE";"UOP02-DEL01-SE"
455580;2022-06-02;"quinta-feira";"18:00:00";"MS";359;198;"COXIM";"Animais na Pista";"Atropelamento de Animal";"Com Vítimas Feridas";"Plena Noite";"Crescente";"Céu Claro";"Simples";"Reta";"Não";4;0;1;2;1;0;3;1;-18,43032587;-54,46551013;"SPRF-MS";"DEL06-MS";"UOP01-DEL06-MS"
455582;2022-06-13;"segunda-feira";"10:43:00";"GO";40;24,7;"LUZIANIA";"Retorno proibido";"Colisão frontal";"Com Vítimas Feridas";"Pleno dia";"Crescente";"Sol";"Simples";"Reta";"Sim";2;0;1;0;1;0;1;2;-16,252751;-47,900453;"SPRF-DF";"DEL01-DF";"UOP01-DEL01-DF"
455585;2022-06-13;"segunda-feira";"11:50:00";"AL";104;58;"MURICI";"Ingestão de álcool pelo condutor";"Atropelamento de Pedestre";"Com Vítimas Feridas";"Pleno dia";"Crescente";"Céu Claro";"Simples";"Reta";"Não";3;0;0;1;2;0;1;3;-9,30324621;-35,94820361;"SPRF-AL";"DEL01-AL";"UOP02-DEL01-AL"
455586;2022-06-13;"segunda-feira";"11:50:00";"PR";277;664,5;"MEDIANEIRA";"Ausência de reação do condutor";"Saída de leito carroçável";"Com Vítimas Feridas";"Pleno dia";"Crescente";"Sol";"Dupla";"Reta";"Não";3;0;1;0;2;0;1;1;-25,25301037;-54,02857196;"SPRF-PR";"DEL05-PR";"UOP02-DEL05-PR"
455587;2022-06-13;"segunda-feira";"10:49:00";"PE";101;68;"RECIFE";"Condutor deixou de manter distância do veículo da frente";"Colisão traseira";"Sem Vítimas";"Pleno dia";"Decrescente";"Sol";"Dupla";"Viaduto";"Sim";2;0;0;0;2;0;0;2;-8,05074296;-34,94580619;"SPRF-PE";"DEL01-PE";"UOP01-DEL01-PE"
455588;2022-06-13;"segunda-feira";"11:40:00";"PR";116;152;"MANDIRITUBA";"Acessar a via sem observar a presença dos outros veículos";"Colisão transversal";"Sem Vítimas";"Pleno dia";"Crescente";"Sol";"Simples";"Interseção de Vias";"Sim";2;0;0;0;2;0;0;2;-25,83236296;-49,33609707;"SPRF-PR";"DEL01-PR";"UOP03-DEL01-PR"
455589;2022-06-13;"segunda-feira";"11:45:00";"PB";230;71;"SOBRADO";"Pedestre cruzava a pista fora da faixa";"Atropelamento de Pedestre";"Com Vítimas Fatais";"Pleno dia";"Crescente";"Céu Claro";"Dupla";"Reta;Em Obras";"Não";3;1;0;0;1;1;0;2;-7,1919;-35,2261;"SPRF-PB";"DEL01-PB";"UOP03-DEL01-PB"
455590;2022-06-13;"segunda-feira";"11:20:00";"MS";163;9;"MUNDO NOVO";"Acessar a via sem observar a presença dos outros veículos";"Colisão transversal";"Com Vítimas Feridas";"Pleno dia";"Decrescente";"Céu Claro";"Simples";"Aclive";"Não";2;0;1;1;0;0;2;2;-23,98828493;-54,33130503;"SPRF-MS";"DEL09-MS";"UOP02-DEL09-MS"
455591;2022-06-13;"segunda-feira";"12:42:00";"ES";101;62,2;"SAO MATEUS";"Manobra de mudança de faixa";"Colisão lateral mesmo sentido";"Com Vítimas Feridas";"Pleno dia";"Crescente";"Céu Claro";"Dupla";"Reta";"Sim";3;0;1;0;2;0;1;2;-18,69020499;-39,86154403;"SPRF-ES";"DEL04-ES";"UOP02-DEL04-ES"
455593;2022-06-13;"segunda-feira";"12:45:00";"RS";290;94;"PORTO ALEGRE";"Reação tardia ou ineficiente do condutor";"Queda de ocupante de veículo";"Com Vítimas Feridas";"Pleno dia";"Decrescente";"Céu Claro";"Dupla";"Ponte";"Sim";1;0;1;0;0;0;1;1;-29,973856;-51,197853;"SPRF-RS";"DEL01-RS";"UOP01-DEL01-RS"
455595;2022-06-13;"segunda-feira";"13:00:00";"SC";282;5,5;"SAO JOSE";"Manobra de mudança de faixa";"Colisão lateral mesmo sentido";"Com Vítimas Feridas";"Pleno dia";"Decrescente";"Céu Claro";"Simples";"Curva";"Não";3;0;1;0;2;0;1;2;-27,588425;-48,612919;"SPRF-SC";"DEL01-SC";"UOP01-DEL01-SC"
455596;2022-06-12;"domingo";"19:00:00";"MT";163;1020;"PEIXOTO DE AZEVEDO";"Reação tardia ou ineficiente do condutor";"Colisão traseira";"Sem Vítimas";"Plena Noite";"Decrescente";"Céu Claro";"Simples";"Curva";"Não";4;0;0;0;4;0;0;2;-10,291024;-55,027694;"SPRF-MT";"DEL06-MT";"NPF/DEL06-MT"
455600;2022-06-08;"quarta-feira";"00:00:00";"BA";242;570;"OLIVEIRA DOS BREJINHOS";"Reação tardia ou ineficiente do condutor";"Saída de leito carroçável";"Sem Vítimas";"Plena Noite";"Crescente";"Céu Claro";"Simples";"Curva";"Não";1;0;0;0;0;1;0;1;-12,03931677;-42,97836291;"SPRF-BA";"DEL10-BA";"UOP02-DEL10-BA"
455601;2022-06-13;"segunda-feira";"13:50:00";"RS";116;219,5;"DOIS IRMAOS";"Frear bruscamente";"Engavetamento";"Com Vítimas Feridas";"Pleno dia";"Crescente";"Sol";"Simples";"Reta;Declive";"Não";3;0;1;0;2;0;1;3;-29,55781136;-51,09039914;"SPRF-RS";"DEL01-RS";"UOP02-DEL01-RS"
455602;2022-06-13;"segunda-feira";"14:20:00";"MG";381;929,2;"ITAPEVA";"Condutor Dormindo";"Saída de leito carroçável";"Com Vítimas Feridas";"Pleno dia";"Decrescente";"Céu Claro";"Dupla";"Curva";"Não";1;0;1;0;0;0;1;1;-22,77107083;-46,23608074;"SPRF-MG";"DEL16-MG";"UOP03-DEL16-MG"
455603;2022-06-13;"segunda-feira";"14:40:00";"RS";386;443;"CANOAS";"Desrespeitar a preferência no cruzamento";"Colisão transversal";"Com Vítimas Feridas";"Pleno dia";"Crescente";"Céu Claro";"Simples";"Retorno Regulamentado";"Não";3;0;2;0;1;0;2;2;-29,889194;-51,213398;"SPRF-RS";"DEL01-RS";"UOP01-DEL01-RS"
455606;2022-06-13;"segunda-feira";"14:05:00";"RR";174;504;"BOA VISTA";"Acessar a via sem observar a presença dos outros veículos";"Colisão transversal";"Sem Vítimas";"Pleno dia";"Decrescente";"Garoa/Chuvisco";"Dupla";"Retorno Regulamentado";"Sim";3;0;0;0;3;0;0;2;2,801374;-60,694801;"SPRF-RR";"DEL01-RR";"UOP01-DEL01-RR"
455608;2022-06-13;"segunda-feira";"14:30:00";"PB";104;148,6;"QUEIMADAS";"Ultrapassagem Indevida";"Colisão com objeto";"Sem Vítimas";"Pleno dia";"Decrescente";"Céu Claro";"Dupla";"Curva";"Não";2;0;0;0;1;1;0;2;-7,44688291;-35,90669809;"SPRF-PB";"DEL02-PB";"UOP03-DEL02-PB"
455610;2022-06-13;"segunda-feira";"13:57:00";"PE";101;42;"IGARASSU";"Condutor deixou de manter distância do veículo da frente";"Colisão traseira";"Sem Vítimas";"Pleno dia";"Crescente";"Céu Claro";"Múltipla";"Reta";"Sim";3;0;0;0;3;0;0;3;-7,83887431;-34,91196739;"SPRF-PE";"DEL01-PE";"UOP02-DEL01-PE"
455612;2022-06-13;"segunda-feira";"15:30:00";"MG";365;143;"PIRAPORA";"Velocidade Incompatível";"Saída de leito carroçável";"Com Vítimas Feridas";"Pleno dia";"Decrescente";"Ignorado";"Simples";"Reta";"Não";1;0;0;1;0;0;1;1;-17,24135297;-44,83076209;"SPRF-MG";"DEL12-MG";"UOP01-DEL12-MG"
455617;2022-06-13;"segunda-feira";"16:20:00";"DF";70;8;"BRASILIA";"Chuva";"Colisão lateral mesmo sentido";"Com Vítimas Feridas";"Pleno dia";"Crescente";"Chuva";"Dupla";"Reta";"Sim";3;0;2;0;1;0;2;2;-15,784966;-48,122108;"SPRF-DF";"DEL03-DF";"UOP02-DEL03-DF"
455619;2022-06-13;"segunda-feira";"15:20:00";"MT";70;523;"VARZEA GRANDE";"Acessar a via sem observar a presença dos outros veículos";"Colisão transversal";"Com Vítimas Feridas";"Pleno dia";"Crescente";"Céu Claro";"Simples";"Reta";"Sim";2;0;1;0;1;0;1;2;-15,65556081;-56,19054079;"SPRF-MT";"DEL01-MT";"UOP02-DEL01-MT"
455620;2022-06-10;"sexta-feira";"03:50:00";"PE";0;0;"CARUARU";"Acesso irregular";"Colisão com objeto";"Sem Vítimas";"Plena Noite";"Não Informado";"Ignorado";"Simples";"Reta";"Não";3;0;0;0;3;0;0;1;-8,30798257;-35,95790863;"SPRF-PE";"N/A";"N/A"
455622;2022-06-13;"segunda-feira";"16:10:00";"PR";163;183;"SANTA TEREZA DO OESTE";"Velocidade Incompatível";"Saída de leito carroçável";"Com Vítimas Feridas";"Pleno dia";"Crescente";"Sol";"Dupla";"Declive;Curva";"Não";1;0;1;0;0;0;1;1;-25,15061891;-53,59355915;"SPRF-PR";"DEL05-PR";"UOP05-DEL05-PR"
455625;2022-06-13;"segunda-feira";"14:00:00";"SC";101;413;"ARARANGUA";"Desrespeitar a preferência no cruzamento";"Colisão transversal";"Com Vítimas Feridas";"Pleno dia";"Decrescente";"Nublado";"Simples";"Interseção de Vias;Reta";"Sim";2;0;1;0;1;0;1;2;-28,94605997;-49,50428402;"SPRF-SC";"DEL02-SC";"UOP02-DEL02-SC"
455626;2022-06-13;"segunda-feira";"16:20:00";"MG";116;765;"LEOPOLDINA";"Acessar a via sem observar a presença dos outros veículos";"Colisão transversal";"Com Vítimas Feridas";"Pleno dia";"Crescente";"Céu Claro";"Múltipla";"Rotatória";"Sim";2;0;1;0;1;0;1;2;-21,5197389;-42,6491103;"SPRF-MG";"DEL07-MG";"UOP01-DEL07-MG"
455627;2022-06-13;"segunda-feira";"16:20:00";"CE";116;29,1;"AQUIRAZ";"Acessar a via sem observar a presença dos outros veículos";"Colisão traseira";"Com Vítimas Feridas";"Pleno dia";"Crescente";"Céu Claro";"Dupla";"Retorno Regulamentado;Reta";"Sim";2;0;0;1;1;0;1;2;-4,00879178;-38,51770347;"SPRF-CE";"DEL01-CE";"UOP02-DEL01-CE"
455628;2022-06-13;"segunda-feira";"16:30:00";"PE";101;79,1;"JABOATAO DOS GUARARAPES";"Acessar a via sem observar a presença dos outros veículos";"Colisão lateral mesmo sentido";"Com Vítimas Feridas";"Pleno dia";"Decrescente";"Céu Claro";"Múltipla";"Interseção de Vias";"Sim";2;0;1;1;0;0;2;2;-8,14366112;-34,94723453;"SPRF-PE";"DEL01-PE";"UOP01-DEL01-PE"
455629;2022-06-13;"segunda-feira";"09:15:00";"AM";174;973;"MANAUS";"Condutor Dormindo";"Saída de leito carroçável";"Com Vítimas Fatais";"Pleno dia";"Decrescente";"Nublado";"Simples";"Reta";"Não";1;1;0;0;0;0;0;1;-2,19846294;-60,01583321;"SPRF-AM";"DEL01-AM";"UOP02-DEL01-AM"
455630;2022-06-13;"segunda-feira";"17:00:00";"RN";304;299;"MACAIBA";"Acessar a via sem observar a presença dos outros veículos";"Colisão lateral mesmo sentido";"Com Vítimas Feridas";"Anoitecer";"Crescente";"Céu Claro";"Dupla";"Reta";"Sim";2;0;2;0;0;0;2;2;-5,87095859;-35,32359587;"SPRF-RN";"DEL01-RN";"UOP02-DEL01-RN"
455634;2022-06-13;"segunda-feira";"17:15:00";"SC";282;1;"FLORIANOPOLIS";"Entrada inopinada do pedestre";"Atropelamento de Pedestre";"Com Vítimas Feridas";"Anoitecer";"Crescente";"Nublado";"Dupla";"Aclive";"Sim";2;0;1;0;0;1;1;2;-27,602955;-48,580509;"SPRF-SC";"DEL01-SC";"UOP01-DEL01-SC"
455637;2022-06-13;"segunda-feira";"17:00:00";"PR";277;504,3;"GUARANIACU";"Avarias e/ou desgaste excessivo no pneu";"Saída de leito carroçável";"Com Vítimas Feridas";"Pleno dia";"Decrescente";"Céu Claro";"Simples";"Viaduto;Declive;Curva";"Não";6;0;2;2;2;0;4;1;-25,14324156;-52,70593386;"SPRF-PR";"DEL04-PR";"UOP01-DEL04-PR"
455638;2022-06-13;"segunda-feira";"17:55:00";"MG";356;266,2;"MURIAE";"Acessar a via sem observar a presença dos outros veículos";"Colisão transversal";"Com Vítimas Feridas";"Anoitecer";"Decrescente";"Céu Claro";"Simples";"Reta";"Sim";3;0;3;0;0;0;3;2;-21,12823134;-42,35802453;"SPRF-MG";"DEL07-MG";"UOP02-DEL07-MG"
455639;2022-06-05;"domingo";"06:00:00";"MS";163;646;"SAO GABRIEL DO OESTE";"Reação tardia ou ineficiente do condutor";"Tombamento";"Com Vítimas Feridas";"Amanhecer";"Crescente";"Céu Claro";"Dupla";"Interseção de Vias";"Sim";1;0;1;0;0;0;1;1;-19,194609;-54,74762;"SPRF-MS";"DEL06-MS";"UOP02-DEL06-MS"
455640;2022-06-13;"segunda-feira";"17:30:00";"MG";116;527;"CARATINGA";"Reação tardia ou ineficiente do condutor";"Colisão traseira";"Com Vítimas Feridas";"Anoitecer";"Crescente";"Céu Claro";"Dupla";"Reta";"Sim";4;0;1;0;3;0;1;3;-19,78510701;-42,13445297;"SPRF-MG";"DEL06-MG";"UOP02-DEL06-MG"
455641;2022-06-13;"segunda-feira";"17:00:00";"PE";232;50,3;"VITORIA DE SANTO ANTAO";"Condutor deixou de manter distância do veículo da frente";"Colisão traseira";"Com Vítimas Feridas";"Anoitecer";"Crescente";"Céu Claro";"Dupla";"Reta;Declive";"Não";3;0;1;1;0;1;2;2;-8,16694024;-35,28308322;"SPRF-PE";"DEL01-PE";"UOP01-DEL01-PE"
455642;2022-06-13;"segunda-feira";"17:56:00";"SE";235;6;"NOSSA SENHORA DO SOCORRO";"Reação tardia ou ineficiente do condutor";"Atropelamento de Pedestre";"Com Vítimas Feridas";"Plena Noite";"Crescente";"Céu Claro";"Dupla";"Reta";"Sim";2;0;1;0;0;1;1;2;-10,903851;-37,128677;"SPRF-SE";"DEL01-SE";"UOP01-DEL01-SE"
455644;2022-06-13;"segunda-feira";"17:20:00";"MS";262;564;"MIRANDA";"Demais falhas mecânicas ou elétricas";"Tombamento";"Com Vítimas Feridas";"Anoitecer";"Decrescente";"Céu Claro";"Simples";"Reta";"Não";1;0;1;0;0;0;1;1;-20,21854602;-56,40954601;"SPRF-MS";"DEL03-MS";"UOP02-DEL03-MS"
455645;2022-06-13;"segunda-feira";"17:02:00";"GO";70;1;"AGUAS LINDAS DE GOIAS";"Chuva";"Capotamento";"Com Vítimas Feridas";"Pleno dia";"Decrescente";"Céu Claro";"Dupla";"Curva";"Não";1;0;1;0;0;0;1;1;-15,77579351;-48,23259001;"SPRF-DF";"DEL03-DF";"UOP02-DEL03-DF"
455646;2022-06-13;"segunda-feira";"17:50:00";"PE";101;29,6;"IGARASSU";"Condutor deixou de manter distância do veículo da frente";"Colisão traseira";"Com Vítimas Feridas";"Anoitecer";"Crescente";"Céu Claro";"Dupla";"Reta";"Não";2;0;1;0;1;0;1;2;-7,72939697;-34,94185854;"SPRF-PE";"DEL01-PE";"UOP02-DEL01-PE"
455647;2022-06-13;"segunda-feira";"17:40:00";"DF";80;3;"BRASILIA";"Acessar a via sem observar a presença dos outros veículos";"Colisão transversal";"Sem Vítimas";"Anoitecer";"Crescente";"Chuva";"Simples";"Reta";"Não";3;0;0;0;3;0;0;2;-15,731544;-48,102749;"SPRF-DF";"DEL03-DF";"UOP02-DEL03-DF"
455648;2022-06-13;"segunda-feira";"18:15:00";"RJ";101;73;"CAMPOS DOS GOYTACAZES";"Transitar no acostamento";"Colisão lateral mesmo sentido";"Com Vítimas Feridas";"Plena Noite";"Decrescente";"Céu Claro";"Simples";"Reta";"Sim";2;0;1;0;1;0;1;2;-21,798874;-41,393955;"SPRF-RJ";"DEL08-RJ";"UOP02-DEL08-RJ"
455649;2022-06-13;"segunda-feira";"17:00:00";"SC";282;4;"SAO JOSE";"Reação tardia ou ineficiente do condutor";"Colisão lateral mesmo sentido";"Com Vítimas Feridas";"Anoitecer";"Crescente";"Céu Claro";"Dupla";"Reta";"Sim";3;0;1;0;2;0;1;2;-27,592646;-48,604034;"SPRF-SC";"DEL01-SC";"UOP01-DEL01-SC"
455651;2022-06-13;"segunda-feira";"18:50:00";"PR";158;533;"PATO BRANCO";"Condutor deixou de manter distância do veículo da frente";"Engavetamento";"Com Vítimas Feridas";"Plena Noite";"Crescente";"Céu Claro";"Dupla";"Reta;Interseção de Vias";"Sim";4;0;2;0;2;0;2;3;-26,21972809;-52,68262891;"SPRF-PR";"DEL02-PR";"UOP01-DEL02-PR"
455655;2022-06-13;"segunda-feira";"18:10:00";"PA";10;16;"DOM ELISEU";"Conversão proibida";"Colisão transversal";"Com Vítimas Feridas";"Plena Noite";"Decrescente";"Nublado";"Simples";"Reta";"Sim";2;0;0;1;1;0;1;2;-4,310932;-47,55446699;"SPRF-PA";"DEL02-PA";"UOP02-DEL02-PA"
455656;2022-06-13;"segunda-feira";"13:10:00";"MG";116;285,9;"TEOFILO OTONI";"Reação tardia ou ineficiente do condutor";"Colisão com objeto";"Com Vítimas Feridas";"Pleno dia";"Decrescente";"Céu Claro";"Simples";"Curva";"Não";1;0;0;1;0;0;1;1;-17,92737798;-41,5284009;"SPRF-MG";"DEL11-MG";"UOP01-DEL11-MG"
455659;2022-06-09;"quinta-feira";"17:00:00";"MG";381;212;"NAQUE";"Reação tardia ou ineficiente do condutor";"Colisão transversal";"Com Vítimas Feridas";"Pleno dia";"Crescente";"Céu Claro";"Simples";"Interseção de Vias";"Sim";2;0;1;0;1;0;1;2;-19,22841601;-42,32615055;"SPRF-MG";"DEL06-MG";"UOP01-DEL06-MG"
455660;2022-06-13;"segunda-feira";"18:45:00";"RS";153;46;"ERECHIM";"Acessar a via sem observar a presença dos outros veículos";"Colisão transversal";"Com Vítimas Feridas";"Plena Noite";"Crescente";"Céu Claro";"Simples";"Reta";"Sim";3;0;2;0;1;0;2;2;-27,6394671;-52,24218389;"SPRF-RS";"DEL08-RS";"UOP04-DEL08-RS"
455661;2022-03-10;"quinta-feira";"05:00:00";"PR";369;493;"CORBELIA";"Pedestre andava na pista";"Atropelamento de Pedestre";"Com Vítimas Feridas";"Amanhecer";"Crescente";"Chuva";"Múltipla";"Desvio Temporário";"Não";2;0;0;1;0;1;1;2;-24,74389086;-53,26836758;"SPRF-PR";"DEL04-PR";"UOP03-DEL04-PR"
455662;2022-06-13;"segunda-feira";"19:20:00";"SC";101;136;"BALNEARIO CAMBORIU";"Acesso irregular";"Colisão transversal";"Com Vítimas Feridas";"Plena Noite";"Crescente";"Céu Claro";"Simples";"Reta";"Sim";3;0;1;1;0;1;2;3;-27,008113;-48,617245;"SPRF-SC";"DEL04-SC";"UOP03-DEL04-SC"
455663;2022-06-13;"segunda-feira";"06:50:00";"MG";116;294,3;"TEOFILO OTONI";"Ausência de reação do condutor";"Colisão lateral mesmo sentido";"Com Vítimas Feridas";"Pleno dia";"Decrescente";"Céu Claro";"Simples";"Reta";"Não";2;0;0;1;0;1;1;2;-17,994072;-41,570603;"SPRF-MG";"DEL11-MG";"UOP01-DEL11-MG"
455664;2022-06-13;"segunda-feira";"19:40:00";"PR";476;142;"CURITIBA";"Ausência de reação do condutor";"Engavetamento";"Com Vítimas Feridas";"Plena Noite";"Decrescente";"Céu Claro";"Múltipla";"Reta";"Sim";5;0;1;0;4;0;1;4;-25,526395;-49,297378;"SPRF-PR";"DEL01-PR";"UOP03-DEL01-PR"
455665;2022-06-13;"segunda-feira";"15:40:00";"MG";262;404;"PARA DE MINAS";"Avarias e/ou desgaste excessivo no pneu";"Queda de ocupante de veículo";"Com Vítimas Feridas";"Pleno dia";"Crescente";"Céu Claro";"Dupla";"Aclive";"Não";1;0;1;0;0;0;1;1;-19,89195069;-44,58054391;"SPRF-MG";"DEL01-MG";"UOP03-DEL01-MG"
455666;2022-06-13;"segunda-feira";"19:45:00";"CE";222;5,5;"CAUCAIA";"Entrada inopinada do pedestre";"Atropelamento de Pedestre";"Com Vítimas Feridas";"Plena Noite";"Decrescente";"Céu Claro";"Dupla";"Curva";"Sim";3;0;1;0;2;0;1;3;-3,74296918;-38,61330997;"SPRF-CE";"DEL01-CE";"UOP01-DEL01-CE"
455667;2022-06-13;"segunda-feira";"18:00:00";"RR";174;473;"BOA VISTA";"Ingestão de álcool e/ou substâncias psicoativas pelo pedestre";"Colisão frontal";"Com Vítimas Feridas";"Plena Noite";"Decrescente";"Céu Claro";"Simples";"Reta";"Não";3;0;1;0;2;0;1;2;2,644442;-60,875217;"SPRF-RR";"DEL01-RR";"UOP01-DEL01-RR"
455668;2022-06-13;"segunda-feira";"19:45:00";"RJ";116;134;"MAGE";"Ausência de reação do condutor";"Colisão traseira";"Com Vítimas Feridas";"Plena Noite";"Decrescente";"Céu Claro";"Dupla";"Reta";"Sim";3;0;1;0;2;0;1;2;-22,65368834;-43,153534;"SPRF-RJ";"DEL04-RJ";"UOP02-DEL04-RJ"
455669;2022-06-13;"segunda-feira";"19:40:00";"PR";376;251;"APUCARANA";"Condutor deixou de manter distância do veículo da frente";"Colisão traseira";"Sem Vítimas";"Plena Noite";"Crescente";"Céu Claro";"Dupla";"Reta";"Não";3;0;0;0;3;0;0;2;-23,62474;-51,38405;"SPRF-PR";"DEL07-PR";"UOP03-DEL07-PR"
455673;2022-06-13;"segunda-feira";"19:10:00";"MT";174;298;"PONTES E LACERDA";"Ausência de reação do condutor";"Queda de ocupante de veículo";"Com Vítimas Feridas";"Plena Noite";"Decrescente";"Céu Claro";"Simples";"Reta";"Não";1;0;1;0;0;0;1;1;-15,23378885;-59,31756535;"SPRF-MT";"DEL04-MT";"UOP01-DEL04-MT"
455674;2022-06-13;"segunda-feira";"17:30:00";"RJ";116;114;"MAGE";"Pedestre andava na pista";"Atropelamento de Pedestre";"Com Vítimas Feridas";"Anoitecer";"Crescente";"Nublado";"Simples";"Curva";"Não";3;0;2;0;0;1;2;2;-22,58009519;-43,0114958;"SPRF-RJ";"DEL04-RJ";"UOP02-DEL04-RJ"
455675;2022-06-13;"segunda-feira";"16:00:00";"SC";470;63,1;"INDAIAL";"Acessar a via sem observar a presença dos outros veículos";"Colisão transversal";"Com Vítimas Fatais";"Pleno dia";"Crescente";"Céu Claro";"Simples";"Reta;Interseção de Vias";"Sim";7;2;1;3;0;1;4;3;-26,87206;-49,193695;"SPRF-SC";"DEL04-SC";"UOP01-DEL04-SC"
455676;2022-06-13;"segunda-feira";"20:00:00";"RS";392;300,2;"SAO SEPE";"Ingestão de álcool pelo condutor";"Colisão lateral sentido oposto";"Com Vítimas Feridas";"Plena Noite";"Crescente";"Céu Claro";"Simples";"Reta";"Não";3;0;2;0;1;0;2;2;-30,14058848;-53,60178731;"SPRF-RS";"DEL09-RS";"UOP01-DEL09-RS"
455678;2022-04-03;"domingo";"16:30:00";"PA";163;988;"SANTAREM";"Transitar no acostamento";"Tombamento";"Com Vítimas Feridas";"Pleno dia";"Crescente";"Nublado";"Simples";"Reta";"Sim";1;0;1;0;0;0;1;1;-2,565883;-54,721409;"SPRF-PA";"DEL05-PA";"UOP01-DEL05-PA"
455679;2022-06-13;"segunda-feira";"20:30:00";"MG";116;704,5;"MURIAE";"Acessar a via sem observar a presença dos outros veículos";"Colisão transversal";"Com Vítimas Feridas";"Plena Noite";"Decrescente";"Nublado";"Simples";"Interseção de Vias";"Sim";2;0;1;0;1;0;1;2;-21,13416858;-42,38722798;"SPRF-MG";"DEL05-MG";"UOP01-DEL05-MG"
455680;2022-06-13;"segunda-feira";"19:58:00";"BA";242;231;"ITABERABA";"Entrada inopinada do pedestre";"Atropelamento de Pedestre";"Com Vítimas Feridas";"Plena Noite";"Decrescente";"Nublado";"Simples";"Reta";"Não";2;0;1;1;0;0;2;2;-12,511;-40,316779;"SPRF-BA";"DEL06-BA";"UOP02-DEL06-BA"
455681;2022-06-13;"segunda-feira";"17:00:00";"RS";293;221,3;"DOM PEDRITO";"Objeto estático sobre o leito carroçável";"Colisão traseira";"Sem Vítimas";"Anoitecer";"Crescente";"Céu Claro";"Simples";"Reta";"Não";2;0;0;0;2;0;0;2;-31,11865608;-54,41615702;"SPRF-RS";"DEL11-RS";"UOP03-DEL11-RS"
455683;2022-06-13;"segunda-feira";"15:15:00";"BA";420;261;"MUTUIPE";"Reação tardia ou ineficiente do condutor";"Colisão lateral mesmo sentido";"Com Vítimas Feridas";"Pleno dia";"Crescente";"Céu Claro";"Simples";"Curva";"Não";2;0;0;1;1;0;1;2;-13,22842492;-39,53179998;"SPRF-BA";"DEL01-BA";"UOP02-DEL01-BA"