"id";"data_inversa";"dia_semana";"horario";"uf";"br";"km";"municipio";"causa_acidente";"tipo_acidente";"classificacao_acidente";"fase_dia";"sentido_via";"condicao_metereologica";"tipo_pista";"tracado_via";"uso_solo";"pessoas";"mortos";"feridos_leves";"feridos_graves";"ilesos";"ignorados";"feridos";"veiculos";"latitude";"longitude";"regional";"delegacia";"uop"
455684;2022-06-13;"segunda-feira";"15:00:00";"SC";101;443,9;"SANTA ROSA DO SUL";"Ausência de reação do condutor";"Tombamento";"Com Vítimas Feridas";"Pleno dia";"Decrescente";"Sol";"Múltipla";"Viaduto";"Não";1;0;0;1;0;0;1;1;-29,13223626;-49,69660393;"SPRF-SC";"DEL02-SC";"UOP02-DEL02-SC"
455685;2022-06-13;"segunda-feira";"20:20:00";"PR";277;729;"FOZ DO IGUACU";"Pedestre cruzava a pista fora da faixa";"Atropelamento de Pedestre";"Com Vítimas Feridas";"Plena Noite";"Decrescente";"Céu Claro";"Dupla";"Reta";"Sim";2;0;0;1;0;1;1;2;-25,50749887;-54,58379896;"SPRF-PR";"DEL05-PR";"UOP03-DEL05-PR"
455686;2022-06-13;"segunda-feira";"20:20:00";"MT";364;588;"DIAMANTINO";"Ausência de reação do condutor";"Colisão com objeto";"Com Vítimas Feridas";"Plena Noite";"Decrescente";"Céu Claro";"Simples";"Interseção de Vias";"Não";1;0;0;1;0;0;1;1;-14,60376023;-56,24524877;"SPRF-MT";"DEL01-MT";"UOP01-DEL01-MT"
455687;2022-06-13;"segunda-feira";"16:20:00";"MG";146;413,5;"GUAXUPE";"Condutor deixou de manter distância do veículo da frente";"Colisão traseira";"Com Vítimas Feridas";"Anoitecer";"Crescente";"Céu Claro";"Simples";"Curva";"Não";2;0;1;0;1;0;1;2;-21,30629777;-46,65624797;"SPRF-MG";"DEL09-MG";"UOP01-DEL09-MG"
455688;2022-06-13;"segunda-feira";"19:00:00";"RS";293;149;"HULHA NEGRA";"Animais na Pista";"Atropelamento de Animal";"Com Vítimas Feridas";"Plena Noite";"Crescente";"Céu Claro";"Simples";"Reta";"Não";1;0;1;0;0;0;1;1;-31,40415514;-53,75718105;"SPRF-RS";"DEL11-RS";"UOP03-DEL11-RS"
455689;2022-06-13;"segunda-feira";"20:20:00";"MS";267;678;"PORTO MURTINHO";"Ausência de reação do condutor";"Colisão traseira";"Com Vítimas Feridas";"Plena Noite";"Decrescente";"Céu Claro";"Simples";"Reta";"Não";2;0;1;0;0;1;1;2;-21,7025262;-57,83139102;"SPRF-MS";"DEL05-MS";"UOP01-DEL05-MS"
455691;2022-06-13;"segunda-feira";"21:25:00";"RJ";101;306;"SAO GONCALO";"Pedestre cruzava a pista fora da faixa";"Atropelamento de Pedestre";"Com Vítimas Fatais";"Plena Noite";"Decrescente";"Garoa/Chuvisco";"Dupla";"Reta";"Sim";2;1;0;0;1;0;0;2;-22,78913759;-43,00550909;"SPRF-RJ";"DEL02-RJ";"UOP02-DEL02-RJ"
455692;2022-06-13;"segunda-feira";"18:00:00";"SC";101;401,7;"MARACAJA";"Ausência de reação do condutor";"Tombamento";"Com Vítimas Feridas";"Anoitecer";"Crescente";"Céu Claro";"Simples";"Curva";"Não";1;0;1;0;0;0;1;1;-28,85594274;-49,44019434;"SPRF-SC";"DEL02-SC";"UOP02-DEL02-SC"
455693;2022-06-13;"segunda-feira";"21:50:00";"RN";101;72;"EXTREMOZ";"Afundamento ou ondulação no pavimento";"Tombamento";"Com Vítimas Feridas";"Plena Noite";"Decrescente";"Céu Claro";"Simples";"Reta";"Sim";1;0;1;0;0;0;1;1;-5,69866248;-35,26316835;"SPRF-RN";"DEL02-RN";"UOP01-DEL02-RN"
455695;2022-06-13;"segunda-feira";"20:45:00";"TO";153;714,5;"FIGUEIROPOLIS";"Faróis desregulados";"Colisão traseira";"Com Vítimas Feridas";"Plena Noite";"Decrescente";"Céu Claro";"Simples";"Declive";"Não";2;0;0;1;1;0;1;2;-12,075405;-49,20445399;"SPRF-TO";"DEL01-TO";"UOP02-DEL01-TO"
455698;2022-06-13;"segunda-feira";"22:30:00";"TO";0;0;"ARAGUAINA";"Velocidade Incompatível";"Saída de leito carroçável";"Com Vítimas Feridas";"Plena Noite";"Não Informado";"Céu Claro";"Dupla";"Reta";"Sim";4;0;1;0;3;0;1;2;-7,19563347;-48,22087353;"SPRF-TO";"DEL02-TO";"UOP01-DEL02-TO"
455699;2022-06-13;"segunda-feira";"21:00:00";"PE";232;49;"VITORIA DE SANTO ANTAO";"Demais falhas mecânicas ou elétricas";"Incêndio";"Sem Vítimas";"Plena Noite";"Decrescente";"Céu Claro";"Dupla";"Reta";"Não";1;0;0;0;0;1;0;1;-8,143676;-35,314419;"SPRF-PE";"DEL01-PE";"UOP01-DEL01-PE"
455702;2022-06-13;"segunda-feira";"18:30:00";"PI";343;330,3;"TERESINA";"Ausência de reação do condutor";"Tombamento";"Com Vítimas Feridas";"Plena Noite";"Decrescente";"Céu Claro";"Simples";"Reta";"Não";1;0;1;0;0;0;1;1;-5,061753;-42,649815;"SPRF-PI";"DEL01-PI";"UOP01-DEL01-PI"
455703;2022-06-14;"terça-feira";"00:30:00";"MG";40;655;"CRISTIANO OTONI";"Condutor Dormindo";"Colisão com objeto";"Com Vítimas Feridas";"Plena Noite";"Crescente";"Céu Claro";"Simples";"Curva;Declive";"Não";1;0;1;0;0;0;1;1;-20,8662989;-43,79704736;"SPRF-MG";"DEL05-MG";"UOP02-DEL05-MG"
455704;2022-06-14;"terça-feira";"00:15:00";"GO";153;532;"HIDROLANDIA";"Animais na Pista";"Atropelamento de Animal";"Com Vítimas Feridas";"Plena Noite";"Crescente";"Céu Claro";"Dupla";"Reta";"Sim";2;0;0;1;0;1;1;1;-16,9852;-49,2297;"SPRF-GO";"DEL01-GO";"UOP03-DEL01-GO"
455705;2022-06-14;"terça-feira";"00:05:00";"RJ";101;295;"ITABORAI";"Ausência de reação do condutor";"Colisão traseira";"Com Vítimas Feridas";"Plena Noite";"Decrescente";"Garoa/Chuvisco";"Múltipla";"Reta";"Não";6;0;1;0;5;0;1;2;-22,76365068;-42,90223623;"SPRF-RJ";"DEL02-RJ";"UOP02-DEL02-RJ"
455711;2022-06-13;"segunda-feira";"22:34:00";"RJ";0;0;"DUQUE DE CAXIAS";"Velocidade Incompatível";"Saída de leito carroçável";"Com Vítimas Feridas";"Plena Noite";"Não Informado";"Céu Claro";"Simples";"Curva";"Sim";3;0;1;0;2;0;1;1;-22,621169;-43,203057;"SPRF-RJ";"DEL01-RJ";"N/A"
455712;2022-06-13;"segunda-feira";"23:30:00";"RN";110;48;"MOSSORO";"Desrespeitar a preferência no cruzamento";"Colisão transversal";"Com Vítimas Feridas";"Plena Noite";"Decrescente";"Céu Claro";"Dupla";"Interseção de Vias";"Sim";2;0;1;0;0;1;1;2;-5,20881178;-37,33285083;"SPRF-RN";"DEL04-RN";"UOP01-DEL04-RN"
455715;2022-06-14;"terça-feira";"03:40:00";"CE";222;24,2;"CAUCAIA";"Acumulo de areia ou detritos sobre o pavimento";"Tombamento";"Com Vítimas Feridas";"Plena Noite";"Decrescente";"Céu Claro";"Múltipla";"Em Obras";"Não";1;0;0;1;0;0;1;1;-3,72787669;-38,77449816;"SPRF-CE";"DEL01-CE";"UOP01-DEL01-CE"
455718;2022-06-14;"terça-feira";"04:30:00";"PE";101;54,5;"PAULISTA";"Animais na Pista";"Colisão traseira";"Com Vítimas Fatais";"Amanhecer";"Decrescente";"Céu Claro";"Múltipla";"Curva";"Sim";2;1;0;0;1;0;0;2;-7,93961103;-34,90356584;"SPRF-PE";"DEL01-PE";"UOP02-DEL01-PE"
455719;2022-06-13;"segunda-feira";"22:00:00";"RO";364;540;"ALTO PARAISO";"Velocidade Incompatível";"Saída de leito carroçável";"Com Vítimas Feridas";"Plena Noite";"Decrescente";"Céu Claro";"Simples";"Em Obras";"Não";1;0;1;0;0;0;1;1;-9,725236;-63,119003;"SPRF-RO";"DEL03-RO";"UOP01-DEL03-RO"
455720;2022-06-14;"terça-feira";"06:10:00";"PR";369;174;"ROLANDIA";"Reação tardia ou ineficiente do condutor";"Colisão transversal";"Com Vítimas Feridas";"Pleno dia";"Crescente";"Céu Claro";"Simples";"Reta";"Sim";2;0;1;0;1;0;1;2;-23,3197064;-51,380146;"SPRF-PR";"DEL07-PR";"UOP01-DEL07-PR"
455722;2022-03-28;"segunda-feira";"17:16:00";"MA";10;236;"GOVERNADOR EDISON LOBAO";"Acessar a via sem observar a presença dos outros veículos";"Colisão transversal";"Com Vítimas Feridas";"Pleno dia";"Decrescente";"Céu Claro";"Simples";"Reta";"Sim";2;0;0;1;1;0;1;2;-5,655617;-47,388985;"SPRF-MA";"DEL04-MA";"UOP01-DEL04-MA"
455723;2022-06-14;"terça-feira";"06:55:00";"PB";101;99,5;"CONDE";"Acessar a via sem observar a presença dos outros veículos";"Colisão transversal";"Com Vítimas Feridas";"Pleno dia";"Decrescente";"Céu Claro";"Dupla";"Retorno Regulamentado";"Não";2;0;1;0;1;0;1;2;-7,26086093;-34,93579388;"SPRF-PB";"DEL01-PB";"UOP02-DEL01-PB"
455724;2022-06-14;"terça-feira";"05:30:00";"MG";262;398;"PARA DE MINAS";"Condutor deixou de manter distância do veículo da frente";"Colisão traseira";"Com Vítimas Feridas";"Amanhecer";"Decrescente";"Nevoeiro/Neblina";"Dupla";"Retorno Regulamentado";"Não";2;0;1;0;1;0;1;2;-19,89084025;-44,58442033;"SPRF-MG";"DEL01-MG";"UOP03-DEL01-MG"
455725;2022-06-13;"segunda-feira";"22:30:00";"MG";262;650,1;"IBIA";"Avarias e/ou desgaste excessivo no pneu";"Capotamento";"Com Vítimas Feridas";"Plena Noite";"Decrescente";"Céu Claro";"Simples";"Curva";"Não";1;0;0;1;0;0;1;1;-19,58053719;-46,63405533;"SPRF-MG";"DEL08-MG";"UOP01-DEL08-MG"
455726;2022-06-14;"terça-feira";"06:50:00";"MG";381;525,5;"BRUMADINHO";"Condutor deixou de manter distância do veículo da frente";"Colisão traseira";"Com Vítimas Feridas";"Amanhecer";"Decrescente";"Céu Claro";"Dupla";"Reta;Aclive";"Não";2;0;1;0;1;0;1;2;-20,16710798;-44,33422398;"SPRF-MG";"DEL04-MG";"UOP03-DEL04-MG"
455727;2022-06-14;"terça-feira";"07:00:00";"MG";50;37;"ARAGUARI";"Velocidade Incompatível";"Colisão traseira";"Com Vítimas Feridas";"Pleno dia";"Crescente";"Céu Claro";"Dupla";"Reta";"Sim";4;0;0;1;1;2;1;3;-18,65832814;-48,15585894;"SPRF-MG";"DEL15-MG";"UOP02-DEL15-MG"
455728;2022-06-14;"terça-feira";"07:00:00";"RN";304;301;"MACAIBA";"Ausência de reação do condutor";"Colisão traseira";"Com Vítimas Feridas";"Pleno dia";"Crescente";"Sol";"Dupla";"Reta";"Sim";2;0;2;0;0;0;2;2;-5,87657067;-35,30647289;"SPRF-RN";"DEL01-RN";"UOP02-DEL01-RN"
455729;2022-06-14;"terça-feira";"06:50:00";"MG";116;113;"GOVERNADOR VALADARES";"Acessar a via sem observar a presença dos outros veículos";"Colisão transversal";"Com Vítimas Feridas";"Pleno dia";"Crescente";"Céu Claro";"Simples";"Interseção de Vias";"Sim";3;0;2;0;1;0;2;2;-18,8771131;-41,96327522;"SPRF-MG";"DEL11-MG";"UOP02-DEL11-MG"
455730;2022-06-14;"terça-feira";"06:30:00";"CE";20;416;"MARACANAU";"Condutor deixou de manter distância do veículo da frente";"Colisão traseira";"Com Vítimas Feridas";"Pleno dia";"Crescente";"Céu Claro";"Dupla";"Reta";"Não";2;0;1;0;1;0;1;2;-3,76999035;-38,67006282;"SPRF-CE";"DEL01-CE";"UOP02-DEL01-CE"
455731;2022-06-14;"terça-feira";"07:20:00";"RS";285;297;"PASSO FUNDO";"Acessar a via sem observar a presença dos outros veículos";"Colisão transversal";"Com Vítimas Feridas";"Pleno dia";"Decrescente";"Céu Claro";"Simples";"Rotatória";"Sim";3;0;2;0;1;0;2;2;-28,23598779;-52,41845369;"SPRF-RS";"DEL08-RS";"UOP03-DEL08-RS"
455732;2022-06-14;"terça-feira";"07:14:00";"PR";277;730,5;"FOZ DO IGUACU";"Condutor deixou de manter distância do veículo da frente";"Colisão frontal";"Com Vítimas Feridas";"Pleno dia";"Crescente";"Nevoeiro/Neblina";"Simples";"Reta";"Sim";4;0;3;0;1;0;3;3;-25,50952405;-54,59990501;"SPRF-PR";"DEL05-PR";"UOP03-DEL05-PR"
455733;2022-06-14;"terça-feira";"06:25:00";"MG";262;431,4;"NOVA SERRANA";"Velocidade Incompatível";"Colisão com objeto";"Com Vítimas Fatais";"Amanhecer";"Decrescente";"Céu Claro";"Dupla";"Curva;Declive";"Não";1;1;0;0;0;0;0;1;-19,89330573;-44,87571716;"SPRF-MG";"DEL08-MG";"UOP03-DEL08-MG"
455736;2022-06-14;"terça-feira";"07:30:00";"RJ";493;21;"MAGE";"Reação tardia ou ineficiente do condutor";"Colisão transversal";"Com Vítimas Feridas";"Pleno dia";"Decrescente";"Nublado";"Simples";"Reta";"Sim";3;0;2;0;1;0;2;2;-22,66151289;-43,04480692;"SPRF-RJ";"DEL04-RJ";"UOP02-DEL04-RJ"
455737;2022-06-14;"terça-feira";"08:00:00";"SC";101;119,9;"ITAJAI";"Trafegar com motocicleta (ou similar) entre as faixas";"Colisão traseira";"Com Vítimas Feridas";"Pleno dia";"Decrescente";"Céu Claro";"Múltipla";"Reta";"Sim";2;0;1;0;1;0;1;2;-26,9043179;-48,71555481;"SPRF-SC";"DEL04-SC";"UOP04-DEL04-SC"
455738;2022-06-14;"terça-feira";"08:00:00";"DF";70;10,1;"BRASILIA";"Trafegar com motocicleta (ou similar) entre as faixas";"Colisão lateral mesmo sentido";"Com Vítimas Feridas";"Pleno dia";"Decrescente";"Céu Claro";"Dupla";"Reta";"Sim";2;0;1;0;1;0;1;2;-15,78765939;-48,14163923;"SPRF-DF";"DEL03-DF";"UOP02-DEL03-DF"
455739;2022-06-14;"terça-feira";"08:07:00";"RN";101;85;"SAO GONCALO DO AMARANTE";"Condutor deixou de manter distância do veículo da frente";"Colisão traseira";"Com Vítimas Feridas";"Pleno dia";"Crescente";"Céu Claro";"Simples";"Reta";"Sim";3;0;2;0;0;1;2;2;-5,777664;-35,24937;"SPRF-RN";"DEL02-RN";"UOP01-DEL02-RN"
455740;2022-06-14;"terça-feira";"08:20:00";"DF";70;10,3;"BRASILIA";"Velocidade Incompatível";"Colisão traseira";"Com Vítimas Feridas";"Pleno dia";"Decrescente";"Céu Claro";"Dupla";"Reta";"Sim";2;0;0;1;1;0;1;2;-15,787066;-48,140709;"SPRF-DF";"DEL03-DF";"UOP02-DEL03-DF"
455741;2022-06-14;"terça-feira";"08:00:00";"PR";369;178,7;"ARAPONGAS";"Ultrapassagem Indevida";"Colisão lateral mesmo sentido";"Com Vítimas Feridas";"Pleno dia";"Decrescente";"Céu Claro";"Simples";"Reta";"Sim";3;0;2;0;1;0;2;2;-23,37020926;-51,408602;"SPRF-PR";"DEL07-PR";"UOP01-DEL07-PR"
455742;2022-06-14;"terça-feira";"08:23:00";"GO";40;8,3;"LUZIANIA";"Trafegar com motocicleta (ou similar) entre as faixas";"Queda de ocupante de veículo";"Com Vítimas Feridas";"Pleno dia";"Crescente";"Céu Claro";"Dupla";"Reta";"Sim";2;0;1;0;1;0;1;2;-16,116158;-47,96761;"SPRF-DF";"DEL01-DF";"UOP01-DEL01-DF"
455743;2022-06-14;"terça-feira";"04:50:00";"RS";290;249,2;"CACHOEIRA DO SUL";"Demais falhas mecânicas ou elétricas";"Incêndio";"Sem Vítimas";"Amanhecer";"Crescente";"Céu Claro";"Simples";"Reta";"Não";1;0;0;0;0;1;0;1;-30,23228629;-52,69701183;"SPRF-RS";"DEL02-RS";"UOP03-DEL02-RS"
455744;2022-06-14;"terça-feira";"07:40:00";"PR";277;723,5;"FOZ DO IGUACU";"Demais Fenômenos da natureza";"Colisão traseira";"Com Vítimas Feridas";"Pleno dia";"Decrescente";"Céu Claro";"Dupla";"Reta";"Sim";2;0;1;0;1;0;1;2;-25,4994602;-54,53121012;"SPRF-PR";"DEL05-PR";"UOP03-DEL05-PR"
455745;2022-06-14;"terça-feira";"08:26:00";"DF";40;2;"BRASILIA";"Manobra de mudança de faixa";"Colisão lateral mesmo sentido";"Com Vítimas Feridas";"Pleno dia";"Decrescente";"Céu Claro";"Dupla";"Reta";"Sim";1;0;1;0;0;0;1;1;-15,99435;-47,985947;"SPRF-DF";"DEL01-DF";"UOP01-DEL01-DF"
455746;2022-06-14;"terça-feira";"08:45:00";"BA";324;517;"FEIRA DE SANTANA";"Conversão proibida";"Colisão transversal";"Com Vítimas Feridas";"Pleno dia";"Decrescente";"Nublado";"Simples";"Reta";"Sim";2;0;1;0;0;1;1;2;-12,24953308;-38,93362525;"SPRF-BA";"DEL02-BA";"UOP01-DEL02-BA"
455749;2022-06-14;"terça-feira";"08:30:00";"RJ";116;165;"RIO DE JANEIRO";"Demais falhas mecânicas ou elétricas";"Incêndio";"Sem Vítimas";"Pleno dia";"Decrescente";"Chuva";"Múltipla";"Reta";"Sim";1;0;0;0;1;0;0;1;-22,81027087;-43,3356303;"SPRF-RJ";"DEL01-RJ";"UOP02-DEL01-RJ"
455750;2022-06-04;"sábado";"15:50:00";"RS";116;153,7;"CAXIAS DO SUL";"Desrespeitar a preferência no cruzamento";"Colisão transversal";"Com Vítimas Feridas";"Pleno dia";"Crescente";"Céu Claro";"Dupla";"Rotatória";"Sim";2;0;1;0;1;0;1;2;-29,18579758;-51,17713005;"SPRF-RS";"DEL05-RS";"UOP01-DEL05-RS"
455751;2022-06-14;"terça-feira";"08:45:00";"PB";101;82;"BAYEUX";"Pista esburacada";"Tombamento";"Com Vítimas Feridas";"Pleno dia";"Decrescente";"Céu Claro";"Dupla";"Viaduto";"Sim";1;0;1;0;0;0;1;1;-7,12911;-34,93714;"SPRF-PB";"DEL01-PB";"UOP01-DEL01-PB"
455752;2022-06-03;"sexta-feira";"12:10:00";"GO";60;462;"JATAI";"Objeto estático sobre o leito carroçável";"Saída de leito carroçável";"Com Vítimas Feridas";"Pleno dia";"Crescente";"Céu Claro";"Dupla";"Aclive;Reta";"Sim";1;0;1;0;0;0;1;1;-17,8742;-51,6338;"SPRF-GO";"DEL05-GO";"UOP01-DEL05-GO"
455753;2022-06-14;"terça-feira";"09:20:00";"CE";20;405,5;"CAUCAIA";"Pista esburacada";"Tombamento";"Com Vítimas Feridas";"Pleno dia";"Decrescente";"Sol";"Simples";"Reta";"Sim";1;0;0;1;0;0;1;1;-3,76998608;-38,67015839;"SPRF-CE";"DEL01-CE";"UOP01-DEL01-CE"
455754;2022-06-14;"terça-feira";"08:00:00";"PR";277;590,1;"CASCAVEL";"Frear bruscamente";"Queda de ocupante de veículo";"Com Vítimas Feridas";"Pleno dia";"Crescente";"Céu Claro";"Simples";"Declive";"Sim";1;0;1;0;0;0;1;1;-24,98120697;-53,45591501;"SPRF-PR";"DEL04-PR";"UOP01-DEL04-PR"
455755;2022-05-18;"quarta-feira";"13:30:00";"MT";163;839;"SINOP";"Acessar a via sem observar a presença dos outros veículos";"Colisão transversal";"Com Vítimas Feridas";"Pleno dia";"Crescente";"Céu Claro";"Simples";"Reta";"Sim";2;0;1;0;1;0;1;2;-11,951051;-55,516876;"SPRF-MT";"DEL06-MT";"NPF/DEL06-MT"
455757;2022-06-14;"terça-feira";"08:30:00";"SP";381;82;"SAO PAULO";"Avarias e/ou desgaste excessivo no pneu";"Queda de ocupante de veículo";"Com Vítimas Feridas";"Pleno dia";"Crescente";"Céu Claro";"Dupla";"Reta";"Sim";2;0;0;1;1;0;1;1;-23,42399;-46,575112;"SPRF-SP";"DEL03-SP";"UOP01-DEL03-SP"
455759;2022-06-14;"terça-feira";"07:55:00";"MG";356;266,7;"MURIAE";"Acessar a via sem observar a presença dos outros veículos";"Colisão transversal";"Com Vítimas Feridas";"Pleno dia";"Decrescente";"Céu Claro";"Simples";"Curva";"Sim";2;0;1;0;1;0;1;2;-21,12949475;-42,36019503;"SPRF-MG";"DEL07-MG";"UOP02-DEL07-MG"
455761;2022-06-14;"terça-feira";"06:38:00";"CE";116;423;"IPAUMIRIM";"Pista esburacada";"Colisão frontal";"Com Vítimas Feridas";"Pleno dia";"Decrescente";"Céu Claro";"Simples";"Curva";"Não";4;0;0;2;2;0;2;2;-6,78340791;-38,76574786;"SPRF-CE";"DEL05-CE";"UOP01-DEL05-CE"
455762;2022-06-14;"terça-feira";"10:45:00";"SP";116;66,7;"GUARATINGUETA";"Reação tardia ou ineficiente do condutor";"Saída de leito carroçável";"Com Vítimas Feridas";"Pleno dia";"Crescente";"Nublado";"Dupla";"Reta";"Não";2;0;1;0;1;0;1;1;-22,82743349;-45,20661592;"SPRF-SP";"DEL08-SP";"UOP01-DEL08-SP"
455763;2022-05-25;"quarta-feira";"05:45:00";"PB";230;19,5;"JOAO PESSOA";"Transitar na contramão";"Colisão frontal";"Com Vítimas Feridas";"Amanhecer";"Decrescente";"Chuva";"Dupla";"Declive;Curva";"Sim";2;0;1;0;1;0;1;2;-7,1281;-34,8466;"SPRF-PB";"DEL01-PB";"UOP01-DEL01-PB"
455765;2022-05-28;"sábado";"21:20:00";"GO";40;21;"LUZIANIA";"Acesso irregular";"Colisão transversal";"Com Vítimas Feridas";"Plena Noite";"Decrescente";"Céu Claro";"Múltipla";"Reta";"Sim";3;0;1;0;1;1;1;2;-16,218542;-47,915731;"SPRF-DF";"DEL01-DF";"UOP01-DEL01-DF"
455766;2022-06-14;"terça-feira";"07:30:00";"RJ";101;322;"NITEROI";"Condutor deixou de manter distância do veículo da frente";"Colisão traseira";"Com Vítimas Feridas";"Pleno dia";"Decrescente";"Chuva";"Múltipla";"Reta";"Sim";2;0;1;0;1;0;1;2;-22,878923;-43,110676;"SPRF-RJ";"DEL02-RJ";"UOP01-DEL02-RJ"
455767;2022-06-14;"terça-feira";"11:00:00";"RJ";40;108;"DUQUE DE CAXIAS";"Manobra de mudança de faixa";"Colisão lateral mesmo sentido";"Com Vítimas Feridas";"Pleno dia";"Crescente";"Garoa/Chuvisco";"Dupla";"Reta";"Sim";3;0;2;0;1;0;2;2;-22,66476979;-43,28495144;"SPRF-RJ";"DEL01-RJ";"UOP01-DEL01-RJ"
455769;2022-06-13;"segunda-feira";"23:00:00";"MT";70;643,1;"CACERES";"Animais na Pista";"Atropelamento de Animal";"Sem Vítimas";"Plena Noite";"Crescente";"Nublado";"Simples";"Reta";"Não";1;0;0;0;1;0;0;1;-15,94140236;-57,06721997;"SPRF-MT";"DEL03-MT";"UOP02-DEL03-MT"
455774;2022-06-05;"domingo";"19:30:00";"CE";222;2,7;"FORTALEZA";"Transitar na contramão";"Colisão transversal";"Com Vítimas Feridas";"Plena Noite";"Decrescente";"Nublado";"Múltipla";"Reta";"Sim";2;0;1;0;0;1;1;2;-3,73911117;-38,58687498;"SPRF-CE";"DEL01-CE";"UOP01-DEL01-CE"
455775;2022-06-14;"terça-feira";"11:10:00";"RJ";101;276;"TANGUA";"Manobra de mudança de faixa";"Colisão com objeto";"Sem Vítimas";"Pleno dia";"Crescente";"Nublado";"Dupla";"Reta";"Sim";2;0;0;0;2;0;0;2;-22,73796393;-42,73871802;"SPRF-RJ";"DEL02-RJ";"UOP03-DEL02-RJ"
455776;2022-06-14;"terça-feira";"12:01:00";"RS";285;119;"VACARIA";"Condutor deixou de manter distância do veículo da frente";"Colisão traseira";"Sem Vítimas";"Pleno dia";"Crescente";"Céu Claro";"Simples";"Interseção de Vias";"Sim";2;0;0;0;2;0;0;2;-28,501478;-50,919212;"SPRF-RS";"DEL05-RS";"UOP03-DEL05-RS"
455777;2022-06-14;"terça-feira";"11:35:00";"SC";101;215,6;"PALHOCA";"Ausência de reação do condutor";"Colisão com objeto";"Sem Vítimas";"Pleno dia";"Decrescente";"Nublado";"Múltipla";"Aclive;Curva";"Sim";1;0;0;0;0;1;0;1;-27,65622745;-48,67816687;"SPRF-SC";"DEL01-SC";"UOP02-DEL01-SC"
455778;2022-06-14;"terça-feira";"07:00:00";"PR";116;91;"PIRAQUARA";"Reação tardia ou ineficiente do condutor";"Colisão traseira";"Com Vítimas Feridas";"Amanhecer";"Decrescente";"Nublado";"Dupla";"Reta";"Sim";2;0;1;0;1;0;1;2;-25,46961587;-49,09184037;"SPRF-PR";"DEL01-PR";"UOP01-DEL01-PR"
455780;2022-06-14;"terça-feira";"12:00:00";"RR";174;503;"BOA VISTA";"Condutor deixou de manter distância do veículo da frente";"Colisão traseira";"Com Vítimas Feridas";"Pleno dia";"Crescente";"Nublado";"Dupla";"Reta";"Sim";2;0;1;0;1;0;1;2;2,80588463;-60,69087982;"SPRF-RR";"DEL01-RR";"UOP01-DEL01-RR"
455781;2022-06-14;"terça-feira";"09:00:00";"PE";423;59,7;"LAJEDO";"Desrespeitar a preferência no cruzamento";"Colisão transversal";"Com Vítimas Feridas";"Pleno dia";"Decrescente";"Céu Claro";"Simples";"Reta";"Não";2;0;0;1;1;0;1;2;-8,64676387;-36,31558317;"SPRF-PE";"DEL03-PE";"UOP01-DEL03-PE"
455785;2022-06-14;"terça-feira";"11:15:00";"MA";135;97;"ITAPECURU MIRIM";"Acessar a via sem observar a presença dos outros veículos";"Colisão transversal";"Sem Vítimas";"Pleno dia";"Decrescente";"Sol";"Simples";"Rotatória";"Não";3;0;0;0;3;0;0;2;-3,33204792;-44,44588423;"SPRF-MA";"DEL01-MA";"UOP02-DEL01-MA"
455786;2022-06-14;"terça-feira";"13:10:00";"PR";476;191,1;"LAPA";"Ausência de reação do condutor";"Saída de leito carroçável";"Com Vítimas Fatais";"Pleno dia";"Decrescente";"Sol";"Dupla";"Interseção de Vias;Rotatória;Desvio Temporário;Em Obras;Retorno Regulamentado;Aclive;Túnel;Viaduto;Ponte;Reta";"Não";2;1;0;0;1;0;0;1;-25,723387;-49,698484;"SPRF-PR";"DEL02-PR";"UOP04-DEL02-PR"
455787;2022-06-14;"terça-feira";"13:20:00";"SC";101;151,5;"ITAPEMA";"Ausência de reação do condutor";"Tombamento";"Com Vítimas Feridas";"Pleno dia";"Crescente";"Céu Claro";"Dupla";"Reta";"Sim";1;0;0;1;0;0;1;1;-27,126536;-48,609642;"SPRF-SC";"DEL04-SC";"UOP03-DEL04-SC"
455790;2022-06-14;"terça-feira";"14:42:00";"SP";153;64;"SAO JOSE DO RIO PRETO";"Pista Escorregadia";"Tombamento";"Com Vítimas Feridas";"Pleno dia";"Decrescente";"Sol";"Dupla";"Curva";"Não";1;0;1;0;0;0;1;1;-20,82919401;-49,36046325;"SPRF-SP";"DEL09-SP";"UOP01-DEL09-SP"
455793;2022-06-14;"terça-feira";"13:00:00";"RS";448;1,9;"ESTEIO";"Ingestão de álcool pelo condutor";"Saída de leito carroçável";"Sem Vítimas";"Pleno dia";"Crescente";"Céu Claro";"Simples";"Reta";"Não";1;0;0;0;1;0;0;1;-29,836086;-51,182426;"SPRF-RS";"DEL01-RS";"UOP02-DEL01-RS"
455795;2022-06-14;"terça-feira";"12:40:00";"BA";116;773,7;"PLANALTO";"Acessar a via sem observar a presença dos outros veículos";"Colisão lateral mesmo sentido";"Com Vítimas Feridas";"Pleno dia";"Decrescente";"Céu Claro";"Simples";"Reta";"Não";2;0;1;0;1;0;1;2;-14,5744912;-40,42660279;"SPRF-BA";"DEL08-BA";"UOP02-DEL08-BA"