"id";"data_inversa";"dia_semana";"horario";"uf";"br";"km";"municipio";"causa_acidente";"tipo_acidente";"classificacao_acidente";"fase_dia";"sentido_via";"condicao_metereologica";"tipo_pista";"tracado_via";"uso_solo";"pessoas";"mortos";"feridos_leves";"feridos_graves";"ilesos";"ignorados";"feridos";"veiculos";"latitude";"longitude";"regional";"delegacia";"uop"
455796;2022-06-14;"terça-feira";"14:45:00";"MG";356;266,4;"MURIAE";"Reação tardia ou ineficiente do condutor";"Colisão traseira";"Com Vítimas Feridas";"Pleno dia";"Decrescente";"Sol";"Simples";"Reta";"Sim";3;0;1;0;2;0;1;2;-21,12823134;-42,35802453;"SPRF-MG";"DEL07-MG";"UOP02-DEL07-MG"
455797;2022-06-14;"terça-feira";"13:30:00";"SC";101;327;"CAPIVARI DE BAIXO";"Desrespeitar a preferência no cruzamento";"Colisão transversal";"Com Vítimas Feridas";"Pleno dia";"Crescente";"Céu Claro";"Simples";"Interseção de Vias";"Não";2;0;1;0;1;0;1;2;-28,43023306;-48,95205197;"SPRF-SC";"DEL02-SC";"UOP01-DEL02-SC"
455799;2022-06-14;"terça-feira";"13:50:00";"RJ";101;55;"CAMPOS DOS GOYTACAZES";"Acessar a via sem observar a presença dos outros veículos";"Colisão lateral mesmo sentido";"Com Vítimas Feridas";"Pleno dia";"Decrescente";"Céu Claro";"Simples";"Reta";"Sim";3;0;0;1;1;1;1;3;-21,67827099;-41,31079872;"SPRF-RJ";"DEL08-RJ";"UOP01-DEL08-RJ"
455802;2022-06-14;"terça-feira";"15:30:00";"SC";101;203,7;"SAO JOSE";"Reação tardia ou ineficiente do condutor";"Colisão traseira";"Com Vítimas Feridas";"Pleno dia";"Crescente";"Nublado";"Múltipla";"Reta";"Sim";2;0;1;0;1;0;1;2;-27,5650044;-48,61460082;"SPRF-SC";"DEL01-SC";"UOP01-DEL01-SC"
455803;2022-06-14;"terça-feira";"15:50:00";"PR";277;83,5;"CURITIBA";"Animais na Pista";"Atropelamento de Animal";"Com Vítimas Feridas";"Pleno dia";"Crescente";"Nublado";"Dupla";"Reta";"Sim";3;0;3;0;0;0;3;2;-25,45071496;-49,22836304;"SPRF-PR";"DEL01-PR";"UOP01-DEL01-PR"
455804;2022-06-14;"terça-feira";"15:37:00";"GO";40;2,8;"VALPARAISO DE GOIAS";"Ausência de reação do condutor";"Colisão traseira";"Com Vítimas Feridas";"Pleno dia";"Crescente";"Céu Claro";"Dupla";"Reta";"Sim";2;0;1;0;1;0;1;2;-16,067129;-47,984235;"SPRF-DF";"DEL01-DF";"UOP01-DEL01-DF"
455805;2022-06-14;"terça-feira";"15:00:00";"RJ";116;226,4;"PIRAI";"Ausência de reação do condutor";"Saída de leito carroçável";"Sem Vítimas";"Pleno dia";"Decrescente";"Chuva";"Simples";"Curva";"Sim";1;0;0;0;1;0;0;1;-22,67178649;-43,83601449;"SPRF-RJ";"DEL07-RJ";"UOP01-DEL07-RJ"
455806;2022-06-14;"terça-feira";"16:30:00";"CE";20;421;"MARACANAU";"Acessar a via sem observar a presença dos outros veículos";"Tombamento";"Com Vítimas Feridas";"Pleno dia";"Crescente";"Céu Claro";"Múltipla";"Reta";"Não";2;0;1;0;0;1;1;2;-3,86841596;-38,50885402;"SPRF-CE";"DEL01-CE";"UOP02-DEL01-CE"
455808;2022-06-14;"terça-feira";"15:40:00";"MG";381;454,5;"BELO HORIZONTE";"Mal súbito do condutor";"Saída de leito carroçável";"Com Vítimas Feridas";"Pleno dia";"Decrescente";"Céu Claro";"Simples";"Reta";"Sim";2;0;1;0;1;0;1;2;-19,85593827;-43,89662047;"SPRF-MG";"DEL01-MG";"UOP01-DEL01-MG"
455809;2022-06-14;"terça-feira";"16:00:00";"PE";101;76;"RECIFE";"Demais falhas mecânicas ou elétricas";"Queda de ocupante de veículo";"Com Vítimas Feridas";"Pleno dia";"Decrescente";"Céu Claro";"Dupla";"Curva";"Sim";2;0;2;0;0;0;2;1;-8,120175;-34,942786;"SPRF-PE";"DEL01-PE";"UOP01-DEL01-PE"
455810;2022-06-14;"terça-feira";"14:50:00";"RN";405;1,3;"MOSSORO";"Pista esburacada";"Queda de ocupante de veículo";"Com Vítimas Feridas";"Pleno dia";"Crescente";"Céu Claro";"Dupla";"Reta";"Sim";1;0;1;0;0;0;1;1;-5,19170196;-37,361471;"SPRF-RN";"DEL04-RN";"UOP02-DEL04-RN"
455812;2022-06-14;"terça-feira";"17:18:00";"PE";101;42;"IGARASSU";"Manobra de mudança de faixa";"Colisão lateral mesmo sentido";"Com Vítimas Feridas";"Pleno dia";"Crescente";"Céu Claro";"Múltipla";"Retorno Regulamentado";"Sim";1;0;1;0;0;0;1;1;-7,83887431;-34,91196739;"SPRF-PE";"DEL01-PE";"UOP02-DEL01-PE"
455814;2022-06-14;"terça-feira";"15:20:00";"MT";174;413;"NOVA LACERDA";"Demais Fenômenos da natureza";"Saída de leito carroçável";"Sem Vítimas";"Pleno dia";"Crescente";"Céu Claro";"Simples";"Aclive;Reta";"Não";3;0;0;0;3;0;0;1;-14,281265;-59,683305;"SPRF-MT";"DEL04-MT";"UOP01-DEL04-MT"
455816;2022-06-14;"terça-feira";"17:40:00";"RJ";101;67;"CAMPOS DOS GOYTACAZES";"Acessar a via sem observar a presença dos outros veículos";"Colisão transversal";"Com Vítimas Feridas";"Plena Noite";"Crescente";"Nublado";"Simples";"Reta";"Sim";3;0;1;0;2;0;1;2;-21,76751094;-41,34876249;"SPRF-RJ";"DEL08-RJ";"UOP02-DEL08-RJ"
455817;2022-06-10;"sexta-feira";"20:40:00";"BA";116;521;"ITATIM";"Condutor Dormindo";"Tombamento";"Com Vítimas Feridas";"Plena Noite";"Decrescente";"Nublado";"Simples";"Reta";"Sim";1;0;0;1;0;0;1;1;-12,706008;-39,724192;"SPRF-BA";"DEL03-BA";"UOP02-DEL03-BA"
455819;2022-06-14;"terça-feira";"16:00:00";"PR";476;105;"COLOMBO";"Demais falhas mecânicas ou elétricas";"Incêndio";"Sem Vítimas";"Anoitecer";"Crescente";"Nublado";"Simples";"Aclive;Reta";"Não";1;0;0;0;1;0;0;1;-25,279358;-49,140411;"SPRF-PR";"DEL01-PR";"UOP01-DEL01-PR"
455820;2022-06-14;"terça-feira";"17:30:00";"SP";101;49,8;"UBATUBA";"Transitar no acostamento";"Atropelamento de Pedestre";"Com Vítimas Feridas";"Anoitecer";"Crescente";"Céu Claro";"Simples";"Reta";"Sim";3;0;0;1;0;2;1;2;-23,44410908;-45,08375708;"SPRF-SP";"DEL06-SP";"UOP01-DEL06-SP"
455822;2022-06-14;"terça-feira";"18:05:00";"ES";101;300;"VIANA";"Pedestre cruzava a pista fora da faixa";"Atropelamento de Pedestre";"Com Vítimas Feridas";"Amanhecer";"Crescente";"Nublado";"Dupla";"Reta";"Sim";2;0;1;1;0;0;2;2;-20,358635;-40,432167;"SPRF-ES";"DEL01-ES";"UOP01-DEL01-ES"
455823;2022-06-14;"terça-feira";"18:10:00";"ES";101;258,5;"SERRA";"Condutor deixou de manter distância do veículo da frente";"Tombamento";"Com Vítimas Feridas";"Plena Noite";"Crescente";"Céu Claro";"Dupla";"Interseção de Vias";"Não";1;0;1;0;0;0;1;1;-20,13059888;-40,2961019;"SPRF-ES";"DEL02-ES";"UOP01-DEL02-ES"
455824;2022-06-14;"terça-feira";"18:20:00";"SP";116;214;"GUARULHOS";"Entrada inopinada do pedestre";"Colisão lateral mesmo sentido";"Com Vítimas Feridas";"Anoitecer";"Crescente";"Céu Claro";"Múltipla";"Declive;Em Obras";"Sim";2;0;1;0;1;0;1;2;-23,44333014;-46,44531294;"SPRF-SP";"DEL01-SP";"UOP01-DEL01-SP"
455825;2022-06-14;"terça-feira";"17:25:00";"PR";376;5;"APUCARANA";"Condutor deixou de manter distância do veículo da frente";"Colisão traseira";"Com Vítimas Feridas";"Anoitecer";"Decrescente";"Céu Claro";"Dupla";"Reta";"Sim";2;0;0;1;1;0;1;2;-23,54744496;-51,45152807;"SPRF-PR";"DEL07-PR";"UOP03-DEL07-PR"
455827;2022-06-14;"terça-feira";"17:10:00";"RO";319;63;"PORTO VELHO";"Velocidade Incompatível";"Colisão traseira";"Com Vítimas Feridas";"Pleno dia";"Crescente";"Céu Claro";"Dupla";"Reta";"Sim";2;0;1;0;1;0;1;2;-8,766685;-63,884052;"SPRF-RO";"DEL01-RO";"UOP01-DEL01-RO"
455828;2022-06-14;"terça-feira";"16:49:00";"TO";153;345;"GUARAI";"Transitar na contramão";"Queda de ocupante de veículo";"Com Vítimas Feridas";"Pleno dia";"Crescente";"Céu Claro";"Simples";"Reta";"Não";1;0;0;1;0;0;1;1;-8,93568917;-48,50773634;"SPRF-TO";"DEL02-TO";"UOP02-DEL02-TO"
455829;2022-06-14;"terça-feira";"18:20:00";"RS";470;209;"BENTO GONCALVES";"Acessar a via sem observar a presença dos outros veículos";"Colisão transversal";"Com Vítimas Feridas";"Plena Noite";"Crescente";"Céu Claro";"Simples";"Reta";"Sim";2;0;1;0;1;0;1;2;-29,10894598;-51,54542236;"SPRF-RS";"DEL06-RS";"UOP01-DEL06-RS"
455830;2022-06-14;"terça-feira";"18:38:00";"RN";406;150,1;"CEARA-MIRIM";"Ingestão de álcool ou de substâncias psicoativas pelo pedestre";"Atropelamento de Pedestre";"Com Vítimas Feridas";"Plena Noite";"Crescente";"Céu Claro";"Simples";"Reta";"Sim";2;0;1;0;1;0;1;2;-5,64974982;-35,43234997;"SPRF-RN";"DEL02-RN";"UOP01-DEL02-RN"
455831;2022-06-14;"terça-feira";"14:30:00";"SC";101;197;"BIGUACU";"Ausência de reação do condutor";"Colisão lateral mesmo sentido";"Com Vítimas Feridas";"Pleno dia";"Crescente";"Céu Claro";"Dupla";"Reta";"Sim";2;0;1;0;1;0;1;2;-27,51844497;-48,63848496;"SPRF-SC";"DEL01-SC";"UOP01-DEL01-SC"
455832;2022-06-14;"terça-feira";"18:02:00";"PR";277;727;"FOZ DO IGUACU";"Reação tardia ou ineficiente do condutor";"Colisão traseira";"Sem Vítimas";"Anoitecer";"Decrescente";"Céu Claro";"Dupla";"Reta";"Não";3;0;0;0;3;0;0;2;-25,51017487;-54,56454899;"SPRF-PR";"DEL05-PR";"UOP03-DEL05-PR"
455833;2022-06-14;"terça-feira";"18:00:00";"SC";101;377;"IMBITUBA";"Animais na Pista";"Atropelamento de Animal";"Com Vítimas Feridas";"Plena Noite";"Crescente";"Céu Claro";"Dupla";"Reta";"Sim";1;0;1;0;0;0;1;1;-28,171292;-48,694637;"SPRF-SC";"DEL02-SC";"UOP01-DEL02-SC"
455834;2022-06-14;"terça-feira";"18:20:00";"PR";376;589;"CURITIBA";"Entrada inopinada do pedestre";"Atropelamento de Pedestre";"Com Vítimas Feridas";"Anoitecer";"Crescente";"Céu Claro";"Dupla";"Reta";"Sim";2;0;1;0;1;0;1;2;-25,44273905;-49,36419842;"SPRF-PR";"DEL01-PR";"UOP06-DEL01-PR"
455835;2022-06-14;"terça-feira";"18:40:00";"SP";116;270;"TABOAO DA SERRA";"Ausência de reação do condutor";"Colisão traseira";"Com Vítimas Feridas";"Plena Noite";"Decrescente";"Nublado";"Múltipla";"Reta";"Sim";3;0;1;0;2;0;1;3;-23,61799728;-46,79677694;"SPRF-SP";"DEL04-SP";"UOP01-DEL04-SP"
455837;2022-06-14;"terça-feira";"19:00:00";"RJ";116;139;"DUQUE DE CAXIAS";"Manobra de mudança de faixa";"Colisão lateral mesmo sentido";"Sem Vítimas";"Plena Noite";"Crescente";"Céu Claro";"Dupla";"Reta";"Sim";5;0;0;0;5;0;0;2;-22,64655224;-43,20138601;"SPRF-RJ";"DEL01-RJ";"UOP01-DEL01-RJ"
455839;2022-06-14;"terça-feira";"18:45:00";"RS";116;242;"SAO LEOPOLDO";"Manobra de mudança de faixa";"Colisão lateral mesmo sentido";"Com Vítimas Feridas";"Plena Noite";"Crescente";"Céu Claro";"Dupla";"Declive";"Sim";3;0;1;0;2;0;1;3;-29,72297087;-51,14858729;"SPRF-RS";"DEL01-RS";"UOP02-DEL01-RS"
455840;2022-06-14;"terça-feira";"18:00:00";"RJ";116;182;"NOVA IGUACU";"Reação tardia ou ineficiente do condutor";"Engavetamento";"Sem Vítimas";"Plena Noite";"Decrescente";"Nublado";"Dupla";"Reta";"Sim";4;0;0;0;4;0;0;4;-22,7567755;-43,43107234;"SPRF-RJ";"DEL01-RJ";"UOP02-DEL01-RJ"
455842;2022-06-14;"terça-feira";"18:20:00";"RS";116;303;"GUAIBA";"Entrada inopinada do pedestre";"Atropelamento de Pedestre";"Com Vítimas Feridas";"Anoitecer";"Crescente";"Céu Claro";"Simples";"Ponte";"Não";2;0;0;2;0;0;2;2;-30,14752169;-51,36494646;"SPRF-RS";"DEL02-RS";"UOP01-DEL02-RS"
455843;2022-06-14;"terça-feira";"19:00:00";"BA";116;827,4;"VITORIA DA CONQUISTA";"Ingestão de álcool ou de substâncias psicoativas pelo pedestre";"Atropelamento de Pedestre";"Com Vítimas Feridas";"Plena Noite";"Decrescente";"Céu Claro";"Simples";"Reta";"Sim";2;0;1;0;1;0;1;2;-14,88958342;-40,86156975;"SPRF-BA";"DEL08-BA";"UOP01-DEL08-BA"
455844;2022-06-14;"terça-feira";"18:25:00";"MG";116;33;"CACHOEIRA DE PAJEU";"Acessar a via sem observar a presença dos outros veículos";"Colisão traseira";"Com Vítimas Feridas";"Plena Noite";"Decrescente";"Nublado";"Simples";"Reta";"Não";2;0;0;1;1;0;1;2;-15,9245731;-41,39545358;"SPRF-MG";"DEL11-MG";"UOP02-DEL11-MG"
455845;2022-06-14;"terça-feira";"18:00:00";"RS";158;130,2;"CONDOR";"Reação tardia ou ineficiente do condutor";"Colisão frontal";"Com Vítimas Feridas";"Anoitecer";"Decrescente";"Céu Claro";"Simples";"Curva";"Não";3;0;0;3;0;0;3;2;-28,12354422;-53,43897979;"SPRF-RS";"DEL08-RS";"UOP01-DEL08-RS"
455846;2022-06-14;"terça-feira";"18:50:00";"PB";412;107;"SUME";"Pedestre andava na pista";"Atropelamento de Pedestre";"Com Vítimas Fatais";"Plena Noite";"Crescente";"Céu Claro";"Simples";"Curva";"Não";2;1;0;0;1;0;0;2;-7,663134;-36,873344;"SPRF-PB";"DEL02-PB";"UOP02-DEL02-PB"
455847;2022-06-14;"terça-feira";"18:45:00";"SC";101;335,3;"TUBARAO";"Reação tardia ou ineficiente do condutor";"Colisão lateral mesmo sentido";"Com Vítimas Feridas";"Plena Noite";"Decrescente";"Céu Claro";"Dupla";"Rotatória";"Sim";2;0;1;0;0;1;1;2;-28,47655;-49,02955;"SPRF-SC";"DEL02-SC";"UOP01-DEL02-SC"
455848;2022-06-14;"terça-feira";"19:20:00";"DF";40;0,5;"BRASILIA";"Manobra de mudança de faixa";"Colisão traseira";"Com Vítimas Feridas";"Plena Noite";"Crescente";"Céu Claro";"Dupla";"Reta";"Não";2;0;1;0;1;0;1;2;-15,976897;-47,990129;"SPRF-DF";"DEL01-DF";"UOP01-DEL01-DF"
455849;2022-06-14;"terça-feira";"16:30:00";"SC";470;160;"TROMBUDO CENTRAL";"Reação tardia ou ineficiente do condutor";"Capotamento";"Com Vítimas Feridas";"Pleno dia";"Decrescente";"Nublado";"Simples";"Reta";"Sim";1;0;1;0;0;0;1;1;-27,286278;-49,798035;"SPRF-SC";"DEL04-SC";"UOP02-DEL04-SC"
455850;2022-06-14;"terça-feira";"18:55:00";"RS";470;160;"NOVA PRATA";"Pedestre andava na pista";"Atropelamento de Pedestre";"Com Vítimas Feridas";"Plena Noite";"Decrescente";"Céu Claro";"Simples";"Reta";"Não";2;0;0;1;1;0;1;2;-28,81539288;-51,59696817;"SPRF-RS";"DEL06-RS";"UOP02-DEL06-RS"
455851;2022-06-14;"terça-feira";"18:05:00";"PR";277;727,6;"FOZ DO IGUACU";"Ausência de reação do condutor";"Colisão traseira";"Com Vítimas Feridas";"Anoitecer";"Decrescente";"Vento";"Dupla";"Aclive;Reta";"Não";2;0;1;0;1;0;1;2;-25,51017487;-54,56454899;"SPRF-PR";"DEL05-PR";"UOP03-DEL05-PR"
455852;2022-06-14;"terça-feira";"14:45:00";"SC";470;66;"INDAIAL";"Velocidade Incompatível";"Colisão transversal";"Sem Vítimas";"Pleno dia";"Crescente";"Nublado";"Simples";"Rotatória";"Não";2;0;0;0;2;0;0;2;-26,870407;-49,221844;"SPRF-SC";"DEL04-SC";"UOP01-DEL04-SC"
455853;2022-06-14;"terça-feira";"19:45:00";"RS";116;299;"GUAIBA";"Acesso irregular";"Engavetamento";"Com Vítimas Feridas";"Plena Noite";"Crescente";"Céu Claro";"Dupla";"Reta";"Sim";4;0;1;0;3;0;1;3;-30,11517464;-51,34563087;"SPRF-RS";"DEL02-RS";"UOP01-DEL02-RS"
455854;2022-06-14;"terça-feira";"17:55:00";"MS";463;0,7;"DOURADOS";"Acessar a via sem observar a presença dos outros veículos";"Colisão transversal";"Com Vítimas Feridas";"Plena Noite";"Crescente";"Céu Claro";"Simples";"Reta;Interseção de Vias";"Sim";2;0;1;0;1;0;1;2;-22,259013;-54,811168;"SPRF-MS";"DEL04-MS";"UOP01-DEL04-MS"
455856;2022-06-14;"terça-feira";"19:45:00";"RJ";116;143;"DUQUE DE CAXIAS";"Deficiência do Sistema de Iluminação/Sinalização";"Colisão traseira";"Sem Vítimas";"Plena Noite";"Decrescente";"Céu Claro";"Múltipla";"Viaduto";"Sim";2;0;0;0;2;0;0;2;-22,67179825;-43,28591824;"SPRF-RJ";"DEL01-RJ";"UOP01-DEL01-RJ"
455857;2022-06-14;"terça-feira";"16:33:00";"AC";364;152;"BUJARI";"Pista esburacada";"Colisão lateral mesmo sentido";"Com Vítimas Feridas";"Pleno dia";"Crescente";"Céu Claro";"Simples";"Reta";"Não";3;0;1;0;2;0;1;2;-9,85671506;-67,9199611;"SPRF-AC";"DEL01-AC";"UOP01-DEL01-AC"
455858;2022-06-14;"terça-feira";"18:00:00";"GO";60;164;"GOIANIA";"Manobra de mudança de faixa";"Colisão com objeto";"Com Vítimas Feridas";"Plena Noite";"Crescente";"Céu Claro";"Dupla";"Reta";"Sim";1;0;0;1;0;0;1;1;-16,7036;-49,342;"SPRF-GO";"DEL01-GO";"UOP02-DEL01-GO"
455859;2022-06-14;"terça-feira";"18:10:00";"MA";226;329,3;"JENIPAPO DOS VIEIRAS";"Animais na Pista";"Atropelamento de Animal";"Com Vítimas Feridas";"Anoitecer";"Decrescente";"Céu Claro";"Simples";"Reta";"Não";2;0;1;0;0;1;1;2;-5,45060263;-45,44867992;"SPRF-MA";"DEL06-MA";"UOP01-DEL06-MA"
455861;2022-06-14;"terça-feira";"17:40:00";"BA";101;439;"UBAITABA";"Pedestre andava na pista";"Atropelamento de Pedestre";"Com Vítimas Feridas";"Anoitecer";"Decrescente";"Céu Claro";"Simples";"Interseção de Vias";"Não";2;0;0;1;0;1;1;2;-14,2677164078;-39,3266639709;"SPRF-BA";"DEL05-BA";"UOP01-DEL05-BA"
455862;2022-06-14;"terça-feira";"20:00:00";"SP";116;321,1;"JUQUITIBA";"Ausência de reação do condutor";"Saída de leito carroçável";"Com Vítimas Feridas";"Plena Noite";"Decrescente";"Nublado";"Dupla";"Reta";"Não";2;0;2;0;0;0;2;1;-23,934612;-47,01729;"SPRF-SP";"DEL04-SP";"UOP01-DEL04-SP"
455864;2022-05-29;"domingo";"02:00:00";"MA";10;237;"GOVERNADOR EDISON LOBAO";"Manobra de mudança de faixa";"Colisão frontal";"Com Vítimas Fatais";"Plena Noite";"Crescente";"Céu Claro";"Simples";"Declive";"Não";2;1;1;0;0;0;1;2;-5,64818;-47,393967;"SPRF-MA";"DEL04-MA";"UOP01-DEL04-MA"
455865;2022-06-14;"terça-feira";"20:50:00";"PE";101;68,5;"RECIFE";"Condutor deixou de manter distância do veículo da frente";"Colisão traseira";"Sem Vítimas";"Pleno dia";"Crescente";"Céu Claro";"Múltipla";"Reta";"Sim";2;0;0;0;1;1;0;2;-8,054671;-34,946286;"SPRF-PE";"DEL01-PE";"UOP01-DEL01-PE"
455866;2022-06-14;"terça-feira";"20:00:00";"BA";101;284;"LAJE";"Acessar a via sem observar a presença dos outros veículos";"Colisão transversal";"Com Vítimas Feridas";"Plena Noite";"Decrescente";"Nublado";"Simples";"Reta";"Não";2;0;0;1;1;0;1;2;-13,1462115;-39,29711536;"SPRF-BA";"DEL01-BA";"UOP02-DEL01-BA"
455869;2022-06-14;"terça-feira";"18:00:00";"RJ";493;13;"GUAPIMIRIM";"Ultrapassagem Indevida";"Colisão frontal";"Com Vítimas Fatais";"Plena Noite";"Decrescente";"Ignorado";"Simples";"Reta";"Não";5;1;1;2;0;1;3;3;-22,68099881;-42,96670886;"SPRF-RJ";"DEL04-RJ";"UOP02-DEL04-RJ"
455870;2022-06-14;"terça-feira";"20:30:00";"PR";369;506,7;"CASCAVEL";"Ultrapassagem Indevida";"Colisão frontal";"Com Vítimas Feridas";"Plena Noite";"Decrescente";"Céu Claro";"Simples";"Reta;Declive";"Não";3;0;2;1;0;0;3;2;-24,8326;-53,3005;"SPRF-PR";"DEL04-PR";"UOP03-DEL04-PR"
455875;2022-06-14;"terça-feira";"17:30:00";"MT";163;1069;"GUARANTA DO NORTE";"Transitar na contramão";"Colisão frontal";"Com Vítimas Feridas";"Plena Noite";"Crescente";"Céu Claro";"Simples";"Reta";"Não";3;0;2;0;1;0;2;2;-10,05184899;-54,90861496;"SPRF-MT";"DEL06-MT";"NPF/DEL06-MT"
455876;2022-06-14;"terça-feira";"17:30:00";"ES";259;63,1;"COLATINA";"Entrada inopinada do pedestre";"Tombamento";"Com Vítimas Feridas";"Anoitecer";"Crescente";"Céu Claro";"Simples";"Reta";"Sim";1;0;1;0;0;0;1;1;-19,52530482;-40,67461308;"SPRF-ES";"DEL02-ES";"UOP01-DEL02-ES"
455879;2022-06-14;"terça-feira";"16:50:00";"RO";364;11;"VILHENA";"Desrespeitar a preferência no cruzamento";"Colisão transversal";"Com Vítimas Feridas";"Pleno dia";"Crescente";"Céu Claro";"Dupla";"Rotatória";"Sim";3;0;0;1;2;0;1;2;-12,74605898;-60,11270299;"SPRF-RO";"DEL04-RO";"UOP01-DEL04-RO"
455881;2022-06-14;"terça-feira";"22:50:00";"MG";40;268;"SAO GONCALO DO ABAETE";"Ausência de reação do condutor";"Saída de leito carroçável";"Com Vítimas Feridas";"Plena Noite";"Crescente";"Céu Claro";"Simples";"Declive;Curva";"Não";3;0;3;0;0;0;3;1;-18,15100673;-45,310715;"SPRF-MG";"DEL14-MG";"UOP02-DEL14-MG"
455885;2022-06-14;"terça-feira";"23:30:00";"RS";116;510;"PELOTAS";"Iluminação deficiente";"Tombamento";"Com Vítimas Feridas";"Plena Noite";"Decrescente";"Céu Claro";"Simples";"Reta";"Não";2;0;2;0;0;0;2;1;-31,62287111;-52,3151929;"SPRF-RS";"DEL07-RS";"UOP01-DEL07-RS"
455887;2022-06-14;"terça-feira";"23:30:00";"MG";40;569,9;"NOVA LIMA";"Avarias e/ou desgaste excessivo no pneu";"Queda de ocupante de veículo";"Com Vítimas Feridas";"Plena Noite";"Crescente";"Céu Claro";"Simples";"Reta";"Não";2;0;1;1;0;0;2;1;-20,20394093;-43,97409456;"SPRF-MG";"DEL01-MG";"UOP02-DEL01-MG"
455889;2022-06-14;"terça-feira";"23:00:00";"RS";287;478;"SAO BORJA";"Animais na Pista";"Atropelamento de Animal";"Sem Vítimas";"Plena Noite";"Crescente";"Céu Claro";"Simples";"Reta";"Não";3;0;0;0;3;0;0;1;-28,961697;-55,533386;"SPRF-RS";"DEL12-RS";"UOP01-DEL12-RS"
455891;2022-06-15;"quarta-feira";"00:17:00";"PR";277;689,7;"SAO MIGUEL DO IGUACU";"Frear bruscamente";"Colisão com objeto";"Sem Vítimas";"Plena Noite";"Decrescente";"Céu Claro";"Dupla";"Viaduto;Curva";"Sim";3;0;0;0;3;0;0;2;-25,35590045;-54,24269026;"SPRF-PR";"DEL05-PR";"UOP01-DEL05-PR"
455896;2022-06-15;"quarta-feira";"04:45:00";"SC";101;121,6;"ITAJAI";"Ingestão de álcool pelo condutor";"Colisão com objeto";"Com Vítimas Feridas";"Plena Noite";"Decrescente";"Céu Claro";"Dupla";"Reta";"Não";1;0;1;0;0;0;1;1;-26,92103178;-48,70856446;"SPRF-SC";"DEL04-SC";"UOP04-DEL04-SC"
455899;2022-06-15;"quarta-feira";"06:30:00";"SP";153;62,9;"SAO JOSE DO RIO PRETO";"Condutor deixou de manter distância do veículo da frente";"Colisão traseira";"Com Vítimas Feridas";"Pleno dia";"Crescente";"Céu Claro";"Dupla";"Reta;Aclive";"Sim";2;0;1;0;1;0;1;2;-20,81325404;-49,35675563;"SPRF-SP";"DEL09-SP";"UOP01-DEL09-SP"
455900;2022-06-15;"quarta-feira";"05:30:00";"SP";116;146,2;"SAO JOSE DOS CAMPOS";"Condutor deixou de manter distância do veículo da frente";"Engavetamento";"Com Vítimas Feridas";"Plena Noite";"Crescente";"Céu Claro";"Dupla";"Reta";"Sim";3;0;1;1;1;0;2;3;-23,19122919;-45,86327591;"SPRF-SP";"DEL02-SP";"UOP01-DEL02-SP"
455902;2022-06-15;"quarta-feira";"06:50:00";"CE";116;42,3;"HORIZONTE";"Desrespeitar a preferência no cruzamento";"Colisão transversal";"Com Vítimas Feridas";"Amanhecer";"Decrescente";"Céu Claro";"Dupla";"Reta";"Sim";2;0;0;1;1;0;1;2;-4,10857928;-38,4942173;"SPRF-CE";"DEL01-CE";"UOP02-DEL01-CE"
455903;2022-06-15;"quarta-feira";"06:20:00";"RJ";101;322;"NITEROI";"Acumulo de óleo sobre o pavimento";"Tombamento";"Com Vítimas Feridas";"Pleno dia";"Crescente";"Céu Claro";"Simples";"Curva";"Sim";1;0;1;0;0;0;1;1;-22,878923;-43,110676;"SPRF-RJ";"DEL02-RJ";"UOP01-DEL02-RJ"
455904;2022-06-15;"quarta-feira";"07:00:00";"BA";324;620;"SALVADOR";"Reação tardia ou ineficiente do condutor";"Colisão lateral mesmo sentido";"Com Vítimas Feridas";"Pleno dia";"Crescente";"Garoa/Chuvisco";"Dupla";"Interseção de Vias";"Não";2;0;1;0;1;0;1;2;-12,90482172;-38,45556535;"SPRF-BA";"DEL01-BA";"UOP01-DEL01-BA"
455905;2022-06-15;"quarta-feira";"07:00:00";"GO";153;496;"GOIANIA";"Condutor deixou de manter distância do veículo da frente";"Colisão traseira";"Com Vítimas Feridas";"Pleno dia";"Crescente";"Sol";"Dupla";"Reta";"Sim";3;0;2;0;1;0;2;2;-16,6776;-49,2314;"SPRF-GO";"DEL01-GO";"UOP01-DEL01-GO"
455907;2022-06-15;"quarta-feira";"07:39:00";"SP";116;219;"GUARULHOS";"Ausência de reação do condutor";"Colisão lateral mesmo sentido";"Com Vítimas Feridas";"Pleno dia";"Crescente";"Céu Claro";"Múltipla";"Reta";"Sim";2;0;1;0;1;0;1;2;-23,46464485;-46,49880264;"SPRF-SP";"DEL01-SP";"UOP01-DEL01-SP"
455911;2022-06-15;"quarta-feira";"06:10:00";"BA";116;546;"MILAGRES";"Conversão proibida";"Colisão frontal";"Com Vítimas Feridas";"Pleno dia";"Decrescente";"Céu Claro";"Simples";"Reta";"Sim";4;0;1;0;3;0;1;2;-12,87605;-39,857162;"SPRF-BA";"DEL03-BA";"UOP02-DEL03-BA"
455912;2022-06-15;"quarta-feira";"06:15:00";"RN";101;100;"PARNAMIRIM";"Reação tardia ou ineficiente do condutor";"Colisão traseira";"Sem Vítimas";"Pleno dia";"Crescente";"Céu Claro";"Dupla";"Reta";"Não";2;0;0;0;2;0;0;2;-5,88106901;-35,22542396;"SPRF-RN";"DEL01-RN";"UOP01-DEL01-RN"