"id";"data_inversa";"dia_semana";"horario";"uf";"br";"km";"municipio";"causa_acidente";"tipo_acidente";"classificacao_acidente";"fase_dia";"sentido_via";"condicao_metereologica";"tipo_pista";"tracado_via";"uso_solo";"pessoas";"mortos";"feridos_leves";"feridos_graves";"ilesos";"ignorados";"feridos";"veiculos";"latitude";"longitude";"regional";"delegacia";"uop"
455913;2022-06-15;"quarta-feira";"08:00:00";"SC";116;8,2;"MAFRA";"Acesso irregular";"Colisão transversal";"Com Vítimas Feridas";"Pleno dia";"Crescente";"Céu Claro";"Simples";"Reta";"Sim";3;0;2;0;1;0;2;2;-26,15748603;-49,83898198;"SPRF-SC";"DEL06-SC";"UOP01-DEL06-SC"
455915;2022-06-15;"quarta-feira";"08:15:00";"MG";381;485,8;"BETIM";"Trafegar com motocicleta (ou similar) entre as faixas";"Colisão lateral mesmo sentido";"Com Vítimas Feridas";"Pleno dia";"Decrescente";"Céu Claro";"Múltipla";"Declive;Reta";"Sim";2;0;0;2;0;0;2;2;-19,95644414;-44,13611598;"SPRF-MG";"DEL01-MG";"UOP03-DEL01-MG"
455916;2022-06-14;"terça-feira";"22:00:00";"BA";324;402;"NOVA FATIMA";"Pedestre andava na pista";"Eventos atípicos";"Com Vítimas Feridas";"Plena Noite";"Crescente";"Nublado";"Simples";"Reta";"Não";2;0;0;1;0;1;1;2;-11,59288241;-39,64531302;"SPRF-BA";"DEL04-BA";"UOP02-DEL04-BA"
455918;2022-06-15;"quarta-feira";"08:20:00";"MG";40;556,8;"NOVA LIMA";"Reação tardia ou ineficiente do condutor";"Colisão lateral mesmo sentido";"Com Vítimas Feridas";"Pleno dia";"Decrescente";"Nublado";"Múltipla";"Reta";"Sim";1;0;0;1;0;0;1;1;-20,09356202;-43,97554136;"SPRF-MG";"DEL01-MG";"UOP02-DEL01-MG"
455919;2022-06-15;"quarta-feira";"07:02:00";"BA";242;388;"PALMEIRAS";"Condutor deixou de manter distância do veículo da frente";"Queda de ocupante de veículo";"Com Vítimas Feridas";"Pleno dia";"Crescente";"Nublado";"Simples";"Reta";"Não";1;0;1;0;0;0;1;1;-12,450456;-41,58840641;"SPRF-BA";"DEL06-BA";"UOP01-DEL06-BA"
455924;2022-06-15;"quarta-feira";"09:00:00";"ES";101;270,2;"SERRA";"Acessar a via sem observar a presença dos outros veículos";"Colisão lateral mesmo sentido";"Com Vítimas Feridas";"Pleno dia";"Crescente";"Sol";"Múltipla";"Interseção de Vias";"Sim";2;0;1;0;1;0;1;2;-20,22662056;-40,27075088;"SPRF-ES";"DEL02-ES";"UOP01-DEL02-ES"
455925;2022-06-15;"quarta-feira";"08:00:00";"RS";386;45,6;"SEBERI";"Velocidade Incompatível";"Saída de leito carroçável";"Com Vítimas Feridas";"Pleno dia";"Crescente";"Céu Claro";"Simples";"Reta";"Não";1;0;1;0;0;0;1;1;-27,448933;-53,414272;"SPRF-RS";"DEL08-RS";"UOP02-DEL08-RS"
455926;2022-06-15;"quarta-feira";"09:00:00";"PB";230;18;"JOAO PESSOA";"Frear bruscamente";"Tombamento";"Com Vítimas Feridas";"Pleno dia";"Decrescente";"Chuva";"Dupla";"Reta";"Sim";1;0;1;0;0;0;1;1;-7,1198;-34,8453;"SPRF-PB";"DEL01-PB";"UOP01-DEL01-PB"
455928;2022-06-15;"quarta-feira";"07:50:00";"SC";101;297;"LAGUNA";"Demais falhas mecânicas ou elétricas";"Colisão lateral mesmo sentido";"Sem Vítimas";"Pleno dia";"Crescente";"Céu Claro";"Múltipla";"Reta";"Não";2;0;0;0;2;0;0;2;-28,31353989;-48,7240982;"SPRF-SC";"DEL02-SC";"UOP03-DEL02-SC"
455932;2022-06-15;"quarta-feira";"07:40:00";"PA";10;0;"DOM ELISEU";"Ultrapassagem Indevida";"Colisão lateral mesmo sentido";"Com Vítimas Feridas";"Pleno dia";"Decrescente";"Nublado";"Simples";"Reta";"Sim";2;0;1;0;1;0;1;2;-4,44225904;-47,53509521;"SPRF-PA";"DEL02-PA";"UOP02-DEL02-PA"
455933;2022-05-16;"segunda-feira";"12:45:00";"DF";20;16;"BRASILIA";"Ausência de reação do condutor";"Colisão traseira";"Com Vítimas Feridas";"Pleno dia";"Crescente";"Chuva";"Múltipla";"Reta;Declive";"Sim";7;0;3;0;4;0;3;4;-15,625675;-47,725159;"SPRF-DF";"DEL02-DF";"UOP01-DEL02-DF"
455935;2022-06-15;"quarta-feira";"08:30:00";"RJ";101;272;"RIO BONITO";"Reação tardia ou ineficiente do condutor";"Queda de ocupante de veículo";"Com Vítimas Feridas";"Pleno dia";"Crescente";"Sol";"Dupla";"Reta";"Não";1;0;1;0;0;0;1;1;-22,72935968;-42,70112512;"SPRF-RJ";"DEL02-RJ";"UOP03-DEL02-RJ"
455937;2022-03-05;"sábado";"12:10:00";"MA";10;256;"IMPERATRIZ";"Área urbana sem a presença de local apropriado para a travessia de pedestres";"Colisão transversal";"Com Vítimas Feridas";"Pleno dia";"Decrescente";"Sol";"Simples";"Reta";"Sim";3;0;0;1;2;0;1;3;-5,501414;-47,471876;"SPRF-MA";"DEL04-MA";"UOP01-DEL04-MA"
455938;2022-06-15;"quarta-feira";"05:00:00";"PI";316;81,5;"LAGOINHA DO PIAUI";"Ausência de reação do condutor";"Saída de leito carroçável";"Com Vítimas Feridas";"Amanhecer";"Decrescente";"Céu Claro";"Simples";"Reta";"Não";1;0;0;1;0;0;1;1;-5,74238198;-42,61631604;"SPRF-PI";"DEL01-PI";"UOP02-DEL01-PI"
455939;2022-05-24;"terça-feira";"18:20:00";"RN";101;96;"NATAL";"Ausência de reação do condutor";"Engavetamento";"Sem Vítimas";"Plena Noite";"Crescente";"Céu Claro";"Múltipla";"Reta";"Sim";4;0;0;0;4;0;0;4;-5,84949622;-35,20890752;"SPRF-RN";"DEL01-RN";"UOP01-DEL01-RN"
455948;2022-03-01;"terça-feira";"14:30:00";"RJ";485;2;"ITATIAIA";"Acessar a via sem observar a presença dos outros veículos";"Colisão transversal";"Com Vítimas Feridas";"Pleno dia";"Decrescente";"Céu Claro";"Simples";"Reta";"Sim";4;0;0;2;1;1;2;3;-22,48109411;-44,5721741;"SPRF-RJ";"DEL07-RJ";"UOP02-DEL07-RJ"
455949;2022-06-10;"sexta-feira";"06:50:00";"MS";60;595;"JARDIM";"Acessar a via sem observar a presença dos outros veículos";"Colisão transversal";"Com Vítimas Feridas";"Pleno dia";"Decrescente";"Céu Claro";"Simples";"Rotatória";"Sim";2;0;1;0;1;0;1;2;-21,497242;-56,162648;"SPRF-MS";"DEL05-MS";"UOP01-DEL05-MS"
455951;2022-06-15;"quarta-feira";"10:30:00";"CE";116;6,3;"FORTALEZA";"Entrada inopinada do pedestre";"Atropelamento de Pedestre";"Com Vítimas Fatais";"Pleno dia";"Decrescente";"Céu Claro";"Múltipla";"Reta";"Sim";2;1;0;1;0;0;1;2;-3,802624;-38,50400499;"SPRF-CE";"DEL01-CE";"UOP02-DEL01-CE"
455952;2022-06-15;"quarta-feira";"12:18:00";"RN";110;48;"MOSSORO";"Transitar na contramão";"Colisão frontal";"Com Vítimas Feridas";"Pleno dia";"Decrescente";"Céu Claro";"Dupla";"Reta";"Sim";2;0;0;1;1;0;1;2;-5,20881178;-37,33285083;"SPRF-RN";"DEL04-RN";"UOP01-DEL04-RN"
455955;2022-06-15;"quarta-feira";"08:30:00";"MA";135;21;"SAO LUIS";"Reação tardia ou ineficiente do condutor";"Colisão lateral mesmo sentido";"Com Vítimas Feridas";"Pleno dia";"Crescente";"Céu Claro";"Dupla";"Reta";"Sim";2;0;1;0;1;0;1;2;-2,53073;-44,3068;"SPRF-MA";"DEL01-MA";"UOP01-DEL01-MA"
455956;2022-06-15;"quarta-feira";"11:50:00";"AL";316;251;"PILAR";"Acessar a via sem observar a presença dos outros veículos";"Colisão lateral sentido oposto";"Sem Vítimas";"Pleno dia";"Crescente";"Chuva";"Simples";"Reta";"Não";2;0;0;0;2;0;0;2;-9,56369581;-35,97111969;"SPRF-AL";"DEL01-AL";"UOP01-DEL01-AL"
455957;2022-06-15;"quarta-feira";"09:30:00";"RO";364;590;"ITAPUA DO OESTE";"Ausência de reação do condutor";"Queda de ocupante de veículo";"Com Vítimas Feridas";"Pleno dia";"Crescente";"Céu Claro";"Simples";"Reta";"Não";1;0;1;0;0;0;1;1;-9,30997104;-63,14881615;"SPRF-RO";"DEL01-RO";"UOP04-DEL01-RO"
455958;2022-04-30;"sábado";"20:00:00";"RS";386;362,3;"ESTRELA";"Acessar a via sem observar a presença dos outros veículos";"Colisão transversal";"Com Vítimas Feridas";"Plena Noite";"Decrescente";"Chuva";"Dupla";"Reta";"Não";5;0;3;0;0;2;3;3;-29,557457;-51,891541;"SPRF-RS";"DEL04-RS";"UOP02-DEL04-RS"
455960;2022-06-15;"quarta-feira";"12:10:00";"SC";280;52,6;"GUARAMIRIM";"Acessar a via sem observar a presença dos outros veículos";"Colisão traseira";"Com Vítimas Feridas";"Pleno dia";"Decrescente";"Céu Claro";"Simples";"Reta";"Não";2;0;1;0;1;0;1;2;-26,468904;-48,96492;"SPRF-SC";"DEL03-SC";"UOP03-DEL03-SC"
455962;2022-06-06;"segunda-feira";"19:10:00";"PI";316;5,5;"TERESINA";"Condutor deixou de manter distância do veículo da frente";"Engavetamento";"Sem Vítimas";"Plena Noite";"Crescente";"Céu Claro";"Múltipla";"Declive;Reta";"Sim";3;0;0;0;3;0;0;3;-5,13655894;-42,78900388;"SPRF-PI";"DEL01-PI";"UOP02-DEL01-PI"
455963;2022-06-15;"quarta-feira";"08:30:00";"BA";101;477;"URUCUCA";"Ausência de reação do condutor";"Queda de ocupante de veículo";"Com Vítimas Feridas";"Pleno dia";"Decrescente";"Céu Claro";"Simples";"Reta";"Não";1;0;1;0;0;0;1;1;-14,59155758;-39,33654785;"SPRF-BA";"DEL05-BA";"UOP01-DEL05-BA"
455964;2022-06-15;"quarta-feira";"11:30:00";"SP";381;80;"GUARULHOS";"Entrada inopinada do pedestre";"Atropelamento de Pedestre";"Com Vítimas Feridas";"Pleno dia";"Crescente";"Céu Claro";"Múltipla";"Reta";"Sim";2;0;0;1;1;0;1;2;-23,40889686;-46,58095945;"SPRF-SP";"DEL03-SP";"UOP01-DEL03-SP"
455965;2022-06-15;"quarta-feira";"12:40:00";"RS";116;264,7;"CANOAS";"Condutor deixou de manter distância do veículo da frente";"Colisão traseira";"Com Vítimas Feridas";"Pleno dia";"Crescente";"Céu Claro";"Dupla";"Reta";"Sim";3;0;1;0;2;0;1;2;-29,914435;-51,17754495;"SPRF-RS";"DEL01-RS";"UOP01-DEL01-RS"
455968;2022-06-15;"quarta-feira";"12:10:00";"RJ";101;502;"ANGRA DOS REIS";"Animais na Pista";"Atropelamento de Animal";"Com Vítimas Feridas";"Pleno dia";"Decrescente";"Céu Claro";"Simples";"Reta";"Não";1;0;1;0;0;0;1;1;-22,92526971;-44,36990312;"SPRF-RJ";"DEL03-RJ";"UOP03-DEL03-RJ"
455970;2022-04-03;"domingo";"14:10:00";"AL";101;56;"FLEXEIRAS";"Demais falhas mecânicas ou elétricas";"Colisão com objeto";"Com Vítimas Feridas";"Pleno dia";"Crescente";"Céu Claro";"Dupla";"Reta";"Não";2;0;1;0;1;0;1;1;-9,26780247;-35,78483784;"SPRF-AL";"DEL01-AL";"UOP02-DEL01-AL"
455971;2022-04-08;"sexta-feira";"17:30:00";"MG";381;479,3;"CONTAGEM";"Velocidade Incompatível";"Tombamento";"Com Vítimas Feridas";"Pleno dia";"Decrescente";"Céu Claro";"Múltipla";"Declive;Reta";"Sim";1;0;1;0;0;0;1;1;-19,96366832;-44,04833078;"SPRF-MG";"DEL01-MG";"UOP03-DEL01-MG"
455974;2022-06-15;"quarta-feira";"10:25:00";"RJ";40;120;"DUQUE DE CAXIAS";"Velocidade Incompatível";"Colisão traseira";"Sem Vítimas";"Pleno dia";"Decrescente";"Céu Claro";"Múltipla";"Reta";"Sim";2;0;0;0;2;0;0;2;-22,77280597;-43,28626763;"SPRF-RJ";"DEL01-RJ";"UOP01-DEL01-RJ"
455976;2022-06-15;"quarta-feira";"13:30:00";"SC";282;17,2;"PALHOCA";"Trafegar com motocicleta (ou similar) entre as faixas";"Colisão transversal";"Com Vítimas Feridas";"Pleno dia";"Crescente";"Céu Claro";"Dupla";"Interseção de Vias";"Sim";2;0;1;0;0;1;1;2;-27,665707;-48,688065;"SPRF-SC";"DEL01-SC";"UOP02-DEL01-SC"
455981;2022-06-15;"quarta-feira";"13:28:00";"BA";324;359;"CAPIM GROSSO";"Acessar a via sem observar a presença dos outros veículos";"Colisão transversal";"Com Vítimas Feridas";"Pleno dia";"Decrescente";"Céu Claro";"Simples";"Reta";"Sim";2;0;1;0;1;0;1;2;-11,39123151;-39,97880183;"SPRF-BA";"DEL04-BA";"UOP02-DEL04-BA"
455983;2022-06-15;"quarta-feira";"09:00:00";"SC";470;167,8;"POUSO REDONDO";"Demais falhas mecânicas ou elétricas";"Queda de ocupante de veículo";"Com Vítimas Feridas";"Pleno dia";"Decrescente";"Nublado";"Simples";"Aclive";"Não";1;0;1;0;0;0;1;1;-27,269835;-49,863087;"SPRF-SC";"DEL04-SC";"UOP02-DEL04-SC"
455984;2022-06-15;"quarta-feira";"14:30:00";"RS";116;244,1;"SAO LEOPOLDO";"Condutor deixou de manter distância do veículo da frente";"Colisão traseira";"Com Vítimas Feridas";"Pleno dia";"Crescente";"Céu Claro";"Simples";"Reta";"Sim";2;0;1;0;1;0;1;2;-29,74088003;-51,15039566;"SPRF-RS";"DEL01-RS";"UOP02-DEL01-RS"
455985;2022-06-15;"quarta-feira";"12:47:00";"AL";316;254;"PILAR";"Acesso irregular";"Colisão transversal";"Com Vítimas Feridas";"Pleno dia";"Decrescente";"Chuva";"Simples";"Reta";"Sim";2;0;1;0;1;0;1;2;-9,58657444;-35,9567722;"SPRF-AL";"DEL02-AL";"UOP01-DEL02-AL"
455987;2022-06-07;"terça-feira";"07:02:00";"RR";174;501;"BOA VISTA";"Ausência de reação do condutor";"Colisão traseira";"Com Vítimas Feridas";"Pleno dia";"Crescente";"Sol";"Dupla";"Reta";"Sim";3;0;1;0;2;0;1;2;2,781689;-60,703827;"SPRF-RR";"DEL01-RR";"UOP01-DEL01-RR"
455988;2022-06-15;"quarta-feira";"14:00:00";"RJ";101;390;"RIO DE JANEIRO";"Demais falhas mecânicas ou elétricas";"Incêndio";"Sem Vítimas";"Pleno dia";"Crescente";"Céu Claro";"Dupla";"Reta";"Não";1;0;0;0;1;0;0;1;-22,89346927;-43,67542992;"SPRF-RJ";"DEL03-RJ";"UOP01-DEL03-RJ"
455989;2022-06-15;"quarta-feira";"14:30:00";"RS";287;368;"JAGUARI";"Reação tardia ou ineficiente do condutor";"Colisão traseira";"Com Vítimas Feridas";"Pleno dia";"Crescente";"Sol";"Simples";"Curva;Declive";"Não";4;0;1;0;3;0;1;2;-29,39661033;-54,74292439;"SPRF-RS";"DEL12-RS";"UOP02-DEL12-RS"
455990;2022-06-15;"quarta-feira";"14:45:00";"PB";230;335;"PATOS";"Acessar a via sem observar a presença dos outros veículos";"Colisão transversal";"Com Vítimas Feridas";"Pleno dia";"Decrescente";"Nublado";"Simples";"Aclive;Reta";"Sim";2;0;0;1;1;0;1;2;-7,012465;-37,266032;"SPRF-PB";"DEL03-PB";"UOP01-DEL03-PB"
455991;2022-06-15;"quarta-feira";"15:10:00";"RJ";101;334;"RIO DE JANEIRO";"Avarias e/ou desgaste excessivo no pneu";"Tombamento";"Com Vítimas Feridas";"Pleno dia";"Crescente";"Nublado";"Simples";"Declive";"Não";2;0;1;0;1;0;1;2;-22,88517902;-43,21704364;"SPRF-RJ";"DEL02-RJ";"UOP01-DEL02-RJ"
455992;2022-06-15;"quarta-feira";"15:40:00";"SC";101;208,4;"SAO JOSE";"Acessar a via sem observar a presença dos outros veículos";"Colisão transversal";"Com Vítimas Feridas";"Pleno dia";"Decrescente";"Céu Claro";"Múltipla";"Reta";"Sim";2;0;1;0;1;0;1;2;-27,60327979;-48,63201818;"SPRF-SC";"DEL01-SC";"UOP01-DEL01-SC"
455993;2022-06-15;"quarta-feira";"09:55:00";"MG";365;754;"ITUIUTABA";"Acessar a via sem observar a presença dos outros veículos";"Colisão transversal";"Com Vítimas Feridas";"Pleno dia";"Decrescente";"Céu Claro";"Simples";"Interseção de Vias";"Sim";2;0;1;0;1;0;1;2;-18,947495;-49,45934;"SPRF-MG";"DEL15-MG";"UOP03-DEL15-MG"
455994;2022-06-15;"quarta-feira";"15:25:00";"MG";50;175,4;"UBERABA";"Pedestre cruzava a pista fora da faixa";"Atropelamento de Pedestre";"Com Vítimas Feridas";"Pleno dia";"Crescente";"Céu Claro";"Dupla";"Reta";"Sim";2;0;1;0;1;0;1;2;-19,779374;-47,966433;"SPRF-MG";"DEL13-MG";"UOP01-DEL13-MG"
455996;2022-06-15;"quarta-feira";"15:30:00";"PA";230;121;"MARABA";"Condutor deixou de manter distância do veículo da frente";"Colisão traseira";"Com Vítimas Feridas";"Pleno dia";"Crescente";"Céu Claro";"Dupla";"Reta";"Sim";3;0;2;0;1;0;2;2;-5,35297407;-49,12143673;"SPRF-PA";"DEL03-PA";"UOP01-DEL03-PA"
455998;2022-06-15;"quarta-feira";"14:45:00";"MS";163;621;"SAO GABRIEL DO OESTE";"Manobra de mudança de faixa";"Saída de leito carroçável";"Com Vítimas Feridas";"Pleno dia";"Crescente";"Céu Claro";"Dupla";"Reta";"Não";2;0;0;1;0;1;1;2;-19,35200016;-54,59445527;"SPRF-MS";"DEL06-MS";"UOP02-DEL06-MS"
455999;2022-06-15;"quarta-feira";"16:10:00";"RS";386;345,1;"LAJEADO";"Ausência de reação do condutor";"Colisão traseira";"Sem Vítimas";"Pleno dia";"Decrescente";"Céu Claro";"Simples";"Reta";"Sim";2;0;0;0;2;0;0;2;-29,443069;-51,984135;"SPRF-RS";"DEL04-RS";"UOP01-DEL04-RS"
456000;2022-06-15;"quarta-feira";"14:30:00";"MG";262;587,3;"CAMPOS ALTOS";"Curva acentuada";"Saída de leito carroçável";"Com Vítimas Feridas";"Pleno dia";"Decrescente";"Céu Claro";"Simples";"Curva;Declive";"Não";1;0;1;0;0;0;1;1;-19,66218198;-46,10927701;"SPRF-MG";"DEL08-MG";"UOP02-DEL08-MG"
456002;2022-06-15;"quarta-feira";"16:20:00";"BA";116;824,8;"VITORIA DA CONQUISTA";"Reação tardia ou ineficiente do condutor";"Colisão traseira";"Com Vítimas Feridas";"Pleno dia";"Crescente";"Céu Claro";"Dupla";"Interseção de Vias";"Sim";4;0;1;0;3;0;1;4;-14,8123436;-40,7971192;"SPRF-BA";"DEL08-BA";"UOP01-DEL08-BA"
456003;2022-06-15;"quarta-feira";"16:30:00";"RJ";116;167;"SAO JOAO DE MERITI";"Ausência de reação do condutor";"Colisão traseira";"Com Vítimas Feridas";"Pleno dia";"Crescente";"Céu Claro";"Múltipla";"Reta";"Sim";2;0;1;0;1;0;1;2;-22,80403523;-43,34827423;"SPRF-RJ";"DEL01-RJ";"UOP02-DEL01-RJ"
456005;2022-06-15;"quarta-feira";"16:40:00";"RS";158;325,9;"SANTA MARIA";"Acessar a via sem observar a presença dos outros veículos";"Colisão traseira";"Com Vítimas Feridas";"Pleno dia";"Decrescente";"Céu Claro";"Simples";"Reta";"Sim";2;0;1;0;1;0;1;2;-29,7123829;-53,80585497;"SPRF-RS";"DEL09-RS";"UOP01-DEL09-RS"
456006;2022-06-03;"sexta-feira";"17:40:00";"SC";282;1,3;"FLORIANOPOLIS";"Reação tardia ou ineficiente do condutor";"Colisão traseira";"Com Vítimas Feridas";"Anoitecer";"Decrescente";"Céu Claro";"Múltipla";"Reta";"Sim";2;0;1;0;1;0;1;2;-27,602955;-48,580509;"SPRF-SC";"DEL01-SC";"UOP01-DEL01-SC"
456007;2022-06-15;"quarta-feira";"16:30:00";"RO";319;63;"PORTO VELHO";"Condutor deixou de manter distância do veículo da frente";"Colisão traseira";"Com Vítimas Feridas";"Pleno dia";"Crescente";"Céu Claro";"Múltipla";"Reta";"Sim";2;0;0;1;1;0;1;2;-8,766685;-63,884052;"SPRF-RO";"DEL01-RO";"UOP01-DEL01-RO"
456008;2022-06-15;"quarta-feira";"17:20:00";"RS";116;492,3;"PELOTAS";"Acessar a via sem observar a presença dos outros veículos";"Colisão lateral mesmo sentido";"Sem Vítimas";"Pleno dia";"Decrescente";"Céu Claro";"Dupla";"Reta";"Não";2;0;0;0;2;0;0;2;-31,47771401;-52,21293878;"SPRF-RS";"DEL07-RS";"UOP01-DEL07-RS"
456011;2022-06-15;"quarta-feira";"17:44:00";"RN";226;112;"SANTA CRUZ";"Desrespeitar a preferência no cruzamento";"Colisão transversal";"Com Vítimas Feridas";"Anoitecer";"Crescente";"Céu Claro";"Simples";"Interseção de Vias";"Sim";2;0;1;0;1;0;1;2;-6,22003777;-36,02012811;"SPRF-RN";"DEL03-RN";"UOP02-DEL03-RN"
456013;2022-06-09;"quinta-feira";"23:17:00";"RR";174;206;"RORAINOPOLIS";"Animais na Pista";"Atropelamento de Animal";"Com Vítimas Feridas";"Plena Noite";"Crescente";"Nublado";"Simples";"Reta";"Não";1;0;1;0;0;0;1;1;0,909851;-60,432659;"SPRF-RR";"DEL01-RR";"UOP01-DEL01-RR"
456014;2022-06-15;"quarta-feira";"17:15:00";"PR";476;135,7;"CURITIBA";"Ausência de reação do condutor";"Colisão traseira";"Com Vítimas Feridas";"Anoitecer";"Crescente";"Céu Claro";"Dupla";"Reta";"Sim";2;0;0;1;1;0;1;2;-25,483786;-49,265808;"SPRF-PR";"DEL01-PR";"UOP03-DEL01-PR"
456015;2022-06-15;"quarta-feira";"17:40:00";"BA";116;421;"FEIRA DE SANTANA";"Pedestre andava na pista";"Atropelamento de Pedestre";"Com Vítimas Feridas";"Anoitecer";"Decrescente";"Nublado";"Dupla";"Reta";"Sim";2;0;1;1;0;0;2;2;-12,211936;-38,96567;"SPRF-BA";"DEL02-BA";"UOP01-DEL02-BA"
456016;2022-06-15;"quarta-feira";"16:28:00";"MS";163;681;"RIO VERDE DE MATO GROSSO";"Acessar a via sem observar a presença dos outros veículos";"Colisão transversal";"Com Vítimas Feridas";"Pleno dia";"Crescente";"Céu Claro";"Simples";"Reta";"Sim";3;0;1;0;2;0;1;2;-18,91578008;-54,83862738;"SPRF-MS";"DEL06-MS";"UOP02-DEL06-MS"
456017;2022-06-15;"quarta-feira";"13:00:00";"RO";364;14,7;"VILHENA";"Ausência de reação do condutor";"Colisão transversal";"Com Vítimas Feridas";"Pleno dia";"Decrescente";"Céu Claro";"Simples";"Reta";"Sim";3;0;1;0;2;0;1;2;-12,73898138;-60,13911417;"SPRF-RO";"DEL04-RO";"UOP01-DEL04-RO"
456018;2022-06-15;"quarta-feira";"16:00:00";"MG";40;650;"CRISTIANO OTONI";"Ausência de reação do condutor";"Colisão frontal";"Com Vítimas Feridas";"Pleno dia";"Decrescente";"Céu Claro";"Simples";"Aclive;Reta";"Sim";2;0;1;0;1;0;1;2;-20,82568197;-43,80917592;"SPRF-MG";"DEL05-MG";"UOP02-DEL05-MG"
456020;2022-06-15;"quarta-feira";"17:45:00";"RS";158;327;"SANTA MARIA";"Reação tardia ou ineficiente do condutor";"Engavetamento";"Com Vítimas Feridas";"Anoitecer";"Crescente";"Céu Claro";"Dupla";"Reta";"Não";4;0;1;0;1;2;1;4;-29,714945;-53,81083;"SPRF-RS";"DEL09-RS";"UOP01-DEL09-RS"
456021;2022-06-15;"quarta-feira";"18:05:00";"ES";101;147;"LINHARES";"Desrespeitar a preferência no cruzamento";"Colisão transversal";"Com Vítimas Feridas";"Plena Noite";"Crescente";"Céu Claro";"Simples";"Interseção de Vias";"Sim";3;0;1;0;2;0;1;2;-19,37887202;-40,06657892;"SPRF-ES";"DEL04-ES";"UOP01-DEL04-ES"
456023;2022-06-15;"quarta-feira";"17:40:00";"RS";285;338,5;"CARAZINHO";"Acessar a via sem observar a presença dos outros veículos";"Tombamento";"Com Vítimas Feridas";"Pleno dia";"Crescente";"Sol";"Simples";"Reta";"Sim";3;0;0;2;1;0;2;2;-28,315704;-52,779015;"SPRF-RS";"DEL08-RS";"UOP03-DEL08-RS"
456025;2022-06-15;"quarta-feira";"17:35:00";"SC";101;79,7;"ARAQUARI";"Manobra de mudança de faixa";"Colisão transversal";"Com Vítimas Feridas";"Anoitecer";"Decrescente";"Nublado";"Dupla";"Retorno Regulamentado";"Não";3;0;1;1;1;0;2;2;-26,58559601;-48,72192112;"SPRF-SC";"DEL03-SC";"UOP02-DEL03-SC"
456026;2022-06-15;"quarta-feira";"16:25:00";"RJ";116;171;"SAO JOAO DE MERITI";"Demais falhas mecânicas ou elétricas";"Incêndio";"Sem Vítimas";"Anoitecer";"Decrescente";"Céu Claro";"Múltipla";"Reta";"Sim";1;0;0;0;1;0;0;1;-22,8044474;-43,3451729;"SPRF-RJ";"DEL01-RJ";"UOP02-DEL01-RJ"
456027;2022-06-15;"quarta-feira";"17:20:00";"RJ";40;111;"DUQUE DE CAXIAS";"Condutor deixou de manter distância do veículo da frente";"Engavetamento";"Sem Vítimas";"Plena Noite";"Decrescente";"Céu Claro";"Múltipla";"Reta";"Não";4;0;0;0;4;0;0;4;-22,691868;-43,287453;"SPRF-RJ";"DEL01-RJ";"UOP01-DEL01-RJ"
456028;2022-06-04;"sábado";"17:00:00";"GO";364;106;"CACHOEIRA ALTA";"Ultrapassagem Indevida";"Colisão frontal";"Com Vítimas Feridas";"Pleno dia";"Crescente";"Céu Claro";"Simples";"Reta";"Não";3;0;1;2;0;0;3;2;-18,365894;-51,118088;"SPRF-GO";"DEL05-GO";"UOP02-DEL05-GO"
456029;2022-06-15;"quarta-feira";"17:45:00";"PR";476;133,3;"CURITIBA";"Pedestre cruzava a pista fora da faixa";"Atropelamento de Pedestre";"Com Vítimas Feridas";"Anoitecer";"Decrescente";"Céu Claro";"Múltipla";"Reta";"Sim";2;0;0;1;1;0;1;2;-25,471988;-49,255862;"SPRF-PR";"DEL01-PR";"UOP03-DEL01-PR"
456030;2022-06-15;"quarta-feira";"18:00:00";"PR";116;92,9;"SAO JOSE DOS PINHAIS";"Pedestre andava na pista";"Tombamento";"Com Vítimas Feridas";"Plena Noite";"Crescente";"Nublado";"Simples";"Reta";"Sim";2;0;1;1;0;0;2;1;-25,517619;-49,132922;"SPRF-PR";"DEL01-PR";"UOP01-DEL01-PR"
456031;2022-06-15;"quarta-feira";"18:10:00";"MG";40;555;"NOVA LIMA";"Demais falhas mecânicas ou elétricas";"Incêndio";"Sem Vítimas";"Plena Noite";"Crescente";"Céu Claro";"Dupla";"Reta";"Não";1;0;0;0;1;0;0;1;-20,08472706;-43,97697012;"SPRF-MG";"DEL01-MG";"UOP02-DEL01-MG"
456032;2022-06-15;"quarta-feira";"17:10:00";"RJ";356;72;"ITALVA";"Transitar na contramão";"Colisão frontal";"Com Vítimas Feridas";"Anoitecer";"Decrescente";"Céu Claro";"Simples";"Reta";"Não";4;0;3;0;1;0;3;2;-21,39690599;-41,69222213;"SPRF-RJ";"DEL08-RJ";"UOP03-DEL08-RJ"
456033;2022-06-15;"quarta-feira";"16:10:00";"PR";163;74,3;"PLANALTO";"Velocidade Incompatível";"Saída de leito carroçável";"Sem Vítimas";"Pleno dia";"Crescente";"Céu Claro";"Simples";"Reta";"Não";1;0;0;0;0;1;0;1;-25,80038816;-53,77407729;"SPRF-PR";"DEL02-PR";"UOP02-DEL02-PR"
456034;2022-06-15;"quarta-feira";"17:20:00";"CE";116;2;"FORTALEZA";"Condutor deixou de manter distância do veículo da frente";"Colisão traseira";"Com Vítimas Feridas";"Anoitecer";"Crescente";"Céu Claro";"Múltipla";"Reta";"Sim";2;0;1;0;1;0;1;2;-3,77019802;-38,51724508;"SPRF-CE";"DEL01-CE";"UOP02-DEL01-CE"