"id";"data_inversa";"dia_semana";"horario";"uf";"br";"km";"municipio";"causa_acidente";"tipo_acidente";"classificacao_acidente";"fase_dia";"sentido_via";"condicao_metereologica";"tipo_pista";"tracado_via";"uso_solo";"pessoas";"mortos";"feridos_leves";"feridos_graves";"ilesos";"ignorados";"feridos";"veiculos";"latitude";"longitude";"regional";"delegacia";"uop"
456035;2022-06-15;"quarta-feira";"17:50:00";"SP";381;34;"ATIBAIA";"Reação tardia ou ineficiente do condutor";"Engavetamento";"Com Vítimas Feridas";"Plena Noite";"Decrescente";"Nublado";"Dupla";"Aclive";"Não";8;0;1;0;7;0;1;3;-23,079939;-46,569862;"SPRF-SP";"DEL03-SP";"UOP01-DEL03-SP"
456036;2022-06-15;"quarta-feira";"18:20:00";"AL";104;41;"BRANQUINHA";"Ingestão de álcool ou de substâncias psicoativas pelo pedestre";"Atropelamento de Pedestre";"Com Vítimas Fatais";"Plena Noite";"Crescente";"Chuva";"Simples";"Reta";"Não";2;1;0;0;1;0;0;2;-9,204973;-36,03164206;"SPRF-AL";"DEL01-AL";"UOP02-DEL01-AL"
456038;2022-06-15;"quarta-feira";"18:40:00";"MG";381;479;"CONTAGEM";"Ausência de sinalização";"Colisão com objeto";"Com Vítimas Feridas";"Plena Noite";"Crescente";"Céu Claro";"Múltipla";"Reta;Aclive";"Sim";2;0;2;0;0;0;2;1;-19,962575;-44,04902;"SPRF-MG";"DEL01-MG";"UOP03-DEL01-MG"
456039;2022-06-15;"quarta-feira";"17:40:00";"RO";319;62;"PORTO VELHO";"Desrespeitar a preferência no cruzamento";"Colisão transversal";"Com Vítimas Feridas";"Anoitecer";"Crescente";"Céu Claro";"Dupla";"Interseção de Vias;Reta";"Sim";2;0;1;1;0;0;2;2;-8,751462;-63,887703;"SPRF-RO";"DEL01-RO";"UOP01-DEL01-RO"
456042;2022-06-15;"quarta-feira";"18:55:00";"SP";116;81,2;"PINDAMONHANGABA";"Avarias e/ou desgaste excessivo no pneu";"Tombamento";"Com Vítimas Feridas";"Plena Noite";"Crescente";"Nublado";"Dupla";"Reta";"Não";2;0;2;0;0;0;2;1;-22,90482177;-45,31030655;"SPRF-SP";"DEL08-SP";"UOP01-DEL08-SP"
456043;2022-06-15;"quarta-feira";"17:30:00";"CE";222;22;"CAUCAIA";"Ingestão de álcool ou de substâncias psicoativas pelo pedestre";"Atropelamento de Pedestre";"Com Vítimas Feridas";"Plena Noite";"Crescente";"Céu Claro";"Simples";"Reta";"Não";2;0;1;0;1;0;1;2;-3,7334234;-38,75084288;"SPRF-CE";"DEL01-CE";"UOP01-DEL01-CE"
456044;2022-06-15;"quarta-feira";"18:25:00";"RN";101;150;"GOIANINHA";"Acessar a via sem observar a presença dos outros veículos";"Colisão transversal";"Sem Vítimas";"Plena Noite";"Decrescente";"Céu Claro";"Dupla";"Reta";"Não";2;0;0;0;1;1;0;2;-6,29468817;-35,1962053;"SPRF-RN";"DEL01-RN";"UOP01-DEL01-RN"
456045;2022-06-15;"quarta-feira";"17:40:00";"PR";376;1;"APUCARANA";"Animais na Pista";"Atropelamento de Animal";"Com Vítimas Feridas";"Anoitecer";"Crescente";"Céu Claro";"Simples";"Aclive";"Não";1;0;1;0;0;0;1;1;-23,5513;-51,461266;"SPRF-PR";"DEL07-PR";"UOP03-DEL07-PR"
456046;2022-06-15;"quarta-feira";"17:15:00";"RJ";40;102,2;"DUQUE DE CAXIAS";"Transitar na contramão";"Colisão transversal";"Com Vítimas Feridas";"Anoitecer";"Decrescente";"Céu Claro";"Simples";"Interseção de Vias";"Sim";3;0;1;0;2;0;1;2;-22,61089297;-43,28656077;"SPRF-RJ";"DEL01-RJ";"UOP01-DEL01-RJ"
456047;2022-06-15;"quarta-feira";"19:00:00";"PR";277;111;"CAMPO LARGO";"Condutor deixou de manter distância do veículo da frente";"Colisão traseira";"Com Vítimas Feridas";"Plena Noite";"Decrescente";"Céu Claro";"Dupla";"Reta";"Não";5;0;1;0;4;0;1;5;-25,43730706;-49,36497042;"SPRF-PR";"DEL03-PR";"UOP03-DEL03-PR"
456048;2022-06-15;"quarta-feira";"19:30:00";"SP";116;491;"CAJATI";"Ingestão de álcool pelo condutor";"Queda de ocupante de veículo";"Com Vítimas Feridas";"Plena Noite";"Crescente";"Nublado";"Dupla";"Reta";"Não";2;0;1;0;1;0;1;1;-24,73981193;-48,12375607;"SPRF-SP";"DEL05-SP";"UOP01-DEL05-SP"
456049;2022-06-15;"quarta-feira";"18:50:00";"RS";285;253;"GENTIL";"Ausência de reação do condutor";"Saída de leito carroçável";"Com Vítimas Feridas";"Plena Noite";"Crescente";"Céu Claro";"Simples";"Reta";"Não";2;0;2;0;0;0;2;1;-28,297823;-52,010067;"SPRF-RS";"DEL08-RS";"UOP03-DEL08-RS"
456050;2022-06-15;"quarta-feira";"15:25:00";"MS";376;152,7;"NOVA ANDRADINA";"Avarias e/ou desgaste excessivo no pneu";"Tombamento";"Com Vítimas Feridas";"Pleno dia";"Decrescente";"Céu Claro";"Simples";"Reta";"Não";2;0;2;0;0;0;2;1;-22,359305;-53,511417;"SPRF-MS";"DEL04-MS";"UOP04-DEL04-MS"
456052;2022-06-15;"quarta-feira";"19:20:00";"MG";381;498,8;"BETIM";"Manobra de mudança de faixa";"Tombamento";"Com Vítimas Feridas";"Plena Noite";"Crescente";"Céu Claro";"Dupla";"Aclive;Reta";"Não";1;0;1;0;0;0;1;1;-20,01172662;-44,21976041;"SPRF-MG";"DEL01-MG";"UOP03-DEL01-MG"
456054;2022-06-15;"quarta-feira";"19:20:00";"SP";116;1;"GUARULHOS";"Trafegar com motocicleta (ou similar) entre as faixas";"Colisão lateral mesmo sentido";"Sem Vítimas";"Plena Noite";"Decrescente";"Céu Claro";"Múltipla";"Reta";"Sim";2;0;0;0;2;0;0;2;-23,463257;-46,53373;"SPRF-SP";"DEL01-SP";"UOP01-DEL01-SP"
456055;2022-06-15;"quarta-feira";"18:35:00";"SC";101;209;"SAO JOSE";"Demais falhas mecânicas ou elétricas";"Tombamento";"Com Vítimas Feridas";"Plena Noite";"Crescente";"Céu Claro";"Múltipla";"Reta";"Sim";2;0;0;1;1;0;1;1;-27,61000542;-48,63895057;"SPRF-SC";"DEL01-SC";"UOP01-DEL01-SC"
456056;2022-06-15;"quarta-feira";"17:50:00";"MT";364;57,5;"ALTO GARCAS";"Condutor deixou de manter distância do veículo da frente";"Atropelamento de Pedestre";"Com Vítimas Feridas";"Anoitecer";"Decrescente";"Céu Claro";"Simples";"Aclive";"Sim";2;0;0;1;1;0;1;2;-16,94441591;-53,53013084;"SPRF-MT";"DEL02-MT";"UOP02-DEL02-MT"
456057;2022-06-15;"quarta-feira";"18:30:00";"SC";470;98,2;"APIUNA";"Desrespeitar a preferência no cruzamento";"Colisão transversal";"Com Vítimas Feridas";"Anoitecer";"Decrescente";"Nublado";"Simples";"Reta";"Sim";2;0;1;0;1;0;1;2;-27,03522581;-49,3894887;"SPRF-SC";"DEL04-SC";"UOP01-DEL04-SC"
456058;2022-06-15;"quarta-feira";"19:08:00";"SP";116;7;"QUELUZ";"Ausência de reação do condutor";"Colisão com objeto";"Com Vítimas Feridas";"Plena Noite";"Decrescente";"Céu Claro";"Dupla";"Curva";"Sim";1;0;1;0;0;0;1;1;-22,53531603;-44,76219097;"SPRF-SP";"DEL08-SP";"UOP02-DEL08-SP"
456060;2022-06-15;"quarta-feira";"19:00:00";"SP";116;135;"SAO JOSE DOS CAMPOS";"Condutor deixou de manter distância do veículo da frente";"Colisão traseira";"Com Vítimas Feridas";"Plena Noite";"Crescente";"Nublado";"Dupla";"Reta";"Sim";2;0;1;0;1;0;1;2;-23,144484;-45,77018;"SPRF-SP";"DEL02-SP";"UOP01-DEL02-SP"
456061;2022-06-15;"quarta-feira";"17:00:00";"MG";116;276,4;"TEOFILO OTONI";"Ultrapassagem Indevida";"Colisão lateral mesmo sentido";"Com Vítimas Feridas";"Pleno dia";"Decrescente";"Céu Claro";"Múltipla";"Reta";"Sim";2;0;0;1;1;0;1;2;-17,85105696;-41,51454492;"SPRF-MG";"DEL11-MG";"UOP01-DEL11-MG"
456062;2022-06-15;"quarta-feira";"18:20:00";"AC";364;123;"RIO BRANCO";"Pedestre andava na pista";"Colisão transversal";"Com Vítimas Feridas";"Plena Noite";"Decrescente";"Céu Claro";"Dupla";"Reta";"Sim";2;0;0;2;0;0;2;2;-10,0117071;-67,782373;"SPRF-AC";"DEL01-AC";"UOP01-DEL01-AC"
456063;2022-03-28;"segunda-feira";"11:00:00";"MA";135;1;"SAO LUIS";"Trafegar com motocicleta (ou similar) entre as faixas";"Queda de ocupante de veículo";"Com Vítimas Feridas";"Pleno dia";"Crescente";"Céu Claro";"Dupla";"Reta";"Sim";2;0;0;1;1;0;1;1;-2,58917895;-44,24423719;"SPRF-MA";"DEL01-MA";"UOP01-DEL01-MA"
456064;2022-06-15;"quarta-feira";"20:20:00";"ES";101;269;"SERRA";"Demais falhas mecânicas ou elétricas";"Saída de leito carroçável";"Com Vítimas Feridas";"Plena Noite";"Decrescente";"Céu Claro";"Múltipla";"Reta";"Sim";1;0;1;0;0;0;1;1;-20,21740496;-40,26990578;"SPRF-ES";"DEL02-ES";"UOP01-DEL02-ES"
456065;2022-06-15;"quarta-feira";"20:00:00";"ES";101;301;"VIANA";"Transitar na contramão";"Colisão lateral sentido oposto";"Sem Vítimas";"Plena Noite";"Crescente";"Garoa/Chuvisco";"Simples";"Viaduto";"Sim";2;0;0;0;2;0;0;2;-20,36278187;-40,4401343;"SPRF-ES";"DEL01-ES";"UOP01-DEL01-ES"
456066;2022-06-15;"quarta-feira";"19:20:00";"ES";101;435,7;"MIMOSO DO SUL";"Manobra de mudança de faixa";"Saída de leito carroçável";"Com Vítimas Feridas";"Plena Noite";"Crescente";"Nublado";"Simples";"Curva";"Não";5;0;3;2;0;0;5;1;-21,05500952;-41,19609059;"SPRF-ES";"DEL03-ES";"UOP02-DEL03-ES"
456068;2022-06-15;"quarta-feira";"20:25:00";"PI";343;32,4;"PARNAIBA";"Animais na Pista";"Atropelamento de Animal";"Com Vítimas Feridas";"Plena Noite";"Decrescente";"Céu Claro";"Simples";"Reta";"Não";1;0;1;0;0;0;1;1;-3,088095;-41,780201;"SPRF-PI";"DEL05-PI";"UOP01-DEL05-PI"
456070;2022-06-15;"quarta-feira";"18:00:00";"PE";110;229,8;"PETROLANDIA";"Ultrapassagem Indevida";"Colisão frontal";"Com Vítimas Fatais";"Plena Noite";"Crescente";"Nublado";"Simples";"Curva";"Não";2;1;0;0;1;0;0;2;-9,05706303;-38,27627091;"SPRF-BA";"DEL07-BA";"UOP01-DEL07-BA"
456071;2022-06-15;"quarta-feira";"18:20:00";"RJ";101;323;"NITEROI";"Trafegar com motocicleta (ou similar) entre as faixas";"Colisão lateral mesmo sentido";"Com Vítimas Feridas";"Plena Noite";"Decrescente";"Céu Claro";"Dupla";"Reta";"Sim";3;0;2;0;1;0;2;2;-22,87684786;-43,11728689;"SPRF-RJ";"DEL02-RJ";"UOP01-DEL02-RJ"
456073;2022-06-15;"quarta-feira";"16:05:00";"BA";330;801;"JEQUIE";"Conversão proibida";"Colisão traseira";"Com Vítimas Feridas";"Pleno dia";"Decrescente";"Céu Claro";"Simples";"Reta";"Não";2;0;1;0;1;0;1;2;-13,95855493;-39,96727596;"SPRF-BA";"DEL03-BA";"UOP01-DEL03-BA"
456074;2022-06-15;"quarta-feira";"18:12:00";"SC";163;70,1;"SAO MIGUEL DO OESTE";"Desrespeitar a preferência no cruzamento";"Colisão transversal";"Com Vítimas Feridas";"Anoitecer";"Crescente";"Céu Claro";"Dupla";"Declive;Interseção de Vias";"Sim";2;0;1;0;0;1;1;2;-26,73461723;-53,50680015;"SPRF-SC";"DEL07-SC";"UOP03-DEL07-SC"
456077;2022-06-15;"quarta-feira";"19:00:00";"SC";163;100,3;"SAO JOSE DO CEDRO";"Ausência de sinalização";"Saída de leito carroçável";"Com Vítimas Feridas";"Plena Noite";"Decrescente";"Céu Claro";"Simples";"Curva;Declive;Em Obras";"Não";2;0;1;1;0;0;2;1;-26,46209088;-53,5077059;"SPRF-SC";"DEL07-SC";"UOP03-DEL07-SC"
456078;2022-06-15;"quarta-feira";"21:05:00";"RS";116;525;"PELOTAS";"Desrespeitar a preferência no cruzamento";"Colisão transversal";"Sem Vítimas";"Plena Noite";"Decrescente";"Céu Claro";"Dupla";"Rotatória";"Sim";2;0;0;0;2;0;0;2;-31,7359522;-52,39349776;"SPRF-RS";"DEL07-RS";"UOP01-DEL07-RS"
456080;2022-06-15;"quarta-feira";"20:30:00";"MG";267;80,3;"JUIZ DE FORA";"Neblina";"Saída de leito carroçável";"Com Vítimas Feridas";"Plena Noite";"Decrescente";"Nevoeiro/Neblina";"Simples";"Curva";"Não";1;0;1;0;0;0;1;1;-21,75478617;-43,21241781;"SPRF-MG";"DEL05-MG";"UOP01-DEL05-MG"
456081;2022-06-15;"quarta-feira";"19:40:00";"RO";364;527;"ARIQUEMES";"Animais na Pista";"Atropelamento de Animal";"Com Vítimas Feridas";"Plena Noite";"Decrescente";"Céu Claro";"Simples";"Curva";"Não";3;0;1;2;0;0;3;1;-9,81995811;-63,07303142;"SPRF-RO";"DEL03-RO";"UOP01-DEL03-RO"
456082;2022-06-11;"sábado";"19:45:00";"SC";282;218;"LAGES";"Acessar a via sem observar a presença dos outros veículos";"Colisão lateral mesmo sentido";"Com Vítimas Feridas";"Plena Noite";"Crescente";"Céu Claro";"Simples";"Interseção de Vias";"Sim";2;0;1;0;1;0;1;2;-27,797235;-50,31361;"SPRF-SC";"DEL05-SC";"UOP01-DEL05-SC"
456083;2022-06-15;"quarta-feira";"21:40:00";"MG";381;508,2;"SAO JOAQUIM DE BICAS";"Ingestão de substâncias psicoativas pelo condutor";"Colisão frontal";"Com Vítimas Feridas";"Plena Noite";"Crescente";"Céu Claro";"Múltipla";"Declive";"Sim";2;0;1;0;1;0;1;2;-20,0439;-44,27018;"SPRF-MG";"DEL01-MG";"UOP03-DEL01-MG"
456085;2022-06-15;"quarta-feira";"18:15:00";"MT";174;326;"PONTES E LACERDA";"Ultrapassagem Indevida";"Saída de leito carroçável";"Com Vítimas Feridas";"Anoitecer";"Crescente";"Céu Claro";"Simples";"Reta";"Não";1;0;1;0;0;0;1;1;-14,91435293;-59,29237257;"SPRF-MT";"DEL04-MT";"UOP01-DEL04-MT"
456086;2022-06-15;"quarta-feira";"22:30:00";"BA";101;876;"TEIXEIRA DE FREITAS";"Reação tardia ou ineficiente do condutor";"Atropelamento de Animal";"Com Vítimas Feridas";"Plena Noite";"Crescente";"Céu Claro";"Simples";"Reta";"Não";1;0;1;0;0;0;1;1;-17,545359;-39,718492;"SPRF-BA";"DEL09-BA";"UOP02-DEL09-BA"
456089;2022-06-15;"quarta-feira";"20:15:00";"MG";50;138,2;"UBERABA";"Condutor deixou de manter distância do veículo da frente";"Colisão traseira";"Com Vítimas Feridas";"Plena Noite";"Crescente";"Céu Claro";"Dupla";"Aclive";"Não";5;0;5;0;0;0;5;2;-19,45923317;-48,05872556;"SPRF-MG";"DEL13-MG";"UOP01-DEL13-MG"
456090;2022-06-15;"quarta-feira";"21:20:00";"SC";101;194;"BIGUACU";"Desrespeitar a preferência no cruzamento";"Colisão transversal";"Com Vítimas Feridas";"Plena Noite";"Crescente";"Chuva";"Múltipla";"Viaduto";"Sim";2;0;1;0;1;0;1;2;-27,49815117;-48,65661236;"SPRF-SC";"DEL01-SC";"UOP01-DEL01-SC"
456091;2022-06-15;"quarta-feira";"21:50:00";"SP";381;22;"BRAGANCA PAULISTA";"Acessar a via sem observar a presença dos outros veículos";"Colisão transversal";"Com Vítimas Feridas";"Plena Noite";"Crescente";"Céu Claro";"Simples";"Rotatória";"Sim";2;0;1;0;1;0;1;2;-22,99697186;-46,5163051;"SPRF-SP";"DEL03-SP";"UOP01-DEL03-SP"
456092;2022-06-15;"quarta-feira";"22:00:00";"GO";50;125;"CRISTALINA";"Reação tardia ou ineficiente do condutor";"Colisão com objeto";"Sem Vítimas";"Plena Noite";"Decrescente";"Céu Claro";"Dupla";"Viaduto;Curva;Declive";"Não";1;0;0;0;0;1;0;1;-16,9654;-47,7396;"SPRF-GO";"DEL06-GO";"UOP01-DEL06-GO"
456093;2022-06-15;"quarta-feira";"22:25:00";"PR";476;139;"CURITIBA";"Ausência de reação do condutor";"Colisão traseira";"Com Vítimas Feridas";"Plena Noite";"Decrescente";"Nevoeiro/Neblina";"Simples";"Reta";"Sim";2;0;1;0;1;0;1;2;-25,519196;-49,292802;"SPRF-PR";"DEL01-PR";"UOP03-DEL01-PR"
456094;2022-06-15;"quarta-feira";"12:15:00";"SC";480;130;"CHAPECO";"Condutor deixou de manter distância do veículo da frente";"Colisão traseira";"Com Vítimas Feridas";"Pleno dia";"Crescente";"Céu Claro";"Simples";"Reta";"Não";2;0;1;0;1;0;1;2;-27,06138061;-52,63478994;"SPRF-SC";"DEL07-SC";"UOP01-DEL07-SC"
456097;2022-06-15;"quarta-feira";"22:10:00";"PR";369;138;"IBIPORA";"Acesso irregular";"Colisão transversal";"Com Vítimas Feridas";"Plena Noite";"Decrescente";"Céu Claro";"Dupla";"Retorno Regulamentado";"Sim";1;0;1;0;0;0;1;1;-23,27409526;-51,0566815;"SPRF-PR";"DEL07-PR";"UOP01-DEL07-PR"
456098;2022-06-15;"quarta-feira";"21:00:00";"GO";153;320,9;"RIANAPOLIS";"Condutor deixou de manter distância do veículo da frente";"Colisão traseira";"Com Vítimas Feridas";"Plena Noite";"Crescente";"Céu Claro";"Simples";"Reta";"Não";2;0;1;0;0;1;1;2;-15,447845;-49,505455;"SPRF-GO";"DEL02-GO";"UOP02-DEL02-GO"
456099;2022-06-15;"quarta-feira";"19:15:00";"RS";153;402,6;"CACHOEIRA DO SUL";"Deficiência do Sistema de Iluminação/Sinalização";"Colisão traseira";"Com Vítimas Feridas";"Plena Noite";"Decrescente";"Céu Claro";"Dupla";"Aclive";"Não";3;0;0;2;0;1;2;2;-30,02661403;-52,91649312;"SPRF-RS";"DEL02-RS";"UOP03-DEL02-RS"
456100;2022-06-15;"quarta-feira";"21:30:00";"RS";386;436,3;"NOVA SANTA RITA";"Condutor deixou de manter distância do veículo da frente";"Colisão traseira";"Com Vítimas Feridas";"Plena Noite";"Decrescente";"Céu Claro";"Dupla";"Reta";"Não";2;0;1;0;0;1;1;2;-29,850487;-51,266758;"SPRF-RS";"DEL04-RS";"UOP02-DEL04-RS"
456101;2022-06-15;"quarta-feira";"23:25:00";"RS";116;240,6;"NOVO HAMBURGO";"Pedestre cruzava a pista fora da faixa";"Atropelamento de Pedestre";"Com Vítimas Fatais";"Plena Noite";"Decrescente";"Céu Claro";"Dupla";"Reta";"Sim";3;1;0;0;1;1;0;2;-29,70496497;-51,14676523;"SPRF-RS";"DEL01-RS";"UOP02-DEL01-RS"
456102;2022-06-16;"quinta-feira";"00:10:00";"ES";101;280;"SERRA";"Ausência de reação do condutor";"Queda de ocupante de veículo";"Com Vítimas Feridas";"Plena Noite";"Crescente";"Céu Claro";"Dupla";"Reta";"Sim";1;0;0;1;0;0;1;1;-20,21828666;-40,34895595;"SPRF-ES";"DEL02-ES";"UOP01-DEL02-ES"
456103;2022-06-15;"quarta-feira";"22:40:00";"SC";101;74;"ARAQUARI";"Acessar a via sem observar a presença dos outros veículos";"Colisão traseira";"Com Vítimas Feridas";"Plena Noite";"Crescente";"Céu Claro";"Múltipla";"Curva";"Não";2;0;0;1;1;0;1;2;-26,54446209;-48,71214452;"SPRF-SC";"DEL03-SC";"UOP02-DEL03-SC"
456104;2022-06-16;"quinta-feira";"00:10:00";"DF";70;13;"BRASILIA";"Animais na Pista";"Atropelamento de Animal";"Com Vítimas Feridas";"Plena Noite";"Crescente";"Céu Claro";"Dupla";"Retorno Regulamentado;Reta";"Sim";1;0;1;0;0;0;1;1;-15,794558;-48,166584;"SPRF-DF";"DEL03-DF";"UOP02-DEL03-DF"
456105;2022-06-15;"quarta-feira";"22:40:00";"SC";101;139;"BALNEARIO CAMBORIU";"Desrespeitar a preferência no cruzamento";"Colisão transversal";"Com Vítimas Feridas";"Plena Noite";"Crescente";"Nublado";"Múltipla";"Interseção de Vias";"Sim";5;0;1;1;1;2;2;3;-27,02982303;-48,60115006;"SPRF-SC";"DEL04-SC";"UOP03-DEL04-SC"
456106;2022-06-15;"quarta-feira";"23:15:00";"RJ";101;58;"CAMPOS DOS GOYTACAZES";"Acessar a via sem observar a presença dos outros veículos";"Colisão transversal";"Com Vítimas Feridas";"Plena Noite";"Decrescente";"Nublado";"Simples";"Reta";"Sim";2;0;0;1;1;0;1;2;-21,70488703;-41,30979616;"SPRF-RJ";"DEL08-RJ";"UOP01-DEL08-RJ"
456107;2022-06-16;"quinta-feira";"00:35:00";"TO";153;502;"PARAISO DO TOCANTINS";"Condutor Dormindo";"Saída de leito carroçável";"Com Vítimas Feridas";"Plena Noite";"Decrescente";"Céu Claro";"Simples";"Aclive;Reta;Rotatória";"Não";2;0;1;0;1;0;1;1;-10,21850698;-48,87509017;"SPRF-TO";"DEL01-TO";"UOP01-DEL01-TO"
456109;2022-06-15;"quarta-feira";"23:20:00";"PR";277;117,4;"CAMPO LARGO";"Ausência de reação do condutor";"Colisão lateral mesmo sentido";"Sem Vítimas";"Plena Noite";"Decrescente";"Céu Claro";"Dupla";"Reta";"Sim";2;0;0;0;1;1;0;2;-25,43503795;-49,52496707;"SPRF-PR";"DEL03-PR";"UOP03-DEL03-PR"
456111;2022-06-15;"quarta-feira";"23:50:00";"SC";280;233;"CANOINHAS";"Transitar na contramão";"Colisão lateral sentido oposto";"Com Vítimas Feridas";"Plena Noite";"Crescente";"Nublado";"Simples";"Reta";"Sim";2;0;1;0;1;0;1;2;-26,190642;-50,387896;"SPRF-SC";"DEL06-SC";"UOP04-DEL06-SC"
456114;2022-06-16;"quinta-feira";"01:35:00";"SC";101;3;"JAGUARUNA";"Animais na Pista";"Atropelamento de Animal";"Com Vítimas Feridas";"Plena Noite";"Crescente";"Nevoeiro/Neblina";"Simples";"Reta";"Não";1;0;0;1;0;0;1;1;-28,658465;-49,088093;"SPRF-SC";"DEL02-SC";"UOP01-DEL02-SC"
456117;2022-06-15;"quarta-feira";"16:40:00";"MA";316;551,9;"CAXIAS";"Acessar a via sem observar a presença dos outros veículos";"Colisão transversal";"Com Vítimas Feridas";"Pleno dia";"Crescente";"Céu Claro";"Simples";"Rotatória;Reta";"Sim";2;0;1;0;0;1;1;2;-4,88651121;-43,35465789;"SPRF-MA";"DEL03-MA";"UOP02-DEL03-MA"
456118;2022-06-16;"quinta-feira";"02:15:00";"SC";101;160,8;"PORTO BELO";"Velocidade Incompatível";"Saída de leito carroçável";"Com Vítimas Feridas";"Plena Noite";"Decrescente";"Céu Claro";"Dupla";"Reta";"Sim";1;0;0;1;0;0;1;1;-27,20831288;-48,61987922;"SPRF-SC";"DEL04-SC";"UOP03-DEL04-SC"
456121;2022-06-16;"quinta-feira";"03:20:00";"PR";376;125,2;"ALTO PARANA";"Ingestão de álcool pelo condutor";"Saída de leito carroçável";"Com Vítimas Feridas";"Plena Noite";"Crescente";"Céu Claro";"Dupla";"Reta";"Não";1;0;0;1;0;0;1;1;-23,14972357;-52,27427368;"SPRF-PR";"DEL09-PR";"UOP02-DEL09-PR"
456122;2022-06-15;"quarta-feira";"19:44:00";"MA";316;619;"TIMON";"Acessar a via sem observar a presença dos outros veículos";"Colisão frontal";"Com Vítimas Feridas";"Plena Noite";"Decrescente";"Nublado";"Simples";"Interseção de Vias";"Sim";3;0;2;0;0;1;2;2;-5,119788;-42,824196;"SPRF-MA";"DEL03-MA";"UOP02-DEL03-MA"
456123;2022-06-16;"quinta-feira";"03:20:00";"RJ";101;322;"NITEROI";"Ingestão de álcool e/ou substâncias psicoativas pelo pedestre";"Colisão com objeto";"Com Vítimas Feridas";"Plena Noite";"Crescente";"Nublado";"Dupla";"Curva";"Sim";2;0;1;0;1;0;1;2;-22,91772248;-43,09076531;"SPRF-RJ";"DEL02-RJ";"UOP01-DEL02-RJ"
456124;2022-06-16;"quinta-feira";"03:10:00";"RS";158;158,2;"PANAMBI";"Condutor Dormindo";"Saída de leito carroçável";"Com Vítimas Feridas";"Plena Noite";"Crescente";"Céu Claro";"Simples";"Curva;Rotatória";"Não";1;0;1;0;0;0;1;1;-28,34873036;-53,50268841;"SPRF-RS";"DEL10-RS";"UOP02-DEL10-RS"
456126;2022-06-16;"quinta-feira";"03:20:00";"MS";163;257;"DOURADOS";"Acesso irregular";"Tombamento";"Com Vítimas Feridas";"Plena Noite";"Crescente";"Nublado";"Simples";"Reta";"Sim";2;0;1;0;1;0;1;1;-22,25888398;-54,793819;"SPRF-MS";"DEL04-MS";"UOP01-DEL04-MS"
456127;2022-06-16;"quinta-feira";"03:17:00";"RS";116;213,4;"MORRO REUTER";"Manobra de mudança de faixa";"Colisão frontal";"Sem Vítimas";"Anoitecer";"Crescente";"Céu Claro";"Simples";"Curva";"Não";2;0;0;0;2;0;0;2;-29,521792;-51,085796;"SPRF-RS";"DEL05-RS";"UOP02-DEL05-RS"
456129;2022-06-16;"quinta-feira";"04:00:00";"SP";116;49,4;"LORENA";"Ausência de reação do condutor";"Colisão com objeto";"Com Vítimas Feridas";"Plena Noite";"Crescente";"Nublado";"Dupla";"Reta";"Sim";1;0;1;0;0;0;1;1;-22,73051614;-45,0765859;"SPRF-SP";"DEL08-SP";"UOP02-DEL08-SP"
456132;2022-06-16;"quinta-feira";"04:20:00";"RO";364;239;"CACOAL";"Reação tardia ou ineficiente do condutor";"Colisão com objeto";"Sem Vítimas";"Plena Noite";"Decrescente";"Céu Claro";"Dupla";"Interseção de Vias";"Sim";1;0;0;0;0;1;0;1;-11,433951;-61,463442;"SPRF-RO";"DEL02-RO";"UOP02-DEL02-RO"
456134;2022-06-16;"quinta-feira";"05:20:00";"SC";470;58,5;"BLUMENAU";"Desrespeitar a preferência no cruzamento";"Colisão transversal";"Com Vítimas Feridas";"Amanhecer";"Crescente";"Céu Claro";"Simples";"Interseção de Vias";"Não";2;0;0;1;1;0;1;2;-26,883879;-49,145622;"SPRF-SC";"DEL04-SC";"UOP01-DEL04-SC"
456136;2022-06-16;"quinta-feira";"05:00:00";"MT";163;1061;"GUARANTA DO NORTE";"Condutor Dormindo";"Queda de ocupante de veículo";"Com Vítimas Feridas";"Plena Noite";"Crescente";"Céu Claro";"Simples";"Reta";"Sim";1;0;1;0;0;0;1;1;-9,96963998;-54,90531391;"SPRF-MT";"DEL06-MT";"NPF/DEL06-MT"
456137;2022-06-16;"quinta-feira";"06:15:00";"PR";373;172,5;"PONTA GROSSA";"Frear bruscamente";"Colisão traseira";"Sem Vítimas";"Amanhecer";"Crescente";"Céu Claro";"Múltipla";"Reta";"Sim";2;0;0;0;2;0;0;2;-25,08040711;-50,20153821;"SPRF-PR";"DEL03-PR";"UOP01-DEL03-PR"
456138;2022-06-16;"quinta-feira";"06:30:00";"MG";381;801,8;"SAO GONCALO DO SAPUCAI";"Manobra de mudança de faixa";"Saída de leito carroçável";"Com Vítimas Feridas";"Pleno dia";"Decrescente";"Céu Claro";"Dupla";"Reta";"Não";3;0;1;0;2;0;1;1;-21,98436367;-45,64717924;"SPRF-MG";"DEL16-MG";"UOP02-DEL16-MG"