"id";"data_inversa";"dia_semana";"horario";"uf";"br";"km";"municipio";"causa_acidente";"tipo_acidente";"classificacao_acidente";"fase_dia";"sentido_via";"condicao_metereologica";"tipo_pista";"tracado_via";"uso_solo";"pessoas";"mortos";"feridos_leves";"feridos_graves";"ilesos";"ignorados";"feridos";"veiculos";"latitude";"longitude";"regional";"delegacia";"uop"
456139;2022-06-16;"quinta-feira";"06:10:00";"BA";324;609;"SIMOES FILHO";"Velocidade Incompatível";"Queda de ocupante de veículo";"Com Vítimas Feridas";"Pleno dia";"Crescente";"Nublado";"Dupla";"Reta";"Sim";1;0;1;0;0;0;1;1;-12,82066;-38,40798;"SPRF-BA";"DEL01-BA";"UOP01-DEL01-BA"
456140;2022-06-16;"quinta-feira";"05:45:00";"RJ";40;75;"PETROPOLIS";"Condutor Dormindo";"Capotamento";"Sem Vítimas";"Amanhecer";"Crescente";"Céu Claro";"Simples";"Curva";"Não";1;0;0;0;1;0;0;1;-22,46857126;-43,22958698;"SPRF-RJ";"DEL06-RJ";"UOP01-DEL06-RJ"
456141;2022-06-16;"quinta-feira";"06:50:00";"RS";116;151,4;"CAXIAS DO SUL";"Pedestre andava na pista";"Atropelamento de Pedestre";"Com Vítimas Feridas";"Amanhecer";"Crescente";"Céu Claro";"Dupla";"Reta";"Sim";2;0;0;1;1;0;1;2;-29,17694502;-51,16173896;"SPRF-RS";"DEL05-RS";"UOP01-DEL05-RS"
456142;2022-06-16;"quinta-feira";"07:00:00";"PB";104;117,9;"LAGOA SECA";"Pista Escorregadia";"Queda de ocupante de veículo";"Com Vítimas Feridas";"Pleno dia";"Crescente";"Chuva";"Simples";"Declive";"Sim";1;0;1;0;0;0;1;1;-7,19167741;-35,86868763;"SPRF-PB";"DEL02-PB";"UOP04-DEL02-PB"
456143;2022-06-16;"quinta-feira";"06:30:00";"MG";40;630,5;"CONSELHEIRO LAFAIETE";"Condutor Dormindo";"Colisão frontal";"Com Vítimas Feridas";"Pleno dia";"Crescente";"Nublado";"Simples";"Aclive";"Sim";5;0;4;1;0;0;5;2;-20,66692199;-43,80314095;"SPRF-MG";"DEL05-MG";"UOP02-DEL05-MG"
456144;2022-06-15;"quarta-feira";"21:50:00";"PR";476;111;"COLOMBO";"Reação tardia ou ineficiente do condutor";"Saída de leito carroçável";"Sem Vítimas";"Plena Noite";"Crescente";"Céu Claro";"Simples";"Curva";"Não";3;0;0;0;3;0;0;1;-25,315056;-49,153545;"SPRF-PR";"DEL01-PR";"UOP01-DEL01-PR"
456145;2022-06-16;"quinta-feira";"06:20:00";"PR";277;240;"IRATI";"Transitar na contramão";"Colisão frontal";"Com Vítimas Feridas";"Amanhecer";"Decrescente";"Nevoeiro/Neblina";"Simples";"Reta";"Não";5;0;1;1;3;0;2;3;-25,46360541;-50,55589898;"SPRF-PR";"DEL08-PR";"UOP02-DEL08-PR"
456146;2022-06-15;"quarta-feira";"23:50:00";"PR";163;285;"MARECHAL CANDIDO RONDON";"Ingestão de álcool pelo condutor";"Colisão com objeto";"Com Vítimas Feridas";"Plena Noite";"Crescente";"Céu Claro";"Simples";"Reta";"Sim";1;0;1;0;0;0;1;1;-24,550578;-54,041644;"SPRF-PR";"DEL06-PR";"UOP02-DEL06-PR"
456148;2022-06-16;"quinta-feira";"07:20:00";"RS";116;243;"SAO LEOPOLDO";"Velocidade Incompatível";"Colisão com objeto";"Sem Vítimas";"Pleno dia";"Decrescente";"Céu Claro";"Dupla";"Reta";"Sim";1;0;0;0;0;1;0;1;-29,73196199;-51,14952004;"SPRF-RS";"DEL01-RS";"UOP02-DEL01-RS"
456149;2022-04-01;"sexta-feira";"23:00:00";"SP";381;79;"SAO PAULO";"Chuva";"Capotamento";"Com Vítimas Feridas";"Plena Noite";"Crescente";"Chuva";"Múltipla";"Reta";"Sim";2;0;1;0;1;0;1;1;-23,40319901;-46,57564699;"SPRF-SP";"DEL03-SP";"UOP01-DEL03-SP"
456153;2022-06-16;"quinta-feira";"08:10:00";"PR";153;329,3;"IRATI";"Velocidade Incompatível";"Saída de leito carroçável";"Sem Vítimas";"Amanhecer";"Decrescente";"Nevoeiro/Neblina";"Simples";"Rotatória";"Não";1;0;0;0;1;0;0;1;-25,45455122;-50,61939955;"SPRF-PR";"DEL08-PR";"UOP02-DEL08-PR"
456157;2022-06-16;"quinta-feira";"09:30:00";"GO";414;404;"ABADIANIA";"Reação tardia ou ineficiente do condutor";"Tombamento";"Com Vítimas Feridas";"Pleno dia";"Crescente";"Céu Claro";"Simples";"Curva;Em Obras";"Não";1;0;1;0;0;0;1;1;-16,00900392;-48,84163082;"SPRF-GO";"DEL02-GO";"UOP01-DEL02-GO"
456161;2022-06-16;"quinta-feira";"08:45:00";"CE";20;400,2;"CAUCAIA";"Pista esburacada";"Saída de leito carroçável";"Com Vítimas Feridas";"Pleno dia";"Crescente";"Céu Claro";"Simples";"Reta";"Não";1;0;1;0;0;0;1;1;-3,7964575;-38,71273225;"SPRF-CE";"DEL01-CE";"UOP01-DEL01-CE"
456162;2022-06-16;"quinta-feira";"10:00:00";"SP";381;40;"ATIBAIA";"Manobra de mudança de faixa";"Queda de ocupante de veículo";"Com Vítimas Feridas";"Pleno dia";"Decrescente";"Céu Claro";"Dupla";"Reta";"Não";2;0;2;0;0;0;2;1;-23,12997498;-46,5767598;"SPRF-SP";"DEL03-SP";"UOP01-DEL03-SP"
456163;2022-06-16;"quinta-feira";"10:15:00";"SC";101;206,8;"SAO JOSE";"Reação tardia ou ineficiente do condutor";"Colisão traseira";"Com Vítimas Feridas";"Pleno dia";"Crescente";"Céu Claro";"Múltipla";"Reta";"Sim";2;0;1;0;1;0;1;2;-27,59193546;-48,61824557;"SPRF-SC";"DEL01-SC";"UOP01-DEL01-SC"
456164;2022-06-16;"quinta-feira";"08:40:00";"RJ";40;79;"PETROPOLIS";"Velocidade Incompatível";"Colisão com objeto";"Com Vítimas Feridas";"Pleno dia";"Decrescente";"Céu Claro";"Simples";"Curva;Aclive";"Não";1;0;0;1;0;0;1;1;-22,51603576;-43,23067546;"SPRF-RJ";"DEL06-RJ";"UOP01-DEL06-RJ"
456165;2022-06-16;"quinta-feira";"09:20:00";"MG";381;330;"NOVA ERA";"Condutor deixou de manter distância do veículo da frente";"Colisão traseira";"Sem Vítimas";"Pleno dia";"Decrescente";"Céu Claro";"Dupla";"Curva";"Sim";3;0;0;0;3;0;0;3;-19,78715144;-43,05117784;"SPRF-MG";"DEL03-MG";"UOP01-DEL03-MG"
456166;2022-06-16;"quinta-feira";"10:20:00";"MG";262;353;"BETIM";"Reação tardia ou ineficiente do condutor";"Colisão traseira";"Com Vítimas Feridas";"Pleno dia";"Crescente";"Céu Claro";"Dupla";"Reta";"Não";2;0;1;0;1;0;1;2;-19,95947688;-44,15416308;"SPRF-MG";"DEL01-MG";"UOP03-DEL01-MG"
456167;2022-06-16;"quinta-feira";"10:30:00";"MG";116;754,5;"LEOPOLDINA";"Manobra de mudança de faixa";"Tombamento";"Com Vítimas Feridas";"Pleno dia";"Crescente";"Céu Claro";"Simples";"Reta;Aclive";"Não";1;0;1;0;0;0;1;1;-21,48725603;-42,57777783;"SPRF-MG";"DEL07-MG";"UOP01-DEL07-MG"
456169;2022-06-16;"quinta-feira";"09:30:00";"SP";381;50;"ATIBAIA";"Condutor deixou de manter distância do veículo da frente";"Engavetamento";"Sem Vítimas";"Pleno dia";"Decrescente";"Céu Claro";"Múltipla";"Reta";"Não";6;0;0;0;6;0;0;6;-23,21359807;-46,59367981;"SPRF-SP";"DEL03-SP";"UOP01-DEL03-SP"
456170;2022-06-16;"quinta-feira";"10:35:00";"PR";277;718;"SANTA TEREZINHA DE ITAIPU";"Condutor deixou de manter distância do veículo da frente";"Colisão lateral mesmo sentido";"Com Vítimas Feridas";"Pleno dia";"Crescente";"Céu Claro";"Dupla";"Declive";"Não";4;0;2;1;1;0;3;2;-25,48013487;-54,48530406;"SPRF-PR";"DEL05-PR";"UOP03-DEL05-PR"
456174;2022-06-16;"quinta-feira";"09:15:00";"PI";343;591,5;"FLORIANO";"Animais na Pista";"Atropelamento de Animal";"Com Vítimas Feridas";"Pleno dia";"Decrescente";"Sol";"Dupla";"Aclive";"Sim";1;0;0;1;0;0;1;1;-6,781361;-43,023224;"SPRF-PI";"DEL03-PI";"UOP01-DEL03-PI"
456175;2022-06-16;"quinta-feira";"10:40:00";"BA";135;153;"RIACHAO DAS NEVES";"Condutor Dormindo";"Colisão frontal";"Com Vítimas Feridas";"Pleno dia";"Crescente";"Céu Claro";"Simples";"Reta";"Não";7;0;3;3;0;1;6;3;-11,95936397;-44,91200507;"SPRF-BA";"DEL10-BA";"UOP01-DEL10-BA"
456179;2022-06-16;"quinta-feira";"11:00:00";"RS";116;144,9;"CAXIAS DO SUL";"Acessar a via sem observar a presença dos outros veículos";"Colisão transversal";"Com Vítimas Feridas";"Pleno dia";"Crescente";"Céu Claro";"Dupla";"Viaduto;Reta;Aclive";"Sim";2;0;1;0;1;0;1;2;-29,13164595;-51,12891382;"SPRF-RS";"DEL05-RS";"UOP01-DEL05-RS"
456181;2022-06-16;"quinta-feira";"11:29:00";"SC";101;117;"ITAJAI";"Acessar a via sem observar a presença dos outros veículos";"Colisão transversal";"Com Vítimas Feridas";"Pleno dia";"Crescente";"Céu Claro";"Múltipla";"Interseção de Vias;Rotatória";"Sim";2;0;1;0;1;0;1;2;-26,88747187;-48,72252969;"SPRF-SC";"DEL04-SC";"UOP04-DEL04-SC"
456182;2022-06-16;"quinta-feira";"11:10:00";"RJ";40;109;"DUQUE DE CAXIAS";"Reação tardia ou ineficiente do condutor";"Colisão traseira";"Com Vítimas Feridas";"Pleno dia";"Decrescente";"Céu Claro";"Múltipla";"Reta";"Sim";3;0;1;0;2;0;1;2;-22,67717117;-43,28609727;"SPRF-RJ";"DEL01-RJ";"UOP01-DEL01-RJ"
456183;2022-06-16;"quinta-feira";"09:00:00";"GO";364;9;"SAO SIMAO";"Ausência de reação do condutor";"Saída de leito carroçável";"Com Vítimas Feridas";"Pleno dia";"Decrescente";"Céu Claro";"Simples";"Reta";"Não";1;0;1;0;0;0;1;1;-18,99785;-50,563488;"SPRF-GO";"DEL05-GO";"UOP02-DEL05-GO"
456184;2022-06-16;"quinta-feira";"12:00:00";"RS";116;228;"DOIS IRMAOS";"Acesso irregular";"Colisão transversal";"Com Vítimas Feridas";"Pleno dia";"Crescente";"Céu Claro";"Simples";"Curva";"Sim";2;0;1;0;1;0;1;2;-29,61103966;-51,12425074;"SPRF-RS";"DEL01-RS";"UOP02-DEL01-RS"
456185;2022-06-16;"quinta-feira";"11:45:00";"PR";469;15,6;"FOZ DO IGUACU";"Manobra de mudança de faixa";"Colisão lateral mesmo sentido";"Com Vítimas Feridas";"Pleno dia";"Decrescente";"Céu Claro";"Dupla";"Curva;Aclive";"Sim";2;0;0;1;1;0;1;2;-25,5813;-54,5315;"SPRF-PR";"DEL05-PR";"UOP04-DEL05-PR"
456186;2022-06-16;"quinta-feira";"12:10:00";"SC";280;57;"GUARAMIRIM";"Reação tardia ou ineficiente do condutor";"Colisão com objeto";"Com Vítimas Feridas";"Pleno dia";"Decrescente";"Céu Claro";"Dupla";"Reta";"Sim";1;0;1;0;0;0;1;1;-26,47811421;-49,01259213;"SPRF-SC";"DEL03-SC";"UOP03-DEL03-SC"
456187;2022-06-16;"quinta-feira";"11:40:00";"DF";20;24;"BRASILIA";"Avarias e/ou desgaste excessivo no pneu";"Saída de leito carroçável";"Com Vítimas Feridas";"Pleno dia";"Crescente";"Sol";"Dupla";"Aclive;Curva;Interseção de Vias";"Sim";1;0;0;1;0;0;1;1;-15,594831;-47,658615;"SPRF-DF";"DEL02-DF";"UOP01-DEL02-DF"
456189;2022-06-16;"quinta-feira";"12:55:00";"GO";153;432;"ANAPOLIS";"Demais falhas na via";"Queda de ocupante de veículo";"Com Vítimas Feridas";"Pleno dia";"Crescente";"Céu Claro";"Dupla";"Aclive";"Sim";1;0;1;0;0;0;1;1;-16,264801;-48,982357;"SPRF-GO";"DEL02-GO";"UOP01-DEL02-GO"
456192;2022-06-12;"domingo";"18:20:00";"RN";226;43;"BOM JESUS";"Conversão proibida";"Colisão transversal";"Com Vítimas Feridas";"Plena Noite";"Decrescente";"Céu Claro";"Simples";"Reta";"Não";4;0;1;0;3;0;1;2;-5,95030224;-35,55628568;"SPRF-RN";"DEL01-RN";"UOP02-DEL01-RN"
456193;2022-06-16;"quinta-feira";"13:11:00";"ES";262;139;"MUNIZ FREIRE";"Acessar a via sem observar a presença dos outros veículos";"Colisão transversal";"Com Vítimas Feridas";"Pleno dia";"Decrescente";"Sol";"Simples";"Curva;Interseção de Vias";"Não";4;0;3;0;1;0;3;2;-20,23135279;-41,36098834;"SPRF-ES";"DEL01-ES";"UOP02-DEL01-ES"
456194;2022-06-16;"quinta-feira";"12:45:00";"ES";101;292;"CARIACICA";"Condutor deixou de manter distância do veículo da frente";"Colisão traseira";"Com Vítimas Feridas";"Pleno dia";"Decrescente";"Céu Claro";"Dupla";"Reta";"Sim";2;0;1;0;1;0;1;2;-20,30650512;-40,39488717;"SPRF-ES";"DEL01-ES";"UOP01-DEL01-ES"
456196;2022-06-08;"quarta-feira";"17:40:00";"RS";472;150;"SANTA ROSA";"Condutor deixou de manter distância do veículo da frente";"Colisão traseira";"Sem Vítimas";"Pleno dia";"Crescente";"Nublado";"Simples";"Reta";"Não";2;0;0;0;2;0;0;2;-27,79901907;-54,39180669;"SPRF-RS";"DEL10-RS";"UOP01-DEL10-RS"
456197;2022-06-16;"quinta-feira";"13:40:00";"SE";235;48;"ITABAIANA";"Conversão proibida";"Colisão transversal";"Com Vítimas Feridas";"Pleno dia";"Crescente";"Sol";"Simples";"Reta";"Sim";2;0;1;0;1;0;1;2;-10,716222;-37,421669;"SPRF-SE";"DEL01-SE";"UOP02-DEL01-SE"
456198;2022-06-16;"quinta-feira";"13:20:00";"AL";316;158;"PALMEIRA DOS INDIOS";"Acessar a via sem observar a presença dos outros veículos";"Colisão transversal";"Sem Vítimas";"Pleno dia";"Crescente";"Chuva";"Simples";"Rotatória";"Sim";3;0;0;0;3;0;0;2;-9,43334352;-36,61323443;"SPRF-AL";"DEL03-AL";"UOP01-DEL03-AL"
456199;2022-06-16;"quinta-feira";"12:56:00";"PI";343;0,4;"TERESINA";"Acessar a via sem observar a presença dos outros veículos";"Colisão lateral mesmo sentido";"Sem Vítimas";"Pleno dia";"Decrescente";"Céu Claro";"Dupla";"Reta;Retorno Regulamentado";"Sim";3;0;0;0;3;0;0;3;-5,089569;-42,802288;"SPRF-PI";"DEL01-PI";"UOP01-DEL01-PI"
456202;2022-06-16;"quinta-feira";"10:40:00";"RJ";40;72;"PETROPOLIS";"Ausência de reação do condutor";"Tombamento";"Com Vítimas Feridas";"Pleno dia";"Decrescente";"Sol";"Simples";"Declive";"Não";1;0;1;0;0;0;1;1;-22,4585308;-43,21600514;"SPRF-RJ";"DEL06-RJ";"UOP01-DEL06-RJ"
456204;2022-06-16;"quinta-feira";"11:30:00";"MG";116;409,6;"GOVERNADOR VALADARES";"Objeto estático sobre o leito carroçável";"Colisão com objeto";"Com Vítimas Feridas";"Pleno dia";"Decrescente";"Sol";"Dupla";"Reta";"Não";1;0;1;0;0;0;1;1;-18,84936788;-41,97891368;"SPRF-MG";"DEL06-MG";"UOP01-DEL06-MG"
456205;2022-06-16;"quinta-feira";"14:30:00";"SP";116;218,9;"GUARULHOS";"Avarias e/ou desgaste excessivo no pneu";"Tombamento";"Com Vítimas Feridas";"Pleno dia";"Crescente";"Céu Claro";"Dupla";"Reta";"Não";2;0;2;0;0;0;2;1;-23,457972;-46,479927;"SPRF-SP";"DEL01-SP";"UOP01-DEL01-SP"
456206;2022-06-16;"quinta-feira";"14:30:00";"RJ";101;470;"ANGRA DOS REIS";"Frear bruscamente";"Colisão frontal";"Com Vítimas Feridas";"Pleno dia";"Decrescente";"Céu Claro";"Simples";"Reta";"Sim";3;0;0;1;2;0;1;2;-23,00442922;-44,23009579;"SPRF-RJ";"DEL03-RJ";"UOP03-DEL03-RJ"
456207;2022-06-08;"quarta-feira";"21:30:00";"MS";163;669;"RIO VERDE DE MATO GROSSO";"Reação tardia ou ineficiente do condutor";"Colisão com objeto";"Com Vítimas Feridas";"Plena Noite";"Crescente";"Chuva";"Simples";"Interseção de Vias";"Não";4;0;3;0;1;0;3;1;-19,01532004;-54,82748117;"SPRF-MS";"DEL06-MS";"UOP02-DEL06-MS"
456208;2022-06-08;"quarta-feira";"23:10:00";"MG";365;388,5;"PATOS DE MINAS";"Deficiência do Sistema de Iluminação/Sinalização";"Colisão frontal";"Com Vítimas Feridas";"Plena Noite";"Decrescente";"Céu Claro";"Dupla";"Reta";"Não";3;0;2;0;1;0;2;2;-18,62052483;-46,29478625;"SPRF-MG";"DEL10-MG";"UOP01-DEL10-MG"
456209;2022-06-16;"quinta-feira";"15:00:00";"MG";459;85,6;"CONGONHAL";"Acessar a via sem observar a presença dos outros veículos";"Colisão transversal";"Com Vítimas Feridas";"Pleno dia";"Crescente";"Céu Claro";"Simples";"Reta";"Não";4;0;2;0;1;1;2;3;-22,14956969;-46,02378845;"SPRF-MG";"DEL09-MG";"UOP01-DEL09-MG"
456211;2022-06-16;"quinta-feira";"14:30:00";"PR";277;96;"CURITIBA";"Obstrução na via";"Colisão traseira";"Com Vítimas Feridas";"Pleno dia";"Crescente";"Sol";"Dupla";"Reta";"Sim";4;0;1;0;3;0;1;2;-25,54577186;-49,29537197;"SPRF-PR";"DEL01-PR";"UOP06-DEL01-PR"
456212;2022-06-16;"quinta-feira";"15:00:00";"MG";381;491,2;"BETIM";"Demais falhas mecânicas ou elétricas";"Tombamento";"Com Vítimas Feridas";"Pleno dia";"Decrescente";"Sol";"Simples";"Reta";"Sim";1;0;1;0;0;0;1;1;-19,97018187;-44,18210416;"SPRF-MG";"DEL01-MG";"UOP03-DEL01-MG"
456213;2022-06-16;"quinta-feira";"15:40:00";"BA";116;450,1;"ANTONIO CARDOSO";"Objeto estático sobre o leito carroçável";"Saída de leito carroçável";"Com Vítimas Feridas";"Pleno dia";"Crescente";"Céu Claro";"Dupla";"Reta";"Não";2;0;2;0;0;0;2;1;-12,38094585;-39,12805308;"SPRF-BA";"DEL02-BA";"UOP01-DEL02-BA"
456215;2022-06-16;"quinta-feira";"16:20:00";"PR";369;192,9;"ARAPONGAS";"Ausência de reação do condutor";"Saída de leito carroçável";"Com Vítimas Feridas";"Pleno dia";"Crescente";"Céu Claro";"Dupla";"Reta";"Não";1;0;1;0;0;0;1;1;-23,47611869;-51,42425537;"SPRF-PR";"DEL07-PR";"UOP03-DEL07-PR"
456216;2022-06-16;"quinta-feira";"10:45:00";"MA";135;115;"MIRANDA DO NORTE";"Condutor deixou de manter distância do veículo da frente";"Colisão traseira";"Sem Vítimas";"Pleno dia";"Crescente";"Céu Claro";"Simples";"Reta";"Sim";2;0;0;0;2;0;0;2;-3,477888;-44,535427;"SPRF-MA";"DEL01-MA";"UOP02-DEL01-MA"
456218;2022-06-16;"quinta-feira";"16:45:00";"SP";116;99;"PINDAMONHANGABA";"Acesso irregular";"Colisão transversal";"Com Vítimas Feridas";"Pleno dia";"Crescente";"Sol";"Simples";"Interseção de Vias";"Sim";2;0;1;0;1;0;1;2;-22,98236971;-45,46436617;"SPRF-SP";"DEL08-SP";"UOP01-DEL08-SP"
456219;2022-06-16;"quinta-feira";"16:30:00";"GO";20;177,5;"ALVORADA DO NORTE";"Velocidade Incompatível";"Queda de ocupante de veículo";"Com Vítimas Feridas";"Pleno dia";"Decrescente";"Céu Claro";"Dupla";"Reta";"Não";1;0;1;0;0;0;1;1;-14,498608;-46,510159;"SPRF-DF";"DEL02-DF";"UOP03-DEL02-DF"
456220;2022-05-24;"terça-feira";"22:07:00";"ES";101;175;"LINHARES";"Conversão proibida";"Colisão transversal";"Com Vítimas Feridas";"Plena Noite";"Crescente";"Chuva";"Simples";"Reta";"Não";3;0;2;0;1;0;2;2;-19,588547;-40,191967;"SPRF-ES";"DEL04-ES";"UOP01-DEL04-ES"
456221;2022-06-16;"quinta-feira";"15:00:00";"BA";242;571;"OLIVEIRA DOS BREJINHOS";"Curva acentuada";"Saída de leito carroçável";"Com Vítimas Feridas";"Pleno dia";"Crescente";"Céu Claro";"Simples";"Curva";"Não";4;0;0;1;3;0;1;1;-12,03725807;-42,98721901;"SPRF-BA";"DEL10-BA";"UOP02-DEL10-BA"
456222;2022-06-16;"quinta-feira";"15:40:00";"PR";277;504,5;"GUARANIACU";"Avarias e/ou desgaste excessivo no pneu";"Saída de leito carroçável";"Sem Vítimas";"Pleno dia";"Decrescente";"Céu Claro";"Simples";"Declive;Curva";"Não";1;0;0;0;0;1;0;1;-25,14324156;-52,70593386;"SPRF-PR";"DEL04-PR";"UOP01-DEL04-PR"
456225;2022-06-16;"quinta-feira";"17:45:00";"PB";101;85;"BAYEUX";"Acessar a via sem observar a presença dos outros veículos";"Colisão lateral mesmo sentido";"Com Vítimas Feridas";"Plena Noite";"Decrescente";"Céu Claro";"Dupla";"Interseção de Vias";"Não";2;0;1;0;0;1;1;2;-7,14538184;-34,91662887;"SPRF-PB";"DEL01-PB";"UOP01-DEL01-PB"
456226;2022-06-16;"quinta-feira";"16:45:00";"BA";116;24;"VITORIA DA CONQUISTA";"Acessar a via sem observar a presença dos outros veículos";"Colisão transversal";"Com Vítimas Feridas";"Pleno dia";"Decrescente";"Sol";"Simples";"Interseção de Vias";"Não";2;0;1;0;1;0;1;2;-14,85279867;-40,80051899;"SPRF-PE";"DEL05-PE";"UOP03-DEL05-PE"
456229;2022-06-16;"quinta-feira";"17:01:00";"PR";467;91,8;"CASCAVEL";"Velocidade Incompatível";"Tombamento";"Com Vítimas Feridas";"Pleno dia";"Decrescente";"Sol";"Dupla";"Curva";"Não";1;0;1;0;0;0;1;1;-24,8515;-53,6035;"SPRF-PR";"DEL04-PR";"UOP01-DEL04-PR"
456230;2022-06-16;"quinta-feira";"18:08:00";"PE";424;90,7;"GARANHUNS";"Ausência de reação do condutor";"Colisão frontal";"Sem Vítimas";"Plena Noite";"Decrescente";"Garoa/Chuvisco";"Simples";"Reta";"Sim";2;0;0;0;2;0;0;2;-8,89635706;-36,50157593;"SPRF-PE";"DEL03-PE";"UOP01-DEL03-PE"
456231;2022-06-16;"quinta-feira";"18:00:00";"PR";277;8;"PARANAGUA";"Ingestão de álcool pelo condutor";"Saída de leito carroçável";"Com Vítimas Feridas";"Plena Noite";"Crescente";"Céu Claro";"Dupla";"Reta";"Sim";1;0;1;0;0;0;1;1;-25,5205;-48,5095;"SPRF-PR";"DEL01-PR";"UOP05-DEL01-PR"
456233;2022-06-16;"quinta-feira";"17:25:00";"PE";428;188,1;"PETROLINA";"Acessar a via sem observar a presença dos outros veículos";"Colisão traseira";"Sem Vítimas";"Anoitecer";"Decrescente";"Céu Claro";"Simples";"Rotatória";"Sim";2;0;0;0;2;0;0;2;-9,36400596;-40,48266808;"SPRF-PE";"DEL06-PE";"UOP01-DEL06-PE"
456236;2022-06-16;"quinta-feira";"19:00:00";"MG";50;171;"UBERABA";"Objeto estático sobre o leito carroçável";"Colisão com objeto";"Com Vítimas Feridas";"Plena Noite";"Decrescente";"Céu Claro";"Dupla";"Aclive";"Não";1;0;1;0;0;0;1;1;-19,74554892;-47,98382166;"SPRF-MG";"DEL13-MG";"UOP01-DEL13-MG"
456237;2022-06-16;"quinta-feira";"15:00:00";"SC";282;339;"CAMPOS NOVOS";"Conversão proibida";"Colisão traseira";"Com Vítimas Feridas";"Pleno dia";"Decrescente";"Sol";"Simples";"Reta";"Sim";2;0;1;0;1;0;1;2;-27,392731;-51,195118;"SPRF-SC";"DEL07-SC";"UOP06-DEL07-SC"
456238;2022-06-16;"quinta-feira";"18:35:00";"BA";367;23,9;"PORTO SEGURO";"Ingestão de álcool pelo condutor";"Colisão frontal";"Com Vítimas Feridas";"Plena Noite";"Crescente";"Céu Claro";"Simples";"Interseção de Vias";"Sim";2;0;0;1;0;1;1;2;-16,43782119;-39,08274835;"SPRF-BA";"DEL09-BA";"UOP01-DEL09-BA"
456240;2022-06-16;"quinta-feira";"19:00:00";"MG";40;551;"NOVA LIMA";"Condutor deixou de manter distância do veículo da frente";"Colisão traseira";"Com Vítimas Feridas";"Plena Noite";"Decrescente";"Céu Claro";"Dupla";"Reta";"Sim";2;0;1;0;1;0;1;2;-20,0819117;-43,9793875;"SPRF-MG";"DEL01-MG";"UOP02-DEL01-MG"
456242;2022-06-16;"quinta-feira";"19:20:00";"RS";116;250;"SAO LEOPOLDO";"Velocidade Incompatível";"Queda de ocupante de veículo";"Com Vítimas Feridas";"Plena Noite";"Decrescente";"Céu Claro";"Dupla";"Curva";"Sim";1;0;1;0;0;0;1;1;-29,79148798;-51,16399615;"SPRF-RS";"DEL01-RS";"UOP02-DEL01-RS"
456243;2022-06-16;"quinta-feira";"18:00:00";"SP";116;227;"GUARULHOS";"Ingestão de álcool pelo condutor";"Colisão traseira";"Sem Vítimas";"Pleno dia";"Crescente";"Céu Claro";"Múltipla";"Reta";"Sim";5;0;0;0;3;2;0;4;-23,49659264;-46,55648754;"SPRF-SP";"DEL01-SP";"UOP01-DEL01-SP"
456244;2022-06-16;"quinta-feira";"18:50:00";"PR";369;162;"CAMBE";"Obras na pista";"Tombamento";"Com Vítimas Feridas";"Plena Noite";"Crescente";"Céu Claro";"Simples";"Curva";"Não";2;0;2;0;0;0;2;1;-23,296374;-51,273342;"SPRF-PR";"DEL07-PR";"UOP01-DEL07-PR"
456245;2022-06-16;"quinta-feira";"17:40:00";"PI";316;336;"GEMINIANO";"Demais falhas mecânicas ou elétricas";"Incêndio";"Sem Vítimas";"Anoitecer";"Decrescente";"Céu Claro";"Simples";"Reta";"Não";1;0;0;0;1;0;0;1;-7,10702504;-41,27254486;"SPRF-PI";"DEL04-PI";"UOP01-DEL04-PI"
456246;2022-06-16;"quinta-feira";"19:00:00";"MG";381;288;"ANTONIO DIAS";"Afundamento ou ondulação no pavimento";"Tombamento";"Com Vítimas Feridas";"Plena Noite";"Decrescente";"Céu Claro";"Simples";"Reta";"Não";2;0;1;0;1;0;1;1;-19,63905081;-42,81290207;"SPRF-MG";"DEL03-MG";"UOP02-DEL03-MG"
456247;2022-06-16;"quinta-feira";"18:20:00";"MG";262;492,6;"MOEMA";"Velocidade Incompatível";"Saída de leito carroçável";"Com Vítimas Feridas";"Anoitecer";"Decrescente";"Céu Claro";"Simples";"Interseção de Vias";"Sim";2;0;2;0;0;0;2;1;-19,78179443;-45,36099191;"SPRF-MG";"DEL08-MG";"UOP03-DEL08-MG"
456249;2022-06-16;"quinta-feira";"18:30:00";"RO";364;425;"JARU";"Velocidade Incompatível";"Tombamento";"Com Vítimas Feridas";"Anoitecer";"Crescente";"Nublado";"Simples";"Reta";"Sim";1;0;1;0;0;0;1;1;-10,43752488;-62,47169791;"SPRF-RO";"DEL03-RO";"UOP02-DEL03-RO"
456250;2022-06-16;"quinta-feira";"17:35:00";"AC";364;128;"RIO BRANCO";"Ausência de reação do condutor";"Queda de ocupante de veículo";"Com Vítimas Feridas";"Plena Noite";"Crescente";"Céu Claro";"Simples";"Curva";"Sim";1;0;0;1;0;0;1;1;-10,02644375;-67,8206882;"SPRF-AC";"DEL01-AC";"UOP01-DEL01-AC"
456251;2022-06-16;"quinta-feira";"18:50:00";"MT";70;525,2;"VARZEA GRANDE";"Reação tardia ou ineficiente do condutor";"Colisão transversal";"Com Vítimas Fatais";"Plena Noite";"Crescente";"Céu Claro";"Simples";"Reta";"Sim";5;1;1;0;2;1;1;3;-15,65216001;-56,20144129;"SPRF-MT";"DEL01-MT";"UOP02-DEL01-MT"