"id";"data_inversa";"dia_semana";"horario";"uf";"br";"km";"municipio";"causa_acidente";"tipo_acidente";"classificacao_acidente";"fase_dia";"sentido_via";"condicao_metereologica";"tipo_pista";"tracado_via";"uso_solo";"pessoas";"mortos";"feridos_leves";"feridos_graves";"ilesos";"ignorados";"feridos";"veiculos";"latitude";"longitude";"regional";"delegacia";"uop"
456252;2022-06-16;"quinta-feira";"18:20:00";"RJ";101;261;"RIO BONITO";"Transitar na contramão";"Colisão frontal";"Com Vítimas Feridas";"Plena Noite";"Decrescente";"Nublado";"Dupla";"Reta";"Sim";1;0;1;0;0;0;1;1;-22,71139378;-42,61157199;"SPRF-RJ";"DEL02-RJ";"UOP03-DEL02-RJ"
456253;2022-06-16;"quinta-feira";"19:00:00";"MG";116;499,9;"INHAPIM";"Transitar na contramão";"Colisão frontal";"Com Vítimas Feridas";"Plena Noite";"Crescente";"Céu Claro";"Simples";"Curva";"Sim";6;0;5;0;1;0;5;2;-19,55247801;-42,12429712;"SPRF-MG";"DEL06-MG";"UOP02-DEL06-MG"
456254;2022-06-16;"quinta-feira";"20:20:00";"SP";488;2,6;"APARECIDA";"Ausência de reação do condutor";"Colisão lateral mesmo sentido";"Com Vítimas Feridas";"Plena Noite";"Crescente";"Céu Claro";"Dupla";"Reta";"Sim";2;0;1;0;1;0;1;2;-22,849216;-45,236801;"SPRF-SP";"DEL08-SP";"UOP01-DEL08-SP"
456255;2022-06-16;"quinta-feira";"18:45:00";"MT";163;854;"SINOP";"Acessar a via sem observar a presença dos outros veículos";"Colisão traseira";"Sem Vítimas";"Anoitecer";"Decrescente";"Céu Claro";"Simples";"Reta";"Sim";2;0;0;0;2;0;0;2;-11,70166037;-55,45368433;"SPRF-MT";"DEL06-MT";"NPF/DEL06-MT"
456256;2022-06-16;"quinta-feira";"19:00:00";"PB";230;516;"BOM JESUS";"Ausência de reação do condutor";"Saída de leito carroçável";"Com Vítimas Feridas";"Plena Noite";"Crescente";"Nublado";"Simples";"Curva";"Não";1;0;1;0;0;0;1;1;-6,861025;-38,660373;"SPRF-PB";"DEL03-PB";"UOP03-DEL03-PB"
456257;2022-06-16;"quinta-feira";"18:00:00";"MA";316;407;"ALTO ALEGRE DO MARANHAO";"Velocidade Incompatível";"Queda de ocupante de veículo";"Com Vítimas Feridas";"Plena Noite";"Decrescente";"Céu Claro";"Simples";"Reta";"Sim";2;0;0;1;0;1;1;2;-4,25641;-44,432236;"SPRF-MA";"DEL03-MA";"UOP01-DEL03-MA"
456258;2022-06-16;"quinta-feira";"20:55:00";"PR";277;595;"CASCAVEL";"Ingestão de álcool pelo condutor";"Queda de ocupante de veículo";"Com Vítimas Feridas";"Plena Noite";"Crescente";"Céu Claro";"Simples";"Reta";"Sim";1;0;1;0;0;0;1;1;-24,98154632;-53,50141969;"SPRF-PR";"DEL04-PR";"UOP01-DEL04-PR"
456259;2022-06-16;"quinta-feira";"20:30:00";"MG";40;518,4;"RIBEIRAO DAS NEVES";"Reação tardia ou ineficiente do condutor";"Colisão traseira";"Com Vítimas Feridas";"Plena Noite";"Decrescente";"Céu Claro";"Dupla";"Reta";"Sim";5;0;5;0;0;0;5;2;-19,82351202;-44,08438913;"SPRF-MG";"DEL01-MG";"UOP02-DEL01-MG"
456260;2022-04-18;"segunda-feira";"06:00:00";"RN";405;5;"MOSSORO";"Animais na Pista";"Atropelamento de Animal";"Com Vítimas Feridas";"Pleno dia";"Crescente";"Ignorado";"Simples";"Reta";"Não";1;0;0;1;0;0;1;1;-5,19500963;-37,38746904;"SPRF-RN";"DEL04-RN";"UOP02-DEL04-RN"
456261;2022-06-16;"quinta-feira";"21:20:00";"SP";116;283;"EMBU DAS ARTES";"Ingestão de álcool pelo condutor";"Saída de leito carroçável";"Sem Vítimas";"Plena Noite";"Decrescente";"Nublado";"Dupla";"Reta";"Não";2;0;0;0;2;0;0;1;-23,69297005;-46,86352786;"SPRF-SP";"DEL04-SP";"UOP01-DEL04-SP"
456262;2022-06-16;"quinta-feira";"19:40:00";"GO";60;375;"RIO VERDE";"Ausência de reação do condutor";"Saída de leito carroçável";"Com Vítimas Feridas";"Plena Noite";"Decrescente";"Ignorado";"Dupla";"Declive";"Não";1;0;0;1;0;0;1;1;-17,7251;-50,8623;"SPRF-GO";"DEL04-GO";"UOP01-DEL04-GO"
456263;2022-06-16;"quinta-feira";"20:40:00";"MG";40;787,8;"JUIZ DE FORA";"Ausência de reação do condutor";"Saída de leito carroçável";"Com Vítimas Feridas";"Plena Noite";"Decrescente";"Céu Claro";"Dupla";"Curva";"Não";1;0;0;1;0;0;1;1;-21,76312672;-43,44101429;"SPRF-MG";"DEL05-MG";"UOP01-DEL05-MG"
456264;2022-06-16;"quinta-feira";"19:10:00";"MG";262;96;"ABRE CAMPO";"Acessar a via sem observar a presença dos outros veículos";"Colisão transversal";"Com Vítimas Feridas";"Plena Noite";"Decrescente";"Céu Claro";"Simples";"Interseção de Vias";"Sim";4;0;1;1;1;1;2;3;-20,295544;-42,48012;"SPRF-MG";"DEL03-MG";"UOP03-DEL03-MG"
456266;2022-06-16;"quinta-feira";"20:50:00";"PR";277;72;"SAO JOSE DOS PINHAIS";"Ingestão de álcool pelo condutor";"Colisão traseira";"Com Vítimas Feridas";"Plena Noite";"Decrescente";"Nublado";"Dupla";"Reta";"Não";2;0;1;0;1;0;1;2;-25,52522628;-49,09755612;"SPRF-PR";"DEL01-PR";"UOP01-DEL01-PR"
456269;2022-06-16;"quinta-feira";"22:12:00";"PR";277;674,8;"MEDIANEIRA";"Ingestão de álcool pelo condutor";"Saída de leito carroçável";"Com Vítimas Feridas";"Plena Noite";"Decrescente";"Céu Claro";"Dupla";"Declive";"Sim";2;0;1;1;0;0;2;1;-25,29484117;-54,11509792;"SPRF-PR";"DEL05-PR";"UOP01-DEL05-PR"
456271;2022-06-16;"quinta-feira";"22:25:00";"SP";116;274,9;"EMBU DAS ARTES";"Entrada inopinada do pedestre";"Atropelamento de Pedestre";"Com Vítimas Feridas";"Plena Noite";"Decrescente";"Céu Claro";"Dupla";"Reta";"Sim";2;0;0;1;1;0;1;2;-23,63445084;-46,82418514;"SPRF-SP";"DEL04-SP";"UOP01-DEL04-SP"
456272;2022-06-16;"quinta-feira";"22:20:00";"RJ";116;125;"MAGE";"Velocidade Incompatível";"Colisão traseira";"Com Vítimas Feridas";"Plena Noite";"Decrescente";"Céu Claro";"Dupla";"Curva";"Sim";3;0;1;0;2;0;1;2;-22,66344256;-43,11618805;"SPRF-RJ";"DEL04-RJ";"UOP02-DEL04-RJ"
456273;2022-06-16;"quinta-feira";"20:10:00";"MT";70;54;"BARRA DO GARCAS";"Acostamento em desnível";"Saída de leito carroçável";"Com Vítimas Feridas";"Plena Noite";"Decrescente";"Céu Claro";"Simples";"Reta";"Não";2;0;2;0;0;0;2;1;-15,71763569;-52,64757802;"SPRF-MT";"DEL07-MT";"UOP01-DEL07-MT"
456274;2022-06-16;"quinta-feira";"22:40:00";"DF";80;24,9;"BRASILIA";"Condutor deixou de manter distância do veículo da frente";"Colisão traseira";"Com Vítimas Feridas";"Plena Noite";"Crescente";"Céu Claro";"Simples";"Aclive;Reta";"Não";2;0;1;0;0;1;1;2;-15,62274752;-48,19899559;"SPRF-DF";"DEL03-DF";"UOP02-DEL03-DF"
456276;2022-06-16;"quinta-feira";"21:20:00";"MT";163;1032;"PEIXOTO DE AZEVEDO";"Ingestão de álcool pelo condutor";"Colisão traseira";"Com Vítimas Feridas";"Plena Noite";"Crescente";"Céu Claro";"Simples";"Reta";"Não";4;0;1;0;3;0;1;2;-10,3429349;-55,04102846;"SPRF-MT";"DEL06-MT";"NPF/DEL06-MT"
456277;2022-06-16;"quinta-feira";"18:30:00";"MT";70;13;"BARRA DO GARCAS";"Deficiência do Sistema de Iluminação/Sinalização";"Colisão lateral mesmo sentido";"Com Vítimas Feridas";"Anoitecer";"Crescente";"Céu Claro";"Simples";"Declive;Reta";"Não";3;0;1;0;1;1;1;3;-15,8785066;-52,37092794;"SPRF-MT";"DEL07-MT";"UOP01-DEL07-MT"
456278;2022-06-16;"quinta-feira";"20:30:00";"MT";174;1;"PONTES E LACERDA";"Velocidade Incompatível";"Saída de leito carroçável";"Com Vítimas Feridas";"Plena Noite";"Decrescente";"Céu Claro";"Simples";"Rotatória";"Sim";1;0;0;1;0;0;1;1;-15,25257272;-59,32878435;"SPRF-MT";"DEL04-MT";"UOP01-DEL04-MT"
456280;2022-06-16;"quinta-feira";"22:00:00";"SC";470;7;"NAVEGANTES";"Animais na Pista";"Atropelamento de Animal";"Com Vítimas Feridas";"Plena Noite";"Decrescente";"Nublado";"Dupla";"Reta";"Não";2;0;1;0;1;0;1;2;-26,84499;-48,71505;"SPRF-SC";"DEL04-SC";"UOP04-DEL04-SC"
456281;2022-06-16;"quinta-feira";"16:30:00";"MG";116;522,9;"CARATINGA";"Animais na Pista";"Atropelamento de Animal";"Com Vítimas Fatais";"Pleno dia";"Crescente";"Céu Claro";"Simples";"Reta";"Sim";4;1;0;0;0;3;0;2;-19,7641476;-42,1321211;"SPRF-MG";"DEL06-MG";"UOP02-DEL06-MG"
456282;2022-06-16;"quinta-feira";"22:20:00";"MT";163;854;"SINOP";"Ingestão de álcool pelo condutor";"Capotamento";"Com Vítimas Feridas";"Plena Noite";"Decrescente";"Céu Claro";"Simples";"Reta";"Sim";1;0;1;0;0;0;1;1;-11,820672;-55,48465698;"SPRF-MT";"DEL06-MT";"NPF/DEL06-MT"
456283;2022-06-16;"quinta-feira";"23:50:00";"SP";116;228;"SAO PAULO";"Velocidade Incompatível";"Atropelamento de Pedestre";"Com Vítimas Feridas";"Plena Noite";"Crescente";"Nublado";"Múltipla";"Reta";"Sim";2;0;0;1;0;1;1;2;-23,50343484;-46,56638712;"SPRF-SP";"DEL01-SP";"UOP01-DEL01-SP"
456287;2022-06-16;"quinta-feira";"23:30:00";"PE";101;102,6;"CABO DE SANTO AGOSTINHO";"Entrada inopinada do pedestre";"Atropelamento de Pedestre";"Com Vítimas Fatais";"Plena Noite";"Crescente";"Garoa/Chuvisco";"Dupla";"Reta";"Não";2;1;0;0;0;1;0;2;-8,28368856;-35,05795866;"SPRF-PE";"DEL01-PE";"UOP03-DEL01-PE"
456288;2022-06-16;"quinta-feira";"23:50:00";"BA";324;599;"SIMOES FILHO";"Velocidade Incompatível";"Colisão traseira";"Com Vítimas Feridas";"Plena Noite";"Decrescente";"Céu Claro";"Múltipla";"Reta";"Sim";3;0;1;0;2;0;1;2;-12,74194511;-38,43853918;"SPRF-BA";"DEL01-BA";"UOP01-DEL01-BA"
456290;2022-06-16;"quinta-feira";"23:00:00";"PR";163;124,6;"REALEZA";"Condutor Dormindo";"Saída de leito carroçável";"Com Vítimas Feridas";"Plena Noite";"Decrescente";"Céu Claro";"Simples";"Reta;Declive";"Não";1;0;0;1;0;0;1;1;-25,59960009;-53,58643503;"SPRF-PR";"DEL02-PR";"UOP02-DEL02-PR"
456292;2022-06-16;"quinta-feira";"20:05:00";"PR";277;685;"SAO MIGUEL DO IGUACU";"Velocidade Incompatível";"Saída de leito carroçável";"Com Vítimas Feridas";"Plena Noite";"Decrescente";"Céu Claro";"Dupla";"Reta";"Não";1;0;0;1;0;0;1;1;-25,3350861;-54,207268;"SPRF-PR";"DEL05-PR";"UOP01-DEL05-PR"
456293;2022-06-16;"quinta-feira";"23:00:00";"RS";472;538;"URUGUAIANA";"Pista Escorregadia";"Saída de leito carroçável";"Com Vítimas Feridas";"Plena Noite";"Crescente";"Nevoeiro/Neblina";"Simples";"Reta";"Não";1;0;1;0;0;0;1;1;-29,52289052;-56,75253314;"SPRF-RS";"DEL13-RS";"UOP01-DEL13-RS"
456294;2022-06-17;"sexta-feira";"01:05:00";"RS";290;658;"URUGUAIANA";"Condutor Dormindo";"Saída de leito carroçável";"Com Vítimas Feridas";"Plena Noite";"Crescente";"Nevoeiro/Neblina";"Simples";"Reta";"Não";2;0;2;0;0;0;2;1;-30,001686;-56,499603;"SPRF-RS";"DEL13-RS";"UOP01-DEL13-RS"
456295;2022-06-17;"sexta-feira";"02:10:00";"RJ";116;179;"NOVA IGUACU";"Ausência de reação do condutor";"Colisão traseira";"Com Vítimas Feridas";"Plena Noite";"Decrescente";"Nublado";"Dupla";"Reta";"Sim";6;0;1;2;3;0;3;4;-22,769902;-43,408036;"SPRF-RJ";"DEL01-RJ";"UOP02-DEL01-RJ"
456297;2022-06-16;"quinta-feira";"19:00:00";"RO";364;715;"PORTO VELHO";"Pedestre andava na pista";"Atropelamento de Pedestre";"Com Vítimas Feridas";"Plena Noite";"Decrescente";"Céu Claro";"Múltipla";"Reta;Interseção de Vias";"Sim";2;0;0;2;0;0;2;2;-8,77957291;-63,89174213;"SPRF-RO";"DEL01-RO";"UOP01-DEL01-RO"
456299;2022-06-17;"sexta-feira";"03:40:00";"MT";364;396;"CUIABA";"Ingestão de álcool e/ou substâncias psicoativas pelo pedestre";"Saída de leito carroçável";"Sem Vítimas";"Plena Noite";"Decrescente";"Céu Claro";"Dupla";"Reta";"Não";1;0;0;0;1;0;0;1;-15,69004774;-55,90523988;"SPRF-MT";"DEL01-MT";"UOP02-DEL01-MT"
456300;2022-06-17;"sexta-feira";"04:50:00";"RS";392;78,8;"PELOTAS";"Chuva";"Colisão com objeto";"Sem Vítimas";"Plena Noite";"Crescente";"Chuva";"Simples";"Reta";"Não";1;0;0;0;1;0;0;1;-31,68713798;-52,43812999;"SPRF-RS";"DEL07-RS";"UOP01-DEL07-RS"
456301;2022-06-17;"sexta-feira";"02:00:00";"RO";364;307;"PRESIDENTE MEDICI";"Ausência de reação do condutor";"Colisão traseira";"Com Vítimas Feridas";"Plena Noite";"Crescente";"Céu Claro";"Simples";"Reta";"Sim";2;0;0;1;0;1;1;2;-11,181447;-61,90154;"SPRF-RO";"DEL02-RO";"UOP01-DEL02-RO"
456304;2022-06-17;"sexta-feira";"04:10:00";"CE";20;416,3;"MARACANAU";"Objeto estático sobre o leito carroçável";"Colisão com objeto";"Sem Vítimas";"Plena Noite";"Decrescente";"Nublado";"Dupla";"Reta;Em Obras;Declive";"Não";2;0;0;0;1;1;0;2;-3,83693814;-38,60599995;"SPRF-CE";"DEL01-CE";"UOP02-DEL01-CE"
456307;2022-06-17;"sexta-feira";"05:40:00";"SP";381;33;"ATIBAIA";"Animais na Pista";"Atropelamento de Animal";"Com Vítimas Feridas";"Amanhecer";"Decrescente";"Céu Claro";"Dupla";"Reta";"Não";4;0;2;0;2;0;2;2;-23,0728028;-46,56673562;"SPRF-SP";"DEL03-SP";"UOP01-DEL03-SP"
456308;2022-06-17;"sexta-feira";"04:45:00";"RJ";465;16,9;"NOVA IGUACU";"Ausência de reação do condutor";"Colisão lateral sentido oposto";"Sem Vítimas";"Plena Noite";"Decrescente";"Céu Claro";"Simples";"Reta";"Não";2;0;0;0;2;0;0;2;-22,815538;-43,624565;"SPRF-RJ";"DEL03-RJ";"UOP01-DEL03-RJ"
456309;2022-06-17;"sexta-feira";"05:40:00";"PR";277;10;"PARANAGUA";"Neblina";"Colisão com objeto";"Com Vítimas Feridas";"Amanhecer";"Decrescente";"Nevoeiro/Neblina";"Dupla";"Reta";"Não";1;0;1;0;0;0;1;1;-25,568198;-48,615292;"SPRF-PR";"DEL01-PR";"UOP05-DEL01-PR"
456310;2022-06-17;"sexta-feira";"07:16:00";"RS";116;525;"PELOTAS";"Ausência de reação do condutor";"Colisão traseira";"Com Vítimas Feridas";"Plena Noite";"Crescente";"Nevoeiro/Neblina";"Múltipla";"Reta";"Não";2;0;1;0;1;0;1;2;-31,7359522;-52,39349776;"SPRF-RS";"DEL07-RS";"UOP01-DEL07-RS"
456312;2022-06-16;"quinta-feira";"17:00:00";"GO";60;6;"ALEXANIA";"Ingestão de álcool pelo condutor";"Colisão com objeto";"Sem Vítimas";"Pleno dia";"Decrescente";"Céu Claro";"Dupla";"Curva";"Não";1;0;0;0;0;1;0;1;-16,094168;-48,517212;"SPRF-DF";"DEL03-DF";"UOP01-DEL03-DF"
456313;2022-06-17;"sexta-feira";"04:30:00";"PR";373;255;"PRUDENTOPOLIS";"Ingestão de álcool e/ou substâncias psicoativas pelo pedestre";"Saída de leito carroçável";"Sem Vítimas";"Plena Noite";"Decrescente";"Céu Claro";"Simples";"Reta";"Não";1;0;0;0;0;1;0;1;-25,19186902;-50,90229499;"SPRF-PR";"DEL03-PR";"UOP04-DEL03-PR"
456314;2022-06-17;"sexta-feira";"06:20:00";"RS";290;574;"ALEGRETE";"Ausência de sinalização";"Saída de leito carroçável";"Sem Vítimas";"Plena Noite";"Decrescente";"Chuva";"Dupla";"Interseção de Vias";"Não";2;0;0;0;2;0;0;1;-29,822521;-55,719505;"SPRF-RS";"DEL13-RS";"UOP02-DEL13-RS"
456315;2022-06-17;"sexta-feira";"07:00:00";"PR";116;2;"QUATRO BARRAS";"Mal súbito do condutor";"Colisão traseira";"Com Vítimas Feridas";"Amanhecer";"Crescente";"Céu Claro";"Dupla";"Reta";"Sim";2;0;0;2;0;0;2;2;-25,3562;-49,0677;"SPRF-PR";"DEL01-PR";"UOP02-DEL01-PR"
456316;2022-06-17;"sexta-feira";"07:30:00";"GO";60;123,5;"GOIANAPOLIS";"Ausência de reação do condutor";"Queda de ocupante de veículo";"Com Vítimas Feridas";"Pleno dia";"Decrescente";"Céu Claro";"Dupla";"Reta";"Não";1;0;1;0;0;0;1;1;-16,5184;-49,1242;"SPRF-GO";"DEL01-GO";"UOP01-DEL01-GO"
456317;2022-06-17;"sexta-feira";"06:50:00";"PE";101;8,9;"GOIANA";"Demais falhas mecânicas ou elétricas";"Saída de leito carroçável";"Com Vítimas Feridas";"Pleno dia";"Crescente";"Céu Claro";"Dupla";"Reta";"Não";2;0;1;0;1;0;1;1;-7,56898134;-34,98959891;"SPRF-PE";"DEL01-PE";"UOP02-DEL01-PE"
456318;2022-06-17;"sexta-feira";"07:40:00";"CE";222;2;"FORTALEZA";"Condutor desrespeitou a iluminação vermelha do semáforo";"Colisão transversal";"Com Vítimas Feridas";"Pleno dia";"Decrescente";"Céu Claro";"Dupla";"Reta";"Sim";4;0;1;1;1;1;2;3;-3,73911117;-38,58687498;"SPRF-CE";"DEL01-CE";"UOP01-DEL01-CE"
456319;2022-06-17;"sexta-feira";"07:40:00";"PR";116;116;"CURITIBA";"Reação tardia ou ineficiente do condutor";"Colisão traseira";"Com Vítimas Feridas";"Pleno dia";"Decrescente";"Céu Claro";"Múltipla";"Reta";"Sim";2;0;1;0;1;0;1;2;-25,54980793;-49,30433393;"SPRF-PR";"DEL01-PR";"UOP06-DEL01-PR"
456320;2022-06-17;"sexta-feira";"08:20:00";"BA";110;342;"ALAGOINHAS";"Acessar a via sem observar a presença dos outros veículos";"Colisão transversal";"Com Vítimas Feridas";"Pleno dia";"Crescente";"Céu Claro";"Simples";"Interseção de Vias";"Sim";2;0;1;0;1;0;1;2;-12,23369001;-38,41224688;"SPRF-BA";"DEL01-BA";"UOP04-DEL01-BA"
456321;2022-06-17;"sexta-feira";"08:00:00";"RJ";116;197;"QUEIMADOS";"Reação tardia ou ineficiente do condutor";"Colisão com objeto";"Com Vítimas Feridas";"Pleno dia";"Crescente";"Céu Claro";"Múltipla";"Curva";"Não";3;0;1;0;2;0;1;1;-22,73154039;-43,61812592;"SPRF-RJ";"DEL01-RJ";"UOP02-DEL01-RJ"
456324;2022-06-17;"sexta-feira";"08:50:00";"SC";101;210;"SAO JOSE";"Reação tardia ou ineficiente do condutor";"Capotamento";"Com Vítimas Feridas";"Pleno dia";"Crescente";"Céu Claro";"Múltipla";"Reta";"Sim";2;0;1;0;1;0;1;2;-27,6167305;-48,6457265;"SPRF-SC";"DEL01-SC";"UOP01-DEL01-SC"
456325;2022-04-24;"domingo";"21:20:00";"PA";230;122;"MARABA";"Desrespeitar a preferência no cruzamento";"Colisão transversal";"Sem Vítimas";"Plena Noite";"Decrescente";"Céu Claro";"Dupla";"Reta";"Sim";3;0;0;0;3;0;0;2;-5,36137537;-49,12376139;"SPRF-PA";"DEL03-PA";"UOP01-DEL03-PA"
456326;2022-06-17;"sexta-feira";"08:30:00";"RS";285;452,8;"IJUI";"Acumulo de água sobre o pavimento";"Saída de leito carroçável";"Com Vítimas Feridas";"Pleno dia";"Crescente";"Chuva";"Simples";"Reta";"Não";2;0;2;0;0;0;2;1;-28,37474978;-53,86214733;"SPRF-RS";"DEL10-RS";"UOP01-DEL10-RS"
456327;2022-06-17;"sexta-feira";"08:03:00";"RO";364;15;"VILHENA";"Desrespeitar a preferência no cruzamento";"Colisão transversal";"Com Vítimas Feridas";"Pleno dia";"Crescente";"Céu Claro";"Simples";"Interseção de Vias";"Sim";2;0;1;0;1;0;1;2;-12,73672751;-60,14804088;"SPRF-RO";"DEL04-RO";"UOP01-DEL04-RO"
456328;2022-06-17;"sexta-feira";"09:20:00";"CE";20;427;"FORTALEZA";"Demais falhas mecânicas ou elétricas";"Colisão lateral mesmo sentido";"Com Vítimas Feridas";"Pleno dia";"Decrescente";"Céu Claro";"Dupla";"Reta";"Sim";3;0;0;2;1;0;2;2;-3,86598556;-38,51497114;"SPRF-CE";"DEL01-CE";"UOP02-DEL01-CE"
456329;2022-06-17;"sexta-feira";"09:00:00";"RS";101;2;"TORRES";"Reação tardia ou ineficiente do condutor";"Colisão com objeto";"Com Vítimas Feridas";"Pleno dia";"Crescente";"Chuva";"Dupla";"Curva";"Sim";1;0;1;0;0;0;1;1;-29,34105776;-49,78584432;"SPRF-RS";"DEL03-RS";"UOP02-DEL03-RS"
456330;2022-06-17;"sexta-feira";"10:00:00";"RJ";101;96;"CAMPOS DOS GOYTACAZES";"Condutor Dormindo";"Colisão com objeto";"Com Vítimas Feridas";"Pleno dia";"Decrescente";"Céu Claro";"Dupla";"Reta";"Não";4;0;3;0;1;0;3;1;-21,86900633;-41,5591979;"SPRF-RJ";"DEL08-RJ";"UOP02-DEL08-RJ"
456332;2022-06-17;"sexta-feira";"05:20:00";"BA";101;754;"ITABELA";"Animais na Pista";"Atropelamento de Animal";"Com Vítimas Fatais";"Amanhecer";"Decrescente";"Nublado";"Simples";"Reta";"Não";2;1;0;1;0;0;1;1;-16,79151867;-39,48020926;"SPRF-BA";"DEL09-BA";"UOP01-DEL09-BA"
456334;2022-06-17;"sexta-feira";"10:28:00";"RJ";393;279,9;"BARRA DO PIRAI";"Condutor deixou de manter distância do veículo da frente";"Colisão traseira";"Sem Vítimas";"Pleno dia";"Crescente";"Céu Claro";"Simples";"Reta";"Sim";5;0;0;0;5;0;0;2;-22,47615736;-44,00889998;"SPRF-RJ";"DEL05-RJ";"UOP04-DEL05-RJ"
456336;2022-06-17;"sexta-feira";"07:50:00";"RS";101;69;"MAQUINE";"Condutor Dormindo";"Saída de leito carroçável";"Com Vítimas Feridas";"Pleno dia";"Crescente";"Chuva";"Dupla";"Reta;Túnel";"Não";2;0;2;0;0;0;2;1;-29,73069437;-50,20339966;"SPRF-RS";"DEL03-RS";"UOP01-DEL03-RS"
456337;2022-06-13;"segunda-feira";"22:25:00";"ES";259;43,5;"COLATINA";"Demais falhas mecânicas ou elétricas";"Incêndio";"Sem Vítimas";"Plena Noite";"Crescente";"Céu Claro";"Simples";"Reta";"Não";1;0;0;0;1;0;0;1;-19,54162011;-40,56859824;"SPRF-ES";"DEL02-ES";"UOP01-DEL02-ES"
456338;2022-06-16;"quinta-feira";"06:10:00";"SC";282;222,4;"LAGES";"Ingestão de álcool pelo condutor";"Saída de leito carroçável";"Com Vítimas Feridas";"Amanhecer";"Decrescente";"Céu Claro";"Simples";"Declive;Reta";"Não";1;0;1;0;0;0;1;1;-27,7970021;-50,34828186;"SPRF-SC";"DEL05-SC";"UOP01-DEL05-SC"
456340;2022-06-17;"sexta-feira";"11:45:00";"TO";226;1;"AGUIARNOPOLIS";"Ultrapassagem Indevida";"Colisão frontal";"Com Vítimas Feridas";"Pleno dia";"Crescente";"Céu Claro";"Simples";"Reta";"Sim";2;0;0;1;1;0;1;2;-6,561846;-47,467415;"SPRF-TO";"DEL02-TO";"UOP03-DEL02-TO"
456341;2022-06-17;"sexta-feira";"10:50:00";"RR";174;504;"BOA VISTA";"Condutor deixou de manter distância do veículo da frente";"Engavetamento";"Sem Vítimas";"Pleno dia";"Crescente";"Nublado";"Dupla";"Reta";"Sim";4;0;0;0;4;0;0;3;2,801374;-60,694801;"SPRF-RR";"DEL01-RR";"UOP01-DEL01-RR"
456342;2022-03-09;"quarta-feira";"16:20:00";"BA";30;758;"AURELINO LEAL";"Falta de acostamento";"Queda de ocupante de veículo";"Com Vítimas Feridas";"Pleno dia";"Decrescente";"Ignorado";"Simples";"Reta";"Não";1;0;1;0;0;0;1;1;-14,36807458;-39,68169987;"SPRF-BA";"DEL05-BA";"UOP01-DEL05-BA"
456344;2022-06-17;"sexta-feira";"12:50:00";"AL";101;137,4;"SAO MIGUEL DOS CAMPOS";"Acessar a via sem observar a presença dos outros veículos";"Colisão transversal";"Com Vítimas Feridas";"Pleno dia";"Decrescente";"Garoa/Chuvisco";"Simples";"Reta";"Sim";3;0;1;0;2;0;1;2;-9,80260488;-36,11277021;"SPRF-AL";"DEL02-AL";"UOP01-DEL02-AL"
456348;2022-06-17;"sexta-feira";"13:05:00";"PR";476;140,8;"CURITIBA";"Reação tardia ou ineficiente do condutor";"Colisão traseira";"Com Vítimas Feridas";"Pleno dia";"Crescente";"Céu Claro";"Múltipla";"Reta";"Sim";2;0;2;0;0;0;2;2;-25,52599357;-49,29744601;"SPRF-PR";"DEL01-PR";"UOP03-DEL01-PR"
456349;2022-06-17;"sexta-feira";"13:20:00";"PR";369;172;"ROLANDIA";"Reação tardia ou ineficiente do condutor";"Colisão transversal";"Com Vítimas Feridas";"Pleno dia";"Decrescente";"Céu Claro";"Simples";"Reta";"Sim";2;0;1;0;1;0;1;2;-23,3063239;-51,3633445;"SPRF-PR";"DEL07-PR";"UOP01-DEL07-PR"
456350;2022-06-17;"sexta-feira";"11:50:00";"SC";101;88;"BARRA VELHA";"Avarias e/ou desgaste excessivo no pneu";"Queda de ocupante de veículo";"Com Vítimas Feridas";"Pleno dia";"Crescente";"Sol";"Múltipla";"Reta";"Sim";2;0;2;0;0;0;2;1;-26,64253985;-48,68950684;"SPRF-SC";"DEL03-SC";"UOP02-DEL03-SC"
456351;2022-06-17;"sexta-feira";"13:30:00";"RS";287;248;"SANTA MARIA";"Acesso irregular";"Colisão transversal";"Sem Vítimas";"Pleno dia";"Decrescente";"Chuva";"Dupla";"Reta";"Sim";4;0;0;0;4;0;0;2;-29,69529365;-53,85603374;"SPRF-RS";"DEL09-RS";"UOP01-DEL09-RS"
456352;2022-06-17;"sexta-feira";"12:00:00";"MA";316;420;"PERITORO";"Frear bruscamente";"Capotamento";"Com Vítimas Feridas";"Pleno dia";"Crescente";"Céu Claro";"Simples";"Reta";"Não";1;0;1;0;0;0;1;1;-4,351473;-44,371437;"SPRF-MA";"DEL03-MA";"UOP01-DEL03-MA"
456354;2022-06-17;"sexta-feira";"12:45:00";"RO";319;63,4;"PORTO VELHO";"Condutor desrespeitou a iluminação vermelha do semáforo";"Colisão transversal";"Com Vítimas Feridas";"Pleno dia";"Crescente";"Céu Claro";"Dupla";"Interseção de Vias";"Sim";3;0;1;0;2;0;1;2;-8,766685;-63,884052;"SPRF-RO";"DEL01-RO";"UOP01-DEL01-RO"
456356;2022-02-25;"sexta-feira";"18:15:00";"RJ";101;567;"PARATY";"Pedestre andava na pista";"Atropelamento de Pedestre";"Com Vítimas Fatais";"Anoitecer";"Crescente";"Céu Claro";"Simples";"Reta";"Não";2;1;0;0;0;1;0;2;-23,16136405;-44,70942172;"SPRF-RJ";"DEL03-RJ";"UOP04-DEL03-RJ"
456357;2022-06-17;"sexta-feira";"13:20:00";"SC";280;236,4;"CANOINHAS";"Reação tardia ou ineficiente do condutor";"Colisão traseira";"Com Vítimas Feridas";"Pleno dia";"Crescente";"Chuva";"Simples";"Reta";"Sim";3;0;1;0;2;0;1;2;-26,196;-50,425;"SPRF-SC";"DEL06-SC";"UOP04-DEL06-SC"