"id";"data_inversa";"dia_semana";"horario";"uf";"br";"km";"municipio";"causa_acidente";"tipo_acidente";"classificacao_acidente";"fase_dia";"sentido_via";"condicao_metereologica";"tipo_pista";"tracado_via";"uso_solo";"pessoas";"mortos";"feridos_leves";"feridos_graves";"ilesos";"ignorados";"feridos";"veiculos";"latitude";"longitude";"regional";"delegacia";"uop"
456465;2022-06-18;"sábado";"05:00:00";"PR";376;432,3;"TIBAGI";"Condutor Dormindo";"Saída de leito carroçável";"Com Vítimas Feridas";"Plena Noite";"Crescente";"Nublado";"Dupla";"Curva";"Não";1;0;1;0;0;0;1;1;-24,75487922;-50,53511381;"SPRF-PR";"DEL03-PR";"UOP02-DEL03-PR"
456466;2022-06-18;"sábado";"04:50:00";"BA";116;400;"SANTA BARBARA";"Transitar na contramão";"Colisão frontal";"Com Vítimas Feridas";"Plena Noite";"Crescente";"Nevoeiro/Neblina";"Simples";"Reta;Declive";"Não";2;0;0;1;1;0;1;2;-12,031168;-38,970736;"SPRF-BA";"DEL02-BA";"UOP01-DEL02-BA"
456467;2022-06-18;"sábado";"05:00:00";"MT";70;1;"BARRA DO GARCAS";"Ingestão de álcool pelo condutor";"Colisão com objeto";"Com Vítimas Feridas";"Amanhecer";"Crescente";"Céu Claro";"Simples";"Reta";"Sim";1;0;1;0;0;0;1;1;-15,89164596;-52,26202884;"SPRF-MT";"DEL07-MT";"UOP01-DEL07-MT"
456468;2022-06-18;"sábado";"03:00:00";"RJ";116;77;"TERESOPOLIS";"Acessar a via sem observar a presença dos outros veículos";"Colisão lateral sentido oposto";"Com Vítimas Feridas";"Plena Noite";"Decrescente";"Nublado";"Simples";"Reta";"Sim";3;0;0;2;1;0;2;2;-22,36917806;-42,94876879;"SPRF-RJ";"DEL04-RJ";"UOP01-DEL04-RJ"
456469;2022-06-18;"sábado";"06:00:00";"RS";386;352,9;"ESTRELA";"Acessar a via sem observar a presença dos outros veículos";"Colisão frontal";"Com Vítimas Fatais";"Plena Noite";"Crescente";"Céu Claro";"Dupla";"Reta";"Sim";2;1;0;0;1;0;0;2;-29,500067;-51,949615;"SPRF-RS";"DEL04-RS";"UOP02-DEL04-RS"
456470;2022-06-18;"sábado";"05:30:00";"RS";116;311,3;"GUAIBA";"Ingestão de substâncias psicoativas pelo condutor";"Saída de leito carroçável";"Sem Vítimas";"Plena Noite";"Decrescente";"Céu Claro";"Simples";"Reta";"Não";2;0;0;0;2;0;0;1;-30,20958794;-51,40329114;"SPRF-RS";"DEL02-RS";"UOP01-DEL02-RS"
456471;2022-06-18;"sábado";"05:11:00";"PE";424;74;"CAETES";"Ausência de reação do condutor";"Queda de ocupante de veículo";"Com Vítimas Feridas";"Pleno dia";"Crescente";"Céu Claro";"Simples";"Reta";"Não";3;0;2;0;0;1;2;2;-8,79968991;-36,59105994;"SPRF-PE";"DEL03-PE";"UOP01-DEL03-PE"
456472;2022-06-18;"sábado";"04:20:00";"RJ";40;105;"DUQUE DE CAXIAS";"Pedestre andava na pista";"Atropelamento de Pedestre";"Com Vítimas Feridas";"Plena Noite";"Decrescente";"Céu Claro";"Múltipla";"Reta";"Sim";3;0;2;1;0;0;3;2;-22,63779813;-43,28396559;"SPRF-RJ";"DEL01-RJ";"UOP01-DEL01-RJ"
456475;2022-06-18;"sábado";"01:00:00";"SC";470;48,2;"BLUMENAU";"Ausência de reação do condutor";"Colisão com objeto";"Sem Vítimas";"Plena Noite";"Crescente";"Nublado";"Simples";"Reta";"Não";1;0;0;0;0;1;0;1;-26,859823;-49,055393;"SPRF-SC";"DEL04-SC";"UOP01-DEL04-SC"
456476;2022-06-18;"sábado";"06:50:00";"RS";386;136,8;"SARANDI";"Demais falhas mecânicas ou elétricas";"Incêndio";"Sem Vítimas";"Amanhecer";"Crescente";"Céu Claro";"Simples";"Reta";"Sim";1;0;0;0;1;0;0;1;-27,9676639;-52,90780663;"SPRF-RS";"DEL08-RS";"UOP01-DEL08-RS"
456477;2022-06-18;"sábado";"02:40:00";"SC";116;60,8;"PAPANDUVA";"Velocidade Incompatível";"Saída de leito carroçável";"Sem Vítimas";"Plena Noite";"Decrescente";"Nublado";"Simples";"Reta";"Não";3;0;0;0;2;1;0;1;-26,38296807;-50,21675059;"SPRF-SC";"DEL06-SC";"UOP02-DEL06-SC"
456479;2022-06-18;"sábado";"05:10:00";"PA";316;19;"BENEVIDES";"Transitar no acostamento";"Colisão traseira";"Com Vítimas Fatais";"Plena Noite";"Crescente";"Céu Claro";"Dupla";"Em Obras;Reta";"Sim";2;1;0;0;0;1;0;2;-1,3643691;-48,27914227;"SPRF-PA";"DEL01-PA";"UOP01-DEL01-PA"
456480;2022-06-18;"sábado";"06:00:00";"PR";116;126;"FAZENDA RIO GRANDE";"Ingestão de álcool pelo condutor";"Colisão transversal";"Com Vítimas Feridas";"Amanhecer";"Decrescente";"Céu Claro";"Múltipla";"Interseção de Vias";"Sim";2;0;1;0;1;0;1;2;-25,60389895;-49,31824423;"SPRF-PR";"DEL01-PR";"UOP03-DEL01-PR"
456482;2022-06-18;"sábado";"07:25:00";"RN";101;81;"NATAL";"Manobra de mudança de faixa";"Colisão transversal";"Com Vítimas Feridas";"Pleno dia";"Decrescente";"Céu Claro";"Dupla";"Curva";"Sim";3;0;2;0;1;0;2;2;-5,76469466;-35,28295988;"SPRF-RN";"DEL02-RN";"UOP01-DEL02-RN"
456483;2022-06-18;"sábado";"05:00:00";"RJ";356;16;"ITAPERUNA";"Condutor Dormindo";"Saída de leito carroçável";"Com Vítimas Feridas";"Pleno dia";"Decrescente";"Nevoeiro/Neblina";"Simples";"Reta";"Não";5;0;5;0;0;0;5;1;-21,17841194;-42,048441;"SPRF-RJ";"DEL08-RJ";"UOP03-DEL08-RJ"
456484;2022-06-18;"sábado";"07:30:00";"SP";116;228;"SAO PAULO";"Avarias e/ou desgaste excessivo no pneu";"Queda de ocupante de veículo";"Com Vítimas Feridas";"Pleno dia";"Decrescente";"Nublado";"Dupla";"Reta";"Não";2;0;2;0;0;0;2;1;-23,50343484;-46,56638712;"SPRF-SP";"DEL01-SP";"UOP01-DEL01-SP"
456485;2022-06-18;"sábado";"07:30:00";"ES";101;145,9;"LINHARES";"Condutor deixou de manter distância do veículo da frente";"Colisão traseira";"Com Vítimas Feridas";"Pleno dia";"Crescente";"Céu Claro";"Dupla";"Reta";"Sim";2;0;2;0;0;0;2;2;-19,36089598;-40,06464018;"SPRF-ES";"DEL04-ES";"UOP01-DEL04-ES"
456487;2022-06-17;"sexta-feira";"19:30:00";"RJ";116;94;"GUAPIMIRIM";"Reação tardia ou ineficiente do condutor";"Tombamento";"Com Vítimas Feridas";"Plena Noite";"Crescente";"Céu Claro";"Simples";"Curva";"Não";2;0;1;0;1;0;1;1;-22,46643519;-43,00088701;"SPRF-RJ";"DEL04-RJ";"UOP01-DEL04-RJ"
456488;2022-06-18;"sábado";"03:00:00";"RJ";40;77;"PETROPOLIS";"Transitar na contramão";"Colisão lateral sentido oposto";"Com Vítimas Feridas";"Plena Noite";"Crescente";"Céu Claro";"Simples";"Curva";"Não";2;0;1;0;1;0;1;2;-22,48005592;-43,23543994;"SPRF-RJ";"DEL06-RJ";"UOP01-DEL06-RJ"
456489;2022-06-18;"sábado";"07:55:00";"SC";282;35;"AGUAS MORNAS";"Reação tardia ou ineficiente do condutor";"Colisão lateral mesmo sentido";"Sem Vítimas";"Pleno dia";"Crescente";"Céu Claro";"Simples";"Curva";"Sim";2;0;0;0;2;0;0;2;-27,702084;-48,826664;"SPRF-SC";"DEL01-SC";"UOP03-DEL01-SC"
456490;2022-06-18;"sábado";"08:27:00";"GO";60;234;"INDIARA";"Velocidade Incompatível";"Colisão com objeto";"Com Vítimas Feridas";"Pleno dia";"Decrescente";"Céu Claro";"Dupla";"Reta";"Não";1;0;0;1;0;0;1;1;-17,0757;-49,8215;"SPRF-GO";"DEL01-GO";"UOP02-DEL01-GO"
456491;2022-06-06;"segunda-feira";"15:50:00";"PE";101;51;"ABREU E LIMA";"Chuva";"Colisão traseira";"Com Vítimas Feridas";"Pleno dia";"Crescente";"Chuva";"Dupla";"Reta";"Sim";2;0;1;0;1;0;1;2;-7,9169968;-34,89689272;"SPRF-PE";"DEL01-PE";"UOP02-DEL01-PE"
456492;2022-06-18;"sábado";"06:50:00";"PR";369;185,1;"ARAPONGAS";"Ausência de reação do condutor";"Colisão lateral mesmo sentido";"Com Vítimas Feridas";"Amanhecer";"Crescente";"Céu Claro";"Simples";"Interseção de Vias";"Sim";2;0;2;0;0;0;2;2;-23,40415506;-51,42968282;"SPRF-PR";"DEL07-PR";"UOP03-DEL07-PR"
456493;2022-06-17;"sexta-feira";"21:30:00";"RJ";116;92;"GUAPIMIRIM";"Reação tardia ou ineficiente do condutor";"Colisão com objeto";"Com Vítimas Feridas";"Plena Noite";"Decrescente";"Nublado";"Simples";"Curva";"Não";1;0;1;0;0;0;1;1;-22,46152095;-42,98311201;"SPRF-RJ";"DEL04-RJ";"UOP01-DEL04-RJ"
456494;2022-06-18;"sábado";"07:30:00";"PE";408;63;"CARPINA";"Condutor deixou de manter distância do veículo da frente";"Colisão traseira";"Com Vítimas Feridas";"Pleno dia";"Decrescente";"Céu Claro";"Simples";"Reta";"Sim";2;0;1;0;1;0;1;2;-7,840157;-35,240342;"SPRF-PE";"DEL01-PE";"UOP01-DEL01-PE"
456495;2022-06-18;"sábado";"08:26:00";"ES";101;146,7;"LINHARES";"Acessar a via sem observar a presença dos outros veículos";"Colisão lateral mesmo sentido";"Com Vítimas Feridas";"Pleno dia";"Decrescente";"Céu Claro";"Dupla";"Interseção de Vias";"Sim";2;0;1;0;1;0;1;2;-19,36990998;-40,06560718;"SPRF-ES";"DEL04-ES";"UOP01-DEL04-ES"
456496;2022-06-18;"sábado";"09:15:00";"GO";60;54;"ABADIANIA";"Ausência de reação do condutor";"Colisão com objeto";"Com Vítimas Feridas";"Pleno dia";"Crescente";"Céu Claro";"Dupla";"Reta;Aclive";"Não";1;0;0;1;0;0;1;1;-16,1817;-48,6533;"SPRF-GO";"DEL02-GO";"UOP01-DEL02-GO"
456497;2022-06-18;"sábado";"07:34:00";"PE";104;29;"TORITAMA";"Transitar na contramão";"Colisão frontal";"Com Vítimas Feridas";"Pleno dia";"Decrescente";"Céu Claro";"Simples";"Reta";"Sim";2;0;0;1;0;1;1;2;-8,0078;-36,0621;"SPRF-PE";"DEL02-PE";"UOP01-DEL02-PE"
456498;2022-06-18;"sábado";"08:25:00";"MS";376;117;"IVINHEMA";"Ausência de reação do condutor";"Colisão traseira";"Com Vítimas Feridas";"Pleno dia";"Decrescente";"Céu Claro";"Simples";"Reta";"Sim";4;0;2;0;0;2;2;2;-22,317326;-53,817576;"SPRF-MS";"DEL04-MS";"UOP04-DEL04-MS"
456499;2022-06-18;"sábado";"09:35:00";"SC";101;12,8;"GARUVA";"Velocidade Incompatível";"Tombamento";"Com Vítimas Feridas";"Pleno dia";"Decrescente";"Céu Claro";"Dupla";"Curva";"Não";1;0;1;0;0;0;1;1;-26,08104399;-48,86175612;"SPRF-SC";"DEL03-SC";"UOP01-DEL03-SC"
456500;2022-06-18;"sábado";"08:55:00";"MT";158;794;"BARRA DO GARCAS";"Acumulo de areia ou detritos sobre o pavimento";"Colisão com objeto";"Sem Vítimas";"Pleno dia";"Crescente";"Céu Claro";"Simples";"Curva";"Não";3;0;0;0;3;0;0;1;-15,85728352;-52,31004953;"SPRF-MT";"DEL07-MT";"UOP01-DEL07-MT"
456501;2022-06-18;"sábado";"09:40:00";"PR";376;176,5;"MARINGA";"Reação tardia ou ineficiente do condutor";"Queda de ocupante de veículo";"Com Vítimas Feridas";"Pleno dia";"Crescente";"Céu Claro";"Dupla";"Aclive";"Sim";1;0;1;0;0;0;1;1;-23,41117332;-51,93655729;"SPRF-PR";"DEL09-PR";"UOP01-DEL09-PR"
456502;2022-06-18;"sábado";"09:30:00";"ES";262;183,6;"IRUPI";"Ultrapassagem Indevida";"Colisão frontal";"Com Vítimas Fatais";"Pleno dia";"Decrescente";"Céu Claro";"Simples";"Curva;Aclive";"Não";5;1;0;4;0;0;4;2;-20,295382;-41,707237;"SPRF-ES";"DEL01-ES";"UOP02-DEL01-ES"
456507;2022-06-18;"sábado";"09:40:00";"GO";40;11,9;"LUZIANIA";"Acessar a via sem observar a presença dos outros veículos";"Colisão transversal";"Com Vítimas Feridas";"Pleno dia";"Crescente";"Céu Claro";"Dupla";"Reta;Retorno Regulamentado";"Sim";3;0;1;0;2;0;1;2;-16,138336;-47,951644;"SPRF-DF";"DEL01-DF";"UOP01-DEL01-DF"
456510;2022-06-18;"sábado";"10:00:00";"RS";116;263;"CANOAS";"Desrespeitar a preferência no cruzamento";"Colisão lateral mesmo sentido";"Com Vítimas Feridas";"Pleno dia";"Crescente";"Nublado";"Múltipla";"Reta";"Sim";3;0;1;0;2;0;1;3;-29,90545398;-51,17674031;"SPRF-RS";"DEL01-RS";"UOP01-DEL01-RS"
456512;2022-06-18;"sábado";"10:20:00";"GO";40;9,6;"LUZIANIA";"Entrada inopinada do pedestre";"Atropelamento de Pedestre";"Com Vítimas Feridas";"Pleno dia";"Crescente";"Céu Claro";"Dupla";"Reta";"Sim";3;0;2;0;0;1;2;2;-16,131158;-47,957739;"SPRF-DF";"DEL01-DF";"UOP01-DEL01-DF"
456514;2022-06-18;"sábado";"11:00:00";"RJ";40;108;"DUQUE DE CAXIAS";"Reação tardia ou ineficiente do condutor";"Colisão traseira";"Com Vítimas Feridas";"Pleno dia";"Crescente";"Céu Claro";"Múltipla";"Reta";"Sim";2;0;1;0;1;0;1;2;-22,66476979;-43,28495144;"SPRF-RJ";"DEL01-RJ";"UOP01-DEL01-RJ"
456517;2022-06-18;"sábado";"10:00:00";"RJ";101;410;"ITAGUAI";"Ingestão de álcool pelo condutor";"Capotamento";"Com Vítimas Feridas";"Pleno dia";"Crescente";"Nublado";"Dupla";"Reta";"Sim";1;0;1;0;0;0;1;1;-22,88990471;-43,84007225;"SPRF-RJ";"DEL03-RJ";"UOP01-DEL03-RJ"
456520;2022-06-18;"sábado";"11:47:00";"SP";116;326;"JUQUITIBA";"Pista Escorregadia";"Saída de leito carroçável";"Com Vítimas Feridas";"Pleno dia";"Decrescente";"Garoa/Chuvisco";"Dupla";"Curva";"Não";2;0;1;0;1;0;1;1;-23,937509;-47,064441;"SPRF-SP";"DEL04-SP";"UOP01-DEL04-SP"
456521;2022-06-18;"sábado";"11:30:00";"PR";277;589,1;"CASCAVEL";"Condutor deixou de manter distância do veículo da frente";"Engavetamento";"Sem Vítimas";"Pleno dia";"Crescente";"Céu Claro";"Simples";"Reta;Aclive";"Sim";3;0;0;0;3;0;0;3;-24,97369293;-53,43816604;"SPRF-PR";"DEL04-PR";"UOP01-DEL04-PR"
456522;2022-06-18;"sábado";"11:15:00";"MT";158;794;"BARRA DO GARCAS";"Velocidade Incompatível";"Capotamento";"Com Vítimas Feridas";"Pleno dia";"Decrescente";"Céu Claro";"Simples";"Curva";"Não";1;0;1;0;0;0;1;1;-15,85742032;-52,31382782;"SPRF-MT";"DEL07-MT";"UOP01-DEL07-MT"
456524;2022-06-18;"sábado";"11:20:00";"MT";163;834;"SINOP";"Acessar a via sem observar a presença dos outros veículos";"Colisão transversal";"Com Vítimas Feridas";"Pleno dia";"Decrescente";"Céu Claro";"Simples";"Reta";"Sim";2;0;1;0;1;0;1;2;-11,86601614;-55,49661895;"SPRF-MT";"DEL06-MT";"UOP01-DEL06-MT"
456529;2022-06-18;"sábado";"12:00:00";"ES";262;45,5;"MARECHAL FLORIANO";"Condutor deixou de manter distância do veículo da frente";"Colisão traseira";"Com Vítimas Feridas";"Pleno dia";"Crescente";"Céu Claro";"Simples";"Declive";"Sim";4;0;1;0;2;1;1;3;-20,40565705;-40,67280081;"SPRF-ES";"DEL01-ES";"UOP01-DEL01-ES"
456530;2022-06-18;"sábado";"12:50:00";"SP";116;63;"GUARATINGUETA";"Reação tardia ou ineficiente do condutor";"Tombamento";"Com Vítimas Feridas";"Pleno dia";"Crescente";"Céu Claro";"Dupla";"Reta";"Sim";2;0;2;0;0;0;2;1;-22,81269631;-45,1780086;"SPRF-SP";"DEL08-SP";"UOP01-DEL08-SP"
456531;2022-06-18;"sábado";"13:00:00";"SP";116;426;"JUQUIA";"Reação tardia ou ineficiente do condutor";"Colisão traseira";"Com Vítimas Feridas";"Pleno dia";"Decrescente";"Garoa/Chuvisco";"Dupla";"Reta";"Não";3;0;1;0;2;0;1;2;-24,38735659;-47,7169352;"SPRF-SP";"DEL05-SP";"UOP01-DEL05-SP"
456532;2022-06-18;"sábado";"12:50:00";"PE";101;48;"ABREU E LIMA";"Acessar a via sem observar a presença dos outros veículos";"Colisão transversal";"Com Vítimas Feridas";"Pleno dia";"Crescente";"Céu Claro";"Múltipla";"Reta";"Sim";2;0;2;0;0;0;2;2;-7,888461;-34,904164;"SPRF-PE";"DEL01-PE";"UOP02-DEL01-PE"
456533;2022-06-18;"sábado";"13:05:00";"SP";116;270,8;"TABOAO DA SERRA";"Reação tardia ou ineficiente do condutor";"Queda de ocupante de veículo";"Com Vítimas Feridas";"Pleno dia";"Crescente";"Nublado";"Múltipla";"Reta";"Sim";2;0;1;0;1;0;1;2;-23,61809286;-46,80556302;"SPRF-SP";"DEL04-SP";"UOP01-DEL04-SP"
456535;2022-06-18;"sábado";"13:30:00";"ES";101;262,2;"SERRA";"Reação tardia ou ineficiente do condutor";"Queda de ocupante de veículo";"Com Vítimas Feridas";"Pleno dia";"Decrescente";"Céu Claro";"Múltipla";"Reta";"Sim";1;0;1;0;0;0;1;1;-20,1572331;-40,27678329;"SPRF-ES";"DEL02-ES";"UOP01-DEL02-ES"
456536;2022-06-18;"sábado";"12:30:00";"SC";101;159;"PORTO BELO";"Velocidade Incompatível";"Colisão traseira";"Sem Vítimas";"Pleno dia";"Decrescente";"Céu Claro";"Dupla";"Reta";"Não";4;0;0;0;4;0;0;3;-27,1998778;-48,61534236;"SPRF-SC";"DEL04-SC";"UOP03-DEL04-SC"
456537;2022-06-18;"sábado";"13:40:00";"MG";40;789,2;"JUIZ DE FORA";"Manobra de mudança de faixa";"Colisão lateral mesmo sentido";"Com Vítimas Feridas";"Pleno dia";"Crescente";"Céu Claro";"Dupla";"Reta";"Não";2;0;1;0;1;0;1;2;-21,75969297;-43,44077628;"SPRF-MG";"DEL05-MG";"UOP01-DEL05-MG"
456538;2022-06-18;"sábado";"10:00:00";"RN";110;93,2;"UPANEMA";"Ingestão de álcool pelo condutor";"Saída de leito carroçável";"Com Vítimas Feridas";"Pleno dia";"Crescente";"Céu Claro";"Simples";"Reta";"Não";1;0;1;0;0;0;1;1;-5,59699493;-37,29573997;"SPRF-RN";"DEL04-RN";"UOP01-DEL04-RN"
456539;2022-06-18;"sábado";"14:15:00";"BA";324;4;"FEIRA DE SANTANA";"Objeto estático sobre o leito carroçável";"Queda de ocupante de veículo";"Com Vítimas Feridas";"Pleno dia";"Crescente";"Céu Claro";"Dupla";"Reta";"Não";1;0;1;0;0;0;1;1;-12,267113;-38,966988;"SPRF-BA";"DEL02-BA";"UOP01-DEL02-BA"
456540;2022-06-18;"sábado";"14:10:00";"MG";267;10,3;"LEOPOLDINA";"Avarias e/ou desgaste excessivo no pneu";"Queda de ocupante de veículo";"Com Vítimas Feridas";"Pleno dia";"Crescente";"Céu Claro";"Simples";"Reta";"Não";2;0;2;0;0;0;2;1;-21,56689881;-42,70017394;"SPRF-MG";"DEL07-MG";"UOP01-DEL07-MG"
456541;2022-06-18;"sábado";"14:40:00";"SC";282;74;"RANCHO QUEIMADO";"Reação tardia ou ineficiente do condutor";"Queda de ocupante de veículo";"Com Vítimas Feridas";"Pleno dia";"Crescente";"Céu Claro";"Simples";"Curva";"Não";1;0;1;0;0;0;1;1;-27,688168;-49,120075;"SPRF-SC";"DEL01-SC";"UOP03-DEL01-SC"
456542;2022-06-18;"sábado";"09:00:00";"MG";262;738;"PERDIZES";"Velocidade Incompatível";"Saída de leito carroçável";"Com Vítimas Fatais";"Pleno dia";"Crescente";"Nublado";"Simples";"Reta";"Não";2;1;1;0;0;0;1;1;-19,6120303;-47,40225703;"SPRF-MG";"DEL08-MG";"UOP01-DEL08-MG"
456544;2022-06-18;"sábado";"14:49:00";"PE";104;63;"CARUARU";"Desrespeitar a preferência no cruzamento";"Colisão transversal";"Com Vítimas Feridas";"Pleno dia";"Decrescente";"Céu Claro";"Múltipla";"Interseção de Vias";"Sim";2;0;1;0;1;0;1;2;-8,26721408;-35,978508;"SPRF-PE";"DEL02-PE";"UOP01-DEL02-PE"
456545;2022-06-18;"sábado";"14:50:00";"PE";232;12,5;"JABOATAO DOS GUARARAPES";"Reação tardia ou ineficiente do condutor";"Colisão traseira";"Sem Vítimas";"Pleno dia";"Decrescente";"Sol";"Dupla";"Reta";"Não";2;0;0;0;2;0;0;2;-8,08577691;-35,00345603;"SPRF-PE";"DEL01-PE";"UOP01-DEL01-PE"
456547;2022-06-18;"sábado";"14:55:00";"PR";277;332,7;"GUARAPUAVA";"Avarias e/ou desgaste excessivo no pneu";"Saída de leito carroçável";"Com Vítimas Feridas";"Pleno dia";"Decrescente";"Sol";"Dupla";"Declive;Reta";"Não";2;0;1;0;0;1;1;2;-25,34746526;-51,38191402;"SPRF-PR";"DEL08-PR";"UOP01-DEL08-PR"
456549;2022-06-18;"sábado";"15:10:00";"SP";116;8,3;"QUELUZ";"Ingestão de álcool pelo condutor";"Colisão traseira";"Sem Vítimas";"Pleno dia";"Crescente";"Nublado";"Simples";"Aclive;Reta";"Sim";2;0;0;0;2;0;0;2;-22,536327;-44,7714;"SPRF-SP";"DEL08-SP";"UOP02-DEL08-SP"
456550;2022-06-18;"sábado";"15:10:00";"GO";153;442;"ANAPOLIS";"Reação tardia ou ineficiente do condutor";"Colisão com objeto";"Com Vítimas Feridas";"Pleno dia";"Decrescente";"Céu Claro";"Dupla";"Reta;Interseção de Vias";"Sim";3;0;2;0;1;0;2;1;-16,34649681;-48,92557383;"SPRF-GO";"DEL02-GO";"UOP01-DEL02-GO"
456551;2022-06-18;"sábado";"14:30:00";"BA";324;584;"CANDEIAS";"Pista esburacada";"Queda de ocupante de veículo";"Com Vítimas Feridas";"Pleno dia";"Decrescente";"Céu Claro";"Dupla";"Reta";"Não";2;0;2;0;0;0;2;1;-12,62182288;-38,48260875;"SPRF-BA";"DEL01-BA";"UOP01-DEL01-BA"
456552;2022-06-18;"sábado";"14:50:00";"PR";376;664,3;"GUARATUBA";"Velocidade Incompatível";"Saída de leito carroçável";"Com Vítimas Feridas";"Pleno dia";"Decrescente";"Céu Claro";"Múltipla";"Aclive";"Não";1;0;1;0;0;0;1;1;-25,853196;-48,954348;"SPRF-PR";"DEL01-PR";"UOP04-DEL01-PR"
456553;2022-06-18;"sábado";"15:00:00";"MA";230;406;"BALSAS";"Condutor deixou de manter distância do veículo da frente";"Colisão transversal";"Com Vítimas Feridas";"Pleno dia";"Decrescente";"Céu Claro";"Simples";"Retorno Regulamentado";"Sim";4;0;1;0;3;0;1;2;-7,51971965;-46,05845601;"SPRF-MA";"DEL05-MA";"UOP01-DEL05-MA"
456554;2022-06-18;"sábado";"15:00:00";"GO";158;271;"JATAI";"Ausência de reação do condutor";"Colisão transversal";"Sem Vítimas";"Pleno dia";"Decrescente";"Céu Claro";"Simples";"Reta";"Sim";4;0;0;0;4;0;0;2;-17,87289539;-51,72987862;"SPRF-GO";"DEL05-GO";"UOP01-DEL05-GO"
456555;2022-06-18;"sábado";"15:45:00";"RS";290;76;"GRAVATAI";"Reação tardia ou ineficiente do condutor";"Queda de ocupante de veículo";"Com Vítimas Feridas";"Pleno dia";"Crescente";"Nublado";"Múltipla";"Reta";"Não";5;0;3;0;2;0;3;3;-29,956612;-51,017124;"SPRF-RS";"DEL01-RS";"UOP01-DEL01-RS"
456556;2022-06-18;"sábado";"16:10:00";"BA";242;796;"BARREIRAS";"Retorno proibido";"Colisão transversal";"Sem Vítimas";"Pleno dia";"Crescente";"Céu Claro";"Simples";"Reta";"Sim";3;0;0;0;3;0;0;2;-12,128495;-45,02005;"SPRF-BA";"DEL10-BA";"UOP01-DEL10-BA"
456557;2022-06-18;"sábado";"16:25:00";"SP";116;209;"GUARULHOS";"Manobra de mudança de faixa";"Colisão com objeto";"Com Vítimas Feridas";"Pleno dia";"Decrescente";"Nublado";"Dupla";"Reta";"Sim";2;0;1;0;1;0;1;1;-23,42511799;-46,40221101;"SPRF-SP";"DEL01-SP";"UOP01-DEL01-SP"
456558;2022-06-18;"sábado";"15:30:00";"SC";101;351;"JAGUARUNA";"Ingestão de álcool pelo condutor";"Colisão com objeto";"Sem Vítimas";"Pleno dia";"Crescente";"Céu Claro";"Dupla";"Reta";"Não";1;0;0;0;1;0;0;1;-28,5977641;-49,04943589;"SPRF-SC";"DEL02-SC";"UOP01-DEL02-SC"
456559;2022-06-18;"sábado";"12:45:00";"MT";364;269;"JACIARA";"Acessar a via sem observar a presença dos outros veículos";"Colisão transversal";"Com Vítimas Feridas";"Pleno dia";"Crescente";"Nublado";"Dupla";"Interseção de Vias";"Não";12;0;4;1;5;2;5;2;-15,96895188;-54,94358182;"SPRF-MT";"DEL02-MT";"UOP01-DEL02-MT"
456560;2022-06-18;"sábado";"16:32:00";"DF";20;5,2;"BRASILIA";"Ingestão de álcool pelo condutor";"Saída de leito carroçável";"Sem Vítimas";"Pleno dia";"Crescente";"Céu Claro";"Múltipla";"Interseção de Vias";"Sim";2;0;0;0;0;2;0;2;-15,670546;-47,816044;"SPRF-DF";"DEL02-DF";"UOP01-DEL02-DF"
456561;2022-06-18;"sábado";"16:30:00";"BA";101;261;"SANTO ANTONIO DE JESUS";"Ingestão de álcool pelo condutor";"Colisão lateral mesmo sentido";"Sem Vítimas";"Pleno dia";"Decrescente";"Céu Claro";"Simples";"Curva";"Sim";4;0;0;0;4;0;0;2;-12,9711656;-39,2748598;"SPRF-BA";"DEL01-BA";"UOP02-DEL01-BA"
456562;2022-06-18;"sábado";"15:27:00";"GO";60;168,3;"GOIANIA";"Reação tardia ou ineficiente do condutor";"Atropelamento de Pedestre";"Com Vítimas Fatais";"Pleno dia";"Crescente";"Céu Claro";"Dupla";"Reta";"Sim";2;1;0;1;0;0;1;2;-16,7129;-49,358;"SPRF-GO";"DEL01-GO";"UOP02-DEL01-GO"
456563;2022-06-18;"sábado";"15:40:00";"RJ";116;82;"TERESOPOLIS";"Ausência de reação do condutor";"Saída de leito carroçável";"Com Vítimas Feridas";"Pleno dia";"Decrescente";"Nublado";"Simples";"Curva";"Não";2;0;1;0;1;0;1;2;-22,4065491;-42,95136745;"SPRF-RJ";"DEL04-RJ";"UOP01-DEL04-RJ"
456564;2022-06-18;"sábado";"17:00:00";"MG";40;522;"CONTAGEM";"Acumulo de óleo sobre o pavimento";"Saída de leito carroçável";"Com Vítimas Feridas";"Pleno dia";"Decrescente";"Céu Claro";"Dupla";"Reta";"Sim";2;0;1;0;1;0;1;2;-19,8638731;-44,06749809;"SPRF-MG";"DEL01-MG";"UOP02-DEL01-MG"
456565;2022-06-18;"sábado";"17:00:00";"PR";469;13,3;"FOZ DO IGUACU";"Ingestão de álcool pelo condutor";"Colisão traseira";"Sem Vítimas";"Pleno dia";"Decrescente";"Céu Claro";"Simples";"Reta";"Sim";2;0;0;0;1;1;0;2;-25,5754;-54,5489;"SPRF-PR";"DEL05-PR";"UOP04-DEL05-PR"
456568;2022-06-18;"sábado";"16:45:00";"RJ";116;122;"MAGE";"Demais falhas mecânicas ou elétricas";"Queda de ocupante de veículo";"Com Vítimas Feridas";"Pleno dia";"Crescente";"Nublado";"Dupla";"Reta";"Não";2;0;1;1;0;0;2;1;-22,65583885;-43,08769226;"SPRF-RJ";"DEL04-RJ";"UOP02-DEL04-RJ"