"id";"data_inversa";"dia_semana";"horario";"uf";"br";"km";"municipio";"causa_acidente";"tipo_acidente";"classificacao_acidente";"fase_dia";"sentido_via";"condicao_metereologica";"tipo_pista";"tracado_via";"uso_solo";"pessoas";"mortos";"feridos_leves";"feridos_graves";"ilesos";"ignorados";"feridos";"veiculos";"latitude";"longitude";"regional";"delegacia";"uop"
456569;2022-06-18;"sábado";"17:25:00";"PR";469;13,3;"FOZ DO IGUACU";"Reação tardia ou ineficiente do condutor";"Colisão traseira";"Com Vítimas Feridas";"Anoitecer";"Crescente";"Céu Claro";"Simples";"Reta";"Não";2;0;1;0;1;0;1;2;-25,5754;-54,5489;"SPRF-PR";"DEL05-PR";"UOP04-DEL05-PR"
456570;2022-06-18;"sábado";"17:00:00";"BA";101;264;"SANTO ANTONIO DE JESUS";"Transitar na contramão";"Colisão frontal";"Com Vítimas Feridas";"Pleno dia";"Decrescente";"Céu Claro";"Simples";"Reta";"Não";3;0;2;1;0;0;3;2;-12,9889291;-39,2898544;"SPRF-BA";"DEL01-BA";"UOP02-DEL01-BA"
456572;2022-06-18;"sábado";"14:30:00";"BA";116;775;"PLANALTO";"Condutor deixou de manter distância do veículo da frente";"Colisão traseira";"Sem Vítimas";"Pleno dia";"Crescente";"Céu Claro";"Simples";"Curva";"Não";2;0;0;0;2;0;0;2;-14,59057296;-40,43438011;"SPRF-BA";"DEL08-BA";"UOP02-DEL08-BA"
456573;2022-06-18;"sábado";"13:40:00";"BA";116;903,1;"CANDIDO SALES";"Demais falhas mecânicas ou elétricas";"Incêndio";"Sem Vítimas";"Pleno dia";"Decrescente";"Céu Claro";"Simples";"Reta";"Não";1;0;0;0;1;0;0;1;-15,37997916;-41,19853984;"SPRF-BA";"DEL08-BA";"UOP03-DEL08-BA"
456574;2022-06-18;"sábado";"13:10:00";"SC";470;56;"BLUMENAU";"Desrespeitar a preferência no cruzamento";"Colisão transversal";"Sem Vítimas";"Pleno dia";"Crescente";"Céu Claro";"Simples";"Reta";"Não";3;0;0;0;3;0;0;2;-26,87674;-49,127743;"SPRF-SC";"DEL04-SC";"UOP01-DEL04-SC"
456576;2022-06-18;"sábado";"17:00:00";"ES";101;12;"PEDRO CANARIO";"Acessar a via sem observar a presença dos outros veículos";"Colisão transversal";"Com Vítimas Feridas";"Anoitecer";"Crescente";"Céu Claro";"Simples";"Reta";"Não";2;0;0;1;0;1;1;2;-18,26546317;-39,95721865;"SPRF-ES";"DEL04-ES";"UOP02-DEL04-ES"
456577;2022-06-18;"sábado";"17:00:00";"MG";40;520;"CONTAGEM";"Acumulo de óleo sobre o pavimento";"Queda de ocupante de veículo";"Com Vítimas Feridas";"Pleno dia";"Crescente";"Céu Claro";"Dupla";"Reta";"Não";2;0;1;0;1;0;1;1;-19,84761911;-44,07276144;"SPRF-MG";"DEL01-MG";"UOP02-DEL01-MG"
456578;2022-06-18;"sábado";"17:50:00";"CE";20;420;"MARACANAU";"Acessar a via sem observar a presença dos outros veículos";"Colisão transversal";"Com Vítimas Feridas";"Anoitecer";"Crescente";"Céu Claro";"Dupla";"Reta";"Sim";2;0;2;0;0;0;2;2;-3,76999035;-38,67006282;"SPRF-CE";"DEL01-CE";"UOP02-DEL01-CE"
456580;2022-06-18;"sábado";"17:45:00";"MG";365;9,1;"MONTES CLAROS";"Pedestre andava na pista";"Atropelamento de Pedestre";"Com Vítimas Fatais";"Anoitecer";"Decrescente";"Céu Claro";"Simples";"Reta";"Não";2;1;0;0;0;1;0;2;-16,83452;-43,943562;"SPRF-MG";"DEL12-MG";"UOP01-DEL12-MG"
456583;2022-06-18;"sábado";"17:45:00";"RS";386;273,1;"FONTOURA XAVIER";"Reação tardia ou ineficiente do condutor";"Saída de leito carroçável";"Com Vítimas Feridas";"Plena Noite";"Crescente";"Sol";"Simples";"Reta;Aclive";"Não";1;0;1;0;0;0;1;1;-28,994553;-52,359726;"SPRF-RS";"DEL04-RS";"UOP03-DEL04-RS"
456584;2022-06-18;"sábado";"18:30:00";"CE";222;40,5;"CAUCAIA";"Animais na Pista";"Tombamento";"Com Vítimas Feridas";"Plena Noite";"Crescente";"Céu Claro";"Simples";"Reta";"Sim";2;0;2;0;0;0;2;1;-3,68690023;-38,90730706;"SPRF-CE";"DEL01-CE";"UOP03-DEL01-CE"
456585;2022-06-18;"sábado";"17:45:00";"SC";101;207;"SAO JOSE";"Ausência de reação do condutor";"Colisão com objeto";"Com Vítimas Fatais";"Anoitecer";"Crescente";"Céu Claro";"Múltipla";"Curva";"Sim";1;1;0;0;0;0;0;1;-27,60001226;-48,6226467;"SPRF-SC";"DEL01-SC";"UOP01-DEL01-SC"
456586;2022-06-18;"sábado";"18:08:00";"SP";381;20;"BRAGANCA PAULISTA";"Demais falhas na via";"Queda de ocupante de veículo";"Com Vítimas Feridas";"Plena Noite";"Crescente";"Céu Claro";"Dupla";"Rotatória";"Não";1;0;1;0;0;0;1;1;-22,98443766;-46,50352511;"SPRF-SP";"DEL03-SP";"UOP01-DEL03-SP"
456587;2022-06-18;"sábado";"18:30:00";"ES";262;20;"VIANA";"Velocidade Incompatível";"Tombamento";"Com Vítimas Feridas";"Plena Noite";"Crescente";"Céu Claro";"Simples";"Reta";"Sim";1;0;1;0;0;0;1;1;-20,38569081;-40,49680586;"SPRF-ES";"DEL01-ES";"UOP01-DEL01-ES"
456588;2022-06-18;"sábado";"18:00:00";"DF";20;30,5;"BRASILIA";"Ingestão de álcool pelo condutor";"Colisão traseira";"Sem Vítimas";"Plena Noite";"Decrescente";"Céu Claro";"Dupla";"Reta";"Sim";2;0;0;0;2;0;0;2;-15,595327;-47,603848;"SPRF-DF";"DEL02-DF";"UOP01-DEL02-DF"
456589;2022-06-18;"sábado";"18:15:00";"BA";324;465;"CANDEAL";"Ingestão de álcool pelo condutor";"Colisão lateral sentido oposto";"Com Vítimas Feridas";"Anoitecer";"Decrescente";"Céu Claro";"Simples";"Reta";"Não";2;0;1;0;1;0;1;2;-11,95006486;-39,18878895;"SPRF-BA";"DEL02-BA";"UOP01-DEL02-BA"
456590;2022-06-18;"sábado";"18:15:00";"MG";40;517;"RIBEIRAO DAS NEVES";"Velocidade Incompatível";"Colisão lateral mesmo sentido";"Com Vítimas Feridas";"Plena Noite";"Decrescente";"Céu Claro";"Dupla";"Reta";"Não";8;0;3;0;5;0;3;4;-19,82419652;-44,08422058;"SPRF-MG";"DEL01-MG";"UOP02-DEL01-MG"
456591;2022-06-18;"sábado";"18:10:00";"PE";232;133;"CARUARU";"Pedestre cruzava a pista fora da faixa";"Atropelamento de Pedestre";"Com Vítimas Feridas";"Plena Noite";"Crescente";"Céu Claro";"Dupla";"Reta";"Não";2;0;0;1;1;0;1;2;-8,30607988;-36,01576003;"SPRF-PE";"DEL02-PE";"UOP01-DEL02-PE"
456594;2022-06-18;"sábado";"15:50:00";"RJ";101;578;"PARATY";"Velocidade Incompatível";"Saída de leito carroçável";"Com Vítimas Feridas";"Pleno dia";"Crescente";"Chuva";"Simples";"Curva";"Não";2;0;1;0;1;0;1;1;-23,23539058;-44,71182799;"SPRF-RJ";"DEL03-RJ";"UOP02-DEL03-RJ"
456595;2022-06-18;"sábado";"17:08:00";"SE";235;1;"ARACAJU";"Ingestão de álcool pelo condutor";"Colisão traseira";"Sem Vítimas";"Anoitecer";"Crescente";"Céu Claro";"Dupla";"Reta";"Sim";3;0;0;0;3;0;0;2;-10,9084509;-37,08619595;"SPRF-SE";"DEL01-SE";"UOP01-DEL01-SE"
456596;2022-06-18;"sábado";"17:07:00";"RR";401;7;"CANTA";"Retorno proibido";"Colisão lateral mesmo sentido";"Com Vítimas Feridas";"Pleno dia";"Crescente";"Garoa/Chuvisco";"Dupla";"Retorno Regulamentado";"Sim";3;0;0;1;1;1;1;3;2,796781;-60,636566;"SPRF-RR";"DEL01-RR";"UOP01-DEL01-RR"
456598;2022-06-18;"sábado";"17:40:00";"SP";488;2,4;"APARECIDA";"Ingestão de álcool pelo condutor";"Colisão transversal";"Sem Vítimas";"Anoitecer";"Decrescente";"Nublado";"Dupla";"Reta";"Sim";2;0;0;0;2;0;0;2;-22,85158812;-45,23869222;"SPRF-SP";"DEL08-SP";"UOP01-DEL08-SP"
456599;2022-06-18;"sábado";"16:55:00";"PA";316;118;"SANTA MARIA DO PARA";"Ausência de reação do condutor";"Saída de leito carroçável";"Sem Vítimas";"Pleno dia";"Decrescente";"Céu Claro";"Simples";"Reta";"Não";1;0;0;0;1;0;0;1;-1,30866922;-47,45203805;"SPRF-PA";"DEL01-PA";"UOP02-DEL01-PA"
456600;2022-06-18;"sábado";"18:40:00";"PE";101;63;"RECIFE";"Acostamento em desnível";"Queda de ocupante de veículo";"Com Vítimas Feridas";"Plena Noite";"Crescente";"Céu Claro";"Múltipla";"Aclive";"Sim";2;0;2;0;0;0;2;1;-8,00800604;-34,93756535;"SPRF-PE";"DEL01-PE";"UOP01-DEL01-PE"
456603;2022-06-18;"sábado";"19:30:00";"CE";222;124,4;"ITAPAJE";"Pedestre andava na pista";"Atropelamento de Pedestre";"Com Vítimas Fatais";"Plena Noite";"Crescente";"Céu Claro";"Simples";"Reta";"Sim";2;1;0;0;1;0;0;2;-3,6899151;-39,59753752;"SPRF-CE";"DEL04-CE";"UOP03-DEL04-CE"
456604;2022-06-18;"sábado";"16:00:00";"SC";470;101;"APIUNA";"Ingestão de álcool pelo condutor";"Colisão frontal";"Com Vítimas Feridas";"Pleno dia";"Crescente";"Sol";"Simples";"Curva";"Não";5;0;3;1;0;1;4;3;-27,05645051;-49,38920975;"SPRF-SC";"DEL04-SC";"UOP02-DEL04-SC"
456606;2022-06-18;"sábado";"19:40:00";"BA";116;423;"FEIRA DE SANTANA";"Afundamento ou ondulação no pavimento";"Queda de ocupante de veículo";"Com Vítimas Feridas";"Plena Noite";"Decrescente";"Céu Claro";"Simples";"Reta";"Sim";1;0;1;0;0;0;1;1;-12,229301;-38,964527;"SPRF-BA";"DEL02-BA";"UOP01-DEL02-BA"
456608;2022-06-18;"sábado";"18:50:00";"MG";40;272;"SAO GONCALO DO ABAETE";"Acessar a via sem observar a presença dos outros veículos";"Colisão lateral mesmo sentido";"Com Vítimas Feridas";"Plena Noite";"Crescente";"Céu Claro";"Simples";"Ponte";"Sim";3;0;2;0;0;1;2;3;-18,18478495;-45,26086898;"SPRF-MG";"DEL14-MG";"UOP02-DEL14-MG"
456609;2022-06-18;"sábado";"19:10:00";"MA";135;3,6;"SAO LUIS";"Ingestão de álcool pelo condutor";"Colisão lateral sentido oposto";"Com Vítimas Feridas";"Plena Noite";"Decrescente";"Céu Claro";"Dupla";"Reta";"Sim";3;0;0;1;1;1;1;3;-2,610491;-44,249612;"SPRF-MA";"DEL01-MA";"UOP01-DEL01-MA"
456610;2022-06-18;"sábado";"13:15:00";"SC";282;346,9;"CAMPOS NOVOS";"Condutor Dormindo";"Colisão frontal";"Com Vítimas Feridas";"Pleno dia";"Decrescente";"Céu Claro";"Simples";"Declive;Reta";"Não";4;0;4;0;0;0;4;2;-27,368792;-51,254639;"SPRF-SC";"DEL07-SC";"UOP06-DEL07-SC"
456611;2022-06-18;"sábado";"18:40:00";"RO";364;16;"VILHENA";"Condutor deixou de manter distância do veículo da frente";"Colisão traseira";"Com Vítimas Feridas";"Plena Noite";"Decrescente";"Nublado";"Dupla";"Reta";"Sim";3;0;2;0;1;0;2;2;-12,73437947;-60,15696986;"SPRF-RO";"DEL04-RO";"UOP01-DEL04-RO"
456612;2022-06-18;"sábado";"16:30:00";"SC";163;69,6;"SAO MIGUEL DO OESTE";"Desrespeitar a preferência no cruzamento";"Colisão transversal";"Com Vítimas Feridas";"Pleno dia";"Decrescente";"Céu Claro";"Dupla";"Interseção de Vias;Declive;Reta";"Sim";2;0;0;1;1;0;1;2;-26,74132699;-53,50120591;"SPRF-SC";"DEL07-SC";"UOP03-DEL07-SC"
456613;2022-06-18;"sábado";"20:20:00";"PA";316;151;"CAPANEMA";"Manobra de mudança de faixa";"Colisão frontal";"Com Vítimas Feridas";"Plena Noite";"Decrescente";"Céu Claro";"Simples";"Reta";"Sim";2;0;1;0;1;0;1;2;-1,213454;-47,180599;"SPRF-PA";"DEL01-PA";"UOP03-DEL01-PA"
456614;2022-06-18;"sábado";"19:58:00";"RN";304;33;"MOSSORO";"Velocidade Incompatível";"Atropelamento de Animal";"Com Vítimas Fatais";"Plena Noite";"Decrescente";"Céu Claro";"Dupla";"Declive;Viaduto;Reta";"Sim";1;1;0;0;0;0;0;1;-5,153118;-37,348802;"SPRF-RN";"DEL04-RN";"UOP02-DEL04-RN"
456615;2022-06-18;"sábado";"20:35:00";"GO";60;176,7;"ABADIA DE GOIAS";"Ingestão de álcool pelo condutor";"Colisão frontal";"Sem Vítimas";"Plena Noite";"Crescente";"Céu Claro";"Dupla";"Reta";"Não";2;0;0;0;1;1;0;2;-16,7563;-49,4402;"SPRF-GO";"DEL01-GO";"UOP02-DEL01-GO"
456616;2022-06-18;"sábado";"18:27:00";"MG";262;37;"MANHUACU";"Acesso irregular";"Colisão frontal";"Com Vítimas Feridas";"Plena Noite";"Crescente";"Céu Claro";"Simples";"Curva";"Sim";4;0;1;0;3;0;1;2;-20,25748975;-42,03048732;"SPRF-MG";"DEL06-MG";"UOP03-DEL06-MG"
456618;2022-06-18;"sábado";"20:00:00";"PR";467;91,6;"CASCAVEL";"Avarias e/ou desgaste excessivo no pneu";"Queda de ocupante de veículo";"Com Vítimas Feridas";"Plena Noite";"Decrescente";"Céu Claro";"Dupla";"Curva";"Não";2;0;2;0;0;0;2;1;-24,8515;-53,6035;"SPRF-PR";"DEL04-PR";"UOP01-DEL04-PR"
456619;2022-06-18;"sábado";"20:40:00";"RN";405;155;"PAU DOS FERROS";"Ausência de reação do condutor";"Atropelamento de Animal";"Com Vítimas Feridas";"Plena Noite";"Crescente";"Céu Claro";"Simples";"Reta";"Sim";1;0;0;1;0;0;1;1;-6,151311;-38,206242;"SPRF-RN";"DEL04-RN";"UOP02-DEL04-RN"
456620;2022-06-18;"sábado";"09:40:00";"MA";316;573;"CAXIAS";"Ausência de reação do condutor";"Saída de leito carroçável";"Com Vítimas Feridas";"Pleno dia";"Decrescente";"Céu Claro";"Dupla";"Interseção de Vias";"Não";2;0;2;0;0;0;2;1;-4,933609;-43,176388;"SPRF-MA";"DEL03-MA";"UOP02-DEL03-MA"
456621;2022-06-18;"sábado";"20:30:00";"SP";116;272,3;"TABOAO DA SERRA";"Ausência de reação do condutor";"Colisão traseira";"Com Vítimas Feridas";"Plena Noite";"Crescente";"Nublado";"Múltipla";"Reta";"Sim";3;0;2;0;1;0;2;2;-23,621691;-46,813288;"SPRF-SP";"DEL04-SP";"UOP01-DEL04-SP"
456622;2022-06-18;"sábado";"19:30:00";"MA";135;2;"SAO LUIS";"Reação tardia ou ineficiente do condutor";"Queda de ocupante de veículo";"Com Vítimas Feridas";"Plena Noite";"Crescente";"Céu Claro";"Dupla";"Reta";"Sim";1;0;1;0;0;0;1;1;-2,59806699;-44,24573511;"SPRF-MA";"DEL01-MA";"UOP01-DEL01-MA"
456624;2022-06-18;"sábado";"20:40:00";"PR";116;17;"CURITIBA";"Pedestre cruzava a pista fora da faixa";"Atropelamento de Pedestre";"Com Vítimas Feridas";"Plena Noite";"Crescente";"Nublado";"Dupla";"Reta";"Sim";2;0;1;0;1;0;1;2;-25,389;-49,1867;"SPRF-PR";"DEL01-PR";"UOP02-DEL01-PR"
456626;2022-06-18;"sábado";"20:47:00";"GO";414;391;"CORUMBA DE GOIAS";"Ingestão de álcool e/ou substâncias psicoativas pelo pedestre";"Saída de leito carroçável";"Com Vítimas Feridas";"Plena Noite";"Decrescente";"Céu Claro";"Simples";"Reta";"Não";4;0;0;1;3;0;1;1;-15,9070339;-48,8011153;"SPRF-GO";"DEL02-GO";"UOP01-DEL02-GO"
456627;2022-06-18;"sábado";"20:30:00";"MG";459;72,1;"SENADOR JOSE BENTO";"Pedestre andava na pista";"Atropelamento de Pedestre";"Com Vítimas Feridas";"Plena Noite";"Decrescente";"Céu Claro";"Simples";"Curva";"Não";3;0;0;1;2;0;1;2;-22,139958;-46,146265;"SPRF-MG";"DEL09-MG";"UOP01-DEL09-MG"
456628;2022-06-18;"sábado";"20:50:00";"PA";316;50;"SANTA IZABEL DO PARA";"Acessar a via sem observar a presença dos outros veículos";"Colisão transversal";"Com Vítimas Fatais";"Plena Noite";"Crescente";"Céu Claro";"Dupla";"Reta";"Não";2;1;0;0;0;1;0;2;-1,304277;-48,04272;"SPRF-PA";"DEL01-PA";"UOP01-DEL01-PA"
456629;2022-06-18;"sábado";"18:00:00";"SC";101;378,4;"ICARA";"Reação tardia ou ineficiente do condutor";"Colisão traseira";"Sem Vítimas";"Plena Noite";"Decrescente";"Céu Claro";"Múltipla";"Reta";"Sim";2;0;0;0;2;0;0;2;-28,74960058;-49,26612854;"SPRF-SC";"DEL02-SC";"UOP02-DEL02-SC"
456630;2022-06-18;"sábado";"21:20:00";"PE";428;191;"PETROLINA";"Ingestão de álcool pelo condutor";"Colisão transversal";"Sem Vítimas";"Plena Noite";"Decrescente";"Céu Claro";"Múltipla";"Reta";"Sim";5;0;0;0;5;0;0;2;-9,37766429;-40,50269795;"SPRF-PE";"DEL06-PE";"UOP01-DEL06-PE"
456635;2022-06-18;"sábado";"21:54:00";"PI";343;345;"TERESINA";"Condutor desrespeitou a iluminação vermelha do semáforo";"Colisão transversal";"Com Vítimas Feridas";"Plena Noite";"Decrescente";"Ignorado";"Simples";"Rotatória";"Sim";2;0;0;1;1;0;1;2;-5,102889;-42,766506;"SPRF-PI";"DEL01-PI";"UOP01-DEL01-PI"
456636;2022-06-18;"sábado";"19:32:00";"PE";104;123,8;"PANELAS";"Ultrapassagem Indevida";"Colisão lateral sentido oposto";"Com Vítimas Fatais";"Plena Noite";"Decrescente";"Nublado";"Simples";"Curva";"Não";6;1;1;0;3;1;1;2;-8,722103;-36,021805;"SPRF-PE";"DEL02-PE";"UOP03-DEL02-PE"
456637;2022-06-18;"sábado";"22:10:00";"PR";376;157,5;"MANDAGUACU";"Manobra de mudança de faixa";"Saída de leito carroçável";"Com Vítimas Feridas";"Plena Noite";"Decrescente";"Céu Claro";"Dupla";"Reta";"Sim";1;0;1;0;0;0;1;1;-23,35251601;-52,09127007;"SPRF-PR";"DEL09-PR";"UOP01-DEL09-PR"
456638;2022-06-18;"sábado";"20:40:00";"SC";470;171,2;"POUSO REDONDO";"Pedestre andava na pista";"Atropelamento de Pedestre";"Com Vítimas Fatais";"Plena Noite";"Decrescente";"Céu Claro";"Simples";"Curva;Declive";"Não";5;1;0;0;4;0;0;2;-27,25996104;-49,90498781;"SPRF-SC";"DEL04-SC";"UOP02-DEL04-SC"
456639;2022-06-18;"sábado";"21:46:00";"SC";280;126;"RIO NEGRINHO";"Entrada inopinada do pedestre";"Atropelamento de Pedestre";"Com Vítimas Feridas";"Plena Noite";"Crescente";"Céu Claro";"Simples";"Aclive";"Sim";2;0;0;1;0;1;1;2;-26,23779604;-49,49427399;"SPRF-SC";"DEL06-SC";"UOP03-DEL06-SC"
456640;2022-06-18;"sábado";"22:30:00";"GO";153;518;"HIDROLANDIA";"Reação tardia ou ineficiente do condutor";"Queda de ocupante de veículo";"Sem Vítimas";"Plena Noite";"Decrescente";"Céu Claro";"Dupla";"Declive";"Não";1;0;0;0;1;0;0;1;-16,867;-49,2505;"SPRF-GO";"DEL01-GO";"UOP03-DEL01-GO"
456642;2022-06-18;"sábado";"22:30:00";"BA";116;827;"VITORIA DA CONQUISTA";"Acesso irregular";"Colisão transversal";"Com Vítimas Feridas";"Plena Noite";"Crescente";"Nublado";"Simples";"Reta";"Não";2;0;2;0;0;0;2;2;-14,887533;-40,860451;"SPRF-BA";"DEL08-BA";"UOP01-DEL08-BA"
456643;2022-06-18;"sábado";"22:15:00";"MG";40;608,1;"CONGONHAS";"Reação tardia ou ineficiente do condutor";"Colisão traseira";"Com Vítimas Feridas";"Plena Noite";"Crescente";"Nublado";"Simples";"Reta";"Não";2;0;1;0;1;0;1;2;-20,48427186;-43,83895771;"SPRF-MG";"DEL05-MG";"UOP02-DEL05-MG"
456645;2022-06-18;"sábado";"21:40:00";"PR";376;548;"PALMEIRA";"Entrada inopinada do pedestre";"Atropelamento de Pedestre";"Com Vítimas Fatais";"Plena Noite";"Crescente";"Céu Claro";"Dupla";"Reta";"Não";3;1;0;0;2;0;0;3;-25,46833056;-49,72640707;"SPRF-PR";"DEL03-PR";"UOP03-DEL03-PR"
456646;2022-06-18;"sábado";"22:20:00";"PR";116;130;"FAZENDA RIO GRANDE";"Manobra de mudança de faixa";"Colisão lateral mesmo sentido";"Com Vítimas Feridas";"Plena Noite";"Decrescente";"Céu Claro";"Dupla";"Reta";"Não";2;0;2;0;0;0;2;1;-25,63927799;-49,31302988;"SPRF-PR";"DEL01-PR";"UOP03-DEL01-PR"
456647;2022-06-18;"sábado";"23:30:00";"GO";40;4;"VALPARAISO DE GOIAS";"Acessar a via sem observar a presença dos outros veículos";"Colisão lateral mesmo sentido";"Sem Vítimas";"Plena Noite";"Decrescente";"Céu Claro";"Dupla";"Curva";"Sim";2;0;0;0;2;0;0;2;-16,085241;-47,986752;"SPRF-DF";"DEL01-DF";"UOP01-DEL01-DF"
456648;2022-06-18;"sábado";"22:31:00";"PE";232;100;"BEZERROS";"Manobra de mudança de faixa";"Colisão lateral sentido oposto";"Sem Vítimas";"Plena Noite";"Crescente";"Céu Claro";"Simples";"Reta";"Sim";2;0;0;0;0;2;0;2;-8,23791176;-35,74297705;"SPRF-PE";"DEL02-PE";"UOP02-DEL02PE"
456649;2022-06-18;"sábado";"22:20:00";"RJ";101;509;"ANGRA DOS REIS";"Ingestão de álcool pelo condutor";"Colisão traseira";"Com Vítimas Feridas";"Plena Noite";"Crescente";"Chuva";"Simples";"Reta";"Não";3;0;1;0;2;0;1;3;-22,944515;-44,431107;"SPRF-RJ";"DEL03-RJ";"UOP03-DEL03-RJ"
456650;2022-06-18;"sábado";"23:20:00";"RS";116;403;"CAMAQUA";"Condutor Dormindo";"Queda de ocupante de veículo";"Com Vítimas Feridas";"Plena Noite";"Crescente";"Céu Claro";"Simples";"Reta";"Não";1;0;1;0;0;0;1;1;-30,88592936;-51,83355581;"SPRF-RS";"DEL02-RS";"UOP02-DEL02-RS"
456651;2022-06-18;"sábado";"23:05:00";"BA";116;413;"FEIRA DE SANTANA";"Velocidade Incompatível";"Colisão com objeto";"Com Vítimas Feridas";"Plena Noite";"Decrescente";"Céu Claro";"Dupla";"Reta";"Não";1;0;1;0;0;0;1;1;-12,14246805;-38,96658117;"SPRF-BA";"DEL02-BA";"UOP01-DEL02-BA"
456652;2022-06-18;"sábado";"23:40:00";"PR";116;206,5;"RIO NEGRO";"Manobra de mudança de faixa";"Colisão frontal";"Com Vítimas Feridas";"Plena Noite";"Decrescente";"Céu Claro";"Simples";"Declive";"Não";5;0;0;1;4;0;1;2;-26,06427183;-49,73114671;"SPRF-SC";"DEL06-SC";"UOP01-DEL06-SC"
456653;2022-06-18;"sábado";"23:25:00";"RO";319;63;"PORTO VELHO";"Reação tardia ou ineficiente do condutor";"Tombamento";"Com Vítimas Feridas";"Plena Noite";"Decrescente";"Céu Claro";"Dupla";"Interseção de Vias";"Sim";1;0;1;0;0;0;1;1;-8,766685;-63,884052;"SPRF-RO";"DEL01-RO";"UOP01-DEL01-RO"
456654;2022-06-18;"sábado";"23:20:00";"PR";277;0,5;"PARANAGUA";"Reação tardia ou ineficiente do condutor";"Colisão com objeto";"Com Vítimas Feridas";"Plena Noite";"Crescente";"Nublado";"Simples";"Reta";"Sim";1;0;1;0;0;0;1;1;-25,516828;-48,539764;"SPRF-PR";"DEL01-PR";"UOP05-DEL01-PR"
456655;2022-06-18;"sábado";"22:50:00";"SC";282;592;"SAUDADES";"Condutor Dormindo";"Colisão com objeto";"Com Vítimas Feridas";"Plena Noite";"Crescente";"Céu Claro";"Simples";"Rotatória";"Não";1;0;1;0;0;0;1;1;-26,82568884;-53,09172034;"SPRF-SC";"DEL07-SC";"UOP02-DEL07-SC"
456656;2022-06-19;"domingo";"00:10:00";"PR";376;267,1;"MARILANDIA DO SUL";"Ausência de reação do condutor";"Saída de leito carroçável";"Com Vítimas Feridas";"Plena Noite";"Crescente";"Céu Claro";"Dupla";"Declive;Reta";"Não";1;0;1;0;0;0;1;1;-23,72134533;-51,30198956;"SPRF-PR";"DEL07-PR";"UOP02-DEL07-PR"
456657;2022-06-19;"domingo";"01:10:00";"PR";373;220;"IMBITUVA";"Reação tardia ou ineficiente do condutor";"Queda de ocupante de veículo";"Com Vítimas Fatais";"Plena Noite";"Crescente";"Céu Claro";"Simples";"Curva";"Não";3;1;0;1;1;0;1;2;-25,17845015;-50,58403992;"SPRF-PR";"DEL03-PR";"UOP04-DEL03-PR"
456659;2022-06-19;"domingo";"00:30:00";"GO";153;208;"URUACU";"Ausência de reação do condutor";"Tombamento";"Com Vítimas Feridas";"Plena Noite";"Decrescente";"Céu Claro";"Dupla";"Reta";"Não";1;0;1;0;0;0;1;1;-14,586481;-49,161167;"SPRF-GO";"DEL07-GO";"UOP02-DEL07-GO"
456660;2022-06-19;"domingo";"01:00:00";"SC";101;415,2;"ARARANGUA";"Ausência de reação do condutor";"Tombamento";"Com Vítimas Feridas";"Plena Noite";"Crescente";"Céu Claro";"Múltipla";"Reta";"Sim";1;0;1;0;0;0;1;1;-28,96699749;-49,52379227;"SPRF-SC";"DEL02-SC";"UOP02-DEL02-SC"
456661;2022-06-19;"domingo";"01:20:00";"BA";116;402;"FEIRA DE SANTANA";"Condutor deixou de manter distância do veículo da frente";"Colisão traseira";"Com Vítimas Feridas";"Plena Noite";"Crescente";"Nublado";"Simples";"Reta";"Não";2;0;1;0;1;0;1;2;-12,04654101;-38,97030341;"SPRF-BA";"DEL02-BA";"UOP01-DEL02-BA"
456662;2022-06-19;"domingo";"01:49:00";"GO";50;112;"CRISTALINA";"Estacionar ou parar em local proibido";"Colisão traseira";"Com Vítimas Feridas";"Plena Noite";"Decrescente";"Céu Claro";"Dupla";"Reta";"Não";3;0;1;1;1;0;2;2;-16,9309;-47,7117;"SPRF-DF";"DEL01-DF";"UOP02-DEL01-DF"
456664;2022-06-19;"domingo";"00:30:00";"TO";153;499;"PARAISO DO TOCANTINS";"Ingestão de álcool pelo condutor";"Saída de leito carroçável";"Com Vítimas Feridas";"Plena Noite";"Crescente";"Céu Claro";"Simples";"Aclive";"Não";1;0;1;0;0;0;1;1;-10,20946602;-48,87425512;"SPRF-TO";"DEL01-TO";"UOP01-DEL01-TO"
456665;2022-06-19;"domingo";"02:15:00";"AP";210;2;"MACAPA";"Ingestão de álcool pelo condutor";"Colisão frontal";"Com Vítimas Feridas";"Plena Noite";"Decrescente";"Céu Claro";"Múltipla";"Reta";"Sim";3;0;1;1;0;1;2;2;0,08638856;-51,08460188;"SPRF-AP";"DEL01-AP";"UOP01-DEL01-AP"
456666;2022-06-19;"domingo";"02:30:00";"ES";101;270;"SERRA";"Reação tardia ou ineficiente do condutor";"Colisão traseira";"Com Vítimas Feridas";"Plena Noite";"Decrescente";"Céu Claro";"Dupla";"Reta";"Não";2;0;1;0;0;1;1;2;-20,22662056;-40,27075088;"SPRF-ES";"DEL02-ES";"UOP01-DEL02-ES"
456667;2022-06-19;"domingo";"03:00:00";"RJ";101;420;"MANGARATIBA";"Chuva";"Capotamento";"Sem Vítimas";"Plena Noite";"Decrescente";"Chuva";"Simples";"Curva";"Não";1;0;0;0;0;1;0;1;-22,9189815;-43,92318002;"SPRF-RJ";"DEL03-RJ";"UOP02-DEL03-RJ"
456668;2022-06-19;"domingo";"02:30:00";"PR";153;235;"TIBAGI";"Ausência de reação do condutor";"Colisão lateral sentido oposto";"Com Vítimas Feridas";"Plena Noite";"Crescente";"Ignorado";"Simples";"Reta";"Não";2;0;2;0;0;0;2;1;-24,732446;-50,4529299;"SPRF-PR";"DEL03-PR";"UOP02-DEL03-PR"