"id";"data_inversa";"dia_semana";"horario";"uf";"br";"km";"municipio";"causa_acidente";"tipo_acidente";"classificacao_acidente";"fase_dia";"sentido_via";"condicao_metereologica";"tipo_pista";"tracado_via";"uso_solo";"pessoas";"mortos";"feridos_leves";"feridos_graves";"ilesos";"ignorados";"feridos";"veiculos";"latitude";"longitude";"regional";"delegacia";"uop"
456669;2022-06-19;"domingo";"00:54:00";"PE";316;22;"ARARIPINA";"Ingestão de álcool pelo condutor";"Colisão frontal";"Sem Vítimas";"Plena Noite";"Decrescente";"Céu Claro";"Simples";"Reta";"Sim";3;0;0;0;3;0;0;3;-7,57538187;-40,51709091;"SPRF-PE";"DEL05-PE";"UOP02-DEL05-PE"
456671;2022-06-18;"sábado";"22:30:00";"SP";153;274,8;"VERA CRUZ";"Reação tardia ou ineficiente do condutor";"Saída de leito carroçável";"Sem Vítimas";"Plena Noite";"Decrescente";"Nevoeiro/Neblina";"Simples";"Curva";"Não";2;0;0;0;2;0;0;1;-22,36853111;-49,86488342;"SPRF-SP";"DEL07-SP";"UOP02-DEL07-SP"
456672;2022-06-19;"domingo";"04:00:00";"BA";242;871;"BARREIRAS";"Reação tardia ou ineficiente do condutor";"Colisão frontal";"Com Vítimas Fatais";"Plena Noite";"Decrescente";"Céu Claro";"Simples";"Reta";"Não";5;1;3;0;1;0;3;2;-12,08085607;-45,47898001;"SPRF-BA";"DEL10-BA";"UOP01-DEL10-BA"
456673;2022-06-19;"domingo";"02:40:00";"PR";373;262,7;"PRUDENTOPOLIS";"Reação tardia ou ineficiente do condutor";"Colisão com objeto";"Com Vítimas Feridas";"Plena Noite";"Decrescente";"Céu Claro";"Simples";"Reta";"Sim";1;0;1;0;0;0;1;1;-25,20035466;-50,96330988;"SPRF-PR";"DEL08-PR";"UOP01-DEL08-PR"
456674;2022-06-19;"domingo";"01:50:00";"RJ";101;407;"ITAGUAI";"Ingestão de álcool pelo condutor";"Saída de leito carroçável";"Com Vítimas Feridas";"Plena Noite";"Decrescente";"Chuva";"Simples";"Reta";"Sim";2;0;2;0;0;0;2;1;-22,87672058;-43,81631971;"SPRF-RJ";"DEL03-RJ";"UOP01-DEL03-RJ"
456679;2022-06-19;"domingo";"04:56:00";"GO";60;23;"ALEXANIA";"Velocidade Incompatível";"Colisão com objeto";"Sem Vítimas";"Plena Noite";"Decrescente";"Céu Claro";"Dupla";"Curva";"Não";2;0;0;0;0;2;0;1;-16,0963;-48,5202;"SPRF-DF";"DEL03-DF";"UOP01-DEL03-DF"
456680;2022-06-19;"domingo";"05:40:00";"GO";60;97,5;"ANAPOLIS";"Acessar a via sem observar a presença dos outros veículos";"Colisão transversal";"Com Vítimas Feridas";"Plena Noite";"Crescente";"Céu Claro";"Dupla";"Reta";"Sim";3;0;0;1;0;2;1;3;-16,3846;-48,9541;"SPRF-GO";"DEL02-GO";"UOP01-DEL02-GO"
456682;2022-06-19;"domingo";"05:30:00";"PI";343;29;"PARNAIBA";"Animais na Pista";"Atropelamento de Animal";"Com Vítimas Fatais";"Amanhecer";"Crescente";"Céu Claro";"Simples";"Reta";"Não";2;1;0;0;0;1;0;2;-3,061236;-41,777115;"SPRF-PI";"DEL05-PI";"UOP01-DEL05-PI"
456683;2022-06-19;"domingo";"05:40:00";"PR";277;594,8;"CASCAVEL";"Ingestão de álcool pelo condutor";"Colisão lateral sentido oposto";"Sem Vítimas";"Plena Noite";"Crescente";"Céu Claro";"Simples";"Reta";"Sim";2;0;0;0;2;0;0;2;-24,98282707;-53,50292899;"SPRF-PR";"DEL04-PR";"UOP01-DEL04-PR"
456685;2022-06-19;"domingo";"05:35:00";"PB";230;54;"CRUZ DO ESPIRITO SANTO";"Condutor Dormindo";"Saída de leito carroçável";"Sem Vítimas";"Amanhecer";"Decrescente";"Céu Claro";"Dupla";"Reta";"Não";1;0;0;0;1;0;0;1;-7,2007;-35,0854;"SPRF-PB";"DEL01-PB";"UOP03-DEL01-PB"
456686;2022-06-19;"domingo";"05:15:00";"SC";282;584,8;"PINHALZINHO";"Condutor Dormindo";"Colisão frontal";"Com Vítimas Feridas";"Plena Noite";"Crescente";"Nevoeiro/Neblina";"Simples";"Curva";"Não";2;0;2;0;0;0;2;2;-26,83097625;-53,01934576;"SPRF-SC";"DEL07-SC";"UOP02-DEL07-SC"
456687;2022-06-19;"domingo";"05:20:00";"SC";470;63;"INDAIAL";"Ausência de reação do condutor";"Capotamento";"Com Vítimas Feridas";"Plena Noite";"Decrescente";"Nublado";"Simples";"Reta";"Não";1;0;0;1;0;0;1;1;-26,872396;-49,19228;"SPRF-SC";"DEL04-SC";"UOP01-DEL04-SC"
456688;2022-06-19;"domingo";"06:30:00";"PR";277;652,3;"MATELANDIA";"Condutor deixou de manter distância do veículo da frente";"Colisão traseira";"Com Vítimas Feridas";"Amanhecer";"Crescente";"Nublado";"Simples";"Reta";"Sim";4;0;0;2;1;1;2;3;-25,200864;-53,94649744;"SPRF-PR";"DEL05-PR";"UOP02-DEL05-PR"
456689;2022-06-19;"domingo";"06:00:00";"AP";210;2;"MACAPA";"Ingestão de álcool pelo condutor";"Saída de leito carroçável";"Sem Vítimas";"Amanhecer";"Decrescente";"Nublado";"Simples";"Declive";"Sim";4;0;0;0;4;0;0;1;0,08282017;-51,07776189;"SPRF-AP";"DEL01-AP";"UOP01-DEL01-AP"
456691;2022-06-19;"domingo";"06:00:00";"SC";101;356;"SANGAO";"Ausência de reação do condutor";"Saída de leito carroçável";"Sem Vítimas";"Plena Noite";"Decrescente";"Céu Claro";"Simples";"Curva";"Não";1;0;0;0;1;0;0;1;-28,62930081;-49,08665412;"SPRF-SC";"DEL02-SC";"UOP01-DEL02-SC"
456692;2022-06-19;"domingo";"03:20:00";"PA";163;986;"SANTAREM";"Pista esburacada";"Tombamento";"Com Vítimas Feridas";"Plena Noite";"Crescente";"Ignorado";"Simples";"Reta";"Sim";1;0;1;0;0;0;1;1;-2,585896;-54,720208;"SPRF-PA";"DEL05-PA";"UOP01-DEL05-PA"
456693;2022-06-19;"domingo";"04:20:00";"TO";153;715,5;"FIGUEIROPOLIS";"Reação tardia ou ineficiente do condutor";"Tombamento";"Com Vítimas Feridas";"Plena Noite";"Decrescente";"Céu Claro";"Simples";"Reta";"Não";1;0;0;1;0;0;1;1;-12,10533394;-49,18495991;"SPRF-TO";"DEL01-TO";"UOP02-DEL01-TO"
456694;2022-06-19;"domingo";"02:00:00";"SC";470;194;"PONTE ALTA";"Velocidade Incompatível";"Capotamento";"Sem Vítimas";"Plena Noite";"Decrescente";"Nublado";"Simples";"Reta";"Não";1;0;0;0;1;0;0;1;-27,302698;-50,083617;"SPRF-SC";"DEL04-SC";"UOP02-DEL04-SC"
456695;2022-06-19;"domingo";"05:06:00";"SP";116;89;"PINDAMONHANGABA";"Ausência de reação do condutor";"Atropelamento de Pedestre";"Com Vítimas Feridas";"Plena Noite";"Decrescente";"Nublado";"Dupla";"Reta";"Não";2;0;0;1;0;1;1;2;-22,93930884;-45,37874708;"SPRF-SP";"DEL08-SP";"UOP01-DEL08-SP"
456696;2022-06-19;"domingo";"04:33:00";"BA";116;276;"TUCANO";"Manobra de mudança de faixa";"Colisão frontal";"Com Vítimas Feridas";"Amanhecer";"Crescente";"Céu Claro";"Simples";"Reta";"Não";2;0;0;1;0;1;1;2;-10,97836001;-38,79537498;"SPRF-BA";"DEL07-BA";"UOP02-DEL07-BA"
456697;2022-06-19;"domingo";"07:12:00";"SP";116;161;"JACAREI";"Condutor usando celular";"Colisão traseira";"Sem Vítimas";"Pleno dia";"Crescente";"Céu Claro";"Dupla";"Reta";"Sim";2;0;0;0;2;0;0;2;-23,27617003;-45,97592098;"SPRF-SP";"DEL02-SP";"UOP01-DEL02-SP"
456698;2022-06-19;"domingo";"07:30:00";"CE";116;189;"LIMOEIRO DO NORTE";"Obras na pista";"Queda de ocupante de veículo";"Com Vítimas Feridas";"Pleno dia";"Decrescente";"Céu Claro";"Simples";"Reta";"Não";1;0;0;1;0;0;1;1;-5,11140507;-38,13712494;"SPRF-CE";"DEL03-CE";"UOP01-DEL03-CE"
456699;2022-06-19;"domingo";"07:40:00";"PR";376;678;"GUARATUBA";"Condutor Dormindo";"Saída de leito carroçável";"Com Vítimas Feridas";"Amanhecer";"Crescente";"Nublado";"Dupla";"Curva";"Não";2;0;2;0;0;0;2;1;-25,94235196;-48,90906594;"SPRF-PR";"DEL01-PR";"UOP04-DEL01-PR"
456700;2022-06-19;"domingo";"05:30:00";"BA";101;358;"WENCESLAU GUIMARAES";"Velocidade Incompatível";"Colisão frontal";"Com Vítimas Feridas";"Amanhecer";"Crescente";"Nevoeiro/Neblina";"Simples";"Curva";"Não";3;0;2;0;1;0;2;2;-13,676743;-39,47699;"SPRF-BA";"DEL05-BA";"UOP03-DEL05-BA"
456702;2022-06-19;"domingo";"06:00:00";"MS";163;812;"SONORA";"Manobra de mudança de faixa";"Capotamento";"Sem Vítimas";"Pleno dia";"Crescente";"Nevoeiro/Neblina";"Simples";"Reta";"Não";2;0;0;0;2;0;0;1;-17,81993323;-54,72960029;"SPRF-MS";"DEL06-MS";"UOP01-DEL06-MS"
456703;2022-06-11;"sábado";"09:40:00";"SP";153;54,5;"SAO JOSE DO RIO PRETO";"Reação tardia ou ineficiente do condutor";"Tombamento";"Com Vítimas Feridas";"Pleno dia";"Crescente";"Céu Claro";"Dupla";"Reta;Declive;Retorno Regulamentado";"Sim";1;0;1;0;0;0;1;1;-20,74488916;-49,33894564;"SPRF-SP";"DEL09-SP";"UOP01-DEL09-SP"
456704;2022-06-19;"domingo";"07:43:00";"PR";476;122;"CURITIBA";"Reação tardia ou ineficiente do condutor";"Colisão lateral mesmo sentido";"Com Vítimas Feridas";"Pleno dia";"Crescente";"Nublado";"Dupla";"Retorno Regulamentado;Em Obras;Desvio Temporário";"Sim";2;0;1;0;1;0;1;2;-25,385775;-49,203377;"SPRF-PR";"DEL01-PR";"UOP01-DEL01-PR"
456706;2022-06-18;"sábado";"23:50:00";"AM";174;890,7;"MANAUS";"Reação tardia ou ineficiente do condutor";"Saída de leito carroçável";"Com Vítimas Feridas";"Plena Noite";"Decrescente";"Céu Claro";"Simples";"Curva";"Sim";1;0;0;1;0;0;1;1;-2,92441787;-60,03694179;"SPRF-AM";"DEL01-AM";"UOP01-DEL01-AM"
456707;2022-06-19;"domingo";"08:00:00";"SC";101;205,5;"SAO JOSE";"Ausência de reação do condutor";"Colisão com objeto";"Sem Vítimas";"Pleno dia";"Decrescente";"Nublado";"Múltipla";"Reta";"Sim";1;0;0;0;0;1;0;1;-27,58313237;-48,61532885;"SPRF-SC";"DEL01-SC";"UOP01-DEL01-SC"
456709;2022-06-19;"domingo";"07:34:00";"DF";70;6;"BRASILIA";"Ingestão de álcool pelo condutor";"Colisão com objeto";"Sem Vítimas";"Pleno dia";"Decrescente";"Céu Claro";"Dupla";"Reta";"Sim";1;0;0;0;1;0;0;1;-15,791242;-48,105759;"SPRF-DF";"DEL03-DF";"UOP02-DEL03-DF"
456710;2022-06-19;"domingo";"06:30:00";"PI";316;223;"VALENCA DO PIAUI";"Reação tardia ou ineficiente do condutor";"Saída de leito carroçável";"Com Vítimas Feridas";"Pleno dia";"Crescente";"Céu Claro";"Simples";"Reta";"Não";1;0;1;0;0;0;1;1;-6,502203;-41,738779;"SPRF-PI";"DEL04-PI";"UOP02-DEL04-PI"
456712;2022-06-19;"domingo";"05:15:00";"MA";222;361,1;"SANTA INES";"Ausência de reação do condutor";"Colisão traseira";"Com Vítimas Feridas";"Amanhecer";"Decrescente";"Céu Claro";"Simples";"Reta";"Não";2;0;2;0;0;0;2;2;-3,676084;-45,374226;"SPRF-MA";"DEL02-MA";"UOP01-DEL02-MA"
456713;2022-06-19;"domingo";"07:30:00";"RS";116;532;"CAPAO DO LEAO";"Ingestão de álcool pelo condutor";"Saída de leito carroçável";"Sem Vítimas";"Pleno dia";"Crescente";"Céu Claro";"Simples";"Reta";"Não";1;0;0;0;1;0;0;1;-31,77059873;-52,4527882;"SPRF-RS";"DEL07-RS";"UOP01-DEL07-RS"
456714;2022-06-19;"domingo";"09:00:00";"SP";381;13;"BRAGANCA PAULISTA";"Reação tardia ou ineficiente do condutor";"Tombamento";"Com Vítimas Feridas";"Pleno dia";"Decrescente";"Céu Claro";"Dupla";"Curva";"Não";1;0;1;0;0;0;1;1;-22,93319831;-46,46980452;"SPRF-SP";"DEL03-SP";"UOP01-DEL03-SP"
456715;2022-06-19;"domingo";"08:30:00";"BA";101;207,5;"GOVERNADOR MANGABEIRA";"Demais falhas na via";"Queda de ocupante de veículo";"Com Vítimas Feridas";"Pleno dia";"Crescente";"Céu Claro";"Simples";"Em Obras";"Não";1;0;0;1;0;0;1;1;-12,596734;-39,0357884;"SPRF-BA";"DEL01-BA";"UOP02-DEL01-BA"
456716;2022-06-19;"domingo";"05:30:00";"RS";472;593,7;"URUGUAIANA";"Ausência de reação do condutor";"Saída de leito carroçável";"Sem Vítimas";"Amanhecer";"Crescente";"Céu Claro";"Simples";"Reta";"Sim";1;0;0;0;1;0;0;1;-29,8366229;-57,10652322;"SPRF-RS";"DEL13-RS";"UOP01-DEL13-RS"
456718;2022-06-19;"domingo";"08:26:00";"DF";251;16,8;"BRASILIA";"Acesso irregular";"Colisão lateral mesmo sentido";"Com Vítimas Feridas";"Pleno dia";"Decrescente";"Céu Claro";"Simples";"Reta";"Não";2;0;1;0;0;1;1;2;-15,937868;-47,614777;"SPRF-DF";"DEL01-DF";"UOP01-DEL01-DF"
456719;2022-06-19;"domingo";"06:00:00";"MT";174;323;"PONTES E LACERDA";"Velocidade Incompatível";"Saída de leito carroçável";"Com Vítimas Fatais";"Pleno dia";"Crescente";"Céu Claro";"Simples";"Curva";"Não";2;2;0;0;0;0;0;1;-14,94026301;-59,29148406;"SPRF-MT";"DEL04-MT";"UOP01-DEL04-MT"
456720;2022-06-19;"domingo";"08:06:00";"RJ";116;98;"GUAPIMIRIM";"Reação tardia ou ineficiente do condutor";"Colisão traseira";"Com Vítimas Feridas";"Pleno dia";"Crescente";"Chuva";"Simples";"Curva";"Não";3;0;1;0;2;0;1;2;-22,48285706;-42,99723936;"SPRF-RJ";"DEL04-RJ";"UOP01-DEL04-RJ"
456722;2022-06-19;"domingo";"09:50:00";"GO";60;59,7;"ABADIANIA";"Animais na Pista";"Atropelamento de Animal";"Com Vítimas Feridas";"Pleno dia";"Decrescente";"Céu Claro";"Dupla";"Reta";"Sim";2;0;1;1;0;0;2;1;-16,19152712;-48,70510655;"SPRF-GO";"DEL02-GO";"UOP01-DEL02-GO"
456723;2022-06-19;"domingo";"10:00:00";"SE";101;105,9;"SAO CRISTOVAO";"Condutor Dormindo";"Saída de leito carroçável";"Sem Vítimas";"Pleno dia";"Decrescente";"Nublado";"Dupla";"Reta";"Não";1;0;0;0;1;0;0;1;-10,95854475;-37,24372745;"SPRF-SE";"DEL02-SE";"UOP01-DEL02-SE"
456724;2022-05-06;"sexta-feira";"11:35:00";"PR";163;8,6;"BARRACAO";"Desrespeitar a preferência no cruzamento";"Colisão transversal";"Com Vítimas Feridas";"Pleno dia";"Decrescente";"Sol";"Simples";"Reta;Aclive";"Sim";2;0;0;1;0;1;1;2;-26,25601;-53,629468;"SPRF-PR";"DEL02-PR";"UOP02-DEL02-PR"
456727;2022-06-19;"domingo";"08:50:00";"PE";408;75,2;"PAUDALHO";"Condutor deixou de manter distância do veículo da frente";"Engavetamento";"Com Vítimas Feridas";"Pleno dia";"Crescente";"Sol";"Dupla";"Curva";"Sim";3;0;2;0;0;1;2;3;-7,90849186;-35,17102897;"SPRF-PE";"DEL01-PE";"UOP01-DEL01-PE"
456728;2022-06-19;"domingo";"10:20:00";"BA";324;569;"SAO SEBASTIAO DO PASSE";"Velocidade Incompatível";"Saída de leito carroçável";"Com Vítimas Feridas";"Pleno dia";"Decrescente";"Céu Claro";"Dupla";"Reta";"Não";3;0;3;0;0;0;3;1;-12,54065603;-38,58868903;"SPRF-BA";"DEL01-BA";"UOP01-DEL01-BA"
456729;2022-06-19;"domingo";"10:20:00";"RN";101;113;"SAO JOSE DE MIPIBU";"Ingestão de álcool pelo condutor";"Colisão traseira";"Com Vítimas Feridas";"Pleno dia";"Decrescente";"Céu Claro";"Dupla";"Reta";"Não";2;0;2;0;0;0;2;2;-5,973247;-35,26489;"SPRF-RN";"DEL01-RN";"UOP01-DEL01-RN"
456731;2022-06-19;"domingo";"10:45:00";"BA";116;457;"SANTO ESTEVAO";"Demais falhas mecânicas ou elétricas";"Saída de leito carroçável";"Com Vítimas Feridas";"Pleno dia";"Decrescente";"Céu Claro";"Dupla";"Reta";"Não";2;0;1;1;0;0;2;1;-12,41101412;-39,18356593;"SPRF-BA";"DEL02-BA";"UOP01-DEL02-BA"
456732;2022-06-19;"domingo";"10:50:00";"MG";40;799,5;"JUIZ DE FORA";"Avarias e/ou desgaste excessivo no pneu";"Saída de leito carroçável";"Com Vítimas Feridas";"Pleno dia";"Decrescente";"Garoa/Chuvisco";"Dupla";"Curva;Aclive";"Não";1;0;0;1;0;0;1;1;-21,82857001;-43,37364401;"SPRF-MG";"DEL05-MG";"UOP01-DEL05-MG"
456733;2022-06-19;"domingo";"10:08:00";"PR";369;131;"IBIPORA";"Acessar a via sem observar a presença dos outros veículos";"Queda de ocupante de veículo";"Com Vítimas Feridas";"Pleno dia";"Decrescente";"Nublado";"Dupla";"Reta";"Sim";1;0;1;0;0;0;1;1;-23,26113697;-50,98923862;"SPRF-PR";"DEL07-PR";"UOP01-DEL07-PR"
456734;2022-06-19;"domingo";"07:30:00";"CE";222;171,1;"IRAUCUBA";"Condutor Dormindo";"Saída de leito carroçável";"Com Vítimas Feridas";"Pleno dia";"Decrescente";"Céu Claro";"Simples";"Reta";"Não";1;0;1;0;0;0;1;1;-3,75031559;-39,96800004;"SPRF-CE";"DEL04-CE";"UOP03-DEL04-CE"
456736;2022-06-19;"domingo";"10:30:00";"RO";364;713;"PORTO VELHO";"Mal súbito do condutor";"Tombamento";"Com Vítimas Feridas";"Pleno dia";"Crescente";"Céu Claro";"Dupla";"Reta";"Sim";2;0;1;1;0;0;2;1;-8,77331583;-63,87969248;"SPRF-RO";"DEL01-RO";"UOP01-DEL01-RO"
456737;2022-06-19;"domingo";"12:00:00";"PE";104;54,9;"CARUARU";"Avarias e/ou desgaste excessivo no pneu";"Queda de ocupante de veículo";"Com Vítimas Feridas";"Pleno dia";"Crescente";"Céu Claro";"Dupla";"Reta";"Não";1;0;1;0;0;0;1;1;-8,1928;-35,9662;"SPRF-PE";"DEL02-PE";"UOP01-DEL02-PE"
456738;2022-06-19;"domingo";"12:00:00";"RJ";101;253;"RIO BONITO";"Manobra de mudança de faixa";"Colisão lateral mesmo sentido";"Com Vítimas Feridas";"Pleno dia";"Decrescente";"Garoa/Chuvisco";"Dupla";"Reta";"Sim";4;0;3;0;1;0;3;2;-22,68791645;-42,54123963;"SPRF-RJ";"DEL02-RJ";"UOP03-DEL02-RJ"
456739;2022-06-19;"domingo";"11:20:00";"MG";40;749,5;"SANTOS DUMONT";"Pista Escorregadia";"Tombamento";"Com Vítimas Feridas";"Pleno dia";"Crescente";"Garoa/Chuvisco";"Simples";"Curva";"Não";2;0;2;0;0;0;2;1;-21,447874;-43,55738803;"SPRF-MG";"DEL05-MG";"UOP01-DEL05-MG"
456740;2022-06-19;"domingo";"12:40:00";"SC";101;180;"BIGUACU";"Demais falhas mecânicas ou elétricas";"Queda de ocupante de veículo";"Com Vítimas Feridas";"Pleno dia";"Decrescente";"Céu Claro";"Dupla";"Interseção de Vias";"Não";1;0;1;0;0;0;1;1;-27,38509093;-48,62005413;"SPRF-SC";"DEL01-SC";"UOP01-DEL01-SC"
456741;2022-06-19;"domingo";"12:40:00";"MG";381;448;"SABARA";"Velocidade Incompatível";"Colisão traseira";"Sem Vítimas";"Pleno dia";"Crescente";"Céu Claro";"Simples";"Reta";"Não";3;0;0;0;3;0;0;2;-19,83435173;-43,85962899;"SPRF-MG";"DEL01-MG";"UOP01-DEL01-MG"
456745;2022-06-19;"domingo";"08:00:00";"MG";153;40;"FRUTAL";"Ausência de reação do condutor";"Saída de leito carroçável";"Sem Vítimas";"Amanhecer";"Crescente";"Céu Claro";"Simples";"Reta";"Não";1;0;0;0;0;1;0;1;-19,971765;-48,960679;"SPRF-MG";"DEL15-MG";"UOP03-DEL15-MG"
456749;2022-06-19;"domingo";"02:04:00";"PI";135;225;"COLONIA DO GURGUEIA";"Transitar na contramão";"Colisão lateral sentido oposto";"Com Vítimas Feridas";"Pleno dia";"Crescente";"Céu Claro";"Simples";"Reta";"Não";3;0;1;0;1;1;1;2;-8,16179524;-43,78495258;"SPRF-PI";"DEL03-PI";"UOP02-DEL03-PI"
456750;2022-06-19;"domingo";"10:54:00";"ES";262;77,6;"DOMINGOS MARTINS";"Velocidade Incompatível";"Colisão com objeto";"Com Vítimas Feridas";"Pleno dia";"Decrescente";"Chuva";"Simples";"Curva;Declive";"Não";3;0;1;1;1;0;2;1;-20,40832649;-40,91604228;"SPRF-ES";"DEL01-ES";"UOP02-DEL01-ES"
456751;2022-06-19;"domingo";"13:40:00";"MG";40;717;"BARBACENA";"Chuva";"Colisão com objeto";"Com Vítimas Feridas";"Pleno dia";"Crescente";"Chuva";"Dupla";"Curva";"Não";5;0;3;0;2;0;3;1;-21,26034802;-43,66189055;"SPRF-MG";"DEL05-MG";"UOP01-DEL05-MG"
456754;2022-06-19;"domingo";"13:50:00";"MG";381;488;"BETIM";"Manobra de mudança de faixa";"Colisão com objeto";"Com Vítimas Feridas";"Pleno dia";"Decrescente";"Sol";"Múltipla";"Reta;Aclive";"Sim";1;0;1;0;0;0;1;1;-19,9598656;-44,15489715;"SPRF-MG";"DEL01-MG";"UOP03-DEL01-MG"
456756;2022-06-19;"domingo";"13:51:00";"SP";116;106;"TAUBATE";"Ausência de reação do condutor";"Colisão lateral mesmo sentido";"Com Vítimas Feridas";"Pleno dia";"Crescente";"Céu Claro";"Dupla";"Reta";"Sim";3;0;2;0;1;0;2;2;-23,01250593;-45,52256005;"SPRF-SP";"DEL08-SP";"UOP01-DEL08-SP"
456758;2022-06-19;"domingo";"10:00:00";"RJ";116;169;"RIO DE JANEIRO";"Demais falhas mecânicas ou elétricas";"Colisão lateral mesmo sentido";"Com Vítimas Feridas";"Pleno dia";"Decrescente";"Céu Claro";"Múltipla";"Reta";"Sim";3;0;1;0;2;0;1;2;-22,816206;-43,324463;"SPRF-RJ";"DEL01-RJ";"UOP02-DEL01-RJ"
456760;2022-06-19;"domingo";"13:45:00";"MG";40;50,1;"PARACATU";"Reação tardia ou ineficiente do condutor";"Saída de leito carroçável";"Com Vítimas Feridas";"Pleno dia";"Decrescente";"Céu Claro";"Simples";"Curva";"Não";1;0;1;0;0;0;1;1;-17,23931275;-46,80040697;"SPRF-MG";"DEL14-MG";"UOP01-DEL14-MG"
456761;2022-06-19;"domingo";"14:00:00";"RJ";116;312;"RESENDE";"Velocidade Incompatível";"Capotamento";"Com Vítimas Feridas";"Pleno dia";"Decrescente";"Nublado";"Dupla";"Curva;Aclive";"Não";1;0;1;0;0;0;1;1;-22,46068623;-44,45262504;"SPRF-RJ";"DEL07-RJ";"UOP02-DEL07-RJ"
456763;2022-06-19;"domingo";"13:20:00";"CE";116;11;"FORTALEZA";"Conversão proibida";"Colisão lateral sentido oposto";"Com Vítimas Feridas";"Pleno dia";"Decrescente";"Céu Claro";"Simples";"Viaduto";"Sim";2;0;1;0;1;0;1;2;-3,8497499;-38,4950993;"SPRF-CE";"DEL01-CE";"UOP02-DEL01-CE"
456764;2022-06-19;"domingo";"15:12:00";"PE";101;7,5;"GOIANA";"Reação tardia ou ineficiente do condutor";"Colisão traseira";"Com Vítimas Feridas";"Pleno dia";"Crescente";"Céu Claro";"Múltipla";"Reta;Interseção de Vias";"Sim";3;0;2;0;1;0;2;2;-7,55997111;-34,99072674;"SPRF-PE";"DEL01-PE";"UOP02-DEL01-PE"
456765;2022-06-19;"domingo";"14:55:00";"PE";232;23;"MORENO";"Condutor deixou de manter distância do veículo da frente";"Colisão lateral mesmo sentido";"Com Vítimas Feridas";"Pleno dia";"Decrescente";"Céu Claro";"Dupla";"Reta";"Não";2;0;0;1;1;0;1;2;-8,0986004;-35,09353023;"SPRF-PE";"DEL01-PE";"UOP01-DEL01-PE"
456768;2022-06-19;"domingo";"14:00:00";"SP";116;104,6;"TAUBATE";"Condutor deixou de manter distância do veículo da frente";"Engavetamento";"Sem Vítimas";"Pleno dia";"Crescente";"Sol";"Dupla";"Reta";"Não";4;0;0;0;4;0;0;4;-23,00340176;-45,50626912;"SPRF-SP";"DEL08-SP";"UOP01-DEL08-SP"
456770;2022-06-19;"domingo";"14:57:00";"PE";232;91,2;"SAIRE";"Ausência de reação do condutor";"Colisão com objeto";"Com Vítimas Feridas";"Pleno dia";"Crescente";"Nublado";"Dupla";"Reta";"Não";1;0;1;0;0;0;1;1;-8,21834835;-35,66463196;"SPRF-PE";"DEL02-PE";"UOP02-DEL02PE"
456771;2022-06-19;"domingo";"08:30:00";"MT";174;9;"PONTES E LACERDA";"Reação tardia ou ineficiente do condutor";"Saída de leito carroçável";"Sem Vítimas";"Pleno dia";"Crescente";"Céu Claro";"Simples";"Reta";"Não";1;0;0;0;0;1;0;1;-15,21218263;-59,35638428;"SPRF-MT";"DEL04-MT";"UOP01-DEL04-MT"
456774;2022-06-19;"domingo";"14:20:00";"PE";104;0;"TAQUARITINGA DO NORTE";"Pista Escorregadia";"Colisão frontal";"Com Vítimas Feridas";"Pleno dia";"Crescente";"Garoa/Chuvisco";"Simples";"Reta";"Não";3;0;2;0;1;0;2;2;-7,792624;-36,101326;"SPRF-PE";"DEL02-PE";"UOP01-DEL02-PE"
456775;2022-06-19;"domingo";"15:15:00";"RJ";101;218;"CASIMIRO DE ABREU";"Reação tardia ou ineficiente do condutor";"Colisão com objeto";"Com Vítimas Feridas";"Pleno dia";"Crescente";"Garoa/Chuvisco";"Dupla";"Reta";"Não";5;0;5;0;0;0;5;1;-22,50788881;-42,30025408;"SPRF-RJ";"DEL02-RJ";"UOP03-DEL02-RJ"
456776;2022-06-19;"domingo";"13:15:00";"MG";40;718;"BARBACENA";"Chuva";"Colisão com objeto";"Com Vítimas Feridas";"Pleno dia";"Decrescente";"Chuva";"Dupla";"Curva";"Não";4;0;1;0;3;0;1;1;-21,2656332;-43,65557499;"SPRF-MG";"DEL05-MG";"UOP01-DEL05-MG"
456777;2022-06-19;"domingo";"15:15:00";"BA";242;843;"BARREIRAS";"Reação tardia ou ineficiente do condutor";"Saída de leito carroçável";"Sem Vítimas";"Pleno dia";"Decrescente";"Céu Claro";"Simples";"Reta";"Não";3;0;0;0;1;2;0;2;-12,1174799;-45,224732;"SPRF-BA";"DEL10-BA";"UOP01-DEL10-BA"
456781;2022-06-19;"domingo";"16:00:00";"GO";153;431,3;"ANAPOLIS";"Avarias e/ou desgaste excessivo no pneu";"Tombamento";"Com Vítimas Feridas";"Pleno dia";"Crescente";"Céu Claro";"Dupla";"Reta";"Sim";2;0;1;1;0;0;2;1;-16,27422914;-48,97017317;"SPRF-GO";"DEL02-GO";"UOP01-DEL02-GO"
456783;2022-06-19;"domingo";"16:10:00";"RS";116;264;"CANOAS";"Ultrapassagem Indevida";"Colisão lateral mesmo sentido";"Com Vítimas Feridas";"Pleno dia";"Decrescente";"Céu Claro";"Dupla";"Reta";"Não";2;0;1;0;1;0;1;2;-29,914435;-51,17754495;"SPRF-RS";"DEL01-RS";"UOP01-DEL01-RS"
456784;2022-06-19;"domingo";"16:35:00";"MG";381;505,9;"BETIM";"Ingestão de álcool pelo condutor";"Colisão traseira";"Sem Vítimas";"Pleno dia";"Decrescente";"Céu Claro";"Dupla";"Reta;Aclive";"Sim";2;0;0;0;2;0;0;2;-20,038038;-44,25029;"SPRF-MG";"DEL01-MG";"UOP03-DEL01-MG"