"id";"data_inversa";"dia_semana";"horario";"uf";"br";"km";"municipio";"causa_acidente";"tipo_acidente";"classificacao_acidente";"fase_dia";"sentido_via";"condicao_metereologica";"tipo_pista";"tracado_via";"uso_solo";"pessoas";"mortos";"feridos_leves";"feridos_graves";"ilesos";"ignorados";"feridos";"veiculos";"latitude";"longitude";"regional";"delegacia";"uop"
456893;2022-06-20;"segunda-feira";"09:20:00";"GO";153;111;"SANTA TEREZA DE GOIAS";"Reação tardia ou ineficiente do condutor";"Colisão lateral sentido oposto";"Com Vítimas Feridas";"Pleno dia";"Decrescente";"Céu Claro";"Simples";"Aclive";"Não";1;0;1;0;0;0;1;1;-13,743605;-49,030827;"SPRF-GO";"DEL07-GO";"UOP01-DEL07-GO"
456894;2022-06-20;"segunda-feira";"10:35:00";"RS";116;245;"SAO LEOPOLDO";"Reação tardia ou ineficiente do condutor";"Engavetamento";"Com Vítimas Feridas";"Pleno dia";"Decrescente";"Céu Claro";"Dupla";"Reta";"Sim";3;0;1;0;2;0;1;3;-29,74980902;-51,15125361;"SPRF-RS";"DEL01-RS";"UOP02-DEL01-RS"
456895;2022-06-20;"segunda-feira";"11:25:00";"SP";116;99;"PINDAMONHANGABA";"Acumulo de óleo sobre o pavimento";"Tombamento";"Com Vítimas Feridas";"Pleno dia";"Decrescente";"Sol";"Simples";"Retorno Regulamentado";"Não";1;0;1;0;0;0;1;1;-22,98236971;-45,46436617;"SPRF-SP";"DEL08-SP";"UOP01-DEL08-SP"
456897;2022-06-20;"segunda-feira";"11:00:00";"ES";262;92,5;"DOMINGOS MARTINS";"Reação tardia ou ineficiente do condutor";"Colisão com objeto";"Com Vítimas Feridas";"Pleno dia";"Crescente";"Céu Claro";"Simples";"Reta";"Não";1;0;1;0;0;0;1;1;-20,37836085;-41,04241992;"SPRF-ES";"DEL01-ES";"UOP02-DEL01-ES"
456899;2022-06-20;"segunda-feira";"09:15:00";"AL";101;81,7;"RIO LARGO";"Acumulo de água sobre o pavimento";"Saída de leito carroçável";"Sem Vítimas";"Pleno dia";"Crescente";"Chuva";"Dupla";"Curva";"Não";1;0;0;0;1;0;0;1;-9,44701176;-35,851915;"SPRF-AL";"DEL01-AL";"UOP01-DEL01-AL"
456900;2022-06-20;"segunda-feira";"07:40:00";"RS";293;343;"SANTANA DO LIVRAMENTO";"Animais na Pista";"Saída de leito carroçável";"Sem Vítimas";"Amanhecer";"Decrescente";"Céu Claro";"Simples";"Curva";"Não";1;0;0;0;1;0;0;1;-30,84412814;-55,56052616;"SPRF-RS";"DEL11-RS";"UOP01-DEL11-RS"
456901;2022-06-20;"segunda-feira";"10:15:00";"RO";364;15;"VILHENA";"Estacionar ou parar em local proibido";"Colisão traseira";"Com Vítimas Feridas";"Pleno dia";"Crescente";"Céu Claro";"Simples";"Reta";"Sim";3;0;1;0;2;0;1;3;-12,73672751;-60,14804088;"SPRF-RO";"DEL04-RO";"UOP01-DEL04-RO"
456902;2022-06-20;"segunda-feira";"07:55:00";"SC";101;129;"BALNEARIO CAMBORIU";"Ausência de reação do condutor";"Tombamento";"Com Vítimas Feridas";"Pleno dia";"Decrescente";"Céu Claro";"Dupla";"Reta";"Não";2;0;1;0;1;0;1;1;-26,98064277;-48,6790679;"SPRF-SC";"DEL04-SC";"UOP03-DEL04-SC"
456904;2022-06-20;"segunda-feira";"06:45:00";"DF";20;13,7;"BRASILIA";"Trafegar com motocicleta (ou similar) entre as faixas";"Colisão traseira";"Com Vítimas Feridas";"Pleno dia";"Crescente";"Céu Claro";"Dupla";"Reta";"Não";3;0;1;0;2;0;1;2;-15,638752;-47,749599;"SPRF-DF";"DEL02-DF";"UOP01-DEL02-DF"
456905;2022-06-20;"segunda-feira";"12:00:00";"SC";280;26,8;"ARAQUARI";"Acessar a via sem observar a presença dos outros veículos";"Colisão transversal";"Com Vítimas Feridas";"Pleno dia";"Decrescente";"Céu Claro";"Simples";"Reta";"Não";3;0;1;0;2;0;1;2;-26,38972308;-48,73411593;"SPRF-SC";"DEL03-SC";"UOP03-DEL03-SC"
456906;2022-06-20;"segunda-feira";"10:00:00";"SP";116;224;"GUARULHOS";"Acessar a via sem observar a presença dos outros veículos";"Colisão transversal";"Com Vítimas Feridas";"Pleno dia";"Crescente";"Nublado";"Múltipla";"Interseção de Vias";"Sim";2;0;1;0;1;0;1;2;-23,48071896;-46,53271603;"SPRF-SP";"DEL01-SP";"UOP01-DEL01-SP"
456907;2022-06-20;"segunda-feira";"12:20:00";"PR";476;138;"CURITIBA";"Desrespeitar a preferência no cruzamento";"Colisão transversal";"Com Vítimas Feridas";"Pleno dia";"Decrescente";"Céu Claro";"Múltipla";"Reta;Interseção de Vias";"Sim";2;0;1;0;1;0;1;2;-25,505564;-49,283417;"SPRF-PR";"DEL01-PR";"UOP03-DEL01-PR"
456908;2022-06-20;"segunda-feira";"12:30:00";"SC";282;5,8;"SAO JOSE";"Reação tardia ou ineficiente do condutor";"Colisão lateral mesmo sentido";"Com Vítimas Feridas";"Pleno dia";"Decrescente";"Céu Claro";"Dupla";"Curva";"Sim";3;0;1;1;1;0;2;2;-27,58385576;-48,61586988;"SPRF-SC";"DEL01-SC";"UOP01-DEL01-SC"
456910;2022-06-20;"segunda-feira";"10:45:00";"RO";319;62;"PORTO VELHO";"Transitar na contramão";"Colisão transversal";"Com Vítimas Feridas";"Pleno dia";"Decrescente";"Céu Claro";"Dupla";"Reta";"Sim";3;0;2;0;1;0;2;2;-8,766685;-63,884052;"SPRF-RO";"DEL01-RO";"UOP01-DEL01-RO"
456911;2022-06-20;"segunda-feira";"10:00:00";"AC";317;264;"EPITACIOLANDIA";"Reação tardia ou ineficiente do condutor";"Saída de leito carroçável";"Com Vítimas Feridas";"Pleno dia";"Crescente";"Céu Claro";"Simples";"Aclive";"Não";2;0;0;1;0;1;1;2;-10,898258;-68,552892;"SPRF-AC";"DEL01-AC";"UOP02-DEL01-AC"
456912;2022-06-20;"segunda-feira";"07:20:00";"PE";101;42,9;"IGARASSU";"Desrespeitar a preferência no cruzamento";"Colisão transversal";"Com Vítimas Feridas";"Pleno dia";"Crescente";"Céu Claro";"Múltipla";"Reta;Retorno Regulamentado";"Sim";2;0;0;1;1;0;1;2;-7,84461241;-34,91065621;"SPRF-PE";"DEL01-PE";"UOP02-DEL01-PE"
456913;2022-06-20;"segunda-feira";"06:50:00";"SC";470;55,5;"BLUMENAU";"Ultrapassagem Indevida";"Colisão lateral mesmo sentido";"Com Vítimas Feridas";"Pleno dia";"Crescente";"Céu Claro";"Simples";"Reta";"Não";2;0;1;0;1;0;1;2;-26,875601;-49,117992;"SPRF-SC";"DEL04-SC";"UOP01-DEL04-SC"
456914;2022-06-20;"segunda-feira";"12:35:00";"PR";277;724,8;"FOZ DO IGUACU";"Reação tardia ou ineficiente do condutor";"Colisão traseira";"Com Vítimas Feridas";"Pleno dia";"Crescente";"Céu Claro";"Dupla";"Reta";"Sim";2;0;1;0;1;0;1;2;-25,50257577;-54,53868311;"SPRF-PR";"DEL05-PR";"UOP03-DEL05-PR"
456915;2022-06-20;"segunda-feira";"08:50:00";"SP";116;230;"SAO PAULO";"Trafegar com motocicleta (ou similar) entre as faixas";"Colisão lateral mesmo sentido";"Com Vítimas Feridas";"Pleno dia";"Crescente";"Céu Claro";"Múltipla";"Reta";"Sim";2;0;1;0;1;0;1;2;-23,52251783;-46,5855702;"SPRF-SP";"DEL01-SP";"UOP01-DEL01-SP"
456916;2022-06-20;"segunda-feira";"10:30:00";"SC";101;142;"ITAPEMA";"Demais falhas mecânicas ou elétricas";"Incêndio";"Sem Vítimas";"Pleno dia";"Crescente";"Céu Claro";"Simples";"Declive";"Sim";2;0;0;0;2;0;0;1;-27,06192908;-48,59584451;"SPRF-SC";"DEL04-SC";"UOP03-DEL04-SC"
456917;2022-06-20;"segunda-feira";"11:45:00";"PR";376;185,9;"SARANDI";"Manobra de mudança de faixa";"Colisão traseira";"Com Vítimas Feridas";"Pleno dia";"Crescente";"Sol";"Dupla";"Retorno Regulamentado;Reta";"Sim";2;0;0;1;1;0;1;2;-23,45114045;-51,85459971;"SPRF-PR";"DEL09-PR";"UOP01-DEL09-PR"
456918;2022-06-20;"segunda-feira";"09:00:00";"MG";381;877;"ESTIVA";"Velocidade Incompatível";"Saída de leito carroçável";"Com Vítimas Feridas";"Pleno dia";"Decrescente";"Chuva";"Dupla";"Curva";"Não";4;0;3;1;0;0;4;1;-22,48184;-46,010895;"SPRF-MG";"DEL16-MG";"UOP01-DEL16-MG"
456919;2022-06-20;"segunda-feira";"13:00:00";"RS";116;240;"NOVO HAMBURGO";"Condutor deixou de manter distância do veículo da frente";"Colisão traseira";"Com Vítimas Feridas";"Pleno dia";"Decrescente";"Céu Claro";"Dupla";"Reta";"Sim";2;0;1;0;0;1;1;2;-29,70496497;-51,14676523;"SPRF-RS";"DEL01-RS";"UOP02-DEL01-RS"
456920;2022-06-20;"segunda-feira";"13:20:00";"PR";476;136,8;"CURITIBA";"Pedestre cruzava a pista fora da faixa";"Atropelamento de Pedestre";"Com Vítimas Feridas";"Pleno dia";"Crescente";"Céu Claro";"Múltipla";"Reta;Interseção de Vias";"Sim";3;0;0;1;2;0;1;2;-25,49760378;-49,27706122;"SPRF-PR";"DEL01-PR";"UOP03-DEL01-PR"
456921;2022-06-20;"segunda-feira";"12:00:00";"PR";376;223;"CAMBIRA";"Acessar a via sem observar a presença dos outros veículos";"Colisão transversal";"Com Vítimas Feridas";"Pleno dia";"Crescente";"Céu Claro";"Dupla";"Retorno Regulamentado";"Sim";5;0;4;0;1;0;4;2;-23,59601722;-51,58041358;"SPRF-PR";"DEL07-PR";"UOP03-DEL07-PR"
456922;2022-06-20;"segunda-feira";"12:00:00";"MG";40;633;"CONSELHEIRO LAFAIETE";"Acessar a via sem observar a presença dos outros veículos";"Colisão transversal";"Com Vítimas Feridas";"Pleno dia";"Decrescente";"Sol";"Simples";"Interseção de Vias";"Sim";4;0;4;0;0;0;4;2;-20,68168197;-43,79419779;"SPRF-MG";"DEL05-MG";"UOP02-DEL05-MG"
456923;2022-06-20;"segunda-feira";"10:00:00";"PR";376;450,8;"TIBAGI";"Velocidade Incompatível";"Colisão com objeto";"Com Vítimas Feridas";"Pleno dia";"Crescente";"Chuva";"Dupla";"Curva";"Não";1;0;1;0;0;0;1;1;-24,934557;-50,40438302;"SPRF-PR";"DEL03-PR";"UOP02-DEL03-PR"
456924;2022-06-20;"segunda-feira";"13:30:00";"ES";101;290;"CARIACICA";"Velocidade Incompatível";"Saída de leito carroçável";"Com Vítimas Feridas";"Pleno dia";"Decrescente";"Nublado";"Dupla";"Reta";"Sim";3;0;1;0;2;0;1;1;-20,287291;-40,39201152;"SPRF-ES";"DEL01-ES";"UOP01-DEL01-ES"
456926;2022-06-19;"domingo";"11:00:00";"MA";316;554;"CAXIAS";"Acessar a via sem observar a presença dos outros veículos";"Colisão transversal";"Com Vítimas Feridas";"Pleno dia";"Decrescente";"Céu Claro";"Simples";"Rotatória";"Sim";6;0;1;1;3;1;2;2;-4,87692236;-43,33690166;"SPRF-MA";"DEL03-MA";"UOP02-DEL03-MA"
456928;2022-06-20;"segunda-feira";"12:40:00";"RJ";116;189;"QUEIMADOS";"Condutor deixou de manter distância do veículo da frente";"Colisão lateral mesmo sentido";"Com Vítimas Feridas";"Pleno dia";"Decrescente";"Céu Claro";"Dupla";"Reta";"Sim";2;0;1;0;1;0;1;2;-22,73765712;-43,49182298;"SPRF-RJ";"DEL01-RJ";"UOP02-DEL01-RJ"
456930;2022-06-20;"segunda-feira";"01:30:00";"GO";60;380;"RIO VERDE";"Ingestão de álcool pelo condutor";"Saída de leito carroçável";"Com Vítimas Feridas";"Plena Noite";"Decrescente";"Céu Claro";"Dupla";"Curva;Aclive";"Sim";1;0;1;0;0;0;1;1;-17,7646;-50,8822;"SPRF-GO";"DEL04-GO";"UOP01-DEL04-GO"
456933;2022-06-20;"segunda-feira";"14:00:00";"RJ";116;107;"GUAPIMIRIM";"Ausência de reação do condutor";"Queda de ocupante de veículo";"Com Vítimas Feridas";"Pleno dia";"Crescente";"Céu Claro";"Dupla";"Reta";"Não";1;0;1;0;0;0;1;1;-22,52826187;-42,99737551;"SPRF-RJ";"DEL04-RJ";"UOP01-DEL04-RJ"
456935;2022-06-20;"segunda-feira";"14:10:00";"MG";40;723,1;"BARBACENA";"Velocidade Incompatível";"Saída de leito carroçável";"Com Vítimas Feridas";"Pleno dia";"Crescente";"Céu Claro";"Dupla";"Reta";"Não";1;0;1;0;0;0;1;1;-21,29864253;-43,62857213;"SPRF-MG";"DEL05-MG";"UOP01-DEL05-MG"
456936;2022-06-20;"segunda-feira";"13:10:00";"MT";364;127;"PEDRA PRETA";"Transitar na contramão";"Colisão frontal";"Com Vítimas Feridas";"Pleno dia";"Decrescente";"Céu Claro";"Simples";"Reta";"Não";2;0;2;0;0;0;2;2;-16,7966327;-54,12254918;"SPRF-MT";"DEL02-MT";"UOP02-DEL02-MT"
456937;2022-06-20;"segunda-feira";"07:40:00";"PE";116;82;"BELEM DE SAO FRANCISCO";"Velocidade Incompatível";"Saída de leito carroçável";"Sem Vítimas";"Pleno dia";"Decrescente";"Nublado";"Simples";"Rotatória;Curva;Aclive";"Não";4;0;0;0;4;0;0;1;-8,54766589;-39,22596574;"SPRF-PE";"DEL05-PE";"UOP03-DEL05-PE"
456939;2022-06-20;"segunda-feira";"14:00:00";"ES";101;60,8;"SAO MATEUS";"Acessar a via sem observar a presença dos outros veículos";"Colisão transversal";"Com Vítimas Feridas";"Pleno dia";"Decrescente";"Céu Claro";"Simples";"Interseção de Vias";"Não";5;0;2;2;1;0;4;2;-18,67286757;-39,86626189;"SPRF-ES";"DEL04-ES";"UOP02-DEL04-ES"
456941;2022-06-20;"segunda-feira";"09:15:00";"PE";101;70;"RECIFE";"Frear bruscamente";"Colisão com objeto";"Com Vítimas Feridas";"Pleno dia";"Decrescente";"Nublado";"Dupla";"Reta";"Sim";2;0;2;0;0;0;2;1;-8,06776119;-34,94265074;"SPRF-PE";"DEL01-PE";"UOP01-DEL01-PE"
456942;2022-06-20;"segunda-feira";"07:20:00";"CE";402;268,8;"ITAPIPOCA";"Ausência de reação do condutor";"Colisão traseira";"Com Vítimas Feridas";"Pleno dia";"Decrescente";"Céu Claro";"Simples";"Reta";"Sim";6;0;2;0;3;1;2;3;-3,47502406;-39,54437103;"SPRF-CE";"DEL01-CE";"UOP03-DEL01-CE"
456943;2022-06-20;"segunda-feira";"11:00:00";"PA";230;122;"MARABA";"Carga excessiva e/ou mal acondicionada";"Colisão lateral mesmo sentido";"Com Vítimas Feridas";"Pleno dia";"Decrescente";"Céu Claro";"Dupla";"Reta";"Sim";2;0;1;0;1;0;1;2;-5,368063;-49,128369;"SPRF-PA";"DEL03-PA";"UOP01-DEL03-PA"
456944;2022-06-20;"segunda-feira";"10:00:00";"RO";364;344;"JI-PARANA";"Acesso irregular";"Colisão transversal";"Com Vítimas Feridas";"Pleno dia";"Crescente";"Céu Claro";"Dupla";"Interseção de Vias";"Sim";2;0;1;0;1;0;1;2;-10,87366765;-61,9527626;"SPRF-RO";"DEL02-RO";"UOP01-DEL02-RO"
456945;2022-03-29;"terça-feira";"11:10:00";"RJ";101;205,4;"CASIMIRO DE ABREU";"Ausência de reação do condutor";"Colisão traseira";"Com Vítimas Feridas";"Pleno dia";"Crescente";"Nublado";"Simples";"Reta";"Não";4;0;2;0;2;0;2;3;-22,475714;-42,19184;"SPRF-RJ";"DEL08-RJ";"UOP04-DEL08-RJ"
456947;2022-06-20;"segunda-feira";"07:40:00";"PI";316;10,2;"TERESINA";"Reação tardia ou ineficiente do condutor";"Colisão traseira";"Com Vítimas Feridas";"Pleno dia";"Crescente";"Sol";"Múltipla";"Reta";"Sim";2;0;0;1;1;0;1;2;-5,18280197;-42,76350291;"SPRF-PI";"DEL01-PI";"UOP02-DEL01-PI"
456948;2022-06-20;"segunda-feira";"14:30:00";"SC";282;4,4;"FLORIANOPOLIS";"Reação tardia ou ineficiente do condutor";"Colisão traseira";"Com Vítimas Feridas";"Pleno dia";"Decrescente";"Céu Claro";"Múltipla";"Reta";"Sim";2;0;1;0;1;0;1;2;-27,592646;-48,604034;"SPRF-SC";"DEL01-SC";"UOP01-DEL01-SC"
456950;2022-06-20;"segunda-feira";"14:30:00";"CE";116;455,6;"BARRO";"Acessar a via sem observar a presença dos outros veículos";"Colisão transversal";"Sem Vítimas";"Pleno dia";"Crescente";"Sol";"Simples";"Reta";"Sim";2;0;0;0;1;1;0;2;-7,182242;-38,782653;"SPRF-CE";"DEL05-CE";"UOP03-DEL05-CE"
456952;2022-06-20;"segunda-feira";"13:46:00";"RJ";116;207;"SEROPEDICA";"Demais falhas mecânicas ou elétricas";"Incêndio";"Sem Vítimas";"Pleno dia";"Decrescente";"Céu Claro";"Dupla";"Reta";"Sim";2;0;0;0;0;2;0;2;-22,72454443;-43,66145706;"SPRF-RJ";"DEL01-RJ";"UOP03-DEL01-RJ"
456953;2022-06-20;"segunda-feira";"06:10:00";"MA";402;26;"AXIXA";"Reação tardia ou ineficiente do condutor";"Colisão lateral sentido oposto";"Sem Vítimas";"Pleno dia";"Crescente";"Céu Claro";"Simples";"Reta";"Sim";2;0;0;0;2;0;0;2;-2,903364;-44,120266;"SPRF-MA";"DEL01-MA";"UOP01-DEL01-MA"
456954;2022-06-20;"segunda-feira";"15:20:00";"RS";116;514,1;"PELOTAS";"Animais na Pista";"Tombamento";"Com Vítimas Feridas";"Pleno dia";"Decrescente";"Céu Claro";"Simples";"Reta";"Não";1;0;1;0;0;0;1;1;-31,65213506;-52,33684672;"SPRF-RS";"DEL07-RS";"UOP01-DEL07-RS"
456955;2022-06-20;"segunda-feira";"14:10:00";"PR";476;137;"CURITIBA";"Condutor deixou de manter distância do veículo da frente";"Colisão traseira";"Com Vítimas Feridas";"Pleno dia";"Decrescente";"Céu Claro";"Múltipla";"Reta";"Sim";3;0;1;0;2;0;1;3;-25,498302;-49,277546;"SPRF-PR";"DEL01-PR";"UOP03-DEL01-PR"
456956;2022-06-20;"segunda-feira";"13:40:00";"SC";282;193,3;"LAGES";"Ausência de reação do condutor";"Colisão com objeto";"Com Vítimas Feridas";"Pleno dia";"Crescente";"Sol";"Simples";"Curva;Declive";"Não";1;0;1;0;0;0;1;1;-27,742256;-50,065472;"SPRF-SC";"DEL05-SC";"UOP01-DEL05-SC"
456958;2022-06-11;"sábado";"20:25:00";"MS";267;480;"JARDIM";"Desrespeitar a preferência no cruzamento";"Colisão transversal";"Com Vítimas Feridas";"Anoitecer";"Decrescente";"Nublado";"Simples";"Reta";"Sim";2;0;1;0;1;0;1;2;-21,4804454;-56,1400368;"SPRF-MS";"DEL05-MS";"UOP01-DEL05-MS"
456961;2022-06-20;"segunda-feira";"15:40:00";"ES";101;117;"SOORETAMA";"Acesso irregular";"Colisão frontal";"Com Vítimas Feridas";"Pleno dia";"Crescente";"Sol";"Simples";"Reta";"Não";2;0;2;0;0;0;2;2;-19,11932808;-40,06302982;"SPRF-ES";"DEL04-ES";"UOP01-DEL04-ES"
456963;2022-06-20;"segunda-feira";"14:40:00";"PI";343;14,9;"PARNAIBA";"Mal súbito do condutor";"Colisão com objeto";"Com Vítimas Feridas";"Pleno dia";"Crescente";"Sol";"Dupla";"Reta";"Sim";4;0;1;0;2;1;1;3;-2,935413;-41,754601;"SPRF-PI";"DEL05-PI";"UOP01-DEL05-PI"
456964;2022-06-20;"segunda-feira";"13:00:00";"SC";282;308;"VARGEM";"Acessar a via sem observar a presença dos outros veículos";"Colisão transversal";"Com Vítimas Feridas";"Pleno dia";"Decrescente";"Céu Claro";"Simples";"Curva";"Não";2;0;1;0;1;0;1;2;-27,49310206;-50,97099423;"SPRF-SC";"DEL07-SC";"UOP06-DEL07-SC"
456965;2022-06-20;"segunda-feira";"15:20:00";"PR";476;132;"CURITIBA";"Manobra de mudança de faixa";"Colisão traseira";"Com Vítimas Feridas";"Pleno dia";"Crescente";"Céu Claro";"Múltipla";"Reta";"Sim";2;0;1;0;1;0;1;2;-25,45784487;-49,2495954;"SPRF-PR";"DEL01-PR";"UOP03-DEL01-PR"
456966;2022-06-17;"sexta-feira";"18:00:00";"PE";407;128;"PETROLINA";"Condutor deixou de manter distância do veículo da frente";"Colisão traseira";"Sem Vítimas";"Plena Noite";"Decrescente";"Céu Claro";"Simples";"Reta";"Sim";2;0;0;0;2;0;0;2;-9,3908678;-40,52038627;"SPRF-PE";"DEL06-PE";"UOP01-DEL06-PE"
456968;2022-06-20;"segunda-feira";"15:00:00";"PR";376;45,6;"LOANDA";"Desrespeitar a preferência no cruzamento";"Colisão transversal";"Com Vítimas Feridas";"Pleno dia";"Decrescente";"Céu Claro";"Simples";"Interseção de Vias";"Não";4;0;2;0;2;0;2;2;-22,86043;-52,96605;"SPRF-PR";"DEL09-PR";"UOP02-DEL09-PR"
456969;2022-06-20;"segunda-feira";"08:15:00";"BA";324;612;"SALVADOR";"Frear bruscamente";"Colisão traseira";"Com Vítimas Feridas";"Pleno dia";"Decrescente";"Céu Claro";"Dupla";"Reta";"Sim";2;0;1;0;0;1;1;2;-12,84664721;-38,41741648;"SPRF-BA";"DEL01-BA";"UOP01-DEL01-BA"
456970;2022-06-20;"segunda-feira";"16:30:00";"SC";101;114;"ITAJAI";"Condutor deixou de manter distância do veículo da frente";"Tombamento";"Com Vítimas Feridas";"Pleno dia";"Decrescente";"Céu Claro";"Múltipla";"Reta";"Sim";5;0;0;1;4;0;1;4;-26,86192886;-48,7286704;"SPRF-SC";"DEL04-SC";"UOP04-DEL04-SC"
456971;2022-06-20;"segunda-feira";"15:00:00";"MG";262;803,6;"UBERABA";"Avarias e/ou desgaste excessivo no pneu";"Queda de ocupante de veículo";"Com Vítimas Feridas";"Pleno dia";"Decrescente";"Céu Claro";"Dupla";"Reta";"Sim";1;0;1;0;0;0;1;1;-19,77591144;-47,91991711;"SPRF-MG";"DEL13-MG";"UOP01-DEL13-MG"
456972;2022-06-20;"segunda-feira";"16:00:00";"PR";277;7;"PARANAGUA";"Ausência de reação do condutor";"Queda de ocupante de veículo";"Com Vítimas Feridas";"Pleno dia";"Decrescente";"Céu Claro";"Dupla";"Reta";"Sim";1;0;0;1;0;0;1;1;-25,5205;-48,5095;"SPRF-PR";"DEL01-PR";"UOP05-DEL01-PR"
456974;2022-06-20;"segunda-feira";"16:20:00";"GO";60;177,9;"ABADIA DE GOIAS";"Velocidade Incompatível";"Capotamento";"Com Vítimas Feridas";"Pleno dia";"Crescente";"Céu Claro";"Dupla";"Aclive;Reta";"Não";1;0;1;0;0;0;1;1;-16,7562;-49,4492;"SPRF-GO";"DEL01-GO";"UOP02-DEL01-GO"
456975;2022-06-20;"segunda-feira";"14:40:00";"PE";428;11;"CABROBO";"Reação tardia ou ineficiente do condutor";"Colisão traseira";"Com Vítimas Feridas";"Pleno dia";"Decrescente";"Garoa/Chuvisco";"Simples";"Em Obras";"Sim";5;0;0;1;4;0;1;2;-8,5063914;-39,3161128;"SPRF-PE";"DEL05-PE";"UOP03-DEL05-PE"
456978;2022-06-20;"segunda-feira";"15:40:00";"PE";101;157,8;"GAMELEIRA";"Chuva";"Tombamento";"Com Vítimas Feridas";"Pleno dia";"Decrescente";"Chuva";"Dupla";"Reta";"Não";2;0;2;0;0;0;2;1;-8,55352976;-35,3964161;"SPRF-PE";"DEL01-PE";"UOP03-DEL01-PE"
456979;2022-06-20;"segunda-feira";"17:41:00";"PE";232;8,3;"RECIFE";"Condutor deixou de manter distância do veículo da frente";"Colisão traseira";"Com Vítimas Feridas";"Plena Noite";"Crescente";"Nublado";"Dupla";"Reta";"Sim";2;0;1;0;1;0;1;2;-8,0768;-34,97419;"SPRF-PE";"DEL01-PE";"UOP01-DEL01-PE"
456980;2022-06-20;"segunda-feira";"16:30:00";"RJ";493;19;"MAGE";"Ausência de reação do condutor";"Colisão lateral sentido oposto";"Com Vítimas Feridas";"Pleno dia";"Decrescente";"Céu Claro";"Simples";"Reta";"Sim";2;0;1;0;1;0;1;2;-22,6663848;-43,02770248;"SPRF-RJ";"DEL04-RJ";"UOP02-DEL04-RJ"
456981;2022-06-20;"segunda-feira";"17:20:00";"SC";101;348,9;"JAGUARUNA";"Velocidade Incompatível";"Saída de leito carroçável";"Com Vítimas Feridas";"Anoitecer";"Crescente";"Céu Claro";"Dupla";"Curva;Interseção de Vias;Aclive";"Não";2;0;1;0;1;0;1;2;-28,57317505;-49,05292143;"SPRF-SC";"DEL02-SC";"UOP01-DEL02-SC"
456983;2022-06-20;"segunda-feira";"17:50:00";"PR";277;592,9;"CASCAVEL";"Retorno proibido";"Colisão lateral mesmo sentido";"Com Vítimas Feridas";"Anoitecer";"Decrescente";"Céu Claro";"Simples";"Declive;Reta";"Sim";2;0;1;0;0;1;1;2;-24,98100106;-53,48207111;"SPRF-PR";"DEL04-PR";"UOP01-DEL04-PR"
456984;2022-06-20;"segunda-feira";"16:30:00";"RS";386;270,7;"FONTOURA XAVIER";"Acessar a via sem observar a presença dos outros veículos";"Colisão transversal";"Sem Vítimas";"Pleno dia";"Decrescente";"Céu Claro";"Simples";"Reta;Interseção de Vias";"Sim";5;0;0;0;5;0;0;2;-28,98006288;-52,36725569;"SPRF-RS";"DEL04-RS";"UOP03-DEL04-RS"
456985;2022-06-20;"segunda-feira";"15:00:00";"RJ";101;167;"MACAE";"Reação tardia ou ineficiente do condutor";"Saída de leito carroçável";"Sem Vítimas";"Pleno dia";"Decrescente";"Céu Claro";"Simples";"Reta";"Não";1;0;0;0;0;1;0;1;-22,331953;-41,913864;"SPRF-RJ";"DEL08-RJ";"UOP04-DEL08-RJ"
456987;2022-06-20;"segunda-feira";"17:45:00";"SC";470;8;"NAVEGANTES";"Ausência de reação do condutor";"Colisão transversal";"Com Vítimas Feridas";"Anoitecer";"Crescente";"Nublado";"Simples";"Reta";"Não";3;0;1;0;2;0;1;3;-26,83688;-48,718853;"SPRF-SC";"DEL04-SC";"UOP04-DEL04-SC"
456988;2022-06-20;"segunda-feira";"18:20:00";"SE";235;41;"AREIA BRANCA";"Acostamento em desnível";"Tombamento";"Com Vítimas Feridas";"Plena Noite";"Crescente";"Chuva";"Simples";"Reta";"Não";1;0;1;0;0;0;1;1;-10,769856;-37,373135;"SPRF-SE";"DEL01-SE";"UOP02-DEL01-SE"
456989;2022-06-20;"segunda-feira";"16:56:00";"MS";163;512,5;"JARAGUARI";"Reação tardia ou ineficiente do condutor";"Saída de leito carroçável";"Sem Vítimas";"Pleno dia";"Decrescente";"Céu Claro";"Dupla";"Reta";"Não";1;0;0;0;1;0;0;1;-20,22783328;-54,47717844;"SPRF-MS";"DEL01-MS";"UOP02-DEL01-MS"
456990;2022-06-20;"segunda-feira";"18:10:00";"RS";472;622;"BARRA DO QUARAI";"Reação tardia ou ineficiente do condutor";"Saída de leito carroçável";"Com Vítimas Feridas";"Anoitecer";"Crescente";"Céu Claro";"Simples";"Reta";"Não";3;0;0;2;0;1;2;1;-30,099035;-57,320356;"SPRF-RS";"DEL13-RS";"UOP01-DEL13-RS"
456991;2022-06-20;"segunda-feira";"18:15:00";"MT";70;1;"BARRA DO GARCAS";"Ausência de reação do condutor";"Colisão traseira";"Com Vítimas Feridas";"Anoitecer";"Decrescente";"Céu Claro";"Simples";"Reta";"Sim";2;0;1;0;1;0;1;2;-15,89164596;-52,26202884;"SPRF-MT";"DEL07-MT";"UOP01-DEL07-MT"