"id";"data_inversa";"dia_semana";"horario";"uf";"br";"km";"municipio";"causa_acidente";"tipo_acidente";"classificacao_acidente";"fase_dia";"sentido_via";"condicao_metereologica";"tipo_pista";"tracado_via";"uso_solo";"pessoas";"mortos";"feridos_leves";"feridos_graves";"ilesos";"ignorados";"feridos";"veiculos";"latitude";"longitude";"regional";"delegacia";"uop"
457237;2022-06-21;"terça-feira";"23:20:00";"MG";381;504;"BETIM";"Pedestre andava na pista";"Atropelamento de Pedestre";"Com Vítimas Feridas";"Plena Noite";"Decrescente";"Céu Claro";"Dupla";"Reta";"Não";2;0;0;1;0;1;1;2;-20,02843547;-44,23404694;"SPRF-MG";"DEL01-MG";"UOP03-DEL01-MG"
457239;2022-06-22;"quarta-feira";"00:00:00";"MG";365;757;"ITUIUTABA";"Ausência de reação do condutor";"Colisão com objeto";"Sem Vítimas";"Plena Noite";"Crescente";"Céu Claro";"Dupla";"Rotatória";"Não";1;0;0;0;1;0;0;1;-18,96358968;-49,4773831;"SPRF-MG";"DEL15-MG";"UOP03-DEL15-MG"
457240;2022-06-22;"quarta-feira";"02:00:00";"MG";381;540,6;"ITATIAIUCU";"Condutor Dormindo";"Saída de leito carroçável";"Com Vítimas Feridas";"Plena Noite";"Decrescente";"Céu Claro";"Dupla";"Curva;Declive";"Não";1;0;1;0;0;0;1;1;-20,23361015;-44,40261841;"SPRF-MG";"DEL04-MG";"UOP03-DEL04-MG"
457242;2022-06-22;"quarta-feira";"02:30:00";"BA";235;30,9;"CORONEL JOAO SA";"Reação tardia ou ineficiente do condutor";"Saída de leito carroçável";"Com Vítimas Fatais";"Plena Noite";"Decrescente";"Nevoeiro/Neblina";"Dupla";"Curva;Interseção de Vias";"Não";2;1;1;0;0;0;1;2;-10,2237071;-37,84390926;"SPRF-SE";"DEL01-SE";"UOP02-DEL01-SE"
457244;2022-06-21;"terça-feira";"20:40:00";"RJ";393;172,4;"TRES RIOS";"Transitar no acostamento";"Atropelamento de Pedestre";"Com Vítimas Feridas";"Plena Noite";"Crescente";"Céu Claro";"Simples";"Declive";"Sim";3;0;1;2;0;0;3;2;-22,122906;-43,206746;"SPRF-RJ";"DEL05-RJ";"UOP02-DEL05-RJ"
457246;2022-06-21;"terça-feira";"13:00:00";"GO";60;100,8;"ANAPOLIS";"Avarias e/ou desgaste excessivo no pneu";"Tombamento";"Com Vítimas Feridas";"Pleno dia";"Crescente";"Céu Claro";"Dupla";"Reta";"Sim";1;0;1;0;0;0;1;1;-16,3979;-48,9664;"SPRF-GO";"DEL02-GO";"UOP01-DEL02-GO"
457248;2022-06-22;"quarta-feira";"05:30:00";"MG";262;853;"UBERABA";"Animais na Pista";"Atropelamento de Animal";"Com Vítimas Feridas";"Amanhecer";"Crescente";"Céu Claro";"Dupla";"Reta;Declive";"Não";3;0;2;0;1;0;2;1;-19,76766746;-48,35284588;"SPRF-MG";"DEL13-MG";"UOP01-DEL13-MG"
457249;2022-06-22;"quarta-feira";"05:15:00";"SC";101;212;"PALHOCA";"Condutor deixou de manter distância do veículo da frente";"Colisão com objeto";"Com Vítimas Feridas";"Plena Noite";"Crescente";"Garoa/Chuvisco";"Múltipla";"Reta";"Sim";2;0;1;0;1;0;1;1;-27,62996929;-48,65903871;"SPRF-SC";"DEL01-SC";"UOP02-DEL01-SC"
457251;2022-06-22;"quarta-feira";"06:15:00";"SC";101;195;"BIGUACU";"Ausência de reação do condutor";"Queda de ocupante de veículo";"Com Vítimas Feridas";"Amanhecer";"Decrescente";"Garoa/Chuvisco";"Múltipla";"Reta";"Sim";1;0;1;0;0;0;1;1;-27,5047092;-48,65010819;"SPRF-SC";"DEL01-SC";"UOP01-DEL01-SC"
457252;2022-06-22;"quarta-feira";"05:00:00";"BA";242;223;"ITABERABA";"Transitar na contramão";"Colisão lateral sentido oposto";"Com Vítimas Feridas";"Amanhecer";"Crescente";"Céu Claro";"Simples";"Reta";"Não";2;0;1;0;1;0;1;2;-12,521124;-40,260731;"SPRF-BA";"DEL06-BA";"UOP02-DEL06-BA"
457253;2022-06-22;"quarta-feira";"04:30:00";"PR";376;172;"MARINGA";"Velocidade Incompatível";"Saída de leito carroçável";"Com Vítimas Feridas";"Plena Noite";"Crescente";"Céu Claro";"Dupla";"Rotatória;Reta";"Sim";3;0;0;2;0;1;2;2;-23,41993;-51,97259;"SPRF-PR";"DEL09-PR";"UOP01-DEL09-PR"
457255;2022-06-22;"quarta-feira";"05:40:00";"SP";116;291;"ITAPECERICA DA SERRA";"Acessar a via sem observar a presença dos outros veículos";"Queda de ocupante de veículo";"Com Vítimas Feridas";"Amanhecer";"Decrescente";"Céu Claro";"Dupla";"Reta";"Não";1;0;1;0;0;0;1;1;-23,73826593;-46,89672721;"SPRF-SP";"DEL04-SP";"UOP01-DEL04-SP"
457257;2022-06-22;"quarta-feira";"06:40:00";"MG";381;449;"SANTA LUZIA";"Manobra de mudança de faixa";"Colisão transversal";"Com Vítimas Feridas";"Amanhecer";"Crescente";"Céu Claro";"Simples";"Interseção de Vias";"Sim";2;0;1;0;1;0;1;2;-19,82624256;-43,83569598;"SPRF-MG";"DEL01-MG";"UOP01-DEL01-MG"
457258;2022-06-22;"quarta-feira";"06:15:00";"RS";392;116,9;"CANGUCU";"Chuva";"Saída de leito carroçável";"Sem Vítimas";"Amanhecer";"Crescente";"Chuva";"Simples";"Aclive;Reta";"Não";1;0;0;0;0;1;0;1;-31,41716683;-52,66667892;"SPRF-RS";"DEL07-RS";"UOP01-DEL07-RS"
457260;2022-06-22;"quarta-feira";"06:05:00";"MT";364;314;"CAMPO VERDE";"Reação tardia ou ineficiente do condutor";"Saída de leito carroçável";"Com Vítimas Feridas";"Amanhecer";"Crescente";"Céu Claro";"Dupla";"Reta";"Não";1;0;1;0;0;0;1;1;-15,80970111;-55,27440786;"SPRF-MT";"DEL05-MT";"UOP02-DEL05-MT"
457261;2022-06-22;"quarta-feira";"06:50:00";"PR";116;116;"CURITIBA";"Trafegar com motocicleta (ou similar) entre as faixas";"Queda de ocupante de veículo";"Com Vítimas Feridas";"Amanhecer";"Decrescente";"Céu Claro";"Múltipla";"Reta";"Sim";1;0;1;0;0;0;1;1;-25,55396549;-49,30546045;"SPRF-PR";"DEL01-PR";"UOP06-DEL01-PR"
457262;2022-06-22;"quarta-feira";"07:00:00";"RN";101;83;"SAO GONCALO DO AMARANTE";"Velocidade Incompatível";"Tombamento";"Com Vítimas Feridas";"Pleno dia";"Crescente";"Nublado";"Dupla";"Reta";"Sim";2;0;1;0;1;0;1;1;-5,7710445;-35,26616981;"SPRF-RN";"DEL02-RN";"UOP01-DEL02-RN"
457263;2022-06-22;"quarta-feira";"07:00:00";"CE";116;0,5;"FORTALEZA";"Demais falhas mecânicas ou elétricas";"Incêndio";"Com Vítimas Feridas";"Pleno dia";"Crescente";"Céu Claro";"Múltipla";"Reta";"Não";1;0;1;0;0;0;1;1;-3,754584;-38,523407;"SPRF-CE";"DEL01-CE";"UOP02-DEL01-CE"
457267;2022-06-22;"quarta-feira";"06:50:00";"SC";470;7,6;"NAVEGANTES";"Desrespeitar a preferência no cruzamento";"Colisão transversal";"Com Vítimas Feridas";"Pleno dia";"Crescente";"Chuva";"Simples";"Interseção de Vias";"Não";3;0;1;1;1;0;2;2;-26,83900582;-48,71719837;"SPRF-SC";"DEL04-SC";"UOP04-DEL04-SC"
457270;2022-06-22;"quarta-feira";"07:00:00";"SP";116;207;"GUARULHOS";"Acessar a via sem observar a presença dos outros veículos";"Colisão lateral mesmo sentido";"Com Vítimas Feridas";"Pleno dia";"Decrescente";"Céu Claro";"Múltipla";"Interseção de Vias";"Sim";2;0;1;1;0;0;2;2;-23,41972188;-46,38419203;"SPRF-SP";"DEL01-SP";"UOP01-DEL01-SP"
457271;2022-06-22;"quarta-feira";"07:30:00";"SP";153;60;"SAO JOSE DO RIO PRETO";"Ausência de reação do condutor";"Engavetamento";"Com Vítimas Feridas";"Pleno dia";"Crescente";"Céu Claro";"Dupla";"Reta";"Sim";5;0;2;0;3;0;2;3;-20,79627979;-49,35480206;"SPRF-SP";"DEL09-SP";"UOP01-DEL09-SP"
457272;2022-05-07;"sábado";"22:50:00";"PB";230;12;"CABEDELO";"Manobra de mudança de faixa";"Colisão lateral mesmo sentido";"Com Vítimas Feridas";"Plena Noite";"Crescente";"Garoa/Chuvisco";"Dupla";"Reta";"Sim";3;0;0;2;1;0;2;2;-7,06550219;-34,85009193;"SPRF-PB";"DEL01-PB";"UOP01-DEL01-PB"
457275;2022-06-22;"quarta-feira";"07:15:00";"SP";101;44,9;"UBATUBA";"Acessar a via sem observar a presença dos outros veículos";"Atropelamento de Pedestre";"Com Vítimas Feridas";"Pleno dia";"Crescente";"Céu Claro";"Simples";"Curva";"Sim";3;0;2;0;0;1;2;2;-23,41213819;-45,06729126;"SPRF-SP";"DEL06-SP";"UOP01-DEL06-SP"
457277;2022-06-22;"quarta-feira";"05:00:00";"AC";317;70;"SENADOR GUIOMARD";"Animais na Pista";"Saída de leito carroçável";"Com Vítimas Feridas";"Amanhecer";"Crescente";"Céu Claro";"Simples";"Reta";"Não";2;0;1;0;1;0;1;2;-10,0675295;-67,57864082;"SPRF-AC";"DEL01-AC";"UOP01-DEL01-AC"
457278;2022-06-22;"quarta-feira";"06:40:00";"DF";20;20;"BRASILIA";"Acessar a via sem observar a presença dos outros veículos";"Colisão transversal";"Com Vítimas Feridas";"Pleno dia";"Decrescente";"Sol";"Dupla";"Reta";"Sim";2;0;0;1;1;0;1;2;-15,607905;-47,692791;"SPRF-DF";"DEL02-DF";"UOP01-DEL02-DF"
457279;2022-06-22;"quarta-feira";"08:00:00";"RJ";101;316;"SAO GONCALO";"Condutor deixou de manter distância do veículo da frente";"Colisão traseira";"Com Vítimas Feridas";"Pleno dia";"Crescente";"Céu Claro";"Dupla";"Curva";"Sim";2;0;1;0;1;0;1;2;-22,82835879;-43,09208739;"SPRF-RJ";"DEL02-RJ";"UOP02-DEL02-RJ"
457280;2022-06-22;"quarta-feira";"06:00:00";"PR";153;13,3;"JACAREZINHO";"Ingestão de álcool pelo condutor";"Capotamento";"Com Vítimas Feridas";"Amanhecer";"Decrescente";"Nublado";"Simples";"Reta";"Não";1;0;1;0;0;0;1;1;-23,10642481;-49,94122446;"SPRF-PR";"DEL07-PR";"UOP04-DEL07-PR"
457281;2022-06-22;"quarta-feira";"07:30:00";"SC";282;389,5;"JOACABA";"Chuva";"Tombamento";"Com Vítimas Feridas";"Pleno dia";"Crescente";"Chuva";"Simples";"Reta";"Não";1;0;1;0;0;0;1;1;-27,178604;-51,541367;"SPRF-SC";"DEL07-SC";"UOP05-DEL07-SC"
457282;2022-06-22;"quarta-feira";"08:00:00";"SP";116;102;"PINDAMONHANGABA";"Acessar a via sem observar a presença dos outros veículos";"Colisão traseira";"Com Vítimas Feridas";"Pleno dia";"Crescente";"Céu Claro";"Dupla";"Reta";"Sim";3;0;1;0;2;0;1;2;-22,99497994;-45,48951403;"SPRF-SP";"DEL08-SP";"UOP01-DEL08-SP"
457283;2022-06-22;"quarta-feira";"08:30:00";"RJ";116;165;"RIO DE JANEIRO";"Reação tardia ou ineficiente do condutor";"Queda de ocupante de veículo";"Com Vítimas Feridas";"Pleno dia";"Decrescente";"Céu Claro";"Dupla";"Reta";"Sim";1;0;1;0;0;0;1;1;-22,81548519;-43,29087405;"SPRF-RJ";"DEL01-RJ";"UOP02-DEL01-RJ"
457285;2022-06-22;"quarta-feira";"08:00:00";"SC";101;327;"CAPIVARI DE BAIXO";"Desrespeitar a preferência no cruzamento";"Colisão transversal";"Com Vítimas Feridas";"Pleno dia";"Decrescente";"Chuva";"Simples";"Interseção de Vias";"Não";2;0;1;0;1;0;1;2;-28,43023306;-48,95205197;"SPRF-SC";"DEL02-SC";"UOP01-DEL02-SC"
457286;2022-06-22;"quarta-feira";"08:50:00";"ES";101;264;"SERRA";"Condutor deixou de manter distância do veículo da frente";"Colisão traseira";"Com Vítimas Feridas";"Pleno dia";"Crescente";"Céu Claro";"Dupla";"Reta";"Sim";3;0;2;0;1;0;2;2;-20,18225;-40,26575352;"SPRF-ES";"DEL02-ES";"UOP01-DEL02-ES"
457287;2022-06-20;"segunda-feira";"04:50:00";"PE";407;128;"PETROLINA";"Ingestão de álcool pelo condutor";"Colisão com objeto";"Sem Vítimas";"Plena Noite";"Crescente";"Céu Claro";"Dupla";"Aclive";"Sim";1;0;0;0;0;1;0;1;-9,39387565;-40,51133888;"SPRF-PE";"DEL06-PE";"UOP01-DEL06-PE"
457288;2022-06-20;"segunda-feira";"08:30:00";"RJ";116;169;"SAO JOAO DE MERITI";"Reação tardia ou ineficiente do condutor";"Colisão lateral mesmo sentido";"Com Vítimas Feridas";"Pleno dia";"Decrescente";"Céu Claro";"Múltipla";"Reta";"Sim";2;0;1;0;1;0;1;2;-22,816206;-43,324463;"SPRF-RJ";"DEL01-RJ";"UOP02-DEL01-RJ"
457289;2022-06-22;"quarta-feira";"08:26:00";"PB";230;19,1;"JOAO PESSOA";"Acessar a via sem observar a presença dos outros veículos";"Tombamento";"Com Vítimas Feridas";"Pleno dia";"Crescente";"Chuva";"Dupla";"Reta";"Sim";2;0;2;0;0;0;2;1;-7,13102872;-34,85223647;"SPRF-PB";"DEL01-PB";"UOP01-DEL01-PB"
457290;2022-06-22;"quarta-feira";"08:10:00";"GO";452;150,7;"BOM JESUS DE GOIAS";"Desrespeitar a preferência no cruzamento";"Colisão transversal";"Com Vítimas Feridas";"Pleno dia";"Decrescente";"Céu Claro";"Simples";"Interseção de Vias";"Não";3;0;3;0;0;0;3;2;-18,30016354;-49,58722869;"SPRF-GO";"DEL03-GO";"UOP02-DEL03-GO"
457291;2022-06-21;"terça-feira";"09:29:00";"MG";50;49,2;"UBERLANDIA";"Reação tardia ou ineficiente do condutor";"Saída de leito carroçável";"Com Vítimas Feridas";"Pleno dia";"Crescente";"Céu Claro";"Dupla";"Declive;Curva";"Não";1;0;1;0;0;0;1;1;-18,73001552;-48,22061517;"SPRF-MG";"DEL15-MG";"UOP02-DEL15-MG"
457292;2022-06-22;"quarta-feira";"09:15:00";"GO";40;2,8;"VALPARAISO DE GOIAS";"Condutor deixou de manter distância do veículo da frente";"Colisão traseira";"Sem Vítimas";"Pleno dia";"Crescente";"Céu Claro";"Dupla";"Retorno Regulamentado";"Sim";6;0;0;0;6;0;0;2;-16,067129;-47,984235;"SPRF-DF";"DEL01-DF";"UOP01-DEL01-DF"
457294;2022-06-22;"quarta-feira";"08:40:00";"PR";476;136;"CURITIBA";"Trafegar com motocicleta (ou similar) entre as faixas";"Colisão lateral mesmo sentido";"Com Vítimas Feridas";"Pleno dia";"Crescente";"Céu Claro";"Múltipla";"Interseção de Vias";"Sim";2;0;0;1;1;0;1;2;-25,491047;-49,271679;"SPRF-PR";"DEL01-PR";"UOP03-DEL01-PR"
457295;2022-06-22;"quarta-feira";"09:25:00";"RJ";116;101;"GUAPIMIRIM";"Condutor deixou de manter distância do veículo da frente";"Engavetamento";"Com Vítimas Feridas";"Pleno dia";"Crescente";"Céu Claro";"Simples";"Declive";"Não";3;0;1;0;2;0;1;3;-22,49374115;-43,00365418;"SPRF-RJ";"DEL04-RJ";"UOP01-DEL04-RJ"
457297;2022-06-21;"terça-feira";"22:00:00";"GO";153;232,5;"HIDROLINA";"Ingestão de álcool pelo condutor";"Saída de leito carroçável";"Com Vítimas Feridas";"Plena Noite";"Decrescente";"Céu Claro";"Simples";"Reta";"Não";1;0;1;0;0;0;1;1;-14,791937;-49,279422;"SPRF-GO";"DEL07-GO";"UOP02-DEL07-GO"
457298;2022-06-22;"quarta-feira";"08:20:00";"GO";60;92,5;"ANAPOLIS";"Acessar a via sem observar a presença dos outros veículos";"Colisão transversal";"Com Vítimas Feridas";"Pleno dia";"Decrescente";"Céu Claro";"Simples";"Interseção de Vias;Reta";"Sim";2;0;1;0;0;1;1;2;-16,353;-48,9178;"SPRF-GO";"DEL02-GO";"UOP01-DEL02-GO"
457300;2022-06-22;"quarta-feira";"09:00:00";"DF";20;4,8;"BRASILIA";"Ausência de reação do condutor";"Colisão traseira";"Com Vítimas Feridas";"Pleno dia";"Crescente";"Céu Claro";"Múltipla";"Reta";"Não";5;0;1;0;4;0;1;4;-15,675484;-47,823761;"SPRF-DF";"DEL02-DF";"UOP01-DEL02-DF"
457301;2022-06-22;"quarta-feira";"10:00:00";"AL";104;84;"RIO LARGO";"Acumulo de areia ou detritos sobre o pavimento";"Queda de ocupante de veículo";"Com Vítimas Feridas";"Pleno dia";"Crescente";"Chuva";"Dupla";"Curva";"Não";1;0;1;0;0;0;1;1;-9,45007991;-35,83193975;"SPRF-AL";"DEL01-AL";"UOP01-DEL01-AL"
457303;2022-06-22;"quarta-feira";"08:30:00";"RS";101;64;"MAQUINE";"Ausência de reação do condutor";"Colisão com objeto";"Com Vítimas Feridas";"Pleno dia";"Decrescente";"Chuva";"Dupla";"Reta";"Não";2;0;1;0;1;0;1;1;-29,70143335;-50,17611807;"SPRF-RS";"DEL03-RS";"UOP02-DEL03-RS"
457304;2022-06-22;"quarta-feira";"09:45:00";"PR";369;186,8;"ARAPONGAS";"Reação tardia ou ineficiente do condutor";"Atropelamento de Pedestre";"Com Vítimas Feridas";"Pleno dia";"Crescente";"Céu Claro";"Simples";"Interseção de Vias;Reta";"Sim";2;0;0;1;1;0;1;2;-23,423174;-51,4240567;"SPRF-PR";"DEL07-PR";"UOP03-DEL07-PR"
457307;2022-06-22;"quarta-feira";"08:30:00";"AC";364;124;"RIO BRANCO";"Velocidade Incompatível";"Colisão com objeto";"Com Vítimas Feridas";"Pleno dia";"Decrescente";"Céu Claro";"Dupla";"Rotatória";"Sim";1;0;0;1;0;0;1;1;-10,01187599;-67,797575;"SPRF-AC";"DEL01-AC";"UOP01-DEL01-AC"
457309;2022-06-22;"quarta-feira";"10:08:00";"RN";304;34;"MOSSORO";"Condutor deixou de manter distância do veículo da frente";"Colisão lateral mesmo sentido";"Com Vítimas Feridas";"Pleno dia";"Crescente";"Céu Claro";"Dupla";"Reta";"Sim";2;0;1;0;1;0;1;2;-5,1610866;-37,35051155;"SPRF-RN";"DEL04-RN";"UOP02-DEL04-RN"
457310;2022-06-22;"quarta-feira";"10:02:00";"RN";101;171,5;"CANGUARETAMA";"Demais falhas mecânicas ou elétricas";"Incêndio";"Sem Vítimas";"Pleno dia";"Crescente";"Garoa/Chuvisco";"Dupla";"Reta";"Não";1;0;0;0;1;0;0;1;-6,46024083;-35,11090994;"SPRF-RN";"DEL01-RN";"UOP01-DEL01-RN"
457315;2022-06-22;"quarta-feira";"11:35:00";"AL";423;23,9;"CANAPI";"Ultrapassagem Indevida";"Queda de ocupante de veículo";"Com Vítimas Feridas";"Pleno dia";"Decrescente";"Chuva";"Simples";"Reta";"Não";1;0;0;1;0;0;1;1;-9,18517984;-37,48892505;"SPRF-AL";"DEL03-AL";"UOP02-DEL03-AL"
457316;2022-06-22;"quarta-feira";"11:30:00";"RS";470;215;"BENTO GONCALVES";"Reação tardia ou ineficiente do condutor";"Colisão traseira";"Com Vítimas Feridas";"Pleno dia";"Crescente";"Nublado";"Simples";"Reta";"Não";2;0;1;0;1;0;1;2;-29,150635;-51,530241;"SPRF-RS";"DEL06-RS";"UOP01-DEL06-RS"
457319;2022-06-22;"quarta-feira";"12:15:00";"SC";153;99,5;"CONCORDIA";"Acessar a via sem observar a presença dos outros veículos";"Colisão transversal";"Com Vítimas Feridas";"Pleno dia";"Crescente";"Nublado";"Simples";"Reta";"Sim";2;0;1;0;1;0;1;2;-27,235508;-51,951069;"SPRF-SC";"DEL07-SC";"UOP04-DEL07-SC"
457320;2022-06-22;"quarta-feira";"11:15:00";"SC";280;127,9;"RIO NEGRINHO";"Acessar a via sem observar a presença dos outros veículos";"Colisão transversal";"Com Vítimas Feridas";"Pleno dia";"Decrescente";"Céu Claro";"Simples";"Interseção de Vias";"Sim";5;0;2;0;3;0;2;3;-26,23943953;-49,50420708;"SPRF-SC";"DEL06-SC";"UOP03-DEL06-SC"
457322;2022-06-22;"quarta-feira";"12:00:00";"PA";308;151;"CAPANEMA";"Manobra de mudança de faixa";"Colisão transversal";"Com Vítimas Feridas";"Pleno dia";"Crescente";"Céu Claro";"Simples";"Reta";"Sim";2;0;2;0;0;0;2;2;-1,21064;-47,182743;"SPRF-PA";"DEL01-PA";"UOP03-DEL01-PA"
457325;2022-06-22;"quarta-feira";"12:25:00";"SP";116;501;"CAJATI";"Reação tardia ou ineficiente do condutor";"Colisão com objeto";"Com Vítimas Feridas";"Pleno dia";"Crescente";"Céu Claro";"Simples";"Curva";"Não";1;0;1;0;0;0;1;1;-24,77656511;-48,19637775;"SPRF-SP";"DEL05-SP";"UOP02-DEL05-SP"
457326;2022-02-11;"sexta-feira";"22:10:00";"SC";101;123;"ITAJAI";"Condutor deixou de manter distância do veículo da frente";"Engavetamento";"Sem Vítimas";"Plena Noite";"Crescente";"Céu Claro";"Dupla";"Reta";"Não";3;0;0;0;3;0;0;3;-26,93668609;-48,69876905;"SPRF-SC";"DEL04-SC";"UOP04-DEL04-SC"
457327;2022-06-22;"quarta-feira";"10:20:00";"SC";101;226,6;"PALHOCA";"Velocidade Incompatível";"Colisão com objeto";"Com Vítimas Feridas";"Pleno dia";"Crescente";"Chuva";"Dupla";"Declive;Curva";"Não";1;0;1;0;0;0;1;1;-27,74200001;-48,63806504;"SPRF-SC";"DEL01-SC";"UOP02-DEL01-SC"
457328;2022-06-22;"quarta-feira";"11:40:00";"PI";316;33;"DEMERVAL LOBAO";"Conversão proibida";"Colisão lateral sentido oposto";"Com Vítimas Feridas";"Pleno dia";"Decrescente";"Céu Claro";"Simples";"Reta";"Sim";2;0;1;0;1;0;1;2;-5,34852098;-42,68083598;"SPRF-PI";"DEL01-PI";"UOP02-DEL01-PI"
457330;2022-05-29;"domingo";"11:30:00";"GO";158;216;"JATAI";"Demais falhas mecânicas ou elétricas";"Incêndio";"Sem Vítimas";"Pleno dia";"Crescente";"Céu Claro";"Simples";"Reta";"Não";2;0;0;0;2;0;0;1;-17,44894188;-51,90393075;"SPRF-GO";"DEL05-GO";"UOP01-DEL05-GO"
457331;2022-06-20;"segunda-feira";"05:30:00";"MG";381;170;"GOVERNADOR VALADARES";"Animais na Pista";"Atropelamento de Animal";"Com Vítimas Feridas";"Amanhecer";"Crescente";"Nevoeiro/Neblina";"Simples";"Reta";"Não";1;0;1;0;0;0;1;1;-18,98622096;-42,10906603;"SPRF-MG";"DEL06-MG";"UOP01-DEL06-MG"
457332;2022-06-22;"quarta-feira";"13:33:00";"MG";262;38;"MANHUACU";"Acessar a via sem observar a presença dos outros veículos";"Colisão frontal";"Com Vítimas Feridas";"Pleno dia";"Decrescente";"Sol";"Simples";"Reta";"Sim";2;0;1;0;1;0;1;2;-20,26305859;-42,03684948;"SPRF-MG";"DEL06-MG";"UOP03-DEL06-MG"
457334;2022-06-22;"quarta-feira";"12:10:00";"RO";364;710;"PORTO VELHO";"Condutor deixou de manter distância do veículo da frente";"Colisão traseira";"Com Vítimas Feridas";"Pleno dia";"Crescente";"Sol";"Dupla";"Reta";"Sim";2;0;0;1;1;0;1;2;-8,78621576;-63,85712687;"SPRF-RO";"DEL01-RO";"UOP01-DEL01-RO"
457337;2022-06-22;"quarta-feira";"00:50:00";"BA";324;592;"CANDEIAS";"Reação tardia ou ineficiente do condutor";"Saída de leito carroçável";"Sem Vítimas";"Plena Noite";"Crescente";"Nublado";"Dupla";"Reta";"Não";1;0;0;0;0;1;0;1;-12,69021804;-38,46568118;"SPRF-BA";"DEL01-BA";"UOP01-DEL01-BA"
457340;2022-06-22;"quarta-feira";"14:45:00";"SP";116;270;"TABOAO DA SERRA";"Reação tardia ou ineficiente do condutor";"Engavetamento";"Com Vítimas Feridas";"Pleno dia";"Crescente";"Céu Claro";"Múltipla";"Reta";"Sim";6;0;1;0;5;0;1;3;-23,61799728;-46,79677694;"SPRF-SP";"DEL04-SP";"UOP01-DEL04-SP"
457341;2022-06-22;"quarta-feira";"14:50:00";"PR";116;152;"MANDIRITUBA";"Ausência de reação do condutor";"Colisão traseira";"Com Vítimas Feridas";"Pleno dia";"Crescente";"Céu Claro";"Simples";"Interseção de Vias;Reta";"Não";2;0;1;0;1;0;1;2;-25,86237768;-49,36196387;"SPRF-PR";"DEL01-PR";"UOP03-DEL01-PR"
457342;2022-06-22;"quarta-feira";"13:05:00";"RJ";356;49;"ITAPERUNA";"Velocidade Incompatível";"Capotamento";"Sem Vítimas";"Pleno dia";"Decrescente";"Céu Claro";"Simples";"Curva";"Não";1;0;0;0;1;0;0;1;-21,25300596;-41,78325793;"SPRF-RJ";"DEL08-RJ";"UOP03-DEL08-RJ"
457343;2022-06-22;"quarta-feira";"14:00:00";"RS";153;2,3;"CACHOEIRA DO SUL";"Ultrapassagem Indevida";"Colisão transversal";"Com Vítimas Feridas";"Pleno dia";"Crescente";"Chuva";"Simples";"Interseção de Vias";"Sim";2;0;1;0;1;0;1;2;-30,03964;-52,894356;"SPRF-RS";"DEL02-RS";"UOP03-DEL02-RS"
457346;2022-06-19;"domingo";"23:38:00";"GO";153;132;"ESTRELA DO NORTE";"Reação tardia ou ineficiente do condutor";"Saída de leito carroçável";"Com Vítimas Feridas";"Plena Noite";"Decrescente";"Céu Claro";"Simples";"Reta";"Não";1;0;0;1;0;0;1;1;-13,92662;-49,070942;"SPRF-GO";"DEL07-GO";"UOP01-DEL07-GO"
457347;2022-06-22;"quarta-feira";"11:00:00";"SC";282;3;"FLORIANOPOLIS";"Pista Escorregadia";"Tombamento";"Com Vítimas Feridas";"Pleno dia";"Decrescente";"Chuva";"Dupla";"Curva";"Sim";1;0;1;0;0;0;1;1;-27,600384;-48,599705;"SPRF-SC";"DEL01-SC";"UOP01-DEL01-SC"
457348;2022-06-22;"quarta-feira";"15:30:00";"BA";324;530;"FEIRA DE SANTANA";"Transitar na contramão";"Colisão transversal";"Com Vítimas Feridas";"Pleno dia";"Decrescente";"Céu Claro";"Simples";"Reta";"Sim";2;0;1;0;1;0;1;2;-12,32818491;-38,86174193;"SPRF-BA";"DEL01-BA";"UOP03-DEL01-BA"
457349;2022-06-22;"quarta-feira";"16:15:00";"PR";376;177;"MARINGA";"Reação tardia ou ineficiente do condutor";"Colisão lateral mesmo sentido";"Com Vítimas Feridas";"Pleno dia";"Decrescente";"Céu Claro";"Múltipla";"Reta";"Sim";2;0;1;0;1;0;1;2;-23,41595855;-51,92226484;"SPRF-PR";"DEL09-PR";"UOP01-DEL09-PR"
457353;2022-06-22;"quarta-feira";"16:30:00";"MG";381;490;"BETIM";"Ausência de reação do condutor";"Colisão traseira";"Com Vítimas Feridas";"Pleno dia";"Decrescente";"Céu Claro";"Dupla";"Reta";"Sim";6;0;3;0;3;0;3;2;-19,96502819;-44,17422195;"SPRF-MG";"DEL01-MG";"UOP03-DEL01-MG"
457354;2022-06-02;"quinta-feira";"17:20:00";"GO";452;50;"RIO VERDE";"Reação tardia ou ineficiente do condutor";"Saída de leito carroçável";"Com Vítimas Feridas";"Plena Noite";"Crescente";"Céu Claro";"Simples";"Reta";"Não";1;0;1;0;0;0;1;1;-17,96644629;-50,47723311;"SPRF-GO";"DEL04-GO";"UOP01-DEL04-GO"