"id";"data_inversa";"dia_semana";"horario";"uf";"br";"km";"municipio";"causa_acidente";"tipo_acidente";"classificacao_acidente";"fase_dia";"sentido_via";"condicao_metereologica";"tipo_pista";"tracado_via";"uso_solo";"pessoas";"mortos";"feridos_leves";"feridos_graves";"ilesos";"ignorados";"feridos";"veiculos";"latitude";"longitude";"regional";"delegacia";"uop"
457356;2022-06-22;"quarta-feira";"17:20:00";"DF";40;1,4;"BRASILIA";"Manobra de mudança de faixa";"Colisão lateral mesmo sentido";"Com Vítimas Feridas";"Pleno dia";"Crescente";"Céu Claro";"Dupla";"Reta";"Sim";2;0;1;0;1;0;1;2;-15,985532;-47,987747;"SPRF-DF";"DEL01-DF";"UOP01-DEL01-DF"
457357;2022-06-22;"quarta-feira";"16:15:00";"SP";116;269;"TABOAO DA SERRA";"Ausência de reação do condutor";"Queda de ocupante de veículo";"Com Vítimas Feridas";"Pleno dia";"Crescente";"Céu Claro";"Múltipla";"Reta";"Sim";1;0;0;1;0;0;1;1;-23,61593059;-46,78826044;"SPRF-SP";"DEL04-SP";"UOP01-DEL04-SP"
457361;2022-06-22;"quarta-feira";"17:30:00";"GO";153;501,7;"GOIANIA";"Condutor deixou de manter distância do veículo da frente";"Colisão traseira";"Sem Vítimas";"Pleno dia";"Crescente";"Céu Claro";"Dupla";"Reta";"Sim";5;0;0;0;5;0;0;2;-16,7189;-49,2382;"SPRF-GO";"DEL01-GO";"UOP01-DEL01-GO"
457364;2022-06-22;"quarta-feira";"17:50:00";"SP";153;66;"SAO JOSE DO RIO PRETO";"Avarias e/ou desgaste excessivo no pneu";"Tombamento";"Com Vítimas Feridas";"Anoitecer";"Decrescente";"Céu Claro";"Dupla";"Curva;Declive";"Sim";2;0;2;0;0;0;2;1;-20,84208514;-49,37074279;"SPRF-SP";"DEL09-SP";"UOP01-DEL09-SP"
457365;2022-06-22;"quarta-feira";"16:50:00";"RS";392;4;"RIO GRANDE";"Ausência de reação do condutor";"Colisão lateral mesmo sentido";"Com Vítimas Feridas";"Pleno dia";"Decrescente";"Chuva";"Simples";"Reta";"Sim";2;0;0;1;1;0;1;2;-32,06960295;-52,09547805;"SPRF-RS";"DEL07-RS";"UOP02-DEL07-RS"
457366;2022-06-22;"quarta-feira";"13:20:00";"MG";40;712;"BARBACENA";"Ausência de reação do condutor";"Tombamento";"Com Vítimas Feridas";"Pleno dia";"Decrescente";"Sol";"Dupla";"Reta";"Não";1;0;1;0;0;0;1;1;-21,25121107;-43,67129649;"SPRF-MG";"DEL05-MG";"UOP02-DEL05-MG"
457368;2022-06-22;"quarta-feira";"15:30:00";"RJ";116;298;"PORTO REAL";"Demais falhas mecânicas ou elétricas";"Incêndio";"Sem Vítimas";"Anoitecer";"Crescente";"Nublado";"Dupla";"Reta";"Não";1;0;0;0;1;0;0;1;-22,45083254;-44,33823701;"SPRF-RJ";"DEL07-RJ";"UOP02-DEL07-RJ"
457371;2022-06-22;"quarta-feira";"18:15:00";"PR";277;17;"PARANAGUA";"Acessar a via sem observar a presença dos outros veículos";"Colisão lateral mesmo sentido";"Sem Vítimas";"Plena Noite";"Crescente";"Céu Claro";"Dupla";"Reta";"Não";2;0;0;0;2;0;0;2;-25,56380488;-48,63457397;"SPRF-PR";"DEL01-PR";"UOP05-DEL01-PR"
457372;2022-06-22;"quarta-feira";"16:30:00";"PR";369;74,4;"SANTA MARIANA";"Acessar a via sem observar a presença dos outros veículos";"Colisão transversal";"Com Vítimas Feridas";"Pleno dia";"Decrescente";"Céu Claro";"Simples";"Interseção de Vias";"Sim";2;0;0;1;1;0;1;2;-23,15168435;-50,52476585;"SPRF-PR";"DEL07-PR";"UOP01-DEL07-PR"
457373;2022-06-22;"quarta-feira";"17:32:00";"GO";40;44,1;"LUZIANIA";"Ultrapassagem Indevida";"Saída de leito carroçável";"Com Vítimas Feridas";"Anoitecer";"Decrescente";"Céu Claro";"Simples";"Curva";"Não";2;0;0;1;1;0;1;1;-16,393143;-47,824869;"SPRF-DF";"DEL01-DF";"UOP02-DEL01-DF"
457375;2022-06-22;"quarta-feira";"18:35:00";"RN";110;45,7;"MOSSORO";"Ausência de reação do condutor";"Colisão traseira";"Com Vítimas Feridas";"Plena Noite";"Crescente";"Céu Claro";"Simples";"Reta";"Sim";2;0;1;0;1;0;1;2;-5,19257993;-37,31114905;"SPRF-RN";"DEL04-RN";"UOP01-DEL04-RN"
457378;2022-06-22;"quarta-feira";"18:20:00";"RJ";101;302;"SAO GONCALO";"Frear bruscamente";"Colisão traseira";"Com Vítimas Feridas";"Plena Noite";"Decrescente";"Céu Claro";"Dupla";"Reta";"Sim";2;0;1;0;1;0;1;2;-22,78069318;-42,96706396;"SPRF-RJ";"DEL02-RJ";"UOP02-DEL02-RJ"
457379;2022-06-22;"quarta-feira";"18:45:00";"BA";101;875;"CARAVELAS";"Desrespeitar a preferência no cruzamento";"Colisão transversal";"Com Vítimas Feridas";"Pleno dia";"Crescente";"Céu Claro";"Simples";"Interseção de Vias";"Não";2;0;2;0;0;0;2;2;-17,726887;-39,76690496;"SPRF-BA";"DEL09-BA";"UOP02-DEL09-BA"
457381;2022-06-22;"quarta-feira";"19:00:00";"MA";10;261,8;"IMPERATRIZ";"Acessar a via sem observar a presença dos outros veículos";"Colisão transversal";"Com Vítimas Feridas";"Plena Noite";"Decrescente";"Céu Claro";"Simples";"Reta";"Sim";2;0;1;0;0;1;1;2;-5,454371;-47,472439;"SPRF-MA";"DEL04-MA";"UOP01-DEL04-MA"
457382;2022-06-22;"quarta-feira";"18:35:00";"RS";116;247;"SAO LEOPOLDO";"Pedestre cruzava a pista fora da faixa";"Atropelamento de Pedestre";"Com Vítimas Feridas";"Plena Noite";"Crescente";"Chuva";"Dupla";"Curva";"Sim";3;0;1;0;1;1;1;2;-29,76733091;-51,1535296;"SPRF-RS";"DEL01-RS";"UOP02-DEL01-RS"
457383;2022-05-25;"quarta-feira";"08:05:00";"PR";476;277;"SAO MATEUS DO SUL";"Acessar a via sem observar a presença dos outros veículos";"Colisão transversal";"Com Vítimas Feridas";"Pleno dia";"Decrescente";"Sol";"Simples";"Reta";"Sim";2;0;0;1;1;0;1;2;-25,875048;-50,390919;"SPRF-PR";"DEL02-PR";"UOP04-DEL02-PR"
457384;2022-06-22;"quarta-feira";"18:10:00";"GO";153;501,1;"GOIANIA";"Ultrapassagem Indevida";"Colisão com objeto";"Com Vítimas Feridas";"Anoitecer";"Decrescente";"Céu Claro";"Dupla";"Interseção de Vias;Reta";"Sim";2;0;0;1;0;1;1;2;-16,7189;-49,2382;"SPRF-GO";"DEL01-GO";"UOP01-DEL01-GO"
457385;2022-06-22;"quarta-feira";"18:10:00";"SC";101;429,9;"SOMBRIO";"Manobra de mudança de faixa";"Colisão transversal";"Com Vítimas Feridas";"Plena Noite";"Crescente";"Garoa/Chuvisco";"Dupla";"Reta";"Não";2;0;1;0;1;0;1;2;-29,05909577;-49,62333441;"SPRF-SC";"DEL02-SC";"UOP02-DEL02-SC"
457386;2022-06-22;"quarta-feira";"12:30:00";"MG";116;336,6;"CAMPANARIO";"Demais falhas mecânicas ou elétricas";"Incêndio";"Sem Vítimas";"Pleno dia";"Decrescente";"Céu Claro";"Simples";"Reta";"Não";5;0;0;0;5;0;0;1;-18,28563004;-41,74726381;"SPRF-MG";"DEL11-MG";"UOP01-DEL11-MG"
457387;2022-06-22;"quarta-feira";"18:45:00";"RS";116;152;"CAXIAS DO SUL";"Acessar a via sem observar a presença dos outros veículos";"Colisão transversal";"Sem Vítimas";"Anoitecer";"Crescente";"Chuva";"Simples";"Interseção de Vias;Curva";"Sim";2;0;0;0;2;0;0;2;-29,1829343;-51,16801501;"SPRF-RS";"DEL05-RS";"UOP01-DEL05-RS"
457388;2022-06-22;"quarta-feira";"19:50:00";"MG";40;454;"CAETANOPOLIS";"Mal súbito do condutor";"Colisão lateral mesmo sentido";"Com Vítimas Feridas";"Plena Noite";"Decrescente";"Céu Claro";"Dupla";"Reta";"Não";2;0;0;2;0;0;2;2;-19,34996189;-44,35227779;"SPRF-MG";"DEL02-MG";"UOP01-DEL02-MG"
457389;2022-06-16;"quinta-feira";"08:35:00";"MS";163;253;"DOURADOS";"Acessar a via sem observar a presença dos outros veículos";"Colisão lateral mesmo sentido";"Sem Vítimas";"Pleno dia";"Crescente";"Céu Claro";"Simples";"Reta";"Não";2;0;0;0;1;1;0;2;-22,27885392;-54,82235352;"SPRF-MS";"DEL04-MS";"UOP02-DEL04-MS"
457390;2022-06-22;"quarta-feira";"19:06:00";"PB";101;86,7;"JOAO PESSOA";"Reação tardia ou ineficiente do condutor";"Tombamento";"Com Vítimas Feridas";"Plena Noite";"Crescente";"Garoa/Chuvisco";"Dupla";"Aclive";"Sim";2;0;1;0;1;0;1;2;-7,15118983;-34,91012184;"SPRF-PB";"DEL01-PB";"UOP01-DEL01-PB"
457391;2022-06-22;"quarta-feira";"18:00:00";"RJ";116;294;"BARRA MANSA";"Demais falhas mecânicas ou elétricas";"Tombamento";"Com Vítimas Feridas";"Anoitecer";"Decrescente";"Céu Claro";"Dupla";"Reta";"Não";2;0;1;0;1;0;1;1;-22,45429053;-44,30084012;"SPRF-RJ";"DEL07-RJ";"UOP02-DEL07-RJ"
457392;2022-06-22;"quarta-feira";"11:50:00";"SC";153;49;"VARGEM BONITA";"Reação tardia ou ineficiente do condutor";"Saída de leito carroçável";"Com Vítimas Feridas";"Pleno dia";"Crescente";"Chuva";"Simples";"Reta";"Não";1;0;1;0;0;0;1;1;-26,908381;-51,783154;"SPRF-SC";"DEL07-SC";"UOP05-DEL07-SC"
457394;2022-06-22;"quarta-feira";"20:10:00";"PR";376;163;"MARINGA";"Iluminação deficiente";"Atropelamento de Pedestre";"Com Vítimas Feridas";"Plena Noite";"Crescente";"Céu Claro";"Dupla";"Curva";"Não";2;0;1;0;1;0;1;2;-23,382665;-52,031803;"SPRF-PR";"DEL09-PR";"UOP01-DEL09-PR"
457395;2022-06-22;"quarta-feira";"11:30:00";"SC";282;180;"BOCAINA DO SUL";"Chuva";"Saída de leito carroçável";"Com Vítimas Feridas";"Pleno dia";"Crescente";"Chuva";"Simples";"Curva";"Não";3;0;2;0;1;0;2;1;-27,742239;-49,939873;"SPRF-SC";"DEL05-SC";"UOP01-DEL05-SC"
457397;2022-06-22;"quarta-feira";"19:20:00";"MG";262;802;"UBERABA";"Reação tardia ou ineficiente do condutor";"Colisão lateral mesmo sentido";"Com Vítimas Feridas";"Plena Noite";"Crescente";"Céu Claro";"Dupla";"Declive;Reta";"Sim";2;0;0;2;0;0;2;2;-19,779234;-47,964844;"SPRF-MG";"DEL13-MG";"UOP01-DEL13-MG"
457398;2022-06-22;"quarta-feira";"19:46:00";"RJ";101;322;"NITEROI";"Pedestre cruzava a pista fora da faixa";"Atropelamento de Pedestre";"Com Vítimas Feridas";"Plena Noite";"Crescente";"Céu Claro";"Dupla";"Reta";"Sim";2;0;0;1;1;0;1;2;-22,878923;-43,110676;"SPRF-RJ";"DEL02-RJ";"UOP01-DEL02-RJ"
457401;2022-06-22;"quarta-feira";"19:35:00";"MG";365;423,2;"PATOS DE MINAS";"Pista esburacada";"Queda de ocupante de veículo";"Com Vítimas Feridas";"Plena Noite";"Decrescente";"Céu Claro";"Simples";"Reta";"Não";2;0;1;1;0;0;2;1;-18,72358684;-46,61675818;"SPRF-MG";"DEL10-MG";"UOP01-DEL10-MG"
457405;2022-06-22;"quarta-feira";"16:00:00";"PE";104;0,9;"TAQUARITINGA DO NORTE";"Pista Escorregadia";"Capotamento";"Com Vítimas Feridas";"Pleno dia";"Crescente";"Chuva";"Simples";"Reta";"Não";3;0;2;0;1;0;2;1;-7,783875;-36,10333;"SPRF-PE";"DEL02-PE";"UOP01-DEL02-PE"
457406;2022-06-22;"quarta-feira";"18:30:00";"SC";101;377;"ICARA";"Deficiência do Sistema de Iluminação/Sinalização";"Colisão traseira";"Com Vítimas Feridas";"Plena Noite";"Decrescente";"Garoa/Chuvisco";"Simples";"Reta";"Não";2;0;0;1;1;0;1;2;-28,74495;-49,25728;"SPRF-SC";"DEL02-SC";"UOP01-DEL02-SC"
457407;2022-06-22;"quarta-feira";"20:20:00";"MG";354;755,2;"ITAMONTE";"Transitar no acostamento";"Atropelamento de Pedestre";"Com Vítimas Feridas";"Plena Noite";"Crescente";"Céu Claro";"Simples";"Declive";"Sim";2;0;2;0;0;0;2;2;-22,30998016;-44,85245881;"SPRF-MG";"DEL17-MG";"UOP01-DEL17-MG"
457408;2022-06-22;"quarta-feira";"20:30:00";"GO";364;116;"RIO VERDE";"Mal súbito do condutor";"Saída de leito carroçável";"Com Vítimas Feridas";"Plena Noite";"Decrescente";"Céu Claro";"Simples";"Reta";"Não";1;0;1;0;0;0;1;1;-18,291164;-51,162216;"SPRF-GO";"DEL05-GO";"UOP01-DEL05-GO"
457410;2022-06-22;"quarta-feira";"21:55:00";"RS";290;113;"ELDORADO DO SUL";"Ingestão de álcool pelo condutor";"Saída de leito carroçável";"Com Vítimas Feridas";"Plena Noite";"Crescente";"Garoa/Chuvisco";"Simples";"Reta";"Não";2;0;1;0;1;0;1;1;-30,043636;-51,337456;"SPRF-RS";"DEL02-RS";"UOP01-DEL02-RS"
457411;2022-06-22;"quarta-feira";"21:30:00";"MG";365;682;"MONTE ALEGRE DE MINAS";"Reação tardia ou ineficiente do condutor";"Saída de leito carroçável";"Com Vítimas Feridas";"Plena Noite";"Decrescente";"Céu Claro";"Dupla";"Reta";"Não";1;0;1;0;0;0;1;1;-18,85853402;-48,85826111;"SPRF-MG";"DEL15-MG";"UOP01-DEL15-MG"
457412;2022-06-22;"quarta-feira";"21:20:00";"PB";101;49,9;"RIO TINTO";"Trafegar com motocicleta (ou similar) entre as faixas";"Colisão traseira";"Com Vítimas Feridas";"Plena Noite";"Crescente";"Nublado";"Dupla";"Reta";"Não";3;0;1;1;1;0;2;2;-6,91464699;-35,11263198;"SPRF-PB";"DEL01-PB";"UOP04-DEL01-PB"
457413;2022-06-22;"quarta-feira";"22:00:00";"ES";262;115;"CONCEICAO DO CASTELO";"Mal súbito do condutor";"Saída de leito carroçável";"Com Vítimas Feridas";"Plena Noite";"Crescente";"Céu Claro";"Simples";"Curva";"Não";1;0;1;0;0;0;1;1;-20,32053818;-41,21864322;"SPRF-ES";"DEL01-ES";"UOP02-DEL01-ES"
457414;2022-06-22;"quarta-feira";"19:40:00";"BA";110;176;"RIBEIRA DO POMBAL";"Ingestão de álcool pelo condutor";"Colisão traseira";"Com Vítimas Fatais";"Plena Noite";"Crescente";"Nublado";"Simples";"Reta";"Não";2;1;0;1;0;0;1;2;-10,89629907;-38,52352048;"SPRF-BA";"DEL07-BA";"UOP02-DEL07-BA"
457416;2022-06-22;"quarta-feira";"17:35:00";"MG";262;34;"MANHUACU";"Acessar a via sem observar a presença dos outros veículos";"Colisão transversal";"Com Vítimas Feridas";"Anoitecer";"Decrescente";"Céu Claro";"Simples";"Reta;Interseção de Vias";"Sim";2;0;1;0;1;0;1;2;-20,25692664;-42,01099203;"SPRF-MG";"DEL06-MG";"UOP03-DEL06-MG"
457417;2022-06-22;"quarta-feira";"19:30:00";"RJ";493;93;"SEROPEDICA";"Demais falhas mecânicas ou elétricas";"Saída de leito carroçável";"Com Vítimas Feridas";"Plena Noite";"Crescente";"Céu Claro";"Dupla";"Reta";"Não";4;0;1;1;2;0;2;1;-22,69512018;-43,68850708;"SPRF-RJ";"DEL03-RJ";"UOP01-DEL03-RJ"
457418;2022-06-22;"quarta-feira";"22:50:00";"MG";262;367;"JUATUBA";"Objeto estático sobre o leito carroçável";"Colisão com objeto";"Com Vítimas Feridas";"Plena Noite";"Decrescente";"Céu Claro";"Dupla";"Curva";"Não";2;0;2;0;0;0;2;1;-19,97391261;-44,27096197;"SPRF-MG";"DEL01-MG";"UOP03-DEL01-MG"
457419;2022-06-22;"quarta-feira";"18:15:00";"MA";135;0,5;"SAO LUIS";"Acessar a via sem observar a presença dos outros veículos";"Colisão lateral mesmo sentido";"Com Vítimas Feridas";"Plena Noite";"Crescente";"Céu Claro";"Dupla";"Reta";"Sim";3;0;2;0;1;0;2;2;-2,5804565;-44,241947;"SPRF-MA";"DEL01-MA";"UOP01-DEL01-MA"
457420;2022-06-22;"quarta-feira";"22:45:00";"MG";381;933,8;"EXTREMA";"Reação tardia ou ineficiente do condutor";"Saída de leito carroçável";"Com Vítimas Feridas";"Plena Noite";"Crescente";"Céu Claro";"Dupla";"Retorno Regulamentado;Curva";"Não";2;0;1;0;1;0;1;1;-22,79979225;-46,258986;"SPRF-MG";"DEL16-MG";"UOP03-DEL16-MG"
457421;2022-06-22;"quarta-feira";"16:30:00";"PR";369;366,8;"CAMPO MOURAO";"Condutor deixou de manter distância do veículo da frente";"Colisão traseira";"Com Vítimas Feridas";"Pleno dia";"Crescente";"Céu Claro";"Simples";"Curva";"Não";3;0;1;0;2;0;1;3;-24,1184;-52,4345;"SPRF-PR";"DEL09-PR";"UOP03-DEL09-PR"
457422;2022-06-22;"quarta-feira";"23:00:00";"ES";101;297,6;"VIANA";"Velocidade Incompatível";"Colisão com objeto";"Com Vítimas Feridas";"Plena Noite";"Decrescente";"Céu Claro";"Dupla";"Aclive";"Sim";1;0;1;0;0;0;1;1;-20,349816;-40,412382;"SPRF-ES";"DEL01-ES";"UOP01-DEL01-ES"
457423;2022-06-22;"quarta-feira";"22:10:00";"RJ";116;169;"SAO JOAO DE MERITI";"Demais falhas mecânicas ou elétricas";"Incêndio";"Sem Vítimas";"Plena Noite";"Crescente";"Céu Claro";"Múltipla";"Reta";"Sim";1;0;0;0;1;0;0;1;-22,816206;-43,324463;"SPRF-RJ";"DEL01-RJ";"UOP02-DEL01-RJ"
457425;2022-06-22;"quarta-feira";"19:15:00";"RO";429;162;"SAO MIGUEL DO GUAPORE";"Transitar na contramão";"Colisão frontal";"Com Vítimas Feridas";"Plena Noite";"Crescente";"Céu Claro";"Simples";"Reta";"Sim";2;0;0;2;0;0;2;2;-11,69622734;-62,74050009;"SPRF-RO";"DEL02-RO";"UOP03-DEL02-RO"
457426;2022-06-22;"quarta-feira";"23:00:00";"PR";369;153,5;"LONDRINA";"Conversão proibida";"Colisão lateral mesmo sentido";"Com Vítimas Feridas";"Plena Noite";"Crescente";"Céu Claro";"Dupla";"Retorno Regulamentado";"Sim";2;0;1;0;1;0;1;2;-23,29799899;-51,19719028;"SPRF-PR";"DEL07-PR";"UOP01-DEL07-PR"
457428;2022-06-23;"quinta-feira";"00:30:00";"PR";116;12;"COLOMBO";"Demais falhas mecânicas ou elétricas";"Incêndio";"Sem Vítimas";"Plena Noite";"Crescente";"Céu Claro";"Dupla";"Reta";"Sim";1;0;0;0;1;0;0;1;-25,3755;-49,1496;"SPRF-PR";"DEL01-PR";"UOP02-DEL01-PR"
457429;2022-06-23;"quinta-feira";"01:00:00";"RS";116;265,5;"CANOAS";"Ausência de reação do condutor";"Colisão com objeto";"Com Vítimas Feridas";"Plena Noite";"Decrescente";"Garoa/Chuvisco";"Dupla";"Reta";"Não";1;0;1;0;0;0;1;1;-29,92342302;-51,17780944;"SPRF-RS";"DEL01-RS";"UOP01-DEL01-RS"
457430;2022-06-23;"quinta-feira";"00:20:00";"PR";277;76;"SAO JOSE DOS PINHAIS";"Ausência de reação do condutor";"Colisão traseira";"Com Vítimas Feridas";"Pleno dia";"Decrescente";"Céu Claro";"Dupla";"Reta";"Não";2;0;0;1;1;0;1;2;-25,48784112;-49,18139756;"SPRF-PR";"DEL01-PR";"UOP01-DEL01-PR"
457433;2022-06-22;"quarta-feira";"23:40:00";"PR";376;179;"MARINGA";"Velocidade Incompatível";"Queda de ocupante de veículo";"Com Vítimas Feridas";"Plena Noite";"Crescente";"Céu Claro";"Dupla";"Reta";"Sim";1;0;1;0;0;0;1;1;-23,42073306;-51,90899491;"SPRF-PR";"DEL09-PR";"UOP01-DEL09-PR"
457434;2022-06-23;"quinta-feira";"02:00:00";"AL";104;27,6;"UNIAO DOS PALMARES";"Demais falhas mecânicas ou elétricas";"Incêndio";"Sem Vítimas";"Plena Noite";"Decrescente";"Chuva";"Simples";"Reta";"Não";1;0;0;0;1;0;0;1;-9,1067628;-36,05271491;"SPRF-AL";"DEL01-AL";"UOP02-DEL01-AL"
457435;2022-06-23;"quinta-feira";"03:15:00";"RJ";40;114;"DUQUE DE CAXIAS";"Reação tardia ou ineficiente do condutor";"Colisão com objeto";"Sem Vítimas";"Plena Noite";"Decrescente";"Céu Claro";"Múltipla";"Reta";"Sim";1;0;0;0;1;0;0;1;-22,71853604;-43,28993324;"SPRF-RJ";"DEL01-RJ";"UOP01-DEL01-RJ"
457436;2022-06-23;"quinta-feira";"03:15:00";"PB";230;133,5;"CAMPINA GRANDE";"Condutor deixou de manter distância do veículo da frente";"Colisão traseira";"Com Vítimas Feridas";"Plena Noite";"Crescente";"Chuva";"Dupla";"Reta";"Não";3;0;1;0;1;1;1;2;-7,27386;-35,753721;"SPRF-PB";"DEL02-PB";"UOP01-DEL02-PB"
457437;2022-06-23;"quinta-feira";"03:50:00";"SC";101;130;"BALNEARIO CAMBORIU";"Ingestão de álcool pelo condutor";"Saída de leito carroçável";"Sem Vítimas";"Plena Noite";"Crescente";"Céu Claro";"Dupla";"Reta";"Sim";1;0;0;0;1;0;0;1;-26,98407618;-48,66977107;"SPRF-SC";"DEL04-SC";"UOP03-DEL04-SC"
457438;2022-06-23;"quinta-feira";"04:30:00";"SP";116;212;"GUARULHOS";"Frear bruscamente";"Eventos atípicos";"Com Vítimas Fatais";"Plena Noite";"Crescente";"Nublado";"Dupla";"Reta";"Sim";4;1;0;0;3;0;0;3;-23,43608315;-46,42805094;"SPRF-SP";"DEL01-SP";"UOP01-DEL01-SP"
457442;2022-06-23;"quinta-feira";"06:00:00";"SP";116;230;"SAO PAULO";"Reação tardia ou ineficiente do condutor";"Colisão lateral mesmo sentido";"Com Vítimas Feridas";"Amanhecer";"Crescente";"Céu Claro";"Múltipla";"Reta";"Sim";2;0;1;0;1;0;1;2;-23,52251783;-46,5855702;"SPRF-SP";"DEL01-SP";"UOP01-DEL01-SP"
457443;2022-06-19;"domingo";"22:50:00";"MG";50;41,5;"ARAGUARI";"Reação tardia ou ineficiente do condutor";"Colisão transversal";"Com Vítimas Feridas";"Plena Noite";"Decrescente";"Céu Claro";"Dupla";"Curva";"Não";5;0;1;0;4;0;1;2;-18,682136;-48,17887197;"SPRF-MG";"DEL15-MG";"UOP02-DEL15-MG"
457446;2022-06-23;"quinta-feira";"06:00:00";"SP";116;470;"JACUPIRANGA";"Ausência de sinalização";"Colisão traseira";"Com Vítimas Feridas";"Amanhecer";"Decrescente";"Nevoeiro/Neblina";"Dupla";"Curva";"Não";2;0;1;0;1;0;1;2;-24,65403826;-47,95945895;"SPRF-SP";"DEL05-SP";"UOP01-DEL05-SP"
457450;2022-05-03;"terça-feira";"17:20:00";"SC";282;22;"PALHOCA";"Conversão proibida";"Colisão frontal";"Com Vítimas Feridas";"Anoitecer";"Decrescente";"Chuva";"Simples";"Reta";"Sim";2;0;0;2;0;0;2;2;-27,688507;-48,72739;"SPRF-SC";"DEL01-SC";"UOP02-DEL01-SC"
457451;2022-06-23;"quinta-feira";"07:47:00";"DF";20;19;"BRASILIA";"Manobra de mudança de faixa";"Colisão traseira";"Com Vítimas Feridas";"Pleno dia";"Decrescente";"Céu Claro";"Dupla";"Reta";"Sim";2;0;1;0;1;0;1;2;-15,612175;-47,700928;"SPRF-DF";"DEL02-DF";"UOP01-DEL02-DF"
457452;2022-06-19;"domingo";"14:30:00";"RJ";40;93;"DUQUE DE CAXIAS";"Chuva";"Saída de leito carroçável";"Com Vítimas Feridas";"Pleno dia";"Decrescente";"Chuva";"Simples";"Reta";"Não";4;0;3;1;0;0;4;1;-22,5554282;-43,25829998;"SPRF-RJ";"DEL06-RJ";"UOP01-DEL06-RJ"
457453;2022-06-23;"quinta-feira";"07:30:00";"PR";277;651,5;"MATELANDIA";"Reação tardia ou ineficiente do condutor";"Colisão traseira";"Com Vítimas Feridas";"Pleno dia";"Crescente";"Céu Claro";"Simples";"Reta";"Sim";3;0;1;0;1;1;1;3;-25,19035881;-53,93738222;"SPRF-PR";"DEL05-PR";"UOP02-DEL05-PR"
457455;2022-06-23;"quinta-feira";"06:50:00";"MT";364;205;"RONDONOPOLIS";"Ausência de reação do condutor";"Colisão traseira";"Com Vítimas Feridas";"Pleno dia";"Decrescente";"Sol";"Dupla";"Rotatória";"Sim";3;0;1;0;2;0;1;3;-16,45928621;-54,66092345;"SPRF-MT";"DEL02-MT";"UOP01-DEL02-MT"
457458;2022-06-20;"segunda-feira";"00:10:00";"MG";50;192;"DELTA";"Ausência de reação do condutor";"Colisão lateral mesmo sentido";"Com Vítimas Feridas";"Plena Noite";"Crescente";"Céu Claro";"Dupla";"Reta;Aclive";"Não";5;0;1;0;1;3;1;2;-19,87187797;-47,85892196;"SPRF-MG";"DEL13-MG";"UOP01-DEL13-MG"
457462;2022-06-23;"quinta-feira";"08:20:00";"RJ";101;460;"MANGARATIBA";"Animais na Pista";"Atropelamento de Animal";"Com Vítimas Feridas";"Pleno dia";"Crescente";"Céu Claro";"Simples";"Reta";"Não";1;0;1;0;0;0;1;1;-23,03143796;-44,19451568;"SPRF-RJ";"DEL03-RJ";"UOP03-DEL03-RJ"
457463;2022-06-23;"quinta-feira";"07:50:00";"SC";101;115;"ITAJAI";"Ultrapassagem Indevida";"Colisão transversal";"Com Vítimas Feridas";"Pleno dia";"Decrescente";"Nublado";"Dupla";"Interseção de Vias";"Sim";2;0;2;0;0;0;2;2;-26,87064015;-48,72954134;"SPRF-SC";"DEL04-SC";"UOP04-DEL04-SC"
457464;2022-06-23;"quinta-feira";"08:45:00";"SE";235;5,9;"NOSSA SENHORA DO SOCORRO";"Condutor deixou de manter distância do veículo da frente";"Colisão traseira";"Sem Vítimas";"Pleno dia";"Crescente";"Nublado";"Dupla";"Reta";"Não";2;0;0;0;2;0;0;2;-10,9041;-37,1278;"SPRF-SE";"DEL01-SE";"UOP01-DEL01-SE"
457465;2022-06-23;"quinta-feira";"08:00:00";"RS";116;268;"CANOAS";"Ausência de reação do condutor";"Colisão com objeto";"Sem Vítimas";"Pleno dia";"Decrescente";"Garoa/Chuvisco";"Dupla";"Reta";"Sim";1;0;0;0;1;0;0;1;-29,94632364;-51,17670357;"SPRF-RS";"DEL01-RS";"UOP01-DEL01-RS"
457466;2022-06-23;"quinta-feira";"07:50:00";"PR";116;113;"CURITIBA";"Ausência de reação do condutor";"Colisão traseira";"Com Vítimas Feridas";"Pleno dia";"Decrescente";"Nublado";"Dupla";"Reta";"Sim";2;0;1;0;1;0;1;2;-25,56513636;-49,24675108;"SPRF-PR";"DEL01-PR";"UOP06-DEL01-PR"
457467;2022-06-23;"quinta-feira";"07:55:00";"MG";50;169;"UBERABA";"Condutor deixou de manter distância do veículo da frente";"Tombamento";"Com Vítimas Feridas";"Pleno dia";"Decrescente";"Céu Claro";"Dupla";"Em Obras";"Não";1;0;1;0;0;0;1;1;-19,72771598;-47,98120608;"SPRF-MG";"DEL13-MG";"UOP01-DEL13-MG"
457469;2022-06-23;"quinta-feira";"08:00:00";"SP";116;395;"MIRACATU";"Condutor Dormindo";"Capotamento";"Com Vítimas Feridas";"Pleno dia";"Crescente";"Céu Claro";"Dupla";"Reta";"Não";2;0;1;0;1;0;1;1;-24,28894933;-47,46080025;"SPRF-SP";"DEL04-SP";"UOP02-DEL04-SP"
457471;2022-06-23;"quinta-feira";"09:10:00";"SC";282;58,5;"RANCHO QUEIMADO";"Velocidade Incompatível";"Colisão traseira";"Com Vítimas Feridas";"Pleno dia";"Crescente";"Chuva";"Simples";"Reta";"Não";3;0;1;1;1;0;2;2;-27,683594;-49,005539;"SPRF-SC";"DEL01-SC";"UOP03-DEL01-SC"