"id";"data_inversa";"dia_semana";"horario";"uf";"br";"km";"municipio";"causa_acidente";"tipo_acidente";"classificacao_acidente";"fase_dia";"sentido_via";"condicao_metereologica";"tipo_pista";"tracado_via";"uso_solo";"pessoas";"mortos";"feridos_leves";"feridos_graves";"ilesos";"ignorados";"feridos";"veiculos";"latitude";"longitude";"regional";"delegacia";"uop"
457472;2022-06-23;"quinta-feira";"09:05:00";"SP";116;154,3;"SAO JOSE DOS CAMPOS";"Ausência de reação do condutor";"Queda de ocupante de veículo";"Com Vítimas Feridas";"Pleno dia";"Decrescente";"Céu Claro";"Dupla";"Reta";"Sim";1;0;1;0;0;0;1;1;-23,23903999;-45,92061901;"SPRF-SP";"DEL02-SP";"UOP01-DEL02-SP"
457473;2022-06-06;"segunda-feira";"06:00:00";"RS";470;213;"BENTO GONCALVES";"Reação tardia ou ineficiente do condutor";"Colisão lateral sentido oposto";"Com Vítimas Feridas";"Amanhecer";"Decrescente";"Garoa/Chuvisco";"Simples";"Desvio Temporário;Curva;Em Obras";"Sim";2;0;1;0;1;0;1;2;-29,14760468;-51,53153485;"SPRF-RS";"DEL06-RS";"UOP01-DEL06-RS"
457477;2022-06-23;"quinta-feira";"08:00:00";"SP";101;43,6;"UBATUBA";"Entrada inopinada do pedestre";"Atropelamento de Pedestre";"Com Vítimas Feridas";"Pleno dia";"Decrescente";"Céu Claro";"Simples";"Curva";"Sim";4;0;0;1;1;2;1;2;-23,38434701;-44,97217398;"SPRF-SP";"DEL06-SP";"UOP01-DEL06-SP"
457481;2022-06-23;"quinta-feira";"09:40:00";"RS";386;344;"LAJEADO";"Pedestre cruzava a pista fora da faixa";"Atropelamento de Pedestre";"Com Vítimas Feridas";"Pleno dia";"Crescente";"Garoa/Chuvisco";"Simples";"Reta";"Sim";2;0;1;0;1;0;1;2;-29,439268;-51,993633;"SPRF-RS";"DEL04-RS";"UOP01-DEL04-RS"
457483;2022-03-20;"domingo";"23:30:00";"MA";316;295;"PIO XII";"Transitar no acostamento";"Colisão com objeto";"Com Vítimas Fatais";"Plena Noite";"Crescente";"Nublado";"Simples";"Declive;Reta";"Não";2;1;0;0;1;0;0;2;-3,86284;-45,177025;"SPRF-MA";"DEL02-MA";"UOP01-DEL02-MA"
457484;2022-06-23;"quinta-feira";"11:00:00";"SC";101;214;"PALHOCA";"Acessar a via sem observar a presença dos outros veículos";"Queda de ocupante de veículo";"Com Vítimas Feridas";"Pleno dia";"Crescente";"Nublado";"Dupla";"Interseção de Vias";"Não";1;0;1;0;0;0;1;1;-27,64443;-48,67057;"SPRF-SC";"DEL01-SC";"UOP02-DEL01-SC"
457487;2022-06-23;"quinta-feira";"10:00:00";"RN";101;122;"SAO JOSE DE MIPIBU";"Condutor deixou de manter distância do veículo da frente";"Colisão transversal";"Com Vítimas Feridas";"Pleno dia";"Crescente";"Céu Claro";"Dupla";"Interseção de Vias";"Sim";2;0;1;0;1;0;1;2;-6,0525261;-35,24358535;"SPRF-RN";"DEL01-RN";"UOP01-DEL01-RN"
457491;2022-06-23;"quinta-feira";"10:35:00";"SE";101;121;"ITAPORANGA DAJUDA";"Demais falhas mecânicas ou elétricas";"Incêndio";"Sem Vítimas";"Pleno dia";"Crescente";"Céu Claro";"Dupla";"Reta";"Não";1;0;0;0;1;0;0;1;-11,03598773;-37,34773997;"SPRF-SE";"DEL02-SE";"UOP01-DEL02-SE"
457492;2022-05-04;"quarta-feira";"09:30:00";"PR";116;115;"CURITIBA";"Manobra de mudança de faixa";"Colisão lateral mesmo sentido";"Com Vítimas Feridas";"Pleno dia";"Crescente";"Céu Claro";"Dupla";"Reta";"Sim";2;0;1;0;1;0;1;2;-25,55953326;-49,26560414;"SPRF-PR";"DEL01-PR";"UOP06-DEL01-PR"
457493;2022-06-23;"quinta-feira";"11:10:00";"PB";101;39;"MAMANGUAPE";"Condutor deixou de manter distância do veículo da frente";"Colisão traseira";"Com Vítimas Feridas";"Pleno dia";"Decrescente";"Céu Claro";"Dupla";"Aclive";"Não";3;0;2;0;1;0;2;2;-6,82975098;-35,13756194;"SPRF-PB";"DEL01-PB";"UOP04-DEL01-PB"
457494;2022-06-23;"quinta-feira";"11:30:00";"PR";376;620;"SAO JOSE DOS PINHAIS";"Reação tardia ou ineficiente do condutor";"Colisão traseira";"Com Vítimas Feridas";"Pleno dia";"Crescente";"Céu Claro";"Dupla";"Reta";"Não";3;0;2;0;1;0;2;2;-25,60925907;-49,17205834;"SPRF-PR";"DEL01-PR";"UOP04-DEL01-PR"
457495;2022-06-23;"quinta-feira";"12:00:00";"MG";381;934,3;"EXTREMA";"Curva acentuada";"Queda de ocupante de veículo";"Com Vítimas Feridas";"Pleno dia";"Decrescente";"Céu Claro";"Dupla";"Curva;Declive";"Não";1;0;1;0;0;0;1;1;-22,82007572;-46,29934031;"SPRF-MG";"DEL16-MG";"UOP03-DEL16-MG"
457496;2022-06-23;"quinta-feira";"08:50:00";"BA";101;207,5;"CRUZ DAS ALMAS";"Obras na pista";"Queda de ocupante de veículo";"Com Vítimas Feridas";"Pleno dia";"Crescente";"Céu Claro";"Simples";"Aclive;Reta";"Não";1;0;1;0;0;0;1;1;-12,64807481;-39,11532806;"SPRF-BA";"DEL01-BA";"UOP02-DEL01-BA"
457498;2022-06-23;"quinta-feira";"11:35:00";"MS";463;2;"DOURADOS";"Acessar a via sem observar a presença dos outros veículos";"Colisão transversal";"Com Vítimas Feridas";"Pleno dia";"Crescente";"Céu Claro";"Simples";"Interseção de Vias";"Sim";2;0;0;1;1;0;1;2;-22,2591541;-54,823354;"SPRF-MS";"DEL04-MS";"UOP01-DEL04-MS"
457502;2022-06-23;"quinta-feira";"12:00:00";"RN";101;160;"CANGUARETAMA";"Acessar a via sem observar a presença dos outros veículos";"Colisão lateral mesmo sentido";"Com Vítimas Feridas";"Pleno dia";"Crescente";"Céu Claro";"Simples";"Reta";"Sim";2;0;2;0;0;0;2;1;-6,37073486;-35,15280876;"SPRF-RN";"DEL01-RN";"UOP01-DEL01-RN"
457504;2022-06-23;"quinta-feira";"05:00:00";"MG";153;4;"ARAPORA";"Pedestre cruzava a pista fora da faixa";"Atropelamento de Pedestre";"Com Vítimas Feridas";"Amanhecer";"Decrescente";"Céu Claro";"Dupla";"Reta";"Não";2;0;0;1;0;1;1;2;-18,45132998;-49,18791489;"SPRF-MG";"DEL15-MG";"UOP03-DEL15-MG"
457507;2022-06-23;"quinta-feira";"13:37:00";"PE";101;48,4;"ABREU E LIMA";"Manobra de mudança de faixa";"Colisão transversal";"Com Vítimas Feridas";"Pleno dia";"Decrescente";"Céu Claro";"Múltipla";"Reta";"Sim";3;0;1;1;1;0;2;2;-7,89174705;-34,9033493;"SPRF-PE";"DEL01-PE";"UOP02-DEL01-PE"
457510;2022-05-30;"segunda-feira";"18:20:00";"PR";158;532,5;"PATO BRANCO";"Ultrapassagem Indevida";"Colisão frontal";"Com Vítimas Feridas";"Plena Noite";"Decrescente";"Céu Claro";"Simples";"Aclive";"Não";5;0;1;2;2;0;3;4;-26,21099702;-52,6807167;"SPRF-PR";"DEL02-PR";"UOP01-DEL02-PR"
457512;2022-06-23;"quinta-feira";"13:20:00";"RJ";40;8,2;"COMENDADOR LEVY GASPARIAN";"Condutor Dormindo";"Colisão com objeto";"Com Vítimas Feridas";"Pleno dia";"Decrescente";"Sol";"Dupla";"Curva";"Não";1;0;1;0;0;0;1;1;-22,04570885;-43,21534395;"SPRF-RJ";"DEL05-RJ";"UOP02-DEL05-RJ"
457513;2022-06-23;"quinta-feira";"14:01:00";"GO";40;2;"VALPARAISO DE GOIAS";"Manobra de mudança de faixa";"Colisão lateral mesmo sentido";"Com Vítimas Feridas";"Pleno dia";"Crescente";"Céu Claro";"Dupla";"Reta";"Sim";2;0;1;0;0;1;1;2;-16,067129;-47,984235;"SPRF-DF";"DEL01-DF";"UOP01-DEL01-DF"
457514;2022-06-23;"quinta-feira";"14:10:00";"PE";232;68,9;"GRAVATA";"Reação tardia ou ineficiente do condutor";"Colisão traseira";"Com Vítimas Feridas";"Pleno dia";"Crescente";"Chuva";"Dupla";"Reta";"Não";3;0;1;0;2;0;1;3;-8,17369;-35,482085;"SPRF-PE";"DEL02-PE";"UOP02-DEL02PE"
457517;2022-06-23;"quinta-feira";"13:41:00";"SC";282;5,6;"SAO JOSE";"Mal súbito do condutor";"Tombamento";"Com Vítimas Feridas";"Pleno dia";"Crescente";"Nublado";"Múltipla";"Reta;Aclive";"Sim";1;0;0;1;0;0;1;1;-27,588425;-48,612919;"SPRF-SC";"DEL01-SC";"UOP01-DEL01-SC"
457518;2022-06-21;"terça-feira";"23:05:00";"RS";285;365,5;"SALDANHA MARINHO";"Objeto estático sobre o leito carroçável";"Colisão com objeto";"Sem Vítimas";"Plena Noite";"Decrescente";"Chuva";"Simples";"Reta";"Não";2;0;0;0;2;0;0;1;-28,387148;-53,020016;"SPRF-RS";"DEL08-RS";"UOP03-DEL08-RS"
457519;2022-06-23;"quinta-feira";"11:00:00";"MT";70;277,5;"PRIMAVERA DO LESTE";"Reação tardia ou ineficiente do condutor";"Colisão traseira";"Com Vítimas Feridas";"Pleno dia";"Decrescente";"Céu Claro";"Dupla";"Reta";"Sim";2;0;1;0;1;0;1;2;-15,56219033;-54,2964077;"SPRF-MT";"DEL05-MT";"UOP01-DEL05-MT"
457520;2022-06-23;"quinta-feira";"14:54:00";"MG";381;484;"BETIM";"Velocidade Incompatível";"Colisão traseira";"Com Vítimas Feridas";"Pleno dia";"Decrescente";"Céu Claro";"Múltipla";"Reta";"Não";1;0;1;0;0;0;1;1;-19,95531717;-44,11722196;"SPRF-MG";"DEL01-MG";"UOP03-DEL01-MG"
457522;2022-06-23;"quinta-feira";"14:20:00";"MG";381;332;"NOVA ERA";"Demais falhas mecânicas ou elétricas";"Saída de leito carroçável";"Com Vítimas Feridas";"Pleno dia";"Crescente";"Céu Claro";"Simples";"Reta";"Não";1;0;1;0;0;0;1;1;-19,73629395;-43,01849326;"SPRF-MG";"DEL03-MG";"UOP01-DEL03-MG"
457523;2022-06-23;"quinta-feira";"15:15:00";"MG";262;50,7;"MANHUACU";"Acumulo de óleo sobre o pavimento";"Tombamento";"Com Vítimas Feridas";"Pleno dia";"Crescente";"Sol";"Dupla";"Rotatória";"Sim";1;0;1;0;0;0;1;1;-20,2428055;-42,13652397;"SPRF-MG";"DEL06-MG";"UOP03-DEL06-MG"
457526;2022-06-23;"quinta-feira";"15:00:00";"SP";101;50;"UBATUBA";"Acessar a via sem observar a presença dos outros veículos";"Colisão transversal";"Com Vítimas Feridas";"Pleno dia";"Decrescente";"Céu Claro";"Simples";"Reta";"Sim";2;0;1;0;1;0;1;2;-23,4522625;-45,07535934;"SPRF-SP";"DEL06-SP";"UOP01-DEL06-SP"
457527;2022-06-23;"quinta-feira";"13:36:00";"SP";116;140,3;"SAO JOSE DOS CAMPOS";"Condutor deixou de manter distância do veículo da frente";"Colisão traseira";"Com Vítimas Feridas";"Pleno dia";"Crescente";"Sol";"Dupla";"Reta";"Sim";4;0;2;0;2;0;2;3;-23,16577714;-45,81246193;"SPRF-SP";"DEL02-SP";"UOP01-DEL02-SP"
457528;2022-06-23;"quinta-feira";"14:55:00";"RO";364;238;"CACOAL";"Desrespeitar a preferência no cruzamento";"Colisão transversal";"Com Vítimas Feridas";"Pleno dia";"Crescente";"Céu Claro";"Simples";"Reta";"Sim";3;0;0;2;1;0;2;2;-11,4388578;-61,45471289;"SPRF-RO";"DEL02-RO";"UOP02-DEL02-RO"
457529;2022-06-23;"quinta-feira";"15:45:00";"BA";324;599;"SIMOES FILHO";"Pedestre andava na pista";"Atropelamento de Pedestre";"Com Vítimas Feridas";"Pleno dia";"Decrescente";"Céu Claro";"Múltipla";"Reta";"Não";2;0;1;0;1;0;1;2;-12,74194511;-38,43853918;"SPRF-BA";"DEL01-BA";"UOP01-DEL01-BA"
457531;2022-06-23;"quinta-feira";"14:30:00";"RO";364;710;"PORTO VELHO";"Condutor deixou de manter distância do veículo da frente";"Colisão traseira";"Sem Vítimas";"Pleno dia";"Decrescente";"Céu Claro";"Dupla";"Reta";"Sim";5;0;0;0;5;0;0;3;-8,785846;-63,858039;"SPRF-RO";"DEL01-RO";"UOP01-DEL01-RO"
457535;2022-06-23;"quinta-feira";"15:59:00";"PE";232;53;"POMBOS";"Reação tardia ou ineficiente do condutor";"Colisão traseira";"Com Vítimas Feridas";"Pleno dia";"Crescente";"Nublado";"Dupla";"Reta";"Não";3;0;2;0;1;0;2;2;-8,13014263;-35,3484723;"SPRF-PE";"DEL02-PE";"UOP02-DEL02PE"
457539;2022-06-23;"quinta-feira";"16:30:00";"SC";101;44,9;"JOINVILLE";"Desrespeitar a preferência no cruzamento";"Colisão transversal";"Com Vítimas Feridas";"Pleno dia";"Decrescente";"Céu Claro";"Simples";"Viaduto";"Sim";2;0;1;0;1;0;1;2;-26,34234997;-48,85840089;"SPRF-SC";"DEL03-SC";"UOP01-DEL03-SC"
457540;2022-06-23;"quinta-feira";"16:40:00";"MG";381;478;"CONTAGEM";"Reação tardia ou ineficiente do condutor";"Colisão traseira";"Com Vítimas Feridas";"Pleno dia";"Decrescente";"Sol";"Múltipla";"Aclive;Reta";"Sim";2;0;0;1;1;0;1;2;-19,96321453;-44,04133558;"SPRF-MG";"DEL01-MG";"UOP03-DEL01-MG"
457543;2022-06-23;"quinta-feira";"16:30:00";"PR";376;215,9;"JANDAIA DO SUL";"Acessar a via sem observar a presença dos outros veículos";"Colisão transversal";"Sem Vítimas";"Pleno dia";"Crescente";"Céu Claro";"Simples";"Rotatória";"Sim";2;0;0;0;2;0;0;2;-23,59537856;-51,64222304;"SPRF-PR";"DEL09-PR";"UOP01-DEL09-PR"
457548;2022-06-23;"quinta-feira";"17:40:00";"PB";230;335;"PATOS";"Conversão proibida";"Colisão lateral sentido oposto";"Com Vítimas Feridas";"Anoitecer";"Crescente";"Céu Claro";"Simples";"Reta";"Sim";3;0;0;1;2;0;1;2;-7,0128;-37,2644;"SPRF-PB";"DEL03-PB";"UOP01-DEL03-PB"
457549;2022-06-23;"quinta-feira";"17:15:00";"TO";153;496;"PARAISO DO TOCANTINS";"Acessar a via sem observar a presença dos outros veículos";"Colisão frontal";"Com Vítimas Feridas";"Pleno dia";"Crescente";"Céu Claro";"Dupla";"Reta";"Sim";3;0;2;0;1;0;2;2;-10,169291;-48,881182;"SPRF-TO";"DEL01-TO";"UOP01-DEL01-TO"
457551;2022-06-23;"quinta-feira";"16:55:00";"PR";163;127,1;"REALEZA";"Conversão proibida";"Colisão transversal";"Com Vítimas Feridas";"Pleno dia";"Crescente";"Céu Claro";"Simples";"Reta";"Não";3;0;1;1;1;0;2;2;-25,59978985;-53,56194143;"SPRF-PR";"DEL02-PR";"UOP02-DEL02-PR"
457554;2022-06-23;"quinta-feira";"18:00:00";"BA";324;607;"SIMOES FILHO";"Reação tardia ou ineficiente do condutor";"Colisão lateral mesmo sentido";"Com Vítimas Feridas";"Anoitecer";"Decrescente";"Céu Claro";"Dupla";"Reta";"Não";2;0;1;0;1;0;1;2;-12,80271203;-38,40391318;"SPRF-BA";"DEL01-BA";"UOP01-DEL01-BA"
457555;2022-06-23;"quinta-feira";"18:05:00";"PR";277;721;"FOZ DO IGUACU";"Desrespeitar a preferência no cruzamento";"Colisão frontal";"Com Vítimas Feridas";"Anoitecer";"Crescente";"Céu Claro";"Simples";"Retorno Regulamentado";"Sim";3;0;2;0;1;0;2;2;-25,4911505;-54,51185421;"SPRF-PR";"DEL05-PR";"UOP03-DEL05-PR"
457556;2022-03-04;"sexta-feira";"09:40:00";"PA";316;49,5;"SANTA IZABEL DO PARA";"Entrada inopinada do pedestre";"Atropelamento de Pedestre";"Com Vítimas Feridas";"Pleno dia";"Crescente";"Céu Claro";"Dupla";"Reta";"Não";3;0;0;1;1;1;1;2;-1,2979218336;-48,0494358423;"SPRF-PA";"DEL01-PA";"UOP01-DEL01-PA"
457558;2022-06-23;"quinta-feira";"18:45:00";"RN";226;61,3;"SENADOR ELOI DE SOUZA";"Reação tardia ou ineficiente do condutor";"Queda de ocupante de veículo";"Com Vítimas Feridas";"Plena Noite";"Crescente";"Céu Claro";"Simples";"Reta";"Não";2;0;1;1;0;0;2;1;-6,050407;-35,674863;"SPRF-RN";"DEL01-RN";"UOP02-DEL01-RN"
457560;2022-06-23;"quinta-feira";"18:50:00";"RS";470;173;"VERANOPOLIS";"Neblina";"Saída de leito carroçável";"Com Vítimas Feridas";"Plena Noite";"Crescente";"Nevoeiro/Neblina";"Dupla";"Reta";"Não";2;0;1;0;0;1;1;2;-28,90074603;-51,55311438;"SPRF-RS";"DEL06-RS";"UOP02-DEL06-RS"
457561;2022-06-23;"quinta-feira";"18:50:00";"SC";282;3,5;"FLORIANOPOLIS";"Manobra de mudança de faixa";"Colisão lateral mesmo sentido";"Com Vítimas Feridas";"Plena Noite";"Crescente";"Nublado";"Dupla";"Reta";"Sim";3;0;0;1;1;1;1;3;-27,600384;-48,599705;"SPRF-SC";"DEL01-SC";"UOP01-DEL01-SC"
457563;2022-06-23;"quinta-feira";"18:30:00";"PR";476;138;"CURITIBA";"Manobra de mudança de faixa";"Colisão traseira";"Com Vítimas Feridas";"Plena Noite";"Decrescente";"Céu Claro";"Múltipla";"Curva";"Sim";3;0;1;0;0;2;1;3;-25,51284;-49,289257;"SPRF-PR";"DEL01-PR";"UOP03-DEL01-PR"
457564;2022-06-23;"quinta-feira";"18:30:00";"MG";267;68,6;"BICAS";"Condutor deixou de manter distância do veículo da frente";"Colisão traseira";"Com Vítimas Feridas";"Plena Noite";"Crescente";"Nublado";"Simples";"Reta";"Não";4;0;1;1;1;1;2;3;-21,73995093;-43,11577998;"SPRF-MG";"DEL05-MG";"UOP01-DEL05-MG"
457566;2022-06-23;"quinta-feira";"18:05:00";"RS";116;232,5;"ESTANCIA VELHA";"Ausência de reação do condutor";"Colisão traseira";"Com Vítimas Feridas";"Plena Noite";"Crescente";"Garoa/Chuvisco";"Simples";"Declive";"Não";4;0;1;0;3;0;1;4;-29,63300002;-51,14325106;"SPRF-RS";"DEL01-RS";"UOP02-DEL01-RS"
457567;2022-06-23;"quinta-feira";"18:30:00";"BA";324;611;"SIMOES FILHO";"Condutor deixou de manter distância do veículo da frente";"Colisão traseira";"Com Vítimas Feridas";"Plena Noite";"Decrescente";"Céu Claro";"Dupla";"Reta";"Não";5;0;1;0;4;0;1;4;-12,83798396;-38,41427011;"SPRF-BA";"DEL01-BA";"UOP01-DEL01-BA"
457568;2022-06-23;"quinta-feira";"13:01:00";"SC";282;603,9;"MARAVILHA";"Acessar a via sem observar a presença dos outros veículos";"Colisão transversal";"Com Vítimas Feridas";"Pleno dia";"Decrescente";"Céu Claro";"Simples";"Declive";"Não";3;0;1;2;0;0;3;2;-26,79505103;-53,19321513;"SPRF-SC";"DEL07-SC";"UOP02-DEL07-SC"
457570;2022-06-23;"quinta-feira";"19:30:00";"SP";116;183;"SANTA ISABEL";"Iluminação deficiente";"Colisão com objeto";"Com Vítimas Feridas";"Pleno dia";"Decrescente";"Céu Claro";"Dupla";"Declive";"Sim";3;0;1;0;2;0;1;2;-23,34888216;-46,17091894;"SPRF-SP";"DEL01-SP";"UOP01-DEL01-SP"
457571;2022-06-23;"quinta-feira";"18:50:00";"SP";101;50;"UBATUBA";"Acessar a via sem observar a presença dos outros veículos";"Colisão transversal";"Com Vítimas Feridas";"Plena Noite";"Crescente";"Céu Claro";"Simples";"Reta";"Sim";2;0;1;0;1;0;1;2;-23,45323691;-45,07430792;"SPRF-SP";"DEL06-SP";"UOP01-DEL06-SP"
457572;2022-06-23;"quinta-feira";"19:20:00";"RS";158;329,5;"SANTA MARIA";"Área urbana sem a presença de local apropriado para a travessia de pedestres";"Atropelamento de Pedestre";"Com Vítimas Fatais";"Plena Noite";"Crescente";"Nublado";"Dupla";"Reta;Declive";"Sim";2;1;0;0;1;0;0;2;-29,70147339;-53,83916616;"SPRF-RS";"DEL09-RS";"UOP01-DEL09-RS"
457574;2022-04-11;"segunda-feira";"11:30:00";"PA";230;145;"MARABA";"Reação tardia ou ineficiente do condutor";"Colisão lateral sentido oposto";"Com Vítimas Feridas";"Pleno dia";"Crescente";"Céu Claro";"Simples";"Reta;Ponte";"Não";4;0;0;1;3;0;1;2;-5,3090065;-49,25294479;"SPRF-PA";"DEL03-PA";"UOP01-DEL03-PA"
457575;2022-06-23;"quinta-feira";"19:20:00";"BA";116;668;"JEQUIE";"Acessar a via sem observar a presença dos outros veículos";"Colisão frontal";"Com Vítimas Feridas";"Plena Noite";"Decrescente";"Nublado";"Simples";"Reta";"Não";5;0;1;0;4;0;1;3;-13,7667851;-40,10212978;"SPRF-BA";"DEL03-BA";"UOP01-DEL03-BA"
457576;2022-06-23;"quinta-feira";"18:05:00";"RS";468;19,9;"PALMEIRA DAS MISSOES";"Reação tardia ou ineficiente do condutor";"Saída de leito carroçável";"Com Vítimas Feridas";"Anoitecer";"Crescente";"Nublado";"Simples";"Reta";"Não";4;0;0;3;0;1;3;2;-27,78416215;-53,43484742;"SPRF-RS";"DEL08-RS";"UOP01-DEL08-RS"
457577;2022-06-23;"quinta-feira";"19:00:00";"ES";101;94;"JAGUARE";"Ausência de reação do condutor";"Colisão traseira";"Com Vítimas Feridas";"Plena Noite";"Crescente";"Céu Claro";"Simples";"Reta";"Não";3;0;2;0;0;1;2;2;-18,93086484;-39,97180828;"SPRF-ES";"DEL04-ES";"UOP02-DEL04-ES"
457578;2022-06-23;"quinta-feira";"18:45:00";"ES";262;107,3;"VENDA NOVA DO IMIGRANTE";"Pedestre cruzava a pista fora da faixa";"Atropelamento de Pedestre";"Com Vítimas Fatais";"Plena Noite";"Crescente";"Nublado";"Simples";"Reta";"Sim";2;1;0;1;0;0;1;2;-20,32991844;-41,15343646;"SPRF-ES";"DEL01-ES";"UOP02-DEL01-ES"
457579;2022-06-23;"quinta-feira";"18:45:00";"PR";376;363;"ORTIGUEIRA";"Ausência de reação do condutor";"Colisão traseira";"Com Vítimas Feridas";"Plena Noite";"Decrescente";"Céu Claro";"Simples";"Reta;Declive";"Não";2;0;2;0;0;0;2;2;-24,29287;-50,87621;"SPRF-PR";"DEL07-PR";"UOP02-DEL07-PR"
457580;2022-06-23;"quinta-feira";"19:30:00";"ES";101;260;"SERRA";"Velocidade Incompatível";"Capotamento";"Com Vítimas Feridas";"Plena Noite";"Crescente";"Céu Claro";"Simples";"Curva";"Não";1;0;1;0;0;0;1;1;-20,14616415;-40,28836206;"SPRF-ES";"DEL02-ES";"UOP01-DEL02-ES"
457581;2022-06-23;"quinta-feira";"09:26:00";"RJ";101;319;"SAO GONCALO";"Reação tardia ou ineficiente do condutor";"Colisão traseira";"Com Vítimas Feridas";"Pleno dia";"Crescente";"Céu Claro";"Dupla";"Reta";"Sim";2;0;1;0;1;0;1;2;-22,85411774;-43,1018014;"SPRF-RJ";"DEL02-RJ";"UOP02-DEL02-RJ"
457582;2022-06-23;"quinta-feira";"19:26:00";"PE";232;84;"GRAVATA";"Retorno proibido";"Colisão traseira";"Com Vítimas Feridas";"Plena Noite";"Decrescente";"Nublado";"Dupla";"Reta";"Não";3;0;2;0;1;0;2;2;-8,2059894;-35,60359683;"SPRF-PE";"DEL02-PE";"UOP02-DEL02PE"
457583;2022-06-23;"quinta-feira";"18:30:00";"RS";116;136;"CAXIAS DO SUL";"Desrespeitar a preferência no cruzamento";"Colisão transversal";"Com Vítimas Feridas";"Plena Noite";"Decrescente";"Nevoeiro/Neblina";"Simples";"Interseção de Vias";"Sim";5;0;1;0;4;0;1;2;-29,075135;-51,106044;"SPRF-RS";"DEL05-RS";"UOP01-DEL05-RS"
457584;2022-06-23;"quinta-feira";"19:10:00";"RJ";116;141;"DUQUE DE CAXIAS";"Condutor deixou de manter distância do veículo da frente";"Engavetamento";"Com Vítimas Feridas";"Plena Noite";"Decrescente";"Céu Claro";"Dupla";"Reta";"Sim";3;0;2;0;1;0;2;2;-22,64724486;-43,22083001;"SPRF-RJ";"DEL01-RJ";"UOP01-DEL01-RJ"
457585;2022-06-23;"quinta-feira";"18:20:00";"PR";476;135;"CURITIBA";"Acessar a via sem observar a presença dos outros veículos";"Colisão transversal";"Com Vítimas Feridas";"Anoitecer";"Crescente";"Céu Claro";"Simples";"Reta";"Sim";2;0;1;1;0;0;2;2;-25,486361;-49,268348;"SPRF-PR";"DEL01-PR";"UOP03-DEL01-PR"
457588;2022-06-23;"quinta-feira";"19:10:00";"PE";101;14;"GOIANA";"Reação tardia ou ineficiente do condutor";"Saída de leito carroçável";"Sem Vítimas";"Plena Noite";"Crescente";"Nublado";"Dupla";"Reta";"Não";1;0;0;0;0;1;0;1;-7,60243605;-34,9793841;"SPRF-PE";"DEL01-PE";"UOP02-DEL01-PE"
457590;2022-06-23;"quinta-feira";"17:30:00";"PR";369;163;"CAMBE";"Animais na Pista";"Atropelamento de Animal";"Com Vítimas Feridas";"Pleno dia";"Crescente";"Céu Claro";"Dupla";"Reta";"Não";1;0;1;0;0;0;1;1;-23,29516009;-51,2912106;"SPRF-PR";"DEL07-PR";"UOP01-DEL07-PR"
457591;2022-06-23;"quinta-feira";"08:00:00";"ES";262;165;"IBATIBA";"Neblina";"Colisão transversal";"Com Vítimas Feridas";"Pleno dia";"Decrescente";"Nevoeiro/Neblina";"Simples";"Reta";"Não";2;0;1;0;1;0;1;2;-20,24911466;-41,55151398;"SPRF-ES";"DEL01-ES";"UOP02-DEL01-ES"
457592;2022-06-23;"quinta-feira";"19:00:00";"AL";316;255;"PILAR";"Acesso irregular";"Colisão frontal";"Com Vítimas Feridas";"Plena Noite";"Crescente";"Céu Claro";"Simples";"Reta";"Não";3;0;1;0;2;0;1;2;-9,59051052;-35,94993902;"SPRF-AL";"DEL02-AL";"UOP01-DEL02-AL"
457593;2022-06-23;"quinta-feira";"20:20:00";"RS";392;27,9;"RIO GRANDE";"Animais na Pista";"Atropelamento de Animal";"Com Vítimas Feridas";"Plena Noite";"Crescente";"Garoa/Chuvisco";"Dupla";"Reta";"Sim";1;0;1;0;0;0;1;1;-32,06322821;-52,26822853;"SPRF-RS";"DEL07-RS";"UOP02-DEL07-RS"
457594;2022-06-23;"quinta-feira";"19:20:00";"PI";343;316;"ALTOS";"Objeto estático sobre o leito carroçável";"Colisão com objeto";"Com Vítimas Feridas";"Plena Noite";"Crescente";"Céu Claro";"Simples";"Declive";"Não";1;0;0;1;0;0;1;1;-5,046231;-42,535843;"SPRF-PI";"DEL01-PI";"UOP01-DEL01-PI"
457595;2022-06-23;"quinta-feira";"20:20:00";"RS";116;302;"GUAIBA";"Reação tardia ou ineficiente do condutor";"Colisão frontal";"Com Vítimas Feridas";"Plena Noite";"Crescente";"Garoa/Chuvisco";"Simples";"Desvio Temporário;Reta";"Não";3;0;0;3;0;0;3;2;-30,13970487;-51,35942618;"SPRF-RS";"DEL02-RS";"UOP01-DEL02-RS"
457596;2022-06-23;"quinta-feira";"19:30:00";"BA";415;23;"ILHEUS";"Velocidade Incompatível";"Colisão frontal";"Com Vítimas Feridas";"Plena Noite";"Decrescente";"Chuva";"Simples";"Reta";"Sim";3;0;2;0;1;0;2;2;-14,79856;-39,17431;"SPRF-BA";"DEL05-BA";"UOP01-DEL05-BA"
457597;2022-06-23;"quinta-feira";"18:15:00";"MT";364;404;"CUIABA";"Pedestre cruzava a pista fora da faixa";"Atropelamento de Pedestre";"Com Vítimas Feridas";"Anoitecer";"Crescente";"Céu Claro";"Dupla";"Reta";"Sim";2;0;1;0;1;0;1;2;-15,642244;-56,018214;"SPRF-MT";"DEL01-MT";"UOP02-DEL01-MT"