"id";"data_inversa";"dia_semana";"horario";"uf";"br";"km";"municipio";"causa_acidente";"tipo_acidente";"classificacao_acidente";"fase_dia";"sentido_via";"condicao_metereologica";"tipo_pista";"tracado_via";"uso_solo";"pessoas";"mortos";"feridos_leves";"feridos_graves";"ilesos";"ignorados";"feridos";"veiculos";"latitude";"longitude";"regional";"delegacia";"uop"
457598;2022-06-23;"quinta-feira";"18:25:00";"SC";282;254,4;"SAO JOSE DO CERRITO";"Transitar na contramão";"Colisão lateral sentido oposto";"Sem Vítimas";"Plena Noite";"Decrescente";"Chuva";"Simples";"Reta";"Não";2;0;0;0;1;1;0;2;-27,676647;-50,563957;"SPRF-SC";"DEL05-SC";"UOP02-DEL05-SC"
457599;2022-06-23;"quinta-feira";"20:50:00";"CE";20;429;"FORTALEZA";"Condutor deixou de manter distância do veículo da frente";"Colisão traseira";"Com Vítimas Feridas";"Plena Noite";"Crescente";"Nublado";"Dupla";"Reta";"Sim";2;0;2;0;0;0;2;2;-3,76999035;-38,67006282;"SPRF-CE";"DEL01-CE";"UOP02-DEL01-CE"
457600;2022-06-23;"quinta-feira";"18:30:00";"CE";20;339;"CARIDADE";"Reação tardia ou ineficiente do condutor";"Saída de leito carroçável";"Sem Vítimas";"Plena Noite";"Decrescente";"Céu Claro";"Simples";"Reta";"Não";1;0;0;0;0;1;0;1;-4,15248262;-39,12030501;"SPRF-CE";"DEL02-CE";"UOP01-DEL02-CE"
457601;2022-06-23;"quinta-feira";"18:45:00";"SC";116;53,9;"PAPANDUVA";"Ausência de reação do condutor";"Colisão traseira";"Com Vítimas Feridas";"Plena Noite";"Crescente";"Céu Claro";"Simples";"Rotatória";"Sim";3;0;2;0;1;0;2;2;-26,39506516;-50,16357422;"SPRF-SC";"DEL06-SC";"UOP02-DEL06-SC"
457602;2022-06-23;"quinta-feira";"21:35:00";"RJ";101;81;"CAMPOS DOS GOYTACAZES";"Acessar a via sem observar a presença dos outros veículos";"Atropelamento de Pedestre";"Com Vítimas Feridas";"Plena Noite";"Crescente";"Nublado";"Simples";"Reta";"Não";3;0;2;1;0;0;3;2;-21,83221147;-41,44729712;"SPRF-RJ";"DEL08-RJ";"UOP02-DEL08-RJ"
457603;2022-06-23;"quinta-feira";"20:50:00";"PR";476;125;"CURITIBA";"Ausência de reação do condutor";"Colisão traseira";"Com Vítimas Feridas";"Plena Noite";"Crescente";"Céu Claro";"Dupla";"Reta";"Sim";3;0;1;0;2;0;1;2;-25,40967105;-49,21981215;"SPRF-PR";"DEL01-PR";"UOP01-DEL01-PR"
457606;2022-06-23;"quinta-feira";"21:45:00";"GO";153;441;"ANAPOLIS";"Entrada inopinada do pedestre";"Atropelamento de Pedestre";"Com Vítimas Feridas";"Plena Noite";"Crescente";"Céu Claro";"Dupla";"Declive";"Sim";2;0;0;1;1;0;1;2;-16,315866;-48,921612;"SPRF-GO";"DEL02-GO";"UOP01-DEL02-GO"
457610;2022-06-23;"quinta-feira";"20:15:00";"BA";101;555;"ARATACA";"Curva acentuada";"Incêndio";"Com Vítimas Feridas";"Plena Noite";"Decrescente";"Chuva";"Simples";"Curva";"Não";1;0;1;0;0;0;1;1;-15,30982997;-39,49528134;"SPRF-BA";"DEL05-BA";"UOP01-DEL05-BA"
457611;2022-06-23;"quinta-feira";"22:10:00";"RJ";101;325;"NITEROI";"Ingestão de álcool pelo condutor";"Colisão lateral mesmo sentido";"Sem Vítimas";"Plena Noite";"Decrescente";"Céu Claro";"Dupla";"Reta";"Sim";2;0;0;0;2;0;0;2;-22,87292569;-43,13625699;"SPRF-RJ";"DEL02-RJ";"UOP01-DEL02-RJ"
457614;2022-06-23;"quinta-feira";"20:45:00";"MG";116;267,4;"TEOFILO OTONI";"Demais falhas mecânicas ou elétricas";"Incêndio";"Sem Vítimas";"Plena Noite";"Decrescente";"Nublado";"Simples";"Curva;Aclive;Ponte";"Não";1;0;0;0;1;0;0;1;-17,77862602;-41,49956897;"SPRF-MG";"DEL11-MG";"UOP01-DEL11-MG"
457616;2022-06-23;"quinta-feira";"22:10:00";"PE";232;74,4;"GRAVATA";"Pista esburacada";"Colisão com objeto";"Com Vítimas Feridas";"Plena Noite";"Crescente";"Chuva";"Dupla";"Curva;Declive";"Não";2;0;2;0;0;0;2;1;-8,197662;-35,523807;"SPRF-PE";"DEL02-PE";"UOP02-DEL02PE"
457619;2022-06-23;"quinta-feira";"21:55:00";"SC";470;42,6;"GASPAR";"Objeto estático sobre o leito carroçável";"Colisão com objeto";"Com Vítimas Feridas";"Plena Noite";"Crescente";"Nublado";"Simples";"Reta;Aclive;Desvio Temporário";"Não";1;0;0;1;0;0;1;1;-26,875719;-49,003746;"SPRF-SC";"DEL04-SC";"UOP01-DEL04-SC"
457621;2022-06-23;"quinta-feira";"12:40:00";"PI";316;271;"DOM EXPEDITO LOPES";"Demais falhas mecânicas ou elétricas";"Incêndio";"Sem Vítimas";"Pleno dia";"Decrescente";"Céu Claro";"Simples";"Reta";"Não";1;0;0;0;1;0;0;1;-6,92532703;-41,74393164;"SPRF-PI";"DEL04-PI";"UOP02-DEL04-PI"
457623;2022-06-23;"quinta-feira";"23:35:00";"BA";324;566,1;"SAO SEBASTIAO DO PASSE";"Ingestão de álcool pelo condutor";"Saída de leito carroçável";"Sem Vítimas";"Plena Noite";"Crescente";"Nublado";"Dupla";"Reta";"Não";1;0;0;0;1;0;0;1;-12,52455997;-38,61040198;"SPRF-BA";"DEL01-BA";"UOP01-DEL01-BA"
457625;2022-06-24;"sexta-feira";"00:05:00";"SP";116;123;"CACAPAVA";"Condutor usando celular";"Colisão com objeto";"Com Vítimas Feridas";"Plena Noite";"Crescente";"Céu Claro";"Dupla";"Reta;Ponte";"Não";2;0;1;0;1;0;1;1;-23,08754228;-45,66969781;"SPRF-SP";"DEL02-SP";"UOP02-DEL02-SP"
457626;2022-06-23;"quinta-feira";"16:48:00";"RO";364;344;"JI-PARANA";"Conversão proibida";"Colisão transversal";"Com Vítimas Feridas";"Pleno dia";"Crescente";"Sol";"Dupla";"Retorno Regulamentado;Interseção de Vias";"Sim";3;0;0;1;2;0;1;2;-10,87376391;-61,95256893;"SPRF-RO";"DEL02-RO";"UOP01-DEL02-RO"
457627;2022-06-24;"sexta-feira";"00:20:00";"PR";376;149,7;"PRESIDENTE CASTELO BRANCO";"Condutor Dormindo";"Saída de leito carroçável";"Com Vítimas Feridas";"Plena Noite";"Decrescente";"Céu Claro";"Dupla";"Reta";"Não";1;0;1;0;0;0;1;1;-23,29627096;-52,11834898;"SPRF-PR";"DEL09-PR";"UOP01-DEL09-PR"
457628;2022-06-24;"sexta-feira";"01:45:00";"PR";116;17;"COLOMBO";"Ingestão de álcool pelo condutor";"Colisão com objeto";"Com Vítimas Fatais";"Plena Noite";"Decrescente";"Céu Claro";"Dupla";"Reta";"Sim";2;1;0;1;0;0;1;1;-25,38849157;-49,1855461;"SPRF-PR";"DEL01-PR";"UOP02-DEL01-PR"
457631;2022-06-24;"sexta-feira";"01:30:00";"PR";116;115;"CURITIBA";"Reação tardia ou ineficiente do condutor";"Colisão traseira";"Com Vítimas Feridas";"Plena Noite";"Crescente";"Nublado";"Múltipla";"Reta";"Sim";3;0;1;0;2;0;1;2;-25,54334566;-49,30316817;"SPRF-PR";"DEL01-PR";"UOP06-DEL01-PR"
457633;2022-06-23;"quinta-feira";"22:50:00";"SC";101;208;"SAO JOSE";"Manobra de mudança de faixa";"Colisão lateral mesmo sentido";"Sem Vítimas";"Plena Noite";"Decrescente";"Céu Claro";"Múltipla";"Reta";"Sim";2;0;0;0;2;0;0;2;-27,60327979;-48,63201818;"SPRF-SC";"DEL01-SC";"UOP01-DEL01-SC"
457634;2022-06-24;"sexta-feira";"02:20:00";"SC";101;213,9;"PALHOCA";"Pedestre andava na pista";"Atropelamento de Pedestre";"Com Vítimas Fatais";"Plena Noite";"Decrescente";"Nublado";"Múltipla";"Reta";"Sim";2;1;0;0;0;1;0;2;-27,6440528;-48,6699957;"SPRF-SC";"DEL01-SC";"UOP02-DEL01-SC"
457635;2022-06-24;"sexta-feira";"02:00:00";"MG";40;717,2;"BARBACENA";"Ausência de reação do condutor";"Colisão com objeto";"Sem Vítimas";"Plena Noite";"Decrescente";"Nublado";"Dupla";"Aclive;Curva";"Não";1;0;0;0;0;1;0;1;-21,26034802;-43,66189055;"SPRF-MG";"DEL05-MG";"UOP01-DEL05-MG"
457636;2022-06-24;"sexta-feira";"03:00:00";"CE";116;486;"MILAGRES";"Manobra de mudança de faixa";"Colisão frontal";"Com Vítimas Fatais";"Plena Noite";"Crescente";"Céu Claro";"Simples";"Reta";"Não";2;1;0;0;0;1;0;2;-7,352;-38,942;"SPRF-CE";"DEL05-CE";"UOP03-DEL05-CE"
457637;2022-06-24;"sexta-feira";"00:50:00";"PR";277;122,9;"CAMPO LARGO";"Reação tardia ou ineficiente do condutor";"Colisão com objeto";"Sem Vítimas";"Plena Noite";"Decrescente";"Céu Claro";"Dupla";"Curva";"Sim";1;0;0;0;1;0;0;1;-25,44344167;-49,45985402;"SPRF-PR";"DEL03-PR";"UOP03-DEL03-PR"
457638;2022-06-24;"sexta-feira";"01:30:00";"SC";101;371,1;"ICARA";"Ingestão de álcool pelo condutor";"Saída de leito carroçável";"Sem Vítimas";"Plena Noite";"Crescente";"Nublado";"Dupla";"Reta";"Não";1;0;0;0;1;0;0;1;-28,70403682;-49,2008731;"SPRF-SC";"DEL02-SC";"UOP01-DEL02-SC"
457640;2022-06-24;"sexta-feira";"01:30:00";"MA";135;179;"SAO MATEUS DO MARANHAO";"Ausência de reação do condutor";"Saída de leito carroçável";"Com Vítimas Feridas";"Plena Noite";"Decrescente";"Céu Claro";"Simples";"Reta";"Não";1;0;1;0;0;0;1;1;-4,01184823;-44,46872397;"SPRF-MA";"DEL03-MA";"UOP01-DEL03-MA"
457644;2022-06-24;"sexta-feira";"04:50:00";"PB";230;160,9;"CAMPINA GRANDE";"Condutor deixou de manter distância do veículo da frente";"Colisão traseira";"Com Vítimas Fatais";"Amanhecer";"Crescente";"Nublado";"Simples";"Aclive";"Não";3;1;0;1;1;0;1;2;-7,2436;-35,9375;"SPRF-PB";"DEL02-PB";"UOP01-DEL02-PB"
457646;2022-06-24;"sexta-feira";"04:00:00";"SC";101;202,5;"SAO JOSE";"Ingestão de álcool pelo condutor";"Colisão com objeto";"Sem Vítimas";"Plena Noite";"Decrescente";"Nublado";"Dupla";"Reta";"Sim";1;0;0;0;0;1;0;1;-27,55711595;-48,61897889;"SPRF-SC";"DEL01-SC";"UOP01-DEL01-SC"
457647;2022-06-24;"sexta-feira";"04:50:00";"SC";101;305;"LAGUNA";"Demais falhas mecânicas ou elétricas";"Tombamento";"Com Vítimas Feridas";"Plena Noite";"Decrescente";"Chuva";"Múltipla";"Reta";"Não";1;0;1;0;0;0;1;1;-28,37674574;-48,76400229;"SPRF-SC";"DEL02-SC";"UOP03-DEL02-SC"
457648;2022-06-24;"sexta-feira";"05:05:00";"BA";324;569,8;"SAO SEBASTIAO DO PASSE";"Neblina";"Saída de leito carroçável";"Com Vítimas Feridas";"Amanhecer";"Decrescente";"Nevoeiro/Neblina";"Dupla";"Reta";"Não";1;0;0;1;0;0;1;1;-12,54065603;-38,58868903;"SPRF-BA";"DEL01-BA";"UOP01-DEL01-BA"
457651;2022-06-24;"sexta-feira";"05:50:00";"PR";277;722;"FOZ DO IGUACU";"Neblina";"Saída de leito carroçável";"Sem Vítimas";"Amanhecer";"Decrescente";"Nevoeiro/Neblina";"Dupla";"Retorno Regulamentado";"Sim";1;0;0;0;0;1;0;1;-25,49494908;-54,52095097;"SPRF-PR";"DEL05-PR";"UOP03-DEL05-PR"
457654;2022-06-23;"quinta-feira";"22:00:00";"SC";101;411;"ARARANGUA";"Estacionar ou parar em local proibido";"Colisão traseira";"Com Vítimas Feridas";"Plena Noite";"Crescente";"Céu Claro";"Simples";"Reta";"Sim";2;0;1;0;1;0;1;2;-28,93112097;-49,4940421;"SPRF-SC";"DEL02-SC";"UOP02-DEL02-SC"
457655;2022-06-24;"sexta-feira";"05:45:00";"PR";476;124;"CURITIBA";"Falta de elemento de contenção que evite a saída do leito carroçável";"Saída de leito carroçável";"Com Vítimas Feridas";"Amanhecer";"Decrescente";"Céu Claro";"Dupla";"Em Obras";"Sim";1;0;1;0;0;0;1;1;-25,400594;-49,21593;"SPRF-PR";"DEL01-PR";"UOP01-DEL01-PR"
457656;2022-04-22;"sexta-feira";"00:28:00";"RJ";101;3,8;"ITABORAI";"Acesso irregular";"Queda de ocupante de veículo";"Com Vítimas Feridas";"Amanhecer";"Crescente";"Céu Claro";"Dupla";"Reta";"Sim";2;0;2;0;0;0;2;1;-22,77645713;-42,94783697;"SPRF-RJ";"DEL08-RJ";"UOP01-DEL08-RJ"
457657;2022-06-24;"sexta-feira";"06:10:00";"SC";282;32;"SANTO AMARO DA IMPERATRIZ";"Demais Fenômenos da natureza";"Colisão com objeto";"Com Vítimas Feridas";"Amanhecer";"Decrescente";"Chuva";"Simples";"Reta";"Não";2;0;1;0;0;1;1;2;-27,70116;-48,800175;"SPRF-SC";"DEL01-SC";"UOP03-DEL01-SC"
457659;2022-06-24;"sexta-feira";"06:50:00";"SP";116;214;"GUARULHOS";"Trafegar com motocicleta (ou similar) entre as faixas";"Colisão traseira";"Com Vítimas Feridas";"Pleno dia";"Crescente";"Céu Claro";"Múltipla";"Reta";"Sim";3;0;1;0;2;0;1;3;-23,44333014;-46,44531294;"SPRF-SP";"DEL01-SP";"UOP01-DEL01-SP"
457661;2022-06-24;"sexta-feira";"05:40:00";"SC";101;154,8;"PORTO BELO";"Velocidade Incompatível";"Saída de leito carroçável";"Sem Vítimas";"Amanhecer";"Decrescente";"Nublado";"Múltipla";"Reta";"Sim";1;0;0;0;0;1;0;1;-27,153819;-48,61086393;"SPRF-SC";"DEL04-SC";"UOP03-DEL04-SC"
457662;2022-06-24;"sexta-feira";"05:15:00";"PE";116;27;"SALGUEIRO";"Ausência de reação do condutor";"Queda de ocupante de veículo";"Com Vítimas Feridas";"Amanhecer";"Decrescente";"Céu Claro";"Simples";"Reta";"Sim";2;0;1;0;0;1;1;1;-8,078546;-39,130867;"SPRF-PE";"DEL05-PE";"UOP01-DEL05-PE"
457664;2022-06-24;"sexta-feira";"06:00:00";"GO";153;356,9;"JARAGUA";"Ingestão de álcool pelo condutor";"Saída de leito carroçável";"Com Vítimas Feridas";"Amanhecer";"Crescente";"Céu Claro";"Simples";"Reta";"Sim";1;0;0;1;0;0;1;1;-15,716531;-49,329445;"SPRF-GO";"DEL02-GO";"UOP02-DEL02-GO"
457665;2022-06-24;"sexta-feira";"06:42:00";"SP";116;156,9;"SAO JOSE DOS CAMPOS";"Acessar a via sem observar a presença dos outros veículos";"Atropelamento de Pedestre";"Com Vítimas Feridas";"Pleno dia";"Crescente";"Céu Claro";"Dupla";"Declive";"Sim";2;0;0;1;1;0;1;2;-23,25044084;-45,93572909;"SPRF-SP";"DEL02-SP";"UOP01-DEL02-SP"
457666;2022-06-24;"sexta-feira";"07:40:00";"SC";116;1;"MAFRA";"Ultrapassagem Indevida";"Colisão lateral sentido oposto";"Sem Vítimas";"Pleno dia";"Crescente";"Céu Claro";"Simples";"Desvio Temporário";"Sim";2;0;0;0;1;1;0;2;-26,1170929;-49,78694917;"SPRF-SC";"DEL06-SC";"UOP01-DEL06-SC"
457667;2022-06-24;"sexta-feira";"06:50:00";"RS";386;445;"CANOAS";"Animais na Pista";"Atropelamento de Animal";"Com Vítimas Feridas";"Amanhecer";"Crescente";"Nublado";"Dupla";"Reta";"Sim";2;0;1;0;1;0;1;2;-29,892885;-51,192703;"SPRF-RS";"DEL01-RS";"UOP01-DEL01-RS"
457668;2022-06-24;"sexta-feira";"06:10:00";"PR";163;189;"SANTA TEREZA DO OESTE";"Demais falhas mecânicas ou elétricas";"Incêndio";"Sem Vítimas";"Amanhecer";"Decrescente";"Céu Claro";"Simples";"Reta";"Não";1;0;0;0;1;0;0;1;-25,10318502;-53,5922751;"SPRF-PR";"DEL05-PR";"UOP05-DEL05-PR"
457669;2022-06-24;"sexta-feira";"06:16:00";"PR";158;539,4;"PATO BRANCO";"Reação tardia ou ineficiente do condutor";"Saída de leito carroçável";"Sem Vítimas";"Plena Noite";"Decrescente";"Nublado";"Simples";"Curva";"Não";1;0;0;0;0;1;0;1;-26,26491;-52,707542;"SPRF-PR";"DEL02-PR";"UOP01-DEL02-PR"
457671;2022-06-24;"sexta-feira";"07:30:00";"SP";116;142,5;"SAO JOSE DOS CAMPOS";"Condutor deixou de manter distância do veículo da frente";"Colisão traseira";"Com Vítimas Feridas";"Pleno dia";"Decrescente";"Céu Claro";"Dupla";"Aclive";"Sim";2;0;1;0;1;0;1;2;-23,17426078;-45,82940111;"SPRF-SP";"DEL02-SP";"UOP01-DEL02-SP"
457672;2022-06-24;"sexta-feira";"07:15:00";"PR";163;278,3;"QUATRO PONTES";"Ultrapassagem Indevida";"Colisão frontal";"Com Vítimas Fatais";"Pleno dia";"Decrescente";"Sol";"Simples";"Reta";"Sim";2;1;0;0;1;0;0;2;-24,58773134;-53,98138946;"SPRF-PR";"DEL06-PR";"UOP02-DEL06-PR"
457674;2022-06-24;"sexta-feira";"07:00:00";"SP";381;38;"ATIBAIA";"Ausência de reação do condutor";"Saída de leito carroçável";"Com Vítimas Feridas";"Pleno dia";"Crescente";"Céu Claro";"Simples";"Aclive;Interseção de Vias";"Sim";1;0;1;0;0;0;1;1;-23,1133221;-46,57174974;"SPRF-SP";"DEL03-SP";"UOP01-DEL03-SP"
457676;2022-06-24;"sexta-feira";"08:00:00";"MG";381;361;"JOAO MONLEVADE";"Acessar a via sem observar a presença dos outros veículos";"Colisão lateral mesmo sentido";"Sem Vítimas";"Amanhecer";"Crescente";"Céu Claro";"Simples";"Curva";"Sim";4;0;0;0;4;0;0;2;-19,839472;-43,196346;"SPRF-MG";"DEL03-MG";"UOP01-DEL03-MG"
457677;2022-06-24;"sexta-feira";"07:30:00";"GO";40;2;"VALPARAISO DE GOIAS";"Manobra de mudança de faixa";"Colisão com objeto";"Com Vítimas Feridas";"Pleno dia";"Crescente";"Céu Claro";"Dupla";"Reta";"Sim";1;0;0;1;0;0;1;1;-16,06742076;-47,98405593;"SPRF-DF";"DEL01-DF";"UOP01-DEL01-DF"
457679;2022-06-24;"sexta-feira";"07:30:00";"GO";70;20;"AGUAS LINDAS DE GOIAS";"Manobra de mudança de faixa";"Colisão lateral mesmo sentido";"Com Vítimas Feridas";"Pleno dia";"Decrescente";"Sol";"Simples";"Aclive;Reta";"Sim";1;0;1;0;0;0;1;1;-15,74242903;-48,37509426;"SPRF-DF";"DEL03-DF";"UOP02-DEL03-DF"
457681;2022-06-22;"quarta-feira";"11:00:00";"RJ";0;0;"TRES RIOS";"Velocidade Incompatível";"Colisão lateral mesmo sentido";"Com Vítimas Feridas";"Pleno dia";"Não Informado";"Céu Claro";"Simples";"Reta";"Sim";3;0;2;0;1;0;2;3;-22;-43;"SPRF-RJ";"DEL06-RJ";"N/A"
457682;2022-06-24;"sexta-feira";"08:00:00";"PR";476;127;"CURITIBA";"Condutor deixou de manter distância do veículo da frente";"Queda de ocupante de veículo";"Com Vítimas Feridas";"Pleno dia";"Crescente";"Céu Claro";"Dupla";"Viaduto";"Sim";1;0;0;1;0;0;1;1;-25,425167;-49,227158;"SPRF-PR";"DEL01-PR";"UOP01-DEL01-PR"
457683;2022-04-04;"segunda-feira";"07:37:00";"PA";10;341;"SANTA MARIA DO PARA";"Avarias e/ou desgaste excessivo no pneu";"Saída de leito carroçável";"Com Vítimas Feridas";"Pleno dia";"Decrescente";"Céu Claro";"Simples";"Reta";"Não";3;0;1;0;2;0;1;1;-1,45852904;-47,53672911;"SPRF-PA";"DEL01-PA";"UOP02-DEL01-PA"
457684;2022-06-24;"sexta-feira";"05:48:00";"AC";317;90;"SENADOR GUIOMARD";"Acessar a via sem observar a presença dos outros veículos";"Colisão lateral mesmo sentido";"Com Vítimas Feridas";"Amanhecer";"Decrescente";"Céu Claro";"Simples";"Reta";"Não";2;0;1;0;1;0;1;2;-10,151113;-67,711309;"SPRF-AC";"DEL01-AC";"UOP01-DEL01-AC"
457685;2022-06-24;"sexta-feira";"08:25:00";"SC";282;0,8;"FLORIANOPOLIS";"Manobra de mudança de faixa";"Colisão lateral mesmo sentido";"Com Vítimas Feridas";"Pleno dia";"Decrescente";"Céu Claro";"Múltipla";"Reta";"Sim";2;0;0;1;1;0;1;2;-27,59845;-48,571995;"SPRF-SC";"DEL01-SC";"UOP01-DEL01-SC"
457686;2022-06-11;"sábado";"03:04:00";"SP";381;46;"ATIBAIA";"Ausência de reação do condutor";"Saída de leito carroçável";"Com Vítimas Feridas";"Plena Noite";"Crescente";"Céu Claro";"Dupla";"Reta";"Não";1;0;1;0;0;0;1;1;-23,180897;-46,580777;"SPRF-SP";"DEL03-SP";"UOP01-DEL03-SP"
457687;2022-06-24;"sexta-feira";"06:30:00";"PR";369;138,7;"IBIPORA";"Desrespeitar a preferência no cruzamento";"Colisão transversal";"Com Vítimas Feridas";"Amanhecer";"Crescente";"Céu Claro";"Simples";"Retorno Regulamentado;Interseção de Vias";"Sim";4;0;1;1;2;0;2;2;-23,27359731;-51,0561651;"SPRF-PR";"DEL07-PR";"UOP01-DEL07-PR"
457688;2022-06-24;"sexta-feira";"07:30:00";"PI";316;285;"DOM EXPEDITO LOPES";"Acessar a via sem observar a presença dos outros veículos";"Colisão lateral mesmo sentido";"Com Vítimas Feridas";"Pleno dia";"Crescente";"Céu Claro";"Simples";"Reta";"Sim";4;0;2;0;2;0;2;2;-6,96840473;-41,65280499;"SPRF-PI";"DEL04-PI";"UOP01-DEL04-PI"
457690;2022-06-24;"sexta-feira";"02:00:00";"PB";230;27,6;"JOAO PESSOA";"Demais falhas mecânicas ou elétricas";"Incêndio";"Sem Vítimas";"Plena Noite";"Crescente";"Céu Claro";"Dupla";"Reta";"Sim";1;0;0;0;0;1;0;1;-7,1677;-34,8855;"SPRF-PB";"DEL01-PB";"UOP01-DEL01-PB"
457691;2022-06-24;"sexta-feira";"07:30:00";"RJ";116;258;"VOLTA REDONDA";"Acesso irregular";"Colisão lateral mesmo sentido";"Com Vítimas Feridas";"Pleno dia";"Decrescente";"Céu Claro";"Simples";"Retorno Regulamentado";"Não";5;0;5;0;0;0;5;2;-22,58138777;-44,02160689;"SPRF-RJ";"DEL07-RJ";"UOP02-DEL07-RJ"
457692;2022-06-24;"sexta-feira";"07:50:00";"PR";116;4;"QUATRO BARRAS";"Reação tardia ou ineficiente do condutor";"Colisão lateral mesmo sentido";"Sem Vítimas";"Pleno dia";"Crescente";"Céu Claro";"Dupla";"Reta;Interseção de Vias;Aclive";"Não";2;0;0;0;1;1;0;2;-25,36100975;-49,07797158;"SPRF-PR";"DEL01-PR";"UOP02-DEL01-PR"
457693;2022-06-24;"sexta-feira";"08:10:00";"MG";354;705,6;"CAXAMBU";"Desrespeitar a preferência no cruzamento";"Colisão transversal";"Com Vítimas Feridas";"Pleno dia";"Crescente";"Céu Claro";"Simples";"Rotatória";"Sim";3;0;1;0;2;0;1;2;-21,99205276;-44,9251702;"SPRF-MG";"DEL17-MG";"UOP01-DEL17-MG"
457694;2022-06-24;"sexta-feira";"08:25:00";"PA";10;353;"SANTA MARIA DO PARA";"Ausência de reação do condutor";"Colisão traseira";"Com Vítimas Feridas";"Pleno dia";"Crescente";"Céu Claro";"Simples";"Reta";"Sim";2;0;1;0;1;0;1;2;-1,35646249;-47,57423141;"SPRF-PA";"DEL01-PA";"UOP02-DEL01-PA"
457695;2022-06-24;"sexta-feira";"05:50:00";"RO";421;22;"MONTE NEGRO";"Pista esburacada";"Tombamento";"Com Vítimas Feridas";"Pleno dia";"Decrescente";"Céu Claro";"Simples";"Reta";"Não";1;0;1;0;0;0;1;1;-10,051377;-63,196499;"SPRF-RO";"DEL03-RO";"UOP01-DEL03-RO"
457697;2022-06-24;"sexta-feira";"09:15:00";"PB";230;132;"CAMPINA GRANDE";"Velocidade Incompatível";"Saída de leito carroçável";"Com Vítimas Feridas";"Pleno dia";"Decrescente";"Garoa/Chuvisco";"Dupla";"Curva";"Não";1;0;1;0;0;0;1;1;-7,2774;-35,7367;"SPRF-PB";"DEL02-PB";"UOP01-DEL02-PB"
457699;2022-06-24;"sexta-feira";"09:55:00";"SC";101;214,5;"PALHOCA";"Reação tardia ou ineficiente do condutor";"Colisão traseira";"Com Vítimas Feridas";"Pleno dia";"Crescente";"Nublado";"Múltipla";"Reta";"Sim";2;0;0;1;1;0;1;2;-27,64443;-48,67057;"SPRF-SC";"DEL01-SC";"UOP02-DEL01-SC"
457700;2022-06-24;"sexta-feira";"08:40:00";"AP";156;109;"PORTO GRANDE";"Ausência de reação do condutor";"Queda de ocupante de veículo";"Sem Vítimas";"Pleno dia";"Decrescente";"Céu Claro";"Simples";"Interseção de Vias";"Sim";2;0;0;0;1;1;0;2;0,70001008;-51,40165798;"SPRF-AP";"DEL01-AP";"UOP01-DEL01-AP"
457701;2022-06-24;"sexta-feira";"07:20:00";"PE";232;21;"MORENO";"Demais falhas mecânicas ou elétricas";"Incêndio";"Sem Vítimas";"Pleno dia";"Decrescente";"Sol";"Dupla";"Reta";"Não";1;0;0;0;0;1;0;1;-8,09580234;-35,08012588;"SPRF-PE";"DEL01-PE";"UOP01-DEL01-PE"
457702;2022-06-24;"sexta-feira";"10:00:00";"SC";101;137,4;"BALNEARIO CAMBORIU";"Velocidade Incompatível";"Tombamento";"Com Vítimas Feridas";"Pleno dia";"Decrescente";"Nublado";"Dupla";"Reta";"Não";1;0;1;0;0;0;1;1;-27,0157238;-48,61192763;"SPRF-SC";"DEL04-SC";"UOP03-DEL04-SC"
457704;2022-06-24;"sexta-feira";"10:30:00";"MG";381;883;"ESTIVA";"Reação tardia ou ineficiente do condutor";"Colisão traseira";"Com Vítimas Feridas";"Pleno dia";"Crescente";"Sol";"Dupla";"Reta";"Não";4;0;1;0;3;0;1;2;-22,53194905;-46,02809392;"SPRF-MG";"DEL16-MG";"UOP03-DEL16-MG"
457705;2022-06-24;"sexta-feira";"08:00:00";"BA";116;503;"SANTA TERESINHA";"Ultrapassagem Indevida";"Saída de leito carroçável";"Com Vítimas Feridas";"Pleno dia";"Crescente";"Céu Claro";"Simples";"Reta";"Não";5;0;5;0;0;0;5;1;-12,60461017;-39,55234392;"SPRF-BA";"DEL03-BA";"UOP02-DEL03-BA"
457706;2022-06-24;"sexta-feira";"10:48:00";"MG";116;769;"LEOPOLDINA";"Velocidade Incompatível";"Queda de ocupante de veículo";"Com Vítimas Feridas";"Pleno dia";"Decrescente";"Céu Claro";"Simples";"Curva";"Não";2;0;1;1;0;0;2;2;-21,54856423;-42,66481498;"SPRF-MG";"DEL07-MG";"UOP01-DEL07-MG"
457709;2022-06-24;"sexta-feira";"10:25:00";"PE";101;50;"ABREU E LIMA";"Manobra de mudança de faixa";"Colisão transversal";"Com Vítimas Feridas";"Pleno dia";"Decrescente";"Nublado";"Múltipla";"Reta";"Sim";2;0;0;1;1;0;1;2;-7,90938602;-34,90123228;"SPRF-PE";"DEL01-PE";"UOP02-DEL01-PE"
457710;2022-06-23;"quinta-feira";"17:15:00";"BA";242;264;"RUY BARBOSA";"Pista Escorregadia";"Saída de leito carroçável";"Com Vítimas Feridas";"Anoitecer";"Decrescente";"Chuva";"Simples";"Curva";"Não";1;0;0;1;0;0;1;1;-12,46014561;-40,57789904;"SPRF-BA";"DEL06-BA";"UOP02-DEL06-BA"
457711;2022-06-24;"sexta-feira";"10:50:00";"CE";116;375;"ICO";"Frear bruscamente";"Queda de ocupante de veículo";"Com Vítimas Feridas";"Pleno dia";"Decrescente";"Céu Claro";"Simples";"Reta";"Não";3;0;1;1;0;1;2;2;-6,40308467;-38,84225567;"SPRF-CE";"DEL05-CE";"UOP01-DEL05-CE"