"id";"data_inversa";"dia_semana";"horario";"uf";"br";"km";"municipio";"causa_acidente";"tipo_acidente";"classificacao_acidente";"fase_dia";"sentido_via";"condicao_metereologica";"tipo_pista";"tracado_via";"uso_solo";"pessoas";"mortos";"feridos_leves";"feridos_graves";"ilesos";"ignorados";"feridos";"veiculos";"latitude";"longitude";"regional";"delegacia";"uop"
457712;2022-06-24;"sexta-feira";"11:40:00";"MG";40;764,1;"JUIZ DE FORA";"Ausência de reação do condutor";"Queda de ocupante de veículo";"Com Vítimas Feridas";"Pleno dia";"Decrescente";"Céu Claro";"Simples";"Curva";"Não";1;0;0;1;0;0;1;1;-21,5606587;-43,49865196;"SPRF-MG";"DEL05-MG";"UOP01-DEL05-MG"
457717;2022-06-24;"sexta-feira";"08:30:00";"SC";280;104,8;"SAO BENTO DO SUL";"Condutor Dormindo";"Saída de leito carroçável";"Com Vítimas Feridas";"Pleno dia";"Crescente";"Céu Claro";"Simples";"Reta;Aclive";"Não";1;0;1;0;0;0;1;1;-26,345941;-49,37304139;"SPRF-SC";"DEL06-SC";"UOP03-DEL06-SC"
457718;2022-06-24;"sexta-feira";"12:20:00";"CE";20;427,1;"FORTALEZA";"Manobra de mudança de faixa";"Colisão transversal";"Com Vítimas Feridas";"Pleno dia";"Crescente";"Nublado";"Dupla";"Reta;Declive;Em Obras";"Não";5;0;4;1;0;0;5;2;-3,86622891;-38,51496269;"SPRF-CE";"DEL01-CE";"UOP02-DEL01-CE"
457719;2022-06-24;"sexta-feira";"12:30:00";"RJ";116;175;"NOVA IGUACU";"Demais falhas mecânicas ou elétricas";"Incêndio";"Sem Vítimas";"Pleno dia";"Crescente";"Céu Claro";"Múltipla";"Reta";"Sim";1;0;0;0;1;0;0;1;-22,78923555;-43,37275272;"SPRF-RJ";"DEL01-RJ";"UOP02-DEL01-RJ"
457721;2022-06-24;"sexta-feira";"13:30:00";"SP";116;230,1;"SAO PAULO";"Manobra de mudança de faixa";"Colisão lateral mesmo sentido";"Com Vítimas Feridas";"Pleno dia";"Decrescente";"Céu Claro";"Múltipla";"Reta";"Sim";2;0;0;1;1;0;1;2;-23,52251783;-46,5855702;"SPRF-SP";"DEL01-SP";"UOP01-DEL01-SP"
457722;2022-06-24;"sexta-feira";"13:35:00";"MG";354;730,5;"POUSO ALTO";"Reação tardia ou ineficiente do condutor";"Saída de leito carroçável";"Com Vítimas Feridas";"Pleno dia";"Crescente";"Sol";"Simples";"Curva";"Não";1;0;0;1;0;0;1;1;-22,1646781;-44,96415906;"SPRF-MG";"DEL17-MG";"UOP01-DEL17-MG"
457723;2022-03-21;"segunda-feira";"01:30:00";"RJ";116;194;"QUEIMADOS";"Chuva";"Capotamento";"Sem Vítimas";"Plena Noite";"Decrescente";"Chuva";"Dupla";"Reta";"Não";1;0;0;0;0;1;0;1;-22,72899538;-43,62993501;"SPRF-RJ";"DEL01-RJ";"UOP02-DEL01-RJ"
457725;2022-06-24;"sexta-feira";"10:20:00";"MT";364;271,8;"JACIARA";"Ingestão de álcool pelo condutor";"Colisão lateral mesmo sentido";"Com Vítimas Feridas";"Pleno dia";"Decrescente";"Céu Claro";"Dupla";"Declive";"Sim";2;0;1;0;1;0;1;2;-15,96962998;-54,95363;"SPRF-MT";"DEL02-MT";"UOP01-DEL02-MT"
457726;2022-06-24;"sexta-feira";"12:00:00";"RN";110;45,7;"MOSSORO";"Condutor deixou de manter distância do veículo da frente";"Colisão traseira";"Com Vítimas Feridas";"Pleno dia";"Decrescente";"Sol";"Simples";"Reta";"Sim";7;0;3;0;4;0;3;5;-5,19257993;-37,31114905;"SPRF-RN";"DEL04-RN";"UOP01-DEL04-RN"
457727;2022-06-24;"sexta-feira";"14:19:00";"SP";116;230;"SAO PAULO";"Objeto estático sobre o leito carroçável";"Colisão com objeto";"Com Vítimas Feridas";"Pleno dia";"Crescente";"Céu Claro";"Múltipla";"Reta";"Sim";1;0;1;0;0;0;1;1;-23,51986;-46,58313;"SPRF-SP";"DEL01-SP";"UOP01-DEL01-SP"
457729;2022-03-15;"terça-feira";"09:15:00";"MA";135;5,7;"SAO LUIS";"Acessar a via sem observar a presença dos outros veículos";"Colisão transversal";"Com Vítimas Feridas";"Pleno dia";"Crescente";"Nublado";"Dupla";"Retorno Regulamentado";"Sim";3;0;1;1;1;0;2;2;-2,62145385;-44,25797421;"SPRF-MA";"DEL01-MA";"UOP01-DEL01-MA"
457730;2022-06-24;"sexta-feira";"11:00:00";"PE";101;51;"ABREU E LIMA";"Falta de acostamento";"Colisão traseira";"Com Vítimas Feridas";"Pleno dia";"Decrescente";"Céu Claro";"Dupla";"Reta";"Sim";2;0;1;0;1;0;1;2;-7,9169968;-34,89689272;"SPRF-PE";"DEL01-PE";"UOP02-DEL01-PE"
457731;2022-06-24;"sexta-feira";"13:15:00";"PR";376;666,4;"GUARATUBA";"Velocidade Incompatível";"Tombamento";"Com Vítimas Feridas";"Pleno dia";"Decrescente";"Céu Claro";"Dupla";"Aclive;Curva";"Não";1;0;0;1;0;0;1;1;-25,86037408;-48,95087256;"SPRF-PR";"DEL01-PR";"UOP04-DEL01-PR"
457732;2022-06-24;"sexta-feira";"14:03:00";"ES";101;234,4;"FUNDAO";"Condutor deixou de manter distância do veículo da frente";"Colisão traseira";"Com Vítimas Feridas";"Pleno dia";"Crescente";"Céu Claro";"Simples";"Reta";"Não";2;0;1;0;1;0;1;2;-19,96973516;-40,40766379;"SPRF-ES";"DEL02-ES";"UOP01-DEL02-ES"
457734;2022-06-24;"sexta-feira";"00:45:00";"SC";101;142,4;"BALNEARIO CAMBORIU";"Velocidade Incompatível";"Saída de leito carroçável";"Sem Vítimas";"Plena Noite";"Decrescente";"Ignorado";"Dupla";"Curva";"Não";1;0;0;0;0;1;0;1;-27,056089;-48,599449;"SPRF-SC";"DEL04-SC";"UOP03-DEL04-SC"
457736;2022-06-15;"quarta-feira";"08:30:00";"TO";153;405;"MIRANORTE";"Acessar a via sem observar a presença dos outros veículos";"Colisão lateral mesmo sentido";"Com Vítimas Feridas";"Pleno dia";"Decrescente";"Céu Claro";"Simples";"Reta";"Não";6;0;2;1;3;0;3;3;-9,45445904;-48,57818379;"SPRF-TO";"DEL02-TO";"UOP02-DEL02-TO"
457737;2022-06-24;"sexta-feira";"10:40:00";"RJ";465;4,9;"SEROPEDICA";"Pedestre cruzava a pista fora da faixa";"Atropelamento de Pedestre";"Com Vítimas Feridas";"Pleno dia";"Decrescente";"Céu Claro";"Simples";"Reta";"Sim";3;0;1;0;1;1;1;2;-22,740971;-43,705597;"SPRF-RJ";"DEL01-RJ";"UOP03-DEL01-RJ"
457739;2022-06-24;"sexta-feira";"14:10:00";"SC";282;3,5;"FLORIANOPOLIS";"Reação tardia ou ineficiente do condutor";"Colisão traseira";"Com Vítimas Feridas";"Pleno dia";"Crescente";"Céu Claro";"Dupla";"Reta";"Sim";2;0;0;1;0;1;1;2;-27,600384;-48,599705;"SPRF-SC";"DEL01-SC";"UOP01-DEL01-SC"
457740;2022-06-24;"sexta-feira";"15:05:00";"SE";101;92;"NOSSA SENHORA DO SOCORRO";"Manobra de mudança de faixa";"Colisão lateral mesmo sentido";"Com Vítimas Feridas";"Pleno dia";"Crescente";"Nublado";"Múltipla";"Reta";"Sim";2;0;1;0;1;0;1;2;-10,90169474;-37,13619222;"SPRF-SE";"DEL01-SE";"UOP01-DEL01-SE"
457741;2022-06-22;"quarta-feira";"07:20:00";"RO";364;11;"VILHENA";"Desrespeitar a preferência no cruzamento";"Colisão transversal";"Com Vítimas Feridas";"Pleno dia";"Decrescente";"Céu Claro";"Dupla";"Interseção de Vias";"Não";2;0;2;0;0;0;2;2;-12,74605898;-60,11270299;"SPRF-RO";"DEL04-RO";"UOP01-DEL04-RO"
457744;2022-06-24;"sexta-feira";"14:54:00";"GO";60;28;"ALEXANIA";"Pista Escorregadia";"Saída de leito carroçável";"Com Vítimas Feridas";"Pleno dia";"Crescente";"Céu Claro";"Dupla";"Aclive";"Não";1;0;1;0;0;0;1;1;-16,0963;-48,5202;"SPRF-DF";"DEL03-DF";"UOP01-DEL03-DF"
457745;2022-06-24;"sexta-feira";"15:30:00";"MG";381;485;"BETIM";"Velocidade Incompatível";"Colisão com objeto";"Com Vítimas Feridas";"Pleno dia";"Decrescente";"Céu Claro";"Dupla";"Reta;Declive";"Não";5;0;2;0;3;0;2;1;-19,95592351;-44,09637451;"SPRF-MG";"DEL01-MG";"UOP03-DEL01-MG"
457746;2022-06-24;"sexta-feira";"13:50:00";"MG";116;704,5;"MURIAE";"Acessar a via sem observar a presença dos outros veículos";"Colisão transversal";"Com Vítimas Feridas";"Pleno dia";"Decrescente";"Sol";"Simples";"Curva;Interseção de Vias";"Sim";2;0;1;0;1;0;1;2;-21,12479709;-42,38139153;"SPRF-MG";"DEL05-MG";"UOP01-DEL05-MG"
457747;2022-06-24;"sexta-feira";"16:00:00";"SC";101;267;"PAULO LOPES";"Condutor deixou de manter distância do veículo da frente";"Colisão lateral mesmo sentido";"Com Vítimas Feridas";"Pleno dia";"Decrescente";"Garoa/Chuvisco";"Dupla";"Curva";"Não";2;0;1;0;1;0;1;2;-28,08188198;-48,71110439;"SPRF-SC";"DEL02-SC";"UOP03-DEL02-SC"
457748;2022-06-24;"sexta-feira";"15:44:00";"SP";116;512,2;"CAJATI";"Velocidade Incompatível";"Tombamento";"Com Vítimas Feridas";"Pleno dia";"Decrescente";"Céu Claro";"Simples";"Curva";"Não";1;0;0;1;0;0;1;1;-24,84944709;-48,20989609;"SPRF-SP";"DEL05-SP";"UOP02-DEL05-SP"
457749;2022-06-24;"sexta-feira";"04:00:00";"PB";101;102;"ALHANDRA";"Velocidade Incompatível";"Saída de leito carroçável";"Sem Vítimas";"Plena Noite";"Crescente";"Ignorado";"Dupla";"Reta";"Não";1;0;0;0;0;1;0;1;-7,28265304;-34,9393864;"SPRF-PB";"DEL01-PB";"UOP02-DEL01-PB"
457755;2022-06-24;"sexta-feira";"16:35:00";"GO";50;263;"CATALAO";"Ingestão de álcool pelo condutor";"Saída de leito carroçável";"Com Vítimas Fatais";"Pleno dia";"Decrescente";"Céu Claro";"Dupla";"Aclive;Curva";"Não";1;1;0;0;0;0;0;1;-18,0521;-47,863;"SPRF-GO";"DEL06-GO";"UOP01-DEL06-GO"
457756;2022-06-24;"sexta-feira";"15:30:00";"SC";101;335,8;"TUBARAO";"Velocidade Incompatível";"Colisão com objeto";"Com Vítimas Feridas";"Pleno dia";"Crescente";"Chuva";"Múltipla";"Curva";"Sim";2;0;2;0;0;0;2;1;-28,47930745;-49,03376931;"SPRF-SC";"DEL02-SC";"UOP01-DEL02-SC"
457758;2022-06-24;"sexta-feira";"16:25:00";"MG";381;480;"CONTAGEM";"Demais falhas mecânicas ou elétricas";"Incêndio";"Sem Vítimas";"Pleno dia";"Crescente";"Céu Claro";"Dupla";"Reta";"Sim";1;0;0;0;1;0;0;1;-19,95749597;-44,07899901;"SPRF-MG";"DEL01-MG";"UOP03-DEL01-MG"
457759;2022-06-24;"sexta-feira";"17:00:00";"PE";101;45,3;"IGARASSU";"Manobra de mudança de faixa";"Saída de leito carroçável";"Com Vítimas Feridas";"Anoitecer";"Crescente";"Céu Claro";"Simples";"Reta";"Sim";3;0;1;2;0;0;3;1;-7,86521297;-34,90715176;"SPRF-PE";"DEL01-PE";"UOP02-DEL01-PE"
457761;2022-06-24;"sexta-feira";"16:45:00";"MG";381;499;"BETIM";"Ausência de reação do condutor";"Colisão traseira";"Com Vítimas Feridas";"Pleno dia";"Decrescente";"Céu Claro";"Dupla";"Aclive;Reta";"Não";2;0;1;0;1;0;1;2;-20,00008201;-44,21103358;"SPRF-MG";"DEL01-MG";"UOP03-DEL01-MG"
457762;2022-06-24;"sexta-feira";"16:45:00";"RS";470;329,8;"TRIUNFO";"Pista Escorregadia";"Saída de leito carroçável";"Sem Vítimas";"Pleno dia";"Crescente";"Chuva";"Simples";"Curva";"Não";3;0;0;0;3;0;0;1;-29,83498549;-51,68603897;"SPRF-RS";"DEL04-RS";"UOP02-DEL04-RS"
457763;2022-05-28;"sábado";"05:00:00";"RS";116;77;"CAMPESTRE DA SERRA";"Neblina";"Capotamento";"Com Vítimas Feridas";"Amanhecer";"Crescente";"Nevoeiro/Neblina";"Simples";"Reta";"Não";2;0;1;0;1;0;1;1;-28,77859708;-51,09244786;"SPRF-RS";"DEL05-RS";"UOP03-DEL05-RS"
457764;2022-06-24;"sexta-feira";"17:10:00";"SP";116;175,5;"GUARAREMA";"Manobra de mudança de faixa";"Colisão lateral mesmo sentido";"Com Vítimas Feridas";"Anoitecer";"Crescente";"Céu Claro";"Dupla";"Reta";"Não";2;0;1;0;1;0;1;2;-23,32173972;-46,100353;"SPRF-SP";"DEL01-SP";"UOP01-DEL01-SP"
457765;2022-06-24;"sexta-feira";"16:40:00";"SP";381;75;"SAO PAULO";"Curva acentuada";"Colisão com objeto";"Com Vítimas Feridas";"Pleno dia";"Crescente";"Céu Claro";"Múltipla";"Curva";"Não";1;0;1;0;0;0;1;1;-23,37660089;-46,56409613;"SPRF-SP";"DEL03-SP";"UOP01-DEL03-SP"
457767;2022-06-24;"sexta-feira";"16:50:00";"RJ";40;119;"DUQUE DE CAXIAS";"Pista Escorregadia";"Queda de ocupante de veículo";"Com Vítimas Feridas";"Pleno dia";"Crescente";"Céu Claro";"Múltipla";"Aclive;Viaduto;Retorno Regulamentado;Curva";"Sim";1;0;1;0;0;0;1;1;-22,76523715;-43,28637835;"SPRF-RJ";"DEL01-RJ";"UOP01-DEL01-RJ"
457768;2022-06-24;"sexta-feira";"16:30:00";"PR";369;198,7;"APUCARANA";"Reação tardia ou ineficiente do condutor";"Saída de leito carroçável";"Com Vítimas Feridas";"Pleno dia";"Decrescente";"Céu Claro";"Dupla";"Reta";"Sim";1;0;1;0;0;0;1;1;-23,52183097;-51,43826723;"SPRF-PR";"DEL07-PR";"UOP03-DEL07-PR"
457769;2022-06-24;"sexta-feira";"16:30:00";"CE";402;186,3;"MARCO";"Conversão proibida";"Colisão lateral mesmo sentido";"Com Vítimas Feridas";"Pleno dia";"Crescente";"Céu Claro";"Simples";"Reta";"Não";4;0;0;2;1;1;2;3;-3,15145499;-40,08533424;"SPRF-CE";"DEL01-CE";"UOP03-DEL01-CE"
457770;2022-06-07;"terça-feira";"05:00:00";"RR";174;366;"CARACARAI";"Ausência de reação do condutor";"Atropelamento de Pedestre";"Com Vítimas Fatais";"Amanhecer";"Decrescente";"Céu Claro";"Dupla";"Reta";"Sim";2;1;0;0;0;1;0;2;1,8179322;-61,14380836;"SPRF-RR";"DEL01-RR";"UOP01-DEL01-RR"
457771;2022-06-24;"sexta-feira";"17:00:00";"PR";158;509,9;"CORONEL VIVIDA";"Manobra de mudança de faixa";"Saída de leito carroçável";"Com Vítimas Feridas";"Pleno dia";"Decrescente";"Sol";"Simples";"Reta";"Sim";3;0;2;0;0;1;2;2;-26,0332948;-52,59203823;"SPRF-PR";"DEL02-PR";"UOP01-DEL02-PR"
457772;2022-06-24;"sexta-feira";"16:30:00";"PR";116;145;"MANDIRITUBA";"Velocidade Incompatível";"Queda de ocupante de veículo";"Com Vítimas Feridas";"Pleno dia";"Crescente";"Céu Claro";"Simples";"Reta";"Não";1;0;1;0;0;0;1;1;-25,77290167;-49,32325542;"SPRF-PR";"DEL01-PR";"UOP03-DEL01-PR"
457773;2022-06-24;"sexta-feira";"16:50:00";"RN";101;111,5;"PARNAMIRIM";"Condutor deixou de manter distância do veículo da frente";"Colisão traseira";"Com Vítimas Feridas";"Pleno dia";"Decrescente";"Céu Claro";"Dupla";"Reta";"Não";3;0;2;0;1;0;2;2;-5,95611;-35,264727;"SPRF-RN";"DEL01-RN";"UOP01-DEL01-RN"
457775;2022-06-24;"sexta-feira";"14:30:00";"MG";50;124,4;"UBERABA";"Reação tardia ou ineficiente do condutor";"Saída de leito carroçável";"Com Vítimas Feridas";"Pleno dia";"Decrescente";"Céu Claro";"Dupla";"Reta";"Não";1;0;0;1;0;0;1;1;-19,34165402;-48,09547304;"SPRF-MG";"DEL13-MG";"UOP01-DEL13-MG"
457776;2022-06-24;"sexta-feira";"17:15:00";"PR";369;92,1;"CORNELIO PROCOPIO";"Condutor deixou de manter distância do veículo da frente";"Colisão traseira";"Com Vítimas Feridas";"Pleno dia";"Decrescente";"Céu Claro";"Dupla";"Reta";"Não";1;0;0;1;0;0;1;1;-23,207603;-50,65966;"SPRF-PR";"DEL07-PR";"UOP01-DEL07-PR"
457777;2022-06-24;"sexta-feira";"17:12:00";"SC";101;205;"SAO JOSE";"Acessar a via sem observar a presença dos outros veículos";"Colisão lateral mesmo sentido";"Com Vítimas Feridas";"Anoitecer";"Decrescente";"Nublado";"Dupla";"Reta";"Sim";2;0;2;0;0;0;2;2;-27,58313237;-48,61532885;"SPRF-SC";"DEL01-SC";"UOP01-DEL01-SC"
457780;2022-06-24;"sexta-feira";"17:30:00";"DF";20;13,9;"BRASILIA";"Velocidade Incompatível";"Saída de leito carroçável";"Com Vítimas Feridas";"Anoitecer";"Crescente";"Céu Claro";"Dupla";"Reta";"Não";1;0;1;0;0;0;1;1;-15,638752;-47,749599;"SPRF-DF";"DEL02-DF";"UOP01-DEL02-DF"
457784;2022-06-24;"sexta-feira";"18:20:00";"DF";20;12;"BRASILIA";"Frear bruscamente";"Tombamento";"Com Vítimas Feridas";"Plena Noite";"Crescente";"Céu Claro";"Dupla";"Reta";"Não";4;0;0;1;3;0;1;2;-15,642812;-47,757786;"SPRF-DF";"DEL02-DF";"UOP01-DEL02-DF"
457785;2022-06-24;"sexta-feira";"18:20:00";"MG";40;526,1;"CONTAGEM";"Entrada inopinada do pedestre";"Atropelamento de Pedestre";"Com Vítimas Feridas";"Plena Noite";"Decrescente";"Céu Claro";"Dupla";"Reta";"Sim";2;0;2;0;0;0;2;2;-19,89340662;-44,04987574;"SPRF-MG";"DEL01-MG";"UOP02-DEL01-MG"
457786;2022-06-24;"sexta-feira";"18:00:00";"PR";373;174,5;"PONTA GROSSA";"Manobra de mudança de faixa";"Colisão lateral mesmo sentido";"Com Vítimas Feridas";"Pleno dia";"Decrescente";"Céu Claro";"Dupla";"Reta";"Sim";2;0;0;1;1;0;1;2;-25,07594908;-50,20995715;"SPRF-PR";"DEL03-PR";"UOP01-DEL03-PR"
457787;2022-06-24;"sexta-feira";"12:10:00";"PI";316;1,3;"TERESINA";"Ausência de sinalização";"Saída de leito carroçável";"Sem Vítimas";"Pleno dia";"Decrescente";"Céu Claro";"Múltipla";"Reta";"Sim";1;0;0;0;1;0;0;1;-5,12861853;-42,80706778;"SPRF-PI";"DEL01-PI";"UOP02-DEL01-PI"
457789;2022-06-24;"sexta-feira";"14:40:00";"AM";230;611;"HUMAITA";"Manobra de mudança de faixa";"Colisão lateral mesmo sentido";"Com Vítimas Feridas";"Pleno dia";"Decrescente";"Sol";"Dupla";"Reta";"Sim";2;0;1;0;0;1;1;2;-7,5181958;-63,0296015;"SPRF-AM";"DEL01-AM";"UOP05-DEL01-AM"
457790;2022-06-24;"sexta-feira";"18:30:00";"MT";70;10;"BARRA DO GARCAS";"Acessar a via sem observar a presença dos outros veículos";"Colisão transversal";"Com Vítimas Feridas";"Pleno dia";"Crescente";"Céu Claro";"Simples";"Reta";"Não";2;0;0;1;1;0;1;2;-15,87866353;-52,34389502;"SPRF-MT";"DEL07-MT";"UOP01-DEL07-MT"
457791;2022-06-24;"sexta-feira";"15:00:00";"MS";163;362;"NOVA ALVORADA DO SUL";"Ingestão de álcool pelo condutor";"Atropelamento de Animal";"Sem Vítimas";"Pleno dia";"Decrescente";"Céu Claro";"Simples";"Reta";"Não";1;0;0;0;1;0;0;1;-21,48999708;-54,39210578;"SPRF-MS";"DEL02-MS";"UOP02-DEL02-MS"
457792;2022-06-24;"sexta-feira";"17:21:00";"RN";304;35;"MOSSORO";"Acessar a via sem observar a presença dos outros veículos";"Colisão lateral mesmo sentido";"Com Vítimas Feridas";"Pleno dia";"Crescente";"Céu Claro";"Dupla";"Reta";"Não";3;0;1;0;2;0;1;2;-5,16149497;-37,35068212;"SPRF-RN";"DEL04-RN";"UOP02-DEL04-RN"
457793;2022-06-24;"sexta-feira";"18:20:00";"PR";116;118;"CURITIBA";"Ausência de reação do condutor";"Colisão traseira";"Com Vítimas Fatais";"Anoitecer";"Crescente";"Céu Claro";"Dupla";"Reta";"Sim";2;1;0;0;1;0;0;2;-25,5682366;-49,3101275;"SPRF-PR";"DEL01-PR";"UOP06-DEL01-PR"
457794;2022-06-24;"sexta-feira";"18:00:00";"MG";40;518;"RIBEIRAO DAS NEVES";"Condutor deixou de manter distância do veículo da frente";"Colisão traseira";"Com Vítimas Feridas";"Plena Noite";"Decrescente";"Céu Claro";"Dupla";"Reta";"Não";1;0;0;1;0;0;1;1;-19,8321242;-44,08208533;"SPRF-MG";"DEL01-MG";"UOP02-DEL01-MG"
457795;2022-06-24;"sexta-feira";"15:50:00";"PI";316;318;"PICOS";"Acessar a via sem observar a presença dos outros veículos";"Colisão traseira";"Com Vítimas Feridas";"Pleno dia";"Crescente";"Céu Claro";"Simples";"Reta";"Sim";2;0;1;0;1;0;1;2;-7,08606465;-41,40601287;"SPRF-PI";"DEL04-PI";"UOP01-DEL04-PI"
457797;2022-06-24;"sexta-feira";"19:00:00";"PR";116;100;"SAO JOSE DOS PINHAIS";"Reação tardia ou ineficiente do condutor";"Colisão com objeto";"Com Vítimas Feridas";"Plena Noite";"Decrescente";"Nublado";"Múltipla";"Reta";"Não";1;0;1;0;0;0;1;1;-25,53379421;-49,14663578;"SPRF-PR";"DEL01-PR";"UOP01-DEL01-PR"
457798;2022-06-24;"sexta-feira";"19:50:00";"MA";226;226;"BARRA DO CORDA";"Ingestão de álcool pelo condutor";"Colisão traseira";"Com Vítimas Feridas";"Plena Noite";"Crescente";"Céu Claro";"Simples";"Reta";"Não";3;0;2;0;1;0;2;2;-5,485645;-45,274912;"SPRF-MA";"DEL06-MA";"UOP01-DEL06-MA"
457799;2022-06-24;"sexta-feira";"19:15:00";"BA";101;231;"SAPEACU";"Conversão proibida";"Colisão frontal";"Com Vítimas Feridas";"Plena Noite";"Crescente";"Céu Claro";"Simples";"Interseção de Vias";"Sim";3;0;0;3;0;0;3;2;-12,84349412;-39,20479086;"SPRF-BA";"DEL01-BA";"UOP02-DEL01-BA"
457800;2022-06-24;"sexta-feira";"16:05:00";"PI";343;214;"CAPITAO DE CAMPOS";"Velocidade Incompatível";"Atropelamento de Pedestre";"Com Vítimas Feridas";"Pleno dia";"Decrescente";"Sol";"Simples";"Reta";"Sim";2;0;1;0;1;0;1;2;-4,4657715;-41,9454112;"SPRF-PI";"DEL02-PI";"UOP01-DEL02-PI"
457802;2022-06-24;"sexta-feira";"18:44:00";"BA";101;217;"CRUZ DAS ALMAS";"Demais falhas mecânicas ou elétricas";"Incêndio";"Sem Vítimas";"Plena Noite";"Decrescente";"Céu Claro";"Simples";"Declive";"Não";1;0;0;0;1;0;0;1;-12,64732001;-39,11224582;"SPRF-BA";"DEL01-BA";"UOP02-DEL01-BA"
457803;2022-06-24;"sexta-feira";"18:45:00";"PE";104;54;"CARUARU";"Avarias e/ou desgaste excessivo no pneu";"Tombamento";"Com Vítimas Feridas";"Plena Noite";"Crescente";"Céu Claro";"Dupla";"Aclive;Reta";"Não";2;0;1;0;1;0;1;1;-8,1928;-35,9662;"SPRF-PE";"DEL02-PE";"UOP01-DEL02-PE"
457804;2022-06-24;"sexta-feira";"18:20:00";"MG";381;159,5;"GOVERNADOR VALADARES";"Iluminação deficiente";"Queda de ocupante de veículo";"Com Vítimas Feridas";"Plena Noite";"Decrescente";"Céu Claro";"Simples";"Declive";"Não";4;0;1;2;1;0;3;3;-18,892462;-42,004848;"SPRF-MG";"DEL06-MG";"UOP01-DEL06-MG"
457805;2022-06-24;"sexta-feira";"18:46:00";"TO";153;772;"ALVORADA";"Demais falhas na via";"Saída de leito carroçável";"Com Vítimas Feridas";"Anoitecer";"Crescente";"Céu Claro";"Simples";"Reta";"Não";1;0;0;1;0;0;1;1;-12,57003684;-49,07919681;"SPRF-TO";"DEL01-TO";"UOP02-DEL01-TO"
457806;2022-06-24;"sexta-feira";"14:30:00";"MA";222;371,7;"PINDARE-MIRIM";"Ultrapassagem Indevida";"Colisão lateral mesmo sentido";"Com Vítimas Feridas";"Pleno dia";"Crescente";"Sol";"Simples";"Reta";"Não";3;0;2;0;1;0;2;2;-3,73626586;-45,43269621;"SPRF-MA";"DEL02-MA";"UOP01-DEL02-MA"
457807;2022-06-24;"sexta-feira";"18:30:00";"ES";101;338,9;"GUARAPARI";"Transitar na contramão";"Colisão frontal";"Com Vítimas Feridas";"Plena Noite";"Crescente";"Nublado";"Simples";"Reta";"Não";4;0;0;4;0;0;4;2;-20,64347205;-40,55826601;"SPRF-ES";"DEL03-ES";"UOP01-DEL03-ES"
457808;2022-06-24;"sexta-feira";"18:30:00";"PR";163;282;"MARECHAL CANDIDO RONDON";"Acessar a via sem observar a presença dos outros veículos";"Colisão lateral sentido oposto";"Com Vítimas Feridas";"Anoitecer";"Crescente";"Céu Claro";"Simples";"Reta";"Não";2;0;2;0;0;0;2;2;-24,56833491;-54,0321905;"SPRF-PR";"DEL06-PR";"UOP02-DEL06-PR"
457809;2022-06-24;"sexta-feira";"19:00:00";"RJ";493;118;"ITAGUAI";"Transitar na contramão";"Colisão lateral sentido oposto";"Com Vítimas Feridas";"Plena Noite";"Decrescente";"Céu Claro";"Dupla";"Reta";"Não";3;0;1;0;2;0;1;3;-22,868734;-43,813544;"SPRF-RJ";"DEL03-RJ";"UOP01-DEL03-RJ"
457810;2022-06-24;"sexta-feira";"19:00:00";"MG";381;159,5;"GOVERNADOR VALADARES";"Condutor deixou de manter distância do veículo da frente";"Colisão lateral mesmo sentido";"Com Vítimas Feridas";"Plena Noite";"Crescente";"Céu Claro";"Simples";"Reta";"Não";2;0;1;0;1;0;1;2;-18,92455594;-42,01932801;"SPRF-MG";"DEL06-MG";"UOP01-DEL06-MG"
457811;2022-06-24;"sexta-feira";"20:00:00";"PE";101;52;"PAULISTA";"Manobra de mudança de faixa";"Colisão lateral mesmo sentido";"Com Vítimas Feridas";"Plena Noite";"Decrescente";"Nublado";"Dupla";"Interseção de Vias";"Sim";2;0;1;0;1;0;1;2;-7,92358799;-34,89607201;"SPRF-PE";"DEL01-PE";"UOP02-DEL01-PE"
457814;2022-06-24;"sexta-feira";"20:10:00";"BA";116;12;"VITORIA DA CONQUISTA";"Acessar a via sem observar a presença dos outros veículos";"Atropelamento de Pedestre";"Com Vítimas Feridas";"Plena Noite";"Crescente";"Céu Claro";"Simples";"Reta";"Não";2;0;1;1;0;0;2;2;-14,884807;-40,870709;"SPRF-BA";"DEL08-BA";"UOP01-DEL08-BA"
457817;2022-06-24;"sexta-feira";"21:00:00";"PR";277;108,6;"CAMPO LARGO";"Demais falhas mecânicas ou elétricas";"Queda de ocupante de veículo";"Com Vítimas Feridas";"Plena Noite";"Crescente";"Céu Claro";"Dupla";"Curva";"Não";1;0;1;0;0;0;1;1;-25,44625996;-49,36369775;"SPRF-PR";"DEL03-PR";"UOP03-DEL03-PR"
457818;2022-06-24;"sexta-feira";"12:30:00";"MG";262;440,1;"NOVA SERRANA";"Velocidade Incompatível";"Tombamento";"Com Vítimas Feridas";"Pleno dia";"Decrescente";"Sol";"Dupla";"Reta";"Não";1;0;1;0;0;0;1;1;-19,8746205;-44,9552393;"SPRF-MG";"DEL08-MG";"UOP03-DEL08-MG"
457819;2022-06-24;"sexta-feira";"20:15:00";"RJ";101;486;"ANGRA DOS REIS";"Condutor deixou de manter distância do veículo da frente";"Engavetamento";"Com Vítimas Feridas";"Plena Noite";"Crescente";"Céu Claro";"Simples";"Reta";"Sim";5;0;1;0;4;0;1;3;-22,97708786;-44,29634653;"SPRF-RJ";"DEL03-RJ";"UOP03-DEL03-RJ"