"id";"data_inversa";"dia_semana";"horario";"uf";"br";"km";"municipio";"causa_acidente";"tipo_acidente";"classificacao_acidente";"fase_dia";"sentido_via";"condicao_metereologica";"tipo_pista";"tracado_via";"uso_solo";"pessoas";"mortos";"feridos_leves";"feridos_graves";"ilesos";"ignorados";"feridos";"veiculos";"latitude";"longitude";"regional";"delegacia";"uop"
457820;2022-06-24;"sexta-feira";"21:10:00";"RS";287;326;"SANTA MARIA";"Reação tardia ou ineficiente do condutor";"Colisão com objeto";"Com Vítimas Feridas";"Plena Noite";"Decrescente";"Garoa/Chuvisco";"Simples";"Em Obras;Desvio Temporário";"Sim";1;0;1;0;0;0;1;1;-29,71363154;-53,81573623;"SPRF-RS";"DEL09-RS";"UOP01-DEL09-RS"
457821;2022-06-24;"sexta-feira";"20:20:00";"PI";343;345;"TERESINA";"Manobra de mudança de faixa";"Colisão lateral mesmo sentido";"Com Vítimas Feridas";"Plena Noite";"Crescente";"Céu Claro";"Simples";"Reta";"Sim";2;0;1;0;1;0;1;2;-5,10678139;-42,76842356;"SPRF-PI";"DEL01-PI";"UOP01-DEL01-PI"
457823;2022-06-24;"sexta-feira";"21:20:00";"PE";232;10,3;"JABOATAO DOS GUARARAPES";"Condutor deixou de manter distância do veículo da frente";"Colisão traseira";"Sem Vítimas";"Plena Noite";"Decrescente";"Céu Claro";"Dupla";"Reta";"Sim";13;0;0;0;13;0;0;3;-8,078982;-34,984801;"SPRF-PE";"DEL01-PE";"UOP01-DEL01-PE"
457826;2022-06-24;"sexta-feira";"19:30:00";"BA";324;349;"CAPIM GROSSO";"Conversão proibida";"Colisão frontal";"Com Vítimas Feridas";"Plena Noite";"Crescente";"Céu Claro";"Simples";"Reta";"Não";2;0;1;0;1;0;1;2;-11,36695343;-40,04379272;"SPRF-BA";"DEL04-BA";"UOP02-DEL04-BA"
457827;2022-06-24;"sexta-feira";"21:30:00";"RJ";40;113;"DUQUE DE CAXIAS";"Velocidade Incompatível";"Colisão traseira";"Com Vítimas Feridas";"Plena Noite";"Decrescente";"Céu Claro";"Múltipla";"Reta";"Não";4;0;1;0;3;0;1;3;-22,70948502;-43,29040354;"SPRF-RJ";"DEL01-RJ";"UOP01-DEL01-RJ"
457832;2022-03-29;"terça-feira";"10:00:00";"RJ";116;177;"NOVA IGUACU";"Condutor deixou de manter distância do veículo da frente";"Colisão traseira";"Com Vítimas Feridas";"Pleno dia";"Crescente";"Nublado";"Dupla";"Reta";"Sim";4;0;1;0;3;0;1;4;-22,78055198;-43,39208599;"SPRF-RJ";"DEL01-RJ";"UOP02-DEL01-RJ"
457834;2022-06-24;"sexta-feira";"20:15:00";"RS";116;197;"PICADA CAFE";"Ausência de reação do condutor";"Colisão lateral sentido oposto";"Com Vítimas Feridas";"Plena Noite";"Decrescente";"Nevoeiro/Neblina";"Simples";"Reta";"Sim";4;0;2;0;2;0;2;2;-29,47130146;-51,15002466;"SPRF-RS";"DEL05-RS";"UOP02-DEL05-RS"
457836;2022-06-24;"sexta-feira";"22:59:00";"BA";418;89;"NOVA VICOSA";"Acessar a via sem observar a presença dos outros veículos";"Colisão transversal";"Com Vítimas Feridas";"Plena Noite";"Crescente";"Céu Claro";"Simples";"Reta";"Sim";2;0;1;0;1;0;1;2;-17,88709248;-39,83068288;"SPRF-BA";"DEL09-BA";"UOP02-DEL09-BA"
457838;2022-06-24;"sexta-feira";"23:00:00";"RJ";116;141;"DUQUE DE CAXIAS";"Velocidade Incompatível";"Colisão traseira";"Com Vítimas Feridas";"Plena Noite";"Crescente";"Nublado";"Dupla";"Reta";"Não";2;0;1;0;0;1;1;2;-22,64724486;-43,22083001;"SPRF-RJ";"DEL01-RJ";"UOP01-DEL01-RJ"
457839;2022-06-24;"sexta-feira";"23:50:00";"PR";476;130;"CURITIBA";"Acessar a via sem observar a presença dos outros veículos";"Colisão traseira";"Sem Vítimas";"Plena Noite";"Decrescente";"Céu Claro";"Simples";"Reta";"Sim";2;0;0;0;2;0;0;2;-25,452557;-49,240877;"SPRF-PR";"DEL01-PR";"UOP01-DEL01-PR"
457840;2022-06-24;"sexta-feira";"23:45:00";"GO";60;384;"RIO VERDE";"Entrada inopinada do pedestre";"Atropelamento de Pedestre";"Com Vítimas Fatais";"Plena Noite";"Crescente";"Céu Claro";"Dupla";"Reta";"Sim";2;1;0;0;1;0;0;2;-17,7964;-50,914;"SPRF-GO";"DEL04-GO";"UOP01-DEL04-GO"
457842;2022-06-24;"sexta-feira";"18:20:00";"SP";101;38;"UBATUBA";"Entrada inopinada do pedestre";"Tombamento";"Com Vítimas Feridas";"Plena Noite";"Decrescente";"Céu Claro";"Simples";"Reta";"Não";1;0;1;0;0;0;1;1;-23,41265015;-45,02102852;"SPRF-SP";"DEL06-SP";"UOP01-DEL06-SP"
457843;2022-06-24;"sexta-feira";"22:35:00";"SC";101;308,9;"LAGUNA";"Reação tardia ou ineficiente do condutor";"Colisão com objeto";"Com Vítimas Feridas";"Plena Noite";"Crescente";"Chuva";"Dupla";"Reta";"Não";1;0;1;0;0;0;1;1;-28,42129692;-48,7978363;"SPRF-SC";"DEL02-SC";"UOP01-DEL02-SC"
457844;2022-06-24;"sexta-feira";"21:15:00";"PR";277;306,5;"GUARAPUAVA";"Pedestre andava na pista";"Atropelamento de Pedestre";"Com Vítimas Fatais";"Plena Noite";"Decrescente";"Céu Claro";"Simples";"Reta";"Não";2;1;0;0;1;0;0;2;-25,29514096;-51,13661302;"SPRF-PR";"DEL08-PR";"UOP01-DEL08-PR"
457845;2022-06-25;"sábado";"00:24:00";"SC";470;3;"NAVEGANTES";"Ingestão de álcool pelo condutor";"Saída de leito carroçável";"Sem Vítimas";"Plena Noite";"Decrescente";"Céu Claro";"Dupla";"Reta";"Sim";2;0;0;0;0;2;0;2;-26,861937;-48,681618;"SPRF-SC";"DEL04-SC";"UOP04-DEL04-SC"
457846;2022-06-25;"sábado";"00:30:00";"SC";101;210;"SAO JOSE";"Ingestão de álcool pelo condutor";"Colisão com objeto";"Com Vítimas Feridas";"Plena Noite";"Crescente";"Garoa/Chuvisco";"Múltipla";"Reta";"Sim";1;0;1;0;0;0;1;1;-27,6167305;-48,6457265;"SPRF-SC";"DEL01-SC";"UOP01-DEL01-SC"
457848;2022-06-25;"sábado";"00:45:00";"GO";60;63;"ABADIANIA";"Ingestão de álcool pelo condutor";"Saída de leito carroçável";"Sem Vítimas";"Plena Noite";"Decrescente";"Céu Claro";"Dupla";"Reta";"Não";1;0;0;0;1;0;0;1;-16,1936;-48,7279;"SPRF-GO";"DEL02-GO";"UOP01-DEL02-GO"
457849;2022-06-24;"sexta-feira";"13:50:00";"PI";135;177;"MANOEL EMIDIO";"Ingestão de álcool pelo condutor";"Atropelamento de Pedestre";"Com Vítimas Feridas";"Pleno dia";"Crescente";"Sol";"Dupla";"Reta";"Sim";1;0;1;0;0;0;1;1;-8,00651713;-43,87302161;"SPRF-PI";"DEL03-PI";"UOP01-DEL03-PI"
457850;2022-06-25;"sábado";"02:10:00";"RS";116;237;"NOVO HAMBURGO";"Acumulo de água sobre o pavimento";"Colisão com objeto";"Com Vítimas Feridas";"Plena Noite";"Decrescente";"Chuva";"Dupla";"Reta";"Sim";3;0;1;0;2;0;1;1;-29,67839398;-51,1422266;"SPRF-RS";"DEL01-RS";"UOP02-DEL01-RS"
457851;2022-06-25;"sábado";"02:15:00";"RS";116;237;"NOVO HAMBURGO";"Acesso irregular";"Eventos atípicos";"Sem Vítimas";"Plena Noite";"Crescente";"Garoa/Chuvisco";"Simples";"Reta";"Sim";1;0;0;0;0;1;0;1;-29,68333646;-51,14208698;"SPRF-RS";"DEL01-RS";"UOP02-DEL01-RS"
457852;2022-06-25;"sábado";"01:10:00";"MT";163;755;"SORRISO";"Ausência de reação do condutor";"Colisão traseira";"Com Vítimas Feridas";"Plena Noite";"Crescente";"Céu Claro";"Dupla";"Declive";"Não";3;0;1;0;2;0;1;2;-12,531795;-55,705286;"SPRF-MT";"DEL06-MT";"UOP01-DEL06-MT"
457853;2022-06-25;"sábado";"02:45:00";"SP";116;169;"JACAREI";"Reação tardia ou ineficiente do condutor";"Saída de leito carroçável";"Com Vítimas Feridas";"Plena Noite";"Decrescente";"Céu Claro";"Múltipla";"Curva";"Não";2;0;0;2;0;0;2;1;-23,307652;-46,045128;"SPRF-SP";"DEL02-SP";"UOP01-DEL02-SP"
457854;2022-06-25;"sábado";"01:40:00";"SP";381;79,4;"SAO PAULO";"Frear bruscamente";"Colisão com objeto";"Com Vítimas Feridas";"Plena Noite";"Decrescente";"Nublado";"Simples";"Curva;Aclive;Retorno Regulamentado";"Sim";2;0;1;0;1;0;1;1;-23,41163;-46,581301;"SPRF-SP";"DEL03-SP";"UOP01-DEL03-SP"
457855;2022-06-25;"sábado";"03:20:00";"MG";381;510;"SAO JOAQUIM DE BICAS";"Pedestre andava na pista";"Atropelamento de Pedestre";"Com Vítimas Feridas";"Plena Noite";"Crescente";"Céu Claro";"Simples";"Reta";"Sim";2;0;0;1;0;1;1;2;-20,07738209;-44,30434488;"SPRF-MG";"DEL01-MG";"UOP03-DEL01-MG"
457856;2022-06-24;"sexta-feira";"19:30:00";"PI";316;32,9;"DEMERVAL LOBAO";"Entrada inopinada do pedestre";"Atropelamento de Pedestre";"Com Vítimas Feridas";"Plena Noite";"Decrescente";"Céu Claro";"Simples";"Reta";"Sim";2;0;0;1;0;1;1;2;-5,34217984;-42,68627493;"SPRF-PI";"DEL01-PI";"UOP02-DEL01-PI"
457857;2022-06-25;"sábado";"03:00:00";"SC";116;209;"PONTE ALTA";"Velocidade Incompatível";"Saída de leito carroçável";"Sem Vítimas";"Plena Noite";"Crescente";"Garoa/Chuvisco";"Simples";"Curva";"Não";3;0;0;0;3;0;0;1;-27,49607258;-50,37005465;"SPRF-SC";"DEL05-SC";"UOP03-DEL05-SC"
457858;2022-06-25;"sábado";"04:30:00";"SC";470;56;"BLUMENAU";"Reação tardia ou ineficiente do condutor";"Colisão transversal";"Com Vítimas Feridas";"Plena Noite";"Crescente";"Nublado";"Simples";"Reta";"Não";2;0;1;0;1;0;1;2;-26,87674;-49,127743;"SPRF-SC";"DEL04-SC";"UOP01-DEL04-SC"
457859;2022-06-24;"sexta-feira";"19:00:00";"BA";101;498;"ITABUNA";"Ingestão de álcool pelo condutor";"Queda de ocupante de veículo";"Com Vítimas Feridas";"Plena Noite";"Crescente";"Céu Claro";"Simples";"Reta";"Não";1;0;0;1;0;0;1;1;-14,754578;-39,31246;"SPRF-BA";"DEL05-BA";"UOP01-DEL05-BA"
457860;2022-06-25;"sábado";"05:25:00";"TO";153;562;"FATIMA";"Transitar na contramão";"Colisão frontal";"Com Vítimas Feridas";"Amanhecer";"Crescente";"Céu Claro";"Dupla";"Retorno Regulamentado;Curva";"Sim";6;0;1;0;5;0;1;2;-10,75907598;-48,9021057;"SPRF-TO";"DEL01-TO";"UOP01-DEL01-TO"
457861;2022-06-24;"sexta-feira";"19:55:00";"BA";415;48;"ITABUNA";"Ingestão de álcool pelo condutor";"Atropelamento de Pedestre";"Com Vítimas Feridas";"Plena Noite";"Decrescente";"Céu Claro";"Simples";"Reta";"Sim";3;0;1;0;1;1;1;2;-14,81848;-39,30283;"SPRF-BA";"DEL05-BA";"UOP01-DEL05-BA"
457862;2022-06-25;"sábado";"05:15:00";"TO";153;676,9;"GURUPI";"Animais na Pista";"Saída de leito carroçável";"Com Vítimas Feridas";"Amanhecer";"Decrescente";"Céu Claro";"Simples";"Reta;Declive";"Não";2;0;2;0;0;0;2;1;-11,76028512;-49,09631084;"SPRF-TO";"DEL01-TO";"UOP02-DEL01-TO"
457863;2022-06-25;"sábado";"04:35:00";"MS";163;491,1;"CAMPO GRANDE";"Ingestão de álcool pelo condutor";"Colisão frontal";"Com Vítimas Feridas";"Amanhecer";"Crescente";"Céu Claro";"Simples";"Reta";"Sim";2;0;0;2;0;0;2;2;-20,36434577;-54,52853585;"SPRF-MS";"DEL01-MS";"UOP02-DEL01-MS"
457864;2022-06-25;"sábado";"03:40:00";"BA";110;186;"RIBEIRA DO POMBAL";"Animais na Pista";"Saída de leito carroçável";"Com Vítimas Feridas";"Plena Noite";"Decrescente";"Chuva";"Simples";"Reta";"Não";2;0;1;0;1;0;1;1;-10,98456904;-38,51340281;"SPRF-BA";"DEL07-BA";"UOP02-DEL07-BA"
457865;2022-06-25;"sábado";"05:20:00";"GO";153;618;"MORRINHOS";"Condutor Dormindo";"Saída de leito carroçável";"Com Vítimas Feridas";"Amanhecer";"Decrescente";"Céu Claro";"Dupla";"Reta";"Não";2;0;1;0;1;0;1;1;-17,7039;-49,1552;"SPRF-GO";"DEL03-GO";"UOP01-DEL03-GO"
457866;2022-06-25;"sábado";"03:30:00";"PE";232;6,8;"RECIFE";"Deficiência do Sistema de Iluminação/Sinalização";"Colisão traseira";"Sem Vítimas";"Plena Noite";"Decrescente";"Céu Claro";"Múltipla";"Em Obras;Reta";"Não";3;0;0;0;2;1;0;2;-8,07333497;-34,96184301;"SPRF-PE";"DEL01-PE";"UOP01-DEL01-PE"
457867;2022-06-25;"sábado";"05:50:00";"MG";40;438;"PARAOPEBA";"Condutor Dormindo";"Colisão com objeto";"Com Vítimas Feridas";"Amanhecer";"Decrescente";"Céu Claro";"Dupla";"Reta";"Não";2;0;1;1;0;0;2;1;-19,240633;-44,428429;"SPRF-MG";"DEL02-MG";"UOP01-DEL02-MG"
457870;2022-06-25;"sábado";"06:12:00";"RS";293;1,5;"PELOTAS";"Ausência de reação do condutor";"Colisão lateral sentido oposto";"Com Vítimas Feridas";"Plena Noite";"Decrescente";"Céu Claro";"Simples";"Reta";"Não";2;0;0;1;1;0;1;2;-31,760326;-52,356205;"SPRF-RS";"DEL07-RS";"UOP01-DEL07-RS"
457871;2022-06-25;"sábado";"04:20:00";"MS";163;722;"COXIM";"Ingestão de álcool pelo condutor";"Saída de leito carroçável";"Sem Vítimas";"Plena Noite";"Crescente";"Céu Claro";"Simples";"Reta";"Não";1;0;0;0;1;0;0;1;-18,58449688;-54,76831023;"SPRF-MS";"DEL06-MS";"UOP01-DEL06-MS"
457873;2022-06-25;"sábado";"06:30:00";"MG";381;430,2;"SABARA";"Velocidade Incompatível";"Colisão frontal";"Com Vítimas Fatais";"Amanhecer";"Crescente";"Céu Claro";"Simples";"Curva";"Não";6;1;0;0;4;1;0;3;-19,78496805;-43,72311799;"SPRF-MG";"DEL01-MG";"UOP01-DEL01-MG"
457874;2022-06-24;"sexta-feira";"19:20:00";"MG";40;78,3;"PARACATU";"Animais na Pista";"Saída de leito carroçável";"Com Vítimas Feridas";"Plena Noite";"Decrescente";"Céu Claro";"Simples";"Reta";"Não";2;0;1;0;1;0;1;1;-17,45277425;-46,67703013;"SPRF-MG";"DEL14-MG";"UOP01-DEL14-MG"
457875;2022-06-25;"sábado";"06:05:00";"CE";222;17,1;"CAUCAIA";"Condutor Dormindo";"Colisão com objeto";"Com Vítimas Feridas";"Pleno dia";"Crescente";"Céu Claro";"Simples";"Reta";"Não";2;0;1;0;0;1;1;2;-3,75327316;-38,71134808;"SPRF-CE";"DEL01-CE";"UOP01-DEL01-CE"
457876;2022-06-25;"sábado";"03:15:00";"RS";153;410,1;"CACHOEIRA DO SUL";"Ingestão de álcool pelo condutor";"Saída de leito carroçável";"Com Vítimas Feridas";"Plena Noite";"Crescente";"Céu Claro";"Dupla";"Reta";"Sim";5;0;2;0;1;2;2;2;-30,04621316;-52,91049957;"SPRF-RS";"DEL02-RS";"UOP03-DEL02-RS"
457877;2022-06-24;"sexta-feira";"23:05:00";"RS";470;226,7;"GARIBALDI";"Velocidade Incompatível";"Saída de leito carroçável";"Com Vítimas Feridas";"Plena Noite";"Decrescente";"Chuva";"Simples";"Curva";"Sim";1;0;1;0;0;0;1;1;-29,25414218;-51,5114845;"SPRF-RS";"DEL06-RS";"UOP01-DEL06-RS"
457878;2022-06-25;"sábado";"07:10:00";"PR";277;17;"CAMPO LARGO";"Manobra de mudança de faixa";"Colisão lateral mesmo sentido";"Com Vítimas Feridas";"Pleno dia";"Decrescente";"Nublado";"Dupla";"Reta";"Sim";2;0;1;0;1;0;1;2;-25,44878423;-49,51509655;"SPRF-PR";"DEL03-PR";"UOP03-DEL03-PR"
457879;2022-06-25;"sábado";"07:15:00";"RS";290;108;"ELDORADO DO SUL";"Ingestão de álcool pelo condutor";"Saída de leito carroçável";"Sem Vítimas";"Pleno dia";"Crescente";"Nublado";"Dupla";"Reta";"Sim";1;0;0;0;1;0;0;1;-30,006546;-51,312927;"SPRF-RS";"DEL02-RS";"UOP01-DEL02-RS"
457880;2022-06-25;"sábado";"02:10:00";"RJ";101;213;"CASIMIRO DE ABREU";"Ausência de reação do condutor";"Colisão com objeto";"Com Vítimas Feridas";"Plena Noite";"Decrescente";"Céu Claro";"Simples";"Reta";"Sim";3;0;3;0;0;0;3;1;-22,49143999;-42,26199401;"SPRF-RJ";"DEL08-RJ";"UOP04-DEL08-RJ"
457881;2022-06-25;"sábado";"05:00:00";"PI";343;336,9;"TERESINA";"Manobra de mudança de faixa";"Colisão lateral mesmo sentido";"Com Vítimas Fatais";"Amanhecer";"Crescente";"Céu Claro";"Dupla";"Reta;Aclive";"Sim";4;2;2;0;0;0;2;2;-5,062547;-42,705189;"SPRF-PI";"DEL01-PI";"UOP01-DEL01-PI"
457882;2022-06-25;"sábado";"06:45:00";"PB";230;286;"SANTA LUZIA";"Avarias e/ou desgaste excessivo no pneu";"Saída de leito carroçável";"Com Vítimas Feridas";"Pleno dia";"Crescente";"Céu Claro";"Simples";"Reta";"Sim";3;0;1;0;2;0;1;1;-6,8978;-36,8794;"SPRF-PB";"DEL03-PB";"UOP01-DEL03-PB"
457883;2022-06-25;"sábado";"06:21:00";"RS";116;224;"DOIS IRMAOS";"Reação tardia ou ineficiente do condutor";"Saída de leito carroçável";"Sem Vítimas";"Plena Noite";"Decrescente";"Chuva";"Simples";"Retorno Regulamentado;Reta";"Sim";1;0;0;0;0;1;0;1;-29,58794617;-51,1050479;"SPRF-RS";"DEL01-RS";"UOP02-DEL01-RS"
457885;2022-06-25;"sábado";"07:00:00";"RJ";116;171;"SAO JOAO DE MERITI";"Ausência de reação do condutor";"Colisão com objeto";"Com Vítimas Feridas";"Pleno dia";"Decrescente";"Céu Claro";"Dupla";"Reta";"Sim";1;0;1;0;0;0;1;1;-22,8060415;-43,34289573;"SPRF-RJ";"DEL01-RJ";"UOP02-DEL01-RJ"
457889;2022-05-01;"domingo";"06:29:00";"PE";232;92,8;"SAIRE";"Frear bruscamente";"Colisão traseira";"Com Vítimas Feridas";"Pleno dia";"Decrescente";"Céu Claro";"Dupla";"Reta;Declive";"Não";2;0;1;0;1;0;1;2;-8,22169948;-35,68231217;"SPRF-PE";"DEL02-PE";"UOP02-DEL02PE"
457891;2022-06-25;"sábado";"04:50:00";"RJ";116;298,8;"RESENDE";"Reação tardia ou ineficiente do condutor";"Colisão com objeto";"Com Vítimas Feridas";"Plena Noite";"Crescente";"Céu Claro";"Dupla";"Reta";"Não";1;0;1;0;0;0;1;1;-22,45426652;-44,37884331;"SPRF-RJ";"DEL07-RJ";"UOP02-DEL07-RJ"
457892;2022-06-25;"sábado";"08:40:00";"SP";153;256,4;"MARILIA";"Reação tardia ou ineficiente do condutor";"Colisão traseira";"Com Vítimas Feridas";"Pleno dia";"Decrescente";"Céu Claro";"Dupla";"Rotatória";"Sim";4;0;2;0;2;0;2;2;-22,23839896;-49,91923571;"SPRF-SP";"DEL07-SP";"UOP02-DEL07-SP"
457894;2022-06-25;"sábado";"08:13:00";"MS";163;464,9;"CAMPO GRANDE";"Avarias e/ou desgaste excessivo no pneu";"Saída de leito carroçável";"Com Vítimas Feridas";"Pleno dia";"Decrescente";"Céu Claro";"Simples";"Reta";"Não";2;0;1;1;0;0;2;1;-20,60305192;-54,57852768;"SPRF-MS";"DEL01-MS";"UOP01-DEL01-MS"
457895;2022-06-25;"sábado";"09:20:00";"MG";40;762,5;"JUIZ DE FORA";"Reação tardia ou ineficiente do condutor";"Saída de leito carroçável";"Com Vítimas Feridas";"Pleno dia";"Decrescente";"Céu Claro";"Simples";"Curva";"Não";1;0;1;0;0;0;1;1;-21,5460179;-43,50917993;"SPRF-MG";"DEL05-MG";"UOP01-DEL05-MG"
457896;2022-06-25;"sábado";"08:25:00";"PI";316;1;"TERESINA";"Reação tardia ou ineficiente do condutor";"Colisão traseira";"Com Vítimas Feridas";"Pleno dia";"Decrescente";"Céu Claro";"Simples";"Reta";"Sim";4;0;1;1;2;0;2;3;-5,12861853;-42,80706778;"SPRF-PI";"DEL01-PI";"UOP02-DEL01-PI"
457898;2022-06-25;"sábado";"09:30:00";"PR";376;665,5;"GUARATUBA";"Reação tardia ou ineficiente do condutor";"Colisão lateral mesmo sentido";"Com Vítimas Feridas";"Pleno dia";"Crescente";"Nevoeiro/Neblina";"Simples";"Curva";"Não";3;0;2;0;0;1;2;2;-25,86355836;-48,95084023;"SPRF-PR";"DEL01-PR";"UOP04-DEL01-PR"
457899;2022-06-25;"sábado";"10:20:00";"MG";381;452;"SABARA";"Condutor deixou de manter distância do veículo da frente";"Colisão traseira";"Com Vítimas Feridas";"Pleno dia";"Crescente";"Céu Claro";"Simples";"Curva";"Sim";3;0;1;1;1;0;2;2;-19,84339604;-43,88596993;"SPRF-MG";"DEL01-MG";"UOP01-DEL01-MG"
457901;2022-06-25;"sábado";"09:40:00";"RS";158;330;"SANTA MARIA";"Desrespeitar a preferência no cruzamento";"Colisão transversal";"Sem Vítimas";"Pleno dia";"Decrescente";"Nublado";"Simples";"Rotatória";"Sim";2;0;0;0;1;1;0;2;-29,70200535;-53,83725413;"SPRF-RS";"DEL09-RS";"UOP01-DEL09-RS"
457902;2022-04-23;"sábado";"21:00:00";"SC";101;204;"SAO JOSE";"Ausência de reação do condutor";"Colisão traseira";"Sem Vítimas";"Plena Noite";"Decrescente";"Céu Claro";"Dupla";"Reta";"Não";2;0;0;0;2;0;0;2;-27,57413014;-48,61363083;"SPRF-SC";"DEL01-SC";"UOP01-DEL01-SC"
457903;2022-06-25;"sábado";"09:28:00";"MT";364;333;"SANTO ANTONIO DO LEVERGER";"Reação tardia ou ineficiente do condutor";"Saída de leito carroçável";"Com Vítimas Feridas";"Pleno dia";"Decrescente";"Céu Claro";"Dupla";"Curva";"Não";1;0;1;0;0;0;1;1;-15,82967713;-55,43580087;"SPRF-MT";"DEL05-MT";"UOP02-DEL05-MT"
457904;2022-06-25;"sábado";"09:30:00";"MG";459;99,3;"POUSO ALEGRE";"Ausência de reação do condutor";"Colisão traseira";"Com Vítimas Feridas";"Pleno dia";"Decrescente";"Céu Claro";"Dupla";"Reta";"Sim";2;0;1;0;1;0;1;2;-22,203484;-45,951649;"SPRF-MG";"DEL16-MG";"UOP01-DEL16-MG"
457905;2022-04-10;"domingo";"18:15:00";"BA";101;220;"SAPEACU";"Reação tardia ou ineficiente do condutor";"Saída de leito carroçável";"Com Vítimas Feridas";"Pleno dia";"Decrescente";"Céu Claro";"Simples";"Reta";"Não";2;0;0;1;1;0;1;1;-12,767004;-39,183527;"SPRF-BA";"DEL01-BA";"UOP02-DEL01-BA"
457906;2022-06-25;"sábado";"09:37:00";"BA";324;514,3;"FEIRA DE SANTANA";"Acessar a via sem observar a presença dos outros veículos";"Colisão transversal";"Com Vítimas Feridas";"Pleno dia";"Decrescente";"Céu Claro";"Múltipla";"Interseção de Vias";"Sim";3;0;0;1;2;0;1;2;-12,232722;-38,948382;"SPRF-BA";"DEL02-BA";"UOP01-DEL02-BA"
457908;2022-06-25;"sábado";"11:15:00";"SC";101;214,8;"PALHOCA";"Trafegar com motocicleta (ou similar) entre as faixas";"Queda de ocupante de veículo";"Com Vítimas Feridas";"Pleno dia";"Crescente";"Céu Claro";"Múltipla";"Reta";"Não";3;0;1;1;1;0;2;2;-27,64443;-48,67057;"SPRF-SC";"DEL01-SC";"UOP02-DEL01-SC"
457909;2022-06-25;"sábado";"11:40:00";"MG";40;428,7;"PARAOPEBA";"Ingestão de álcool pelo condutor";"Saída de leito carroçável";"Com Vítimas Feridas";"Pleno dia";"Decrescente";"Céu Claro";"Dupla";"Reta";"Não";1;0;0;1;0;0;1;1;-19,185487;-44,494633;"SPRF-MG";"DEL02-MG";"UOP01-DEL02-MG"
457910;2022-06-25;"sábado";"11:00:00";"RS";471;680;"CHUI";"Carga excessiva e/ou mal acondicionada";"Colisão com objeto";"Sem Vítimas";"Pleno dia";"Crescente";"Céu Claro";"Simples";"Reta";"Não";2;0;0;0;1;1;0;2;-33,689819;-53,455074;"SPRF-RS";"DEL07-RS";"UOP04-DEL07-RS"
457911;2022-06-25;"sábado";"11:45:00";"AP";210;84,1;"PORTO GRANDE";"Velocidade Incompatível";"Saída de leito carroçável";"Com Vítimas Feridas";"Pleno dia";"Decrescente";"Céu Claro";"Simples";"Reta";"Não";5;0;0;1;4;0;1;1;0,61030103;-51,244355;"SPRF-AP";"DEL01-AP";"UOP01-DEL01-AP"
457912;2022-06-25;"sábado";"11:40:00";"MS";262;365;"CAMPO GRANDE";"Acessar a via sem observar a presença dos outros veículos";"Colisão transversal";"Com Vítimas Feridas";"Pleno dia";"Crescente";"Céu Claro";"Simples";"Reta";"Sim";2;0;1;0;1;0;1;2;-20,49132429;-54,74025306;"SPRF-MS";"DEL01-MS";"UOP03-DEL01-MS"
457915;2022-06-25;"sábado";"10:15:00";"RJ";40;97;"DUQUE DE CAXIAS";"Reação tardia ou ineficiente do condutor";"Tombamento";"Com Vítimas Feridas";"Pleno dia";"Decrescente";"Sol";"Simples";"Curva";"Não";1;0;0;1;0;0;1;1;-22,57356181;-43,27802893;"SPRF-RJ";"DEL01-RJ";"UOP01-DEL01-RJ"
457916;2022-06-25;"sábado";"11:45:00";"MG";40;715,9;"BARBACENA";"Ausência de reação do condutor";"Saída de leito carroçável";"Com Vítimas Fatais";"Pleno dia";"Decrescente";"Céu Claro";"Dupla";"Curva";"Não";2;1;0;1;0;0;1;1;-21,25161698;-43,67181701;"SPRF-MG";"DEL05-MG";"UOP01-DEL05-MG"
457918;2022-05-16;"segunda-feira";"18:30:00";"RJ";116;170;"SAO JOAO DE MERITI";"Ausência de reação do condutor";"Engavetamento";"Com Vítimas Feridas";"Plena Noite";"Decrescente";"Nublado";"Dupla";"Reta";"Sim";6;0;1;0;5;0;1;5;-22,81113183;-43,3336729;"SPRF-RJ";"DEL01-RJ";"UOP02-DEL01-RJ"
457919;2022-06-25;"sábado";"11:45:00";"MT";364;316;"CAMPO VERDE";"Demais falhas mecânicas ou elétricas";"Queda de ocupante de veículo";"Com Vítimas Feridas";"Pleno dia";"Crescente";"Sol";"Dupla";"Reta";"Não";2;0;2;0;0;0;2;1;-15,80685716;-55,29215303;"SPRF-MT";"DEL05-MT";"UOP02-DEL05-MT"
457922;2022-06-25;"sábado";"11:10:00";"SP";116;561,5;"BARRA DO TURVO";"Pista Escorregadia";"Capotamento";"Com Vítimas Feridas";"Pleno dia";"Decrescente";"Garoa/Chuvisco";"Dupla";"Curva";"Não";4;0;1;0;3;0;1;1;-25,02045097;-48,51586004;"SPRF-SP";"DEL05-SP";"UOP02-DEL05-SP"
457923;2022-06-25;"sábado";"12:30:00";"SP";116;560,5;"BARRA DO TURVO";"Reação tardia ou ineficiente do condutor";"Colisão com objeto";"Com Vítimas Feridas";"Pleno dia";"Crescente";"Chuva";"Simples";"Curva";"Não";5;0;4;0;1;0;4;1;-25,01903988;-48,51184845;"SPRF-SP";"DEL05-SP";"UOP02-DEL05-SP"
457924;2022-06-25;"sábado";"10:00:00";"MG";40;145,5;"JOAO PINHEIRO";"Pedestre cruzava a pista fora da faixa";"Atropelamento de Pedestre";"Com Vítimas Feridas";"Pleno dia";"Decrescente";"Céu Claro";"Simples";"Interseção de Vias";"Não";2;0;0;1;1;0;1;2;-17,75628881;-46,16191149;"SPRF-MG";"DEL14-MG";"UOP02-DEL14-MG"