"id";"data_inversa";"dia_semana";"horario";"uf";"br";"km";"municipio";"causa_acidente";"tipo_acidente";"classificacao_acidente";"fase_dia";"sentido_via";"condicao_metereologica";"tipo_pista";"tracado_via";"uso_solo";"pessoas";"mortos";"feridos_leves";"feridos_graves";"ilesos";"ignorados";"feridos";"veiculos";"latitude";"longitude";"regional";"delegacia";"uop"
457925;2022-06-05;"domingo";"17:00:00";"MG";40;599,9;"OURO PRETO";"Acessar a via sem observar a presença dos outros veículos";"Colisão transversal";"Com Vítimas Feridas";"Pleno dia";"Decrescente";"Céu Claro";"Simples";"Reta";"Não";4;0;2;0;1;1;2;3;-20,42846564;-43,85911703;"SPRF-MG";"DEL05-MG";"UOP02-DEL05-MG"
457926;2022-06-25;"sábado";"13:20:00";"PR";376;644;"TIJUCAS DO SUL";"Reação tardia ou ineficiente do condutor";"Colisão com objeto";"Com Vítimas Feridas";"Pleno dia";"Decrescente";"Nublado";"Dupla";"Curva";"Não";5;0;3;2;0;0;5;1;-25,81419584;-49,13167969;"SPRF-PR";"DEL01-PR";"UOP04-DEL01-PR"
457928;2022-06-25;"sábado";"13:30:00";"MG";381;441;"SABARA";"Velocidade Incompatível";"Saída de leito carroçável";"Com Vítimas Feridas";"Pleno dia";"Crescente";"Céu Claro";"Simples";"Curva";"Não";2;0;0;1;1;0;1;1;-19,81604176;-43,80389901;"SPRF-MG";"DEL01-MG";"UOP01-DEL01-MG"
457929;2022-06-25;"sábado";"12:50:00";"RJ";101;322;"NITEROI";"Pedestre andava na pista";"Atropelamento de Pedestre";"Com Vítimas Feridas";"Pleno dia";"Decrescente";"Nublado";"Múltipla";"Curva";"Sim";2;0;0;1;1;0;1;2;-22,878923;-43,110676;"SPRF-RJ";"DEL02-RJ";"UOP01-DEL02-RJ"
457931;2022-06-25;"sábado";"12:10:00";"SC";280;49;"GUARAMIRIM";"Ausência de reação do condutor";"Colisão traseira";"Com Vítimas Feridas";"Pleno dia";"Crescente";"Garoa/Chuvisco";"Simples";"Aclive;Reta";"Sim";2;0;1;0;1;0;1;2;-26,45841364;-48,93621683;"SPRF-SC";"DEL03-SC";"UOP03-DEL03-SC"
457932;2022-06-25;"sábado";"15:00:00";"MG";381;907,5;"CAMBUI";"Condutor deixou de manter distância do veículo da frente";"Colisão lateral mesmo sentido";"Com Vítimas Feridas";"Pleno dia";"Crescente";"Sol";"Múltipla";"Curva";"Não";2;0;0;1;1;0;1;2;-22,71744092;-46,12652111;"SPRF-MG";"DEL16-MG";"UOP03-DEL16-MG"
457933;2022-06-24;"sexta-feira";"20:00:00";"PE";316;342;"PETROLANDIA";"Animais na Pista";"Atropelamento de Animal";"Sem Vítimas";"Plena Noite";"Crescente";"Ignorado";"Simples";"Reta";"Não";1;0;0;0;1;0;0;1;-8,801707;-38,318768;"SPRF-PE";"DEL04-PE";"UOP03-DEL04-PE"
457934;2022-06-25;"sábado";"15:40:00";"ES";101;297,5;"VIANA";"Reação tardia ou ineficiente do condutor";"Colisão traseira";"Com Vítimas Feridas";"Pleno dia";"Decrescente";"Sol";"Múltipla";"Reta";"Sim";2;0;0;1;1;0;1;2;-20,34529844;-40,41026774;"SPRF-ES";"DEL01-ES";"UOP01-DEL01-ES"
457935;2022-06-25;"sábado";"15:00:00";"SC";101;213;"PALHOCA";"Acesso irregular";"Colisão transversal";"Com Vítimas Feridas";"Pleno dia";"Crescente";"Céu Claro";"Múltipla";"Interseção de Vias";"Sim";2;0;1;0;1;0;1;2;-27,63697369;-48,66514142;"SPRF-SC";"DEL01-SC";"UOP02-DEL01-SC"
457936;2022-06-25;"sábado";"15:40:00";"RS";116;256,5;"ESTEIO";"Demais falhas na via";"Tombamento";"Com Vítimas Feridas";"Pleno dia";"Decrescente";"Céu Claro";"Dupla";"Reta";"Não";1;0;1;0;0;0;1;1;-29,84393699;-51,17728603;"SPRF-RS";"DEL01-RS";"UOP02-DEL01-RS"
457938;2022-06-25;"sábado";"11:00:00";"MS";163;463;"CAMPO GRANDE";"Ausência de reação do condutor";"Saída de leito carroçável";"Com Vítimas Feridas";"Pleno dia";"Decrescente";"Céu Claro";"Simples";"Reta";"Não";2;0;2;0;0;0;2;1;-20,61187111;-54,57639346;"SPRF-MS";"DEL01-MS";"UOP01-DEL01-MS"
457939;2022-06-25;"sábado";"16:00:00";"RJ";116;181;"NOVA IGUACU";"Manobra de mudança de faixa";"Colisão lateral mesmo sentido";"Com Vítimas Feridas";"Pleno dia";"Decrescente";"Céu Claro";"Dupla";"Reta";"Sim";2;0;1;0;1;0;1;2;-22,761312;-43,423492;"SPRF-RJ";"DEL01-RJ";"UOP02-DEL01-RJ"
457940;2022-06-25;"sábado";"15:40:00";"RJ";116;130;"MAGE";"Condutor Dormindo";"Queda de ocupante de veículo";"Com Vítimas Feridas";"Pleno dia";"Crescente";"Nublado";"Dupla";"Reta";"Não";1;0;1;0;0;0;1;1;-22,65949914;-43,11671944;"SPRF-RJ";"DEL04-RJ";"UOP02-DEL04-RJ"
457941;2022-06-25;"sábado";"15:35:00";"PR";376;3;"APUCARANA";"Ingestão de álcool pelo condutor";"Colisão transversal";"Sem Vítimas";"Pleno dia";"Crescente";"Céu Claro";"Dupla";"Reta;Interseção de Vias";"Sim";3;0;0;0;2;1;0;3;-23,5586196;-51,440238;"SPRF-PR";"DEL07-PR";"UOP03-DEL07-PR"
457943;2022-06-25;"sábado";"14:00:00";"PE";423;129;"SALOA";"Acessar a via sem observar a presença dos outros veículos";"Colisão frontal";"Com Vítimas Feridas";"Pleno dia";"Decrescente";"Céu Claro";"Simples";"Curva";"Não";2;0;0;1;1;0;1;2;-8,96151209;-36,74044906;"SPRF-PE";"DEL03-PE";"UOP01-DEL03-PE"
457944;2022-06-25;"sábado";"16:30:00";"SC";101;213,5;"PALHOCA";"Condutor deixou de manter distância do veículo da frente";"Engavetamento";"Com Vítimas Feridas";"Pleno dia";"Decrescente";"Céu Claro";"Múltipla";"Reta";"Sim";4;0;2;0;2;0;2;4;-27,64210679;-48,66850019;"SPRF-SC";"DEL01-SC";"UOP02-DEL01-SC"
457945;2022-06-25;"sábado";"16:00:00";"PR";376;434;"TIBAGI";"Ausência de reação do condutor";"Tombamento";"Com Vítimas Feridas";"Anoitecer";"Crescente";"Céu Claro";"Dupla";"Reta";"Não";1;0;1;0;0;0;1;1;-24,77005779;-50,52311897;"SPRF-PR";"DEL03-PR";"UOP02-DEL03-PR"
457948;2022-06-25;"sábado";"15:30:00";"PR";153;348,2;"REBOUCAS";"Transitar na contramão";"Colisão lateral sentido oposto";"Com Vítimas Feridas";"Pleno dia";"Crescente";"Céu Claro";"Simples";"Reta";"Não";4;0;1;1;0;2;2;3;-25,60454;-50,692332;"SPRF-PR";"DEL08-PR";"UOP02-DEL08-PR"
457950;2022-06-25;"sábado";"16:59:00";"PB";230;23;"JOAO PESSOA";"Reação tardia ou ineficiente do condutor";"Colisão traseira";"Com Vítimas Feridas";"Pleno dia";"Decrescente";"Sol";"Simples";"Reta";"Sim";2;0;1;0;0;1;1;2;-7,1562;-34,8574;"SPRF-PB";"DEL01-PB";"UOP01-DEL01-PB"
457951;2022-06-25;"sábado";"17:05:00";"PE";232;101,3;"BEZERROS";"Ingestão de álcool pelo condutor";"Colisão lateral mesmo sentido";"Sem Vítimas";"Pleno dia";"Decrescente";"Céu Claro";"Múltipla";"Reta";"Sim";6;0;0;0;6;0;0;2;-8,24194679;-35,75097313;"SPRF-PE";"DEL02-PE";"UOP02-DEL02PE"
457952;2022-06-25;"sábado";"17:40:00";"MG";381;2;"BETIM";"Avarias e/ou desgaste excessivo no pneu";"Tombamento";"Com Vítimas Feridas";"Anoitecer";"Crescente";"Céu Claro";"Dupla";"Curva";"Não";2;0;2;0;0;0;2;1;-19,96825;-44,198708;"SPRF-MG";"DEL01-MG";"UOP03-DEL01-MG"
457953;2022-06-25;"sábado";"17:00:00";"PE";232;79;"GRAVATA";"Manobra de mudança de faixa";"Colisão lateral mesmo sentido";"Com Vítimas Feridas";"Anoitecer";"Decrescente";"Céu Claro";"Múltipla";"Reta";"Sim";2;0;1;0;1;0;1;2;-8,19460572;-35,56074803;"SPRF-PE";"DEL02-PE";"UOP02-DEL02PE"
457954;2022-06-25;"sábado";"11:20:00";"DF";80;29,2;"BRASILIA";"Velocidade Incompatível";"Colisão com objeto";"Com Vítimas Feridas";"Pleno dia";"Decrescente";"Céu Claro";"Simples";"Declive;Curva";"Não";1;0;1;0;0;0;1;1;-15,590775;-48,195732;"SPRF-DF";"DEL03-DF";"UOP02-DEL03-DF"
457955;2022-06-25;"sábado";"16:05:00";"CE";116;375,6;"ICO";"Desrespeitar a preferência no cruzamento";"Colisão transversal";"Com Vítimas Feridas";"Pleno dia";"Crescente";"Sol";"Simples";"Reta";"Sim";3;0;0;2;0;1;2;2;-6,40571903;-38,8469696;"SPRF-CE";"DEL05-CE";"UOP01-DEL05-CE"
457956;2022-06-25;"sábado";"17:00:00";"MG";146;477,9;"BANDEIRA DO SUL";"Acessar a via sem observar a presença dos outros veículos";"Colisão transversal";"Sem Vítimas";"Pleno dia";"Crescente";"Céu Claro";"Simples";"Declive;Interseção de Vias;Curva";"Não";2;0;0;0;2;0;0;2;-21,74532672;-46,40414899;"SPRF-MG";"DEL09-MG";"UOP01-DEL09-MG"
457957;2022-06-25;"sábado";"16:50:00";"RJ";101;308;"SAO GONCALO";"Ausência de reação do condutor";"Colisão lateral mesmo sentido";"Sem Vítimas";"Anoitecer";"Decrescente";"Nublado";"Dupla";"Reta";"Sim";4;0;0;0;4;0;0;2;-22,79309326;-43,02479595;"SPRF-RJ";"DEL02-RJ";"UOP02-DEL02-RJ"
457958;2022-06-25;"sábado";"17:40:00";"RN";101;72,9;"NATAL";"Desrespeitar a preferência no cruzamento";"Colisão transversal";"Com Vítimas Feridas";"Plena Noite";"Decrescente";"Céu Claro";"Simples";"Interseção de Vias";"Não";3;0;0;2;1;0;2;2;-5,70457644;-35,26551431;"SPRF-RN";"DEL02-RN";"UOP01-DEL02-RN"
457960;2022-06-25;"sábado";"17:50:00";"SE";101;182,9;"UMBAUBA";"Ingestão de álcool pelo condutor";"Colisão frontal";"Com Vítimas Feridas";"Plena Noite";"Decrescente";"Céu Claro";"Simples";"Reta";"Sim";7;0;1;0;5;1;1;3;-11,37907036;-37,663064;"SPRF-SE";"DEL02-SE";"UOP03-DEL02-SE"
457961;2022-06-25;"sábado";"18:40:00";"SC";280;50,7;"GUARAMIRIM";"Desvio temporário";"Colisão com objeto";"Com Vítimas Feridas";"Plena Noite";"Crescente";"Chuva";"Simples";"Em Obras;Desvio Temporário";"Sim";2;0;1;1;0;0;2;1;-26,4619489;-48,94618404;"SPRF-SC";"DEL03-SC";"UOP03-DEL03-SC"
457962;2022-06-25;"sábado";"16:46:00";"DF";20;40;"BRASILIA";"Ingestão de álcool pelo condutor";"Saída de leito carroçável";"Com Vítimas Feridas";"Pleno dia";"Crescente";"Céu Claro";"Dupla";"Declive";"Sim";3;0;3;0;0;0;3;1;-15,581853;-47,512711;"SPRF-DF";"DEL02-DF";"UOP01-DEL02-DF"
457963;2022-06-25;"sábado";"17:41:00";"SP";116;223;"GUARULHOS";"Trafegar com motocicleta (ou similar) entre as faixas";"Colisão lateral mesmo sentido";"Com Vítimas Feridas";"Plena Noite";"Crescente";"Ignorado";"Múltipla";"Reta";"Sim";2;0;1;0;1;0;1;2;-23,47559815;-46,5246609;"SPRF-SP";"DEL01-SP";"UOP01-DEL01-SP"
457964;2022-06-25;"sábado";"18:15:00";"GO";40;10;"VALPARAISO DE GOIAS";"Manobra de mudança de faixa";"Colisão transversal";"Com Vítimas Feridas";"Pleno dia";"Crescente";"Céu Claro";"Múltipla";"Reta";"Sim";3;0;1;0;2;0;1;2;-16,131285;-47,957923;"SPRF-DF";"DEL01-DF";"UOP01-DEL01-DF"
457965;2022-06-25;"sábado";"17:29:00";"MT";70;530;"VARZEA GRANDE";"Carga excessiva e/ou mal acondicionada";"Colisão com objeto";"Com Vítimas Feridas";"Anoitecer";"Crescente";"Céu Claro";"Simples";"Reta";"Não";2;0;1;1;0;0;2;1;-15,65795;-56,21482;"SPRF-MT";"DEL01-MT";"UOP02-DEL01-MT"
457966;2022-06-25;"sábado";"16:00:00";"SP";116;225;"GUARULHOS";"Reação tardia ou ineficiente do condutor";"Colisão traseira";"Com Vítimas Feridas";"Pleno dia";"Decrescente";"Nublado";"Múltipla";"Declive;Reta";"Sim";1;0;1;0;0;0;1;1;-23,48586772;-46,54075317;"SPRF-SP";"DEL01-SP";"UOP01-DEL01-SP"
457967;2022-06-25;"sábado";"18:45:00";"RS";392;123;"CANGUCU";"Animais na Pista";"Atropelamento de Animal";"Com Vítimas Feridas";"Plena Noite";"Crescente";"Céu Claro";"Simples";"Reta";"Não";2;0;1;0;1;0;1;1;-31,37916505;-52,71298806;"SPRF-RS";"DEL07-RS";"UOP01-DEL07-RS"
457968;2022-06-25;"sábado";"18:50:00";"TO";153;334,1;"GUARAI";"Transitar no acostamento";"Atropelamento de Pedestre";"Com Vítimas Feridas";"Plena Noite";"Crescente";"Céu Claro";"Múltipla";"Reta";"Sim";2;0;0;1;0;1;1;2;-8,83572492;-48,51208448;"SPRF-TO";"DEL02-TO";"UOP02-DEL02-TO"
457969;2022-06-25;"sábado";"18:45:00";"RS";386;350,9;"ESTRELA";"Ingestão de álcool pelo condutor";"Saída de leito carroçável";"Sem Vítimas";"Pleno dia";"Decrescente";"Céu Claro";"Dupla";"Reta";"Sim";2;0;0;0;2;0;0;1;-29,483124;-51,954472;"SPRF-RS";"DEL04-RS";"UOP02-DEL04-RS"
457972;2022-06-25;"sábado";"18:45:00";"MG";262;799;"UBERABA";"Animais na Pista";"Saída de leito carroçável";"Com Vítimas Feridas";"Plena Noite";"Decrescente";"Céu Claro";"Simples";"Aclive";"Sim";1;0;1;0;0;0;1;1;-19,779129;-47,945794;"SPRF-MG";"DEL13-MG";"UOP01-DEL13-MG"
457974;2022-06-25;"sábado";"17:40:00";"PR";277;49;"MORRETES";"Ausência de reação do condutor";"Colisão traseira";"Sem Vítimas";"Plena Noite";"Crescente";"Garoa/Chuvisco";"Dupla";"Aclive";"Não";2;0;0;0;2;0;0;2;-25,59243579;-48,89076291;"SPRF-PR";"DEL01-PR";"UOP01-DEL01-PR"
457975;2022-06-25;"sábado";"18:20:00";"SC";101;97,8;"BALNEARIO PICARRAS";"Condutor deixou de manter distância do veículo da frente";"Colisão traseira";"Com Vítimas Feridas";"Plena Noite";"Decrescente";"Nublado";"Dupla";"Reta;Aclive";"Sim";2;0;1;0;1;0;1;2;-26,73841872;-48,6987555;"SPRF-SC";"DEL03-SC";"UOP02-DEL03-SC"
457977;2022-06-25;"sábado";"18:00:00";"PR";369;174,4;"ROLANDIA";"Ultrapassagem Indevida";"Colisão frontal";"Com Vítimas Fatais";"Anoitecer";"Crescente";"Céu Claro";"Simples";"Reta";"Sim";3;1;0;0;1;1;0;3;-23,31806024;-51,37895823;"SPRF-PR";"DEL07-PR";"UOP01-DEL07-PR"
457978;2022-06-25;"sábado";"19:00:00";"PR";116;126;"FAZENDA RIO GRANDE";"Ingestão de álcool pelo condutor";"Engavetamento";"Com Vítimas Feridas";"Plena Noite";"Decrescente";"Céu Claro";"Múltipla";"Interseção de Vias";"Sim";5;0;1;0;4;0;1;3;-25,6410689;-49,31289738;"SPRF-PR";"DEL01-PR";"UOP03-DEL01-PR"
457980;2022-06-25;"sábado";"19:45:00";"RS";101;47;"TERRA DE AREIA";"Reação tardia ou ineficiente do condutor";"Colisão traseira";"Com Vítimas Feridas";"Plena Noite";"Crescente";"Céu Claro";"Simples";"Reta";"Sim";4;0;1;0;3;0;1;2;-29,5843029;-50,06892213;"SPRF-RS";"DEL03-RS";"UOP02-DEL03-RS"
457982;2022-06-25;"sábado";"19:00:00";"PR";369;18,4;"CAMBARA";"Condutor deixou de manter distância do veículo da frente";"Colisão traseira";"Com Vítimas Feridas";"Plena Noite";"Crescente";"Céu Claro";"Simples";"Aclive";"Sim";2;0;1;0;1;0;1;2;-23,03582238;-50,06469727;"SPRF-PR";"DEL07-PR";"UOP01-DEL07-PR"
457983;2022-06-25;"sábado";"18:25:00";"RO";364;434,3;"JARU";"Ultrapassagem Indevida";"Colisão lateral sentido oposto";"Com Vítimas Feridas";"Plena Noite";"Decrescente";"Céu Claro";"Simples";"Reta";"Não";6;0;1;1;4;0;2;2;-10,44457274;-62,46568412;"SPRF-RO";"DEL03-RO";"UOP02-DEL03-RO"
457984;2022-06-25;"sábado";"19:00:00";"PR";277;10;"PARANAGUA";"Falta de elemento de contenção que evite a saída do leito carroçável";"Saída de leito carroçável";"Sem Vítimas";"Plena Noite";"Crescente";"Céu Claro";"Dupla";"Reta";"Não";1;0;0;0;0;1;0;1;-25,568198;-48,615292;"SPRF-PR";"DEL01-PR";"UOP05-DEL01-PR"
457985;2022-06-25;"sábado";"20:00:00";"ES";101;62,8;"SAO MATEUS";"Transitar na contramão";"Colisão frontal";"Com Vítimas Fatais";"Plena Noite";"Crescente";"Céu Claro";"Simples";"Interseção de Vias;Reta";"Não";2;1;0;1;0;0;1;2;-18,69830807;-39,86481056;"SPRF-ES";"DEL04-ES";"UOP02-DEL04-ES"
457986;2022-06-25;"sábado";"19:00:00";"MG";381;455;"BELO HORIZONTE";"Conversão proibida";"Colisão transversal";"Com Vítimas Feridas";"Plena Noite";"Decrescente";"Céu Claro";"Simples";"Reta";"Sim";3;0;1;0;2;0;1;2;-19,85777408;-43,90468298;"SPRF-MG";"DEL01-MG";"UOP01-DEL01-MG"
457987;2022-06-25;"sábado";"20:22:00";"RS";287;248,9;"SANTA MARIA";"Velocidade Incompatível";"Colisão transversal";"Com Vítimas Feridas";"Plena Noite";"Crescente";"Nublado";"Múltipla";"Reta";"Sim";2;0;1;1;0;0;2;2;-29,69539705;-53,85437965;"SPRF-RS";"DEL09-RS";"UOP01-DEL09-RS"
457988;2022-06-25;"sábado";"20:10:00";"GO";60;387,3;"RIO VERDE";"Reação tardia ou ineficiente do condutor";"Colisão com objeto";"Sem Vítimas";"Plena Noite";"Crescente";"Céu Claro";"Dupla";"Curva";"Sim";2;0;0;0;0;2;0;2;-17,8098;-50,9267;"SPRF-GO";"DEL04-GO";"UOP01-DEL04-GO"
457989;2022-06-25;"sábado";"19:30:00";"MA";135;2,3;"SAO LUIS";"Reação tardia ou ineficiente do condutor";"Colisão lateral mesmo sentido";"Sem Vítimas";"Plena Noite";"Crescente";"Céu Claro";"Dupla";"Reta";"Não";3;0;0;0;3;0;0;2;-2,59806699;-44,24573511;"SPRF-MA";"DEL01-MA";"UOP01-DEL01-MA"
457992;2022-06-25;"sábado";"19:30:00";"RR";401;2,9;"CANTA";"Ingestão de álcool pelo condutor";"Colisão com objeto";"Com Vítimas Feridas";"Plena Noite";"Decrescente";"Nublado";"Simples";"Reta;Ponte";"Não";1;0;1;0;0;0;1;1;2,79809718;-60,6745759;"SPRF-RR";"DEL01-RR";"UOP01-DEL01-RR"
457993;2022-06-25;"sábado";"20:40:00";"PB";101;113;"ALHANDRA";"Ausência de reação do condutor";"Saída de leito carroçável";"Com Vítimas Feridas";"Plena Noite";"Crescente";"Céu Claro";"Dupla";"Retorno Regulamentado";"Não";1;0;0;1;0;0;1;1;-7,37852293;-34,95673822;"SPRF-PB";"DEL01-PB";"UOP02-DEL01-PB"
457997;2022-06-25;"sábado";"21:00:00";"ES";101;298,5;"VIANA";"Ausência de reação do condutor";"Colisão traseira";"Sem Vítimas";"Plena Noite";"Decrescente";"Céu Claro";"Dupla";"Retorno Regulamentado";"Sim";2;0;0;0;2;0;0;2;-20,35374444;-40,4156433;"SPRF-ES";"DEL01-ES";"UOP01-DEL01-ES"
457999;2022-06-25;"sábado";"21:40:00";"RS";285;216;"CASEIROS";"Ingestão de álcool pelo condutor";"Saída de leito carroçável";"Sem Vítimas";"Plena Noite";"Decrescente";"Nublado";"Simples";"Reta";"Não";1;0;0;0;1;0;0;1;-28,267836;-51,672283;"SPRF-RS";"DEL08-RS";"UOP05-DEL08-RS"
458000;2022-06-25;"sábado";"22:00:00";"BA";324;517,9;"FEIRA DE SANTANA";"Ausência de reação do condutor";"Colisão transversal";"Com Vítimas Feridas";"Plena Noite";"Decrescente";"Céu Claro";"Simples";"Reta";"Sim";5;0;2;1;1;1;3;2;-12,258277;-38,932059;"SPRF-BA";"DEL02-BA";"UOP01-DEL02-BA"
458001;2022-06-25;"sábado";"17:00:00";"BA";101;895,6;"CARAVELAS";"Ausência de reação do condutor";"Saída de leito carroçável";"Com Vítimas Feridas";"Pleno dia";"Decrescente";"Céu Claro";"Simples";"Reta";"Não";4;0;2;0;2;0;2;1;-17,79641959;-39,7808075;"SPRF-BA";"DEL09-BA";"UOP02-DEL09-BA"
458002;2022-06-25;"sábado";"20:00:00";"RS";290;574;"ALEGRETE";"Ausência de sinalização";"Saída de leito carroçável";"Com Vítimas Feridas";"Plena Noite";"Decrescente";"Nublado";"Dupla";"Curva;Rotatória;Interseção de Vias";"Sim";1;0;1;0;0;0;1;1;-29,82198937;-55,72172713;"SPRF-RS";"DEL13-RS";"UOP02-DEL13-RS"
458003;2022-06-25;"sábado";"22:28:00";"TO";153;333,8;"GUARAI";"Ausência de reação do condutor";"Saída de leito carroçável";"Com Vítimas Feridas";"Plena Noite";"Crescente";"Ignorado";"Simples";"Interseção de Vias";"Sim";3;0;0;3;0;0;3;1;-8,833825;-48,512308;"SPRF-TO";"DEL02-TO";"UOP02-DEL02-TO"
458007;2022-06-25;"sábado";"22:00:00";"PR";277;645,4;"CEU AZUL";"Ingestão de álcool pelo condutor";"Colisão frontal";"Sem Vítimas";"Plena Noite";"Decrescente";"Nevoeiro/Neblina";"Simples";"Curva";"Não";2;0;0;0;2;0;0;2;-25,173714;-53,895862;"SPRF-PR";"DEL05-PR";"UOP02-DEL05-PR"
458008;2022-06-25;"sábado";"21:42:00";"PE";408;64;"CARPINA";"Ingestão de álcool pelo condutor";"Colisão lateral sentido oposto";"Com Vítimas Feridas";"Plena Noite";"Decrescente";"Céu Claro";"Dupla";"Rotatória";"Sim";3;0;1;0;2;0;1;2;-7,847067;-35,23867;"SPRF-PE";"DEL01-PE";"UOP01-DEL01-PE"
458009;2022-06-25;"sábado";"23:00:00";"RJ";116;174;"SAO JOAO DE MERITI";"Avarias e/ou desgaste excessivo no pneu";"Queda de ocupante de veículo";"Com Vítimas Feridas";"Plena Noite";"Decrescente";"Chuva";"Dupla";"Aclive;Reta";"Sim";2;0;2;0;0;0;2;1;-22,79423806;-43,36403759;"SPRF-RJ";"DEL01-RJ";"UOP02-DEL01-RJ"
458010;2022-06-25;"sábado";"19:20:00";"MG";116;11,3;"DIVISA ALEGRE";"Reação tardia ou ineficiente do condutor";"Queda de ocupante de veículo";"Com Vítimas Fatais";"Plena Noite";"Decrescente";"Céu Claro";"Simples";"Aclive;Curva";"Não";4;1;0;0;2;1;0;2;-15,79280203;-41,34152578;"SPRF-BA";"DEL08-BA";"UOP03-DEL08-BA"
458012;2022-06-25;"sábado";"15:30:00";"PR";277;206,4;"PALMEIRA";"Reação tardia ou ineficiente do condutor";"Saída de leito carroçável";"Com Vítimas Feridas";"Pleno dia";"Crescente";"Nublado";"Simples";"Curva";"Não";1;0;0;1;0;0;1;1;-25,46468901;-50,25988;"SPRF-PR";"DEL08-PR";"UOP02-DEL08-PR"
458013;2022-06-25;"sábado";"23:30:00";"CE";222;300,8;"TIANGUA";"Ultrapassagem Indevida";"Colisão lateral sentido oposto";"Com Vítimas Feridas";"Plena Noite";"Crescente";"Céu Claro";"Simples";"Curva";"Não";3;0;1;1;1;0;2;2;-3,65653078;-40,9347551;"SPRF-CE";"DEL04-CE";"UOP02-DEL04-CE"
458014;2022-06-26;"domingo";"00:10:00";"RJ";101;240;"SILVA JARDIM";"Chuva";"Saída de leito carroçável";"Com Vítimas Feridas";"Plena Noite";"Crescente";"Chuva";"Dupla";"Reta";"Não";1;0;0;1;0;0;1;1;-22,63006139;-42,43638279;"SPRF-RJ";"DEL02-RJ";"UOP03-DEL02-RJ"
458015;2022-06-25;"sábado";"21:50:00";"MT";70;278;"PRIMAVERA DO LESTE";"Desrespeitar a preferência no cruzamento";"Colisão transversal";"Com Vítimas Feridas";"Plena Noite";"Decrescente";"Nublado";"Simples";"Reta";"Sim";2;0;2;0;0;0;2;1;-15,55739918;-54,27981896;"SPRF-MT";"DEL05-MT";"UOP01-DEL05-MT"
458016;2022-06-25;"sábado";"23:50:00";"SC";101;95;"BALNEARIO PICARRAS";"Ausência de reação do condutor";"Capotamento";"Com Vítimas Feridas";"Plena Noite";"Decrescente";"Nublado";"Dupla";"Reta";"Não";3;0;2;0;1;0;2;1;-26,70876413;-48,70221065;"SPRF-SC";"DEL03-SC";"UOP02-DEL03-SC"
458017;2022-06-25;"sábado";"23:10:00";"SC";282;383;"HERVAL DOESTE";"Ingestão de álcool pelo condutor";"Colisão frontal";"Com Vítimas Feridas";"Plena Noite";"Decrescente";"Céu Claro";"Simples";"Curva";"Não";2;0;1;0;1;0;1;2;-27,200508;-51,507919;"SPRF-SC";"DEL07-SC";"UOP05-DEL07-SC"
458019;2022-06-26;"domingo";"00:50:00";"RS";287;247,4;"SANTA MARIA";"Ingestão de álcool pelo condutor";"Tombamento";"Com Vítimas Feridas";"Plena Noite";"Crescente";"Nublado";"Dupla";"Reta";"Sim";2;0;2;0;0;0;2;1;-29,69778289;-53,84607553;"SPRF-RS";"DEL09-RS";"UOP01-DEL09-RS"
458023;2022-06-25;"sábado";"23:30:00";"MT";163;819;"SINOP";"Ingestão de álcool pelo condutor";"Saída de leito carroçável";"Sem Vítimas";"Plena Noite";"Decrescente";"Céu Claro";"Simples";"Reta";"Não";1;0;0;0;1;0;0;1;-12,13028999;-55,51526681;"SPRF-MT";"DEL06-MT";"UOP01-DEL06-MT"
458024;2022-06-25;"sábado";"22:00:00";"MG";365;760,2;"ITUIUTABA";"Ausência de reação do condutor";"Colisão com objeto";"Com Vítimas Feridas";"Pleno dia";"Decrescente";"Céu Claro";"Simples";"Reta;Declive";"Não";1;0;1;0;0;0;1;1;-18,96544435;-49,50864001;"SPRF-MG";"DEL15-MG";"UOP03-DEL15-MG"
458025;2022-06-26;"domingo";"00:30:00";"PI";316;312,3;"PICOS";"Reação tardia ou ineficiente do condutor";"Colisão com objeto";"Com Vítimas Feridas";"Plena Noite";"Decrescente";"Céu Claro";"Simples";"Reta";"Sim";2;0;1;0;0;1;1;2;-7,08151555;-41,45584702;"SPRF-PI";"DEL04-PI";"UOP01-DEL04-PI"
458026;2022-06-26;"domingo";"00:50:00";"DF";20;2;"BRASILIA";"Ingestão de álcool pelo condutor";"Colisão traseira";"Com Vítimas Feridas";"Plena Noite";"Decrescente";"Céu Claro";"Dupla";"Reta;Aclive";"Sim";3;0;2;0;0;1;2;3;-15,682896;-47,840729;"SPRF-DF";"DEL02-DF";"UOP01-DEL02-DF"
458027;2022-06-26;"domingo";"01:43:00";"ES";101;285;"CARIACICA";"Acessar a via sem observar a presença dos outros veículos";"Colisão transversal";"Com Vítimas Feridas";"Plena Noite";"Crescente";"Céu Claro";"Dupla";"Interseção de Vias";"Sim";4;0;1;0;2;1;1;3;-20,25902175;-40,37753412;"SPRF-ES";"DEL01-ES";"UOP01-DEL01-ES"
458028;2022-06-26;"domingo";"01:39:00";"RS";116;143,2;"CAXIAS DO SUL";"Reação tardia ou ineficiente do condutor";"Tombamento";"Com Vítimas Feridas";"Plena Noite";"Crescente";"Céu Claro";"Dupla";"Reta";"Sim";4;0;2;0;2;0;2;1;-29,1201739;-51,12260651;"SPRF-RS";"DEL05-RS";"UOP01-DEL05-RS"