"id";"data_inversa";"dia_semana";"horario";"uf";"br";"km";"municipio";"causa_acidente";"tipo_acidente";"classificacao_acidente";"fase_dia";"sentido_via";"condicao_metereologica";"tipo_pista";"tracado_via";"uso_solo";"pessoas";"mortos";"feridos_leves";"feridos_graves";"ilesos";"ignorados";"feridos";"veiculos";"latitude";"longitude";"regional";"delegacia";"uop"
458029;2022-06-26;"domingo";"01:00:00";"SP";381;35;"ATIBAIA";"Transitar no acostamento";"Colisão traseira";"Com Vítimas Feridas";"Plena Noite";"Crescente";"Céu Claro";"Dupla";"Reta";"Não";2;0;1;1;0;0;2;2;-23,088586;-46,571798;"SPRF-SP";"DEL03-SP";"UOP01-DEL03-SP"
458030;2022-06-26;"domingo";"01:00:00";"SP";116;98;"PINDAMONHANGABA";"Ausência de reação do condutor";"Saída de leito carroçável";"Sem Vítimas";"Plena Noite";"Decrescente";"Céu Claro";"Dupla";"Reta";"Não";1;0;0;0;0;1;0;1;-22,97805164;-45,45583318;"SPRF-SP";"DEL08-SP";"UOP01-DEL08-SP"
458031;2022-06-26;"domingo";"00:10:00";"PR";373;272,9;"PRUDENTOPOLIS";"Ingestão de álcool pelo condutor";"Saída de leito carroçável";"Com Vítimas Feridas";"Plena Noite";"Crescente";"Céu Claro";"Simples";"Curva";"Não";1;0;0;1;0;0;1;1;-25,24146015;-51,04379195;"SPRF-PR";"DEL08-PR";"UOP01-DEL08-PR"
458032;2022-06-26;"domingo";"02:40:00";"TO";153;248;"COLINAS DO TOCANTINS";"Velocidade Incompatível";"Colisão traseira";"Com Vítimas Feridas";"Plena Noite";"Crescente";"Céu Claro";"Múltipla";"Reta";"Sim";2;0;0;2;0;0;2;1;-8,06220097;-48,46672098;"SPRF-TO";"DEL02-TO";"UOP02-DEL02-TO"
458033;2022-06-25;"sábado";"23:30:00";"SP";381;89;"GUARULHOS";"Reação tardia ou ineficiente do condutor";"Colisão lateral mesmo sentido";"Com Vítimas Feridas";"Plena Noite";"Decrescente";"Céu Claro";"Múltipla";"Reta";"Sim";3;0;1;0;1;1;1;3;-23,48469299;-46,55983288;"SPRF-SP";"DEL03-SP";"UOP01-DEL03-SP"
458034;2022-06-26;"domingo";"02:50:00";"PR";476;122;"COLOMBO";"Ingestão de álcool pelo condutor";"Saída de leito carroçável";"Com Vítimas Feridas";"Plena Noite";"Crescente";"Nublado";"Múltipla";"Reta";"Sim";1;0;1;0;0;0;1;1;-25,385775;-49,203377;"SPRF-PR";"DEL01-PR";"UOP01-DEL01-PR"
458035;2022-06-26;"domingo";"02:30:00";"GO";60;39;"ALEXANIA";"Ausência de reação do condutor";"Colisão com objeto";"Com Vítimas Feridas";"Plena Noite";"Decrescente";"Céu Claro";"Dupla";"Declive;Curva";"Não";1;0;0;1;0;0;1;1;-16,1143;-48,5569;"SPRF-DF";"DEL03-DF";"UOP01-DEL03-DF"
458036;2022-06-26;"domingo";"03:20:00";"RJ";101;279;"TANGUA";"Condutor Dormindo";"Saída de leito carroçável";"Com Vítimas Fatais";"Plena Noite";"Crescente";"Céu Claro";"Dupla";"Reta";"Não";5;2;0;3;0;0;3;1;-22,7383655;-42,76745405;"SPRF-RJ";"DEL02-RJ";"UOP03-DEL02-RJ"
458037;2022-06-26;"domingo";"03:30:00";"MG";40;550,2;"NOVA LIMA";"Ingestão de álcool pelo condutor";"Saída de leito carroçável";"Sem Vítimas";"Amanhecer";"Decrescente";"Céu Claro";"Dupla";"Reta";"Sim";1;0;0;0;0;1;0;1;-20,0477638;-43,96439441;"SPRF-MG";"DEL01-MG";"UOP02-DEL01-MG"
458038;2022-06-26;"domingo";"03:00:00";"MG";40;283,5;"TRES MARIAS";"Animais na Pista";"Atropelamento de Animal";"Com Vítimas Feridas";"Plena Noite";"Crescente";"Céu Claro";"Simples";"Reta";"Não";1;0;0;1;0;0;1;1;-18,25100046;-45,19333595;"SPRF-MG";"DEL14-MG";"UOP02-DEL14-MG"
458039;2022-06-26;"domingo";"02:30:00";"RJ";40;122,5;"DUQUE DE CAXIAS";"Ausência de reação do condutor";"Colisão traseira";"Com Vítimas Feridas";"Plena Noite";"Decrescente";"Chuva";"Dupla";"Reta";"Sim";2;0;2;0;0;0;2;2;-22,79083113;-43,28611569;"SPRF-RJ";"DEL01-RJ";"UOP01-DEL01-RJ"
458040;2022-06-26;"domingo";"01:20:00";"SC";101;378,3;"ICARA";"Ingestão de álcool pelo condutor";"Colisão traseira";"Com Vítimas Feridas";"Pleno dia";"Decrescente";"Nublado";"Múltipla";"Reta;Interseção de Vias";"Sim";3;0;2;0;1;0;2;2;-28,741853;-49,251657;"SPRF-SC";"DEL02-SC";"UOP02-DEL02-SC"
458041;2022-06-26;"domingo";"03:00:00";"RN";226;149,9;"CURRAIS NOVOS";"Avarias e/ou desgaste excessivo no pneu";"Tombamento";"Com Vítimas Feridas";"Plena Noite";"Crescente";"Céu Claro";"Simples";"Reta";"Não";2;0;2;0;0;0;2;1;-6,20508281;-36,27672471;"SPRF-RN";"DEL03-RN";"UOP02-DEL03-RN"
458042;2022-06-26;"domingo";"04:00:00";"MG";40;521;"CONTAGEM";"Reação tardia ou ineficiente do condutor";"Capotamento";"Sem Vítimas";"Plena Noite";"Decrescente";"Céu Claro";"Dupla";"Curva";"Não";1;0;0;0;0;1;0;1;-19,85651501;-44,07213222;"SPRF-MG";"DEL01-MG";"UOP02-DEL01-MG"
458043;2022-06-26;"domingo";"03:20:00";"MG";381;494,8;"BETIM";"Condutor Dormindo";"Capotamento";"Com Vítimas Feridas";"Plena Noite";"Decrescente";"Céu Claro";"Dupla";"Reta;Declive";"Sim";1;0;1;0;0;0;1;1;-19,97131863;-44,18256283;"SPRF-MG";"DEL01-MG";"UOP03-DEL01-MG"
458044;2022-06-26;"domingo";"02:40:00";"SC";153;67,7;"IRANI";"Transitar na contramão";"Colisão frontal";"Sem Vítimas";"Plena Noite";"Crescente";"Nevoeiro/Neblina";"Simples";"Reta";"Não";2;0;0;0;1;1;0;2;-27,026777;-51,884796;"SPRF-SC";"DEL07-SC";"UOP04-DEL07-SC"
458045;2022-06-26;"domingo";"04:00:00";"RS";392;117;"CANGUCU";"Desrespeitar a preferência no cruzamento";"Colisão transversal";"Sem Vítimas";"Plena Noite";"Decrescente";"Céu Claro";"Simples";"Rotatória";"Sim";2;0;0;0;2;0;0;2;-31,41369338;-52,67628308;"SPRF-RS";"DEL07-RS";"UOP01-DEL07-RS"
458046;2022-06-26;"domingo";"03:56:00";"PE";232;86,7;"GRAVATA";"Reação tardia ou ineficiente do condutor";"Saída de leito carroçável";"Com Vítimas Feridas";"Plena Noite";"Decrescente";"Céu Claro";"Dupla";"Reta;Retorno Regulamentado";"Não";2;0;1;0;1;0;1;1;-8,21422367;-35,62856555;"SPRF-PE";"DEL02-PE";"UOP02-DEL02PE"
458047;2022-06-26;"domingo";"03:20:00";"PE";424;93;"GARANHUNS";"Neblina";"Eventos atípicos";"Sem Vítimas";"Plena Noite";"Crescente";"Nevoeiro/Neblina";"Simples";"Curva";"Sim";13;0;0;0;13;0;0;1;-8,907125;-36,487206;"SPRF-PE";"DEL03-PE";"UOP01-DEL03-PE"
458048;2022-06-26;"domingo";"04:15:00";"SP";153;267,5;"MARILIA";"Reação tardia ou ineficiente do condutor";"Colisão com objeto";"Com Vítimas Feridas";"Plena Noite";"Crescente";"Céu Claro";"Simples";"Reta";"Não";3;0;2;0;1;0;2;1;-22,32140001;-49,89833888;"SPRF-SP";"DEL07-SP";"UOP02-DEL07-SP"
458049;2022-06-26;"domingo";"03:30:00";"MT";163;930;"ITAUBA";"Ultrapassagem Indevida";"Colisão lateral sentido oposto";"Com Vítimas Feridas";"Plena Noite";"Decrescente";"Céu Claro";"Simples";"Reta";"Não";4;0;0;1;2;1;1;3;-11,17218194;-55,31169576;"SPRF-MT";"DEL06-MT";"NPF/DEL06-MT"
458050;2022-06-26;"domingo";"05:30:00";"SP";116;146;"SAO JOSE DOS CAMPOS";"Ausência de reação do condutor";"Queda de ocupante de veículo";"Com Vítimas Feridas";"Amanhecer";"Crescente";"Céu Claro";"Dupla";"Declive";"Sim";1;0;1;0;0;0;1;1;-23,19122919;-45,86327591;"SPRF-SP";"DEL02-SP";"UOP01-DEL02-SP"
458051;2022-06-26;"domingo";"04:50:00";"RN";226;246,9;"JUCURUTU";"Transitar na contramão";"Colisão frontal";"Com Vítimas Feridas";"Amanhecer";"Crescente";"Céu Claro";"Simples";"Reta";"Não";2;0;0;2;0;0;2;2;-6,02803988;-37,0211299;"SPRF-RN";"DEL03-RN";"UOP01-DEL03-RN"
458052;2022-06-25;"sábado";"20:55:00";"RJ";393;106;"SAPUCAIA";"Reação tardia ou ineficiente do condutor";"Colisão frontal";"Sem Vítimas";"Plena Noite";"Decrescente";"Céu Claro";"Simples";"Curva";"Sim";3;0;0;0;1;2;0;3;-21,87764485;-42,67025797;"SPRF-RJ";"DEL05-RJ";"UOP01-DEL05-RJ"
458054;2022-06-26;"domingo";"06:20:00";"ES";101;269;"SERRA";"Condutor Dormindo";"Queda de ocupante de veículo";"Com Vítimas Feridas";"Pleno dia";"Decrescente";"Céu Claro";"Múltipla";"Reta";"Sim";1;0;0;1;0;0;1;1;-20,21740496;-40,26990578;"SPRF-ES";"DEL02-ES";"UOP01-DEL02-ES"
458057;2022-06-26;"domingo";"03:10:00";"MS";158;5;"CASSILANDIA";"Demais falhas na via";"Tombamento";"Com Vítimas Feridas";"Plena Noite";"Decrescente";"Céu Claro";"Simples";"Reta";"Sim";2;0;0;1;0;1;1;2;-19,12678656;-51,71566473;"SPRF-MS";"DEL08-MS";"UOP01-DEL08-MS"
458058;2022-06-26;"domingo";"05:50:00";"SP";116;124,6;"CACAPAVA";"Ausência de reação do condutor";"Colisão traseira";"Sem Vítimas";"Amanhecer";"Crescente";"Nublado";"Dupla";"Reta";"Não";2;0;0;0;1;1;0;2;-23,093116;-45,677904;"SPRF-SP";"DEL02-SP";"UOP02-DEL02-SP"
458059;2022-06-26;"domingo";"05:00:00";"PR";376;71;"GUAIRACA";"Condutor Dormindo";"Colisão lateral mesmo sentido";"Com Vítimas Feridas";"Plena Noite";"Crescente";"Céu Claro";"Simples";"Reta";"Não";2;0;1;0;1;0;1;2;-22,93977297;-52,73038499;"SPRF-PR";"DEL09-PR";"UOP02-DEL09-PR"
458060;2022-06-26;"domingo";"06:30:00";"MG";365;696,5;"MONTE ALEGRE DE MINAS";"Ausência de reação do condutor";"Saída de leito carroçável";"Com Vítimas Feridas";"Pleno dia";"Crescente";"Céu Claro";"Dupla";"Reta";"Não";1;0;1;0;0;0;1;1;-18,87873931;-48,96010399;"SPRF-MG";"DEL15-MG";"UOP03-DEL15-MG"
458061;2022-06-25;"sábado";"20:50:00";"MG";262;7;"MARTINS SOARES";"Transitar na contramão";"Colisão transversal";"Com Vítimas Feridas";"Plena Noite";"Decrescente";"Céu Claro";"Simples";"Reta";"Não";2;0;1;0;1;0;1;2;-20,25582453;-41,81690282;"SPRF-MG";"DEL06-MG";"UOP03-DEL06-MG"
458062;2022-06-26;"domingo";"05:30:00";"SC";470;91,8;"ASCURRA";"Ingestão de álcool pelo condutor";"Colisão com objeto";"Com Vítimas Feridas";"Amanhecer";"Crescente";"Céu Claro";"Simples";"Ponte";"Não";1;0;1;0;0;0;1;1;-26,97769;-49,369198;"SPRF-SC";"DEL04-SC";"UOP01-DEL04-SC"
458063;2022-06-26;"domingo";"05:30:00";"MG";116;731,9;"LARANJAL";"Reação tardia ou ineficiente do condutor";"Saída de leito carroçável";"Com Vítimas Feridas";"Amanhecer";"Crescente";"Céu Claro";"Simples";"Reta";"Não";5;0;2;0;3;0;2;1;-21,32252471;-42,4490193;"SPRF-MG";"DEL07-MG";"UOP02-DEL07-MG"
458065;2022-06-26;"domingo";"06:00:00";"SC";470;165,7;"TROMBUDO CENTRAL";"Velocidade Incompatível";"Saída de leito carroçável";"Com Vítimas Feridas";"Amanhecer";"Crescente";"Garoa/Chuvisco";"Simples";"Curva";"Não";1;0;0;1;0;0;1;1;-27,27663;-49,855;"SPRF-SC";"DEL04-SC";"UOP02-DEL04-SC"
458066;2022-06-26;"domingo";"06:30:00";"RJ";101;417;"MANGARATIBA";"Reação tardia ou ineficiente do condutor";"Saída de leito carroçável";"Sem Vítimas";"Plena Noite";"Crescente";"Chuva";"Simples";"Aclive";"Não";1;0;0;0;0;1;0;1;-22,91293797;-43,89732384;"SPRF-RJ";"DEL03-RJ";"UOP02-DEL03-RJ"
458067;2022-06-26;"domingo";"05:33:00";"PR";277;670;"MEDIANEIRA";"Reação tardia ou ineficiente do condutor";"Colisão traseira";"Sem Vítimas";"Amanhecer";"Crescente";"Céu Claro";"Dupla";"Reta";"Sim";3;0;0;0;3;0;0;2;-25,28037085;-54,07911108;"SPRF-PR";"DEL05-PR";"UOP02-DEL05-PR"
458068;2022-06-26;"domingo";"04:00:00";"PB";230;466,7;"SOUSA";"Conversão proibida";"Colisão frontal";"Com Vítimas Feridas";"Plena Noite";"Decrescente";"Céu Claro";"Simples";"Reta";"Não";2;0;0;1;0;1;1;2;-6,7809;-38,2521;"SPRF-PB";"DEL03-PB";"UOP03-DEL03-PB"
458070;2022-06-26;"domingo";"06:30:00";"SP";116;227;"SAO PAULO";"Ingestão de álcool pelo condutor";"Colisão lateral mesmo sentido";"Com Vítimas Feridas";"Amanhecer";"Decrescente";"Nublado";"Múltipla";"Reta";"Sim";10;0;1;0;9;0;1;3;-23,49659264;-46,55648754;"SPRF-SP";"DEL01-SP";"UOP01-DEL01-SP"
458072;2022-06-26;"domingo";"05:30:00";"PR";277;669,5;"MEDIANEIRA";"Ingestão de álcool pelo condutor";"Saída de leito carroçável";"Sem Vítimas";"Plena Noite";"Decrescente";"Céu Claro";"Dupla";"Reta";"Sim";1;0;0;0;1;0;0;1;-25,27562214;-54,0709859;"SPRF-PR";"DEL05-PR";"UOP02-DEL05-PR"
458073;2022-06-26;"domingo";"04:00:00";"GO";70;470;"ARAGARCAS";"Participar de racha";"Queda de ocupante de veículo";"Com Vítimas Feridas";"Plena Noite";"Crescente";"Céu Claro";"Dupla";"Interseção de Vias;Reta";"Sim";1;0;0;1;0;0;1;1;-15,89792692;-52,23212332;"SPRF-GO";"DEL04-GO";"UOP01-DEL04-GO"
458075;2022-06-26;"domingo";"08:00:00";"MG";153;132;"PRATA";"Reação tardia ou ineficiente do condutor";"Colisão lateral sentido oposto";"Com Vítimas Feridas";"Pleno dia";"Crescente";"Céu Claro";"Simples";"Reta";"Não";4;0;2;0;2;0;2;2;-19,49973068;-48,85139954;"SPRF-MG";"DEL15-MG";"UOP03-DEL15-MG"
458076;2022-06-26;"domingo";"03:20:00";"BA";30;345,4;"BRUMADO";"Transitar na contramão";"Colisão frontal";"Com Vítimas Fatais";"Plena Noite";"Decrescente";"Céu Claro";"Simples";"Reta;Aclive";"Não";3;1;0;1;1;0;1;2;-14,24757162;-41,85997023;"SPRF-BA";"DEL08-BA";"UOP01-DEL08-BA"
458078;2022-06-26;"domingo";"08:00:00";"BA";324;608;"SIMOES FILHO";"Condutor deixou de manter distância do veículo da frente";"Colisão traseira";"Sem Vítimas";"Pleno dia";"Crescente";"Céu Claro";"Dupla";"Aclive";"Não";4;0;0;0;4;0;0;4;-12,80271203;-38,40391318;"SPRF-BA";"DEL01-BA";"UOP01-DEL01-BA"
458079;2022-06-26;"domingo";"06:45:00";"SC";101;371;"ICARA";"Ausência de reação do condutor";"Saída de leito carroçável";"Sem Vítimas";"Amanhecer";"Crescente";"Céu Claro";"Dupla";"Reta";"Não";2;0;0;0;2;0;0;1;-28,70403682;-49,2008731;"SPRF-SC";"DEL02-SC";"UOP01-DEL02-SC"
458080;2022-06-26;"domingo";"07:40:00";"SP";488;2;"APARECIDA";"Acessar a via sem observar a presença dos outros veículos";"Colisão transversal";"Com Vítimas Feridas";"Pleno dia";"Crescente";"Céu Claro";"Simples";"Rotatória";"Sim";3;0;1;0;2;0;1;2;-22,849216;-45,236801;"SPRF-SP";"DEL08-SP";"UOP01-DEL08-SP"
458081;2022-06-26;"domingo";"07:57:00";"BA";324;607;"SIMOES FILHO";"Condutor deixou de manter distância do veículo da frente";"Colisão com objeto";"Com Vítimas Feridas";"Pleno dia";"Crescente";"Céu Claro";"Dupla";"Aclive";"Não";2;0;2;0;0;0;2;1;-12,80271203;-38,40391318;"SPRF-BA";"DEL01-BA";"UOP01-DEL01-BA"
458082;2022-06-25;"sábado";"20:50:00";"GO";40;17;"LUZIANIA";"Ausência de reação do condutor";"Saída de leito carroçável";"Sem Vítimas";"Plena Noite";"Crescente";"Céu Claro";"Dupla";"Aclive";"Sim";1;0;0;0;1;0;0;1;-16,18487;-47,928641;"SPRF-DF";"DEL01-DF";"UOP01-DEL01-DF"
458083;2022-06-26;"domingo";"04:00:00";"RS";116;380;"CAMAQUA";"Condutor Dormindo";"Saída de leito carroçável";"Sem Vítimas";"Amanhecer";"Decrescente";"Céu Claro";"Dupla";"Reta";"Não";1;0;0;0;1;0;0;1;-30,76779402;-51,64999798;"SPRF-RS";"DEL02-RS";"UOP02-DEL02-RS"
458084;2022-06-26;"domingo";"05:55:00";"MG";381;288;"ANTONIO DIAS";"Afundamento ou ondulação no pavimento";"Tombamento";"Com Vítimas Feridas";"Pleno dia";"Decrescente";"Céu Claro";"Simples";"Aclive";"Não";2;0;0;1;1;0;1;1;-19,63905081;-42,81290207;"SPRF-MG";"DEL03-MG";"UOP02-DEL03-MG"
458085;2022-06-26;"domingo";"07:35:00";"SP";116;139;"SAO JOSE DOS CAMPOS";"Manobra de mudança de faixa";"Colisão lateral mesmo sentido";"Sem Vítimas";"Pleno dia";"Decrescente";"Céu Claro";"Dupla";"Reta";"Sim";3;0;0;0;3;0;0;3;-23,16153216;-45,80400592;"SPRF-SP";"DEL02-SP";"UOP01-DEL02-SP"
458086;2022-06-26;"domingo";"08:20:00";"ES";101;290,3;"CARIACICA";"Ingestão de álcool pelo condutor";"Capotamento";"Com Vítimas Feridas";"Pleno dia";"Crescente";"Garoa/Chuvisco";"Dupla";"Reta";"Sim";1;0;0;1;0;0;1;1;-20,28927747;-40,39181575;"SPRF-ES";"DEL01-ES";"UOP01-DEL01-ES"
458087;2022-06-26;"domingo";"07:20:00";"RJ";116;167;"SAO JOAO DE MERITI";"Manobra de mudança de faixa";"Saída de leito carroçável";"Com Vítimas Feridas";"Pleno dia";"Decrescente";"Nublado";"Dupla";"Reta";"Não";1;0;1;0;0;0;1;1;-22,81803977;-43,30787252;"SPRF-RJ";"DEL01-RJ";"UOP02-DEL01-RJ"
458088;2022-06-26;"domingo";"09:15:00";"GO";60;80;"ANAPOLIS";"Ingestão de álcool pelo condutor";"Saída de leito carroçável";"Sem Vítimas";"Pleno dia";"Crescente";"Céu Claro";"Dupla";"Curva";"Não";1;0;0;0;1;0;0;1;-16,3053;-48,8208;"SPRF-GO";"DEL02-GO";"UOP01-DEL02-GO"
458090;2022-04-09;"sábado";"22:00:00";"PA";10;0,3;"DOM ELISEU";"Demais falhas na via";"Colisão lateral sentido oposto";"Com Vítimas Feridas";"Plena Noite";"Decrescente";"Chuva";"Simples";"Curva;Declive";"Não";3;0;1;2;0;0;3;2;-4,44189335;-47,53488433;"SPRF-PA";"DEL02-PA";"UOP02-DEL02-PA"
458091;2022-06-26;"domingo";"08:10:00";"GO";40;3;"VALPARAISO DE GOIAS";"Acessar a via sem observar a presença dos outros veículos";"Colisão traseira";"Com Vítimas Feridas";"Pleno dia";"Decrescente";"Céu Claro";"Dupla";"Reta";"Sim";2;0;1;0;1;0;1;2;-16,076081;-47,985671;"SPRF-DF";"DEL01-DF";"UOP01-DEL01-DF"
458092;2022-06-26;"domingo";"04:40:00";"SP";116;95,5;"PINDAMONHANGABA";"Reação tardia ou ineficiente do condutor";"Colisão traseira";"Com Vítimas Fatais";"Plena Noite";"Decrescente";"Nublado";"Dupla";"Aclive";"Não";8;2;2;0;1;3;2;3;-22,96514512;-45,43013094;"SPRF-SP";"DEL08-SP";"UOP01-DEL08-SP"
458094;2022-06-26;"domingo";"09:45:00";"MT";70;6,3;"BARRA DO GARCAS";"Velocidade Incompatível";"Colisão traseira";"Com Vítimas Feridas";"Pleno dia";"Crescente";"Céu Claro";"Dupla";"Reta";"Sim";3;0;1;1;0;1;2;3;-15,878268;-52,306705;"SPRF-MT";"DEL07-MT";"UOP01-DEL07-MT"
458095;2022-06-26;"domingo";"10:50:00";"CE";304;50,3;"ARACATI";"Acessar a via sem observar a presença dos outros veículos";"Colisão transversal";"Com Vítimas Fatais";"Pleno dia";"Decrescente";"Céu Claro";"Simples";"Reta";"Sim";4;1;0;1;1;1;1;3;-4,57352926;-37,76245988;"SPRF-CE";"DEL03-CE";"UOP03-DEL03-CE"
458097;2022-06-26;"domingo";"10:26:00";"RJ";116;225;"PIRAI";"Ausência de reação do condutor";"Queda de ocupante de veículo";"Com Vítimas Feridas";"Pleno dia";"Crescente";"Céu Claro";"Dupla";"Reta";"Não";1;0;1;0;0;0;1;1;-22,679905;-43,814217;"SPRF-RJ";"DEL07-RJ";"UOP01-DEL07-RJ"
458098;2022-06-26;"domingo";"08:51:00";"MT";163;831;"SINOP";"Conversão proibida";"Colisão transversal";"Com Vítimas Feridas";"Pleno dia";"Crescente";"Sol";"Dupla";"Reta";"Sim";2;0;1;0;1;0;1;2;-12,022768;-55,51723;"SPRF-MT";"DEL06-MT";"UOP01-DEL06-MT"
458100;2022-06-26;"domingo";"11:10:00";"MS";463;105;"PONTA PORA";"Ausência de reação do condutor";"Colisão traseira";"Com Vítimas Feridas";"Pleno dia";"Crescente";"Nublado";"Dupla";"Reta";"Sim";5;0;2;0;3;0;2;2;-22,60240524;-55,6579092;"SPRF-MS";"DEL04-MS";"UOP03-DEL04-MS"
458101;2022-06-26;"domingo";"11:00:00";"RJ";40;97;"DUQUE DE CAXIAS";"Reação tardia ou ineficiente do condutor";"Capotamento";"Com Vítimas Feridas";"Pleno dia";"Decrescente";"Chuva";"Dupla";"Curva;Declive";"Não";1;0;1;0;0;0;1;1;-22,57356181;-43,27802893;"SPRF-RJ";"DEL01-RJ";"UOP01-DEL01-RJ"
458103;2022-06-26;"domingo";"12:20:00";"CE";222;2;"FORTALEZA";"Trafegar com motocicleta (ou similar) entre as faixas";"Colisão lateral mesmo sentido";"Com Vítimas Feridas";"Pleno dia";"Crescente";"Céu Claro";"Simples";"Reta";"Sim";3;0;1;0;2;0;1;3;-3,73911117;-38,58687498;"SPRF-CE";"DEL01-CE";"UOP01-DEL01-CE"
458104;2022-06-26;"domingo";"11:00:00";"MG";381;162;"GOVERNADOR VALADARES";"Ausência de reação do condutor";"Saída de leito carroçável";"Com Vítimas Feridas";"Pleno dia";"Crescente";"Céu Claro";"Simples";"Curva";"Não";1;0;1;0;0;0;1;1;-18,92981969;-42,04461724;"SPRF-MG";"DEL06-MG";"UOP01-DEL06-MG"
458105;2022-06-26;"domingo";"11:40:00";"SC";101;194,5;"BIGUACU";"Velocidade Incompatível";"Colisão traseira";"Sem Vítimas";"Pleno dia";"Crescente";"Sol";"Múltipla";"Reta;Interseção de Vias";"Sim";2;0;0;0;2;0;0;2;-27,49923765;-48,6562103;"SPRF-SC";"DEL01-SC";"UOP01-DEL01-SC"
458106;2022-06-26;"domingo";"12:40:00";"RJ";101;195;"CASIMIRO DE ABREU";"Ausência de reação do condutor";"Saída de leito carroçável";"Com Vítimas Feridas";"Pleno dia";"Decrescente";"Chuva";"Dupla";"Curva";"Não";1;0;1;0;0;0;1;1;-22,49220783;-42,10020136;"SPRF-RJ";"DEL08-RJ";"UOP04-DEL08-RJ"
458110;2022-06-26;"domingo";"12:50:00";"SE";101;102;"SAO CRISTOVAO";"Velocidade Incompatível";"Saída de leito carroçável";"Com Vítimas Feridas";"Pleno dia";"Crescente";"Chuva";"Dupla";"Reta";"Não";1;0;1;0;0;0;1;1;-10,94880037;-37,21099182;"SPRF-SE";"DEL02-SE";"UOP01-DEL02-SE"
458111;2022-06-26;"domingo";"13:20:00";"PE";101;73,9;"RECIFE";"Reação tardia ou ineficiente do condutor";"Colisão transversal";"Com Vítimas Feridas";"Pleno dia";"Crescente";"Céu Claro";"Dupla";"Reta";"Sim";2;0;0;1;1;0;1;2;-8,101048;-34,949503;"SPRF-PE";"DEL01-PE";"UOP01-DEL01-PE"
458112;2022-06-26;"domingo";"11:30:00";"SP";459;30;"LORENA";"Ausência de reação do condutor";"Colisão traseira";"Sem Vítimas";"Pleno dia";"Crescente";"Céu Claro";"Simples";"Reta";"Sim";2;0;0;0;2;0;0;2;-22,70076859;-45,12022019;"SPRF-SP";"DEL08-SP";"UOP02-DEL08-SP"
458114;2022-06-26;"domingo";"01:01:00";"MG";116;179;"PADRE PARAISO";"Reação tardia ou ineficiente do condutor";"Colisão com objeto";"Sem Vítimas";"Plena Noite";"Crescente";"Céu Claro";"Múltipla";"Reta";"Sim";1;0;0;0;0;1;0;1;-17,0764477;-41,48612089;"SPRF-MG";"DEL11-MG";"UOP02-DEL11-MG"
458118;2022-06-26;"domingo";"11:15:00";"RS";386;36;"FREDERICO WESTPHALEN";"Acessar a via sem observar a presença dos outros veículos";"Colisão transversal";"Com Vítimas Feridas";"Pleno dia";"Decrescente";"Céu Claro";"Simples";"Declive;Interseção de Vias;Reta";"Sim";3;0;2;1;0;0;3;2;-27,36446887;-53,3940053;"SPRF-RS";"DEL08-RS";"UOP02-DEL08-RS"
458120;2022-06-26;"domingo";"13:20:00";"PI";343;60;"BURITI DOS LOPES";"Demais falhas mecânicas ou elétricas";"Incêndio";"Sem Vítimas";"Pleno dia";"Decrescente";"Céu Claro";"Simples";"Reta";"Não";1;0;0;0;1;0;0;1;-3,32698621;-41,73706055;"SPRF-PI";"DEL05-PI";"UOP01-DEL05-PI"
458121;2022-06-26;"domingo";"15:00:00";"DF";20;10;"BRASILIA";"Manobra de mudança de faixa";"Colisão traseira";"Com Vítimas Feridas";"Pleno dia";"Decrescente";"Sol";"Dupla";"Reta";"Sim";3;0;2;0;1;0;2;2;-15,650243;-47,773872;"SPRF-DF";"DEL02-DF";"UOP01-DEL02-DF"
458123;2022-06-26;"domingo";"14:10:00";"MS";262;382,6;"TERENOS";"Restrição de visibilidade em curvas horizontais";"Colisão transversal";"Com Vítimas Feridas";"Pleno dia";"Crescente";"Sol";"Simples";"Rotatória";"Sim";3;0;0;1;2;0;1;2;-20,44071205;-54,85510206;"SPRF-MS";"DEL01-MS";"UOP03-DEL01-MS"
458124;2022-06-26;"domingo";"15:20:00";"MG";381;929,1;"ITAPEVA";"Reação tardia ou ineficiente do condutor";"Colisão traseira";"Com Vítimas Feridas";"Pleno dia";"Decrescente";"Céu Claro";"Dupla";"Reta";"Não";3;0;2;1;0;0;3;2;-22,77078827;-46,23317979;"SPRF-MG";"DEL16-MG";"UOP03-DEL16-MG"
458125;2022-06-26;"domingo";"14:30:00";"RJ";40;26;"TRES RIOS";"Velocidade Incompatível";"Queda de ocupante de veículo";"Com Vítimas Feridas";"Pleno dia";"Crescente";"Nublado";"Dupla";"Curva";"Não";2;0;1;1;0;0;2;1;-22,155451;-43,15757964;"SPRF-RJ";"DEL05-RJ";"UOP02-DEL05-RJ"
458126;2022-06-26;"domingo";"14:15:00";"GO";60;21;"ALEXANIA";"Manobra de mudança de faixa";"Colisão transversal";"Com Vítimas Feridas";"Pleno dia";"Crescente";"Sol";"Dupla";"Reta";"Não";7;0;4;0;1;2;4;3;-16,0963;-48,5202;"SPRF-DF";"DEL03-DF";"UOP01-DEL03-DF"
458127;2022-06-26;"domingo";"14:20:00";"RS";386;358,2;"ESTRELA";"Ingestão de álcool pelo condutor";"Saída de leito carroçável";"Sem Vítimas";"Pleno dia";"Decrescente";"Nublado";"Dupla";"Curva";"Não";1;0;0;0;0;1;0;1;-29,53306;-51,919636;"SPRF-RS";"DEL04-RS";"UOP02-DEL04-RS"
458128;2022-06-26;"domingo";"14:30:00";"GO";364;315;"MINEIROS";"Ausência de reação do condutor";"Saída de leito carroçável";"Com Vítimas Fatais";"Pleno dia";"Decrescente";"Céu Claro";"Simples";"Reta";"Não";2;1;0;1;0;0;1;1;-17,453203;-52,59116;"SPRF-GO";"DEL05-GO";"UOP01-DEL05-GO"