"id";"data_inversa";"dia_semana";"horario";"uf";"br";"km";"municipio";"causa_acidente";"tipo_acidente";"classificacao_acidente";"fase_dia";"sentido_via";"condicao_metereologica";"tipo_pista";"tracado_via";"uso_solo";"pessoas";"mortos";"feridos_leves";"feridos_graves";"ilesos";"ignorados";"feridos";"veiculos";"latitude";"longitude";"regional";"delegacia";"uop"
458131;2022-06-26;"domingo";"08:15:00";"PR";369;101;"URAI";"Ausência de reação do condutor";"Colisão com objeto";"Com Vítimas Feridas";"Pleno dia";"Crescente";"Céu Claro";"Simples";"Viaduto";"Não";2;0;2;0;0;0;2;1;-23,2457625;-50,72319031;"SPRF-PR";"DEL07-PR";"UOP01-DEL07-PR"
458132;2022-06-26;"domingo";"15:35:00";"PB";101;83;"BAYEUX";"Condutor deixou de manter distância do veículo da frente";"Engavetamento";"Com Vítimas Feridas";"Pleno dia";"Crescente";"Céu Claro";"Dupla";"Aclive;Viaduto";"Não";6;0;1;0;4;1;1;3;-7,1337703;-34,92963914;"SPRF-PB";"DEL01-PB";"UOP01-DEL01-PB"
458133;2022-06-26;"domingo";"13:40:00";"GO";153;117;"ESTRELA DO NORTE";"Ingestão de álcool pelo condutor";"Saída de leito carroçável";"Com Vítimas Feridas";"Pleno dia";"Crescente";"Sol";"Simples";"Declive";"Não";1;0;1;0;0;0;1;1;-13,796507;-49,035957;"SPRF-GO";"DEL07-GO";"UOP01-DEL07-GO"
458134;2022-06-26;"domingo";"14:06:00";"MT";70;532,7;"VARZEA GRANDE";"Transitar na contramão";"Colisão lateral sentido oposto";"Com Vítimas Feridas";"Pleno dia";"Decrescente";"Céu Claro";"Simples";"Reta";"Não";2;0;0;1;1;0;1;2;-15,66636009;-56,23428306;"SPRF-MT";"DEL01-MT";"UOP02-DEL01-MT"
458135;2022-06-26;"domingo";"15:20:00";"RJ";101;542;"PARATY";"Pista Escorregadia";"Saída de leito carroçável";"Com Vítimas Feridas";"Pleno dia";"Decrescente";"Chuva";"Simples";"Curva";"Não";1;0;1;0;0;0;1;1;-23,04128085;-44,59583503;"SPRF-RJ";"DEL03-RJ";"UOP04-DEL03-RJ"
458136;2022-06-26;"domingo";"11:30:00";"MT";70;84,7;"GENERAL CARNEIRO";"Curva acentuada";"Saída de leito carroçável";"Sem Vítimas";"Pleno dia";"Decrescente";"Céu Claro";"Simples";"Curva";"Não";2;0;0;0;2;0;0;1;-15,62211981;-52,83378091;"SPRF-MT";"DEL07-MT";"UOP01-DEL07-MT"
458137;2022-06-26;"domingo";"16:00:00";"ES";101;335;"GUARAPARI";"Reação tardia ou ineficiente do condutor";"Tombamento";"Com Vítimas Feridas";"Pleno dia";"Crescente";"Nublado";"Simples";"Curva";"Não";2;0;0;2;0;0;2;1;-20,62718356;-40,52742029;"SPRF-ES";"DEL03-ES";"UOP01-DEL03-ES"
458138;2022-06-26;"domingo";"15:30:00";"MG";40;784;"JUIZ DE FORA";"Manobra de mudança de faixa";"Colisão lateral mesmo sentido";"Com Vítimas Feridas";"Pleno dia";"Decrescente";"Céu Claro";"Dupla";"Retorno Regulamentado";"Sim";3;0;2;0;1;0;2;2;-21,72878621;-43,43702316;"SPRF-MG";"DEL05-MG";"UOP01-DEL05-MG"
458139;2022-06-26;"domingo";"16:00:00";"BA";242;856;"BARREIRAS";"Ausência de reação do condutor";"Saída de leito carroçável";"Com Vítimas Feridas";"Pleno dia";"Crescente";"Céu Claro";"Simples";"Reta";"Não";3;0;2;0;1;0;2;1;-12,10143703;-45,342871;"SPRF-BA";"DEL10-BA";"UOP01-DEL10-BA"
458140;2022-06-26;"domingo";"15:15:00";"RJ";101;269,4;"RIO BONITO";"Ausência de reação do condutor";"Capotamento";"Com Vítimas Feridas";"Pleno dia";"Decrescente";"Nublado";"Dupla";"Reta";"Sim";2;0;1;0;1;0;1;1;-22,71495082;-42,67804708;"SPRF-RJ";"DEL02-RJ";"UOP03-DEL02-RJ"
458141;2022-06-26;"domingo";"04:00:00";"PI";235;435;"SANTA FILOMENA";"Pedestre andava na pista";"Atropelamento de Pedestre";"Com Vítimas Feridas";"Plena Noite";"Crescente";"Céu Claro";"Simples";"Reta;Ponte";"Sim";3;0;1;1;0;1;2;2;-9,1238768;-45,92802286;"SPRF-PI";"DEL03-PI";"UOP02-DEL03-PI"
458142;2022-06-26;"domingo";"16:45:00";"ES";262;56,5;"MARECHAL FLORIANO";"Acessar a via sem observar a presença dos outros veículos";"Colisão transversal";"Com Vítimas Feridas";"Anoitecer";"Crescente";"Nublado";"Simples";"Reta";"Não";2;0;0;1;1;0;1;2;-20,41314449;-40,75918263;"SPRF-ES";"DEL01-ES";"UOP01-DEL01-ES"
458143;2022-06-26;"domingo";"16:40:00";"PR";116;140;"MANDIRITUBA";"Reação tardia ou ineficiente do condutor";"Colisão com objeto";"Sem Vítimas";"Pleno dia";"Decrescente";"Céu Claro";"Múltipla";"Reta";"Sim";1;0;0;0;1;0;0;1;-25,728448;-49,3178318;"SPRF-PR";"DEL01-PR";"UOP03-DEL01-PR"
458144;2022-06-26;"domingo";"12:40:00";"PR";369;509,5;"CASCAVEL";"Ultrapassagem Indevida";"Colisão frontal";"Com Vítimas Fatais";"Pleno dia";"Crescente";"Céu Claro";"Simples";"Curva";"Não";11;2;7;0;1;1;7;4;-24,8498;-53,3253;"SPRF-PR";"DEL04-PR";"UOP01-DEL04-PR"
458145;2022-06-26;"domingo";"16:00:00";"PB";230;5,2;"CABEDELO";"Manobra de mudança de faixa";"Colisão lateral mesmo sentido";"Com Vítimas Feridas";"Pleno dia";"Crescente";"Sol";"Dupla";"Em Obras;Reta;Retorno Regulamentado";"Sim";4;0;1;0;3;0;1;3;-7,01337875;-34,83284829;"SPRF-PB";"DEL01-PB";"UOP01-DEL01-PB"
458146;2022-06-26;"domingo";"02:30:00";"RJ";40;91;"PETROPOLIS";"Velocidade Incompatível";"Saída de leito carroçável";"Com Vítimas Feridas";"Plena Noite";"Crescente";"Chuva";"Simples";"Curva";"Não";2;0;1;0;1;0;1;1;-22,55191954;-43,25068815;"SPRF-RJ";"DEL06-RJ";"UOP01-DEL06-RJ"
458147;2022-06-26;"domingo";"12:50:00";"MS";376;163;"NOVA ANDRADINA";"Conversão proibida";"Colisão lateral mesmo sentido";"Com Vítimas Feridas";"Pleno dia";"Decrescente";"Sol";"Simples";"Reta";"Não";4;0;0;1;3;0;1;2;-22,31607669;-53,42139442;"SPRF-MS";"DEL04-MS";"UOP04-DEL04-MS"
458148;2022-06-26;"domingo";"11:45:00";"PB";230;52,9;"SANTA RITA";"Objeto estático sobre o leito carroçável";"Colisão com objeto";"Com Vítimas Feridas";"Pleno dia";"Crescente";"Nublado";"Dupla";"Reta";"Não";2;0;1;0;0;1;1;1;-7,1951;-35,0691;"SPRF-PB";"DEL01-PB";"UOP03-DEL01-PB"
458149;2022-06-26;"domingo";"17:00:00";"PR";376;166,6;"MARINGA";"Ausência de reação do condutor";"Tombamento";"Com Vítimas Feridas";"Pleno dia";"Decrescente";"Céu Claro";"Dupla";"Reta";"Não";1;0;1;0;0;0;1;1;-23,39663206;-52,00514304;"SPRF-PR";"DEL09-PR";"UOP01-DEL09-PR"
458150;2022-06-26;"domingo";"11:30:00";"RJ";40;75;"PETROPOLIS";"Chuva";"Colisão com objeto";"Com Vítimas Feridas";"Pleno dia";"Crescente";"Chuva";"Simples";"Curva;Aclive";"Não";4;0;2;0;2;0;2;1;-22,46857126;-43,22958698;"SPRF-RJ";"DEL06-RJ";"UOP01-DEL06-RJ"
458151;2022-06-26;"domingo";"17:00:00";"RN";101;147,3;"GOIANINHA";"Ausência de reação do condutor";"Colisão com objeto";"Sem Vítimas";"Pleno dia";"Decrescente";"Sol";"Múltipla";"Reta";"Sim";1;0;0;0;1;0;0;1;-6,26767214;-35,20990491;"SPRF-RN";"DEL01-RN";"UOP01-DEL01-RN"
458154;2022-06-26;"domingo";"17:15:00";"PB";230;67;"SOBRADO";"Reação tardia ou ineficiente do condutor";"Saída de leito carroçável";"Com Vítimas Feridas";"Anoitecer";"Crescente";"Céu Claro";"Dupla";"Reta";"Não";6;0;1;0;5;0;1;1;-7,1856;-35,1989;"SPRF-PB";"DEL01-PB";"UOP03-DEL01-PB"
458157;2022-06-26;"domingo";"17:00:00";"DF";60;28;"BRASILIA";"Ausência de reação do condutor";"Saída de leito carroçável";"Com Vítimas Feridas";"Pleno dia";"Decrescente";"Sol";"Dupla";"Reta";"Não";1;0;1;0;0;0;1;1;-16,020638;-48,250832;"SPRF-DF";"DEL03-DF";"UOP01-DEL03-DF"
458158;2022-06-26;"domingo";"17:30:00";"BA";324;556;"AMELIA RODRIGUES";"Ausência de reação do condutor";"Queda de ocupante de veículo";"Com Vítimas Feridas";"Anoitecer";"Crescente";"Céu Claro";"Dupla";"Reta";"Não";2;0;1;0;1;0;1;1;-12,47106487;-38,6824229;"SPRF-BA";"DEL01-BA";"UOP03-DEL01-BA"
458159;2022-06-26;"domingo";"18:00:00";"SC";470;89;"ASCURRA";"Desrespeitar a preferência no cruzamento";"Colisão transversal";"Com Vítimas Feridas";"Pleno dia";"Decrescente";"Céu Claro";"Simples";"Retorno Regulamentado";"Não";5;0;2;1;2;0;3;2;-26,961573;-49,371918;"SPRF-SC";"DEL04-SC";"UOP01-DEL04-SC"
458160;2022-06-26;"domingo";"18:00:00";"GO";40;18,9;"LUZIANIA";"Reação tardia ou ineficiente do condutor";"Colisão traseira";"Com Vítimas Feridas";"Anoitecer";"Crescente";"Céu Claro";"Dupla";"Reta";"Sim";2;0;1;0;1;0;1;2;-16,201556;-47,921314;"SPRF-DF";"DEL01-DF";"UOP01-DEL01-DF"
458162;2022-06-26;"domingo";"16:50:00";"PR";277;422;"CANTAGALO";"Acessar a via sem observar a presença dos outros veículos";"Colisão transversal";"Com Vítimas Feridas";"Pleno dia";"Crescente";"Nublado";"Simples";"Reta";"Sim";3;0;0;2;1;0;2;2;-25,40453366;-52,1054258;"SPRF-PR";"DEL04-PR";"UOP02-DEL04-PR"
458163;2022-06-26;"domingo";"16:00:00";"MS";163;487,9;"CAMPO GRANDE";"Demais falhas mecânicas ou elétricas";"Tombamento";"Com Vítimas Feridas";"Pleno dia";"Decrescente";"Céu Claro";"Simples";"Reta";"Não";2;0;2;0;0;0;2;1;-20,42493093;-54,54550758;"SPRF-MS";"DEL01-MS";"UOP02-DEL01-MS"
458164;2022-06-26;"domingo";"17:00:00";"PE";232;34,6;"MORENO";"Reação tardia ou ineficiente do condutor";"Colisão traseira";"Com Vítimas Feridas";"Anoitecer";"Decrescente";"Nublado";"Múltipla";"Reta";"Sim";3;0;2;0;1;0;2;2;-8,10702537;-35,18394691;"SPRF-PE";"DEL01-PE";"UOP01-DEL01-PE"
458165;2022-06-26;"domingo";"16:50:00";"RJ";40;120;"DUQUE DE CAXIAS";"Velocidade Incompatível";"Colisão com objeto";"Com Vítimas Feridas";"Anoitecer";"Crescente";"Céu Claro";"Múltipla";"Reta";"Sim";1;0;1;0;0;0;1;1;-22,77280597;-43,28626763;"SPRF-RJ";"DEL01-RJ";"UOP01-DEL01-RJ"
458166;2022-06-26;"domingo";"17:00:00";"DF";70;17;"BRASILIA";"Condutor deixou de manter distância do veículo da frente";"Colisão traseira";"Com Vítimas Feridas";"Pleno dia";"Crescente";"Céu Claro";"Dupla";"Reta";"Não";4;0;1;0;2;1;1;3;-15,794133;-48,202095;"SPRF-DF";"DEL03-DF";"UOP02-DEL03-DF"
458167;2022-06-26;"domingo";"18:20:00";"RJ";40;112;"DUQUE DE CAXIAS";"Ausência de reação do condutor";"Colisão traseira";"Com Vítimas Feridas";"Pleno dia";"Decrescente";"Céu Claro";"Múltipla";"Reta";"Sim";2;0;0;1;1;0;1;2;-22,7004454;-43,29014851;"SPRF-RJ";"DEL01-RJ";"UOP01-DEL01-RJ"
458168;2022-06-26;"domingo";"15:50:00";"RJ";101;418;"MANGARATIBA";"Objeto estático sobre o leito carroçável";"Saída de leito carroçável";"Com Vítimas Feridas";"Pleno dia";"Decrescente";"Chuva";"Simples";"Declive";"Não";3;0;2;0;1;0;2;1;-22,9178274;-43,90471593;"SPRF-RJ";"DEL03-RJ";"UOP02-DEL03-RJ"
458169;2022-06-26;"domingo";"18:00:00";"CE";20;414;"MARACANAU";"Pista esburacada";"Saída de leito carroçável";"Com Vítimas Feridas";"Plena Noite";"Crescente";"Céu Claro";"Dupla";"Reta";"Sim";2;0;1;0;1;0;1;2;-3,76999035;-38,67006282;"SPRF-CE";"DEL01-CE";"UOP01-DEL01-CE"
458170;2022-06-26;"domingo";"02:30:00";"RJ";116;16;"SAPUCAIA";"Reação tardia ou ineficiente do condutor";"Saída de leito carroçável";"Sem Vítimas";"Plena Noite";"Decrescente";"Céu Claro";"Simples";"Curva";"Não";1;0;0;0;1;0;0;1;-21,97483597;-42,74723307;"SPRF-RJ";"DEL05-RJ";"UOP01-DEL05-RJ"
458171;2022-06-26;"domingo";"16:02:00";"SC";282;533;"CHAPECO";"Ausência de reação do condutor";"Tombamento";"Com Vítimas Feridas";"Pleno dia";"Crescente";"Céu Claro";"Simples";"Curva";"Não";2;0;2;0;0;0;2;1;-26,995323;-52,625305;"SPRF-SC";"DEL07-SC";"UOP01-DEL07-SC"
458172;2022-06-26;"domingo";"18:30:00";"SP";116;92,1;"PINDAMONHANGABA";"Reação tardia ou ineficiente do condutor";"Colisão traseira";"Com Vítimas Feridas";"Plena Noite";"Crescente";"Nublado";"Dupla";"Reta";"Não";2;0;1;0;0;1;1;2;-22,95232748;-45,40497065;"SPRF-SP";"DEL08-SP";"UOP01-DEL08-SP"
458173;2022-06-26;"domingo";"18:00:00";"MG";116;416;"GOVERNADOR VALADARES";"Acessar a via sem observar a presença dos outros veículos";"Colisão lateral mesmo sentido";"Com Vítimas Feridas";"Anoitecer";"Decrescente";"Céu Claro";"Simples";"Reta";"Sim";3;0;1;0;2;0;1;2;-18,89215187;-41,94699543;"SPRF-MG";"DEL06-MG";"UOP01-DEL06-MG"
458177;2022-06-26;"domingo";"19:00:00";"PR";376;187;"MARIALVA";"Ingestão de álcool pelo condutor";"Capotamento";"Com Vítimas Feridas";"Plena Noite";"Decrescente";"Céu Claro";"Dupla";"Reta";"Sim";1;0;1;0;0;0;1;1;-23,458448;-51,84161;"SPRF-PR";"DEL09-PR";"UOP01-DEL09-PR"
458178;2022-06-26;"domingo";"18:30:00";"MA";10;267;"IMPERATRIZ";"Ultrapassagem Indevida";"Colisão frontal";"Com Vítimas Feridas";"Plena Noite";"Decrescente";"Céu Claro";"Simples";"Reta";"Não";1;0;0;1;0;0;1;1;-5,400108;-47,473038;"SPRF-MA";"DEL04-MA";"UOP01-DEL04-MA"
458179;2022-06-26;"domingo";"19:20:00";"GO";153;434,5;"ANAPOLIS";"Acessar a via sem observar a presença dos outros veículos";"Colisão transversal";"Com Vítimas Feridas";"Pleno dia";"Decrescente";"Céu Claro";"Simples";"Aclive";"Sim";2;0;0;1;0;1;1;2;-16,280523;-48,960049;"SPRF-GO";"DEL02-GO";"UOP01-DEL02-GO"
458182;2022-06-26;"domingo";"19:30:00";"CE";20;397;"CAUCAIA";"Transitar no acostamento";"Colisão frontal";"Com Vítimas Fatais";"Plena Noite";"Crescente";"Céu Claro";"Simples";"Reta";"Não";2;1;1;0;0;0;1;2;-3,81514626;-38,73711679;"SPRF-CE";"DEL01-CE";"UOP01-DEL01-CE"
458183;2022-06-26;"domingo";"18:00:00";"MG";116;582;"MANHUACU";"Reação tardia ou ineficiente do condutor";"Colisão com objeto";"Sem Vítimas";"Anoitecer";"Crescente";"Ignorado";"Simples";"Reta";"Não";1;0;0;0;0;1;0;1;-20,20514103;-42,18239627;"SPRF-MG";"DEL06-MG";"UOP03-DEL06-MG"
458184;2022-06-26;"domingo";"18:40:00";"SC";101;64;"ARAQUARI";"Acessar a via sem observar a presença dos outros veículos";"Atropelamento de Pedestre";"Com Vítimas Feridas";"Plena Noite";"Decrescente";"Céu Claro";"Múltipla";"Reta";"Não";2;0;0;1;1;0;1;2;-26,46433196;-48,75063097;"SPRF-SC";"DEL03-SC";"UOP02-DEL03-SC"
458185;2022-06-26;"domingo";"18:45:00";"SC";101;64;"ARAQUARI";"Reação tardia ou ineficiente do condutor";"Colisão traseira";"Com Vítimas Feridas";"Plena Noite";"Decrescente";"Nublado";"Dupla";"Reta";"Não";3;0;1;0;2;0;1;2;-26,46470194;-48,74971211;"SPRF-SC";"DEL03-SC";"UOP02-DEL03-SC"
458186;2022-06-26;"domingo";"20:00:00";"PE";232;21;"MORENO";"Ausência de reação do condutor";"Colisão traseira";"Com Vítimas Feridas";"Plena Noite";"Decrescente";"Nublado";"Dupla";"Reta";"Sim";3;0;0;1;1;1;1;3;-8,09580234;-35,08012588;"SPRF-PE";"DEL01-PE";"UOP01-DEL01-PE"
458187;2022-06-26;"domingo";"19:30:00";"SC";470;52;"BLUMENAU";"Desrespeitar a preferência no cruzamento";"Colisão transversal";"Com Vítimas Feridas";"Plena Noite";"Crescente";"Céu Claro";"Dupla";"Interseção de Vias";"Sim";3;0;2;0;1;0;2;2;-26,862286;-49,093903;"SPRF-SC";"DEL04-SC";"UOP01-DEL04-SC"
458188;2022-06-26;"domingo";"19:20:00";"MS";267;291;"RIO BRILHANTE";"Reação tardia ou ineficiente do condutor";"Colisão lateral mesmo sentido";"Com Vítimas Fatais";"Plena Noite";"Crescente";"Céu Claro";"Simples";"Reta";"Não";5;1;1;0;0;3;1;3;-21,7801622;-54,53366955;"SPRF-MS";"DEL02-MS";"UOP02-DEL02-MS"
458189;2022-06-26;"domingo";"18:40:00";"RJ";116;136;"DUQUE DE CAXIAS";"Acesso irregular";"Atropelamento de Pedestre";"Com Vítimas Feridas";"Plena Noite";"Decrescente";"Céu Claro";"Dupla";"Reta";"Sim";2;0;0;1;0;1;1;2;-22,64988985;-43,17250297;"SPRF-RJ";"DEL01-RJ";"UOP01-DEL01-RJ"
458191;2022-06-26;"domingo";"20:00:00";"PR";376;332,1;"ORTIGUEIRA";"Condutor deixou de manter distância do veículo da frente";"Colisão traseira";"Com Vítimas Feridas";"Plena Noite";"Crescente";"Nublado";"Dupla";"Reta";"Sim";5;0;2;1;1;1;3;2;-24,102697;-51,042202;"SPRF-PR";"DEL07-PR";"UOP02-DEL07-PR"
458192;2022-06-26;"domingo";"19:50:00";"PR";476;155,5;"ARAUCARIA";"Condutor desrespeitou a iluminação vermelha do semáforo";"Colisão transversal";"Sem Vítimas";"Plena Noite";"Decrescente";"Nublado";"Múltipla";"Interseção de Vias";"Sim";2;0;0;0;2;0;0;2;-25,5906463;-49,41026157;"SPRF-PR";"DEL01-PR";"UOP03-DEL01-PR"
458194;2022-06-26;"domingo";"20:00:00";"RS";290;574;"ALEGRETE";"Ausência de sinalização";"Saída de leito carroçável";"Com Vítimas Feridas";"Plena Noite";"Decrescente";"Nublado";"Simples";"Curva";"Não";1;0;1;0;0;0;1;1;-29,822521;-55,719505;"SPRF-RS";"DEL13-RS";"UOP02-DEL13-RS"
458195;2022-06-26;"domingo";"20:15:00";"RS";116;118,8;"SAO MARCOS";"Reação tardia ou ineficiente do condutor";"Saída de leito carroçável";"Com Vítimas Feridas";"Plena Noite";"Decrescente";"Céu Claro";"Simples";"Curva";"Não";5;0;3;2;0;0;5;1;-28,99135902;-51,06761399;"SPRF-RS";"DEL05-RS";"UOP01-DEL05-RS"
458196;2022-06-26;"domingo";"20:50:00";"SC";101;24,8;"JOINVILLE";"Desrespeitar a preferência no cruzamento";"Colisão transversal";"Com Vítimas Feridas";"Plena Noite";"Crescente";"Garoa/Chuvisco";"Simples";"Viaduto";"Sim";2;0;1;0;1;0;1;2;-26,18149157;-48,90989363;"SPRF-SC";"DEL03-SC";"UOP01-DEL03-SC"
458197;2022-06-26;"domingo";"19:30:00";"SC";101;394;"CRICIUMA";"Reação tardia ou ineficiente do condutor";"Tombamento";"Com Vítimas Feridas";"Plena Noite";"Decrescente";"Nublado";"Múltipla";"Reta";"Não";1;0;1;0;0;0;1;1;-28,82492955;-49,40537542;"SPRF-SC";"DEL02-SC";"UOP02-DEL02-SC"
458198;2022-06-26;"domingo";"20:20:00";"MG";50;45,1;"ARAGUARI";"Ausência de reação do condutor";"Colisão com objeto";"Com Vítimas Feridas";"Plena Noite";"Decrescente";"Céu Claro";"Dupla";"Aclive";"Não";1;0;0;1;0;0;1;1;-18,714194;-48,197301;"SPRF-MG";"DEL15-MG";"UOP02-DEL15-MG"
458199;2022-06-26;"domingo";"20:30:00";"PE";428;189,7;"PETROLINA";"Retorno proibido";"Colisão transversal";"Com Vítimas Feridas";"Plena Noite";"Crescente";"Céu Claro";"Múltipla";"Reta";"Sim";3;0;1;0;1;1;1;3;-9,37197508;-40,48679585;"SPRF-PE";"DEL06-PE";"UOP01-DEL06-PE"
458200;2022-06-26;"domingo";"19:36:00";"RJ";116;238,8;"PIRAI";"Reação tardia ou ineficiente do condutor";"Colisão lateral mesmo sentido";"Com Vítimas Feridas";"Plena Noite";"Decrescente";"Nublado";"Dupla";"Retorno Regulamentado";"Não";4;0;2;0;2;0;2;2;-22,66466911;-43,88337304;"SPRF-RJ";"DEL07-RJ";"UOP01-DEL07-RJ"
458201;2022-06-26;"domingo";"20:00:00";"MS";376;68,5;"GLORIA DE DOURADOS";"Transitar na contramão";"Colisão lateral sentido oposto";"Com Vítimas Fatais";"Plena Noite";"Crescente";"Céu Claro";"Simples";"Reta";"Não";3;1;0;0;2;0;0;2;-22,39284504;-54,21961792;"SPRF-MS";"DEL04-MS";"UOP04-DEL04-MS"
458203;2022-06-26;"domingo";"17:15:00";"RO";364;426;"JARU";"Ausência de reação do condutor";"Colisão traseira";"Sem Vítimas";"Pleno dia";"Decrescente";"Céu Claro";"Simples";"Reta";"Sim";2;0;0;0;2;0;0;2;-10,43142971;-62,48161912;"SPRF-RO";"DEL03-RO";"UOP02-DEL03-RO"
458204;2022-06-26;"domingo";"17:24:00";"PE";428;144,9;"PETROLINA";"Demais falhas mecânicas ou elétricas";"Saída de leito carroçável";"Sem Vítimas";"Anoitecer";"Crescente";"Céu Claro";"Simples";"Reta";"Não";2;0;0;0;1;1;0;2;-9,02051253;-40,28198898;"SPRF-PE";"DEL06-PE";"UOP01-DEL06-PE"
458206;2022-06-26;"domingo";"21:30:00";"ES";101;73,4;"SAO MATEUS";"Transitar na contramão";"Colisão frontal";"Com Vítimas Feridas";"Plena Noite";"Crescente";"Céu Claro";"Simples";"Reta";"Não";5;0;1;0;4;0;1;2;-18,77756015;-39,87357381;"SPRF-ES";"DEL04-ES";"UOP02-DEL04-ES"
458207;2022-06-26;"domingo";"21:15:00";"RJ";116;177;"NOVA IGUACU";"Reação tardia ou ineficiente do condutor";"Colisão traseira";"Com Vítimas Feridas";"Plena Noite";"Decrescente";"Chuva";"Dupla";"Reta";"Sim";2;0;0;1;1;0;1;2;-22,78055198;-43,39208599;"SPRF-RJ";"DEL01-RJ";"UOP02-DEL01-RJ"
458211;2022-06-26;"domingo";"21:00:00";"SC";101;156;"PORTO BELO";"Ingestão de álcool pelo condutor";"Colisão com objeto";"Com Vítimas Feridas";"Plena Noite";"Crescente";"Ignorado";"Dupla";"Reta";"Sim";1;0;1;0;0;0;1;1;-27,172272;-48,61170204;"SPRF-SC";"DEL04-SC";"UOP03-DEL04-SC"
458212;2022-06-26;"domingo";"21:30:00";"MG";262;117,8;"RIO CASCA";"Transitar no acostamento";"Colisão frontal";"Com Vítimas Feridas";"Plena Noite";"Decrescente";"Céu Claro";"Simples";"Curva";"Não";2;0;0;1;1;0;1;2;-20,22891636;-42,62843995;"SPRF-MG";"DEL03-MG";"UOP03-DEL03-MG"
458213;2022-06-26;"domingo";"19:30:00";"RJ";40;68;"PETROPOLIS";"Ausência de reação do condutor";"Capotamento";"Com Vítimas Feridas";"Plena Noite";"Decrescente";"Chuva";"Simples";"Curva";"Não";1;0;1;0;0;0;1;1;-22,4381808;-43,18488009;"SPRF-RJ";"DEL06-RJ";"UOP01-DEL06-RJ"
458214;2022-06-26;"domingo";"22:20:00";"RJ";40;92;"PETROPOLIS";"Chuva";"Colisão com objeto";"Com Vítimas Feridas";"Plena Noite";"Crescente";"Chuva";"Simples";"Curva";"Não";2;0;2;0;0;0;2;1;-22,55191954;-43,25068815;"SPRF-RJ";"DEL06-RJ";"UOP01-DEL06-RJ"
458217;2022-04-14;"quinta-feira";"19:46:00";"MA";222;400,7;"SANTA LUZIA";"Transitar na contramão";"Colisão frontal";"Com Vítimas Feridas";"Plena Noite";"Crescente";"Céu Claro";"Simples";"Reta;Aclive";"Não";6;0;0;1;5;0;1;2;-3,92162517;-45,61196182;"SPRF-MA";"DEL02-MA";"UOP01-DEL02-MA"
458218;2022-06-26;"domingo";"22:47:00";"RN";101;83;"SAO GONCALO DO AMARANTE";"Velocidade Incompatível";"Saída de leito carroçável";"Com Vítimas Feridas";"Plena Noite";"Crescente";"Céu Claro";"Simples";"Curva";"Sim";2;0;1;0;1;0;1;1;-5,7710445;-35,26616981;"SPRF-RN";"DEL02-RN";"UOP01-DEL02-RN"
458219;2022-06-26;"domingo";"21:00:00";"RO";364;708;"PORTO VELHO";"Ausência de reação do condutor";"Saída de leito carroçável";"Sem Vítimas";"Plena Noite";"Decrescente";"Céu Claro";"Dupla";"Reta";"Sim";1;0;0;0;0;1;0;1;-8,79105489;-63,84933298;"SPRF-RO";"DEL01-RO";"UOP01-DEL01-RO"
458220;2022-06-26;"domingo";"22:30:00";"SC";101;207;"SAO JOSE";"Acessar a via sem observar a presença dos outros veículos";"Colisão transversal";"Com Vítimas Feridas";"Plena Noite";"Crescente";"Céu Claro";"Simples";"Interseção de Vias";"Sim";2;0;1;0;1;0;1;2;-27,60001226;-48,6226467;"SPRF-SC";"DEL01-SC";"UOP01-DEL01-SC"
458222;2022-06-26;"domingo";"22:10:00";"MT";70;523;"VARZEA GRANDE";"Acessar a via sem observar a presença dos outros veículos";"Colisão transversal";"Com Vítimas Feridas";"Plena Noite";"Decrescente";"Ignorado";"Simples";"Reta";"Sim";1;0;1;0;0;0;1;1;-15,66764363;-56,18203685;"SPRF-MT";"DEL01-MT";"UOP02-DEL01-MT"
458223;2022-06-26;"domingo";"19:40:00";"AC";317;144;"CAPIXABA";"Ingestão de álcool pelo condutor";"Saída de leito carroçável";"Com Vítimas Feridas";"Plena Noite";"Decrescente";"Céu Claro";"Simples";"Reta";"Não";2;0;0;1;1;0;1;1;-10,33806;-67,68789;"SPRF-AC";"DEL01-AC";"UOP01-DEL01-AC"
458224;2022-06-26;"domingo";"21:09:00";"MA";230;404,9;"BALSAS";"Acessar a via sem observar a presença dos outros veículos";"Colisão transversal";"Com Vítimas Fatais";"Plena Noite";"Crescente";"Céu Claro";"Simples";"Reta";"Sim";4;1;0;0;3;0;0;2;-7,52106853;-46,0501765;"SPRF-MA";"DEL05-MA";"UOP01-DEL05-MA"
458225;2022-06-26;"domingo";"21:30:00";"SC";116;170,6;"PONTE ALTA DO NORTE";"Ingestão de substâncias psicoativas pelo condutor";"Saída de leito carroçável";"Sem Vítimas";"Plena Noite";"Decrescente";"Nublado";"Simples";"Reta";"Não";1;0;0;0;1;0;0;1;-27,194962;-50,463425;"SPRF-SC";"DEL05-SC";"UOP03-DEL05-SC"
458227;2022-06-26;"domingo";"23:27:00";"SP";116;169;"JACAREI";"Demais falhas mecânicas ou elétricas";"Incêndio";"Sem Vítimas";"Plena Noite";"Decrescente";"Céu Claro";"Múltipla";"Reta";"Não";5;0;0;0;5;0;0;1;-23,30739939;-46,043787;"SPRF-SP";"DEL02-SP";"UOP01-DEL02-SP"