"id";"data_inversa";"dia_semana";"horario";"uf";"br";"km";"municipio";"causa_acidente";"tipo_acidente";"classificacao_acidente";"fase_dia";"sentido_via";"condicao_metereologica";"tipo_pista";"tracado_via";"uso_solo";"pessoas";"mortos";"feridos_leves";"feridos_graves";"ilesos";"ignorados";"feridos";"veiculos";"latitude";"longitude";"regional";"delegacia";"uop"
458228;2022-06-27;"segunda-feira";"00:15:00";"MG";40;479;"SETE LAGOAS";"Reação tardia ou ineficiente do condutor";"Queda de ocupante de veículo";"Com Vítimas Feridas";"Plena Noite";"Crescente";"Céu Claro";"Dupla";"Reta";"Não";1;0;0;1;0;0;1;1;-19,53622599;-44,25468498;"SPRF-MG";"DEL02-MG";"UOP01-DEL02-MG"
458229;2022-06-27;"segunda-feira";"00:10:00";"CE";222;312,9;"TIANGUA";"Acessar a via sem observar a presença dos outros veículos";"Colisão transversal";"Com Vítimas Fatais";"Plena Noite";"Crescente";"Nublado";"Simples";"Viaduto;Reta";"Sim";5;2;2;1;0;0;3;2;-3,73287962;-41,00185633;"SPRF-CE";"DEL04-CE";"UOP02-DEL04-CE"
458230;2022-06-26;"domingo";"20:00:00";"MS";163;82;"ITAQUIRAI";"Reação tardia ou ineficiente do condutor";"Saída de leito carroçável";"Sem Vítimas";"Plena Noite";"Decrescente";"Céu Claro";"Simples";"Reta";"Não";1;0;0;0;1;0;0;1;-23,44132894;-54,20311987;"SPRF-MS";"DEL09-MS";"UOP01-DEL09-MS"
458231;2022-06-26;"domingo";"23:30:00";"RS";392;72,3;"PELOTAS";"Ausência de reação do condutor";"Saída de leito carroçável";"Sem Vítimas";"Plena Noite";"Decrescente";"Nublado";"Simples";"Interseção de Vias";"Sim";1;0;0;0;1;0;0;1;-31,721104;-52,389843;"SPRF-RS";"DEL07-RS";"UOP01-DEL07-RS"
458233;2022-06-26;"domingo";"22:00:00";"PE";232;460,5;"MIRANDIBA";"Reação tardia ou ineficiente do condutor";"Queda de ocupante de veículo";"Com Vítimas Feridas";"Plena Noite";"Decrescente";"Céu Claro";"Simples";"Reta";"Não";2;0;0;1;0;1;1;2;-8,02341988;-38,71464955;"SPRF-PE";"DEL05-PE";"UOP01-DEL05-PE"
458234;2022-06-27;"segunda-feira";"00:00:00";"PR";277;81;"CURITIBA";"Condutor deixou de manter distância do veículo da frente";"Engavetamento";"Com Vítimas Feridas";"Plena Noite";"Decrescente";"Nublado";"Dupla";"Reta";"Sim";3;0;3;0;0;0;3;3;-25,568939;-49,181978;"SPRF-PR";"DEL01-PR";"UOP01-DEL01-PR"
458235;2022-06-26;"domingo";"22:40:00";"MS";163;417,2;"NOVA ALVORADA DO SUL";"Animais na Pista";"Atropelamento de Animal";"Com Vítimas Feridas";"Plena Noite";"Decrescente";"Céu Claro";"Simples";"Declive";"Não";1;0;1;0;0;0;1;1;-21,01779397;-54,50703485;"SPRF-MS";"DEL02-MS";"UOP01-DEL02-MS"
458238;2022-06-26;"domingo";"05:45:00";"PR";277;116,8;"CAMPO LARGO";"Ingestão de álcool pelo condutor";"Saída de leito carroçável";"Com Vítimas Feridas";"Plena Noite";"Crescente";"Nublado";"Dupla";"Interseção de Vias;Curva";"Sim";1;0;0;1;0;0;1;1;-25,435615;-49,516507;"SPRF-PR";"DEL03-PR";"UOP03-DEL03-PR"
458239;2022-06-27;"segunda-feira";"02:40:00";"ES";101;260,3;"SERRA";"Reação tardia ou ineficiente do condutor";"Colisão com objeto";"Com Vítimas Fatais";"Plena Noite";"Crescente";"Nublado";"Dupla";"Reta";"Não";1;1;0;0;0;0;0;1;-20,14616415;-40,28836206;"SPRF-ES";"DEL02-ES";"UOP01-DEL02-ES"
458240;2022-06-26;"domingo";"20:55:00";"MA";135;18;"SAO LUIS";"Ausência de reação do condutor";"Queda de ocupante de veículo";"Sem Vítimas";"Plena Noite";"Decrescente";"Céu Claro";"Dupla";"Reta";"Sim";1;0;0;0;0;1;0;1;-2,53073;-44,3068;"SPRF-MA";"DEL01-MA";"UOP01-DEL01-MA"
458241;2022-06-27;"segunda-feira";"03:45:00";"ES";101;164;"LINHARES";"Ingestão de álcool pelo condutor";"Saída de leito carroçável";"Com Vítimas Feridas";"Plena Noite";"Crescente";"Céu Claro";"Simples";"Reta";"Não";2;0;0;2;0;0;2;1;-19,50607582;-40,13470026;"SPRF-ES";"DEL04-ES";"UOP01-DEL04-ES"
458242;2022-06-27;"segunda-feira";"00:00:00";"RJ";40;96;"DUQUE DE CAXIAS";"Ingestão de álcool pelo condutor";"Saída de leito carroçável";"Com Vítimas Feridas";"Plena Noite";"Decrescente";"Garoa/Chuvisco";"Dupla";"Curva";"Não";4;0;2;0;2;0;2;1;-22,57356181;-43,27802893;"SPRF-RJ";"DEL01-RJ";"UOP01-DEL01-RJ"
458244;2022-06-26;"domingo";"08:10:00";"PR";277;668,4;"MEDIANEIRA";"Neblina";"Colisão com objeto";"Sem Vítimas";"Amanhecer";"Decrescente";"Nevoeiro/Neblina";"Dupla";"Reta";"Não";1;0;0;0;0;1;0;1;-25,27063805;-54,06252597;"SPRF-PR";"DEL05-PR";"UOP02-DEL05-PR"
458246;2022-06-27;"segunda-feira";"04:18:00";"PE";428;189,2;"PETROLINA";"Ingestão de álcool pelo condutor";"Colisão com objeto";"Com Vítimas Feridas";"Plena Noite";"Decrescente";"Céu Claro";"Dupla";"Reta";"Sim";2;0;1;0;1;0;1;1;-9,37197508;-40,48679585;"SPRF-PE";"DEL06-PE";"UOP01-DEL06-PE"
458247;2022-06-27;"segunda-feira";"04:20:00";"RS";116;165;"CAXIAS DO SUL";"Curva acentuada";"Tombamento";"Com Vítimas Feridas";"Plena Noite";"Decrescente";"Nublado";"Dupla";"Curva";"Não";2;0;2;0;0;0;2;1;-29,2596449;-51,1574433;"SPRF-RS";"DEL05-RS";"UOP02-DEL05-RS"
458248;2022-06-27;"segunda-feira";"05:50:00";"CE";116;3;"FORTALEZA";"Entrada inopinada do pedestre";"Atropelamento de Pedestre";"Com Vítimas Feridas";"Pleno dia";"Decrescente";"Céu Claro";"Dupla";"Reta";"Não";2;0;1;0;1;0;1;2;-3,77866493;-38,51490171;"SPRF-CE";"DEL01-CE";"UOP02-DEL01-CE"
458250;2022-06-27;"segunda-feira";"05:45:00";"AL";104;89,1;"RIO LARGO";"Velocidade Incompatível";"Saída de leito carroçável";"Sem Vítimas";"Pleno dia";"Decrescente";"Nublado";"Dupla";"Reta";"Sim";2;0;0;0;2;0;0;2;-9,49216808;-35,81471324;"SPRF-AL";"DEL01-AL";"UOP01-DEL01-AL"
458252;2022-06-27;"segunda-feira";"05:00:00";"SC";101;132;"BALNEARIO CAMBORIU";"Reação tardia ou ineficiente do condutor";"Saída de leito carroçável";"Sem Vítimas";"Plena Noite";"Crescente";"Chuva";"Simples";"Reta";"Sim";1;0;0;0;0;1;0;1;-26,99654133;-48,65564711;"SPRF-SC";"DEL04-SC";"UOP03-DEL04-SC"
458253;2022-06-27;"segunda-feira";"06:10:00";"GO";153;515;"APARECIDA DE GOIANIA";"Reação tardia ou ineficiente do condutor";"Colisão transversal";"Sem Vítimas";"Pleno dia";"Decrescente";"Céu Claro";"Dupla";"Retorno Regulamentado";"Sim";3;0;0;0;3;0;0;2;-16,8413;-49,2454;"SPRF-GO";"DEL01-GO";"UOP03-DEL01-GO"
458255;2022-06-27;"segunda-feira";"05:05:00";"PE";232;503;"VERDEJANTE";"Animais na Pista";"Atropelamento de Animal";"Com Vítimas Feridas";"Amanhecer";"Decrescente";"Céu Claro";"Simples";"Reta;Declive";"Não";2;0;2;0;0;0;2;1;-8,04856198;-39,07759201;"SPRF-PE";"DEL05-PE";"UOP01-DEL05-PE"
458256;2022-06-27;"segunda-feira";"05:00:00";"PE";232;503;"VERDEJANTE";"Animais na Pista";"Atropelamento de Animal";"Com Vítimas Feridas";"Amanhecer";"Crescente";"Céu Claro";"Simples";"Declive";"Não";3;0;1;1;1;0;2;1;-8,04856198;-39,07759201;"SPRF-PE";"DEL05-PE";"UOP01-DEL05-PE"
458258;2022-06-27;"segunda-feira";"05:30:00";"SC";101;133,8;"BALNEARIO CAMBORIU";"Ausência de reação do condutor";"Colisão com objeto";"Sem Vítimas";"Plena Noite";"Crescente";"Chuva";"Simples";"Reta";"Sim";1;0;0;0;0;1;0;1;-26,99936;-48,64609;"SPRF-SC";"DEL04-SC";"UOP03-DEL04-SC"
458259;2022-06-27;"segunda-feira";"04:50:00";"MG";40;510;"RIBEIRAO DAS NEVES";"Iluminação deficiente";"Saída de leito carroçável";"Com Vítimas Feridas";"Plena Noite";"Decrescente";"Céu Claro";"Dupla";"Reta";"Não";1;0;1;0;0;0;1;1;-19,77463885;-44,12321882;"SPRF-MG";"DEL01-MG";"UOP02-DEL01-MG"
458260;2022-06-27;"segunda-feira";"05:30:00";"TO";153;131;"ARAGUAINA";"Avarias e/ou desgaste excessivo no pneu";"Colisão com objeto";"Sem Vítimas";"Amanhecer";"Crescente";"Céu Claro";"Dupla";"Reta";"Sim";1;0;0;0;0;1;0;1;-7,10025201;-48,17644299;"SPRF-TO";"DEL02-TO";"UOP01-DEL02-TO"
458263;2022-06-27;"segunda-feira";"07:15:00";"SP";116;279;"EMBU DAS ARTES";"Reação tardia ou ineficiente do condutor";"Colisão traseira";"Com Vítimas Feridas";"Pleno dia";"Decrescente";"Nublado";"Dupla";"Reta";"Sim";2;0;1;0;1;0;1;2;-23,66233697;-46,85292907;"SPRF-SP";"DEL04-SP";"UOP01-DEL04-SP"
458264;2022-06-27;"segunda-feira";"06:40:00";"MG";40;678,8;"RESSAQUINHA";"Ausência de reação do condutor";"Saída de leito carroçável";"Com Vítimas Feridas";"Pleno dia";"Crescente";"Nevoeiro/Neblina";"Simples";"Curva";"Não";4;0;4;0;0;0;4;1;-21,02723689;-43,78274886;"SPRF-MG";"DEL05-MG";"UOP02-DEL05-MG"
458266;2022-06-27;"segunda-feira";"07:00:00";"RN";427;46,9;"ACARI";"Transitar na contramão";"Colisão transversal";"Com Vítimas Feridas";"Pleno dia";"Crescente";"Ignorado";"Simples";"Reta";"Não";3;0;3;0;0;0;3;2;-6,55778154;-36,70421416;"SPRF-RN";"DEL03-RN";"UOP01-DEL03-RN"
458267;2022-06-27;"segunda-feira";"06:40:00";"ES";101;264,2;"SERRA";"Condutor deixou de manter distância do veículo da frente";"Engavetamento";"Com Vítimas Feridas";"Pleno dia";"Crescente";"Nublado";"Múltipla";"Reta";"Sim";5;0;1;0;4;0;1;4;-20,17292791;-40,26736384;"SPRF-ES";"DEL02-ES";"UOP01-DEL02-ES"
458269;2022-06-27;"segunda-feira";"07:30:00";"MG";251;517;"MONTES CLAROS";"Afundamento ou ondulação no pavimento";"Tombamento";"Com Vítimas Feridas";"Pleno dia";"Decrescente";"Céu Claro";"Simples";"Reta";"Não";1;0;1;0;0;0;1;1;-16,66154421;-43,76055398;"SPRF-MG";"DEL12-MG";"UOP01-DEL12-MG"
458271;2022-06-27;"segunda-feira";"00:30:00";"MG";381;486,9;"BETIM";"Condutor Dormindo";"Colisão com objeto";"Com Vítimas Feridas";"Plena Noite";"Crescente";"Céu Claro";"Dupla";"Curva";"Sim";1;0;1;0;0;0;1;1;-19,95644414;-44,13611598;"SPRF-MG";"DEL01-MG";"UOP03-DEL01-MG"
458272;2022-04-20;"quarta-feira";"21:30:00";"PR";376;488,8;"PONTA GROSSA";"Transitar na contramão";"Colisão frontal";"Com Vítimas Feridas";"Plena Noite";"Crescente";"Céu Claro";"Dupla";"Reta";"Sim";5;0;0;2;1;2;2;3;-25,09092361;-50,19635081;"SPRF-PR";"DEL03-PR";"UOP01-DEL03-PR"
458273;2022-06-27;"segunda-feira";"08:15:00";"SC";101;147;"ITAPEMA";"Ausência de reação do condutor";"Colisão traseira";"Com Vítimas Feridas";"Pleno dia";"Crescente";"Nublado";"Simples";"Reta";"Sim";2;0;1;0;1;0;1;2;-27,09237407;-48,61730888;"SPRF-SC";"DEL04-SC";"UOP03-DEL04-SC"
458276;2022-06-27;"segunda-feira";"08:00:00";"RJ";40;118;"DUQUE DE CAXIAS";"Acessar a via sem observar a presença dos outros veículos";"Queda de ocupante de veículo";"Com Vítimas Feridas";"Pleno dia";"Decrescente";"Nublado";"Múltipla";"Reta";"Sim";1;0;1;0;0;0;1;1;-22,75470802;-43,28737838;"SPRF-RJ";"DEL01-RJ";"UOP01-DEL01-RJ"
458278;2022-06-27;"segunda-feira";"04:00:00";"PA";10;294,4;"MAE DO RIO";"Entrada inopinada do pedestre";"Atropelamento de Pedestre";"Com Vítimas Fatais";"Amanhecer";"Crescente";"Nublado";"Simples";"Curva;Declive";"Não";2;1;0;0;0;1;0;2;-1,86068501;-47,52407284;"SPRF-PA";"DEL02-PA";"UOP01-DEL02-PA"
458279;2022-06-27;"segunda-feira";"07:30:00";"RJ";116;304;"RESENDE";"Ausência de reação do condutor";"Colisão traseira";"Sem Vítimas";"Amanhecer";"Crescente";"Céu Claro";"Simples";"Rotatória";"Sim";3;0;0;0;3;0;0;3;-22,4550412;-44,38649998;"SPRF-RJ";"DEL07-RJ";"UOP02-DEL07-RJ"
458281;2022-06-27;"segunda-feira";"08:40:00";"RJ";116;167;"SAO JOAO DE MERITI";"Reação tardia ou ineficiente do condutor";"Colisão lateral mesmo sentido";"Com Vítimas Feridas";"Pleno dia";"Decrescente";"Céu Claro";"Dupla";"Reta";"Sim";2;0;1;0;1;0;1;2;-22,81803977;-43,30787252;"SPRF-RJ";"DEL01-RJ";"UOP02-DEL01-RJ"
458282;2022-06-27;"segunda-feira";"09:00:00";"RS";116;563;"PEDRO OSORIO";"Acessar a via sem observar a presença dos outros veículos";"Colisão transversal";"Com Vítimas Feridas";"Pleno dia";"Decrescente";"Nublado";"Simples";"Interseção de Vias";"Não";2;0;1;0;1;0;1;2;-31,92367885;-52,71699026;"SPRF-RS";"DEL07-RS";"UOP03-DEL07-RS"
458283;2022-06-27;"segunda-feira";"09:25:00";"ES";101;211,8;"IBIRACU";"Acesso irregular";"Colisão transversal";"Com Vítimas Feridas";"Pleno dia";"Crescente";"Céu Claro";"Simples";"Reta";"Não";2;0;1;0;1;0;1;2;-19,80700903;-40,36767233;"SPRF-ES";"DEL02-ES";"UOP01-DEL02-ES"
458288;2022-06-27;"segunda-feira";"09:40:00";"PE";101;38,7;"IGARASSU";"Pedestre cruzava a pista fora da faixa";"Atropelamento de Pedestre";"Com Vítimas Feridas";"Pleno dia";"Crescente";"Céu Claro";"Dupla";"Reta";"Não";2;0;1;0;1;0;1;2;-7,80600806;-34,92522908;"SPRF-PE";"DEL01-PE";"UOP02-DEL01-PE"
458289;2022-06-27;"segunda-feira";"09:20:00";"GO";60;96;"ANAPOLIS";"Ausência de sinalização";"Colisão transversal";"Com Vítimas Feridas";"Pleno dia";"Crescente";"Céu Claro";"Simples";"Interseção de Vias";"Sim";2;0;1;0;1;0;1;2;-16,371;-48,9422;"SPRF-GO";"DEL02-GO";"UOP01-DEL02-GO"
458290;2022-06-27;"segunda-feira";"10:25:00";"MA";135;10,1;"SAO LUIS";"Reação tardia ou ineficiente do condutor";"Colisão traseira";"Com Vítimas Feridas";"Pleno dia";"Crescente";"Céu Claro";"Dupla";"Reta";"Sim";2;0;1;0;1;0;1;2;-2,655912;-44,28629098;"SPRF-MA";"DEL01-MA";"UOP01-DEL01-MA"
458291;2022-06-27;"segunda-feira";"10:30:00";"PB";230;53;"CRUZ DO ESPIRITO SANTO";"Condutor Dormindo";"Saída de leito carroçável";"Sem Vítimas";"Pleno dia";"Decrescente";"Nublado";"Dupla";"Reta";"Não";2;0;0;0;2;0;0;1;-7,20036319;-35,08174896;"SPRF-PB";"DEL01-PB";"UOP03-DEL01-PB"
458292;2022-06-27;"segunda-feira";"10:10:00";"RS";116;247,9;"SAO LEOPOLDO";"Condutor desrespeitou a iluminação vermelha do semáforo";"Colisão transversal";"Com Vítimas Feridas";"Pleno dia";"Crescente";"Nublado";"Dupla";"Viaduto";"Sim";3;0;1;0;1;1;1;3;-29,76733091;-51,1535296;"SPRF-RS";"DEL01-RS";"UOP02-DEL01-RS"
458293;2022-06-27;"segunda-feira";"10:25:00";"SC";101;199;"SAO JOSE";"Reação tardia ou ineficiente do condutor";"Atropelamento de Pedestre";"Com Vítimas Feridas";"Pleno dia";"Crescente";"Céu Claro";"Simples";"Reta";"Sim";2;0;1;0;1;0;1;2;-27,53413705;-48,63003205;"SPRF-SC";"DEL01-SC";"UOP01-DEL01-SC"
458294;2022-06-27;"segunda-feira";"10:13:00";"PE";232;4,1;"RECIFE";"Ausência de reação do condutor";"Atropelamento de Pedestre";"Com Vítimas Feridas";"Pleno dia";"Decrescente";"Nublado";"Múltipla";"Reta";"Sim";3;0;3;0;0;0;3;2;-8,06795766;-34,94535414;"SPRF-PE";"DEL01-PE";"UOP01-DEL01-PE"
458295;2022-06-27;"segunda-feira";"10:00:00";"RJ";116;168;"SAO JOAO DE MERITI";"Ausência de sinalização";"Atropelamento de Pedestre";"Com Vítimas Feridas";"Pleno dia";"Crescente";"Nublado";"Múltipla";"Reta";"Sim";2;0;1;0;0;1;1;2;-22,79846742;-43,35712991;"SPRF-RJ";"DEL01-RJ";"UOP02-DEL01-RJ"
458296;2022-06-27;"segunda-feira";"08:30:00";"PB";361;59;"OLHO DAGUA";"Reação tardia ou ineficiente do condutor";"Colisão com objeto";"Sem Vítimas";"Pleno dia";"Decrescente";"Céu Claro";"Simples";"Reta";"Não";1;0;0;0;1;0;0;1;-7,19246053;-37,7194243;"SPRF-PB";"DEL03-PB";"UOP01-DEL03-PB"
458298;2022-06-27;"segunda-feira";"11:20:00";"PR";376;589;"CURITIBA";"Reação tardia ou ineficiente do condutor";"Colisão lateral mesmo sentido";"Com Vítimas Feridas";"Pleno dia";"Decrescente";"Céu Claro";"Dupla";"Reta";"Sim";3;0;1;0;2;0;1;3;-25,44273905;-49,36419842;"SPRF-PR";"DEL01-PR";"UOP06-DEL01-PR"
458299;2022-06-27;"segunda-feira";"11:30:00";"CE";222;14,8;"CAUCAIA";"Desrespeitar a preferência no cruzamento";"Colisão transversal";"Com Vítimas Feridas";"Pleno dia";"Decrescente";"Céu Claro";"Simples";"Interseção de Vias;Reta";"Não";2;0;1;0;1;0;1;2;-3,76168497;-38,68641099;"SPRF-CE";"DEL01-CE";"UOP01-DEL01-CE"
458300;2022-06-27;"segunda-feira";"00:50:00";"GO";40;5,2;"VALPARAISO DE GOIAS";"Reação tardia ou ineficiente do condutor";"Tombamento";"Com Vítimas Feridas";"Plena Noite";"Decrescente";"Céu Claro";"Dupla";"Curva";"Sim";1;0;1;0;0;0;1;1;-16,093134;-47,982236;"SPRF-DF";"DEL01-DF";"UOP01-DEL01-DF"
458301;2022-06-27;"segunda-feira";"08:10:00";"RJ";101;321;"NITEROI";"Condutor deixou de manter distância do veículo da frente";"Colisão traseira";"Com Vítimas Feridas";"Pleno dia";"Crescente";"Nublado";"Dupla";"Reta";"Sim";2;0;0;1;1;0;1;1;-22,86981096;-43,11046465;"SPRF-RJ";"DEL02-RJ";"UOP01-DEL02-RJ"
458302;2022-06-27;"segunda-feira";"11:47:00";"GO";153;492;"GOIANIA";"Condutor deixou de manter distância do veículo da frente";"Colisão lateral mesmo sentido";"Com Vítimas Feridas";"Pleno dia";"Crescente";"Céu Claro";"Dupla";"Reta";"Sim";2;0;0;1;1;0;1;2;-16,6461;-49,2114;"SPRF-GO";"DEL01-GO";"UOP01-DEL01-GO"
458303;2022-06-27;"segunda-feira";"11:30:00";"PR";0;0;"FOZ DO IGUACU";"Animais na Pista";"Atropelamento de Animal";"Com Vítimas Feridas";"Pleno dia";"Não Informado";"Céu Claro";"Dupla";"Reta";"Sim";1;0;1;0;0;0;1;1;-25,5469;-54,5882;"SPRF-PR";"DEL05-PR";"UOP03-DEL05-PR"
458304;2022-06-27;"segunda-feira";"11:00:00";"BA";407;131;"SENHOR DO BONFIM";"Ingestão de álcool pelo condutor";"Colisão traseira";"Sem Vítimas";"Pleno dia";"Decrescente";"Céu Claro";"Simples";"Aclive";"Não";2;0;0;0;2;0;0;2;-10,49567411;-40,16127128;"SPRF-BA";"DEL04-BA";"UOP01-DEL04-BA"
458305;2022-06-27;"segunda-feira";"12:10:00";"BA";324;5;"FEIRA DE SANTANA";"Demais falhas mecânicas ou elétricas";"Colisão com objeto";"Com Vítimas Feridas";"Pleno dia";"Crescente";"Céu Claro";"Dupla";"Interseção de Vias;Declive";"Sim";2;0;1;0;1;0;1;2;-12,267113;-38,966988;"SPRF-BA";"DEL02-BA";"UOP01-DEL02-BA"
458306;2022-06-27;"segunda-feira";"05:30:00";"MT";174;120;"MIRASSOL DOESTE";"Velocidade Incompatível";"Saída de leito carroçável";"Com Vítimas Fatais";"Amanhecer";"Crescente";"Nevoeiro/Neblina";"Simples";"Curva";"Não";1;1;0;0;0;0;0;1;-15,84289326;-58,10810172;"SPRF-MT";"DEL03-MT";"UOP01-DEL03-MT"
458308;2022-04-01;"sexta-feira";"06:30:00";"SC";282;15,8;"PALHOCA";"Retorno proibido";"Colisão lateral mesmo sentido";"Com Vítimas Feridas";"Amanhecer";"Decrescente";"Nublado";"Simples";"Reta";"Sim";2;0;1;0;0;1;1;2;-27,651848;-48,676048;"SPRF-SC";"DEL01-SC";"UOP02-DEL01-SC"
458309;2022-06-27;"segunda-feira";"11:40:00";"PR";369;156,1;"LONDRINA";"Reação tardia ou ineficiente do condutor";"Colisão lateral mesmo sentido";"Com Vítimas Feridas";"Pleno dia";"Crescente";"Céu Claro";"Dupla";"Reta";"Sim";3;0;1;0;2;0;1;3;-23,291501;-51,217572;"SPRF-PR";"DEL07-PR";"UOP01-DEL07-PR"
458311;2022-06-27;"segunda-feira";"08:20:00";"SC";101;369;"ICARA";"Ausência de reação do condutor";"Colisão transversal";"Com Vítimas Feridas";"Pleno dia";"Crescente";"Céu Claro";"Dupla";"Reta";"Não";2;0;1;0;1;0;1;2;-28,69775604;-49,182934;"SPRF-SC";"DEL02-SC";"UOP01-DEL02-SC"
458313;2022-04-13;"quarta-feira";"12:23:00";"SC";101;215,5;"PALHOCA";"Ultrapassagem Indevida";"Colisão lateral mesmo sentido";"Com Vítimas Feridas";"Pleno dia";"Decrescente";"Céu Claro";"Simples";"Reta";"Sim";2;0;1;0;0;1;1;2;-27,65621691;-48,67809713;"SPRF-SC";"DEL01-SC";"UOP02-DEL01-SC"
458314;2022-06-27;"segunda-feira";"12:45:00";"PB";101;19;"MAMANGUAPE";"Demais falhas mecânicas ou elétricas";"Colisão lateral mesmo sentido";"Com Vítimas Feridas";"Pleno dia";"Decrescente";"Céu Claro";"Dupla";"Curva";"Não";2;0;1;0;1;0;1;2;-6,65604609;-35,11912427;"SPRF-PB";"DEL01-PB";"UOP04-DEL01-PB"
458318;2022-06-27;"segunda-feira";"13:30:00";"SC";282;6;"SAO JOSE";"Reação tardia ou ineficiente do condutor";"Colisão lateral mesmo sentido";"Com Vítimas Feridas";"Pleno dia";"Decrescente";"Céu Claro";"Dupla";"Curva";"Sim";2;0;1;0;1;0;1;2;-27,58313237;-48,61532885;"SPRF-SC";"DEL01-SC";"UOP01-DEL01-SC"
458320;2022-06-27;"segunda-feira";"13:00:00";"SC";282;382;"HERVAL DOESTE";"Manobra de mudança de faixa";"Colisão lateral mesmo sentido";"Com Vítimas Feridas";"Pleno dia";"Decrescente";"Céu Claro";"Simples";"Reta;Aclive";"Não";2;0;0;1;1;0;1;2;-27,19737346;-51,50672257;"SPRF-SC";"DEL07-SC";"UOP05-DEL07-SC"
458322;2022-06-01;"quarta-feira";"19:50:00";"PR";277;220;"TEIXEIRA SOARES";"Ultrapassagem Indevida";"Colisão frontal";"Com Vítimas Fatais";"Plena Noite";"Crescente";"Chuva";"Simples";"Declive";"Não";5;1;1;3;0;0;4;3;-25,46362638;-50,37796805;"SPRF-PR";"DEL08-PR";"UOP02-DEL08-PR"
458323;2022-06-27;"segunda-feira";"14:20:00";"CE";222;12;"CAUCAIA";"Velocidade Incompatível";"Queda de ocupante de veículo";"Com Vítimas Feridas";"Pleno dia";"Decrescente";"Céu Claro";"Simples";"Reta";"Não";1;0;1;0;0;0;1;1;-3,76479979;-38,66897196;"SPRF-CE";"DEL01-CE";"UOP01-DEL01-CE"
458327;2022-02-25;"sexta-feira";"21:15:00";"PA";316;44;"SANTA IZABEL DO PARA";"Acumulo de água sobre o pavimento";"Saída de leito carroçável";"Com Vítimas Feridas";"Plena Noite";"Crescente";"Chuva";"Dupla";"Reta";"Não";2;0;2;0;0;0;2;1;-1,27584082;-48,08742307;"SPRF-PA";"DEL01-PA";"UOP01-DEL01-PA"
458329;2022-06-27;"segunda-feira";"14:40:00";"MG";40;632,5;"CONSELHEIRO LAFAIETE";"Conversão proibida";"Colisão transversal";"Com Vítimas Feridas";"Pleno dia";"Crescente";"Céu Claro";"Simples";"Reta";"Sim";2;0;0;1;1;0;1;2;-20,67348593;-43,7968977;"SPRF-MG";"DEL05-MG";"UOP02-DEL05-MG"
458332;2022-06-27;"segunda-feira";"14:30:00";"BA";324;614;"SALVADOR";"Condutor deixou de manter distância do veículo da frente";"Colisão traseira";"Com Vítimas Feridas";"Pleno dia";"Crescente";"Nublado";"Dupla";"Reta";"Sim";3;0;1;1;1;0;2;2;-12,8639793;-38,42370126;"SPRF-BA";"DEL01-BA";"UOP01-DEL01-BA"
458333;2022-06-27;"segunda-feira";"15:40:00";"DF";20;12;"BRASILIA";"Acessar a via sem observar a presença dos outros veículos";"Colisão traseira";"Com Vítimas Feridas";"Pleno dia";"Crescente";"Céu Claro";"Dupla";"Reta";"Sim";2;0;1;0;1;0;1;2;-15,642812;-47,757786;"SPRF-DF";"DEL02-DF";"UOP01-DEL02-DF"
458335;2022-06-27;"segunda-feira";"15:40:00";"RJ";116;229;"PIRAI";"Mal súbito do condutor";"Colisão com objeto";"Com Vítimas Feridas";"Pleno dia";"Crescente";"Céu Claro";"Dupla";"Reta";"Sim";1;0;1;0;0;0;1;1;-22,65646622;-43,82206692;"SPRF-RJ";"DEL07-RJ";"UOP01-DEL07-RJ"
458337;2022-06-27;"segunda-feira";"16:10:00";"RS";386;347,7;"LAJEADO";"Desrespeitar a preferência no cruzamento";"Colisão transversal";"Sem Vítimas";"Pleno dia";"Decrescente";"Nublado";"Simples";"Rotatória";"Sim";2;0;0;0;2;0;0;2;-29,451736;-51,965893;"SPRF-RS";"DEL04-RS";"UOP01-DEL04-RS"
458339;2022-06-27;"segunda-feira";"14:40:00";"RO";319;59;"PORTO VELHO";"Condutor deixou de manter distância do veículo da frente";"Colisão traseira";"Com Vítimas Feridas";"Pleno dia";"Decrescente";"Céu Claro";"Dupla";"Reta";"Sim";2;0;1;0;1;0;1;2;-8,766685;-63,884052;"SPRF-RO";"DEL01-RO";"UOP01-DEL01-RO"
458340;2022-06-27;"segunda-feira";"16:45:00";"SP";116;224;"GUARULHOS";"Avarias e/ou desgaste excessivo no pneu";"Queda de ocupante de veículo";"Com Vítimas Feridas";"Pleno dia";"Crescente";"Céu Claro";"Múltipla";"Reta";"Sim";2;0;1;0;1;0;1;1;-23,48071896;-46,53271603;"SPRF-SP";"DEL01-SP";"UOP01-DEL01-SP"
458341;2022-06-27;"segunda-feira";"16:30:00";"SC";101;195;"BIGUACU";"Acessar a via sem observar a presença dos outros veículos";"Colisão transversal";"Sem Vítimas";"Pleno dia";"Crescente";"Céu Claro";"Múltipla";"Interseção de Vias";"Sim";2;0;0;0;1;1;0;2;-27,5047092;-48,65010819;"SPRF-SC";"DEL01-SC";"UOP01-DEL01-SC"