"id";"data_inversa";"dia_semana";"horario";"uf";"br";"km";"municipio";"causa_acidente";"tipo_acidente";"classificacao_acidente";"fase_dia";"sentido_via";"condicao_metereologica";"tipo_pista";"tracado_via";"uso_solo";"pessoas";"mortos";"feridos_leves";"feridos_graves";"ilesos";"ignorados";"feridos";"veiculos";"latitude";"longitude";"regional";"delegacia";"uop"
458342;2022-06-27;"segunda-feira";"16:45:00";"ES";101;445,2;"MIMOSO DO SUL";"Demais falhas mecânicas ou elétricas";"Saída de leito carroçável";"Com Vítimas Feridas";"Anoitecer";"Crescente";"Céu Claro";"Simples";"Curva";"Não";7;0;4;1;2;0;5;1;-21,11046291;-41,26351124;"SPRF-ES";"DEL03-ES";"UOP02-DEL03-ES"
458343;2022-06-27;"segunda-feira";"17:15:00";"MG";381;488,5;"BETIM";"Condutor deixou de manter distância do veículo da frente";"Colisão traseira";"Com Vítimas Feridas";"Pleno dia";"Crescente";"Sol";"Múltipla";"Reta";"Sim";2;0;0;1;0;1;1;2;-19,95753704;-44,12143707;"SPRF-MG";"DEL01-MG";"UOP03-DEL01-MG"
458346;2022-06-27;"segunda-feira";"14:40:00";"RJ";40;114;"DUQUE DE CAXIAS";"Ausência de reação do condutor";"Colisão com objeto";"Com Vítimas Feridas";"Pleno dia";"Crescente";"Céu Claro";"Múltipla";"Reta";"Sim";1;0;1;0;0;0;1;1;-22,71853604;-43,28993324;"SPRF-RJ";"DEL01-RJ";"UOP01-DEL01-RJ"
458348;2022-06-27;"segunda-feira";"17:55:00";"SP";116;210;"GUARULHOS";"Condutor deixou de manter distância do veículo da frente";"Colisão traseira";"Com Vítimas Feridas";"Anoitecer";"Crescente";"Nublado";"Múltipla";"Reta";"Não";2;0;1;0;1;0;1;2;-23,42870023;-46,41085991;"SPRF-SP";"DEL01-SP";"UOP01-DEL01-SP"
458350;2022-06-27;"segunda-feira";"17:35:00";"GO";60;101;"ANAPOLIS";"Ausência de reação do condutor";"Colisão traseira";"Com Vítimas Feridas";"Anoitecer";"Crescente";"Céu Claro";"Dupla";"Reta;Retorno Regulamentado";"Sim";2;0;1;0;1;0;1;2;-16,4022;-48,9745;"SPRF-GO";"DEL02-GO";"UOP01-DEL02-GO"
458351;2022-06-27;"segunda-feira";"15:45:00";"PR";369;185,4;"ARAPONGAS";"Reação tardia ou ineficiente do condutor";"Colisão lateral mesmo sentido";"Com Vítimas Feridas";"Pleno dia";"Crescente";"Céu Claro";"Simples";"Reta";"Sim";2;0;1;0;1;0;1;2;-23,409745;-51,42773;"SPRF-PR";"DEL07-PR";"UOP03-DEL07-PR"
458352;2022-06-27;"segunda-feira";"17:00:00";"SC";101;214;"PALHOCA";"Ausência de reação do condutor";"Colisão transversal";"Com Vítimas Feridas";"Anoitecer";"Decrescente";"Céu Claro";"Simples";"Interseção de Vias";"Não";2;0;1;0;1;0;1;2;-27,64443;-48,67057;"SPRF-SC";"DEL01-SC";"UOP02-DEL01-SC"
458354;2022-06-27;"segunda-feira";"16:50:00";"PR";369;120,1;"JATAIZINHO";"Avarias e/ou desgaste excessivo no pneu";"Saída de leito carroçável";"Com Vítimas Feridas";"Pleno dia";"Decrescente";"Céu Claro";"Dupla";"Reta";"Não";1;0;1;0;0;0;1;1;-23,28506991;-50,90296268;"SPRF-PR";"DEL07-PR";"UOP01-DEL07-PR"
458357;2022-06-27;"segunda-feira";"16:20:00";"RJ";116;169;"SAO JOAO DE MERITI";"Ausência de reação do condutor";"Colisão traseira";"Com Vítimas Feridas";"Pleno dia";"Crescente";"Céu Claro";"Múltipla";"Reta";"Sim";2;0;1;0;1;0;1;2;-22,816206;-43,324463;"SPRF-RJ";"DEL01-RJ";"UOP02-DEL01-RJ"
458358;2022-06-27;"segunda-feira";"16:30:00";"MG";365;720;"MONTE ALEGRE DE MINAS";"Condutor deixou de manter distância do veículo da frente";"Colisão traseira";"Com Vítimas Feridas";"Pleno dia";"Crescente";"Céu Claro";"Simples";"Aclive;Reta";"Não";4;0;1;0;3;0;1;2;-18,88055218;-49,187389;"SPRF-MG";"DEL15-MG";"UOP03-DEL15-MG"
458360;2022-06-27;"segunda-feira";"18:20:00";"SE";235;51;"ITABAIANA";"Retorno proibido";"Colisão transversal";"Com Vítimas Feridas";"Plena Noite";"Decrescente";"Nublado";"Simples";"Reta";"Sim";2;0;1;0;1;0;1;2;-10,693279;-37,437557;"SPRF-SE";"DEL01-SE";"UOP02-DEL01-SE"
458365;2022-06-27;"segunda-feira";"16:30:00";"SC";101;207;"SAO JOSE";"Condutor deixou de manter distância do veículo da frente";"Colisão traseira";"Com Vítimas Feridas";"Pleno dia";"Decrescente";"Sol";"Múltipla";"Reta";"Sim";2;0;1;0;1;0;1;2;-27,60001226;-48,6226467;"SPRF-SC";"DEL01-SC";"UOP01-DEL01-SC"
458366;2022-06-27;"segunda-feira";"18:55:00";"SP";153;76,3;"BADY BASSITT";"Objeto estático sobre o leito carroçável";"Colisão com objeto";"Com Vítimas Feridas";"Plena Noite";"Decrescente";"Céu Claro";"Dupla";"Em Obras;Reta";"Sim";2;0;1;1;0;0;2;1;-20,89941041;-49,4431879;"SPRF-SP";"DEL09-SP";"UOP01-DEL09-SP"
458367;2022-06-27;"segunda-feira";"18:45:00";"DF";20;10;"BRASILIA";"Condutor deixou de manter distância do veículo da frente";"Colisão traseira";"Com Vítimas Feridas";"Plena Noite";"Crescente";"Céu Claro";"Dupla";"Reta";"Não";2;0;1;0;1;0;1;2;-15,65328802;-47,78022766;"SPRF-DF";"DEL02-DF";"UOP01-DEL02-DF"
458368;2022-06-27;"segunda-feira";"18:00:00";"MG";50;167,9;"UBERABA";"Área urbana sem a presença de local apropriado para a travessia de pedestres";"Atropelamento de Pedestre";"Com Vítimas Feridas";"Anoitecer";"Decrescente";"Céu Claro";"Dupla";"Reta";"Sim";2;0;0;1;1;0;1;2;-19,7102529;-47,98304473;"SPRF-MG";"DEL13-MG";"UOP01-DEL13-MG"
458369;2022-06-27;"segunda-feira";"18:29:00";"MG";365;601;"UBERLANDIA";"Transitar na contramão";"Colisão frontal";"Com Vítimas Feridas";"Anoitecer";"Crescente";"Céu Claro";"Simples";"Declive;Curva";"Não";2;0;0;1;1;0;1;2;-18,891815;-48,144717;"SPRF-MG";"DEL15-MG";"UOP01-DEL15-MG"
458371;2022-06-27;"segunda-feira";"12:50:00";"RJ";101;300;"SAO GONCALO";"Manobra de mudança de faixa";"Colisão lateral mesmo sentido";"Com Vítimas Feridas";"Pleno dia";"Crescente";"Céu Claro";"Dupla";"Curva";"Sim";2;0;1;0;1;0;1;2;-22,77645713;-42,94783697;"SPRF-RJ";"DEL02-RJ";"UOP02-DEL02-RJ"
458373;2022-06-27;"segunda-feira";"17:45:00";"AC";364;117;"RIO BRANCO";"Avarias e/ou desgaste excessivo no pneu";"Tombamento";"Com Vítimas Feridas";"Plena Noite";"Decrescente";"Céu Claro";"Simples";"Reta";"Não";2;0;2;0;0;0;2;1;-10,012801;-67,728245;"SPRF-AC";"DEL01-AC";"UOP01-DEL01-AC"
458376;2022-05-21;"sábado";"11:00:00";"MT";70;757,7;"CACERES";"Animais na Pista";"Atropelamento de Animal";"Com Vítimas Feridas";"Pleno dia";"Crescente";"Céu Claro";"Simples";"Reta";"Não";2;0;1;0;0;1;1;2;-16,066144;-57,848026;"SPRF-MT";"DEL03-MT";"UOP01-DEL03-MT"
458377;2022-06-27;"segunda-feira";"19:45:00";"GO";60;107,3;"GOIANAPOLIS";"Manobra de mudança de faixa";"Colisão lateral mesmo sentido";"Com Vítimas Feridas";"Plena Noite";"Crescente";"Céu Claro";"Dupla";"Retorno Regulamentado";"Não";2;0;1;0;1;0;1;2;-16,431;-49,018;"SPRF-GO";"DEL02-GO";"UOP01-DEL02-GO"
458378;2022-06-27;"segunda-feira";"07:33:00";"SC";282;4,5;"SAO JOSE";"Trafegar com motocicleta (ou similar) entre as faixas";"Queda de ocupante de veículo";"Com Vítimas Feridas";"Plena Noite";"Crescente";"Nublado";"Dupla";"Reta";"Sim";1;0;1;0;0;0;1;1;-27,592646;-48,604034;"SPRF-SC";"DEL01-SC";"UOP01-DEL01-SC"
458379;2022-06-27;"segunda-feira";"18:30:00";"MT";163;833;"SINOP";"Desrespeitar a preferência no cruzamento";"Tombamento";"Com Vítimas Feridas";"Plena Noite";"Crescente";"Céu Claro";"Simples";"Retorno Regulamentado";"Sim";3;0;0;1;2;0;1;2;-11,878144;-55,499486;"SPRF-MT";"DEL06-MT";"UOP01-DEL06-MT"
458380;2022-06-27;"segunda-feira";"18:00:00";"BA";101;38;"ESPLANADA";"Pedestre andava na pista";"Atropelamento de Pedestre";"Com Vítimas Fatais";"Plena Noite";"Crescente";"Nublado";"Simples";"Aclive";"Sim";2;1;0;0;1;0;0;2;-11,83926609;-37,9902807;"SPRF-SE";"DEL02-SE";"UOP03-DEL02-SE"
458382;2022-06-27;"segunda-feira";"18:50:00";"MG";146;450;"MUZAMBINHO";"Animais na Pista";"Atropelamento de Animal";"Com Vítimas Feridas";"Plena Noite";"Crescente";"Céu Claro";"Simples";"Reta";"Não";1;0;1;0;0;0;1;1;-21,355841;-46,526557;"SPRF-MG";"DEL09-MG";"UOP01-DEL09-MG"
458383;2022-06-27;"segunda-feira";"18:30:00";"AL";104;91,3;"RIO LARGO";"Iluminação deficiente";"Atropelamento de Pedestre";"Com Vítimas Feridas";"Plena Noite";"Crescente";"Nublado";"Dupla";"Reta";"Sim";2;0;1;1;0;0;2;2;-9,50898856;-35,80777135;"SPRF-AL";"DEL01-AL";"UOP01-DEL01-AL"
458385;2022-06-27;"segunda-feira";"18:00:00";"PB";104;139;"QUEIMADAS";"Conversão proibida";"Colisão frontal";"Com Vítimas Feridas";"Plena Noite";"Decrescente";"Céu Claro";"Simples";"Reta";"Sim";2;0;1;0;0;1;1;2;-7,36948311;-35,89979635;"SPRF-PB";"DEL02-PB";"UOP03-DEL02-PB"
458388;2022-06-27;"segunda-feira";"19:10:00";"PR";116;43;"CAMPINA GRANDE DO SUL";"Chuva";"Saída de leito carroçável";"Com Vítimas Feridas";"Plena Noite";"Crescente";"Chuva";"Dupla";"Curva";"Não";3;0;1;0;2;0;1;1;-25,18101149;-48,88196442;"SPRF-PR";"DEL01-PR";"UOP02-DEL01-PR"
458389;2022-06-27;"segunda-feira";"20:00:00";"SC";116;278,8;"CAPAO ALTO";"Ingestão de álcool pelo condutor";"Saída de leito carroçável";"Sem Vítimas";"Plena Noite";"Crescente";"Céu Claro";"Simples";"Reta;Aclive";"Não";1;0;0;0;1;0;0;1;-28,02261627;-50,55760353;"SPRF-SC";"DEL05-SC";"UOP02-DEL05-SC"
458390;2022-06-27;"segunda-feira";"20:00:00";"GO";60;311,7;"ACREUNA";"Reação tardia ou ineficiente do condutor";"Saída de leito carroçável";"Com Vítimas Feridas";"Plena Noite";"Crescente";"Céu Claro";"Dupla";"Curva";"Não";4;0;4;0;0;0;4;1;-17,4173;-50,4189;"SPRF-GO";"DEL04-GO";"UOP01-DEL04-GO"
458392;2022-06-10;"sexta-feira";"07:45:00";"SC";280;30,8;"ARAQUARI";"Reação tardia ou ineficiente do condutor";"Colisão lateral mesmo sentido";"Com Vítimas Feridas";"Pleno dia";"Decrescente";"Sol";"Simples";"Reta";"Não";4;0;0;1;2;1;1;4;-26,41644142;-48,77114296;"SPRF-SC";"DEL03-SC";"UOP03-DEL03-SC"
458397;2022-06-27;"segunda-feira";"20:00:00";"PB";412;141,8;"MONTEIRO";"Reação tardia ou ineficiente do condutor";"Tombamento";"Com Vítimas Feridas";"Plena Noite";"Crescente";"Nublado";"Simples";"Reta";"Não";2;0;2;0;0;0;2;1;-7,872064;-37,092819;"SPRF-PB";"DEL02-PB";"UOP02-DEL02-PB"
458398;2022-06-27;"segunda-feira";"18:45:00";"GO";60;18,5;"ALEXANIA";"Transitar no acostamento";"Atropelamento de Pedestre";"Com Vítimas Feridas";"Anoitecer";"Crescente";"Céu Claro";"Dupla";"Curva";"Não";2;0;0;1;1;0;1;2;-16,0963;-48,5202;"SPRF-DF";"DEL03-DF";"UOP01-DEL03-DF"
458399;2022-06-27;"segunda-feira";"20:40:00";"SC";101;207;"SAO JOSE";"Desrespeitar a preferência no cruzamento";"Colisão transversal";"Com Vítimas Feridas";"Plena Noite";"Decrescente";"Céu Claro";"Múltipla";"Interseção de Vias";"Sim";3;0;1;0;2;0;1;2;-27,60001226;-48,6226467;"SPRF-SC";"DEL01-SC";"UOP01-DEL01-SC"
458401;2022-06-27;"segunda-feira";"19:50:00";"RJ";101;246;"RIO BONITO";"Reação tardia ou ineficiente do condutor";"Queda de ocupante de veículo";"Com Vítimas Feridas";"Plena Noite";"Crescente";"Nublado";"Dupla";"Reta";"Não";2;0;1;0;1;0;1;1;-22,65131199;-42,48889201;"SPRF-RJ";"DEL02-RJ";"UOP03-DEL02-RJ"
458402;2022-06-27;"segunda-feira";"20:50:00";"GO";153;200;"URUACU";"Condutor deixou de manter distância do veículo da frente";"Colisão traseira";"Sem Vítimas";"Plena Noite";"Crescente";"Céu Claro";"Simples";"Reta";"Sim";2;0;0;0;2;0;0;2;-14,513057;-49,149277;"SPRF-GO";"DEL07-GO";"UOP02-DEL07-GO"
458403;2022-06-27;"segunda-feira";"19:30:00";"RS";158;326;"SANTA MARIA";"Desrespeitar a preferência no cruzamento";"Colisão transversal";"Com Vítimas Feridas";"Plena Noite";"Decrescente";"Céu Claro";"Simples";"Rotatória";"Sim";2;0;0;1;0;1;1;2;-29,71552587;-53,81047726;"SPRF-RS";"DEL09-RS";"UOP01-DEL09-RS"
458405;2022-06-27;"segunda-feira";"21:00:00";"MG";381;358;"JOAO MONLEVADE";"Desrespeitar a preferência no cruzamento";"Colisão transversal";"Sem Vítimas";"Plena Noite";"Crescente";"Céu Claro";"Simples";"Reta";"Sim";2;0;0;0;2;0;0;2;-19,85592801;-43,21689055;"SPRF-MG";"DEL03-MG";"UOP01-DEL03-MG"
458406;2022-06-27;"segunda-feira";"21:10:00";"SC";470;69;"INDAIAL";"Acessar a via sem observar a presença dos outros veículos";"Colisão transversal";"Com Vítimas Feridas";"Plena Noite";"Decrescente";"Nublado";"Simples";"Reta;Em Obras";"Sim";2;0;1;0;1;0;1;2;-26,883745;-49,246704;"SPRF-SC";"DEL04-SC";"UOP01-DEL04-SC"
458407;2022-06-27;"segunda-feira";"18:48:00";"PE";408;76;"PAUDALHO";"Manobra de mudança de faixa";"Colisão com objeto";"Com Vítimas Feridas";"Plena Noite";"Decrescente";"Céu Claro";"Dupla";"Ponte";"Sim";2;0;1;0;0;1;1;1;-7,89525381;-35,17319083;"SPRF-PE";"DEL01-PE";"UOP01-DEL01-PE"
458410;2022-06-27;"segunda-feira";"18:00:00";"MT";158;622,7;"AGUA BOA";"Manobra de mudança de faixa";"Colisão lateral sentido oposto";"Sem Vítimas";"Plena Noite";"Crescente";"Céu Claro";"Simples";"Reta";"Não";3;0;0;0;3;0;0;2;-14,46856888;-52,27283722;"SPRF-MT";"DEL07-MT";"UOP02-DEL07-MT"
458411;2022-06-27;"segunda-feira";"18:40:00";"BA";110;35,6;"SANTA BRIGIDA";"Transitar na contramão";"Colisão frontal";"Com Vítimas Fatais";"Plena Noite";"Crescente";"Nublado";"Simples";"Declive";"Sim";2;1;0;0;0;1;0;2;-9,74018891;-38,24169159;"SPRF-BA";"DEL07-BA";"UOP01-DEL07-BA"
458412;2022-06-27;"segunda-feira";"18:20:00";"PR";277;171;"PALMEIRA";"Área urbana sem a presença de local apropriado para a travessia de pedestres";"Atropelamento de Pedestre";"Com Vítimas Feridas";"Anoitecer";"Crescente";"Céu Claro";"Simples";"Reta";"Sim";2;0;1;0;1;0;1;2;-25,45779015;-49,94062119;"SPRF-PR";"DEL03-PR";"UOP03-DEL03-PR"
458413;2022-06-27;"segunda-feira";"22:10:00";"SP";116;275,2;"EMBU DAS ARTES";"Velocidade Incompatível";"Colisão traseira";"Com Vítimas Feridas";"Plena Noite";"Crescente";"Céu Claro";"Dupla";"Curva";"Sim";7;0;1;0;6;0;1;4;-23,63638826;-46,83251584;"SPRF-SP";"DEL04-SP";"UOP01-DEL04-SP"
458414;2022-06-27;"segunda-feira";"21:00:00";"PE";232;316;"SERTANIA";"Manobra de mudança de faixa";"Colisão lateral sentido oposto";"Sem Vítimas";"Plena Noite";"Decrescente";"Céu Claro";"Simples";"Reta";"Não";2;0;0;0;1;1;0;2;-8,13209815;-37,50762102;"SPRF-PE";"DEL04-PE";"UOP02-DEL04-PE"
458415;2022-06-27;"segunda-feira";"22:50:00";"RS";290;150;"ARROIO DOS RATOS";"Ausência de reação do condutor";"Saída de leito carroçável";"Sem Vítimas";"Plena Noite";"Crescente";"Céu Claro";"Simples";"Reta";"Não";1;0;0;0;1;0;0;1;-30,105978;-51,706875;"SPRF-RS";"DEL02-RS";"UOP01-DEL02-RS"
458419;2022-06-28;"terça-feira";"00:00:00";"SP";116;140;"SAO JOSE DOS CAMPOS";"Falta de elemento de contenção que evite a saída do leito carroçável";"Capotamento";"Com Vítimas Feridas";"Plena Noite";"Crescente";"Céu Claro";"Dupla";"Reta";"Sim";1;0;1;0;0;0;1;1;-23,16577714;-45,81246193;"SPRF-SP";"DEL02-SP";"UOP01-DEL02-SP"
458420;2022-06-28;"terça-feira";"01:00:00";"MT";158;3,4;"BARRA DO GARCAS";"Reação tardia ou ineficiente do condutor";"Colisão com objeto";"Com Vítimas Feridas";"Plena Noite";"Decrescente";"Céu Claro";"Dupla";"Retorno Regulamentado";"Sim";1;0;1;0;0;0;1;1;-15,806733;-52,2925035;"SPRF-MT";"DEL07-MT";"UOP02-DEL07-MT"
458421;2022-06-27;"segunda-feira";"21:20:00";"MT";163;980;"TERRA NOVA DO NORTE";"Velocidade Incompatível";"Saída de leito carroçável";"Sem Vítimas";"Plena Noite";"Crescente";"Céu Claro";"Simples";"Curva";"Não";1;0;0;0;0;1;0;1;-10,76508986;-55,15165735;"SPRF-MT";"DEL06-MT";"NPF/DEL06-MT"
458423;2022-06-28;"terça-feira";"03:35:00";"AL";104;45;"BRANQUINHA";"Condutor Dormindo";"Capotamento";"Com Vítimas Feridas";"Plena Noite";"Crescente";"Chuva";"Simples";"Reta";"Não";1;0;1;0;0;0;1;1;-9,2353267;-36,01929866;"SPRF-AL";"DEL01-AL";"UOP02-DEL01-AL"
458426;2022-06-28;"terça-feira";"03:30:00";"BA";324;612,9;"SALVADOR";"Condutor deixou de manter distância do veículo da frente";"Colisão traseira";"Sem Vítimas";"Plena Noite";"Crescente";"Céu Claro";"Dupla";"Reta";"Sim";4;0;0;0;3;1;0;2;-12,84664721;-38,41741648;"SPRF-BA";"DEL01-BA";"UOP01-DEL01-BA"
458432;2022-06-28;"terça-feira";"06:15:00";"RS";392;88;"PELOTAS";"Demais falhas mecânicas ou elétricas";"Incêndio";"Sem Vítimas";"Amanhecer";"Crescente";"Chuva";"Simples";"Aclive";"Não";1;0;0;0;1;0;0;1;-31,62068801;-52,50653602;"SPRF-RS";"DEL07-RS";"UOP01-DEL07-RS"
458433;2022-06-28;"terça-feira";"06:45:00";"GO";70;2;"AGUAS LINDAS DE GOIAS";"Demais falhas mecânicas ou elétricas";"Colisão com objeto";"Com Vítimas Feridas";"Amanhecer";"Decrescente";"Céu Claro";"Dupla";"Declive;Curva";"Sim";2;0;2;0;0;0;2;1;-15,767021;-48,229945;"SPRF-DF";"DEL03-DF";"UOP02-DEL03-DF"
458435;2022-06-27;"segunda-feira";"21:00:00";"PR";373;262;"PRUDENTOPOLIS";"Acessar a via sem observar a presença dos outros veículos";"Colisão transversal";"Com Vítimas Feridas";"Plena Noite";"Crescente";"Vento";"Simples";"Reta";"Sim";4;0;1;0;3;0;1;2;-25,20035466;-50,96330988;"SPRF-PR";"DEL08-PR";"UOP01-DEL08-PR"
458437;2022-06-24;"sexta-feira";"14:55:00";"BA";324;546,6;"AMELIA RODRIGUES";"Manobra de mudança de faixa";"Saída de leito carroçável";"Com Vítimas Feridas";"Pleno dia";"Decrescente";"Chuva";"Dupla";"Reta";"Não";2;0;1;0;1;0;1;2;-12,41513603;-38,75158107;"SPRF-BA";"DEL01-BA";"UOP03-DEL01-BA"
458438;2022-06-28;"terça-feira";"06:50:00";"PR";277;720;"FOZ DO IGUACU";"Ausência de reação do condutor";"Saída de leito carroçável";"Sem Vítimas";"Pleno dia";"Decrescente";"Céu Claro";"Dupla";"Reta";"Sim";1;0;0;0;1;0;0;1;-25,48750984;-54,50317706;"SPRF-PR";"DEL05-PR";"UOP03-DEL05-PR"
458440;2022-06-28;"terça-feira";"07:20:00";"DF";20;10;"BRASILIA";"Velocidade Incompatível";"Colisão traseira";"Com Vítimas Feridas";"Pleno dia";"Crescente";"Céu Claro";"Dupla";"Aclive;Reta";"Sim";2;0;1;0;1;0;1;2;-15,650243;-47,773872;"SPRF-DF";"DEL02-DF";"UOP01-DEL02-DF"
458441;2022-06-28;"terça-feira";"07:30:00";"RS";392;117,1;"CANGUCU";"Ausência de reação do condutor";"Saída de leito carroçável";"Sem Vítimas";"Pleno dia";"Crescente";"Garoa/Chuvisco";"Simples";"Rotatória";"Não";1;0;0;0;1;0;0;1;-31,41369338;-52,67628308;"SPRF-RS";"DEL07-RS";"UOP01-DEL07-RS"
458443;2022-06-28;"terça-feira";"07:19:00";"PI";343;2;"TERESINA";"Condutor desrespeitou a iluminação vermelha do semáforo";"Colisão transversal";"Com Vítimas Feridas";"Pleno dia";"Decrescente";"Sol";"Dupla";"Reta;Retorno Regulamentado";"Sim";2;0;0;1;1;0;1;2;-5,089569;-42,802288;"SPRF-PI";"DEL01-PI";"UOP01-DEL01-PI"
458445;2022-05-29;"domingo";"15:00:00";"SC";101;173;"TIJUCAS";"Manobra de mudança de faixa";"Colisão lateral mesmo sentido";"Com Vítimas Feridas";"Pleno dia";"Decrescente";"Chuva";"Dupla";"Reta";"Não";2;0;2;0;0;0;2;1;-27,3209923;-48,62789154;"SPRF-SC";"DEL04-SC";"UOP03-DEL04-SC"
458446;2022-06-28;"terça-feira";"07:17:00";"RJ";40;122;"DUQUE DE CAXIAS";"Frear bruscamente";"Colisão traseira";"Com Vítimas Feridas";"Pleno dia";"Crescente";"Céu Claro";"Dupla";"Reta";"Sim";2;0;1;0;0;1;1;2;-22,79083113;-43,28611569;"SPRF-RJ";"DEL01-RJ";"UOP01-DEL01-RJ"
458447;2022-06-28;"terça-feira";"00:03:00";"RO";364;540;"ALTO PARAISO";"Demais falhas na via";"Capotamento";"Com Vítimas Feridas";"Plena Noite";"Decrescente";"Céu Claro";"Simples";"Curva";"Não";1;0;1;0;0;0;1;1;-9,725236;-63,119003;"SPRF-RO";"DEL03-RO";"UOP01-DEL03-RO"
458449;2022-06-28;"terça-feira";"08:15:00";"SC";101;206,9;"SAO JOSE";"Manobra de mudança de faixa";"Colisão lateral mesmo sentido";"Com Vítimas Feridas";"Pleno dia";"Decrescente";"Sol";"Múltipla";"Reta";"Sim";2;0;1;0;1;0;1;2;-27,59193546;-48,61824557;"SPRF-SC";"DEL01-SC";"UOP01-DEL01-SC"
458451;2022-06-28;"terça-feira";"07:59:00";"PB";230;23,8;"JOAO PESSOA";"Manobra de mudança de faixa";"Colisão lateral mesmo sentido";"Com Vítimas Feridas";"Pleno dia";"Decrescente";"Sol";"Dupla";"Aclive;Viaduto;Reta";"Sim";2;0;1;0;1;0;1;2;-7,1562;-34,8574;"SPRF-PB";"DEL01-PB";"UOP01-DEL01-PB"
458454;2022-01-17;"segunda-feira";"15:00:00";"MG";116;815;"ALEM PARAIBA";"Conversão proibida";"Colisão transversal";"Com Vítimas Feridas";"Pleno dia";"Crescente";"Céu Claro";"Simples";"Reta";"Não";2;0;2;0;0;0;2;2;-21,86200678;-42,66859006;"SPRF-MG";"DEL07-MG";"UOP01-DEL07-MG"
458455;2022-06-08;"quarta-feira";"18:30:00";"PR";369;154;"LONDRINA";"Ausência de reação do condutor";"Queda de ocupante de veículo";"Com Vítimas Feridas";"Plena Noite";"Crescente";"Céu Claro";"Dupla";"Reta";"Sim";2;0;0;1;1;0;1;2;-23,29768074;-51,19882643;"SPRF-PR";"DEL07-PR";"UOP01-DEL07-PR"
458457;2022-06-28;"terça-feira";"07:46:00";"MT";163;833;"SINOP";"Reação tardia ou ineficiente do condutor";"Queda de ocupante de veículo";"Com Vítimas Feridas";"Pleno dia";"Decrescente";"Céu Claro";"Dupla";"Retorno Regulamentado;Reta";"Sim";1;0;1;0;0;0;1;1;-12,004832;-55,51713;"SPRF-MT";"DEL06-MT";"UOP01-DEL06-MT"
458458;2022-06-27;"segunda-feira";"03:05:00";"RO";425;40;"PORTO VELHO";"Animais na Pista";"Colisão frontal";"Sem Vítimas";"Plena Noite";"Crescente";"Céu Claro";"Simples";"Reta";"Não";2;0;0;0;2;0;0;1;-9,911933;-65,282417;"SPRF-RO";"DEL01-RO";"UOP03-DEL01-RO"
458459;2022-05-28;"sábado";"14:20:00";"PR";369;185,2;"ARAPONGAS";"Acessar a via sem observar a presença dos outros veículos";"Colisão transversal";"Com Vítimas Feridas";"Pleno dia";"Crescente";"Céu Claro";"Simples";"Interseção de Vias";"Sim";4;0;1;0;0;3;1;3;-23,4094671;-51,42769396;"SPRF-PR";"DEL07-PR";"UOP03-DEL07-PR"
458461;2022-04-05;"terça-feira";"23:00:00";"MG";40;516;"RIBEIRAO DAS NEVES";"Demais falhas mecânicas ou elétricas";"Queda de ocupante de veículo";"Com Vítimas Feridas";"Plena Noite";"Decrescente";"Céu Claro";"Dupla";"Reta";"Sim";2;0;0;1;1;0;1;1;-19,81628624;-44,08960124;"SPRF-MG";"DEL01-MG";"UOP02-DEL01-MG"
458462;2022-06-28;"terça-feira";"08:40:00";"MS";262;387;"TERENOS";"Avarias e/ou desgaste excessivo no pneu";"Tombamento";"Com Vítimas Feridas";"Pleno dia";"Decrescente";"Céu Claro";"Simples";"Reta";"Não";2;0;1;1;0;0;2;1;-20,42951109;-54,90062202;"SPRF-MS";"DEL01-MS";"UOP03-DEL01-MS"
458463;2022-06-28;"terça-feira";"07:45:00";"GO";50;222;"CAMPO ALEGRE DE GOIAS";"Reação tardia ou ineficiente do condutor";"Colisão com objeto";"Com Vítimas Feridas";"Pleno dia";"Decrescente";"Céu Claro";"Dupla";"Declive";"Não";2;0;1;0;1;0;1;1;-17,7395;-47,7318;"SPRF-GO";"DEL06-GO";"UOP01-DEL06-GO"
458465;2022-06-28;"terça-feira";"09:45:00";"TO";153;141;"ARAGUAINA";"Acessar a via sem observar a presença dos outros veículos";"Colisão transversal";"Com Vítimas Feridas";"Pleno dia";"Decrescente";"Céu Claro";"Múltipla";"Rotatória";"Sim";2;0;1;0;1;0;1;2;-7,175959;-48,219548;"SPRF-TO";"DEL02-TO";"UOP01-DEL02-TO"
458466;2022-06-28;"terça-feira";"08:45:00";"PR";476;137,8;"CURITIBA";"Manobra de mudança de faixa";"Colisão lateral mesmo sentido";"Com Vítimas Feridas";"Pleno dia";"Decrescente";"Céu Claro";"Dupla";"Reta";"Sim";2;0;1;0;1;0;1;2;-25,498302;-49,277546;"SPRF-PR";"DEL01-PR";"UOP03-DEL01-PR"
458468;2022-06-20;"segunda-feira";"16:30:00";"MS";0;0;"NOVA ANDRADINA";"Frear bruscamente";"Colisão traseira";"Sem Vítimas";"Pleno dia";"Não Informado";"Céu Claro";"Dupla";"Interseção de Vias;Reta";"Sim";4;0;0;0;4;0;0;3;-22,25110685;-53,35070556;"SPRF-MS";"DEL02-MS";"UOP03-DEL02-MS"
458471;2022-06-28;"terça-feira";"10:13:00";"PE";232;93;"SAIRE";"Manobra de mudança de faixa";"Colisão traseira";"Com Vítimas Feridas";"Pleno dia";"Crescente";"Sol";"Dupla";"Reta";"Não";3;0;2;0;0;1;2;2;-8,22169948;-35,68231217;"SPRF-PE";"DEL02-PE";"UOP02-DEL02PE"