"id";"data_inversa";"dia_semana";"horario";"uf";"br";"km";"municipio";"causa_acidente";"tipo_acidente";"classificacao_acidente";"fase_dia";"sentido_via";"condicao_metereologica";"tipo_pista";"tracado_via";"uso_solo";"pessoas";"mortos";"feridos_leves";"feridos_graves";"ilesos";"ignorados";"feridos";"veiculos";"latitude";"longitude";"regional";"delegacia";"uop"
458732;2022-06-29;"quarta-feira";"21:25:00";"SC";101;444,5;"SANTA ROSA DO SUL";"Transitar na contramão";"Colisão lateral mesmo sentido";"Com Vítimas Feridas";"Plena Noite";"Crescente";"Nublado";"Simples";"Interseção de Vias";"Sim";2;0;1;0;1;0;1;2;-29,13479517;-49,70645294;"SPRF-SC";"DEL02-SC";"UOP02-DEL02-SC"
458737;2022-06-29;"quarta-feira";"23:22:00";"BA";407;3;"JUAZEIRO";"Ausência de reação do condutor";"Queda de ocupante de veículo";"Com Vítimas Feridas";"Plena Noite";"Crescente";"Céu Claro";"Simples";"Reta";"Sim";1;0;1;0;0;0;1;1;-9,43134011;-40,49823324;"SPRF-PE";"DEL06-PE";"UOP01-DEL06-PE"
458740;2022-06-30;"quinta-feira";"00:15:00";"MG";381;507;"SAO JOAQUIM DE BICAS";"Afundamento ou ondulação no pavimento";"Queda de ocupante de veículo";"Com Vítimas Feridas";"Plena Noite";"Decrescente";"Céu Claro";"Dupla";"Reta";"Não";2;0;1;0;1;0;1;1;-20,05643192;-44,28663308;"SPRF-MG";"DEL01-MG";"UOP03-DEL01-MG"
458741;2022-06-29;"quarta-feira";"23:00:00";"PR";277;199;"PALMEIRA";"Reação tardia ou ineficiente do condutor";"Saída de leito carroçável";"Com Vítimas Feridas";"Plena Noite";"Crescente";"Céu Claro";"Simples";"Curva";"Não";1;0;1;0;0;0;1;1;-25,4498143;-50,19419485;"SPRF-PR";"DEL08-PR";"UOP02-DEL08-PR"
458742;2022-06-30;"quinta-feira";"00:30:00";"SP";116;217,5;"GUARULHOS";"Pedestre andava na pista";"Atropelamento de Pedestre";"Com Vítimas Fatais";"Plena Noite";"Crescente";"Ignorado";"Múltipla";"Reta";"Sim";2;1;0;0;0;1;0;2;-23,45423824;-46,47119028;"SPRF-SP";"DEL01-SP";"UOP01-DEL01-SP"
458744;2022-06-30;"quinta-feira";"01:30:00";"PR";277;81,7;"CURITIBA";"Ausência de reação do condutor";"Colisão traseira";"Com Vítimas Feridas";"Plena Noite";"Decrescente";"Ignorado";"Dupla";"Reta";"Sim";2;0;1;0;1;0;1;2;-25,46652419;-49,21531677;"SPRF-PR";"DEL01-PR";"UOP01-DEL01-PR"
458747;2022-06-30;"quinta-feira";"04:00:00";"RJ";393;177;"PARAIBA DO SUL";"Ingestão de álcool pelo condutor";"Saída de leito carroçável";"Com Vítimas Feridas";"Plena Noite";"Decrescente";"Céu Claro";"Simples";"Reta";"Sim";3;0;3;0;0;0;3;2;-22,1305317;-43,22040965;"SPRF-RJ";"DEL05-RJ";"UOP03-DEL05-RJ"
458748;2022-06-30;"quinta-feira";"05:15:00";"SC";470;146,9;"RIO DO SUL";"Ingestão de álcool pelo condutor";"Colisão com objeto";"Com Vítimas Feridas";"Plena Noite";"Crescente";"Nevoeiro/Neblina";"Simples";"Reta";"Sim";1;0;1;0;0;0;1;1;-27,240673;-49,685822;"SPRF-SC";"DEL04-SC";"UOP02-DEL04-SC"
458751;2022-06-30;"quinta-feira";"05:00:00";"MT";364;392;"CUIABA";"Ausência de reação do condutor";"Saída de leito carroçável";"Sem Vítimas";"Amanhecer";"Crescente";"Céu Claro";"Dupla";"Reta";"Não";2;0;0;0;2;0;0;1;-15,701122;-55,881774;"SPRF-MT";"DEL01-MT";"UOP02-DEL01-MT"
458753;2022-06-30;"quinta-feira";"06:40:00";"MG";262;38;"MANHUACU";"Estacionar ou parar em local proibido";"Eventos atípicos";"Com Vítimas Feridas";"Pleno dia";"Crescente";"Céu Claro";"Simples";"Reta";"Sim";2;0;0;1;1;0;1;2;-20,26305859;-42,03684948;"SPRF-MG";"DEL06-MG";"UOP03-DEL06-MG"
458755;2022-06-30;"quinta-feira";"06:45:00";"RS";116;530;"CAPAO DO LEAO";"Ausência de reação do condutor";"Colisão transversal";"Com Vítimas Feridas";"Amanhecer";"Crescente";"Céu Claro";"Simples";"Reta";"Sim";2;0;1;0;1;0;1;2;-31,7590834;-52,43687971;"SPRF-RS";"DEL07-RS";"UOP01-DEL07-RS"
458756;2022-06-30;"quinta-feira";"07:35:00";"DF";40;4;"BRASILIA";"Condutor deixou de manter distância do veículo da frente";"Colisão traseira";"Com Vítimas Feridas";"Pleno dia";"Decrescente";"Céu Claro";"Dupla";"Reta";"Sim";3;0;1;0;1;1;1;3;-16,012033;-47,982124;"SPRF-DF";"DEL01-DF";"UOP01-DEL01-DF"
458757;2022-06-30;"quinta-feira";"07:10:00";"SC";470;56,3;"BLUMENAU";"Ausência de reação do condutor";"Colisão traseira";"Com Vítimas Feridas";"Amanhecer";"Crescente";"Nublado";"Simples";"Reta";"Não";2;0;1;0;1;0;1;2;-26,87674;-49,127743;"SPRF-SC";"DEL04-SC";"UOP01-DEL04-SC"
458759;2022-06-30;"quinta-feira";"05:37:00";"MS";262;558;"MIRANDA";"Pedestre andava na pista";"Atropelamento de Pedestre";"Com Vítimas Fatais";"Amanhecer";"Crescente";"Nevoeiro/Neblina";"Simples";"Reta";"Sim";3;1;0;0;2;0;0;2;-20,231153;-56,388507;"SPRF-MS";"DEL03-MS";"UOP02-DEL03-MS"
458760;2022-06-30;"quinta-feira";"08:00:00";"SC";101;214;"PALHOCA";"Manobra de mudança de faixa";"Colisão lateral mesmo sentido";"Com Vítimas Feridas";"Pleno dia";"Decrescente";"Céu Claro";"Múltipla";"Reta";"Sim";2;0;1;0;1;0;1;2;-27,64443;-48,67057;"SPRF-SC";"DEL01-SC";"UOP02-DEL01-SC"
458761;2022-06-30;"quinta-feira";"07:00:00";"PE";101;50,8;"ABREU E LIMA";"Acessar a via sem observar a presença dos outros veículos";"Colisão transversal";"Sem Vítimas";"Pleno dia";"Crescente";"Céu Claro";"Múltipla";"Retorno Regulamentado;Reta";"Sim";2;0;0;0;1;1;0;2;-7,90938602;-34,90123228;"SPRF-PE";"DEL01-PE";"UOP02-DEL01-PE"
458762;2022-06-30;"quinta-feira";"07:45:00";"SC";101;214;"PALHOCA";"Ausência de reação do condutor";"Colisão traseira";"Com Vítimas Feridas";"Pleno dia";"Decrescente";"Céu Claro";"Múltipla";"Reta";"Sim";5;0;4;0;1;0;4;5;-27,64443;-48,67057;"SPRF-SC";"DEL01-SC";"UOP02-DEL01-SC"
458763;2022-06-30;"quinta-feira";"06:18:00";"BA";242;393;"SEABRA";"Trafegar com motocicleta (ou similar) entre as faixas";"Colisão transversal";"Com Vítimas Feridas";"Amanhecer";"Crescente";"Nublado";"Simples";"Interseção de Vias";"Sim";3;0;1;0;2;0;1;2;-12,458997;-41,633717;"SPRF-BA";"DEL06-BA";"UOP01-DEL06-BA"
458764;2022-06-30;"quinta-feira";"06:40:00";"SC";101;218;"PALHOCA";"Ausência de reação do condutor";"Colisão lateral sentido oposto";"Com Vítimas Feridas";"Pleno dia";"Crescente";"Céu Claro";"Simples";"Viaduto";"Sim";2;0;1;0;1;0;1;2;-27,6758601;-48,67052525;"SPRF-SC";"DEL01-SC";"UOP02-DEL01-SC"
458766;2022-06-30;"quinta-feira";"08:15:00";"PE";101;57;"PAULISTA";"Condutor deixou de manter distância do veículo da frente";"Colisão traseira";"Com Vítimas Feridas";"Pleno dia";"Crescente";"Nublado";"Dupla";"Reta";"Sim";4;0;0;2;2;0;2;3;-7,96346213;-34,91513486;"SPRF-PE";"DEL01-PE";"UOP02-DEL01-PE"
458768;2022-06-30;"quinta-feira";"08:33:00";"SC";101;213;"PALHOCA";"Ultrapassagem Indevida";"Colisão lateral mesmo sentido";"Com Vítimas Feridas";"Pleno dia";"Decrescente";"Céu Claro";"Múltipla";"Reta";"Não";2;0;1;0;1;0;1;2;-27,63697369;-48,66514142;"SPRF-SC";"DEL01-SC";"UOP02-DEL01-SC"
458769;2022-06-30;"quinta-feira";"07:45:00";"MG";381;481,6;"CONTAGEM";"Trafegar com motocicleta (ou similar) entre as faixas";"Colisão lateral mesmo sentido";"Com Vítimas Feridas";"Pleno dia";"Crescente";"Céu Claro";"Dupla";"Reta";"Sim";1;0;1;0;0;0;1;1;-19,95931561;-44,08825597;"SPRF-MG";"DEL01-MG";"UOP03-DEL01-MG"
458770;2022-06-30;"quinta-feira";"07:50:00";"SC";101;25;"JOINVILLE";"Reação tardia ou ineficiente do condutor";"Colisão transversal";"Com Vítimas Feridas";"Pleno dia";"Decrescente";"Céu Claro";"Simples";"Interseção de Vias";"Sim";2;0;1;0;1;0;1;2;-26,1847073;-48,91074121;"SPRF-SC";"DEL03-SC";"UOP01-DEL03-SC"
458775;2022-06-30;"quinta-feira";"08:30:00";"PR";369;153,6;"LONDRINA";"Reação tardia ou ineficiente do condutor";"Colisão traseira";"Com Vítimas Feridas";"Pleno dia";"Crescente";"Céu Claro";"Dupla";"Reta";"Sim";3;0;1;0;2;0;1;2;-23,29811724;-51,19442225;"SPRF-PR";"DEL07-PR";"UOP01-DEL07-PR"
458776;2022-06-30;"quinta-feira";"09:00:00";"BA";235;352,1;"JUAZEIRO";"Desrespeitar a preferência no cruzamento";"Colisão transversal";"Com Vítimas Feridas";"Pleno dia";"Crescente";"Céu Claro";"Simples";"Rotatória";"Sim";2;0;1;1;0;0;2;2;-9,41740208;-40,50702672;"SPRF-PE";"DEL06-PE";"UOP01-DEL06-PE"
458778;2022-06-30;"quinta-feira";"09:30:00";"RJ";101;309;"SAO GONCALO";"Manobra de mudança de faixa";"Colisão traseira";"Com Vítimas Feridas";"Pleno dia";"Decrescente";"Céu Claro";"Dupla";"Reta";"Não";2;0;2;0;0;0;2;2;-22,79498873;-43,03446105;"SPRF-RJ";"DEL02-RJ";"UOP02-DEL02-RJ"
458779;2022-06-30;"quinta-feira";"08:16:00";"RN";226;62;"SENADOR ELOI DE SOUZA";"Manobra de mudança de faixa";"Colisão frontal";"Com Vítimas Fatais";"Pleno dia";"Decrescente";"Sol";"Simples";"Aclive;Reta;Em Obras";"Não";7;1;1;0;2;3;1;4;-6,05016006;-35,67466683;"SPRF-RN";"DEL01-RN";"UOP02-DEL01-RN"
458780;2022-06-30;"quinta-feira";"07:55:00";"MG";365;616;"UBERLANDIA";"Reação tardia ou ineficiente do condutor";"Engavetamento";"Sem Vítimas";"Pleno dia";"Crescente";"Céu Claro";"Dupla";"Aclive";"Sim";3;0;0;0;3;0;0;3;-18,884602;-48,26594;"SPRF-MG";"DEL15-MG";"UOP01-DEL15-MG"
458781;2022-06-30;"quinta-feira";"08:30:00";"BA";101;186;"GOVERNADOR MANGABEIRA";"Problema na suspensão";"Saída de leito carroçável";"Com Vítimas Feridas";"Pleno dia";"Crescente";"Céu Claro";"Simples";"Reta";"Não";2;0;2;0;0;0;2;1;-12,56190192;-38,97689659;"SPRF-BA";"DEL01-BA";"UOP03-DEL01-BA"
458783;2022-06-30;"quinta-feira";"10:00:00";"PE";101;68,3;"RECIFE";"Ausência de reação do condutor";"Colisão traseira";"Sem Vítimas";"Pleno dia";"Decrescente";"Céu Claro";"Dupla";"Reta";"Sim";3;0;0;0;2;1;0;3;-8,05074296;-34,94580619;"SPRF-PE";"DEL01-PE";"UOP01-DEL01-PE"
458784;2022-06-30;"quinta-feira";"09:15:00";"SC";282;3,5;"FLORIANOPOLIS";"Manobra de mudança de faixa";"Colisão lateral mesmo sentido";"Com Vítimas Feridas";"Pleno dia";"Decrescente";"Céu Claro";"Múltipla";"Reta";"Sim";2;0;1;0;1;0;1;2;-27,600384;-48,599705;"SPRF-SC";"DEL01-SC";"UOP01-DEL01-SC"
458786;2022-06-30;"quinta-feira";"09:30:00";"PE";232;43;"VITORIA DE SANTO ANTAO";"Condutor Dormindo";"Colisão com objeto";"Com Vítimas Feridas";"Pleno dia";"Crescente";"Nublado";"Dupla";"Curva";"Não";1;0;1;0;0;0;1;1;-8,11729755;-35,26097515;"SPRF-PE";"DEL01-PE";"UOP01-DEL01-PE"
458787;2022-06-30;"quinta-feira";"10:00:00";"PR";476;128;"CURITIBA";"Condutor deixou de manter distância do veículo da frente";"Colisão traseira";"Com Vítimas Feridas";"Pleno dia";"Decrescente";"Céu Claro";"Múltipla";"Reta";"Sim";5;0;2;0;1;2;2;3;-25,433048;-49,23156;"SPRF-PR";"DEL01-PR";"UOP01-DEL01-PR"
458788;2022-06-30;"quinta-feira";"10:48:00";"GO";153;362;"JARAGUA";"Reação tardia ou ineficiente do condutor";"Tombamento";"Com Vítimas Feridas";"Pleno dia";"Crescente";"Céu Claro";"Simples";"Reta";"Não";1;0;0;1;0;0;1;1;-15,766983;-49,309837;"SPRF-GO";"DEL02-GO";"UOP02-DEL02-GO"
458789;2022-06-30;"quinta-feira";"10:00:00";"SC";101;197;"BIGUACU";"Condutor deixou de manter distância do veículo da frente";"Colisão traseira";"Com Vítimas Feridas";"Pleno dia";"Decrescente";"Céu Claro";"Múltipla";"Reta";"Sim";2;0;1;0;1;0;1;2;-27,51844497;-48,63848496;"SPRF-SC";"DEL01-SC";"UOP01-DEL01-SC"
458790;2022-06-30;"quinta-feira";"09:00:00";"RS";116;149,2;"CAXIAS DO SUL";"Condutor deixou de manter distância do veículo da frente";"Colisão traseira";"Sem Vítimas";"Pleno dia";"Decrescente";"Céu Claro";"Dupla";"Reta;Aclive";"Sim";2;0;0;0;2;0;0;2;-29,15996905;-51,15645292;"SPRF-RS";"DEL05-RS";"UOP01-DEL05-RS"
458792;2022-06-30;"quinta-feira";"09:00:00";"RO";364;691;"PORTO VELHO";"Reação tardia ou ineficiente do condutor";"Colisão traseira";"Com Vítimas Feridas";"Pleno dia";"Crescente";"Céu Claro";"Dupla";"Interseção de Vias;Reta";"Sim";2;0;1;0;1;0;1;2;-8,79660149;-63,6917299;"SPRF-RO";"DEL01-RO";"UOP01-DEL01-RO"
458793;2022-06-30;"quinta-feira";"09:05:00";"RJ";40;117;"DUQUE DE CAXIAS";"Conversão proibida";"Engavetamento";"Sem Vítimas";"Pleno dia";"Crescente";"Céu Claro";"Dupla";"Reta";"Sim";5;0;0;0;3;2;0;4;-22,745676;-43,2881;"SPRF-RJ";"DEL01-RJ";"UOP01-DEL01-RJ"
458798;2022-06-30;"quinta-feira";"11:00:00";"PR";376;217;"JANDAIA DO SUL";"Acessar a via sem observar a presença dos outros veículos";"Colisão transversal";"Com Vítimas Feridas";"Pleno dia";"Decrescente";"Céu Claro";"Simples";"Reta";"Sim";2;0;1;0;1;0;1;2;-23,5978436;-51,62416462;"SPRF-PR";"DEL09-PR";"UOP01-DEL09-PR"
458800;2022-06-30;"quinta-feira";"11:11:00";"PE";101;64;"RECIFE";"Reação tardia ou ineficiente do condutor";"Colisão traseira";"Sem Vítimas";"Pleno dia";"Decrescente";"Nublado";"Dupla";"Curva";"Sim";2;0;0;0;2;0;0;2;-8,0162921;-34,94045886;"SPRF-PE";"DEL01-PE";"UOP01-DEL01-PE"
458801;2022-06-30;"quinta-feira";"12:22:00";"RS";290;724;"URUGUAIANA";"Desrespeitar a preferência no cruzamento";"Colisão transversal";"Com Vítimas Feridas";"Pleno dia";"Decrescente";"Céu Claro";"Simples";"Interseção de Vias";"Sim";3;0;1;0;2;0;1;2;-29,747936;-57,088501;"SPRF-RS";"DEL13-RS";"UOP01-DEL13-RS"
458806;2022-06-30;"quinta-feira";"08:50:00";"RO";364;13,1;"VILHENA";"Acessar a via sem observar a presença dos outros veículos";"Colisão lateral mesmo sentido";"Com Vítimas Feridas";"Pleno dia";"Decrescente";"Céu Claro";"Dupla";"Rotatória";"Sim";2;0;1;0;1;0;1;2;-12,74140004;-60,13026401;"SPRF-RO";"DEL04-RO";"UOP01-DEL04-RO"
458807;2022-06-30;"quinta-feira";"13:00:00";"ES";101;64,5;"SAO MATEUS";"Reação tardia ou ineficiente do condutor";"Tombamento";"Com Vítimas Feridas";"Pleno dia";"Decrescente";"Sol";"Simples";"Em Obras";"Não";1;0;0;1;0;0;1;1;-18,70428583;-39,87065983;"SPRF-ES";"DEL04-ES";"UOP02-DEL04-ES"
458808;2022-06-30;"quinta-feira";"10:40:00";"MS";163;20;"MUNDO NOVO";"Acessar a via sem observar a presença dos outros veículos";"Colisão transversal";"Com Vítimas Feridas";"Pleno dia";"Crescente";"Céu Claro";"Simples";"Reta";"Não";2;0;1;0;1;0;1;2;-23,92529776;-54,2835309;"SPRF-MS";"DEL09-MS";"UOP02-DEL09-MS"
458810;2022-06-30;"quinta-feira";"08:20:00";"MT";70;1,7;"BARRA DO GARCAS";"Ultrapassagem Indevida";"Colisão lateral mesmo sentido";"Com Vítimas Feridas";"Pleno dia";"Decrescente";"Céu Claro";"Simples";"Reta";"Sim";4;0;1;0;1;2;1;4;-15,89164596;-52,26202884;"SPRF-MT";"DEL07-MT";"UOP01-DEL07-MT"
458811;2022-06-30;"quinta-feira";"13:00:00";"SC";101;149;"ITAPEMA";"Avarias e/ou desgaste excessivo no pneu";"Tombamento";"Com Vítimas Feridas";"Pleno dia";"Crescente";"Céu Claro";"Simples";"Reta";"Sim";2;0;1;0;1;0;1;1;-27,11288239;-48,6105985;"SPRF-SC";"DEL04-SC";"UOP03-DEL04-SC"
458813;2022-06-30;"quinta-feira";"13:25:00";"PR";277;7;"PARANAGUA";"Acessar a via sem observar a presença dos outros veículos";"Colisão transversal";"Com Vítimas Feridas";"Pleno dia";"Crescente";"Céu Claro";"Simples";"Interseção de Vias;Reta";"Sim";3;0;1;0;2;0;1;2;-25,510556;-48,519427;"SPRF-PR";"DEL01-PR";"UOP05-DEL01-PR"
458816;2022-06-30;"quinta-feira";"14:00:00";"DF";20;6;"BRASILIA";"Demais falhas mecânicas ou elétricas";"Incêndio";"Sem Vítimas";"Pleno dia";"Decrescente";"Céu Claro";"Dupla";"Reta";"Sim";1;0;0;0;1;0;0;1;-15,665888;-47,808308;"SPRF-DF";"DEL02-DF";"UOP01-DEL02-DF"
458817;2022-06-30;"quinta-feira";"07:30:00";"MA";316;203,9;"ZE DOCA";"Reação tardia ou ineficiente do condutor";"Colisão transversal";"Com Vítimas Feridas";"Pleno dia";"Crescente";"Céu Claro";"Simples";"Reta";"Não";2;0;1;0;1;0;1;2;-3,322666;-45,660389;"SPRF-MA";"DEL02-MA";"UOP01-DEL02-MA"
458818;2022-06-30;"quinta-feira";"14:32:00";"ES";101;380,5;"RIO NOVO DO SUL";"Acessar a via sem observar a presença dos outros veículos";"Colisão transversal";"Com Vítimas Feridas";"Pleno dia";"Decrescente";"Nublado";"Simples";"Reta";"Não";3;0;0;1;1;1;1;3;-20,80767317;-40,83488482;"SPRF-ES";"DEL03-ES";"UOP01-DEL03-ES"
458820;2022-04-06;"quarta-feira";"07:20:00";"MG";116;418;"GOVERNADOR VALADARES";"Mal súbito do condutor";"Queda de ocupante de veículo";"Com Vítimas Feridas";"Pleno dia";"Crescente";"Céu Claro";"Simples";"Reta";"Não";1;0;0;1;0;0;1;1;-18,91059296;-41,94156567;"SPRF-MG";"DEL06-MG";"UOP01-DEL06-MG"
458822;2022-06-30;"quinta-feira";"11:40:00";"SP";116;59;"GUARATINGUETA";"Mal súbito do condutor";"Colisão com objeto";"Com Vítimas Feridas";"Pleno dia";"Decrescente";"Céu Claro";"Dupla";"Reta";"Não";1;0;1;0;0;0;1;1;-22,78555649;-45,15339465;"SPRF-SP";"DEL08-SP";"UOP01-DEL08-SP"
458824;2022-06-30;"quinta-feira";"14:15:00";"PR";467;103;"CASCAVEL";"Reação tardia ou ineficiente do condutor";"Saída de leito carroçável";"Com Vítimas Feridas";"Pleno dia";"Crescente";"Céu Claro";"Dupla";"Reta";"Não";3;0;1;1;1;0;2;1;-24,9098;-53,5103;"SPRF-PR";"DEL04-PR";"UOP01-DEL04-PR"
458826;2022-06-30;"quinta-feira";"14:00:00";"PR";277;105,4;"CAMPO LARGO";"Condutor usando celular";"Saída de leito carroçável";"Com Vítimas Feridas";"Pleno dia";"Decrescente";"Sol";"Dupla";"Declive;Reta";"Não";5;0;3;1;1;0;4;1;-25,43324685;-49,41773772;"SPRF-PR";"DEL03-PR";"UOP03-DEL03-PR"
458828;2022-06-30;"quinta-feira";"15:05:00";"RS";116;37,1;"VACARIA";"Entrada inopinada do pedestre";"Atropelamento de Pedestre";"Com Vítimas Feridas";"Pleno dia";"Decrescente";"Céu Claro";"Simples";"Reta";"Sim";2;0;2;0;0;0;2;2;-28,49948059;-50,91850877;"SPRF-RS";"DEL05-RS";"UOP03-DEL05-RS"
458829;2022-06-30;"quinta-feira";"15:00:00";"PR";116;97;"SAO JOSE DOS PINHAIS";"Condutor deixou de manter distância do veículo da frente";"Colisão traseira";"Com Vítimas Feridas";"Pleno dia";"Decrescente";"Céu Claro";"Dupla";"Reta";"Sim";4;0;4;0;0;0;4;2;-25,51232495;-49,12871007;"SPRF-PR";"DEL01-PR";"UOP01-DEL01-PR"
458830;2022-06-30;"quinta-feira";"14:00:00";"BA";101;715,6;"EUNAPOLIS";"Acessar a via sem observar a presença dos outros veículos";"Colisão transversal";"Com Vítimas Feridas";"Pleno dia";"Crescente";"Céu Claro";"Simples";"Reta";"Sim";2;0;0;1;1;0;1;2;-16,35979768;-39,57995296;"SPRF-BA";"DEL09-BA";"UOP01-DEL09-BA"
458832;2022-06-30;"quinta-feira";"16:10:00";"RS";386;330,9;"MARQUES DE SOUZA";"Ultrapassagem Indevida";"Colisão frontal";"Com Vítimas Feridas";"Pleno dia";"Crescente";"Céu Claro";"Simples";"Reta;Em Obras";"Não";4;0;3;0;1;0;3;3;-29,346764;-52,071896;"SPRF-RS";"DEL04-RS";"UOP01-DEL04-RS"
458833;2022-06-30;"quinta-feira";"16:30:00";"RJ";101;322;"NITEROI";"Acessar a via sem observar a presença dos outros veículos";"Colisão transversal";"Com Vítimas Feridas";"Anoitecer";"Crescente";"Céu Claro";"Dupla";"Reta";"Sim";2;0;1;0;0;1;1;2;-22,878923;-43,110676;"SPRF-RJ";"DEL02-RJ";"UOP01-DEL02-RJ"
458834;2022-06-30;"quinta-feira";"17:38:00";"MG";381;478,3;"CONTAGEM";"Ausência de sinalização";"Colisão traseira";"Com Vítimas Feridas";"Anoitecer";"Decrescente";"Céu Claro";"Dupla";"Reta;Declive";"Sim";2;0;1;0;1;0;1;2;-19,95826094;-44,05921101;"SPRF-MG";"DEL01-MG";"UOP03-DEL01-MG"
458835;2022-06-30;"quinta-feira";"17:32:00";"RS";386;412,2;"MONTENEGRO";"Condutor deixou de manter distância do veículo da frente";"Colisão traseira";"Com Vítimas Feridas";"Pleno dia";"Decrescente";"Céu Claro";"Dupla";"Reta";"Sim";4;0;1;0;3;0;1;2;-29,78506618;-51,54494807;"SPRF-RS";"DEL04-RS";"UOP02-DEL04-RS"
458838;2022-06-30;"quinta-feira";"17:50:00";"BA";324;515;"FEIRA DE SANTANA";"Trafegar com motocicleta (ou similar) entre as faixas";"Atropelamento de Pedestre";"Com Vítimas Feridas";"Anoitecer";"Decrescente";"Céu Claro";"Simples";"Reta";"Sim";2;0;1;1;0;0;2;2;-12,23547809;-38,94396807;"SPRF-BA";"DEL02-BA";"UOP01-DEL02-BA"
458840;2022-06-30;"quinta-feira";"17:00:00";"MG";262;439,1;"NOVA SERRANA";"Condutor deixou de manter distância do veículo da frente";"Colisão traseira";"Com Vítimas Feridas";"Pleno dia";"Decrescente";"Sol";"Dupla";"Aclive;Reta";"Sim";4;0;3;0;0;1;3;2;-19,89197285;-44,88685183;"SPRF-MG";"DEL08-MG";"UOP03-DEL08-MG"
458841;2022-06-30;"quinta-feira";"14:30:00";"MA";10;271,8;"IMPERATRIZ";"Condutor Dormindo";"Colisão frontal";"Com Vítimas Feridas";"Pleno dia";"Crescente";"Sol";"Simples";"Reta";"Não";3;0;1;0;2;0;1;3;-5,364944;-47,480766;"SPRF-MA";"DEL04-MA";"UOP01-DEL04-MA"
458842;2022-06-30;"quinta-feira";"18:00:00";"PR";116;116;"CURITIBA";"Trafegar com motocicleta (ou similar) entre as faixas";"Colisão lateral mesmo sentido";"Com Vítimas Feridas";"Anoitecer";"Crescente";"Céu Claro";"Dupla";"Reta";"Sim";4;0;2;0;2;0;2;4;-25,54801717;-49,30458069;"SPRF-PR";"DEL01-PR";"UOP06-DEL01-PR"
458845;2022-06-30;"quinta-feira";"18:40:00";"DF";20;10;"BRASILIA";"Trafegar com motocicleta (ou similar) entre as faixas";"Colisão lateral mesmo sentido";"Com Vítimas Feridas";"Plena Noite";"Crescente";"Céu Claro";"Dupla";"Reta";"Sim";2;0;1;0;1;0;1;2;-15,650243;-47,773872;"SPRF-DF";"DEL02-DF";"UOP01-DEL02-DF"
458846;2022-06-30;"quinta-feira";"18:30:00";"RJ";116;183;"NOVA IGUACU";"Pedestre andava na pista";"Atropelamento de Pedestre";"Com Vítimas Fatais";"Plena Noite";"Decrescente";"Céu Claro";"Dupla";"Reta";"Sim";2;1;0;0;0;1;0;2;-22,7516014;-43,43849831;"SPRF-RJ";"DEL01-RJ";"UOP02-DEL01-RJ"
458848;2022-06-30;"quinta-feira";"18:10:00";"PR";277;724;"FOZ DO IGUACU";"Manobra de mudança de faixa";"Colisão traseira";"Sem Vítimas";"Anoitecer";"Decrescente";"Céu Claro";"Dupla";"Reta";"Sim";3;0;0;0;3;0;0;3;-25,50257577;-54,53868311;"SPRF-PR";"DEL05-PR";"UOP03-DEL05-PR"
458849;2022-06-30;"quinta-feira";"18:40:00";"SC";470;101;"APIUNA";"Ausência de reação do condutor";"Saída de leito carroçável";"Sem Vítimas";"Plena Noite";"Crescente";"Nublado";"Simples";"Reta";"Não";2;0;0;0;2;0;0;1;-27,058237;-49,390383;"SPRF-SC";"DEL04-SC";"UOP02-DEL04-SC"
458850;2022-06-30;"quinta-feira";"18:30:00";"SC";101;209,4;"SAO JOSE";"Condutor deixou de manter distância do veículo da frente";"Colisão lateral mesmo sentido";"Com Vítimas Feridas";"Plena Noite";"Decrescente";"Nublado";"Múltipla";"Reta";"Sim";3;0;1;1;1;0;2;3;-27,61000542;-48,63895057;"SPRF-SC";"DEL01-SC";"UOP01-DEL01-SC"
458851;2022-06-29;"quarta-feira";"21:00:00";"RJ";0;0;"MACAE";"Velocidade Incompatível";"Colisão transversal";"Sem Vítimas";"Plena Noite";"Não Informado";"Céu Claro";"Dupla";"Rotatória";"Sim";4;0;0;0;4;0;0;2;-22,3742787;-41,9570945;"SPRF-RJ";"DEL08-RJ";"UOP04-DEL08-RJ"
458853;2022-06-30;"quinta-feira";"19:15:00";"PR";116;93;"SAO JOSE DOS PINHAIS";"Manobra de mudança de faixa";"Colisão com objeto";"Sem Vítimas";"Plena Noite";"Decrescente";"Céu Claro";"Dupla";"Curva";"Não";3;0;0;0;3;0;0;1;-25,51455907;-49,12948608;"SPRF-PR";"DEL01-PR";"UOP01-DEL01-PR"
458854;2022-06-30;"quinta-feira";"17:50:00";"MG";381;615,7;"OLIVEIRA";"Curva acentuada";"Tombamento";"Com Vítimas Feridas";"Anoitecer";"Crescente";"Céu Claro";"Dupla";"Curva;Declive";"Não";2;0;1;1;0;0;2;1;-20,74424605;-44,7725478;"SPRF-MG";"DEL04-MG";"UOP01-DEL04-MG"
458855;2022-06-30;"quinta-feira";"18:48:00";"RS";293;137;"CANDIOTA";"Acessar a via sem observar a presença dos outros veículos";"Colisão transversal";"Com Vítimas Feridas";"Plena Noite";"Crescente";"Céu Claro";"Simples";"Interseção de Vias";"Sim";5;0;2;2;1;0;4;2;-31,46954305;-53,65591903;"SPRF-RS";"DEL11-RS";"UOP03-DEL11-RS"