"id";"data_inversa";"dia_semana";"horario";"uf";"br";"km";"municipio";"causa_acidente";"tipo_acidente";"classificacao_acidente";"fase_dia";"sentido_via";"condicao_metereologica";"tipo_pista";"tracado_via";"uso_solo";"pessoas";"mortos";"feridos_leves";"feridos_graves";"ilesos";"ignorados";"feridos";"veiculos";"latitude";"longitude";"regional";"delegacia";"uop"
458857;2022-06-30;"quinta-feira";"19:05:00";"GO";153;499;"GOIANIA";"Condutor deixou de manter distância do veículo da frente";"Colisão traseira";"Com Vítimas Feridas";"Plena Noite";"Crescente";"Ignorado";"Dupla";"Reta";"Sim";2;0;0;1;1;0;1;2;-16,7033;-49,2311;"SPRF-GO";"DEL01-GO";"UOP01-DEL01-GO"
458858;2022-03-18;"sexta-feira";"07:00:00";"DF";20;17;"BRASILIA";"Condutor deixou de manter distância do veículo da frente";"Colisão traseira";"Sem Vítimas";"Pleno dia";"Decrescente";"Sol";"Dupla";"Reta";"Sim";2;0;0;0;2;0;0;2;-15,621374;-47,71698;"SPRF-DF";"DEL02-DF";"UOP01-DEL02-DF"
458859;2022-06-30;"quinta-feira";"18:30:00";"RS";287;401;"SANTIAGO";"Ausência de reação do condutor";"Colisão traseira";"Com Vítimas Feridas";"Plena Noite";"Decrescente";"Nublado";"Simples";"Reta";"Sim";2;0;1;0;1;0;1;2;-29,15995667;-54,88022804;"SPRF-RS";"DEL12-RS";"UOP02-DEL12-RS"
458861;2022-06-30;"quinta-feira";"17:50:00";"PE";316;240;"BELEM DE SAO FRANCISCO";"Animais na Pista";"Atropelamento de Animal";"Com Vítimas Feridas";"Plena Noite";"Decrescente";"Céu Claro";"Simples";"Reta";"Não";1;0;1;0;0;0;1;1;-8,63690585;-39,05113792;"SPRF-PE";"DEL05-PE";"UOP03-DEL05-PE"
458862;2022-06-30;"quinta-feira";"16:40:00";"SC";101;296;"IMBITUBA";"Retorno proibido";"Colisão transversal";"Com Vítimas Feridas";"Pleno dia";"Decrescente";"Céu Claro";"Múltipla";"Reta";"Sim";2;0;0;1;1;0;1;2;-28,32584008;-48,73088837;"SPRF-SC";"DEL02-SC";"UOP03-DEL02-SC"
458864;2022-05-01;"domingo";"06:47:00";"PB";230;20,9;"JOAO PESSOA";"Demais falhas mecânicas ou elétricas";"Tombamento";"Com Vítimas Feridas";"Pleno dia";"Crescente";"Céu Claro";"Dupla";"Reta";"Sim";2;0;2;0;0;0;2;1;-7,1337;-34,8544;"SPRF-PB";"DEL01-PB";"UOP01-DEL01-PB"
458866;2022-06-30;"quinta-feira";"19:10:00";"CE";230;2,1;"IPAUMIRIM";"Ausência de reação do condutor";"Tombamento";"Com Vítimas Feridas";"Plena Noite";"Decrescente";"Céu Claro";"Simples";"Reta";"Não";1;0;0;1;0;0;1;1;-6,85212722;-38,69884214;"SPRF-PB";"DEL03-PB";"UOP03-DEL03-PB"
458867;2022-06-30;"quinta-feira";"20:42:00";"PE";101;77,3;"RECIFE";"Acessar a via sem observar a presença dos outros veículos";"Colisão transversal";"Sem Vítimas";"Plena Noite";"Crescente";"Nublado";"Múltipla";"Interseção de Vias";"Sim";7;0;0;0;7;0;0;2;-8,131367;-34,945579;"SPRF-PE";"DEL01-PE";"UOP01-DEL01-PE"
458868;2022-06-30;"quinta-feira";"19:30:00";"RJ";116;2;"CARMO";"Velocidade Incompatível";"Colisão traseira";"Com Vítimas Feridas";"Plena Noite";"Decrescente";"Nublado";"Simples";"Ponte";"Não";3;0;2;0;1;0;2;2;-21,87764485;-42,67025797;"SPRF-RJ";"DEL05-RJ";"UOP01-DEL05-RJ"
458869;2022-06-30;"quinta-feira";"20:30:00";"SC";101;158;"PORTO BELO";"Demais falhas mecânicas ou elétricas";"Colisão traseira";"Com Vítimas Feridas";"Plena Noite";"Decrescente";"Céu Claro";"Múltipla";"Retorno Regulamentado";"Sim";2;0;1;0;1;0;1;2;-27,19096301;-48,61259017;"SPRF-SC";"DEL04-SC";"UOP03-DEL04-SC"
458871;2022-06-30;"quinta-feira";"20:50:00";"RS";116;336;"BARRA DO RIBEIRO";"Animais na Pista";"Atropelamento de Animal";"Sem Vítimas";"Plena Noite";"Decrescente";"Céu Claro";"Dupla";"Reta";"Não";1;0;0;0;1;0;0;1;-30,42368496;-51,46767804;"SPRF-RS";"DEL02-RS";"UOP02-DEL02-RS"
458873;2022-06-30;"quinta-feira";"17:00:00";"SC";282;388,9;"JOACABA";"Restrição de visibilidade em curvas horizontais";"Colisão lateral mesmo sentido";"Com Vítimas Feridas";"Pleno dia";"Crescente";"Céu Claro";"Simples";"Curva;Aclive";"Não";2;0;1;0;1;0;1;2;-27,179003;-51,531616;"SPRF-SC";"DEL07-SC";"UOP05-DEL07-SC"
458874;2022-06-30;"quinta-feira";"20:35:00";"AL";316;73,3;"POCO DAS TRINCHEIRAS";"Ingestão de álcool pelo condutor";"Colisão transversal";"Com Vítimas Fatais";"Plena Noite";"Decrescente";"Nublado";"Simples";"Reta";"Não";2;1;0;0;0;1;0;2;-9,301272;-37,28319347;"SPRF-AL";"DEL03-AL";"UOP02-DEL03-AL"
458875;2022-06-30;"quinta-feira";"19:25:00";"SC";282;562,5;"NOVA ERECHIM";"Ausência de reação do condutor";"Saída de leito carroçável";"Com Vítimas Feridas";"Plena Noite";"Crescente";"Céu Claro";"Simples";"Curva";"Não";1;0;1;0;0;0;1;1;-26,911108;-52,865475;"SPRF-SC";"DEL07-SC";"UOP02-DEL07-SC"
458876;2022-06-27;"segunda-feira";"05:00:00";"MS";463;62,3;"PONTA PORA";"Reação tardia ou ineficiente do condutor";"Saída de leito carroçável";"Com Vítimas Feridas";"Plena Noite";"Decrescente";"Céu Claro";"Simples";"Reta";"Não";2;0;2;0;0;0;2;1;-22,41720804;-55,34230499;"SPRF-MS";"DEL04-MS";"UOP03-DEL04-MS"
458880;2022-06-30;"quinta-feira";"21:15:00";"PR";376;171;"MARINGA";"Ausência de reação do condutor";"Colisão traseira";"Com Vítimas Feridas";"Plena Noite";"Decrescente";"Céu Claro";"Dupla";"Reta";"Sim";2;0;1;0;1;0;1;2;-23,41595703;-51,97950402;"SPRF-PR";"DEL09-PR";"UOP01-DEL09-PR"
458883;2022-06-30;"quinta-feira";"20:00:00";"MS";163;614;"SAO GABRIEL DO OESTE";"Acessar a via sem observar a presença dos outros veículos";"Colisão transversal";"Com Vítimas Feridas";"Plena Noite";"Crescente";"Céu Claro";"Simples";"Reta";"Sim";3;0;2;0;1;0;2;2;-19,40628803;-54,56100005;"SPRF-MS";"DEL06-MS";"UOP02-DEL06-MS"
458885;2022-06-14;"terça-feira";"22:48:00";"MS";60;431;"SIDROLANDIA";"Ausência de reação do condutor";"Saída de leito carroçável";"Sem Vítimas";"Plena Noite";"Crescente";"Céu Claro";"Simples";"Curva";"Não";1;0;0;0;0;1;0;1;-20,9765102;-54,9703413;"SPRF-MS";"DEL01-MS";"UOP04-DEL01-MS"
458886;2022-06-30;"quinta-feira";"20:10:00";"RS";0;0;"PORTO ALEGRE";"Acumulo de areia ou detritos sobre o pavimento";"Capotamento";"Com Vítimas Feridas";"Plena Noite";"Não Informado";"Céu Claro";"Múltipla";"Declive;Ponte;Curva";"Sim";1;0;1;0;0;0;1;1;-29,98896401;-51,20443806;"SPRF-RS";"DEL01-RS";"UOP01-DEL01-RS"
458887;2022-06-22;"quarta-feira";"20:10:00";"MS";262;366;"CAMPO GRANDE";"Demais falhas na via";"Tombamento";"Com Vítimas Feridas";"Plena Noite";"Crescente";"Céu Claro";"Simples";"Reta";"Sim";1;0;0;1;0;0;1;1;-20,48466301;-54,74661601;"SPRF-MS";"DEL01-MS";"UOP03-DEL01-MS"
458888;2022-06-30;"quinta-feira";"23:00:00";"RS";116;247;"SAO LEOPOLDO";"Velocidade Incompatível";"Saída de leito carroçável";"Com Vítimas Feridas";"Plena Noite";"Decrescente";"Céu Claro";"Dupla";"Reta";"Sim";1;0;1;0;0;0;1;1;-29,76806681;-51,15335827;"SPRF-RS";"DEL01-RS";"UOP02-DEL01-RS"
458890;2022-06-30;"quinta-feira";"19:25:00";"PR";376;540,3;"PALMEIRA";"Ausência de reação do condutor";"Saída de leito carroçável";"Com Vítimas Feridas";"Plena Noite";"Decrescente";"Céu Claro";"Dupla";"Reta";"Não";2;0;2;0;0;0;2;1;-25,359275;-49,8307121;"SPRF-PR";"DEL03-PR";"UOP03-DEL03-PR"
458892;2022-06-30;"quinta-feira";"02:30:00";"MG";251;265,2;"SALINAS";"Demais falhas mecânicas ou elétricas";"Incêndio";"Sem Vítimas";"Pleno dia";"Decrescente";"Céu Claro";"Simples";"Reta";"Não";1;0;0;0;1;0;0;1;-15,99699257;-41,98923597;"SPRF-MG";"DEL11-MG";"UOP02-DEL11-MG"
458893;2022-06-30;"quinta-feira";"23:10:00";"PR";277;98,5;"CURITIBA";"Pedestre andava na pista";"Atropelamento de Pedestre";"Com Vítimas Feridas";"Plena Noite";"Crescente";"Céu Claro";"Dupla";"Reta";"Sim";2;0;1;0;1;0;1;2;-25,54577186;-49,29537197;"SPRF-PR";"DEL01-PR";"UOP06-DEL01-PR"
458894;2022-06-27;"segunda-feira";"17:30:00";"PE";316;110;"PARNAMIRIM";"Animais na Pista";"Atropelamento de Animal";"Sem Vítimas";"Anoitecer";"Decrescente";"Céu Claro";"Simples";"Reta";"Não";3;0;0;0;3;0;0;1;-7,97285114;-39,86411406;"SPRF-PE";"DEL05-PE";"UOP02-DEL05-PE"
458895;2022-06-30;"quinta-feira";"20:50:00";"RJ";101;399;"ITAGUAI";"Avarias e/ou desgaste excessivo no pneu";"Capotamento";"Com Vítimas Feridas";"Plena Noite";"Decrescente";"Céu Claro";"Dupla";"Reta";"Sim";1;0;1;0;0;0;1;1;-22,85921896;-43,75891497;"SPRF-RJ";"DEL03-RJ";"UOP01-DEL03-RJ"
458899;2022-06-30;"quinta-feira";"21:15:00";"MG";116;482,3;"DOM CAVATI";"Condutor deixou de manter distância do veículo da frente";"Colisão lateral mesmo sentido";"Com Vítimas Feridas";"Plena Noite";"Decrescente";"Céu Claro";"Simples";"Reta";"Sim";6;0;2;0;3;1;2;4;-19,41146103;-42,11788982;"SPRF-MG";"DEL06-MG";"UOP02-DEL06-MG"
458900;2022-06-30;"quinta-feira";"23:30:00";"PR";277;80,5;"CURITIBA";"Transitar na contramão";"Colisão frontal";"Sem Vítimas";"Plena Noite";"Decrescente";"Céu Claro";"Simples";"Curva";"Sim";2;0;0;0;2;0;0;2;-25,568939;-49,181978;"SPRF-PR";"DEL01-PR";"UOP01-DEL01-PR"
458901;2022-06-02;"quinta-feira";"11:15:00";"GO";40;7,6;"VALPARAISO DE GOIAS";"Entrada inopinada do pedestre";"Atropelamento de Pedestre";"Com Vítimas Fatais";"Pleno dia";"Decrescente";"Céu Claro";"Dupla";"Reta";"Sim";4;1;0;0;1;2;0;2;-16,113;-47,9693;"SPRF-DF";"DEL01-DF";"UOP01-DEL01-DF"
458902;2022-07-01;"sexta-feira";"01:10:00";"MT";364;272,9;"JACIARA";"Reação tardia ou ineficiente do condutor";"Tombamento";"Com Vítimas Feridas";"Plena Noite";"Decrescente";"Céu Claro";"Dupla";"Curva";"Sim";1;0;1;0;0;0;1;1;-15,960137;-54,969422;"SPRF-MT";"DEL02-MT";"UOP01-DEL02-MT"
458904;2022-07-01;"sexta-feira";"03:00:00";"GO";153;122,1;"ESTRELA DO NORTE";"Reação tardia ou ineficiente do condutor";"Colisão com objeto";"Com Vítimas Fatais";"Plena Noite";"Crescente";"Céu Claro";"Simples";"Declive";"Não";2;1;0;1;0;0;1;1;-13,840469;-49,045723;"SPRF-GO";"DEL07-GO";"UOP01-DEL07-GO"
458905;2022-07-01;"sexta-feira";"03:10:00";"MG";381;504;"BETIM";"Ausência de reação do condutor";"Queda de ocupante de veículo";"Com Vítimas Feridas";"Plena Noite";"Decrescente";"Céu Claro";"Dupla";"Reta";"Sim";1;0;1;0;0;0;1;1;-20,04164508;-44,26386697;"SPRF-MG";"DEL01-MG";"UOP03-DEL01-MG"
458908;2022-07-01;"sexta-feira";"02:45:00";"RS";392;4;"RIO GRANDE";"Animais na Pista";"Atropelamento de Animal";"Com Vítimas Feridas";"Plena Noite";"Crescente";"Céu Claro";"Simples";"Reta";"Sim";1;0;0;1;0;0;1;1;-32,03548;-52,09908;"SPRF-RS";"DEL07-RS";"UOP02-DEL07-RS"
458910;2022-07-01;"sexta-feira";"04:00:00";"ES";101;150;"LINHARES";"Ausência de reação do condutor";"Colisão com objeto";"Sem Vítimas";"Plena Noite";"Decrescente";"Céu Claro";"Simples";"Curva";"Sim";1;0;0;0;0;1;0;1;-19,40645136;-40,0628919;"SPRF-ES";"DEL04-ES";"UOP01-DEL04-ES"
458915;2022-07-01;"sexta-feira";"04:50:00";"RO";364;713;"PORTO VELHO";"Reação tardia ou ineficiente do condutor";"Colisão com objeto";"Com Vítimas Feridas";"Plena Noite";"Crescente";"Céu Claro";"Múltipla";"Curva";"Sim";2;0;1;1;0;0;2;1;-8,77158765;-63,88375461;"SPRF-RO";"DEL01-RO";"UOP01-DEL01-RO"
458916;2022-07-01;"sexta-feira";"04:00:00";"RS";116;351;"TAPES";"Reação tardia ou ineficiente do condutor";"Saída de leito carroçável";"Sem Vítimas";"Plena Noite";"Decrescente";"Nevoeiro/Neblina";"Dupla";"Desvio Temporário;Em Obras";"Não";1;0;0;0;0;1;0;1;-30,54888119;-51,51331864;"SPRF-RS";"DEL02-RS";"UOP02-DEL02-RS"
458918;2022-06-30;"quinta-feira";"21:00:00";"SC";282;133;"BOM RETIRO";"Ausência de reação do condutor";"Colisão traseira";"Com Vítimas Feridas";"Plena Noite";"Decrescente";"Céu Claro";"Simples";"Curva";"Não";2;0;1;1;0;0;2;1;-27,807491;-49,532272;"SPRF-SC";"DEL05-SC";"UOP01-DEL05-SC"
458920;2022-07-01;"sexta-feira";"07:20:00";"PR";376;187;"MARIALVA";"Ausência de reação do condutor";"Colisão lateral mesmo sentido";"Com Vítimas Feridas";"Pleno dia";"Crescente";"Céu Claro";"Dupla";"Retorno Regulamentado;Reta";"Não";2;0;0;1;1;0;1;2;-23,45814184;-51,84248418;"SPRF-PR";"DEL09-PR";"UOP01-DEL09-PR"
458921;2022-07-01;"sexta-feira";"07:13:00";"SC";101;39;"JOINVILLE";"Trafegar com motocicleta (ou similar) entre as faixas";"Colisão lateral mesmo sentido";"Sem Vítimas";"Pleno dia";"Decrescente";"Céu Claro";"Dupla";"Reta";"Sim";2;0;0;0;1;1;0;2;-26,2628107;-48,90192257;"SPRF-SC";"DEL03-SC";"UOP01-DEL03-SC"
458922;2022-07-01;"sexta-feira";"06:56:00";"DF";80;15;"BRASILIA";"Acessar a via sem observar a presença dos outros veículos";"Colisão traseira";"Com Vítimas Feridas";"Pleno dia";"Crescente";"Céu Claro";"Simples";"Aclive";"Não";2;0;1;0;1;0;1;2;-15,710013;-48,199486;"SPRF-DF";"DEL03-DF";"UOP02-DEL03-DF"
458925;2022-07-01;"sexta-feira";"05:50:00";"RJ";116;142;"DUQUE DE CAXIAS";"Reação tardia ou ineficiente do condutor";"Colisão traseira";"Com Vítimas Feridas";"Amanhecer";"Crescente";"Céu Claro";"Múltipla";"Reta";"Sim";3;0;1;0;2;0;1;2;-22,64876087;-43,23031638;"SPRF-RJ";"DEL01-RJ";"UOP01-DEL01-RJ"
458926;2022-03-31;"quinta-feira";"00:13:00";"DF";70;8,4;"BRASILIA";"Ingestão de álcool pelo condutor";"Saída de leito carroçável";"Com Vítimas Feridas";"Plena Noite";"Crescente";"Céu Claro";"Dupla";"Curva";"Sim";3;0;0;1;1;1;1;3;-15,784966;-48,122108;"SPRF-DF";"DEL03-DF";"UOP02-DEL03-DF"
458927;2022-06-19;"domingo";"13:40:00";"RS";386;367,5;"FAZENDA VILANOVA";"Acessar a via sem observar a presença dos outros veículos";"Colisão transversal";"Com Vítimas Feridas";"Pleno dia";"Decrescente";"Céu Claro";"Dupla";"Rotatória";"Sim";2;0;0;1;1;0;1;2;-29,58181741;-51,84036255;"SPRF-RS";"DEL04-RS";"UOP02-DEL04-RS"
458929;2022-05-25;"quarta-feira";"16:45:00";"MG";116;815;"ALEM PARAIBA";"Acesso irregular";"Colisão transversal";"Com Vítimas Feridas";"Pleno dia";"Crescente";"Céu Claro";"Simples";"Aclive";"Não";2;0;1;0;1;0;1;2;-21,86289975;-42,67198741;"SPRF-MG";"DEL07-MG";"UOP01-DEL07-MG"
458931;2022-07-01;"sexta-feira";"08:00:00";"PR";277;721,9;"FOZ DO IGUACU";"Condutor deixou de manter distância do veículo da frente";"Colisão traseira";"Com Vítimas Feridas";"Pleno dia";"Crescente";"Céu Claro";"Dupla";"Reta";"Sim";2;0;2;0;0;0;2;1;-25,4911505;-54,51185421;"SPRF-PR";"DEL05-PR";"UOP03-DEL05-PR"
458932;2022-07-01;"sexta-feira";"06:20:00";"MG";50;16,5;"UBERLANDIA";"Animais na Pista";"Atropelamento de Animal";"Com Vítimas Feridas";"Amanhecer";"Crescente";"Céu Claro";"Dupla";"Reta";"Sim";1;0;1;0;0;0;1;1;-18,919943;-48,181157;"SPRF-MG";"DEL15-MG";"UOP01-DEL15-MG"
458933;2022-07-01;"sexta-feira";"08:12:00";"SP";116;140,4;"SAO JOSE DOS CAMPOS";"Trafegar com motocicleta (ou similar) entre as faixas";"Colisão traseira";"Com Vítimas Feridas";"Pleno dia";"Crescente";"Nevoeiro/Neblina";"Dupla";"Aclive";"Sim";3;0;1;0;2;0;1;3;-23,16817822;-45,81734419;"SPRF-SP";"DEL02-SP";"UOP01-DEL02-SP"
458934;2022-07-01;"sexta-feira";"08:00:00";"CE";20;426;"FORTALEZA";"Acessar a via sem observar a presença dos outros veículos";"Colisão transversal";"Com Vítimas Feridas";"Pleno dia";"Decrescente";"Céu Claro";"Dupla";"Reta";"Não";1;0;1;0;0;0;1;1;-3,76999035;-38,67006282;"SPRF-CE";"DEL01-CE";"UOP02-DEL01-CE"
458936;2022-07-01;"sexta-feira";"05:50:00";"PR";376;533,1;"PALMEIRA";"Reação tardia ou ineficiente do condutor";"Saída de leito carroçável";"Com Vítimas Feridas";"Plena Noite";"Decrescente";"Céu Claro";"Dupla";"Reta;Declive";"Não";3;0;3;0;0;0;3;1;-25,36723068;-49,82264169;"SPRF-PR";"DEL03-PR";"UOP03-DEL03-PR"
458937;2022-07-01;"sexta-feira";"07:45:00";"MG";40;530,9;"BELO HORIZONTE";"Acumulo de óleo sobre o pavimento";"Queda de ocupante de veículo";"Com Vítimas Feridas";"Pleno dia";"Decrescente";"Céu Claro";"Dupla";"Curva";"Sim";2;0;0;2;0;0;2;1;-19,92064782;-44,0335681;"SPRF-MG";"DEL01-MG";"UOP02-DEL01-MG"
458940;2022-07-01;"sexta-feira";"08:00:00";"SC";101;209,8;"SAO JOSE";"Trafegar com motocicleta (ou similar) entre as faixas";"Colisão traseira";"Com Vítimas Feridas";"Pleno dia";"Decrescente";"Sol";"Múltipla";"Reta";"Sim";3;0;1;0;2;0;1;3;-27,61000542;-48,63895057;"SPRF-SC";"DEL01-SC";"UOP01-DEL01-SC"
458941;2022-06-19;"domingo";"19:00:00";"PA";316;25;"BENEVIDES";"Acessar a via sem observar a presença dos outros veículos";"Colisão transversal";"Com Vítimas Feridas";"Plena Noite";"Crescente";"Céu Claro";"Dupla";"Reta";"Sim";3;0;0;1;1;1;1;3;-1,327974;-48,23421;"SPRF-PA";"DEL01-PA";"UOP01-DEL01-PA"
458942;2022-07-01;"sexta-feira";"08:20:00";"RN";101;106,7;"PARNAMIRIM";"Velocidade Incompatível";"Colisão lateral mesmo sentido";"Com Vítimas Feridas";"Pleno dia";"Decrescente";"Sol";"Dupla";"Reta";"Sim";5;0;0;1;2;2;1;4;-5,91056401;-35,26130795;"SPRF-RN";"DEL01-RN";"UOP01-DEL01-RN"
458945;2022-07-01;"sexta-feira";"07:50:00";"RS";290;92;"PORTO ALEGRE";"Condutor deixou de manter distância do veículo da frente";"Colisão traseira";"Sem Vítimas";"Pleno dia";"Crescente";"Nevoeiro/Neblina";"Múltipla";"Reta";"Sim";4;0;0;0;3;1;0;4;-29,971916;-51,176838;"SPRF-RS";"DEL01-RS";"UOP01-DEL01-RS"
458946;2022-07-01;"sexta-feira";"08:20:00";"PR";116;17;"CURITIBA";"Condutor deixou de manter distância do veículo da frente";"Colisão lateral mesmo sentido";"Com Vítimas Feridas";"Pleno dia";"Crescente";"Céu Claro";"Dupla";"Reta";"Sim";2;0;0;1;1;0;1;2;-25,38931832;-49,19986725;"SPRF-PR";"DEL01-PR";"UOP02-DEL01-PR"
458950;2022-07-01;"sexta-feira";"08:45:00";"RS";116;516,8;"PELOTAS";"Animais na Pista";"Colisão com objeto";"Com Vítimas Feridas";"Pleno dia";"Crescente";"Céu Claro";"Dupla";"Reta";"Sim";1;0;1;0;0;0;1;1;-31,67013527;-52,34055575;"SPRF-RS";"DEL07-RS";"UOP01-DEL07-RS"
458952;2022-07-01;"sexta-feira";"08:58:00";"PB";230;11;"CABEDELO";"Avarias e/ou desgaste excessivo no pneu";"Tombamento";"Com Vítimas Feridas";"Pleno dia";"Crescente";"Céu Claro";"Dupla";"Reta";"Sim";2;0;2;0;0;0;2;1;-7,0596;-34,8506;"SPRF-PB";"DEL01-PB";"UOP01-DEL01-PB"
458953;2022-07-01;"sexta-feira";"07:40:00";"MG";381;457;"BELO HORIZONTE";"Manobra de mudança de faixa";"Tombamento";"Com Vítimas Feridas";"Pleno dia";"Crescente";"Céu Claro";"Dupla";"Curva";"Sim";4;0;2;0;2;0;2;3;-19,86134886;-43,92063055;"SPRF-MG";"DEL01-MG";"UOP01-DEL01-MG"
458954;2022-07-01;"sexta-feira";"09:10:00";"GO";153;495;"GOIANIA";"Condutor deixou de manter distância do veículo da frente";"Colisão traseira";"Com Vítimas Feridas";"Pleno dia";"Crescente";"Céu Claro";"Dupla";"Aclive";"Sim";2;0;1;0;1;0;1;2;-16,6681;-49,2263;"SPRF-GO";"DEL01-GO";"UOP01-DEL01-GO"
458955;2022-07-01;"sexta-feira";"09:15:00";"GO";50;280,3;"CATALAO";"Área urbana sem a presença de local apropriado para a travessia de pedestres";"Atropelamento de Pedestre";"Com Vítimas Feridas";"Pleno dia";"Crescente";"Céu Claro";"Simples";"Rotatória";"Sim";2;0;0;1;1;0;1;2;-18,1784;-47,9362;"SPRF-GO";"DEL06-GO";"UOP01-DEL06-GO"
458957;2022-06-24;"sexta-feira";"18:20:00";"MS";163;476;"CAMPO GRANDE";"Reação tardia ou ineficiente do condutor";"Saída de leito carroçável";"Sem Vítimas";"Anoitecer";"Decrescente";"Céu Claro";"Simples";"Reta";"Sim";1;0;0;0;0;1;0;1;-20,51162825;-54,56030973;"SPRF-MS";"DEL01-MS";"UOP01-DEL01-MS"
458960;2022-07-01;"sexta-feira";"08:44:00";"PB";101;83,7;"BAYEUX";"Frear bruscamente";"Tombamento";"Com Vítimas Feridas";"Pleno dia";"Crescente";"Céu Claro";"Dupla";"Reta";"Sim";1;0;0;1;0;0;1;1;-7,1337703;-34,92963914;"SPRF-PB";"DEL01-PB";"UOP01-DEL01-PB"
458963;2022-07-01;"sexta-feira";"09:10:00";"SC";101;212;"PALHOCA";"Reação tardia ou ineficiente do condutor";"Colisão traseira";"Com Vítimas Feridas";"Pleno dia";"Decrescente";"Céu Claro";"Múltipla";"Reta";"Sim";3;0;1;0;2;0;1;2;-27,62996929;-48,65903871;"SPRF-SC";"DEL01-SC";"UOP02-DEL01-SC"
458964;2022-07-01;"sexta-feira";"09:35:00";"GO";40;12;"LUZIANIA";"Acessar a via sem observar a presença dos outros veículos";"Colisão transversal";"Com Vítimas Feridas";"Pleno dia";"Crescente";"Céu Claro";"Dupla";"Reta";"Sim";2;0;1;0;1;0;1;2;-16,150552;-47,940443;"SPRF-DF";"DEL01-DF";"UOP01-DEL01-DF"
458967;2022-07-01;"sexta-feira";"10:00:00";"RN";101;94;"NATAL";"Condutor deixou de manter distância do veículo da frente";"Colisão traseira";"Com Vítimas Feridas";"Pleno dia";"Decrescente";"Céu Claro";"Dupla";"Curva";"Sim";2;0;1;0;1;0;1;2;-5,83176615;-35,21191342;"SPRF-RN";"DEL01-RN";"UOP01-DEL01-RN"
458969;2022-07-01;"sexta-feira";"06:50:00";"PI";316;3;"TERESINA";"Condutor deixou de manter distância do veículo da frente";"Colisão traseira";"Com Vítimas Feridas";"Pleno dia";"Decrescente";"Sol";"Múltipla";"Reta";"Sim";2;0;1;0;1;0;1;2;-5,12826443;-42,79292384;"SPRF-PI";"DEL01-PI";"UOP02-DEL01-PI"
458970;2022-06-15;"quarta-feira";"18:20:00";"PB";104;129,6;"CAMPINA GRANDE";"Ausência de reação do condutor";"Tombamento";"Com Vítimas Feridas";"Plena Noite";"Crescente";"Céu Claro";"Simples";"Reta";"Sim";1;0;0;1;0;0;1;1;-7,29013399;-35,89029705;"SPRF-PB";"DEL02-PB";"UOP03-DEL02-PB"
458971;2022-07-01;"sexta-feira";"08:45:00";"TO";153;145;"ARAGUAINA";"Ausência de reação do condutor";"Colisão traseira";"Com Vítimas Feridas";"Pleno dia";"Crescente";"Céu Claro";"Dupla";"Rotatória;Reta";"Sim";3;0;2;0;1;0;2;2;-7,20503614;-48,24035166;"SPRF-TO";"DEL02-TO";"UOP01-DEL02-TO"
458973;2022-07-01;"sexta-feira";"07:30:00";"RO";364;13;"VILHENA";"Área urbana sem a presença de local apropriado para a travessia de pedestres";"Atropelamento de Pedestre";"Com Vítimas Feridas";"Pleno dia";"Crescente";"Céu Claro";"Dupla";"Rotatória";"Sim";2;0;1;0;1;0;1;2;-12,74140004;-60,13026401;"SPRF-RO";"DEL04-RO";"UOP01-DEL04-RO"
458974;2022-07-01;"sexta-feira";"10:30:00";"RJ";393;106;"SAPUCAIA";"Conversão proibida";"Colisão transversal";"Com Vítimas Feridas";"Pleno dia";"Decrescente";"Céu Claro";"Simples";"Reta";"Sim";3;0;2;0;1;0;2;2;-21,888409;-42,700113;"SPRF-RJ";"DEL05-RJ";"UOP01-DEL05-RJ"
458975;2022-07-01;"sexta-feira";"10:30:00";"SP";116;212;"GUARULHOS";"Ausência de reação do condutor";"Colisão traseira";"Com Vítimas Feridas";"Pleno dia";"Crescente";"Céu Claro";"Dupla";"Reta";"Sim";4;0;2;0;2;0;2;2;-23,43608315;-46,42805094;"SPRF-SP";"DEL01-SP";"UOP01-DEL01-SP"
458979;2022-06-30;"quinta-feira";"20:00:00";"MA";135;51;"BACABEIRA";"Demais Fenômenos da natureza";"Incêndio";"Sem Vítimas";"Plena Noite";"Crescente";"Céu Claro";"Dupla";"Viaduto";"Sim";1;0;0;0;0;1;0;1;-2,972108;-44,317272;"SPRF-MA";"DEL01-MA";"UOP01-DEL01-MA"
458981;2022-06-08;"quarta-feira";"18:10:00";"SC";116;6,5;"MAFRA";"Ultrapassagem Indevida";"Colisão transversal";"Com Vítimas Feridas";"Plena Noite";"Decrescente";"Nublado";"Simples";"Reta";"Sim";3;0;0;1;2;0;1;3;-26,14644691;-49,82305806;"SPRF-SC";"DEL06-SC";"UOP01-DEL06-SC"
458984;2022-07-01;"sexta-feira";"10:20:00";"AL";316;127,7;"MINADOR DO NEGRAO";"Acumulo de água sobre o pavimento";"Capotamento";"Com Vítimas Feridas";"Pleno dia";"Decrescente";"Chuva";"Simples";"Reta";"Não";1;0;1;0;0;0;1;1;-9,39352708;-36,87591699;"SPRF-AL";"DEL03-AL";"UOP01-DEL03-AL"