"id";"data_inversa";"dia_semana";"horario";"uf";"br";"km";"municipio";"causa_acidente";"tipo_acidente";"classificacao_acidente";"fase_dia";"sentido_via";"condicao_metereologica";"tipo_pista";"tracado_via";"uso_solo";"pessoas";"mortos";"feridos_leves";"feridos_graves";"ilesos";"ignorados";"feridos";"veiculos";"latitude";"longitude";"regional";"delegacia";"uop"
459095;2022-07-01;"sexta-feira";"21:40:00";"RJ";116;175;"NOVA IGUACU";"Ausência de reação do condutor";"Tombamento";"Com Vítimas Feridas";"Plena Noite";"Crescente";"Céu Claro";"Múltipla";"Reta";"Sim";2;0;2;0;0;0;2;1;-22,76949418;-43,40839863;"SPRF-RJ";"DEL01-RJ";"UOP02-DEL01-RJ"
459098;2022-07-01;"sexta-feira";"20:40:00";"BA";367;22;"PORTO SEGURO";"Acessar a via sem observar a presença dos outros veículos";"Colisão transversal";"Com Vítimas Feridas";"Plena Noite";"Crescente";"Céu Claro";"Simples";"Curva";"Sim";2;0;1;0;1;0;1;2;-16,44149625;-39,06566204;"SPRF-BA";"DEL09-BA";"UOP01-DEL09-BA"
459100;2022-07-01;"sexta-feira";"20:00:00";"RJ";116;172;"MESQUITA";"Condutor deixou de manter distância do veículo da frente";"Colisão traseira";"Com Vítimas Feridas";"Plena Noite";"Decrescente";"Céu Claro";"Múltipla";"Reta";"Sim";3;0;1;0;1;1;1;2;-22,77653763;-43,39904308;"SPRF-RJ";"DEL01-RJ";"UOP02-DEL01-RJ"
459101;2022-07-01;"sexta-feira";"22:20:00";"RN";101;95;"NATAL";"Condutor deixou de manter distância do veículo da frente";"Colisão traseira";"Sem Vítimas";"Plena Noite";"Decrescente";"Chuva";"Dupla";"Reta";"Sim";3;0;0;0;2;1;0;3;-5,84076841;-35,21035949;"SPRF-RN";"DEL01-RN";"UOP01-DEL01-RN"
459102;2022-07-01;"sexta-feira";"18:40:00";"RS";285;159,2;"MUITOS CAPOES";"Transitar no acostamento";"Colisão traseira";"Sem Vítimas";"Plena Noite";"Decrescente";"Céu Claro";"Simples";"Reta";"Não";2;0;0;0;2;0;0;2;-28,32148;-51,217224;"SPRF-RS";"DEL05-RS";"UOP03-DEL05-RS"
459103;2022-05-12;"quinta-feira";"09:20:00";"RJ";40;98;"DUQUE DE CAXIAS";"Acesso irregular";"Colisão transversal";"Com Vítimas Feridas";"Pleno dia";"Crescente";"Nublado";"Simples";"Reta";"Não";2;0;1;1;0;0;2;2;-22,57773682;-43,27329036;"SPRF-RJ";"DEL01-RJ";"UOP01-DEL01-RJ"
459106;2022-07-01;"sexta-feira";"22:55:00";"MG";40;468;"SETE LAGOAS";"Pedestre andava na pista";"Atropelamento de Pedestre";"Com Vítimas Feridas";"Plena Noite";"Decrescente";"Céu Claro";"Dupla";"Reta";"Não";2;0;1;0;1;0;1;2;-19,45630182;-44,30941888;"SPRF-MG";"DEL02-MG";"UOP01-DEL02-MG"
459107;2022-07-01;"sexta-feira";"22:46:00";"RS";386;345,8;"LAJEADO";"Acessar a via sem observar a presença dos outros veículos";"Colisão transversal";"Com Vítimas Fatais";"Plena Noite";"Decrescente";"Céu Claro";"Dupla";"Interseção de Vias;Reta";"Sim";2;1;0;0;1;0;0;2;-29,443069;-51,984135;"SPRF-RS";"DEL04-RS";"UOP01-DEL04-RS"
459109;2022-07-01;"sexta-feira";"23:25:00";"SP";153;64;"SAO JOSE DO RIO PRETO";"Ingestão de álcool pelo condutor";"Saída de leito carroçável";"Com Vítimas Feridas";"Plena Noite";"Crescente";"Céu Claro";"Dupla";"Reta";"Sim";2;0;1;0;1;0;1;1;-20,82919401;-49,36046325;"SPRF-SP";"DEL09-SP";"UOP01-DEL09-SP"
459110;2022-07-01;"sexta-feira";"23:00:00";"PR";277;682,3;"SAO MIGUEL DO IGUACU";"Velocidade Incompatível";"Capotamento";"Com Vítimas Feridas";"Plena Noite";"Decrescente";"Céu Claro";"Dupla";"Reta";"Não";1;0;1;0;0;0;1;1;-25,32986789;-54,18272203;"SPRF-PR";"DEL05-PR";"UOP01-DEL05-PR"
459111;2022-07-01;"sexta-feira";"17:50:00";"RJ";495;22;"PETROPOLIS";"Reação tardia ou ineficiente do condutor";"Capotamento";"Com Vítimas Feridas";"Plena Noite";"Crescente";"Céu Claro";"Simples";"Curva";"Não";4;0;2;0;2;0;2;1;-22,407368;-43,0835;"SPRF-RJ";"DEL06-RJ";"UOP01-DEL06-RJ"
459114;2022-07-01;"sexta-feira";"22:05:00";"RO";364;515;"ARIQUEMES";"Acessar a via sem observar a presença dos outros veículos";"Colisão transversal";"Com Vítimas Feridas";"Plena Noite";"Decrescente";"Céu Claro";"Simples";"Reta;Interseção de Vias";"Sim";2;0;0;1;1;0;1;2;-9,92497302;-63,05491046;"SPRF-RO";"DEL03-RO";"UOP01-DEL03-RO"
459115;2022-07-01;"sexta-feira";"22:15:00";"RO";319;63;"PORTO VELHO";"Desrespeitar a preferência no cruzamento";"Colisão transversal";"Com Vítimas Feridas";"Plena Noite";"Crescente";"Céu Claro";"Múltipla";"Interseção de Vias";"Sim";4;0;2;0;1;1;2;2;-8,766685;-63,884052;"SPRF-RO";"DEL01-RO";"UOP01-DEL01-RO"
459116;2022-07-01;"sexta-feira";"18:30:00";"MG";365;541;"ROMARIA";"Reação tardia ou ineficiente do condutor";"Saída de leito carroçável";"Com Vítimas Feridas";"Plena Noite";"Decrescente";"Céu Claro";"Dupla";"Curva";"Não";3;0;1;0;2;0;1;1;-18,93296875;-47,58130431;"SPRF-MG";"DEL10-MG";"UOP01-DEL10-MG"
459117;2022-07-01;"sexta-feira";"23:35:00";"MG";50;79;"UBERLANDIA";"Ingestão de álcool pelo condutor";"Capotamento";"Com Vítimas Feridas";"Plena Noite";"Crescente";"Céu Claro";"Dupla";"Reta";"Não";5;0;3;0;2;0;3;1;-18,986906;-48,211853;"SPRF-MG";"DEL15-MG";"UOP01-DEL15-MG"
459118;2022-07-01;"sexta-feira";"22:30:00";"PR";153;344;"IRATI";"Reação tardia ou ineficiente do condutor";"Saída de leito carroçável";"Sem Vítimas";"Plena Noite";"Crescente";"Céu Claro";"Simples";"Ponte";"Não";1;0;0;0;0;1;0;1;-25,56118096;-50,67815908;"SPRF-PR";"DEL08-PR";"UOP02-DEL08-PR"
459119;2022-07-01;"sexta-feira";"23:40:00";"SC";282;530;"CORDILHEIRA ALTA";"Desrespeitar a preferência no cruzamento";"Colisão transversal";"Com Vítimas Feridas";"Plena Noite";"Crescente";"Céu Claro";"Simples";"Reta";"Não";2;0;1;0;1;0;1;2;-26,986555;-52,60524;"SPRF-SC";"DEL07-SC";"UOP01-DEL07-SC"
459121;2022-07-01;"sexta-feira";"23:00:00";"PR";376;587;"CURITIBA";"Ingestão de álcool pelo condutor";"Colisão traseira";"Com Vítimas Feridas";"Plena Noite";"Crescente";"Céu Claro";"Dupla";"Reta";"Sim";3;0;2;0;1;0;2;2;-25,43275039;-49,37346606;"SPRF-PR";"DEL03-PR";"UOP03-DEL03-PR"
459122;2022-07-02;"sábado";"00:06:00";"PB";101;85;"BAYEUX";"Ausência de reação do condutor";"Colisão com objeto";"Com Vítimas Feridas";"Plena Noite";"Decrescente";"Nublado";"Dupla";"Reta";"Sim";2;0;0;1;1;0;1;2;-7,14620213;-34,91561294;"SPRF-PB";"DEL01-PB";"UOP01-DEL01-PB"
459123;2022-07-02;"sábado";"00:10:00";"SC";101;221,8;"PALHOCA";"Condutor Dormindo";"Saída de leito carroçável";"Sem Vítimas";"Plena Noite";"Crescente";"Céu Claro";"Dupla";"Curva";"Sim";1;0;0;0;1;0;0;1;-27,70012652;-48,66021182;"SPRF-SC";"DEL01-SC";"UOP02-DEL01-SC"
459124;2022-07-02;"sábado";"01:00:00";"ES";101;66;"SAO MATEUS";"Acessar a via sem observar a presença dos outros veículos";"Colisão transversal";"Com Vítimas Feridas";"Plena Noite";"Crescente";"Céu Claro";"Simples";"Interseção de Vias";"Sim";2;0;1;0;1;0;1;2;-18,7165195;-39,87436378;"SPRF-ES";"DEL04-ES";"UOP02-DEL04-ES"
459126;2022-07-02;"sábado";"01:05:00";"SC";470;86,8;"ASCURRA";"Ingestão de substâncias psicoativas pelo condutor";"Colisão com objeto";"Com Vítimas Feridas";"Plena Noite";"Crescente";"Céu Claro";"Simples";"Reta";"Não";1;0;0;1;0;0;1;1;-26,949951;-49,357296;"SPRF-SC";"DEL04-SC";"UOP01-DEL04-SC"
459127;2022-07-02;"sábado";"01:00:00";"RS";290;96;"PORTO ALEGRE";"Reação tardia ou ineficiente do condutor";"Tombamento";"Com Vítimas Feridas";"Plena Noite";"Crescente";"Céu Claro";"Dupla";"Reta";"Não";1;0;0;1;0;0;1;1;-29,992107;-51,204525;"SPRF-RS";"DEL01-RS";"UOP01-DEL01-RS"
459128;2022-07-02;"sábado";"02:30:00";"MG";354;752;"ITAMONTE";"Velocidade Incompatível";"Colisão com objeto";"Sem Vítimas";"Plena Noite";"Crescente";"Céu Claro";"Simples";"Curva";"Sim";1;0;0;0;0;1;0;1;-22,29340799;-44,86366398;"SPRF-MG";"DEL17-MG";"UOP01-DEL17-MG"
459129;2022-07-02;"sábado";"01:30:00";"RJ";116;169;"SAO JOAO DE MERITI";"Velocidade Incompatível";"Capotamento";"Com Vítimas Feridas";"Plena Noite";"Decrescente";"Céu Claro";"Dupla";"Reta";"Sim";2;0;1;1;0;0;2;1;-22,79620194;-43,36166382;"SPRF-RJ";"DEL01-RJ";"UOP02-DEL01-RJ"
459130;2022-07-02;"sábado";"02:10:00";"GO";60;102;"ANAPOLIS";"Ingestão de álcool pelo condutor";"Saída de leito carroçável";"Sem Vítimas";"Plena Noite";"Crescente";"Céu Claro";"Dupla";"Reta";"Sim";1;0;0;0;1;0;0;1;-16,406;-48,9831;"SPRF-GO";"DEL02-GO";"UOP01-DEL02-GO"
459131;2022-07-01;"sexta-feira";"22:30:00";"PE";424;64,5;"CAETES";"Chuva";"Colisão traseira";"Com Vítimas Fatais";"Plena Noite";"Crescente";"Chuva";"Simples";"Reta";"Não";2;1;0;0;0;1;0;2;-8,753403;-36,667581;"SPRF-PE";"DEL03-PE";"UOP01-DEL03-PE"
459133;2022-07-02;"sábado";"03:30:00";"SC";282;57;"RANCHO QUEIMADO";"Condutor Dormindo";"Saída de leito carroçável";"Sem Vítimas";"Plena Noite";"Decrescente";"Céu Claro";"Simples";"Curva";"Não";1;0;0;0;1;0;0;1;-27,688864;-48,998455;"SPRF-SC";"DEL01-SC";"UOP03-DEL01-SC"
459134;2022-07-02;"sábado";"03:00:00";"RJ";493;89;"SEROPEDICA";"Condutor Dormindo";"Saída de leito carroçável";"Com Vítimas Feridas";"Plena Noite";"Crescente";"Nevoeiro/Neblina";"Dupla";"Reta";"Não";2;0;1;1;0;0;2;1;-22,67178683;-43,65024604;"SPRF-RJ";"DEL03-RJ";"UOP01-DEL03-RJ"
459137;2022-07-01;"sexta-feira";"19:15:00";"SP";116;270;"TABOAO DA SERRA";"Ausência de reação do condutor";"Colisão traseira";"Sem Vítimas";"Plena Noite";"Crescente";"Nublado";"Múltipla";"Reta";"Sim";7;0;0;0;4;3;0;4;-23,61799728;-46,79677694;"SPRF-SP";"DEL04-SP";"UOP01-DEL04-SP"
459139;2022-07-02;"sábado";"03:00:00";"SC";101;456,8;"SAO JOAO DO SUL";"Condutor Dormindo";"Colisão com objeto";"Com Vítimas Feridas";"Plena Noite";"Crescente";"Céu Claro";"Dupla";"Reta";"Não";2;0;1;1;0;0;2;1;-29,23888901;-49,75609303;"SPRF-SC";"DEL02-SC";"UOP02-DEL02-SC"
459140;2022-07-02;"sábado";"03:30:00";"MS";463;105;"PONTA PORA";"Condutor Dormindo";"Colisão lateral sentido oposto";"Com Vítimas Feridas";"Plena Noite";"Decrescente";"Céu Claro";"Simples";"Reta";"Não";2;0;2;0;0;0;2;2;-22,60240524;-55,6579092;"SPRF-MS";"DEL04-MS";"UOP03-DEL04-MS"
459141;2022-07-02;"sábado";"04:25:00";"RS";386;392,5;"TRIUNFO";"Ingestão de álcool pelo condutor";"Colisão transversal";"Sem Vítimas";"Plena Noite";"Decrescente";"Céu Claro";"Dupla";"Reta";"Não";5;0;0;0;5;0;0;2;-29,704739;-51,654911;"SPRF-RS";"DEL04-RS";"UOP02-DEL04-RS"
459142;2022-07-02;"sábado";"03:40:00";"RS";470;153;"NOVA PRATA";"Transitar na contramão";"Colisão frontal";"Sem Vítimas";"Plena Noite";"Decrescente";"Céu Claro";"Dupla";"Curva";"Sim";2;0;0;0;0;2;0;2;-28,77133;-51,61788;"SPRF-RS";"DEL06-RS";"UOP02-DEL06-RS"
459143;2022-07-02;"sábado";"04:00:00";"RJ";116;173,6;"BELFORD ROXO";"Ausência de reação do condutor";"Tombamento";"Com Vítimas Fatais";"Plena Noite";"Crescente";"Céu Claro";"Múltipla";"Reta";"Sim";3;1;0;0;2;0;0;2;-22,77356993;-43,40269089;"SPRF-RJ";"DEL01-RJ";"UOP02-DEL01-RJ"
459145;2022-07-02;"sábado";"04:12:00";"MT";163;1037;"MATUPA";"Ingestão de álcool pelo condutor";"Colisão traseira";"Com Vítimas Fatais";"Plena Noite";"Crescente";"Céu Claro";"Simples";"Reta;Em Obras";"Não";2;1;1;0;0;0;1;2;-10,20199;-54,957639;"SPRF-MT";"DEL06-MT";"NPF/DEL06-MT"
459146;2022-07-02;"sábado";"05:00:00";"PB";230;372;"CONDADO";"Condutor Dormindo";"Saída de leito carroçável";"Sem Vítimas";"Amanhecer";"Decrescente";"Céu Claro";"Simples";"Reta";"Sim";1;0;0;0;0;1;0;1;-6,9082;-37,5675;"SPRF-PB";"DEL03-PB";"UOP02-DEL03-PB"
459147;2022-07-02;"sábado";"05:00:00";"PR";116;121;"CURITIBA";"Reação tardia ou ineficiente do condutor";"Colisão traseira";"Com Vítimas Feridas";"Plena Noite";"Crescente";"Nevoeiro/Neblina";"Dupla";"Reta";"Sim";3;0;3;0;0;0;3;2;-25,5956005;-49,3163985;"SPRF-PR";"DEL01-PR";"UOP03-DEL01-PR"
459148;2022-07-02;"sábado";"04:40:00";"MA";135;6;"SAO LUIS";"Conversão proibida";"Colisão transversal";"Com Vítimas Feridas";"Amanhecer";"Crescente";"Céu Claro";"Dupla";"Reta;Interseção de Vias";"Sim";2;0;1;0;1;0;1;2;-2,53073;-44,3068;"SPRF-MA";"DEL01-MA";"UOP01-DEL01-MA"
459150;2022-07-02;"sábado";"04:00:00";"BA";324;574;"SAO SEBASTIAO DO PASSE";"Reação tardia ou ineficiente do condutor";"Colisão com objeto";"Sem Vítimas";"Plena Noite";"Crescente";"Chuva";"Dupla";"Reta";"Não";1;0;0;0;1;0;0;1;-12,56758892;-38,55238794;"SPRF-BA";"DEL01-BA";"UOP01-DEL01-BA"
459151;2022-07-02;"sábado";"05:30:00";"RJ";116;176;"NOVA IGUACU";"Ausência de reação do condutor";"Capotamento";"Com Vítimas Feridas";"Amanhecer";"Decrescente";"Nublado";"Múltipla";"Reta";"Sim";2;0;1;0;1;0;1;1;-22,7839538;-43,38195488;"SPRF-RJ";"DEL01-RJ";"UOP02-DEL01-RJ"
459152;2022-07-01;"sexta-feira";"19:20:00";"MG";262;475,9;"BOM DESPACHO";"Velocidade Incompatível";"Saída de leito carroçável";"Sem Vítimas";"Plena Noite";"Decrescente";"Céu Claro";"Simples";"Reta;Declive";"Não";1;0;0;0;0;1;0;1;-19,78735338;-45,20201711;"SPRF-MG";"DEL08-MG";"UOP03-DEL08-MG"
459153;2022-07-02;"sábado";"05:50:00";"RS";386;345,8;"LAJEADO";"Ausência de reação do condutor";"Saída de leito carroçável";"Sem Vítimas";"Amanhecer";"Decrescente";"Céu Claro";"Dupla";"Reta";"Não";1;0;0;0;0;1;0;1;-29,446793;-51,974564;"SPRF-RS";"DEL04-RS";"UOP01-DEL04-RS"
459154;2022-07-02;"sábado";"06:30:00";"PR";116;16,3;"COLOMBO";"Ingestão de álcool pelo condutor";"Colisão com objeto";"Sem Vítimas";"Amanhecer";"Decrescente";"Sol";"Dupla";"Declive;Reta";"Sim";1;0;0;0;1;0;0;1;-25,3874;-49,1774;"SPRF-PR";"DEL01-PR";"UOP02-DEL01-PR"
459155;2022-07-02;"sábado";"04:30:00";"RS";285;116,2;"VACARIA";"Ausência de reação do condutor";"Saída de leito carroçável";"Sem Vítimas";"Plena Noite";"Crescente";"Céu Claro";"Simples";"Curva";"Não";1;0;0;0;1;0;0;1;-28,512791;-50,896431;"SPRF-RS";"DEL05-RS";"UOP03-DEL05-RS"
459156;2022-07-02;"sábado";"06:30:00";"SC";101;26;"JOINVILLE";"Mal súbito do condutor";"Saída de leito carroçável";"Com Vítimas Feridas";"Pleno dia";"Crescente";"Céu Claro";"Dupla";"Reta";"Não";1;0;1;0;0;0;1;1;-26,19234802;-48,91210384;"SPRF-SC";"DEL03-SC";"UOP01-DEL03-SC"
459157;2022-07-02;"sábado";"06:50:00";"RJ";101;475;"ANGRA DOS REIS";"Retorno proibido";"Queda de ocupante de veículo";"Com Vítimas Feridas";"Anoitecer";"Crescente";"Céu Claro";"Simples";"Reta";"Não";2;0;1;0;1;0;1;2;-23,00030529;-44,25655988;"SPRF-RJ";"DEL03-RJ";"UOP03-DEL03-RJ"
459158;2022-07-02;"sábado";"07:10:00";"MG";381;499,7;"BETIM";"Trafegar com motocicleta (ou similar) entre as faixas";"Tombamento";"Com Vítimas Feridas";"Pleno dia";"Decrescente";"Sol";"Múltipla";"Aclive;Curva";"Não";1;0;1;0;0;0;1;1;-20,02513493;-44,23112709;"SPRF-MG";"DEL01-MG";"UOP03-DEL01-MG"
459159;2022-07-02;"sábado";"07:15:00";"PR";277;77;"CURITIBA";"Ausência de reação do condutor";"Saída de leito carroçável";"Sem Vítimas";"Pleno dia";"Decrescente";"Céu Claro";"Dupla";"Reta";"Sim";1;0;0;0;0;1;0;1;-25,48347281;-49,19134319;"SPRF-PR";"DEL01-PR";"UOP01-DEL01-PR"
459160;2022-07-01;"sexta-feira";"16:30:00";"RJ";40;111;"DUQUE DE CAXIAS";"Trafegar com motocicleta (ou similar) entre as faixas";"Colisão lateral mesmo sentido";"Com Vítimas Feridas";"Pleno dia";"Decrescente";"Céu Claro";"Múltipla";"Reta";"Sim";2;0;1;0;0;1;1;2;-22,691868;-43,287453;"SPRF-RJ";"DEL01-RJ";"UOP01-DEL01-RJ"
459162;2022-07-02;"sábado";"07:15:00";"ES";101;304,6;"VIANA";"Reação tardia ou ineficiente do condutor";"Colisão traseira";"Com Vítimas Feridas";"Pleno dia";"Decrescente";"Céu Claro";"Dupla";"Reta";"Sim";4;0;2;0;1;1;2;3;-20,3800645;-40,45431391;"SPRF-ES";"DEL01-ES";"UOP01-DEL01-ES"
459164;2022-07-02;"sábado";"06:00:00";"RS";116;297;"GUAIBA";"Condutor Dormindo";"Saída de leito carroçável";"Sem Vítimas";"Amanhecer";"Crescente";"Céu Claro";"Dupla";"Reta";"Sim";1;0;0;0;1;0;0;1;-30,09753097;-51,34302937;"SPRF-RS";"DEL02-RS";"UOP01-DEL02-RS"
459167;2022-06-30;"quinta-feira";"13:00:00";"MS";267;481;"JARDIM";"Acessar a via sem observar a presença dos outros veículos";"Colisão transversal";"Com Vítimas Feridas";"Pleno dia";"Decrescente";"Céu Claro";"Simples";"Interseção de Vias";"Sim";3;0;2;0;1;0;2;2;-21,478745;-56,13899;"SPRF-MS";"DEL05-MS";"UOP01-DEL05-MS"
459168;2022-04-02;"sábado";"18:00:00";"PR";277;95;"CURITIBA";"Manobra de mudança de faixa";"Colisão traseira";"Com Vítimas Feridas";"Anoitecer";"Decrescente";"Nublado";"Dupla";"Reta";"Sim";2;0;0;1;0;1;1;2;-25,43015024;-49,32037722;"SPRF-PR";"DEL01-PR";"UOP06-DEL01-PR"
459169;2022-07-02;"sábado";"07:45:00";"PE";101;75,4;"RECIFE";"Condutor deixou de manter distância do veículo da frente";"Colisão traseira";"Com Vítimas Feridas";"Pleno dia";"Crescente";"Garoa/Chuvisco";"Dupla";"Aclive";"Sim";3;0;1;0;2;0;1;2;-8,115829;-34,944195;"SPRF-PE";"DEL01-PE";"UOP01-DEL01-PE"
459175;2022-07-02;"sábado";"09:00:00";"RN";101;84,2;"NATAL";"Ausência de reação do condutor";"Colisão traseira";"Com Vítimas Feridas";"Pleno dia";"Decrescente";"Céu Claro";"Dupla";"Aclive;Reta";"Sim";2;0;1;0;1;0;1;2;-5,774175;-35,2578;"SPRF-RN";"DEL02-RN";"UOP01-DEL02-RN"
459177;2022-07-02;"sábado";"06:50:00";"PR";277;680,2;"SAO MIGUEL DO IGUACU";"Animais na Pista";"Saída de leito carroçável";"Com Vítimas Feridas";"Amanhecer";"Decrescente";"Nublado";"Dupla";"Reta";"Não";5;0;2;0;3;0;2;1;-25,32254101;-54,16501799;"SPRF-PR";"DEL05-PR";"UOP01-DEL05-PR"
459178;2022-07-02;"sábado";"08:40:00";"SC";101;341;"TUBARAO";"Condutor deixou de manter distância do veículo da frente";"Colisão traseira";"Com Vítimas Feridas";"Pleno dia";"Decrescente";"Céu Claro";"Simples";"Reta";"Não";2;0;1;0;1;0;1;2;-28,50999405;-49,05070686;"SPRF-SC";"DEL02-SC";"UOP01-DEL02-SC"
459181;2022-06-25;"sábado";"08:45:00";"MA";316;484;"CODO";"Manobra de mudança de faixa";"Colisão frontal";"Com Vítimas Feridas";"Pleno dia";"Crescente";"Céu Claro";"Simples";"Curva";"Não";3;0;1;0;2;0;1;2;-4,623689;-43,888831;"SPRF-MA";"DEL03-MA";"UOP02-DEL03-MA"
459182;2022-07-02;"sábado";"06:20:00";"MA";10;157;"PORTO FRANCO";"Reação tardia ou ineficiente do condutor";"Colisão frontal";"Com Vítimas Feridas";"Pleno dia";"Crescente";"Céu Claro";"Simples";"Reta";"Não";3;0;1;0;2;0;1;2;-6,34733;-47,374878;"SPRF-MA";"DEL04-MA";"UOP02-DEL04-MA"
459186;2022-04-25;"segunda-feira";"13:00:00";"BA";101;798;"ITAMARAJU";"Ausência de reação do condutor";"Capotamento";"Com Vítimas Feridas";"Pleno dia";"Crescente";"Céu Claro";"Simples";"Reta";"Não";5;0;2;3;0;0;5;1;-17,12381097;-39,56860216;"SPRF-BA";"DEL09-BA";"UOP01-DEL09-BA"
459187;2022-07-02;"sábado";"09:06:00";"PR";369;152;"LONDRINA";"Condutor deixou de manter distância do veículo da frente";"Colisão traseira";"Com Vítimas Feridas";"Pleno dia";"Crescente";"Céu Claro";"Dupla";"Aclive;Reta";"Sim";6;0;0;1;5;0;1;2;-23,293786;-51,18781;"SPRF-PR";"DEL07-PR";"UOP01-DEL07-PR"
459188;2022-07-02;"sábado";"09:40:00";"GO";40;7,2;"LUZIANIA";"Acessar a via sem observar a presença dos outros veículos";"Tombamento";"Com Vítimas Feridas";"Pleno dia";"Decrescente";"Céu Claro";"Dupla";"Reta";"Sim";2;0;1;0;1;0;1;2;-16,116158;-47,96761;"SPRF-DF";"DEL01-DF";"UOP01-DEL01-DF"
459190;2022-07-02;"sábado";"10:15:00";"SC";101;253,9;"PAULO LOPES";"Manobra de mudança de faixa";"Colisão com objeto";"Com Vítimas Feridas";"Pleno dia";"Crescente";"Céu Claro";"Dupla";"Reta";"Não";2;0;2;0;0;0;2;1;-27,975626;-48,679581;"SPRF-SC";"DEL02-SC";"UOP03-DEL02-SC"
459191;2022-07-02;"sábado";"08:30:00";"RN";101;84,1;"NATAL";"Ausência de reação do condutor";"Colisão traseira";"Sem Vítimas";"Pleno dia";"Decrescente";"Sol";"Dupla";"Reta";"Não";2;0;0;0;2;0;0;2;-5,774175;-35,2578;"SPRF-RN";"DEL02-RN";"UOP01-DEL02-RN"
459192;2022-07-02;"sábado";"10:55:00";"RS";471;186,3;"RIO PARDO";"Manobra de mudança de faixa";"Colisão lateral mesmo sentido";"Sem Vítimas";"Pleno dia";"Decrescente";"Céu Claro";"Simples";"Reta";"Não";2;0;0;0;2;0;0;2;-30,112297;-52,367592;"SPRF-RS";"DEL02-RS";"UOP03-DEL02-RS"
459194;2022-07-02;"sábado";"10:30:00";"SP";116;282,5;"EMBU DAS ARTES";"Trafegar com motocicleta (ou similar) entre as faixas";"Colisão traseira";"Com Vítimas Feridas";"Pleno dia";"Crescente";"Céu Claro";"Dupla";"Reta";"Sim";2;0;1;0;1;0;1;2;-23,68570216;-46,85970975;"SPRF-SP";"DEL04-SP";"UOP01-DEL04-SP"
459195;2022-07-02;"sábado";"09:45:00";"PR";277;535,9;"IBEMA";"Acessar a via sem observar a presença dos outros veículos";"Colisão transversal";"Com Vítimas Feridas";"Pleno dia";"Decrescente";"Céu Claro";"Simples";"Rotatória;Reta";"Sim";5;0;0;1;4;0;1;2;-25,10716706;-52,99434897;"SPRF-PR";"DEL04-PR";"UOP01-DEL04-PR"
459197;2022-07-02;"sábado";"06:00:00";"MT";163;604;"NOVA MUTUM";"Demais falhas na via";"Saída de leito carroçável";"Com Vítimas Feridas";"Amanhecer";"Decrescente";"Céu Claro";"Simples";"Reta";"Não";2;0;2;0;0;0;2;1;-13,87236604;-56,08739473;"SPRF-MT";"DEL01-MT";"UOP01-DEL01-MT"
459200;2022-07-02;"sábado";"11:35:00";"PR";476;118;"COLOMBO";"Frear bruscamente";"Queda de ocupante de veículo";"Com Vítimas Feridas";"Pleno dia";"Crescente";"Sol";"Múltipla";"Reta";"Sim";3;0;2;0;1;0;2;1;-25,364202;-49,185825;"SPRF-PR";"DEL01-PR";"UOP01-DEL01-PR"
459202;2022-07-02;"sábado";"11:30:00";"RS";116;309,7;"GUAIBA";"Acessar a via sem observar a presença dos outros veículos";"Colisão transversal";"Com Vítimas Feridas";"Pleno dia";"Crescente";"Céu Claro";"Simples";"Interseção de Vias";"Não";5;0;1;0;4;0;1;2;-30,19187406;-51,39787181;"SPRF-RS";"DEL02-RS";"UOP01-DEL02-RS"
459204;2022-07-02;"sábado";"11:35:00";"RJ";356;19;"ITAPERUNA";"Condutor deixou de manter distância do veículo da frente";"Colisão traseira";"Com Vítimas Feridas";"Pleno dia";"Crescente";"Céu Claro";"Simples";"Reta";"Não";3;0;2;0;1;0;2;2;-21,17723;-42,020089;"SPRF-RJ";"DEL08-RJ";"UOP03-DEL08-RJ"
459207;2022-07-02;"sábado";"12:10:00";"PR";277;8,9;"PARANAGUA";"Reação tardia ou ineficiente do condutor";"Queda de ocupante de veículo";"Com Vítimas Feridas";"Pleno dia";"Crescente";"Sol";"Dupla";"Declive";"Não";1;0;1;0;0;0;1;1;-25,56660098;-48,60729218;"SPRF-PR";"DEL01-PR";"UOP05-DEL01-PR"
459209;2022-07-02;"sábado";"10:40:00";"RO";425;97;"NOVA MAMORE";"Ausência de reação do condutor";"Colisão traseira";"Com Vítimas Feridas";"Pleno dia";"Decrescente";"Céu Claro";"Simples";"Reta";"Sim";2;0;1;0;1;0;1;2;-10,40962639;-65,33021277;"SPRF-RO";"DEL01-RO";"UOP03-DEL01-RO"
459210;2022-07-02;"sábado";"07:30:00";"SC";101;445;"SANTA ROSA DO SUL";"Manobra de mudança de faixa";"Colisão lateral mesmo sentido";"Sem Vítimas";"Pleno dia";"Crescente";"Céu Claro";"Dupla";"Reta";"Sim";2;0;0;0;1;1;0;2;-29,14637058;-49,72326279;"SPRF-SC";"DEL02-SC";"UOP02-DEL02-SC"
459212;2022-07-02;"sábado";"12:15:00";"BA";242;733;"CRISTOPOLIS";"Condutor deixou de manter distância do veículo da frente";"Colisão traseira";"Com Vítimas Feridas";"Pleno dia";"Decrescente";"Céu Claro";"Simples";"Aclive";"Não";9;0;1;0;8;0;1;2;-12,2229257;-44,299124;"SPRF-BA";"DEL10-BA";"UOP01-DEL10-BA"
459215;2022-03-19;"sábado";"03:00:00";"DF";20;26;"BRASILIA";"Ingestão de álcool pelo condutor";"Capotamento";"Com Vítimas Feridas";"Plena Noite";"Decrescente";"Ignorado";"Simples";"Reta";"Não";1;0;1;0;0;0;1;1;-15,596223;-47,640285;"SPRF-DF";"DEL02-DF";"UOP01-DEL02-DF"