"id";"data_inversa";"dia_semana";"horario";"uf";"br";"km";"municipio";"causa_acidente";"tipo_acidente";"classificacao_acidente";"fase_dia";"sentido_via";"condicao_metereologica";"tipo_pista";"tracado_via";"uso_solo";"pessoas";"mortos";"feridos_leves";"feridos_graves";"ilesos";"ignorados";"feridos";"veiculos";"latitude";"longitude";"regional";"delegacia";"uop"
459323;2022-07-02;"sábado";"22:00:00";"CE";222;224;"SOBRAL";"Demais falhas na via";"Tombamento";"Com Vítimas Feridas";"Plena Noite";"Crescente";"Céu Claro";"Simples";"Reta";"Não";2;0;1;0;1;0;1;2;-3,71179812;-40,34380504;"SPRF-CE";"DEL04-CE";"UOP01-DEL04-CE"
459325;2022-07-02;"sábado";"21:50:00";"MG";50;58;"UBERLANDIA";"Velocidade Incompatível";"Saída de leito carroçável";"Sem Vítimas";"Plena Noite";"Decrescente";"Céu Claro";"Dupla";"Curva;Declive";"Não";1;0;0;0;0;1;0;1;-18,79408225;-48,23421867;"SPRF-MG";"DEL15-MG";"UOP02-DEL15-MG"
459326;2022-07-02;"sábado";"20:20:00";"SC";282;581;"PINHALZINHO";"Reação tardia ou ineficiente do condutor";"Colisão traseira";"Com Vítimas Feridas";"Pleno dia";"Decrescente";"Céu Claro";"Simples";"Reta";"Sim";3;0;0;1;2;0;1;2;-26,83086838;-52,99587965;"SPRF-SC";"DEL07-SC";"UOP02-DEL07-SC"
459327;2022-07-02;"sábado";"17:46:00";"SC";282;90;"ALFREDO WAGNER";"Velocidade Incompatível";"Colisão frontal";"Com Vítimas Fatais";"Anoitecer";"Crescente";"Céu Claro";"Simples";"Reta";"Não";4;1;0;3;0;0;3;2;-27,683796;-49,222366;"SPRF-SC";"DEL01-SC";"UOP03-DEL01-SC"
459328;2022-07-02;"sábado";"21:45:00";"GO";40;4,5;"VALPARAISO DE GOIAS";"Ingestão de álcool pelo condutor";"Colisão traseira";"Sem Vítimas";"Plena Noite";"Decrescente";"Céu Claro";"Dupla";"Reta";"Sim";2;0;0;0;2;0;0;2;-16,08900737;-47,98451945;"SPRF-DF";"DEL01-DF";"UOP01-DEL01-DF"
459330;2022-07-02;"sábado";"21:15:00";"BA";116;765;"POCOES";"Ausência de reação do condutor";"Saída de leito carroçável";"Sem Vítimas";"Plena Noite";"Decrescente";"Nevoeiro/Neblina";"Simples";"Curva";"Não";1;0;0;0;1;0;0;1;-14,52270968;-40,3754883;"SPRF-BA";"DEL08-BA";"UOP02-DEL08-BA"
459331;2022-07-02;"sábado";"21:00:00";"RJ";40;62;"PETROPOLIS";"Transitar na contramão";"Colisão frontal";"Com Vítimas Feridas";"Plena Noite";"Decrescente";"Céu Claro";"Dupla";"Curva";"Não";2;0;1;0;1;0;1;2;-22,40542358;-43,14664526;"SPRF-RJ";"DEL05-RJ";"UOP02-DEL05-RJ"
459332;2022-07-02;"sábado";"23:00:00";"SP";116;284;"ITAPECERICA DA SERRA";"Ausência de reação do condutor";"Saída de leito carroçável";"Sem Vítimas";"Plena Noite";"Decrescente";"Céu Claro";"Dupla";"Reta";"Sim";1;0;0;0;1;0;0;1;-23,69998;-46,867767;"SPRF-SP";"DEL04-SP";"UOP01-DEL04-SP"
459333;2022-07-02;"sábado";"22:55:00";"RN";304;118,7;"ITAJA";"Animais na Pista";"Atropelamento de Animal";"Com Vítimas Feridas";"Plena Noite";"Crescente";"Nublado";"Simples";"Reta";"Sim";1;0;1;0;0;0;1;1;-5,62960994;-36,86516047;"SPRF-RN";"DEL04-RN";"UOP01-DEL04-RN"
459334;2022-07-02;"sábado";"22:25:00";"CE";116;3;"FORTALEZA";"Reação tardia ou ineficiente do condutor";"Colisão traseira";"Com Vítimas Feridas";"Plena Noite";"Decrescente";"Céu Claro";"Dupla";"Reta";"Sim";2;0;1;0;1;0;1;2;-3,77866493;-38,51490171;"SPRF-CE";"DEL01-CE";"UOP02-DEL01-CE"
459336;2022-07-02;"sábado";"23:00:00";"GO";40;14;"LUZIANIA";"Acesso irregular";"Colisão frontal";"Sem Vítimas";"Plena Noite";"Crescente";"Céu Claro";"Dupla";"Reta";"Sim";2;0;0;0;2;0;0;2;-16,158753;-47,933136;"SPRF-DF";"DEL01-DF";"UOP01-DEL01-DF"
459337;2022-07-02;"sábado";"21:40:00";"MS";262;256;"RIBAS DO RIO PARDO";"Animais na Pista";"Atropelamento de Animal";"Com Vítimas Feridas";"Plena Noite";"Decrescente";"Céu Claro";"Simples";"Reta";"Não";1;0;1;0;0;0;1;1;-20,40080751;-53,90081198;"SPRF-MS";"DEL01-MS";"UOP01-DEL01-MS"
459338;2022-07-02;"sábado";"22:30:00";"SC";101;124;"ITAJAI";"Animais na Pista";"Atropelamento de Animal";"Com Vítimas Feridas";"Plena Noite";"Decrescente";"Nublado";"Dupla";"Reta";"Sim";1;0;1;0;0;0;1;1;-26,94335064;-48,69198648;"SPRF-SC";"DEL04-SC";"UOP04-DEL04-SC"
459340;2022-07-02;"sábado";"23:00:00";"PR";376;169,2;"MARINGA";"Ingestão de álcool pelo condutor";"Colisão traseira";"Com Vítimas Feridas";"Plena Noite";"Decrescente";"Céu Claro";"Dupla";"Reta";"Não";2;0;1;0;0;1;1;2;-23,4035526;-51,99640274;"SPRF-PR";"DEL09-PR";"UOP01-DEL09-PR"
459342;2022-07-02;"sábado";"12:30:00";"MG";116;40;"PEDRA AZUL";"Acessar a via sem observar a presença dos outros veículos";"Colisão transversal";"Com Vítimas Feridas";"Pleno dia";"Crescente";"Céu Claro";"Simples";"Interseção de Vias";"Não";2;0;0;1;1;0;1;2;-15,986245;-41,407372;"SPRF-MG";"DEL11-MG";"UOP02-DEL11-MG"
459344;2022-07-03;"domingo";"00:02:00";"DF";20;6;"BRASILIA";"Condutor Dormindo";"Colisão com objeto";"Com Vítimas Feridas";"Plena Noite";"Crescente";"Céu Claro";"Dupla";"Aclive";"Não";1;0;1;0;0;0;1;1;-15,665888;-47,808308;"SPRF-DF";"DEL02-DF";"UOP01-DEL02-DF"
459345;2022-07-02;"sábado";"23:35:00";"MA";10;251;"IMPERATRIZ";"Participar de racha";"Tombamento";"Com Vítimas Feridas";"Plena Noite";"Decrescente";"Céu Claro";"Simples";"Reta";"Sim";2;0;0;1;0;1;1;2;-5,543249;-47,464447;"SPRF-MA";"DEL04-MA";"UOP01-DEL04-MA"
459346;2022-07-02;"sábado";"22:05:00";"SC";280;80,7;"CORUPA";"Ausência de reação do condutor";"Colisão frontal";"Com Vítimas Feridas";"Plena Noite";"Crescente";"Céu Claro";"Simples";"Aclive";"Não";2;0;0;1;1;0;1;2;-26,43589072;-49,24351466;"SPRF-SC";"DEL06-SC";"UOP03-DEL06-SC"
459347;2022-07-02;"sábado";"23:40:00";"SP";116;49,3;"LORENA";"Reação tardia ou ineficiente do condutor";"Saída de leito carroçável";"Sem Vítimas";"Plena Noite";"Decrescente";"Céu Claro";"Dupla";"Reta";"Não";1;0;0;0;0;1;0;1;-22,73051614;-45,0765859;"SPRF-SP";"DEL08-SP";"UOP02-DEL08-SP"
459348;2022-07-02;"sábado";"22:20:00";"GO";40;8,5;"VALPARAISO DE GOIAS";"Reação tardia ou ineficiente do condutor";"Saída de leito carroçável";"Sem Vítimas";"Plena Noite";"Decrescente";"Céu Claro";"Dupla";"Reta";"Sim";1;0;0;0;1;0;0;1;-16,11897305;-47,96539849;"SPRF-DF";"DEL01-DF";"UOP01-DEL01-DF"
459349;2022-07-02;"sábado";"23:45:00";"RS";285;339,1;"CARAZINHO";"Ingestão de álcool pelo condutor";"Saída de leito carroçável";"Com Vítimas Feridas";"Plena Noite";"Crescente";"Céu Claro";"Simples";"Reta";"Sim";1;0;1;0;0;0;1;1;-28,31284;-52,788609;"SPRF-RS";"DEL08-RS";"UOP03-DEL08-RS"
459350;2022-07-02;"sábado";"23:40:00";"PR";277;725;"FOZ DO IGUACU";"Acesso irregular";"Colisão frontal";"Com Vítimas Feridas";"Plena Noite";"Crescente";"Céu Claro";"Simples";"Curva";"Não";2;0;2;0;0;0;2;2;-25,50823541;-54,54619865;"SPRF-PR";"DEL05-PR";"UOP03-DEL05-PR"
459351;2022-07-02;"sábado";"23:30:00";"PR";116;0,5;"CAMPINA GRANDE DO SUL";"Ingestão de álcool pelo condutor";"Colisão com objeto";"Com Vítimas Feridas";"Plena Noite";"Crescente";"Céu Claro";"Dupla";"Reta";"Sim";2;0;1;0;1;0;1;1;-25,3478;-49,0493;"SPRF-PR";"DEL01-PR";"UOP02-DEL01-PR"
459352;2022-07-02;"sábado";"22:50:00";"SC";282;219;"LAGES";"Ingestão de álcool pelo condutor";"Colisão traseira";"Sem Vítimas";"Plena Noite";"Crescente";"Céu Claro";"Simples";"Reta";"Não";2;0;0;0;2;0;0;2;-27,795521;-50,323608;"SPRF-SC";"DEL05-SC";"UOP01-DEL05-SC"
459353;2022-07-03;"domingo";"00:40:00";"PR";376;292;"MAUA DA SERRA";"Ingestão de álcool pelo condutor";"Colisão traseira";"Com Vítimas Feridas";"Plena Noite";"Crescente";"Céu Claro";"Dupla";"Reta";"Sim";3;0;0;1;2;0;1;2;-23,91151143;-51,18467934;"SPRF-PR";"DEL07-PR";"UOP02-DEL07-PR"
459354;2022-07-03;"domingo";"00:00:00";"PR";277;74;"SAO JOSE DOS PINHAIS";"Reação tardia ou ineficiente do condutor";"Saída de leito carroçável";"Com Vítimas Feridas";"Plena Noite";"Decrescente";"Céu Claro";"Dupla";"Reta";"Não";1;0;1;0;0;0;1;1;-25,49293606;-49,16974068;"SPRF-PR";"DEL01-PR";"UOP01-DEL01-PR"
459356;2022-07-03;"domingo";"01:09:00";"RN";304;45;"MOSSORO";"Reação tardia ou ineficiente do condutor";"Saída de leito carroçável";"Com Vítimas Feridas";"Plena Noite";"Crescente";"Céu Claro";"Dupla";"Reta";"Não";2;0;2;0;0;0;2;1;-5,2250698;-37,3490001;"SPRF-RN";"DEL04-RN";"UOP01-DEL04-RN"
459357;2022-07-03;"domingo";"00:40:00";"PR";376;293,1;"MAUA DA SERRA";"Obstrução na via";"Colisão traseira";"Com Vítimas Feridas";"Plena Noite";"Decrescente";"Céu Claro";"Dupla";"Reta";"Não";11;0;0;1;9;1;1;4;-23,91850384;-51,17851182;"SPRF-PR";"DEL07-PR";"UOP02-DEL07-PR"
459358;2022-07-03;"domingo";"01:20:00";"SP";116;146,3;"SAO JOSE DOS CAMPOS";"Falta de acostamento";"Colisão traseira";"Com Vítimas Feridas";"Plena Noite";"Decrescente";"Céu Claro";"Dupla";"Reta";"Sim";2;0;2;0;0;0;2;2;-23,19122919;-45,86327591;"SPRF-SP";"DEL02-SP";"UOP01-DEL02-SP"
459359;2022-07-02;"sábado";"23:10:00";"AP";210;104;"PORTO GRANDE";"Transitar na contramão";"Colisão frontal";"Com Vítimas Feridas";"Plena Noite";"Crescente";"Céu Claro";"Simples";"Reta";"Sim";2;0;0;1;1;0;1;2;0,6985633;-51,39692189;"SPRF-AP";"DEL01-AP";"UOP01-DEL01-AP"
459360;2022-07-03;"domingo";"02:00:00";"SE";101;183,1;"UMBAUBA";"Ingestão de álcool pelo condutor";"Colisão transversal";"Com Vítimas Feridas";"Plena Noite";"Crescente";"Céu Claro";"Simples";"Reta";"Sim";2;0;1;0;1;0;1;2;-11,37971934;-37,66376674;"SPRF-SE";"DEL02-SE";"UOP03-DEL02-SE"
459361;2022-07-03;"domingo";"00:15:00";"PA";316;54,1;"CASTANHAL";"Desrespeitar a preferência no cruzamento";"Colisão transversal";"Com Vítimas Fatais";"Plena Noite";"Decrescente";"Céu Claro";"Dupla";"Reta";"Sim";4;1;2;1;0;0;3;2;-1,30643485;-48,01696002;"SPRF-PA";"DEL01-PA";"UOP01-DEL01-PA"
459362;2022-07-03;"domingo";"00:41:00";"RJ";101;318;"SAO GONCALO";"Demais falhas mecânicas ou elétricas";"Incêndio";"Sem Vítimas";"Plena Noite";"Decrescente";"Céu Claro";"Dupla";"Reta";"Sim";3;0;0;0;3;0;0;1;-22,84562994;-43,09841211;"SPRF-RJ";"DEL02-RJ";"UOP02-DEL02-RJ"
459363;2022-07-03;"domingo";"00:40:00";"MS";163;205;"CAARAPO";"Reação tardia ou ineficiente do condutor";"Saída de leito carroçável";"Com Vítimas Feridas";"Plena Noite";"Crescente";"Céu Claro";"Simples";"Reta";"Não";1;0;1;0;0;0;1;1;-22,66120005;-54,80076206;"SPRF-MS";"DEL04-MS";"UOP02-DEL04-MS"
459364;2022-07-03;"domingo";"02:45:00";"SC";101;212,5;"PALHOCA";"Ingestão de álcool pelo condutor";"Colisão com objeto";"Sem Vítimas";"Plena Noite";"Crescente";"Nublado";"Múltipla";"Reta";"Sim";1;0;0;0;1;0;0;1;-27,63456488;-48,66354346;"SPRF-SC";"DEL01-SC";"UOP02-DEL01-SC"
459365;2022-07-03;"domingo";"03:30:00";"SP";116;224;"GUARULHOS";"Objeto estático sobre o leito carroçável";"Colisão traseira";"Com Vítimas Feridas";"Plena Noite";"Decrescente";"Ignorado";"Múltipla";"Reta";"Sim";3;0;1;0;2;0;1;3;-23,48071896;-46,53271603;"SPRF-SP";"DEL01-SP";"UOP01-DEL01-SP"
459366;2022-07-03;"domingo";"04:10:00";"PR";369;174,9;"ROLANDIA";"Ausência de reação do condutor";"Saída de leito carroçável";"Com Vítimas Feridas";"Plena Noite";"Decrescente";"Céu Claro";"Simples";"Interseção de Vias";"Sim";1;0;1;0;0;0;1;1;-23,32169577;-51,38279915;"SPRF-PR";"DEL07-PR";"UOP01-DEL07-PR"
459367;2022-07-03;"domingo";"03:40:00";"SP";153;72,8;"SAO JOSE DO RIO PRETO";"Velocidade Incompatível";"Saída de leito carroçável";"Sem Vítimas";"Plena Noite";"Crescente";"Céu Claro";"Dupla";"Rotatória";"Não";2;0;0;0;0;2;0;2;-20,86642109;-49,4122982;"SPRF-SP";"DEL09-SP";"UOP01-DEL09-SP"
459368;2022-07-03;"domingo";"03:50:00";"PR";476;161;"ARAUCARIA";"Reação tardia ou ineficiente do condutor";"Tombamento";"Com Vítimas Feridas";"Plena Noite";"Crescente";"Céu Claro";"Simples";"Reta";"Sim";1;0;1;0;0;0;1;1;-25,622871;-49,447582;"SPRF-PR";"DEL01-PR";"UOP03-DEL01-PR"
459370;2022-07-03;"domingo";"04:27:00";"DF";70;7;"BRASILIA";"Ingestão de álcool pelo condutor";"Colisão com objeto";"Sem Vítimas";"Plena Noite";"Crescente";"Vento";"Dupla";"Reta";"Não";1;0;0;0;0;1;0;1;-15,787601;-48,114429;"SPRF-DF";"DEL03-DF";"UOP02-DEL03-DF"
459371;2022-07-03;"domingo";"04:35:00";"SC";101;211,5;"PALHOCA";"Ingestão de álcool pelo condutor";"Saída de leito carroçável";"Com Vítimas Feridas";"Plena Noite";"Decrescente";"Nublado";"Dupla";"Reta";"Sim";2;0;1;0;1;0;1;1;-27,62329313;-48,65245588;"SPRF-SC";"DEL01-SC";"UOP02-DEL01-SC"
459373;2022-07-03;"domingo";"04:50:00";"PR";487;178,1;"CAMPO MOURAO";"Reação tardia ou ineficiente do condutor";"Saída de leito carroçável";"Com Vítimas Feridas";"Plena Noite";"Decrescente";"Céu Claro";"Dupla";"Rotatória";"Sim";1;0;0;1;0;0;1;1;-24,04563119;-52,39549398;"SPRF-PR";"DEL09-PR";"UOP03-DEL09-PR"
459374;2022-07-03;"domingo";"04:30:00";"SC";101;203,7;"SAO JOSE";"Ingestão de álcool pelo condutor";"Colisão com objeto";"Com Vítimas Feridas";"Plena Noite";"Decrescente";"Céu Claro";"Múltipla";"Reta";"Sim";4;0;1;1;0;2;2;2;-27,5650044;-48,61460082;"SPRF-SC";"DEL01-SC";"UOP01-DEL01-SC"
459375;2022-07-03;"domingo";"05:00:00";"SC";101;216,9;"PALHOCA";"Ingestão de álcool pelo condutor";"Colisão com objeto";"Sem Vítimas";"Plena Noite";"Crescente";"Nublado";"Múltipla";"Reta";"Sim";1;0;0;0;1;0;0;1;-27,667703;-48,67407;"SPRF-SC";"DEL01-SC";"UOP02-DEL01-SC"
459376;2022-07-03;"domingo";"04:10:00";"MG";116;561;"MANHUACU";"Ingestão de álcool pelo condutor";"Saída de leito carroçável";"Com Vítimas Feridas";"Plena Noite";"Crescente";"Céu Claro";"Simples";"Curva";"Não";1;0;1;0;0;0;1;1;-20,04079579;-42,17396159;"SPRF-MG";"DEL06-MG";"UOP03-DEL06-MG"
459377;2022-07-03;"domingo";"04:52:00";"DF";20;7;"BRASILIA";"Condutor Dormindo";"Saída de leito carroçável";"Com Vítimas Feridas";"Plena Noite";"Decrescente";"Céu Claro";"Dupla";"Reta";"Sim";1;0;1;0;0;0;1;1;-15,662208;-47,799866;"SPRF-DF";"DEL02-DF";"UOP01-DEL02-DF"
459378;2022-07-03;"domingo";"01:40:00";"SC";282;587;"PINHALZINHO";"Reação tardia ou ineficiente do condutor";"Saída de leito carroçável";"Com Vítimas Feridas";"Plena Noite";"Decrescente";"Céu Claro";"Simples";"Curva";"Não";2;0;2;0;0;0;2;1;-26,830677;-53,04443;"SPRF-SC";"DEL07-SC";"UOP02-DEL07-SC"
459379;2022-07-03;"domingo";"03:50:00";"SC";282;574,3;"PINHALZINHO";"Velocidade Incompatível";"Saída de leito carroçável";"Com Vítimas Feridas";"Plena Noite";"Decrescente";"Nublado";"Simples";"Rotatória";"Não";1;0;1;0;0;0;1;1;-26,87445907;-52,95457363;"SPRF-SC";"DEL07-SC";"UOP02-DEL07-SC"
459380;2022-07-03;"domingo";"05:40:00";"PR";277;60;"SAO JOSE DOS PINHAIS";"Reação tardia ou ineficiente do condutor";"Colisão com objeto";"Com Vítimas Feridas";"Amanhecer";"Decrescente";"Céu Claro";"Dupla";"Reta";"Não";2;0;2;0;0;0;2;1;-25,55239572;-49,03666784;"SPRF-PR";"DEL01-PR";"UOP01-DEL01-PR"
459381;2022-07-03;"domingo";"05:35:00";"SC";101;214,8;"PALHOCA";"Ingestão de álcool pelo condutor";"Saída de leito carroçável";"Sem Vítimas";"Plena Noite";"Decrescente";"Nublado";"Dupla";"Reta";"Sim";1;0;0;0;1;0;0;1;-27,64443;-48,67057;"SPRF-SC";"DEL01-SC";"UOP02-DEL01-SC"
459382;2022-07-03;"domingo";"04:00:00";"PB";101;96;"CONDE";"Acumulo de água sobre o pavimento";"Saída de leito carroçável";"Sem Vítimas";"Plena Noite";"Decrescente";"Chuva";"Dupla";"Reta";"Não";2;0;0;0;0;2;0;2;-7,230921;-34,921149;"SPRF-PB";"DEL01-PB";"UOP02-DEL01-PB"
459383;2022-07-02;"sábado";"18:50:00";"BA";101;262;"SANTO ANTONIO DE JESUS";"Pedestre andava na pista";"Atropelamento de Pedestre";"Com Vítimas Feridas";"Plena Noite";"Decrescente";"Céu Claro";"Simples";"Reta";"Sim";2;0;1;0;1;0;1;2;-12,97821311;-39,27991033;"SPRF-BA";"DEL01-BA";"UOP02-DEL01-BA"
459385;2022-07-03;"domingo";"05:50:00";"SP";116;98;"PINDAMONHANGABA";"Reação tardia ou ineficiente do condutor";"Colisão com objeto";"Sem Vítimas";"Amanhecer";"Decrescente";"Céu Claro";"Dupla";"Reta";"Não";1;0;0;0;1;0;0;1;-22,97805164;-45,45583318;"SPRF-SP";"DEL08-SP";"UOP01-DEL08-SP"
459387;2022-07-03;"domingo";"06:35:00";"RS";290;143,1;"ELDORADO DO SUL";"Ingestão de álcool pelo condutor";"Colisão traseira";"Com Vítimas Feridas";"Amanhecer";"Crescente";"Chuva";"Simples";"Reta";"Não";4;0;1;0;3;0;1;2;-30,093309;-51,637798;"SPRF-RS";"DEL02-RS";"UOP01-DEL02-RS"
459389;2022-07-03;"domingo";"07:00:00";"MG";40;530,9;"CONTAGEM";"Conversão proibida";"Colisão transversal";"Com Vítimas Feridas";"Pleno dia";"Crescente";"Céu Claro";"Dupla";"Curva;Declive";"Sim";2;0;1;0;1;0;1;2;-19,91962483;-44,02522683;"SPRF-MG";"DEL01-MG";"UOP02-DEL01-MG"
459390;2022-07-03;"domingo";"00:30:00";"PA";153;47;"SAO DOMINGOS DO ARAGUAIA";"Manobra de mudança de faixa";"Colisão frontal";"Sem Vítimas";"Plena Noite";"Crescente";"Céu Claro";"Simples";"Reta";"Sim";2;0;0;0;1;1;0;2;-5,534504;-48,734547;"SPRF-PA";"DEL03-PA";"UOP01-DEL03-PA"
459391;2022-07-03;"domingo";"05:30:00";"MS";262;780;"CORUMBA";"Ausência de reação do condutor";"Tombamento";"Com Vítimas Feridas";"Amanhecer";"Crescente";"Céu Claro";"Simples";"Reta";"Não";1;0;1;0;0;0;1;1;-19,08285699;-57,62168025;"SPRF-MS";"DEL03-MS";"UOP03-DEL03-MS"
459393;2022-07-03;"domingo";"03:00:00";"PR";476;201,8;"LAPA";"Deficiência do Sistema de Iluminação/Sinalização";"Colisão frontal";"Com Vítimas Feridas";"Pleno dia";"Decrescente";"Nublado";"Simples";"Reta";"Sim";6;0;5;1;0;0;6;2;-25,7754;-49,764946;"SPRF-PR";"DEL02-PR";"UOP04-DEL02-PR"
459394;2022-07-03;"domingo";"05:30:00";"GO";153;702,9;"ITUMBIARA";"Velocidade Incompatível";"Saída de leito carroçável";"Com Vítimas Feridas";"Plena Noite";"Decrescente";"Céu Claro";"Dupla";"Reta";"Sim";1;0;0;1;0;0;1;1;-18,4103;-49,1965;"SPRF-GO";"DEL03-GO";"UOP02-DEL03-GO"
459396;2022-07-03;"domingo";"02:00:00";"MG";262;445;"NOVA SERRANA";"Ausência de reação do condutor";"Tombamento";"Com Vítimas Feridas";"Plena Noite";"Decrescente";"Céu Claro";"Dupla";"Reta";"Sim";1;0;1;0;0;0;1;1;-19,86457073;-44,99897003;"SPRF-MG";"DEL08-MG";"UOP03-DEL08-MG"
459397;2022-07-03;"domingo";"04:40:00";"PR";476;266,7;"SAO MATEUS DO SUL";"Mal súbito do condutor";"Colisão com objeto";"Com Vítimas Fatais";"Plena Noite";"Decrescente";"Céu Claro";"Simples";"Reta";"Sim";1;1;0;0;0;0;0;1;-25,892023;-50,31163;"SPRF-PR";"DEL02-PR";"UOP04-DEL02-PR"
459398;2022-07-03;"domingo";"06:00:00";"RJ";40;103;"DUQUE DE CAXIAS";"Velocidade Incompatível";"Colisão com objeto";"Com Vítimas Feridas";"Pleno dia";"Crescente";"Céu Claro";"Dupla";"Reta";"Não";1;0;0;1;0;0;1;1;-22,62009;-43,286922;"SPRF-RJ";"DEL01-RJ";"UOP01-DEL01-RJ"
459399;2022-03-29;"terça-feira";"23:00:00";"PR";376;168;"MARINGA";"Acessar a via sem observar a presença dos outros veículos";"Colisão lateral mesmo sentido";"Com Vítimas Feridas";"Plena Noite";"Crescente";"Ignorado";"Dupla";"Reta";"Não";2;0;0;1;1;0;1;1;-23,39943975;-52,00178136;"SPRF-PR";"DEL09-PR";"UOP01-DEL09-PR"
459400;2022-07-03;"domingo";"08:40:00";"GO";40;1,7;"VALPARAISO DE GOIAS";"Condutor deixou de manter distância do veículo da frente";"Colisão traseira";"Com Vítimas Feridas";"Pleno dia";"Decrescente";"Céu Claro";"Dupla";"Reta";"Sim";2;0;1;0;1;0;1;2;-16,058245;-47,982825;"SPRF-DF";"DEL01-DF";"UOP01-DEL01-DF"
459401;2022-07-03;"domingo";"08:00:00";"DF";20;15;"BRASILIA";"Ingestão de álcool e/ou substâncias psicoativas pelo pedestre";"Colisão traseira";"Sem Vítimas";"Pleno dia";"Crescente";"Céu Claro";"Dupla";"Reta";"Não";2;0;0;0;1;1;0;2;-15,630189;-47,733288;"SPRF-DF";"DEL02-DF";"UOP01-DEL02-DF"
459402;2022-07-03;"domingo";"07:40:00";"RS";386;217,8;"TIO HUGO";"Reação tardia ou ineficiente do condutor";"Saída de leito carroçável";"Com Vítimas Fatais";"Pleno dia";"Crescente";"Céu Claro";"Simples";"Reta";"Não";1;1;0;0;0;0;0;1;-28,592888;-52,603817;"SPRF-RS";"DEL04-RS";"UOP03-DEL04-RS"
459403;2022-07-03;"domingo";"08:58:00";"GO";70;3,1;"AGUAS LINDAS DE GOIAS";"Reação tardia ou ineficiente do condutor";"Saída de leito carroçável";"Com Vítimas Fatais";"Pleno dia";"Decrescente";"Sol";"Dupla";"Reta;Aclive";"Não";1;1;0;0;0;0;0;1;-15,76177302;-48,2368693;"SPRF-DF";"DEL03-DF";"UOP02-DEL03-DF"
459404;2022-07-03;"domingo";"08:30:00";"CE";116;25;"ITAITINGA";"Reação tardia ou ineficiente do condutor";"Colisão traseira";"Com Vítimas Feridas";"Pleno dia";"Crescente";"Céu Claro";"Dupla";"Declive";"Sim";2;0;1;0;1;0;1;2;-3,96633279;-38,51525324;"SPRF-CE";"DEL01-CE";"UOP02-DEL01-CE"
459405;2022-07-03;"domingo";"06:00:00";"MT";174;304;"PONTES E LACERDA";"Ingestão de álcool pelo condutor";"Saída de leito carroçável";"Com Vítimas Feridas";"Pleno dia";"Crescente";"Céu Claro";"Simples";"Reta";"Não";1;0;0;1;0;0;1;1;-15,09940701;-59,30417798;"SPRF-MT";"DEL04-MT";"UOP01-DEL04-MT"
459410;2022-07-03;"domingo";"09:30:00";"RJ";116;172;"SAO JOAO DE MERITI";"Ausência de reação do condutor";"Queda de ocupante de veículo";"Com Vítimas Feridas";"Pleno dia";"Decrescente";"Céu Claro";"Múltipla";"Reta";"Sim";1;0;1;0;0;0;1;1;-22,80188151;-43,35043673;"SPRF-RJ";"DEL01-RJ";"UOP02-DEL01-RJ"
459411;2022-07-03;"domingo";"08:40:00";"SC";101;149;"ITAPEMA";"Condutor deixou de manter distância do veículo da frente";"Colisão lateral mesmo sentido";"Com Vítimas Feridas";"Pleno dia";"Decrescente";"Céu Claro";"Dupla";"Reta";"Sim";2;0;1;0;0;1;1;2;-27,1089649;-48,61277586;"SPRF-SC";"DEL04-SC";"UOP03-DEL04-SC"
459412;2022-07-03;"domingo";"08:50:00";"PR";116;32,5;"CAMPINA GRANDE DO SUL";"Reação tardia ou ineficiente do condutor";"Colisão com objeto";"Com Vítimas Fatais";"Pleno dia";"Decrescente";"Céu Claro";"Dupla";"Curva";"Não";1;1;0;0;0;0;0;1;-25,10497579;-48,83973903;"SPRF-PR";"DEL01-PR";"UOP02-DEL01-PR"
459413;2022-07-02;"sábado";"23:00:00";"MT";158;367,8;"BOM JESUS DO ARAGUAIA";"Ingestão de álcool pelo condutor";"Colisão frontal";"Com Vítimas Feridas";"Plena Noite";"Decrescente";"Céu Claro";"Simples";"Reta";"Não";2;0;0;1;0;1;1;2;-12,47824206;-51,76596467;"SPRF-MT";"DEL07-MT";"UOP02-DEL07-MT"
459415;2022-07-03;"domingo";"08:30:00";"MG";381;575,2;"ITAGUARA";"Velocidade Incompatível";"Colisão traseira";"Com Vítimas Feridas";"Pleno dia";"Crescente";"Céu Claro";"Dupla";"Reta";"Não";2;0;1;0;1;0;1;2;-20,47362595;-44,58422842;"SPRF-MG";"DEL04-MG";"UOP01-DEL04-MG"
459416;2022-07-03;"domingo";"07:00:00";"PA";308;220;"AUGUSTO CORREA";"Ausência de reação do condutor";"Colisão com objeto";"Com Vítimas Fatais";"Pleno dia";"Decrescente";"Céu Claro";"Simples";"Reta";"Sim";8;1;0;2;0;5;2;2;-1,08478144;-46,63109422;"SPRF-PA";"DEL01-PA";"UOP03-DEL01-PA"
459417;2022-06-30;"quinta-feira";"05:20:00";"MT";174;584,8;"COMODORO";"Demais falhas mecânicas ou elétricas";"Queda de ocupante de veículo";"Com Vítimas Feridas";"Amanhecer";"Decrescente";"Céu Claro";"Simples";"Declive";"Não";2;0;2;0;0;0;2;1;-12,87413605;-60,06176618;"SPRF-RO";"DEL04-RO";"UOP01-DEL04-RO"
459418;2022-05-27;"sexta-feira";"18:25:00";"PR";277;170,5;"PALMEIRA";"Acessar a via sem observar a presença dos outros veículos";"Colisão transversal";"Com Vítimas Fatais";"Plena Noite";"Crescente";"Céu Claro";"Dupla";"Aclive";"Sim";2;1;0;0;1;0;0;2;-25,434738;-50,008572;"SPRF-PR";"DEL03-PR";"UOP03-DEL03-PR"