"id";"data_inversa";"dia_semana";"horario";"uf";"br";"km";"municipio";"causa_acidente";"tipo_acidente";"classificacao_acidente";"fase_dia";"sentido_via";"condicao_metereologica";"tipo_pista";"tracado_via";"uso_solo";"pessoas";"mortos";"feridos_leves";"feridos_graves";"ilesos";"ignorados";"feridos";"veiculos";"latitude";"longitude";"regional";"delegacia";"uop"
459419;2022-07-03;"domingo";"08:45:00";"ES";101;268,9;"SERRA";"Ingestão de álcool e/ou substâncias psicoativas pelo pedestre";"Colisão com objeto";"Sem Vítimas";"Pleno dia";"Decrescente";"Céu Claro";"Múltipla";"Reta";"Não";1;0;0;0;0;1;0;1;-20,20842;-40,269405;"SPRF-ES";"DEL02-ES";"UOP01-DEL02-ES"
459421;2022-07-03;"domingo";"09:40:00";"SP";116;202;"ARUJA";"Ausência de reação do condutor";"Saída de leito carroçável";"Sem Vítimas";"Pleno dia";"Decrescente";"Céu Claro";"Dupla";"Reta";"Sim";4;0;0;0;4;0;0;2;-23,40809408;-46,33859597;"SPRF-SP";"DEL01-SP";"UOP01-DEL01-SP"
459422;2022-07-03;"domingo";"09:45:00";"MG";262;394;"PARA DE MINAS";"Velocidade Incompatível";"Tombamento";"Com Vítimas Feridas";"Pleno dia";"Crescente";"Céu Claro";"Dupla";"Reta";"Não";2;0;1;0;1;0;1;2;-19,9014037;-44,54845732;"SPRF-MG";"DEL01-MG";"UOP03-DEL01-MG"
459424;2022-07-03;"domingo";"10:20:00";"RJ";101;143;"MACAE";"Velocidade Incompatível";"Tombamento";"Com Vítimas Feridas";"Pleno dia";"Decrescente";"Céu Claro";"Dupla";"Reta";"Não";2;0;2;0;0;0;2;1;-22,20562678;-41,75124739;"SPRF-RJ";"DEL08-RJ";"UOP04-DEL08-RJ"
459425;2022-07-03;"domingo";"07:40:00";"CE";116;284;"JAGUARIBARA";"Velocidade Incompatível";"Capotamento";"Sem Vítimas";"Pleno dia";"Decrescente";"Céu Claro";"Simples";"Reta";"Não";3;0;0;0;0;3;0;3;-5,71439597;-38,50533609;"SPRF-CE";"DEL05-CE";"UOP02-DEL05-CE"
459426;2022-07-03;"domingo";"08:50:00";"AC";317;116;"SENADOR GUIOMARD";"Curva acentuada";"Saída de leito carroçável";"Com Vítimas Feridas";"Pleno dia";"Crescente";"Céu Claro";"Simples";"Curva";"Não";2;0;1;1;0;0;2;1;-10,36115842;-67,6848265;"SPRF-AC";"DEL01-AC";"UOP01-DEL01-AC"
459427;2022-07-03;"domingo";"11:10:00";"RS";290;47;"GLORINHA";"Avarias e/ou desgaste excessivo no pneu";"Saída de leito carroçável";"Com Vítimas Feridas";"Pleno dia";"Decrescente";"Chuva";"Dupla";"Reta";"Não";2;0;1;0;1;0;1;2;-29,894677;-50,729862;"SPRF-RS";"DEL03-RS";"UOP01-DEL03-RS"
459429;2022-07-03;"domingo";"07:30:00";"BA";330;800;"JEQUIE";"Fumaça";"Colisão traseira";"Com Vítimas Feridas";"Pleno dia";"Decrescente";"Nublado";"Simples";"Reta";"Não";2;0;1;0;1;0;1;2;-13,95289599;-39,97204199;"SPRF-BA";"DEL03-BA";"UOP01-DEL03-BA"
459430;2022-07-03;"domingo";"08:55:00";"PR";277;49;"MORRETES";"Ausência de sinalização";"Colisão traseira";"Com Vítimas Feridas";"Pleno dia";"Decrescente";"Céu Claro";"Dupla";"Reta";"Não";6;0;2;1;1;2;3;3;-25,59243579;-48,89076291;"SPRF-PR";"DEL01-PR";"UOP01-DEL01-PR"
459434;2022-07-03;"domingo";"10:47:00";"MT";163;544;"DIAMANTINO";"Ausência de reação do condutor";"Engavetamento";"Sem Vítimas";"Pleno dia";"Decrescente";"Céu Claro";"Simples";"Reta";"Não";3;0;0;0;3;0;0;3;-14,35880405;-56,14778004;"SPRF-MT";"DEL01-MT";"UOP01-DEL01-MT"
459435;2022-07-03;"domingo";"08:45:00";"MG";381;412,9;"NOVA UNIAO";"Ausência de reação do condutor";"Saída de leito carroçável";"Com Vítimas Fatais";"Pleno dia";"Decrescente";"Céu Claro";"Dupla";"Reta;Declive";"Sim";5;1;2;2;0;0;4;1;-19,723926;-43,58045;"SPRF-MG";"DEL01-MG";"UOP01-DEL01-MG"
459436;2022-07-03;"domingo";"10:10:00";"SC";116;66,7;"MONTE CASTELO";"Ingestão de álcool pelo condutor";"Colisão transversal";"Sem Vítimas";"Pleno dia";"Crescente";"Céu Claro";"Simples";"Aclive";"Não";5;0;0;0;5;0;0;2;-26,43345701;-50,22890485;"SPRF-SC";"DEL06-SC";"UOP02-DEL06-SC"
459437;2022-07-03;"domingo";"06:58:00";"MG";40;510,7;"RIBEIRAO DAS NEVES";"Velocidade Incompatível";"Colisão lateral mesmo sentido";"Com Vítimas Feridas";"Pleno dia";"Decrescente";"Céu Claro";"Dupla";"Reta";"Não";8;0;1;1;4;2;2;2;-19,77463885;-44,12321882;"SPRF-MG";"DEL01-MG";"UOP02-DEL01-MG"
459439;2022-07-03;"domingo";"12:00:00";"ES";259;86,3;"BAIXO GUANDU";"Desvio temporário";"Colisão transversal";"Com Vítimas Feridas";"Pleno dia";"Crescente";"Sol";"Simples";"Reta";"Não";5;0;5;0;0;0;5;2;-19,51271481;-40,88594617;"SPRF-ES";"DEL02-ES";"UOP01-DEL02-ES"
459440;2022-07-03;"domingo";"12:45:00";"DF";20;5;"BRASILIA";"Velocidade Incompatível";"Saída de leito carroçável";"Com Vítimas Feridas";"Pleno dia";"Decrescente";"Céu Claro";"Dupla";"Reta;Aclive";"Sim";1;0;1;0;0;0;1;1;-15,670546;-47,816044;"SPRF-DF";"DEL02-DF";"UOP01-DEL02-DF"
459441;2022-07-03;"domingo";"12:55:00";"PB";230;36;"SANTA RITA";"Ausência de reação do condutor";"Saída de leito carroçável";"Sem Vítimas";"Pleno dia";"Crescente";"Nublado";"Dupla";"Curva";"Sim";1;0;0;0;1;0;0;1;-7,1246;-34,9473;"SPRF-PB";"DEL01-PB";"UOP03-DEL01-PB"
459442;2022-07-03;"domingo";"05:30:00";"MA";135;108;"ITAPECURU MIRIM";"Manobra de mudança de faixa";"Colisão frontal";"Com Vítimas Feridas";"Pleno dia";"Crescente";"Céu Claro";"Simples";"Reta";"Não";3;0;0;2;0;1;2;2;-3,41828;-44,515209;"SPRF-MA";"DEL01-MA";"UOP02-DEL01-MA"
459444;2022-07-03;"domingo";"11:30:00";"GO";414;392;"CORUMBA DE GOIAS";"Desrespeitar a preferência no cruzamento";"Colisão transversal";"Com Vítimas Feridas";"Pleno dia";"Crescente";"Céu Claro";"Simples";"Interseção de Vias;Declive";"Sim";3;0;3;0;0;0;3;2;-15,91393969;-48,80410441;"SPRF-GO";"DEL02-GO";"UOP01-DEL02-GO"
459446;2022-07-03;"domingo";"11:30:00";"GO";153;660;"GOIATUBA";"Acessar a via sem observar a presença dos outros veículos";"Colisão transversal";"Com Vítimas Feridas";"Pleno dia";"Decrescente";"Céu Claro";"Simples";"Reta";"Sim";2;0;1;0;1;0;1;2;-18,0549;-49,2694;"SPRF-GO";"DEL03-GO";"UOP01-DEL03-GO"
459447;2022-06-18;"sábado";"07:35:00";"DF";70;19,5;"BRASILIA";"Velocidade Incompatível";"Colisão com objeto";"Com Vítimas Fatais";"Pleno dia";"Decrescente";"Céu Claro";"Dupla";"Curva";"Não";2;1;0;1;0;0;1;1;-15,788868;-48,220242;"SPRF-DF";"DEL03-DF";"UOP02-DEL03-DF"
459448;2022-07-03;"domingo";"13:40:00";"SC";101;157;"PORTO BELO";"Condutor deixou de manter distância do veículo da frente";"Engavetamento";"Com Vítimas Feridas";"Pleno dia";"Decrescente";"Céu Claro";"Múltipla";"Reta";"Não";8;0;1;1;6;0;2;4;-27,181625;-48,6121179;"SPRF-SC";"DEL04-SC";"UOP03-DEL04-SC"
459449;2022-07-03;"domingo";"13:30:00";"SC";101;169,8;"TIJUCAS";"Demais falhas mecânicas ou elétricas";"Tombamento";"Com Vítimas Feridas";"Pleno dia";"Decrescente";"Céu Claro";"Dupla";"Reta";"Não";1;0;1;0;0;0;1;1;-27,29522;-48,63123;"SPRF-SC";"DEL04-SC";"UOP03-DEL04-SC"
459450;2022-01-08;"sábado";"11:30:00";"DF";70;1;"BRASILIA";"Reação tardia ou ineficiente do condutor";"Colisão traseira";"Com Vítimas Feridas";"Pleno dia";"Crescente";"Céu Claro";"Dupla";"Reta";"Sim";2;0;2;0;0;0;2;2;-15,795264;-48,063801;"SPRF-DF";"DEL03-DF";"UOP02-DEL03-DF"
459453;2022-07-03;"domingo";"14:52:00";"ES";101;68;"SAO MATEUS";"Velocidade Incompatível";"Colisão com objeto";"Com Vítimas Fatais";"Pleno dia";"Crescente";"Céu Claro";"Múltipla";"Declive";"Sim";1;1;0;0;0;0;0;1;-18,726597;-39,85975;"SPRF-ES";"DEL04-ES";"UOP02-DEL04-ES"
459455;2022-06-10;"sexta-feira";"08:48:00";"PR";116;115;"CURITIBA";"Manobra de mudança de faixa";"Colisão traseira";"Com Vítimas Feridas";"Pleno dia";"Decrescente";"Céu Claro";"Dupla";"Reta";"Sim";2;0;1;0;1;0;1;2;-25,54984377;-49,3044967;"SPRF-PR";"DEL01-PR";"UOP06-DEL01-PR"
459456;2022-07-03;"domingo";"15:10:00";"SC";101;79,8;"ARAQUARI";"Acessar a via sem observar a presença dos outros veículos";"Colisão lateral mesmo sentido";"Com Vítimas Feridas";"Pleno dia";"Decrescente";"Céu Claro";"Dupla";"Reta";"Não";5;0;3;0;2;0;3;2;-26,59441996;-48,72183309;"SPRF-SC";"DEL03-SC";"UOP02-DEL03-SC"
459457;2022-06-21;"terça-feira";"19:30:00";"PE";104;59;"CARUARU";"Ausência de reação do condutor";"Colisão com objeto";"Com Vítimas Feridas";"Plena Noite";"Decrescente";"Céu Claro";"Dupla";"Curva";"Sim";1;0;0;1;0;0;1;1;-8,2349;-35,9764;"SPRF-PE";"DEL02-PE";"UOP01-DEL02-PE"
459462;2022-07-03;"domingo";"16:30:00";"GO";40;9,7;"LUZIANIA";"Condutor usando celular";"Colisão com objeto";"Com Vítimas Feridas";"Pleno dia";"Crescente";"Céu Claro";"Dupla";"Reta";"Sim";1;0;1;0;0;0;1;1;-16,131158;-47,957739;"SPRF-DF";"DEL01-DF";"UOP01-DEL01-DF"
459463;2022-07-03;"domingo";"16:00:00";"SP";116;221;"GUARULHOS";"Reação tardia ou ineficiente do condutor";"Colisão traseira";"Com Vítimas Feridas";"Pleno dia";"Decrescente";"Sol";"Simples";"Reta";"Sim";3;0;1;0;2;0;1;2;-23,46802395;-46,50704901;"SPRF-SP";"DEL01-SP";"UOP01-DEL01-SP"
459467;2022-07-03;"domingo";"16:10:00";"PR";277;75;"SAO JOSE DOS PINHAIS";"Condutor deixou de manter distância do veículo da frente";"Colisão traseira";"Com Vítimas Feridas";"Pleno dia";"Crescente";"Céu Claro";"Dupla";"Reta";"Não";2;0;1;0;1;0;1;2;-25,49033884;-49,17512655;"SPRF-PR";"DEL01-PR";"UOP01-DEL01-PR"
459468;2022-07-03;"domingo";"14:59:00";"ES";101;212,9;"IBIRACU";"Ingestão de álcool pelo condutor";"Colisão frontal";"Com Vítimas Feridas";"Pleno dia";"Decrescente";"Céu Claro";"Simples";"Curva";"Sim";2;0;0;1;0;1;1;2;-19,81537521;-40,36655964;"SPRF-ES";"DEL02-ES";"UOP01-DEL02-ES"
459470;2022-07-03;"domingo";"17:13:00";"GO";153;525,8;"HIDROLANDIA";"Condutor deixou de manter distância do veículo da frente";"Colisão traseira";"Com Vítimas Feridas";"Pleno dia";"Decrescente";"Céu Claro";"Dupla";"Reta";"Sim";5;0;1;0;4;0;1;2;-16,9288;-49,2518;"SPRF-GO";"DEL01-GO";"UOP03-DEL01-GO"
459472;2022-07-03;"domingo";"17:05:00";"PR";369;130;"JATAIZINHO";"Acessar a via sem observar a presença dos outros veículos";"Queda de ocupante de veículo";"Com Vítimas Feridas";"Pleno dia";"Crescente";"Céu Claro";"Simples";"Reta";"Sim";1;0;1;0;0;0;1;1;-23,2582292;-50,98133147;"SPRF-PR";"DEL07-PR";"UOP01-DEL07-PR"
459475;2022-07-03;"domingo";"17:10:00";"RJ";101;316;"SAO GONCALO";"Manobra de mudança de faixa";"Colisão lateral mesmo sentido";"Com Vítimas Feridas";"Anoitecer";"Decrescente";"Céu Claro";"Dupla";"Reta";"Sim";5;0;2;0;3;0;2;2;-22,82835879;-43,09208739;"SPRF-RJ";"DEL02-RJ";"UOP02-DEL02-RJ"
459476;2022-07-03;"domingo";"16:20:00";"SC";282;6;"SAO JOSE";"Ingestão de substâncias psicoativas pelo condutor";"Saída de leito carroçável";"Com Vítimas Feridas";"Pleno dia";"Crescente";"Céu Claro";"Dupla";"Reta";"Sim";1;0;0;1;0;0;1;1;-27,591936;-48,618244;"SPRF-SC";"DEL01-SC";"UOP01-DEL01-SC"
459479;2022-07-03;"domingo";"16:30:00";"RO";421;14;"MONTE NEGRO";"Ausência de reação do condutor";"Colisão traseira";"Com Vítimas Feridas";"Pleno dia";"Crescente";"Céu Claro";"Simples";"Reta";"Não";5;0;0;1;4;0;1;2;-9,997284;-63,149162;"SPRF-RO";"DEL03-RO";"UOP01-DEL03-RO"
459480;2022-07-03;"domingo";"17:02:00";"MT";163;118;"RONDONOPOLIS";"Demais falhas mecânicas ou elétricas";"Tombamento";"Com Vítimas Feridas";"Anoitecer";"Decrescente";"Céu Claro";"Dupla";"Reta";"Sim";3;0;3;0;0;0;3;1;-16,51361392;-54,65519619;"SPRF-MT";"DEL02-MT";"UOP01-DEL02-MT"
459481;2022-07-03;"domingo";"17:05:00";"SC";282;472,5;"PONTE SERRADA";"Reação tardia ou ineficiente do condutor";"Saída de leito carroçável";"Com Vítimas Feridas";"Pleno dia";"Decrescente";"Céu Claro";"Simples";"Reta";"Não";2;0;1;0;1;0;1;1;-26,86225652;-52,12073922;"SPRF-SC";"DEL07-SC";"UOP01-DEL07-SC"
459482;2022-07-03;"domingo";"18:30:00";"ES";101;261,9;"SERRA";"Condutor deixou de manter distância do veículo da frente";"Colisão traseira";"Com Vítimas Feridas";"Plena Noite";"Crescente";"Nublado";"Dupla";"Reta";"Sim";5;0;1;0;4;0;1;5;-20,14854215;-40,27970926;"SPRF-ES";"DEL02-ES";"UOP01-DEL02-ES"
459483;2022-07-03;"domingo";"16:00:00";"TO";153;638,5;"DUERE";"Demais falhas mecânicas ou elétricas";"Incêndio";"Sem Vítimas";"Pleno dia";"Decrescente";"Céu Claro";"Simples";"Reta";"Não";53;0;0;0;53;0;0;1;-11,43029003;-48,98545691;"SPRF-TO";"DEL01-TO";"UOP02-DEL01-TO"
459484;2022-07-03;"domingo";"18:20:00";"SP";116;296,4;"ITAPECERICA DA SERRA";"Pista esburacada";"Colisão com objeto";"Sem Vítimas";"Plena Noite";"Decrescente";"Céu Claro";"Dupla";"Reta";"Não";2;0;0;0;1;1;0;2;-23,775485;-46,914416;"SPRF-SP";"DEL04-SP";"UOP01-DEL04-SP"
459488;2022-07-03;"domingo";"18:17:00";"PR";376;417;"TIBAGI";"Ausência de reação do condutor";"Colisão traseira";"Com Vítimas Feridas";"Plena Noite";"Crescente";"Céu Claro";"Dupla";"Reta";"Não";3;0;2;0;1;0;2;2;-24,66715213;-50,60385346;"SPRF-PR";"DEL03-PR";"UOP02-DEL03-PR"
459489;2022-07-03;"domingo";"19:23:00";"GO";60;118;"TEREZOPOLIS DE GOIAS";"Desrespeitar a preferência no cruzamento";"Colisão transversal";"Com Vítimas Feridas";"Plena Noite";"Decrescente";"Céu Claro";"Dupla";"Retorno Regulamentado";"Sim";5;0;5;0;0;0;5;2;-16,4848;-49,0935;"SPRF-GO";"DEL01-GO";"UOP01-DEL01-GO"
459490;2022-07-03;"domingo";"18:40:00";"GO";50;97,5;"CRISTALINA";"Velocidade Incompatível";"Colisão traseira";"Com Vítimas Feridas";"Plena Noite";"Crescente";"Céu Claro";"Simples";"Interseção de Vias";"Sim";2;0;1;0;1;0;1;2;-16,9309;-47,7117;"SPRF-DF";"DEL01-DF";"UOP02-DEL01-DF"
459492;2022-07-03;"domingo";"19:00:00";"ES";262;171,4;"IBATIBA";"Ingestão de álcool pelo condutor";"Colisão frontal";"Com Vítimas Feridas";"Plena Noite";"Crescente";"Céu Claro";"Simples";"Reta;Declive;Interseção de Vias";"Não";3;0;0;1;2;0;1;2;-20,26434457;-41,59340179;"SPRF-ES";"DEL01-ES";"UOP02-DEL01-ES"
459493;2022-07-03;"domingo";"18:15:00";"PR";376;161;"MARINGA";"Velocidade Incompatível";"Saída de leito carroçável";"Com Vítimas Feridas";"Plena Noite";"Crescente";"Céu Claro";"Dupla";"Aclive";"Sim";1;0;1;0;0;0;1;1;-23,37281665;-52,05547485;"SPRF-PR";"DEL09-PR";"UOP01-DEL09-PR"
459494;2022-07-03;"domingo";"18:40:00";"SC";470;10;"NAVEGANTES";"Acesso irregular";"Colisão transversal";"Com Vítimas Feridas";"Plena Noite";"Decrescente";"Céu Claro";"Simples";"Reta;Em Obras";"Sim";3;0;1;0;1;1;1;2;-26,833693;-48,73724;"SPRF-SC";"DEL04-SC";"UOP04-DEL04-SC"
459495;2022-07-03;"domingo";"17:00:00";"RJ";40;62;"PETROPOLIS";"Conversão proibida";"Colisão transversal";"Com Vítimas Feridas";"Pleno dia";"Decrescente";"Céu Claro";"Simples";"Reta";"Não";3;0;0;2;1;0;2;2;-22,40542358;-43,14664526;"SPRF-RJ";"DEL05-RJ";"UOP02-DEL05-RJ"
459496;2022-07-03;"domingo";"19:10:00";"BA";116;813,9;"VITORIA DA CONQUISTA";"Transitar na contramão";"Colisão frontal";"Com Vítimas Fatais";"Plena Noite";"Decrescente";"Céu Claro";"Simples";"Reta";"Sim";2;1;0;0;0;1;0;2;-14,806765;-40,786384;"SPRF-BA";"DEL08-BA";"UOP01-DEL08-BA"
459497;2022-07-03;"domingo";"18:55:00";"PE";101;115;"IPOJUCA";"Reação tardia ou ineficiente do condutor";"Tombamento";"Com Vítimas Fatais";"Plena Noite";"Decrescente";"Nublado";"Dupla";"Retorno Regulamentado";"Não";1;1;0;0;0;0;0;1;-8,342452;-35,14477015;"SPRF-PE";"DEL01-PE";"UOP03-DEL01-PE"
459499;2022-07-03;"domingo";"17:00:00";"MT";70;514;"VARZEA GRANDE";"Condutor desrespeitou a iluminação vermelha do semáforo";"Colisão transversal";"Com Vítimas Feridas";"Pleno dia";"Decrescente";"Céu Claro";"Simples";"Interseção de Vias";"Sim";2;0;1;0;1;0;1;2;-15,70634999;-56,13230418;"SPRF-MT";"DEL01-MT";"UOP02-DEL01-MT"
459501;2022-07-03;"domingo";"19:05:00";"RS";386;214,5;"TIO HUGO";"Conversão proibida";"Colisão frontal";"Com Vítimas Feridas";"Plena Noite";"Crescente";"Céu Claro";"Simples";"Reta";"Não";5;0;3;0;2;0;3;2;-28,57666;-52,596031;"SPRF-RS";"DEL04-RS";"UOP03-DEL04-RS"
459503;2022-05-04;"quarta-feira";"21:20:00";"MG";40;801;"MATIAS BARBOSA";"Acumulo de água sobre o pavimento";"Saída de leito carroçável";"Com Vítimas Feridas";"Plena Noite";"Decrescente";"Céu Claro";"Dupla";"Reta";"Não";1;0;0;1;0;0;1;1;-21,84672919;-43,37899486;"SPRF-MG";"DEL05-MG";"UOP01-DEL05-MG"
459504;2022-07-03;"domingo";"19:40:00";"TO";153;145;"ARAGUAINA";"Acessar a via sem observar a presença dos outros veículos";"Colisão transversal";"Com Vítimas Feridas";"Plena Noite";"Decrescente";"Céu Claro";"Múltipla";"Rotatória";"Sim";2;0;1;0;1;0;1;2;-7,2050361379;-48,2403516552;"SPRF-TO";"DEL02-TO";"UOP01-DEL02-TO"
459505;2022-07-03;"domingo";"16:40:00";"PR";376;3;"APUCARANA";"Manobra de mudança de faixa";"Colisão transversal";"Com Vítimas Feridas";"Pleno dia";"Decrescente";"Céu Claro";"Simples";"Reta;Interseção de Vias";"Sim";2;0;1;0;0;1;1;2;-23,5513;-51,461266;"SPRF-PR";"DEL07-PR";"UOP03-DEL07-PR"
459507;2022-07-03;"domingo";"17:10:00";"PE";232;250,7;"ARCOVERDE";"Reação tardia ou ineficiente do condutor";"Colisão traseira";"Com Vítimas Feridas";"Anoitecer";"Crescente";"Chuva";"Simples";"Reta";"Sim";3;0;0;2;1;0;2;2;-8,42350887;-37,05286107;"SPRF-PE";"DEL04-PE";"UOP02-DEL04-PE"
459508;2022-07-03;"domingo";"18:40:00";"MG";116;509,1;"UBAPORANGA";"Ingestão de álcool pelo condutor";"Atropelamento de Pedestre";"Com Vítimas Feridas";"Plena Noite";"Crescente";"Céu Claro";"Simples";"Reta";"Sim";3;0;2;0;0;1;2;2;-19,63654904;-42,10593182;"SPRF-MG";"DEL06-MG";"UOP02-DEL06-MG"
459509;2022-07-03;"domingo";"20:00:00";"PE";232;10;"RECIFE";"Demais falhas na via";"Queda de ocupante de veículo";"Com Vítimas Feridas";"Plena Noite";"Crescente";"Nublado";"Dupla";"Reta";"Não";2;0;2;0;0;0;2;1;-8,079217;-34,987162;"SPRF-PE";"DEL01-PE";"UOP01-DEL01-PE"
459510;2022-07-03;"domingo";"19:20:00";"CE";116;70,8;"CHOROZINHO";"Ausência de reação do condutor";"Queda de ocupante de veículo";"Com Vítimas Feridas";"Plena Noite";"Decrescente";"Céu Claro";"Simples";"Reta";"Sim";1;0;1;0;0;0;1;1;-4,33331683;-38,48004341;"SPRF-CE";"DEL03-CE";"UOP02-DEL03-CE"
459511;2022-07-03;"domingo";"18:50:00";"PR";376;414;"TIBAGI";"Pista Escorregadia";"Colisão com objeto";"Com Vítimas Feridas";"Plena Noite";"Crescente";"Céu Claro";"Dupla";"Curva";"Não";2;0;2;0;0;0;2;1;-24,65197076;-50,61963558;"SPRF-PR";"DEL03-PR";"UOP02-DEL03-PR"
459513;2022-07-03;"domingo";"19:15:00";"MS";163;195;"CAARAPO";"Ausência de reação do condutor";"Saída de leito carroçável";"Com Vítimas Feridas";"Anoitecer";"Decrescente";"Céu Claro";"Dupla";"Reta";"Não";1;0;0;1;0;0;1;1;-22,74809491;-54,78913886;"SPRF-MS";"DEL04-MS";"UOP02-DEL04-MS"
459514;2022-07-03;"domingo";"20:10:00";"MG";50;8,5;"UBERLANDIA";"Avarias e/ou desgaste excessivo no pneu";"Saída de leito carroçável";"Sem Vítimas";"Plena Noite";"Decrescente";"Céu Claro";"Dupla";"Reta";"Não";1;0;0;0;1;0;0;1;-18,9113;-48,2622;"SPRF-MG";"DEL15-MG";"UOP01-DEL15-MG"
459515;2022-07-03;"domingo";"19:34:00";"PE";232;10,9;"JABOATAO DOS GUARARAPES";"Ausência de sinalização";"Colisão com objeto";"Com Vítimas Feridas";"Plena Noite";"Crescente";"Chuva";"Dupla";"Em Obras";"Sim";4;0;3;0;0;1;3;1;-8,07917241;-34,98718609;"SPRF-PE";"DEL01-PE";"UOP01-DEL01-PE"
459516;2022-07-03;"domingo";"20:20:00";"RS";116;296;"GUAIBA";"Condutor deixou de manter distância do veículo da frente";"Colisão traseira";"Com Vítimas Feridas";"Plena Noite";"Crescente";"Céu Claro";"Dupla";"Reta";"Não";5;0;2;0;3;0;2;3;-30,09753097;-51,34302937;"SPRF-RS";"DEL02-RS";"UOP01-DEL02-RS"
459518;2022-07-03;"domingo";"18:30:00";"AC";364;136;"RIO BRANCO";"Manobra de mudança de faixa";"Colisão lateral mesmo sentido";"Com Vítimas Feridas";"Plena Noite";"Crescente";"Céu Claro";"Simples";"Rotatória";"Sim";2;0;1;0;1;0;1;2;-9,977578;-67,8489;"SPRF-AC";"DEL01-AC";"UOP01-DEL01-AC"
459520;2022-07-03;"domingo";"18:40:00";"ES";101;266;"SERRA";"Pedestre cruzava a pista fora da faixa";"Atropelamento de Pedestre";"Com Vítimas Feridas";"Plena Noite";"Decrescente";"Nublado";"Dupla";"Reta";"Sim";2;0;1;0;1;0;1;2;-20,190199;-40,26828891;"SPRF-ES";"DEL02-ES";"UOP01-DEL02-ES"
459521;2022-07-03;"domingo";"18:45:00";"PR";373;474,7;"CORONEL VIVIDA";"Ingestão de álcool pelo condutor";"Colisão lateral sentido oposto";"Sem Vítimas";"Plena Noite";"Crescente";"Céu Claro";"Simples";"Reta";"Não";2;0;0;0;2;0;0;2;-25,96536316;-52,50330704;"SPRF-PR";"DEL02-PR";"UOP01-DEL02-PR"
459523;2022-07-03;"domingo";"20:00:00";"MS";163;730;"COXIM";"Transitar na contramão";"Colisão frontal";"Com Vítimas Feridas";"Plena Noite";"Crescente";"Céu Claro";"Simples";"Aclive";"Sim";11;0;0;1;10;0;1;2;-18,50978886;-54,73602351;"SPRF-MS";"DEL06-MS";"UOP01-DEL06-MS"
459524;2022-07-03;"domingo";"18:00:00";"MG";262;369;"JUATUBA";"Mal súbito do condutor";"Saída de leito carroçável";"Com Vítimas Feridas";"Anoitecer";"Crescente";"Céu Claro";"Dupla";"Ponte;Declive;Reta";"Não";1;0;1;0;0;0;1;1;-19,95694836;-44,3460989;"SPRF-MG";"DEL01-MG";"UOP03-DEL01-MG"
459525;2022-07-03;"domingo";"20:30:00";"SC";470;68,3;"INDAIAL";"Ausência de reação do condutor";"Colisão lateral mesmo sentido";"Sem Vítimas";"Plena Noite";"Decrescente";"Céu Claro";"Simples";"Reta";"Não";2;0;0;0;1;1;0;2;-26,877615;-49,239231;"SPRF-SC";"DEL04-SC";"UOP01-DEL04-SC"
459526;2022-07-03;"domingo";"18:20:00";"RS";116;121,5;"SAO MARCOS";"Animais na Pista";"Atropelamento de Animal";"Sem Vítimas";"Plena Noite";"Decrescente";"Nublado";"Simples";"Curva";"Não";2;0;0;0;1;1;0;2;-29,00573128;-51,06932906;"SPRF-RS";"DEL05-RS";"UOP01-DEL05-RS"
459529;2022-07-03;"domingo";"19:20:00";"BA";116;16;"VITORIA DA CONQUISTA";"Acessar a via sem observar a presença dos outros veículos";"Colisão transversal";"Com Vítimas Feridas";"Plena Noite";"Crescente";"Nublado";"Simples";"Interseção de Vias";"Sim";2;0;1;0;1;0;1;2;-14,90242551;-40,84474325;"SPRF-BA";"DEL08-BA";"UOP01-DEL08-BA"
459530;2022-07-03;"domingo";"20:30:00";"RJ";101;583;"PARATY";"Mal súbito do condutor";"Queda de ocupante de veículo";"Com Vítimas Feridas";"Plena Noite";"Crescente";"Céu Claro";"Simples";"Reta";"Não";1;0;1;0;0;0;1;1;-23,22695;-44,71953;"SPRF-RJ";"DEL03-RJ";"UOP02-DEL03-RJ"
459532;2022-07-03;"domingo";"21:30:00";"BA";324;4;"FEIRA DE SANTANA";"Condutor deixou de manter distância do veículo da frente";"Colisão transversal";"Com Vítimas Feridas";"Plena Noite";"Crescente";"Chuva";"Dupla";"Reta";"Sim";2;0;1;0;1;0;1;2;-12,267113;-38,966988;"SPRF-BA";"DEL02-BA";"UOP01-DEL02-BA"
459533;2022-07-03;"domingo";"21:00:00";"MG";40;506,3;"RIBEIRAO DAS NEVES";"Ausência de reação do condutor";"Colisão traseira";"Sem Vítimas";"Plena Noite";"Decrescente";"Céu Claro";"Dupla";"Reta";"Não";3;0;0;0;2;1;0;2;-19,74716686;-44,14731173;"SPRF-MG";"DEL02-MG";"UOP01-DEL02-MG"
459534;2022-07-03;"domingo";"19:00:00";"RO";364;685;"CANDEIAS DO JAMARI";"Acessar a via sem observar a presença dos outros veículos";"Colisão transversal";"Com Vítimas Fatais";"Plena Noite";"Crescente";"Céu Claro";"Simples";"Reta";"Não";4;1;0;0;2;1;0;3;-8,791333;-63,6412;"SPRF-RO";"DEL01-RO";"UOP01-DEL01-RO"
459535;2022-07-03;"domingo";"20:40:00";"PR";277;670,8;"MEDIANEIRA";"Velocidade Incompatível";"Saída de leito carroçável";"Com Vítimas Feridas";"Plena Noite";"Crescente";"Céu Claro";"Dupla";"Curva";"Sim";3;0;2;0;0;1;2;2;-25,28037085;-54,07911108;"SPRF-PR";"DEL05-PR";"UOP02-DEL05-PR"