"id";"data_inversa";"dia_semana";"horario";"uf";"br";"km";"municipio";"causa_acidente";"tipo_acidente";"classificacao_acidente";"fase_dia";"sentido_via";"condicao_metereologica";"tipo_pista";"tracado_via";"uso_solo";"pessoas";"mortos";"feridos_leves";"feridos_graves";"ilesos";"ignorados";"feridos";"veiculos";"latitude";"longitude";"regional";"delegacia";"uop"
459536;2022-07-03;"domingo";"21:15:00";"RS";285;540,7;"SAO LUIZ GONZAGA";"Pedestre andava na pista";"Atropelamento de Pedestre";"Com Vítimas Fatais";"Plena Noite";"Crescente";"Céu Claro";"Simples";"Reta";"Não";2;1;1;0;0;0;1;2;-28,406702;-54,692398;"SPRF-RS";"DEL10-RS";"UOP01-DEL10-RS"
459537;2022-07-03;"domingo";"17:10:00";"RJ";356;65;"ITAPERUNA";"Ausência de reação do condutor";"Saída de leito carroçável";"Com Vítimas Feridas";"Anoitecer";"Crescente";"Céu Claro";"Simples";"Reta";"Não";1;0;1;0;0;0;1;1;-21,34906796;-41,7137759;"SPRF-RJ";"DEL08-RJ";"UOP03-DEL08-RJ"
459538;2022-07-03;"domingo";"18:10:00";"RN";304;119,1;"ITAJA";"Ingestão de álcool pelo condutor";"Colisão com objeto";"Com Vítimas Feridas";"Plena Noite";"Decrescente";"Céu Claro";"Simples";"Interseção de Vias";"Não";3;0;0;3;0;0;3;1;-5,630055;-36,863293;"SPRF-RN";"DEL04-RN";"UOP01-DEL04-RN"
459539;2022-03-28;"segunda-feira";"04:55:00";"GO";40;24;"LUZIANIA";"Desrespeitar a preferência no cruzamento";"Colisão transversal";"Com Vítimas Feridas";"Amanhecer";"Crescente";"Céu Claro";"Dupla";"Interseção de Vias";"Sim";2;0;0;1;1;0;1;2;-16,252738;-47,900437;"SPRF-DF";"DEL01-DF";"UOP01-DEL01-DF"
459540;2022-07-03;"domingo";"18:00:00";"PB";405;43,4;"SAO JOAO DO RIO DO PEIXE";"Transitar na contramão";"Colisão frontal";"Com Vítimas Feridas";"Anoitecer";"Crescente";"Céu Claro";"Simples";"Reta";"Não";2;0;0;1;0;1;1;2;-6,814155;-38,417775;"SPRF-PB";"DEL03-PB";"UOP03-DEL03-PB"
459541;2022-07-03;"domingo";"21:30:00";"MS";463;1,1;"DOURADOS";"Ingestão de álcool pelo condutor";"Tombamento";"Com Vítimas Feridas";"Plena Noite";"Decrescente";"Céu Claro";"Simples";"Reta";"Sim";1;0;1;0;0;0;1;1;-22,259064;-54,8137;"SPRF-MS";"DEL04-MS";"UOP01-DEL04-MS"
459542;2022-07-03;"domingo";"18:00:00";"RJ";116;170;"SAO JOAO DE MERITI";"Manobra de mudança de faixa";"Colisão lateral mesmo sentido";"Com Vítimas Feridas";"Plena Noite";"Crescente";"Céu Claro";"Dupla";"Reta";"Sim";2;0;1;0;1;0;1;2;-22,78400872;-43,38196668;"SPRF-RJ";"DEL01-RJ";"UOP02-DEL01-RJ"
459544;2022-07-03;"domingo";"20:40:00";"RJ";101;74;"CAMPOS DOS GOYTACAZES";"Entrada inopinada do pedestre";"Atropelamento de Pedestre";"Com Vítimas Feridas";"Plena Noite";"Crescente";"Céu Claro";"Simples";"Reta";"Sim";2;0;1;0;1;0;1;2;-21,8139348;-41,39670968;"SPRF-RJ";"DEL08-RJ";"UOP02-DEL08-RJ"
459545;2022-07-03;"domingo";"18:15:00";"SC";280;128,2;"RIO NEGRINHO";"Acessar a via sem observar a presença dos outros veículos";"Colisão transversal";"Com Vítimas Feridas";"Plena Noite";"Decrescente";"Céu Claro";"Simples";"Declive;Interseção de Vias;Reta";"Sim";2;0;0;1;1;0;1;2;-26,24317941;-49,51320018;"SPRF-SC";"DEL06-SC";"UOP03-DEL06-SC"
459546;2022-07-03;"domingo";"22:30:00";"GO";40;5,2;"VALPARAISO DE GOIAS";"Ultrapassagem Indevida";"Colisão traseira";"Sem Vítimas";"Plena Noite";"Crescente";"Céu Claro";"Múltipla";"Reta";"Sim";5;0;0;0;4;1;0;2;-16,093134;-47,982236;"SPRF-DF";"DEL01-DF";"UOP01-DEL01-DF"
459547;2022-07-03;"domingo";"21:52:00";"SC";282;222;"LAGES";"Reação tardia ou ineficiente do condutor";"Colisão com objeto";"Sem Vítimas";"Plena Noite";"Decrescente";"Céu Claro";"Simples";"Reta";"Não";1;0;0;0;0;1;0;1;-27,797739;-50,353409;"SPRF-SC";"DEL05-SC";"UOP01-DEL05-SC"
459548;2022-07-03;"domingo";"22:00:00";"PR";116;10,8;"COLOMBO";"Reação tardia ou ineficiente do condutor";"Colisão traseira";"Com Vítimas Feridas";"Plena Noite";"Decrescente";"Céu Claro";"Dupla";"Reta";"Não";3;0;0;1;1;1;1;3;-25,3719;-49,134;"SPRF-PR";"DEL01-PR";"UOP02-DEL01-PR"
459550;2022-07-03;"domingo";"18:30:00";"MT";163;808;"SINOP";"Acessar a via sem observar a presença dos outros veículos";"Atropelamento de Pedestre";"Com Vítimas Fatais";"Anoitecer";"Decrescente";"Céu Claro";"Simples";"Curva";"Não";2;1;0;0;0;1;0;2;-12,1000158;-55,5177745;"SPRF-MT";"DEL06-MT";"UOP01-DEL06-MT"
459551;2022-07-03;"domingo";"22:20:00";"PR";116;113,8;"CURITIBA";"Ausência de reação do condutor";"Saída de leito carroçável";"Com Vítimas Feridas";"Plena Noite";"Crescente";"Céu Claro";"Dupla";"Reta";"Não";1;0;1;0;0;0;1;1;-25,56296907;-49,25643801;"SPRF-PR";"DEL01-PR";"UOP06-DEL01-PR"
459552;2022-07-03;"domingo";"22:40:00";"RJ";101;304;"SAO GONCALO";"Ausência de reação do condutor";"Colisão frontal";"Com Vítimas Feridas";"Plena Noite";"Decrescente";"Céu Claro";"Dupla";"Reta";"Sim";1;0;1;0;0;0;1;1;-22,78491869;-42,98627706;"SPRF-RJ";"DEL02-RJ";"UOP02-DEL02-RJ"
459554;2022-07-03;"domingo";"22:00:00";"MT";364;351;"SANTO ANTONIO DO LEVERGER";"Declive acentuado";"Saída de leito carroçável";"Com Vítimas Fatais";"Plena Noite";"Crescente";"Ignorado";"Dupla";"Declive";"Não";8;2;6;0;0;0;6;1;-15,80502622;-55,5546431;"SPRF-MT";"DEL05-MT";"UOP02-DEL05-MT"
459555;2022-07-03;"domingo";"21:04:00";"MT";174;570;"COMODORO";"Curva acentuada";"Saída de leito carroçável";"Com Vítimas Feridas";"Plena Noite";"Crescente";"Céu Claro";"Simples";"Curva";"Não";1;0;1;0;0;0;1;1;-13,01543876;-59,93205372;"SPRF-RO";"DEL04-RO";"UOP01-DEL04-RO"
459556;2022-07-03;"domingo";"20:15:00";"PI";222;2;"SAO JOAO DA FRONTEIRA";"Velocidade Incompatível";"Capotamento";"Com Vítimas Feridas";"Plena Noite";"Crescente";"Céu Claro";"Simples";"Reta";"Não";1;0;1;0;0;0;1;1;-3,92222284;-41,2487882;"SPRF-PI";"DEL02-PI";"UOP01-DEL02-PI"
459557;2022-07-03;"domingo";"23:30:00";"ES";262;148,1;"IBATIBA";"Ingestão de álcool pelo condutor";"Colisão frontal";"Com Vítimas Feridas";"Plena Noite";"Crescente";"Céu Claro";"Simples";"Reta";"Não";2;0;1;0;1;0;1;2;-20,21477409;-41,42460465;"SPRF-ES";"DEL01-ES";"UOP02-DEL01-ES"
459558;2022-07-03;"domingo";"06:00:00";"RO";364;721;"PORTO VELHO";"Ausência de reação do condutor";"Colisão com objeto";"Sem Vítimas";"Pleno dia";"Crescente";"Céu Claro";"Dupla";"Reta";"Não";1;0;0;0;0;1;0;1;-8,82143666;-63,92563725;"SPRF-RO";"DEL01-RO";"UOP01-DEL01-RO"
459559;2022-07-03;"domingo";"18:39:00";"AL";101;220;"PORTO REAL DO COLEGIO";"Demais falhas mecânicas ou elétricas";"Incêndio";"Sem Vítimas";"Anoitecer";"Decrescente";"Nublado";"Dupla";"Reta";"Não";2;0;0;0;2;0;0;1;-10,05262696;-36,67788403;"SPRF-AL";"DEL02-AL";"UOP02-DEL02-AL"
459562;2022-07-04;"segunda-feira";"00:15:00";"PR";116;118;"CURITIBA";"Reação tardia ou ineficiente do condutor";"Colisão traseira";"Com Vítimas Feridas";"Plena Noite";"Crescente";"Céu Claro";"Dupla";"Aclive;Reta";"Sim";3;0;0;1;1;1;1;3;-25,57057688;-49,31089662;"SPRF-PR";"DEL01-PR";"UOP06-DEL01-PR"
459563;2022-07-03;"domingo";"23:05:00";"MS";60;373;"CAMPO GRANDE";"Ausência de reação do condutor";"Saída de leito carroçável";"Com Vítimas Feridas";"Plena Noite";"Decrescente";"Céu Claro";"Simples";"Curva";"Não";1;0;1;0;0;0;1;1;-20,57742119;-54,70866191;"SPRF-MS";"DEL01-MS";"UOP04-DEL01-MS"
459564;2022-07-03;"domingo";"19:30:00";"MA";10;230,9;"GOVERNADOR EDISON LOBAO";"Ausência de reação do condutor";"Colisão traseira";"Com Vítimas Feridas";"Plena Noite";"Crescente";"Céu Claro";"Simples";"Reta";"Não";4;0;1;0;3;0;1;3;-5,700813;-47,360264;"SPRF-MA";"DEL04-MA";"UOP01-DEL04-MA"
459565;2022-07-04;"segunda-feira";"00:00:00";"RJ";493;18;"MAGE";"Acessar a via sem observar a presença dos outros veículos";"Colisão transversal";"Sem Vítimas";"Plena Noite";"Decrescente";"Céu Claro";"Simples";"Reta";"Sim";2;0;0;0;2;0;0;2;-22,6687122;-43,01862696;"SPRF-RJ";"DEL04-RJ";"UOP02-DEL04-RJ"
459566;2022-07-04;"segunda-feira";"00:20:00";"SP";381;84;"SAO PAULO";"Ingestão de substâncias psicoativas pelo condutor";"Colisão com objeto";"Sem Vítimas";"Plena Noite";"Crescente";"Céu Claro";"Dupla";"Reta";"Sim";1;0;0;0;0;1;0;1;-23,43937;-46,56807;"SPRF-SP";"DEL03-SP";"UOP01-DEL03-SP"
459567;2022-07-04;"segunda-feira";"00:05:00";"PR";277;670,8;"MEDIANEIRA";"Ingestão de álcool pelo condutor";"Colisão com objeto";"Com Vítimas Feridas";"Plena Noite";"Crescente";"Céu Claro";"Dupla";"Curva";"Sim";2;0;2;0;0;0;2;1;-25,28037085;-54,07911108;"SPRF-PR";"DEL05-PR";"UOP02-DEL05-PR"
459568;2022-07-03;"domingo";"22:10:00";"MT";174;7;"PONTES E LACERDA";"Transitar na contramão";"Colisão lateral sentido oposto";"Sem Vítimas";"Plena Noite";"Crescente";"Céu Claro";"Simples";"Reta";"Sim";4;0;0;0;4;0;0;2;-15,226537;-59,335728;"SPRF-MT";"DEL04-MT";"UOP01-DEL04-MT"
459570;2022-07-04;"segunda-feira";"00:15:00";"PR";277;83,9;"CURITIBA";"Velocidade Incompatível";"Capotamento";"Com Vítimas Feridas";"Plena Noite";"Decrescente";"Céu Claro";"Dupla";"Curva";"Sim";1;0;1;0;0;0;1;1;-25,568939;-49,181978;"SPRF-PR";"DEL01-PR";"UOP01-DEL01-PR"
459572;2022-07-03;"domingo";"21:52:00";"SC";116;5;"MAFRA";"Reação tardia ou ineficiente do condutor";"Tombamento";"Com Vítimas Feridas";"Plena Noite";"Crescente";"Céu Claro";"Simples";"Reta;Rotatória";"Sim";1;0;1;0;0;0;1;1;-26,1391425;-49,81304169;"SPRF-SC";"DEL06-SC";"UOP01-DEL06-SC"
459573;2022-07-03;"domingo";"22:23:00";"PR";116;210,4;"RIO NEGRO";"Condutor deixou de manter distância do veículo da frente";"Colisão traseira";"Com Vítimas Fatais";"Plena Noite";"Decrescente";"Céu Claro";"Simples";"Aclive;Reta";"Sim";2;1;0;0;0;1;0;2;-26,09729549;-49,78030801;"SPRF-SC";"DEL06-SC";"UOP01-DEL06-SC"
459574;2022-07-04;"segunda-feira";"01:50:00";"BA";324;472;"TANQUINHO";"Animais na Pista";"Atropelamento de Animal";"Sem Vítimas";"Plena Noite";"Crescente";"Céu Claro";"Simples";"Reta";"Não";3;0;0;0;3;0;0;1;-11,97218784;-39,12780092;"SPRF-BA";"DEL02-BA";"UOP01-DEL02-BA"
459575;2022-07-04;"segunda-feira";"01:45:00";"SP";381;88;"SAO PAULO";"Velocidade Incompatível";"Capotamento";"Com Vítimas Feridas";"Plena Noite";"Decrescente";"Céu Claro";"Múltipla";"Reta";"Não";1;0;1;0;0;0;1;1;-23,47469314;-46,56112919;"SPRF-SP";"DEL03-SP";"UOP01-DEL03-SP"
459576;2022-07-03;"domingo";"21:45:00";"PR";277;140;"BALSA NOVA";"Demais falhas mecânicas ou elétricas";"Saída de leito carroçável";"Com Vítimas Feridas";"Pleno dia";"Decrescente";"Céu Claro";"Simples";"Curva";"Não";34;0;3;0;31;0;3;1;-25,46667917;-49,72636342;"SPRF-PR";"DEL03-PR";"UOP03-DEL03-PR"
459577;2022-07-04;"segunda-feira";"00:43:00";"SC";101;55,8;"JOINVILLE";"Ausência de reação do condutor";"Saída de leito carroçável";"Com Vítimas Feridas";"Plena Noite";"Crescente";"Céu Claro";"Dupla";"Curva";"Não";1;0;1;0;0;0;1;1;-26,42280898;-48,82977496;"SPRF-SC";"DEL03-SC";"UOP01-DEL03-SC"
459578;2022-07-03;"domingo";"23:30:00";"MT";163;747;"SORRISO";"Reação tardia ou ineficiente do condutor";"Saída de leito carroçável";"Sem Vítimas";"Plena Noite";"Decrescente";"Céu Claro";"Dupla";"Reta";"Sim";2;0;0;0;2;0;0;1;-12,589261;-55,739945;"SPRF-MT";"DEL06-MT";"UOP01-DEL06-MT"
459582;2022-07-04;"segunda-feira";"00:00:00";"PE";232;182;"BELO JARDIM";"Acesso irregular";"Colisão lateral mesmo sentido";"Com Vítimas Fatais";"Plena Noite";"Crescente";"Chuva";"Dupla";"Reta";"Sim";2;1;0;0;0;1;0;2;-8,34804728;-36,44664994;"SPRF-PE";"DEL03-PE";"UOP02-DEL03-PE"
459584;2022-07-03;"domingo";"23:56:00";"AC";317;330,4;"BRASILEIA";"Reação tardia ou ineficiente do condutor";"Queda de ocupante de veículo";"Com Vítimas Fatais";"Plena Noite";"Crescente";"Céu Claro";"Simples";"Reta";"Não";1;1;0;0;0;0;0;1;-10,93149937;-69,03130616;"SPRF-AC";"DEL01-AC";"UOP02-DEL01-AC"
459585;2022-07-04;"segunda-feira";"01:40:00";"RJ";101;333;"RIO DE JANEIRO";"Ingestão de álcool pelo condutor";"Colisão lateral mesmo sentido";"Com Vítimas Feridas";"Plena Noite";"Decrescente";"Céu Claro";"Múltipla";"Reta";"Não";2;0;2;0;0;0;2;2;-22,87827816;-43,21053578;"SPRF-RJ";"DEL02-RJ";"UOP01-DEL02-RJ"
459587;2022-07-04;"segunda-feira";"02:15:00";"PA";316;156;"CAPANEMA";"Avarias e/ou desgaste excessivo no pneu";"Eventos atípicos";"Com Vítimas Feridas";"Plena Noite";"Decrescente";"Céu Claro";"Simples";"Reta";"Não";2;0;0;2;0;0;2;1;-1,24912379;-47,14499474;"SPRF-PA";"DEL01-PA";"UOP03-DEL01-PA"
459588;2022-07-04;"segunda-feira";"02:45:00";"RS";116;406;"CAMAQUA";"Ausência de reação do condutor";"Saída de leito carroçável";"Sem Vítimas";"Plena Noite";"Crescente";"Garoa/Chuvisco";"Simples";"Reta";"Não";2;0;0;0;1;1;0;1;-30,89948457;-51,85879823;"SPRF-RS";"DEL02-RS";"UOP02-DEL02-RS"
459589;2022-07-04;"segunda-feira";"03:30:00";"SP";116;5;"QUELUZ";"Transitar na contramão";"Colisão frontal";"Com Vítimas Feridas";"Plena Noite";"Decrescente";"Nevoeiro/Neblina";"Dupla";"Retorno Regulamentado";"Sim";2;0;0;1;1;0;1;2;-22,529476;-44,744602;"SPRF-SP";"DEL08-SP";"UOP02-DEL08-SP"
459594;2022-07-04;"segunda-feira";"02:11:00";"RJ";101;295;"ITABORAI";"Ingestão de álcool pelo condutor";"Colisão com objeto";"Sem Vítimas";"Plena Noite";"Decrescente";"Céu Claro";"Múltipla";"Curva";"Sim";2;0;0;0;2;0;0;1;-22,78491869;-42,98627706;"SPRF-RJ";"DEL02-RJ";"UOP02-DEL02-RJ"
459595;2022-07-03;"domingo";"20:40:00";"GO";414;434,9;"ANAPOLIS";"Ingestão de álcool ou de substâncias psicoativas pelo pedestre";"Atropelamento de Pedestre";"Com Vítimas Feridas";"Plena Noite";"Crescente";"Céu Claro";"Simples";"Interseção de Vias;Curva;Declive";"Sim";2;0;0;1;0;1;1;2;-16,23713788;-48,93293623;"SPRF-GO";"DEL02-GO";"UOP01-DEL02-GO"
459596;2022-07-04;"segunda-feira";"04:30:00";"SP";116;289;"ITAPECERICA DA SERRA";"Manobra de mudança de faixa";"Tombamento";"Com Vítimas Feridas";"Plena Noite";"Decrescente";"Céu Claro";"Dupla";"Reta";"Não";14;0;1;0;13;0;1;1;-23,7002673;-46,8689343;"SPRF-SP";"DEL04-SP";"UOP01-DEL04-SP"
459597;2022-07-04;"segunda-feira";"05:50:00";"PE";232;79;"GRAVATA";"Manobra de mudança de faixa";"Colisão frontal";"Com Vítimas Feridas";"Pleno dia";"Crescente";"Chuva";"Simples";"Curva";"Não";2;0;2;0;0;0;2;2;-8,19460572;-35,56074803;"SPRF-PE";"DEL02-PE";"UOP02-DEL02PE"
459598;2022-07-04;"segunda-feira";"05:00:00";"RJ";116;177;"NOVA IGUACU";"Estacionar ou parar em local proibido";"Colisão traseira";"Sem Vítimas";"Plena Noite";"Crescente";"Céu Claro";"Dupla";"Reta";"Sim";2;0;0;0;2;0;0;2;-22,78055198;-43,39208599;"SPRF-RJ";"DEL01-RJ";"UOP02-DEL01-RJ"
459599;2022-07-03;"domingo";"20:40:00";"MG";365;845;"SANTA VITORIA";"Animais na Pista";"Atropelamento de Animal";"Com Vítimas Feridas";"Pleno dia";"Crescente";"Céu Claro";"Simples";"Reta";"Não";1;0;1;0;0;0;1;1;-18,963998;-50,286712;"SPRF-MG";"DEL15-MG";"UOP03-DEL15-MG"
459600;2022-07-04;"segunda-feira";"06:15:00";"MG";40;616,7;"CONGONHAS";"Condutor Dormindo";"Colisão com objeto";"Com Vítimas Feridas";"Amanhecer";"Decrescente";"Nevoeiro/Neblina";"Simples";"Reta";"Não";1;0;1;0;0;0;1;1;-20,5549492;-43,81422758;"SPRF-MG";"DEL05-MG";"UOP02-DEL05-MG"
459601;2022-07-04;"segunda-feira";"06:40:00";"SC";101;202;"SAO JOSE";"Condutor deixou de manter distância do veículo da frente";"Colisão traseira";"Com Vítimas Feridas";"Amanhecer";"Crescente";"Nublado";"Múltipla";"Reta";"Sim";2;0;1;0;0;1;1;2;-27,55711595;-48,61897889;"SPRF-SC";"DEL01-SC";"UOP01-DEL01-SC"
459602;2022-07-04;"segunda-feira";"03:30:00";"RJ";101;83;"CAMPOS DOS GOYTACAZES";"Velocidade Incompatível";"Queda de ocupante de veículo";"Com Vítimas Feridas";"Plena Noite";"Crescente";"Nevoeiro/Neblina";"Simples";"Curva";"Não";2;0;1;1;0;0;2;1;-21,82198875;-41,46111095;"SPRF-RJ";"DEL08-RJ";"UOP02-DEL08-RJ"
459603;2022-07-04;"segunda-feira";"06:35:00";"PR";116;89,9;"PIRAQUARA";"Acumulo de areia ou detritos sobre o pavimento";"Capotamento";"Com Vítimas Feridas";"Amanhecer";"Crescente";"Céu Claro";"Dupla";"Aclive;Reta";"Não";1;0;1;0;0;0;1;1;-25,48955333;-49,11201417;"SPRF-PR";"DEL01-PR";"UOP01-DEL01-PR"
459606;2022-07-04;"segunda-feira";"06:20:00";"PB";230;42;"SANTA RITA";"Condutor Dormindo";"Colisão lateral mesmo sentido";"Com Vítimas Feridas";"Pleno dia";"Decrescente";"Garoa/Chuvisco";"Dupla";"Curva";"Não";3;0;2;0;1;0;2;2;-7,1426;-34,9956;"SPRF-PB";"DEL01-PB";"UOP03-DEL01-PB"
459607;2022-07-04;"segunda-feira";"07:15:00";"MG";40;517;"RIBEIRAO DAS NEVES";"Demais falhas na via";"Colisão transversal";"Com Vítimas Feridas";"Pleno dia";"Decrescente";"Céu Claro";"Dupla";"Reta";"Não";3;0;2;0;1;0;2;2;-19,82351202;-44,08438913;"SPRF-MG";"DEL01-MG";"UOP02-DEL01-MG"
459608;2022-07-04;"segunda-feira";"04:50:00";"RN";226;40,7;"MACAIBA";"Transitar na contramão";"Colisão frontal";"Com Vítimas Fatais";"Amanhecer";"Decrescente";"Chuva";"Simples";"Aclive";"Sim";4;1;0;0;0;3;0;4;-5,934721;-35,547092;"SPRF-RN";"DEL01-RN";"UOP02-DEL01-RN"
459610;2022-07-04;"segunda-feira";"00:00:00";"MG";50;205;"DELTA";"Demais falhas mecânicas ou elétricas";"Incêndio";"Sem Vítimas";"Plena Noite";"Decrescente";"Céu Claro";"Dupla";"Reta";"Não";47;0;0;0;47;0;0;1;-19,92627147;-47,82191068;"SPRF-MG";"DEL13-MG";"UOP01-DEL13-MG"
459611;2022-07-03;"domingo";"23:35:00";"CE";116;242,4;"ALTO SANTO";"Pista esburacada";"Queda de ocupante de veículo";"Com Vítimas Feridas";"Plena Noite";"Crescente";"Nublado";"Simples";"Reta";"Não";1;0;0;1;0;0;1;1;-5,45066519;-38,34372488;"SPRF-CE";"DEL03-CE";"UOP01-DEL03-CE"
459612;2022-07-04;"segunda-feira";"07:50:00";"DF";40;6;"BRASILIA";"Trafegar com motocicleta (ou similar) entre as faixas";"Colisão traseira";"Com Vítimas Feridas";"Pleno dia";"Crescente";"Céu Claro";"Dupla";"Reta";"Sim";2;0;1;0;0;1;1;2;-16,029741;-47,978867;"SPRF-DF";"DEL01-DF";"UOP01-DEL01-DF"
459613;2022-07-04;"segunda-feira";"07:15:00";"SC";282;221;"LAGES";"Pista Escorregadia";"Saída de leito carroçável";"Com Vítimas Feridas";"Pleno dia";"Crescente";"Nevoeiro/Neblina";"Simples";"Aclive;Curva";"Sim";1;0;1;0;0;0;1;1;-27,796358;-50,343426;"SPRF-SC";"DEL05-SC";"UOP01-DEL05-SC"
459614;2022-07-03;"domingo";"18:30:00";"MT";163;602,3;"NOVA MUTUM";"Acessar a via sem observar a presença dos outros veículos";"Colisão traseira";"Com Vítimas Feridas";"Plena Noite";"Decrescente";"Céu Claro";"Simples";"Reta";"Não";2;0;1;0;1;0;1;2;-13,89007603;-56,08964479;"SPRF-MT";"DEL01-MT";"UOP01-DEL01-MT"
459615;2022-07-04;"segunda-feira";"06:19:00";"RJ";493;100;"SEROPEDICA";"Condutor Dormindo";"Capotamento";"Com Vítimas Feridas";"Amanhecer";"Crescente";"Céu Claro";"Dupla";"Reta";"Não";6;0;3;3;0;0;6;1;-22,75586791;-43,72936249;"SPRF-RJ";"DEL03-RJ";"UOP01-DEL03-RJ"
459617;2022-07-04;"segunda-feira";"05:10:00";"AC";364;109;"RIO BRANCO";"Ausência de reação do condutor";"Colisão traseira";"Com Vítimas Fatais";"Amanhecer";"Decrescente";"Ignorado";"Simples";"Curva";"Não";4;1;0;0;3;0;0;2;-10,01587901;-67,65647501;"SPRF-AC";"DEL01-AC";"UOP01-DEL01-AC"
459618;2022-07-04;"segunda-feira";"07:35:00";"RS";386;345;"LAJEADO";"Reação tardia ou ineficiente do condutor";"Saída de leito carroçável";"Com Vítimas Feridas";"Amanhecer";"Decrescente";"Nublado";"Dupla";"Reta";"Sim";1;0;1;0;0;0;1;1;-29,443069;-51,984135;"SPRF-RS";"DEL04-RS";"UOP01-DEL04-RS"
459620;2022-07-04;"segunda-feira";"07:05:00";"SC";470;172,5;"POUSO REDONDO";"Ultrapassagem Indevida";"Colisão frontal";"Com Vítimas Feridas";"Pleno dia";"Crescente";"Garoa/Chuvisco";"Simples";"Reta";"Sim";3;0;2;0;1;0;2;2;-27,257526;-49,909592;"SPRF-SC";"DEL04-SC";"UOP02-DEL04-SC"
459621;2022-07-04;"segunda-feira";"07:00:00";"RS";116;245;"SAO LEOPOLDO";"Chuva";"Tombamento";"Com Vítimas Feridas";"Amanhecer";"Crescente";"Chuva";"Dupla";"Reta";"Sim";1;0;1;0;0;0;1;1;-29,75225813;-51,15162157;"SPRF-RS";"DEL01-RS";"UOP02-DEL01-RS"
459622;2022-07-04;"segunda-feira";"07:00:00";"MA";316;579,4;"CAXIAS";"Acessar a via sem observar a presença dos outros veículos";"Colisão transversal";"Com Vítimas Feridas";"Pleno dia";"Crescente";"Céu Claro";"Simples";"Reta";"Não";2;0;0;1;1;0;1;2;-4,957611;-43,128502;"SPRF-MA";"DEL03-MA";"UOP02-DEL03-MA"
459624;2022-07-04;"segunda-feira";"07:50:00";"PR";277;670,5;"MEDIANEIRA";"Acessar a via sem observar a presença dos outros veículos";"Queda de ocupante de veículo";"Com Vítimas Feridas";"Pleno dia";"Decrescente";"Sol";"Dupla";"Reta";"Sim";2;0;1;0;1;0;1;2;-25,28037085;-54,07911108;"SPRF-PR";"DEL05-PR";"UOP02-DEL05-PR"
459625;2022-07-04;"segunda-feira";"06:50:00";"MS";267;312;"RIO BRILHANTE";"Avarias e/ou desgaste excessivo no pneu";"Queda de ocupante de veículo";"Com Vítimas Feridas";"Pleno dia";"Crescente";"Céu Claro";"Simples";"Reta";"Não";1;0;0;1;0;0;1;1;-21,6936018;-54,70461393;"SPRF-MS";"DEL02-MS";"UOP02-DEL02-MS"
459626;2022-07-04;"segunda-feira";"06:20:00";"RN";101;100,1;"PARNAMIRIM";"Avarias e/ou desgaste excessivo no pneu";"Tombamento";"Com Vítimas Feridas";"Pleno dia";"Decrescente";"Céu Claro";"Múltipla";"Reta";"Sim";2;0;2;0;0;0;2;1;-5,880616;-35,2252686;"SPRF-RN";"DEL01-RN";"UOP01-DEL01-RN"
459629;2022-07-04;"segunda-feira";"07:40:00";"MG";381;760,1;"TRES CORACOES";"Reação tardia ou ineficiente do condutor";"Capotamento";"Com Vítimas Feridas";"Pleno dia";"Decrescente";"Céu Claro";"Dupla";"Reta";"Não";1;0;1;0;0;0;1;1;-21,72400978;-45,38147537;"SPRF-MG";"DEL16-MG";"UOP02-DEL16-MG"
459630;2022-07-04;"segunda-feira";"06:20:00";"RJ";393;272,6;"BARRA DO PIRAI";"Ultrapassagem Indevida";"Colisão frontal";"Com Vítimas Feridas";"Amanhecer";"Crescente";"Nevoeiro/Neblina";"Simples";"Aclive";"Não";8;0;1;1;6;0;2;2;-22,47999714;-43,98087591;"SPRF-RJ";"DEL05-RJ";"UOP04-DEL05-RJ"
459631;2022-07-04;"segunda-feira";"08:30:00";"MG";267;132,5;"JUIZ DE FORA";"Reação tardia ou ineficiente do condutor";"Colisão frontal";"Com Vítimas Fatais";"Pleno dia";"Decrescente";"Céu Claro";"Simples";"Curva";"Não";2;1;0;1;0;0;1;2;-21,76204522;-43,60297286;"SPRF-MG";"DEL05-MG";"UOP01-DEL05-MG"
459632;2022-07-04;"segunda-feira";"07:00:00";"BA";116;574;"NOVA ITARANA";"Ausência de reação do condutor";"Colisão transversal";"Com Vítimas Feridas";"Pleno dia";"Crescente";"Chuva";"Simples";"Reta";"Não";3;0;2;1;0;0;3;2;-13,04175609;-39,9675933;"SPRF-BA";"DEL03-BA";"UOP02-DEL03-BA"
459633;2022-06-01;"quarta-feira";"04:00:00";"AM";319;648;"HUMAITA";"Ausência de reação do condutor";"Saída de leito carroçável";"Sem Vítimas";"Amanhecer";"Crescente";"Chuva";"Simples";"Reta";"Não";1;0;0;0;0;1;0;1;-7,49772696;-63,2455211;"SPRF-AM";"DEL01-AM";"UOP04-DEL01-AM"
459635;2022-04-01;"sexta-feira";"12:20:00";"DF";0;0;"BRASILIA";"Condutor deixou de manter distância do veículo da frente";"Colisão traseira";"Sem Vítimas";"Pleno dia";"Não Informado";"Céu Claro";"Dupla";"Reta";"Não";3;0;0;0;2;1;0;3;-15,81752484;-47,94995785;"N/A";"N/A";"N/A"