"id";"data_inversa";"dia_semana";"horario";"uf";"br";"km";"municipio";"causa_acidente";"tipo_acidente";"classificacao_acidente";"fase_dia";"sentido_via";"condicao_metereologica";"tipo_pista";"tracado_via";"uso_solo";"pessoas";"mortos";"feridos_leves";"feridos_graves";"ilesos";"ignorados";"feridos";"veiculos";"latitude";"longitude";"regional";"delegacia";"uop"
459637;2022-07-04;"segunda-feira";"07:00:00";"SC";282;532,5;"CORDILHEIRA ALTA";"Objeto estático sobre o leito carroçável";"Colisão com objeto";"Sem Vítimas";"Pleno dia";"Crescente";"Céu Claro";"Simples";"Curva";"Não";3;0;0;0;2;1;0;2;-26,996822;-52,615528;"SPRF-SC";"DEL07-SC";"UOP01-DEL07-SC"
459638;2022-07-04;"segunda-feira";"09:20:00";"RS";285;641;"SANTO ANTONIO DAS MISSOES";"Demais falhas mecânicas ou elétricas";"Incêndio";"Sem Vítimas";"Pleno dia";"Decrescente";"Céu Claro";"Simples";"Reta";"Não";1;0;0;0;1;0;0;1;-28,601929;-55,673485;"SPRF-RS";"DEL12-RS";"UOP01-DEL12-RS"
459639;2022-07-04;"segunda-feira";"08:20:00";"PR";376;177,4;"MARINGA";"Acessar a via sem observar a presença dos outros veículos";"Atropelamento de Pedestre";"Com Vítimas Feridas";"Pleno dia";"Crescente";"Céu Claro";"Dupla";"Reta";"Sim";2;0;0;1;1;0;1;2;-23,41595855;-51,92226484;"SPRF-PR";"DEL09-PR";"UOP01-DEL09-PR"
459640;2022-07-04;"segunda-feira";"09:00:00";"PR";376;223,8;"CAMBIRA";"Acessar a via sem observar a presença dos outros veículos";"Colisão transversal";"Com Vítimas Feridas";"Pleno dia";"Crescente";"Céu Claro";"Dupla";"Retorno Regulamentado";"Não";6;0;2;0;4;0;2;2;-23,58517584;-51,567336;"SPRF-PR";"DEL07-PR";"UOP03-DEL07-PR"
459641;2022-07-04;"segunda-feira";"01:00:00";"RJ";356;28;"ITAPERUNA";"Ausência de reação do condutor";"Saída de leito carroçável";"Com Vítimas Fatais";"Pleno dia";"Decrescente";"Céu Claro";"Simples";"Reta";"Não";1;1;0;0;0;0;0;1;-21,18452104;-41,93630101;"SPRF-RJ";"DEL08-RJ";"UOP03-DEL08-RJ"
459644;2022-07-04;"segunda-feira";"09:00:00";"MG";40;510;"NOVA LIMA";"Entrada inopinada do pedestre";"Atropelamento de Pedestre";"Com Vítimas Feridas";"Pleno dia";"Crescente";"Céu Claro";"Dupla";"Reta";"Sim";3;0;3;0;0;0;3;2;-20,0819114;-43,9793866;"SPRF-MG";"DEL01-MG";"UOP02-DEL01-MG"
459645;2022-07-04;"segunda-feira";"09:00:00";"AL";101;85;"RIO LARGO";"Demais falhas mecânicas ou elétricas";"Colisão com objeto";"Sem Vítimas";"Pleno dia";"Decrescente";"Chuva";"Dupla";"Declive;Reta";"Não";1;0;0;0;1;0;0;1;-9,46388891;-35,8796086;"SPRF-AL";"DEL01-AL";"UOP01-DEL01-AL"
459646;2022-07-04;"segunda-feira";"08:50:00";"MG";116;417;"GOVERNADOR VALADARES";"Reação tardia ou ineficiente do condutor";"Colisão lateral mesmo sentido";"Com Vítimas Feridas";"Pleno dia";"Decrescente";"Céu Claro";"Múltipla";"Reta";"Sim";2;0;1;0;1;0;1;2;-18,90130308;-41,94492414;"SPRF-MG";"DEL06-MG";"UOP01-DEL06-MG"
459648;2022-05-21;"sábado";"06:36:00";"SC";101;189,5;"BIGUACU";"Ausência de reação do condutor";"Queda de ocupante de veículo";"Com Vítimas Feridas";"Amanhecer";"Decrescente";"Céu Claro";"Dupla";"Reta";"Não";1;0;1;0;0;0;1;1;-27,459393;-48,638914;"SPRF-SC";"DEL01-SC";"UOP01-DEL01-SC"
459652;2022-07-04;"segunda-feira";"07:25:00";"MA";135;9,4;"SAO LUIS";"Acessar a via sem observar a presença dos outros veículos";"Colisão transversal";"Com Vítimas Feridas";"Pleno dia";"Decrescente";"Céu Claro";"Dupla";"Reta";"Sim";2;0;1;0;0;1;1;2;-2,64941425;-44,28038883;"SPRF-MA";"DEL01-MA";"UOP01-DEL01-MA"
459653;2022-07-04;"segunda-feira";"10:20:00";"RS";470;333,5;"TRIUNFO";"Sinalização mal posicionada";"Colisão com objeto";"Com Vítimas Feridas";"Pleno dia";"Crescente";"Nublado";"Simples";"Reta";"Sim";2;0;2;0;0;0;2;1;-29,84135409;-51,68915276;"SPRF-RS";"DEL04-RS";"UOP02-DEL04-RS"
459654;2022-07-04;"segunda-feira";"10:10:00";"PR";158;519,3;"PATO BRANCO";"Reação tardia ou ineficiente do condutor";"Saída de leito carroçável";"Com Vítimas Feridas";"Pleno dia";"Crescente";"Céu Claro";"Simples";"Reta";"Não";1;0;1;0;0;0;1;1;-26,10060199;-52,64367598;"SPRF-PR";"DEL02-PR";"UOP01-DEL02-PR"
459656;2022-07-04;"segunda-feira";"07:30:00";"MT";70;380;"CAMPO VERDE";"Acessar a via sem observar a presença dos outros veículos";"Colisão lateral sentido oposto";"Com Vítimas Feridas";"Pleno dia";"Crescente";"Céu Claro";"Simples";"Reta";"Sim";2;0;1;0;1;0;1;2;-15,51448159;-55,11820542;"SPRF-MT";"DEL05-MT";"UOP02-DEL05-MT"
459657;2022-06-27;"segunda-feira";"06:00:00";"MA";222;212;"ITAPECURU MIRIM";"Condutor deixou de manter distância do veículo da frente";"Colisão traseira";"Com Vítimas Feridas";"Amanhecer";"Crescente";"Céu Claro";"Simples";"Reta";"Não";5;0;1;0;4;0;1;2;-3,36930695;-44,39109197;"SPRF-MA";"DEL01-MA";"UOP02-DEL01-MA"
459659;2022-07-04;"segunda-feira";"11:30:00";"PR";476;141;"CURITIBA";"Acessar a via sem observar a presença dos outros veículos";"Colisão transversal";"Com Vítimas Feridas";"Pleno dia";"Decrescente";"Céu Claro";"Dupla";"Reta";"Sim";3;0;1;0;1;1;1;3;-25,528614;-49,298798;"SPRF-PR";"DEL01-PR";"UOP03-DEL01-PR"
459660;2022-07-04;"segunda-feira";"12:15:00";"PR";476;138;"CURITIBA";"Condutor deixou de manter distância do veículo da frente";"Colisão traseira";"Com Vítimas Feridas";"Pleno dia";"Crescente";"Céu Claro";"Múltipla";"Reta";"Sim";2;0;1;0;1;0;1;2;-25,505564;-49,283417;"SPRF-PR";"DEL01-PR";"UOP03-DEL01-PR"
459661;2022-07-04;"segunda-feira";"12:20:00";"RS";116;39;"VACARIA";"Acessar a via sem observar a presença dos outros veículos";"Colisão transversal";"Com Vítimas Feridas";"Pleno dia";"Decrescente";"Céu Claro";"Simples";"Rotatória;Interseção de Vias";"Sim";2;0;1;0;1;0;1;2;-28,5120121;-50,93237991;"SPRF-RS";"DEL05-RS";"UOP03-DEL05-RS"
459663;2022-07-04;"segunda-feira";"12:05:00";"BA";101;535;"SAO JOSE DA VITORIA";"Velocidade Incompatível";"Saída de leito carroçável";"Sem Vítimas";"Pleno dia";"Crescente";"Chuva";"Simples";"Curva";"Não";1;0;0;0;1;0;0;1;-15,15775202;-39,41074199;"SPRF-BA";"DEL05-BA";"UOP01-DEL05-BA"
459664;2022-05-03;"terça-feira";"16:30:00";"BA";330;804;"UBATA";"Animais na Pista";"Atropelamento de Animal";"Com Vítimas Feridas";"Anoitecer";"Crescente";"Ignorado";"Simples";"Reta";"Sim";1;0;1;0;0;0;1;1;-14,19782572;-39,5425415;"SPRF-BA";"DEL03-BA";"UOP01-DEL03-BA"
459666;2022-07-04;"segunda-feira";"12:08:00";"PR";376;4;"APUCARANA";"Acessar a via sem observar a presença dos outros veículos";"Colisão transversal";"Com Vítimas Feridas";"Pleno dia";"Crescente";"Céu Claro";"Simples";"Reta";"Não";2;0;0;1;1;0;1;2;-23,5513;-51,461266;"SPRF-PR";"DEL07-PR";"UOP03-DEL07-PR"
459668;2022-06-18;"sábado";"09:40:00";"PR";277;527,6;"GUARANIACU";"Velocidade Incompatível";"Tombamento";"Com Vítimas Feridas";"Pleno dia";"Decrescente";"Céu Claro";"Simples";"Curva";"Não";2;0;0;1;0;1;1;2;-25,09834673;-52,9410553;"SPRF-PR";"DEL04-PR";"UOP01-DEL04-PR"
459673;2022-07-04;"segunda-feira";"12:35:00";"RJ";465;3;"SEROPEDICA";"Retorno proibido";"Colisão transversal";"Com Vítimas Feridas";"Pleno dia";"Crescente";"Céu Claro";"Simples";"Reta";"Não";2;0;1;0;1;0;1;2;-22,73427;-43,711994;"SPRF-RJ";"DEL01-RJ";"UOP03-DEL01-RJ"
459674;2022-07-04;"segunda-feira";"13:30:00";"ES";101;262,2;"SERRA";"Velocidade Incompatível";"Colisão lateral mesmo sentido";"Com Vítimas Feridas";"Pleno dia";"Crescente";"Céu Claro";"Dupla";"Reta";"Sim";2;0;0;2;0;0;2;2;-20,1572331;-40,27678329;"SPRF-ES";"DEL02-ES";"UOP01-DEL02-ES"
459679;2022-07-04;"segunda-feira";"13:20:00";"CE";116;54;"PACAJUS";"Velocidade Incompatível";"Saída de leito carroçável";"Com Vítimas Feridas";"Pleno dia";"Crescente";"Céu Claro";"Dupla";"Curva";"Não";4;0;4;0;0;0;4;1;-4,19566554;-38,47123658;"SPRF-CE";"DEL03-CE";"UOP02-DEL03-CE"
459681;2022-07-04;"segunda-feira";"13:20:00";"MA";316;228,4;"BOM JARDIM";"Pista esburacada";"Capotamento";"Com Vítimas Feridas";"Pleno dia";"Crescente";"Céu Claro";"Simples";"Reta";"Não";5;0;2;3;0;0;5;1;-3,526411;-45,627937;"SPRF-MA";"DEL02-MA";"UOP01-DEL02-MA"
459685;2022-07-04;"segunda-feira";"13:30:00";"RO";364;16;"VILHENA";"Desrespeitar a preferência no cruzamento";"Colisão transversal";"Com Vítimas Feridas";"Pleno dia";"Crescente";"Céu Claro";"Simples";"Interseção de Vias";"Não";2;0;2;0;0;0;2;2;-12,73437947;-60,15696986;"SPRF-RO";"DEL04-RO";"UOP01-DEL04-RO"
459687;2022-07-04;"segunda-feira";"14:30:00";"ES";101;140,9;"LINHARES";"Reação tardia ou ineficiente do condutor";"Queda de ocupante de veículo";"Com Vítimas Feridas";"Pleno dia";"Crescente";"Sol";"Simples";"Reta";"Sim";2;0;2;0;0;0;2;1;-19,31817306;-40,07552313;"SPRF-ES";"DEL04-ES";"UOP01-DEL04-ES"
459688;2022-07-04;"segunda-feira";"15:22:00";"SP";153;15;"NOVA GRANADA";"Demais falhas mecânicas ou elétricas";"Incêndio";"Sem Vítimas";"Pleno dia";"Crescente";"Céu Claro";"Simples";"Curva";"Sim";3;0;0;0;3;0;0;1;-20,41959884;-49,2683851;"SPRF-SP";"DEL09-SP";"UOP01-DEL09-SP"
459690;2022-07-04;"segunda-feira";"15:05:00";"SC";101;257;"PAULO LOPES";"Ausência de reação do condutor";"Capotamento";"Com Vítimas Feridas";"Pleno dia";"Decrescente";"Nublado";"Dupla";"Curva";"Não";1;0;1;0;0;0;1;1;-27,99701205;-48,68755194;"SPRF-SC";"DEL02-SC";"UOP03-DEL02-SC"
459691;2022-07-04;"segunda-feira";"15:40:00";"SP";116;227;"GUARULHOS";"Entrada inopinada do pedestre";"Atropelamento de Pedestre";"Com Vítimas Feridas";"Pleno dia";"Crescente";"Céu Claro";"Múltipla";"Reta";"Sim";4;0;1;0;3;0;1;2;-23,49102507;-46,54878195;"SPRF-SP";"DEL01-SP";"UOP01-DEL01-SP"
459694;2022-07-04;"segunda-feira";"09:50:00";"MG";116;456;"ENGENHEIRO CALDAS";"Acessar a via sem observar a presença dos outros veículos";"Colisão transversal";"Com Vítimas Feridas";"Pleno dia";"Decrescente";"Sol";"Simples";"Reta;Interseção de Vias";"Sim";3;0;1;1;1;0;2;2;-19,20082084;-42,04762426;"SPRF-MG";"DEL06-MG";"UOP02-DEL06-MG"
459695;2022-05-25;"quarta-feira";"15:32:00";"AM";174;888;"MANAUS";"Ausência de reação do condutor";"Colisão traseira";"Sem Vítimas";"Pleno dia";"Crescente";"Céu Claro";"Simples";"Reta";"Não";5;0;0;0;5;0;0;2;-2,942329;-60,03368092;"SPRF-AM";"DEL01-AM";"UOP01-DEL01-AM"
459697;2022-07-04;"segunda-feira";"07:50:00";"MG";116;234,2;"TEOFILO OTONI";"Condutor Dormindo";"Saída de leito carroçável";"Com Vítimas Fatais";"Pleno dia";"Decrescente";"Garoa/Chuvisco";"Simples";"Declive;Reta";"Não";1;1;0;0;0;0;0;1;-17,521592;-41,484353;"SPRF-MG";"DEL11-MG";"UOP01-DEL11-MG"
459698;2022-02-25;"sexta-feira";"17:05:00";"GO";70;8,9;"AGUAS LINDAS DE GOIAS";"Estacionar ou parar em local proibido";"Colisão traseira";"Com Vítimas Feridas";"Pleno dia";"Decrescente";"Sol";"Dupla";"Reta";"Sim";3;0;1;0;2;0;1;2;-15,73733681;-48,27407468;"SPRF-DF";"DEL03-DF";"UOP02-DEL03-DF"
459699;2022-07-04;"segunda-feira";"16:30:00";"RJ";116;176;"NOVA IGUACU";"Condutor deixou de manter distância do veículo da frente";"Engavetamento";"Com Vítimas Feridas";"Pleno dia";"Crescente";"Céu Claro";"Múltipla";"Reta";"Sim";5;0;1;0;4;0;1;3;-22,7839538;-43,38195488;"SPRF-RJ";"DEL01-RJ";"UOP02-DEL01-RJ"
459701;2022-07-04;"segunda-feira";"16:30:00";"PR";277;337,6;"GUARAPUAVA";"Ingestão de álcool pelo condutor";"Saída de leito carroçável";"Com Vítimas Feridas";"Pleno dia";"Decrescente";"Céu Claro";"Dupla";"Reta";"Não";2;0;1;0;1;0;1;1;-25,340507;-51,422305;"SPRF-PR";"DEL08-PR";"UOP01-DEL08-PR"
459703;2022-07-04;"segunda-feira";"17:05:00";"ES";101;144;"LINHARES";"Entrada inopinada do pedestre";"Atropelamento de Pedestre";"Com Vítimas Feridas";"Pleno dia";"Crescente";"Céu Claro";"Dupla";"Reta";"Sim";2;0;0;1;1;0;1;2;-19,35188295;-40,0636685;"SPRF-ES";"DEL04-ES";"UOP01-DEL04-ES"
459706;2022-07-04;"segunda-feira";"16:25:00";"MG";381;573;"ITAGUARA";"Ausência de reação do condutor";"Tombamento";"Com Vítimas Feridas";"Pleno dia";"Decrescente";"Céu Claro";"Dupla";"Declive;Reta";"Não";1;0;1;0;0;0;1;1;-20,46009378;-44,57276625;"SPRF-MG";"DEL04-MG";"UOP01-DEL04-MG"
459707;2022-07-04;"segunda-feira";"17:00:00";"SP";116;217;"GUARULHOS";"Condutor deixou de manter distância do veículo da frente";"Colisão traseira";"Com Vítimas Feridas";"Pleno dia";"Crescente";"Céu Claro";"Múltipla";"Reta";"Não";2;0;1;0;0;1;1;2;-23,45423824;-46,47119028;"SPRF-SP";"DEL01-SP";"UOP01-DEL01-SP"
459708;2022-07-04;"segunda-feira";"17:20:00";"SC";101;211;"PALHOCA";"Avarias e/ou desgaste excessivo no pneu";"Tombamento";"Com Vítimas Feridas";"Anoitecer";"Decrescente";"Nublado";"Múltipla";"Reta";"Sim";1;0;0;1;0;0;1;1;-27,6167305;-48,6457265;"SPRF-SC";"DEL01-SC";"UOP02-DEL01-SC"
459709;2022-07-04;"segunda-feira";"13:00:00";"PR";163;148;"CAPITAO LEONIDAS MARQUES";"Acessar a via sem observar a presença dos outros veículos";"Colisão lateral mesmo sentido";"Com Vítimas Feridas";"Pleno dia";"Crescente";"Céu Claro";"Simples";"Reta;Aclive";"Não";2;0;2;0;0;0;2;2;-25,43548;-53,57678909;"SPRF-PR";"DEL05-PR";"UOP05-DEL05-PR"
459713;2022-07-04;"segunda-feira";"17:20:00";"ES";101;145;"LINHARES";"Reação tardia ou ineficiente do condutor";"Queda de ocupante de veículo";"Com Vítimas Feridas";"Anoitecer";"Crescente";"Céu Claro";"Simples";"Reta";"Sim";1;0;1;0;0;0;1;1;-19,36089598;-40,06464018;"SPRF-ES";"DEL04-ES";"UOP01-DEL04-ES"
459720;2022-07-04;"segunda-feira";"19:00:00";"GO";60;164;"GOIANIA";"Ausência de reação do condutor";"Colisão frontal";"Com Vítimas Feridas";"Plena Noite";"Decrescente";"Céu Claro";"Simples";"Declive";"Sim";3;0;2;0;1;0;2;2;-16,7036;-49,342;"SPRF-GO";"DEL01-GO";"UOP02-DEL01-GO"
459721;2022-07-04;"segunda-feira";"19:25:00";"GO";60;128;"GOIANAPOLIS";"Demais falhas mecânicas ou elétricas";"Eventos atípicos";"Com Vítimas Feridas";"Anoitecer";"Decrescente";"Ignorado";"Dupla";"Reta";"Não";2;0;0;1;1;0;1;2;-16,570931;-49,156909;"SPRF-GO";"DEL01-GO";"UOP01-DEL01-GO"
459722;2022-07-04;"segunda-feira";"18:25:00";"DF";70;6;"BRASILIA";"Reação tardia ou ineficiente do condutor";"Colisão traseira";"Com Vítimas Feridas";"Plena Noite";"Crescente";"Céu Claro";"Dupla";"Reta";"Sim";3;0;1;0;2;0;1;3;-15,791242;-48,105759;"SPRF-DF";"DEL03-DF";"UOP02-DEL03-DF"
459723;2022-06-17;"sexta-feira";"17:20:00";"PB";230;17;"JOAO PESSOA";"Entrada inopinada do pedestre";"Atropelamento de Pedestre";"Com Vítimas Feridas";"Plena Noite";"Crescente";"Céu Claro";"Dupla";"Reta";"Sim";2;0;0;1;0;1;1;2;-7,1121;-34,8426;"SPRF-PB";"DEL01-PB";"UOP01-DEL01-PB"
459725;2022-07-04;"segunda-feira";"19:20:00";"MG";40;529;"CONTAGEM";"Avarias e/ou desgaste excessivo no pneu";"Tombamento";"Com Vítimas Feridas";"Plena Noite";"Decrescente";"Céu Claro";"Dupla";"Reta;Declive";"Sim";2;0;2;0;0;0;2;1;-19,91635592;-44,03966566;"SPRF-MG";"DEL01-MG";"UOP02-DEL01-MG"
459726;2022-07-04;"segunda-feira";"17:29:00";"GO";20;98;"VILA BOA";"Acessar a via sem observar a presença dos outros veículos";"Colisão traseira";"Com Vítimas Feridas";"Pleno dia";"Crescente";"Céu Claro";"Simples";"Reta";"Não";4;0;2;0;2;0;2;2;-14,960622;-47,004494;"SPRF-DF";"DEL02-DF";"UOP01-DEL02-DF"
459727;2022-07-04;"segunda-feira";"18:01:00";"AL";104;91;"RIO LARGO";"Acessar a via sem observar a presença dos outros veículos";"Colisão traseira";"Com Vítimas Feridas";"Plena Noite";"Decrescente";"Céu Claro";"Dupla";"Reta";"Sim";2;0;2;0;0;0;2;2;-9,50898856;-35,80777135;"SPRF-AL";"DEL01-AL";"UOP01-DEL01-AL"
459728;2022-07-04;"segunda-feira";"19:45:00";"RS";116;233;"ESTANCIA VELHA";"Acessar a via sem observar a presença dos outros veículos";"Colisão transversal";"Com Vítimas Feridas";"Plena Noite";"Decrescente";"Céu Claro";"Simples";"Curva";"Não";2;0;1;0;1;0;1;2;-29,64206007;-51,14268362;"SPRF-RS";"DEL01-RS";"UOP02-DEL01-RS"
459731;2022-07-04;"segunda-feira";"19:50:00";"CE";304;57,6;"ARACATI";"Animais na Pista";"Atropelamento de Animal";"Com Vítimas Feridas";"Plena Noite";"Decrescente";"Céu Claro";"Simples";"Reta";"Não";1;0;0;1;0;0;1;1;-4,58692261;-37,70287585;"SPRF-CE";"DEL03-CE";"UOP03-DEL03-CE"
459732;2022-07-04;"segunda-feira";"18:00:00";"BA";101;209;"GOVERNADOR MANGABEIRA";"Pedestre andava na pista";"Atropelamento de Pedestre";"Com Vítimas Fatais";"Plena Noite";"Crescente";"Nublado";"Simples";"Declive";"Não";2;1;0;0;0;1;0;2;-12,60602905;-39,05840277;"SPRF-BA";"DEL01-BA";"UOP02-DEL01-BA"
459733;2022-07-04;"segunda-feira";"18:30:00";"RJ";393;296;"BARRA MANSA";"Acessar a via sem observar a presença dos outros veículos";"Colisão transversal";"Com Vítimas Feridas";"Plena Noite";"Decrescente";"Céu Claro";"Simples";"Interseção de Vias";"Sim";2;0;1;0;1;0;1;2;-22,55416394;-44,11310601;"SPRF-RJ";"DEL07-RJ";"UOP02-DEL07-RJ"
459734;2022-07-04;"segunda-feira";"18:30:00";"RJ";101;422;"MANGARATIBA";"Demais falhas mecânicas ou elétricas";"Incêndio";"Sem Vítimas";"Plena Noite";"Crescente";"Céu Claro";"Simples";"Curva";"Não";4;0;0;0;4;0;0;1;-22,91608393;-43,94022903;"SPRF-RJ";"DEL03-RJ";"UOP02-DEL03-RJ"
459735;2022-07-04;"segunda-feira";"07:55:00";"GO";153;306;"RIALMA";"Reação tardia ou ineficiente do condutor";"Tombamento";"Com Vítimas Feridas";"Pleno dia";"Crescente";"Céu Claro";"Simples";"Reta;Aclive";"Não";1;0;1;0;0;0;1;1;-15,328836;-49,570873;"SPRF-GO";"DEL02-GO";"UOP02-DEL02-GO"
459738;2022-07-04;"segunda-feira";"21:05:00";"MG";381;499,7;"BETIM";"Avarias e/ou desgaste excessivo no pneu";"Tombamento";"Com Vítimas Feridas";"Plena Noite";"Decrescente";"Nublado";"Dupla";"Aclive;Reta";"Não";1;0;0;1;0;0;1;1;-20,0020081;-44,211964;"SPRF-MG";"DEL01-MG";"UOP03-DEL01-MG"
459739;2022-07-04;"segunda-feira";"20:50:00";"RJ";101;398;"ITAGUAI";"Manobra de mudança de faixa";"Colisão traseira";"Com Vítimas Feridas";"Plena Noite";"Crescente";"Céu Claro";"Dupla";"Reta";"Sim";3;0;2;0;1;0;2;2;-22,86787912;-43,74862922;"SPRF-RJ";"DEL03-RJ";"UOP01-DEL03-RJ"
459740;2022-07-04;"segunda-feira";"20:00:00";"PR";277;184;"PALMEIRA";"Pedestre andava na pista";"Atropelamento de Pedestre";"Com Vítimas Feridas";"Plena Noite";"Crescente";"Céu Claro";"Simples";"Reta";"Não";2;0;1;0;0;1;1;2;-25,43350959;-50,0578118;"SPRF-PR";"DEL08-PR";"UOP02-DEL08-PR"
459748;2022-07-04;"segunda-feira";"18:20:00";"SC";101;333,9;"TUBARAO";"Condutor deixou de manter distância do veículo da frente";"Colisão traseira";"Com Vítimas Feridas";"Plena Noite";"Crescente";"Nublado";"Simples";"Reta";"Sim";2;0;1;0;1;0;1;2;-28,46630107;-48,99653096;"SPRF-SC";"DEL02-SC";"UOP01-DEL02-SC"
459749;2022-07-04;"segunda-feira";"18:00:00";"RJ";116;311,9;"ITATIAIA";"Área urbana sem a presença de local apropriado para a travessia de pedestres";"Atropelamento de Pedestre";"Com Vítimas Fatais";"Plena Noite";"Crescente";"Ignorado";"Dupla";"Reta";"Sim";2;1;0;1;0;0;1;2;-22,46780867;-44,50928628;"SPRF-RJ";"DEL07-RJ";"UOP02-DEL07-RJ"
459750;2022-07-04;"segunda-feira";"22:35:00";"AL";101;189;"JUNQUEIRO";"Manobra de mudança de faixa";"Colisão frontal";"Com Vítimas Feridas";"Plena Noite";"Decrescente";"Chuva";"Simples";"Aclive;Reta";"Não";2;0;1;1;0;0;2;2;-9,91622613;-36,47311473;"SPRF-AL";"DEL02-AL";"UOP02-DEL02-AL"
459754;2022-07-04;"segunda-feira";"21:40:00";"RN";226;81;"TANGARA";"Manobra de mudança de faixa";"Colisão frontal";"Com Vítimas Feridas";"Plena Noite";"Decrescente";"Chuva";"Simples";"Curva";"Não";3;0;1;2;0;0;3;2;-6,18906331;-35,78272296;"SPRF-RN";"DEL01-RN";"UOP02-DEL01-RN"
459756;2022-07-04;"segunda-feira";"20:20:00";"SP";381;74;"SAO PAULO";"Ausência de reação do condutor";"Tombamento";"Com Vítimas Feridas";"Plena Noite";"Decrescente";"Céu Claro";"Dupla";"Curva";"Não";1;0;1;0;0;0;1;1;-23,37208014;-46,55700294;"SPRF-SP";"DEL03-SP";"UOP01-DEL03-SP"
459758;2022-07-04;"segunda-feira";"22:30:00";"MA";135;22;"SAO LUIS";"Transitar na contramão";"Atropelamento de Pedestre";"Com Vítimas Feridas";"Plena Noite";"Decrescente";"Céu Claro";"Dupla";"Reta";"Sim";2;0;1;1;0;0;2;2;-2,565437;-44,331391;"SPRF-MA";"DEL01-MA";"UOP01-DEL01-MA"
459762;2022-07-04;"segunda-feira";"23:50:00";"RN";304;177;"ANGICOS";"Demais falhas mecânicas ou elétricas";"Incêndio";"Sem Vítimas";"Plena Noite";"Crescente";"Céu Claro";"Simples";"Reta";"Não";2;0;0;0;2;0;0;1;-5,68880413;-36,36520996;"SPRF-RN";"DEL01-RN";"UOP03-DEL01-RN"
459764;2022-07-05;"terça-feira";"01:20:00";"MT";163;1040,3;"MATUPA";"Reação tardia ou ineficiente do condutor";"Colisão traseira";"Com Vítimas Feridas";"Plena Noite";"Crescente";"Céu Claro";"Simples";"Reta";"Sim";2;0;0;1;1;0;1;2;-10;-54;"SPRF-MT";"DEL06-MT";"NPF/DEL06-MT"
459765;2022-07-05;"terça-feira";"02:15:00";"SC";282;612;"MARAVILHA";"Condutor Dormindo";"Colisão com objeto";"Com Vítimas Feridas";"Plena Noite";"Crescente";"Céu Claro";"Múltipla";"Curva";"Não";1;0;1;0;0;0;1;1;-26,75906;-53,248955;"SPRF-SC";"DEL07-SC";"UOP02-DEL07-SC"
459766;2022-07-05;"terça-feira";"02:30:00";"MG";40;803,1;"MATIAS BARBOSA";"Ingestão de álcool e/ou substâncias psicoativas pelo pedestre";"Incêndio";"Com Vítimas Feridas";"Plena Noite";"Crescente";"Nevoeiro/Neblina";"Dupla";"Retorno Regulamentado";"Não";2;0;1;0;1;0;1;1;-21,85782703;-43,37661004;"SPRF-MG";"DEL05-MG";"UOP01-DEL05-MG"
459768;2022-07-05;"terça-feira";"05:00:00";"MG";40;478;"SETE LAGOAS";"Condutor Dormindo";"Saída de leito carroçável";"Com Vítimas Feridas";"Plena Noite";"Decrescente";"Céu Claro";"Dupla";"Reta";"Não";6;0;3;2;1;0;5;1;-19,52848686;-44,25950083;"SPRF-MG";"DEL02-MG";"UOP01-DEL02-MG"
459769;2022-07-05;"terça-feira";"04:45:00";"RS";158;522,4;"SANTANA DO LIVRAMENTO";"Acumulo de água sobre o pavimento";"Saída de leito carroçável";"Com Vítimas Feridas";"Plena Noite";"Decrescente";"Garoa/Chuvisco";"Simples";"Curva";"Não";5;0;1;0;4;0;1;1;-30,70164606;-55,13448777;"SPRF-RS";"DEL11-RS";"UOP01-DEL11-RS"
459770;2022-07-04;"segunda-feira";"20:50:00";"RO";174;15;"VILHENA";"Ingestão de álcool pelo condutor";"Colisão com objeto";"Sem Vítimas";"Plena Noite";"Crescente";"Céu Claro";"Dupla";"Reta";"Sim";1;0;0;0;1;0;0;1;-12,723321;-60,12801;"SPRF-RO";"DEL04-RO";"UOP01-DEL04-RO"
459771;2022-07-05;"terça-feira";"05:18:00";"SE";235;35;"AREIA BRANCA";"Animais na Pista";"Atropelamento de Animal";"Com Vítimas Feridas";"Amanhecer";"Crescente";"Chuva";"Simples";"Reta";"Sim";2;0;1;0;1;0;1;1;-10,763301;-37,320831;"SPRF-SE";"DEL01-SE";"UOP02-DEL01-SE"
459772;2022-07-05;"terça-feira";"06:00:00";"SC";101;201;"SAO JOSE";"Acessar a via sem observar a presença dos outros veículos";"Colisão lateral mesmo sentido";"Com Vítimas Feridas";"Amanhecer";"Crescente";"Nublado";"Múltipla";"Reta";"Sim";2;0;1;0;0;1;1;2;-27,54836599;-48,61977975;"SPRF-SC";"DEL01-SC";"UOP01-DEL01-SC"
459775;2022-07-05;"terça-feira";"06:40:00";"MG";356;266;"MURIAE";"Desrespeitar a preferência no cruzamento";"Colisão transversal";"Com Vítimas Feridas";"Pleno dia";"Decrescente";"Sol";"Simples";"Reta";"Sim";2;0;1;0;1;0;1;2;-21,12725696;-42,35052695;"SPRF-MG";"DEL07-MG";"UOP02-DEL07-MG"