"id";"data_inversa";"dia_semana";"horario";"uf";"br";"km";"municipio";"causa_acidente";"tipo_acidente";"classificacao_acidente";"fase_dia";"sentido_via";"condicao_metereologica";"tipo_pista";"tracado_via";"uso_solo";"pessoas";"mortos";"feridos_leves";"feridos_graves";"ilesos";"ignorados";"feridos";"veiculos";"latitude";"longitude";"regional";"delegacia";"uop"
459776;2022-07-05;"terça-feira";"06:40:00";"MG";40;476;"SETE LAGOAS";"Entrada inopinada do pedestre";"Atropelamento de Pedestre";"Com Vítimas Feridas";"Pleno dia";"Decrescente";"Céu Claro";"Simples";"Reta";"Não";2;0;1;1;0;0;2;2;-19,51363098;-44,27021397;"SPRF-MG";"DEL02-MG";"UOP01-DEL02-MG"
459777;2022-07-05;"terça-feira";"06:50:00";"SP";381;77;"SAO PAULO";"Ausência de reação do condutor";"Tombamento";"Com Vítimas Feridas";"Amanhecer";"Crescente";"Céu Claro";"Dupla";"Declive;Curva";"Não";1;0;1;0;0;0;1;1;-23,388839;-46,5693478;"SPRF-SP";"DEL03-SP";"UOP01-DEL03-SP"
459780;2022-07-05;"terça-feira";"06:50:00";"RJ";116;169;"SAO JOAO DE MERITI";"Velocidade Incompatível";"Colisão traseira";"Com Vítimas Feridas";"Pleno dia";"Decrescente";"Céu Claro";"Dupla";"Reta";"Sim";2;0;1;0;1;0;1;2;-22,816206;-43,324463;"SPRF-RJ";"DEL01-RJ";"UOP02-DEL01-RJ"
459782;2022-07-05;"terça-feira";"07:20:00";"PB";230;335;"PATOS";"Acessar a via sem observar a presença dos outros veículos";"Colisão transversal";"Com Vítimas Feridas";"Pleno dia";"Decrescente";"Céu Claro";"Simples";"Reta";"Sim";3;0;3;0;0;0;3;2;-7,0128;-37,2644;"SPRF-PB";"DEL03-PB";"UOP01-DEL03-PB"
459783;2022-07-05;"terça-feira";"07:20:00";"SC";101;203,5;"SAO JOSE";"Velocidade Incompatível";"Colisão traseira";"Com Vítimas Feridas";"Pleno dia";"Decrescente";"Céu Claro";"Múltipla";"Reta";"Sim";2;0;0;1;1;0;1;2;-27,5650044;-48,61460082;"SPRF-SC";"DEL01-SC";"UOP01-DEL01-SC"
459785;2022-07-05;"terça-feira";"07:30:00";"DF";20;8,5;"BRASILIA";"Ausência de reação do condutor";"Colisão traseira";"Com Vítimas Feridas";"Pleno dia";"Decrescente";"Céu Claro";"Dupla";"Reta";"Sim";3;0;1;0;2;0;1;3;-15,654671;-47,782917;"SPRF-DF";"DEL02-DF";"UOP01-DEL02-DF"
459786;2022-07-05;"terça-feira";"07:35:00";"SP";116;214;"GUARULHOS";"Velocidade Incompatível";"Eventos atípicos";"Com Vítimas Feridas";"Pleno dia";"Decrescente";"Céu Claro";"Múltipla";"Reta";"Sim";2;0;2;0;0;0;2;1;-23,44333014;-46,44531294;"SPRF-SP";"DEL01-SP";"UOP01-DEL01-SP"
459787;2022-07-05;"terça-feira";"07:20:00";"SC";470;138,8;"RIO DO SUL";"Conversão proibida";"Colisão transversal";"Com Vítimas Feridas";"Amanhecer";"Decrescente";"Nevoeiro/Neblina";"Simples";"Reta";"Sim";2;0;1;0;1;0;1;2;-27,19687979;-49,62742786;"SPRF-SC";"DEL04-SC";"UOP02-DEL04-SC"
459788;2022-07-05;"terça-feira";"07:45:00";"RS";290;68;"GRAVATAI";"Condutor Dormindo";"Saída de leito carroçável";"Com Vítimas Fatais";"Pleno dia";"Decrescente";"Sol";"Dupla";"Reta";"Não";4;1;1;0;2;0;1;3;-29,943384;-50,936207;"SPRF-RS";"DEL03-RS";"UOP01-DEL03-RS"
459789;2022-07-04;"segunda-feira";"16:50:00";"MT";70;3,5;"BARRA DO GARCAS";"Acessar a via sem observar a presença dos outros veículos";"Colisão transversal";"Com Vítimas Feridas";"Pleno dia";"Crescente";"Céu Claro";"Dupla";"Rotatória";"Sim";1;0;0;1;0;0;1;1;-15,8825284295;-52,2757402706;"SPRF-MT";"DEL07-MT";"UOP01-DEL07-MT"
459790;2022-07-05;"terça-feira";"07:15:00";"SC";101;203;"SAO JOSE";"Pedestre cruzava a pista fora da faixa";"Atropelamento de Pedestre";"Com Vítimas Feridas";"Pleno dia";"Decrescente";"Céu Claro";"Múltipla";"Reta";"Sim";2;0;1;0;1;0;1;2;-27,5650044;-48,61460082;"SPRF-SC";"DEL01-SC";"UOP01-DEL01-SC"
459791;2022-07-05;"terça-feira";"07:56:00";"DF";20;9;"BRASILIA";"Ausência de reação do condutor";"Colisão traseira";"Com Vítimas Feridas";"Pleno dia";"Decrescente";"Céu Claro";"Dupla";"Reta";"Sim";3;0;0;1;2;0;1;3;-15,654671;-47,782917;"SPRF-DF";"DEL02-DF";"UOP01-DEL02-DF"
459792;2022-07-05;"terça-feira";"07:05:00";"SC";101;386,6;"ICARA";"Desrespeitar a preferência no cruzamento";"Colisão frontal";"Com Vítimas Feridas";"Amanhecer";"Crescente";"Sol";"Múltipla";"Reta;Interseção de Vias";"Não";3;0;2;1;0;0;3;2;-28,786378;-49,33967;"SPRF-SC";"DEL02-SC";"UOP02-DEL02-SC"
459795;2022-07-04;"segunda-feira";"02:40:00";"PE";232;212;"PESQUEIRA";"Frear bruscamente";"Colisão traseira";"Com Vítimas Feridas";"Amanhecer";"Crescente";"Garoa/Chuvisco";"Simples";"Reta";"Não";2;0;0;1;1;0;1;2;-8,37328104;-36,71376998;"SPRF-PE";"DEL03-PE";"UOP02-DEL03-PE"
459796;2022-07-05;"terça-feira";"08:00:00";"RS";116;269;"CANOAS";"Reação tardia ou ineficiente do condutor";"Colisão traseira";"Com Vítimas Feridas";"Pleno dia";"Decrescente";"Sol";"Múltipla";"Reta";"Sim";1;0;1;0;0;0;1;1;-29,95942501;-51,17608515;"SPRF-RS";"DEL01-RS";"UOP01-DEL01-RS"
459797;2022-07-05;"terça-feira";"08:25:00";"DF";20;11,2;"BRASILIA";"Trafegar com motocicleta (ou similar) entre as faixas";"Colisão traseira";"Com Vítimas Feridas";"Pleno dia";"Decrescente";"Céu Claro";"Dupla";"Reta";"Sim";2;0;1;0;1;0;1;2;-15,64654;-47,766422;"SPRF-DF";"DEL02-DF";"UOP01-DEL02-DF"
459798;2022-07-05;"terça-feira";"07:25:00";"GO";70;306;"JUSSARA";"Reação tardia ou ineficiente do condutor";"Colisão traseira";"Sem Vítimas";"Pleno dia";"Crescente";"Céu Claro";"Simples";"Aclive";"Não";8;0;0;0;8;0;0;2;-15,866653;-50,796695;"SPRF-GO";"DEL04-GO";"UOP01-DEL04-GO"
459799;2022-07-05;"terça-feira";"08:15:00";"SP";101;49,4;"UBATUBA";"Acessar a via sem observar a presença dos outros veículos";"Colisão transversal";"Com Vítimas Feridas";"Pleno dia";"Decrescente";"Céu Claro";"Simples";"Desvio Temporário;Interseção de Vias";"Sim";3;0;1;0;1;1;1;3;-23,43696329;-45,08768768;"SPRF-SP";"DEL06-SP";"UOP01-DEL06-SP"
459800;2022-07-05;"terça-feira";"08:15:00";"MG";40;510,9;"RIBEIRAO DAS NEVES";"Reação tardia ou ineficiente do condutor";"Colisão com objeto";"Com Vítimas Feridas";"Pleno dia";"Crescente";"Céu Claro";"Dupla";"Reta";"Sim";1;0;0;1;0;0;1;1;-19,77463885;-44,12321882;"SPRF-MG";"DEL01-MG";"UOP02-DEL01-MG"
459803;2022-07-05;"terça-feira";"08:30:00";"RN";101;106;"PARNAMIRIM";"Acessar a via sem observar a presença dos outros veículos";"Colisão lateral mesmo sentido";"Com Vítimas Feridas";"Pleno dia";"Decrescente";"Céu Claro";"Dupla";"Reta";"Sim";3;0;1;0;2;0;1;2;-5,91056401;-35,26130795;"SPRF-RN";"DEL01-RN";"UOP01-DEL01-RN"
459804;2022-07-05;"terça-feira";"07:00:00";"SC";470;139;"RIO DO SUL";"Manobra de mudança de faixa";"Colisão lateral mesmo sentido";"Com Vítimas Feridas";"Pleno dia";"Decrescente";"Céu Claro";"Múltipla";"Reta";"Não";2;0;1;0;1;0;1;2;-27,217564;-49,65461;"SPRF-SC";"DEL04-SC";"UOP02-DEL04-SC"
459805;2022-07-05;"terça-feira";"08:00:00";"SP";381;87;"SAO PAULO";"Ausência de reação do condutor";"Tombamento";"Com Vítimas Feridas";"Pleno dia";"Crescente";"Céu Claro";"Simples";"Curva";"Sim";1;0;1;0;0;0;1;1;-23,46885001;-46,56996601;"SPRF-SP";"DEL03-SP";"UOP01-DEL03-SP"
459808;2022-07-05;"terça-feira";"08:30:00";"SC";280;131,4;"RIO NEGRINHO";"Acessar a via sem observar a presença dos outros veículos";"Colisão lateral mesmo sentido";"Sem Vítimas";"Pleno dia";"Decrescente";"Céu Claro";"Simples";"Reta";"Não";2;0;0;0;2;0;0;2;-26,25581515;-49,53953493;"SPRF-SC";"DEL06-SC";"UOP03-DEL06-SC"
459809;2022-07-05;"terça-feira";"07:40:00";"RJ";116;178,3;"NOVA IGUACU";"Trafegar com motocicleta (ou similar) entre as faixas";"Colisão lateral mesmo sentido";"Com Vítimas Feridas";"Pleno dia";"Decrescente";"Céu Claro";"Dupla";"Reta";"Sim";1;0;0;1;0;0;1;1;-22,78055198;-43,39208599;"SPRF-RJ";"DEL01-RJ";"UOP02-DEL01-RJ"
459810;2022-07-05;"terça-feira";"08:00:00";"SP";116;273;"TABOAO DA SERRA";"Ausência de reação do condutor";"Tombamento";"Com Vítimas Feridas";"Pleno dia";"Crescente";"Céu Claro";"Dupla";"Reta";"Sim";1;0;1;0;0;0;1;1;-23,62809795;-46,81870306;"SPRF-SP";"DEL04-SP";"UOP01-DEL04-SP"
459811;2022-07-05;"terça-feira";"08:40:00";"SC";282;2,6;"FLORIANOPOLIS";"Condutor deixou de manter distância do veículo da frente";"Colisão traseira";"Com Vítimas Feridas";"Pleno dia";"Decrescente";"Céu Claro";"Múltipla";"Reta";"Sim";4;0;2;0;2;0;2;3;-27,603289;-48,590416;"SPRF-SC";"DEL01-SC";"UOP01-DEL01-SC"
459816;2022-07-05;"terça-feira";"07:10:00";"SC";101;436,4;"SOMBRIO";"Desrespeitar a preferência no cruzamento";"Colisão transversal";"Com Vítimas Feridas";"Amanhecer";"Crescente";"Nevoeiro/Neblina";"Múltipla";"Aclive";"Sim";2;0;1;0;1;0;1;2;-29,116756;-49,640408;"SPRF-SC";"DEL02-SC";"UOP02-DEL02-SC"
459817;2022-07-05;"terça-feira";"09:00:00";"SP";116;227;"SAO PAULO";"Ausência de reação do condutor";"Colisão lateral mesmo sentido";"Com Vítimas Feridas";"Pleno dia";"Crescente";"Sol";"Múltipla";"Reta";"Sim";2;0;1;0;1;0;1;2;-23,49659264;-46,55648754;"SPRF-SP";"DEL01-SP";"UOP01-DEL01-SP"
459818;2022-07-05;"terça-feira";"09:20:00";"PR";277;76;"SAO JOSE DOS PINHAIS";"Demais falhas mecânicas ou elétricas";"Tombamento";"Com Vítimas Feridas";"Pleno dia";"Crescente";"Céu Claro";"Dupla";"Reta";"Sim";2;0;1;0;1;0;1;1;-25,49048456;-49,17490661;"SPRF-PR";"DEL01-PR";"UOP01-DEL01-PR"
459821;2022-07-05;"terça-feira";"09:30:00";"CE";116;18,5;"EUSEBIO";"Condutor deixou de manter distância do veículo da frente";"Colisão traseira";"Com Vítimas Feridas";"Pleno dia";"Decrescente";"Céu Claro";"Dupla";"Reta";"Sim";6;0;2;0;4;0;2;4;-3,90496605;-38,50518756;"SPRF-CE";"DEL01-CE";"UOP02-DEL01-CE"
459822;2022-06-15;"quarta-feira";"22:00:00";"PR";277;728;"FOZ DO IGUACU";"Acumulo de areia ou detritos sobre o pavimento";"Queda de ocupante de veículo";"Sem Vítimas";"Plena Noite";"Decrescente";"Céu Claro";"Dupla";"Curva";"Sim";1;0;0;0;0;1;0;1;-25,50958124;-54,57328862;"SPRF-PR";"DEL05-PR";"UOP03-DEL05-PR"
459824;2022-07-05;"terça-feira";"02:15:00";"AC";317;221;"XAPURI";"Animais na Pista";"Saída de leito carroçável";"Com Vítimas Feridas";"Plena Noite";"Crescente";"Céu Claro";"Simples";"Reta";"Não";1;0;1;0;0;0;1;1;-10,67000616;-68,28435498;"SPRF-AC";"DEL01-AC";"UOP02-DEL01-AC"
459828;2022-07-05;"terça-feira";"10:15:00";"SE";235;43,9;"ITABAIANA";"Manobra de mudança de faixa";"Colisão lateral mesmo sentido";"Com Vítimas Feridas";"Pleno dia";"Crescente";"Céu Claro";"Simples";"Reta";"Não";2;0;0;1;1;0;1;2;-10,761437;-37,388721;"SPRF-SE";"DEL01-SE";"UOP02-DEL01-SE"
459829;2022-07-05;"terça-feira";"10:50:00";"SC";101;81;"BARRA VELHA";"Ausência de reação do condutor";"Colisão transversal";"Sem Vítimas";"Pleno dia";"Crescente";"Sol";"Dupla";"Reta";"Não";2;0;0;0;2;0;0;2;-26,60256101;-48,72553524;"SPRF-SC";"DEL03-SC";"UOP02-DEL03-SC"
459832;2022-06-27;"segunda-feira";"15:40:00";"MS";262;144;"AGUA CLARA";"Acessar a via sem observar a presença dos outros veículos";"Colisão com objeto";"Com Vítimas Feridas";"Pleno dia";"Crescente";"Céu Claro";"Simples";"Reta";"Sim";3;0;1;0;0;2;1;2;-20,44382266;-52,88126791;"SPRF-MS";"DEL07-MS";"UOP02-DEL07-MS"
459833;2022-06-29;"quarta-feira";"13:55:00";"MS";262;143;"AGUA CLARA";"Reação tardia ou ineficiente do condutor";"Colisão traseira";"Com Vítimas Feridas";"Pleno dia";"Crescente";"Sol";"Simples";"Reta";"Sim";3;0;1;0;1;1;1;3;-20,44425477;-52,87901044;"SPRF-MS";"DEL07-MS";"UOP02-DEL07-MS"
459834;2022-07-05;"terça-feira";"11:15:00";"ES";101;80,6;"SAO MATEUS";"Avarias e/ou desgaste excessivo no pneu";"Tombamento";"Com Vítimas Feridas";"Pleno dia";"Crescente";"Céu Claro";"Simples";"Reta";"Não";2;0;1;1;0;0;2;1;-18,82149709;-39,90673788;"SPRF-ES";"DEL04-ES";"UOP02-DEL04-ES"
459835;2022-07-05;"terça-feira";"10:15:00";"PE";232;409;"SERRA TALHADA";"Desrespeitar a preferência no cruzamento";"Colisão transversal";"Com Vítimas Feridas";"Pleno dia";"Decrescente";"Céu Claro";"Simples";"Retorno Regulamentado";"Sim";2;0;2;0;0;0;2;2;-7,98224898;-38,29595804;"SPRF-PE";"DEL04-PE";"UOP01-DEL04-PE"
459836;2022-04-17;"domingo";"03:27:00";"PR";369;2;"JACAREZINHO";"Condutor Dormindo";"Saída de leito carroçável";"Com Vítimas Feridas";"Pleno dia";"Crescente";"Céu Claro";"Dupla";"Reta";"Não";4;0;4;0;0;0;4;1;-23,0050141;-49,91603851;"SPRF-PR";"DEL07-PR";"UOP01-DEL07-PR"
459837;2022-06-28;"terça-feira";"02:40:00";"MG";153;34;"CANAPOLIS";"Condutor Dormindo";"Saída de leito carroçável";"Com Vítimas Fatais";"Plena Noite";"Crescente";"Vento";"Dupla";"Reta";"Não";2;2;0;0;0;0;0;1;-18,71074793;-49,13692422;"SPRF-MG";"DEL15-MG";"UOP03-DEL15-MG"
459838;2022-07-05;"terça-feira";"10:30:00";"PR";376;175,9;"MARINGA";"Reação tardia ou ineficiente do condutor";"Colisão traseira";"Com Vítimas Feridas";"Pleno dia";"Decrescente";"Céu Claro";"Múltipla";"Reta";"Sim";2;0;1;0;1;0;1;2;-23,41269173;-51,93158327;"SPRF-PR";"DEL09-PR";"UOP01-DEL09-PR"
459839;2022-07-05;"terça-feira";"12:10:00";"MG";381;512,1;"IGARAPE";"Ultrapassagem Indevida";"Colisão frontal";"Com Vítimas Feridas";"Pleno dia";"Decrescente";"Céu Claro";"Dupla";"Reta";"Sim";2;0;1;0;1;0;1;2;-20,09239724;-44,31458341;"SPRF-MG";"DEL01-MG";"UOP03-DEL01-MG"
459840;2022-07-05;"terça-feira";"12:05:00";"ES";101;270,8;"SERRA";"Condutor desrespeitou a iluminação vermelha do semáforo";"Colisão transversal";"Com Vítimas Feridas";"Pleno dia";"Decrescente";"Céu Claro";"Múltipla";"Interseção de Vias";"Sim";3;0;1;0;2;0;1;2;-20,22662056;-40,27075088;"SPRF-ES";"DEL02-ES";"UOP01-DEL02-ES"
459841;2022-07-05;"terça-feira";"07:40:00";"MA";316;620;"TIMON";"Ultrapassagem Indevida";"Colisão transversal";"Sem Vítimas";"Pleno dia";"Decrescente";"Céu Claro";"Simples";"Reta";"Sim";2;0;0;0;1;1;0;2;-5,12834;-42,821602;"SPRF-MA";"DEL03-MA";"UOP02-DEL03-MA"
459844;2022-07-05;"terça-feira";"12:50:00";"RS";470;202;"BENTO GONCALVES";"Ausência de reação do condutor";"Saída de leito carroçável";"Com Vítimas Feridas";"Pleno dia";"Decrescente";"Céu Claro";"Simples";"Curva";"Não";1;0;0;1;0;0;1;1;-29,07677887;-51,58496599;"SPRF-RS";"DEL06-RS";"UOP02-DEL06-RS"
459847;2022-06-03;"sexta-feira";"17:30:00";"RO";364;769;"PORTO VELHO";"Ausência de reação do condutor";"Tombamento";"Com Vítimas Feridas";"Pleno dia";"Decrescente";"Céu Claro";"Simples";"Reta";"Não";1;0;0;1;0;0;1;1;-9;-64;"SPRF-RO";"DEL01-RO";"UOP02-DEL01-RO"
459848;2022-07-05;"terça-feira";"12:00:00";"RS";116;147,9;"CAXIAS DO SUL";"Demais falhas mecânicas ou elétricas";"Tombamento";"Com Vítimas Feridas";"Pleno dia";"Decrescente";"Céu Claro";"Dupla";"Aclive;Curva";"Sim";1;0;1;0;0;0;1;1;-29,15481012;-51,1515302;"SPRF-RS";"DEL05-RS";"UOP01-DEL05-RS"
459849;2022-07-05;"terça-feira";"12:20:00";"PR";153;354;"REBOUCAS";"Reação tardia ou ineficiente do condutor";"Saída de leito carroçável";"Com Vítimas Feridas";"Pleno dia";"Crescente";"Céu Claro";"Simples";"Reta";"Não";2;0;2;0;0;0;2;1;-25,63077912;-50,7269568;"SPRF-PR";"DEL08-PR";"UOP02-DEL08-PR"
459854;2022-07-05;"terça-feira";"13:00:00";"PE";101;73;"RECIFE";"Reação tardia ou ineficiente do condutor";"Tombamento";"Com Vítimas Feridas";"Pleno dia";"Crescente";"Chuva";"Dupla";"Reta";"Sim";1;0;1;0;0;0;1;1;-8,09924086;-34,9499613;"SPRF-PE";"DEL01-PE";"UOP01-DEL01-PE"
459856;2022-07-05;"terça-feira";"13:00:00";"ES";262;29,1;"VIANA";"Ausência de reação do condutor";"Queda de ocupante de veículo";"Com Vítimas Feridas";"Pleno dia";"Decrescente";"Céu Claro";"Simples";"Curva;Declive";"Não";2;0;1;0;1;0;1;1;-20,37585099;-40,56027297;"SPRF-ES";"DEL01-ES";"UOP01-DEL01-ES"
459859;2022-07-05;"terça-feira";"13:20:00";"PE";232;43,7;"VITORIA DE SANTO ANTAO";"Ausência de reação do condutor";"Colisão com objeto";"Com Vítimas Feridas";"Pleno dia";"Decrescente";"Nublado";"Dupla";"Reta";"Não";1;0;1;0;0;0;1;1;-8,123066;-35,269716;"SPRF-PE";"DEL01-PE";"UOP01-DEL01-PE"
459862;2022-03-30;"quarta-feira";"17:00:00";"CE";116;9;"FORTALEZA";"Condutor deixou de manter distância do veículo da frente";"Colisão traseira";"Com Vítimas Feridas";"Pleno dia";"Decrescente";"Céu Claro";"Múltipla";"Reta";"Sim";2;0;0;1;1;0;1;2;-3,82779096;-38,50486117;"SPRF-CE";"DEL01-CE";"UOP02-DEL01-CE"
459863;2022-07-05;"terça-feira";"14:05:00";"MG";40;41,6;"PARACATU";"Acessar a via sem observar a presença dos outros veículos";"Colisão transversal";"Com Vítimas Feridas";"Pleno dia";"Decrescente";"Céu Claro";"Simples";"Interseção de Vias;Reta";"Sim";2;0;1;0;1;0;1;2;-17,21271307;-46,87295209;"SPRF-MG";"DEL14-MG";"UOP01-DEL14-MG"
459864;2022-07-05;"terça-feira";"15:20:00";"MG";251;474;"FRANCISCO SA";"Acessar a via sem observar a presença dos outros veículos";"Colisão transversal";"Com Vítimas Feridas";"Pleno dia";"Crescente";"Céu Claro";"Simples";"Reta";"Não";3;0;0;2;1;0;2;2;-16,47130466;-43,45673904;"SPRF-MG";"DEL12-MG";"UOP01-DEL12-MG"
459867;2022-06-15;"quarta-feira";"23:15:00";"GO";251;32;"CRISTALINA";"Desrespeitar a preferência no cruzamento";"Colisão frontal";"Com Vítimas Fatais";"Plena Noite";"Crescente";"Céu Claro";"Simples";"Reta";"Sim";3;1;0;0;1;1;0;3;-16,07083438;-47,53025316;"SPRF-DF";"DEL01-DF";"UOP01-DEL01-DF"
459868;2022-07-05;"terça-feira";"15:20:00";"RN";110;46,8;"MOSSORO";"Acessar a via sem observar a presença dos outros veículos";"Colisão transversal";"Com Vítimas Feridas";"Pleno dia";"Crescente";"Céu Claro";"Simples";"Rotatória";"Sim";3;0;1;0;2;0;1;2;-5,19797675;-37,31839819;"SPRF-RN";"DEL04-RN";"UOP01-DEL04-RN"
459869;2022-07-05;"terça-feira";"15:20:00";"CE";116;76;"CHOROZINHO";"Condutor deixou de manter distância do veículo da frente";"Colisão traseira";"Sem Vítimas";"Pleno dia";"Crescente";"Nublado";"Simples";"Reta";"Não";2;0;0;0;2;0;0;2;-4,36818681;-38,45028977;"SPRF-CE";"DEL03-CE";"UOP02-DEL03-CE"
459872;2022-05-19;"quinta-feira";"18:00:00";"PR";116;121,8;"CURITIBA";"Condutor deixou de manter distância do veículo da frente";"Engavetamento";"Sem Vítimas";"Anoitecer";"Decrescente";"Céu Claro";"Dupla";"Reta";"Não";3;0;0;0;2;1;0;3;-25,60167005;-49,31762695;"SPRF-PR";"DEL01-PR";"UOP03-DEL01-PR"
459873;2022-07-05;"terça-feira";"13:00:00";"AC";364;131;"RIO BRANCO";"Ausência de reação do condutor";"Colisão traseira";"Com Vítimas Feridas";"Pleno dia";"Decrescente";"Sol";"Dupla";"Curva";"Sim";1;0;1;0;0;0;1;1;-10,01594689;-67,84093848;"SPRF-AC";"DEL01-AC";"UOP01-DEL01-AC"
459874;2022-07-05;"terça-feira";"15:30:00";"PR";158;537,9;"PATO BRANCO";"Ingestão de álcool pelo condutor";"Saída de leito carroçável";"Com Vítimas Feridas";"Pleno dia";"Crescente";"Céu Claro";"Simples";"Rotatória";"Sim";1;0;1;0;0;0;1;1;-26,24774787;-52,70513312;"SPRF-PR";"DEL02-PR";"UOP01-DEL02-PR"
459875;2022-07-05;"terça-feira";"16:00:00";"MG";40;551;"NOVA LIMA";"Avarias e/ou desgaste excessivo no pneu";"Queda de ocupante de veículo";"Com Vítimas Feridas";"Pleno dia";"Decrescente";"Nublado";"Múltipla";"Reta";"Sim";1;0;1;0;0;0;1;1;-20,06084086;-43,97716423;"SPRF-MG";"DEL01-MG";"UOP02-DEL01-MG"
459877;2022-07-05;"terça-feira";"16:00:00";"MG";381;487,4;"BETIM";"Velocidade Incompatível";"Tombamento";"Com Vítimas Feridas";"Pleno dia";"Crescente";"Céu Claro";"Múltipla";"Curva;Declive";"Sim";1;0;1;0;0;0;1;1;-19,95586853;-44,14609501;"SPRF-MG";"DEL01-MG";"UOP03-DEL01-MG"
459879;2022-07-05;"terça-feira";"16:00:00";"BA";116;288;"TUCANO";"Ultrapassagem Indevida";"Colisão frontal";"Com Vítimas Feridas";"Pleno dia";"Decrescente";"Céu Claro";"Simples";"Reta";"Não";4;0;2;1;1;0;3;3;-11,10966302;-38,82995421;"SPRF-BA";"DEL02-BA";"UOP01-DEL02-BA"
459882;2022-04-23;"sábado";"19:00:00";"AL";316;259;"SATUBA";"Chuva";"Saída de leito carroçável";"Com Vítimas Feridas";"Plena Noite";"Decrescente";"Chuva";"Simples";"Curva";"Não";1;0;0;1;0;0;1;1;-9,5916564;-35,914033;"SPRF-AL";"DEL02-AL";"UOP01-DEL02-AL"
459883;2022-07-05;"terça-feira";"16:50:00";"MG";381;493,9;"BETIM";"Condutor deixou de manter distância do veículo da frente";"Colisão traseira";"Com Vítimas Feridas";"Pleno dia";"Crescente";"Sol";"Múltipla";"Aclive;Reta";"Sim";2;0;1;0;1;0;1;2;-19,96591;-44,17725;"SPRF-MG";"DEL01-MG";"UOP03-DEL01-MG"
459891;2022-07-05;"terça-feira";"17:25:00";"MG";381;490;"BETIM";"Ausência de reação do condutor";"Colisão traseira";"Com Vítimas Feridas";"Anoitecer";"Crescente";"Céu Claro";"Múltipla";"Reta";"Sim";2;0;1;0;1;0;1;2;-19,95598;-44,14375;"SPRF-MG";"DEL01-MG";"UOP03-DEL01-MG"
459895;2022-07-05;"terça-feira";"17:40:00";"SC";101;86;"BARRA VELHA";"Manobra de mudança de faixa";"Colisão com objeto";"Com Vítimas Feridas";"Anoitecer";"Decrescente";"Céu Claro";"Dupla";"Reta";"Não";2;0;1;0;1;0;1;1;-26,63277317;-48,70232513;"SPRF-SC";"DEL03-SC";"UOP02-DEL03-SC"
459896;2022-07-05;"terça-feira";"16:00:00";"MG";50;48;"ARAGUARI";"Velocidade Incompatível";"Colisão traseira";"Sem Vítimas";"Pleno dia";"Decrescente";"Sol";"Dupla";"Curva;Aclive";"Não";2;0;0;0;2;0;0;2;-18,73203707;-48,21288207;"SPRF-MG";"DEL15-MG";"UOP02-DEL15-MG"
459897;2022-07-05;"terça-feira";"17:45:00";"DF";20;6,7;"BRASILIA";"Condutor deixou de manter distância do veículo da frente";"Colisão lateral mesmo sentido";"Com Vítimas Feridas";"Anoitecer";"Decrescente";"Céu Claro";"Dupla";"Curva";"Sim";4;0;1;0;3;0;1;4;-15,665888;-47,808308;"SPRF-DF";"DEL02-DF";"UOP01-DEL02-DF"
459898;2022-07-05;"terça-feira";"18:00:00";"RS";290;91;"PORTO ALEGRE";"Condutor deixou de manter distância do veículo da frente";"Colisão traseira";"Sem Vítimas";"Anoitecer";"Decrescente";"Nublado";"Dupla";"Reta";"Não";2;0;0;0;2;0;0;2;-29,969055;-51,167439;"SPRF-RS";"DEL01-RS";"UOP01-DEL01-RS"
459900;2022-07-05;"terça-feira";"18:30:00";"RS";116;242,7;"SAO LEOPOLDO";"Pedestre cruzava a pista fora da faixa";"Atropelamento de Pedestre";"Com Vítimas Feridas";"Plena Noite";"Decrescente";"Garoa/Chuvisco";"Dupla";"Reta";"Sim";2;0;1;0;1;0;1;2;-29,7255515;-51,14883542;"SPRF-RS";"DEL01-RS";"UOP02-DEL01-RS"
459902;2022-07-05;"terça-feira";"12:40:00";"BA";242;383;"PALMEIRAS";"Pista Escorregadia";"Saída de leito carroçável";"Com Vítimas Feridas";"Pleno dia";"Crescente";"Céu Claro";"Simples";"Curva";"Não";2;0;1;1;0;0;2;1;-12,44034303;-41,546251;"SPRF-BA";"DEL06-BA";"UOP01-DEL06-BA"
459903;2022-07-05;"terça-feira";"18:15:00";"SC";116;248;"LAGES";"Animais na Pista";"Atropelamento de Animal";"Com Vítimas Feridas";"Plena Noite";"Crescente";"Céu Claro";"Simples";"Declive";"Não";1;0;1;0;0;0;1;1;-27,81994481;-50,37454423;"SPRF-SC";"DEL05-SC";"UOP02-DEL05-SC"
459906;2022-07-05;"terça-feira";"19:00:00";"ES";101;229;"FUNDAO";"Acessar a via sem observar a presença dos outros veículos";"Colisão transversal";"Com Vítimas Feridas";"Plena Noite";"Decrescente";"Céu Claro";"Simples";"Reta";"Sim";2;0;1;0;1;0;1;2;-19,92727879;-40,40587142;"SPRF-ES";"DEL02-ES";"UOP01-DEL02-ES"
459907;2022-07-05;"terça-feira";"18:30:00";"RJ";101;323;"NITEROI";"Condutor deixou de manter distância do veículo da frente";"Engavetamento";"Com Vítimas Feridas";"Plena Noite";"Decrescente";"Céu Claro";"Dupla";"Reta";"Sim";4;0;1;0;3;0;1;3;-22,87684786;-43,11728689;"SPRF-RJ";"DEL02-RJ";"UOP01-DEL02-RJ"