"id";"data_inversa";"dia_semana";"horario";"uf";"br";"km";"municipio";"causa_acidente";"tipo_acidente";"classificacao_acidente";"fase_dia";"sentido_via";"condicao_metereologica";"tipo_pista";"tracado_via";"uso_solo";"pessoas";"mortos";"feridos_leves";"feridos_graves";"ilesos";"ignorados";"feridos";"veiculos";"latitude";"longitude";"regional";"delegacia";"uop"
459908;2022-03-29;"terça-feira";"22:10:00";"DF";20;19,6;"BRASILIA";"Velocidade Incompatível";"Colisão traseira";"Com Vítimas Feridas";"Plena Noite";"Crescente";"Céu Claro";"Dupla";"Declive;Reta";"Sim";3;0;2;0;0;1;2;2;-15,612175;-47,700928;"SPRF-DF";"DEL02-DF";"UOP01-DEL02-DF"
459910;2022-07-05;"terça-feira";"18:50:00";"PR";277;127,1;"BALSA NOVA";"Ausência de reação do condutor";"Capotamento";"Com Vítimas Fatais";"Plena Noite";"Decrescente";"Céu Claro";"Dupla";"Reta";"Não";1;1;0;0;0;0;0;1;-25,471179;-49,619252;"SPRF-PR";"DEL03-PR";"UOP03-DEL03-PR"
459911;2022-07-05;"terça-feira";"18:40:00";"RN";304;116,7;"ITAJA";"Acessar a via sem observar a presença dos outros veículos";"Colisão transversal";"Com Vítimas Feridas";"Plena Noite";"Decrescente";"Céu Claro";"Simples";"Reta";"Não";2;0;1;0;1;0;1;2;-5,60985893;-36,90493696;"SPRF-RN";"DEL04-RN";"UOP01-DEL04-RN"
459912;2022-07-05;"terça-feira";"19:20:00";"RJ";101;463,9;"ANGRA DOS REIS";"Transitar na contramão";"Colisão lateral sentido oposto";"Com Vítimas Feridas";"Plena Noite";"Crescente";"Céu Claro";"Simples";"Reta";"Não";5;0;3;0;2;0;3;2;-23,03863279;-44,19056272;"SPRF-RJ";"DEL03-RJ";"UOP03-DEL03-RJ"
459914;2022-07-05;"terça-feira";"18:45:00";"PB";412;17;"BOA VISTA";"Reação tardia ou ineficiente do condutor";"Colisão com objeto";"Com Vítimas Feridas";"Plena Noite";"Crescente";"Garoa/Chuvisco";"Simples";"Interseção de Vias";"Não";1;0;1;0;0;0;1;1;-7,249509;-36,219105;"SPRF-PB";"DEL02-PB";"UOP02-DEL02-PB"
459915;2022-07-05;"terça-feira";"19:15:00";"PB";104;115;"LAGOA SECA";"Reação tardia ou ineficiente do condutor";"Tombamento";"Com Vítimas Feridas";"Plena Noite";"Crescente";"Chuva";"Simples";"Reta";"Sim";1;0;0;1;0;0;1;1;-7,172018;-35,85983397;"SPRF-PB";"DEL02-PB";"UOP04-DEL02-PB"
459916;2022-07-05;"terça-feira";"18:00:00";"BA";116;755;"POCOES";"Acessar a via sem observar a presença dos outros veículos";"Colisão transversal";"Com Vítimas Feridas";"Plena Noite";"Decrescente";"Nublado";"Simples";"Reta";"Sim";2;0;1;0;1;0;1;2;-14,46450786;-40,34347688;"SPRF-BA";"DEL08-BA";"UOP02-DEL08-BA"
459917;2022-07-05;"terça-feira";"18:50:00";"RO";364;697;"PORTO VELHO";"Pedestre cruzava a pista fora da faixa";"Atropelamento de Pedestre";"Com Vítimas Fatais";"Plena Noite";"Crescente";"Céu Claro";"Dupla";"Curva";"Não";3;1;0;0;1;1;0;2;-8,803367;-63,750604;"SPRF-RO";"DEL01-RO";"UOP01-DEL01-RO"
459918;2022-07-05;"terça-feira";"16:30:00";"GO";153;329,9;"JARAGUA";"Acostamento em desnível";"Saída de leito carroçável";"Com Vítimas Feridas";"Pleno dia";"Decrescente";"Céu Claro";"Simples";"Reta";"Não";1;0;1;0;0;0;1;1;-15,5049619;-49,47877591;"SPRF-GO";"DEL02-GO";"UOP02-DEL02-GO"
459919;2022-07-05;"terça-feira";"17:40:00";"AC";364;121;"RIO BRANCO";"Iluminação deficiente";"Colisão traseira";"Com Vítimas Feridas";"Plena Noite";"Decrescente";"Céu Claro";"Simples";"Reta";"Não";3;0;2;1;0;0;3;2;-10,00059892;-67,73971438;"SPRF-AC";"DEL01-AC";"UOP01-DEL01-AC"
459920;2022-07-05;"terça-feira";"20:00:00";"RJ";116;186;"NOVA IGUACU";"Reação tardia ou ineficiente do condutor";"Tombamento";"Com Vítimas Feridas";"Plena Noite";"Crescente";"Céu Claro";"Dupla";"Reta";"Sim";2;0;2;0;0;0;2;1;-22,73962339;-43,46276495;"SPRF-RJ";"DEL01-RJ";"UOP02-DEL01-RJ"
459921;2022-07-05;"terça-feira";"19:30:00";"CE";116;179,5;"RUSSAS";"Pista esburacada";"Queda de ocupante de veículo";"Com Vítimas Feridas";"Plena Noite";"Decrescente";"Céu Claro";"Simples";"Reta";"Não";2;0;2;0;0;0;2;1;-5,03750487;-38,08630013;"SPRF-CE";"DEL03-CE";"UOP01-DEL03-CE"
459924;2022-07-05;"terça-feira";"18:50:00";"GO";158;8;"ARAGARCAS";"Animais na Pista";"Queda de ocupante de veículo";"Com Vítimas Feridas";"Anoitecer";"Decrescente";"Céu Claro";"Simples";"Reta";"Não";1;0;1;0;0;0;1;1;-15,936459;-52,21084102;"SPRF-GO";"DEL04-GO";"UOP01-DEL04-GO"
459926;2022-07-05;"terça-feira";"21:30:00";"RN";101;144,4;"GOIANINHA";"Animais na Pista";"Atropelamento de Animal";"Com Vítimas Feridas";"Plena Noite";"Decrescente";"Céu Claro";"Dupla";"Reta";"Não";2;0;2;0;0;0;2;1;-6,244042;-35,21729;"SPRF-RN";"DEL01-RN";"UOP01-DEL01-RN"
459927;2022-07-05;"terça-feira";"20:20:00";"SC";101;116;"ITAJAI";"Acessar a via sem observar a presença dos outros veículos";"Colisão lateral mesmo sentido";"Com Vítimas Feridas";"Plena Noite";"Decrescente";"Céu Claro";"Dupla";"Reta";"Sim";2;0;1;0;0;1;1;2;-26,87905605;-48,72603512;"SPRF-SC";"DEL04-SC";"UOP04-DEL04-SC"
459929;2022-07-05;"terça-feira";"19:00:00";"SP";116;147;"SAO JOSE DOS CAMPOS";"Ausência de reação do condutor";"Saída de leito carroçável";"Sem Vítimas";"Plena Noite";"Crescente";"Céu Claro";"Dupla";"Reta";"Sim";1;0;0;0;1;0;0;1;-23,19542994;-45,87176303;"SPRF-SP";"DEL02-SP";"UOP01-DEL02-SP"
459932;2022-07-05;"terça-feira";"21:37:00";"GO";70;7,2;"AGUAS LINDAS DE GOIAS";"Demais falhas mecânicas ou elétricas";"Colisão traseira";"Com Vítimas Feridas";"Plena Noite";"Decrescente";"Céu Claro";"Simples";"Reta";"Sim";3;0;1;0;2;0;1;2;-15,75194516;-48,29795837;"SPRF-DF";"DEL03-DF";"UOP02-DEL03-DF"
459934;2022-07-05;"terça-feira";"23:10:00";"RJ";116;182;"NOVA IGUACU";"Condutor deixou de manter distância do veículo da frente";"Colisão traseira";"Com Vítimas Feridas";"Plena Noite";"Crescente";"Céu Claro";"Dupla";"Reta";"Não";3;0;1;0;2;0;1;2;-22,7567755;-43,43107234;"SPRF-RJ";"DEL01-RJ";"UOP02-DEL01-RJ"
459937;2022-07-05;"terça-feira";"23:20:00";"RS";116;211,9;"MORRO REUTER";"Reação tardia ou ineficiente do condutor";"Saída de leito carroçável";"Sem Vítimas";"Plena Noite";"Decrescente";"Nevoeiro/Neblina";"Simples";"Reta";"Sim";1;0;0;0;1;0;0;1;-29,51365014;-51,10094342;"SPRF-RS";"DEL05-RS";"UOP02-DEL05-RS"
459938;2022-07-06;"quarta-feira";"00:30:00";"PR";476;135;"CURITIBA";"Condutor desrespeitou a iluminação vermelha do semáforo";"Colisão transversal";"Com Vítimas Feridas";"Plena Noite";"Decrescente";"Céu Claro";"Múltipla";"Interseção de Vias";"Sim";2;0;2;0;0;0;2;2;-25,484333;-49,265793;"SPRF-PR";"DEL01-PR";"UOP03-DEL01-PR"
459939;2022-07-05;"terça-feira";"21:30:00";"MG";116;115;"ITAOBIM";"Mal súbito do condutor";"Colisão com objeto";"Com Vítimas Feridas";"Plena Noite";"Decrescente";"Ignorado";"Simples";"Reta";"Sim";4;0;4;0;0;0;4;1;-16,55656498;-41,50192905;"SPRF-MG";"DEL11-MG";"UOP02-DEL11-MG"
459940;2022-07-06;"quarta-feira";"01:30:00";"SC";101;45;"JOINVILLE";"Velocidade Incompatível";"Colisão com objeto";"Com Vítimas Feridas";"Plena Noite";"Crescente";"Céu Claro";"Dupla";"Reta";"Sim";1;0;0;1;0;0;1;1;-26,32214492;-48,8689509;"SPRF-SC";"DEL03-SC";"UOP01-DEL03-SC"
459943;2022-04-05;"terça-feira";"21:20:00";"MG";381;185,1;"PERIQUITO";"Acessar a via sem observar a presença dos outros veículos";"Colisão transversal";"Com Vítimas Feridas";"Plena Noite";"Crescente";"Ignorado";"Simples";"Reta";"Não";3;0;1;1;1;0;2;2;-19,07143196;-42,17623006;"SPRF-MG";"DEL06-MG";"UOP01-DEL06-MG"
459944;2022-07-06;"quarta-feira";"02:20:00";"PR";369;188;"ARAPONGAS";"Velocidade Incompatível";"Saída de leito carroçável";"Sem Vítimas";"Plena Noite";"Decrescente";"Céu Claro";"Simples";"Reta";"Sim";1;0;0;0;0;1;0;1;-23,43453196;-51,4221257;"SPRF-PR";"DEL07-PR";"UOP03-DEL07-PR"
459945;2022-07-06;"quarta-feira";"02:40:00";"RS";472;149;"SANTA ROSA";"Condutor Dormindo";"Saída de leito carroçável";"Com Vítimas Feridas";"Plena Noite";"Crescente";"Céu Claro";"Simples";"Curva";"Não";2;0;2;0;0;0;2;1;-27,79073184;-54,38850912;"SPRF-RS";"DEL10-RS";"UOP01-DEL10-RS"
459948;2022-07-06;"quarta-feira";"05:15:00";"MG";40;465,3;"SETE LAGOAS";"Objeto estático sobre o leito carroçável";"Engavetamento";"Com Vítimas Fatais";"Plena Noite";"Decrescente";"Céu Claro";"Dupla";"Reta";"Não";3;1;0;1;0;1;1;3;-19,43835777;-44,33103681;"SPRF-MG";"DEL02-MG";"UOP01-DEL02-MG"
459950;2022-07-06;"quarta-feira";"06:00:00";"SP";116;212;"GUARULHOS";"Ultrapassagem Indevida";"Colisão traseira";"Com Vítimas Feridas";"Amanhecer";"Crescente";"Nublado";"Múltipla";"Reta";"Não";2;0;1;0;1;0;1;2;-23,43608315;-46,42805094;"SPRF-SP";"DEL01-SP";"UOP01-DEL01-SP"
459951;2022-07-06;"quarta-feira";"05:45:00";"TO";226;26;"PALMEIRAS DO TOCANTINS";"Ausência de reação do condutor";"Colisão com objeto";"Com Vítimas Feridas";"Plena Noite";"Decrescente";"Céu Claro";"Simples";"Reta";"Não";2;0;0;2;0;0;2;1;-6,641345;-47,667072;"SPRF-TO";"DEL02-TO";"UOP03-DEL02-TO"
459952;2022-07-06;"quarta-feira";"06:40:00";"SP";153;62,1;"SAO JOSE DO RIO PRETO";"Ausência de reação do condutor";"Colisão traseira";"Com Vítimas Feridas";"Pleno dia";"Crescente";"Céu Claro";"Dupla";"Aclive";"Sim";2;0;1;0;1;0;1;2;-20,81325404;-49,35675563;"SPRF-SP";"DEL09-SP";"UOP01-DEL09-SP"
459953;2022-07-06;"quarta-feira";"05:30:00";"GO";70;1;"AGUAS LINDAS DE GOIAS";"Condutor deixou de manter distância do veículo da frente";"Colisão traseira";"Com Vítimas Feridas";"Amanhecer";"Decrescente";"Céu Claro";"Dupla";"Declive";"Não";2;0;1;0;1;0;1;2;-15,77579351;-48,23259001;"SPRF-DF";"DEL03-DF";"UOP02-DEL03-DF"
459954;2022-07-05;"terça-feira";"22:25:00";"RJ";40;112;"DUQUE DE CAXIAS";"Velocidade Incompatível";"Colisão traseira";"Sem Vítimas";"Plena Noite";"Crescente";"Céu Claro";"Múltipla";"Reta";"Sim";2;0;0;0;2;0;0;2;-22,7004454;-43,29014851;"SPRF-RJ";"DEL01-RJ";"UOP01-DEL01-RJ"
459955;2022-07-06;"quarta-feira";"06:50:00";"SC";282;531,5;"CORDILHEIRA ALTA";"Ausência de reação do condutor";"Colisão traseira";"Com Vítimas Feridas";"Pleno dia";"Crescente";"Céu Claro";"Simples";"Retorno Regulamentado";"Sim";3;0;0;1;2;0;1;2;-26,990747;-52,609776;"SPRF-SC";"DEL07-SC";"UOP01-DEL07-SC"
459957;2022-07-06;"quarta-feira";"06:45:00";"MA";135;7,8;"SAO LUIS";"Ausência de reação do condutor";"Colisão traseira";"Com Vítimas Feridas";"Pleno dia";"Crescente";"Céu Claro";"Dupla";"Reta";"Sim";2;0;1;0;1;0;1;2;-2,63608835;-44,26848552;"SPRF-MA";"DEL01-MA";"UOP01-DEL01-MA"
459960;2022-07-06;"quarta-feira";"06:50:00";"SC";101;123;"ITAJAI";"Reação tardia ou ineficiente do condutor";"Queda de ocupante de veículo";"Com Vítimas Feridas";"Pleno dia";"Crescente";"Céu Claro";"Dupla";"Reta";"Não";1;0;1;0;0;0;1;1;-26,93668609;-48,69876905;"SPRF-SC";"DEL04-SC";"UOP04-DEL04-SC"
459963;2022-07-06;"quarta-feira";"07:40:00";"SC";101;211,5;"PALHOCA";"Manobra de mudança de faixa";"Colisão lateral mesmo sentido";"Com Vítimas Feridas";"Pleno dia";"Decrescente";"Céu Claro";"Múltipla";"Reta";"Sim";2;0;1;0;0;1;1;2;-27,62329313;-48,65245588;"SPRF-SC";"DEL01-SC";"UOP02-DEL01-SC"
459964;2022-07-06;"quarta-feira";"05:20:00";"BA";324;530;"FEIRA DE SANTANA";"Chuva";"Saída de leito carroçável";"Sem Vítimas";"Amanhecer";"Crescente";"Chuva";"Dupla";"Curva";"Não";4;0;0;0;4;0;0;1;-12,32818491;-38,86174193;"SPRF-BA";"DEL01-BA";"UOP03-DEL01-BA"
459965;2022-07-06;"quarta-feira";"07:10:00";"RN";110;46,2;"MOSSORO";"Condutor deixou de manter distância do veículo da frente";"Colisão traseira";"Com Vítimas Feridas";"Pleno dia";"Decrescente";"Céu Claro";"Simples";"Reta";"Sim";3;0;3;0;0;0;3;2;-5,19797675;-37,31839819;"SPRF-RN";"DEL04-RN";"UOP01-DEL04-RN"
459967;2022-07-06;"quarta-feira";"08:00:00";"DF";70;14;"BRASILIA";"Manobra de mudança de faixa";"Colisão lateral mesmo sentido";"Com Vítimas Feridas";"Pleno dia";"Decrescente";"Céu Claro";"Dupla";"Reta";"Sim";2;0;1;0;1;0;1;2;-15,797312;-48,176056;"SPRF-DF";"DEL03-DF";"UOP02-DEL03-DF"
459968;2022-07-06;"quarta-feira";"08:00:00";"GO";153;495,2;"GOIANIA";"Condutor deixou de manter distância do veículo da frente";"Colisão traseira";"Com Vítimas Feridas";"Pleno dia";"Crescente";"Céu Claro";"Dupla";"Reta";"Sim";2;0;1;0;1;0;1;2;-16,66288347;-49,22273224;"SPRF-GO";"DEL01-GO";"UOP01-DEL01-GO"
459969;2022-07-06;"quarta-feira";"06:50:00";"SC";280;124,1;"RIO NEGRINHO";"Acessar a via sem observar a presença dos outros veículos";"Colisão transversal";"Com Vítimas Feridas";"Pleno dia";"Crescente";"Céu Claro";"Simples";"Reta";"Sim";2;0;2;0;0;0;2;2;-26,24130297;-49,47514499;"SPRF-SC";"DEL06-SC";"UOP03-DEL06-SC"
459970;2022-07-06;"quarta-feira";"08:26:00";"TO";153;680,1;"GURUPI";"Ultrapassagem Indevida";"Colisão frontal";"Com Vítimas Feridas";"Pleno dia";"Crescente";"Céu Claro";"Simples";"Curva";"Não";3;0;1;0;2;0;1;2;-11,78947895;-49,1176771;"SPRF-TO";"DEL01-TO";"UOP02-DEL01-TO"
459971;2022-07-06;"quarta-feira";"07:30:00";"GO";70;320;"JUSSARA";"Condutor deixou de manter distância do veículo da frente";"Colisão traseira";"Com Vítimas Feridas";"Pleno dia";"Crescente";"Céu Claro";"Simples";"Declive";"Sim";3;0;2;0;1;0;2;2;-15,87713929;-50,89021683;"SPRF-GO";"DEL04-GO";"UOP01-DEL04-GO"
459973;2022-07-06;"quarta-feira";"08:00:00";"PR";476;133;"CURITIBA";"Manobra de mudança de faixa";"Colisão lateral mesmo sentido";"Com Vítimas Feridas";"Pleno dia";"Decrescente";"Céu Claro";"Múltipla";"Reta";"Sim";2;0;1;0;1;0;1;2;-25,47381897;-49,25717453;"SPRF-PR";"DEL01-PR";"UOP03-DEL01-PR"
459974;2022-07-06;"quarta-feira";"08:45:00";"SP";153;62,4;"SAO JOSE DO RIO PRETO";"Condutor deixou de manter distância do veículo da frente";"Tombamento";"Com Vítimas Feridas";"Pleno dia";"Crescente";"Céu Claro";"Dupla";"Aclive;Reta";"Sim";2;0;1;0;1;0;1;1;-20,816341;-49,357191;"SPRF-SP";"DEL09-SP";"UOP01-DEL09-SP"
459976;2022-07-06;"quarta-feira";"08:10:00";"RJ";40;116;"DUQUE DE CAXIAS";"Avarias e/ou desgaste excessivo no pneu";"Tombamento";"Com Vítimas Feridas";"Pleno dia";"Crescente";"Céu Claro";"Múltipla";"Reta";"Sim";1;0;1;0;0;0;1;1;-22,73662299;-43,28858785;"SPRF-RJ";"DEL01-RJ";"UOP01-DEL01-RJ"
459977;2022-07-06;"quarta-feira";"07:30:00";"PI";316;299,5;"PICOS";"Condutor deixou de manter distância do veículo da frente";"Colisão traseira";"Com Vítimas Feridas";"Pleno dia";"Crescente";"Céu Claro";"Simples";"Reta";"Não";2;0;1;0;1;0;1;2;-7,06324178;-41,51712984;"SPRF-PI";"DEL04-PI";"UOP01-DEL04-PI"
459978;2022-06-20;"segunda-feira";"14:30:00";"MG";40;515;"CONTAGEM";"Ausência de reação do condutor";"Saída de leito carroçável";"Sem Vítimas";"Pleno dia";"Crescente";"Sol";"Dupla";"Reta";"Não";1;0;0;0;0;1;0;1;-19,8090079;-44,09493479;"SPRF-MG";"DEL01-MG";"UOP02-DEL01-MG"
459979;2022-07-06;"quarta-feira";"08:30:00";"PI";343;5,9;"PARNAIBA";"Condutor deixou de manter distância do veículo da frente";"Colisão traseira";"Sem Vítimas";"Pleno dia";"Decrescente";"Céu Claro";"Simples";"Reta";"Sim";4;0;0;0;4;0;0;2;-2,89687038;-41,70609284;"SPRF-PI";"DEL05-PI";"UOP01-DEL05-PI"
459980;2022-07-06;"quarta-feira";"08:30:00";"GO";153;510,7;"APARECIDA DE GOIANIA";"Mal súbito do condutor";"Colisão traseira";"Com Vítimas Feridas";"Pleno dia";"Crescente";"Céu Claro";"Simples";"Aclive;Reta";"Sim";3;0;1;0;2;0;1;2;-16,79479813;-49,23847329;"SPRF-GO";"DEL01-GO";"UOP03-DEL01-GO"
459981;2022-07-06;"quarta-feira";"08:25:00";"AP";210;6;"MACAPA";"Acessar a via sem observar a presença dos outros veículos";"Colisão transversal";"Com Vítimas Feridas";"Pleno dia";"Decrescente";"Céu Claro";"Simples";"Reta";"Sim";2;0;1;0;1;0;1;2;0,09345819;-51,11212194;"SPRF-AP";"DEL01-AP";"UOP01-DEL01-AP"
459982;2022-07-06;"quarta-feira";"08:20:00";"PR";376;628;"SAO JOSE DOS PINHAIS";"Frear bruscamente";"Saída de leito carroçável";"Sem Vítimas";"Pleno dia";"Decrescente";"Sol";"Dupla";"Reta";"Não";1;0;0;0;1;0;0;1;-25,67832409;-49,14963231;"SPRF-PR";"DEL01-PR";"UOP04-DEL01-PR"
459985;2022-07-03;"domingo";"01:30:00";"MA";10;258;"IMPERATRIZ";"Ausência de reação do condutor";"Colisão traseira";"Com Vítimas Feridas";"Plena Noite";"Decrescente";"Ignorado";"Dupla";"Interseção de Vias";"Sim";3;0;2;0;0;1;2;2;-5,481554;-47,472092;"SPRF-MA";"DEL04-MA";"UOP01-DEL04-MA"
459987;2022-07-06;"quarta-feira";"08:40:00";"MG";40;43;"PARACATU";"Acessar a via sem observar a presença dos outros veículos";"Colisão transversal";"Com Vítimas Feridas";"Pleno dia";"Decrescente";"Céu Claro";"Simples";"Reta";"Sim";2;0;1;0;1;0;1;2;-17,22598002;-46,86163701;"SPRF-MG";"DEL14-MG";"UOP01-DEL14-MG"
459989;2022-07-06;"quarta-feira";"08:30:00";"RJ";101;578;"PARATY";"Condutor Dormindo";"Saída de leito carroçável";"Com Vítimas Feridas";"Pleno dia";"Decrescente";"Céu Claro";"Simples";"Curva";"Não";1;0;1;0;0;0;1;1;-23,23539058;-44,71182799;"SPRF-RJ";"DEL03-RJ";"UOP02-DEL03-RJ"
459990;2022-07-06;"quarta-feira";"08:30:00";"PR";277;396;"CANDOI";"Acessar a via sem observar a presença dos outros veículos";"Colisão transversal";"Com Vítimas Feridas";"Pleno dia";"Crescente";"Céu Claro";"Simples";"Interseção de Vias";"Não";4;0;2;0;2;0;2;3;-25,44610025;-51,88783898;"SPRF-PR";"DEL08-PR";"UOP01-DEL08-PR"
459991;2022-07-06;"quarta-feira";"10:00:00";"RS";468;99;"TRES PASSOS";"Animais na Pista";"Colisão traseira";"Com Vítimas Feridas";"Pleno dia";"Crescente";"Céu Claro";"Simples";"Reta";"Não";3;0;0;1;1;1;1;3;-27,47870502;-53,91031202;"SPRF-RS";"DEL08-RS";"UOP02-DEL08-RS"
459993;2022-07-02;"sábado";"06:20:00";"RS";472;576;"URUGUAIANA";"Reação tardia ou ineficiente do condutor";"Saída de leito carroçável";"Sem Vítimas";"Amanhecer";"Decrescente";"Céu Claro";"Simples";"Reta";"Sim";2;0;0;0;0;2;0;2;-29,77450987;-57,05869675;"SPRF-RS";"DEL13-RS";"UOP01-DEL13-RS"
459995;2022-05-24;"terça-feira";"13:25:00";"PB";230;105,7;"MOGEIRO";"Velocidade Incompatível";"Saída de leito carroçável";"Com Vítimas Feridas";"Pleno dia";"Decrescente";"Nublado";"Dupla";"Retorno Regulamentado;Declive;Curva";"Não";2;0;2;0;0;0;2;1;-7,20532337;-35,5367589;"SPRF-PB";"DEL01-PB";"UOP03-DEL01-PB"
460000;2022-07-05;"terça-feira";"22:30:00";"MG";116;268,7;"TEOFILO OTONI";"Velocidade Incompatível";"Saída de leito carroçável";"Com Vítimas Feridas";"Plena Noite";"Crescente";"Nublado";"Simples";"Curva";"Não";1;0;1;0;0;0;1;1;-17,79508603;-41,50201207;"SPRF-MG";"DEL11-MG";"UOP01-DEL11-MG"
460002;2022-07-06;"quarta-feira";"08:15:00";"GO";153;124;"ESTRELA DO NORTE";"Acessar a via sem observar a presença dos outros veículos";"Colisão transversal";"Com Vítimas Feridas";"Pleno dia";"Decrescente";"Céu Claro";"Simples";"Interseção de Vias";"Não";8;0;6;0;2;0;6;2;-13,857882;-49,04958;"SPRF-GO";"DEL07-GO";"UOP01-DEL07-GO"
460003;2022-03-16;"quarta-feira";"21:56:00";"SP";116;271;"TABOAO DA SERRA";"Reação tardia ou ineficiente do condutor";"Colisão traseira";"Com Vítimas Feridas";"Plena Noite";"Crescente";"Nublado";"Dupla";"Reta";"Sim";2;0;1;0;1;0;1;2;-23,61809286;-46,80556302;"SPRF-SP";"DEL04-SP";"UOP01-DEL04-SP"
460006;2022-07-06;"quarta-feira";"11:20:00";"SC";470;3;"NAVEGANTES";"Velocidade Incompatível";"Colisão traseira";"Com Vítimas Feridas";"Pleno dia";"Crescente";"Céu Claro";"Dupla";"Em Obras";"Sim";2;0;1;0;1;0;1;2;-26,861937;-48,681618;"SPRF-SC";"DEL04-SC";"UOP04-DEL04-SC"
460009;2022-07-06;"quarta-feira";"11:30:00";"SC";101;200,1;"SAO JOSE";"Condutor usando celular";"Colisão traseira";"Com Vítimas Feridas";"Pleno dia";"Decrescente";"Céu Claro";"Dupla";"Declive;Reta";"Sim";2;0;1;0;1;0;1;2;-27,54018513;-48,62287714;"SPRF-SC";"DEL01-SC";"UOP01-DEL01-SC"
460011;2022-07-06;"quarta-feira";"12:10:00";"RJ";116;173;"MESQUITA";"Ausência de reação do condutor";"Colisão traseira";"Com Vítimas Feridas";"Pleno dia";"Decrescente";"Céu Claro";"Dupla";"Reta";"Sim";2;0;0;1;1;0;1;2;-22,79810324;-43,35726614;"SPRF-RJ";"DEL01-RJ";"UOP02-DEL01-RJ"
460012;2022-07-06;"quarta-feira";"10:47:00";"RJ";116;272;"BARRA MANSA";"Avarias e/ou desgaste excessivo no pneu";"Tombamento";"Com Vítimas Feridas";"Pleno dia";"Crescente";"Céu Claro";"Dupla";"Curva";"Não";1;0;0;1;0;0;1;1;-22,55243408;-44,18083191;"SPRF-RJ";"DEL07-RJ";"UOP02-DEL07-RJ"
460013;2022-07-06;"quarta-feira";"12:15:00";"SC";101;198,6;"SAO JOSE";"Ingestão de álcool pelo condutor";"Colisão traseira";"Sem Vítimas";"Pleno dia";"Decrescente";"Céu Claro";"Múltipla";"Reta";"Sim";2;0;0;0;2;0;0;2;-27,52658712;-48,63506019;"SPRF-SC";"DEL01-SC";"UOP01-DEL01-SC"
460014;2022-05-25;"quarta-feira";"14:39:00";"PR";369;185,2;"ARAPONGAS";"Condutor desrespeitou a iluminação vermelha do semáforo";"Colisão transversal";"Com Vítimas Feridas";"Pleno dia";"Crescente";"Céu Claro";"Simples";"Interseção de Vias";"Sim";2;0;1;0;0;1;1;2;-23,40943756;-51,42772615;"SPRF-PR";"DEL07-PR";"UOP03-DEL07-PR"
460016;2022-04-17;"domingo";"18:30:00";"PI";316;313;"PICOS";"Acessar a via sem observar a presença dos outros veículos";"Colisão com objeto";"Com Vítimas Feridas";"Plena Noite";"Crescente";"Céu Claro";"Simples";"Interseção de Vias";"Sim";1;0;0;1;0;0;1;1;-7,07959049;-41,44975182;"SPRF-PI";"DEL04-PI";"UOP01-DEL04-PI"
460017;2022-04-24;"domingo";"19:25:00";"PR";277;130;"CAMPO LARGO";"Manobra de mudança de faixa";"Queda de ocupante de veículo";"Com Vítimas Feridas";"Plena Noite";"Decrescente";"Nublado";"Dupla";"Curva";"Não";2;0;2;0;0;0;2;1;-25,44518045;-49,4985659;"SPRF-PR";"DEL03-PR";"UOP03-DEL03-PR"
460018;2022-07-06;"quarta-feira";"12:30:00";"BA";101;878;"TEIXEIRA DE FREITAS";"Acessar a via sem observar a presença dos outros veículos";"Colisão transversal";"Com Vítimas Feridas";"Pleno dia";"Crescente";"Nublado";"Simples";"Reta";"Sim";3;0;2;0;1;0;2;2;-17,54702543;-39,71954572;"SPRF-BA";"DEL09-BA";"UOP02-DEL09-BA"
460019;2022-06-24;"sexta-feira";"18:20:00";"GO";20;179,2;"ALVORADA DO NORTE";"Iluminação deficiente";"Atropelamento de Pedestre";"Com Vítimas Feridas";"Plena Noite";"Crescente";"Céu Claro";"Dupla";"Reta";"Sim";3;0;1;1;0;1;2;2;-14,485163;-46,498554;"SPRF-DF";"DEL02-DF";"UOP03-DEL02-DF"
460020;2022-07-06;"quarta-feira";"11:00:00";"RS";392;123,3;"CANGUCU";"Acumulo de água sobre o pavimento";"Saída de leito carroçável";"Sem Vítimas";"Pleno dia";"Crescente";"Chuva";"Simples";"Reta";"Não";3;0;0;0;3;0;0;1;-31,37916505;-52,71298806;"SPRF-RS";"DEL07-RS";"UOP01-DEL07-RS"
460022;2022-07-06;"quarta-feira";"12:00:00";"PR";376;550;"PALMEIRA";"Manobra de mudança de faixa";"Colisão traseira";"Com Vítimas Feridas";"Pleno dia";"Decrescente";"Céu Claro";"Múltipla";"Reta";"Não";2;0;0;1;1;0;1;2;-25,429601;-49,756355;"SPRF-PR";"DEL03-PR";"UOP03-DEL03-PR"
460023;2022-07-06;"quarta-feira";"12:50:00";"RJ";116;165;"RIO DE JANEIRO";"Acessar a via sem observar a presença dos outros veículos";"Colisão lateral mesmo sentido";"Sem Vítimas";"Pleno dia";"Crescente";"Céu Claro";"Dupla";"Reta";"Sim";2;0;0;0;2;0;0;2;-22,81548519;-43,29087405;"SPRF-RJ";"DEL01-RJ";"UOP02-DEL01-RJ"
460024;2022-07-06;"quarta-feira";"12:00:00";"RS";386;86,3;"LAJEADO DO BUGRE";"Desrespeitar a preferência no cruzamento";"Colisão transversal";"Sem Vítimas";"Pleno dia";"Decrescente";"Céu Claro";"Simples";"Curva";"Não";2;0;0;0;2;0;0;2;-27,72979923;-53,22996855;"SPRF-RS";"DEL08-RS";"UOP02-DEL08-RS"