"id";"data_inversa";"dia_semana";"horario";"uf";"br";"km";"municipio";"causa_acidente";"tipo_acidente";"classificacao_acidente";"fase_dia";"sentido_via";"condicao_metereologica";"tipo_pista";"tracado_via";"uso_solo";"pessoas";"mortos";"feridos_leves";"feridos_graves";"ilesos";"ignorados";"feridos";"veiculos";"latitude";"longitude";"regional";"delegacia";"uop"
460025;2022-07-06;"quarta-feira";"10:50:00";"MT";70;281;"PRIMAVERA DO LESTE";"Conversão proibida";"Colisão lateral sentido oposto";"Com Vítimas Feridas";"Pleno dia";"Decrescente";"Céu Claro";"Simples";"Reta";"Sim";2;0;1;0;1;0;1;2;-15,56702889;-54,30512706;"SPRF-MT";"DEL05-MT";"UOP01-DEL05-MT"
460026;2022-07-06;"quarta-feira";"13:00:00";"SC";470;57,9;"BLUMENAU";"Ausência de reação do condutor";"Colisão transversal";"Com Vítimas Feridas";"Pleno dia";"Decrescente";"Céu Claro";"Simples";"Retorno Regulamentado;Reta";"Sim";2;0;1;0;1;0;1;2;-26,88412447;-49,14658785;"SPRF-SC";"DEL04-SC";"UOP01-DEL04-SC"
460027;2022-02-27;"domingo";"13:20:00";"RJ";101;290;"ITABORAI";"Reação tardia ou ineficiente do condutor";"Colisão com objeto";"Com Vítimas Feridas";"Pleno dia";"Crescente";"Céu Claro";"Dupla";"Reta";"Não";2;0;2;0;0;0;2;1;-22,76708384;-42,86081305;"SPRF-RJ";"DEL02-RJ";"UOP02-DEL02-RJ"
460028;2022-03-22;"terça-feira";"05:00:00";"ES";101;145;"LINHARES";"Ausência de reação do condutor";"Colisão com objeto";"Com Vítimas Feridas";"Plena Noite";"Decrescente";"Ignorado";"Múltipla";"Reta";"Sim";1;0;1;0;0;0;1;1;-19,36311784;-40,06458521;"SPRF-ES";"DEL04-ES";"UOP01-DEL04-ES"
460033;2022-05-07;"sábado";"22:45:00";"DF";251;13,5;"BRASILIA";"Pedestre andava na pista";"Atropelamento de Pedestre";"Com Vítimas Fatais";"Plena Noite";"Decrescente";"Céu Claro";"Simples";"Reta";"Não";2;1;0;0;0;1;0;2;-15,954415;-47,596806;"SPRF-DF";"DEL01-DF";"UOP01-DEL01-DF"
460035;2022-07-06;"quarta-feira";"14:20:00";"PA";163;985;"SANTAREM";"Acessar a via sem observar a presença dos outros veículos";"Colisão transversal";"Com Vítimas Feridas";"Pleno dia";"Decrescente";"Chuva";"Simples";"Reta";"Não";3;0;2;0;1;0;2;2;-2,60170904;-54,7193154;"SPRF-PA";"DEL05-PA";"UOP01-DEL05-PA"
460038;2022-07-06;"quarta-feira";"13:40:00";"PR";376;180;"MARINGA";"Ausência de reação do condutor";"Colisão traseira";"Com Vítimas Feridas";"Pleno dia";"Decrescente";"Sol";"Dupla";"Reta";"Sim";2;0;1;0;1;0;1;2;-23,42234469;-51,90400064;"SPRF-PR";"DEL09-PR";"UOP01-DEL09-PR"
460040;2022-06-15;"quarta-feira";"22:20:00";"PR";277;728;"FOZ DO IGUACU";"Manobra de mudança de faixa";"Colisão lateral mesmo sentido";"Com Vítimas Feridas";"Plena Noite";"Crescente";"Céu Claro";"Dupla";"Reta";"Sim";2;0;2;0;0;0;2;2;-25,5097634;-54,57387201;"SPRF-PR";"DEL05-PR";"UOP03-DEL05-PR"
460041;2022-07-06;"quarta-feira";"10:45:00";"RJ";393;281,5;"VOLTA REDONDA";"Acessar a via sem observar a presença dos outros veículos";"Queda de ocupante de veículo";"Com Vítimas Feridas";"Pleno dia";"Decrescente";"Sol";"Simples";"Reta";"Sim";2;0;1;0;1;0;1;2;-22,48025569;-44,02974901;"SPRF-RJ";"DEL05-RJ";"UOP04-DEL05-RJ"
460042;2022-06-05;"domingo";"05:00:00";"PE";232;100,2;"BEZERROS";"Velocidade Incompatível";"Colisão com objeto";"Com Vítimas Feridas";"Amanhecer";"Crescente";"Céu Claro";"Dupla";"Reta";"Sim";1;0;1;0;0;0;1;1;-8,23835508;-35,74537039;"SPRF-PE";"DEL02-PE";"UOP02-DEL02PE"
460043;2022-07-06;"quarta-feira";"14:35:00";"CE";20;402;"CAUCAIA";"Conversão proibida";"Colisão frontal";"Com Vítimas Feridas";"Pleno dia";"Crescente";"Céu Claro";"Simples";"Reta";"Sim";2;0;2;0;0;0;2;2;-3,79855422;-38,71579485;"SPRF-CE";"DEL01-CE";"UOP01-DEL01-CE"
460045;2022-07-06;"quarta-feira";"14:45:00";"PR";277;147,5;"PALMEIRA";"Reação tardia ou ineficiente do condutor";"Atropelamento de Pedestre";"Com Vítimas Feridas";"Pleno dia";"Decrescente";"Céu Claro";"Simples";"Reta";"Não";2;0;0;1;1;0;1;2;-25,47289;-49,895964;"SPRF-PR";"DEL03-PR";"UOP03-DEL03-PR"
460048;2022-07-06;"quarta-feira";"10:45:00";"SC";153;99,1;"CONCORDIA";"Acessar a via sem observar a presença dos outros veículos";"Colisão transversal";"Com Vítimas Feridas";"Pleno dia";"Crescente";"Céu Claro";"Simples";"Reta";"Sim";4;0;3;0;1;0;3;2;-27,24168614;-51,95253253;"SPRF-SC";"DEL07-SC";"UOP04-DEL07-SC"
460054;2022-07-06;"quarta-feira";"16:20:00";"ES";101;258;"SERRA";"Condutor deixou de manter distância do veículo da frente";"Colisão traseira";"Com Vítimas Feridas";"Pleno dia";"Decrescente";"Céu Claro";"Simples";"Reta";"Não";2;0;1;0;1;0;1;2;-20,13059888;-40,2961019;"SPRF-ES";"DEL02-ES";"UOP01-DEL02-ES"
460056;2022-07-06;"quarta-feira";"16:50:00";"PR";373;179;"PONTA GROSSA";"Desrespeitar a preferência no cruzamento";"Colisão transversal";"Com Vítimas Feridas";"Pleno dia";"Crescente";"Céu Claro";"Dupla";"Reta";"Sim";2;0;0;1;1;0;1;2;-25,04168745;-50,24122417;"SPRF-PR";"DEL03-PR";"UOP01-DEL03-PR"
460059;2022-07-06;"quarta-feira";"13:10:00";"PE";232;334,8;"CUSTODIA";"Acostamento em desnível";"Queda de ocupante de veículo";"Com Vítimas Feridas";"Pleno dia";"Crescente";"Nublado";"Simples";"Reta";"Sim";1;0;1;0;0;0;1;1;-8,08748731;-37,6361501;"SPRF-PE";"DEL04-PE";"UOP02-DEL04-PE"
460060;2022-07-06;"quarta-feira";"14:45:00";"RJ";493;87;"DUQUE DE CAXIAS";"Ausência de reação do condutor";"Saída de leito carroçável";"Com Vítimas Feridas";"Pleno dia";"Crescente";"Céu Claro";"Dupla";"Curva";"Não";1;0;1;0;0;0;1;1;-22,672089;-43,285053;"SPRF-RJ";"DEL01-RJ";"UOP03-DEL01-RJ"
460063;2022-07-06;"quarta-feira";"05:40:00";"RR";174;106;"RORAINOPOLIS";"Chuva";"Saída de leito carroçável";"Com Vítimas Feridas";"Amanhecer";"Decrescente";"Chuva";"Simples";"Curva";"Não";2;0;2;0;0;0;2;1;0,045365;-60,635147;"SPRF-RR";"DEL01-RR";"UOP01-DEL01-RR"
460066;2022-07-06;"quarta-feira";"17:00:00";"DF";20;57;"BRASILIA";"Reação tardia ou ineficiente do condutor";"Capotamento";"Com Vítimas Feridas";"Anoitecer";"Decrescente";"Céu Claro";"Dupla";"Declive";"Não";2;0;2;0;0;0;2;1;-15,583027;-47,367081;"SPRF-DF";"DEL02-DF";"UOP01-DEL02-DF"
460067;2022-07-06;"quarta-feira";"17:20:00";"ES";101;147,8;"LINHARES";"Trafegar com motocicleta (ou similar) entre as faixas";"Colisão traseira";"Com Vítimas Feridas";"Anoitecer";"Crescente";"Céu Claro";"Dupla";"Reta";"Sim";2;0;0;1;1;0;1;2;-19,37243691;-40,06612128;"SPRF-ES";"DEL04-ES";"UOP01-DEL04-ES"
460068;2022-07-06;"quarta-feira";"17:40:00";"PB";230;89,6;"GURINHEM";"Afundamento ou ondulação no pavimento";"Tombamento";"Com Vítimas Feridas";"Plena Noite";"Decrescente";"Céu Claro";"Dupla";"Reta";"Sim";2;0;2;0;0;0;2;1;-7,1708;-35,3831;"SPRF-PB";"DEL01-PB";"UOP03-DEL01-PB"
460069;2022-07-06;"quarta-feira";"13:48:00";"AC";364;314;"SENA MADUREIRA";"Pista esburacada";"Colisão traseira";"Sem Vítimas";"Pleno dia";"Decrescente";"Céu Claro";"Simples";"Reta";"Não";2;0;0;0;2;0;0;2;-8,97403619;-69,01799904;"SPRF-AC";"DEL01-AC";"UOP01-DEL01-AC"
460071;2022-07-06;"quarta-feira";"17:45:00";"SC";280;128,2;"RIO NEGRINHO";"Desrespeitar a preferência no cruzamento";"Colisão transversal";"Sem Vítimas";"Anoitecer";"Crescente";"Nublado";"Simples";"Reta";"Sim";2;0;0;0;2;0;0;2;-26,23943953;-49,50420708;"SPRF-SC";"DEL06-SC";"UOP03-DEL06-SC"
460072;2022-07-06;"quarta-feira";"18:40:00";"MG";381;1;"BETIM";"Avarias e/ou desgaste excessivo no pneu";"Eventos atípicos";"Com Vítimas Feridas";"Plena Noite";"Crescente";"Céu Claro";"Dupla";"Reta";"Sim";2;0;2;0;0;0;2;1;-19,97609148;-44,16061878;"SPRF-MG";"DEL01-MG";"UOP03-DEL01-MG"
460073;2022-07-06;"quarta-feira";"17:50:00";"PR";369;144,7;"LONDRINA";"Condutor deixou de manter distância do veículo da frente";"Colisão traseira";"Com Vítimas Feridas";"Anoitecer";"Decrescente";"Céu Claro";"Dupla";"Reta";"Não";2;0;0;1;0;1;1;2;-23,29347593;-51,10951424;"SPRF-PR";"DEL07-PR";"UOP01-DEL07-PR"
460075;2022-07-06;"quarta-feira";"17:40:00";"RO";364;13,4;"VILHENA";"Reação tardia ou ineficiente do condutor";"Colisão transversal";"Com Vítimas Feridas";"Anoitecer";"Crescente";"Céu Claro";"Dupla";"Reta";"Sim";2;0;2;0;0;0;2;2;-12,74140004;-60,13026401;"SPRF-RO";"DEL04-RO";"UOP01-DEL04-RO"
460076;2022-07-06;"quarta-feira";"18:15:00";"PB";230;20,5;"JOAO PESSOA";"Chuva";"Tombamento";"Com Vítimas Feridas";"Plena Noite";"Crescente";"Chuva";"Dupla";"Reta";"Sim";1;0;1;0;0;0;1;1;-7,1415;-34,8519;"SPRF-PB";"DEL01-PB";"UOP01-DEL01-PB"
460077;2022-07-06;"quarta-feira";"17:30:00";"MS";163;479;"CAMPO GRANDE";"Reação tardia ou ineficiente do condutor";"Colisão traseira";"Com Vítimas Feridas";"Plena Noite";"Crescente";"Céu Claro";"Simples";"Reta";"Sim";3;0;1;1;1;0;2;2;-20,4821501;-54,55939293;"SPRF-MS";"DEL01-MS";"UOP01-DEL01-MS"
460079;2022-07-06;"quarta-feira";"18:15:00";"SC";101;206;"SAO JOSE";"Manobra de mudança de faixa";"Colisão lateral mesmo sentido";"Com Vítimas Feridas";"Pleno dia";"Crescente";"Nublado";"Múltipla";"Reta";"Não";2;0;1;0;1;0;1;2;-27,59193546;-48,61824557;"SPRF-SC";"DEL01-SC";"UOP01-DEL01-SC"
460080;2022-07-06;"quarta-feira";"18:45:00";"SP";116;222;"GUARULHOS";"Reação tardia ou ineficiente do condutor";"Colisão traseira";"Sem Vítimas";"Plena Noite";"Decrescente";"Nublado";"Múltipla";"Reta";"Sim";3;0;0;0;3;0;0;3;-23,47093408;-46,51631097;"SPRF-SP";"DEL01-SP";"UOP01-DEL01-SP"
460081;2022-07-06;"quarta-feira";"18:35:00";"MG";146;488;"POCOS DE CALDAS";"Deficiência do Sistema de Iluminação/Sinalização";"Colisão traseira";"Com Vítimas Feridas";"Plena Noite";"Crescente";"Céu Claro";"Simples";"Reta";"Não";3;0;2;0;1;0;2;3;-21,80572703;-46,45689011;"SPRF-MG";"DEL09-MG";"UOP01-DEL09-MG"
460082;2022-07-06;"quarta-feira";"18:00:00";"BA";324;622;"SALVADOR";"Manobra de mudança de faixa";"Colisão lateral mesmo sentido";"Sem Vítimas";"Plena Noite";"Decrescente";"Nublado";"Dupla";"Reta";"Sim";2;0;0;0;2;0;0;2;-12,91888605;-38,46502095;"SPRF-BA";"DEL01-BA";"UOP01-DEL01-BA"
460083;2022-07-06;"quarta-feira";"17:45:00";"SC";470;64,9;"INDAIAL";"Ausência de reação do condutor";"Colisão transversal";"Com Vítimas Feridas";"Anoitecer";"Decrescente";"Céu Claro";"Simples";"Reta";"Sim";2;0;0;1;1;0;1;2;-26,87050655;-49,21324611;"SPRF-SC";"DEL04-SC";"UOP01-DEL04-SC"
460084;2022-07-06;"quarta-feira";"18:20:00";"RJ";40;110;"DUQUE DE CAXIAS";"Reação tardia ou ineficiente do condutor";"Colisão traseira";"Com Vítimas Feridas";"Plena Noite";"Decrescente";"Céu Claro";"Múltipla";"Reta";"Sim";2;0;1;0;1;0;1;2;-22,68289906;-43,28549346;"SPRF-RJ";"DEL01-RJ";"UOP01-DEL01-RJ"
460086;2022-07-06;"quarta-feira";"18:15:00";"GO";40;2,3;"VALPARAISO DE GOIAS";"Reação tardia ou ineficiente do condutor";"Tombamento";"Com Vítimas Feridas";"Plena Noite";"Crescente";"Céu Claro";"Dupla";"Reta";"Sim";1;0;1;0;0;0;1;1;-16,07091686;-47,98498414;"SPRF-DF";"DEL01-DF";"UOP01-DEL01-DF"
460087;2022-07-06;"quarta-feira";"18:10:00";"MG";40;529;"CONTAGEM";"Reação tardia ou ineficiente do condutor";"Colisão lateral mesmo sentido";"Com Vítimas Feridas";"Plena Noite";"Crescente";"Céu Claro";"Dupla";"Declive;Reta";"Sim";2;0;0;1;1;0;1;2;-19,91635592;-44,03966566;"SPRF-MG";"DEL01-MG";"UOP02-DEL01-MG"
460088;2022-07-06;"quarta-feira";"18:30:00";"GO";40;6,5;"VALPARAISO DE GOIAS";"Manobra de mudança de faixa";"Colisão lateral mesmo sentido";"Com Vítimas Feridas";"Plena Noite";"Crescente";"Céu Claro";"Dupla";"Reta";"Sim";2;0;1;0;1;0;1;2;-16,100814;-47,977351;"SPRF-DF";"DEL01-DF";"UOP01-DEL01-DF"
460089;2022-07-06;"quarta-feira";"19:00:00";"RJ";116;114;"MAGE";"Entrada inopinada do pedestre";"Atropelamento de Pedestre";"Com Vítimas Feridas";"Plena Noite";"Crescente";"Céu Claro";"Dupla";"Reta";"Não";2;0;0;1;1;0;1;2;-22,58009519;-43,0114958;"SPRF-RJ";"DEL04-RJ";"UOP02-DEL04-RJ"
460090;2022-07-06;"quarta-feira";"17:40:00";"MG";381;488;"BETIM";"Velocidade Incompatível";"Tombamento";"Com Vítimas Feridas";"Pleno dia";"Crescente";"Céu Claro";"Dupla";"Reta";"Não";1;0;1;0;0;0;1;1;-19,95628656;-44,13516998;"SPRF-MG";"DEL01-MG";"UOP03-DEL01-MG"
460091;2022-07-06;"quarta-feira";"15:45:00";"MG";262;830,5;"UBERABA";"Reação tardia ou ineficiente do condutor";"Saída de leito carroçável";"Com Vítimas Feridas";"Pleno dia";"Decrescente";"Céu Claro";"Dupla";"Reta";"Não";1;0;1;0;0;0;1;1;-19,74481873;-48,18297381;"SPRF-MG";"DEL13-MG";"UOP01-DEL13-MG"
460092;2022-07-06;"quarta-feira";"16:45:00";"SC";0;0;"SOMBRIO";"Reação tardia ou ineficiente do condutor";"Colisão transversal";"Sem Vítimas";"Pleno dia";"Não Informado";"Céu Claro";"Simples";"Interseção de Vias";"Sim";3;0;0;0;3;0;0;2;-29,11278607;-49,64147151;"SPRF-SC";"DEL02-SC";"UOP02-DEL02-SC"
460093;2022-07-06;"quarta-feira";"19:15:00";"PE";101;76;"RECIFE";"Área urbana sem a presença de local apropriado para a travessia de pedestres";"Atropelamento de Pedestre";"Com Vítimas Fatais";"Plena Noite";"Decrescente";"Céu Claro";"Dupla";"Reta";"Sim";3;1;0;1;0;1;1;3;-8,120599;-34,942822;"SPRF-PE";"DEL01-PE";"UOP01-DEL01-PE"
460094;2022-07-06;"quarta-feira";"16:00:00";"BA";116;526;"ITATIM";"Ultrapassagem Indevida";"Colisão frontal";"Com Vítimas Feridas";"Pleno dia";"Crescente";"Nublado";"Simples";"Reta";"Não";5;0;2;3;0;0;5;2;-12,708128;-39,728695;"SPRF-BA";"DEL03-BA";"UOP02-DEL03-BA"
460096;2022-07-06;"quarta-feira";"17:30:00";"SC";470;48;"BLUMENAU";"Avarias e/ou desgaste excessivo no pneu";"Tombamento";"Com Vítimas Feridas";"Anoitecer";"Decrescente";"Céu Claro";"Dupla";"Curva";"Não";1;0;0;1;0;0;1;1;-26,859823;-49,055393;"SPRF-SC";"DEL04-SC";"UOP01-DEL04-SC"
460102;2022-07-06;"quarta-feira";"20:30:00";"MG";40;708,5;"BARBACENA";"Demais falhas mecânicas ou elétricas";"Incêndio";"Sem Vítimas";"Plena Noite";"Decrescente";"Céu Claro";"Dupla";"Reta;Aclive";"Não";1;0;0;0;1;0;0;1;-21,239364;-43,699709;"SPRF-MG";"DEL05-MG";"UOP02-DEL05-MG"
460103;2022-07-06;"quarta-feira";"19:50:00";"CE";116;23,7;"AQUIRAZ";"Velocidade Incompatível";"Colisão com objeto";"Com Vítimas Fatais";"Plena Noite";"Decrescente";"Chuva";"Dupla";"Curva;Declive";"Não";2;1;0;1;0;0;1;1;-3,95489497;-38,5125947;"SPRF-CE";"DEL01-CE";"UOP02-DEL01-CE"
460104;2022-07-06;"quarta-feira";"19:30:00";"MT";163;758;"SORRISO";"Acessar a via sem observar a presença dos outros veículos";"Colisão transversal";"Sem Vítimas";"Plena Noite";"Decrescente";"Céu Claro";"Dupla";"Retorno Regulamentado;Reta";"Sim";2;0;0;0;2;0;0;2;-12,5089525;-55,69375884;"SPRF-MT";"DEL06-MT";"UOP01-DEL06-MT"
460106;2022-07-06;"quarta-feira";"18:00:00";"SC";101;25,3;"JOINVILLE";"Reação tardia ou ineficiente do condutor";"Colisão lateral mesmo sentido";"Com Vítimas Feridas";"Plena Noite";"Decrescente";"Céu Claro";"Dupla";"Reta";"Sim";2;0;1;0;1;0;1;2;-26,1834739;-48,9105912;"SPRF-SC";"DEL03-SC";"UOP01-DEL03-SC"
460107;2022-07-06;"quarta-feira";"21:40:00";"PR";369;90;"CORNELIO PROCOPIO";"Transitar na contramão";"Colisão traseira";"Com Vítimas Feridas";"Plena Noite";"Decrescente";"Céu Claro";"Dupla";"Reta";"Sim";4;0;0;2;2;0;2;2;-23,19494165;-50,65182209;"SPRF-PR";"DEL07-PR";"UOP01-DEL07-PR"
460112;2022-07-06;"quarta-feira";"21:45:00";"RJ";116;1;"CARMO";"Reação tardia ou ineficiente do condutor";"Colisão frontal";"Com Vítimas Feridas";"Plena Noite";"Crescente";"Céu Claro";"Simples";"Curva";"Sim";3;0;1;0;2;0;1;2;-21,87743576;-42,67292698;"SPRF-RJ";"DEL05-RJ";"UOP01-DEL05-RJ"
460114;2022-01-26;"quarta-feira";"00:15:00";"BA";407;1,2;"JUAZEIRO";"Acostamento em desnível";"Colisão com objeto";"Com Vítimas Feridas";"Plena Noite";"Crescente";"Chuva";"Simples";"Reta";"Sim";2;0;2;0;0;0;2;1;-9,41845604;-40,50725978;"SPRF-PE";"DEL06-PE";"UOP01-DEL06-PE"
460117;2022-07-06;"quarta-feira";"20:30:00";"PI";407;431;"GEMINIANO";"Ausência de reação do condutor";"Saída de leito carroçável";"Com Vítimas Feridas";"Plena Noite";"Decrescente";"Céu Claro";"Simples";"Curva";"Não";1;0;1;0;0;0;1;1;-7,13306381;-41,38593781;"SPRF-PI";"DEL04-PI";"UOP01-DEL04-PI"
460119;2022-07-06;"quarta-feira";"18:30:00";"RS";290;215;"PANTANO GRANDE";"Desrespeitar a preferência no cruzamento";"Colisão transversal";"Com Vítimas Feridas";"Plena Noite";"Decrescente";"Céu Claro";"Simples";"Interseção de Vias";"Sim";3;0;2;0;1;0;2;2;-30,188616;-52,366409;"SPRF-RS";"DEL02-RS";"UOP03-DEL02-RS"
460120;2022-07-06;"quarta-feira";"21:00:00";"SC";101;304,8;"LAGUNA";"Pedestre andava na pista";"Atropelamento de Pedestre";"Com Vítimas Feridas";"Plena Noite";"Crescente";"Céu Claro";"Múltipla";"Reta";"Não";2;0;0;1;0;1;1;2;-28,39343904;-48,77994061;"SPRF-SC";"DEL02-SC";"UOP03-DEL02-SC"
460121;2022-05-31;"terça-feira";"18:49:00";"ES";101;146;"LINHARES";"Condutor deixou de manter distância do veículo da frente";"Colisão traseira";"Com Vítimas Feridas";"Plena Noite";"Crescente";"Céu Claro";"Múltipla";"Reta";"Sim";3;0;2;0;1;0;2;2;-19,36990998;-40,06560718;"SPRF-ES";"DEL04-ES";"UOP01-DEL04-ES"
460123;2022-07-06;"quarta-feira";"22:50:00";"PR";376;104;"PARANAVAI";"Velocidade Incompatível";"Colisão com objeto";"Com Vítimas Feridas";"Plena Noite";"Crescente";"Céu Claro";"Dupla";"Reta";"Sim";1;0;0;1;0;0;1;1;-23,04924943;-52,45396614;"SPRF-PR";"DEL09-PR";"UOP02-DEL09-PR"
460124;2022-07-06;"quarta-feira";"22:40:00";"RJ";40;110;"DUQUE DE CAXIAS";"Manobra de mudança de faixa";"Colisão lateral mesmo sentido";"Com Vítimas Feridas";"Plena Noite";"Crescente";"Céu Claro";"Múltipla";"Reta";"Sim";4;0;3;0;0;1;3;1;-22,68289906;-43,28549346;"SPRF-RJ";"DEL01-RJ";"UOP01-DEL01-RJ"
460125;2022-07-06;"quarta-feira";"23:00:00";"GO";60;104,6;"GOIANAPOLIS";"Deficiência do Sistema de Iluminação/Sinalização";"Colisão traseira";"Com Vítimas Feridas";"Plena Noite";"Crescente";"Céu Claro";"Dupla";"Curva;Declive";"Não";3;0;2;0;1;0;2;2;-16,41356159;-49,00641203;"SPRF-GO";"DEL02-GO";"UOP01-DEL02-GO"
460126;2022-07-06;"quarta-feira";"21:10:00";"MA";226;306,5;"BARRA DO CORDA";"Ingestão de álcool pelo condutor";"Colisão transversal";"Com Vítimas Feridas";"Plena Noite";"Crescente";"Céu Claro";"Simples";"Reta";"Sim";2;0;2;0;0;0;2;2;-5,46803891;-45,28368284;"SPRF-MA";"DEL06-MA";"UOP01-DEL06-MA"
460127;2022-07-06;"quarta-feira";"21:00:00";"PI";230;167;"SAO JOAO DA VARJOTA";"Condutor deixou de manter distância do veículo da frente";"Colisão traseira";"Com Vítimas Feridas";"Plena Noite";"Decrescente";"Céu Claro";"Simples";"Reta";"Não";4;0;2;0;2;0;2;2;-6,93059249;-41,87673511;"SPRF-PI";"DEL04-PI";"UOP01-DEL04-PI"
460129;2022-07-06;"quarta-feira";"23:00:00";"CE";222;49;"SAO GONCALO DO AMARANTE";"Acumulo de água sobre o pavimento";"Saída de leito carroçável";"Com Vítimas Feridas";"Plena Noite";"Crescente";"Chuva";"Simples";"Curva";"Não";2;0;2;0;0;0;2;1;-3,66721366;-38,98364299;"SPRF-CE";"DEL01-CE";"UOP03-DEL01-CE"
460131;2022-07-07;"quinta-feira";"01:45:00";"SP";153;73,4;"BADY BASSITT";"Condutor Dormindo";"Saída de leito carroçável";"Sem Vítimas";"Plena Noite";"Decrescente";"Céu Claro";"Dupla";"Reta;Aclive";"Não";1;0;0;0;1;0;0;1;-20,87627206;-49,42004692;"SPRF-SP";"DEL09-SP";"UOP01-DEL09-SP"
460132;2022-05-10;"terça-feira";"17:43:00";"PB";230;77;"SOBRADO";"Transitar na contramão";"Colisão frontal";"Com Vítimas Feridas";"Anoitecer";"Crescente";"Nublado";"Dupla";"Reta";"Não";2;0;1;1;0;0;2;2;-7,1869;-35,2871;"SPRF-PB";"DEL01-PB";"UOP03-DEL01-PB"
460133;2022-07-07;"quinta-feira";"02:15:00";"RJ";101;313;"SAO GONCALO";"Ingestão de álcool pelo condutor";"Colisão com objeto";"Sem Vítimas";"Plena Noite";"Crescente";"Nublado";"Simples";"Reta";"Sim";2;0;0;0;2;0;0;1;-22,81049093;-43,06983304;"SPRF-RJ";"DEL02-RJ";"UOP02-DEL02-RJ"
460134;2022-07-07;"quinta-feira";"02:12:00";"SC";101;203,1;"SAO JOSE";"Acumulo de areia ou detritos sobre o pavimento";"Queda de ocupante de veículo";"Com Vítimas Feridas";"Plena Noite";"Decrescente";"Céu Claro";"Dupla";"Rotatória";"Não";1;0;1;0;0;0;1;1;-27,5650044;-48,61460082;"SPRF-SC";"DEL01-SC";"UOP01-DEL01-SC"
460135;2022-07-06;"quarta-feira";"21:00:00";"RO";364;408,4;"JARU";"Ultrapassagem Indevida";"Colisão lateral sentido oposto";"Com Vítimas Feridas";"Plena Noite";"Crescente";"Céu Claro";"Simples";"Declive;Reta";"Não";3;0;1;1;1;0;2;2;-10,54748897;-62,38804996;"SPRF-RO";"DEL03-RO";"UOP02-DEL03-RO"
460136;2022-07-07;"quinta-feira";"03:45:00";"RJ";101;391;"RIO DE JANEIRO";"Animais na Pista";"Atropelamento de Animal";"Sem Vítimas";"Plena Noite";"Decrescente";"Nublado";"Dupla";"Reta";"Sim";1;0;0;0;1;0;0;1;-22,894827;-43,68492;"SPRF-RJ";"DEL03-RJ";"UOP01-DEL03-RJ"
460138;2022-07-07;"quinta-feira";"04:42:00";"DF";70;6,3;"BRASILIA";"Condutor Dormindo";"Colisão traseira";"Sem Vítimas";"Plena Noite";"Crescente";"Céu Claro";"Dupla";"Reta";"Não";2;0;0;0;2;0;0;2;-15,78989665;-48,10866063;"SPRF-DF";"DEL03-DF";"UOP02-DEL03-DF"
460139;2022-07-07;"quinta-feira";"04:00:00";"PR";369;439,3;"UBIRATA";"Reação tardia ou ineficiente do condutor";"Queda de ocupante de veículo";"Com Vítimas Feridas";"Plena Noite";"Crescente";"Céu Claro";"Simples";"Reta";"Não";1;0;0;1;0;0;1;1;-24,5074;-52,9186;"SPRF-PR";"DEL04-PR";"UOP03-DEL04-PR"
460140;2022-07-06;"quarta-feira";"22:00:00";"GO";80;170;"URUACU";"Deficiência do Sistema de Iluminação/Sinalização";"Colisão lateral mesmo sentido";"Com Vítimas Feridas";"Plena Noite";"Crescente";"Céu Claro";"Simples";"Reta";"Não";2;0;1;0;1;0;1;2;-14,65899385;-49,16244507;"SPRF-GO";"DEL07-GO";"UOP01-DEL07-GO"
460141;2022-07-07;"quinta-feira";"04:10:00";"BA";242;2;"BARREIRAS";"Pedestre andava na pista";"Atropelamento de Pedestre";"Com Vítimas Fatais";"Plena Noite";"Decrescente";"Céu Claro";"Simples";"Reta";"Sim";3;1;0;0;0;2;0;2;-12,123472;-44,950985;"SPRF-BA";"DEL10-BA";"UOP01-DEL10-BA"
460144;2022-07-07;"quinta-feira";"05:20:00";"RJ";101;93;"CAMPOS DOS GOYTACAZES";"Reação tardia ou ineficiente do condutor";"Colisão com objeto";"Sem Vítimas";"Amanhecer";"Crescente";"Céu Claro";"Dupla";"Curva";"Não";1;0;0;0;1;0;0;1;-21,86012905;-41,53283293;"SPRF-RJ";"DEL08-RJ";"UOP02-DEL08-RJ"
460145;2022-07-07;"quinta-feira";"04:50:00";"MG";116;778,3;"LEOPOLDINA";"Reação tardia ou ineficiente do condutor";"Saída de leito carroçável";"Com Vítimas Feridas";"Plena Noite";"Decrescente";"Céu Claro";"Simples";"Curva";"Não";2;0;1;0;1;0;1;1;-21,60159985;-42,69912624;"SPRF-MG";"DEL07-MG";"UOP01-DEL07-MG"
460149;2022-07-07;"quinta-feira";"06:40:00";"SC";101;207,8;"SAO JOSE";"Condutor deixou de manter distância do veículo da frente";"Colisão traseira";"Com Vítimas Feridas";"Pleno dia";"Decrescente";"Céu Claro";"Simples";"Reta";"Não";4;0;2;0;2;0;2;2;-27,60001226;-48,6226467;"SPRF-SC";"DEL01-SC";"UOP01-DEL01-SC"
460150;2022-07-07;"quinta-feira";"02:30:00";"RS";470;248,7;"BARAO";"Transitar na contramão";"Colisão frontal";"Sem Vítimas";"Plena Noite";"Decrescente";"Nublado";"Simples";"Curva";"Sim";3;0;0;0;3;0;0;2;-29,40081477;-51,50300503;"SPRF-RS";"DEL06-RS";"UOP01-DEL06-RS"