"id";"data_inversa";"dia_semana";"horario";"uf";"br";"km";"municipio";"causa_acidente";"tipo_acidente";"classificacao_acidente";"fase_dia";"sentido_via";"condicao_metereologica";"tipo_pista";"tracado_via";"uso_solo";"pessoas";"mortos";"feridos_leves";"feridos_graves";"ilesos";"ignorados";"feridos";"veiculos";"latitude";"longitude";"regional";"delegacia";"uop"
460524;2022-07-08;"sexta-feira";"22:00:00";"SP";116;211,5;"GUARULHOS";"Ingestão de álcool pelo condutor";"Colisão traseira";"Sem Vítimas";"Plena Noite";"Decrescente";"Céu Claro";"Múltipla";"Reta";"Sim";2;0;0;0;2;0;0;2;-23,4324306;-46,4194352;"SPRF-SP";"DEL01-SP";"UOP01-DEL01-SP"
460525;2022-07-08;"sexta-feira";"08:55:00";"MT";163;750;"SORRISO";"Reação tardia ou ineficiente do condutor";"Tombamento";"Com Vítimas Feridas";"Pleno dia";"Decrescente";"Céu Claro";"Dupla";"Retorno Regulamentado";"Não";1;0;1;0;0;0;1;1;-12,59863244;-55,74769199;"SPRF-MT";"DEL06-MT";"UOP01-DEL06-MT"
460529;2022-07-08;"sexta-feira";"22:37:00";"RS";386;359,3;"ESTRELA";"Reação tardia ou ineficiente do condutor";"Saída de leito carroçável";"Sem Vítimas";"Plena Noite";"Crescente";"Céu Claro";"Simples";"Reta";"Não";1;0;0;0;1;0;0;1;-29,544571;-51,910734;"SPRF-RS";"DEL04-RS";"UOP02-DEL04-RS"
460531;2022-07-08;"sexta-feira";"21:33:00";"MS";163;503,5;"JARAGUARI";"Pedestre cruzava a pista fora da faixa";"Atropelamento de Pedestre";"Com Vítimas Fatais";"Plena Noite";"Crescente";"Céu Claro";"Dupla";"Reta";"Não";2;1;0;0;0;1;0;2;-20,30248229;-54,5053525;"SPRF-MS";"DEL01-MS";"UOP02-DEL01-MS"
460534;2022-07-08;"sexta-feira";"18:10:00";"MA";222;673,8;"ACAILANDIA";"Ingestão de álcool pelo condutor";"Colisão lateral mesmo sentido";"Com Vítimas Feridas";"Anoitecer";"Decrescente";"Céu Claro";"Simples";"Reta";"Sim";3;0;2;0;1;0;2;3;-4,94542032;-47,4729538;"SPRF-MA";"DEL04-MA";"UOP03-DEL04-MA"
460535;2022-07-08;"sexta-feira";"22:20:00";"SC";101;378;"ICARA";"Desrespeitar a preferência no cruzamento";"Colisão transversal";"Com Vítimas Feridas";"Plena Noite";"Decrescente";"Céu Claro";"Simples";"Curva;Retorno Regulamentado;Interseção de Vias";"Não";4;0;1;0;3;0;1;2;-28,741853;-49,251657;"SPRF-SC";"DEL02-SC";"UOP02-DEL02-SC"
460536;2022-07-08;"sexta-feira";"22:06:00";"ES";259;62;"COLATINA";"Acumulo de areia ou detritos sobre o pavimento";"Tombamento";"Com Vítimas Feridas";"Plena Noite";"Decrescente";"Nublado";"Simples";"Curva";"Não";1;0;1;0;0;0;1;1;-19,53124185;-40,68990791;"SPRF-ES";"DEL02-ES";"UOP01-DEL02-ES"
460537;2022-07-08;"sexta-feira";"21:30:00";"PR";369;153;"LONDRINA";"Condutor desrespeitou a iluminação vermelha do semáforo";"Colisão transversal";"Com Vítimas Fatais";"Plena Noite";"Crescente";"Céu Claro";"Múltipla";"Reta;Retorno Regulamentado";"Sim";4;1;0;0;1;2;0;3;-23,297935;-51,19648;"SPRF-PR";"DEL07-PR";"UOP01-DEL07-PR"
460539;2022-07-08;"sexta-feira";"19:00:00";"MG";153;33,5;"CANAPOLIS";"Ausência de reação do condutor";"Incêndio";"Sem Vítimas";"Plena Noite";"Crescente";"Vento";"Dupla";"Reta";"Não";1;0;0;0;1;0;0;1;-18,70335014;-49,14238824;"SPRF-MG";"DEL15-MG";"UOP03-DEL15-MG"
460541;2022-07-08;"sexta-feira";"09:00:00";"AL";101;238;"PORTO REAL DO COLEGIO";"Pista Escorregadia";"Saída de leito carroçável";"Com Vítimas Feridas";"Pleno dia";"Decrescente";"Chuva";"Dupla";"Reta";"Não";1;0;1;0;0;0;1;1;-10,12962886;-36,79709715;"SPRF-AL";"DEL02-AL";"UOP02-DEL02-AL"
460542;2022-07-08;"sexta-feira";"22:10:00";"GO";153;435,3;"ANAPOLIS";"Pedestre andava na pista";"Atropelamento de Pedestre";"Com Vítimas Fatais";"Plena Noite";"Crescente";"Céu Claro";"Simples";"Curva;Aclive";"Sim";3;1;0;0;1;1;0;2;-16,2898859;-48,93625975;"SPRF-GO";"DEL02-GO";"UOP01-DEL02-GO"
460545;2022-07-08;"sexta-feira";"20:50:00";"RJ";101;322;"NITEROI";"Frear bruscamente";"Colisão com objeto";"Com Vítimas Feridas";"Pleno dia";"Decrescente";"Céu Claro";"Dupla";"Reta";"Sim";1;0;1;0;0;0;1;1;-22,878923;-43,110676;"SPRF-RJ";"DEL02-RJ";"UOP01-DEL02-RJ"
460547;2022-07-08;"sexta-feira";"23:45:00";"RS";285;467,7;"IJUI";"Ingestão de álcool pelo condutor";"Colisão lateral sentido oposto";"Com Vítimas Feridas";"Plena Noite";"Decrescente";"Céu Claro";"Simples";"Reta";"Não";3;0;1;0;2;0;1;2;-28,393915;-53,97274;"SPRF-RS";"DEL10-RS";"UOP01-DEL10-RS"
460550;2022-07-08;"sexta-feira";"22:00:00";"PI";343;190;"PIRIPIRI";"Ingestão de álcool pelo condutor";"Saída de leito carroçável";"Sem Vítimas";"Plena Noite";"Decrescente";"Céu Claro";"Simples";"Reta";"Não";1;0;0;0;1;0;0;1;-4,320168;-41,782341;"SPRF-PI";"DEL02-PI";"UOP01-DEL02-PI"
460552;2022-07-09;"sábado";"00:51:00";"ES";262;159;"IBATIBA";"Desrespeitar a preferência no cruzamento";"Colisão transversal";"Com Vítimas Feridas";"Pleno dia";"Decrescente";"Ignorado";"Simples";"Reta";"Sim";3;0;1;0;0;2;1;2;-20,23362208;-41,5053348;"SPRF-ES";"DEL01-ES";"UOP02-DEL01-ES"
460555;2022-07-08;"sexta-feira";"23:50:00";"PR";376;32;"NOVA LONDRINA";"Velocidade Incompatível";"Colisão frontal";"Com Vítimas Fatais";"Plena Noite";"Crescente";"Céu Claro";"Simples";"Curva";"Sim";5;2;3;0;0;0;3;2;-22,78090992;-52,98680305;"SPRF-PR";"DEL09-PR";"UOP02-DEL09-PR"
460556;2022-07-09;"sábado";"01:00:00";"GO";60;36,8;"ALEXANIA";"Velocidade Incompatível";"Queda de ocupante de veículo";"Com Vítimas Feridas";"Plena Noite";"Decrescente";"Céu Claro";"Dupla";"Reta";"Não";1;0;1;0;0;0;1;1;-16,1119;-48,5299;"SPRF-DF";"DEL03-DF";"UOP01-DEL03-DF"
460557;2022-05-15;"domingo";"17:00:00";"AM";174;914;"MANAUS";"Ausência de reação do condutor";"Colisão traseira";"Sem Vítimas";"Pleno dia";"Crescente";"Céu Claro";"Simples";"Declive";"Não";3;0;0;0;3;0;0;2;-2,70822467;-60,04866149;"SPRF-AM";"DEL01-AM";"UOP01-DEL01-AM"
460558;2022-07-09;"sábado";"01:10:00";"PI";343;4;"TERESINA";"Acessar a via sem observar a presença dos outros veículos";"Colisão transversal";"Sem Vítimas";"Plena Noite";"Crescente";"Céu Claro";"Dupla";"Aclive";"Sim";2;0;0;0;1;1;0;2;-5,089569;-42,802288;"SPRF-PI";"DEL01-PI";"UOP01-DEL01-PI"
460560;2022-07-09;"sábado";"02:20:00";"SP";116;224;"GUARULHOS";"Ausência de reação do condutor";"Colisão traseira";"Com Vítimas Feridas";"Plena Noite";"Crescente";"Céu Claro";"Múltipla";"Reta";"Sim";3;0;2;0;1;0;2;2;-23,48071896;-46,53271603;"SPRF-SP";"DEL01-SP";"UOP01-DEL01-SP"
460562;2022-07-09;"sábado";"02:15:00";"RJ";116;167;"SAO JOAO DE MERITI";"Reação tardia ou ineficiente do condutor";"Capotamento";"Com Vítimas Feridas";"Plena Noite";"Decrescente";"Céu Claro";"Múltipla";"Reta";"Sim";2;0;1;0;1;0;1;1;-22,81803977;-43,30787252;"SPRF-RJ";"DEL01-RJ";"UOP02-DEL01-RJ"
460565;2022-07-09;"sábado";"01:20:00";"GO";153;511;"APARECIDA DE GOIANIA";"Condutor Dormindo";"Colisão com objeto";"Com Vítimas Feridas";"Plena Noite";"Crescente";"Céu Claro";"Dupla";"Reta";"Não";1;0;1;0;0;0;1;1;-16,8067;-49,2394;"SPRF-GO";"DEL01-GO";"UOP03-DEL01-GO"
460567;2022-07-09;"sábado";"23:50:00";"MS";60;181;"CAMAPUA";"Ingestão de álcool pelo condutor";"Colisão lateral sentido oposto";"Com Vítimas Feridas";"Plena Noite";"Decrescente";"Céu Claro";"Simples";"Curva";"Não";5;0;1;0;4;0;1;2;-19,52840716;-53,914723;"SPRF-MS";"DEL06-MS";"UOP02-DEL06-MS"
460568;2022-07-09;"sábado";"03:00:00";"PB";101;89,4;"JOAO PESSOA";"Pedestre andava na pista";"Atropelamento de Pedestre";"Com Vítimas Fatais";"Plena Noite";"Decrescente";"Nublado";"Dupla";"Aclive;Reta";"Sim";3;2;0;0;0;1;0;2;-7,184457;-34,901725;"SPRF-PB";"DEL01-PB";"UOP02-DEL01-PB"
460569;2022-07-09;"sábado";"02:35:00";"SC";101;98,5;"BALNEARIO PICARRAS";"Reação tardia ou ineficiente do condutor";"Colisão traseira";"Com Vítimas Feridas";"Plena Noite";"Crescente";"Céu Claro";"Dupla";"Reta";"Não";4;0;2;0;1;1;2;3;-26,73760897;-48,69918789;"SPRF-SC";"DEL03-SC";"UOP02-DEL03-SC"
460571;2022-07-08;"sexta-feira";"14:00:00";"MG";381;409;"NOVA UNIAO";"Animais na Pista";"Capotamento";"Com Vítimas Feridas";"Pleno dia";"Crescente";"Céu Claro";"Dupla";"Curva";"Não";1;0;0;1;0;0;1;1;-19,72316131;-43,57826387;"SPRF-MG";"DEL01-MG";"UOP01-DEL01-MG"
460572;2022-07-08;"sexta-feira";"16:20:00";"BA";324;616;"SALVADOR";"Trafegar com motocicleta (ou similar) entre as faixas";"Queda de ocupante de veículo";"Com Vítimas Feridas";"Pleno dia";"Crescente";"Céu Claro";"Dupla";"Reta";"Não";1;0;1;0;0;0;1;1;-12,87957905;-38,43213893;"SPRF-BA";"DEL01-BA";"UOP01-DEL01-BA"
460573;2022-07-09;"sábado";"03:23:00";"RS";392;117;"CANGUCU";"Ingestão de álcool pelo condutor";"Colisão com objeto";"Sem Vítimas";"Plena Noite";"Crescente";"Garoa/Chuvisco";"Múltipla";"Declive";"Não";1;0;0;0;1;0;0;1;-31,41369338;-52,67628308;"SPRF-RS";"DEL07-RS";"UOP01-DEL07-RS"
460575;2022-07-09;"sábado";"03:00:00";"MG";146;476;"BANDEIRA DO SUL";"Velocidade Incompatível";"Colisão com objeto";"Com Vítimas Feridas";"Plena Noite";"Decrescente";"Céu Claro";"Simples";"Declive;Curva";"Não";1;0;1;0;0;0;1;1;-21,72826795;-46,40846014;"SPRF-MG";"DEL09-MG";"UOP01-DEL09-MG"
460577;2022-07-09;"sábado";"04:45:00";"PR";277;650,6;"MATELANDIA";"Acessar a via sem observar a presença dos outros veículos";"Colisão lateral mesmo sentido";"Com Vítimas Feridas";"Plena Noite";"Crescente";"Céu Claro";"Simples";"Retorno Regulamentado";"Sim";1;0;1;0;0;0;1;1;-25,19035881;-53,93738222;"SPRF-PR";"DEL05-PR";"UOP02-DEL05-PR"
460579;2022-07-09;"sábado";"05:20:00";"SC";101;198,9;"BIGUACU";"Velocidade Incompatível";"Atropelamento de Pedestre";"Com Vítimas Fatais";"Plena Noite";"Crescente";"Céu Claro";"Dupla";"Reta";"Sim";3;1;0;0;1;1;0;2;-27,533536;-48,630646;"SPRF-SC";"DEL01-SC";"UOP01-DEL01-SC"
460580;2022-07-09;"sábado";"04:00:00";"RS";116;252;"SAPUCAIA DO SUL";"Reação tardia ou ineficiente do condutor";"Colisão com objeto";"Com Vítimas Feridas";"Plena Noite";"Crescente";"Nublado";"Múltipla";"Reta";"Sim";1;0;1;0;0;0;1;1;-29,80913395;-51,1675292;"SPRF-RS";"DEL01-RS";"UOP02-DEL01-RS"
460581;2022-07-09;"sábado";"04:30:00";"MG";153;44,1;"CANAPOLIS";"Condutor Dormindo";"Saída de leito carroçável";"Com Vítimas Feridas";"Plena Noite";"Crescente";"Céu Claro";"Dupla";"Reta";"Não";1;0;1;0;0;0;1;1;-18,77297399;-49,07332603;"SPRF-MG";"DEL15-MG";"UOP03-DEL15-MG"
460582;2022-07-09;"sábado";"04:45:00";"PR";376;616;"SAO JOSE DOS PINHAIS";"Reação tardia ou ineficiente do condutor";"Colisão traseira";"Sem Vítimas";"Amanhecer";"Crescente";"Céu Claro";"Dupla";"Reta";"Sim";3;0;0;0;3;0;0;2;-25,57583659;-49,17953679;"SPRF-PR";"DEL01-PR";"UOP04-DEL01-PR"
460583;2022-07-09;"sábado";"05:00:00";"SP";116;73,3;"APARECIDA";"Reação tardia ou ineficiente do condutor";"Colisão com objeto";"Com Vítimas Feridas";"Plena Noite";"Crescente";"Nublado";"Dupla";"Reta";"Não";2;0;1;0;1;0;1;1;-22,87182573;-45,24792194;"SPRF-SP";"DEL08-SP";"UOP01-DEL08-SP"
460584;2022-07-09;"sábado";"00:10:00";"SC";280;82;"CORUPA";"Ausência de reação do condutor";"Colisão frontal";"Com Vítimas Feridas";"Plena Noite";"Decrescente";"Céu Claro";"Simples";"Curva";"Sim";2;0;1;0;1;0;1;2;-26,44009491;-49,22605498;"SPRF-SC";"DEL06-SC";"UOP03-DEL06-SC"
460585;2022-07-09;"sábado";"05:05:00";"SC";280;127;"RIO NEGRINHO";"Reação tardia ou ineficiente do condutor";"Capotamento";"Com Vítimas Feridas";"Amanhecer";"Crescente";"Céu Claro";"Simples";"Rotatória";"Sim";1;0;1;0;0;0;1;1;-26,23943953;-49,50420708;"SPRF-SC";"DEL06-SC";"UOP03-DEL06-SC"
460586;2022-07-09;"sábado";"05:00:00";"PR";277;77;"CURITIBA";"Reação tardia ou ineficiente do condutor";"Colisão com objeto";"Sem Vítimas";"Plena Noite";"Crescente";"Céu Claro";"Dupla";"Reta";"Sim";1;0;0;0;0;1;0;1;-25,47743056;-49,20418024;"SPRF-PR";"DEL01-PR";"UOP01-DEL01-PR"
460587;2022-07-09;"sábado";"04:30:00";"MG";381;895,4;"CAMBUI";"Velocidade Incompatível";"Tombamento";"Com Vítimas Feridas";"Plena Noite";"Decrescente";"Nublado";"Dupla";"Reta";"Não";1;0;1;0;0;0;1;1;-22,58723328;-46,05042597;"SPRF-MG";"DEL16-MG";"UOP03-DEL16-MG"
460588;2022-07-09;"sábado";"04:20:00";"MG";116;770;"LEOPOLDINA";"Reação tardia ou ineficiente do condutor";"Saída de leito carroçável";"Com Vítimas Feridas";"Plena Noite";"Decrescente";"Céu Claro";"Simples";"Reta";"Não";1;0;1;0;0;0;1;1;-21,55054675;-42,67361103;"SPRF-MG";"DEL07-MG";"UOP01-DEL07-MG"
460589;2022-07-09;"sábado";"06:10:00";"SC";282;516,2;"XANXERE";"Reação tardia ou ineficiente do condutor";"Saída de leito carroçável";"Com Vítimas Feridas";"Plena Noite";"Crescente";"Céu Claro";"Simples";"Curva";"Não";1;0;1;0;0;0;1;1;-26,930862;-52,499157;"SPRF-SC";"DEL07-SC";"UOP01-DEL07-SC"
460591;2022-07-09;"sábado";"02:40:00";"BA";101;318;"PRESIDENTE TANCREDO NEVES";"Obstrução na via";"Saída de leito carroçável";"Com Vítimas Feridas";"Plena Noite";"Crescente";"Chuva";"Simples";"Reta";"Não";2;0;2;0;0;0;2;1;-13,50023095;-39,43835405;"SPRF-BA";"DEL05-BA";"UOP03-DEL05-BA"
460593;2022-07-09;"sábado";"05:30:00";"PR";277;729;"FOZ DO IGUACU";"Restrição de visibilidade em curvas horizontais";"Atropelamento de Pedestre";"Com Vítimas Feridas";"Plena Noite";"Crescente";"Céu Claro";"Dupla";"Curva";"Sim";1;0;1;0;0;0;1;1;-25,50749887;-54,58379896;"SPRF-PR";"DEL05-PR";"UOP03-DEL05-PR"
460594;2022-07-09;"sábado";"04:50:00";"MG";40;569,1;"NOVA LIMA";"Mal súbito do condutor";"Colisão com objeto";"Com Vítimas Feridas";"Amanhecer";"Crescente";"Nublado";"Simples";"Reta";"Não";1;0;1;0;0;0;1;1;-20,20394093;-43,97409456;"SPRF-MG";"DEL01-MG";"UOP02-DEL01-MG"
460595;2022-07-09;"sábado";"05:00:00";"MG";262;638;"IBIA";"Condutor Dormindo";"Saída de leito carroçável";"Com Vítimas Feridas";"Plena Noite";"Crescente";"Céu Claro";"Simples";"Reta";"Não";2;0;2;0;0;0;2;1;-19,57976803;-46,52571101;"SPRF-MG";"DEL08-MG";"UOP01-DEL08-MG"
460596;2022-07-08;"sexta-feira";"23:30:00";"RJ";101;274;"TANGUA";"Reação tardia ou ineficiente do condutor";"Saída de leito carroçável";"Com Vítimas Feridas";"Plena Noite";"Decrescente";"Céu Claro";"Dupla";"Reta";"Sim";2;0;2;0;0;0;2;1;-22,73506292;-42,71948103;"SPRF-RJ";"DEL02-RJ";"UOP03-DEL02-RJ"
460597;2022-07-08;"sexta-feira";"23:20:00";"PR";153;372;"RIO AZUL";"Manobra de mudança de faixa";"Colisão lateral sentido oposto";"Com Vítimas Feridas";"Plena Noite";"Crescente";"Céu Claro";"Simples";"Curva";"Não";2;0;1;0;1;0;1;2;-25,75048795;-50,82423102;"SPRF-PR";"DEL08-PR";"UOP02-DEL08-PR"
460599;2022-07-09;"sábado";"05:20:00";"PB";230;340,4;"PATOS";"Animais na Pista";"Atropelamento de Animal";"Com Vítimas Fatais";"Amanhecer";"Crescente";"Céu Claro";"Simples";"Reta";"Sim";6;2;1;0;2;1;1;2;-7,0003;-37,3076;"SPRF-PB";"DEL03-PB";"UOP01-DEL03-PB"
460602;2022-07-09;"sábado";"04:20:00";"PR";277;477;"NOVA LARANJEIRAS";"Transitar na contramão";"Colisão frontal";"Sem Vítimas";"Plena Noite";"Crescente";"Céu Claro";"Simples";"Reta";"Não";2;0;0;0;2;0;0;2;-25,2994712;-52,55864812;"SPRF-PR";"DEL04-PR";"UOP02-DEL04-PR"
460604;2022-06-12;"domingo";"18:50:00";"SC";101;209,3;"SAO JOSE";"Manobra de mudança de faixa";"Colisão lateral mesmo sentido";"Com Vítimas Feridas";"Plena Noite";"Decrescente";"Céu Claro";"Múltipla";"Reta";"Sim";2;0;1;0;0;1;1;2;-27,61000542;-48,63895057;"SPRF-SC";"DEL01-SC";"UOP01-DEL01-SC"
460605;2022-07-09;"sábado";"05:40:00";"RJ";116;188;"QUEIMADOS";"Ingestão de álcool pelo condutor";"Capotamento";"Sem Vítimas";"Pleno dia";"Crescente";"Céu Claro";"Múltipla";"Reta";"Sim";1;0;0;0;0;1;0;1;-22,74379585;-43,5204545;"SPRF-RJ";"DEL01-RJ";"UOP02-DEL01-RJ"
460606;2022-07-08;"sexta-feira";"07:40:00";"SC";101;115,8;"ITAJAI";"Ausência de reação do condutor";"Tombamento";"Com Vítimas Feridas";"Pleno dia";"Decrescente";"Sol";"Dupla";"Reta";"Não";1;0;1;0;0;0;1;1;-26,87064015;-48,72954134;"SPRF-SC";"DEL04-SC";"UOP04-DEL04-SC"
460608;2022-07-09;"sábado";"08:00:00";"GO";20;92;"VILA BOA";"Ausência de reação do condutor";"Colisão frontal";"Com Vítimas Fatais";"Pleno dia";"Crescente";"Céu Claro";"Simples";"Reta";"Não";7;4;0;2;0;1;2;2;-15,02026;-47,046417;"SPRF-DF";"DEL02-DF";"UOP01-DEL02-DF"
460609;2022-07-09;"sábado";"06:30:00";"RJ";116;171;"SAO JOAO DE MERITI";"Ingestão de álcool pelo condutor";"Colisão com objeto";"Sem Vítimas";"Amanhecer";"Decrescente";"Céu Claro";"Dupla";"Reta";"Sim";1;0;0;0;1;0;0;1;-22,8060415;-43,34289573;"SPRF-RJ";"DEL01-RJ";"UOP02-DEL01-RJ"
460611;2022-07-09;"sábado";"06:20:00";"MG";381;887;"ESTIVA";"Ingestão de álcool pelo condutor";"Saída de leito carroçável";"Sem Vítimas";"Pleno dia";"Decrescente";"Céu Claro";"Dupla";"Declive;Retorno Regulamentado;Reta";"Não";1;0;0;0;0;1;0;1;-22,52119259;-46,02202748;"SPRF-MG";"DEL16-MG";"UOP03-DEL16-MG"
460614;2022-07-09;"sábado";"07:45:00";"MG";381;451;"SABARA";"Conversão proibida";"Colisão transversal";"Com Vítimas Feridas";"Pleno dia";"Decrescente";"Céu Claro";"Simples";"Curva";"Não";2;0;0;1;1;0;1;2;-19,83832024;-43,8806931;"SPRF-MG";"DEL01-MG";"UOP01-DEL01-MG"
460616;2022-07-09;"sábado";"07:40:00";"MG";116;416;"GOVERNADOR VALADARES";"Acessar a via sem observar a presença dos outros veículos";"Colisão traseira";"Com Vítimas Feridas";"Pleno dia";"Decrescente";"Céu Claro";"Simples";"Reta";"Sim";2;0;1;0;1;0;1;2;-18,89215187;-41,94699543;"SPRF-MG";"DEL06-MG";"UOP01-DEL06-MG"
460618;2022-06-23;"quinta-feira";"14:30:00";"SC";101;430,8;"SOMBRIO";"Reação tardia ou ineficiente do condutor";"Saída de leito carroçável";"Com Vítimas Feridas";"Pleno dia";"Crescente";"Nublado";"Dupla";"Reta";"Não";1;0;0;1;0;0;1;1;-29,05578387;-49,62209542;"SPRF-SC";"DEL02-SC";"UOP02-DEL02-SC"
460620;2022-07-09;"sábado";"07:00:00";"AL";316;264;"SATUBA";"Ingestão de álcool pelo condutor";"Saída de leito carroçável";"Com Vítimas Feridas";"Pleno dia";"Crescente";"Chuva";"Simples";"Curva";"Não";3;0;0;1;2;0;1;2;-9,58847626;-35,8696781;"SPRF-AL";"DEL02-AL";"UOP01-DEL02-AL"
460621;2022-07-09;"sábado";"08:15:00";"PR";116;94;"SAO JOSE DOS PINHAIS";"Ausência de reação do condutor";"Saída de leito carroçável";"Com Vítimas Feridas";"Pleno dia";"Crescente";"Céu Claro";"Dupla";"Reta";"Não";1;0;1;0;0;0;1;1;-25,48954287;-49,11201617;"SPRF-PR";"DEL01-PR";"UOP01-DEL01-PR"
460622;2022-05-18;"quarta-feira";"18:20:00";"PR";476;119;"COLOMBO";"Manobra de mudança de faixa";"Colisão lateral mesmo sentido";"Sem Vítimas";"Anoitecer";"Decrescente";"Céu Claro";"Dupla";"Reta";"Sim";2;0;0;0;1;1;0;2;-25,36867;-49,18869;"SPRF-PR";"DEL01-PR";"UOP01-DEL01-PR"
460623;2022-07-09;"sábado";"08:30:00";"PR";476;133;"CURITIBA";"Frear bruscamente";"Colisão traseira";"Sem Vítimas";"Pleno dia";"Crescente";"Céu Claro";"Múltipla";"Reta";"Sim";2;0;0;0;2;0;0;2;-25,469219;-49,254143;"SPRF-PR";"DEL01-PR";"UOP03-DEL01-PR"
460624;2022-07-09;"sábado";"06:20:00";"RO";364;344,5;"JI-PARANA";"Transitar na contramão";"Tombamento";"Com Vítimas Feridas";"Pleno dia";"Crescente";"Céu Claro";"Dupla";"Reta";"Sim";1;0;1;0;0;0;1;1;-10,87376391;-61,95256893;"SPRF-RO";"DEL02-RO";"UOP01-DEL02-RO"
460626;2022-07-09;"sábado";"04:50:00";"MT";163;688;"LUCAS DO RIO VERDE";"Reação tardia ou ineficiente do condutor";"Tombamento";"Com Vítimas Feridas";"Amanhecer";"Decrescente";"Céu Claro";"Simples";"Reta";"Sim";2;0;0;1;0;1;1;1;-13,07091;-55,928573;"SPRF-MT";"DEL06-MT";"UOP01-DEL06-MT"
460627;2022-07-09;"sábado";"08:38:00";"GO";20;204;"POSSE";"Ultrapassagem Indevida";"Colisão frontal";"Com Vítimas Feridas";"Pleno dia";"Crescente";"Céu Claro";"Simples";"Reta";"Não";13;0;0;9;4;0;9;3;-14,298611;-46,444744;"SPRF-DF";"DEL02-DF";"UOP03-DEL02-DF"
460629;2022-07-09;"sábado";"08:40:00";"PR";476;177;"CONTENDA";"Reação tardia ou ineficiente do condutor";"Saída de leito carroçável";"Com Vítimas Feridas";"Pleno dia";"Crescente";"Céu Claro";"Dupla";"Reta";"Não";4;0;2;0;2;0;2;1;-25,696129;-49,563389;"SPRF-PR";"DEL01-PR";"UOP03-DEL01-PR"
460630;2022-07-09;"sábado";"09:10:00";"ES";101;145,8;"LINHARES";"Acessar a via sem observar a presença dos outros veículos";"Colisão transversal";"Com Vítimas Feridas";"Pleno dia";"Decrescente";"Nublado";"Dupla";"Interseção de Vias";"Sim";2;0;0;1;0;1;1;2;-19,36089598;-40,06464018;"SPRF-ES";"DEL04-ES";"UOP01-DEL04-ES"
460632;2022-07-09;"sábado";"07:15:00";"RJ";40;119;"DUQUE DE CAXIAS";"Reação tardia ou ineficiente do condutor";"Colisão com objeto";"Com Vítimas Feridas";"Pleno dia";"Decrescente";"Céu Claro";"Múltipla";"Reta";"Sim";1;0;0;1;0;0;1;1;-22,76375592;-43,28683062;"SPRF-RJ";"DEL01-RJ";"UOP01-DEL01-RJ"
460633;2022-07-09;"sábado";"09:46:00";"PE";232;4;"RECIFE";"Entrada inopinada do pedestre";"Atropelamento de Pedestre";"Com Vítimas Feridas";"Pleno dia";"Decrescente";"Sol";"Simples";"Reta";"Sim";3;0;3;0;0;0;3;2;-8,064473;-34,936928;"SPRF-PE";"DEL01-PE";"UOP01-DEL01-PE"
460634;2022-07-09;"sábado";"08:20:00";"AL";101;194,6;"SAO SEBASTIAO";"Desvio temporário";"Saída de leito carroçável";"Sem Vítimas";"Pleno dia";"Decrescente";"Céu Claro";"Dupla";"Curva";"Não";2;0;0;0;2;0;0;1;-9,93595808;-36,49545203;"SPRF-AL";"DEL02-AL";"UOP02-DEL02-AL"
460636;2022-07-09;"sábado";"10:10:00";"BA";407;1;"JUAZEIRO";"Transitar no acostamento";"Colisão lateral mesmo sentido";"Com Vítimas Feridas";"Pleno dia";"Crescente";"Céu Claro";"Simples";"Reta";"Sim";2;0;1;0;1;0;1;2;-9,41845604;-40,50725978;"SPRF-PE";"DEL06-PE";"UOP01-DEL06-PE"
460637;2022-07-09;"sábado";"10:10:00";"SC";101;202,8;"SAO JOSE";"Ausência de reação do condutor";"Colisão traseira";"Com Vítimas Feridas";"Pleno dia";"Crescente";"Céu Claro";"Múltipla";"Aclive";"Sim";5;0;2;0;3;0;2;4;-27,56398;-48,61514;"SPRF-SC";"DEL01-SC";"UOP01-DEL01-SC"
460638;2022-07-09;"sábado";"10:00:00";"DF";60;0,3;"BRASILIA";"Reação tardia ou ineficiente do condutor";"Colisão traseira";"Com Vítimas Feridas";"Pleno dia";"Crescente";"Céu Claro";"Múltipla";"Reta";"Sim";3;0;1;0;2;0;1;2;-15,885093;-48,068954;"SPRF-DF";"DEL03-DF";"UOP01-DEL03-DF"
460642;2022-07-09;"sábado";"09:00:00";"RJ";101;309;"SAO GONCALO";"Acesso irregular";"Colisão frontal";"Com Vítimas Feridas";"Pleno dia";"Crescente";"Céu Claro";"Simples";"Reta";"Sim";4;0;1;0;3;0;1;2;-22,79498873;-43,03446105;"SPRF-RJ";"DEL02-RJ";"UOP02-DEL02-RJ"
460643;2022-07-09;"sábado";"09:55:00";"PA";222;120;"RONDON DO PARA";"Pista esburacada";"Capotamento";"Com Vítimas Feridas";"Pleno dia";"Decrescente";"Céu Claro";"Simples";"Reta";"Não";1;0;1;0;0;0;1;1;-4,835995;-48,187759;"SPRF-PA";"DEL02-PA";"UOP02-DEL02-PA"
460644;2022-07-09;"sábado";"09:20:00";"SP";116;115,5;"TAUBATE";"Condutor deixou de manter distância do veículo da frente";"Engavetamento";"Com Vítimas Feridas";"Pleno dia";"Decrescente";"Sol";"Dupla";"Reta";"Não";6;0;1;0;4;1;1;5;-23,0496047;-45,59973712;"SPRF-SP";"DEL02-SP";"UOP02-DEL02-SP"
460645;2022-07-09;"sábado";"10:10:00";"MG";116;534;"SANTA RITA DE MINAS";"Transitar na contramão";"Colisão frontal";"Com Vítimas Feridas";"Pleno dia";"Decrescente";"Sol";"Simples";"Curva";"Não";7;0;6;0;1;0;6;2;-19,84469501;-42,13981698;"SPRF-MG";"DEL06-MG";"UOP02-DEL06-MG"