"id";"data_inversa";"dia_semana";"horario";"uf";"br";"km";"municipio";"causa_acidente";"tipo_acidente";"classificacao_acidente";"fase_dia";"sentido_via";"condicao_metereologica";"tipo_pista";"tracado_via";"uso_solo";"pessoas";"mortos";"feridos_leves";"feridos_graves";"ilesos";"ignorados";"feridos";"veiculos";"latitude";"longitude";"regional";"delegacia";"uop"
460744;2022-07-09;"sábado";"16:50:00";"MT";163;944;"ITAUBA";"Demais falhas mecânicas ou elétricas";"Incêndio";"Sem Vítimas";"Anoitecer";"Crescente";"Céu Claro";"Simples";"Reta";"Não";1;0;0;0;1;0;0;1;-10,944;-55,213;"SPRF-MT";"DEL06-MT";"NPF/DEL06-MT"
460745;2022-07-09;"sábado";"18:50:00";"SC";280;278,8;"IRINEOPOLIS";"Reação tardia ou ineficiente do condutor";"Colisão traseira";"Sem Vítimas";"Plena Noite";"Crescente";"Nublado";"Simples";"Ponte";"Não";6;0;0;0;6;0;0;3;-26,29409794;-50,8953774;"SPRF-SC";"DEL06-SC";"UOP04-DEL06-SC"
460746;2022-07-09;"sábado";"18:00:00";"MT";163;939;"ITAUBA";"Ultrapassagem Indevida";"Colisão frontal";"Com Vítimas Feridas";"Plena Noite";"Crescente";"Céu Claro";"Simples";"Aclive";"Não";6;0;3;3;0;0;6;2;-11,09627694;-55,29548909;"SPRF-MT";"DEL06-MT";"NPF/DEL06-MT"
460747;2022-07-09;"sábado";"14:32:00";"BA";101;318;"PRESIDENTE TANCREDO NEVES";"Chuva";"Saída de leito carroçável";"Com Vítimas Feridas";"Pleno dia";"Decrescente";"Chuva";"Simples";"Declive;Curva";"Não";3;0;1;0;2;0;1;1;-13,50023095;-39,43835405;"SPRF-BA";"DEL05-BA";"UOP03-DEL05-BA"
460748;2022-07-09;"sábado";"17:30:00";"GO";364;233;"JATAI";"Ausência de reação do condutor";"Saída de leito carroçável";"Com Vítimas Feridas";"Anoitecer";"Decrescente";"Céu Claro";"Simples";"Reta";"Não";2;0;1;0;1;0;1;1;-17,81497;-52,029514;"SPRF-GO";"DEL05-GO";"UOP01-DEL05-GO"
460749;2022-07-09;"sábado";"19:50:00";"RJ";40;102;"DUQUE DE CAXIAS";"Reação tardia ou ineficiente do condutor";"Colisão traseira";"Sem Vítimas";"Plena Noite";"Crescente";"Céu Claro";"Múltipla";"Reta";"Sim";5;0;0;0;5;0;0;2;-22,611422;-43,28656077;"SPRF-RJ";"DEL01-RJ";"UOP01-DEL01-RJ"
460750;2022-07-09;"sábado";"18:20:00";"MT";364;253,8;"JUSCIMEIRA";"Animais na Pista";"Saída de leito carroçável";"Sem Vítimas";"Plena Noite";"Decrescente";"Céu Claro";"Dupla";"Reta;Aclive";"Não";1;0;0;0;1;0;0;1;-16,09747205;-54,86610212;"SPRF-MT";"DEL02-MT";"UOP01-DEL02-MT"
460751;2022-07-09;"sábado";"19:30:00";"RS";290;113;"ELDORADO DO SUL";"Condutor Dormindo";"Saída de leito carroçável";"Sem Vítimas";"Plena Noite";"Crescente";"Céu Claro";"Simples";"Reta";"Não";1;0;0;0;1;0;0;1;-30,043636;-51,337456;"SPRF-RS";"DEL02-RS";"UOP01-DEL02-RS"
460752;2022-07-09;"sábado";"19:15:00";"SC";116;246;"LAGES";"Acessar a via sem observar a presença dos outros veículos";"Colisão lateral sentido oposto";"Com Vítimas Feridas";"Plena Noite";"Crescente";"Céu Claro";"Simples";"Reta";"Sim";1;0;1;0;0;0;1;1;-27,80419942;-50,36509464;"SPRF-SC";"DEL05-SC";"UOP02-DEL05-SC"
460753;2022-07-09;"sábado";"20:20:00";"SP";153;262,2;"MARILIA";"Demais falhas mecânicas ou elétricas";"Colisão transversal";"Com Vítimas Feridas";"Plena Noite";"Crescente";"Nublado";"Simples";"Reta";"Não";3;0;1;0;2;0;1;2;-22,288309;-49,915711;"SPRF-SP";"DEL07-SP";"UOP02-DEL07-SP"
460754;2022-07-09;"sábado";"19:40:00";"PE";232;241,6;"ARCOVERDE";"Reação tardia ou ineficiente do condutor";"Colisão lateral sentido oposto";"Com Vítimas Fatais";"Plena Noite";"Crescente";"Chuva";"Simples";"Reta";"Não";4;1;2;0;0;1;2;3;-8,41535;-36,97724;"SPRF-PE";"DEL04-PE";"UOP02-DEL04-PE"
460755;2022-07-09;"sábado";"18:35:00";"PE";104;71;"CARUARU";"Ingestão de álcool pelo condutor";"Saída de leito carroçável";"Com Vítimas Feridas";"Plena Noite";"Crescente";"Chuva";"Dupla";"Reta";"Não";2;0;1;0;1;0;1;1;-8,3333;-35,9814;"SPRF-PE";"DEL02-PE";"UOP01-DEL02-PE"
460757;2022-07-09;"sábado";"21:00:00";"BA";367;73;"EUNAPOLIS";"Velocidade Incompatível";"Capotamento";"Com Vítimas Feridas";"Plena Noite";"Crescente";"Céu Claro";"Simples";"Curva";"Não";1;0;0;1;0;0;1;1;-16,38476542;-39,48916587;"SPRF-BA";"DEL09-BA";"UOP01-DEL09-BA"
460760;2022-07-09;"sábado";"20:50:00";"SC";101;209,9;"SAO JOSE";"Ingestão de álcool pelo condutor";"Capotamento";"Com Vítimas Feridas";"Plena Noite";"Crescente";"Céu Claro";"Múltipla";"Reta";"Sim";1;0;1;0;0;0;1;1;-27,61000542;-48,63895057;"SPRF-SC";"DEL01-SC";"UOP01-DEL01-SC"
460761;2022-07-09;"sábado";"20:34:00";"SP";116;222;"GUARULHOS";"Reação tardia ou ineficiente do condutor";"Colisão traseira";"Sem Vítimas";"Plena Noite";"Decrescente";"Céu Claro";"Múltipla";"Reta";"Sim";2;0;0;0;2;0;0;2;-23,47093408;-46,51631097;"SPRF-SP";"DEL01-SP";"UOP01-DEL01-SP"
460762;2022-07-09;"sábado";"20:20:00";"GO";40;2;"VALPARAISO DE GOIAS";"Condutor deixou de manter distância do veículo da frente";"Engavetamento";"Com Vítimas Feridas";"Plena Noite";"Crescente";"Céu Claro";"Dupla";"Reta";"Sim";4;0;1;0;3;0;1;3;-16,067129;-47,984235;"SPRF-DF";"DEL01-DF";"UOP01-DEL01-DF"
460763;2022-07-09;"sábado";"21:03:00";"SP";116;211;"GUARULHOS";"Ausência de reação do condutor";"Tombamento";"Com Vítimas Feridas";"Plena Noite";"Crescente";"Nublado";"Dupla";"Declive";"Sim";1;0;1;0;0;0;1;1;-23,4324306;-46,4194352;"SPRF-SP";"DEL01-SP";"UOP01-DEL01-SP"
460764;2022-07-09;"sábado";"18:33:00";"TO";153;502,1;"PARAISO DO TOCANTINS";"Reação tardia ou ineficiente do condutor";"Colisão traseira";"Com Vítimas Feridas";"Pleno dia";"Crescente";"Céu Claro";"Simples";"Declive;Reta";"Não";3;0;0;1;2;0;1;2;-10,21850698;-48,87509017;"SPRF-TO";"DEL01-TO";"UOP01-DEL01-TO"
460767;2022-07-09;"sábado";"22:00:00";"RJ";116;110;"GUAPIMIRIM";"Pedestre cruzava a pista fora da faixa";"Atropelamento de Pedestre";"Com Vítimas Fatais";"Plena Noite";"Crescente";"Céu Claro";"Dupla";"Curva";"Sim";2;1;0;0;1;0;0;2;-22,55073275;-42,98968744;"SPRF-RJ";"DEL04-RJ";"UOP01-DEL04-RJ"
460771;2022-07-09;"sábado";"20:00:00";"PR";476;197,4;"LAPA";"Condutor deixou de manter distância do veículo da frente";"Engavetamento";"Com Vítimas Feridas";"Plena Noite";"Crescente";"Nublado";"Simples";"Reta";"Sim";3;0;1;0;1;1;1;3;-25,759378;-49,73254;"SPRF-PR";"DEL02-PR";"UOP04-DEL02-PR"
460772;2022-07-09;"sábado";"18:40:00";"SC";282;527,6;"CORDILHEIRA ALTA";"Ausência de reação do condutor";"Saída de leito carroçável";"Com Vítimas Feridas";"Plena Noite";"Crescente";"Céu Claro";"Simples";"Reta";"Não";1;0;0;1;0;0;1;1;-26,973196;-52,583321;"SPRF-SC";"DEL07-SC";"UOP01-DEL07-SC"
460773;2022-07-09;"sábado";"19:00:00";"RJ";116;170;"RIO DE JANEIRO";"Ausência de reação do condutor";"Colisão traseira";"Sem Vítimas";"Plena Noite";"Decrescente";"Céu Claro";"Múltipla";"Reta";"Sim";2;0;0;0;2;0;0;2;-22,81113183;-43,3336729;"SPRF-RJ";"DEL01-RJ";"UOP02-DEL01-RJ"
460774;2022-07-09;"sábado";"22:08:00";"MA";10;256;"IMPERATRIZ";"Transitar na contramão";"Colisão frontal";"Com Vítimas Feridas";"Plena Noite";"Crescente";"Céu Claro";"Simples";"Reta";"Sim";3;0;1;1;1;0;2;2;-5,499715;-47,471836;"SPRF-MA";"DEL04-MA";"UOP01-DEL04-MA"
460775;2022-07-09;"sábado";"15:00:00";"SC";470;125;"IBIRAMA";"Velocidade Incompatível";"Saída de leito carroçável";"Com Vítimas Feridas";"Pleno dia";"Decrescente";"Céu Claro";"Simples";"Curva";"Não";1;0;1;0;0;0;1;1;-27,120506;-49,534946;"SPRF-SC";"DEL04-SC";"UOP02-DEL04-SC"
460777;2022-07-09;"sábado";"21:25:00";"RJ";356;148;"CAMPOS DOS GOYTACAZES";"Acessar a via sem observar a presença dos outros veículos";"Colisão transversal";"Com Vítimas Feridas";"Plena Noite";"Decrescente";"Céu Claro";"Simples";"Reta";"Sim";3;0;1;0;2;0;1;2;-21,77454221;-41,28434842;"SPRF-RJ";"DEL08-RJ";"UOP02-DEL08-RJ"
460778;2022-07-09;"sábado";"22:50:00";"PR";163;178;"LINDOESTE";"Reação tardia ou ineficiente do condutor";"Colisão com objeto";"Com Vítimas Feridas";"Plena Noite";"Decrescente";"Céu Claro";"Dupla";"Curva";"Não";1;0;1;0;0;0;1;1;-25,19299599;-53,60212908;"SPRF-PR";"DEL05-PR";"UOP05-DEL05-PR"
460779;2022-07-09;"sábado";"17:57:00";"RS";285;146;"MUITOS CAPOES";"Ingestão de álcool pelo condutor";"Saída de leito carroçável";"Com Vítimas Feridas";"Anoitecer";"Decrescente";"Céu Claro";"Simples";"Curva";"Não";2;0;1;0;0;1;1;2;-28,35760562;-51,10702515;"SPRF-RS";"DEL05-RS";"UOP03-DEL05-RS"
460781;2022-07-09;"sábado";"22:55:00";"SP";116;146;"SAO JOSE DOS CAMPOS";"Ausência de reação do condutor";"Saída de leito carroçável";"Sem Vítimas";"Plena Noite";"Crescente";"Nublado";"Dupla";"Declive";"Sim";1;0;0;0;1;0;0;1;-23,19122919;-45,86327591;"SPRF-SP";"DEL02-SP";"UOP01-DEL02-SP"
460782;2022-07-09;"sábado";"21:45:00";"MS";60;41;"CHAPADAO DO SUL";"Transitar na contramão";"Colisão frontal";"Com Vítimas Fatais";"Anoitecer";"Crescente";"Céu Claro";"Simples";"Reta";"Não";3;1;0;2;0;0;2;2;-18,96154166;-52,83254569;"SPRF-MS";"DEL08-MS";"UOP01-DEL08-MS"
460783;2022-07-09;"sábado";"20:00:00";"AC";317;195;"XAPURI";"Ausência de sinalização";"Saída de leito carroçável";"Sem Vítimas";"Plena Noite";"Crescente";"Céu Claro";"Simples";"Desvio Temporário;Em Obras;Declive";"Não";2;0;0;0;2;0;0;1;-10,64028204;-68,07956996;"SPRF-AC";"DEL01-AC";"UOP02-DEL01-AC"
460784;2022-07-09;"sábado";"18:30:00";"RJ";393;298;"BARRA MANSA";"Retorno proibido";"Colisão frontal";"Com Vítimas Feridas";"Anoitecer";"Decrescente";"Céu Claro";"Simples";"Declive";"Sim";5;0;2;0;3;0;2;2;-22,54313289;-44,11298586;"SPRF-RJ";"DEL07-RJ";"UOP02-DEL07-RJ"
460785;2022-07-09;"sábado";"23:30:00";"MG";381;707;"NEPOMUCENO";"Condutor Dormindo";"Colisão com objeto";"Sem Vítimas";"Plena Noite";"Crescente";"Céu Claro";"Dupla";"Reta";"Não";5;0;0;0;5;0;0;1;-21,36199299;-45,19169583;"SPRF-MG";"DEL04-MG";"UOP02-DEL04-MG"
460786;2022-07-09;"sábado";"19:30:00";"RO";364;229;"CACOAL";"Manobra de mudança de faixa";"Colisão lateral sentido oposto";"Com Vítimas Feridas";"Plena Noite";"Decrescente";"Céu Claro";"Simples";"Reta";"Não";2;0;1;0;1;0;1;2;-11,48353229;-61,38685231;"SPRF-RO";"DEL02-RO";"UOP02-DEL02-RO"
460787;2022-07-09;"sábado";"22:50:00";"PR";476;133;"CURITIBA";"Condutor deixou de manter distância do veículo da frente";"Colisão traseira";"Sem Vítimas";"Plena Noite";"Decrescente";"Céu Claro";"Múltipla";"Reta";"Sim";2;0;0;0;2;0;0;2;-25,46885858;-49,2533505;"SPRF-PR";"DEL01-PR";"UOP03-DEL01-PR"
460790;2022-07-09;"sábado";"23:31:00";"PA";163;969;"SANTAREM";"Transitar na contramão";"Colisão frontal";"Com Vítimas Feridas";"Plena Noite";"Crescente";"Céu Claro";"Simples";"Reta";"Não";5;0;1;0;4;0;1;2;-2,66566;-54,838745;"SPRF-PA";"DEL05-PA";"UOP01-DEL05-PA"
460791;2022-07-05;"terça-feira";"17:00:00";"BA";367;22;"PORTO SEGURO";"Acesso irregular";"Colisão traseira";"Com Vítimas Feridas";"Pleno dia";"Decrescente";"Céu Claro";"Simples";"Reta";"Não";3;0;1;1;0;1;2;3;-16,44149625;-39,06566204;"SPRF-BA";"DEL09-BA";"UOP01-DEL09-BA"
460793;2022-07-09;"sábado";"23:40:00";"MG";262;812;"UBERABA";"Reação tardia ou ineficiente do condutor";"Colisão com objeto";"Com Vítimas Feridas";"Plena Noite";"Decrescente";"Céu Claro";"Dupla";"Reta";"Sim";3;0;2;0;1;0;2;1;-19,76553214;-48,11855299;"SPRF-MG";"DEL13-MG";"UOP01-DEL13-MG"
460794;2022-07-10;"domingo";"00:10:00";"GO";153;437;"ANAPOLIS";"Reação tardia ou ineficiente do condutor";"Colisão traseira";"Com Vítimas Feridas";"Amanhecer";"Decrescente";"Céu Claro";"Dupla";"Reta";"Sim";1;0;1;0;0;0;1;1;-16,286884;-48,942978;"SPRF-GO";"DEL02-GO";"UOP01-DEL02-GO"
460796;2022-07-09;"sábado";"23:40:00";"ES";262;60;"MARECHAL FLORIANO";"Ingestão de álcool pelo condutor";"Colisão traseira";"Sem Vítimas";"Plena Noite";"Decrescente";"Nublado";"Simples";"Reta";"Não";2;0;0;0;2;0;0;2;-20,42208895;-40,78646507;"SPRF-ES";"DEL01-ES";"UOP02-DEL01-ES"
460797;2022-07-10;"domingo";"00:50:00";"SP";116;449;"REGISTRO";"Reação tardia ou ineficiente do condutor";"Colisão com objeto";"Com Vítimas Feridas";"Plena Noite";"Decrescente";"Céu Claro";"Múltipla";"Reta";"Não";1;0;1;0;0;0;1;1;-24,52913591;-47,85619324;"SPRF-SP";"DEL05-SP";"UOP01-DEL05-SP"
460798;2022-07-10;"domingo";"01:25:00";"PI";343;341,2;"TERESINA";"Manobra de mudança de faixa";"Colisão transversal";"Com Vítimas Feridas";"Plena Noite";"Decrescente";"Céu Claro";"Dupla";"Reta";"Sim";2;0;1;0;0;1;1;2;-5,07791719;-42,74777055;"SPRF-PI";"DEL01-PI";"UOP01-DEL01-PI"
460800;2022-07-10;"domingo";"01:12:00";"MG";116;527,4;"CARATINGA";"Velocidade Incompatível";"Colisão com objeto";"Com Vítimas Feridas";"Plena Noite";"Decrescente";"Nublado";"Dupla";"Reta";"Sim";1;0;1;0;0;0;1;1;-19,78510701;-42,13445297;"SPRF-MG";"DEL06-MG";"UOP02-DEL06-MG"
460802;2022-07-10;"domingo";"00:45:00";"PR";277;654,7;"MATELANDIA";"Ingestão de álcool pelo condutor";"Saída de leito carroçável";"Com Vítimas Feridas";"Plena Noite";"Crescente";"Céu Claro";"Simples";"Curva";"Não";2;0;2;0;0;0;2;1;-25,22746012;-53,95145416;"SPRF-PR";"DEL05-PR";"UOP02-DEL05-PR"
460804;2022-07-10;"domingo";"00:30:00";"RS";468;85;"BOM PROGRESSO";"Transitar na contramão";"Colisão lateral sentido oposto";"Com Vítimas Feridas";"Plena Noite";"Crescente";"Céu Claro";"Simples";"Curva";"Não";2;0;1;0;1;0;1;2;-27,58371418;-53,86861164;"SPRF-RS";"DEL08-RS";"UOP02-DEL08-RS"
460805;2022-07-10;"domingo";"02:20:00";"SC";101;162;"TIJUCAS";"Velocidade Incompatível";"Saída de leito carroçável";"Com Vítimas Feridas";"Plena Noite";"Decrescente";"Nublado";"Simples";"Curva";"Sim";2;0;2;0;0;0;2;1;-27,22554009;-48,6279367;"SPRF-SC";"DEL04-SC";"UOP03-DEL04-SC"
460806;2022-07-10;"domingo";"02:30:00";"RS";158;328;"SANTA MARIA";"Ingestão de álcool pelo condutor";"Colisão com objeto";"Sem Vítimas";"Plena Noite";"Crescente";"Céu Claro";"Dupla";"Reta";"Sim";1;0;0;0;1;0;0;1;-29,71112906;-53,81968204;"SPRF-RS";"DEL09-RS";"UOP01-DEL09-RS"
460807;2022-07-10;"domingo";"03:15:00";"SP";116;207;"GUARULHOS";"Ausência de reação do condutor";"Colisão com objeto";"Com Vítimas Feridas";"Plena Noite";"Crescente";"Nublado";"Múltipla";"Interseção de Vias";"Sim";1;0;1;0;0;0;1;1;-23,41972188;-46,38419203;"SPRF-SP";"DEL01-SP";"UOP01-DEL01-SP"
460808;2022-07-10;"domingo";"03:20:00";"SC";282;1,6;"FLORIANOPOLIS";"Condutor deixou de manter distância do veículo da frente";"Queda de ocupante de veículo";"Com Vítimas Feridas";"Plena Noite";"Decrescente";"Céu Claro";"Dupla";"Reta";"Sim";2;0;1;0;0;1;1;2;-27,602955;-48,580509;"SPRF-SC";"DEL01-SC";"UOP01-DEL01-SC"
460809;2022-07-10;"domingo";"02:40:00";"RJ";116;179;"NOVA IGUACU";"Ausência de reação do condutor";"Colisão traseira";"Com Vítimas Feridas";"Plena Noite";"Crescente";"Céu Claro";"Múltipla";"Reta";"Sim";3;0;1;0;2;0;1;2;-22,75243805;-43,43753815;"SPRF-RJ";"DEL01-RJ";"UOP02-DEL01-RJ"
460810;2022-07-09;"sábado";"18:37:00";"PB";230;215;"SOLEDADE";"Mal súbito do condutor";"Queda de ocupante de veículo";"Com Vítimas Feridas";"Plena Noite";"Decrescente";"Céu Claro";"Simples";"Reta";"Não";1;0;0;1;0;0;1;1;-7,0577;-36,3629;"SPRF-PB";"DEL02-PB";"UOP02-DEL02-PB"
460811;2022-07-10;"domingo";"04:00:00";"DF";20;9,3;"BRASILIA";"Ausência de reação do condutor";"Saída de leito carroçável";"Com Vítimas Feridas";"Plena Noite";"Decrescente";"Céu Claro";"Dupla";"Reta";"Sim";2;0;1;0;1;0;1;1;-15,654671;-47,782917;"SPRF-DF";"DEL02-DF";"UOP01-DEL02-DF"
460812;2022-07-10;"domingo";"00:54:00";"MG";116;542,5;"SANTA RITA DE MINAS";"Velocidade Incompatível";"Colisão traseira";"Sem Vítimas";"Plena Noite";"Crescente";"Nublado";"Simples";"Reta";"Não";2;0;0;0;0;2;0;2;-19,89645335;-42,13368416;"SPRF-MG";"DEL06-MG";"UOP02-DEL06-MG"
460813;2022-07-10;"domingo";"04:40:00";"SP";116;278;"EMBU DAS ARTES";"Ausência de reação do condutor";"Saída de leito carroçável";"Com Vítimas Feridas";"Plena Noite";"Crescente";"Céu Claro";"Dupla";"Reta";"Sim";2;0;1;1;0;0;2;1;-23,63584933;-46,82885639;"SPRF-SP";"DEL04-SP";"UOP01-DEL04-SP"
460814;2022-07-10;"domingo";"04:17:00";"ES";262;81,7;"DOMINGOS MARTINS";"Chuva";"Colisão traseira";"Com Vítimas Feridas";"Plena Noite";"Decrescente";"Garoa/Chuvisco";"Simples";"Curva";"Não";2;0;1;0;0;1;1;2;-20,40766791;-40,94804886;"SPRF-ES";"DEL01-ES";"UOP02-DEL01-ES"
460815;2022-07-10;"domingo";"05:30:00";"RS";287;254;"SANTA MARIA";"Ausência de reação do condutor";"Saída de leito carroçável";"Com Vítimas Feridas";"Plena Noite";"Decrescente";"Céu Claro";"Simples";"Reta";"Não";1;0;0;1;0;0;1;1;-29,68869466;-53,89049505;"SPRF-RS";"DEL09-RS";"UOP01-DEL09-RS"
460816;2022-07-10;"domingo";"04:50:00";"MG";40;613,6;"CONGONHAS";"Condutor deixou de manter distância do veículo da frente";"Colisão traseira";"Com Vítimas Feridas";"Plena Noite";"Decrescente";"Céu Claro";"Simples";"Curva";"Não";2;0;1;0;0;1;1;2;-20,52319889;-43,8291359;"SPRF-MG";"DEL05-MG";"UOP02-DEL05-MG"
460817;2022-07-10;"domingo";"05:00:00";"RS";116;270;"CANOAS";"Ausência de reação do condutor";"Colisão lateral mesmo sentido";"Com Vítimas Feridas";"Plena Noite";"Crescente";"Nublado";"Dupla";"Reta";"Sim";4;0;3;0;1;0;3;2;-29,96839095;-51,17623895;"SPRF-RS";"DEL01-RS";"UOP01-DEL01-RS"
460819;2022-07-10;"domingo";"03:40:00";"PR";277;724;"FOZ DO IGUACU";"Velocidade Incompatível";"Saída de leito carroçável";"Com Vítimas Feridas";"Plena Noite";"Crescente";"Céu Claro";"Dupla";"Reta";"Sim";3;0;1;0;2;0;1;1;-25,50257577;-54,53868311;"SPRF-PR";"DEL05-PR";"UOP03-DEL05-PR"
460820;2022-07-10;"domingo";"04:55:00";"MS";163;18,2;"MUNDO NOVO";"Ingestão de álcool pelo condutor";"Saída de leito carroçável";"Sem Vítimas";"Plena Noite";"Crescente";"Céu Claro";"Simples";"Curva";"Sim";1;0;0;0;0;1;0;1;-23,94186304;-54,28068144;"SPRF-MS";"DEL09-MS";"UOP02-DEL09-MS"
460821;2022-07-10;"domingo";"04:00:00";"MG";381;446;"SANTA LUZIA";"Transitar na contramão";"Colisão frontal";"Sem Vítimas";"Amanhecer";"Crescente";"Chuva";"Simples";"Curva";"Não";4;0;0;0;3;1;0;2;-19,81532167;-43,80987167;"SPRF-MG";"DEL01-MG";"UOP01-DEL01-MG"
460822;2022-07-10;"domingo";"04:55:00";"SC";101;272,8;"IMBITUBA";"Condutor Dormindo";"Tombamento";"Com Vítimas Feridas";"Plena Noite";"Crescente";"Céu Claro";"Dupla";"Reta";"Não";1;0;0;1;0;0;1;1;-28,1272647;-48,69456422;"SPRF-SC";"DEL02-SC";"UOP03-DEL02-SC"
460823;2022-07-10;"domingo";"04:00:00";"RS";153;402,6;"CACHOEIRA DO SUL";"Transitar na contramão";"Colisão lateral sentido oposto";"Com Vítimas Feridas";"Plena Noite";"Decrescente";"Céu Claro";"Simples";"Declive";"Não";7;0;3;0;4;0;3;2;-29,98865349;-52,92702198;"SPRF-RS";"DEL02-RS";"UOP03-DEL02-RS"
460824;2022-07-10;"domingo";"05:20:00";"PR";277;437,9;"VIRMOND";"Velocidade Incompatível";"Saída de leito carroçável";"Com Vítimas Feridas";"Plena Noite";"Crescente";"Céu Claro";"Simples";"Reta";"Não";1;0;1;0;0;0;1;1;-25,37472497;-52,22963307;"SPRF-PR";"DEL04-PR";"UOP02-DEL04-PR"
460825;2022-07-10;"domingo";"04:40:00";"RJ";116;281;"BARRA MANSA";"Condutor Dormindo";"Colisão com objeto";"Sem Vítimas";"Plena Noite";"Decrescente";"Céu Claro";"Dupla";"Reta";"Sim";1;0;0;0;1;0;0;1;-22,53244798;-44,19565304;"SPRF-RJ";"DEL07-RJ";"UOP02-DEL07-RJ"
460826;2022-07-10;"domingo";"05:30:00";"SC";101;207,2;"SAO JOSE";"Ingestão de álcool pelo condutor";"Tombamento";"Com Vítimas Feridas";"Plena Noite";"Decrescente";"Céu Claro";"Dupla";"Reta";"Sim";1;0;1;0;0;0;1;1;-27,60017177;-48,62230892;"SPRF-SC";"DEL01-SC";"UOP01-DEL01-SC"
460827;2022-07-10;"domingo";"05:30:00";"CE";230;39,2;"LAVRAS DA MANGABEIRA";"Transitar na contramão";"Colisão frontal";"Com Vítimas Feridas";"Pleno dia";"Decrescente";"Sol";"Simples";"Reta";"Sim";2;0;0;1;1;0;1;2;-6,75403359;-38,95981181;"SPRF-CE";"DEL05-CE";"UOP01-DEL05-CE"
460828;2022-07-10;"domingo";"03:45:00";"PR";277;724,5;"FOZ DO IGUACU";"Reação tardia ou ineficiente do condutor";"Saída de leito carroçável";"Com Vítimas Feridas";"Plena Noite";"Crescente";"Céu Claro";"Dupla";"Reta";"Sim";1;0;0;1;0;0;1;1;-25,50257577;-54,53868311;"SPRF-PR";"DEL05-PR";"UOP03-DEL05-PR"
460829;2022-07-10;"domingo";"05:00:00";"PR";376;592;"CURITIBA";"Ingestão de álcool e/ou substâncias psicoativas pelo pedestre";"Saída de leito carroçável";"Sem Vítimas";"Plena Noite";"Decrescente";"Nublado";"Dupla";"Reta";"Não";1;0;0;0;0;1;0;1;-25,46833525;-49,35524543;"SPRF-PR";"DEL01-PR";"UOP06-DEL01-PR"
460830;2022-07-10;"domingo";"06:00:00";"RS";116;240;"NOVO HAMBURGO";"Ausência de reação do condutor";"Colisão com objeto";"Sem Vítimas";"Amanhecer";"Crescente";"Céu Claro";"Simples";"Reta;Viaduto;Aclive";"Sim";1;0;0;0;0;1;0;1;-29,71311248;-51,14600301;"SPRF-RS";"DEL01-RS";"UOP02-DEL01-RS"
460831;2022-07-10;"domingo";"05:25:00";"SC";101;458;"SAO JOAO DO SUL";"Velocidade Incompatível";"Colisão com objeto";"Sem Vítimas";"Plena Noite";"Crescente";"Nevoeiro/Neblina";"Dupla";"Reta";"Não";1;0;0;0;1;0;0;1;-29,24075694;-49,75535784;"SPRF-SC";"DEL02-SC";"UOP02-DEL02-SC"
460832;2022-07-10;"domingo";"00:05:00";"GO";414;235;"NIQUELANDIA";"Reação tardia ou ineficiente do condutor";"Colisão com objeto";"Com Vítimas Fatais";"Plena Noite";"Crescente";"Céu Claro";"Simples";"Reta";"Não";1;1;0;0;0;0;0;1;-14,69501797;-48,59993007;"SPRF-GO";"DEL07-GO";"UOP02-DEL07-GO"
460833;2022-07-10;"domingo";"06:00:00";"GO";40;2;"VALPARAISO DE GOIAS";"Acessar a via sem observar a presença dos outros veículos";"Colisão lateral mesmo sentido";"Com Vítimas Feridas";"Amanhecer";"Crescente";"Céu Claro";"Dupla";"Reta";"Sim";3;0;2;0;1;0;2;2;-16,067129;-47,984235;"SPRF-DF";"DEL01-DF";"UOP01-DEL01-DF"
460834;2022-07-10;"domingo";"06:20:00";"SP";116;230;"SAO PAULO";"Demais falhas mecânicas ou elétricas";"Incêndio";"Sem Vítimas";"Amanhecer";"Crescente";"Nublado";"Múltipla";"Reta";"Sim";1;0;0;0;1;0;0;1;-23,52251783;-46,5855702;"SPRF-SP";"DEL01-SP";"UOP01-DEL01-SP"
460835;2022-07-09;"sábado";"23:10:00";"SE";101;148;"ESTANCIA";"Ultrapassagem Indevida";"Colisão frontal";"Com Vítimas Feridas";"Plena Noite";"Crescente";"Nublado";"Simples";"Reta";"Sim";2;0;0;1;1;0;1;2;-11,23058903;-37,42573496;"SPRF-SE";"DEL02-SE";"UOP01-DEL02-SE"
460836;2022-07-09;"sábado";"18:00:00";"SC";280;7;"SAO FRANCISCO DO SUL";"Ingestão de álcool e/ou substâncias psicoativas pelo pedestre";"Colisão traseira";"Sem Vítimas";"Plena Noite";"Crescente";"Nublado";"Simples";"Reta";"Sim";3;0;0;0;3;0;0;3;-26,27127101;-48,64129599;"SPRF-SC";"DEL03-SC";"UOP03-DEL03-SC"
460837;2022-07-10;"domingo";"04:28:00";"RO";319;61;"PORTO VELHO";"Ausência de reação do condutor";"Colisão com objeto";"Sem Vítimas";"Amanhecer";"Crescente";"Céu Claro";"Dupla";"Reta";"Sim";1;0;0;0;1;0;0;1;-8,766685;-63,884052;"SPRF-RO";"DEL01-RO";"UOP01-DEL01-RO"
460838;2022-07-10;"domingo";"06:45:00";"GO";50;267;"CATALAO";"Velocidade Incompatível";"Saída de leito carroçável";"Com Vítimas Fatais";"Pleno dia";"Crescente";"Céu Claro";"Dupla";"Reta;Declive";"Não";3;1;0;2;0;0;2;1;-18,087;-47,871;"SPRF-GO";"DEL06-GO";"UOP01-DEL06-GO"