"id";"data_inversa";"dia_semana";"horario";"uf";"br";"km";"municipio";"causa_acidente";"tipo_acidente";"classificacao_acidente";"fase_dia";"sentido_via";"condicao_metereologica";"tipo_pista";"tracado_via";"uso_solo";"pessoas";"mortos";"feridos_leves";"feridos_graves";"ilesos";"ignorados";"feridos";"veiculos";"latitude";"longitude";"regional";"delegacia";"uop"
460840;2022-07-01;"sexta-feira";"15:00:00";"MG";40;785;"JUIZ DE FORA";"Reação tardia ou ineficiente do condutor";"Queda de ocupante de veículo";"Com Vítimas Feridas";"Pleno dia";"Crescente";"Ignorado";"Dupla";"Reta";"Não";1;0;1;0;0;0;1;1;-21,71976086;-43,44303569;"SPRF-MG";"DEL05-MG";"UOP01-DEL05-MG"
460841;2022-07-09;"sábado";"21:00:00";"PR";373;380;"CANDOI";"Ausência de reação do condutor";"Colisão com objeto";"Com Vítimas Feridas";"Plena Noite";"Crescente";"Céu Claro";"Simples";"Reta";"Não";2;0;0;2;0;0;2;1;-25,45286213;-51,93729097;"SPRF-PR";"DEL08-PR";"UOP01-DEL08-PR"
460842;2022-07-10;"domingo";"04:45:00";"RS";158;157,1;"PANAMBI";"Condutor Dormindo";"Saída de leito carroçável";"Com Vítimas Feridas";"Plena Noite";"Decrescente";"Céu Claro";"Simples";"Reta";"Não";1;0;1;0;0;0;1;1;-28,3344849;-53,50098822;"SPRF-RS";"DEL10-RS";"UOP02-DEL10-RS"
460843;2022-07-10;"domingo";"06:45:00";"PE";104;74;"CARUARU";"Chuva";"Saída de leito carroçável";"Com Vítimas Feridas";"Pleno dia";"Crescente";"Chuva";"Simples";"Curva";"Não";5;0;4;0;1;0;4;1;-8,349874;-35,985184;"SPRF-PE";"DEL02-PE";"UOP01-DEL02-PE"
460845;2022-07-10;"domingo";"07:00:00";"RS";392;348,9;"SANTA MARIA";"Demais falhas mecânicas ou elétricas";"Colisão com objeto";"Com Vítimas Feridas";"Amanhecer";"Crescente";"Nublado";"Simples";"Ponte";"Não";3;0;1;0;1;1;1;1;-29,7499657;-53,79070586;"SPRF-RS";"DEL09-RS";"UOP01-DEL09-RS"
460846;2022-07-10;"domingo";"06:00:00";"PR";277;132,8;"CAMPO LARGO";"Neblina";"Colisão com objeto";"Com Vítimas Feridas";"Plena Noite";"Crescente";"Nevoeiro/Neblina";"Dupla";"Reta";"Não";2;0;1;0;0;1;1;2;-25,44518045;-49,4985659;"SPRF-PR";"DEL03-PR";"UOP03-DEL03-PR"
460847;2022-07-10;"domingo";"06:50:00";"RS";470;216;"BENTO GONCALVES";"Reação tardia ou ineficiente do condutor";"Saída de leito carroçável";"Sem Vítimas";"Amanhecer";"Decrescente";"Céu Claro";"Simples";"Curva";"Sim";3;0;0;0;0;3;0;2;-29,15887096;-51,53142395;"SPRF-RS";"DEL06-RS";"UOP01-DEL06-RS"
460848;2022-07-10;"domingo";"06:50:00";"DF";20;40;"BRASILIA";"Transitar no acostamento";"Capotamento";"Com Vítimas Feridas";"Pleno dia";"Crescente";"Céu Claro";"Dupla";"Declive";"Não";1;0;1;0;0;0;1;1;-15,581853;-47,512711;"SPRF-DF";"DEL02-DF";"UOP01-DEL02-DF"
460849;2022-07-10;"domingo";"07:20:00";"ES";101;127;"SOORETAMA";"Acessar a via sem observar a presença dos outros veículos";"Colisão transversal";"Com Vítimas Feridas";"Pleno dia";"Crescente";"Céu Claro";"Simples";"Interseção de Vias";"Sim";3;0;2;0;1;0;2;2;-19,202898;-40,095524;"SPRF-ES";"DEL04-ES";"UOP01-DEL04-ES"
460850;2022-07-10;"domingo";"06:30:00";"RJ";116;122;"MAGE";"Ausência de reação do condutor";"Saída de leito carroçável";"Sem Vítimas";"Pleno dia";"Crescente";"Nevoeiro/Neblina";"Dupla";"Reta";"Não";1;0;0;0;1;0;0;1;-22,65742299;-43,08700562;"SPRF-RJ";"DEL04-RJ";"UOP02-DEL04-RJ"
460852;2022-07-10;"domingo";"07:40:00";"PE";428;191,5;"PETROLINA";"Ausência de reação do condutor";"Colisão traseira";"Com Vítimas Feridas";"Pleno dia";"Decrescente";"Céu Claro";"Múltipla";"Reta";"Sim";2;0;1;0;1;0;1;2;-9,37766429;-40,50269795;"SPRF-PE";"DEL06-PE";"UOP01-DEL06-PE"
460853;2022-06-08;"quarta-feira";"11:30:00";"PR";153;105,9;"IBAITI";"Velocidade Incompatível";"Colisão traseira";"Com Vítimas Feridas";"Pleno dia";"Crescente";"Céu Claro";"Simples";"Reta";"Não";2;0;1;0;1;0;1;2;-23,814184;-50,179108;"SPRF-PR";"DEL07-PR";"UOP04-DEL07-PR"
460854;2022-07-10;"domingo";"06:20:00";"MT";174;281;"PONTES E LACERDA";"Transitar na contramão";"Colisão lateral sentido oposto";"Com Vítimas Feridas";"Pleno dia";"Crescente";"Céu Claro";"Simples";"Reta";"Não";2;0;1;0;1;0;1;2;-15,28974853;-59,27750967;"SPRF-MT";"DEL04-MT";"UOP01-DEL04-MT"
460855;2022-07-10;"domingo";"08:50:00";"MG";40;656,4;"CRISTIANO OTONI";"Velocidade Incompatível";"Tombamento";"Com Vítimas Feridas";"Pleno dia";"Decrescente";"Sol";"Dupla";"Curva;Declive";"Não";1;0;1;0;0;0;1;1;-20,879898;-43,800726;"SPRF-MG";"DEL05-MG";"UOP02-DEL05-MG"
460856;2022-07-10;"domingo";"08:00:00";"RO";435;103,8;"COLORADO DO OESTE";"Ausência de reação do condutor";"Saída de leito carroçável";"Com Vítimas Feridas";"Pleno dia";"Decrescente";"Céu Claro";"Simples";"Curva";"Não";1;0;1;0;0;0;1;1;-13,19396296;-60,64409226;"SPRF-RO";"DEL04-RO";"UOP02-DEL04-RO"
460857;2022-07-10;"domingo";"08:15:00";"PI";343;308;"ALTOS";"Acessar a via sem observar a presença dos outros veículos";"Colisão lateral mesmo sentido";"Com Vítimas Feridas";"Pleno dia";"Decrescente";"Céu Claro";"Simples";"Reta";"Sim";2;0;1;0;0;1;1;2;-5,038669;-42,468166;"SPRF-PI";"DEL01-PI";"UOP01-DEL01-PI"
460858;2022-07-10;"domingo";"06:00:00";"SC";101;125,7;"ITAJAI";"Ingestão de álcool pelo condutor";"Saída de leito carroçável";"Com Vítimas Fatais";"Amanhecer";"Crescente";"Nublado";"Múltipla";"Reta";"Não";1;1;0;0;0;0;0;1;-26,9517375;-48,679754;"SPRF-SC";"DEL04-SC";"UOP04-DEL04-SC"
460859;2022-07-10;"domingo";"07:10:00";"RJ";116;168;"SAO JOAO DE MERITI";"Acesso irregular";"Colisão traseira";"Com Vítimas Feridas";"Pleno dia";"Crescente";"Céu Claro";"Dupla";"Reta";"Não";2;0;1;0;1;0;1;2;-22,819969;-43,31499997;"SPRF-RJ";"DEL01-RJ";"UOP02-DEL01-RJ"
460860;2022-07-10;"domingo";"09:03:00";"PE";232;130,3;"CARUARU";"Ausência de reação do condutor";"Colisão traseira";"Com Vítimas Feridas";"Pleno dia";"Crescente";"Céu Claro";"Dupla";"Declive";"Sim";3;0;1;0;2;0;1;2;-8,30007339;-35,99419355;"SPRF-PE";"DEL02-PE";"UOP01-DEL02-PE"
460861;2022-07-09;"sábado";"19:30:00";"PB";230;503,1;"CAJAZEIRAS";"Velocidade Incompatível";"Saída de leito carroçável";"Sem Vítimas";"Plena Noite";"Decrescente";"Céu Claro";"Simples";"Curva";"Não";1;0;0;0;0;1;0;1;-6,89833;-38,546721;"SPRF-PB";"DEL03-PB";"UOP03-DEL03-PB"
460862;2022-06-12;"domingo";"05:30:00";"SC";101;73,2;"ARAQUARI";"Ausência de reação do condutor";"Queda de ocupante de veículo";"Com Vítimas Feridas";"Plena Noite";"Decrescente";"Céu Claro";"Dupla";"Reta";"Sim";1;0;1;0;0;0;1;1;-26,53567108;-48,71326731;"SPRF-SC";"DEL03-SC";"UOP02-DEL03-SC"
460863;2022-07-10;"domingo";"10:10:00";"RN";304;45,5;"MOSSORO";"Ausência de reação do condutor";"Colisão com objeto";"Com Vítimas Feridas";"Pleno dia";"Crescente";"Sol";"Dupla";"Reta";"Sim";1;0;1;0;0;0;1;1;-5,2250698;-37,3490001;"SPRF-RN";"DEL04-RN";"UOP01-DEL04-RN"
460865;2022-07-10;"domingo";"08:30:00";"RO";364;721;"PORTO VELHO";"Frear bruscamente";"Tombamento";"Com Vítimas Feridas";"Pleno dia";"Crescente";"Céu Claro";"Dupla";"Reta";"Sim";2;0;1;1;0;0;2;1;-8,82143666;-63,92563725;"SPRF-RO";"DEL01-RO";"UOP01-DEL01-RO"
460868;2022-07-10;"domingo";"08:57:00";"SC";470;122;"IBIRAMA";"Condutor deixou de manter distância do veículo da frente";"Colisão traseira";"Com Vítimas Feridas";"Pleno dia";"Crescente";"Céu Claro";"Simples";"Reta";"Não";3;0;1;0;2;0;1;2;-27,099888;-49,527679;"SPRF-SC";"DEL04-SC";"UOP02-DEL04-SC"
460869;2022-07-10;"domingo";"09:15:00";"MG";381;529,4;"BRUMADINHO";"Velocidade Incompatível";"Tombamento";"Com Vítimas Feridas";"Pleno dia";"Crescente";"Céu Claro";"Dupla";"Curva";"Sim";1;0;0;1;0;0;1;1;-20,16619722;-44,36914378;"SPRF-MG";"DEL04-MG";"UOP03-DEL04-MG"
460870;2022-07-10;"domingo";"11:35:00";"GO";60;96,5;"ANAPOLIS";"Ingestão de álcool e/ou substâncias psicoativas pelo pedestre";"Tombamento";"Com Vítimas Feridas";"Pleno dia";"Crescente";"Céu Claro";"Dupla";"Reta";"Sim";1;0;0;1;0;0;1;1;-16,371;-48,9422;"SPRF-GO";"DEL02-GO";"UOP01-DEL02-GO"
460871;2022-07-10;"domingo";"10:30:00";"PE";232;139,1;"SAO CAITANO";"Acessar a via sem observar a presença dos outros veículos";"Colisão transversal";"Com Vítimas Fatais";"Pleno dia";"Crescente";"Céu Claro";"Dupla";"Retorno Regulamentado";"Não";3;1;2;0;0;0;2;2;-8,31947086;-36,06799801;"SPRF-PE";"DEL02-PE";"UOP01-DEL02-PE"
460872;2022-05-04;"quarta-feira";"05:30:00";"MG";381;481,2;"CONTAGEM";"Iluminação deficiente";"Queda de ocupante de veículo";"Com Vítimas Feridas";"Amanhecer";"Crescente";"Céu Claro";"Múltipla";"Reta";"Sim";2;0;1;0;0;1;1;1;-19,95931561;-44,08825597;"SPRF-MG";"DEL01-MG";"UOP03-DEL01-MG"
460873;2022-07-10;"domingo";"11:45:00";"MG";381;881;"ESTIVA";"Obstrução na via";"Engavetamento";"Com Vítimas Feridas";"Pleno dia";"Crescente";"Céu Claro";"Dupla";"Curva";"Não";6;0;3;0;2;1;3;3;-22,46161985;-46,00964114;"SPRF-MG";"DEL16-MG";"UOP03-DEL16-MG"
460874;2022-07-10;"domingo";"10:30:00";"MG";262;29,7;"MANHUACU";"Ausência de reação do condutor";"Colisão traseira";"Com Vítimas Feridas";"Pleno dia";"Decrescente";"Céu Claro";"Simples";"Reta";"Não";3;0;2;0;1;0;2;2;-20,247223;-41,982025;"SPRF-MG";"DEL06-MG";"UOP03-DEL06-MG"
460875;2022-07-10;"domingo";"11:55:00";"SP";116;103,1;"PINDAMONHANGABA";"Manobra de mudança de faixa";"Colisão lateral mesmo sentido";"Com Vítimas Feridas";"Pleno dia";"Crescente";"Céu Claro";"Dupla";"Reta;Ponte";"Sim";3;0;2;0;1;0;2;2;-22,99936515;-45,49841881;"SPRF-SP";"DEL08-SP";"UOP01-DEL08-SP"
460876;2022-07-10;"domingo";"11:20:00";"GO";50;270;"CATALAO";"Avarias e/ou desgaste excessivo no pneu";"Tombamento";"Com Vítimas Feridas";"Pleno dia";"Crescente";"Céu Claro";"Dupla";"Reta";"Não";2;0;0;2;0;0;2;1;-18,1087;-47,8878;"SPRF-GO";"DEL06-GO";"UOP01-DEL06-GO"
460877;2022-07-10;"domingo";"11:45:00";"SC";101;216;"PALHOCA";"Manobra de mudança de faixa";"Colisão transversal";"Com Vítimas Feridas";"Pleno dia";"Crescente";"Céu Claro";"Múltipla";"Interseção de Vias";"Sim";3;0;2;1;0;0;3;2;-27,66068132;-48,67718518;"SPRF-SC";"DEL01-SC";"UOP02-DEL01-SC"
460878;2022-07-10;"domingo";"09:15:00";"MG";365;654;"MONTE ALEGRE DE MINAS";"Ausência de reação do condutor";"Saída de leito carroçável";"Com Vítimas Feridas";"Pleno dia";"Crescente";"Céu Claro";"Dupla";"Reta";"Não";1;0;1;0;0;0;1;1;-18,86812405;-48,59526395;"SPRF-MG";"DEL15-MG";"UOP01-DEL15-MG"
460880;2022-07-10;"domingo";"09:45:00";"MG";381;666,7;"PERDOES";"Avarias e/ou desgaste excessivo no pneu";"Saída de leito carroçável";"Sem Vítimas";"Pleno dia";"Crescente";"Céu Claro";"Dupla";"Curva;Declive";"Não";1;0;0;0;1;0;0;1;-21,05519234;-45,04088189;"SPRF-MG";"DEL04-MG";"UOP02-DEL04-MG"
460881;2022-07-10;"domingo";"05:00:00";"PA";230;564;"ANAPU";"Transitar na contramão";"Tombamento";"Com Vítimas Fatais";"Pleno dia";"Crescente";"Sol";"Simples";"Reta";"Não";1;1;0;0;0;0;0;1;-3,104551;-51,64659;"SPRF-PA";"DEL04-PA";"UOP01-DEL04-PA"
460882;2022-07-10;"domingo";"09:50:00";"BA";116;651;"JEQUIE";"Acumulo de água sobre o pavimento";"Colisão com objeto";"Sem Vítimas";"Pleno dia";"Crescente";"Chuva";"Simples";"Curva;Declive";"Não";1;0;0;0;1;0;0;1;-13,61963102;-40,09194573;"SPRF-BA";"DEL03-BA";"UOP01-DEL03-BA"
460883;2022-07-10;"domingo";"09:20:00";"ES";101;120;"SOORETAMA";"Demais falhas mecânicas ou elétricas";"Saída de leito carroçável";"Sem Vítimas";"Pleno dia";"Decrescente";"Céu Claro";"Simples";"Reta";"Não";2;0;0;0;2;0;0;1;-19,1438532;-40,0751016;"SPRF-ES";"DEL04-ES";"UOP01-DEL04-ES"
460884;2022-07-10;"domingo";"12:50:00";"ES";259;62;"COLATINA";"Ultrapassagem Indevida";"Colisão lateral mesmo sentido";"Com Vítimas Fatais";"Pleno dia";"Crescente";"Nublado";"Simples";"Reta";"Sim";2;1;0;0;1;0;0;2;-19,52788792;-40,69764845;"SPRF-ES";"DEL02-ES";"UOP01-DEL02-ES"
460887;2022-07-10;"domingo";"12:00:00";"MG";116;512,5;"UBAPORANGA";"Acessar a via sem observar a presença dos outros veículos";"Colisão transversal";"Com Vítimas Feridas";"Pleno dia";"Decrescente";"Céu Claro";"Simples";"Reta";"Não";5;0;3;0;0;2;3;3;-19,66095102;-42,11695495;"SPRF-MG";"DEL06-MG";"UOP02-DEL06-MG"
460888;2022-07-10;"domingo";"13:40:00";"RJ";116;195;"QUEIMADOS";"Desvio temporário";"Queda de ocupante de veículo";"Com Vítimas Feridas";"Pleno dia";"Crescente";"Céu Claro";"Dupla";"Reta";"Não";1;0;1;0;0;0;1;1;-22,73573614;-43,54749701;"SPRF-RJ";"DEL01-RJ";"UOP02-DEL01-RJ"
460889;2022-07-10;"domingo";"14:08:00";"RJ";101;82,5;"CAMPOS DOS GOYTACAZES";"Ultrapassagem Indevida";"Colisão transversal";"Sem Vítimas";"Pleno dia";"Decrescente";"Céu Claro";"Simples";"Reta";"Não";2;0;0;0;2;0;0;2;-21,82752108;-41,45414032;"SPRF-RJ";"DEL08-RJ";"UOP02-DEL08-RJ"
460890;2022-07-10;"domingo";"13:45:00";"BA";116;750;"POCOES";"Acessar a via sem observar a presença dos outros veículos";"Colisão transversal";"Com Vítimas Feridas";"Pleno dia";"Crescente";"Nublado";"Simples";"Reta";"Não";3;0;2;1;0;0;3;2;-14,42946301;-40,35310914;"SPRF-BA";"DEL08-BA";"UOP02-DEL08-BA"
460891;2022-07-10;"domingo";"14:56:00";"ES";101;290,3;"CARIACICA";"Desrespeitar a preferência no cruzamento";"Colisão transversal";"Com Vítimas Feridas";"Pleno dia";"Crescente";"Céu Claro";"Dupla";"Reta;Interseção de Vias;Retorno Regulamentado";"Sim";3;0;0;1;1;1;1;3;-20,28927747;-40,39181575;"SPRF-ES";"DEL01-ES";"UOP01-DEL01-ES"
460893;2022-07-10;"domingo";"14:55:00";"RS";101;14,1;"DOM PEDRO DE ALCANTARA";"Condutor deixou de manter distância do veículo da frente";"Tombamento";"Com Vítimas Feridas";"Pleno dia";"Crescente";"Nublado";"Dupla";"Curva";"Sim";3;0;2;0;1;0;2;2;-29,39862947;-49,85083421;"SPRF-RS";"DEL03-RS";"UOP02-DEL03-RS"
460894;2022-06-20;"segunda-feira";"17:34:00";"DF";80;25;"BRASILIA";"Condutor Dormindo";"Colisão traseira";"Com Vítimas Feridas";"Plena Noite";"Crescente";"Céu Claro";"Simples";"Declive;Reta";"Não";2;0;2;0;0;0;2;2;-15,62121;-48,198963;"SPRF-DF";"DEL03-DF";"UOP02-DEL03-DF"
460895;2022-07-10;"domingo";"10:05:00";"RO";364;163,4;"PIMENTA BUENO";"Manobra de mudança de faixa";"Saída de leito carroçável";"Com Vítimas Feridas";"Pleno dia";"Crescente";"Céu Claro";"Simples";"Declive";"Não";1;0;1;0;0;0;1;1;-11,89801975;-60,97881257;"SPRF-RO";"DEL02-RO";"UOP02-DEL02-RO"
460896;2022-07-10;"domingo";"13:30:00";"PB";104;139,4;"QUEIMADAS";"Ingestão de álcool pelo condutor";"Colisão transversal";"Com Vítimas Feridas";"Pleno dia";"Crescente";"Sol";"Simples";"Curva";"Sim";2;0;0;1;1;0;1;2;-7,36948311;-35,89979635;"SPRF-PB";"DEL02-PB";"UOP03-DEL02-PB"
460897;2022-07-10;"domingo";"07:09:00";"TO";226;36;"DARCINOPOLIS";"Ausência de reação do condutor";"Tombamento";"Com Vítimas Fatais";"Pleno dia";"Decrescente";"Céu Claro";"Simples";"Reta";"Não";2;1;0;0;0;1;0;2;-6,682549;-47,739311;"SPRF-TO";"DEL02-TO";"UOP03-DEL02-TO"
460898;2022-03-04;"sexta-feira";"22:20:00";"DF";40;5,7;"BRASILIA";"Manobra de mudança de faixa";"Colisão lateral mesmo sentido";"Com Vítimas Feridas";"Plena Noite";"Crescente";"Nublado";"Dupla";"Reta";"Não";2;0;1;0;1;0;1;2;-16,02799551;-47,97883987;"SPRF-DF";"DEL01-DF";"UOP01-DEL01-DF"
460901;2022-07-10;"domingo";"11:40:00";"RJ";101;520;"ANGRA DOS REIS";"Manobra de mudança de faixa";"Colisão traseira";"Com Vítimas Feridas";"Pleno dia";"Decrescente";"Céu Claro";"Simples";"Reta";"Não";2;0;1;0;1;0;1;2;-23,00519997;-44,45275661;"SPRF-RJ";"DEL03-RJ";"UOP03-DEL03-RJ"
460902;2022-07-10;"domingo";"14:40:00";"GO";153;517,3;"APARECIDA DE GOIANIA";"Reação tardia ou ineficiente do condutor";"Saída de leito carroçável";"Com Vítimas Feridas";"Pleno dia";"Crescente";"Céu Claro";"Dupla";"Aclive";"Não";2;0;1;0;1;0;1;1;-16,8581;-49,2488;"SPRF-GO";"DEL01-GO";"UOP03-DEL01-GO"
460904;2022-07-10;"domingo";"16:00:00";"RJ";116;102;"GUAPIMIRIM";"Conversão proibida";"Colisão lateral mesmo sentido";"Com Vítimas Feridas";"Pleno dia";"Crescente";"Céu Claro";"Simples";"Reta";"Não";2;0;1;0;1;0;1;2;-22,49820581;-42,99844401;"SPRF-RJ";"DEL04-RJ";"UOP01-DEL04-RJ"
460905;2022-07-10;"domingo";"15:40:00";"BA";116;420,7;"FEIRA DE SANTANA";"Acessar a via sem observar a presença dos outros veículos";"Colisão com objeto";"Com Vítimas Feridas";"Pleno dia";"Crescente";"Céu Claro";"Dupla";"Reta";"Sim";2;0;1;0;1;0;1;1;-12,20815707;-38,96561092;"SPRF-BA";"DEL02-BA";"UOP01-DEL02-BA"
460906;2022-06-02;"quinta-feira";"08:16:00";"DF";60;1;"BRASILIA";"Pedestre cruzava a pista fora da faixa";"Atropelamento de Pedestre";"Com Vítimas Feridas";"Pleno dia";"Decrescente";"Céu Claro";"Dupla";"Reta";"Sim";2;0;0;1;1;0;1;2;-15,88409147;-48,06574529;"SPRF-DF";"DEL03-DF";"UOP01-DEL03-DF"
460908;2022-07-10;"domingo";"15:10:00";"MS";419;218;"AQUIDAUANA";"Velocidade Incompatível";"Colisão com objeto";"Com Vítimas Feridas";"Pleno dia";"Crescente";"Céu Claro";"Simples";"Reta";"Não";3;0;2;0;1;0;2;1;-20,255879;-55,749246;"SPRF-MS";"DEL03-MS";"UOP01-DEL03-MS"
460909;2022-07-10;"domingo";"15:55:00";"PR";376;185;"MARIALVA";"Ausência de reação do condutor";"Saída de leito carroçável";"Com Vítimas Feridas";"Pleno dia";"Decrescente";"Céu Claro";"Dupla";"Reta";"Sim";5;0;2;0;2;1;2;2;-23,45147413;-51,85361808;"SPRF-PR";"DEL09-PR";"UOP01-DEL09-PR"
460910;2022-07-10;"domingo";"10:30:00";"MT";163;109,2;"RONDONOPOLIS";"Avarias e/ou desgaste excessivo no pneu";"Queda de ocupante de veículo";"Com Vítimas Feridas";"Pleno dia";"Crescente";"Céu Claro";"Dupla";"Aclive";"Não";2;0;2;0;0;0;2;1;-16,58644808;-54,69021581;"SPRF-MT";"DEL02-MT";"UOP01-DEL02-MT"
460911;2022-07-10;"domingo";"16:30:00";"GO";40;12,9;"LUZIANIA";"Desrespeitar a preferência no cruzamento";"Colisão transversal";"Com Vítimas Feridas";"Pleno dia";"Crescente";"Céu Claro";"Dupla";"Reta";"Sim";2;0;1;0;1;0;1;2;-16,145123;-47,945382;"SPRF-DF";"DEL01-DF";"UOP01-DEL01-DF"
460913;2022-07-10;"domingo";"16:20:00";"SC";101;344,6;"TUBARAO";"Ingestão de álcool pelo condutor";"Colisão traseira";"Sem Vítimas";"Pleno dia";"Decrescente";"Céu Claro";"Múltipla";"Reta";"Não";3;0;0;0;3;0;0;2;-28,55469964;-49,05410528;"SPRF-SC";"DEL02-SC";"UOP01-DEL02-SC"
460914;2022-07-10;"domingo";"16:30:00";"PE";232;59;"POMBOS";"Acumulo de areia ou detritos sobre o pavimento";"Queda de ocupante de veículo";"Com Vítimas Feridas";"Pleno dia";"Crescente";"Céu Claro";"Dupla";"Reta";"Não";1;0;1;0;0;0;1;1;-8,13255758;-35,36570027;"SPRF-PE";"DEL02-PE";"UOP02-DEL02PE"
460916;2022-07-10;"domingo";"16:50:00";"MG";40;456;"CAETANOPOLIS";"Manobra de mudança de faixa";"Saída de leito carroçável";"Com Vítimas Feridas";"Pleno dia";"Decrescente";"Sol";"Dupla";"Curva";"Não";2;0;1;0;1;0;1;1;-19,36312782;-44,33978478;"SPRF-MG";"DEL02-MG";"UOP01-DEL02-MG"
460917;2022-07-10;"domingo";"17:03:00";"RS";472;177;"SANTA ROSA";"Acessar a via sem observar a presença dos outros veículos";"Colisão traseira";"Com Vítimas Feridas";"Pleno dia";"Decrescente";"Céu Claro";"Simples";"Reta";"Sim";10;0;0;1;9;0;1;3;-27,85432363;-54,52952598;"SPRF-RS";"DEL10-RS";"UOP01-DEL10-RS"
460918;2022-07-10;"domingo";"16:50:00";"BA";116;15;"VITORIA DA CONQUISTA";"Acessar a via sem observar a presença dos outros veículos";"Colisão transversal";"Com Vítimas Feridas";"Pleno dia";"Crescente";"Garoa/Chuvisco";"Simples";"Reta";"Sim";1;0;1;0;0;0;1;1;-14,90088796;-40,85273808;"SPRF-BA";"DEL08-BA";"UOP01-DEL08-BA"
460919;2022-07-10;"domingo";"16:55:00";"PR";376;186;"SARANDI";"Velocidade Incompatível";"Colisão transversal";"Com Vítimas Feridas";"Pleno dia";"Decrescente";"Sol";"Dupla";"Reta;Aclive;Retorno Regulamentado";"Sim";4;0;2;0;2;0;2;2;-23,45138359;-51,85385406;"SPRF-PR";"DEL09-PR";"UOP01-DEL09-PR"
460920;2022-07-10;"domingo";"14:20:00";"GO";153;561,5;"PROFESSOR JAMIL";"Acostamento em desnível";"Saída de leito carroçável";"Com Vítimas Feridas";"Pleno dia";"Crescente";"Céu Claro";"Dupla";"Reta";"Não";4;0;3;1;0;0;4;1;-17,2262;-49,2294;"SPRF-GO";"DEL03-GO";"UOP01-DEL03-GO"
460921;2022-07-10;"domingo";"17:00:00";"PR";369;161,1;"CAMBE";"Conversão proibida";"Colisão transversal";"Sem Vítimas";"Anoitecer";"Decrescente";"Céu Claro";"Dupla";"Interseção de Vias;Reta";"Sim";2;0;0;0;1;1;0;2;-23,28862363;-51,2616947;"SPRF-PR";"DEL07-PR";"UOP01-DEL07-PR"
460922;2022-07-10;"domingo";"16:30:00";"MT";163;1043;"MATUPA";"Condutor deixou de manter distância do veículo da frente";"Colisão traseira";"Com Vítimas Feridas";"Pleno dia";"Decrescente";"Sol";"Simples";"Reta";"Não";5;0;3;0;2;0;3;2;-10,1404;-54,93018;"SPRF-MT";"DEL06-MT";"NPF/DEL06-MT"
460923;2022-07-10;"domingo";"16:40:00";"MS";163;419;"CAMPO GRANDE";"Acessar a via sem observar a presença dos outros veículos";"Colisão transversal";"Com Vítimas Feridas";"Pleno dia";"Crescente";"Sol";"Simples";"Reta";"Sim";2;0;0;1;1;0;1;2;-20,99998889;-54,50767096;"SPRF-MS";"DEL02-MS";"UOP01-DEL02-MS"
460924;2022-07-10;"domingo";"14:15:00";"PI";343;15;"PARNAIBA";"Ingestão de álcool pelo condutor";"Colisão frontal";"Com Vítimas Feridas";"Pleno dia";"Crescente";"Céu Claro";"Simples";"Reta";"Sim";2;0;0;1;1;0;1;2;-2,93659;-41,754936;"SPRF-PI";"DEL05-PI";"UOP01-DEL05-PI"
460925;2022-07-10;"domingo";"16:49:00";"PR";277;453,9;"LARANJEIRAS DO SUL";"Acessar a via sem observar a presença dos outros veículos";"Colisão transversal";"Com Vítimas Feridas";"Pleno dia";"Crescente";"Céu Claro";"Simples";"Interseção de Vias";"Sim";6;0;3;0;3;0;3;3;-25,38568167;-52,41098642;"SPRF-PR";"DEL04-PR";"UOP02-DEL04-PR"
460926;2022-07-10;"domingo";"17:45:00";"SP";488;4;"APARECIDA";"Pedestre cruzava a pista fora da faixa";"Atropelamento de Pedestre";"Com Vítimas Feridas";"Anoitecer";"Decrescente";"Céu Claro";"Dupla";"Curva";"Sim";2;0;0;1;1;0;1;2;-22,858398;-45,251377;"SPRF-SP";"DEL08-SP";"UOP01-DEL08-SP"
460928;2022-07-10;"domingo";"18:00:00";"SC";101;118;"ITAJAI";"Reação tardia ou ineficiente do condutor";"Colisão traseira";"Com Vítimas Feridas";"Anoitecer";"Crescente";"Nublado";"Dupla";"Reta";"Sim";5;0;1;0;4;0;1;2;-26,895859;-48,71903;"SPRF-SC";"DEL04-SC";"UOP04-DEL04-SC"
460930;2022-07-10;"domingo";"18:00:00";"MG";381;502,7;"BETIM";"Reação tardia ou ineficiente do condutor";"Colisão com objeto";"Com Vítimas Feridas";"Plena Noite";"Crescente";"Céu Claro";"Dupla";"Reta";"Sim";5;0;5;0;0;0;5;1;-20,03619694;-44,24586303;"SPRF-MG";"DEL01-MG";"UOP03-DEL01-MG"
460931;2022-07-10;"domingo";"18:00:00";"PR";376;143;"PRESIDENTE CASTELO BRANCO";"Reação tardia ou ineficiente do condutor";"Queda de ocupante de veículo";"Com Vítimas Feridas";"Anoitecer";"Crescente";"Céu Claro";"Dupla";"Reta";"Não";1;0;1;0;0;0;1;1;-23,26518298;-52,16200896;"SPRF-PR";"DEL09-PR";"UOP02-DEL09-PR"
460934;2022-07-10;"domingo";"18:50:00";"GO";40;11,4;"LUZIANIA";"Trafegar com motocicleta (ou similar) entre as faixas";"Colisão transversal";"Com Vítimas Feridas";"Plena Noite";"Decrescente";"Céu Claro";"Dupla";"Reta";"Sim";2;0;2;0;0;0;2;2;-16,138336;-47,951644;"SPRF-DF";"DEL01-DF";"UOP01-DEL01-DF"