"id";"data_inversa";"dia_semana";"horario";"uf";"br";"km";"municipio";"causa_acidente";"tipo_acidente";"classificacao_acidente";"fase_dia";"sentido_via";"condicao_metereologica";"tipo_pista";"tracado_via";"uso_solo";"pessoas";"mortos";"feridos_leves";"feridos_graves";"ilesos";"ignorados";"feridos";"veiculos";"latitude";"longitude";"regional";"delegacia";"uop"
461041;2022-07-11;"segunda-feira";"07:30:00";"BA";101;196,7;"CACHOEIRA";"Animais na Pista";"Atropelamento de Animal";"Com Vítimas Feridas";"Pleno dia";"Crescente";"Céu Claro";"Simples";"Reta";"Não";2;0;2;0;0;0;2;1;-12,59679696;-39,038245;"SPRF-BA";"DEL01-BA";"UOP03-DEL01-BA"
461042;2022-07-11;"segunda-feira";"06:50:00";"RJ";40;86;"PETROPOLIS";"Ausência de reação do condutor";"Saída de leito carroçável";"Com Vítimas Feridas";"Amanhecer";"Decrescente";"Céu Claro";"Simples";"Declive;Curva";"Não";1;0;1;0;0;0;1;1;-22,53575484;-43,23295774;"SPRF-RJ";"DEL06-RJ";"UOP01-DEL06-RJ"
461043;2022-07-11;"segunda-feira";"08:00:00";"SP";381;86;"SAO PAULO";"Reação tardia ou ineficiente do condutor";"Tombamento";"Com Vítimas Feridas";"Pleno dia";"Crescente";"Céu Claro";"Dupla";"Reta";"Sim";1;0;1;0;0;0;1;1;-23,45930499;-46,57161179;"SPRF-SP";"DEL03-SP";"UOP01-DEL03-SP"
461045;2022-07-11;"segunda-feira";"07:47:00";"SC";101;203;"SAO JOSE";"Acumulo de óleo sobre o pavimento";"Tombamento";"Com Vítimas Feridas";"Pleno dia";"Decrescente";"Céu Claro";"Múltipla";"Curva";"Sim";1;0;1;0;0;0;1;1;-27,5650044;-48,61460082;"SPRF-SC";"DEL01-SC";"UOP01-DEL01-SC"
461047;2022-07-11;"segunda-feira";"08:40:00";"GO";153;444;"ANAPOLIS";"Reação tardia ou ineficiente do condutor";"Colisão traseira";"Com Vítimas Feridas";"Pleno dia";"Crescente";"Céu Claro";"Dupla";"Interseção de Vias";"Sim";3;0;1;0;2;0;1;2;-16,343756;-48,9245;"SPRF-GO";"DEL02-GO";"UOP01-DEL02-GO"
461049;2022-07-11;"segunda-feira";"07:43:00";"PI";316;22;"TERESINA";"Estacionar ou parar em local proibido";"Colisão frontal";"Com Vítimas Feridas";"Pleno dia";"Decrescente";"Céu Claro";"Simples";"Reta";"Não";3;0;1;0;2;0;1;3;-5,27552796;-42,72607975;"SPRF-PI";"DEL01-PI";"UOP02-DEL01-PI"
461050;2022-07-11;"segunda-feira";"07:32:00";"SC";101;325;"CAPIVARI DE BAIXO";"Reação tardia ou ineficiente do condutor";"Colisão transversal";"Com Vítimas Feridas";"Pleno dia";"Crescente";"Céu Claro";"Simples";"Reta";"Sim";2;0;1;0;1;0;1;2;-28,42516271;-48,93259193;"SPRF-SC";"DEL02-SC";"UOP01-DEL02-SC"
461051;2022-07-11;"segunda-feira";"07:00:00";"RO";364;14,5;"VILHENA";"Ausência de reação do condutor";"Colisão transversal";"Com Vítimas Feridas";"Pleno dia";"Decrescente";"Céu Claro";"Simples";"Reta";"Sim";2;0;1;0;1;0;1;2;-12,73898138;-60,13911417;"SPRF-RO";"DEL04-RO";"UOP01-DEL04-RO"
461052;2022-07-11;"segunda-feira";"07:40:00";"SC";280;59;"GUARAMIRIM";"Manobra de mudança de faixa";"Colisão lateral mesmo sentido";"Com Vítimas Feridas";"Pleno dia";"Crescente";"Nublado";"Dupla";"Reta";"Sim";3;0;2;0;0;1;2;2;-26,47525778;-49,03098916;"SPRF-SC";"DEL03-SC";"UOP03-DEL03-SC"
461053;2022-07-11;"segunda-feira";"07:35:00";"BA";324;516;"FEIRA DE SANTANA";"Ultrapassagem Indevida";"Colisão transversal";"Com Vítimas Feridas";"Pleno dia";"Crescente";"Céu Claro";"Simples";"Reta";"Sim";2;0;1;0;1;0;1;2;-12,2417119;-38,93768485;"SPRF-BA";"DEL02-BA";"UOP01-DEL02-BA"
461054;2022-07-11;"segunda-feira";"06:00:00";"BA";242;366;"PALMEIRAS";"Velocidade Incompatível";"Colisão transversal";"Com Vítimas Fatais";"Pleno dia";"Crescente";"Nublado";"Simples";"Reta";"Não";4;2;2;0;0;0;2;2;-12,46767097;-41,43877801;"SPRF-BA";"DEL06-BA";"UOP01-DEL06-BA"
461055;2022-07-11;"segunda-feira";"05:50:00";"MG";40;511;"RIBEIRAO DAS NEVES";"Acessar a via sem observar a presença dos outros veículos";"Colisão lateral mesmo sentido";"Com Vítimas Feridas";"Amanhecer";"Crescente";"Céu Claro";"Dupla";"Reta";"Não";2;0;2;0;0;0;2;2;-19,78164295;-44,11733194;"SPRF-MG";"DEL01-MG";"UOP02-DEL01-MG"
461058;2022-07-11;"segunda-feira";"08:42:00";"AP";156;812;"OIAPOQUE";"Mal súbito do condutor";"Saída de leito carroçável";"Com Vítimas Feridas";"Pleno dia";"Crescente";"Céu Claro";"Simples";"Reta";"Não";3;0;1;0;2;0;1;1;3,78469548;-51,78719044;"SPRF-AP";"DEL01-AP";"UOP03-DEL01-AP"
461059;2022-07-11;"segunda-feira";"08:50:00";"RN";101;96;"NATAL";"Condutor deixou de manter distância do veículo da frente";"Engavetamento";"Sem Vítimas";"Pleno dia";"Decrescente";"Céu Claro";"Múltipla";"Reta";"Sim";4;0;0;0;4;0;0;4;-5,84949622;-35,20890752;"SPRF-RN";"DEL01-RN";"UOP01-DEL01-RN"
461060;2022-07-11;"segunda-feira";"07:40:00";"AP";210;0;"MACAPA";"Acessar a via sem observar a presença dos outros veículos";"Colisão transversal";"Com Vítimas Feridas";"Pleno dia";"Crescente";"Céu Claro";"Dupla";"Reta";"Sim";2;0;1;0;0;1;1;2;0,07780012;-51,06097;"SPRF-AP";"DEL01-AP";"UOP01-DEL01-AP"
461061;2022-07-11;"segunda-feira";"09:20:00";"MG";365;622,7;"UBERLANDIA";"Pista esburacada";"Tombamento";"Com Vítimas Feridas";"Pleno dia";"Decrescente";"Céu Claro";"Dupla";"Reta";"Sim";1;0;1;0;0;0;1;1;-18,90357341;-48,28069031;"SPRF-MG";"DEL15-MG";"UOP01-DEL15-MG"
461062;2022-07-11;"segunda-feira";"06:30:00";"MG";365;156,8;"PIRAPORA";"Ausência de reação do condutor";"Saída de leito carroçável";"Com Vítimas Fatais";"Pleno dia";"Decrescente";"Céu Claro";"Simples";"Reta";"Não";1;1;0;0;0;0;0;1;-17,33324402;-44,89769078;"SPRF-MG";"DEL12-MG";"UOP01-DEL12-MG"
461063;2022-07-11;"segunda-feira";"10:15:00";"MG";116;727,8;"LARANJAL";"Ausência de reação do condutor";"Saída de leito carroçável";"Com Vítimas Feridas";"Pleno dia";"Decrescente";"Sol";"Simples";"Reta";"Não";2;0;1;0;0;1;1;2;-21,29681615;-42,4234049;"SPRF-MG";"DEL07-MG";"UOP02-DEL07-MG"
461064;2022-07-11;"segunda-feira";"06:30:00";"RN";101;73;"NATAL";"Reação tardia ou ineficiente do condutor";"Saída de leito carroçável";"Com Vítimas Feridas";"Pleno dia";"Crescente";"Céu Claro";"Simples";"Reta";"Não";1;0;0;1;0;0;1;1;-5,70687202;-35,26688397;"SPRF-RN";"DEL02-RN";"UOP01-DEL02-RN"
461065;2022-04-23;"sábado";"05:30:00";"MG";381;493,5;"BETIM";"Reação tardia ou ineficiente do condutor";"Atropelamento de Animal";"Com Vítimas Feridas";"Amanhecer";"Decrescente";"Céu Claro";"Dupla";"Declive;Reta";"Sim";7;0;2;0;5;0;2;4;-19,97670801;-44,19962698;"SPRF-MG";"DEL01-MG";"UOP03-DEL01-MG"
461066;2022-06-09;"quinta-feira";"06:30:00";"RO";364;708;"PORTO VELHO";"Condutor deixou de manter distância do veículo da frente";"Colisão traseira";"Com Vítimas Feridas";"Pleno dia";"Decrescente";"Sol";"Dupla";"Reta";"Sim";2;0;1;0;0;1;1;2;-8,79554083;-63,84072487;"SPRF-RO";"DEL01-RO";"UOP01-DEL01-RO"
461067;2022-07-11;"segunda-feira";"10:15:00";"RS";290;75;"GRAVATAI";"Ausência de reação do condutor";"Colisão lateral mesmo sentido";"Com Vítimas Feridas";"Pleno dia";"Decrescente";"Sol";"Dupla";"Curva";"Não";3;0;2;0;1;0;2;2;-29,95521;-51,006855;"SPRF-RS";"DEL01-RS";"UOP01-DEL01-RS"
461068;2022-07-11;"segunda-feira";"08:00:00";"PR";376;263;"CALIFORNIA";"Ausência de reação do condutor";"Saída de leito carroçável";"Com Vítimas Feridas";"Amanhecer";"Decrescente";"Céu Claro";"Dupla";"Curva";"Não";1;0;0;1;0;0;1;1;-23,71832487;-51,30721296;"SPRF-PR";"DEL07-PR";"UOP03-DEL07-PR"
461070;2022-07-11;"segunda-feira";"08:32:00";"MG";381;732,3;"CARMO DA CACHOEIRA";"Ausência de reação do condutor";"Colisão com objeto";"Com Vítimas Feridas";"Pleno dia";"Crescente";"Céu Claro";"Dupla";"Declive;Curva";"Não";4;0;2;0;2;0;2;1;-21,523621;-45,224893;"SPRF-MG";"DEL16-MG";"UOP02-DEL16-MG"
461071;2022-07-11;"segunda-feira";"10:00:00";"MS";163;487,2;"CAMPO GRANDE";"Ausência de reação do condutor";"Saída de leito carroçável";"Com Vítimas Feridas";"Pleno dia";"Decrescente";"Céu Claro";"Simples";"Reta";"Sim";2;0;1;0;1;0;1;1;-20,42493093;-54,54550758;"SPRF-MS";"DEL01-MS";"UOP02-DEL01-MS"
461073;2022-07-11;"segunda-feira";"08:00:00";"RJ";101;484;"ANGRA DOS REIS";"Velocidade Incompatível";"Colisão lateral sentido oposto";"Com Vítimas Feridas";"Pleno dia";"Crescente";"Céu Claro";"Simples";"Curva";"Não";4;0;1;2;1;0;3;4;-22,99096308;-44,30429882;"SPRF-RJ";"DEL03-RJ";"UOP03-DEL03-RJ"
461074;2022-07-11;"segunda-feira";"07:00:00";"MG";262;406,9;"PARA DE MINAS";"Ausência de reação do condutor";"Colisão lateral mesmo sentido";"Com Vítimas Feridas";"Pleno dia";"Decrescente";"Vento";"Dupla";"Reta";"Não";2;0;1;0;1;0;1;2;-19,88288286;-44,60782994;"SPRF-MG";"DEL01-MG";"UOP03-DEL01-MG"
461075;2022-07-11;"segunda-feira";"07:40:00";"MG";262;478;"BOM DESPACHO";"Velocidade Incompatível";"Tombamento";"Com Vítimas Feridas";"Pleno dia";"Decrescente";"Céu Claro";"Simples";"Interseção de Vias";"Não";2;0;1;0;1;0;1;1;-19,78767779;-45,22989387;"SPRF-MG";"DEL08-MG";"UOP03-DEL08-MG"
461076;2022-07-11;"segunda-feira";"10:20:00";"MS";60;382,5;"CAMPO GRANDE";"Reação tardia ou ineficiente do condutor";"Colisão traseira";"Com Vítimas Feridas";"Pleno dia";"Crescente";"Céu Claro";"Simples";"Reta";"Não";2;0;0;1;1;0;1;2;-20,64301204;-54,75407151;"SPRF-MS";"DEL01-MS";"UOP04-DEL01-MS"
461079;2022-07-11;"segunda-feira";"10:20:00";"RR";401;1;"BOA VISTA";"Conversão proibida";"Colisão transversal";"Sem Vítimas";"Pleno dia";"Decrescente";"Céu Claro";"Dupla";"Interseção de Vias";"Sim";2;0;0;0;2;0;0;2;2,80229396;-60,68243402;"SPRF-RR";"DEL01-RR";"UOP01-DEL01-RR"
461082;2022-07-11;"segunda-feira";"11:15:00";"SC";101;199,9;"SAO JOSE";"Condutor deixou de manter distância do veículo da frente";"Colisão traseira";"Sem Vítimas";"Pleno dia";"Crescente";"Céu Claro";"Múltipla";"Reta";"Não";2;0;0;0;2;0;0;2;-27,53413705;-48,63003205;"SPRF-SC";"DEL01-SC";"UOP01-DEL01-SC"
461083;2022-07-11;"segunda-feira";"11:50:00";"PR";277;21;"PARANAGUA";"Avarias e/ou desgaste excessivo no pneu";"Tombamento";"Com Vítimas Feridas";"Pleno dia";"Decrescente";"Céu Claro";"Dupla";"Curva";"Não";2;0;1;0;1;0;1;1;-25,55074432;-48,67135211;"SPRF-PR";"DEL01-PR";"UOP05-DEL01-PR"
461084;2022-07-11;"segunda-feira";"12:50:00";"MG";381;869;"POUSO ALEGRE";"Manobra de mudança de faixa";"Colisão lateral mesmo sentido";"Com Vítimas Feridas";"Pleno dia";"Crescente";"Céu Claro";"Simples";"Interseção de Vias";"Não";3;0;1;0;2;0;1;2;-22,38494735;-45,9517247;"SPRF-MG";"DEL16-MG";"UOP01-DEL16-MG"
461085;2022-07-11;"segunda-feira";"10:20:00";"MA";135;231;"PERITORO";"Manobra de mudança de faixa";"Colisão lateral mesmo sentido";"Com Vítimas Feridas";"Pleno dia";"Crescente";"Sol";"Simples";"Reta";"Não";4;0;0;1;2;1;1;4;-4,4228483;-44,35327476;"SPRF-MA";"DEL03-MA";"UOP01-DEL03-MA"
461086;2022-06-13;"segunda-feira";"22:15:00";"PR";116;162,4;"QUITANDINHA";"Ingestão de álcool pelo condutor";"Saída de leito carroçável";"Com Vítimas Fatais";"Plena Noite";"Crescente";"Céu Claro";"Simples";"Declive;Reta";"Não";3;2;0;1;0;0;1;1;-25,86425407;-49,40958595;"SPRF-PR";"DEL01-PR";"UOP03-DEL01-PR"
461088;2022-06-01;"quarta-feira";"16:00:00";"SP";116;422;"JUQUIA";"Ausência de reação do condutor";"Saída de leito carroçável";"Com Vítimas Feridas";"Pleno dia";"Decrescente";"Chuva";"Dupla";"Curva";"Não";1;0;1;0;0;0;1;1;-24,36454003;-47,69203096;"SPRF-SP";"DEL05-SP";"UOP01-DEL05-SP"
461090;2022-07-11;"segunda-feira";"11:50:00";"PR";476;142;"CURITIBA";"Reação tardia ou ineficiente do condutor";"Colisão traseira";"Com Vítimas Feridas";"Pleno dia";"Crescente";"Céu Claro";"Dupla";"Reta";"Sim";3;0;1;0;2;0;1;2;-25,537161;-49,301632;"SPRF-PR";"DEL01-PR";"UOP03-DEL01-PR"
461092;2022-06-24;"sexta-feira";"02:00:00";"BA";101;493;"ITAJUIPE";"Chuva";"Capotamento";"Com Vítimas Feridas";"Plena Noite";"Crescente";"Chuva";"Simples";"Reta";"Não";1;0;1;0;0;0;1;1;-14,71499;-39,35656;"SPRF-BA";"DEL05-BA";"UOP01-DEL05-BA"
461093;2022-07-11;"segunda-feira";"13:15:00";"PR";277;11,9;"PARANAGUA";"Condutor deixou de manter distância do veículo da frente";"Colisão traseira";"Com Vítimas Feridas";"Pleno dia";"Decrescente";"Céu Claro";"Dupla";"Reta";"Não";3;0;1;0;2;0;1;2;-25,568198;-48,615292;"SPRF-PR";"DEL01-PR";"UOP05-DEL01-PR"
461095;2022-07-11;"segunda-feira";"12:10:00";"RJ";101;500,6;"ANGRA DOS REIS";"Acessar a via sem observar a presença dos outros veículos";"Colisão frontal";"Com Vítimas Feridas";"Pleno dia";"Decrescente";"Céu Claro";"Simples";"Reta";"Não";3;0;1;0;2;0;1;2;-22,91719505;-44,35485495;"SPRF-RJ";"DEL03-RJ";"UOP03-DEL03-RJ"
461097;2022-06-29;"quarta-feira";"07:25:00";"PR";476;130,8;"CURITIBA";"Manobra de mudança de faixa";"Colisão lateral mesmo sentido";"Com Vítimas Feridas";"Pleno dia";"Crescente";"Sol";"Múltipla";"Reta";"Sim";2;0;0;1;1;0;1;2;-25,449564;-49,236427;"SPRF-PR";"DEL01-PR";"UOP01-DEL01-PR"
461098;2022-07-11;"segunda-feira";"13:35:00";"SP";116;68;"APARECIDA";"Objeto estático sobre o leito carroçável";"Colisão com objeto";"Sem Vítimas";"Pleno dia";"Crescente";"Céu Claro";"Dupla";"Reta";"Sim";2;0;0;0;2;0;0;2;-22,84017188;-45,22364349;"SPRF-SP";"DEL08-SP";"UOP01-DEL08-SP"
461101;2022-07-11;"segunda-feira";"13:45:00";"SC";101;148;"ITAPEMA";"Demais falhas mecânicas ou elétricas";"Tombamento";"Com Vítimas Feridas";"Pleno dia";"Decrescente";"Céu Claro";"Dupla";"Curva";"Sim";2;0;1;0;1;0;1;1;-27,10123686;-48,61807962;"SPRF-SC";"DEL04-SC";"UOP03-DEL04-SC"
461102;2022-07-11;"segunda-feira";"13:00:00";"PR";116;150;"MANDIRITUBA";"Demais falhas mecânicas ou elétricas";"Tombamento";"Com Vítimas Feridas";"Pleno dia";"Decrescente";"Céu Claro";"Simples";"Aclive";"Não";2;0;1;0;1;0;1;1;-25,81557015;-49,33088979;"SPRF-PR";"DEL01-PR";"UOP03-DEL01-PR"
461103;2022-03-30;"quarta-feira";"00:10:00";"MG";40;466,4;"SETE LAGOAS";"Reação tardia ou ineficiente do condutor";"Saída de leito carroçável";"Com Vítimas Feridas";"Plena Noite";"Decrescente";"Céu Claro";"Dupla";"Reta";"Não";2;0;2;0;0;0;2;1;-19,44436025;-44,32384821;"SPRF-MG";"DEL02-MG";"UOP01-DEL02-MG"
461104;2022-07-11;"segunda-feira";"14:00:00";"DF";20;40;"BRASILIA";"Condutor Dormindo";"Saída de leito carroçável";"Com Vítimas Feridas";"Pleno dia";"Crescente";"Céu Claro";"Dupla";"Declive";"Não";2;0;0;1;1;0;1;1;-15,581853;-47,512711;"SPRF-DF";"DEL02-DF";"UOP01-DEL02-DF"
461105;2022-07-11;"segunda-feira";"14:15:00";"PE";428;190;"PETROLINA";"Ausência de reação do condutor";"Colisão traseira";"Com Vítimas Feridas";"Pleno dia";"Crescente";"Céu Claro";"Múltipla";"Viaduto";"Sim";2;0;0;1;1;0;1;2;-9,37605965;-40,49382106;"SPRF-PE";"DEL06-PE";"UOP01-DEL06-PE"
461106;2022-07-11;"segunda-feira";"13:35:00";"BA";101;772,9;"ITAMARAJU";"Reação tardia ou ineficiente do condutor";"Atropelamento de Pedestre";"Com Vítimas Feridas";"Pleno dia";"Crescente";"Chuva";"Simples";"Reta";"Não";2;0;1;0;1;0;1;2;-16,91867897;-39,53707006;"SPRF-BA";"DEL09-BA";"UOP01-DEL09-BA"
461108;2022-07-11;"segunda-feira";"04:00:00";"SC";282;578,1;"PINHALZINHO";"Manobra de mudança de faixa";"Colisão transversal";"Sem Vítimas";"Plena Noite";"Decrescente";"Céu Claro";"Simples";"Curva";"Não";2;0;0;0;2;0;0;2;-26,838364;-52,985279;"SPRF-SC";"DEL07-SC";"UOP02-DEL07-SC"
461109;2022-07-11;"segunda-feira";"13:50:00";"MT";70;83;"GENERAL CARNEIRO";"Ingestão de álcool pelo condutor";"Saída de leito carroçável";"Com Vítimas Feridas";"Pleno dia";"Decrescente";"Céu Claro";"Simples";"Curva";"Não";2;0;1;0;0;1;1;1;-15,62560965;-52,82472889;"SPRF-MT";"DEL07-MT";"UOP01-DEL07-MT"
461110;2022-07-11;"segunda-feira";"14:45:00";"RS";116;242,9;"SAO LEOPOLDO";"Ausência de reação do condutor";"Colisão traseira";"Com Vítimas Feridas";"Pleno dia";"Decrescente";"Céu Claro";"Dupla";"Reta";"Sim";3;0;1;0;2;0;1;2;-29,72297087;-51,14858729;"SPRF-RS";"DEL01-RS";"UOP02-DEL01-RS"
461111;2022-04-14;"quinta-feira";"15:00:00";"RJ";116;182,3;"NOVA IGUACU";"Reação tardia ou ineficiente do condutor";"Colisão traseira";"Com Vítimas Feridas";"Pleno dia";"Decrescente";"Chuva";"Múltipla";"Reta";"Sim";6;0;1;0;5;0;1;3;-22,7567755;-43,43107234;"SPRF-RJ";"DEL01-RJ";"UOP02-DEL01-RJ"
461114;2022-07-11;"segunda-feira";"11:30:00";"SP";116;109;"TAUBATE";"Problema na suspensão";"Queda de ocupante de veículo";"Com Vítimas Feridas";"Pleno dia";"Crescente";"Céu Claro";"Dupla";"Declive";"Sim";2;0;2;0;0;0;2;1;-23,02871304;-45,54517097;"SPRF-SP";"DEL08-SP";"UOP01-DEL08-SP"
461116;2022-07-11;"segunda-feira";"10:15:00";"PA";316;31;"SANTA IZABEL DO PARA";"Acessar a via sem observar a presença dos outros veículos";"Colisão traseira";"Com Vítimas Feridas";"Pleno dia";"Crescente";"Céu Claro";"Dupla";"Curva";"Não";2;0;1;0;1;0;1;2;-1,3025866;-48,1965672;"SPRF-PA";"DEL01-PA";"UOP01-DEL01-PA"
461119;2022-07-11;"segunda-feira";"08:30:00";"MA";230;331,1;"SAO RAIMUNDO DAS MANGABEIRAS";"Transitar na contramão";"Colisão frontal";"Com Vítimas Fatais";"Pleno dia";"Crescente";"Céu Claro";"Simples";"Reta";"Não";2;1;1;0;0;0;1;2;-7,07922163;-45,60681823;"SPRF-MA";"DEL05-MA";"UOP01-DEL05-MA"
461120;2022-07-11;"segunda-feira";"15:20:00";"MG";40;569,9;"NOVA LIMA";"Manobra de mudança de faixa";"Colisão transversal";"Com Vítimas Feridas";"Pleno dia";"Decrescente";"Céu Claro";"Simples";"Reta";"Não";5;0;0;5;0;0;5;2;-20,20394093;-43,97409456;"SPRF-MG";"DEL01-MG";"UOP02-DEL01-MG"
461121;2022-07-11;"segunda-feira";"14:10:00";"MG";262;71,5;"MATIPO";"Ausência de reação do condutor";"Colisão traseira";"Com Vítimas Feridas";"Pleno dia";"Decrescente";"Céu Claro";"Simples";"Reta";"Não";2;0;1;0;0;1;1;2;-20,31089376;-42,30556201;"SPRF-MG";"DEL06-MG";"UOP03-DEL06-MG"
461124;2022-07-11;"segunda-feira";"13:00:00";"PE";101;41,1;"IGARASSU";"Manobra de mudança de faixa";"Atropelamento de Pedestre";"Com Vítimas Feridas";"Pleno dia";"Decrescente";"Céu Claro";"Múltipla";"Reta";"Sim";3;0;0;2;1;0;2;2;-7,83038346;-34,91426785;"SPRF-PE";"DEL01-PE";"UOP02-DEL01-PE"
461127;2022-07-11;"segunda-feira";"14:30:00";"BA";324;557;"SAO SEBASTIAO DO PASSE";"Acumulo de água sobre o pavimento";"Saída de leito carroçável";"Sem Vítimas";"Pleno dia";"Crescente";"Chuva";"Dupla";"Reta";"Não";3;0;0;0;3;0;0;1;-12,47640414;-38,6752181;"SPRF-BA";"DEL01-BA";"UOP03-DEL01-BA"
461129;2022-07-11;"segunda-feira";"13:40:00";"RN";304;115,1;"ACU";"Transitar na contramão";"Colisão lateral sentido oposto";"Com Vítimas Feridas";"Pleno dia";"Decrescente";"Céu Claro";"Simples";"Reta";"Não";2;0;1;0;1;0;1;2;-5,61387215;-36,89679107;"SPRF-RN";"DEL04-RN";"UOP01-DEL04-RN"
461131;2022-07-11;"segunda-feira";"15:05:00";"PR";369;506;"CASCAVEL";"Ingestão de álcool pelo condutor";"Colisão traseira";"Sem Vítimas";"Pleno dia";"Crescente";"Sol";"Simples";"Em Obras;Reta";"Não";2;0;0;0;2;0;0;2;-24,8421921;-53,31418276;"SPRF-PR";"DEL04-PR";"UOP03-DEL04-PR"
461133;2022-07-11;"segunda-feira";"16:30:00";"PR";116;126;"FAZENDA RIO GRANDE";"Reação tardia ou ineficiente do condutor";"Colisão traseira";"Com Vítimas Feridas";"Pleno dia";"Decrescente";"Céu Claro";"Múltipla";"Reta";"Sim";2;0;1;0;1;0;1;2;-25,63741272;-49,31308329;"SPRF-PR";"DEL01-PR";"UOP03-DEL01-PR"
461134;2022-07-11;"segunda-feira";"16:45:00";"PR";116;119;"CURITIBA";"Estacionar ou parar em local proibido";"Colisão com objeto";"Com Vítimas Feridas";"Pleno dia";"Crescente";"Céu Claro";"Dupla";"Aclive";"Não";2;0;1;0;1;0;1;2;-25,54456009;-49,30146002;"SPRF-PR";"DEL01-PR";"UOP06-DEL01-PR"
461135;2022-07-10;"domingo";"06:20:00";"SC";282;538,7;"CHAPECO";"Reação tardia ou ineficiente do condutor";"Saída de leito carroçável";"Com Vítimas Feridas";"Pleno dia";"Decrescente";"Céu Claro";"Simples";"Curva";"Não";2;0;1;0;1;0;1;1;-26,998323;-52,673199;"SPRF-SC";"DEL07-SC";"UOP01-DEL07-SC"
461136;2022-07-11;"segunda-feira";"11:20:00";"RN";304;295;"MACAIBA";"Desrespeitar a preferência no cruzamento";"Colisão transversal";"Com Vítimas Feridas";"Pleno dia";"Crescente";"Nublado";"Dupla";"Reta";"Sim";2;0;2;0;0;0;2;2;-5,86605927;-35,35822096;"SPRF-RN";"DEL01-RN";"UOP02-DEL01-RN"
461138;2022-07-11;"segunda-feira";"15:25:00";"PR";469;15,1;"FOZ DO IGUACU";"Desrespeitar a preferência no cruzamento";"Colisão transversal";"Com Vítimas Feridas";"Pleno dia";"Decrescente";"Sol";"Simples";"Retorno Regulamentado;Reta";"Sim";2;0;2;0;0;0;2;2;-25,5813;-54,5315;"SPRF-PR";"DEL05-PR";"UOP04-DEL05-PR"
461139;2022-07-11;"segunda-feira";"16:40:00";"SP";116;223;"GUARULHOS";"Trafegar com motocicleta (ou similar) entre as faixas";"Queda de ocupante de veículo";"Com Vítimas Feridas";"Pleno dia";"Decrescente";"Céu Claro";"Dupla";"Reta";"Não";1;0;1;0;0;0;1;1;-23,47559815;-46,5246609;"SPRF-SP";"DEL01-SP";"UOP01-DEL01-SP"
461143;2022-04-11;"segunda-feira";"02:35:00";"RJ";116;163;"RIO DE JANEIRO";"Demais falhas mecânicas ou elétricas";"Incêndio";"Sem Vítimas";"Plena Noite";"Decrescente";"Ignorado";"Múltipla";"Reta";"Sim";1;0;0;0;1;0;0;1;-22,81698092;-43,32601726;"SPRF-RJ";"DEL01-RJ";"UOP01-DEL01-RJ"
461144;2022-07-11;"segunda-feira";"16:00:00";"PE";101;9,6;"GOIANA";"Reação tardia ou ineficiente do condutor";"Colisão traseira";"Com Vítimas Feridas";"Pleno dia";"Decrescente";"Céu Claro";"Dupla";"Reta";"Não";2;0;0;1;1;0;1;2;-7,57788903;-34,98847822;"SPRF-PE";"DEL01-PE";"UOP02-DEL01-PE"
461146;2022-07-11;"segunda-feira";"17:30:00";"SC";280;6;"SAO FRANCISCO DO SUL";"Conversão proibida";"Colisão transversal";"Com Vítimas Feridas";"Anoitecer";"Decrescente";"Nublado";"Simples";"Reta";"Sim";2;0;0;1;1;0;1;2;-26,26569095;-48,63361804;"SPRF-SC";"DEL03-SC";"UOP03-DEL03-SC"
461147;2022-07-11;"segunda-feira";"17:30:00";"RN";226;16;"MACAIBA";"Desrespeitar a preferência no cruzamento";"Colisão transversal";"Com Vítimas Feridas";"Anoitecer";"Crescente";"Nublado";"Simples";"Reta";"Sim";3;0;1;1;1;0;2;2;-5,862697;-35,34282913;"SPRF-RN";"DEL01-RN";"UOP02-DEL01-RN"
461149;2022-07-11;"segunda-feira";"17:50:00";"SP";153;62,1;"SAO JOSE DO RIO PRETO";"Condutor deixou de manter distância do veículo da frente";"Engavetamento";"Sem Vítimas";"Anoitecer";"Crescente";"Céu Claro";"Dupla";"Reta";"Sim";6;0;0;0;6;0;0;3;-20,81325404;-49,35675563;"SPRF-SP";"DEL09-SP";"UOP01-DEL09-SP"
461151;2022-07-11;"segunda-feira";"17:54:00";"RS";116;393,2;"CAMAQUA";"Animais na Pista";"Atropelamento de Animal";"Com Vítimas Feridas";"Plena Noite";"Crescente";"Nublado";"Dupla";"Reta";"Sim";1;0;1;0;0;0;1;1;-30,84089729;-51,74793785;"SPRF-RS";"DEL02-RS";"UOP02-DEL02-RS"
461152;2022-07-11;"segunda-feira";"17:35:00";"GO";60;389;"RIO VERDE";"Animais na Pista";"Atropelamento de Animal";"Com Vítimas Feridas";"Pleno dia";"Decrescente";"Céu Claro";"Dupla";"Reta";"Sim";2;0;2;0;0;0;2;1;-17,819;-50,943;"SPRF-GO";"DEL04-GO";"UOP01-DEL04-GO"
461160;2022-07-11;"segunda-feira";"18:00:00";"RS";116;113,6;"SAO MARCOS";"Acesso irregular";"Colisão transversal";"Com Vítimas Feridas";"Plena Noite";"Crescente";"Céu Claro";"Simples";"Curva";"Sim";3;0;3;0;0;0;3;2;-28,95667906;-51,08016019;"SPRF-RS";"DEL05-RS";"UOP01-DEL05-RS"