"id";"data_inversa";"dia_semana";"horario";"uf";"br";"km";"municipio";"causa_acidente";"tipo_acidente";"classificacao_acidente";"fase_dia";"sentido_via";"condicao_metereologica";"tipo_pista";"tracado_via";"uso_solo";"pessoas";"mortos";"feridos_leves";"feridos_graves";"ilesos";"ignorados";"feridos";"veiculos";"latitude";"longitude";"regional";"delegacia";"uop"
461162;2022-07-11;"segunda-feira";"18:20:00";"SC";470;4;"NAVEGANTES";"Desrespeitar a preferência no cruzamento";"Colisão transversal";"Com Vítimas Feridas";"Plena Noite";"Decrescente";"Nublado";"Dupla";"Em Obras;Rotatória;Reta";"Sim";3;0;1;0;2;0;1;3;-26,858473;-48,690788;"SPRF-SC";"DEL04-SC";"UOP04-DEL04-SC"
461164;2022-07-11;"segunda-feira";"18:15:00";"RS";116;268;"CANOAS";"Ausência de reação do condutor";"Colisão traseira";"Com Vítimas Feridas";"Plena Noite";"Decrescente";"Céu Claro";"Múltipla";"Reta";"Sim";3;0;1;0;2;0;1;3;-29,95042502;-51,17652939;"SPRF-RS";"DEL01-RS";"UOP01-DEL01-RS"
461165;2022-07-11;"segunda-feira";"18:05:00";"SC";101;158,4;"PORTO BELO";"Acessar a via sem observar a presença dos outros veículos";"Colisão lateral mesmo sentido";"Com Vítimas Feridas";"Plena Noite";"Crescente";"Céu Claro";"Dupla";"Reta";"Não";2;0;1;0;1;0;1;2;-27,19514;-48,61301;"SPRF-SC";"DEL04-SC";"UOP03-DEL04-SC"
461167;2022-07-11;"segunda-feira";"17:40:00";"PE";428;182;"PETROLINA";"Condutor deixou de manter distância do veículo da frente";"Colisão lateral mesmo sentido";"Com Vítimas Feridas";"Anoitecer";"Decrescente";"Céu Claro";"Simples";"Reta";"Não";2;0;2;0;0;0;2;1;-9,31614989;-40,45800722;"SPRF-PE";"DEL06-PE";"UOP01-DEL06-PE"
461168;2022-07-11;"segunda-feira";"17:54:00";"GO";50;97;"CRISTALINA";"Condutor Dormindo";"Colisão traseira";"Com Vítimas Feridas";"Plena Noite";"Crescente";"Céu Claro";"Simples";"Reta";"Sim";2;0;1;0;1;0;1;2;-16,9309;-47,7117;"SPRF-DF";"DEL01-DF";"UOP02-DEL01-DF"
461170;2022-07-11;"segunda-feira";"18:50:00";"PE";232;121;"CARUARU";"Pista esburacada";"Colisão lateral mesmo sentido";"Com Vítimas Feridas";"Plena Noite";"Crescente";"Céu Claro";"Dupla";"Declive";"Não";3;0;3;0;0;0;3;2;-8,30018257;-35,91071184;"SPRF-PE";"DEL02-PE";"UOP01-DEL02-PE"
461172;2022-07-11;"segunda-feira";"18:55:00";"GO";153;700,5;"ITUMBIARA";"Entrada inopinada do pedestre";"Atropelamento de Pedestre";"Com Vítimas Feridas";"Anoitecer";"Decrescente";"Céu Claro";"Simples";"Reta";"Sim";2;0;0;1;1;0;1;2;-18,3945;-49,2051;"SPRF-GO";"DEL03-GO";"UOP02-DEL03-GO"
461173;2022-07-11;"segunda-feira";"18:00:00";"MA";135;5;"SAO LUIS";"Velocidade Incompatível";"Colisão traseira";"Com Vítimas Feridas";"Plena Noite";"Decrescente";"Céu Claro";"Dupla";"Reta";"Sim";2;0;0;1;1;0;1;2;-2,62145385;-44,25797421;"SPRF-MA";"DEL01-MA";"UOP01-DEL01-MA"
461177;2022-07-11;"segunda-feira";"18:30:00";"PB";230;475;"MARIZOPOLIS";"Ausência de sinalização";"Tombamento";"Com Vítimas Feridas";"Plena Noite";"Decrescente";"Céu Claro";"Simples";"Reta";"Não";1;0;0;1;0;0;1;1;-6,8206;-38,3139;"SPRF-PB";"DEL03-PB";"UOP03-DEL03-PB"
461178;2022-07-11;"segunda-feira";"18:35:00";"MG";262;35,1;"MANHUACU";"Desrespeitar a preferência no cruzamento";"Atropelamento de Pedestre";"Com Vítimas Feridas";"Anoitecer";"Crescente";"Nublado";"Simples";"Reta";"Sim";2;0;1;1;0;0;2;2;-20,2592562;-42,01698194;"SPRF-MG";"DEL06-MG";"UOP03-DEL06-MG"
461179;2022-07-11;"segunda-feira";"17:00:00";"MG";40;272;"SAO GONCALO DO ABAETE";"Acessar a via sem observar a presença dos outros veículos";"Colisão transversal";"Sem Vítimas";"Pleno dia";"Decrescente";"Céu Claro";"Simples";"Reta";"Não";2;0;0;0;2;0;0;2;-18,18478495;-45,26086898;"SPRF-MG";"DEL14-MG";"UOP02-DEL14-MG"
461180;2022-07-11;"segunda-feira";"19:50:00";"SP";116;278,8;"EMBU DAS ARTES";"Reação tardia ou ineficiente do condutor";"Colisão traseira";"Sem Vítimas";"Plena Noite";"Crescente";"Céu Claro";"Múltipla";"Reta";"Sim";2;0;0;0;2;0;0;2;-23,65508497;-46,84918605;"SPRF-SP";"DEL04-SP";"UOP01-DEL04-SP"
461181;2022-07-11;"segunda-feira";"19:30:00";"PR";277;329;"GUARAPUAVA";"Ingestão de álcool pelo condutor";"Saída de leito carroçável";"Com Vítimas Feridas";"Plena Noite";"Crescente";"Céu Claro";"Simples";"Reta";"Não";1;0;0;1;0;0;1;1;-25,37463596;-51,29878598;"SPRF-PR";"DEL08-PR";"UOP01-DEL08-PR"
461182;2022-07-11;"segunda-feira";"19:00:00";"PE";232;30,8;"MORENO";"Reação tardia ou ineficiente do condutor";"Colisão lateral mesmo sentido";"Com Vítimas Feridas";"Plena Noite";"Crescente";"Céu Claro";"Dupla";"Curva";"Não";4;0;0;2;1;1;2;3;-8,11063325;-35,15197001;"SPRF-PE";"DEL01-PE";"UOP01-DEL01-PE"
461184;2022-07-11;"segunda-feira";"11:30:00";"ES";101;267,8;"SERRA";"Acessar a via sem observar a presença dos outros veículos";"Colisão transversal";"Com Vítimas Feridas";"Pleno dia";"Decrescente";"Nublado";"Múltipla";"Reta";"Sim";2;0;1;0;0;1;1;2;-20,19930999;-40,26884609;"SPRF-ES";"DEL02-ES";"UOP01-DEL02-ES"
461187;2022-07-11;"segunda-feira";"20:45:00";"SC";101;448;"SANTA ROSA DO SUL";"Avarias e/ou desgaste excessivo no pneu";"Tombamento";"Com Vítimas Feridas";"Plena Noite";"Crescente";"Ignorado";"Dupla";"Reta";"Não";2;0;2;0;0;0;2;1;-29,15898991;-49,73540906;"SPRF-SC";"DEL02-SC";"UOP02-DEL02-SC"
461190;2022-07-11;"segunda-feira";"22:50:00";"ES";259;103;"BAIXO GUANDU";"Ausência de reação do condutor";"Saída de leito carroçável";"Com Vítimas Feridas";"Plena Noite";"Decrescente";"Céu Claro";"Simples";"Reta";"Não";1;0;1;0;0;0;1;1;-19,51753177;-41,01967578;"SPRF-ES";"DEL02-ES";"UOP01-DEL02-ES"
461191;2022-07-11;"segunda-feira";"23:14:00";"RN";304;296;"MACAIBA";"Animais na Pista";"Atropelamento de Animal";"Sem Vítimas";"Plena Noite";"Crescente";"Nublado";"Simples";"Declive";"Não";1;0;0;0;1;0;0;1;-5,86484905;-35,34931012;"SPRF-RN";"DEL01-RN";"UOP02-DEL01-RN"
461195;2022-07-11;"segunda-feira";"20:25:00";"RO";319;40;"PORTO VELHO";"Acessar a via sem observar a presença dos outros veículos";"Atropelamento de Pedestre";"Com Vítimas Fatais";"Plena Noite";"Decrescente";"Céu Claro";"Simples";"Reta";"Não";4;1;1;0;1;1;1;3;-8,63988203;-63,99604448;"SPRF-RO";"DEL01-RO";"UOP01-DEL01-RO"
461196;2022-07-12;"terça-feira";"00:40:00";"RS";287;254;"SANTA MARIA";"Acumulo de água sobre o pavimento";"Saída de leito carroçável";"Com Vítimas Feridas";"Plena Noite";"Decrescente";"Garoa/Chuvisco";"Simples";"Reta;Em Obras";"Sim";4;0;3;1;0;0;4;1;-29,68707132;-53,90748924;"SPRF-RS";"DEL09-RS";"UOP01-DEL09-RS"
461197;2022-07-11;"segunda-feira";"22:35:00";"PR";369;505,5;"CASCAVEL";"Deficiência do Sistema de Iluminação/Sinalização";"Tombamento";"Com Vítimas Feridas";"Plena Noite";"Crescente";"Chuva";"Simples";"Reta";"Não";1;0;0;1;0;0;1;1;-24,83371351;-53,302145;"SPRF-PR";"DEL04-PR";"UOP03-DEL04-PR"
461199;2022-07-12;"terça-feira";"01:30:00";"MG";116;790,9;"ALEM PARAIBA";"Reação tardia ou ineficiente do condutor";"Saída de leito carroçável";"Com Vítimas Feridas";"Plena Noite";"Decrescente";"Céu Claro";"Simples";"Aclive;Curva";"Não";1;0;1;0;0;0;1;1;-21,67548514;-42,73250632;"SPRF-MG";"DEL07-MG";"UOP01-DEL07-MG"
461200;2022-07-11;"segunda-feira";"10:50:00";"SC";282;3;"SAO JOSE";"Reação tardia ou ineficiente do condutor";"Engavetamento";"Com Vítimas Feridas";"Pleno dia";"Decrescente";"Céu Claro";"Múltipla";"Reta";"Não";3;0;0;1;2;0;1;3;-27,600384;-48,599705;"SPRF-SC";"DEL01-SC";"UOP01-DEL01-SC"
461201;2022-07-11;"segunda-feira";"23:55:00";"SC";282;46,1;"AGUAS MORNAS";"Velocidade Incompatível";"Saída de leito carroçável";"Com Vítimas Fatais";"Plena Noite";"Decrescente";"Céu Claro";"Simples";"Curva;Declive";"Não";2;1;1;0;0;0;1;1;-27,721275;-48,927605;"SPRF-SC";"DEL01-SC";"UOP03-DEL01-SC"
461205;2022-07-12;"terça-feira";"02:00:00";"PR";376;341,5;"ORTIGUEIRA";"Ausência de reação do condutor";"Saída de leito carroçável";"Sem Vítimas";"Plena Noite";"Decrescente";"Céu Claro";"Simples";"Reta";"Não";1;0;0;0;1;0;0;1;-24,18027227;-50,96153138;"SPRF-PR";"DEL07-PR";"UOP02-DEL07-PR"
461206;2022-07-12;"terça-feira";"04:20:00";"SP";101;44;"UBATUBA";"Ingestão de álcool pelo condutor";"Colisão com objeto";"Com Vítimas Feridas";"Plena Noite";"Decrescente";"Nublado";"Simples";"Curva";"Sim";4;0;3;0;1;0;3;1;-23,41180052;-45,06714642;"SPRF-SP";"DEL06-SP";"UOP01-DEL06-SP"
461207;2022-07-12;"terça-feira";"04:00:00";"MG";40;370,1;"FELIXLANDIA";"Condutor Dormindo";"Saída de leito carroçável";"Com Vítimas Fatais";"Amanhecer";"Crescente";"Céu Claro";"Simples";"Reta;Aclive";"Não";1;1;0;0;0;0;0;1;-18,81525136;-44,79064839;"SPRF-MG";"DEL02-MG";"UOP01-DEL02-MG"
461208;2022-07-11;"segunda-feira";"08:15:00";"RN";406;164,5;"SAO GONCALO DO AMARANTE";"Condutor deixou de manter distância do veículo da frente";"Colisão lateral mesmo sentido";"Com Vítimas Feridas";"Pleno dia";"Decrescente";"Céu Claro";"Simples";"Reta";"Sim";2;0;2;0;0;0;2;1;-5,74043956;-35,34832484;"SPRF-RN";"DEL02-RN";"UOP01-DEL02-RN"
461213;2022-07-12;"terça-feira";"04:00:00";"RJ";116;178;"NOVA IGUACU";"Animais na Pista";"Atropelamento de Animal";"Com Vítimas Feridas";"Plena Noite";"Decrescente";"Ignorado";"Dupla";"Reta";"Sim";2;0;2;0;0;0;2;1;-22,77496393;-43,40081465;"SPRF-RJ";"DEL01-RJ";"UOP02-DEL01-RJ"
461215;2022-07-12;"terça-feira";"06:20:00";"AL";101;178,7;"TEOTONIO VILELA";"Velocidade Incompatível";"Saída de leito carroçável";"Com Vítimas Fatais";"Amanhecer";"Crescente";"Céu Claro";"Dupla";"Curva";"Não";5;1;0;1;3;0;1;1;-9,88723897;-36,390828;"SPRF-AL";"DEL02-AL";"UOP02-DEL02-AL"
461216;2022-07-12;"terça-feira";"06:50:00";"ES";101;285;"CARIACICA";"Desrespeitar a preferência no cruzamento";"Colisão transversal";"Com Vítimas Feridas";"Pleno dia";"Decrescente";"Céu Claro";"Dupla";"Reta";"Sim";2;0;0;1;1;0;1;2;-20,25148171;-40,37270066;"SPRF-ES";"DEL01-ES";"UOP01-DEL01-ES"
461219;2022-07-12;"terça-feira";"07:30:00";"MG";381;393,9;"BOM JESUS DO AMPARO";"Reação tardia ou ineficiente do condutor";"Colisão traseira";"Com Vítimas Feridas";"Pleno dia";"Crescente";"Céu Claro";"Dupla";"Reta";"Não";2;0;0;1;1;0;1;2;-19,752274;-43,480167;"SPRF-MG";"DEL01-MG";"UOP01-DEL01-MG"
461223;2022-07-12;"terça-feira";"07:20:00";"PR";277;720,4;"FOZ DO IGUACU";"Manobra de mudança de faixa";"Colisão traseira";"Com Vítimas Feridas";"Pleno dia";"Crescente";"Nublado";"Dupla";"Reta";"Sim";2;0;1;0;1;0;1;2;-25,48750984;-54,50317706;"SPRF-PR";"DEL05-PR";"UOP03-DEL05-PR"
461224;2022-07-12;"terça-feira";"07:10:00";"MG";365;618;"UBERLANDIA";"Ausência de reação do condutor";"Queda de ocupante de veículo";"Com Vítimas Feridas";"Amanhecer";"Crescente";"Céu Claro";"Dupla";"Reta";"Sim";1;0;1;0;0;0;1;1;-18,89096479;-48,27070632;"SPRF-MG";"DEL15-MG";"UOP01-DEL15-MG"
461225;2022-07-12;"terça-feira";"07:30:00";"SC";101;216;"PALHOCA";"Condutor deixou de manter distância do veículo da frente";"Colisão traseira";"Com Vítimas Feridas";"Pleno dia";"Decrescente";"Nublado";"Simples";"Reta";"Sim";2;0;0;1;1;0;1;2;-27,65981409;-48,67747798;"SPRF-SC";"DEL01-SC";"UOP02-DEL01-SC"
461230;2022-06-18;"sábado";"18:28:00";"PB";230;59;"CRUZ DO ESPIRITO SANTO";"Demais falhas na via";"Saída de leito carroçável";"Com Vítimas Feridas";"Plena Noite";"Crescente";"Céu Claro";"Dupla";"Em Obras";"Não";1;0;1;0;0;0;1;1;-7,2043;-35,1305;"SPRF-PB";"DEL01-PB";"UOP03-DEL01-PB"
461231;2022-07-12;"terça-feira";"00:50:00";"MT";364;560;"NOBRES";"Condutor Dormindo";"Queda de ocupante de veículo";"Com Vítimas Feridas";"Plena Noite";"Decrescente";"Céu Claro";"Dupla";"Reta";"Não";1;0;1;0;0;0;1;1;-14,78511237;-56,38667934;"SPRF-MT";"DEL01-MT";"UOP01-DEL01-MT"
461232;2022-07-12;"terça-feira";"07:45:00";"SC";101;215,2;"PALHOCA";"Acessar a via sem observar a presença dos outros veículos";"Colisão lateral mesmo sentido";"Com Vítimas Feridas";"Pleno dia";"Crescente";"Nublado";"Dupla";"Reta";"Não";2;0;2;0;0;0;2;2;-27,65184843;-48,67604941;"SPRF-SC";"DEL01-SC";"UOP02-DEL01-SC"
461233;2022-07-12;"terça-feira";"07:50:00";"SC";116;6;"MAFRA";"Acessar a via sem observar a presença dos outros veículos";"Colisão transversal";"Com Vítimas Feridas";"Pleno dia";"Decrescente";"Chuva";"Simples";"Aclive;Reta";"Sim";2;0;1;0;1;0;1;2;-26,14644691;-49,82305806;"SPRF-SC";"DEL06-SC";"UOP01-DEL06-SC"
461234;2022-07-12;"terça-feira";"07:30:00";"SC";101;206;"SAO JOSE";"Condutor deixou de manter distância do veículo da frente";"Colisão lateral mesmo sentido";"Com Vítimas Feridas";"Pleno dia";"Decrescente";"Garoa/Chuvisco";"Dupla";"Reta";"Sim";2;0;1;0;1;0;1;2;-27,59193546;-48,61824557;"SPRF-SC";"DEL01-SC";"UOP01-DEL01-SC"
461235;2022-07-12;"terça-feira";"08:00:00";"RN";101;97,3;"NATAL";"Acessar a via sem observar a presença dos outros veículos";"Colisão transversal";"Com Vítimas Feridas";"Pleno dia";"Decrescente";"Sol";"Múltipla";"Interseção de Vias";"Sim";2;0;1;0;1;0;1;2;-5,85912142;-35,21311283;"SPRF-RN";"DEL01-RN";"UOP01-DEL01-RN"
461236;2022-07-12;"terça-feira";"07:25:00";"SC";101;138,7;"BALNEARIO CAMBORIU";"Reação tardia ou ineficiente do condutor";"Colisão traseira";"Com Vítimas Feridas";"Pleno dia";"Decrescente";"Chuva";"Simples";"Curva";"Sim";2;0;1;0;1;0;1;2;-27,02397426;-48,60761649;"SPRF-SC";"DEL04-SC";"UOP03-DEL04-SC"
461239;2022-07-12;"terça-feira";"07:00:00";"MG";116;406,8;"GOVERNADOR VALADARES";"Acessar a via sem observar a presença dos outros veículos";"Colisão transversal";"Com Vítimas Feridas";"Pleno dia";"Decrescente";"Céu Claro";"Simples";"Interseção de Vias";"Não";2;0;0;1;1;0;1;2;-18,82669347;-41,98753335;"SPRF-MG";"DEL06-MG";"UOP01-DEL06-MG"
461240;2022-07-12;"terça-feira";"08:00:00";"RN";226;6;"NATAL";"Conversão proibida";"Colisão traseira";"Com Vítimas Feridas";"Pleno dia";"Crescente";"Céu Claro";"Simples";"Reta";"Sim";2;0;1;0;1;0;1;2;-5,82099198;-35,27688801;"SPRF-RN";"DEL01-RN";"UOP02-DEL01-RN"
461241;2022-07-12;"terça-feira";"08:50:00";"RJ";101;60;"CAMPOS DOS GOYTACAZES";"Transitar no acostamento";"Colisão traseira";"Com Vítimas Feridas";"Pleno dia";"Crescente";"Sol";"Simples";"Reta";"Sim";2;0;2;0;0;0;2;2;-21,72048414;-41,31448591;"SPRF-RJ";"DEL08-RJ";"UOP01-DEL08-RJ"
461242;2022-07-12;"terça-feira";"08:00:00";"PE";232;507;"SALGUEIRO";"Desrespeitar a preferência no cruzamento";"Colisão transversal";"Com Vítimas Feridas";"Pleno dia";"Decrescente";"Céu Claro";"Simples";"Reta";"Sim";2;0;1;0;1;0;1;2;-8,06038759;-39,11191706;"SPRF-PE";"DEL05-PE";"UOP01-DEL05-PE"
461243;2022-07-12;"terça-feira";"07:40:00";"MT";364;201;"RONDONOPOLIS";"Ausência de reação do condutor";"Colisão traseira";"Com Vítimas Feridas";"Pleno dia";"Crescente";"Céu Claro";"Dupla";"Reta";"Sim";3;0;2;0;1;0;2;2;-16,485654;-54,648693;"SPRF-MT";"DEL02-MT";"UOP01-DEL02-MT"
461244;2022-07-12;"terça-feira";"08:30:00";"SC";101;138;"BALNEARIO CAMBORIU";"Velocidade Incompatível";"Colisão traseira";"Com Vítimas Feridas";"Pleno dia";"Crescente";"Sol";"Múltipla";"Curva";"Sim";4;0;3;0;1;0;3;2;-27,02397426;-48,60761649;"SPRF-SC";"DEL04-SC";"UOP03-DEL04-SC"
461246;2022-07-12;"terça-feira";"05:30:00";"RJ";116;168;"SAO JOAO DE MERITI";"Mal súbito do condutor";"Colisão traseira";"Com Vítimas Feridas";"Amanhecer";"Decrescente";"Céu Claro";"Dupla";"Reta";"Não";3;0;1;0;2;0;1;2;-22,7944252;-43,36378617;"SPRF-RJ";"DEL01-RJ";"UOP02-DEL01-RJ"
461247;2022-07-12;"terça-feira";"09:15:00";"PR";376;157;"MANDAGUACU";"Pista Escorregadia";"Queda de ocupante de veículo";"Com Vítimas Feridas";"Pleno dia";"Crescente";"Nublado";"Dupla";"Reta";"Não";1;0;1;0;0;0;1;1;-23,35251601;-52,09127007;"SPRF-PR";"DEL09-PR";"UOP01-DEL09-PR"
461254;2022-07-12;"terça-feira";"09:35:00";"PR";376;652;"TIJUCAS DO SUL";"Chuva";"Saída de leito carroçável";"Com Vítimas Feridas";"Pleno dia";"Crescente";"Chuva";"Dupla";"Curva";"Não";4;0;1;0;3;0;1;1;-25,84234621;-49,05672312;"SPRF-PR";"DEL01-PR";"UOP04-DEL01-PR"
461255;2022-07-12;"terça-feira";"08:40:00";"RO";364;560;"ALTO PARAISO";"Velocidade Incompatível";"Queda de ocupante de veículo";"Com Vítimas Feridas";"Pleno dia";"Decrescente";"Nublado";"Simples";"Interseção de Vias";"Não";1;0;0;1;0;0;1;1;-9,56183199;-63,07517177;"SPRF-RO";"DEL01-RO";"UOP04-DEL01-RO"
461256;2022-07-12;"terça-feira";"10:22:00";"PR";369;184,2;"ARAPONGAS";"Condutor desrespeitou a iluminação vermelha do semáforo";"Colisão transversal";"Com Vítimas Feridas";"Pleno dia";"Decrescente";"Nublado";"Simples";"Interseção de Vias;Reta";"Sim";2;0;1;0;1;0;1;2;-23,401294;-51,427514;"SPRF-PR";"DEL07-PR";"UOP03-DEL07-PR"
461258;2022-07-12;"terça-feira";"10:58:00";"PR";369;150;"LONDRINA";"Condutor desrespeitou a iluminação vermelha do semáforo";"Colisão transversal";"Com Vítimas Feridas";"Pleno dia";"Crescente";"Céu Claro";"Dupla";"Reta;Interseção de Vias";"Sim";3;0;1;0;1;1;1;3;-23,29282261;-51,1628384;"SPRF-PR";"DEL07-PR";"UOP01-DEL07-PR"
461262;2022-07-12;"terça-feira";"10:00:00";"PR";376;432;"TIBAGI";"Pista Escorregadia";"Saída de leito carroçável";"Com Vítimas Feridas";"Pleno dia";"Crescente";"Garoa/Chuvisco";"Dupla";"Curva";"Não";2;0;2;0;0;0;2;1;-24,80531402;-50,48850813;"SPRF-PR";"DEL03-PR";"UOP02-DEL03-PR"
461263;2022-07-12;"terça-feira";"09:30:00";"PR";376;432;"TIBAGI";"Velocidade Incompatível";"Saída de leito carroçável";"Com Vítimas Feridas";"Pleno dia";"Crescente";"Chuva";"Dupla";"Curva";"Não";2;0;1;0;1;0;1;1;-24,75434336;-50,53566098;"SPRF-PR";"DEL03-PR";"UOP02-DEL03-PR"
461264;2022-07-12;"terça-feira";"11:50:00";"PR";116;17;"CAMPINA GRANDE DO SUL";"Chuva";"Capotamento";"Sem Vítimas";"Pleno dia";"Crescente";"Chuva";"Dupla";"Curva";"Não";1;0;0;0;1;0;0;1;-25,10305915;-48,70103892;"SPRF-PR";"DEL01-PR";"UOP02-DEL01-PR"
461265;2022-07-12;"terça-feira";"08:40:00";"RS";290;91;"PORTO ALEGRE";"Ausência de reação do condutor";"Colisão com objeto";"Sem Vítimas";"Pleno dia";"Decrescente";"Nublado";"Dupla";"Reta;Retorno Regulamentado";"Sim";1;0;0;0;1;0;0;1;-29,969055;-51,167439;"SPRF-RS";"DEL01-RS";"UOP01-DEL01-RS"
461266;2022-05-11;"quarta-feira";"19:00:00";"RJ";493;11;"GUAPIMIRIM";"Demais falhas mecânicas ou elétricas";"Incêndio";"Sem Vítimas";"Plena Noite";"Decrescente";"Ignorado";"Simples";"Reta";"Não";1;0;0;0;0;1;0;1;-22,68668536;-42,95909846;"SPRF-RJ";"DEL04-RJ";"UOP02-DEL04-RJ"
461267;2022-07-12;"terça-feira";"11:55:00";"RS";471;161,2;"RIO PARDO";"Transitar na contramão";"Colisão frontal";"Com Vítimas Feridas";"Pleno dia";"Crescente";"Céu Claro";"Simples";"Reta";"Não";2;0;1;0;1;0;1;2;-29,9147;-52,391598;"SPRF-RS";"DEL02-RS";"UOP03-DEL02-RS"
461268;2022-07-12;"terça-feira";"12:05:00";"PR";116;141;"MANDIRITUBA";"Transitar na contramão";"Colisão transversal";"Com Vítimas Feridas";"Pleno dia";"Crescente";"Céu Claro";"Simples";"Reta";"Sim";2;0;1;0;1;0;1;2;-25,73749;-49,31762782;"SPRF-PR";"DEL01-PR";"UOP03-DEL01-PR"
461269;2022-07-12;"terça-feira";"12:00:00";"PR";116;38;"CAMPINA GRANDE DO SUL";"Pista Escorregadia";"Saída de leito carroçável";"Com Vítimas Feridas";"Pleno dia";"Crescente";"Céu Claro";"Dupla";"Curva";"Não";4;0;2;0;2;0;2;1;-25,14802509;-48,85922071;"SPRF-PR";"DEL01-PR";"UOP02-DEL01-PR"
461270;2022-07-12;"terça-feira";"12:05:00";"MG";116;706,8;"MURIAE";"Reação tardia ou ineficiente do condutor";"Colisão transversal";"Com Vítimas Feridas";"Pleno dia";"Crescente";"Céu Claro";"Simples";"Reta";"Sim";2;0;1;0;1;0;1;2;-21,147048;-42,381522;"SPRF-MG";"DEL07-MG";"UOP02-DEL07-MG"
461271;2022-07-12;"terça-feira";"13:20:00";"MG";381;522;"BRUMADINHO";"Velocidade Incompatível";"Tombamento";"Com Vítimas Feridas";"Pleno dia";"Decrescente";"Sol";"Dupla";"Curva;Aclive";"Não";1;0;1;0;0;0;1;1;-20,14551016;-44,32277183;"SPRF-MG";"DEL04-MG";"UOP03-DEL04-MG"
461272;2022-07-12;"terça-feira";"06:40:00";"BA";324;619,9;"SALVADOR";"Velocidade Incompatível";"Colisão com objeto";"Com Vítimas Feridas";"Pleno dia";"Crescente";"Nublado";"Múltipla";"Reta;Em Obras";"Sim";1;0;1;0;0;0;1;1;-12,91277771;-38,45989466;"SPRF-BA";"DEL01-BA";"UOP01-DEL01-BA"
461273;2022-06-01;"quarta-feira";"16:50:00";"BA";330;822;"JITAUNA";"Reação tardia ou ineficiente do condutor";"Engavetamento";"Sem Vítimas";"Pleno dia";"Decrescente";"Céu Claro";"Simples";"Reta";"Não";3;0;0;0;3;0;0;3;-14,03369611;-39,83098436;"SPRF-BA";"DEL03-BA";"UOP01-DEL03-BA"
461278;2022-07-12;"terça-feira";"13:30:00";"ES";101;257,5;"SERRA";"Desrespeitar a preferência no cruzamento";"Colisão transversal";"Com Vítimas Feridas";"Pleno dia";"Crescente";"Céu Claro";"Dupla";"Rotatória";"Sim";2;0;1;0;0;1;1;2;-20,12808293;-40,29953053;"SPRF-ES";"DEL02-ES";"UOP01-DEL02-ES"
461279;2022-07-12;"terça-feira";"13:30:00";"RJ";101;327;"NITEROI";"Condutor deixou de manter distância do veículo da frente";"Colisão traseira";"Com Vítimas Feridas";"Pleno dia";"Decrescente";"Céu Claro";"Múltipla";"Reta";"Sim";5;0;2;0;3;0;2;2;-22,87117393;-43,15595099;"SPRF-RJ";"DEL02-RJ";"UOP01-DEL02-RJ"
461281;2022-07-12;"terça-feira";"13:26:00";"SP";381;36;"ATIBAIA";"Reação tardia ou ineficiente do condutor";"Colisão transversal";"Com Vítimas Feridas";"Pleno dia";"Decrescente";"Céu Claro";"Dupla";"Reta";"Sim";2;0;1;0;1;0;1;2;-23,09707232;-46,57180706;"SPRF-SP";"DEL03-SP";"UOP01-DEL03-SP"
461284;2022-07-12;"terça-feira";"13:30:00";"BA";415;17;"ILHEUS";"Condutor Dormindo";"Saída de leito carroçável";"Com Vítimas Feridas";"Pleno dia";"Decrescente";"Céu Claro";"Dupla";"Reta";"Não";3;0;1;0;2;0;1;1;-14,798334;-39,123083;"SPRF-BA";"DEL05-BA";"UOP01-DEL05-BA"
461285;2022-07-09;"sábado";"05:50:00";"MS";163;347,8;"NOVA ALVORADA DO SUL";"Reação tardia ou ineficiente do condutor";"Colisão com objeto";"Com Vítimas Feridas";"Pleno dia";"Crescente";"Céu Claro";"Simples";"Reta";"Não";5;0;1;0;4;0;1;1;-21,61726881;-54,43389354;"SPRF-MS";"DEL02-MS";"UOP02-DEL02-MS"
461287;2022-07-12;"terça-feira";"14:25:00";"MG";116;705;"MURIAE";"Pedestre cruzava a pista fora da faixa";"Atropelamento de Pedestre";"Com Vítimas Feridas";"Pleno dia";"Crescente";"Céu Claro";"Simples";"Curva";"Sim";2;0;2;0;0;0;2;2;-21,1404896;-42,38136978;"SPRF-MG";"DEL07-MG";"UOP02-DEL07-MG"
461288;2022-07-05;"terça-feira";"23:00:00";"MS";158;266;"TRES LAGOAS";"Velocidade Incompatível";"Colisão com objeto";"Com Vítimas Fatais";"Plena Noite";"Decrescente";"Céu Claro";"Simples";"Reta";"Não";1;1;0;0;0;0;0;1;-20,75394198;-51,70516399;"SPRF-MS";"DEL07-MS";"UOP01-DEL07-MS"
461289;2022-07-08;"sexta-feira";"07:30:00";"MT";163;119;"RONDONOPOLIS";"Reação tardia ou ineficiente do condutor";"Colisão traseira";"Com Vítimas Feridas";"Pleno dia";"Decrescente";"Sol";"Dupla";"Reta";"Sim";2;0;0;1;1;0;1;2;-16,49309292;-54,64707082;"SPRF-MT";"DEL02-MT";"UOP01-DEL02-MT"