"id";"data_inversa";"dia_semana";"horario";"uf";"br";"km";"municipio";"causa_acidente";"tipo_acidente";"classificacao_acidente";"fase_dia";"sentido_via";"condicao_metereologica";"tipo_pista";"tracado_via";"uso_solo";"pessoas";"mortos";"feridos_leves";"feridos_graves";"ilesos";"ignorados";"feridos";"veiculos";"latitude";"longitude";"regional";"delegacia";"uop"
461413;2022-07-12;"terça-feira";"11:20:00";"PR";376;175;"MARINGA";"Manobra de mudança de faixa";"Colisão lateral mesmo sentido";"Sem Vítimas";"Pleno dia";"Crescente";"Nublado";"Múltipla";"Reta";"Sim";2;0;0;0;2;0;0;2;-23,4113569;-51,9407767;"SPRF-PR";"DEL09-PR";"UOP01-DEL09-PR"
461414;2022-07-13;"quarta-feira";"08:20:00";"PR";277;587,1;"CASCAVEL";"Condutor deixou de manter distância do veículo da frente";"Engavetamento";"Sem Vítimas";"Pleno dia";"Decrescente";"Céu Claro";"Simples";"Reta;Aclive";"Sim";3;0;0;0;3;0;0;3;-24,96941255;-53,42959722;"SPRF-PR";"DEL04-PR";"UOP01-DEL04-PR"
461416;2022-07-13;"quarta-feira";"07:00:00";"MA";135;4;"SAO LUIS";"Frear bruscamente";"Colisão traseira";"Com Vítimas Feridas";"Pleno dia";"Decrescente";"Céu Claro";"Dupla";"Reta";"Sim";2;0;1;0;1;0;1;2;-2,61424881;-44,25257023;"SPRF-MA";"DEL01-MA";"UOP01-DEL01-MA"
461417;2022-07-13;"quarta-feira";"05:10:00";"GO";364;111;"APARECIDA DO RIO DOCE";"Condutor Dormindo";"Saída de leito carroçável";"Sem Vítimas";"Amanhecer";"Crescente";"Nublado";"Simples";"Interseção de Vias";"Não";1;0;0;0;0;1;0;1;-18,323978;-51,135818;"SPRF-GO";"DEL05-GO";"UOP02-DEL05-GO"
461418;2022-07-13;"quarta-feira";"07:20:00";"MA";135;4,8;"SAO LUIS";"Reação tardia ou ineficiente do condutor";"Colisão traseira";"Com Vítimas Feridas";"Pleno dia";"Crescente";"Céu Claro";"Dupla";"Reta";"Não";2;0;1;0;1;0;1;2;-2,61424881;-44,25257023;"SPRF-MA";"DEL01-MA";"UOP01-DEL01-MA"
461422;2022-07-13;"quarta-feira";"09:00:00";"MG";40;526,2;"CONTAGEM";"Reação tardia ou ineficiente do condutor";"Colisão com objeto";"Com Vítimas Feridas";"Pleno dia";"Crescente";"Céu Claro";"Dupla";"Reta";"Sim";1;0;0;1;0;0;1;1;-19,89255399;-44,04985478;"SPRF-MG";"DEL01-MG";"UOP02-DEL01-MG"
461423;2022-07-13;"quarta-feira";"09:00:00";"CE";116;12;"FORTALEZA";"Reação tardia ou ineficiente do condutor";"Colisão traseira";"Com Vítimas Feridas";"Pleno dia";"Decrescente";"Céu Claro";"Múltipla";"Reta";"Sim";3;0;2;0;1;0;2;2;-3,852077;-38,495525;"SPRF-CE";"DEL01-CE";"UOP02-DEL01-CE"
461424;2022-07-13;"quarta-feira";"09:30:00";"PR";116;58;"CAMPINA GRANDE DO SUL";"Velocidade Incompatível";"Colisão com objeto";"Com Vítimas Feridas";"Pleno dia";"Crescente";"Garoa/Chuvisco";"Dupla";"Curva";"Não";2;0;1;0;1;0;1;1;-25,30341142;-48,94400597;"SPRF-PR";"DEL01-PR";"UOP02-DEL01-PR"
461425;2022-07-13;"quarta-feira";"09:20:00";"PR";376;615;"SAO JOSE DOS PINHAIS";"Manobra de mudança de faixa";"Colisão lateral mesmo sentido";"Com Vítimas Feridas";"Pleno dia";"Decrescente";"Nublado";"Múltipla";"Reta";"Sim";3;0;0;1;2;0;1;3;-25,573695;-49,18014;"SPRF-PR";"DEL01-PR";"UOP06-DEL01-PR"
461426;2022-07-13;"quarta-feira";"08:40:00";"SC";280;58;"GUARAMIRIM";"Condutor deixou de manter distância do veículo da frente";"Colisão traseira";"Com Vítimas Feridas";"Pleno dia";"Crescente";"Garoa/Chuvisco";"Dupla";"Reta";"Sim";2;0;1;0;1;0;1;2;-26,47415593;-49,021211;"SPRF-SC";"DEL03-SC";"UOP03-DEL03-SC"
461427;2022-06-27;"segunda-feira";"07:40:00";"RS";116;265;"CANOAS";"Trafegar com motocicleta (ou similar) entre as faixas";"Colisão lateral mesmo sentido";"Com Vítimas Feridas";"Amanhecer";"Decrescente";"Céu Claro";"Dupla";"Reta";"Sim";3;0;1;0;2;0;1;3;-29,92342302;-51,17780944;"SPRF-RS";"DEL01-RS";"UOP01-DEL01-RS"
461430;2022-07-10;"domingo";"20:40:00";"PE";0;0;"SAO JOAO";"Ingestão de álcool pelo condutor";"Tombamento";"Sem Vítimas";"Plena Noite";"Não Informado";"Nublado";"Simples";"Interseção de Vias";"Não";7;0;0;0;4;3;0;3;-8,866411;-36,448513;"SPRF-PE";"DEL03-PE";"UOP01-DEL03-PE"
461432;2022-07-13;"quarta-feira";"07:50:00";"BA";116;640;"JAGUAQUARA";"Acesso irregular";"Colisão transversal";"Com Vítimas Feridas";"Pleno dia";"Decrescente";"Céu Claro";"Simples";"Aclive";"Não";4;0;3;0;1;0;3;2;-13,53126279;-40,06433648;"SPRF-BA";"DEL03-BA";"UOP01-DEL03-BA"
461435;2022-07-13;"quarta-feira";"11:10:00";"SP";381;26,5;"BRAGANCA PAULISTA";"Reação tardia ou ineficiente do condutor";"Queda de ocupante de veículo";"Com Vítimas Feridas";"Pleno dia";"Crescente";"Céu Claro";"Dupla";"Reta";"Não";1;0;1;0;0;0;1;1;-23,02679312;-46,53612988;"SPRF-SP";"DEL03-SP";"UOP01-DEL03-SP"
461436;2022-03-01;"terça-feira";"14:10:00";"ES";262;89,8;"DOMINGOS MARTINS";"Ingestão de álcool pelo condutor";"Saída de leito carroçável";"Com Vítimas Feridas";"Pleno dia";"Crescente";"Sol";"Simples";"Curva;Declive";"Sim";2;0;2;0;0;0;2;1;-20,38725617;-41,01746327;"SPRF-ES";"DEL01-ES";"UOP02-DEL01-ES"
461437;2022-07-13;"quarta-feira";"10:30:00";"RS";290;102;"PORTO ALEGRE";"Ausência de reação do condutor";"Colisão traseira";"Com Vítimas Feridas";"Pleno dia";"Decrescente";"Céu Claro";"Simples";"Ponte";"Não";2;0;1;0;1;0;1;2;-29,987228;-51,25613;"SPRF-RS";"DEL01-RS";"UOP01-DEL01-RS"
461439;2022-06-11;"sábado";"01:40:00";"RO";364;376,7;"OURO PRETO DO OESTE";"Transitar na contramão";"Colisão frontal";"Com Vítimas Fatais";"Plena Noite";"Crescente";"Ignorado";"Simples";"Curva";"Não";56;2;0;0;0;54;0;2;-10,735312;-62,19715;"SPRF-RO";"DEL02-RO";"UOP01-DEL02-RO"
461441;2022-07-13;"quarta-feira";"11:05:00";"MS";163;39;"ELDORADO";"Acessar a via sem observar a presença dos outros veículos";"Colisão transversal";"Com Vítimas Feridas";"Pleno dia";"Crescente";"Céu Claro";"Simples";"Interseção de Vias";"Sim";4;0;1;1;2;0;2;2;-23,7948851;-54,28686992;"SPRF-MS";"DEL09-MS";"UOP02-DEL09-MS"
461442;2022-07-13;"quarta-feira";"11:50:00";"SC";470;53;"BLUMENAU";"Acessar a via sem observar a presença dos outros veículos";"Colisão transversal";"Com Vítimas Feridas";"Pleno dia";"Crescente";"Céu Claro";"Simples";"Reta";"Não";2;0;1;0;1;0;1;2;-26,867121;-49,102066;"SPRF-SC";"DEL04-SC";"UOP01-DEL04-SC"
461443;2022-07-13;"quarta-feira";"10:40:00";"SP";116;226;"GUARULHOS";"Ausência de reação do condutor";"Colisão traseira";"Com Vítimas Feridas";"Pleno dia";"Crescente";"Sol";"Múltipla";"Reta";"Não";5;0;3;0;2;0;3;3;-23,49102507;-46,54878195;"SPRF-SP";"DEL01-SP";"UOP01-DEL01-SP"
461444;2022-07-13;"quarta-feira";"11:45:00";"PB";230;158;"CAMPINA GRANDE";"Desrespeitar a preferência no cruzamento";"Colisão transversal";"Com Vítimas Feridas";"Pleno dia";"Decrescente";"Nublado";"Simples";"Retorno Regulamentado";"Sim";1;0;0;1;0;0;1;1;-7,2582;-35,9267;"SPRF-PB";"DEL02-PB";"UOP01-DEL02-PB"
461445;2022-07-13;"quarta-feira";"10:30:00";"SC";101;143;"ITAPEMA";"Demais falhas mecânicas ou elétricas";"Tombamento";"Com Vítimas Feridas";"Pleno dia";"Crescente";"Nublado";"Dupla";"Reta";"Sim";2;0;2;0;0;0;2;1;-27,06436;-48,59599405;"SPRF-SC";"DEL04-SC";"UOP03-DEL04-SC"
461446;2022-07-13;"quarta-feira";"11:10:00";"MG";381;810,3;"SAO GONCALO DO SAPUCAI";"Condutor Dormindo";"Saída de leito carroçável";"Com Vítimas Feridas";"Pleno dia";"Decrescente";"Sol";"Dupla";"Curva;Aclive";"Não";4;0;4;0;0;0;4;1;-21,9934066;-45,67142129;"SPRF-MG";"DEL16-MG";"UOP02-DEL16-MG"
461447;2022-07-13;"quarta-feira";"08:15:00";"RO";435;124;"CEREJEIRAS";"Acesso irregular";"Colisão lateral mesmo sentido";"Com Vítimas Feridas";"Pleno dia";"Decrescente";"Céu Claro";"Dupla";"Reta";"Sim";2;0;1;0;1;0;1;2;-13,188876;-60,817287;"SPRF-RO";"DEL04-RO";"UOP02-DEL04-RO"
461448;2022-04-28;"quinta-feira";"15:30:00";"PR";476;139;"CURITIBA";"Ingestão de álcool pelo condutor";"Colisão traseira";"Sem Vítimas";"Pleno dia";"Crescente";"Céu Claro";"Múltipla";"Reta";"Sim";2;0;0;0;2;0;0;2;-25,51284;-49,289257;"SPRF-PR";"DEL01-PR";"UOP03-DEL01-PR"
461449;2022-07-13;"quarta-feira";"07:15:00";"SC";101;357,9;"SANGAO";"Ingestão de álcool pelo condutor";"Saída de leito carroçável";"Com Vítimas Feridas";"Pleno dia";"Decrescente";"Céu Claro";"Dupla";"Reta";"Sim";2;0;1;0;1;0;1;1;-28,635168;-49,09467;"SPRF-SC";"DEL02-SC";"UOP01-DEL02-SC"
461452;2022-07-13;"quarta-feira";"13:20:00";"RS";116;150;"CAXIAS DO SUL";"Condutor deixou de manter distância do veículo da frente";"Colisão traseira";"Com Vítimas Feridas";"Pleno dia";"Decrescente";"Sol";"Dupla";"Reta";"Sim";2;0;1;0;1;0;1;2;-29,168428;-51,158337;"SPRF-RS";"DEL05-RS";"UOP01-DEL05-RS"
461454;2022-07-13;"quarta-feira";"13:20:00";"MG";116;422,2;"ALPERCATA";"Reação tardia ou ineficiente do condutor";"Tombamento";"Com Vítimas Feridas";"Pleno dia";"Decrescente";"Céu Claro";"Simples";"Aclive";"Não";1;0;1;0;0;0;1;1;-18,94601944;-41,95023848;"SPRF-MG";"DEL06-MG";"UOP01-DEL06-MG"
461455;2022-07-13;"quarta-feira";"10:30:00";"PE";423;142,7;"IATI";"Demais falhas mecânicas ou elétricas";"Incêndio";"Com Vítimas Feridas";"Pleno dia";"Crescente";"Nublado";"Simples";"Reta";"Não";1;0;1;0;0;0;1;1;-8,99343116;-36,84577286;"SPRF-PE";"DEL03-PE";"UOP01-DEL03-PE"
461457;2022-06-16;"quinta-feira";"02:27:00";"RJ";40;107;"RIO DE JANEIRO";"Velocidade Incompatível";"Colisão lateral mesmo sentido";"Sem Vítimas";"Plena Noite";"Crescente";"Nevoeiro/Neblina";"Múltipla";"Reta";"Não";1;0;0;0;1;0;0;1;-22,8298418;-43,3197986;"SPRF-RJ";"DEL01-RJ";"UOP01-DEL01-RJ"
461458;2022-07-10;"domingo";"01:43:00";"PE";232;196;"SANHARO";"Transitar na contramão";"Colisão transversal";"Com Vítimas Feridas";"Plena Noite";"Crescente";"Chuva";"Simples";"Reta";"Não";2;0;0;1;0;1;1;2;-8,36547121;-36,5628009;"SPRF-PE";"DEL03-PE";"UOP02-DEL03-PE"
461459;2022-07-13;"quarta-feira";"13:20:00";"SP";116;547;"BARRA DO TURVO";"Pista Escorregadia";"Colisão com objeto";"Com Vítimas Feridas";"Pleno dia";"Decrescente";"Garoa/Chuvisco";"Simples";"Curva";"Não";3;0;2;0;1;0;2;1;-24,96899601;-48,44502926;"SPRF-SP";"DEL05-SP";"UOP02-DEL05-SP"
461460;2022-07-13;"quarta-feira";"13:30:00";"MG";381;589;"CARMOPOLIS DE MINAS";"Entrada inopinada do pedestre";"Atropelamento de Pedestre";"Com Vítimas Feridas";"Pleno dia";"Crescente";"Céu Claro";"Dupla";"Reta";"Sim";2;0;1;0;1;0;1;2;-20,56175976;-44,66523212;"SPRF-MG";"DEL04-MG";"UOP01-DEL04-MG"
461462;2022-07-13;"quarta-feira";"14:35:00";"GO";70;11;"AGUAS LINDAS DE GOIAS";"Condutor deixou de manter distância do veículo da frente";"Colisão traseira";"Com Vítimas Feridas";"Pleno dia";"Crescente";"Sol";"Simples";"Reta;Declive";"Sim";3;0;2;0;1;0;2;2;-15,73877614;-48,30124288;"SPRF-DF";"DEL03-DF";"UOP02-DEL03-DF"
461463;2022-05-21;"sábado";"00:00:00";"PR";376;490;"PONTA GROSSA";"Pedestre andava na pista";"Atropelamento de Pedestre";"Com Vítimas Feridas";"Plena Noite";"Decrescente";"Céu Claro";"Dupla";"Curva";"Sim";2;0;0;2;0;0;2;2;-25,14692309;-50,15072006;"SPRF-PR";"DEL03-PR";"UOP01-DEL03-PR"
461467;2022-07-13;"quarta-feira";"13:40:00";"SC";282;16;"PALHOCA";"Acessar a via sem observar a presença dos outros veículos";"Colisão transversal";"Com Vítimas Feridas";"Pleno dia";"Crescente";"Nublado";"Simples";"Reta";"Sim";2;0;1;0;1;0;1;2;-27,658611;-48,681847;"SPRF-SC";"DEL01-SC";"UOP02-DEL01-SC"
461468;2022-07-13;"quarta-feira";"14:40:00";"MG";40;509;"RIBEIRAO DAS NEVES";"Velocidade Incompatível";"Colisão traseira";"Com Vítimas Feridas";"Pleno dia";"Decrescente";"Céu Claro";"Dupla";"Reta;Retorno Regulamentado";"Sim";3;0;2;0;0;1;2;2;-19,76728744;-44,12855905;"SPRF-MG";"DEL01-MG";"UOP02-DEL01-MG"
461469;2022-07-13;"quarta-feira";"15:20:00";"MG";365;617;"UBERLANDIA";"Condutor deixou de manter distância do veículo da frente";"Colisão traseira";"Com Vítimas Feridas";"Pleno dia";"Crescente";"Céu Claro";"Dupla";"Reta";"Não";2;0;1;0;1;0;1;2;-18,884602;-48,26594;"SPRF-MG";"DEL15-MG";"UOP01-DEL15-MG"
461471;2022-06-15;"quarta-feira";"21:00:00";"ES";262;97;"VENDA NOVA DO IMIGRANTE";"Reação tardia ou ineficiente do condutor";"Colisão traseira";"Sem Vítimas";"Plena Noite";"Decrescente";"Céu Claro";"Simples";"Reta";"Não";2;0;0;0;2;0;0;2;-20,33660368;-41,12605006;"SPRF-ES";"DEL01-ES";"UOP02-DEL01-ES"
461472;2022-06-19;"domingo";"12:35:00";"ES";262;39;"DOMINGOS MARTINS";"Reação tardia ou ineficiente do condutor";"Colisão frontal";"Com Vítimas Feridas";"Pleno dia";"Crescente";"Chuva";"Simples";"Curva";"Não";4;0;2;0;2;0;2;3;-20,3802679;-40,63000864;"SPRF-ES";"DEL01-ES";"UOP01-DEL01-ES"
461476;2022-07-13;"quarta-feira";"15:00:00";"RS";116;269;"CANOAS";"Reação tardia ou ineficiente do condutor";"Queda de ocupante de veículo";"Com Vítimas Feridas";"Pleno dia";"Crescente";"Céu Claro";"Dupla";"Reta";"Sim";1;0;1;0;0;0;1;1;-29,95942501;-51,17608515;"SPRF-RS";"DEL01-RS";"UOP01-DEL01-RS"
461478;2022-07-13;"quarta-feira";"14:30:00";"MG";116;389,9;"GOVERNADOR VALADARES";"Ultrapassagem Indevida";"Saída de leito carroçável";"Com Vítimas Feridas";"Pleno dia";"Decrescente";"Sol";"Simples";"Desvio Temporário;Curva";"Não";1;0;0;1;0;0;1;1;-18,70114901;-41,98544802;"SPRF-MG";"DEL06-MG";"UOP01-DEL06-MG"
461479;2022-07-13;"quarta-feira";"15:15:00";"RN";101;107;"PARNAMIRIM";"Pedestre cruzava a pista fora da faixa";"Atropelamento de Pedestre";"Com Vítimas Feridas";"Pleno dia";"Crescente";"Céu Claro";"Dupla";"Reta";"Sim";3;0;2;0;1;0;2;2;-5,91920796;-35,26412409;"SPRF-RN";"DEL01-RN";"UOP01-DEL01-RN"
461480;2022-07-13;"quarta-feira";"14:20:00";"RJ";116;290;"BARRA MANSA";"Acessar a via sem observar a presença dos outros veículos";"Atropelamento de Pedestre";"Com Vítimas Feridas";"Pleno dia";"Decrescente";"Céu Claro";"Dupla";"Curva";"Sim";2;0;0;1;1;0;1;2;-22,47546917;-44,26675004;"SPRF-RJ";"DEL07-RJ";"UOP02-DEL07-RJ"
461483;2022-07-13;"quarta-feira";"16:05:00";"ES";101;146;"LINHARES";"Reação tardia ou ineficiente do condutor";"Colisão traseira";"Com Vítimas Feridas";"Pleno dia";"Decrescente";"Céu Claro";"Múltipla";"Reta";"Sim";2;0;1;0;1;0;1;2;-19,36990998;-40,06560718;"SPRF-ES";"DEL04-ES";"UOP01-DEL04-ES"
461484;2022-07-13;"quarta-feira";"16:10:00";"RJ";40;86,5;"PETROPOLIS";"Chuva";"Saída de leito carroçável";"Com Vítimas Feridas";"Anoitecer";"Decrescente";"Chuva";"Simples";"Curva";"Não";1;0;1;0;0;0;1;1;-22,54413793;-43,23287799;"SPRF-RJ";"DEL06-RJ";"UOP01-DEL06-RJ"
461487;2022-07-13;"quarta-feira";"13:10:00";"PR";376;182;"SARANDI";"Manobra de mudança de faixa";"Colisão traseira";"Com Vítimas Feridas";"Pleno dia";"Decrescente";"Céu Claro";"Dupla";"Reta";"Sim";2;0;1;0;1;0;1;2;-23,43684112;-51,87880764;"SPRF-PR";"DEL09-PR";"UOP01-DEL09-PR"
461489;2022-07-13;"quarta-feira";"16:10:00";"RS";386;343,1;"LAJEADO";"Acesso irregular";"Colisão transversal";"Com Vítimas Feridas";"Pleno dia";"Crescente";"Céu Claro";"Simples";"Reta";"Sim";3;0;1;0;2;0;1;2;-29,434835;-52,002365;"SPRF-RS";"DEL04-RS";"UOP01-DEL04-RS"
461493;2022-07-13;"quarta-feira";"16:10:00";"PB";101;35,3;"MAMANGUAPE";"Ausência de reação do condutor";"Colisão traseira";"Com Vítimas Feridas";"Pleno dia";"Decrescente";"Céu Claro";"Dupla";"Reta";"Não";2;0;1;0;1;0;1;2;-6,796969;-35,13783;"SPRF-PB";"DEL01-PB";"UOP04-DEL01-PB"
461498;2022-07-13;"quarta-feira";"16:00:00";"PE";408;103;"RECIFE";"Sinalização mal posicionada";"Engavetamento";"Com Vítimas Feridas";"Pleno dia";"Decrescente";"Céu Claro";"Dupla";"Declive";"Não";5;0;4;1;0;0;5;3;-8,05746154;-34,99468175;"SPRF-PE";"DEL01-PE";"UOP01-DEL01-PE"
461499;2022-07-13;"quarta-feira";"16:30:00";"BA";101;853;"TEIXEIRA DE FREITAS";"Reação tardia ou ineficiente do condutor";"Colisão traseira";"Com Vítimas Feridas";"Plena Noite";"Crescente";"Céu Claro";"Simples";"Reta";"Não";2;0;0;1;1;0;1;2;-17,54578203;-39,71874195;"SPRF-BA";"DEL09-BA";"UOP02-DEL09-BA"
461501;2022-06-18;"sábado";"17:30:00";"MG";40;566,5;"NOVA LIMA";"Reação tardia ou ineficiente do condutor";"Colisão traseira";"Com Vítimas Feridas";"Anoitecer";"Crescente";"Céu Claro";"Simples";"Declive;Curva";"Não";2;0;2;0;0;0;2;1;-20,18474989;-43,96704024;"SPRF-MG";"DEL01-MG";"UOP02-DEL01-MG"
461503;2022-07-13;"quarta-feira";"17:20:00";"SP";116;79,3;"ROSEIRA";"Manobra de mudança de faixa";"Saída de leito carroçável";"Com Vítimas Feridas";"Pleno dia";"Crescente";"Céu Claro";"Dupla";"Reta";"Não";2;0;0;1;0;1;1;2;-22,89420903;-45,29471098;"SPRF-SP";"DEL08-SP";"UOP01-DEL08-SP"
461504;2022-06-29;"quarta-feira";"09:00:00";"PR";153;329,5;"IRATI";"Conversão proibida";"Colisão traseira";"Com Vítimas Feridas";"Pleno dia";"Crescente";"Céu Claro";"Dupla";"Reta";"Sim";2;0;1;0;1;0;1;2;-25,45613993;-50,62024713;"SPRF-PR";"DEL08-PR";"UOP02-DEL08-PR"
461505;2022-07-13;"quarta-feira";"17:30:00";"PI";316;314,4;"PICOS";"Acessar a via sem observar a presença dos outros veículos";"Colisão lateral mesmo sentido";"Com Vítimas Feridas";"Anoitecer";"Decrescente";"Céu Claro";"Dupla";"Declive;Reta";"Sim";3;0;1;0;2;0;1;2;-7,0776992;-41,44117384;"SPRF-PI";"DEL04-PI";"UOP01-DEL04-PI"
461507;2022-07-13;"quarta-feira";"17:45:00";"PR";487;175;"CAMPO MOURAO";"Acesso irregular";"Colisão transversal";"Com Vítimas Feridas";"Pleno dia";"Decrescente";"Céu Claro";"Dupla";"Aclive";"Sim";5;0;2;0;3;0;2;2;-24,03067325;-52,42637564;"SPRF-PR";"DEL09-PR";"UOP03-DEL09-PR"
461508;2022-07-13;"quarta-feira";"17:50:00";"MG";262;353,5;"BETIM";"Velocidade Incompatível";"Tombamento";"Com Vítimas Feridas";"Anoitecer";"Decrescente";"Céu Claro";"Dupla";"Reta";"Sim";1;0;1;0;0;0;1;1;-19,9847;-44,20613;"SPRF-MG";"DEL01-MG";"UOP03-DEL01-MG"
461509;2022-07-13;"quarta-feira";"17:20:00";"ES";259;60;"COLATINA";"Ultrapassagem Indevida";"Colisão lateral mesmo sentido";"Com Vítimas Feridas";"Anoitecer";"Crescente";"Céu Claro";"Simples";"Reta";"Não";3;0;1;1;0;1;2;2;-19,52530482;-40,67461308;"SPRF-ES";"DEL02-ES";"UOP01-DEL02-ES"
461510;2022-07-13;"quarta-feira";"19:15:00";"RJ";101;235,5;"SILVA JARDIM";"Pedestre andava na pista";"Atropelamento de Pedestre";"Com Vítimas Fatais";"Plena Noite";"Crescente";"Chuva";"Dupla";"Reta";"Não";2;1;0;0;1;0;0;2;-22,60999971;-42,39862204;"SPRF-RJ";"DEL02-RJ";"UOP03-DEL02-RJ"
461511;2022-07-13;"quarta-feira";"17:00:00";"MT";364;202;"RONDONOPOLIS";"Ingestão de álcool pelo condutor";"Colisão traseira";"Com Vítimas Feridas";"Anoitecer";"Decrescente";"Céu Claro";"Dupla";"Declive";"Sim";2;0;1;0;1;0;1;2;-16,48347324;-54,64970354;"SPRF-MT";"DEL02-MT";"UOP01-DEL02-MT"
461513;2022-07-13;"quarta-feira";"19:05:00";"RS";116;242,3;"SAO LEOPOLDO";"Ausência de reação do condutor";"Colisão traseira";"Com Vítimas Feridas";"Plena Noite";"Crescente";"Céu Claro";"Simples";"Reta";"Sim";2;0;1;0;1;0;1;2;-29,72297087;-51,14858729;"SPRF-RS";"DEL01-RS";"UOP02-DEL01-RS"
461514;2022-07-13;"quarta-feira";"16:18:00";"ES";262;85;"DOMINGOS MARTINS";"Demais falhas mecânicas ou elétricas";"Incêndio";"Sem Vítimas";"Pleno dia";"Crescente";"Céu Claro";"Simples";"Reta;Aclive";"Não";1;0;0;0;0;1;0;1;-20,39882726;-40,98380982;"SPRF-ES";"DEL01-ES";"UOP02-DEL01-ES"
461515;2022-07-13;"quarta-feira";"17:24:00";"PR";277;346,9;"GUARAPUAVA";"Entrada inopinada do pedestre";"Atropelamento de Pedestre";"Com Vítimas Fatais";"Pleno dia";"Crescente";"Nublado";"Simples";"Declive";"Sim";3;1;0;0;1;1;0;2;-25,33928412;-51,42880296;"SPRF-PR";"DEL08-PR";"UOP01-DEL08-PR"
461516;2022-07-13;"quarta-feira";"18:30:00";"SC";163;70,4;"SAO MIGUEL DO OESTE";"Acessar a via sem observar a presença dos outros veículos";"Colisão transversal";"Com Vítimas Feridas";"Anoitecer";"Decrescente";"Céu Claro";"Dupla";"Interseção de Vias;Curva";"Sim";3;0;1;0;2;0;1;2;-26,73261781;-53,50999475;"SPRF-SC";"DEL07-SC";"UOP03-DEL07-SC"
461517;2022-07-13;"quarta-feira";"17:30:00";"MS";163;490;"CAMPO GRANDE";"Acessar a via sem observar a presença dos outros veículos";"Colisão transversal";"Sem Vítimas";"Plena Noite";"Crescente";"Céu Claro";"Dupla";"Rotatória";"Sim";3;0;0;0;1;2;0;2;-20,40017983;-54,55539878;"SPRF-MS";"DEL01-MS";"UOP02-DEL01-MS"
461519;2022-07-13;"quarta-feira";"18:20:00";"MS";163;457,8;"CAMPO GRANDE";"Reação tardia ou ineficiente do condutor";"Saída de leito carroçável";"Sem Vítimas";"Plena Noite";"Crescente";"Céu Claro";"Simples";"Reta";"Não";2;0;0;0;1;1;0;1;-20,66403994;-54,5606768;"SPRF-MS";"DEL01-MS";"UOP01-DEL01-MS"
461520;2022-07-13;"quarta-feira";"19:10:00";"RJ";116;89;"TERESOPOLIS";"Demais falhas mecânicas ou elétricas";"Incêndio";"Sem Vítimas";"Plena Noite";"Decrescente";"Garoa/Chuvisco";"Simples";"Curva";"Sim";1;0;0;0;1;0;0;1;-22,45706098;-42,96221791;"SPRF-RJ";"DEL04-RJ";"UOP01-DEL04-RJ"
461521;2022-07-13;"quarta-feira";"19:15:00";"MS";60;162,2;"CAMAPUA";"Condutor Dormindo";"Saída de leito carroçável";"Com Vítimas Feridas";"Plena Noite";"Decrescente";"Ignorado";"Simples";"Reta";"Não";4;0;3;1;0;0;4;1;-19,44080673;-53,76386924;"SPRF-MS";"DEL06-MS";"UOP02-DEL06-MS"
461523;2022-07-13;"quarta-feira";"20:30:00";"DF";70;10,7;"BRASILIA";"Manobra de mudança de faixa";"Colisão transversal";"Sem Vítimas";"Plena Noite";"Crescente";"Céu Claro";"Simples";"Retorno Regulamentado;Reta";"Sim";3;0;0;0;2;1;0;3;-15,787066;-48,140709;"SPRF-DF";"DEL03-DF";"UOP02-DEL03-DF"
461524;2022-07-13;"quarta-feira";"18:25:00";"DF";70;8;"BRASILIA";"Condutor deixou de manter distância do veículo da frente";"Colisão lateral mesmo sentido";"Com Vítimas Feridas";"Plena Noite";"Crescente";"Céu Claro";"Dupla";"Reta";"Sim";4;0;1;1;2;0;2;2;-15,784966;-48,122108;"SPRF-DF";"DEL03-DF";"UOP02-DEL03-DF"
461525;2022-07-13;"quarta-feira";"19:53:00";"ES";101;65;"SAO MATEUS";"Acumulo de areia ou detritos sobre o pavimento";"Tombamento";"Com Vítimas Feridas";"Plena Noite";"Decrescente";"Céu Claro";"Dupla";"Viaduto";"Sim";1;0;1;0;0;0;1;1;-18,70935945;-39,87762087;"SPRF-ES";"DEL04-ES";"UOP02-DEL04-ES"
461526;2022-07-13;"quarta-feira";"22:00:00";"PR";163;281;"QUATRO PONTES";"Obstrução na via";"Queda de ocupante de veículo";"Com Vítimas Feridas";"Plena Noite";"Decrescente";"Céu Claro";"Simples";"Em Obras";"Não";1;0;1;0;0;0;1;1;-24,57864514;-53,99236214;"SPRF-PR";"DEL06-PR";"UOP02-DEL06-PR"
461529;2022-07-13;"quarta-feira";"22:30:00";"DF";20;8,2;"BRASILIA";"Acessar a via sem observar a presença dos outros veículos";"Colisão traseira";"Com Vítimas Feridas";"Pleno dia";"Crescente";"Céu Claro";"Dupla";"Reta";"Sim";2;0;1;0;1;0;1;2;-15,658386;-47,791534;"SPRF-DF";"DEL02-DF";"UOP01-DEL02-DF"
461531;2022-07-13;"quarta-feira";"19:30:00";"PR";277;2;"PARANAGUA";"Pista Escorregadia";"Queda de ocupante de veículo";"Com Vítimas Feridas";"Plena Noite";"Decrescente";"Garoa/Chuvisco";"Simples";"Reta";"Sim";2;0;1;0;0;1;1;2;-25,52944985;-48,54824066;"SPRF-PR";"DEL01-PR";"UOP05-DEL01-PR"
461532;2022-07-13;"quarta-feira";"19:00:00";"RO";174;15;"VILHENA";"Ausência de reação do condutor";"Colisão traseira";"Sem Vítimas";"Plena Noite";"Crescente";"Céu Claro";"Simples";"Reta";"Sim";2;0;0;0;2;0;0;2;-12,723321;-60,12801;"SPRF-RO";"DEL04-RO";"UOP01-DEL04-RO"