"id";"data_inversa";"dia_semana";"horario";"uf";"br";"km";"municipio";"causa_acidente";"tipo_acidente";"classificacao_acidente";"fase_dia";"sentido_via";"condicao_metereologica";"tipo_pista";"tracado_via";"uso_solo";"pessoas";"mortos";"feridos_leves";"feridos_graves";"ilesos";"ignorados";"feridos";"veiculos";"latitude";"longitude";"regional";"delegacia";"uop"
461655;2022-07-14;"quinta-feira";"15:20:00";"RJ";101;489;"ANGRA DOS REIS";"Transitar na contramão";"Colisão lateral sentido oposto";"Com Vítimas Feridas";"Pleno dia";"Decrescente";"Céu Claro";"Simples";"Curva";"Não";2;0;1;0;1;0;1;2;-22,95605138;-44,30404997;"SPRF-RJ";"DEL03-RJ";"UOP03-DEL03-RJ"
461656;2022-07-14;"quinta-feira";"14:45:00";"RO";174;15;"VILHENA";"Acessar a via sem observar a presença dos outros veículos";"Colisão transversal";"Com Vítimas Feridas";"Pleno dia";"Crescente";"Céu Claro";"Simples";"Reta";"Sim";3;0;1;0;2;0;1;2;-12,723321;-60,12801;"SPRF-RO";"DEL04-RO";"UOP01-DEL04-RO"
461657;2022-07-14;"quinta-feira";"16:40:00";"RN";101;117,9;"SAO JOSE DE MIPIBU";"Demais falhas mecânicas ou elétricas";"Queda de ocupante de veículo";"Com Vítimas Feridas";"Pleno dia";"Decrescente";"Céu Claro";"Dupla";"Reta";"Sim";2;0;2;0;0;0;2;1;-6,00757562;-35,25696507;"SPRF-RN";"DEL01-RN";"UOP01-DEL01-RN"
461658;2022-07-14;"quinta-feira";"16:51:00";"SE";235;52;"ITABAIANA";"Velocidade Incompatível";"Colisão traseira";"Com Vítimas Feridas";"Anoitecer";"Crescente";"Céu Claro";"Simples";"Reta";"Sim";2;0;1;0;0;1;1;2;-10,693279;-37,437557;"SPRF-SE";"DEL01-SE";"UOP02-DEL01-SE"
461661;2022-07-14;"quinta-feira";"15:20:00";"PR";116;103;"SAO JOSE DOS PINHAIS";"Avarias e/ou desgaste excessivo no pneu";"Queda de ocupante de veículo";"Sem Vítimas";"Pleno dia";"Crescente";"Céu Claro";"Dupla";"Reta";"Não";2;0;0;0;2;0;0;1;-25,55944814;-49,15099774;"SPRF-PR";"DEL01-PR";"UOP01-DEL01-PR"
461662;2022-07-14;"quinta-feira";"17:18:00";"ES";101;270;"SERRA";"Reação tardia ou ineficiente do condutor";"Colisão lateral mesmo sentido";"Com Vítimas Feridas";"Anoitecer";"Crescente";"Chuva";"Múltipla";"Reta";"Sim";2;0;2;0;0;0;2;2;-20,22662056;-40,27075088;"SPRF-ES";"DEL02-ES";"UOP01-DEL02-ES"
461664;2022-07-14;"quinta-feira";"16:52:00";"BA";242;1;"BARREIRAS";"Avarias e/ou desgaste excessivo no pneu";"Capotamento";"Com Vítimas Feridas";"Pleno dia";"Crescente";"Céu Claro";"Simples";"Reta";"Não";3;0;2;0;0;1;2;2;-12,153215;-44,990364;"SPRF-BA";"DEL10-BA";"UOP01-DEL10-BA"
461666;2022-07-14;"quinta-feira";"18:05:00";"ES";101;255,9;"SERRA";"Condutor deixou de manter distância do veículo da frente";"Colisão traseira";"Com Vítimas Feridas";"Anoitecer";"Crescente";"Chuva";"Múltipla";"Retorno Regulamentado";"Sim";2;0;0;1;1;0;1;2;-20,11487935;-40,31943619;"SPRF-ES";"DEL02-ES";"UOP01-DEL02-ES"
461670;2022-07-14;"quinta-feira";"17:55:00";"SP";153;75,5;"BADY BASSITT";"Reação tardia ou ineficiente do condutor";"Tombamento";"Com Vítimas Feridas";"Anoitecer";"Crescente";"Céu Claro";"Múltipla";"Rotatória;Interseção de Vias;Viaduto";"Sim";2;0;2;0;0;0;2;1;-20,89822758;-49,44032192;"SPRF-SP";"DEL09-SP";"UOP01-DEL09-SP"
461672;2022-07-14;"quinta-feira";"17:00:00";"AL";101;58,6;"MESSIAS";"Curva acentuada";"Saída de leito carroçável";"Com Vítimas Feridas";"Pleno dia";"Crescente";"Nublado";"Dupla";"Curva";"Não";1;0;1;0;0;0;1;1;-9,27933304;-35,79839595;"SPRF-AL";"DEL01-AL";"UOP02-DEL01-AL"
461673;2022-07-14;"quinta-feira";"18:00:00";"MG";381;505;"BETIM";"Demais falhas mecânicas ou elétricas";"Tombamento";"Com Vítimas Feridas";"Plena Noite";"Crescente";"Céu Claro";"Dupla";"Reta;Declive";"Não";1;0;1;0;0;0;1;1;-20,0370637;-44,24803734;"SPRF-MG";"DEL01-MG";"UOP03-DEL01-MG"
461676;2022-07-14;"quinta-feira";"18:00:00";"PE";101;67,5;"RECIFE";"Reação tardia ou ineficiente do condutor";"Tombamento";"Com Vítimas Feridas";"Plena Noite";"Crescente";"Céu Claro";"Dupla";"Reta";"Sim";1;0;1;0;0;0;1;1;-8,046955;-34,94515;"SPRF-PE";"DEL01-PE";"UOP01-DEL01-PE"
461678;2022-04-11;"segunda-feira";"01:40:00";"PR";369;150;"LONDRINA";"Ingestão de álcool pelo condutor";"Colisão traseira";"Com Vítimas Feridas";"Plena Noite";"Decrescente";"Céu Claro";"Dupla";"Interseção de Vias;Reta";"Sim";3;0;0;2;1;0;2;2;-23,29289369;-51,16153128;"SPRF-PR";"DEL07-PR";"UOP01-DEL07-PR"
461679;2022-07-14;"quinta-feira";"17:30:00";"PR";476;132;"CURITIBA";"Ausência de reação do condutor";"Colisão traseira";"Com Vítimas Feridas";"Plena Noite";"Decrescente";"Nublado";"Múltipla";"Reta";"Sim";2;0;1;0;1;0;1;2;-25,46856512;-49,25319493;"SPRF-PR";"DEL01-PR";"UOP03-DEL01-PR"
461680;2022-07-14;"quinta-feira";"17:10:00";"BA";367;73;"EUNAPOLIS";"Reação tardia ou ineficiente do condutor";"Colisão traseira";"Com Vítimas Feridas";"Plena Noite";"Crescente";"Nublado";"Simples";"Aclive;Reta";"Não";4;0;2;0;2;0;2;3;-16,38476542;-39,48916587;"SPRF-BA";"DEL09-BA";"UOP01-DEL09-BA"
461682;2022-07-14;"quinta-feira";"18:20:00";"SP";116;109;"TAUBATE";"Demais falhas mecânicas ou elétricas";"Incêndio";"Sem Vítimas";"Plena Noite";"Crescente";"Céu Claro";"Dupla";"Reta";"Sim";1;0;0;0;1;0;0;1;-23,02871304;-45,54517097;"SPRF-SP";"DEL08-SP";"UOP01-DEL08-SP"
461683;2022-07-14;"quinta-feira";"16:45:00";"PI";343;468,5;"ANGICAL DO PIAUI";"Acesso irregular";"Colisão frontal";"Com Vítimas Feridas";"Pleno dia";"Crescente";"Sol";"Simples";"Reta";"Sim";2;0;0;1;1;0;1;2;-6,068401;-42,736458;"SPRF-PI";"DEL01-PI";"UOP02-DEL01-PI"
461684;2022-07-14;"quinta-feira";"18:55:00";"RS";290;108;"ELDORADO DO SUL";"Ausência de reação do condutor";"Atropelamento de Pedestre";"Com Vítimas Feridas";"Plena Noite";"Decrescente";"Chuva";"Simples";"Reta";"Sim";2;0;1;0;1;0;1;2;-30,006546;-51,312927;"SPRF-RS";"DEL02-RS";"UOP01-DEL02-RS"
461685;2022-07-14;"quinta-feira";"19:00:00";"RN";101;94;"NATAL";"Avarias e/ou desgaste excessivo no pneu";"Tombamento";"Com Vítimas Feridas";"Plena Noite";"Decrescente";"Céu Claro";"Dupla";"Curva";"Sim";1;0;1;0;0;0;1;1;-5,831635;-35,211858;"SPRF-RN";"DEL01-RN";"UOP01-DEL01-RN"
461688;2022-07-14;"quinta-feira";"15:30:00";"SC";282;308;"VARGEM";"Curva acentuada";"Saída de leito carroçável";"Com Vítimas Feridas";"Pleno dia";"Crescente";"Nublado";"Simples";"Curva";"Não";2;0;1;1;0;0;2;1;-27,49292;-50,971973;"SPRF-SC";"DEL07-SC";"UOP06-DEL07-SC"
461690;2022-07-14;"quinta-feira";"18:30:00";"MG";40;526;"CONTAGEM";"Reação tardia ou ineficiente do condutor";"Tombamento";"Com Vítimas Feridas";"Plena Noite";"Decrescente";"Céu Claro";"Dupla";"Reta;Declive";"Sim";1;0;1;0;0;0;1;1;-19,89255399;-44,04985478;"SPRF-MG";"DEL01-MG";"UOP02-DEL01-MG"
461691;2022-07-14;"quinta-feira";"18:30:00";"MG";40;526;"CONTAGEM";"Reação tardia ou ineficiente do condutor";"Colisão traseira";"Com Vítimas Feridas";"Plena Noite";"Decrescente";"Céu Claro";"Dupla";"Reta";"Sim";3;0;2;0;1;0;2;2;-19,89255399;-44,04985478;"SPRF-MG";"DEL01-MG";"UOP02-DEL01-MG"
461692;2022-07-14;"quinta-feira";"20:10:00";"MG";381;508,6;"SAO JOAQUIM DE BICAS";"Avarias e/ou desgaste excessivo no pneu";"Tombamento";"Com Vítimas Feridas";"Plena Noite";"Decrescente";"Céu Claro";"Dupla";"Curva;Declive";"Não";2;0;1;0;1;0;1;1;-20,06277698;-44,29329002;"SPRF-MG";"DEL01-MG";"UOP03-DEL01-MG"
461694;2022-07-14;"quinta-feira";"20:30:00";"MG";365;628;"UBERLANDIA";"Ausência de reação do condutor";"Colisão traseira";"Com Vítimas Feridas";"Plena Noite";"Crescente";"Céu Claro";"Dupla";"Reta";"Não";2;0;1;0;1;0;1;2;-18,90175741;-48,35287106;"SPRF-MG";"DEL15-MG";"UOP01-DEL15-MG"
461695;2022-07-14;"quinta-feira";"20:10:00";"SP";116;282,6;"EMBU DAS ARTES";"Reação tardia ou ineficiente do condutor";"Saída de leito carroçável";"Com Vítimas Feridas";"Plena Noite";"Decrescente";"Céu Claro";"Dupla";"Reta";"Não";1;0;1;0;0;0;1;1;-23,68570216;-46,85970975;"SPRF-SP";"DEL04-SP";"UOP01-DEL04-SP"
461696;2022-07-14;"quinta-feira";"19:20:00";"CE";222;278,9;"FRECHEIRINHA";"Acessar a via sem observar a presença dos outros veículos";"Colisão transversal";"Com Vítimas Fatais";"Plena Noite";"Crescente";"Céu Claro";"Simples";"Reta";"Sim";6;1;0;0;5;0;0;2;-3,75925239;-40,80011108;"SPRF-CE";"DEL04-CE";"UOP02-DEL04-CE"
461697;2022-07-14;"quinta-feira";"19:12:00";"RO";319;63;"PORTO VELHO";"Condutor desrespeitou a iluminação vermelha do semáforo";"Colisão transversal";"Com Vítimas Feridas";"Plena Noite";"Crescente";"Céu Claro";"Dupla";"Interseção de Vias";"Sim";3;0;0;1;2;0;1;2;-8,766685;-63,884052;"SPRF-RO";"DEL01-RO";"UOP01-DEL01-RO"
461698;2022-07-14;"quinta-feira";"18:45:00";"MG";459;97,1;"POUSO ALEGRE";"Manobra de mudança de faixa";"Colisão frontal";"Com Vítimas Feridas";"Plena Noite";"Decrescente";"Céu Claro";"Simples";"Reta";"Não";2;0;1;0;1;0;1;2;-22,199377;-45,969555;"SPRF-MG";"DEL09-MG";"UOP01-DEL09-MG"
461700;2022-07-14;"quinta-feira";"21:00:00";"PR";116;121;"CURITIBA";"Condutor deixou de manter distância do veículo da frente";"Colisão traseira";"Com Vítimas Feridas";"Plena Noite";"Crescente";"Nublado";"Dupla";"Reta";"Não";2;0;1;0;1;0;1;2;-25,59207159;-49,31565285;"SPRF-PR";"DEL01-PR";"UOP03-DEL01-PR"
461702;2022-07-14;"quinta-feira";"12:20:00";"RJ";101;328;"NITEROI";"Ausência de reação do condutor";"Colisão traseira";"Com Vítimas Feridas";"Pleno dia";"Crescente";"Céu Claro";"Múltipla";"Ponte;Reta";"Sim";2;0;1;0;1;0;1;2;-22,87028692;-43,16579699;"SPRF-RJ";"DEL02-RJ";"UOP01-DEL02-RJ"
461703;2022-07-14;"quinta-feira";"20:30:00";"RJ";493;21;"MAGE";"Retorno proibido";"Colisão transversal";"Com Vítimas Feridas";"Pleno dia";"Decrescente";"Céu Claro";"Simples";"Retorno Regulamentado";"Sim";2;0;1;0;1;0;1;2;-22,66151289;-43,04480692;"SPRF-RJ";"DEL04-RJ";"UOP02-DEL04-RJ"
461704;2022-07-14;"quinta-feira";"17:00:00";"MA";10;157;"PORTO FRANCO";"Animais na Pista";"Queda de ocupante de veículo";"Com Vítimas Feridas";"Pleno dia";"Crescente";"Céu Claro";"Simples";"Reta";"Não";2;0;2;0;0;0;2;1;-6,34733;-47,374878;"SPRF-MA";"DEL04-MA";"UOP02-DEL04-MA"
461705;2022-07-14;"quinta-feira";"21:00:00";"ES";259;19,8;"JOAO NEIVA";"Reação tardia ou ineficiente do condutor";"Colisão frontal";"Com Vítimas Feridas";"Plena Noite";"Crescente";"Nublado";"Simples";"Reta";"Não";4;0;4;0;0;0;4;2;-19,65255847;-40,46256803;"SPRF-ES";"DEL02-ES";"UOP01-DEL02-ES"
461706;2022-07-14;"quinta-feira";"21:40:00";"PR";376;272;"MARILANDIA DO SUL";"Animais na Pista";"Atropelamento de Animal";"Sem Vítimas";"Plena Noite";"Crescente";"Céu Claro";"Dupla";"Reta";"Não";1;0;0;0;1;0;0;1;-23,78217008;-51,26532137;"SPRF-PR";"DEL07-PR";"UOP02-DEL07-PR"
461707;2022-07-14;"quinta-feira";"20:20:00";"PI";343;1;"TERESINA";"Manobra de mudança de faixa";"Colisão transversal";"Com Vítimas Feridas";"Plena Noite";"Crescente";"Céu Claro";"Dupla";"Reta";"Sim";2;0;1;0;1;0;1;2;-5,07887799;-42,75234288;"SPRF-PI";"DEL05-PI";"UOP01-DEL05-PI"
461708;2022-07-14;"quinta-feira";"17:40:00";"PR";376;11,4;"MARINGA";"Reação tardia ou ineficiente do condutor";"Colisão com objeto";"Com Vítimas Feridas";"Plena Noite";"Crescente";"Céu Claro";"Dupla";"Curva";"Sim";2;0;2;0;0;0;2;1;-23,388493;-51,896519;"SPRF-PR";"DEL09-PR";"UOP01-DEL09-PR"
461710;2022-06-24;"sexta-feira";"17:40:00";"PE";424;97,5;"GARANHUNS";"Ultrapassagem Indevida";"Colisão frontal";"Com Vítimas Fatais";"Anoitecer";"Crescente";"Céu Claro";"Simples";"Reta";"Não";6;2;0;3;1;0;3;4;-8,93478014;-36,50438092;"SPRF-PE";"DEL03-PE";"UOP01-DEL03-PE"
461711;2022-07-14;"quinta-feira";"22:00:00";"GO";414;395;"CORUMBA DE GOIAS";"Ingestão de álcool pelo condutor";"Colisão traseira";"Sem Vítimas";"Plena Noite";"Crescente";"Céu Claro";"Simples";"Reta";"Sim";2;0;0;0;2;0;0;2;-15,93714303;-48,80506316;"SPRF-GO";"DEL02-GO";"UOP01-DEL02-GO"
461713;2022-07-14;"quinta-feira";"22:15:00";"DF";60;28,5;"BRASILIA";"Reação tardia ou ineficiente do condutor";"Saída de leito carroçável";"Com Vítimas Feridas";"Plena Noite";"Decrescente";"Céu Claro";"Dupla";"Reta";"Não";1;0;1;0;0;0;1;1;-16,020638;-48,250832;"SPRF-DF";"DEL03-DF";"UOP01-DEL03-DF"
461715;2022-07-14;"quinta-feira";"22:25:00";"CE";222;2,7;"FORTALEZA";"Demais falhas mecânicas ou elétricas";"Incêndio";"Sem Vítimas";"Plena Noite";"Decrescente";"Céu Claro";"Dupla";"Reta";"Sim";1;0;0;0;1;0;0;1;-3,7402374;-38,59427025;"SPRF-CE";"DEL01-CE";"UOP01-DEL01-CE"
461716;2022-07-14;"quinta-feira";"19:50:00";"SC";470;119,2;"IBIRAMA";"Ausência de reação do condutor";"Colisão com objeto";"Sem Vítimas";"Plena Noite";"Decrescente";"Garoa/Chuvisco";"Simples";"Curva;Declive";"Sim";3;0;0;0;3;0;0;2;-27,083315;-49,52063799;"SPRF-SC";"DEL04-SC";"UOP02-DEL04-SC"
461717;2022-07-14;"quinta-feira";"20:15:00";"PR";277;6,5;"PARANAGUA";"Iluminação deficiente";"Saída de leito carroçável";"Com Vítimas Feridas";"Plena Noite";"Crescente";"Garoa/Chuvisco";"Dupla";"Curva";"Não";1;0;1;0;0;0;1;1;-25,56061625;-48,58297701;"SPRF-PR";"DEL01-PR";"UOP05-DEL01-PR"
461719;2022-07-14;"quinta-feira";"21:50:00";"BA";101;266;"SANTO ANTONIO DE JESUS";"Pedestre andava na pista";"Atropelamento de Pedestre";"Com Vítimas Feridas";"Plena Noite";"Decrescente";"Céu Claro";"Simples";"Aclive";"Não";2;0;0;1;0;1;1;2;-13,00045203;-39,28875491;"SPRF-BA";"DEL01-BA";"UOP02-DEL01-BA"
461720;2022-07-14;"quinta-feira";"19:50:00";"PB";230;422;"POMBAL";"Ingestão de álcool pelo condutor";"Saída de leito carroçável";"Com Vítimas Feridas";"Pleno dia";"Crescente";"Céu Claro";"Simples";"Reta";"Não";1;0;1;0;0;0;1;1;-6,7259;-37,8719;"SPRF-PB";"DEL03-PB";"UOP02-DEL03-PB"
461723;2022-07-14;"quinta-feira";"21:10:00";"MG";381;881,5;"ESTIVA";"Condutor Dormindo";"Colisão com objeto";"Sem Vítimas";"Plena Noite";"Crescente";"Céu Claro";"Dupla";"Declive";"Não";1;0;0;0;1;0;0;1;-22,51533401;-46,02134878;"SPRF-MG";"DEL16-MG";"UOP03-DEL16-MG"
461727;2022-07-14;"quinta-feira";"23:23:00";"SP";116;325,2;"JUQUITIBA";"Neblina";"Colisão traseira";"Com Vítimas Feridas";"Plena Noite";"Crescente";"Nevoeiro/Neblina";"Dupla";"Curva";"Não";2;0;1;0;1;0;1;2;-23,94085262;-47,05337099;"SPRF-SP";"DEL04-SP";"UOP01-DEL04-SP"
461728;2022-07-14;"quinta-feira";"23:40:00";"RJ";101;295,5;"ITABORAI";"Reação tardia ou ineficiente do condutor";"Colisão com objeto";"Com Vítimas Feridas";"Plena Noite";"Crescente";"Céu Claro";"Dupla";"Reta";"Sim";1;0;0;1;0;0;1;1;-22,76365068;-42,90223623;"SPRF-RJ";"DEL02-RJ";"UOP02-DEL02-RJ"
461729;2022-07-14;"quinta-feira";"23:55:00";"SP";116;130;"CACAPAVA";"Entrada inopinada do pedestre";"Atropelamento de Pedestre";"Sem Vítimas";"Plena Noite";"Decrescente";"Céu Claro";"Dupla";"Reta";"Sim";2;0;0;0;1;1;0;2;-23,12313858;-45,72792271;"SPRF-SP";"DEL02-SP";"UOP02-DEL02-SP"
461732;2022-07-14;"quinta-feira";"23:45:00";"MT";163;834;"SINOP";"Reação tardia ou ineficiente do condutor";"Colisão com objeto";"Com Vítimas Feridas";"Plena Noite";"Decrescente";"Céu Claro";"Simples";"Reta";"Sim";1;0;1;0;0;0;1;1;-11,8622271;-55,49555898;"SPRF-MT";"DEL06-MT";"UOP01-DEL06-MT"
461734;2022-07-15;"sexta-feira";"02:00:00";"PR";369;139;"IBIPORA";"Ingestão de álcool pelo condutor";"Colisão com objeto";"Sem Vítimas";"Plena Noite";"Decrescente";"Nublado";"Simples";"Rotatória";"Sim";5;0;0;0;5;0;0;1;-23,27688911;-51,06269896;"SPRF-PR";"DEL07-PR";"UOP01-DEL07-PR"
461735;2022-07-15;"sexta-feira";"01:00:00";"MT";163;120;"RONDONOPOLIS";"Transitar na contramão";"Colisão frontal";"Com Vítimas Feridas";"Plena Noite";"Decrescente";"Nublado";"Dupla";"Aclive;Curva";"Sim";2;0;0;2;0;0;2;2;-16,505412;-54,65154;"SPRF-MT";"DEL02-MT";"UOP01-DEL02-MT"
461736;2022-07-14;"quinta-feira";"17:30:00";"RN";101;98,3;"NATAL";"Condutor deixou de manter distância do veículo da frente";"Colisão traseira";"Com Vítimas Feridas";"Anoitecer";"Crescente";"Chuva";"Múltipla";"Reta";"Sim";3;0;1;0;2;0;1;3;-5,86567888;-35,21651625;"SPRF-RN";"DEL01-RN";"UOP01-DEL01-RN"
461740;2022-05-27;"sexta-feira";"16:07:00";"ES";101;291;"CARIACICA";"Chuva";"Colisão com objeto";"Com Vítimas Feridas";"Pleno dia";"Crescente";"Chuva";"Dupla";"Declive";"Sim";3;0;2;0;0;1;2;2;-20,29755744;-40,39445616;"SPRF-ES";"DEL01-ES";"UOP01-DEL01-ES"
461741;2022-07-15;"sexta-feira";"04:30:00";"AL";316;248;"ATALAIA";"Deficiência do Sistema de Iluminação/Sinalização";"Colisão traseira";"Com Vítimas Feridas";"Amanhecer";"Crescente";"Garoa/Chuvisco";"Simples";"Reta";"Não";3;0;3;0;0;0;3;2;-9,54078106;-35,98549809;"SPRF-AL";"DEL01-AL";"UOP01-DEL01-AL"
461743;2022-07-15;"sexta-feira";"06:00:00";"SC";101;224;"PALHOCA";"Chuva";"Tombamento";"Com Vítimas Feridas";"Amanhecer";"Decrescente";"Nublado";"Múltipla";"Reta";"Não";1;0;1;0;0;0;1;1;-27,72384789;-48,64386769;"SPRF-SC";"DEL01-SC";"UOP02-DEL01-SC"
461747;2022-07-15;"sexta-feira";"06:50:00";"SC";101;198,2;"BIGUACU";"Condutor deixou de manter distância do veículo da frente";"Colisão traseira";"Sem Vítimas";"Amanhecer";"Crescente";"Nublado";"Múltipla";"Reta";"Sim";3;0;0;0;3;0;0;2;-27,52658712;-48,63506019;"SPRF-SC";"DEL01-SC";"UOP01-DEL01-SC"
461751;2022-07-15;"sexta-feira";"05:20:00";"PI";316;16,7;"TERESINA";"Velocidade Incompatível";"Colisão traseira";"Com Vítimas Fatais";"Amanhecer";"Crescente";"Céu Claro";"Dupla";"Reta";"Não";2;1;0;0;0;1;0;2;-5,23293685;-42,74590684;"SPRF-PI";"DEL01-PI";"UOP02-DEL01-PI"
461754;2022-07-15;"sexta-feira";"07:20:00";"SC";101;198,2;"BIGUACU";"Pista Escorregadia";"Tombamento";"Com Vítimas Feridas";"Pleno dia";"Crescente";"Nublado";"Múltipla";"Reta";"Sim";1;0;1;0;0;0;1;1;-27,52658712;-48,63506019;"SPRF-SC";"DEL01-SC";"UOP01-DEL01-SC"
461755;2022-07-15;"sexta-feira";"07:15:00";"RS";290;107;"ELDORADO DO SUL";"Entrada inopinada do pedestre";"Atropelamento de Pedestre";"Com Vítimas Feridas";"Pleno dia";"Crescente";"Chuva";"Simples";"Rotatória";"Sim";2;0;0;1;1;0;1;2;-30,001852;-51,304264;"SPRF-RS";"DEL02-RS";"UOP01-DEL02-RS"
461756;2022-07-15;"sexta-feira";"06:40:00";"MT";70;7;"BARRA DO GARCAS";"Desrespeitar a preferência no cruzamento";"Colisão frontal";"Com Vítimas Feridas";"Amanhecer";"Crescente";"Céu Claro";"Simples";"Reta";"Sim";4;0;1;1;2;0;2;2;-15,878143;-52,316788;"SPRF-MT";"DEL07-MT";"UOP01-DEL07-MT"
461757;2022-07-15;"sexta-feira";"06:30:00";"RJ";101;221;"SILVA JARDIM";"Acumulo de areia ou detritos sobre o pavimento";"Queda de ocupante de veículo";"Com Vítimas Feridas";"Pleno dia";"Crescente";"Nublado";"Dupla";"Reta";"Não";1;0;1;0;0;0;1;1;-22,51705995;-42,32715501;"SPRF-RJ";"DEL02-RJ";"UOP03-DEL02-RJ"
461758;2022-07-15;"sexta-feira";"07:10:00";"RS";158;322,4;"SANTA MARIA";"Reação tardia ou ineficiente do condutor";"Colisão com objeto";"Com Vítimas Feridas";"Pleno dia";"Crescente";"Chuva";"Dupla";"Rotatória";"Sim";1;0;1;0;0;0;1;1;-29,69548748;-53,77592152;"SPRF-RS";"DEL09-RS";"UOP01-DEL09-RS"
461759;2022-07-15;"sexta-feira";"07:10:00";"SP";116;147;"SAO JOSE DOS CAMPOS";"Reação tardia ou ineficiente do condutor";"Colisão traseira";"Com Vítimas Feridas";"Pleno dia";"Decrescente";"Sol";"Dupla";"Reta";"Sim";4;0;3;0;1;0;3;2;-23,19542994;-45,87176303;"SPRF-SP";"DEL02-SP";"UOP01-DEL02-SP"
461760;2022-07-15;"sexta-feira";"06:40:00";"PR";476;119;"COLOMBO";"Reação tardia ou ineficiente do condutor";"Colisão traseira";"Com Vítimas Feridas";"Amanhecer";"Crescente";"Céu Claro";"Dupla";"Reta";"Sim";5;0;1;0;4;0;1;2;-25,3748658;-49,19389129;"SPRF-PR";"DEL01-PR";"UOP01-DEL01-PR"
461764;2022-07-15;"sexta-feira";"08:20:00";"SC";101;203,5;"SAO JOSE";"Acessar a via sem observar a presença dos outros veículos";"Tombamento";"Com Vítimas Feridas";"Pleno dia";"Decrescente";"Nublado";"Simples";"Reta";"Sim";2;0;1;0;1;0;1;2;-27,5650044;-48,61460082;"SPRF-SC";"DEL01-SC";"UOP01-DEL01-SC"
461766;2022-07-15;"sexta-feira";"08:10:00";"PB";230;36;"SANTA RITA";"Falta de elemento de contenção que evite a saída do leito carroçável";"Saída de leito carroçável";"Com Vítimas Feridas";"Pleno dia";"Crescente";"Garoa/Chuvisco";"Dupla";"Aclive";"Não";4;0;3;0;1;0;3;1;-7,1246;-34,9473;"SPRF-PB";"DEL01-PB";"UOP03-DEL01-PB"
461767;2022-07-15;"sexta-feira";"08:40:00";"SE";235;9;"NOSSA SENHORA DO SOCORRO";"Condutor deixou de manter distância do veículo da frente";"Colisão traseira";"Com Vítimas Feridas";"Pleno dia";"Decrescente";"Céu Claro";"Simples";"Reta";"Não";3;0;1;0;2;0;1;2;-10,883585;-37,13908;"SPRF-SE";"DEL01-SE";"UOP01-DEL01-SE"
461768;2022-07-15;"sexta-feira";"07:40:00";"MG";262;116;"RIO CASCA";"Reação tardia ou ineficiente do condutor";"Colisão traseira";"Com Vítimas Feridas";"Pleno dia";"Decrescente";"Nublado";"Simples";"Reta";"Sim";2;0;1;0;1;0;1;1;-20,23385336;-42,6212197;"SPRF-MG";"DEL03-MG";"UOP03-DEL03-MG"
461769;2022-07-15;"sexta-feira";"09:00:00";"DF";20;9;"BRASILIA";"Acessar a via sem observar a presença dos outros veículos";"Colisão traseira";"Com Vítimas Feridas";"Pleno dia";"Crescente";"Céu Claro";"Dupla";"Curva";"Sim";5;0;1;0;4;0;1;3;-15,654671;-47,782917;"SPRF-DF";"DEL02-DF";"UOP01-DEL02-DF"
461772;2022-01-11;"terça-feira";"14:20:00";"ES";101;395,6;"RIO NOVO DO SUL";"Conversão proibida";"Colisão transversal";"Com Vítimas Feridas";"Pleno dia";"Crescente";"Céu Claro";"Simples";"Reta";"Sim";2;0;1;0;1;0;1;2;-20,86594262;-40,93257592;"SPRF-ES";"DEL03-ES";"UOP02-DEL03-ES"
461775;2022-07-15;"sexta-feira";"09:30:00";"PA";230;122;"MARABA";"Transitar na contramão";"Colisão transversal";"Sem Vítimas";"Pleno dia";"Crescente";"Céu Claro";"Dupla";"Reta";"Sim";2;0;0;0;2;0;0;2;-5,36137537;-49,12376139;"SPRF-PA";"DEL03-PA";"UOP01-DEL03-PA"
461776;2022-07-15;"sexta-feira";"10:00:00";"PA";230;573;"VITORIA DO XINGU";"Condutor deixou de manter distância do veículo da frente";"Colisão traseira";"Com Vítimas Feridas";"Pleno dia";"Crescente";"Sol";"Simples";"Reta;Aclive";"Não";2;0;1;0;1;0;1;2;-3,13479916;-51,71200874;"SPRF-PA";"DEL04-PA";"UOP01-DEL04-PA"
461778;2022-07-15;"sexta-feira";"08:30:00";"PI";230;256,5;"OEIRAS";"Condutor Dormindo";"Saída de leito carroçável";"Com Vítimas Fatais";"Pleno dia";"Decrescente";"Céu Claro";"Simples";"Reta";"Não";3;1;1;1;0;0;2;1;-6,99550979;-42,61378549;"SPRF-PI";"DEL03-PI";"UOP01-DEL03-PI"
461780;2022-07-15;"sexta-feira";"10:09:00";"SP";116;217;"GUARULHOS";"Reação tardia ou ineficiente do condutor";"Tombamento";"Com Vítimas Feridas";"Pleno dia";"Decrescente";"Céu Claro";"Múltipla";"Reta";"Sim";1;0;1;0;0;0;1;1;-23,45423824;-46,47119028;"SPRF-SP";"DEL01-SP";"UOP01-DEL01-SP"
461781;2022-07-15;"sexta-feira";"10:15:00";"BA";101;669,7;"ITAPEBI";"Velocidade Incompatível";"Saída de leito carroçável";"Com Vítimas Feridas";"Pleno dia";"Decrescente";"Chuva";"Simples";"Curva";"Não";3;0;1;0;2;0;1;1;-15,99763534;-39,5794487;"SPRF-BA";"DEL09-BA";"UOP01-DEL09-BA"