"id";"data_inversa";"dia_semana";"horario";"uf";"br";"km";"municipio";"causa_acidente";"tipo_acidente";"classificacao_acidente";"fase_dia";"sentido_via";"condicao_metereologica";"tipo_pista";"tracado_via";"uso_solo";"pessoas";"mortos";"feridos_leves";"feridos_graves";"ilesos";"ignorados";"feridos";"veiculos";"latitude";"longitude";"regional";"delegacia";"uop"
461786;2022-07-10;"domingo";"07:20:00";"RJ";101;327;"NITEROI";"Reação tardia ou ineficiente do condutor";"Engavetamento";"Com Vítimas Feridas";"Pleno dia";"Crescente";"Céu Claro";"Dupla";"Reta";"Não";5;0;3;0;2;0;3;3;-22,87117393;-43,15595099;"SPRF-RJ";"DEL02-RJ";"UOP01-DEL02-RJ"
461787;2022-07-15;"sexta-feira";"10:20:00";"MG";354;749,6;"ITANHANDU";"Reação tardia ou ineficiente do condutor";"Saída de leito carroçável";"Com Vítimas Feridas";"Pleno dia";"Decrescente";"Céu Claro";"Simples";"Reta";"Não";1;0;1;0;0;0;1;1;-22,27036552;-44,87906649;"SPRF-MG";"DEL17-MG";"UOP01-DEL17-MG"
461789;2022-07-15;"sexta-feira";"11:43:00";"RS";158;568,3;"SANTANA DO LIVRAMENTO";"Acumulo de água sobre o pavimento";"Saída de leito carroçável";"Sem Vítimas";"Pleno dia";"Decrescente";"Chuva";"Simples";"Reta";"Sim";4;0;0;0;4;0;0;1;-30,89333002;-55,50767668;"SPRF-RS";"DEL11-RS";"UOP01-DEL11-RS"
461791;2022-07-15;"sexta-feira";"09:30:00";"RO";364;13;"VILHENA";"Condutor deixou de manter distância do veículo da frente";"Colisão traseira";"Com Vítimas Feridas";"Pleno dia";"Crescente";"Céu Claro";"Simples";"Rotatória";"Sim";2;0;1;0;1;0;1;2;-12,74140004;-60,13026401;"SPRF-RO";"DEL04-RO";"UOP01-DEL04-RO"
461793;2022-07-15;"sexta-feira";"12:15:00";"SC";101;86;"BARRA VELHA";"Ausência de reação do condutor";"Colisão transversal";"Com Vítimas Feridas";"Pleno dia";"Decrescente";"Sol";"Dupla";"Retorno Regulamentado";"Sim";2;0;1;0;1;0;1;2;-26,63277317;-48,70232513;"SPRF-SC";"DEL03-SC";"UOP02-DEL03-SC"
461794;2022-07-15;"sexta-feira";"08:30:00";"MS";163;681;"RIO VERDE DE MATO GROSSO";"Desrespeitar a preferência no cruzamento";"Colisão transversal";"Com Vítimas Feridas";"Pleno dia";"Crescente";"Céu Claro";"Simples";"Reta";"Não";2;0;1;0;1;0;1;2;-18,91578008;-54,83862738;"SPRF-MS";"DEL06-MS";"UOP02-DEL06-MS"
461796;2022-07-15;"sexta-feira";"11:45:00";"PR";476;130,6;"CURITIBA";"Ausência de reação do condutor";"Colisão traseira";"Com Vítimas Feridas";"Pleno dia";"Decrescente";"Céu Claro";"Múltipla";"Reta";"Sim";2;0;1;0;1;0;1;2;-25,449564;-49,236427;"SPRF-PR";"DEL01-PR";"UOP01-DEL01-PR"
461801;2022-07-15;"sexta-feira";"12:00:00";"MS";60;41;"CHAPADAO DO SUL";"Ausência de reação do condutor";"Saída de leito carroçável";"Com Vítimas Feridas";"Pleno dia";"Crescente";"Céu Claro";"Simples";"Reta";"Não";3;0;3;0;0;0;3;1;-18,96154166;-52,83254569;"SPRF-MS";"DEL08-MS";"UOP01-DEL08-MS"
461804;2022-07-15;"sexta-feira";"13:00:00";"PR";373;182;"PONTA GROSSA";"Entrada inopinada do pedestre";"Atropelamento de Pedestre";"Com Vítimas Feridas";"Pleno dia";"Crescente";"Céu Claro";"Dupla";"Reta";"Sim";4;0;0;1;2;1;1;2;-25,04193864;-50,26741587;"SPRF-PR";"DEL03-PR";"UOP01-DEL03-PR"
461805;2022-07-15;"sexta-feira";"12:35:00";"DF";20;12;"BRASILIA";"Velocidade Incompatível";"Saída de leito carroçável";"Com Vítimas Feridas";"Pleno dia";"Decrescente";"Céu Claro";"Dupla";"Reta";"Sim";2;0;2;0;0;0;2;1;-15,642812;-47,757786;"SPRF-DF";"DEL02-DF";"UOP01-DEL02-DF"
461806;2022-07-15;"sexta-feira";"10:30:00";"BA";430;393;"IGAPORA";"Transitar na contramão";"Colisão frontal";"Com Vítimas Feridas";"Pleno dia";"Crescente";"Céu Claro";"Simples";"Curva";"Não";3;0;0;1;2;0;1;2;-13,790148;-42,665584;"SPRF-BA";"DEL08-BA";"UOP01-DEL08-BA"
461807;2022-07-15;"sexta-feira";"12:30:00";"PR";476;133,8;"CURITIBA";"Condutor desrespeitou a iluminação vermelha do semáforo";"Colisão transversal";"Com Vítimas Feridas";"Pleno dia";"Crescente";"Céu Claro";"Múltipla";"Interseção de Vias";"Sim";2;0;1;0;1;0;1;2;-25,469219;-49,254143;"SPRF-PR";"DEL01-PR";"UOP03-DEL01-PR"
461810;2022-07-15;"sexta-feira";"14:00:00";"PR";277;705;"SANTA TEREZINHA DE ITAIPU";"Manobra de mudança de faixa";"Colisão lateral mesmo sentido";"Com Vítimas Feridas";"Pleno dia";"Crescente";"Céu Claro";"Dupla";"Reta;Aclive";"Sim";3;0;1;0;1;1;1;3;-25,43019901;-54,369603;"SPRF-PR";"DEL05-PR";"UOP01-DEL05-PR"
461811;2022-07-15;"sexta-feira";"13:50:00";"RS";116;243,5;"SAO LEOPOLDO";"Condutor deixou de manter distância do veículo da frente";"Engavetamento";"Com Vítimas Feridas";"Pleno dia";"Crescente";"Chuva";"Dupla";"Reta;Aclive;Viaduto";"Sim";5;0;1;0;4;0;1;4;-29,73030591;-51,14946576;"SPRF-RS";"DEL01-RS";"UOP02-DEL01-RS"
461812;2022-07-15;"sexta-feira";"13:20:00";"SE";101;74;"MARUIM";"Ultrapassagem Indevida";"Colisão frontal";"Com Vítimas Feridas";"Pleno dia";"Decrescente";"Nublado";"Simples";"Reta";"Não";11;0;0;10;1;0;10;2;-10,76273662;-37,11145231;"SPRF-SE";"DEL01-SE";"UOP01-DEL01-SE"
461816;2022-07-15;"sexta-feira";"14:30:00";"SC";470;56;"BLUMENAU";"Ausência de reação do condutor";"Colisão transversal";"Com Vítimas Feridas";"Pleno dia";"Decrescente";"Céu Claro";"Simples";"Reta";"Não";3;0;2;1;0;0;3;2;-26,87674;-49,127743;"SPRF-SC";"DEL04-SC";"UOP01-DEL04-SC"
461818;2022-07-15;"sexta-feira";"13:40:00";"MG";251;294,3;"SALINAS";"Acessar a via sem observar a presença dos outros veículos";"Colisão transversal";"Com Vítimas Feridas";"Pleno dia";"Crescente";"Céu Claro";"Simples";"Interseção de Vias;Reta";"Não";7;0;1;1;5;0;2;2;-16,08808699;-42,21758215;"SPRF-MG";"DEL11-MG";"UOP02-DEL11-MG"
461819;2022-04-22;"sexta-feira";"10:40:00";"RN";110;26,2;"MOSSORO";"Reação tardia ou ineficiente do condutor";"Tombamento";"Com Vítimas Feridas";"Pleno dia";"Decrescente";"Ignorado";"Simples";"Reta";"Não";2;0;2;0;0;0;2;1;-5,09411799;-37,19317503;"SPRF-RN";"DEL04-RN";"UOP01-DEL04-RN"
461822;2022-07-15;"sexta-feira";"15:40:00";"GO";70;450;"ARAGARCAS";"Transitar na contramão";"Saída de leito carroçável";"Com Vítimas Fatais";"Pleno dia";"Crescente";"Céu Claro";"Simples";"Reta";"Não";2;1;0;0;0;1;0;2;-15,908332;-52,07191035;"SPRF-GO";"DEL04-GO";"UOP01-DEL04-GO"
461823;2022-07-15;"sexta-feira";"13:10:00";"RJ";101;482;"ANGRA DOS REIS";"Reação tardia ou ineficiente do condutor";"Colisão traseira";"Sem Vítimas";"Pleno dia";"Crescente";"Sol";"Simples";"Reta";"Sim";2;0;0;0;1;1;0;2;-23,00453;-44,29746;"SPRF-RJ";"DEL03-RJ";"UOP03-DEL03-RJ"
461824;2022-07-15;"sexta-feira";"12:00:00";"MG";116;457,8;"ENGENHEIRO CALDAS";"Desrespeitar a preferência no cruzamento";"Colisão transversal";"Com Vítimas Feridas";"Pleno dia";"Decrescente";"Céu Claro";"Simples";"Interseção de Vias";"Não";6;0;3;0;2;1;3;3;-19,2086853;-42,05227849;"SPRF-MG";"DEL06-MG";"UOP02-DEL06-MG"
461825;2022-07-15;"sexta-feira";"15:00:00";"RS";285;207,5;"LAGOA VERMELHA";"Transitar na contramão";"Colisão frontal";"Com Vítimas Feridas";"Pleno dia";"Decrescente";"Nublado";"Simples";"Reta";"Não";3;0;1;2;0;0;3;2;-28,22011;-51,588711;"SPRF-RS";"DEL08-RS";"UOP05-DEL08-RS"
461826;2022-07-15;"sexta-feira";"16:00:00";"SE";235;55,7;"ITABAIANA";"Desrespeitar a preferência no cruzamento";"Colisão transversal";"Com Vítimas Feridas";"Pleno dia";"Decrescente";"Céu Claro";"Simples";"Reta";"Não";4;0;1;1;1;1;2;3;-10,667386;-37,446014;"SPRF-SE";"DEL01-SE";"UOP02-DEL01-SE"
461828;2022-07-15;"sexta-feira";"16:00:00";"SP";116;209;"GUARULHOS";"Demais falhas mecânicas ou elétricas";"Incêndio";"Sem Vítimas";"Pleno dia";"Crescente";"Céu Claro";"Múltipla";"Curva";"Sim";1;0;0;0;0;1;0;1;-23,42511799;-46,40221101;"SPRF-SP";"DEL01-SP";"UOP01-DEL01-SP"
461831;2022-07-15;"sexta-feira";"15:40:00";"GO";153;599,2;"MORRINHOS";"Velocidade Incompatível";"Saída de leito carroçável";"Com Vítimas Feridas";"Pleno dia";"Crescente";"Céu Claro";"Dupla";"Reta";"Não";1;0;0;1;0;0;1;1;-17,5439;-49,2093;"SPRF-GO";"DEL03-GO";"UOP01-DEL03-GO"
461832;2022-07-15;"sexta-feira";"12:55:00";"BA";407;3;"JUAZEIRO";"Ultrapassagem Indevida";"Colisão traseira";"Com Vítimas Feridas";"Pleno dia";"Crescente";"Céu Claro";"Simples";"Reta";"Sim";2;0;0;1;1;0;1;2;-9,43134011;-40,49823324;"SPRF-PE";"DEL06-PE";"UOP01-DEL06-PE"
461833;2022-07-15;"sexta-feira";"16:45:00";"SC";101;148,7;"ITAPEMA";"Acessar a via sem observar a presença dos outros veículos";"Colisão transversal";"Com Vítimas Feridas";"Pleno dia";"Decrescente";"Nublado";"Dupla";"Interseção de Vias";"Sim";2;0;1;0;1;0;1;2;-27,10123686;-48,61807962;"SPRF-SC";"DEL04-SC";"UOP03-DEL04-SC"
461834;2022-07-15;"sexta-feira";"16:55:00";"RN";101;72;"NATAL";"Desrespeitar a preferência no cruzamento";"Colisão transversal";"Com Vítimas Feridas";"Pleno dia";"Decrescente";"Nublado";"Simples";"Interseção de Vias";"Não";2;0;1;0;1;0;1;2;-5,698662478;-35,2631683462;"SPRF-RN";"DEL02-RN";"UOP01-DEL02-RN"
461836;2022-07-15;"sexta-feira";"16:15:00";"SC";470;162,1;"TROMBUDO CENTRAL";"Manobra de mudança de faixa";"Tombamento";"Com Vítimas Feridas";"Pleno dia";"Crescente";"Nublado";"Simples";"Reta";"Não";1;0;1;0;0;0;1;1;-27,280844;-49,819707;"SPRF-SC";"DEL04-SC";"UOP02-DEL04-SC"
461838;2022-07-15;"sexta-feira";"17:30:00";"RJ";116;167;"SAO JOAO DE MERITI";"Manobra de mudança de faixa";"Colisão traseira";"Com Vítimas Feridas";"Anoitecer";"Crescente";"Céu Claro";"Dupla";"Reta";"Sim";2;0;1;0;1;0;1;2;-22,81803977;-43,30787252;"SPRF-RJ";"DEL01-RJ";"UOP02-DEL01-RJ"
461841;2022-07-15;"sexta-feira";"16:00:00";"PE";232;55,7;"NAZARE DA MATA";"Acessar a via sem observar a presença dos outros veículos";"Colisão transversal";"Com Vítimas Feridas";"Pleno dia";"Decrescente";"Céu Claro";"Simples";"Interseção de Vias";"Não";4;0;2;1;1;0;3;2;-7,779248;-35,23878;"SPRF-PE";"DEL02-PE";"UOP02-DEL02PE"
461843;2022-07-15;"sexta-feira";"18:05:00";"PR";116;110;"CURITIBA";"Manobra de mudança de faixa";"Colisão traseira";"Com Vítimas Feridas";"Anoitecer";"Crescente";"Céu Claro";"Múltipla";"Reta";"Não";2;0;1;0;1;0;1;2;-25,57012941;-49,21736805;"SPRF-PR";"DEL01-PR";"UOP06-DEL01-PR"
461845;2022-07-15;"sexta-feira";"18:00:00";"SP";116;205;"GUARULHOS";"Manobra de mudança de faixa";"Colisão lateral mesmo sentido";"Com Vítimas Feridas";"Plena Noite";"Crescente";"Céu Claro";"Múltipla";"Reta";"Sim";2;0;1;0;1;0;1;2;-23,41475243;-46,36600788;"SPRF-SP";"DEL01-SP";"UOP01-DEL01-SP"
461847;2022-07-15;"sexta-feira";"18:15:00";"CE";116;7;"FORTALEZA";"Acesso irregular";"Colisão transversal";"Com Vítimas Feridas";"Plena Noite";"Decrescente";"Nublado";"Múltipla";"Reta";"Sim";2;0;2;0;0;0;2;2;-3,81073099;-38,50074867;"SPRF-CE";"DEL01-CE";"UOP02-DEL01-CE"
461848;2022-07-15;"sexta-feira";"17:35:00";"MG";116;524,6;"CARATINGA";"Acessar a via sem observar a presença dos outros veículos";"Colisão transversal";"Com Vítimas Feridas";"Anoitecer";"Crescente";"Céu Claro";"Simples";"Interseção de Vias;Curva";"Sim";4;0;1;1;2;0;2;2;-19,75289071;-42,13308334;"SPRF-MG";"DEL06-MG";"UOP02-DEL06-MG"
461849;2022-07-15;"sexta-feira";"18:55:00";"GO";40;10;"VALPARAISO DE GOIAS";"Ausência de reação do condutor";"Colisão traseira";"Com Vítimas Feridas";"Plena Noite";"Decrescente";"Céu Claro";"Dupla";"Reta";"Sim";4;0;1;0;3;0;1;2;-16,131285;-47,957923;"SPRF-DF";"DEL01-DF";"UOP01-DEL01-DF"
461850;2022-07-15;"sexta-feira";"17:25:00";"AM";230;611;"HUMAITA";"Ausência de reação do condutor";"Colisão lateral sentido oposto";"Com Vítimas Feridas";"Pleno dia";"Crescente";"Sol";"Dupla";"Reta";"Sim";2;0;0;1;1;0;1;2;-7,5462344;-63,0710453;"SPRF-AM";"DEL01-AM";"UOP05-DEL01-AM"
461852;2022-07-15;"sexta-feira";"18:35:00";"MG";381;593,9;"CARMOPOLIS DE MINAS";"Animais na Pista";"Atropelamento de Animal";"Com Vítimas Feridas";"Plena Noite";"Crescente";"Céu Claro";"Dupla";"Reta";"Não";2;0;2;0;0;0;2;1;-20,59143674;-44,70067816;"SPRF-MG";"DEL04-MG";"UOP01-DEL04-MG"
461853;2022-07-15;"sexta-feira";"14:15:00";"RO";364;344;"JI-PARANA";"Condutor deixou de manter distância do veículo da frente";"Colisão traseira";"Sem Vítimas";"Plena Noite";"Crescente";"Nublado";"Dupla";"Interseção de Vias";"Sim";2;0;0;0;2;0;0;2;-10,87416811;-61,95177555;"SPRF-RO";"DEL02-RO";"UOP01-DEL02-RO"
461854;2022-07-15;"sexta-feira";"18:00:00";"RO";364;710;"PORTO VELHO";"Condutor deixou de manter distância do veículo da frente";"Colisão transversal";"Com Vítimas Feridas";"Anoitecer";"Decrescente";"Céu Claro";"Simples";"Reta";"Sim";2;0;1;0;1;0;1;2;-8,78621576;-63,85712687;"SPRF-RO";"DEL01-RO";"UOP01-DEL01-RO"
461855;2022-07-15;"sexta-feira";"18:15:00";"SC";280;164,9;"MAFRA";"Condutor deixou de manter distância do veículo da frente";"Colisão transversal";"Com Vítimas Feridas";"Plena Noite";"Crescente";"Céu Claro";"Simples";"Reta";"Sim";2;0;1;0;1;0;1;2;-26,19131398;-49,80487298;"SPRF-SC";"DEL06-SC";"UOP01-DEL06-SC"
461856;2022-07-15;"sexta-feira";"19:00:00";"RN";304;296;"MACAIBA";"Acessar a via sem observar a presença dos outros veículos";"Colisão frontal";"Com Vítimas Feridas";"Plena Noite";"Crescente";"Céu Claro";"Múltipla";"Declive";"Sim";2;0;2;0;0;0;2;2;-5,86484905;-35,34931012;"SPRF-RN";"DEL01-RN";"UOP02-DEL01-RN"
461857;2022-07-15;"sexta-feira";"18:30:00";"RJ";40;110;"DUQUE DE CAXIAS";"Manobra de mudança de faixa";"Queda de ocupante de veículo";"Com Vítimas Feridas";"Anoitecer";"Decrescente";"Céu Claro";"Múltipla";"Reta";"Sim";3;0;1;0;2;0;1;2;-22,68289906;-43,28549346;"SPRF-RJ";"DEL01-RJ";"UOP01-DEL01-RJ"
461858;2022-07-15;"sexta-feira";"19:00:00";"PR";476;140,8;"CURITIBA";"Reação tardia ou ineficiente do condutor";"Colisão traseira";"Com Vítimas Feridas";"Plena Noite";"Decrescente";"Céu Claro";"Dupla";"Reta";"Sim";4;0;1;0;3;0;1;2;-25,520693;-49,294121;"SPRF-PR";"DEL01-PR";"UOP03-DEL01-PR"
461859;2022-07-15;"sexta-feira";"18:30:00";"RS";116;257,6;"ESTEIO";"Trafegar com motocicleta (ou similar) entre as faixas";"Colisão traseira";"Com Vítimas Feridas";"Plena Noite";"Decrescente";"Chuva";"Dupla";"Reta";"Sim";2;0;1;0;1;0;1;2;-29,85262195;-51,17968329;"SPRF-RS";"DEL01-RS";"UOP02-DEL01-RS"
461860;2022-07-15;"sexta-feira";"13:30:00";"RJ";101;320;"NITEROI";"Ausência de reação do condutor";"Colisão traseira";"Com Vítimas Feridas";"Pleno dia";"Crescente";"Céu Claro";"Múltipla";"Reta";"Sim";3;0;2;0;1;0;2;3;-22,86171098;-43,10714015;"SPRF-RJ";"DEL02-RJ";"UOP01-DEL02-RJ"
461861;2022-07-15;"sexta-feira";"19:10:00";"RS";116;245,5;"SAO LEOPOLDO";"Ingestão de álcool pelo condutor";"Colisão traseira";"Sem Vítimas";"Plena Noite";"Crescente";"Chuva";"Dupla";"Reta";"Sim";2;0;0;0;2;0;0;2;-29,74980902;-51,15125361;"SPRF-RS";"DEL01-RS";"UOP02-DEL01-RS"
461863;2022-07-15;"sexta-feira";"17:00:00";"MT";174;4;"PONTES E LACERDA";"Reação tardia ou ineficiente do condutor";"Colisão transversal";"Com Vítimas Feridas";"Anoitecer";"Crescente";"Céu Claro";"Simples";"Reta";"Sim";2;0;1;0;1;0;1;2;-15,226537;-59,335728;"SPRF-MT";"DEL04-MT";"UOP01-DEL04-MT"
461864;2022-07-10;"domingo";"09:30:00";"SC";470;136,8;"RIO DO SUL";"Reação tardia ou ineficiente do condutor";"Atropelamento de Pedestre";"Com Vítimas Feridas";"Pleno dia";"Decrescente";"Céu Claro";"Múltipla";"Reta;Em Obras";"Sim";2;0;1;0;1;0;1;2;-27,2017865;-49,6330683;"SPRF-SC";"DEL04-SC";"UOP02-DEL04-SC"
461865;2022-07-15;"sexta-feira";"18:30:00";"MT";163;829;"SINOP";"Acessar a via sem observar a presença dos outros veículos";"Colisão lateral mesmo sentido";"Com Vítimas Feridas";"Plena Noite";"Decrescente";"Céu Claro";"Dupla";"Rotatória";"Sim";4;0;1;0;3;0;1;2;-11,913;-55,509;"SPRF-MT";"DEL06-MT";"UOP01-DEL06-MT"
461866;2022-07-15;"sexta-feira";"18:45:00";"MS";262;773;"CORUMBA";"Pedestre andava na pista";"Atropelamento de Pedestre";"Com Vítimas Feridas";"Plena Noite";"Crescente";"Céu Claro";"Simples";"Interseção de Vias";"Sim";2;0;1;0;0;1;1;2;-19,08285699;-57,62168025;"SPRF-MS";"DEL03-MS";"UOP03-DEL03-MS"
461867;2022-07-15;"sexta-feira";"19:40:00";"ES";101;158,4;"LINHARES";"Acessar a via sem observar a presença dos outros veículos";"Colisão lateral mesmo sentido";"Com Vítimas Feridas";"Plena Noite";"Decrescente";"Céu Claro";"Simples";"Reta";"Sim";3;0;1;0;2;0;1;2;-19,46094508;-40,10491389;"SPRF-ES";"DEL04-ES";"UOP01-DEL04-ES"
461868;2022-07-15;"sexta-feira";"19:20:00";"RJ";101;482;"ANGRA DOS REIS";"Desrespeitar a preferência no cruzamento";"Colisão transversal";"Sem Vítimas";"Plena Noite";"Decrescente";"Céu Claro";"Dupla";"Interseção de Vias";"Sim";2;0;0;0;2;0;0;2;-23,00453;-44,29746;"SPRF-RJ";"DEL03-RJ";"UOP03-DEL03-RJ"
461869;2022-07-15;"sexta-feira";"17:20:00";"RJ";101;320;"NITEROI";"Manobra de mudança de faixa";"Colisão lateral mesmo sentido";"Com Vítimas Feridas";"Anoitecer";"Decrescente";"Céu Claro";"Múltipla";"Reta";"Não";3;0;1;0;2;0;1;2;-22,86171098;-43,10714015;"SPRF-RJ";"DEL02-RJ";"UOP01-DEL02-RJ"
461870;2022-07-15;"sexta-feira";"19:45:00";"PE";232;69;"GRAVATA";"Acesso irregular";"Colisão transversal";"Com Vítimas Feridas";"Plena Noite";"Crescente";"Céu Claro";"Dupla";"Reta";"Não";2;0;0;1;1;0;1;2;-8,16727986;-35,464311;"SPRF-PE";"DEL02-PE";"UOP02-DEL02PE"
461871;2022-07-15;"sexta-feira";"19:15:00";"SC";101;127;"ITAJAI";"Demais falhas mecânicas ou elétricas";"Tombamento";"Sem Vítimas";"Plena Noite";"Decrescente";"Céu Claro";"Dupla";"Curva";"Não";1;0;0;0;1;0;0;1;-26,9639319;-48,68328024;"SPRF-SC";"DEL04-SC";"UOP04-DEL04-SC"
461873;2022-07-15;"sexta-feira";"19:50:00";"GO";153;500;"GOIANIA";"Trafegar com motocicleta (ou similar) entre as faixas";"Queda de ocupante de veículo";"Com Vítimas Feridas";"Plena Noite";"Crescente";"Céu Claro";"Múltipla";"Reta";"Sim";1;0;0;1;0;0;1;1;-16,7118;-49,2324;"SPRF-GO";"DEL01-GO";"UOP01-DEL01-GO"
461874;2022-07-15;"sexta-feira";"19:40:00";"ES";101;396,5;"RIO NOVO DO SUL";"Acessar a via sem observar a presença dos outros veículos";"Colisão transversal";"Com Vítimas Feridas";"Plena Noite";"Decrescente";"Nublado";"Simples";"Reta";"Não";4;0;2;0;2;0;2;2;-20,868874;-40,94103;"SPRF-ES";"DEL03-ES";"UOP02-DEL03-ES"
461876;2022-07-15;"sexta-feira";"17:20:00";"PR";376;306;"MAUA DA SERRA";"Reação tardia ou ineficiente do condutor";"Colisão com objeto";"Com Vítimas Feridas";"Pleno dia";"Crescente";"Céu Claro";"Dupla";"Curva";"Não";1;0;0;1;0;0;1;1;-23,94015382;-51,12113357;"SPRF-PR";"DEL07-PR";"UOP02-DEL07-PR"
461877;2022-07-15;"sexta-feira";"18:30:00";"PA";316;78;"SAO FRANCISCO DO PARA";"Ultrapassagem Indevida";"Colisão frontal";"Com Vítimas Feridas";"Plena Noite";"Decrescente";"Ignorado";"Simples";"Reta";"Sim";3;0;1;1;1;0;2;2;-1,30378018;-47,797609;"SPRF-PA";"DEL01-PA";"UOP01-DEL01-PA"
461878;2022-07-15;"sexta-feira";"20:20:00";"RS";470;222;"GARIBALDI";"Reação tardia ou ineficiente do condutor";"Saída de leito carroçável";"Sem Vítimas";"Plena Noite";"Crescente";"Chuva";"Simples";"Retorno Regulamentado;Curva";"Sim";1;0;0;0;1;0;0;1;-29,20372835;-51,51786908;"SPRF-RS";"DEL06-RS";"UOP01-DEL06-RS"
461879;2022-07-15;"sexta-feira";"19:40:00";"PR";476;123;"CURITIBA";"Trafegar com motocicleta (ou similar) entre as faixas";"Queda de ocupante de veículo";"Com Vítimas Feridas";"Plena Noite";"Decrescente";"Céu Claro";"Dupla";"Em Obras";"Sim";1;0;1;0;0;0;1;1;-25,392904;-49,209557;"SPRF-PR";"DEL01-PR";"UOP01-DEL01-PR"
461882;2022-07-15;"sexta-feira";"20:40:00";"RS";285;199;"LAGOA VERMELHA";"Frear bruscamente";"Colisão traseira";"Sem Vítimas";"Plena Noite";"Crescente";"Céu Claro";"Simples";"Rotatória";"Sim";3;0;0;0;3;0;0;2;-28,205301;-51,519993;"SPRF-RS";"DEL08-RS";"UOP05-DEL08-RS"
461884;2022-07-15;"sexta-feira";"18:50:00";"GO";153;396,2;"PIRENOPOLIS";"Reação tardia ou ineficiente do condutor";"Colisão traseira";"Com Vítimas Feridas";"Anoitecer";"Decrescente";"Céu Claro";"Simples";"Reta";"Sim";4;0;2;0;2;0;2;2;-16,009773;-49,125004;"SPRF-GO";"DEL02-GO";"UOP02-DEL02-GO"
461887;2022-07-15;"sexta-feira";"20:25:00";"SC";101;151,4;"ITAPEMA";"Reação tardia ou ineficiente do condutor";"Colisão traseira";"Sem Vítimas";"Plena Noite";"Decrescente";"Céu Claro";"Dupla";"Reta";"Sim";2;0;0;0;2;0;0;2;-27,126536;-48,609642;"SPRF-SC";"DEL04-SC";"UOP03-DEL04-SC"
461888;2022-07-09;"sábado";"07:00:00";"MS";262;239,5;"RIBAS DO RIO PARDO";"Acessar a via sem observar a presença dos outros veículos";"Colisão transversal";"Com Vítimas Feridas";"Pleno dia";"Decrescente";"Céu Claro";"Simples";"Reta";"Sim";4;0;1;1;2;0;2;3;-20,45684563;-53,75597803;"SPRF-MS";"DEL01-MS";"UOP01-DEL01-MS"
461889;2022-07-15;"sexta-feira";"20:00:00";"RJ";116;82,3;"TERESOPOLIS";"Conversão proibida";"Colisão transversal";"Sem Vítimas";"Plena Noite";"Crescente";"Céu Claro";"Simples";"Reta";"Não";3;0;0;0;3;0;0;3;-22,41517488;-42,95011324;"SPRF-RJ";"DEL04-RJ";"UOP01-DEL04-RJ"
461890;2022-07-15;"sexta-feira";"21:50:00";"SC";282;1;"FLORIANOPOLIS";"Pedestre andava na pista";"Atropelamento de Pedestre";"Sem Vítimas";"Plena Noite";"Decrescente";"Céu Claro";"Múltipla";"Declive";"Sim";1;0;0;0;1;0;0;1;-27,602955;-48,580509;"SPRF-SC";"DEL01-SC";"UOP01-DEL01-SC"
461891;2022-07-15;"sexta-feira";"21:55:00";"RJ";101;314;"SAO GONCALO";"Trafegar com motocicleta (ou similar) entre as faixas";"Colisão traseira";"Com Vítimas Feridas";"Plena Noite";"Decrescente";"Céu Claro";"Dupla";"Reta";"Sim";3;0;2;0;1;0;2;2;-22,81648739;-43,07728467;"SPRF-RJ";"DEL02-RJ";"UOP02-DEL02-RJ"
461892;2022-07-15;"sexta-feira";"17:45:00";"SC";101;433,8;"SOMBRIO";"Acessar a via sem observar a presença dos outros veículos";"Colisão frontal";"Com Vítimas Feridas";"Anoitecer";"Crescente";"Nublado";"Simples";"Interseção de Vias";"Sim";2;0;1;0;1;0;1;2;-29,08200809;-49,6297237;"SPRF-SC";"DEL02-SC";"UOP02-DEL02-SC"
461893;2022-07-15;"sexta-feira";"21:52:00";"SC";101;193,9;"BIGUACU";"Ausência de reação do condutor";"Colisão traseira";"Sem Vítimas";"Plena Noite";"Crescente";"Nublado";"Múltipla";"Reta";"Sim";3;0;0;0;3;0;0;2;-27,489574;-48,655914;"SPRF-SC";"DEL01-SC";"UOP01-DEL01-SC"
461894;2022-07-15;"sexta-feira";"20:50:00";"PE";428;190;"PETROLINA";"Velocidade Incompatível";"Colisão com objeto";"Com Vítimas Fatais";"Plena Noite";"Decrescente";"Céu Claro";"Múltipla";"Reta";"Sim";1;1;0;0;0;0;0;1;-9,37605965;-40,49382106;"SPRF-PE";"DEL06-PE";"UOP01-DEL06-PE"
461896;2022-07-15;"sexta-feira";"18:50:00";"PR";376;386;"IMBAU";"Ingestão de álcool e/ou substâncias psicoativas pelo pedestre";"Atropelamento de Pedestre";"Com Vítimas Feridas";"Plena Noite";"Decrescente";"Ignorado";"Dupla";"Reta";"Sim";2;0;1;0;1;0;1;2;-24,49494491;-50,72536493;"SPRF-PR";"DEL03-PR";"UOP02-DEL03-PR"
461897;2022-07-15;"sexta-feira";"22:05:00";"RN";101;101;"PARNAMIRIM";"Acessar a via sem observar a presença dos outros veículos";"Colisão transversal";"Com Vítimas Fatais";"Plena Noite";"Decrescente";"Céu Claro";"Múltipla";"Reta";"Sim";3;1;2;0;0;0;2;2;-5,88681084;-35,23143404;"SPRF-RN";"DEL01-RN";"UOP01-DEL01-RN"