"id";"data_inversa";"dia_semana";"horario";"uf";"br";"km";"municipio";"causa_acidente";"tipo_acidente";"classificacao_acidente";"fase_dia";"sentido_via";"condicao_metereologica";"tipo_pista";"tracado_via";"uso_solo";"pessoas";"mortos";"feridos_leves";"feridos_graves";"ilesos";"ignorados";"feridos";"veiculos";"latitude";"longitude";"regional";"delegacia";"uop"
461898;2022-07-15;"sexta-feira";"21:55:00";"SC";470;3,8;"NAVEGANTES";"Ingestão de álcool pelo condutor";"Saída de leito carroçável";"Com Vítimas Feridas";"Plena Noite";"Decrescente";"Nublado";"Dupla";"Em Obras";"Sim";1;0;1;0;0;0;1;1;-26,855688;-48,700333;"SPRF-SC";"DEL04-SC";"UOP04-DEL04-SC"
461899;2022-07-15;"sexta-feira";"22:15:00";"PE";101;82;"JABOATAO DOS GUARARAPES";"Entrada inopinada do pedestre";"Atropelamento de Pedestre";"Com Vítimas Feridas";"Plena Noite";"Decrescente";"Chuva";"Dupla";"Reta";"Sim";2;0;1;1;0;0;2;2;-8,168383;-34,9376;"SPRF-PE";"DEL01-PE";"UOP01-DEL01-PE"
461902;2022-07-15;"sexta-feira";"22:55:00";"RN";101;74,7;"NATAL";"Animais na Pista";"Atropelamento de Animal";"Com Vítimas Feridas";"Plena Noite";"Decrescente";"Céu Claro";"Simples";"Reta";"Não";2;0;0;2;0;0;2;1;-5,71406254;-35,27232767;"SPRF-RN";"DEL02-RN";"UOP01-DEL02-RN"
461905;2022-07-15;"sexta-feira";"19:10:00";"MT";163;643;"LUCAS DO RIO VERDE";"Avarias e/ou desgaste excessivo no pneu";"Queda de ocupante de veículo";"Com Vítimas Feridas";"Plena Noite";"Decrescente";"Céu Claro";"Simples";"Reta";"Não";2;0;0;1;1;0;1;1;-13,19749878;-55,99216461;"SPRF-MT";"DEL06-MT";"UOP01-DEL06-MT"
461906;2022-07-15;"sexta-feira";"23:00:00";"RJ";116;134;"MAGE";"Reação tardia ou ineficiente do condutor";"Colisão lateral mesmo sentido";"Com Vítimas Feridas";"Plena Noite";"Decrescente";"Céu Claro";"Dupla";"Reta";"Sim";3;0;1;1;1;0;2;2;-22,65368834;-43,153534;"SPRF-RJ";"DEL04-RJ";"UOP02-DEL04-RJ"
461907;2022-05-05;"quinta-feira";"08:40:00";"PR";476;138;"CURITIBA";"Reação tardia ou ineficiente do condutor";"Colisão traseira";"Com Vítimas Feridas";"Pleno dia";"Decrescente";"Ignorado";"Dupla";"Reta";"Sim";1;0;1;0;0;0;1;1;-25,505564;-49,283417;"SPRF-PR";"DEL01-PR";"UOP03-DEL01-PR"
461911;2022-07-16;"sábado";"00:10:00";"SP";116;269,4;"TABOAO DA SERRA";"Condutor desrespeitou a iluminação vermelha do semáforo";"Colisão transversal";"Com Vítimas Feridas";"Plena Noite";"Decrescente";"Céu Claro";"Múltipla";"Interseção de Vias;Reta";"Sim";2;0;2;0;0;0;2;2;-23,60886112;-46,75751388;"SPRF-SP";"DEL04-SP";"UOP01-DEL04-SP"
461913;2022-07-16;"sábado";"00:50:00";"PR";116;90,2;"PIRAQUARA";"Ausência de reação do condutor";"Colisão traseira";"Com Vítimas Feridas";"Pleno dia";"Crescente";"Céu Claro";"Dupla";"Reta";"Não";1;0;1;0;0;0;1;1;-25,4611174;-49,08880123;"SPRF-PR";"DEL01-PR";"UOP01-DEL01-PR"
461914;2022-07-15;"sexta-feira";"21:25:00";"RS";116;254;"SAPUCAIA DO SUL";"Ingestão de álcool pelo condutor";"Queda de ocupante de veículo";"Com Vítimas Feridas";"Plena Noite";"Decrescente";"Ignorado";"Simples";"Reta";"Sim";2;0;2;0;0;0;2;1;-29,82654797;-51,17241311;"SPRF-RS";"DEL01-RS";"UOP02-DEL01-RS"
461916;2022-07-16;"sábado";"01:39:00";"RS";290;103;"ELDORADO DO SUL";"Iluminação deficiente";"Tombamento";"Com Vítimas Feridas";"Plena Noite";"Decrescente";"Chuva";"Dupla";"Ponte;Reta;Aclive";"Sim";1;0;1;0;0;0;1;1;-29,99017;-51,265766;"SPRF-RS";"DEL01-RS";"UOP01-DEL01-RS"
461919;2022-07-16;"sábado";"01:10:00";"GO";50;278,8;"CATALAO";"Velocidade Incompatível";"Tombamento";"Com Vítimas Feridas";"Plena Noite";"Crescente";"Céu Claro";"Simples";"Reta";"Sim";2;0;1;0;1;0;1;1;-18,1696;-47,92;"SPRF-GO";"DEL06-GO";"UOP01-DEL06-GO"
461920;2022-07-16;"sábado";"02:00:00";"GO";153;436;"ANAPOLIS";"Condutor deixou de manter distância do veículo da frente";"Colisão traseira";"Com Vítimas Feridas";"Plena Noite";"Crescente";"Céu Claro";"Dupla";"Reta";"Não";2;0;1;0;0;1;1;2;-16,283987;-48,951763;"SPRF-GO";"DEL02-GO";"UOP01-DEL02-GO"
461922;2022-07-16;"sábado";"03:48:00";"GO";40;6;"VALPARAISO DE GOIAS";"Ingestão de álcool pelo condutor";"Colisão traseira";"Sem Vítimas";"Plena Noite";"Crescente";"Céu Claro";"Dupla";"Reta";"Sim";3;0;0;0;3;0;0;2;-16,100814;-47,977351;"SPRF-DF";"DEL01-DF";"UOP01-DEL01-DF"
461923;2022-07-16;"sábado";"02:05:00";"PR";277;592,9;"CASCAVEL";"Ingestão de álcool pelo condutor";"Colisão frontal";"Com Vítimas Feridas";"Plena Noite";"Decrescente";"Nublado";"Simples";"Reta;Aclive";"Sim";2;0;0;2;0;0;2;2;-24,98285697;-53,47319399;"SPRF-PR";"DEL04-PR";"UOP01-DEL04-PR"
461927;2022-07-16;"sábado";"04:30:00";"DF";20;22;"BRASILIA";"Condutor deixou de manter distância do veículo da frente";"Colisão traseira";"Sem Vítimas";"Plena Noite";"Decrescente";"Céu Claro";"Dupla";"Reta";"Sim";2;0;0;0;1;1;0;2;-15,59834;-47,676186;"SPRF-DF";"DEL02-DF";"UOP01-DEL02-DF"
461928;2022-07-16;"sábado";"04:20:00";"MG";40;468,5;"SETE LAGOAS";"Condutor Dormindo";"Saída de leito carroçável";"Sem Vítimas";"Plena Noite";"Crescente";"Céu Claro";"Dupla";"Reta;Declive;Retorno Regulamentado";"Não";4;0;0;0;4;0;0;1;-19,45630182;-44,30941888;"SPRF-MG";"DEL02-MG";"UOP01-DEL02-MG"
461929;2022-07-16;"sábado";"03:00:00";"RJ";116;306;"RESENDE";"Ausência de reação do condutor";"Colisão com objeto";"Sem Vítimas";"Plena Noite";"Crescente";"Céu Claro";"Simples";"Retorno Regulamentado";"Não";1;0;0;0;1;0;0;1;-22,45645538;-44,40259093;"SPRF-RJ";"DEL07-RJ";"UOP02-DEL07-RJ"
461930;2022-07-16;"sábado";"04:05:00";"RJ";116;176;"NOVA IGUACU";"Reação tardia ou ineficiente do condutor";"Colisão com objeto";"Com Vítimas Feridas";"Plena Noite";"Decrescente";"Céu Claro";"Múltipla";"Reta";"Sim";4;0;2;0;2;0;2;1;-22,7839538;-43,38195488;"SPRF-RJ";"DEL01-RJ";"UOP02-DEL01-RJ"
461932;2022-07-16;"sábado";"01:50:00";"SC";101;183;"BIGUACU";"Ausência de reação do condutor";"Saída de leito carroçável";"Sem Vítimas";"Plena Noite";"Crescente";"Céu Claro";"Dupla";"Reta";"Não";1;0;0;0;1;0;0;1;-27,40688892;-48,6285296;"SPRF-SC";"DEL01-SC";"UOP01-DEL01-SC"
461933;2022-07-16;"sábado";"04:00:00";"GO";153;321;"RIANAPOLIS";"Ausência de reação do condutor";"Colisão com objeto";"Com Vítimas Feridas";"Amanhecer";"Decrescente";"Céu Claro";"Simples";"Interseção de Vias";"Não";2;0;1;0;1;0;1;1;-15,456578;-49,502522;"SPRF-GO";"DEL02-GO";"UOP02-DEL02-GO"
461938;2022-07-16;"sábado";"05:50:00";"PR";476;120;"COLOMBO";"Ausência de reação do condutor";"Atropelamento de Pedestre";"Com Vítimas Feridas";"Amanhecer";"Crescente";"Céu Claro";"Dupla";"Reta";"Sim";2;0;1;0;1;0;1;2;-25,37364831;-49,19273257;"SPRF-PR";"DEL01-PR";"UOP01-DEL01-PR"
461939;2022-07-16;"sábado";"06:15:00";"SP";116;279;"EMBU DAS ARTES";"Reação tardia ou ineficiente do condutor";"Queda de ocupante de veículo";"Com Vítimas Feridas";"Amanhecer";"Crescente";"Céu Claro";"Dupla";"Reta";"Não";1;0;1;0;0;0;1;1;-23,66233697;-46,85292907;"SPRF-SP";"DEL04-SP";"UOP01-DEL04-SP"
461942;2022-07-16;"sábado";"06:20:00";"RS";116;226;"DOIS IRMAOS";"Acumulo de água sobre o pavimento";"Saída de leito carroçável";"Com Vítimas Feridas";"Amanhecer";"Decrescente";"Chuva";"Dupla";"Reta";"Sim";4;0;3;0;0;1;3;1;-29,60109223;-51,11806581;"SPRF-RS";"DEL01-RS";"UOP02-DEL01-RS"
461943;2022-07-16;"sábado";"05:30:00";"TO";153;742,8;"ALVORADA";"Ingestão de álcool pelo condutor";"Saída de leito carroçável";"Com Vítimas Feridas";"Plena Noite";"Crescente";"Céu Claro";"Simples";"Reta";"Não";1;0;1;0;0;0;1;1;-12,32409906;-49,14830521;"SPRF-TO";"DEL01-TO";"UOP02-DEL01-TO"
461945;2022-07-16;"sábado";"06:30:00";"PR";116;166;"QUITANDINHA";"Conversão proibida";"Colisão lateral sentido oposto";"Sem Vítimas";"Pleno dia";"Crescente";"Céu Claro";"Simples";"Reta";"Sim";2;0;0;0;2;0;0;2;-25,86521941;-49,44583693;"SPRF-PR";"DEL01-PR";"UOP03-DEL01-PR"
461947;2022-07-15;"sexta-feira";"18:30:00";"MG";116;414;"GOVERNADOR VALADARES";"Condutor deixou de manter distância do veículo da frente";"Colisão traseira";"Com Vítimas Feridas";"Plena Noite";"Crescente";"Céu Claro";"Simples";"Reta";"Sim";2;0;1;0;1;0;1;2;-18,88102703;-41,95910802;"SPRF-MG";"DEL06-MG";"UOP01-DEL06-MG"
461948;2022-07-16;"sábado";"06:10:00";"PR";369;193,2;"ARAPONGAS";"Condutor Dormindo";"Saída de leito carroçável";"Sem Vítimas";"Amanhecer";"Crescente";"Céu Claro";"Dupla";"Reta";"Não";1;0;0;0;1;0;0;1;-23,48141;-51,42407;"SPRF-PR";"DEL07-PR";"UOP03-DEL07-PR"
461951;2022-07-16;"sábado";"07:05:00";"PB";230;42;"SANTA RITA";"Demais falhas mecânicas ou elétricas";"Tombamento";"Com Vítimas Feridas";"Pleno dia";"Decrescente";"Céu Claro";"Dupla";"Reta";"Não";3;0;3;0;0;0;3;1;-7,1426;-34,9956;"SPRF-PB";"DEL01-PB";"UOP03-DEL01-PB"
461952;2022-07-16;"sábado";"06:50:00";"SC";101;201;"SAO JOSE";"Condutor Dormindo";"Saída de leito carroçável";"Sem Vítimas";"Amanhecer";"Decrescente";"Nublado";"Múltipla";"Reta";"Sim";1;0;0;0;1;0;0;1;-27,54836599;-48,61977975;"SPRF-SC";"DEL01-SC";"UOP01-DEL01-SC"
461953;2022-07-16;"sábado";"07:15:00";"RJ";101;432;"MANGARATIBA";"Demais Fenômenos da natureza";"Queda de ocupante de veículo";"Com Vítimas Feridas";"Pleno dia";"Crescente";"Céu Claro";"Simples";"Curva";"Não";2;0;0;2;0;0;2;1;-22,93437472;-44,02919087;"SPRF-RJ";"DEL03-RJ";"UOP02-DEL03-RJ"
461954;2022-07-16;"sábado";"07:10:00";"SC";282;16,4;"PALHOCA";"Acessar a via sem observar a presença dos outros veículos";"Colisão transversal";"Com Vítimas Feridas";"Pleno dia";"Crescente";"Nublado";"Simples";"Interseção de Vias";"Sim";2;0;0;1;1;0;1;2;-27,658611;-48,681847;"SPRF-SC";"DEL01-SC";"UOP02-DEL01-SC"
461955;2022-07-16;"sábado";"06:54:00";"SP";116;134,3;"SAO JOSE DOS CAMPOS";"Velocidade Incompatível";"Colisão traseira";"Com Vítimas Feridas";"Pleno dia";"Decrescente";"Céu Claro";"Dupla";"Reta";"Não";2;0;0;1;1;0;1;2;-23,1402216;-45,7617252;"SPRF-SP";"DEL02-SP";"UOP01-DEL02-SP"
461960;2022-07-16;"sábado";"07:30:00";"BA";407;5,8;"JUAZEIRO";"Acesso irregular";"Colisão transversal";"Sem Vítimas";"Pleno dia";"Crescente";"Céu Claro";"Dupla";"Rotatória";"Sim";2;0;0;0;2;0;0;2;-9,44909358;-40,48997283;"SPRF-PE";"DEL06-PE";"UOP01-DEL06-PE"
461963;2022-07-10;"domingo";"15:49:00";"MG";381;481;"BETIM";"Pista esburacada";"Queda de ocupante de veículo";"Com Vítimas Feridas";"Pleno dia";"Crescente";"Céu Claro";"Dupla";"Reta";"Sim";2;0;1;0;1;0;1;1;-19,95931561;-44,08825597;"SPRF-MG";"DEL01-MG";"UOP03-DEL01-MG"
461965;2022-07-16;"sábado";"07:55:00";"PR";376;387,5;"IMBAU";"Reação tardia ou ineficiente do condutor";"Colisão com objeto";"Com Vítimas Fatais";"Pleno dia";"Crescente";"Céu Claro";"Dupla";"Reta";"Não";3;1;1;1;0;0;2;1;-24,50165014;-50,71899331;"SPRF-PR";"DEL03-PR";"UOP02-DEL03-PR"
461966;2022-07-16;"sábado";"07:50:00";"SC";101;23;"JOINVILLE";"Ingestão de álcool pelo condutor";"Saída de leito carroçável";"Sem Vítimas";"Pleno dia";"Crescente";"Céu Claro";"Simples";"Reta";"Não";1;0;0;0;1;0;0;1;-26,16582501;-48,90742427;"SPRF-SC";"DEL03-SC";"UOP01-DEL03-SC"
461967;2022-07-16;"sábado";"07:50:00";"SP";116;104,5;"TAUBATE";"Reação tardia ou ineficiente do condutor";"Engavetamento";"Com Vítimas Feridas";"Pleno dia";"Decrescente";"Céu Claro";"Dupla";"Reta";"Não";5;0;3;0;2;0;3;3;-23,00340176;-45,50626912;"SPRF-SP";"DEL08-SP";"UOP01-DEL08-SP"
461969;2022-07-16;"sábado";"09:00:00";"SP";116;230;"SAO PAULO";"Ausência de reação do condutor";"Queda de ocupante de veículo";"Com Vítimas Feridas";"Pleno dia";"Crescente";"Céu Claro";"Múltipla";"Interseção de Vias;Reta";"Sim";1;0;1;0;0;0;1;1;-23,52251783;-46,5855702;"SPRF-SP";"DEL01-SP";"UOP01-DEL01-SP"
461970;2022-07-16;"sábado";"07:30:00";"RJ";40;120;"DUQUE DE CAXIAS";"Ausência de reação do condutor";"Saída de leito carroçável";"Com Vítimas Feridas";"Pleno dia";"Crescente";"Céu Claro";"Múltipla";"Reta";"Sim";2;0;2;0;0;0;2;1;-22,77280597;-43,28626763;"SPRF-RJ";"DEL01-RJ";"UOP01-DEL01-RJ"
461971;2022-07-16;"sábado";"05:15:00";"GO";153;295,9;"RIALMA";"Reação tardia ou ineficiente do condutor";"Colisão frontal";"Com Vítimas Feridas";"Amanhecer";"Decrescente";"Céu Claro";"Simples";"Curva";"Não";2;0;1;0;1;0;1;2;-15,24967;-49,556309;"SPRF-GO";"DEL02-GO";"UOP02-DEL02-GO"
461972;2022-07-16;"sábado";"09:30:00";"DF";20;11;"BRASILIA";"Acessar a via sem observar a presença dos outros veículos";"Colisão traseira";"Com Vítimas Feridas";"Pleno dia";"Crescente";"Sol";"Dupla";"Reta";"Sim";3;0;2;0;1;0;2;2;-15,64654;-47,766422;"SPRF-DF";"DEL02-DF";"UOP01-DEL02-DF"
461973;2022-07-16;"sábado";"09:20:00";"SE";101;91,8;"NOSSA SENHORA DO SOCORRO";"Manobra de mudança de faixa";"Colisão lateral mesmo sentido";"Com Vítimas Feridas";"Pleno dia";"Crescente";"Céu Claro";"Simples";"Viaduto";"Não";2;0;0;1;1;0;1;2;-10,904368;-37,132035;"SPRF-SE";"DEL01-SE";"UOP01-DEL01-SE"
461974;2022-07-16;"sábado";"07:15:00";"PR";277;523,2;"GUARANIACU";"Velocidade Incompatível";"Saída de leito carroçável";"Com Vítimas Fatais";"Pleno dia";"Decrescente";"Garoa/Chuvisco";"Simples";"Curva";"Não";2;2;0;0;0;0;0;1;-25,11018112;-52,85167802;"SPRF-PR";"DEL04-PR";"UOP01-DEL04-PR"
461975;2022-07-16;"sábado";"06:40:00";"BA";242;372;"PALMEIRAS";"Pista Escorregadia";"Saída de leito carroçável";"Com Vítimas Feridas";"Amanhecer";"Crescente";"Chuva";"Simples";"Curva";"Não";4;0;1;0;3;0;1;1;-12,45491007;-41,48413406;"SPRF-BA";"DEL06-BA";"UOP01-DEL06-BA"
461978;2022-07-16;"sábado";"07:30:00";"BA";324;536;"CONCEICAO DO JACUIPE";"Ausência de reação do condutor";"Queda de ocupante de veículo";"Com Vítimas Feridas";"Pleno dia";"Crescente";"Céu Claro";"Dupla";"Reta";"Não";1;0;1;0;0;0;1;1;-12,363585;-38,820976;"SPRF-BA";"DEL01-BA";"UOP03-DEL01-BA"
461979;2022-07-16;"sábado";"09:00:00";"CE";20;271,8;"CANINDE";"Pista esburacada";"Colisão frontal";"Com Vítimas Feridas";"Pleno dia";"Decrescente";"Céu Claro";"Simples";"Reta";"Não";5;0;1;4;0;0;5;2;-4,64988247;-39,39113633;"SPRF-CE";"DEL02-CE";"UOP01-DEL02-CE"
461980;2022-07-16;"sábado";"08:30:00";"SC";470;141,9;"RIO DO SUL";"Acessar a via sem observar a presença dos outros veículos";"Colisão lateral mesmo sentido";"Com Vítimas Feridas";"Pleno dia";"Crescente";"Nublado";"Simples";"Interseção de Vias";"Sim";2;0;1;0;1;0;1;2;-27,226065;-49,666161;"SPRF-SC";"DEL04-SC";"UOP02-DEL04-SC"
461981;2022-07-16;"sábado";"09:15:00";"RJ";101;327;"RIO DE JANEIRO";"Reação tardia ou ineficiente do condutor";"Tombamento";"Com Vítimas Feridas";"Pleno dia";"Decrescente";"Céu Claro";"Dupla";"Reta";"Sim";1;0;1;0;0;0;1;1;-22,870592;-43,162151;"SPRF-RJ";"DEL02-RJ";"UOP01-DEL02-RJ"
461982;2022-05-30;"segunda-feira";"07:00:00";"MT";364;271;"JACIARA";"Condutor deixou de manter distância do veículo da frente";"Colisão traseira";"Com Vítimas Feridas";"Pleno dia";"Crescente";"Céu Claro";"Dupla";"Reta";"Sim";3;0;2;0;1;0;2;2;-15,96962998;-54,95363;"SPRF-MT";"DEL02-MT";"UOP01-DEL02-MT"
461983;2022-07-16;"sábado";"10:10:00";"PR";277;44;"MORRETES";"Ausência de reação do condutor";"Queda de ocupante de veículo";"Com Vítimas Feridas";"Pleno dia";"Decrescente";"Céu Claro";"Dupla";"Curva";"Não";1;0;0;1;0;0;1;1;-25,57846682;-48,86174512;"SPRF-PR";"DEL01-PR";"UOP01-DEL01-PR"
461984;2022-07-16;"sábado";"10:10:00";"RS";386;397,3;"TRIUNFO";"Acumulo de água sobre o pavimento";"Saída de leito carroçável";"Com Vítimas Feridas";"Pleno dia";"Crescente";"Chuva";"Dupla";"Curva";"Não";4;0;2;0;2;0;2;1;-29,738066;-51,624626;"SPRF-RS";"DEL04-RS";"UOP02-DEL04-RS"
461985;2022-07-16;"sábado";"09:17:00";"SC";101;3;"GARUVA";"Manobra de mudança de faixa";"Colisão lateral mesmo sentido";"Com Vítimas Feridas";"Pleno dia";"Decrescente";"Nublado";"Dupla";"Reta";"Não";2;0;1;0;0;1;1;2;-26,00380807;-48,87233005;"SPRF-SC";"DEL03-SC";"UOP01-DEL03-SC"
461987;2022-07-16;"sábado";"10:20:00";"RN";101;96,5;"NATAL";"Condutor deixou de manter distância do veículo da frente";"Engavetamento";"Sem Vítimas";"Pleno dia";"Decrescente";"Sol";"Múltipla";"Reta";"Sim";6;0;0;0;6;0;0;6;-5,85217339;-35,2102375;"SPRF-RN";"DEL01-RN";"UOP01-DEL01-RN"
461988;2022-07-16;"sábado";"10:35:00";"PE";101;175;"JOAQUIM NABUCO";"Mal súbito do condutor";"Queda de ocupante de veículo";"Com Vítimas Feridas";"Pleno dia";"Decrescente";"Céu Claro";"Dupla";"Reta";"Não";1;0;1;0;0;0;1;1;-8,60296585;-35,535297;"SPRF-PE";"DEL01-PE";"UOP03-DEL01-PE"
461991;2022-07-16;"sábado";"04:30:00";"BA";110;233;"OLINDINA";"Animais na Pista";"Atropelamento de Animal";"Com Vítimas Feridas";"Amanhecer";"Crescente";"Céu Claro";"Simples";"Reta;Aclive";"Não";6;0;4;0;2;0;4;2;-11,33728269;-38,35441969;"SPRF-BA";"DEL07-BA";"UOP02-DEL07-BA"
461992;2022-07-16;"sábado";"08:10:00";"SC";470;243,7;"CURITIBANOS";"Ingestão de álcool pelo condutor";"Colisão lateral sentido oposto";"Com Vítimas Feridas";"Pleno dia";"Decrescente";"Chuva";"Simples";"Curva";"Não";3;0;2;0;1;0;2;2;-27,315144;-50,506874;"SPRF-SC";"DEL05-SC";"UOP03-DEL05-SC"
461996;2022-07-16;"sábado";"08:50:00";"SC";470;234,7;"SAO CRISTOVAO DO SUL";"Velocidade Incompatível";"Capotamento";"Com Vítimas Feridas";"Pleno dia";"Crescente";"Chuva";"Simples";"Curva";"Não";2;0;2;0;0;0;2;1;-27,30125926;-50,44458389;"SPRF-SC";"DEL05-SC";"UOP03-DEL05-SC"
461998;2022-07-16;"sábado";"10:45:00";"PR";369;145;"LONDRINA";"Ausência de sinalização";"Colisão traseira";"Sem Vítimas";"Pleno dia";"Decrescente";"Céu Claro";"Dupla";"Declive;Reta";"Sim";3;0;0;0;1;2;0;3;-23,29365331;-51,11035109;"SPRF-PR";"DEL07-PR";"UOP01-DEL07-PR"
461999;2022-07-16;"sábado";"11:53:00";"SE";235;52;"ITABAIANA";"Estacionar ou parar em local proibido";"Colisão com objeto";"Com Vítimas Feridas";"Pleno dia";"Crescente";"Nublado";"Simples";"Reta";"Sim";2;0;1;0;1;0;1;2;-10,69607475;-37,43577361;"SPRF-SE";"DEL01-SE";"UOP02-DEL01-SE"
462001;2022-07-16;"sábado";"11:30:00";"GO";60;124;"GOIANIA";"Afundamento ou ondulação no pavimento";"Saída de leito carroçável";"Com Vítimas Feridas";"Pleno dia";"Crescente";"Céu Claro";"Dupla";"Reta";"Não";1;0;1;0;0;0;1;1;-16,5243;-49,1313;"SPRF-GO";"DEL01-GO";"UOP01-DEL01-GO"
462003;2022-07-16;"sábado";"11:50:00";"SP";116;60;"GUARATINGUETA";"Ausência de reação do condutor";"Colisão traseira";"Com Vítimas Feridas";"Pleno dia";"Crescente";"Nublado";"Dupla";"Reta";"Não";3;0;1;0;2;0;1;3;-22,79089048;-45,16101837;"SPRF-SP";"DEL08-SP";"UOP01-DEL08-SP"
462004;2022-07-16;"sábado";"11:27:00";"MG";262;817;"UBERABA";"Condutor Dormindo";"Saída de leito carroçável";"Com Vítimas Feridas";"Pleno dia";"Decrescente";"Céu Claro";"Dupla";"Reta";"Não";1;0;1;0;0;0;1;1;-19,76384526;-48,12927805;"SPRF-MG";"DEL13-MG";"UOP01-DEL13-MG"
462008;2022-07-16;"sábado";"11:50:00";"PR";376;4,1;"MANDAGUARI";"Acessar a via sem observar a presença dos outros veículos";"Colisão transversal";"Com Vítimas Feridas";"Pleno dia";"Crescente";"Céu Claro";"Simples";"Interseção de Vias";"Sim";2;0;1;0;1;0;1;2;-23,547966;-51,671265;"SPRF-PR";"DEL03-PR";"UOP03-DEL03-PR"
462009;2022-07-16;"sábado";"12:00:00";"GO";153;494;"GOIANIA";"Condutor deixou de manter distância do veículo da frente";"Colisão traseira";"Com Vítimas Feridas";"Pleno dia";"Decrescente";"Céu Claro";"Simples";"Interseção de Vias";"Sim";2;0;1;0;1;0;1;2;-16,6614;-49,2218;"SPRF-GO";"DEL01-GO";"UOP01-DEL01-GO"
462013;2022-07-16;"sábado";"09:40:00";"GO";153;638,8;"MORRINHOS";"Demais falhas mecânicas ou elétricas";"Incêndio";"Sem Vítimas";"Pleno dia";"Crescente";"Céu Claro";"Dupla";"Reta";"Não";2;0;0;0;2;0;0;1;-17,8627;-49,2241;"SPRF-GO";"DEL03-GO";"UOP01-DEL03-GO"
462015;2022-07-15;"sexta-feira";"22:30:00";"RS";293;107,4;"PINHEIRO MACHADO";"Pista Escorregadia";"Saída de leito carroçável";"Sem Vítimas";"Plena Noite";"Decrescente";"Ignorado";"Simples";"Reta";"Não";1;0;0;0;0;1;0;1;-31,57381931;-53,37415112;"SPRF-RS";"DEL11-RS";"UOP03-DEL11-RS"
462016;2022-07-16;"sábado";"11:15:00";"RS";285;518,8;"VITORIA DAS MISSOES";"Chuva";"Saída de leito carroçável";"Com Vítimas Feridas";"Pleno dia";"Crescente";"Chuva";"Simples";"Reta";"Não";2;0;0;1;0;1;1;2;-28,399614;-54,473412;"SPRF-RS";"DEL10-RS";"UOP01-DEL10-RS"
462017;2022-07-16;"sábado";"13:20:00";"RN";101;81;"NATAL";"Retorno proibido";"Tombamento";"Com Vítimas Feridas";"Pleno dia";"Crescente";"Céu Claro";"Dupla";"Reta";"Sim";4;0;0;4;0;0;4;2;-5,76469466;-35,28295988;"SPRF-RN";"DEL02-RN";"UOP01-DEL02-RN"
462018;2022-07-16;"sábado";"12:37:00";"GO";40;10;"LUZIANIA";"Manobra de mudança de faixa";"Colisão transversal";"Com Vítimas Feridas";"Pleno dia";"Decrescente";"Céu Claro";"Múltipla";"Reta";"Sim";2;0;0;1;0;1;1;2;-16,131285;-47,957923;"SPRF-DF";"DEL01-DF";"UOP01-DEL01-DF"
462020;2022-07-16;"sábado";"10:40:00";"PR";277;243;"IRATI";"Reação tardia ou ineficiente do condutor";"Saída de leito carroçável";"Com Vítimas Feridas";"Pleno dia";"Decrescente";"Sol";"Simples";"Reta";"Não";2;0;2;0;0;0;2;1;-25,46419687;-50,56581801;"SPRF-PR";"DEL08-PR";"UOP02-DEL08-PR"
462022;2022-07-16;"sábado";"09:40:00";"SC";470;63,1;"INDAIAL";"Trafegar com motocicleta (ou similar) entre as faixas";"Colisão lateral mesmo sentido";"Sem Vítimas";"Pleno dia";"Crescente";"Nublado";"Simples";"Reta";"Sim";2;0;0;0;1;1;0;2;-26,87185313;-49,19511622;"SPRF-SC";"DEL04-SC";"UOP01-DEL04-SC"
462024;2022-07-16;"sábado";"14:20:00";"GO";153;531,6;"HIDROLANDIA";"Pedestre andava na pista";"Atropelamento de Pedestre";"Com Vítimas Feridas";"Pleno dia";"Decrescente";"Céu Claro";"Dupla";"Reta";"Sim";2;0;0;1;1;0;1;2;-16,9852;-49,2297;"SPRF-GO";"DEL01-GO";"UOP03-DEL01-GO"
462025;2022-07-16;"sábado";"14:50:00";"SE";101;85,8;"NOSSA SENHORA DO SOCORRO";"Demais falhas na via";"Queda de ocupante de veículo";"Com Vítimas Feridas";"Pleno dia";"Crescente";"Céu Claro";"Dupla";"Interseção de Vias";"Sim";1;0;0;1;0;0;1;1;-10,85210452;-37,13662148;"SPRF-SE";"DEL01-SE";"UOP01-DEL01-SE"
462027;2022-07-16;"sábado";"13:30:00";"SP";116;110;"TAUBATE";"Condutor deixou de manter distância do veículo da frente";"Colisão traseira";"Com Vítimas Feridas";"Pleno dia";"Decrescente";"Sol";"Dupla";"Declive";"Sim";2;0;1;0;1;0;1;2;-23,03412614;-45,5526999;"SPRF-SP";"DEL08-SP";"UOP01-DEL08-SP"
462029;2022-07-16;"sábado";"14:40:00";"MG";262;362,9;"BETIM";"Avarias e/ou desgaste excessivo no pneu";"Tombamento";"Com Vítimas Feridas";"Pleno dia";"Decrescente";"Céu Claro";"Múltipla";"Reta";"Sim";2;0;2;0;0;0;2;1;-19,971181;-44,286763;"SPRF-MG";"DEL01-MG";"UOP03-DEL01-MG"
462030;2022-07-16;"sábado";"13:45:00";"SC";282;47,8;"AGUAS MORNAS";"Transitar na contramão";"Colisão frontal";"Com Vítimas Feridas";"Pleno dia";"Decrescente";"Chuva";"Simples";"Curva";"Não";6;0;5;1;0;0;6;2;-27,721771;-48,934837;"SPRF-SC";"DEL01-SC";"UOP03-DEL01-SC"
462031;2022-07-16;"sábado";"15:50:00";"PB";101;80;"SANTA RITA";"Velocidade Incompatível";"Colisão com objeto";"Com Vítimas Feridas";"Pleno dia";"Decrescente";"Nublado";"Dupla";"Curva";"Não";2;0;2;0;0;0;2;1;-7,11753704;-34,94951428;"SPRF-PB";"DEL01-PB";"UOP04-DEL01-PB"