"id";"data_inversa";"dia_semana";"horario";"uf";"br";"km";"municipio";"causa_acidente";"tipo_acidente";"classificacao_acidente";"fase_dia";"sentido_via";"condicao_metereologica";"tipo_pista";"tracado_via";"uso_solo";"pessoas";"mortos";"feridos_leves";"feridos_graves";"ilesos";"ignorados";"feridos";"veiculos";"latitude";"longitude";"regional";"delegacia";"uop"
462127;2022-07-17;"domingo";"01:50:00";"SC";282;504,9;"XANXERE";"Desrespeitar a preferência no cruzamento";"Colisão transversal";"Com Vítimas Feridas";"Plena Noite";"Decrescente";"Céu Claro";"Simples";"Reta;Interseção de Vias";"Sim";2;0;1;0;1;0;1;2;-26,884279;-52,408466;"SPRF-SC";"DEL07-SC";"UOP01-DEL07-SC"
462128;2022-07-17;"domingo";"03:40:00";"BA";135;193;"BARREIRAS";"Animais na Pista";"Atropelamento de Animal";"Sem Vítimas";"Plena Noite";"Crescente";"Céu Claro";"Simples";"Reta";"Não";2;0;0;0;2;0;0;1;-12,28177812;-45,02108624;"SPRF-BA";"DEL10-BA";"UOP01-DEL10-BA"
462129;2022-07-17;"domingo";"02:50:00";"SC";101;389;"CRICIUMA";"Ausência de reação do condutor";"Colisão com objeto";"Sem Vítimas";"Plena Noite";"Crescente";"Céu Claro";"Dupla";"Curva;Viaduto;Declive";"Não";1;0;0;0;1;0;0;1;-28,80227635;-49,36465894;"SPRF-SC";"DEL02-SC";"UOP02-DEL02-SC"
462134;2022-07-17;"domingo";"04:24:00";"DF";80;18;"BRASILIA";"Ausência de reação do condutor";"Saída de leito carroçável";"Sem Vítimas";"Plena Noite";"Decrescente";"Céu Claro";"Dupla";"Reta";"Sim";1;0;0;0;0;1;0;1;-15,684259;-48,205139;"SPRF-DF";"DEL03-DF";"UOP02-DEL03-DF"
462135;2022-07-17;"domingo";"05:10:00";"SP";116;216;"GUARULHOS";"Iluminação deficiente";"Colisão transversal";"Com Vítimas Feridas";"Amanhecer";"Decrescente";"Nublado";"Múltipla";"Reta";"Sim";3;0;1;0;1;1;1;3;-23,45056589;-46,46258105;"SPRF-SP";"DEL01-SP";"UOP01-DEL01-SP"
462136;2022-07-16;"sábado";"08:50:00";"MG";381;390;"BARAO DE COCAIS";"Ausência de reação do condutor";"Saída de leito carroçável";"Com Vítimas Feridas";"Pleno dia";"Decrescente";"Céu Claro";"Simples";"Curva";"Não";3;0;3;0;0;0;3;1;-19,77537194;-43,44320495;"SPRF-MG";"DEL01-MG";"UOP01-DEL01-MG"
462137;2022-07-17;"domingo";"05:05:00";"SC";280;75,3;"JARAGUA DO SUL";"Ingestão de álcool pelo condutor";"Colisão frontal";"Com Vítimas Feridas";"Amanhecer";"Crescente";"Nublado";"Simples";"Reta";"Sim";7;0;4;1;1;1;5;4;-26,47887185;-49,05937512;"SPRF-SC";"DEL03-SC";"UOP03-DEL03-SC"
462138;2022-07-17;"domingo";"05:30:00";"GO";60;66;"ABADIANIA";"Ingestão de álcool pelo condutor";"Saída de leito carroçável";"Sem Vítimas";"Plena Noite";"Crescente";"Céu Claro";"Dupla";"Reta";"Não";1;0;0;0;0;1;0;1;-16,2138;-48,7457;"SPRF-GO";"DEL02-GO";"UOP01-DEL02-GO"
462141;2022-07-17;"domingo";"04:40:00";"PR";376;168,5;"MARINGA";"Ausência de reação do condutor";"Saída de leito carroçável";"Com Vítimas Feridas";"Plena Noite";"Decrescente";"Céu Claro";"Dupla";"Reta";"Não";1;0;1;0;0;0;1;1;-23,38953091;-52,01717377;"SPRF-PR";"DEL09-PR";"UOP01-DEL09-PR"
462143;2022-07-16;"sábado";"22:30:00";"PR";376;4;"MANDAGUARI";"Condutor desrespeitou a iluminação vermelha do semáforo";"Colisão transversal";"Com Vítimas Feridas";"Plena Noite";"Crescente";"Céu Claro";"Simples";"Reta";"Sim";2;0;1;0;1;0;1;2;-23,547966;-51,671265;"SPRF-PR";"DEL03-PR";"UOP03-DEL03-PR"
462144;2022-07-16;"sábado";"11:30:00";"PB";230;460;"SOUSA";"Animais na Pista";"Atropelamento de Animal";"Com Vítimas Feridas";"Plena Noite";"Decrescente";"Céu Claro";"Simples";"Reta";"Não";1;0;0;1;0;0;1;1;-6,7752;-38,1982;"SPRF-PB";"DEL03-PB";"UOP03-DEL03-PB"
462145;2022-07-17;"domingo";"06:30:00";"SC";101;199;"BIGUACU";"Ingestão de álcool pelo condutor";"Colisão com objeto";"Com Vítimas Feridas";"Pleno dia";"Crescente";"Céu Claro";"Dupla";"Reta";"Sim";2;0;1;0;1;0;1;2;-27,53413705;-48,63003205;"SPRF-SC";"DEL01-SC";"UOP01-DEL01-SC"
462146;2022-07-17;"domingo";"05:00:00";"MS";163;66;"ITAQUIRAI";"Ingestão de álcool pelo condutor";"Colisão traseira";"Com Vítimas Feridas";"Plena Noite";"Crescente";"Céu Claro";"Simples";"Reta";"Não";3;0;0;1;2;0;1;2;-23,58109203;-54,19857597;"SPRF-MS";"DEL09-MS";"UOP02-DEL09-MS"
462147;2022-07-17;"domingo";"05:50:00";"RN";101;104,1;"PARNAMIRIM";"Acumulo de água sobre o pavimento";"Colisão traseira";"Com Vítimas Feridas";"Pleno dia";"Decrescente";"Chuva";"Múltipla";"Reta";"Sim";2;0;1;0;1;0;1;2;-5,892745;-35,257225;"SPRF-RN";"DEL01-RN";"UOP01-DEL01-RN"
462148;2022-07-17;"domingo";"06:00:00";"SC";101;203;"SAO JOSE";"Condutor Dormindo";"Tombamento";"Com Vítimas Feridas";"Amanhecer";"Crescente";"Céu Claro";"Dupla";"Reta;Declive";"Sim";1;0;1;0;0;0;1;1;-27,56348647;-48,6154449;"SPRF-SC";"DEL01-SC";"UOP01-DEL01-SC"
462149;2022-07-17;"domingo";"04:30:00";"PA";316;65;"CASTANHAL";"Reação tardia ou ineficiente do condutor";"Colisão lateral mesmo sentido";"Com Vítimas Feridas";"Amanhecer";"Crescente";"Chuva";"Dupla";"Reta";"Sim";6;0;4;0;2;0;4;4;-1,29580361;-47,91084002;"SPRF-PA";"DEL01-PA";"UOP01-DEL01-PA"
462150;2022-07-16;"sábado";"22:57:00";"RO";364;245,4;"CACOAL";"Velocidade Incompatível";"Colisão traseira";"Com Vítimas Fatais";"Plena Noite";"Crescente";"Céu Claro";"Simples";"Reta;Interseção de Vias";"Não";2;1;1;0;0;0;1;2;-11,439733;-61,515045;"SPRF-RO";"DEL02-RO";"UOP02-DEL02-RO"
462151;2022-07-16;"sábado";"18:00:00";"SC";470;179,3;"POUSO REDONDO";"Acessar a via sem observar a presença dos outros veículos";"Colisão transversal";"Com Vítimas Fatais";"Plena Noite";"Decrescente";"Céu Claro";"Simples";"Reta";"Não";6;1;3;1;0;1;4;2;-27,24834121;-49,98201549;"SPRF-SC";"DEL04-SC";"UOP02-DEL04-SC"
462152;2022-07-17;"domingo";"04:40:00";"SP";116;59,5;"GUARATINGUETA";"Condutor Dormindo";"Colisão com objeto";"Com Vítimas Feridas";"Plena Noite";"Crescente";"Céu Claro";"Dupla";"Reta";"Não";1;0;0;1;0;0;1;1;-22,78555649;-45,15339465;"SPRF-SP";"DEL08-SP";"UOP01-DEL08-SP"
462153;2022-07-17;"domingo";"07:00:00";"SC";101;117,8;"ITAJAI";"Condutor deixou de manter distância do veículo da frente";"Colisão traseira";"Com Vítimas Feridas";"Amanhecer";"Crescente";"Céu Claro";"Múltipla";"Reta";"Sim";2;0;1;0;1;0;1;2;-26,89932427;-48,7125206;"SPRF-SC";"DEL04-SC";"UOP04-DEL04-SC"
462154;2022-07-17;"domingo";"04:40:00";"PR";277;677,4;"MEDIANEIRA";"Condutor Dormindo";"Colisão traseira";"Sem Vítimas";"Plena Noite";"Crescente";"Nevoeiro/Neblina";"Dupla";"Reta";"Não";2;0;0;0;2;0;0;2;-25,30758578;-54,14057014;"SPRF-PR";"DEL05-PR";"UOP01-DEL05-PR"
462155;2022-07-17;"domingo";"05:00:00";"PE";232;414;"SERRA TALHADA";"Animais na Pista";"Atropelamento de Animal";"Com Vítimas Feridas";"Amanhecer";"Crescente";"Céu Claro";"Simples";"Reta";"Sim";1;0;0;1;0;0;1;1;-7,98749;-38,327828;"SPRF-PE";"DEL04-PE";"UOP01-DEL04-PE"
462156;2022-07-17;"domingo";"06:00:00";"SC";282;492;"XANXERE";"Ausência de reação do condutor";"Saída de leito carroçável";"Sem Vítimas";"Plena Noite";"Decrescente";"Nublado";"Simples";"Reta";"Não";1;0;0;0;1;0;0;1;-26,871534;-52,300915;"SPRF-SC";"DEL07-SC";"UOP01-DEL07-SC"
462157;2022-07-17;"domingo";"07:20:00";"SE";235;49,7;"ITABAIANA";"Velocidade Incompatível";"Queda de ocupante de veículo";"Com Vítimas Feridas";"Pleno dia";"Decrescente";"Chuva";"Simples";"Reta";"Não";1;0;1;0;0;0;1;1;-10,716222;-37,421669;"SPRF-SE";"DEL01-SE";"UOP02-DEL01-SE"
462158;2022-07-17;"domingo";"07:20:00";"BA";324;613;"SIMOES FILHO";"Condutor Dormindo";"Queda de ocupante de veículo";"Com Vítimas Feridas";"Pleno dia";"Crescente";"Céu Claro";"Dupla";"Reta";"Não";1;0;1;0;0;0;1;1;-12,85531601;-38,42055197;"SPRF-BA";"DEL01-BA";"UOP01-DEL01-BA"
462159;2022-07-16;"sábado";"19:30:00";"MG";116;413;"GOVERNADOR VALADARES";"Ausência de reação do condutor";"Colisão traseira";"Com Vítimas Feridas";"Plena Noite";"Crescente";"Céu Claro";"Simples";"Interseção de Vias";"Sim";3;0;1;0;2;0;1;3;-18,873907;-41,966366;"SPRF-MG";"DEL06-MG";"UOP01-DEL06-MG"
462160;2022-07-17;"domingo";"01:00:00";"GO";153;686,3;"ITUMBIARA";"Ingestão de álcool pelo condutor";"Saída de leito carroçável";"Sem Vítimas";"Plena Noite";"Decrescente";"Céu Claro";"Múltipla";"Reta";"Não";1;0;0;0;1;0;0;1;-18,2744;-49,2442;"SPRF-GO";"DEL03-GO";"UOP02-DEL03-GO"
462161;2022-07-17;"domingo";"06:40:00";"SP";116;55,8;"LORENA";"Objeto estático sobre o leito carroçável";"Saída de leito carroçável";"Com Vítimas Feridas";"Amanhecer";"Crescente";"Nublado";"Dupla";"Reta";"Não";1;0;1;0;0;0;1;1;-22,76797249;-45,12898792;"SPRF-SP";"DEL08-SP";"UOP02-DEL08-SP"
462162;2022-07-17;"domingo";"07:08:00";"RS";392;118;"CANGUCU";"Velocidade Incompatível";"Colisão com objeto";"Com Vítimas Feridas";"Pleno dia";"Decrescente";"Nublado";"Simples";"Rotatória";"Sim";2;0;1;0;1;0;1;1;-31,407131;-52,68174198;"SPRF-RS";"DEL07-RS";"UOP01-DEL07-RS"
462163;2022-07-17;"domingo";"08:34:00";"PE";101;70;"RECIFE";"Pedestre cruzava a pista fora da faixa";"Atropelamento de Pedestre";"Com Vítimas Fatais";"Plena Noite";"Crescente";"Ignorado";"Dupla";"Reta";"Sim";2;1;0;0;0;1;0;2;-8,06776119;-34,94265074;"SPRF-PE";"DEL01-PE";"UOP01-DEL01-PE"
462165;2022-07-17;"domingo";"04:30:00";"RO";364;648;"CANDEIAS DO JAMARI";"Animais na Pista";"Atropelamento de Animal";"Com Vítimas Feridas";"Plena Noite";"Crescente";"Nevoeiro/Neblina";"Simples";"Aclive";"Não";2;0;1;0;1;0;1;1;-8,939251;-63,43127203;"SPRF-RO";"DEL01-RO";"UOP04-DEL01-RO"
462166;2022-07-17;"domingo";"03:00:00";"MT";70;739;"CACERES";"Reação tardia ou ineficiente do condutor";"Saída de leito carroçável";"Com Vítimas Feridas";"Plena Noite";"Decrescente";"Céu Claro";"Simples";"Curva";"Não";1;0;1;0;0;0;1;1;-16,00316321;-57,74672988;"SPRF-MT";"DEL03-MT";"UOP01-DEL03-MT"
462167;2022-07-17;"domingo";"08:50:00";"SP";116;227;"GUARULHOS";"Reação tardia ou ineficiente do condutor";"Colisão traseira";"Com Vítimas Feridas";"Pleno dia";"Decrescente";"Céu Claro";"Múltipla";"Reta";"Sim";2;0;1;0;1;0;1;2;-23,49659264;-46,55648754;"SPRF-SP";"DEL01-SP";"UOP01-DEL01-SP"
462168;2022-07-17;"domingo";"08:30:00";"PR";116;65;"CAMPINA GRANDE DO SUL";"Chuva";"Saída de leito carroçável";"Com Vítimas Feridas";"Pleno dia";"Crescente";"Chuva";"Dupla";"Curva";"Não";5;0;2;0;3;0;2;1;-25,31031746;-49,00207969;"SPRF-PR";"DEL01-PR";"UOP02-DEL01-PR"
462169;2022-07-17;"domingo";"08:00:00";"RJ";101;329;"RIO DE JANEIRO";"Demais falhas mecânicas ou elétricas";"Colisão com objeto";"Sem Vítimas";"Pleno dia";"Crescente";"Sol";"Dupla";"Reta";"Não";2;0;0;0;2;0;0;2;-22,86939305;-43,175642;"SPRF-RJ";"DEL02-RJ";"UOP01-DEL02-RJ"
462171;2022-07-17;"domingo";"05:15:00";"RO";364;408,9;"JARU";"Velocidade Incompatível";"Saída de leito carroçável";"Com Vítimas Feridas";"Amanhecer";"Crescente";"Nublado";"Simples";"Declive";"Não";3;0;1;0;2;0;1;1;-10,54748897;-62,38804996;"SPRF-RO";"DEL03-RO";"UOP02-DEL03-RO"
462172;2022-07-10;"domingo";"00:28:00";"RJ";493;3;"ITABORAI";"Conversão proibida";"Colisão transversal";"Com Vítimas Feridas";"Plena Noite";"Crescente";"Céu Claro";"Simples";"Reta";"Sim";2;0;1;0;1;0;1;2;-22,7525329;-42,94160092;"SPRF-RJ";"DEL02-RJ";"UOP02-DEL02-RJ"
462173;2022-07-17;"domingo";"09:10:00";"PI";343;587;"FLORIANO";"Manobra de mudança de faixa";"Colisão lateral mesmo sentido";"Com Vítimas Feridas";"Pleno dia";"Crescente";"Céu Claro";"Dupla";"Reta";"Sim";3;0;1;0;1;1;1;3;-6,785625;-42,995167;"SPRF-PI";"DEL03-PI";"UOP01-DEL03-PI"
462174;2022-07-17;"domingo";"10:20:00";"GO";153;538;"HIDROLANDIA";"Demais falhas mecânicas ou elétricas";"Colisão com objeto";"Com Vítimas Feridas";"Pleno dia";"Decrescente";"Céu Claro";"Dupla";"Reta";"Não";4;0;0;1;3;0;1;1;-17,0365;-49,2243;"SPRF-GO";"DEL01-GO";"UOP03-DEL01-GO"
462175;2022-07-17;"domingo";"09:00:00";"MT";163;838;"SINOP";"Ausência de reação do condutor";"Eventos atípicos";"Com Vítimas Feridas";"Pleno dia";"Decrescente";"Céu Claro";"Simples";"Interseção de Vias";"Sim";2;0;1;0;1;0;1;2;-11,960007;-55,516914;"SPRF-MT";"DEL06-MT";"NPF/DEL06-MT"
462177;2022-07-17;"domingo";"05:00:00";"RJ";40;121;"DUQUE DE CAXIAS";"Ingestão de álcool pelo condutor";"Colisão com objeto";"Com Vítimas Feridas";"Pleno dia";"Crescente";"Céu Claro";"Múltipla";"Reta";"Não";3;0;0;1;2;0;1;3;-22,78255196;-43,28570366;"SPRF-RJ";"DEL01-RJ";"UOP01-DEL01-RJ"
462178;2022-07-17;"domingo";"09:50:00";"SE";101;84;"LARANJEIRAS";"Manobra de mudança de faixa";"Colisão traseira";"Sem Vítimas";"Pleno dia";"Decrescente";"Céu Claro";"Dupla";"Ponte";"Não";12;0;0;0;12;0;0;3;-10,835002;-37,13775504;"SPRF-SE";"DEL01-SE";"UOP01-DEL01-SE"
462179;2022-07-17;"domingo";"09:00:00";"MG";262;47,2;"MANHUACU";"Demais falhas na via";"Queda de ocupante de veículo";"Com Vítimas Feridas";"Pleno dia";"Crescente";"Céu Claro";"Simples";"Curva";"Não";1;0;1;0;0;0;1;1;-20,256748;-42,113142;"SPRF-MG";"DEL06-MG";"UOP03-DEL06-MG"
462180;2022-07-17;"domingo";"11:00:00";"RS";290;353,8;"SAO SEPE";"Ingestão de álcool pelo condutor";"Colisão traseira";"Com Vítimas Feridas";"Pleno dia";"Crescente";"Nublado";"Simples";"Em Obras;Reta";"Não";7;0;2;0;5;0;2;3;-30,374231;-53,702789;"SPRF-RS";"DEL09-RS";"UOP02-DEL09-RS"
462182;2022-07-17;"domingo";"11:00:00";"RJ";116;270,1;"BARRA MANSA";"Demais falhas mecânicas ou elétricas";"Colisão frontal";"Com Vítimas Feridas";"Pleno dia";"Crescente";"Sol";"Simples";"Viaduto";"Sim";3;0;1;1;1;0;2;2;-22,56923335;-44,12024318;"SPRF-RJ";"DEL07-RJ";"UOP02-DEL07-RJ"
462183;2022-07-16;"sábado";"21:30:00";"PR";280;291,8;"FLOR DA SERRA DO SUL";"Ingestão de álcool pelo condutor";"Colisão frontal";"Sem Vítimas";"Plena Noite";"Decrescente";"Ignorado";"Simples";"Reta";"Não";2;0;0;0;0;2;0;2;-26,25292499;-53,31702399;"SPRF-PR";"DEL02-PR";"UOP01-DEL02-PR"
462184;2022-07-17;"domingo";"11:00:00";"MG";381;158;"GOVERNADOR VALADARES";"Acessar a via sem observar a presença dos outros veículos";"Colisão transversal";"Sem Vítimas";"Pleno dia";"Crescente";"Céu Claro";"Simples";"Reta";"Não";2;0;0;0;1;1;0;2;-18,91795246;-42,01337465;"SPRF-MG";"DEL06-MG";"UOP01-DEL06-MG"
462185;2022-07-17;"domingo";"10:40:00";"MG";262;790;"UBERABA";"Demais falhas mecânicas ou elétricas";"Saída de leito carroçável";"Sem Vítimas";"Pleno dia";"Decrescente";"Céu Claro";"Simples";"Aclive;Reta";"Não";1;0;0;0;1;0;0;1;-19,76179377;-47,84979004;"SPRF-MG";"DEL13-MG";"UOP01-DEL13-MG"
462186;2022-07-17;"domingo";"05:50:00";"MG";262;445;"NOVA SERRANA";"Velocidade Incompatível";"Colisão com objeto";"Com Vítimas Feridas";"Pleno dia";"Crescente";"Céu Claro";"Múltipla";"Reta";"Sim";3;0;3;0;0;0;3;1;-19,87799664;-44,94086286;"SPRF-MG";"DEL08-MG";"UOP03-DEL08-MG"
462191;2022-07-17;"domingo";"10:30:00";"PR";277;4,2;"PARANAGUA";"Pista Escorregadia";"Colisão com objeto";"Com Vítimas Feridas";"Pleno dia";"Decrescente";"Chuva";"Simples";"Reta;Aclive;Viaduto";"Sim";1;0;1;0;0;0;1;1;-25,55050118;-48,56141205;"SPRF-PR";"DEL01-PR";"UOP05-DEL01-PR"
462192;2022-07-17;"domingo";"12:20:00";"MG";381;486,5;"BETIM";"Reação tardia ou ineficiente do condutor";"Colisão com objeto";"Com Vítimas Feridas";"Pleno dia";"Crescente";"Sol";"Múltipla";"Reta";"Sim";1;0;1;0;0;0;1;1;-19,95656893;-44,10907745;"SPRF-MG";"DEL01-MG";"UOP03-DEL01-MG"
462193;2022-07-17;"domingo";"12:30:00";"ES";262;41,7;"DOMINGOS MARTINS";"Velocidade Incompatível";"Colisão com objeto";"Sem Vítimas";"Pleno dia";"Decrescente";"Sol";"Simples";"Declive;Curva";"Não";2;0;0;0;2;0;0;1;-20,38521335;-40,64485887;"SPRF-ES";"DEL01-ES";"UOP01-DEL01-ES"
462194;2022-07-17;"domingo";"12:15:00";"GO";364;204;"JATAI";"Reação tardia ou ineficiente do condutor";"Saída de leito carroçável";"Com Vítimas Feridas";"Pleno dia";"Decrescente";"Céu Claro";"Simples";"Curva";"Não";3;0;3;0;0;0;3;1;-17,907591;-51,791985;"SPRF-GO";"DEL05-GO";"UOP01-DEL05-GO"
462196;2022-07-17;"domingo";"12:15:00";"ES";262;56,6;"MARECHAL FLORIANO";"Acessar a via sem observar a presença dos outros veículos";"Colisão transversal";"Com Vítimas Feridas";"Pleno dia";"Decrescente";"Céu Claro";"Simples";"Declive;Curva;Interseção de Vias";"Sim";5;0;4;0;1;0;4;2;-20,41296648;-40,75904131;"SPRF-ES";"DEL01-ES";"UOP01-DEL01-ES"
462197;2022-07-17;"domingo";"06:00:00";"PR";277;678;"MEDIANEIRA";"Ausência de reação do condutor";"Saída de leito carroçável";"Sem Vítimas";"Amanhecer";"Decrescente";"Céu Claro";"Dupla";"Retorno Regulamentado";"Não";1;0;0;0;0;1;0;1;-25,31261205;-54,14871997;"SPRF-PR";"DEL05-PR";"UOP01-DEL05-PR"
462198;2022-07-17;"domingo";"09:30:00";"MT";0;0;"SINOP";"Acessar a via sem observar a presença dos outros veículos";"Colisão transversal";"Sem Vítimas";"Pleno dia";"Não Informado";"Céu Claro";"Dupla";"Rotatória";"Sim";6;0;0;0;4;2;0;3;-11,855148;-55,497232;"SPRF-MT";"DEL06-MT";"UOP01-DEL06-MT"
462199;2022-07-17;"domingo";"12:22:00";"PR";376;215;"JANDAIA DO SUL";"Ausência de reação do condutor";"Saída de leito carroçável";"Com Vítimas Feridas";"Pleno dia";"Crescente";"Céu Claro";"Dupla";"Curva";"Não";1;0;0;1;0;0;1;1;-23,59537856;-51,64222304;"SPRF-PR";"DEL09-PR";"UOP01-DEL09-PR"
462200;2022-07-17;"domingo";"11:15:00";"SC";101;419;"ARARANGUA";"Ultrapassagem Indevida";"Colisão lateral mesmo sentido";"Com Vítimas Feridas";"Pleno dia";"Decrescente";"Céu Claro";"Simples";"Reta";"Sim";3;0;0;1;1;1;1;3;-28,98621956;-49,54334021;"SPRF-SC";"DEL02-SC";"UOP02-DEL02-SC"
462201;2022-07-17;"domingo";"13:00:00";"MG";459;105,8;"POUSO ALEGRE";"Ingestão de álcool pelo condutor";"Colisão lateral mesmo sentido";"Com Vítimas Feridas";"Pleno dia";"Decrescente";"Sol";"Dupla";"Interseção de Vias";"Sim";2;0;1;0;1;0;1;2;-22,2786871;-45,89472262;"SPRF-MG";"DEL16-MG";"UOP01-DEL16-MG"
462202;2022-07-17;"domingo";"11:50:00";"MG";381;179;"GOVERNADOR VALADARES";"Velocidade Incompatível";"Colisão frontal";"Com Vítimas Feridas";"Pleno dia";"Crescente";"Céu Claro";"Simples";"Reta";"Não";51;0;4;0;47;0;4;2;-19,03245401;-42,14869187;"SPRF-MG";"DEL06-MG";"UOP01-DEL06-MG"
462203;2022-07-17;"domingo";"12:25:00";"RS";290;236,7;"RIO PARDO";"Demais falhas mecânicas ou elétricas";"Incêndio";"Sem Vítimas";"Pleno dia";"Decrescente";"Céu Claro";"Simples";"Reta";"Não";1;0;0;0;1;0;0;1;-30,217392;-52,581612;"SPRF-RS";"DEL02-RS";"UOP03-DEL02-RS"
462204;2022-07-17;"domingo";"12:40:00";"RJ";116;167;"SAO JOAO DE MERITI";"Reação tardia ou ineficiente do condutor";"Colisão traseira";"Sem Vítimas";"Pleno dia";"Decrescente";"Céu Claro";"Múltipla";"Reta";"Não";2;0;0;0;2;0;0;2;-22,81803977;-43,30787252;"SPRF-RJ";"DEL01-RJ";"UOP02-DEL01-RJ"
462205;2022-07-17;"domingo";"12:50:00";"MG";381;485,8;"BETIM";"Manobra de mudança de faixa";"Colisão lateral mesmo sentido";"Com Vítimas Feridas";"Pleno dia";"Crescente";"Céu Claro";"Múltipla";"Reta";"Sim";3;0;0;1;1;1;1;3;-19,95606;-44,1041;"SPRF-MG";"DEL01-MG";"UOP03-DEL01-MG"
462206;2022-07-17;"domingo";"09:16:00";"SC";280;91;"CORUPA";"Reação tardia ou ineficiente do condutor";"Saída de leito carroçável";"Com Vítimas Feridas";"Amanhecer";"Decrescente";"Nublado";"Simples";"Declive";"Não";3;0;1;0;2;0;1;1;-26,40198057;-49,29053774;"SPRF-SC";"DEL06-SC";"UOP03-DEL06-SC"
462207;2022-07-17;"domingo";"10:50:00";"PR";116;204,9;"RIO NEGRO";"Acumulo de areia ou detritos sobre o pavimento";"Tombamento";"Com Vítimas Feridas";"Pleno dia";"Decrescente";"Nublado";"Simples";"Interseção de Vias";"Não";1;0;1;0;0;0;1;1;-26,05507811;-49,71685798;"SPRF-SC";"DEL06-SC";"UOP01-DEL06-SC"
462208;2022-07-17;"domingo";"13:00:00";"PB";230;133;"CAMPINA GRANDE";"Pista Escorregadia";"Saída de leito carroçável";"Com Vítimas Feridas";"Pleno dia";"Crescente";"Garoa/Chuvisco";"Dupla";"Curva";"Não";2;0;2;0;0;0;2;1;-7,2767;-35,7464;"SPRF-PB";"DEL02-PB";"UOP01-DEL02-PB"
462210;2022-05-15;"domingo";"15:43:00";"GO";50;233,1;"CAMPO ALEGRE DE GOIAS";"Ausência de reação do condutor";"Saída de leito carroçável";"Sem Vítimas";"Pleno dia";"Decrescente";"Nublado";"Dupla";"Viaduto";"Não";1;0;0;0;0;1;0;1;-17,8272;-47,7732;"SPRF-GO";"DEL06-GO";"UOP01-DEL06-GO"
462211;2022-07-17;"domingo";"12:25:00";"CE";222;2;"FORTALEZA";"Condutor deixou de manter distância do veículo da frente";"Colisão traseira";"Com Vítimas Feridas";"Pleno dia";"Decrescente";"Nublado";"Múltipla";"Reta";"Sim";6;0;5;0;1;0;5;2;-3,73911117;-38,58687498;"SPRF-CE";"DEL01-CE";"UOP01-DEL01-CE"
462212;2022-07-17;"domingo";"13:40:00";"MG";40;451;"CAETANOPOLIS";"Ausência de reação do condutor";"Saída de leito carroçável";"Com Vítimas Feridas";"Pleno dia";"Decrescente";"Céu Claro";"Dupla";"Reta";"Não";4;0;4;0;0;0;4;1;-19,32547602;-44,36467416;"SPRF-MG";"DEL02-MG";"UOP01-DEL02-MG"
462213;2022-07-01;"sexta-feira";"23:10:00";"BA";101;718;"EUNAPOLIS";"Transitar na contramão";"Colisão frontal";"Com Vítimas Feridas";"Plena Noite";"Crescente";"Céu Claro";"Simples";"Reta";"Sim";6;0;5;1;0;0;6;2;-16,379317;-39,582902;"SPRF-BA";"DEL09-BA";"UOP01-DEL09-BA"
462214;2022-07-17;"domingo";"12:40:00";"MG";262;357;"BETIM";"Condutor deixou de manter distância do veículo da frente";"Colisão traseira";"Com Vítimas Feridas";"Pleno dia";"Decrescente";"Sol";"Dupla";"Reta";"Não";4;0;1;0;3;0;1;2;-19,97470835;-44,18804897;"SPRF-MG";"DEL01-MG";"UOP03-DEL01-MG"
462216;2022-07-17;"domingo";"13:30:00";"MG";381;883,1;"ESTIVA";"Reação tardia ou ineficiente do condutor";"Colisão traseira";"Com Vítimas Feridas";"Pleno dia";"Crescente";"Céu Claro";"Dupla";"Reta";"Não";6;0;2;0;4;0;2;2;-22,48333042;-46,01093034;"SPRF-MG";"DEL16-MG";"UOP03-DEL16-MG"
462217;2022-07-17;"domingo";"07:10:00";"SP";116;127,6;"CACAPAVA";"Ingestão de substâncias psicoativas pelo condutor";"Colisão com objeto";"Com Vítimas Feridas";"Pleno dia";"Decrescente";"Sol";"Dupla";"Curva";"Sim";1;0;1;0;0;0;1;1;-23,11454664;-45,71105567;"SPRF-SP";"DEL02-SP";"UOP02-DEL02-SP"
462218;2022-07-17;"domingo";"12:00:00";"SP";101;16;"UBATUBA";"Manobra de mudança de faixa";"Colisão transversal";"Com Vítimas Feridas";"Pleno dia";"Crescente";"Céu Claro";"Simples";"Reta";"Não";5;0;0;3;1;1;3;3;-23,32700315;-44,88452224;"SPRF-SP";"DEL06-SP";"UOP01-DEL06-SP"
462221;2022-07-17;"domingo";"12:20:00";"RO";174;20;"VILHENA";"Reação tardia ou ineficiente do condutor";"Saída de leito carroçável";"Com Vítimas Feridas";"Pleno dia";"Crescente";"Céu Claro";"Simples";"Rotatória";"Não";2;0;2;0;0;0;2;1;-12,6830509;-60,1093422;"SPRF-RO";"DEL04-RO";"UOP01-DEL04-RO"
462223;2022-07-17;"domingo";"14:47:00";"SP";116;87;"PINDAMONHANGABA";"Faixas de trânsito com largura insuficiente";"Colisão com objeto";"Com Vítimas Feridas";"Pleno dia";"Crescente";"Céu Claro";"Múltipla";"Reta";"Não";1;0;1;0;0;0;1;1;-22,93065267;-45,36166116;"SPRF-SP";"DEL08-SP";"UOP01-DEL08-SP"
462225;2022-07-17;"domingo";"14:45:00";"PR";116;44,5;"CAMPINA GRANDE DO SUL";"Velocidade Incompatível";"Colisão com objeto";"Com Vítimas Feridas";"Pleno dia";"Crescente";"Chuva";"Dupla";"Declive;Curva";"Não";2;0;1;0;1;0;1;1;-25,19357332;-48,88867736;"SPRF-PR";"DEL01-PR";"UOP02-DEL01-PR"