"id";"data_inversa";"dia_semana";"horario";"uf";"br";"km";"municipio";"causa_acidente";"tipo_acidente";"classificacao_acidente";"fase_dia";"sentido_via";"condicao_metereologica";"tipo_pista";"tracado_via";"uso_solo";"pessoas";"mortos";"feridos_leves";"feridos_graves";"ilesos";"ignorados";"feridos";"veiculos";"latitude";"longitude";"regional";"delegacia";"uop"
462228;2022-07-17;"domingo";"15:30:00";"SC";101;203,1;"SAO JOSE";"Ingestão de álcool pelo condutor";"Colisão lateral mesmo sentido";"Sem Vítimas";"Pleno dia";"Crescente";"Nublado";"Dupla";"Curva";"Sim";2;0;0;0;2;0;0;2;-27,5650044;-48,61460082;"SPRF-SC";"DEL01-SC";"UOP01-DEL01-SC"
462230;2022-07-17;"domingo";"15:30:00";"BA";101;219;"CRUZ DAS ALMAS";"Entrada inopinada do pedestre";"Atropelamento de Pedestre";"Com Vítimas Feridas";"Pleno dia";"Decrescente";"Sol";"Simples";"Reta";"Sim";2;0;0;1;1;0;1;2;-12,6423169;-39,10211742;"SPRF-BA";"DEL01-BA";"UOP02-DEL01-BA"
462231;2022-07-17;"domingo";"15:15:00";"SC";101;253,9;"PAULO LOPES";"Condutor Dormindo";"Saída de leito carroçável";"Com Vítimas Feridas";"Pleno dia";"Crescente";"Nublado";"Múltipla";"Reta";"Sim";2;0;1;0;1;0;1;1;-27,97671014;-48,6794669;"SPRF-SC";"DEL02-SC";"UOP03-DEL02-SC"
462232;2022-07-01;"sexta-feira";"17:55:00";"MG";381;448;"SANTA LUZIA";"Conversão proibida";"Colisão transversal";"Com Vítimas Fatais";"Plena Noite";"Crescente";"Céu Claro";"Simples";"Reta";"Sim";2;1;0;0;1;0;0;2;-19,82228609;-43,81291866;"SPRF-MG";"DEL01-MG";"UOP01-DEL01-MG"
462233;2022-07-17;"domingo";"14:00:00";"RJ";493;13;"GUAPIMIRIM";"Condutor deixou de manter distância do veículo da frente";"Colisão traseira";"Com Vítimas Feridas";"Pleno dia";"Crescente";"Sol";"Simples";"Reta";"Não";3;0;1;0;2;0;1;2;-22,67551484;-42,97451889;"SPRF-RJ";"DEL04-RJ";"UOP02-DEL04-RJ"
462235;2022-07-17;"domingo";"16:50:00";"MG";146;462,9;"BOTELHOS";"Desrespeitar a preferência no cruzamento";"Colisão transversal";"Com Vítimas Feridas";"Pleno dia";"Crescente";"Céu Claro";"Simples";"Interseção de Vias";"Não";6;0;4;2;0;0;6;2;-21,636442;-46,405386;"SPRF-MG";"DEL09-MG";"UOP01-DEL09-MG"
462236;2022-07-17;"domingo";"16:10:00";"PA";163;981;"SANTAREM";"Acessar a via sem observar a presença dos outros veículos";"Colisão transversal";"Com Vítimas Feridas";"Pleno dia";"Decrescente";"Céu Claro";"Simples";"Reta";"Não";2;0;1;0;1;0;1;2;-2,62917092;-54,74150509;"SPRF-PA";"DEL05-PA";"UOP01-DEL05-PA"
462237;2022-07-17;"domingo";"16:55:00";"GO";60;52;"ABADIANIA";"Condutor deixou de manter distância do veículo da frente";"Colisão traseira";"Sem Vítimas";"Pleno dia";"Decrescente";"Céu Claro";"Dupla";"Reta";"Não";2;0;0;0;2;0;0;2;-16,1702;-48,6402;"SPRF-GO";"DEL02-GO";"UOP01-DEL02-GO"
462238;2022-07-17;"domingo";"15:50:00";"RS";158;322;"SANTA MARIA";"Velocidade Incompatível";"Capotamento";"Sem Vítimas";"Pleno dia";"Decrescente";"Céu Claro";"Simples";"Curva";"Não";1;0;0;0;0;1;0;1;-29,69143328;-53,77424459;"SPRF-RS";"DEL09-RS";"UOP01-DEL09-RS"
462239;2022-07-17;"domingo";"16:30:00";"PR";116;38,5;"CAMPINA GRANDE DO SUL";"Velocidade Incompatível";"Colisão com objeto";"Com Vítimas Feridas";"Pleno dia";"Crescente";"Chuva";"Dupla";"Curva";"Não";5;0;1;0;4;0;1;1;-25,14802509;-48,85922071;"SPRF-PR";"DEL01-PR";"UOP02-DEL01-PR"
462240;2022-07-17;"domingo";"17:20:00";"RJ";116;71;"TERESOPOLIS";"Acessar a via sem observar a presença dos outros veículos";"Colisão transversal";"Sem Vítimas";"Pleno dia";"Decrescente";"Céu Claro";"Simples";"Retorno Regulamentado";"Não";2;0;0;0;2;0;0;2;-22,327388;-42,93858185;"SPRF-RJ";"DEL04-RJ";"UOP01-DEL04-RJ"
462241;2022-07-17;"domingo";"16:30:00";"AL";316;268;"SATUBA";"Ingestão de álcool pelo condutor";"Colisão transversal";"Com Vítimas Feridas";"Pleno dia";"Crescente";"Céu Claro";"Simples";"Curva";"Não";3;0;1;2;0;0;3;2;-9,58021969;-35,83876014;"SPRF-AL";"DEL02-AL";"UOP01-DEL02-AL"
462242;2022-07-17;"domingo";"16:45:00";"RJ";493;21;"MAGE";"Acessar a via sem observar a presença dos outros veículos";"Colisão transversal";"Com Vítimas Feridas";"Pleno dia";"Crescente";"Céu Claro";"Dupla";"Reta";"Sim";3;0;1;1;1;0;2;2;-22,66151289;-43,04480692;"SPRF-RJ";"DEL04-RJ";"UOP02-DEL04-RJ"
462243;2022-07-17;"domingo";"16:15:00";"MT";163;851,3;"SINOP";"Acessar a via sem observar a presença dos outros veículos";"Colisão traseira";"Com Vítimas Feridas";"Pleno dia";"Decrescente";"Céu Claro";"Simples";"Reta;Declive";"Sim";2;0;0;1;1;0;1;2;-11,71935;-55,45835;"SPRF-MT";"DEL06-MT";"NPF/DEL06-MT"
462244;2022-07-17;"domingo";"17:10:00";"RN";304;297;"MACAIBA";"Ingestão de álcool pelo condutor";"Colisão lateral mesmo sentido";"Sem Vítimas";"Anoitecer";"Decrescente";"Chuva";"Dupla";"Rotatória";"Não";2;0;0;0;2;0;0;2;-5,86534101;-35,340694;"SPRF-RN";"DEL01-RN";"UOP02-DEL01-RN"
462245;2022-07-17;"domingo";"15:50:00";"RJ";40;108;"DUQUE DE CAXIAS";"Reação tardia ou ineficiente do condutor";"Colisão com objeto";"Com Vítimas Feridas";"Pleno dia";"Decrescente";"Céu Claro";"Dupla";"Curva;Aclive";"Não";2;0;1;0;1;0;1;1;-22,67094686;-43,28411579;"SPRF-RJ";"DEL01-RJ";"UOP01-DEL01-RJ"
462246;2022-07-17;"domingo";"15:40:00";"MG";365;389;"PATOS DE MINAS";"Transitar na contramão";"Colisão frontal";"Com Vítimas Feridas";"Pleno dia";"Decrescente";"Sol";"Simples";"Curva;Interseção de Vias";"Não";3;0;2;0;1;0;2;2;-18,64111139;-46,33508563;"SPRF-MG";"DEL10-MG";"UOP01-DEL10-MG"
462247;2022-07-17;"domingo";"16:51:00";"PB";361;11;"PATOS";"Ultrapassagem Indevida";"Capotamento";"Com Vítimas Feridas";"Pleno dia";"Decrescente";"Céu Claro";"Simples";"Reta";"Não";6;0;1;0;4;1;1;2;-7,040797;-37,348012;"SPRF-PB";"DEL03-PB";"UOP01-DEL03-PB"
462248;2022-07-17;"domingo";"17:20:00";"GO";70;5;"AGUAS LINDAS DE GOIAS";"Ingestão de álcool pelo condutor";"Colisão traseira";"Com Vítimas Feridas";"Pleno dia";"Decrescente";"Céu Claro";"Dupla";"Ponte";"Sim";2;0;1;0;1;0;1;2;-15,75683677;-48,25464732;"SPRF-DF";"DEL03-DF";"UOP02-DEL03-DF"
462249;2022-07-17;"domingo";"16:40:00";"GO";70;41;"COCALZINHO DE GOIAS";"Reação tardia ou ineficiente do condutor";"Colisão traseira";"Com Vítimas Feridas";"Pleno dia";"Decrescente";"Céu Claro";"Simples";"Reta";"Sim";14;0;3;0;11;0;3;3;-15,77388295;-48,54192291;"SPRF-DF";"DEL03-DF";"UOP02-DEL03-DF"
462250;2022-07-17;"domingo";"18:15:00";"MG";381;888;"ESTIVA";"Ingestão de álcool pelo condutor";"Queda de ocupante de veículo";"Com Vítimas Feridas";"Plena Noite";"Crescente";"Céu Claro";"Dupla";"Reta";"Não";2;0;1;0;1;0;1;1;-22,55262102;-46,03939916;"SPRF-MG";"DEL16-MG";"UOP03-DEL16-MG"
462251;2022-07-17;"domingo";"18:10:00";"GO";80;103;"VILA PROPICIO";"Ultrapassagem Indevida";"Colisão transversal";"Com Vítimas Feridas";"Plena Noite";"Crescente";"Céu Claro";"Simples";"Declive";"Não";2;0;1;0;1;0;1;2;-15,208875;-48,697312;"SPRF-GO";"DEL07-GO";"UOP01-DEL07-GO"
462255;2022-07-17;"domingo";"18:00:00";"SP";101;40;"UBATUBA";"Acessar a via sem observar a presença dos outros veículos";"Colisão com objeto";"Com Vítimas Feridas";"Anoitecer";"Decrescente";"Nublado";"Simples";"Reta";"Não";2;0;1;0;0;1;1;2;-23,41495528;-45,03516778;"SPRF-SP";"DEL06-SP";"UOP01-DEL06-SP"
462256;2022-07-17;"domingo";"18:10:00";"SP";116;85;"ROSEIRA";"Condutor deixou de manter distância do veículo da frente";"Colisão traseira";"Com Vítimas Feridas";"Plena Noite";"Crescente";"Céu Claro";"Dupla";"Reta";"Não";3;0;2;0;0;1;2;2;-22,92211829;-45,34450085;"SPRF-SP";"DEL08-SP";"UOP01-DEL08-SP"
462257;2022-07-17;"domingo";"14:40:00";"MG";262;120;"RIO CASCA";"Ultrapassagem Indevida";"Colisão lateral mesmo sentido";"Com Vítimas Feridas";"Pleno dia";"Decrescente";"Céu Claro";"Simples";"Reta";"Sim";3;0;1;0;2;0;1;2;-20,21946878;-42,65064354;"SPRF-MG";"DEL03-MG";"UOP03-DEL03-MG"
462258;2022-07-17;"domingo";"15:45:00";"MG";262;143,1;"RIO CASCA";"Acesso irregular";"Colisão transversal";"Com Vítimas Feridas";"Pleno dia";"Crescente";"Sol";"Simples";"Reta";"Não";6;0;3;0;2;1;3;3;-20,04978202;-42,72372003;"SPRF-MG";"DEL03-MG";"UOP03-DEL03-MG"
462259;2022-07-17;"domingo";"18:40:00";"MG";381;357;"JOAO MONLEVADE";"Pedestre cruzava a pista fora da faixa";"Atropelamento de Pedestre";"Com Vítimas Feridas";"Plena Noite";"Crescente";"Céu Claro";"Simples";"Reta";"Sim";2;0;1;0;1;0;1;2;-19,85175308;-43,213709;"SPRF-MG";"DEL03-MG";"UOP01-DEL03-MG"
462260;2022-07-17;"domingo";"18:55:00";"PR";277;117,5;"CAMPO LARGO";"Condutor deixou de manter distância do veículo da frente";"Colisão traseira";"Sem Vítimas";"Plena Noite";"Decrescente";"Céu Claro";"Dupla";"Reta";"Não";3;0;0;0;3;0;0;2;-25,434195;-49,415613;"SPRF-PR";"DEL03-PR";"UOP03-DEL03-PR"
462261;2022-07-17;"domingo";"18:20:00";"SE";101;152;"ESTANCIA";"Ingestão de álcool pelo condutor";"Colisão traseira";"Com Vítimas Feridas";"Plena Noite";"Crescente";"Céu Claro";"Simples";"Curva";"Sim";1;0;1;0;0;0;1;1;-11,270024;-37,444016;"SPRF-SE";"DEL02-SE";"UOP01-DEL02-SE"
462262;2022-07-17;"domingo";"16:40:00";"RS";116;200;"PICADA CAFE";"Reação tardia ou ineficiente do condutor";"Saída de leito carroçável";"Com Vítimas Feridas";"Pleno dia";"Crescente";"Nublado";"Simples";"Curva";"Não";1;0;1;0;0;0;1;1;-29,48890588;-51,13828706;"SPRF-RS";"DEL05-RS";"UOP02-DEL05-RS"
462263;2022-07-17;"domingo";"18:15:00";"SP";116;446;"REGISTRO";"Avarias e/ou desgaste excessivo no pneu";"Queda de ocupante de veículo";"Com Vítimas Feridas";"Plena Noite";"Decrescente";"Nublado";"Dupla";"Ponte";"Sim";1;0;1;0;0;0;1;1;-24,5094374;-47,84804463;"SPRF-SP";"DEL05-SP";"UOP01-DEL05-SP"
462264;2022-07-17;"domingo";"18:40:00";"SP";116;105;"TAUBATE";"Velocidade Incompatível";"Tombamento";"Com Vítimas Feridas";"Plena Noite";"Crescente";"Nublado";"Dupla";"Reta";"Não";2;0;2;0;0;0;2;1;-23,00757973;-45,51466613;"SPRF-SP";"DEL08-SP";"UOP01-DEL08-SP"
462265;2022-07-17;"domingo";"18:36:00";"PR";376;217;"JANDAIA DO SUL";"Ingestão de álcool pelo condutor";"Colisão traseira";"Com Vítimas Feridas";"Plena Noite";"Crescente";"Céu Claro";"Simples";"Reta";"Sim";2;0;1;0;1;0;1;2;-23,5978436;-51,62416462;"SPRF-PR";"DEL09-PR";"UOP01-DEL09-PR"
462267;2022-07-17;"domingo";"18:45:00";"MG";364;14;"FRUTAL";"Ingestão de álcool pelo condutor";"Saída de leito carroçável";"Sem Vítimas";"Plena Noite";"Decrescente";"Céu Claro";"Simples";"Reta";"Não";1;0;0;0;0;1;0;1;-20,025185;-48,94096;"SPRF-MG";"DEL13-MG";"UOP02-DEL13-MG"
462268;2022-07-17;"domingo";"19:20:00";"ES";101;129,3;"SOORETAMA";"Ultrapassagem Indevida";"Colisão lateral sentido oposto";"Com Vítimas Feridas";"Plena Noite";"Crescente";"Céu Claro";"Simples";"Declive";"Não";9;0;2;1;6;0;3;3;-19,22093104;-40,0936152;"SPRF-ES";"DEL04-ES";"UOP01-DEL04-ES"
462269;2022-07-17;"domingo";"19:09:00";"RS";116;252;"SAPUCAIA DO SUL";"Manobra de mudança de faixa";"Saída de leito carroçável";"Sem Vítimas";"Plena Noite";"Crescente";"Céu Claro";"Múltipla";"Reta";"Sim";1;0;0;0;0;1;0;1;-29,80913395;-51,1675292;"SPRF-RS";"DEL01-RS";"UOP02-DEL01-RS"
462271;2022-07-17;"domingo";"18:38:00";"SP";101;47;"UBATUBA";"Desrespeitar a preferência no cruzamento";"Colisão transversal";"Com Vítimas Feridas";"Plena Noite";"Crescente";"Nublado";"Simples";"Rotatória";"Sim";3;0;1;0;2;0;1;2;-23,429897;-45,082436;"SPRF-SP";"DEL06-SP";"UOP01-DEL06-SP"
462273;2022-07-17;"domingo";"19:10:00";"PR";116;173,2;"QUITANDINHA";"Pedestre andava na pista";"Atropelamento de Pedestre";"Com Vítimas Fatais";"Plena Noite";"Decrescente";"Céu Claro";"Simples";"Reta";"Não";3;1;2;0;0;0;2;2;-25,894636;-49,545714;"SPRF-PR";"DEL01-PR";"UOP03-DEL01-PR"
462274;2022-07-17;"domingo";"19:20:00";"GO";40;7;"VALPARAISO DE GOIAS";"Manobra de mudança de faixa";"Colisão lateral mesmo sentido";"Com Vítimas Feridas";"Plena Noite";"Crescente";"Céu Claro";"Dupla";"Interseção de Vias";"Sim";2;0;1;0;1;0;1;2;-16,110102;-47,971153;"SPRF-DF";"DEL01-DF";"UOP01-DEL01-DF"
462275;2022-07-17;"domingo";"19:45:00";"SP";116;199;"ARUJA";"Entrada inopinada do pedestre";"Atropelamento de Pedestre";"Com Vítimas Feridas";"Plena Noite";"Decrescente";"Vento";"Dupla";"Reta";"Não";3;0;1;0;0;2;1;2;-23,40185327;-46,31154312;"SPRF-SP";"DEL01-SP";"UOP01-DEL01-SP"
462276;2022-07-17;"domingo";"19:40:00";"RS";293;2,5;"PELOTAS";"Desrespeitar a preferência no cruzamento";"Colisão transversal";"Sem Vítimas";"Plena Noite";"Decrescente";"Nublado";"Simples";"Rotatória";"Sim";2;0;0;0;1;1;0;2;-31,750426;-52,35999499;"SPRF-RS";"DEL07-RS";"UOP01-DEL07-RS"
462280;2022-07-17;"domingo";"20:02:00";"SC";470;63,5;"INDAIAL";"Condutor deixou de manter distância do veículo da frente";"Colisão traseira";"Com Vítimas Feridas";"Plena Noite";"Decrescente";"Nublado";"Simples";"Reta";"Não";4;0;1;0;1;2;1;3;-26,872396;-49,19228;"SPRF-SC";"DEL04-SC";"UOP01-DEL04-SC"
462281;2022-07-17;"domingo";"18:30:00";"RS";470;165;"VILA FLORES";"Transitar na contramão";"Colisão transversal";"Com Vítimas Feridas";"Anoitecer";"Decrescente";"Céu Claro";"Simples";"Curva";"Não";6;0;5;0;0;1;5;2;-28,84169703;-51,57429796;"SPRF-RS";"DEL06-RS";"UOP02-DEL06-RS"
462282;2022-07-17;"domingo";"19:30:00";"BA";110;253;"OLINDINA";"Ultrapassagem Indevida";"Colisão frontal";"Com Vítimas Fatais";"Plena Noite";"Crescente";"Nublado";"Simples";"Reta";"Não";6;4;0;2;0;0;2;3;-11,49653797;-38,29654445;"SPRF-BA";"DEL01-BA";"UOP04-DEL01-BA"
462284;2022-07-17;"domingo";"19:30:00";"MG";381;858;"POUSO ALEGRE";"Reação tardia ou ineficiente do condutor";"Saída de leito carroçável";"Com Vítimas Feridas";"Plena Noite";"Crescente";"Céu Claro";"Dupla";"Reta";"Não";2;0;1;0;1;0;1;1;-22,34205201;-45,92609997;"SPRF-MG";"DEL16-MG";"UOP01-DEL16-MG"
462285;2022-07-17;"domingo";"20:30:00";"PR";277;120;"CAMPO LARGO";"Condutor deixou de manter distância do veículo da frente";"Colisão traseira";"Com Vítimas Feridas";"Plena Noite";"Decrescente";"Céu Claro";"Dupla";"Reta";"Sim";5;0;2;0;3;0;2;2;-25,43991955;-49,55435336;"SPRF-PR";"DEL03-PR";"UOP03-DEL03-PR"
462286;2022-07-17;"domingo";"18:26:00";"MS";262;148;"RIBAS DO RIO PARDO";"Ausência de reação do condutor";"Saída de leito carroçável";"Sem Vítimas";"Anoitecer";"Crescente";"Céu Claro";"Simples";"Reta";"Não";1;0;0;0;1;0;0;1;-20,45405697;-52,91663802;"SPRF-MS";"DEL07-MS";"UOP02-DEL07-MS"
462288;2022-07-17;"domingo";"19:00:00";"SC";101;119;"ITAJAI";"Manobra de mudança de faixa";"Colisão lateral mesmo sentido";"Com Vítimas Feridas";"Plena Noite";"Crescente";"Céu Claro";"Dupla";"Reta";"Sim";4;0;1;0;3;0;1;3;-26,9043179;-48,71555481;"SPRF-SC";"DEL04-SC";"UOP04-DEL04-SC"
462289;2022-07-17;"domingo";"20:30:00";"SP";116;69;"GUARATINGUETA";"Ingestão de álcool pelo condutor";"Colisão lateral mesmo sentido";"Com Vítimas Feridas";"Plena Noite";"Crescente";"Céu Claro";"Dupla";"Curva";"Sim";4;0;1;0;3;0;1;2;-22,81269631;-45,1780086;"SPRF-SP";"DEL08-SP";"UOP01-DEL08-SP"
462290;2022-07-17;"domingo";"15:30:00";"MA";10;328,7;"ACAILANDIA";"Restrição de visibilidade em curvas verticais";"Colisão transversal";"Com Vítimas Feridas";"Pleno dia";"Decrescente";"Sol";"Simples";"Reta;Aclive";"Não";5;0;0;2;3;0;2;2;-4,882012;-47,513603;"SPRF-MA";"DEL04-MA";"UOP03-DEL04-MA"
462291;2022-07-17;"domingo";"18:50:00";"RS";158;566,8;"SANTANA DO LIVRAMENTO";"Conversão proibida";"Colisão traseira";"Com Vítimas Feridas";"Anoitecer";"Crescente";"Nublado";"Simples";"Reta";"Sim";4;0;2;1;1;0;3;2;-30,88567876;-55,50778363;"SPRF-RS";"DEL11-RS";"UOP01-DEL11-RS"
462292;2022-07-17;"domingo";"19:30:00";"SP";116;415,9;"JUQUIA";"Velocidade Incompatível";"Saída de leito carroçável";"Com Vítimas Feridas";"Plena Noite";"Decrescente";"Garoa/Chuvisco";"Dupla";"Reta";"Não";1;0;1;0;0;0;1;1;-24,334489;-47,641203;"SPRF-SP";"DEL05-SP";"UOP01-DEL05-SP"
462293;2022-07-17;"domingo";"21:10:00";"ES";101;159,7;"LINHARES";"Conversão proibida";"Colisão lateral mesmo sentido";"Com Vítimas Feridas";"Plena Noite";"Crescente";"Céu Claro";"Simples";"Interseção de Vias;Rotatória";"Não";2;0;1;0;1;0;1;2;-19,4684012;-40,1102557;"SPRF-ES";"DEL04-ES";"UOP01-DEL04-ES"
462294;2022-07-17;"domingo";"18:10:00";"RO";364;346,8;"JI-PARANA";"Acessar a via sem observar a presença dos outros veículos";"Colisão transversal";"Com Vítimas Feridas";"Anoitecer";"Crescente";"Céu Claro";"Simples";"Reta";"Sim";2;0;1;0;1;0;1;2;-10,861694;-61,974832;"SPRF-RO";"DEL02-RO";"UOP01-DEL02-RO"
462296;2022-07-17;"domingo";"15:50:00";"MA";10;248;"IMPERATRIZ";"Desrespeitar a preferência no cruzamento";"Colisão transversal";"Sem Vítimas";"Pleno dia";"Crescente";"Céu Claro";"Múltipla";"Reta";"Sim";5;0;0;0;4;1;0;2;-5,566143;-47,449028;"SPRF-MA";"DEL04-MA";"UOP01-DEL04-MA"
462298;2022-07-17;"domingo";"21:10:00";"BA";116;823,2;"VITORIA DA CONQUISTA";"Ingestão de álcool e/ou substâncias psicoativas pelo pedestre";"Colisão traseira";"Sem Vítimas";"Plena Noite";"Decrescente";"Céu Claro";"Dupla";"Reta";"Sim";2;0;0;0;2;0;0;2;-14,8555939;-40,849136;"SPRF-BA";"DEL08-BA";"UOP01-DEL08-BA"
462299;2022-07-17;"domingo";"21:22:00";"PE";104;57,1;"CARUARU";"Ausência de reação do condutor";"Colisão traseira";"Com Vítimas Feridas";"Plena Noite";"Crescente";"Garoa/Chuvisco";"Dupla";"Reta";"Sim";2;0;0;1;1;0;1;2;-8,21039658;-35,97175956;"SPRF-PE";"DEL02-PE";"UOP01-DEL02-PE"
462300;2022-07-17;"domingo";"20:20:00";"SC";101;345,1;"TUBARAO";"Reação tardia ou ineficiente do condutor";"Saída de leito carroçável";"Com Vítimas Feridas";"Plena Noite";"Decrescente";"Céu Claro";"Múltipla";"Reta";"Não";3;0;3;0;0;0;3;1;-28,54565997;-49,05345334;"SPRF-SC";"DEL02-SC";"UOP01-DEL02-SC"
462301;2022-07-17;"domingo";"21:00:00";"BA";101;949;"MUCURI";"Reação tardia ou ineficiente do condutor";"Colisão traseira";"Com Vítimas Feridas";"Plena Noite";"Crescente";"Nublado";"Simples";"Reta";"Não";1;0;1;0;0;0;1;1;-18,16840196;-39,91873914;"SPRF-BA";"DEL09-BA";"UOP02-DEL09-BA"
462302;2022-07-17;"domingo";"21:40:00";"GO";50;276;"CATALAO";"Reação tardia ou ineficiente do condutor";"Colisão com objeto";"Com Vítimas Feridas";"Plena Noite";"Decrescente";"Céu Claro";"Simples";"Curva";"Não";2;0;1;0;1;0;1;1;-18,1572;-47,9081;"SPRF-GO";"DEL06-GO";"UOP01-DEL06-GO"
462303;2022-07-17;"domingo";"17:40:00";"PR";277;109,5;"CAMPO LARGO";"Condutor deixou de manter distância do veículo da frente";"Colisão traseira";"Sem Vítimas";"Pleno dia";"Decrescente";"Céu Claro";"Múltipla";"Reta";"Não";3;0;0;0;3;0;0;2;-25,45492411;-49,36103728;"SPRF-PR";"DEL03-PR";"UOP03-DEL03-PR"
462306;2022-07-17;"domingo";"20:10:00";"PE";316;86;"OURICURI";"Ingestão de álcool pelo condutor";"Colisão lateral sentido oposto";"Com Vítimas Feridas";"Plena Noite";"Crescente";"Céu Claro";"Simples";"Reta";"Não";7;0;1;0;5;1;1;2;-7,88952955;-40,0629783;"SPRF-PE";"DEL05-PE";"UOP02-DEL05-PE"
462307;2022-07-17;"domingo";"20:35:00";"SC";280;229,7;"CANOINHAS";"Ingestão de álcool pelo condutor";"Saída de leito carroçável";"Sem Vítimas";"Plena Noite";"Decrescente";"Nublado";"Simples";"Reta";"Não";2;0;0;0;2;0;0;1;-26,18601731;-50,35213894;"SPRF-SC";"DEL06-SC";"UOP04-DEL06-SC"
462308;2022-07-17;"domingo";"21:55:00";"RN";101;99;"NATAL";"Ingestão de álcool pelo condutor";"Colisão transversal";"Com Vítimas Feridas";"Plena Noite";"Crescente";"Céu Claro";"Simples";"Reta";"Sim";5;0;2;0;2;1;2;3;-5,87359183;-35,22063023;"SPRF-RN";"DEL01-RN";"UOP01-DEL01-RN"
462309;2022-07-17;"domingo";"21:00:00";"PR";373;181;"PONTA GROSSA";"Reação tardia ou ineficiente do condutor";"Saída de leito carroçável";"Sem Vítimas";"Plena Noite";"Crescente";"Céu Claro";"Simples";"Reta";"Sim";1;0;0;0;1;0;0;1;-25,04266233;-50,25791089;"SPRF-PR";"DEL03-PR";"UOP01-DEL03-PR"
462310;2022-07-17;"domingo";"20:50:00";"SP";116;65;"GUARATINGUETA";"Desrespeitar a preferência no cruzamento";"Colisão transversal";"Com Vítimas Feridas";"Plena Noite";"Crescente";"Céu Claro";"Simples";"Rotatória";"Sim";3;0;0;2;1;0;2;2;-22,823273;-45,192806;"SPRF-SP";"DEL08-SP";"UOP01-DEL08-SP"
462311;2022-07-17;"domingo";"19:10:00";"MG";40;809,6;"MATIAS BARBOSA";"Condutor deixou de manter distância do veículo da frente";"Colisão lateral mesmo sentido";"Com Vítimas Feridas";"Plena Noite";"Crescente";"Nublado";"Dupla";"Declive;Reta";"Não";6;0;1;0;5;0;1;2;-21,87077676;-43,34388381;"SPRF-MG";"DEL05-MG";"UOP01-DEL05-MG"
462312;2022-07-17;"domingo";"19:45:00";"RJ";493;3;"ITABORAI";"Ingestão de álcool pelo condutor";"Colisão frontal";"Com Vítimas Feridas";"Plena Noite";"Crescente";"Céu Claro";"Simples";"Reta";"Não";4;0;1;0;2;1;1;3;-22,7525329;-42,94160092;"SPRF-RJ";"DEL02-RJ";"UOP02-DEL02-RJ"
462314;2022-07-17;"domingo";"22:00:00";"PR";116;20,2;"ANTONINA";"Velocidade Incompatível";"Saída de leito carroçável";"Com Vítimas Feridas";"Plena Noite";"Crescente";"Chuva";"Dupla";"Curva";"Não";1;0;1;0;0;0;1;1;-25,10133917;-48,73316288;"SPRF-PR";"DEL01-PR";"UOP02-DEL01-PR"
462315;2022-07-17;"domingo";"22:10:00";"MG";40;550;"NOVA LIMA";"Ausência de reação do condutor";"Colisão traseira";"Com Vítimas Feridas";"Plena Noite";"Decrescente";"Céu Claro";"Dupla";"Curva";"Sim";2;0;1;0;1;0;1;2;-20,0477638;-43,96439441;"SPRF-MG";"DEL01-MG";"UOP02-DEL01-MG"
462316;2022-07-17;"domingo";"18:35:00";"MG";40;630,9;"CONSELHEIRO LAFAIETE";"Desrespeitar a preferência no cruzamento";"Colisão lateral mesmo sentido";"Com Vítimas Feridas";"Plena Noite";"Crescente";"Céu Claro";"Simples";"Reta";"Sim";3;0;2;0;1;0;2;2;-20,65824152;-43,80259134;"SPRF-MG";"DEL05-MG";"UOP02-DEL05-MG"
462317;2022-07-17;"domingo";"22:45:00";"SP";116;214;"GUARULHOS";"Reação tardia ou ineficiente do condutor";"Queda de ocupante de veículo";"Com Vítimas Feridas";"Plena Noite";"Crescente";"Nublado";"Múltipla";"Em Obras;Reta;Desvio Temporário";"Sim";1;0;0;1;0;0;1;1;-23,44333014;-46,44531294;"SPRF-SP";"DEL01-SP";"UOP01-DEL01-SP"
462318;2022-07-17;"domingo";"20:45:00";"RJ";101;306;"SAO GONCALO";"Ingestão de álcool pelo condutor";"Colisão lateral mesmo sentido";"Com Vítimas Feridas";"Plena Noite";"Crescente";"Céu Claro";"Dupla";"Reta";"Sim";3;0;0;1;2;0;1;2;-22,78913759;-43,00550909;"SPRF-RJ";"DEL02-RJ";"UOP02-DEL02-RJ"
462319;2022-07-17;"domingo";"21:00:00";"GO";70;6;"AGUAS LINDAS DE GOIAS";"Manobra de mudança de faixa";"Colisão lateral mesmo sentido";"Sem Vítimas";"Plena Noite";"Crescente";"Céu Claro";"Dupla";"Reta";"Sim";2;0;0;0;2;0;0;2;-15,75049381;-48,2612381;"SPRF-DF";"DEL03-DF";"UOP02-DEL03-DF"
462320;2022-07-17;"domingo";"22:06:00";"PE";232;57,8;"POMBOS";"Reação tardia ou ineficiente do condutor";"Queda de ocupante de veículo";"Com Vítimas Feridas";"Plena Noite";"Crescente";"Céu Claro";"Dupla";"Reta";"Sim";1;0;0;1;0;0;1;1;-8,1412132;-35,38181492;"SPRF-PE";"DEL02-PE";"UOP02-DEL02PE"