"id";"data_inversa";"dia_semana";"horario";"uf";"br";"km";"municipio";"causa_acidente";"tipo_acidente";"classificacao_acidente";"fase_dia";"sentido_via";"condicao_metereologica";"tipo_pista";"tracado_via";"uso_solo";"pessoas";"mortos";"feridos_leves";"feridos_graves";"ilesos";"ignorados";"feridos";"veiculos";"latitude";"longitude";"regional";"delegacia";"uop"
462428;2022-07-18;"segunda-feira";"06:00:00";"BA";324;477;"TANQUINHO";"Condutor Dormindo";"Saída de leito carroçável";"Com Vítimas Feridas";"Amanhecer";"Crescente";"Ignorado";"Simples";"Reta";"Não";1;0;1;0;0;0;1;1;-11,98397203;-39,08467603;"SPRF-BA";"DEL02-BA";"UOP01-DEL02-BA"
462429;2022-03-26;"sábado";"04:05:00";"RS";116;96;"PORTO ALEGRE";"Transitar na contramão";"Colisão frontal";"Sem Vítimas";"Plena Noite";"Crescente";"Céu Claro";"Simples";"Aclive;Curva";"Sim";5;0;0;0;5;0;0;2;-29,99826503;-51,20546347;"SPRF-RS";"DEL05-RS";"UOP01-DEL05-RS"
462430;2022-07-18;"segunda-feira";"14:00:00";"PR";277;139,9;"BALSA NOVA";"Reação tardia ou ineficiente do condutor";"Saída de leito carroçável";"Sem Vítimas";"Pleno dia";"Crescente";"Nublado";"Dupla";"Reta";"Não";1;0;0;0;1;0;0;1;-25,469;-49,726;"SPRF-PR";"DEL03-PR";"UOP03-DEL03-PR"
462431;2022-07-18;"segunda-feira";"13:30:00";"PR";369;516;"CASCAVEL";"Condutor deixou de manter distância do veículo da frente";"Colisão traseira";"Sem Vítimas";"Pleno dia";"Crescente";"Chuva";"Simples";"Reta";"Não";8;0;0;0;8;0;0;2;-24,9006;-53,3634;"SPRF-PR";"DEL04-PR";"UOP01-DEL04-PR"
462432;2022-07-18;"segunda-feira";"14:30:00";"SC";101;12;"NAVEGANTES";"Reação tardia ou ineficiente do condutor";"Saída de leito carroçável";"Com Vítimas Feridas";"Pleno dia";"Decrescente";"Nublado";"Simples";"Curva";"Sim";1;0;0;1;0;0;1;1;-26,84499;-48,71505;"SPRF-SC";"DEL03-SC";"UOP01-DEL03-SC"
462433;2022-07-18;"segunda-feira";"14:00:00";"MG";40;464;"SETE LAGOAS";"Reação tardia ou ineficiente do condutor";"Colisão com objeto";"Sem Vítimas";"Pleno dia";"Decrescente";"Céu Claro";"Dupla";"Reta";"Não";1;0;0;0;0;1;0;1;-19,43110896;-44,33657482;"SPRF-MG";"DEL02-MG";"UOP01-DEL02-MG"
462435;2022-07-18;"segunda-feira";"15:04:00";"RN";101;115,6;"SAO JOSE DE MIPIBU";"Pedestre cruzava a pista fora da faixa";"Atropelamento de Pedestre";"Com Vítimas Fatais";"Pleno dia";"Decrescente";"Nublado";"Dupla";"Reta";"Sim";2;1;0;0;1;0;0;2;-5,99096804;-35,26381408;"SPRF-RN";"DEL01-RN";"UOP01-DEL01-RN"
462438;2022-07-18;"segunda-feira";"14:30:00";"PE";101;44;"IGARASSU";"Desrespeitar a preferência no cruzamento";"Colisão transversal";"Com Vítimas Feridas";"Pleno dia";"Decrescente";"Nublado";"Múltipla";"Reta;Retorno Regulamentado;Interseção de Vias";"Sim";2;0;1;0;1;0;1;2;-7,85637001;-34,90842109;"SPRF-PE";"DEL01-PE";"UOP02-DEL01-PE"
462439;2022-07-18;"segunda-feira";"14:50:00";"SC";470;68;"INDAIAL";"Conversão proibida";"Colisão transversal";"Com Vítimas Feridas";"Pleno dia";"Crescente";"Nublado";"Simples";"Desvio Temporário";"Sim";2;0;0;1;1;0;1;2;-26,877615;-49,239231;"SPRF-SC";"DEL04-SC";"UOP01-DEL04-SC"
462440;2022-07-18;"segunda-feira";"15:20:00";"MG";381;348;"JOAO MONLEVADE";"Ausência de reação do condutor";"Saída de leito carroçável";"Com Vítimas Feridas";"Pleno dia";"Crescente";"Céu Claro";"Simples";"Reta";"Não";5;0;2;0;3;0;2;1;-19,85243846;-43,14084419;"SPRF-MG";"DEL03-MG";"UOP01-DEL03-MG"
462446;2022-07-18;"segunda-feira";"16:41:00";"RS";116;513,2;"PELOTAS";"Condutor deixou de manter distância do veículo da frente";"Colisão traseira";"Com Vítimas Feridas";"Pleno dia";"Decrescente";"Sol";"Simples";"Reta";"Sim";3;0;2;0;1;0;2;2;-31,64313197;-52,33497415;"SPRF-RS";"DEL07-RS";"UOP01-DEL07-RS"
462447;2022-07-18;"segunda-feira";"16:30:00";"PR";116;9;"CAMPINA GRANDE DO SUL";"Chuva";"Queda de ocupante de veículo";"Com Vítimas Feridas";"Pleno dia";"Crescente";"Chuva";"Dupla";"Reta";"Não";1;0;0;1;0;0;1;1;-25,3708;-49,1246;"SPRF-PR";"DEL01-PR";"UOP02-DEL01-PR"
462448;2022-07-18;"segunda-feira";"16:20:00";"MS";163;484;"CAMPO GRANDE";"Transitar no acostamento";"Tombamento";"Com Vítimas Feridas";"Pleno dia";"Crescente";"Céu Claro";"Simples";"Reta";"Sim";1;0;1;0;0;0;1;1;-20,45104898;-54,5403266;"SPRF-MS";"DEL01-MS";"UOP02-DEL01-MS"
462450;2022-07-18;"segunda-feira";"17:40:00";"ES";101;127;"SOORETAMA";"Demais falhas na via";"Tombamento";"Com Vítimas Feridas";"Anoitecer";"Decrescente";"Céu Claro";"Dupla";"Reta";"Sim";1;0;1;0;0;0;1;1;-19,202898;-40,095524;"SPRF-ES";"DEL04-ES";"UOP01-DEL04-ES"
462451;2022-07-18;"segunda-feira";"07:20:00";"PI";0;0;"TERESINA";"Transitar na contramão";"Colisão frontal";"Com Vítimas Feridas";"Pleno dia";"Não Informado";"Sol";"Simples";"Reta";"Sim";2;0;2;0;0;0;2;2;-5,08265623;-42,78411096;"SPRF-PI";"N/A";"N/A"
462454;2022-07-18;"segunda-feira";"11:20:00";"RJ";101;321;"NITEROI";"Frear bruscamente";"Colisão traseira";"Com Vítimas Feridas";"Pleno dia";"Crescente";"Céu Claro";"Múltipla";"Reta";"Sim";2;0;1;0;1;0;1;2;-22,86981096;-43,11046465;"SPRF-RJ";"DEL02-RJ";"UOP01-DEL02-RJ"
462456;2022-07-18;"segunda-feira";"18:00:00";"ES";101;141;"LINHARES";"Condutor deixou de manter distância do veículo da frente";"Colisão traseira";"Com Vítimas Feridas";"Anoitecer";"Crescente";"Céu Claro";"Múltipla";"Reta";"Sim";2;0;1;0;1;0;1;2;-19,32655693;-40,07192387;"SPRF-ES";"DEL04-ES";"UOP01-DEL04-ES"
462457;2022-07-18;"segunda-feira";"15:55:00";"PI";135;467;"MONTE ALEGRE DO PIAUI";"Reação tardia ou ineficiente do condutor";"Capotamento";"Com Vítimas Feridas";"Pleno dia";"Decrescente";"Céu Claro";"Simples";"Reta";"Não";2;0;1;0;0;1;1;2;-9,59570223;-45,04342874;"SPRF-PI";"DEL03-PI";"UOP02-DEL03-PI"
462460;2022-07-18;"segunda-feira";"16:50:00";"GO";153;394,5;"PIRENOPOLIS";"Transitar na contramão";"Colisão frontal";"Com Vítimas Feridas";"Pleno dia";"Decrescente";"Céu Claro";"Simples";"Reta;Declive";"Não";6;0;2;4;0;0;6;2;-16,000162;-49,140717;"SPRF-GO";"DEL02-GO";"UOP02-DEL02-GO"
462461;2022-07-18;"segunda-feira";"16:40:00";"RO";364;599;"ITAPUA DO OESTE";"Demais falhas mecânicas ou elétricas";"Queda de ocupante de veículo";"Com Vítimas Feridas";"Pleno dia";"Decrescente";"Céu Claro";"Simples";"Reta";"Não";2;0;1;0;0;1;1;2;-9,23114899;-63,16910695;"SPRF-RO";"DEL01-RO";"UOP04-DEL01-RO"
462462;2022-07-18;"segunda-feira";"19:10:00";"ES";101;266;"SERRA";"Manobra de mudança de faixa";"Colisão transversal";"Com Vítimas Feridas";"Plena Noite";"Decrescente";"Céu Claro";"Múltipla";"Reta";"Sim";3;0;2;0;1;0;2;2;-20,190199;-40,26828891;"SPRF-ES";"DEL02-ES";"UOP01-DEL02-ES"
462463;2022-07-18;"segunda-feira";"18:20:00";"MG";116;628;"ORIZANIA";"Acessar a via sem observar a presença dos outros veículos";"Colisão transversal";"Com Vítimas Feridas";"Plena Noite";"Decrescente";"Céu Claro";"Simples";"Reta";"Não";3;0;2;0;1;0;2;2;-20,56556999;-42,20675484;"SPRF-MG";"DEL07-MG";"UOP03-DEL07-MG"
462464;2022-07-18;"segunda-feira";"18:10:00";"SC";101;100;"BALNEARIO PICARRAS";"Acessar a via sem observar a presença dos outros veículos";"Colisão transversal";"Com Vítimas Feridas";"Plena Noite";"Decrescente";"Nublado";"Dupla";"Interseção de Vias;Reta";"Não";2;0;1;0;1;0;1;2;-26,75482787;-48,68993675;"SPRF-SC";"DEL03-SC";"UOP02-DEL03-SC"
462467;2022-07-18;"segunda-feira";"18:55:00";"SE";235;13;"NOSSA SENHORA DO SOCORRO";"Animais na Pista";"Atropelamento de Animal";"Com Vítimas Feridas";"Plena Noite";"Decrescente";"Nublado";"Simples";"Reta";"Não";2;0;1;0;1;0;1;1;-10,868567;-37,171078;"SPRF-SE";"DEL01-SE";"UOP01-DEL01-SE"
462468;2022-07-18;"segunda-feira";"18:15:00";"SC";101;334,3;"TUBARAO";"Ingestão de álcool pelo condutor";"Colisão traseira";"Com Vítimas Feridas";"Plena Noite";"Decrescente";"Nublado";"Dupla";"Reta";"Sim";3;0;1;0;2;0;1;3;-28,47201113;-49,02271271;"SPRF-SC";"DEL02-SC";"UOP01-DEL02-SC"
462469;2022-07-18;"segunda-feira";"18:20:00";"PE";232;181;"BELO JARDIM";"Reação tardia ou ineficiente do condutor";"Engavetamento";"Sem Vítimas";"Plena Noite";"Crescente";"Garoa/Chuvisco";"Simples";"Reta";"Não";3;0;0;0;3;0;0;3;-8,34627974;-36,43776285;"SPRF-PE";"DEL03-PE";"UOP02-DEL03-PE"
462470;2022-07-18;"segunda-feira";"18:40:00";"PR";376;185;"SARANDI";"Velocidade Incompatível";"Saída de leito carroçável";"Com Vítimas Feridas";"Anoitecer";"Crescente";"Nublado";"Dupla";"Declive";"Não";1;0;1;0;0;0;1;1;-23,4465611;-51,86216706;"SPRF-PR";"DEL09-PR";"UOP01-DEL09-PR"
462472;2022-07-18;"segunda-feira";"19:30:00";"ES";101;143,6;"LINHARES";"Ausência de reação do condutor";"Saída de leito carroçável";"Com Vítimas Feridas";"Plena Noite";"Crescente";"Nublado";"Dupla";"Reta";"Não";1;0;1;0;0;0;1;1;-19,34286596;-40,0638568;"SPRF-ES";"DEL04-ES";"UOP01-DEL04-ES"
462475;2022-07-18;"segunda-feira";"17:45:00";"RO";364;711;"PORTO VELHO";"Pista Escorregadia";"Tombamento";"Com Vítimas Feridas";"Anoitecer";"Decrescente";"Céu Claro";"Dupla";"Viaduto";"Sim";1;0;1;0;0;0;1;1;-8,78153947;-63,86531369;"SPRF-RO";"DEL01-RO";"UOP01-DEL01-RO"
462476;2022-07-18;"segunda-feira";"11:20:00";"GO";364;385,8;"SANTA RITA DO ARAGUAIA";"Condutor deixou de manter distância do veículo da frente";"Colisão traseira";"Com Vítimas Feridas";"Pleno dia";"Decrescente";"Céu Claro";"Simples";"Reta;Retorno Regulamentado";"Sim";2;0;1;0;0;1;1;2;-17,332624;-53,195534;"SPRF-GO";"DEL05-GO";"UOP01-DEL05-GO"
462478;2022-07-18;"segunda-feira";"19:05:00";"PR";376;253;"CALIFORNIA";"Ultrapassagem Indevida";"Colisão com objeto";"Com Vítimas Feridas";"Plena Noite";"Crescente";"Céu Claro";"Simples";"Reta";"Sim";1;0;1;0;0;0;1;1;-23,66621132;-51,36003256;"SPRF-PR";"DEL07-PR";"UOP03-DEL07-PR"
462481;2022-07-18;"segunda-feira";"18:00:00";"PR";376;307,8;"ORTIGUEIRA";"Demais falhas na via";"Colisão com objeto";"Sem Vítimas";"Anoitecer";"Decrescente";"Nublado";"Dupla";"Aclive;Curva";"Não";3;0;0;0;3;0;0;1;-23,97857518;-51,09540715;"SPRF-PR";"DEL07-PR";"UOP02-DEL07-PR"
462482;2022-07-18;"segunda-feira";"18:40:00";"RO";364;354,6;"JI-PARANA";"Transitar no acostamento";"Tombamento";"Com Vítimas Fatais";"Plena Noite";"Crescente";"Ignorado";"Simples";"Túnel;Declive;Reta";"Não";1;1;0;0;0;0;0;1;-10,81618198;-62,01768595;"SPRF-RO";"DEL02-RO";"UOP01-DEL02-RO"
462483;2022-07-18;"segunda-feira";"18:30:00";"PR";376;591;"CURITIBA";"Condutor deixou de manter distância do veículo da frente";"Engavetamento";"Com Vítimas Feridas";"Plena Noite";"Decrescente";"Chuva";"Dupla";"Reta";"Não";4;0;1;0;3;0;1;4;-25,45999605;-49,35895013;"SPRF-PR";"DEL01-PR";"UOP06-DEL01-PR"
462485;2022-07-18;"segunda-feira";"19:15:00";"GO";153;213;"URUACU";"Reação tardia ou ineficiente do condutor";"Saída de leito carroçável";"Com Vítimas Feridas";"Plena Noite";"Decrescente";"Céu Claro";"Simples";"Interseção de Vias";"Não";1;0;1;0;0;0;1;1;-14,634578;-49,175987;"SPRF-GO";"DEL07-GO";"UOP02-DEL07-GO"
462486;2022-07-18;"segunda-feira";"18:40:00";"SC";101;87,9;"BARRA VELHA";"Manobra de mudança de faixa";"Colisão lateral mesmo sentido";"Com Vítimas Feridas";"Plena Noite";"Decrescente";"Céu Claro";"Dupla";"Reta";"Sim";2;0;1;0;1;0;1;2;-26,63713377;-48,69651057;"SPRF-SC";"DEL03-SC";"UOP02-DEL03-SC"
462488;2022-07-18;"segunda-feira";"16:42:00";"RS";158;264,1;"JULIO DE CASTILHOS";"Reação tardia ou ineficiente do condutor";"Saída de leito carroçável";"Com Vítimas Feridas";"Pleno dia";"Decrescente";"Nublado";"Simples";"Reta";"Não";2;0;1;0;1;0;1;2;-29,238945;-53,66561;"SPRF-RS";"DEL09-RS";"UOP01-DEL09-RS"
462489;2022-07-18;"segunda-feira";"21:15:00";"SC";101;46;"JOINVILLE";"Velocidade Incompatível";"Colisão traseira";"Sem Vítimas";"Plena Noite";"Crescente";"Céu Claro";"Dupla";"Reta";"Não";2;0;0;0;2;0;0;2;-26,33150083;-48,86187762;"SPRF-SC";"DEL03-SC";"UOP01-DEL03-SC"
462491;2022-07-18;"segunda-feira";"21:20:00";"SC";101;204,1;"SAO JOSE";"Ingestão de álcool pelo condutor";"Saída de leito carroçável";"Com Vítimas Feridas";"Plena Noite";"Decrescente";"Nublado";"Múltipla";"Aclive";"Sim";1;0;1;0;0;0;1;1;-27,57413014;-48,61363083;"SPRF-SC";"DEL01-SC";"UOP01-DEL01-SC"
462492;2022-07-18;"segunda-feira";"11:30:00";"BA";242;298;"LAJEDINHO";"Velocidade Incompatível";"Saída de leito carroçável";"Com Vítimas Feridas";"Pleno dia";"Crescente";"Nublado";"Simples";"Curva";"Não";1;0;1;0;0;0;1;1;-12,445042;-40,875652;"SPRF-BA";"DEL06-BA";"UOP02-DEL06-BA"
462493;2022-07-18;"segunda-feira";"18:01:00";"BA";242;220;"ITABERABA";"Ultrapassagem Indevida";"Colisão transversal";"Com Vítimas Fatais";"Anoitecer";"Decrescente";"Garoa/Chuvisco";"Simples";"Reta";"Não";2;1;0;1;0;0;1;2;-12,521094;-40,233146;"SPRF-BA";"DEL06-BA";"UOP02-DEL06-BA"
462494;2022-07-18;"segunda-feira";"18:50:00";"SC";101;326,8;"CAPIVARI DE BAIXO";"Animais na Pista";"Atropelamento de Animal";"Com Vítimas Feridas";"Plena Noite";"Crescente";"Céu Claro";"Dupla";"Declive";"Sim";3;0;1;2;0;0;3;3;-28,42524483;-48,94302707;"SPRF-SC";"DEL02-SC";"UOP01-DEL02-SC"
462495;2022-07-18;"segunda-feira";"22:30:00";"TO";153;144;"ARAGUAINA";"Ingestão de álcool pelo condutor";"Atropelamento de Pedestre";"Com Vítimas Feridas";"Plena Noite";"Decrescente";"Céu Claro";"Dupla";"Reta;Rotatória";"Sim";2;0;2;0;0;0;2;2;-7,19662811;-48,23636977;"SPRF-TO";"DEL02-TO";"UOP01-DEL02-TO"
462497;2022-07-18;"segunda-feira";"20:50:00";"MA";230;406;"BALSAS";"Reação tardia ou ineficiente do condutor";"Colisão traseira";"Com Vítimas Feridas";"Plena Noite";"Crescente";"Céu Claro";"Simples";"Declive";"Sim";3;0;1;1;1;0;2;2;-7,51971965;-46,05845601;"SPRF-MA";"DEL05-MA";"UOP01-DEL05-MA"
462499;2022-07-18;"segunda-feira";"21:40:00";"SC";101;324,7;"CAPIVARI DE BAIXO";"Reação tardia ou ineficiente do condutor";"Saída de leito carroçável";"Com Vítimas Feridas";"Plena Noite";"Decrescente";"Céu Claro";"Simples";"Reta;Viaduto";"Não";1;0;1;0;0;0;1;1;-28,42890047;-48,92285509;"SPRF-SC";"DEL02-SC";"UOP01-DEL02-SC"
462500;2022-07-18;"segunda-feira";"17:20:00";"RO";364;711;"PORTO VELHO";"Desrespeitar a preferência no cruzamento";"Colisão lateral mesmo sentido";"Com Vítimas Feridas";"Pleno dia";"Crescente";"Céu Claro";"Dupla";"Reta";"Sim";2;0;1;0;1;0;1;2;-8,78462231;-63,85973688;"SPRF-RO";"DEL01-RO";"UOP01-DEL01-RO"
462501;2022-07-18;"segunda-feira";"18:52:00";"SP";116;449;"REGISTRO";"Chuva";"Queda de ocupante de veículo";"Com Vítimas Feridas";"Plena Noite";"Decrescente";"Chuva";"Dupla";"Reta";"Não";1;0;1;0;0;0;1;1;-24,52913591;-47,85619324;"SPRF-SP";"DEL05-SP";"UOP01-DEL05-SP"
462502;2022-07-18;"segunda-feira";"19:10:00";"SP";116;444,9;"REGISTRO";"Manobra de mudança de faixa";"Colisão transversal";"Com Vítimas Feridas";"Plena Noite";"Crescente";"Chuva";"Simples";"Interseção de Vias;Reta;Declive";"Sim";2;0;0;1;1;0;1;2;-24,49129421;-47,83614553;"SPRF-SP";"DEL05-SP";"UOP01-DEL05-SP"
462503;2022-07-18;"segunda-feira";"19:30:00";"SP";116;449,5;"REGISTRO";"Curva acentuada";"Incêndio";"Sem Vítimas";"Plena Noite";"Crescente";"Chuva";"Dupla";"Curva";"Não";1;0;0;0;1;0;0;1;-24,52913591;-47,85619324;"SPRF-SP";"DEL05-SP";"UOP01-DEL05-SP"
462504;2022-07-18;"segunda-feira";"21:30:00";"SC";101;445;"SANTA ROSA DO SUL";"Reação tardia ou ineficiente do condutor";"Saída de leito carroçável";"Sem Vítimas";"Plena Noite";"Crescente";"Ignorado";"Dupla";"Reta";"Não";1;0;0;0;1;0;0;1;-29,13876138;-49,71567783;"SPRF-SC";"DEL02-SC";"UOP02-DEL02-SC"
462505;2022-07-18;"segunda-feira";"07:30:00";"RJ";101;502;"ANGRA DOS REIS";"Acumulo de água sobre o pavimento";"Capotamento";"Com Vítimas Feridas";"Pleno dia";"Decrescente";"Chuva";"Simples";"Curva";"Não";1;0;1;0;0;0;1;1;-22,92526971;-44,36990312;"SPRF-RJ";"DEL03-RJ";"UOP03-DEL03-RJ"
462507;2022-07-19;"terça-feira";"00:05:00";"RS";472;575;"URUGUAIANA";"Acessar a via sem observar a presença dos outros veículos";"Colisão transversal";"Com Vítimas Feridas";"Plena Noite";"Crescente";"Céu Claro";"Simples";"Rotatória";"Sim";3;0;2;0;1;0;2;2;-29,76352985;-57,05174446;"SPRF-RS";"DEL13-RS";"UOP01-DEL13-RS"
462509;2022-07-19;"terça-feira";"00:20:00";"MG";262;441,6;"NOVA SERRANA";"Ausência de reação do condutor";"Colisão traseira";"Sem Vítimas";"Plena Noite";"Decrescente";"Céu Claro";"Simples";"Reta";"Sim";2;0;0;0;2;0;0;2;-19,88296154;-44,90293014;"SPRF-MG";"DEL08-MG";"UOP03-DEL08-MG"
462511;2022-07-18;"segunda-feira";"19:00:00";"BA";324;520;"FEIRA DE SANTANA";"Reação tardia ou ineficiente do condutor";"Colisão traseira";"Com Vítimas Feridas";"Plena Noite";"Decrescente";"Garoa/Chuvisco";"Dupla";"Reta";"Não";3;0;1;0;2;0;1;3;-12,27376054;-38,93366564;"SPRF-BA";"DEL01-BA";"UOP03-DEL01-BA"
462513;2022-07-18;"segunda-feira";"23:45:00";"PE";232;137;"CARUARU";"Afundamento ou ondulação no pavimento";"Queda de ocupante de veículo";"Com Vítimas Feridas";"Plena Noite";"Crescente";"Garoa/Chuvisco";"Dupla";"Reta";"Não";1;0;1;0;0;0;1;1;-8,31589863;-36,05040211;"SPRF-PE";"DEL02-PE";"UOP01-DEL02-PE"
462514;2022-07-18;"segunda-feira";"21:15:00";"MG";381;582,1;"CARMOPOLIS DE MINAS";"Obras na pista";"Colisão com objeto";"Com Vítimas Fatais";"Plena Noite";"Crescente";"Céu Claro";"Dupla";"Reta";"Não";1;1;0;0;0;0;0;1;-20,51930642;-44,62405985;"SPRF-MG";"DEL04-MG";"UOP01-DEL04-MG"
462518;2022-07-19;"terça-feira";"01:44:00";"ES";101;65;"SAO MATEUS";"Animais na Pista";"Colisão traseira";"Com Vítimas Feridas";"Plena Noite";"Decrescente";"Céu Claro";"Simples";"Reta";"Sim";5;0;0;1;4;0;1;2;-18,70935945;-39,87762087;"SPRF-ES";"DEL04-ES";"UOP02-DEL04-ES"
462521;2022-07-18;"segunda-feira";"14:00:00";"BA";242;367;"PALMEIRAS";"Velocidade Incompatível";"Capotamento";"Com Vítimas Feridas";"Pleno dia";"Crescente";"Chuva";"Simples";"Curva";"Não";1;0;1;0;0;0;1;1;-12,47071004;-41,44733298;"SPRF-BA";"DEL06-BA";"UOP01-DEL06-BA"
462522;2022-07-19;"terça-feira";"04:00:00";"GO";452;191;"ITUMBIARA";"Ingestão de álcool pelo condutor";"Saída de leito carroçável";"Com Vítimas Feridas";"Plena Noite";"Decrescente";"Céu Claro";"Simples";"Reta";"Não";1;0;1;0;0;0;1;1;-18,3773812;-49,27010486;"SPRF-GO";"DEL03-GO";"UOP02-DEL03-GO"
462523;2022-07-19;"terça-feira";"06:03:00";"PE";104;21;"TAQUARITINGA DO NORTE";"Reação tardia ou ineficiente do condutor";"Saída de leito carroçável";"Com Vítimas Feridas";"Pleno dia";"Decrescente";"Céu Claro";"Simples";"Reta";"Não";2;0;0;2;0;0;2;1;-7,964189;-36,124378;"SPRF-PE";"DEL02-PE";"UOP01-DEL02-PE"
462525;2022-07-19;"terça-feira";"06:34:00";"PE";232;509;"SALGUEIRO";"Acesso irregular";"Colisão lateral sentido oposto";"Com Vítimas Feridas";"Pleno dia";"Crescente";"Céu Claro";"Simples";"Reta";"Sim";2;0;0;1;1;0;1;2;-8,06449154;-39,1298447;"SPRF-PE";"DEL05-PE";"UOP01-DEL05-PE"
462533;2022-07-18;"segunda-feira";"23:40:00";"RO";364;309,5;"PRESIDENTE MEDICI";"Ausência de reação do condutor";"Saída de leito carroçável";"Com Vítimas Feridas";"Plena Noite";"Decrescente";"Ignorado";"Simples";"Reta";"Não";1;0;1;0;0;0;1;1;-11,163407;-61,901608;"SPRF-RO";"DEL02-RO";"UOP01-DEL02-RO"
462537;2022-07-19;"terça-feira";"07:35:00";"SC";101;212;"PALHOCA";"Reação tardia ou ineficiente do condutor";"Atropelamento de Pedestre";"Com Vítimas Feridas";"Pleno dia";"Decrescente";"Céu Claro";"Múltipla";"Reta";"Sim";2;0;0;1;1;0;1;2;-27,62996929;-48,65903871;"SPRF-SC";"DEL01-SC";"UOP02-DEL01-SC"
462538;2022-07-19;"terça-feira";"07:45:00";"PB";101;89,5;"JOAO PESSOA";"Pista em desnível";"Tombamento";"Com Vítimas Feridas";"Pleno dia";"Decrescente";"Nublado";"Dupla";"Reta";"Sim";1;0;1;0;0;0;1;1;-7,179652;-34,900417;"SPRF-PB";"DEL01-PB";"UOP02-DEL01-PB"
462541;2022-07-19;"terça-feira";"08:20:00";"GO";40;9,4;"LUZIANIA";"Condutor deixou de manter distância do veículo da frente";"Capotamento";"Com Vítimas Feridas";"Amanhecer";"Crescente";"Céu Claro";"Dupla";"Reta";"Sim";2;0;1;0;1;0;1;1;-16,131158;-47,957739;"SPRF-DF";"DEL01-DF";"UOP01-DEL01-DF"
462542;2022-07-19;"terça-feira";"07:00:00";"CE";222;4,9;"CAUCAIA";"Ingestão de álcool pelo condutor";"Colisão traseira";"Sem Vítimas";"Pleno dia";"Decrescente";"Céu Claro";"Múltipla";"Interseção de Vias";"Sim";2;0;0;0;2;0;0;2;-3,74164754;-38,60449792;"SPRF-CE";"DEL01-CE";"UOP01-DEL01-CE"
462544;2022-07-19;"terça-feira";"08:00:00";"SC";101;117,3;"ITAJAI";"Acessar a via sem observar a presença dos outros veículos";"Colisão transversal";"Com Vítimas Feridas";"Pleno dia";"Crescente";"Céu Claro";"Múltipla";"Interseção de Vias;Rotatória;Viaduto";"Sim";2;0;1;0;1;0;1;2;-26,88747187;-48,72252969;"SPRF-SC";"DEL04-SC";"UOP04-DEL04-SC"
462545;2022-07-19;"terça-feira";"08:05:00";"SC";101;214;"SAO JOSE";"Ausência de reação do condutor";"Queda de ocupante de veículo";"Com Vítimas Feridas";"Pleno dia";"Decrescente";"Céu Claro";"Múltipla";"Reta";"Não";1;0;1;0;0;0;1;1;-27,64443;-48,67057;"SPRF-SC";"DEL01-SC";"UOP02-DEL01-SC"
462547;2022-07-19;"terça-feira";"07:30:00";"RS";290;180;"MINAS DO LEAO";"Mal súbito do condutor";"Saída de leito carroçável";"Com Vítimas Feridas";"Pleno dia";"Decrescente";"Céu Claro";"Simples";"Reta";"Não";1;0;0;1;0;0;1;1;-30,138124;-52,012852;"SPRF-RS";"DEL02-RS";"UOP03-DEL02-RS"
462548;2022-07-19;"terça-feira";"07:30:00";"TO";153;349;"FORTALEZA DO TABOCAO";"Reação tardia ou ineficiente do condutor";"Saída de leito carroçável";"Com Vítimas Feridas";"Pleno dia";"Crescente";"Céu Claro";"Simples";"Reta";"Não";5;0;2;3;0;0;5;1;-8,96953304;-48,49501569;"SPRF-TO";"DEL02-TO";"UOP02-DEL02-TO"
462551;2022-07-19;"terça-feira";"08:50:00";"SC";101;199,3;"BIGUACU";"Avarias e/ou desgaste excessivo no pneu";"Colisão traseira";"Com Vítimas Feridas";"Pleno dia";"Crescente";"Céu Claro";"Dupla";"Reta";"Sim";2;0;1;0;0;1;1;2;-27,53413705;-48,63003205;"SPRF-SC";"DEL01-SC";"UOP01-DEL01-SC"
462552;2022-01-08;"sábado";"15:30:00";"ES";262;1;"CARIACICA";"Velocidade Incompatível";"Colisão traseira";"Com Vítimas Feridas";"Pleno dia";"Decrescente";"Nublado";"Dupla";"Ponte;Reta";"Sim";2;0;0;1;1;0;1;2;-20,32955204;-40,35492602;"SPRF-ES";"DEL01-ES";"UOP01-DEL01-ES"
462554;2022-07-19;"terça-feira";"08:20:00";"MG";116;415;"GOVERNADOR VALADARES";"Acessar a via sem observar a presença dos outros veículos";"Colisão traseira";"Com Vítimas Feridas";"Pleno dia";"Crescente";"Céu Claro";"Simples";"Reta";"Sim";2;0;1;0;1;0;1;2;-18,88401297;-41,94924399;"SPRF-MG";"DEL06-MG";"UOP01-DEL06-MG"
462555;2022-07-19;"terça-feira";"09:10:00";"SC";101;117,3;"ITAJAI";"Desrespeitar a preferência no cruzamento";"Colisão transversal";"Com Vítimas Feridas";"Pleno dia";"Decrescente";"Céu Claro";"Dupla";"Interseção de Vias";"Não";2;0;1;0;1;0;1;2;-26,89045917;-48,72058868;"SPRF-SC";"DEL04-SC";"UOP04-DEL04-SC"
462556;2022-07-19;"terça-feira";"08:00:00";"BA";116;414;"FEIRA DE SANTANA";"Acesso irregular";"Colisão traseira";"Sem Vítimas";"Pleno dia";"Crescente";"Céu Claro";"Dupla";"Interseção de Vias;Reta";"Não";2;0;0;0;2;0;0;2;-12,15091699;-38,96471948;"SPRF-BA";"DEL02-BA";"UOP01-DEL02-BA"