"id";"data_inversa";"dia_semana";"horario";"uf";"br";"km";"municipio";"causa_acidente";"tipo_acidente";"classificacao_acidente";"fase_dia";"sentido_via";"condicao_metereologica";"tipo_pista";"tracado_via";"uso_solo";"pessoas";"mortos";"feridos_leves";"feridos_graves";"ilesos";"ignorados";"feridos";"veiculos";"latitude";"longitude";"regional";"delegacia";"uop"
462676;2022-07-18;"segunda-feira";"18:30:00";"PA";230;743,2;"MEDICILANDIA";"Reação tardia ou ineficiente do condutor";"Colisão lateral mesmo sentido";"Com Vítimas Fatais";"Anoitecer";"Crescente";"Ignorado";"Simples";"Curva";"Não";1;1;0;0;0;0;0;1;-3,43795692;-52,873669;"SPRF-PA";"DEL04-PA";"UOP01-DEL04-PA"
462683;2022-07-20;"quarta-feira";"03:08:00";"PR";369;148;"LONDRINA";"Reação tardia ou ineficiente do condutor";"Saída de leito carroçável";"Sem Vítimas";"Plena Noite";"Crescente";"Céu Claro";"Dupla";"Reta";"Sim";1;0;0;0;0;1;0;1;-23,29281276;-51,14613712;"SPRF-PR";"DEL07-PR";"UOP01-DEL07-PR"
462687;2022-07-20;"quarta-feira";"03:50:00";"PE";232;410;"SERRA TALHADA";"Acessar a via sem observar a presença dos outros veículos";"Colisão transversal";"Sem Vítimas";"Plena Noite";"Crescente";"Ignorado";"Simples";"Interseção de Vias";"Sim";3;0;0;0;1;2;0;2;-7,982567;-38,29995;"SPRF-PE";"DEL04-PE";"UOP01-DEL04-PE"
462695;2022-07-20;"quarta-feira";"06:30:00";"PE";232;9,4;"JABOATAO DOS GUARARAPES";"Manobra de mudança de faixa";"Colisão traseira";"Com Vítimas Feridas";"Pleno dia";"Decrescente";"Céu Claro";"Dupla";"Declive";"Sim";3;0;1;0;2;0;1;2;-8,07917241;-34,98718609;"SPRF-PE";"DEL01-PE";"UOP01-DEL01-PE"
462698;2022-07-20;"quarta-feira";"06:10:00";"PR";277;113,9;"CAMPO LARGO";"Velocidade Incompatível";"Saída de leito carroçável";"Com Vítimas Feridas";"Plena Noite";"Decrescente";"Nevoeiro/Neblina";"Dupla";"Reta";"Sim";1;0;0;1;0;0;1;1;-25,44605971;-49,49421997;"SPRF-PR";"DEL03-PR";"UOP03-DEL03-PR"
462701;2022-07-20;"quarta-feira";"06:50:00";"RS";158;563;"SANTANA DO LIVRAMENTO";"Neblina";"Saída de leito carroçável";"Sem Vítimas";"Amanhecer";"Decrescente";"Nevoeiro/Neblina";"Simples";"Interseção de Vias";"Sim";2;0;0;0;2;0;0;1;-30,8547642;-55,4965204;"SPRF-RS";"DEL11-RS";"UOP01-DEL11-RS"
462720;2022-07-20;"quarta-feira";"05:45:00";"RO";364;710;"PORTO VELHO";"Ausência de reação do condutor";"Saída de leito carroçável";"Com Vítimas Feridas";"Plena Noite";"Crescente";"Céu Claro";"Múltipla";"Reta";"Sim";1;0;1;0;0;0;1;1;-8,78621576;-63,85712687;"SPRF-RO";"DEL01-RO";"UOP01-DEL01-RO"
462722;2022-07-20;"quarta-feira";"05:00:00";"RO";364;16;"VILHENA";"Ingestão de álcool pelo condutor";"Colisão lateral mesmo sentido";"Sem Vítimas";"Amanhecer";"Crescente";"Céu Claro";"Simples";"Reta";"Sim";2;0;0;0;2;0;0;2;-12,7343794659;-60,1569698588;"SPRF-RO";"DEL04-RO";"UOP01-DEL04-RO"
462726;2022-07-20;"quarta-feira";"07:10:00";"PR";376;15;"MARINGA";"Demais falhas mecânicas ou elétricas";"Tombamento";"Com Vítimas Feridas";"Pleno dia";"Decrescente";"Céu Claro";"Dupla";"Reta";"Não";2;0;1;0;1;0;1;1;-23,42952906;-51,88678126;"SPRF-PR";"DEL09-PR";"UOP01-DEL09-PR"
462736;2022-07-20;"quarta-feira";"07:30:00";"GO";60;183;"ABADIA DE GOIAS";"Acumulo de óleo sobre o pavimento";"Queda de ocupante de veículo";"Com Vítimas Feridas";"Pleno dia";"Decrescente";"Sol";"Dupla";"Reta";"Não";1;0;1;0;0;0;1;1;-16,7848;-49,4946;"SPRF-GO";"DEL01-GO";"UOP02-DEL01-GO"
462738;2022-07-20;"quarta-feira";"07:10:00";"RO";364;344;"JI-PARANA";"Conversão proibida";"Colisão lateral mesmo sentido";"Com Vítimas Feridas";"Pleno dia";"Decrescente";"Sol";"Dupla";"Reta";"Sim";2;0;1;0;0;1;1;2;-10,87376391;-61,95256893;"SPRF-RO";"DEL02-RO";"UOP01-DEL02-RO"
462739;2022-07-20;"quarta-feira";"07:20:00";"BA";324;1,3;"FEIRA DE SANTANA";"Desrespeitar a preferência no cruzamento";"Colisão transversal";"Com Vítimas Feridas";"Pleno dia";"Decrescente";"Nublado";"Simples";"Interseção de Vias";"Sim";2;0;1;0;1;0;1;2;-12,2828534;-38,94642591;"SPRF-BA";"DEL02-BA";"UOP01-DEL02-BA"
462740;2022-07-20;"quarta-feira";"07:00:00";"RS";153;651;"ACEGUA";"Ingestão de álcool pelo condutor";"Saída de leito carroçável";"Sem Vítimas";"Amanhecer";"Decrescente";"Nublado";"Simples";"Ponte";"Não";1;0;0;0;1;0;0;1;-31,47706768;-54,13855618;"SPRF-RS";"DEL11-RS";"UOP03-DEL11-RS"
462741;2022-07-20;"quarta-feira";"07:00:00";"SP";116;402,6;"MIRACATU";"Reação tardia ou ineficiente do condutor";"Tombamento";"Com Vítimas Feridas";"Pleno dia";"Decrescente";"Céu Claro";"Dupla";"Reta";"Não";2;0;1;1;0;0;2;1;-24,31592827;-47,5251013;"SPRF-SP";"DEL04-SP";"UOP02-DEL04-SP"
462742;2022-07-20;"quarta-feira";"08:00:00";"RS";116;261;"CANOAS";"Reação tardia ou ineficiente do condutor";"Colisão traseira";"Com Vítimas Feridas";"Pleno dia";"Decrescente";"Céu Claro";"Múltipla";"Reta";"Sim";2;0;1;0;1;0;1;2;-29,887983;-51,17901;"SPRF-RS";"DEL01-RS";"UOP01-DEL01-RS"
462744;2022-07-20;"quarta-feira";"07:40:00";"MG";381;913,2;"CAMANDUCAIA";"Velocidade Incompatível";"Colisão com objeto";"Com Vítimas Feridas";"Pleno dia";"Decrescente";"Céu Claro";"Múltipla";"Curva";"Não";2;0;2;0;0;0;2;1;-22,75390001;-46,146503;"SPRF-MG";"DEL16-MG";"UOP03-DEL16-MG"
462749;2022-07-20;"quarta-feira";"08:45:00";"MG";40;765;"JUIZ DE FORA";"Frear bruscamente";"Tombamento";"Com Vítimas Feridas";"Pleno dia";"Decrescente";"Céu Claro";"Simples";"Reta";"Não";1;0;1;0;0;0;1;1;-21,56418921;-43,4884611;"SPRF-MG";"DEL05-MG";"UOP01-DEL05-MG"
462753;2022-07-20;"quarta-feira";"09:12:00";"RN";406;171;"SAO GONCALO DO AMARANTE";"Ausência de reação do condutor";"Colisão traseira";"Com Vítimas Feridas";"Pleno dia";"Crescente";"Céu Claro";"Dupla";"Aclive";"Sim";7;0;5;0;2;0;5;3;-5,76149962;-35,29196978;"SPRF-RN";"DEL02-RN";"UOP01-DEL02-RN"
462755;2022-07-20;"quarta-feira";"08:40:00";"DF";40;5;"BRASILIA";"Trafegar com motocicleta (ou similar) entre as faixas";"Colisão lateral mesmo sentido";"Com Vítimas Feridas";"Pleno dia";"Crescente";"Céu Claro";"Dupla";"Reta";"Sim";2;0;1;0;1;0;1;2;-16,020903;-47,980541;"SPRF-DF";"DEL01-DF";"UOP01-DEL01-DF"
462756;2022-07-20;"quarta-feira";"09:00:00";"PA";230;114,7;"MARABA";"Ausência de reação do condutor";"Colisão traseira";"Sem Vítimas";"Pleno dia";"Crescente";"Sol";"Simples";"Rotatória";"Sim";3;0;0;0;3;0;0;2;-5,36466678;-49,06623294;"SPRF-PA";"DEL03-PA";"UOP01-DEL03-PA"
462757;2022-02-20;"domingo";"18:49:00";"PA";308;152;"CAPANEMA";"Desrespeitar a preferência no cruzamento";"Colisão transversal";"Com Vítimas Feridas";"Plena Noite";"Crescente";"Garoa/Chuvisco";"Simples";"Reta";"Sim";2;0;0;1;0;1;1;2;-1,20594664;-47,17506821;"SPRF-PA";"DEL01-PA";"UOP03-DEL01-PA"
462759;2022-07-08;"sexta-feira";"22:45:00";"MG";116;686,8;"MURIAE";"Reação tardia ou ineficiente do condutor";"Colisão traseira";"Com Vítimas Fatais";"Plena Noite";"Crescente";"Céu Claro";"Simples";"Ponte";"Não";3;1;0;0;0;2;0;3;-20,98171632;-42,35488057;"SPRF-MG";"DEL07-MG";"UOP02-DEL07-MG"
462760;2022-07-20;"quarta-feira";"07:55:00";"RO";319;62;"PORTO VELHO";"Ausência de reação do condutor";"Colisão traseira";"Com Vítimas Feridas";"Pleno dia";"Decrescente";"Céu Claro";"Dupla";"Reta";"Sim";2;0;0;1;1;0;1;2;-8,750465;-63,88763186;"SPRF-RO";"DEL01-RO";"UOP01-DEL01-RO"
462761;2022-07-20;"quarta-feira";"09:10:00";"PR";376;3,5;"SAO JOSE DOS PINHAIS";"Ingestão de álcool pelo condutor";"Colisão traseira";"Sem Vítimas";"Pleno dia";"Crescente";"Céu Claro";"Dupla";"Reta";"Sim";5;0;0;0;5;0;0;3;-25,5307;-49,1958;"SPRF-PR";"DEL01-PR";"UOP04-DEL01-PR"
462762;2022-07-20;"quarta-feira";"09:30:00";"PR";369;381;"CAMPO MOURAO";"Mal súbito do condutor";"Colisão transversal";"Com Vítimas Feridas";"Pleno dia";"Crescente";"Céu Claro";"Simples";"Reta";"Não";2;0;2;0;0;0;2;2;-24,2176;-52,5106;"SPRF-PR";"DEL04-PR";"UOP03-DEL04-PR"
462763;2022-07-20;"quarta-feira";"09:30:00";"GO";60;107;"GOIANAPOLIS";"Velocidade Incompatível";"Colisão traseira";"Com Vítimas Feridas";"Pleno dia";"Crescente";"Céu Claro";"Múltipla";"Curva;Aclive;Interseção de Vias";"Não";3;0;0;1;2;0;1;2;-16,431;-49,018;"SPRF-GO";"DEL02-GO";"UOP01-DEL02-GO"
462764;2022-07-20;"quarta-feira";"09:15:00";"SP";116;275;"TABOAO DA SERRA";"Manobra de mudança de faixa";"Colisão lateral mesmo sentido";"Com Vítimas Feridas";"Pleno dia";"Decrescente";"Nublado";"Dupla";"Curva";"Sim";3;0;2;0;1;0;2;3;-23,63638826;-46,83251584;"SPRF-SP";"DEL04-SP";"UOP01-DEL04-SP"
462768;2022-06-25;"sábado";"05:20:00";"PI";343;491;"REGENERACAO";"Acessar a via sem observar a presença dos outros veículos";"Colisão frontal";"Com Vítimas Fatais";"Amanhecer";"Decrescente";"Céu Claro";"Simples";"Reta;Interseção de Vias;Declive";"Não";5;2;1;0;2;0;1;2;-6,21799151;-42,70192623;"SPRF-PI";"DEL01-PI";"UOP02-DEL01-PI"
462769;2022-07-20;"quarta-feira";"10:10:00";"RJ";356;157;"CAMPOS DOS GOYTACAZES";"Condutor deixou de manter distância do veículo da frente";"Engavetamento";"Com Vítimas Feridas";"Pleno dia";"Decrescente";"Céu Claro";"Simples";"Reta";"Não";7;0;2;0;5;0;2;4;-21,7369326;-41,20072511;"SPRF-RJ";"DEL08-RJ";"UOP02-DEL08-RJ"
462770;2022-07-20;"quarta-feira";"09:25:00";"GO";153;202,9;"URUACU";"Acessar a via sem observar a presença dos outros veículos";"Colisão transversal";"Com Vítimas Feridas";"Pleno dia";"Decrescente";"Céu Claro";"Simples";"Reta;Aclive";"Sim";5;0;2;0;3;0;2;2;-14,546201;-49,160786;"SPRF-GO";"DEL07-GO";"UOP02-DEL07-GO"
462771;2022-07-20;"quarta-feira";"08:20:00";"CE";116;4;"FORTALEZA";"Manobra de mudança de faixa";"Colisão lateral mesmo sentido";"Com Vítimas Feridas";"Pleno dia";"Decrescente";"Sol";"Dupla";"Reta";"Sim";2;0;1;0;1;0;1;2;-3,7867209;-38,5114568;"SPRF-CE";"DEL01-CE";"UOP02-DEL01-CE"
462772;2022-07-20;"quarta-feira";"10:00:00";"MG";381;494;"BETIM";"Mal súbito do condutor";"Colisão com objeto";"Com Vítimas Feridas";"Pleno dia";"Decrescente";"Sol";"Dupla";"Retorno Regulamentado";"Sim";1;0;1;0;0;0;1;1;-19,985563;-44,20318;"SPRF-MG";"DEL01-MG";"UOP03-DEL01-MG"
462773;2022-07-20;"quarta-feira";"08:50:00";"RN";427;107,9;"CAICO";"Pista esburacada";"Capotamento";"Sem Vítimas";"Pleno dia";"Crescente";"Céu Claro";"Simples";"Reta";"Não";1;0;0;0;1;0;0;1;-6,4437591;-37,1207428;"SPRF-RN";"DEL03-RN";"UOP01-DEL03-RN"
462776;2022-06-19;"domingo";"19:55:00";"PR";163;131;"CAPITAO LEONIDAS MARQUES";"Velocidade Incompatível";"Colisão frontal";"Com Vítimas Feridas";"Plena Noite";"Decrescente";"Céu Claro";"Simples";"Desvio Temporário";"Não";6;0;1;2;0;3;3;3;-25,5677812;-53,57406916;"SPRF-PR";"DEL05-PR";"UOP05-DEL05-PR"
462777;2022-07-20;"quarta-feira";"08:00:00";"MT";174;16;"PONTES E LACERDA";"Acessar a via sem observar a presença dos outros veículos";"Colisão transversal";"Com Vítimas Feridas";"Pleno dia";"Crescente";"Céu Claro";"Simples";"Reta";"Não";2;0;1;0;1;0;1;2;-15,189641;-59,429152;"SPRF-MT";"DEL04-MT";"UOP01-DEL04-MT"
462778;2022-05-14;"sábado";"12:00:00";"MG";381;250;"SANTANA DO PARAISO";"Condutor deixou de manter distância do veículo da frente";"Colisão traseira";"Com Vítimas Feridas";"Pleno dia";"Decrescente";"Céu Claro";"Simples";"Reta";"Não";2;0;1;0;1;0;1;2;-19,48378419;-42,55378491;"SPRF-MG";"DEL06-MG";"UOP01-DEL06-MG"
462781;2022-07-06;"quarta-feira";"11:00:00";"RR";174;101;"RORAINOPOLIS";"Pista esburacada";"Capotamento";"Sem Vítimas";"Pleno dia";"Decrescente";"Nublado";"Simples";"Reta";"Não";2;0;0;0;2;0;0;1;0,001825;-60,648285;"SPRF-RR";"DEL01-RR";"UOP01-DEL01-RR"
462784;2022-07-20;"quarta-feira";"09:30:00";"SC";163;71,6;"SAO MIGUEL DO OESTE";"Desrespeitar a preferência no cruzamento";"Colisão transversal";"Com Vítimas Feridas";"Pleno dia";"Decrescente";"Céu Claro";"Dupla";"Interseção de Vias;Reta";"Sim";2;0;1;0;1;0;1;2;-26,72772401;-53,51281303;"SPRF-SC";"DEL07-SC";"UOP03-DEL07-SC"
462788;2022-07-16;"sábado";"23:10:00";"PR";376;189,4;"MARIALVA";"Ingestão de álcool pelo condutor";"Colisão traseira";"Com Vítimas Feridas";"Plena Noite";"Crescente";"Céu Claro";"Dupla";"Reta";"Sim";2;0;0;1;1;0;1;2;-23,47560277;-51,81167587;"SPRF-PR";"DEL09-PR";"UOP01-DEL09-PR"
462789;2022-07-20;"quarta-feira";"08:30:00";"PI";316;81;"LAGOINHA DO PIAUI";"Acessar a via sem observar a presença dos outros veículos";"Colisão transversal";"Com Vítimas Feridas";"Pleno dia";"Crescente";"Céu Claro";"Simples";"Rotatória";"Não";3;0;2;0;1;0;2;2;-5,75086096;-42,61930445;"SPRF-PI";"DEL01-PI";"UOP02-DEL01-PI"
462792;2022-07-20;"quarta-feira";"11:41:00";"RR";401;1;"BOA VISTA";"Acessar a via sem observar a presença dos outros veículos";"Colisão transversal";"Sem Vítimas";"Pleno dia";"Crescente";"Céu Claro";"Simples";"Interseção de Vias";"Sim";6;0;0;0;6;0;0;2;2,80229396;-60,68243402;"SPRF-RR";"DEL01-RR";"UOP01-DEL01-RR"
462794;2022-07-16;"sábado";"11:40:00";"MS";163;491;"CAMPO GRANDE";"Acessar a via sem observar a presença dos outros veículos";"Colisão transversal";"Com Vítimas Feridas";"Pleno dia";"Crescente";"Céu Claro";"Dupla";"Reta";"Não";5;0;0;1;4;0;1;2;-20,36434577;-54,52853585;"SPRF-MS";"DEL01-MS";"UOP02-DEL01-MS"
462797;2022-07-20;"quarta-feira";"10:00:00";"MT";163;572;"NOVA MUTUM";"Pista em desnível";"Saída de leito carroçável";"Sem Vítimas";"Pleno dia";"Crescente";"Céu Claro";"Simples";"Reta";"Não";1;0;0;0;1;0;0;1;-14,1461131;-56,09974417;"SPRF-MT";"DEL01-MT";"UOP01-DEL01-MT"
462799;2022-07-20;"quarta-feira";"13:20:00";"RS";472;114,8;"BOA VISTA DO BURICA";"Transitar na contramão";"Colisão frontal";"Com Vítimas Fatais";"Pleno dia";"Crescente";"Céu Claro";"Simples";"Reta";"Sim";3;1;0;0;1;1;0;3;-27,675305;-54,112093;"SPRF-RS";"DEL10-RS";"UOP01-DEL10-RS"
462800;2022-07-20;"quarta-feira";"13:40:00";"RN";101;104,4;"PARNAMIRIM";"Condutor deixou de manter distância do veículo da frente";"Colisão traseira";"Com Vítimas Feridas";"Pleno dia";"Crescente";"Sol";"Múltipla";"Reta";"Sim";2;0;1;0;0;1;1;2;-5,892745;-35,257225;"SPRF-RN";"DEL01-RN";"UOP01-DEL01-RN"
462801;2022-07-20;"quarta-feira";"11:10:00";"PR";376;160,5;"MARINGA";"Reação tardia ou ineficiente do condutor";"Saída de leito carroçável";"Com Vítimas Feridas";"Pleno dia";"Crescente";"Céu Claro";"Dupla";"Declive;Curva";"Não";1;0;1;0;0;0;1;1;-23,36498136;-52,07632098;"SPRF-PR";"DEL09-PR";"UOP01-DEL09-PR"
462802;2022-07-20;"quarta-feira";"07:40:00";"BA";135;140;"RIACHAO DAS NEVES";"Acessar a via sem observar a presença dos outros veículos";"Colisão transversal";"Com Vítimas Feridas";"Pleno dia";"Decrescente";"Sol";"Simples";"Reta";"Não";4;0;2;0;2;0;2;2;-11,87642235;-44,84790802;"SPRF-BA";"DEL10-BA";"UOP01-DEL10-BA"
462804;2022-07-20;"quarta-feira";"14:50:00";"ES";101;266,5;"SERRA";"Pedestre cruzava a pista fora da faixa";"Atropelamento de Pedestre";"Com Vítimas Feridas";"Pleno dia";"Decrescente";"Céu Claro";"Dupla";"Reta";"Sim";2;0;1;0;1;0;1;2;-20,190199;-40,26828891;"SPRF-ES";"DEL02-ES";"UOP01-DEL02-ES"
462809;2022-07-20;"quarta-feira";"13:30:00";"TO";153;629,9;"ALIANCA DO TOCANTINS";"Reação tardia ou ineficiente do condutor";"Queda de ocupante de veículo";"Com Vítimas Feridas";"Pleno dia";"Decrescente";"Céu Claro";"Simples";"Em Obras";"Não";1;0;0;1;0;0;1;1;-11,36120913;-48,96096165;"SPRF-TO";"DEL01-TO";"UOP02-DEL01-TO"
462810;2022-07-20;"quarta-feira";"14:00:00";"TO";242;303,2;"PEIXE";"Reação tardia ou ineficiente do condutor";"Saída de leito carroçável";"Com Vítimas Fatais";"Pleno dia";"Decrescente";"Sol";"Simples";"Reta";"Não";2;1;1;0;0;0;1;1;-12,095837;-48,52978693;"SPRF-TO";"DEL01-TO";"UOP02-DEL01-TO"
462811;2022-07-20;"quarta-feira";"14:45:00";"PE";232;410,2;"SERRA TALHADA";"Condutor deixou de manter distância do veículo da frente";"Colisão traseira";"Com Vítimas Feridas";"Pleno dia";"Crescente";"Nublado";"Simples";"Reta";"Sim";3;0;1;0;2;0;1;2;-7,98261841;-38,30039606;"SPRF-PE";"DEL04-PE";"UOP01-DEL04-PE"
462817;2022-07-20;"quarta-feira";"15:20:00";"BA";116;854,1;"VITORIA DA CONQUISTA";"Acessar a via sem observar a presença dos outros veículos";"Colisão frontal";"Com Vítimas Feridas";"Pleno dia";"Crescente";"Nublado";"Simples";"Reta";"Não";4;0;3;1;0;0;4;2;-15,0826488;-41,00973129;"SPRF-BA";"DEL08-BA";"UOP01-DEL08-BA"
462818;2022-07-20;"quarta-feira";"15:44:00";"PR";369;131;"IBIPORA";"Ausência de reação do condutor";"Queda de ocupante de veículo";"Com Vítimas Feridas";"Pleno dia";"Decrescente";"Céu Claro";"Dupla";"Reta";"Não";1;0;1;0;0;0;1;1;-23,2620618;-50,9934273;"SPRF-PR";"DEL07-PR";"UOP01-DEL07-PR"
462819;2022-06-24;"sexta-feira";"23:15:00";"PA";316;80;"SAO FRANCISCO DO PARA";"Acesso irregular";"Colisão transversal";"Com Vítimas Fatais";"Plena Noite";"Crescente";"Céu Claro";"Simples";"Reta";"Não";2;1;0;0;1;0;0;2;-1,30406;-47,779755;"SPRF-PA";"DEL01-PA";"UOP02-DEL01-PA"
462821;2022-07-20;"quarta-feira";"14:18:00";"GO";153;524,2;"HIDROLANDIA";"Reação tardia ou ineficiente do condutor";"Saída de leito carroçável";"Com Vítimas Feridas";"Pleno dia";"Decrescente";"Céu Claro";"Dupla";"Reta";"Não";4;0;1;0;3;0;1;1;-16,92;-49,2531;"SPRF-GO";"DEL01-GO";"UOP03-DEL01-GO"
462822;2022-07-17;"domingo";"20:15:00";"GO";40;4,9;"VALPARAISO DE GOIAS";"Ingestão de álcool pelo condutor";"Saída de leito carroçável";"Sem Vítimas";"Anoitecer";"Decrescente";"Céu Claro";"Dupla";"Retorno Regulamentado";"Sim";1;0;0;0;1;0;0;1;-16,085241;-47,986752;"SPRF-DF";"DEL01-DF";"UOP01-DEL01-DF"
462823;2022-07-20;"quarta-feira";"10:00:00";"MG";50;24,2;"ARAGUARI";"Mal súbito do condutor";"Colisão com objeto";"Com Vítimas Feridas";"Pleno dia";"Decrescente";"Céu Claro";"Dupla";"Reta";"Não";1;0;1;0;0;0;1;1;-18,61024882;-48,06820499;"SPRF-MG";"DEL15-MG";"UOP02-DEL15-MG"
462825;2022-07-20;"quarta-feira";"13:47:00";"PI";343;590;"FLORIANO";"Reação tardia ou ineficiente do condutor";"Engavetamento";"Com Vítimas Feridas";"Pleno dia";"Crescente";"Sol";"Dupla";"Reta";"Sim";4;0;1;0;3;0;1;4;-6,783895;-43,015095;"SPRF-PI";"DEL03-PI";"UOP01-DEL03-PI"
462826;2022-07-20;"quarta-feira";"15:20:00";"RS";472;174,7;"SANTA ROSA";"Ultrapassagem Indevida";"Colisão lateral sentido oposto";"Com Vítimas Feridas";"Pleno dia";"Decrescente";"Sol";"Simples";"Curva";"Não";6;0;5;1;0;0;6;3;-27,856749;-54,510461;"SPRF-RS";"DEL10-RS";"UOP01-DEL10-RS"
462829;2022-07-20;"quarta-feira";"17:35:00";"SC";470;60,2;"BLUMENAU";"Acessar a via sem observar a presença dos outros veículos";"Colisão transversal";"Com Vítimas Feridas";"Pleno dia";"Crescente";"Céu Claro";"Simples";"Reta;Interseção de Vias";"Sim";2;0;1;0;1;0;1;2;-26,88073689;-49,16699409;"SPRF-SC";"DEL04-SC";"UOP01-DEL04-SC"
462835;2022-07-20;"quarta-feira";"17:40:00";"DF";20;8;"BRASILIA";"Trafegar com motocicleta (ou similar) entre as faixas";"Colisão traseira";"Com Vítimas Feridas";"Anoitecer";"Crescente";"Céu Claro";"Dupla";"Aclive;Reta";"Sim";2;0;0;1;1;0;1;2;-15,658386;-47,791534;"SPRF-DF";"DEL02-DF";"UOP01-DEL02-DF"
462836;2022-07-20;"quarta-feira";"18:20:00";"ES";101;126;"SOORETAMA";"Reação tardia ou ineficiente do condutor";"Colisão lateral mesmo sentido";"Com Vítimas Feridas";"Plena Noite";"Crescente";"Céu Claro";"Simples";"Reta";"Sim";3;0;0;1;2;0;1;2;-19,193953;-40,0951;"SPRF-ES";"DEL04-ES";"UOP01-DEL04-ES"
462837;2022-07-20;"quarta-feira";"09:30:00";"BA";324;542,9;"AMELIA RODRIGUES";"Velocidade Incompatível";"Saída de leito carroçável";"Com Vítimas Feridas";"Pleno dia";"Decrescente";"Chuva";"Dupla";"Retorno Regulamentado";"Sim";1;0;0;1;0;0;1;1;-12,39373185;-38,77646394;"SPRF-BA";"DEL01-BA";"UOP03-DEL01-BA"
462839;2022-07-20;"quarta-feira";"18:30:00";"GO";40;2,4;"VALPARAISO DE GOIAS";"Ausência de reação do condutor";"Colisão traseira";"Sem Vítimas";"Plena Noite";"Decrescente";"Céu Claro";"Dupla";"Reta";"Sim";3;0;0;0;3;0;0;3;-16,067129;-47,984235;"SPRF-DF";"DEL01-DF";"UOP01-DEL01-DF"
462840;2022-07-20;"quarta-feira";"18:00:00";"SC";282;18,1;"PALHOCA";"Trafegar com motocicleta (ou similar) entre as faixas";"Atropelamento de Pedestre";"Com Vítimas Fatais";"Plena Noite";"Crescente";"Nublado";"Simples";"Reta";"Não";4;1;0;1;1;1;1;3;-27,672798;-48,694286;"SPRF-SC";"DEL01-SC";"UOP02-DEL01-SC"
462841;2022-07-20;"quarta-feira";"18:00:00";"SP";381;68;"MAIRIPORA";"Pedestre andava na pista";"Atropelamento de Pedestre";"Com Vítimas Fatais";"Plena Noite";"Decrescente";"Céu Claro";"Múltipla";"Declive";"Não";2;1;0;0;0;1;0;2;-23,34043796;-46,57433588;"SPRF-SP";"DEL03-SP";"UOP01-DEL03-SP"
462842;2022-07-20;"quarta-feira";"18:50:00";"RN";101;112;"PARNAMIRIM";"Acumulo de areia ou detritos sobre o pavimento";"Tombamento";"Com Vítimas Feridas";"Plena Noite";"Crescente";"Céu Claro";"Dupla";"Retorno Regulamentado";"Não";1;0;1;0;0;0;1;1;-5,968776;-35,264842;"SPRF-RN";"DEL01-RN";"UOP01-DEL01-RN"
462844;2022-07-20;"quarta-feira";"17:50:00";"PB";230;23;"JOAO PESSOA";"Chuva";"Tombamento";"Com Vítimas Feridas";"Plena Noite";"Decrescente";"Chuva";"Dupla";"Reta";"Não";1;0;0;1;0;0;1;1;-7,1562;-34,8574;"SPRF-PB";"DEL01-PB";"UOP01-DEL01-PB"
462845;2022-07-20;"quarta-feira";"18:30:00";"ES";101;80,7;"SAO MATEUS";"Ultrapassagem Indevida";"Colisão traseira";"Sem Vítimas";"Anoitecer";"Decrescente";"Céu Claro";"Simples";"Reta";"Não";2;0;0;0;1;1;0;2;-18,82149709;-39,90673788;"SPRF-ES";"DEL04-ES";"UOP02-DEL04-ES"
462846;2022-07-20;"quarta-feira";"18:15:00";"PR";376;614;"SAO JOSE DOS PINHAIS";"Ausência de reação do condutor";"Tombamento";"Com Vítimas Feridas";"Plena Noite";"Crescente";"Céu Claro";"Simples";"Aclive;Curva";"Sim";1;0;1;0;0;0;1;1;-25,567783;-49,183375;"SPRF-PR";"DEL01-PR";"UOP06-DEL01-PR"
462853;2022-07-20;"quarta-feira";"18:20:00";"PA";316;30;"SANTA IZABEL DO PARA";"Pista esburacada";"Colisão com objeto";"Com Vítimas Feridas";"Anoitecer";"Decrescente";"Céu Claro";"Dupla";"Reta";"Não";3;0;1;0;2;0;1;1;-1,302437;-48,196689;"SPRF-PA";"DEL01-PA";"UOP01-DEL01-PA"
462854;2022-07-20;"quarta-feira";"18:44:00";"TO";153;412;"MIRANORTE";"Pedestre andava na pista";"Atropelamento de Pedestre";"Com Vítimas Fatais";"Pleno dia";"Decrescente";"Céu Claro";"Dupla";"Reta";"Não";2;1;0;0;0;1;0;2;-9,51563983;-48,58971255;"SPRF-TO";"DEL02-TO";"UOP02-DEL02-TO"
462863;2022-07-20;"quarta-feira";"17:45:00";"RJ";393;171;"TRES RIOS";"Demais falhas na via";"Queda de ocupante de veículo";"Com Vítimas Feridas";"Anoitecer";"Crescente";"Céu Claro";"Simples";"Reta";"Não";1;0;1;0;0;0;1;1;-22,12300119;-43,16875093;"SPRF-RJ";"DEL05-RJ";"UOP02-DEL05-RJ"
462864;2022-07-20;"quarta-feira";"19:10:00";"DF";70;11;"BRASILIA";"Manobra de mudança de faixa";"Colisão lateral mesmo sentido";"Com Vítimas Feridas";"Plena Noite";"Crescente";"Céu Claro";"Dupla";"Reta";"Não";4;0;2;0;2;0;2;3;-15,789762;-48,148727;"SPRF-DF";"DEL03-DF";"UOP02-DEL03-DF"
462866;2022-07-20;"quarta-feira";"17:55:00";"MA";10;251;"IMPERATRIZ";"Acessar a via sem observar a presença dos outros veículos";"Colisão transversal";"Com Vítimas Feridas";"Anoitecer";"Decrescente";"Céu Claro";"Dupla";"Retorno Regulamentado";"Sim";3;0;2;0;1;0;2;2;-5,543249;-47,464447;"SPRF-MA";"DEL04-MA";"UOP01-DEL04-MA"