"id";"data_inversa";"dia_semana";"horario";"uf";"br";"km";"municipio";"causa_acidente";"tipo_acidente";"classificacao_acidente";"fase_dia";"sentido_via";"condicao_metereologica";"tipo_pista";"tracado_via";"uso_solo";"pessoas";"mortos";"feridos_leves";"feridos_graves";"ilesos";"ignorados";"feridos";"veiculos";"latitude";"longitude";"regional";"delegacia";"uop"
462867;2022-07-20;"quarta-feira";"18:30:00";"PB";230;290;"SANTA LUZIA";"Condutor deixou de manter distância do veículo da frente";"Colisão traseira";"Sem Vítimas";"Plena Noite";"Decrescente";"Céu Claro";"Simples";"Reta";"Não";2;0;0;0;2;0;0;2;-6,8742;-36,9085;"SPRF-PB";"DEL03-PB";"UOP01-DEL03-PB"
462868;2022-07-20;"quarta-feira";"11:35:00";"MG";262;819,9;"UBERABA";"Demais falhas mecânicas ou elétricas";"Incêndio";"Sem Vítimas";"Pleno dia";"Crescente";"Céu Claro";"Dupla";"Reta";"Não";1;0;0;0;1;0;0;1;-19,76304151;-48,1335551;"SPRF-MG";"DEL13-MG";"UOP01-DEL13-MG"
462874;2022-07-20;"quarta-feira";"18:30:00";"MS";163;208;"CAARAPO";"Condutor deixou de manter distância do veículo da frente";"Colisão traseira";"Com Vítimas Feridas";"Plena Noite";"Decrescente";"Céu Claro";"Simples";"Reta";"Sim";2;0;0;1;0;1;1;2;-22,637754;-54,815383;"SPRF-MS";"DEL04-MS";"UOP02-DEL04-MS"
462876;2022-07-20;"quarta-feira";"20:00:00";"SC";101;117,1;"ITAJAI";"Ausência de reação do condutor";"Colisão traseira";"Com Vítimas Feridas";"Plena Noite";"Crescente";"Céu Claro";"Múltipla";"Reta";"Sim";4;0;1;0;3;0;1;4;-26,88747187;-48,72252969;"SPRF-SC";"DEL04-SC";"UOP04-DEL04-SC"
462878;2022-07-20;"quarta-feira";"20:00:00";"CE";20;396;"CAUCAIA";"Acessar a via sem observar a presença dos outros veículos";"Colisão transversal";"Com Vítimas Fatais";"Plena Noite";"Decrescente";"Céu Claro";"Simples";"Reta";"Não";2;1;0;0;1;0;0;2;-3,82080051;-38,74413239;"SPRF-CE";"DEL01-CE";"UOP01-DEL01-CE"
462881;2022-07-20;"quarta-feira";"20:15:00";"RS";116;150,9;"CAXIAS DO SUL";"Pedestre cruzava a pista fora da faixa";"Atropelamento de Pedestre";"Com Vítimas Feridas";"Plena Noite";"Decrescente";"Céu Claro";"Dupla";"Aclive;Viaduto;Reta";"Sim";3;0;1;1;0;1;2;2;-29,168428;-51,158337;"SPRF-RS";"DEL05-RS";"UOP01-DEL05-RS"
462882;2022-07-20;"quarta-feira";"19:50:00";"PR";277;582,6;"CASCAVEL";"Reação tardia ou ineficiente do condutor";"Engavetamento";"Com Vítimas Feridas";"Anoitecer";"Decrescente";"Céu Claro";"Dupla";"Reta";"Sim";4;0;1;0;3;0;1;3;-24,97675228;-53,38623215;"SPRF-PR";"DEL04-PR";"UOP01-DEL04-PR"
462885;2022-07-20;"quarta-feira";"20:10:00";"DF";20;10,1;"BRASILIA";"Manobra de mudança de faixa";"Colisão traseira";"Com Vítimas Feridas";"Plena Noite";"Crescente";"Céu Claro";"Dupla";"Retorno Regulamentado";"Sim";3;0;0;1;2;0;1;2;-15,650243;-47,773872;"SPRF-DF";"DEL02-DF";"UOP01-DEL02-DF"
462886;2022-07-20;"quarta-feira";"17:10:00";"BA";101;666;"ITAPEBI";"Acessar a via sem observar a presença dos outros veículos";"Colisão transversal";"Com Vítimas Feridas";"Anoitecer";"Decrescente";"Nublado";"Simples";"Curva";"Não";3;0;1;0;2;0;1;2;-15,97811026;-39,56316417;"SPRF-BA";"DEL09-BA";"UOP01-DEL09-BA"
462888;2022-07-20;"quarta-feira";"18:40:00";"AC";364;138;"RIO BRANCO";"Reação tardia ou ineficiente do condutor";"Colisão lateral mesmo sentido";"Com Vítimas Feridas";"Plena Noite";"Decrescente";"Céu Claro";"Dupla";"Reta";"Sim";2;0;1;0;1;0;1;2;-9,96112502;-67,85646604;"SPRF-AC";"DEL01-AC";"UOP01-DEL01-AC"
462889;2022-07-20;"quarta-feira";"21:30:00";"CE";116;524;"JATI";"Transitar no acostamento";"Colisão traseira";"Com Vítimas Feridas";"Pleno dia";"Crescente";"Céu Claro";"Simples";"Reta";"Não";3;0;1;0;2;0;1;2;-7,59922701;-39,02919699;"SPRF-CE";"DEL05-CE";"UOP03-DEL05-CE"
462891;2022-07-20;"quarta-feira";"18:50:00";"SP";116;270,5;"TABOAO DA SERRA";"Condutor desrespeitou a iluminação vermelha do semáforo";"Colisão transversal";"Com Vítimas Feridas";"Anoitecer";"Crescente";"Céu Claro";"Múltipla";"Reta";"Sim";2;0;0;1;1;0;1;2;-23,61799728;-46,79677694;"SPRF-SP";"DEL04-SP";"UOP01-DEL04-SP"
462892;2022-07-20;"quarta-feira";"09:00:00";"MT";163;600;"NOVA MUTUM";"Frear bruscamente";"Tombamento";"Com Vítimas Feridas";"Pleno dia";"Decrescente";"Sol";"Dupla";"Reta";"Sim";1;0;1;0;0;0;1;1;-13,80017203;-56,06898677;"SPRF-MT";"DEL01-MT";"UOP01-DEL01-MT"
462894;2022-07-20;"quarta-feira";"17:10:00";"SC";282;516,1;"XAXIM";"Velocidade Incompatível";"Saída de leito carroçável";"Com Vítimas Feridas";"Pleno dia";"Crescente";"Céu Claro";"Simples";"Curva";"Não";1;0;1;0;0;0;1;1;-26,930862;-52,499157;"SPRF-SC";"DEL07-SC";"UOP01-DEL07-SC"
462898;2022-07-20;"quarta-feira";"21:08:00";"MS";163;461,4;"CAMPO GRANDE";"Ausência de reação do condutor";"Saída de leito carroçável";"Sem Vítimas";"Plena Noite";"Crescente";"Céu Claro";"Simples";"Reta";"Não";1;0;0;0;0;1;0;1;-20,6294929;-54,57205471;"SPRF-MS";"DEL01-MS";"UOP01-DEL01-MS"
462899;2022-07-20;"quarta-feira";"22:04:00";"GO";40;12,3;"LUZIANIA";"Entrada inopinada do pedestre";"Atropelamento de Pedestre";"Com Vítimas Feridas";"Plena Noite";"Crescente";"Céu Claro";"Dupla";"Reta";"Sim";2;0;0;1;1;0;1;2;-16,145123;-47,945382;"SPRF-DF";"DEL01-DF";"UOP01-DEL01-DF"
462900;2022-07-20;"quarta-feira";"22:50:00";"GO";414;437;"ANAPOLIS";"Ingestão de álcool pelo condutor";"Colisão traseira";"Com Vítimas Feridas";"Plena Noite";"Crescente";"Céu Claro";"Simples";"Reta";"Não";3;0;1;0;2;0;1;2;-16,26365299;-48,93824303;"SPRF-GO";"DEL02-GO";"UOP01-DEL02-GO"
462901;2022-07-20;"quarta-feira";"21:45:00";"SC";101;215,9;"PALHOCA";"Falta de acostamento";"Colisão lateral mesmo sentido";"Com Vítimas Feridas";"Plena Noite";"Crescente";"Céu Claro";"Múltipla";"Reta";"Sim";2;0;1;0;0;1;1;2;-27,65184843;-48,67604941;"SPRF-SC";"DEL01-SC";"UOP02-DEL01-SC"
462902;2022-07-20;"quarta-feira";"21:30:00";"SC";116;173;"SAO CRISTOVAO DO SUL";"Ingestão de álcool pelo condutor";"Saída de leito carroçável";"Sem Vítimas";"Plena Noite";"Crescente";"Céu Claro";"Simples";"Reta";"Não";1;0;0;0;1;0;0;1;-27,21941717;-50,46323405;"SPRF-SC";"DEL05-SC";"UOP03-DEL05-SC"
462904;2022-07-16;"sábado";"17:30:00";"MG";116;9;"DIVISA ALEGRE";"Afundamento ou ondulação no pavimento";"Saída de leito carroçável";"Com Vítimas Feridas";"Plena Noite";"Decrescente";"Céu Claro";"Simples";"Reta";"Não";2;0;0;1;1;0;1;1;-15,77536218;-41,33750254;"SPRF-BA";"DEL08-BA";"UOP03-DEL08-BA"
462907;2022-07-20;"quarta-feira";"22:30:00";"MT";163;688;"LUCAS DO RIO VERDE";"Condutor deixou de manter distância do veículo da frente";"Colisão traseira";"Com Vítimas Feridas";"Plena Noite";"Crescente";"Céu Claro";"Dupla";"Interseção de Vias";"Sim";2;0;1;0;1;0;1;2;-13,0695501;-55,92683673;"SPRF-MT";"DEL06-MT";"UOP01-DEL06-MT"
462909;2022-07-21;"quinta-feira";"01:20:00";"MG";40;520;"CONTAGEM";"Animais na Pista";"Atropelamento de Animal";"Sem Vítimas";"Plena Noite";"Crescente";"Céu Claro";"Dupla";"Reta";"Não";1;0;0;0;1;0;0;1;-19,84761911;-44,07276144;"SPRF-MG";"DEL01-MG";"UOP02-DEL01-MG"
462910;2022-05-02;"segunda-feira";"00:30:00";"SP";116;166,7;"JACAREI";"Pedestre cruzava a pista fora da faixa";"Atropelamento de Pedestre";"Com Vítimas Feridas";"Plena Noite";"Crescente";"Céu Claro";"Dupla";"Reta";"Não";2;0;0;1;1;0;1;2;-23,30254924;-46,02640493;"SPRF-SP";"DEL02-SP";"UOP01-DEL02-SP"
462912;2022-07-21;"quinta-feira";"01:25:00";"SC";101;206,9;"SAO JOSE";"Acessar a via sem observar a presença dos outros veículos";"Colisão transversal";"Sem Vítimas";"Plena Noite";"Decrescente";"Céu Claro";"Simples";"Interseção de Vias;Reta";"Sim";2;0;0;0;2;0;0;2;-27,59302423;-48,61826777;"SPRF-SC";"DEL01-SC";"UOP01-DEL01-SC"
462913;2022-07-21;"quinta-feira";"00:10:00";"PR";476;134,8;"CURITIBA";"Ausência de reação do condutor";"Colisão com objeto";"Com Vítimas Fatais";"Plena Noite";"Decrescente";"Céu Claro";"Dupla";"Reta";"Sim";1;1;0;0;0;0;0;1;-25,483279;-49,265152;"SPRF-PR";"DEL01-PR";"UOP03-DEL01-PR"
462916;2022-07-21;"quinta-feira";"00:10:00";"SP";381;87;"GUARULHOS";"Reação tardia ou ineficiente do condutor";"Tombamento";"Com Vítimas Feridas";"Plena Noite";"Crescente";"Céu Claro";"Dupla";"Reta";"Não";1;0;1;0;0;0;1;1;-23,46885001;-46,56996601;"SPRF-SP";"DEL03-SP";"UOP01-DEL03-SP"
462917;2022-06-17;"sexta-feira";"09:00:00";"PB";230;170;"CAMPINA GRANDE";"Transitar no acostamento";"Atropelamento de Pedestre";"Com Vítimas Feridas";"Pleno dia";"Decrescente";"Céu Claro";"Simples";"Reta";"Sim";2;0;1;0;0;1;1;2;-7,1806;-35,9873;"SPRF-PB";"DEL02-PB";"UOP02-DEL02-PB"
462921;2022-07-21;"quinta-feira";"05:00:00";"PR";116;17;"COLOMBO";"Ausência de reação do condutor";"Colisão traseira";"Com Vítimas Feridas";"Plena Noite";"Decrescente";"Nublado";"Dupla";"Reta";"Sim";2;0;0;1;1;0;1;2;-25,389;-49,1867;"SPRF-PR";"DEL01-PR";"UOP02-DEL01-PR"
462924;2022-07-21;"quinta-feira";"05:45:00";"RN";406;157;"CEARA-MIRIM";"Chuva";"Colisão traseira";"Com Vítimas Feridas";"Pleno dia";"Decrescente";"Chuva";"Simples";"Reta";"Não";2;0;1;0;1;0;1;2;-5,69226503;-35,38879603;"SPRF-RN";"DEL02-RN";"UOP01-DEL02-RN"
462926;2022-07-21;"quinta-feira";"05:32:00";"TO";153;122;"WANDERLANDIA";"Ausência de reação do condutor";"Colisão traseira";"Com Vítimas Feridas";"Amanhecer";"Decrescente";"Céu Claro";"Simples";"Reta";"Não";5;0;1;0;4;0;1;2;-7,05451008;-48,11331382;"SPRF-TO";"DEL02-TO";"UOP01-DEL02-TO"
462927;2022-07-21;"quinta-feira";"06:05:00";"RJ";101;203;"CASIMIRO DE ABREU";"Chuva";"Queda de ocupante de veículo";"Com Vítimas Feridas";"Amanhecer";"Crescente";"Chuva";"Dupla";"Reta";"Não";1;0;0;1;0;0;1;1;-22,47557761;-42,17219006;"SPRF-RJ";"DEL08-RJ";"UOP04-DEL08-RJ"
462929;2022-07-21;"quinta-feira";"05:20:00";"PR";376;595,8;"CURITIBA";"Velocidade Incompatível";"Saída de leito carroçável";"Com Vítimas Feridas";"Plena Noite";"Decrescente";"Nublado";"Dupla";"Reta";"Sim";1;0;1;0;0;0;1;1;-25,500169;-49,341897;"SPRF-PR";"DEL01-PR";"UOP06-DEL01-PR"
462930;2022-07-21;"quinta-feira";"06:25:00";"SP";116;500;"CAJATI";"Acessar a via sem observar a presença dos outros veículos";"Colisão traseira";"Com Vítimas Feridas";"Amanhecer";"Decrescente";"Nublado";"Dupla";"Reta";"Não";3;0;1;1;1;0;2;2;-24,78233887;-48,17058563;"SPRF-SP";"DEL05-SP";"UOP02-DEL05-SP"
462935;2022-07-21;"quinta-feira";"06:41:00";"DF";40;1;"BRASILIA";"Manobra de mudança de faixa";"Colisão lateral mesmo sentido";"Com Vítimas Feridas";"Pleno dia";"Decrescente";"Céu Claro";"Dupla";"Reta";"Sim";3;0;1;0;2;0;1;3;-15,98531052;-47,98761606;"SPRF-DF";"DEL01-DF";"UOP01-DEL01-DF"
462936;2022-07-20;"quarta-feira";"18:00:00";"AL";316;86;"SANTANA DO IPANEMA";"Pedestre andava na pista";"Atropelamento de Pedestre";"Com Vítimas Feridas";"Anoitecer";"Decrescente";"Céu Claro";"Simples";"Reta";"Sim";2;0;1;0;0;1;1;2;-9,37323821;-37,23532807;"SPRF-AL";"DEL03-AL";"UOP02-DEL03-AL"
462938;2022-07-21;"quinta-feira";"06:00:00";"GO";153;173;"CAMPINORTE";"Velocidade Incompatível";"Saída de leito carroçável";"Com Vítimas Feridas";"Amanhecer";"Crescente";"Céu Claro";"Simples";"Reta";"Não";4;0;3;0;0;1;3;1;-14,283866;-49,149002;"SPRF-GO";"DEL07-GO";"UOP02-DEL07-GO"
462941;2022-07-21;"quinta-feira";"07:00:00";"PR";476;129;"CURITIBA";"Reação tardia ou ineficiente do condutor";"Colisão traseira";"Com Vítimas Feridas";"Pleno dia";"Crescente";"Nublado";"Dupla";"Reta";"Sim";2;0;1;0;1;0;1;2;-25,44376871;-49,23611999;"SPRF-PR";"DEL01-PR";"UOP01-DEL01-PR"
462944;2022-07-21;"quinta-feira";"01:20:00";"CE";222;147;"IRAUCUBA";"Ingestão de álcool pelo condutor";"Saída de leito carroçável";"Sem Vítimas";"Plena Noite";"Decrescente";"Céu Claro";"Simples";"Curva";"Sim";1;0;0;0;0;1;0;1;-3,75013764;-39,77248192;"SPRF-CE";"DEL04-CE";"UOP03-DEL04-CE"
462945;2022-07-21;"quinta-feira";"06:20:00";"PR";376;590;"CURITIBA";"Condutor Dormindo";"Saída de leito carroçável";"Sem Vítimas";"Amanhecer";"Crescente";"Céu Claro";"Dupla";"Reta";"Sim";1;0;0;0;1;0;0;1;-25,46014894;-49,35911092;"SPRF-PR";"DEL01-PR";"UOP06-DEL01-PR"
462947;2022-07-20;"quarta-feira";"23:10:00";"MG";381;280;"JAGUARACU";"Ultrapassagem Indevida";"Colisão lateral sentido oposto";"Com Vítimas Feridas";"Plena Noite";"Decrescente";"Céu Claro";"Simples";"Reta";"Não";2;0;1;0;1;0;1;2;-19,60725919;-42,76186834;"SPRF-MG";"DEL03-MG";"UOP02-DEL03-MG"
462948;2022-07-21;"quinta-feira";"07:20:00";"PR";376;602;"CURITIBA";"Reação tardia ou ineficiente do condutor";"Tombamento";"Com Vítimas Feridas";"Pleno dia";"Decrescente";"Céu Claro";"Dupla";"Reta";"Sim";1;0;1;0;0;0;1;1;-25,54329052;-49,30719981;"SPRF-PR";"DEL01-PR";"UOP06-DEL01-PR"
462949;2022-07-13;"quarta-feira";"14:40:00";"PR";277;83,5;"CURITIBA";"Manobra de mudança de faixa";"Colisão lateral mesmo sentido";"Com Vítimas Feridas";"Pleno dia";"Crescente";"Nublado";"Múltipla";"Reta";"Sim";3;0;1;0;2;0;1;2;-25,44976557;-49,22844887;"SPRF-PR";"DEL01-PR";"UOP01-DEL01-PR"
462952;2022-05-13;"sexta-feira";"08:10:00";"MG";116;411;"GOVERNADOR VALADARES";"Ausência de reação do condutor";"Colisão lateral mesmo sentido";"Com Vítimas Feridas";"Pleno dia";"Crescente";"Céu Claro";"Simples";"Reta";"Sim";2;0;0;1;1;0;1;2;-18,86244705;-41,97405237;"SPRF-MG";"DEL06-MG";"UOP01-DEL06-MG"
462953;2022-07-21;"quinta-feira";"08:00:00";"CE";222;1,5;"FORTALEZA";"Animais na Pista";"Atropelamento de Animal";"Com Vítimas Feridas";"Pleno dia";"Decrescente";"Céu Claro";"Múltipla";"Reta";"Sim";2;0;1;1;0;0;2;1;-3,737804;-38,578061;"SPRF-CE";"DEL01-CE";"UOP01-DEL01-CE"
462954;2022-07-21;"quinta-feira";"08:20:00";"MG";40;525;"CONTAGEM";"Manobra de mudança de faixa";"Colisão lateral mesmo sentido";"Com Vítimas Feridas";"Pleno dia";"Crescente";"Céu Claro";"Dupla";"Reta";"Sim";3;0;1;1;1;0;2;2;-19,88361702;-44,05039336;"SPRF-MG";"DEL01-MG";"UOP02-DEL01-MG"
462956;2022-07-21;"quinta-feira";"08:22:00";"ES";101;266,9;"SERRA";"Manobra de mudança de faixa";"Tombamento";"Sem Vítimas";"Pleno dia";"Crescente";"Céu Claro";"Dupla";"Reta";"Sim";1;0;0;0;1;0;0;1;-20,190199;-40,26828891;"SPRF-ES";"DEL02-ES";"UOP01-DEL02-ES"
462957;2022-07-21;"quinta-feira";"08:20:00";"MG";381;794,9;"TRES CORACOES";"Velocidade Incompatível";"Saída de leito carroçável";"Com Vítimas Feridas";"Pleno dia";"Crescente";"Céu Claro";"Dupla";"Curva";"Sim";4;0;3;0;1;0;3;1;-21,68626885;-45,34601116;"SPRF-MG";"DEL16-MG";"UOP02-DEL16-MG"
462958;2022-07-21;"quinta-feira";"08:15:00";"PR";116;10;"COLOMBO";"Ingestão de álcool pelo condutor";"Queda de ocupante de veículo";"Com Vítimas Feridas";"Pleno dia";"Decrescente";"Nevoeiro/Neblina";"Dupla";"Viaduto;Interseção de Vias;Declive";"Sim";1;0;1;0;0;0;1;1;-25,3719;-49,134;"SPRF-PR";"DEL01-PR";"UOP02-DEL01-PR"
462961;2022-07-21;"quinta-feira";"08:04:00";"PI";343;12,8;"PARNAIBA";"Condutor deixou de manter distância do veículo da frente";"Colisão transversal";"Com Vítimas Feridas";"Pleno dia";"Crescente";"Céu Claro";"Dupla";"Reta";"Sim";2;0;1;0;1;0;1;2;-2,910035;-41,753662;"SPRF-PI";"DEL05-PI";"UOP01-DEL05-PI"
462962;2022-07-21;"quinta-feira";"07:55:00";"AL";104;39;"UNIAO DOS PALMARES";"Demais falhas mecânicas ou elétricas";"Incêndio";"Sem Vítimas";"Pleno dia";"Crescente";"Céu Claro";"Simples";"Reta";"Não";1;0;0;0;1;0;0;1;-9,19029401;-36,03691216;"SPRF-AL";"DEL01-AL";"UOP02-DEL01-AL"
462964;2022-07-21;"quinta-feira";"08:44:00";"PE";408;102,2;"RECIFE";"Participar de racha";"Queda de ocupante de veículo";"Com Vítimas Feridas";"Pleno dia";"Crescente";"Chuva";"Simples";"Reta";"Não";2;0;1;0;1;0;1;2;-8,05746154;-34,99468175;"SPRF-PE";"DEL01-PE";"UOP01-DEL01-PE"
462965;2022-07-21;"quinta-feira";"09:00:00";"SP";116;99;"PINDAMONHANGABA";"Avarias e/ou desgaste excessivo no pneu";"Tombamento";"Com Vítimas Feridas";"Pleno dia";"Decrescente";"Sol";"Dupla";"Retorno Regulamentado;Curva";"Não";1;0;1;0;0;0;1;1;-22,98236971;-45,46436617;"SPRF-SP";"DEL08-SP";"UOP01-DEL08-SP"
462966;2022-07-21;"quinta-feira";"09:30:00";"MG";354;711,4;"CAXAMBU";"Velocidade Incompatível";"Colisão com objeto";"Com Vítimas Feridas";"Pleno dia";"Crescente";"Sol";"Simples";"Curva";"Não";5;0;5;0;0;0;5;1;-22,040982;-44,92735;"SPRF-MG";"DEL17-MG";"UOP01-DEL17-MG"
462970;2022-07-21;"quinta-feira";"07:05:00";"AM";174;916;"MANAUS";"Ausência de reação do condutor";"Saída de leito carroçável";"Sem Vítimas";"Pleno dia";"Crescente";"Céu Claro";"Simples";"Declive";"Não";1;0;0;0;0;1;0;1;-2,69127403;-60,04856282;"SPRF-AM";"DEL01-AM";"UOP01-DEL01-AM"
462975;2022-06-09;"quinta-feira";"14:50:00";"PR";369;58;"BANDEIRANTES";"Acessar a via sem observar a presença dos outros veículos";"Colisão transversal";"Com Vítimas Feridas";"Pleno dia";"Crescente";"Céu Claro";"Simples";"Interseção de Vias";"Sim";3;0;1;0;1;1;1;2;-23,11153641;-50,37336051;"SPRF-PR";"DEL07-PR";"UOP01-DEL07-PR"
462977;2022-06-27;"segunda-feira";"18:00:00";"RJ";393;169;"TRES RIOS";"Demais falhas mecânicas ou elétricas";"Queda de ocupante de veículo";"Com Vítimas Feridas";"Plena Noite";"Decrescente";"Céu Claro";"Simples";"Curva";"Não";2;0;0;1;1;0;1;1;-22,125063;-43,155872;"SPRF-RJ";"DEL05-RJ";"UOP02-DEL05-RJ"
462979;2022-07-21;"quinta-feira";"10:51:00";"AL";104;88;"RIO LARGO";"Condutor deixou de manter distância do veículo da frente";"Colisão traseira";"Com Vítimas Feridas";"Pleno dia";"Crescente";"Céu Claro";"Dupla";"Reta";"Não";3;0;0;1;2;0;1;2;-9,48375193;-35,81815581;"SPRF-AL";"DEL01-AL";"UOP01-DEL01-AL"
462981;2022-07-21;"quinta-feira";"10:20:00";"BA";101;260,9;"SANTO ANTONIO DE JESUS";"Acessar a via sem observar a presença dos outros veículos";"Colisão transversal";"Com Vítimas Feridas";"Pleno dia";"Decrescente";"Nublado";"Múltipla";"Interseção de Vias";"Sim";2;0;1;0;1;0;1;2;-12,96449607;-39,27183151;"SPRF-BA";"DEL01-BA";"UOP02-DEL01-BA"
462983;2022-07-21;"quinta-feira";"11:15:00";"MG";381;484,9;"BETIM";"Ausência de reação do condutor";"Colisão lateral mesmo sentido";"Com Vítimas Feridas";"Pleno dia";"Crescente";"Sol";"Dupla";"Reta";"Sim";2;0;1;0;1;0;1;2;-19,95592351;-44,10324097;"SPRF-MG";"DEL01-MG";"UOP03-DEL01-MG"
462984;2022-07-08;"sexta-feira";"11:00:00";"PR";373;459,4;"CHOPINZINHO";"Desrespeitar a preferência no cruzamento";"Colisão transversal";"Com Vítimas Feridas";"Pleno dia";"Decrescente";"Céu Claro";"Simples";"Reta";"Não";3;0;0;1;1;1;1;3;-25,93751523;-52,4032402;"SPRF-PR";"DEL02-PR";"UOP01-DEL02-PR"
462985;2022-07-21;"quinta-feira";"10:35:00";"RS";116;183,6;"NOVA PETROPOLIS";"Ausência de reação do condutor";"Colisão traseira";"Sem Vítimas";"Pleno dia";"Crescente";"Sol";"Simples";"Reta";"Não";2;0;0;0;2;0;0;2;-29,38206672;-51,12330599;"SPRF-RS";"DEL05-RS";"UOP02-DEL05-RS"
462989;2022-07-21;"quinta-feira";"11:30:00";"PB";361;75,2;"PIANCO";"Ausência de reação do condutor";"Tombamento";"Com Vítimas Feridas";"Pleno dia";"Crescente";"Céu Claro";"Simples";"Reta;Declive";"Não";1;0;0;1;0;0;1;1;-7,190908;-37,85121;"SPRF-PB";"DEL03-PB";"UOP01-DEL03-PB"
462991;2022-07-21;"quinta-feira";"10:05:00";"MG";262;37,8;"MANHUACU";"Reação tardia ou ineficiente do condutor";"Colisão transversal";"Com Vítimas Feridas";"Pleno dia";"Decrescente";"Céu Claro";"Simples";"Reta";"Sim";3;0;1;0;2;0;1;2;-20,25748975;-42,03048732;"SPRF-MG";"DEL06-MG";"UOP03-DEL06-MG"
462992;2022-07-21;"quinta-feira";"10:40:00";"PB";230;115;"INGA";"Chuva";"Saída de leito carroçável";"Com Vítimas Feridas";"Pleno dia";"Crescente";"Chuva";"Dupla";"Declive";"Não";1;0;1;0;0;0;1;1;-7,2296;-35,5998;"SPRF-PB";"DEL01-PB";"UOP03-DEL01-PB"
462995;2022-07-21;"quinta-feira";"11:45:00";"PR";277;729;"FOZ DO IGUACU";"Acessar a via sem observar a presença dos outros veículos";"Colisão lateral mesmo sentido";"Com Vítimas Feridas";"Pleno dia";"Crescente";"Céu Claro";"Dupla";"Reta";"Sim";4;0;0;1;2;1;1;4;-25,50749887;-54,58379896;"SPRF-PR";"DEL05-PR";"UOP03-DEL05-PR"
462996;2022-07-21;"quinta-feira";"10:50:00";"GO";153;116;"ESTRELA DO NORTE";"Deficiência do Sistema de Iluminação/Sinalização";"Colisão traseira";"Com Vítimas Feridas";"Pleno dia";"Crescente";"Céu Claro";"Simples";"Declive";"Não";2;0;2;0;0;0;2;2;-13,787714;-49,034008;"SPRF-GO";"DEL07-GO";"UOP01-DEL07-GO"
462998;2022-07-21;"quinta-feira";"12:20:00";"RJ";101;324;"NITEROI";"Ausência de reação do condutor";"Incêndio";"Sem Vítimas";"Pleno dia";"Crescente";"Céu Claro";"Dupla";"Reta";"Não";1;0;0;0;1;0;0;1;-22,87381074;-43,12640997;"SPRF-RJ";"DEL02-RJ";"UOP01-DEL02-RJ"
462999;2022-07-21;"quinta-feira";"12:15:00";"BA";242;869;"BARREIRAS";"Ultrapassagem Indevida";"Colisão frontal";"Com Vítimas Fatais";"Pleno dia";"Crescente";"Céu Claro";"Simples";"Reta";"Não";7;1;3;3;0;0;6;2;-12,07692974;-45,51266512;"SPRF-BA";"DEL10-BA";"UOP01-DEL10-BA"
463000;2022-07-21;"quinta-feira";"12:21:00";"SP";116;124;"CACAPAVA";"Ausência de reação do condutor";"Colisão transversal";"Com Vítimas Feridas";"Pleno dia";"Crescente";"Céu Claro";"Simples";"Interseção de Vias";"Sim";3;0;2;1;0;0;3;2;-23,093116;-45,677904;"SPRF-SP";"DEL02-SP";"UOP02-DEL02-SP"
463001;2022-07-21;"quinta-feira";"11:20:00";"MT";364;245,7;"JUSCIMEIRA";"Velocidade Incompatível";"Saída de leito carroçável";"Com Vítimas Fatais";"Pleno dia";"Decrescente";"Sol";"Dupla";"Declive;Reta";"Não";1;1;0;0;0;0;0;1;-16,14544423;-54,81561415;"SPRF-MT";"DEL02-MT";"UOP01-DEL02-MT"
463002;2022-07-21;"quinta-feira";"12:05:00";"DF";70;14;"BRASILIA";"Ausência de reação do condutor";"Colisão traseira";"Com Vítimas Feridas";"Pleno dia";"Crescente";"Céu Claro";"Dupla";"Reta";"Não";3;0;1;0;2;0;1;2;-15,797312;-48,176056;"SPRF-DF";"DEL03-DF";"UOP02-DEL03-DF"
463003;2022-07-21;"quinta-feira";"12:25:00";"SC";101;115;"ITAJAI";"Acessar a via sem observar a presença dos outros veículos";"Colisão lateral mesmo sentido";"Com Vítimas Feridas";"Plena Noite";"Decrescente";"Céu Claro";"Dupla";"Interseção de Vias;Reta";"Sim";2;0;1;0;1;0;1;2;-26,86192886;-48,7286704;"SPRF-SC";"DEL04-SC";"UOP04-DEL04-SC"
463004;2022-07-21;"quinta-feira";"12:40:00";"BA";116;15,7;"VITORIA DA CONQUISTA";"Conversão proibida";"Colisão transversal";"Com Vítimas Feridas";"Pleno dia";"Decrescente";"Sol";"Simples";"Reta";"Sim";2;0;1;0;1;0;1;2;-14,900932;-40,852552;"SPRF-BA";"DEL08-BA";"UOP01-DEL08-BA"
463005;2022-07-21;"quinta-feira";"11:50:00";"RO";364;424;"JARU";"Acessar a via sem observar a presença dos outros veículos";"Colisão lateral mesmo sentido";"Com Vítimas Feridas";"Pleno dia";"Crescente";"Céu Claro";"Simples";"Interseção de Vias;Reta";"Sim";2;0;1;0;1;0;1;2;-10,44457274;-62,46568412;"SPRF-RO";"DEL03-RO";"UOP02-DEL03-RO"
463007;2022-03-04;"sexta-feira";"04:00:00";"MG";40;518;"RIBEIRAO DAS NEVES";"Transitar no acostamento";"Queda de ocupante de veículo";"Com Vítimas Feridas";"Plena Noite";"Crescente";"Céu Claro";"Dupla";"Reta;Aclive";"Sim";1;0;1;0;0;0;1;1;-19,8321242;-44,08208533;"SPRF-MG";"DEL01-MG";"UOP02-DEL01-MG"