"id";"data_inversa";"dia_semana";"horario";"uf";"br";"km";"municipio";"causa_acidente";"tipo_acidente";"classificacao_acidente";"fase_dia";"sentido_via";"condicao_metereologica";"tipo_pista";"tracado_via";"uso_solo";"pessoas";"mortos";"feridos_leves";"feridos_graves";"ilesos";"ignorados";"feridos";"veiculos";"latitude";"longitude";"regional";"delegacia";"uop"
463008;2022-07-16;"sábado";"19:40:00";"PA";163;988;"SANTAREM";"Ingestão de álcool pelo condutor";"Colisão lateral mesmo sentido";"Com Vítimas Feridas";"Plena Noite";"Decrescente";"Céu Claro";"Simples";"Reta";"Sim";2;0;1;0;1;0;1;2;-2,574782;-54,720886;"SPRF-PA";"DEL05-PA";"UOP01-DEL05-PA"
463010;2022-07-21;"quinta-feira";"03:30:00";"BA";242;301;"IBIQUERA";"Reação tardia ou ineficiente do condutor";"Saída de leito carroçável";"Com Vítimas Feridas";"Plena Noite";"Decrescente";"Céu Claro";"Simples";"Curva";"Não";2;0;2;0;0;0;2;1;-12,463968;-40,905331;"SPRF-BA";"DEL06-BA";"UOP02-DEL06-BA"
463011;2022-07-14;"quinta-feira";"14:20:00";"PR";277;472;"NOVA LARANJEIRAS";"Desrespeitar a preferência no cruzamento";"Colisão transversal";"Com Vítimas Feridas";"Pleno dia";"Crescente";"Céu Claro";"Simples";"Reta;Rotatória";"Sim";2;0;1;0;1;0;1;2;-25,31924705;-52,52279904;"SPRF-PR";"DEL04-PR";"UOP02-DEL04-PR"
463012;2022-07-21;"quinta-feira";"13:40:00";"SC";101;194;"BIGUACU";"Condutor deixou de manter distância do veículo da frente";"Colisão traseira";"Com Vítimas Feridas";"Pleno dia";"Decrescente";"Céu Claro";"Múltipla";"Reta";"Sim";2;0;1;0;1;0;1;2;-27,49815117;-48,65661236;"SPRF-SC";"DEL01-SC";"UOP01-DEL01-SC"
463016;2022-07-21;"quinta-feira";"14:10:00";"PR";277;586;"CASCAVEL";"Condutor deixou de manter distância do veículo da frente";"Engavetamento";"Sem Vítimas";"Pleno dia";"Crescente";"Céu Claro";"Simples";"Interseção de Vias";"Sim";5;0;0;0;5;0;0;4;-24,9649472;-53,4210459;"SPRF-PR";"DEL04-PR";"UOP01-DEL04-PR"
463017;2022-07-21;"quinta-feira";"13:10:00";"SC";101;344;"TUBARAO";"Manobra de mudança de faixa";"Colisão lateral mesmo sentido";"Com Vítimas Feridas";"Pleno dia";"Crescente";"Céu Claro";"Dupla";"Reta;Retorno Regulamentado";"Não";4;0;2;0;2;0;2;2;-28,53647889;-49,0531826;"SPRF-SC";"DEL02-SC";"UOP01-DEL02-SC"
463018;2022-07-21;"quinta-feira";"12:00:00";"SC";282;578;"PINHALZINHO";"Pedestre andava na pista";"Atropelamento de Pedestre";"Com Vítimas Feridas";"Pleno dia";"Crescente";"Céu Claro";"Simples";"Rotatória";"Sim";2;0;0;1;1;0;1;2;-26,838364;-52,985279;"SPRF-SC";"DEL07-SC";"UOP02-DEL07-SC"
463019;2022-07-21;"quinta-feira";"12:10:00";"RJ";40;117;"DUQUE DE CAXIAS";"Condutor deixou de manter distância do veículo da frente";"Colisão traseira";"Com Vítimas Feridas";"Pleno dia";"Decrescente";"Céu Claro";"Múltipla";"Reta";"Sim";3;0;2;0;0;1;2;2;-22,745676;-43,2881;"SPRF-RJ";"DEL01-RJ";"UOP01-DEL01-RJ"
463020;2022-07-21;"quinta-feira";"10:30:00";"BA";116;607;"IRAJUBA";"Ausência de reação do condutor";"Capotamento";"Com Vítimas Feridas";"Pleno dia";"Decrescente";"Céu Claro";"Simples";"Curva";"Não";1;0;1;0;0;0;1;1;-13,25838696;-40,01244432;"SPRF-BA";"DEL03-BA";"UOP01-DEL03-BA"
463021;2022-07-21;"quinta-feira";"14:30:00";"DF";70;5;"BRASILIA";"Ausência de reação do condutor";"Colisão traseira";"Sem Vítimas";"Pleno dia";"Crescente";"Céu Claro";"Dupla";"Reta";"Sim";2;0;0;0;2;0;0;2;-15,794656;-48,096779;"SPRF-DF";"DEL03-DF";"UOP02-DEL03-DF"
463022;2022-07-21;"quinta-feira";"14:00:00";"MT";163;835;"SINOP";"Ausência de reação do condutor";"Saída de leito carroçável";"Com Vítimas Feridas";"Pleno dia";"Crescente";"Céu Claro";"Simples";"Rotatória";"Sim";2;0;1;1;0;0;2;2;-11,867192;-55,496729;"SPRF-MT";"DEL06-MT";"UOP01-DEL06-MT"
463023;2022-07-21;"quinta-feira";"14:20:00";"MT";364;364;"SANTO ANTONIO DO LEVERGER";"Condutor Dormindo";"Saída de leito carroçável";"Com Vítimas Feridas";"Pleno dia";"Crescente";"Céu Claro";"Dupla";"Reta";"Não";2;0;1;0;1;0;1;1;-15,76687492;-55,6552047;"SPRF-MT";"DEL01-MT";"UOP02-DEL01-MT"
463024;2022-07-21;"quinta-feira";"15:30:00";"SC";101;136;"BALNEARIO CAMBORIU";"Reação tardia ou ineficiente do condutor";"Colisão lateral mesmo sentido";"Com Vítimas Feridas";"Pleno dia";"Crescente";"Céu Claro";"Múltipla";"Reta";"Não";2;0;2;0;0;0;2;2;-27,008113;-48,617245;"SPRF-SC";"DEL04-SC";"UOP03-DEL04-SC"
463026;2022-07-21;"quinta-feira";"15:30:00";"PR";476;174;"CONTENDA";"Acessar a via sem observar a presença dos outros veículos";"Colisão transversal";"Com Vítimas Feridas";"Pleno dia";"Crescente";"Nublado";"Simples";"Reta";"Não";3;0;1;0;2;0;1;2;-25,685408;-49,535042;"SPRF-PR";"DEL01-PR";"UOP03-DEL01-PR"
463027;2022-07-21;"quinta-feira";"15:43:00";"SP";116;220;"GUARULHOS";"Manobra de mudança de faixa";"Colisão lateral mesmo sentido";"Com Vítimas Feridas";"Pleno dia";"Crescente";"Céu Claro";"Múltipla";"Reta";"Sim";2;0;1;0;1;0;1;2;-23,46472809;-46,49793962;"SPRF-SP";"DEL01-SP";"UOP01-DEL01-SP"
463028;2022-07-21;"quinta-feira";"15:30:00";"GO";60;2,5;"SANTO ANTONIO DO DESCOBERTO";"Condutor usando celular";"Saída de leito carroçável";"Com Vítimas Feridas";"Pleno dia";"Crescente";"Céu Claro";"Dupla";"Aclive;Reta";"Não";1;0;1;0;0;0;1;1;-16,073365;-48,266527;"SPRF-DF";"DEL03-DF";"UOP01-DEL03-DF"
463030;2022-07-21;"quinta-feira";"16:45:00";"ES";101;285;"CARIACICA";"Trafegar com motocicleta (ou similar) entre as faixas";"Colisão transversal";"Com Vítimas Feridas";"Pleno dia";"Crescente";"Nublado";"Dupla";"Reta;Retorno Regulamentado;Interseção de Vias";"Sim";3;0;1;0;1;1;1;3;-20,25148171;-40,37270066;"SPRF-ES";"DEL01-ES";"UOP01-DEL01-ES"
463031;2022-07-21;"quinta-feira";"12:00:00";"RS";158;214,9;"CRUZ ALTA";"Reação tardia ou ineficiente do condutor";"Colisão traseira";"Sem Vítimas";"Pleno dia";"Crescente";"Céu Claro";"Simples";"Em Obras;Reta";"Não";3;0;0;0;3;0;0;2;-28,80854515;-53,60889162;"SPRF-RS";"DEL10-RS";"UOP02-DEL10-RS"
463033;2022-07-21;"quinta-feira";"17:05:00";"RJ";393;142,1;"SAPUCAIA";"Conversão proibida";"Colisão frontal";"Com Vítimas Feridas";"Pleno dia";"Crescente";"Céu Claro";"Simples";"Reta";"Sim";2;0;1;0;1;0;1;2;-22,01940357;-42,96428732;"SPRF-RJ";"DEL05-RJ";"UOP01-DEL05-RJ"
463034;2022-07-21;"quinta-feira";"16:15:00";"PR";163;287;"MARECHAL CANDIDO RONDON";"Transitar na contramão";"Colisão frontal";"Com Vítimas Feridas";"Pleno dia";"Crescente";"Sol";"Dupla";"Viaduto";"Sim";2;0;0;1;1;0;1;2;-24,55962092;-54,03702984;"SPRF-PR";"DEL06-PR";"UOP02-DEL06-PR"
463036;2022-07-21;"quinta-feira";"16:00:00";"SP";116;142,3;"SAO JOSE DOS CAMPOS";"Reação tardia ou ineficiente do condutor";"Colisão traseira";"Com Vítimas Feridas";"Pleno dia";"Decrescente";"Sol";"Dupla";"Reta";"Sim";3;0;1;0;2;0;1;2;-23,17849879;-45,83787411;"SPRF-SP";"DEL02-SP";"UOP01-DEL02-SP"
463037;2022-05-14;"sábado";"19:30:00";"PA";155;339;"MARABA";"Reação tardia ou ineficiente do condutor";"Saída de leito carroçável";"Com Vítimas Feridas";"Pleno dia";"Crescente";"Céu Claro";"Simples";"Reta";"Não";2;0;2;0;0;0;2;1;-5,404939;-49,07640105;"SPRF-PA";"DEL03-PA";"UOP01-DEL03-PA"
463038;2022-07-21;"quinta-feira";"17:00:00";"SP";116;211;"GUARULHOS";"Reação tardia ou ineficiente do condutor";"Colisão com objeto";"Com Vítimas Feridas";"Pleno dia";"Decrescente";"Céu Claro";"Simples";"Reta";"Sim";1;0;1;0;0;0;1;1;-23,4324306;-46,4194352;"SPRF-SP";"DEL01-SP";"UOP01-DEL01-SP"
463039;2022-07-21;"quinta-feira";"17:50:00";"SP";116;223;"GUARULHOS";"Ingestão de álcool pelo condutor";"Colisão com objeto";"Com Vítimas Feridas";"Plena Noite";"Decrescente";"Céu Claro";"Múltipla";"Reta";"Sim";1;0;1;0;0;0;1;1;-23,47559815;-46,5246609;"SPRF-SP";"DEL01-SP";"UOP01-DEL01-SP"
463040;2022-07-21;"quinta-feira";"15:55:00";"BA";101;262;"SANTO ANTONIO DE JESUS";"Transitar na contramão";"Colisão lateral sentido oposto";"Com Vítimas Feridas";"Pleno dia";"Crescente";"Nublado";"Simples";"Reta";"Sim";2;0;1;0;1;0;1;2;-12,97522303;-39,27603722;"SPRF-BA";"DEL01-BA";"UOP02-DEL01-BA"
463042;2022-07-21;"quinta-feira";"17:30:00";"ES";101;270;"SERRA";"Ausência de reação do condutor";"Queda de ocupante de veículo";"Com Vítimas Feridas";"Anoitecer";"Decrescente";"Céu Claro";"Múltipla";"Reta";"Sim";1;0;1;0;0;0;1;1;-20,22662056;-40,27075088;"SPRF-ES";"DEL02-ES";"UOP01-DEL02-ES"
463043;2022-07-21;"quinta-feira";"16:22:00";"MG";50;198;"DELTA";"Reação tardia ou ineficiente do condutor";"Colisão com objeto";"Sem Vítimas";"Pleno dia";"Decrescente";"Céu Claro";"Dupla";"Reta";"Não";1;0;0;0;0;1;0;1;-19,91852802;-47,82724402;"SPRF-MG";"DEL13-MG";"UOP01-DEL13-MG"
463044;2022-07-21;"quinta-feira";"16:35:00";"PR";376;190;"MARIALVA";"Ausência de reação do condutor";"Colisão com objeto";"Com Vítimas Feridas";"Pleno dia";"Crescente";"Céu Claro";"Dupla";"Curva";"Sim";2;0;0;1;0;1;1;2;-23,46634923;-51,82808011;"SPRF-PR";"DEL09-PR";"UOP01-DEL09-PR"
463045;2022-07-21;"quinta-feira";"18:10:00";"RS";116;491;"PELOTAS";"Acessar a via sem observar a presença dos outros veículos";"Colisão traseira";"Com Vítimas Fatais";"Plena Noite";"Crescente";"Nublado";"Dupla";"Reta";"Não";5;1;0;0;4;0;0;2;-31,48063886;-52,21312523;"SPRF-RS";"DEL07-RS";"UOP01-DEL07-RS"
463047;2022-07-21;"quinta-feira";"14:10:00";"SC";470;138;"RIO DO SUL";"Retorno proibido";"Colisão transversal";"Com Vítimas Feridas";"Pleno dia";"Crescente";"Céu Claro";"Simples";"Reta";"Não";2;0;1;0;1;0;1;2;-27,207214;-49,648476;"SPRF-SC";"DEL04-SC";"UOP02-DEL04-SC"
463048;2022-07-21;"quinta-feira";"17:10:00";"SC";470;59;"BLUMENAU";"Acessar a via sem observar a presença dos outros veículos";"Colisão transversal";"Sem Vítimas";"Pleno dia";"Decrescente";"Céu Claro";"Simples";"Reta";"Não";2;0;0;0;2;0;0;2;-26,882812;-49,1548;"SPRF-SC";"DEL04-SC";"UOP01-DEL04-SC"
463049;2022-07-21;"quinta-feira";"18:00:00";"SC";101;207;"SAO JOSE";"Ausência de reação do condutor";"Colisão com objeto";"Sem Vítimas";"Anoitecer";"Decrescente";"Céu Claro";"Múltipla";"Curva";"Sim";1;0;0;0;1;0;0;1;-27,60001226;-48,6226467;"SPRF-SC";"DEL01-SC";"UOP01-DEL01-SC"
463050;2022-07-21;"quinta-feira";"18:20:00";"PR";277;0;"PARANAGUA";"Entrada inopinada do pedestre";"Atropelamento de Pedestre";"Com Vítimas Feridas";"Plena Noite";"Crescente";"Céu Claro";"Dupla";"Reta";"Sim";2;0;0;1;1;0;1;2;-25,568198;-48,615292;"SPRF-PR";"DEL01-PR";"UOP05-DEL01-PR"
463052;2022-07-21;"quinta-feira";"15:30:00";"RJ";40;120;"DUQUE DE CAXIAS";"Condutor deixou de manter distância do veículo da frente";"Colisão traseira";"Com Vítimas Feridas";"Pleno dia";"Crescente";"Céu Claro";"Múltipla";"Reta";"Sim";2;0;1;0;1;0;1;2;-22,77312477;-43,28646541;"SPRF-RJ";"DEL01-RJ";"UOP01-DEL01-RJ"
463055;2022-07-21;"quinta-feira";"13:00:00";"GO";153;362;"JARAGUA";"Transitar no acostamento";"Colisão traseira";"Com Vítimas Feridas";"Pleno dia";"Crescente";"Céu Claro";"Simples";"Reta";"Não";41;0;1;0;40;0;1;3;-15,787637;-49,302852;"SPRF-GO";"DEL02-GO";"UOP02-DEL02-GO"
463056;2022-07-21;"quinta-feira";"18:00:00";"AL";101;114;"PILAR";"Velocidade Incompatível";"Queda de ocupante de veículo";"Com Vítimas Feridas";"Anoitecer";"Crescente";"Céu Claro";"Dupla";"Curva";"Não";1;0;1;0;0;0;1;1;-9,63663301;-36,03046002;"SPRF-AL";"DEL02-AL";"UOP01-DEL02-AL"
463057;2022-07-21;"quinta-feira";"19:00:00";"RS";116;268;"CANOAS";"Reação tardia ou ineficiente do condutor";"Colisão traseira";"Com Vítimas Feridas";"Plena Noite";"Decrescente";"Céu Claro";"Dupla";"Reta";"Sim";2;0;1;0;1;0;1;2;-29,95042502;-51,17652939;"SPRF-RS";"DEL01-RS";"UOP01-DEL01-RS"
463058;2022-07-12;"terça-feira";"20:30:00";"PA";10;354,9;"SANTA MARIA DO PARA";"Conversão proibida";"Colisão lateral sentido oposto";"Com Vítimas Feridas";"Plena Noite";"Decrescente";"Nublado";"Simples";"Reta";"Sim";3;0;0;1;2;0;1;2;-1,35646249;-47,57423141;"SPRF-PA";"DEL01-PA";"UOP02-DEL01-PA"
463060;2022-07-21;"quinta-feira";"18:50:00";"SC";101;199,2;"SAO JOSE";"Condutor deixou de manter distância do veículo da frente";"Colisão traseira";"Com Vítimas Feridas";"Pleno dia";"Decrescente";"Nublado";"Dupla";"Reta";"Sim";2;0;1;0;1;0;1;2;-27,53413705;-48,63003205;"SPRF-SC";"DEL01-SC";"UOP01-DEL01-SC"
463061;2022-07-21;"quinta-feira";"19:00:00";"PR";277;122;"CAMPO LARGO";"Reação tardia ou ineficiente do condutor";"Capotamento";"Com Vítimas Feridas";"Plena Noite";"Crescente";"Céu Claro";"Dupla";"Curva";"Não";2;0;1;0;1;0;1;2;-25,446252;-49,570335;"SPRF-PR";"DEL03-PR";"UOP03-DEL03-PR"
463062;2022-07-21;"quinta-feira";"19:00:00";"ES";101;144;"LINHARES";"Acessar a via sem observar a presença dos outros veículos";"Colisão traseira";"Com Vítimas Feridas";"Plena Noite";"Crescente";"Céu Claro";"Dupla";"Reta";"Sim";2;0;1;0;1;0;1;2;-19,35188295;-40,0636685;"SPRF-ES";"DEL04-ES";"UOP01-DEL04-ES"
463063;2022-07-21;"quinta-feira";"19:45:00";"DF";20;10,9;"BRASILIA";"Trafegar com motocicleta (ou similar) entre as faixas";"Colisão traseira";"Com Vítimas Feridas";"Plena Noite";"Crescente";"Céu Claro";"Dupla";"Reta";"Sim";4;0;2;0;2;0;2;3;-15,650243;-47,773872;"SPRF-DF";"DEL02-DF";"UOP01-DEL02-DF"
463064;2022-07-21;"quinta-feira";"18:30:00";"PR";277;730;"FOZ DO IGUACU";"Área urbana sem a presença de local apropriado para a travessia de pedestres";"Atropelamento de Pedestre";"Com Vítimas Fatais";"Anoitecer";"Crescente";"Céu Claro";"Dupla";"Declive";"Sim";5;1;0;0;2;2;0;2;-25,50826305;-54,59238593;"SPRF-PR";"DEL05-PR";"UOP03-DEL05-PR"
463065;2022-07-21;"quinta-feira";"18:55:00";"MG";262;759,9;"SACRAMENTO";"Entrada inopinada do pedestre";"Atropelamento de Pedestre";"Com Vítimas Fatais";"Plena Noite";"Crescente";"Céu Claro";"Simples";"Reta";"Não";2;1;0;0;0;1;0;2;-19,66609066;-47,60151908;"SPRF-MG";"DEL13-MG";"UOP01-DEL13-MG"
463067;2022-07-21;"quinta-feira";"19:29:00";"SP";116;148,7;"SAO JOSE DOS CAMPOS";"Acessar a via sem observar a presença dos outros veículos";"Atropelamento de Pedestre";"Com Vítimas Fatais";"Anoitecer";"Crescente";"Céu Claro";"Múltipla";"Reta";"Sim";2;1;0;0;1;0;0;2;-23,20700047;-45,88626861;"SPRF-SP";"DEL02-SP";"UOP01-DEL02-SP"
463069;2022-07-21;"quinta-feira";"19:53:00";"ES";101;333,5;"GUARAPARI";"Velocidade Incompatível";"Colisão com objeto";"Com Vítimas Feridas";"Plena Noite";"Crescente";"Céu Claro";"Dupla";"Curva";"Não";1;0;0;1;0;0;1;1;-20,61464111;-40,51385389;"SPRF-ES";"DEL03-ES";"UOP01-DEL03-ES"
463071;2022-07-21;"quinta-feira";"18:50:00";"SP";116;270,8;"TABOAO DA SERRA";"Reação tardia ou ineficiente do condutor";"Colisão com objeto";"Com Vítimas Feridas";"Plena Noite";"Crescente";"Céu Claro";"Dupla";"Reta";"Sim";2;0;2;0;0;0;2;1;-23,61799728;-46,79677694;"SPRF-SP";"DEL04-SP";"UOP01-DEL04-SP"
463072;2022-07-21;"quinta-feira";"20:00:00";"MG";381;511;"IGARAPE";"Ingestão de álcool pelo condutor";"Colisão lateral mesmo sentido";"Sem Vítimas";"Plena Noite";"Decrescente";"Céu Claro";"Múltipla";"Reta";"Sim";3;0;0;0;2;1;0;3;-20,06445721;-44,29440737;"SPRF-MG";"DEL01-MG";"UOP03-DEL01-MG"
463073;2022-07-21;"quinta-feira";"20:00:00";"BA";324;514;"FEIRA DE SANTANA";"Ingestão de álcool pelo condutor";"Colisão traseira";"Sem Vítimas";"Plena Noite";"Decrescente";"Chuva";"Simples";"Reta";"Sim";2;0;0;0;2;0;0;2;-12,23229233;-38,95215305;"SPRF-BA";"DEL02-BA";"UOP01-DEL02-BA"
463074;2022-07-21;"quinta-feira";"19:40:00";"PA";230;119;"MARABA";"Reação tardia ou ineficiente do condutor";"Tombamento";"Com Vítimas Feridas";"Plena Noite";"Decrescente";"Céu Claro";"Múltipla";"Curva";"Sim";2;0;2;0;0;0;2;1;-5,35060515;-49,1190362;"SPRF-PA";"DEL03-PA";"UOP01-DEL03-PA"
463075;2022-07-21;"quinta-feira";"18:47:00";"BA";116;859,8;"VITORIA DA CONQUISTA";"Animais na Pista";"Atropelamento de Animal";"Com Vítimas Feridas";"Pleno dia";"Crescente";"Nublado";"Simples";"Declive";"Não";2;0;1;0;1;0;1;1;-15,12682;-41,03662;"SPRF-BA";"DEL08-BA";"UOP01-DEL08-BA"
463077;2022-07-21;"quinta-feira";"13:30:00";"PR";116;137;"MANDIRITUBA";"Reação tardia ou ineficiente do condutor";"Colisão transversal";"Sem Vítimas";"Pleno dia";"Crescente";"Sol";"Dupla";"Reta";"Não";3;0;0;0;2;1;0;3;-25,70197606;-49,31951074;"SPRF-PR";"DEL01-PR";"UOP03-DEL01-PR"
463078;2022-07-21;"quinta-feira";"20:00:00";"AL";423;16;"CANAPI";"Ingestão de álcool pelo condutor";"Capotamento";"Com Vítimas Feridas";"Plena Noite";"Crescente";"Céu Claro";"Simples";"Reta";"Não";1;0;1;0;0;0;1;1;-9,1654807;-37,4285941;"SPRF-AL";"DEL03-AL";"UOP02-DEL03-AL"
463080;2022-07-21;"quinta-feira";"21:00:00";"MA";10;257;"IMPERATRIZ";"Ausência de sinalização";"Colisão transversal";"Com Vítimas Feridas";"Plena Noite";"Crescente";"Céu Claro";"Simples";"Reta";"Sim";2;0;2;0;0;0;2;2;-5,490634;-47,471973;"SPRF-MA";"DEL04-MA";"UOP01-DEL04-MA"
463082;2022-07-21;"quinta-feira";"19:51:00";"PE";101;8,7;"GOIANA";"Velocidade Incompatível";"Colisão com objeto";"Sem Vítimas";"Plena Noite";"Decrescente";"Céu Claro";"Dupla";"Reta";"Não";1;0;0;0;0;1;0;1;-7,56898134;-34,98959891;"SPRF-PE";"DEL01-PE";"UOP02-DEL01-PE"
463085;2022-07-21;"quinta-feira";"18:00:00";"MS";163;260,1;"DOURADOS";"Demais falhas mecânicas ou elétricas";"Incêndio";"Sem Vítimas";"Plena Noite";"Crescente";"Céu Claro";"Dupla";"Reta";"Não";1;0;0;0;1;0;0;1;-22,24489388;-54,77203018;"SPRF-MS";"DEL04-MS";"UOP01-DEL04-MS"
463088;2022-07-21;"quinta-feira";"20:40:00";"SC";101;164;"TIJUCAS";"Ausência de reação do condutor";"Colisão com objeto";"Com Vítimas Feridas";"Plena Noite";"Decrescente";"Nublado";"Simples";"Reta";"Sim";3;0;2;0;1;0;2;1;-27,243868;-48,6309;"SPRF-SC";"DEL04-SC";"UOP03-DEL04-SC"
463089;2022-07-21;"quinta-feira";"22:00:00";"RS";290;106;"ELDORADO DO SUL";"Ausência de reação do condutor";"Saída de leito carroçável";"Sem Vítimas";"Plena Noite";"Crescente";"Céu Claro";"Dupla";"Reta";"Não";1;0;0;0;0;1;0;1;-29,998999;-51,294563;"SPRF-RS";"DEL02-RS";"UOP01-DEL02-RS"
463090;2022-07-21;"quinta-feira";"19:00:00";"BA";410;1;"RIBEIRA DO POMBAL";"Acessar a via sem observar a presença dos outros veículos";"Colisão transversal";"Com Vítimas Feridas";"Plena Noite";"Crescente";"Céu Claro";"Simples";"Reta";"Sim";3;0;1;1;0;1;2;3;-10,81977994;-38,53734704;"SPRF-BA";"DEL07-BA";"UOP02-DEL07-BA"
463091;2022-07-21;"quinta-feira";"22:00:00";"SC";153;11;"AGUA DOCE";"Ausência de reação do condutor";"Colisão com objeto";"Com Vítimas Feridas";"Plena Noite";"Decrescente";"Céu Claro";"Simples";"Reta";"Não";1;0;1;0;0;0;1;1;-26,678205;-51,554218;"SPRF-SC";"DEL07-SC";"UOP05-DEL07-SC"
463092;2022-07-21;"quinta-feira";"22:35:00";"AL";104;86;"RIO LARGO";"Chuva";"Saída de leito carroçável";"Com Vítimas Feridas";"Plena Noite";"Decrescente";"Chuva";"Dupla";"Reta";"Não";5;0;3;1;1;0;4;1;-9,46691715;-35,82504135;"SPRF-AL";"DEL01-AL";"UOP01-DEL01-AL"
463093;2022-07-21;"quinta-feira";"22:35:00";"RS";116;257;"ESTEIO";"Manobra de mudança de faixa";"Saída de leito carroçável";"Com Vítimas Feridas";"Plena Noite";"Decrescente";"Céu Claro";"Dupla";"Reta";"Sim";4;0;0;1;1;2;1;2;-29,8477909;-51,17787838;"SPRF-RS";"DEL01-RS";"UOP02-DEL01-RS"
463095;2022-07-21;"quinta-feira";"23:00:00";"SC";101;128,6;"BALNEARIO CAMBORIU";"Reação tardia ou ineficiente do condutor";"Colisão com objeto";"Com Vítimas Feridas";"Plena Noite";"Decrescente";"Nublado";"Dupla";"Reta";"Não";2;0;1;1;0;0;2;1;-26,97284292;-48,68299451;"SPRF-SC";"DEL04-SC";"UOP03-DEL04-SC"
463098;2022-07-21;"quinta-feira";"23:10:00";"PR";116;88;"PIRAQUARA";"Ausência de reação do condutor";"Saída de leito carroçável";"Com Vítimas Feridas";"Plena Noite";"Decrescente";"Nublado";"Dupla";"Reta;Aclive";"Não";1;0;1;0;0;0;1;1;-25,44781497;-49,09096994;"SPRF-PR";"DEL01-PR";"UOP01-DEL01-PR"
463099;2022-07-21;"quinta-feira";"21:30:00";"PR";476;282;"SAO MATEUS DO SUL";"Reação tardia ou ineficiente do condutor";"Atropelamento de Pedestre";"Com Vítimas Fatais";"Plena Noite";"Decrescente";"Céu Claro";"Simples";"Reta";"Não";2;1;0;0;0;1;0;2;-25,883417;-50,430523;"SPRF-PR";"DEL02-PR";"UOP04-DEL02-PR"
463100;2022-07-21;"quinta-feira";"23:40:00";"DF";60;2,8;"BRASILIA";"Ausência de reação do condutor";"Saída de leito carroçável";"Sem Vítimas";"Plena Noite";"Crescente";"Céu Claro";"Dupla";"Reta";"Sim";1;0;0;0;1;0;0;1;-15,890521;-48,086864;"SPRF-DF";"DEL03-DF";"UOP01-DEL03-DF"
463102;2022-07-22;"sexta-feira";"00:10:00";"SP";116;168;"JACAREI";"Reação tardia ou ineficiente do condutor";"Queda de ocupante de veículo";"Com Vítimas Feridas";"Plena Noite";"Crescente";"Céu Claro";"Dupla";"Reta";"Sim";1;0;1;0;0;0;1;1;-23,30545902;-46,03567599;"SPRF-SP";"DEL02-SP";"UOP01-DEL02-SP"
463103;2022-07-20;"quarta-feira";"03:00:00";"MG";116;408;"GOVERNADOR VALADARES";"Ausência de reação do condutor";"Saída de leito carroçável";"Com Vítimas Feridas";"Plena Noite";"Crescente";"Céu Claro";"Simples";"Reta";"Sim";1;0;0;1;0;0;1;1;-18,84221919;-41,98289416;"SPRF-MG";"DEL06-MG";"UOP01-DEL06-MG"
463104;2022-07-22;"sexta-feira";"00:10:00";"SC";101;328,9;"CAPIVARI DE BAIXO";"Reação tardia ou ineficiente do condutor";"Colisão traseira";"Com Vítimas Feridas";"Plena Noite";"Decrescente";"Céu Claro";"Dupla";"Ponte";"Sim";3;0;2;0;1;0;2;3;-28,45092738;-48,97245026;"SPRF-SC";"DEL02-SC";"UOP01-DEL02-SC"
463107;2022-07-22;"sexta-feira";"01:30:00";"ES";262;30,3;"DOMINGOS MARTINS";"Velocidade Incompatível";"Colisão com objeto";"Com Vítimas Feridas";"Plena Noite";"Decrescente";"Céu Claro";"Simples";"Curva;Declive";"Não";3;0;3;0;0;0;3;1;-20,37451095;-40,56495316;"SPRF-ES";"DEL01-ES";"UOP01-DEL01-ES"
463108;2022-07-21;"quinta-feira";"18:25:00";"PR";277;584,2;"CASCAVEL";"Ausência de reação do condutor";"Tombamento";"Com Vítimas Feridas";"Plena Noite";"Decrescente";"Céu Claro";"Dupla";"Reta";"Sim";1;0;1;0;0;0;1;1;-24,965132;-53,4062293;"SPRF-PR";"DEL04-PR";"UOP01-DEL04-PR"
463109;2022-07-22;"sexta-feira";"02:20:00";"AL";101;209,2;"SAO SEBASTIAO";"Ingestão de álcool pelo condutor";"Saída de leito carroçável";"Sem Vítimas";"Plena Noite";"Crescente";"Nublado";"Simples";"Reta";"Não";1;0;0;0;1;0;0;1;-9,99754289;-36,60135905;"SPRF-AL";"DEL02-AL";"UOP02-DEL02-AL"
463111;2022-07-22;"sexta-feira";"00:45:00";"RO";364;648;"CANDEIAS DO JAMARI";"Demais falhas mecânicas ou elétricas";"Incêndio";"Sem Vítimas";"Plena Noite";"Crescente";"Céu Claro";"Simples";"Reta;Aclive";"Não";1;0;0;0;1;0;0;1;-8,939251;-63,43127203;"SPRF-RO";"DEL01-RO";"UOP04-DEL01-RO"
463115;2022-07-22;"sexta-feira";"02:40:00";"MG";50;176;"UBERABA";"Reação tardia ou ineficiente do condutor";"Saída de leito carroçável";"Sem Vítimas";"Plena Noite";"Crescente";"Céu Claro";"Dupla";"Reta";"Não";2;0;0;0;2;0;0;1;-19,77919981;-47,960032;"SPRF-MG";"DEL13-MG";"UOP01-DEL13-MG"