"id";"data_inversa";"dia_semana";"horario";"uf";"br";"km";"municipio";"causa_acidente";"tipo_acidente";"classificacao_acidente";"fase_dia";"sentido_via";"condicao_metereologica";"tipo_pista";"tracado_via";"uso_solo";"pessoas";"mortos";"feridos_leves";"feridos_graves";"ilesos";"ignorados";"feridos";"veiculos";"latitude";"longitude";"regional";"delegacia";"uop"
463236;2022-07-22;"sexta-feira";"12:45:00";"SC";282;629;"IRACEMINHA";"Acessar a via sem observar a presença dos outros veículos";"Colisão traseira";"Com Vítimas Feridas";"Pleno dia";"Decrescente";"Céu Claro";"Simples";"Curva;Aclive";"Não";2;0;1;0;1;0;1;2;-26,819656;-53,375282;"SPRF-SC";"DEL07-SC";"UOP02-DEL07-SC"
463237;2022-07-22;"sexta-feira";"14:30:00";"ES";101;110;"SOORETAMA";"Ausência de reação do condutor";"Colisão traseira";"Com Vítimas Feridas";"Pleno dia";"Crescente";"Céu Claro";"Simples";"Reta;Aclive";"Não";4;0;0;1;3;0;1;2;-19,06215201;-40,03484798;"SPRF-ES";"DEL04-ES";"UOP01-DEL04-ES"
463239;2022-07-22;"sexta-feira";"14:45:00";"GO";60;164;"GOIANIA";"Desrespeitar a preferência no cruzamento";"Colisão traseira";"Com Vítimas Feridas";"Pleno dia";"Decrescente";"Céu Claro";"Dupla";"Reta";"Sim";2;0;1;0;1;0;1;2;-16,7036;-49,342;"SPRF-GO";"DEL01-GO";"UOP02-DEL01-GO"
463242;2022-07-22;"sexta-feira";"13:30:00";"RS";285;139,1;"VACARIA";"Reação tardia ou ineficiente do condutor";"Colisão traseira";"Com Vítimas Feridas";"Pleno dia";"Decrescente";"Céu Claro";"Simples";"Reta";"Não";3;0;1;0;2;0;1;2;-28,395073;-51,054054;"SPRF-RS";"DEL05-RS";"UOP03-DEL05-RS"
463244;2022-07-22;"sexta-feira";"15:00:00";"RS";386;239,9;"SOLEDADE";"Condutor deixou de manter distância do veículo da frente";"Colisão traseira";"Com Vítimas Feridas";"Pleno dia";"Crescente";"Céu Claro";"Simples";"Reta";"Não";4;0;1;0;3;0;1;2;-28,757807;-52,532127;"SPRF-RS";"DEL04-RS";"UOP03-DEL04-RS"
463246;2022-07-22;"sexta-feira";"14:15:00";"RO";364;424,4;"JARU";"Acessar a via sem observar a presença dos outros veículos";"Colisão transversal";"Com Vítimas Feridas";"Pleno dia";"Crescente";"Céu Claro";"Dupla";"Reta";"Sim";3;0;1;0;2;0;1;2;-10,43965978;-62,46887326;"SPRF-RO";"DEL03-RO";"UOP02-DEL03-RO"
463247;2022-07-22;"sexta-feira";"15:02:00";"PR";277;527,5;"GUARANIACU";"Ausência de reação do condutor";"Colisão traseira";"Com Vítimas Feridas";"Pleno dia";"Crescente";"Sol";"Simples";"Aclive;Reta";"Não";11;0;1;1;9;0;2;3;-25,091649;-52,949265;"SPRF-PR";"DEL04-PR";"UOP01-DEL04-PR"
463250;2022-07-22;"sexta-feira";"16:10:00";"ES";262;94,1;"DOMINGOS MARTINS";"Acessar a via sem observar a presença dos outros veículos";"Colisão transversal";"Com Vítimas Feridas";"Pleno dia";"Decrescente";"Sol";"Dupla";"Interseção de Vias";"Não";2;0;2;0;0;0;2;2;-20,37386581;-41,05851884;"SPRF-ES";"DEL01-ES";"UOP02-DEL01-ES"
463252;2022-07-22;"sexta-feira";"16:45:00";"SC";101;131,2;"BALNEARIO CAMBORIU";"Ultrapassagem Indevida";"Colisão lateral mesmo sentido";"Com Vítimas Feridas";"Pleno dia";"Crescente";"Nevoeiro/Neblina";"Múltipla";"Reta";"Não";2;0;0;1;1;0;1;2;-26,99064209;-48,66310912;"SPRF-SC";"DEL04-SC";"UOP03-DEL04-SC"
463254;2022-07-22;"sexta-feira";"16:45:00";"PR";272;366,6;"CAMPO MOURAO";"Acessar a via sem observar a presença dos outros veículos";"Colisão lateral mesmo sentido";"Com Vítimas Feridas";"Pleno dia";"Crescente";"Céu Claro";"Dupla";"Reta";"Sim";2;0;1;0;1;0;1;2;-24,04638081;-52,39456989;"SPRF-PR";"DEL09-PR";"UOP03-DEL09-PR"
463257;2022-07-22;"sexta-feira";"15:20:00";"RJ";101;90;"CAMPOS DOS GOYTACAZES";"Velocidade Incompatível";"Saída de leito carroçável";"Com Vítimas Feridas";"Pleno dia";"Crescente";"Céu Claro";"Dupla";"Curva";"Não";2;0;2;0;0;0;2;1;-21,84358267;-41,51745547;"SPRF-RJ";"DEL08-RJ";"UOP02-DEL08-RJ"
463258;2022-07-22;"sexta-feira";"16:10:00";"MG";356;265,5;"MURIAE";"Acessar a via sem observar a presença dos outros veículos";"Colisão transversal";"Com Vítimas Feridas";"Pleno dia";"Crescente";"Céu Claro";"Simples";"Interseção de Vias;Reta";"Sim";2;0;1;0;1;0;1;2;-21,12728902;-42,36905336;"SPRF-MG";"DEL07-MG";"UOP02-DEL07-MG"
463259;2022-07-22;"sexta-feira";"18:00:00";"GO";40;5;"LUZIANIA";"Acessar a via sem observar a presença dos outros veículos";"Colisão transversal";"Com Vítimas Feridas";"Pleno dia";"Crescente";"Céu Claro";"Dupla";"Retorno Regulamentado";"Sim";3;0;1;0;2;0;1;2;-16,093134;-47,982236;"SPRF-DF";"DEL01-DF";"UOP01-DEL01-DF"
463262;2022-07-22;"sexta-feira";"17:20:00";"SP";153;74,1;"SAO JOSE DO RIO PRETO";"Condutor deixou de manter distância do veículo da frente";"Colisão traseira";"Com Vítimas Feridas";"Anoitecer";"Crescente";"Céu Claro";"Dupla";"Reta;Aclive";"Não";2;0;1;0;1;0;1;2;-20,88538598;-49,42676402;"SPRF-SP";"DEL09-SP";"UOP01-DEL09-SP"
463263;2022-07-22;"sexta-feira";"17:00:00";"SC";101;227;"PALHOCA";"Ausência de reação do condutor";"Colisão traseira";"Com Vítimas Feridas";"Pleno dia";"Decrescente";"Céu Claro";"Dupla";"Interseção de Vias";"Não";2;0;1;0;1;0;1;2;-27,7509149;-48,63460277;"SPRF-SC";"DEL01-SC";"UOP02-DEL01-SC"
463266;2022-07-22;"sexta-feira";"10:10:00";"GO";153;208;"URUACU";"Condutor deixou de manter distância do veículo da frente";"Colisão traseira";"Sem Vítimas";"Pleno dia";"Decrescente";"Céu Claro";"Simples";"Reta";"Não";2;0;0;0;2;0;0;2;-14,586481;-49,161167;"SPRF-GO";"DEL07-GO";"UOP02-DEL07-GO"
463272;2022-07-22;"sexta-feira";"15:50:00";"AC";364;136;"RIO BRANCO";"Frear bruscamente";"Tombamento";"Com Vítimas Feridas";"Pleno dia";"Crescente";"Céu Claro";"Dupla";"Declive;Curva";"Sim";1;0;0;1;0;0;1;1;-9,977578;-67,8489;"SPRF-AC";"DEL01-AC";"UOP01-DEL01-AC"
463273;2022-07-22;"sexta-feira";"17:40:00";"SC";101;151;"ITAPEMA";"Manobra de mudança de faixa";"Colisão lateral mesmo sentido";"Com Vítimas Feridas";"Plena Noite";"Decrescente";"Nevoeiro/Neblina";"Dupla";"Reta";"Sim";2;0;0;1;1;0;1;2;-27,126536;-48,609642;"SPRF-SC";"DEL04-SC";"UOP03-DEL04-SC"
463274;2022-07-22;"sexta-feira";"17:45:00";"MG";116;416,9;"GOVERNADOR VALADARES";"Acessar a via sem observar a presença dos outros veículos";"Colisão transversal";"Com Vítimas Feridas";"Anoitecer";"Crescente";"Céu Claro";"Simples";"Interseção de Vias";"Sim";3;0;1;1;1;0;2;2;-18,89215187;-41,94699543;"SPRF-MG";"DEL06-MG";"UOP01-DEL06-MG"
463275;2022-07-22;"sexta-feira";"13:20:00";"MA";10;256,3;"IMPERATRIZ";"Condutor deixou de manter distância do veículo da frente";"Colisão traseira";"Com Vítimas Feridas";"Pleno dia";"Decrescente";"Sol";"Simples";"Reta";"Sim";2;0;1;0;1;0;1;2;-5,499715;-47,471836;"SPRF-MA";"DEL04-MA";"UOP01-DEL04-MA"
463276;2022-07-22;"sexta-feira";"17:50:00";"MG";251;518,9;"MONTES CLAROS";"Acumulo de óleo sobre o pavimento";"Tombamento";"Com Vítimas Feridas";"Anoitecer";"Crescente";"Céu Claro";"Simples";"Reta;Aclive";"Não";1;0;1;0;0;0;1;1;-16,66257909;-43,76892799;"SPRF-MG";"DEL12-MG";"UOP01-DEL12-MG"
463277;2022-07-22;"sexta-feira";"14:50:00";"RJ";101;333;"RIO DE JANEIRO";"Condutor usando celular";"Colisão traseira";"Com Vítimas Feridas";"Pleno dia";"Decrescente";"Céu Claro";"Múltipla";"Reta";"Sim";3;0;1;0;2;0;1;3;-22,87680783;-43,20914268;"SPRF-RJ";"DEL02-RJ";"UOP01-DEL02-RJ"
463278;2022-07-22;"sexta-feira";"18:15:00";"GO";40;5,6;"VALPARAISO DE GOIAS";"Condutor deixou de manter distância do veículo da frente";"Colisão traseira";"Com Vítimas Feridas";"Anoitecer";"Crescente";"Céu Claro";"Dupla";"Reta";"Sim";2;0;1;0;1;0;1;2;-16,09674979;-47,98002189;"SPRF-DF";"DEL01-DF";"UOP01-DEL01-DF"
463279;2022-07-22;"sexta-feira";"17:10:00";"MS";163;258;"DOURADOS";"Ausência de reação do condutor";"Saída de leito carroçável";"Com Vítimas Feridas";"Anoitecer";"Crescente";"Céu Claro";"Simples";"Desvio Temporário";"Sim";2;0;1;0;1;0;1;1;-22,25859;-54,783592;"SPRF-MS";"DEL04-MS";"UOP01-DEL04-MS"
463280;2022-07-22;"sexta-feira";"18:00:00";"RS";285;451,5;"IJUI";"Acessar a via sem observar a presença dos outros veículos";"Colisão transversal";"Com Vítimas Feridas";"Anoitecer";"Decrescente";"Nublado";"Simples";"Reta";"Não";2;0;1;0;1;0;1;2;-28,37462;-53,840855;"SPRF-RS";"DEL10-RS";"UOP01-DEL10-RS"
463281;2022-07-22;"sexta-feira";"17:00:00";"BA";116;825;"VITORIA DA CONQUISTA";"Reação tardia ou ineficiente do condutor";"Engavetamento";"Com Vítimas Feridas";"Pleno dia";"Crescente";"Céu Claro";"Dupla";"Reta";"Sim";5;0;2;0;3;0;2;3;-14,86374641;-40,85025972;"SPRF-BA";"DEL08-BA";"UOP01-DEL08-BA"
463282;2022-07-22;"sexta-feira";"17:50:00";"MG";381;453,2;"SABARA";"Transitar no acostamento";"Colisão transversal";"Com Vítimas Feridas";"Anoitecer";"Crescente";"Céu Claro";"Simples";"Curva";"Sim";3;0;1;0;2;0;1;2;-19,85197588;-43,88851019;"SPRF-MG";"DEL01-MG";"UOP01-DEL01-MG"
463283;2022-07-22;"sexta-feira";"18:00:00";"RJ";40;119;"DUQUE DE CAXIAS";"Avarias e/ou desgaste excessivo no pneu";"Tombamento";"Com Vítimas Feridas";"Plena Noite";"Crescente";"Céu Claro";"Dupla";"Reta";"Sim";2;0;2;0;0;0;2;1;-22,76375592;-43,28683062;"SPRF-RJ";"DEL01-RJ";"UOP01-DEL01-RJ"
463284;2022-07-22;"sexta-feira";"18:15:00";"SC";101;115,6;"ITAJAI";"Reação tardia ou ineficiente do condutor";"Colisão traseira";"Com Vítimas Feridas";"Anoitecer";"Crescente";"Nublado";"Dupla";"Reta";"Sim";3;0;1;0;2;0;1;3;-26,87064015;-48,72954134;"SPRF-SC";"DEL04-SC";"UOP04-DEL04-SC"
463287;2022-07-22;"sexta-feira";"18:15:00";"RJ";116;78;"TERESOPOLIS";"Trafegar com motocicleta (ou similar) entre as faixas";"Atropelamento de Pedestre";"Com Vítimas Feridas";"Plena Noite";"Crescente";"Céu Claro";"Simples";"Reta";"Sim";2;0;1;0;1;0;1;2;-22,37408687;-42,95260496;"SPRF-RJ";"DEL04-RJ";"UOP01-DEL04-RJ"
463289;2022-07-20;"quarta-feira";"07:40:00";"PA";163;323;"NOVO PROGRESSO";"Pista esburacada";"Eventos atípicos";"Sem Vítimas";"Pleno dia";"Crescente";"Céu Claro";"Simples";"Reta";"Não";3;0;0;0;3;0;0;1;-7,0399028;-55,4178516;"SPRF-PA";"DEL05-PA";"UOP01-DEL05-PA"
463290;2022-07-22;"sexta-feira";"17:50:00";"DF";251;33;"BRASILIA";"Reação tardia ou ineficiente do condutor";"Saída de leito carroçável";"Com Vítimas Feridas";"Anoitecer";"Decrescente";"Céu Claro";"Simples";"Curva;Declive";"Não";4;0;4;0;0;0;4;1;-15,93670209;-47,75275296;"SPRF-DF";"DEL01-DF";"UOP01-DEL01-DF"
463291;2022-07-22;"sexta-feira";"18:00:00";"MG";40;556;"NOVA LIMA";"Reação tardia ou ineficiente do condutor";"Colisão traseira";"Com Vítimas Feridas";"Anoitecer";"Decrescente";"Céu Claro";"Dupla";"Aclive";"Não";3;0;1;0;2;0;1;3;-20,09356202;-43,97554136;"SPRF-MG";"DEL01-MG";"UOP02-DEL01-MG"
463293;2022-04-05;"terça-feira";"08:00:00";"RJ";116;164;"RIO DE JANEIRO";"Ausência de reação do condutor";"Queda de ocupante de veículo";"Com Vítimas Feridas";"Pleno dia";"Decrescente";"Nublado";"Dupla";"Reta";"Não";1;0;1;0;0;0;1;1;-22,81596232;-43,32490377;"SPRF-RJ";"DEL01-RJ";"UOP01-DEL01-RJ"
463294;2022-07-22;"sexta-feira";"18:10:00";"BA";101;745,4;"ITABELA";"Acessar a via sem observar a presença dos outros veículos";"Colisão transversal";"Com Vítimas Feridas";"Plena Noite";"Crescente";"Nublado";"Simples";"Interseção de Vias";"Sim";2;0;1;0;1;0;1;2;-16,57238;-39,558768;"SPRF-BA";"DEL09-BA";"UOP01-DEL09-BA"
463295;2022-07-22;"sexta-feira";"18:45:00";"ES";101;285;"CARIACICA";"Entrada inopinada do pedestre";"Atropelamento de Pedestre";"Com Vítimas Feridas";"Plena Noite";"Crescente";"Céu Claro";"Dupla";"Reta";"Não";2;0;2;0;0;0;2;2;-20,25148171;-40,37270066;"SPRF-ES";"DEL01-ES";"UOP01-DEL01-ES"
463296;2022-07-22;"sexta-feira";"17:50:00";"RN";304;113,7;"ACU";"Acessar a via sem observar a presença dos outros veículos";"Colisão transversal";"Com Vítimas Feridas";"Anoitecer";"Crescente";"Céu Claro";"Simples";"Declive";"Sim";2;0;1;0;0;1;1;2;-5,60581126;-36,91306313;"SPRF-RN";"DEL04-RN";"UOP01-DEL04-RN"
463297;2022-07-22;"sexta-feira";"16:20:00";"RO";319;58;"PORTO VELHO";"Reação tardia ou ineficiente do condutor";"Colisão lateral mesmo sentido";"Com Vítimas Feridas";"Pleno dia";"Crescente";"Céu Claro";"Dupla";"Interseção de Vias";"Sim";2;0;1;0;1;0;1;2;-8,739714;-63,93214024;"SPRF-RO";"DEL01-RO";"UOP01-DEL01-RO"
463298;2022-07-22;"sexta-feira";"18:20:00";"SC";282;4;"SAO JOSE";"Condutor deixou de manter distância do veículo da frente";"Colisão traseira";"Com Vítimas Feridas";"Anoitecer";"Crescente";"Nublado";"Múltipla";"Aclive";"Sim";3;0;0;1;2;0;1;3;-27,592646;-48,604034;"SPRF-SC";"DEL01-SC";"UOP01-DEL01-SC"
463301;2022-07-22;"sexta-feira";"19:00:00";"SP";459;31;"LORENA";"Reação tardia ou ineficiente do condutor";"Colisão traseira";"Com Vítimas Feridas";"Plena Noite";"Crescente";"Céu Claro";"Simples";"Reta";"Sim";3;0;1;0;2;0;1;3;-22,732813;-45,098679;"SPRF-SP";"DEL08-SP";"UOP02-DEL08-SP"
463302;2022-07-22;"sexta-feira";"19:20:00";"SP";116;226;"GUARULHOS";"Demais falhas mecânicas ou elétricas";"Incêndio";"Sem Vítimas";"Plena Noite";"Crescente";"Céu Claro";"Múltipla";"Reta";"Sim";1;0;0;0;1;0;0;1;-23,49102507;-46,54878195;"SPRF-SP";"DEL01-SP";"UOP01-DEL01-SP"
463303;2022-07-22;"sexta-feira";"18:50:00";"PR";476;136;"CURITIBA";"Trafegar com motocicleta (ou similar) entre as faixas";"Colisão lateral mesmo sentido";"Com Vítimas Feridas";"Plena Noite";"Crescente";"Nublado";"Dupla";"Reta";"Sim";2;0;1;0;1;0;1;2;-25,491047;-49,271679;"SPRF-PR";"DEL01-PR";"UOP03-DEL01-PR"
463304;2022-07-22;"sexta-feira";"19:30:00";"SC";280;31;"ARAQUARI";"Ingestão de álcool pelo condutor";"Colisão transversal";"Sem Vítimas";"Plena Noite";"Crescente";"Céu Claro";"Simples";"Interseção de Vias";"Não";2;0;0;0;2;0;0;2;-26,41649938;-48,77181215;"SPRF-SC";"DEL03-SC";"UOP03-DEL03-SC"
463305;2022-07-22;"sexta-feira";"14:50:00";"MG";40;34,3;"PARACATU";"Conversão proibida";"Colisão traseira";"Com Vítimas Feridas";"Pleno dia";"Decrescente";"Céu Claro";"Dupla";"Reta";"Não";3;0;2;0;1;0;2;2;-17,18867389;-46,92301984;"SPRF-MG";"DEL14-MG";"UOP01-DEL14-MG"
463309;2022-07-22;"sexta-feira";"18:20:00";"SC";101;347,6;"JAGUARUNA";"Desrespeitar a preferência no cruzamento";"Colisão transversal";"Com Vítimas Feridas";"Plena Noite";"Decrescente";"Céu Claro";"Simples";"Reta;Declive";"Não";2;0;0;1;1;0;1;2;-28,56402604;-49,05410532;"SPRF-SC";"DEL02-SC";"UOP01-DEL02-SC"
463310;2022-07-22;"sexta-feira";"19:00:00";"RS";386;27,6;"FREDERICO WESTPHALEN";"Manobra de mudança de faixa";"Colisão frontal";"Com Vítimas Feridas";"Anoitecer";"Crescente";"Céu Claro";"Simples";"Reta";"Sim";3;0;1;0;2;0;1;2;-27,305323;-53,370804;"SPRF-RS";"DEL08-RS";"UOP02-DEL08-RS"
463311;2022-07-22;"sexta-feira";"18:20:00";"BA";116;675;"JEQUIE";"Pedestre cruzava a pista fora da faixa";"Atropelamento de Pedestre";"Com Vítimas Feridas";"Plena Noite";"Crescente";"Céu Claro";"Simples";"Reta";"Não";2;0;1;0;1;0;1;2;-13,87238854;-40,12182757;"SPRF-BA";"DEL03-BA";"UOP01-DEL03-BA"
463316;2022-07-22;"sexta-feira";"19:00:00";"MT";163;1029;"PEIXOTO DE AZEVEDO";"Desrespeitar a preferência no cruzamento";"Colisão transversal";"Com Vítimas Feridas";"Plena Noite";"Crescente";"Céu Claro";"Simples";"Reta";"Sim";2;0;1;0;1;0;1;2;-10,2379185;-54,98322487;"SPRF-MT";"DEL06-MT";"NPF/DEL06-MT"
463318;2022-07-22;"sexta-feira";"20:00:00";"PE";101;67,5;"RECIFE";"Acessar a via sem observar a presença dos outros veículos";"Colisão transversal";"Com Vítimas Feridas";"Plena Noite";"Decrescente";"Céu Claro";"Múltipla";"Reta";"Sim";3;0;0;1;1;1;1;3;-8,046997;-34,944999;"SPRF-PE";"DEL01-PE";"UOP01-DEL01-PE"
463320;2022-07-22;"sexta-feira";"17:00:00";"RJ";116;143;"DUQUE DE CAXIAS";"Demais falhas mecânicas ou elétricas";"Incêndio";"Sem Vítimas";"Pleno dia";"Decrescente";"Nublado";"Múltipla";"Reta";"Sim";1;0;0;0;0;1;0;1;-22,65237271;-43,23918118;"SPRF-RJ";"DEL01-RJ";"UOP01-DEL01-RJ"
463321;2022-07-22;"sexta-feira";"20:00:00";"MG";116;704,9;"MURIAE";"Conversão proibida";"Colisão transversal";"Com Vítimas Feridas";"Plena Noite";"Decrescente";"Céu Claro";"Simples";"Reta";"Sim";3;0;1;0;0;2;1;3;-21,13416858;-42,38722798;"SPRF-MG";"DEL07-MG";"UOP02-DEL07-MG"
463322;2022-07-22;"sexta-feira";"20:00:00";"PR";476;123;"CURITIBA";"Manobra de mudança de faixa";"Colisão lateral mesmo sentido";"Com Vítimas Feridas";"Plena Noite";"Decrescente";"Céu Claro";"Dupla";"Reta";"Sim";2;0;1;0;1;0;1;2;-25,392904;-49,209557;"SPRF-PR";"DEL01-PR";"UOP01-DEL01-PR"
463323;2022-07-22;"sexta-feira";"19:00:00";"MG";40;528;"CONTAGEM";"Manobra de mudança de faixa";"Colisão lateral mesmo sentido";"Com Vítimas Feridas";"Plena Noite";"Decrescente";"Céu Claro";"Dupla";"Reta;Declive";"Sim";4;0;2;0;2;0;2;3;-19,90883179;-44,04436577;"SPRF-MG";"DEL01-MG";"UOP02-DEL01-MG"
463327;2022-07-22;"sexta-feira";"19:15:00";"PR";369;163;"CAMBE";"Obras na pista";"Colisão traseira";"Com Vítimas Feridas";"Plena Noite";"Decrescente";"Céu Claro";"Dupla";"Reta";"Não";2;0;0;1;1;0;1;2;-23,29651796;-51,27317727;"SPRF-PR";"DEL07-PR";"UOP01-DEL07-PR"
463328;2022-07-22;"sexta-feira";"18:40:00";"SC";101;54,6;"JOINVILLE";"Reação tardia ou ineficiente do condutor";"Colisão traseira";"Com Vítimas Feridas";"Plena Noite";"Decrescente";"Céu Claro";"Dupla";"Aclive;Reta";"Não";6;0;5;0;1;0;5;2;-26,42280898;-48,82977496;"SPRF-SC";"DEL03-SC";"UOP01-DEL03-SC"
463329;2022-07-22;"sexta-feira";"18:50:00";"MG";381;488;"BETIM";"Reação tardia ou ineficiente do condutor";"Colisão com objeto";"Com Vítimas Feridas";"Plena Noite";"Crescente";"Céu Claro";"Múltipla";"Reta";"Sim";1;0;1;0;0;0;1;1;-19,95882786;-44,12143707;"SPRF-MG";"DEL01-MG";"UOP03-DEL01-MG"
463330;2022-07-22;"sexta-feira";"18:45:00";"MG";116;528,3;"CARATINGA";"Ausência de reação do condutor";"Colisão traseira";"Com Vítimas Feridas";"Plena Noite";"Crescente";"Nublado";"Dupla";"Reta";"Sim";4;0;2;1;1;0;3;2;-19,78867238;-42,13634491;"SPRF-MG";"DEL06-MG";"UOP02-DEL06-MG"
463332;2022-07-22;"sexta-feira";"18:48:00";"ES";101;116;"SOORETAMA";"Manobra de mudança de faixa";"Colisão frontal";"Com Vítimas Feridas";"Plena Noite";"Crescente";"Céu Claro";"Simples";"Reta";"Não";4;0;0;4;0;0;4;2;-19,11117311;-40,05900079;"SPRF-ES";"DEL04-ES";"UOP01-DEL04-ES"
463333;2022-07-22;"sexta-feira";"21:00:00";"RJ";116;109;"GUAPIMIRIM";"Pedestre cruzava a pista fora da faixa";"Atropelamento de Pedestre";"Com Vítimas Fatais";"Plena Noite";"Decrescente";"Céu Claro";"Dupla";"Reta";"Sim";2;1;0;0;1;0;0;2;-22,54280711;-42,98518617;"SPRF-RJ";"DEL04-RJ";"UOP01-DEL04-RJ"
463334;2022-07-22;"sexta-feira";"20:55:00";"DF";70;1;"BRASILIA";"Ingestão de álcool pelo condutor";"Colisão traseira";"Sem Vítimas";"Plena Noite";"Crescente";"Céu Claro";"Dupla";"Reta";"Sim";2;0;0;0;2;0;0;2;-15,795264;-48,063801;"SPRF-DF";"DEL03-DF";"UOP02-DEL03-DF"
463335;2022-07-22;"sexta-feira";"19:20:00";"RJ";101;318;"SAO GONCALO";"Transitar na contramão";"Colisão frontal";"Sem Vítimas";"Plena Noite";"Decrescente";"Nublado";"Dupla";"Curva";"Sim";2;0;0;0;2;0;0;2;-22,84562994;-43,09841211;"SPRF-RJ";"DEL02-RJ";"UOP02-DEL02-RJ"
463336;2022-07-22;"sexta-feira";"16:40:00";"BA";324;577;"CANDEIAS";"Demais falhas mecânicas ou elétricas";"Colisão com objeto";"Com Vítimas Feridas";"Pleno dia";"Crescente";"Céu Claro";"Dupla";"Reta";"Não";2;0;1;0;1;0;1;2;-12,58364429;-38,53073221;"SPRF-BA";"DEL01-BA";"UOP01-DEL01-BA"
463337;2022-07-22;"sexta-feira";"14:40:00";"MG";116;277,2;"TEOFILO OTONI";"Condutor deixou de manter distância do veículo da frente";"Colisão traseira";"Com Vítimas Feridas";"Pleno dia";"Crescente";"Céu Claro";"Dupla";"Reta";"Sim";2;0;1;0;1;0;1;2;-17,859945;-41,515144;"SPRF-MG";"DEL11-MG";"UOP01-DEL11-MG"
463339;2022-07-22;"sexta-feira";"21:10:00";"SC";280;28,6;"ARAQUARI";"Condutor deixou de manter distância do veículo da frente";"Colisão traseira";"Com Vítimas Feridas";"Plena Noite";"Crescente";"Nublado";"Simples";"Reta";"Sim";2;0;1;0;1;0;1;2;-26,408273;-48,749833;"SPRF-SC";"DEL03-SC";"UOP03-DEL03-SC"
463342;2022-07-22;"sexta-feira";"19:50:00";"SC";470;67,3;"INDAIAL";"Conversão proibida";"Colisão frontal";"Com Vítimas Feridas";"Plena Noite";"Decrescente";"Céu Claro";"Simples";"Interseção de Vias;Desvio Temporário;Reta;Em Obras";"Sim";2;0;0;1;1;0;1;2;-26,872158;-49,23127;"SPRF-SC";"DEL04-SC";"UOP01-DEL04-SC"
463344;2022-07-22;"sexta-feira";"18:05:00";"MG";40;749,5;"CRISTIANO OTONI";"Desrespeitar a preferência no cruzamento";"Colisão transversal";"Com Vítimas Feridas";"Plena Noite";"Decrescente";"Céu Claro";"Simples";"Reta;Declive";"Não";2;0;2;0;0;0;2;1;-20,825314;-43,809513;"SPRF-MG";"DEL05-MG";"UOP01-DEL05-MG"
463345;2022-07-22;"sexta-feira";"18:40:00";"SC";101;68,9;"ARAQUARI";"Manobra de mudança de faixa";"Saída de leito carroçável";"Com Vítimas Feridas";"Plena Noite";"Decrescente";"Nevoeiro/Neblina";"Dupla";"Reta";"Não";1;0;0;1;0;0;1;1;-26,50046658;-48,72946143;"SPRF-SC";"DEL03-SC";"UOP02-DEL03-SC"
463348;2022-07-22;"sexta-feira";"18:30:00";"PE";232;310;"SERTANIA";"Animais na Pista";"Atropelamento de Animal";"Com Vítimas Feridas";"Plena Noite";"Crescente";"Garoa/Chuvisco";"Simples";"Declive";"Não";2;0;0;2;0;0;2;1;-8,15426602;-37,46519215;"SPRF-PE";"DEL04-PE";"UOP02-DEL04-PE"
463350;2022-07-22;"sexta-feira";"20:20:00";"MG";262;11,1;"MARTINS SOARES";"Acostamento em desnível";"Saída de leito carroçável";"Com Vítimas Feridas";"Plena Noite";"Crescente";"Nublado";"Simples";"Reta;Declive";"Não";1;0;1;0;0;0;1;1;-20,246508;-41,846962;"SPRF-MG";"DEL06-MG";"UOP03-DEL06-MG"
463351;2022-07-22;"sexta-feira";"22:00:00";"SP";116;98,4;"PINDAMONHANGABA";"Animais na Pista";"Atropelamento de Animal";"Com Vítimas Feridas";"Plena Noite";"Crescente";"Céu Claro";"Dupla";"Reta";"Não";2;0;2;0;0;0;2;1;-22,97805164;-45,45583318;"SPRF-SP";"DEL08-SP";"UOP01-DEL08-SP"
463352;2022-07-22;"sexta-feira";"21:40:00";"DF";20;5;"BRASILIA";"Velocidade Incompatível";"Colisão com objeto";"Sem Vítimas";"Pleno dia";"Crescente";"Céu Claro";"Dupla";"Viaduto;Curva";"Sim";1;0;0;0;0;1;0;1;-15,670546;-47,816044;"SPRF-DF";"DEL02-DF";"UOP01-DEL02-DF"
463353;2022-07-22;"sexta-feira";"23:05:00";"CE";222;5;"CAUCAIA";"Pedestre cruzava a pista fora da faixa";"Atropelamento de Pedestre";"Com Vítimas Feridas";"Plena Noite";"Crescente";"Vento";"Múltipla";"Reta";"Sim";3;0;3;0;0;0;3;2;-3,74296918;-38,61330997;"SPRF-CE";"DEL01-CE";"UOP01-DEL01-CE"
463355;2022-07-22;"sexta-feira";"21:45:00";"SC";101;442,9;"SANTA ROSA DO SUL";"Ingestão de álcool pelo condutor";"Colisão com objeto";"Sem Vítimas";"Plena Noite";"Decrescente";"Nublado";"Dupla";"Reta";"Não";1;0;0;0;1;0;0;1;-29,12959329;-49,68678391;"SPRF-SC";"DEL02-SC";"UOP02-DEL02-SC"