"id";"data_inversa";"dia_semana";"horario";"uf";"br";"km";"municipio";"causa_acidente";"tipo_acidente";"classificacao_acidente";"fase_dia";"sentido_via";"condicao_metereologica";"tipo_pista";"tracado_via";"uso_solo";"pessoas";"mortos";"feridos_leves";"feridos_graves";"ilesos";"ignorados";"feridos";"veiculos";"latitude";"longitude";"regional";"delegacia";"uop"
463356;2022-07-22;"sexta-feira";"22:50:00";"ES";262;120,5;"VENDA NOVA DO IMIGRANTE";"Condutor Dormindo";"Queda de ocupante de veículo";"Com Vítimas Feridas";"Plena Noite";"Crescente";"Céu Claro";"Simples";"Curva;Aclive";"Não";1;0;1;0;0;0;1;1;-20,29470498;-41,22808456;"SPRF-ES";"DEL01-ES";"UOP02-DEL01-ES"
463357;2022-07-22;"sexta-feira";"20:50:00";"RJ";101;327;"NITEROI";"Reação tardia ou ineficiente do condutor";"Queda de ocupante de veículo";"Com Vítimas Feridas";"Plena Noite";"Decrescente";"Céu Claro";"Múltipla";"Reta;Ponte";"Sim";1;0;1;0;0;0;1;1;-22,87117393;-43,15595099;"SPRF-RJ";"DEL02-RJ";"UOP01-DEL02-RJ"
463358;2022-07-22;"sexta-feira";"22:00:00";"RS";293;193;"BAGE";"Reação tardia ou ineficiente do condutor";"Atropelamento de Animal";"Com Vítimas Feridas";"Plena Noite";"Decrescente";"Ignorado";"Simples";"Reta";"Não";2;0;1;0;1;0;1;1;-31,25903909;-54,178855;"SPRF-RS";"DEL11-RS";"UOP03-DEL11-RS"
463360;2022-07-22;"sexta-feira";"23:00:00";"SC";470;72;"INDAIAL";"Ingestão de álcool pelo condutor";"Saída de leito carroçável";"Com Vítimas Feridas";"Plena Noite";"Crescente";"Nevoeiro/Neblina";"Dupla";"Curva;Em Obras";"Não";1;0;0;1;0;0;1;1;-26,901979;-49,268745;"SPRF-SC";"DEL04-SC";"UOP01-DEL04-SC"
463361;2022-07-22;"sexta-feira";"19:40:00";"RO";364;238;"CACOAL";"Acessar a via sem observar a presença dos outros veículos";"Colisão transversal";"Com Vítimas Feridas";"Plena Noite";"Decrescente";"Céu Claro";"Simples";"Reta";"Sim";2;0;2;0;0;0;2;2;-11,4388578;-61,45471289;"SPRF-RO";"DEL02-RO";"UOP02-DEL02-RO"
463362;2022-07-22;"sexta-feira";"19:30:00";"MA";230;476,6;"RIACHAO";"Acessar a via sem observar a presença dos outros veículos";"Colisão traseira";"Com Vítimas Fatais";"Plena Noite";"Crescente";"Céu Claro";"Simples";"Reta";"Não";3;1;0;0;2;0;0;2;-7,38604502;-46,64690509;"SPRF-MA";"DEL05-MA";"UOP01-DEL05-MA"
463363;2022-07-02;"sábado";"12:28:00";"SP";116;269;"TABOAO DA SERRA";"Entrada inopinada do pedestre";"Atropelamento de Pedestre";"Sem Vítimas";"Pleno dia";"Crescente";"Céu Claro";"Dupla";"Reta";"Sim";2;0;0;0;1;1;0;2;-23,61593059;-46,78826044;"SPRF-SP";"DEL04-SP";"UOP01-DEL04-SP"
463366;2022-07-03;"domingo";"07:20:00";"GO";40;1,7;"VALPARAISO DE GOIAS";"Transitar no acostamento";"Saída de leito carroçável";"Com Vítimas Feridas";"Pleno dia";"Crescente";"Céu Claro";"Dupla";"Reta";"Sim";2;0;0;1;1;0;1;2;-16,06338962;-47,98340147;"SPRF-DF";"DEL01-DF";"UOP01-DEL01-DF"
463367;2022-07-23;"sábado";"00:50:00";"PR";116;126;"FAZENDA RIO GRANDE";"Condutor desrespeitou a iluminação vermelha do semáforo";"Colisão traseira";"Com Vítimas Feridas";"Plena Noite";"Crescente";"Céu Claro";"Dupla";"Reta";"Sim";3;0;0;1;0;2;1;3;-25,60389895;-49,31824423;"SPRF-PR";"DEL01-PR";"UOP03-DEL01-PR"
463368;2022-07-23;"sábado";"01:00:00";"MG";262;441,8;"NOVA SERRANA";"Velocidade Incompatível";"Colisão traseira";"Com Vítimas Feridas";"Plena Noite";"Crescente";"Céu Claro";"Dupla";"Reta";"Sim";5;0;4;0;0;1;4;2;-19,88065393;-44,92197102;"SPRF-MG";"DEL08-MG";"UOP03-DEL08-MG"
463369;2022-07-23;"sábado";"01:40:00";"PR";369;173;"ROLANDIA";"Ausência de reação do condutor";"Queda de ocupante de veículo";"Com Vítimas Feridas";"Plena Noite";"Crescente";"Céu Claro";"Simples";"Reta";"Sim";2;0;1;1;0;0;2;1;-23,31841201;-51,37932837;"SPRF-PR";"DEL07-PR";"UOP01-DEL07-PR"
463370;2022-07-23;"sábado";"01:00:00";"MG";146;487,9;"POCOS DE CALDAS";"Ingestão de álcool pelo condutor";"Colisão com objeto";"Sem Vítimas";"Plena Noite";"Crescente";"Céu Claro";"Simples";"Curva;Aclive";"Não";1;0;0;0;1;0;0;1;-21,803101;-46,454476;"SPRF-MG";"DEL09-MG";"UOP01-DEL09-MG"
463373;2022-05-08;"domingo";"04:30:00";"BA";116;300;"ARACI";"Animais na Pista";"Atropelamento de Animal";"Com Vítimas Feridas";"Plena Noite";"Crescente";"Céu Claro";"Simples";"Reta";"Não";2;0;1;1;0;0;2;1;-11,31242088;-38,94395828;"SPRF-BA";"DEL02-BA";"UOP01-DEL02-BA"
463374;2022-07-23;"sábado";"01:45:00";"RS";386;185,7;"SANTO ANTONIO DO PLANALTO";"Demais falhas mecânicas ou elétricas";"Incêndio";"Sem Vítimas";"Plena Noite";"Decrescente";"Nublado";"Simples";"Reta";"Não";1;0;0;0;0;1;0;1;-28,338871;-52,720222;"SPRF-RS";"DEL08-RS";"UOP01-DEL08-RS"
463375;2022-07-23;"sábado";"01:35:00";"SC";163;72,5;"SAO MIGUEL DO OESTE";"Ausência de reação do condutor";"Saída de leito carroçável";"Com Vítimas Feridas";"Plena Noite";"Crescente";"Céu Claro";"Dupla";"Curva";"Sim";1;0;0;1;0;0;1;1;-26,7148704;-53,5174942;"SPRF-SC";"DEL07-SC";"UOP03-DEL07-SC"
463378;2022-07-23;"sábado";"02:40:00";"PR";369;159;"CAMBE";"Ingestão de álcool pelo condutor";"Colisão traseira";"Com Vítimas Feridas";"Plena Noite";"Crescente";"Céu Claro";"Dupla";"Reta";"Sim";5;0;1;2;2;0;3;3;-23,28269391;-51,24964893;"SPRF-PR";"DEL07-PR";"UOP01-DEL07-PR"
463379;2022-07-23;"sábado";"02:00:00";"RS";116;245;"SAO LEOPOLDO";"Ingestão de álcool pelo condutor";"Colisão lateral mesmo sentido";"Sem Vítimas";"Plena Noite";"Decrescente";"Nublado";"Múltipla";"Reta;Interseção de Vias";"Sim";2;0;0;0;2;0;0;2;-29,74980902;-51,15125361;"SPRF-RS";"DEL01-RS";"UOP02-DEL01-RS"
463381;2022-07-23;"sábado";"03:35:00";"SP";116;304,8;"SAO LOURENCO DA SERRA";"Velocidade Incompatível";"Saída de leito carroçável";"Com Vítimas Feridas";"Plena Noite";"Crescente";"Céu Claro";"Dupla";"Curva";"Não";1;0;1;0;0;0;1;1;-23,835151;-46,92964497;"SPRF-SP";"DEL04-SP";"UOP01-DEL04-SP"
463382;2022-07-23;"sábado";"02:45:00";"SC";470;166;"POUSO REDONDO";"Ausência de reação do condutor";"Capotamento";"Com Vítimas Feridas";"Plena Noite";"Decrescente";"Nevoeiro/Neblina";"Simples";"Reta;Declive";"Não";4;0;1;1;2;0;2;1;-27,275208;-49,855125;"SPRF-SC";"DEL04-SC";"UOP02-DEL04-SC"
463385;2022-07-23;"sábado";"03:55:00";"SC";282;507,1;"XANXERE";"Ingestão de álcool e/ou substâncias psicoativas pelo pedestre";"Colisão transversal";"Sem Vítimas";"Plena Noite";"Decrescente";"Céu Claro";"Dupla";"Retorno Regulamentado";"Sim";2;0;0;0;2;0;0;2;-26,88595;-52,437821;"SPRF-SC";"DEL07-SC";"UOP01-DEL07-SC"
463386;2022-07-23;"sábado";"05:05:00";"SC";101;134;"BALNEARIO CAMBORIU";"Reação tardia ou ineficiente do condutor";"Colisão com objeto";"Com Vítimas Fatais";"Plena Noite";"Crescente";"Céu Claro";"Múltipla";"Reta";"Sim";1;1;0;0;0;0;0;1;-27,00218;-48,636433;"SPRF-SC";"DEL04-SC";"UOP03-DEL04-SC"
463387;2022-07-23;"sábado";"05:00:00";"PA";163;960;"BELTERRA";"Reação tardia ou ineficiente do condutor";"Saída de leito carroçável";"Com Vítimas Feridas";"Plena Noite";"Crescente";"Céu Claro";"Simples";"Reta";"Não";24;0;21;1;2;0;22;1;-2,71293896;-54,9001872;"SPRF-PA";"DEL05-PA";"UOP01-DEL05-PA"
463388;2022-07-23;"sábado";"05:50:00";"SC";101;214,5;"PALHOCA";"Estacionar ou parar em local proibido";"Colisão traseira";"Com Vítimas Feridas";"Amanhecer";"Decrescente";"Céu Claro";"Múltipla";"Reta";"Sim";2;0;1;0;1;0;1;2;-27,64443;-48,67057;"SPRF-SC";"DEL01-SC";"UOP02-DEL01-SC"
463390;2022-07-23;"sábado";"05:50:00";"SC";101;205;"SAO JOSE";"Condutor deixou de manter distância do veículo da frente";"Colisão traseira";"Com Vítimas Feridas";"Amanhecer";"Decrescente";"Nublado";"Múltipla";"Reta";"Sim";2;0;0;1;1;0;1;2;-27,591313;-48,617855;"SPRF-SC";"DEL01-SC";"UOP01-DEL01-SC"
463391;2022-07-23;"sábado";"05:40:00";"MS";419;245,7;"ANASTACIO";"Entrada inopinada do pedestre";"Atropelamento de Pedestre";"Com Vítimas Feridas";"Amanhecer";"Crescente";"Céu Claro";"Simples";"Reta";"Não";2;0;0;2;0;0;2;2;-20,510827;-55,8181;"SPRF-MS";"DEL03-MS";"UOP01-DEL03-MS"
463393;2022-07-23;"sábado";"05:00:00";"SC";282;44,9;"AGUAS MORNAS";"Ausência de reação do condutor";"Saída de leito carroçável";"Sem Vítimas";"Amanhecer";"Crescente";"Céu Claro";"Simples";"Aclive;Reta";"Não";1;0;0;0;1;0;0;1;-27,722137;-48,90694;"SPRF-SC";"DEL01-SC";"UOP03-DEL01-SC"
463394;2022-07-23;"sábado";"06:20:00";"RJ";116;174;"NOVA IGUACU";"Condutor Dormindo";"Colisão com objeto";"Com Vítimas Feridas";"Amanhecer";"Crescente";"Céu Claro";"Múltipla";"Reta";"Sim";1;0;1;0;0;0;1;1;-22,76334077;-43,41935277;"SPRF-RJ";"DEL01-RJ";"UOP02-DEL01-RJ"
463397;2022-07-23;"sábado";"05:40:00";"MT";364;296;"JACIARA";"Ausência de reação do condutor";"Saída de leito carroçável";"Com Vítimas Feridas";"Pleno dia";"Decrescente";"Céu Claro";"Dupla";"Reta";"Não";2;0;2;0;0;0;2;1;-15,8641558;-55,12584675;"SPRF-MT";"DEL05-MT";"UOP02-DEL05-MT"
463398;2022-07-23;"sábado";"06:55:00";"RS";116;150,1;"CAXIAS DO SUL";"Reação tardia ou ineficiente do condutor";"Colisão transversal";"Sem Vítimas";"Pleno dia";"Crescente";"Nublado";"Dupla";"Reta";"Sim";2;0;0;0;2;0;0;2;-29,168428;-51,158337;"SPRF-RS";"DEL05-RS";"UOP01-DEL05-RS"
463400;2022-07-22;"sexta-feira";"23:30:00";"RJ";116;252;"PIRAI";"Ingestão de álcool pelo condutor";"Colisão com objeto";"Sem Vítimas";"Plena Noite";"Decrescente";"Céu Claro";"Dupla";"Reta";"Não";1;0;0;0;1;0;0;1;-22,58294737;-43,96879302;"SPRF-RJ";"DEL07-RJ";"UOP02-DEL07-RJ"
463401;2022-07-23;"sábado";"07:50:00";"ES";101;141;"LINHARES";"Ausência de reação do condutor";"Colisão com objeto";"Com Vítimas Fatais";"Amanhecer";"Crescente";"Céu Claro";"Dupla";"Reta";"Não";1;1;0;0;0;0;0;1;-19,32655693;-40,07192387;"SPRF-ES";"DEL04-ES";"UOP01-DEL04-ES"
463402;2022-07-23;"sábado";"04:30:00";"PB";361;44,7;"CATINGUEIRA";"Ausência de reação do condutor";"Saída de leito carroçável";"Com Vítimas Fatais";"Plena Noite";"Decrescente";"Ignorado";"Simples";"Reta;Ponte";"Não";5;4;0;0;0;1;0;2;-7,130541;-37,608538;"SPRF-PB";"DEL03-PB";"UOP01-DEL03-PB"
463404;2022-05-28;"sábado";"05:00:00";"MG";251;357;"PADRE CARVALHO";"Condutor Dormindo";"Saída de leito carroçável";"Com Vítimas Fatais";"Amanhecer";"Decrescente";"Céu Claro";"Simples";"Reta";"Não";2;1;1;0;0;0;1;1;-16,2648796;-42,58558298;"SPRF-MG";"DEL12-MG";"UOP01-DEL12-MG"
463405;2022-07-23;"sábado";"08:20:00";"AL";101;73;"MESSIAS";"Velocidade Incompatível";"Colisão traseira";"Com Vítimas Feridas";"Pleno dia";"Crescente";"Céu Claro";"Dupla";"Reta";"Não";2;0;1;0;1;0;1;2;-9,40436484;-35,83998111;"SPRF-AL";"DEL01-AL";"UOP01-DEL01-AL"
463406;2022-07-23;"sábado";"08:10:00";"RS";116;513,2;"PELOTAS";"Ingestão de álcool pelo condutor";"Colisão frontal";"Sem Vítimas";"Pleno dia";"Decrescente";"Nevoeiro/Neblina";"Múltipla";"Reta";"Sim";2;0;0;0;2;0;0;2;-31,64313197;-52,33497415;"SPRF-RS";"DEL07-RS";"UOP01-DEL07-RS"
463407;2022-02-07;"segunda-feira";"18:00:00";"MT";364;438;"VARZEA GRANDE";"Ausência de reação do condutor";"Queda de ocupante de veículo";"Com Vítimas Feridas";"Anoitecer";"Crescente";"Céu Claro";"Múltipla";"Reta";"Não";1;0;1;0;0;0;1;1;-15,60650424;-56,20330811;"SPRF-MT";"DEL01-MT";"UOP02-DEL01-MT"
463408;2022-07-23;"sábado";"04:00:00";"DF";20;21;"BRASILIA";"Velocidade Incompatível";"Saída de leito carroçável";"Sem Vítimas";"Plena Noite";"Crescente";"Céu Claro";"Dupla";"Reta";"Sim";1;0;0;0;0;1;0;1;-15,603384;-47,684692;"SPRF-DF";"DEL02-DF";"UOP01-DEL02-DF"
463412;2022-07-16;"sábado";"05:30:00";"MS";163;589;"BANDEIRANTES";"Demais falhas mecânicas ou elétricas";"Saída de leito carroçável";"Com Vítimas Feridas";"Amanhecer";"Crescente";"Céu Claro";"Dupla";"Reta";"Não";4;0;2;0;2;0;2;1;-19,57862412;-54,41137514;"SPRF-MS";"DEL06-MS";"UOP02-DEL06-MS"
463415;2022-07-23;"sábado";"05:40:00";"GO";153;325,7;"RIANAPOLIS";"Ingestão de álcool pelo condutor";"Tombamento";"Com Vítimas Feridas";"Plena Noite";"Crescente";"Céu Claro";"Simples";"Reta";"Não";1;0;1;0;0;0;1;1;-15,5017503;-49,48087607;"SPRF-GO";"DEL02-GO";"UOP02-DEL02-GO"
463417;2022-07-23;"sábado";"08:40:00";"MG";40;565,3;"NOVA LIMA";"Conversão proibida";"Colisão transversal";"Com Vítimas Feridas";"Pleno dia";"Crescente";"Céu Claro";"Simples";"Reta";"Não";3;0;0;1;2;0;1;2;-20,16985101;-43,96554788;"SPRF-MG";"DEL01-MG";"UOP02-DEL01-MG"
463418;2022-07-23;"sábado";"07:50:00";"PE";428;186;"PETROLINA";"Ausência de reação do condutor";"Colisão lateral mesmo sentido";"Com Vítimas Feridas";"Pleno dia";"Decrescente";"Céu Claro";"Dupla";"Em Obras";"Sim";3;0;2;0;1;0;2;2;-9,34807826;-40,47441248;"SPRF-PE";"DEL06-PE";"UOP01-DEL06-PE"
463419;2022-07-23;"sábado";"08:50:00";"PR";116;115;"CURITIBA";"Reação tardia ou ineficiente do condutor";"Colisão traseira";"Com Vítimas Feridas";"Pleno dia";"Crescente";"Céu Claro";"Dupla";"Reta";"Sim";3;0;1;0;1;1;1;3;-25,54493109;-49,29948449;"SPRF-PR";"DEL01-PR";"UOP06-DEL01-PR"
463421;2022-07-23;"sábado";"07:15:00";"RJ";101;322;"NITEROI";"Manobra de mudança de faixa";"Colisão lateral mesmo sentido";"Sem Vítimas";"Pleno dia";"Decrescente";"Céu Claro";"Dupla";"Reta";"Não";3;0;0;0;3;0;0;3;-22,878923;-43,110676;"SPRF-RJ";"DEL02-RJ";"UOP01-DEL02-RJ"
463422;2022-07-23;"sábado";"10:17:00";"DF";20;2;"BRASILIA";"Acessar a via sem observar a presença dos outros veículos";"Colisão transversal";"Com Vítimas Feridas";"Pleno dia";"Crescente";"Sol";"Dupla";"Interseção de Vias";"Sim";2;0;1;0;1;0;1;2;-15,682896;-47,840729;"SPRF-DF";"DEL02-DF";"UOP01-DEL02-DF"
463423;2022-07-23;"sábado";"10:20:00";"SC";101;192;"BIGUACU";"Obras na pista";"Queda de ocupante de veículo";"Com Vítimas Feridas";"Pleno dia";"Decrescente";"Céu Claro";"Dupla";"Reta";"Sim";1;0;1;0;0;0;1;1;-27,48443781;-48,64765238;"SPRF-SC";"DEL01-SC";"UOP01-DEL01-SC"
463424;2022-07-23;"sábado";"05:00:00";"RR";432;111;"CANTA";"Reação tardia ou ineficiente do condutor";"Capotamento";"Sem Vítimas";"Amanhecer";"Crescente";"Garoa/Chuvisco";"Simples";"Curva";"Não";2;0;0;0;2;0;0;1;2,06682666;-60,64315796;"SPRF-RR";"DEL01-RR";"UOP01-DEL01-RR"
463425;2022-07-23;"sábado";"08:05:00";"TO";153;141;"ARAGUAINA";"Ausência de reação do condutor";"Colisão frontal";"Com Vítimas Feridas";"Pleno dia";"Decrescente";"Céu Claro";"Dupla";"Retorno Regulamentado";"Sim";2;0;1;0;1;0;1;2;-7,175959;-48,219548;"SPRF-TO";"DEL02-TO";"UOP01-DEL02-TO"
463428;2022-07-23;"sábado";"10:30:00";"MG";40;500,5;"ESMERALDAS";"Manobra de mudança de faixa";"Colisão traseira";"Com Vítimas Feridas";"Pleno dia";"Crescente";"Céu Claro";"Dupla";"Reta";"Não";2;0;0;1;1;0;1;2;-19,70073502;-44,17382703;"SPRF-MG";"DEL02-MG";"UOP01-DEL02-MG"
463429;2022-07-17;"domingo";"20:00:00";"PR";476;320,5;"PAULO FRONTIN";"Reação tardia ou ineficiente do condutor";"Saída de leito carroçável";"Sem Vítimas";"Plena Noite";"Decrescente";"Céu Claro";"Simples";"Reta";"Não";1;0;0;0;1;0;0;1;-26,066572;-50,729763;"SPRF-PR";"DEL02-PR";"UOP04-DEL02-PR"
463431;2022-07-23;"sábado";"10:45:00";"PR";116;117;"CURITIBA";"Manobra de mudança de faixa";"Colisão lateral mesmo sentido";"Com Vítimas Feridas";"Pleno dia";"Decrescente";"Sol";"Dupla";"Curva;Aclive";"Sim";2;0;1;0;1;0;1;2;-25,55990052;-49,30718964;"SPRF-PR";"DEL01-PR";"UOP06-DEL01-PR"
463432;2022-07-23;"sábado";"11:11:00";"DF";20;21;"BRASILIA";"Acessar a via sem observar a presença dos outros veículos";"Colisão lateral mesmo sentido";"Com Vítimas Feridas";"Pleno dia";"Decrescente";"Sol";"Dupla";"Reta";"Sim";2;0;0;1;1;0;1;2;-15,603384;-47,684692;"SPRF-DF";"DEL02-DF";"UOP01-DEL02-DF"
463433;2022-07-23;"sábado";"08:45:00";"MG";40;559;"NOVA LIMA";"Obstrução na via";"Saída de leito carroçável";"Com Vítimas Feridas";"Pleno dia";"Decrescente";"Céu Claro";"Dupla";"Reta";"Não";5;0;3;0;2;0;3;2;-20,11861708;-43,96783926;"SPRF-MG";"DEL01-MG";"UOP02-DEL01-MG"
463434;2022-07-23;"sábado";"11:00:00";"SP";116;270;"TABOAO DA SERRA";"Reação tardia ou ineficiente do condutor";"Tombamento";"Com Vítimas Feridas";"Pleno dia";"Crescente";"Céu Claro";"Múltipla";"Curva";"Sim";1;0;1;0;0;0;1;1;-23,6179972751;-46,7967769415;"SPRF-SP";"DEL04-SP";"UOP01-DEL04-SP"
463437;2022-07-23;"sábado";"10:25:00";"PR";469;2;"FOZ DO IGUACU";"Reação tardia ou ineficiente do condutor";"Colisão lateral mesmo sentido";"Com Vítimas Feridas";"Pleno dia";"Crescente";"Sol";"Simples";"Reta;Ponte";"Sim";2;0;1;0;1;0;1;2;-25,5469;-54,5882;"SPRF-PR";"DEL05-PR";"UOP04-DEL05-PR"
463440;2022-07-23;"sábado";"11:30:00";"GO";60;103,1;"ANAPOLIS";"Reação tardia ou ineficiente do condutor";"Colisão traseira";"Com Vítimas Feridas";"Pleno dia";"Crescente";"Céu Claro";"Dupla";"Curva";"Não";5;0;1;0;4;0;1;2;-16,4098;-48,9913;"SPRF-GO";"DEL02-GO";"UOP01-DEL02-GO"
463441;2022-07-23;"sábado";"10:40:00";"MS";163;697,7;"RIO VERDE DE MATO GROSSO";"Avarias e/ou desgaste excessivo no pneu";"Saída de leito carroçável";"Com Vítimas Fatais";"Pleno dia";"Decrescente";"Sol";"Dupla";"Reta";"Não";3;1;1;1;0;0;2;1;-18,78267807;-54,82820046;"SPRF-MS";"DEL06-MS";"UOP01-DEL06-MS"
463442;2022-07-23;"sábado";"11:04:00";"MG";381;639,2;"SANTO ANTONIO DO AMPARO";"Condutor usando celular";"Saída de leito carroçável";"Com Vítimas Feridas";"Pleno dia";"Crescente";"Céu Claro";"Dupla";"Reta";"Não";2;0;1;0;1;0;1;1;-20,89056977;-44,8523283;"SPRF-MG";"DEL04-MG";"UOP01-DEL04-MG"
463443;2022-07-23;"sábado";"11:10:00";"SC";101;24;"JOINVILLE";"Mal súbito do condutor";"Colisão com objeto";"Com Vítimas Feridas";"Pleno dia";"Decrescente";"Céu Claro";"Simples";"Reta";"Sim";1;0;1;0;0;0;1;1;-26,17483309;-48,90767978;"SPRF-SC";"DEL03-SC";"UOP01-DEL03-SC"
463444;2022-07-23;"sábado";"12:05:00";"GO";20;3;"FORMOSA";"Ingestão de álcool pelo condutor";"Colisão transversal";"Com Vítimas Feridas";"Pleno dia";"Crescente";"Sol";"Simples";"Retorno Regulamentado";"Sim";3;0;1;1;1;0;2;2;-15,567487;-47,320309;"SPRF-DF";"DEL02-DF";"UOP01-DEL02-DF"
463446;2022-07-23;"sábado";"11:00:00";"ES";262;52,1;"MARECHAL FLORIANO";"Acessar a via sem observar a presença dos outros veículos";"Colisão transversal";"Com Vítimas Feridas";"Pleno dia";"Crescente";"Céu Claro";"Simples";"Reta";"Não";2;0;0;1;1;0;1;2;-20,41363499;-40,723665;"SPRF-ES";"DEL01-ES";"UOP01-DEL01-ES"
463447;2022-07-23;"sábado";"10:00:00";"BA";116;766;"POCOES";"Manobra de mudança de faixa";"Colisão frontal";"Com Vítimas Feridas";"Pleno dia";"Decrescente";"Sol";"Simples";"Reta";"Não";22;0;10;1;11;0;11;2;-14,52914006;-40,38191094;"SPRF-BA";"DEL08-BA";"UOP02-DEL08-BA"
463449;2022-07-23;"sábado";"11:50:00";"CE";116;27;"ITAITINGA";"Ausência de reação do condutor";"Colisão traseira";"Com Vítimas Feridas";"Pleno dia";"Crescente";"Céu Claro";"Múltipla";"Reta";"Sim";2;0;0;1;1;0;1;2;-3,98418708;-38,5151357;"SPRF-CE";"DEL01-CE";"UOP02-DEL01-CE"
463451;2022-07-23;"sábado";"12:10:00";"ES";101;206;"JOAO NEIVA";"Acessar a via sem observar a presença dos outros veículos";"Colisão transversal";"Com Vítimas Feridas";"Pleno dia";"Decrescente";"Sol";"Simples";"Interseção de Vias";"Sim";3;0;1;0;2;0;1;2;-19,76435421;-40,37263919;"SPRF-ES";"DEL02-ES";"UOP01-DEL02-ES"
463452;2022-07-23;"sábado";"11:45:00";"RN";101;85;"NATAL";"Condutor deixou de manter distância do veículo da frente";"Colisão traseira";"Com Vítimas Feridas";"Pleno dia";"Decrescente";"Céu Claro";"Dupla";"Reta";"Sim";2;0;1;0;1;0;1;2;-5,777664;-35,24937;"SPRF-RN";"DEL02-RN";"UOP01-DEL02-RN"
463454;2022-07-23;"sábado";"10:10:00";"RJ";101;416;"MANGARATIBA";"Condutor deixou de manter distância do veículo da frente";"Colisão traseira";"Sem Vítimas";"Pleno dia";"Crescente";"Céu Claro";"Dupla";"Reta";"Não";2;0;0;0;2;0;0;2;-22,90729503;-43,89024997;"SPRF-RJ";"DEL03-RJ";"UOP02-DEL03-RJ"
463457;2022-07-23;"sábado";"12:50:00";"PB";230;85,8;"CALDAS BRANDAO";"Velocidade Incompatível";"Saída de leito carroçável";"Com Vítimas Feridas";"Pleno dia";"Decrescente";"Céu Claro";"Dupla";"Reta;Aclive";"Não";2;0;1;1;0;0;2;1;-7,168258;-35,369064;"SPRF-PB";"DEL01-PB";"UOP03-DEL01-PB"
463460;2022-07-23;"sábado";"11:03:00";"AC";364;137;"RIO BRANCO";"Acessar a via sem observar a presença dos outros veículos";"Colisão transversal";"Com Vítimas Feridas";"Pleno dia";"Crescente";"Céu Claro";"Dupla";"Rotatória";"Sim";1;0;1;0;0;0;1;1;-9,96935404;-67,85264513;"SPRF-AC";"DEL01-AC";"UOP01-DEL01-AC"
463461;2022-07-23;"sábado";"13:40:00";"SC";101;204;"SAO JOSE";"Ausência de reação do condutor";"Queda de ocupante de veículo";"Com Vítimas Feridas";"Pleno dia";"Decrescente";"Céu Claro";"Dupla";"Reta";"Sim";1;0;1;0;0;0;1;1;-27,57413014;-48,61363083;"SPRF-SC";"DEL01-SC";"UOP01-DEL01-SC"
463462;2022-03-25;"sexta-feira";"18:15:00";"MS";158;330;"BRASILANDIA";"Velocidade Incompatível";"Tombamento";"Com Vítimas Feridas";"Anoitecer";"Decrescente";"Ignorado";"Simples";"Reta";"Não";3;0;1;1;0;1;2;2;-21,185122;-51,990595;"SPRF-MS";"DEL07-MS";"UOP01-DEL07-MS"
463463;2022-07-23;"sábado";"12:20:00";"MT";163;687;"LUCAS DO RIO VERDE";"Acessar a via sem observar a presença dos outros veículos";"Colisão transversal";"Com Vítimas Feridas";"Pleno dia";"Decrescente";"Céu Claro";"Dupla";"Interseção de Vias";"Sim";2;0;1;0;1;0;1;2;-13,079406;-55,937392;"SPRF-MT";"DEL06-MT";"UOP01-DEL06-MT"
463464;2022-07-23;"sábado";"11:00:00";"SP";116;325;"JUQUITIBA";"Ausência de reação do condutor";"Saída de leito carroçável";"Com Vítimas Feridas";"Pleno dia";"Decrescente";"Céu Claro";"Dupla";"Reta";"Não";1;0;1;0;0;0;1;1;-23,94085262;-47,05337099;"SPRF-SP";"DEL04-SP";"UOP01-DEL04-SP"
463466;2022-07-23;"sábado";"12:20:00";"MT";163;843,1;"SINOP";"Reação tardia ou ineficiente do condutor";"Eventos atípicos";"Sem Vítimas";"Pleno dia";"Decrescente";"Céu Claro";"Simples";"Reta";"Sim";1;0;0;0;1;0;0;1;-11,91612191;-55,50952235;"SPRF-MT";"DEL06-MT";"NPF/DEL06-MT"
463469;2022-07-23;"sábado";"13:30:00";"SC";470;41,9;"BLUMENAU";"Ultrapassagem Indevida";"Colisão lateral sentido oposto";"Com Vítimas Feridas";"Pleno dia";"Crescente";"Céu Claro";"Dupla";"Curva";"Não";4;0;0;1;2;1;1;3;-26,882343;-48,996975;"SPRF-SC";"DEL04-SC";"UOP01-DEL04-SC"
463470;2022-07-23;"sábado";"13:15:00";"SC";101;266;"PAULO LOPES";"Desrespeitar a preferência no cruzamento";"Colisão transversal";"Com Vítimas Feridas";"Pleno dia";"Decrescente";"Céu Claro";"Simples";"Declive";"Sim";3;0;0;2;1;0;2;2;-28,06847808;-48,71463931;"SPRF-SC";"DEL02-SC";"UOP03-DEL02-SC"
463471;2022-07-23;"sábado";"13:00:00";"PR";373;258;"PRUDENTOPOLIS";"Acessar a via sem observar a presença dos outros veículos";"Colisão transversal";"Com Vítimas Feridas";"Pleno dia";"Crescente";"Sol";"Simples";"Reta";"Não";4;0;2;2;0;0;4;2;-25,20075897;-50,92820203;"SPRF-PR";"DEL03-PR";"UOP04-DEL03-PR"
463472;2022-07-23;"sábado";"14:50:00";"RJ";40;118;"DUQUE DE CAXIAS";"Trafegar com motocicleta (ou similar) entre as faixas";"Colisão lateral mesmo sentido";"Com Vítimas Feridas";"Pleno dia";"Crescente";"Sol";"Múltipla";"Reta";"Sim";2;0;1;0;1;0;1;2;-22,75470802;-43,28737838;"SPRF-RJ";"DEL01-RJ";"UOP01-DEL01-RJ"