"id";"data_inversa";"dia_semana";"horario";"uf";"br";"km";"municipio";"causa_acidente";"tipo_acidente";"classificacao_acidente";"fase_dia";"sentido_via";"condicao_metereologica";"tipo_pista";"tracado_via";"uso_solo";"pessoas";"mortos";"feridos_leves";"feridos_graves";"ilesos";"ignorados";"feridos";"veiculos";"latitude";"longitude";"regional";"delegacia";"uop"
463473;2022-07-23;"sábado";"15:00:00";"ES";101;124;"SOORETAMA";"Acesso irregular";"Colisão transversal";"Com Vítimas Feridas";"Pleno dia";"Decrescente";"Céu Claro";"Simples";"Reta;Declive";"Não";3;0;0;1;2;0;1;2;-19,17652792;-40,09118118;"SPRF-ES";"DEL04-ES";"UOP01-DEL04-ES"
463475;2022-07-23;"sábado";"14:50:00";"SE";101;55,4;"JAPARATUBA";"Ausência de reação do condutor";"Saída de leito carroçável";"Com Vítimas Feridas";"Pleno dia";"Decrescente";"Céu Claro";"Simples";"Em Obras";"Não";18;0;4;0;14;0;4;1;-10,633431;-37,003742;"SPRF-SE";"DEL02-SE";"UOP02-DEL02-SE"
463476;2022-07-23;"sábado";"11:10:00";"SC";153;106;"CONCORDIA";"Pista esburacada";"Tombamento";"Com Vítimas Feridas";"Pleno dia";"Decrescente";"Céu Claro";"Simples";"Curva";"Não";2;0;2;0;0;0;2;1;-27,291899;-51,97433;"SPRF-SC";"DEL07-SC";"UOP04-DEL07-SC"
463479;2022-07-23;"sábado";"13:30:00";"PB";101;61;"SANTA RITA";"Condutor Dormindo";"Saída de leito carroçável";"Sem Vítimas";"Pleno dia";"Crescente";"Céu Claro";"Dupla";"Curva";"Não";2;0;0;0;2;0;0;1;-7,00949401;-35,06072329;"SPRF-PB";"DEL01-PB";"UOP04-DEL01-PB"
463480;2022-07-23;"sábado";"15:10:00";"SC";282;4,3;"FLORIANOPOLIS";"Reação tardia ou ineficiente do condutor";"Colisão traseira";"Com Vítimas Feridas";"Pleno dia";"Decrescente";"Céu Claro";"Múltipla";"Reta";"Sim";2;0;0;1;1;0;1;2;-27,592646;-48,604034;"SPRF-SC";"DEL01-SC";"UOP01-DEL01-SC"
463481;2022-07-23;"sábado";"15:15:00";"RJ";116;317;"ITATIAIA";"Desrespeitar a preferência no cruzamento";"Colisão transversal";"Com Vítimas Feridas";"Pleno dia";"Crescente";"Céu Claro";"Simples";"Reta";"Sim";3;0;1;0;2;0;1;2;-22,46708478;-44,50067002;"SPRF-RJ";"DEL07-RJ";"UOP02-DEL07-RJ"
463482;2022-07-23;"sábado";"14:45:00";"RJ";116;78;"TERESOPOLIS";"Acessar a via sem observar a presença dos outros veículos";"Colisão transversal";"Com Vítimas Feridas";"Pleno dia";"Decrescente";"Sol";"Simples";"Retorno Regulamentado;Rotatória";"Sim";2;0;1;0;1;0;1;2;-22,399029;-42,955082;"SPRF-RJ";"DEL04-RJ";"UOP01-DEL04-RJ"
463483;2022-07-11;"segunda-feira";"16:50:00";"MG";40;528;"CONTAGEM";"Frear bruscamente";"Colisão traseira";"Com Vítimas Feridas";"Anoitecer";"Decrescente";"Céu Claro";"Dupla";"Reta";"Não";2;0;1;0;1;0;1;2;-19,90883179;-44,04436577;"SPRF-MG";"DEL01-MG";"UOP02-DEL01-MG"
463484;2022-07-23;"sábado";"15:40:00";"BA";116;423;"FEIRA DE SANTANA";"Acessar a via sem observar a presença dos outros veículos";"Colisão transversal";"Com Vítimas Feridas";"Pleno dia";"Crescente";"Céu Claro";"Simples";"Reta";"Sim";3;0;1;0;1;1;1;3;-12,237088;-38,979676;"SPRF-BA";"DEL02-BA";"UOP01-DEL02-BA"
463485;2022-07-23;"sábado";"13:50:00";"BA";324;624;"SALVADOR";"Manobra de mudança de faixa";"Saída de leito carroçável";"Sem Vítimas";"Pleno dia";"Crescente";"Nublado";"Simples";"Declive";"Sim";1;0;0;0;0;1;0;1;-12,933839;-38,47190701;"SPRF-BA";"DEL01-BA";"UOP01-DEL01-BA"
463486;2022-07-23;"sábado";"14:05:00";"MG";40;701,5;"BARBACENA";"Reação tardia ou ineficiente do condutor";"Colisão com objeto";"Com Vítimas Feridas";"Pleno dia";"Decrescente";"Sol";"Dupla";"Reta";"Sim";2;0;2;0;0;0;2;1;-21,18449034;-43,7528965;"SPRF-MG";"DEL05-MG";"UOP02-DEL05-MG"
463487;2022-07-23;"sábado";"16:00:00";"MA";135;84;"ITAPECURU MIRIM";"Condutor deixou de manter distância do veículo da frente";"Colisão traseira";"Sem Vítimas";"Pleno dia";"Crescente";"Céu Claro";"Simples";"Reta";"Sim";3;0;0;0;3;0;0;3;-3,24994968;-44,3824064;"SPRF-MA";"DEL01-MA";"UOP02-DEL01-MA"
463489;2022-07-23;"sábado";"16:00:00";"SC";101;93,5;"BARRA VELHA";"Reação tardia ou ineficiente do condutor";"Queda de ocupante de veículo";"Com Vítimas Feridas";"Pleno dia";"Decrescente";"Nublado";"Dupla";"Curva";"Não";1;0;1;0;0;0;1;1;-26,6899011;-48,69663873;"SPRF-SC";"DEL03-SC";"UOP02-DEL03-SC"
463493;2022-07-23;"sábado";"16:00:00";"RJ";40;78;"PETROPOLIS";"Condutor Dormindo";"Saída de leito carroçável";"Com Vítimas Feridas";"Pleno dia";"Decrescente";"Céu Claro";"Dupla";"Curva";"Não";1;0;1;0;0;0;1;1;-22,48485874;-43,22843406;"SPRF-RJ";"DEL06-RJ";"UOP01-DEL06-RJ"
463495;2022-07-23;"sábado";"16:45:00";"RS";392;352,8;"SANTA MARIA";"Desrespeitar a preferência no cruzamento";"Colisão transversal";"Com Vítimas Feridas";"Pleno dia";"Crescente";"Nublado";"Dupla";"Em Obras;Retorno Regulamentado;Reta;Interseção de Vias";"Sim";2;0;2;0;0;0;2;2;-29,717745;-53,808544;"SPRF-RS";"DEL09-RS";"UOP01-DEL09-RS"
463496;2022-07-23;"sábado";"08:25:00";"RS";116;30,3;"VACARIA";"Condutor Dormindo";"Saída de leito carroçável";"Sem Vítimas";"Pleno dia";"Crescente";"Céu Claro";"Simples";"Reta";"Sim";2;0;0;0;2;0;0;1;-28,44613826;-50,87958854;"SPRF-RS";"DEL05-RS";"UOP03-DEL05-RS"
463497;2022-07-23;"sábado";"12:30:00";"RJ";116;193;"QUEIMADOS";"Manobra de mudança de faixa";"Colisão transversal";"Sem Vítimas";"Pleno dia";"Crescente";"Céu Claro";"Dupla";"Reta";"Não";1;0;0;0;1;0;0;1;-22,73960178;-43,52859094;"SPRF-RJ";"DEL01-RJ";"UOP02-DEL01-RJ"
463498;2022-07-23;"sábado";"13:50:00";"MA";135;23;"SAO LUIS";"Reação tardia ou ineficiente do condutor";"Colisão traseira";"Com Vítimas Feridas";"Pleno dia";"Crescente";"Céu Claro";"Dupla";"Reta";"Sim";3;0;1;1;1;0;2;2;-2,53073141;-44,30690646;"SPRF-MA";"DEL01-MA";"UOP01-DEL01-MA"
463499;2022-07-23;"sábado";"16:35:00";"PR";376;220,4;"CAMBIRA";"Reação tardia ou ineficiente do condutor";"Saída de leito carroçável";"Com Vítimas Feridas";"Pleno dia";"Crescente";"Sol";"Simples";"Declive";"Não";3;0;0;2;1;0;2;1;-23,59758338;-51,60779893;"SPRF-PR";"DEL09-PR";"UOP01-DEL09-PR"
463500;2022-07-23;"sábado";"17:25:00";"GO";60;37,3;"GOIANIA";"Condutor deixou de manter distância do veículo da frente";"Colisão traseira";"Com Vítimas Feridas";"Pleno dia";"Decrescente";"Céu Claro";"Dupla";"Rotatória";"Sim";3;0;1;0;2;0;1;2;-16,6777;-49,2676;"SPRF-GO";"DEL01-GO";"UOP02-DEL01-GO"
463501;2022-07-23;"sábado";"17:05:00";"RS";101;50;"TERRA DE AREIA";"Reação tardia ou ineficiente do condutor";"Saída de leito carroçável";"Com Vítimas Feridas";"Plena Noite";"Crescente";"Céu Claro";"Dupla";"Reta";"Não";2;0;1;0;1;0;1;1;-29,6073248;-50,08588627;"SPRF-RS";"DEL03-RS";"UOP02-DEL03-RS"
463502;2022-07-23;"sábado";"17:20:00";"SC";470;127,5;"LONTRAS";"Conversão proibida";"Colisão transversal";"Com Vítimas Feridas";"Plena Noite";"Decrescente";"Céu Claro";"Simples";"Curva";"Sim";5;0;3;1;1;0;4;2;-27,14408411;-49,54898726;"SPRF-SC";"DEL04-SC";"UOP02-DEL04-SC"
463503;2022-07-23;"sábado";"15:10:00";"MA";10;248;"IMPERATRIZ";"Velocidade Incompatível";"Colisão traseira";"Sem Vítimas";"Pleno dia";"Crescente";"Céu Claro";"Múltipla";"Reta";"Sim";4;0;0;0;3;1;0;2;-5,556309;-47,455333;"SPRF-MA";"DEL04-MA";"UOP01-DEL04-MA"
463504;2022-07-23;"sábado";"15:45:00";"MT";364;242;"RONDONOPOLIS";"Demais falhas mecânicas ou elétricas";"Queda de ocupante de veículo";"Com Vítimas Feridas";"Pleno dia";"Crescente";"Céu Claro";"Simples";"Reta";"Não";2;0;2;0;0;0;2;1;-16,16260605;-54,79546977;"SPRF-MT";"DEL02-MT";"UOP01-DEL02-MT"
463506;2022-07-23;"sábado";"12:20:00";"ES";101;6,5;"ICONHA";"Velocidade Incompatível";"Tombamento";"Com Vítimas Feridas";"Pleno dia";"Crescente";"Céu Claro";"Dupla";"Reta";"Não";1;0;0;1;0;0;1;1;-20,8036495;-40,82961744;"SPRF-ES";"DEL04-ES";"UOP02-DEL04-ES"
463507;2022-07-23;"sábado";"16:40:00";"MG";50;100;"UBERLANDIA";"Acostamento em desnível";"Saída de leito carroçável";"Sem Vítimas";"Pleno dia";"Crescente";"Céu Claro";"Dupla";"Reta";"Não";1;0;0;0;1;0;0;1;-19,1360921;-48,17067835;"SPRF-MG";"DEL15-MG";"UOP01-DEL15-MG"
463508;2022-07-07;"quinta-feira";"16:00:00";"PR";376;2;"SAO JOSE DOS PINHAIS";"Ausência de reação do condutor";"Colisão traseira";"Sem Vítimas";"Pleno dia";"Crescente";"Céu Claro";"Dupla";"Reta";"Sim";2;0;0;0;2;0;0;2;-25,5307;-49,1958;"SPRF-PR";"DEL01-PR";"UOP04-DEL01-PR"
463509;2022-07-23;"sábado";"17:00:00";"MT";364;255;"JUSCIMEIRA";"Reação tardia ou ineficiente do condutor";"Saída de leito carroçável";"Com Vítimas Feridas";"Anoitecer";"Decrescente";"Nublado";"Dupla";"Reta";"Não";2;0;1;0;1;0;1;1;-16,08098188;-54,8728077;"SPRF-MT";"DEL02-MT";"UOP01-DEL02-MT"
463510;2022-07-23;"sábado";"15:30:00";"AC";364;152;"BUJARI";"Problema com o freio";"Queda de ocupante de veículo";"Com Vítimas Feridas";"Pleno dia";"Decrescente";"Céu Claro";"Simples";"Reta";"Não";1;0;1;0;0;0;1;1;-9,85671506;-67,9199611;"SPRF-AC";"DEL01-AC";"UOP01-DEL01-AC"
463512;2022-07-23;"sábado";"18:00:00";"PR";476;124;"CURITIBA";"Ausência de reação do condutor";"Saída de leito carroçável";"Com Vítimas Feridas";"Anoitecer";"Crescente";"Céu Claro";"Múltipla";"Reta";"Sim";2;0;0;1;1;0;1;2;-25,41680051;-49,22344387;"SPRF-PR";"DEL01-PR";"UOP01-DEL01-PR"
463513;2022-07-23;"sábado";"18:20:00";"ES";101;50;"CONCEICAO DA BARRA";"Transitar na contramão";"Colisão transversal";"Com Vítimas Feridas";"Plena Noite";"Decrescente";"Céu Claro";"Simples";"Reta";"Não";2;0;2;0;0;0;2;2;-18,58588752;-39,89233239;"SPRF-ES";"DEL04-ES";"UOP02-DEL04-ES"
463515;2022-07-23;"sábado";"15:40:00";"SC";282;383,1;"HERVAL DOESTE";"Acessar a via sem observar a presença dos outros veículos";"Colisão lateral mesmo sentido";"Com Vítimas Feridas";"Pleno dia";"Crescente";"Céu Claro";"Simples";"Curva";"Não";2;0;2;0;0;0;2;2;-27,200508;-51,507919;"SPRF-SC";"DEL07-SC";"UOP05-DEL07-SC"
463516;2022-07-23;"sábado";"16:25:00";"PR";277;698;"SAO MIGUEL DO IGUACU";"Reação tardia ou ineficiente do condutor";"Saída de leito carroçável";"Com Vítimas Feridas";"Pleno dia";"Crescente";"Céu Claro";"Dupla";"Reta";"Não";1;0;1;0;0;0;1;1;-25,3964712;-54,31179289;"SPRF-PR";"DEL05-PR";"UOP01-DEL05-PR"
463518;2022-07-23;"sábado";"18:30:00";"SC";282;213,9;"LAGES";"Deixar de acionar o farol da motocicleta (ou similar)";"Colisão transversal";"Com Vítimas Feridas";"Plena Noite";"Crescente";"Céu Claro";"Simples";"Reta";"Não";2;0;1;0;1;0;1;2;-27,785299;-50,261921;"SPRF-SC";"DEL05-SC";"UOP01-DEL05-SC"
463519;2022-07-23;"sábado";"18:30:00";"PR";376;601;"CURITIBA";"Ausência de reação do condutor";"Saída de leito carroçável";"Com Vítimas Feridas";"Anoitecer";"Decrescente";"Céu Claro";"Dupla";"Reta";"Não";1;0;1;0;0;0;1;1;-25,537054;-49,31404;"SPRF-PR";"DEL01-PR";"UOP06-DEL01-PR"
463520;2022-07-23;"sábado";"17:30:00";"PB";230;349;"PATOS";"Ausência de reação do condutor";"Saída de leito carroçável";"Com Vítimas Feridas";"Anoitecer";"Crescente";"Céu Claro";"Simples";"Curva";"Não";1;0;1;0;0;0;1;1;-6,9548;-37,3764;"SPRF-PB";"DEL03-PB";"UOP01-DEL03-PB"
463521;2022-07-23;"sábado";"18:31:00";"PB";230;53;"CRUZ DO ESPIRITO SANTO";"Ingestão de álcool pelo condutor";"Saída de leito carroçável";"Com Vítimas Feridas";"Plena Noite";"Crescente";"Céu Claro";"Dupla";"Reta";"Não";2;0;2;0;0;0;2;1;-7,1998;-35,0763;"SPRF-PB";"DEL01-PB";"UOP03-DEL01-PB"
463523;2022-06-15;"quarta-feira";"17:00:00";"BA";116;646;"JAGUAQUARA";"Acessar a via sem observar a presença dos outros veículos";"Colisão frontal";"Com Vítimas Fatais";"Anoitecer";"Decrescente";"Céu Claro";"Simples";"Reta";"Não";4;1;0;0;3;0;0;2;-13,58007199;-40,08034578;"SPRF-BA";"DEL03-BA";"UOP01-DEL03-BA"
463524;2022-07-21;"quinta-feira";"19:10:00";"BA";242;167;"RAFAEL JAMBEIRO";"Conversão proibida";"Colisão transversal";"Com Vítimas Fatais";"Plena Noite";"Crescente";"Céu Claro";"Simples";"Reta";"Não";2;1;0;1;0;0;1;2;-12,48111785;-39,75041603;"SPRF-BA";"DEL06-BA";"UOP02-DEL06-BA"
463525;2022-07-23;"sábado";"19:20:00";"MG";153;38;"CANAPOLIS";"Animais na Pista";"Atropelamento de Animal";"Com Vítimas Feridas";"Plena Noite";"Crescente";"Céu Claro";"Dupla";"Reta;Declive";"Não";1;0;1;0;0;0;1;1;-18,73302108;-49,10715606;"SPRF-MG";"DEL15-MG";"UOP03-DEL15-MG"
463527;2022-07-23;"sábado";"18:45:00";"MG";354;740,3;"POUSO ALTO";"Ingestão de álcool ou de substâncias psicoativas pelo pedestre";"Saída de leito carroçável";"Sem Vítimas";"Plena Noite";"Crescente";"Céu Claro";"Simples";"Curva;Declive";"Não";1;0;0;0;1;0;0;1;-22,21864616;-44,94174287;"SPRF-MG";"DEL17-MG";"UOP01-DEL17-MG"
463528;2022-07-23;"sábado";"19:00:00";"RJ";393;203;"VASSOURAS";"Ingestão de álcool pelo condutor";"Queda de ocupante de veículo";"Com Vítimas Feridas";"Plena Noite";"Decrescente";"Céu Claro";"Simples";"Reta";"Não";1;0;1;0;0;0;1;1;-22,22572819;-43,42188472;"SPRF-RJ";"DEL05-RJ";"UOP03-DEL05-RJ"
463529;2022-07-23;"sábado";"17:00:00";"MG";381;240;"SANTANA DO PARAISO";"Ingestão de álcool pelo condutor";"Colisão lateral sentido oposto";"Sem Vítimas";"Pleno dia";"Decrescente";"Céu Claro";"Simples";"Curva";"Não";2;0;0;0;2;0;0;2;-19,41685387;-42,4926453;"SPRF-MG";"DEL06-MG";"UOP01-DEL06-MG"
463530;2022-07-23;"sábado";"19:00:00";"PR";277;44;"MORRETES";"Manobra de mudança de faixa";"Colisão lateral mesmo sentido";"Com Vítimas Feridas";"Plena Noite";"Crescente";"Garoa/Chuvisco";"Dupla";"Aclive";"Não";2;0;1;0;1;0;1;2;-25,59405477;-48,89677007;"SPRF-PR";"DEL01-PR";"UOP01-DEL01-PR"
463531;2022-07-23;"sábado";"19:43:00";"GO";40;7;"VALPARAISO DE GOIAS";"Ingestão de álcool pelo condutor";"Colisão traseira";"Sem Vítimas";"Plena Noite";"Crescente";"Céu Claro";"Dupla";"Reta";"Sim";2;0;0;0;2;0;0;2;-16,108482;-47,972524;"SPRF-DF";"DEL01-DF";"UOP01-DEL01-DF"
463532;2022-07-23;"sábado";"19:30:00";"MG";40;139;"JOAO PINHEIRO";"Ingestão de álcool pelo condutor";"Colisão traseira";"Com Vítimas Feridas";"Plena Noite";"Decrescente";"Céu Claro";"Simples";"Reta";"Não";2;0;1;0;1;0;1;2;-17,73570757;-46,21099068;"SPRF-MG";"DEL14-MG";"UOP01-DEL14-MG"
463533;2022-07-23;"sábado";"20:00:00";"SC";280;50,4;"GUARAMIRIM";"Ausência de reação do condutor";"Colisão com objeto";"Com Vítimas Feridas";"Plena Noite";"Crescente";"Garoa/Chuvisco";"Simples";"Reta";"Não";1;0;1;0;0;0;1;1;-26,4619489;-48,94618404;"SPRF-SC";"DEL03-SC";"UOP03-DEL03-SC"
463537;2022-07-23;"sábado";"20:00:00";"PR";469;15;"FOZ DO IGUACU";"Acessar a via sem observar a presença dos outros veículos";"Colisão transversal";"Com Vítimas Feridas";"Plena Noite";"Decrescente";"Céu Claro";"Simples";"Retorno Regulamentado";"Sim";3;0;1;1;1;0;2;2;-25,5813;-54,5315;"SPRF-PR";"DEL05-PR";"UOP04-DEL05-PR"
463538;2022-07-23;"sábado";"20:20:00";"RS";116;255;"ESTEIO";"Ausência de reação do condutor";"Colisão traseira";"Com Vítimas Feridas";"Plena Noite";"Decrescente";"Nublado";"Dupla";"Reta";"Sim";2;0;1;0;1;0;1;2;-29,83522986;-51,17484349;"SPRF-RS";"DEL01-RS";"UOP02-DEL01-RS"
463539;2022-07-23;"sábado";"18:55:00";"ES";101;67,5;"SAO MATEUS";"Desrespeitar a preferência no cruzamento";"Colisão transversal";"Sem Vítimas";"Plena Noite";"Decrescente";"Céu Claro";"Dupla";"Interseção de Vias";"Sim";3;0;0;0;1;2;0;3;-18,72054021;-39,8658931;"SPRF-ES";"DEL04-ES";"UOP02-DEL04-ES"
463540;2022-07-23;"sábado";"19:30:00";"TO";153;502;"PARAISO DO TOCANTINS";"Restrição de visibilidade em curvas verticais";"Saída de leito carroçável";"Com Vítimas Feridas";"Plena Noite";"Decrescente";"Céu Claro";"Simples";"Reta";"Não";2;0;0;1;0;1;1;2;-10,22961188;-48,87598515;"SPRF-TO";"DEL01-TO";"UOP01-DEL01-TO"
463541;2022-07-23;"sábado";"17:30:00";"PB";230;481;"MARIZOPOLIS";"Ausência de reação do condutor";"Queda de ocupante de veículo";"Com Vítimas Feridas";"Anoitecer";"Decrescente";"Nublado";"Simples";"Reta";"Não";1;0;1;0;0;0;1;1;-6,8451;-38,354;"SPRF-PB";"DEL03-PB";"UOP03-DEL03-PB"
463542;2022-07-23;"sábado";"19:30:00";"PB";230;15;"CABEDELO";"Condutor deixou de manter distância do veículo da frente";"Colisão traseira";"Com Vítimas Feridas";"Plena Noite";"Decrescente";"Nublado";"Dupla";"Viaduto;Aclive";"Sim";2;0;1;0;1;0;1;2;-7,093;-34,8482;"SPRF-PB";"DEL01-PB";"UOP01-DEL01-PB"
463543;2022-07-23;"sábado";"20:40:00";"SC";101;213;"PALHOCA";"Condutor usando celular";"Colisão traseira";"Com Vítimas Feridas";"Plena Noite";"Decrescente";"Chuva";"Múltipla";"Reta";"Sim";2;0;1;0;1;0;1;2;-27,63697369;-48,66514142;"SPRF-SC";"DEL01-SC";"UOP02-DEL01-SC"
463544;2022-07-23;"sábado";"17:54:00";"SC";480;130,5;"CHAPECO";"Retorno proibido";"Queda de ocupante de veículo";"Com Vítimas Feridas";"Pleno dia";"Decrescente";"Céu Claro";"Simples";"Interseção de Vias";"Sim";3;0;1;0;2;0;1;2;-27,05534298;-52,63652069;"SPRF-SC";"DEL07-SC";"UOP01-DEL07-SC"
463545;2022-07-23;"sábado";"19:45:00";"RJ";116;167;"SAO JOAO DE MERITI";"Reação tardia ou ineficiente do condutor";"Queda de ocupante de veículo";"Com Vítimas Feridas";"Plena Noite";"Decrescente";"Céu Claro";"Múltipla";"Reta";"Sim";2;0;1;0;1;0;1;1;-22,81803977;-43,30787252;"SPRF-RJ";"DEL01-RJ";"UOP02-DEL01-RJ"
463546;2022-07-23;"sábado";"20:35:00";"PR";369;146;"LONDRINA";"Acessar a via sem observar a presença dos outros veículos";"Atropelamento de Pedestre";"Com Vítimas Feridas";"Plena Noite";"Decrescente";"Céu Claro";"Dupla";"Reta";"Sim";2;0;1;0;0;1;1;2;-23,2931803;-51,13440514;"SPRF-PR";"DEL07-PR";"UOP01-DEL07-PR"
463547;2022-07-23;"sábado";"20:05:00";"PB";230;12,2;"CABEDELO";"Ausência de reação do condutor";"Colisão lateral mesmo sentido";"Com Vítimas Fatais";"Plena Noite";"Crescente";"Nublado";"Dupla";"Rotatória";"Sim";2;1;0;0;1;0;0;2;-7,074132;-34,849652;"SPRF-PB";"DEL01-PB";"UOP01-DEL01-PB"
463549;2022-07-23;"sábado";"21:00:00";"RS";386;135;"SARANDI";"Reação tardia ou ineficiente do condutor";"Saída de leito carroçável";"Sem Vítimas";"Plena Noite";"Decrescente";"Céu Claro";"Simples";"Interseção de Vias";"Sim";2;0;0;0;2;0;0;1;-27,95294692;-52,91601419;"SPRF-RS";"DEL08-RS";"UOP01-DEL08-RS"
463550;2022-07-23;"sábado";"20:00:00";"PR";373;275;"PRUDENTOPOLIS";"Entrada inopinada do pedestre";"Atropelamento de Pedestre";"Com Vítimas Feridas";"Plena Noite";"Crescente";"Céu Claro";"Simples";"Reta";"Não";6;0;0;1;4;1;1;2;-25,25482841;-51,06799702;"SPRF-PR";"DEL08-PR";"UOP01-DEL08-PR"
463552;2022-07-23;"sábado";"21:20:00";"SP";116;140,9;"SAO JOSE DOS CAMPOS";"Reação tardia ou ineficiente do condutor";"Saída de leito carroçável";"Com Vítimas Feridas";"Plena Noite";"Decrescente";"Céu Claro";"Múltipla";"Reta";"Não";2;0;1;0;1;0;1;1;-23,16577714;-45,81246193;"SPRF-SP";"DEL02-SP";"UOP01-DEL02-SP"
463553;2022-07-23;"sábado";"22:20:00";"SC";101;216;"PALHOCA";"Velocidade Incompatível";"Queda de ocupante de veículo";"Com Vítimas Feridas";"Plena Noite";"Decrescente";"Ignorado";"Simples";"Reta";"Não";1;0;1;0;0;0;1;1;-27,65981409;-48,67747798;"SPRF-SC";"DEL01-SC";"UOP02-DEL01-SC"
463554;2022-07-23;"sábado";"22:18:00";"SC";101;208,2;"SAO JOSE";"Avarias e/ou desgaste excessivo no pneu";"Tombamento";"Com Vítimas Feridas";"Plena Noite";"Crescente";"Nublado";"Múltipla";"Aclive";"Sim";2;0;1;0;1;0;1;1;-27,60327979;-48,63201818;"SPRF-SC";"DEL01-SC";"UOP01-DEL01-SC"
463556;2022-07-23;"sábado";"22:00:00";"ES";262;155;"IBATIBA";"Transitar na contramão";"Colisão lateral sentido oposto";"Com Vítimas Feridas";"Plena Noite";"Crescente";"Céu Claro";"Simples";"Reta";"Não";4;0;1;0;3;0;1;4;-20,22651793;-41,47055672;"SPRF-ES";"DEL01-ES";"UOP02-DEL01-ES"
463557;2022-07-23;"sábado";"15:20:00";"RO";435;123;"CEREJEIRAS";"Redutor de velocidade em desacordo";"Colisão com objeto";"Com Vítimas Feridas";"Pleno dia";"Crescente";"Céu Claro";"Dupla";"Reta";"Não";1;0;1;0;0;0;1;1;-13,18889171;-60,808424;"SPRF-RO";"DEL04-RO";"UOP02-DEL04-RO"
463559;2022-07-23;"sábado";"22:00:00";"SC";282;16;"PALHOCA";"Falta de elemento de contenção que evite a saída do leito carroçável";"Saída de leito carroçável";"Com Vítimas Feridas";"Plena Noite";"Decrescente";"Céu Claro";"Simples";"Reta";"Sim";1;0;0;1;0;0;1;1;-27,658611;-48,681847;"SPRF-SC";"DEL01-SC";"UOP02-DEL01-SC"
463560;2022-07-23;"sábado";"21:00:00";"RJ";116;190;"QUEIMADOS";"Ausência de reação do condutor";"Colisão com objeto";"Com Vítimas Feridas";"Plena Noite";"Crescente";"Céu Claro";"Dupla";"Curva";"Não";2;0;2;0;0;0;2;1;-22,74123776;-43,5007311;"SPRF-RJ";"DEL01-RJ";"UOP02-DEL01-RJ"
463561;2022-07-23;"sábado";"21:50:00";"SC";282;515,9;"XAXIM";"Ingestão de álcool pelo condutor";"Saída de leito carroçável";"Sem Vítimas";"Plena Noite";"Decrescente";"Céu Claro";"Simples";"Curva";"Não";1;0;0;0;1;0;0;1;-26,91620545;-52,49117823;"SPRF-SC";"DEL07-SC";"UOP01-DEL07-SC"
463562;2022-07-23;"sábado";"22:20:00";"TO";153;143;"ARAGUAINA";"Reação tardia ou ineficiente do condutor";"Atropelamento de Pedestre";"Com Vítimas Feridas";"Anoitecer";"Decrescente";"Céu Claro";"Simples";"Reta";"Sim";2;0;0;1;0;1;1;2;-7,18866332;-48,23207966;"SPRF-TO";"DEL02-TO";"UOP01-DEL02-TO"
463563;2022-07-23;"sábado";"22:05:00";"PR";116;127;"FAZENDA RIO GRANDE";"Pedestre cruzava a pista fora da faixa";"Atropelamento de Pedestre";"Com Vítimas Feridas";"Plena Noite";"Crescente";"Céu Claro";"Dupla";"Reta";"Não";2;0;0;1;1;0;1;2;-25,612752;-49,31859701;"SPRF-PR";"DEL01-PR";"UOP03-DEL01-PR"
463564;2022-07-23;"sábado";"23:00:00";"BA";116;11;"VITORIA DA CONQUISTA";"Conversão proibida";"Colisão transversal";"Com Vítimas Feridas";"Plena Noite";"Decrescente";"Nublado";"Simples";"Reta";"Não";5;0;5;0;0;0;5;2;-14,851;-40,8485;"SPRF-BA";"DEL08-BA";"UOP01-DEL08-BA"
463565;2022-07-23;"sábado";"21:25:00";"BA";430;429,5;"CAETITE";"Velocidade Incompatível";"Saída de leito carroçável";"Com Vítimas Feridas";"Plena Noite";"Crescente";"Nublado";"Simples";"Curva";"Não";5;0;2;0;3;0;2;1;-14,051402;-42,503285;"SPRF-BA";"DEL08-BA";"UOP01-DEL08-BA"
463566;2022-07-23;"sábado";"22:00:00";"RN";110;125,8;"AUGUSTO SEVERO";"Ingestão de álcool e/ou substâncias psicoativas pelo pedestre";"Colisão traseira";"Com Vítimas Feridas";"Plena Noite";"Crescente";"Céu Claro";"Simples";"Reta";"Não";5;0;0;4;1;0;4;2;-5,846905;-37,307947;"SPRF-RN";"DEL04-RN";"UOP01-DEL04-RN"
463567;2022-07-23;"sábado";"19:50:00";"MG";381;454;"BELO HORIZONTE";"Acessar a via sem observar a presença dos outros veículos";"Colisão lateral mesmo sentido";"Com Vítimas Feridas";"Pleno dia";"Crescente";"Céu Claro";"Simples";"Reta";"Sim";3;0;2;0;0;1;2;2;-19,839557;-43,877534;"SPRF-MG";"DEL01-MG";"UOP01-DEL01-MG"
463569;2022-07-23;"sábado";"23:00:00";"MG";40;516;"RIBEIRAO DAS NEVES";"Avarias e/ou desgaste excessivo no pneu";"Tombamento";"Com Vítimas Feridas";"Plena Noite";"Decrescente";"Céu Claro";"Dupla";"Reta";"Sim";1;0;0;1;0;0;1;1;-19,81628624;-44,08960124;"SPRF-MG";"DEL01-MG";"UOP02-DEL01-MG"
463570;2022-07-23;"sábado";"23:22:00";"GO";70;1,6;"AGUAS LINDAS DE GOIAS";"Velocidade Incompatível";"Colisão traseira";"Com Vítimas Feridas";"Plena Noite";"Crescente";"Céu Claro";"Múltipla";"Curva";"Não";4;0;1;0;2;1;1;3;-15,77579351;-48,23259001;"SPRF-DF";"DEL03-DF";"UOP02-DEL03-DF"