"id";"data_inversa";"dia_semana";"horario";"uf";"br";"km";"municipio";"causa_acidente";"tipo_acidente";"classificacao_acidente";"fase_dia";"sentido_via";"condicao_metereologica";"tipo_pista";"tracado_via";"uso_solo";"pessoas";"mortos";"feridos_leves";"feridos_graves";"ilesos";"ignorados";"feridos";"veiculos";"latitude";"longitude";"regional";"delegacia";"uop"
463571;2022-07-23;"sábado";"23:40:00";"MG";153;93;"PRATA";"Animais na Pista";"Atropelamento de Animal";"Com Vítimas Feridas";"Plena Noite";"Crescente";"Céu Claro";"Simples";"Reta";"Não";6;0;6;0;0;0;6;1;-19,172628;-48,95297;"SPRF-MG";"DEL15-MG";"UOP03-DEL15-MG"
463573;2022-07-23;"sábado";"21:10:00";"BA";407;102;"JAGUARARI";"Demais falhas mecânicas ou elétricas";"Incêndio";"Sem Vítimas";"Plena Noite";"Decrescente";"Céu Claro";"Simples";"Reta";"Sim";24;0;0;0;24;0;0;1;-10,25144463;-40,19450109;"SPRF-BA";"DEL04-BA";"UOP01-DEL04-BA"
463575;2022-07-23;"sábado";"21:51:00";"MG";381;940,8;"EXTREMA";"Objeto estático sobre o leito carroçável";"Colisão com objeto";"Com Vítimas Feridas";"Plena Noite";"Crescente";"Céu Claro";"Dupla";"Curva";"Sim";1;0;1;0;0;0;1;1;-22,85421396;-46,33740277;"SPRF-MG";"DEL16-MG";"UOP03-DEL16-MG"
463576;2022-07-23;"sábado";"23:20:00";"RO";364;518;"ARIQUEMES";"Ingestão de álcool pelo condutor";"Capotamento";"Sem Vítimas";"Plena Noite";"Decrescente";"Céu Claro";"Dupla";"Reta";"Sim";2;0;0;0;2;0;0;1;-9,897787;-63,05624596;"SPRF-RO";"DEL03-RO";"UOP01-DEL03-RO"
463579;2022-07-24;"domingo";"00:49:00";"SC";101;102,6;"BALNEARIO PICARRAS";"Pedestre andava na pista";"Atropelamento de Pedestre";"Com Vítimas Fatais";"Plena Noite";"Crescente";"Ignorado";"Múltipla";"Reta";"Sim";2;1;0;0;0;1;0;2;-26,7794236;-48,6847232;"SPRF-SC";"DEL03-SC";"UOP02-DEL03-SC"
463580;2022-07-24;"domingo";"00:45:00";"CE";116;22,5;"ITAITINGA";"Animais na Pista";"Atropelamento de Animal";"Com Vítimas Fatais";"Plena Noite";"Crescente";"Ignorado";"Dupla";"Curva";"Sim";1;1;0;0;0;0;0;1;-3,94070798;-38,50918633;"SPRF-CE";"DEL01-CE";"UOP02-DEL01-CE"
463581;2022-07-23;"sábado";"20:00:00";"SP";116;148,5;"SAO JOSE DOS CAMPOS";"Entrada inopinada do pedestre";"Atropelamento de Pedestre";"Com Vítimas Feridas";"Plena Noite";"Crescente";"Ignorado";"Dupla";"Reta";"Sim";6;0;1;1;4;0;2;2;-23,20067421;-45,8795018;"SPRF-SP";"DEL02-SP";"UOP01-DEL02-SP"
463584;2022-07-23;"sábado";"17:50:00";"GO";153;437;"ANAPOLIS";"Demais falhas mecânicas ou elétricas";"Incêndio";"Sem Vítimas";"Pleno dia";"Crescente";"Céu Claro";"Simples";"Reta";"Sim";1;0;0;0;1;0;0;1;-16,286884;-48,942978;"SPRF-GO";"DEL02-GO";"UOP01-DEL02-GO"
463585;2022-07-24;"domingo";"01:20:00";"BA";101;59;"ENTRE RIOS";"Ingestão de álcool pelo condutor";"Queda de ocupante de veículo";"Com Vítimas Fatais";"Plena Noite";"Decrescente";"Céu Claro";"Simples";"Aclive;Em Obras";"Não";1;1;0;0;0;0;0;1;-11,967937;-38,099025;"SPRF-BA";"DEL01-BA";"UOP04-DEL01-BA"
463586;2022-07-24;"domingo";"00:50:00";"RO";364;193,7;"PIMENTA BUENO";"Ingestão de álcool pelo condutor";"Colisão lateral sentido oposto";"Com Vítimas Feridas";"Plena Noite";"Crescente";"Céu Claro";"Simples";"Reta";"Sim";4;0;1;0;3;0;1;2;-11,70628176;-61,16485082;"SPRF-RO";"DEL02-RO";"UOP02-DEL02-RO"
463587;2022-07-24;"domingo";"01:40:00";"RN";405;73,4;"APODI";"Ingestão de álcool pelo condutor";"Saída de leito carroçável";"Com Vítimas Fatais";"Plena Noite";"Crescente";"Céu Claro";"Simples";"Curva";"Não";1;1;0;0;0;0;0;1;-5,6262269;-37,79782904;"SPRF-RN";"DEL04-RN";"UOP02-DEL04-RN"
463588;2022-07-23;"sábado";"21:20:00";"MA";402;24;"ROSARIO";"Transitar no acostamento";"Atropelamento de Pedestre";"Com Vítimas Fatais";"Plena Noite";"Decrescente";"Céu Claro";"Simples";"Reta";"Não";4;1;0;3;0;0;3;2;-2,912061;-44,135895;"SPRF-MA";"DEL01-MA";"UOP01-DEL01-MA"
463590;2022-07-24;"domingo";"00:50:00";"BA";407;156;"FILADELFIA";"Condutor deixou de manter distância do veículo da frente";"Colisão traseira";"Com Vítimas Fatais";"Plena Noite";"Crescente";"Nublado";"Simples";"Reta";"Não";2;1;0;0;1;0;0;2;-10,71343899;-40,12368987;"SPRF-BA";"DEL04-BA";"UOP01-DEL04-BA"
463592;2022-07-24;"domingo";"02:30:00";"PR";116;113;"CURITIBA";"Ausência de reação do condutor";"Saída de leito carroçável";"Sem Vítimas";"Plena Noite";"Decrescente";"Céu Claro";"Dupla";"Reta";"Não";1;0;0;0;0;1;0;1;-25,56513636;-49,24675108;"SPRF-PR";"DEL01-PR";"UOP06-DEL01-PR"
463594;2022-07-24;"domingo";"01:00:00";"SC";282;385,9;"JOACABA";"Ingestão de álcool pelo condutor";"Saída de leito carroçável";"Sem Vítimas";"Plena Noite";"Decrescente";"Céu Claro";"Simples";"Declive;Curva";"Não";1;0;0;0;1;0;0;1;-27,19450662;-51,51601911;"SPRF-SC";"DEL07-SC";"UOP05-DEL07-SC"
463595;2022-07-24;"domingo";"02:45:00";"RS";386;101,2;"SAO JOSE DAS MISSOES";"Ingestão de álcool pelo condutor";"Saída de leito carroçável";"Com Vítimas Feridas";"Plena Noite";"Crescente";"Céu Claro";"Simples";"Curva";"Não";2;0;2;0;0;0;2;1;-27,763994;-53,09584;"SPRF-RS";"DEL08-RS";"UOP01-DEL08-RS"
463596;2022-07-24;"domingo";"04:05:00";"GO";40;1,8;"VALPARAISO DE GOIAS";"Ausência de reação do condutor";"Saída de leito carroçável";"Com Vítimas Feridas";"Plena Noite";"Decrescente";"Céu Claro";"Dupla";"Reta";"Sim";1;0;1;0;0;0;1;1;-16,058245;-47,982825;"SPRF-DF";"DEL01-DF";"UOP01-DEL01-DF"
463598;2022-07-24;"domingo";"01:43:00";"RO";364;15;"VILHENA";"Reação tardia ou ineficiente do condutor";"Colisão transversal";"Com Vítimas Feridas";"Plena Noite";"Crescente";"Céu Claro";"Simples";"Interseção de Vias";"Sim";2;0;1;0;1;0;1;2;-12,73672751;-60,14804088;"SPRF-RO";"DEL04-RO";"UOP01-DEL04-RO"
463599;2022-07-24;"domingo";"04:50:00";"MG";381;928,3;"ITAPEVA";"Transitar na contramão";"Colisão frontal";"Com Vítimas Feridas";"Plena Noite";"Crescente";"Céu Claro";"Dupla";"Curva";"Sim";4;0;2;1;0;1;3;2;-22,79564412;-46,25379582;"SPRF-MG";"DEL16-MG";"UOP03-DEL16-MG"
463600;2022-07-24;"domingo";"04:00:00";"MG";251;518;"MONTES CLAROS";"Ultrapassagem Indevida";"Saída de leito carroçável";"Com Vítimas Feridas";"Amanhecer";"Decrescente";"Céu Claro";"Simples";"Curva";"Não";1;0;1;0;0;0;1;1;-16,66257909;-43,76892799;"SPRF-MG";"DEL12-MG";"UOP01-DEL12-MG"
463601;2022-07-24;"domingo";"05:00:00";"PR";277;588,6;"CASCAVEL";"Pedestre andava na pista";"Atropelamento de Pedestre";"Com Vítimas Feridas";"Plena Noite";"Crescente";"Céu Claro";"Simples";"Reta";"Sim";3;0;0;1;2;0;1;2;-24,97369293;-53,43816604;"SPRF-PR";"DEL04-PR";"UOP01-DEL04-PR"
463603;2022-07-24;"domingo";"04:15:00";"RS";116;263;"CANOAS";"Manobra de mudança de faixa";"Capotamento";"Com Vítimas Feridas";"Amanhecer";"Decrescente";"Céu Claro";"Dupla";"Reta";"Sim";2;0;1;0;1;0;1;1;-29,90132786;-51,17619932;"SPRF-RS";"DEL01-RS";"UOP01-DEL01-RS"
463604;2022-07-24;"domingo";"03:45:00";"PE";104;65,5;"CARUARU";"Ausência de reação do condutor";"Colisão com objeto";"Com Vítimas Feridas";"Plena Noite";"Crescente";"Garoa/Chuvisco";"Dupla";"Curva";"Sim";2;0;1;1;0;0;2;1;-8,2867;-35,9838;"SPRF-PE";"DEL02-PE";"UOP01-DEL02-PE"
463605;2022-07-24;"domingo";"04:03:00";"SP";381;85;"SAO PAULO";"Ausência de reação do condutor";"Colisão traseira";"Com Vítimas Fatais";"Plena Noite";"Decrescente";"Céu Claro";"Dupla";"Reta";"Sim";3;1;0;0;0;2;0;3;-23,459871;-46,571305;"SPRF-SP";"DEL03-SP";"UOP01-DEL03-SP"
463606;2022-07-24;"domingo";"04:30:00";"PE";423;68;"JUPI";"Ingestão de álcool pelo condutor";"Colisão frontal";"Sem Vítimas";"Plena Noite";"Crescente";"Garoa/Chuvisco";"Simples";"Reta";"Não";6;0;0;0;6;0;0;2;-8,67263685;-36,39346504;"SPRF-PE";"DEL03-PE";"UOP01-DEL03-PE"
463608;2022-07-24;"domingo";"05:15:00";"SC";116;238;"LAGES";"Ingestão de álcool pelo condutor";"Saída de leito carroçável";"Com Vítimas Feridas";"Plena Noite";"Decrescente";"Céu Claro";"Simples";"Aclive";"Não";1;0;0;1;0;0;1;1;-27,739808;-50,33545902;"SPRF-SC";"DEL05-SC";"UOP01-DEL05-SC"
463609;2022-07-24;"domingo";"04:30:00";"SC";116;224,7;"CORREIA PINTO";"Velocidade Incompatível";"Saída de leito carroçável";"Sem Vítimas";"Plena Noite";"Crescente";"Nevoeiro/Neblina";"Simples";"Curva";"Não";1;0;0;0;0;1;0;1;-27,61065825;-50,35094133;"SPRF-SC";"DEL05-SC";"UOP03-DEL05-SC"
463610;2022-07-24;"domingo";"01:40:00";"RJ";356;76,3;"ITALVA";"Reação tardia ou ineficiente do condutor";"Colisão com objeto";"Com Vítimas Feridas";"Plena Noite";"Decrescente";"Nublado";"Simples";"Reta";"Sim";1;0;1;0;0;0;1;1;-21,4292092;-41,6933554;"SPRF-RJ";"DEL08-RJ";"UOP03-DEL08-RJ"
463611;2022-07-24;"domingo";"05:50:00";"MG";40;599;"OURO PRETO";"Ingestão de álcool pelo condutor";"Saída de leito carroçável";"Com Vítimas Feridas";"Amanhecer";"Decrescente";"Céu Claro";"Simples";"Curva;Aclive";"Não";2;0;2;0;0;0;2;1;-20,42264639;-43,87103002;"SPRF-MG";"DEL05-MG";"UOP02-DEL05-MG"
463613;2022-07-24;"domingo";"05:30:00";"MG";381;495,1;"BETIM";"Reação tardia ou ineficiente do condutor";"Colisão com objeto";"Sem Vítimas";"Amanhecer";"Crescente";"Nublado";"Múltipla";"Reta";"Sim";1;0;0;0;0;1;0;1;-19,97302312;-44,18423479;"SPRF-MG";"DEL01-MG";"UOP03-DEL01-MG"
463614;2022-07-24;"domingo";"06:30:00";"SP";116;306;"SAO LOURENCO DA SERRA";"Pedestre cruzava a pista fora da faixa";"Atropelamento de Pedestre";"Com Vítimas Feridas";"Amanhecer";"Decrescente";"Ignorado";"Múltipla";"Curva";"Sim";2;0;0;1;0;1;1;2;-23,84582468;-46,9371165;"SPRF-SP";"DEL04-SP";"UOP01-DEL04-SP"
463615;2022-07-24;"domingo";"05:20:00";"RS";116;148,2;"CAXIAS DO SUL";"Ingestão de álcool pelo condutor";"Saída de leito carroçável";"Com Vítimas Feridas";"Plena Noite";"Crescente";"Nublado";"Dupla";"Curva";"Sim";1;0;1;0;0;0;1;1;-29,15444539;-51,15101681;"SPRF-RS";"DEL05-RS";"UOP01-DEL05-RS"
463618;2022-07-24;"domingo";"06:00:00";"RS";116;270;"CANOAS";"Transitar na contramão";"Colisão lateral sentido oposto";"Com Vítimas Feridas";"Amanhecer";"Decrescente";"Ignorado";"Simples";"Reta";"Sim";1;0;1;0;0;0;1;1;-29,96839095;-51,17623895;"SPRF-RS";"DEL01-RS";"UOP01-DEL01-RS"
463620;2022-07-24;"domingo";"04:00:00";"SP";381;82,3;"SAO PAULO";"Ausência de reação do condutor";"Tombamento";"Sem Vítimas";"Plena Noite";"Crescente";"Céu Claro";"Múltipla";"Reta";"Sim";1;0;0;0;0;1;0;1;-23,42399;-46,575112;"SPRF-SP";"DEL03-SP";"UOP01-DEL03-SP"
463622;2022-07-24;"domingo";"04:01:00";"RO";429;168;"SAO MIGUEL DO GUAPORE";"Ingestão de álcool pelo condutor";"Saída de leito carroçável";"Com Vítimas Feridas";"Plena Noite";"Crescente";"Céu Claro";"Simples";"Curva";"Não";2;0;1;0;0;1;1;2;-11,72878924;-62,78699694;"SPRF-RO";"DEL02-RO";"UOP03-DEL02-RO"
463623;2022-07-24;"domingo";"04:00:00";"GO";70;469;"ARAGARCAS";"Ingestão de álcool pelo condutor";"Colisão transversal";"Com Vítimas Feridas";"Plena Noite";"Decrescente";"Neve";"Dupla";"Reta";"Sim";3;0;1;0;0;2;1;3;-15,89670418;-52,24539757;"SPRF-GO";"DEL04-GO";"UOP01-DEL04-GO"
463624;2022-07-04;"segunda-feira";"07:55:00";"PR";277;593,4;"CASCAVEL";"Reação tardia ou ineficiente do condutor";"Colisão traseira";"Com Vítimas Feridas";"Pleno dia";"Decrescente";"Céu Claro";"Simples";"Reta;Declive";"Sim";3;0;0;1;0;2;1;3;-24,98082053;-53,48254989;"SPRF-PR";"DEL04-PR";"UOP01-DEL04-PR"
463625;2022-07-24;"domingo";"06:48:00";"RN";226;33;"MACAIBA";"Retorno proibido";"Colisão transversal";"Com Vítimas Feridas";"Pleno dia";"Crescente";"Nublado";"Simples";"Reta";"Não";2;0;1;0;1;0;1;2;-5,88749803;-35,48264699;"SPRF-RN";"DEL01-RN";"UOP02-DEL01-RN"
463626;2022-07-24;"domingo";"04:15:00";"RO";435;137;"CEREJEIRAS";"Condutor Dormindo";"Queda de ocupante de veículo";"Com Vítimas Feridas";"Amanhecer";"Decrescente";"Céu Claro";"Simples";"Rotatória";"Não";1;0;1;0;0;0;1;1;-13,18900012;-60,94932;"SPRF-RO";"DEL04-RO";"UOP02-DEL04-RO"
463628;2022-07-24;"domingo";"07:05:00";"RS";386;177,5;"CARAZINHO";"Ausência de reação do condutor";"Capotamento";"Sem Vítimas";"Amanhecer";"Crescente";"Céu Claro";"Simples";"Reta";"Sim";1;0;0;0;0;1;0;1;-28,281309;-52,765053;"SPRF-RS";"DEL08-RS";"UOP01-DEL08-RS"
463629;2022-07-24;"domingo";"06:00:00";"SP";116;206;"GUARULHOS";"Velocidade Incompatível";"Capotamento";"Com Vítimas Feridas";"Plena Noite";"Decrescente";"Céu Claro";"Dupla";"Reta";"Sim";5;0;3;0;2;0;3;2;-23,41722629;-46,37510292;"SPRF-SP";"DEL01-SP";"UOP01-DEL01-SP"
463630;2022-07-24;"domingo";"04:30:00";"SP";116;216;"GUARULHOS";"Ausência de reação do condutor";"Saída de leito carroçável";"Com Vítimas Feridas";"Plena Noite";"Decrescente";"Céu Claro";"Múltipla";"Reta";"Sim";1;0;1;0;0;0;1;1;-23,45056589;-46,46258105;"SPRF-SP";"DEL01-SP";"UOP01-DEL01-SP"
463631;2022-07-24;"domingo";"07:55:00";"PR";277;718;"SANTA TEREZINHA DE ITAIPU";"Reação tardia ou ineficiente do condutor";"Saída de leito carroçável";"Sem Vítimas";"Pleno dia";"Crescente";"Céu Claro";"Dupla";"Aclive";"Não";1;0;0;0;1;0;0;1;-25,48013487;-54,48530406;"SPRF-PR";"DEL05-PR";"UOP03-DEL05-PR"
463632;2022-07-24;"domingo";"04:50:00";"PE";316;23,5;"ARARIPINA";"Ausência de reação do condutor";"Saída de leito carroçável";"Com Vítimas Fatais";"Plena Noite";"Decrescente";"Nublado";"Simples";"Reta;Declive";"Sim";1;1;0;0;0;0;0;1;-7,58229315;-40,50694911;"SPRF-PE";"DEL05-PE";"UOP02-DEL05-PE"
463634;2022-03-21;"segunda-feira";"19:30:00";"BA";116;16;"VITORIA DA CONQUISTA";"Objeto estático sobre o leito carroçável";"Tombamento";"Com Vítimas Feridas";"Plena Noite";"Decrescente";"Ignorado";"Simples";"Reta";"Não";1;0;0;1;0;0;1;1;-14,90232912;-40,84818905;"SPRF-BA";"DEL08-BA";"UOP01-DEL08-BA"
463635;2022-07-24;"domingo";"08:00:00";"RJ";116;169;"SAO JOAO DE MERITI";"Demais falhas mecânicas ou elétricas";"Incêndio";"Sem Vítimas";"Pleno dia";"Crescente";"Céu Claro";"Múltipla";"Reta";"Sim";1;0;0;0;1;0;0;1;-22,816206;-43,324463;"SPRF-RJ";"DEL01-RJ";"UOP02-DEL01-RJ"
463636;2022-07-24;"domingo";"03:00:00";"RJ";116;178;"NOVA IGUACU";"Entrada inopinada do pedestre";"Atropelamento de Pedestre";"Com Vítimas Fatais";"Amanhecer";"Crescente";"Céu Claro";"Dupla";"Reta";"Sim";2;1;0;0;1;0;0;2;-22,77496393;-43,40081465;"SPRF-RJ";"DEL01-RJ";"UOP02-DEL01-RJ"
463638;2022-07-24;"domingo";"06:15:00";"RS";392;160;"PIRATINI";"Reação tardia ou ineficiente do condutor";"Colisão com objeto";"Com Vítimas Fatais";"Pleno dia";"Crescente";"Garoa/Chuvisco";"Simples";"Ponte";"Não";3;2;1;0;0;0;1;1;-31,113348;-52,92561;"SPRF-RS";"DEL07-RS";"UOP01-DEL07-RS"
463639;2022-07-24;"domingo";"07:55:00";"GO";70;39,9;"COCALZINHO DE GOIAS";"Condutor Dormindo";"Saída de leito carroçável";"Com Vítimas Feridas";"Pleno dia";"Crescente";"Céu Claro";"Simples";"Reta";"Não";1;0;1;0;0;0;1;1;-15,77748071;-48,52554087;"SPRF-DF";"DEL03-DF";"UOP02-DEL03-DF"
463640;2022-07-24;"domingo";"08:45:00";"AL";104;87;"RIO LARGO";"Acumulo de areia ou detritos sobre o pavimento";"Tombamento";"Com Vítimas Feridas";"Pleno dia";"Crescente";"Céu Claro";"Dupla";"Retorno Regulamentado";"Sim";1;0;1;0;0;0;1;1;-9,47532901;-35,82160002;"SPRF-AL";"DEL01-AL";"UOP01-DEL01-AL"
463642;2022-07-24;"domingo";"07:50:00";"RS";472;577;"URUGUAIANA";"Ausência de reação do condutor";"Saída de leito carroçável";"Sem Vítimas";"Amanhecer";"Decrescente";"Garoa/Chuvisco";"Simples";"Curva";"Sim";1;0;0;0;0;1;0;1;-29,77272186;-57,05782771;"SPRF-RS";"DEL13-RS";"UOP01-DEL13-RS"
463643;2022-07-24;"domingo";"09:15:00";"DF";60;3,8;"BRASILIA";"Acessar a via sem observar a presença dos outros veículos";"Colisão traseira";"Com Vítimas Feridas";"Pleno dia";"Crescente";"Céu Claro";"Dupla";"Reta";"Sim";5;0;0;1;4;0;1;2;-15,890521;-48,086864;"SPRF-DF";"DEL03-DF";"UOP01-DEL03-DF"
463644;2022-07-24;"domingo";"05:30:00";"PI";343;493,4;"AMARANTE";"Ausência de reação do condutor";"Saída de leito carroçável";"Sem Vítimas";"Amanhecer";"Decrescente";"Céu Claro";"Simples";"Aclive";"Não";1;0;0;0;0;1;0;1;-6,253183;-42,743301;"SPRF-PI";"DEL01-PI";"UOP02-DEL01-PI"
463647;2022-07-24;"domingo";"10:00:00";"RS";158;565,6;"SANTANA DO LIVRAMENTO";"Acessar a via sem observar a presença dos outros veículos";"Colisão transversal";"Sem Vítimas";"Pleno dia";"Decrescente";"Céu Claro";"Dupla";"Interseção de Vias";"Sim";3;0;0;0;3;0;0;2;-30,87359952;-55,51099777;"SPRF-RS";"DEL11-RS";"UOP01-DEL11-RS"
463648;2022-07-24;"domingo";"09:15:00";"MG";381;894,2;"CAMBUI";"Ausência de reação do condutor";"Colisão com objeto";"Com Vítimas Feridas";"Pleno dia";"Crescente";"Céu Claro";"Dupla";"Reta;Aclive";"Sim";2;0;2;0;0;0;2;1;-22,61659879;-46,0689412;"SPRF-MG";"DEL16-MG";"UOP03-DEL16-MG"
463649;2022-07-24;"domingo";"10:00:00";"SP";116;157;"SAO JOSE DOS CAMPOS";"Condutor deixou de manter distância do veículo da frente";"Colisão traseira";"Com Vítimas Feridas";"Pleno dia";"Decrescente";"Céu Claro";"Dupla";"Reta";"Sim";2;0;1;0;1;0;1;2;-23,25558031;-45,9437828;"SPRF-SP";"DEL02-SP";"UOP01-DEL02-SP"
463651;2022-07-24;"domingo";"09:35:00";"RS";470;158;"NOVA PRATA";"Acessar a via sem observar a presença dos outros veículos";"Colisão transversal";"Com Vítimas Feridas";"Pleno dia";"Crescente";"Céu Claro";"Simples";"Rotatória";"Sim";3;0;2;0;1;0;2;2;-28,80000398;-51,61054097;"SPRF-RS";"DEL06-RS";"UOP02-DEL06-RS"
463652;2022-07-24;"domingo";"09:58:00";"GO";40;118,9;"CRISTALINA";"Reação tardia ou ineficiente do condutor";"Capotamento";"Com Vítimas Feridas";"Pleno dia";"Decrescente";"Céu Claro";"Dupla";"Reta";"Não";1;0;1;0;0;0;1;1;-16,854813;-47,439887;"SPRF-DF";"DEL01-DF";"UOP02-DEL01-DF"
463655;2022-07-24;"domingo";"10:40:00";"SC";101;262,8;"GAROPABA";"Ingestão de álcool pelo condutor";"Saída de leito carroçável";"Com Vítimas Feridas";"Pleno dia";"Decrescente";"Céu Claro";"Dupla";"Reta";"Não";2;0;2;0;0;0;2;1;-28,044476;-48,713988;"SPRF-SC";"DEL02-SC";"UOP03-DEL02-SC"
463656;2022-07-24;"domingo";"10:40:00";"MG";381;649,3;"SANTO ANTONIO DO AMPARO";"Reação tardia ou ineficiente do condutor";"Colisão traseira";"Com Vítimas Feridas";"Pleno dia";"Crescente";"Céu Claro";"Dupla";"Reta";"Sim";6;0;3;0;2;1;3;3;-20,96227294;-44,92925305;"SPRF-MG";"DEL04-MG";"UOP02-DEL04-MG"
463657;2022-07-24;"domingo";"10:55:00";"PR";476;130;"CURITIBA";"Reação tardia ou ineficiente do condutor";"Colisão traseira";"Com Vítimas Feridas";"Pleno dia";"Crescente";"Céu Claro";"Múltipla";"Reta";"Sim";2;0;1;0;1;0;1;2;-25,449564;-49,236427;"SPRF-PR";"DEL01-PR";"UOP01-DEL01-PR"
463658;2022-07-24;"domingo";"11:00:00";"RS";116;245;"SAO LEOPOLDO";"Transitar na contramão";"Colisão frontal";"Com Vítimas Feridas";"Pleno dia";"Crescente";"Céu Claro";"Múltipla";"Reta";"Sim";2;0;1;0;1;0;1;2;-29,74980902;-51,15125361;"SPRF-RS";"DEL01-RS";"UOP02-DEL01-RS"
463659;2022-07-24;"domingo";"08:00:00";"GO";153;581,5;"PROFESSOR JAMIL";"Ausência de reação do condutor";"Saída de leito carroçável";"Sem Vítimas";"Pleno dia";"Crescente";"Céu Claro";"Dupla";"Reta";"Não";1;0;0;0;0;1;0;1;-17,3907;-49,2271;"SPRF-GO";"DEL03-GO";"UOP01-DEL03-GO"
463661;2022-07-24;"domingo";"07:00:00";"RS";470;143;"ANDRE DA ROCHA";"Ausência de reação do condutor";"Saída de leito carroçável";"Sem Vítimas";"Pleno dia";"Decrescente";"Céu Claro";"Simples";"Curva";"Não";2;0;0;0;0;2;0;2;-28,68030968;-51,61123753;"SPRF-RS";"DEL06-RS";"UOP02-DEL06-RS"
463663;2022-07-24;"domingo";"11:45:00";"RN";406;163;"SAO GONCALO DO AMARANTE";"Avarias e/ou desgaste excessivo no pneu";"Tombamento";"Com Vítimas Feridas";"Pleno dia";"Crescente";"Nublado";"Simples";"Interseção de Vias";"Não";2;0;0;2;0;0;2;1;-5,73527201;-35,35543901;"SPRF-RN";"DEL02-RN";"UOP01-DEL02-RN"
463665;2022-07-24;"domingo";"11:45:00";"RS";116;206;"PICADA CAFE";"Velocidade Incompatível";"Saída de leito carroçável";"Com Vítimas Feridas";"Pleno dia";"Crescente";"Céu Claro";"Simples";"Curva";"Não";1;0;0;1;0;0;1;1;-29,49966726;-51,1306017;"SPRF-RS";"DEL05-RS";"UOP02-DEL05-RS"
463666;2022-07-24;"domingo";"08:12:00";"SC";101;10;"GARUVA";"Ingestão de álcool pelo condutor";"Saída de leito carroçável";"Com Vítimas Feridas";"Pleno dia";"Decrescente";"Nublado";"Simples";"Interseção de Vias";"Não";1;0;1;0;0;0;1;1;-26,06618954;-48,85980606;"SPRF-SC";"DEL03-SC";"UOP01-DEL03-SC"
463667;2022-07-24;"domingo";"11:40:00";"SC";470;323;"CAMPOS NOVOS";"Acessar a via sem observar a presença dos outros veículos";"Colisão transversal";"Com Vítimas Feridas";"Pleno dia";"Decrescente";"Céu Claro";"Simples";"Reta";"Não";4;0;2;0;2;0;2;2;-27,438557;-51,244228;"SPRF-SC";"DEL07-SC";"UOP06-DEL07-SC"
463668;2022-07-24;"domingo";"11:59:00";"DF";60;12,1;"BRASILIA";"Condutor deixou de manter distância do veículo da frente";"Colisão traseira";"Sem Vítimas";"Pleno dia";"Crescente";"Céu Claro";"Dupla";"Reta";"Não";4;0;0;0;4;0;0;2;-15,916267;-48,164268;"SPRF-DF";"DEL03-DF";"UOP01-DEL03-DF"
463669;2022-07-24;"domingo";"10:40:00";"GO";153;176,6;"CAMPINORTE";"Ultrapassagem Indevida";"Colisão lateral mesmo sentido";"Com Vítimas Feridas";"Pleno dia";"Decrescente";"Céu Claro";"Simples";"Reta";"Sim";7;0;3;0;4;0;3;2;-14,314845;-49,150023;"SPRF-GO";"DEL07-GO";"UOP02-DEL07-GO"
463671;2022-07-24;"domingo";"09:10:00";"PA";230;134,1;"MARABA";"Reação tardia ou ineficiente do condutor";"Saída de leito carroçável";"Com Vítimas Fatais";"Pleno dia";"Crescente";"Sol";"Simples";"Declive;Curva";"Não";2;1;0;1;0;0;1;1;-5,355738;-49,21170299;"SPRF-PA";"DEL03-PA";"UOP01-DEL03-PA"
463673;2022-07-24;"domingo";"12:22:00";"MG";262;460;"NOVA SERRANA";"Reação tardia ou ineficiente do condutor";"Colisão traseira";"Com Vítimas Feridas";"Pleno dia";"Decrescente";"Céu Claro";"Simples";"Reta";"Não";4;0;2;0;2;0;2;2;-19,82719122;-45,07371312;"SPRF-MG";"DEL08-MG";"UOP03-DEL08-MG"
463674;2022-07-24;"domingo";"12:30:00";"BA";116;527;"ITATIM";"Condutor deixou de manter distância do veículo da frente";"Colisão traseira";"Com Vítimas Feridas";"Pleno dia";"Crescente";"Nublado";"Simples";"Aclive";"Não";4;0;1;0;3;0;1;2;-12,71200819;-39,73679991;"SPRF-BA";"DEL03-BA";"UOP02-DEL03-BA"
463675;2022-07-24;"domingo";"12:38:00";"RN";304;296;"MACAIBA";"Acessar a via sem observar a presença dos outros veículos";"Colisão transversal";"Com Vítimas Feridas";"Pleno dia";"Crescente";"Chuva";"Múltipla";"Declive";"Sim";2;0;1;0;1;0;1;2;-5,86484905;-35,34931012;"SPRF-RN";"DEL01-RN";"UOP02-DEL01-RN"
463677;2022-07-24;"domingo";"10:40:00";"RJ";116;184;"NOVA IGUACU";"Ausência de reação do condutor";"Capotamento";"Sem Vítimas";"Pleno dia";"Crescente";"Céu Claro";"Dupla";"Reta";"Sim";1;0;0;0;1;0;0;1;-22,74647215;-43,44594311;"SPRF-RJ";"DEL01-RJ";"UOP02-DEL01-RJ"
463678;2022-07-24;"domingo";"12:30:00";"MG";262;455;"NOVA SERRANA";"Velocidade Incompatível";"Colisão traseira";"Com Vítimas Feridas";"Pleno dia";"Crescente";"Sol";"Simples";"Reta;Aclive";"Não";2;0;0;1;1;0;1;2;-19,8482311;-45,03238506;"SPRF-MG";"DEL08-MG";"UOP03-DEL08-MG"