"id";"data_inversa";"dia_semana";"horario";"uf";"br";"km";"municipio";"causa_acidente";"tipo_acidente";"classificacao_acidente";"fase_dia";"sentido_via";"condicao_metereologica";"tipo_pista";"tracado_via";"uso_solo";"pessoas";"mortos";"feridos_leves";"feridos_graves";"ilesos";"ignorados";"feridos";"veiculos";"latitude";"longitude";"regional";"delegacia";"uop"
464097;2022-07-26;"terça-feira";"06:29:00";"RJ";40;110;"DUQUE DE CAXIAS";"Condutor deixou de manter distância do veículo da frente";"Colisão traseira";"Com Vítimas Feridas";"Pleno dia";"Crescente";"Céu Claro";"Múltipla";"Reta";"Sim";2;0;1;0;0;1;1;2;-22,68289906;-43,28549346;"SPRF-RJ";"DEL01-RJ";"UOP01-DEL01-RJ"
464098;2022-07-26;"terça-feira";"08:15:00";"SC";470;143;"RIO DO SUL";"Conversão proibida";"Colisão lateral mesmo sentido";"Com Vítimas Feridas";"Pleno dia";"Crescente";"Nublado";"Simples";"Curva";"Sim";2;0;2;0;0;0;2;2;-27,233143;-49,672886;"SPRF-SC";"DEL04-SC";"UOP02-DEL04-SC"
464099;2022-07-26;"terça-feira";"08:11:00";"RJ";40;122;"DUQUE DE CAXIAS";"Condutor deixou de manter distância do veículo da frente";"Colisão traseira";"Com Vítimas Feridas";"Pleno dia";"Crescente";"Céu Claro";"Múltipla";"Reta";"Sim";4;0;0;2;2;0;2;3;-22,79438202;-43,28812838;"SPRF-RJ";"DEL01-RJ";"UOP01-DEL01-RJ"
464101;2022-07-26;"terça-feira";"08:45:00";"RS";287;260;"SANTA MARIA";"Animais na Pista";"Incêndio";"Sem Vítimas";"Pleno dia";"Decrescente";"Céu Claro";"Simples";"Reta";"Não";3;0;0;0;3;0;0;1;-29,67478774;-53,97101397;"SPRF-RS";"DEL09-RS";"UOP01-DEL09-RS"
464102;2022-07-26;"terça-feira";"08:50:00";"PR";376;594;"CURITIBA";"Condutor deixou de manter distância do veículo da frente";"Colisão traseira";"Com Vítimas Feridas";"Pleno dia";"Crescente";"Céu Claro";"Dupla";"Reta";"Sim";1;0;0;1;0;0;1;1;-25,48479613;-49,34730331;"SPRF-PR";"DEL01-PR";"UOP06-DEL01-PR"
464103;2022-07-26;"terça-feira";"08:30:00";"MG";365;627,7;"UBERLANDIA";"Demais falhas na via";"Tombamento";"Com Vítimas Feridas";"Pleno dia";"Crescente";"Céu Claro";"Dupla";"Reta";"Sim";1;0;0;1;0;0;1;1;-18,90359335;-48,34361612;"SPRF-MG";"DEL15-MG";"UOP01-DEL15-MG"
464104;2022-07-26;"terça-feira";"09:00:00";"GO";153;507,4;"APARECIDA DE GOIANIA";"Manobra de mudança de faixa";"Colisão lateral mesmo sentido";"Com Vítimas Feridas";"Pleno dia";"Crescente";"Sol";"Dupla";"Reta";"Sim";2;0;1;0;1;0;1;2;-16,7715;-49,2387;"SPRF-GO";"DEL01-GO";"UOP03-DEL01-GO"
464107;2022-07-26;"terça-feira";"06:45:00";"GO";153;368;"JARAGUA";"Condutor deixou de manter distância do veículo da frente";"Colisão traseira";"Com Vítimas Feridas";"Amanhecer";"Decrescente";"Céu Claro";"Simples";"Em Obras";"Não";5;0;4;0;1;0;4;2;-15,814121;-49,291016;"SPRF-GO";"DEL02-GO";"UOP02-DEL02-GO"
464108;2022-07-26;"terça-feira";"09:32:00";"PI";343;265,4;"CAMPO MAIOR";"Acessar a via sem observar a presença dos outros veículos";"Colisão lateral mesmo sentido";"Com Vítimas Feridas";"Pleno dia";"Decrescente";"Céu Claro";"Simples";"Reta";"Sim";3;0;2;0;1;0;2;2;-4,83843728;-42,17119217;"SPRF-PI";"DEL01-PI";"UOP03-DEL01-PI"
464109;2022-07-26;"terça-feira";"10:09:00";"GO";153;491,9;"GOIANIA";"Ausência de reação do condutor";"Engavetamento";"Sem Vítimas";"Pleno dia";"Decrescente";"Céu Claro";"Dupla";"Reta";"Sim";3;0;0;0;3;0;0;2;-16,639;-49,2063;"SPRF-GO";"DEL01-GO";"UOP01-DEL01-GO"
464110;2022-07-03;"domingo";"06:19:00";"MG";40;578;"ITABIRITO";"Demais falhas mecânicas ou elétricas";"Incêndio";"Sem Vítimas";"Pleno dia";"Decrescente";"Céu Claro";"Dupla";"Reta";"Não";1;0;0;0;1;0;0;1;-20,20202415;-43,97450924;"SPRF-MG";"DEL01-MG";"UOP02-DEL01-MG"
464117;2022-07-26;"terça-feira";"10:30:00";"BA";110;398;"SAO SEBASTIAO DO PASSE";"Pista esburacada";"Tombamento";"Com Vítimas Feridas";"Pleno dia";"Decrescente";"Chuva";"Simples";"Reta";"Sim";1;0;1;0;0;0;1;1;-12,50766107;-38,49626949;"SPRF-BA";"DEL01-BA";"UOP01-DEL01-BA"
464122;2022-07-26;"terça-feira";"09:55:00";"PE";423;45,5;"CACHOEIRINHA";"Reação tardia ou ineficiente do condutor";"Capotamento";"Com Vítimas Feridas";"Pleno dia";"Crescente";"Nublado";"Simples";"Reta";"Não";4;0;3;0;1;0;3;1;-8,49546007;-36,23936082;"SPRF-PE";"DEL03-PE";"UOP01-DEL03-PE"
464123;2022-07-26;"terça-feira";"11:30:00";"RS";116;253;"SAPUCAIA DO SUL";"Demais falhas mecânicas ou elétricas";"Queda de ocupante de veículo";"Com Vítimas Feridas";"Pleno dia";"Decrescente";"Céu Claro";"Dupla";"Reta";"Sim";3;0;2;0;0;1;2;2;-29,81784209;-51,16996166;"SPRF-RS";"DEL01-RS";"UOP02-DEL01-RS"
464124;2022-07-26;"terça-feira";"05:00:00";"RJ";356;184;"SAO JOAO DA BARRA";"Animais na Pista";"Colisão traseira";"Com Vítimas Feridas";"Plena Noite";"Decrescente";"Céu Claro";"Simples";"Reta";"Sim";3;0;0;2;1;0;2;2;-21,62783468;-41,03262118;"SPRF-RJ";"DEL08-RJ";"UOP02-DEL08-RJ"
464129;2022-07-26;"terça-feira";"13:00:00";"SP";116;273;"TABOAO DA SERRA";"Pedestre cruzava a pista fora da faixa";"Atropelamento de Pedestre";"Com Vítimas Feridas";"Pleno dia";"Decrescente";"Sol";"Dupla";"Reta";"Sim";3;0;2;0;1;0;2;2;-23,62809795;-46,81870306;"SPRF-SP";"DEL04-SP";"UOP01-DEL04-SP"
464130;2022-07-26;"terça-feira";"13:15:00";"DF";70;1,2;"BRASILIA";"Ausência de reação do condutor";"Tombamento";"Com Vítimas Feridas";"Pleno dia";"Decrescente";"Sol";"Dupla";"Reta;Declive";"Não";2;0;1;0;0;1;1;2;-15,795264;-48,063801;"SPRF-DF";"DEL03-DF";"UOP02-DEL03-DF"
464131;2022-07-26;"terça-feira";"13:40:00";"SC";280;126,1;"RIO NEGRINHO";"Reação tardia ou ineficiente do condutor";"Engavetamento";"Com Vítimas Feridas";"Pleno dia";"Crescente";"Céu Claro";"Simples";"Reta";"Sim";5;0;1;0;4;0;1;5;-26,23779604;-49,49427399;"SPRF-SC";"DEL06-SC";"UOP03-DEL06-SC"
464132;2022-01-15;"sábado";"05:25:00";"MG";365;618,1;"UBERLANDIA";"Ausência de reação do condutor";"Colisão traseira";"Com Vítimas Feridas";"Amanhecer";"Decrescente";"Nublado";"Dupla";"Reta";"Sim";2;0;2;0;0;0;2;2;-18,89096479;-48,27070632;"SPRF-MG";"DEL15-MG";"UOP01-DEL15-MG"
464134;2022-07-26;"terça-feira";"13:25:00";"RS";470;206;"BENTO GONCALVES";"Conversão proibida";"Colisão frontal";"Com Vítimas Feridas";"Pleno dia";"Crescente";"Céu Claro";"Simples";"Reta";"Não";2;0;2;0;0;0;2;2;-29,08977;-51,556176;"SPRF-RS";"DEL06-RS";"UOP01-DEL06-RS"
464136;2022-07-26;"terça-feira";"13:10:00";"MT";364;266;"SAO PEDRO DA CIPA";"Acessar a via sem observar a presença dos outros veículos";"Colisão traseira";"Com Vítimas Feridas";"Pleno dia";"Decrescente";"Céu Claro";"Dupla";"Retorno Regulamentado";"Sim";2;0;1;0;1;0;1;2;-15,995969;-54,92259699;"SPRF-MT";"DEL02-MT";"UOP01-DEL02-MT"
464141;2022-07-26;"terça-feira";"14:50:00";"PE";408;59;"TRACUNHAEM";"Acessar a via sem observar a presença dos outros veículos";"Colisão transversal";"Com Vítimas Feridas";"Pleno dia";"Crescente";"Céu Claro";"Simples";"Reta";"Sim";2;0;0;1;1;0;1;2;-7,80575494;-35,24395484;"SPRF-PE";"DEL01-PE";"UOP01-DEL01-PE"
464142;2022-07-26;"terça-feira";"16:00:00";"SC";101;205;"SAO JOSE";"Demais falhas mecânicas ou elétricas";"Colisão traseira";"Com Vítimas Feridas";"Pleno dia";"Decrescente";"Céu Claro";"Múltipla";"Reta";"Sim";3;0;0;1;2;0;1;3;-27,58313237;-48,61532885;"SPRF-SC";"DEL01-SC";"UOP01-DEL01-SC"
464143;2022-07-26;"terça-feira";"15:25:00";"RS";386;342,7;"LAJEADO";"Ausência de reação do condutor";"Colisão traseira";"Com Vítimas Feridas";"Pleno dia";"Crescente";"Céu Claro";"Simples";"Reta";"Sim";2;0;1;0;1;0;1;2;-29,431631;-52,011932;"SPRF-RS";"DEL04-RS";"UOP01-DEL04-RS"
464144;2022-07-26;"terça-feira";"13:45:00";"MG";267;27,5;"ARGIRITA";"Pista esburacada";"Saída de leito carroçável";"Com Vítimas Feridas";"Pleno dia";"Decrescente";"Céu Claro";"Simples";"Reta";"Não";1;0;0;1;0;0;1;1;-21,62218533;-42,82361977;"SPRF-MG";"DEL07-MG";"UOP01-DEL07-MG"
464145;2022-07-26;"terça-feira";"15:20:00";"MA";135;131,5;"MIRANDA DO NORTE";"Manobra de mudança de faixa";"Colisão com objeto";"Com Vítimas Feridas";"Pleno dia";"Decrescente";"Céu Claro";"Simples";"Declive";"Não";3;0;1;0;2;0;1;1;-3,60070005;-44,56716411;"SPRF-MA";"DEL01-MA";"UOP02-DEL01-MA"
464146;2022-07-26;"terça-feira";"15:15:00";"MG";262;61,4;"MATIPO";"Velocidade Incompatível";"Saída de leito carroçável";"Com Vítimas Feridas";"Pleno dia";"Crescente";"Céu Claro";"Simples";"Curva";"Não";1;0;0;1;0;0;1;1;-20,2924829;-42,21744498;"SPRF-MG";"DEL06-MG";"UOP03-DEL06-MG"
464147;2022-07-26;"terça-feira";"15:50:00";"MG";381;441;"SABARA";"Manobra de mudança de faixa";"Saída de leito carroçável";"Com Vítimas Feridas";"Pleno dia";"Decrescente";"Céu Claro";"Dupla";"Declive";"Não";5;0;2;0;2;1;2;2;-19,81604176;-43,80389901;"SPRF-MG";"DEL01-MG";"UOP01-DEL01-MG"
464150;2022-07-26;"terça-feira";"16:45:00";"SC";101;123;"ITAJAI";"Acessar a via sem observar a presença dos outros veículos";"Colisão transversal";"Com Vítimas Feridas";"Pleno dia";"Decrescente";"Nublado";"Dupla";"Rotatória";"Sim";2;0;1;0;1;0;1;2;-26,93668609;-48,69876905;"SPRF-SC";"DEL04-SC";"UOP04-DEL04-SC"
464151;2022-07-26;"terça-feira";"16:00:00";"MA";222;670;"ACAILANDIA";"Reação tardia ou ineficiente do condutor";"Saída de leito carroçável";"Com Vítimas Feridas";"Pleno dia";"Decrescente";"Céu Claro";"Simples";"Reta";"Não";3;0;3;0;0;0;3;1;-4,936858;-47,458261;"SPRF-MA";"DEL04-MA";"UOP03-DEL04-MA"
464152;2022-07-26;"terça-feira";"14:20:00";"MT";163;832;"SINOP";"Reação tardia ou ineficiente do condutor";"Queda de ocupante de veículo";"Com Vítimas Feridas";"Pleno dia";"Crescente";"Céu Claro";"Dupla";"Rotatória";"Sim";1;0;1;0;0;0;1;1;-12,0138;-55,51719;"SPRF-MT";"DEL06-MT";"UOP01-DEL06-MT"
464159;2022-07-26;"terça-feira";"16:30:00";"AL";104;46,4;"BRANQUINHA";"Demais falhas mecânicas ou elétricas";"Saída de leito carroçável";"Sem Vítimas";"Pleno dia";"Decrescente";"Garoa/Chuvisco";"Simples";"Reta";"Sim";2;0;0;0;2;0;0;2;-9,21365535;-35,92440033;"SPRF-AL";"DEL01-AL";"UOP02-DEL01-AL"
464160;2022-07-26;"terça-feira";"10:00:00";"MG";116;489,9;"INHAPIM";"Demais falhas mecânicas ou elétricas";"Tombamento";"Com Vítimas Feridas";"Pleno dia";"Crescente";"Céu Claro";"Simples";"Reta;Declive";"Não";2;0;0;2;0;0;2;1;-19,46771319;-42,13403065;"SPRF-MG";"DEL06-MG";"UOP02-DEL06-MG"
464161;2022-07-26;"terça-feira";"13:40:00";"PE";424;33,2;"VENTUROSA";"Acessar a via sem observar a presença dos outros veículos";"Colisão transversal";"Sem Vítimas";"Pleno dia";"Crescente";"Nublado";"Simples";"Reta";"Não";2;0;0;0;2;0;0;2;-8,60056402;-36,85816503;"SPRF-PE";"DEL04-PE";"UOP02-DEL04-PE"
464164;2022-07-26;"terça-feira";"16:35:00";"MS";463;88;"PONTA PORA";"Acessar a via sem observar a presença dos outros veículos";"Colisão transversal";"Com Vítimas Feridas";"Pleno dia";"Decrescente";"Sol";"Simples";"Interseção de Vias";"Não";4;0;0;1;3;0;1;2;-22,58480302;-55,51360454;"SPRF-MS";"DEL04-MS";"UOP03-DEL04-MS"
464165;2022-07-26;"terça-feira";"17:35:00";"RS";116;242;"SAO LEOPOLDO";"Condutor deixou de manter distância do veículo da frente";"Colisão traseira";"Com Vítimas Feridas";"Anoitecer";"Crescente";"Nublado";"Dupla";"Reta";"Sim";2;0;1;0;1;0;1;2;-29,72297087;-51,14858729;"SPRF-RS";"DEL01-RS";"UOP02-DEL01-RS"
464167;2022-07-14;"quinta-feira";"20:10:00";"PR";373;244;"GUAMIRANGA";"Ausência de reação do condutor";"Atropelamento de Animal";"Sem Vítimas";"Plena Noite";"Crescente";"Ignorado";"Simples";"Reta";"Sim";1;0;0;0;1;0;0;1;-25,1878259;-50,80438614;"SPRF-PR";"DEL03-PR";"UOP04-DEL03-PR"
464169;2022-07-26;"terça-feira";"18:10:00";"ES";101;147;"LINHARES";"Ingestão de álcool pelo condutor";"Colisão traseira";"Sem Vítimas";"Anoitecer";"Crescente";"Céu Claro";"Múltipla";"Reta";"Sim";2;0;0;0;2;0;0;2;-19,37887202;-40,06657892;"SPRF-ES";"DEL04-ES";"UOP01-DEL04-ES"
464170;2022-07-26;"terça-feira";"18:15:00";"RS";386;351;"ESTRELA";"Reação tardia ou ineficiente do condutor";"Engavetamento";"Com Vítimas Feridas";"Plena Noite";"Crescente";"Céu Claro";"Dupla";"Viaduto";"Sim";4;0;1;0;3;0;1;3;-29,483124;-51,954472;"SPRF-RS";"DEL04-RS";"UOP02-DEL04-RS"
464173;2022-07-26;"terça-feira";"17:25:00";"SC";280;129;"RIO NEGRINHO";"Acessar a via sem observar a presença dos outros veículos";"Colisão transversal";"Com Vítimas Feridas";"Anoitecer";"Crescente";"Céu Claro";"Simples";"Reta";"Não";7;0;3;0;4;0;3;2;-26,24586437;-49,52284615;"SPRF-SC";"DEL06-SC";"UOP03-DEL06-SC"
464174;2022-07-26;"terça-feira";"00:10:00";"BA";324;559;"SAO SEBASTIAO DO PASSE";"Ausência de reação do condutor";"Saída de leito carroçável";"Com Vítimas Feridas";"Plena Noite";"Decrescente";"Garoa/Chuvisco";"Dupla";"Reta";"Não";3;0;2;0;1;0;2;1;-12,48716788;-38,66087791;"SPRF-BA";"DEL01-BA";"UOP03-DEL01-BA"
464176;2022-07-26;"terça-feira";"18:30:00";"GO";70;2;"AGUAS LINDAS DE GOIAS";"Falta de elemento de contenção que evite a saída do leito carroçável";"Colisão frontal";"Com Vítimas Feridas";"Anoitecer";"Crescente";"Céu Claro";"Dupla";"Curva";"Não";3;0;1;0;2;0;1;2;-15,76317946;-48,23410034;"SPRF-DF";"DEL03-DF";"UOP02-DEL03-DF"
464179;2022-07-26;"terça-feira";"17:00:00";"PE";232;30,5;"MORENO";"Condutor deixou de manter distância do veículo da frente";"Colisão traseira";"Com Vítimas Feridas";"Anoitecer";"Crescente";"Garoa/Chuvisco";"Dupla";"Curva;Aclive";"Não";3;0;1;0;2;0;1;2;-8,10883;-35,157869;"SPRF-PE";"DEL01-PE";"UOP01-DEL01-PE"
464180;2022-07-26;"terça-feira";"21:00:00";"CE";116;523,4;"JATI";"Pista esburacada";"Tombamento";"Com Vítimas Feridas";"Plena Noite";"Decrescente";"Céu Claro";"Simples";"Reta";"Não";1;0;1;0;0;0;1;1;-7,66374683;-39,01735564;"SPRF-CE";"DEL05-CE";"UOP03-DEL05-CE"
464181;2022-07-26;"terça-feira";"17:50:00";"BA";101;251;"CONCEICAO DO ALMEIDA";"Demais falhas mecânicas ou elétricas";"Queda de ocupante de veículo";"Com Vítimas Feridas";"Plena Noite";"Crescente";"Garoa/Chuvisco";"Simples";"Reta";"Não";2;0;2;0;0;0;2;1;-12,89414255;-39,23256397;"SPRF-BA";"DEL01-BA";"UOP02-DEL01-BA"
464182;2022-07-26;"terça-feira";"21:20:00";"PE";101;50;"ABREU E LIMA";"Pedestre cruzava a pista fora da faixa";"Atropelamento de Pedestre";"Com Vítimas Feridas";"Plena Noite";"Crescente";"Chuva";"Múltipla";"Reta";"Sim";2;0;0;1;1;0;1;2;-7,90938602;-34,90123228;"SPRF-PE";"DEL01-PE";"UOP02-DEL01-PE"
464183;2022-07-26;"terça-feira";"17:45:00";"MG";116;289,9;"TEOFILO OTONI";"Ingestão de álcool pelo condutor";"Colisão com objeto";"Com Vítimas Feridas";"Anoitecer";"Crescente";"Nublado";"Dupla";"Reta;Aclive";"Não";3;0;1;0;2;0;1;2;-17,966969;-41,541154;"SPRF-MG";"DEL11-MG";"UOP01-DEL11-MG"
464184;2022-07-26;"terça-feira";"18:40:00";"SC";101;307;"LAGUNA";"Acessar a via sem observar a presença dos outros veículos";"Colisão frontal";"Com Vítimas Feridas";"Plena Noite";"Decrescente";"Céu Claro";"Simples";"Reta";"Sim";3;0;1;2;0;0;3;2;-28,409084;-48,792491;"SPRF-SC";"DEL02-SC";"UOP03-DEL02-SC"
464185;2022-07-26;"terça-feira";"18:30:00";"SC";101;146;"ITAPEMA";"Reação tardia ou ineficiente do condutor";"Engavetamento";"Com Vítimas Feridas";"Plena Noite";"Crescente";"Nublado";"Dupla";"Reta";"Não";3;0;2;0;1;0;2;3;-27,08666525;-48,60955587;"SPRF-SC";"DEL04-SC";"UOP03-DEL04-SC"
464186;2022-07-26;"terça-feira";"18:40:00";"MT";364;438;"VARZEA GRANDE";"Animais na Pista";"Atropelamento de Animal";"Com Vítimas Feridas";"Plena Noite";"Crescente";"Céu Claro";"Dupla";"Reta";"Não";1;0;1;0;0;0;1;1;-15,6421378;-56,16354393;"SPRF-MT";"DEL01-MT";"UOP02-DEL01-MT"
464188;2022-07-26;"terça-feira";"21:40:00";"BA";324;517;"FEIRA DE SANTANA";"Acessar a via sem observar a presença dos outros veículos";"Colisão lateral mesmo sentido";"Com Vítimas Feridas";"Plena Noite";"Decrescente";"Nublado";"Simples";"Reta";"Sim";3;0;1;0;2;0;1;2;-12,26978279;-38,93472729;"SPRF-BA";"DEL02-BA";"UOP01-DEL02-BA"
464189;2022-07-26;"terça-feira";"21:30:00";"MS";163;260;"DOURADOS";"Pedestre andava na pista";"Atropelamento de Pedestre";"Com Vítimas Fatais";"Plena Noite";"Decrescente";"Céu Claro";"Dupla";"Reta";"Não";3;1;0;0;2;0;0;2;-22,24489388;-54,77203018;"SPRF-MS";"DEL04-MS";"UOP01-DEL04-MS"
464191;2022-07-26;"terça-feira";"21:50:00";"BA";324;519;"FEIRA DE SANTANA";"Acessar a via sem observar a presença dos outros veículos";"Colisão transversal";"Sem Vítimas";"Plena Noite";"Crescente";"Céu Claro";"Dupla";"Reta";"Sim";2;0;0;0;1;1;0;2;-12,26687642;-38,93349875;"SPRF-BA";"DEL02-BA";"UOP01-DEL02-BA"
464192;2022-07-26;"terça-feira";"19:30:00";"MG";40;507;"RIBEIRAO DAS NEVES";"Ausência de reação do condutor";"Saída de leito carroçável";"Sem Vítimas";"Plena Noite";"Decrescente";"Céu Claro";"Dupla";"Reta";"Sim";1;0;0;0;1;0;0;1;-19,75431705;-44,14152606;"SPRF-MG";"DEL02-MG";"UOP01-DEL02-MG"
464193;2022-07-26;"terça-feira";"19:00:00";"PA";316;23;"BENEVIDES";"Condutor deixou de manter distância do veículo da frente";"Colisão traseira";"Com Vítimas Feridas";"Plena Noite";"Crescente";"Céu Claro";"Dupla";"Reta";"Sim";2;0;1;0;1;0;1;2;-1,34599732;-48,25152822;"SPRF-PA";"DEL01-PA";"UOP01-DEL01-PA"
464194;2022-07-26;"terça-feira";"19:40:00";"MG";116;374,3;"FREI INOCENCIO";"Ingestão de álcool e/ou substâncias psicoativas pelo pedestre";"Atropelamento de Pedestre";"Com Vítimas Feridas";"Plena Noite";"Decrescente";"Céu Claro";"Simples";"Reta";"Sim";2;0;2;0;0;0;2;2;-18,56919;-41,907828;"SPRF-MG";"DEL11-MG";"UOP01-DEL11-MG"
464195;2022-07-26;"terça-feira";"19:05:00";"RS";290;179,5;"BUTIA";"Ultrapassagem Indevida";"Colisão frontal";"Com Vítimas Feridas";"Pleno dia";"Decrescente";"Céu Claro";"Simples";"Reta";"Não";2;0;1;0;1;0;1;2;-30,138813;-52,016747;"SPRF-RS";"DEL02-RS";"UOP03-DEL02-RS"
464196;2022-07-26;"terça-feira";"18:23:00";"SC";101;425;"ARARANGUA";"Manobra de mudança de faixa";"Colisão transversal";"Com Vítimas Feridas";"Plena Noite";"Crescente";"Céu Claro";"Dupla";"Reta";"Não";2;0;1;0;0;1;1;2;-29,02515956;-49,59903359;"SPRF-SC";"DEL02-SC";"UOP02-DEL02-SC"
464197;2022-07-26;"terça-feira";"19:00:00";"SP";116;104;"TAUBATE";"Reação tardia ou ineficiente do condutor";"Engavetamento";"Com Vítimas Feridas";"Plena Noite";"Crescente";"Céu Claro";"Dupla";"Reta";"Não";5;0;1;1;3;0;2;4;-23,00340176;-45,50626912;"SPRF-SP";"DEL08-SP";"UOP01-DEL08-SP"
464198;2022-07-26;"terça-feira";"21:15:00";"SC";116;72,8;"MONTE CASTELO";"Acessar a via sem observar a presença dos outros veículos";"Colisão transversal";"Sem Vítimas";"Plena Noite";"Decrescente";"Nublado";"Simples";"Reta";"Não";2;0;0;0;2;0;0;2;-26,48707;-50,23276105;"SPRF-SC";"DEL06-SC";"UOP02-DEL06-SC"
464201;2022-07-26;"terça-feira";"18:30:00";"BA";330;857,9;"BARRA DO ROCHA";"Ingestão de álcool pelo condutor";"Colisão frontal";"Com Vítimas Feridas";"Plena Noite";"Crescente";"Céu Claro";"Simples";"Reta";"Sim";6;0;2;0;4;0;2;2;-14,20429963;-39,60467932;"SPRF-BA";"DEL03-BA";"UOP01-DEL03-BA"
464203;2022-07-26;"terça-feira";"16:40:00";"MG";40;42,5;"PARACATU";"Acessar a via sem observar a presença dos outros veículos";"Colisão transversal";"Com Vítimas Feridas";"Pleno dia";"Crescente";"Céu Claro";"Dupla";"Interseção de Vias";"Sim";4;0;1;1;2;0;2;2;-17,2188441;-46,8666753;"SPRF-MG";"DEL14-MG";"UOP01-DEL14-MG"
464204;2022-07-26;"terça-feira";"22:45:00";"RS";470;340;"TRIUNFO";"Ingestão de álcool pelo condutor";"Saída de leito carroçável";"Sem Vítimas";"Plena Noite";"Crescente";"Céu Claro";"Simples";"Reta";"Sim";1;0;0;0;1;0;0;1;-29,94560098;-51,71233396;"SPRF-RS";"DEL04-RS";"UOP02-DEL04-RS"
464205;2022-07-26;"terça-feira";"23:45:00";"SC";470;66;"INDAIAL";"Velocidade Incompatível";"Saída de leito carroçável";"Com Vítimas Feridas";"Plena Noite";"Decrescente";"Céu Claro";"Dupla";"Interseção de Vias;Curva";"Não";1;0;0;1;0;0;1;1;-26,870407;-49,221844;"SPRF-SC";"DEL04-SC";"UOP01-DEL04-SC"
464206;2022-07-26;"terça-feira";"22:20:00";"PB";230;417,3;"POMBAL";"Animais na Pista";"Atropelamento de Animal";"Com Vítimas Feridas";"Plena Noite";"Decrescente";"Céu Claro";"Simples";"Reta";"Não";4;0;0;1;2;1;1;1;-6,7147;-37,8288;"SPRF-PB";"DEL03-PB";"UOP02-DEL03-PB"
464211;2022-07-27;"quarta-feira";"02:15:00";"PR";376;376,4;"IMBAU";"Entrada inopinada do pedestre";"Atropelamento de Pedestre";"Com Vítimas Fatais";"Plena Noite";"Crescente";"Céu Claro";"Dupla";"Aclive;Reta";"Não";2;1;0;0;1;0;0;2;-24,42035776;-50,77322371;"SPRF-PR";"DEL07-PR";"UOP02-DEL07-PR"
464212;2022-07-27;"quarta-feira";"02:15:00";"RS";285;411;"PANAMBI";"Condutor Dormindo";"Saída de leito carroçável";"Com Vítimas Feridas";"Plena Noite";"Decrescente";"Céu Claro";"Simples";"Reta;Declive";"Não";1;0;1;0;0;0;1;1;-28,356352;-53,460957;"SPRF-RS";"DEL10-RS";"UOP02-DEL10-RS"
464213;2022-07-27;"quarta-feira";"01:00:00";"MT";0;0;"CUIABA";"Ausência de reação do condutor";"Colisão traseira";"Com Vítimas Feridas";"Plena Noite";"Não Informado";"Céu Claro";"Dupla";"Aclive";"Sim";2;0;1;0;1;0;1;2;-15,67565189;-55,93822495;"SPRF-MT";"DEL01-MT";"UOP02-DEL01-MT"
464217;2022-07-26;"terça-feira";"17:40:00";"GO";153;169,9;"CAMPINORTE";"Demais falhas mecânicas ou elétricas";"Saída de leito carroçável";"Com Vítimas Feridas";"Pleno dia";"Decrescente";"Céu Claro";"Simples";"Reta";"Não";3;0;3;0;0;0;3;1;-14,248932;-49,139103;"SPRF-GO";"DEL07-GO";"UOP02-DEL07-GO"
464219;2022-07-27;"quarta-feira";"06:05:00";"CE";116;22;"ITAITINGA";"Velocidade Incompatível";"Tombamento";"Com Vítimas Feridas";"Pleno dia";"Crescente";"Céu Claro";"Múltipla";"Reta";"Não";1;0;0;1;0;0;1;1;-3,9525767;-38,51266276;"SPRF-CE";"DEL01-CE";"UOP02-DEL01-CE"
464220;2022-07-27;"quarta-feira";"05:50:00";"SP";116;56;"LORENA";"Reação tardia ou ineficiente do condutor";"Tombamento";"Com Vítimas Feridas";"Amanhecer";"Crescente";"Nublado";"Dupla";"Reta";"Não";1;0;1;0;0;0;1;1;-22,76356421;-45,12272385;"SPRF-SP";"DEL08-SP";"UOP02-DEL08-SP"
464221;2022-07-27;"quarta-feira";"06:00:00";"ES";101;50,8;"CONCEICAO DA BARRA";"Demais falhas mecânicas ou elétricas";"Incêndio";"Sem Vítimas";"Amanhecer";"Decrescente";"Céu Claro";"Simples";"Aclive";"Não";1;0;0;0;1;0;0;1;-18,58588752;-39,89233239;"SPRF-ES";"DEL04-ES";"UOP02-DEL04-ES"
464222;2022-07-27;"quarta-feira";"05:10:00";"SP";116;55,9;"LORENA";"Animais na Pista";"Colisão com objeto";"Com Vítimas Feridas";"Amanhecer";"Crescente";"Nublado";"Dupla";"Reta";"Não";1;0;0;1;0;0;1;1;-22,76356421;-45,12272385;"SPRF-SP";"DEL08-SP";"UOP02-DEL08-SP"
464223;2022-07-27;"quarta-feira";"05:45:00";"SC";101;215,5;"PALHOCA";"Acessar a via sem observar a presença dos outros veículos";"Colisão transversal";"Com Vítimas Feridas";"Amanhecer";"Crescente";"Nublado";"Múltipla";"Interseção de Vias";"Sim";2;0;1;0;1;0;1;2;-27,65184843;-48,67604941;"SPRF-SC";"DEL01-SC";"UOP02-DEL01-SC"