"id";"data_inversa";"dia_semana";"horario";"uf";"br";"km";"municipio";"causa_acidente";"tipo_acidente";"classificacao_acidente";"fase_dia";"sentido_via";"condicao_metereologica";"tipo_pista";"tracado_via";"uso_solo";"pessoas";"mortos";"feridos_leves";"feridos_graves";"ilesos";"ignorados";"feridos";"veiculos";"latitude";"longitude";"regional";"delegacia";"uop"
464224;2022-07-26;"terça-feira";"20:30:00";"BA";101;502;"ITABUNA";"Acostamento em desnível";"Queda de ocupante de veículo";"Com Vítimas Feridas";"Plena Noite";"Crescente";"Nublado";"Simples";"Reta;Aclive";"Não";2;0;1;0;1;0;1;1;-14,92453419;-39,29545275;"SPRF-BA";"DEL05-BA";"UOP01-DEL05-BA"
464225;2022-07-27;"quarta-feira";"06:14:00";"PE";101;74;"RECIFE";"Demais falhas mecânicas ou elétricas";"Incêndio";"Sem Vítimas";"Pleno dia";"Crescente";"Garoa/Chuvisco";"Dupla";"Reta";"Sim";1;0;0;0;1;0;0;1;-8,106917;-34,948647;"SPRF-PE";"DEL01-PE";"UOP01-DEL01-PE"
464227;2022-07-27;"quarta-feira";"05:00:00";"BA";324;568;"SAO SEBASTIAO DO PASSE";"Reação tardia ou ineficiente do condutor";"Colisão traseira";"Sem Vítimas";"Amanhecer";"Crescente";"Nublado";"Dupla";"Reta";"Não";2;0;0;0;2;0;0;2;-12,53527699;-38,59595575;"SPRF-BA";"DEL01-BA";"UOP01-DEL01-BA"
464228;2022-07-26;"terça-feira";"17:45:00";"MG";153;37,7;"CANAPOLIS";"Reação tardia ou ineficiente do condutor";"Saída de leito carroçável";"Com Vítimas Feridas";"Anoitecer";"Decrescente";"Céu Claro";"Dupla";"Reta";"Não";1;0;1;0;0;0;1;1;-18,72745629;-49,11459223;"SPRF-MG";"DEL15-MG";"UOP03-DEL15-MG"
464229;2022-07-27;"quarta-feira";"06:30:00";"RS";153;36,4;"TRES ARROIOS";"Condutor Dormindo";"Saída de leito carroçável";"Sem Vítimas";"Amanhecer";"Decrescente";"Céu Claro";"Simples";"Reta";"Não";1;0;0;0;1;0;0;1;-27,56098123;-52,20915371;"SPRF-RS";"DEL08-RS";"UOP04-DEL08-RS"
464230;2022-07-27;"quarta-feira";"05:20:00";"SC";280;20;"ARAQUARI";"Ausência de reação do condutor";"Colisão com objeto";"Sem Vítimas";"Plena Noite";"Crescente";"Nublado";"Simples";"Interseção de Vias";"Não";1;0;0;0;1;0;0;1;-26,36990477;-48,68224301;"SPRF-SC";"DEL03-SC";"UOP03-DEL03-SC"
464233;2022-07-27;"quarta-feira";"07:00:00";"MG";365;635;"UBERLANDIA";"Reação tardia ou ineficiente do condutor";"Tombamento";"Com Vítimas Feridas";"Pleno dia";"Decrescente";"Céu Claro";"Dupla";"Reta";"Não";1;0;0;1;0;0;1;1;-18,89262095;-48,41859299;"SPRF-MG";"DEL15-MG";"UOP01-DEL15-MG"
464236;2022-07-26;"terça-feira";"22:30:00";"PR";116;116;"CURITIBA";"Condutor deixou de manter distância do veículo da frente";"Queda de ocupante de veículo";"Com Vítimas Feridas";"Plena Noite";"Crescente";"Céu Claro";"Dupla";"Reta";"Não";1;0;1;0;0;0;1;1;-25,55823862;-49,30698395;"SPRF-PR";"DEL01-PR";"UOP06-DEL01-PR"
464237;2022-07-27;"quarta-feira";"07:20:00";"MG";40;656,2;"CRISTIANO OTONI";"Velocidade Incompatível";"Colisão com objeto";"Com Vítimas Feridas";"Pleno dia";"Decrescente";"Nevoeiro/Neblina";"Dupla";"Declive;Curva";"Não";1;0;1;0;0;0;1;1;-20,879179;-43,800632;"SPRF-MG";"DEL05-MG";"UOP02-DEL05-MG"
464239;2022-07-27;"quarta-feira";"07:00:00";"RJ";116;274,2;"BARRA MANSA";"Velocidade Incompatível";"Saída de leito carroçável";"Com Vítimas Feridas";"Pleno dia";"Decrescente";"Céu Claro";"Dupla";"Aclive";"Não";1;0;1;0;0;0;1;1;-22,56163574;-44,14771584;"SPRF-RJ";"DEL07-RJ";"UOP02-DEL07-RJ"
464241;2022-07-27;"quarta-feira";"07:05:00";"SC";101;215;"PALHOCA";"Acessar a via sem observar a presença dos outros veículos";"Colisão transversal";"Com Vítimas Feridas";"Pleno dia";"Crescente";"Céu Claro";"Simples";"Reta";"Sim";2;0;1;0;1;0;1;2;-27,65184843;-48,67604941;"SPRF-SC";"DEL01-SC";"UOP02-DEL01-SC"
464242;2022-07-27;"quarta-feira";"07:20:00";"RJ";40;81;"PETROPOLIS";"Demais falhas mecânicas ou elétricas";"Incêndio";"Sem Vítimas";"Pleno dia";"Decrescente";"Céu Claro";"Simples";"Aclive";"Não";1;0;0;0;1;0;0;1;-22,50560003;-43,23186384;"SPRF-RJ";"DEL06-RJ";"UOP01-DEL06-RJ"
464243;2022-07-27;"quarta-feira";"07:45:00";"SP";101;20;"UBATUBA";"Ausência de reação do condutor";"Colisão traseira";"Com Vítimas Feridas";"Pleno dia";"Crescente";"Céu Claro";"Simples";"Reta";"Não";4;0;2;0;2;0;2;2;-23,32846069;-44,91369021;"SPRF-SP";"DEL06-SP";"UOP01-DEL06-SP"
464244;2022-07-27;"quarta-feira";"07:45:00";"PB";230;157,7;"CAMPINA GRANDE";"Desrespeitar a preferência no cruzamento";"Colisão transversal";"Com Vítimas Feridas";"Pleno dia";"Decrescente";"Céu Claro";"Simples";"Interseção de Vias";"Sim";2;0;2;0;0;0;2;2;-7,264;-35,9199;"SPRF-PB";"DEL02-PB";"UOP01-DEL02-PB"
464246;2022-07-27;"quarta-feira";"06:20:00";"RO";429;43;"PRESIDENTE MEDICI";"Animais na Pista";"Atropelamento de Animal";"Com Vítimas Feridas";"Amanhecer";"Crescente";"Céu Claro";"Simples";"Reta";"Não";1;0;1;0;0;0;1;1;-11,19965859;-61,91976407;"SPRF-RO";"DEL02-RO";"UOP03-DEL02-RO"
464247;2022-07-27;"quarta-feira";"07:50:00";"MG";381;490;"BETIM";"Reação tardia ou ineficiente do condutor";"Colisão com objeto";"Com Vítimas Feridas";"Pleno dia";"Crescente";"Sol";"Dupla";"Reta";"Sim";1;0;1;0;0;0;1;1;-19,96502819;-44,17422195;"SPRF-MG";"DEL01-MG";"UOP03-DEL01-MG"
464249;2022-07-27;"quarta-feira";"07:10:00";"PE";101;68;"RECIFE";"Velocidade Incompatível";"Tombamento";"Com Vítimas Feridas";"Pleno dia";"Crescente";"Nublado";"Dupla";"Rotatória";"Sim";1;0;1;0;0;0;1;1;-8,05074296;-34,94580619;"SPRF-PE";"DEL01-PE";"UOP01-DEL01-PE"
464250;2022-07-27;"quarta-feira";"08:10:00";"BA";324;603;"SIMOES FILHO";"Avarias e/ou desgaste excessivo no pneu";"Queda de ocupante de veículo";"Com Vítimas Feridas";"Pleno dia";"Crescente";"Nublado";"Dupla";"Reta";"Não";2;0;2;0;0;0;2;1;-12,77190917;-38,41991733;"SPRF-BA";"DEL01-BA";"UOP01-DEL01-BA"
464251;2022-07-26;"terça-feira";"21:45:00";"MG";381;882,5;"ESTIVA";"Acessar a via sem observar a presença dos outros veículos";"Colisão lateral mesmo sentido";"Sem Vítimas";"Plena Noite";"Crescente";"Céu Claro";"Dupla";"Reta";"Não";2;0;0;0;2;0;0;2;-22,52371907;-46,0241579;"SPRF-MG";"DEL16-MG";"UOP03-DEL16-MG"
464254;2022-07-19;"terça-feira";"19:45:00";"MS";163;289;"DOURADOS";"Avarias e/ou desgaste excessivo no pneu";"Tombamento";"Com Vítimas Feridas";"Plena Noite";"Crescente";"Céu Claro";"Simples";"Reta";"Não";2;0;2;0;0;0;2;1;-22,0750759;-54,56541842;"SPRF-MS";"DEL04-MS";"UOP01-DEL04-MS"
464255;2022-07-23;"sábado";"18:40:00";"RJ";116;266,2;"PIRAI";"Demais falhas mecânicas ou elétricas";"Incêndio";"Sem Vítimas";"Plena Noite";"Crescente";"Céu Claro";"Dupla";"Reta";"Não";1;0;0;0;0;1;0;1;-22,58856193;-44,09534501;"SPRF-RJ";"DEL07-RJ";"UOP02-DEL07-RJ"
464256;2022-07-27;"quarta-feira";"08:50:00";"SP";116;211;"GUARULHOS";"Ausência de reação do condutor";"Tombamento";"Com Vítimas Feridas";"Pleno dia";"Crescente";"Céu Claro";"Múltipla";"Reta";"Sim";1;0;1;0;0;0;1;1;-23,4324306;-46,4194352;"SPRF-SP";"DEL01-SP";"UOP01-DEL01-SP"
464257;2022-07-27;"quarta-feira";"09:45:00";"DF";20;5,5;"BRASILIA";"Condutor usando celular";"Colisão traseira";"Com Vítimas Feridas";"Pleno dia";"Crescente";"Céu Claro";"Múltipla";"Reta;Aclive";"Sim";3;0;2;0;1;0;2;2;-15,670546;-47,816044;"SPRF-DF";"DEL02-DF";"UOP01-DEL02-DF"
464258;2022-07-27;"quarta-feira";"08:00:00";"SP";101;44;"UBATUBA";"Reação tardia ou ineficiente do condutor";"Colisão traseira";"Com Vítimas Feridas";"Pleno dia";"Decrescente";"Céu Claro";"Simples";"Curva";"Sim";3;0;1;0;2;0;1;3;-23,41014346;-45,06455371;"SPRF-SP";"DEL06-SP";"UOP01-DEL06-SP"
464260;2022-05-18;"quarta-feira";"08:05:00";"PR";369;58;"BANDEIRANTES";"Condutor desrespeitou a iluminação vermelha do semáforo";"Colisão transversal";"Com Vítimas Feridas";"Pleno dia";"Crescente";"Céu Claro";"Simples";"Interseção de Vias";"Sim";2;0;1;0;0;1;1;2;-23,10911878;-50,36881149;"SPRF-PR";"DEL07-PR";"UOP01-DEL07-PR"
464264;2022-07-27;"quarta-feira";"10:00:00";"MG";40;600;"CONGONHAS";"Ausência de reação do condutor";"Colisão traseira";"Com Vítimas Feridas";"Pleno dia";"Crescente";"Céu Claro";"Simples";"Reta";"Não";3;0;1;0;2;0;1;2;-20,42625199;-43,86231799;"SPRF-MG";"DEL05-MG";"UOP02-DEL05-MG"
464265;2022-07-27;"quarta-feira";"07:50:00";"SC";163;73,2;"SAO MIGUEL DO OESTE";"Condutor deixou de manter distância do veículo da frente";"Colisão traseira";"Com Vítimas Feridas";"Pleno dia";"Crescente";"Sol";"Simples";"Declive";"Sim";2;0;1;0;1;0;1;2;-26,71084646;-53,51502434;"SPRF-SC";"DEL07-SC";"UOP03-DEL07-SC"
464268;2022-07-27;"quarta-feira";"09:30:00";"RO";364;240;"CACOAL";"Condutor deixou de manter distância do veículo da frente";"Colisão traseira";"Com Vítimas Feridas";"Pleno dia";"Crescente";"Céu Claro";"Simples";"Reta;Declive";"Não";3;0;2;1;0;0;3;2;-11,43579019;-61,47096987;"SPRF-RO";"DEL02-RO";"UOP02-DEL02-RO"
464272;2022-07-27;"quarta-feira";"10:00:00";"MA";316;553,5;"CAXIAS";"Reação tardia ou ineficiente do condutor";"Colisão com objeto";"Com Vítimas Feridas";"Pleno dia";"Crescente";"Céu Claro";"Dupla";"Retorno Regulamentado";"Sim";2;0;1;0;1;0;1;1;-4,877648;-43,338158;"SPRF-MA";"DEL03-MA";"UOP02-DEL03-MA"
464273;2022-07-27;"quarta-feira";"11:10:00";"AP";210;2;"MACAPA";"Manobra de mudança de faixa";"Colisão lateral mesmo sentido";"Com Vítimas Feridas";"Pleno dia";"Decrescente";"Céu Claro";"Dupla";"Reta;Aclive";"Sim";3;0;2;0;0;1;2;2;0,084044;-51,080131;"SPRF-AP";"DEL01-AP";"UOP01-DEL01-AP"
464275;2022-07-27;"quarta-feira";"09:45:00";"PR";277;81;"CURITIBA";"Manobra de mudança de faixa";"Colisão traseira";"Com Vítimas Feridas";"Pleno dia";"Crescente";"Céu Claro";"Dupla";"Reta";"Não";2;0;1;0;1;0;1;2;-25,568939;-49,181978;"SPRF-PR";"DEL01-PR";"UOP01-DEL01-PR"
464278;2022-07-27;"quarta-feira";"10:30:00";"PA";316;42;"SANTA IZABEL DO PARA";"Ausência de reação do condutor";"Saída de leito carroçável";"Com Vítimas Feridas";"Pleno dia";"Crescente";"Céu Claro";"Dupla";"Reta";"Não";3;0;3;0;0;0;3;1;-1,27648404;-48,104951;"SPRF-PA";"DEL01-PA";"UOP01-DEL01-PA"
464279;2022-07-27;"quarta-feira";"11:40:00";"SC";101;117,3;"ITAJAI";"Reação tardia ou ineficiente do condutor";"Colisão lateral mesmo sentido";"Com Vítimas Feridas";"Pleno dia";"Crescente";"Céu Claro";"Dupla";"Interseção de Vias";"Não";2;0;1;0;1;0;1;2;-26,89037125;-48,72206926;"SPRF-SC";"DEL04-SC";"UOP04-DEL04-SC"
464282;2022-07-27;"quarta-feira";"12:23:00";"GO";40;2,8;"VALPARAISO DE GOIAS";"Manobra de mudança de faixa";"Colisão lateral mesmo sentido";"Com Vítimas Feridas";"Pleno dia";"Crescente";"Céu Claro";"Dupla";"Reta";"Sim";1;0;0;1;0;0;1;1;-16,067129;-47,984235;"SPRF-DF";"DEL01-DF";"UOP01-DEL01-DF"
464283;2022-05-28;"sábado";"09:06:00";"BA";324;625;"SALVADOR";"Manobra de mudança de faixa";"Colisão lateral mesmo sentido";"Com Vítimas Feridas";"Pleno dia";"Decrescente";"Ignorado";"Dupla";"Reta";"Sim";2;0;1;0;0;1;1;2;-12,95475149;-38,471632;"SPRF-BA";"DEL01-BA";"UOP01-DEL01-BA"
464284;2022-01-09;"domingo";"17:00:00";"MT";364;234;"JUSCIMEIRA";"Objeto estático sobre o leito carroçável";"Saída de leito carroçável";"Com Vítimas Feridas";"Pleno dia";"Decrescente";"Nublado";"Dupla";"Curva";"Não";1;0;1;0;0;0;1;1;-16,23115894;-54,78177125;"SPRF-MT";"DEL02-MT";"UOP01-DEL02-MT"
464287;2022-07-27;"quarta-feira";"13:28:00";"SE";235;50,4;"ITABAIANA";"Reação tardia ou ineficiente do condutor";"Tombamento";"Com Vítimas Feridas";"Pleno dia";"Decrescente";"Céu Claro";"Simples";"Rotatória";"Sim";1;0;0;1;0;0;1;1;-10,707879;-37,42606;"SPRF-SE";"DEL01-SE";"UOP02-DEL01-SE"
464289;2022-07-27;"quarta-feira";"13:30:00";"MG";354;705,3;"CAXAMBU";"Reação tardia ou ineficiente do condutor";"Colisão transversal";"Com Vítimas Feridas";"Pleno dia";"Crescente";"Céu Claro";"Simples";"Interseção de Vias";"Sim";3;0;2;0;1;0;2;2;-21,97058888;-44,92378235;"SPRF-MG";"DEL17-MG";"UOP01-DEL17-MG"
464291;2022-02-18;"sexta-feira";"09:30:00";"MG";40;553;"NOVA LIMA";"Reação tardia ou ineficiente do condutor";"Colisão transversal";"Sem Vítimas";"Pleno dia";"Crescente";"Chuva";"Dupla";"Reta";"Sim";2;0;0;0;2;0;0;2;-20,06863326;-43,98194759;"SPRF-MG";"DEL01-MG";"UOP02-DEL01-MG"
464292;2022-07-27;"quarta-feira";"14:00:00";"RJ";493;83;"JAPERI";"Reação tardia ou ineficiente do condutor";"Saída de leito carroçável";"Com Vítimas Feridas";"Pleno dia";"Decrescente";"Céu Claro";"Dupla";"Curva";"Não";1;0;1;0;0;0;1;1;-22,66425;-43,596865;"SPRF-RJ";"DEL01-RJ";"UOP03-DEL01-RJ"
464294;2022-04-16;"sábado";"23:05:00";"RR";401;9;"CANTA";"Ingestão de álcool pelo condutor";"Colisão traseira";"Sem Vítimas";"Plena Noite";"Decrescente";"Céu Claro";"Dupla";"Retorno Regulamentado;Reta";"Sim";3;0;0;0;3;0;0;2;2,8050595;-60,62198997;"SPRF-RR";"DEL01-RR";"UOP01-DEL01-RR"
464295;2022-07-27;"quarta-feira";"12:30:00";"SP";0;0;"CAJATI";"Demais falhas mecânicas ou elétricas";"Incêndio";"Sem Vítimas";"Pleno dia";"Não Informado";"Sol";"Simples";"Reta";"Sim";4;0;0;0;1;3;0;3;-24,7297565;-48,10707277;"SPRF-SP";"DEL05-SP";"UOP01-DEL05-SP"
464296;2022-07-27;"quarta-feira";"13:40:00";"SC";101;326;"CAPIVARI DE BAIXO";"Reação tardia ou ineficiente do condutor";"Colisão com objeto";"Com Vítimas Feridas";"Pleno dia";"Crescente";"Céu Claro";"Múltipla";"Declive;Reta";"Sim";1;0;1;0;0;0;1;1;-28,42524483;-48,94302707;"SPRF-SC";"DEL02-SC";"UOP01-DEL02-SC"
464299;2022-07-27;"quarta-feira";"14:30:00";"PE";316;283;"BELEM DE SAO FRANCISCO";"Obstrução na via";"Colisão frontal";"Com Vítimas Feridas";"Pleno dia";"Crescente";"Céu Claro";"Simples";"Aclive";"Não";6;0;2;1;3;0;3;2;-8,66263527;-38,75001525;"SPRF-PE";"DEL04-PE";"UOP03-DEL04-PE"
464301;2022-07-27;"quarta-feira";"13:50:00";"MG";116;526,7;"CARATINGA";"Transitar no acostamento";"Colisão lateral mesmo sentido";"Com Vítimas Feridas";"Pleno dia";"Crescente";"Céu Claro";"Simples";"Curva";"Sim";2;0;0;1;1;0;1;2;-19,77654011;-42,13327989;"SPRF-MG";"DEL06-MG";"UOP02-DEL06-MG"
464302;2022-07-27;"quarta-feira";"14:30:00";"SC";282;503;"XANXERE";"Ingestão de álcool pelo condutor";"Saída de leito carroçável";"Sem Vítimas";"Pleno dia";"Decrescente";"Sol";"Simples";"Reta";"Não";1;0;0;0;1;0;0;1;-26,88492;-52,399788;"SPRF-SC";"DEL07-SC";"UOP01-DEL07-SC"
464304;2022-07-27;"quarta-feira";"12:00:00";"RR";401;0,6;"BOA VISTA";"Acessar a via sem observar a presença dos outros veículos";"Colisão transversal";"Com Vítimas Feridas";"Pleno dia";"Decrescente";"Nublado";"Múltipla";"Reta";"Sim";2;0;1;0;1;0;1;2;2,80353783;-60,68490386;"SPRF-RR";"DEL01-RR";"UOP01-DEL01-RR"
464307;2022-07-27;"quarta-feira";"11:20:00";"ES";101;348,1;"GUARAPARI";"Ingestão de álcool pelo condutor";"Colisão lateral sentido oposto";"Com Vítimas Feridas";"Pleno dia";"Crescente";"Céu Claro";"Simples";"Reta";"Não";2;0;1;0;0;1;1;2;-20,65106201;-40,635267;"SPRF-ES";"DEL03-ES";"UOP01-DEL03-ES"
464310;2022-06-04;"sábado";"08:34:00";"PR";272;366;"CAMPO MOURAO";"Animais na Pista";"Queda de ocupante de veículo";"Com Vítimas Feridas";"Pleno dia";"Decrescente";"Ignorado";"Dupla";"Reta";"Sim";1;0;0;1;0;0;1;1;-24,047949;-52,396068;"SPRF-PR";"DEL09-PR";"UOP03-DEL09-PR"
464312;2022-07-27;"quarta-feira";"14:20:00";"RJ";101;487,1;"ANGRA DOS REIS";"Conversão proibida";"Colisão transversal";"Com Vítimas Feridas";"Pleno dia";"Decrescente";"Céu Claro";"Simples";"Reta";"Sim";2;0;0;1;1;0;1;2;-22,96828891;-44,29864663;"SPRF-RJ";"DEL03-RJ";"UOP03-DEL03-RJ"
464313;2022-06-18;"sábado";"14:45:00";"SP";116;506,2;"CAJATI";"Reação tardia ou ineficiente do condutor";"Colisão lateral mesmo sentido";"Com Vítimas Feridas";"Pleno dia";"Crescente";"Garoa/Chuvisco";"Simples";"Curva";"Não";2;0;1;0;0;1;1;2;-24,79704815;-48,2145174;"SPRF-SP";"DEL05-SP";"UOP02-DEL05-SP"
464314;2022-07-27;"quarta-feira";"15:10:00";"SC";101;146;"ITAPEMA";"Manobra de mudança de faixa";"Colisão lateral mesmo sentido";"Com Vítimas Feridas";"Pleno dia";"Decrescente";"Céu Claro";"Simples";"Reta";"Sim";2;0;1;0;1;0;1;2;-27,08666525;-48,60955587;"SPRF-SC";"DEL04-SC";"UOP03-DEL04-SC"
464316;2022-07-27;"quarta-feira";"15:30:00";"RS";101;32;"TERRA DE AREIA";"Acessar a via sem observar a presença dos outros veículos";"Colisão transversal";"Com Vítimas Feridas";"Pleno dia";"Decrescente";"Céu Claro";"Simples";"Reta";"Não";2;0;0;1;1;0;1;2;-29,49424084;-49,97664153;"SPRF-RS";"DEL03-RS";"UOP02-DEL03-RS"
464319;2022-07-27;"quarta-feira";"10:00:00";"RO";435;121,2;"CEREJEIRAS";"Acessar a via sem observar a presença dos outros veículos";"Colisão lateral mesmo sentido";"Com Vítimas Feridas";"Pleno dia";"Decrescente";"Sol";"Dupla";"Reta";"Sim";2;0;1;0;1;0;1;2;-13,18492412;-60,79214501;"SPRF-RO";"DEL04-RO";"UOP02-DEL04-RO"
464320;2022-07-27;"quarta-feira";"15:30:00";"SP";116;410;"JUQUIA";"Obras na pista";"Eventos atípicos";"Com Vítimas Feridas";"Pleno dia";"Crescente";"Sol";"Dupla";"Reta";"Não";5;0;1;0;4;0;1;2;-24,33501372;-47,59392601;"SPRF-SP";"DEL05-SP";"UOP01-DEL05-SP"
464322;2022-07-27;"quarta-feira";"16:02:00";"GO";70;5;"AGUAS LINDAS DE GOIAS";"Ausência de reação do condutor";"Colisão traseira";"Com Vítimas Feridas";"Pleno dia";"Decrescente";"Céu Claro";"Dupla";"Reta";"Sim";2;0;1;0;1;0;1;2;-15,7569;-48,2546;"SPRF-GO";"DEL04-GO";"UOP01-DEL04-GO"
464325;2022-07-27;"quarta-feira";"16:00:00";"PB";230;23,5;"JOAO PESSOA";"Acessar a via sem observar a presença dos outros veículos";"Colisão traseira";"Com Vítimas Feridas";"Pleno dia";"Crescente";"Céu Claro";"Simples";"Reta";"Sim";2;0;1;0;1;0;1;2;-7,1562;-34,8574;"SPRF-PB";"DEL01-PB";"UOP01-DEL01-PB"
464328;2022-07-27;"quarta-feira";"16:20:00";"SP";381;40;"ATIBAIA";"Mal súbito do condutor";"Saída de leito carroçável";"Com Vítimas Feridas";"Anoitecer";"Crescente";"Céu Claro";"Simples";"Declive";"Sim";2;0;2;0;0;0;2;1;-23,12997498;-46,5767598;"SPRF-SP";"DEL03-SP";"UOP01-DEL03-SP"
464329;2022-07-27;"quarta-feira";"13:40:00";"PE";232;332,7;"CUSTODIA";"Ingestão de álcool pelo condutor";"Colisão transversal";"Sem Vítimas";"Pleno dia";"Decrescente";"Céu Claro";"Simples";"Reta";"Sim";2;0;0;0;2;0;0;2;-8,0843408;-37,64570494;"SPRF-PE";"DEL04-PE";"UOP02-DEL04-PE"
464330;2022-07-27;"quarta-feira";"17:40:00";"DF";40;1;"BRASILIA";"Manobra de mudança de faixa";"Colisão traseira";"Sem Vítimas";"Anoitecer";"Crescente";"Céu Claro";"Simples";"Reta";"Não";4;0;0;0;3;1;0;2;-15,985532;-47,987747;"SPRF-DF";"DEL01-DF";"UOP01-DEL01-DF"
464331;2022-07-27;"quarta-feira";"17:15:00";"BA";324;610;"SIMOES FILHO";"Manobra de mudança de faixa";"Colisão lateral mesmo sentido";"Com Vítimas Feridas";"Anoitecer";"Crescente";"Nublado";"Dupla";"Reta";"Não";2;0;1;0;1;0;1;2;-12,82931703;-38,41113193;"SPRF-BA";"DEL01-BA";"UOP01-DEL01-BA"
464334;2022-07-27;"quarta-feira";"17:30:00";"RS";392;644,6;"GUARANI DAS MISSOES";"Demais falhas mecânicas ou elétricas";"Incêndio";"Sem Vítimas";"Pleno dia";"Crescente";"Céu Claro";"Simples";"Reta";"Não";1;0;0;0;1;0;0;1;-28,14806531;-54,57158089;"SPRF-RS";"DEL10-RS";"UOP01-DEL10-RS"
464336;2022-07-27;"quarta-feira";"17:30:00";"PR";277;7;"PARANAGUA";"Acessar a via sem observar a presença dos outros veículos";"Colisão transversal";"Com Vítimas Feridas";"Anoitecer";"Decrescente";"Céu Claro";"Dupla";"Interseção de Vias;Rotatória";"Sim";2;0;1;0;1;0;1;2;-25,51473335;-48,52236271;"SPRF-PR";"DEL01-PR";"UOP05-DEL01-PR"
464337;2022-07-27;"quarta-feira";"17:20:00";"RS";472;175,1;"SANTA ROSA";"Desrespeitar a preferência no cruzamento";"Colisão transversal";"Com Vítimas Feridas";"Anoitecer";"Crescente";"Céu Claro";"Simples";"Reta";"Sim";3;0;1;0;2;0;1;2;-27,85671296;-54,51069699;"SPRF-RS";"DEL10-RS";"UOP01-DEL10-RS"
464338;2022-07-27;"quarta-feira";"17:50:00";"SP";116;217;"GUARULHOS";"Trafegar com motocicleta (ou similar) entre as faixas";"Colisão lateral mesmo sentido";"Com Vítimas Feridas";"Anoitecer";"Decrescente";"Céu Claro";"Múltipla";"Reta";"Sim";4;0;1;0;3;0;1;2;-23,45423824;-46,47119028;"SPRF-SP";"DEL01-SP";"UOP01-DEL01-SP"
464340;2022-07-27;"quarta-feira";"15:00:00";"MA";316;613;"TIMON";"Manobra de mudança de faixa";"Saída de leito carroçável";"Com Vítimas Fatais";"Pleno dia";"Crescente";"Céu Claro";"Simples";"Reta";"Não";4;1;0;3;0;0;3;1;-5,075249;-42,850487;"SPRF-MA";"DEL03-MA";"UOP02-DEL03-MA"
464341;2022-07-27;"quarta-feira";"17:50:00";"MG";40;509;"RIBEIRAO DAS NEVES";"Condutor deixou de manter distância do veículo da frente";"Engavetamento";"Com Vítimas Feridas";"Anoitecer";"Crescente";"Céu Claro";"Dupla";"Reta";"Sim";3;0;1;0;2;0;1;3;-19,76728744;-44,12855905;"SPRF-MG";"DEL01-MG";"UOP02-DEL01-MG"
464343;2022-07-27;"quarta-feira";"18:00:00";"PB";101;91;"JOAO PESSOA";"Reação tardia ou ineficiente do condutor";"Colisão traseira";"Com Vítimas Feridas";"Plena Noite";"Decrescente";"Céu Claro";"Dupla";"Reta";"Não";2;0;1;0;1;0;1;2;-7,18826412;-34,90308264;"SPRF-PB";"DEL01-PB";"UOP02-DEL01-PB"
464344;2022-07-27;"quarta-feira";"17:15:00";"RS";290;182,5;"MINAS DO LEAO";"Desrespeitar a preferência no cruzamento";"Colisão transversal";"Com Vítimas Feridas";"Anoitecer";"Crescente";"Céu Claro";"Simples";"Interseção de Vias";"Sim";2;0;1;0;1;0;1;2;-30,14304893;-52,04154968;"SPRF-RS";"DEL02-RS";"UOP03-DEL02-RS"
464345;2022-07-27;"quarta-feira";"18:30:00";"SC";101;119,6;"ITAJAI";"Manobra de mudança de faixa";"Colisão lateral mesmo sentido";"Com Vítimas Feridas";"Anoitecer";"Decrescente";"Céu Claro";"Múltipla";"Reta";"Sim";2;0;1;0;1;0;1;2;-26,9043179;-48,71555481;"SPRF-SC";"DEL04-SC";"UOP04-DEL04-SC"
464346;2022-07-27;"quarta-feira";"18:25:00";"SE";235;9,6;"NOSSA SENHORA DO SOCORRO";"Chuva";"Queda de ocupante de veículo";"Com Vítimas Feridas";"Plena Noite";"Decrescente";"Chuva";"Simples";"Reta";"Não";1;0;0;1;0;0;1;1;-10,883585;-37,13908;"SPRF-SE";"DEL01-SE";"UOP01-DEL01-SE"
464348;2022-07-27;"quarta-feira";"15:50:00";"SC";280;68,6;"JARAGUA DO SUL";"Acessar a via sem observar a presença dos outros veículos";"Colisão transversal";"Com Vítimas Feridas";"Pleno dia";"Decrescente";"Sol";"Simples";"Reta";"Sim";2;0;2;0;0;0;2;2;-26,46748047;-49,11937952;"SPRF-SC";"DEL03-SC";"UOP03-DEL03-SC"
464349;2022-07-27;"quarta-feira";"18:30:00";"BA";116;389;"SANTA BARBARA";"Acessar a via sem observar a presença dos outros veículos";"Colisão transversal";"Com Vítimas Feridas";"Plena Noite";"Crescente";"Nublado";"Dupla";"Reta";"Não";2;0;0;1;0;1;1;2;-11,92996285;-38,98150921;"SPRF-BA";"DEL02-BA";"UOP01-DEL02-BA"
464350;2022-07-27;"quarta-feira";"18:31:00";"TO";153;334,6;"GUARAI";"Desrespeitar a preferência no cruzamento";"Colisão transversal";"Com Vítimas Feridas";"Plena Noite";"Crescente";"Céu Claro";"Múltipla";"Reta";"Sim";2;0;1;0;1;0;1;2;-8,841652;-48,511337;"SPRF-TO";"DEL02-TO";"UOP02-DEL02-TO"
464351;2022-07-27;"quarta-feira";"16:00:00";"GO";50;299,9;"CUMARI";"Ausência de reação do condutor";"Saída de leito carroçável";"Com Vítimas Feridas";"Pleno dia";"Crescente";"Sol";"Dupla";"Aclive;Reta";"Não";1;0;0;1;0;0;1;1;-18,3208;-48,0232;"SPRF-GO";"DEL06-GO";"UOP01-DEL06-GO"