"id";"data_inversa";"dia_semana";"horario";"uf";"br";"km";"municipio";"causa_acidente";"tipo_acidente";"classificacao_acidente";"fase_dia";"sentido_via";"condicao_metereologica";"tipo_pista";"tracado_via";"uso_solo";"pessoas";"mortos";"feridos_leves";"feridos_graves";"ilesos";"ignorados";"feridos";"veiculos";"latitude";"longitude";"regional";"delegacia";"uop"
464606;2022-07-29;"sexta-feira";"08:25:00";"CE";222;5,3;"CAUCAIA";"Ingestão de álcool ou de substâncias psicoativas pelo pedestre";"Atropelamento de Pedestre";"Com Vítimas Feridas";"Pleno dia";"Decrescente";"Céu Claro";"Dupla";"Reta";"Sim";2;0;1;0;1;0;1;2;-3,74296918;-38,61330997;"SPRF-CE";"DEL01-CE";"UOP01-DEL01-CE"
464607;2022-07-29;"sexta-feira";"08:15:00";"PR";277;101,1;"CURITIBA";"Frear bruscamente";"Tombamento";"Com Vítimas Feridas";"Pleno dia";"Crescente";"Chuva";"Dupla";"Reta";"Não";1;0;1;0;0;0;1;1;-25,52228492;-49,3331539;"SPRF-PR";"DEL01-PR";"UOP06-DEL01-PR"
464610;2022-04-20;"quarta-feira";"15:00:00";"MG";116;417;"GOVERNADOR VALADARES";"Acessar a via sem observar a presença dos outros veículos";"Colisão transversal";"Com Vítimas Feridas";"Pleno dia";"Crescente";"Céu Claro";"Simples";"Reta";"Sim";2;0;1;0;0;1;1;2;-18,86958002;-41,97154999;"SPRF-MG";"DEL06-MG";"UOP01-DEL06-MG"
464611;2022-06-12;"domingo";"21:00:00";"PB";230;11;"CABEDELO";"Velocidade Incompatível";"Colisão lateral mesmo sentido";"Com Vítimas Feridas";"Plena Noite";"Decrescente";"Céu Claro";"Dupla";"Reta";"Sim";2;0;0;1;1;0;1;2;-7,0596;-34,8506;"SPRF-PB";"DEL01-PB";"UOP01-DEL01-PB"
464613;2022-07-29;"sexta-feira";"08:30:00";"CE";222;5,3;"CAUCAIA";"Condutor deixou de manter distância do veículo da frente";"Colisão traseira";"Com Vítimas Feridas";"Pleno dia";"Decrescente";"Céu Claro";"Dupla";"Reta";"Sim";5;0;2;0;3;0;2;3;-3,74296918;-38,61330997;"SPRF-CE";"DEL01-CE";"UOP01-DEL01-CE"
464615;2022-07-29;"sexta-feira";"07:40:00";"RJ";40;124;"DUQUE DE CAXIAS";"Acesso irregular";"Colisão lateral mesmo sentido";"Com Vítimas Feridas";"Pleno dia";"Crescente";"Céu Claro";"Dupla";"Reta";"Sim";3;0;2;0;1;0;2;2;-22,81298559;-43,28808546;"SPRF-RJ";"DEL01-RJ";"UOP01-DEL01-RJ"
464618;2022-07-29;"sexta-feira";"10:20:00";"MG";381;792;"SAO GONCALO DO SAPUCAI";"Reação tardia ou ineficiente do condutor";"Tombamento";"Com Vítimas Feridas";"Pleno dia";"Crescente";"Céu Claro";"Dupla";"Curva";"Não";2;0;2;0;0;0;2;1;-21,89580448;-45,55019801;"SPRF-MG";"DEL16-MG";"UOP02-DEL16-MG"
464619;2022-07-29;"sexta-feira";"09:45:00";"PA";230;114;"MARABA";"Acessar a via sem observar a presença dos outros veículos";"Tombamento";"Com Vítimas Feridas";"Pleno dia";"Crescente";"Céu Claro";"Múltipla";"Rotatória;Interseção de Vias";"Sim";2;0;1;0;1;0;1;2;-5,36466678;-49,06623294;"SPRF-PA";"DEL03-PA";"UOP01-DEL03-PA"
464621;2022-07-29;"sexta-feira";"09:23:00";"AL";101;247;"PORTO REAL DO COLEGIO";"Condutor deixou de manter distância do veículo da frente";"Colisão traseira";"Com Vítimas Feridas";"Pleno dia";"Crescente";"Chuva";"Dupla";"Reta";"Não";6;0;1;0;5;0;1;2;-10,19937283;-36,82059635;"SPRF-AL";"DEL02-AL";"UOP02-DEL02-AL"
464622;2022-05-22;"domingo";"19:45:00";"MA";230;402;"BALSAS";"Desrespeitar a preferência no cruzamento";"Colisão transversal";"Com Vítimas Feridas";"Plena Noite";"Decrescente";"Céu Claro";"Simples";"Reta";"Sim";3;0;1;2;0;0;3;2;-7,50857084;-46,03158637;"SPRF-MA";"DEL05-MA";"UOP01-DEL05-MA"
464625;2022-07-24;"domingo";"19:40:00";"PR";376;631;"SAO JOSE DOS PINHAIS";"Reação tardia ou ineficiente do condutor";"Colisão traseira";"Sem Vítimas";"Plena Noite";"Crescente";"Céu Claro";"Dupla";"Reta";"Sim";6;0;0;0;6;0;0;2;-25,70434399;-49,14198595;"SPRF-PR";"DEL01-PR";"UOP04-DEL01-PR"
464627;2022-06-26;"domingo";"20:13:00";"SP";116;190;"SANTA ISABEL";"Pedestre andava na pista";"Atropelamento de Pedestre";"Com Vítimas Fatais";"Plena Noite";"Decrescente";"Céu Claro";"Múltipla";"Declive;Reta";"Não";3;1;0;0;1;1;0;2;-23,36821879;-46,23367409;"SPRF-SP";"DEL01-SP";"UOP01-DEL01-SP"
464628;2022-07-25;"segunda-feira";"20:20:00";"RJ";493;2,9;"ITABORAI";"Animais na Pista";"Atropelamento de Animal";"Sem Vítimas";"Plena Noite";"Crescente";"Céu Claro";"Simples";"Reta";"Sim";1;0;0;0;1;0;0;1;-22,75950214;-42,93544822;"SPRF-RJ";"DEL02-RJ";"UOP02-DEL02-RJ"
464629;2022-07-29;"sexta-feira";"09:00:00";"GO";60;271,8;"JANDAIA";"Condutor Dormindo";"Capotamento";"Com Vítimas Feridas";"Pleno dia";"Crescente";"Céu Claro";"Dupla";"Curva";"Não";1;0;1;0;0;0;1;1;-17,2081;-50,1308;"SPRF-GO";"DEL01-GO";"UOP02-DEL01-GO"
464630;2022-07-29;"sexta-feira";"08:07:00";"BA";116;635;"JAGUAQUARA";"Ausência de reação do condutor";"Colisão traseira";"Com Vítimas Feridas";"Pleno dia";"Decrescente";"Céu Claro";"Simples";"Reta";"Não";5;0;2;1;2;0;3;2;-13,482451;-40,04310608;"SPRF-BA";"DEL03-BA";"UOP01-DEL03-BA"
464632;2022-07-21;"quinta-feira";"00:30:00";"PE";232;149,9;"SAO CAITANO";"Demais falhas mecânicas ou elétricas";"Incêndio";"Sem Vítimas";"Plena Noite";"Decrescente";"Chuva";"Simples";"Aclive";"Não";1;0;0;0;0;1;0;1;-8,32744699;-36,15405;"SPRF-PE";"DEL03-PE";"UOP02-DEL03-PE"
464633;2022-07-29;"sexta-feira";"09:40:00";"MT";163;10,9;"ITIQUIRA";"Demais falhas na via";"Saída de leito carroçável";"Com Vítimas Feridas";"Pleno dia";"Crescente";"Céu Claro";"Dupla";"Reta";"Não";1;0;1;0;0;0;1;1;-17,43100194;-54,74803183;"SPRF-MT";"DEL02-MT";"UOP01-DEL02-MT"
464634;2022-07-29;"sexta-feira";"10:05:00";"RJ";493;85;"JAPERI";"Reação tardia ou ineficiente do condutor";"Queda de ocupante de veículo";"Com Vítimas Feridas";"Pleno dia";"Crescente";"Céu Claro";"Dupla";"Reta";"Não";2;0;2;0;0;0;2;1;-22,6735802;-43,65211487;"SPRF-RJ";"DEL01-RJ";"UOP03-DEL01-RJ"
464635;2022-07-29;"sexta-feira";"10:18:00";"CE";222;301;"TIANGUA";"Transitar na contramão";"Colisão frontal";"Com Vítimas Feridas";"Pleno dia";"Decrescente";"Céu Claro";"Simples";"Curva";"Não";6;0;3;0;3;0;3;2;-3,65996825;-40,94836235;"SPRF-CE";"DEL04-CE";"UOP02-DEL04-CE"
464638;2022-07-29;"sexta-feira";"10:58:00";"PA";230;120;"MARABA";"Reação tardia ou ineficiente do condutor";"Colisão traseira";"Com Vítimas Feridas";"Pleno dia";"Decrescente";"Céu Claro";"Dupla";"Reta";"Sim";2;0;1;0;1;0;1;2;-5,35038318;-49,11434;"SPRF-PA";"DEL03-PA";"UOP01-DEL03-PA"
464639;2022-07-29;"sexta-feira";"07:40:00";"RO";364;346;"JI-PARANA";"Transitar no acostamento";"Colisão traseira";"Com Vítimas Feridas";"Pleno dia";"Decrescente";"Céu Claro";"Simples";"Reta";"Sim";2;0;1;0;0;1;1;2;-10,865874;-61,968647;"SPRF-RO";"DEL02-RO";"UOP01-DEL02-RO"
464641;2022-07-29;"sexta-feira";"06:00:00";"RN";226;288;"AUGUSTO SEVERO";"Curva acentuada";"Queda de ocupante de veículo";"Com Vítimas Feridas";"Amanhecer";"Crescente";"Céu Claro";"Simples";"Curva";"Não";1;0;0;1;0;0;1;1;-5,86319513;-37,29737296;"SPRF-RN";"DEL03-RN";"UOP01-DEL03-RN"
464642;2022-07-29;"sexta-feira";"04:00:00";"SC";280;227;"TRES BARRAS";"Reação tardia ou ineficiente do condutor";"Saída de leito carroçável";"Sem Vítimas";"Plena Noite";"Crescente";"Nublado";"Simples";"Reta";"Não";2;0;0;0;1;1;0;1;-26,18271156;-50,33250707;"SPRF-SC";"DEL06-SC";"UOP04-DEL06-SC"
464645;2022-07-29;"sexta-feira";"11:50:00";"PE";407;129;"PETROLINA";"Reação tardia ou ineficiente do condutor";"Colisão traseira";"Com Vítimas Feridas";"Pleno dia";"Crescente";"Céu Claro";"Dupla";"Ponte";"Sim";3;0;1;0;2;0;1;3;-9,40333908;-40,50487518;"SPRF-PE";"DEL06-PE";"UOP01-DEL06-PE"
464646;2022-07-29;"sexta-feira";"11:50:00";"PB";230;127,3;"CAMPINA GRANDE";"Velocidade Incompatível";"Saída de leito carroçável";"Com Vítimas Feridas";"Pleno dia";"Crescente";"Sol";"Dupla";"Curva;Declive";"Não";3;0;3;0;0;0;3;1;-7,260983;-35,708884;"SPRF-PB";"DEL02-PB";"UOP01-DEL02-PB"
464647;2022-07-29;"sexta-feira";"12:00:00";"SP";116;491;"CAJATI";"Velocidade Incompatível";"Colisão traseira";"Com Vítimas Feridas";"Pleno dia";"Crescente";"Céu Claro";"Dupla";"Curva";"Não";3;0;2;0;1;0;2;2;-24,73981193;-48,12375607;"SPRF-SP";"DEL05-SP";"UOP01-DEL05-SP"
464648;2022-07-29;"sexta-feira";"12:30:00";"PA";230;121;"MARABA";"Reação tardia ou ineficiente do condutor";"Colisão traseira";"Com Vítimas Feridas";"Pleno dia";"Decrescente";"Sol";"Dupla";"Reta";"Sim";2;0;1;0;1;0;1;2;-5,36286807;-49,12423968;"SPRF-PA";"DEL03-PA";"UOP01-DEL03-PA"
464649;2022-07-29;"sexta-feira";"11:40:00";"MS";158;34;"PARANAIBA";"Transitar na contramão";"Colisão frontal";"Com Vítimas Feridas";"Pleno dia";"Decrescente";"Céu Claro";"Simples";"Curva";"Não";3;0;2;0;1;0;2;2;-19,274393;-51,489834;"SPRF-MS";"DEL08-MS";"UOP01-DEL08-MS"
464650;2022-07-17;"domingo";"23:00:00";"PI";343;437,1;"LAGOINHA DO PIAUI";"Ingestão de álcool pelo condutor";"Colisão transversal";"Com Vítimas Fatais";"Plena Noite";"Crescente";"Céu Claro";"Simples";"Declive;Reta";"Sim";2;1;0;0;0;1;0;2;-5,829276;-42,623116;"SPRF-PI";"DEL01-PI";"UOP02-DEL01-PI"
464651;2022-07-29;"sexta-feira";"12:40:00";"ES";101;286,2;"CARIACICA";"Velocidade Incompatível";"Saída de leito carroçável";"Com Vítimas Fatais";"Pleno dia";"Crescente";"Céu Claro";"Dupla";"Curva";"Não";2;1;0;0;0;1;0;2;-20,25902175;-40,37753412;"SPRF-ES";"DEL01-ES";"UOP01-DEL01-ES"
464652;2022-07-29;"sexta-feira";"12:00:00";"RJ";116;87;"TERESOPOLIS";"Curva acentuada";"Queda de ocupante de veículo";"Com Vítimas Feridas";"Pleno dia";"Crescente";"Nublado";"Simples";"Curva";"Não";1;0;1;0;0;0;1;1;-22,44527396;-42,95175555;"SPRF-RJ";"DEL04-RJ";"UOP01-DEL04-RJ"
464653;2022-07-29;"sexta-feira";"12:30:00";"MG";116;119;"ITAOBIM";"Reação tardia ou ineficiente do condutor";"Saída de leito carroçável";"Com Vítimas Feridas";"Pleno dia";"Decrescente";"Céu Claro";"Simples";"Aclive";"Não";4;0;3;1;0;0;4;1;-16,60015602;-41,49868089;"SPRF-MG";"DEL11-MG";"UOP02-DEL11-MG"
464656;2022-07-22;"sexta-feira";"20:15:00";"PB";230;143,5;"CAMPINA GRANDE";"Pedestre andava na pista";"Atropelamento de Pedestre";"Com Vítimas Feridas";"Plena Noite";"Decrescente";"Céu Claro";"Simples";"Reta";"Sim";2;0;0;2;0;0;2;2;-7,2557;-35,8223;"SPRF-PB";"DEL02-PB";"UOP01-DEL02-PB"
464658;2022-07-29;"sexta-feira";"13:30:00";"MG";381;496,8;"BETIM";"Velocidade Incompatível";"Colisão lateral mesmo sentido";"Com Vítimas Feridas";"Pleno dia";"Crescente";"Sol";"Dupla";"Declive;Curva";"Sim";2;0;1;0;0;1;1;2;-19,9778863;-44,20006871;"SPRF-MG";"DEL01-MG";"UOP03-DEL01-MG"
464659;2022-07-29;"sexta-feira";"10:30:00";"MA";135;59;"BACABEIRA";"Acessar a via sem observar a presença dos outros veículos";"Colisão transversal";"Com Vítimas Feridas";"Pleno dia";"Crescente";"Céu Claro";"Simples";"Reta";"Não";5;0;0;1;4;0;1;2;-3,05225689;-44,31876443;"SPRF-MA";"DEL01-MA";"UOP02-DEL01-MA"
464660;2022-07-29;"sexta-feira";"13:00:00";"PR";153;333,3;"IRATI";"Acessar a via sem observar a presença dos outros veículos";"Colisão transversal";"Com Vítimas Feridas";"Pleno dia";"Crescente";"Céu Claro";"Simples";"Declive";"Sim";2;0;1;0;1;0;1;2;-25,47271703;-50,63775197;"SPRF-PR";"DEL08-PR";"UOP02-DEL08-PR"
464661;2022-07-29;"sexta-feira";"13:30:00";"MG";40;768,4;"JUIZ DE FORA";"Reação tardia ou ineficiente do condutor";"Colisão lateral sentido oposto";"Com Vítimas Feridas";"Pleno dia";"Crescente";"Céu Claro";"Simples";"Reta";"Não";2;0;2;0;0;0;2;2;-21,58240015;-43,46596328;"SPRF-MG";"DEL05-MG";"UOP01-DEL05-MG"
464662;2022-07-29;"sexta-feira";"12:05:00";"RS";116;257;"ESTEIO";"Acessar a via sem observar a presença dos outros veículos";"Colisão transversal";"Com Vítimas Feridas";"Pleno dia";"Crescente";"Céu Claro";"Dupla";"Reta";"Sim";4;0;2;0;2;0;2;2;-29,85845462;-51,18105412;"SPRF-RS";"DEL01-RS";"UOP02-DEL01-RS"
464663;2022-07-29;"sexta-feira";"12:00:00";"RJ";493;57;"DUQUE DE CAXIAS";"Ausência de reação do condutor";"Colisão traseira";"Com Vítimas Feridas";"Pleno dia";"Decrescente";"Céu Claro";"Dupla";"Reta";"Não";2;0;0;1;1;0;1;2;-22,664803;-43,367077;"SPRF-RJ";"DEL01-RJ";"UOP01-DEL01-RJ"
464664;2022-07-29;"sexta-feira";"14:20:00";"MG";459;64,8;"SENADOR JOSE BENTO";"Velocidade Incompatível";"Colisão frontal";"Com Vítimas Feridas";"Pleno dia";"Crescente";"Garoa/Chuvisco";"Simples";"Curva";"Não";2;0;1;1;0;0;2;2;-22,1310824;-46,1820643;"SPRF-MG";"DEL09-MG";"UOP01-DEL09-MG"
464665;2022-07-29;"sexta-feira";"13:30:00";"MS";163;213;"CAARAPO";"Ausência de reação do condutor";"Tombamento";"Com Vítimas Feridas";"Pleno dia";"Crescente";"Céu Claro";"Simples";"Declive";"Não";1;0;1;0;0;0;1;1;-22,59500903;-54,81726725;"SPRF-MS";"DEL04-MS";"UOP02-DEL04-MS"
464666;2022-07-29;"sexta-feira";"13:15:00";"PR";163;39,5;"PRANCHITA";"Acessar a via sem observar a presença dos outros veículos";"Colisão transversal";"Com Vítimas Feridas";"Pleno dia";"Crescente";"Céu Claro";"Múltipla";"Interseção de Vias;Curva";"Não";2;0;2;0;0;0;2;2;-26,07486303;-53,71912122;"SPRF-PR";"DEL02-PR";"UOP02-DEL02-PR"
464667;2022-07-23;"sábado";"11:20:00";"MT";158;300;"BOM JESUS DO ARAGUAIA";"Ultrapassagem Indevida";"Colisão frontal";"Com Vítimas Feridas";"Pleno dia";"Crescente";"Céu Claro";"Simples";"Reta";"Não";5;0;3;1;1;0;4;2;-11,94462204;-51,67107686;"SPRF-MT";"DEL07-MT";"UOP02-DEL07-MT"
464668;2022-07-29;"sexta-feira";"13:05:00";"SC";101;354,7;"SANGAO";"Manobra de mudança de faixa";"Colisão lateral mesmo sentido";"Com Vítimas Fatais";"Pleno dia";"Decrescente";"Céu Claro";"Dupla";"Aclive;Reta";"Não";7;1;4;0;1;1;4;3;-28,62752035;-49,08392072;"SPRF-SC";"DEL02-SC";"UOP01-DEL02-SC"
464669;2022-07-29;"sexta-feira";"13:40:00";"MG";40;516,6;"RIBEIRAO DAS NEVES";"Reação tardia ou ineficiente do condutor";"Saída de leito carroçável";"Com Vítimas Feridas";"Pleno dia";"Decrescente";"Céu Claro";"Dupla";"Curva";"Sim";1;0;1;0;0;0;1;1;-19,81628624;-44,08960124;"SPRF-MG";"DEL01-MG";"UOP02-DEL01-MG"
464670;2022-07-29;"sexta-feira";"14:15:00";"PR";369;455,4;"UBIRATA";"Acessar a via sem observar a presença dos outros veículos";"Colisão transversal";"Com Vítimas Feridas";"Pleno dia";"Decrescente";"Sol";"Simples";"Reta";"Não";2;0;0;1;1;0;1;2;-24,54792343;-53,04067254;"SPRF-PR";"DEL04-PR";"UOP03-DEL04-PR"
464671;2022-07-29;"sexta-feira";"12:15:00";"RJ";40;120;"DUQUE DE CAXIAS";"Avarias e/ou desgaste excessivo no pneu";"Tombamento";"Com Vítimas Feridas";"Pleno dia";"Decrescente";"Céu Claro";"Múltipla";"Reta";"Sim";1;0;1;0;0;0;1;1;-22,77280597;-43,28626763;"SPRF-RJ";"DEL01-RJ";"UOP01-DEL01-RJ"
464672;2022-06-22;"quarta-feira";"09:15:00";"MA";222;673;"ACAILANDIA";"Velocidade Incompatível";"Queda de ocupante de veículo";"Com Vítimas Feridas";"Pleno dia";"Crescente";"Céu Claro";"Simples";"Reta;Interseção de Vias";"Sim";2;0;0;1;0;1;1;2;-4,95388487;-47,48821557;"SPRF-MA";"DEL04-MA";"UOP03-DEL04-MA"
464674;2022-07-29;"sexta-feira";"09:00:00";"GO";60;262,7;"INDIARA";"Condutor Dormindo";"Saída de leito carroçável";"Sem Vítimas";"Pleno dia";"Decrescente";"Céu Claro";"Dupla";"Reta";"Não";1;0;0;0;0;1;0;1;-17,1744;-50,0588;"SPRF-GO";"DEL01-GO";"UOP02-DEL01-GO"
464675;2022-07-29;"sexta-feira";"14:40:00";"DF";20;23;"BRASILIA";"Acessar a via sem observar a presença dos outros veículos";"Colisão transversal";"Com Vítimas Feridas";"Pleno dia";"Decrescente";"Céu Claro";"Dupla";"Declive;Reta";"Não";2;0;0;1;1;0;1;2;-15,595297;-47,667912;"SPRF-DF";"DEL02-DF";"UOP01-DEL02-DF"
464676;2022-07-29;"sexta-feira";"14:40:00";"RN";406;161,7;"CEARA-MIRIM";"Ausência de reação do condutor";"Colisão traseira";"Com Vítimas Feridas";"Pleno dia";"Crescente";"Céu Claro";"Simples";"Interseção de Vias";"Sim";2;0;1;0;1;0;1;2;-5,72093004;-35,36655305;"SPRF-RN";"DEL02-RN";"UOP01-DEL02-RN"
464678;2022-07-29;"sexta-feira";"14:55:00";"GO";153;365,1;"JARAGUA";"Ultrapassagem Indevida";"Saída de leito carroçável";"Com Vítimas Feridas";"Pleno dia";"Decrescente";"Céu Claro";"Simples";"Declive;Reta";"Não";2;0;1;0;1;0;1;1;-15,791342;-49,302017;"SPRF-GO";"DEL02-GO";"UOP02-DEL02-GO"
464682;2022-07-29;"sexta-feira";"15:30:00";"SP";153;64,8;"SAO JOSE DO RIO PRETO";"Manobra de mudança de faixa";"Colisão com objeto";"Com Vítimas Feridas";"Pleno dia";"Decrescente";"Céu Claro";"Dupla";"Reta";"Sim";1;0;0;1;0;0;1;1;-20,82919401;-49,36046325;"SPRF-SP";"DEL09-SP";"UOP01-DEL09-SP"
464683;2022-07-25;"segunda-feira";"18:55:00";"RS";386;245,2;"SOLEDADE";"Transitar na contramão";"Colisão frontal";"Com Vítimas Feridas";"Plena Noite";"Crescente";"Céu Claro";"Simples";"Reta";"Sim";3;0;1;0;2;0;1;2;-28,802004;-52,509708;"SPRF-RS";"DEL04-RS";"UOP03-DEL04-RS"
464685;2022-07-29;"sexta-feira";"12:30:00";"RO";364;245;"CACOAL";"Ultrapassagem Indevida";"Saída de leito carroçável";"Com Vítimas Feridas";"Pleno dia";"Crescente";"Céu Claro";"Simples";"Reta";"Não";1;0;1;0;0;0;1;1;-11,439733;-61,515045;"SPRF-RO";"DEL02-RO";"UOP02-DEL02-RO"
464686;2022-07-29;"sexta-feira";"15:45:00";"DF";70;4,3;"BRASILIA";"Condutor deixou de manter distância do veículo da frente";"Colisão traseira";"Com Vítimas Feridas";"Pleno dia";"Crescente";"Sol";"Simples";"Reta;Retorno Regulamentado";"Sim";6;0;1;0;5;0;1;3;-15,798115;-48,089317;"SPRF-DF";"DEL03-DF";"UOP02-DEL03-DF"
464687;2022-07-29;"sexta-feira";"13:50:00";"PE";408;104,6;"JABOATAO DOS GUARARAPES";"Acessar a via sem observar a presença dos outros veículos";"Colisão transversal";"Com Vítimas Feridas";"Pleno dia";"Crescente";"Céu Claro";"Simples";"Reta";"Sim";2;0;1;0;1;0;1;1;-8,073412;-34,9921666;"SPRF-PE";"DEL01-PE";"UOP01-DEL01-PE"
464692;2022-07-29;"sexta-feira";"15:50:00";"PE";408;75;"PAUDALHO";"Ausência de reação do condutor";"Colisão traseira";"Com Vítimas Feridas";"Pleno dia";"Crescente";"Sol";"Dupla";"Reta";"Sim";4;0;2;0;2;0;2;2;-7,89701706;-35,17300548;"SPRF-PE";"DEL01-PE";"UOP01-DEL01-PE"
464693;2022-07-29;"sexta-feira";"13:00:00";"SC";470;67,5;"INDAIAL";"Acesso irregular";"Colisão transversal";"Com Vítimas Feridas";"Pleno dia";"Crescente";"Sol";"Simples";"Desvio Temporário;Reta;Interseção de Vias";"Sim";2;0;0;1;1;0;1;2;-26,872158;-49,23127;"SPRF-SC";"DEL04-SC";"UOP01-DEL04-SC"
464695;2022-07-29;"sexta-feira";"14:50:00";"RJ";101;443;"MANGARATIBA";"Velocidade Incompatível";"Saída de leito carroçável";"Com Vítimas Feridas";"Pleno dia";"Crescente";"Chuva";"Simples";"Curva";"Sim";1;0;1;0;0;0;1;1;-22,98107919;-44,08441596;"SPRF-RJ";"DEL03-RJ";"UOP02-DEL03-RJ"
464696;2022-07-29;"sexta-feira";"16:25:00";"MG";381;377,7;"SAO GONCALO DO RIO ABAIXO";"Acumulo de óleo sobre o pavimento";"Saída de leito carroçável";"Com Vítimas Feridas";"Pleno dia";"Decrescente";"Céu Claro";"Simples";"Curva";"Sim";1;0;1;0;0;0;1;1;-19,84262;-43,31978;"SPRF-MG";"DEL01-MG";"UOP01-DEL01-MG"
464697;2022-07-29;"sexta-feira";"17:00:00";"SP";116;217;"GUARULHOS";"Reação tardia ou ineficiente do condutor";"Colisão traseira";"Com Vítimas Feridas";"Anoitecer";"Decrescente";"Nublado";"Múltipla";"Reta";"Sim";2;0;0;1;1;0;1;2;-23,45423824;-46,47119028;"SPRF-SP";"DEL01-SP";"UOP01-DEL01-SP"
464698;2022-07-29;"sexta-feira";"16:40:00";"GO";60;67;"ABADIANIA";"Ingestão de álcool pelo condutor";"Saída de leito carroçável";"Sem Vítimas";"Pleno dia";"Crescente";"Céu Claro";"Dupla";"Reta";"Não";1;0;0;0;1;0;0;1;-16,2217;-48,7502;"SPRF-GO";"DEL02-GO";"UOP01-DEL02-GO"
464699;2022-07-29;"sexta-feira";"17:00:00";"SC";101;194,8;"BIGUACU";"Manobra de mudança de faixa";"Colisão traseira";"Com Vítimas Feridas";"Pleno dia";"Crescente";"Céu Claro";"Dupla";"Reta";"Sim";2;0;0;1;0;1;1;2;-27,5047092;-48,65010819;"SPRF-SC";"DEL01-SC";"UOP01-DEL01-SC"
464700;2022-07-29;"sexta-feira";"12:15:00";"SC";282;223;"LAGES";"Ausência de reação do condutor";"Queda de ocupante de veículo";"Com Vítimas Feridas";"Pleno dia";"Crescente";"Nublado";"Simples";"Rotatória";"Sim";1;0;1;0;0;0;1;1;-27,80006232;-50,36377279;"SPRF-SC";"DEL05-SC";"UOP01-DEL05-SC"
464701;2022-07-29;"sexta-feira";"16:50:00";"SC";101;194,8;"BIGUACU";"Ausência de reação do condutor";"Colisão transversal";"Com Vítimas Feridas";"Pleno dia";"Crescente";"Céu Claro";"Simples";"Reta";"Sim";2;0;1;0;1;0;1;2;-27,49815117;-48,65661236;"SPRF-SC";"DEL01-SC";"UOP01-DEL01-SC"
464702;2022-07-29;"sexta-feira";"17:00:00";"PE";423;96,8;"GARANHUNS";"Ultrapassagem Indevida";"Colisão traseira";"Com Vítimas Feridas";"Pleno dia";"Crescente";"Céu Claro";"Simples";"Reta";"Não";2;0;0;1;1;0;1;2;-8,88021822;-36,48651678;"SPRF-PE";"DEL03-PE";"UOP01-DEL03-PE"
464703;2022-07-29;"sexta-feira";"14:55:00";"SC";101;134;"BALNEARIO CAMBORIU";"Reação tardia ou ineficiente do condutor";"Colisão traseira";"Com Vítimas Feridas";"Pleno dia";"Crescente";"Céu Claro";"Múltipla";"Reta";"Sim";2;0;0;1;1;0;1;2;-27,00218;-48,636433;"SPRF-SC";"DEL04-SC";"UOP03-DEL04-SC"
464704;2022-07-29;"sexta-feira";"12:15:00";"MT";70;594;"POCONE";"Avarias e/ou desgaste excessivo no pneu";"Saída de leito carroçável";"Com Vítimas Feridas";"Pleno dia";"Decrescente";"Céu Claro";"Simples";"Reta";"Não";9;0;4;5;0;0;9;1;-15,7946064;-56,68258607;"SPRF-MT";"DEL03-MT";"UOP02-DEL03-MT"
464706;2022-07-29;"sexta-feira";"15:15:00";"GO";153;161;"CAMPINORTE";"Ausência de reação do condutor";"Colisão traseira";"Com Vítimas Feridas";"Pleno dia";"Decrescente";"Céu Claro";"Simples";"Reta";"Não";5;0;1;0;4;0;1;2;-14,177762;-49,125591;"SPRF-GO";"DEL07-GO";"UOP02-DEL07-GO"
464707;2022-07-29;"sexta-feira";"17:20:00";"MG";262;353;"BETIM";"Ausência de reação do condutor";"Colisão lateral mesmo sentido";"Com Vítimas Feridas";"Anoitecer";"Crescente";"Céu Claro";"Múltipla";"Reta";"Não";2;0;1;0;1;0;1;2;-19,95947688;-44,15416308;"SPRF-MG";"DEL01-MG";"UOP03-DEL01-MG"
464710;2022-07-29;"sexta-feira";"17:20:00";"GO";60;406;"RIO VERDE";"Reação tardia ou ineficiente do condutor";"Saída de leito carroçável";"Com Vítimas Feridas";"Pleno dia";"Decrescente";"Céu Claro";"Dupla";"Reta";"Não";2;0;1;0;0;1;1;2;-17,8154;-51,1083;"SPRF-GO";"DEL04-GO";"UOP01-DEL04-GO"
464711;2022-07-29;"sexta-feira";"17:30:00";"GO";40;19,3;"LUZIANIA";"Reação tardia ou ineficiente do condutor";"Saída de leito carroçável";"Com Vítimas Feridas";"Pleno dia";"Crescente";"Céu Claro";"Dupla";"Reta";"Sim";2;0;1;0;1;0;1;1;-16,201556;-47,921314;"SPRF-DF";"DEL01-DF";"UOP01-DEL01-DF"
464714;2022-07-29;"sexta-feira";"16:50:00";"PR";277;536;"IBEMA";"Transitar na contramão";"Colisão frontal";"Com Vítimas Feridas";"Pleno dia";"Crescente";"Céu Claro";"Simples";"Reta";"Sim";6;0;1;2;3;0;3;2;-25,11310089;-53,00093021;"SPRF-PR";"DEL04-PR";"UOP01-DEL04-PR"
464716;2022-07-29;"sexta-feira";"16:00:00";"MG";381;923,2;"CAMANDUCAIA";"Velocidade Incompatível";"Tombamento";"Com Vítimas Feridas";"Pleno dia";"Decrescente";"Chuva";"Dupla";"Curva";"Não";2;0;1;0;1;0;1;1;-22,77494203;-46,18793076;"SPRF-MG";"DEL16-MG";"UOP03-DEL16-MG"