"id";"data_inversa";"dia_semana";"horario";"uf";"br";"km";"municipio";"causa_acidente";"tipo_acidente";"classificacao_acidente";"fase_dia";"sentido_via";"condicao_metereologica";"tipo_pista";"tracado_via";"uso_solo";"pessoas";"mortos";"feridos_leves";"feridos_graves";"ilesos";"ignorados";"feridos";"veiculos";"latitude";"longitude";"regional";"delegacia";"uop"
464942;2022-07-30;"sábado";"20:05:00";"MG";40;136,9;"JOAO PINHEIRO";"Ausência de reação do condutor";"Saída de leito carroçável";"Com Vítimas Feridas";"Plena Noite";"Decrescente";"Céu Claro";"Simples";"Reta";"Não";2;0;1;0;1;0;1;1;-17,7219829;-46,23179198;"SPRF-MG";"DEL14-MG";"UOP01-DEL14-MG"
464943;2022-07-30;"sábado";"17:20:00";"PR";476;92;"BOCAIUVA DO SUL";"Ingestão de álcool pelo condutor";"Colisão transversal";"Com Vítimas Feridas";"Pleno dia";"Crescente";"Nublado";"Simples";"Interseção de Vias";"Sim";2;0;0;1;1;0;1;2;-25,200565;-49,116386;"SPRF-PR";"DEL01-PR";"UOP01-DEL01-PR"
464945;2022-07-30;"sábado";"19:35:00";"PR";277;720;"FOZ DO IGUACU";"Acesso irregular";"Saída de leito carroçável";"Com Vítimas Feridas";"Plena Noite";"Crescente";"Nublado";"Dupla";"Reta";"Sim";4;0;1;2;1;0;3;3;-25,490179;-54,509331;"SPRF-PR";"DEL05-PR";"UOP03-DEL05-PR"
464947;2022-07-30;"sábado";"20:20:00";"PR";116;7;"QUATRO BARRAS";"Entrada inopinada do pedestre";"Atropelamento de Pedestre";"Com Vítimas Fatais";"Plena Noite";"Decrescente";"Nevoeiro/Neblina";"Dupla";"Reta";"Sim";2;1;0;0;1;0;0;2;-25,3683;-49,1074;"SPRF-PR";"DEL01-PR";"UOP02-DEL01-PR"
464950;2022-07-30;"sábado";"20:15:00";"GO";153;57;"PORANGATU";"Reação tardia ou ineficiente do condutor";"Colisão lateral mesmo sentido";"Com Vítimas Feridas";"Plena Noite";"Crescente";"Céu Claro";"Simples";"Reta";"Sim";3;0;1;0;2;0;1;2;-13,31013;-49,118004;"SPRF-GO";"DEL07-GO";"UOP01-DEL07-GO"
464951;2022-07-30;"sábado";"18:40:00";"RO";435;85;"COLORADO DO OESTE";"Conversão proibida";"Colisão transversal";"Com Vítimas Feridas";"Plena Noite";"Crescente";"Céu Claro";"Simples";"Reta";"Sim";2;0;1;0;1;0;1;2;-13,11884911;-60,53173398;"SPRF-RO";"DEL04-RO";"UOP02-DEL04-RO"
464952;2022-07-30;"sábado";"20:00:00";"MG";381;288;"JAGUARACU";"Pista em desnível";"Queda de ocupante de veículo";"Com Vítimas Fatais";"Plena Noite";"Crescente";"Céu Claro";"Simples";"Reta";"Não";1;1;0;0;0;0;0;1;-19,618689;-42,78756;"SPRF-MG";"DEL03-MG";"UOP02-DEL03-MG"
464953;2022-07-30;"sábado";"16:45:00";"BA";330;842;"IPIAU";"Transitar na contramão";"Colisão frontal";"Com Vítimas Feridas";"Pleno dia";"Crescente";"Céu Claro";"Simples";"Reta";"Não";4;0;0;4;0;0;4;2;-14,15035;-39,699942;"SPRF-BA";"DEL03-BA";"UOP01-DEL03-BA"
464956;2022-07-30;"sábado";"22:10:00";"DF";40;0;"BRASILIA";"Reação tardia ou ineficiente do condutor";"Colisão traseira";"Sem Vítimas";"Plena Noite";"Decrescente";"Céu Claro";"Dupla";"Reta";"Sim";2;0;0;0;2;0;0;2;-15,976897;-47,990129;"SPRF-DF";"DEL01-DF";"UOP01-DEL01-DF"
464957;2022-07-30;"sábado";"21:35:00";"AL";424;102;"MARECHAL DEODORO";"Transitar na contramão";"Colisão frontal";"Com Vítimas Feridas";"Plena Noite";"Decrescente";"Céu Claro";"Simples";"Reta";"Não";4;0;2;1;1;0;3;4;-9,66670281;-35,84489382;"SPRF-AL";"DEL02-AL";"UOP01-DEL02-AL"
464958;2022-07-30;"sábado";"20:00:00";"RS";158;154,5;"PANAMBI";"Condutor Dormindo";"Saída de leito carroçável";"Com Vítimas Feridas";"Plena Noite";"Decrescente";"Céu Claro";"Simples";"Curva";"Não";1;0;1;0;0;0;1;1;-28,31080108;-53,49251523;"SPRF-RS";"DEL10-RS";"UOP02-DEL10-RS"
464959;2022-07-30;"sábado";"21:30:00";"SP";116;218;"GUARULHOS";"Reação tardia ou ineficiente do condutor";"Colisão traseira";"Sem Vítimas";"Plena Noite";"Decrescente";"Céu Claro";"Múltipla";"Ponte";"Sim";4;0;0;0;3;1;0;4;-23,457972;-46,479927;"SPRF-SP";"DEL01-SP";"UOP01-DEL01-SP"
464961;2022-07-30;"sábado";"21:15:00";"RS";153;408,8;"CACHOEIRA DO SUL";"Reação tardia ou ineficiente do condutor";"Colisão traseira";"Com Vítimas Feridas";"Plena Noite";"Crescente";"Céu Claro";"Dupla";"Interseção de Vias";"Sim";2;0;1;0;1;0;1;2;-30,03530673;-52,91472858;"SPRF-RS";"DEL02-RS";"UOP03-DEL02-RS"
464962;2022-07-30;"sábado";"20:00:00";"SP";116;223;"GUARULHOS";"Ausência de reação do condutor";"Engavetamento";"Com Vítimas Feridas";"Plena Noite";"Decrescente";"Céu Claro";"Múltipla";"Reta";"Sim";4;0;1;0;3;0;1;3;-23,47559815;-46,5246609;"SPRF-SP";"DEL01-SP";"UOP01-DEL01-SP"
464963;2022-07-30;"sábado";"21:45:00";"BA";135;192;"BARREIRAS";"Ingestão de álcool pelo condutor";"Saída de leito carroçável";"Com Vítimas Feridas";"Plena Noite";"Crescente";"Céu Claro";"Simples";"Reta";"Não";1;0;1;0;0;0;1;1;-12,25538805;-45,02298773;"SPRF-BA";"DEL10-BA";"UOP01-DEL10-BA"
464964;2022-07-30;"sábado";"21:11:00";"RO";319;62;"PORTO VELHO";"Desrespeitar a preferência no cruzamento";"Colisão transversal";"Com Vítimas Feridas";"Plena Noite";"Decrescente";"Céu Claro";"Simples";"Reta";"Sim";3;0;1;0;1;1;1;3;-8,766685;-63,884052;"SPRF-RO";"DEL01-RO";"UOP01-DEL01-RO"
464965;2022-07-30;"sábado";"22:00:00";"PR";376;590;"CURITIBA";"Reação tardia ou ineficiente do condutor";"Saída de leito carroçável";"Sem Vítimas";"Plena Noite";"Crescente";"Nublado";"Múltipla";"Declive;Reta";"Sim";2;0;0;0;0;2;0;2;-25,45295703;-49,36213125;"SPRF-PR";"DEL01-PR";"UOP06-DEL01-PR"
464966;2022-07-30;"sábado";"22:00:00";"SC";101;431,4;"SOMBRIO";"Pedestre andava na pista";"Atropelamento de Pedestre";"Com Vítimas Fatais";"Plena Noite";"Crescente";"Céu Claro";"Múltipla";"Reta";"Sim";5;2;0;0;3;0;0;3;-29,0752978;-49,6278315;"SPRF-SC";"DEL02-SC";"UOP02-DEL02-SC"
464967;2022-07-30;"sábado";"18:48:00";"PR";277;678,1;"MEDIANEIRA";"Conversão proibida";"Colisão transversal";"Com Vítimas Feridas";"Anoitecer";"Decrescente";"Céu Claro";"Dupla";"Declive";"Não";2;0;0;2;0;0;2;2;-25,31261205;-54,14871997;"SPRF-PR";"DEL05-PR";"UOP01-DEL05-PR"
464968;2022-07-30;"sábado";"22:20:00";"BA";116;17,9;"VITORIA DA CONQUISTA";"Desrespeitar a preferência no cruzamento";"Colisão transversal";"Com Vítimas Feridas";"Plena Noite";"Crescente";"Nublado";"Simples";"Reta";"Sim";3;0;2;0;1;0;2;2;-14,851;-40,8485;"SPRF-BA";"DEL08-BA";"UOP01-DEL08-BA"
464970;2022-07-30;"sábado";"18:20:00";"MT";70;284;"PRIMAVERA DO LESTE";"Ultrapassagem Indevida";"Colisão frontal";"Com Vítimas Feridas";"Plena Noite";"Crescente";"Céu Claro";"Simples";"Reta";"Não";9;0;6;0;3;0;6;3;-15,57431875;-54,33110702;"SPRF-MT";"DEL05-MT";"UOP01-DEL05-MT"
464972;2022-07-30;"sábado";"23:25:00";"DF";20;22;"BRASILIA";"Ingestão de álcool pelo condutor";"Colisão traseira";"Com Vítimas Feridas";"Plena Noite";"Decrescente";"Céu Claro";"Dupla";"Curva";"Sim";3;0;3;0;0;0;3;2;-15,59834;-47,676186;"SPRF-DF";"DEL02-DF";"UOP01-DEL02-DF"
464973;2022-07-30;"sábado";"22:45:00";"RN";226;403;"PAU DOS FERROS";"Reação tardia ou ineficiente do condutor";"Colisão traseira";"Com Vítimas Feridas";"Plena Noite";"Decrescente";"Céu Claro";"Simples";"Reta";"Não";1;0;0;1;0;0;1;1;-6,09967184;-38,19426379;"SPRF-RN";"DEL04-RN";"UOP02-DEL04-RN"
464974;2022-07-30;"sábado";"23:00:00";"SP";381;20;"BRAGANCA PAULISTA";"Ausência de reação do condutor";"Saída de leito carroçável";"Com Vítimas Feridas";"Plena Noite";"Crescente";"Céu Claro";"Dupla";"Reta";"Não";1;0;1;0;0;0;1;1;-22,98443766;-46,50352511;"SPRF-SP";"DEL03-SP";"UOP01-DEL03-SP"
464975;2022-07-30;"sábado";"20:30:00";"RO";364;239,3;"CACOAL";"Reação tardia ou ineficiente do condutor";"Colisão com objeto";"Com Vítimas Feridas";"Plena Noite";"Crescente";"Céu Claro";"Simples";"Curva";"Sim";2;0;2;0;0;0;2;1;-11,43425083;-61,46267289;"SPRF-RO";"DEL02-RO";"UOP02-DEL02-RO"
464977;2022-07-30;"sábado";"23:10:00";"PR";277;158,5;"PORTO AMAZONAS";"Ingestão de álcool pelo condutor";"Colisão traseira";"Com Vítimas Feridas";"Plena Noite";"Decrescente";"Nublado";"Simples";"Aclive;Reta";"Não";2;0;0;1;1;0;1;2;-25,47289;-49,895964;"SPRF-PR";"DEL03-PR";"UOP03-DEL03-PR"
464979;2022-07-30;"sábado";"22:27:00";"PE";407;115;"PETROLINA";"Acesso irregular";"Colisão lateral sentido oposto";"Com Vítimas Feridas";"Plena Noite";"Decrescente";"Céu Claro";"Simples";"Interseção de Vias";"Não";2;0;1;0;1;0;1;2;-9,2990308;-40,58250065;"SPRF-PE";"DEL06-PE";"UOP01-DEL06-PE"
464980;2022-07-30;"sábado";"22:40:00";"GO";153;632;"MORRINHOS";"Acessar a via sem observar a presença dos outros veículos";"Colisão traseira";"Com Vítimas Feridas";"Plena Noite";"Decrescente";"Céu Claro";"Dupla";"Retorno Regulamentado;Reta";"Não";7;0;7;0;0;0;7;2;-17,81433051;-49,20991313;"SPRF-GO";"DEL03-GO";"UOP01-DEL03-GO"
464981;2022-07-31;"domingo";"00:48:00";"PR";376;5;"APUCARANA";"Ausência de reação do condutor";"Atropelamento de Pedestre";"Com Vítimas Feridas";"Plena Noite";"Decrescente";"Céu Claro";"Dupla";"Reta";"Não";2;0;1;0;0;1;1;2;-23,55861754;-51,44014478;"SPRF-PR";"DEL09-PR";"UOP01-DEL09-PR"
464982;2022-07-30;"sábado";"23:40:00";"PI";316;3,4;"TERESINA";"Condutor desrespeitou a iluminação vermelha do semáforo";"Colisão transversal";"Sem Vítimas";"Plena Noite";"Decrescente";"Céu Claro";"Múltipla";"Interseção de Vias";"Sim";2;0;0;0;2;0;0;2;-5,12826443;-42,79292384;"SPRF-PI";"DEL01-PI";"UOP02-DEL01-PI"
464983;2022-07-30;"sábado";"23:50:00";"BA";135;186;"BARREIRAS";"Ausência de reação do condutor";"Saída de leito carroçável";"Com Vítimas Feridas";"Plena Noite";"Crescente";"Céu Claro";"Simples";"Reta";"Não";1;0;1;0;0;0;1;1;-12,20181807;-45,01487075;"SPRF-BA";"DEL10-BA";"UOP01-DEL10-BA"
464984;2022-07-30;"sábado";"19:00:00";"BA";418;42;"CARAVELAS";"Acessar a via sem observar a presença dos outros veículos";"Colisão transversal";"Com Vítimas Feridas";"Plena Noite";"Crescente";"Nublado";"Simples";"Reta;Interseção de Vias";"Não";2;0;0;1;1;0;1;2;-17,69924413;-39,48047892;"SPRF-BA";"DEL09-BA";"UOP02-DEL09-BA"
464985;2022-07-31;"domingo";"00:38:00";"RS";116;238;"NOVO HAMBURGO";"Velocidade Incompatível";"Colisão lateral mesmo sentido";"Sem Vítimas";"Plena Noite";"Crescente";"Céu Claro";"Dupla";"Reta";"Sim";5;0;0;0;3;2;0;3;-29,68739789;-51,14197352;"SPRF-RS";"DEL01-RS";"UOP02-DEL01-RS"
464987;2022-07-30;"sábado";"23:30:00";"MG";365;633;"UBERLANDIA";"Reação tardia ou ineficiente do condutor";"Saída de leito carroçável";"Com Vítimas Feridas";"Plena Noite";"Decrescente";"Céu Claro";"Dupla";"Reta";"Não";2;0;1;0;1;0;1;1;-18,89532742;-48,39981506;"SPRF-MG";"DEL15-MG";"UOP01-DEL15-MG"
464989;2022-07-30;"sábado";"22:00:00";"MG";262;53,8;"MANHUACU";"Ingestão de álcool pelo condutor";"Saída de leito carroçável";"Com Vítimas Feridas";"Plena Noite";"Decrescente";"Céu Claro";"Simples";"Curva";"Não";2;0;1;0;0;1;1;2;-20,25369201;-42,15987098;"SPRF-MG";"DEL06-MG";"UOP03-DEL06-MG"
464992;2022-07-30;"sábado";"23:20:00";"RJ";40;105;"DUQUE DE CAXIAS";"Ausência de reação do condutor";"Saída de leito carroçável";"Com Vítimas Feridas";"Plena Noite";"Crescente";"Céu Claro";"Dupla";"Reta";"Sim";2;0;1;1;0;0;2;1;-22,63784806;-43,28428824;"SPRF-RJ";"DEL01-RJ";"UOP01-DEL01-RJ"
464994;2022-07-31;"domingo";"01:30:00";"RS";285;460;"IJUI";"Ausência de reação do condutor";"Colisão com objeto";"Sem Vítimas";"Plena Noite";"Crescente";"Céu Claro";"Simples";"Ponte";"Não";1;0;0;0;0;1;0;1;-28,41690745;-53,91340971;"SPRF-RS";"DEL10-RS";"UOP01-DEL10-RS"
464995;2022-07-31;"domingo";"00:05:00";"RJ";356;87;"CARDOSO MOREIRA";"Velocidade Incompatível";"Tombamento";"Com Vítimas Feridas";"Plena Noite";"Decrescente";"Céu Claro";"Simples";"Curva";"Sim";1;0;1;0;0;0;1;1;-21,49180046;-41,63156431;"SPRF-RJ";"DEL08-RJ";"UOP03-DEL08-RJ"
464996;2022-07-31;"domingo";"00:50:00";"CE";403;19,9;"ACARAU";"Manobra de mudança de faixa";"Colisão frontal";"Com Vítimas Fatais";"Plena Noite";"Crescente";"Nublado";"Simples";"Reta";"Não";3;2;0;0;0;1;0;2;-3,05277923;-40,11236145;"SPRF-CE";"DEL01-CE";"UOP03-DEL01-CE"
464997;2022-07-31;"domingo";"01:00:00";"MG";40;563;"NOVA LIMA";"Ausência de reação do condutor";"Queda de ocupante de veículo";"Com Vítimas Feridas";"Plena Noite";"Decrescente";"Céu Claro";"Dupla";"Reta";"Não";1;0;1;0;0;0;1;1;-20,15241986;-43,96263156;"SPRF-MG";"DEL01-MG";"UOP02-DEL01-MG"
464998;2022-07-30;"sábado";"23:29:00";"MG";262;47,8;"MANHUACU";"Pista esburacada";"Tombamento";"Com Vítimas Feridas";"Plena Noite";"Crescente";"Nublado";"Simples";"Curva";"Não";2;0;2;0;0;0;2;1;-20,256748;-42,113142;"SPRF-MG";"DEL06-MG";"UOP03-DEL06-MG"
464999;2022-07-31;"domingo";"01:45:00";"MG";381;494;"BETIM";"Ausência de reação do condutor";"Colisão com objeto";"Sem Vítimas";"Plena Noite";"Decrescente";"Céu Claro";"Simples";"Interseção de Vias";"Sim";1;0;0;0;0;1;0;1;-19,985563;-44,20318;"SPRF-MG";"DEL01-MG";"UOP03-DEL01-MG"
465001;2022-07-31;"domingo";"04:45:00";"SP";116;270;"TABOAO DA SERRA";"Manobra de mudança de faixa";"Colisão traseira";"Com Vítimas Feridas";"Plena Noite";"Crescente";"Céu Claro";"Dupla";"Reta";"Sim";5;0;2;0;2;1;2;2;-23,61799728;-46,79677694;"SPRF-SP";"DEL04-SP";"UOP01-DEL04-SP"
465002;2022-07-31;"domingo";"02:00:00";"MG";50;69;"UBERLANDIA";"Ausência de reação do condutor";"Tombamento";"Com Vítimas Feridas";"Plena Noite";"Crescente";"Céu Claro";"Dupla";"Reta";"Sim";1;0;1;0;0;0;1;1;-18,85140204;-48,25345932;"SPRF-MG";"DEL15-MG";"UOP01-DEL15-MG"
465005;2022-07-31;"domingo";"02:39:00";"SC";101;30;"JOINVILLE";"Acumulo de areia ou detritos sobre o pavimento";"Queda de ocupante de veículo";"Com Vítimas Feridas";"Plena Noite";"Decrescente";"Céu Claro";"Simples";"Interseção de Vias";"Não";1;0;1;0;0;0;1;1;-26,216931;-48,91612807;"SPRF-SC";"DEL03-SC";"UOP01-DEL03-SC"
465006;2022-07-31;"domingo";"01:20:00";"MG";50;68;"UBERLANDIA";"Ingestão de álcool pelo condutor";"Colisão com objeto";"Sem Vítimas";"Plena Noite";"Crescente";"Céu Claro";"Dupla";"Viaduto;Curva;Declive";"Sim";1;0;0;0;1;0;0;1;-18,88467572;-48,26519251;"SPRF-MG";"DEL15-MG";"UOP02-DEL15-MG"
465007;2022-07-31;"domingo";"02:00:00";"SP";381;86;"SAO PAULO";"Pedestre andava na pista";"Atropelamento de Pedestre";"Com Vítimas Feridas";"Plena Noite";"Crescente";"Céu Claro";"Dupla";"Curva";"Sim";2;0;0;1;0;1;1;2;-23,45930499;-46,57161179;"SPRF-SP";"DEL03-SP";"UOP01-DEL03-SP"
465009;2022-07-31;"domingo";"01:33:00";"MG";262;800;"UBERABA";"Ausência de reação do condutor";"Colisão com objeto";"Sem Vítimas";"Plena Noite";"Crescente";"Céu Claro";"Dupla";"Viaduto";"Sim";1;0;0;0;1;0;0;1;-19,779129;-47,945794;"SPRF-MG";"DEL13-MG";"UOP01-DEL13-MG"
465010;2022-07-31;"domingo";"01:45:00";"SC";282;516,6;"XAXIM";"Ingestão de álcool e/ou substâncias psicoativas pelo pedestre";"Saída de leito carroçável";"Com Vítimas Feridas";"Plena Noite";"Crescente";"Céu Claro";"Simples";"Curva";"Não";3;0;1;1;1;0;2;1;-26,936369;-52,498844;"SPRF-SC";"DEL07-SC";"UOP01-DEL07-SC"
465011;2022-07-31;"domingo";"02:00:00";"PR";277;687;"SAO MIGUEL DO IGUACU";"Ingestão de álcool pelo condutor";"Colisão com objeto";"Com Vítimas Feridas";"Plena Noite";"Decrescente";"Céu Claro";"Dupla";"Reta";"Sim";5;0;1;0;4;0;1;1;-25,34377452;-54,22446208;"SPRF-PR";"DEL05-PR";"UOP01-DEL05-PR"
465012;2022-07-30;"sábado";"18:40:00";"SC";282;461,6;"PONTE SERRADA";"Desrespeitar a preferência no cruzamento";"Colisão transversal";"Com Vítimas Feridas";"Plena Noite";"Decrescente";"Céu Claro";"Simples";"Interseção de Vias";"Sim";3;0;2;0;1;0;2;2;-26,856403;-52,041328;"SPRF-SC";"DEL07-SC";"UOP04-DEL07-SC"
465013;2022-07-31;"domingo";"03:00:00";"RN";304;300;"MACAIBA";"Ausência de reação do condutor";"Colisão com objeto";"Com Vítimas Feridas";"Plena Noite";"Decrescente";"Céu Claro";"Dupla";"Reta";"Não";6;0;6;0;0;0;6;1;-5,8737673;-35,3150361;"SPRF-RN";"DEL01-RN";"UOP02-DEL01-RN"
465014;2022-07-31;"domingo";"04:10:00";"RN";304;303,3;"MACAIBA";"Deficiência do Sistema de Iluminação/Sinalização";"Colisão traseira";"Sem Vítimas";"Plena Noite";"Crescente";"Céu Claro";"Dupla";"Reta";"Não";5;0;0;0;5;0;0;2;-5,88191;-35,290746;"SPRF-RN";"DEL01-RN";"UOP02-DEL01-RN"
465016;2022-07-31;"domingo";"04:30:00";"PE";232;268,4;"SERTANIA";"Reação tardia ou ineficiente do condutor";"Colisão traseira";"Com Vítimas Feridas";"Plena Noite";"Crescente";"Céu Claro";"Simples";"Reta";"Não";4;0;0;2;1;1;2;3;-8,406044;-37,204335;"SPRF-PE";"DEL04-PE";"UOP02-DEL04-PE"
465017;2022-07-31;"domingo";"05:00:00";"SC";101;336;"TUBARAO";"Ingestão de álcool pelo condutor";"Colisão com objeto";"Sem Vítimas";"Plena Noite";"Decrescente";"Nublado";"Dupla";"Ponte;Reta";"Não";1;0;0;0;0;1;0;1;-28,48271321;-49,03525136;"SPRF-SC";"DEL02-SC";"UOP01-DEL02-SC"
465018;2022-07-31;"domingo";"04:54:00";"MS";163;264,7;"DOURADOS";"Velocidade Incompatível";"Capotamento";"Com Vítimas Feridas";"Plena Noite";"Decrescente";"Céu Claro";"Dupla";"Reta";"Sim";2;0;0;1;0;1;1;2;-22,22500571;-54,73419081;"SPRF-MS";"DEL04-MS";"UOP01-DEL04-MS"
465020;2022-07-31;"domingo";"05:45:00";"RS";285;426,9;"PANAMBI";"Ingestão de álcool pelo condutor";"Saída de leito carroçável";"Com Vítimas Fatais";"Plena Noite";"Crescente";"Céu Claro";"Simples";"Reta";"Não";2;1;0;1;0;0;1;1;-28,3209456;-53,6231591;"SPRF-RS";"DEL10-RS";"UOP01-DEL10-RS"
465021;2022-07-31;"domingo";"03:40:00";"PB";230;492,6;"CAJAZEIRAS";"Ingestão de álcool pelo condutor";"Saída de leito carroçável";"Com Vítimas Feridas";"Plena Noite";"Crescente";"Céu Claro";"Simples";"Aclive;Curva";"Não";4;0;2;1;1;0;3;1;-6,8721;-38,4409;"SPRF-PB";"DEL03-PB";"UOP03-DEL03-PB"
465022;2022-07-31;"domingo";"05:25:00";"AL";423;49,5;"INHAPI";"Ingestão de álcool e/ou substâncias psicoativas pelo pedestre";"Atropelamento de Pedestre";"Com Vítimas Fatais";"Amanhecer";"Crescente";"Ignorado";"Simples";"Aclive;Reta";"Não";2;1;0;0;0;1;0;2;-9,258784;-37,713577;"SPRF-AL";"DEL03-AL";"UOP02-DEL03-AL"
465023;2022-07-31;"domingo";"06:15:00";"PR";369;143,2;"LONDRINA";"Condutor Dormindo";"Colisão lateral sentido oposto";"Com Vítimas Feridas";"Amanhecer";"Crescente";"Céu Claro";"Simples";"Reta";"Não";4;0;0;2;2;0;2;2;-23,292665;-51,093582;"SPRF-PR";"DEL07-PR";"UOP01-DEL07-PR"
465024;2022-07-31;"domingo";"05:30:00";"RS";116;114;"SAO MARCOS";"Transitar na contramão";"Colisão frontal";"Com Vítimas Feridas";"Amanhecer";"Decrescente";"Céu Claro";"Simples";"Reta";"Não";3;0;3;0;0;0;3;2;-28,96397179;-51,0753428;"SPRF-RS";"DEL05-RS";"UOP01-DEL05-RS"
465025;2022-07-31;"domingo";"00:10:00";"RJ";101;528;"ANGRA DOS REIS";"Velocidade Incompatível";"Saída de leito carroçável";"Com Vítimas Feridas";"Plena Noite";"Decrescente";"Nublado";"Simples";"Curva";"Não";3;0;1;1;1;0;2;1;-23,02314418;-44,50045173;"SPRF-RJ";"DEL03-RJ";"UOP03-DEL03-RJ"
465026;2022-07-31;"domingo";"04:30:00";"CE";20;58;"TAUA";"Ausência de reação do condutor";"Queda de ocupante de veículo";"Com Vítimas Feridas";"Amanhecer";"Crescente";"Céu Claro";"Simples";"Reta";"Não";1;0;0;1;0;0;1;1;-6,1366853;-40,46746964;"SPRF-CE";"DEL02-CE";"UOP02-DEL02-CE"
465027;2022-07-31;"domingo";"05:30:00";"RS";116;261;"CANOAS";"Ultrapassagem Indevida";"Colisão lateral mesmo sentido";"Sem Vítimas";"Amanhecer";"Crescente";"Nevoeiro/Neblina";"Dupla";"Reta";"Sim";2;0;0;0;1;1;0;2;-29,88799404;-51,17923401;"SPRF-RS";"DEL01-RS";"UOP01-DEL01-RS"
465031;2022-07-31;"domingo";"06:45:00";"CE";20;400,3;"CAUCAIA";"Condutor deixou de manter distância do veículo da frente";"Colisão lateral mesmo sentido";"Com Vítimas Feridas";"Amanhecer";"Decrescente";"Nublado";"Simples";"Reta";"Não";2;0;1;0;1;0;1;2;-3,79855422;-38,71579485;"SPRF-CE";"DEL01-CE";"UOP01-DEL01-CE"
465033;2022-07-31;"domingo";"06:15:00";"DF";70;0,4;"BRASILIA";"Reação tardia ou ineficiente do condutor";"Colisão com objeto";"Com Vítimas Feridas";"Amanhecer";"Crescente";"Céu Claro";"Dupla";"Declive;Reta";"Sim";2;0;1;0;1;0;1;2;-15,79337887;-48,05858731;"SPRF-DF";"DEL03-DF";"UOP02-DEL03-DF"
465034;2022-07-31;"domingo";"01:00:00";"BA";330;792;"JEQUIE";"Falta de elemento de contenção que evite a saída do leito carroçável";"Saída de leito carroçável";"Com Vítimas Feridas";"Plena Noite";"Decrescente";"Céu Claro";"Simples";"Reta";"Não";1;0;1;0;0;0;1;1;-13,9122441;-40,01406707;"SPRF-BA";"DEL03-BA";"UOP01-DEL03-BA"
465036;2022-07-31;"domingo";"06:50:00";"PE";101;49;"ABREU E LIMA";"Ausência de reação do condutor";"Colisão lateral mesmo sentido";"Com Vítimas Feridas";"Pleno dia";"Decrescente";"Céu Claro";"Múltipla";"Reta";"Sim";2;0;1;0;0;1;1;2;-7,9005152;-34,90180641;"SPRF-PE";"DEL01-PE";"UOP02-DEL01-PE"
465038;2022-07-30;"sábado";"05:15:00";"SC";480;124;"CHAPECO";"Velocidade Incompatível";"Colisão traseira";"Sem Vítimas";"Plena Noite";"Decrescente";"Céu Claro";"Dupla";"Reta";"Sim";6;0;0;0;6;0;0;2;-27,00359519;-52,64391044;"SPRF-SC";"DEL07-SC";"UOP01-DEL07-SC"
465039;2022-07-31;"domingo";"05:30:00";"RS";392;4,4;"RIO GRANDE";"Velocidade Incompatível";"Colisão traseira";"Sem Vítimas";"Plena Noite";"Decrescente";"Nevoeiro/Neblina";"Simples";"Reta";"Não";2;0;0;0;2;0;0;2;-32,06960295;-52,09547805;"SPRF-RS";"DEL07-RS";"UOP02-DEL07-RS"
465040;2022-07-31;"domingo";"06:30:00";"GO";50;120;"IPAMERI";"Demais falhas mecânicas ou elétricas";"Incêndio";"Sem Vítimas";"Amanhecer";"Decrescente";"Céu Claro";"Dupla";"Reta";"Não";1;0;0;0;1;0;0;1;-16,9309;-47,7117;"SPRF-GO";"DEL06-GO";"UOP01-DEL06-GO"
465041;2022-07-31;"domingo";"08:30:00";"GO";40;3;"VALPARAISO DE GOIAS";"Condutor deixou de manter distância do veículo da frente";"Colisão traseira";"Com Vítimas Feridas";"Pleno dia";"Crescente";"Céu Claro";"Dupla";"Reta";"Sim";3;0;2;0;1;0;2;2;-16,076081;-47,985671;"SPRF-DF";"DEL01-DF";"UOP01-DEL01-DF"
465042;2022-07-31;"domingo";"07:55:00";"SP";381;43,2;"ATIBAIA";"Afundamento ou ondulação no pavimento";"Colisão com objeto";"Com Vítimas Feridas";"Pleno dia";"Crescente";"Céu Claro";"Dupla";"Reta";"Sim";1;0;1;0;0;0;1;1;-23,15597105;-46,5740155;"SPRF-SP";"DEL03-SP";"UOP01-DEL03-SP"
465043;2022-07-31;"domingo";"07:00:00";"GO";70;3;"AGUAS LINDAS DE GOIAS";"Velocidade Incompatível";"Capotamento";"Sem Vítimas";"Pleno dia";"Crescente";"Céu Claro";"Múltipla";"Reta";"Sim";1;0;0;0;0;1;0;1;-15,76177302;-48,2368693;"SPRF-DF";"DEL03-DF";"UOP02-DEL03-DF"
465044;2022-07-31;"domingo";"03:00:00";"MG";40;548;"NOVA LIMA";"Condutor Dormindo";"Saída de leito carroçável";"Com Vítimas Feridas";"Plena Noite";"Crescente";"Céu Claro";"Dupla";"Curva";"Sim";1;0;1;0;0;0;1;1;-20,038663;-43,968307;"SPRF-MG";"DEL01-MG";"UOP02-DEL01-MG"
465045;2022-07-31;"domingo";"08:30:00";"MG";40;555;"NOVA LIMA";"Velocidade Incompatível";"Colisão com objeto";"Sem Vítimas";"Pleno dia";"Crescente";"Céu Claro";"Múltipla";"Viaduto";"Não";1;0;0;0;0;1;0;1;-20,08472706;-43,97697012;"SPRF-MG";"DEL01-MG";"UOP02-DEL01-MG"
465047;2022-07-31;"domingo";"07:30:00";"RO";364;424,4;"JARU";"Acessar a via sem observar a presença dos outros veículos";"Colisão transversal";"Com Vítimas Feridas";"Pleno dia";"Decrescente";"Céu Claro";"Simples";"Declive";"Sim";2;0;0;1;0;1;1;2;-10,43991301;-62,46930242;"SPRF-RO";"DEL03-RO";"UOP02-DEL03-RO"