"id";"data_inversa";"dia_semana";"horario";"uf";"br";"km";"municipio";"causa_acidente";"tipo_acidente";"classificacao_acidente";"fase_dia";"sentido_via";"condicao_metereologica";"tipo_pista";"tracado_via";"uso_solo";"pessoas";"mortos";"feridos_leves";"feridos_graves";"ilesos";"ignorados";"feridos";"veiculos";"latitude";"longitude";"regional";"delegacia";"uop"
465048;2022-07-31;"domingo";"08:50:00";"BA";116;544;"MILAGRES";"Transitar no acostamento";"Tombamento";"Com Vítimas Feridas";"Pleno dia";"Crescente";"Céu Claro";"Simples";"Reta";"Não";1;0;1;0;0;0;1;1;-12,8555058;-39,8474192;"SPRF-BA";"DEL03-BA";"UOP02-DEL03-BA"
465049;2022-07-31;"domingo";"07:20:00";"RS";285;324,7;"CARAZINHO";"Condutor Dormindo";"Saída de leito carroçável";"Sem Vítimas";"Amanhecer";"Crescente";"Céu Claro";"Simples";"Reta";"Não";1;0;0;0;0;1;0;1;-28,269268;-52,659126;"SPRF-RS";"DEL08-RS";"UOP03-DEL08-RS"
465052;2022-04-10;"domingo";"09:30:00";"MG";262;443;"NOVA SERRANA";"Pedestre cruzava a pista fora da faixa";"Atropelamento de Pedestre";"Com Vítimas Feridas";"Pleno dia";"Decrescente";"Céu Claro";"Dupla";"Reta";"Sim";3;0;0;1;1;1;1;2;-19,87454987;-44,96298015;"SPRF-MG";"DEL08-MG";"UOP03-DEL08-MG"
465053;2022-07-31;"domingo";"09:15:00";"MG";381;526,8;"BRUMADINHO";"Velocidade Incompatível";"Queda de ocupante de veículo";"Com Vítimas Feridas";"Amanhecer";"Crescente";"Céu Claro";"Dupla";"Curva";"Não";1;0;1;0;0;0;1;1;-20,16175378;-44,34144636;"SPRF-MG";"DEL04-MG";"UOP03-DEL04-MG"
465054;2022-07-31;"domingo";"08:30:00";"MG";153;239;"FRONTEIRA";"Desrespeitar a preferência no cruzamento";"Colisão transversal";"Com Vítimas Feridas";"Pleno dia";"Decrescente";"Céu Claro";"Simples";"Aclive;Reta";"Sim";3;0;1;0;2;0;1;2;-20,29847332;-49,20614844;"SPRF-MG";"DEL13-MG";"UOP02-DEL13-MG"
465055;2022-07-31;"domingo";"09:45:00";"RS";116;268;"CANOAS";"Manobra de mudança de faixa";"Colisão transversal";"Com Vítimas Feridas";"Pleno dia";"Decrescente";"Sol";"Dupla";"Reta";"Sim";6;0;1;1;4;0;2;2;-29,95042502;-51,17652939;"SPRF-RS";"DEL01-RS";"UOP01-DEL01-RS"
465056;2022-07-31;"domingo";"09:16:00";"RJ";101;282,9;"ITABORAI";"Velocidade Incompatível";"Colisão com objeto";"Com Vítimas Feridas";"Pleno dia";"Crescente";"Nublado";"Dupla";"Curva;Aclive";"Sim";2;0;1;1;0;0;2;1;-22,7371391;-42,79664601;"SPRF-RJ";"DEL02-RJ";"UOP02-DEL02-RJ"
465057;2022-07-31;"domingo";"10:15:00";"ES";262;38;"DOMINGOS MARTINS";"Desrespeitar a preferência no cruzamento";"Colisão transversal";"Com Vítimas Feridas";"Pleno dia";"Decrescente";"Céu Claro";"Simples";"Interseção de Vias";"Não";4;0;2;0;2;0;2;2;-20,38085315;-40,62068704;"SPRF-ES";"DEL01-ES";"UOP01-DEL01-ES"
465060;2022-07-31;"domingo";"10:15:00";"GO";153;503;"APARECIDA DE GOIANIA";"Condutor deixou de manter distância do veículo da frente";"Colisão traseira";"Com Vítimas Feridas";"Pleno dia";"Crescente";"Céu Claro";"Dupla";"Reta";"Sim";1;0;0;1;0;0;1;1;-16,7366;-49,243;"SPRF-GO";"DEL01-GO";"UOP01-DEL01-GO"
465061;2022-07-31;"domingo";"10:15:00";"SC";101;142,3;"ITAPEMA";"Condutor deixou de manter distância do veículo da frente";"Colisão traseira";"Com Vítimas Feridas";"Pleno dia";"Decrescente";"Céu Claro";"Dupla";"Curva";"Sim";2;0;0;1;1;0;1;2;-27,056089;-48,599449;"SPRF-SC";"DEL04-SC";"UOP03-DEL04-SC"
465062;2022-07-31;"domingo";"02:30:00";"MT";70;808,8;"CACERES";"Condutor Dormindo";"Saída de leito carroçável";"Com Vítimas Feridas";"Plena Noite";"Crescente";"Céu Claro";"Simples";"Reta";"Não";1;0;1;0;0;0;1;1;-16,21813024;-58,08575082;"SPRF-MT";"DEL03-MT";"UOP01-DEL03-MT"
465063;2022-06-29;"quarta-feira";"12:20:00";"SP";116;297;"ITAPECERICA DA SERRA";"Ausência de reação do condutor";"Queda de ocupante de veículo";"Com Vítimas Feridas";"Pleno dia";"Crescente";"Céu Claro";"Dupla";"Curva";"Não";1;0;1;0;0;0;1;1;-23,78323219;-46,91437053;"SPRF-SP";"DEL04-SP";"UOP01-DEL04-SP"
465064;2022-07-31;"domingo";"10:00:00";"MG";381;396;"BOM JESUS DO AMPARO";"Acesso irregular";"Colisão transversal";"Com Vítimas Feridas";"Pleno dia";"Crescente";"Céu Claro";"Dupla";"Curva";"Não";4;0;0;2;0;2;2;3;-19,74873228;-43,48895304;"SPRF-MG";"DEL01-MG";"UOP01-DEL01-MG"
465066;2022-07-31;"domingo";"09:30:00";"PA";230;123,7;"MARABA";"Transitar na contramão";"Atropelamento de Pedestre";"Com Vítimas Feridas";"Pleno dia";"Decrescente";"Nublado";"Dupla";"Reta";"Sim";2;0;0;1;1;0;1;2;-5,36838526;-49,12886078;"SPRF-PA";"DEL03-PA";"UOP01-DEL03-PA"
465067;2022-07-31;"domingo";"10:45:00";"SC";101;84,1;"BARRA VELHA";"Demais falhas mecânicas ou elétricas";"Queda de ocupante de veículo";"Com Vítimas Feridas";"Pleno dia";"Crescente";"Sol";"Dupla";"Reta;Aclive";"Sim";1;0;1;0;0;0;1;1;-26,62404682;-48,71394986;"SPRF-SC";"DEL03-SC";"UOP02-DEL03-SC"
465070;2022-07-31;"domingo";"08:10:00";"PB";230;509,6;"CAJAZEIRAS";"Manobra de mudança de faixa";"Colisão transversal";"Com Vítimas Feridas";"Pleno dia";"Decrescente";"Céu Claro";"Simples";"Reta";"Não";3;0;0;1;2;0;1;3;-6,8931;-38,5804;"SPRF-PB";"DEL03-PB";"UOP03-DEL03-PB"
465073;2022-07-31;"domingo";"12:04:00";"GO";40;15;"LUZIANIA";"Mal súbito do condutor";"Colisão traseira";"Com Vítimas Feridas";"Pleno dia";"Decrescente";"Céu Claro";"Dupla";"Reta";"Sim";4;0;0;1;3;0;1;2;-16,1671;-47,930161;"SPRF-DF";"DEL01-DF";"UOP01-DEL01-DF"
465074;2022-07-30;"sábado";"04:25:00";"RO";364;377,6;"OURO PRETO DO OESTE";"Ingestão de álcool pelo condutor";"Colisão frontal";"Com Vítimas Feridas";"Plena Noite";"Crescente";"Céu Claro";"Dupla";"Reta";"Não";4;0;1;0;3;0;1;3;-10,74224707;-62,21179962;"SPRF-RO";"DEL02-RO";"UOP01-DEL02-RO"
465076;2022-06-13;"segunda-feira";"18:10:00";"RJ";101;484,5;"ANGRA DOS REIS";"Ausência de reação do condutor";"Colisão frontal";"Com Vítimas Fatais";"Plena Noite";"Crescente";"Céu Claro";"Simples";"Reta";"Sim";4;1;2;0;1;0;2;3;-22,99096308;-44,30429882;"SPRF-RJ";"DEL03-RJ";"UOP03-DEL03-RJ"
465077;2022-07-31;"domingo";"12:40:00";"RS";116;237;"NOVO HAMBURGO";"Reação tardia ou ineficiente do condutor";"Colisão com objeto";"Com Vítimas Feridas";"Pleno dia";"Crescente";"Céu Claro";"Dupla";"Reta";"Sim";1;0;1;0;0;0;1;1;-29,67839398;-51,1422266;"SPRF-RS";"DEL01-RS";"UOP02-DEL01-RS"
465078;2022-07-31;"domingo";"12:00:00";"MG";381;744;"TRES CORACOES";"Condutor Dormindo";"Saída de leito carroçável";"Com Vítimas Feridas";"Pleno dia";"Decrescente";"Sol";"Dupla";"Reta";"Não";2;0;1;0;1;0;1;1;-21,63153073;-45,27650319;"SPRF-MG";"DEL16-MG";"UOP02-DEL16-MG"
465080;2022-07-31;"domingo";"12:20:00";"PE";232;68,6;"GRAVATA";"Condutor deixou de manter distância do veículo da frente";"Colisão traseira";"Com Vítimas Feridas";"Pleno dia";"Decrescente";"Céu Claro";"Dupla";"Curva";"Não";2;0;1;0;1;0;1;2;-8,16728938;-35,47308397;"SPRF-PE";"DEL02-PE";"UOP02-DEL02PE"
465081;2022-07-31;"domingo";"11:56:00";"RN";101;138;"ARES";"Ingestão de álcool pelo condutor";"Saída de leito carroçável";"Com Vítimas Feridas";"Pleno dia";"Decrescente";"Chuva";"Dupla";"Reta";"Não";2;0;1;1;0;0;2;1;-6,1884521;-35,2132263;"SPRF-RN";"DEL01-RN";"UOP01-DEL01-RN"
465082;2022-07-31;"domingo";"13:00:00";"SP";116;108;"TAUBATE";"Condutor deixou de manter distância do veículo da frente";"Colisão traseira";"Com Vítimas Feridas";"Pleno dia";"Crescente";"Céu Claro";"Dupla";"Reta";"Sim";2;0;0;1;1;0;1;2;-23,0233097;-45,53763622;"SPRF-SP";"DEL08-SP";"UOP01-DEL08-SP"
465083;2022-07-31;"domingo";"12:50:00";"DF";20;23;"BRASILIA";"Avarias e/ou desgaste excessivo no pneu";"Capotamento";"Com Vítimas Feridas";"Pleno dia";"Crescente";"Céu Claro";"Dupla";"Declive;Reta";"Não";1;0;1;0;0;0;1;1;-15,595297;-47,667912;"SPRF-DF";"DEL02-DF";"UOP01-DEL02-DF"
465085;2022-07-28;"quinta-feira";"00:01:00";"RS";116;249;"SAO LEOPOLDO";"Mal súbito do condutor";"Colisão frontal";"Com Vítimas Feridas";"Plena Noite";"Crescente";"Nublado";"Simples";"Reta";"Sim";2;0;1;0;1;0;1;1;-29,7831804;-51,16099063;"SPRF-RS";"DEL01-RS";"UOP02-DEL01-RS"
465086;2022-07-31;"domingo";"12:00:00";"AL";104;35;"UNIAO DOS PALMARES";"Acessar a via sem observar a presença dos outros veículos";"Colisão transversal";"Com Vítimas Feridas";"Pleno dia";"Decrescente";"Céu Claro";"Simples";"Reta";"Sim";2;0;0;1;1;0;1;2;-9,1616676;-36,01701171;"SPRF-AL";"DEL01-AL";"UOP02-DEL01-AL"
465087;2022-07-31;"domingo";"13:20:00";"SP";116;146;"SAO JOSE DOS CAMPOS";"Manobra de mudança de faixa";"Capotamento";"Com Vítimas Feridas";"Pleno dia";"Decrescente";"Céu Claro";"Dupla";"Reta;Declive";"Sim";1;0;1;0;0;0;1;1;-23,19122919;-45,86327591;"SPRF-SP";"DEL02-SP";"UOP01-DEL02-SP"
465088;2022-07-31;"domingo";"13:30:00";"BA";116;829;"VITORIA DA CONQUISTA";"Acessar a via sem observar a presença dos outros veículos";"Tombamento";"Com Vítimas Feridas";"Pleno dia";"Decrescente";"Céu Claro";"Simples";"Reta";"Não";1;0;1;0;0;0;1;1;-14,905018;-40,871182;"SPRF-BA";"DEL08-BA";"UOP01-DEL08-BA"
465089;2022-07-31;"domingo";"11:50:00";"MG";381;897,5;"CAMBUI";"Velocidade Incompatível";"Colisão traseira";"Com Vítimas Fatais";"Pleno dia";"Crescente";"Céu Claro";"Dupla";"Reta";"Sim";3;1;0;1;0;1;1;3;-22,63961103;-46,08077997;"SPRF-MG";"DEL16-MG";"UOP03-DEL16-MG"
465090;2022-07-31;"domingo";"14:00:00";"RJ";116;126;"MAGE";"Condutor deixou de manter distância do veículo da frente";"Colisão traseira";"Com Vítimas Feridas";"Pleno dia";"Crescente";"Nublado";"Dupla";"Reta";"Não";3;0;1;0;2;0;1;2;-22,65489354;-43,08636526;"SPRF-RJ";"DEL04-RJ";"UOP02-DEL04-RJ"
465091;2022-07-31;"domingo";"14:25:00";"GO";70;3,7;"AGUAS LINDAS DE GOIAS";"Ausência de reação do condutor";"Colisão traseira";"Com Vítimas Feridas";"Pleno dia";"Decrescente";"Céu Claro";"Múltipla";"Reta";"Sim";2;0;0;1;1;0;1;2;-15,76177302;-48,2368693;"SPRF-DF";"DEL03-DF";"UOP02-DEL03-DF"
465092;2022-07-31;"domingo";"13:30:00";"SP";459;22,8;"LORENA";"Reação tardia ou ineficiente do condutor";"Colisão transversal";"Com Vítimas Feridas";"Pleno dia";"Crescente";"Céu Claro";"Simples";"Reta";"Não";2;0;0;1;1;0;1;2;-22,663296;-45,142551;"SPRF-SP";"DEL08-SP";"UOP02-DEL08-SP"
465093;2022-07-31;"domingo";"13:20:00";"BA";367;29;"PORTO SEGURO";"Acessar a via sem observar a presença dos outros veículos";"Colisão transversal";"Com Vítimas Feridas";"Pleno dia";"Crescente";"Chuva";"Simples";"Interseção de Vias";"Não";6;0;2;0;4;0;2;2;-16,41760283;-39,10888793;"SPRF-BA";"DEL09-BA";"UOP03-DEL09-BA"
465095;2022-07-31;"domingo";"13:30:00";"GO";60;224,2;"CEZARINA";"Acesso irregular";"Colisão lateral mesmo sentido";"Com Vítimas Feridas";"Pleno dia";"Decrescente";"Céu Claro";"Dupla";"Reta";"Não";1;0;0;1;0;0;1;1;-17,0148;-49,7762;"SPRF-GO";"DEL01-GO";"UOP02-DEL01-GO"
465096;2022-07-31;"domingo";"15:01:00";"GO";40;11;"LUZIANIA";"Manobra de mudança de faixa";"Colisão traseira";"Com Vítimas Feridas";"Pleno dia";"Decrescente";"Céu Claro";"Dupla";"Reta";"Sim";3;0;2;0;0;1;2;2;-16,138336;-47,951644;"SPRF-DF";"DEL01-DF";"UOP01-DEL01-DF"
465097;2022-07-31;"domingo";"11:30:00";"RO";364;363;"JI-PARANA";"Demais falhas mecânicas ou elétricas";"Colisão lateral mesmo sentido";"Sem Vítimas";"Pleno dia";"Crescente";"Céu Claro";"Simples";"Aclive";"Não";1;0;0;0;1;0;0;1;-10,77534003;-62,083405;"SPRF-RO";"DEL02-RO";"UOP01-DEL02-RO"
465098;2022-07-31;"domingo";"14:15:00";"PR";376;257,2;"CALIFORNIA";"Reação tardia ou ineficiente do condutor";"Colisão com objeto";"Sem Vítimas";"Pleno dia";"Decrescente";"Céu Claro";"Simples";"Reta";"Sim";6;0;0;0;5;1;0;2;-23,66277;-51,36604;"SPRF-PR";"DEL07-PR";"UOP03-DEL07-PR"
465099;2022-07-31;"domingo";"15:00:00";"SC";101;207,5;"SAO JOSE";"Manobra de mudança de faixa";"Colisão lateral mesmo sentido";"Com Vítimas Feridas";"Pleno dia";"Crescente";"Céu Claro";"Múltipla";"Aclive";"Sim";3;0;1;0;2;0;1;2;-27,60001226;-48,6226467;"SPRF-SC";"DEL01-SC";"UOP01-DEL01-SC"
465100;2022-07-31;"domingo";"13:50:00";"MG";40;276;"TRES MARIAS";"Acessar a via sem observar a presença dos outros veículos";"Colisão lateral mesmo sentido";"Com Vítimas Feridas";"Pleno dia";"Decrescente";"Céu Claro";"Simples";"Declive";"Sim";6;0;2;1;3;0;3;2;-18,20602828;-45,23123233;"SPRF-MG";"DEL14-MG";"UOP02-DEL14-MG"
465101;2022-07-31;"domingo";"15:20:00";"BA";101;612;"MASCOTE";"Reação tardia ou ineficiente do condutor";"Saída de leito carroçável";"Com Vítimas Feridas";"Pleno dia";"Crescente";"Nublado";"Simples";"Curva;Aclive";"Não";1;0;1;0;0;0;1;1;-15,591195;-39,426657;"SPRF-BA";"DEL05-BA";"UOP02-DEL05-BA"
465102;2022-07-31;"domingo";"15:10:00";"MG";116;763;"LEOPOLDINA";"Condutor deixou de manter distância do veículo da frente";"Colisão traseira";"Com Vítimas Feridas";"Pleno dia";"Crescente";"Céu Claro";"Simples";"Reta";"Sim";5;0;1;0;4;0;1;2;-21,52635545;-42,63256914;"SPRF-MG";"DEL07-MG";"UOP01-DEL07-MG"
465103;2022-06-23;"quinta-feira";"06:05:00";"MG";381;480;"CONTAGEM";"Acessar a via sem observar a presença dos outros veículos";"Colisão traseira";"Com Vítimas Feridas";"Pleno dia";"Decrescente";"Céu Claro";"Dupla";"Curva";"Sim";2;0;1;0;1;0;1;2;-19,95749597;-44,07899901;"SPRF-MG";"DEL01-MG";"UOP03-DEL01-MG"
465104;2022-07-31;"domingo";"15:45:00";"GO";60;47;"ABADIANIA";"Velocidade Incompatível";"Tombamento";"Com Vítimas Feridas";"Pleno dia";"Decrescente";"Céu Claro";"Dupla";"Curva";"Não";1;0;0;1;0;0;1;1;-16,1464;-48,6047;"SPRF-GO";"DEL02-GO";"UOP01-DEL02-GO"
465105;2022-07-31;"domingo";"15:50:00";"MG";40;445;"PARAOPEBA";"Condutor Dormindo";"Saída de leito carroçável";"Com Vítimas Feridas";"Pleno dia";"Decrescente";"Céu Claro";"Dupla";"Reta";"Não";5;0;3;0;2;0;3;1;-19,2891702;-44,4002366;"SPRF-MG";"DEL02-MG";"UOP01-DEL02-MG"
465106;2022-07-31;"domingo";"15:40:00";"PR";277;586;"CASCAVEL";"Desrespeitar a preferência no cruzamento";"Colisão transversal";"Com Vítimas Feridas";"Pleno dia";"Crescente";"Céu Claro";"Simples";"Interseção de Vias";"Sim";2;0;1;0;1;0;1;2;-24,9649472;-53,4210459;"SPRF-PR";"DEL04-PR";"UOP01-DEL04-PR"
465107;2022-07-31;"domingo";"16:15:00";"RS";386;342,7;"LAJEADO";"Ausência de reação do condutor";"Colisão traseira";"Com Vítimas Feridas";"Pleno dia";"Crescente";"Céu Claro";"Simples";"Reta;Interseção de Vias";"Sim";7;0;2;0;4;1;2;3;-29,43448656;-52,00487852;"SPRF-RS";"DEL04-RS";"UOP01-DEL04-RS"
465108;2022-07-31;"domingo";"16:15:00";"SP";116;226;"SAO PAULO";"Demais falhas mecânicas ou elétricas";"Tombamento";"Com Vítimas Feridas";"Pleno dia";"Crescente";"Céu Claro";"Múltipla";"Reta";"Sim";2;0;2;0;0;0;2;1;-23,49102507;-46,54878195;"SPRF-SP";"DEL01-SP";"UOP01-DEL01-SP"
465109;2022-07-31;"domingo";"15:30:00";"GO";50;174,3;"CAMPO ALEGRE DE GOIAS";"Condutor Dormindo";"Saída de leito carroçável";"Com Vítimas Feridas";"Pleno dia";"Decrescente";"Sol";"Dupla";"Reta";"Não";1;0;1;0;0;0;1;1;-17,3632;-47,7889;"SPRF-GO";"DEL06-GO";"UOP01-DEL06-GO"
465110;2022-07-31;"domingo";"14:20:00";"MA";135;43,7;"BACABEIRA";"Condutor deixou de manter distância do veículo da frente";"Colisão traseira";"Com Vítimas Feridas";"Pleno dia";"Crescente";"Chuva";"Dupla";"Reta";"Sim";7;0;1;0;6;0;1;2;-2,9178575;-44,34673274;"SPRF-MA";"DEL01-MA";"UOP01-DEL01-MA"
465111;2022-07-31;"domingo";"15:45:00";"MS";262;302;"CAMPO GRANDE";"Reação tardia ou ineficiente do condutor";"Colisão com objeto";"Com Vítimas Feridas";"Pleno dia";"Decrescente";"Céu Claro";"Simples";"Reta";"Não";4;0;1;1;2;0;2;1;-20,49529406;-54,31266099;"SPRF-MS";"DEL01-MS";"UOP01-DEL01-MS"
465113;2022-07-31;"domingo";"16:40:00";"MG";381;685,2;"RIBEIRAO VERMELHO";"Ausência de reação do condutor";"Colisão traseira";"Com Vítimas Feridas";"Pleno dia";"Crescente";"Céu Claro";"Dupla";"Declive;Reta";"Não";3;0;2;0;1;0;2;2;-21,164793;-45,12531281;"SPRF-MG";"DEL04-MG";"UOP02-DEL04-MG"
465116;2022-07-31;"domingo";"16:40:00";"PR";373;476,6;"CORONEL VIVIDA";"Ultrapassagem Indevida";"Colisão traseira";"Sem Vítimas";"Pleno dia";"Crescente";"Céu Claro";"Simples";"Aclive;Reta";"Não";6;0;0;0;6;0;0;2;-25,98091;-52,54068;"SPRF-PR";"DEL02-PR";"UOP01-DEL02-PR"
465118;2022-07-31;"domingo";"17:00:00";"MG";262;648;"IBIA";"Retorno proibido";"Colisão transversal";"Com Vítimas Feridas";"Pleno dia";"Crescente";"Céu Claro";"Simples";"Reta";"Não";2;0;0;1;1;0;1;2;-19,58540745;-46,61736987;"SPRF-MG";"DEL08-MG";"UOP01-DEL08-MG"
465119;2022-07-31;"domingo";"17:00:00";"MG";40;403;"CURVELO";"Velocidade Incompatível";"Saída de leito carroçável";"Com Vítimas Feridas";"Pleno dia";"Crescente";"Céu Claro";"Simples";"Reta";"Não";1;0;0;1;0;0;1;1;-19,05632901;-44,65393117;"SPRF-MG";"DEL02-MG";"UOP01-DEL02-MG"
465120;2022-07-31;"domingo";"17:00:00";"PR";277;64;"SAO JOSE DOS PINHAIS";"Condutor deixou de manter distância do veículo da frente";"Engavetamento";"Com Vítimas Feridas";"Pleno dia";"Crescente";"Sol";"Dupla";"Reta";"Não";5;0;2;0;3;0;2;3;-25,55703867;-49,02612685;"SPRF-PR";"DEL01-PR";"UOP01-DEL01-PR"
465121;2022-07-31;"domingo";"16:10:00";"MG";365;404;"PATOS DE MINAS";"Demais falhas mecânicas ou elétricas";"Capotamento";"Com Vítimas Feridas";"Pleno dia";"Crescente";"Sol";"Simples";"Declive";"Não";4;0;0;4;0;0;4;1;-18,63229053;-46,47393998;"SPRF-MG";"DEL10-MG";"UOP01-DEL10-MG"
465122;2022-07-31;"domingo";"17:40:00";"SP";116;229;"SAO PAULO";"Objeto estático sobre o leito carroçável";"Eventos atípicos";"Com Vítimas Feridas";"Anoitecer";"Crescente";"Céu Claro";"Múltipla";"Reta";"Sim";3;0;1;0;2;0;1;2;-23,51244288;-46,57638973;"SPRF-SP";"DEL01-SP";"UOP01-DEL01-SP"
465124;2022-07-31;"domingo";"16:30:00";"MG";381;500,9;"BETIM";"Ausência de reação do condutor";"Colisão traseira";"Com Vítimas Feridas";"Pleno dia";"Decrescente";"Sol";"Dupla";"Reta";"Sim";3;0;1;0;2;0;1;2;-20,02513493;-44,23112709;"SPRF-MG";"DEL01-MG";"UOP03-DEL01-MG"
465125;2022-07-31;"domingo";"17:15:00";"MG";50;196;"DELTA";"Reação tardia ou ineficiente do condutor";"Tombamento";"Com Vítimas Feridas";"Pleno dia";"Crescente";"Céu Claro";"Dupla";"Reta";"Não";2;0;1;1;0;0;2;1;-19,90299194;-47,83783491;"SPRF-MG";"DEL13-MG";"UOP01-DEL13-MG"
465126;2022-07-31;"domingo";"18:05:00";"SP";116;229;"SAO PAULO";"Reação tardia ou ineficiente do condutor";"Engavetamento";"Sem Vítimas";"Plena Noite";"Crescente";"Nublado";"Múltipla";"Reta";"Sim";4;0;0;0;4;0;0;3;-23,51291902;-46,57604698;"SPRF-SP";"DEL01-SP";"UOP01-DEL01-SP"
465127;2022-07-31;"domingo";"18:15:00";"GO";60;60,5;"ABADIANIA";"Acessar a via sem observar a presença dos outros veículos";"Colisão transversal";"Sem Vítimas";"Plena Noite";"Decrescente";"Céu Claro";"Dupla";"Reta";"Sim";6;0;0;0;6;0;0;2;-16,1905;-48,7026;"SPRF-GO";"DEL02-GO";"UOP01-DEL02-GO"
465128;2022-07-31;"domingo";"18:22:00";"PB";230;11;"CABEDELO";"Ultrapassagem Indevida";"Colisão lateral mesmo sentido";"Com Vítimas Feridas";"Plena Noite";"Decrescente";"Nublado";"Múltipla";"Reta";"Não";3;0;1;1;1;0;2;2;-7,0596;-34,8506;"SPRF-PB";"DEL01-PB";"UOP01-DEL01-PB"
465129;2022-07-31;"domingo";"18:20:00";"SP";101;51;"UBATUBA";"Transitar na contramão";"Colisão frontal";"Com Vítimas Feridas";"Anoitecer";"Crescente";"Céu Claro";"Simples";"Reta";"Sim";3;0;1;0;1;1;1;2;-23,45627795;-45,07111896;"SPRF-SP";"DEL06-SP";"UOP01-DEL06-SP"
465131;2022-07-31;"domingo";"18:00:00";"PB";230;18,8;"JOAO PESSOA";"Chuva";"Colisão com objeto";"Sem Vítimas";"Anoitecer";"Decrescente";"Chuva";"Dupla";"Curva";"Sim";1;0;0;0;1;0;0;1;-7,1198;-34,8453;"SPRF-PB";"DEL01-PB";"UOP01-DEL01-PB"
465132;2022-07-31;"domingo";"18:15:00";"SC";101;105;"PENHA";"Reação tardia ou ineficiente do condutor";"Queda de ocupante de veículo";"Com Vítimas Feridas";"Plena Noite";"Crescente";"Céu Claro";"Dupla";"Curva";"Não";2;0;1;0;1;0;1;1;-26,80215497;-48,67891041;"SPRF-SC";"DEL03-SC";"UOP02-DEL03-SC"
465133;2022-07-31;"domingo";"18:20:00";"SP";116;283,1;"EMBU DAS ARTES";"Ausência de reação do condutor";"Colisão lateral mesmo sentido";"Com Vítimas Feridas";"Anoitecer";"Decrescente";"Céu Claro";"Dupla";"Reta";"Sim";2;0;2;0;0;0;2;2;-23,69297005;-46,86352786;"SPRF-SP";"DEL04-SP";"UOP01-DEL04-SP"
465134;2022-07-31;"domingo";"17:00:00";"MT";364;202;"RONDONOPOLIS";"Manobra de mudança de faixa";"Colisão lateral mesmo sentido";"Com Vítimas Feridas";"Plena Noite";"Decrescente";"Céu Claro";"Dupla";"Reta";"Não";2;0;1;0;1;0;1;2;-16,48347324;-54,64970354;"SPRF-MT";"DEL02-MT";"UOP01-DEL02-MT"
465135;2022-07-31;"domingo";"18:30:00";"SP";153;87,4;"MIRASSOL";"Reação tardia ou ineficiente do condutor";"Colisão traseira";"Sem Vítimas";"Anoitecer";"Decrescente";"Céu Claro";"Simples";"Aclive";"Não";2;0;0;0;2;0;0;2;-20,946961;-49,538176;"SPRF-SP";"DEL09-SP";"UOP01-DEL09-SP"
465136;2022-07-31;"domingo";"17:47:00";"MS";163;259,7;"DOURADOS";"Pedestre cruzava a pista fora da faixa";"Atropelamento de Pedestre";"Com Vítimas Fatais";"Anoitecer";"Crescente";"Céu Claro";"Dupla";"Reta";"Sim";3;1;0;0;1;1;0;2;-22,25258409;-54,77697385;"SPRF-MS";"DEL04-MS";"UOP01-DEL04-MS"
465137;2022-07-31;"domingo";"18:00:00";"MG";40;510;"RIBEIRAO DAS NEVES";"Manobra de mudança de faixa";"Colisão transversal";"Com Vítimas Feridas";"Anoitecer";"Crescente";"Céu Claro";"Dupla";"Reta";"Sim";3;0;2;0;1;0;2;2;-19,779316;-44,120225;"SPRF-MG";"DEL01-MG";"UOP02-DEL01-MG"
465140;2022-07-31;"domingo";"18:00:00";"DF";20;9;"BRASILIA";"Velocidade Incompatível";"Saída de leito carroçável";"Com Vítimas Feridas";"Pleno dia";"Decrescente";"Céu Claro";"Dupla";"Curva";"Sim";1;0;1;0;0;0;1;1;-15,654671;-47,782917;"SPRF-DF";"DEL02-DF";"UOP01-DEL02-DF"
465141;2022-07-31;"domingo";"17:40:00";"MG";365;611;"UBERLANDIA";"Ausência de reação do condutor";"Colisão traseira";"Com Vítimas Feridas";"Pleno dia";"Crescente";"Céu Claro";"Dupla";"Reta";"Não";3;0;2;0;1;0;2;2;-18,92641;-48,19601;"SPRF-MG";"DEL15-MG";"UOP01-DEL15-MG"
465143;2022-07-31;"domingo";"18:25:00";"SC";101;150;"ITAPEMA";"Acessar a via sem observar a presença dos outros veículos";"Colisão lateral mesmo sentido";"Com Vítimas Feridas";"Anoitecer";"Crescente";"Céu Claro";"Dupla";"Reta";"Sim";3;0;0;1;2;0;1;2;-27,11744799;-48,60940987;"SPRF-SC";"DEL04-SC";"UOP03-DEL04-SC"
465145;2022-07-31;"domingo";"18:15:00";"RS";290;126;"ELDORADO DO SUL";"Transitar na contramão";"Colisão transversal";"Com Vítimas Feridas";"Plena Noite";"Crescente";"Céu Claro";"Simples";"Reta";"Não";6;0;4;2;0;0;6;2;-30,055727;-51,46933;"SPRF-RS";"DEL02-RS";"UOP01-DEL02-RS"
465147;2022-07-31;"domingo";"18:45:00";"PR";277;344;"GUARAPUAVA";"Ingestão de álcool pelo condutor";"Colisão com objeto";"Com Vítimas Feridas";"Plena Noite";"Crescente";"Céu Claro";"Simples";"Reta";"Sim";2;0;1;0;1;0;1;2;-25,33928412;-51,42880296;"SPRF-PR";"DEL08-PR";"UOP01-DEL08-PR"
465148;2022-07-31;"domingo";"19:30:00";"SP";101;46,9;"UBATUBA";"Conversão proibida";"Colisão transversal";"Com Vítimas Feridas";"Plena Noite";"Crescente";"Céu Claro";"Simples";"Declive";"Sim";2;0;1;0;1;0;1;2;-23,429897;-45,082436;"SPRF-SP";"DEL06-SP";"UOP01-DEL06-SP"