"id";"data_inversa";"dia_semana";"horario";"uf";"br";"km";"municipio";"causa_acidente";"tipo_acidente";"classificacao_acidente";"fase_dia";"sentido_via";"condicao_metereologica";"tipo_pista";"tracado_via";"uso_solo";"pessoas";"mortos";"feridos_leves";"feridos_graves";"ilesos";"ignorados";"feridos";"veiculos";"latitude";"longitude";"regional";"delegacia";"uop"
465390;2022-08-01;"segunda-feira";"18:30:00";"RS";116;267;"CANOAS";"Reação tardia ou ineficiente do condutor";"Colisão traseira";"Com Vítimas Feridas";"Anoitecer";"Crescente";"Céu Claro";"Dupla";"Reta";"Sim";3;0;1;0;2;0;1;3;-29,94142398;-51,17697062;"SPRF-RS";"DEL01-RS";"UOP01-DEL01-RS"
465391;2022-08-01;"segunda-feira";"18:45:00";"GO";60;187;"GUAPO";"Reação tardia ou ineficiente do condutor";"Queda de ocupante de veículo";"Com Vítimas Feridas";"Plena Noite";"Crescente";"Céu Claro";"Dupla";"Reta";"Não";1;0;0;1;0;0;1;1;-16,8068;-49,5257;"SPRF-GO";"DEL01-GO";"UOP02-DEL01-GO"
465392;2022-08-01;"segunda-feira";"19:00:00";"SC";101;108;"PENHA";"Avarias e/ou desgaste excessivo no pneu";"Queda de ocupante de veículo";"Com Vítimas Feridas";"Plena Noite";"Decrescente";"Céu Claro";"Múltipla";"Aclive";"Não";1;0;1;0;0;0;1;1;-26,82606902;-48,69052298;"SPRF-SC";"DEL03-SC";"UOP02-DEL03-SC"
465393;2022-08-01;"segunda-feira";"19:20:00";"MG";40;512,3;"RIBEIRAO DAS NEVES";"Manobra de mudança de faixa";"Colisão traseira";"Com Vítimas Feridas";"Plena Noite";"Decrescente";"Céu Claro";"Dupla";"Declive;Reta";"Sim";2;0;2;0;0;0;2;1;-19,78946999;-44,11290699;"SPRF-MG";"DEL01-MG";"UOP02-DEL01-MG"
465396;2022-08-01;"segunda-feira";"18:15:00";"MG";381;451;"SABARA";"Condutor deixou de manter distância do veículo da frente";"Colisão traseira";"Sem Vítimas";"Anoitecer";"Decrescente";"Céu Claro";"Simples";"Reta;Aclive";"Sim";2;0;0;0;2;0;0;2;-19,83832024;-43,8806931;"SPRF-MG";"DEL01-MG";"UOP01-DEL01-MG"
465399;2022-08-01;"segunda-feira";"20:00:00";"PE";101;73;"RECIFE";"Reação tardia ou ineficiente do condutor";"Colisão traseira";"Com Vítimas Feridas";"Plena Noite";"Crescente";"Céu Claro";"Múltipla";"Ponte";"Sim";3;0;3;0;0;0;3;2;-8,093369;-34,947464;"SPRF-PE";"DEL01-PE";"UOP01-DEL01-PE"
465400;2022-08-01;"segunda-feira";"18:45:00";"SC";101;118,4;"ITAJAI";"Desrespeitar a preferência no cruzamento";"Colisão transversal";"Com Vítimas Feridas";"Anoitecer";"Crescente";"Céu Claro";"Múltipla";"Interseção de Vias";"Sim";2;0;0;1;1;0;1;2;-26,895859;-48,71903;"SPRF-SC";"DEL04-SC";"UOP04-DEL04-SC"
465402;2022-08-01;"segunda-feira";"17:00:00";"GO";153;496,1;"GOIANIA";"Pista Escorregadia";"Queda de ocupante de veículo";"Com Vítimas Feridas";"Pleno dia";"Crescente";"Céu Claro";"Dupla";"Reta";"Sim";2;0;2;0;0;0;2;2;-16,6776;-49,2314;"SPRF-GO";"DEL01-GO";"UOP01-DEL01-GO"
465404;2022-06-27;"segunda-feira";"23:40:00";"MG";381;239,5;"SANTANA DO PARAISO";"Velocidade Incompatível";"Colisão frontal";"Com Vítimas Feridas";"Plena Noite";"Decrescente";"Nublado";"Simples";"Curva";"Não";3;0;2;1;0;0;3;2;-19,40941196;-42,48797805;"SPRF-MG";"DEL06-MG";"UOP01-DEL06-MG"
465406;2022-08-01;"segunda-feira";"17:20:00";"TO";153;227,4;"COLINAS DO TOCANTINS";"Reação tardia ou ineficiente do condutor";"Eventos atípicos";"Com Vítimas Feridas";"Pleno dia";"Crescente";"Céu Claro";"Simples";"Reta";"Não";3;0;1;0;2;0;1;1;-7,8805;-48,45687504;"SPRF-TO";"DEL02-TO";"UOP01-DEL02-TO"
465407;2022-08-01;"segunda-feira";"19:00:00";"AL";316;102;"DOIS RIACHOS";"Acessar a via sem observar a presença dos outros veículos";"Colisão traseira";"Com Vítimas Feridas";"Plena Noite";"Crescente";"Ignorado";"Simples";"Reta";"Sim";3;0;1;0;2;0;1;2;-9,38918303;-37,097866;"SPRF-AL";"DEL03-AL";"UOP01-DEL03-AL"
465408;2022-08-01;"segunda-feira";"19:30:00";"RO";364;237,6;"CACOAL";"Acessar a via sem observar a presença dos outros veículos";"Colisão transversal";"Com Vítimas Feridas";"Plena Noite";"Decrescente";"Céu Claro";"Simples";"Retorno Regulamentado";"Sim";2;0;1;0;1;0;1;2;-11,4388578;-61,45471289;"SPRF-RO";"DEL02-RO";"UOP02-DEL02-RO"
465409;2022-08-01;"segunda-feira";"20:30:00";"SC";101;208;"SAO JOSE";"Acessar a via sem observar a presença dos outros veículos";"Colisão lateral mesmo sentido";"Com Vítimas Feridas";"Plena Noite";"Decrescente";"Céu Claro";"Dupla";"Declive";"Sim";4;0;1;0;3;0;1;2;-27,60327979;-48,63201818;"SPRF-SC";"DEL01-SC";"UOP01-DEL01-SC"
465410;2022-08-01;"segunda-feira";"18:45:00";"MT";364;205;"RONDONOPOLIS";"Manobra de mudança de faixa";"Colisão transversal";"Com Vítimas Feridas";"Plena Noite";"Crescente";"Céu Claro";"Dupla";"Reta;Rotatória";"Sim";2;0;1;0;1;0;1;2;-16,45928621;-54,66092345;"SPRF-MT";"DEL02-MT";"UOP01-DEL02-MT"
465411;2022-08-01;"segunda-feira";"20:30:00";"PR";277;130,1;"BALSA NOVA";"Velocidade Incompatível";"Saída de leito carroçável";"Com Vítimas Fatais";"Plena Noite";"Decrescente";"Céu Claro";"Simples";"Declive;Curva";"Não";2;1;0;0;0;1;0;2;-25,47687286;-49,63930783;"SPRF-PR";"DEL03-PR";"UOP03-DEL03-PR"
465413;2022-08-01;"segunda-feira";"20:30:00";"PE";101;150;"RIBEIRAO";"Transitar na contramão";"Colisão frontal";"Com Vítimas Feridas";"Plena Noite";"Crescente";"Céu Claro";"Múltipla";"Reta";"Sim";3;0;2;0;1;0;2;3;-8,49669957;-35,38211017;"SPRF-PE";"DEL01-PE";"UOP03-DEL01-PE"
465415;2022-08-01;"segunda-feira";"21:20:00";"RO";364;341;"JI-PARANA";"Reação tardia ou ineficiente do condutor";"Atropelamento de Pedestre";"Com Vítimas Feridas";"Plena Noite";"Crescente";"Céu Claro";"Simples";"Reta";"Sim";2;0;1;0;1;0;1;2;-10,88987987;-61,93126772;"SPRF-RO";"DEL02-RO";"UOP01-DEL02-RO"
465416;2022-08-01;"segunda-feira";"22:25:00";"PR";277;531,4;"CAMPO BONITO";"Desrespeitar a preferência no cruzamento";"Colisão transversal";"Com Vítimas Feridas";"Plena Noite";"Crescente";"Céu Claro";"Simples";"Interseção de Vias";"Não";3;0;1;0;2;0;1;2;-25,09412204;-52,95864699;"SPRF-PR";"DEL04-PR";"UOP01-DEL04-PR"
465418;2022-08-01;"segunda-feira";"22:15:00";"MG";381;769,4;"CAMPANHA";"Ingestão de álcool pelo condutor";"Saída de leito carroçável";"Sem Vítimas";"Plena Noite";"Crescente";"Céu Claro";"Dupla";"Reta";"Não";1;0;0;0;1;0;0;1;-21,76083914;-45,41016889;"SPRF-MG";"DEL16-MG";"UOP02-DEL16-MG"
465423;2022-08-02;"terça-feira";"00:30:00";"GO";60;20,5;"ALEXANIA";"Ausência de reação do condutor";"Saída de leito carroçável";"Com Vítimas Feridas";"Plena Noite";"Decrescente";"Céu Claro";"Dupla";"Reta";"Não";1;0;1;0;0;0;1;1;-16,120381;-48,404882;"SPRF-DF";"DEL03-DF";"UOP01-DEL03-DF"
465424;2022-08-01;"segunda-feira";"23:20:00";"PR";376;135,3;"NOVA ESPERANCA";"Pedestre andava na pista";"Atropelamento de Pedestre";"Com Vítimas Fatais";"Plena Noite";"Decrescente";"Nublado";"Dupla";"Reta";"Sim";2;1;0;0;1;0;0;2;-23,19640486;-52,20126987;"SPRF-PR";"DEL09-PR";"UOP02-DEL09-PR"
465426;2022-08-02;"terça-feira";"00:32:00";"RO";364;15;"VILHENA";"Condutor deixou de manter distância do veículo da frente";"Colisão traseira";"Com Vítimas Feridas";"Plena Noite";"Crescente";"Céu Claro";"Simples";"Reta";"Sim";2;0;1;0;1;0;1;2;-12,73720864;-60,14639139;"SPRF-RO";"DEL04-RO";"UOP01-DEL04-RO"
465427;2022-08-02;"terça-feira";"03:00:00";"SC";470;150;"AGRONOMICA";"Neblina";"Saída de leito carroçável";"Sem Vítimas";"Plena Noite";"Decrescente";"Nevoeiro/Neblina";"Simples";"Rotatória";"Não";1;0;0;0;1;0;0;1;-27,256508;-49,710876;"SPRF-SC";"DEL04-SC";"UOP02-DEL04-SC"
465428;2022-08-02;"terça-feira";"03:22:00";"RN";226;1;"NATAL";"Ingestão de álcool pelo condutor";"Queda de ocupante de veículo";"Com Vítimas Feridas";"Plena Noite";"Crescente";"Céu Claro";"Dupla";"Em Obras";"Sim";1;0;0;1;0;0;1;1;-5,80642132;-35,24167278;"SPRF-RN";"DEL01-RN";"UOP02-DEL01-RN"
465430;2022-08-02;"terça-feira";"04:07:00";"ES";101;274,5;"SERRA";"Velocidade Incompatível";"Atropelamento de Pedestre";"Com Vítimas Fatais";"Plena Noite";"Decrescente";"Céu Claro";"Dupla";"Curva";"Não";2;1;0;0;0;1;0;2;-20,21033405;-40,29853821;"SPRF-ES";"DEL02-ES";"UOP01-DEL02-ES"
465431;2022-08-02;"terça-feira";"05:00:00";"SE";101;93;"NOSSA SENHORA DO SOCORRO";"Animais na Pista";"Atropelamento de Animal";"Com Vítimas Feridas";"Amanhecer";"Decrescente";"Nublado";"Dupla";"Reta";"Sim";1;0;0;1;0;0;1;1;-10,90212319;-37,14494787;"SPRF-SE";"DEL01-SE";"UOP01-DEL01-SE"
465434;2022-08-02;"terça-feira";"04:00:00";"BA";324;367;"SAO JOSE DO JACUIPE";"Ingestão de álcool e/ou substâncias psicoativas pelo pedestre";"Colisão lateral sentido oposto";"Com Vítimas Fatais";"Plena Noite";"Decrescente";"Nublado";"Simples";"Reta";"Não";2;1;0;0;0;1;0;2;-11,41797119;-39,90815507;"SPRF-BA";"DEL04-BA";"UOP02-DEL04-BA"
465436;2022-08-02;"terça-feira";"06:45:00";"AL";101;80;"RIO LARGO";"Velocidade Incompatível";"Colisão com objeto";"Com Vítimas Feridas";"Pleno dia";"Crescente";"Chuva";"Dupla";"Reta";"Não";1;0;0;1;0;0;1;1;-9,447896;-35,858594;"SPRF-AL";"DEL01-AL";"UOP01-DEL01-AL"
465437;2022-08-02;"terça-feira";"06:30:00";"SC";101;349;"JAGUARUNA";"Ausência de reação do condutor";"Tombamento";"Com Vítimas Feridas";"Amanhecer";"Decrescente";"Nevoeiro/Neblina";"Dupla";"Declive;Reta";"Não";1;0;1;0;0;0;1;1;-28,58988203;-49,04517307;"SPRF-SC";"DEL02-SC";"UOP01-DEL02-SC"
465438;2022-08-02;"terça-feira";"02:10:00";"SC";470;158,4;"TROMBUDO CENTRAL";"Animais na Pista";"Atropelamento de Animal";"Com Vítimas Feridas";"Plena Noite";"Decrescente";"Nevoeiro/Neblina";"Simples";"Reta";"Sim";3;0;3;0;0;0;3;1;-27,287016;-49,778389;"SPRF-SC";"DEL04-SC";"UOP02-DEL04-SC"
465439;2022-08-02;"terça-feira";"05:15:00";"SC";280;23;"ARAQUARI";"Acessar a via sem observar a presença dos outros veículos";"Colisão transversal";"Com Vítimas Feridas";"Amanhecer";"Crescente";"Nublado";"Simples";"Reta";"Não";2;0;0;1;1;0;1;2;-26,37146;-48,711887;"SPRF-SC";"DEL03-SC";"UOP03-DEL03-SC"
465440;2022-08-02;"terça-feira";"08:30:00";"SC";282;5,6;"SAO JOSE";"Trafegar com motocicleta (ou similar) entre as faixas";"Colisão traseira";"Com Vítimas Feridas";"Pleno dia";"Decrescente";"Sol";"Dupla";"Reta";"Sim";3;0;1;0;1;1;1;3;-27,588425;-48,612919;"SPRF-SC";"DEL01-SC";"UOP01-DEL01-SC"
465441;2022-08-02;"terça-feira";"07:00:00";"CE";116;49;"PACAJUS";"Retorno proibido";"Colisão transversal";"Com Vítimas Feridas";"Pleno dia";"Decrescente";"Céu Claro";"Dupla";"Reta";"Sim";2;0;0;2;0;0;2;2;-4,16328731;-38,48649674;"SPRF-CE";"DEL01-CE";"UOP02-DEL01-CE"
465443;2022-08-02;"terça-feira";"06:30:00";"PR";476;130;"CURITIBA";"Ausência de reação do condutor";"Colisão lateral mesmo sentido";"Com Vítimas Feridas";"Pleno dia";"Crescente";"Nublado";"Múltipla";"Reta";"Sim";2;0;2;0;0;0;2;2;-25,449564;-49,236427;"SPRF-PR";"DEL01-PR";"UOP01-DEL01-PR"
465445;2022-08-02;"terça-feira";"07:45:00";"PR";277;77;"SAO JOSE DOS PINHAIS";"Manobra de mudança de faixa";"Colisão traseira";"Com Vítimas Feridas";"Pleno dia";"Crescente";"Céu Claro";"Dupla";"Reta";"Sim";3;0;2;0;1;0;2;3;-25,47972601;-49,19929862;"SPRF-PR";"DEL01-PR";"UOP01-DEL01-PR"
465447;2022-08-02;"terça-feira";"08:15:00";"MG";381;484;"BETIM";"Reação tardia ou ineficiente do condutor";"Colisão traseira";"Com Vítimas Feridas";"Pleno dia";"Decrescente";"Céu Claro";"Múltipla";"Reta;Aclive";"Sim";3;0;1;0;2;0;1;3;-19,95954;-44,08835;"SPRF-MG";"DEL01-MG";"UOP03-DEL01-MG"
465448;2022-08-02;"terça-feira";"07:30:00";"PB";230;20;"JOAO PESSOA";"Condutor deixou de manter distância do veículo da frente";"Queda de ocupante de veículo";"Com Vítimas Feridas";"Pleno dia";"Crescente";"Sol";"Dupla";"Reta";"Sim";1;0;1;0;0;0;1;1;-7,1337;-34,8544;"SPRF-PB";"DEL01-PB";"UOP01-DEL01-PB"
465452;2022-08-02;"terça-feira";"06:00:00";"BA";110;218;"NOVA SOURE";"Ausência de reação do condutor";"Colisão lateral sentido oposto";"Com Vítimas Feridas";"Amanhecer";"Decrescente";"Nublado";"Simples";"Reta";"Não";2;0;0;1;1;0;1;2;-11,25575578;-38,4622768;"SPRF-BA";"DEL07-BA";"UOP02-DEL07-BA"
465453;2022-08-02;"terça-feira";"08:15:00";"PR";369;154,9;"LONDRINA";"Manobra de mudança de faixa";"Colisão lateral mesmo sentido";"Com Vítimas Feridas";"Pleno dia";"Crescente";"Céu Claro";"Dupla";"Reta";"Sim";2;0;2;0;0;0;2;2;-23,29628439;-51,20642781;"SPRF-PR";"DEL07-PR";"UOP01-DEL07-PR"
465454;2022-08-02;"terça-feira";"07:20:00";"MG";40;532;"BELO HORIZONTE";"Manobra de mudança de faixa";"Colisão lateral mesmo sentido";"Com Vítimas Feridas";"Pleno dia";"Crescente";"Céu Claro";"Dupla";"Declive;Reta";"Sim";3;0;2;0;1;0;2;2;-19,92372561;-44,01700789;"SPRF-MG";"DEL01-MG";"UOP02-DEL01-MG"
465456;2022-08-02;"terça-feira";"08:55:00";"SE";235;49,9;"ITABAIANA";"Semáforo com defeito";"Colisão transversal";"Com Vítimas Feridas";"Pleno dia";"Decrescente";"Nublado";"Simples";"Reta";"Sim";3;0;1;0;2;0;1;3;-10,716222;-37,421669;"SPRF-SE";"DEL01-SE";"UOP02-DEL01-SE"
465459;2022-08-02;"terça-feira";"09:25:00";"MG";40;43,4;"PARACATU";"Conversão proibida";"Colisão transversal";"Com Vítimas Feridas";"Pleno dia";"Crescente";"Céu Claro";"Simples";"Reta";"Sim";2;0;1;0;1;0;1;2;-17,22598002;-46,86163701;"SPRF-MG";"DEL14-MG";"UOP01-DEL14-MG"
465460;2022-08-02;"terça-feira";"09:20:00";"PB";230;24;"JOAO PESSOA";"Condutor deixou de manter distância do veículo da frente";"Colisão traseira";"Com Vítimas Feridas";"Amanhecer";"Decrescente";"Chuva";"Dupla";"Viaduto";"Sim";3;0;0;2;1;0;2;2;-7,16577545;-34,86289021;"SPRF-PB";"DEL01-PB";"UOP01-DEL01-PB"
465461;2022-08-02;"terça-feira";"09:30:00";"SP";116;217;"GUARULHOS";"Ausência de reação do condutor";"Queda de ocupante de veículo";"Com Vítimas Feridas";"Pleno dia";"Decrescente";"Céu Claro";"Múltipla";"Reta";"Sim";1;0;1;0;0;0;1;1;-23,45423824;-46,47119028;"SPRF-SP";"DEL01-SP";"UOP01-DEL01-SP"
465462;2022-08-02;"terça-feira";"09:15:00";"CE";116;18,6;"ITAITINGA";"Velocidade Incompatível";"Colisão traseira";"Com Vítimas Feridas";"Pleno dia";"Crescente";"Céu Claro";"Dupla";"Reta";"Sim";2;0;2;0;0;0;2;2;-3,90899801;-38,50595355;"SPRF-CE";"DEL01-CE";"UOP02-DEL01-CE"
465464;2022-08-02;"terça-feira";"08:00:00";"RO";319;64;"PORTO VELHO";"Reação tardia ou ineficiente do condutor";"Colisão lateral mesmo sentido";"Com Vítimas Feridas";"Pleno dia";"Decrescente";"Céu Claro";"Dupla";"Reta";"Sim";2;0;1;0;1;0;1;2;-8,766685;-63,884052;"SPRF-RO";"DEL01-RO";"UOP01-DEL01-RO"
465465;2022-08-02;"terça-feira";"11:50:00";"MS";163;254,7;"DOURADOS";"Demais falhas mecânicas ou elétricas";"Queda de ocupante de veículo";"Com Vítimas Feridas";"Pleno dia";"Crescente";"Céu Claro";"Dupla";"Declive;Reta";"Sim";1;0;0;1;0;0;1;1;-22,27184267;-54,81657129;"SPRF-MS";"DEL04-MS";"UOP01-DEL04-MS"
465466;2022-08-02;"terça-feira";"12:30:00";"MG";262;574,4;"CORREGO DANTA";"Frear bruscamente";"Colisão traseira";"Sem Vítimas";"Pleno dia";"Crescente";"Sol";"Simples";"Reta";"Não";5;0;0;0;5;0;0;2;-19,682929;-46,040471;"SPRF-MG";"DEL08-MG";"UOP02-DEL08-MG"
465467;2022-08-02;"terça-feira";"13:10:00";"SC";101;336,6;"TUBARAO";"Ausência de reação do condutor";"Tombamento";"Com Vítimas Feridas";"Pleno dia";"Decrescente";"Céu Claro";"Dupla";"Interseção de Vias;Reta;Declive";"Sim";1;0;0;1;0;0;1;1;-28,47311347;-49,02437375;"SPRF-SC";"DEL02-SC";"UOP01-DEL02-SC"
465468;2022-08-02;"terça-feira";"10:30:00";"SP";116;470,5;"JACUPIRANGA";"Reação tardia ou ineficiente do condutor";"Saída de leito carroçável";"Com Vítimas Fatais";"Pleno dia";"Crescente";"Nublado";"Dupla";"Reta";"Não";5;2;1;1;0;1;2;2;-24,65403826;-47,95945895;"SPRF-SP";"DEL05-SP";"UOP01-DEL05-SP"
465469;2022-08-02;"terça-feira";"10:30:00";"MG";354;742,4;"POUSO ALTO";"Acesso irregular";"Colisão transversal";"Com Vítimas Feridas";"Pleno dia";"Decrescente";"Céu Claro";"Simples";"Declive";"Sim";2;0;1;1;0;0;2;2;-22,23118898;-44,9332353;"SPRF-MG";"DEL17-MG";"UOP01-DEL17-MG"
465470;2022-07-22;"sexta-feira";"21:25:00";"PE";232;211,3;"PESQUEIRA";"Ingestão de álcool pelo condutor";"Colisão frontal";"Com Vítimas Feridas";"Plena Noite";"Crescente";"Céu Claro";"Simples";"Aclive";"Sim";4;0;3;1;0;0;4;3;-8,36899532;-36,70578682;"SPRF-PE";"DEL03-PE";"UOP02-DEL03-PE"
465471;2022-08-02;"terça-feira";"13:00:00";"SC";280;2,9;"SAO FRANCISCO DO SUL";"Entrada inopinada do pedestre";"Atropelamento de Pedestre";"Com Vítimas Feridas";"Pleno dia";"Crescente";"Nublado";"Simples";"Reta";"Sim";3;0;0;1;1;1;1;2;-26,24531966;-48,61556107;"SPRF-SC";"DEL03-SC";"UOP03-DEL03-SC"
465474;2022-08-02;"terça-feira";"08:00:00";"GO";251;31;"CRISTALINA";"Entrada inopinada do pedestre";"Atropelamento de Pedestre";"Com Vítimas Feridas";"Pleno dia";"Decrescente";"Céu Claro";"Simples";"Interseção de Vias;Reta";"Sim";2;0;0;2;0;0;2;2;-16,07547768;-47,52869776;"SPRF-DF";"DEL01-DF";"UOP01-DEL01-DF"
465476;2022-08-02;"terça-feira";"14:45:00";"BA";101;172;"FEIRA DE SANTANA";"Condutor deixou de manter distância do veículo da frente";"Colisão traseira";"Sem Vítimas";"Pleno dia";"Crescente";"Céu Claro";"Simples";"Aclive";"Não";2;0;0;0;2;0;0;2;-12,36755708;-38,87018681;"SPRF-BA";"DEL01-BA";"UOP03-DEL01-BA"
465477;2022-08-02;"terça-feira";"14:00:00";"RJ";101;422;"MANGARATIBA";"Conversão proibida";"Colisão lateral mesmo sentido";"Sem Vítimas";"Pleno dia";"Decrescente";"Céu Claro";"Simples";"Reta";"Não";3;0;0;0;3;0;0;2;-22,91608393;-43,94022903;"SPRF-RJ";"DEL03-RJ";"UOP02-DEL03-RJ"
465480;2022-08-02;"terça-feira";"14:15:00";"PR";116;123,4;"CURITIBA";"Ingestão de álcool pelo condutor";"Colisão traseira";"Com Vítimas Feridas";"Pleno dia";"Crescente";"Céu Claro";"Dupla";"Reta";"Sim";3;0;1;0;2;0;1;2;-25,61510853;-49,31792736;"SPRF-PR";"DEL01-PR";"UOP03-DEL01-PR"
465481;2022-08-02;"terça-feira";"09:40:00";"SE";235;15,7;"LARANJEIRAS";"Acesso irregular";"Colisão frontal";"Com Vítimas Fatais";"Pleno dia";"Crescente";"Céu Claro";"Simples";"Reta";"Não";3;1;0;1;1;0;1;2;-10,857119;-37,185043;"SPRF-SE";"DEL01-SE";"UOP01-DEL01-SE"
465484;2022-08-02;"terça-feira";"14:20:00";"RS";470;228;"GARIBALDI";"Acessar a via sem observar a presença dos outros veículos";"Colisão transversal";"Sem Vítimas";"Pleno dia";"Crescente";"Céu Claro";"Simples";"Interseção de Vias";"Não";2;0;0;0;2;0;0;2;-29,21759706;-51,51703722;"SPRF-RS";"DEL06-RS";"UOP01-DEL06-RS"
465485;2022-08-02;"terça-feira";"10:40:00";"PR";376;386;"IMBAU";"Reação tardia ou ineficiente do condutor";"Colisão com objeto";"Com Vítimas Feridas";"Pleno dia";"Decrescente";"Céu Claro";"Dupla";"Reta";"Sim";1;0;1;0;0;0;1;1;-24,44981593;-50,75896025;"SPRF-PR";"DEL03-PR";"UOP02-DEL03-PR"
465486;2022-08-02;"terça-feira";"15:10:00";"MG";262;380,7;"JUATUBA";"Velocidade Incompatível";"Colisão com objeto";"Com Vítimas Feridas";"Pleno dia";"Decrescente";"Céu Claro";"Dupla";"Curva;Declive";"Não";1;0;1;0;0;0;1;1;-19,93579;-44,43684;"SPRF-MG";"DEL01-MG";"UOP03-DEL01-MG"
465487;2022-06-16;"quinta-feira";"13:50:00";"GO";60;383;"RIO VERDE";"Reação tardia ou ineficiente do condutor";"Saída de leito carroçável";"Com Vítimas Fatais";"Pleno dia";"Decrescente";"Céu Claro";"Dupla";"Reta";"Não";1;1;0;0;0;0;0;1;-17,7845;-50,9002;"SPRF-GO";"DEL04-GO";"UOP01-DEL04-GO"
465489;2022-08-02;"terça-feira";"13:05:00";"SC";470;56;"BLUMENAU";"Condutor deixou de manter distância do veículo da frente";"Colisão traseira";"Com Vítimas Feridas";"Pleno dia";"Crescente";"Sol";"Simples";"Reta";"Sim";2;0;1;0;1;0;1;2;-26,87674;-49,127743;"SPRF-SC";"DEL04-SC";"UOP01-DEL04-SC"
465491;2022-06-19;"domingo";"18:20:00";"SC";101;43;"JOINVILLE";"Reação tardia ou ineficiente do condutor";"Colisão traseira";"Sem Vítimas";"Plena Noite";"Decrescente";"Céu Claro";"Dupla";"Aclive;Reta";"Não";4;0;0;0;4;0;0;2;-26,33249923;-48,86169434;"SPRF-SC";"DEL03-SC";"UOP01-DEL03-SC"
465492;2022-07-22;"sexta-feira";"06:00:00";"SP";381;8;"VARGEM";"Curva acentuada";"Eventos atípicos";"Com Vítimas Feridas";"Pleno dia";"Crescente";"Céu Claro";"Dupla";"Curva";"Não";1;0;0;1;0;0;1;1;-22,915255;-46,42811;"SPRF-SP";"DEL03-SP";"UOP01-DEL03-SP"
465493;2022-08-02;"terça-feira";"15:20:00";"MG";381;753,7;"TRES CORACOES";"Manobra de mudança de faixa";"Tombamento";"Com Vítimas Feridas";"Pleno dia";"Decrescente";"Sol";"Dupla";"Reta";"Não";1;0;1;0;0;0;1;1;-21,67856574;-45,34113742;"SPRF-MG";"DEL16-MG";"UOP02-DEL16-MG"
465494;2022-08-02;"terça-feira";"15:45:00";"MG";40;523,1;"CONTAGEM";"Ingestão de álcool e/ou substâncias psicoativas pelo pedestre";"Atropelamento de Pedestre";"Com Vítimas Feridas";"Pleno dia";"Decrescente";"Céu Claro";"Dupla";"Curva";"Não";2;0;0;1;1;0;1;2;-19,86874894;-44,05962197;"SPRF-MG";"DEL01-MG";"UOP02-DEL01-MG"
465495;2022-08-02;"terça-feira";"15:30:00";"RJ";393;146,5;"TRES RIOS";"Manobra de mudança de faixa";"Colisão lateral mesmo sentido";"Com Vítimas Feridas";"Pleno dia";"Decrescente";"Céu Claro";"Simples";"Reta";"Não";2;0;1;0;1;0;1;2;-22,04231888;-42,99312113;"SPRF-RJ";"DEL05-RJ";"UOP02-DEL05-RJ"
465496;2022-08-02;"terça-feira";"14:30:00";"RJ";493;108;"DUQUE DE CAXIAS";"Fumaça";"Saída de leito carroçável";"Sem Vítimas";"Pleno dia";"Decrescente";"Céu Claro";"Dupla";"Reta";"Não";2;0;0;0;2;0;0;1;-22,672089;-43,285053;"SPRF-RJ";"DEL03-RJ";"UOP01-DEL03-RJ"
465498;2022-08-02;"terça-feira";"10:45:00";"PR";373;383;"CANDOI";"Ausência de reação do condutor";"Saída de leito carroçável";"Com Vítimas Feridas";"Pleno dia";"Crescente";"Céu Claro";"Simples";"Curva";"Não";2;0;1;0;0;1;1;2;-25,46468499;-51,95723639;"SPRF-PR";"DEL08-PR";"UOP01-DEL08-PR"
465499;2022-06-29;"quarta-feira";"15:00:00";"GO";60;328,1;"SANTO ANTONIO DA BARRA";"Acessar a via sem observar a presença dos outros veículos";"Colisão traseira";"Com Vítimas Feridas";"Pleno dia";"Decrescente";"Céu Claro";"Dupla";"Retorno Regulamentado;Rotatória;Reta";"Não";3;0;0;2;1;0;2;2;-17,5405;-50,5068;"SPRF-GO";"DEL04-GO";"UOP01-DEL04-GO"
465501;2022-08-02;"terça-feira";"16:15:00";"SC";101;203;"SAO JOSE";"Acumulo de areia ou detritos sobre o pavimento";"Tombamento";"Com Vítimas Feridas";"Pleno dia";"Crescente";"Céu Claro";"Dupla";"Reta";"Sim";1;0;1;0;0;0;1;1;-27,5650044;-48,61460082;"SPRF-SC";"DEL01-SC";"UOP01-DEL01-SC"
465503;2022-08-02;"terça-feira";"10:40:00";"SP";381;67;"MAIRIPORA";"Frear bruscamente";"Colisão lateral mesmo sentido";"Com Vítimas Feridas";"Pleno dia";"Decrescente";"Céu Claro";"Simples";"Reta";"Sim";3;0;1;1;1;0;2;2;-23,33226094;-46,57675379;"SPRF-SP";"DEL03-SP";"UOP01-DEL03-SP"
465504;2022-08-02;"terça-feira";"11:35:00";"SC";282;520,6;"XAXIM";"Ausência de reação do condutor";"Colisão traseira";"Com Vítimas Feridas";"Pleno dia";"Crescente";"Céu Claro";"Simples";"Rotatória;Retorno Regulamentado";"Não";2;0;1;0;1;0;1;2;-26,950415;-52,526096;"SPRF-SC";"DEL07-SC";"UOP01-DEL07-SC"
465507;2022-08-02;"terça-feira";"17:00:00";"MG";262;442,1;"NOVA SERRANA";"Pedestre andava na pista";"Atropelamento de Pedestre";"Com Vítimas Feridas";"Pleno dia";"Decrescente";"Sol";"Dupla";"Reta";"Sim";3;0;2;1;0;0;3;2;-19,8806236;-44,91232265;"SPRF-MG";"DEL08-MG";"UOP03-DEL08-MG"