"id";"data_inversa";"dia_semana";"horario";"uf";"br";"km";"municipio";"causa_acidente";"tipo_acidente";"classificacao_acidente";"fase_dia";"sentido_via";"condicao_metereologica";"tipo_pista";"tracado_via";"uso_solo";"pessoas";"mortos";"feridos_leves";"feridos_graves";"ilesos";"ignorados";"feridos";"veiculos";"latitude";"longitude";"regional";"delegacia";"uop"
465509;2022-08-02;"terça-feira";"17:00:00";"SC";101;25;"JOINVILLE";"Desrespeitar a preferência no cruzamento";"Colisão transversal";"Com Vítimas Feridas";"Pleno dia";"Decrescente";"Nublado";"Dupla";"Reta";"Não";2;0;1;0;1;0;1;2;-26,2469228;-48,9098933;"SPRF-SC";"DEL03-SC";"UOP01-DEL03-SC"
465510;2022-08-02;"terça-feira";"16:30:00";"SP";153;183;"LINS";"Acessar a via sem observar a presença dos outros veículos";"Colisão transversal";"Com Vítimas Feridas";"Pleno dia";"Crescente";"Céu Claro";"Simples";"Interseção de Vias";"Sim";6;0;2;0;4;0;2;2;-21,70725279;-49,80257014;"SPRF-SP";"DEL07-SP";"UOP01-DEL07-SP"
465512;2022-08-02;"terça-feira";"15:50:00";"SC";101;47;"JOINVILLE";"Reação tardia ou ineficiente do condutor";"Saída de leito carroçável";"Com Vítimas Feridas";"Pleno dia";"Decrescente";"Céu Claro";"Dupla";"Reta";"Não";3;0;2;0;1;0;2;1;-26,34234997;-48,85840089;"SPRF-SC";"DEL03-SC";"UOP01-DEL03-SC"
465513;2022-07-01;"sexta-feira";"08:30:00";"RJ";465;19;"NOVA IGUACU";"Acessar a via sem observar a presença dos outros veículos";"Colisão frontal";"Com Vítimas Feridas";"Pleno dia";"Decrescente";"Céu Claro";"Simples";"Reta";"Sim";3;0;0;1;2;0;1;2;-22,839184;-43,610451;"SPRF-RJ";"DEL03-RJ";"UOP01-DEL03-RJ"
465516;2022-08-02;"terça-feira";"17:45:00";"SC";101;40,5;"JOINVILLE";"Velocidade Incompatível";"Tombamento";"Com Vítimas Feridas";"Anoitecer";"Crescente";"Nublado";"Dupla";"Aclive;Reta";"Não";1;0;1;0;0;0;1;1;-26,27176094;-48,89468382;"SPRF-SC";"DEL03-SC";"UOP01-DEL03-SC"
465518;2022-08-02;"terça-feira";"18:00:00";"BA";110;9,8;"PAULO AFONSO";"Reação tardia ou ineficiente do condutor";"Eventos atípicos";"Com Vítimas Feridas";"Plena Noite";"Crescente";"Céu Claro";"Simples";"Reta";"Não";1;0;1;0;0;0;1;1;-9,53232396;-38,22095637;"SPRF-BA";"DEL07-BA";"UOP01-DEL07-BA"
465519;2022-08-02;"terça-feira";"18:00:00";"ES";101;143;"LINHARES";"Acessar a via sem observar a presença dos outros veículos";"Queda de ocupante de veículo";"Com Vítimas Feridas";"Plena Noite";"Decrescente";"Céu Claro";"Dupla";"Reta";"Não";2;0;1;1;0;0;2;2;-19,34286596;-40,0638568;"SPRF-ES";"DEL04-ES";"UOP01-DEL04-ES"
465520;2022-07-30;"sábado";"11:10:00";"RJ";101;327;"NITEROI";"Ausência de reação do condutor";"Colisão traseira";"Com Vítimas Feridas";"Pleno dia";"Crescente";"Nublado";"Dupla";"Reta";"Não";3;0;1;0;1;1;1;3;-22,87117393;-43,15595099;"SPRF-RJ";"DEL02-RJ";"UOP01-DEL02-RJ"
465521;2022-06-17;"sexta-feira";"00:30:00";"PE";407;126;"PETROLINA";"Demais falhas mecânicas ou elétricas";"Tombamento";"Com Vítimas Feridas";"Plena Noite";"Crescente";"Céu Claro";"Dupla";"Reta";"Sim";1;0;0;1;0;0;1;1;-9,38692088;-40,52593052;"SPRF-PE";"DEL06-PE";"UOP01-DEL06-PE"
465522;2022-08-02;"terça-feira";"18:42:00";"SC";280;24;"ARAQUARI";"Reação tardia ou ineficiente do condutor";"Colisão lateral sentido oposto";"Com Vítimas Feridas";"Anoitecer";"Decrescente";"Nublado";"Simples";"Reta";"Sim";3;0;1;0;2;0;1;2;-26,37724921;-48,71953282;"SPRF-SC";"DEL03-SC";"UOP03-DEL03-SC"
465524;2022-08-02;"terça-feira";"17:30:00";"ES";101;396,7;"RIO NOVO DO SUL";"Acesso irregular";"Colisão transversal";"Com Vítimas Feridas";"Plena Noite";"Decrescente";"Ignorado";"Simples";"Reta";"Não";2;0;1;0;1;0;1;2;-20,868874;-40,94103;"SPRF-ES";"DEL03-ES";"UOP02-DEL03-ES"
465525;2022-08-02;"terça-feira";"18:00:00";"AL";316;255;"PILAR";"Acumulo de água sobre o pavimento";"Colisão frontal";"Com Vítimas Feridas";"Plena Noite";"Decrescente";"Chuva";"Simples";"Reta";"Não";2;0;0;1;1;0;1;2;-9,59051052;-35,94993902;"SPRF-AL";"DEL02-AL";"UOP01-DEL02-AL"
465526;2022-08-02;"terça-feira";"17:40:00";"RJ";40;121;"DUQUE DE CAXIAS";"Reação tardia ou ineficiente do condutor";"Colisão com objeto";"Com Vítimas Feridas";"Plena Noite";"Crescente";"Céu Claro";"Múltipla";"Curva";"Sim";1;0;1;0;0;0;1;1;-22,78185499;-43,28571273;"SPRF-RJ";"DEL01-RJ";"UOP01-DEL01-RJ"
465527;2022-08-02;"terça-feira";"18:34:00";"AL";316;255;"PILAR";"Ingestão de álcool pelo condutor";"Colisão traseira";"Sem Vítimas";"Plena Noite";"Decrescente";"Chuva";"Simples";"Reta";"Sim";2;0;0;0;2;0;0;2;-9,59051052;-35,94993902;"SPRF-AL";"DEL02-AL";"UOP01-DEL02-AL"
465528;2022-08-02;"terça-feira";"18:50:00";"SP";381;85;"SAO PAULO";"Reação tardia ou ineficiente do condutor";"Engavetamento";"Com Vítimas Feridas";"Anoitecer";"Decrescente";"Céu Claro";"Dupla";"Reta";"Não";9;0;2;0;7;0;2;9;-23,449343;-46,56983501;"SPRF-SP";"DEL03-SP";"UOP01-DEL03-SP"
465529;2022-08-02;"terça-feira";"09:40:00";"RS";158;343,1;"SANTA MARIA";"Condutor deixou de manter distância do veículo da frente";"Colisão traseira";"Com Vítimas Feridas";"Pleno dia";"Decrescente";"Céu Claro";"Simples";"Reta";"Não";4;0;1;1;2;0;2;2;-29,74258694;-53,95118801;"SPRF-RS";"DEL09-RS";"UOP01-DEL09-RS"
465530;2022-08-02;"terça-feira";"18:00:00";"BA";110;77;"JEREMOABO";"Pedestre andava na pista";"Atropelamento de Pedestre";"Com Vítimas Fatais";"Anoitecer";"Crescente";"Céu Claro";"Dupla";"Aclive;Reta";"Sim";2;1;0;0;0;1;0;2;-10,10420708;-38,31013947;"SPRF-BA";"DEL07-BA";"UOP01-DEL07-BA"
465532;2022-08-02;"terça-feira";"19:15:00";"SP";116;213;"GUARULHOS";"Manobra de mudança de faixa";"Colisão lateral mesmo sentido";"Com Vítimas Feridas";"Plena Noite";"Decrescente";"Nublado";"Múltipla";"Reta";"Não";3;0;2;0;0;1;2;2;-23,43971486;-46,43667806;"SPRF-SP";"DEL01-SP";"UOP01-DEL01-SP"
465533;2022-08-02;"terça-feira";"17:00:00";"PB";405;33,3;"SAO JOAO DO RIO DO PEIXE";"Ultrapassagem Indevida";"Colisão lateral mesmo sentido";"Com Vítimas Feridas";"Pleno dia";"Decrescente";"Nublado";"Simples";"Interseção de Vias;Reta";"Sim";2;0;0;1;1;0;1;2;-6,728078;-38,448483;"SPRF-PB";"DEL03-PB";"UOP03-DEL03-PB"
465534;2022-08-02;"terça-feira";"18:28:00";"RJ";493;3;"ITABORAI";"Entrada inopinada do pedestre";"Atropelamento de Pedestre";"Com Vítimas Feridas";"Plena Noite";"Crescente";"Céu Claro";"Dupla";"Reta";"Sim";3;0;1;0;2;0;1;3;-22,7525329;-42,94160092;"SPRF-RJ";"DEL02-RJ";"UOP02-DEL02-RJ"
465544;2022-08-02;"terça-feira";"19:20:00";"SE";235;9,7;"NOSSA SENHORA DO SOCORRO";"Manobra de mudança de faixa";"Colisão frontal";"Com Vítimas Feridas";"Plena Noite";"Decrescente";"Nublado";"Simples";"Reta";"Não";2;0;1;0;1;0;1;2;-10,883585;-37,13908;"SPRF-SE";"DEL01-SE";"UOP01-DEL01-SE"
465546;2022-08-02;"terça-feira";"18:05:00";"MT";70;668,7;"CACERES";"Animais na Pista";"Atropelamento de Animal";"Sem Vítimas";"Plena Noite";"Crescente";"Céu Claro";"Simples";"Reta";"Não";2;0;0;0;2;0;0;1;-16,107493;-57,299057;"SPRF-MT";"DEL03-MT";"UOP02-DEL03-MT"
465548;2022-08-02;"terça-feira";"17:00:00";"PA";230;120;"MARABA";"Condutor deixou de manter distância do veículo da frente";"Colisão traseira";"Com Vítimas Feridas";"Pleno dia";"Decrescente";"Céu Claro";"Dupla";"Reta;Em Obras";"Sim";3;0;1;0;2;0;1;2;-5,350407;-49,105981;"SPRF-PA";"DEL03-PA";"UOP01-DEL03-PA"
465549;2022-08-02;"terça-feira";"18:00:00";"PE";423;90,6;"GARANHUNS";"Condutor deixou de manter distância do veículo da frente";"Colisão lateral mesmo sentido";"Com Vítimas Feridas";"Plena Noite";"Decrescente";"Garoa/Chuvisco";"Simples";"Reta";"Sim";2;0;0;1;0;1;1;2;-8,84566879;-36,4596095;"SPRF-PE";"DEL03-PE";"UOP01-DEL03-PE"
465550;2022-08-02;"terça-feira";"18:30:00";"RS";386;379,6;"PAVERAMA";"Ausência de reação do condutor";"Queda de ocupante de veículo";"Sem Vítimas";"Plena Noite";"Crescente";"Chuva";"Dupla";"Retorno Regulamentado;Curva";"Não";2;0;0;0;2;0;0;1;-29,65053068;-51,76034689;"SPRF-RS";"DEL04-RS";"UOP02-DEL04-RS"
465552;2022-07-06;"quarta-feira";"18:30:00";"MS";163;260;"DOURADOS";"Objeto estático sobre o leito carroçável";"Tombamento";"Com Vítimas Feridas";"Plena Noite";"Crescente";"Céu Claro";"Dupla";"Curva";"Não";2;0;1;1;0;0;2;2;-22,24259668;-54,77025932;"SPRF-MS";"DEL04-MS";"UOP01-DEL04-MS"
465555;2022-08-02;"terça-feira";"17:45:00";"RJ";116;179;"NOVA IGUACU";"Ultrapassagem Indevida";"Colisão lateral mesmo sentido";"Com Vítimas Feridas";"Pleno dia";"Crescente";"Céu Claro";"Dupla";"Reta";"Sim";2;0;0;1;1;0;1;2;-22,74083712;-43,45528569;"SPRF-RJ";"DEL01-RJ";"UOP02-DEL01-RJ"
465556;2022-08-02;"terça-feira";"20:00:00";"SP";116;230;"SAO PAULO";"Reação tardia ou ineficiente do condutor";"Colisão traseira";"Com Vítimas Feridas";"Plena Noite";"Crescente";"Céu Claro";"Múltipla";"Reta";"Sim";2;0;1;0;1;0;1;2;-23,52251783;-46,5855702;"SPRF-SP";"DEL01-SP";"UOP01-DEL01-SP"
465557;2022-08-02;"terça-feira";"20:00:00";"ES";101;73;"SAO MATEUS";"Acessar a via sem observar a presença dos outros veículos";"Colisão traseira";"Com Vítimas Feridas";"Plena Noite";"Decrescente";"Céu Claro";"Simples";"Interseção de Vias";"Não";2;0;2;0;0;0;2;2;-18,77024976;-39,86802529;"SPRF-ES";"DEL04-ES";"UOP02-DEL04-ES"
465558;2022-08-02;"terça-feira";"18:15:00";"MT";163;834,2;"SINOP";"Ausência de reação do condutor";"Queda de ocupante de veículo";"Com Vítimas Feridas";"Plena Noite";"Decrescente";"Céu Claro";"Simples";"Retorno Regulamentado";"Sim";1;0;1;0;0;0;1;1;-11,87299;-55,498321;"SPRF-MT";"DEL06-MT";"UOP01-DEL06-MT"
465561;2022-08-02;"terça-feira";"18:36:00";"BA";367;27;"PORTO SEGURO";"Conversão proibida";"Colisão frontal";"Com Vítimas Feridas";"Plena Noite";"Crescente";"Céu Claro";"Simples";"Reta";"Sim";4;0;2;1;0;1;3;3;-16,4238769;-39,10203391;"SPRF-BA";"DEL09-BA";"UOP03-DEL09-BA"
465566;2022-08-02;"terça-feira";"19:00:00";"MT";364;273,5;"JACIARA";"Entrada inopinada do pedestre";"Atropelamento de Pedestre";"Com Vítimas Feridas";"Plena Noite";"Crescente";"Nublado";"Dupla";"Curva";"Sim";2;0;1;1;0;0;2;2;-15,957898;-54,972749;"SPRF-MT";"DEL02-MT";"UOP01-DEL02-MT"
465567;2022-08-02;"terça-feira";"18:00:00";"MG";153;232,4;"FRONTEIRA";"Acumulo de areia ou detritos sobre o pavimento";"Saída de leito carroçável";"Com Vítimas Feridas";"Anoitecer";"Decrescente";"Céu Claro";"Simples";"Reta";"Não";1;0;1;0;0;0;1;1;-20,203731;-49,132035;"SPRF-MG";"DEL13-MG";"UOP02-DEL13-MG"
465568;2022-07-22;"sexta-feira";"11:55:00";"GO";153;209;"URUACU";"Manobra de mudança de faixa";"Colisão lateral sentido oposto";"Com Vítimas Feridas";"Pleno dia";"Crescente";"Céu Claro";"Simples";"Declive";"Não";8;0;1;0;7;0;1;2;-14,596173;-49,163906;"SPRF-GO";"DEL07-GO";"UOP02-DEL07-GO"
465569;2022-08-02;"terça-feira";"20:50:00";"PI";343;15,5;"PARNAIBA";"Ingestão de álcool pelo condutor";"Colisão com objeto";"Com Vítimas Feridas";"Plena Noite";"Decrescente";"Céu Claro";"Simples";"Rotatória";"Sim";1;0;1;0;0;0;1;1;-2,93659;-41,754936;"SPRF-PI";"DEL05-PI";"UOP01-DEL05-PI"
465571;2022-08-02;"terça-feira";"20:20:00";"RJ";40;116;"DUQUE DE CAXIAS";"Condutor Dormindo";"Saída de leito carroçável";"Com Vítimas Feridas";"Plena Noite";"Decrescente";"Céu Claro";"Dupla";"Reta";"Não";11;0;10;0;1;0;10;1;-22,737004;-43,288329;"SPRF-RJ";"DEL01-RJ";"UOP01-DEL01-RJ"
465572;2022-08-02;"terça-feira";"16:30:00";"MG";364;0,5;"PLANURA";"Ausência de reação do condutor";"Saída de leito carroçável";"Com Vítimas Feridas";"Pleno dia";"Decrescente";"Céu Claro";"Simples";"Reta";"Não";1;0;1;0;0;0;1;1;-20,13824;-48,702347;"SPRF-MG";"DEL13-MG";"UOP02-DEL13-MG"
465574;2022-08-02;"terça-feira";"19:40:00";"MT";163;838;"SINOP";"Ausência de reação do condutor";"Saída de leito carroçável";"Sem Vítimas";"Plena Noite";"Crescente";"Céu Claro";"Dupla";"Curva";"Sim";1;0;0;0;1;0;0;1;-11,83026;-55,48698;"SPRF-MT";"DEL06-MT";"NPF/DEL06-MT"
465575;2022-08-02;"terça-feira";"22:00:00";"SC";101;216;"PALHOCA";"Acessar a via sem observar a presença dos outros veículos";"Colisão lateral mesmo sentido";"Com Vítimas Feridas";"Plena Noite";"Crescente";"Céu Claro";"Dupla";"Reta";"Sim";3;0;1;0;1;1;1;3;-27,65981409;-48,67747798;"SPRF-SC";"DEL01-SC";"UOP02-DEL01-SC"
465578;2022-08-02;"terça-feira";"22:20:00";"BA";324;524;"FEIRA DE SANTANA";"Iluminação deficiente";"Colisão traseira";"Com Vítimas Fatais";"Plena Noite";"Crescente";"Céu Claro";"Dupla";"Reta";"Sim";3;2;0;0;1;0;0;2;-12,2955119;-38,90487093;"SPRF-BA";"DEL01-BA";"UOP03-DEL01-BA"
465580;2022-08-02;"terça-feira";"18:30:00";"PE";316;51;"TRINDADE";"Acostamento em desnível";"Colisão traseira";"Com Vítimas Feridas";"Anoitecer";"Crescente";"Céu Claro";"Simples";"Reta";"Não";3;0;1;1;1;0;2;2;-7,71483069;-40,3301239;"SPRF-PE";"DEL05-PE";"UOP02-DEL05-PE"
465582;2022-08-02;"terça-feira";"23:10:00";"RJ";116;182;"NOVA IGUACU";"Ausência de reação do condutor";"Tombamento";"Com Vítimas Feridas";"Plena Noite";"Crescente";"Céu Claro";"Múltipla";"Reta";"Sim";1;0;1;0;0;0;1;1;-22,73850663;-43,48731995;"SPRF-RJ";"DEL01-RJ";"UOP02-DEL01-RJ"
465583;2022-08-02;"terça-feira";"22:15:00";"RS";158;469,2;"ROSARIO DO SUL";"Pedestre andava na pista";"Atropelamento de Pedestre";"Com Vítimas Feridas";"Plena Noite";"Decrescente";"Céu Claro";"Simples";"Reta";"Não";2;0;0;1;0;1;1;2;-30,26100473;-54,96758529;"SPRF-RS";"DEL11-RS";"UOP02-DEL11-RS"
465585;2022-07-11;"segunda-feira";"19:20:00";"RS";386;336,7;"MARQUES DE SOUZA";"Transitar na contramão";"Colisão frontal";"Com Vítimas Fatais";"Plena Noite";"Decrescente";"Nublado";"Simples";"Reta";"Não";4;1;0;1;2;0;1;3;-29,38822;-52,043156;"SPRF-RS";"DEL04-RS";"UOP01-DEL04-RS"
465587;2022-08-03;"quarta-feira";"00:40:00";"PE";232;75,9;"GRAVATA";"Animais na Pista";"Atropelamento de Animal";"Com Vítimas Feridas";"Plena Noite";"Crescente";"Garoa/Chuvisco";"Dupla";"Reta";"Não";1;0;1;0;0;0;1;1;-8,19737799;-35,525476;"SPRF-PE";"DEL02-PE";"UOP02-DEL02PE"
465592;2022-08-02;"terça-feira";"21:30:00";"SC";280;34;"ARAQUARI";"Ingestão de álcool e/ou substâncias psicoativas pelo pedestre";"Colisão transversal";"Com Vítimas Feridas";"Plena Noite";"Decrescente";"Céu Claro";"Simples";"Interseção de Vias";"Não";3;0;1;0;2;0;1;2;-26,42993971;-48,79615614;"SPRF-SC";"DEL03-SC";"UOP03-DEL03-SC"
465593;2022-08-03;"quarta-feira";"01:30:00";"SC";280;181,2;"MAFRA";"Reação tardia ou ineficiente do condutor";"Colisão com objeto";"Com Vítimas Feridas";"Plena Noite";"Decrescente";"Nevoeiro/Neblina";"Simples";"Curva";"Não";1;0;1;0;0;0;1;1;-26,17201114;-49,89655396;"SPRF-SC";"DEL06-SC";"UOP01-DEL06-SC"
465595;2022-08-03;"quarta-feira";"05:05:00";"MG";146;479,2;"POCOS DE CALDAS";"Ingestão de álcool pelo condutor";"Saída de leito carroçável";"Com Vítimas Feridas";"Plena Noite";"Decrescente";"Céu Claro";"Simples";"Curva";"Não";1;0;1;0;0;0;1;1;-21,757366;-46,40544;"SPRF-MG";"DEL09-MG";"UOP01-DEL09-MG"
465598;2022-08-03;"quarta-feira";"06:00:00";"MG";381;483,5;"BETIM";"Reação tardia ou ineficiente do condutor";"Colisão com objeto";"Com Vítimas Feridas";"Amanhecer";"Crescente";"Céu Claro";"Múltipla";"Reta;Declive";"Sim";1;0;1;0;0;0;1;1;-19,9596242;-44,0835789;"SPRF-MG";"DEL01-MG";"UOP03-DEL01-MG"
465601;2022-08-03;"quarta-feira";"05:00:00";"MS";262;176;"RIBAS DO RIO PARDO";"Acessar a via sem observar a presença dos outros veículos";"Colisão traseira";"Com Vítimas Feridas";"Amanhecer";"Decrescente";"Céu Claro";"Simples";"Reta";"Não";5;0;1;0;4;0;1;3;-20,41389695;-53,17029699;"SPRF-MS";"DEL07-MS";"UOP02-DEL07-MS"
465603;2022-08-03;"quarta-feira";"05:15:00";"SC";101;376,9;"ICARA";"Condutor Dormindo";"Saída de leito carroçável";"Com Vítimas Feridas";"Plena Noite";"Crescente";"Nublado";"Múltipla";"Reta";"Sim";1;0;0;1;0;0;1;1;-28,72736111;-49,24066084;"SPRF-SC";"DEL02-SC";"UOP01-DEL02-SC"
465604;2022-08-03;"quarta-feira";"06:45:00";"PR";277;579;"CASCAVEL";"Velocidade Incompatível";"Saída de leito carroçável";"Com Vítimas Feridas";"Amanhecer";"Decrescente";"Céu Claro";"Simples";"Em Obras;Reta;Desvio Temporário";"Sim";1;0;1;0;0;0;1;1;-24,98298977;-53,359282;"SPRF-PR";"DEL04-PR";"UOP01-DEL04-PR"
465605;2022-08-03;"quarta-feira";"06:30:00";"CE";222;0,3;"FORTALEZA";"Condutor desrespeitou a iluminação vermelha do semáforo";"Colisão transversal";"Com Vítimas Feridas";"Pleno dia";"Crescente";"Chuva";"Dupla";"Interseção de Vias";"Sim";2;0;1;0;1;0;1;2;-3,7367737;-38,56923;"SPRF-CE";"DEL01-CE";"UOP01-DEL01-CE"
465611;2022-08-03;"quarta-feira";"07:40:00";"CE";116;5;"FORTALEZA";"Acumulo de areia ou detritos sobre o pavimento";"Tombamento";"Com Vítimas Feridas";"Pleno dia";"Crescente";"Nublado";"Múltipla";"Reta";"Sim";1;0;1;0;0;0;1;1;-3,79858032;-38,50609303;"SPRF-CE";"DEL01-CE";"UOP02-DEL01-CE"
465612;2022-08-03;"quarta-feira";"01:00:00";"PR";277;115;"CAMPO LARGO";"Ausência de reação do condutor";"Colisão com objeto";"Sem Vítimas";"Plena Noite";"Decrescente";"Ignorado";"Dupla";"Curva";"Sim";1;0;0;0;1;0;0;1;-25,43041215;-49,39663893;"SPRF-PR";"DEL03-PR";"UOP03-DEL03-PR"
465613;2022-08-03;"quarta-feira";"06:30:00";"RJ";116;191;"QUEIMADOS";"Demais falhas mecânicas ou elétricas";"Capotamento";"Com Vítimas Feridas";"Pleno dia";"Decrescente";"Céu Claro";"Dupla";"Reta";"Sim";4;0;4;0;0;0;4;1;-22,74421443;-43,509822;"SPRF-RJ";"DEL01-RJ";"UOP02-DEL01-RJ"
465614;2022-08-03;"quarta-feira";"08:01:00";"DF";40;2,6;"BRASILIA";"Trafegar com motocicleta (ou similar) entre as faixas";"Colisão lateral mesmo sentido";"Com Vítimas Feridas";"Pleno dia";"Decrescente";"Céu Claro";"Dupla";"Reta";"Sim";2;0;1;0;1;0;1;2;-15,99435;-47,985947;"SPRF-DF";"DEL01-DF";"UOP01-DEL01-DF"
465617;2022-08-03;"quarta-feira";"06:50:00";"CE";116;61,6;"CHOROZINHO";"Pista esburacada";"Colisão traseira";"Sem Vítimas";"Pleno dia";"Decrescente";"Chuva";"Simples";"Declive";"Não";2;0;0;0;1;1;0;2;-4,25539588;-38,48633338;"SPRF-CE";"DEL03-CE";"UOP02-DEL03-CE"
465620;2022-08-03;"quarta-feira";"08:00:00";"RN";304;47,3;"MOSSORO";"Demais falhas na via";"Queda de ocupante de veículo";"Com Vítimas Feridas";"Pleno dia";"Crescente";"Nublado";"Dupla";"Reta";"Sim";2;0;2;0;0;0;2;1;-5,22591556;-37,32736241;"SPRF-RN";"DEL04-RN";"UOP01-DEL04-RN"
465621;2022-08-02;"terça-feira";"18:00:00";"MT";70;270,7;"PRIMAVERA DO LESTE";"Ingestão de álcool pelo condutor";"Colisão traseira";"Com Vítimas Feridas";"Anoitecer";"Crescente";"Céu Claro";"Simples";"Reta";"Sim";3;0;2;0;1;0;2;2;-15,54557214;-54,24576293;"SPRF-MT";"DEL05-MT";"UOP01-DEL05-MT"
465624;2022-08-03;"quarta-feira";"08:00:00";"PR";116;121;"FAZENDA RIO GRANDE";"Reação tardia ou ineficiente do condutor";"Tombamento";"Com Vítimas Feridas";"Pleno dia";"Crescente";"Nublado";"Dupla";"Reta";"Sim";2;0;2;0;0;0;2;1;-25,599114;-49,316981;"SPRF-PR";"DEL01-PR";"UOP03-DEL01-PR"
465627;2022-08-03;"quarta-feira";"08:15:00";"SP";116;283,8;"EMBU DAS ARTES";"Ausência de reação do condutor";"Colisão frontal";"Com Vítimas Feridas";"Pleno dia";"Decrescente";"Nublado";"Dupla";"Rotatória";"Sim";2;0;1;0;1;0;1;2;-23,69297005;-46,86352786;"SPRF-SP";"DEL04-SP";"UOP01-DEL04-SP"
465628;2022-08-03;"quarta-feira";"07:40:00";"MS";60;370,3;"CAMPO GRANDE";"Acessar a via sem observar a presença dos outros veículos";"Saída de leito carroçável";"Sem Vítimas";"Pleno dia";"Crescente";"Céu Claro";"Simples";"Reta";"Sim";2;0;0;0;2;0;0;2;-20,56788364;-54,6879826;"SPRF-MS";"DEL01-MS";"UOP04-DEL01-MS"
465629;2022-08-03;"quarta-feira";"07:10:00";"RJ";465;4;"SEROPEDICA";"Acessar a via sem observar a presença dos outros veículos";"Atropelamento de Pedestre";"Com Vítimas Feridas";"Pleno dia";"Crescente";"Céu Claro";"Simples";"Reta";"Sim";2;0;1;0;1;0;1;2;-22,740971;-43,705597;"SPRF-RJ";"DEL01-RJ";"UOP03-DEL01-RJ"
465632;2022-08-03;"quarta-feira";"09:10:00";"SC";101;13,6;"GARUVA";"Acessar a via sem observar a presença dos outros veículos";"Colisão transversal";"Com Vítimas Feridas";"Pleno dia";"Decrescente";"Nublado";"Dupla";"Reta";"Não";4;0;4;0;0;0;4;2;-26,08986803;-48,86345096;"SPRF-SC";"DEL03-SC";"UOP01-DEL03-SC"
465633;2022-08-03;"quarta-feira";"07:30:00";"SC";163;71,4;"SAO MIGUEL DO OESTE";"Condutor deixou de manter distância do veículo da frente";"Colisão lateral mesmo sentido";"Com Vítimas Feridas";"Pleno dia";"Crescente";"Céu Claro";"Dupla";"Reta;Declive";"Sim";2;0;1;0;1;0;1;2;-26,72772401;-53,51281303;"SPRF-SC";"DEL07-SC";"UOP03-DEL07-SC"
465636;2022-08-03;"quarta-feira";"07:10:00";"RJ";101;321;"NITEROI";"Manobra de mudança de faixa";"Colisão traseira";"Com Vítimas Feridas";"Pleno dia";"Decrescente";"Céu Claro";"Dupla";"Reta";"Sim";3;0;1;0;1;1;1;3;-22,86981096;-43,11046465;"SPRF-RJ";"DEL02-RJ";"UOP01-DEL02-RJ"
465637;2022-08-03;"quarta-feira";"09:00:00";"SP";116;230,5;"SAO PAULO";"Ausência de reação do condutor";"Colisão traseira";"Com Vítimas Feridas";"Pleno dia";"Crescente";"Céu Claro";"Múltipla";"Reta";"Sim";2;0;1;0;1;0;1;2;-23,52251783;-46,5855702;"SPRF-SP";"DEL01-SP";"UOP01-DEL01-SP"
465641;2022-08-03;"quarta-feira";"09:25:00";"PR";376;179;"MARINGA";"Condutor deixou de manter distância do veículo da frente";"Colisão traseira";"Com Vítimas Feridas";"Pleno dia";"Decrescente";"Sol";"Dupla";"Reta";"Sim";2;0;1;0;1;0;1;2;-23,42244278;-51,90360392;"SPRF-PR";"DEL09-PR";"UOP01-DEL09-PR"
465643;2022-08-03;"quarta-feira";"07:30:00";"MG";40;575;"ITABIRITO";"Condutor Dormindo";"Saída de leito carroçável";"Com Vítimas Feridas";"Pleno dia";"Crescente";"Céu Claro";"Simples";"Reta";"Não";1;0;1;0;0;0;1;1;-20,25658707;-43,96098023;"SPRF-MG";"DEL01-MG";"UOP02-DEL01-MG"
465647;2022-08-03;"quarta-feira";"07:32:00";"RO";364;426,6;"JARU";"Desrespeitar a preferência no cruzamento";"Colisão transversal";"Com Vítimas Feridas";"Pleno dia";"Crescente";"Sol";"Simples";"Interseção de Vias";"Sim";2;0;1;0;1;0;1;2;-10,432443;-62,479584;"SPRF-RO";"DEL03-RO";"UOP02-DEL03-RO"
465649;2022-08-03;"quarta-feira";"08:30:00";"PE";424;85;"GARANHUNS";"Condutor deixou de manter distância do veículo da frente";"Colisão lateral mesmo sentido";"Com Vítimas Feridas";"Pleno dia";"Crescente";"Nublado";"Simples";"Reta;Aclive";"Não";2;0;1;0;0;1;1;2;-8,85702308;-36,51218326;"SPRF-PE";"DEL03-PE";"UOP01-DEL03-PE"
465650;2022-08-03;"quarta-feira";"10:20:00";"RJ";40;107;"DUQUE DE CAXIAS";"Reação tardia ou ineficiente do condutor";"Colisão traseira";"Com Vítimas Feridas";"Pleno dia";"Crescente";"Céu Claro";"Múltipla";"Reta";"Sim";4;0;2;0;2;0;2;2;-22,65581497;-43,28378546;"SPRF-RJ";"DEL01-RJ";"UOP01-DEL01-RJ"
465653;2022-08-03;"quarta-feira";"09:00:00";"MS";262;386;"TERENOS";"Ultrapassagem Indevida";"Colisão com objeto";"Sem Vítimas";"Pleno dia";"Crescente";"Céu Claro";"Simples";"Reta";"Não";7;0;0;0;7;0;0;2;-20,43132423;-54,89118605;"SPRF-MS";"DEL01-MS";"UOP03-DEL01-MS"