"id";"data_inversa";"dia_semana";"horario";"uf";"br";"km";"municipio";"causa_acidente";"tipo_acidente";"classificacao_acidente";"fase_dia";"sentido_via";"condicao_metereologica";"tipo_pista";"tracado_via";"uso_solo";"pessoas";"mortos";"feridos_leves";"feridos_graves";"ilesos";"ignorados";"feridos";"veiculos";"latitude";"longitude";"regional";"delegacia";"uop"
465656;2022-08-03;"quarta-feira";"09:15:00";"AC";364;138;"RIO BRANCO";"Velocidade Incompatível";"Queda de ocupante de veículo";"Com Vítimas Feridas";"Pleno dia";"Crescente";"Céu Claro";"Dupla";"Reta";"Sim";1;0;1;0;0;0;1;1;-9,96112502;-67,85646604;"SPRF-AC";"DEL01-AC";"UOP01-DEL01-AC"
465657;2022-08-03;"quarta-feira";"10:40:00";"BA";101;283;"LAJE";"Ausência de reação do condutor";"Saída de leito carroçável";"Com Vítimas Fatais";"Pleno dia";"Decrescente";"Sol";"Simples";"Reta";"Não";1;1;0;0;0;0;0;1;-13,136633;-39,294126;"SPRF-BA";"DEL01-BA";"UOP02-DEL01-BA"
465658;2022-02-06;"domingo";"06:40:00";"GO";60;263;"INDIARA";"Reação tardia ou ineficiente do condutor";"Colisão com objeto";"Com Vítimas Fatais";"Pleno dia";"Crescente";"Céu Claro";"Dupla";"Reta";"Sim";4;2;0;2;0;0;2;1;-17,1807;-50,0658;"SPRF-GO";"DEL01-GO";"UOP02-DEL01-GO"
465659;2022-07-29;"sexta-feira";"23:20:00";"MS";163;248;"DOURADOS";"Ausência de reação do condutor";"Saída de leito carroçável";"Com Vítimas Feridas";"Plena Noite";"Crescente";"Céu Claro";"Simples";"Rotatória";"Não";1;0;1;0;0;0;1;1;-22,3203803;-54,8196138;"SPRF-MS";"DEL04-MS";"UOP02-DEL04-MS"
465660;2022-08-03;"quarta-feira";"11:00:00";"RN";101;107;"PARNAMIRIM";"Condutor deixou de manter distância do veículo da frente";"Colisão traseira";"Com Vítimas Feridas";"Pleno dia";"Crescente";"Céu Claro";"Dupla";"Reta";"Sim";2;0;1;0;1;0;1;2;-5,91920796;-35,26412409;"SPRF-RN";"DEL01-RN";"UOP01-DEL01-RN"
465661;2022-07-23;"sábado";"07:30:00";"BA";116;797;"VITORIA DA CONQUISTA";"Reação tardia ou ineficiente do condutor";"Saída de leito carroçável";"Com Vítimas Feridas";"Pleno dia";"Crescente";"Nublado";"Simples";"Reta";"Não";1;0;1;0;0;0;1;1;-14,75755514;-40,6920756;"SPRF-BA";"DEL08-BA";"UOP02-DEL08-BA"
465662;2022-08-03;"quarta-feira";"10:00:00";"MG";50;68;"UBERLANDIA";"Desrespeitar a preferência no cruzamento";"Colisão transversal";"Com Vítimas Feridas";"Pleno dia";"Crescente";"Céu Claro";"Simples";"Interseção de Vias";"Sim";2;0;1;0;1;0;1;2;-18,87971165;-48,2626605;"SPRF-MG";"DEL15-MG";"UOP02-DEL15-MG"
465663;2022-08-03;"quarta-feira";"09:30:00";"MA";230;402;"BALSAS";"Ausência de reação do condutor";"Colisão traseira";"Com Vítimas Feridas";"Pleno dia";"Decrescente";"Sol";"Simples";"Reta";"Sim";2;0;0;1;0;1;1;2;-7,50857084;-46,03158637;"SPRF-MA";"DEL05-MA";"UOP01-DEL05-MA"
465664;2022-03-01;"terça-feira";"14:00:00";"RJ";101;304;"SAO GONCALO";"Reação tardia ou ineficiente do condutor";"Colisão com objeto";"Com Vítimas Fatais";"Pleno dia";"Decrescente";"Céu Claro";"Dupla";"Reta";"Sim";2;1;1;0;0;0;1;1;-22,78491869;-42,98627706;"SPRF-RJ";"DEL02-RJ";"UOP02-DEL02-RJ"
465665;2022-08-03;"quarta-feira";"10:50:00";"TO";153;662,8;"GURUPI";"Manobra de mudança de faixa";"Saída de leito carroçável";"Com Vítimas Feridas";"Pleno dia";"Decrescente";"Sol";"Simples";"Reta;Declive";"Não";1;0;1;0;0;0;1;1;-11,6397959;-49,05342831;"SPRF-TO";"DEL01-TO";"UOP02-DEL01-TO"
465668;2022-08-03;"quarta-feira";"12:00:00";"ES";101;232,7;"FUNDAO";"Condutor deixou de manter distância do veículo da frente";"Colisão traseira";"Com Vítimas Feridas";"Pleno dia";"Crescente";"Céu Claro";"Simples";"Reta";"Não";2;0;1;0;1;0;1;2;-19,961042;-40,406889;"SPRF-ES";"DEL02-ES";"UOP01-DEL02-ES"
465672;2022-08-03;"quarta-feira";"07:50:00";"RO";364;424,1;"JARU";"Desrespeitar a preferência no cruzamento";"Colisão transversal";"Sem Vítimas";"Pleno dia";"Decrescente";"Céu Claro";"Simples";"Reta";"Sim";2;0;0;0;1;1;0;2;-10,4431788;-62,46689106;"SPRF-RO";"DEL03-RO";"UOP02-DEL03-RO"
465673;2022-08-03;"quarta-feira";"10:10:00";"ES";101;293,4;"CARIACICA";"Ausência de reação do condutor";"Tombamento";"Com Vítimas Feridas";"Pleno dia";"Crescente";"Céu Claro";"Dupla";"Reta";"Sim";1;0;0;1;0;0;1;1;-20,31526144;-40,39567044;"SPRF-ES";"DEL01-ES";"UOP01-DEL01-ES"
465674;2022-08-03;"quarta-feira";"12:00:00";"BA";101;875;"TEIXEIRA DE FREITAS";"Acessar a via sem observar a presença dos outros veículos";"Colisão transversal";"Com Vítimas Feridas";"Pleno dia";"Crescente";"Céu Claro";"Dupla";"Reta";"Sim";2;0;1;0;1;0;1;2;-17,524697;-39,708362;"SPRF-BA";"DEL09-BA";"UOP02-DEL09-BA"
465675;2022-08-03;"quarta-feira";"09:50:00";"RJ";393;298;"BARRA MANSA";"Ausência de reação do condutor";"Colisão frontal";"Com Vítimas Feridas";"Pleno dia";"Decrescente";"Sol";"Simples";"Curva";"Sim";2;0;0;1;1;0;1;2;-22,54313289;-44,11298586;"SPRF-RJ";"DEL07-RJ";"UOP02-DEL07-RJ"
465677;2022-08-03;"quarta-feira";"13:30:00";"RJ";356;147;"CAMPOS DOS GOYTACAZES";"Transitar na contramão";"Colisão transversal";"Com Vítimas Feridas";"Pleno dia";"Crescente";"Céu Claro";"Dupla";"Reta";"Sim";2;0;0;1;1;0;1;2;-21,78540158;-41,29978331;"SPRF-RJ";"DEL08-RJ";"UOP02-DEL08-RJ"
465680;2022-08-03;"quarta-feira";"12:45:00";"MG";116;304;"ITAMBACURI";"Ausência de reação do condutor";"Colisão lateral sentido oposto";"Com Vítimas Feridas";"Pleno dia";"Crescente";"Céu Claro";"Simples";"Reta;Aclive";"Não";2;0;1;0;1;0;1;2;-18,02424603;-41,64791895;"SPRF-MG";"DEL11-MG";"UOP01-DEL11-MG"
465681;2022-08-03;"quarta-feira";"14:15:00";"SE";101;106,8;"SAO CRISTOVAO";"Condutor Dormindo";"Colisão com objeto";"Com Vítimas Feridas";"Pleno dia";"Crescente";"Nublado";"Dupla";"Reta";"Não";3;0;1;0;2;0;1;2;-10,95841469;-37,24489601;"SPRF-SE";"DEL02-SE";"UOP01-DEL02-SE"
465682;2022-08-03;"quarta-feira";"11:25:00";"RJ";40;53;"PETROPOLIS";"Avarias e/ou desgaste excessivo no pneu";"Queda de ocupante de veículo";"Com Vítimas Feridas";"Pleno dia";"Crescente";"Céu Claro";"Dupla";"Curva";"Não";1;0;1;0;0;0;1;1;-22,34399896;-43,13243691;"SPRF-RJ";"DEL05-RJ";"UOP02-DEL05-RJ"
465683;2022-08-03;"quarta-feira";"14:10:00";"PR";277;660,1;"MATELANDIA";"Reação tardia ou ineficiente do condutor";"Queda de ocupante de veículo";"Com Vítimas Feridas";"Pleno dia";"Crescente";"Céu Claro";"Dupla";"Curva";"Não";2;0;2;0;0;0;2;1;-25,25136237;-53,99027796;"SPRF-PR";"DEL05-PR";"UOP02-DEL05-PR"
465687;2022-08-03;"quarta-feira";"13:30:00";"MG";40;526;"CONTAGEM";"Velocidade Incompatível";"Queda de ocupante de veículo";"Com Vítimas Feridas";"Pleno dia";"Crescente";"Céu Claro";"Dupla";"Reta";"Não";1;0;1;0;0;0;1;1;-19,89255399;-44,04985478;"SPRF-MG";"DEL01-MG";"UOP02-DEL01-MG"
465688;2022-08-03;"quarta-feira";"13:40:00";"MS";163;256,8;"DOURADOS";"Avarias e/ou desgaste excessivo no pneu";"Tombamento";"Com Vítimas Feridas";"Pleno dia";"Decrescente";"Céu Claro";"Dupla";"Reta";"Sim";1;0;1;0;0;0;1;1;-22,258688;-54,804028;"SPRF-MS";"DEL04-MS";"UOP01-DEL04-MS"
465689;2022-08-03;"quarta-feira";"14:45:00";"SC";280;26,6;"ARAQUARI";"Acessar a via sem observar a presença dos outros veículos";"Colisão frontal";"Com Vítimas Feridas";"Pleno dia";"Crescente";"Céu Claro";"Simples";"Reta";"Sim";2;0;1;0;1;0;1;2;-26,38972308;-48,73411593;"SPRF-SC";"DEL03-SC";"UOP03-DEL03-SC"
465690;2022-08-03;"quarta-feira";"15:00:00";"SP";381;37;"ATIBAIA";"Avarias e/ou desgaste excessivo no pneu";"Queda de ocupante de veículo";"Com Vítimas Feridas";"Pleno dia";"Crescente";"Céu Claro";"Dupla";"Reta";"Sim";2;0;2;0;0;0;2;1;-23,10506237;-46,56881577;"SPRF-SP";"DEL03-SP";"UOP01-DEL03-SP"
465693;2022-08-03;"quarta-feira";"12:15:00";"RS";116;147,4;"CAXIAS DO SUL";"Entrada inopinada do pedestre";"Atropelamento de Pedestre";"Com Vítimas Feridas";"Pleno dia";"Decrescente";"Céu Claro";"Dupla";"Reta";"Sim";3;0;1;0;1;1;1;2;-29,15098068;-51,14624977;"SPRF-RS";"DEL05-RS";"UOP01-DEL05-RS"
465694;2022-04-09;"sábado";"23:35:00";"RJ";465;21;"NOVA IGUACU";"Reação tardia ou ineficiente do condutor";"Queda de ocupante de veículo";"Com Vítimas Feridas";"Plena Noite";"Decrescente";"Ignorado";"Dupla";"Reta";"Sim";2;0;1;1;0;0;2;1;-22,85499698;-43,60189503;"SPRF-RJ";"DEL03-RJ";"UOP01-DEL03-RJ"
465695;2022-08-03;"quarta-feira";"10:10:00";"MG";153;41,3;"CANAPOLIS";"Reação tardia ou ineficiente do condutor";"Tombamento";"Com Vítimas Feridas";"Pleno dia";"Crescente";"Céu Claro";"Dupla";"Reta";"Não";2;0;2;0;0;0;2;1;-18,7497043;-49,08485322;"SPRF-MG";"DEL15-MG";"UOP03-DEL15-MG"
465697;2022-08-03;"quarta-feira";"15:15:00";"PA";163;978;"SANTAREM";"Transitar na contramão";"Colisão frontal";"Com Vítimas Feridas";"Pleno dia";"Decrescente";"Céu Claro";"Simples";"Reta";"Não";4;0;2;1;1;0;3;2;-2,6388318;-54,76592504;"SPRF-PA";"DEL05-PA";"UOP01-DEL05-PA"
465701;2022-08-03;"quarta-feira";"14:25:00";"PR";376;3,9;"SAO JOSE DOS PINHAIS";"Condutor deixou de manter distância do veículo da frente";"Colisão traseira";"Com Vítimas Feridas";"Pleno dia";"Decrescente";"Céu Claro";"Dupla";"Reta";"Sim";2;0;1;0;1;0;1;2;-25,5307;-49,1958;"SPRF-PR";"DEL01-PR";"UOP04-DEL01-PR"
465704;2022-08-03;"quarta-feira";"09:35:00";"CE";222;224,8;"SOBRAL";"Acostamento em desnível";"Tombamento";"Com Vítimas Feridas";"Pleno dia";"Crescente";"Chuva";"Simples";"Reta";"Sim";1;0;1;0;0;0;1;1;-3,71179812;-40,34380504;"SPRF-CE";"DEL04-CE";"UOP01-DEL04-CE"
465705;2022-08-03;"quarta-feira";"15:10:00";"RS";116;249;"SAO LEOPOLDO";"Ausência de reação do condutor";"Colisão traseira";"Com Vítimas Fatais";"Pleno dia";"Crescente";"Céu Claro";"Dupla";"Aclive;Interseção de Vias";"Sim";2;1;0;0;1;0;0;2;-29,7831804;-51,16099063;"SPRF-RS";"DEL01-RS";"UOP02-DEL01-RS"
465709;2022-08-03;"quarta-feira";"14:30:00";"MS";163;499;"CAMPO GRANDE";"Avarias e/ou desgaste excessivo no pneu";"Tombamento";"Com Vítimas Feridas";"Pleno dia";"Decrescente";"Céu Claro";"Simples";"Reta";"Não";2;0;2;0;0;0;2;1;-20,334964;-54,518658;"SPRF-MS";"DEL01-MS";"UOP02-DEL01-MS"
465710;2022-08-03;"quarta-feira";"16:15:00";"PR";369;132;"IBIPORA";"Desrespeitar a preferência no cruzamento";"Colisão transversal";"Com Vítimas Feridas";"Pleno dia";"Crescente";"Céu Claro";"Dupla";"Interseção de Vias";"Não";3;0;1;1;1;0;2;2;-23,26098219;-51,01304054;"SPRF-PR";"DEL07-PR";"UOP01-DEL07-PR"
465711;2022-08-03;"quarta-feira";"16:10:00";"MA";135;9,6;"SAO LUIS";"Manobra de mudança de faixa";"Atropelamento de Pedestre";"Com Vítimas Feridas";"Pleno dia";"Decrescente";"Céu Claro";"Dupla";"Reta";"Sim";2;0;1;0;1;0;1;2;-2,64941425;-44,28038883;"SPRF-MA";"DEL01-MA";"UOP01-DEL01-MA"
465712;2022-08-03;"quarta-feira";"16:00:00";"ES";101;304;"VIANA";"Demais Fenômenos da natureza";"Queda de ocupante de veículo";"Com Vítimas Feridas";"Pleno dia";"Crescente";"Céu Claro";"Dupla";"Reta";"Sim";2;0;1;0;1;0;1;1;-20,3800645;-40,45431391;"SPRF-ES";"DEL01-ES";"UOP01-DEL01-ES"
465714;2022-08-03;"quarta-feira";"16:50:00";"PA";230;131;"MARABA";"Reação tardia ou ineficiente do condutor";"Tombamento";"Com Vítimas Feridas";"Pleno dia";"Decrescente";"Céu Claro";"Simples";"Reta";"Não";1;0;1;0;0;0;1;1;-5,36972782;-49,19186189;"SPRF-PA";"DEL03-PA";"UOP01-DEL03-PA"
465717;2022-08-03;"quarta-feira";"17:05:00";"SP";116;229;"SAO PAULO";"Demais falhas mecânicas ou elétricas";"Colisão com objeto";"Com Vítimas Feridas";"Pleno dia";"Crescente";"Céu Claro";"Múltipla";"Reta";"Sim";1;0;1;0;0;0;1;1;-23,51291902;-46,57604698;"SPRF-SP";"DEL01-SP";"UOP01-DEL01-SP"
465718;2022-08-03;"quarta-feira";"17:00:00";"PA";316;61,1;"CASTANHAL";"Reação tardia ou ineficiente do condutor";"Colisão traseira";"Sem Vítimas";"Pleno dia";"Crescente";"Céu Claro";"Dupla";"Interseção de Vias";"Sim";3;0;0;0;3;0;0;2;-1,29686015;-47,94639002;"SPRF-PA";"DEL01-PA";"UOP01-DEL01-PA"
465720;2022-08-03;"quarta-feira";"15:30:00";"RO";174;13;"VILHENA";"Acessar a via sem observar a presença dos outros veículos";"Colisão transversal";"Com Vítimas Feridas";"Pleno dia";"Decrescente";"Céu Claro";"Simples";"Reta";"Sim";2;0;2;0;0;0;2;2;-12,74140004;-60,13026401;"SPRF-RO";"DEL04-RO";"UOP01-DEL04-RO"
465721;2022-08-03;"quarta-feira";"17:10:00";"RS";290;91;"PORTO ALEGRE";"Reação tardia ou ineficiente do condutor";"Colisão com objeto";"Com Vítimas Feridas";"Pleno dia";"Decrescente";"Céu Claro";"Múltipla";"Curva";"Não";2;0;1;0;1;0;1;1;-29,969055;-51,167439;"SPRF-RS";"DEL01-RS";"UOP01-DEL01-RS"
465722;2022-08-03;"quarta-feira";"15:15:00";"SC";116;29,3;"ITAIOPOLIS";"Reação tardia ou ineficiente do condutor";"Colisão traseira";"Com Vítimas Feridas";"Pleno dia";"Decrescente";"Céu Claro";"Simples";"Aclive";"Não";4;0;3;0;1;0;3;3;-26,30563681;-49,95562916;"SPRF-SC";"DEL06-SC";"UOP01-DEL06-SC"
465723;2022-08-03;"quarta-feira";"18:05:00";"SC";101;198,1;"BIGUACU";"Manobra de mudança de faixa";"Colisão lateral mesmo sentido";"Com Vítimas Feridas";"Anoitecer";"Crescente";"Nublado";"Múltipla";"Reta";"Sim";2;0;1;0;1;0;1;2;-27,52658712;-48,63506019;"SPRF-SC";"DEL01-SC";"UOP01-DEL01-SC"
465725;2022-08-03;"quarta-feira";"18:10:00";"GO";414;436;"ANAPOLIS";"Desrespeitar a preferência no cruzamento";"Colisão transversal";"Com Vítimas Feridas";"Anoitecer";"Crescente";"Céu Claro";"Simples";"Rotatória";"Não";2;0;0;1;1;0;1;2;-16,25482505;-48,9361188;"SPRF-GO";"DEL02-GO";"UOP01-DEL02-GO"
465726;2022-08-03;"quarta-feira";"17:50:00";"RS";386;37;"FREDERICO WESTPHALEN";"Acessar a via sem observar a presença dos outros veículos";"Colisão transversal";"Com Vítimas Feridas";"Anoitecer";"Decrescente";"Céu Claro";"Simples";"Reta";"Sim";2;0;1;0;1;0;1;2;-27,382351;-53,399605;"SPRF-RS";"DEL08-RS";"UOP02-DEL08-RS"
465727;2022-08-03;"quarta-feira";"17:39:00";"PR";277;669;"MEDIANEIRA";"Reação tardia ou ineficiente do condutor";"Saída de leito carroçável";"Com Vítimas Feridas";"Pleno dia";"Decrescente";"Céu Claro";"Dupla";"Reta";"Sim";1;0;1;0;0;0;1;1;-25,27562214;-54,0709859;"SPRF-PR";"DEL05-PR";"UOP02-DEL05-PR"
465728;2022-08-03;"quarta-feira";"18:20:00";"MG";381;496;"BETIM";"Demais falhas mecânicas ou elétricas";"Tombamento";"Com Vítimas Feridas";"Plena Noite";"Crescente";"Céu Claro";"Múltipla";"Reta";"Sim";2;0;2;0;0;0;2;1;-19,97593014;-44,19834137;"SPRF-MG";"DEL01-MG";"UOP03-DEL01-MG"
465731;2022-08-03;"quarta-feira";"14:35:00";"RJ";116;168;"SAO JOAO DE MERITI";"Ausência de reação do condutor";"Queda de ocupante de veículo";"Com Vítimas Feridas";"Pleno dia";"Decrescente";"Nublado";"Dupla";"Reta";"Sim";1;0;1;0;0;0;1;1;-22,819969;-43,31499997;"SPRF-RJ";"DEL01-RJ";"UOP02-DEL01-RJ"
465732;2022-08-03;"quarta-feira";"17:15:00";"PR";116;210,3;"RIO NEGRO";"Acessar a via sem observar a presença dos outros veículos";"Colisão transversal";"Com Vítimas Feridas";"Pleno dia";"Crescente";"Céu Claro";"Simples";"Rotatória";"Sim";1;0;1;0;0;0;1;1;-26,07980928;-49,76934983;"SPRF-SC";"DEL06-SC";"UOP01-DEL06-SC"
465733;2022-08-03;"quarta-feira";"18:00:00";"PR";476;136;"CURITIBA";"Condutor deixou de manter distância do veículo da frente";"Colisão traseira";"Com Vítimas Feridas";"Plena Noite";"Crescente";"Céu Claro";"Múltipla";"Reta";"Sim";2;0;1;0;1;0;1;2;-25,491047;-49,271679;"SPRF-PR";"DEL01-PR";"UOP03-DEL01-PR"
465734;2022-06-12;"domingo";"18:37:00";"SC";280;81,9;"CORUPA";"Manobra de mudança de faixa";"Colisão frontal";"Sem Vítimas";"Plena Noite";"Decrescente";"Céu Claro";"Simples";"Reta";"Não";2;0;0;0;2;0;0;2;-26,425429;-49,252722;"SPRF-SC";"DEL06-SC";"UOP03-DEL06-SC"
465737;2022-08-03;"quarta-feira";"17:10:00";"MG";116;529;"CARATINGA";"Reação tardia ou ineficiente do condutor";"Colisão traseira";"Com Vítimas Feridas";"Pleno dia";"Crescente";"Céu Claro";"Dupla";"Declive;Reta";"Sim";2;0;1;0;1;0;1;2;-19,80209596;-42,13678193;"SPRF-MG";"DEL06-MG";"UOP02-DEL06-MG"
465738;2022-08-03;"quarta-feira";"18:50:00";"MG";262;438,4;"NOVA SERRANA";"Reação tardia ou ineficiente do condutor";"Tombamento";"Com Vítimas Feridas";"Plena Noite";"Crescente";"Céu Claro";"Simples";"Reta";"Sim";1;0;1;0;0;0;1;1;-19,89783676;-44,86031995;"SPRF-MG";"DEL08-MG";"UOP03-DEL08-MG"
465740;2022-08-03;"quarta-feira";"17:05:00";"PB";230;259;"JUNCO DO SERIDO";"Pista Escorregadia";"Tombamento";"Com Vítimas Fatais";"Plena Noite";"Decrescente";"Chuva";"Simples";"Declive";"Não";1;1;0;0;0;0;0;1;-7,0085;-36,697;"SPRF-PB";"DEL03-PB";"UOP01-DEL03-PB"
465742;2022-08-03;"quarta-feira";"19:15:00";"PR";369;152,7;"LONDRINA";"Ultrapassagem Indevida";"Colisão lateral mesmo sentido";"Com Vítimas Feridas";"Plena Noite";"Crescente";"Céu Claro";"Dupla";"Reta;Interseção de Vias";"Sim";2;0;1;0;1;0;1;2;-23,29370258;-51,18738413;"SPRF-PR";"DEL07-PR";"UOP01-DEL07-PR"
465743;2022-08-03;"quarta-feira";"18:30:00";"SC";470;52;"BLUMENAU";"Condutor deixou de manter distância do veículo da frente";"Colisão traseira";"Com Vítimas Feridas";"Plena Noite";"Decrescente";"Nublado";"Simples";"Interseção de Vias;Em Obras;Reta";"Não";2;0;1;0;1;0;1;2;-26,862286;-49,093903;"SPRF-SC";"DEL04-SC";"UOP01-DEL04-SC"
465744;2022-08-03;"quarta-feira";"15:40:00";"RO";364;425;"JARU";"Acessar a via sem observar a presença dos outros veículos";"Colisão transversal";"Com Vítimas Feridas";"Pleno dia";"Crescente";"Céu Claro";"Simples";"Aclive";"Sim";2;0;1;0;1;0;1;2;-10,43752488;-62,47169791;"SPRF-RO";"DEL03-RO";"UOP02-DEL03-RO"
465745;2022-08-03;"quarta-feira";"19:35:00";"SP";101;45,5;"UBATUBA";"Acessar a via sem observar a presença dos outros veículos";"Colisão frontal";"Com Vítimas Feridas";"Plena Noite";"Crescente";"Céu Claro";"Simples";"Reta";"Sim";3;0;1;1;0;1;2;3;-23,41779396;-45,06788408;"SPRF-SP";"DEL06-SP";"UOP01-DEL06-SP"
465746;2022-08-03;"quarta-feira";"19:00:00";"PA";316;67,8;"CASTANHAL";"Acessar a via sem observar a presença dos outros veículos";"Colisão lateral mesmo sentido";"Com Vítimas Feridas";"Plena Noite";"Decrescente";"Céu Claro";"Simples";"Reta";"Sim";2;0;1;0;1;0;1;2;-1,2948794;-47,89280703;"SPRF-PA";"DEL01-PA";"UOP01-DEL01-PA"
465747;2022-08-03;"quarta-feira";"17:10:00";"SC";101;55,4;"ARAQUARI";"Manobra de mudança de faixa";"Colisão lateral mesmo sentido";"Com Vítimas Feridas";"Pleno dia";"Crescente";"Nublado";"Dupla";"Reta";"Não";3;0;1;0;0;2;1;3;-26,42280898;-48,82977496;"SPRF-SC";"DEL03-SC";"UOP01-DEL03-SC"
465749;2022-08-03;"quarta-feira";"19:05:00";"GO";70;2,9;"AGUAS LINDAS DE GOIAS";"Pedestre cruzava a pista fora da faixa";"Atropelamento de Pedestre";"Com Vítimas Feridas";"Plena Noite";"Crescente";"Céu Claro";"Dupla";"Aclive;Curva";"Sim";2;0;0;1;1;0;1;2;-15,767021;-48,229945;"SPRF-DF";"DEL03-DF";"UOP02-DEL03-DF"
465750;2022-08-03;"quarta-feira";"19:10:00";"GO";153;360;"JARAGUA";"Acesso irregular";"Colisão transversal";"Com Vítimas Feridas";"Plena Noite";"Decrescente";"Céu Claro";"Simples";"Declive";"Não";5;0;3;0;1;1;3;3;-15,750625;-49,316742;"SPRF-GO";"DEL02-GO";"UOP02-DEL02-GO"
465751;2022-08-03;"quarta-feira";"17:00:00";"MG";40;610,2;"CONGONHAS";"Acesso irregular";"Colisão transversal";"Sem Vítimas";"Pleno dia";"Decrescente";"Céu Claro";"Simples";"Curva";"Sim";2;0;0;0;1;1;0;2;-20,507328;-43,838364;"SPRF-MG";"DEL05-MG";"UOP02-DEL05-MG"
465754;2022-08-03;"quarta-feira";"18:20:00";"RJ";101;486;"ANGRA DOS REIS";"Pedestre cruzava a pista fora da faixa";"Atropelamento de Pedestre";"Com Vítimas Feridas";"Anoitecer";"Crescente";"Nublado";"Simples";"Reta";"Sim";2;0;0;1;1;0;1;2;-22,97708786;-44,29634653;"SPRF-RJ";"DEL03-RJ";"UOP03-DEL03-RJ"
465756;2022-06-12;"domingo";"20:49:00";"PR";376;158;"MANDAGUACU";"Ausência de reação do condutor";"Tombamento";"Com Vítimas Feridas";"Plena Noite";"Crescente";"Ignorado";"Dupla";"Reta";"Não";1;0;0;1;0;0;1;1;-23,3543054;-52,09084982;"SPRF-PR";"DEL09-PR";"UOP01-DEL09-PR"
465757;2022-08-03;"quarta-feira";"20:30:00";"RS";392;108;"CANGUCU";"Ingestão de álcool pelo condutor";"Colisão frontal";"Com Vítimas Feridas";"Plena Noite";"Crescente";"Chuva";"Simples";"Reta";"Não";2;0;1;0;1;0;1;2;-31,47814089;-52,62386287;"SPRF-RS";"DEL07-RS";"UOP01-DEL07-RS"
465758;2022-08-03;"quarta-feira";"18:00:00";"PB";361;63,4;"OLHO DAGUA";"Transitar na contramão";"Colisão frontal";"Com Vítimas Feridas";"Anoitecer";"Decrescente";"Chuva";"Simples";"Reta";"Não";2;0;0;1;1;0;1;2;-7,20701203;-37,75020904;"SPRF-PB";"DEL03-PB";"UOP01-DEL03-PB"
465759;2022-08-03;"quarta-feira";"16:00:00";"AM";174;949;"MANAUS";"Pista esburacada";"Saída de leito carroçável";"Com Vítimas Feridas";"Pleno dia";"Crescente";"Nublado";"Simples";"Reta";"Não";2;0;1;0;1;0;1;1;-2,40805199;-60,03384194;"SPRF-AM";"DEL01-AM";"UOP01-DEL01-AM"
465761;2022-08-03;"quarta-feira";"18:40:00";"RN";304;4;"MOSSORO";"Acessar a via sem observar a presença dos outros veículos";"Colisão transversal";"Com Vítimas Feridas";"Plena Noite";"Crescente";"Céu Claro";"Simples";"Reta";"Não";2;0;0;1;0;1;1;2;-4,8799486;-37,447144;"SPRF-RN";"DEL04-RN";"UOP02-DEL04-RN"
465762;2022-08-03;"quarta-feira";"19:10:00";"PA";316;106;"SANTA MARIA DO PARA";"Acesso irregular";"Colisão transversal";"Com Vítimas Feridas";"Plena Noite";"Crescente";"Céu Claro";"Dupla";"Reta";"Não";3;0;2;0;0;1;2;2;-1,34101996;-47,55122901;"SPRF-PA";"DEL01-PA";"UOP02-DEL01-PA"
465764;2022-08-03;"quarta-feira";"19:30:00";"SC";101;281;"IMBITUBA";"Demais falhas mecânicas ou elétricas";"Tombamento";"Com Vítimas Feridas";"Plena Noite";"Decrescente";"Céu Claro";"Múltipla";"Reta";"Não";2;0;2;0;0;0;2;1;-28,203747;-48,698228;"SPRF-SC";"DEL02-SC";"UOP03-DEL02-SC"
465766;2022-08-03;"quarta-feira";"19:25:00";"MT";163;746;"SORRISO";"Demais falhas na via";"Saída de leito carroçável";"Sem Vítimas";"Plena Noite";"Decrescente";"Céu Claro";"Simples";"Curva";"Sim";1;0;0;0;1;0;0;1;-12,72348109;-55,82831683;"SPRF-MT";"DEL06-MT";"UOP01-DEL06-MT"
465767;2022-08-03;"quarta-feira";"20:10:00";"GO";364;114;"APARECIDA DO RIO DOCE";"Reação tardia ou ineficiente do condutor";"Tombamento";"Com Vítimas Feridas";"Plena Noite";"Crescente";"Céu Claro";"Simples";"Curva";"Não";1;0;1;0;0;0;1;1;-18,30737172;-51,14376068;"SPRF-GO";"DEL05-GO";"UOP01-DEL05-GO"
465769;2022-08-03;"quarta-feira";"20:30:00";"CE";116;226,5;"ALTO SANTO";"Deficiência do Sistema de Iluminação/Sinalização";"Colisão transversal";"Com Vítimas Fatais";"Plena Noite";"Crescente";"Céu Claro";"Simples";"Reta;Interseção de Vias";"Não";3;1;0;1;1;0;1;2;-5,39414379;-38,23126316;"SPRF-CE";"DEL03-CE";"UOP01-DEL03-CE"
465771;2022-08-03;"quarta-feira";"17:00:00";"RJ";40;105;"DUQUE DE CAXIAS";"Conversão proibida";"Colisão transversal";"Com Vítimas Feridas";"Pleno dia";"Decrescente";"Céu Claro";"Múltipla";"Interseção de Vias";"Sim";3;0;2;0;1;0;2;2;-22,63784806;-43,28428824;"SPRF-RJ";"DEL01-RJ";"UOP01-DEL01-RJ"
465772;2022-08-03;"quarta-feira";"21:20:00";"GO";40;21,4;"LUZIANIA";"Demais falhas mecânicas ou elétricas";"Colisão transversal";"Com Vítimas Feridas";"Plena Noite";"Crescente";"Céu Claro";"Dupla";"Reta";"Sim";2;0;1;0;1;0;1;2;-16,227484;-47,914109;"SPRF-DF";"DEL01-DF";"UOP01-DEL01-DF"