"id";"data_inversa";"dia_semana";"horario";"uf";"br";"km";"municipio";"causa_acidente";"tipo_acidente";"classificacao_acidente";"fase_dia";"sentido_via";"condicao_metereologica";"tipo_pista";"tracado_via";"uso_solo";"pessoas";"mortos";"feridos_leves";"feridos_graves";"ilesos";"ignorados";"feridos";"veiculos";"latitude";"longitude";"regional";"delegacia";"uop"
466009;2022-08-05;"sexta-feira";"06:20:00";"DF";60;4,2;"BRASILIA";"Manobra de mudança de faixa";"Colisão transversal";"Com Vítimas Fatais";"Amanhecer";"Decrescente";"Sol";"Dupla";"Retorno Regulamentado;Aclive;Reta;Interseção de Vias";"Sim";3;1;0;1;1;0;1;2;-15,89400071;-48,09845567;"SPRF-DF";"DEL03-DF";"UOP01-DEL03-DF"
466011;2022-08-05;"sexta-feira";"07:15:00";"RJ";116;168;"SAO JOAO DE MERITI";"Condutor deixou de manter distância do veículo da frente";"Tombamento";"Com Vítimas Feridas";"Pleno dia";"Crescente";"Céu Claro";"Dupla";"Reta";"Sim";2;0;1;0;1;0;1;1;-22,819969;-43,31499997;"SPRF-RJ";"DEL01-RJ";"UOP02-DEL01-RJ"
466012;2022-08-04;"quinta-feira";"21:05:00";"MG";262;371;"JUATUBA";"Condutor Dormindo";"Colisão traseira";"Com Vítimas Feridas";"Plena Noite";"Crescente";"Céu Claro";"Dupla";"Reta";"Sim";1;0;1;0;0;0;1;1;-19,97212126;-44,30817896;"SPRF-MG";"DEL01-MG";"UOP03-DEL01-MG"
466013;2022-08-04;"quinta-feira";"14:00:00";"RJ";40;121,5;"DUQUE DE CAXIAS";"Reação tardia ou ineficiente do condutor";"Tombamento";"Com Vítimas Feridas";"Pleno dia";"Decrescente";"Céu Claro";"Múltipla";"Reta";"Sim";1;0;0;1;0;0;1;1;-22,78185499;-43,28571273;"SPRF-RJ";"DEL01-RJ";"UOP01-DEL01-RJ"
466014;2022-08-05;"sexta-feira";"07:20:00";"SP";116;209,4;"GUARULHOS";"Reação tardia ou ineficiente do condutor";"Colisão lateral mesmo sentido";"Com Vítimas Feridas";"Pleno dia";"Crescente";"Céu Claro";"Dupla";"Reta";"Sim";3;0;2;0;1;0;2;2;-23,42511799;-46,40221101;"SPRF-SP";"DEL01-SP";"UOP01-DEL01-SP"
466015;2022-08-04;"quinta-feira";"15:20:00";"RJ";465;13;"SEROPEDICA";"Ingestão de álcool pelo condutor";"Colisão transversal";"Sem Vítimas";"Pleno dia";"Decrescente";"Céu Claro";"Simples";"Reta";"Sim";2;0;0;0;2;0;0;2;-22,798468;-43,645508;"SPRF-RJ";"DEL01-RJ";"UOP03-DEL01-RJ"
466016;2022-08-05;"sexta-feira";"07:40:00";"CE";116;4,5;"FORTALEZA";"Condutor deixou de manter distância do veículo da frente";"Colisão traseira";"Sem Vítimas";"Pleno dia";"Decrescente";"Céu Claro";"Múltipla";"Reta";"Sim";2;0;0;0;2;0;0;2;-3,7867209;-38,5114568;"SPRF-CE";"DEL01-CE";"UOP02-DEL01-CE"
466017;2022-08-05;"sexta-feira";"06:40:00";"RN";110;113,1;"UPANEMA";"Reação tardia ou ineficiente do condutor";"Tombamento";"Com Vítimas Feridas";"Pleno dia";"Decrescente";"Céu Claro";"Simples";"Declive;Reta";"Não";2;0;2;0;0;0;2;1;-5,73075114;-37,29458012;"SPRF-RN";"DEL04-RN";"UOP01-DEL04-RN"
466019;2022-08-05;"sexta-feira";"07:50:00";"PR";369;523,7;"CASCAVEL";"Acessar a via sem observar a presença dos outros veículos";"Colisão transversal";"Com Vítimas Feridas";"Pleno dia";"Decrescente";"Nevoeiro/Neblina";"Simples";"Declive;Reta";"Sim";3;0;0;2;1;0;2;2;-24,95964282;-53,39883327;"SPRF-PR";"DEL04-PR";"UOP01-DEL04-PR"
466020;2022-08-05;"sexta-feira";"07:45:00";"PR";376;4,5;"APUCARANA";"Conversão proibida";"Colisão transversal";"Com Vítimas Feridas";"Pleno dia";"Crescente";"Sol";"Simples";"Interseção de Vias;Reta";"Sim";2;0;1;0;0;1;1;2;-23,552643;-51,447584;"SPRF-PR";"DEL07-PR";"UOP03-DEL07-PR"
466021;2022-08-05;"sexta-feira";"08:15:00";"ES";259;69;"COLATINA";"Conversão proibida";"Tombamento";"Com Vítimas Feridas";"Plena Noite";"Crescente";"Céu Claro";"Simples";"Curva";"Não";2;0;0;1;1;0;1;2;-19,50000595;-40,74732597;"SPRF-ES";"DEL02-ES";"UOP01-DEL02-ES"
466023;2022-08-05;"sexta-feira";"08:00:00";"SP";116;201;"ARUJA";"Velocidade Incompatível";"Tombamento";"Com Vítimas Feridas";"Pleno dia";"Decrescente";"Céu Claro";"Múltipla";"Curva";"Não";1;0;1;0;0;0;1;1;-23,40362877;-46,33050107;"SPRF-SP";"DEL01-SP";"UOP01-DEL01-SP"
466025;2022-08-04;"quinta-feira";"22:30:00";"MS";163;210,8;"CAARAPO";"Acessar a via sem observar a presença dos outros veículos";"Colisão transversal";"Com Vítimas Feridas";"Plena Noite";"Decrescente";"Céu Claro";"Simples";"Reta";"Não";2;0;1;0;1;0;1;2;-22,62199406;-54,81674471;"SPRF-MS";"DEL04-MS";"UOP02-DEL04-MS"
466026;2022-08-05;"sexta-feira";"08:20:00";"BA";324;612,8;"SALVADOR";"Ausência de reação do condutor";"Colisão traseira";"Com Vítimas Feridas";"Pleno dia";"Crescente";"Céu Claro";"Dupla";"Reta";"Não";7;0;1;0;6;0;1;3;-12,84664721;-38,41741648;"SPRF-BA";"DEL01-BA";"UOP01-DEL01-BA"
466027;2022-08-05;"sexta-feira";"07:00:00";"MT";163;118;"RONDONOPOLIS";"Avarias e/ou desgaste excessivo no pneu";"Tombamento";"Com Vítimas Feridas";"Pleno dia";"Crescente";"Céu Claro";"Dupla";"Reta";"Sim";2;0;2;0;0;0;2;1;-16,51361392;-54,65519619;"SPRF-MT";"DEL02-MT";"UOP01-DEL02-MT"
466030;2022-08-05;"sexta-feira";"08:45:00";"PE";101;50;"ABREU E LIMA";"Acessar a via sem observar a presença dos outros veículos";"Colisão transversal";"Com Vítimas Feridas";"Pleno dia";"Crescente";"Céu Claro";"Dupla";"Reta";"Sim";3;0;2;0;1;0;2;2;-7,90938602;-34,90123228;"SPRF-PE";"DEL01-PE";"UOP02-DEL01-PE"
466031;2022-08-05;"sexta-feira";"08:30:00";"AL";423;37;"INHAPI";"Demais falhas mecânicas ou elétricas";"Colisão com objeto";"Sem Vítimas";"Pleno dia";"Crescente";"Nublado";"Simples";"Reta";"Não";2;0;0;0;2;0;0;1;-9,22455527;-37,60991991;"SPRF-AL";"DEL03-AL";"UOP02-DEL03-AL"
466033;2022-08-05;"sexta-feira";"09:00:00";"ES";262;166;"IBATIBA";"Acessar a via sem observar a presença dos outros veículos";"Colisão transversal";"Sem Vítimas";"Pleno dia";"Decrescente";"Céu Claro";"Simples";"Rotatória";"Não";1;0;0;0;0;1;0;1;-20,2468411;-41,56027697;"SPRF-ES";"DEL01-ES";"UOP02-DEL01-ES"
466034;2022-08-05;"sexta-feira";"08:20:00";"PE";407;123,3;"PETROLINA";"Condutor deixou de manter distância do veículo da frente";"Colisão traseira";"Com Vítimas Feridas";"Pleno dia";"Decrescente";"Céu Claro";"Simples";"Reta";"Sim";3;0;1;0;2;0;1;3;-9,36149178;-40,54594462;"SPRF-PE";"DEL06-PE";"UOP01-DEL06-PE"
466035;2022-08-05;"sexta-feira";"07:44:00";"PR";369;183,2;"ARAPONGAS";"Desrespeitar a preferência no cruzamento";"Colisão transversal";"Com Vítimas Feridas";"Pleno dia";"Crescente";"Céu Claro";"Dupla";"Reta";"Sim";1;0;1;0;0;0;1;1;-23,393876;-51,423872;"SPRF-PR";"DEL07-PR";"UOP03-DEL07-PR"
466038;2022-08-05;"sexta-feira";"09:45:00";"MG";381;573,8;"ITAGUARA";"Demais falhas mecânicas ou elétricas";"Queda de ocupante de veículo";"Com Vítimas Feridas";"Pleno dia";"Crescente";"Céu Claro";"Dupla";"Reta";"Não";2;0;1;0;0;1;1;2;-20,44213356;-44,5639801;"SPRF-MG";"DEL04-MG";"UOP01-DEL04-MG"
466039;2022-08-05;"sexta-feira";"10:00:00";"SP";116;230;"SAO PAULO";"Manobra de mudança de faixa";"Colisão lateral mesmo sentido";"Com Vítimas Feridas";"Pleno dia";"Crescente";"Céu Claro";"Múltipla";"Reta";"Sim";3;0;1;0;2;0;1;2;-23,52251783;-46,5855702;"SPRF-SP";"DEL01-SP";"UOP01-DEL01-SP"
466040;2022-06-22;"quarta-feira";"14:40:00";"RJ";116;123;"MAGE";"Obras na pista";"Eventos atípicos";"Com Vítimas Feridas";"Pleno dia";"Decrescente";"Céu Claro";"Dupla";"Reta";"Não";2;0;1;0;1;0;1;1;-22,64080106;-43,06288894;"SPRF-RJ";"DEL04-RJ";"UOP02-DEL04-RJ"
466042;2022-06-10;"sexta-feira";"17:20:00";"MG";381;487;"BETIM";"Reação tardia ou ineficiente do condutor";"Tombamento";"Com Vítimas Feridas";"Pleno dia";"Crescente";"Céu Claro";"Múltipla";"Aclive;Reta";"Sim";1;0;0;1;0;0;1;1;-19,95526;-44,116024;"SPRF-MG";"DEL01-MG";"UOP03-DEL01-MG"
466043;2022-08-05;"sexta-feira";"10:00:00";"CE";222;90;"UMIRIM";"Acessar a via sem observar a presença dos outros veículos";"Colisão transversal";"Com Vítimas Feridas";"Pleno dia";"Crescente";"Céu Claro";"Simples";"Interseção de Vias;Curva";"Sim";4;0;1;0;2;1;1;3;-3,67800158;-39,34754409;"SPRF-CE";"DEL04-CE";"UOP03-DEL04-CE"
466044;2022-08-05;"sexta-feira";"10:25:00";"MG";381;352;"JOAO MONLEVADE";"Reação tardia ou ineficiente do condutor";"Saída de leito carroçável";"Com Vítimas Feridas";"Pleno dia";"Crescente";"Sol";"Simples";"Curva";"Não";5;0;3;2;0;0;5;1;-19,84205535;-43,17383018;"SPRF-MG";"DEL03-MG";"UOP01-DEL03-MG"
466045;2022-08-05;"sexta-feira";"10:20:00";"SP";116;60,8;"GUARATINGUETA";"Reação tardia ou ineficiente do condutor";"Colisão traseira";"Com Vítimas Feridas";"Pleno dia";"Crescente";"Céu Claro";"Dupla";"Declive;Reta";"Sim";3;0;2;0;0;1;2;3;-22,79763613;-45,1674588;"SPRF-SP";"DEL08-SP";"UOP01-DEL08-SP"
466048;2022-08-05;"sexta-feira";"07:50:00";"BA";415;51;"ITABUNA";"Pedestre andava na pista";"Atropelamento de Pedestre";"Com Vítimas Feridas";"Pleno dia";"Crescente";"Céu Claro";"Simples";"Interseção de Vias";"Não";2;0;0;1;1;0;1;2;-14,81574494;-39,29612388;"SPRF-BA";"DEL05-BA";"UOP01-DEL05-BA"
466051;2022-08-05;"sexta-feira";"11:15:00";"PR";376;663;"GUARATUBA";"Demais falhas mecânicas ou elétricas";"Incêndio";"Sem Vítimas";"Pleno dia";"Decrescente";"Céu Claro";"Dupla";"Curva";"Não";1;0;0;0;1;0;0;1;-25,85276631;-48,97556799;"SPRF-PR";"DEL01-PR";"UOP04-DEL01-PR"
466052;2022-08-05;"sexta-feira";"10:00:00";"PR";277;160,3;"PALMEIRA";"Transitar na contramão";"Saída de leito carroçável";"Com Vítimas Feridas";"Pleno dia";"Decrescente";"Céu Claro";"Simples";"Aclive";"Não";2;0;1;0;1;0;1;2;-25,47289;-49,895964;"SPRF-PR";"DEL03-PR";"UOP03-DEL03-PR"
466054;2022-08-05;"sexta-feira";"11:32:00";"SC";101;213;"PALHOCA";"Trafegar com motocicleta (ou similar) entre as faixas";"Colisão traseira";"Com Vítimas Feridas";"Pleno dia";"Decrescente";"Céu Claro";"Múltipla";"Reta";"Sim";2;0;1;0;1;0;1;2;-27,63697369;-48,66514142;"SPRF-SC";"DEL01-SC";"UOP02-DEL01-SC"
466055;2022-08-05;"sexta-feira";"11:35:00";"PE";101;68,8;"RECIFE";"Pista em desnível";"Tombamento";"Com Vítimas Feridas";"Pleno dia";"Crescente";"Sol";"Dupla";"Reta";"Sim";2;0;1;0;1;0;1;1;-8,05074296;-34,94580619;"SPRF-PE";"DEL01-PE";"UOP01-DEL01-PE"
466057;2022-08-05;"sexta-feira";"11:06:00";"PR";369;80,6;"CORNELIO PROCOPIO";"Ausência de reação do condutor";"Saída de leito carroçável";"Com Vítimas Feridas";"Pleno dia";"Crescente";"Nublado";"Simples";"Curva;Aclive";"Não";1;0;0;1;0;0;1;1;-23,1484154;-50,5891259;"SPRF-PR";"DEL07-PR";"UOP01-DEL07-PR"
466060;2022-08-05;"sexta-feira";"11:30:00";"RN";101;96;"NATAL";"Condutor deixou de manter distância do veículo da frente";"Engavetamento";"Sem Vítimas";"Pleno dia";"Decrescente";"Céu Claro";"Múltipla";"Reta";"Sim";7;0;0;0;7;0;0;4;-5,85368578;-35,21092599;"SPRF-RN";"DEL01-RN";"UOP01-DEL01-RN"
466061;2022-08-05;"sexta-feira";"12:00:00";"RN";101;97,4;"NATAL";"Trafegar com motocicleta (ou similar) entre as faixas";"Tombamento";"Com Vítimas Feridas";"Pleno dia";"Crescente";"Sol";"Múltipla";"Reta";"Sim";2;0;1;0;1;0;1;2;-5,85922815;-35,21388531;"SPRF-RN";"DEL01-RN";"UOP01-DEL01-RN"
466062;2022-08-05;"sexta-feira";"12:20:00";"ES";262;69;"MARECHAL FLORIANO";"Velocidade Incompatível";"Queda de ocupante de veículo";"Com Vítimas Feridas";"Pleno dia";"Crescente";"Céu Claro";"Simples";"Declive;Ponte";"Não";3;0;1;0;2;0;1;2;-20,415862;-40,862636;"SPRF-ES";"DEL01-ES";"UOP02-DEL01-ES"
466063;2022-07-23;"sábado";"14:00:00";"RS";386;338;"LAJEADO";"Acessar a via sem observar a presença dos outros veículos";"Colisão transversal";"Com Vítimas Feridas";"Pleno dia";"Decrescente";"Céu Claro";"Simples";"Reta";"Não";5;0;1;1;3;0;2;2;-29,404047;-52,036518;"SPRF-RS";"DEL04-RS";"UOP01-DEL04-RS"
466064;2022-08-05;"sexta-feira";"12:50:00";"GO";70;7;"AGUAS LINDAS DE GOIAS";"Acessar a via sem observar a presença dos outros veículos";"Colisão transversal";"Com Vítimas Feridas";"Pleno dia";"Decrescente";"Céu Claro";"Dupla";"Reta";"Sim";2;0;1;0;1;0;1;2;-15,74375533;-48,26779708;"SPRF-DF";"DEL03-DF";"UOP02-DEL03-DF"
466065;2022-08-05;"sexta-feira";"05:30:00";"PB";361;4;"PATOS";"Ultrapassagem Indevida";"Colisão frontal";"Com Vítimas Feridas";"Amanhecer";"Crescente";"Céu Claro";"Simples";"Reta";"Sim";4;0;1;0;2;1;1;2;-7,03208047;-37,29365088;"SPRF-PB";"DEL03-PB";"UOP01-DEL03-PB"
466066;2022-08-05;"sexta-feira";"12:20:00";"MG";262;392,5;"PARA DE MINAS";"Acessar a via sem observar a presença dos outros veículos";"Colisão transversal";"Com Vítimas Feridas";"Pleno dia";"Crescente";"Céu Claro";"Dupla";"Reta";"Não";2;0;1;1;0;0;2;2;-19,90314015;-44,52936351;"SPRF-MG";"DEL01-MG";"UOP03-DEL01-MG"
466067;2022-08-05;"sexta-feira";"12:50:00";"RJ";40;41,5;"AREAL";"Acessar a via sem observar a presença dos outros veículos";"Colisão transversal";"Sem Vítimas";"Pleno dia";"Crescente";"Céu Claro";"Dupla";"Curva";"Sim";2;0;0;0;2;0;0;1;-22,26426334;-43,10841149;"SPRF-RJ";"DEL05-RJ";"UOP02-DEL05-RJ"
466068;2022-08-05;"sexta-feira";"08:00:00";"SC";101;413,2;"ARARANGUA";"Velocidade Incompatível";"Saída de leito carroçável";"Com Vítimas Feridas";"Pleno dia";"Crescente";"Céu Claro";"Simples";"Reta";"Sim";1;0;1;0;0;0;1;1;-28,94605997;-49,50428402;"SPRF-SC";"DEL02-SC";"UOP02-DEL02-SC"
466069;2022-08-05;"sexta-feira";"12:30:00";"RN";226;117,9;"SANTA CRUZ";"Reação tardia ou ineficiente do condutor";"Colisão com objeto";"Com Vítimas Feridas";"Pleno dia";"Crescente";"Céu Claro";"Simples";"Curva";"Não";2;0;1;0;1;0;1;1;-6,194071;-36,050365;"SPRF-RN";"DEL03-RN";"UOP02-DEL03-RN"
466070;2022-08-05;"sexta-feira";"12:45:00";"ES";259;9,6;"JOAO NEIVA";"Ausência de reação do condutor";"Saída de leito carroçável";"Com Vítimas Feridas";"Pleno dia";"Decrescente";"Céu Claro";"Simples";"Reta";"Não";3;0;1;1;0;1;2;2;-19,67700279;-40,39977865;"SPRF-ES";"DEL02-ES";"UOP01-DEL02-ES"
466072;2022-08-05;"sexta-feira";"13:45:00";"RN";304;128,5;"ITAJA";"Ultrapassagem Indevida";"Colisão frontal";"Com Vítimas Feridas";"Pleno dia";"Crescente";"Nublado";"Simples";"Aclive;Reta";"Não";3;0;1;2;0;0;3;2;-5,657423;-36,785763;"SPRF-RN";"DEL04-RN";"UOP01-DEL04-RN"
466073;2022-08-05;"sexta-feira";"12:47:00";"GO";153;508;"APARECIDA DE GOIANIA";"Reação tardia ou ineficiente do condutor";"Colisão transversal";"Com Vítimas Feridas";"Pleno dia";"Crescente";"Céu Claro";"Dupla";"Reta;Em Obras";"Sim";2;0;1;0;1;0;1;2;-16,7804;-49,2371;"SPRF-GO";"DEL01-GO";"UOP03-DEL01-GO"
466074;2022-08-05;"sexta-feira";"12:20:00";"BA";101;380;"IBIRAPITANGA";"Acessar a via sem observar a presença dos outros veículos";"Colisão transversal";"Com Vítimas Feridas";"Pleno dia";"Decrescente";"Sol";"Simples";"Aclive";"Não";4;0;3;0;1;0;3;2;-13,990182;-39,478495;"SPRF-BA";"DEL05-BA";"UOP03-DEL05-BA"
466075;2022-08-05;"sexta-feira";"11:40:00";"RJ";101;495;"ANGRA DOS REIS";"Acumulo de areia ou detritos sobre o pavimento";"Saída de leito carroçável";"Com Vítimas Feridas";"Pleno dia";"Decrescente";"Céu Claro";"Simples";"Curva";"Não";1;0;1;0;0;0;1;1;-22,93712589;-44,31822293;"SPRF-RJ";"DEL03-RJ";"UOP03-DEL03-RJ"
466077;2022-08-05;"sexta-feira";"12:00:00";"SC";101;47,5;"JOINVILLE";"Avarias e/ou desgaste excessivo no pneu";"Queda de ocupante de veículo";"Com Vítimas Feridas";"Pleno dia";"Crescente";"Céu Claro";"Dupla";"Reta";"Não";2;0;2;0;0;0;2;1;-26,37164145;-48,85685563;"SPRF-SC";"DEL03-SC";"UOP01-DEL03-SC"
466078;2022-08-05;"sexta-feira";"08:20:00";"BA";418;85;"NOVA VICOSA";"Carga excessiva e/ou mal acondicionada";"Derramamento de carga";"Com Vítimas Feridas";"Pleno dia";"Crescente";"Céu Claro";"Simples";"Reta";"Sim";2;0;0;1;1;0;1;2;-17,892078;-39,81627;"SPRF-BA";"DEL09-BA";"UOP02-DEL09-BA"
466079;2022-08-05;"sexta-feira";"11:40:00";"SC";470;155,4;"AGRONOMICA";"Velocidade Incompatível";"Capotamento";"Com Vítimas Feridas";"Pleno dia";"Crescente";"Sol";"Simples";"Curva";"Sim";1;0;1;0;0;0;1;1;-27,27937548;-49,75759506;"SPRF-SC";"DEL04-SC";"UOP02-DEL04-SC"
466080;2022-08-05;"sexta-feira";"15:10:00";"SC";101;207,5;"SAO JOSE";"Demais falhas mecânicas ou elétricas";"Colisão transversal";"Com Vítimas Feridas";"Pleno dia";"Crescente";"Céu Claro";"Dupla";"Interseção de Vias";"Sim";2;0;1;0;1;0;1;2;-27,51844497;-48,63848496;"SPRF-SC";"DEL01-SC";"UOP01-DEL01-SC"
466082;2022-08-05;"sexta-feira";"12:20:00";"PB";230;156,4;"CAMPINA GRANDE";"Acessar a via sem observar a presença dos outros veículos";"Colisão transversal";"Com Vítimas Feridas";"Pleno dia";"Decrescente";"Céu Claro";"Simples";"Rotatória";"Sim";2;0;1;0;1;0;1;2;-7,2693;-35,9138;"SPRF-PB";"DEL02-PB";"UOP01-DEL02-PB"
466083;2022-08-05;"sexta-feira";"11:15:00";"RO";364;396;"OURO PRETO DO OESTE";"Transitar na contramão";"Colisão frontal";"Com Vítimas Feridas";"Pleno dia";"Decrescente";"Sol";"Simples";"Reta";"Não";3;0;2;0;1;0;2;2;-10,63143201;-62,32007001;"SPRF-RO";"DEL03-RO";"UOP02-DEL03-RO"
466084;2022-08-05;"sexta-feira";"13:25:00";"SC";280;56,8;"GUARAMIRIM";"Reação tardia ou ineficiente do condutor";"Tombamento";"Com Vítimas Feridas";"Pleno dia";"Decrescente";"Céu Claro";"Simples";"Viaduto;Em Obras";"Sim";2;0;1;0;0;1;1;2;-26,47947677;-49,00298702;"SPRF-SC";"DEL03-SC";"UOP03-DEL03-SC"
466085;2022-08-05;"sexta-feira";"14:30:00";"RS";116;424;"CRISTAL";"Reação tardia ou ineficiente do condutor";"Saída de leito carroçável";"Com Vítimas Feridas";"Pleno dia";"Decrescente";"Céu Claro";"Simples";"Reta";"Não";3;0;1;0;2;0;1;1;-30,97771775;-52,01245812;"SPRF-RS";"DEL02-RS";"UOP02-DEL02-RS"
466086;2022-08-05;"sexta-feira";"11:45:00";"MS";163;255;"DOURADOS";"Ausência de reação do condutor";"Capotamento";"Com Vítimas Feridas";"Pleno dia";"Decrescente";"Céu Claro";"Dupla";"Reta";"Sim";1;0;1;0;0;0;1;1;-22,26567386;-54,80944412;"SPRF-MS";"DEL04-MS";"UOP01-DEL04-MS"
466087;2022-08-05;"sexta-feira";"13:35:00";"GO";153;540,4;"HIDROLANDIA";"Ausência de reação do condutor";"Colisão lateral mesmo sentido";"Com Vítimas Feridas";"Pleno dia";"Crescente";"Céu Claro";"Dupla";"Reta";"Não";3;0;1;0;2;0;1;2;-17,0547;-49,2269;"SPRF-GO";"DEL01-GO";"UOP03-DEL01-GO"
466089;2022-08-05;"sexta-feira";"03:30:00";"PI";343;513;"AMARANTE";"Ausência de reação do condutor";"Saída de leito carroçável";"Com Vítimas Feridas";"Pleno dia";"Crescente";"Céu Claro";"Simples";"Reta";"Não";2;0;1;0;1;0;1;1;-6,305006;-42,810188;"SPRF-PI";"DEL03-PI";"UOP01-DEL03-PI"
466090;2022-08-05;"sexta-feira";"14:50:00";"BA";367;82,5;"EUNAPOLIS";"Reação tardia ou ineficiente do condutor";"Colisão transversal";"Com Vítimas Feridas";"Pleno dia";"Decrescente";"Céu Claro";"Simples";"Reta";"Sim";2;0;0;1;1;0;1;2;-16,37205962;-39,56163401;"SPRF-BA";"DEL09-BA";"UOP03-DEL09-BA"
466091;2022-08-05;"sexta-feira";"14:20:00";"PE";423;20;"SAO CAITANO";"Ingestão de álcool pelo condutor";"Saída de leito carroçável";"Com Vítimas Feridas";"Pleno dia";"Crescente";"Céu Claro";"Simples";"Curva";"Não";1;0;1;0;0;0;1;1;-8,33932508;-36,15909991;"SPRF-PE";"DEL03-PE";"UOP02-DEL03-PE"
466092;2022-08-05;"sexta-feira";"15:20:00";"PR";376;295;"MAUA DA SERRA";"Velocidade Incompatível";"Colisão com objeto";"Com Vítimas Feridas";"Pleno dia";"Crescente";"Céu Claro";"Dupla";"Curva";"Não";1;0;0;1;0;0;1;1;-23,93309687;-51,16751964;"SPRF-PR";"DEL07-PR";"UOP02-DEL07-PR"
466093;2022-08-05;"sexta-feira";"15:35:00";"RS";116;377;"SENTINELA DO SUL";"Acessar a via sem observar a presença dos outros veículos";"Colisão traseira";"Com Vítimas Feridas";"Pleno dia";"Crescente";"Céu Claro";"Dupla";"Reta;Retorno Regulamentado";"Sim";4;0;2;0;2;0;2;2;-30,74673812;-51,63195186;"SPRF-RS";"DEL02-RS";"UOP02-DEL02-RS"
466094;2022-07-23;"sábado";"13:00:00";"PR";476;213,6;"LAPA";"Transitar na contramão";"Colisão lateral sentido oposto";"Com Vítimas Feridas";"Pleno dia";"Decrescente";"Céu Claro";"Simples";"Aclive";"Não";3;0;1;0;1;1;1;2;-25,779312;-49,875546;"SPRF-PR";"DEL02-PR";"UOP04-DEL02-PR"
466095;2022-08-05;"sexta-feira";"15:25:00";"CE";304;58;"ARACATI";"Ausência de reação do condutor";"Colisão lateral sentido oposto";"Com Vítimas Feridas";"Pleno dia";"Crescente";"Céu Claro";"Simples";"Reta";"Não";5;0;1;0;4;0;1;2;-4,59014959;-37,69450284;"SPRF-CE";"DEL03-CE";"UOP03-DEL03-CE"
466096;2022-08-05;"sexta-feira";"15:20:00";"PR";277;130;"CAMPO LARGO";"Manobra de mudança de faixa";"Colisão lateral mesmo sentido";"Sem Vítimas";"Pleno dia";"Decrescente";"Céu Claro";"Dupla";"Curva";"Não";1;0;0;0;1;0;0;1;-25,44518045;-49,4985659;"SPRF-PR";"DEL03-PR";"UOP03-DEL03-PR"
466097;2022-08-05;"sexta-feira";"14:50:00";"BA";430;279,1;"BOM JESUS DA LAPA";"Transitar na contramão";"Colisão frontal";"Com Vítimas Fatais";"Pleno dia";"Decrescente";"Sol";"Simples";"Reta";"Não";2;1;0;0;1;0;0;2;-13,261212;-43,51826;"SPRF-BA";"DEL08-BA";"UOP01-DEL08-BA"
466098;2022-08-05;"sexta-feira";"15:00:00";"MS";463;49,4;"PONTA PORA";"Ultrapassagem Indevida";"Colisão frontal";"Com Vítimas Fatais";"Pleno dia";"Crescente";"Céu Claro";"Simples";"Reta";"Não";3;1;1;0;0;1;1;3;-22,36171841;-55,23280399;"SPRF-MS";"DEL04-MS";"UOP03-DEL04-MS"
466099;2022-08-05;"sexta-feira";"15:30:00";"PE";104;78,6;"AGRESTINA";"Velocidade Incompatível";"Capotamento";"Com Vítimas Feridas";"Pleno dia";"Crescente";"Sol";"Simples";"Curva";"Não";2;0;0;1;0;1;1;1;-8,39256365;-35,97430229;"SPRF-PE";"DEL02-PE";"UOP01-DEL02-PE"
466100;2022-08-05;"sexta-feira";"14:00:00";"SC";101;141;"BALNEARIO CAMBORIU";"Avarias e/ou desgaste excessivo no pneu";"Tombamento";"Com Vítimas Feridas";"Pleno dia";"Crescente";"Céu Claro";"Simples";"Curva";"Não";2;0;2;0;0;0;2;1;-27,05046555;-48,60069796;"SPRF-SC";"DEL04-SC";"UOP03-DEL04-SC"
466101;2022-07-24;"domingo";"03:00:00";"SC";101;119;"ITAJAI";"Ingestão de álcool e/ou substâncias psicoativas pelo pedestre";"Colisão com objeto";"Com Vítimas Feridas";"Plena Noite";"Decrescente";"Céu Claro";"Múltipla";"Reta";"Sim";2;0;1;0;1;0;1;1;-26,9043179;-48,71555481;"SPRF-SC";"DEL04-SC";"UOP04-DEL04-SC"
466102;2022-08-05;"sexta-feira";"16:25:00";"ES";259;2,8;"JOAO NEIVA";"Velocidade Incompatível";"Capotamento";"Com Vítimas Feridas";"Pleno dia";"Decrescente";"Céu Claro";"Simples";"Curva";"Não";3;0;0;3;0;0;3;1;-19,72977884;-40,37432735;"SPRF-ES";"DEL02-ES";"UOP01-DEL02-ES"
466103;2022-08-05;"sexta-feira";"14:15:00";"SC";101;127,9;"ITAJAI";"Reação tardia ou ineficiente do condutor";"Colisão com objeto";"Com Vítimas Feridas";"Pleno dia";"Crescente";"Céu Claro";"Dupla";"Reta";"Sim";1;0;0;1;0;0;1;1;-26,9639319;-48,68328024;"SPRF-SC";"DEL04-SC";"UOP04-DEL04-SC"
466104;2022-08-05;"sexta-feira";"15:23:00";"RO";364;12;"VILHENA";"Desrespeitar a preferência no cruzamento";"Colisão transversal";"Com Vítimas Feridas";"Pleno dia";"Crescente";"Céu Claro";"Dupla";"Interseção de Vias";"Sim";3;0;2;0;1;0;2;2;-12,74370233;-60,12147609;"SPRF-RO";"DEL04-RO";"UOP01-DEL04-RO"