"id";"data_inversa";"dia_semana";"horario";"uf";"br";"km";"municipio";"causa_acidente";"tipo_acidente";"classificacao_acidente";"fase_dia";"sentido_via";"condicao_metereologica";"tipo_pista";"tracado_via";"uso_solo";"pessoas";"mortos";"feridos_leves";"feridos_graves";"ilesos";"ignorados";"feridos";"veiculos";"latitude";"longitude";"regional";"delegacia";"uop"
466106;2022-08-05;"sexta-feira";"15:40:00";"PR";163;27,3;"SANTO ANTONIO DO SUDOESTE";"Condutor deixou de manter distância do veículo da frente";"Engavetamento";"Com Vítimas Feridas";"Pleno dia";"Decrescente";"Céu Claro";"Simples";"Declive;Reta";"Não";7;0;0;1;6;0;1;4;-26,16088889;-53,67984584;"SPRF-PR";"DEL02-PR";"UOP02-DEL02-PR"
466107;2022-08-05;"sexta-feira";"15:50:00";"RJ";465;18;"NOVA IGUACU";"Acessar a via sem observar a presença dos outros veículos";"Colisão transversal";"Com Vítimas Feridas";"Pleno dia";"Crescente";"Nublado";"Simples";"Reta";"Sim";2;0;1;0;1;0;1;2;-22,831354;-43,615128;"SPRF-RJ";"DEL03-RJ";"UOP01-DEL03-RJ"
466108;2022-08-05;"sexta-feira";"16:42:00";"ES";101;230;"FUNDAO";"Reação tardia ou ineficiente do condutor";"Atropelamento de Pedestre";"Com Vítimas Feridas";"Pleno dia";"Crescente";"Céu Claro";"Simples";"Interseção de Vias;Reta";"Sim";2;0;1;0;0;1;1;2;-19,93558165;-40,40603211;"SPRF-ES";"DEL02-ES";"UOP01-DEL02-ES"
466110;2022-08-05;"sexta-feira";"16:40:00";"BA";324;614;"SALVADOR";"Ultrapassagem Indevida";"Colisão frontal";"Com Vítimas Feridas";"Pleno dia";"Decrescente";"Céu Claro";"Simples";"Reta";"Sim";2;0;1;0;1;0;1;2;-12,8639793;-38,42370126;"SPRF-BA";"DEL01-BA";"UOP01-DEL01-BA"
466111;2022-08-05;"sexta-feira";"14:40:00";"GO";60;100;"ANAPOLIS";"Manobra de mudança de faixa";"Colisão lateral mesmo sentido";"Com Vítimas Feridas";"Pleno dia";"Decrescente";"Céu Claro";"Dupla";"Reta";"Sim";3;0;1;1;0;1;2;2;-16,3979;-48,9664;"SPRF-GO";"DEL02-GO";"UOP01-DEL02-GO"
466112;2022-08-05;"sexta-feira";"17:15:00";"GO";414;363;"COCALZINHO DE GOIAS";"Ausência de reação do condutor";"Tombamento";"Com Vítimas Feridas";"Anoitecer";"Crescente";"Céu Claro";"Simples";"Reta;Aclive";"Não";1;0;0;1;0;0;1;1;-15,72273363;-48,70045017;"SPRF-GO";"DEL02-GO";"UOP01-DEL02-GO"
466113;2022-06-22;"quarta-feira";"08:50:00";"PR";476;145,4;"CURITIBA";"Acessar a via sem observar a presença dos outros veículos";"Colisão transversal";"Com Vítimas Feridas";"Pleno dia";"Crescente";"Céu Claro";"Dupla";"Reta";"Não";5;0;0;4;1;0;4;2;-25,54870837;-49,32383191;"SPRF-PR";"DEL01-PR";"UOP03-DEL01-PR"
466114;2022-08-05;"sexta-feira";"16:30:00";"CE";20;203;"BOA VIAGEM";"Acessar a via sem observar a presença dos outros veículos";"Colisão transversal";"Com Vítimas Feridas";"Pleno dia";"Crescente";"Céu Claro";"Simples";"Interseção de Vias";"Sim";2;0;1;1;0;0;2;2;-5,128491;-39,738;"SPRF-CE";"DEL02-CE";"UOP02-DEL02-CE"
466115;2022-08-05;"sexta-feira";"17:30:00";"PB";230;16;"JOAO PESSOA";"Transitar no acostamento";"Atropelamento de Pedestre";"Com Vítimas Feridas";"Anoitecer";"Decrescente";"Céu Claro";"Dupla";"Reta";"Sim";3;0;0;1;0;2;1;2;-7,1039;-34,8458;"SPRF-PB";"DEL01-PB";"UOP01-DEL01-PB"
466117;2022-08-05;"sexta-feira";"16:50:00";"SP";116;120,2;"CACAPAVA";"Reação tardia ou ineficiente do condutor";"Colisão traseira";"Com Vítimas Feridas";"Pleno dia";"Decrescente";"Sol";"Dupla";"Curva";"Não";2;0;1;0;1;0;1;2;-23,0715638;-45,64459209;"SPRF-SP";"DEL02-SP";"UOP02-DEL02-SP"
466118;2022-06-19;"domingo";"02:45:00";"PA";316;154;"CAPANEMA";"Animais na Pista";"Tombamento";"Com Vítimas Feridas";"Plena Noite";"Crescente";"Céu Claro";"Simples";"Reta";"Não";3;0;3;0;0;0;3;1;-1,23045296;-47,16186396;"SPRF-PA";"DEL01-PA";"UOP03-DEL01-PA"
466119;2022-08-05;"sexta-feira";"16:00:00";"RJ";40;9;"TRES RIOS";"Velocidade Incompatível";"Capotamento";"Com Vítimas Feridas";"Pleno dia";"Decrescente";"Céu Claro";"Dupla";"Curva";"Não";1;0;1;0;0;0;1;1;-22,04563712;-43,21513599;"SPRF-RJ";"DEL05-RJ";"UOP02-DEL05-RJ"
466120;2022-08-05;"sexta-feira";"17:30:00";"PR";476;129,5;"CURITIBA";"Condutor deixou de manter distância do veículo da frente";"Colisão traseira";"Sem Vítimas";"Anoitecer";"Decrescente";"Céu Claro";"Múltipla";"Reta";"Sim";2;0;0;0;2;0;0;2;-25,440983;-49,233715;"SPRF-PR";"DEL01-PR";"UOP01-DEL01-PR"
466122;2022-07-23;"sábado";"07:45:00";"RO";364;425,5;"JARU";"Condutor deixou de manter distância do veículo da frente";"Colisão traseira";"Com Vítimas Feridas";"Pleno dia";"Decrescente";"Céu Claro";"Dupla";"Declive";"Sim";3;0;3;0;0;0;3;2;-10,43391986;-62,47738123;"SPRF-RO";"DEL03-RO";"UOP02-DEL03-RO"
466123;2022-08-05;"sexta-feira";"16:30:00";"AP";156;168;"MAZAGAO";"Problema na suspensão";"Saída de leito carroçável";"Com Vítimas Feridas";"Anoitecer";"Decrescente";"Céu Claro";"Simples";"Reta";"Não";5;0;0;1;4;0;1;1;-0,16239145;-51,73908234;"SPRF-AP";"DEL01-AP";"UOP01-DEL01-AP"
466124;2022-08-05;"sexta-feira";"17:40:00";"ES";101;262,9;"SERRA";"Condutor deixou de manter distância do veículo da frente";"Queda de ocupante de veículo";"Com Vítimas Feridas";"Anoitecer";"Decrescente";"Céu Claro";"Dupla";"Reta";"Sim";1;0;0;1;0;0;1;1;-20,1572331;-40,27678329;"SPRF-ES";"DEL02-ES";"UOP01-DEL02-ES"
466126;2022-08-05;"sexta-feira";"16:50:00";"PR";277;346;"GUARAPUAVA";"Conversão proibida";"Colisão transversal";"Com Vítimas Feridas";"Pleno dia";"Crescente";"Céu Claro";"Simples";"Em Obras";"Sim";4;0;1;0;3;0;1;3;-25,33928412;-51,42880296;"SPRF-PR";"DEL08-PR";"UOP01-DEL08-PR"
466127;2022-08-05;"sexta-feira";"17:20:00";"SC";101;241;"PALHOCA";"Ausência de reação do condutor";"Queda de ocupante de veículo";"Com Vítimas Feridas";"Plena Noite";"Decrescente";"Céu Claro";"Dupla";"Reta";"Não";2;0;2;0;0;0;2;1;-27,86671599;-48,64607012;"SPRF-SC";"DEL01-SC";"UOP02-DEL01-SC"
466128;2022-08-05;"sexta-feira";"17:00:00";"SE";101;148;"ESTANCIA";"Desrespeitar a preferência no cruzamento";"Colisão transversal";"Sem Vítimas";"Pleno dia";"Decrescente";"Céu Claro";"Simples";"Interseção de Vias;Reta;Retorno Regulamentado";"Sim";2;0;0;0;2;0;0;2;-11,23058903;-37,42573496;"SPRF-SE";"DEL02-SE";"UOP01-DEL02-SE"
466129;2022-08-05;"sexta-feira";"18:35:00";"RN";101;98,8;"NATAL";"Condutor deixou de manter distância do veículo da frente";"Colisão traseira";"Com Vítimas Feridas";"Plena Noite";"Crescente";"Céu Claro";"Múltipla";"Viaduto";"Sim";2;0;1;0;1;0;1;2;-5,86952413;-35,21850055;"SPRF-RN";"DEL01-RN";"UOP01-DEL01-RN"
466130;2022-08-05;"sexta-feira";"17:40:00";"CE";116;6;"FORTALEZA";"Faixas de trânsito com largura insuficiente";"Colisão lateral mesmo sentido";"Com Vítimas Feridas";"Anoitecer";"Crescente";"Céu Claro";"Dupla";"Curva;Aclive";"Sim";2;0;1;0;1;0;1;2;-3,802624;-38,50400499;"SPRF-CE";"DEL01-CE";"UOP02-DEL01-CE"
466131;2022-08-05;"sexta-feira";"18:40:00";"ES";262;106;"VENDA NOVA DO IMIGRANTE";"Acessar a via sem observar a presença dos outros veículos";"Colisão transversal";"Com Vítimas Feridas";"Plena Noite";"Crescente";"Ignorado";"Simples";"Interseção de Vias";"Sim";2;0;1;0;1;0;1;2;-20,32620639;-41,14442285;"SPRF-ES";"DEL01-ES";"UOP02-DEL01-ES"
466132;2022-08-05;"sexta-feira";"16:04:00";"MG";381;530,3;"ITATIAIUCU";"Velocidade Incompatível";"Tombamento";"Com Vítimas Feridas";"Pleno dia";"Crescente";"Céu Claro";"Dupla";"Curva";"Não";2;0;1;0;1;0;1;1;-20,17327539;-44,37545454;"SPRF-MG";"DEL04-MG";"UOP03-DEL04-MG"
466134;2022-08-05;"sexta-feira";"18:30:00";"DF";60;0,8;"BRASILIA";"Manobra de mudança de faixa";"Colisão lateral mesmo sentido";"Com Vítimas Feridas";"Anoitecer";"Crescente";"Céu Claro";"Dupla";"Reta";"Sim";2;0;0;1;1;0;1;2;-15,882499;-48,060212;"SPRF-DF";"DEL03-DF";"UOP01-DEL03-DF"
466136;2022-08-05;"sexta-feira";"13:40:00";"SC";101;134;"BALNEARIO CAMBORIU";"Ausência de reação do condutor";"Tombamento";"Com Vítimas Feridas";"Pleno dia";"Crescente";"Sol";"Dupla";"Reta";"Sim";1;0;1;0;0;0;1;1;-27,00218;-48,636433;"SPRF-SC";"DEL04-SC";"UOP03-DEL04-SC"
466137;2022-08-05;"sexta-feira";"19:15:00";"MG";381;451;"SABARA";"Sinalização mal posicionada";"Saída de leito carroçável";"Com Vítimas Feridas";"Plena Noite";"Crescente";"Céu Claro";"Simples";"Curva;Em Obras;Desvio Temporário";"Sim";3;0;1;1;0;1;2;2;-19,83832024;-43,8806931;"SPRF-MG";"DEL01-MG";"UOP01-DEL01-MG"
466138;2022-08-05;"sexta-feira";"18:00:00";"PB";230;139,6;"CAMPINA GRANDE";"Ingestão de álcool pelo condutor";"Queda de ocupante de veículo";"Com Vítimas Feridas";"Plena Noite";"Decrescente";"Céu Claro";"Dupla";"Curva";"Não";1;0;1;0;0;0;1;1;-7,266812;-35,800714;"SPRF-PB";"DEL02-PB";"UOP01-DEL02-PB"
466141;2022-08-05;"sexta-feira";"18:40:00";"RS";153;410;"CACHOEIRA DO SUL";"Reação tardia ou ineficiente do condutor";"Colisão traseira";"Sem Vítimas";"Plena Noite";"Crescente";"Céu Claro";"Simples";"Reta";"Não";2;0;0;0;2;0;0;2;-30,08129021;-52,87412957;"SPRF-RS";"DEL02-RS";"UOP03-DEL02-RS"
466143;2022-08-05;"sexta-feira";"19:10:00";"GO";40;3;"VALPARAISO DE GOIAS";"Condutor deixou de manter distância do veículo da frente";"Colisão traseira";"Com Vítimas Feridas";"Plena Noite";"Crescente";"Céu Claro";"Dupla";"Reta";"Sim";3;0;1;0;2;0;1;2;-16,076081;-47,985671;"SPRF-DF";"DEL01-DF";"UOP01-DEL01-DF"
466144;2022-08-05;"sexta-feira";"19:26:00";"PE";104;69;"CARUARU";"Pedestre cruzava a pista fora da faixa";"Atropelamento de Pedestre";"Com Vítimas Fatais";"Plena Noite";"Crescente";"Céu Claro";"Dupla";"Reta";"Não";2;1;0;0;0;1;0;2;-8,3196;-35,9912;"SPRF-PE";"DEL02-PE";"UOP01-DEL02-PE"
466145;2022-08-05;"sexta-feira";"19:40:00";"PR";376;488;"PONTA GROSSA";"Entrada inopinada do pedestre";"Atropelamento de Pedestre";"Com Vítimas Feridas";"Plena Noite";"Crescente";"Céu Claro";"Dupla";"Aclive";"Sim";3;0;0;1;2;0;1;2;-25,13510082;-50,16497282;"SPRF-PR";"DEL03-PR";"UOP01-DEL03-PR"
466146;2022-08-05;"sexta-feira";"19:20:00";"SP";153;63;"SAO JOSE DO RIO PRETO";"Velocidade Incompatível";"Engavetamento";"Com Vítimas Feridas";"Plena Noite";"Decrescente";"Céu Claro";"Dupla";"Reta";"Não";4;0;1;0;3;0;1;4;-20,82149698;-49,35764818;"SPRF-SP";"DEL09-SP";"UOP01-DEL09-SP"
466147;2022-08-05;"sexta-feira";"17:45:00";"PR";277;345;"GUARAPUAVA";"Acessar a via sem observar a presença dos outros veículos";"Colisão transversal";"Com Vítimas Feridas";"Anoitecer";"Crescente";"Céu Claro";"Simples";"Em Obras";"Sim";2;0;1;1;0;0;2;2;-25,33928412;-51,42880296;"SPRF-PR";"DEL08-PR";"UOP01-DEL08-PR"
466148;2022-08-05;"sexta-feira";"19:35:00";"SP";153;5;"ICEM";"Acessar a via sem observar a presença dos outros veículos";"Colisão transversal";"Com Vítimas Feridas";"Plena Noite";"Decrescente";"Céu Claro";"Simples";"Rotatória;Reta";"Não";5;0;2;0;3;0;2;2;-20,34822497;-49,21491882;"SPRF-SP";"DEL09-SP";"UOP01-DEL09-SP"
466149;2022-08-05;"sexta-feira";"18:50:00";"PI";343;347;"TERESINA";"Ingestão de álcool pelo condutor";"Colisão traseira";"Sem Vítimas";"Plena Noite";"Decrescente";"Céu Claro";"Dupla";"Declive";"Sim";2;0;0;0;2;0;0;2;-5,114822;-42,778355;"SPRF-PI";"DEL01-PI";"UOP01-DEL01-PI"
466150;2022-08-05;"sexta-feira";"18:55:00";"RO";364;712,2;"PORTO VELHO";"Demais falhas mecânicas ou elétricas";"Tombamento";"Com Vítimas Feridas";"Plena Noite";"Decrescente";"Céu Claro";"Dupla";"Reta";"Sim";2;0;0;2;0;0;2;1;-8,7770354;-63,87316466;"SPRF-RO";"DEL01-RO";"UOP01-DEL01-RO"
466151;2022-08-05;"sexta-feira";"19:20:00";"RJ";101;297;"ITABORAI";"Reação tardia ou ineficiente do condutor";"Tombamento";"Com Vítimas Feridas";"Plena Noite";"Decrescente";"Céu Claro";"Dupla";"Viaduto";"Sim";1;0;1;0;0;0;1;1;-22,76942037;-42,91873581;"SPRF-RJ";"DEL02-RJ";"UOP02-DEL02-RJ"
466155;2022-08-05;"sexta-feira";"18:15:00";"RO";364;244,3;"CACOAL";"Reação tardia ou ineficiente do condutor";"Colisão traseira";"Com Vítimas Feridas";"Anoitecer";"Decrescente";"Céu Claro";"Simples";"Reta";"Não";2;0;1;0;1;0;1;2;-11,44010534;-61,50592399;"SPRF-RO";"DEL02-RO";"UOP02-DEL02-RO"
466156;2022-08-05;"sexta-feira";"06:05:00";"MG";50;180;"UBERABA";"Pista esburacada";"Tombamento";"Com Vítimas Feridas";"Pleno dia";"Decrescente";"Céu Claro";"Dupla";"Reta";"Sim";2;0;1;0;0;1;1;2;-19,77848216;-47,92194709;"SPRF-MG";"DEL13-MG";"UOP01-DEL13-MG"
466157;2022-08-05;"sexta-feira";"20:00:00";"RJ";356;20;"ITAPERUNA";"Ausência de reação do condutor";"Colisão traseira";"Com Vítimas Feridas";"Plena Noite";"Decrescente";"Céu Claro";"Simples";"Reta";"Não";3;0;1;0;2;0;1;2;-21,177392;-42,026993;"SPRF-RJ";"DEL08-RJ";"UOP03-DEL08-RJ"
466158;2022-08-05;"sexta-feira";"20:15:00";"DF";70;8,7;"BRASILIA";"Ingestão de álcool pelo condutor";"Colisão transversal";"Sem Vítimas";"Plena Noite";"Decrescente";"Céu Claro";"Dupla";"Reta";"Sim";3;0;0;0;3;0;0;3;-15,784966;-48,122108;"SPRF-DF";"DEL03-DF";"UOP02-DEL03-DF"
466159;2022-08-05;"sexta-feira";"20:00:00";"MG";365;757;"ITUIUTABA";"Reação tardia ou ineficiente do condutor";"Saída de leito carroçável";"Com Vítimas Feridas";"Plena Noite";"Crescente";"Céu Claro";"Simples";"Curva";"Não";1;0;1;0;0;0;1;1;-18,96358968;-49,4773831;"SPRF-MG";"DEL15-MG";"UOP03-DEL15-MG"
466160;2022-08-05;"sexta-feira";"18:20:00";"RO";364;195,5;"PIMENTA BUENO";"Manobra de mudança de faixa";"Colisão transversal";"Com Vítimas Feridas";"Plena Noite";"Crescente";"Céu Claro";"Simples";"Reta";"Sim";2;0;1;1;0;0;2;2;-11,6932879;-61,17742991;"SPRF-RO";"DEL02-RO";"UOP02-DEL02-RO"
466162;2022-08-05;"sexta-feira";"21:10:00";"RS";116;149,9;"CAXIAS DO SUL";"Condutor deixou de manter distância do veículo da frente";"Colisão traseira";"Com Vítimas Feridas";"Plena Noite";"Crescente";"Céu Claro";"Dupla";"Reta";"Sim";2;0;1;0;1;0;1;1;-29,168428;-51,158337;"SPRF-RS";"DEL05-RS";"UOP01-DEL05-RS"
466163;2022-08-05;"sexta-feira";"14:00:00";"SC";280;238;"CANOINHAS";"Demais falhas mecânicas ou elétricas";"Capotamento";"Com Vítimas Feridas";"Pleno dia";"Decrescente";"Céu Claro";"Simples";"Curva";"Não";4;0;0;1;3;0;1;1;-26,20536399;-50,438846;"SPRF-SC";"DEL06-SC";"UOP04-DEL06-SC"
466165;2022-08-05;"sexta-feira";"19:45:00";"PR";116;209;"RIO NEGRO";"Acessar a via sem observar a presença dos outros veículos";"Colisão transversal";"Com Vítimas Feridas";"Plena Noite";"Decrescente";"Nublado";"Simples";"Interseção de Vias";"Sim";2;0;1;1;0;0;2;2;-26,07620916;-49,75230908;"SPRF-SC";"DEL06-SC";"UOP01-DEL06-SC"
466166;2022-08-05;"sexta-feira";"20:52:00";"PB";230;42;"SANTA RITA";"Condutor deixou de manter distância do veículo da frente";"Colisão traseira";"Com Vítimas Feridas";"Plena Noite";"Crescente";"Céu Claro";"Dupla";"Retorno Regulamentado";"Não";3;0;1;0;2;0;1;2;-7,1426;-34,9956;"SPRF-PB";"DEL01-PB";"UOP03-DEL01-PB"
466167;2022-08-05;"sexta-feira";"21:20:00";"SC";282;507;"XANXERE";"Acessar a via sem observar a presença dos outros veículos";"Colisão transversal";"Com Vítimas Feridas";"Plena Noite";"Crescente";"Céu Claro";"Simples";"Interseção de Vias";"Não";2;0;1;0;1;0;1;2;-26,886171;-52,43911;"SPRF-SC";"DEL07-SC";"UOP01-DEL07-SC"
466169;2022-08-05;"sexta-feira";"21:50:00";"ES";101;232;"FUNDAO";"Retorno proibido";"Colisão transversal";"Com Vítimas Feridas";"Plena Noite";"Crescente";"Nublado";"Simples";"Reta";"Não";3;0;2;0;0;1;2;2;-19,95224103;-40,40879816;"SPRF-ES";"DEL02-ES";"UOP01-DEL02-ES"
466170;2022-08-05;"sexta-feira";"22:20:00";"PR";369;147,9;"LONDRINA";"Reação tardia ou ineficiente do condutor";"Colisão traseira";"Com Vítimas Feridas";"Plena Noite";"Crescente";"Nublado";"Dupla";"Reta";"Sim";3;0;2;0;0;1;2;2;-23,2927911;-51,1409696;"SPRF-PR";"DEL07-PR";"UOP01-DEL07-PR"
466171;2022-08-05;"sexta-feira";"21:45:00";"MG";381;533,9;"ITATIAIUCU";"Ausência de reação do condutor";"Colisão traseira";"Sem Vítimas";"Plena Noite";"Decrescente";"Céu Claro";"Dupla";"Curva";"Não";2;0;0;0;2;0;0;2;-20,19896036;-44,38641307;"SPRF-MG";"DEL04-MG";"UOP03-DEL04-MG"
466172;2022-08-05;"sexta-feira";"20:00:00";"RJ";40;121;"DUQUE DE CAXIAS";"Manobra de mudança de faixa";"Colisão traseira";"Com Vítimas Feridas";"Plena Noite";"Decrescente";"Céu Claro";"Múltipla";"Reta";"Sim";2;0;1;0;1;0;1;2;-22,78185499;-43,28571273;"SPRF-RJ";"DEL01-RJ";"UOP01-DEL01-RJ"
466173;2022-08-05;"sexta-feira";"19:20:00";"RJ";393;235;"VASSOURAS";"Reação tardia ou ineficiente do condutor";"Colisão transversal";"Com Vítimas Feridas";"Plena Noite";"Crescente";"Nublado";"Simples";"Reta";"Sim";3;0;3;0;0;0;3;2;-22,38370934;-43,64221072;"SPRF-RJ";"DEL05-RJ";"UOP03-DEL05-RJ"
466174;2022-08-05;"sexta-feira";"16:40:00";"SC";470;138,1;"RIO DO SUL";"Acessar a via sem observar a presença dos outros veículos";"Colisão transversal";"Com Vítimas Feridas";"Pleno dia";"Crescente";"Céu Claro";"Simples";"Interseção de Vias";"Sim";4;0;2;0;2;0;2;2;-27,207214;-49,648476;"SPRF-SC";"DEL04-SC";"UOP02-DEL04-SC"
466175;2022-08-05;"sexta-feira";"19:05:00";"MG";262;826;"UBERABA";"Ausência de reação do condutor";"Queda de ocupante de veículo";"Com Vítimas Feridas";"Plena Noite";"Decrescente";"Céu Claro";"Dupla";"Reta";"Não";1;0;1;0;0;0;1;1;-19,76476198;-48,12500417;"SPRF-MG";"DEL13-MG";"UOP01-DEL13-MG"
466177;2022-08-05;"sexta-feira";"21:40:00";"MS";163;263;"DOURADOS";"Acessar a via sem observar a presença dos outros veículos";"Colisão transversal";"Com Vítimas Feridas";"Plena Noite";"Decrescente";"Céu Claro";"Dupla";"Rotatória";"Não";2;0;1;0;0;1;1;2;-22,2316424;-54,7478208;"SPRF-MS";"DEL04-MS";"UOP01-DEL04-MS"
466178;2022-08-05;"sexta-feira";"22:40:00";"SC";101;120,4;"ITAJAI";"Manobra de mudança de faixa";"Colisão transversal";"Com Vítimas Feridas";"Plena Noite";"Decrescente";"Céu Claro";"Múltipla";"Interseção de Vias";"Sim";2;0;1;0;1;0;1;2;-26,9175929;-48,70964527;"SPRF-SC";"DEL04-SC";"UOP04-DEL04-SC"
466180;2022-08-05;"sexta-feira";"22:30:00";"MG";40;509;"RIBEIRAO DAS NEVES";"Velocidade Incompatível";"Colisão lateral mesmo sentido";"Com Vítimas Fatais";"Plena Noite";"Crescente";"Céu Claro";"Dupla";"Interseção de Vias;Curva;Retorno Regulamentado";"Sim";3;2;0;1;0;0;1;2;-19,76783437;-44,12860394;"SPRF-MG";"DEL01-MG";"UOP02-DEL01-MG"
466181;2022-08-05;"sexta-feira";"23:15:00";"SP";116;291,1;"ITAPECERICA DA SERRA";"Reação tardia ou ineficiente do condutor";"Colisão traseira";"Com Vítimas Feridas";"Plena Noite";"Decrescente";"Céu Claro";"Dupla";"Reta";"Não";2;0;0;1;1;0;1;2;-23,73826593;-46,89672721;"SPRF-SP";"DEL04-SP";"UOP01-DEL04-SP"
466182;2022-08-05;"sexta-feira";"22:30:00";"SP";116;128;"CACAPAVA";"Ausência de reação do condutor";"Atropelamento de Pedestre";"Com Vítimas Feridas";"Plena Noite";"Decrescente";"Ignorado";"Dupla";"Reta";"Sim";5;0;0;1;0;4;1;2;-23,11454664;-45,71105567;"SPRF-SP";"DEL02-SP";"UOP02-DEL02-SP"
466183;2022-08-05;"sexta-feira";"23:00:00";"PR";116;113;"CURITIBA";"Velocidade Incompatível";"Colisão com objeto";"Sem Vítimas";"Plena Noite";"Crescente";"Céu Claro";"Múltipla";"Reta";"Não";1;0;0;0;0;1;0;1;-25,56513636;-49,24675108;"SPRF-PR";"DEL01-PR";"UOP06-DEL01-PR"
466184;2022-08-05;"sexta-feira";"21:30:00";"PR";116;110,2;"CURITIBA";"Velocidade Incompatível";"Colisão traseira";"Sem Vítimas";"Plena Noite";"Crescente";"Céu Claro";"Dupla";"Reta";"Não";2;0;0;0;2;0;0;2;-25,5657077;-49,24439376;"SPRF-PR";"DEL01-PR";"UOP06-DEL01-PR"
466185;2022-08-05;"sexta-feira";"20:58:00";"AC";364;138;"RIO BRANCO";"Acessar a via sem observar a presença dos outros veículos";"Colisão transversal";"Com Vítimas Feridas";"Plena Noite";"Crescente";"Céu Claro";"Simples";"Rotatória";"Sim";3;0;1;1;1;0;2;2;-9,96112502;-67,85646604;"SPRF-AC";"DEL01-AC";"UOP01-DEL01-AC"
466186;2022-08-05;"sexta-feira";"23:40:00";"RJ";101;65;"CAMPOS DOS GOYTACAZES";"Frear bruscamente";"Colisão traseira";"Sem Vítimas";"Plena Noite";"Decrescente";"Céu Claro";"Simples";"Reta";"Sim";2;0;0;0;2;0;0;2;-21,75371806;-41,344292;"SPRF-RJ";"DEL08-RJ";"UOP02-DEL08-RJ"
466187;2022-08-05;"sexta-feira";"23:30:00";"MS";163;660;"RIO VERDE DE MATO GROSSO";"Animais na Pista";"Atropelamento de Animal";"Com Vítimas Feridas";"Plena Noite";"Crescente";"Céu Claro";"Simples";"Reta";"Não";3;0;1;0;2;0;1;1;-19,08202703;-54,78594103;"SPRF-MS";"DEL06-MS";"UOP02-DEL06-MS"
466188;2022-08-05;"sexta-feira";"20:30:00";"PR";476;148;"ARAUCARIA";"Velocidade Incompatível";"Colisão com objeto";"Sem Vítimas";"Plena Noite";"Decrescente";"Céu Claro";"Simples";"Reta";"Sim";1;0;0;0;0;1;0;1;-25,557121;-49,348732;"SPRF-PR";"DEL01-PR";"UOP03-DEL01-PR"
466189;2022-08-05;"sexta-feira";"22:15:00";"PR";376;534;"PALMEIRA";"Reação tardia ou ineficiente do condutor";"Saída de leito carroçável";"Com Vítimas Feridas";"Plena Noite";"Crescente";"Céu Claro";"Dupla";"Reta";"Não";1;0;1;0;0;0;1;1;-25,32274278;-49,8682927;"SPRF-PR";"DEL03-PR";"UOP03-DEL03-PR"
466190;2022-08-06;"sábado";"00:01:00";"RS";116;264;"CANOAS";"Condutor deixou de manter distância do veículo da frente";"Colisão traseira";"Com Vítimas Feridas";"Plena Noite";"Decrescente";"Céu Claro";"Múltipla";"Reta";"Sim";3;0;3;0;0;0;3;2;-29,914435;-51,17754495;"SPRF-RS";"DEL01-RS";"UOP01-DEL01-RS"
466192;2022-08-06;"sábado";"00:10:00";"SC";116;188,8;"SAO CRISTOVAO DO SUL";"Avarias e/ou desgaste excessivo no pneu";"Tombamento";"Com Vítimas Feridas";"Plena Noite";"Crescente";"Céu Claro";"Simples";"Reta";"Não";2;0;1;1;0;0;2;1;-27,32965789;-50,42513021;"SPRF-SC";"DEL05-SC";"UOP03-DEL05-SC"
466193;2022-08-06;"sábado";"01:00:00";"MG";459;93,3;"POUSO ALEGRE";"Avarias e/ou desgaste excessivo no pneu";"Colisão lateral sentido oposto";"Com Vítimas Feridas";"Plena Noite";"Crescente";"Céu Claro";"Simples";"Reta";"Não";1;0;1;0;0;0;1;1;-22,17944;-45,995041;"SPRF-MG";"DEL09-MG";"UOP01-DEL09-MG"
466194;2022-08-05;"sexta-feira";"00:55:00";"SP";116;59;"GUARATINGUETA";"Mal súbito do condutor";"Queda de ocupante de veículo";"Com Vítimas Feridas";"Plena Noite";"Decrescente";"Céu Claro";"Dupla";"Reta";"Sim";1;0;1;0;0;0;1;1;-22,78555649;-45,15339465;"SPRF-SP";"DEL08-SP";"UOP01-DEL08-SP"
466195;2022-08-06;"sábado";"00:25:00";"RS";470;229;"CARLOS BARBOSA";"Reação tardia ou ineficiente do condutor";"Saída de leito carroçável";"Sem Vítimas";"Plena Noite";"Crescente";"Céu Claro";"Simples";"Curva";"Não";2;0;0;0;2;0;0;1;-29,2841968;-51,4918505;"SPRF-RS";"DEL06-RS";"UOP01-DEL06-RS"
466196;2022-08-05;"sexta-feira";"17:40:00";"PI";343;499,5;"AMARANTE";"Ausência de reação do condutor";"Colisão traseira";"Com Vítimas Feridas";"Anoitecer";"Crescente";"Ignorado";"Simples";"Reta";"Não";2;0;2;0;0;0;2;2;-6,246188;-42,792961;"SPRF-PI";"DEL03-PI";"UOP01-DEL03-PI"
466197;2022-08-06;"sábado";"01:00:00";"GO";153;430,8;"ANAPOLIS";"Ingestão de álcool pelo condutor";"Saída de leito carroçável";"Com Vítimas Feridas";"Pleno dia";"Decrescente";"Céu Claro";"Dupla";"Rotatória";"Sim";1;0;0;1;0;0;1;1;-16,27186335;-48,9727807;"SPRF-GO";"DEL02-GO";"UOP01-DEL02-GO"
466201;2022-08-06;"sábado";"01:45:00";"RS";386;412;"TRIUNFO";"Ingestão de álcool pelo condutor";"Colisão lateral mesmo sentido";"Sem Vítimas";"Plena Noite";"Crescente";"Céu Claro";"Dupla";"Reta";"Não";2;0;0;0;2;0;0;2;-29,807285;-51,499722;"SPRF-RS";"DEL04-RS";"UOP02-DEL04-RS"