"id";"data_inversa";"dia_semana";"horario";"uf";"br";"km";"municipio";"causa_acidente";"tipo_acidente";"classificacao_acidente";"fase_dia";"sentido_via";"condicao_metereologica";"tipo_pista";"tracado_via";"uso_solo";"pessoas";"mortos";"feridos_leves";"feridos_graves";"ilesos";"ignorados";"feridos";"veiculos";"latitude";"longitude";"regional";"delegacia";"uop"
466326;2022-08-06;"sábado";"16:45:00";"PR";476;139;"CURITIBA";"Condutor deixou de manter distância do veículo da frente";"Colisão traseira";"Sem Vítimas";"Pleno dia";"Crescente";"Garoa/Chuvisco";"Múltipla";"Reta";"Sim";5;0;0;0;5;0;0;2;-25,512331;-49,289073;"SPRF-PR";"DEL01-PR";"UOP03-DEL01-PR"
466327;2022-08-06;"sábado";"16:45:00";"PR";277;113,5;"CAMPO LARGO";"Desrespeitar a preferência no cruzamento";"Colisão transversal";"Com Vítimas Feridas";"Pleno dia";"Crescente";"Chuva";"Dupla";"Retorno Regulamentado";"Sim";4;0;2;0;2;0;2;2;-25,446433;-49,487557;"SPRF-PR";"DEL03-PR";"UOP03-DEL03-PR"
466328;2022-08-06;"sábado";"16:55:00";"RS";116;232,5;"NOVO HAMBURGO";"Acesso irregular";"Colisão frontal";"Com Vítimas Feridas";"Anoitecer";"Decrescente";"Céu Claro";"Simples";"Reta;Declive";"Sim";4;0;0;1;3;0;1;3;-29,63300002;-51,14325106;"SPRF-RS";"DEL01-RS";"UOP02-DEL01-RS"
466329;2022-08-06;"sábado";"17:20:00";"PE";423;61,2;"LAJEDO";"Desrespeitar a preferência no cruzamento";"Colisão transversal";"Com Vítimas Feridas";"Anoitecer";"Crescente";"Céu Claro";"Simples";"Interseção de Vias";"Sim";4;0;1;0;3;0;1;2;-8,65853131;-36,3309288;"SPRF-PE";"DEL03-PE";"UOP01-DEL03-PE"
466330;2022-08-06;"sábado";"17:30:00";"MG";262;371,1;"JUATUBA";"Ingestão de álcool pelo condutor";"Queda de ocupante de veículo";"Com Vítimas Feridas";"Pleno dia";"Crescente";"Céu Claro";"Dupla";"Curva";"Sim";2;0;1;0;1;0;1;1;-19,95689;-44,3635;"SPRF-MG";"DEL01-MG";"UOP03-DEL01-MG"
466332;2022-08-06;"sábado";"17:45:00";"MG";356;269;"MURIAE";"Acessar a via sem observar a presença dos outros veículos";"Colisão transversal";"Com Vítimas Feridas";"Anoitecer";"Crescente";"Nublado";"Simples";"Reta";"Sim";2;0;1;0;1;0;1;2;-21,12665618;-42,33310204;"SPRF-MG";"DEL07-MG";"UOP02-DEL07-MG"
466335;2022-08-06;"sábado";"17:45:00";"PE";101;44,8;"ABREU E LIMA";"Ausência de reação do condutor";"Colisão traseira";"Com Vítimas Feridas";"Plena Noite";"Decrescente";"Céu Claro";"Múltipla";"Reta";"Sim";2;0;1;0;1;0;1;2;-7,85637001;-34,90842109;"SPRF-PE";"DEL01-PE";"UOP02-DEL01-PE"
466338;2022-08-06;"sábado";"15:30:00";"AC";364;107;"RIO BRANCO";"Ausência de reação do condutor";"Saída de leito carroçável";"Sem Vítimas";"Pleno dia";"Crescente";"Céu Claro";"Simples";"Declive";"Não";1;0;0;0;0;1;0;1;-10,02638386;-67,6418639;"SPRF-AC";"DEL01-AC";"UOP01-DEL01-AC"
466339;2022-08-06;"sábado";"18:30:00";"SP";116;210;"GUARULHOS";"Reação tardia ou ineficiente do condutor";"Colisão traseira";"Com Vítimas Feridas";"Plena Noite";"Decrescente";"Vento";"Múltipla";"Reta";"Sim";4;0;1;0;3;0;1;2;-23,42870023;-46,41085991;"SPRF-SP";"DEL01-SP";"UOP01-DEL01-SP"
466341;2022-08-06;"sábado";"18:40:00";"GO";40;8;"LUZIANIA";"Manobra de mudança de faixa";"Colisão lateral mesmo sentido";"Com Vítimas Feridas";"Plena Noite";"Crescente";"Céu Claro";"Dupla";"Reta";"Sim";2;0;0;1;1;0;1;2;-16,129036;-47,959402;"SPRF-DF";"DEL01-DF";"UOP01-DEL01-DF"
466342;2022-08-06;"sábado";"16:50:00";"RS";116;359,5;"TAPES";"Condutor Dormindo";"Saída de leito carroçável";"Com Vítimas Feridas";"Pleno dia";"Decrescente";"Nublado";"Dupla";"Reta";"Não";1;0;1;0;0;0;1;1;-30,61597406;-51,5434038;"SPRF-RS";"DEL02-RS";"UOP02-DEL02-RS"
466343;2022-08-06;"sábado";"18:35:00";"RS";116;154,4;"CAXIAS DO SUL";"Desrespeitar a preferência no cruzamento";"Saída de leito carroçável";"Com Vítimas Feridas";"Plena Noite";"Decrescente";"Céu Claro";"Simples";"Interseção de Vias";"Sim";4;0;2;0;0;2;2;3;-29,19074818;-51,18073734;"SPRF-RS";"DEL05-RS";"UOP01-DEL05-RS"
466344;2022-08-06;"sábado";"19:11:00";"PB";230;17;"JOAO PESSOA";"Condutor deixou de manter distância do veículo da frente";"Colisão traseira";"Sem Vítimas";"Plena Noite";"Decrescente";"Céu Claro";"Simples";"Curva;Retorno Regulamentado";"Sim";2;0;0;0;2;0;0;2;-7,1183708;-34,84399259;"SPRF-PB";"DEL01-PB";"UOP01-DEL01-PB"
466345;2022-08-06;"sábado";"18:50:00";"PR";277;67,5;"SAO JOSE DOS PINHAIS";"Ausência de reação do condutor";"Colisão traseira";"Com Vítimas Feridas";"Plena Noite";"Crescente";"Chuva";"Dupla";"Reta";"Sim";2;0;1;0;1;0;1;2;-25,52695205;-49,09481049;"SPRF-PR";"DEL01-PR";"UOP01-DEL01-PR"
466347;2022-08-06;"sábado";"18:50:00";"RJ";101;67,4;"CAMPOS DOS GOYTACAZES";"Acessar a via sem observar a presença dos outros veículos";"Colisão transversal";"Com Vítimas Feridas";"Pleno dia";"Crescente";"Nublado";"Simples";"Retorno Regulamentado";"Sim";3;0;1;0;2;0;1;2;-21,76751094;-41,34876249;"SPRF-RJ";"DEL08-RJ";"UOP02-DEL08-RJ"
466348;2022-08-06;"sábado";"18:45:00";"SC";101;378,3;"ICARA";"Transitar na contramão";"Saída de leito carroçável";"Com Vítimas Feridas";"Plena Noite";"Crescente";"Nublado";"Simples";"Interseção de Vias";"Não";2;0;1;0;1;0;1;2;-28,7506823;-49,27010894;"SPRF-SC";"DEL02-SC";"UOP02-DEL02-SC"
466349;2022-08-06;"sábado";"19:00:00";"SC";101;216,5;"PALHOCA";"Acessar a via sem observar a presença dos outros veículos";"Colisão lateral sentido oposto";"Com Vítimas Feridas";"Plena Noite";"Crescente";"Chuva";"Simples";"Interseção de Vias;Reta;Viaduto";"Sim";2;0;1;0;1;0;1;2;-27,65981409;-48,67747798;"SPRF-SC";"DEL01-SC";"UOP02-DEL01-SC"
466350;2022-08-06;"sábado";"17:50:00";"SC";282;491;"FAXINAL DOS GUEDES";"Ausência de reação do condutor";"Saída de leito carroçável";"Com Vítimas Feridas";"Anoitecer";"Decrescente";"Chuva";"Simples";"Reta";"Não";1;0;1;0;0;0;1;1;-26,87402841;-52,28180051;"SPRF-SC";"DEL07-SC";"UOP01-DEL07-SC"
466351;2022-08-06;"sábado";"17:10:00";"AL";316;250;"PILAR";"Demais falhas mecânicas ou elétricas";"Queda de ocupante de veículo";"Com Vítimas Feridas";"Pleno dia";"Crescente";"Céu Claro";"Simples";"Reta";"Não";2;0;2;0;0;0;2;1;-9,55605726;-35,97591943;"SPRF-AL";"DEL01-AL";"UOP01-DEL01-AL"
466352;2022-08-06;"sábado";"19:53:00";"ES";101;126,5;"SOORETAMA";"Pedestre cruzava a pista fora da faixa";"Atropelamento de Pedestre";"Com Vítimas Feridas";"Plena Noite";"Crescente";"Céu Claro";"Simples";"Reta";"Sim";3;0;0;2;0;1;2;2;-19,193953;-40,0951;"SPRF-ES";"DEL04-ES";"UOP01-DEL04-ES"
466354;2022-08-06;"sábado";"19:50:00";"GO";40;7,5;"LUZIANIA";"Ingestão de álcool pelo condutor";"Colisão traseira";"Sem Vítimas";"Plena Noite";"Crescente";"Céu Claro";"Dupla";"Reta";"Sim";2;0;0;0;2;0;0;2;-16,108482;-47,972524;"SPRF-DF";"DEL01-DF";"UOP01-DEL01-DF"
466356;2022-08-06;"sábado";"16:30:00";"AM";319;17;"CAREIRO DA VARZEA";"Ultrapassagem Indevida";"Colisão traseira";"Com Vítimas Feridas";"Pleno dia";"Decrescente";"Sol";"Simples";"Em Obras;Reta";"Não";3;0;2;0;1;0;2;2;-3,22496394;-59,86618579;"SPRF-AM";"DEL01-AM";"UOP04-DEL01-AM"
466357;2022-08-06;"sábado";"18:30:00";"MS";262;317,1;"CAMPO GRANDE";"Ausência de reação do condutor";"Colisão com objeto";"Com Vítimas Feridas";"Plena Noite";"Crescente";"Nublado";"Simples";"Reta";"Não";1;0;1;0;0;0;1;1;-20,471231;-54,448626;"SPRF-MS";"DEL01-MS";"UOP01-DEL01-MS"
466359;2022-08-06;"sábado";"17:55:00";"RS";386;38,9;"FREDERICO WESTPHALEN";"Ingestão de álcool pelo condutor";"Colisão frontal";"Com Vítimas Feridas";"Plena Noite";"Decrescente";"Chuva";"Simples";"Curva";"Não";4;0;1;0;3;0;1;2;-27,391367;-53,400776;"SPRF-RS";"DEL08-RS";"UOP02-DEL08-RS"
466360;2022-08-06;"sábado";"20:10:00";"MG";146;490,6;"POCOS DE CALDAS";"Ingestão de álcool pelo condutor";"Saída de leito carroçável";"Com Vítimas Fatais";"Plena Noite";"Crescente";"Céu Claro";"Simples";"Reta";"Não";3;2;0;1;0;0;1;1;-21,807929;-46,480017;"SPRF-MG";"DEL09-MG";"UOP01-DEL09-MG"
466361;2022-08-06;"sábado";"20:05:00";"RS";116;229;"IVOTI";"Conversão proibida";"Colisão transversal";"Com Vítimas Feridas";"Plena Noite";"Crescente";"Céu Claro";"Simples";"Reta;Aclive";"Sim";3;0;1;0;2;0;1;2;-29,62137967;-51,12764597;"SPRF-RS";"DEL01-RS";"UOP02-DEL01-RS"
466363;2022-08-06;"sábado";"19:00:00";"MA";402;6;"ROSARIO";"Reação tardia ou ineficiente do condutor";"Colisão traseira";"Com Vítimas Feridas";"Plena Noite";"Decrescente";"Céu Claro";"Simples";"Reta";"Sim";3;0;1;1;0;1;2;2;-2,946087;-44,267559;"SPRF-MA";"DEL01-MA";"UOP01-DEL01-MA"
466364;2022-08-06;"sábado";"20:00:00";"PE";407;124;"PETROLINA";"Ingestão de álcool pelo condutor";"Colisão lateral mesmo sentido";"Sem Vítimas";"Plena Noite";"Decrescente";"Céu Claro";"Dupla";"Rotatória";"Sim";4;0;0;0;4;0;0;2;-9,36929881;-40,54137139;"SPRF-PE";"DEL06-PE";"UOP01-DEL06-PE"
466365;2022-08-06;"sábado";"20:30:00";"MG";40;528;"CONTAGEM";"Reação tardia ou ineficiente do condutor";"Queda de ocupante de veículo";"Com Vítimas Feridas";"Plena Noite";"Decrescente";"Céu Claro";"Dupla";"Reta";"Sim";2;0;2;0;0;0;2;1;-19,90883179;-44,04436577;"SPRF-MG";"DEL01-MG";"UOP02-DEL01-MG"
466366;2022-08-06;"sábado";"20:15:00";"PR";376;184,9;"SARANDI";"Pedestre cruzava a pista fora da faixa";"Atropelamento de Pedestre";"Com Vítimas Feridas";"Plena Noite";"Decrescente";"Céu Claro";"Dupla";"Reta";"Sim";2;0;0;1;1;0;1;2;-23,4465611;-51,86216706;"SPRF-PR";"DEL09-PR";"UOP01-DEL09-PR"
466367;2022-08-06;"sábado";"20:00:00";"PE";232;10,5;"JABOATAO DOS GUARARAPES";"Ausência de reação do condutor";"Capotamento";"Com Vítimas Feridas";"Plena Noite";"Decrescente";"Garoa/Chuvisco";"Dupla";"Reta";"Sim";1;0;1;0;0;0;1;1;-8,079313;-34,986974;"SPRF-PE";"DEL01-PE";"UOP01-DEL01-PE"
466369;2022-08-06;"sábado";"20:10:00";"PR";277;66;"SAO JOSE DOS PINHAIS";"Transitar na contramão";"Colisão frontal";"Sem Vítimas";"Plena Noite";"Decrescente";"Chuva";"Múltipla";"Reta";"Sim";2;0;0;0;2;0;0;2;-25,54908791;-49,04398096;"SPRF-PR";"DEL01-PR";"UOP01-DEL01-PR"
466371;2022-08-06;"sábado";"19:00:00";"PE";232;109,6;"BEZERROS";"Reação tardia ou ineficiente do condutor";"Capotamento";"Com Vítimas Feridas";"Plena Noite";"Crescente";"Céu Claro";"Dupla";"Curva";"Não";1;0;1;0;0;0;1;1;-8,28036785;-35,81085313;"SPRF-PE";"DEL02-PE";"UOP02-DEL02PE"
466372;2022-08-06;"sábado";"19:32:00";"TO";153;140,6;"ARAGUAINA";"Ausência de reação do condutor";"Saída de leito carroçável";"Sem Vítimas";"Plena Noite";"Crescente";"Nublado";"Dupla";"Reta";"Sim";1;0;0;0;0;1;0;1;-7,169616;-48,21328;"SPRF-TO";"DEL02-TO";"UOP01-DEL02-TO"
466373;2022-08-06;"sábado";"21:20:00";"SP";116;230;"SAO PAULO";"Reação tardia ou ineficiente do condutor";"Colisão lateral mesmo sentido";"Com Vítimas Feridas";"Plena Noite";"Crescente";"Nevoeiro/Neblina";"Múltipla";"Reta";"Sim";4;0;0;1;3;0;1;4;-23,52251783;-46,5855702;"SPRF-SP";"DEL01-SP";"UOP01-DEL01-SP"
466374;2022-08-06;"sábado";"21:15:00";"RS";386;339;"LAJEADO";"Ausência de reação do condutor";"Saída de leito carroçável";"Com Vítimas Feridas";"Plena Noite";"Crescente";"Chuva";"Simples";"Reta";"Não";3;0;3;0;0;0;3;1;-29,410208;-52,029076;"SPRF-RS";"DEL04-RS";"UOP01-DEL04-RS"
466375;2022-08-06;"sábado";"18:00:00";"RJ";356;39;"ITAPERUNA";"Condutor deixou de manter distância do veículo da frente";"Colisão traseira";"Sem Vítimas";"Plena Noite";"Crescente";"Ignorado";"Simples";"Reta";"Não";2;0;0;0;2;0;0;2;-21,20820314;-41,85021596;"SPRF-RJ";"DEL08-RJ";"UOP03-DEL08-RJ"
466377;2022-08-06;"sábado";"04:00:00";"AM";319;51,5;"CAREIRO";"Falta de acostamento";"Atropelamento de Pedestre";"Com Vítimas Fatais";"Plena Noite";"Crescente";"Céu Claro";"Simples";"Reta";"Não";2;1;0;0;0;1;0;2;-3,43870872;-59,99147707;"SPRF-AM";"DEL01-AM";"UOP04-DEL01-AM"
466378;2022-08-06;"sábado";"19:10:00";"SC";282;393,8;"JOACABA";"Ingestão de álcool pelo condutor";"Colisão frontal";"Com Vítimas Feridas";"Plena Noite";"Decrescente";"Chuva";"Simples";"Aclive;Curva";"Não";6;0;3;0;2;1;3;4;-27,160221;-51,573895;"SPRF-SC";"DEL07-SC";"UOP05-DEL07-SC"
466379;2022-08-06;"sábado";"18:39:00";"RJ";101;256;"RIO BONITO";"Pedestre andava na pista";"Atropelamento de Pedestre";"Com Vítimas Fatais";"Plena Noite";"Crescente";"Nublado";"Dupla";"Reta";"Não";2;1;0;0;1;0;0;2;-22,69621133;-42,56854493;"SPRF-RJ";"DEL02-RJ";"UOP03-DEL02-RJ"
466380;2022-08-06;"sábado";"19:10:00";"PR";376;625;"SAO JOSE DOS PINHAIS";"Transitar na contramão";"Colisão frontal";"Com Vítimas Feridas";"Plena Noite";"Decrescente";"Chuva";"Dupla";"Interseção de Vias";"Não";2;0;1;0;1;0;1;2;-25,65218089;-49,15731458;"SPRF-PR";"DEL01-PR";"UOP04-DEL01-PR"
466381;2022-08-06;"sábado";"21:00:00";"RS";153;48,1;"ERECHIM";"Acessar a via sem observar a presença dos outros veículos";"Colisão frontal";"Sem Vítimas";"Plena Noite";"Decrescente";"Chuva";"Simples";"Interseção de Vias";"Sim";2;0;0;0;2;0;0;2;-27,65118001;-52,257248;"SPRF-RS";"DEL08-RS";"UOP04-DEL08-RS"
466382;2022-08-06;"sábado";"21:00:00";"MA";226;301;"BARRA DO CORDA";"Ingestão de álcool pelo condutor";"Colisão traseira";"Com Vítimas Feridas";"Plena Noite";"Decrescente";"Ignorado";"Simples";"Reta";"Sim";2;0;1;0;1;0;1;2;-5,49793816;-45,25652507;"SPRF-MA";"DEL06-MA";"UOP01-DEL06-MA"
466383;2022-08-06;"sábado";"21:30:00";"MT";158;633,5;"NOVA XAVANTINA";"Reação tardia ou ineficiente do condutor";"Saída de leito carroçável";"Com Vítimas Feridas";"Plena Noite";"Crescente";"Céu Claro";"Simples";"Curva";"Não";1;0;1;0;0;0;1;1;-14,53691046;-52,32954037;"SPRF-MT";"DEL07-MT";"UOP02-DEL07-MT"
466384;2022-08-06;"sábado";"19:00:00";"PE";316;87;"OURICURI";"Acessar a via sem observar a presença dos outros veículos";"Queda de ocupante de veículo";"Com Vítimas Feridas";"Anoitecer";"Crescente";"Céu Claro";"Simples";"Curva";"Sim";2;0;0;2;0;0;2;2;-7,89302781;-40,05470593;"SPRF-PE";"DEL05-PE";"UOP02-DEL05-PE"
466386;2022-08-06;"sábado";"18:50:00";"MG";364;35;"FRUTAL";"Falta de acostamento";"Colisão traseira";"Com Vítimas Feridas";"Plena Noite";"Crescente";"Céu Claro";"Simples";"Reta";"Não";3;0;1;2;0;0;3;2;-20,025185;-48,94096;"SPRF-MG";"DEL13-MG";"UOP02-DEL13-MG"
466387;2022-08-06;"sábado";"21:35:00";"SC";101;210,5;"SAO JOSE";"Reação tardia ou ineficiente do condutor";"Tombamento";"Com Vítimas Feridas";"Plena Noite";"Crescente";"Chuva";"Múltipla";"Reta";"Sim";1;0;1;0;0;0;1;1;-27,6167305;-48,6457265;"SPRF-SC";"DEL01-SC";"UOP01-DEL01-SC"
466389;2022-08-06;"sábado";"22:00:00";"PR";369;133,5;"IBIPORA";"Transitar na contramão";"Colisão frontal";"Com Vítimas Feridas";"Plena Noite";"Crescente";"Céu Claro";"Simples";"Reta";"Não";4;0;2;1;0;1;3;3;-23,261047;-51,014225;"SPRF-PR";"DEL07-PR";"UOP01-DEL07-PR"
466390;2022-08-06;"sábado";"21:30:00";"SC";101;135,4;"BALNEARIO CAMBORIU";"Acumulo de água sobre o pavimento";"Saída de leito carroçável";"Sem Vítimas";"Plena Noite";"Crescente";"Chuva";"Dupla";"Reta";"Sim";1;0;0;0;1;0;0;1;-27,0050108;-48,62677494;"SPRF-SC";"DEL04-SC";"UOP03-DEL04-SC"
466391;2022-08-06;"sábado";"21:00:00";"SC";101;155;"PORTO BELO";"Reação tardia ou ineficiente do condutor";"Saída de leito carroçável";"Com Vítimas Feridas";"Plena Noite";"Decrescente";"Chuva";"Múltipla";"Reta";"Não";1;0;1;0;0;0;1;1;-27,16292;-48,61129;"SPRF-SC";"DEL04-SC";"UOP03-DEL04-SC"
466392;2022-08-06;"sábado";"19:50:00";"SP";153;181,8;"LINS";"Ausência de reação do condutor";"Saída de leito carroçável";"Com Vítimas Feridas";"Plena Noite";"Crescente";"Céu Claro";"Simples";"Reta";"Não";3;0;1;1;1;0;2;1;-21,69169015;-49,79282465;"SPRF-SP";"DEL07-SP";"UOP01-DEL07-SP"
466394;2022-08-06;"sábado";"22:30:00";"MG";381;484,9;"BETIM";"Ingestão de álcool pelo condutor";"Colisão lateral mesmo sentido";"Com Vítimas Feridas";"Plena Noite";"Decrescente";"Céu Claro";"Dupla";"Reta";"Sim";4;0;0;1;2;1;1;4;-19,95721434;-44,09431458;"SPRF-MG";"DEL01-MG";"UOP03-DEL01-MG"
466395;2022-08-06;"sábado";"20:15:00";"RS";470;225,3;"GARIBALDI";"Ingestão de álcool pelo condutor";"Colisão traseira";"Sem Vítimas";"Plena Noite";"Crescente";"Chuva";"Simples";"Retorno Regulamentado";"Sim";3;0;0;0;3;0;0;2;-29,21454003;-51,51762617;"SPRF-RS";"DEL06-RS";"UOP01-DEL06-RS"
466396;2022-08-06;"sábado";"13:50:00";"RS";470;261;"SALVADOR DO SUL";"Reação tardia ou ineficiente do condutor";"Saída de leito carroçável";"Com Vítimas Feridas";"Pleno dia";"Crescente";"Céu Claro";"Simples";"Curva";"Não";1;0;1;0;0;0;1;1;-29,46783998;-51,48973889;"SPRF-RS";"DEL06-RS";"UOP01-DEL06-RS"
466397;2022-08-06;"sábado";"22:40:00";"PI";343;12;"PARNAIBA";"Ingestão de álcool pelo condutor";"Colisão transversal";"Com Vítimas Feridas";"Plena Noite";"Crescente";"Céu Claro";"Dupla";"Rotatória";"Sim";3;0;1;0;2;0;1;2;-2,910035;-41,753662;"SPRF-PI";"DEL05-PI";"UOP01-DEL05-PI"
466398;2022-08-06;"sábado";"23:10:00";"SE";101;70,6;"MARUIM";"Desvio temporário";"Colisão com objeto";"Com Vítimas Feridas";"Plena Noite";"Decrescente";"Céu Claro";"Simples";"Em Obras;Declive;Desvio Temporário;Reta";"Sim";1;0;0;1;0;0;1;1;-10,7356;-37,08768;"SPRF-SE";"DEL01-SE";"UOP01-DEL01-SE"
466400;2022-08-06;"sábado";"22:50:00";"RS";116;228;"DOIS IRMAOS";"Velocidade Incompatível";"Tombamento";"Sem Vítimas";"Plena Noite";"Decrescente";"Garoa/Chuvisco";"Simples";"Curva";"Sim";1;0;0;0;0;1;0;1;-29,61103966;-51,12425074;"SPRF-RS";"DEL01-RS";"UOP02-DEL01-RS"
466401;2022-08-06;"sábado";"23:00:00";"SC";101;207,4;"SAO JOSE";"Velocidade Incompatível";"Saída de leito carroçável";"Com Vítimas Feridas";"Pleno dia";"Decrescente";"Chuva";"Dupla";"Curva;Declive";"Sim";1;0;1;0;0;0;1;1;-27,60190582;-48,6258316;"SPRF-SC";"DEL01-SC";"UOP01-DEL01-SC"
466402;2022-08-06;"sábado";"18:25:00";"RS";116;257;"ESTEIO";"Acessar a via sem observar a presença dos outros veículos";"Colisão transversal";"Com Vítimas Feridas";"Plena Noite";"Decrescente";"Céu Claro";"Simples";"Reta;Interseção de Vias";"Sim";2;0;1;0;0;1;1;2;-29,84032748;-51,1762476;"SPRF-RS";"DEL01-RS";"UOP02-DEL01-RS"
466403;2022-08-06;"sábado";"21:20:00";"GO";364;115;"APARECIDA DO RIO DOCE";"Demais falhas mecânicas ou elétricas";"Incêndio";"Sem Vítimas";"Plena Noite";"Decrescente";"Céu Claro";"Simples";"Em Obras;Reta";"Não";1;0;0;0;1;0;0;1;-18,291893;-51,158892;"SPRF-GO";"DEL05-GO";"UOP01-DEL05-GO"
466404;2022-08-06;"sábado";"21:00:00";"PR";277;531,6;"CAMPO BONITO";"Ingestão de álcool pelo condutor";"Capotamento";"Sem Vítimas";"Plena Noite";"Decrescente";"Chuva";"Simples";"Reta";"Não";1;0;0;0;0;1;0;1;-25,099053;-52,973919;"SPRF-PR";"DEL04-PR";"UOP01-DEL04-PR"
466406;2022-08-06;"sábado";"22:38:00";"ES";101;142;"LINHARES";"Ingestão de álcool pelo condutor";"Colisão traseira";"Sem Vítimas";"Plena Noite";"Crescente";"Céu Claro";"Dupla";"Reta";"Sim";2;0;0;0;2;0;0;2;-19,33458987;-40,06755477;"SPRF-ES";"DEL04-ES";"UOP01-DEL04-ES"
466407;2022-08-06;"sábado";"22:30:00";"MG";116;120;"ITAOBIM";"Reação tardia ou ineficiente do condutor";"Atropelamento de Pedestre";"Com Vítimas Feridas";"Plena Noite";"Crescente";"Céu Claro";"Simples";"Reta";"Não";2;0;0;1;0;1;1;2;-16,60015602;-41,49868089;"SPRF-MG";"DEL11-MG";"UOP02-DEL11-MG"
466408;2022-08-06;"sábado";"23:50:00";"MG";381;496,7;"BETIM";"Ausência de reação do condutor";"Tombamento";"Com Vítimas Feridas";"Plena Noite";"Crescente";"Céu Claro";"Múltipla";"Declive;Reta";"Sim";1;0;0;1;0;0;1;1;-19,99676497;-44,20958506;"SPRF-MG";"DEL01-MG";"UOP03-DEL01-MG"
466409;2022-08-06;"sábado";"23:30:00";"PR";376;445;"TIBAGI";"Ausência de reação do condutor";"Saída de leito carroçável";"Sem Vítimas";"Plena Noite";"Crescente";"Garoa/Chuvisco";"Dupla";"Curva";"Não";1;0;0;0;0;1;0;1;-24,84940815;-50,47307968;"SPRF-PR";"DEL03-PR";"UOP02-DEL03-PR"
466411;2022-08-06;"sábado";"23:00:00";"MG";262;811;"UBERABA";"Velocidade Incompatível";"Colisão com objeto";"Sem Vítimas";"Plena Noite";"Decrescente";"Céu Claro";"Dupla";"Viaduto";"Sim";1;0;0;0;0;1;0;1;-19,766298;-47,9891795;"SPRF-MG";"DEL13-MG";"UOP01-DEL13-MG"
466412;2022-08-06;"sábado";"20:07:00";"AC";364;119;"RIO BRANCO";"Ingestão de álcool pelo condutor";"Colisão traseira";"Sem Vítimas";"Plena Noite";"Crescente";"Nublado";"Simples";"Reta";"Não";3;0;0;0;3;0;0;2;-10,012444;-67,746305;"SPRF-AC";"DEL01-AC";"UOP01-DEL01-AC"
466413;2022-08-06;"sábado";"22:10:00";"SC";470;5;"NAVEGANTES";"Velocidade Incompatível";"Colisão com objeto";"Com Vítimas Feridas";"Plena Noite";"Crescente";"Chuva";"Dupla";"Reta";"Sim";1;0;1;0;0;0;1;1;-26,855688;-48,700333;"SPRF-SC";"DEL04-SC";"UOP04-DEL04-SC"
466414;2022-08-06;"sábado";"22:30:00";"SC";470;18,8;"ILHOTA";"Ausência de reação do condutor";"Saída de leito carroçável";"Sem Vítimas";"Plena Noite";"Crescente";"Garoa/Chuvisco";"Simples";"Em Obras";"Não";1;0;0;0;1;0;0;1;-26,855534;-48,808922;"SPRF-SC";"DEL04-SC";"UOP04-DEL04-SC"
466415;2022-08-06;"sábado";"23:50:00";"RJ";116;177;"NOVA IGUACU";"Pedestre andava na pista";"Atropelamento de Pedestre";"Com Vítimas Fatais";"Plena Noite";"Decrescente";"Céu Claro";"Múltipla";"Reta";"Sim";4;1;0;0;3;0;0;2;-22,78055198;-43,39208599;"SPRF-RJ";"DEL01-RJ";"UOP02-DEL01-RJ"
466416;2022-08-06;"sábado";"23:20:00";"SC";101;110,5;"NAVEGANTES";"Acumulo de água sobre o pavimento";"Saída de leito carroçável";"Com Vítimas Feridas";"Plena Noite";"Decrescente";"Chuva";"Dupla";"Curva";"Não";2;0;2;0;0;0;2;1;-26,83477;-48,706151;"SPRF-SC";"DEL04-SC";"UOP04-DEL04-SC"
466417;2022-08-06;"sábado";"23:40:00";"PE";407;122,2;"PETROLINA";"Condutor deixou de manter distância do veículo da frente";"Colisão traseira";"Com Vítimas Feridas";"Plena Noite";"Crescente";"Céu Claro";"Simples";"Reta";"Não";5;0;4;0;0;1;4;2;-9,35955283;-40,54708242;"SPRF-PE";"DEL06-PE";"UOP01-DEL06-PE"
466418;2022-08-07;"domingo";"01:05:00";"SP";116;224;"GUARULHOS";"Frear bruscamente";"Saída de leito carroçável";"Com Vítimas Feridas";"Plena Noite";"Crescente";"Céu Claro";"Múltipla";"Reta";"Sim";2;0;2;0;0;0;2;1;-23,48071896;-46,53271603;"SPRF-SP";"DEL01-SP";"UOP01-DEL01-SP"
466419;2022-08-07;"domingo";"00:00:00";"PR";476;136;"CURITIBA";"Ingestão de álcool pelo condutor";"Colisão com objeto";"Com Vítimas Feridas";"Plena Noite";"Crescente";"Chuva";"Múltipla";"Reta";"Sim";2;0;2;0;0;0;2;1;-25,495151;-49,275423;"SPRF-PR";"DEL01-PR";"UOP03-DEL01-PR"
466420;2022-08-06;"sábado";"17:30:00";"MG";50;82;"UBERLANDIA";"Acostamento em desnível";"Queda de ocupante de veículo";"Com Vítimas Feridas";"Pleno dia";"Crescente";"Céu Claro";"Dupla";"Reta";"Não";1;0;1;0;0;0;1;1;-18,986906;-48,211853;"SPRF-MG";"DEL15-MG";"UOP01-DEL15-MG"
466421;2022-08-06;"sábado";"23:30:00";"RO";364;343;"JI-PARANA";"Ingestão de álcool pelo condutor";"Colisão com objeto";"Sem Vítimas";"Plena Noite";"Crescente";"Céu Claro";"Dupla";"Reta";"Sim";1;0;0;0;1;0;0;1;-10,87878519;-61,94499012;"SPRF-RO";"DEL02-RO";"UOP01-DEL02-RO"
466422;2022-08-07;"domingo";"01:10:00";"PR";369;155;"LONDRINA";"Reação tardia ou ineficiente do condutor";"Colisão com objeto";"Sem Vítimas";"Plena Noite";"Decrescente";"Céu Claro";"Dupla";"Retorno Regulamentado";"Sim";1;0;0;0;0;1;0;1;-23,29555;-51,208317;"SPRF-PR";"DEL07-PR";"UOP01-DEL07-PR"