"id";"data_inversa";"dia_semana";"horario";"uf";"br";"km";"municipio";"causa_acidente";"tipo_acidente";"classificacao_acidente";"fase_dia";"sentido_via";"condicao_metereologica";"tipo_pista";"tracado_via";"uso_solo";"pessoas";"mortos";"feridos_leves";"feridos_graves";"ilesos";"ignorados";"feridos";"veiculos";"latitude";"longitude";"regional";"delegacia";"uop"
466424;2022-08-07;"domingo";"01:25:00";"GO";40;18;"LUZIANIA";"Ingestão de álcool pelo condutor";"Saída de leito carroçável";"Com Vítimas Feridas";"Plena Noite";"Crescente";"Céu Claro";"Dupla";"Reta";"Sim";1;0;0;1;0;0;1;1;-16,19349;-47,925575;"SPRF-DF";"DEL01-DF";"UOP01-DEL01-DF"
466425;2022-08-07;"domingo";"01:50:00";"MG";381;456;"BELO HORIZONTE";"Animais na Pista";"Atropelamento de Animal";"Com Vítimas Feridas";"Plena Noite";"Decrescente";"Céu Claro";"Simples";"Reta";"Não";2;0;0;2;0;0;2;1;-19,85862954;-43,91292495;"SPRF-MG";"DEL01-MG";"UOP01-DEL01-MG"
466427;2022-08-06;"sábado";"18:40:00";"SC";280;29;"ARAQUARI";"Reação tardia ou ineficiente do condutor";"Saída de leito carroçável";"Sem Vítimas";"Plena Noite";"Crescente";"Chuva";"Simples";"Reta";"Não";1;0;0;0;1;0;0;1;-26,41066264;-48,75295628;"SPRF-SC";"DEL03-SC";"UOP03-DEL03-SC"
466428;2022-08-07;"domingo";"02:00:00";"SP";116;224;"GUARULHOS";"Reação tardia ou ineficiente do condutor";"Colisão frontal";"Sem Vítimas";"Plena Noite";"Decrescente";"Nublado";"Múltipla";"Reta";"Sim";1;0;0;0;0;1;0;1;-23,48071896;-46,53271603;"SPRF-SP";"DEL01-SP";"UOP01-DEL01-SP"
466429;2022-08-07;"domingo";"00:15:00";"MG";116;547,7;"SANTA BARBARA DO LESTE";"Velocidade Incompatível";"Colisão com objeto";"Com Vítimas Feridas";"Plena Noite";"Crescente";"Céu Claro";"Simples";"Aclive;Curva";"Não";1;0;1;0;0;0;1;1;-19,94060422;-42,13017583;"SPRF-MG";"DEL06-MG";"UOP02-DEL06-MG"
466430;2022-08-07;"domingo";"01:20:00";"MT";163;1031;"PEIXOTO DE AZEVEDO";"Ausência de reação do condutor";"Colisão traseira";"Com Vítimas Feridas";"Plena Noite";"Crescente";"Céu Claro";"Simples";"Em Obras;Reta";"Sim";2;0;1;0;1;0;1;2;-10,2194586;-54,96967837;"SPRF-MT";"DEL06-MT";"NPF/DEL06-MT"
466431;2022-08-07;"domingo";"01:30:00";"SC";101;309,9;"LAGUNA";"Ingestão de álcool pelo condutor";"Colisão com objeto";"Sem Vítimas";"Plena Noite";"Decrescente";"Chuva";"Múltipla";"Reta";"Sim";1;0;0;0;1;0;0;1;-28,40755485;-48,79169438;"SPRF-SC";"DEL02-SC";"UOP01-DEL02-SC"
466432;2022-08-07;"domingo";"02:00:00";"RS";448;0;"SAPUCAIA DO SUL";"Velocidade Incompatível";"Colisão com objeto";"Sem Vítimas";"Plena Noite";"Decrescente";"Garoa/Chuvisco";"Dupla";"Curva";"Não";2;0;0;0;2;0;0;1;-29,827246;-51,173317;"SPRF-RS";"DEL01-RS";"UOP02-DEL01-RS"
466433;2022-08-07;"domingo";"02:00:00";"GO";452;1;"RIO VERDE";"Ingestão de álcool pelo condutor";"Saída de leito carroçável";"Sem Vítimas";"Plena Noite";"Crescente";"Céu Claro";"Dupla";"Retorno Regulamentado";"Não";1;0;0;0;1;0;0;1;-17,79126493;-50,89368296;"SPRF-GO";"DEL04-GO";"UOP01-DEL04-GO"
466434;2022-08-07;"domingo";"01:10:00";"SC";101;382,1;"ICARA";"Velocidade Incompatível";"Saída de leito carroçável";"Com Vítimas Feridas";"Plena Noite";"Decrescente";"Chuva";"Dupla";"Reta";"Não";1;0;1;0;0;0;1;1;-28,76864365;-49,30269818;"SPRF-SC";"DEL02-SC";"UOP02-DEL02-SC"
466435;2022-08-07;"domingo";"02:35:00";"SC";101;425;"ARARANGUA";"Condutor Dormindo";"Saída de leito carroçável";"Sem Vítimas";"Plena Noite";"Crescente";"Chuva";"Dupla";"Reta";"Não";1;0;0;0;1;0;0;1;-29,02095789;-49,59124506;"SPRF-SC";"DEL02-SC";"UOP02-DEL02-SC"
466436;2022-08-07;"domingo";"01:45:00";"SC";282;0,4;"FLORIANOPOLIS";"Ingestão de álcool pelo condutor";"Saída de leito carroçável";"Com Vítimas Fatais";"Plena Noite";"Decrescente";"Chuva";"Dupla";"Reta";"Sim";6;4;0;2;0;0;2;2;-27,599979;-48,575818;"SPRF-SC";"DEL01-SC";"UOP01-DEL01-SC"
466438;2022-08-07;"domingo";"02:00:00";"SC";101;210,4;"SAO JOSE";"Ingestão de álcool pelo condutor";"Colisão com objeto";"Com Vítimas Feridas";"Plena Noite";"Decrescente";"Chuva";"Múltipla";"Reta";"Não";1;0;1;0;0;0;1;1;-27,6167305;-48,6457265;"SPRF-SC";"DEL01-SC";"UOP01-DEL01-SC"
466439;2022-08-07;"domingo";"03:15:00";"ES";101;139;"LINHARES";"Animais na Pista";"Atropelamento de Animal";"Sem Vítimas";"Plena Noite";"Decrescente";"Céu Claro";"Dupla";"Reta";"Sim";2;0;0;0;2;0;0;2;-19,3101728;-40,0799666;"SPRF-ES";"DEL04-ES";"UOP01-DEL04-ES"
466440;2022-08-07;"domingo";"03:52:00";"SP";116;152;"SAO JOSE DOS CAMPOS";"Ausência de reação do condutor";"Colisão com objeto";"Com Vítimas Feridas";"Plena Noite";"Decrescente";"Nublado";"Dupla";"Reta";"Sim";2;0;0;1;1;0;1;1;-23,22620401;-45,90682999;"SPRF-SP";"DEL02-SP";"UOP01-DEL02-SP"
466441;2022-08-07;"domingo";"00:15:00";"MS";60;404;"SIDROLANDIA";"Ausência de reação do condutor";"Saída de leito carroçável";"Com Vítimas Feridas";"Plena Noite";"Crescente";"Céu Claro";"Simples";"Curva";"Não";1;0;1;0;0;0;1;1;-20,83787672;-54,80718613;"SPRF-MS";"DEL01-MS";"UOP04-DEL01-MS"
466442;2022-08-06;"sábado";"20:40:00";"RS";448;16;"CANOAS";"Reação tardia ou ineficiente do condutor";"Tombamento";"Com Vítimas Feridas";"Plena Noite";"Decrescente";"Céu Claro";"Dupla";"Reta";"Não";1;0;1;0;0;0;1;1;-29,93223;-51,211967;"SPRF-RS";"DEL01-RS";"UOP01-DEL01-RS"
466444;2022-08-07;"domingo";"02:30:00";"MT";163;78,5;"RONDONOPOLIS";"Condutor Dormindo";"Saída de leito carroçável";"Sem Vítimas";"Plena Noite";"Crescente";"Nublado";"Dupla";"Reta";"Não";2;0;0;0;2;0;0;1;-16,834042;-54,699013;"SPRF-MT";"DEL02-MT";"UOP01-DEL02-MT"
466446;2022-08-07;"domingo";"03:35:00";"RS";386;356;"ESTRELA";"Ingestão de álcool pelo condutor";"Saída de leito carroçável";"Sem Vítimas";"Plena Noite";"Crescente";"Chuva";"Dupla";"Reta";"Não";1;0;0;0;1;0;0;1;-29,522612;-51,935017;"SPRF-RS";"DEL04-RS";"UOP02-DEL04-RS"
466447;2022-08-07;"domingo";"04:00:00";"PR";277;671;"MEDIANEIRA";"Ingestão de álcool pelo condutor";"Colisão com objeto";"Sem Vítimas";"Plena Noite";"Crescente";"Garoa/Chuvisco";"Dupla";"Aclive";"Sim";2;0;0;0;2;0;0;1;-25,28490106;-54,08744898;"SPRF-PR";"DEL05-PR";"UOP02-DEL05-PR"
466448;2022-08-06;"sábado";"19:10:00";"MA";135;288,6;"SANTO ANTONIO DOS LOPES";"Transitar na contramão";"Colisão lateral sentido oposto";"Com Vítimas Feridas";"Plena Noite";"Crescente";"Céu Claro";"Simples";"Reta";"Não";4;0;3;0;1;0;3;2;-4,88365702;-44,35964405;"SPRF-MA";"DEL03-MA";"UOP01-DEL03-MA"
466449;2022-08-07;"domingo";"04:30:00";"MS";376;132;"IVINHEMA";"Ingestão de álcool pelo condutor";"Saída de leito carroçável";"Com Vítimas Feridas";"Plena Noite";"Crescente";"Céu Claro";"Simples";"Reta";"Não";1;0;1;0;0;0;1;1;-22,368879;-53,690924;"SPRF-MS";"DEL04-MS";"UOP04-DEL04-MS"
466450;2022-08-07;"domingo";"05:30:00";"SP";116;228,3;"SAO PAULO";"Reação tardia ou ineficiente do condutor";"Queda de ocupante de veículo";"Com Vítimas Fatais";"Amanhecer";"Crescente";"Nublado";"Múltipla";"Reta";"Não";2;1;1;0;0;0;1;1;-23,50343484;-46,56638712;"SPRF-SP";"DEL01-SP";"UOP01-DEL01-SP"
466451;2022-08-07;"domingo";"05:40:00";"SP";116;213;"GUARULHOS";"Reação tardia ou ineficiente do condutor";"Engavetamento";"Sem Vítimas";"Amanhecer";"Decrescente";"Céu Claro";"Múltipla";"Reta";"Sim";4;0;0;0;3;1;0;4;-23,43971486;-46,43667806;"SPRF-SP";"DEL01-SP";"UOP01-DEL01-SP"
466452;2022-08-07;"domingo";"05:00:00";"MG";262;420,7;"IGARATINGA";"Condutor Dormindo";"Saída de leito carroçável";"Com Vítimas Feridas";"Amanhecer";"Crescente";"Céu Claro";"Dupla";"Reta";"Não";3;0;3;0;0;0;3;1;-19,88933622;-44,71181914;"SPRF-MG";"DEL08-MG";"UOP03-DEL08-MG"
466453;2022-08-07;"domingo";"05:55:00";"GO";40;17,5;"LUZIANIA";"Reação tardia ou ineficiente do condutor";"Colisão com objeto";"Com Vítimas Feridas";"Amanhecer";"Decrescente";"Céu Claro";"Dupla";"Declive;Reta";"Não";2;0;1;0;1;0;1;1;-16,21849;-47,915478;"SPRF-DF";"DEL01-DF";"UOP01-DEL01-DF"
466454;2022-08-07;"domingo";"06:00:00";"SP";116;284;"EMBU DAS ARTES";"Transitar no acostamento";"Colisão traseira";"Com Vítimas Feridas";"Amanhecer";"Crescente";"Céu Claro";"Dupla";"Reta";"Sim";2;0;0;1;0;1;1;2;-23,69998;-46,867767;"SPRF-SP";"DEL04-SP";"UOP01-DEL04-SP"
466455;2022-08-07;"domingo";"05:30:00";"PE";232;193;"SANHARO";"Ingestão de álcool pelo condutor";"Colisão frontal";"Com Vítimas Feridas";"Amanhecer";"Decrescente";"Céu Claro";"Simples";"Reta";"Não";2;0;1;0;1;0;1;2;-8,35995128;-36,54559793;"SPRF-PE";"DEL03-PE";"UOP02-DEL03-PE"
466456;2022-08-07;"domingo";"04:00:00";"SC";101;131;"BALNEARIO CAMBORIU";"Condutor Dormindo";"Saída de leito carroçável";"Sem Vítimas";"Plena Noite";"Decrescente";"Chuva";"Dupla";"Reta";"Não";1;0;0;0;0;1;0;1;-26,99064209;-48,66310912;"SPRF-SC";"DEL04-SC";"UOP03-DEL04-SC"
466457;2022-08-07;"domingo";"06:25:00";"SC";280;54;"GUARAMIRIM";"Condutor deixou de manter distância do veículo da frente";"Colisão traseira";"Sem Vítimas";"Amanhecer";"Crescente";"Chuva";"Dupla";"Reta";"Sim";2;0;0;0;2;0;0;2;-26,47539893;-48,983748;"SPRF-SC";"DEL03-SC";"UOP03-DEL03-SC"
466459;2022-08-07;"domingo";"05:40:00";"ES";101;264;"SERRA";"Velocidade Incompatível";"Colisão lateral mesmo sentido";"Sem Vítimas";"Amanhecer";"Crescente";"Céu Claro";"Dupla";"Reta";"Sim";2;0;0;0;1;1;0;2;-20,17292791;-40,26736384;"SPRF-ES";"DEL02-ES";"UOP01-DEL02-ES"
466460;2022-08-07;"domingo";"04:30:00";"CE";222;5,7;"CAUCAIA";"Ingestão de álcool pelo condutor";"Saída de leito carroçável";"Sem Vítimas";"Plena Noite";"Decrescente";"Céu Claro";"Simples";"Interseção de Vias;Curva;Viaduto";"Sim";1;0;0;0;0;1;0;1;-3,744089;-38,619683;"SPRF-CE";"DEL01-CE";"UOP01-DEL01-CE"
466461;2022-08-07;"domingo";"05:30:00";"MG";262;815,5;"UBERABA";"Velocidade Incompatível";"Saída de leito carroçável";"Sem Vítimas";"Amanhecer";"Decrescente";"Céu Claro";"Dupla";"Retorno Regulamentado";"Não";1;0;0;0;0;1;0;1;-19,76466268;-48,12500294;"SPRF-MG";"DEL13-MG";"UOP01-DEL13-MG"
466462;2022-08-07;"domingo";"07:20:00";"SP";381;89;"SAO PAULO";"Manobra de mudança de faixa";"Colisão lateral mesmo sentido";"Com Vítimas Feridas";"Pleno dia";"Crescente";"Céu Claro";"Múltipla";"Reta";"Não";2;0;1;0;1;0;1;2;-23,48469299;-46,55983288;"SPRF-SP";"DEL03-SP";"UOP01-DEL03-SP"
466463;2022-08-07;"domingo";"07:11:00";"ES";101;89,5;"SAO MATEUS";"Avarias e/ou desgaste excessivo no pneu";"Colisão com objeto";"Sem Vítimas";"Pleno dia";"Crescente";"Céu Claro";"Simples";"Reta";"Não";1;0;0;0;1;0;0;1;-18,88987374;-39,95207255;"SPRF-ES";"DEL04-ES";"UOP02-DEL04-ES"
466464;2022-08-07;"domingo";"07:00:00";"RS";386;371,7;"FAZENDA VILANOVA";"Ingestão de álcool pelo condutor";"Saída de leito carroçável";"Com Vítimas Feridas";"Amanhecer";"Decrescente";"Nublado";"Dupla";"Curva";"Não";1;0;1;0;0;0;1;1;-29,596546;-51,814407;"SPRF-RS";"DEL04-RS";"UOP02-DEL04-RS"
466465;2022-08-07;"domingo";"06:00:00";"PR";376;654;"TIJUCAS DO SUL";"Velocidade Incompatível";"Colisão com objeto";"Sem Vítimas";"Amanhecer";"Decrescente";"Garoa/Chuvisco";"Dupla";"Curva";"Não";2;0;0;0;2;0;0;1;-25,84325961;-49,05169114;"SPRF-PR";"DEL01-PR";"UOP04-DEL01-PR"
466466;2022-08-07;"domingo";"06:50:00";"PR";376;170,1;"MARINGA";"Condutor deixou de manter distância do veículo da frente";"Colisão traseira";"Com Vítimas Feridas";"Amanhecer";"Crescente";"Céu Claro";"Dupla";"Reta";"Sim";4;0;1;2;1;0;3;2;-23,40536429;-51,99417114;"SPRF-PR";"DEL09-PR";"UOP01-DEL09-PR"
466468;2022-08-07;"domingo";"06:57:00";"ES";101;269;"SERRA";"Acessar a via sem observar a presença dos outros veículos";"Colisão transversal";"Com Vítimas Feridas";"Amanhecer";"Decrescente";"Céu Claro";"Múltipla";"Reta";"Sim";2;0;1;0;0;1;1;2;-20,21740496;-40,26990578;"SPRF-ES";"DEL02-ES";"UOP01-DEL02-ES"
466469;2022-08-07;"domingo";"06:50:00";"PB";230;106;"INGA";"Velocidade Incompatível";"Saída de leito carroçável";"Com Vítimas Feridas";"Pleno dia";"Crescente";"Chuva";"Dupla";"Declive";"Não";1;0;1;0;0;0;1;1;-7,2083;-35,5318;"SPRF-PB";"DEL01-PB";"UOP03-DEL01-PB"
466470;2022-08-07;"domingo";"05:30:00";"PI";343;137;"PIRACURUCA";"Condutor Dormindo";"Saída de leito carroçável";"Com Vítimas Feridas";"Amanhecer";"Crescente";"Céu Claro";"Simples";"Reta";"Não";1;0;0;1;0;0;1;1;-3,894276;-41,70969;"SPRF-PI";"DEL02-PI";"UOP01-DEL02-PI"
466471;2022-08-07;"domingo";"07:30:00";"GO";60;172;"ABADIA DE GOIAS";"Condutor deixou de manter distância do veículo da frente";"Colisão lateral mesmo sentido";"Com Vítimas Feridas";"Pleno dia";"Decrescente";"Céu Claro";"Dupla";"Retorno Regulamentado";"Sim";4;0;1;0;3;0;1;2;-16,738;-49,4076;"SPRF-GO";"DEL01-GO";"UOP02-DEL01-GO"
466472;2022-08-07;"domingo";"06:40:00";"MT";364;544;"ROSARIO OESTE";"Frear bruscamente";"Queda de ocupante de veículo";"Com Vítimas Feridas";"Pleno dia";"Crescente";"Céu Claro";"Dupla";"Reta";"Não";1;0;1;0;0;0;1;1;-14,89642704;-56,46577384;"SPRF-MT";"DEL01-MT";"UOP01-DEL01-MT"
466473;2022-08-07;"domingo";"07:55:00";"MA";135;3,8;"SAO LUIS";"Velocidade Incompatível";"Colisão lateral mesmo sentido";"Com Vítimas Feridas";"Pleno dia";"Crescente";"Céu Claro";"Dupla";"Reta";"Sim";4;0;2;0;2;0;2;2;-2,606802;-44,247512;"SPRF-MA";"DEL01-MA";"UOP01-DEL01-MA"
466474;2022-08-06;"sábado";"23:00:00";"PR";476;336;"PAULA FREITAS";"Velocidade Incompatível";"Colisão com objeto";"Com Vítimas Feridas";"Plena Noite";"Crescente";"Chuva";"Simples";"Reta";"Não";2;0;2;0;0;0;2;1;-26,1369;-50,863815;"SPRF-PR";"DEL02-PR";"UOP03-DEL02-PR"
466475;2022-08-07;"domingo";"06:05:00";"RJ";40;98;"DUQUE DE CAXIAS";"Reação tardia ou ineficiente do condutor";"Eventos atípicos";"Com Vítimas Feridas";"Pleno dia";"Crescente";"Céu Claro";"Simples";"Curva";"Não";2;0;2;0;0;0;2;1;-22,57773682;-43,27329036;"SPRF-RJ";"DEL01-RJ";"UOP01-DEL01-RJ"
466476;2022-08-07;"domingo";"06:50:00";"PR";116;116;"CURITIBA";"Ausência de reação do condutor";"Colisão com objeto";"Com Vítimas Feridas";"Pleno dia";"Crescente";"Nublado";"Múltipla";"Curva";"Sim";4;0;3;0;1;0;3;2;-25,5557;-49,306299;"SPRF-PR";"DEL01-PR";"UOP06-DEL01-PR"
466477;2022-08-07;"domingo";"08:15:00";"ES";101;277;"SERRA";"Reação tardia ou ineficiente do condutor";"Colisão com objeto";"Com Vítimas Feridas";"Pleno dia";"Crescente";"Sol";"Dupla";"Ponte";"Não";1;0;0;1;0;0;1;1;-20,21307738;-40,32125972;"SPRF-ES";"DEL02-ES";"UOP01-DEL02-ES"
466480;2022-08-07;"domingo";"08:00:00";"SC";282;37,5;"AGUAS MORNAS";"Velocidade Incompatível";"Saída de leito carroçável";"Com Vítimas Feridas";"Pleno dia";"Crescente";"Chuva";"Simples";"Curva";"Não";2;0;0;1;1;0;1;1;-27,707325;-48,842983;"SPRF-SC";"DEL01-SC";"UOP03-DEL01-SC"
466481;2022-08-07;"domingo";"01:00:00";"RJ";40;123;"DUQUE DE CAXIAS";"Ausência de reação do condutor";"Colisão com objeto";"Com Vítimas Feridas";"Plena Noite";"Decrescente";"Céu Claro";"Simples";"Curva";"Sim";4;0;1;0;2;1;1;2;-22,79907687;-43,29015739;"SPRF-RJ";"DEL01-RJ";"UOP01-DEL01-RJ"
466482;2022-08-07;"domingo";"07:30:00";"RJ";116;173;"BELFORD ROXO";"Condutor Dormindo";"Queda de ocupante de veículo";"Com Vítimas Feridas";"Pleno dia";"Crescente";"Nublado";"Dupla";"Reta";"Sim";1;0;1;0;0;0;1;1;-22,79810324;-43,35726614;"SPRF-RJ";"DEL01-RJ";"UOP02-DEL01-RJ"
466485;2022-08-07;"domingo";"06:15:00";"RS";153;401,5;"CACHOEIRA DO SUL";"Condutor Dormindo";"Saída de leito carroçável";"Com Vítimas Feridas";"Plena Noite";"Crescente";"Céu Claro";"Simples";"Reta";"Não";2;0;1;0;1;0;1;1;-30,01765999;-52,9180099;"SPRF-RS";"DEL02-RS";"UOP03-DEL02-RS"
466486;2022-08-07;"domingo";"09:15:00";"SP";116;422;"JUQUIA";"Ausência de reação do condutor";"Colisão com objeto";"Com Vítimas Feridas";"Pleno dia";"Decrescente";"Chuva";"Dupla";"Reta";"Não";2;0;1;0;1;0;1;1;-24,36454003;-47,69203096;"SPRF-SP";"DEL05-SP";"UOP01-DEL05-SP"
466487;2022-07-02;"sábado";"18:15:00";"ES";101;142,8;"LINHARES";"Animais na Pista";"Atropelamento de Animal";"Com Vítimas Feridas";"Plena Noite";"Crescente";"Céu Claro";"Dupla";"Curva";"Sim";1;0;1;0;0;0;1;1;-19,33458987;-40,06755477;"SPRF-ES";"DEL04-ES";"UOP01-DEL04-ES"
466488;2022-08-07;"domingo";"09:20:00";"PR";116;96;"SAO JOSE DOS PINHAIS";"Reação tardia ou ineficiente do condutor";"Capotamento";"Com Vítimas Feridas";"Pleno dia";"Decrescente";"Nublado";"Dupla";"Curva";"Sim";1;0;1;0;0;0;1;1;-25,537849;-49,149651;"SPRF-PR";"DEL01-PR";"UOP01-DEL01-PR"
466492;2022-08-07;"domingo";"08:00:00";"SC";282;130;"BOM RETIRO";"Reação tardia ou ineficiente do condutor";"Capotamento";"Com Vítimas Feridas";"Pleno dia";"Decrescente";"Chuva";"Simples";"Curva";"Não";3;0;2;1;0;0;3;1;-27,803255;-49,505241;"SPRF-SC";"DEL05-SC";"UOP01-DEL05-SC"
466493;2022-08-07;"domingo";"10:30:00";"MG";262;378,5;"JUATUBA";"Ausência de reação do condutor";"Queda de ocupante de veículo";"Com Vítimas Feridas";"Pleno dia";"Crescente";"Sol";"Dupla";"Curva";"Não";1;0;0;1;0;0;1;1;-19,95652262;-44,3648278;"SPRF-MG";"DEL01-MG";"UOP03-DEL01-MG"
466495;2022-08-07;"domingo";"10:30:00";"AL";101;133,4;"SAO MIGUEL DOS CAMPOS";"Condutor deixou de manter distância do veículo da frente";"Colisão traseira";"Com Vítimas Feridas";"Pleno dia";"Decrescente";"Céu Claro";"Simples";"Reta";"Não";4;0;1;0;3;0;1;3;-9,77267463;-36,10116533;"SPRF-AL";"DEL02-AL";"UOP01-DEL02-AL"
466496;2022-08-07;"domingo";"10:45:00";"SC";101;189,5;"BIGUACU";"Avarias e/ou desgaste excessivo no pneu";"Colisão com objeto";"Com Vítimas Feridas";"Pleno dia";"Decrescente";"Garoa/Chuvisco";"Dupla";"Curva";"Sim";3;0;1;0;1;1;1;2;-27,459393;-48,638914;"SPRF-SC";"DEL01-SC";"UOP01-DEL01-SC"
466497;2022-08-07;"domingo";"09:15:00";"SC";101;434;"SOMBRIO";"Ausência de reação do condutor";"Colisão com objeto";"Com Vítimas Feridas";"Pleno dia";"Decrescente";"Garoa/Chuvisco";"Simples";"Reta";"Sim";1;0;1;0;0;0;1;1;-29,10418606;-49,63584423;"SPRF-SC";"DEL02-SC";"UOP02-DEL02-SC"
466498;2022-08-07;"domingo";"09:00:00";"RS";116;242;"SAO LEOPOLDO";"Reação tardia ou ineficiente do condutor";"Saída de leito carroçável";"Sem Vítimas";"Pleno dia";"Decrescente";"Céu Claro";"Dupla";"Reta";"Sim";1;0;0;0;0;1;0;1;-29,72297087;-51,14858729;"SPRF-RS";"DEL01-RS";"UOP02-DEL01-RS"
466499;2022-08-07;"domingo";"11:00:00";"SC";101;133,8;"BALNEARIO CAMBORIU";"Desrespeitar a preferência no cruzamento";"Colisão transversal";"Com Vítimas Feridas";"Pleno dia";"Crescente";"Chuva";"Múltipla";"Interseção de Vias";"Sim";2;0;1;0;1;0;1;2;-26,99936;-48,64609;"SPRF-SC";"DEL04-SC";"UOP03-DEL04-SC"
466500;2022-08-07;"domingo";"10:40:00";"PR";467;79,1;"TOLEDO";"Acessar a via sem observar a presença dos outros veículos";"Colisão transversal";"Com Vítimas Feridas";"Pleno dia";"Decrescente";"Garoa/Chuvisco";"Dupla";"Retorno Regulamentado;Aclive;Curva";"Não";3;0;2;0;1;0;2;2;-24,7786;-53,6791;"SPRF-PR";"DEL04-PR";"UOP01-DEL04-PR"
466501;2022-08-07;"domingo";"07:50:00";"AM";174;933;"MANAUS";"Ultrapassagem Indevida";"Colisão frontal";"Com Vítimas Feridas";"Pleno dia";"Decrescente";"Céu Claro";"Simples";"Curva";"Não";2;0;1;0;1;0;1;2;-2,54047873;-60,03706824;"SPRF-AM";"DEL01-AM";"UOP01-DEL01-AM"
466502;2022-08-07;"domingo";"11:50:00";"ES";262;188,3;"IUNA";"Acessar a via sem observar a presença dos outros veículos";"Colisão transversal";"Com Vítimas Feridas";"Pleno dia";"Crescente";"Céu Claro";"Simples";"Reta";"Não";4;0;4;0;0;0;4;2;-20,3151883;-41,72886028;"SPRF-ES";"DEL01-ES";"UOP02-DEL01-ES"
466503;2022-08-07;"domingo";"12:10:00";"MG";40;532;"BELO HORIZONTE";"Manobra de mudança de faixa";"Colisão lateral mesmo sentido";"Com Vítimas Feridas";"Pleno dia";"Decrescente";"Céu Claro";"Dupla";"Aclive;Reta";"Sim";2;0;1;0;1;0;1;2;-19,92372561;-44,01700789;"SPRF-MG";"DEL01-MG";"UOP02-DEL01-MG"
466504;2022-08-07;"domingo";"12:15:00";"MG";381;512;"IGARAPE";"Acessar a via sem observar a presença dos outros veículos";"Colisão transversal";"Com Vítimas Feridas";"Pleno dia";"Decrescente";"Céu Claro";"Simples";"Interseção de Vias";"Sim";3;0;3;0;0;0;3;2;-20,09239724;-44,31458341;"SPRF-MG";"DEL01-MG";"UOP03-DEL01-MG"
466506;2022-08-07;"domingo";"12:20:00";"GO";50;280,2;"CATALAO";"Ausência de reação do condutor";"Colisão transversal";"Sem Vítimas";"Pleno dia";"Decrescente";"Céu Claro";"Dupla";"Interseção de Vias";"Sim";3;0;0;0;3;0;0;2;-18,1784;-47,9362;"SPRF-GO";"DEL06-GO";"UOP01-DEL06-GO"
466507;2022-08-07;"domingo";"11:00:00";"MG";116;606;"SAO JOAO DO MANHUACU";"Ingestão de álcool pelo condutor";"Colisão frontal";"Com Vítimas Feridas";"Pleno dia";"Decrescente";"Céu Claro";"Simples";"Reta";"Não";5;0;3;2;0;0;5;2;-20,378722;-42,14721389;"SPRF-MG";"DEL06-MG";"UOP03-DEL06-MG"
466508;2022-08-07;"domingo";"11:20:00";"BA";101;690,4;"EUNAPOLIS";"Manobra de mudança de faixa";"Colisão frontal";"Com Vítimas Feridas";"Pleno dia";"Crescente";"Chuva";"Simples";"Curva";"Não";2;0;2;0;0;0;2;2;-16,17176;-39,594808;"SPRF-BA";"DEL09-BA";"UOP01-DEL09-BA"
466511;2022-08-07;"domingo";"12:00:00";"SC";101;74,5;"ARAQUARI";"Acumulo de água sobre o pavimento";"Colisão com objeto";"Sem Vítimas";"Pleno dia";"Crescente";"Chuva";"Dupla";"Reta";"Não";1;0;0;0;1;0;0;1;-26,54446209;-48,71214452;"SPRF-SC";"DEL03-SC";"UOP02-DEL03-SC"
466515;2022-08-07;"domingo";"13:20:00";"SC";101;85;"BARRA VELHA";"Reação tardia ou ineficiente do condutor";"Colisão transversal";"Sem Vítimas";"Pleno dia";"Decrescente";"Garoa/Chuvisco";"Simples";"Viaduto";"Sim";2;0;0;0;2;0;0;2;-26,62840879;-48,70813584;"SPRF-SC";"DEL03-SC";"UOP02-DEL03-SC"
466517;2022-08-07;"domingo";"11:00:00";"RJ";354;17;"RESENDE";"Transitar na contramão";"Colisão frontal";"Com Vítimas Feridas";"Pleno dia";"Crescente";"Céu Claro";"Simples";"Curva";"Não";3;0;0;1;2;0;1;2;-22,45730544;-44,71751551;"SPRF-RJ";"DEL07-RJ";"UOP02-DEL07-RJ"
466518;2022-08-07;"domingo";"13:40:00";"RJ";116;137;"DUQUE DE CAXIAS";"Reação tardia ou ineficiente do condutor";"Colisão traseira";"Com Vítimas Feridas";"Pleno dia";"Decrescente";"Nublado";"Dupla";"Reta";"Sim";2;0;1;0;1;0;1;2;-22,64791994;-43,18200799;"SPRF-RJ";"DEL01-RJ";"UOP01-DEL01-RJ"
466519;2022-08-07;"domingo";"13:30:00";"BA";101;519;"ITABUNA";"Velocidade Incompatível";"Saída de leito carroçável";"Com Vítimas Feridas";"Pleno dia";"Decrescente";"Nublado";"Simples";"Curva";"Não";4;0;2;1;1;0;3;2;-15,04082291;-39,33198118;"SPRF-BA";"DEL05-BA";"UOP01-DEL05-BA"
466521;2022-08-07;"domingo";"09:30:00";"PR";277;129,4;"BALSA NOVA";"Velocidade Incompatível";"Saída de leito carroçável";"Com Vítimas Feridas";"Pleno dia";"Decrescente";"Chuva";"Simples";"Reta";"Não";1;0;1;0;0;0;1;1;-25,469;-49,63;"SPRF-PR";"DEL03-PR";"UOP03-DEL03-PR"
466522;2022-08-07;"domingo";"08:45:00";"MA";135;62;"BACABEIRA";"Condutor deixou de manter distância do veículo da frente";"Colisão traseira";"Sem Vítimas";"Pleno dia";"Decrescente";"Céu Claro";"Simples";"Reta";"Não";2;0;0;0;2;0;0;2;-3,06977896;-44,32330426;"SPRF-MA";"DEL01-MA";"UOP02-DEL01-MA"