"id";"data_inversa";"dia_semana";"horario";"uf";"br";"km";"municipio";"causa_acidente";"tipo_acidente";"classificacao_acidente";"fase_dia";"sentido_via";"condicao_metereologica";"tipo_pista";"tracado_via";"uso_solo";"pessoas";"mortos";"feridos_leves";"feridos_graves";"ilesos";"ignorados";"feridos";"veiculos";"latitude";"longitude";"regional";"delegacia";"uop"
466525;2022-08-07;"domingo";"12:00:00";"BA";242;227;"ITABERABA";"Acessar a via sem observar a presença dos outros veículos";"Colisão lateral mesmo sentido";"Com Vítimas Feridas";"Pleno dia";"Decrescente";"Céu Claro";"Simples";"Curva";"Sim";2;0;1;0;1;0;1;2;-12,5097;-40,3032;"SPRF-BA";"DEL06-BA";"UOP02-DEL06-BA"
466527;2022-07-18;"segunda-feira";"07:00:00";"BA";101;210;"GOVERNADOR MANGABEIRA";"Velocidade Incompatível";"Capotamento";"Com Vítimas Feridas";"Pleno dia";"Crescente";"Céu Claro";"Simples";"Declive";"Não";2;0;0;1;1;0;1;1;-12,60374913;-39,05534189;"SPRF-BA";"DEL01-BA";"UOP02-DEL01-BA"
466528;2022-08-07;"domingo";"15:25:00";"ES";101;246;"SERRA";"Ausência de reação do condutor";"Saída de leito carroçável";"Com Vítimas Feridas";"Pleno dia";"Crescente";"Céu Claro";"Dupla";"Aclive";"Não";3;0;1;1;1;0;2;1;-20,06198397;-40,37678888;"SPRF-ES";"DEL02-ES";"UOP01-DEL02-ES"
466529;2022-08-07;"domingo";"13:40:00";"SC";116;60;"PAPANDUVA";"Acessar a via sem observar a presença dos outros veículos";"Colisão transversal";"Com Vítimas Feridas";"Pleno dia";"Decrescente";"Chuva";"Simples";"Interseção de Vias";"Sim";3;0;2;0;1;0;2;2;-26,38296807;-50,21675059;"SPRF-SC";"DEL06-SC";"UOP02-DEL06-SC"
466530;2022-08-07;"domingo";"14:25:00";"AL";101;237,1;"SAO BRAS";"Avarias e/ou desgaste excessivo no pneu";"Saída de leito carroçável";"Com Vítimas Feridas";"Pleno dia";"Crescente";"Céu Claro";"Dupla";"Reta";"Não";4;0;1;0;3;0;1;1;-10,12581999;-36,789833;"SPRF-AL";"DEL02-AL";"UOP02-DEL02-AL"
466531;2022-08-07;"domingo";"15:10:00";"PE";423;93;"GARANHUNS";"Acessar a via sem observar a presença dos outros veículos";"Colisão transversal";"Com Vítimas Feridas";"Pleno dia";"Decrescente";"Chuva";"Simples";"Rotatória";"Sim";2;0;1;0;1;0;1;2;-8,86972012;-36,46323792;"SPRF-PE";"DEL03-PE";"UOP01-DEL03-PE"
466532;2022-08-07;"domingo";"15:10:00";"RS";116;231,2;"ESTANCIA VELHA";"Acessar a via sem observar a presença dos outros veículos";"Colisão transversal";"Sem Vítimas";"Pleno dia";"Decrescente";"Nublado";"Dupla";"Reta;Aclive;Interseção de Vias";"Não";2;0;0;0;2;0;0;2;-29,62743221;-51,13858608;"SPRF-RS";"DEL01-RS";"UOP02-DEL01-RS"
466533;2022-08-07;"domingo";"12:45:00";"RO";429;163;"SAO MIGUEL DO GUAPORE";"Ausência de reação do condutor";"Tombamento";"Com Vítimas Feridas";"Pleno dia";"Crescente";"Céu Claro";"Simples";"Reta";"Não";1;0;0;1;0;0;1;1;-11,69388069;-62,74928392;"SPRF-RO";"DEL02-RO";"UOP03-DEL02-RO"
466535;2022-08-07;"domingo";"15:30:00";"MG";40;797,5;"JUIZ DE FORA";"Avarias e/ou desgaste excessivo no pneu";"Tombamento";"Com Vítimas Feridas";"Pleno dia";"Crescente";"Céu Claro";"Dupla";"Curva";"Não";2;0;2;0;0;0;2;1;-21,81520106;-43,38621008;"SPRF-MG";"DEL05-MG";"UOP01-DEL05-MG"
466539;2022-08-04;"quinta-feira";"18:30:00";"MS";60;593,2;"JARDIM";"Entrada inopinada do pedestre";"Atropelamento de Pedestre";"Com Vítimas Feridas";"Anoitecer";"Decrescente";"Céu Claro";"Simples";"Reta";"Sim";2;0;1;0;1;0;1;2;-21,48542331;-56,15040947;"SPRF-MS";"DEL05-MS";"UOP01-DEL05-MS"
466540;2022-07-22;"sexta-feira";"16:30:00";"BA";101;232;"SAPEACU";"Ausência de reação do condutor";"Colisão frontal";"Com Vítimas Feridas";"Pleno dia";"Decrescente";"Sol";"Simples";"Reta";"Sim";4;0;3;0;0;1;3;2;-12,737595;-39,184489;"SPRF-BA";"DEL01-BA";"UOP02-DEL01-BA"
466541;2022-08-07;"domingo";"16:40:00";"SC";116;187;"PONTE ALTA";"Transitar na contramão";"Colisão frontal";"Com Vítimas Feridas";"Pleno dia";"Decrescente";"Chuva";"Simples";"Reta";"Não";2;0;0;1;1;0;1;2;-27,32131902;-50,42329211;"SPRF-SC";"DEL05-SC";"UOP03-DEL05-SC"
466542;2022-08-07;"domingo";"07:28:00";"RO";364;621;"ITAPUA DO OESTE";"Ausência de reação do condutor";"Colisão traseira";"Sem Vítimas";"Pleno dia";"Crescente";"Céu Claro";"Simples";"Ponte";"Não";5;0;0;0;5;0;0;2;-9,08545967;-63,29473382;"SPRF-RO";"DEL01-RO";"UOP04-DEL01-RO"
466543;2022-08-07;"domingo";"16:35:00";"MG";262;357,5;"BETIM";"Condutor deixou de manter distância do veículo da frente";"Engavetamento";"Com Vítimas Feridas";"Pleno dia";"Decrescente";"Céu Claro";"Múltipla";"Reta";"Sim";8;0;4;0;4;0;4;4;-19,98367397;-44,24263;"SPRF-MG";"DEL01-MG";"UOP03-DEL01-MG"
466544;2022-08-07;"domingo";"14:50:00";"MS";163;249,1;"DOURADOS";"Ingestão de álcool pelo condutor";"Saída de leito carroçável";"Sem Vítimas";"Pleno dia";"Decrescente";"Chuva";"Simples";"Reta";"Não";1;0;0;0;1;0;0;1;-22,31490301;-54,8198581;"SPRF-MS";"DEL04-MS";"UOP02-DEL04-MS"
466545;2022-08-07;"domingo";"16:00:00";"PB";101;25,7;"MAMANGUAPE";"Pista esburacada";"Saída de leito carroçável";"Com Vítimas Feridas";"Pleno dia";"Crescente";"Céu Claro";"Dupla";"Reta";"Não";2;0;2;0;0;0;2;1;-6,70802006;-35,11772953;"SPRF-PB";"DEL01-PB";"UOP04-DEL01-PB"
466547;2022-08-07;"domingo";"16:18:00";"PB";101;83;"BAYEUX";"Condutor deixou de manter distância do veículo da frente";"Colisão traseira";"Com Vítimas Feridas";"Pleno dia";"Crescente";"Céu Claro";"Dupla";"Reta";"Sim";3;0;2;0;1;0;2;2;-7,138348;-34,924451;"SPRF-PB";"DEL01-PB";"UOP01-DEL01-PB"
466548;2022-08-07;"domingo";"16:50:00";"ES";262;47,1;"MARECHAL FLORIANO";"Condutor deixou de manter distância do veículo da frente";"Colisão traseira";"Com Vítimas Feridas";"Pleno dia";"Decrescente";"Céu Claro";"Simples";"Reta";"Sim";3;0;0;2;0;1;2;2;-20,41130252;-40,67926543;"SPRF-ES";"DEL01-ES";"UOP01-DEL01-ES"
466549;2022-08-07;"domingo";"13:30:00";"PR";116;39;"CAMPINA GRANDE DO SUL";"Velocidade Incompatível";"Saída de leito carroçável";"Com Vítimas Feridas";"Pleno dia";"Crescente";"Chuva";"Dupla";"Curva";"Não";3;0;0;1;2;0;1;1;-25,156168;-48,8613401;"SPRF-PR";"DEL01-PR";"UOP02-DEL01-PR"
466551;2022-08-07;"domingo";"17:10:00";"RS";290;100;"PORTO ALEGRE";"Reação tardia ou ineficiente do condutor";"Colisão com objeto";"Sem Vítimas";"Anoitecer";"Decrescente";"Nublado";"Múltipla";"Ponte";"Sim";1;0;0;0;1;0;0;1;-29,988646;-51,236553;"SPRF-RS";"DEL01-RS";"UOP01-DEL01-RS"
466552;2022-08-07;"domingo";"15:05:00";"PR";476;348;"PAULA FREITAS";"Velocidade Incompatível";"Saída de leito carroçável";"Com Vítimas Feridas";"Pleno dia";"Crescente";"Chuva";"Simples";"Aclive;Curva";"Não";1;0;0;1;0;0;1;1;-26,181463;-50,960186;"SPRF-PR";"DEL02-PR";"UOP03-DEL02-PR"
466553;2022-08-07;"domingo";"17:20:00";"RN";101;153,2;"GOIANINHA";"Velocidade Incompatível";"Capotamento";"Com Vítimas Feridas";"Anoitecer";"Decrescente";"Vento";"Múltipla";"Reta";"Não";1;0;1;0;0;0;1;1;-6,30988774;-35,18750756;"SPRF-RN";"DEL01-RN";"UOP01-DEL01-RN"
466554;2022-08-07;"domingo";"16:40:00";"PE";407;125;"PETROLINA";"Ingestão de álcool pelo condutor";"Colisão traseira";"Sem Vítimas";"Pleno dia";"Decrescente";"Céu Claro";"Dupla";"Reta";"Não";3;0;0;0;3;0;0;3;-9,37739336;-40,53595733;"SPRF-PE";"DEL06-PE";"UOP01-DEL06-PE"
466555;2022-08-07;"domingo";"16:30:00";"SC";470;173,5;"POUSO REDONDO";"Reação tardia ou ineficiente do condutor";"Colisão traseira";"Com Vítimas Feridas";"Anoitecer";"Crescente";"Chuva";"Simples";"Declive";"Sim";4;0;1;0;2;1;1;3;-27,25984;-49,919285;"SPRF-SC";"DEL04-SC";"UOP02-DEL04-SC"
466556;2022-08-07;"domingo";"17:32:00";"RN";406;171;"SAO GONCALO DO AMARANTE";"Ausência de reação do condutor";"Colisão lateral mesmo sentido";"Com Vítimas Feridas";"Anoitecer";"Crescente";"Céu Claro";"Dupla";"Aclive";"Sim";3;0;2;0;0;1;2;2;-5,76172663;-35,29115323;"SPRF-RN";"DEL02-RN";"UOP01-DEL02-RN"
466559;2022-08-07;"domingo";"17:00:00";"RJ";101;311;"SAO GONCALO";"Falta de acostamento";"Colisão lateral mesmo sentido";"Com Vítimas Feridas";"Anoitecer";"Crescente";"Céu Claro";"Múltipla";"Reta";"Sim";6;0;1;0;5;0;1;2;-22,80062246;-43,05318779;"SPRF-RJ";"DEL02-RJ";"UOP02-DEL02-RJ"
466560;2022-08-07;"domingo";"16:40:00";"GO";414;329;"COCALZINHO DE GOIAS";"Velocidade Incompatível";"Saída de leito carroçável";"Com Vítimas Feridas";"Pleno dia";"Crescente";"Céu Claro";"Simples";"Reta";"Não";1;0;1;0;0;0;1;1;-15,580993;-48,628662;"SPRF-GO";"DEL02-GO";"UOP01-DEL02-GO"
466561;2022-08-07;"domingo";"18:10:00";"SP";116;383;"MIRACATU";"Condutor deixou de manter distância do veículo da frente";"Colisão traseira";"Com Vítimas Feridas";"Plena Noite";"Decrescente";"Nublado";"Dupla";"Reta";"Não";4;0;2;0;2;0;2;2;-24,24165679;-47,36329124;"SPRF-SP";"DEL04-SP";"UOP02-DEL04-SP"
466563;2022-08-06;"sábado";"20:45:00";"PB";116;0,6;"CACHOEIRA DOS INDIOS";"Ingestão de álcool pelo condutor";"Colisão com objeto";"Com Vítimas Fatais";"Plena Noite";"Decrescente";"Ignorado";"Simples";"Reta";"Não";1;1;0;0;0;0;0;1;-6,90188;-38,73003;"SPRF-CE";"DEL05-CE";"UOP03-DEL05-CE"
466564;2022-08-07;"domingo";"18:15:00";"SC";470;98,9;"APIUNA";"Reação tardia ou ineficiente do condutor";"Colisão traseira";"Com Vítimas Feridas";"Plena Noite";"Crescente";"Chuva";"Simples";"Reta";"Sim";2;0;1;0;1;0;1;2;-27,032537;-49,385468;"SPRF-SC";"DEL04-SC";"UOP01-DEL04-SC"
466565;2022-08-07;"domingo";"18:30:00";"PR";277;713;"SANTA TEREZINHA DE ITAIPU";"Ingestão de álcool pelo condutor";"Saída de leito carroçável";"Sem Vítimas";"Plena Noite";"Crescente";"Chuva";"Dupla";"Reta";"Sim";1;0;0;0;1;0;0;1;-25,46144154;-54,44010119;"SPRF-PR";"DEL05-PR";"UOP01-DEL05-PR"
466567;2022-08-07;"domingo";"16:20:00";"SC";280;72;"JARAGUA DO SUL";"Ingestão de álcool pelo condutor";"Colisão lateral sentido oposto";"Sem Vítimas";"Pleno dia";"Decrescente";"Chuva";"Simples";"Reta";"Não";3;0;0;0;3;0;0;2;-26,45955419;-49,14342101;"SPRF-SC";"DEL03-SC";"UOP03-DEL03-SC"
466568;2022-08-07;"domingo";"18:30:00";"PE";104;28,2;"TORITAMA";"Acessar a via sem observar a presença dos outros veículos";"Colisão frontal";"Com Vítimas Feridas";"Plena Noite";"Crescente";"Nublado";"Simples";"Aclive";"Sim";2;0;1;1;0;0;2;2;-8,0065;-36,0709;"SPRF-PE";"DEL02-PE";"UOP01-DEL02-PE"
466570;2022-08-07;"domingo";"16:00:00";"MT";0;0;"CACERES";"Demais falhas mecânicas ou elétricas";"Incêndio";"Sem Vítimas";"Pleno dia";"Não Informado";"Céu Claro";"Simples";"Aclive";"Não";1;0;0;0;1;0;0;1;-16,05311;-57,71763;"SPRF-MT";"DEL03-MT";"UOP01-DEL03-MT"
466571;2022-08-07;"domingo";"16:45:00";"SC";470;128,2;"LONTRAS";"Acessar a via sem observar a presença dos outros veículos";"Colisão transversal";"Com Vítimas Feridas";"Anoitecer";"Decrescente";"Chuva";"Simples";"Declive;Curva";"Não";4;0;1;0;2;1;1;2;-27,14595146;-49,54954147;"SPRF-SC";"DEL04-SC";"UOP02-DEL04-SC"
466573;2022-08-07;"domingo";"18:00:00";"MT";163;955;"NOVA SANTA HELENA";"Acesso irregular";"Colisão transversal";"Com Vítimas Feridas";"Anoitecer";"Decrescente";"Nublado";"Simples";"Reta";"Sim";7;0;2;0;5;0;2;2;-10,85134586;-55,18853188;"SPRF-MT";"DEL06-MT";"NPF/DEL06-MT"
466574;2022-08-07;"domingo";"19:15:00";"ES";101;66;"SAO MATEUS";"Acessar a via sem observar a presença dos outros veículos";"Colisão transversal";"Com Vítimas Feridas";"Plena Noite";"Crescente";"Céu Claro";"Múltipla";"Interseção de Vias";"Sim";2;0;1;0;0;1;1;2;-18,7165195;-39,87436378;"SPRF-ES";"DEL04-ES";"UOP02-DEL04-ES"
466576;2022-08-07;"domingo";"18:20:00";"PB";230;501,2;"CAJAZEIRAS";"Transitar na contramão";"Colisão frontal";"Com Vítimas Feridas";"Anoitecer";"Crescente";"Céu Claro";"Simples";"Aclive;Reta";"Não";3;0;2;0;0;1;2;2;-6,899;-38,5159;"SPRF-PB";"DEL03-PB";"UOP03-DEL03-PB"
466577;2022-08-07;"domingo";"19:15:00";"RS";472;183,4;"SANTO CRISTO";"Ultrapassagem Indevida";"Colisão lateral sentido oposto";"Com Vítimas Feridas";"Plena Noite";"Crescente";"Céu Claro";"Simples";"Reta;Declive";"Não";2;0;1;1;0;0;2;2;-27,83546212;-54,61193398;"SPRF-RS";"DEL10-RS";"UOP01-DEL10-RS"
466578;2022-08-07;"domingo";"18:35:00";"RS";285;217,8;"CASEIROS";"Reação tardia ou ineficiente do condutor";"Saída de leito carroçável";"Com Vítimas Feridas";"Plena Noite";"Decrescente";"Garoa/Chuvisco";"Simples";"Rotatória";"Não";4;0;1;0;3;0;1;1;-28,273781;-51,681526;"SPRF-RS";"DEL08-RS";"UOP05-DEL08-RS"
466580;2022-08-01;"segunda-feira";"16:30:00";"MS";463;22,8;"DOURADOS";"Velocidade Incompatível";"Saída de leito carroçável";"Com Vítimas Feridas";"Pleno dia";"Decrescente";"Céu Claro";"Simples";"Reta";"Não";3;0;2;1;0;0;3;1;-22,26975269;-55,00053321;"SPRF-MS";"DEL04-MS";"UOP03-DEL04-MS"
466581;2022-08-07;"domingo";"17:30:00";"MG";116;94,3;"MEDINA";"Ausência de reação do condutor";"Saída de leito carroçável";"Com Vítimas Feridas";"Anoitecer";"Crescente";"Céu Claro";"Simples";"Curva";"Não";1;0;1;0;0;0;1;1;-16,384692;-41,47280999;"SPRF-MG";"DEL11-MG";"UOP02-DEL11-MG"
466582;2022-08-07;"domingo";"18:35:00";"DF";20;56,8;"BRASILIA";"Velocidade Incompatível";"Saída de leito carroçável";"Com Vítimas Feridas";"Anoitecer";"Decrescente";"Céu Claro";"Dupla";"Curva";"Não";3;0;1;0;2;0;1;1;-15,583027;-47,367081;"SPRF-DF";"DEL02-DF";"UOP01-DEL02-DF"
466584;2022-08-07;"domingo";"17:30:00";"PE";101;137,1;"ESCADA";"Manobra de mudança de faixa";"Colisão lateral mesmo sentido";"Com Vítimas Feridas";"Pleno dia";"Decrescente";"Nublado";"Dupla";"Reta";"Não";2;0;1;0;1;0;1;2;-8,41675194;-35,31126636;"SPRF-PE";"DEL01-PE";"UOP03-DEL01-PE"
466585;2022-08-07;"domingo";"19:10:00";"PI";135;590;"CORRENTE";"Ingestão de álcool pelo condutor";"Colisão com objeto";"Com Vítimas Feridas";"Plena Noite";"Crescente";"Céu Claro";"Dupla";"Reta;Interseção de Vias";"Sim";1;0;1;0;0;0;1;1;-10,44691388;-45,17297034;"SPRF-PI";"DEL03-PI";"UOP02-DEL03-PI"
466586;2022-08-07;"domingo";"10:00:00";"AM";230;562;"HUMAITA";"Ausência de reação do condutor";"Saída de leito carroçável";"Com Vítimas Fatais";"Pleno dia";"Crescente";"Céu Claro";"Simples";"Reta";"Não";3;2;0;0;1;0;0;1;-7,6384457;-62,64695022;"SPRF-AM";"DEL01-AM";"UOP05-DEL01-AM"
466588;2022-08-07;"domingo";"18:00:00";"MG";153;224;"FRUTAL";"Acessar a via sem observar a presença dos outros veículos";"Colisão transversal";"Com Vítimas Feridas";"Pleno dia";"Crescente";"Céu Claro";"Simples";"Curva";"Não";3;0;0;1;2;0;1;2;-20,18906911;-49,12022586;"SPRF-MG";"DEL13-MG";"UOP02-DEL13-MG"
466590;2022-08-07;"domingo";"19:30:00";"SC";101;341,6;"TUBARAO";"Ingestão de álcool pelo condutor";"Tombamento";"Com Vítimas Feridas";"Plena Noite";"Decrescente";"Chuva";"Simples";"Declive;Interseção de Vias";"Sim";2;0;1;0;0;1;1;2;-28,52644493;-49,0560472;"SPRF-SC";"DEL02-SC";"UOP01-DEL02-SC"
466592;2022-08-07;"domingo";"19:30:00";"PI";316;288;"DOM EXPEDITO LOPES";"Reação tardia ou ineficiente do condutor";"Saída de leito carroçável";"Sem Vítimas";"Plena Noite";"Crescente";"Céu Claro";"Simples";"Reta";"Não";1;0;0;0;0;1;0;1;-6,98459811;-41,63276312;"SPRF-PI";"DEL04-PI";"UOP01-DEL04-PI"
466593;2022-01-09;"domingo";"17:15:00";"MG";116;415,5;"GOVERNADOR VALADARES";"Velocidade Incompatível";"Colisão traseira";"Com Vítimas Feridas";"Pleno dia";"Decrescente";"Chuva";"Simples";"Ponte";"Sim";5;0;3;0;1;1;3;4;-18,88401297;-41,94924399;"SPRF-MG";"DEL06-MG";"UOP01-DEL06-MG"
466594;2022-08-07;"domingo";"19:00:00";"PR";153;370;"RIO AZUL";"Pedestre andava na pista";"Atropelamento de Pedestre";"Com Vítimas Fatais";"Plena Noite";"Crescente";"Chuva";"Simples";"Reta";"Não";2;1;1;0;0;0;1;2;-25,741168;-50,80901;"SPRF-PR";"DEL08-PR";"UOP02-DEL08-PR"
466595;2022-08-07;"domingo";"17:45:00";"RN";226;44;"BOM JESUS";"Transitar na contramão";"Colisão frontal";"Com Vítimas Fatais";"Anoitecer";"Crescente";"Céu Claro";"Simples";"Reta";"Não";2;1;1;0;0;0;1;2;-5,95697313;-35,56242284;"SPRF-RN";"DEL01-RN";"UOP02-DEL01-RN"
466596;2022-08-07;"domingo";"19:00:00";"AL";316;244;"ATALAIA";"Transitar na contramão";"Colisão transversal";"Sem Vítimas";"Plena Noite";"Crescente";"Nublado";"Simples";"Interseção de Vias";"Sim";3;0;0;0;3;0;0;3;-9,51462949;-36,00215435;"SPRF-AL";"DEL01-AL";"UOP01-DEL01-AL"
466599;2022-08-07;"domingo";"20:20:00";"PE";232;508;"SALGUEIRO";"Entrada inopinada do pedestre";"Saída de leito carroçável";"Com Vítimas Feridas";"Plena Noite";"Crescente";"Céu Claro";"Simples";"Reta";"Sim";2;0;2;0;0;0;2;2;-8,06223271;-39,12095006;"SPRF-PE";"DEL05-PE";"UOP01-DEL05-PE"
466601;2022-08-07;"domingo";"19:00:00";"MG";262;34;"MANHUACU";"Desrespeitar a preferência no cruzamento";"Colisão transversal";"Com Vítimas Feridas";"Plena Noite";"Crescente";"Céu Claro";"Simples";"Retorno Regulamentado";"Sim";2;0;1;0;1;0;1;2;-20,25782292;-42,02474725;"SPRF-MG";"DEL06-MG";"UOP03-DEL06-MG"
466602;2022-08-07;"domingo";"19:15:00";"CE";222;225,4;"SOBRAL";"Demais falhas na via";"Tombamento";"Com Vítimas Feridas";"Plena Noite";"Crescente";"Céu Claro";"Simples";"Reta";"Sim";2;0;1;0;0;1;1;1;-3,71028951;-40,347054;"SPRF-CE";"DEL04-CE";"UOP01-DEL04-CE"
466603;2022-08-07;"domingo";"17:50:00";"SC";282;502,5;"XANXERE";"Ingestão de álcool pelo condutor";"Colisão frontal";"Com Vítimas Feridas";"Anoitecer";"Decrescente";"Chuva";"Simples";"Reta;Aclive";"Sim";3;0;3;0;0;0;3;2;-26,885354;-52,393184;"SPRF-SC";"DEL07-SC";"UOP01-DEL07-SC"
466607;2022-08-07;"domingo";"19:10:00";"MT";174;4;"PONTES E LACERDA";"Manobra de mudança de faixa";"Colisão transversal";"Com Vítimas Feridas";"Plena Noite";"Crescente";"Céu Claro";"Simples";"Reta";"Sim";2;0;0;1;1;0;1;2;-15,226537;-59,335728;"SPRF-MT";"DEL04-MT";"UOP01-DEL04-MT"
466608;2022-08-07;"domingo";"21:00:00";"RS";470;224,6;"GARIBALDI";"Neblina";"Colisão frontal";"Com Vítimas Feridas";"Plena Noite";"Crescente";"Nevoeiro/Neblina";"Simples";"Curva";"Sim";3;0;2;0;1;0;2;2;-29,23637444;-51,51726365;"SPRF-RS";"DEL06-RS";"UOP01-DEL06-RS"
466610;2022-08-07;"domingo";"21:40:00";"SP";381;72;"MAIRIPORA";"Acumulo de água sobre o pavimento";"Capotamento";"Com Vítimas Feridas";"Plena Noite";"Crescente";"Chuva";"Dupla";"Curva";"Não";3;0;2;0;1;0;2;1;-23,35761806;-46,54970281;"SPRF-SP";"DEL03-SP";"UOP01-DEL03-SP"
466611;2022-08-07;"domingo";"18:20:00";"SC";280;276;"IRINEOPOLIS";"Acessar a via sem observar a presença dos outros veículos";"Colisão transversal";"Com Vítimas Feridas";"Plena Noite";"Crescente";"Chuva";"Dupla";"Declive";"Não";4;0;2;0;2;0;2;2;-26,29085637;-50,7896018;"SPRF-SC";"DEL06-SC";"UOP04-DEL06-SC"
466612;2022-08-07;"domingo";"20:00:00";"GO";60;2;"SANTO ANTONIO DO DESCOBERTO";"Ingestão de álcool pelo condutor";"Saída de leito carroçável";"Sem Vítimas";"Plena Noite";"Decrescente";"Céu Claro";"Dupla";"Curva";"Não";1;0;0;0;1;0;0;1;-16,070308;-48,265279;"SPRF-DF";"DEL03-DF";"UOP01-DEL03-DF"
466613;2022-08-07;"domingo";"18:00:00";"GO";153;433;"ANAPOLIS";"Condutor Dormindo";"Colisão com objeto";"Com Vítimas Feridas";"Anoitecer";"Crescente";"Céu Claro";"Dupla";"Reta";"Sim";1;0;1;0;0;0;1;1;-16,270597;-48,975418;"SPRF-GO";"DEL02-GO";"UOP01-DEL02-GO"
466614;2022-08-07;"domingo";"19:30:00";"PR";373;268;"PRUDENTOPOLIS";"Acessar a via sem observar a presença dos outros veículos";"Colisão traseira";"Com Vítimas Feridas";"Plena Noite";"Decrescente";"Chuva";"Simples";"Reta";"Não";3;0;2;0;1;0;2;2;-25,22268087;-51,02516009;"SPRF-PR";"DEL08-PR";"UOP01-DEL08-PR"
466615;2022-08-07;"domingo";"21:30:00";"GO";50;263;"CATALAO";"Reação tardia ou ineficiente do condutor";"Saída de leito carroçável";"Com Vítimas Feridas";"Anoitecer";"Decrescente";"Céu Claro";"Dupla";"Reta";"Não";1;0;0;1;0;0;1;1;-18,0521;-47,863;"SPRF-GO";"DEL06-GO";"UOP01-DEL06-GO"
466616;2022-08-07;"domingo";"20:45:00";"PR";277;654;"MATELANDIA";"Neblina";"Colisão traseira";"Sem Vítimas";"Plena Noite";"Decrescente";"Nevoeiro/Neblina";"Simples";"Aclive;Curva";"Não";2;0;0;0;2;0;0;2;-25,22232211;-53,9513177;"SPRF-PR";"DEL05-PR";"UOP02-DEL05-PR"
466617;2022-08-07;"domingo";"21:50:00";"GO";50;195;"CAMPO ALEGRE DE GOIAS";"Ausência de reação do condutor";"Capotamento";"Com Vítimas Feridas";"Plena Noite";"Decrescente";"Céu Claro";"Dupla";"Reta";"Não";3;0;2;0;1;0;2;1;-17,5368;-47,8289;"SPRF-GO";"DEL06-GO";"UOP01-DEL06-GO"
466618;2022-08-07;"domingo";"19:15:00";"RJ";101;303;"SAO GONCALO";"Condutor deixou de manter distância do veículo da frente";"Atropelamento de Pedestre";"Com Vítimas Feridas";"Plena Noite";"Crescente";"Céu Claro";"Dupla";"Reta";"Não";2;0;1;0;1;0;1;2;-22,7828205;-42,9766681;"SPRF-RJ";"DEL02-RJ";"UOP02-DEL02-RJ"
466619;2022-08-07;"domingo";"21:20:00";"BA";101;715;"EUNAPOLIS";"Ultrapassagem Indevida";"Colisão lateral mesmo sentido";"Com Vítimas Feridas";"Plena Noite";"Decrescente";"Céu Claro";"Simples";"Reta";"Sim";4;0;1;0;1;2;1;4;-16,35582;-39,579099;"SPRF-BA";"DEL09-BA";"UOP01-DEL09-BA"
466620;2022-08-07;"domingo";"21:45:00";"RN";101;80;"NATAL";"Ingestão de álcool pelo condutor";"Colisão lateral mesmo sentido";"Sem Vítimas";"Plena Noite";"Crescente";"Céu Claro";"Dupla";"Reta";"Sim";5;0;0;0;5;0;0;2;-5,75852229;-35,28806121;"SPRF-RN";"DEL02-RN";"UOP01-DEL02-RN"
466621;2022-08-07;"domingo";"19:30:00";"MG";116;278;"TEOFILO OTONI";"Acessar a via sem observar a presença dos outros veículos";"Colisão transversal";"Com Vítimas Feridas";"Plena Noite";"Decrescente";"Céu Claro";"Simples";"Interseção de Vias";"Sim";2;0;0;1;0;1;1;2;-17,86846089;-41,5171394;"SPRF-MG";"DEL11-MG";"UOP01-DEL11-MG"
466622;2022-08-07;"domingo";"20:00:00";"SC";116;224;"CORREIA PINTO";"Ausência de reação do condutor";"Saída de leito carroçável";"Com Vítimas Feridas";"Plena Noite";"Crescente";"Garoa/Chuvisco";"Simples";"Reta";"Não";2;0;2;0;0;0;2;1;-27,61065825;-50,35094133;"SPRF-SC";"DEL05-SC";"UOP03-DEL05-SC"
466623;2022-08-07;"domingo";"22:27:00";"PR";376;651;"TIJUCAS DO SUL";"Velocidade Incompatível";"Saída de leito carroçável";"Com Vítimas Feridas";"Plena Noite";"Decrescente";"Chuva";"Dupla";"Curva";"Não";2;0;1;0;1;0;1;1;-25,845243;-49,078578;"SPRF-PR";"DEL01-PR";"UOP04-DEL01-PR"
466624;2022-08-07;"domingo";"19:50:00";"RS";470;357;"SAO JERONIMO";"Transitar na contramão";"Colisão frontal";"Com Vítimas Feridas";"Plena Noite";"Crescente";"Chuva";"Simples";"Reta";"Sim";5;0;4;0;1;0;4;2;-30,08738649;-51,8009086;"SPRF-RS";"DEL02-RS";"UOP01-DEL02-RS"
466625;2022-08-07;"domingo";"18:30:00";"SP";153;143,7;"PROMISSAO";"Acessar a via sem observar a presença dos outros veículos";"Colisão transversal";"Com Vítimas Feridas";"Anoitecer";"Crescente";"Nublado";"Simples";"Interseção de Vias";"Não";6;0;2;0;3;1;2;2;-21,359364;-49,79253;"SPRF-SP";"DEL07-SP";"UOP01-DEL07-SP"
466626;2022-08-07;"domingo";"18:45:00";"RS";101;7;"TORRES";"Velocidade Incompatível";"Colisão traseira";"Sem Vítimas";"Plena Noite";"Crescente";"Chuva";"Dupla";"Reta";"Sim";2;0;0;0;1;1;0;2;-29,35399189;-49,8004501;"SPRF-RS";"DEL03-RS";"UOP02-DEL03-RS"