"id";"data_inversa";"dia_semana";"horario";"uf";"br";"km";"municipio";"causa_acidente";"tipo_acidente";"classificacao_acidente";"fase_dia";"sentido_via";"condicao_metereologica";"tipo_pista";"tracado_via";"uso_solo";"pessoas";"mortos";"feridos_leves";"feridos_graves";"ilesos";"ignorados";"feridos";"veiculos";"latitude";"longitude";"regional";"delegacia";"uop"
466627;2022-08-07;"domingo";"17:30:00";"SC";163;1,9;"DIONISIO CERQUEIRA";"Ausência de reação do condutor";"Colisão frontal";"Com Vítimas Feridas";"Pleno dia";"Crescente";"Chuva";"Simples";"Curva";"Sim";6;0;3;2;1;0;5;2;-26,26986579;-53,63124132;"SPRF-SC";"DEL07-SC";"UOP03-DEL07-SC"
466628;2022-08-07;"domingo";"21:30:00";"PR";376;459,5;"PONTA GROSSA";"Chuva";"Saída de leito carroçável";"Sem Vítimas";"Plena Noite";"Decrescente";"Chuva";"Dupla";"Curva";"Não";1;0;0;0;1;0;0;1;-25,000549;-50,36102603;"SPRF-PR";"DEL03-PR";"UOP01-DEL03-PR"
466629;2022-08-07;"domingo";"21:56:00";"MS";163;436;"CAMPO GRANDE";"Ausência de reação do condutor";"Saída de leito carroçável";"Com Vítimas Feridas";"Plena Noite";"Crescente";"Garoa/Chuvisco";"Simples";"Aclive";"Não";3;0;2;0;1;0;2;1;-20,84791009;-54,51129547;"SPRF-MS";"DEL01-MS";"UOP01-DEL01-MS"
466630;2022-08-07;"domingo";"23:04:00";"PR";277;693;"SAO MIGUEL DO IGUACU";"Chuva";"Capotamento";"Com Vítimas Feridas";"Plena Noite";"Crescente";"Chuva";"Dupla";"Reta";"Não";1;0;0;1;0;0;1;1;-25,37239725;-54,27033988;"SPRF-PR";"DEL05-PR";"UOP01-DEL05-PR"
466631;2022-08-07;"domingo";"23:20:00";"SP";116;272,3;"TABOAO DA SERRA";"Reação tardia ou ineficiente do condutor";"Engavetamento";"Com Vítimas Feridas";"Plena Noite";"Crescente";"Chuva";"Múltipla";"Reta";"Sim";3;0;1;0;2;0;1;3;-23,621691;-46,813288;"SPRF-SP";"DEL04-SP";"UOP01-DEL04-SP"
466632;2022-08-07;"domingo";"22:45:00";"PA";10;30,2;"DOM ELISEU";"Transitar na contramão";"Colisão frontal";"Com Vítimas Fatais";"Plena Noite";"Decrescente";"Céu Claro";"Simples";"Reta";"Não";4;1;2;0;1;0;2;2;-4,189719;-47,545036;"SPRF-PA";"DEL02-PA";"UOP02-DEL02-PA"
466635;2022-08-07;"domingo";"22:30:00";"RS";116;342,9;"BARRA DO RIBEIRO";"Ausência de reação do condutor";"Saída de leito carroçável";"Sem Vítimas";"Plena Noite";"Crescente";"Garoa/Chuvisco";"Simples";"Reta";"Não";2;0;0;0;1;1;0;1;-30,47228808;-51,49340537;"SPRF-RS";"DEL02-RS";"UOP02-DEL02-RS"
466636;2022-08-07;"domingo";"23:45:00";"PR";163;10;"BARRACAO";"Ingestão de álcool e/ou substâncias psicoativas pelo pedestre";"Colisão traseira";"Sem Vítimas";"Plena Noite";"Decrescente";"Nublado";"Simples";"Aclive;Reta";"Não";2;0;0;0;2;0;0;2;-26,25066;-53,635523;"SPRF-PR";"DEL02-PR";"UOP02-DEL02-PR"
466637;2022-08-08;"segunda-feira";"00:10:00";"GO";153;218;"URUACU";"Condutor Dormindo";"Saída de leito carroçável";"Com Vítimas Fatais";"Plena Noite";"Decrescente";"Céu Claro";"Simples";"Reta;Declive";"Não";60;2;50;1;0;7;51;1;-14,682323;-49,20691;"SPRF-GO";"DEL07-GO";"UOP02-DEL07-GO"
466639;2022-08-07;"domingo";"23:25:00";"RJ";116;164;"RIO DE JANEIRO";"Ingestão de álcool pelo condutor";"Colisão traseira";"Com Vítimas Feridas";"Plena Noite";"Crescente";"Nublado";"Dupla";"Reta";"Sim";4;0;1;0;3;0;1;2;-22,813096;-43,33006432;"SPRF-RJ";"DEL01-RJ";"UOP01-DEL01-RJ"
466640;2022-08-07;"domingo";"23:40:00";"MG";381;483,5;"BETIM";"Acumulo de areia ou detritos sobre o pavimento";"Tombamento";"Com Vítimas Feridas";"Plena Noite";"Crescente";"Céu Claro";"Dupla";"Declive;Reta";"Sim";1;0;1;0;0;0;1;1;-19,95594491;-44,10721699;"SPRF-MG";"DEL01-MG";"UOP03-DEL01-MG"
466641;2022-08-08;"segunda-feira";"01:00:00";"SP";116;269;"TABOAO DA SERRA";"Condutor desrespeitou a iluminação vermelha do semáforo";"Colisão transversal";"Com Vítimas Feridas";"Plena Noite";"Decrescente";"Garoa/Chuvisco";"Múltipla";"Interseção de Vias";"Sim";2;0;1;0;1;0;1;2;-23,61301188;-46,77974304;"SPRF-SP";"DEL04-SP";"UOP01-DEL04-SP"
466642;2022-08-08;"segunda-feira";"00:50:00";"MS";267;568,5;"CARACOL";"Entrada inopinada do pedestre";"Atropelamento de Pedestre";"Com Vítimas Fatais";"Plena Noite";"Decrescente";"Nevoeiro/Neblina";"Simples";"Reta";"Não";2;1;0;0;1;0;0;2;-21,74050534;-57,11906785;"SPRF-MS";"DEL05-MS";"UOP01-DEL05-MS"
466643;2022-08-08;"segunda-feira";"02:00:00";"PR";116;122;"CURITIBA";"Condutor Dormindo";"Tombamento";"Com Vítimas Feridas";"Plena Noite";"Crescente";"Chuva";"Dupla";"Reta";"Não";1;0;1;0;0;0;1;1;-25,60128303;-49,31754112;"SPRF-PR";"DEL01-PR";"UOP03-DEL01-PR"
466644;2022-08-08;"segunda-feira";"01:00:00";"SP";116;133;"CACAPAVA";"Ingestão de álcool pelo condutor";"Colisão traseira";"Com Vítimas Feridas";"Plena Noite";"Crescente";"Nublado";"Dupla";"Reta";"Não";7;0;1;0;2;4;1;3;-23,1359564;-45,7532708;"SPRF-SP";"DEL02-SP";"UOP02-DEL02-SP"
466647;2022-08-08;"segunda-feira";"01:15:00";"SC";282;576;"PINHALZINHO";"Ingestão de álcool pelo condutor";"Colisão frontal";"Com Vítimas Feridas";"Plena Noite";"Decrescente";"Nevoeiro/Neblina";"Simples";"Reta";"Não";2;0;2;0;0;0;2;2;-26,856054;-52,98011;"SPRF-SC";"DEL07-SC";"UOP02-DEL07-SC"
466648;2022-08-08;"segunda-feira";"00:10:00";"PI";316;28,2;"DEMERVAL LOBAO";"Condutor Dormindo";"Saída de leito carroçável";"Com Vítimas Fatais";"Plena Noite";"Decrescente";"Céu Claro";"Simples";"Reta";"Não";2;1;1;0;0;0;1;1;-5,30982304;-42,70451509;"SPRF-PI";"DEL01-PI";"UOP02-DEL01-PI"
466649;2022-08-08;"segunda-feira";"01:50:00";"MT";163;775,8;"SORRISO";"Animais na Pista";"Atropelamento de Animal";"Com Vítimas Feridas";"Plena Noite";"Decrescente";"Céu Claro";"Simples";"Reta";"Não";2;0;0;2;0;0;2;1;-12,48212006;-55,67865589;"SPRF-MT";"DEL06-MT";"UOP01-DEL06-MT"
466650;2022-08-08;"segunda-feira";"01:00:00";"MG";354;751,7;"ITAMONTE";"Condutor Dormindo";"Saída de leito carroçável";"Com Vítimas Feridas";"Plena Noite";"Crescente";"Céu Claro";"Simples";"Reta";"Sim";1;0;0;1;0;0;1;1;-22,28761498;-44,86860589;"SPRF-MG";"DEL17-MG";"UOP01-DEL17-MG"
466651;2022-08-08;"segunda-feira";"03:00:00";"PB";230;152,7;"CAMPINA GRANDE";"Acesso irregular";"Saída de leito carroçável";"Com Vítimas Feridas";"Amanhecer";"Decrescente";"Vento";"Simples";"Curva";"Não";2;0;1;1;0;0;2;1;-7,2688;-35,8837;"SPRF-PB";"DEL02-PB";"UOP01-DEL02-PB"
466652;2022-08-08;"segunda-feira";"03:15:00";"PR";376;1,3;"SAO JOSE DOS PINHAIS";"Pedestre andava na pista";"Atropelamento de Pedestre";"Com Vítimas Feridas";"Plena Noite";"Crescente";"Chuva";"Dupla";"Reta";"Sim";2;0;1;0;1;0;1;2;-25,5307;-49,1958;"SPRF-PR";"DEL01-PR";"UOP04-DEL01-PR"
466654;2022-08-08;"segunda-feira";"03:00:00";"PA";230;119;"MARABA";"Ingestão de álcool pelo condutor";"Colisão frontal";"Com Vítimas Feridas";"Plena Noite";"Crescente";"Céu Claro";"Dupla";"Reta";"Sim";2;0;0;1;1;0;1;2;-5,350407;-49,105981;"SPRF-PA";"DEL03-PA";"UOP01-DEL03-PA"
466656;2022-08-08;"segunda-feira";"04:10:00";"RS";285;267,9;"MATO CASTELHANO";"Ingestão de álcool pelo condutor";"Saída de leito carroçável";"Com Vítimas Feridas";"Plena Noite";"Decrescente";"Nevoeiro/Neblina";"Simples";"Reta";"Não";1;0;0;1;0;0;1;1;-28,29994;-52,14805;"SPRF-RS";"DEL08-RS";"UOP03-DEL08-RS"
466657;2022-08-08;"segunda-feira";"04:50:00";"CE";304;62,3;"ARACATI";"Acessar a via sem observar a presença dos outros veículos";"Colisão transversal";"Com Vítimas Feridas";"Plena Noite";"Decrescente";"Céu Claro";"Simples";"Reta";"Não";2;0;0;1;1;0;1;2;-4,60614604;-37,66304905;"SPRF-CE";"DEL03-CE";"UOP03-DEL03-CE"
466658;2022-06-28;"terça-feira";"18:20:00";"BA";324;597,5;"SIMOES FILHO";"Falta de elemento de contenção que evite a saída do leito carroçável";"Colisão traseira";"Com Vítimas Fatais";"Plena Noite";"Crescente";"Céu Claro";"Dupla";"Curva";"Não";7;1;2;0;3;1;2;4;-12,72850579;-38,44885046;"SPRF-BA";"DEL01-BA";"UOP01-DEL01-BA"
466661;2022-08-08;"segunda-feira";"05:10:00";"GO";60;406;"RIO VERDE";"Ausência de reação do condutor";"Saída de leito carroçável";"Com Vítimas Feridas";"Amanhecer";"Crescente";"Céu Claro";"Dupla";"Reta";"Não";3;0;1;0;0;2;1;2;-17,8154;-51,1083;"SPRF-GO";"DEL04-GO";"UOP01-DEL04-GO"
466662;2022-08-08;"segunda-feira";"05:30:00";"DF";60;2;"BRASILIA";"Manobra de mudança de faixa";"Colisão traseira";"Sem Vítimas";"Amanhecer";"Crescente";"Céu Claro";"Dupla";"Retorno Regulamentado;Reta";"Sim";1;0;0;0;1;0;0;1;-15,887383;-48,077988;"SPRF-DF";"DEL03-DF";"UOP01-DEL03-DF"
466663;2022-08-08;"segunda-feira";"05:00:00";"MT";364;372,4;"SANTO ANTONIO DO LEVERGER";"Acumulo de água sobre o pavimento";"Saída de leito carroçável";"Com Vítimas Feridas";"Amanhecer";"Decrescente";"Chuva";"Dupla";"Retorno Regulamentado";"Não";4;0;2;0;2;0;2;1;-15,704044;-55,733521;"SPRF-MT";"DEL01-MT";"UOP02-DEL01-MT"
466664;2022-08-08;"segunda-feira";"06:00:00";"SC";116;218;"CORREIA PINTO";"Ingestão de álcool pelo condutor";"Saída de leito carroçável";"Sem Vítimas";"Amanhecer";"Crescente";"Garoa/Chuvisco";"Simples";"Reta";"Sim";1;0;0;0;1;0;0;1;-27,56247698;-50,37616896;"SPRF-SC";"DEL05-SC";"UOP03-DEL05-SC"
466667;2022-08-08;"segunda-feira";"06:00:00";"SP";116;118;"TAUBATE";"Pista Escorregadia";"Queda de ocupante de veículo";"Com Vítimas Feridas";"Amanhecer";"Decrescente";"Chuva";"Dupla";"Reta";"Sim";1;0;0;1;0;0;1;1;-23,06266296;-45,62665044;"SPRF-SP";"DEL02-SP";"UOP02-DEL02-SP"
466668;2022-08-08;"segunda-feira";"05:40:00";"CE";116;306;"JAGUARIBE";"Transitar na contramão";"Colisão frontal";"Com Vítimas Feridas";"Amanhecer";"Crescente";"Céu Claro";"Simples";"Reta";"Não";2;0;2;0;0;0;2;2;-5,87360108;-38,60594195;"SPRF-CE";"DEL05-CE";"UOP02-DEL05-CE"
466669;2022-08-08;"segunda-feira";"05:50:00";"AP";210;1,8;"MACAPA";"Velocidade Incompatível";"Colisão com objeto";"Sem Vítimas";"Amanhecer";"Crescente";"Céu Claro";"Dupla";"Reta";"Sim";1;0;0;0;0;1;0;1;0,07816717;-51,06998693;"SPRF-AP";"DEL01-AP";"UOP01-DEL01-AP"
466672;2022-08-07;"domingo";"18:00:00";"PR";277;105,4;"CAMPO LARGO";"Velocidade Incompatível";"Colisão com objeto";"Sem Vítimas";"Anoitecer";"Decrescente";"Chuva";"Dupla";"Reta";"Sim";4;0;0;0;4;0;0;1;-25,48824692;-49,34581481;"SPRF-PR";"DEL03-PR";"UOP03-DEL03-PR"
466673;2022-08-08;"segunda-feira";"07:00:00";"PR";116;120;"CURITIBA";"Ausência de reação do condutor";"Engavetamento";"Sem Vítimas";"Pleno dia";"Decrescente";"Chuva";"Dupla";"Reta";"Não";3;0;0;0;3;0;0;3;-25,59120072;-49,31533098;"SPRF-PR";"DEL01-PR";"UOP03-DEL01-PR"
466674;2022-08-07;"domingo";"14:45:00";"PR";277;160,7;"PALMEIRA";"Velocidade Incompatível";"Saída de leito carroçável";"Com Vítimas Feridas";"Pleno dia";"Decrescente";"Chuva";"Simples";"Curva";"Não";3;0;2;0;1;0;2;1;-25,47289;-49,895964;"SPRF-PR";"DEL03-PR";"UOP03-DEL03-PR"
466675;2022-08-08;"segunda-feira";"07:15:00";"RN";101;85;"SAO GONCALO DO AMARANTE";"Manobra de mudança de faixa";"Colisão lateral mesmo sentido";"Com Vítimas Feridas";"Pleno dia";"Crescente";"Céu Claro";"Simples";"Reta";"Sim";3;0;2;0;1;0;2;2;-5,777664;-35,24937;"SPRF-RN";"DEL02-RN";"UOP01-DEL02-RN"
466677;2022-08-08;"segunda-feira";"07:30:00";"CE";116;451,9;"BARRO";"Acesso irregular";"Colisão transversal";"Com Vítimas Feridas";"Pleno dia";"Decrescente";"Céu Claro";"Simples";"Reta";"Não";2;0;1;0;1;0;1;2;-7,12408101;-38,78088971;"SPRF-CE";"DEL05-CE";"UOP03-DEL05-CE"
466678;2022-08-08;"segunda-feira";"06:03:00";"SP";153;275;"OCAUCU";"Acumulo de água sobre o pavimento";"Capotamento";"Sem Vítimas";"Amanhecer";"Decrescente";"Chuva";"Múltipla";"Curva";"Não";2;0;0;0;1;1;0;2;-22,37579349;-49,86599922;"SPRF-SP";"DEL07-SP";"UOP02-DEL07-SP"
466679;2022-08-08;"segunda-feira";"07:55:00";"RS";116;530,1;"CAPAO DO LEAO";"Desrespeitar a preferência no cruzamento";"Colisão transversal";"Com Vítimas Feridas";"Pleno dia";"Decrescente";"Nublado";"Simples";"Reta;Interseção de Vias";"Sim";3;0;2;0;1;0;2;2;-31,76024664;-52,43830573;"SPRF-RS";"DEL07-RS";"UOP01-DEL07-RS"
466680;2022-08-08;"segunda-feira";"08:05:00";"SP";153;124;"UBARANA";"Ausência de reação do condutor";"Colisão com objeto";"Com Vítimas Feridas";"Pleno dia";"Decrescente";"Chuva";"Simples";"Reta";"Não";2;0;1;0;1;0;1;1;-21,20296801;-49,73147498;"SPRF-SP";"DEL09-SP";"UOP01-DEL09-SP"
466684;2022-08-08;"segunda-feira";"08:15:00";"MG";40;514;"RIBEIRAO DAS NEVES";"Velocidade Incompatível";"Colisão traseira";"Com Vítimas Feridas";"Pleno dia";"Crescente";"Nublado";"Dupla";"Reta";"Não";2;0;1;0;1;0;1;2;-19,80151928;-44,10000333;"SPRF-MG";"DEL01-MG";"UOP02-DEL01-MG"
466685;2022-08-08;"segunda-feira";"08:15:00";"RS";116;306;"GUAIBA";"Animais na Pista";"Colisão traseira";"Sem Vítimas";"Pleno dia";"Crescente";"Garoa/Chuvisco";"Simples";"Declive";"Não";3;0;0;0;3;0;0;2;-30,16925677;-51,3836101;"SPRF-RS";"DEL02-RS";"UOP01-DEL02-RS"
466686;2022-08-08;"segunda-feira";"07:10:00";"RN";304;35;"MOSSORO";"Desrespeitar a preferência no cruzamento";"Colisão traseira";"Com Vítimas Feridas";"Pleno dia";"Crescente";"Céu Claro";"Múltipla";"Rotatória";"Sim";3;0;2;0;1;0;2;2;-5,16149497;-37,35068212;"SPRF-RN";"DEL04-RN";"UOP02-DEL04-RN"
466687;2022-08-05;"sexta-feira";"06:20:00";"SC";280;26,2;"ARAQUARI";"Reação tardia ou ineficiente do condutor";"Colisão transversal";"Com Vítimas Feridas";"Amanhecer";"Crescente";"Céu Claro";"Simples";"Reta";"Não";2;0;1;0;1;0;1;2;-26,38972308;-48,73411593;"SPRF-SC";"DEL03-SC";"UOP03-DEL03-SC"
466688;2022-08-08;"segunda-feira";"08:25:00";"PR";469;15,1;"FOZ DO IGUACU";"Acessar a via sem observar a presença dos outros veículos";"Colisão transversal";"Com Vítimas Feridas";"Pleno dia";"Crescente";"Nublado";"Simples";"Retorno Regulamentado";"Sim";2;0;1;0;1;0;1;2;-25,5813;-54,5315;"SPRF-PR";"DEL05-PR";"UOP04-DEL05-PR"
466689;2022-08-08;"segunda-feira";"08:45:00";"MG";381;888,3;"CAMBUI";"Pista Escorregadia";"Saída de leito carroçável";"Com Vítimas Feridas";"Pleno dia";"Decrescente";"Chuva";"Dupla";"Curva";"Não";5;0;5;0;0;0;5;1;-22,57036508;-46,04169076;"SPRF-MG";"DEL16-MG";"UOP03-DEL16-MG"
466691;2022-08-08;"segunda-feira";"08:10:00";"TO";153;333,8;"GUARAI";"Acessar a via sem observar a presença dos outros veículos";"Colisão frontal";"Com Vítimas Feridas";"Pleno dia";"Decrescente";"Céu Claro";"Múltipla";"Interseção de Vias";"Sim";2;0;1;0;1;0;1;2;-8,833626;-48,511838;"SPRF-TO";"DEL02-TO";"UOP02-DEL02-TO"
466692;2022-08-08;"segunda-feira";"07:45:00";"PR";277;84;"CURITIBA";"Ausência de reação do condutor";"Colisão com objeto";"Com Vítimas Feridas";"Pleno dia";"Decrescente";"Nublado";"Dupla";"Curva";"Sim";2;0;1;0;1;0;1;2;-25,568939;-49,181978;"SPRF-PR";"DEL01-PR";"UOP06-DEL01-PR"
466693;2022-02-13;"domingo";"21:40:00";"PR";277;723;"FOZ DO IGUACU";"Ingestão de álcool pelo condutor";"Colisão traseira";"Com Vítimas Feridas";"Plena Noite";"Decrescente";"Céu Claro";"Dupla";"Reta";"Sim";2;0;1;0;0;1;1;2;-25,49898857;-54,53009248;"SPRF-PR";"DEL05-PR";"UOP03-DEL05-PR"
466697;2022-08-08;"segunda-feira";"07:30:00";"RJ";40;109;"DUQUE DE CAXIAS";"Ultrapassagem Indevida";"Colisão com objeto";"Com Vítimas Feridas";"Pleno dia";"Crescente";"Nublado";"Múltipla";"Reta";"Sim";3;0;2;0;1;0;2;1;-22,67374628;-43,28638368;"SPRF-RJ";"DEL01-RJ";"UOP01-DEL01-RJ"
466698;2022-08-08;"segunda-feira";"09:15:00";"SP";381;78;"SAO PAULO";"Velocidade Incompatível";"Colisão com objeto";"Com Vítimas Feridas";"Pleno dia";"Crescente";"Chuva";"Múltipla";"Curva";"Não";1;0;1;0;0;0;1;1;-23,40319901;-46,57564699;"SPRF-SP";"DEL03-SP";"UOP01-DEL03-SP"
466699;2022-08-08;"segunda-feira";"08:20:00";"SC";282;65;"RANCHO QUEIMADO";"Velocidade Incompatível";"Saída de leito carroçável";"Com Vítimas Feridas";"Pleno dia";"Crescente";"Nublado";"Simples";"Curva";"Não";1;0;0;1;0;0;1;1;-27,692892;-49,059013;"SPRF-SC";"DEL01-SC";"UOP03-DEL01-SC"
466703;2022-08-08;"segunda-feira";"08:35:00";"MA";10;255;"IMPERATRIZ";"Condutor deixou de manter distância do veículo da frente";"Colisão traseira";"Sem Vítimas";"Pleno dia";"Crescente";"Céu Claro";"Simples";"Reta";"Sim";3;0;0;0;3;0;0;2;-5,508798;-47,471718;"SPRF-MA";"DEL04-MA";"UOP01-DEL04-MA"
466704;2022-08-08;"segunda-feira";"09:50:00";"SC";282;50;"AGUAS MORNAS";"Pista Escorregadia";"Saída de leito carroçável";"Com Vítimas Feridas";"Pleno dia";"Crescente";"Nublado";"Dupla";"Curva";"Não";2;0;1;0;1;0;1;1;-27,708536;-48,952251;"SPRF-SC";"DEL01-SC";"UOP03-DEL01-SC"
466705;2022-08-08;"segunda-feira";"09:20:00";"MG";40;532,9;"BELO HORIZONTE";"Condutor deixou de manter distância do veículo da frente";"Colisão lateral mesmo sentido";"Com Vítimas Feridas";"Pleno dia";"Crescente";"Céu Claro";"Dupla";"Aclive;Reta";"Sim";2;0;1;0;1;0;1;2;-19,92372561;-44,01700789;"SPRF-MG";"DEL01-MG";"UOP02-DEL01-MG"
466707;2022-08-08;"segunda-feira";"09:50:00";"SP";381;63,5;"MAIRIPORA";"Acumulo de areia ou detritos sobre o pavimento";"Queda de ocupante de veículo";"Com Vítimas Feridas";"Pleno dia";"Crescente";"Nublado";"Dupla";"Reta";"Não";2;0;2;0;0;0;2;1;-23,302805;-46,572767;"SPRF-SP";"DEL03-SP";"UOP01-DEL03-SP"
466708;2022-08-08;"segunda-feira";"07:45:00";"PE";101;136,1;"ESCADA";"Reação tardia ou ineficiente do condutor";"Capotamento";"Com Vítimas Feridas";"Pleno dia";"Decrescente";"Céu Claro";"Dupla";"Curva";"Não";1;0;1;0;0;0;1;1;-8,41439454;-35,3044618;"SPRF-PE";"DEL01-PE";"UOP03-DEL01-PE"
466709;2022-08-08;"segunda-feira";"08:15:00";"MG";146;460,3;"BOTELHOS";"Velocidade Incompatível";"Saída de leito carroçável";"Com Vítimas Feridas";"Pleno dia";"Decrescente";"Chuva";"Simples";"Reta";"Não";1;0;1;0;0;0;1;1;-21,605;-46,409853;"SPRF-MG";"DEL09-MG";"UOP01-DEL09-MG"
466710;2022-08-08;"segunda-feira";"09:30:00";"SP";381;79;"SAO PAULO";"Chuva";"Colisão com objeto";"Com Vítimas Feridas";"Pleno dia";"Crescente";"Garoa/Chuvisco";"Dupla";"Curva";"Não";1;0;0;1;0;0;1;1;-23,40319901;-46,57564699;"SPRF-SP";"DEL03-SP";"UOP01-DEL03-SP"
466711;2022-08-08;"segunda-feira";"07:10:00";"PR";376;231;"APUCARANA";"Acumulo de areia ou detritos sobre o pavimento";"Queda de ocupante de veículo";"Com Vítimas Feridas";"Pleno dia";"Decrescente";"Nublado";"Simples";"Retorno Regulamentado";"Não";1;0;1;0;0;0;1;1;-23,56832394;-51,5115881;"SPRF-PR";"DEL07-PR";"UOP03-DEL07-PR"
466712;2022-07-16;"sábado";"21:00:00";"SC";101;205,2;"SAO JOSE";"Manobra de mudança de faixa";"Tombamento";"Com Vítimas Feridas";"Plena Noite";"Crescente";"Céu Claro";"Dupla";"Reta";"Sim";3;0;1;0;2;0;1;2;-27,58313237;-48,61532885;"SPRF-SC";"DEL01-SC";"UOP01-DEL01-SC"
466713;2022-08-08;"segunda-feira";"07:20:00";"PR";376;235;"APUCARANA";"Pista Escorregadia";"Queda de ocupante de veículo";"Com Vítimas Feridas";"Pleno dia";"Decrescente";"Nevoeiro/Neblina";"Dupla";"Reta";"Sim";1;0;1;0;0;0;1;1;-23,5726941;-51,50080562;"SPRF-PR";"DEL07-PR";"UOP03-DEL07-PR"
466714;2022-08-08;"segunda-feira";"09:50:00";"MG";381;880,9;"ESTIVA";"Chuva";"Saída de leito carroçável";"Com Vítimas Feridas";"Pleno dia";"Crescente";"Chuva";"Dupla";"Curva";"Não";1;0;1;0;0;0;1;1;-22,51533401;-46,02134878;"SPRF-MG";"DEL16-MG";"UOP03-DEL16-MG"
466717;2022-08-08;"segunda-feira";"07:50:00";"MS";163;721;"COXIM";"Avarias e/ou desgaste excessivo no pneu";"Tombamento";"Sem Vítimas";"Pleno dia";"Crescente";"Nublado";"Simples";"Reta";"Não";2;0;0;0;2;0;0;1;-18,58449688;-54,76831023;"SPRF-MS";"DEL06-MS";"UOP01-DEL06-MS"
466718;2022-08-08;"segunda-feira";"07:40:00";"SP";381;86;"SAO PAULO";"Manobra de mudança de faixa";"Colisão lateral mesmo sentido";"Sem Vítimas";"Pleno dia";"Crescente";"Chuva";"Múltipla";"Reta";"Não";2;0;0;0;2;0;0;2;-23,45930499;-46,57161179;"SPRF-SP";"DEL03-SP";"UOP01-DEL03-SP"
466723;2022-01-14;"sexta-feira";"19:15:00";"RJ";101;1;"RIO DE JANEIRO";"Demais falhas mecânicas ou elétricas";"Colisão com objeto";"Com Vítimas Feridas";"Plena Noite";"Crescente";"Céu Claro";"Dupla";"Curva";"Sim";4;0;1;1;1;1;2;3;-22,903263;-43,207874;"SPRF-RJ";"DEL02-RJ";"UOP01-DEL02-RJ"
466724;2022-08-08;"segunda-feira";"10:00:00";"MG";381;925,8;"ITAPEVA";"Velocidade Incompatível";"Saída de leito carroçável";"Com Vítimas Feridas";"Pleno dia";"Decrescente";"Garoa/Chuvisco";"Dupla";"Curva";"Não";2;0;1;0;1;0;1;1;-22,777207;-46,23911301;"SPRF-MG";"DEL16-MG";"UOP03-DEL16-MG"
466725;2022-08-08;"segunda-feira";"07:20:00";"MG";40;141,5;"JOAO PINHEIRO";"Acessar a via sem observar a presença dos outros veículos";"Colisão transversal";"Com Vítimas Feridas";"Pleno dia";"Decrescente";"Céu Claro";"Simples";"Curva";"Sim";2;0;0;1;1;0;1;2;-17,73618679;-46,19334804;"SPRF-MG";"DEL14-MG";"UOP01-DEL14-MG"
466727;2022-08-08;"segunda-feira";"11:00:00";"ES";262;107;"VENDA NOVA DO IMIGRANTE";"Conversão proibida";"Colisão lateral mesmo sentido";"Com Vítimas Feridas";"Pleno dia";"Crescente";"Céu Claro";"Simples";"Reta";"Sim";2;0;2;0;0;0;2;2;-20,32991844;-41,15343646;"SPRF-ES";"DEL01-ES";"UOP02-DEL01-ES"
466728;2022-08-08;"segunda-feira";"10:50:00";"MG";354;712,1;"CAXAMBU";"Velocidade Incompatível";"Saída de leito carroçável";"Com Vítimas Feridas";"Pleno dia";"Decrescente";"Garoa/Chuvisco";"Simples";"Curva;Declive";"Não";2;0;2;0;0;0;2;1;-22,04873198;-44,92665648;"SPRF-MG";"DEL17-MG";"UOP01-DEL17-MG"
466729;2022-08-08;"segunda-feira";"11:05:00";"DF";20;6;"BRASILIA";"Acessar a via sem observar a presença dos outros veículos";"Colisão transversal";"Com Vítimas Feridas";"Pleno dia";"Crescente";"Céu Claro";"Dupla";"Reta";"Sim";2;0;1;0;1;0;1;2;-15,665888;-47,808308;"SPRF-DF";"DEL02-DF";"UOP01-DEL02-DF"
466730;2022-08-08;"segunda-feira";"11:00:00";"MG";354;712,1;"CAXAMBU";"Velocidade Incompatível";"Saída de leito carroçável";"Com Vítimas Feridas";"Pleno dia";"Decrescente";"Garoa/Chuvisco";"Simples";"Declive";"Não";1;0;1;0;0;0;1;1;-22,04873198;-44,92665648;"SPRF-MG";"DEL17-MG";"UOP01-DEL17-MG"
466731;2022-08-07;"domingo";"20:30:00";"RJ";101;298;"SAO GONCALO";"Manobra de mudança de faixa";"Colisão traseira";"Com Vítimas Feridas";"Plena Noite";"Crescente";"Céu Claro";"Dupla";"Reta";"Sim";2;0;1;0;1;0;1;1;-22,7714;-42,92896;"SPRF-RJ";"DEL02-RJ";"UOP02-DEL02-RJ"
466734;2022-08-08;"segunda-feira";"10:30:00";"PR";277;331;"GUARAPUAVA";"Reação tardia ou ineficiente do condutor";"Colisão transversal";"Com Vítimas Feridas";"Pleno dia";"Crescente";"Céu Claro";"Simples";"Reta";"Não";4;0;0;1;2;1;1;3;-25,37369557;-51,31824195;"SPRF-PR";"DEL08-PR";"UOP01-DEL08-PR"
466735;2022-08-08;"segunda-feira";"11:00:00";"RO";319;51;"PORTO VELHO";"Reação tardia ou ineficiente do condutor";"Colisão frontal";"Com Vítimas Fatais";"Pleno dia";"Crescente";"Nublado";"Simples";"Reta";"Não";4;1;3;0;0;0;3;2;-8,72401322;-63,97845543;"SPRF-RO";"DEL01-RO";"UOP01-DEL01-RO"