"id";"data_inversa";"dia_semana";"horario";"uf";"br";"km";"municipio";"causa_acidente";"tipo_acidente";"classificacao_acidente";"fase_dia";"sentido_via";"condicao_metereologica";"tipo_pista";"tracado_via";"uso_solo";"pessoas";"mortos";"feridos_leves";"feridos_graves";"ilesos";"ignorados";"feridos";"veiculos";"latitude";"longitude";"regional";"delegacia";"uop"
466736;2022-08-08;"segunda-feira";"12:25:00";"RN";101;100,5;"PARNAMIRIM";"Condutor deixou de manter distância do veículo da frente";"Colisão traseira";"Com Vítimas Feridas";"Pleno dia";"Crescente";"Céu Claro";"Dupla";"Aclive";"Sim";3;0;1;0;2;0;1;3;-5,88106901;-35,22542396;"SPRF-RN";"DEL01-RN";"UOP01-DEL01-RN"
466737;2022-08-08;"segunda-feira";"11:05:00";"MG";381;908,2;"CAMBUI";"Velocidade Incompatível";"Saída de leito carroçável";"Com Vítimas Feridas";"Pleno dia";"Crescente";"Chuva";"Dupla";"Curva";"Não";3;0;2;0;1;0;2;1;-22,68080367;-46,10141735;"SPRF-MG";"DEL16-MG";"UOP03-DEL16-MG"
466739;2022-08-08;"segunda-feira";"10:20:00";"SP";381;68,5;"MAIRIPORA";"Chuva";"Colisão traseira";"Com Vítimas Feridas";"Pleno dia";"Decrescente";"Nublado";"Dupla";"Reta";"Não";3;0;1;0;2;0;1;2;-23,34043796;-46,57433588;"SPRF-SP";"DEL03-SP";"UOP01-DEL03-SP"
466740;2022-08-08;"segunda-feira";"12:15:00";"ES";101;289,6;"CARIACICA";"Condutor deixou de manter distância do veículo da frente";"Colisão traseira";"Com Vítimas Feridas";"Pleno dia";"Crescente";"Sol";"Dupla";"Aclive;Reta";"Sim";2;0;0;1;1;0;1;2;-20,28554596;-40,39269447;"SPRF-ES";"DEL01-ES";"UOP01-DEL01-ES"
466741;2022-08-08;"segunda-feira";"12:00:00";"RS";116;254;"SAPUCAIA DO SUL";"Pista Escorregadia";"Colisão com objeto";"Com Vítimas Feridas";"Pleno dia";"Crescente";"Céu Claro";"Dupla";"Interseção de Vias";"Sim";1;0;1;0;0;0;1;1;-29,82654797;-51,17241311;"SPRF-RS";"DEL01-RS";"UOP02-DEL01-RS"
466746;2022-08-08;"segunda-feira";"12:50:00";"PI";343;60;"BURITI DOS LOPES";"Manobra de mudança de faixa";"Colisão transversal";"Com Vítimas Feridas";"Pleno dia";"Decrescente";"Céu Claro";"Simples";"Reta";"Não";5;0;3;2;0;0;5;2;-3,251589;-41,797329;"SPRF-PI";"DEL05-PI";"UOP01-DEL05-PI"
466748;2022-08-08;"segunda-feira";"12:40:00";"SP";116;125;"CACAPAVA";"Avarias e/ou desgaste excessivo no pneu";"Queda de ocupante de veículo";"Com Vítimas Feridas";"Pleno dia";"Crescente";"Nublado";"Dupla";"Reta";"Sim";2;0;2;0;0;0;2;1;-23,09872598;-45,68608201;"SPRF-SP";"DEL02-SP";"UOP02-DEL02-SP"
466749;2022-08-08;"segunda-feira";"12:40:00";"PR";376;173;"MARINGA";"Condutor deixou de manter distância do veículo da frente";"Colisão traseira";"Com Vítimas Feridas";"Pleno dia";"Crescente";"Nublado";"Dupla";"Declive";"Sim";3;0;2;0;1;0;2;2;-23,4172197;-51,9589231;"SPRF-PR";"DEL09-PR";"UOP01-DEL09-PR"
466750;2022-08-08;"segunda-feira";"10:10:00";"BA";324;534;"AMELIA RODRIGUES";"Afundamento ou ondulação no pavimento";"Queda de ocupante de veículo";"Com Vítimas Feridas";"Pleno dia";"Decrescente";"Nublado";"Dupla";"Rotatória";"Não";2;0;2;0;0;0;2;1;-12,35104617;-38,83402119;"SPRF-BA";"DEL01-BA";"UOP03-DEL01-BA"
466751;2022-06-29;"quarta-feira";"13:30:00";"RJ";116;132;"MAGE";"Ausência de reação do condutor";"Colisão traseira";"Com Vítimas Feridas";"Pleno dia";"Crescente";"Céu Claro";"Dupla";"Reta";"Sim";2;0;1;0;1;0;1;2;-22,65703272;-43,13458092;"SPRF-RJ";"DEL04-RJ";"UOP02-DEL04-RJ"
466752;2022-08-08;"segunda-feira";"00:10:00";"MA";316;11,3;"BOA VISTA DO GURUPI";"Ausência de reação do condutor";"Saída de leito carroçável";"Com Vítimas Feridas";"Plena Noite";"Decrescente";"Céu Claro";"Simples";"Reta";"Não";10;0;6;1;2;1;7;2;-1,789412;-46,229034;"SPRF-MA";"DEL02-MA";"UOP02-DEL02-MA"
466754;2022-08-06;"sábado";"21:20:00";"RJ";116;128;"MAGE";"Reação tardia ou ineficiente do condutor";"Colisão lateral mesmo sentido";"Com Vítimas Feridas";"Plena Noite";"Crescente";"Nublado";"Dupla";"Reta";"Não";2;0;1;0;1;0;1;2;-22,6657139;-43,10092001;"SPRF-RJ";"DEL04-RJ";"UOP02-DEL04-RJ"
466759;2022-08-02;"terça-feira";"06:15:00";"PB";230;59,8;"CRUZ DO ESPIRITO SANTO";"Manobra de mudança de faixa";"Colisão transversal";"Com Vítimas Feridas";"Pleno dia";"Decrescente";"Garoa/Chuvisco";"Dupla";"Reta";"Não";3;0;2;0;1;0;2;2;-7,2043;-35,1305;"SPRF-PB";"DEL01-PB";"UOP03-DEL01-PB"
466760;2022-08-08;"segunda-feira";"12:50:00";"SC";101;88;"BARRA VELHA";"Manobra de mudança de faixa";"Tombamento";"Com Vítimas Feridas";"Pleno dia";"Crescente";"Nublado";"Dupla";"Interseção de Vias";"Sim";2;0;1;0;0;1;1;2;-26,64253985;-48,68950684;"SPRF-SC";"DEL03-SC";"UOP02-DEL03-SC"
466763;2022-08-08;"segunda-feira";"11:50:00";"BA";324;622;"SALVADOR";"Ausência de reação do condutor";"Tombamento";"Com Vítimas Feridas";"Pleno dia";"Crescente";"Céu Claro";"Dupla";"Reta";"Sim";1;0;1;0;0;0;1;1;-12,93555398;-38,47266197;"SPRF-BA";"DEL01-BA";"UOP01-DEL01-BA"
466765;2022-08-08;"segunda-feira";"14:00:00";"ES";101;248;"SERRA";"Ausência de reação do condutor";"Tombamento";"Com Vítimas Feridas";"Pleno dia";"Decrescente";"Céu Claro";"Simples";"Reta";"Não";2;0;1;0;1;0;1;1;-20,06899842;-40,3614491;"SPRF-ES";"DEL02-ES";"UOP01-DEL02-ES"
466766;2022-08-08;"segunda-feira";"13:25:00";"MG";381;722,5;"CARMO DA CACHOEIRA";"Velocidade Incompatível";"Colisão com objeto";"Com Vítimas Feridas";"Pleno dia";"Crescente";"Ignorado";"Dupla";"Aclive;Curva";"Não";2;0;1;0;1;0;1;1;-21,47729514;-45,20207819;"SPRF-MG";"DEL04-MG";"UOP02-DEL04-MG"
466767;2022-08-08;"segunda-feira";"13:50:00";"SP";116;289,2;"ITAPECERICA DA SERRA";"Trafegar com motocicleta (ou similar) entre as faixas";"Colisão lateral mesmo sentido";"Com Vítimas Feridas";"Pleno dia";"Decrescente";"Nublado";"Dupla";"Reta";"Sim";3;0;1;0;2;0;1;3;-23,72290969;-46,89096614;"SPRF-SP";"DEL04-SP";"UOP01-DEL04-SP"
466769;2022-08-08;"segunda-feira";"11:45:00";"RJ";40;56;"PETROPOLIS";"Reação tardia ou ineficiente do condutor";"Capotamento";"Com Vítimas Feridas";"Pleno dia";"Decrescente";"Nublado";"Dupla";"Curva";"Não";1;0;1;0;0;0;1;1;-22,36179383;-43,12627244;"SPRF-RJ";"DEL05-RJ";"UOP02-DEL05-RJ"
466770;2022-08-08;"segunda-feira";"14:05:00";"RS";116;39,3;"VACARIA";"Desrespeitar a preferência no cruzamento";"Colisão transversal";"Com Vítimas Feridas";"Pleno dia";"Crescente";"Nublado";"Simples";"Rotatória";"Sim";2;0;1;0;1;0;1;2;-28,5120121;-50,93237991;"SPRF-RS";"DEL05-RS";"UOP03-DEL05-RS"
466771;2022-05-30;"segunda-feira";"08:10:00";"PR";476;141;"CURITIBA";"Manobra de mudança de faixa";"Colisão lateral mesmo sentido";"Com Vítimas Feridas";"Pleno dia";"Crescente";"Nublado";"Dupla";"Reta";"Sim";2;0;0;1;1;0;1;2;-25,528614;-49,298798;"SPRF-PR";"DEL01-PR";"UOP03-DEL01-PR"
466773;2022-08-08;"segunda-feira";"15:00:00";"SC";282;4,7;"SAO JOSE";"Reação tardia ou ineficiente do condutor";"Colisão traseira";"Com Vítimas Feridas";"Pleno dia";"Decrescente";"Chuva";"Dupla";"Reta";"Sim";3;0;2;0;1;0;2;2;-27,592646;-48,604034;"SPRF-SC";"DEL01-SC";"UOP01-DEL01-SC"
466775;2022-08-06;"sábado";"20:00:00";"RS";392;292;"SAO SEPE";"Ingestão de álcool pelo condutor";"Colisão com objeto";"Sem Vítimas";"Plena Noite";"Crescente";"Nublado";"Simples";"Curva";"Não";1;0;0;0;1;0;0;1;-30,20407602;-53,56278616;"SPRF-RS";"DEL09-RS";"UOP02-DEL09-RS"
466776;2022-08-08;"segunda-feira";"15:35:00";"GO";40;11,4;"VALPARAISO DE GOIAS";"Reação tardia ou ineficiente do condutor";"Tombamento";"Com Vítimas Feridas";"Pleno dia";"Crescente";"Céu Claro";"Dupla";"Reta";"Sim";1;0;1;0;0;0;1;1;-16,138336;-47,951644;"SPRF-DF";"DEL01-DF";"UOP01-DEL01-DF"
466777;2022-08-08;"segunda-feira";"07:30:00";"PR";376;437;"TIBAGI";"Velocidade Incompatível";"Saída de leito carroçável";"Com Vítimas Feridas";"Pleno dia";"Decrescente";"Garoa/Chuvisco";"Dupla";"Curva";"Não";1;0;1;0;0;0;1;1;-24,84593393;-50,47413272;"SPRF-PR";"DEL03-PR";"UOP02-DEL03-PR"
466781;2022-08-08;"segunda-feira";"12:45:00";"PR";376;299;"MAUA DA SERRA";"Chuva";"Saída de leito carroçável";"Com Vítimas Feridas";"Pleno dia";"Decrescente";"Garoa/Chuvisco";"Dupla";"Curva";"Sim";1;0;1;0;0;0;1;1;-23,93530965;-51,16719246;"SPRF-PR";"DEL07-PR";"UOP02-DEL07-PR"
466782;2022-08-08;"segunda-feira";"14:15:00";"PE";101;39,8;"IGARASSU";"Acessar a via sem observar a presença dos outros veículos";"Colisão transversal";"Com Vítimas Fatais";"Pleno dia";"Decrescente";"Céu Claro";"Dupla";"Reta";"Não";2;1;0;0;1;0;0;2;-7,81259899;-34,91890497;"SPRF-PE";"DEL01-PE";"UOP02-DEL01-PE"
466784;2022-08-08;"segunda-feira";"16:20:00";"RJ";116;114;"MAGE";"Transitar na contramão";"Colisão transversal";"Sem Vítimas";"Pleno dia";"Crescente";"Nublado";"Simples";"Reta";"Sim";2;0;0;0;2;0;0;2;-22,58009519;-43,0114958;"SPRF-RJ";"DEL04-RJ";"UOP02-DEL04-RJ"
466787;2022-08-08;"segunda-feira";"16:45:00";"PI";343;6;"PARNAIBA";"Manobra de mudança de faixa";"Colisão lateral mesmo sentido";"Com Vítimas Feridas";"Pleno dia";"Crescente";"Céu Claro";"Simples";"Reta";"Sim";2;0;0;1;1;0;1;2;-2,896709;-41,705811;"SPRF-PI";"DEL05-PI";"UOP01-DEL05-PI"
466790;2022-08-08;"segunda-feira";"16:30:00";"RJ";116;174;"NOVA IGUACU";"Trafegar com motocicleta (ou similar) entre as faixas";"Colisão lateral mesmo sentido";"Com Vítimas Feridas";"Pleno dia";"Crescente";"Nublado";"Múltipla";"Reta";"Sim";2;0;1;0;1;0;1;2;-22,77182885;-43,40543747;"SPRF-RJ";"DEL01-RJ";"UOP02-DEL01-RJ"
466793;2022-08-08;"segunda-feira";"15:00:00";"SC";101;262,3;"PAULO LOPES";"Acumulo de água sobre o pavimento";"Saída de leito carroçável";"Com Vítimas Feridas";"Pleno dia";"Crescente";"Chuva";"Dupla";"Reta";"Não";1;0;1;0;0;0;1;1;-28,0353863;-48,70884453;"SPRF-SC";"DEL02-SC";"UOP03-DEL02-SC"
466795;2022-08-08;"segunda-feira";"03:00:00";"BA";101;247;"CONCEICAO DO ALMEIDA";"Reação tardia ou ineficiente do condutor";"Saída de leito carroçável";"Com Vítimas Fatais";"Plena Noite";"Decrescente";"Nublado";"Simples";"Ponte";"Não";1;1;0;0;0;0;0;1;-12,984957;-39,291156;"SPRF-BA";"DEL01-BA";"UOP02-DEL01-BA"
466796;2022-08-08;"segunda-feira";"17:30:00";"PB";230;27,3;"JOAO PESSOA";"Manobra de mudança de faixa";"Colisão traseira";"Com Vítimas Feridas";"Anoitecer";"Decrescente";"Nublado";"Dupla";"Interseção de Vias";"Sim";2;0;1;0;1;0;1;2;-7,1677;-34,8855;"SPRF-PB";"DEL01-PB";"UOP01-DEL01-PB"
466797;2022-08-08;"segunda-feira";"08:45:00";"MG";381;792;"SAO GONCALO DO SAPUCAI";"Chuva";"Colisão com objeto";"Com Vítimas Feridas";"Pleno dia";"Crescente";"Chuva";"Dupla";"Curva";"Não";2;0;1;0;1;0;1;1;-21,91931581;-45,59934602;"SPRF-MG";"DEL16-MG";"UOP02-DEL16-MG"
466800;2022-08-08;"segunda-feira";"17:55:00";"RJ";101;319;"SAO GONCALO";"Ausência de reação do condutor";"Colisão frontal";"Com Vítimas Feridas";"Plena Noite";"Decrescente";"Nublado";"Dupla";"Reta";"Sim";3;0;2;0;1;0;2;2;-22,85411774;-43,1018014;"SPRF-RJ";"DEL02-RJ";"UOP02-DEL02-RJ"
466801;2022-07-29;"sexta-feira";"12:20:00";"MS";262;411;"TERENOS";"Ausência de reação do condutor";"Colisão traseira";"Com Vítimas Feridas";"Pleno dia";"Crescente";"Sol";"Simples";"Aclive";"Não";6;0;2;0;4;0;2;2;-20,4420518;-55,12363104;"SPRF-MS";"DEL01-MS";"UOP03-DEL01-MS"
466802;2022-08-08;"segunda-feira";"18:20:00";"SE";235;55,9;"ITABAIANA";"Reação tardia ou ineficiente do condutor";"Tombamento";"Com Vítimas Feridas";"Plena Noite";"Crescente";"Céu Claro";"Simples";"Curva";"Sim";1;0;0;1;0;0;1;1;-10,667386;-37,446014;"SPRF-SE";"DEL01-SE";"UOP02-DEL01-SE"
466804;2022-08-08;"segunda-feira";"18:00:00";"SP";116;161,6;"JACAREI";"Afundamento ou ondulação no pavimento";"Queda de ocupante de veículo";"Com Vítimas Feridas";"Anoitecer";"Crescente";"Nublado";"Dupla";"Reta";"Sim";1;0;1;0;0;0;1;1;-23,27617003;-45,97592098;"SPRF-SP";"DEL02-SP";"UOP01-DEL02-SP"
466805;2022-08-08;"segunda-feira";"18:00:00";"PR";116;136;"MANDIRITUBA";"Transitar na contramão";"Colisão lateral sentido oposto";"Sem Vítimas";"Plena Noite";"Decrescente";"Nublado";"Dupla";"Declive";"Sim";2;0;0;0;2;0;0;2;-25,69308504;-49,31768479;"SPRF-PR";"DEL01-PR";"UOP03-DEL01-PR"
466806;2022-08-08;"segunda-feira";"18:30:00";"RN";226;177;"CURRAIS NOVOS";"Condutor deixou de manter distância do veículo da frente";"Colisão traseira";"Com Vítimas Feridas";"Plena Noite";"Crescente";"Céu Claro";"Dupla";"Declive";"Sim";3;0;1;0;2;0;1;2;-6,268683;-36,522663;"SPRF-RN";"DEL03-RN";"UOP02-DEL03-RN"
466807;2022-08-07;"domingo";"17:45:00";"PR";376;432;"TIBAGI";"Chuva";"Colisão com objeto";"Com Vítimas Feridas";"Anoitecer";"Crescente";"Chuva";"Dupla";"Declive;Curva";"Não";3;0;3;0;0;0;3;1;-24,75427516;-50,53547859;"SPRF-PR";"DEL03-PR";"UOP02-DEL03-PR"
466808;2022-08-08;"segunda-feira";"17:55:00";"RS";392;7,2;"RIO GRANDE";"Ausência de reação do condutor";"Atropelamento de Pedestre";"Com Vítimas Feridas";"Pleno dia";"Crescente";"Nublado";"Simples";"Reta";"Não";2;0;1;0;1;0;1;2;-32,093615;-52,108877;"SPRF-RS";"DEL07-RS";"UOP02-DEL07-RS"
466809;2022-08-08;"segunda-feira";"19:12:00";"ES";259;52;"COLATINA";"Ausência de reação do condutor";"Queda de ocupante de veículo";"Com Vítimas Feridas";"Plena Noite";"Crescente";"Céu Claro";"Simples";"Reta";"Não";1;0;0;1;0;0;1;1;-19,50223983;-40,62081603;"SPRF-ES";"DEL02-ES";"UOP01-DEL02-ES"
466810;2022-08-08;"segunda-feira";"18:40:00";"SC";470;52,6;"BLUMENAU";"Ausência de reação do condutor";"Colisão transversal";"Com Vítimas Feridas";"Plena Noite";"Crescente";"Nublado";"Simples";"Interseção de Vias";"Não";3;0;0;2;1;0;2;2;-26,862286;-49,093903;"SPRF-SC";"DEL04-SC";"UOP01-DEL04-SC"
466812;2022-08-08;"segunda-feira";"18:00:00";"TO";153;675,5;"GURUPI";"Conversão proibida";"Colisão transversal";"Com Vítimas Feridas";"Anoitecer";"Decrescente";"Céu Claro";"Simples";"Reta";"Sim";2;0;1;0;1;0;1;2;-11,75312428;-49,09074565;"SPRF-TO";"DEL01-TO";"UOP02-DEL01-TO"
466814;2022-08-08;"segunda-feira";"17:30:00";"RJ";116;113;"MAGE";"Reação tardia ou ineficiente do condutor";"Queda de ocupante de veículo";"Com Vítimas Feridas";"Anoitecer";"Crescente";"Nublado";"Dupla";"Reta";"Não";1;0;1;0;0;0;1;1;-22,57214;-43,007291;"SPRF-RJ";"DEL04-RJ";"UOP02-DEL04-RJ"
466815;2022-08-04;"quinta-feira";"19:00:00";"RJ";101;320;"NITEROI";"Condutor deixou de manter distância do veículo da frente";"Colisão traseira";"Com Vítimas Feridas";"Plena Noite";"Decrescente";"Céu Claro";"Múltipla";"Reta";"Sim";2;0;1;0;1;0;1;2;-22,86171098;-43,10714015;"SPRF-RJ";"DEL02-RJ";"UOP01-DEL02-RJ"
466817;2022-07-30;"sábado";"18:15:00";"RS";392;20;"RIO GRANDE";"Deficiência do Sistema de Iluminação/Sinalização";"Colisão lateral mesmo sentido";"Com Vítimas Feridas";"Plena Noite";"Crescente";"Ignorado";"Dupla";"Reta";"Não";4;0;1;0;2;1;1;3;-32,08573525;-52,19706601;"SPRF-RS";"DEL07-RS";"UOP02-DEL07-RS"
466818;2022-08-08;"segunda-feira";"19:52:00";"GO";153;565;"PROFESSOR JAMIL";"Reação tardia ou ineficiente do condutor";"Tombamento";"Com Vítimas Feridas";"Plena Noite";"Crescente";"Céu Claro";"Dupla";"Reta";"Sim";1;0;1;0;0;0;1;1;-17,2566;-49,2418;"SPRF-GO";"DEL03-GO";"UOP01-DEL03-GO"
466820;2022-08-08;"segunda-feira";"17:30:00";"PA";230;117;"MARABA";"Acessar a via sem observar a presença dos outros veículos";"Colisão lateral mesmo sentido";"Com Vítimas Feridas";"Pleno dia";"Crescente";"Céu Claro";"Dupla";"Retorno Regulamentado";"Sim";2;0;0;1;1;0;1;2;-5,35569904;-49,09047302;"SPRF-PA";"DEL03-PA";"UOP01-DEL03-PA"
466821;2022-08-08;"segunda-feira";"19:00:00";"DF";70;13,8;"BRASILIA";"Reação tardia ou ineficiente do condutor";"Tombamento";"Com Vítimas Feridas";"Anoitecer";"Decrescente";"Céu Claro";"Dupla";"Reta;Rotatória";"Sim";1;0;1;0;0;0;1;1;-15,7969;-48,1736;"SPRF-DF";"DEL03-DF";"UOP02-DEL03-DF"
466822;2022-08-08;"segunda-feira";"17:10:00";"CE";116;504,1;"BREJO SANTO";"Condutor deixou de manter distância do veículo da frente";"Colisão traseira";"Com Vítimas Feridas";"Anoitecer";"Decrescente";"Céu Claro";"Simples";"Reta";"Sim";2;0;1;0;1;0;1;2;-7,47977281;-38,9815676;"SPRF-CE";"DEL05-CE";"UOP03-DEL05-CE"
466823;2022-08-08;"segunda-feira";"19:50:00";"MG";50;178,5;"UBERABA";"Animais na Pista";"Tombamento";"Com Vítimas Feridas";"Plena Noite";"Decrescente";"Céu Claro";"Dupla";"Reta";"Sim";1;0;0;1;0;0;1;1;-19,77896821;-47,94093599;"SPRF-MG";"DEL13-MG";"UOP01-DEL13-MG"
466825;2022-08-08;"segunda-feira";"16:30:00";"PR";376;377;"IMBAU";"Reação tardia ou ineficiente do condutor";"Colisão traseira";"Sem Vítimas";"Pleno dia";"Crescente";"Nublado";"Dupla";"Desvio Temporário";"Não";1;0;0;0;0;1;0;1;-24,42697493;-50,76691193;"SPRF-PR";"DEL03-PR";"UOP02-DEL03-PR"
466829;2022-08-08;"segunda-feira";"19:00:00";"GO";364;194;"JATAI";"Transitar na contramão";"Colisão frontal";"Com Vítimas Feridas";"Plena Noite";"Decrescente";"Céu Claro";"Dupla";"Curva";"Sim";2;0;0;1;1;0;1;2;-17,917234;-51,720665;"SPRF-GO";"DEL05-GO";"UOP01-DEL05-GO"
466830;2022-08-08;"segunda-feira";"19:50:00";"MS";163;485;"CAMPO GRANDE";"Conversão proibida";"Colisão traseira";"Com Vítimas Feridas";"Plena Noite";"Crescente";"Chuva";"Simples";"Reta";"Não";7;0;1;0;6;0;1;2;-20,44233707;-54,54201834;"SPRF-MS";"DEL01-MS";"UOP02-DEL01-MS"
466831;2022-08-07;"domingo";"20:00:00";"PR";153;233;"TIBAGI";"Curva acentuada";"Colisão frontal";"Com Vítimas Feridas";"Plena Noite";"Crescente";"Chuva";"Simples";"Reta";"Não";7;0;0;1;6;0;1;2;-24,736583;-50,454824;"SPRF-PR";"DEL03-PR";"UOP02-DEL03-PR"
466832;2022-08-08;"segunda-feira";"16:40:00";"MG";116;608,7;"SAO JOAO DO MANHUACU";"Ausência de reação do condutor";"Atropelamento de Pedestre";"Com Vítimas Fatais";"Pleno dia";"Crescente";"Céu Claro";"Simples";"Curva";"Não";2;1;0;0;1;0;0;2;-20,39622495;-42,14856013;"SPRF-MG";"DEL06-MG";"UOP03-DEL06-MG"
466834;2022-08-08;"segunda-feira";"20:20:00";"SP";116;226;"SAO PAULO";"Trafegar com motocicleta (ou similar) entre as faixas";"Colisão traseira";"Com Vítimas Feridas";"Plena Noite";"Decrescente";"Nublado";"Múltipla";"Reta";"Sim";3;0;0;2;1;0;2;2;-23,49102507;-46,54878195;"SPRF-SP";"DEL01-SP";"UOP01-DEL01-SP"
466839;2022-08-08;"segunda-feira";"21:07:00";"SP";116;215;"GUARULHOS";"Reação tardia ou ineficiente do condutor";"Colisão com objeto";"Com Vítimas Feridas";"Plena Noite";"Crescente";"Céu Claro";"Múltipla";"Reta";"Sim";1;0;1;0;0;0;1;1;-23,44695693;-46,45394103;"SPRF-SP";"DEL01-SP";"UOP01-DEL01-SP"
466840;2022-08-08;"segunda-feira";"21:00:00";"MG";381;481;"CONTAGEM";"Entrada inopinada do pedestre";"Atropelamento de Pedestre";"Com Vítimas Feridas";"Plena Noite";"Crescente";"Céu Claro";"Dupla";"Reta";"Sim";2;0;1;0;1;0;1;2;-19,95931561;-44,08825597;"SPRF-MG";"DEL01-MG";"UOP03-DEL01-MG"
466842;2022-08-08;"segunda-feira";"19:55:00";"SC";282;82;"RANCHO QUEIMADO";"Condutor deixou de manter distância do veículo da frente";"Colisão traseira";"Com Vítimas Feridas";"Plena Noite";"Decrescente";"Chuva";"Simples";"Reta";"Não";4;0;1;0;3;0;1;3;-27,662027;-49,178356;"SPRF-SC";"DEL01-SC";"UOP03-DEL01-SC"
466844;2022-08-08;"segunda-feira";"18:31:00";"MS";262;504;"ANASTACIO";"Reação tardia ou ineficiente do condutor";"Saída de leito carroçável";"Sem Vítimas";"Plena Noite";"Crescente";"Garoa/Chuvisco";"Simples";"Reta";"Sim";1;0;0;0;0;1;0;1;-20,48812287;-55,94510593;"SPRF-MS";"DEL03-MS";"UOP01-DEL03-MS"
466845;2022-08-08;"segunda-feira";"22:00:00";"PR";469;1;"FOZ DO IGUACU";"Acessar a via sem observar a presença dos outros veículos";"Colisão transversal";"Sem Vítimas";"Plena Noite";"Crescente";"Nublado";"Simples";"Rotatória;Reta;Retorno Regulamentado";"Sim";7;0;0;0;7;0;0;3;-25,577087;-54,554607;"SPRF-PR";"DEL05-PR";"UOP04-DEL05-PR"
466846;2022-08-08;"segunda-feira";"22:10:00";"SC";101;204;"SAO JOSE";"Ingestão de álcool pelo condutor";"Colisão lateral mesmo sentido";"Sem Vítimas";"Plena Noite";"Decrescente";"Garoa/Chuvisco";"Múltipla";"Interseção de Vias";"Sim";2;0;0;0;2;0;0;2;-27,57413014;-48,61363083;"SPRF-SC";"DEL01-SC";"UOP01-DEL01-SC"
466848;2022-08-08;"segunda-feira";"18:50:00";"RO";435;83,7;"COLORADO DO OESTE";"Desrespeitar a preferência no cruzamento";"Colisão transversal";"Com Vítimas Feridas";"Plena Noite";"Crescente";"Nublado";"Dupla";"Interseção de Vias";"Sim";2;0;1;0;1;0;1;2;-13,11692454;-60,51411889;"SPRF-RO";"DEL04-RO";"UOP02-DEL04-RO"
466849;2022-08-08;"segunda-feira";"22:10:00";"SC";101;27;"JOINVILLE";"Deficiência do Sistema de Iluminação/Sinalização";"Colisão traseira";"Com Vítimas Fatais";"Plena Noite";"Crescente";"Chuva";"Múltipla";"Reta";"Sim";2;1;0;0;0;1;0;2;-26,20130351;-48,91331794;"SPRF-SC";"DEL03-SC";"UOP01-DEL03-SC"
466851;2022-08-08;"segunda-feira";"22:40:00";"SC";282;6;"SAO JOSE";"Chuva";"Tombamento";"Com Vítimas Feridas";"Plena Noite";"Crescente";"Chuva";"Simples";"Curva";"Sim";1;0;1;0;0;0;1;1;-27,591936;-48,618244;"SPRF-SC";"DEL01-SC";"UOP01-DEL01-SC"
466854;2022-08-08;"segunda-feira";"22:30:00";"GO";414;308,1;"VILA PROPICIO";"Ingestão de álcool pelo condutor";"Saída de leito carroçável";"Com Vítimas Fatais";"Plena Noite";"Crescente";"Céu Claro";"Simples";"Reta";"Não";1;1;0;0;0;0;0;1;-15,20091703;-48,70185812;"SPRF-GO";"DEL02-GO";"UOP01-DEL02-GO"
466855;2022-08-08;"segunda-feira";"21:30:00";"MG";116;416,9;"GOVERNADOR VALADARES";"Transitar na contramão";"Colisão frontal";"Com Vítimas Feridas";"Pleno dia";"Crescente";"Céu Claro";"Simples";"Reta";"Sim";2;0;1;1;0;0;2;2;-18,89215187;-41,94699543;"SPRF-MG";"DEL06-MG";"UOP01-DEL06-MG"
466856;2022-08-08;"segunda-feira";"20:30:00";"MG";251;429,5;"GRAO MOGOL";"Ultrapassagem Indevida";"Colisão frontal";"Com Vítimas Feridas";"Plena Noite";"Crescente";"Céu Claro";"Simples";"Reta";"Não";5;0;5;0;0;0;5;1;-16,30855141;-43,0771689;"SPRF-MG";"DEL12-MG";"UOP01-DEL12-MG"
466857;2022-08-08;"segunda-feira";"22:20:00";"RO";364;710;"PORTO VELHO";"Deficiência do Sistema de Iluminação/Sinalização";"Atropelamento de Pedestre";"Com Vítimas Feridas";"Plena Noite";"Decrescente";"Céu Claro";"Dupla";"Reta";"Sim";2;0;2;0;0;0;2;2;-8,78621576;-63,85712687;"SPRF-RO";"DEL01-RO";"UOP01-DEL01-RO"
466860;2022-08-09;"terça-feira";"00:30:00";"MG";50;4,5;"UBERLANDIA";"Animais na Pista";"Atropelamento de Animal";"Com Vítimas Feridas";"Plena Noite";"Crescente";"Céu Claro";"Dupla";"Curva";"Não";1;0;0;1;0;0;1;1;-18,85422914;-48,23101044;"SPRF-MG";"DEL15-MG";"UOP01-DEL15-MG"
466867;2022-08-09;"terça-feira";"04:40:00";"PE";428;94;"SANTA MARIA DA BOA VISTA";"Reação tardia ou ineficiente do condutor";"Colisão com objeto";"Com Vítimas Feridas";"Amanhecer";"Crescente";"Céu Claro";"Simples";"Reta";"Não";2;0;2;0;0;0;2;1;-8,81058587;-39,91203508;"SPRF-PE";"DEL06-PE";"UOP03-DEL06-PE"
466868;2022-08-09;"terça-feira";"05:45:00";"PI";316;315;"PICOS";"Acessar a via sem observar a presença dos outros veículos";"Colisão lateral mesmo sentido";"Com Vítimas Feridas";"Amanhecer";"Crescente";"Céu Claro";"Simples";"Reta";"Sim";1;0;1;0;0;0;1;1;-7,0795126154;-41,4323649231;"SPRF-PI";"DEL04-PI";"UOP01-DEL04-PI"