"id";"data_inversa";"dia_semana";"horario";"uf";"br";"km";"municipio";"causa_acidente";"tipo_acidente";"classificacao_acidente";"fase_dia";"sentido_via";"condicao_metereologica";"tipo_pista";"tracado_via";"uso_solo";"pessoas";"mortos";"feridos_leves";"feridos_graves";"ilesos";"ignorados";"feridos";"veiculos";"latitude";"longitude";"regional";"delegacia";"uop"
466869;2022-08-09;"terça-feira";"06:30:00";"GO";251;28;"CRISTALINA";"Acessar a via sem observar a presença dos outros veículos";"Queda de ocupante de veículo";"Com Vítimas Feridas";"Pleno dia";"Decrescente";"Sol";"Simples";"Reta";"Não";2;0;1;0;0;1;1;2;-16,09412543;-47,50868954;"SPRF-DF";"DEL01-DF";"UOP01-DEL01-DF"
466870;2022-08-09;"terça-feira";"06:20:00";"SP";153;260,9;"MARILIA";"Animais na Pista";"Atropelamento de Animal";"Com Vítimas Feridas";"Amanhecer";"Crescente";"Nevoeiro/Neblina";"Simples";"Reta";"Não";2;0;1;0;0;1;1;2;-22,26625203;-49,9236428;"SPRF-SP";"DEL07-SP";"UOP02-DEL07-SP"
466873;2022-08-09;"terça-feira";"06:45:00";"PE";104;61;"CARUARU";"Acesso irregular";"Colisão traseira";"Sem Vítimas";"Pleno dia";"Decrescente";"Céu Claro";"Simples";"Interseção de Vias";"Não";4;0;0;0;4;0;0;2;-8,2529;-35,9751;"SPRF-PE";"DEL02-PE";"UOP01-DEL02-PE"
466875;2022-08-09;"terça-feira";"06:40:00";"PE";407;115;"PETROLINA";"Acessar a via sem observar a presença dos outros veículos";"Colisão transversal";"Com Vítimas Feridas";"Amanhecer";"Crescente";"Céu Claro";"Simples";"Reta";"Não";2;0;1;1;0;0;2;2;-9,2990308;-40,58250065;"SPRF-PE";"DEL06-PE";"UOP01-DEL06-PE"
466877;2022-08-09;"terça-feira";"07:20:00";"RS";116;247;"SAO LEOPOLDO";"Chuva";"Colisão lateral mesmo sentido";"Com Vítimas Feridas";"Pleno dia";"Decrescente";"Chuva";"Dupla";"Reta";"Sim";2;0;1;0;1;0;1;2;-29,76733091;-51,1535296;"SPRF-RS";"DEL01-RS";"UOP02-DEL01-RS"
466879;2022-08-09;"terça-feira";"07:30:00";"SC";101;206,3;"SAO JOSE";"Condutor deixou de manter distância do veículo da frente";"Colisão traseira";"Com Vítimas Feridas";"Pleno dia";"Decrescente";"Chuva";"Dupla";"Reta";"Sim";2;0;1;0;1;0;1;2;-27,59193546;-48,61824557;"SPRF-SC";"DEL01-SC";"UOP01-DEL01-SC"
466880;2022-08-09;"terça-feira";"07:50:00";"SP";153;75;"BADY BASSITT";"Manobra de mudança de faixa";"Tombamento";"Com Vítimas Feridas";"Pleno dia";"Decrescente";"Chuva";"Simples";"Reta";"Não";1;0;1;0;0;0;1;1;-20,89418221;-49,43387582;"SPRF-SP";"DEL09-SP";"UOP01-DEL09-SP"
466881;2022-08-09;"terça-feira";"06:10:00";"PR";158;533,6;"PATO BRANCO";"Pista Escorregadia";"Saída de leito carroçável";"Com Vítimas Feridas";"Amanhecer";"Crescente";"Chuva";"Simples";"Reta";"Não";1;0;1;0;0;0;1;1;-26,21972809;-52,68262891;"SPRF-PR";"DEL02-PR";"UOP01-DEL02-PR"
466882;2022-07-17;"domingo";"20:00:00";"RS";287;374,4;"NOVA ESPERANCA DO SUL";"Velocidade Incompatível";"Saída de leito carroçável";"Com Vítimas Feridas";"Plena Noite";"Decrescente";"Nublado";"Simples";"Curva;Aclive";"Não";1;0;0;1;0;0;1;1;-29,35653758;-54,76264;"SPRF-RS";"DEL12-RS";"UOP02-DEL12-RS"
466886;2022-08-04;"quinta-feira";"20:30:00";"PR";376;517,4;"PONTA GROSSA";"Velocidade Incompatível";"Saída de leito carroçável";"Sem Vítimas";"Plena Noite";"Crescente";"Céu Claro";"Dupla";"Reta";"Não";1;0;0;0;0;1;0;1;-25,26986796;-49,93608;"SPRF-PR";"DEL03-PR";"UOP01-DEL03-PR"
466887;2022-08-09;"terça-feira";"08:00:00";"RJ";116;169;"SAO JOAO DE MERITI";"Manobra de mudança de faixa";"Colisão traseira";"Com Vítimas Feridas";"Pleno dia";"Decrescente";"Nublado";"Múltipla";"Reta";"Sim";2;0;1;0;1;0;1;2;-22,78863775;-43,37439626;"SPRF-RJ";"DEL01-RJ";"UOP02-DEL01-RJ"
466888;2022-08-09;"terça-feira";"06:00:00";"RJ";116;167;"SAO JOAO DE MERITI";"Manobra de mudança de faixa";"Colisão lateral mesmo sentido";"Com Vítimas Feridas";"Pleno dia";"Decrescente";"Nublado";"Dupla";"Reta";"Sim";2;0;1;0;0;1;1;2;-22,81803977;-43,30787252;"SPRF-RJ";"DEL01-RJ";"UOP02-DEL01-RJ"
466889;2022-08-09;"terça-feira";"07:15:00";"MA";135;7;"SAO LUIS";"Condutor deixou de manter distância do veículo da frente";"Colisão traseira";"Com Vítimas Feridas";"Pleno dia";"Crescente";"Céu Claro";"Dupla";"Reta";"Sim";5;0;1;0;4;0;1;2;-2,63608835;-44,26848552;"SPRF-MA";"DEL01-MA";"UOP01-DEL01-MA"
466890;2022-07-22;"sexta-feira";"16:44:00";"DF";60;1;"BRASILIA";"Manobra de mudança de faixa";"Colisão transversal";"Com Vítimas Feridas";"Pleno dia";"Crescente";"Céu Claro";"Dupla";"Retorno Regulamentado;Reta";"Sim";2;0;0;1;1;0;1;2;-15,885093;-48,068954;"SPRF-DF";"DEL03-DF";"UOP01-DEL03-DF"
466891;2022-08-09;"terça-feira";"07:50:00";"PE";428;184;"PETROLINA";"Acessar a via sem observar a presença dos outros veículos";"Colisão transversal";"Com Vítimas Feridas";"Pleno dia";"Crescente";"Céu Claro";"Simples";"Reta";"Sim";4;0;3;1;0;0;4;2;-9,33211208;-40,46621385;"SPRF-PE";"DEL06-PE";"UOP01-DEL06-PE"
466892;2022-08-08;"segunda-feira";"17:50:00";"GO";70;450;"ARAGARCAS";"Demais falhas na via";"Incêndio";"Sem Vítimas";"Anoitecer";"Decrescente";"Céu Claro";"Simples";"Curva";"Não";1;0;0;0;0;1;0;1;-15,9227052;-51,98284149;"SPRF-GO";"DEL04-GO";"UOP01-DEL04-GO"
466893;2022-08-09;"terça-feira";"07:40:00";"PB";101;86;"JOAO PESSOA";"Manobra de mudança de faixa";"Colisão lateral mesmo sentido";"Sem Vítimas";"Pleno dia";"Decrescente";"Céu Claro";"Dupla";"Reta";"Sim";3;0;0;0;3;0;0;2;-7,1511028;-34,9097931;"SPRF-PB";"DEL01-PB";"UOP01-DEL01-PB"
466895;2022-08-09;"terça-feira";"08:40:00";"SC";101;201,7;"BIGUACU";"Trafegar com motocicleta (ou similar) entre as faixas";"Queda de ocupante de veículo";"Com Vítimas Feridas";"Pleno dia";"Crescente";"Chuva";"Dupla";"Reta";"Sim";1;0;1;0;0;0;1;1;-27,54836599;-48,61977975;"SPRF-SC";"DEL01-SC";"UOP01-DEL01-SC"
466898;2022-08-09;"terça-feira";"08:50:00";"MG";262;446;"NOVA SERRANA";"Acessar a via sem observar a presença dos outros veículos";"Colisão transversal";"Com Vítimas Feridas";"Pleno dia";"Decrescente";"Nublado";"Múltipla";"Viaduto;Interseção de Vias";"Sim";3;0;2;0;1;0;2;2;-19,87514825;-44,95031205;"SPRF-MG";"DEL08-MG";"UOP03-DEL08-MG"
466899;2022-08-02;"terça-feira";"17:00:00";"PR";369;136;"IBIPORA";"Conversão proibida";"Colisão traseira";"Com Vítimas Feridas";"Pleno dia";"Decrescente";"Céu Claro";"Simples";"Interseção de Vias";"Sim";2;0;1;0;0;1;1;2;-23,26562171;-51,03720725;"SPRF-PR";"DEL07-PR";"UOP01-DEL07-PR"
466900;2022-08-09;"terça-feira";"08:00:00";"PR";376;600;"CURITIBA";"Manobra de mudança de faixa";"Colisão lateral mesmo sentido";"Com Vítimas Feridas";"Pleno dia";"Decrescente";"Garoa/Chuvisco";"Múltipla";"Reta";"Sim";2;0;1;0;1;0;1;2;-25,53195602;-49,32205901;"SPRF-PR";"DEL01-PR";"UOP06-DEL01-PR"
466901;2022-07-13;"quarta-feira";"14:20:00";"GO";60;104;"GOIANAPOLIS";"Condutor deixou de manter distância do veículo da frente";"Colisão traseira";"Com Vítimas Feridas";"Pleno dia";"Crescente";"Céu Claro";"Dupla";"Reta";"Não";2;0;1;0;1;0;1;2;-16,42248592;-48,97745311;"SPRF-GO";"DEL02-GO";"UOP01-DEL02-GO"
466902;2022-08-09;"terça-feira";"08:50:00";"SP";116;445;"REGISTRO";"Ausência de reação do condutor";"Queda de ocupante de veículo";"Com Vítimas Feridas";"Pleno dia";"Decrescente";"Garoa/Chuvisco";"Múltipla";"Curva";"Sim";1;0;1;0;0;0;1;1;-24,49790715;-47,84208686;"SPRF-SP";"DEL05-SP";"UOP01-DEL05-SP"
466903;2022-06-30;"quinta-feira";"15:45:00";"SC";280;25,1;"ARAQUARI";"Ausência de reação do condutor";"Colisão transversal";"Com Vítimas Feridas";"Pleno dia";"Crescente";"Céu Claro";"Simples";"Em Obras;Reta";"Sim";2;0;2;0;0;0;2;2;-26,38352781;-48,72677516;"SPRF-SC";"DEL03-SC";"UOP03-DEL03-SC"
466905;2022-08-09;"terça-feira";"08:15:00";"MG";116;418;"GOVERNADOR VALADARES";"Acessar a via sem observar a presença dos outros veículos";"Colisão lateral mesmo sentido";"Com Vítimas Feridas";"Pleno dia";"Crescente";"Céu Claro";"Simples";"Reta";"Sim";2;0;2;0;0;0;2;2;-18,91059296;-41,94156567;"SPRF-MG";"DEL06-MG";"UOP01-DEL06-MG"
466906;2022-08-09;"terça-feira";"08:20:00";"RS";290;59;"GRAVATAI";"Chuva";"Saída de leito carroçável";"Sem Vítimas";"Pleno dia";"Decrescente";"Chuva";"Múltipla";"Reta";"Não";1;0;0;0;1;0;0;1;-29,922428;-50,84845;"SPRF-RS";"DEL03-RS";"UOP01-DEL03-RS"
466908;2022-08-09;"terça-feira";"09:20:00";"RJ";101;481;"ANGRA DOS REIS";"Reação tardia ou ineficiente do condutor";"Colisão transversal";"Com Vítimas Feridas";"Amanhecer";"Crescente";"Nublado";"Simples";"Curva";"Sim";3;0;1;0;2;0;1;2;-23,00976021;-44,29153237;"SPRF-RJ";"DEL03-RJ";"UOP03-DEL03-RJ"
466909;2022-08-09;"terça-feira";"07:55:00";"PE";408;35,2;"ALIANCA";"Ultrapassagem Indevida";"Colisão frontal";"Com Vítimas Feridas";"Pleno dia";"Decrescente";"Sol";"Simples";"Reta;Declive";"Não";3;0;0;3;0;0;3;2;-7,61111798;-35,23973919;"SPRF-PE";"DEL01-PE";"UOP02-DEL01-PE"
466910;2022-07-12;"terça-feira";"19:22:00";"SC";280;26,7;"ARAQUARI";"Conversão proibida";"Colisão transversal";"Com Vítimas Feridas";"Plena Noite";"Decrescente";"Céu Claro";"Simples";"Em Obras";"Sim";2;0;1;0;1;0;1;2;-26,39913507;-48,74178886;"SPRF-SC";"DEL03-SC";"UOP03-DEL03-SC"
466911;2022-07-05;"terça-feira";"19:15:00";"RS";386;407,3;"TRIUNFO";"Ausência de reação do condutor";"Saída de leito carroçável";"Com Vítimas Feridas";"Pleno dia";"Crescente";"Céu Claro";"Simples";"Curva";"Não";2;0;0;1;1;0;1;1;-29,786842;-51,543865;"SPRF-RS";"DEL04-RS";"UOP02-DEL04-RS"
466912;2022-08-09;"terça-feira";"09:50:00";"RS";285;476;"CORONEL BARROS";"Acessar a via sem observar a presença dos outros veículos";"Colisão transversal";"Com Vítimas Feridas";"Pleno dia";"Decrescente";"Nublado";"Simples";"Reta";"Não";3;0;2;0;1;0;2;2;-28,38289134;-54,04956937;"SPRF-RS";"DEL10-RS";"UOP01-DEL10-RS"
466913;2022-08-09;"terça-feira";"06:10:00";"MG";116;733,1;"LARANJAL";"Condutor Dormindo";"Saída de leito carroçável";"Com Vítimas Feridas";"Amanhecer";"Decrescente";"Nublado";"Simples";"Reta";"Não";2;0;1;1;0;0;2;1;-21,33792021;-42,45883159;"SPRF-MG";"DEL07-MG";"UOP02-DEL07-MG"
466914;2022-08-09;"terça-feira";"09:30:00";"MT";163;828;"SINOP";"Avarias e/ou desgaste excessivo no pneu";"Tombamento";"Com Vítimas Feridas";"Pleno dia";"Decrescente";"Céu Claro";"Simples";"Reta";"Sim";2;0;2;0;0;0;2;1;-11,91999042;-55,51064372;"SPRF-MT";"DEL06-MT";"UOP01-DEL06-MT"
466919;2022-08-09;"terça-feira";"10:45:00";"GO";40;1,8;"VALPARAISO DE GOIAS";"Manobra de mudança de faixa";"Colisão traseira";"Com Vítimas Feridas";"Pleno dia";"Crescente";"Céu Claro";"Dupla";"Reta";"Sim";2;0;1;0;1;0;1;2;-16,058245;-47,982825;"SPRF-DF";"DEL01-DF";"UOP01-DEL01-DF"
466920;2022-08-09;"terça-feira";"10:30:00";"TO";226;9;"PALMEIRAS DO TOCANTINS";"Reação tardia ou ineficiente do condutor";"Tombamento";"Com Vítimas Feridas";"Pleno dia";"Crescente";"Céu Claro";"Simples";"Declive";"Não";2;0;1;0;0;1;1;1;-6,61805848;-47,5519824;"SPRF-TO";"DEL02-TO";"UOP03-DEL02-TO"
466921;2022-08-09;"terça-feira";"08:00:00";"RS";116;258;"ESTEIO";"Chuva";"Tombamento";"Com Vítimas Feridas";"Pleno dia";"Decrescente";"Chuva";"Dupla";"Curva";"Sim";1;0;1;0;0;0;1;1;-29,86150502;-51,18091535;"SPRF-RS";"DEL01-RS";"UOP02-DEL01-RS"
466922;2022-08-09;"terça-feira";"10:40:00";"PR";369;110;"URAI";"Avarias e/ou desgaste excessivo no pneu";"Saída de leito carroçável";"Com Vítimas Feridas";"Pleno dia";"Crescente";"Chuva";"Dupla";"Aclive;Curva";"Não";1;0;1;0;0;0;1;1;-23,24780584;-50,73256932;"SPRF-PR";"DEL07-PR";"UOP01-DEL07-PR"
466923;2022-08-09;"terça-feira";"09:15:00";"RN";0;0;"SANTA MARIA";"Velocidade Incompatível";"Tombamento";"Com Vítimas Feridas";"Pleno dia";"Não Informado";"Céu Claro";"Simples";"Interseção de Vias";"Sim";3;0;1;0;2;0;1;3;-5,84181423;-35,69165405;"SPRF-RN";"DEL01-RN";"UOP02-DEL01-RN"
466924;2022-08-09;"terça-feira";"07:47:00";"BA";101;718;"EUNAPOLIS";"Condutor deixou de manter distância do veículo da frente";"Colisão traseira";"Com Vítimas Feridas";"Pleno dia";"Crescente";"Céu Claro";"Simples";"Rotatória";"Sim";2;0;1;0;1;0;1;2;-16,37501228;-39,58120823;"SPRF-BA";"DEL09-BA";"UOP01-DEL09-BA"
466925;2022-08-09;"terça-feira";"07:10:00";"RJ";101;418;"MANGARATIBA";"Velocidade Incompatível";"Colisão com objeto";"Com Vítimas Feridas";"Pleno dia";"Decrescente";"Chuva";"Simples";"Declive";"Não";1;0;1;0;0;0;1;1;-22,91851585;-43,91402721;"SPRF-RJ";"DEL03-RJ";"UOP02-DEL03-RJ"
466926;2022-08-02;"terça-feira";"15:50:00";"RJ";40;110;"DUQUE DE CAXIAS";"Condutor deixou de manter distância do veículo da frente";"Engavetamento";"Com Vítimas Feridas";"Pleno dia";"Decrescente";"Céu Claro";"Múltipla";"Reta";"Sim";4;0;3;0;1;0;3;3;-22,68289906;-43,28549346;"SPRF-RJ";"DEL01-RJ";"UOP01-DEL01-RJ"
466928;2022-08-09;"terça-feira";"09:00:00";"PR";277;6,8;"PARANAGUA";"Ausência de reação do condutor";"Saída de leito carroçável";"Com Vítimas Fatais";"Amanhecer";"Crescente";"Chuva";"Simples";"Interseção de Vias;Curva";"Sim";2;1;0;0;0;1;0;2;-25,55991701;-48,58249784;"SPRF-PR";"DEL01-PR";"UOP05-DEL01-PR"
466929;2022-08-09;"terça-feira";"11:30:00";"SP";381;59,5;"MAIRIPORA";"Pista Escorregadia";"Queda de ocupante de veículo";"Com Vítimas Feridas";"Pleno dia";"Crescente";"Céu Claro";"Dupla";"Reta";"Não";2;0;2;0;0;0;2;1;-23,28270705;-46,58787791;"SPRF-SP";"DEL03-SP";"UOP01-DEL03-SP"
466930;2022-06-26;"domingo";"19:02:00";"GO";80;35,7;"PADRE BERNARDO";"Ingestão de álcool e/ou substâncias psicoativas pelo pedestre";"Atropelamento de Pedestre";"Com Vítimas Fatais";"Plena Noite";"Decrescente";"Céu Claro";"Dupla";"Reta";"Sim";3;1;0;0;2;0;0;2;-15,26343;-48,264749;"SPRF-DF";"DEL03-DF";"UOP02-DEL03-DF"
466933;2022-06-10;"sexta-feira";"16:20:00";"BA";420;344;"JAGUAQUARA";"Curva acentuada";"Colisão lateral mesmo sentido";"Com Vítimas Feridas";"Plena Noite";"Crescente";"Ignorado";"Simples";"Curva";"Não";2;0;1;0;0;1;1;2;-13,50650333;-40,00869102;"SPRF-BA";"DEL03-BA";"UOP01-DEL03-BA"
466935;2022-08-09;"terça-feira";"11:50:00";"ES";101;428;"ATILIO VIVACQUA";"Reação tardia ou ineficiente do condutor";"Atropelamento de Pedestre";"Com Vítimas Fatais";"Pleno dia";"Crescente";"Céu Claro";"Simples";"Reta";"Não";4;1;1;0;1;1;1;2;-21,01942295;-41,15230903;"SPRF-ES";"DEL03-ES";"UOP02-DEL03-ES"
466936;2022-08-09;"terça-feira";"08:40:00";"MG";262;95;"ABRE CAMPO";"Manobra de mudança de faixa";"Colisão transversal";"Com Vítimas Feridas";"Pleno dia";"Crescente";"Céu Claro";"Simples";"Rotatória";"Sim";2;0;1;0;1;0;1;2;-20,3007766;-42,47286782;"SPRF-MG";"DEL03-MG";"UOP03-DEL03-MG"
466937;2022-08-09;"terça-feira";"12:20:00";"SP";116;229;"SAO PAULO";"Acessar a via sem observar a presença dos outros veículos";"Colisão lateral mesmo sentido";"Com Vítimas Feridas";"Pleno dia";"Crescente";"Céu Claro";"Múltipla";"Reta";"Não";2;0;1;0;1;0;1;2;-23,51291902;-46,57604698;"SPRF-SP";"DEL01-SP";"UOP01-DEL01-SP"
466939;2022-08-09;"terça-feira";"11:04:00";"MS";262;472,4;"ANASTACIO";"Acumulo de água sobre o pavimento";"Saída de leito carroçável";"Com Vítimas Feridas";"Pleno dia";"Crescente";"Chuva";"Simples";"Reta";"Não";3;0;2;0;1;0;2;1;-20,51050476;-55,64403198;"SPRF-MS";"DEL03-MS";"UOP01-DEL03-MS"
466940;2022-08-09;"terça-feira";"11:50:00";"SC";282;21;"SANTO AMARO DA IMPERATRIZ";"Ultrapassagem Indevida";"Colisão frontal";"Sem Vítimas";"Pleno dia";"Crescente";"Chuva";"Simples";"Curva";"Sim";2;0;0;0;2;0;0;2;-27,68907;-48,717541;"SPRF-SC";"DEL01-SC";"UOP02-DEL01-SC"
466943;2022-08-09;"terça-feira";"13:05:00";"PR";376;639;"TIJUCAS DO SUL";"Reação tardia ou ineficiente do condutor";"Colisão traseira";"Com Vítimas Feridas";"Pleno dia";"Crescente";"Chuva";"Dupla";"Declive";"Não";4;0;0;1;3;0;1;2;-25,781741;-49,1209;"SPRF-PR";"DEL01-PR";"UOP04-DEL01-PR"
466944;2022-08-09;"terça-feira";"13:10:00";"MG";381;743;"TRES CORACOES";"Ausência de reação do condutor";"Colisão traseira";"Sem Vítimas";"Pleno dia";"Crescente";"Nublado";"Dupla";"Reta";"Não";2;0;0;0;2;0;0;2;-21,62606989;-45,26880608;"SPRF-MG";"DEL16-MG";"UOP02-DEL16-MG"
466947;2022-08-09;"terça-feira";"13:25:00";"RS";158;324;"SANTA MARIA";"Ausência de reação do condutor";"Colisão traseira";"Com Vítimas Feridas";"Pleno dia";"Crescente";"Chuva";"Dupla";"Reta";"Sim";2;0;1;0;1;0;1;2;-29,69762558;-53,78846438;"SPRF-RS";"DEL09-RS";"UOP01-DEL09-RS"
466948;2022-08-09;"terça-feira";"09:45:00";"BA";330;800;"UBATA";"Desrespeitar a preferência no cruzamento";"Colisão traseira";"Com Vítimas Feridas";"Pleno dia";"Crescente";"Céu Claro";"Simples";"Interseção de Vias";"Não";2;0;1;0;0;1;1;2;-14,21340618;-39,51697216;"SPRF-BA";"DEL03-BA";"UOP01-DEL03-BA"
466949;2022-08-09;"terça-feira";"11:50:00";"RJ";116;167;"SAO JOAO DE MERITI";"Manobra de mudança de faixa";"Colisão traseira";"Com Vítimas Feridas";"Pleno dia";"Crescente";"Céu Claro";"Múltipla";"Reta";"Sim";3;0;2;0;1;0;2;2;-22,81803977;-43,30787252;"SPRF-RJ";"DEL01-RJ";"UOP02-DEL01-RJ"
466950;2022-07-16;"sábado";"05:50:00";"PR";116;119;"CURITIBA";"Manobra de mudança de faixa";"Colisão lateral mesmo sentido";"Sem Vítimas";"Amanhecer";"Decrescente";"Céu Claro";"Dupla";"Declive";"Sim";2;0;0;0;2;0;0;2;-25,582562;-49,313333;"SPRF-PR";"DEL01-PR";"UOP06-DEL01-PR"
466956;2022-08-09;"terça-feira";"13:30:00";"RJ";40;59,5;"PETROPOLIS";"Manobra de mudança de faixa";"Colisão traseira";"Com Vítimas Feridas";"Pleno dia";"Decrescente";"Nublado";"Dupla";"Curva";"Não";3;0;1;1;1;0;2;2;-22,38628773;-43,13543464;"SPRF-RJ";"DEL05-RJ";"UOP02-DEL05-RJ"
466957;2022-06-12;"domingo";"06:24:00";"BA";324;302;"JACOBINA";"Ausência de reação do condutor";"Saída de leito carroçável";"Com Vítimas Feridas";"Amanhecer";"Crescente";"Céu Claro";"Simples";"Curva";"Não";1;0;1;0;0;0;1;1;-11,20812667;-40,46418304;"SPRF-BA";"DEL04-BA";"UOP02-DEL04-BA"
466958;2022-08-09;"terça-feira";"14:33:00";"PI";343;1;"TERESINA";"Ausência de reação do condutor";"Colisão lateral mesmo sentido";"Com Vítimas Feridas";"Pleno dia";"Decrescente";"Céu Claro";"Dupla";"Aclive;Reta";"Sim";2;0;0;1;0;1;1;2;-5,089569;-42,802288;"SPRF-PI";"DEL01-PI";"UOP01-DEL01-PI"
466959;2022-08-09;"terça-feira";"14:40:00";"PA";230;120;"MARABA";"Condutor deixou de manter distância do veículo da frente";"Engavetamento";"Sem Vítimas";"Pleno dia";"Decrescente";"Céu Claro";"Dupla";"Ponte";"Sim";4;0;0;0;4;0;0;4;-5,35038318;-49,11434;"SPRF-PA";"DEL03-PA";"UOP01-DEL03-PA"
466960;2022-07-26;"terça-feira";"17:10:00";"PR";376;2,4;"APUCARANA";"Entrada inopinada do pedestre";"Atropelamento de Pedestre";"Com Vítimas Feridas";"Anoitecer";"Decrescente";"Céu Claro";"Dupla";"Reta";"Sim";2;0;0;1;0;1;1;2;-23,56440016;-51,4339757;"SPRF-PR";"DEL07-PR";"UOP03-DEL07-PR"
466961;2022-08-09;"terça-feira";"14:15:00";"RR";401;1;"BOA VISTA";"Ausência de reação do condutor";"Atropelamento de Pedestre";"Com Vítimas Feridas";"Pleno dia";"Crescente";"Céu Claro";"Dupla";"Reta";"Sim";3;0;2;1;0;0;3;2;2,80229396;-60,68243402;"SPRF-RR";"DEL01-RR";"UOP01-DEL01-RR"
466962;2022-07-31;"domingo";"15:20:00";"PB";361;22,5;"SANTA TERESINHA";"Acesso irregular";"Colisão transversal";"Com Vítimas Fatais";"Pleno dia";"Crescente";"Céu Claro";"Simples";"Reta";"Sim";3;2;0;0;0;1;0;2;-7,08486715;-37,43922097;"SPRF-PB";"DEL03-PB";"UOP01-DEL03-PB"
466963;2022-08-09;"terça-feira";"14:40:00";"RJ";101;283;"ITABORAI";"Demais falhas mecânicas ou elétricas";"Incêndio";"Sem Vítimas";"Pleno dia";"Crescente";"Céu Claro";"Simples";"Reta";"Não";1;0;0;0;1;0;0;1;-22,73591014;-42,80592689;"SPRF-RJ";"DEL02-RJ";"UOP02-DEL02-RJ"
466965;2022-08-09;"terça-feira";"15:10:00";"SP";116;282;"EMBU DAS ARTES";"Condutor deixou de manter distância do veículo da frente";"Tombamento";"Com Vítimas Feridas";"Pleno dia";"Decrescente";"Céu Claro";"Dupla";"Reta";"Sim";1;0;1;0;0;0;1;1;-23,6857021562;-46,8597097481;"SPRF-SP";"DEL04-SP";"UOP01-DEL04-SP"
466967;2022-08-09;"terça-feira";"14:19:00";"SC";101;233;"PALHOCA";"Pista Escorregadia";"Eventos atípicos";"Sem Vítimas";"Pleno dia";"Crescente";"Chuva";"Dupla";"Declive";"Não";2;0;0;0;2;0;0;1;-27,8037639737;-48,6382621056;"SPRF-SC";"DEL01-SC";"UOP02-DEL01-SC"
466968;2022-08-09;"terça-feira";"14:50:00";"RJ";465;13,7;"SEROPEDICA";"Acessar a via sem observar a presença dos outros veículos";"Colisão lateral mesmo sentido";"Com Vítimas Feridas";"Pleno dia";"Crescente";"Nublado";"Simples";"Reta";"Sim";3;0;1;0;2;0;1;2;-22,798468;-43,645508;"SPRF-RJ";"DEL01-RJ";"UOP03-DEL01-RJ"
466970;2022-08-09;"terça-feira";"16:00:00";"PR";277;6,8;"PARANAGUA";"Reação tardia ou ineficiente do condutor";"Colisão com objeto";"Com Vítimas Feridas";"Pleno dia";"Crescente";"Chuva";"Dupla";"Declive;Curva";"Não";3;0;1;0;2;0;1;1;-25,559937;-48,582615;"SPRF-PR";"DEL01-PR";"UOP05-DEL01-PR"
466973;2022-08-09;"terça-feira";"16:40:00";"PR";369;148;"LONDRINA";"Acessar a via sem observar a presença dos outros veículos";"Atropelamento de Pedestre";"Com Vítimas Feridas";"Anoitecer";"Crescente";"Chuva";"Múltipla";"Reta;Interseção de Vias";"Sim";2;0;1;0;1;0;1;2;-23,29290165;-51,14289165;"SPRF-PR";"DEL07-PR";"UOP01-DEL07-PR"
466975;2022-08-09;"terça-feira";"17:00:00";"SP";116;488;"CAJATI";"Chuva";"Eventos atípicos";"Com Vítimas Feridas";"Pleno dia";"Crescente";"Chuva";"Dupla";"Curva";"Sim";4;0;2;1;1;0;3;1;-24,73097634;-48,09815591;"SPRF-SP";"DEL05-SP";"UOP01-DEL05-SP"
466977;2022-08-09;"terça-feira";"16:15:00";"RS";386;294,7;"POUSO NOVO";"Chuva";"Saída de leito carroçável";"Com Vítimas Feridas";"Anoitecer";"Crescente";"Chuva";"Simples";"Declive";"Não";1;0;1;0;0;0;1;1;-29,121178;-52,248886;"SPRF-RS";"DEL04-RS";"UOP01-DEL04-RS"
466979;2022-08-09;"terça-feira";"16:15:00";"PR";369;178,7;"ROLANDIA";"Velocidade Incompatível";"Colisão traseira";"Sem Vítimas";"Anoitecer";"Decrescente";"Chuva";"Múltipla";"Reta;Interseção de Vias";"Sim";2;0;0;0;1;1;0;2;-23,3516533;-51,3880393;"SPRF-PR";"DEL07-PR";"UOP01-DEL07-PR"
466980;2022-03-18;"sexta-feira";"20:00:00";"ES";101;296;"CARIACICA";"Pedestre cruzava a pista fora da faixa";"Atropelamento de Pedestre";"Com Vítimas Feridas";"Plena Noite";"Crescente";"Céu Claro";"Simples";"Reta";"Sim";2;0;0;1;1;0;1;2;-20,34029997;-40,40405712;"SPRF-ES";"DEL01-ES";"UOP01-DEL01-ES"
466982;2022-07-23;"sábado";"08:15:00";"MG";116;691,4;"MURIAE";"Acessar a via sem observar a presença dos outros veículos";"Colisão transversal";"Com Vítimas Feridas";"Pleno dia";"Decrescente";"Céu Claro";"Simples";"Reta";"Não";2;0;2;0;0;0;2;2;-21,017557;-42,36109;"SPRF-MG";"DEL07-MG";"UOP02-DEL07-MG"
466985;2022-08-09;"terça-feira";"17:50:00";"BA";116;827,6;"VITORIA DA CONQUISTA";"Acesso irregular";"Colisão transversal";"Com Vítimas Feridas";"Anoitecer";"Crescente";"Céu Claro";"Simples";"Reta";"Sim";2;0;0;1;1;0;1;2;-14,82538058;-40,82217022;"SPRF-BA";"DEL08-BA";"UOP01-DEL08-BA"
466986;2022-08-09;"terça-feira";"10:50:00";"RJ";356;4;"ITAPERUNA";"Ultrapassagem Indevida";"Colisão lateral sentido oposto";"Com Vítimas Fatais";"Pleno dia";"Crescente";"Sol";"Simples";"Reta";"Não";3;1;1;0;1;0;1;2;-21,15089674;-42,14591891;"SPRF-RJ";"DEL08-RJ";"UOP03-DEL08-RJ"