"id";"data_inversa";"dia_semana";"horario";"uf";"br";"km";"municipio";"causa_acidente";"tipo_acidente";"classificacao_acidente";"fase_dia";"sentido_via";"condicao_metereologica";"tipo_pista";"tracado_via";"uso_solo";"pessoas";"mortos";"feridos_leves";"feridos_graves";"ilesos";"ignorados";"feridos";"veiculos";"latitude";"longitude";"regional";"delegacia";"uop"
467108;2022-08-09;"terça-feira";"14:15:00";"BA";242;215;"ITABERABA";"Reação tardia ou ineficiente do condutor";"Colisão traseira";"Sem Vítimas";"Pleno dia";"Crescente";"Sol";"Simples";"Reta";"Não";7;0;0;0;7;0;0;2;-12,521015;-40,185958;"SPRF-BA";"DEL06-BA";"UOP02-DEL06-BA"
467109;2022-08-10;"quarta-feira";"11:00:00";"SP";116;229;"SAO PAULO";"Velocidade Incompatível";"Queda de ocupante de veículo";"Sem Vítimas";"Pleno dia";"Crescente";"Céu Claro";"Múltipla";"Reta";"Sim";1;0;0;0;0;1;0;1;-23,51291902;-46,57604698;"SPRF-SP";"DEL01-SP";"UOP01-DEL01-SP"
467110;2022-08-07;"domingo";"15:45:00";"PR";376;432;"TIBAGI";"Chuva";"Saída de leito carroçável";"Com Vítimas Feridas";"Pleno dia";"Crescente";"Chuva";"Dupla";"Curva";"Não";3;0;3;0;0;0;3;1;-24,80531402;-50,48850813;"SPRF-PR";"DEL03-PR";"UOP02-DEL03-PR"
467111;2022-08-10;"quarta-feira";"11:20:00";"PR";277;114;"CAMPO LARGO";"Mal súbito do condutor";"Saída de leito carroçável";"Com Vítimas Feridas";"Pleno dia";"Crescente";"Chuva";"Dupla";"Reta";"Sim";1;0;1;0;0;0;1;1;-25,42766575;-49,38724005;"SPRF-PR";"DEL03-PR";"UOP03-DEL03-PR"
467112;2022-07-29;"sexta-feira";"20:00:00";"RS";285;370;"SALDANHA MARINHO";"Ultrapassagem Indevida";"Colisão frontal";"Com Vítimas Feridas";"Plena Noite";"Crescente";"Nublado";"Simples";"Reta";"Não";4;0;0;2;2;0;2;2;-28,399773;-53,064205;"SPRF-RS";"DEL08-RS";"UOP03-DEL08-RS"
467113;2022-06-11;"sábado";"10:50:00";"RJ";40;90;"PETROPOLIS";"Velocidade Incompatível";"Colisão com objeto";"Com Vítimas Feridas";"Pleno dia";"Decrescente";"Chuva";"Simples";"Curva";"Não";2;0;1;0;1;0;1;1;-22,55991285;-43,23176645;"SPRF-RJ";"DEL06-RJ";"UOP01-DEL06-RJ"
467114;2022-04-16;"sábado";"20:20:00";"MA";316;480,6;"CODO";"Objeto estático sobre o leito carroçável";"Atropelamento de Pedestre";"Com Vítimas Fatais";"Plena Noite";"Decrescente";"Céu Claro";"Simples";"Reta";"Não";3;1;1;0;1;0;1;2;-4,625822;-43,914001;"SPRF-MA";"DEL03-MA";"UOP02-DEL03-MA"
467115;2022-08-10;"quarta-feira";"11:40:00";"MG";40;527;"CONTAGEM";"Ausência de reação do condutor";"Tombamento";"Com Vítimas Feridas";"Pleno dia";"Decrescente";"Nublado";"Simples";"Aclive;Curva";"Sim";1;0;1;0;0;0;1;1;-19,90149502;-44,04938939;"SPRF-MG";"DEL01-MG";"UOP02-DEL01-MG"
467116;2022-07-22;"sexta-feira";"07:43:00";"SC";101;209,3;"SAO JOSE";"Ausência de reação do condutor";"Colisão traseira";"Com Vítimas Fatais";"Pleno dia";"Decrescente";"Céu Claro";"Múltipla";"Aclive;Reta";"Sim";4;1;1;0;2;0;1;3;-27,615102;-48,643703;"SPRF-SC";"DEL01-SC";"UOP01-DEL01-SC"
467119;2022-08-10;"quarta-feira";"10:50:00";"GO";153;299,1;"RIALMA";"Acessar a via sem observar a presença dos outros veículos";"Colisão transversal";"Com Vítimas Feridas";"Pleno dia";"Crescente";"Céu Claro";"Simples";"Reta";"Não";3;0;2;0;1;0;2;2;-15,277585;-49,552872;"SPRF-GO";"DEL02-GO";"UOP02-DEL02-GO"
467120;2022-08-10;"quarta-feira";"12:10:00";"SP";116;128;"CACAPAVA";"Acesso irregular";"Colisão traseira";"Com Vítimas Feridas";"Pleno dia";"Decrescente";"Nublado";"Dupla";"Reta";"Sim";2;0;1;0;1;0;1;2;-23,11454664;-45,71105567;"SPRF-SP";"DEL02-SP";"UOP02-DEL02-SP"
467122;2022-08-10;"quarta-feira";"12:10:00";"MG";262;403,9;"PARA DE MINAS";"Velocidade Incompatível";"Saída de leito carroçável";"Com Vítimas Feridas";"Pleno dia";"Decrescente";"Chuva";"Dupla";"Curva";"Não";3;0;2;0;1;0;2;2;-19,89468798;-44,57131499;"SPRF-MG";"DEL01-MG";"UOP03-DEL01-MG"
467123;2022-08-10;"quarta-feira";"12:10:00";"MS";163;457,1;"CAMPO GRANDE";"Ausência de reação do condutor";"Colisão transversal";"Sem Vítimas";"Pleno dia";"Crescente";"Céu Claro";"Simples";"Reta";"Sim";2;0;0;0;2;0;0;2;-20,66403994;-54,5606768;"SPRF-MS";"DEL01-MS";"UOP01-DEL01-MS"
467127;2022-08-10;"quarta-feira";"12:10:00";"AP";156;819;"OIAPOQUE";"Conversão proibida";"Colisão lateral mesmo sentido";"Com Vítimas Feridas";"Pleno dia";"Decrescente";"Céu Claro";"Simples";"Reta";"Sim";2;0;0;1;1;0;1;2;3,835576;-51,80935;"SPRF-AP";"DEL01-AP";"UOP03-DEL01-AP"
467128;2022-08-10;"quarta-feira";"11:38:00";"MT";163;834;"SINOP";"Condutor deixou de manter distância do veículo da frente";"Colisão traseira";"Com Vítimas Feridas";"Pleno dia";"Crescente";"Céu Claro";"Simples";"Reta";"Sim";2;0;1;0;1;0;1;2;-11,86807538;-55,49693227;"SPRF-MT";"DEL06-MT";"UOP01-DEL06-MT"
467129;2022-08-10;"quarta-feira";"12:30:00";"RN";427;43,8;"ACARI";"Reação tardia ou ineficiente do condutor";"Capotamento";"Com Vítimas Feridas";"Pleno dia";"Decrescente";"Céu Claro";"Simples";"Reta";"Não";1;0;1;0;0;0;1;1;-6,54942845;-36,67841917;"SPRF-RN";"DEL03-RN";"UOP01-DEL03-RN"
467130;2022-08-10;"quarta-feira";"09:20:00";"SC";116;6,9;"MAFRA";"Transitar na contramão";"Colisão transversal";"Com Vítimas Feridas";"Pleno dia";"Decrescente";"Chuva";"Simples";"Interseção de Vias;Retorno Regulamentado";"Sim";3;0;2;0;1;0;2;2;-26,14644691;-49,82305806;"SPRF-SC";"DEL06-SC";"UOP01-DEL06-SC"
467131;2022-08-10;"quarta-feira";"13:08:00";"RN";226;11;"MACAIBA";"Retorno proibido";"Colisão transversal";"Com Vítimas Feridas";"Pleno dia";"Crescente";"Céu Claro";"Simples";"Curva";"Não";2;0;0;1;1;0;1;2;-5,84572966;-35,30339507;"SPRF-RN";"DEL01-RN";"UOP02-DEL01-RN"
467132;2022-08-10;"quarta-feira";"10:00:00";"SC";116;27,4;"ITAIOPOLIS";"Reação tardia ou ineficiente do condutor";"Saída de leito carroçável";"Com Vítimas Feridas";"Pleno dia";"Decrescente";"Chuva";"Simples";"Curva";"Não";3;0;2;0;1;0;2;1;-26,29228969;-49,94234725;"SPRF-SC";"DEL06-SC";"UOP01-DEL06-SC"
467133;2022-08-10;"quarta-feira";"13:00:00";"CE";222;308;"TIANGUA";"Pista esburacada";"Colisão lateral mesmo sentido";"Sem Vítimas";"Pleno dia";"Crescente";"Céu Claro";"Simples";"Reta";"Sim";5;0;0;0;5;0;0;2;-3,68901102;-40,97669036;"SPRF-CE";"DEL04-CE";"UOP02-DEL04-CE"
467135;2022-08-10;"quarta-feira";"13:25:00";"MG";40;466;"SETE LAGOAS";"Manobra de mudança de faixa";"Saída de leito carroçável";"Com Vítimas Feridas";"Pleno dia";"Decrescente";"Nublado";"Dupla";"Reta";"Sim";2;0;1;0;1;0;1;1;-19,44436025;-44,32384821;"SPRF-MG";"DEL02-MG";"UOP01-DEL02-MG"
467136;2022-08-07;"domingo";"16:00:00";"RS";287;368,6;"JAGUARI";"Animais na Pista";"Atropelamento de Animal";"Sem Vítimas";"Pleno dia";"Crescente";"Nublado";"Simples";"Reta";"Não";2;0;0;0;2;0;0;1;-29,4038582;-54,73685621;"SPRF-RS";"DEL12-RS";"UOP02-DEL12-RS"
467137;2022-08-10;"quarta-feira";"13:50:00";"CE";222;247;"SOBRAL";"Reação tardia ou ineficiente do condutor";"Colisão com objeto";"Com Vítimas Feridas";"Pleno dia";"Decrescente";"Céu Claro";"Simples";"Reta";"Não";3;0;2;1;0;0;3;1;-3,75743835;-40,53220602;"SPRF-CE";"DEL04-CE";"UOP01-DEL04-CE"
467138;2022-08-10;"quarta-feira";"13:30:00";"RS";290;82,4;"CACHOEIRINHA";"Ausência de reação do condutor";"Colisão com objeto";"Com Vítimas Feridas";"Pleno dia";"Crescente";"Sol";"Dupla";"Reta";"Não";2;0;2;0;0;0;2;2;-29,955839;-51,079105;"SPRF-RS";"DEL01-RS";"UOP01-DEL01-RS"
467139;2022-08-10;"quarta-feira";"13:33:00";"MG";116;527,7;"CARATINGA";"Acessar a via sem observar a presença dos outros veículos";"Colisão transversal";"Com Vítimas Feridas";"Pleno dia";"Decrescente";"Céu Claro";"Dupla";"Interseção de Vias";"Não";2;0;1;0;1;0;1;2;-19,77940465;-42,13301897;"SPRF-MG";"DEL06-MG";"UOP02-DEL06-MG"
467142;2022-08-10;"quarta-feira";"14:30:00";"ES";101;221;"IBIRACU";"Condutor deixou de manter distância do veículo da frente";"Colisão traseira";"Com Vítimas Feridas";"Pleno dia";"Crescente";"Céu Claro";"Dupla";"Reta";"Não";2;0;1;0;1;0;1;2;-19,86695538;-40,40056491;"SPRF-ES";"DEL02-ES";"UOP01-DEL02-ES"
467145;2022-08-10;"quarta-feira";"14:51:00";"MG";0;0;"CONTAGEM";"Acumulo de óleo sobre o pavimento";"Tombamento";"Com Vítimas Feridas";"Pleno dia";"Não Informado";"Nublado";"Simples";"Curva";"Sim";2;0;2;0;0;0;2;1;-19,9586781;-44,0564959;"SPRF-MG";"DEL01-MG";"UOP03-DEL01-MG"
467149;2022-08-10;"quarta-feira";"13:00:00";"RO";174;16;"VILHENA";"Acessar a via sem observar a presença dos outros veículos";"Colisão transversal";"Com Vítimas Feridas";"Pleno dia";"Crescente";"Céu Claro";"Simples";"Reta";"Sim";2;0;2;0;0;0;2;2;-12,71452302;-60,1262149;"SPRF-RO";"DEL04-RO";"UOP01-DEL04-RO"
467150;2022-06-04;"sábado";"23:50:00";"RN";405;68;"APODI";"Manobra de mudança de faixa";"Colisão frontal";"Com Vítimas Fatais";"Plena Noite";"Crescente";"Céu Claro";"Simples";"Reta";"Não";6;1;0;0;5;0;0;2;-5,59186988;-37,76988517;"SPRF-RN";"DEL04-RN";"UOP02-DEL04-RN"
467152;2022-08-10;"quarta-feira";"15:20:00";"MG";40;509;"RIBEIRAO DAS NEVES";"Acessar a via sem observar a presença dos outros veículos";"Colisão transversal";"Com Vítimas Feridas";"Pleno dia";"Decrescente";"Céu Claro";"Dupla";"Reta";"Não";3;0;1;0;2;0;1;2;-19,76728744;-44,12855905;"SPRF-MG";"DEL01-MG";"UOP02-DEL01-MG"
467153;2022-08-10;"quarta-feira";"14:30:00";"AL";316;180,9;"BELEM";"Reação tardia ou ineficiente do condutor";"Colisão com objeto";"Com Vítimas Feridas";"Pleno dia";"Crescente";"Céu Claro";"Simples";"Curva";"Não";1;0;0;1;0;0;1;1;-9,58604039;-36,48916615;"SPRF-AL";"DEL03-AL";"UOP01-DEL03-AL"
467154;2022-08-10;"quarta-feira";"15:00:00";"PR";476;136;"CURITIBA";"Condutor deixou de manter distância do veículo da frente";"Colisão traseira";"Com Vítimas Feridas";"Pleno dia";"Decrescente";"Garoa/Chuvisco";"Múltipla";"Reta";"Sim";2;0;1;0;1;0;1;2;-25,49390161;-49,2736513;"SPRF-PR";"DEL01-PR";"UOP03-DEL01-PR"
467155;2022-08-10;"quarta-feira";"15:30:00";"RN";110;46,8;"MOSSORO";"Condutor deixou de manter distância do veículo da frente";"Colisão traseira";"Com Vítimas Feridas";"Pleno dia";"Decrescente";"Céu Claro";"Simples";"Reta";"Sim";3;0;0;1;1;1;1;2;-5,19797675;-37,31839819;"SPRF-RN";"DEL04-RN";"UOP01-DEL04-RN"
467156;2022-07-14;"quinta-feira";"20:00:00";"PE";232;390;"SERRA TALHADA";"Animais na Pista";"Atropelamento de Animal";"Sem Vítimas";"Plena Noite";"Decrescente";"Céu Claro";"Simples";"Reta";"Não";1;0;0;0;1;0;0;1;-8,03237411;-38,13114166;"SPRF-PE";"DEL04-PE";"UOP01-DEL04-PE"
467157;2022-08-10;"quarta-feira";"15:00:00";"MG";381;852,2;"POUSO ALEGRE";"Reação tardia ou ineficiente do condutor";"Colisão traseira";"Com Vítimas Feridas";"Pleno dia";"Crescente";"Céu Claro";"Dupla";"Reta";"Não";2;0;1;0;1;0;1;2;-22,25648264;-45,88884692;"SPRF-MG";"DEL16-MG";"UOP01-DEL16-MG"
467158;2022-08-10;"quarta-feira";"15:15:00";"PR";376;665;"GUARATUBA";"Velocidade Incompatível";"Colisão com objeto";"Sem Vítimas";"Pleno dia";"Crescente";"Chuva";"Dupla";"Curva";"Não";2;0;0;0;2;0;0;2;-25,85455838;-48,95670808;"SPRF-PR";"DEL01-PR";"UOP04-DEL01-PR"
467159;2022-08-10;"quarta-feira";"16:08:00";"PI";343;15;"PARNAIBA";"Ingestão de álcool pelo condutor";"Colisão traseira";"Com Vítimas Feridas";"Pleno dia";"Decrescente";"Céu Claro";"Dupla";"Reta";"Sim";2;0;1;1;0;0;2;2;-2,93659;-41,754936;"SPRF-PI";"DEL05-PI";"UOP01-DEL05-PI"
467160;2022-08-10;"quarta-feira";"15:50:00";"PR";153;39,7;"SANTO ANTONIO DA PLATINA";"Desrespeitar a preferência no cruzamento";"Colisão transversal";"Sem Vítimas";"Pleno dia";"Decrescente";"Nublado";"Dupla";"Rotatória";"Sim";2;0;0;0;2;0;0;2;-23,27231767;-50,05734289;"SPRF-PR";"DEL07-PR";"UOP04-DEL07-PR"
467161;2022-08-10;"quarta-feira";"16:20:00";"PR";277;33;"MORRETES";"Velocidade Incompatível";"Colisão com objeto";"Sem Vítimas";"Pleno dia";"Decrescente";"Chuva";"Dupla";"Curva";"Não";1;0;0;0;1;0;0;1;-25,547373;-48,790559;"SPRF-PR";"DEL01-PR";"UOP05-DEL01-PR"
467162;2022-08-10;"quarta-feira";"14:00:00";"PR";163;246;"TOLEDO";"Transitar na contramão";"Colisão frontal";"Com Vítimas Fatais";"Pleno dia";"Decrescente";"Nublado";"Dupla";"Reta";"Sim";2;1;0;1;0;0;1;2;-24,717822;-53,711597;"SPRF-PR";"DEL06-PR";"UOP02-DEL06-PR"
467163;2022-08-10;"quarta-feira";"15:50:00";"PR";376;158,4;"MANDAGUACU";"Reação tardia ou ineficiente do condutor";"Colisão com objeto";"Com Vítimas Feridas";"Pleno dia";"Decrescente";"Nublado";"Dupla";"Reta";"Sim";1;0;0;1;0;0;1;1;-23,36169997;-52,08593395;"SPRF-PR";"DEL09-PR";"UOP01-DEL09-PR"
467165;2022-04-06;"quarta-feira";"16:00:00";"MG";365;832,2;"SANTA VITORIA";"Reação tardia ou ineficiente do condutor";"Saída de leito carroçável";"Com Vítimas Feridas";"Pleno dia";"Decrescente";"Céu Claro";"Simples";"Interseção de Vias;Reta";"Não";3;0;1;1;0;1;2;2;-18,9067737;-50,2067256;"SPRF-MG";"DEL15-MG";"UOP03-DEL15-MG"
467166;2022-08-10;"quarta-feira";"16:20:00";"PR";116;103;"SAO JOSE DOS PINHAIS";"Acumulo de água sobre o pavimento";"Tombamento";"Com Vítimas Feridas";"Pleno dia";"Decrescente";"Chuva";"Dupla";"Reta";"Sim";1;0;1;0;0;0;1;1;-25,57082065;-49,19182062;"SPRF-PR";"DEL01-PR";"UOP01-DEL01-PR"
467168;2022-08-10;"quarta-feira";"10:15:00";"SC";101;161,3;"TIJUCAS";"Avarias e/ou desgaste excessivo no pneu";"Colisão com objeto";"Com Vítimas Fatais";"Pleno dia";"Crescente";"Chuva";"Múltipla";"Reta";"Sim";1;1;0;0;0;0;0;1;-27,2191;-48,62603;"SPRF-SC";"DEL04-SC";"UOP03-DEL04-SC"
467170;2022-07-15;"sexta-feira";"14:10:00";"RS";116;162,5;"CAXIAS DO SUL";"Velocidade Incompatível";"Colisão transversal";"Com Vítimas Feridas";"Pleno dia";"Decrescente";"Chuva";"Simples";"Curva";"Não";4;0;2;0;2;0;2;2;-29,24754637;-51,15737756;"SPRF-RS";"DEL05-RS";"UOP02-DEL05-RS"
467171;2022-08-10;"quarta-feira";"17:00:00";"RJ";40;118;"DUQUE DE CAXIAS";"Demais falhas mecânicas ou elétricas";"Colisão frontal";"Com Vítimas Feridas";"Pleno dia";"Decrescente";"Nublado";"Dupla";"Reta";"Sim";3;0;1;0;2;0;1;2;-22,75470802;-43,28737838;"SPRF-RJ";"DEL01-RJ";"UOP01-DEL01-RJ"
467172;2022-08-10;"quarta-feira";"17:20:00";"DF";70;11;"BRASILIA";"Acessar a via sem observar a presença dos outros veículos";"Colisão frontal";"Com Vítimas Feridas";"Pleno dia";"Crescente";"Nublado";"Dupla";"Reta";"Sim";2;0;1;0;1;0;1;2;-15,792243;-48,158543;"SPRF-DF";"DEL03-DF";"UOP02-DEL03-DF"
467175;2022-08-10;"quarta-feira";"17:45:00";"RS";392;7,7;"RIO GRANDE";"Acessar a via sem observar a presença dos outros veículos";"Colisão traseira";"Com Vítimas Feridas";"Anoitecer";"Decrescente";"Nublado";"Simples";"Reta;Interseção de Vias";"Não";2;0;1;0;1;0;1;2;-32,093615;-52,108877;"SPRF-RS";"DEL07-RS";"UOP02-DEL07-RS"
467176;2022-08-10;"quarta-feira";"18:10:00";"RJ";101;63;"CAMPOS DOS GOYTACAZES";"Condutor deixou de manter distância do veículo da frente";"Colisão traseira";"Sem Vítimas";"Anoitecer";"Crescente";"Nublado";"Dupla";"Declive;Ponte";"Sim";2;0;0;0;2;0;0;2;-21,74052463;-41,33335322;"SPRF-RJ";"DEL08-RJ";"UOP01-DEL08-RJ"
467177;2022-08-10;"quarta-feira";"17:20:00";"SP";116;499,2;"CAJATI";"Reação tardia ou ineficiente do condutor";"Tombamento";"Com Vítimas Feridas";"Anoitecer";"Crescente";"Garoa/Chuvisco";"Simples";"Aclive;Curva";"Não";2;0;2;0;0;0;2;1;-24,78228753;-48,17695233;"SPRF-SP";"DEL05-SP";"UOP02-DEL05-SP"
467178;2022-08-10;"quarta-feira";"17:50:00";"SC";470;136;"RIO DO SUL";"Acessar a via sem observar a presença dos outros veículos";"Colisão transversal";"Com Vítimas Feridas";"Anoitecer";"Decrescente";"Garoa/Chuvisco";"Simples";"Reta";"Não";2;0;1;0;1;0;1;2;-27,194323;-49,624554;"SPRF-SC";"DEL04-SC";"UOP02-DEL04-SC"
467180;2022-08-10;"quarta-feira";"16:30:00";"BA";110;326;"ALAGOINHAS";"Avarias e/ou desgaste excessivo no pneu";"Saída de leito carroçável";"Com Vítimas Feridas";"Pleno dia";"Crescente";"Céu Claro";"Simples";"Reta";"Não";2;0;1;0;1;0;1;1;-12,10465212;-38,37729591;"SPRF-BA";"DEL01-BA";"UOP04-DEL01-BA"
467181;2022-08-10;"quarta-feira";"17:50:00";"RN";101;83,3;"NATAL";"Ausência de reação do condutor";"Colisão transversal";"Com Vítimas Feridas";"Plena Noite";"Crescente";"Céu Claro";"Dupla";"Reta";"Sim";2;0;0;1;1;0;1;2;-5,7710445;-35,26616981;"SPRF-RN";"DEL02-RN";"UOP01-DEL02-RN"
467182;2022-08-10;"quarta-feira";"18:30:00";"CE";116;63,8;"CHOROZINHO";"Condutor deixou de manter distância do veículo da frente";"Colisão traseira";"Sem Vítimas";"Plena Noite";"Crescente";"Céu Claro";"Simples";"Reta";"Sim";3;0;0;0;3;0;0;3;-4,28125187;-38,49423541;"SPRF-CE";"DEL03-CE";"UOP02-DEL03-CE"
467183;2022-08-10;"quarta-feira";"16:30:00";"RJ";101;503;"ANGRA DOS REIS";"Manobra de mudança de faixa";"Colisão lateral mesmo sentido";"Com Vítimas Feridas";"Pleno dia";"Decrescente";"Nublado";"Simples";"Reta";"Sim";2;0;1;0;1;0;1;2;-22,92894705;-44,37879998;"SPRF-RJ";"DEL03-RJ";"UOP03-DEL03-RJ"
467184;2022-08-10;"quarta-feira";"19:00:00";"MG";40;528;"CONTAGEM";"Acessar a via sem observar a presença dos outros veículos";"Atropelamento de Pedestre";"Com Vítimas Feridas";"Plena Noite";"Decrescente";"Nublado";"Dupla";"Declive;Curva";"Sim";2;0;0;1;0;1;1;2;-19,90883179;-44,04436577;"SPRF-MG";"DEL01-MG";"UOP02-DEL01-MG"
467185;2022-08-10;"quarta-feira";"18:35:00";"SC";280;48;"GUARAMIRIM";"Desrespeitar a preferência no cruzamento";"Colisão transversal";"Com Vítimas Feridas";"Plena Noite";"Crescente";"Chuva";"Simples";"Reta";"Sim";3;0;1;0;2;0;1;2;-26,45506795;-48,92766502;"SPRF-SC";"DEL03-SC";"UOP03-DEL03-SC"
467186;2022-08-10;"quarta-feira";"19:00:00";"GO";153;78;"PORANGATU";"Transitar na contramão";"Colisão frontal";"Com Vítimas Feridas";"Plena Noite";"Crescente";"Céu Claro";"Simples";"Reta";"Não";5;0;3;2;0;0;5;2;-13,513705;-49,121609;"SPRF-GO";"DEL07-GO";"UOP01-DEL07-GO"
467187;2022-08-10;"quarta-feira";"18:45:00";"SP";116;219;"GUARULHOS";"Reação tardia ou ineficiente do condutor";"Colisão lateral mesmo sentido";"Com Vítimas Feridas";"Plena Noite";"Decrescente";"Nublado";"Simples";"Reta";"Sim";5;0;2;0;3;0;2;2;-23,46143954;-46,48885316;"SPRF-SP";"DEL01-SP";"UOP01-DEL01-SP"
467188;2022-08-10;"quarta-feira";"09:00:00";"SC";282;6;"SAO JOSE";"Reação tardia ou ineficiente do condutor";"Tombamento";"Com Vítimas Feridas";"Pleno dia";"Crescente";"Chuva";"Dupla";"Curva";"Sim";1;0;1;0;0;0;1;1;-27,591936;-48,618244;"SPRF-SC";"DEL01-SC";"UOP01-DEL01-SC"
467190;2022-08-10;"quarta-feira";"17:30:00";"MT";163;842,4;"SINOP";"Condutor deixou de manter distância do veículo da frente";"Colisão traseira";"Com Vítimas Feridas";"Pleno dia";"Decrescente";"Céu Claro";"Simples";"Reta";"Sim";3;0;1;0;1;1;1;2;-11,79640693;-55,47842503;"SPRF-MT";"DEL06-MT";"NPF/DEL06-MT"
467191;2022-08-10;"quarta-feira";"19:05:00";"PE";428;183,7;"PETROLINA";"Acesso irregular";"Colisão transversal";"Com Vítimas Feridas";"Plena Noite";"Decrescente";"Céu Claro";"Simples";"Reta";"Não";3;0;1;0;1;1;1;2;-9,34105763;-40,47068336;"SPRF-PE";"DEL06-PE";"UOP01-DEL06-PE"
467192;2022-08-10;"quarta-feira";"18:40:00";"SP";116;275;"EMBU DAS ARTES";"Trafegar com motocicleta (ou similar) entre as faixas";"Colisão traseira";"Com Vítimas Feridas";"Plena Noite";"Decrescente";"Garoa/Chuvisco";"Dupla";"Reta";"Sim";3;0;1;0;2;0;1;3;-23,63638826;-46,83251584;"SPRF-SP";"DEL04-SP";"UOP01-DEL04-SP"
467193;2022-08-10;"quarta-feira";"18:20:00";"PR";277;725;"FOZ DO IGUACU";"Reação tardia ou ineficiente do condutor";"Saída de leito carroçável";"Com Vítimas Feridas";"Anoitecer";"Crescente";"Céu Claro";"Dupla";"Viaduto";"Sim";1;0;1;0;0;0;1;1;-25,50823541;-54,54619865;"SPRF-PR";"DEL05-PR";"UOP03-DEL05-PR"
467194;2022-08-10;"quarta-feira";"19:15:00";"PR";163;190,4;"SANTA TEREZA DO OESTE";"Animais na Pista";"Atropelamento de Animal";"Com Vítimas Feridas";"Plena Noite";"Decrescente";"Céu Claro";"Dupla";"Reta";"Não";1;0;0;1;0;0;1;1;-25,09439195;-53,59380241;"SPRF-PR";"DEL05-PR";"UOP05-DEL05-PR"
467198;2022-08-10;"quarta-feira";"20:00:00";"RS";116;523,7;"PELOTAS";"Reação tardia ou ineficiente do condutor";"Saída de leito carroçável";"Com Vítimas Feridas";"Plena Noite";"Decrescente";"Céu Claro";"Dupla";"Reta";"Não";1;0;1;0;0;0;1;1;-31,72136584;-52,38140629;"SPRF-RS";"DEL07-RS";"UOP01-DEL07-RS"
467199;2022-08-10;"quarta-feira";"19:15:00";"PE";423;94,9;"GARANHUNS";"Acessar a via sem observar a presença dos outros veículos";"Colisão transversal";"Com Vítimas Feridas";"Plena Noite";"Crescente";"Céu Claro";"Simples";"Interseção de Vias;Reta";"Sim";3;0;1;1;1;0;2;2;-8,87851015;-36,47724867;"SPRF-PE";"DEL03-PE";"UOP01-DEL03-PE"
467201;2022-08-10;"quarta-feira";"19:53:00";"PI";343;295;"ALTOS";"Acesso irregular";"Colisão transversal";"Com Vítimas Feridas";"Plena Noite";"Crescente";"Céu Claro";"Simples";"Curva";"Não";4;0;3;0;1;0;3;2;-4,977479;-42,378742;"SPRF-PI";"DEL01-PI";"UOP03-DEL01-PI"
467204;2022-08-10;"quarta-feira";"20:05:00";"TO";242;367;"GURUPI";"Demais falhas mecânicas ou elétricas";"Incêndio";"Sem Vítimas";"Plena Noite";"Crescente";"Céu Claro";"Simples";"Reta";"Não";1;0;0;0;1;0;0;1;-11,79096983;-48,97402368;"SPRF-TO";"DEL01-TO";"UOP02-DEL01-TO"
467209;2022-08-10;"quarta-feira";"19:45:00";"MG";116;549,7;"SANTA BARBARA DO LESTE";"Velocidade Incompatível";"Colisão com objeto";"Com Vítimas Feridas";"Plena Noite";"Crescente";"Céu Claro";"Simples";"Declive;Curva";"Não";1;0;1;0;0;0;1;1;-19,9558025;-42,13131309;"SPRF-MG";"DEL06-MG";"UOP02-DEL06-MG"
467210;2022-08-10;"quarta-feira";"19:15:00";"RO";364;712;"PORTO VELHO";"Modificação proibida";"Atropelamento de Pedestre";"Com Vítimas Feridas";"Plena Noite";"Crescente";"Céu Claro";"Dupla";"Viaduto";"Sim";3;0;1;0;0;2;1;3;-8,7770354;-63,87316466;"SPRF-RO";"DEL01-RO";"UOP01-DEL01-RO"
467211;2022-08-10;"quarta-feira";"21:36:00";"RN";405;153;"PAU DOS FERROS";"Acessar a via sem observar a presença dos outros veículos";"Colisão transversal";"Com Vítimas Feridas";"Plena Noite";"Decrescente";"Céu Claro";"Simples";"Reta";"Sim";2;0;1;0;1;0;1;2;-6,13258011;-38,20671315;"SPRF-RN";"DEL04-RN";"UOP02-DEL04-RN"
467214;2022-08-10;"quarta-feira";"19:20:00";"PR";277;536,7;"IBEMA";"Manobra de mudança de faixa";"Colisão frontal";"Com Vítimas Fatais";"Plena Noite";"Crescente";"Céu Claro";"Simples";"Reta";"Não";3;1;0;0;2;0;0;2;-25,1114397;-53,0142767;"SPRF-PR";"DEL04-PR";"UOP01-DEL04-PR"
467217;2022-08-04;"quinta-feira";"16:30:00";"SP";381;86,4;"SAO PAULO";"Reação tardia ou ineficiente do condutor";"Colisão com objeto";"Com Vítimas Feridas";"Pleno dia";"Decrescente";"Céu Claro";"Dupla";"Curva";"Sim";1;0;0;1;0;0;1;1;-23,45930499;-46,57161179;"SPRF-SP";"DEL03-SP";"UOP01-DEL03-SP"
467221;2022-08-10;"quarta-feira";"18:20:00";"MG";153;239;"FRONTEIRA";"Ultrapassagem Indevida";"Saída de leito carroçável";"Com Vítimas Feridas";"Plena Noite";"Decrescente";"Céu Claro";"Simples";"Reta";"Sim";5;0;0;5;0;0;5;1;-20,29847332;-49,20614844;"SPRF-MG";"DEL13-MG";"UOP02-DEL13-MG"