"id";"data_inversa";"dia_semana";"horario";"uf";"br";"km";"municipio";"causa_acidente";"tipo_acidente";"classificacao_acidente";"fase_dia";"sentido_via";"condicao_metereologica";"tipo_pista";"tracado_via";"uso_solo";"pessoas";"mortos";"feridos_leves";"feridos_graves";"ilesos";"ignorados";"feridos";"veiculos";"latitude";"longitude";"regional";"delegacia";"uop"
467225;2022-08-10;"quarta-feira";"22:30:00";"RS";116;253,2;"SAPUCAIA DO SUL";"Condutor desrespeitou a iluminação vermelha do semáforo";"Colisão transversal";"Com Vítimas Feridas";"Plena Noite";"Decrescente";"Nublado";"Simples";"Interseção de Vias;Viaduto";"Sim";2;0;1;0;1;0;1;2;-29,81784209;-51,16996166;"SPRF-RS";"DEL01-RS";"UOP02-DEL01-RS"
467227;2022-08-10;"quarta-feira";"23:05:00";"RJ";101;72;"CAMPOS DOS GOYTACAZES";"Ausência de reação do condutor";"Colisão com objeto";"Sem Vítimas";"Plena Noite";"Crescente";"Céu Claro";"Simples";"Curva";"Sim";1;0;0;0;1;0;0;1;-21,79172802;-41,38837798;"SPRF-RJ";"DEL08-RJ";"UOP02-DEL08-RJ"
467228;2022-08-10;"quarta-feira";"21:50:00";"RJ";116;251;"PIRAI";"Obstrução na via";"Colisão com objeto";"Com Vítimas Feridas";"Plena Noite";"Decrescente";"Vento";"Dupla";"Curva";"Sim";5;0;2;0;3;0;2;3;-22,58482223;-43,95961921;"SPRF-RJ";"DEL07-RJ";"UOP01-DEL07-RJ"
467229;2022-08-10;"quarta-feira";"23:10:00";"SP";116;442;"REGISTRO";"Pedestre andava na pista";"Atropelamento de Pedestre";"Com Vítimas Fatais";"Plena Noite";"Crescente";"Nublado";"Dupla";"Reta";"Sim";2;1;0;0;1;0;0;2;-24,47609886;-47,8273532;"SPRF-SP";"DEL05-SP";"UOP01-DEL05-SP"
467232;2022-08-10;"quarta-feira";"12:50:00";"BA";324;517;"FEIRA DE SANTANA";"Reação tardia ou ineficiente do condutor";"Colisão lateral mesmo sentido";"Com Vítimas Feridas";"Pleno dia";"Crescente";"Céu Claro";"Simples";"Interseção de Vias";"Sim";2;0;1;0;0;1;1;2;-12,25714722;-38,93229604;"SPRF-BA";"DEL02-BA";"UOP01-DEL02-BA"
467238;2022-08-11;"quinta-feira";"02:40:00";"RJ";40;104;"DUQUE DE CAXIAS";"Retorno proibido";"Colisão transversal";"Com Vítimas Feridas";"Plena Noite";"Decrescente";"Céu Claro";"Dupla";"Reta";"Não";3;0;1;0;2;0;1;2;-22,62955922;-43,2854569;"SPRF-RJ";"DEL01-RJ";"UOP01-DEL01-RJ"
467239;2022-08-11;"quinta-feira";"03:30:00";"PE";101;70;"RECIFE";"Ausência de reação do condutor";"Colisão traseira";"Sem Vítimas";"Plena Noite";"Crescente";"Céu Claro";"Múltipla";"Interseção de Vias";"Sim";2;0;0;0;1;1;0;2;-8,06776119;-34,94265074;"SPRF-PE";"DEL01-PE";"UOP01-DEL01-PE"
467240;2022-08-11;"quinta-feira";"01:30:00";"SP";116;203;"ARUJA";"Ausência de reação do condutor";"Colisão traseira";"Com Vítimas Feridas";"Plena Noite";"Crescente";"Nublado";"Múltipla";"Reta";"Não";1;0;1;0;0;0;1;1;-23,41060827;-46,34763895;"SPRF-SP";"DEL01-SP";"UOP01-DEL01-SP"
467242;2022-08-11;"quinta-feira";"05:00:00";"PE";408;96,3;"SAO LOURENCO DA MATA";"Demais falhas na via";"Queda de ocupante de veículo";"Com Vítimas Feridas";"Amanhecer";"Crescente";"Céu Claro";"Dupla";"Reta";"Sim";2;0;2;0;0;0;2;1;-8,023569;-35,039838;"SPRF-PE";"DEL01-PE";"UOP01-DEL01-PE"
467243;2022-08-06;"sábado";"10:20:00";"SC";101;319;"PESCARIA BRAVA";"Ingestão de álcool pelo condutor";"Tombamento";"Com Vítimas Feridas";"Pleno dia";"Crescente";"Sol";"Dupla";"Reta";"Sim";1;0;1;0;0;0;1;1;-28,42978736;-48,87148792;"SPRF-SC";"DEL02-SC";"UOP01-DEL02-SC"
467244;2022-08-11;"quinta-feira";"05:57:00";"SC";280;28;"ARAQUARI";"Acessar a via sem observar a presença dos outros veículos";"Colisão transversal";"Com Vítimas Feridas";"Pleno dia";"Crescente";"Céu Claro";"Simples";"Reta";"Não";2;0;0;1;1;0;1;2;-26,40450077;-48,74561031;"SPRF-SC";"DEL03-SC";"UOP03-DEL03-SC"
467245;2022-08-11;"quinta-feira";"05:59:00";"GO";60;93,6;"ANAPOLIS";"Reação tardia ou ineficiente do condutor";"Queda de ocupante de veículo";"Com Vítimas Feridas";"Pleno dia";"Crescente";"Céu Claro";"Dupla";"Reta";"Sim";1;0;1;0;0;0;1;1;-16,3538;-48,9268;"SPRF-GO";"DEL02-GO";"UOP01-DEL02-GO"
467246;2022-08-11;"quinta-feira";"06:40:00";"MG";381;484,6;"BETIM";"Velocidade Incompatível";"Tombamento";"Com Vítimas Feridas";"Pleno dia";"Crescente";"Céu Claro";"Dupla";"Reta";"Sim";2;0;2;0;0;0;2;1;-19,95714;-44,09344;"SPRF-MG";"DEL01-MG";"UOP03-DEL01-MG"
467248;2022-08-11;"quinta-feira";"06:45:00";"CE";116;10,3;"FORTALEZA";"Manobra de mudança de faixa";"Colisão lateral mesmo sentido";"Com Vítimas Feridas";"Pleno dia";"Crescente";"Sol";"Dupla";"Reta";"Sim";3;0;1;0;2;0;1;3;-3,83806796;-38,50168532;"SPRF-CE";"DEL01-CE";"UOP02-DEL01-CE"
467249;2022-08-11;"quinta-feira";"06:50:00";"SC";101;35,4;"JOINVILLE";"Objeto estático sobre o leito carroçável";"Queda de ocupante de veículo";"Com Vítimas Feridas";"Amanhecer";"Decrescente";"Céu Claro";"Dupla";"Reta";"Não";1;0;1;0;0;0;1;1;-26,2411301;-48,91227415;"SPRF-SC";"DEL03-SC";"UOP01-DEL03-SC"
467250;2022-08-11;"quinta-feira";"07:30:00";"GO";153;502,6;"GOIANIA";"Ausência de reação do condutor";"Tombamento";"Com Vítimas Feridas";"Pleno dia";"Crescente";"Céu Claro";"Múltipla";"Reta";"Sim";1;0;1;0;0;0;1;1;-16,7287;-49,2424;"SPRF-GO";"DEL01-GO";"UOP01-DEL01-GO"
467253;2022-08-11;"quinta-feira";"06:15:00";"MS";262;384;"TERENOS";"Acessar a via sem observar a presença dos outros veículos";"Atropelamento de Pedestre";"Com Vítimas Feridas";"Pleno dia";"Crescente";"Céu Claro";"Simples";"Interseção de Vias";"Não";2;0;1;0;1;0;1;2;-20,434864;-54,87231;"SPRF-MS";"DEL01-MS";"UOP03-DEL01-MS"
467254;2022-08-11;"quinta-feira";"07:50:00";"ES";101;213,5;"IBIRACU";"Reação tardia ou ineficiente do condutor";"Engavetamento";"Com Vítimas Feridas";"Pleno dia";"Crescente";"Céu Claro";"Simples";"Reta";"Sim";3;0;1;0;2;0;1;3;-19,82352998;-40,36981894;"SPRF-ES";"DEL02-ES";"UOP01-DEL02-ES"
467255;2022-08-11;"quinta-feira";"07:15:00";"RN";304;47,9;"MOSSORO";"Condutor deixou de manter distância do veículo da frente";"Colisão traseira";"Com Vítimas Feridas";"Pleno dia";"Crescente";"Céu Claro";"Dupla";"Reta";"Sim";3;0;1;0;2;0;1;2;-5,22597224;-37,33086797;"SPRF-RN";"DEL04-RN";"UOP01-DEL04-RN"
467257;2022-08-11;"quinta-feira";"08:01:00";"GO";40;19;"LUZIANIA";"Acumulo de óleo sobre o pavimento";"Saída de leito carroçável";"Com Vítimas Feridas";"Pleno dia";"Crescente";"Céu Claro";"Dupla";"Reta";"Sim";2;0;0;1;1;0;1;2;-16,201556;-47,921314;"SPRF-DF";"DEL01-DF";"UOP01-DEL01-DF"
467258;2022-08-11;"quinta-feira";"07:30:00";"PR";369;93;"CORNELIO PROCOPIO";"Reação tardia ou ineficiente do condutor";"Saída de leito carroçável";"Com Vítimas Feridas";"Pleno dia";"Crescente";"Céu Claro";"Dupla";"Curva";"Não";2;0;2;0;0;0;2;1;-23,21175837;-50,66770077;"SPRF-PR";"DEL07-PR";"UOP01-DEL07-PR"
467259;2022-08-11;"quinta-feira";"07:55:00";"RN";304;34;"MOSSORO";"Acessar a via sem observar a presença dos outros veículos";"Colisão lateral mesmo sentido";"Com Vítimas Feridas";"Pleno dia";"Decrescente";"Céu Claro";"Dupla";"Viaduto";"Sim";4;0;1;0;3;0;1;2;-5,15255798;-37,34873808;"SPRF-RN";"DEL04-RN";"UOP02-DEL04-RN"
467260;2022-08-10;"quarta-feira";"16:10:00";"RO";425;75;"NOVA MAMORE";"Reação tardia ou ineficiente do condutor";"Colisão traseira";"Com Vítimas Feridas";"Pleno dia";"Decrescente";"Céu Claro";"Simples";"Reta";"Não";2;0;0;1;0;1;1;2;-10,198424;-65,283051;"SPRF-RO";"DEL01-RO";"UOP03-DEL01-RO"
467261;2022-08-11;"quinta-feira";"06:40:00";"MT";364;397;"CUIABA";"Retorno proibido";"Colisão transversal";"Com Vítimas Feridas";"Pleno dia";"Decrescente";"Céu Claro";"Dupla";"Reta";"Não";2;0;0;1;1;0;1;2;-15,6864248909;-55,9134749503;"SPRF-MT";"DEL01-MT";"UOP02-DEL01-MT"
467262;2022-08-11;"quinta-feira";"08:30:00";"SP";381;70;"MAIRIPORA";"Chuva";"Capotamento";"Sem Vítimas";"Pleno dia";"Decrescente";"Chuva";"Múltipla";"Curva";"Não";1;0;0;0;1;0;0;1;-23,34972978;-46,56070474;"SPRF-SP";"DEL03-SP";"UOP01-DEL03-SP"
467263;2022-08-11;"quinta-feira";"08:30:00";"SC";101;245,5;"PAULO LOPES";"Reação tardia ou ineficiente do condutor";"Saída de leito carroçável";"Com Vítimas Feridas";"Pleno dia";"Crescente";"Céu Claro";"Múltipla";"Reta";"Não";1;0;1;0;0;0;1;1;-27,907062;-48,649548;"SPRF-SC";"DEL02-SC";"UOP03-DEL02-SC"
467267;2022-08-11;"quinta-feira";"06:55:00";"MG";50;67;"UBERLANDIA";"Demais Fenômenos da natureza";"Colisão transversal";"Com Vítimas Feridas";"Pleno dia";"Crescente";"Céu Claro";"Dupla";"Reta;Interseção de Vias;Retorno Regulamentado";"Sim";2;0;1;0;1;0;1;2;-18,87430075;-48,25869083;"SPRF-MG";"DEL15-MG";"UOP02-DEL15-MG"
467268;2022-08-11;"quinta-feira";"07:00:00";"PR";277;78;"CURITIBA";"Trafegar com motocicleta (ou similar) entre as faixas";"Colisão traseira";"Com Vítimas Feridas";"Pleno dia";"Crescente";"Céu Claro";"Dupla";"Reta";"Não";5;0;2;0;3;0;2;2;-25,48225097;-49,19366062;"SPRF-PR";"DEL01-PR";"UOP01-DEL01-PR"
467272;2022-08-11;"quinta-feira";"08:50:00";"RS";158;565,8;"SANTANA DO LIVRAMENTO";"Desrespeitar a preferência no cruzamento";"Colisão transversal";"Com Vítimas Feridas";"Pleno dia";"Crescente";"Nevoeiro/Neblina";"Simples";"Interseção de Vias;Rotatória";"Sim";2;0;1;0;1;0;1;2;-30,87664665;-55,51079929;"SPRF-RS";"DEL11-RS";"UOP01-DEL11-RS"
467274;2022-08-11;"quinta-feira";"08:10:00";"SC";282;615;"MARAVILHA";"Demais Fenômenos da natureza";"Colisão traseira";"Com Vítimas Feridas";"Pleno dia";"Crescente";"Céu Claro";"Simples";"Curva";"Não";3;0;1;0;2;0;1;2;-26,774349;-53,271767;"SPRF-SC";"DEL07-SC";"UOP02-DEL07-SC"
467275;2022-08-11;"quinta-feira";"08:40:00";"RJ";40;105;"DUQUE DE CAXIAS";"Ultrapassagem Indevida";"Colisão lateral sentido oposto";"Com Vítimas Feridas";"Pleno dia";"Decrescente";"Céu Claro";"Simples";"Interseção de Vias";"Não";2;0;1;0;1;0;1;2;-22,63784806;-43,28428824;"SPRF-RJ";"DEL01-RJ";"UOP01-DEL01-RJ"
467277;2022-07-02;"sábado";"21:40:00";"MG";116;612;"ORIZANIA";"Reação tardia ou ineficiente do condutor";"Queda de ocupante de veículo";"Com Vítimas Feridas";"Plena Noite";"Crescente";"Ignorado";"Simples";"Reta";"Não";4;0;1;1;0;2;2;2;-20,52070883;-42,19768259;"SPRF-MG";"DEL07-MG";"UOP03-DEL07-MG"
467278;2022-08-11;"quinta-feira";"07:40:00";"RO";319;64;"PORTO VELHO";"Desrespeitar a preferência no cruzamento";"Colisão transversal";"Com Vítimas Feridas";"Pleno dia";"Decrescente";"Céu Claro";"Múltipla";"Reta";"Sim";3;0;1;1;1;0;2;2;-8,76601024;-63,88416231;"SPRF-RO";"DEL01-RO";"UOP01-DEL01-RO"
467279;2022-05-07;"sábado";"19:38:00";"PB";101;65,8;"SANTA RITA";"Reação tardia ou ineficiente do condutor";"Saída de leito carroçável";"Com Vítimas Feridas";"Plena Noite";"Crescente";"Nublado";"Dupla";"Reta";"Não";3;0;2;0;1;0;2;1;-7,04696143;-35,04501919;"SPRF-PB";"DEL01-PB";"UOP04-DEL01-PB"
467280;2022-08-11;"quinta-feira";"09:20:00";"ES";262;147,8;"IBATIBA";"Transitar na contramão";"Colisão lateral sentido oposto";"Com Vítimas Fatais";"Pleno dia";"Decrescente";"Céu Claro";"Dupla";"Reta";"Não";2;1;0;0;1;0;0;2;-20,22096685;-41,41902406;"SPRF-ES";"DEL01-ES";"UOP02-DEL01-ES"
467281;2022-08-11;"quinta-feira";"08:30:00";"PR";116;1;"CAMPINA GRANDE DO SUL";"Pista Escorregadia";"Tombamento";"Com Vítimas Feridas";"Pleno dia";"Crescente";"Garoa/Chuvisco";"Dupla";"Declive;Curva";"Não";1;0;1;0;0;0;1;1;-25,06368403;-48,57051896;"SPRF-PR";"DEL01-PR";"UOP02-DEL01-PR"
467282;2022-08-11;"quinta-feira";"07:40:00";"RJ";116;208;"SEROPEDICA";"Pedestre cruzava a pista fora da faixa";"Atropelamento de Pedestre";"Com Vítimas Feridas";"Pleno dia";"Crescente";"Céu Claro";"Simples";"Reta";"Sim";2;0;1;0;1;0;1;2;-22,72297475;-43,67131596;"SPRF-RJ";"DEL01-RJ";"UOP03-DEL01-RJ"
467283;2022-07-20;"quarta-feira";"16:15:00";"MG";381;846,4;"POUSO ALEGRE";"Demais falhas mecânicas ou elétricas";"Incêndio";"Sem Vítimas";"Pleno dia";"Decrescente";"Céu Claro";"Dupla";"Aclive;Curva";"Não";3;0;0;0;0;3;0;2;-22,2442938;-45,88357198;"SPRF-MG";"DEL16-MG";"UOP01-DEL16-MG"
467284;2022-08-11;"quinta-feira";"07:20:00";"CE";116;2;"FORTALEZA";"Ausência de reação do condutor";"Colisão traseira";"Sem Vítimas";"Pleno dia";"Decrescente";"Céu Claro";"Múltipla";"Reta";"Sim";2;0;0;0;2;0;0;2;-3,77163475;-38,51663947;"SPRF-CE";"DEL01-CE";"UOP02-DEL01-CE"
467287;2022-08-11;"quinta-feira";"08:00:00";"PA";230;110;"MARABA";"Condutor deixou de manter distância do veículo da frente";"Colisão lateral mesmo sentido";"Com Vítimas Feridas";"Pleno dia";"Decrescente";"Céu Claro";"Simples";"Reta";"Sim";3;0;3;0;0;0;3;2;-5,37342727;-49,03126806;"SPRF-PA";"DEL03-PA";"UOP01-DEL03-PA"
467289;2022-08-11;"quinta-feira";"09:30:00";"RJ";493;90;"SEROPEDICA";"Condutor Dormindo";"Saída de leito carroçável";"Com Vítimas Feridas";"Pleno dia";"Crescente";"Céu Claro";"Dupla";"Reta";"Não";3;0;3;0;0;0;3;1;-22,7245738;-43,71219635;"SPRF-RJ";"DEL03-RJ";"UOP01-DEL03-RJ"
467290;2022-08-11;"quinta-feira";"09:50:00";"BA";116;786,1;"PLANALTO";"Ausência de reação do condutor";"Queda de ocupante de veículo";"Com Vítimas Feridas";"Pleno dia";"Crescente";"Céu Claro";"Simples";"Reta";"Não";1;0;1;0;0;0;1;1;-14,67150607;-40,48107499;"SPRF-BA";"DEL08-BA";"UOP02-DEL08-BA"
467291;2022-08-11;"quinta-feira";"09:15:00";"SC";470;161,9;"TROMBUDO CENTRAL";"Ingestão de álcool pelo condutor";"Saída de leito carroçável";"Com Vítimas Feridas";"Pleno dia";"Decrescente";"Nublado";"Simples";"Curva;Declive";"Não";1;0;1;0;0;0;1;1;-27,285444;-49,807579;"SPRF-SC";"DEL04-SC";"UOP02-DEL04-SC"
467292;2022-08-11;"quinta-feira";"07:40:00";"DF";0;0;"BRASILIA";"Manobra de mudança de faixa";"Colisão traseira";"Com Vítimas Feridas";"Pleno dia";"Não Informado";"Céu Claro";"Simples";"Aclive";"Sim";2;0;1;0;1;0;1;2;-15,79234084;-47,88381994;"N/A";"N/A";"N/A"
467293;2022-08-11;"quinta-feira";"10:30:00";"RS";153;49;"ERECHIM";"Manobra de mudança de faixa";"Colisão traseira";"Com Vítimas Feridas";"Pleno dia";"Decrescente";"Céu Claro";"Simples";"Interseção de Vias";"Sim";2;0;1;0;0;1;1;2;-27,65388764;-52,26092737;"SPRF-RS";"DEL08-RS";"UOP04-DEL08-RS"
467294;2022-08-03;"quarta-feira";"07:40:00";"PR";0;0;"LONDRINA";"Pista Escorregadia";"Queda de ocupante de veículo";"Com Vítimas Feridas";"Pleno dia";"Não Informado";"Céu Claro";"Simples";"Interseção de Vias";"Sim";1;0;0;1;0;0;1;1;-23,29332519;-51,14596546;"SPRF-PR";"DEL07-PR";"UOP01-DEL07-PR"
467299;2022-08-02;"terça-feira";"14:30:00";"RN";101;94;"NATAL";"Velocidade Incompatível";"Colisão traseira";"Com Vítimas Feridas";"Pleno dia";"Decrescente";"Céu Claro";"Dupla";"Reta";"Sim";4;0;1;0;3;0;1;2;-5,83176615;-35,21191342;"SPRF-RN";"DEL01-RN";"UOP01-DEL01-RN"
467302;2022-08-11;"quinta-feira";"13:10:00";"PE";232;91,1;"SAIRE";"Transitar no acostamento";"Colisão traseira";"Com Vítimas Feridas";"Pleno dia";"Crescente";"Sol";"Dupla";"Reta";"Não";2;0;0;1;1;0;1;2;-8,21834835;-35,66463196;"SPRF-PE";"DEL02-PE";"UOP02-DEL02PE"
467303;2022-08-06;"sábado";"00:58:00";"RS";386;156;"ALMIRANTE TAMANDARE DO SUL";"Reação tardia ou ineficiente do condutor";"Colisão lateral sentido oposto";"Com Vítimas Feridas";"Plena Noite";"Decrescente";"Céu Claro";"Simples";"Reta";"Não";4;0;1;0;3;0;1;2;-28,125227;-52,849892;"SPRF-RS";"DEL08-RS";"UOP01-DEL08-RS"
467305;2022-02-25;"sexta-feira";"17:50:00";"MG";381;360;"JOAO MONLEVADE";"Acessar a via sem observar a presença dos outros veículos";"Colisão transversal";"Com Vítimas Feridas";"Anoitecer";"Crescente";"Céu Claro";"Simples";"Reta";"Sim";2;0;1;0;1;0;1;2;-19,8410986;-43,19886446;"SPRF-MG";"DEL03-MG";"UOP01-DEL03-MG"
467306;2022-08-11;"quinta-feira";"12:05:00";"PI";316;12,5;"TERESINA";"Ingestão de álcool pelo condutor";"Colisão com objeto";"Com Vítimas Feridas";"Pleno dia";"Decrescente";"Sol";"Múltipla";"Reta";"Não";1;0;1;0;0;0;1;1;-5,20064401;-42,75799889;"SPRF-PI";"DEL01-PI";"UOP02-DEL01-PI"
467307;2022-08-11;"quinta-feira";"11:30:00";"PR";163;55,5;"PEROLA DOESTE";"Reação tardia ou ineficiente do condutor";"Capotamento";"Com Vítimas Feridas";"Pleno dia";"Decrescente";"Céu Claro";"Simples";"Reta";"Não";1;0;1;0;0;0;1;1;-25,94138215;-53,73032713;"SPRF-PR";"DEL02-PR";"UOP02-DEL02-PR"
467309;2022-08-11;"quinta-feira";"12:15:00";"PE";424;90;"GARANHUNS";"Acessar a via sem observar a presença dos outros veículos";"Colisão transversal";"Com Vítimas Feridas";"Pleno dia";"Crescente";"Céu Claro";"Simples";"Curva";"Sim";3;0;1;1;1;0;2;2;-8,89635706;-36,50157593;"SPRF-PE";"DEL03-PE";"UOP01-DEL03-PE"
467316;2022-08-11;"quinta-feira";"13:50:00";"PB";230;57,2;"CRUZ DO ESPIRITO SANTO";"Ausência de reação do condutor";"Saída de leito carroçável";"Com Vítimas Feridas";"Pleno dia";"Crescente";"Céu Claro";"Dupla";"Declive";"Não";3;0;1;2;0;0;3;1;-7,2028;-35,1125;"SPRF-PB";"DEL01-PB";"UOP03-DEL01-PB"
467318;2022-08-11;"quinta-feira";"14:30:00";"SC";101;123;"ITAJAI";"Condutor deixou de manter distância do veículo da frente";"Colisão traseira";"Com Vítimas Feridas";"Pleno dia";"Decrescente";"Céu Claro";"Dupla";"Reta";"Não";3;0;3;0;0;0;3;2;-26,93668609;-48,69876905;"SPRF-SC";"DEL04-SC";"UOP04-DEL04-SC"
467319;2022-08-11;"quinta-feira";"14:00:00";"PE";232;11;"JABOATAO DOS GUARARAPES";"Acessar a via sem observar a presença dos outros veículos";"Colisão traseira";"Sem Vítimas";"Pleno dia";"Decrescente";"Céu Claro";"Múltipla";"Reta";"Não";3;0;0;0;1;2;0;2;-8,08195464;-34,99545022;"SPRF-PE";"DEL01-PE";"UOP01-DEL01-PE"
467322;2022-08-11;"quinta-feira";"10:20:00";"RN";405;154;"PAU DOS FERROS";"Condutor deixou de manter distância do veículo da frente";"Colisão lateral mesmo sentido";"Sem Vítimas";"Pleno dia";"Crescente";"Céu Claro";"Simples";"Reta";"Não";2;0;0;0;2;0;0;2;-6,14089498;-38,20501841;"SPRF-RN";"DEL04-RN";"UOP02-DEL04-RN"
467325;2022-08-11;"quinta-feira";"14:30:00";"TO";153;248;"COLINAS DO TOCANTINS";"Manobra de mudança de faixa";"Colisão lateral mesmo sentido";"Com Vítimas Feridas";"Pleno dia";"Decrescente";"Céu Claro";"Dupla";"Reta";"Sim";2;0;1;0;1;0;1;2;-8,06220097;-48,46672098;"SPRF-TO";"DEL02-TO";"UOP02-DEL02-TO"
467326;2022-08-06;"sábado";"07:20:00";"MT";364;680;"DIAMANTINO";"Reação tardia ou ineficiente do condutor";"Colisão traseira";"Com Vítimas Feridas";"Pleno dia";"Decrescente";"Céu Claro";"Simples";"Reta";"Não";3;0;3;0;0;0;3;2;-14,164263;-57,110653;"SPRF-MT";"DEL01-MT";"UOP01-DEL01-MT"
467328;2022-08-11;"quinta-feira";"11:50:00";"RS";386;90,7;"SAGRADA FAMILIA";"Velocidade Incompatível";"Saída de leito carroçável";"Com Vítimas Feridas";"Pleno dia";"Crescente";"Céu Claro";"Simples";"Declive;Curva";"Não";1;0;1;0;0;0;1;1;-27,742287;-53,18478;"SPRF-RS";"DEL08-RS";"UOP01-DEL08-RS"
467329;2022-08-11;"quinta-feira";"13:20:00";"RO";364;308,5;"PRESIDENTE MEDICI";"Desrespeitar a preferência no cruzamento";"Colisão transversal";"Com Vítimas Feridas";"Pleno dia";"Decrescente";"Céu Claro";"Simples";"Reta";"Sim";2;0;0;1;1;0;1;2;-11,172427;-61,901573;"SPRF-RO";"DEL02-RO";"UOP01-DEL02-RO"
467331;2022-08-11;"quinta-feira";"12:30:00";"MS";163;478,7;"CAMPO GRANDE";"Reação tardia ou ineficiente do condutor";"Tombamento";"Com Vítimas Feridas";"Pleno dia";"Decrescente";"Sol";"Simples";"Reta";"Não";1;0;1;0;0;0;1;1;-20,49629699;-54,55916871;"SPRF-MS";"DEL01-MS";"UOP01-DEL01-MS"
467332;2022-07-01;"sexta-feira";"15:40:00";"BA";135;266;"SAO DESIDERIO";"Ausência de reação do condutor";"Saída de leito carroçável";"Com Vítimas Feridas";"Pleno dia";"Crescente";"Céu Claro";"Simples";"Curva";"Não";1;0;1;0;0;0;1;1;-12,7061066;-44,7011087;"SPRF-BA";"DEL10-BA";"UOP01-DEL10-BA"
467337;2022-08-11;"quinta-feira";"15:30:00";"RJ";393;282;"VOLTA REDONDA";"Retorno proibido";"Colisão transversal";"Com Vítimas Feridas";"Pleno dia";"Decrescente";"Céu Claro";"Simples";"Reta";"Sim";2;0;0;1;1;0;1;2;-22,48081748;-44,06305075;"SPRF-RJ";"DEL05-RJ";"UOP04-DEL05-RJ"
467339;2022-07-10;"domingo";"18:45:00";"RS";116;243;"SAO LEOPOLDO";"Condutor deixou de manter distância do veículo da frente";"Colisão traseira";"Sem Vítimas";"Anoitecer";"Crescente";"Nublado";"Dupla";"Interseção de Vias";"Sim";4;0;0;0;3;1;0;2;-29,73196199;-51,14952004;"SPRF-RS";"DEL01-RS";"UOP02-DEL01-RS"
467340;2022-08-11;"quinta-feira";"14:25:00";"SP";116;481;"JACUPIRANGA";"Demais falhas mecânicas ou elétricas";"Saída de leito carroçável";"Com Vítimas Feridas";"Pleno dia";"Decrescente";"Céu Claro";"Dupla";"Reta";"Não";2;0;2;0;0;0;2;1;-24,71686773;-48,03567012;"SPRF-SP";"DEL05-SP";"UOP01-DEL05-SP"
467343;2022-08-11;"quinta-feira";"15:20:00";"RJ";101;35;"CAMPOS DOS GOYTACAZES";"Ausência de reação do condutor";"Saída de leito carroçável";"Sem Vítimas";"Pleno dia";"Crescente";"Sol";"Simples";"Aclive";"Não";1;0;0;0;1;0;0;1;-21,50796231;-41,33679556;"SPRF-RJ";"DEL08-RJ";"UOP01-DEL08-RJ"
467344;2022-08-11;"quinta-feira";"15:10:00";"PR";376;149,8;"PRESIDENTE CASTELO BRANCO";"Reação tardia ou ineficiente do condutor";"Colisão com objeto";"Com Vítimas Fatais";"Pleno dia";"Crescente";"Céu Claro";"Dupla";"Curva;Retorno Regulamentado";"Não";1;1;0;0;0;0;0;1;-23,29524677;-52,12024033;"SPRF-PR";"DEL09-PR";"UOP01-DEL09-PR"
467346;2022-08-11;"quinta-feira";"15:15:00";"SC";101;206,2;"SAO JOSE";"Condutor deixou de manter distância do veículo da frente";"Colisão traseira";"Com Vítimas Feridas";"Pleno dia";"Crescente";"Nublado";"Múltipla";"Reta";"Sim";2;0;1;0;1;0;1;2;-27,59193546;-48,61824557;"SPRF-SC";"DEL01-SC";"UOP01-DEL01-SC"
467349;2022-08-11;"quinta-feira";"17:10:00";"RN";110;47,8;"MOSSORO";"Manobra de mudança de faixa";"Colisão transversal";"Com Vítimas Feridas";"Anoitecer";"Decrescente";"Céu Claro";"Simples";"Reta";"Sim";2;0;1;0;0;1;1;2;-5,20338376;-37,32563418;"SPRF-RN";"DEL04-RN";"UOP01-DEL04-RN"
467350;2022-08-11;"quinta-feira";"16:50:00";"PE";428;183;"PETROLINA";"Ultrapassagem Indevida";"Colisão lateral mesmo sentido";"Com Vítimas Feridas";"Pleno dia";"Crescente";"Céu Claro";"Simples";"Reta";"Sim";2;0;1;0;1;0;1;2;-9,32412987;-40,46211325;"SPRF-PE";"DEL06-PE";"UOP01-DEL06-PE"
467353;2022-08-11;"quinta-feira";"17:20:00";"RS";470;175,9;"VERANOPOLIS";"Acessar a via sem observar a presença dos outros veículos";"Colisão transversal";"Com Vítimas Feridas";"Pleno dia";"Decrescente";"Céu Claro";"Simples";"Rotatória;Retorno Regulamentado";"Sim";3;0;0;1;2;0;1;2;-28,926674;-51,54147863;"SPRF-RS";"DEL06-RS";"UOP02-DEL06-RS"
467354;2022-08-11;"quinta-feira";"18:00:00";"SP";116;113;"TAUBATE";"Avarias e/ou desgaste excessivo no pneu";"Queda de ocupante de veículo";"Com Vítimas Feridas";"Plena Noite";"Crescente";"Nublado";"Dupla";"Reta";"Sim";1;0;1;0;0;0;1;1;-23,0440828;-45,58041405;"SPRF-SP";"DEL02-SP";"UOP02-DEL02-SP"
467356;2022-08-11;"quinta-feira";"10:40:00";"MS";163;21,4;"MUNDO NOVO";"Ausência de reação do condutor";"Colisão com objeto";"Sem Vítimas";"Pleno dia";"Decrescente";"Céu Claro";"Simples";"Aclive";"Não";1;0;0;0;1;0;0;1;-23,91837576;-54,2894369;"SPRF-MS";"DEL09-MS";"UOP02-DEL09-MS"