"id";"data_inversa";"dia_semana";"horario";"uf";"br";"km";"municipio";"causa_acidente";"tipo_acidente";"classificacao_acidente";"fase_dia";"sentido_via";"condicao_metereologica";"tipo_pista";"tracado_via";"uso_solo";"pessoas";"mortos";"feridos_leves";"feridos_graves";"ilesos";"ignorados";"feridos";"veiculos";"latitude";"longitude";"regional";"delegacia";"uop"
467357;2022-08-11;"quinta-feira";"17:30:00";"BA";116;827;"VITORIA DA CONQUISTA";"Ultrapassagem Indevida";"Colisão lateral mesmo sentido";"Com Vítimas Feridas";"Anoitecer";"Crescente";"Céu Claro";"Simples";"Interseção de Vias";"Sim";2;0;0;1;1;0;1;2;-14,88846652;-40,86089592;"SPRF-BA";"DEL08-BA";"UOP01-DEL08-BA"
467359;2022-08-11;"quinta-feira";"18:00:00";"MG";116;704,6;"MURIAE";"Condutor deixou de manter distância do veículo da frente";"Colisão traseira";"Com Vítimas Feridas";"Anoitecer";"Decrescente";"Nublado";"Simples";"Interseção de Vias";"Sim";2;0;1;0;1;0;1;2;-21,12503431;-42,38161867;"SPRF-MG";"DEL07-MG";"UOP02-DEL07-MG"
467360;2022-08-11;"quinta-feira";"15:45:00";"TO";153;789;"TALISMA";"Acessar a via sem observar a presença dos outros veículos";"Saída de leito carroçável";"Com Vítimas Feridas";"Pleno dia";"Decrescente";"Céu Claro";"Simples";"Declive;Reta";"Não";6;0;5;0;1;0;5;2;-12,71914102;-49,07691189;"SPRF-TO";"DEL01-TO";"UOP02-DEL01-TO"
467361;2022-08-11;"quinta-feira";"18:25:00";"MG";116;704,6;"MURIAE";"Reação tardia ou ineficiente do condutor";"Colisão traseira";"Com Vítimas Feridas";"Anoitecer";"Decrescente";"Nublado";"Simples";"Interseção de Vias";"Sim";2;0;0;1;1;0;1;2;-21,13416858;-42,38722798;"SPRF-MG";"DEL07-MG";"UOP02-DEL07-MG"
467362;2022-08-11;"quinta-feira";"17:00:00";"MT";364;494;"JANGADA";"Pedestre cruzava a pista fora da faixa";"Atropelamento de Pedestre";"Com Vítimas Feridas";"Pleno dia";"Crescente";"Céu Claro";"Simples";"Reta";"Sim";2;0;1;0;1;0;1;2;-15,29227197;-56,43455719;"SPRF-MT";"DEL01-MT";"UOP02-DEL01-MT"
467363;2022-08-11;"quinta-feira";"14:00:00";"RJ";465;5;"SEROPEDICA";"Acessar a via sem observar a presença dos outros veículos";"Colisão transversal";"Com Vítimas Feridas";"Pleno dia";"Crescente";"Nublado";"Dupla";"Reta";"Não";2;0;1;0;1;0;1;2;-22,747673;-43,699196;"SPRF-RJ";"DEL01-RJ";"UOP03-DEL01-RJ"
467365;2022-08-11;"quinta-feira";"17:50:00";"SC";282;406;"CATANDUVAS";"Condutor deixou de manter distância do veículo da frente";"Engavetamento";"Com Vítimas Feridas";"Anoitecer";"Crescente";"Céu Claro";"Simples";"Reta";"Não";7;0;1;0;6;0;1;3;-27,092703;-51,659904;"SPRF-SC";"DEL07-SC";"UOP05-DEL07-SC"
467366;2022-08-11;"quinta-feira";"18:30:00";"PR";277;36;"MORRETES";"Ausência de reação do condutor";"Colisão com objeto";"Com Vítimas Feridas";"Plena Noite";"Decrescente";"Garoa/Chuvisco";"Dupla";"Curva";"Não";2;0;2;0;0;0;2;1;-25,57501719;-48,8505511;"SPRF-PR";"DEL01-PR";"UOP05-DEL01-PR"
467368;2022-08-11;"quinta-feira";"17:15:00";"DF";70;15,2;"BRASILIA";"Velocidade Incompatível";"Capotamento";"Sem Vítimas";"Pleno dia";"Crescente";"Sol";"Dupla";"Reta;Declive";"Não";1;0;0;0;1;0;0;1;-15,79850361;-48,18668257;"SPRF-DF";"DEL03-DF";"UOP02-DEL03-DF"
467369;2022-08-11;"quinta-feira";"17:26:00";"SC";101;127;"BALNEARIO CAMBORIU";"Manobra de mudança de faixa";"Colisão lateral mesmo sentido";"Com Vítimas Feridas";"Anoitecer";"Decrescente";"Nublado";"Dupla";"Reta";"Não";2;0;1;0;1;0;1;2;-26,9639319;-48,68328024;"SPRF-SC";"DEL04-SC";"UOP04-DEL04-SC"
467370;2022-08-11;"quinta-feira";"17:45:00";"RN";101;102;"PARNAMIRIM";"Ingestão de álcool pelo condutor";"Colisão traseira";"Com Vítimas Feridas";"Plena Noite";"Crescente";"Céu Claro";"Múltipla";"Reta";"Sim";5;0;1;0;4;0;1;2;-5,88858217;-35,24018997;"SPRF-RN";"DEL01-RN";"UOP01-DEL01-RN"
467373;2022-08-11;"quinta-feira";"16:20:00";"SC";101;109;"PENHA";"Condutor deixou de manter distância do veículo da frente";"Colisão traseira";"Com Vítimas Feridas";"Pleno dia";"Decrescente";"Nublado";"Dupla";"Reta";"Não";2;0;1;0;1;0;1;2;-26,8333519;-48,69632106;"SPRF-SC";"DEL03-SC";"UOP02-DEL03-SC"
467374;2022-08-11;"quinta-feira";"18:58:00";"ES";101;211;"IBIRACU";"Animais na Pista";"Atropelamento de Animal";"Com Vítimas Feridas";"Amanhecer";"Crescente";"Céu Claro";"Simples";"Reta";"Sim";1;0;1;0;0;0;1;1;-19,80700903;-40,36767233;"SPRF-ES";"DEL02-ES";"UOP01-DEL02-ES"
467376;2022-06-08;"quarta-feira";"15:00:00";"MG";40;524,5;"CONTAGEM";"Acessar a via sem observar a presença dos outros veículos";"Atropelamento de Pedestre";"Com Vítimas Feridas";"Pleno dia";"Crescente";"Céu Claro";"Dupla";"Reta";"Sim";2;0;0;1;1;0;1;2;-19,8754469;-44,05345586;"SPRF-MG";"DEL01-MG";"UOP02-DEL01-MG"
467378;2022-08-06;"sábado";"06:30:00";"PR";467;78,9;"CASCAVEL";"Ausência de reação do condutor";"Saída de leito carroçável";"Com Vítimas Feridas";"Amanhecer";"Crescente";"Nublado";"Dupla";"Curva";"Não";2;0;1;0;1;0;1;2;-24,7746713;-53,6837069;"SPRF-PR";"DEL04-PR";"UOP01-DEL04-PR"
467380;2022-08-11;"quinta-feira";"18:00:00";"SC";101;30;"JOINVILLE";"Reação tardia ou ineficiente do condutor";"Engavetamento";"Com Vítimas Feridas";"Plena Noite";"Crescente";"Chuva";"Dupla";"Reta;Declive";"Sim";32;0;3;0;29;0;3;7;-26,216931;-48,91612807;"SPRF-SC";"DEL03-SC";"UOP01-DEL03-SC"
467381;2022-08-11;"quinta-feira";"15:10:00";"RS";290;346;"SAO SEPE";"Demais falhas mecânicas ou elétricas";"Incêndio";"Sem Vítimas";"Pleno dia";"Crescente";"Sol";"Simples";"Aclive;Reta";"Não";1;0;0;0;1;0;0;1;-30,361301;-53,635078;"SPRF-RS";"DEL09-RS";"UOP02-DEL09-RS"
467382;2022-08-11;"quinta-feira";"18:05:00";"MS";163;19,5;"MUNDO NOVO";"Acessar a via sem observar a presença dos outros veículos";"Colisão transversal";"Com Vítimas Feridas";"Anoitecer";"Crescente";"Ignorado";"Simples";"Declive";"Sim";3;0;0;1;0;2;1;3;-23,93343598;-54,28168073;"SPRF-MS";"DEL09-MS";"UOP02-DEL09-MS"
467383;2022-08-11;"quinta-feira";"19:05:00";"PE";232;508;"SALGUEIRO";"Ingestão de álcool pelo condutor";"Atropelamento de Pedestre";"Com Vítimas Feridas";"Plena Noite";"Decrescente";"Céu Claro";"Simples";"Reta";"Sim";2;0;0;2;0;0;2;2;-8,06223271;-39,12095006;"SPRF-PE";"DEL05-PE";"UOP01-DEL05-PE"
467384;2022-08-11;"quinta-feira";"18:30:00";"SE";101;181;"UMBAUBA";"Acessar a via sem observar a presença dos outros veículos";"Colisão transversal";"Com Vítimas Feridas";"Plena Noite";"Decrescente";"Céu Claro";"Simples";"Reta";"Sim";2;0;0;1;1;0;1;2;-11,36953782;-37,64908969;"SPRF-SE";"DEL02-SE";"UOP03-DEL02-SE"
467385;2022-08-11;"quinta-feira";"19:43:00";"PA";230;121;"MARABA";"Condutor deixou de manter distância do veículo da frente";"Colisão traseira";"Com Vítimas Feridas";"Plena Noite";"Decrescente";"Céu Claro";"Simples";"Reta";"Sim";3;0;1;0;1;1;1;3;-5,35297407;-49,12143673;"SPRF-PA";"DEL03-PA";"UOP01-DEL03-PA"
467386;2022-08-11;"quinta-feira";"18:10:00";"PI";343;263,1;"CAMPO MAIOR";"Acessar a via sem observar a presença dos outros veículos";"Colisão transversal";"Com Vítimas Feridas";"Anoitecer";"Crescente";"Céu Claro";"Simples";"Reta";"Sim";3;0;0;2;0;1;2;2;-4,819326;-42,158821;"SPRF-PI";"DEL01-PI";"UOP03-DEL01-PI"
467389;2022-08-11;"quinta-feira";"19:26:00";"DF";20;21;"BRASILIA";"Manobra de mudança de faixa";"Colisão lateral mesmo sentido";"Com Vítimas Feridas";"Plena Noite";"Crescente";"Céu Claro";"Dupla";"Reta";"Sim";2;0;1;0;1;0;1;2;-15,603384;-47,684692;"SPRF-DF";"DEL02-DF";"UOP01-DEL02-DF"
467390;2022-08-11;"quinta-feira";"19:20:00";"SC";101;220;"PALHOCA";"Reação tardia ou ineficiente do condutor";"Colisão lateral mesmo sentido";"Com Vítimas Feridas";"Plena Noite";"Crescente";"Céu Claro";"Dupla";"Reta";"Não";2;0;1;0;1;0;1;2;-27,69198941;-48,66368358;"SPRF-SC";"DEL01-SC";"UOP02-DEL01-SC"
467391;2022-08-11;"quinta-feira";"19:00:00";"MG";381;708,2;"NEPOMUCENO";"Acessar a via sem observar a presença dos outros veículos";"Colisão com objeto";"Com Vítimas Feridas";"Plena Noite";"Decrescente";"Céu Claro";"Dupla";"Declive;Reta";"Não";2;0;1;1;0;0;2;1;-21,370524;-45,188652;"SPRF-MG";"DEL04-MG";"UOP02-DEL04-MG"
467392;2022-08-03;"quarta-feira";"20:00:00";"MG";365;773;"ITUIUTABA";"Ausência de reação do condutor";"Saída de leito carroçável";"Com Vítimas Feridas";"Plena Noite";"Crescente";"Céu Claro";"Dupla";"Reta";"Não";1;0;1;0;0;0;1;1;-18,96011548;-49,64590002;"SPRF-MG";"DEL15-MG";"UOP03-DEL15-MG"
467393;2022-08-11;"quinta-feira";"19:45:00";"RJ";116;175;"NOVA IGUACU";"Reação tardia ou ineficiente do condutor";"Colisão traseira";"Com Vítimas Feridas";"Plena Noite";"Crescente";"Chuva";"Múltipla";"Reta";"Sim";2;0;1;0;1;0;1;2;-22,78923555;-43,37275272;"SPRF-RJ";"DEL01-RJ";"UOP02-DEL01-RJ"
467394;2022-08-11;"quinta-feira";"19:30:00";"MG";116;276,2;"TEOFILO OTONI";"Acessar a via sem observar a presença dos outros veículos";"Colisão transversal";"Com Vítimas Feridas";"Plena Noite";"Decrescente";"Céu Claro";"Dupla";"Rotatória";"Sim";3;0;2;0;0;1;2;2;-17,85215656;-41,51408315;"SPRF-MG";"DEL11-MG";"UOP01-DEL11-MG"
467395;2022-08-11;"quinta-feira";"19:40:00";"RJ";116;181,4;"NOVA IGUACU";"Trafegar com motocicleta (ou similar) entre as faixas";"Colisão lateral mesmo sentido";"Com Vítimas Feridas";"Plena Noite";"Decrescente";"Chuva";"Dupla";"Reta";"Sim";3;0;1;0;2;0;1;2;-22,761312;-43,423492;"SPRF-RJ";"DEL01-RJ";"UOP02-DEL01-RJ"
467396;2022-08-11;"quinta-feira";"20:25:00";"PE";232;509,9;"SALGUEIRO";"Ingestão de álcool pelo condutor";"Colisão lateral sentido oposto";"Com Vítimas Feridas";"Plena Noite";"Crescente";"Céu Claro";"Simples";"Curva";"Sim";2;0;1;0;1;0;1;2;-8,06719355;-39,13454717;"SPRF-PE";"DEL05-PE";"UOP01-DEL05-PE"
467399;2022-08-11;"quinta-feira";"20:45:00";"RN";101;83,8;"NATAL";"Acessar a via sem observar a presença dos outros veículos";"Saída de leito carroçável";"Com Vítimas Feridas";"Plena Noite";"Decrescente";"Céu Claro";"Dupla";"Reta";"Sim";1;0;1;0;0;0;1;1;-5,7710445;-35,26616981;"SPRF-RN";"DEL02-RN";"UOP01-DEL02-RN"
467400;2022-08-11;"quinta-feira";"18:40:00";"SC";101;73,5;"ARAQUARI";"Transitar no acostamento";"Colisão frontal";"Com Vítimas Feridas";"Plena Noite";"Decrescente";"Céu Claro";"Dupla";"Reta";"Sim";2;0;0;1;1;0;1;2;-26,53620765;-48,71294975;"SPRF-SC";"DEL03-SC";"UOP02-DEL03-SC"
467401;2022-08-11;"quinta-feira";"21:15:00";"RS";116;238;"NOVO HAMBURGO";"Acessar a via sem observar a presença dos outros veículos";"Colisão traseira";"Com Vítimas Feridas";"Plena Noite";"Decrescente";"Céu Claro";"Dupla";"Reta";"Sim";2;0;1;0;1;0;1;2;-29,68739789;-51,14197352;"SPRF-RS";"DEL01-RS";"UOP02-DEL01-RS"
467402;2022-08-11;"quinta-feira";"17:45:00";"RJ";393;237;"VASSOURAS";"Acessar a via sem observar a presença dos outros veículos";"Colisão transversal";"Com Vítimas Feridas";"Anoitecer";"Crescente";"Nublado";"Simples";"Reta";"Sim";3;0;2;1;0;0;3;2;-22,39566493;-43,65681106;"SPRF-RJ";"DEL05-RJ";"UOP03-DEL05-RJ"
467404;2022-08-11;"quinta-feira";"20:45:00";"AL";104;74;"MESSIAS";"Mal súbito do condutor";"Saída de leito carroçável";"Com Vítimas Feridas";"Plena Noite";"Crescente";"Céu Claro";"Simples";"Reta";"Não";2;0;1;0;1;0;1;1;-9,3682254;-35,83573003;"SPRF-AL";"DEL01-AL";"UOP02-DEL01-AL"
467405;2022-08-11;"quinta-feira";"20:27:00";"RJ";101;321;"NITEROI";"Transitar no acostamento";"Colisão lateral mesmo sentido";"Sem Vítimas";"Pleno dia";"Decrescente";"Chuva";"Dupla";"Curva";"Sim";4;0;0;0;4;0;0;4;-22,86981096;-43,11046465;"SPRF-RJ";"DEL02-RJ";"UOP01-DEL02-RJ"
467406;2022-08-11;"quinta-feira";"22:00:00";"MG";381;521,5;"BRUMADINHO";"Velocidade Incompatível";"Saída de leito carroçável";"Com Vítimas Feridas";"Plena Noite";"Decrescente";"Céu Claro";"Dupla";"Curva";"Não";1;0;1;0;0;0;1;1;-20,121759;-44,300833;"SPRF-MG";"DEL04-MG";"UOP03-DEL04-MG"
467408;2022-08-11;"quinta-feira";"21:30:00";"PR";116;60;"QUATRO BARRAS";"Ingestão de álcool pelo condutor";"Saída de leito carroçável";"Sem Vítimas";"Plena Noite";"Decrescente";"Garoa/Chuvisco";"Dupla";"Curva";"Não";1;0;0;0;1;0;0;1;-25,30439971;-48,95340995;"SPRF-PR";"DEL01-PR";"UOP02-DEL01-PR"
467409;2022-08-11;"quinta-feira";"20:35:00";"SC";282;15,7;"PALHOCA";"Retorno proibido";"Colisão transversal";"Com Vítimas Feridas";"Plena Noite";"Crescente";"Nublado";"Simples";"Interseção de Vias";"Sim";2;0;0;1;1;0;1;2;-27,65740285;-48,68082762;"SPRF-SC";"DEL01-SC";"UOP02-DEL01-SC"
467412;2022-08-11;"quinta-feira";"17:20:00";"RN";405;85;"APODI";"Ausência de reação do condutor";"Saída de leito carroçável";"Sem Vítimas";"Pleno dia";"Decrescente";"Céu Claro";"Simples";"Reta";"Não";1;0;0;0;0;1;0;1;-5,71960112;-37,81724885;"SPRF-RN";"DEL04-RN";"UOP02-DEL04-RN"
467414;2022-08-11;"quinta-feira";"21:35:00";"AP";210;8;"MACAPA";"Frear bruscamente";"Colisão com objeto";"Sem Vítimas";"Plena Noite";"Decrescente";"Ignorado";"Dupla";"Reta";"Sim";1;0;0;0;1;0;0;1;0,1045;-51,126076;"SPRF-AP";"DEL01-AP";"UOP01-DEL01-AP"
467416;2022-08-11;"quinta-feira";"20:30:00";"RJ";40;117;"DUQUE DE CAXIAS";"Manobra de mudança de faixa";"Colisão lateral mesmo sentido";"Com Vítimas Feridas";"Plena Noite";"Crescente";"Nublado";"Múltipla";"Reta";"Sim";2;0;1;0;1;0;1;2;-22,745676;-43,2881;"SPRF-RJ";"DEL01-RJ";"UOP01-DEL01-RJ"
467417;2022-08-11;"quinta-feira";"19:00:00";"AL";101;177;"TEOTONIO VILELA";"Estacionar ou parar em local proibido";"Colisão traseira";"Sem Vítimas";"Plena Noite";"Crescente";"Céu Claro";"Dupla";"Reta";"Não";2;0;0;0;0;2;0;2;-9,88962;-36,382435;"SPRF-AL";"DEL02-AL";"UOP02-DEL02-AL"
467418;2022-08-11;"quinta-feira";"22:20:00";"PR";369;148,8;"LONDRINA";"Ingestão de álcool pelo condutor";"Saída de leito carroçável";"Com Vítimas Feridas";"Plena Noite";"Decrescente";"Nublado";"Dupla";"Aclive;Reta";"Sim";1;0;1;0;0;0;1;1;-23,29305219;-51,14857793;"SPRF-PR";"DEL07-PR";"UOP01-DEL07-PR"
467420;2022-08-11;"quinta-feira";"20:30:00";"GO";153;509,6;"APARECIDA DE GOIANIA";"Avarias e/ou desgaste excessivo no pneu";"Queda de ocupante de veículo";"Com Vítimas Feridas";"Plena Noite";"Crescente";"Céu Claro";"Dupla";"Aclive";"Sim";2;0;1;0;0;1;1;1;-16,7888;-49,2379;"SPRF-GO";"DEL01-GO";"UOP03-DEL01-GO"
467421;2022-08-11;"quinta-feira";"22:05:00";"PR";158;535;"PATO BRANCO";"Ingestão de álcool pelo condutor";"Colisão frontal";"Com Vítimas Feridas";"Plena Noite";"Decrescente";"Céu Claro";"Simples";"Reta";"Sim";3;0;2;0;0;1;2;2;-26,23547098;-52,69066504;"SPRF-PR";"DEL02-PR";"UOP01-DEL02-PR"
467422;2022-08-11;"quinta-feira";"23:10:00";"MG";116;766,2;"LEOPOLDINA";"Reação tardia ou ineficiente do condutor";"Atropelamento de Animal";"Com Vítimas Feridas";"Plena Noite";"Crescente";"Nublado";"Simples";"Reta";"Não";1;0;1;0;0;0;1;1;-21,5271992;-42,65302264;"SPRF-MG";"DEL07-MG";"UOP01-DEL07-MG"
467423;2022-08-11;"quinta-feira";"22:07:00";"AL";416;40;"IBATEGUARA";"Ausência de reação do condutor";"Saída de leito carroçável";"Com Vítimas Fatais";"Plena Noite";"Crescente";"Céu Claro";"Simples";"Curva";"Não";1;1;0;0;0;0;0;1;-8,95431991;-35,87402506;"SPRF-AL";"DEL01-AL";"UOP02-DEL01-AL"
467424;2022-08-11;"quinta-feira";"21:30:00";"PR";376;165,7;"MARINGA";"Pedestre andava na pista";"Atropelamento de Pedestre";"Com Vítimas Fatais";"Plena Noite";"Crescente";"Céu Claro";"Dupla";"Declive;Reta";"Sim";3;1;0;0;1;1;0;2;-23,39038641;-52,01421918;"SPRF-PR";"DEL09-PR";"UOP01-DEL09-PR"
467425;2022-08-11;"quinta-feira";"18:46:00";"PI";316;49;"LAGOA DO PIAUI";"Avarias e/ou desgaste excessivo no pneu";"Colisão frontal";"Com Vítimas Feridas";"Anoitecer";"Decrescente";"Céu Claro";"Simples";"Reta";"Sim";3;0;3;0;0;0;3;2;-5,47548993;-42,63739729;"SPRF-PI";"DEL01-PI";"UOP02-DEL01-PI"
467427;2022-08-11;"quinta-feira";"20:30:00";"RO";364;238;"CACOAL";"Desrespeitar a preferência no cruzamento";"Colisão transversal";"Com Vítimas Feridas";"Plena Noite";"Decrescente";"Céu Claro";"Simples";"Retorno Regulamentado;Reta";"Sim";2;0;0;1;1;0;1;2;-11,437658;-61,456766;"SPRF-RO";"DEL02-RO";"UOP02-DEL02-RO"
467428;2022-08-11;"quinta-feira";"19:10:00";"BA";324;601,7;"SIMOES FILHO";"Ingestão de álcool ou de substâncias psicoativas pelo pedestre";"Atropelamento de Pedestre";"Com Vítimas Fatais";"Plena Noite";"Crescente";"Céu Claro";"Dupla";"Aclive;Reta";"Não";4;1;0;0;3;0;0;2;-12,75619292;-38,42803587;"SPRF-BA";"DEL01-BA";"UOP01-DEL01-BA"
467431;2022-08-12;"sexta-feira";"00:35:00";"SC";101;335,2;"TUBARAO";"Ingestão de álcool pelo condutor";"Colisão com objeto";"Com Vítimas Feridas";"Plena Noite";"Crescente";"Nublado";"Múltipla";"Viaduto;Aclive;Reta";"Sim";2;0;1;0;1;0;1;1;-28,47609475;-49,02926803;"SPRF-SC";"DEL02-SC";"UOP01-DEL02-SC"
467433;2022-08-12;"sexta-feira";"01:48:00";"PB";230;6;"CABEDELO";"Acessar a via sem observar a presença dos outros veículos";"Atropelamento de Pedestre";"Com Vítimas Feridas";"Plena Noite";"Decrescente";"Céu Claro";"Dupla";"Em Obras;Reta";"Sim";2;0;0;1;0;1;1;2;-7,02;-34,8359;"SPRF-PB";"DEL01-PB";"UOP01-DEL01-PB"
467434;2022-08-12;"sexta-feira";"02:45:00";"SP";116;117;"TAUBATE";"Entrada inopinada do pedestre";"Atropelamento de Pedestre";"Com Vítimas Fatais";"Plena Noite";"Decrescente";"Céu Claro";"Dupla";"Reta";"Sim";2;1;0;0;0;1;0;2;-23,0582298;-45,6176951;"SPRF-SP";"DEL02-SP";"UOP02-DEL02-SP"
467436;2022-08-12;"sexta-feira";"02:30:00";"PR";376;189,8;"MARIALVA";"Mal súbito do condutor";"Queda de ocupante de veículo";"Com Vítimas Feridas";"Plena Noite";"Crescente";"Céu Claro";"Dupla";"Reta";"Não";2;0;0;1;1;0;1;2;-23,46982044;-51,82235956;"SPRF-PR";"DEL09-PR";"UOP01-DEL09-PR"
467437;2022-08-12;"sexta-feira";"02:30:00";"MG";262;539,5;"LUZ";"Velocidade Incompatível";"Saída de leito carroçável";"Com Vítimas Feridas";"Plena Noite";"Decrescente";"Céu Claro";"Simples";"Curva";"Não";1;0;1;0;0;0;1;1;-19,75943083;-45,80396694;"SPRF-MG";"DEL08-MG";"UOP02-DEL08-MG"
467439;2022-08-12;"sexta-feira";"01:00:00";"GO";364;20;"SAO SIMAO";"Demais falhas mecânicas ou elétricas";"Incêndio";"Sem Vítimas";"Plena Noite";"Crescente";"Céu Claro";"Simples";"Reta";"Não";2;0;0;0;1;1;0;1;-18,931599;-50,647808;"SPRF-GO";"DEL05-GO";"UOP02-DEL05-GO"
467440;2022-08-11;"quinta-feira";"17:44:00";"TO";153;679;"CARIRI DO TOCANTINS";"Ultrapassagem Indevida";"Colisão lateral mesmo sentido";"Sem Vítimas";"Anoitecer";"Decrescente";"Céu Claro";"Simples";"Reta";"Não";2;0;0;0;0;2;0;2;-11,78176489;-49,11301313;"SPRF-TO";"DEL01-TO";"UOP02-DEL01-TO"
467441;2022-08-12;"sexta-feira";"03:45:00";"PE";232;282;"SERTANIA";"Demais falhas mecânicas ou elétricas";"Incêndio";"Sem Vítimas";"Amanhecer";"Crescente";"Céu Claro";"Simples";"Reta";"Não";1;0;0;0;0;1;0;1;-8,34332584;-37,30756591;"SPRF-PE";"DEL04-PE";"UOP02-DEL04-PE"
467442;2022-08-12;"sexta-feira";"04:12:00";"PE";232;214;"PESQUEIRA";"Pedestre andava na pista";"Atropelamento de Pedestre";"Com Vítimas Fatais";"Plena Noite";"Crescente";"Nevoeiro/Neblina";"Simples";"Reta";"Não";2;1;1;0;0;0;1;2;-8,37328104;-36,71376998;"SPRF-PE";"DEL03-PE";"UOP02-DEL03-PE"
467443;2022-08-12;"sexta-feira";"00:00:00";"MT";163;668;"LUCAS DO RIO VERDE";"Condutor Dormindo";"Saída de leito carroçável";"Sem Vítimas";"Plena Noite";"Decrescente";"Vento";"Simples";"Reta";"Não";5;0;0;0;5;0;0;1;-13,3396959;-56,05511323;"SPRF-MT";"DEL06-MT";"UOP01-DEL06-MT"
467446;2022-08-12;"sexta-feira";"05:22:00";"PR";369;83;"CORNELIO PROCOPIO";"Ingestão de álcool pelo condutor";"Colisão lateral sentido oposto";"Com Vítimas Feridas";"Plena Noite";"Crescente";"Céu Claro";"Simples";"Reta";"Não";2;0;1;0;1;0;1;2;-23,161;-50,608;"SPRF-PR";"DEL07-PR";"UOP01-DEL07-PR"
467447;2022-08-12;"sexta-feira";"05:50:00";"PB";101;122;"CAAPORA";"Acessar a via sem observar a presença dos outros veículos";"Colisão lateral mesmo sentido";"Com Vítimas Feridas";"Pleno dia";"Crescente";"Sol";"Dupla";"Declive;Reta";"Não";2;0;0;1;1;0;1;2;-7,45038197;-34,97994215;"SPRF-PB";"DEL01-PB";"UOP02-DEL01-PB"
467449;2022-08-12;"sexta-feira";"06:35:00";"SC";101;143;"ITAPEMA";"Acessar a via sem observar a presença dos outros veículos";"Colisão lateral mesmo sentido";"Com Vítimas Feridas";"Pleno dia";"Crescente";"Céu Claro";"Dupla";"Reta";"Sim";2;0;0;2;0;0;2;2;-27,06436;-48,59599405;"SPRF-SC";"DEL04-SC";"UOP03-DEL04-SC"
467454;2022-08-12;"sexta-feira";"06:00:00";"SP";116;223;"GUARULHOS";"Ausência de reação do condutor";"Queda de ocupante de veículo";"Com Vítimas Feridas";"Amanhecer";"Crescente";"Céu Claro";"Dupla";"Reta";"Sim";1;0;1;0;0;0;1;1;-23,47559815;-46,5246609;"SPRF-SP";"DEL01-SP";"UOP01-DEL01-SP"
467457;2022-08-11;"quinta-feira";"20:50:00";"MG";381;521;"BRUMADINHO";"Declive acentuado";"Capotamento";"Com Vítimas Feridas";"Plena Noite";"Crescente";"Ignorado";"Dupla";"Declive";"Não";1;0;0;1;0;0;1;1;-20,13846621;-44,31715274;"SPRF-MG";"DEL04-MG";"UOP03-DEL04-MG"
467463;2022-08-12;"sexta-feira";"06:30:00";"PR";476;131,8;"CURITIBA";"Ausência de reação do condutor";"Saída de leito carroçável";"Com Vítimas Feridas";"Pleno dia";"Decrescente";"Céu Claro";"Múltipla";"Reta";"Sim";3;0;3;0;0;0;3;1;-25,45961759;-49,24984217;"SPRF-PR";"DEL01-PR";"UOP03-DEL01-PR"
467466;2022-08-12;"sexta-feira";"06:30:00";"RJ";40;53;"DUQUE DE CAXIAS";"Condutor Dormindo";"Colisão traseira";"Com Vítimas Feridas";"Pleno dia";"Crescente";"Céu Claro";"Dupla";"Reta";"Não";2;0;2;0;0;0;2;2;-22,66977867;-43,31016541;"SPRF-RJ";"DEL05-RJ";"UOP02-DEL05-RJ"
467467;2022-08-12;"sexta-feira";"07:15:00";"GO";153;491;"GOIANIA";"Desrespeitar a preferência no cruzamento";"Colisão transversal";"Com Vítimas Feridas";"Pleno dia";"Crescente";"Céu Claro";"Simples";"Reta";"Sim";2;0;1;0;1;0;1;2;-16,639;-49,2063;"SPRF-GO";"DEL01-GO";"UOP01-DEL01-GO"
467469;2022-08-12;"sexta-feira";"07:30:00";"ES";101;293,8;"CARIACICA";"Trafegar com motocicleta (ou similar) entre as faixas";"Colisão lateral mesmo sentido";"Com Vítimas Feridas";"Pleno dia";"Decrescente";"Céu Claro";"Dupla";"Curva";"Sim";2;0;1;0;1;0;1;2;-20,31526144;-40,39567044;"SPRF-ES";"DEL01-ES";"UOP01-DEL01-ES"
467470;2022-08-12;"sexta-feira";"07:20:00";"GO";40;7;"VALPARAISO DE GOIAS";"Reação tardia ou ineficiente do condutor";"Tombamento";"Com Vítimas Feridas";"Pleno dia";"Decrescente";"Sol";"Dupla";"Reta";"Sim";1;0;1;0;0;0;1;1;-16,10884095;-47,97222203;"SPRF-DF";"DEL01-DF";"UOP01-DEL01-DF"
467471;2022-08-12;"sexta-feira";"07:00:00";"PR";376;168,4;"MARINGA";"Frear bruscamente";"Colisão traseira";"Com Vítimas Feridas";"Pleno dia";"Crescente";"Céu Claro";"Dupla";"Reta";"Sim";2;0;1;0;1;0;1;2;-23,41293401;-51,98354301;"SPRF-PR";"DEL09-PR";"UOP01-DEL09-PR"
467473;2022-08-12;"sexta-feira";"07:20:00";"PE";428;178;"PETROLINA";"Frear bruscamente";"Capotamento";"Com Vítimas Feridas";"Pleno dia";"Crescente";"Céu Claro";"Simples";"Reta";"Não";1;0;1;0;0;0;1;1;-9,2842098;-40,4416324;"SPRF-PE";"DEL06-PE";"UOP01-DEL06-PE"
467474;2022-08-12;"sexta-feira";"08:10:00";"PE";101;56;"PAULISTA";"Ausência de reação do condutor";"Tombamento";"Com Vítimas Feridas";"Pleno dia";"Crescente";"Nublado";"Dupla";"Reta";"Não";1;0;1;0;0;0;1;1;-7,9554509;-34,91140727;"SPRF-PE";"DEL01-PE";"UOP02-DEL01-PE"