"id";"data_inversa";"dia_semana";"horario";"uf";"br";"km";"municipio";"causa_acidente";"tipo_acidente";"classificacao_acidente";"fase_dia";"sentido_via";"condicao_metereologica";"tipo_pista";"tracado_via";"uso_solo";"pessoas";"mortos";"feridos_leves";"feridos_graves";"ilesos";"ignorados";"feridos";"veiculos";"latitude";"longitude";"regional";"delegacia";"uop"
467475;2022-08-12;"sexta-feira";"07:30:00";"DF";70;4;"BRASILIA";"Condutor deixou de manter distância do veículo da frente";"Colisão traseira";"Com Vítimas Feridas";"Pleno dia";"Decrescente";"Céu Claro";"Dupla";"Reta";"Sim";2;0;0;1;1;0;1;2;-15,798115;-48,089317;"SPRF-DF";"DEL03-DF";"UOP02-DEL03-DF"
467476;2022-08-12;"sexta-feira";"08:35:00";"GO";153;504;"GOIANIA";"Condutor deixou de manter distância do veículo da frente";"Colisão traseira";"Com Vítimas Feridas";"Pleno dia";"Decrescente";"Céu Claro";"Dupla";"Reta";"Sim";2;0;1;0;1;0;1;2;-16,7451;-49,2408;"SPRF-GO";"DEL01-GO";"UOP01-DEL01-GO"
467478;2022-08-12;"sexta-feira";"08:10:00";"MG";50;72;"UBERLANDIA";"Reação tardia ou ineficiente do condutor";"Colisão traseira";"Com Vítimas Feridas";"Pleno dia";"Decrescente";"Céu Claro";"Dupla";"Reta";"Sim";2;0;1;0;1;0;1;2;-18,85140204;-48,25345932;"SPRF-MG";"DEL15-MG";"UOP01-DEL15-MG"
467479;2022-08-12;"sexta-feira";"08:20:00";"CE";116;14,5;"FORTALEZA";"Avarias e/ou desgaste excessivo no pneu";"Queda de ocupante de veículo";"Com Vítimas Feridas";"Pleno dia";"Decrescente";"Céu Claro";"Múltipla";"Reta";"Sim";1;0;1;0;0;0;1;1;-3,878294;-38,500384;"SPRF-CE";"DEL01-CE";"UOP02-DEL01-CE"
467481;2022-08-12;"sexta-feira";"07:30:00";"RJ";493;1;"ITABORAI";"Acesso irregular";"Colisão lateral mesmo sentido";"Com Vítimas Feridas";"Pleno dia";"Crescente";"Nublado";"Dupla";"Reta";"Sim";2;0;1;0;1;0;1;2;-22,76398788;-42,92731895;"SPRF-RJ";"DEL02-RJ";"UOP02-DEL02-RJ"
467482;2022-08-12;"sexta-feira";"08:05:00";"RN";406;105;"JOAO CAMARA";"Ingestão de álcool pelo condutor";"Capotamento";"Com Vítimas Fatais";"Plena Noite";"Decrescente";"Céu Claro";"Simples";"Reta";"Não";1;1;0;0;0;0;0;1;-5,54336535;-35,7969128;"SPRF-RN";"DEL02-RN";"UOP01-DEL02-RN"
467483;2022-08-12;"sexta-feira";"08:20:00";"PB";230;152;"CAMPINA GRANDE";"Reação tardia ou ineficiente do condutor";"Saída de leito carroçável";"Com Vítimas Feridas";"Pleno dia";"Crescente";"Céu Claro";"Dupla";"Reta";"Sim";1;0;1;0;0;0;1;1;-7,2688;-35,8837;"SPRF-PB";"DEL02-PB";"UOP01-DEL02-PB"
467485;2022-08-12;"sexta-feira";"07:20:00";"SC";280;25,9;"ARAQUARI";"Acesso irregular";"Colisão transversal";"Com Vítimas Feridas";"Pleno dia";"Crescente";"Nublado";"Simples";"Em Obras";"Sim";2;0;1;0;1;0;1;2;-26,38972308;-48,73411593;"SPRF-SC";"DEL03-SC";"UOP03-DEL03-SC"
467488;2022-08-12;"sexta-feira";"08:30:00";"SP";116;270;"TABOAO DA SERRA";"Manobra de mudança de faixa";"Colisão lateral mesmo sentido";"Com Vítimas Feridas";"Pleno dia";"Decrescente";"Céu Claro";"Dupla";"Reta";"Sim";4;0;1;0;3;0;1;3;-23,60753395;-46,76206291;"SPRF-SP";"DEL04-SP";"UOP01-DEL04-SP"
467490;2022-08-12;"sexta-feira";"08:15:00";"SP";116;450;"REGISTRO";"Ausência de reação do condutor";"Saída de leito carroçável";"Com Vítimas Feridas";"Pleno dia";"Crescente";"Garoa/Chuvisco";"Simples";"Rotatória";"Não";2;0;2;0;0;0;2;1;-24,53728295;-47,85899314;"SPRF-SP";"DEL05-SP";"UOP01-DEL05-SP"
467491;2022-08-12;"sexta-feira";"08:30:00";"SC";282;37,5;"AGUAS MORNAS";"Chuva";"Saída de leito carroçável";"Sem Vítimas";"Pleno dia";"Decrescente";"Chuva";"Simples";"Curva";"Não";2;0;0;0;2;0;0;1;-27,707325;-48,842983;"SPRF-SC";"DEL01-SC";"UOP03-DEL01-SC"
467492;2022-06-14;"terça-feira";"11:40:00";"MG";40;544,3;"NOVA LIMA";"Entrada inopinada do pedestre";"Atropelamento de Pedestre";"Com Vítimas Feridas";"Pleno dia";"Crescente";"Céu Claro";"Dupla";"Reta";"Sim";4;0;0;1;2;1;1;2;-20,00221808;-43,96515196;"SPRF-MG";"DEL01-MG";"UOP02-DEL01-MG"
467493;2022-08-12;"sexta-feira";"07:30:00";"SC";282;67;"RANCHO QUEIMADO";"Ausência de reação do condutor";"Saída de leito carroçável";"Sem Vítimas";"Pleno dia";"Crescente";"Chuva";"Simples";"Curva";"Não";1;0;0;0;1;0;0;1;-27,695963;-49,0695;"SPRF-SC";"DEL01-SC";"UOP03-DEL01-SC"
467494;2022-08-12;"sexta-feira";"08:30:00";"PA";10;215,3;"IPIXUNA DO PARA";"Manobra de mudança de faixa";"Colisão frontal";"Com Vítimas Feridas";"Pleno dia";"Decrescente";"Céu Claro";"Simples";"Declive";"Não";5;0;2;0;3;0;2;2;-2,54772208;-47,49592541;"SPRF-PA";"DEL02-PA";"UOP01-DEL02-PA"
467495;2022-01-09;"domingo";"19:00:00";"MG";381;570;"ITAGUARA";"Condutor deixou de manter distância do veículo da frente";"Colisão lateral mesmo sentido";"Com Vítimas Feridas";"Plena Noite";"Crescente";"Chuva";"Dupla";"Reta";"Não";2;0;1;0;1;0;1;2;-20,43702178;-44,55965749;"SPRF-MG";"DEL04-MG";"UOP03-DEL04-MG"
467496;2022-07-10;"domingo";"07:40:00";"GO";40;10;"LUZIANIA";"Condutor deixou de manter distância do veículo da frente";"Colisão traseira";"Com Vítimas Feridas";"Pleno dia";"Crescente";"Céu Claro";"Dupla";"Reta";"Não";2;0;1;0;0;1;1;2;-16,131285;-47,957923;"SPRF-DF";"DEL01-DF";"UOP01-DEL01-DF"
467498;2022-08-12;"sexta-feira";"07:00:00";"MG";267;201,3;"BOM JARDIM DE MINAS";"Neblina";"Saída de leito carroçável";"Com Vítimas Feridas";"Pleno dia";"Decrescente";"Nevoeiro/Neblina";"Simples";"Declive;Curva";"Não";2;0;2;0;0;0;2;1;-21,931292;-44,094997;"SPRF-MG";"DEL05-MG";"UOP01-DEL05-MG"
467499;2022-08-12;"sexta-feira";"09:40:00";"PR";376;2;"APUCARANA";"Ausência de reação do condutor";"Colisão lateral mesmo sentido";"Com Vítimas Feridas";"Pleno dia";"Crescente";"Sol";"Simples";"Reta";"Sim";2;0;1;0;0;1;1;2;-23,568359;-51,43166;"SPRF-PR";"DEL07-PR";"UOP03-DEL07-PR"
467500;2022-08-12;"sexta-feira";"10:10:00";"BA";101;106;"ALAGOINHAS";"Acessar a via sem observar a presença dos outros veículos";"Colisão transversal";"Com Vítimas Feridas";"Pleno dia";"Crescente";"Céu Claro";"Simples";"Reta";"Sim";3;0;2;1;0;0;3;2;-12,15963868;-38,41162324;"SPRF-BA";"DEL01-BA";"UOP04-DEL01-BA"
467502;2022-08-12;"sexta-feira";"08:15:00";"SP";116;227;"SAO PAULO";"Trafegar com motocicleta (ou similar) entre as faixas";"Colisão lateral mesmo sentido";"Com Vítimas Feridas";"Pleno dia";"Crescente";"Céu Claro";"Múltipla";"Reta";"Sim";6;0;2;0;0;4;2;6;-23,50123;-46,56411;"SPRF-SP";"DEL01-SP";"UOP01-DEL01-SP"
467504;2022-08-12;"sexta-feira";"10:45:00";"GO";60;36;"GOIANIA";"Acumulo de areia ou detritos sobre o pavimento";"Queda de ocupante de veículo";"Com Vítimas Feridas";"Pleno dia";"Decrescente";"Céu Claro";"Dupla";"Rotatória";"Sim";2;0;2;0;0;0;2;1;-16,6777;-49,2676;"SPRF-GO";"DEL01-GO";"UOP02-DEL01-GO"
467512;2022-08-12;"sexta-feira";"09:20:00";"PR";163;3;"BARRACAO";"Reação tardia ou ineficiente do condutor";"Colisão traseira";"Sem Vítimas";"Pleno dia";"Crescente";"Sol";"Simples";"Curva";"Não";3;0;0;0;3;0;0;3;-26,25066;-53,635523;"SPRF-PR";"DEL02-PR";"UOP02-DEL02-PR"
467514;2022-08-12;"sexta-feira";"07:15:00";"PB";101;82,5;"BAYEUX";"Condutor deixou de manter distância do veículo da frente";"Colisão lateral mesmo sentido";"Com Vítimas Feridas";"Pleno dia";"Decrescente";"Céu Claro";"Dupla";"Aclive";"Sim";2;0;0;1;0;1;1;2;-7,12911;-34,93714;"SPRF-PB";"DEL01-PB";"UOP01-DEL01-PB"
467517;2022-07-03;"domingo";"15:30:00";"DF";80;26;"BRASILIA";"Velocidade Incompatível";"Colisão frontal";"Com Vítimas Feridas";"Pleno dia";"Crescente";"Céu Claro";"Simples";"Declive;Curva";"Não";4;0;2;2;0;0;4;2;-15,612259;-48,198044;"SPRF-DF";"DEL03-DF";"UOP02-DEL03-DF"
467519;2022-08-12;"sexta-feira";"10:40:00";"SP";116;229;"SAO PAULO";"Reação tardia ou ineficiente do condutor";"Engavetamento";"Com Vítimas Feridas";"Pleno dia";"Decrescente";"Céu Claro";"Múltipla";"Reta";"Sim";5;0;1;0;4;0;1;4;-23,51291902;-46,57604698;"SPRF-SP";"DEL01-SP";"UOP01-DEL01-SP"
467520;2022-08-12;"sexta-feira";"10:30:00";"PR";369;163;"CAMBE";"Reação tardia ou ineficiente do condutor";"Engavetamento";"Com Vítimas Feridas";"Pleno dia";"Crescente";"Céu Claro";"Dupla";"Reta";"Não";4;0;1;0;3;0;1;3;-23,297052;-51,278167;"SPRF-PR";"DEL07-PR";"UOP01-DEL07-PR"
467521;2022-08-12;"sexta-feira";"09:00:00";"SC";282;149;"BOM RETIRO";"Pista Escorregadia";"Saída de leito carroçável";"Com Vítimas Feridas";"Pleno dia";"Crescente";"Garoa/Chuvisco";"Simples";"Curva";"Não";4;0;4;0;0;0;4;1;-27,775295;-49,655903;"SPRF-SC";"DEL05-SC";"UOP01-DEL05-SC"
467522;2022-08-12;"sexta-feira";"11:13:00";"RN";304;26;"MOSSORO";"Acessar a via sem observar a presença dos outros veículos";"Queda de ocupante de veículo";"Sem Vítimas";"Pleno dia";"Crescente";"Céu Claro";"Simples";"Reta";"Não";3;0;0;0;1;2;0;3;-5,08165;-37,33349;"SPRF-RN";"DEL04-RN";"UOP02-DEL04-RN"
467525;2022-08-12;"sexta-feira";"11:50:00";"SP";116;229;"SAO PAULO";"Demais falhas mecânicas ou elétricas";"Tombamento";"Com Vítimas Feridas";"Pleno dia";"Crescente";"Céu Claro";"Múltipla";"Reta";"Sim";1;0;1;0;0;0;1;1;-23,51291902;-46,57604698;"SPRF-SP";"DEL01-SP";"UOP01-DEL01-SP"
467527;2022-01-27;"quinta-feira";"15:03:00";"MT";364;499;"JANGADA";"Chuva";"Saída de leito carroçável";"Sem Vítimas";"Pleno dia";"Crescente";"Chuva";"Simples";"Reta";"Não";1;0;0;0;0;1;0;1;-15,25741521;-56,46186522;"SPRF-MT";"DEL01-MT";"UOP02-DEL01-MT"
467529;2022-08-12;"sexta-feira";"11:15:00";"BA";116;463;"SANTO ESTEVAO";"Velocidade Incompatível";"Queda de ocupante de veículo";"Com Vítimas Feridas";"Pleno dia";"Crescente";"Céu Claro";"Simples";"Curva";"Não";1;0;0;1;0;0;1;1;-12,440072;-39,229594;"SPRF-BA";"DEL02-BA";"UOP01-DEL02-BA"
467531;2022-08-12;"sexta-feira";"10:00:00";"BA";110;223;"NOVA SOURE";"Animais na Pista";"Eventos atípicos";"Sem Vítimas";"Pleno dia";"Decrescente";"Céu Claro";"Simples";"Reta";"Não";1;0;0;0;1;0;0;1;-11,28631368;-38,42857372;"SPRF-BA";"DEL07-BA";"UOP02-DEL07-BA"
467532;2022-08-12;"sexta-feira";"13:20:00";"ES";101;270,4;"SERRA";"Acessar a via sem observar a presença dos outros veículos";"Atropelamento de Pedestre";"Com Vítimas Feridas";"Pleno dia";"Decrescente";"Céu Claro";"Múltipla";"Reta";"Sim";2;0;1;0;0;1;1;2;-20,22662056;-40,27075088;"SPRF-ES";"DEL02-ES";"UOP01-DEL02-ES"
467533;2022-08-12;"sexta-feira";"13:00:00";"RS";285;453;"IJUI";"Velocidade Incompatível";"Colisão com objeto";"Com Vítimas Feridas";"Pleno dia";"Crescente";"Sol";"Simples";"Ponte";"Não";3;0;3;0;0;0;3;1;-28,37939409;-53,87574077;"SPRF-RS";"DEL10-RS";"UOP01-DEL10-RS"
467535;2022-08-12;"sexta-feira";"10:51:00";"MG";381;694;"LAVRAS";"Velocidade Incompatível";"Saída de leito carroçável";"Com Vítimas Feridas";"Pleno dia";"Decrescente";"Céu Claro";"Dupla";"Reta";"Não";1;0;1;0;0;0;1;1;-21,26844225;-45,13721743;"SPRF-MG";"DEL04-MG";"UOP02-DEL04-MG"
467536;2022-08-12;"sexta-feira";"12:36:00";"SC";101;327,8;"CAPIVARI DE BAIXO";"Ausência de reação do condutor";"Tombamento";"Com Vítimas Feridas";"Pleno dia";"Crescente";"Céu Claro";"Dupla";"Declive;Reta";"Não";2;0;1;1;0;0;2;1;-28,448048;-48,969388;"SPRF-SC";"DEL02-SC";"UOP01-DEL02-SC"
467537;2022-08-12;"sexta-feira";"13:05:00";"SC";101;147;"ITAPEMA";"Condutor deixou de manter distância do veículo da frente";"Tombamento";"Com Vítimas Feridas";"Pleno dia";"Decrescente";"Céu Claro";"Dupla";"Reta";"Sim";1;0;0;1;0;0;1;1;-27,09237407;-48,61730888;"SPRF-SC";"DEL04-SC";"UOP03-DEL04-SC"
467538;2022-08-12;"sexta-feira";"12:10:00";"SC";470;120;"IBIRAMA";"Trafegar com motocicleta (ou similar) entre as faixas";"Tombamento";"Com Vítimas Feridas";"Pleno dia";"Decrescente";"Nublado";"Simples";"Reta";"Não";1;0;0;1;0;0;1;1;-27,09218;-49,521209;"SPRF-SC";"DEL04-SC";"UOP02-DEL04-SC"
467539;2022-08-12;"sexta-feira";"13:15:00";"MG";381;486;"BETIM";"Reação tardia ou ineficiente do condutor";"Queda de ocupante de veículo";"Com Vítimas Feridas";"Pleno dia";"Crescente";"Céu Claro";"Dupla";"Reta";"Sim";1;0;1;0;0;0;1;1;-19,95644414;-44,13611598;"SPRF-MG";"DEL01-MG";"UOP03-DEL01-MG"
467540;2022-08-12;"sexta-feira";"08:50:00";"MG";40;137,5;"JOAO PINHEIRO";"Ingestão de álcool pelo condutor";"Saída de leito carroçável";"Com Vítimas Feridas";"Pleno dia";"Crescente";"Céu Claro";"Simples";"Curva";"Não";2;0;1;0;1;0;1;1;-17,72382989;-46,22254698;"SPRF-MG";"DEL14-MG";"UOP01-DEL14-MG"
467542;2022-08-12;"sexta-feira";"13:50:00";"RS";158;156,3;"PANAMBI";"Ultrapassagem Indevida";"Colisão lateral mesmo sentido";"Com Vítimas Feridas";"Pleno dia";"Decrescente";"Céu Claro";"Simples";"Reta";"Não";6;0;1;2;3;0;3;2;-28,32569999;-53,49916009;"SPRF-RS";"DEL10-RS";"UOP02-DEL10-RS"
467544;2022-08-12;"sexta-feira";"14:03:00";"GO";40;60;"CRISTALINA";"Condutor deixou de manter distância do veículo da frente";"Colisão traseira";"Com Vítimas Feridas";"Pleno dia";"Decrescente";"Céu Claro";"Simples";"Reta";"Não";1;0;1;0;0;0;1;1;-16,52816;-47,806818;"SPRF-DF";"DEL01-DF";"UOP02-DEL01-DF"
467546;2022-08-12;"sexta-feira";"13:00:00";"MG";40;552;"NOVA LIMA";"Condutor deixou de manter distância do veículo da frente";"Colisão traseira";"Sem Vítimas";"Pleno dia";"Crescente";"Céu Claro";"Simples";"Reta";"Sim";2;0;0;0;2;0;0;2;-20,06084086;-43,97716423;"SPRF-MG";"DEL01-MG";"UOP02-DEL01-MG"
467549;2022-08-12;"sexta-feira";"14:00:00";"MG";381;511,3;"SAO JOAQUIM DE BICAS";"Reação tardia ou ineficiente do condutor";"Colisão com objeto";"Com Vítimas Feridas";"Pleno dia";"Crescente";"Céu Claro";"Múltipla";"Aclive;Reta";"Sim";1;0;1;0;0;0;1;1;-20,06329638;-44,29363489;"SPRF-MG";"DEL01-MG";"UOP03-DEL01-MG"
467551;2022-08-12;"sexta-feira";"07:00:00";"MG";262;445;"NOVA SERRANA";"Manobra de mudança de faixa";"Colisão lateral mesmo sentido";"Com Vítimas Feridas";"Pleno dia";"Crescente";"Céu Claro";"Simples";"Reta";"Não";3;0;1;1;1;0;2;2;-19,87799664;-44,94086286;"SPRF-MG";"DEL08-MG";"UOP03-DEL08-MG"
467552;2022-08-12;"sexta-feira";"15:35:00";"PB";101;89;"JOAO PESSOA";"Acessar a via sem observar a presença dos outros veículos";"Colisão lateral mesmo sentido";"Com Vítimas Feridas";"Pleno dia";"Crescente";"Céu Claro";"Múltipla";"Retorno Regulamentado";"Não";2;0;0;1;1;0;1;2;-7,1710694;-34,89765372;"SPRF-PB";"DEL01-PB";"UOP02-DEL01-PB"
467554;2022-08-12;"sexta-feira";"15:40:00";"ES";101;268;"SERRA";"Trafegar com motocicleta (ou similar) entre as faixas";"Colisão lateral mesmo sentido";"Com Vítimas Feridas";"Pleno dia";"Decrescente";"Sol";"Dupla";"Reta";"Sim";2;0;1;0;1;0;1;2;-20,20842;-40,269405;"SPRF-ES";"DEL02-ES";"UOP01-DEL02-ES"
467555;2022-08-12;"sexta-feira";"11:00:00";"RJ";116;176;"NOVA IGUACU";"Manobra de mudança de faixa";"Colisão traseira";"Com Vítimas Feridas";"Pleno dia";"Crescente";"Céu Claro";"Dupla";"Reta";"Sim";2;0;1;0;1;0;1;2;-22,7839538;-43,38195488;"SPRF-RJ";"DEL01-RJ";"UOP02-DEL01-RJ"
467556;2022-08-12;"sexta-feira";"15:00:00";"SP";153;108;"JOSE BONIFACIO";"Ausência de reação do condutor";"Saída de leito carroçável";"Com Vítimas Feridas";"Pleno dia";"Crescente";"Sol";"Simples";"Reta";"Não";6;0;1;0;5;0;1;2;-21,07208391;-49,66656517;"SPRF-SP";"DEL09-SP";"UOP01-DEL09-SP"
467557;2022-08-12;"sexta-feira";"15:35:00";"RS";290;107;"ELDORADO DO SUL";"Acessar a via sem observar a presença dos outros veículos";"Colisão transversal";"Com Vítimas Feridas";"Pleno dia";"Crescente";"Céu Claro";"Dupla";"Rotatória;Em Obras";"Sim";3;0;2;0;1;0;2;2;-30,00199663;-51,30651712;"SPRF-RS";"DEL02-RS";"UOP01-DEL02-RS"
467558;2022-08-12;"sexta-feira";"13:15:00";"RS";290;394;"SANTA MARGARIDA DO SUL";"Conversão proibida";"Colisão traseira";"Com Vítimas Feridas";"Pleno dia";"Decrescente";"Céu Claro";"Simples";"Reta";"Não";3;0;3;0;0;0;3;2;-30,340555;-54,08654;"SPRF-RS";"DEL09-RS";"UOP02-DEL09-RS"
467559;2022-08-12;"sexta-feira";"15:10:00";"PR";277;77,8;"SAO JOSE DOS PINHAIS";"Acessar a via sem observar a presença dos outros veículos";"Colisão traseira";"Com Vítimas Feridas";"Pleno dia";"Crescente";"Nublado";"Dupla";"Reta";"Sim";2;0;1;0;1;0;1;2;-25,51327981;-49,12433291;"SPRF-PR";"DEL01-PR";"UOP01-DEL01-PR"
467560;2022-08-12;"sexta-feira";"14:40:00";"BA";324;529;"FEIRA DE SANTANA";"Condutor deixou de manter distância do veículo da frente";"Colisão traseira";"Sem Vítimas";"Pleno dia";"Decrescente";"Céu Claro";"Dupla";"Reta";"Não";2;0;0;0;2;0;0;2;-12,32272991;-38,86892893;"SPRF-BA";"DEL01-BA";"UOP03-DEL01-BA"
467561;2022-08-12;"sexta-feira";"14:54:00";"RO";364;711;"PORTO VELHO";"Acessar a via sem observar a presença dos outros veículos";"Colisão lateral mesmo sentido";"Com Vítimas Feridas";"Pleno dia";"Decrescente";"Céu Claro";"Múltipla";"Reta";"Sim";3;0;1;0;1;1;1;3;-8,78153947;-63,86531369;"SPRF-RO";"DEL01-RO";"UOP01-DEL01-RO"
467564;2022-08-12;"sexta-feira";"10:35:00";"SC";101;278,5;"IMBITUBA";"Ausência de reação do condutor";"Colisão lateral sentido oposto";"Com Vítimas Feridas";"Pleno dia";"Crescente";"Céu Claro";"Dupla";"Reta";"Sim";2;0;1;0;1;0;1;2;-28,16300604;-48,6939345;"SPRF-SC";"DEL02-SC";"UOP03-DEL02-SC"
467565;2022-08-12;"sexta-feira";"16:35:00";"GO";153;496,2;"GOIANIA";"Demais falhas mecânicas ou elétricas";"Incêndio";"Sem Vítimas";"Pleno dia";"Decrescente";"Céu Claro";"Dupla";"Reta";"Sim";1;0;0;0;1;0;0;1;-16,6776;-49,2314;"SPRF-GO";"DEL01-GO";"UOP01-DEL01-GO"
467567;2022-08-12;"sexta-feira";"09:30:00";"MA";135;140,3;"MATOES DO NORTE";"Transitar na contramão";"Colisão frontal";"Sem Vítimas";"Pleno dia";"Crescente";"Céu Claro";"Simples";"Reta";"Não";2;0;0;0;1;1;0;2;-3,6737061;-44,5314922;"SPRF-MA";"DEL01-MA";"UOP02-DEL01-MA"
467568;2022-08-12;"sexta-feira";"15:40:00";"PE";408;74;"PAUDALHO";"Pedestre cruzava a pista fora da faixa";"Atropelamento de Pedestre";"Com Vítimas Feridas";"Pleno dia";"Crescente";"Sol";"Dupla";"Reta";"Sim";2;0;1;0;1;0;1;2;-7,89701706;-35,17300548;"SPRF-PE";"DEL01-PE";"UOP01-DEL01-PE"
467571;2022-08-12;"sexta-feira";"16:55:00";"RS";116;252;"SAPUCAIA DO SUL";"Ausência de reação do condutor";"Colisão com objeto";"Sem Vítimas";"Pleno dia";"Decrescente";"Céu Claro";"Dupla";"Interseção de Vias";"Sim";2;0;0;0;2;0;0;1;-29,80913395;-51,1675292;"SPRF-RS";"DEL01-RS";"UOP02-DEL01-RS"
467573;2022-08-12;"sexta-feira";"14:52:00";"CE";122;43,6;"ARACOIABA";"Manobra de mudança de faixa";"Colisão lateral mesmo sentido";"Com Vítimas Feridas";"Pleno dia";"Decrescente";"Céu Claro";"Simples";"Reta";"Não";5;0;1;1;1;2;2;4;-4,621076;-38,6451;"SPRF-CE";"DEL03-CE";"UOP02-DEL03-CE"
467574;2022-08-12;"sexta-feira";"17:00:00";"MG";354;703,9;"CAXAMBU";"Acessar a via sem observar a presença dos outros veículos";"Colisão traseira";"Com Vítimas Feridas";"Anoitecer";"Crescente";"Céu Claro";"Simples";"Curva";"Sim";3;0;1;0;2;0;1;2;-21,97540939;-44,92323124;"SPRF-MG";"DEL17-MG";"UOP01-DEL17-MG"
467575;2022-08-12;"sexta-feira";"16:10:00";"BA";110;355;"CATU";"Acessar a via sem observar a presença dos outros veículos";"Colisão transversal";"Sem Vítimas";"Pleno dia";"Decrescente";"Nublado";"Simples";"Retorno Regulamentado";"Não";2;0;0;0;2;0;0;2;-12,270287;-38,373705;"SPRF-BA";"DEL01-BA";"UOP04-DEL01-BA"
467576;2022-08-12;"sexta-feira";"17:10:00";"RN";101;78,8;"NATAL";"Acessar a via sem observar a presença dos outros veículos";"Colisão transversal";"Com Vítimas Feridas";"Pleno dia";"Decrescente";"Céu Claro";"Dupla";"Retorno Regulamentado";"Não";2;0;0;1;1;0;1;2;-5,74071896;-35,29021064;"SPRF-RN";"DEL02-RN";"UOP01-DEL02-RN"
467577;2022-08-08;"segunda-feira";"09:00:00";"RJ";116;293;"PORTO REAL";"Avarias e/ou desgaste excessivo no pneu";"Colisão com objeto";"Sem Vítimas";"Pleno dia";"Decrescente";"Céu Claro";"Dupla";"Reta";"Não";1;0;0;0;0;1;0;1;-22,45745983;-44,29161274;"SPRF-RJ";"DEL07-RJ";"UOP02-DEL07-RJ"
467579;2022-08-12;"sexta-feira";"17:25:00";"PI";316;8;"TERESINA";"Manobra de mudança de faixa";"Colisão lateral mesmo sentido";"Com Vítimas Feridas";"Anoitecer";"Crescente";"Céu Claro";"Múltipla";"Reta";"Sim";2;0;1;0;1;0;1;2;-5,16483402;-42,76899508;"SPRF-PI";"DEL01-PI";"UOP02-DEL01-PI"
467580;2022-07-20;"quarta-feira";"09:45:00";"PE";424;95,2;"GARANHUNS";"Ultrapassagem Indevida";"Capotamento";"Com Vítimas Feridas";"Pleno dia";"Crescente";"Céu Claro";"Simples";"Reta";"Não";2;0;2;0;0;0;2;1;-8,92487901;-36,48949333;"SPRF-PE";"DEL03-PE";"UOP01-DEL03-PE"
467583;2022-08-12;"sexta-feira";"11:30:00";"PE";104;88;"AGRESTINA";"Animais na Pista";"Atropelamento de Animal";"Com Vítimas Feridas";"Pleno dia";"Decrescente";"Céu Claro";"Simples";"Interseção de Vias";"Sim";1;0;0;1;0;0;1;1;-8,461552;-35,94022;"SPRF-PE";"DEL02-PE";"UOP03-DEL02-PE"
467584;2022-08-12;"sexta-feira";"18:25:00";"SP";153;106,3;"JOSE BONIFACIO";"Conversão proibida";"Colisão transversal";"Com Vítimas Feridas";"Plena Noite";"Decrescente";"Céu Claro";"Simples";"Reta";"Sim";3;0;0;1;2;0;1;2;-21,05570394;-49,65851012;"SPRF-SP";"DEL09-SP";"UOP01-DEL09-SP"
467585;2022-08-12;"sexta-feira";"08:15:00";"MA";10;255;"IMPERATRIZ";"Acessar a via sem observar a presença dos outros veículos";"Colisão transversal";"Com Vítimas Feridas";"Pleno dia";"Decrescente";"Céu Claro";"Simples";"Interseção de Vias";"Sim";3;0;0;3;0;0;3;2;-5,508798;-47,471718;"SPRF-MA";"DEL04-MA";"UOP01-DEL04-MA"
467586;2022-08-12;"sexta-feira";"18:22:00";"GO";153;553,2;"PIRACANJUBA";"Manobra de mudança de faixa";"Colisão lateral mesmo sentido";"Sem Vítimas";"Anoitecer";"Crescente";"Céu Claro";"Dupla";"Curva";"Não";7;0;0;0;7;0;0;2;-17,1682;-49,2117;"SPRF-GO";"DEL03-GO";"UOP01-DEL03-GO"
467587;2022-08-12;"sexta-feira";"15:30:00";"MS";163;529;"JARAGUARI";"Acessar a via sem observar a presença dos outros veículos";"Colisão lateral mesmo sentido";"Sem Vítimas";"Pleno dia";"Crescente";"Céu Claro";"Simples";"Reta";"Não";4;0;0;0;4;0;0;2;-20,08519991;-54,43235422;"SPRF-MS";"DEL01-MS";"UOP02-DEL01-MS"
467589;2022-08-12;"sexta-feira";"18:30:00";"PB";230;16,5;"JOAO PESSOA";"Ausência de reação do condutor";"Colisão traseira";"Com Vítimas Feridas";"Plena Noite";"Crescente";"Céu Claro";"Dupla";"Reta";"Sim";2;0;1;0;1;0;1;2;-7,1039;-34,8458;"SPRF-PB";"DEL01-PB";"UOP01-DEL01-PB"
467609;2022-08-12;"sexta-feira";"18:00:00";"RJ";101;487;"ANGRA DOS REIS";"Acesso irregular";"Colisão transversal";"Com Vítimas Feridas";"Plena Noite";"Crescente";"Céu Claro";"Simples";"Reta";"Não";2;0;0;2;0;0;2;2;-22,97953;-44,29566;"SPRF-RJ";"DEL03-RJ";"UOP03-DEL03-RJ"
467610;2022-08-12;"sexta-feira";"17:00:00";"SC";101;30,4;"JOINVILLE";"Condutor deixou de manter distância do veículo da frente";"Colisão lateral mesmo sentido";"Com Vítimas Feridas";"Pleno dia";"Crescente";"Nublado";"Dupla";"Reta";"Não";2;0;1;0;1;0;1;2;-26,216931;-48,91612807;"SPRF-SC";"DEL03-SC";"UOP01-DEL03-SC"