"id";"data_inversa";"dia_semana";"horario";"uf";"br";"km";"municipio";"causa_acidente";"tipo_acidente";"classificacao_acidente";"fase_dia";"sentido_via";"condicao_metereologica";"tipo_pista";"tracado_via";"uso_solo";"pessoas";"mortos";"feridos_leves";"feridos_graves";"ilesos";"ignorados";"feridos";"veiculos";"latitude";"longitude";"regional";"delegacia";"uop"
467950;2022-08-14;"domingo";"03:20:00";"RS";386;346,8;"LAJEADO";"Velocidade Incompatível";"Saída de leito carroçável";"Com Vítimas Feridas";"Plena Noite";"Crescente";"Céu Claro";"Dupla";"Reta";"Sim";1;0;1;0;0;0;1;1;-29,44659558;-51,97554588;"SPRF-RS";"DEL04-RS";"UOP01-DEL04-RS"
467951;2022-08-14;"domingo";"03:40:00";"PE";232;8;"RECIFE";"Demais falhas mecânicas ou elétricas";"Incêndio";"Sem Vítimas";"Plena Noite";"Decrescente";"Céu Claro";"Dupla";"Em Obras;Reta";"Não";1;0;0;0;0;1;0;1;-8,07583727;-34,97015791;"SPRF-PE";"DEL01-PE";"UOP01-DEL01-PE"
467952;2022-08-14;"domingo";"03:20:00";"PE";101;9;"GOIANA";"Ingestão de álcool pelo condutor";"Colisão lateral mesmo sentido";"Com Vítimas Feridas";"Plena Noite";"Decrescente";"Céu Claro";"Dupla";"Reta";"Não";7;0;6;0;0;1;6;3;-7,57788903;-34,98847822;"SPRF-PE";"DEL01-PE";"UOP02-DEL01-PE"
467953;2022-08-14;"domingo";"02:30:00";"PR";476;180;"CONTENDA";"Ausência de reação do condutor";"Saída de leito carroçável";"Sem Vítimas";"Plena Noite";"Decrescente";"Céu Claro";"Simples";"Curva";"Não";1;0;0;0;1;0;0;1;-25,706665;-49,591278;"SPRF-PR";"DEL01-PR";"UOP03-DEL01-PR"
467954;2022-08-14;"domingo";"02:45:00";"RS";392;694;"ROQUE GONZALES";"Ingestão de álcool pelo condutor";"Saída de leito carroçável";"Sem Vítimas";"Plena Noite";"Decrescente";"Céu Claro";"Simples";"Reta";"Não";1;0;0;0;1;0;0;1;-28,12855781;-54,90058898;"SPRF-RS";"DEL10-RS";"UOP01-DEL10-RS"
467955;2022-08-14;"domingo";"03:52:00";"PE";408;96;"SAO LOURENCO DA MATA";"Manobra de mudança de faixa";"Colisão lateral mesmo sentido";"Sem Vítimas";"Plena Noite";"Crescente";"Céu Claro";"Múltipla";"Reta";"Sim";6;0;0;0;6;0;0;2;-8,02062;-35,041045;"SPRF-PE";"DEL01-PE";"UOP01-DEL01-PE"
467956;2022-08-14;"domingo";"04:00:00";"PR";277;726;"FOZ DO IGUACU";"Reação tardia ou ineficiente do condutor";"Saída de leito carroçável";"Com Vítimas Feridas";"Plena Noite";"Crescente";"Céu Claro";"Dupla";"Reta";"Sim";1;0;1;0;0;0;1;1;-25,5106015;-54,55481999;"SPRF-PR";"DEL05-PR";"UOP03-DEL05-PR"
467957;2022-08-14;"domingo";"04:40:00";"DF";20;52;"BRASILIA";"Condutor Dormindo";"Capotamento";"Com Vítimas Feridas";"Plena Noite";"Crescente";"Céu Claro";"Dupla";"Reta";"Não";1;0;1;0;0;0;1;1;-15,580098;-47,403366;"SPRF-DF";"DEL02-DF";"UOP01-DEL02-DF"
467958;2022-08-14;"domingo";"04:00:00";"PR";376;225,8;"APUCARANA";"Demais falhas mecânicas ou elétricas";"Saída de leito carroçável";"Com Vítimas Feridas";"Plena Noite";"Decrescente";"Céu Claro";"Dupla";"Reta";"Não";1;0;1;0;0;0;1;1;-23,585289;-51,567341;"SPRF-PR";"DEL07-PR";"UOP03-DEL07-PR"
467959;2022-08-14;"domingo";"03:00:00";"MG";50;187,1;"UBERABA";"Ingestão de álcool pelo condutor";"Saída de leito carroçável";"Sem Vítimas";"Plena Noite";"Decrescente";"Céu Claro";"Dupla";"Reta";"Sim";1;0;0;0;0;1;0;1;-19,83290398;-47,88516697;"SPRF-MG";"DEL13-MG";"UOP01-DEL13-MG"
467964;2022-08-14;"domingo";"04:15:00";"MG";50;157,1;"UBERABA";"Condutor Dormindo";"Saída de leito carroçável";"Com Vítimas Feridas";"Plena Noite";"Decrescente";"Céu Claro";"Dupla";"Reta;Retorno Regulamentado";"Não";1;0;1;0;0;0;1;1;-19,62528388;-48,01556068;"SPRF-MG";"DEL13-MG";"UOP01-DEL13-MG"
467965;2022-08-14;"domingo";"05:10:00";"TO";153;355;"FORTALEZA DO TABOCAO";"Ingestão de álcool pelo condutor";"Saída de leito carroçável";"Sem Vítimas";"Amanhecer";"Decrescente";"Céu Claro";"Simples";"Curva";"Não";2;0;0;0;2;0;0;1;-9,02301795;-48,50307549;"SPRF-TO";"DEL02-TO";"UOP02-DEL02-TO"
467966;2022-08-14;"domingo";"06:23:00";"GO";50;259;"CATALAO";"Reação tardia ou ineficiente do condutor";"Colisão traseira";"Com Vítimas Feridas";"Pleno dia";"Decrescente";"Céu Claro";"Dupla";"Reta";"Não";2;0;1;0;1;0;1;2;-18,0348;-47,8347;"SPRF-GO";"DEL06-GO";"UOP01-DEL06-GO"
467967;2022-08-14;"domingo";"05:40:00";"MS";463;1;"DOURADOS";"Condutor deixou de manter distância do veículo da frente";"Colisão lateral mesmo sentido";"Com Vítimas Feridas";"Pleno dia";"Crescente";"Céu Claro";"Simples";"Reta";"Sim";2;0;1;0;1;0;1;2;-22,25897406;-54,80757236;"SPRF-MS";"DEL04-MS";"UOP01-DEL04-MS"
467968;2022-08-14;"domingo";"04:20:00";"SP";116;43;"CANAS";"Velocidade Incompatível";"Colisão traseira";"Com Vítimas Feridas";"Amanhecer";"Crescente";"Céu Claro";"Dupla";"Reta";"Não";4;0;2;0;2;0;2;2;-22,6973511;-45,03013594;"SPRF-SP";"DEL08-SP";"UOP02-DEL08-SP"
467969;2022-08-14;"domingo";"06:00:00";"RS";116;124,9;"SAO MARCOS";"Ingestão de álcool pelo condutor";"Saída de leito carroçável";"Com Vítimas Feridas";"Plena Noite";"Decrescente";"Céu Claro";"Simples";"Curva";"Não";1;0;1;0;0;0;1;1;-29,02509511;-51,08256484;"SPRF-RS";"DEL05-RS";"UOP01-DEL05-RS"
467970;2022-08-14;"domingo";"05:30:00";"RJ";393;285;"VOLTA REDONDA";"Ingestão de álcool pelo condutor";"Colisão com objeto";"Sem Vítimas";"Pleno dia";"Decrescente";"Céu Claro";"Simples";"Curva";"Não";1;0;0;0;1;0;0;1;-22,481726;-44,06308602;"SPRF-RJ";"DEL05-RJ";"UOP04-DEL05-RJ"
467971;2022-08-14;"domingo";"05:20:00";"MG";381;300;"ANTONIO DIAS";"Velocidade Incompatível";"Colisão com objeto";"Com Vítimas Feridas";"Amanhecer";"Decrescente";"Céu Claro";"Dupla";"Curva";"Não";1;0;1;0;0;0;1;1;-19,636885;-42,89911294;"SPRF-MG";"DEL03-MG";"UOP02-DEL03-MG"
467972;2022-08-14;"domingo";"02:00:00";"PR";153;352,2;"REBOUCAS";"Reação tardia ou ineficiente do condutor";"Saída de leito carroçável";"Com Vítimas Feridas";"Plena Noite";"Crescente";"Céu Claro";"Simples";"Reta";"Não";4;0;4;0;0;0;4;1;-25,6240101;-50,70976188;"SPRF-PR";"DEL08-PR";"UOP02-DEL08-PR"
467973;2022-08-14;"domingo";"06:20:00";"PA";316;28,1;"SANTA IZABEL DO PARA";"Avarias e/ou desgaste excessivo no pneu";"Eventos atípicos";"Com Vítimas Feridas";"Pleno dia";"Crescente";"Céu Claro";"Dupla";"Curva";"Sim";2;0;2;0;0;0;2;1;-1,31121896;-48,22115206;"SPRF-PA";"DEL01-PA";"UOP01-DEL01-PA"
467974;2022-08-13;"sábado";"19:00:00";"MA";316;421;"PERITORO";"Ingestão de álcool pelo condutor";"Colisão frontal";"Sem Vítimas";"Plena Noite";"Decrescente";"Céu Claro";"Simples";"Aclive";"Não";2;0;0;0;1;1;0;2;-4,35627;-44,363815;"SPRF-MA";"DEL03-MA";"UOP01-DEL03-MA"
467975;2022-08-14;"domingo";"06:30:00";"MG";40;504;"ESMERALDAS";"Ausência de reação do condutor";"Tombamento";"Com Vítimas Feridas";"Pleno dia";"Decrescente";"Céu Claro";"Simples";"Reta";"Não";1;0;0;1;0;0;1;1;-19,72987888;-44,15253368;"SPRF-MG";"DEL02-MG";"UOP01-DEL02-MG"
467977;2022-08-14;"domingo";"05:00:00";"PI";135;41,5;"JERUMENHA";"Reação tardia ou ineficiente do condutor";"Saída de leito carroçável";"Com Vítimas Feridas";"Amanhecer";"Decrescente";"Céu Claro";"Simples";"Reta";"Não";2;0;1;0;1;0;1;1;-7,09029178;-43,51112154;"SPRF-PI";"DEL03-PI";"UOP01-DEL03-PI"
467978;2022-08-14;"domingo";"03:30:00";"PE";101;202;"XEXEU";"Condutor Dormindo";"Saída de leito carroçável";"Com Vítimas Feridas";"Plena Noite";"Crescente";"Garoa/Chuvisco";"Dupla";"Reta";"Não";1;0;1;0;0;0;1;1;-8,789545;-35,622338;"SPRF-PE";"DEL01-PE";"UOP03-DEL01-PE"
467979;2022-08-13;"sábado";"19:20:00";"BA";242;584;"IBOTIRAMA";"Reação tardia ou ineficiente do condutor";"Queda de ocupante de veículo";"Sem Vítimas";"Plena Noite";"Crescente";"Céu Claro";"Simples";"Rotatória";"Sim";1;0;0;0;0;1;0;1;-12,17699021;-43,21608609;"SPRF-BA";"DEL10-BA";"UOP02-DEL10-BA"
467980;2022-08-14;"domingo";"07:10:00";"PB";101;29;"MAMANGUAPE";"Avarias e/ou desgaste excessivo no pneu";"Tombamento";"Com Vítimas Feridas";"Pleno dia";"Decrescente";"Céu Claro";"Dupla";"Reta";"Não";2;0;0;2;0;0;2;1;-6,74032319;-35,13146581;"SPRF-PB";"DEL01-PB";"UOP04-DEL01-PB"
467981;2022-08-14;"domingo";"06:00:00";"CE";222;125;"ITAPAJE";"Condutor Dormindo";"Saída de leito carroçável";"Com Vítimas Fatais";"Amanhecer";"Crescente";"Céu Claro";"Simples";"Curva";"Sim";1;1;0;0;0;0;0;1;-3,69216;-39,60079;"SPRF-CE";"DEL04-CE";"UOP03-DEL04-CE"
467982;2022-08-14;"domingo";"05:40:00";"AL";316;250,3;"PILAR";"Ultrapassagem Indevida";"Colisão frontal";"Com Vítimas Feridas";"Amanhecer";"Crescente";"Céu Claro";"Simples";"Reta";"Não";3;0;2;1;0;0;3;2;-9,55605726;-35,97591943;"SPRF-AL";"DEL01-AL";"UOP01-DEL01-AL"
467983;2022-07-29;"sexta-feira";"10:00:00";"SC";282;63,4;"RANCHO QUEIMADO";"Velocidade Incompatível";"Colisão frontal";"Com Vítimas Feridas";"Pleno dia";"Crescente";"Sol";"Simples";"Reta";"Não";5;0;2;0;1;2;2;3;-27,69648008;-49,04778332;"SPRF-SC";"DEL01-SC";"UOP03-DEL01-SC"
467984;2022-08-14;"domingo";"07:45:00";"PB";230;20;"JOAO PESSOA";"Pedestre andava na pista";"Atropelamento de Pedestre";"Com Vítimas Feridas";"Pleno dia";"Crescente";"Céu Claro";"Dupla";"Declive;Curva";"Sim";2;0;1;0;1;0;1;2;-7,1337;-34,8544;"SPRF-PB";"DEL01-PB";"UOP01-DEL01-PB"
467986;2022-08-14;"domingo";"06:00:00";"MT";163;736;"SORRISO";"Ingestão de álcool pelo condutor";"Saída de leito carroçável";"Sem Vítimas";"Pleno dia";"Decrescente";"Céu Claro";"Simples";"Curva";"Não";1;0;0;0;1;0;0;1;-12,78531298;-55,83736483;"SPRF-MT";"DEL06-MT";"UOP01-DEL06-MT"
467987;2022-08-14;"domingo";"07:10:00";"RJ";101;310;"SAO GONCALO";"Animais na Pista";"Colisão traseira";"Com Vítimas Feridas";"Pleno dia";"Crescente";"Céu Claro";"Dupla";"Reta";"Sim";3;0;1;0;2;0;1;2;-22,79717023;-43,04404993;"SPRF-RJ";"DEL02-RJ";"UOP02-DEL02-RJ"
467989;2022-06-23;"quinta-feira";"10:50:00";"RO";319;44;"PORTO VELHO";"Acessar a via sem observar a presença dos outros veículos";"Colisão transversal";"Com Vítimas Feridas";"Pleno dia";"Crescente";"Céu Claro";"Simples";"Reta";"Não";5;0;0;1;2;2;1;3;-8,671982;-63,99479;"SPRF-RO";"DEL01-RO";"UOP01-DEL01-RO"
467990;2022-08-14;"domingo";"08:13:00";"SP";116;124,8;"CACAPAVA";"Velocidade Incompatível";"Saída de leito carroçável";"Sem Vítimas";"Pleno dia";"Decrescente";"Céu Claro";"Dupla";"Curva";"Não";6;0;0;0;6;0;0;1;-23,09572038;-45,68138838;"SPRF-SP";"DEL02-SP";"UOP02-DEL02-SP"
467991;2022-08-14;"domingo";"08:00:00";"CE";222;240,7;"SOBRAL";"Condutor Dormindo";"Saída de leito carroçável";"Sem Vítimas";"Pleno dia";"Crescente";"Céu Claro";"Simples";"Aclive";"Não";1;0;0;0;0;1;0;1;-3,73114511;-40,47678794;"SPRF-CE";"DEL04-CE";"UOP01-DEL04-CE"
467993;2022-08-14;"domingo";"08:20:00";"GO";40;1,7;"VALPARAISO DE GOIAS";"Reação tardia ou ineficiente do condutor";"Saída de leito carroçável";"Com Vítimas Feridas";"Pleno dia";"Decrescente";"Céu Claro";"Dupla";"Reta";"Sim";2;0;1;1;0;0;2;1;-16,058245;-47,982825;"SPRF-DF";"DEL01-DF";"UOP01-DEL01-DF"
467994;2022-08-14;"domingo";"04:00:00";"RO";364;369;"OURO PRETO DO OESTE";"Pedestre andava na pista";"Atropelamento de Pedestre";"Com Vítimas Feridas";"Plena Noite";"Crescente";"Céu Claro";"Simples";"Reta";"Não";2;0;2;0;0;0;2;2;-10,76221523;-62,13663407;"SPRF-RO";"DEL02-RO";"UOP01-DEL02-RO"
467995;2022-08-14;"domingo";"06:00:00";"SC";282;640,2;"DESCANSO";"Ausência de reação do condutor";"Saída de leito carroçável";"Sem Vítimas";"Amanhecer";"Crescente";"Ignorado";"Simples";"Reta";"Não";1;0;0;0;0;1;0;1;-26,788002;-53,458031;"SPRF-SC";"DEL07-SC";"UOP03-DEL07-SC"
467996;2022-07-28;"quinta-feira";"17:23:00";"SE";235;8,6;"NOSSA SENHORA DO SOCORRO";"Retorno proibido";"Tombamento";"Com Vítimas Fatais";"Anoitecer";"Crescente";"Céu Claro";"Simples";"Viaduto;Rotatória;Reta";"Não";3;1;0;0;1;1;0;3;-10,88514662;-37,13670731;"SPRF-SE";"DEL01-SE";"UOP01-DEL01-SE"
467997;2022-08-14;"domingo";"06:00:00";"RS";392;28;"RIO GRANDE";"Ausência de reação do condutor";"Capotamento";"Sem Vítimas";"Plena Noite";"Decrescente";"Nublado";"Dupla";"Reta";"Sim";1;0;0;0;0;1;0;1;-32,06592409;-52,26686814;"SPRF-RS";"DEL07-RS";"UOP02-DEL07-RS"
467998;2022-08-14;"domingo";"06:00:00";"PB";101;84;"BAYEUX";"Avarias e/ou desgaste excessivo no pneu";"Tombamento";"Com Vítimas Feridas";"Pleno dia";"Crescente";"Céu Claro";"Dupla";"Reta";"Sim";2;0;2;0;0;0;2;1;-7,13957906;-34,92312806;"SPRF-PB";"DEL01-PB";"UOP01-DEL01-PB"
467999;2022-08-14;"domingo";"09:00:00";"DF";70;3,3;"BRASILIA";"Acessar a via sem observar a presença dos outros veículos";"Colisão transversal";"Com Vítimas Feridas";"Pleno dia";"Crescente";"Céu Claro";"Dupla";"Reta";"Sim";2;0;1;0;1;0;1;2;-15,802453;-48,080387;"SPRF-DF";"DEL03-DF";"UOP02-DEL03-DF"
468004;2022-08-14;"domingo";"08:35:00";"RJ";465;19;"SEROPEDICA";"Manobra de mudança de faixa";"Colisão com objeto";"Com Vítimas Feridas";"Pleno dia";"Crescente";"Céu Claro";"Simples";"Reta";"Não";1;0;1;0;0;0;1;1;-22,839184;-43,610451;"SPRF-RJ";"DEL03-RJ";"UOP01-DEL03-RJ"
468006;2022-08-12;"sexta-feira";"22:45:00";"PR";277;597,4;"CASCAVEL";"Animais na Pista";"Atropelamento de Animal";"Com Vítimas Feridas";"Plena Noite";"Crescente";"Céu Claro";"Dupla";"Reta";"Sim";2;0;2;0;0;0;2;1;-24,99513602;-53,51418998;"SPRF-PR";"DEL04-PR";"UOP01-DEL04-PR"
468008;2022-08-14;"domingo";"09:00:00";"RS";392;4;"RIO GRANDE";"Afundamento ou ondulação no pavimento";"Saída de leito carroçável";"Com Vítimas Feridas";"Pleno dia";"Decrescente";"Céu Claro";"Simples";"Reta";"Sim";1;0;1;0;0;0;1;1;-32,07687877;-52,10166627;"SPRF-RS";"DEL07-RS";"UOP02-DEL07-RS"
468009;2022-08-14;"domingo";"05:00:00";"GO";364;112;"CACHOEIRA ALTA";"Ingestão de álcool pelo condutor";"Saída de leito carroçável";"Com Vítimas Feridas";"Plena Noite";"Decrescente";"Céu Claro";"Simples";"Rotatória";"Não";1;0;1;0;0;0;1;1;-18,30531417;-51,14530563;"SPRF-GO";"DEL05-GO";"UOP02-DEL05-GO"
468011;2022-08-14;"domingo";"10:10:00";"GO";60;137;"GOIANIA";"Condutor deixou de manter distância do veículo da frente";"Colisão traseira";"Com Vítimas Feridas";"Pleno dia";"Crescente";"Céu Claro";"Dupla";"Declive";"Sim";2;0;1;0;1;0;1;2;-16,603;-49,2023;"SPRF-GO";"DEL01-GO";"UOP01-DEL01-GO"
468012;2022-08-14;"domingo";"10:18:00";"SC";280;56,4;"GUARAMIRIM";"Conversão proibida";"Colisão transversal";"Com Vítimas Feridas";"Pleno dia";"Crescente";"Nublado";"Dupla";"Em Obras";"Sim";3;0;2;1;0;0;3;2;-26,47947677;-49,00298702;"SPRF-SC";"DEL03-SC";"UOP03-DEL03-SC"
468013;2022-08-14;"domingo";"08:40:00";"PE";101;46,8;"IGARASSU";"Reação tardia ou ineficiente do condutor";"Colisão traseira";"Com Vítimas Feridas";"Pleno dia";"Decrescente";"Céu Claro";"Múltipla";"Reta";"Sim";3;0;2;0;0;1;2;2;-7,87406004;-34,90588126;"SPRF-PE";"DEL01-PE";"UOP02-DEL01-PE"
468014;2022-08-14;"domingo";"09:35:00";"SC";101;40,9;"JOINVILLE";"Reação tardia ou ineficiente do condutor";"Colisão com objeto";"Com Vítimas Feridas";"Pleno dia";"Decrescente";"Céu Claro";"Dupla";"Curva";"Sim";1;0;1;0;0;0;1;1;-26,27176094;-48,89468382;"SPRF-SC";"DEL03-SC";"UOP01-DEL03-SC"
468015;2022-08-14;"domingo";"10:00:00";"MG";40;545;"NOVA LIMA";"Demais falhas mecânicas ou elétricas";"Incêndio";"Sem Vítimas";"Pleno dia";"Decrescente";"Céu Claro";"Dupla";"Curva;Aclive";"Sim";1;0;0;0;1;0;0;1;-20,00670404;-43,96418668;"SPRF-MG";"DEL01-MG";"UOP02-DEL01-MG"
468016;2022-08-14;"domingo";"08:40:00";"MG";381;693;"LAVRAS";"Velocidade Incompatível";"Queda de ocupante de veículo";"Com Vítimas Fatais";"Pleno dia";"Crescente";"Céu Claro";"Dupla";"Declive;Curva";"Não";1;1;0;0;0;0;0;1;-21,22581546;-45,13045272;"SPRF-MG";"DEL04-MG";"UOP02-DEL04-MG"
468018;2022-08-14;"domingo";"06:50:00";"PR";163;296;"MARECHAL CANDIDO RONDON";"Avarias e/ou desgaste excessivo no pneu";"Saída de leito carroçável";"Sem Vítimas";"Pleno dia";"Crescente";"Céu Claro";"Simples";"Reta";"Não";1;0;0;0;0;1;0;1;-24,51953166;-54,099115;"SPRF-PR";"DEL06-PR";"UOP02-DEL06-PR"
468019;2022-08-14;"domingo";"10:10:00";"BA";135;186,1;"BARREIRAS";"Condutor deixou de manter distância do veículo da frente";"Colisão traseira";"Com Vítimas Feridas";"Pleno dia";"Decrescente";"Céu Claro";"Simples";"Reta";"Não";3;0;0;1;2;0;1;2;-12,20181807;-45,01487075;"SPRF-BA";"DEL10-BA";"UOP01-DEL10-BA"
468021;2022-08-14;"domingo";"10:05:00";"PR";376;309,4;"ORTIGUEIRA";"Velocidade Incompatível";"Colisão com objeto";"Com Vítimas Feridas";"Pleno dia";"Decrescente";"Céu Claro";"Dupla";"Declive;Curva";"Não";1;0;0;1;0;0;1;1;-23,97981536;-51,08609019;"SPRF-PR";"DEL07-PR";"UOP02-DEL07-PR"
468024;2022-08-14;"domingo";"09:00:00";"PR";376;677;"GUARATUBA";"Ausência de reação do condutor";"Colisão com objeto";"Com Vítimas Feridas";"Pleno dia";"Decrescente";"Céu Claro";"Dupla";"Reta";"Não";2;0;2;0;0;0;2;1;-25,93367517;-48,9113003;"SPRF-PR";"DEL01-PR";"UOP04-DEL01-PR"
468025;2022-08-14;"domingo";"10:30:00";"PR";476;140;"CURITIBA";"Ingestão de álcool pelo condutor";"Colisão traseira";"Sem Vítimas";"Pleno dia";"Crescente";"Céu Claro";"Múltipla";"Curva";"Sim";3;0;0;0;3;0;0;2;-25,526408;-49,297718;"SPRF-PR";"DEL01-PR";"UOP03-DEL01-PR"
468026;2022-08-14;"domingo";"11:00:00";"RN";304;42,3;"MOSSORO";"Reação tardia ou ineficiente do condutor";"Colisão lateral mesmo sentido";"Com Vítimas Feridas";"Pleno dia";"Crescente";"Sol";"Dupla";"Retorno Regulamentado";"Sim";2;0;1;0;0;1;1;2;-5,21278093;-37,37221494;"SPRF-RN";"DEL04-RN";"UOP01-DEL04-RN"
468028;2022-08-14;"domingo";"07:45:00";"RS";287;288,6;"SAO PEDRO DO SUL";"Animais na Pista";"Atropelamento de Animal";"Com Vítimas Feridas";"Pleno dia";"Decrescente";"Céu Claro";"Simples";"Reta";"Não";1;0;1;0;0;0;1;1;-29,63466141;-54,25130702;"SPRF-RS";"DEL09-RS";"UOP01-DEL09-RS"
468029;2022-08-14;"domingo";"10:00:00";"RO";319;63;"PORTO VELHO";"Condutor desrespeitou a iluminação vermelha do semáforo";"Colisão transversal";"Com Vítimas Feridas";"Pleno dia";"Decrescente";"Céu Claro";"Dupla";"Interseção de Vias";"Sim";2;0;0;1;1;0;1;2;-8,766685;-63,884052;"SPRF-RO";"DEL01-RO";"UOP01-DEL01-RO"
468030;2022-08-14;"domingo";"11:20:00";"SE";101;110;"SAO CRISTOVAO";"Acumulo de água sobre o pavimento";"Colisão com objeto";"Com Vítimas Feridas";"Pleno dia";"Crescente";"Chuva";"Dupla";"Curva";"Não";2;0;1;0;1;0;1;1;-10,96959411;-37,27937094;"SPRF-SE";"DEL02-SE";"UOP01-DEL02-SE"
468031;2022-08-14;"domingo";"05:00:00";"SP";116;219;"GUARULHOS";"Ingestão de álcool pelo condutor";"Colisão com objeto";"Sem Vítimas";"Plena Noite";"Crescente";"Céu Claro";"Múltipla";"Reta";"Sim";1;0;0;0;0;1;0;1;-23,46143954;-46,48885316;"SPRF-SP";"DEL01-SP";"UOP01-DEL01-SP"
468032;2022-08-14;"domingo";"11:40:00";"CE";222;2;"FORTALEZA";"Condutor desrespeitou a iluminação vermelha do semáforo";"Colisão transversal";"Com Vítimas Feridas";"Pleno dia";"Crescente";"Céu Claro";"Múltipla";"Retorno Regulamentado;Reta";"Sim";2;0;2;0;0;0;2;2;-3,73911117;-38,58687498;"SPRF-CE";"DEL01-CE";"UOP01-DEL01-CE"
468033;2022-08-14;"domingo";"11:45:00";"MG";381;486;"BETIM";"Manobra de mudança de faixa";"Colisão traseira";"Sem Vítimas";"Pleno dia";"Crescente";"Sol";"Múltipla";"Reta";"Sim";2;0;0;0;1;1;0;2;-19,95541928;-44,11444187;"SPRF-MG";"DEL01-MG";"UOP03-DEL01-MG"
468035;2022-08-14;"domingo";"12:00:00";"MG";40;602;"CONGONHAS";"Conversão proibida";"Colisão transversal";"Com Vítimas Feridas";"Pleno dia";"Crescente";"Céu Claro";"Simples";"Curva";"Não";3;0;1;0;2;0;1;2;-20,44144994;-43,84081364;"SPRF-MG";"DEL05-MG";"UOP02-DEL05-MG"
468037;2022-08-14;"domingo";"06:00:00";"RN";101;103;"PARNAMIRIM";"Reação tardia ou ineficiente do condutor";"Colisão traseira";"Com Vítimas Feridas";"Pleno dia";"Decrescente";"Céu Claro";"Dupla";"Reta";"Sim";2;0;0;1;1;0;1;2;-5,890267;-35,2495989;"SPRF-RN";"DEL01-RN";"UOP01-DEL01-RN"
468038;2022-08-14;"domingo";"11:30:00";"RS";116;91;"CAMPESTRE DA SERRA";"Reação tardia ou ineficiente do condutor";"Saída de leito carroçável";"Com Vítimas Feridas";"Pleno dia";"Decrescente";"Céu Claro";"Simples";"Curva";"Não";3;0;2;0;0;1;2;2;-28,86918963;-51,11955903;"SPRF-RS";"DEL05-RS";"UOP03-DEL05-RS"
468039;2022-08-14;"domingo";"12:30:00";"SP";153;64;"SAO JOSE DO RIO PRETO";"Reação tardia ou ineficiente do condutor";"Saída de leito carroçável";"Com Vítimas Feridas";"Pleno dia";"Crescente";"Céu Claro";"Dupla";"Curva;Retorno Regulamentado";"Sim";2;0;1;0;1;0;1;1;-20,82919401;-49,36046325;"SPRF-SP";"DEL09-SP";"UOP01-DEL09-SP"
468040;2022-08-14;"domingo";"10:30:00";"PB";412;133,9;"MONTEIRO";"Reação tardia ou ineficiente do condutor";"Capotamento";"Com Vítimas Feridas";"Pleno dia";"Crescente";"Sol";"Simples";"Reta";"Não";3;0;2;0;1;0;2;1;-7,82008;-37,042686;"SPRF-PB";"DEL02-PB";"UOP02-DEL02-PB"
468041;2022-08-14;"domingo";"06:20:00";"MG";153;111;"PRATA";"Reação tardia ou ineficiente do condutor";"Colisão traseira";"Com Vítimas Feridas";"Amanhecer";"Crescente";"Ignorado";"Simples";"Declive;Reta";"Não";3;0;0;2;1;0;2;2;-19,32365762;-48,90634775;"SPRF-MG";"DEL15-MG";"UOP03-DEL15-MG"
468043;2022-08-14;"domingo";"13:00:00";"SP";116;229;"SAO PAULO";"Acessar a via sem observar a presença dos outros veículos";"Colisão traseira";"Com Vítimas Feridas";"Pleno dia";"Crescente";"Céu Claro";"Múltipla";"Reta";"Sim";3;0;1;0;1;1;1;3;-23,51291902;-46,57604698;"SPRF-SP";"DEL01-SP";"UOP01-DEL01-SP"
468044;2022-08-14;"domingo";"13:05:00";"SC";101;21;"JOINVILLE";"Velocidade Incompatível";"Colisão com objeto";"Com Vítimas Feridas";"Pleno dia";"Crescente";"Nublado";"Dupla";"Curva";"Não";1;0;1;0;0;0;1;1;-26,14793022;-48,90894562;"SPRF-SC";"DEL03-SC";"UOP01-DEL03-SC"
468046;2022-08-06;"sábado";"19:35:00";"SP";153;64,9;"SAO JOSE DO RIO PRETO";"Reação tardia ou ineficiente do condutor";"Colisão traseira";"Sem Vítimas";"Plena Noite";"Crescente";"Céu Claro";"Dupla";"Reta";"Sim";3;0;0;0;3;0;0;2;-20,82919401;-49,36046325;"SPRF-SP";"DEL09-SP";"UOP01-DEL09-SP"
468047;2022-08-14;"domingo";"12:45:00";"BA";116;314,2;"ARACI";"Manobra de mudança de faixa";"Colisão traseira";"Com Vítimas Feridas";"Pleno dia";"Crescente";"Chuva";"Simples";"Reta";"Não";8;0;5;3;0;0;8;2;-11,28262783;-38,92744931;"SPRF-BA";"DEL02-BA";"UOP01-DEL02-BA"
468050;2022-08-14;"domingo";"14:00:00";"MG";40;628,1;"CONSELHEIRO LAFAIETE";"Manobra de mudança de faixa";"Colisão lateral mesmo sentido";"Com Vítimas Feridas";"Pleno dia";"Decrescente";"Céu Claro";"Simples";"Reta";"Sim";5;0;1;0;3;1;1;2;-20,65275249;-43,80881295;"SPRF-MG";"DEL05-MG";"UOP02-DEL05-MG"
468052;2022-07-17;"domingo";"21:00:00";"BA";116;358;"SERRINHA";"Condutor deixou de manter distância do veículo da frente";"Colisão traseira";"Com Vítimas Feridas";"Plena Noite";"Crescente";"Ignorado";"Simples";"Reta";"Sim";2;0;2;0;0;0;2;1;-11,67518434;-38,99661541;"SPRF-BA";"DEL02-BA";"UOP01-DEL02-BA"
468053;2022-08-14;"domingo";"13:45:00";"ES";101;278;"SERRA";"Pedestre cruzava a pista fora da faixa";"Colisão transversal";"Com Vítimas Feridas";"Pleno dia";"Decrescente";"Céu Claro";"Dupla";"Reta";"Não";3;0;0;1;2;0;1;2;-20,21698365;-40,32974606;"SPRF-ES";"DEL02-ES";"UOP01-DEL02-ES"