"id";"data_inversa";"dia_semana";"horario";"uf";"br";"km";"municipio";"causa_acidente";"tipo_acidente";"classificacao_acidente";"fase_dia";"sentido_via";"condicao_metereologica";"tipo_pista";"tracado_via";"uso_solo";"pessoas";"mortos";"feridos_leves";"feridos_graves";"ilesos";"ignorados";"feridos";"veiculos";"latitude";"longitude";"regional";"delegacia";"uop"
468054;2022-05-21;"sábado";"21:00:00";"SC";470;86,7;"RODEIO";"Velocidade Incompatível";"Colisão frontal";"Com Vítimas Fatais";"Plena Noite";"Crescente";"Céu Claro";"Simples";"Curva";"Não";3;1;0;0;2;0;0;2;-26,9483068;-49,366025;"SPRF-SC";"DEL04-SC";"UOP01-DEL04-SC"
468055;2022-08-14;"domingo";"13:40:00";"MG";381;368;"SAO GONCALO DO RIO ABAIXO";"Demais falhas mecânicas ou elétricas";"Incêndio";"Sem Vítimas";"Pleno dia";"Crescente";"Céu Claro";"Simples";"Curva";"Não";1;0;0;0;1;0;0;1;-19,85072732;-43,28377384;"SPRF-MG";"DEL03-MG";"UOP01-DEL03-MG"
468056;2022-08-14;"domingo";"14:40:00";"PE";101;157;"GAMELEIRA";"Velocidade Incompatível";"Capotamento";"Sem Vítimas";"Pleno dia";"Crescente";"Sol";"Dupla";"Retorno Regulamentado";"Não";1;0;0;0;1;0;0;1;-8,55352976;-35,3964161;"SPRF-PE";"DEL01-PE";"UOP03-DEL01-PE"
468058;2022-08-14;"domingo";"08:50:00";"RJ";101;321;"NITEROI";"Reação tardia ou ineficiente do condutor";"Queda de ocupante de veículo";"Com Vítimas Feridas";"Pleno dia";"Crescente";"Céu Claro";"Dupla";"Curva";"Sim";1;0;1;0;0;0;1;1;-22,86712025;-43,11022282;"SPRF-RJ";"DEL02-RJ";"UOP01-DEL02-RJ"
468059;2022-08-14;"domingo";"14:15:00";"SC";282;578,1;"PINHALZINHO";"Acessar a via sem observar a presença dos outros veículos";"Colisão transversal";"Com Vítimas Feridas";"Pleno dia";"Decrescente";"Céu Claro";"Simples";"Rotatória";"Sim";3;0;1;0;2;0;1;2;-26,838364;-52,985279;"SPRF-SC";"DEL07-SC";"UOP02-DEL07-SC"
468060;2022-08-14;"domingo";"13:00:00";"PR";376;84;"GUAIRACA";"Mal súbito do condutor";"Saída de leito carroçável";"Com Vítimas Feridas";"Pleno dia";"Crescente";"Céu Claro";"Simples";"Reta";"Não";2;0;2;0;0;0;2;1;-22,972677;-52,616894;"SPRF-PR";"DEL09-PR";"UOP02-DEL09-PR"
468061;2022-08-14;"domingo";"15:30:00";"GO";60;272,3;"JANDAIA";"Condutor Dormindo";"Saída de leito carroçável";"Com Vítimas Fatais";"Pleno dia";"Decrescente";"Céu Claro";"Simples";"Reta";"Não";3;1;0;2;0;0;2;1;-17,2131527;-50,1601665;"SPRF-GO";"DEL01-GO";"UOP02-DEL01-GO"
468063;2022-08-14;"domingo";"11:35:00";"MG";116;539,1;"SANTA RITA DE MINAS";"Acessar a via sem observar a presença dos outros veículos";"Colisão transversal";"Com Vítimas Feridas";"Pleno dia";"Crescente";"Céu Claro";"Simples";"Reta";"Não";3;0;1;1;1;0;2;3;-19,87102849;-42,13359833;"SPRF-MG";"DEL06-MG";"UOP02-DEL06-MG"
468064;2022-08-14;"domingo";"14:40:00";"MG";50;13;"ARAGUARI";"Reação tardia ou ineficiente do condutor";"Colisão traseira";"Sem Vítimas";"Pleno dia";"Decrescente";"Céu Claro";"Dupla";"Reta";"Não";3;0;0;0;3;0;0;2;-18,5395230171;-48,0468510867;"SPRF-MG";"DEL15-MG";"UOP02-DEL15-MG"
468066;2022-08-14;"domingo";"15:10:00";"SP";381;9;"VARGEM";"Demais falhas mecânicas ou elétricas";"Incêndio";"Sem Vítimas";"Pleno dia";"Decrescente";"Céu Claro";"Dupla";"Reta";"Não";2;0;0;0;2;0;0;1;-22,91848925;-46,43468788;"SPRF-SP";"DEL03-SP";"UOP01-DEL03-SP"
468067;2022-08-14;"domingo";"16:10:00";"SP";381;37;"ATIBAIA";"Ausência de reação do condutor";"Colisão com objeto";"Com Vítimas Feridas";"Pleno dia";"Crescente";"Céu Claro";"Dupla";"Reta";"Não";3;0;1;0;2;0;1;1;-23,10506237;-46,56881577;"SPRF-SP";"DEL03-SP";"UOP01-DEL03-SP"
468068;2022-08-14;"domingo";"15:45:00";"PB";101;73;"SANTA RITA";"Ausência de reação do condutor";"Colisão traseira";"Sem Vítimas";"Pleno dia";"Decrescente";"Céu Claro";"Dupla";"Reta";"Não";3;0;0;0;3;0;0;3;-7,07828212;-34,98823508;"SPRF-PB";"DEL01-PB";"UOP04-DEL01-PB"
468069;2022-08-14;"domingo";"16:42:00";"MG";381;478,2;"CONTAGEM";"Manobra de mudança de faixa";"Colisão lateral mesmo sentido";"Com Vítimas Fatais";"Pleno dia";"Decrescente";"Céu Claro";"Dupla";"Declive;Reta";"Sim";6;1;1;0;3;1;1;5;-19,96105;-44,03706;"SPRF-MG";"DEL01-MG";"UOP03-DEL01-MG"
468070;2022-08-14;"domingo";"15:00:00";"BA";242;807;"BARREIRAS";"Ausência de reação do condutor";"Saída de leito carroçável";"Com Vítimas Feridas";"Pleno dia";"Crescente";"Sol";"Simples";"Curva";"Não";1;0;0;1;0;0;1;1;-12,13465185;-45,11107827;"SPRF-BA";"DEL10-BA";"UOP01-DEL10-BA"
468071;2022-08-14;"domingo";"16:45:00";"MG";381;920,3;"CAMANDUCAIA";"Velocidade Incompatível";"Saída de leito carroçável";"Sem Vítimas";"Pleno dia";"Crescente";"Céu Claro";"Dupla";"Reta";"Não";1;0;0;0;1;0;0;1;-22,7704869;-46,20021296;"SPRF-MG";"DEL16-MG";"UOP03-DEL16-MG"
468072;2022-08-14;"domingo";"16:20:00";"RJ";116;207;"SEROPEDICA";"Reação tardia ou ineficiente do condutor";"Colisão lateral mesmo sentido";"Sem Vítimas";"Pleno dia";"Crescente";"Céu Claro";"Dupla";"Curva";"Não";4;0;0;0;4;0;0;2;-22,72454443;-43,66145706;"SPRF-RJ";"DEL01-RJ";"UOP03-DEL01-RJ"
468073;2022-08-14;"domingo";"16:35:00";"GO";40;13;"LUZIANIA";"Condutor deixou de manter distância do veículo da frente";"Colisão traseira";"Sem Vítimas";"Pleno dia";"Crescente";"Céu Claro";"Dupla";"Reta";"Não";2;0;0;0;1;1;0;2;-16,151832;-47,939162;"SPRF-DF";"DEL01-DF";"UOP01-DEL01-DF"
468074;2022-08-14;"domingo";"16:40:00";"PB";230;44,3;"SANTA RITA";"Condutor Dormindo";"Saída de leito carroçável";"Sem Vítimas";"Pleno dia";"Decrescente";"Sol";"Dupla";"Reta";"Não";1;0;0;0;1;0;0;1;-7,1426;-34,9956;"SPRF-PB";"DEL01-PB";"UOP03-DEL01-PB"
468075;2022-08-14;"domingo";"16:45:00";"SP";116;213;"GUARULHOS";"Reação tardia ou ineficiente do condutor";"Colisão com objeto";"Sem Vítimas";"Pleno dia";"Crescente";"Céu Claro";"Múltipla";"Reta";"Sim";2;0;0;0;2;0;0;1;-23,43971486;-46,43667806;"SPRF-SP";"DEL01-SP";"UOP01-DEL01-SP"
468076;2022-08-14;"domingo";"17:00:00";"MG";40;516;"RIBEIRAO DAS NEVES";"Ingestão de álcool pelo condutor";"Engavetamento";"Sem Vítimas";"Pleno dia";"Crescente";"Céu Claro";"Dupla";"Reta";"Sim";5;0;0;0;5;0;0;5;-19,81724954;-44,08888042;"SPRF-MG";"DEL01-MG";"UOP02-DEL01-MG"
468077;2022-08-14;"domingo";"17:00:00";"RS";290;116;"ELDORADO DO SUL";"Condutor deixou de manter distância do veículo da frente";"Engavetamento";"Sem Vítimas";"Pleno dia";"Decrescente";"Céu Claro";"Simples";"Reta";"Não";3;0;0;0;2;1;0;3;-30,046543;-51,367748;"SPRF-RS";"DEL02-RS";"UOP01-DEL02-RS"
468079;2022-08-14;"domingo";"17:25:00";"RS";386;435,3;"NOVA SANTA RITA";"Acessar a via sem observar a presença dos outros veículos";"Colisão transversal";"Com Vítimas Feridas";"Pleno dia";"Decrescente";"Céu Claro";"Dupla";"Rotatória";"Sim";3;0;0;2;1;0;2;2;-29,84774161;-51,27106369;"SPRF-RS";"DEL04-RS";"UOP02-DEL04-RS"
468080;2022-08-14;"domingo";"17:15:00";"PR";277;116;"CAMPO LARGO";"Ausência de reação do condutor";"Capotamento";"Com Vítimas Feridas";"Pleno dia";"Decrescente";"Céu Claro";"Dupla";"Reta";"Sim";2;0;1;0;1;0;1;1;-25,43932174;-49,51220512;"SPRF-PR";"DEL03-PR";"UOP03-DEL03-PR"
468083;2022-08-14;"domingo";"16:30:00";"MG";381;500;"BETIM";"Demais falhas mecânicas ou elétricas";"Incêndio";"Sem Vítimas";"Pleno dia";"Decrescente";"Sol";"Dupla";"Aclive;Curva";"Não";1;0;0;0;1;0;0;1;-20,02513493;-44,23112709;"SPRF-MG";"DEL01-MG";"UOP03-DEL01-MG"
468084;2022-08-14;"domingo";"17:58:00";"ES";101;203,6;"JOAO NEIVA";"Velocidade Incompatível";"Tombamento";"Com Vítimas Feridas";"Plena Noite";"Decrescente";"Céu Claro";"Dupla";"Reta";"Não";1;0;1;0;0;0;1;1;-19,74448248;-40,37263506;"SPRF-ES";"DEL02-ES";"UOP01-DEL02-ES"
468085;2022-08-14;"domingo";"17:15:00";"MG";116;417;"GOVERNADOR VALADARES";"Ingestão de álcool pelo condutor";"Colisão transversal";"Com Vítimas Feridas";"Anoitecer";"Crescente";"Nublado";"Simples";"Reta";"Sim";2;0;1;0;1;0;1;2;-18,90130308;-41,94492414;"SPRF-MG";"DEL06-MG";"UOP01-DEL06-MG"
468086;2022-08-14;"domingo";"15:00:00";"MG";116;758,8;"LEOPOLDINA";"Reação tardia ou ineficiente do condutor";"Saída de leito carroçável";"Com Vítimas Fatais";"Pleno dia";"Decrescente";"Céu Claro";"Simples";"Reta";"Não";1;1;0;0;0;0;0;1;-21,50243487;-42,60067703;"SPRF-MG";"DEL07-MG";"UOP01-DEL07-MG"
468087;2022-08-14;"domingo";"13:30:00";"RS";158;344,2;"SANTA MARIA";"Reação tardia ou ineficiente do condutor";"Capotamento";"Sem Vítimas";"Pleno dia";"Crescente";"Céu Claro";"Simples";"Curva";"Não";1;0;0;0;0;1;0;1;-29,74670765;-53,96020419;"SPRF-RS";"DEL09-RS";"UOP01-DEL09-RS"
468090;2022-08-14;"domingo";"16:30:00";"RJ";40;105;"DUQUE DE CAXIAS";"Ingestão de álcool pelo condutor";"Colisão lateral mesmo sentido";"Sem Vítimas";"Pleno dia";"Decrescente";"Céu Claro";"Dupla";"Reta";"Sim";3;0;0;0;3;0;0;3;-22,63784806;-43,28428824;"SPRF-RJ";"DEL01-RJ";"UOP01-DEL01-RJ"
468091;2022-08-14;"domingo";"18:25:00";"SC";101;109,9;"PENHA";"Ausência de reação do condutor";"Colisão traseira";"Sem Vítimas";"Plena Noite";"Crescente";"Céu Claro";"Dupla";"Reta";"Não";3;0;0;0;3;0;0;3;-26,8333519;-48,69632106;"SPRF-SC";"DEL03-SC";"UOP02-DEL03-SC"
468093;2022-08-14;"domingo";"16:25:00";"MG";381;718,3;"CARMO DA CACHOEIRA";"Velocidade Incompatível";"Saída de leito carroçável";"Com Vítimas Feridas";"Pleno dia";"Crescente";"Céu Claro";"Dupla";"Reta";"Não";3;0;3;0;0;0;3;1;-21,409693;-45,211252;"SPRF-MG";"DEL04-MG";"UOP02-DEL04-MG"
468094;2022-08-14;"domingo";"18:40:00";"SP";116;222;"GUARULHOS";"Pedestre andava na pista";"Atropelamento de Pedestre";"Com Vítimas Feridas";"Plena Noite";"Crescente";"Céu Claro";"Múltipla";"Reta";"Sim";2;0;0;1;1;0;1;2;-23,47093408;-46,51631097;"SPRF-SP";"DEL01-SP";"UOP01-DEL01-SP"
468098;2022-08-14;"domingo";"19:00:00";"PR";277;71;"SAO JOSE DOS PINHAIS";"Manobra de mudança de faixa";"Tombamento";"Com Vítimas Feridas";"Plena Noite";"Crescente";"Céu Claro";"Dupla";"Reta";"Sim";2;0;1;0;1;0;1;2;-25,50908281;-49,13336597;"SPRF-PR";"DEL01-PR";"UOP01-DEL01-PR"
468099;2022-08-14;"domingo";"17:08:00";"PR";369;185;"ARAPONGAS";"Velocidade Incompatível";"Colisão traseira";"Com Vítimas Feridas";"Pleno dia";"Decrescente";"Céu Claro";"Simples";"Reta";"Sim";10;0;1;0;9;0;1;4;-23,41914495;-51,42577954;"SPRF-PR";"DEL07-PR";"UOP03-DEL07-PR"
468101;2022-08-14;"domingo";"18:40:00";"RJ";116;168;"SAO JOAO DE MERITI";"Ausência de reação do condutor";"Colisão traseira";"Com Vítimas Feridas";"Plena Noite";"Decrescente";"Céu Claro";"Múltipla";"Reta";"Sim";3;0;1;0;2;0;1;2;-22,79270056;-43,36677074;"SPRF-RJ";"DEL01-RJ";"UOP02-DEL01-RJ"
468102;2022-08-14;"domingo";"17:50:00";"SC";470;76;"INDAIAL";"Ultrapassagem Indevida";"Colisão lateral mesmo sentido";"Com Vítimas Feridas";"Anoitecer";"Decrescente";"Nublado";"Simples";"Reta";"Não";2;0;1;0;1;0;1;2;-26,933308;-49,287426;"SPRF-SC";"DEL04-SC";"UOP01-DEL04-SC"
468103;2022-08-14;"domingo";"17:45:00";"MG";356;264,5;"MURIAE";"Frear bruscamente";"Colisão traseira";"Com Vítimas Feridas";"Plena Noite";"Crescente";"Céu Claro";"Simples";"Reta";"Sim";2;0;1;0;1;0;1;2;-21,12552649;-42,37547729;"SPRF-MG";"DEL07-MG";"UOP02-DEL07-MG"
468105;2022-08-14;"domingo";"19:10:00";"RS";285;283,5;"PASSO FUNDO";"Deficiência do Sistema de Iluminação/Sinalização";"Colisão traseira";"Com Vítimas Feridas";"Plena Noite";"Crescente";"Garoa/Chuvisco";"Simples";"Reta";"Não";7;0;1;1;5;0;2;2;-28,247482;-52,280666;"SPRF-RS";"DEL08-RS";"UOP03-DEL08-RS"
468107;2022-08-14;"domingo";"17:35:00";"PB";230;80,4;"RIACHAO DO POCO";"Manobra de mudança de faixa";"Colisão traseira";"Com Vítimas Feridas";"Anoitecer";"Crescente";"Céu Claro";"Dupla";"Curva";"Não";2;0;1;0;1;0;1;2;-7,1807;-35,3127;"SPRF-PB";"DEL01-PB";"UOP03-DEL01-PB"
468108;2022-08-14;"domingo";"19:30:00";"SC";280;23,6;"ARAQUARI";"Acesso irregular";"Colisão transversal";"Com Vítimas Feridas";"Plena Noite";"Crescente";"Nublado";"Simples";"Reta";"Sim";2;0;1;0;1;0;1;2;-26,37146;-48,711887;"SPRF-SC";"DEL03-SC";"UOP03-DEL03-SC"
468109;2022-08-14;"domingo";"19:15:00";"RS";290;109;"ELDORADO DO SUL";"Reação tardia ou ineficiente do condutor";"Colisão lateral mesmo sentido";"Com Vítimas Feridas";"Plena Noite";"Decrescente";"Nublado";"Dupla";"Reta";"Não";4;0;1;0;3;0;1;2;-30,015047;-51,317017;"SPRF-RS";"DEL02-RS";"UOP01-DEL02-RS"
468110;2022-08-14;"domingo";"18:45:00";"RO";364;199,4;"PIMENTA BUENO";"Ingestão de álcool pelo condutor";"Queda de ocupante de veículo";"Com Vítimas Feridas";"Anoitecer";"Decrescente";"Céu Claro";"Dupla";"Reta";"Não";1;0;1;0;0;0;1;1;-11,661617;-61,191055;"SPRF-RO";"DEL02-RO";"UOP02-DEL02-RO"
468111;2022-08-14;"domingo";"19:30:00";"RS";285;189,8;"LAGOA VERMELHA";"Velocidade Incompatível";"Saída de leito carroçável";"Com Vítimas Feridas";"Plena Noite";"Crescente";"Chuva";"Simples";"Curva";"Não";5;0;4;0;0;1;4;1;-28,260914;-51,480103;"SPRF-RS";"DEL08-RS";"UOP05-DEL08-RS"
468112;2022-08-14;"domingo";"18:30:00";"RJ";493;19,7;"MAGE";"Acessar a via sem observar a presença dos outros veículos";"Colisão transversal";"Sem Vítimas";"Plena Noite";"Crescente";"Céu Claro";"Simples";"Reta";"Não";2;0;0;0;2;0;0;2;-22,6663848;-43,02770248;"SPRF-RJ";"DEL04-RJ";"UOP02-DEL04-RJ"
468113;2022-08-14;"domingo";"19:00:00";"RJ";101;318;"NITEROI";"Ultrapassagem Indevida";"Colisão transversal";"Com Vítimas Feridas";"Plena Noite";"Decrescente";"Céu Claro";"Dupla";"Reta";"Sim";3;0;2;0;1;0;2;2;-22,84562994;-43,09841211;"SPRF-RJ";"DEL02-RJ";"UOP02-DEL02-RJ"
468114;2022-08-14;"domingo";"19:10:00";"SP";116;216;"GUARULHOS";"Ingestão de álcool pelo condutor";"Colisão com objeto";"Sem Vítimas";"Plena Noite";"Decrescente";"Céu Claro";"Múltipla";"Reta";"Sim";1;0;0;0;1;0;0;1;-23,45056589;-46,46258105;"SPRF-SP";"DEL01-SP";"UOP01-DEL01-SP"
468117;2022-08-14;"domingo";"20:00:00";"RS";116;523,1;"PELOTAS";"Ausência de reação do condutor";"Saída de leito carroçável";"Com Vítimas Feridas";"Plena Noite";"Crescente";"Céu Claro";"Dupla";"Reta";"Não";2;0;2;0;0;0;2;1;-31,72136584;-52,38140629;"SPRF-RS";"DEL07-RS";"UOP01-DEL07-RS"
468118;2022-08-14;"domingo";"19:15:00";"MG";116;533,7;"CARATINGA";"Conversão proibida";"Queda de ocupante de veículo";"Com Vítimas Feridas";"Plena Noite";"Crescente";"Céu Claro";"Simples";"Curva";"Não";2;0;1;0;0;1;1;1;-19,83021911;-42,13870525;"SPRF-MG";"DEL06-MG";"UOP02-DEL06-MG"
468119;2022-08-14;"domingo";"19:10:00";"MG";381;505,1;"BETIM";"Manobra de mudança de faixa";"Colisão lateral mesmo sentido";"Com Vítimas Feridas";"Plena Noite";"Decrescente";"Céu Claro";"Dupla";"Reta";"Sim";2;0;1;0;1;0;1;2;-20,03569;-44,24479;"SPRF-MG";"DEL01-MG";"UOP03-DEL01-MG"
468120;2022-08-14;"domingo";"19:48:00";"PE";424;85,6;"GARANHUNS";"Iluminação deficiente";"Capotamento";"Com Vítimas Feridas";"Plena Noite";"Crescente";"Céu Claro";"Simples";"Reta";"Sim";4;0;0;1;0;3;1;1;-8,85702308;-36,51218326;"SPRF-PE";"DEL03-PE";"UOP01-DEL03-PE"
468122;2022-08-14;"domingo";"18:50:00";"SE";101;93;"NOSSA SENHORA DO SOCORRO";"Acumulo de água sobre o pavimento";"Colisão lateral mesmo sentido";"Sem Vítimas";"Plena Noite";"Crescente";"Chuva";"Dupla";"Reta";"Não";2;0;0;0;1;1;0;2;-10,90212319;-37,14494787;"SPRF-SE";"DEL01-SE";"UOP01-DEL01-SE"
468123;2022-08-14;"domingo";"20:15:00";"PE";101;75;"RECIFE";"Condutor deixou de manter distância do veículo da frente";"Colisão traseira";"Com Vítimas Feridas";"Plena Noite";"Crescente";"Céu Claro";"Dupla";"Reta";"Sim";2;0;1;0;1;0;1;2;-8,10973523;-34,94660151;"SPRF-PE";"DEL01-PE";"UOP01-DEL01-PE"
468124;2022-08-14;"domingo";"19:00:00";"MG";381;850;"POUSO ALEGRE";"Reação tardia ou ineficiente do condutor";"Colisão traseira";"Com Vítimas Feridas";"Plena Noite";"Crescente";"Céu Claro";"Dupla";"Reta;Retorno Regulamentado";"Sim";2;0;1;0;1;0;1;2;-22,2786871;-45,89472262;"SPRF-MG";"DEL16-MG";"UOP01-DEL16-MG"
468125;2022-08-14;"domingo";"19:20:00";"PE";101;46,9;"IGARASSU";"Condutor deixou de manter distância do veículo da frente";"Colisão traseira";"Sem Vítimas";"Plena Noite";"Crescente";"Céu Claro";"Dupla";"Reta";"Sim";2;0;0;0;1;1;0;2;-7,87406004;-34,90588126;"SPRF-PE";"DEL01-PE";"UOP02-DEL01-PE"
468128;2022-08-14;"domingo";"20:30:00";"DF";20;11;"BRASILIA";"Acessar a via sem observar a presença dos outros veículos";"Colisão traseira";"Com Vítimas Feridas";"Plena Noite";"Crescente";"Céu Claro";"Dupla";"Retorno Regulamentado";"Sim";2;0;1;0;1;0;1;2;-15,64654;-47,766422;"SPRF-DF";"DEL02-DF";"UOP01-DEL02-DF"
468129;2022-08-14;"domingo";"20:20:00";"SP";116;227;"SAO PAULO";"Reação tardia ou ineficiente do condutor";"Capotamento";"Com Vítimas Feridas";"Plena Noite";"Decrescente";"Céu Claro";"Múltipla";"Reta";"Sim";2;0;0;2;0;0;2;1;-23,49659264;-46,55648754;"SPRF-SP";"DEL01-SP";"UOP01-DEL01-SP"
468131;2022-08-14;"domingo";"19:00:00";"PR";369;176,9;"ROLANDIA";"Pedestre cruzava a pista fora da faixa";"Atropelamento de Pedestre";"Com Vítimas Fatais";"Plena Noite";"Crescente";"Céu Claro";"Simples";"Reta";"Sim";3;1;0;0;0;2;0;2;-23,33622705;-51,38850689;"SPRF-PR";"DEL07-PR";"UOP01-DEL07-PR"
468132;2022-08-14;"domingo";"18:54:00";"MT";70;696;"CACERES";"Ingestão de álcool pelo condutor";"Colisão com objeto";"Com Vítimas Feridas";"Anoitecer";"Decrescente";"Céu Claro";"Simples";"Declive";"Não";2;0;2;0;0;0;2;1;-16,249094;-57,474252;"SPRF-MT";"DEL03-MT";"UOP01-DEL03-MT"
468133;2022-08-14;"domingo";"19:30:00";"MG";50;180;"UBERABA";"Ausência de reação do condutor";"Colisão com objeto";"Com Vítimas Feridas";"Plena Noite";"Decrescente";"Céu Claro";"Dupla";"Interseção de Vias";"Não";1;0;1;0;0;0;1;1;-19,77848216;-47,92194709;"SPRF-MG";"DEL13-MG";"UOP01-DEL13-MG"
468134;2022-08-14;"domingo";"20:35:00";"BA";116;813,1;"VITORIA DA CONQUISTA";"Reação tardia ou ineficiente do condutor";"Colisão lateral sentido oposto";"Com Vítimas Feridas";"Plena Noite";"Decrescente";"Céu Claro";"Simples";"Reta";"Sim";2;0;1;0;0;1;1;2;-14,8030473;-40,7794906;"SPRF-BA";"DEL08-BA";"UOP01-DEL08-BA"
468135;2022-08-14;"domingo";"18:15:00";"BA";30;351,7;"BRUMADO";"Ausência de reação do condutor";"Tombamento";"Com Vítimas Fatais";"Anoitecer";"Crescente";"Céu Claro";"Simples";"Reta";"Não";3;1;1;1;0;0;2;1;-14,25977961;-41,80693592;"SPRF-BA";"DEL08-BA";"UOP01-DEL08-BA"
468136;2022-08-14;"domingo";"20:00:00";"PR";116;130;"FAZENDA RIO GRANDE";"Ingestão de álcool pelo condutor";"Tombamento";"Sem Vítimas";"Plena Noite";"Decrescente";"Nevoeiro/Neblina";"Dupla";"Reta";"Sim";1;0;0;0;1;0;0;1;-25,674459;-49,315494;"SPRF-PR";"DEL01-PR";"UOP03-DEL01-PR"
468137;2022-08-14;"domingo";"18:30:00";"MG";267;13;"LEOPOLDINA";"Ultrapassagem Indevida";"Colisão frontal";"Com Vítimas Feridas";"Plena Noite";"Crescente";"Céu Claro";"Simples";"Reta";"Não";4;0;3;1;0;0;4;2;-21,58002681;-42,72282704;"SPRF-MG";"DEL07-MG";"UOP01-DEL07-MG"
468138;2022-08-14;"domingo";"19:45:00";"PR";153;324;"IRATI";"Ingestão de álcool pelo condutor";"Saída de leito carroçável";"Sem Vítimas";"Plena Noite";"Decrescente";"Céu Claro";"Simples";"Reta";"Não";1;0;0;0;1;0;0;1;-25,4199;-50,607508;"SPRF-PR";"DEL08-PR";"UOP02-DEL08-PR"
468139;2022-08-14;"domingo";"19:29:00";"RJ";40;26,5;"TRES RIOS";"Animais na Pista";"Atropelamento de Animal";"Sem Vítimas";"Plena Noite";"Decrescente";"Vento";"Dupla";"Reta";"Não";5;0;0;0;5;0;0;1;-22,16026158;-43,15739751;"SPRF-RJ";"DEL05-RJ";"UOP02-DEL05-RJ"
468140;2022-08-14;"domingo";"19:40:00";"PE";316;19;"ARARIPINA";"Acessar a via sem observar a presença dos outros veículos";"Colisão transversal";"Sem Vítimas";"Plena Noite";"Decrescente";"Céu Claro";"Simples";"Reta";"Não";2;0;0;0;2;0;0;2;-7,55297709;-40,53977312;"SPRF-PE";"DEL05-PE";"UOP02-DEL05-PE"
468141;2022-08-14;"domingo";"21:15:00";"SE";235;47,8;"ITABAIANA";"Ingestão de álcool pelo condutor";"Colisão traseira";"Sem Vítimas";"Plena Noite";"Crescente";"Chuva";"Simples";"Reta";"Não";2;0;0;0;2;0;0;2;-10,731889;-37,411335;"SPRF-SE";"DEL01-SE";"UOP02-DEL01-SE"
468142;2022-08-14;"domingo";"18:50:00";"PE";101;212;"XEXEU";"Acessar a via sem observar a presença dos outros veículos";"Colisão traseira";"Com Vítimas Fatais";"Plena Noite";"Crescente";"Nublado";"Dupla";"Reta";"Não";2;1;0;0;0;1;0;2;-8,86269194;-35,63166475;"SPRF-PE";"DEL01-PE";"UOP03-DEL01-PE"
468144;2022-08-14;"domingo";"19:30:00";"SC";116;21,5;"ITAIOPOLIS";"Reação tardia ou ineficiente do condutor";"Saída de leito carroçável";"Com Vítimas Feridas";"Plena Noite";"Crescente";"Céu Claro";"Simples";"Reta";"Não";1;0;0;1;0;0;1;1;-26,24948781;-49,90733133;"SPRF-SC";"DEL06-SC";"UOP01-DEL06-SC"
468145;2022-08-14;"domingo";"21:40:00";"PR";376;598;"CURITIBA";"Reação tardia ou ineficiente do condutor";"Queda de ocupante de veículo";"Com Vítimas Feridas";"Plena Noite";"Crescente";"Nublado";"Dupla";"Reta";"Sim";1;0;1;0;0;0;1;1;-25,5188802;-49,33506947;"SPRF-PR";"DEL01-PR";"UOP06-DEL01-PR"
468146;2022-08-14;"domingo";"21:00:00";"RS";116;268;"CANOAS";"Ingestão de álcool pelo condutor";"Colisão com objeto";"Sem Vítimas";"Plena Noite";"Decrescente";"Chuva";"Múltipla";"Reta";"Sim";1;0;0;0;1;0;0;1;-29,95042502;-51,17652939;"SPRF-RS";"DEL01-RS";"UOP01-DEL01-RS"
468147;2022-08-14;"domingo";"20:00:00";"RJ";101;267;"RIO BONITO";"Condutor usando celular";"Saída de leito carroçável";"Sem Vítimas";"Plena Noite";"Decrescente";"Céu Claro";"Dupla";"Reta";"Não";1;0;0;0;1;0;0;1;-22,72935968;-42,70112512;"SPRF-RJ";"DEL02-RJ";"UOP03-DEL02-RJ"
468149;2022-08-14;"domingo";"18:40:00";"MS";463;3;"DOURADOS";"Acesso irregular";"Colisão lateral mesmo sentido";"Com Vítimas Feridas";"Plena Noite";"Crescente";"Céu Claro";"Simples";"Aclive;Reta";"Sim";3;0;2;1;0;0;3;2;-22,25927033;-54,83271183;"SPRF-MS";"DEL04-MS";"UOP01-DEL04-MS"
468150;2022-08-14;"domingo";"22:10:00";"PB";101;93;"JOAO PESSOA";"Condutor Dormindo";"Saída de leito carroçável";"Com Vítimas Feridas";"Plena Noite";"Decrescente";"Céu Claro";"Dupla";"Reta";"Não";1;0;1;0;0;0;1;1;-7,205825;-34,90879;"SPRF-PB";"DEL01-PB";"UOP02-DEL01-PB"
468151;2022-08-14;"domingo";"21:45:00";"SC";101;209;"SAO JOSE";"Condutor deixou de manter distância do veículo da frente";"Colisão traseira";"Com Vítimas Feridas";"Plena Noite";"Decrescente";"Céu Claro";"Dupla";"Reta";"Sim";3;0;0;2;1;0;2;2;-27,61000542;-48,63895057;"SPRF-SC";"DEL01-SC";"UOP01-DEL01-SC"
468152;2022-08-14;"domingo";"21:00:00";"PR";277;685;"SAO MIGUEL DO IGUACU";"Ausência de reação do condutor";"Eventos atípicos";"Sem Vítimas";"Plena Noite";"Decrescente";"Céu Claro";"Dupla";"Aclive";"Não";1;0;0;0;0;1;0;1;-25,3350861;-54,207268;"SPRF-PR";"DEL05-PR";"UOP01-DEL05-PR"
468153;2022-08-14;"domingo";"22:15:00";"RS";392;67;"PELOTAS";"Condutor deixou de manter distância do veículo da frente";"Colisão traseira";"Sem Vítimas";"Plena Noite";"Crescente";"Nublado";"Simples";"Interseção de Vias;Rotatória";"Sim";3;0;0;0;3;0;0;3;-31,75645811;-52,39991963;"SPRF-RS";"DEL07-RS";"UOP01-DEL07-RS"