"id";"data_inversa";"dia_semana";"horario";"uf";"br";"km";"municipio";"causa_acidente";"tipo_acidente";"classificacao_acidente";"fase_dia";"sentido_via";"condicao_metereologica";"tipo_pista";"tracado_via";"uso_solo";"pessoas";"mortos";"feridos_leves";"feridos_graves";"ilesos";"ignorados";"feridos";"veiculos";"latitude";"longitude";"regional";"delegacia";"uop"
468155;2022-08-14;"domingo";"19:00:00";"RS";468;98;"TRES PASSOS";"Reação tardia ou ineficiente do condutor";"Colisão traseira";"Com Vítimas Feridas";"Plena Noite";"Crescente";"Céu Claro";"Simples";"Curva";"Não";2;0;0;1;1;0;1;2;-27,47583652;-53,91317368;"SPRF-RS";"DEL08-RS";"UOP02-DEL08-RS"
468156;2022-08-14;"domingo";"18:10:00";"PB";230;82;"CALDAS BRANDAO";"Velocidade Incompatível";"Queda de ocupante de veículo";"Com Vítimas Feridas";"Plena Noite";"Decrescente";"Céu Claro";"Simples";"Reta";"Sim";2;0;1;0;0;1;1;1;-7,1727;-35,3284;"SPRF-PB";"DEL01-PB";"UOP03-DEL01-PB"
468157;2022-08-14;"domingo";"17:30:00";"MA";10;244;"DAVINOPOLIS";"Condutor deixou de manter distância do veículo da frente";"Colisão traseira";"Sem Vítimas";"Pleno dia";"Crescente";"Céu Claro";"Simples";"Reta";"Não";4;0;0;0;2;2;0;3;-5,596112;-47,42886;"SPRF-MA";"DEL04-MA";"UOP01-DEL04-MA"
468160;2022-08-14;"domingo";"22:30:00";"PR";277;700,2;"SAO MIGUEL DO IGUACU";"Demais falhas mecânicas ou elétricas";"Incêndio";"Sem Vítimas";"Plena Noite";"Crescente";"Céu Claro";"Dupla";"Reta";"Não";2;0;0;0;2;0;0;1;-25,40601241;-54,32821775;"SPRF-PR";"DEL05-PR";"UOP01-DEL05-PR"
468162;2022-08-14;"domingo";"23:03:00";"SC";101;201,7;"SAO JOSE";"Manobra de mudança de faixa";"Colisão lateral mesmo sentido";"Com Vítimas Feridas";"Plena Noite";"Crescente";"Nublado";"Múltipla";"Reta";"Sim";2;0;0;1;1;0;1;2;-27,54836599;-48,61977975;"SPRF-SC";"DEL01-SC";"UOP01-DEL01-SC"
468163;2022-08-14;"domingo";"21:35:00";"RJ";40;102;"DUQUE DE CAXIAS";"Ingestão de álcool pelo condutor";"Colisão com objeto";"Sem Vítimas";"Plena Noite";"Decrescente";"Céu Claro";"Múltipla";"Curva";"Sim";1;0;0;0;1;0;0;1;-22,61089297;-43,28656077;"SPRF-RJ";"DEL01-RJ";"UOP01-DEL01-RJ"
468164;2022-08-14;"domingo";"23:40:00";"SC";101;197;"BIGUACU";"Acessar a via sem observar a presença dos outros veículos";"Atropelamento de Pedestre";"Com Vítimas Feridas";"Plena Noite";"Decrescente";"Céu Claro";"Múltipla";"Reta";"Sim";2;0;1;1;0;0;2;2;-27,51844497;-48,63848496;"SPRF-SC";"DEL01-SC";"UOP01-DEL01-SC"
468165;2022-08-14;"domingo";"22:00:00";"MG";262;401;"PARA DE MINAS";"Condutor deixou de manter distância do veículo da frente";"Colisão traseira";"Sem Vítimas";"Plena Noite";"Decrescente";"Céu Claro";"Dupla";"Curva";"Não";8;0;0;0;8;0;0;2;-19,88458892;-44,6159935;"SPRF-MG";"DEL01-MG";"UOP03-DEL01-MG"
468166;2022-08-14;"domingo";"19:00:00";"BA";324;537;"AMELIA RODRIGUES";"Acessar a via sem observar a presença dos outros veículos";"Colisão transversal";"Com Vítimas Feridas";"Plena Noite";"Decrescente";"Chuva";"Dupla";"Retorno Regulamentado";"Sim";5;0;3;0;2;0;3;2;-12,37696048;-38,80268097;"SPRF-BA";"DEL01-BA";"UOP03-DEL01-BA"
468168;2022-08-14;"domingo";"22:20:00";"PR";369;158,9;"CAMBE";"Ausência de reação do condutor";"Colisão lateral mesmo sentido";"Com Vítimas Feridas";"Plena Noite";"Decrescente";"Vento";"Dupla";"Reta;Declive";"Não";3;0;0;2;1;0;2;2;-23,28502063;-51,24044895;"SPRF-PR";"DEL07-PR";"UOP01-DEL07-PR"
468170;2022-08-14;"domingo";"23:20:00";"SC";101;196,4;"BIGUACU";"Acesso irregular";"Atropelamento de Pedestre";"Com Vítimas Fatais";"Plena Noite";"Crescente";"Céu Claro";"Múltipla";"Reta";"Sim";3;1;0;0;1;1;0;3;-27,5136765;-48,6403293;"SPRF-SC";"DEL01-SC";"UOP01-DEL01-SC"
468171;2022-08-14;"domingo";"23:50:00";"RS";101;9,9;"MAQUINE";"Reação tardia ou ineficiente do condutor";"Colisão frontal";"Com Vítimas Feridas";"Plena Noite";"Crescente";"Garoa/Chuvisco";"Simples";"Curva";"Sim";4;0;2;0;2;0;2;2;-29,752622;-50,173529;"SPRF-RS";"DEL03-RS";"UOP01-DEL03-RS"
468174;2022-08-14;"domingo";"19:30:00";"PE";407;23,6;"AFRANIO";"Velocidade Incompatível";"Eventos atípicos";"Com Vítimas Fatais";"Plena Noite";"Crescente";"Ignorado";"Simples";"Curva";"Não";1;1;0;0;0;0;0;1;-8,62237203;-40,99588613;"SPRF-PE";"DEL06-PE";"UOP02-DEL06-PE"
468175;2022-08-14;"domingo";"22:45:00";"PE";101;98;"CABO DE SANTO AGOSTINHO";"Animais na Pista";"Atropelamento de Animal";"Com Vítimas Feridas";"Plena Noite";"Decrescente";"Céu Claro";"Dupla";"Reta";"Não";2;0;2;0;0;0;2;1;-8,25653422;-35,03811793;"SPRF-PE";"DEL01-PE";"UOP03-DEL01-PE"
468176;2022-08-14;"domingo";"23:47:00";"PR";277;108;"CAMPO LARGO";"Reação tardia ou ineficiente do condutor";"Colisão lateral mesmo sentido";"Sem Vítimas";"Plena Noite";"Decrescente";"Céu Claro";"Múltipla";"Reta";"Sim";1;0;0;0;1;0;0;1;-25,435;-49,439;"SPRF-PR";"DEL03-PR";"UOP03-DEL03-PR"
468177;2022-08-15;"segunda-feira";"00:45:00";"RJ";101;487;"ANGRA DOS REIS";"Acessar a via sem observar a presença dos outros veículos";"Colisão transversal";"Com Vítimas Feridas";"Plena Noite";"Crescente";"Nublado";"Simples";"Rotatória";"Sim";3;0;0;2;1;0;2;2;-22,9682889051;-44,2986466289;"SPRF-RJ";"DEL03-RJ";"UOP03-DEL03-RJ"
468178;2022-08-15;"segunda-feira";"00:25:00";"GO";40;3;"VALPARAISO DE GOIAS";"Ingestão de álcool pelo condutor";"Saída de leito carroçável";"Sem Vítimas";"Plena Noite";"Decrescente";"Céu Claro";"Dupla";"Reta";"Sim";1;0;0;0;1;0;0;1;-16,076081;-47,985671;"SPRF-DF";"DEL01-DF";"UOP01-DEL01-DF"
468179;2022-08-14;"domingo";"23:15:00";"RO";364;709;"PORTO VELHO";"Conversão proibida";"Colisão transversal";"Com Vítimas Feridas";"Plena Noite";"Decrescente";"Céu Claro";"Dupla";"Reta";"Sim";4;0;0;1;2;1;1;3;-8,7909383;-63,84895617;"SPRF-RO";"DEL01-RO";"UOP01-DEL01-RO"
468180;2022-08-15;"segunda-feira";"00:05:00";"RJ";116;316,2;"RESENDE";"Ingestão de álcool pelo condutor";"Queda de ocupante de veículo";"Com Vítimas Feridas";"Plena Noite";"Decrescente";"Céu Claro";"Dupla";"Retorno Regulamentado";"Sim";1;0;0;1;0;0;1;1;-22,46560057;-44,49102813;"SPRF-RJ";"DEL07-RJ";"UOP02-DEL07-RJ"
468181;2022-08-15;"segunda-feira";"02:00:00";"SP";116;214;"GUARULHOS";"Ingestão de álcool pelo condutor";"Capotamento";"Com Vítimas Feridas";"Plena Noite";"Crescente";"Céu Claro";"Múltipla";"Em Obras;Reta";"Sim";1;0;1;0;0;0;1;1;-23,44333014;-46,44531294;"SPRF-SP";"DEL01-SP";"UOP01-DEL01-SP"
468186;2022-08-15;"segunda-feira";"01:30:00";"MT";364;238;"RONDONOPOLIS";"Reação tardia ou ineficiente do condutor";"Saída de leito carroçável";"Sem Vítimas";"Plena Noite";"Decrescente";"Ignorado";"Dupla";"Reta";"Sim";1;0;0;0;0;1;0;1;-16,21459217;-54,778862;"SPRF-MT";"DEL02-MT";"UOP01-DEL02-MT"
468187;2022-08-15;"segunda-feira";"00:30:00";"MA";402;10;"ROSARIO";"Acessar a via sem observar a presença dos outros veículos";"Colisão transversal";"Com Vítimas Fatais";"Plena Noite";"Decrescente";"Céu Claro";"Simples";"Interseção de Vias;Reta";"Sim";2;1;0;0;1;0;0;2;-2,941254;-44,245796;"SPRF-MA";"DEL01-MA";"UOP01-DEL01-MA"
468189;2022-08-15;"segunda-feira";"04:08:00";"DF";40;3;"BRASILIA";"Reação tardia ou ineficiente do condutor";"Colisão traseira";"Sem Vítimas";"Plena Noite";"Crescente";"Céu Claro";"Dupla";"Reta";"Sim";2;0;0;0;0;2;0;2;-16,003145;-47,983944;"SPRF-DF";"DEL01-DF";"UOP01-DEL01-DF"
468190;2022-08-15;"segunda-feira";"04:00:00";"GO";70;3,5;"AGUAS LINDAS DE GOIAS";"Ausência de reação do condutor";"Saída de leito carroçável";"Com Vítimas Feridas";"Plena Noite";"Crescente";"Céu Claro";"Dupla";"Reta;Aclive";"Sim";1;0;1;0;0;0;1;1;-15,76177302;-48,2368693;"SPRF-DF";"DEL03-DF";"UOP02-DEL03-DF"
468191;2022-08-15;"segunda-feira";"04:15:00";"PB";230;43,1;"SANTA RITA";"Condutor Dormindo";"Saída de leito carroçável";"Com Vítimas Feridas";"Amanhecer";"Decrescente";"Céu Claro";"Dupla";"Reta";"Não";1;0;0;1;0;0;1;1;-7,1479;-35,0029;"SPRF-PB";"DEL01-PB";"UOP03-DEL01-PB"
468194;2022-08-15;"segunda-feira";"05:25:00";"BA";410;1;"RIBEIRA DO POMBAL";"Reação tardia ou ineficiente do condutor";"Saída de leito carroçável";"Sem Vítimas";"Pleno dia";"Decrescente";"Céu Claro";"Simples";"Rotatória";"Sim";1;0;0;0;1;0;0;1;-10,81977994;-38,53734704;"SPRF-BA";"DEL07-BA";"UOP02-DEL07-BA"
468195;2022-08-15;"segunda-feira";"05:20:00";"MG";40;781,3;"JUIZ DE FORA";"Animais na Pista";"Atropelamento de Animal";"Com Vítimas Feridas";"Amanhecer";"Decrescente";"Nevoeiro/Neblina";"Dupla";"Curva";"Sim";2;0;1;0;1;0;1;1;-21,67939981;-43,44987329;"SPRF-MG";"DEL05-MG";"UOP01-DEL05-MG"
468197;2022-08-15;"segunda-feira";"04:45:00";"GO";60;15;"ALEXANIA";"Condutor Dormindo";"Saída de leito carroçável";"Com Vítimas Feridas";"Plena Noite";"Decrescente";"Céu Claro";"Dupla";"Reta;Declive";"Não";1;0;1;0;0;0;1;1;-16,094168;-48,517212;"SPRF-DF";"DEL03-DF";"UOP01-DEL03-DF"
468198;2022-08-15;"segunda-feira";"06:15:00";"BA";324;605;"SIMOES FILHO";"Avarias e/ou desgaste excessivo no pneu";"Queda de ocupante de veículo";"Com Vítimas Feridas";"Pleno dia";"Crescente";"Céu Claro";"Dupla";"Reta";"Não";2;0;2;0;0;0;2;1;-12,78605114;-38,40972508;"SPRF-BA";"DEL01-BA";"UOP01-DEL01-BA"
468199;2022-08-15;"segunda-feira";"06:20:00";"PR";277;583;"CASCAVEL";"Condutor deixou de manter distância do veículo da frente";"Colisão traseira";"Com Vítimas Feridas";"Amanhecer";"Decrescente";"Céu Claro";"Simples";"Reta";"Não";2;0;0;1;1;0;1;2;-24,97165493;-53,39428595;"SPRF-PR";"DEL04-PR";"UOP01-DEL04-PR"
468201;2022-08-15;"segunda-feira";"05:40:00";"SC";470;67;"INDAIAL";"Ausência de reação do condutor";"Saída de leito carroçável";"Sem Vítimas";"Plena Noite";"Crescente";"Nublado";"Simples";"Reta;Em Obras";"Não";1;0;0;0;0;1;0;1;-26,872158;-49,23127;"SPRF-SC";"DEL04-SC";"UOP01-DEL04-SC"
468207;2022-08-15;"segunda-feira";"00:00:00";"PA";155;296;"MARABA";"Ausência de reação do condutor";"Saída de leito carroçável";"Com Vítimas Fatais";"Plena Noite";"Decrescente";"Céu Claro";"Simples";"Reta";"Não";2;1;1;0;0;0;1;1;-5,761941;-49,164041;"SPRF-PA";"DEL03-PA";"UOP01-DEL03-PA"
468208;2022-08-15;"segunda-feira";"07:00:00";"SP";381;4;"VARGEM";"Animais na Pista";"Colisão traseira";"Com Vítimas Feridas";"Pleno dia";"Crescente";"Céu Claro";"Dupla";"Curva";"Não";2;0;0;1;1;0;1;2;-22,8826217;-46,40779515;"SPRF-SP";"DEL03-SP";"UOP01-DEL03-SP"
468211;2022-08-15;"segunda-feira";"07:00:00";"ES";101;270,5;"SERRA";"Reação tardia ou ineficiente do condutor";"Colisão transversal";"Com Vítimas Feridas";"Pleno dia";"Crescente";"Nublado";"Múltipla";"Reta;Interseção de Vias";"Sim";2;0;1;0;1;0;1;2;-20,22662056;-40,27075088;"SPRF-ES";"DEL02-ES";"UOP01-DEL02-ES"
468212;2022-08-15;"segunda-feira";"06:40:00";"PB";101;83;"BAYEUX";"Acessar a via sem observar a presença dos outros veículos";"Colisão lateral mesmo sentido";"Sem Vítimas";"Pleno dia";"Crescente";"Céu Claro";"Dupla";"Interseção de Vias";"Sim";3;0;0;0;3;0;0;2;-7,1337703;-34,92963914;"SPRF-PB";"DEL01-PB";"UOP01-DEL01-PB"
468213;2022-08-15;"segunda-feira";"00:00:00";"PE";423;23,6;"AFRANIO";"Demais Fenômenos da natureza";"Eventos atípicos";"Sem Vítimas";"Plena Noite";"Crescente";"Céu Claro";"Simples";"Reta";"Não";2;0;0;0;2;0;0;1;-8,62687;-40,99504;"SPRF-PE";"DEL03-PE";"UOP02-DEL03-PE"
468214;2022-08-15;"segunda-feira";"07:00:00";"PB";101;28;"RIO TINTO";"Ausência de reação do condutor";"Saída de leito carroçável";"Com Vítimas Feridas";"Pleno dia";"Decrescente";"Céu Claro";"Dupla";"Reta";"Não";1;0;1;0;0;0;1;1;-6,73315199;-35,12593202;"SPRF-PB";"DEL01-PB";"UOP04-DEL01-PB"
468215;2022-08-15;"segunda-feira";"07:00:00";"ES";101;271,2;"SERRA";"Desrespeitar a preferência no cruzamento";"Colisão transversal";"Com Vítimas Feridas";"Pleno dia";"Decrescente";"Céu Claro";"Múltipla";"Reta";"Sim";2;0;2;0;0;0;2;2;-20,23267;-40,27658;"SPRF-ES";"DEL02-ES";"UOP01-DEL02-ES"
468216;2022-08-15;"segunda-feira";"07:30:00";"SC";101;185;"BIGUACU";"Reação tardia ou ineficiente do condutor";"Saída de leito carroçável";"Com Vítimas Feridas";"Pleno dia";"Decrescente";"Céu Claro";"Dupla";"Reta";"Não";1;0;1;0;0;0;1;1;-27,42536698;-48,62465876;"SPRF-SC";"DEL01-SC";"UOP01-DEL01-SC"
468222;2022-08-15;"segunda-feira";"07:35:00";"SC";101;123;"ITAJAI";"Reação tardia ou ineficiente do condutor";"Queda de ocupante de veículo";"Com Vítimas Feridas";"Pleno dia";"Crescente";"Céu Claro";"Simples";"Interseção de Vias;Rotatória";"Sim";1;0;1;0;0;0;1;1;-26,93668609;-48,69876905;"SPRF-SC";"DEL04-SC";"UOP04-DEL04-SC"
468224;2022-08-15;"segunda-feira";"08:15:00";"PB";230;35,9;"SANTA RITA";"Ausência de reação do condutor";"Engavetamento";"Com Vítimas Feridas";"Pleno dia";"Crescente";"Sol";"Dupla";"Reta";"Sim";5;0;1;0;4;0;1;3;-7,1246;-34,9473;"SPRF-PB";"DEL01-PB";"UOP03-DEL01-PB"
468225;2022-08-15;"segunda-feira";"07:30:00";"DF";40;0,5;"BRASILIA";"Velocidade Incompatível";"Tombamento";"Com Vítimas Feridas";"Pleno dia";"Decrescente";"Céu Claro";"Dupla";"Reta";"Não";1;0;1;0;0;0;1;1;-15,976897;-47,990129;"SPRF-DF";"DEL01-DF";"UOP01-DEL01-DF"
468226;2022-08-15;"segunda-feira";"08:05:00";"PE";232;128,3;"CARUARU";"Condutor Dormindo";"Colisão traseira";"Com Vítimas Feridas";"Pleno dia";"Crescente";"Céu Claro";"Dupla";"Reta";"Sim";2;0;1;0;1;0;1;2;-8,30399306;-35,97216301;"SPRF-PE";"DEL02-PE";"UOP01-DEL02-PE"
468227;2022-08-15;"segunda-feira";"07:45:00";"MG";116;768,4;"LEOPOLDINA";"Reação tardia ou ineficiente do condutor";"Colisão transversal";"Com Vítimas Feridas";"Amanhecer";"Decrescente";"Céu Claro";"Simples";"Reta";"Sim";2;0;0;1;1;0;1;2;-21,54357124;-42,65688182;"SPRF-MG";"DEL07-MG";"UOP01-DEL07-MG"
468228;2022-08-15;"segunda-feira";"00:30:00";"BA";101;422;"MARAU";"Ingestão de álcool pelo condutor";"Saída de leito carroçável";"Com Vítimas Fatais";"Plena Noite";"Crescente";"Céu Claro";"Simples";"Curva";"Não";3;2;1;0;0;0;1;1;-14,25647613;-39,32308968;"SPRF-BA";"DEL05-BA";"UOP03-DEL05-BA"
468229;2022-08-15;"segunda-feira";"08:18:00";"PB";101;89;"JOAO PESSOA";"Velocidade Incompatível";"Queda de ocupante de veículo";"Com Vítimas Feridas";"Pleno dia";"Decrescente";"Sol";"Dupla";"Reta";"Sim";2;0;2;0;0;0;2;1;-7,17815879;-34,89965916;"SPRF-PB";"DEL01-PB";"UOP02-DEL01-PB"
468230;2022-08-15;"segunda-feira";"06:50:00";"MT";364;368,8;"SANTO ANTONIO DO LEVERGER";"Mal súbito do condutor";"Capotamento";"Com Vítimas Feridas";"Amanhecer";"Crescente";"Céu Claro";"Dupla";"Reta";"Não";1;0;0;1;0;0;1;1;-15,70723415;-55,70486248;"SPRF-MT";"DEL01-MT";"UOP02-DEL01-MT"
468231;2022-08-15;"segunda-feira";"08:05:00";"PR";467;107,3;"CASCAVEL";"Ausência de reação do condutor";"Colisão lateral mesmo sentido";"Com Vítimas Feridas";"Pleno dia";"Crescente";"Céu Claro";"Dupla";"Curva";"Não";3;0;1;0;2;0;1;2;-24,920967;-53,478458;"SPRF-PR";"DEL04-PR";"UOP01-DEL04-PR"
468232;2022-08-15;"segunda-feira";"07:45:00";"PR";376;601;"CURITIBA";"Manobra de mudança de faixa";"Colisão lateral mesmo sentido";"Com Vítimas Feridas";"Pleno dia";"Decrescente";"Sol";"Dupla";"Reta";"Sim";3;0;0;1;2;0;1;3;-25,537054;-49,31404;"SPRF-PR";"DEL01-PR";"UOP06-DEL01-PR"
468234;2022-08-15;"segunda-feira";"08:20:00";"MG";116;691,2;"MURIAE";"Reação tardia ou ineficiente do condutor";"Saída de leito carroçável";"Com Vítimas Feridas";"Pleno dia";"Crescente";"Sol";"Simples";"Curva";"Não";1;0;1;0;0;0;1;1;-21,01282731;-42,35978365;"SPRF-MG";"DEL07-MG";"UOP02-DEL07-MG"
468238;2022-08-15;"segunda-feira";"09:00:00";"SP";116;209;"GUARULHOS";"Condutor deixou de manter distância do veículo da frente";"Colisão traseira";"Com Vítimas Feridas";"Pleno dia";"Crescente";"Céu Claro";"Múltipla";"Reta";"Sim";2;0;0;1;1;0;1;2;-23,42511799;-46,40221101;"SPRF-SP";"DEL01-SP";"UOP01-DEL01-SP"
468239;2022-08-07;"domingo";"15:30:00";"GO";153;636;"MORRINHOS";"Ingestão de álcool pelo condutor";"Saída de leito carroçável";"Com Vítimas Feridas";"Pleno dia";"Decrescente";"Céu Claro";"Dupla";"Reta";"Não";2;0;0;2;0;0;2;1;-17,8453;-49,2191;"SPRF-GO";"DEL03-GO";"UOP01-DEL03-GO"
468240;2022-08-15;"segunda-feira";"07:30:00";"ES";262;63;"MARECHAL FLORIANO";"Velocidade Incompatível";"Capotamento";"Com Vítimas Feridas";"Pleno dia";"Crescente";"Céu Claro";"Simples";"Reta";"Não";1;0;0;1;0;0;1;1;-20,42077468;-40,80814348;"SPRF-ES";"DEL01-ES";"UOP02-DEL01-ES"
468241;2022-08-15;"segunda-feira";"08:50:00";"SP";116;385;"MIRACATU";"Ausência de reação do condutor";"Colisão lateral mesmo sentido";"Com Vítimas Feridas";"Pleno dia";"Crescente";"Céu Claro";"Dupla";"Reta";"Não";2;0;1;0;0;1;1;2;-24,254993;-47,375412;"SPRF-SP";"DEL04-SP";"UOP02-DEL04-SP"
468244;2022-08-15;"segunda-feira";"09:00:00";"MG";50;166;"UBERABA";"Problema com o freio";"Queda de ocupante de veículo";"Com Vítimas Feridas";"Pleno dia";"Decrescente";"Céu Claro";"Dupla";"Reta";"Não";1;0;1;0;0;0;1;1;-19,70178201;-47,98627802;"SPRF-MG";"DEL13-MG";"UOP01-DEL13-MG"
468245;2022-08-15;"segunda-feira";"07:40:00";"PE";104;61,6;"CARUARU";"Manobra de mudança de faixa";"Colisão lateral mesmo sentido";"Sem Vítimas";"Pleno dia";"Crescente";"Céu Claro";"Dupla";"Interseção de Vias";"Sim";3;0;0;0;2;1;0;3;-8,2529;-35,9751;"SPRF-PE";"DEL02-PE";"UOP01-DEL02-PE"
468247;2022-08-15;"segunda-feira";"03:20:00";"MT";174;250;"JAURU";"Ingestão de álcool pelo condutor";"Colisão frontal";"Com Vítimas Feridas";"Plena Noite";"Crescente";"Céu Claro";"Simples";"Reta";"Não";3;0;1;1;1;0;2;2;-15,48569018;-59,06631404;"SPRF-MT";"DEL04-MT";"UOP01-DEL04-MT"
468249;2022-08-15;"segunda-feira";"05:30:00";"PR";277;388,4;"CANDOI";"Reação tardia ou ineficiente do condutor";"Saída de leito carroçável";"Com Vítimas Feridas";"Amanhecer";"Crescente";"Céu Claro";"Simples";"Reta";"Não";1;0;1;0;0;0;1;1;-25,4345774;-51,80956591;"SPRF-PR";"DEL08-PR";"UOP01-DEL08-PR"
468250;2022-08-04;"quinta-feira";"14:38:00";"PI";343;139,8;"PIRACURUCA";"Acessar a via sem observar a presença dos outros veículos";"Colisão transversal";"Com Vítimas Fatais";"Pleno dia";"Decrescente";"Céu Claro";"Dupla";"Reta";"Sim";2;1;0;0;1;0;0;2;-3,920288;-41,712495;"SPRF-PI";"DEL02-PI";"UOP01-DEL02-PI"
468251;2022-08-15;"segunda-feira";"09:40:00";"RS";290;91;"PORTO ALEGRE";"Reação tardia ou ineficiente do condutor";"Colisão traseira";"Com Vítimas Fatais";"Pleno dia";"Crescente";"Chuva";"Múltipla";"Reta";"Sim";4;1;0;1;2;0;1;2;-29,96852388;-51,16440296;"SPRF-RS";"DEL01-RS";"UOP01-DEL01-RS"
468252;2022-08-15;"segunda-feira";"03:00:00";"TO";153;684,6;"CARIRI DO TOCANTINS";"Manobra de mudança de faixa";"Saída de leito carroçável";"Com Vítimas Feridas";"Plena Noite";"Crescente";"Céu Claro";"Simples";"Reta";"Não";1;0;0;1;0;0;1;1;-11,82213186;-49,1332553;"SPRF-TO";"DEL01-TO";"UOP02-DEL01-TO"
468254;2022-08-15;"segunda-feira";"09:00:00";"MG";267;48;"MARIPA DE MINAS";"Desrespeitar a preferência no cruzamento";"Colisão transversal";"Com Vítimas Feridas";"Pleno dia";"Crescente";"Céu Claro";"Simples";"Reta";"Não";2;0;1;0;1;0;1;2;-21,69723355;-42,96520803;"SPRF-MG";"DEL07-MG";"UOP01-DEL07-MG"
468256;2022-08-15;"segunda-feira";"08:50:00";"PR";277;172,7;"PALMEIRA";"Pista em desnível";"Saída de leito carroçável";"Sem Vítimas";"Pleno dia";"Crescente";"Céu Claro";"Dupla";"Interseção de Vias";"Não";1;0;0;0;0;1;0;1;-25,4515724;-49,94726817;"SPRF-PR";"DEL08-PR";"UOP02-DEL08-PR"
468257;2022-08-15;"segunda-feira";"08:48:00";"RJ";101;314;"SAO GONCALO";"Manobra de mudança de faixa";"Colisão traseira";"Com Vítimas Feridas";"Pleno dia";"Crescente";"Sol";"Dupla";"Reta";"Não";3;0;2;0;1;0;2;2;-22,81648739;-43,07728467;"SPRF-RJ";"DEL02-RJ";"UOP02-DEL02-RJ"
468258;2022-08-15;"segunda-feira";"10:30:00";"MG";381;487,9;"BETIM";"Velocidade Incompatível";"Tombamento";"Com Vítimas Feridas";"Pleno dia";"Crescente";"Céu Claro";"Dupla";"Aclive;Reta";"Não";1;0;1;0;0;0;1;1;-19,95771857;-44,12102938;"SPRF-MG";"DEL01-MG";"UOP03-DEL01-MG"
468261;2022-08-15;"segunda-feira";"11:10:00";"RN";101;106,7;"PARNAMIRIM";"Manobra de mudança de faixa";"Colisão traseira";"Com Vítimas Feridas";"Pleno dia";"Crescente";"Céu Claro";"Dupla";"Reta";"Sim";2;0;2;0;0;0;2;2;-5,9186297;-35,2640748;"SPRF-RN";"DEL01-RN";"UOP01-DEL01-RN"
468262;2022-08-15;"segunda-feira";"08:09:00";"PR";163;175;"LINDOESTE";"Ausência de sinalização";"Saída de leito carroçável";"Sem Vítimas";"Pleno dia";"Decrescente";"Céu Claro";"Dupla";"Reta";"Sim";3;0;0;0;3;0;0;1;-25,21734703;-53,59537645;"SPRF-PR";"DEL05-PR";"UOP05-DEL05-PR"
468267;2022-08-15;"segunda-feira";"11:50:00";"RS";116;336;"BARRA DO RIBEIRO";"Acumulo de água sobre o pavimento";"Saída de leito carroçável";"Sem Vítimas";"Pleno dia";"Decrescente";"Chuva";"Dupla";"Curva";"Sim";4;0;0;0;4;0;0;1;-30,42368496;-51,46767804;"SPRF-RS";"DEL02-RS";"UOP02-DEL02-RS"
468268;2022-08-15;"segunda-feira";"12:00:00";"RS";386;215,4;"TIO HUGO";"Acessar a via sem observar a presença dos outros veículos";"Colisão transversal";"Com Vítimas Feridas";"Pleno dia";"Crescente";"Céu Claro";"Simples";"Interseção de Vias;Aclive;Curva";"Sim";3;0;2;0;1;0;2;2;-28,58002775;-52,59829044;"SPRF-RS";"DEL04-RS";"UOP03-DEL04-RS"
468269;2022-08-06;"sábado";"19:40:00";"BA";324;619;"SALVADOR";"Reação tardia ou ineficiente do condutor";"Tombamento";"Com Vítimas Feridas";"Plena Noite";"Decrescente";"Nublado";"Múltipla";"Reta";"Sim";1;0;1;0;0;0;1;1;-12,90931577;-38,45794966;"SPRF-BA";"DEL01-BA";"UOP01-DEL01-BA"
468270;2022-08-15;"segunda-feira";"11:20:00";"PR";369;148,1;"LONDRINA";"Ausência de reação do condutor";"Colisão transversal";"Com Vítimas Feridas";"Pleno dia";"Crescente";"Céu Claro";"Simples";"Interseção de Vias";"Sim";4;0;0;2;1;1;2;4;-23,29288467;-51,14300966;"SPRF-PR";"DEL07-PR";"UOP01-DEL07-PR"
468271;2022-08-15;"segunda-feira";"12:15:00";"RJ";116;142;"DUQUE DE CAXIAS";"Manobra de mudança de faixa";"Colisão traseira";"Com Vítimas Feridas";"Pleno dia";"Crescente";"Céu Claro";"Dupla";"Reta";"Não";2;0;1;0;0;1;1;2;-22,64876087;-43,23031638;"SPRF-RJ";"DEL01-RJ";"UOP01-DEL01-RJ"
468273;2022-08-15;"segunda-feira";"10:10:00";"RS";392;287;"SAO SEPE";"Acumulo de água sobre o pavimento";"Saída de leito carroçável";"Com Vítimas Feridas";"Pleno dia";"Decrescente";"Chuva";"Simples";"Reta";"Não";3;0;1;0;2;0;1;1;-30,248417;-53,5455253;"SPRF-RS";"DEL09-RS";"UOP02-DEL09-RS"
468275;2022-08-15;"segunda-feira";"11:20:00";"PI";343;188;"PIRIPIRI";"Manobra de mudança de faixa";"Colisão transversal";"Com Vítimas Feridas";"Pleno dia";"Crescente";"Céu Claro";"Simples";"Reta";"Não";2;0;2;0;0;0;2;2;-4,30723;-41,770481;"SPRF-PI";"DEL02-PI";"UOP01-DEL02-PI"
468279;2022-08-15;"segunda-feira";"09:30:00";"GO";414;439;"ANAPOLIS";"Demais falhas mecânicas ou elétricas";"Queda de ocupante de veículo";"Com Vítimas Feridas";"Pleno dia";"Crescente";"Céu Claro";"Simples";"Reta";"Sim";1;0;1;0;0;0;1;1;-16,28128823;-48,94258908;"SPRF-GO";"DEL02-GO";"UOP01-DEL02-GO"