"id";"data_inversa";"dia_semana";"horario";"uf";"br";"km";"municipio";"causa_acidente";"tipo_acidente";"classificacao_acidente";"fase_dia";"sentido_via";"condicao_metereologica";"tipo_pista";"tracado_via";"uso_solo";"pessoas";"mortos";"feridos_leves";"feridos_graves";"ilesos";"ignorados";"feridos";"veiculos";"latitude";"longitude";"regional";"delegacia";"uop"
468280;2022-08-15;"segunda-feira";"12:00:00";"PE";101;54,4;"PAULISTA";"Velocidade Incompatível";"Capotamento";"Sem Vítimas";"Pleno dia";"Decrescente";"Céu Claro";"Múltipla";"Curva";"Sim";2;0;0;0;0;2;0;2;-7,94826918;-34,90620375;"SPRF-PE";"DEL01-PE";"UOP02-DEL01-PE"
468281;2022-08-15;"segunda-feira";"13:30:00";"PR";376;597;"CURITIBA";"Pedestre cruzava a pista fora da faixa";"Atropelamento de Pedestre";"Com Vítimas Feridas";"Pleno dia";"Decrescente";"Nublado";"Dupla";"Reta";"Sim";2;0;0;1;1;0;1;2;-25,510571;-49,338848;"SPRF-PR";"DEL01-PR";"UOP06-DEL01-PR"
468283;2022-08-15;"segunda-feira";"13:00:00";"AL";104;91,1;"RIO LARGO";"Velocidade Incompatível";"Atropelamento de Pedestre";"Com Vítimas Feridas";"Pleno dia";"Crescente";"Céu Claro";"Dupla";"Reta";"Sim";3;0;2;0;1;0;2;2;-9,47532901;-35,82160002;"SPRF-AL";"DEL01-AL";"UOP01-DEL01-AL"
468284;2022-08-15;"segunda-feira";"11:30:00";"PR";158;392;"LARANJEIRAS DO SUL";"Velocidade Incompatível";"Saída de leito carroçável";"Com Vítimas Feridas";"Pleno dia";"Crescente";"Céu Claro";"Simples";"Declive;Reta";"Não";1;0;1;0;0;0;1;1;-25,29604056;-52,30596203;"SPRF-PR";"DEL04-PR";"UOP02-DEL04-PR"
468286;2022-08-15;"segunda-feira";"14:30:00";"PE";101;55;"PAULISTA";"Ausência de reação do condutor";"Colisão com objeto";"Com Vítimas Feridas";"Pleno dia";"Decrescente";"Céu Claro";"Dupla";"Reta";"Não";2;0;2;0;0;0;2;1;-7,94806621;-34,9062148;"SPRF-PE";"DEL01-PE";"UOP02-DEL01-PE"
468287;2022-08-15;"segunda-feira";"13:30:00";"PR";277;598,1;"CASCAVEL";"Desrespeitar a preferência no cruzamento";"Queda de ocupante de veículo";"Com Vítimas Feridas";"Pleno dia";"Crescente";"Céu Claro";"Simples";"Interseção de Vias";"Não";2;0;1;0;1;0;1;2;-24,99599861;-53,51520034;"SPRF-PR";"DEL04-PR";"UOP01-DEL04-PR"
468292;2022-08-15;"segunda-feira";"13:55:00";"SC";282;215,9;"LAGES";"Acessar a via sem observar a presença dos outros veículos";"Colisão lateral mesmo sentido";"Com Vítimas Feridas";"Pleno dia";"Crescente";"Sol";"Dupla";"Rotatória";"Não";2;0;1;0;1;0;1;2;-27,79475662;-50,28396249;"SPRF-SC";"DEL05-SC";"UOP01-DEL05-SC"
468293;2022-08-15;"segunda-feira";"14:50:00";"SP";116;141;"SAO JOSE DOS CAMPOS";"Demais falhas mecânicas ou elétricas";"Tombamento";"Com Vítimas Feridas";"Pleno dia";"Crescente";"Sol";"Dupla";"Reta";"Sim";2;0;2;0;0;0;2;1;-23,17004717;-45,82091491;"SPRF-SP";"DEL02-SP";"UOP01-DEL02-SP"
468296;2022-08-13;"sábado";"14:00:00";"MT";163;120;"RONDONOPOLIS";"Ausência de reação do condutor";"Colisão traseira";"Sem Vítimas";"Pleno dia";"Crescente";"Céu Claro";"Dupla";"Curva";"Sim";7;0;0;0;5;2;0;2;-16,4915498;-54,64674896;"SPRF-MT";"DEL02-MT";"UOP01-DEL02-MT"
468297;2022-08-15;"segunda-feira";"15:15:00";"ES";101;69,5;"SAO MATEUS";"Ingestão de álcool e/ou substâncias psicoativas pelo pedestre";"Tombamento";"Com Vítimas Feridas";"Pleno dia";"Crescente";"Céu Claro";"Simples";"Reta";"Não";1;0;1;0;0;0;1;1;-18,73556097;-39,86069526;"SPRF-ES";"DEL04-ES";"UOP02-DEL04-ES"
468298;2022-08-15;"segunda-feira";"14:52:00";"PE";408;85,3;"PAUDALHO";"Manobra de mudança de faixa";"Colisão traseira";"Com Vítimas Feridas";"Pleno dia";"Decrescente";"Céu Claro";"Dupla";"Reta";"Não";3;0;1;0;2;0;1;2;-7,95430093;-35,10252793;"SPRF-PE";"DEL01-PE";"UOP01-DEL01-PE"
468300;2022-08-15;"segunda-feira";"12:27:00";"PI";316;303;"PICOS";"Animais na Pista";"Atropelamento de Animal";"Com Vítimas Fatais";"Pleno dia";"Crescente";"Céu Claro";"Simples";"Reta";"Sim";1;1;0;0;0;0;0;1;-7,05788693;-41,52443595;"SPRF-PI";"DEL04-PI";"UOP01-DEL04-PI"
468302;2022-08-15;"segunda-feira";"15:50:00";"SP";116;106,8;"TAUBATE";"Reação tardia ou ineficiente do condutor";"Engavetamento";"Com Vítimas Feridas";"Pleno dia";"Decrescente";"Céu Claro";"Dupla";"Reta";"Sim";5;0;2;0;3;0;2;4;-23,01250593;-45,52256005;"SPRF-SP";"DEL08-SP";"UOP01-DEL08-SP"
468303;2022-08-15;"segunda-feira";"15:30:00";"MG";381;490;"BETIM";"Frear bruscamente";"Tombamento";"Com Vítimas Feridas";"Pleno dia";"Decrescente";"Céu Claro";"Dupla";"Reta";"Sim";2;0;2;0;0;0;2;1;-19,96502819;-44,17422195;"SPRF-MG";"DEL01-MG";"UOP03-DEL01-MG"
468304;2022-08-15;"segunda-feira";"14:50:00";"RJ";40;104;"DUQUE DE CAXIAS";"Acessar a via sem observar a presença dos outros veículos";"Colisão transversal";"Com Vítimas Feridas";"Pleno dia";"Crescente";"Céu Claro";"Dupla";"Curva";"Não";3;0;0;1;1;1;1;3;-22,62897902;-43,28579508;"SPRF-RJ";"DEL01-RJ";"UOP01-DEL01-RJ"
468306;2022-08-15;"segunda-feira";"15:40:00";"SP";381;0,5;"VARGEM";"Ausência de reação do condutor";"Colisão traseira";"Com Vítimas Feridas";"Pleno dia";"Decrescente";"Céu Claro";"Dupla";"Reta";"Não";4;0;1;1;2;0;2;3;-22,878674;-46,372143;"SPRF-SP";"DEL03-SP";"UOP01-DEL03-SP"
468307;2022-08-15;"segunda-feira";"14:00:00";"MT";364;319,5;"CAMPO VERDE";"Ausência de reação do condutor";"Incêndio";"Sem Vítimas";"Pleno dia";"Decrescente";"Céu Claro";"Dupla";"Reta";"Não";2;0;0;0;2;0;0;1;-15,81640402;-55,31581299;"SPRF-MT";"DEL05-MT";"UOP02-DEL05-MT"
468309;2022-08-15;"segunda-feira";"16:20:00";"RN";101;101,3;"PARNAMIRIM";"Manobra de mudança de faixa";"Colisão traseira";"Com Vítimas Feridas";"Pleno dia";"Decrescente";"Sol";"Múltipla";"Reta";"Sim";3;0;1;0;1;1;1;3;-5,88681084;-35,23143404;"SPRF-RN";"DEL01-RN";"UOP01-DEL01-RN"
468310;2022-02-07;"segunda-feira";"19:30:00";"RJ";116;127;"MAGE";"Chuva";"Capotamento";"Com Vítimas Feridas";"Plena Noite";"Crescente";"Chuva";"Dupla";"Reta";"Sim";2;0;0;1;1;0;1;1;-22,66137035;-43,09295957;"SPRF-RJ";"DEL04-RJ";"UOP02-DEL04-RJ"
468311;2022-08-15;"segunda-feira";"14:40:00";"RS";116;49,9;"VACARIA";"Reação tardia ou ineficiente do condutor";"Saída de leito carroçável";"Sem Vítimas";"Pleno dia";"Decrescente";"Céu Claro";"Simples";"Curva";"Não";1;0;0;0;1;0;0;1;-28,56891356;-51,00387124;"SPRF-RS";"DEL05-RS";"UOP03-DEL05-RS"
468312;2022-08-15;"segunda-feira";"13:51:00";"GO";20;22;"FORMOSA";"Reação tardia ou ineficiente do condutor";"Eventos atípicos";"Sem Vítimas";"Pleno dia";"Crescente";"Céu Claro";"Simples";"Reta";"Não";1;0;0;0;0;1;0;1;-15,545656;-47,1605;"SPRF-DF";"DEL02-DF";"UOP01-DEL02-DF"
468315;2022-08-15;"segunda-feira";"16:15:00";"MG";40;359;"FELIXLANDIA";"Reação tardia ou ineficiente do condutor";"Saída de leito carroçável";"Com Vítimas Feridas";"Pleno dia";"Crescente";"Céu Claro";"Simples";"Reta";"Não";2;0;2;0;0;0;2;1;-18,74268014;-44,85869415;"SPRF-MG";"DEL02-MG";"UOP01-DEL02-MG"
468317;2022-08-15;"segunda-feira";"16:40:00";"MG";365;573;"INDIANOPOLIS";"Demais falhas na via";"Queda de ocupante de veículo";"Com Vítimas Feridas";"Pleno dia";"Decrescente";"Céu Claro";"Simples";"Reta";"Não";2;0;1;1;0;0;2;1;-18,90641783;-47,89997698;"SPRF-MG";"DEL15-MG";"UOP02-DEL15-MG"
468320;2022-08-15;"segunda-feira";"15:50:00";"PR";116;206;"RIO NEGRO";"Mal súbito do condutor";"Tombamento";"Com Vítimas Feridas";"Pleno dia";"Crescente";"Céu Claro";"Simples";"Reta";"Sim";1;0;1;0;0;0;1;1;-26,06998593;-49,73493401;"SPRF-SC";"DEL06-SC";"UOP01-DEL06-SC"
468321;2022-08-15;"segunda-feira";"17:40:00";"ES";101;261,8;"SERRA";"Ausência de reação do condutor";"Colisão traseira";"Com Vítimas Feridas";"Amanhecer";"Crescente";"Céu Claro";"Dupla";"Reta";"Sim";2;0;1;0;1;0;1;2;-20,14854215;-40,27970926;"SPRF-ES";"DEL02-ES";"UOP01-DEL02-ES"
468322;2022-08-15;"segunda-feira";"17:05:00";"RS";116;38,7;"VACARIA";"Acessar a via sem observar a presença dos outros veículos";"Colisão lateral sentido oposto";"Com Vítimas Feridas";"Pleno dia";"Decrescente";"Céu Claro";"Simples";"Reta";"Não";2;0;1;0;1;0;1;2;-28,50548;-50,92516;"SPRF-RS";"DEL05-RS";"UOP03-DEL05-RS"
468323;2022-07-10;"domingo";"18:00:00";"GO";40;12,5;"LUZIANIA";"Acessar a via sem observar a presença dos outros veículos";"Colisão transversal";"Com Vítimas Feridas";"Anoitecer";"Decrescente";"Céu Claro";"Dupla";"Reta";"Sim";2;0;1;0;1;0;1;2;-16,14988456;-47,94090271;"SPRF-DF";"DEL01-DF";"UOP01-DEL01-DF"
468324;2022-08-15;"segunda-feira";"17:05:00";"RN";101;8;"TOUROS";"Condutor Dormindo";"Colisão traseira";"Com Vítimas Feridas";"Anoitecer";"Crescente";"Céu Claro";"Simples";"Curva";"Não";2;0;2;0;0;0;2;2;-5,2179101;-35,49736577;"SPRF-RN";"DEL02-RN";"UOP01-DEL02-RN"
468325;2022-08-15;"segunda-feira";"13:30:00";"RJ";40;77;"PETROPOLIS";"Ausência de reação do condutor";"Tombamento";"Com Vítimas Feridas";"Pleno dia";"Decrescente";"Sol";"Simples";"Declive";"Não";2;0;2;0;0;0;2;1;-22,48005592;-43,23543994;"SPRF-RJ";"DEL06-RJ";"UOP01-DEL06-RJ"
468327;2022-08-15;"segunda-feira";"17:50:00";"PE";424;91;"GARANHUNS";"Ausência de reação do condutor";"Colisão frontal";"Com Vítimas Feridas";"Anoitecer";"Crescente";"Céu Claro";"Simples";"Curva";"Sim";2;0;0;1;1;0;1;2;-8,90409633;-36,49974647;"SPRF-PE";"DEL03-PE";"UOP01-DEL03-PE"
468328;2022-08-15;"segunda-feira";"17:53:00";"PE";101;71,9;"RECIFE";"Ingestão de álcool pelo condutor";"Engavetamento";"Com Vítimas Feridas";"Plena Noite";"Decrescente";"Céu Claro";"Dupla";"Reta";"Sim";4;0;2;0;2;0;2;3;-8,078506;-34,942922;"SPRF-PE";"DEL01-PE";"UOP01-DEL01-PE"
468329;2022-08-15;"segunda-feira";"17:30:00";"PR";277;76;"SAO JOSE DOS PINHAIS";"Condutor deixou de manter distância do veículo da frente";"Colisão traseira";"Com Vítimas Feridas";"Anoitecer";"Crescente";"Céu Claro";"Dupla";"Reta";"Sim";3;0;1;0;2;0;1;2;-25,488438;-49,179623;"SPRF-PR";"DEL01-PR";"UOP01-DEL01-PR"
468330;2022-08-15;"segunda-feira";"18:00:00";"MG";381;480;"CONTAGEM";"Condutor deixou de manter distância do veículo da frente";"Colisão traseira";"Com Vítimas Feridas";"Anoitecer";"Crescente";"Céu Claro";"Dupla";"Reta";"Não";4;0;1;0;3;0;1;3;-19,96084473;-44,05178547;"SPRF-MG";"DEL01-MG";"UOP03-DEL01-MG"
468333;2022-08-15;"segunda-feira";"16:10:00";"PI";316;190,8;"VALENCA DO PIAUI";"Animais na Pista";"Atropelamento de Animal";"Com Vítimas Feridas";"Pleno dia";"Decrescente";"Céu Claro";"Simples";"Reta";"Não";1;0;1;0;0;0;1;1;-6,31249555;-41,91501118;"SPRF-PI";"DEL04-PI";"UOP02-DEL04-PI"
468334;2022-08-15;"segunda-feira";"18:10:00";"SC";101;94,5;"BARRA VELHA";"Ausência de reação do condutor";"Queda de ocupante de veículo";"Com Vítimas Feridas";"Anoitecer";"Decrescente";"Céu Claro";"Múltipla";"Curva";"Sim";1;0;1;0;0;0;1;1;-26,69940401;-48,69902784;"SPRF-SC";"DEL03-SC";"UOP02-DEL03-SC"
468336;2022-08-15;"segunda-feira";"18:15:00";"MG";381;440;"SABARA";"Reação tardia ou ineficiente do condutor";"Colisão transversal";"Com Vítimas Feridas";"Plena Noite";"Crescente";"Céu Claro";"Dupla";"Curva";"Não";4;0;2;0;2;0;2;3;-19,81160206;-43,79604396;"SPRF-MG";"DEL01-MG";"UOP01-DEL01-MG"
468337;2022-08-15;"segunda-feira";"17:35:00";"MG";381;480,5;"CONTAGEM";"Frear bruscamente";"Colisão traseira";"Com Vítimas Feridas";"Plena Noite";"Crescente";"Céu Claro";"Dupla";"Curva";"Sim";3;0;2;0;1;0;2;2;-19,95749597;-44,07899901;"SPRF-MG";"DEL01-MG";"UOP03-DEL01-MG"
468338;2022-08-15;"segunda-feira";"18:30:00";"BA";116;13,3;"VITORIA DA CONQUISTA";"Ausência de reação do condutor";"Capotamento";"Sem Vítimas";"Plena Noite";"Crescente";"Céu Claro";"Simples";"Reta";"Não";4;0;0;0;4;0;0;1;-14,851;-40,8485;"SPRF-BA";"DEL08-BA";"UOP01-DEL08-BA"
468339;2022-08-15;"segunda-feira";"19:01:00";"SP";116;282,4;"EMBU DAS ARTES";"Trafegar com motocicleta (ou similar) entre as faixas";"Colisão lateral mesmo sentido";"Com Vítimas Feridas";"Plena Noite";"Decrescente";"Nublado";"Dupla";"Reta";"Sim";2;0;0;1;1;0;1;2;-23,68570216;-46,85970975;"SPRF-SP";"DEL04-SP";"UOP01-DEL04-SP"
468340;2022-08-11;"quinta-feira";"22:09:00";"MG";365;774,3;"ITUIUTABA";"Ausência de reação do condutor";"Saída de leito carroçável";"Com Vítimas Feridas";"Plena Noite";"Decrescente";"Céu Claro";"Simples";"Reta";"Não";3;0;1;0;2;0;1;1;-18,95966324;-49,65645601;"SPRF-MG";"DEL15-MG";"UOP03-DEL15-MG"
468343;2022-08-15;"segunda-feira";"19:05:00";"SP";153;56;"SAO JOSE DO RIO PRETO";"Demais falhas mecânicas ou elétricas";"Incêndio";"Sem Vítimas";"Plena Noite";"Decrescente";"Céu Claro";"Dupla";"Reta";"Não";1;0;0;0;1;0;0;1;-20,7615601;-49,34622278;"SPRF-SP";"DEL09-SP";"UOP01-DEL09-SP"
468345;2022-08-15;"segunda-feira";"10:00:00";"GO";414;253;"NIQUELANDIA";"Reação tardia ou ineficiente do condutor";"Queda de ocupante de veículo";"Com Vítimas Feridas";"Pleno dia";"Crescente";"Céu Claro";"Simples";"Reta;Ponte";"Não";1;0;0;1;0;0;1;1;-14,85071501;-48,63883887;"SPRF-GO";"DEL07-GO";"UOP02-DEL07-GO"
468348;2022-08-15;"segunda-feira";"18:20:00";"SP";116;223,6;"GUARULHOS";"Reação tardia ou ineficiente do condutor";"Colisão traseira";"Com Vítimas Feridas";"Plena Noite";"Crescente";"Céu Claro";"Múltipla";"Reta";"Sim";2;0;1;0;1;0;1;2;-23,47559815;-46,5246609;"SPRF-SP";"DEL01-SP";"UOP01-DEL01-SP"
468351;2022-08-15;"segunda-feira";"17:06:00";"MG";50;116;"UBERABA";"Ausência de reação do condutor";"Capotamento";"Com Vítimas Feridas";"Pleno dia";"Decrescente";"Céu Claro";"Dupla";"Reta";"Não";3;0;3;0;0;0;3;1;-19,27451393;-48,12473983;"SPRF-MG";"DEL13-MG";"UOP01-DEL13-MG"
468352;2022-08-15;"segunda-feira";"15:00:00";"MG";153;13,6;"CENTRALINA";"Ausência de reação do condutor";"Saída de leito carroçável";"Com Vítimas Feridas";"Pleno dia";"Decrescente";"Céu Claro";"Dupla";"Reta";"Não";1;0;1;0;0;0;1;1;-18,53949928;-49,19316749;"SPRF-MG";"DEL15-MG";"UOP03-DEL15-MG"
468353;2022-08-15;"segunda-feira";"18:30:00";"PR";116;104;"SAO JOSE DOS PINHAIS";"Reação tardia ou ineficiente do condutor";"Colisão traseira";"Sem Vítimas";"Plena Noite";"Crescente";"Céu Claro";"Dupla";"Reta";"Não";2;0;0;0;1;1;0;2;-25,57161;-49,20571;"SPRF-PR";"DEL01-PR";"UOP01-DEL01-PR"
468356;2022-08-15;"segunda-feira";"19:50:00";"ES";101;333,2;"GUARAPARI";"Reação tardia ou ineficiente do condutor";"Colisão traseira";"Com Vítimas Feridas";"Plena Noite";"Crescente";"Nublado";"Dupla";"Reta";"Não";2;0;1;0;1;0;1;2;-20,61464111;-40,51385389;"SPRF-ES";"DEL03-ES";"UOP01-DEL03-ES"
468357;2022-08-15;"segunda-feira";"19:00:00";"PR";163;12,9;"BARRACAO";"Animais na Pista";"Atropelamento de Animal";"Com Vítimas Feridas";"Plena Noite";"Decrescente";"Céu Claro";"Simples";"Reta;Aclive";"Não";1;0;1;0;0;0;1;1;-26,25066;-53,635523;"SPRF-PR";"DEL02-PR";"UOP02-DEL02-PR"
468358;2022-08-15;"segunda-feira";"21:00:00";"GO";153;702;"ITUMBIARA";"Reação tardia ou ineficiente do condutor";"Saída de leito carroçável";"Sem Vítimas";"Plena Noite";"Decrescente";"Céu Claro";"Dupla";"Reta";"Sim";1;0;0;0;1;0;0;1;-18,4103;-49,1965;"SPRF-GO";"DEL03-GO";"UOP02-DEL03-GO"
468359;2022-08-15;"segunda-feira";"20:30:00";"AL";104;33;"UNIAO DOS PALMARES";"Condutor deixou de manter distância do veículo da frente";"Tombamento";"Com Vítimas Feridas";"Plena Noite";"Decrescente";"Céu Claro";"Simples";"Reta";"Não";3;0;0;1;0;2;1;3;-9,14513114;-36,01536439;"SPRF-AL";"DEL01-AL";"UOP02-DEL01-AL"
468360;2022-08-15;"segunda-feira";"19:00:00";"MT";364;182;"PEDRA PRETA";"Transitar na contramão";"Colisão frontal";"Com Vítimas Fatais";"Plena Noite";"Crescente";"Céu Claro";"Simples";"Reta";"Não";2;1;0;0;1;0;0;2;-16,59379392;-54,50828794;"SPRF-MT";"DEL02-MT";"UOP01-DEL02-MT"
468361;2022-08-15;"segunda-feira";"20:20:00";"BA";415;18;"ILHEUS";"Ingestão de álcool pelo condutor";"Colisão transversal";"Com Vítimas Feridas";"Plena Noite";"Crescente";"Céu Claro";"Simples";"Reta";"Não";2;0;1;0;1;0;1;2;-14,8482;-39,281986;"SPRF-BA";"DEL05-BA";"UOP01-DEL05-BA"
468362;2022-08-15;"segunda-feira";"21:00:00";"PR";373;478,6;"CORONEL VIVIDA";"Acessar a via sem observar a presença dos outros veículos";"Colisão transversal";"Com Vítimas Feridas";"Plena Noite";"Decrescente";"Céu Claro";"Simples";"Reta";"Sim";2;0;1;0;1;0;1;2;-25,97273123;-52,53404482;"SPRF-PR";"DEL02-PR";"UOP01-DEL02-PR"
468364;2022-08-15;"segunda-feira";"15:55:00";"PI";222;57;"BRASILEIRA";"Demais falhas mecânicas ou elétricas";"Colisão com objeto";"Com Vítimas Fatais";"Pleno dia";"Crescente";"Céu Claro";"Simples";"Reta";"Não";5;1;3;0;0;1;3;2;-4,16474682;-41,65676829;"SPRF-PI";"DEL02-PI";"UOP01-DEL02-PI"
468367;2022-08-15;"segunda-feira";"21:20:00";"RJ";465;2;"SEROPEDICA";"Conversão proibida";"Colisão transversal";"Com Vítimas Fatais";"Plena Noite";"Crescente";"Céu Claro";"Simples";"Reta";"Não";3;1;2;0;0;0;2;2;-22,727266;-43,718712;"SPRF-RJ";"DEL01-RJ";"UOP03-DEL01-RJ"
468368;2022-08-15;"segunda-feira";"22:20:00";"RS";158;316;"SANTA MARIA";"Ausência de reação do condutor";"Colisão lateral sentido oposto";"Sem Vítimas";"Plena Noite";"Crescente";"Céu Claro";"Simples";"Curva";"Não";9;0;0;0;9;0;0;3;-29,65231057;-53,76503707;"SPRF-RS";"DEL09-RS";"UOP01-DEL09-RS"
468373;2022-08-15;"segunda-feira";"22:45:00";"MG";262;756;"SACRAMENTO";"Ausência de reação do condutor";"Incêndio";"Sem Vítimas";"Plena Noite";"Decrescente";"Céu Claro";"Simples";"Reta";"Não";1;0;0;0;0;1;0;1;-19,65641775;-47,56413107;"SPRF-MG";"DEL13-MG";"UOP01-DEL13-MG"
468376;2022-08-15;"segunda-feira";"20:15:00";"RO";425;102;"NOVA MAMORE";"Condutor deixou de manter distância do veículo da frente";"Colisão lateral mesmo sentido";"Com Vítimas Feridas";"Plena Noite";"Decrescente";"Ignorado";"Simples";"Reta";"Não";2;0;2;0;0;0;2;2;-10,428471;-65,337692;"SPRF-RO";"DEL01-RO";"UOP03-DEL01-RO"
468377;2022-08-15;"segunda-feira";"21:40:00";"SC";101;311;"LAGUNA";"Ausência de reação do condutor";"Atropelamento de Pedestre";"Com Vítimas Feridas";"Plena Noite";"Decrescente";"Céu Claro";"Dupla";"Reta";"Não";2;0;0;1;0;1;1;2;-28,42531311;-48,80068884;"SPRF-SC";"DEL02-SC";"UOP01-DEL02-SC"
468378;2022-08-16;"terça-feira";"01:50:00";"DF";60;12;"BRASILIA";"Ingestão de álcool pelo condutor";"Colisão com objeto";"Sem Vítimas";"Plena Noite";"Crescente";"Céu Claro";"Dupla";"Reta";"Sim";1;0;0;0;1;0;0;1;-15,916267;-48,164268;"SPRF-DF";"DEL03-DF";"UOP01-DEL03-DF"
468379;2022-08-16;"terça-feira";"01:20:00";"RJ";393;176;"TRES RIOS";"Velocidade Incompatível";"Atropelamento de Animal";"Com Vítimas Feridas";"Plena Noite";"Crescente";"Céu Claro";"Simples";"Reta";"Sim";1;0;1;0;0;0;1;1;-22,12586166;-43,21215519;"SPRF-RJ";"DEL05-RJ";"UOP03-DEL05-RJ"
468382;2022-08-16;"terça-feira";"04:30:00";"PE";423;85;"GARANHUNS";"Animais na Pista";"Atropelamento de Animal";"Com Vítimas Fatais";"Amanhecer";"Crescente";"Nublado";"Simples";"Reta";"Não";1;1;0;0;0;0;0;1;-8,80610593;-36,44168015;"SPRF-PE";"DEL03-PE";"UOP01-DEL03-PE"
468384;2022-08-16;"terça-feira";"06:00:00";"SP";381;6;"VARGEM";"Ausência de reação do condutor";"Tombamento";"Com Vítimas Feridas";"Pleno dia";"Decrescente";"Céu Claro";"Dupla";"Reta";"Não";1;0;1;0;0;0;1;1;-22,89713196;-46,41863707;"SPRF-SP";"DEL03-SP";"UOP01-DEL03-SP"
468387;2022-08-16;"terça-feira";"05:10:00";"SC";116;253,9;"LAGES";"Condutor deixou de manter distância do veículo da frente";"Colisão traseira";"Com Vítimas Feridas";"Plena Noite";"Crescente";"Chuva";"Simples";"Reta";"Não";2;0;1;0;1;0;1;2;-27,86039974;-50,38910326;"SPRF-SC";"DEL05-SC";"UOP02-DEL05-SC"
468389;2022-08-16;"terça-feira";"05:10:00";"CE";20;376,5;"CAUCAIA";"Pista esburacada";"Tombamento";"Com Vítimas Feridas";"Amanhecer";"Crescente";"Céu Claro";"Simples";"Reta";"Não";2;0;2;0;0;0;2;1;-3,946272305;-38,8710155449;"SPRF-CE";"DEL01-CE";"UOP01-DEL01-CE"
468390;2022-08-16;"terça-feira";"06:35:00";"DF";70;10,4;"BRASILIA";"Entrada inopinada do pedestre";"Atropelamento de Pedestre";"Com Vítimas Feridas";"Pleno dia";"Decrescente";"Céu Claro";"Dupla";"Reta";"Sim";3;0;0;1;2;0;1;2;-15,78612247;-48,13509833;"SPRF-DF";"DEL03-DF";"UOP02-DEL03-DF"
468393;2022-08-16;"terça-feira";"06:10:00";"SC";101;35,3;"JOINVILLE";"Acumulo de areia ou detritos sobre o pavimento";"Queda de ocupante de veículo";"Com Vítimas Feridas";"Amanhecer";"Crescente";"Céu Claro";"Simples";"Interseção de Vias";"Sim";1;0;1;0;0;0;1;1;-26,27391966;-48,89426842;"SPRF-SC";"DEL03-SC";"UOP01-DEL03-SC"
468396;2022-08-16;"terça-feira";"06:44:00";"PB";101;87;"JOAO PESSOA";"Demais falhas mecânicas ou elétricas";"Tombamento";"Com Vítimas Feridas";"Pleno dia";"Crescente";"Sol";"Dupla";"Curva";"Sim";2;0;2;0;0;0;2;1;-7,15886802;-34,90628504;"SPRF-PB";"DEL01-PB";"UOP01-DEL01-PB"
468397;2022-08-16;"terça-feira";"06:45:00";"RJ";116;174;"MESQUITA";"Reação tardia ou ineficiente do condutor";"Queda de ocupante de veículo";"Com Vítimas Feridas";"Pleno dia";"Decrescente";"Céu Claro";"Dupla";"Declive";"Não";1;0;1;0;0;0;1;1;-22,79423806;-43,36403759;"SPRF-RJ";"DEL01-RJ";"UOP02-DEL01-RJ"
468399;2022-08-16;"terça-feira";"07:00:00";"CE";116;6;"FORTALEZA";"Ausência de reação do condutor";"Engavetamento";"Com Vítimas Feridas";"Pleno dia";"Decrescente";"Céu Claro";"Múltipla";"Reta";"Sim";6;0;1;1;3;1;2;4;-3,802624;-38,50400499;"SPRF-CE";"DEL01-CE";"UOP02-DEL01-CE"
468400;2022-08-16;"terça-feira";"06:20:00";"RS";285;430,5;"PANAMBI";"Condutor Dormindo";"Saída de leito carroçável";"Com Vítimas Feridas";"Amanhecer";"Crescente";"Nublado";"Simples";"Curva";"Não";1;0;1;0;0;0;1;1;-28,324062;-53,647778;"SPRF-RS";"DEL10-RS";"UOP01-DEL10-RS"
468402;2022-08-16;"terça-feira";"06:40:00";"CE";116;19;"ITAITINGA";"Demais falhas mecânicas ou elétricas";"Queda de ocupante de veículo";"Com Vítimas Feridas";"Pleno dia";"Crescente";"Céu Claro";"Dupla";"Reta";"Não";1;0;1;0;0;0;1;1;-3,91384397;-38,50667231;"SPRF-CE";"DEL01-CE";"UOP02-DEL01-CE"
468403;2022-08-16;"terça-feira";"03:20:00";"BA";324;381;"GAVIAO";"Acessar a via sem observar a presença dos outros veículos";"Colisão transversal";"Com Vítimas Feridas";"Plena Noite";"Decrescente";"Nublado";"Simples";"Aclive";"Sim";2;0;0;1;0;1;1;2;-11,47660401;-39,78189469;"SPRF-BA";"DEL04-BA";"UOP02-DEL04-BA"
468406;2022-08-15;"segunda-feira";"22:45:00";"MG";262;411;"IGARATINGA";"Condutor Dormindo";"Saída de leito carroçável";"Com Vítimas Feridas";"Plena Noite";"Decrescente";"Céu Claro";"Dupla";"Reta";"Sim";1;0;1;0;0;0;1;1;-19,88744145;-44,64074377;"SPRF-MG";"DEL08-MG";"UOP03-DEL08-MG"
468407;2022-08-16;"terça-feira";"07:30:00";"RN";101;113;"SAO JOSE DE MIPIBU";"Demais falhas mecânicas ou elétricas";"Queda de ocupante de veículo";"Com Vítimas Feridas";"Pleno dia";"Decrescente";"Céu Claro";"Dupla";"Reta";"Sim";1;0;1;0;0;0;1;1;-5,973247;-35,26489;"SPRF-RN";"DEL01-RN";"UOP01-DEL01-RN"
468409;2022-08-16;"terça-feira";"07:06:00";"PI";343;317,2;"ALTOS";"Ultrapassagem Indevida";"Colisão frontal";"Com Vítimas Feridas";"Pleno dia";"Crescente";"Céu Claro";"Simples";"Reta";"Não";2;0;0;1;1;0;1;2;-5,044959;-42,544502;"SPRF-PI";"DEL01-PI";"UOP01-DEL01-PI"