"id";"data_inversa";"dia_semana";"horario";"uf";"br";"km";"municipio";"causa_acidente";"tipo_acidente";"classificacao_acidente";"fase_dia";"sentido_via";"condicao_metereologica";"tipo_pista";"tracado_via";"uso_solo";"pessoas";"mortos";"feridos_leves";"feridos_graves";"ilesos";"ignorados";"feridos";"veiculos";"latitude";"longitude";"regional";"delegacia";"uop"
468779;2022-08-18;"quinta-feira";"08:00:00";"SC";470;7,7;"NAVEGANTES";"Retorno proibido";"Colisão transversal";"Com Vítimas Feridas";"Pleno dia";"Crescente";"Chuva";"Simples";"Interseção de Vias";"Não";2;0;2;0;0;0;2;2;-26,84499;-48,71505;"SPRF-SC";"DEL04-SC";"UOP04-DEL04-SC"
468780;2022-08-18;"quinta-feira";"05:30:00";"CE";222;186,3;"SOBRAL";"Animais na Pista";"Atropelamento de Animal";"Sem Vítimas";"Amanhecer";"Crescente";"Céu Claro";"Simples";"Reta";"Não";3;0;0;0;3;0;0;1;-3,76305;-40,10568;"SPRF-CE";"DEL04-CE";"UOP01-DEL04-CE"
468781;2022-08-18;"quinta-feira";"07:45:00";"PR";277;80;"CURITIBA";"Manobra de mudança de faixa";"Colisão lateral mesmo sentido";"Com Vítimas Feridas";"Pleno dia";"Crescente";"Chuva";"Dupla";"Reta";"Sim";2;0;1;0;1;0;1;2;-25,469947;-49,212417;"SPRF-PR";"DEL01-PR";"UOP01-DEL01-PR"
468783;2022-08-09;"terça-feira";"22:30:00";"PE";408;76,2;"PAUDALHO";"Animais na Pista";"Atropelamento de Animal";"Com Vítimas Feridas";"Plena Noite";"Decrescente";"Céu Claro";"Dupla";"Curva;Declive";"Sim";2;0;1;0;0;1;1;1;-7,913693;-35,170002;"SPRF-PE";"DEL01-PE";"UOP01-DEL01-PE"
468785;2022-08-18;"quinta-feira";"08:52:00";"ES";262;169,7;"IBATIBA";"Acessar a via sem observar a presença dos outros veículos";"Colisão transversal";"Com Vítimas Fatais";"Pleno dia";"Crescente";"Céu Claro";"Simples";"Interseção de Vias";"Sim";2;1;1;0;0;0;1;2;-20,26468044;-41,57615064;"SPRF-ES";"DEL01-ES";"UOP02-DEL01-ES"
468787;2022-08-18;"quinta-feira";"09:10:00";"RS";290;65,6;"GRAVATAI";"Acumulo de água sobre o pavimento";"Saída de leito carroçável";"Com Vítimas Feridas";"Pleno dia";"Crescente";"Chuva";"Dupla";"Reta";"Não";2;0;2;0;0;0;2;2;-29,942774;-50,911676;"SPRF-RS";"DEL03-RS";"UOP01-DEL03-RS"
468789;2022-07-17;"domingo";"17:30:00";"MG";381;214;"NAQUE";"Acessar a via sem observar a presença dos outros veículos";"Tombamento";"Com Vítimas Feridas";"Pleno dia";"Crescente";"Ignorado";"Simples";"Reta";"Não";2;0;0;1;0;1;1;2;-19,22382761;-42,32364249;"SPRF-MG";"DEL06-MG";"UOP01-DEL06-MG"
468791;2022-08-18;"quinta-feira";"09:50:00";"RJ";116;170;"SAO JOAO DE MERITI";"Manobra de mudança de faixa";"Colisão lateral mesmo sentido";"Com Vítimas Feridas";"Pleno dia";"Decrescente";"Céu Claro";"Múltipla";"Reta";"Sim";2;0;1;0;1;0;1;2;-22,81113183;-43,3336729;"SPRF-RJ";"DEL01-RJ";"UOP02-DEL01-RJ"
468796;2022-08-18;"quinta-feira";"06:30:00";"PB";104;110;"SAO SEBASTIAO DE LAGOA DE  ROCA";"Acostamento em desnível";"Saída de leito carroçável";"Com Vítimas Feridas";"Pleno dia";"Decrescente";"Céu Claro";"Simples";"Reta";"Não";1;0;0;1;0;0;1;1;-7,12844791;-35,86084776;"SPRF-PB";"DEL02-PB";"UOP04-DEL02-PB"
468797;2022-08-16;"terça-feira";"21:00:00";"MA";402;113;"PRIMEIRA CRUZ";"Ausência de reação do condutor";"Colisão frontal";"Com Vítimas Feridas";"Plena Noite";"Decrescente";"Ignorado";"Simples";"Reta";"Não";6;0;4;2;0;0;6;2;-2,715437;-43,43525;"SPRF-MA";"DEL01-MA";"UOP01-DEL01-MA"
468800;2022-08-18;"quinta-feira";"10:15:00";"SP";116;271;"TABOAO DA SERRA";"Manobra de mudança de faixa";"Colisão lateral mesmo sentido";"Com Vítimas Feridas";"Pleno dia";"Crescente";"Céu Claro";"Múltipla";"Reta";"Sim";3;0;2;0;1;0;2;2;-23,61809286;-46,80556302;"SPRF-SP";"DEL04-SP";"UOP01-DEL04-SP"
468802;2022-08-18;"quinta-feira";"09:20:00";"PR";369;110,9;"URAI";"Chuva";"Saída de leito carroçável";"Com Vítimas Feridas";"Pleno dia";"Decrescente";"Chuva";"Dupla";"Reta";"Não";2;0;1;1;0;0;2;1;-23,272399;-50,814445;"SPRF-PR";"DEL07-PR";"UOP01-DEL07-PR"
468803;2022-08-18;"quinta-feira";"11:20:00";"SC";101;215;"PALHOCA";"Acessar a via sem observar a presença dos outros veículos";"Colisão lateral sentido oposto";"Com Vítimas Feridas";"Pleno dia";"Decrescente";"Nublado";"Simples";"Interseção de Vias";"Sim";2;0;0;1;1;0;1;2;-27,65184843;-48,67604941;"SPRF-SC";"DEL01-SC";"UOP02-DEL01-SC"
468805;2022-08-18;"quinta-feira";"10:30:00";"RJ";101;314;"SAO GONCALO";"Condutor deixou de manter distância do veículo da frente";"Tombamento";"Com Vítimas Feridas";"Pleno dia";"Decrescente";"Céu Claro";"Dupla";"Reta";"Sim";1;0;1;0;0;0;1;1;-22,81648739;-43,07728467;"SPRF-RJ";"DEL02-RJ";"UOP02-DEL02-RJ"
468806;2022-08-18;"quinta-feira";"11:40:00";"SP";116;228;"SAO PAULO";"Trafegar com motocicleta (ou similar) entre as faixas";"Colisão traseira";"Com Vítimas Feridas";"Pleno dia";"Crescente";"Nublado";"Múltipla";"Aclive";"Sim";3;0;1;0;2;0;1;2;-23,50343484;-46,56638712;"SPRF-SP";"DEL01-SP";"UOP01-DEL01-SP"
468807;2022-08-18;"quinta-feira";"11:30:00";"SP";116;201;"ARUJA";"Demais falhas mecânicas ou elétricas";"Queda de ocupante de veículo";"Com Vítimas Feridas";"Pleno dia";"Decrescente";"Céu Claro";"Múltipla";"Reta";"Sim";2;0;2;0;0;0;2;1;-23,40362877;-46,33050107;"SPRF-SP";"DEL01-SP";"UOP01-DEL01-SP"
468808;2022-08-18;"quinta-feira";"11:30:00";"MG";381;501,3;"BETIM";"Manobra de mudança de faixa";"Colisão lateral mesmo sentido";"Com Vítimas Feridas";"Pleno dia";"Decrescente";"Céu Claro";"Dupla";"Reta";"Sim";2;0;1;0;1;0;1;2;-20,0130032;-44,220509;"SPRF-MG";"DEL01-MG";"UOP03-DEL01-MG"
468809;2022-08-18;"quinta-feira";"11:30:00";"MT";70;1;"BARRA DO GARCAS";"Entrada inopinada do pedestre";"Atropelamento de Pedestre";"Com Vítimas Feridas";"Pleno dia";"Crescente";"Céu Claro";"Dupla";"Reta";"Sim";2;0;1;0;1;0;1;2;-15,89164596;-52,26202884;"SPRF-MT";"DEL07-MT";"UOP01-DEL07-MT"
468810;2022-08-18;"quinta-feira";"11:40:00";"PR";116;26,1;"CAMPINA GRANDE DO SUL";"Velocidade Incompatível";"Saída de leito carroçável";"Com Vítimas Feridas";"Pleno dia";"Decrescente";"Chuva";"Dupla";"Curva";"Não";3;0;1;0;2;0;1;1;-25,11124867;-48,78234386;"SPRF-PR";"DEL01-PR";"UOP02-DEL01-PR"
468812;2022-08-18;"quinta-feira";"11:50:00";"SP";153;80,8;"BADY BASSITT";"Ausência de reação do condutor";"Colisão traseira";"Com Vítimas Feridas";"Pleno dia";"Decrescente";"Sol";"Simples";"Aclive";"Não";3;0;1;0;2;0;1;2;-20,91072579;-49,48616624;"SPRF-SP";"DEL09-SP";"UOP01-DEL09-SP"
468813;2022-08-18;"quinta-feira";"11:50:00";"MG";381;456,8;"BELO HORIZONTE";"Acessar a via sem observar a presença dos outros veículos";"Colisão transversal";"Com Vítimas Feridas";"Pleno dia";"Decrescente";"Céu Claro";"Dupla";"Reta";"Sim";2;0;1;0;1;0;1;2;-19,84573073;-43,88689399;"SPRF-MG";"DEL01-MG";"UOP01-DEL01-MG"
468814;2022-08-18;"quinta-feira";"10:00:00";"MG";381;904,2;"CAMBUI";"Manobra de mudança de faixa";"Colisão lateral mesmo sentido";"Com Vítimas Feridas";"Pleno dia";"Decrescente";"Céu Claro";"Dupla";"Em Obras;Reta";"Não";2;0;1;0;0;1;1;2;-22,68841562;-46,10648041;"SPRF-MG";"DEL16-MG";"UOP03-DEL16-MG"
468816;2022-08-18;"quinta-feira";"10:50:00";"RS";470;229;"GARIBALDI";"Acessar a via sem observar a presença dos outros veículos";"Colisão transversal";"Com Vítimas Feridas";"Pleno dia";"Decrescente";"Chuva";"Simples";"Reta";"Não";2;0;1;0;1;0;1;2;-29,21924589;-51,51671648;"SPRF-RS";"DEL06-RS";"UOP01-DEL06-RS"
468817;2022-08-18;"quinta-feira";"13:00:00";"SP";116;149,6;"SAO JOSE DOS CAMPOS";"Ausência de reação do condutor";"Colisão lateral mesmo sentido";"Com Vítimas Feridas";"Pleno dia";"Decrescente";"Céu Claro";"Múltipla";"Reta";"Não";2;0;0;1;1;0;1;2;-23,20700047;-45,88626861;"SPRF-SP";"DEL02-SP";"UOP01-DEL02-SP"
468818;2022-08-18;"quinta-feira";"11:10:00";"PI";402;80,5;"CAJUEIRO DA PRAIA";"Afundamento ou ondulação no pavimento";"Saída de leito carroçável";"Com Vítimas Feridas";"Pleno dia";"Decrescente";"Sol";"Simples";"Reta";"Não";4;0;4;0;0;0;4;1;-3,07259459;-41,41870816;"SPRF-PI";"DEL05-PI";"UOP01-DEL05-PI"
468819;2022-08-10;"quarta-feira";"07:40:00";"BA";324;616;"SALVADOR";"Condutor deixou de manter distância do veículo da frente";"Colisão lateral mesmo sentido";"Com Vítimas Feridas";"Pleno dia";"Decrescente";"Céu Claro";"Múltipla";"Reta";"Sim";2;0;1;0;0;1;1;2;-12,8983683;-38,44995166;"SPRF-BA";"DEL01-BA";"UOP01-DEL01-BA"
468820;2022-08-18;"quinta-feira";"12:10:00";"PI";402;35;"PARNAIBA";"Afundamento ou ondulação no pavimento";"Tombamento";"Com Vítimas Feridas";"Pleno dia";"Decrescente";"Céu Claro";"Simples";"Rotatória";"Não";1;0;0;1;0;0;1;1;-2,93842127;-41,74276823;"SPRF-PI";"DEL05-PI";"UOP01-DEL05-PI"
468822;2022-08-18;"quinta-feira";"13:30:00";"GO";20;216,3;"POSSE";"Condutor deixou de manter distância do veículo da frente";"Colisão traseira";"Sem Vítimas";"Pleno dia";"Crescente";"Céu Claro";"Simples";"Aclive";"Não";2;0;0;0;1;1;0;2;-14,230496;-46,344475;"SPRF-DF";"DEL02-DF";"UOP03-DEL02-DF"
468823;2022-08-18;"quinta-feira";"13:28:00";"ES";259;17;"JOAO NEIVA";"Ausência de reação do condutor";"Colisão traseira";"Com Vítimas Feridas";"Pleno dia";"Decrescente";"Céu Claro";"Simples";"Reta";"Não";2;0;1;0;1;0;1;2;-19,66858288;-40,40294056;"SPRF-ES";"DEL02-ES";"UOP01-DEL02-ES"
468826;2022-08-18;"quinta-feira";"13:50:00";"SP";116;212;"GUARULHOS";"Condutor deixou de manter distância do veículo da frente";"Colisão traseira";"Com Vítimas Feridas";"Pleno dia";"Decrescente";"Céu Claro";"Múltipla";"Reta";"Sim";2;0;1;0;1;0;1;2;-23,43608315;-46,42805094;"SPRF-SP";"DEL01-SP";"UOP01-DEL01-SP"
468827;2022-08-13;"sábado";"04:40:00";"SC";282;381,3;"HERVAL DOESTE";"Reação tardia ou ineficiente do condutor";"Saída de leito carroçável";"Sem Vítimas";"Plena Noite";"Crescente";"Céu Claro";"Simples";"Reta";"Não";1;0;0;0;1;0;0;1;-27,204979;-51,501442;"SPRF-SC";"DEL07-SC";"UOP05-DEL07-SC"
468833;2022-08-13;"sábado";"06:30:00";"PR";277;376;"GUARAPUAVA";"Ingestão de álcool pelo condutor";"Saída de leito carroçável";"Com Vítimas Feridas";"Amanhecer";"Crescente";"Céu Claro";"Simples";"Reta";"Não";4;0;2;0;2;0;2;1;-25,40796255;-51,70003474;"SPRF-PR";"DEL08-PR";"UOP01-DEL08-PR"
468834;2022-08-18;"quinta-feira";"13:55:00";"RS";470;217;"BENTO GONCALVES";"Manobra de mudança de faixa";"Saída de leito carroçável";"Com Vítimas Feridas";"Pleno dia";"Decrescente";"Nublado";"Simples";"Reta";"Sim";1;0;1;0;0;0;1;1;-29,16462512;-51,52551964;"SPRF-RS";"DEL06-RS";"UOP01-DEL06-RS"
468836;2022-08-18;"quinta-feira";"14:40:00";"SC";101;225;"PALHOCA";"Frear bruscamente";"Tombamento";"Com Vítimas Feridas";"Pleno dia";"Crescente";"Chuva";"Dupla";"Reta";"Não";1;0;1;0;0;0;1;1;-27,73292191;-48,6409567;"SPRF-SC";"DEL01-SC";"UOP02-DEL01-SC"
468837;2022-08-18;"quinta-feira";"13:40:00";"SC";116;52;"PAPANDUVA";"Acessar a via sem observar a presença dos outros veículos";"Saída de leito carroçável";"Sem Vítimas";"Pleno dia";"Decrescente";"Nublado";"Simples";"Reta";"Não";3;0;0;0;3;0;0;2;-26,39008273;-50,14576709;"SPRF-SC";"DEL06-SC";"UOP01-DEL06-SC"
468838;2022-08-18;"quinta-feira";"14:35:00";"SC";101;187;"BIGUACU";"Acessar a via sem observar a presença dos outros veículos";"Atropelamento de Pedestre";"Com Vítimas Feridas";"Pleno dia";"Decrescente";"Garoa/Chuvisco";"Dupla";"Reta";"Sim";2;0;1;0;1;0;1;2;-27,44307116;-48,62848475;"SPRF-SC";"DEL01-SC";"UOP01-DEL01-SC"
468843;2022-08-05;"sexta-feira";"04:15:00";"PR";469;12,8;"FOZ DO IGUACU";"Desvio temporário";"Colisão com objeto";"Com Vítimas Feridas";"Plena Noite";"Crescente";"Nublado";"Simples";"Desvio Temporário";"Sim";2;0;0;2;0;0;2;1;-25,5754;-54,5489;"SPRF-PR";"DEL05-PR";"UOP04-DEL05-PR"
468845;2022-08-18;"quinta-feira";"15:20:00";"PR";116;43,1;"CAMPINA GRANDE DO SUL";"Pista Escorregadia";"Saída de leito carroçável";"Com Vítimas Feridas";"Pleno dia";"Crescente";"Chuva";"Múltipla";"Curva";"Não";2;0;1;0;1;0;1;1;-25,18101149;-48,88196442;"SPRF-PR";"DEL01-PR";"UOP02-DEL01-PR"
468849;2022-08-18;"quinta-feira";"12:00:00";"MG";40;149,9;"JOAO PINHEIRO";"Reação tardia ou ineficiente do condutor";"Capotamento";"Com Vítimas Feridas";"Pleno dia";"Decrescente";"Céu Claro";"Simples";"Reta";"Não";7;0;2;1;4;0;3;1;-17,7895666;-46,1361415;"SPRF-MG";"DEL14-MG";"UOP02-DEL14-MG"
468850;2022-08-18;"quinta-feira";"15:50:00";"RJ";101;480;"ANGRA DOS REIS";"Ausência de reação do condutor";"Queda de ocupante de veículo";"Com Vítimas Feridas";"Pleno dia";"Crescente";"Céu Claro";"Simples";"Curva";"Sim";1;0;1;0;0;0;1;1;-23,01331268;-44,28361913;"SPRF-RJ";"DEL03-RJ";"UOP03-DEL03-RJ"
468854;2022-08-13;"sábado";"09:50:00";"PI";343;14;"PARNAIBA";"Acesso irregular";"Tombamento";"Com Vítimas Feridas";"Pleno dia";"Decrescente";"Céu Claro";"Dupla";"Reta";"Sim";1;0;1;0;0;0;1;1;-2,927902;-41,753502;"SPRF-PI";"DEL05-PI";"UOP01-DEL05-PI"
468855;2022-08-18;"quinta-feira";"14:30:00";"AP";210;40;"MACAPA";"Acessar a via sem observar a presença dos outros veículos";"Colisão lateral sentido oposto";"Com Vítimas Feridas";"Pleno dia";"Crescente";"Céu Claro";"Simples";"Reta";"Não";7;0;1;0;6;0;1;2;0,3629696;-51,08236981;"SPRF-AP";"DEL01-AP";"UOP01-DEL01-AP"
468857;2022-08-06;"sábado";"13:10:00";"DF";20;0,9;"BRASILIA";"Ausência de reação do condutor";"Colisão lateral mesmo sentido";"Com Vítimas Feridas";"Pleno dia";"Decrescente";"Céu Claro";"Dupla";"Reta";"Não";2;0;1;0;1;0;1;2;-15,688145;-47,858797;"SPRF-DF";"DEL02-DF";"UOP01-DEL02-DF"
468858;2022-08-18;"quinta-feira";"15:15:00";"PI";316;311,5;"PICOS";"Ausência de reação do condutor";"Colisão traseira";"Com Vítimas Feridas";"Pleno dia";"Decrescente";"Sol";"Simples";"Reta";"Sim";6;0;0;1;5;0;1;2;-7,076331;-41,46596;"SPRF-PI";"DEL04-PI";"UOP01-DEL04-PI"
468859;2022-07-29;"sexta-feira";"15:55:00";"SC";282;3;"FLORIANOPOLIS";"Trafegar com motocicleta (ou similar) entre as faixas";"Colisão lateral mesmo sentido";"Com Vítimas Feridas";"Pleno dia";"Crescente";"Céu Claro";"Dupla";"Reta";"Sim";2;0;0;1;1;0;1;2;-27,600384;-48,599705;"SPRF-SC";"DEL01-SC";"UOP01-DEL01-SC"
468863;2022-08-18;"quinta-feira";"17:05:00";"MG";40;551;"NOVA LIMA";"Transitar na contramão";"Colisão frontal";"Com Vítimas Feridas";"Pleno dia";"Decrescente";"Céu Claro";"Múltipla";"Reta";"Sim";2;0;0;1;1;0;1;2;-20,05411435;-43,97101875;"SPRF-MG";"DEL01-MG";"UOP02-DEL01-MG"
468864;2022-08-18;"quinta-feira";"16:40:00";"CE";116;21;"ITAITINGA";"Demais falhas mecânicas ou elétricas";"Colisão com objeto";"Sem Vítimas";"Pleno dia";"Decrescente";"Céu Claro";"Dupla";"Reta";"Sim";1;0;0;0;1;0;0;1;-3,93175901;-38,50825087;"SPRF-CE";"DEL01-CE";"UOP02-DEL01-CE"
468865;2022-08-18;"quinta-feira";"12:40:00";"RJ";40;105;"DUQUE DE CAXIAS";"Conversão proibida";"Colisão transversal";"Com Vítimas Feridas";"Pleno dia";"Decrescente";"Céu Claro";"Simples";"Reta";"Sim";2;0;1;0;0;1;1;2;-22,63784806;-43,28428824;"SPRF-RJ";"DEL01-RJ";"UOP01-DEL01-RJ"
468866;2022-08-18;"quinta-feira";"17:00:00";"SC";101;217,8;"PALHOCA";"Ausência de reação do condutor";"Colisão lateral mesmo sentido";"Com Vítimas Feridas";"Pleno dia";"Crescente";"Chuva";"Múltipla";"Reta";"Sim";2;0;1;0;0;1;1;2;-27,66779034;-48,67393586;"SPRF-SC";"DEL01-SC";"UOP02-DEL01-SC"
468867;2022-08-18;"quinta-feira";"17:50:00";"RS";285;293;"PASSO FUNDO";"Condutor deixou de manter distância do veículo da frente";"Colisão traseira";"Sem Vítimas";"Pleno dia";"Decrescente";"Céu Claro";"Dupla";"Interseção de Vias";"Sim";2;0;0;0;2;0;0;2;-28,236645;-52,375156;"SPRF-RS";"DEL08-RS";"UOP03-DEL08-RS"
468870;2022-08-18;"quinta-feira";"18:00:00";"AL";316;153;"PALMEIRA DOS INDIOS";"Animais na Pista";"Atropelamento de Animal";"Com Vítimas Feridas";"Anoitecer";"Decrescente";"Céu Claro";"Simples";"Reta";"Não";1;0;1;0;0;0;1;1;-9,43107922;-36,64980109;"SPRF-AL";"DEL03-AL";"UOP01-DEL03-AL"
468871;2022-08-18;"quinta-feira";"17:40:00";"RJ";101;406;"ITAGUAI";"Acessar a via sem observar a presença dos outros veículos";"Colisão frontal";"Com Vítimas Feridas";"Anoitecer";"Crescente";"Céu Claro";"Múltipla";"Reta";"Sim";2;0;0;1;1;0;1;2;-22,87188798;-43,80896322;"SPRF-RJ";"DEL03-RJ";"UOP01-DEL03-RJ"
468872;2022-08-18;"quinta-feira";"14:30:00";"MG";381;717,2;"CARMO DA CACHOEIRA";"Demais Fenômenos da natureza";"Saída de leito carroçável";"Com Vítimas Feridas";"Pleno dia";"Decrescente";"Céu Claro";"Dupla";"Curva";"Não";2;0;1;0;1;0;1;1;-21,43704005;-45,20756491;"SPRF-MG";"DEL04-MG";"UOP02-DEL04-MG"
468873;2022-08-18;"quinta-feira";"17:00:00";"MG";153;32;"CANAPOLIS";"Reação tardia ou ineficiente do condutor";"Saída de leito carroçável";"Com Vítimas Feridas";"Pleno dia";"Crescente";"Céu Claro";"Dupla";"Reta";"Não";1;0;1;0;0;0;1;1;-18,69533703;-49,14697105;"SPRF-MG";"DEL15-MG";"UOP03-DEL15-MG"
468875;2022-08-03;"quarta-feira";"07:30:00";"MG";381;479,1;"BETIM";"Velocidade Incompatível";"Colisão traseira";"Com Vítimas Feridas";"Pleno dia";"Decrescente";"Céu Claro";"Dupla";"Curva;Aclive";"Sim";2;0;1;0;1;0;1;2;-19,9641967;-44,0442751;"SPRF-MG";"DEL01-MG";"UOP03-DEL01-MG"
468876;2022-08-18;"quinta-feira";"18:15:00";"DF";70;10;"BRASILIA";"Ausência de reação do condutor";"Queda de ocupante de veículo";"Com Vítimas Feridas";"Anoitecer";"Crescente";"Céu Claro";"Dupla";"Reta";"Sim";2;0;1;0;1;0;1;1;-15,787066;-48,140709;"SPRF-DF";"DEL03-DF";"UOP02-DEL03-DF"
468877;2022-08-18;"quinta-feira";"18:00:00";"PB";101;87;"JOAO PESSOA";"Pedestre cruzava a pista fora da faixa";"Atropelamento de Pedestre";"Com Vítimas Feridas";"Plena Noite";"Decrescente";"Céu Claro";"Dupla";"Curva";"Sim";2;0;1;1;0;0;2;2;-7,15886802;-34,90628504;"SPRF-PB";"DEL01-PB";"UOP01-DEL01-PB"
468878;2022-08-18;"quinta-feira";"18:10:00";"AL";316;260;"PILAR";"Ingestão de álcool pelo condutor";"Colisão traseira";"Com Vítimas Feridas";"Plena Noite";"Decrescente";"Céu Claro";"Simples";"Reta";"Não";2;0;1;0;0;1;1;2;-9,59126595;-35,904985;"SPRF-AL";"DEL02-AL";"UOP01-DEL02-AL"
468879;2022-08-18;"quinta-feira";"18:37:00";"PE";428;84;"SANTA MARIA DA BOA VISTA";"Acessar a via sem observar a presença dos outros veículos";"Colisão transversal";"Com Vítimas Feridas";"Anoitecer";"Crescente";"Céu Claro";"Simples";"Declive";"Sim";2;0;2;0;0;0;2;1;-8,79836855;-39,83115382;"SPRF-PE";"DEL06-PE";"UOP03-DEL06-PE"
468881;2022-08-18;"quinta-feira";"17:00:00";"ES";393;8,7;"CACHOEIRO DE ITAPEMIRIM";"Reação tardia ou ineficiente do condutor";"Saída de leito carroçável";"Com Vítimas Feridas";"Pleno dia";"Crescente";"Céu Claro";"Simples";"Curva";"Não";1;0;1;0;0;0;1;1;-20,83131413;-41,22312386;"SPRF-ES";"DEL03-ES";"UOP02-DEL03-ES"
468883;2022-08-18;"quinta-feira";"19:00:00";"ES";101;137;"LINHARES";"Conversão proibida";"Colisão transversal";"Com Vítimas Feridas";"Plena Noite";"Crescente";"Céu Claro";"Simples";"Reta";"Não";4;0;1;2;1;0;3;4;-19,29308199;-40,08591691;"SPRF-ES";"DEL04-ES";"UOP01-DEL04-ES"
468884;2022-08-18;"quinta-feira";"18:00:00";"RJ";465;0;"SEROPEDICA";"Acessar a via sem observar a presença dos outros veículos";"Atropelamento de Pedestre";"Com Vítimas Feridas";"Plena Noite";"Decrescente";"Céu Claro";"Simples";"Reta";"Sim";3;0;0;1;2;0;1;2;-22,713446;-43,734077;"SPRF-RJ";"DEL01-RJ";"UOP03-DEL01-RJ"
468887;2022-08-18;"quinta-feira";"18:50:00";"PR";277;123,3;"CAMPO LARGO";"Reação tardia ou ineficiente do condutor";"Tombamento";"Com Vítimas Fatais";"Anoitecer";"Decrescente";"Chuva";"Simples";"Reta";"Não";2;1;0;0;1;0;0;2;-25,462;-49,583;"SPRF-PR";"DEL03-PR";"UOP03-DEL03-PR"
468888;2022-08-18;"quinta-feira";"07:40:00";"SC";101;365;"SANGAO";"Ausência de reação do condutor";"Saída de leito carroçável";"Com Vítimas Feridas";"Pleno dia";"Crescente";"Chuva";"Dupla";"Reta";"Não";1;0;1;0;0;0;1;1;-28,68290284;-49,14759308;"SPRF-SC";"DEL02-SC";"UOP01-DEL02-SC"
468889;2022-08-18;"quinta-feira";"19:10:00";"RS";290;80;"GRAVATAI";"Transitar na contramão";"Colisão lateral mesmo sentido";"Sem Vítimas";"Plena Noite";"Decrescente";"Céu Claro";"Dupla";"Reta";"Sim";3;0;0;0;3;0;0;3;-29,95343;-51,058449;"SPRF-RS";"DEL01-RS";"UOP01-DEL01-RS"
468890;2022-08-18;"quinta-feira";"18:30:00";"MG";40;632,1;"CONSELHEIRO LAFAIETE";"Acessar a via sem observar a presença dos outros veículos";"Colisão transversal";"Com Vítimas Feridas";"Plena Noite";"Decrescente";"Céu Claro";"Dupla";"Interseção de Vias";"Sim";2;0;0;1;1;0;1;2;-20,67722779;-43,79447579;"SPRF-MG";"DEL05-MG";"UOP02-DEL05-MG"
468892;2022-08-18;"quinta-feira";"19:50:00";"PR";116;44,3;"CAMPINA GRANDE DO SUL";"Velocidade Incompatível";"Saída de leito carroçável";"Com Vítimas Feridas";"Plena Noite";"Crescente";"Chuva";"Dupla";"Curva";"Não";2;0;2;0;0;0;2;1;-25,19331605;-48,88845742;"SPRF-PR";"DEL01-PR";"UOP02-DEL01-PR"
468893;2022-08-18;"quinta-feira";"18:19:00";"PI";343;183,3;"PIRIPIRI";"Conversão proibida";"Colisão transversal";"Com Vítimas Feridas";"Anoitecer";"Crescente";"Céu Claro";"Simples";"Reta";"Sim";2;0;0;1;1;0;1;2;-4,264742;-41,756226;"SPRF-PI";"DEL02-PI";"UOP01-DEL02-PI"
468896;2022-08-18;"quinta-feira";"18:35:00";"MS";163;190,6;"CAARAPO";"Ausência de reação do condutor";"Saída de leito carroçável";"Sem Vítimas";"Plena Noite";"Decrescente";"Nublado";"Simples";"Curva";"Não";1;0;0;0;0;1;0;1;-22,78368194;-54,75960195;"SPRF-MS";"DEL04-MS";"UOP02-DEL04-MS"
468898;2022-08-18;"quinta-feira";"20:50:00";"SC";470;68,3;"INDAIAL";"Ingestão de álcool e/ou substâncias psicoativas pelo pedestre";"Atropelamento de Pedestre";"Com Vítimas Feridas";"Plena Noite";"Crescente";"Nublado";"Múltipla";"Em Obras;Reta";"Sim";2;0;1;0;1;0;1;2;-26,88023307;-49,24292835;"SPRF-SC";"DEL04-SC";"UOP01-DEL04-SC"
468899;2022-08-18;"quinta-feira";"19:10:00";"GO";414;439;"ANAPOLIS";"Área urbana sem a presença de local apropriado para a travessia de pedestres";"Eventos atípicos";"Com Vítimas Feridas";"Plena Noite";"Crescente";"Céu Claro";"Simples";"Declive;Reta";"Sim";2;0;1;0;0;1;1;2;-16,28128823;-48,94258908;"SPRF-GO";"DEL02-GO";"UOP01-DEL02-GO"
468900;2022-08-18;"quinta-feira";"20:40:00";"SP";116;146,5;"SAO JOSE DOS CAMPOS";"Condutor deixou de manter distância do veículo da frente";"Engavetamento";"Com Vítimas Feridas";"Plena Noite";"Decrescente";"Céu Claro";"Dupla";"Reta";"Não";9;0;3;0;6;0;3;4;-23,19122919;-45,86327591;"SPRF-SP";"DEL02-SP";"UOP01-DEL02-SP"
468902;2022-08-18;"quinta-feira";"20:10:00";"PR";116;161;"QUITANDINHA";"Condutor deixou de manter distância do veículo da frente";"Colisão traseira";"Sem Vítimas";"Plena Noite";"Crescente";"Garoa/Chuvisco";"Simples";"Aclive;Reta";"Não";3;0;0;0;3;0;0;2;-25,8655278;-49,44151282;"SPRF-PR";"DEL01-PR";"UOP03-DEL01-PR"