"id";"data_inversa";"dia_semana";"horario";"uf";"br";"km";"municipio";"causa_acidente";"tipo_acidente";"classificacao_acidente";"fase_dia";"sentido_via";"condicao_metereologica";"tipo_pista";"tracado_via";"uso_solo";"pessoas";"mortos";"feridos_leves";"feridos_graves";"ilesos";"ignorados";"feridos";"veiculos";"latitude";"longitude";"regional";"delegacia";"uop"
468904;2022-08-18;"quinta-feira";"19:40:00";"SC";280;31;"ARAQUARI";"Ausência de reação do condutor";"Saída de leito carroçável";"Sem Vítimas";"Plena Noite";"Decrescente";"Chuva";"Simples";"Reta";"Não";1;0;0;0;1;0;0;1;-26,41649938;-48,77181215;"SPRF-SC";"DEL03-SC";"UOP03-DEL03-SC"
468906;2022-08-18;"quinta-feira";"21:40:00";"ES";101;329,4;"GUARAPARI";"Animais na Pista";"Atropelamento de Animal";"Com Vítimas Feridas";"Plena Noite";"Decrescente";"Céu Claro";"Dupla";"Reta";"Não";1;0;0;1;0;0;1;1;-20,58104594;-40,49097061;"SPRF-ES";"DEL03-ES";"UOP01-DEL03-ES"
468909;2022-08-18;"quinta-feira";"18:40:00";"SP";381;63;"MAIRIPORA";"Ultrapassagem Indevida";"Colisão lateral mesmo sentido";"Com Vítimas Feridas";"Plena Noite";"Decrescente";"Céu Claro";"Múltipla";"Reta";"Não";2;0;1;0;0;1;1;2;-23,302805;-46,572767;"SPRF-SP";"DEL03-SP";"UOP01-DEL03-SP"
468910;2022-08-18;"quinta-feira";"19:20:00";"RO";364;344;"JI-PARANA";"Condutor desrespeitou a iluminação vermelha do semáforo";"Colisão transversal";"Sem Vítimas";"Plena Noite";"Decrescente";"Garoa/Chuvisco";"Dupla";"Interseção de Vias";"Sim";4;0;0;0;3;1;0;3;-10,87376391;-61,95256893;"SPRF-RO";"DEL02-RO";"UOP01-DEL02-RO"
468911;2022-08-18;"quinta-feira";"22:40:00";"ES";101;212,9;"IBIRACU";"Velocidade Incompatível";"Tombamento";"Com Vítimas Feridas";"Plena Noite";"Crescente";"Nublado";"Simples";"Curva";"Sim";1;0;0;1;0;0;1;1;-19,81537521;-40,36655964;"SPRF-ES";"DEL02-ES";"UOP01-DEL02-ES"
468912;2022-08-18;"quinta-feira";"23:00:00";"GO";40;2;"VALPARAISO DE GOIAS";"Manobra de mudança de faixa";"Colisão transversal";"Com Vítimas Feridas";"Plena Noite";"Crescente";"Céu Claro";"Dupla";"Reta";"Sim";2;0;1;1;0;0;2;2;-16,067129;-47,984235;"SPRF-DF";"DEL01-DF";"UOP01-DEL01-DF"
468913;2022-08-18;"quinta-feira";"23:00:00";"SC";101;219;"PALHOCA";"Ultrapassagem Indevida";"Colisão traseira";"Com Vítimas Feridas";"Plena Noite";"Crescente";"Nublado";"Dupla";"Reta";"Sim";2;0;1;0;1;0;1;2;-27,68392194;-48,66710085;"SPRF-SC";"DEL01-SC";"UOP02-DEL01-SC"
468914;2022-08-18;"quinta-feira";"23:10:00";"MG";381;353;"JOAO MONLEVADE";"Pista esburacada";"Queda de ocupante de veículo";"Com Vítimas Feridas";"Plena Noite";"Crescente";"Céu Claro";"Simples";"Curva";"Não";1;0;1;0;0;0;1;1;-19,83894801;-43,18248641;"SPRF-MG";"DEL03-MG";"UOP01-DEL03-MG"
468917;2022-08-18;"quinta-feira";"21:36:00";"AP";156;390;"FERREIRA GOMES";"Entrada inopinada do pedestre";"Atropelamento de Pedestre";"Com Vítimas Fatais";"Plena Noite";"Crescente";"Céu Claro";"Simples";"Reta";"Não";3;1;0;0;1;1;0;2;0,93570312;-51,18647838;"SPRF-AP";"DEL01-AP";"UOP02-DEL01-AP"
468918;2022-08-18;"quinta-feira";"20:00:00";"PE";316;31;"ARARIPINA";"Manobra de mudança de faixa";"Colisão frontal";"Com Vítimas Fatais";"Plena Noite";"Decrescente";"Céu Claro";"Simples";"Reta";"Não";2;1;0;0;0;1;0;2;-7,62762275;-40,4567719;"SPRF-PE";"DEL05-PE";"UOP02-DEL05-PE"
468921;2022-08-18;"quinta-feira";"21:10:00";"PR";163;150;"SANTA LUCIA";"Ausência de reação do condutor";"Colisão com objeto";"Sem Vítimas";"Plena Noite";"Crescente";"Céu Claro";"Dupla";"Declive";"Sim";1;0;0;0;1;0;0;1;-25,41826795;-53,57319123;"SPRF-PR";"DEL05-PR";"UOP05-DEL05-PR"
468922;2022-08-18;"quinta-feira";"21:40:00";"GO";60;97;"ANAPOLIS";"Acessar a via sem observar a presença dos outros veículos";"Queda de ocupante de veículo";"Com Vítimas Feridas";"Plena Noite";"Crescente";"Céu Claro";"Simples";"Interseção de Vias";"Sim";2;0;1;0;1;0;1;1;-16,3774;-48,9483;"SPRF-GO";"DEL02-GO";"UOP01-DEL02-GO"
468925;2022-08-11;"quinta-feira";"04:55:00";"SC";470;70,8;"INDAIAL";"Acessar a via sem observar a presença dos outros veículos";"Colisão transversal";"Com Vítimas Feridas";"Plena Noite";"Crescente";"Céu Claro";"Simples";"Em Obras;Reta";"Sim";2;0;2;0;0;0;2;2;-26,89544774;-49,26258895;"SPRF-SC";"DEL04-SC";"UOP01-DEL04-SC"
468926;2022-08-18;"quinta-feira";"22:00:00";"MA";230;405;"BALSAS";"Acessar a via sem observar a presença dos outros veículos";"Colisão transversal";"Com Vítimas Feridas";"Plena Noite";"Decrescente";"Céu Claro";"Simples";"Reta";"Sim";2;0;1;0;1;0;1;2;-7,52133442;-46,04968976;"SPRF-MA";"DEL05-MA";"UOP01-DEL05-MA"
468927;2022-08-19;"sexta-feira";"00:30:00";"MG";116;246;"TEOFILO OTONI";"Animais na Pista";"Atropelamento de Animal";"Com Vítimas Feridas";"Plena Noite";"Decrescente";"Céu Claro";"Simples";"Reta";"Sim";5;0;1;0;4;0;1;1;-17,6101981;-41,4975046;"SPRF-MG";"DEL11-MG";"UOP01-DEL11-MG"
468928;2022-08-19;"sexta-feira";"00:34:00";"ES";101;238,5;"FUNDAO";"Animais na Pista";"Atropelamento de Animal";"Com Vítimas Feridas";"Pleno dia";"Crescente";"Céu Claro";"Dupla";"Reta";"Não";2;0;2;0;0;0;2;1;-20,00196;-40,41321;"SPRF-ES";"DEL02-ES";"UOP01-DEL02-ES"
468931;2022-08-19;"sexta-feira";"00:20:00";"RJ";40;86;"PETROPOLIS";"Reação tardia ou ineficiente do condutor";"Saída de leito carroçável";"Com Vítimas Feridas";"Plena Noite";"Decrescente";"Céu Claro";"Simples";"Curva";"Não";40;0;11;1;28;0;12;1;-22,56367778;-43,22837614;"SPRF-RJ";"DEL06-RJ";"UOP01-DEL06-RJ"
468932;2022-08-18;"quinta-feira";"22:30:00";"GO";414;283;"VILA PROPICIO";"Reação tardia ou ineficiente do condutor";"Colisão com objeto";"Com Vítimas Fatais";"Plena Noite";"Decrescente";"Céu Claro";"Dupla";"Curva;Declive";"Não";3;1;2;0;0;0;2;1;-15,09082499;-48,74178802;"SPRF-GO";"DEL07-GO";"UOP02-DEL07-GO"
468935;2022-08-19;"sexta-feira";"00:50:00";"PI";343;254;"CAMPO MAIOR";"Animais na Pista";"Atropelamento de Animal";"Com Vítimas Feridas";"Plena Noite";"Decrescente";"Céu Claro";"Simples";"Reta";"Não";4;0;4;0;0;0;4;1;-4,760148;-42,111641;"SPRF-PI";"DEL01-PI";"UOP03-DEL01-PI"
468937;2022-08-19;"sexta-feira";"01:45:00";"SC";101;150,4;"ITAPEMA";"Velocidade Incompatível";"Colisão traseira";"Com Vítimas Feridas";"Plena Noite";"Crescente";"Céu Claro";"Múltipla";"Curva";"Sim";2;0;1;1;0;0;2;2;-27,11744799;-48,60940987;"SPRF-SC";"DEL04-SC";"UOP03-DEL04-SC"
468938;2022-08-19;"sexta-feira";"03:58:00";"SP";116;216;"GUARULHOS";"Ausência de reação do condutor";"Colisão lateral mesmo sentido";"Com Vítimas Feridas";"Plena Noite";"Crescente";"Nublado";"Múltipla";"Reta";"Sim";1;0;1;0;0;0;1;1;-23,45056589;-46,46258105;"SPRF-SP";"DEL01-SP";"UOP01-DEL01-SP"
468940;2022-08-19;"sexta-feira";"03:40:00";"SP";459;21,3;"LORENA";"Animais na Pista";"Atropelamento de Animal";"Sem Vítimas";"Plena Noite";"Decrescente";"Céu Claro";"Simples";"Curva";"Não";1;0;0;0;0;1;0;1;-22,654818;-45,143578;"SPRF-SP";"DEL08-SP";"UOP02-DEL08-SP"
468942;2022-08-19;"sexta-feira";"05:00:00";"SE";235;30,8;"AREIA BRANCA";"Animais na Pista";"Atropelamento de Animal";"Com Vítimas Feridas";"Amanhecer";"Decrescente";"Chuva";"Simples";"Reta";"Não";2;0;2;0;0;0;2;1;-10,785139;-37,291378;"SPRF-SE";"DEL01-SE";"UOP02-DEL01-SE"
468943;2022-08-19;"sexta-feira";"04:45:00";"SC";470;65;"INDAIAL";"Área urbana sem a presença de local apropriado para a travessia de pedestres";"Colisão transversal";"Com Vítimas Feridas";"Plena Noite";"Crescente";"Nublado";"Simples";"Reta";"Não";2;0;1;0;1;0;1;2;-26,870411;-49,211864;"SPRF-SC";"DEL04-SC";"UOP01-DEL04-SC"
468945;2022-08-19;"sexta-feira";"05:20:00";"SC";116;240;"LAGES";"Ingestão de álcool pelo condutor";"Saída de leito carroçável";"Sem Vítimas";"Amanhecer";"Crescente";"Céu Claro";"Simples";"Reta";"Não";1;0;0;0;1;0;0;1;-27,75844898;-50,33475912;"SPRF-SC";"DEL05-SC";"UOP01-DEL05-SC"
468946;2022-08-19;"sexta-feira";"02:00:00";"PR";116;8,3;"CAMPINA GRANDE DO SUL";"Velocidade Incompatível";"Colisão com objeto";"Sem Vítimas";"Plena Noite";"Crescente";"Garoa/Chuvisco";"Dupla";"Curva";"Não";1;0;0;0;0;1;0;1;-25,08123277;-48,62449108;"SPRF-PR";"DEL01-PR";"UOP02-DEL01-PR"
468947;2022-08-19;"sexta-feira";"06:15:00";"CE";116;18;"EUSEBIO";"Acumulo de areia ou detritos sobre o pavimento";"Queda de ocupante de veículo";"Com Vítimas Feridas";"Pleno dia";"Decrescente";"Céu Claro";"Dupla";"Retorno Regulamentado";"Sim";1;0;1;0;0;0;1;1;-3,90496605;-38,50518756;"SPRF-CE";"DEL01-CE";"UOP02-DEL01-CE"
468949;2022-08-19;"sexta-feira";"06:30:00";"MG";381;493;"BETIM";"Condutor deixou de manter distância do veículo da frente";"Colisão traseira";"Com Vítimas Feridas";"Pleno dia";"Decrescente";"Céu Claro";"Dupla";"Reta";"Sim";2;0;1;0;1;0;1;2;-19,97670801;-44,19962698;"SPRF-MG";"DEL01-MG";"UOP03-DEL01-MG"
468950;2022-08-19;"sexta-feira";"07:05:00";"RS";116;152;"CAXIAS DO SUL";"Desrespeitar a preferência no cruzamento";"Atropelamento de Pedestre";"Com Vítimas Feridas";"Amanhecer";"Decrescente";"Céu Claro";"Simples";"Reta";"Sim";2;0;1;0;1;0;1;2;-29,1829343;-51,16801501;"SPRF-RS";"DEL05-RS";"UOP01-DEL05-RS"
468951;2022-08-18;"quinta-feira";"22:40:00";"RJ";40;114;"DUQUE DE CAXIAS";"Reação tardia ou ineficiente do condutor";"Colisão com objeto";"Com Vítimas Feridas";"Plena Noite";"Decrescente";"Céu Claro";"Múltipla";"Viaduto";"Não";1;0;1;0;0;0;1;1;-22,71853604;-43,28993324;"SPRF-RJ";"DEL01-RJ";"UOP01-DEL01-RJ"
468952;2022-08-19;"sexta-feira";"06:40:00";"ES";101;268;"SERRA";"Condutor deixou de manter distância do veículo da frente";"Colisão traseira";"Com Vítimas Feridas";"Pleno dia";"Crescente";"Céu Claro";"Dupla";"Reta";"Não";2;0;1;0;1;0;1;2;-20,20842;-40,269405;"SPRF-ES";"DEL02-ES";"UOP01-DEL02-ES"
468953;2022-08-19;"sexta-feira";"07:15:00";"PR";277;79;"CURITIBA";"Manobra de mudança de faixa";"Colisão lateral mesmo sentido";"Com Vítimas Feridas";"Pleno dia";"Crescente";"Céu Claro";"Dupla";"Reta";"Sim";2;0;1;0;1;0;1;2;-25,48054926;-49,19767857;"SPRF-PR";"DEL01-PR";"UOP01-DEL01-PR"
468954;2022-08-19;"sexta-feira";"06:45:00";"RJ";101;96,3;"CAMPOS DOS GOYTACAZES";"Curva acentuada";"Colisão com objeto";"Sem Vítimas";"Pleno dia";"Decrescente";"Céu Claro";"Dupla";"Curva";"Não";1;0;0;0;0;1;0;1;-21,86928639;-41,55659304;"SPRF-RJ";"DEL08-RJ";"UOP02-DEL08-RJ"
468955;2022-08-18;"quinta-feira";"22:30:00";"PR";280;270;"MARMELEIRO";"Pedestre cruzava a pista fora da faixa";"Atropelamento de Pedestre";"Com Vítimas Feridas";"Plena Noite";"Decrescente";"Céu Claro";"Simples";"Curva";"Não";2;0;1;0;1;0;1;2;-26,1540019;-53,0237993;"SPRF-PR";"DEL02-PR";"UOP01-DEL02-PR"
468956;2022-08-19;"sexta-feira";"07:00:00";"RJ";101;59;"CAMPOS DOS GOYTACAZES";"Ingestão de álcool pelo condutor";"Colisão traseira";"Sem Vítimas";"Pleno dia";"Crescente";"Céu Claro";"Simples";"Reta";"Sim";3;0;0;0;3;0;0;3;-21,717206;-41,310884;"SPRF-RJ";"DEL08-RJ";"UOP01-DEL08-RJ"
468960;2022-08-19;"sexta-feira";"07:00:00";"MG";50;68;"UBERLANDIA";"Ausência de reação do condutor";"Colisão traseira";"Com Vítimas Feridas";"Pleno dia";"Crescente";"Céu Claro";"Dupla";"Reta";"Sim";5;0;1;0;3;1;1;3;-18,85140204;-48,25345932;"SPRF-MG";"DEL15-MG";"UOP02-DEL15-MG"
468961;2022-08-19;"sexta-feira";"07:33:00";"PR";272;368,2;"CAMPO MOURAO";"Condutor deixou de manter distância do veículo da frente";"Colisão traseira";"Com Vítimas Feridas";"Pleno dia";"Crescente";"Sol";"Dupla";"Reta";"Sim";2;0;1;0;1;0;1;2;-24,05475193;-52,41061403;"SPRF-PR";"DEL09-PR";"UOP03-DEL09-PR"
468963;2022-08-18;"quinta-feira";"22:30:00";"MA";10;230;"GOVERNADOR EDISON LOBAO";"Animais na Pista";"Atropelamento de Animal";"Com Vítimas Feridas";"Plena Noite";"Crescente";"Céu Claro";"Simples";"Reta";"Não";1;0;0;1;0;0;1;1;-5,69825;-47,360955;"SPRF-MA";"DEL04-MA";"UOP01-DEL04-MA"
468964;2022-08-19;"sexta-feira";"07:30:00";"DF";20;16;"BRASILIA";"Trafegar com motocicleta (ou similar) entre as faixas";"Tombamento";"Com Vítimas Feridas";"Pleno dia";"Decrescente";"Céu Claro";"Dupla";"Reta";"Não";1;0;1;0;0;0;1;1;-15,625675;-47,725159;"SPRF-DF";"DEL02-DF";"UOP01-DEL02-DF"
468965;2022-08-19;"sexta-feira";"08:15:00";"GO";153;501,1;"GOIANIA";"Pista Escorregadia";"Queda de ocupante de veículo";"Com Vítimas Feridas";"Pleno dia";"Crescente";"Céu Claro";"Simples";"Reta";"Sim";1;0;1;0;0;0;1;1;-16,7287;-49,2424;"SPRF-GO";"DEL01-GO";"UOP01-DEL01-GO"
468967;2022-08-19;"sexta-feira";"07:30:00";"PI";343;345;"TERESINA";"Condutor deixou de manter distância do veículo da frente";"Colisão traseira";"Sem Vítimas";"Pleno dia";"Decrescente";"Sol";"Simples";"Reta";"Sim";2;0;0;0;2;0;0;2;-5,102889;-42,766506;"SPRF-PI";"DEL01-PI";"UOP01-DEL01-PI"
468970;2022-08-19;"sexta-feira";"07:50:00";"PA";316;53,3;"CASTANHAL";"Demais falhas mecânicas ou elétricas";"Tombamento";"Com Vítimas Feridas";"Pleno dia";"Crescente";"Céu Claro";"Dupla";"Reta";"Não";2;0;1;1;0;0;2;1;-1,30643485;-48,01696002;"SPRF-PA";"DEL01-PA";"UOP01-DEL01-PA"
468971;2022-08-19;"sexta-feira";"07:50:00";"RS";116;526,2;"PELOTAS";"Semáforo com defeito";"Colisão lateral mesmo sentido";"Com Vítimas Feridas";"Pleno dia";"Decrescente";"Céu Claro";"Dupla";"Reta";"Não";2;0;1;0;1;0;1;2;-31,74307729;-52,39966642;"SPRF-RS";"DEL07-RS";"UOP01-DEL07-RS"
468972;2022-08-19;"sexta-feira";"08:00:00";"PR";476;136;"CURITIBA";"Reação tardia ou ineficiente do condutor";"Colisão traseira";"Com Vítimas Feridas";"Pleno dia";"Decrescente";"Céu Claro";"Múltipla";"Reta";"Sim";3;0;1;0;2;0;1;2;-25,49787653;-49,27689721;"SPRF-PR";"DEL01-PR";"UOP03-DEL01-PR"
468973;2022-08-19;"sexta-feira";"08:15:00";"PI";343;11,6;"PARNAIBA";"Ausência de reação do condutor";"Colisão traseira";"Com Vítimas Feridas";"Pleno dia";"Crescente";"Sol";"Dupla";"Reta";"Sim";4;0;3;0;1;0;3;2;-2,90689768;-41,75367616;"SPRF-PI";"DEL05-PI";"UOP01-DEL05-PI"
468976;2022-08-19;"sexta-feira";"08:30:00";"RN";110;47,9;"MOSSORO";"Acessar a via sem observar a presença dos outros veículos";"Colisão transversal";"Com Vítimas Feridas";"Pleno dia";"Crescente";"Céu Claro";"Simples";"Reta";"Sim";2;0;2;0;0;0;2;2;-5,20338376;-37,32563418;"SPRF-RN";"DEL04-RN";"UOP01-DEL04-RN"
468977;2022-08-19;"sexta-feira";"07:35:00";"SC";101;327,2;"TUBARAO";"Reação tardia ou ineficiente do condutor";"Colisão traseira";"Com Vítimas Feridas";"Pleno dia";"Crescente";"Céu Claro";"Dupla";"Viaduto;Reta;Aclive";"Sim";3;0;1;0;2;0;1;3;-28,44475149;-48,96711588;"SPRF-SC";"DEL02-SC";"UOP01-DEL02-SC"
468978;2022-08-19;"sexta-feira";"09:00:00";"MG";50;10;"UBERLANDIA";"Condutor usando celular";"Colisão com objeto";"Com Vítimas Feridas";"Pleno dia";"Crescente";"Céu Claro";"Dupla";"Declive;Em Obras;Curva";"Não";1;0;1;0;0;0;1;1;-18,8826556;-48,20624828;"SPRF-MG";"DEL15-MG";"UOP01-DEL15-MG"
468979;2022-08-08;"segunda-feira";"01:41:00";"GO";60;21;"ALEXANIA";"Demais falhas mecânicas ou elétricas";"Saída de leito carroçável";"Com Vítimas Feridas";"Plena Noite";"Decrescente";"Céu Claro";"Dupla";"Reta";"Não";1;0;1;0;0;0;1;1;-16,0963;-48,5202;"SPRF-DF";"DEL03-DF";"UOP01-DEL03-DF"
468986;2022-08-18;"quinta-feira";"15:00:00";"RS";386;182;"SANTO ANTONIO DO PLANALTO";"Problema na suspensão";"Incêndio";"Sem Vítimas";"Plena Noite";"Crescente";"Céu Claro";"Simples";"Reta";"Não";1;0;0;0;0;1;0;1;-28,380714;-52,703381;"SPRF-RS";"DEL08-RS";"UOP01-DEL08-RS"
468987;2022-08-19;"sexta-feira";"09:30:00";"PA";230;113;"MARABA";"Reação tardia ou ineficiente do condutor";"Colisão traseira";"Sem Vítimas";"Pleno dia";"Crescente";"Sol";"Simples";"Reta";"Sim";5;0;0;0;5;0;0;2;-5,36689576;-49,05750094;"SPRF-PA";"DEL03-PA";"UOP01-DEL03-PA"
468988;2022-08-19;"sexta-feira";"09:30:00";"PR";373;212,6;"IMBITUVA";"Ausência de reação do condutor";"Colisão lateral mesmo sentido";"Com Vítimas Feridas";"Pleno dia";"Crescente";"Sol";"Simples";"Reta";"Não";2;0;1;0;1;0;1;2;-25,15282097;-50,50387144;"SPRF-PR";"DEL03-PR";"UOP01-DEL03-PR"
468989;2022-08-19;"sexta-feira";"10:00:00";"SP";381;68;"MAIRIPORA";"Chuva";"Capotamento";"Com Vítimas Feridas";"Pleno dia";"Decrescente";"Chuva";"Múltipla";"Reta";"Não";3;0;1;0;2;0;1;3;-23,34043796;-46,57433588;"SPRF-SP";"DEL03-SP";"UOP01-DEL03-SP"
468990;2022-08-19;"sexta-feira";"09:30:00";"ES";101;222,8;"IBIRACU";"Ausência de reação do condutor";"Saída de leito carroçável";"Com Vítimas Feridas";"Pleno dia";"Crescente";"Céu Claro";"Simples";"Reta";"Sim";2;0;2;0;0;0;2;1;-19,86695538;-40,40056491;"SPRF-ES";"DEL02-ES";"UOP01-DEL02-ES"
468991;2022-08-19;"sexta-feira";"10:11:00";"RJ";116;318;"ITATIAIA";"Velocidade Incompatível";"Colisão com objeto";"Com Vítimas Feridas";"Pleno dia";"Decrescente";"Garoa/Chuvisco";"Dupla";"Curva";"Sim";2;0;2;0;0;0;2;1;-22,46797868;-44,51030403;"SPRF-RJ";"DEL07-RJ";"UOP02-DEL07-RJ"
468997;2022-08-19;"sexta-feira";"09:50:00";"MT";364;494;"JANGADA";"Ausência de reação do condutor";"Atropelamento de Pedestre";"Com Vítimas Feridas";"Pleno dia";"Decrescente";"Nublado";"Simples";"Reta";"Sim";2;0;0;1;1;0;1;2;-15,29227197;-56,43455719;"SPRF-MT";"DEL01-MT";"UOP02-DEL01-MT"
468998;2022-08-19;"sexta-feira";"11:00:00";"PB";104;130,6;"CAMPINA GRANDE";"Reação tardia ou ineficiente do condutor";"Tombamento";"Com Vítimas Feridas";"Pleno dia";"Decrescente";"Sol";"Simples";"Reta";"Sim";2;0;1;0;1;0;1;2;-7,29013399;-35,89029705;"SPRF-PB";"DEL02-PB";"UOP03-DEL02-PB"
469000;2022-08-19;"sexta-feira";"09:15:00";"RJ";101;576;"PARATY";"Obstrução na via";"Colisão traseira";"Com Vítimas Feridas";"Pleno dia";"Crescente";"Chuva";"Simples";"Reta";"Não";4;0;1;0;3;0;1;3;-23,22679237;-44,72881647;"SPRF-RJ";"DEL03-RJ";"UOP02-DEL03-RJ"
469001;2022-08-19;"sexta-feira";"12:20:00";"PI";316;309;"PICOS";"Velocidade Incompatível";"Colisão transversal";"Com Vítimas Feridas";"Pleno dia";"Crescente";"Céu Claro";"Simples";"Reta";"Sim";2;0;1;0;1;0;1;2;-7,07778744;-41,48370094;"SPRF-PI";"DEL04-PI";"UOP01-DEL04-PI"
469002;2022-08-19;"sexta-feira";"11:20:00";"RJ";101;427;"MANGARATIBA";"Chuva";"Colisão frontal";"Com Vítimas Feridas";"Pleno dia";"Decrescente";"Chuva";"Simples";"Curva";"Não";3;0;2;0;1;0;2;2;-22,93154625;-43,98133788;"SPRF-RJ";"DEL03-RJ";"UOP02-DEL03-RJ"
469005;2022-08-19;"sexta-feira";"11:45:00";"RS";386;210,3;"TIO HUGO";"Condutor deixou de manter distância do veículo da frente";"Colisão traseira";"Com Vítimas Feridas";"Pleno dia";"Decrescente";"Sol";"Simples";"Aclive;Reta";"Não";5;0;1;0;4;0;1;3;-28,538031;-52,618847;"SPRF-RS";"DEL04-RS";"UOP03-DEL04-RS"
469007;2022-08-19;"sexta-feira";"10:10:00";"PI";316;260;"IPIRANGA DO PIAUI";"Acessar a via sem observar a presença dos outros veículos";"Colisão transversal";"Com Vítimas Feridas";"Pleno dia";"Crescente";"Sol";"Simples";"Reta";"Sim";2;0;1;0;1;0;1;2;-6,82863401;-41,73743625;"SPRF-PI";"DEL04-PI";"UOP02-DEL04-PI"
469008;2022-08-19;"sexta-feira";"12:30:00";"BA";324;625;"SALVADOR";"Demais falhas mecânicas ou elétricas";"Incêndio";"Sem Vítimas";"Pleno dia";"Decrescente";"Sol";"Dupla";"Reta";"Sim";1;0;0;0;1;0;0;1;-12,94194706;-38,47081224;"SPRF-BA";"DEL01-BA";"UOP01-DEL01-BA"
469010;2022-08-19;"sexta-feira";"11:15:00";"RJ";40;75;"PETROPOLIS";"Chuva";"Colisão com objeto";"Com Vítimas Feridas";"Pleno dia";"Crescente";"Garoa/Chuvisco";"Simples";"Curva";"Não";2;0;1;0;1;0;1;1;-22,46857126;-43,22958698;"SPRF-RJ";"DEL06-RJ";"UOP01-DEL06-RJ"
469012;2022-08-19;"sexta-feira";"13:10:00";"BA";407;0,2;"JUAZEIRO";"Condutor deixou de manter distância do veículo da frente";"Colisão traseira";"Com Vítimas Feridas";"Pleno dia";"Crescente";"Céu Claro";"Simples";"Reta";"Sim";2;0;1;0;1;0;1;2;-9,41020847;-40,50541162;"SPRF-PE";"DEL06-PE";"UOP01-DEL06-PE"
469014;2022-08-19;"sexta-feira";"12:50:00";"RJ";116;279;"BARRA MANSA";"Velocidade Incompatível";"Colisão com objeto";"Com Vítimas Feridas";"Pleno dia";"Crescente";"Chuva";"Dupla";"Reta";"Não";1;0;1;0;0;0;1;1;-22,51314147;-44,2133089;"SPRF-RJ";"DEL07-RJ";"UOP02-DEL07-RJ"
469017;2022-08-19;"sexta-feira";"13:30:00";"MG";251;482,4;"FRANCISCO SA";"Demais falhas mecânicas ou elétricas";"Saída de leito carroçável";"Com Vítimas Feridas";"Pleno dia";"Crescente";"Céu Claro";"Simples";"Reta";"Não";1;0;0;1;0;0;1;1;-16,493197;-43,52061;"SPRF-MG";"DEL12-MG";"UOP01-DEL12-MG"
469018;2022-08-19;"sexta-feira";"13:20:00";"RN";101;82,2;"SAO GONCALO DO AMARANTE";"Acessar a via sem observar a presença dos outros veículos";"Colisão transversal";"Com Vítimas Feridas";"Pleno dia";"Crescente";"Céu Claro";"Dupla";"Interseção de Vias";"Sim";2;0;1;0;1;0;1;2;-5,76791511;-35,27456305;"SPRF-RN";"DEL02-RN";"UOP01-DEL02-RN"
469019;2022-08-19;"sexta-feira";"13:22:00";"DF";20;5;"BRASILIA";"Reação tardia ou ineficiente do condutor";"Queda de ocupante de veículo";"Com Vítimas Feridas";"Plena Noite";"Decrescente";"Céu Claro";"Dupla";"Aclive";"Não";1;0;1;0;0;0;1;1;-15,66865986;-47,81387329;"SPRF-DF";"DEL02-DF";"UOP01-DEL02-DF"
469021;2022-08-19;"sexta-feira";"12:40:00";"MG";116;654;"SAO FRANCISCO DO GLORIA";"Conversão proibida";"Colisão transversal";"Com Vítimas Feridas";"Pleno dia";"Crescente";"Céu Claro";"Simples";"Curva";"Sim";3;0;1;0;1;1;1;3;-20,72336423;-42,28019714;"SPRF-MG";"DEL07-MG";"UOP03-DEL07-MG"
469022;2022-08-19;"sexta-feira";"11:40:00";"RJ";40;93;"DUQUE DE CAXIAS";"Pista Escorregadia";"Colisão com objeto";"Com Vítimas Feridas";"Pleno dia";"Decrescente";"Chuva";"Simples";"Aclive;Curva";"Não";2;0;2;0;0;0;2;1;-22,5554282;-43,25829998;"SPRF-RJ";"DEL06-RJ";"UOP01-DEL06-RJ"
469023;2022-08-19;"sexta-feira";"12:40:00";"ES";101;292;"CARIACICA";"Acumulo de areia ou detritos sobre o pavimento";"Queda de ocupante de veículo";"Com Vítimas Feridas";"Pleno dia";"Crescente";"Céu Claro";"Dupla";"Retorno Regulamentado";"Sim";1;0;1;0;0;0;1;1;-20,30650512;-40,39488717;"SPRF-ES";"DEL01-ES";"UOP01-DEL01-ES"
469024;2022-08-19;"sexta-feira";"09:00:00";"GO";60;96;"ANAPOLIS";"Pedestre andava na pista";"Atropelamento de Pedestre";"Com Vítimas Feridas";"Pleno dia";"Crescente";"Céu Claro";"Simples";"Reta";"Sim";2;0;1;0;0;1;1;2;-16,371;-48,9422;"SPRF-GO";"DEL02-GO";"UOP01-DEL02-GO"
469027;2022-04-25;"segunda-feira";"09:00:00";"SP";116;225;"GUARULHOS";"Ausência de reação do condutor";"Colisão traseira";"Com Vítimas Feridas";"Pleno dia";"Decrescente";"Sol";"Múltipla";"Reta";"Sim";2;0;2;0;0;0;2;2;-23,48586772;-46,54075317;"SPRF-SP";"DEL01-SP";"UOP01-DEL01-SP"
469029;2022-08-19;"sexta-feira";"14:43:00";"PB";230;49,8;"SANTA RITA";"Fumaça";"Colisão traseira";"Sem Vítimas";"Pleno dia";"Crescente";"Vento";"Dupla";"Reta";"Não";2;0;0;0;1;1;0;2;-7,1803;-35,0485;"SPRF-PB";"DEL01-PB";"UOP03-DEL01-PB"
469030;2022-08-19;"sexta-feira";"14:40:00";"RJ";40;100;"DUQUE DE CAXIAS";"Pista Escorregadia";"Colisão com objeto";"Com Vítimas Feridas";"Pleno dia";"Decrescente";"Chuva";"Dupla";"Curva";"Sim";2;0;1;0;1;0;1;1;-22,60106441;-43,28060582;"SPRF-RJ";"DEL01-RJ";"UOP01-DEL01-RJ"