"id";"data_inversa";"dia_semana";"horario";"uf";"br";"km";"municipio";"causa_acidente";"tipo_acidente";"classificacao_acidente";"fase_dia";"sentido_via";"condicao_metereologica";"tipo_pista";"tracado_via";"uso_solo";"pessoas";"mortos";"feridos_leves";"feridos_graves";"ilesos";"ignorados";"feridos";"veiculos";"latitude";"longitude";"regional";"delegacia";"uop"
469033;2022-08-19;"sexta-feira";"14:50:00";"PE";101;85;"JABOATAO DOS GUARARAPES";"Manobra de mudança de faixa";"Colisão traseira";"Com Vítimas Feridas";"Pleno dia";"Crescente";"Céu Claro";"Dupla";"Reta";"Não";2;0;1;0;0;1;1;2;-8,181605;-34,961561;"SPRF-PE";"DEL01-PE";"UOP01-DEL01-PE"
469035;2022-08-19;"sexta-feira";"13:40:00";"AM";174;943;"MANAUS";"Demais falhas mecânicas ou elétricas";"Colisão lateral sentido oposto";"Com Vítimas Feridas";"Pleno dia";"Crescente";"Céu Claro";"Simples";"Reta";"Não";2;0;1;0;1;0;1;2;-2,5740383;-60,037521;"SPRF-AM";"DEL01-AM";"UOP01-DEL01-AM"
469036;2022-08-19;"sexta-feira";"15:20:00";"PB";230;26;"JOAO PESSOA";"Manobra de mudança de faixa";"Colisão transversal";"Com Vítimas Feridas";"Pleno dia";"Crescente";"Céu Claro";"Múltipla";"Reta";"Sim";3;0;2;0;1;0;2;2;-7,1693;-34,8782;"SPRF-PB";"DEL01-PB";"UOP01-DEL01-PB"
469050;2022-08-19;"sexta-feira";"15:40:00";"PR";369;162,1;"CAMBE";"Condutor deixou de manter distância do veículo da frente";"Colisão traseira";"Com Vítimas Feridas";"Pleno dia";"Decrescente";"Céu Claro";"Dupla";"Reta";"Sim";2;0;1;0;1;0;1;2;-23,2934;-51,2681;"SPRF-PR";"DEL07-PR";"UOP01-DEL07-PR"
469060;2022-08-19;"sexta-feira";"14:15:00";"RS";392;57,6;"RIO GRANDE";"Ausência de reação do condutor";"Colisão traseira";"Sem Vítimas";"Pleno dia";"Decrescente";"Céu Claro";"Dupla";"Reta";"Não";2;0;0;0;2;0;0;2;-31,81173799;-52,32339689;"SPRF-RS";"DEL07-RS";"UOP02-DEL07-RS"
469068;2022-08-19;"sexta-feira";"16:35:00";"SC";101;208;"SAO JOSE";"Ingestão de álcool pelo condutor";"Colisão traseira";"Com Vítimas Feridas";"Pleno dia";"Decrescente";"Céu Claro";"Simples";"Reta";"Sim";3;0;1;0;2;0;1;3;-27,60327979;-48,63201818;"SPRF-SC";"DEL01-SC";"UOP01-DEL01-SC"
469070;2022-08-19;"sexta-feira";"16:50:00";"RJ";116;67;"TERESOPOLIS";"Acessar a via sem observar a presença dos outros veículos";"Colisão lateral mesmo sentido";"Com Vítimas Feridas";"Pleno dia";"Crescente";"Nublado";"Simples";"Declive";"Não";3;0;1;0;2;0;1;2;-22,29371693;-42,93354335;"SPRF-RJ";"DEL04-RJ";"UOP01-DEL04-RJ"
469071;2022-08-19;"sexta-feira";"14:40:00";"MA";135;18;"SAO LUIS";"Ultrapassagem Indevida";"Colisão transversal";"Com Vítimas Feridas";"Pleno dia";"Crescente";"Céu Claro";"Simples";"Curva";"Sim";2;0;1;0;1;0;1;2;-2,53073;-44,3068;"SPRF-MA";"DEL01-MA";"UOP01-DEL01-MA"
469072;2022-08-19;"sexta-feira";"16:40:00";"PE";101;73,7;"RECIFE";"Acessar a via sem observar a presença dos outros veículos";"Colisão transversal";"Com Vítimas Feridas";"Pleno dia";"Crescente";"Céu Claro";"Dupla";"Reta";"Sim";2;0;1;0;1;0;1;2;-8,093369;-34,947464;"SPRF-PE";"DEL01-PE";"UOP01-DEL01-PE"
469074;2022-08-19;"sexta-feira";"17:10:00";"PR";376;595;"CURITIBA";"Pedestre cruzava a pista fora da faixa";"Atropelamento de Pedestre";"Com Vítimas Feridas";"Pleno dia";"Decrescente";"Nublado";"Dupla";"Reta";"Sim";2;0;0;1;1;0;1;2;-25,49317991;-49,34370776;"SPRF-PR";"DEL01-PR";"UOP06-DEL01-PR"
469077;2022-08-19;"sexta-feira";"17:15:00";"GO";40;14,3;"LUZIANIA";"Ausência de reação do condutor";"Colisão com objeto";"Com Vítimas Feridas";"Pleno dia";"Decrescente";"Céu Claro";"Dupla";"Reta";"Não";2;0;2;0;0;0;2;1;-16,158753;-47,933136;"SPRF-DF";"DEL01-DF";"UOP01-DEL01-DF"
469078;2022-08-19;"sexta-feira";"15:50:00";"MT";364;268,2;"JACIARA";"Ausência de sinalização";"Colisão frontal";"Com Vítimas Feridas";"Pleno dia";"Crescente";"Sol";"Simples";"Reta";"Sim";3;0;2;0;1;0;2;2;-15,98124307;-54,93240309;"SPRF-MT";"DEL02-MT";"UOP01-DEL02-MT"
469079;2022-08-19;"sexta-feira";"16:40:00";"SC";101;33,4;"JOINVILLE";"Ingestão de álcool pelo condutor";"Colisão traseira";"Sem Vítimas";"Pleno dia";"Decrescente";"Sol";"Múltipla";"Reta;Viaduto";"Sim";2;0;0;0;2;0;0;2;-26,23200799;-48,91678053;"SPRF-SC";"DEL03-SC";"UOP01-DEL03-SC"
469080;2022-08-19;"sexta-feira";"16:45:00";"BA";116;15;"VITORIA DA CONQUISTA";"Ausência de reação do condutor";"Colisão lateral mesmo sentido";"Com Vítimas Feridas";"Pleno dia";"Decrescente";"Céu Claro";"Simples";"Reta";"Sim";2;0;1;0;1;0;1;2;-14,90043177;-40,85346764;"SPRF-BA";"DEL08-BA";"UOP01-DEL08-BA"
469081;2022-08-19;"sexta-feira";"17:30:00";"RJ";116;180;"NOVA IGUACU";"Trafegar com motocicleta (ou similar) entre as faixas";"Colisão traseira";"Com Vítimas Feridas";"Anoitecer";"Decrescente";"Chuva";"Múltipla";"Reta";"Sim";4;0;2;0;2;0;2;2;-22,74317698;-43,45122814;"SPRF-RJ";"DEL01-RJ";"UOP02-DEL01-RJ"
469083;2022-08-19;"sexta-feira";"16:20:00";"SC";280;120;"SAO BENTO DO SUL";"Acessar a via sem observar a presença dos outros veículos";"Colisão transversal";"Com Vítimas Feridas";"Pleno dia";"Crescente";"Sol";"Simples";"Reta";"Não";3;0;0;1;2;0;1;2;-26,26094075;-49,44273982;"SPRF-SC";"DEL06-SC";"UOP03-DEL06-SC"
469084;2022-08-19;"sexta-feira";"17:50:00";"SP";116;273,5;"TABOAO DA SERRA";"Condutor deixou de manter distância do veículo da frente";"Colisão traseira";"Com Vítimas Feridas";"Plena Noite";"Decrescente";"Céu Claro";"Dupla";"Reta";"Sim";2;0;1;0;1;0;1;2;-23,62809795;-46,81870306;"SPRF-SP";"DEL04-SP";"UOP01-DEL04-SP"
469085;2022-08-15;"segunda-feira";"06:00:00";"MS";262;438,7;"DOIS IRMAOS DO BURITI";"Reação tardia ou ineficiente do condutor";"Colisão traseira";"Com Vítimas Feridas";"Pleno dia";"Decrescente";"Céu Claro";"Simples";"Reta";"Não";3;0;0;2;1;0;2;2;-20,50668086;-55,33772704;"SPRF-MS";"DEL03-MS";"UOP01-DEL03-MS"
469087;2022-08-19;"sexta-feira";"16:30:00";"RJ";101;232;"SILVA JARDIM";"Chuva";"Saída de leito carroçável";"Com Vítimas Feridas";"Anoitecer";"Crescente";"Chuva";"Dupla";"Reta";"Não";2;0;0;2;0;0;2;1;-22,58542006;-42,3846588;"SPRF-RJ";"DEL02-RJ";"UOP03-DEL02-RJ"
469088;2022-08-19;"sexta-feira";"18:00:00";"SC";101;273;"IMBITUBA";"Acumulo de areia ou detritos sobre o pavimento";"Colisão transversal";"Com Vítimas Feridas";"Anoitecer";"Decrescente";"Céu Claro";"Dupla";"Viaduto";"Sim";3;0;1;0;2;0;1;2;-28,12382408;-48,69625015;"SPRF-SC";"DEL02-SC";"UOP03-DEL02-SC"
469090;2022-08-19;"sexta-feira";"17:00:00";"MG";40;567;"NOVA LIMA";"Retorno proibido";"Colisão transversal";"Com Vítimas Feridas";"Pleno dia";"Decrescente";"Céu Claro";"Simples";"Reta";"Sim";3;0;1;0;2;0;1;2;-20,1915303;-43,9712997;"SPRF-MG";"DEL01-MG";"UOP02-DEL01-MG"
469091;2022-07-26;"terça-feira";"10:04:00";"TO";153;334,3;"GUARAI";"Acessar a via sem observar a presença dos outros veículos";"Colisão transversal";"Com Vítimas Feridas";"Pleno dia";"Decrescente";"Céu Claro";"Dupla";"Retorno Regulamentado";"Sim";3;0;2;0;0;1;2;2;-8,835718;-48,512123;"SPRF-TO";"DEL02-TO";"UOP02-DEL02-TO"
469092;2022-08-19;"sexta-feira";"16:50:00";"ES";101;231;"FUNDAO";"Ingestão de álcool pelo condutor";"Colisão traseira";"Sem Vítimas";"Pleno dia";"Crescente";"Vento";"Dupla";"Retorno Regulamentado";"Sim";2;0;0;0;2;0;0;2;-19,94425773;-40,40662323;"SPRF-ES";"DEL02-ES";"UOP01-DEL02-ES"
469094;2022-08-19;"sexta-feira";"18:00:00";"ES";101;268,6;"SERRA";"Acessar a via sem observar a presença dos outros veículos";"Colisão transversal";"Com Vítimas Feridas";"Plena Noite";"Crescente";"Céu Claro";"Múltipla";"Reta";"Sim";2;0;1;0;0;1;1;2;-20,20842;-40,269405;"SPRF-ES";"DEL02-ES";"UOP01-DEL02-ES"
469095;2022-08-19;"sexta-feira";"18:25:00";"PE";116;24;"SALGUEIRO";"Pedestre andava na pista";"Atropelamento de Pedestre";"Com Vítimas Feridas";"Plena Noite";"Crescente";"Céu Claro";"Simples";"Reta";"Sim";2;0;2;0;0;0;2;2;-8,052562;-39,13718;"SPRF-PE";"DEL05-PE";"UOP01-DEL05-PE"
469096;2022-08-19;"sexta-feira";"18:00:00";"SP";153;80,3;"BADY BASSITT";"Transitar no acostamento";"Colisão traseira";"Com Vítimas Feridas";"Anoitecer";"Crescente";"Céu Claro";"Dupla";"Reta";"Não";4;0;2;0;2;0;2;2;-20,90910476;-49,48021806;"SPRF-SP";"DEL09-SP";"UOP01-DEL09-SP"
469097;2022-08-19;"sexta-feira";"17:41:00";"SC";101;135;"BALNEARIO CAMBORIU";"Ausência de reação do condutor";"Colisão traseira";"Com Vítimas Feridas";"Plena Noite";"Decrescente";"Nublado";"Múltipla";"Reta";"Sim";2;0;1;0;0;1;1;2;-27,0050108;-48,62677494;"SPRF-SC";"DEL04-SC";"UOP03-DEL04-SC"
469098;2022-08-19;"sexta-feira";"16:15:00";"SC";470;183;"POUSO REDONDO";"Ultrapassagem Indevida";"Capotamento";"Com Vítimas Feridas";"Pleno dia";"Decrescente";"Céu Claro";"Simples";"Curva";"Não";2;0;2;0;0;0;2;1;-27,251547;-50,016747;"SPRF-SC";"DEL04-SC";"UOP02-DEL04-SC"
469099;2022-08-19;"sexta-feira";"18:30:00";"RN";304;48;"MOSSORO";"Acessar a via sem observar a presença dos outros veículos";"Colisão transversal";"Com Vítimas Feridas";"Plena Noite";"Crescente";"Céu Claro";"Dupla";"Reta";"Não";3;0;3;0;0;0;3;2;-5,22868577;-37,32203081;"SPRF-RN";"DEL04-RN";"UOP01-DEL04-RN"
469100;2022-08-19;"sexta-feira";"18:00:00";"PR";376;176,8;"MARINGA";"Entrada inopinada do pedestre";"Atropelamento de Pedestre";"Com Vítimas Feridas";"Anoitecer";"Crescente";"Céu Claro";"Dupla";"Aclive;Reta";"Sim";2;0;1;0;1;0;1;2;-23,41269173;-51,93158327;"SPRF-PR";"DEL09-PR";"UOP01-DEL09-PR"
469101;2022-08-19;"sexta-feira";"18:00:00";"SE";235;38,3;"AREIA BRANCA";"Deficiência do Sistema de Iluminação/Sinalização";"Colisão lateral mesmo sentido";"Com Vítimas Feridas";"Plena Noite";"Crescente";"Céu Claro";"Simples";"Reta";"Não";2;0;0;2;0;0;2;2;-10,769717;-37,35527;"SPRF-SE";"DEL01-SE";"UOP02-DEL01-SE"
469102;2022-08-19;"sexta-feira";"18:20:00";"RS";290;86;"PORTO ALEGRE";"Ausência de reação do condutor";"Colisão traseira";"Com Vítimas Feridas";"Plena Noite";"Decrescente";"Nublado";"Simples";"Reta";"Sim";2;0;1;1;0;0;2;2;-29,96999891;-51,11736238;"SPRF-RS";"DEL01-RS";"UOP01-DEL01-RS"
469106;2022-08-19;"sexta-feira";"18:00:00";"ES";262;106,2;"VENDA NOVA DO IMIGRANTE";"Acessar a via sem observar a presença dos outros veículos";"Colisão transversal";"Com Vítimas Feridas";"Plena Noite";"Crescente";"Nublado";"Dupla";"Reta";"Sim";2;0;1;0;1;0;1;2;-20,32620639;-41,14442285;"SPRF-ES";"DEL01-ES";"UOP02-DEL01-ES"
469108;2022-08-19;"sexta-feira";"19:30:00";"RJ";116;95;"GUAPIMIRIM";"Chuva";"Colisão frontal";"Com Vítimas Feridas";"Plena Noite";"Crescente";"Chuva";"Simples";"Curva";"Não";2;0;0;1;1;0;1;2;-22,47374702;-43,00117923;"SPRF-RJ";"DEL04-RJ";"UOP01-DEL04-RJ"
469109;2022-08-19;"sexta-feira";"18:20:00";"MG";40;610;"CONGONHAS";"Conversão proibida";"Colisão transversal";"Com Vítimas Feridas";"Plena Noite";"Decrescente";"Céu Claro";"Simples";"Em Obras;Rotatória;Interseção de Vias;Aclive;Reta;Viaduto;Retorno Regulamentado;Ponte;Túnel;Desvio Temporário";"Sim";6;0;4;0;2;0;4;3;-20,504408;-43,838893;"SPRF-MG";"DEL05-MG";"UOP02-DEL05-MG"
469110;2022-08-19;"sexta-feira";"19:25:00";"CE";116;11;"FORTALEZA";"Avarias e/ou desgaste excessivo no pneu";"Queda de ocupante de veículo";"Com Vítimas Feridas";"Plena Noite";"Decrescente";"Céu Claro";"Dupla";"Reta";"Sim";1;0;1;0;0;0;1;1;-3,84394724;-38,49891546;"SPRF-CE";"DEL01-CE";"UOP02-DEL01-CE"
469111;2022-08-19;"sexta-feira";"17:00:00";"MA";222;174;"ITAPECURU MIRIM";"Reação tardia ou ineficiente do condutor";"Colisão traseira";"Com Vítimas Feridas";"Anoitecer";"Decrescente";"Céu Claro";"Simples";"Reta";"Não";3;0;1;0;2;0;1;2;-3,4873772;-44,10461426;"SPRF-MA";"DEL01-MA";"UOP02-DEL01-MA"
469112;2022-07-26;"terça-feira";"07:30:00";"CE";20;402;"CAUCAIA";"Ultrapassagem Indevida";"Colisão frontal";"Com Vítimas Fatais";"Pleno dia";"Crescente";"Sol";"Simples";"Reta";"Sim";2;1;0;0;1;0;0;2;-3,785697;-38,696961;"SPRF-CE";"DEL01-CE";"UOP01-DEL01-CE"
469114;2022-08-19;"sexta-feira";"19:45:00";"PR";116;119;"CURITIBA";"Ausência de reação do condutor";"Colisão lateral mesmo sentido";"Sem Vítimas";"Pleno dia";"Crescente";"Céu Claro";"Dupla";"Reta";"Não";2;0;0;0;2;0;0;2;-25,57248525;-49,31136131;"SPRF-PR";"DEL01-PR";"UOP06-DEL01-PR"
469115;2022-08-19;"sexta-feira";"19:50:00";"PR";277;5;"PARANAGUA";"Ausência de reação do condutor";"Colisão com objeto";"Com Vítimas Feridas";"Plena Noite";"Crescente";"Céu Claro";"Dupla";"Reta";"Sim";3;0;1;0;2;0;1;1;-25,568198;-48,615292;"SPRF-PR";"DEL01-PR";"UOP05-DEL01-PR"
469118;2022-08-19;"sexta-feira";"18:45:00";"GO";153;368;"JARAGUA";"Condutor deixou de manter distância do veículo da frente";"Colisão traseira";"Com Vítimas Feridas";"Plena Noite";"Decrescente";"Céu Claro";"Simples";"Em Obras";"Não";4;0;4;0;0;0;4;2;-15,814121;-49,291016;"SPRF-GO";"DEL02-GO";"UOP02-DEL02-GO"
469120;2022-08-19;"sexta-feira";"19:10:00";"PR";277;539,8;"IBEMA";"Ingestão de álcool pelo condutor";"Colisão transversal";"Sem Vítimas";"Plena Noite";"Crescente";"Céu Claro";"Simples";"Reta";"Não";2;0;0;0;2;0;0;2;-25,10224272;-53,04030055;"SPRF-PR";"DEL04-PR";"UOP01-DEL04-PR"
469122;2022-08-19;"sexta-feira";"18:25:00";"MG";40;40,7;"PARACATU";"Desrespeitar a preferência no cruzamento";"Colisão transversal";"Com Vítimas Feridas";"Anoitecer";"Decrescente";"Céu Claro";"Simples";"Reta";"Sim";2;0;1;0;1;0;1;2;-17,21013894;-46,88089301;"SPRF-MG";"DEL14-MG";"UOP01-DEL14-MG"
469123;2022-08-19;"sexta-feira";"19:30:00";"RN";304;281;"MACAIBA";"Acessar a via sem observar a presença dos outros veículos";"Colisão transversal";"Com Vítimas Feridas";"Plena Noite";"Decrescente";"Céu Claro";"Simples";"Em Obras";"Não";2;0;0;1;0;1;1;2;-5,88698418;-35,48092295;"SPRF-RN";"DEL01-RN";"UOP02-DEL01-RN"
469124;2022-08-19;"sexta-feira";"20:00:00";"PR";376;619;"SAO JOSE DOS PINHAIS";"Acessar a via sem observar a presença dos outros veículos";"Colisão frontal";"Com Vítimas Feridas";"Plena Noite";"Crescente";"Céu Claro";"Simples";"Reta";"Sim";2;0;1;0;1;0;1;2;-25,60034699;-49,17355691;"SPRF-PR";"DEL01-PR";"UOP04-DEL01-PR"
469125;2022-08-19;"sexta-feira";"17:55:00";"PR";277;723;"FOZ DO IGUACU";"Ultrapassagem Indevida";"Colisão traseira";"Com Vítimas Feridas";"Anoitecer";"Decrescente";"Céu Claro";"Múltipla";"Reta";"Sim";2;0;1;0;0;1;1;2;-25,49878215;-54,52985294;"SPRF-PR";"DEL05-PR";"UOP03-DEL05-PR"
469126;2022-08-19;"sexta-feira";"19:40:00";"GO";60;128,1;"GOIANAPOLIS";"Reação tardia ou ineficiente do condutor";"Colisão traseira";"Com Vítimas Feridas";"Plena Noite";"Decrescente";"Céu Claro";"Dupla";"Reta;Declive";"Não";2;0;1;0;0;1;1;2;-16,5498;-49,1518;"SPRF-GO";"DEL01-GO";"UOP01-DEL01-GO"
469127;2022-08-19;"sexta-feira";"16:40:00";"ES";101;20,9;"CONCEICAO DA BARRA";"Avarias e/ou desgaste excessivo no pneu";"Saída de leito carroçável";"Com Vítimas Feridas";"Pleno dia";"Crescente";"Nublado";"Simples";"Declive";"Não";1;0;0;1;0;0;1;1;-18,32561;-39,9584401;"SPRF-ES";"DEL04-ES";"UOP02-DEL04-ES"
469128;2022-08-19;"sexta-feira";"19:45:00";"GO";70;9;"AGUAS LINDAS DE GOIAS";"Reação tardia ou ineficiente do condutor";"Colisão com objeto";"Sem Vítimas";"Plena Noite";"Crescente";"Céu Claro";"Dupla";"Aclive;Reta";"Sim";5;0;0;0;4;1;0;3;-15,73576731;-48,28288046;"SPRF-DF";"DEL03-DF";"UOP02-DEL03-DF"
469129;2022-08-19;"sexta-feira";"17:00:00";"SC";470;66;"INDAIAL";"Acessar a via sem observar a presença dos outros veículos";"Colisão frontal";"Com Vítimas Feridas";"Anoitecer";"Decrescente";"Céu Claro";"Dupla";"Reta;Em Obras";"Não";2;0;0;1;1;0;1;2;-26,870407;-49,221844;"SPRF-SC";"DEL04-SC";"UOP01-DEL04-SC"
469130;2022-08-19;"sexta-feira";"20:30:00";"RS";158;315;"ITAARA";"Pista em desnível";"Saída de leito carroçável";"Com Vítimas Feridas";"Plena Noite";"Crescente";"Céu Claro";"Simples";"Curva";"Não";1;0;1;0;0;0;1;1;-29,65225007;-53,76445424;"SPRF-RS";"DEL09-RS";"UOP01-DEL09-RS"
469131;2022-08-19;"sexta-feira";"19:00:00";"MG";251;518,6;"MONTES CLAROS";"Ultrapassagem Indevida";"Colisão frontal";"Com Vítimas Feridas";"Anoitecer";"Decrescente";"Céu Claro";"Simples";"Reta";"Não";4;0;1;0;2;1;1;3;-16,66257909;-43,76892799;"SPRF-MG";"DEL12-MG";"UOP01-DEL12-MG"
469134;2022-08-19;"sexta-feira";"13:10:00";"SP";101;50,2;"UBATUBA";"Área urbana sem a presença de local apropriado para a travessia de pedestres";"Atropelamento de Pedestre";"Com Vítimas Feridas";"Pleno dia";"Crescente";"Chuva";"Simples";"Reta";"Não";2;0;2;0;0;0;2;2;-23,45018939;-45,07743735;"SPRF-SP";"DEL06-SP";"UOP01-DEL06-SP"
469135;2022-08-19;"sexta-feira";"21:15:00";"RS";101;18,6;"TRES CACHOEIRAS";"Pedestre andava na pista";"Atropelamento de Pedestre";"Com Vítimas Feridas";"Plena Noite";"Decrescente";"Céu Claro";"Dupla";"Reta";"Não";2;0;2;0;0;0;2;2;-29,4244974;-49,88016129;"SPRF-RS";"DEL03-RS";"UOP02-DEL03-RS"
469136;2022-08-19;"sexta-feira";"21:20:00";"DF";20;20;"BRASILIA";"Velocidade Incompatível";"Colisão traseira";"Com Vítimas Feridas";"Plena Noite";"Crescente";"Céu Claro";"Dupla";"Reta;Aclive";"Sim";3;0;1;1;1;0;2;2;-15,607905;-47,692791;"SPRF-DF";"DEL02-DF";"UOP01-DEL02-DF"
469137;2022-08-19;"sexta-feira";"21:20:00";"MG";40;563;"NOVA LIMA";"Demais falhas mecânicas ou elétricas";"Incêndio";"Sem Vítimas";"Plena Noite";"Decrescente";"Céu Claro";"Dupla";"Reta";"Não";1;0;0;0;1;0;0;1;-20,15241986;-43,96263156;"SPRF-MG";"DEL01-MG";"UOP02-DEL01-MG"
469138;2022-08-19;"sexta-feira";"20:00:00";"PR";476;137;"CURITIBA";"Ausência de reação do condutor";"Engavetamento";"Com Vítimas Feridas";"Plena Noite";"Crescente";"Céu Claro";"Dupla";"Reta";"Sim";3;0;1;0;2;0;1;3;-25,498302;-49,277546;"SPRF-PR";"DEL01-PR";"UOP03-DEL01-PR"
469139;2022-08-19;"sexta-feira";"20:00:00";"RJ";40;119;"DUQUE DE CAXIAS";"Trafegar com motocicleta (ou similar) entre as faixas";"Colisão lateral mesmo sentido";"Com Vítimas Feridas";"Plena Noite";"Decrescente";"Chuva";"Dupla";"Reta";"Não";2;0;1;0;1;0;1;2;-22,76375592;-43,28683062;"SPRF-RJ";"DEL01-RJ";"UOP01-DEL01-RJ"
469140;2022-08-19;"sexta-feira";"13:40:00";"MS";60;366;"CAMPO GRANDE";"Reação tardia ou ineficiente do condutor";"Colisão traseira";"Com Vítimas Feridas";"Pleno dia";"Decrescente";"Céu Claro";"Simples";"Rotatória";"Não";3;0;1;0;2;0;1;2;-20,47755394;-54,74989599;"SPRF-MS";"DEL01-MS";"UOP03-DEL01-MS"
469141;2022-08-19;"sexta-feira";"20:00:00";"RJ";101;532;"ANGRA DOS REIS";"Curva acentuada";"Colisão com objeto";"Com Vítimas Feridas";"Plena Noite";"Crescente";"Chuva";"Simples";"Curva";"Não";3;0;3;0;0;0;3;2;-23,01786953;-44,53024067;"SPRF-RJ";"DEL03-RJ";"UOP03-DEL03-RJ"
469143;2022-08-19;"sexta-feira";"21:05:00";"RS";153;49;"ERECHIM";"Ingestão de álcool pelo condutor";"Colisão frontal";"Com Vítimas Feridas";"Plena Noite";"Crescente";"Céu Claro";"Simples";"Reta";"Sim";2;0;0;1;1;0;1;2;-27,65513812;-52,26579899;"SPRF-RS";"DEL08-RS";"UOP04-DEL08-RS"
469146;2022-08-19;"sexta-feira";"23:00:00";"SP";116;147,9;"SAO JOSE DOS CAMPOS";"Manobra de mudança de faixa";"Tombamento";"Com Vítimas Feridas";"Plena Noite";"Crescente";"Garoa/Chuvisco";"Múltipla";"Interseção de Vias";"Sim";1;0;0;1;0;0;1;1;-23,1958181;-45,87324142;"SPRF-SP";"DEL02-SP";"UOP01-DEL02-SP"
469147;2022-08-19;"sexta-feira";"22:30:00";"PR";476;173,4;"CONTENDA";"Velocidade Incompatível";"Saída de leito carroçável";"Com Vítimas Fatais";"Plena Noite";"Decrescente";"Céu Claro";"Simples";"Reta";"Não";3;2;1;0;0;0;1;1;-25,688406;-49,538678;"SPRF-PR";"DEL01-PR";"UOP03-DEL01-PR"
469148;2022-08-19;"sexta-feira";"22:20:00";"PR";376;544;"PALMEIRA";"Ausência de reação do condutor";"Saída de leito carroçável";"Com Vítimas Feridas";"Plena Noite";"Decrescente";"Céu Claro";"Dupla";"Curva";"Não";1;0;1;0;0;0;1;1;-25,44000098;-49,74991895;"SPRF-PR";"DEL03-PR";"UOP03-DEL03-PR"
469149;2022-08-19;"sexta-feira";"19:30:00";"PA";316;159,7;"CAPANEMA";"Ingestão de álcool pelo condutor";"Saída de leito carroçável";"Com Vítimas Feridas";"Plena Noite";"Crescente";"Céu Claro";"Simples";"Aclive";"Não";2;0;1;1;0;0;2;1;-1,26388531;-47,13162934;"SPRF-PA";"DEL01-PA";"UOP03-DEL01-PA"
469150;2022-08-19;"sexta-feira";"18:30:00";"MS";163;278,3;"DOURADOS";"Animais na Pista";"Atropelamento de Animal";"Com Vítimas Feridas";"Anoitecer";"Crescente";"Céu Claro";"Simples";"Reta";"Não";1;0;1;0;0;0;1;1;-22,14945463;-54,6341663;"SPRF-MS";"DEL04-MS";"UOP01-DEL04-MS"
469151;2022-08-19;"sexta-feira";"23:15:00";"SC";101;205;"SAO JOSE";"Problema com o freio";"Colisão com objeto";"Com Vítimas Feridas";"Plena Noite";"Decrescente";"Céu Claro";"Múltipla";"Curva;Declive";"Sim";1;0;0;1;0;0;1;1;-27,58313237;-48,61532885;"SPRF-SC";"DEL01-SC";"UOP01-DEL01-SC"
469153;2022-08-19;"sexta-feira";"23:45:00";"SC";101;217;"PALHOCA";"Reação tardia ou ineficiente do condutor";"Colisão traseira";"Com Vítimas Feridas";"Plena Noite";"Decrescente";"Céu Claro";"Simples";"Reta";"Sim";2;0;1;0;1;0;1;2;-27,66779034;-48,67393586;"SPRF-SC";"DEL01-SC";"UOP02-DEL01-SC"
469154;2022-08-19;"sexta-feira";"21:20:00";"PR";277;305;"PRUDENTOPOLIS";"Ultrapassagem Indevida";"Colisão frontal";"Com Vítimas Feridas";"Plena Noite";"Crescente";"Céu Claro";"Simples";"Reta";"Não";3;0;1;2;0;0;3;2;-25,31628012;-51,18880033;"SPRF-PR";"DEL08-PR";"UOP01-DEL08-PR"
469155;2022-08-20;"sábado";"00:05:00";"PR";277;169;"PALMEIRA";"Acessar a via sem observar a presença dos outros veículos";"Colisão lateral mesmo sentido";"Sem Vítimas";"Plena Noite";"Crescente";"Céu Claro";"Simples";"Reta";"Sim";2;0;0;0;1;1;0;2;-25,43462662;-49,99602199;"SPRF-PR";"DEL03-PR";"UOP03-DEL03-PR"
469156;2022-08-19;"sexta-feira";"21:40:00";"PI";316;9,5;"TERESINA";"Acesso irregular";"Colisão transversal";"Com Vítimas Feridas";"Plena Noite";"Decrescente";"Céu Claro";"Múltipla";"Reta";"Sim";2;0;1;0;1;0;1;2;-5,17381686;-42,76624952;"SPRF-PI";"DEL01-PI";"UOP02-DEL01-PI"
469157;2022-08-19;"sexta-feira";"23:45:00";"SP";116;222;"GUARULHOS";"Ingestão de álcool pelo condutor";"Colisão traseira";"Com Vítimas Feridas";"Plena Noite";"Decrescente";"Ignorado";"Múltipla";"Reta";"Sim";2;0;1;0;1;0;1;2;-23,47093408;-46,51631097;"SPRF-SP";"DEL01-SP";"UOP01-DEL01-SP"
469158;2022-08-19;"sexta-feira";"23:50:00";"ES";259;35;"COLATINA";"Ausência de reação do condutor";"Capotamento";"Com Vítimas Feridas";"Plena Noite";"Crescente";"Vento";"Simples";"Reta";"Não";1;0;1;0;0;0;1;1;-19,55539306;-40,49662884;"SPRF-ES";"DEL02-ES";"UOP01-DEL02-ES"
469159;2022-08-19;"sexta-feira";"17:00:00";"RJ";101;490;"ANGRA DOS REIS";"Acessar a via sem observar a presença dos outros veículos";"Colisão transversal";"Com Vítimas Feridas";"Pleno dia";"Decrescente";"Chuva";"Simples";"Reta;Interseção de Vias";"Não";2;0;0;1;1;0;1;2;-22,95640053;-44,31282898;"SPRF-RJ";"DEL03-RJ";"UOP03-DEL03-RJ"
469164;2022-08-19;"sexta-feira";"20:05:00";"PR";277;209,6;"TEIXEIRA SOARES";"Reação tardia ou ineficiente do condutor";"Saída de leito carroçável";"Com Vítimas Fatais";"Plena Noite";"Decrescente";"Céu Claro";"Simples";"Reta";"Sim";3;1;0;2;0;0;2;1;-25,46507606;-50,3572619;"SPRF-PR";"DEL08-PR";"UOP02-DEL08-PR"