"id";"data_inversa";"dia_semana";"horario";"uf";"br";"km";"municipio";"causa_acidente";"tipo_acidente";"classificacao_acidente";"fase_dia";"sentido_via";"condicao_metereologica";"tipo_pista";"tracado_via";"uso_solo";"pessoas";"mortos";"feridos_leves";"feridos_graves";"ilesos";"ignorados";"feridos";"veiculos";"latitude";"longitude";"regional";"delegacia";"uop"
469166;2022-08-19;"sexta-feira";"21:02:00";"BA";324;567;"SAO SEBASTIAO DO PASSE";"Animais na Pista";"Atropelamento de Animal";"Com Vítimas Feridas";"Plena Noite";"Crescente";"Céu Claro";"Dupla";"Reta";"Não";1;0;1;0;0;0;1;1;-12,529901;-38,603207;"SPRF-BA";"DEL01-BA";"UOP01-DEL01-BA"
469169;2022-08-20;"sábado";"01:30:00";"SP";116;228;"SAO PAULO";"Ingestão de álcool pelo condutor";"Capotamento";"Sem Vítimas";"Plena Noite";"Decrescente";"Nublado";"Múltipla";"Reta";"Sim";4;0;0;0;3;1;0;3;-23,50343484;-46,56638712;"SPRF-SP";"DEL01-SP";"UOP01-DEL01-SP"
469171;2022-08-20;"sábado";"02:30:00";"SP";116;230;"SAO PAULO";"Velocidade Incompatível";"Colisão traseira";"Com Vítimas Feridas";"Plena Noite";"Decrescente";"Ignorado";"Múltipla";"Reta";"Sim";3;0;1;0;2;0;1;2;-23,51312463;-46,57628059;"SPRF-SP";"DEL01-SP";"UOP01-DEL01-SP"
469172;2022-08-20;"sábado";"02:42:00";"PE";428;185;"PETROLINA";"Obras na pista";"Colisão com objeto";"Com Vítimas Feridas";"Plena Noite";"Crescente";"Céu Claro";"Múltipla";"Em Obras";"Sim";1;0;0;1;0;0;1;1;-9,34009199;-40,47032001;"SPRF-PE";"DEL06-PE";"UOP01-DEL06-PE"
469173;2022-08-20;"sábado";"02:30:00";"DF";20;8;"BRASILIA";"Ingestão de álcool pelo condutor";"Saída de leito carroçável";"Com Vítimas Feridas";"Plena Noite";"Crescente";"Céu Claro";"Dupla";"Em Obras";"Sim";2;0;1;1;0;0;2;1;-15,658386;-47,791534;"SPRF-DF";"DEL02-DF";"UOP01-DEL02-DF"
469175;2022-08-20;"sábado";"03:15:00";"BA";101;737;"ITABELA";"Velocidade Incompatível";"Colisão com objeto";"Sem Vítimas";"Plena Noite";"Decrescente";"Nublado";"Simples";"Curva";"Não";1;0;0;0;0;1;0;1;-16,514291;-39,576481;"SPRF-BA";"DEL09-BA";"UOP01-DEL09-BA"
469176;2022-08-20;"sábado";"03:30:00";"MG";40;510;"RIBEIRAO DAS NEVES";"Ingestão de álcool pelo condutor";"Capotamento";"Sem Vítimas";"Plena Noite";"Decrescente";"Céu Claro";"Dupla";"Reta";"Não";1;0;0;0;1;0;0;1;-19,77463885;-44,12321882;"SPRF-MG";"DEL01-MG";"UOP02-DEL01-MG"
469177;2022-08-20;"sábado";"03:40:00";"SC";470;2;"NAVEGANTES";"Ingestão de álcool pelo condutor";"Colisão com objeto";"Sem Vítimas";"Plena Noite";"Decrescente";"Céu Claro";"Dupla";"Reta";"Sim";1;0;0;0;0;1;0;1;-26,868551;-48,674831;"SPRF-SC";"DEL04-SC";"UOP04-DEL04-SC"
469178;2022-08-20;"sábado";"01:50:00";"SC";163;84,1;"GUARACIABA";"Transitar na contramão";"Colisão frontal";"Com Vítimas Feridas";"Plena Noite";"Decrescente";"Céu Claro";"Simples";"Em Obras;Reta";"Não";3;0;2;1;0;0;3;2;-26,61289381;-53,51878166;"SPRF-SC";"DEL07-SC";"UOP03-DEL07-SC"
469180;2022-08-20;"sábado";"03:30:00";"PR";376;229,9;"APUCARANA";"Ingestão de álcool pelo condutor";"Saída de leito carroçável";"Com Vítimas Feridas";"Plena Noite";"Decrescente";"Céu Claro";"Dupla";"Curva";"Não";3;0;3;0;0;0;3;1;-23,564101;-51,5307394;"SPRF-PR";"DEL07-PR";"UOP03-DEL07-PR"
469181;2022-08-20;"sábado";"02:50:00";"MT";163;13,9;"ITIQUIRA";"Condutor Dormindo";"Colisão com objeto";"Com Vítimas Feridas";"Plena Noite";"Decrescente";"Nublado";"Simples";"Rotatória";"Sim";1;0;1;0;0;0;1;1;-17,40545107;-54,7567202;"SPRF-MT";"DEL02-MT";"UOP01-DEL02-MT"
469185;2022-08-20;"sábado";"05:15:00";"RS";116;235,6;"NOVO HAMBURGO";"Reação tardia ou ineficiente do condutor";"Saída de leito carroçável";"Sem Vítimas";"Plena Noite";"Decrescente";"Nublado";"Dupla";"Reta;Interseção de Vias";"Sim";2;0;0;0;0;2;0;2;-29,6581481;-51,14397526;"SPRF-RS";"DEL01-RS";"UOP02-DEL01-RS"
469186;2022-08-20;"sábado";"05:30:00";"MG";116;470,5;"TARUMIRIM";"Acessar a via sem observar a presença dos outros veículos";"Colisão frontal";"Com Vítimas Feridas";"Amanhecer";"Crescente";"Céu Claro";"Simples";"Reta;Interseção de Vias";"Sim";14;0;9;2;3;0;11;4;-19,32538599;-42,07393491;"SPRF-MG";"DEL06-MG";"UOP02-DEL06-MG"
469187;2022-08-20;"sábado";"04:30:00";"PE";101;181,3;"PALMARES";"Animais na Pista";"Atropelamento de Animal";"Com Vítimas Feridas";"Plena Noite";"Crescente";"Nublado";"Dupla";"Reta";"Não";1;0;0;1;0;0;1;1;-8,64421608;-35,5612637;"SPRF-PE";"DEL01-PE";"UOP03-DEL01-PE"
469191;2022-08-20;"sábado";"05:20:00";"BA";135;184;"BARREIRAS";"Ausência de reação do condutor";"Colisão traseira";"Com Vítimas Feridas";"Amanhecer";"Crescente";"Céu Claro";"Simples";"Reta";"Não";2;0;1;0;0;1;1;2;-12,181554;-45,0109473;"SPRF-BA";"DEL10-BA";"UOP01-DEL10-BA"
469193;2022-08-20;"sábado";"07:07:00";"SP";116;527;"BARRA DO TURVO";"Animais na Pista";"Atropelamento de Animal";"Com Vítimas Feridas";"Amanhecer";"Decrescente";"Garoa/Chuvisco";"Dupla";"Reta";"Não";5;0;0;1;4;0;1;1;-24,93316099;-48,283076;"SPRF-SP";"DEL05-SP";"UOP02-DEL05-SP"
469194;2022-08-20;"sábado";"05:40:00";"PI";20;337;"SANTO ANTONIO DE LISBOA";"Ausência de reação do condutor";"Saída de leito carroçável";"Com Vítimas Feridas";"Amanhecer";"Crescente";"Sol";"Simples";"Aclive";"Não";2;0;2;0;0;0;2;1;-7,01051407;-41,2076497;"SPRF-PI";"DEL04-PI";"UOP01-DEL04-PI"
469195;2022-08-20;"sábado";"04:50:00";"MA";135;125;"MIRANDA DO NORTE";"Reação tardia ou ineficiente do condutor";"Colisão traseira";"Com Vítimas Fatais";"Plena Noite";"Crescente";"Céu Claro";"Simples";"Reta";"Sim";2;1;0;0;1;0;0;2;-3,55196483;-44,58217131;"SPRF-MA";"DEL01-MA";"UOP02-DEL01-MA"
469196;2022-08-20;"sábado";"06:00:00";"RJ";393;251;"BARRA DO PIRAI";"Velocidade Incompatível";"Saída de leito carroçável";"Sem Vítimas";"Amanhecer";"Crescente";"Nublado";"Simples";"Reta";"Sim";1;0;0;0;0;1;0;1;-22,42817793;-43,76843108;"SPRF-RJ";"DEL05-RJ";"UOP04-DEL05-RJ"
469197;2022-08-20;"sábado";"00:20:00";"TO";226;10;"PALMEIRAS DO TOCANTINS";"Ausência de reação do condutor";"Colisão com objeto";"Sem Vítimas";"Plena Noite";"Decrescente";"Céu Claro";"Simples";"Ponte";"Não";1;0;0;0;0;1;0;1;-6,600472;-47,533829;"SPRF-TO";"DEL02-TO";"UOP03-DEL02-TO"
469200;2022-08-19;"sexta-feira";"07:20:00";"RO";364;424;"JARU";"Acessar a via sem observar a presença dos outros veículos";"Colisão transversal";"Com Vítimas Feridas";"Pleno dia";"Crescente";"Nublado";"Dupla";"Reta";"Não";2;0;2;0;0;0;2;2;-10,438194;-62,470804;"SPRF-RO";"DEL03-RO";"UOP02-DEL03-RO"
469201;2022-08-20;"sábado";"05:30:00";"PR";277;30;"MORRETES";"Ingestão de álcool pelo condutor";"Saída de leito carroçável";"Sem Vítimas";"Plena Noite";"Crescente";"Céu Claro";"Dupla";"Reta";"Não";1;0;0;0;1;0;0;1;-25,55021;-48,796336;"SPRF-PR";"DEL01-PR";"UOP05-DEL01-PR"
469202;2022-08-20;"sábado";"07:25:00";"CE";116;9,9;"FORTALEZA";"Condutor deixou de manter distância do veículo da frente";"Colisão traseira";"Com Vítimas Feridas";"Pleno dia";"Crescente";"Céu Claro";"Dupla";"Reta";"Sim";3;0;1;0;2;0;1;2;-3,82779096;-38,50486117;"SPRF-CE";"DEL01-CE";"UOP02-DEL01-CE"
469203;2022-08-20;"sábado";"06:50:00";"SC";153;58,8;"IRANI";"Pista Escorregadia";"Tombamento";"Com Vítimas Feridas";"Pleno dia";"Decrescente";"Céu Claro";"Simples";"Rotatória";"Não";1;0;1;0;0;0;1;1;-26,96919453;-51,85413837;"SPRF-SC";"DEL07-SC";"UOP04-DEL07-SC"
469208;2022-08-20;"sábado";"08:30:00";"PI";316;15,4;"TERESINA";"Transitar no acostamento";"Colisão traseira";"Com Vítimas Feridas";"Pleno dia";"Decrescente";"Sol";"Dupla";"Reta";"Não";3;0;0;1;1;1;1;3;-5,22618889;-42,75017066;"SPRF-PI";"DEL01-PI";"UOP02-DEL01-PI"
469210;2022-08-20;"sábado";"08:40:00";"RJ";101;419;"MANGARATIBA";"Velocidade Incompatível";"Colisão frontal";"Com Vítimas Feridas";"Pleno dia";"Crescente";"Chuva";"Simples";"Curva";"Não";2;0;2;0;0;0;2;2;-22,91808988;-43,91359106;"SPRF-RJ";"DEL03-RJ";"UOP02-DEL03-RJ"
469212;2022-08-20;"sábado";"06:25:00";"PB";230;71,2;"SOBRADO";"Mal súbito do condutor";"Saída de leito carroçável";"Sem Vítimas";"Pleno dia";"Decrescente";"Céu Claro";"Dupla";"Desvio Temporário;Reta";"Não";1;0;0;0;1;0;0;1;-7,1907;-35,2418;"SPRF-PB";"DEL01-PB";"UOP03-DEL01-PB"
469213;2022-08-13;"sábado";"21:22:00";"MS";163;262;"DOURADOS";"Ausência de reação do condutor";"Colisão traseira";"Com Vítimas Feridas";"Plena Noite";"Crescente";"Céu Claro";"Dupla";"Reta";"Sim";3;0;1;0;2;0;1;2;-22,2352256;-54,75663316;"SPRF-MS";"DEL04-MS";"UOP01-DEL04-MS"
469216;2022-08-20;"sábado";"09:15:00";"SP";153;149,4;"PROMISSAO";"Condutor Dormindo";"Saída de leito carroçável";"Com Vítimas Feridas";"Pleno dia";"Crescente";"Nublado";"Simples";"Reta";"Não";3;0;3;0;0;0;3;1;-21,40842999;-49,78812387;"SPRF-SP";"DEL07-SP";"UOP01-DEL07-SP"
469217;2022-08-20;"sábado";"09:36:00";"DF";20;2;"BRASILIA";"Ingestão de álcool pelo condutor";"Capotamento";"Sem Vítimas";"Pleno dia";"Crescente";"Céu Claro";"Dupla";"Reta";"Sim";1;0;0;0;1;0;0;1;-15,682896;-47,840729;"SPRF-DF";"DEL02-DF";"UOP01-DEL02-DF"
469220;2022-07-31;"domingo";"23:20:00";"RS";290;453,5;"SAO GABRIEL";"Transitar na contramão";"Colisão frontal";"Com Vítimas Fatais";"Plena Noite";"Crescente";"Céu Claro";"Simples";"Curva";"Não";6;3;0;3;0;0;3;2;-30,232815;-54,645508;"SPRF-RS";"DEL11-RS";"UOP02-DEL11-RS"
469221;2022-08-20;"sábado";"09:40:00";"SE";101;92;"NOSSA SENHORA DO SOCORRO";"Reação tardia ou ineficiente do condutor";"Tombamento";"Com Vítimas Feridas";"Pleno dia";"Crescente";"Céu Claro";"Dupla";"Reta";"Sim";2;0;2;0;0;0;2;1;-10,90169474;-37,13619222;"SPRF-SE";"DEL01-SE";"UOP01-DEL01-SE"
469222;2022-08-20;"sábado";"09:16:00";"PE";232;8;"RECIFE";"Condutor deixou de manter distância do veículo da frente";"Colisão traseira";"Com Vítimas Feridas";"Pleno dia";"Decrescente";"Céu Claro";"Múltipla";"Desvio Temporário";"Não";2;0;2;0;0;0;2;2;-8,07583727;-34,97015791;"SPRF-PE";"DEL01-PE";"UOP01-DEL01-PE"
469225;2022-08-20;"sábado";"07:40:00";"PR";277;678,1;"MEDIANEIRA";"Ausência de reação do condutor";"Saída de leito carroçável";"Sem Vítimas";"Pleno dia";"Decrescente";"Sol";"Dupla";"Retorno Regulamentado";"Não";1;0;0;0;0;1;0;1;-25,313633;-54,149622;"SPRF-PR";"DEL05-PR";"UOP01-DEL05-PR"
469226;2022-08-20;"sábado";"10:00:00";"SC";101;208;"SAO JOSE";"Condutor deixou de manter distância do veículo da frente";"Colisão traseira";"Com Vítimas Feridas";"Pleno dia";"Decrescente";"Céu Claro";"Simples";"Reta";"Não";4;0;1;0;3;0;1;2;-27,60327979;-48,63201818;"SPRF-SC";"DEL01-SC";"UOP01-DEL01-SC"
469228;2022-08-20;"sábado";"10:10:00";"ES";101;257,5;"SERRA";"Transitar na contramão";"Colisão frontal";"Com Vítimas Fatais";"Pleno dia";"Crescente";"Nublado";"Dupla";"Reta";"Sim";3;1;0;0;1;1;0;3;-20,12455095;-40,30331881;"SPRF-ES";"DEL02-ES";"UOP01-DEL02-ES"
469229;2022-08-20;"sábado";"07:45:00";"MG";50;115;"UBERABA";"Ingestão de álcool pelo condutor";"Tombamento";"Com Vítimas Feridas";"Pleno dia";"Crescente";"Céu Claro";"Dupla";"Reta";"Não";1;0;1;0;0;0;1;1;-19,26611991;-48,12839379;"SPRF-MG";"DEL13-MG";"UOP01-DEL13-MG"
469230;2022-07-23;"sábado";"21:30:00";"RN";110;45,7;"MOSSORO";"Animais na Pista";"Tombamento";"Com Vítimas Feridas";"Plena Noite";"Crescente";"Ignorado";"Simples";"Reta";"Sim";2;0;2;0;0;0;2;1;-5,19670734;-37,31680339;"SPRF-RN";"DEL04-RN";"UOP01-DEL04-RN"
469231;2022-08-20;"sábado";"06:40:00";"PE";423;130,5;"SALOA";"Ultrapassagem Indevida";"Colisão traseira";"Com Vítimas Fatais";"Pleno dia";"Decrescente";"Céu Claro";"Múltipla";"Aclive";"Não";2;1;0;0;0;1;0;2;-8,96086814;-36,74928798;"SPRF-PE";"DEL03-PE";"UOP01-DEL03-PE"
469233;2022-08-20;"sábado";"10:30:00";"ES";101;220;"IBIRACU";"Ausência de reação do condutor";"Saída de leito carroçável";"Com Vítimas Feridas";"Pleno dia";"Decrescente";"Céu Claro";"Dupla";"Curva";"Não";1;0;1;0;0;0;1;1;-19,86379124;-40,39171492;"SPRF-ES";"DEL02-ES";"UOP01-DEL02-ES"
469237;2022-08-20;"sábado";"10:40:00";"MG";365;406;"PATOS DE MINAS";"Velocidade Incompatível";"Tombamento";"Com Vítimas Feridas";"Pleno dia";"Crescente";"Céu Claro";"Dupla";"Rotatória";"Não";2;0;0;1;0;1;1;2;-18,63902047;-46,49098979;"SPRF-MG";"DEL10-MG";"UOP01-DEL10-MG"
469238;2022-08-20;"sábado";"12:00:00";"BA";324;602;"SIMOES FILHO";"Velocidade Incompatível";"Colisão com objeto";"Com Vítimas Fatais";"Pleno dia";"Decrescente";"Nublado";"Dupla";"Declive";"Não";5;1;4;0;0;0;4;2;-12,76402892;-38,42393483;"SPRF-BA";"DEL01-BA";"UOP01-DEL01-BA"
469241;2022-08-20;"sábado";"11:30:00";"PR";116;7,7;"CAMPINA GRANDE DO SUL";"Ingestão de álcool pelo condutor";"Colisão com objeto";"Sem Vítimas";"Pleno dia";"Crescente";"Nublado";"Múltipla";"Curva";"Não";2;0;0;0;2;0;0;1;-25,08235366;-48,61499799;"SPRF-PR";"DEL01-PR";"UOP02-DEL01-PR"
469242;2022-08-20;"sábado";"11:40:00";"MG";262;437;"NOVA SERRANA";"Acessar a via sem observar a presença dos outros veículos";"Colisão transversal";"Com Vítimas Feridas";"Pleno dia";"Decrescente";"Céu Claro";"Dupla";"Reta";"Não";2;0;1;0;0;1;1;2;-19,89622194;-44,86972815;"SPRF-MG";"DEL08-MG";"UOP03-DEL08-MG"
469243;2022-08-20;"sábado";"11:09:00";"ES";101;144,2;"LINHARES";"Acessar a via sem observar a presença dos outros veículos";"Colisão transversal";"Com Vítimas Feridas";"Pleno dia";"Decrescente";"Nublado";"Múltipla";"Interseção de Vias";"Sim";2;0;1;0;0;1;1;2;-19,35188295;-40,0636685;"SPRF-ES";"DEL04-ES";"UOP01-DEL04-ES"
469245;2022-08-20;"sábado";"10:00:00";"MA";135;24;"SAO LUIS";"Ausência de reação do condutor";"Colisão traseira";"Com Vítimas Feridas";"Pleno dia";"Crescente";"Céu Claro";"Dupla";"Ponte";"Sim";2;0;1;0;1;0;1;2;-2,546717;-44,303072;"SPRF-MA";"DEL01-MA";"UOP01-DEL01-MA"
469246;2022-08-08;"segunda-feira";"20:10:00";"AL";316;85;"SANTANA DO IPANEMA";"Ingestão de álcool pelo condutor";"Colisão transversal";"Com Vítimas Feridas";"Plena Noite";"Decrescente";"Céu Claro";"Simples";"Curva";"Sim";3;0;3;0;0;0;3;2;-9,36982836;-37,24347904;"SPRF-AL";"DEL03-AL";"UOP02-DEL03-AL"
469249;2022-08-20;"sábado";"10:00:00";"RJ";40;37,9;"AREAL";"Acumulo de óleo sobre o pavimento";"Tombamento";"Com Vítimas Feridas";"Pleno dia";"Crescente";"Nublado";"Dupla";"Curva";"Não";1;0;1;0;0;0;1;1;-22,22812456;-43,11939824;"SPRF-RJ";"DEL05-RJ";"UOP02-DEL05-RJ"
469251;2022-08-20;"sábado";"13:45:00";"ES";262;17,4;"VIANA";"Acessar a via sem observar a presença dos outros veículos";"Colisão transversal";"Com Vítimas Feridas";"Pleno dia";"Decrescente";"Céu Claro";"Simples";"Interseção de Vias;Reta";"Sim";2;0;1;0;1;0;1;2;-20,39137228;-40,48080285;"SPRF-ES";"DEL01-ES";"UOP01-DEL01-ES"
469253;2022-08-20;"sábado";"13:50:00";"PR";376;488;"PONTA GROSSA";"Ausência de reação do condutor";"Colisão com objeto";"Com Vítimas Feridas";"Pleno dia";"Decrescente";"Nublado";"Dupla";"Viaduto";"Sim";1;0;1;0;0;0;1;1;-25,08206192;-50,18960238;"SPRF-PR";"DEL03-PR";"UOP01-DEL03-PR"
469255;2022-08-20;"sábado";"14:00:00";"PR";376;211,9;"MANDAGUARI";"Manobra de mudança de faixa";"Saída de leito carroçável";"Com Vítimas Feridas";"Pleno dia";"Decrescente";"Céu Claro";"Dupla";"Reta";"Não";1;0;1;0;0;0;1;1;-23,56411;-51,657597;"SPRF-PR";"DEL09-PR";"UOP01-DEL09-PR"
469256;2022-08-20;"sábado";"10:00:00";"GO";364;242;"JATAI";"Condutor Dormindo";"Saída de leito carroçável";"Com Vítimas Feridas";"Pleno dia";"Decrescente";"Céu Claro";"Simples";"Reta";"Não";2;0;2;0;0;0;2;1;-17,774479;-52,099548;"SPRF-GO";"DEL05-GO";"UOP01-DEL05-GO"
469257;2022-08-20;"sábado";"14:30:00";"MG";365;98;"JEQUITAI";"Objeto estático sobre o leito carroçável";"Saída de leito carroçável";"Com Vítimas Fatais";"Pleno dia";"Crescente";"Céu Claro";"Simples";"Reta";"Não";1;1;0;0;0;0;0;1;-17,22330384;-44,50756306;"SPRF-MG";"DEL12-MG";"UOP01-DEL12-MG"
469258;2022-08-20;"sábado";"14:45:00";"RS";386;32,9;"FREDERICO WESTPHALEN";"Acessar a via sem observar a presença dos outros veículos";"Colisão transversal";"Com Vítimas Feridas";"Pleno dia";"Crescente";"Céu Claro";"Simples";"Interseção de Vias";"Sim";2;0;1;0;1;0;1;2;-27,341396;-53,387527;"SPRF-RS";"DEL08-RS";"UOP02-DEL08-RS"
469259;2022-08-20;"sábado";"14:24:00";"RN";101;99;"PARNAMIRIM";"Ausência de reação do condutor";"Colisão lateral mesmo sentido";"Com Vítimas Feridas";"Pleno dia";"Decrescente";"Céu Claro";"Dupla";"Retorno Regulamentado";"Sim";2;0;1;0;1;0;1;2;-5,87359183;-35,22063023;"SPRF-RN";"DEL01-RN";"UOP01-DEL01-RN"
469260;2022-08-20;"sábado";"14:40:00";"RN";101;105;"PARNAMIRIM";"Manobra de mudança de faixa";"Colisão lateral mesmo sentido";"Com Vítimas Feridas";"Pleno dia";"Crescente";"Céu Claro";"Dupla";"Reta";"Sim";3;0;2;0;1;0;2;2;-5,90165196;-35,25928517;"SPRF-RN";"DEL01-RN";"UOP01-DEL01-RN"
469261;2022-08-20;"sábado";"14:25:00";"RS";101;46;"TERRA DE AREIA";"Reação tardia ou ineficiente do condutor";"Atropelamento de Pedestre";"Com Vítimas Feridas";"Pleno dia";"Crescente";"Céu Claro";"Múltipla";"Reta";"Sim";2;0;0;1;1;0;1;2;-29,57664003;-50,06327396;"SPRF-RS";"DEL03-RS";"UOP02-DEL03-RS"
469262;2022-08-20;"sábado";"14:10:00";"SC";101;104,8;"PENHA";"Velocidade Incompatível";"Colisão com objeto";"Com Vítimas Feridas";"Pleno dia";"Decrescente";"Nublado";"Dupla";"Curva";"Sim";1;0;0;1;0;0;1;1;-26,79902145;-48,6788857;"SPRF-SC";"DEL03-SC";"UOP02-DEL03-SC"
469265;2022-08-20;"sábado";"14:43:00";"PB";101;86,2;"JOAO PESSOA";"Condutor deixou de manter distância do veículo da frente";"Colisão traseira";"Com Vítimas Feridas";"Pleno dia";"Decrescente";"Sol";"Dupla";"Declive";"Sim";3;0;2;0;1;0;2;2;-7,15118983;-34,91012184;"SPRF-PB";"DEL01-PB";"UOP01-DEL01-PB"
469266;2022-08-20;"sábado";"15:30:00";"GO";70;170,4;"ITAGUARI";"Ausência de reação do condutor";"Colisão com objeto";"Com Vítimas Fatais";"Pleno dia";"Crescente";"Céu Claro";"Simples";"Reta";"Não";1;1;0;0;0;0;0;1;-15,94715429;-49,63710181;"SPRF-GO";"DEL02-GO";"UOP02-DEL02-GO"
469267;2022-08-20;"sábado";"14:30:00";"MG";262;422;"NOVA SERRANA";"Condutor Dormindo";"Saída de leito carroçável";"Com Vítimas Feridas";"Pleno dia";"Crescente";"Céu Claro";"Dupla";"Reta";"Não";2;0;1;0;1;0;1;1;-19,89266739;-44,84258586;"SPRF-MG";"DEL08-MG";"UOP03-DEL08-MG"
469272;2022-08-20;"sábado";"16:30:00";"MG";365;622;"UBERLANDIA";"Condutor deixou de manter distância do veículo da frente";"Colisão traseira";"Sem Vítimas";"Pleno dia";"Decrescente";"Céu Claro";"Dupla";"Reta";"Sim";2;0;0;0;2;0;0;2;-18,90146517;-48,27568531;"SPRF-MG";"DEL15-MG";"UOP01-DEL15-MG"
469273;2022-08-20;"sábado";"15:25:00";"PR";163;160,6;"LINDOESTE";"Ultrapassagem Indevida";"Colisão frontal";"Com Vítimas Feridas";"Pleno dia";"Decrescente";"Sol";"Simples";"Reta";"Não";4;0;1;0;3;0;1;2;-25,33653711;-53,5887282;"SPRF-PR";"DEL05-PR";"UOP05-DEL05-PR"
469274;2022-08-20;"sábado";"16:14:00";"PB";230;67;"SOBRADO";"Demais falhas mecânicas ou elétricas";"Incêndio";"Sem Vítimas";"Pleno dia";"Crescente";"Céu Claro";"Dupla";"Reta";"Não";2;0;0;0;2;0;0;1;-7,1856;-35,1989;"SPRF-PB";"DEL01-PB";"UOP03-DEL01-PB"
469275;2022-08-20;"sábado";"12:10:00";"AP";156;820;"OIAPOQUE";"Acessar a via sem observar a presença dos outros veículos";"Colisão frontal";"Com Vítimas Feridas";"Pleno dia";"Crescente";"Céu Claro";"Simples";"Interseção de Vias";"Sim";3;0;2;1;0;0;3;3;3,83878842;-51,81774523;"SPRF-AP";"DEL01-AP";"UOP03-DEL01-AP"
469276;2022-08-20;"sábado";"16:25:00";"SP";381;12,3;"BRAGANCA PAULISTA";"Manobra de mudança de faixa";"Saída de leito carroçável";"Com Vítimas Feridas";"Pleno dia";"Decrescente";"Nublado";"Dupla";"Retorno Regulamentado";"Não";1;0;1;0;0;0;1;1;-22,92855105;-46,46168398;"SPRF-SP";"DEL03-SP";"UOP01-DEL03-SP"
469277;2022-08-20;"sábado";"12:30:00";"AP";156;821;"OIAPOQUE";"Ultrapassagem Indevida";"Colisão lateral mesmo sentido";"Sem Vítimas";"Pleno dia";"Crescente";"Sol";"Simples";"Reta";"Não";2;0;0;0;2;0;0;2;3,84416705;-51,82125012;"SPRF-AP";"DEL01-AP";"UOP03-DEL01-AP"
469278;2022-08-01;"segunda-feira";"06:12:00";"ES";101;105,4;"SOORETAMA";"Velocidade Incompatível";"Saída de leito carroçável";"Com Vítimas Feridas";"Pleno dia";"Crescente";"Céu Claro";"Simples";"Reta";"Não";3;0;2;1;0;0;3;1;-19,02120007;-40,01495688;"SPRF-ES";"DEL04-ES";"UOP01-DEL04-ES"
469280;2022-08-20;"sábado";"17:00:00";"PE";407;125;"PETROLINA";"Acessar a via sem observar a presença dos outros veículos";"Tombamento";"Com Vítimas Feridas";"Pleno dia";"Decrescente";"Nublado";"Dupla";"Reta";"Sim";2;0;1;0;1;0;1;2;-9,37739336;-40,53595733;"SPRF-PE";"DEL06-PE";"UOP01-DEL06-PE"
469283;2022-08-20;"sábado";"16:00:00";"PR";153;58;"SANTO ANTONIO DA PLATINA";"Ausência de reação do condutor";"Saída de leito carroçável";"Com Vítimas Feridas";"Pleno dia";"Crescente";"Céu Claro";"Simples";"Reta";"Não";1;0;1;0;0;0;1;1;-23,42921004;-50,07696395;"SPRF-PR";"DEL07-PR";"UOP04-DEL07-PR"
469284;2022-08-20;"sábado";"17:40:00";"PI";316;8,6;"TERESINA";"Ausência de reação do condutor";"Colisão traseira";"Com Vítimas Feridas";"Anoitecer";"Crescente";"Céu Claro";"Múltipla";"Interseção de Vias";"Sim";4;0;2;0;2;0;2;2;-5,16885913;-42,76810538;"SPRF-PI";"DEL01-PI";"UOP02-DEL01-PI"
469285;2022-08-20;"sábado";"17:07:00";"SP";381;55;"MAIRIPORA";"Ausência de reação do condutor";"Colisão com objeto";"Com Vítimas Feridas";"Pleno dia";"Decrescente";"Sol";"Dupla";"Reta";"Não";2;0;1;0;0;1;1;1;-23,25207404;-46,59480386;"SPRF-SP";"DEL03-SP";"UOP01-DEL03-SP"
469287;2022-08-20;"sábado";"18:40:00";"SP";116;197;"ARUJA";"Manobra de mudança de faixa";"Colisão lateral mesmo sentido";"Com Vítimas Feridas";"Plena Noite";"Crescente";"Céu Claro";"Múltipla";"Curva;Aclive";"Não";1;0;1;0;0;0;1;1;-23,39721625;-46,29284287;"SPRF-SP";"DEL01-SP";"UOP01-DEL01-SP"
469290;2022-08-20;"sábado";"16:00:00";"TO";153;608,1;"CRIXAS DO TOCANTINS";"Manobra de mudança de faixa";"Saída de leito carroçável";"Com Vítimas Feridas";"Pleno dia";"Crescente";"Céu Claro";"Simples";"Aclive";"Não";4;0;3;1;0;0;4;1;-11,16704503;-48,92694172;"SPRF-TO";"DEL01-TO";"UOP02-DEL01-TO"
469292;2022-08-20;"sábado";"17:05:00";"RO";364;14;"VILHENA";"Desrespeitar a preferência no cruzamento";"Colisão transversal";"Com Vítimas Feridas";"Pleno dia";"Crescente";"Céu Claro";"Simples";"Interseção de Vias";"Sim";2;0;0;1;0;1;1;2;-12,73898138;-60,13911417;"SPRF-RO";"DEL04-RO";"UOP01-DEL04-RO"
469293;2022-08-20;"sábado";"18:10:00";"MS";163;457;"CAMPO GRANDE";"Acessar a via sem observar a presença dos outros veículos";"Colisão transversal";"Com Vítimas Feridas";"Anoitecer";"Crescente";"Céu Claro";"Simples";"Reta";"Não";2;0;0;1;1;0;1;2;-20,66403994;-54,5606768;"SPRF-MS";"DEL01-MS";"UOP01-DEL01-MS"
469294;2022-08-20;"sábado";"19:29:00";"SP";153;64;"SAO JOSE DO RIO PRETO";"Reação tardia ou ineficiente do condutor";"Tombamento";"Com Vítimas Feridas";"Plena Noite";"Decrescente";"Garoa/Chuvisco";"Dupla";"Viaduto";"Sim";1;0;1;0;0;0;1;1;-20,82919401;-49,36046325;"SPRF-SP";"DEL09-SP";"UOP01-DEL09-SP"