"id";"data_inversa";"dia_semana";"horario";"uf";"br";"km";"municipio";"causa_acidente";"tipo_acidente";"classificacao_acidente";"fase_dia";"sentido_via";"condicao_metereologica";"tipo_pista";"tracado_via";"uso_solo";"pessoas";"mortos";"feridos_leves";"feridos_graves";"ilesos";"ignorados";"feridos";"veiculos";"latitude";"longitude";"regional";"delegacia";"uop"
469295;2022-08-20;"sábado";"19:25:00";"PR";376;175,5;"MARINGA";"Condutor desrespeitou a iluminação vermelha do semáforo";"Atropelamento de Pedestre";"Com Vítimas Feridas";"Plena Noite";"Decrescente";"Céu Claro";"Múltipla";"Reta";"Sim";2;0;1;0;1;0;1;2;-23,4113569;-51,9407767;"SPRF-PR";"DEL09-PR";"UOP01-DEL09-PR"
469296;2022-07-03;"domingo";"10:40:00";"PI";316;309;"PICOS";"Acessar a via sem observar a presença dos outros veículos";"Colisão transversal";"Com Vítimas Feridas";"Pleno dia";"Decrescente";"Céu Claro";"Simples";"Reta";"Sim";2;0;0;1;1;0;1;2;-7,07778744;-41,48370094;"SPRF-PI";"DEL04-PI";"UOP01-DEL04-PI"
469298;2022-08-20;"sábado";"15:00:00";"MG";251;427;"GRAO MOGOL";"Manobra de mudança de faixa";"Colisão frontal";"Com Vítimas Feridas";"Pleno dia";"Crescente";"Nublado";"Simples";"Curva";"Não";3;0;1;0;2;0;1;2;-16,33690716;-43,13798285;"SPRF-MG";"DEL12-MG";"UOP01-DEL12-MG"
469299;2022-08-20;"sábado";"18:15:00";"PE";232;148;"SAO CAITANO";"Ingestão de álcool pelo condutor";"Colisão transversal";"Com Vítimas Feridas";"Plena Noite";"Crescente";"Céu Claro";"Simples";"Reta";"Não";4;0;1;3;0;0;4;4;-8,3299704;-36,14553018;"SPRF-PE";"DEL03-PE";"UOP02-DEL03-PE"
469300;2022-08-20;"sábado";"19:10:00";"RS";116;242;"SAO LEOPOLDO";"Ingestão de álcool pelo condutor";"Colisão com objeto";"Com Vítimas Feridas";"Plena Noite";"Crescente";"Céu Claro";"Dupla";"Reta";"Não";1;0;1;0;0;0;1;1;-29,71884024;-51,14849746;"SPRF-RS";"DEL01-RS";"UOP02-DEL01-RS"
469301;2022-08-20;"sábado";"19:50:00";"RN";101;82,9;"NATAL";"Pedestre cruzava a pista fora da faixa";"Atropelamento de Pedestre";"Com Vítimas Feridas";"Plena Noite";"Decrescente";"Céu Claro";"Dupla";"Reta";"Sim";2;0;1;1;0;0;2;2;-5,76791511;-35,27456305;"SPRF-RN";"DEL02-RN";"UOP01-DEL02-RN"
469302;2022-08-20;"sábado";"19:15:00";"RS";287;252;"SANTA MARIA";"Velocidade Incompatível";"Saída de leito carroçável";"Sem Vítimas";"Plena Noite";"Decrescente";"Céu Claro";"Dupla";"Interseção de Vias;Curva";"Sim";4;0;0;0;0;4;0;2;-29,68751871;-53,88234084;"SPRF-RS";"DEL09-RS";"UOP01-DEL09-RS"
469303;2022-08-20;"sábado";"19:10:00";"PB";361;4,8;"PATOS";"Ingestão de álcool pelo condutor";"Colisão traseira";"Com Vítimas Feridas";"Plena Noite";"Crescente";"Céu Claro";"Simples";"Reta";"Sim";2;0;0;1;1;0;1;2;-7,03208047;-37,29365088;"SPRF-PB";"DEL03-PB";"UOP01-DEL03-PB"
469304;2022-08-20;"sábado";"19:52:00";"SP";116;208;"GUARULHOS";"Condutor deixou de manter distância do veículo da frente";"Engavetamento";"Com Vítimas Feridas";"Plena Noite";"Crescente";"Céu Claro";"Dupla";"Reta";"Sim";4;0;0;1;3;0;1;4;-23,42222263;-46,3932771;"SPRF-SP";"DEL01-SP";"UOP01-DEL01-SP"
469305;2022-08-20;"sábado";"19:15:00";"MG";40;668,5;"CARANDAI";"Ingestão de álcool pelo condutor";"Colisão traseira";"Sem Vítimas";"Plena Noite";"Crescente";"Nublado";"Simples";"Reta";"Sim";2;0;0;0;1;1;0;2;-20,95232841;-43,79297337;"SPRF-MG";"DEL05-MG";"UOP02-DEL05-MG"
469307;2022-08-11;"quinta-feira";"07:15:00";"PE";101;54;"PAULISTA";"Mal súbito do condutor";"Colisão com objeto";"Com Vítimas Feridas";"Pleno dia";"Decrescente";"Céu Claro";"Dupla";"Reta";"Sim";1;0;1;0;0;0;1;1;-7,93961103;-34,90356584;"SPRF-PE";"DEL01-PE";"UOP02-DEL01-PE"
469308;2022-08-20;"sábado";"19:53:00";"SC";101;117;"ITAJAI";"Ausência de reação do condutor";"Colisão lateral mesmo sentido";"Com Vítimas Feridas";"Plena Noite";"Crescente";"Céu Claro";"Múltipla";"Reta";"Sim";2;0;1;0;1;0;1;2;-26,88747187;-48,72252969;"SPRF-SC";"DEL04-SC";"UOP04-DEL04-SC"
469309;2022-08-20;"sábado";"19:30:00";"SC";280;246,6;"CANOINHAS";"Ausência de reação do condutor";"Saída de leito carroçável";"Com Vítimas Feridas";"Plena Noite";"Decrescente";"Céu Claro";"Simples";"Curva";"Não";1;0;1;0;0;0;1;1;-26,24768921;-50,5033452;"SPRF-SC";"DEL06-SC";"UOP04-DEL06-SC"
469310;2022-08-20;"sábado";"20:00:00";"ES";101;144;"LINHARES";"Ingestão de álcool pelo condutor";"Colisão traseira";"Sem Vítimas";"Pleno dia";"Crescente";"Nublado";"Múltipla";"Reta";"Sim";2;0;0;0;2;0;0;2;-19,35188295;-40,0636685;"SPRF-ES";"DEL04-ES";"UOP01-DEL04-ES"
469312;2022-08-20;"sábado";"18:50:00";"PE";232;98,6;"BEZERROS";"Entrada inopinada do pedestre";"Atropelamento de Pedestre";"Com Vítimas Fatais";"Plena Noite";"Crescente";"Céu Claro";"Múltipla";"Reta";"Sim";3;1;0;0;2;0;0;2;-8,236796;-35,733964;"SPRF-PE";"DEL02-PE";"UOP02-DEL02PE"
469314;2022-08-20;"sábado";"19:50:00";"MG";40;279;"TRES MARIAS";"Animais na Pista";"Atropelamento de Animal";"Com Vítimas Feridas";"Plena Noite";"Crescente";"Céu Claro";"Simples";"Reta;Aclive";"Sim";2;0;1;0;1;0;1;1;-18,22833211;-45,2202001;"SPRF-MG";"DEL14-MG";"UOP02-DEL14-MG"
469316;2022-08-20;"sábado";"18:30:00";"MG";262;804;"UBERABA";"Condutor deixou de manter distância do veículo da frente";"Colisão traseira";"Com Vítimas Feridas";"Anoitecer";"Crescente";"Céu Claro";"Dupla";"Interseção de Vias";"Sim";4;0;1;0;2;1;1;3;-19,77509606;-47,97201785;"SPRF-MG";"DEL13-MG";"UOP01-DEL13-MG"
469317;2022-08-20;"sábado";"15:00:00";"BA";101;378;"GANDU";"Reação tardia ou ineficiente do condutor";"Saída de leito carroçável";"Com Vítimas Fatais";"Pleno dia";"Decrescente";"Céu Claro";"Simples";"Curva;Aclive";"Não";1;1;0;0;0;0;0;1;-13,853689;-39,492744;"SPRF-BA";"DEL05-BA";"UOP03-DEL05-BA"
469318;2022-08-20;"sábado";"20:30:00";"ES";101;65;"SAO MATEUS";"Ausência de reação do condutor";"Atropelamento de Pedestre";"Com Vítimas Feridas";"Plena Noite";"Decrescente";"Garoa/Chuvisco";"Dupla";"Reta";"Sim";2;0;0;2;0;0;2;2;-18,70935945;-39,87762087;"SPRF-ES";"DEL04-ES";"UOP02-DEL04-ES"
469320;2022-08-20;"sábado";"20:11:00";"PR";376;4,9;"APUCARANA";"Desrespeitar a preferência no cruzamento";"Colisão transversal";"Com Vítimas Feridas";"Plena Noite";"Crescente";"Céu Claro";"Simples";"Reta";"Sim";3;0;1;0;1;1;1;3;-23,549425;-51,450069;"SPRF-PR";"DEL07-PR";"UOP03-DEL07-PR"
469322;2022-08-20;"sábado";"17:58:00";"AC";364;130,5;"RIO BRANCO";"Acessar a via sem observar a presença dos outros veículos";"Colisão transversal";"Com Vítimas Feridas";"Plena Noite";"Decrescente";"Céu Claro";"Simples";"Reta";"Sim";3;0;1;0;2;0;1;2;-10,01594689;-67,84093848;"SPRF-AC";"DEL01-AC";"UOP01-DEL01-AC"
469323;2022-08-20;"sábado";"20:45:00";"PI";343;22,8;"PARNAIBA";"Ingestão de álcool e/ou substâncias psicoativas pelo pedestre";"Atropelamento de Pedestre";"Com Vítimas Feridas";"Plena Noite";"Decrescente";"Céu Claro";"Simples";"Reta";"Não";2;0;2;0;0;0;2;2;-2,998956;-41,76561;"SPRF-PI";"DEL05-PI";"UOP01-DEL05-PI"
469324;2022-08-20;"sábado";"19:55:00";"MS";163;80;"ITAQUIRAI";"Ultrapassagem Indevida";"Colisão lateral mesmo sentido";"Com Vítimas Feridas";"Plena Noite";"Crescente";"Céu Claro";"Simples";"Reta";"Não";3;0;0;2;1;0;2;2;-23,45800218;-54,1957354;"SPRF-MS";"DEL09-MS";"UOP01-DEL09-MS"
469326;2022-08-20;"sábado";"19:45:00";"PR";376;256;"CALIFORNIA";"Reação tardia ou ineficiente do condutor";"Colisão lateral sentido oposto";"Sem Vítimas";"Plena Noite";"Decrescente";"Céu Claro";"Simples";"Curva";"Sim";5;0;0;0;4;1;0;2;-23,6611917;-51,36825085;"SPRF-PR";"DEL07-PR";"UOP03-DEL07-PR"
469327;2022-08-20;"sábado";"18:45:00";"MS";262;134,1;"AGUA CLARA";"Demais falhas mecânicas ou elétricas";"Incêndio";"Sem Vítimas";"Plena Noite";"Crescente";"Céu Claro";"Simples";"Reta";"Não";1;0;0;0;0;1;0;1;-20,48118524;-52,80588269;"SPRF-MS";"DEL07-MS";"UOP02-DEL07-MS"
469329;2022-08-20;"sábado";"21:43:00";"GO";20;15;"FORMOSA";"Velocidade Incompatível";"Colisão com objeto";"Sem Vítimas";"Plena Noite";"Crescente";"Céu Claro";"Dupla";"Rotatória";"Não";1;0;0;0;1;0;0;1;-15,56773009;-47,23228455;"SPRF-DF";"DEL02-DF";"UOP01-DEL02-DF"
469330;2022-08-20;"sábado";"17:00:00";"MG";116;470,5;"TARUMIRIM";"Ingestão de álcool pelo condutor";"Saída de leito carroçável";"Sem Vítimas";"Anoitecer";"Crescente";"Céu Claro";"Simples";"Curva";"Não";1;0;0;0;1;0;0;1;-19,31645798;-42,07362474;"SPRF-MG";"DEL06-MG";"UOP02-DEL06-MG"
469331;2022-08-20;"sábado";"19:00:00";"MG";459;97,7;"POUSO ALEGRE";"Manobra de mudança de faixa";"Colisão lateral mesmo sentido";"Com Vítimas Feridas";"Plena Noite";"Crescente";"Céu Claro";"Dupla";"Retorno Regulamentado;Reta";"Sim";2;0;0;1;1;0;1;2;-22,199377;-45,969555;"SPRF-MG";"DEL16-MG";"UOP01-DEL16-MG"
469332;2022-08-20;"sábado";"21:00:00";"GO";60;418,3;"RIO VERDE";"Ingestão de álcool pelo condutor";"Saída de leito carroçável";"Com Vítimas Feridas";"Plena Noite";"Decrescente";"Céu Claro";"Dupla";"Reta";"Não";1;0;1;0;0;0;1;1;-17,820388;-51,222078;"SPRF-GO";"DEL04-GO";"UOP01-DEL04-GO"
469333;2022-08-20;"sábado";"20:45:00";"RS";386;426;"MONTENEGRO";"Manobra de mudança de faixa";"Colisão lateral mesmo sentido";"Sem Vítimas";"Plena Noite";"Decrescente";"Céu Claro";"Múltipla";"Reta";"Não";2;0;0;0;2;0;0;2;-29,819479;-51,36208;"SPRF-RS";"DEL04-RS";"UOP02-DEL04-RS"
469334;2022-08-20;"sábado";"17:00:00";"MG";50;116;"UBERABA";"Demais falhas mecânicas ou elétricas";"Capotamento";"Com Vítimas Feridas";"Pleno dia";"Crescente";"Céu Claro";"Dupla";"Reta";"Não";2;0;0;2;0;0;2;1;-19,27451393;-48,12473983;"SPRF-MG";"DEL13-MG";"UOP01-DEL13-MG"
469335;2022-08-20;"sábado";"18:00:00";"SP";0;0;"JUQUIA";"Acumulo de areia ou detritos sobre o pavimento";"Saída de leito carroçável";"Sem Vítimas";"Anoitecer";"Não Informado";"Nublado";"Simples";"Curva";"Não";5;0;0;0;3;2;0;2;-24,37992402;-47,71315899;"SPRF-SP";"DEL05-SP";"UOP01-DEL05-SP"
469341;2022-08-20;"sábado";"20:10:00";"RS";285;285,4;"PASSO FUNDO";"Ingestão de álcool pelo condutor";"Colisão lateral sentido oposto";"Sem Vítimas";"Plena Noite";"Decrescente";"Céu Claro";"Simples";"Reta";"Não";5;0;0;0;5;0;0;2;-28,24577;-52,299809;"SPRF-RS";"DEL08-RS";"UOP03-DEL08-RS"
469342;2022-08-20;"sábado";"22:37:00";"SC";470;22;"ILHOTA";"Reação tardia ou ineficiente do condutor";"Saída de leito carroçável";"Com Vítimas Feridas";"Plena Noite";"Crescente";"Nublado";"Dupla";"Curva";"Não";1;0;1;0;0;0;1;1;-26,880066;-48,836224;"SPRF-SC";"DEL04-SC";"UOP04-DEL04-SC"
469344;2022-08-20;"sábado";"22:00:00";"MG";50;176,5;"UBERABA";"Velocidade Incompatível";"Colisão traseira";"Sem Vítimas";"Plena Noite";"Decrescente";"Céu Claro";"Dupla";"Reta";"Sim";3;0;0;0;2;1;0;3;-19,77919981;-47,960032;"SPRF-MG";"DEL13-MG";"UOP01-DEL13-MG"
469345;2022-08-20;"sábado";"22:10:00";"PR";376;632;"SAO JOSE DOS PINHAIS";"Ausência de reação do condutor";"Colisão traseira";"Sem Vítimas";"Plena Noite";"Crescente";"Céu Claro";"Dupla";"Reta";"Não";3;0;0;0;3;0;0;3;-25,71305887;-49,13941456;"SPRF-PR";"DEL01-PR";"UOP04-DEL01-PR"
469346;2022-08-20;"sábado";"22:12:00";"PB";230;150,4;"CAMPINA GRANDE";"Condutor Dormindo";"Saída de leito carroçável";"Com Vítimas Feridas";"Plena Noite";"Crescente";"Céu Claro";"Dupla";"Aclive";"Sim";1;0;1;0;0;0;1;1;-7,2570295;-35,87675571;"SPRF-PB";"DEL02-PB";"UOP01-DEL02-PB"
469347;2022-08-20;"sábado";"22:06:00";"SP";381;74;"SAO PAULO";"Velocidade Incompatível";"Colisão com objeto";"Com Vítimas Feridas";"Plena Noite";"Decrescente";"Céu Claro";"Múltipla";"Reta";"Não";3;0;3;0;0;0;3;1;-23,37208014;-46,55700294;"SPRF-SP";"DEL03-SP";"UOP01-DEL03-SP"
469349;2022-08-20;"sábado";"22:00:00";"RJ";116;180;"NOVA IGUACU";"Manobra de mudança de faixa";"Colisão traseira";"Com Vítimas Feridas";"Pleno dia";"Decrescente";"Nublado";"Múltipla";"Reta";"Sim";2;0;1;0;1;0;1;2;-22,7437954;-43,45098674;"SPRF-RJ";"DEL01-RJ";"UOP02-DEL01-RJ"
469350;2022-08-20;"sábado";"23:45:00";"PR";277;724,3;"FOZ DO IGUACU";"Reação tardia ou ineficiente do condutor";"Colisão traseira";"Sem Vítimas";"Plena Noite";"Decrescente";"Nublado";"Dupla";"Reta";"Sim";4;0;0;0;4;0;0;2;-25,50257577;-54,53868311;"SPRF-PR";"DEL05-PR";"UOP03-DEL05-PR"
469351;2022-08-20;"sábado";"22:10:00";"RJ";393;220;"VASSOURAS";"Velocidade Incompatível";"Capotamento";"Com Vítimas Feridas";"Plena Noite";"Crescente";"Nublado";"Simples";"Curva";"Não";1;0;0;1;0;0;1;1;-22,338;-43,553;"SPRF-RJ";"DEL05-RJ";"UOP03-DEL05-RJ"
469352;2022-08-20;"sábado";"21:30:00";"BA";330;814;"JITAUNA";"Transitar na contramão";"Colisão frontal";"Com Vítimas Feridas";"Plena Noite";"Decrescente";"Céu Claro";"Simples";"Reta";"Sim";3;0;1;0;2;0;1;2;-14,01333907;-39,89249468;"SPRF-BA";"DEL03-BA";"UOP01-DEL03-BA"
469354;2022-08-20;"sábado";"20:15:00";"MS";267;389,5;"MARACAJU";"Ausência de reação do condutor";"Saída de leito carroçável";"Sem Vítimas";"Plena Noite";"Decrescente";"Céu Claro";"Simples";"Reta";"Não";1;0;0;0;0;1;0;1;-21,62260803;-55,36663001;"SPRF-MS";"DEL05-MS";"UOP01-DEL05-MS"
469356;2022-08-20;"sábado";"23:50:00";"BA";110;155;"RIBEIRA DO POMBAL";"Ingestão de álcool pelo condutor";"Queda de ocupante de veículo";"Com Vítimas Feridas";"Plena Noite";"Crescente";"Chuva";"Simples";"Reta";"Não";1;0;0;1;0;0;1;1;-10,72291213;-38,47853588;"SPRF-BA";"DEL07-BA";"UOP02-DEL07-BA"
469357;2022-08-21;"domingo";"00:12:00";"PE";428;137,1;"LAGOA GRANDE";"Ingestão de álcool pelo condutor";"Saída de leito carroçável";"Com Vítimas Fatais";"Plena Noite";"Decrescente";"Céu Claro";"Simples";"Interseção de Vias";"Não";3;1;2;0;0;0;2;1;-8,982631;-40,253803;"SPRF-PE";"DEL06-PE";"UOP03-DEL06-PE"
469362;2022-08-21;"domingo";"00:15:00";"MS";163;317;"RIO BRILHANTE";"Ingestão de álcool pelo condutor";"Colisão lateral mesmo sentido";"Sem Vítimas";"Plena Noite";"Crescente";"Céu Claro";"Dupla";"Rotatória";"Sim";5;0;0;0;5;0;0;2;-21,83523114;-54,53916367;"SPRF-MS";"DEL02-MS";"UOP02-DEL02-MS"
469363;2022-08-21;"domingo";"01:00:00";"GO";452;3,5;"RIO VERDE";"Reação tardia ou ineficiente do condutor";"Colisão com objeto";"Sem Vítimas";"Plena Noite";"Crescente";"Céu Claro";"Dupla";"Retorno Regulamentado";"Sim";1;0;0;0;0;1;0;1;-17,80066089;-50,87743393;"SPRF-GO";"DEL04-GO";"UOP01-DEL04-GO"
469364;2022-08-21;"domingo";"00:05:00";"RO";364;711,9;"PORTO VELHO";"Ausência de reação do condutor";"Tombamento";"Com Vítimas Feridas";"Plena Noite";"Crescente";"Céu Claro";"Dupla";"Curva";"Sim";1;0;0;1;0;0;1;1;-8,78153947;-63,86531369;"SPRF-RO";"DEL01-RO";"UOP01-DEL01-RO"
469365;2022-08-21;"domingo";"00:15:00";"GO";50;244,6;"CATALAO";"Velocidade Incompatível";"Colisão com objeto";"Sem Vítimas";"Plena Noite";"Crescente";"Céu Claro";"Dupla";"Rotatória";"Não";1;0;0;0;0;1;0;1;-17,91926597;-47,78837621;"SPRF-GO";"DEL06-GO";"UOP01-DEL06-GO"
469367;2022-08-20;"sábado";"23:09:00";"SC";470;185,7;"POUSO REDONDO";"Velocidade Incompatível";"Colisão frontal";"Com Vítimas Feridas";"Plena Noite";"Crescente";"Céu Claro";"Simples";"Curva";"Não";6;0;1;0;5;0;1;2;-27,256019;-50,045531;"SPRF-SC";"DEL04-SC";"UOP02-DEL04-SC"
469369;2022-08-21;"domingo";"02:00:00";"GO";60;88,7;"ANAPOLIS";"Ingestão de álcool pelo condutor";"Saída de leito carroçável";"Com Vítimas Feridas";"Plena Noite";"Crescente";"Céu Claro";"Dupla";"Interseção de Vias";"Sim";2;0;0;2;0;0;2;1;-16,33652055;-48,89531851;"SPRF-GO";"DEL02-GO";"UOP01-DEL02-GO"
469370;2022-08-21;"domingo";"02:15:00";"PE";101;3;"JABOATAO DOS GUARARAPES";"Ingestão de álcool pelo condutor";"Colisão traseira";"Com Vítimas Feridas";"Plena Noite";"Decrescente";"Céu Claro";"Simples";"Reta";"Sim";3;0;0;2;1;0;2;2;-8,202406;-34,960242;"SPRF-PE";"DEL01-PE";"UOP02-DEL01-PE"
469371;2022-08-21;"domingo";"01:50:00";"RS";116;515,9;"PELOTAS";"Velocidade Incompatível";"Saída de leito carroçável";"Sem Vítimas";"Plena Noite";"Crescente";"Céu Claro";"Dupla";"Reta";"Sim";1;0;0;0;1;0;0;1;-31,66114092;-52,3386834;"SPRF-RS";"DEL07-RS";"UOP01-DEL07-RS"
469372;2022-08-21;"domingo";"00:30:00";"MS";163;419,6;"NOVA ALVORADA DO SUL";"Reação tardia ou ineficiente do condutor";"Colisão traseira";"Com Vítimas Feridas";"Plena Noite";"Crescente";"Céu Claro";"Simples";"Reta";"Não";2;0;1;0;0;1;1;2;-20,99998889;-54,50767096;"SPRF-MS";"DEL01-MS";"UOP01-DEL01-MS"
469373;2022-08-21;"domingo";"02:50:00";"GO";60;37;"ALEXANIA";"Reação tardia ou ineficiente do condutor";"Saída de leito carroçável";"Com Vítimas Feridas";"Plena Noite";"Decrescente";"Vento";"Dupla";"Curva";"Não";1;0;1;0;0;0;1;1;-16,114164;-48,542854;"SPRF-DF";"DEL03-DF";"UOP01-DEL03-DF"
469374;2022-08-21;"domingo";"02:10:00";"PR";277;30;"MORRETES";"Ingestão de álcool pelo condutor";"Colisão com objeto";"Com Vítimas Feridas";"Plena Noite";"Decrescente";"Nublado";"Dupla";"Curva";"Não";2;0;1;0;1;0;1;1;-25,52874613;-48,73512603;"SPRF-PR";"DEL01-PR";"UOP05-DEL01-PR"
469375;2022-08-21;"domingo";"02:30:00";"PR";376;174,7;"MARINGA";"Ingestão de álcool pelo condutor";"Saída de leito carroçável";"Sem Vítimas";"Plena Noite";"Decrescente";"Céu Claro";"Múltipla";"Reta;Aclive";"Sim";1;0;0;0;1;0;0;1;-23,41430102;-51,94984299;"SPRF-PR";"DEL09-PR";"UOP01-DEL09-PR"
469377;2022-08-21;"domingo";"04:00:00";"PE";428;7;"CABROBO";"Ausência de reação do condutor";"Tombamento";"Com Vítimas Fatais";"Plena Noite";"Crescente";"Céu Claro";"Simples";"Reta";"Não";1;1;0;0;0;0;0;1;-8,51974841;-39,2828762;"SPRF-PE";"DEL05-PE";"UOP03-DEL05-PE"
469380;2022-08-21;"domingo";"03:30:00";"RJ";40;121;"DUQUE DE CAXIAS";"Ingestão de álcool pelo condutor";"Colisão traseira";"Sem Vítimas";"Plena Noite";"Decrescente";"Céu Claro";"Múltipla";"Reta";"Sim";2;0;0;0;1;1;0;2;-22,78185499;-43,28571273;"SPRF-RJ";"DEL01-RJ";"UOP01-DEL01-RJ"
469381;2022-08-21;"domingo";"04:05:00";"SP";116;228;"GUARULHOS";"Entrada inopinada do pedestre";"Atropelamento de Pedestre";"Com Vítimas Fatais";"Plena Noite";"Decrescente";"Céu Claro";"Múltipla";"Reta";"Não";2;1;0;0;0;1;0;2;-23,50343484;-46,56638712;"SPRF-SP";"DEL01-SP";"UOP01-DEL01-SP"
469382;2022-08-21;"domingo";"03:00:00";"SP";381;85,8;"SAO PAULO";"Reação tardia ou ineficiente do condutor";"Colisão com objeto";"Sem Vítimas";"Plena Noite";"Decrescente";"Nublado";"Múltipla";"Reta";"Sim";1;0;0;0;0;1;0;1;-23,45930499;-46,57161179;"SPRF-SP";"DEL03-SP";"UOP01-DEL03-SP"
469383;2022-08-21;"domingo";"04:20:00";"RJ";101;263,8;"RIO BONITO";"Ausência de reação do condutor";"Saída de leito carroçável";"Com Vítimas Fatais";"Plena Noite";"Decrescente";"Nublado";"Dupla";"Reta";"Não";1;1;0;0;0;0;0;1;-22,718333;-42,634852;"SPRF-RJ";"DEL02-RJ";"UOP03-DEL02-RJ"
469385;2022-08-21;"domingo";"03:30:00";"RJ";116;96;"GUAPIMIRIM";"Chuva";"Saída de leito carroçável";"Com Vítimas Feridas";"Plena Noite";"Crescente";"Chuva";"Simples";"Curva";"Não";1;0;1;0;0;0;1;1;-22,48025217;-42,99744482;"SPRF-RJ";"DEL04-RJ";"UOP01-DEL04-RJ"
469386;2022-08-21;"domingo";"03:30:00";"BA";324;592;"CANDEIAS";"Ingestão de álcool pelo condutor";"Saída de leito carroçável";"Sem Vítimas";"Plena Noite";"Decrescente";"Chuva";"Dupla";"Curva";"Não";1;0;0;0;0;1;0;1;-12,69021804;-38,46568118;"SPRF-BA";"DEL01-BA";"UOP01-DEL01-BA"
469387;2022-08-21;"domingo";"04:06:00";"SC";282;512,9;"XANXERE";"Velocidade Incompatível";"Saída de leito carroçável";"Com Vítimas Feridas";"Plena Noite";"Decrescente";"Céu Claro";"Simples";"Curva";"Não";1;0;1;0;0;0;1;1;-26,914218;-52,477514;"SPRF-SC";"DEL07-SC";"UOP01-DEL07-SC"
469388;2022-08-21;"domingo";"05:30:00";"RN";101;138;"ARES";"Ausência de reação do condutor";"Saída de leito carroçável";"Com Vítimas Feridas";"Pleno dia";"Crescente";"Céu Claro";"Dupla";"Reta";"Sim";1;0;1;0;0;0;1;1;-6,1884521;-35,2132263;"SPRF-RN";"DEL01-RN";"UOP01-DEL01-RN"
469389;2022-08-21;"domingo";"04:50:00";"PB";104;137,5;"QUEIMADAS";"Demais falhas mecânicas ou elétricas";"Incêndio";"Sem Vítimas";"Amanhecer";"Decrescente";"Céu Claro";"Simples";"Reta";"Sim";1;0;0;0;1;0;0;1;-7,352277;-35,90094;"SPRF-PB";"DEL02-PB";"UOP03-DEL02-PB"
469391;2022-08-21;"domingo";"04:00:00";"BA";110;13;"PAULO AFONSO";"Pista esburacada";"Saída de leito carroçável";"Sem Vítimas";"Plena Noite";"Decrescente";"Ignorado";"Simples";"Reta";"Não";1;0;0;0;0;1;0;1;-9,55652071;-38,22163671;"SPRF-BA";"DEL07-BA";"UOP01-DEL07-BA"
469392;2022-08-21;"domingo";"06:25:00";"GO";70;54,5;"COCALZINHO DE GOIAS";"Demais falhas mecânicas ou elétricas";"Incêndio";"Sem Vítimas";"Amanhecer";"Decrescente";"Céu Claro";"Simples";"Reta";"Não";1;0;0;0;1;0;0;1;-15,75067958;-48,64470457;"SPRF-DF";"DEL03-DF";"UOP02-DEL03-DF"
469393;2022-08-21;"domingo";"04:25:00";"PR";476;139,2;"CURITIBA";"Transitar na contramão";"Colisão frontal";"Com Vítimas Feridas";"Plena Noite";"Decrescente";"Céu Claro";"Múltipla";"Reta";"Sim";4;0;0;4;0;0;4;2;-25,51284;-49,289257;"SPRF-PR";"DEL01-PR";"UOP03-DEL01-PR"
469394;2022-08-21;"domingo";"05:15:00";"RO";435;88;"COLORADO DO OESTE";"Transitar na contramão";"Colisão lateral sentido oposto";"Com Vítimas Feridas";"Amanhecer";"Decrescente";"Céu Claro";"Simples";"Reta";"Não";3;0;1;0;2;0;1;2;-13,163152;-60,54496;"SPRF-RO";"DEL04-RO";"UOP02-DEL04-RO"
469395;2022-08-21;"domingo";"05:00:00";"CE";222;315,7;"TIANGUA";"Ausência de sinalização";"Atropelamento de Pedestre";"Com Vítimas Fatais";"Amanhecer";"Decrescente";"Céu Claro";"Simples";"Reta";"Não";3;1;0;0;0;2;0;3;-3,738862;-41,005386;"SPRF-CE";"DEL04-CE";"UOP02-DEL04-CE"
469397;2022-08-21;"domingo";"06:00:00";"PR";277;70,8;"SAO JOSE DOS PINHAIS";"Ausência de reação do condutor";"Saída de leito carroçável";"Com Vítimas Feridas";"Amanhecer";"Crescente";"Nublado";"Dupla";"Reta";"Sim";1;0;1;0;0;0;1;1;-25,51016796;-49,13106859;"SPRF-PR";"DEL01-PR";"UOP01-DEL01-PR"
469398;2022-08-21;"domingo";"04:00:00";"GO";153;691;"ITUMBIARA";"Ingestão de álcool e/ou substâncias psicoativas pelo pedestre";"Saída de leito carroçável";"Sem Vítimas";"Plena Noite";"Decrescente";"Céu Claro";"Dupla";"Reta";"Não";1;0;0;0;1;0;0;1;-18,3173;-49,2302;"SPRF-GO";"DEL03-GO";"UOP02-DEL03-GO"
469399;2022-08-21;"domingo";"01:20:00";"SC";101;328;"CAPIVARI DE BAIXO";"Ausência de reação do condutor";"Saída de leito carroçável";"Com Vítimas Feridas";"Plena Noite";"Decrescente";"Céu Claro";"Múltipla";"Reta";"Sim";1;0;1;0;0;0;1;1;-28,43648094;-48,95989307;"SPRF-SC";"DEL02-SC";"UOP01-DEL02-SC"
469400;2022-08-21;"domingo";"05:00:00";"RJ";116;189;"QUEIMADOS";"Animais na Pista";"Atropelamento de Animal";"Sem Vítimas";"Amanhecer";"Crescente";"Nublado";"Dupla";"Reta";"Não";1;0;0;0;0;1;0;1;-22,73576972;-43,54789864;"SPRF-RJ";"DEL01-RJ";"UOP02-DEL01-RJ"
469402;2022-08-21;"domingo";"04:30:00";"PE";424;69;"CAETES";"Demais falhas mecânicas ou elétricas";"Incêndio";"Sem Vítimas";"Pleno dia";"Crescente";"Céu Claro";"Simples";"Reta";"Sim";3;0;0;0;3;0;0;1;-8,77398589;-36,62798492;"SPRF-PE";"DEL03-PE";"UOP01-DEL03-PE"