"id";"data_inversa";"dia_semana";"horario";"uf";"br";"km";"municipio";"causa_acidente";"tipo_acidente";"classificacao_acidente";"fase_dia";"sentido_via";"condicao_metereologica";"tipo_pista";"tracado_via";"uso_solo";"pessoas";"mortos";"feridos_leves";"feridos_graves";"ilesos";"ignorados";"feridos";"veiculos";"latitude";"longitude";"regional";"delegacia";"uop"
469606;2022-08-22;"segunda-feira";"05:20:00";"MT";163;855;"SINOP";"Acessar a via sem observar a presença dos outros veículos";"Colisão transversal";"Com Vítimas Feridas";"Pleno dia";"Crescente";"Céu Claro";"Simples";"Interseção de Vias";"Sim";2;0;1;0;1;0;1;2;-11,81199405;-55,48239482;"SPRF-MT";"DEL06-MT";"NPF/DEL06-MT"
469608;2022-08-22;"segunda-feira";"06:40:00";"RS";470;155;"NOVA PRATA";"Acessar a via sem observar a presença dos outros veículos";"Colisão transversal";"Com Vítimas Feridas";"Amanhecer";"Decrescente";"Nevoeiro/Neblina";"Simples";"Retorno Regulamentado";"Sim";2;0;1;0;1;0;1;2;-28,78243906;-51,61511825;"SPRF-RS";"DEL06-RS";"UOP02-DEL06-RS"
469610;2022-08-22;"segunda-feira";"06:49:00";"MS";163;264;"DOURADOS";"Condutor deixou de manter distância do veículo da frente";"Colisão lateral mesmo sentido";"Com Vítimas Feridas";"Pleno dia";"Crescente";"Céu Claro";"Dupla";"Reta";"Sim";2;0;1;0;1;0;1;2;-22,22742781;-54,7393301;"SPRF-MS";"DEL04-MS";"UOP01-DEL04-MS"
469611;2022-08-22;"segunda-feira";"07:30:00";"RS";468;61,9;"CAMPO NOVO";"Ingestão de álcool pelo condutor";"Saída de leito carroçável";"Com Vítimas Feridas";"Pleno dia";"Crescente";"Céu Claro";"Simples";"Reta";"Não";1;0;1;0;0;0;1;1;-27,76702366;-53,79878913;"SPRF-RS";"DEL08-RS";"UOP02-DEL08-RS"
469612;2022-08-22;"segunda-feira";"06:50:00";"GO";40;1,7;"VALPARAISO DE GOIAS";"Trafegar com motocicleta (ou similar) entre as faixas";"Tombamento";"Com Vítimas Feridas";"Pleno dia";"Decrescente";"Céu Claro";"Dupla";"Reta";"Sim";1;0;0;1;0;0;1;1;-16,058245;-47,982825;"SPRF-DF";"DEL01-DF";"UOP01-DEL01-DF"
469613;2022-08-22;"segunda-feira";"08:05:00";"RS";116;521;"PELOTAS";"Desrespeitar a preferência no cruzamento";"Colisão transversal";"Com Vítimas Feridas";"Pleno dia";"Crescente";"Céu Claro";"Dupla";"Interseção de Vias";"Não";2;0;1;0;1;0;1;2;-31,70752405;-52,36800695;"SPRF-RS";"DEL07-RS";"UOP01-DEL07-RS"
469614;2022-08-22;"segunda-feira";"06:30:00";"MT";163;747;"SORRISO";"Acessar a via sem observar a presença dos outros veículos";"Colisão transversal";"Com Vítimas Feridas";"Pleno dia";"Decrescente";"Céu Claro";"Dupla";"Retorno Regulamentado;Reta";"Sim";2;0;0;1;1;0;1;2;-12,69420885;-55,80767215;"SPRF-MT";"DEL06-MT";"UOP01-DEL06-MT"
469615;2022-08-22;"segunda-feira";"07:00:00";"MT";163;844;"SINOP";"Acesso irregular";"Colisão transversal";"Sem Vítimas";"Pleno dia";"Crescente";"Céu Claro";"Simples";"Interseção de Vias";"Sim";3;0;0;0;3;0;0;3;-11,777959;-55,473526;"SPRF-MT";"DEL06-MT";"NPF/DEL06-MT"
469616;2022-08-22;"segunda-feira";"08:25:00";"MG";381;453;"SABARA";"Acesso irregular";"Colisão transversal";"Com Vítimas Feridas";"Pleno dia";"Crescente";"Céu Claro";"Simples";"Reta";"Não";3;0;2;0;1;0;2;2;-19,85197588;-43,88851019;"SPRF-MG";"DEL01-MG";"UOP01-DEL01-MG"
469617;2022-08-22;"segunda-feira";"07:40:00";"SP";116;276;"EMBU DAS ARTES";"Manobra de mudança de faixa";"Colisão lateral mesmo sentido";"Com Vítimas Feridas";"Pleno dia";"Crescente";"Céu Claro";"Dupla";"Reta";"Sim";3;0;1;1;1;0;2;2;-23,62416849;-46,81561947;"SPRF-SP";"DEL04-SP";"UOP01-DEL04-SP"
469619;2022-07-07;"quinta-feira";"07:20:00";"MG";381;5;"BETIM";"Animais na Pista";"Colisão com objeto";"Com Vítimas Feridas";"Pleno dia";"Decrescente";"Céu Claro";"Dupla";"Reta";"Sim";1;0;0;1;0;0;1;1;-19,98886351;-44,18787713;"SPRF-MG";"DEL01-MG";"UOP03-DEL01-MG"
469621;2022-08-22;"segunda-feira";"07:50:00";"RS";290;155;"ARROIO DOS RATOS";"Ingestão de álcool pelo condutor";"Saída de leito carroçável";"Com Vítimas Feridas";"Pleno dia";"Crescente";"Nublado";"Simples";"Reta";"Não";3;0;1;0;2;0;1;1;-30,1066;-51,757915;"SPRF-RS";"DEL02-RS";"UOP01-DEL02-RS"
469622;2022-08-22;"segunda-feira";"06:00:00";"RJ";40;109;"DUQUE DE CAXIAS";"Reação tardia ou ineficiente do condutor";"Queda de ocupante de veículo";"Com Vítimas Feridas";"Pleno dia";"Crescente";"Nublado";"Múltipla";"Reta";"Sim";2;0;1;0;0;1;1;2;-22,67374628;-43,28638368;"SPRF-RJ";"DEL01-RJ";"UOP01-DEL01-RJ"
469624;2022-08-21;"domingo";"16:40:00";"RJ";101;403;"ITAGUAI";"Pedestre cruzava a pista fora da faixa";"Atropelamento de Pedestre";"Com Vítimas Fatais";"Pleno dia";"Crescente";"Nublado";"Dupla";"Reta";"Sim";2;1;0;0;1;0;0;2;-22,85924449;-43,79010059;"SPRF-RJ";"DEL03-RJ";"UOP01-DEL03-RJ"
469626;2022-08-22;"segunda-feira";"08:45:00";"GO";153;494,8;"GOIANIA";"Demais falhas mecânicas ou elétricas";"Colisão com objeto";"Sem Vítimas";"Pleno dia";"Crescente";"Céu Claro";"Dupla";"Aclive";"Sim";2;0;0;0;2;0;0;2;-16,6614;-49,2218;"SPRF-GO";"DEL01-GO";"UOP01-DEL01-GO"
469627;2022-08-22;"segunda-feira";"09:30:00";"MG";381;500;"BETIM";"Condutor deixou de manter distância do veículo da frente";"Engavetamento";"Sem Vítimas";"Pleno dia";"Decrescente";"Céu Claro";"Dupla";"Reta";"Não";4;0;0;0;3;1;0;4;-20,00330406;-44,21236396;"SPRF-MG";"DEL01-MG";"UOP03-DEL01-MG"
469629;2022-08-22;"segunda-feira";"08:20:00";"AL";316;119;"CACIMBINHAS";"Demais falhas na via";"Colisão traseira";"Com Vítimas Feridas";"Pleno dia";"Decrescente";"Ignorado";"Simples";"Reta";"Não";3;0;1;0;2;0;1;2;-9,39961082;-36,94812501;"SPRF-AL";"DEL03-AL";"UOP01-DEL03-AL"
469630;2022-08-01;"segunda-feira";"06:44:00";"PR";476;141;"CURITIBA";"Reação tardia ou ineficiente do condutor";"Colisão lateral mesmo sentido";"Com Vítimas Feridas";"Amanhecer";"Decrescente";"Ignorado";"Múltipla";"Reta";"Sim";2;0;1;0;0;1;1;2;-25,5278654;-49,2982966;"SPRF-PR";"DEL01-PR";"UOP03-DEL01-PR"
469631;2022-08-22;"segunda-feira";"09:00:00";"GO";40;117,3;"CRISTALINA";"Demais falhas mecânicas ou elétricas";"Saída de leito carroçável";"Sem Vítimas";"Pleno dia";"Crescente";"Céu Claro";"Dupla";"Reta";"Não";1;0;0;0;1;0;0;1;-16,853478;-47,449125;"SPRF-DF";"DEL01-DF";"UOP02-DEL01-DF"
469633;2022-08-22;"segunda-feira";"09:20:00";"GO";153;497,1;"GOIANIA";"Pedestre cruzava a pista fora da faixa";"Atropelamento de Pedestre";"Com Vítimas Feridas";"Pleno dia";"Decrescente";"Sol";"Dupla";"Reta";"Sim";2;0;1;1;0;0;2;2;-16,6854;-49,2338;"SPRF-GO";"DEL01-GO";"UOP01-DEL01-GO"
469634;2022-08-22;"segunda-feira";"09:14:00";"GO";153;236,5;"SAO LUIZ DO NORTE";"Reação tardia ou ineficiente do condutor";"Saída de leito carroçável";"Com Vítimas Feridas";"Pleno dia";"Crescente";"Céu Claro";"Simples";"Aclive";"Não";4;0;2;0;2;0;2;1;-14,822904;-49,29921;"SPRF-GO";"DEL07-GO";"UOP02-DEL07-GO"
469635;2022-08-22;"segunda-feira";"10:00:00";"SP";116;214;"GUARULHOS";"Reação tardia ou ineficiente do condutor";"Colisão traseira";"Com Vítimas Feridas";"Pleno dia";"Decrescente";"Céu Claro";"Múltipla";"Reta";"Sim";2;0;1;0;0;1;1;2;-23,44333014;-46,44531294;"SPRF-SP";"DEL01-SP";"UOP01-DEL01-SP"
469638;2022-08-05;"sexta-feira";"09:00:00";"RN";304;48;"MOSSORO";"Conversão proibida";"Colisão transversal";"Com Vítimas Feridas";"Pleno dia";"Decrescente";"Céu Claro";"Simples";"Reta";"Sim";3;0;1;1;1;0;2;2;-5,22868577;-37,32203081;"SPRF-RN";"DEL04-RN";"UOP01-DEL04-RN"
469642;2022-08-22;"segunda-feira";"10:00:00";"PE";101;67,5;"RECIFE";"Reação tardia ou ineficiente do condutor";"Colisão lateral mesmo sentido";"Com Vítimas Feridas";"Pleno dia";"Decrescente";"Céu Claro";"Múltipla";"Reta";"Sim";2;0;2;0;0;0;2;2;-8,04699;-34,945077;"SPRF-PE";"DEL01-PE";"UOP01-DEL01-PE"
469645;2022-08-22;"segunda-feira";"05:40:00";"MT";163;925;"ITAUBA";"Condutor Dormindo";"Saída de leito carroçável";"Sem Vítimas";"Amanhecer";"Crescente";"Céu Claro";"Simples";"Reta";"Não";3;0;0;0;3;0;0;1;-11,21636099;-55,30384296;"SPRF-MT";"DEL06-MT";"NPF/DEL06-MT"
469646;2022-08-22;"segunda-feira";"10:15:00";"PR";277;716,2;"SANTA TEREZINHA DE ITAIPU";"Condutor Dormindo";"Capotamento";"Com Vítimas Feridas";"Pleno dia";"Decrescente";"Céu Claro";"Dupla";"Reta";"Não";5;0;0;1;4;0;1;1;-25,47252277;-54,46707409;"SPRF-PR";"DEL05-PR";"UOP01-DEL05-PR"
469647;2022-08-19;"sexta-feira";"07:45:00";"RO";364;346;"JI-PARANA";"Ausência de reação do condutor";"Colisão lateral mesmo sentido";"Com Vítimas Feridas";"Pleno dia";"Decrescente";"Céu Claro";"Dupla";"Reta";"Sim";2;0;1;0;1;0;1;2;-10,865874;-61,968647;"SPRF-RO";"DEL02-RO";"UOP01-DEL02-RO"
469649;2022-08-17;"quarta-feira";"16:15:00";"GO";60;41;"ALEXANIA";"Reação tardia ou ineficiente do condutor";"Capotamento";"Com Vítimas Feridas";"Pleno dia";"Crescente";"Sol";"Dupla";"Reta";"Não";3;0;3;0;0;0;3;1;-16,1104;-48,5742;"SPRF-DF";"DEL03-DF";"UOP01-DEL03-DF"
469650;2022-08-22;"segunda-feira";"11:00:00";"RN";101;109,3;"PARNAMIRIM";"Manobra de mudança de faixa";"Colisão com objeto";"Com Vítimas Feridas";"Pleno dia";"Decrescente";"Sol";"Múltipla";"Interseção de Vias;Reta;Viaduto;Declive;Retorno Regulamentado";"Sim";2;0;1;0;1;0;1;2;-5,93828652;-35,26461124;"SPRF-RN";"DEL01-RN";"UOP01-DEL01-RN"
469651;2022-08-22;"segunda-feira";"11:10:00";"SC";480;127,7;"CHAPECO";"Conversão proibida";"Colisão transversal";"Com Vítimas Feridas";"Pleno dia";"Decrescente";"Sol";"Simples";"Reta";"Sim";3;0;1;0;2;0;1;2;-27,02885905;-52,63380035;"SPRF-SC";"DEL07-SC";"UOP01-DEL07-SC"
469652;2022-08-22;"segunda-feira";"11:30:00";"SC";101;211,9;"PALHOCA";"Velocidade Incompatível";"Colisão traseira";"Com Vítimas Feridas";"Pleno dia";"Decrescente";"Nublado";"Múltipla";"Reta";"Sim";2;0;0;1;1;0;1;2;-27,62329313;-48,65245588;"SPRF-SC";"DEL01-SC";"UOP02-DEL01-SC"
469653;2022-08-22;"segunda-feira";"11:15:00";"PR";277;167;"PALMEIRA";"Desrespeitar a preferência no cruzamento";"Colisão transversal";"Com Vítimas Fatais";"Pleno dia";"Decrescente";"Céu Claro";"Simples";"Reta";"Não";2;1;0;0;1;0;0;2;-25,43667004;-49,97816202;"SPRF-PR";"DEL03-PR";"UOP03-DEL03-PR"
469656;2022-08-22;"segunda-feira";"11:30:00";"MS";163;681;"RIO VERDE DE MATO GROSSO";"Ausência de reação do condutor";"Saída de leito carroçável";"Com Vítimas Feridas";"Pleno dia";"Decrescente";"Céu Claro";"Simples";"Reta";"Sim";1;0;0;1;0;0;1;1;-18,91578008;-54,83862738;"SPRF-MS";"DEL06-MS";"UOP02-DEL06-MS"
469660;2022-08-22;"segunda-feira";"12:05:00";"PA";316;60;"CASTANHAL";"Conversão proibida";"Colisão traseira";"Com Vítimas Feridas";"Pleno dia";"Crescente";"Céu Claro";"Dupla";"Reta";"Sim";2;0;1;1;0;0;2;2;-1,29772957;-47,95528793;"SPRF-PA";"DEL01-PA";"UOP01-DEL01-PA"
469661;2022-02-19;"sábado";"17:30:00";"MG";40;360;"FELIXLANDIA";"Velocidade Incompatível";"Saída de leito carroçável";"Sem Vítimas";"Pleno dia";"Decrescente";"Nublado";"Simples";"Reta";"Não";1;0;0;0;1;0;0;1;-18,74935288;-44,85229988;"SPRF-MG";"DEL02-MG";"UOP01-DEL02-MG"
469662;2022-08-14;"domingo";"17:15:00";"SC";470;63,2;"INDAIAL";"Desrespeitar a preferência no cruzamento";"Colisão transversal";"Com Vítimas Feridas";"Pleno dia";"Crescente";"Nublado";"Simples";"Declive;Reta";"Sim";4;0;3;1;0;0;4;2;-26,872396;-49,19228;"SPRF-SC";"DEL04-SC";"UOP01-DEL04-SC"
469663;2022-08-22;"segunda-feira";"11:29:00";"SC";101;113;"ITAJAI";"Reação tardia ou ineficiente do condutor";"Tombamento";"Com Vítimas Feridas";"Pleno dia";"Decrescente";"Céu Claro";"Dupla";"Reta";"Sim";1;0;1;0;0;0;1;1;-26,85311393;-48,72689927;"SPRF-SC";"DEL04-SC";"UOP04-DEL04-SC"
469664;2022-08-22;"segunda-feira";"12:10:00";"MG";262;46,5;"MANHUACU";"Condutor Dormindo";"Saída de leito carroçável";"Com Vítimas Feridas";"Pleno dia";"Decrescente";"Céu Claro";"Simples";"Curva";"Não";1;0;1;0;0;0;1;1;-20,26333304;-42,10566505;"SPRF-MG";"DEL06-MG";"UOP03-DEL06-MG"
469665;2022-08-17;"quarta-feira";"11:00:00";"RS";468;104,5;"TRES PASSOS";"Reação tardia ou ineficiente do condutor";"Colisão transversal";"Com Vítimas Feridas";"Pleno dia";"Crescente";"Nublado";"Simples";"Reta";"Sim";2;0;0;1;1;0;1;2;-27,45233977;-53,94666764;"SPRF-RS";"DEL08-RS";"UOP02-DEL08-RS"
469666;2022-03-14;"segunda-feira";"07:30:00";"MA";10;201;"RIBAMAR FIQUENE";"Mal súbito do condutor";"Queda de ocupante de veículo";"Com Vítimas Fatais";"Pleno dia";"Crescente";"Céu Claro";"Simples";"Reta";"Não";1;1;0;0;0;0;0;1;-5,95653;-47,383659;"SPRF-MA";"DEL04-MA";"UOP01-DEL04-MA"
469669;2022-08-22;"segunda-feira";"12:25:00";"RS";116;260,2;"CANOAS";"Manobra de mudança de faixa";"Colisão lateral mesmo sentido";"Com Vítimas Feridas";"Pleno dia";"Decrescente";"Sol";"Dupla";"Reta";"Sim";3;0;0;1;1;1;1;3;-29,879208;-51,18045622;"SPRF-RS";"DEL01-RS";"UOP01-DEL01-RS"
469670;2022-08-22;"segunda-feira";"13:05:00";"GO";70;312,6;"JUSSARA";"Acessar a via sem observar a presença dos outros veículos";"Colisão transversal";"Com Vítimas Feridas";"Pleno dia";"Crescente";"Céu Claro";"Dupla";"Retorno Regulamentado";"Sim";2;0;1;0;1;0;1;2;-15,87280504;-50,84974766;"SPRF-GO";"DEL04-GO";"UOP01-DEL04-GO"
469672;2022-08-22;"segunda-feira";"10:15:00";"RJ";101;414;"ITAGUAI";"Transitar na contramão";"Colisão traseira";"Com Vítimas Fatais";"Pleno dia";"Decrescente";"Céu Claro";"Dupla";"Reta";"Sim";3;1;1;0;0;1;1;3;-22,90390285;-43,87258001;"SPRF-RJ";"DEL03-RJ";"UOP01-DEL03-RJ"
469674;2022-07-10;"domingo";"11:45:00";"PR";476;185;"LAPA";"Acumulo de areia ou detritos sobre o pavimento";"Queda de ocupante de veículo";"Com Vítimas Feridas";"Pleno dia";"Decrescente";"Céu Claro";"Simples";"Reta";"Sim";1;0;0;1;0;0;1;1;-25,714855;-49,637493;"SPRF-PR";"DEL02-PR";"UOP04-DEL02-PR"
469676;2022-08-22;"segunda-feira";"13:00:00";"BA";324;568;"SAO SEBASTIAO DO PASSE";"Velocidade Incompatível";"Saída de leito carroçável";"Com Vítimas Feridas";"Pleno dia";"Crescente";"Chuva";"Dupla";"Reta";"Não";3;0;2;0;1;0;2;1;-12,53527699;-38,59595575;"SPRF-BA";"DEL01-BA";"UOP01-DEL01-BA"
469677;2022-08-22;"segunda-feira";"15:30:00";"RJ";116;91;"GUAPIMIRIM";"Condutor Dormindo";"Saída de leito carroçável";"Com Vítimas Feridas";"Pleno dia";"Crescente";"Nublado";"Simples";"Curva";"Não";1;0;1;0;0;0;1;1;-22,45860515;-42,97439809;"SPRF-RJ";"DEL04-RJ";"UOP01-DEL04-RJ"
469680;2022-08-22;"segunda-feira";"15:50:00";"SP";116;274;"TABOAO DA SERRA";"Reação tardia ou ineficiente do condutor";"Queda de ocupante de veículo";"Com Vítimas Feridas";"Pleno dia";"Crescente";"Céu Claro";"Dupla";"Reta";"Sim";2;0;2;0;0;0;2;1;-23,63445084;-46,82418514;"SPRF-SP";"DEL04-SP";"UOP01-DEL04-SP"
469681;2022-08-22;"segunda-feira";"14:30:00";"MG";262;117,4;"RIO CASCA";"Condutor deixou de manter distância do veículo da frente";"Colisão lateral mesmo sentido";"Com Vítimas Feridas";"Pleno dia";"Crescente";"Céu Claro";"Simples";"Curva";"Sim";5;0;1;0;4;0;1;2;-20,22891636;-42,62843995;"SPRF-MG";"DEL03-MG";"UOP03-DEL03-MG"
469682;2022-02-26;"sábado";"10:30:00";"BA";242;271;"RUY BARBOSA";"Acumulo de água sobre o pavimento";"Colisão traseira";"Com Vítimas Feridas";"Pleno dia";"Crescente";"Chuva";"Simples";"Declive;Reta";"Sim";8;0;2;0;6;0;2;2;-12,45101231;-40,63843212;"SPRF-BA";"DEL06-BA";"UOP02-DEL06-BA"
469684;2022-08-22;"segunda-feira";"15:30:00";"MG";381;453,9;"BELO HORIZONTE";"Ausência de reação do condutor";"Tombamento";"Com Vítimas Feridas";"Pleno dia";"Crescente";"Céu Claro";"Simples";"Reta";"Sim";1;0;1;0;0;0;1;1;-19,84162338;-43,86805952;"SPRF-MG";"DEL01-MG";"UOP01-DEL01-MG"
469685;2022-07-17;"domingo";"18:15:00";"MG";381;852,9;"POUSO ALEGRE";"Manobra de mudança de faixa";"Colisão lateral mesmo sentido";"Sem Vítimas";"Plena Noite";"Crescente";"Nublado";"Dupla";"Reta";"Não";3;0;0;0;2;1;0;2;-22,26236044;-45,89045358;"SPRF-MG";"DEL16-MG";"UOP01-DEL16-MG"
469687;2022-08-03;"quarta-feira";"15:30:00";"MS";262;368,6;"CAMPO GRANDE";"Afundamento ou ondulação no pavimento";"Tombamento";"Com Vítimas Feridas";"Pleno dia";"Crescente";"Céu Claro";"Dupla";"Reta";"Sim";1;0;1;0;0;0;1;1;-20,47852447;-54,76010297;"SPRF-MS";"DEL01-MS";"UOP03-DEL01-MS"
469689;2022-08-22;"segunda-feira";"11:30:00";"MG";262;424,7;"IGARATINGA";"Velocidade Incompatível";"Saída de leito carroçável";"Sem Vítimas";"Pleno dia";"Crescente";"Céu Claro";"Dupla";"Declive";"Não";3;0;0;0;3;0;0;1;-19,89201438;-44,81117249;"SPRF-MG";"DEL08-MG";"UOP03-DEL08-MG"
469691;2022-08-22;"segunda-feira";"15:25:00";"PR";369;11,8;"CAMBARA";"Manobra de mudança de faixa";"Colisão frontal";"Com Vítimas Feridas";"Pleno dia";"Crescente";"Céu Claro";"Simples";"Reta";"Não";6;0;3;3;0;0;6;2;-23,0103863;-50,0071907;"SPRF-PR";"DEL07-PR";"UOP01-DEL07-PR"
469692;2022-08-22;"segunda-feira";"17:15:00";"RS";290;86;"PORTO ALEGRE";"Manobra de mudança de faixa";"Tombamento";"Com Vítimas Feridas";"Pleno dia";"Decrescente";"Céu Claro";"Dupla";"Reta";"Sim";1;0;1;0;0;0;1;1;-29,968412;-51,117138;"SPRF-RS";"DEL01-RS";"UOP01-DEL01-RS"
469693;2022-08-22;"segunda-feira";"16:40:00";"SC";282;33,5;"AGUAS MORNAS";"Ultrapassagem Indevida";"Colisão traseira";"Com Vítimas Feridas";"Pleno dia";"Decrescente";"Nublado";"Simples";"Interseção de Vias;Reta;Declive";"Não";2;0;0;1;1;0;1;2;-27,706587;-48,808144;"SPRF-SC";"DEL01-SC";"UOP03-DEL01-SC"
469695;2022-08-22;"segunda-feira";"17:28:00";"CE";222;235,1;"SOBRAL";"Velocidade Incompatível";"Saída de leito carroçável";"Com Vítimas Feridas";"Anoitecer";"Crescente";"Céu Claro";"Simples";"Reta";"Não";1;0;1;0;0;0;1;1;-3,71365292;-40,43544201;"SPRF-CE";"DEL04-CE";"UOP01-DEL04-CE"
469696;2022-08-22;"segunda-feira";"14:30:00";"MG";356;269;"MURIAE";"Desrespeitar a preferência no cruzamento";"Colisão transversal";"Com Vítimas Feridas";"Pleno dia";"Decrescente";"Céu Claro";"Simples";"Interseção de Vias";"Sim";2;0;1;0;1;0;1;2;-21,12665618;-42,33310204;"SPRF-MG";"DEL07-MG";"UOP02-DEL07-MG"
469697;2022-08-22;"segunda-feira";"15:40:00";"MG";116;146;"PONTO DOS VOLANTES";"Ingestão de álcool pelo condutor";"Colisão com objeto";"Com Vítimas Feridas";"Pleno dia";"Crescente";"Céu Claro";"Simples";"Aclive;Reta";"Não";1;0;0;1;0;0;1;1;-16,81900014;-41,47500252;"SPRF-MG";"DEL11-MG";"UOP02-DEL11-MG"
469699;2022-08-22;"segunda-feira";"17:28:00";"AL";101;104;"PILAR";"Conversão proibida";"Colisão transversal";"Com Vítimas Feridas";"Anoitecer";"Decrescente";"Chuva";"Dupla";"Interseção de Vias";"Não";2;0;2;0;0;0;2;2;-9,58714551;-35,98027797;"SPRF-AL";"DEL02-AL";"UOP01-DEL02-AL"
469702;2022-08-22;"segunda-feira";"17:00:00";"SC";101;42;"JOINVILLE";"Velocidade Incompatível";"Tombamento";"Com Vítimas Feridas";"Pleno dia";"Crescente";"Nublado";"Simples";"Declive";"Sim";1;0;1;0;0;0;1;1;-26,32531618;-48,86649013;"SPRF-SC";"DEL03-SC";"UOP01-DEL03-SC"
469703;2022-08-22;"segunda-feira";"04:34:00";"MG";381;608,2;"OLIVEIRA";"Animais na Pista";"Colisão com objeto";"Sem Vítimas";"Plena Noite";"Crescente";"Nublado";"Dupla";"Curva";"Não";2;0;0;0;2;0;0;2;-20,69192711;-44,74575988;"SPRF-MG";"DEL04-MG";"UOP01-DEL04-MG"
469704;2022-08-22;"segunda-feira";"17:35:00";"SC";101;206;"SAO JOSE";"Manobra de mudança de faixa";"Colisão traseira";"Com Vítimas Feridas";"Anoitecer";"Decrescente";"Nublado";"Múltipla";"Reta";"Sim";3;0;1;1;1;0;2;2;-27,58867689;-48,61692851;"SPRF-SC";"DEL01-SC";"UOP01-DEL01-SC"
469706;2022-08-22;"segunda-feira";"17:45:00";"CE";116;15;"FORTALEZA";"Transitar na contramão";"Colisão frontal";"Sem Vítimas";"Plena Noite";"Crescente";"Céu Claro";"Dupla";"Reta";"Sim";2;0;0;0;2;0;0;2;-3,87839882;-38,50066893;"SPRF-CE";"DEL01-CE";"UOP02-DEL01-CE"
469707;2022-08-22;"segunda-feira";"18:00:00";"SP";116;218;"GUARULHOS";"Ingestão de álcool pelo condutor";"Colisão lateral mesmo sentido";"Com Vítimas Feridas";"Pleno dia";"Crescente";"Nublado";"Múltipla";"Reta";"Sim";2;0;1;0;1;0;1;2;-23,457972;-46,479927;"SPRF-SP";"DEL01-SP";"UOP01-DEL01-SP"
469708;2022-08-22;"segunda-feira";"17:35:00";"PR";476;136,3;"CURITIBA";"Trafegar com motocicleta (ou similar) entre as faixas";"Colisão lateral mesmo sentido";"Com Vítimas Fatais";"Anoitecer";"Crescente";"Garoa/Chuvisco";"Múltipla";"Reta";"Sim";3;1;0;0;2;0;0;3;-25,492629;-49,272961;"SPRF-PR";"DEL01-PR";"UOP03-DEL01-PR"
469709;2022-08-22;"segunda-feira";"17:10:00";"RJ";116;217;"ITAGUAI";"Acumulo de óleo sobre o pavimento";"Saída de leito carroçável";"Com Vítimas Feridas";"Pleno dia";"Decrescente";"Sol";"Simples";"Curva";"Sim";3;0;1;0;2;0;1;1;-22,70206801;-43,74864201;"SPRF-RJ";"DEL01-RJ";"UOP03-DEL01-RJ"
469710;2022-08-22;"segunda-feira";"17:30:00";"MG";381;499;"BETIM";"Demais falhas mecânicas ou elétricas";"Incêndio";"Sem Vítimas";"Anoitecer";"Crescente";"Céu Claro";"Dupla";"Aclive;Reta";"Sim";1;0;0;0;1;0;0;1;-20,01792651;-44,2261448;"SPRF-MG";"DEL01-MG";"UOP03-DEL01-MG"
469713;2022-08-15;"segunda-feira";"15:18:00";"RS";285;298,5;"PASSO FUNDO";"Velocidade Incompatível";"Colisão lateral mesmo sentido";"Sem Vítimas";"Pleno dia";"Decrescente";"Céu Claro";"Simples";"Interseção de Vias";"Sim";2;0;0;0;2;0;0;2;-28,236414;-52,423466;"SPRF-RS";"DEL08-RS";"UOP03-DEL08-RS"
469714;2022-08-22;"segunda-feira";"17:18:00";"RJ";101;317,1;"SAO GONCALO";"Ausência de reação do condutor";"Colisão traseira";"Com Vítimas Feridas";"Anoitecer";"Decrescente";"Nublado";"Dupla";"Reta";"Sim";3;0;0;2;1;0;2;2;-22,83707798;-43,09492006;"SPRF-RJ";"DEL02-RJ";"UOP02-DEL02-RJ"
469715;2022-08-22;"segunda-feira";"18:15:00";"SC";470;50,5;"BLUMENAU";"Manobra de mudança de faixa";"Colisão transversal";"Com Vítimas Feridas";"Plena Noite";"Decrescente";"Nublado";"Dupla";"Reta";"Não";2;0;2;0;0;0;2;2;-26,859768;-49,074493;"SPRF-SC";"DEL04-SC";"UOP01-DEL04-SC"
469716;2022-08-22;"segunda-feira";"18:30:00";"SP";116;270;"TABOAO DA SERRA";"Condutor deixou de manter distância do veículo da frente";"Engavetamento";"Sem Vítimas";"Plena Noite";"Crescente";"Céu Claro";"Dupla";"Reta";"Sim";3;0;0;0;3;0;0;3;-23,61799728;-46,79677694;"SPRF-SP";"DEL04-SP";"UOP01-DEL04-SP"
469717;2022-08-22;"segunda-feira";"17:38:00";"TO";153;149,1;"ARAGUAINA";"Animais na Pista";"Atropelamento de Animal";"Com Vítimas Feridas";"Anoitecer";"Decrescente";"Céu Claro";"Simples";"Reta";"Não";2;0;0;1;1;0;1;2;-7,239191;-48,254288;"SPRF-TO";"DEL02-TO";"UOP01-DEL02-TO"
469719;2022-08-22;"segunda-feira";"18:30:00";"RN";226;4;"NATAL";"Animais na Pista";"Atropelamento de Animal";"Com Vítimas Feridas";"Plena Noite";"Crescente";"Céu Claro";"Simples";"Reta";"Sim";1;0;1;0;0;0;1;1;-5,81958019;-35,25969486;"SPRF-RN";"DEL01-RN";"UOP02-DEL01-RN"
469721;2022-08-22;"segunda-feira";"18:20:00";"SC";282;3;"FLORIANOPOLIS";"Condutor deixou de manter distância do veículo da frente";"Colisão traseira";"Com Vítimas Feridas";"Plena Noite";"Crescente";"Céu Claro";"Múltipla";"Reta";"Sim";2;0;1;0;1;0;1;2;-27,600384;-48,599705;"SPRF-SC";"DEL01-SC";"UOP01-DEL01-SC"
469724;2022-08-22;"segunda-feira";"11:00:00";"BA";242;601;"MUQUEM DE SAO FRANCISCO";"Ausência de reação do condutor";"Saída de leito carroçável";"Com Vítimas Feridas";"Pleno dia";"Crescente";"Céu Claro";"Simples";"Curva";"Não";4;0;4;0;0;0;4;1;-12,14305379;-43,3719635;"SPRF-BA";"DEL10-BA";"UOP02-DEL10-BA"