"id";"data_inversa";"dia_semana";"horario";"uf";"br";"km";"municipio";"causa_acidente";"tipo_acidente";"classificacao_acidente";"fase_dia";"sentido_via";"condicao_metereologica";"tipo_pista";"tracado_via";"uso_solo";"pessoas";"mortos";"feridos_leves";"feridos_graves";"ilesos";"ignorados";"feridos";"veiculos";"latitude";"longitude";"regional";"delegacia";"uop"
469725;2022-08-22;"segunda-feira";"18:00:00";"PE";104;100,8;"CUPIRA";"Velocidade Incompatível";"Colisão com objeto";"Sem Vítimas";"Plena Noite";"Crescente";"Garoa/Chuvisco";"Simples";"Reta;Declive";"Não";1;0;0;0;0;1;0;1;-8,563684;-35,947582;"SPRF-PE";"DEL02-PE";"UOP03-DEL02-PE"
469726;2022-08-22;"segunda-feira";"19:15:00";"AL";316;251,1;"PILAR";"Ingestão de álcool pelo condutor";"Colisão lateral sentido oposto";"Com Vítimas Feridas";"Plena Noite";"Crescente";"Chuva";"Simples";"Reta";"Não";2;0;1;0;0;1;1;2;-9,56369581;-35,97111969;"SPRF-AL";"DEL01-AL";"UOP01-DEL01-AL"
469729;2022-08-22;"segunda-feira";"19:30:00";"SC";101;201;"SAO JOSE";"Trafegar com motocicleta (ou similar) entre as faixas";"Colisão lateral mesmo sentido";"Com Vítimas Feridas";"Plena Noite";"Crescente";"Chuva";"Dupla";"Reta";"Sim";2;0;0;1;1;0;1;2;-27,54836599;-48,61977975;"SPRF-SC";"DEL01-SC";"UOP01-DEL01-SC"
469730;2022-08-22;"segunda-feira";"19:10:00";"RN";101;95,9;"NATAL";"Acessar a via sem observar a presença dos outros veículos";"Colisão traseira";"Com Vítimas Feridas";"Plena Noite";"Decrescente";"Céu Claro";"Dupla";"Reta";"Sim";2;0;1;0;1;0;1;2;-5,84076841;-35,21035949;"SPRF-RN";"DEL01-RN";"UOP01-DEL01-RN"
469733;2022-08-22;"segunda-feira";"20:00:00";"PR";376;615;"SAO JOSE DOS PINHAIS";"Velocidade Incompatível";"Colisão traseira";"Com Vítimas Feridas";"Plena Noite";"Decrescente";"Chuva";"Dupla";"Reta";"Sim";2;0;1;0;1;0;1;2;-25,569237;-49,183735;"SPRF-PR";"DEL01-PR";"UOP06-DEL01-PR"
469734;2022-08-22;"segunda-feira";"19:45:00";"PR";376;253,9;"CALIFORNIA";"Avarias e/ou desgaste excessivo no pneu";"Tombamento";"Com Vítimas Feridas";"Plena Noite";"Crescente";"Céu Claro";"Dupla";"Reta";"Não";2;0;1;1;0;0;2;1;-23,6586153;-51,37192931;"SPRF-PR";"DEL07-PR";"UOP03-DEL07-PR"
469737;2022-08-22;"segunda-feira";"20:25:00";"GO";60;244;"INDIARA";"Animais na Pista";"Capotamento";"Com Vítimas Feridas";"Plena Noite";"Crescente";"Céu Claro";"Dupla";"Reta";"Não";1;0;1;0;0;0;1;1;-17,1069;-49,9096;"SPRF-GO";"DEL01-GO";"UOP02-DEL01-GO"
469739;2022-08-22;"segunda-feira";"13:30:00";"MG";116;517,3;"UBAPORANGA";"Retorno proibido";"Colisão lateral mesmo sentido";"Com Vítimas Feridas";"Pleno dia";"Crescente";"Nublado";"Simples";"Curva";"Não";4;0;2;0;2;0;2;2;-19,70492713;-42,11720373;"SPRF-MG";"DEL06-MG";"UOP02-DEL06-MG"
469740;2022-08-22;"segunda-feira";"18:40:00";"RO";364;429;"JARU";"Acostamento em desnível";"Tombamento";"Com Vítimas Feridas";"Plena Noite";"Decrescente";"Céu Claro";"Simples";"Curva";"Não";2;0;1;0;1;0;1;1;-10,41628317;-62,5026501;"SPRF-RO";"DEL03-RO";"UOP02-DEL03-RO"
469742;2022-08-22;"segunda-feira";"18:20:00";"PA";230;123;"MARABA";"Acessar a via sem observar a presença dos outros veículos";"Colisão transversal";"Sem Vítimas";"Plena Noite";"Decrescente";"Céu Claro";"Dupla";"Reta";"Sim";2;0;0;0;2;0;0;2;-5,36838526;-49,12886078;"SPRF-PA";"DEL03-PA";"UOP01-DEL03-PA"
469744;2022-08-22;"segunda-feira";"21:30:00";"PR";376;1;"APUCARANA";"Avarias e/ou desgaste excessivo no pneu";"Tombamento";"Com Vítimas Feridas";"Plena Noite";"Crescente";"Céu Claro";"Simples";"Declive";"Sim";1;0;1;0;0;0;1;1;-23,5513;-51,461266;"SPRF-PR";"DEL07-PR";"UOP03-DEL07-PR"
469747;2022-08-22;"segunda-feira";"19:50:00";"MG";40;4,9;"PARACATU";"Animais na Pista";"Atropelamento de Animal";"Com Vítimas Feridas";"Plena Noite";"Decrescente";"Céu Claro";"Simples";"Reta";"Não";1;0;1;0;0;0;1;1;-17,05641488;-47,13045991;"SPRF-MG";"DEL14-MG";"UOP01-DEL14-MG"
469749;2022-08-22;"segunda-feira";"23:00:00";"RJ";101;57;"CAMPOS DOS GOYTACAZES";"Pedestre andava na pista";"Atropelamento de Pedestre";"Com Vítimas Fatais";"Plena Noite";"Decrescente";"Nublado";"Simples";"Reta";"Não";2;1;0;1;0;0;1;2;-21,69602101;-41,31017467;"SPRF-RJ";"DEL08-RJ";"UOP01-DEL08-RJ"
469752;2022-08-23;"terça-feira";"00:30:00";"SP";153;57;"SAO JOSE DO RIO PRETO";"Reação tardia ou ineficiente do condutor";"Colisão com objeto";"Com Vítimas Feridas";"Plena Noite";"Crescente";"Céu Claro";"Dupla";"Reta";"Não";1;0;0;1;0;0;1;1;-20,76991095;-49,34982212;"SPRF-SP";"DEL09-SP";"UOP01-DEL09-SP"
469753;2022-08-22;"segunda-feira";"23:58:00";"RS";392;9,3;"RIO GRANDE";"Acumulo de areia ou detritos sobre o pavimento";"Tombamento";"Com Vítimas Feridas";"Plena Noite";"Crescente";"Nublado";"Simples";"Reta";"Não";1;0;1;0;0;0;1;1;-32,11099;-52,112198;"SPRF-RS";"DEL07-RS";"UOP02-DEL07-RS"
469754;2022-08-23;"terça-feira";"01:05:00";"PR";277;717;"SANTA TEREZINHA DE ITAIPU";"Condutor Dormindo";"Capotamento";"Com Vítimas Feridas";"Plena Noite";"Decrescente";"Céu Claro";"Dupla";"Reta";"Não";1;0;1;0;0;0;1;1;-25,47637493;-54,47651902;"SPRF-PR";"DEL05-PR";"UOP01-DEL05-PR"
469757;2022-08-23;"terça-feira";"04:30:00";"GO";153;164;"CAMPINORTE";"Ultrapassagem Indevida";"Colisão frontal";"Com Vítimas Feridas";"Plena Noite";"Crescente";"Céu Claro";"Simples";"Declive";"Não";3;0;0;1;2;0;1;2;-14,168802;-49,124207;"SPRF-GO";"DEL07-GO";"UOP02-DEL07-GO"
469758;2022-08-23;"terça-feira";"04:00:00";"RJ";101;324;"NITEROI";"Demais falhas mecânicas ou elétricas";"Incêndio";"Sem Vítimas";"Plena Noite";"Decrescente";"Céu Claro";"Dupla";"Reta";"Não";1;0;0;0;1;0;0;1;-22,87381074;-43,12640997;"SPRF-RJ";"DEL02-RJ";"UOP01-DEL02-RJ"
469760;2022-08-23;"terça-feira";"04:57:00";"SC";470;7,5;"NAVEGANTES";"Chuva";"Colisão com objeto";"Com Vítimas Feridas";"Plena Noite";"Crescente";"Chuva";"Simples";"Curva";"Sim";1;0;0;1;0;0;1;1;-26,84499;-48,71505;"SPRF-SC";"DEL04-SC";"UOP04-DEL04-SC"
469762;2022-08-23;"terça-feira";"04:30:00";"GO";158;22;"ARAGARCAS";"Ausência de reação do condutor";"Colisão traseira";"Com Vítimas Fatais";"Amanhecer";"Crescente";"Céu Claro";"Simples";"Reta";"Não";5;1;0;0;4;0;0;2;-16,04796599;-52,17044707;"SPRF-GO";"DEL04-GO";"UOP01-DEL04-GO"
469764;2022-08-22;"segunda-feira";"22:30:00";"PE";232;52;"VITORIA DE SANTO ANTAO";"Animais na Pista";"Atropelamento de Animal";"Com Vítimas Feridas";"Plena Noite";"Decrescente";"Garoa/Chuvisco";"Dupla";"Reta";"Não";1;0;0;1;0;0;1;1;-8,13420544;-35,34022822;"SPRF-PE";"DEL01-PE";"UOP01-DEL01-PE"
469765;2022-08-23;"terça-feira";"06:15:00";"GO";153;507,8;"APARECIDA DE GOIANIA";"Desvio temporário";"Colisão com objeto";"Com Vítimas Feridas";"Amanhecer";"Crescente";"Céu Claro";"Dupla";"Declive";"Sim";1;0;1;0;0;0;1;1;-16,7804;-49,2371;"SPRF-GO";"DEL01-GO";"UOP03-DEL01-GO"
469766;2022-08-22;"segunda-feira";"17:00:00";"RJ";40;101;"DUQUE DE CAXIAS";"Ingestão de álcool pelo condutor";"Colisão traseira";"Com Vítimas Feridas";"Pleno dia";"Crescente";"Céu Claro";"Dupla";"Reta";"Sim";4;0;2;0;2;0;2;4;-22,60246485;-43,28380739;"SPRF-RJ";"DEL01-RJ";"UOP01-DEL01-RJ"
469769;2022-08-23;"terça-feira";"06:20:00";"RJ";101;467;"ANGRA DOS REIS";"Transitar na contramão";"Colisão transversal";"Com Vítimas Feridas";"Pleno dia";"Crescente";"Céu Claro";"Simples";"Curva";"Não";8;0;6;0;2;0;6;2;-23,00696998;-44,2149953;"SPRF-RJ";"DEL03-RJ";"UOP03-DEL03-RJ"
469770;2022-08-23;"terça-feira";"07:00:00";"RS";116;145;"CAXIAS DO SUL";"Reação tardia ou ineficiente do condutor";"Colisão com objeto";"Com Vítimas Fatais";"Pleno dia";"Crescente";"Céu Claro";"Múltipla";"Reta";"Sim";2;1;0;0;0;1;0;2;-29,1350217;-51,1302779;"SPRF-RS";"DEL05-RS";"UOP01-DEL05-RS"
469771;2022-08-23;"terça-feira";"06:50:00";"SC";282;5;"SAO JOSE";"Manobra de mudança de faixa";"Colisão traseira";"Com Vítimas Feridas";"Pleno dia";"Decrescente";"Garoa/Chuvisco";"Múltipla";"Reta";"Sim";2;0;1;0;1;0;1;2;-27,588425;-48,612919;"SPRF-SC";"DEL01-SC";"UOP01-DEL01-SC"
469774;2022-08-23;"terça-feira";"06:28:00";"PR";376;671;"GUARATUBA";"Reação tardia ou ineficiente do condutor";"Saída de leito carroçável";"Com Vítimas Feridas";"Pleno dia";"Crescente";"Céu Claro";"Dupla";"Reta";"Não";2;0;1;0;1;0;1;1;-25,885323;-48,935154;"SPRF-PR";"DEL01-PR";"UOP04-DEL01-PR"
469775;2022-07-01;"sexta-feira";"07:20:00";"PI";343;328,8;"TERESINA";"Acessar a via sem observar a presença dos outros veículos";"Colisão transversal";"Com Vítimas Feridas";"Pleno dia";"Crescente";"Céu Claro";"Simples";"Reta";"Não";2;0;0;1;1;0;1;2;-5,069324;-42,634327;"SPRF-PI";"DEL01-PI";"UOP01-DEL01-PI"
469776;2022-08-23;"terça-feira";"06:50:00";"BA";324;546;"AMELIA RODRIGUES";"Manobra de mudança de faixa";"Saída de leito carroçável";"Sem Vítimas";"Pleno dia";"Decrescente";"Céu Claro";"Dupla";"Declive";"Não";1;0;0;0;1;0;0;1;-12,41513603;-38,75158107;"SPRF-BA";"DEL01-BA";"UOP03-DEL01-BA"
469777;2022-08-23;"terça-feira";"06:15:00";"PE";232;15,6;"JABOATAO DOS GUARARAPES";"Curva acentuada";"Saída de leito carroçável";"Com Vítimas Feridas";"Pleno dia";"Decrescente";"Chuva";"Dupla";"Curva";"Não";3;0;2;0;1;0;2;1;-8,09137732;-35,02917918;"SPRF-PE";"DEL01-PE";"UOP01-DEL01-PE"
469779;2022-08-23;"terça-feira";"06:20:00";"RN";226;172,1;"CURRAIS NOVOS";"Manobra de mudança de faixa";"Colisão com objeto";"Com Vítimas Fatais";"Pleno dia";"Decrescente";"Céu Claro";"Simples";"Reta";"Não";1;1;0;0;0;0;0;1;-6,25561811;-36,48329198;"SPRF-RN";"DEL03-RN";"UOP02-DEL03-RN"
469781;2022-08-23;"terça-feira";"06:58:00";"CE";222;0,4;"FORTALEZA";"Condutor deixou de manter distância do veículo da frente";"Colisão traseira";"Com Vítimas Feridas";"Pleno dia";"Decrescente";"Céu Claro";"Múltipla";"Reta";"Sim";2;0;0;1;1;0;1;2;-3,737804;-38,578061;"SPRF-CE";"DEL01-CE";"UOP01-DEL01-CE"
469782;2022-08-23;"terça-feira";"07:56:00";"SP";116;275;"EMBU DAS ARTES";"Trafegar com motocicleta (ou similar) entre as faixas";"Colisão traseira";"Com Vítimas Feridas";"Pleno dia";"Decrescente";"Céu Claro";"Dupla";"Reta";"Não";3;0;2;0;1;0;2;2;-23,63638826;-46,83251584;"SPRF-SP";"DEL04-SP";"UOP01-DEL04-SP"
469783;2022-08-23;"terça-feira";"07:55:00";"CE";116;1;"FORTALEZA";"Ausência de reação do condutor";"Colisão traseira";"Com Vítimas Feridas";"Pleno dia";"Decrescente";"Sol";"Dupla";"Reta;Viaduto";"Sim";2;0;0;1;1;0;1;2;-3,76159894;-38,51900662;"SPRF-CE";"DEL01-CE";"UOP02-DEL01-CE"
469789;2022-08-23;"terça-feira";"07:27:00";"MG";40;549;"NOVA LIMA";"Manobra de mudança de faixa";"Colisão lateral mesmo sentido";"Com Vítimas Feridas";"Pleno dia";"Crescente";"Céu Claro";"Dupla";"Curva";"Não";2;0;1;0;1;0;1;2;-20,03972326;-43,96703232;"SPRF-MG";"DEL01-MG";"UOP02-DEL01-MG"
469790;2022-08-23;"terça-feira";"08:30:00";"ES";262;16,9;"VIANA";"Acessar a via sem observar a presença dos outros veículos";"Colisão lateral mesmo sentido";"Com Vítimas Feridas";"Pleno dia";"Decrescente";"Céu Claro";"Simples";"Reta";"Não";3;0;2;0;1;0;2;2;-20,38622766;-40,47204494;"SPRF-ES";"DEL01-ES";"UOP01-DEL01-ES"
469791;2022-08-23;"terça-feira";"07:16:00";"RJ";116;182;"NOVA IGUACU";"Condutor deixou de manter distância do veículo da frente";"Colisão traseira";"Com Vítimas Feridas";"Pleno dia";"Decrescente";"Céu Claro";"Múltipla";"Reta";"Sim";1;0;1;0;0;0;1;1;-22,7567755;-43,43107234;"SPRF-RJ";"DEL01-RJ";"UOP02-DEL01-RJ"
469792;2022-08-23;"terça-feira";"07:30:00";"PI";316;30,7;"DEMERVAL LOBAO";"Acessar a via sem observar a presença dos outros veículos";"Colisão transversal";"Com Vítimas Feridas";"Pleno dia";"Crescente";"Céu Claro";"Simples";"Reta";"Sim";3;0;0;1;1;1;1;3;-5,33309;-42,69755301;"SPRF-PI";"DEL01-PI";"UOP02-DEL01-PI"
469794;2022-08-02;"terça-feira";"11:55:00";"GO";158;0;"ARAGARCAS";"Obstrução na via";"Colisão com objeto";"Sem Vítimas";"Pleno dia";"Decrescente";"Céu Claro";"Simples";"Reta;Ponte";"Sim";4;0;0;0;4;0;0;1;-15,89566201;-52,2547853;"SPRF-GO";"DEL04-GO";"UOP01-DEL04-GO"
469797;2022-08-23;"terça-feira";"07:40:00";"PR";277;290,2;"PRUDENTOPOLIS";"Acessar a via sem observar a presença dos outros veículos";"Colisão traseira";"Sem Vítimas";"Pleno dia";"Crescente";"Céu Claro";"Simples";"Reta;Declive";"Não";3;0;0;0;3;0;0;2;-25,31633695;-51,00333202;"SPRF-PR";"DEL08-PR";"UOP02-DEL08-PR"
469798;2022-08-23;"terça-feira";"07:50:00";"MT";163;550;"DIAMANTINO";"Acostamento em desnível";"Saída de leito carroçável";"Com Vítimas Feridas";"Pleno dia";"Crescente";"Céu Claro";"Simples";"Reta";"Não";2;0;2;0;0;0;2;1;-14,30772599;-56,1389211;"SPRF-MT";"DEL01-MT";"UOP01-DEL01-MT"
469799;2022-08-23;"terça-feira";"08:25:00";"RO";364;238;"CACOAL";"Acessar a via sem observar a presença dos outros veículos";"Colisão transversal";"Com Vítimas Feridas";"Pleno dia";"Crescente";"Céu Claro";"Simples";"Reta";"Sim";2;0;2;0;0;0;2;2;-11,4388578;-61,45471289;"SPRF-RO";"DEL02-RO";"UOP02-DEL02-RO"
469800;2022-08-23;"terça-feira";"07:45:00";"MT";163;834;"SINOP";"Desrespeitar a preferência no cruzamento";"Queda de ocupante de veículo";"Com Vítimas Feridas";"Pleno dia";"Crescente";"Céu Claro";"Dupla";"Retorno Regulamentado";"Sim";1;0;1;0;0;0;1;1;-11,86649447;-55,4964111;"SPRF-MT";"DEL06-MT";"UOP01-DEL06-MT"
469801;2022-08-23;"terça-feira";"08:30:00";"MG";50;177;"UBERABA";"Demais falhas mecânicas ou elétricas";"Incêndio";"Sem Vítimas";"Pleno dia";"Decrescente";"Céu Claro";"Dupla";"Viaduto;Reta";"Sim";1;0;0;0;1;0;0;1;-19,77914852;-47,95047701;"SPRF-MG";"DEL13-MG";"UOP01-DEL13-MG"
469805;2022-08-23;"terça-feira";"09:00:00";"GO";153;497,4;"GOIANIA";"Reação tardia ou ineficiente do condutor";"Colisão traseira";"Sem Vítimas";"Pleno dia";"Decrescente";"Céu Claro";"Múltipla";"Declive";"Sim";3;0;0;0;3;0;0;2;-16,6939;-49,2321;"SPRF-GO";"DEL01-GO";"UOP01-DEL01-GO"
469806;2022-08-23;"terça-feira";"08:00:00";"RJ";101;317;"SAO GONCALO";"Reação tardia ou ineficiente do condutor";"Engavetamento";"Com Vítimas Feridas";"Pleno dia";"Crescente";"Céu Claro";"Simples";"Reta";"Sim";5;0;1;0;4;0;1;4;-22,83707798;-43,09492006;"SPRF-RJ";"DEL02-RJ";"UOP02-DEL02-RJ"
469807;2022-08-23;"terça-feira";"09:40:00";"RJ";116;69,5;"TERESOPOLIS";"Acessar a via sem observar a presença dos outros veículos";"Colisão transversal";"Com Vítimas Feridas";"Pleno dia";"Crescente";"Sol";"Simples";"Curva";"Sim";3;0;1;0;2;0;1;2;-22,33314;-42,939;"SPRF-RJ";"DEL04-RJ";"UOP01-DEL04-RJ"
469808;2022-08-23;"terça-feira";"09:30:00";"PR";277;73;"SAO JOSE DOS PINHAIS";"Reação tardia ou ineficiente do condutor";"Colisão frontal";"Com Vítimas Feridas";"Pleno dia";"Decrescente";"Céu Claro";"Múltipla";"Reta";"Sim";6;0;4;0;2;0;4;2;-25,52124342;-49,10648119;"SPRF-PR";"DEL01-PR";"UOP01-DEL01-PR"
469809;2022-08-23;"terça-feira";"08:50:00";"MG";365;698;"MONTE ALEGRE DE MINAS";"Demais Fenômenos da natureza";"Incêndio";"Com Vítimas Feridas";"Pleno dia";"Decrescente";"Céu Claro";"Dupla";"Interseção de Vias";"Não";1;0;1;0;0;0;1;1;-18,87943694;-48,97913;"SPRF-MG";"DEL15-MG";"UOP03-DEL15-MG"
469811;2022-08-23;"terça-feira";"08:40:00";"RS";386;110,4;"SARANDI";"Ausência de reação do condutor";"Saída de leito carroçável";"Com Vítimas Fatais";"Pleno dia";"Decrescente";"Céu Claro";"Simples";"Curva";"Não";1;1;0;0;0;0;0;1;-27,7979835;-53,04901253;"SPRF-RS";"DEL08-RS";"UOP01-DEL08-RS"
469817;2022-08-23;"terça-feira";"10:37:00";"PB";101;88;"JOAO PESSOA";"Velocidade Incompatível";"Colisão com objeto";"Com Vítimas Feridas";"Pleno dia";"Crescente";"Chuva";"Simples";"Curva";"Sim";2;0;1;0;1;0;1;2;-7,16726025;-34,897331;"SPRF-PB";"DEL01-PB";"UOP01-DEL01-PB"
469819;2022-08-23;"terça-feira";"11:30:00";"PB";230;20,2;"JOAO PESSOA";"Ausência de reação do condutor";"Colisão traseira";"Com Vítimas Feridas";"Pleno dia";"Decrescente";"Chuva";"Dupla";"Curva";"Não";2;0;1;0;1;0;1;2;-7,1281;-34,8466;"SPRF-PB";"DEL01-PB";"UOP01-DEL01-PB"
469820;2022-08-23;"terça-feira";"11:00:00";"PR";369;153;"LONDRINA";"Condutor deixou de manter distância do veículo da frente";"Colisão traseira";"Com Vítimas Feridas";"Pleno dia";"Decrescente";"Céu Claro";"Dupla";"Reta;Interseção de Vias";"Sim";5;0;1;0;4;0;1;2;-23,29735756;-51,20154083;"SPRF-PR";"DEL07-PR";"UOP01-DEL07-PR"
469825;2022-08-23;"terça-feira";"08:00:00";"MT";364;437;"VARZEA GRANDE";"Ingestão de álcool pelo condutor";"Saída de leito carroçável";"Sem Vítimas";"Pleno dia";"Decrescente";"Céu Claro";"Simples";"Reta";"Não";1;0;0;0;1;0;0;1;-15,64508616;-56,15511411;"SPRF-MT";"DEL01-MT";"UOP02-DEL01-MT"
469827;2022-08-23;"terça-feira";"11:30:00";"MG";40;547;"NOVA LIMA";"Velocidade Incompatível";"Saída de leito carroçável";"Com Vítimas Feridas";"Pleno dia";"Decrescente";"Céu Claro";"Dupla";"Declive";"Sim";1;0;0;1;0;0;1;1;-20,02252424;-43,97026042;"SPRF-MG";"DEL01-MG";"UOP02-DEL01-MG"
469829;2022-08-23;"terça-feira";"12:00:00";"SC";480;128,8;"CHAPECO";"Ultrapassagem Indevida";"Colisão frontal";"Com Vítimas Feridas";"Pleno dia";"Decrescente";"Céu Claro";"Simples";"Aclive";"Sim";3;0;1;0;2;0;1;3;-27,03781899;-52,63432603;"SPRF-SC";"DEL07-SC";"UOP01-DEL07-SC"
469831;2022-08-23;"terça-feira";"07:40:00";"SC";101;117;"ITAJAI";"Manobra de mudança de faixa";"Colisão lateral mesmo sentido";"Sem Vítimas";"Pleno dia";"Crescente";"Céu Claro";"Múltipla";"Viaduto";"Sim";2;0;0;0;1;1;0;2;-26,88747187;-48,72252969;"SPRF-SC";"DEL04-SC";"UOP04-DEL04-SC"
469832;2022-08-23;"terça-feira";"12:10:00";"AL";104;54;"MURICI";"Reação tardia ou ineficiente do condutor";"Tombamento";"Com Vítimas Feridas";"Pleno dia";"Decrescente";"Chuva";"Simples";"Curva";"Não";1;0;1;0;0;0;1;1;-9,28242102;-35,96280407;"SPRF-AL";"DEL01-AL";"UOP02-DEL01-AL"
469834;2022-08-04;"quinta-feira";"14:18:00";"PR";376;659;"TIJUCAS DO SUL";"Falta de elemento de contenção que evite a saída do leito carroçável";"Colisão lateral mesmo sentido";"Com Vítimas Feridas";"Pleno dia";"Crescente";"Céu Claro";"Dupla";"Declive";"Não";2;0;1;0;0;1;1;2;-25,8497383;-49,01288607;"SPRF-PR";"DEL01-PR";"UOP04-DEL01-PR"
469837;2022-08-23;"terça-feira";"12:15:00";"RJ";116;312,5;"ITATIAIA";"Reação tardia ou ineficiente do condutor";"Colisão traseira";"Com Vítimas Feridas";"Pleno dia";"Decrescente";"Sol";"Dupla";"Reta";"Não";2;0;0;1;1;0;1;2;-22,46068623;-44,45262504;"SPRF-RJ";"DEL07-RJ";"UOP02-DEL07-RJ"
469839;2022-08-23;"terça-feira";"12:28:00";"MG";50;173;"UBERABA";"Ausência de reação do condutor";"Colisão lateral mesmo sentido";"Com Vítimas Feridas";"Pleno dia";"Decrescente";"Céu Claro";"Dupla";"Reta";"Sim";2;0;1;0;0;1;1;2;-19,7624352;-47,97701547;"SPRF-MG";"DEL13-MG";"UOP01-DEL13-MG"
469840;2022-05-23;"segunda-feira";"22:30:00";"MA";316;349;"BACABAL";"Demais falhas mecânicas ou elétricas";"Saída de leito carroçável";"Com Vítimas Feridas";"Plena Noite";"Decrescente";"Céu Claro";"Simples";"Reta";"Não";8;0;6;1;1;0;7;1;-4,234299;-44,887196;"SPRF-MA";"DEL02-MA";"UOP01-DEL02-MA"
469842;2022-08-23;"terça-feira";"11:26:00";"GO";153;72;"PORANGATU";"Acessar a via sem observar a presença dos outros veículos";"Colisão transversal";"Com Vítimas Feridas";"Pleno dia";"Crescente";"Céu Claro";"Simples";"Declive";"Sim";3;0;1;0;2;0;1;2;-13,466893;-49,135838;"SPRF-GO";"DEL07-GO";"UOP01-DEL07-GO"
469843;2022-08-23;"terça-feira";"13:15:00";"SC";101;146,8;"ITAPEMA";"Velocidade Incompatível";"Colisão transversal";"Com Vítimas Feridas";"Pleno dia";"Decrescente";"Garoa/Chuvisco";"Dupla";"Reta";"Sim";2;0;0;1;1;0;1;2;-27,08666525;-48,60955587;"SPRF-SC";"DEL04-SC";"UOP03-DEL04-SC"
469845;2022-08-23;"terça-feira";"12:21:00";"RO";364;344;"JI-PARANA";"Conversão proibida";"Colisão transversal";"Com Vítimas Feridas";"Pleno dia";"Decrescente";"Céu Claro";"Múltipla";"Interseção de Vias";"Sim";2;0;1;0;1;0;1;2;-10,87376391;-61,95256893;"SPRF-RO";"DEL02-RO";"UOP01-DEL02-RO"
469850;2022-08-23;"terça-feira";"08:39:00";"MG";381;709,4;"NEPOMUCENO";"Reação tardia ou ineficiente do condutor";"Saída de leito carroçável";"Com Vítimas Feridas";"Pleno dia";"Decrescente";"Céu Claro";"Dupla";"Aclive;Curva";"Não";3;0;1;0;2;0;1;1;-21,350089;-45,179753;"SPRF-MG";"DEL04-MG";"UOP02-DEL04-MG"
469851;2022-08-23;"terça-feira";"14:00:00";"RS";158;566;"SANTANA DO LIVRAMENTO";"Desrespeitar a preferência no cruzamento";"Colisão transversal";"Com Vítimas Feridas";"Pleno dia";"Crescente";"Sol";"Simples";"Rotatória";"Sim";2;0;0;2;0;0;2;2;-30,88086481;-55,50930262;"SPRF-RS";"DEL11-RS";"UOP01-DEL11-RS"
469854;2022-08-23;"terça-feira";"14:40:00";"PR";277;730;"FOZ DO IGUACU";"Acessar a via sem observar a presença dos outros veículos";"Colisão lateral mesmo sentido";"Com Vítimas Feridas";"Pleno dia";"Decrescente";"Céu Claro";"Simples";"Curva";"Sim";2;0;1;0;0;1;1;2;-25,50826305;-54,59238593;"SPRF-PR";"DEL05-PR";"UOP03-DEL05-PR"
469856;2022-07-08;"sexta-feira";"06:20:00";"RS";470;232;"CARLOS BARBOSA";"Reação tardia ou ineficiente do condutor";"Saída de leito carroçável";"Com Vítimas Feridas";"Plena Noite";"Decrescente";"Chuva";"Simples";"Aclive;Curva";"Não";1;0;0;1;0;0;1;1;-29,29758989;-51,48234129;"SPRF-RS";"DEL06-RS";"UOP01-DEL06-RS"
469857;2022-04-04;"segunda-feira";"16:00:00";"MG";116;414;"GOVERNADOR VALADARES";"Condutor deixou de manter distância do veículo da frente";"Colisão traseira";"Com Vítimas Feridas";"Pleno dia";"Decrescente";"Céu Claro";"Simples";"Ponte";"Sim";3;0;1;0;2;0;1;2;-18,88419861;-41,95163727;"SPRF-MG";"DEL06-MG";"UOP01-DEL06-MG"
469858;2022-08-23;"terça-feira";"13:30:00";"PB";230;142,2;"CAMPINA GRANDE";"Manobra de mudança de faixa";"Colisão lateral mesmo sentido";"Com Vítimas Feridas";"Pleno dia";"Crescente";"Chuva";"Dupla";"Aclive;Reta";"Não";2;0;1;0;1;0;1;2;-7,255948;-35,821023;"SPRF-PB";"DEL02-PB";"UOP01-DEL02-PB"
469860;2022-08-23;"terça-feira";"14:50:00";"RJ";101;65;"CAMPOS DOS GOYTACAZES";"Ausência de reação do condutor";"Colisão traseira";"Sem Vítimas";"Pleno dia";"Crescente";"Céu Claro";"Simples";"Reta";"Sim";2;0;0;0;2;0;0;2;-21,75371806;-41,344292;"SPRF-RJ";"DEL08-RJ";"UOP02-DEL08-RJ"
469861;2022-08-19;"sexta-feira";"22:10:00";"MG";0;0;"POUSO ALEGRE";"Velocidade Incompatível";"Colisão traseira";"Sem Vítimas";"Plena Noite";"Não Informado";"Céu Claro";"Simples";"Curva";"Sim";3;0;0;0;3;0;0;2;-22,238998;-45,890934;"SPRF-MG";"DEL16-MG";"UOP01-DEL16-MG"
469863;2022-08-23;"terça-feira";"14:31:00";"RJ";40;40,1;"AREAL";"Condutor Dormindo";"Colisão com objeto";"Com Vítimas Feridas";"Pleno dia";"Decrescente";"Sol";"Dupla";"Reta";"Não";1;0;1;0;0;0;1;1;-22,23901593;-43,10807783;"SPRF-RJ";"DEL05-RJ";"UOP02-DEL05-RJ"
469864;2022-08-23;"terça-feira";"14:30:00";"SC";101;221,6;"PALHOCA";"Condutor deixou de manter distância do veículo da frente";"Colisão traseira";"Com Vítimas Feridas";"Pleno dia";"Crescente";"Nublado";"Simples";"Declive";"Sim";2;0;1;0;1;0;1;2;-27,70012652;-48,66021182;"SPRF-SC";"DEL01-SC";"UOP02-DEL01-SC"