"id";"data_inversa";"dia_semana";"horario";"uf";"br";"km";"municipio";"causa_acidente";"tipo_acidente";"classificacao_acidente";"fase_dia";"sentido_via";"condicao_metereologica";"tipo_pista";"tracado_via";"uso_solo";"pessoas";"mortos";"feridos_leves";"feridos_graves";"ilesos";"ignorados";"feridos";"veiculos";"latitude";"longitude";"regional";"delegacia";"uop"
469866;2022-08-23;"terça-feira";"15:00:00";"SC";101;50;"JOINVILLE";"Reação tardia ou ineficiente do condutor";"Colisão traseira";"Com Vítimas Feridas";"Pleno dia";"Crescente";"Céu Claro";"Dupla";"Reta";"Não";2;0;1;0;1;0;1;2;-26,37546719;-48,85479619;"SPRF-SC";"DEL03-SC";"UOP01-DEL03-SC"
469867;2022-08-23;"terça-feira";"15:10:00";"MG";381;887,5;"ESTIVA";"Manobra de mudança de faixa";"Colisão lateral mesmo sentido";"Com Vítimas Feridas";"Pleno dia";"Crescente";"Céu Claro";"Dupla";"Curva";"Não";2;0;1;0;1;0;1;2;-22,56149195;-46,0408143;"SPRF-MG";"DEL16-MG";"UOP03-DEL16-MG"
469869;2022-08-23;"terça-feira";"15:00:00";"MG";50;162;"UBERABA";"Reação tardia ou ineficiente do condutor";"Queda de ocupante de veículo";"Com Vítimas Feridas";"Pleno dia";"Crescente";"Céu Claro";"Dupla";"Reta";"Não";1;0;1;0;0;0;1;1;-19,66776918;-47,99925448;"SPRF-MG";"DEL13-MG";"UOP01-DEL13-MG"
469872;2022-08-23;"terça-feira";"15:55:00";"SC";101;277;"IMBITUBA";"Reação tardia ou ineficiente do condutor";"Tombamento";"Com Vítimas Feridas";"Pleno dia";"Crescente";"Nublado";"Dupla";"Reta";"Não";1;0;1;0;0;0;1;1;-28,168016;-48,694226;"SPRF-SC";"DEL02-SC";"UOP03-DEL02-SC"
469873;2022-08-23;"terça-feira";"16:20:00";"PR";116;125;"FAZENDA RIO GRANDE";"Reação tardia ou ineficiente do condutor";"Colisão traseira";"Com Vítimas Feridas";"Pleno dia";"Decrescente";"Céu Claro";"Dupla";"Reta";"Sim";2;0;0;1;1;0;1;2;-25,59505309;-49,31630659;"SPRF-PR";"DEL01-PR";"UOP03-DEL01-PR"
469874;2022-08-23;"terça-feira";"14:50:00";"RN";304;181;"ANGICOS";"Ausência de reação do condutor";"Saída de leito carroçável";"Com Vítimas Fatais";"Pleno dia";"Crescente";"Céu Claro";"Simples";"Reta";"Não";5;1;2;2;0;0;4;1;-5,6905931;-36,329117;"SPRF-RN";"DEL01-RN";"UOP03-DEL01-RN"
469875;2022-08-23;"terça-feira";"16:40:00";"PA";230;111;"MARABA";"Condutor deixou de manter distância do veículo da frente";"Colisão com objeto";"Com Vítimas Feridas";"Pleno dia";"Crescente";"Sol";"Simples";"Reta";"Não";3;0;1;0;2;0;1;2;-5,37139594;-49,04004698;"SPRF-PA";"DEL03-PA";"UOP01-DEL03-PA"
469877;2022-08-23;"terça-feira";"16:29:00";"ES";101;269,9;"SERRA";"Manobra de mudança de faixa";"Colisão lateral mesmo sentido";"Com Vítimas Feridas";"Pleno dia";"Crescente";"Céu Claro";"Múltipla";"Reta";"Sim";3;0;1;0;2;0;1;3;-20,21740496;-40,26990578;"SPRF-ES";"DEL02-ES";"UOP01-DEL02-ES"
469878;2022-08-23;"terça-feira";"15:40:00";"PR";369;177;"ROLANDIA";"Reação tardia ou ineficiente do condutor";"Colisão lateral mesmo sentido";"Com Vítimas Feridas";"Pleno dia";"Crescente";"Céu Claro";"Simples";"Interseção de Vias;Reta";"Sim";2;0;2;0;0;0;2;2;-23,33682797;-51,38837814;"SPRF-PR";"DEL07-PR";"UOP01-DEL07-PR"
469883;2022-08-20;"sábado";"01:50:00";"RJ";101;495;"ANGRA DOS REIS";"Chuva";"Saída de leito carroçável";"Com Vítimas Feridas";"Plena Noite";"Decrescente";"Chuva";"Simples";"Curva";"Não";1;0;1;0;0;0;1;1;-22,93180313;-44,32178488;"SPRF-RJ";"DEL03-RJ";"UOP03-DEL03-RJ"
469884;2022-02-12;"sábado";"14:40:00";"PI";343;189;"PIRIPIRI";"Acessar a via sem observar a presença dos outros veículos";"Colisão traseira";"Sem Vítimas";"Pleno dia";"Crescente";"Céu Claro";"Simples";"Reta";"Não";2;0;0;0;2;0;0;2;-4,31367;-41,776325;"SPRF-PI";"DEL02-PI";"UOP01-DEL02-PI"
469886;2022-08-23;"terça-feira";"17:45:00";"SP";116;218;"GUARULHOS";"Reação tardia ou ineficiente do condutor";"Colisão traseira";"Com Vítimas Feridas";"Anoitecer";"Decrescente";"Céu Claro";"Múltipla";"Reta";"Sim";2;0;1;0;1;0;1;2;-23,457972;-46,479927;"SPRF-SP";"DEL01-SP";"UOP01-DEL01-SP"
469887;2022-08-23;"terça-feira";"16:00:00";"GO";20;92;"VILA BOA";"Reação tardia ou ineficiente do condutor";"Saída de leito carroçável";"Com Vítimas Feridas";"Pleno dia";"Decrescente";"Céu Claro";"Simples";"Reta";"Não";2;0;0;2;0;0;2;1;-15,005429;-47,035912;"SPRF-DF";"DEL02-DF";"UOP01-DEL02-DF"
469888;2022-08-23;"terça-feira";"15:54:00";"SC";280;28,4;"ARAQUARI";"Ausência de reação do condutor";"Colisão lateral mesmo sentido";"Com Vítimas Feridas";"Pleno dia";"Crescente";"Céu Claro";"Simples";"Reta";"Sim";2;0;1;0;1;0;1;2;-26,40450077;-48,74561031;"SPRF-SC";"DEL03-SC";"UOP03-DEL03-SC"
469889;2022-08-23;"terça-feira";"18:00:00";"PR";277;2;"PARANAGUA";"Reação tardia ou ineficiente do condutor";"Queda de ocupante de veículo";"Com Vítimas Feridas";"Anoitecer";"Crescente";"Nublado";"Dupla";"Reta";"Sim";1;0;1;0;0;0;1;1;-25,51066088;-48,51936936;"SPRF-PR";"DEL01-PR";"UOP05-DEL01-PR"
469890;2022-08-23;"terça-feira";"18:10:00";"MG";381;481,9;"BETIM";"Reação tardia ou ineficiente do condutor";"Engavetamento";"Com Vítimas Feridas";"Plena Noite";"Crescente";"Céu Claro";"Dupla";"Reta";"Sim";4;0;1;0;3;0;1;4;-19,95931561;-44,08825597;"SPRF-MG";"DEL01-MG";"UOP03-DEL01-MG"
469891;2022-08-23;"terça-feira";"17:30:00";"SC";101;137;"BALNEARIO CAMBORIU";"Entrada inopinada do pedestre";"Atropelamento de Pedestre";"Com Vítimas Feridas";"Pleno dia";"Crescente";"Chuva";"Simples";"Curva";"Sim";2;0;1;0;1;0;1;2;-27,0157238;-48,61192763;"SPRF-SC";"DEL04-SC";"UOP03-DEL04-SC"
469892;2022-08-23;"terça-feira";"17:55:00";"SE";235;10,8;"NOSSA SENHORA DO SOCORRO";"Acesso irregular";"Tombamento";"Com Vítimas Feridas";"Plena Noite";"Crescente";"Céu Claro";"Dupla";"Curva;Aclive";"Não";1;0;1;0;0;0;1;1;-10,879177;-37,147064;"SPRF-SE";"DEL01-SE";"UOP01-DEL01-SE"
469893;2022-08-23;"terça-feira";"18:20:00";"SP";116;155;"SAO JOSE DOS CAMPOS";"Reação tardia ou ineficiente do condutor";"Colisão traseira";"Com Vítimas Feridas";"Plena Noite";"Decrescente";"Céu Claro";"Dupla";"Reta";"Não";3;0;2;0;1;0;2;3;-23,24524337;-45,92772774;"SPRF-SP";"DEL02-SP";"UOP01-DEL02-SP"
469897;2022-08-23;"terça-feira";"18:50:00";"RS";386;343,4;"LAJEADO";"Acessar a via sem observar a presença dos outros veículos";"Colisão transversal";"Com Vítimas Feridas";"Anoitecer";"Crescente";"Céu Claro";"Simples";"Curva";"Sim";2;0;1;0;1;0;1;2;-29,434835;-52,002365;"SPRF-RS";"DEL04-RS";"UOP01-DEL04-RS"
469899;2022-08-23;"terça-feira";"16:35:00";"SC";282;515,2;"XAXIM";"Velocidade Incompatível";"Tombamento";"Com Vítimas Fatais";"Pleno dia";"Crescente";"Sol";"Simples";"Reta;Declive";"Não";3;1;0;0;0;2;0;2;-26,922499;-52,496156;"SPRF-SC";"DEL07-SC";"UOP01-DEL07-SC"
469900;2022-08-23;"terça-feira";"17:55:00";"RO";364;713;"PORTO VELHO";"Reação tardia ou ineficiente do condutor";"Saída de leito carroçável";"Com Vítimas Feridas";"Pleno dia";"Decrescente";"Céu Claro";"Dupla";"Curva";"Sim";1;0;1;0;0;0;1;1;-8,77331583;-63,87969248;"SPRF-RO";"DEL01-RO";"UOP01-DEL01-RO"
469901;2022-08-23;"terça-feira";"07:30:00";"SC";470;58;"BLUMENAU";"Condutor deixou de manter distância do veículo da frente";"Colisão lateral mesmo sentido";"Com Vítimas Feridas";"Pleno dia";"Crescente";"Nublado";"Simples";"Em Obras";"Sim";2;0;1;0;1;0;1;2;-26,883879;-49,145622;"SPRF-SC";"DEL04-SC";"UOP01-DEL04-SC"
469902;2022-08-15;"segunda-feira";"16:00:00";"PE";101;86,5;"JABOATAO DOS GUARARAPES";"Manobra de mudança de faixa";"Colisão lateral mesmo sentido";"Com Vítimas Feridas";"Pleno dia";"Decrescente";"Nublado";"Dupla";"Reta";"Sim";2;0;0;1;1;0;1;2;-8,188042;-34,97285;"SPRF-PE";"DEL01-PE";"UOP01-DEL01-PE"
469905;2022-08-23;"terça-feira";"16:20:00";"MG";116;416;"GOVERNADOR VALADARES";"Reação tardia ou ineficiente do condutor";"Queda de ocupante de veículo";"Com Vítimas Feridas";"Pleno dia";"Decrescente";"Ignorado";"Simples";"Reta";"Não";1;0;1;0;0;0;1;1;-18,89215187;-41,94699543;"SPRF-MG";"DEL06-MG";"UOP01-DEL06-MG"
469906;2022-08-23;"terça-feira";"18:37:00";"SE";101;74;"MARUIM";"Animais na Pista";"Atropelamento de Animal";"Com Vítimas Feridas";"Plena Noite";"Decrescente";"Céu Claro";"Simples";"Reta";"Não";1;0;0;1;0;0;1;1;-10,76273662;-37,11145231;"SPRF-SE";"DEL01-SE";"UOP01-DEL01-SE"
469907;2022-08-23;"terça-feira";"19:20:00";"PR";369;430,4;"JURANDA";"Ausência de reação do condutor";"Colisão traseira";"Com Vítimas Feridas";"Plena Noite";"Crescente";"Céu Claro";"Simples";"Declive";"Não";2;0;0;1;1;0;1;2;-24,4538;-52,8507;"SPRF-PR";"DEL04-PR";"UOP03-DEL04-PR"
469908;2022-08-23;"terça-feira";"14:30:00";"SC";470;28;"GASPAR";"Reação tardia ou ineficiente do condutor";"Saída de leito carroçável";"Com Vítimas Feridas";"Pleno dia";"Crescente";"Céu Claro";"Dupla";"Reta;Em Obras";"Não";2;0;2;0;0;0;2;1;-26,893761;-48,893917;"SPRF-SC";"DEL04-SC";"UOP01-DEL04-SC"
469910;2022-08-23;"terça-feira";"17:50:00";"SC";470;9,9;"NAVEGANTES";"Acessar a via sem observar a presença dos outros veículos";"Colisão transversal";"Com Vítimas Feridas";"Anoitecer";"Crescente";"Nublado";"Simples";"Interseção de Vias";"Sim";2;0;1;0;1;0;1;2;-26,83361603;-48,73631716;"SPRF-SC";"DEL04-SC";"UOP04-DEL04-SC"
469912;2022-08-23;"terça-feira";"19:20:00";"PR";376;175,7;"MARINGA";"Condutor deixou de manter distância do veículo da frente";"Colisão traseira";"Com Vítimas Feridas";"Plena Noite";"Crescente";"Céu Claro";"Dupla";"Interseção de Vias;Reta";"Sim";2;0;1;0;1;0;1;2;-23,4113569;-51,9407767;"SPRF-PR";"DEL09-PR";"UOP01-DEL09-PR"
469913;2022-08-23;"terça-feira";"16:20:00";"BA";101;596;"MASCOTE";"Acumulo de água sobre o pavimento";"Saída de leito carroçável";"Com Vítimas Feridas";"Pleno dia";"Decrescente";"Chuva";"Simples";"Curva";"Não";1;0;1;0;0;0;1;1;-15,66553085;-39,44192023;"SPRF-BA";"DEL05-BA";"UOP02-DEL05-BA"
469915;2022-08-23;"terça-feira";"18:20:00";"SC";470;22,2;"ILHOTA";"Velocidade Incompatível";"Saída de leito carroçável";"Sem Vítimas";"Anoitecer";"Decrescente";"Céu Claro";"Múltipla";"Curva";"Não";1;0;0;0;1;0;0;1;-26,880066;-48,836224;"SPRF-SC";"DEL04-SC";"UOP04-DEL04-SC"
469917;2022-08-23;"terça-feira";"20:15:00";"RS";392;352,8;"SANTA MARIA";"Desrespeitar a preferência no cruzamento";"Colisão transversal";"Com Vítimas Feridas";"Plena Noite";"Crescente";"Céu Claro";"Dupla";"Reta;Em Obras;Retorno Regulamentado";"Sim";3;0;2;0;1;0;2;2;-29,71787397;-53,80858898;"SPRF-RS";"DEL09-RS";"UOP01-DEL09-RS"
469919;2022-08-23;"terça-feira";"18:40:00";"MG";381;385;"SAO GONCALO DO RIO ABAIXO";"Velocidade Incompatível";"Saída de leito carroçável";"Com Vítimas Feridas";"Anoitecer";"Crescente";"Céu Claro";"Simples";"Reta";"Não";3;0;2;1;0;0;3;1;-19,80286099;-43,409962;"SPRF-MG";"DEL01-MG";"UOP01-DEL01-MG"
469920;2022-08-23;"terça-feira";"19:13:00";"PB";230;36;"SANTA RITA";"Pista Escorregadia";"Saída de leito carroçável";"Sem Vítimas";"Plena Noite";"Crescente";"Chuva";"Dupla";"Reta";"Sim";1;0;0;0;0;1;0;1;-7,1246;-34,9473;"SPRF-PB";"DEL01-PB";"UOP03-DEL01-PB"
469921;2022-08-23;"terça-feira";"20:00:00";"MA";10;256,7;"IMPERATRIZ";"Acessar a via sem observar a presença dos outros veículos";"Colisão transversal";"Com Vítimas Feridas";"Plena Noite";"Decrescente";"Céu Claro";"Simples";"Rotatória;Interseção de Vias;Reta";"Sim";3;0;1;0;2;0;1;2;-5,493353;-47,471929;"SPRF-MA";"DEL04-MA";"UOP01-DEL04-MA"
469922;2022-08-23;"terça-feira";"20:00:00";"PR";476;123;"CURITIBA";"Reação tardia ou ineficiente do condutor";"Colisão transversal";"Com Vítimas Feridas";"Plena Noite";"Decrescente";"Nublado";"Dupla";"Retorno Regulamentado";"Sim";2;0;1;0;1;0;1;2;-25,392904;-49,209557;"SPRF-PR";"DEL01-PR";"UOP01-DEL01-PR"
469925;2022-08-23;"terça-feira";"19:30:00";"PR";163;188,2;"SANTA TEREZA DO OESTE";"Condutor Dormindo";"Saída de leito carroçável";"Com Vítimas Feridas";"Plena Noite";"Crescente";"Céu Claro";"Dupla";"Reta";"Não";1;0;0;1;0;0;1;1;-25,11095399;-53,58828399;"SPRF-PR";"DEL05-PR";"UOP05-DEL05-PR"
469926;2022-08-23;"terça-feira";"17:30:00";"PR";277;506,5;"GUARANIACU";"Ausência de reação do condutor";"Saída de leito carroçável";"Com Vítimas Feridas";"Pleno dia";"Crescente";"Céu Claro";"Simples";"Reta;Aclive";"Não";1;0;0;1;0;0;1;1;-25,12528432;-52,74339351;"SPRF-PR";"DEL04-PR";"UOP01-DEL04-PR"
469927;2022-08-23;"terça-feira";"20:50:00";"PE";428;188,5;"PETROLINA";"Obstrução na via";"Saída de leito carroçável";"Com Vítimas Feridas";"Plena Noite";"Crescente";"Céu Claro";"Dupla";"Reta";"Sim";2;0;0;1;0;1;1;2;-9,376303;-40,495976;"SPRF-PE";"DEL06-PE";"UOP01-DEL06-PE"
469928;2022-08-23;"terça-feira";"19:00:00";"MG";116;687;"MURIAE";"Obras na pista";"Colisão com objeto";"Com Vítimas Feridas";"Plena Noite";"Crescente";"Céu Claro";"Simples";"Reta;Em Obras";"Não";1;0;1;0;0;0;1;1;-20,98417058;-42,35508442;"SPRF-MG";"DEL07-MG";"UOP02-DEL07-MG"
469929;2022-08-23;"terça-feira";"18:15:00";"PE";424;110;"GARANHUNS";"Transitar no acostamento";"Tombamento";"Com Vítimas Feridas";"Plena Noite";"Crescente";"Chuva";"Simples";"Reta";"Não";1;0;1;0;0;0;1;1;-9,00521103;-36,46951403;"SPRF-PE";"DEL03-PE";"UOP01-DEL03-PE"
469931;2022-08-23;"terça-feira";"17:40:00";"MT";163;750;"SORRISO";"Demais falhas mecânicas ou elétricas";"Incêndio";"Sem Vítimas";"Anoitecer";"Crescente";"Céu Claro";"Dupla";"Reta";"Não";1;0;0;0;1;0;0;1;-12,67193506;-55,79367178;"SPRF-MT";"DEL06-MT";"UOP01-DEL06-MT"
469932;2022-08-23;"terça-feira";"21:30:00";"PR";277;72;"SAO JOSE DOS PINHAIS";"Reação tardia ou ineficiente do condutor";"Colisão com objeto";"Com Vítimas Feridas";"Plena Noite";"Crescente";"Nublado";"Dupla";"Declive;Reta";"Não";4;0;2;1;1;0;3;2;-25,50233623;-49,14840639;"SPRF-PR";"DEL01-PR";"UOP01-DEL01-PR"
469933;2022-08-23;"terça-feira";"22:40:00";"PB";101;39,5;"MAMANGUAPE";"Ingestão de álcool pelo condutor";"Colisão com objeto";"Sem Vítimas";"Plena Noite";"Decrescente";"Chuva";"Dupla";"Reta";"Sim";1;0;0;0;1;0;0;1;-6,82975098;-35,13756194;"SPRF-PB";"DEL01-PB";"UOP04-DEL01-PB"
469935;2022-08-23;"terça-feira";"21:00:00";"MG";116;810;"ALEM PARAIBA";"Ausência de reação do condutor";"Saída de leito carroçável";"Com Vítimas Feridas";"Plena Noite";"Crescente";"Céu Claro";"Simples";"Curva";"Não";1;0;1;0;0;0;1;1;-21,8327779;-42,67715755;"SPRF-MG";"DEL07-MG";"UOP01-DEL07-MG"
469940;2022-08-23;"terça-feira";"22:03:00";"RS";116;246;"SAO LEOPOLDO";"Demais falhas mecânicas ou elétricas";"Colisão com objeto";"Com Vítimas Fatais";"Plena Noite";"Decrescente";"Céu Claro";"Dupla";"Curva";"Sim";5;1;0;0;4;0;0;4;-29,7604284;-51,15168929;"SPRF-RS";"DEL01-RS";"UOP02-DEL01-RS"
469941;2022-08-24;"quarta-feira";"00:00:00";"RS";116;235;"ESTANCIA VELHA";"Ingestão de álcool pelo condutor";"Saída de leito carroçável";"Sem Vítimas";"Plena Noite";"Crescente";"Nublado";"Simples";"Declive;Curva";"Sim";1;0;0;0;1;0;0;1;-29,66037586;-51,14386509;"SPRF-RS";"DEL01-RS";"UOP02-DEL01-RS"
469944;2022-08-24;"quarta-feira";"00:05:00";"RS";392;44,5;"RIO GRANDE";"Demais falhas mecânicas ou elétricas";"Saída de leito carroçável";"Sem Vítimas";"Plena Noite";"Crescente";"Céu Claro";"Dupla";"Reta";"Não";1;0;0;0;1;0;0;1;-31,92816308;-52,31293137;"SPRF-RS";"DEL07-RS";"UOP02-DEL07-RS"
469950;2022-08-24;"quarta-feira";"03:45:00";"PR";467;106,3;"CASCAVEL";"Ingestão de álcool pelo condutor";"Saída de leito carroçável";"Com Vítimas Feridas";"Plena Noite";"Crescente";"Céu Claro";"Dupla";"Curva";"Não";1;0;1;0;0;0;1;1;-24,9177;-53,4836;"SPRF-PR";"DEL04-PR";"UOP01-DEL04-PR"
469951;2022-08-24;"quarta-feira";"05:15:00";"ES";259;19,5;"JOAO NEIVA";"Ultrapassagem Indevida";"Colisão frontal";"Com Vítimas Fatais";"Amanhecer";"Crescente";"Céu Claro";"Simples";"Reta";"Não";3;1;1;1;0;0;2;2;-19,66055731;-40,45631938;"SPRF-ES";"DEL02-ES";"UOP01-DEL02-ES"
469957;2022-08-24;"quarta-feira";"07:26:00";"SP";153;61;"SAO JOSE DO RIO PRETO";"Avarias e/ou desgaste excessivo no pneu";"Colisão traseira";"Com Vítimas Feridas";"Pleno dia";"Crescente";"Céu Claro";"Dupla";"Reta";"Sim";2;0;0;1;1;0;1;2;-20,80502876;-49,35574909;"SPRF-SP";"DEL09-SP";"UOP01-DEL09-SP"
469958;2022-08-24;"quarta-feira";"07:33:00";"GO";60;118;"TEREZOPOLIS DE GOIAS";"Acessar a via sem observar a presença dos outros veículos";"Colisão transversal";"Com Vítimas Feridas";"Pleno dia";"Decrescente";"Céu Claro";"Dupla";"Interseção de Vias";"Sim";2;0;1;0;1;0;1;2;-16,4848;-49,0935;"SPRF-GO";"DEL01-GO";"UOP01-DEL01-GO"
469959;2022-08-24;"quarta-feira";"07:20:00";"SP";381;66;"MAIRIPORA";"Manobra de mudança de faixa";"Colisão lateral mesmo sentido";"Com Vítimas Feridas";"Pleno dia";"Crescente";"Nublado";"Dupla";"Reta";"Sim";2;0;1;0;1;0;1;2;-23,33226094;-46,57675379;"SPRF-SP";"DEL03-SP";"UOP01-DEL03-SP"
469960;2022-08-24;"quarta-feira";"07:30:00";"ES";101;303;"VIANA";"Ausência de reação do condutor";"Queda de ocupante de veículo";"Com Vítimas Feridas";"Amanhecer";"Crescente";"Céu Claro";"Dupla";"Reta";"Sim";2;0;2;0;0;0;2;1;-20,37695747;-40,44527144;"SPRF-ES";"DEL01-ES";"UOP01-DEL01-ES"
469961;2022-07-31;"domingo";"18:20:00";"SC";101;201;"SAO JOSE";"Trafegar com motocicleta (ou similar) entre as faixas";"Colisão lateral mesmo sentido";"Com Vítimas Feridas";"Plena Noite";"Crescente";"Nublado";"Múltipla";"Reta";"Sim";3;0;0;1;2;0;1;3;-27,54836599;-48,61977975;"SPRF-SC";"DEL01-SC";"UOP01-DEL01-SC"
469962;2022-08-24;"quarta-feira";"06:36:00";"RJ";116;212;"SEROPEDICA";"Pista Escorregadia";"Capotamento";"Com Vítimas Feridas";"Pleno dia";"Decrescente";"Nublado";"Dupla";"Curva";"Não";3;0;2;0;1;0;2;1;-22,71844298;-43,700897;"SPRF-RJ";"DEL01-RJ";"UOP03-DEL01-RJ"
469963;2022-08-24;"quarta-feira";"07:15:00";"PR";369;144,6;"LONDRINA";"Acessar a via sem observar a presença dos outros veículos";"Colisão transversal";"Com Vítimas Feridas";"Pleno dia";"Crescente";"Céu Claro";"Dupla";"Retorno Regulamentado";"Não";2;0;2;0;0;0;2;2;-23,29332811;-51,10767961;"SPRF-PR";"DEL07-PR";"UOP01-DEL07-PR"
469964;2022-08-24;"quarta-feira";"06:30:00";"RJ";101;474;"ANGRA DOS REIS";"Reação tardia ou ineficiente do condutor";"Queda de ocupante de veículo";"Com Vítimas Feridas";"Pleno dia";"Decrescente";"Céu Claro";"Simples";"Reta";"Sim";1;0;0;1;0;0;1;1;-22,99498627;-44,24919963;"SPRF-RJ";"DEL03-RJ";"UOP03-DEL03-RJ"
469966;2022-08-24;"quarta-feira";"07:05:00";"MA";222;671;"ACAILANDIA";"Reação tardia ou ineficiente do condutor";"Saída de leito carroçável";"Com Vítimas Feridas";"Pleno dia";"Decrescente";"Céu Claro";"Simples";"Reta";"Não";3;0;1;0;2;0;1;2;-4,9446;-47,471749;"SPRF-MA";"DEL04-MA";"UOP03-DEL04-MA"
469968;2022-08-24;"quarta-feira";"08:10:00";"RS";116;107;"ELDORADO DO SUL";"Reação tardia ou ineficiente do condutor";"Colisão transversal";"Com Vítimas Feridas";"Pleno dia";"Crescente";"Céu Claro";"Simples";"Reta";"Sim";2;0;1;0;0;1;1;2;-30,00331598;-51,30775094;"SPRF-RS";"DEL05-RS";"UOP01-DEL05-RS"
469969;2022-08-23;"terça-feira";"14:40:00";"MG";153;51;"MONTE ALEGRE DE MINAS";"Ausência de reação do condutor";"Saída de leito carroçável";"Com Vítimas Feridas";"Pleno dia";"Crescente";"Céu Claro";"Dupla";"Reta";"Não";1;0;1;0;0;0;1;1;-18,83093899;-49,08873404;"SPRF-MG";"DEL15-MG";"UOP03-DEL15-MG"
469971;2022-08-24;"quarta-feira";"08:00:00";"RJ";40;121;"DUQUE DE CAXIAS";"Chuva";"Queda de ocupante de veículo";"Com Vítimas Feridas";"Pleno dia";"Decrescente";"Chuva";"Múltipla";"Curva";"Não";1;0;1;0;0;0;1;1;-22,78185499;-43,28571273;"SPRF-RJ";"DEL01-RJ";"UOP01-DEL01-RJ"
469972;2022-08-24;"quarta-feira";"07:30:00";"RN";101;84,9;"NATAL";"Condutor deixou de manter distância do veículo da frente";"Colisão traseira";"Com Vítimas Feridas";"Pleno dia";"Crescente";"Chuva";"Simples";"Viaduto";"Sim";2;0;0;1;1;0;1;2;-5,774175;-35,2578;"SPRF-RN";"DEL02-RN";"UOP01-DEL02-RN"
469973;2022-08-24;"quarta-feira";"08:26:00";"RN";226;2;"NATAL";"Condutor deixou de manter distância do veículo da frente";"Colisão traseira";"Com Vítimas Feridas";"Pleno dia";"Decrescente";"Nublado";"Simples";"Reta";"Sim";2;0;1;0;1;0;1;2;-5,81364934;-35,2466547;"SPRF-RN";"DEL01-RN";"UOP02-DEL01-RN"
469974;2022-08-24;"quarta-feira";"07:00:00";"RS";470;254,9;"SALVADOR DO SUL";"Conversão proibida";"Colisão traseira";"Com Vítimas Feridas";"Pleno dia";"Decrescente";"Céu Claro";"Simples";"Curva";"Sim";2;0;1;0;1;0;1;2;-29,43372693;-51,50657237;"SPRF-RS";"DEL06-RS";"UOP01-DEL06-RS"
469977;2022-08-24;"quarta-feira";"07:10:00";"PR";116;108,2;"CURITIBA";"Reação tardia ou ineficiente do condutor";"Saída de leito carroçável";"Com Vítimas Feridas";"Pleno dia";"Crescente";"Nublado";"Dupla";"Reta";"Sim";1;0;0;1;0;0;1;1;-25,57147018;-49,19760597;"SPRF-PR";"DEL01-PR";"UOP06-DEL01-PR"
469981;2022-08-24;"quarta-feira";"09:00:00";"RS";116;2,7;"PORTO ALEGRE";"Manobra de mudança de faixa";"Colisão lateral mesmo sentido";"Com Vítimas Feridas";"Pleno dia";"Crescente";"Céu Claro";"Dupla";"Reta";"Sim";2;0;1;0;1;0;1;2;-29,99066428;-51,18417621;"SPRF-RS";"DEL01-RS";"UOP01-DEL01-RS"
469982;2022-08-24;"quarta-feira";"05:20:00";"BA";324;582;"CANDEIAS";"Reação tardia ou ineficiente do condutor";"Colisão traseira";"Com Vítimas Feridas";"Amanhecer";"Decrescente";"Céu Claro";"Dupla";"Reta";"Não";2;0;0;1;1;0;1;2;-12,60856603;-38,49390902;"SPRF-BA";"DEL01-BA";"UOP01-DEL01-BA"
469984;2022-08-24;"quarta-feira";"09:05:00";"RS";386;91,6;"PORTO ALEGRE";"Manobra de mudança de faixa";"Colisão lateral mesmo sentido";"Com Vítimas Feridas";"Pleno dia";"Crescente";"Céu Claro";"Dupla";"Reta";"Sim";2;0;1;0;1;0;1;2;-29,971378;-51,1690065;"SPRF-RS";"DEL08-RS";"UOP01-DEL08-RS"
469985;2022-08-20;"sábado";"09:05:00";"PA";316;120;"SANTA MARIA DO PARA";"Acessar a via sem observar a presença dos outros veículos";"Colisão traseira";"Sem Vítimas";"Pleno dia";"Crescente";"Céu Claro";"Simples";"Reta";"Sim";3;0;0;0;3;0;0;2;-1,31293404;-47,43460301;"SPRF-PA";"DEL01-PA";"UOP02-DEL01-PA"
469988;2022-06-09;"quinta-feira";"19:50:00";"GO";20;13,4;"FORMOSA";"Transitar na contramão";"Colisão frontal";"Com Vítimas Fatais";"Plena Noite";"Crescente";"Céu Claro";"Simples";"Curva";"Não";3;1;0;0;2;0;0;2;-15,569321;-47,240578;"SPRF-DF";"DEL02-DF";"UOP01-DEL02-DF"
469990;2022-08-24;"quarta-feira";"09:40:00";"PE";101;48,9;"ABREU E LIMA";"Condutor deixou de manter distância do veículo da frente";"Colisão traseira";"Com Vítimas Feridas";"Pleno dia";"Decrescente";"Céu Claro";"Múltipla";"Reta";"Sim";3;0;1;1;1;0;2;3;-7,89174705;-34,9033493;"SPRF-PE";"DEL01-PE";"UOP02-DEL01-PE"
469991;2022-08-24;"quarta-feira";"09:00:00";"ES";101;279,7;"SERRA";"Ausência de reação do condutor";"Colisão traseira";"Com Vítimas Feridas";"Pleno dia";"Crescente";"Sol";"Dupla";"Reta";"Sim";3;0;1;0;2;0;1;2;-20,218122;-40,339325;"SPRF-ES";"DEL02-ES";"UOP01-DEL02-ES"