"id";"data_inversa";"dia_semana";"horario";"uf";"br";"km";"municipio";"causa_acidente";"tipo_acidente";"classificacao_acidente";"fase_dia";"sentido_via";"condicao_metereologica";"tipo_pista";"tracado_via";"uso_solo";"pessoas";"mortos";"feridos_leves";"feridos_graves";"ilesos";"ignorados";"feridos";"veiculos";"latitude";"longitude";"regional";"delegacia";"uop"
470346;2022-08-26;"sexta-feira";"02:00:00";"MG";40;251,3;"SAO GONCALO DO ABAETE";"Ingestão de álcool pelo condutor";"Saída de leito carroçável";"Sem Vítimas";"Plena Noite";"Decrescente";"Céu Claro";"Simples";"Curva";"Não";1;0;0;0;1;0;0;1;-18,11896814;-45,43382097;"SPRF-MG";"DEL14-MG";"UOP02-DEL14-MG"
470348;2022-08-26;"sexta-feira";"08:30:00";"MG";267;130,1;"JUIZ DE FORA";"Ultrapassagem Indevida";"Colisão frontal";"Com Vítimas Feridas";"Pleno dia";"Decrescente";"Céu Claro";"Simples";"Reta";"Não";3;0;2;1;0;0;3;2;-21,75025131;-43,57819387;"SPRF-MG";"DEL05-MG";"UOP01-DEL05-MG"
470349;2022-08-26;"sexta-feira";"07:50:00";"RJ";40;113;"DUQUE DE CAXIAS";"Objeto estático sobre o leito carroçável";"Colisão com objeto";"Com Vítimas Feridas";"Pleno dia";"Crescente";"Céu Claro";"Múltipla";"Reta";"Sim";1;0;1;0;0;0;1;1;-22,70948502;-43,29040354;"SPRF-RJ";"DEL01-RJ";"UOP01-DEL01-RJ"
470351;2022-08-26;"sexta-feira";"09:05:00";"RS";101;14;"DOM PEDRO DE ALCANTARA";"Ausência de reação do condutor";"Capotamento";"Com Vítimas Feridas";"Pleno dia";"Decrescente";"Céu Claro";"Dupla";"Curva";"Não";2;0;1;0;1;0;1;1;-29,39862947;-49,85083421;"SPRF-RS";"DEL03-RS";"UOP02-DEL03-RS"
470352;2022-08-26;"sexta-feira";"08:36:00";"RO";364;18;"VILHENA";"Transitar na contramão";"Colisão frontal";"Com Vítimas Feridas";"Pleno dia";"Decrescente";"Céu Claro";"Simples";"Aclive";"Não";2;0;1;1;0;0;2;2;-12,728601;-60,178592;"SPRF-RO";"DEL04-RO";"UOP01-DEL04-RO"
470353;2022-08-26;"sexta-feira";"05:30:00";"RO";364;532;"ARIQUEMES";"Condutor deixou de manter distância do veículo da frente";"Colisão traseira";"Com Vítimas Feridas";"Amanhecer";"Crescente";"Céu Claro";"Simples";"Reta";"Não";2;0;1;0;1;0;1;2;-9,78054903;-63,0904921;"SPRF-RO";"DEL03-RO";"UOP01-DEL03-RO"
470355;2022-08-26;"sexta-feira";"08:30:00";"MG";381;484,4;"BETIM";"Ausência de reação do condutor";"Colisão lateral mesmo sentido";"Com Vítimas Feridas";"Pleno dia";"Decrescente";"Céu Claro";"Múltipla";"Reta";"Sim";2;0;1;0;0;1;1;2;-19,95785975;-44,09315586;"SPRF-MG";"DEL01-MG";"UOP03-DEL01-MG"
470356;2022-08-26;"sexta-feira";"09:00:00";"SC";282;154;"BOM RETIRO";"Reação tardia ou ineficiente do condutor";"Saída de leito carroçável";"Com Vítimas Feridas";"Pleno dia";"Crescente";"Céu Claro";"Simples";"Reta";"Não";2;0;1;0;1;0;1;1;-27,754395;-49,69775;"SPRF-SC";"DEL05-SC";"UOP01-DEL05-SC"
470359;2022-08-17;"quarta-feira";"12:00:00";"PR";163;155;"SANTA LUCIA";"Manobra de mudança de faixa";"Tombamento";"Com Vítimas Feridas";"Pleno dia";"Crescente";"Céu Claro";"Simples";"Reta";"Não";1;0;1;0;0;0;1;1;-25,3688508;-53,572966;"SPRF-PR";"DEL05-PR";"UOP05-DEL05-PR"
470360;2022-08-26;"sexta-feira";"09:40:00";"PR";369;161,5;"CAMBE";"Ausência de reação do condutor";"Colisão traseira";"Sem Vítimas";"Pleno dia";"Decrescente";"Sol";"Dupla";"Reta;Aclive";"Não";2;0;0;0;2;0;0;2;-23,28954399;-51,26289368;"SPRF-PR";"DEL07-PR";"UOP01-DEL07-PR"
470362;2022-08-26;"sexta-feira";"07:10:00";"MG";381;676,2;"PERDOES";"Acessar a via sem observar a presença dos outros veículos";"Colisão transversal";"Com Vítimas Feridas";"Pleno dia";"Crescente";"Céu Claro";"Simples";"Declive;Interseção de Vias";"Sim";2;0;1;0;1;0;1;2;-21,12375684;-45,09790729;"SPRF-MG";"DEL04-MG";"UOP02-DEL04-MG"
470363;2022-08-24;"quarta-feira";"21:00:00";"AM";174;909;"MANAUS";"Curva acentuada";"Saída de leito carroçável";"Com Vítimas Feridas";"Plena Noite";"Decrescente";"Chuva";"Simples";"Curva";"Não";2;0;2;0;0;0;2;1;-2,75345022;-60,04129328;"SPRF-AM";"DEL01-AM";"UOP01-DEL01-AM"
470364;2022-08-26;"sexta-feira";"07:40:00";"PB";412;68;"SERRA BRANCA";"Demais falhas mecânicas ou elétricas";"Colisão transversal";"Sem Vítimas";"Pleno dia";"Decrescente";"Céu Claro";"Simples";"Aclive";"Não";2;0;0;0;0;2;0;2;-7,458836;-36,60601;"SPRF-PB";"DEL02-PB";"UOP02-DEL02-PB"
470368;2022-08-26;"sexta-feira";"11:25:00";"MG";381;501;"BETIM";"Trafegar com motocicleta (ou similar) entre as faixas";"Colisão lateral mesmo sentido";"Com Vítimas Feridas";"Pleno dia";"Crescente";"Céu Claro";"Dupla";"Reta";"Sim";2;0;1;0;1;0;1;2;-20,01041;-44,2186;"SPRF-MG";"DEL01-MG";"UOP03-DEL01-MG"
470369;2022-08-26;"sexta-feira";"10:20:00";"MS";262;438,5;"DOIS IRMAOS DO BURITI";"Demais falhas mecânicas ou elétricas";"Tombamento";"Com Vítimas Feridas";"Pleno dia";"Crescente";"Céu Claro";"Simples";"Reta";"Não";2;0;2;0;0;0;2;1;-20,50961962;-55,34679213;"SPRF-MS";"DEL03-MS";"UOP01-DEL03-MS"
470373;2022-08-26;"sexta-feira";"11:40:00";"PR";376;175,3;"MARINGA";"Reação tardia ou ineficiente do condutor";"Colisão traseira";"Com Vítimas Feridas";"Pleno dia";"Decrescente";"Céu Claro";"Dupla";"Reta";"Sim";2;0;0;1;1;0;1;2;-23,41329996;-51,94681406;"SPRF-PR";"DEL09-PR";"UOP01-DEL09-PR"
470376;2022-08-26;"sexta-feira";"12:00:00";"RS";468;101;"TRES PASSOS";"Desrespeitar a preferência no cruzamento";"Colisão transversal";"Com Vítimas Feridas";"Pleno dia";"Crescente";"Sol";"Simples";"Reta";"Sim";2;0;1;1;0;0;2;2;-27,46864795;-53,9246319;"SPRF-RS";"DEL08-RS";"UOP02-DEL08-RS"
470377;2022-08-26;"sexta-feira";"09:30:00";"MT";364;201;"RONDONOPOLIS";"Reação tardia ou ineficiente do condutor";"Colisão lateral mesmo sentido";"Com Vítimas Feridas";"Pleno dia";"Crescente";"Céu Claro";"Dupla";"Reta";"Não";2;0;1;0;0;1;1;2;-16,491405;-54,646378;"SPRF-MT";"DEL02-MT";"UOP01-DEL02-MT"
470378;2022-08-26;"sexta-feira";"12:01:00";"GO";153;331,3;"JARAGUA";"Reação tardia ou ineficiente do condutor";"Capotamento";"Com Vítimas Feridas";"Pleno dia";"Crescente";"Céu Claro";"Simples";"Declive";"Não";1;0;1;0;0;0;1;1;-15,535299;-49,445675;"SPRF-GO";"DEL02-GO";"UOP02-DEL02-GO"
470381;2022-08-26;"sexta-feira";"07:40:00";"SP";116;136;"SAO JOSE DOS CAMPOS";"Ingestão de álcool pelo condutor";"Colisão com objeto";"Sem Vítimas";"Pleno dia";"Crescente";"Sol";"Dupla";"Reta;Rotatória";"Não";1;0;0;0;1;0;0;1;-23,14874471;-45,77863714;"SPRF-SP";"DEL02-SP";"UOP01-DEL02-SP"
470384;2022-08-26;"sexta-feira";"12:00:00";"MS";163;260;"DOURADOS";"Avarias e/ou desgaste excessivo no pneu";"Tombamento";"Com Vítimas Feridas";"Pleno dia";"Crescente";"Céu Claro";"Dupla";"Reta";"Não";2;0;2;0;0;0;2;1;-22,24489388;-54,77203018;"SPRF-MS";"DEL04-MS";"UOP01-DEL04-MS"
470385;2022-08-26;"sexta-feira";"11:20:00";"PI";316;1;"TERESINA";"Condutor deixou de manter distância do veículo da frente";"Colisão lateral mesmo sentido";"Com Vítimas Feridas";"Pleno dia";"Decrescente";"Céu Claro";"Simples";"Reta";"Sim";2;0;1;0;0;1;1;2;-5,12861853;-42,80706778;"SPRF-PI";"DEL01-PI";"UOP02-DEL01-PI"
470386;2022-08-26;"sexta-feira";"10:00:00";"RS";153;566,6;"BAGE";"Acumulo de água sobre o pavimento";"Capotamento";"Com Vítimas Feridas";"Pleno dia";"Decrescente";"Chuva";"Simples";"Curva";"Não";1;0;0;1;0;0;1;1;-31,3313077;-53,9868056;"SPRF-RS";"DEL11-RS";"UOP03-DEL11-RS"
470387;2022-08-26;"sexta-feira";"10:30:00";"SP";116;223;"GUARULHOS";"Reação tardia ou ineficiente do condutor";"Queda de ocupante de veículo";"Com Vítimas Feridas";"Pleno dia";"Crescente";"Nublado";"Múltipla";"Reta";"Sim";2;0;1;0;0;1;1;2;-23,47559815;-46,5246609;"SPRF-SP";"DEL01-SP";"UOP01-DEL01-SP"
470388;2022-08-26;"sexta-feira";"13:00:00";"PR";153;165,3;"VENTANIA";"Acessar a via sem observar a presença dos outros veículos";"Colisão frontal";"Com Vítimas Feridas";"Pleno dia";"Decrescente";"Céu Claro";"Simples";"Reta";"Não";2;0;1;0;1;0;1;2;-24,25730191;-50,24858714;"SPRF-PR";"DEL03-PR";"UOP02-DEL03-PR"
470389;2022-07-01;"sexta-feira";"15:50:00";"RS";290;87;"PORTO ALEGRE";"Carga excessiva e/ou mal acondicionada";"Tombamento";"Com Vítimas Feridas";"Pleno dia";"Crescente";"Céu Claro";"Dupla";"Reta";"Sim";1;0;0;1;0;0;1;1;-29,967838;-51,127197;"SPRF-RS";"DEL01-RS";"UOP01-DEL01-RS"
470390;2022-08-26;"sexta-feira";"10:50:00";"SC";116;255,1;"LAGES";"Ultrapassagem Indevida";"Saída de leito carroçável";"Com Vítimas Feridas";"Pleno dia";"Decrescente";"Céu Claro";"Simples";"Reta";"Não";3;0;0;1;1;1;1;3;-27,87404015;-50,40241986;"SPRF-SC";"DEL05-SC";"UOP02-DEL05-SC"
470394;2022-08-26;"sexta-feira";"12:40:00";"PE";232;409;"SERRA TALHADA";"Velocidade Incompatível";"Colisão traseira";"Com Vítimas Feridas";"Pleno dia";"Crescente";"Céu Claro";"Simples";"Reta";"Sim";2;0;1;0;1;0;1;2;-7,981944;-38,289467;"SPRF-PE";"DEL04-PE";"UOP01-DEL04-PE"
470396;2022-08-26;"sexta-feira";"10:40:00";"BA";101;664;"ITAPEBI";"Chuva";"Saída de leito carroçável";"Com Vítimas Feridas";"Pleno dia";"Decrescente";"Chuva";"Simples";"Curva";"Não";1;0;0;1;0;0;1;1;-15,96;-39,56;"SPRF-BA";"DEL09-BA";"UOP01-DEL09-BA"
470397;2022-08-26;"sexta-feira";"13:00:00";"RJ";101;438;"MANGARATIBA";"Acessar a via sem observar a presença dos outros veículos";"Colisão lateral mesmo sentido";"Sem Vítimas";"Pleno dia";"Crescente";"Céu Claro";"Simples";"Reta";"Sim";4;0;0;0;4;0;0;2;-22,9502606;-44,07417802;"SPRF-RJ";"DEL03-RJ";"UOP02-DEL03-RJ"
470398;2022-08-26;"sexta-feira";"12:30:00";"SC";0;0;"CHAPECO";"Frear bruscamente";"Colisão traseira";"Sem Vítimas";"Pleno dia";"Não Informado";"Céu Claro";"Dupla";"Curva";"Sim";3;0;0;0;3;0;0;2;-27,06827676;-52,62833856;"SPRF-SC";"DEL07-SC";"UOP01-DEL07-SC"
470399;2022-08-26;"sexta-feira";"09:30:00";"MA";135;125;"MIRANDA DO NORTE";"Reação tardia ou ineficiente do condutor";"Saída de leito carroçável";"Com Vítimas Feridas";"Pleno dia";"Crescente";"Céu Claro";"Simples";"Reta";"Não";1;0;1;0;0;0;1;1;-3,55196483;-44,58217131;"SPRF-MA";"DEL01-MA";"UOP02-DEL01-MA"
470400;2022-08-26;"sexta-feira";"13:10:00";"RS";386;111,5;"SARANDI";"Ingestão de álcool pelo condutor";"Colisão lateral sentido oposto";"Com Vítimas Feridas";"Pleno dia";"Crescente";"Céu Claro";"Simples";"Aclive;Reta";"Não";2;0;2;0;0;0;2;2;-27,813869;-53,043846;"SPRF-RS";"DEL08-RS";"UOP01-DEL08-RS"
470401;2022-08-26;"sexta-feira";"14:15:00";"RS";101;24;"TRES CACHOEIRAS";"Manobra de mudança de faixa";"Colisão lateral mesmo sentido";"Com Vítimas Feridas";"Pleno dia";"Crescente";"Céu Claro";"Dupla";"Reta";"Sim";2;0;1;0;1;0;1;2;-29,45065153;-49,91714085;"SPRF-RS";"DEL03-RS";"UOP02-DEL03-RS"
470403;2022-07-10;"domingo";"03:52:00";"GO";153;501;"GOIANIA";"Acessar a via sem observar a presença dos outros veículos";"Tombamento";"Com Vítimas Feridas";"Plena Noite";"Crescente";"Céu Claro";"Dupla";"Viaduto";"Sim";1;0;1;0;0;0;1;1;-16,70981412;-49,23131078;"SPRF-GO";"DEL01-GO";"UOP01-DEL01-GO"
470405;2022-08-26;"sexta-feira";"12:30:00";"PR";376;211,9;"MANDAGUARI";"Velocidade Incompatível";"Saída de leito carroçável";"Sem Vítimas";"Pleno dia";"Decrescente";"Sol";"Dupla";"Curva";"Não";1;0;0;0;0;1;0;1;-23,56411;-51,657597;"SPRF-PR";"DEL09-PR";"UOP01-DEL09-PR"
470406;2022-07-31;"domingo";"20:20:00";"SC";101;117;"ITAJAI";"Trafegar com motocicleta (ou similar) entre as faixas";"Colisão lateral mesmo sentido";"Com Vítimas Feridas";"Plena Noite";"Decrescente";"Céu Claro";"Múltipla";"Reta";"Sim";2;0;1;0;0;1;1;2;-26,88747187;-48,72252969;"SPRF-SC";"DEL04-SC";"UOP04-DEL04-SC"
470407;2022-08-26;"sexta-feira";"14:50:00";"SE";101;22;"MALHADA DOS BOIS";"Entrada inopinada do pedestre";"Atropelamento de Pedestre";"Com Vítimas Fatais";"Pleno dia";"Crescente";"Céu Claro";"Dupla";"Reta;Interseção de Vias";"Sim";2;1;0;0;1;0;0;2;-10,37817499;-36,91419305;"SPRF-SE";"DEL02-SE";"UOP02-DEL02-SE"
470408;2022-08-26;"sexta-feira";"13:50:00";"RS";116;248;"SAO LEOPOLDO";"Reação tardia ou ineficiente do condutor";"Colisão traseira";"Com Vítimas Feridas";"Pleno dia";"Decrescente";"Céu Claro";"Dupla";"Curva";"Sim";5;0;1;0;4;0;1;2;-29,77605895;-51,15508618;"SPRF-RS";"DEL01-RS";"UOP02-DEL01-RS"
470409;2022-08-19;"sexta-feira";"12:50:00";"RO";364;12;"VILHENA";"Manobra de mudança de faixa";"Colisão lateral mesmo sentido";"Sem Vítimas";"Pleno dia";"Crescente";"Céu Claro";"Dupla";"Reta";"Sim";4;0;0;0;4;0;0;4;-12,74370233;-60,12147609;"SPRF-RO";"DEL04-RO";"UOP01-DEL04-RO"
470410;2022-08-26;"sexta-feira";"12:10:00";"RJ";40;43,5;"AREAL";"Reação tardia ou ineficiente do condutor";"Colisão com objeto";"Com Vítimas Feridas";"Pleno dia";"Crescente";"Sol";"Dupla";"Curva";"Não";1;0;1;0;0;0;1;1;-22,2703824;-43,10902119;"SPRF-RJ";"DEL05-RJ";"UOP02-DEL05-RJ"
470411;2022-08-26;"sexta-feira";"15:16:00";"ES";101;298;"VIANA";"Reação tardia ou ineficiente do condutor";"Colisão lateral mesmo sentido";"Com Vítimas Feridas";"Pleno dia";"Decrescente";"Céu Claro";"Simples";"Reta";"Sim";2;0;1;0;1;0;1;2;-20,35403941;-40,41582769;"SPRF-ES";"DEL01-ES";"UOP01-DEL01-ES"
470412;2022-08-26;"sexta-feira";"15:00:00";"BA";116;823,2;"VITORIA DA CONQUISTA";"Acessar a via sem observar a presença dos outros veículos";"Colisão lateral mesmo sentido";"Com Vítimas Feridas";"Pleno dia";"Decrescente";"Sol";"Dupla";"Reta";"Sim";2;0;1;0;1;0;1;2;-14,852302;-40,848595;"SPRF-BA";"DEL08-BA";"UOP01-DEL08-BA"
470413;2022-08-26;"sexta-feira";"14:20:00";"SP";153;62,5;"SAO JOSE DO RIO PRETO";"Reação tardia ou ineficiente do condutor";"Engavetamento";"Sem Vítimas";"Pleno dia";"Crescente";"Céu Claro";"Dupla";"Reta;Aclive";"Sim";4;0;0;0;4;0;0;3;-20,816392;-49,357287;"SPRF-SP";"DEL09-SP";"UOP01-DEL09-SP"
470417;2022-08-26;"sexta-feira";"15:15:00";"SC";470;10;"NAVEGANTES";"Reação tardia ou ineficiente do condutor";"Colisão traseira";"Com Vítimas Feridas";"Pleno dia";"Decrescente";"Céu Claro";"Simples";"Reta";"Não";2;0;1;0;1;0;1;2;-26,833693;-48,73724;"SPRF-SC";"DEL04-SC";"UOP04-DEL04-SC"
470418;2022-08-26;"sexta-feira";"15:10:00";"SC";280;56,2;"GUARAMIRIM";"Reação tardia ou ineficiente do condutor";"Queda de ocupante de veículo";"Com Vítimas Feridas";"Pleno dia";"Crescente";"Sol";"Dupla";"Reta";"Sim";1;0;0;1;0;0;1;1;-26,47947677;-49,00298702;"SPRF-SC";"DEL03-SC";"UOP03-DEL03-SC"
470419;2022-08-26;"sexta-feira";"15:00:00";"ES";101;146;"LINHARES";"Acessar a via sem observar a presença dos outros veículos";"Colisão lateral mesmo sentido";"Com Vítimas Feridas";"Pleno dia";"Decrescente";"Nublado";"Dupla";"Reta";"Sim";3;0;0;1;2;0;1;2;-19,36990998;-40,06560718;"SPRF-ES";"DEL04-ES";"UOP01-DEL04-ES"
470420;2022-08-26;"sexta-feira";"15:00:00";"SP";116;225;"GUARULHOS";"Reação tardia ou ineficiente do condutor";"Colisão lateral mesmo sentido";"Com Vítimas Feridas";"Pleno dia";"Crescente";"Nublado";"Múltipla";"Reta";"Sim";4;0;1;0;3;0;1;3;-23,48586772;-46,54075317;"SPRF-SP";"DEL01-SP";"UOP01-DEL01-SP"
470421;2022-08-26;"sexta-feira";"15:30:00";"SC";101;195,4;"SAO JOSE";"Reação tardia ou ineficiente do condutor";"Colisão traseira";"Com Vítimas Feridas";"Pleno dia";"Crescente";"Céu Claro";"Múltipla";"Viaduto;Declive";"Sim";4;0;1;1;2;0;2;3;-27,5047092;-48,65010819;"SPRF-SC";"DEL01-SC";"UOP01-DEL01-SC"
470422;2022-08-26;"sexta-feira";"14:35:00";"RJ";40;119;"DUQUE DE CAXIAS";"Manobra de mudança de faixa";"Colisão traseira";"Com Vítimas Feridas";"Pleno dia";"Decrescente";"Céu Claro";"Múltipla";"Reta";"Sim";4;0;1;1;2;0;2;3;-22,77453629;-43,28583118;"SPRF-RJ";"DEL01-RJ";"UOP01-DEL01-RJ"
470423;2022-08-26;"sexta-feira";"09:19:00";"MG";381;573,6;"ITAGUARA";"Demais falhas mecânicas ou elétricas";"Incêndio";"Com Vítimas Feridas";"Pleno dia";"Crescente";"Céu Claro";"Dupla";"Reta";"Não";1;0;1;0;0;0;1;1;-20,46009378;-44,57276625;"SPRF-MG";"DEL04-MG";"UOP01-DEL04-MG"
470424;2022-08-10;"quarta-feira";"07:37:00";"PE";101;82;"JABOATAO DOS GUARARAPES";"Ausência de reação do condutor";"Colisão lateral mesmo sentido";"Com Vítimas Feridas";"Pleno dia";"Crescente";"Céu Claro";"Dupla";"Reta";"Sim";2;0;1;0;0;1;1;2;-8,17481116;-34,94284272;"SPRF-PE";"DEL01-PE";"UOP01-DEL01-PE"
470427;2022-08-26;"sexta-feira";"15:00:00";"PB";230;234,6;"JUAZEIRINHO";"Acessar a via sem observar a presença dos outros veículos";"Colisão transversal";"Com Vítimas Feridas";"Pleno dia";"Decrescente";"Céu Claro";"Simples";"Curva";"Sim";3;0;0;2;1;0;2;2;-7,0473;-36,5268;"SPRF-PB";"DEL02-PB";"UOP02-DEL02-PB"
470428;2022-08-26;"sexta-feira";"16:40:00";"RJ";101;480;"ANGRA DOS REIS";"Acessar a via sem observar a presença dos outros veículos";"Colisão lateral mesmo sentido";"Com Vítimas Feridas";"Pleno dia";"Crescente";"Céu Claro";"Simples";"Reta";"Não";2;0;0;1;1;0;1;2;-23,01331268;-44,28361913;"SPRF-RJ";"DEL03-RJ";"UOP03-DEL03-RJ"
470429;2022-08-26;"sexta-feira";"16:45:00";"SC";101;193;"BIGUACU";"Trafegar com motocicleta (ou similar) entre as faixas";"Colisão lateral mesmo sentido";"Com Vítimas Feridas";"Pleno dia";"Decrescente";"Céu Claro";"Dupla";"Reta";"Sim";2;0;1;0;1;0;1;2;-27,489574;-48,655914;"SPRF-SC";"DEL01-SC";"UOP01-DEL01-SC"
470430;2022-08-26;"sexta-feira";"14:30:00";"MS";158;114;"PARANAIBA";"Pista esburacada";"Tombamento";"Com Vítimas Feridas";"Pleno dia";"Decrescente";"Céu Claro";"Dupla";"Reta;Aclive";"Não";2;0;2;0;0;0;2;1;-19,82292705;-51,11442018;"SPRF-MS";"DEL08-MS";"UOP01-DEL08-MS"
470431;2022-08-26;"sexta-feira";"16:40:00";"BA";324;615;"SALVADOR";"Condutor deixou de manter distância do veículo da frente";"Colisão traseira";"Com Vítimas Feridas";"Pleno dia";"Crescente";"Nublado";"Dupla";"Reta";"Não";9;0;1;0;8;0;1;3;-12,87206398;-38,42746403;"SPRF-BA";"DEL01-BA";"UOP01-DEL01-BA"
470432;2022-04-18;"segunda-feira";"11:10:00";"RS";290;103,6;"PORTO ALEGRE";"Ausência de reação do condutor";"Engavetamento";"Com Vítimas Feridas";"Pleno dia";"Decrescente";"Céu Claro";"Dupla";"Ponte";"Sim";6;0;3;0;3;0;3;4;-29,99017;-51,265766;"SPRF-RS";"DEL02-RS";"UOP01-DEL02-RS"
470434;2022-08-26;"sexta-feira";"16:00:00";"SC";470;3;"NAVEGANTES";"Pista Escorregadia";"Tombamento";"Com Vítimas Feridas";"Pleno dia";"Decrescente";"Céu Claro";"Dupla";"Reta";"Sim";2;0;0;1;1;0;1;2;-26,861937;-48,681618;"SPRF-SC";"DEL04-SC";"UOP04-DEL04-SC"
470435;2022-08-26;"sexta-feira";"16:30:00";"PB";104;131,2;"QUEIMADAS";"Condutor deixou de manter distância do veículo da frente";"Colisão traseira";"Sem Vítimas";"Pleno dia";"Crescente";"Céu Claro";"Simples";"Reta";"Sim";2;0;0;0;1;1;0;2;-7,29900408;-35,89187256;"SPRF-PB";"DEL02-PB";"UOP03-DEL02-PB"
470436;2022-08-26;"sexta-feira";"17:00:00";"MG";40;606,6;"CONGONHAS";"Acessar a via sem observar a presença dos outros veículos";"Colisão transversal";"Com Vítimas Feridas";"Pleno dia";"Crescente";"Céu Claro";"Simples";"Interseção de Vias";"Sim";3;0;2;0;1;0;2;2;-20,47576786;-43,84285212;"SPRF-MG";"DEL05-MG";"UOP02-DEL05-MG"
470437;2022-08-26;"sexta-feira";"16:35:00";"GO";60;135;"GOIANIA";"Falta de elemento de contenção que evite a saída do leito carroçável";"Saída de leito carroçável";"Com Vítimas Feridas";"Pleno dia";"Crescente";"Céu Claro";"Dupla";"Declive";"Sim";1;0;1;0;0;0;1;1;-16,589;-49,1945;"SPRF-GO";"DEL01-GO";"UOP01-DEL01-GO"
470438;2022-08-26;"sexta-feira";"17:30:00";"RS";290;486,5;"ROSARIO DO SUL";"Mal súbito do condutor";"Colisão com objeto";"Com Vítimas Feridas";"Pleno dia";"Crescente";"Céu Claro";"Simples";"Reta";"Não";3;0;0;2;1;0;2;1;-30,240009;-54,982067;"SPRF-RS";"DEL11-RS";"UOP02-DEL11-RS"
470439;2022-08-26;"sexta-feira";"16:30:00";"SC";282;35;"AGUAS MORNAS";"Objeto estático sobre o leito carroçável";"Queda de ocupante de veículo";"Com Vítimas Feridas";"Pleno dia";"Crescente";"Céu Claro";"Simples";"Curva";"Não";1;0;0;1;0;0;1;1;-27,702084;-48,826664;"SPRF-SC";"DEL01-SC";"UOP03-DEL01-SC"
470440;2022-08-26;"sexta-feira";"17:40:00";"SP";116;62,1;"GUARATINGUETA";"Ausência de reação do condutor";"Colisão traseira";"Com Vítimas Feridas";"Pleno dia";"Decrescente";"Nublado";"Dupla";"Reta;Aclive";"Não";4;0;1;0;3;0;1;2;-22,80538606;-45,17236692;"SPRF-SP";"DEL08-SP";"UOP01-DEL08-SP"
470442;2022-08-26;"sexta-feira";"17:30:00";"SP";116;1,1;"QUELUZ";"Reação tardia ou ineficiente do condutor";"Capotamento";"Com Vítimas Feridas";"Pleno dia";"Decrescente";"Céu Claro";"Dupla";"Curva";"Não";1;0;1;0;0;0;1;1;-22,51857322;-44,70793587;"SPRF-SP";"DEL08-SP";"UOP02-DEL08-SP"
470443;2022-08-26;"sexta-feira";"17:40:00";"DF";40;4;"BRASILIA";"Trafegar com motocicleta (ou similar) entre as faixas";"Colisão lateral mesmo sentido";"Com Vítimas Feridas";"Anoitecer";"Crescente";"Céu Claro";"Dupla";"Reta";"Sim";2;0;1;0;1;0;1;2;-16,00877;-47,98303485;"SPRF-DF";"DEL01-DF";"UOP01-DEL01-DF"
470444;2022-08-26;"sexta-feira";"17:35:00";"RS";386;32;"FREDERICO WESTPHALEN";"Acessar a via sem observar a presença dos outros veículos";"Colisão transversal";"Com Vítimas Feridas";"Anoitecer";"Crescente";"Céu Claro";"Simples";"Reta";"Sim";2;0;0;1;1;0;1;2;-27,341396;-53,387527;"SPRF-RS";"DEL08-RS";"UOP02-DEL08-RS"
470445;2022-08-26;"sexta-feira";"17:20:00";"BA";110;2;"PAULO AFONSO";"Desrespeitar a preferência no cruzamento";"Colisão transversal";"Com Vítimas Feridas";"Anoitecer";"Crescente";"Céu Claro";"Simples";"Interseção de Vias";"Sim";3;0;1;0;2;0;1;2;-9,43813311;-38,20436677;"SPRF-BA";"DEL07-BA";"UOP01-DEL07-BA"
470446;2022-08-26;"sexta-feira";"17:30:00";"RJ";101;474;"ANGRA DOS REIS";"Ultrapassagem Indevida";"Colisão frontal";"Com Vítimas Feridas";"Pleno dia";"Crescente";"Céu Claro";"Simples";"Rotatória";"Não";2;0;1;0;1;0;1;2;-22,99498627;-44,24919963;"SPRF-RJ";"DEL03-RJ";"UOP03-DEL03-RJ"
470448;2022-08-26;"sexta-feira";"18:15:00";"SC";101;201,7;"SAO JOSE";"Manobra de mudança de faixa";"Colisão lateral mesmo sentido";"Com Vítimas Feridas";"Plena Noite";"Crescente";"Céu Claro";"Dupla";"Reta";"Sim";3;0;1;0;2;0;1;3;-27,54836599;-48,61977975;"SPRF-SC";"DEL01-SC";"UOP01-DEL01-SC"
470450;2022-08-26;"sexta-feira";"11:47:00";"SC";470;59,8;"BLUMENAU";"Ultrapassagem Indevida";"Tombamento";"Com Vítimas Feridas";"Pleno dia";"Decrescente";"Céu Claro";"Simples";"Aclive;Reta";"Sim";2;0;1;0;1;0;1;2;-26,88147232;-49,16413578;"SPRF-SC";"DEL04-SC";"UOP01-DEL04-SC"
470451;2022-08-26;"sexta-feira";"17:20:00";"PI";343;302;"ALTOS";"Demais falhas mecânicas ou elétricas";"Saída de leito carroçável";"Com Vítimas Feridas";"Pleno dia";"Decrescente";"Céu Claro";"Simples";"Reta";"Sim";2;0;1;1;0;0;2;1;-5,017174;-42,423988;"SPRF-PI";"DEL01-PI";"UOP03-DEL01-PI"
470452;2022-08-26;"sexta-feira";"17:25:00";"SC";282;580,9;"PINHALZINHO";"Reação tardia ou ineficiente do condutor";"Colisão lateral mesmo sentido";"Com Vítimas Feridas";"Pleno dia";"Decrescente";"Sol";"Simples";"Reta";"Sim";3;0;1;0;2;0;1;2;-26,832148;-52,994308;"SPRF-SC";"DEL07-SC";"UOP02-DEL07-SC"
470453;2022-08-26;"sexta-feira";"15:30:00";"MT";70;511;"CUIABA";"Demais falhas mecânicas ou elétricas";"Incêndio";"Com Vítimas Feridas";"Pleno dia";"Decrescente";"Céu Claro";"Simples";"Aclive";"Não";2;0;1;0;1;0;1;1;-15,65051022;-55,99823809;"SPRF-MT";"DEL01-MT";"UOP02-DEL01-MT"