"id";"data_inversa";"dia_semana";"horario";"uf";"br";"km";"municipio";"causa_acidente";"tipo_acidente";"classificacao_acidente";"fase_dia";"sentido_via";"condicao_metereologica";"tipo_pista";"tracado_via";"uso_solo";"pessoas";"mortos";"feridos_leves";"feridos_graves";"ilesos";"ignorados";"feridos";"veiculos";"latitude";"longitude";"regional";"delegacia";"uop"
470456;2022-08-02;"terça-feira";"19:20:00";"MS";163;322;"RIO BRILHANTE";"Demais Fenômenos da natureza";"Eventos atípicos";"Com Vítimas Feridas";"Plena Noite";"Decrescente";"Céu Claro";"Simples";"Reta";"Não";4;0;0;1;3;0;1;1;-21,79439392;-54,52604258;"SPRF-MS";"DEL02-MS";"UOP02-DEL02-MS"
470457;2022-08-26;"sexta-feira";"18:10:00";"PR";376;200;"MANDAGUARI";"Condutor deixou de manter distância do veículo da frente";"Colisão traseira";"Com Vítimas Feridas";"Plena Noite";"Crescente";"Céu Claro";"Dupla";"Reta";"Não";3;0;0;1;2;0;1;3;-23,50951388;-51,72140497;"SPRF-PR";"DEL09-PR";"UOP01-DEL09-PR"
470458;2022-08-26;"sexta-feira";"18:00:00";"SP";116;289;"ITAPECERICA DA SERRA";"Transitar no acostamento";"Colisão traseira";"Com Vítimas Feridas";"Anoitecer";"Decrescente";"Céu Claro";"Dupla";"Reta";"Sim";2;0;0;1;1;0;1;2;-23,71722073;-46,88107274;"SPRF-SP";"DEL04-SP";"UOP01-DEL04-SP"
470459;2022-08-26;"sexta-feira";"18:50:00";"RN";101;73,6;"NATAL";"Ingestão de álcool pelo condutor";"Colisão lateral mesmo sentido";"Com Vítimas Feridas";"Plena Noite";"Decrescente";"Céu Claro";"Simples";"Reta";"Não";3;0;0;2;1;0;2;2;-5,70687202;-35,26688397;"SPRF-RN";"DEL02-RN";"UOP01-DEL02-RN"
470461;2022-08-26;"sexta-feira";"18:00:00";"PB";104;133,4;"QUEIMADAS";"Reação tardia ou ineficiente do condutor";"Colisão traseira";"Com Vítimas Feridas";"Plena Noite";"Decrescente";"Céu Claro";"Simples";"Reta";"Sim";2;0;0;1;0;1;1;2;-7,31674795;-35,89500926;"SPRF-PB";"DEL02-PB";"UOP03-DEL02-PB"
470462;2022-08-26;"sexta-feira";"12:30:00";"GO";70;470;"ARAGARCAS";"Pedestre andava na pista";"Atropelamento de Pedestre";"Com Vítimas Feridas";"Pleno dia";"Crescente";"Céu Claro";"Dupla";"Reta";"Sim";3;0;1;0;1;1;1;2;-15,89808876;-52,20796758;"SPRF-GO";"DEL04-GO";"UOP01-DEL04-GO"
470463;2022-08-26;"sexta-feira";"19:00:00";"PB";230;148,1;"CAMPINA GRANDE";"Pista esburacada";"Tombamento";"Com Vítimas Feridas";"Plena Noite";"Crescente";"Céu Claro";"Dupla";"Reta";"Sim";1;0;1;0;0;0;1;1;-7,24063915;-35,8698678;"SPRF-PB";"DEL02-PB";"UOP01-DEL02-PB"
470466;2022-08-26;"sexta-feira";"17:00:00";"SC";153;99,1;"CONCORDIA";"Entrada inopinada do pedestre";"Atropelamento de Pedestre";"Com Vítimas Feridas";"Pleno dia";"Decrescente";"Céu Claro";"Simples";"Curva";"Não";2;0;1;0;1;0;1;2;-27,235508;-51,951069;"SPRF-SC";"DEL07-SC";"UOP04-DEL07-SC"
470467;2022-08-26;"sexta-feira";"18:07:00";"SE";235;37,3;"AREIA BRANCA";"Transitar na contramão";"Colisão frontal";"Com Vítimas Feridas";"Plena Noite";"Decrescente";"Garoa/Chuvisco";"Simples";"Reta";"Não";4;0;0;2;1;1;2;3;-10,769654;-37,337318;"SPRF-SE";"DEL01-SE";"UOP02-DEL01-SE"
470469;2022-08-26;"sexta-feira";"19:00:00";"ES";101;265;"SERRA";"Condutor deixou de manter distância do veículo da frente";"Colisão traseira";"Com Vítimas Feridas";"Plena Noite";"Decrescente";"Céu Claro";"Dupla";"Reta";"Sim";3;0;1;0;2;0;1;3;-20,1816849;-40,26536036;"SPRF-ES";"DEL02-ES";"UOP01-DEL02-ES"
470470;2022-08-26;"sexta-feira";"17:55:00";"MT";70;499;"CUIABA";"Acessar a via sem observar a presença dos outros veículos";"Colisão transversal";"Com Vítimas Feridas";"Anoitecer";"Decrescente";"Céu Claro";"Simples";"Rotatória";"Sim";2;0;1;0;1;0;1;2;-15,68569395;-55,91512398;"SPRF-MT";"DEL01-MT";"UOP02-DEL01-MT"
470473;2022-08-26;"sexta-feira";"18:20:00";"PE";408;33,5;"ALIANCA";"Transitar na contramão";"Colisão frontal";"Com Vítimas Fatais";"Plena Noite";"Crescente";"Céu Claro";"Simples";"Curva";"Não";3;1;0;0;2;0;0;2;-7,5940327;-35,24470263;"SPRF-PE";"DEL01-PE";"UOP02-DEL01-PE"
470474;2022-08-26;"sexta-feira";"17:50:00";"MG";153;49;"CANAPOLIS";"Animais na Pista";"Atropelamento de Animal";"Com Vítimas Feridas";"Anoitecer";"Crescente";"Céu Claro";"Dupla";"Reta";"Não";2;0;1;1;0;0;2;1;-18,81309302;-49,08638495;"SPRF-MG";"DEL15-MG";"UOP03-DEL15-MG"
470475;2022-08-26;"sexta-feira";"18:20:00";"MT";364;254;"JUSCIMEIRA";"Reação tardia ou ineficiente do condutor";"Saída de leito carroçável";"Com Vítimas Feridas";"Plena Noite";"Decrescente";"Céu Claro";"Dupla";"Reta";"Não";3;0;3;0;0;0;3;1;-16,08922789;-54,86945773;"SPRF-MT";"DEL02-MT";"UOP01-DEL02-MT"
470476;2022-08-26;"sexta-feira";"18:40:00";"AL";101;160,2;"CAMPO ALEGRE";"Velocidade Incompatível";"Saída de leito carroçável";"Com Vítimas Feridas";"Plena Noite";"Decrescente";"Céu Claro";"Dupla";"Curva";"Não";4;0;4;0;0;0;4;1;-9,90189971;-36,23754696;"SPRF-AL";"DEL02-AL";"UOP02-DEL02-AL"
470477;2022-08-26;"sexta-feira";"17:00:00";"RJ";40;73;"PETROPOLIS";"Manobra de mudança de faixa";"Colisão transversal";"Com Vítimas Feridas";"Pleno dia";"Crescente";"Vento";"Dupla";"Curva";"Não";6;0;2;0;4;0;2;2;-22,46352401;-43,22321103;"SPRF-RJ";"DEL06-RJ";"UOP01-DEL06-RJ"
470478;2022-08-26;"sexta-feira";"19:45:00";"GO";414;439;"ANAPOLIS";"Ingestão de álcool e/ou substâncias psicoativas pelo pedestre";"Atropelamento de Pedestre";"Com Vítimas Feridas";"Plena Noite";"Crescente";"Céu Claro";"Simples";"Reta";"Sim";2;0;0;1;1;0;1;2;-16,28396983;-48,94310209;"SPRF-GO";"DEL02-GO";"UOP01-DEL02-GO"
470481;2022-08-26;"sexta-feira";"17:40:00";"PI";343;589;"FLORIANO";"Reação tardia ou ineficiente do condutor";"Tombamento";"Com Vítimas Feridas";"Anoitecer";"Decrescente";"Céu Claro";"Dupla";"Reta";"Sim";1;0;0;1;0;0;1;1;-6,776695;-43,009346;"SPRF-PI";"DEL03-PI";"UOP01-DEL03-PI"
470482;2022-08-26;"sexta-feira";"15:30:00";"RJ";40;120;"DUQUE DE CAXIAS";"Condutor deixou de manter distância do veículo da frente";"Colisão traseira";"Com Vítimas Feridas";"Pleno dia";"Decrescente";"Céu Claro";"Dupla";"Reta";"Sim";3;0;2;0;1;0;2;2;-22,77280597;-43,28626763;"SPRF-RJ";"DEL01-RJ";"UOP01-DEL01-RJ"
470483;2022-08-26;"sexta-feira";"20:00:00";"RS";116;247;"SAO LEOPOLDO";"Trafegar com motocicleta (ou similar) entre as faixas";"Tombamento";"Com Vítimas Feridas";"Plena Noite";"Decrescente";"Céu Claro";"Dupla";"Curva";"Sim";2;0;1;0;1;0;1;2;-29,76733091;-51,1535296;"SPRF-RS";"DEL01-RS";"UOP02-DEL01-RS"
470484;2022-08-26;"sexta-feira";"20:20:00";"SC";101;197;"BIGUACU";"Manobra de mudança de faixa";"Colisão lateral mesmo sentido";"Com Vítimas Feridas";"Plena Noite";"Decrescente";"Garoa/Chuvisco";"Múltipla";"Reta";"Sim";2;0;1;0;1;0;1;2;-27,51844497;-48,63848496;"SPRF-SC";"DEL01-SC";"UOP01-DEL01-SC"
470485;2022-08-26;"sexta-feira";"20:30:00";"CE";116;501,9;"BREJO SANTO";"Acessar a via sem observar a presença dos outros veículos";"Colisão transversal";"Com Vítimas Feridas";"Plena Noite";"Crescente";"Céu Claro";"Simples";"Reta";"Sim";2;0;0;1;1;0;1;2;-7,45382915;-38,97311755;"SPRF-CE";"DEL05-CE";"UOP03-DEL05-CE"
470486;2022-08-26;"sexta-feira";"20:20:00";"RS";293;428,9;"QUARAI";"Acessar a via sem observar a presença dos outros veículos";"Colisão transversal";"Com Vítimas Feridas";"Plena Noite";"Crescente";"Nublado";"Simples";"Reta";"Não";3;0;0;2;1;0;2;2;-30,41793846;-56,38160016;"SPRF-RS";"DEL11-RS";"UOP01-DEL11-RS"
470487;2022-08-26;"sexta-feira";"19:10:00";"GO";20;191;"SIMOLANDIA";"Acessar a via sem observar a presença dos outros veículos";"Atropelamento de Pedestre";"Com Vítimas Feridas";"Plena Noite";"Crescente";"Céu Claro";"Simples";"Reta";"Não";2;0;1;0;1;0;1;2;-14,390564;-46,448238;"SPRF-DF";"DEL02-DF";"UOP03-DEL02-DF"
470488;2022-08-26;"sexta-feira";"19:50:00";"MS";163;259,6;"DOURADOS";"Ingestão de álcool pelo condutor";"Colisão traseira";"Com Vítimas Feridas";"Plena Noite";"Crescente";"Céu Claro";"Dupla";"Reta";"Sim";2;0;1;0;1;0;1;2;-22,25258409;-54,77697385;"SPRF-MS";"DEL04-MS";"UOP01-DEL04-MS"
470489;2022-08-26;"sexta-feira";"19:50:00";"PI";343;175;"PIRIPIRI";"Animais na Pista";"Atropelamento de Animal";"Com Vítimas Feridas";"Plena Noite";"Decrescente";"Céu Claro";"Simples";"Reta";"Não";1;0;1;0;0;0;1;1;-4,202044;-41,781467;"SPRF-PI";"DEL02-PI";"UOP01-DEL02-PI"
470490;2022-08-26;"sexta-feira";"21:00:00";"MG";40;282,8;"TRES MARIAS";"Ingestão de álcool pelo condutor";"Colisão lateral sentido oposto";"Sem Vítimas";"Plena Noite";"Decrescente";"Céu Claro";"Simples";"Reta";"Sim";3;0;0;0;3;0;0;2;-18,24923582;-45,20220684;"SPRF-MG";"DEL14-MG";"UOP02-DEL14-MG"
470491;2022-02-27;"domingo";"22:00:00";"RN";304;25;"MOSSORO";"Acesso irregular";"Colisão lateral sentido oposto";"Com Vítimas Feridas";"Plena Noite";"Decrescente";"Céu Claro";"Simples";"Reta";"Não";2;0;0;1;0;1;1;2;-5,07281407;-37,33179461;"SPRF-RN";"DEL04-RN";"UOP02-DEL04-RN"
470492;2022-08-26;"sexta-feira";"19:00:00";"PR";476;202,4;"LAPA";"Manobra de mudança de faixa";"Colisão frontal";"Com Vítimas Feridas";"Plena Noite";"Crescente";"Céu Claro";"Simples";"Reta";"Não";3;0;2;1;0;0;3;2;-25,77438;-49,755112;"SPRF-PR";"DEL02-PR";"UOP04-DEL02-PR"
470493;2022-08-20;"sábado";"11:10:00";"SC";101;172,2;"TIJUCAS";"Ausência de reação do condutor";"Colisão lateral mesmo sentido";"Com Vítimas Feridas";"Pleno dia";"Decrescente";"Céu Claro";"Dupla";"Reta";"Não";6;0;2;2;2;0;4;4;-27,31398818;-48,63155831;"SPRF-SC";"DEL04-SC";"UOP03-DEL04-SC"
470496;2022-08-26;"sexta-feira";"18:20:00";"PR";277;2,2;"PARANAGUA";"Transitar na contramão";"Colisão frontal";"Com Vítimas Feridas";"Plena Noite";"Crescente";"Nublado";"Simples";"Curva";"Sim";2;0;0;1;1;0;1;2;-25,53662;-48,556562;"SPRF-PR";"DEL01-PR";"UOP05-DEL01-PR"
470500;2022-08-26;"sexta-feira";"21:55:00";"RS";290;89,6;"PORTO ALEGRE";"Demais falhas mecânicas ou elétricas";"Queda de ocupante de veículo";"Com Vítimas Feridas";"Plena Noite";"Crescente";"Nublado";"Dupla";"Reta";"Sim";3;0;0;1;0;2;1;2;-29,967892;-51,147331;"SPRF-RS";"DEL01-RS";"UOP01-DEL01-RS"
470501;2022-08-26;"sexta-feira";"21:45:00";"PE";232;409;"SERRA TALHADA";"Entrada inopinada do pedestre";"Atropelamento de Pedestre";"Com Vítimas Feridas";"Plena Noite";"Decrescente";"Céu Claro";"Simples";"Aclive";"Sim";2;0;1;0;1;0;1;2;-7,981944;-38,289467;"SPRF-PE";"DEL04-PE";"UOP01-DEL04-PE"
470502;2022-08-26;"sexta-feira";"20:40:00";"AL";316;114;"CACIMBINHAS";"Ingestão de álcool e/ou substâncias psicoativas pelo pedestre";"Atropelamento de Pedestre";"Com Vítimas Feridas";"Plena Noite";"Crescente";"Céu Claro";"Simples";"Interseção de Vias";"Sim";2;0;2;0;0;0;2;2;-9,4046948;-36,99317598;"SPRF-AL";"DEL03-AL";"UOP01-DEL03-AL"
470503;2022-08-26;"sexta-feira";"20:50:00";"RJ";356;154;"CAMPOS DOS GOYTACAZES";"Ingestão de álcool pelo condutor";"Colisão transversal";"Com Vítimas Feridas";"Plena Noite";"Crescente";"Céu Claro";"Simples";"Reta";"Não";3;0;2;0;1;0;2;2;-21,7541204;-41,23034981;"SPRF-RJ";"DEL08-RJ";"UOP02-DEL08-RJ"
470504;2022-08-26;"sexta-feira";"20:15:00";"GO";60;63;"ABADIANIA";"Condutor Dormindo";"Saída de leito carroçável";"Com Vítimas Feridas";"Plena Noite";"Crescente";"Céu Claro";"Dupla";"Curva";"Não";1;0;1;0;0;0;1;1;-16,1936;-48,7279;"SPRF-GO";"DEL02-GO";"UOP01-DEL02-GO"
470505;2022-08-26;"sexta-feira";"20:40:00";"AL";316;244;"ATALAIA";"Ingestão de álcool pelo condutor";"Colisão transversal";"Com Vítimas Feridas";"Plena Noite";"Crescente";"Ignorado";"Simples";"Reta";"Sim";3;0;1;0;2;0;1;2;-9,51022028;-36,00471385;"SPRF-AL";"DEL01-AL";"UOP01-DEL01-AL"
470507;2022-08-26;"sexta-feira";"22:20:00";"RS";116;0;"PORTO ALEGRE";"Condutor deixou de manter distância do veículo da frente";"Colisão traseira";"Com Vítimas Feridas";"Plena Noite";"Crescente";"Céu Claro";"Dupla";"Reta";"Não";3;0;1;0;0;2;1;3;-29,97106321;-51,17682498;"SPRF-RS";"DEL05-RS";"UOP03-DEL05-RS"
470508;2022-08-26;"sexta-feira";"23:10:00";"BA";324;617;"SALVADOR";"Acesso irregular";"Colisão transversal";"Com Vítimas Feridas";"Plena Noite";"Decrescente";"Nublado";"Múltipla";"Interseção de Vias";"Sim";2;0;1;0;0;1;1;2;-12,8860325;-38,43806469;"SPRF-BA";"DEL01-BA";"UOP01-DEL01-BA"
470509;2022-08-26;"sexta-feira";"23:34:00";"GO";60;172;"GOIANIA";"Ausência de reação do condutor";"Colisão traseira";"Com Vítimas Feridas";"Plena Noite";"Decrescente";"Céu Claro";"Dupla";"Reta";"Sim";2;0;1;0;0;1;1;2;-16,738;-49,4076;"SPRF-GO";"DEL01-GO";"UOP02-DEL01-GO"
470510;2022-08-26;"sexta-feira";"23:00:00";"RJ";116;269;"BARRA MANSA";"Condutor Dormindo";"Tombamento";"Com Vítimas Feridas";"Plena Noite";"Crescente";"Céu Claro";"Simples";"Reta;Declive";"Não";1;0;1;0;0;0;1;1;-22,56238855;-44,15689091;"SPRF-RJ";"DEL07-RJ";"UOP02-DEL07-RJ"
470512;2022-08-26;"sexta-feira";"22:50:00";"PR";373;176,7;"PONTA GROSSA";"Entrada inopinada do pedestre";"Atropelamento de Pedestre";"Com Vítimas Fatais";"Plena Noite";"Decrescente";"Céu Claro";"Dupla";"Reta";"Sim";3;2;1;0;0;0;1;2;-25,05871;-50,222057;"SPRF-PR";"DEL03-PR";"UOP01-DEL03-PR"
470513;2022-08-26;"sexta-feira";"23:10:00";"SC";282;139;"BOM RETIRO";"Manobra de mudança de faixa";"Colisão frontal";"Com Vítimas Feridas";"Plena Noite";"Crescente";"Céu Claro";"Simples";"Declive";"Não";5;0;2;0;3;0;2;2;-27,825678;-49,585346;"SPRF-SC";"DEL05-SC";"UOP01-DEL05-SC"
470514;2022-08-26;"sexta-feira";"21:59:00";"MG";146;491;"POCOS DE CALDAS";"Ingestão de álcool pelo condutor";"Colisão com objeto";"Sem Vítimas";"Plena Noite";"Decrescente";"Céu Claro";"Simples";"Reta;Interseção de Vias";"Sim";1;0;0;0;1;0;0;1;-21,80718136;-46,4879179;"SPRF-MG";"DEL09-MG";"UOP01-DEL09-MG"
470515;2022-06-15;"quarta-feira";"22:30:00";"SC";470;59,9;"BLUMENAU";"Ultrapassagem Indevida";"Tombamento";"Com Vítimas Feridas";"Plena Noite";"Decrescente";"Ignorado";"Simples";"Reta";"Sim";1;0;1;0;0;0;1;1;-26,88090294;-49,1661528;"SPRF-SC";"DEL04-SC";"UOP01-DEL04-SC"
470517;2022-08-26;"sexta-feira";"22:40:00";"RJ";40;61,8;"PETROPOLIS";"Reação tardia ou ineficiente do condutor";"Colisão com objeto";"Com Vítimas Feridas";"Pleno dia";"Crescente";"Céu Claro";"Dupla";"Curva";"Sim";1;0;1;0;0;0;1;1;-22,40240833;-43,13786279;"SPRF-RJ";"DEL05-RJ";"UOP02-DEL05-RJ"
470518;2022-08-26;"sexta-feira";"22:25:00";"MG";116;763,3;"LEOPOLDINA";"Reação tardia ou ineficiente do condutor";"Capotamento";"Com Vítimas Feridas";"Plena Noite";"Decrescente";"Ignorado";"Dupla";"Reta";"Sim";1;0;1;0;0;0;1;1;-21,52635545;-42,63256914;"SPRF-MG";"DEL07-MG";"UOP01-DEL07-MG"
470520;2022-08-26;"sexta-feira";"21:50:00";"RS";471;175;"RIO PARDO";"Acessar a via sem observar a presença dos outros veículos";"Colisão transversal";"Com Vítimas Feridas";"Plena Noite";"Crescente";"Céu Claro";"Simples";"Interseção de Vias";"Sim";5;0;3;0;2;0;3;2;-29,99296512;-52,36843586;"SPRF-RS";"DEL02-RS";"UOP03-DEL02-RS"
470521;2022-08-26;"sexta-feira";"20:40:00";"SP";381;88;"SAO PAULO";"Ausência de reação do condutor";"Colisão traseira";"Com Vítimas Feridas";"Plena Noite";"Crescente";"Céu Claro";"Dupla";"Reta";"Sim";4;0;1;0;3;0;1;2;-23,450135;-46,564187;"SPRF-SP";"DEL03-SP";"UOP01-DEL03-SP"
470522;2022-08-27;"sábado";"00:20:00";"BA";324;2,5;"FEIRA DE SANTANA";"Ingestão de substâncias psicoativas pelo condutor";"Colisão traseira";"Sem Vítimas";"Plena Noite";"Crescente";"Céu Claro";"Dupla";"Reta";"Sim";3;0;0;0;3;0;0;3;-12,267113;-38,966988;"SPRF-BA";"DEL02-BA";"UOP01-DEL02-BA"
470523;2022-08-26;"sexta-feira";"23:40:00";"PR";369;125,9;"JATAIZINHO";"Reação tardia ou ineficiente do condutor";"Saída de leito carroçável";"Com Vítimas Feridas";"Plena Noite";"Crescente";"Céu Claro";"Dupla";"Curva";"Não";1;0;1;0;0;0;1;1;-23,282546;-50,956269;"SPRF-PR";"DEL07-PR";"UOP01-DEL07-PR"
470525;2022-08-27;"sábado";"00:55:00";"PE";232;413;"SERRA TALHADA";"Ingestão de álcool pelo condutor";"Saída de leito carroçável";"Com Vítimas Feridas";"Plena Noite";"Crescente";"Nublado";"Simples";"Reta";"Não";2;0;2;0;0;0;2;1;-7,98857087;-38,32972307;"SPRF-PE";"DEL04-PE";"UOP01-DEL04-PE"
470526;2022-08-27;"sábado";"01:00:00";"MG";40;523,2;"CONTAGEM";"Velocidade Incompatível";"Saída de leito carroçável";"Sem Vítimas";"Plena Noite";"Crescente";"Céu Claro";"Dupla";"Curva";"Sim";1;0;0;0;0;1;0;1;-19,86874894;-44,05962197;"SPRF-MG";"DEL01-MG";"UOP02-DEL01-MG"
470527;2022-08-27;"sábado";"01:20:00";"ES";101;71;"SAO MATEUS";"Acessar a via sem observar a presença dos outros veículos";"Colisão frontal";"Com Vítimas Feridas";"Plena Noite";"Crescente";"Céu Claro";"Simples";"Interseção de Vias";"Não";3;0;0;1;2;0;1;2;-18,753513;-39,862598;"SPRF-ES";"DEL04-ES";"UOP02-DEL04-ES"
470528;2022-08-26;"sexta-feira";"23:30:00";"PB";230;403,5;"POMBAL";"Transitar na contramão";"Colisão lateral sentido oposto";"Com Vítimas Feridas";"Plena Noite";"Crescente";"Céu Claro";"Simples";"Reta";"Não";4;0;0;1;3;0;1;3;-6,8002;-37,7771;"SPRF-PB";"DEL03-PB";"UOP02-DEL03-PB"
470531;2022-08-27;"sábado";"01:30:00";"MG";40;529;"CONTAGEM";"Ingestão de álcool pelo condutor";"Saída de leito carroçável";"Sem Vítimas";"Plena Noite";"Decrescente";"Céu Claro";"Dupla";"Reta";"Sim";1;0;0;0;1;0;0;1;-19,91635592;-44,03966566;"SPRF-MG";"DEL01-MG";"UOP02-DEL01-MG"
470532;2022-08-26;"sexta-feira";"19:00:00";"PA";316;32,2;"SANTA IZABEL DO PARA";"Acessar a via sem observar a presença dos outros veículos";"Colisão transversal";"Com Vítimas Feridas";"Plena Noite";"Decrescente";"Céu Claro";"Dupla";"Reta";"Não";2;0;1;0;0;1;1;2;-1,30798228;-48,21336896;"SPRF-PA";"DEL01-PA";"UOP01-DEL01-PA"
470533;2022-08-27;"sábado";"02:00:00";"PR";277;47;"MORRETES";"Ausência de reação do condutor";"Saída de leito carroçável";"Com Vítimas Feridas";"Amanhecer";"Decrescente";"Nevoeiro/Neblina";"Dupla";"Declive";"Não";1;0;0;1;0;0;1;1;-25,58937591;-48,87336932;"SPRF-PR";"DEL01-PR";"UOP01-DEL01-PR"
470534;2022-08-27;"sábado";"02:15:00";"SC";101;179;"GOVERNADOR CELSO RAMOS";"Ausência de reação do condutor";"Colisão traseira";"Com Vítimas Feridas";"Plena Noite";"Crescente";"Céu Claro";"Dupla";"Reta";"Sim";2;0;1;0;1;0;1;2;-27,37281717;-48,63322708;"SPRF-SC";"DEL01-SC";"UOP01-DEL01-SC"
470536;2022-08-27;"sábado";"00:20:00";"SP";116;6;"QUELUZ";"Reação tardia ou ineficiente do condutor";"Saída de leito carroçável";"Com Vítimas Feridas";"Plena Noite";"Crescente";"Céu Claro";"Dupla";"Reta";"Não";1;0;1;0;0;0;1;1;-22,53158181;-44,75374706;"SPRF-SP";"DEL08-SP";"UOP02-DEL08-SP"
470537;2022-08-27;"sábado";"03:00:00";"PI";343;338,7;"TERESINA";"Velocidade Incompatível";"Colisão com objeto";"Com Vítimas Feridas";"Plena Noite";"Decrescente";"Céu Claro";"Dupla";"Reta";"Sim";1;0;1;0;0;0;1;1;-5,063362;-42,722912;"SPRF-PI";"DEL01-PI";"UOP01-DEL01-PI"
470538;2022-08-27;"sábado";"03:40:00";"DF";70;10;"BRASILIA";"Manobra de mudança de faixa";"Colisão traseira";"Sem Vítimas";"Plena Noite";"Crescente";"Céu Claro";"Simples";"Reta";"Sim";3;0;0;0;3;0;0;2;-15,787066;-48,140709;"SPRF-DF";"DEL03-DF";"UOP02-DEL03-DF"
470539;2022-08-27;"sábado";"04:10:00";"SP";116;59;"GUARATINGUETA";"Manobra de mudança de faixa";"Colisão traseira";"Com Vítimas Feridas";"Plena Noite";"Crescente";"Céu Claro";"Dupla";"Aclive;Reta";"Sim";3;0;1;0;2;0;1;2;-22,78555649;-45,15339465;"SPRF-SP";"DEL08-SP";"UOP01-DEL08-SP"
470540;2022-08-27;"sábado";"04:00:00";"MG";116;277,8;"TEOFILO OTONI";"Acessar a via sem observar a presença dos outros veículos";"Colisão transversal";"Com Vítimas Feridas";"Amanhecer";"Crescente";"Céu Claro";"Dupla";"Interseção de Vias";"Sim";3;0;1;1;0;1;2;2;-17,859945;-41,515144;"SPRF-MG";"DEL11-MG";"UOP01-DEL11-MG"
470541;2022-08-26;"sexta-feira";"23:40:00";"PE";101;123,1;"ESCADA";"Condutor Dormindo";"Saída de leito carroçável";"Com Vítimas Fatais";"Plena Noite";"Crescente";"Garoa/Chuvisco";"Dupla";"Reta";"Não";1;1;0;0;0;0;0;1;-8,35963442;-35,20419694;"SPRF-PE";"DEL01-PE";"UOP03-DEL01-PE"
470542;2022-08-27;"sábado";"04:25:00";"RS";116;150;"CAXIAS DO SUL";"Ingestão de álcool pelo condutor";"Colisão com objeto";"Com Vítimas Feridas";"Plena Noite";"Decrescente";"Céu Claro";"Múltipla";"Curva";"Sim";1;0;1;0;0;0;1;1;-29,168428;-51,158337;"SPRF-RS";"DEL05-RS";"UOP01-DEL05-RS"
470543;2022-08-27;"sábado";"05:40:00";"RJ";116;270;"BARRA MANSA";"Reação tardia ou ineficiente do condutor";"Capotamento";"Sem Vítimas";"Amanhecer";"Crescente";"Céu Claro";"Simples";"Rotatória";"Sim";1;0;0;0;0;1;0;1;-22,5614772;-44,16791623;"SPRF-RJ";"DEL07-RJ";"UOP02-DEL07-RJ"
470545;2022-08-27;"sábado";"03:40:00";"MG";116;536,7;"SANTA RITA DE MINAS";"Reação tardia ou ineficiente do condutor";"Queda de ocupante de veículo";"Com Vítimas Feridas";"Plena Noite";"Decrescente";"Nublado";"Simples";"Curva";"Não";1;0;0;1;0;0;1;1;-19,85456068;-42,13977814;"SPRF-MG";"DEL06-MG";"UOP02-DEL06-MG"
470546;2022-08-27;"sábado";"04:40:00";"RS";116;265,1;"CANOAS";"Condutor deixou de manter distância do veículo da frente";"Colisão lateral mesmo sentido";"Sem Vítimas";"Plena Noite";"Decrescente";"Céu Claro";"Dupla";"Reta";"Sim";2;0;0;0;2;0;0;2;-29,92342302;-51,17780944;"SPRF-RS";"DEL01-RS";"UOP01-DEL01-RS"
470549;2022-08-27;"sábado";"03:50:00";"PR";277;589,2;"CASCAVEL";"Ingestão de álcool pelo condutor";"Saída de leito carroçável";"Com Vítimas Feridas";"Plena Noite";"Crescente";"Céu Claro";"Dupla";"Reta";"Sim";3;0;1;0;2;0;1;1;-24,9785503;-53,44932318;"SPRF-PR";"DEL04-PR";"UOP01-DEL04-PR"
470550;2022-08-27;"sábado";"03:00:00";"SP";116;56,4;"LORENA";"Ingestão de álcool pelo condutor";"Colisão traseira";"Com Vítimas Fatais";"Plena Noite";"Decrescente";"Céu Claro";"Dupla";"Reta";"Sim";2;1;0;0;1;0;0;2;-22,86406597;-45,10233343;"SPRF-SP";"DEL08-SP";"UOP02-DEL08-SP"
470551;2022-08-27;"sábado";"05:40:00";"SC";470;76,8;"INDAIAL";"Deficiência do Sistema de Iluminação/Sinalização";"Colisão traseira";"Com Vítimas Feridas";"Amanhecer";"Crescente";"Nublado";"Simples";"Reta";"Não";2;0;1;1;0;0;2;2;-26,933308;-49,287426;"SPRF-SC";"DEL04-SC";"UOP01-DEL04-SC"
470552;2022-08-27;"sábado";"06:10:00";"SC";101;120;"ITAJAI";"Reação tardia ou ineficiente do condutor";"Tombamento";"Com Vítimas Feridas";"Amanhecer";"Crescente";"Céu Claro";"Dupla";"Reta";"Sim";1;0;1;0;0;0;1;1;-26,912758;-48,711998;"SPRF-SC";"DEL04-SC";"UOP04-DEL04-SC"
470554;2022-08-26;"sexta-feira";"20:30:00";"RR";174;164;"RORAINOPOLIS";"Ausência de reação do condutor";"Colisão lateral mesmo sentido";"Com Vítimas Fatais";"Plena Noite";"Decrescente";"Céu Claro";"Dupla";"Reta";"Não";3;1;0;1;0;1;1;2;0,519947;-60,465286;"SPRF-RR";"DEL01-RR";"UOP01-DEL01-RR"
470555;2022-08-26;"sexta-feira";"21:50:00";"RJ";40;95;"DUQUE DE CAXIAS";"Reação tardia ou ineficiente do condutor";"Colisão com objeto";"Com Vítimas Feridas";"Plena Noite";"Crescente";"Céu Claro";"Dupla";"Curva";"Não";1;0;0;1;0;0;1;1;-22,56473883;-43,2702971;"SPRF-RJ";"DEL01-RJ";"UOP01-DEL01-RJ"