"id";"data_inversa";"dia_semana";"horario";"uf";"br";"km";"municipio";"causa_acidente";"tipo_acidente";"classificacao_acidente";"fase_dia";"sentido_via";"condicao_metereologica";"tipo_pista";"tracado_via";"uso_solo";"pessoas";"mortos";"feridos_leves";"feridos_graves";"ilesos";"ignorados";"feridos";"veiculos";"latitude";"longitude";"regional";"delegacia";"uop"
470556;2022-08-27;"sábado";"05:50:00";"RJ";116;123;"DUQUE DE CAXIAS";"Pedestre cruzava a pista fora da faixa";"Atropelamento de Pedestre";"Com Vítimas Feridas";"Amanhecer";"Decrescente";"Céu Claro";"Dupla";"Reta";"Sim";2;0;0;1;0;1;1;2;-22,80936795;-43,28865647;"SPRF-RJ";"DEL04-RJ";"UOP02-DEL04-RJ"
470558;2022-08-27;"sábado";"06:00:00";"PI";316;0,9;"TERESINA";"Condutor Dormindo";"Saída de leito carroçável";"Com Vítimas Feridas";"Pleno dia";"Crescente";"Sol";"Simples";"Reta";"Sim";1;0;0;1;0;0;1;1;-5,131168;-42,81564;"SPRF-PI";"DEL01-PI";"UOP02-DEL01-PI"
470561;2022-08-27;"sábado";"07:30:00";"PE";101;42;"IGARASSU";"Manobra de mudança de faixa";"Colisão traseira";"Com Vítimas Feridas";"Amanhecer";"Decrescente";"Sol";"Múltipla";"Reta";"Sim";2;0;1;0;1;0;1;2;-7,83887431;-34,91196739;"SPRF-PE";"DEL01-PE";"UOP02-DEL01-PE"
470562;2022-08-27;"sábado";"07:22:00";"SP";116;82,3;"ROSEIRA";"Demais falhas mecânicas ou elétricas";"Incêndio";"Sem Vítimas";"Pleno dia";"Decrescente";"Céu Claro";"Dupla";"Reta";"Não";2;0;0;0;2;0;0;1;-22,90918532;-45,31883185;"SPRF-SP";"DEL08-SP";"UOP01-DEL08-SP"
470563;2022-08-27;"sábado";"07:00:00";"RJ";101;433;"MANGARATIBA";"Acumulo de areia ou detritos sobre o pavimento";"Queda de ocupante de veículo";"Com Vítimas Feridas";"Pleno dia";"Crescente";"Céu Claro";"Simples";"Rotatória";"Sim";1;0;1;0;0;0;1;1;-22,93842518;-44,03644001;"SPRF-RJ";"DEL03-RJ";"UOP02-DEL03-RJ"
470564;2022-08-27;"sábado";"07:30:00";"RS";116;246;"SAO LEOPOLDO";"Reação tardia ou ineficiente do condutor";"Colisão traseira";"Sem Vítimas";"Pleno dia";"Crescente";"Céu Claro";"Dupla";"Reta";"Sim";2;0;0;0;2;0;0;2;-29,758751;-51,15186806;"SPRF-RS";"DEL01-RS";"UOP02-DEL01-RS"
470565;2022-08-27;"sábado";"06:15:00";"RJ";116;186;"NOVA IGUACU";"Ausência de reação do condutor";"Colisão traseira";"Com Vítimas Feridas";"Pleno dia";"Crescente";"Céu Claro";"Dupla";"Reta";"Não";3;0;1;0;2;0;1;2;-22,73962339;-43,46276495;"SPRF-RJ";"DEL01-RJ";"UOP02-DEL01-RJ"
470566;2022-08-27;"sábado";"08:05:00";"GO";153;494;"GOIANIA";"Objeto estático sobre o leito carroçável";"Colisão com objeto";"Com Vítimas Feridas";"Pleno dia";"Crescente";"Céu Claro";"Dupla";"Reta";"Sim";1;0;1;0;0;0;1;1;-16,6614;-49,2218;"SPRF-GO";"DEL01-GO";"UOP01-DEL01-GO"
470567;2022-08-27;"sábado";"06:30:00";"GO";60;173,5;"ABADIA DE GOIAS";"Ingestão de álcool pelo condutor";"Eventos atípicos";"Sem Vítimas";"Amanhecer";"Crescente";"Céu Claro";"Dupla";"Declive";"Não";2;0;0;0;2;0;0;1;-16,7423;-49,415;"SPRF-GO";"DEL01-GO";"UOP02-DEL01-GO"
470569;2022-08-26;"sexta-feira";"17:00:00";"MT";364;553,1;"ROSARIO OESTE";"Demais falhas mecânicas ou elétricas";"Eventos atípicos";"Sem Vítimas";"Pleno dia";"Crescente";"Céu Claro";"Simples";"Reta";"Não";1;0;0;0;1;0;0;1;-14,82615299;-56,43115328;"SPRF-MT";"DEL01-MT";"UOP01-DEL01-MT"
470570;2022-08-26;"sexta-feira";"13:00:00";"RJ";493;68;"NOVA IGUACU";"Ausência de reação do condutor";"Saída de leito carroçável";"Com Vítimas Feridas";"Pleno dia";"Decrescente";"Céu Claro";"Dupla";"Reta";"Não";2;0;1;0;1;0;1;1;-22,64226433;-43,52589935;"SPRF-RJ";"DEL01-RJ";"UOP03-DEL01-RJ"
470571;2022-08-27;"sábado";"08:30:00";"BA";101;437;"UBAITABA";"Velocidade Incompatível";"Saída de leito carroçável";"Com Vítimas Feridas";"Pleno dia";"Decrescente";"Nublado";"Simples";"Curva";"Não";2;0;1;0;1;0;1;1;-14,24035635;-39,32077492;"SPRF-BA";"DEL05-BA";"UOP01-DEL05-BA"
470573;2022-07-06;"quarta-feira";"16:30:00";"PR";376;601;"CURITIBA";"Trafegar com motocicleta (ou similar) entre as faixas";"Colisão traseira";"Com Vítimas Feridas";"Pleno dia";"Crescente";"Céu Claro";"Dupla";"Reta";"Sim";2;0;1;0;0;1;1;2;-25,53363997;-49,31840681;"SPRF-PR";"DEL01-PR";"UOP06-DEL01-PR"
470574;2022-08-27;"sábado";"08:30:00";"PE";428;192;"PETROLINA";"Manobra de mudança de faixa";"Colisão lateral mesmo sentido";"Com Vítimas Feridas";"Pleno dia";"Decrescente";"Sol";"Dupla";"Reta";"Sim";2;0;1;0;1;0;1;2;-9,38067769;-40,51113714;"SPRF-PE";"DEL06-PE";"UOP01-DEL06-PE"
470575;2022-08-27;"sábado";"08:50:00";"SC";101;211,6;"PALHOCA";"Estacionar ou parar em local proibido";"Colisão traseira";"Com Vítimas Feridas";"Pleno dia";"Crescente";"Céu Claro";"Múltipla";"Aclive;Reta";"Sim";3;0;1;1;1;0;2;2;-27,62329313;-48,65245588;"SPRF-SC";"DEL01-SC";"UOP02-DEL01-SC"
470576;2022-08-26;"sexta-feira";"14:00:00";"MA";316;298,5;"PIO XII";"Pista esburacada";"Colisão transversal";"Sem Vítimas";"Pleno dia";"Decrescente";"Céu Claro";"Dupla";"Reta";"Sim";2;0;0;0;2;0;0;2;-3,887748;-45,166355;"SPRF-MA";"DEL02-MA";"UOP01-DEL02-MA"
470578;2022-08-27;"sábado";"09:30:00";"SP";116;83,3;"ROSEIRA";"Reação tardia ou ineficiente do condutor";"Engavetamento";"Com Vítimas Feridas";"Pleno dia";"Decrescente";"Céu Claro";"Dupla";"Reta";"Não";5;0;2;0;2;1;2;3;-22,91346033;-45,32740983;"SPRF-SP";"DEL08-SP";"UOP01-DEL08-SP"
470583;2022-08-22;"segunda-feira";"01:47:00";"MS";158;322;"TRES LAGOAS";"Animais na Pista";"Atropelamento de Animal";"Com Vítimas Feridas";"Plena Noite";"Crescente";"Céu Claro";"Simples";"Reta";"Não";1;0;1;0;0;0;1;1;-21,11939191;-51,94700016;"SPRF-MS";"DEL07-MS";"UOP01-DEL07-MS"
470584;2022-08-27;"sábado";"09:00:00";"PR";163;86,9;"CAPANEMA";"Reação tardia ou ineficiente do condutor";"Colisão transversal";"Com Vítimas Feridas";"Pleno dia";"Decrescente";"Céu Claro";"Simples";"Reta";"Sim";3;0;1;0;2;0;1;2;-25,684616;-53,795025;"SPRF-PR";"DEL02-PR";"UOP02-DEL02-PR"
470585;2022-08-27;"sábado";"10:40:00";"SP";116;201;"ARUJA";"Demais falhas mecânicas ou elétricas";"Queda de ocupante de veículo";"Com Vítimas Feridas";"Pleno dia";"Decrescente";"Céu Claro";"Múltipla";"Reta";"Sim";2;0;2;0;0;0;2;1;-23,40362877;-46,33050107;"SPRF-SP";"DEL01-SP";"UOP01-DEL01-SP"
470586;2022-08-27;"sábado";"08:30:00";"RO";364;350;"JI-PARANA";"Acesso irregular";"Saída de leito carroçável";"Com Vítimas Feridas";"Pleno dia";"Crescente";"Céu Claro";"Simples";"Reta";"Não";1;0;1;0;0;0;1;1;-10,84541153;-61,99883268;"SPRF-RO";"DEL02-RO";"UOP01-DEL02-RO"
470587;2022-08-27;"sábado";"09:40:00";"RS";386;34;"FREDERICO WESTPHALEN";"Condutor deixou de manter distância do veículo da frente";"Colisão traseira";"Com Vítimas Feridas";"Pleno dia";"Crescente";"Céu Claro";"Dupla";"Interseção de Vias";"Sim";3;0;1;0;2;0;1;2;-27,358442;-53,388298;"SPRF-RS";"DEL08-RS";"UOP02-DEL08-RS"
470588;2022-08-27;"sábado";"10:30:00";"SC";101;327;"CAPIVARI DE BAIXO";"Demais falhas mecânicas ou elétricas";"Tombamento";"Com Vítimas Feridas";"Pleno dia";"Crescente";"Céu Claro";"Múltipla";"Reta";"Sim";1;0;1;0;0;0;1;1;-28,43023306;-48,95205197;"SPRF-SC";"DEL02-SC";"UOP01-DEL02-SC"
470591;2022-08-27;"sábado";"09:10:00";"BA";101;719;"EUNAPOLIS";"Acessar a via sem observar a presença dos outros veículos";"Colisão lateral mesmo sentido";"Com Vítimas Feridas";"Pleno dia";"Crescente";"Céu Claro";"Simples";"Reta;Rotatória;Interseção de Vias";"Sim";3;0;0;1;2;0;1;2;-16,37579459;-39,58125114;"SPRF-BA";"DEL09-BA";"UOP01-DEL09-BA"
470593;2022-08-27;"sábado";"09:55:00";"CE";304;45,4;"ARACATI";"Manobra de mudança de faixa";"Colisão lateral mesmo sentido";"Com Vítimas Feridas";"Pleno dia";"Decrescente";"Céu Claro";"Simples";"Reta";"Não";3;0;0;2;1;0;2;2;-4,57812347;-37,80669819;"SPRF-CE";"DEL03-CE";"UOP03-DEL03-CE"
470594;2022-08-27;"sábado";"10:00:00";"ES";262;95;"DOMINGOS MARTINS";"Acessar a via sem observar a presença dos outros veículos";"Colisão transversal";"Com Vítimas Feridas";"Pleno dia";"Decrescente";"Sol";"Simples";"Interseção de Vias";"Não";2;0;0;1;1;0;1;2;-20,3659225;-41,06040133;"SPRF-ES";"DEL01-ES";"UOP02-DEL01-ES"
470595;2022-08-27;"sábado";"11:10:00";"RJ";101;496;"ANGRA DOS REIS";"Demais falhas mecânicas ou elétricas";"Colisão traseira";"Com Vítimas Feridas";"Pleno dia";"Decrescente";"Sol";"Simples";"Reta";"Não";3;0;1;0;2;0;1;2;-22,92380194;-44,32287703;"SPRF-RJ";"DEL03-RJ";"UOP03-DEL03-RJ"
470597;2022-08-27;"sábado";"03:28:00";"BA";20;2;"CORRENTINA";"Manobra de mudança de faixa";"Colisão frontal";"Com Vítimas Fatais";"Plena Noite";"Crescente";"Ignorado";"Simples";"Reta";"Sim";6;2;0;2;2;0;2;2;-13,9445014;-46,1964368;"SPRF-BA";"DEL10-BA";"UOP01-DEL10-BA"
470598;2022-08-27;"sábado";"11:30:00";"MG";381;502,5;"BETIM";"Velocidade Incompatível";"Colisão traseira";"Com Vítimas Feridas";"Pleno dia";"Crescente";"Céu Claro";"Simples";"Reta;Declive";"Sim";2;0;1;0;1;0;1;2;-20,01938338;-44,22865033;"SPRF-MG";"DEL01-MG";"UOP03-DEL01-MG"
470602;2022-08-27;"sábado";"08:30:00";"PR";277;525;"GUARANIACU";"Ingestão de álcool pelo condutor";"Saída de leito carroçável";"Sem Vítimas";"Pleno dia";"Crescente";"Céu Claro";"Simples";"Curva";"Não";1;0;0;0;1;0;0;1;-25,09158433;-52,91662171;"SPRF-PR";"DEL04-PR";"UOP01-DEL04-PR"
470603;2022-08-27;"sábado";"11:40:00";"RS";116;149,1;"CAXIAS DO SUL";"Desrespeitar a preferência no cruzamento";"Colisão lateral mesmo sentido";"Com Vítimas Feridas";"Pleno dia";"Crescente";"Céu Claro";"Dupla";"Interseção de Vias";"Sim";4;0;2;0;2;0;2;2;-29,15996905;-51,15645292;"SPRF-RS";"DEL05-RS";"UOP01-DEL05-RS"
470604;2022-07-29;"sexta-feira";"09:00:00";"SC";101;211;"PALHOCA";"Reação tardia ou ineficiente do condutor";"Engavetamento";"Com Vítimas Feridas";"Pleno dia";"Decrescente";"Céu Claro";"Múltipla";"Reta";"Sim";1;0;1;0;0;0;1;1;-27,62329313;-48,65245588;"SPRF-SC";"DEL01-SC";"UOP02-DEL01-SC"
470606;2022-08-27;"sábado";"12:00:00";"ES";262;56,1;"MARECHAL FLORIANO";"Ingestão de álcool pelo condutor";"Colisão frontal";"Sem Vítimas";"Pleno dia";"Decrescente";"Céu Claro";"Dupla";"Reta";"Não";2;0;0;0;2;0;0;2;-20,41088387;-40,75519403;"SPRF-ES";"DEL01-ES";"UOP01-DEL01-ES"
470608;2022-08-27;"sábado";"13:20:00";"SC";101;213,4;"PALHOCA";"Acessar a via sem observar a presença dos outros veículos";"Colisão transversal";"Com Vítimas Feridas";"Pleno dia";"Decrescente";"Sol";"Múltipla";"Reta";"Sim";3;0;2;1;0;0;3;2;-27,63697369;-48,66514142;"SPRF-SC";"DEL01-SC";"UOP02-DEL01-SC"
470611;2022-08-27;"sábado";"13:40:00";"GO";153;187,8;"URUACU";"Transitar no acostamento";"Colisão lateral mesmo sentido";"Com Vítimas Feridas";"Pleno dia";"Crescente";"Céu Claro";"Simples";"Reta";"Não";3;0;0;3;0;0;3;2;-14,415308;-49,157261;"SPRF-GO";"DEL07-GO";"UOP02-DEL07-GO"
470616;2022-08-27;"sábado";"12:40:00";"PB";230;157,7;"CAMPINA GRANDE";"Acessar a via sem observar a presença dos outros veículos";"Colisão lateral mesmo sentido";"Com Vítimas Feridas";"Pleno dia";"Crescente";"Céu Claro";"Simples";"Reta";"Sim";2;0;2;0;0;0;2;2;-7,264;-35,9199;"SPRF-PB";"DEL02-PB";"UOP01-DEL02-PB"
470617;2022-08-27;"sábado";"13:50:00";"SC";101;177,6;"TIJUCAS";"Avarias e/ou desgaste excessivo no pneu";"Tombamento";"Com Vítimas Feridas";"Pleno dia";"Crescente";"Céu Claro";"Dupla";"Reta";"Não";2;0;1;1;0;0;2;1;-27,36087189;-48,63351345;"SPRF-SC";"DEL01-SC";"UOP01-DEL01-SC"
470618;2022-08-27;"sábado";"14:30:00";"RS";386;443,5;"CANOAS";"Manobra de mudança de faixa";"Colisão transversal";"Com Vítimas Feridas";"Pleno dia";"Crescente";"Céu Claro";"Dupla";"Reta";"Não";3;0;0;1;1;1;1;3;-29,889194;-51,213398;"SPRF-RS";"DEL01-RS";"UOP01-DEL01-RS"
470620;2022-08-27;"sábado";"14:00:00";"PR";116;33;"CAMPINA GRANDE DO SUL";"Condutor Dormindo";"Saída de leito carroçável";"Com Vítimas Feridas";"Pleno dia";"Crescente";"Céu Claro";"Dupla";"Curva";"Não";3;0;3;0;0;0;3;1;-25,1068163;-48,8493208;"SPRF-PR";"DEL01-PR";"UOP02-DEL01-PR"
470621;2022-08-27;"sábado";"14:40:00";"ES";262;168;"IBATIBA";"Ausência de reação do condutor";"Colisão lateral sentido oposto";"Com Vítimas Fatais";"Pleno dia";"Crescente";"Céu Claro";"Simples";"Curva";"Não";2;1;0;0;1;0;0;2;-20,26087618;-41,5684097;"SPRF-ES";"DEL01-ES";"UOP02-DEL01-ES"
470622;2022-08-27;"sábado";"13:40:00";"MG";262;62,5;"MATIPO";"Acumulo de areia ou detritos sobre o pavimento";"Saída de leito carroçável";"Com Vítimas Feridas";"Pleno dia";"Decrescente";"Nublado";"Simples";"Curva";"Não";3;0;1;1;0;1;2;2;-20,29261013;-42,22680397;"SPRF-MG";"DEL06-MG";"UOP03-DEL06-MG"
470623;2022-08-27;"sábado";"14:19:00";"PI";316;25;"DEMERVAL LOBAO";"Condutor deixou de manter distância do veículo da frente";"Colisão traseira";"Com Vítimas Feridas";"Pleno dia";"Crescente";"Céu Claro";"Simples";"Reta";"Não";2;0;1;0;1;0;1;2;-5,29544309;-42,71210611;"SPRF-PI";"DEL01-PI";"UOP02-DEL01-PI"
470624;2022-08-27;"sábado";"15:15:00";"RS";290;100;"PORTO ALEGRE";"Condutor deixou de manter distância do veículo da frente";"Colisão traseira";"Sem Vítimas";"Pleno dia";"Decrescente";"Céu Claro";"Dupla";"Reta";"Sim";7;0;0;0;7;0;0;2;-29,988646;-51,236553;"SPRF-RS";"DEL01-RS";"UOP01-DEL01-RS"
470626;2022-08-27;"sábado";"15:00:00";"RN";304;295;"MACAIBA";"Condutor deixou de manter distância do veículo da frente";"Colisão traseira";"Com Vítimas Feridas";"Pleno dia";"Crescente";"Céu Claro";"Simples";"Declive";"Não";4;0;1;0;3;0;1;2;-5,86605927;-35,35822096;"SPRF-RN";"DEL01-RN";"UOP02-DEL01-RN"
470627;2022-08-27;"sábado";"14:10:00";"MG";116;524,1;"CARATINGA";"Conversão proibida";"Colisão frontal";"Com Vítimas Feridas";"Pleno dia";"Crescente";"Céu Claro";"Simples";"Reta";"Sim";4;0;0;1;1;2;1;3;-19,76027352;-42,13398823;"SPRF-MG";"DEL06-MG";"UOP02-DEL06-MG"
470628;2022-08-26;"sexta-feira";"20:40:00";"RO";364;296;"PRESIDENTE MEDICI";"Ausência de reação do condutor";"Saída de leito carroçável";"Sem Vítimas";"Plena Noite";"Crescente";"Céu Claro";"Simples";"Curva";"Não";1;0;0;0;0;1;0;1;-11,280945;-61,90195;"SPRF-RO";"DEL02-RO";"UOP01-DEL02-RO"
470630;2022-08-27;"sábado";"15:50:00";"RS";468;127,3;"TIRADENTES DO SUL";"Acessar a via sem observar a presença dos outros veículos";"Colisão transversal";"Com Vítimas Feridas";"Pleno dia";"Crescente";"Céu Claro";"Simples";"Curva";"Não";3;0;0;1;2;0;1;2;-27,36874;-54,11476;"SPRF-RS";"DEL08-RS";"UOP02-DEL08-RS"
470631;2022-08-27;"sábado";"15:00:00";"PR";277;135;"BALSA NOVA";"Demais Fenômenos da natureza";"Incêndio";"Sem Vítimas";"Pleno dia";"Crescente";"Céu Claro";"Dupla";"Declive;Reta";"Sim";2;0;0;0;2;0;0;1;-25,480829;-49,677768;"SPRF-PR";"DEL03-PR";"UOP03-DEL03-PR"
470632;2022-08-27;"sábado";"16:10:00";"SP";116;75,3;"ROSEIRA";"Mal súbito do condutor";"Colisão com objeto";"Com Vítimas Feridas";"Pleno dia";"Decrescente";"Céu Claro";"Dupla";"Reta";"Não";2;0;1;0;1;0;1;1;-22,87521876;-45,26277018;"SPRF-SP";"DEL08-SP";"UOP01-DEL08-SP"
470634;2022-08-27;"sábado";"16:25:00";"PR";376;633;"SAO JOSE DOS PINHAIS";"Velocidade Incompatível";"Colisão com objeto";"Com Vítimas Feridas";"Pleno dia";"Crescente";"Céu Claro";"Simples";"Aclive";"Não";1;0;1;0;0;0;1;1;-25,72171791;-49,13663976;"SPRF-PR";"DEL01-PR";"UOP04-DEL01-PR"
470635;2022-08-27;"sábado";"15:25:00";"RJ";356;44;"ITAPERUNA";"Ausência de reação do condutor";"Saída de leito carroçável";"Com Vítimas Feridas";"Pleno dia";"Decrescente";"Nublado";"Simples";"Aclive;Reta";"Não";1;0;1;0;0;0;1;1;-21,22407961;-41,81063649;"SPRF-RJ";"DEL08-RJ";"UOP03-DEL08-RJ"
470636;2022-08-27;"sábado";"13:15:00";"GO";60;195,2;"GUAPO";"Velocidade Incompatível";"Colisão com objeto";"Sem Vítimas";"Pleno dia";"Decrescente";"Céu Claro";"Dupla";"Reta";"Não";1;0;0;0;1;0;0;1;-16,85527144;-49,59516048;"SPRF-GO";"DEL01-GO";"UOP02-DEL01-GO"
470637;2022-08-27;"sábado";"15:50:00";"MT";364;286,7;"JACIARA";"Demais falhas mecânicas ou elétricas";"Saída de leito carroçável";"Com Vítimas Feridas";"Pleno dia";"Decrescente";"Céu Claro";"Dupla";"Reta";"Não";2;0;2;0;0;0;2;1;-15,90151807;-55,056197;"SPRF-MT";"DEL05-MT";"UOP02-DEL05-MT"
470638;2022-08-27;"sábado";"16:46:00";"PE";101;60,3;"RECIFE";"Condutor deixou de manter distância do veículo da frente";"Colisão traseira";"Com Vítimas Feridas";"Anoitecer";"Crescente";"Chuva";"Dupla";"Declive;Curva";"Sim";3;0;1;0;2;0;1;3;-7,985797;-34,9324894;"SPRF-PE";"DEL01-PE";"UOP02-DEL01-PE"
470639;2022-08-27;"sábado";"16:30:00";"SP";381;16,3;"BRAGANCA PAULISTA";"Ausência de reação do condutor";"Saída de leito carroçável";"Com Vítimas Feridas";"Pleno dia";"Decrescente";"Céu Claro";"Dupla";"Aclive";"Não";1;0;1;0;0;0;1;1;-22,95797408;-46,48078972;"SPRF-SP";"DEL03-SP";"UOP01-DEL03-SP"
470645;2022-08-27;"sábado";"16:25:00";"SC";116;220;"CORREIA PINTO";"Desrespeitar a preferência no cruzamento";"Colisão transversal";"Com Vítimas Feridas";"Pleno dia";"Decrescente";"Céu Claro";"Simples";"Rotatória";"Não";2;0;1;0;1;0;1;2;-27,57771319;-50,36993036;"SPRF-SC";"DEL05-SC";"UOP03-DEL05-SC"
470647;2022-08-27;"sábado";"17:40:00";"PR";369;138,7;"IBIPORA";"Desrespeitar a preferência no cruzamento";"Colisão transversal";"Com Vítimas Feridas";"Pleno dia";"Decrescente";"Céu Claro";"Dupla";"Interseção de Vias";"Sim";3;0;1;1;1;0;2;2;-23,27382399;-51,0562402;"SPRF-PR";"DEL07-PR";"UOP01-DEL07-PR"
470649;2022-08-27;"sábado";"14:00:00";"RS";470;160;"NOVA PRATA";"Condutor deixou de manter distância do veículo da frente";"Colisão traseira";"Com Vítimas Feridas";"Pleno dia";"Crescente";"Céu Claro";"Simples";"Reta";"Não";3;0;0;1;1;1;1;3;-28,81066741;-51,60061401;"SPRF-RS";"DEL06-RS";"UOP02-DEL06-RS"
470650;2022-08-27;"sábado";"18:00:00";"SC";101;220;"PALHOCA";"Reação tardia ou ineficiente do condutor";"Capotamento";"Com Vítimas Feridas";"Plena Noite";"Crescente";"Céu Claro";"Dupla";"Reta";"Sim";2;0;1;0;0;1;1;1;-27,69198941;-48,66368358;"SPRF-SC";"DEL01-SC";"UOP02-DEL01-SC"
470651;2022-08-27;"sábado";"18:10:00";"AL";316;157,3;"PALMEIRA DOS INDIOS";"Transitar no acostamento";"Atropelamento de Pedestre";"Com Vítimas Fatais";"Plena Noite";"Decrescente";"Chuva";"Simples";"Reta";"Sim";2;1;0;0;1;0;0;2;-9,42635226;-36,6189263;"SPRF-AL";"DEL03-AL";"UOP01-DEL03-AL"
470652;2022-08-27;"sábado";"17:30:00";"PA";316;64;"CASTANHAL";"Acessar a via sem observar a presença dos outros veículos";"Atropelamento de Pedestre";"Com Vítimas Feridas";"Pleno dia";"Decrescente";"Céu Claro";"Dupla";"Reta";"Sim";3;0;1;0;0;2;1;3;-1,296434;-47,924502;"SPRF-PA";"DEL01-PA";"UOP01-DEL01-PA"
470653;2022-08-27;"sábado";"17:10:00";"RJ";393;298;"BARRA MANSA";"Ultrapassagem Indevida";"Colisão frontal";"Com Vítimas Feridas";"Anoitecer";"Crescente";"Céu Claro";"Simples";"Curva";"Não";5;0;2;3;0;0;5;2;-22,54313289;-44,11298586;"SPRF-RJ";"DEL07-RJ";"UOP02-DEL07-RJ"
470655;2022-08-27;"sábado";"17:30:00";"GO";158;224;"JATAI";"Ingestão de álcool pelo condutor";"Saída de leito carroçável";"Com Vítimas Feridas";"Pleno dia";"Decrescente";"Céu Claro";"Simples";"Reta";"Não";2;0;1;1;0;0;2;1;-17,51427902;-51,87879987;"SPRF-GO";"DEL05-GO";"UOP01-DEL05-GO"
470657;2022-08-27;"sábado";"18:30:00";"PR";376;240,5;"APUCARANA";"Ausência de reação do condutor";"Colisão traseira";"Com Vítimas Feridas";"Plena Noite";"Decrescente";"Céu Claro";"Dupla";"Declive";"Não";2;0;1;0;1;0;1;2;-23,58146135;-51,44187212;"SPRF-PR";"DEL07-PR";"UOP03-DEL07-PR"
470658;2022-08-27;"sábado";"18:20:00";"PE";101;63;"RECIFE";"Ingestão de álcool pelo condutor";"Colisão lateral mesmo sentido";"Com Vítimas Feridas";"Plena Noite";"Decrescente";"Chuva";"Múltipla";"Reta";"Sim";2;0;1;0;0;1;1;2;-8,00800604;-34,93756535;"SPRF-PE";"DEL01-PE";"UOP01-DEL01-PE"
470659;2022-08-27;"sábado";"18:40:00";"MG";354;753,8;"ITAMONTE";"Ingestão de álcool pelo condutor";"Colisão transversal";"Sem Vítimas";"Plena Noite";"Decrescente";"Céu Claro";"Simples";"Interseção de Vias";"Sim";2;0;0;0;2;0;0;2;-22,30074263;-44,86208652;"SPRF-MG";"DEL17-MG";"UOP01-DEL17-MG"
470661;2022-08-23;"terça-feira";"23:40:00";"RJ";101;328;"NITEROI";"Condutor deixou de manter distância do veículo da frente";"Colisão traseira";"Com Vítimas Feridas";"Plena Noite";"Crescente";"Céu Claro";"Múltipla";"Reta";"Sim";3;0;0;1;2;0;1;2;-22,87269563;-43,14228058;"SPRF-RJ";"DEL02-RJ";"UOP01-DEL02-RJ"
470662;2022-08-27;"sábado";"18:40:00";"MG";381;885,9;"ESTIVA";"Manobra de mudança de faixa";"Saída de leito carroçável";"Com Vítimas Feridas";"Plena Noite";"Crescente";"Céu Claro";"Dupla";"Curva";"Não";1;0;1;0;0;0;1;1;-22,50798831;-46,01699865;"SPRF-MG";"DEL16-MG";"UOP03-DEL16-MG"
470663;2022-08-27;"sábado";"18:10:00";"SE";235;5,8;"NOSSA SENHORA DO SOCORRO";"Ingestão de álcool pelo condutor";"Tombamento";"Com Vítimas Feridas";"Plena Noite";"Decrescente";"Nublado";"Dupla";"Reta";"Não";1;0;1;0;0;0;1;1;-10,903851;-37,128677;"SPRF-SE";"DEL01-SE";"UOP01-DEL01-SE"
470664;2022-08-27;"sábado";"16:30:00";"SC";280;19;"SAO FRANCISCO DO SUL";"Pista esburacada";"Queda de ocupante de veículo";"Com Vítimas Feridas";"Pleno dia";"Decrescente";"Céu Claro";"Simples";"Reta";"Não";2;0;2;0;0;0;2;1;-26,3693676;-48,67221803;"SPRF-SC";"DEL03-SC";"UOP03-DEL03-SC"
470665;2022-08-27;"sábado";"15:30:00";"SC";280;35,8;"ARAQUARI";"Acesso irregular";"Colisão transversal";"Com Vítimas Feridas";"Pleno dia";"Crescente";"Céu Claro";"Simples";"Interseção de Vias";"Não";3;0;2;0;1;0;2;2;-26,43447549;-48,80453914;"SPRF-SC";"DEL03-SC";"UOP03-DEL03-SC"
470666;2022-08-27;"sábado";"18:30:00";"GO";60;167;"GOIANIA";"Condutor deixou de manter distância do veículo da frente";"Colisão lateral mesmo sentido";"Com Vítimas Feridas";"Plena Noite";"Crescente";"Céu Claro";"Dupla";"Reta";"Sim";2;0;1;0;0;1;1;2;-16,7175;-49,3663;"SPRF-GO";"DEL01-GO";"UOP02-DEL01-GO"
470667;2022-08-27;"sábado";"18:30:00";"GO";40;22;"LUZIANIA";"Ingestão de álcool pelo condutor";"Saída de leito carroçável";"Sem Vítimas";"Anoitecer";"Decrescente";"Céu Claro";"Dupla";"Reta";"Sim";2;0;0;0;1;1;0;2;-16,227484;-47,914109;"SPRF-DF";"DEL01-DF";"UOP01-DEL01-DF"
470668;2022-08-27;"sábado";"19:20:00";"PE";428;189;"PETROLINA";"Ausência de reação do condutor";"Colisão traseira";"Sem Vítimas";"Plena Noite";"Crescente";"Céu Claro";"Múltipla";"Interseção de Vias";"Sim";2;0;0;0;2;0;0;2;-9,37197508;-40,48679585;"SPRF-PE";"DEL06-PE";"UOP01-DEL06-PE"
470669;2022-08-27;"sábado";"19:00:00";"GO";50;263;"CATALAO";"Velocidade Incompatível";"Saída de leito carroçável";"Com Vítimas Feridas";"Plena Noite";"Crescente";"Céu Claro";"Dupla";"Reta";"Não";1;0;0;1;0;0;1;1;-18,056226;-47,863361;"SPRF-GO";"DEL06-GO";"UOP01-DEL06-GO"
470672;2022-08-27;"sábado";"13:35:00";"RO";364;389;"OURO PRETO DO OESTE";"Demais falhas mecânicas ou elétricas";"Incêndio";"Sem Vítimas";"Pleno dia";"Decrescente";"Céu Claro";"Simples";"Aclive";"Não";4;0;0;0;4;0;0;1;-10,68004689;-62,27979686;"SPRF-RO";"DEL03-RO";"UOP02-DEL03-RO"