"id";"data_inversa";"dia_semana";"horario";"uf";"br";"km";"municipio";"causa_acidente";"tipo_acidente";"classificacao_acidente";"fase_dia";"sentido_via";"condicao_metereologica";"tipo_pista";"tracado_via";"uso_solo";"pessoas";"mortos";"feridos_leves";"feridos_graves";"ilesos";"ignorados";"feridos";"veiculos";"latitude";"longitude";"regional";"delegacia";"uop"
470778;2022-08-28;"domingo";"07:00:00";"RJ";356;167;"SAO JOAO DA BARRA";"Ausência de reação do condutor";"Colisão traseira";"Com Vítimas Feridas";"Pleno dia";"Crescente";"Céu Claro";"Simples";"Reta";"Não";2;0;0;1;0;1;1;2;-21,71855602;-41,10127604;"SPRF-RJ";"DEL08-RJ";"UOP02-DEL08-RJ"
470779;2022-08-28;"domingo";"06:30:00";"RS";386;209,1;"TIO HUGO";"Ingestão de álcool pelo condutor";"Colisão traseira";"Sem Vítimas";"Amanhecer";"Decrescente";"Chuva";"Simples";"Declive";"Não";3;0;0;0;2;1;0;2;-28,530256;-52,624012;"SPRF-RS";"DEL04-RS";"UOP03-DEL04-RS"
470780;2022-08-28;"domingo";"05:45:00";"RS";158;222;"CRUZ ALTA";"Chuva";"Saída de leito carroçável";"Com Vítimas Feridas";"Amanhecer";"Crescente";"Chuva";"Simples";"Curva";"Não";1;0;0;1;0;0;1;1;-28,87881501;-53,6152776;"SPRF-RS";"DEL10-RS";"UOP02-DEL10-RS"
470782;2022-08-28;"domingo";"01:15:00";"PI";316;4,4;"TERESINA";"Condutor deixou de manter distância do veículo da frente";"Colisão traseira";"Com Vítimas Feridas";"Plena Noite";"Crescente";"Nublado";"Múltipla";"Reta";"Sim";2;0;1;0;0;1;1;2;-5,13655894;-42,78900388;"SPRF-PI";"DEL01-PI";"UOP02-DEL01-PI"
470783;2022-08-28;"domingo";"07:30:00";"DF";60;2;"BRASILIA";"Velocidade Incompatível";"Saída de leito carroçável";"Sem Vítimas";"Pleno dia";"Crescente";"Céu Claro";"Dupla";"Reta";"Sim";1;0;0;0;0;1;0;1;-15,887383;-48,077988;"SPRF-DF";"DEL03-DF";"UOP01-DEL03-DF"
470784;2022-08-28;"domingo";"02:20:00";"MG";262;9,3;"MARTINS SOARES";"Ausência de reação do condutor";"Colisão frontal";"Com Vítimas Feridas";"Plena Noite";"Decrescente";"Nublado";"Simples";"Declive;Curva";"Não";5;0;0;2;2;1;2;2;-20,25054582;-41,83493898;"SPRF-MG";"DEL06-MG";"UOP03-DEL06-MG"
470787;2022-08-28;"domingo";"02:50:00";"SC";101;41;"JOINVILLE";"Desrespeitar a preferência no cruzamento";"Colisão transversal";"Sem Vítimas";"Plena Noite";"Decrescente";"Nevoeiro/Neblina";"Dupla";"Rotatória";"Sim";2;0;0;0;2;0;0;2;-26,3187716;-48,87131447;"SPRF-SC";"DEL03-SC";"UOP01-DEL03-SC"
470789;2022-08-28;"domingo";"07:24:00";"ES";101;269,7;"SERRA";"Ausência de reação do condutor";"Colisão traseira";"Com Vítimas Feridas";"Pleno dia";"Crescente";"Céu Claro";"Dupla";"Reta";"Sim";2;0;1;0;1;0;1;2;-20,21740496;-40,26990578;"SPRF-ES";"DEL02-ES";"UOP01-DEL02-ES"
470790;2022-08-28;"domingo";"07:00:00";"PR";163;250;"TOLEDO";"Condutor Dormindo";"Saída de leito carroçável";"Com Vítimas Feridas";"Pleno dia";"Decrescente";"Céu Claro";"Dupla";"Reta";"Não";2;0;1;0;1;0;1;1;-24,70025541;-53,73357521;"SPRF-PR";"DEL06-PR";"UOP02-DEL06-PR"
470791;2022-08-28;"domingo";"07:40:00";"RS";290;721;"URUGUAIANA";"Reação tardia ou ineficiente do condutor";"Saída de leito carroçável";"Sem Vítimas";"Amanhecer";"Crescente";"Céu Claro";"Simples";"Curva";"Sim";1;0;0;0;0;1;0;1;-29,76074507;-57,05904007;"SPRF-RS";"DEL13-RS";"UOP01-DEL13-RS"
470792;2022-08-28;"domingo";"08:30:00";"SC";101;97;"BALNEARIO PICARRAS";"Acessar a via sem observar a presença dos outros veículos";"Colisão traseira";"Com Vítimas Feridas";"Pleno dia";"Decrescente";"Sol";"Dupla";"Curva";"Não";4;0;3;0;1;0;3;2;-26,73247408;-48,70052576;"SPRF-SC";"DEL03-SC";"UOP02-DEL03-SC"
470793;2022-08-28;"domingo";"08:15:00";"RJ";116;133;"MAGE";"Reação tardia ou ineficiente do condutor";"Tombamento";"Com Vítimas Feridas";"Pleno dia";"Decrescente";"Céu Claro";"Múltipla";"Reta";"Sim";1;0;1;0;0;0;1;1;-22,65418284;-43,14382995;"SPRF-RJ";"DEL04-RJ";"UOP02-DEL04-RJ"
470794;2022-08-28;"domingo";"00:05:00";"MG";40;254;"SAO GONCALO DO ABAETE";"Ingestão de álcool pelo condutor";"Tombamento";"Com Vítimas Feridas";"Pleno dia";"Decrescente";"Céu Claro";"Múltipla";"Reta";"Não";1;0;1;0;0;0;1;1;-18,13167082;-45,40984892;"SPRF-MG";"DEL14-MG";"UOP02-DEL14-MG"
470795;2022-08-28;"domingo";"05:40:00";"RS";158;323,2;"SANTA MARIA";"Reação tardia ou ineficiente do condutor";"Colisão com objeto";"Com Vítimas Feridas";"Plena Noite";"Crescente";"Nublado";"Dupla";"Curva";"Sim";1;0;0;1;0;0;1;1;-29,95914689;-53,69634281;"SPRF-RS";"DEL09-RS";"UOP01-DEL09-RS"
470796;2022-08-28;"domingo";"09:00:00";"RJ";101;465;"ANGRA DOS REIS";"Ingestão de álcool pelo condutor";"Capotamento";"Com Vítimas Feridas";"Pleno dia";"Decrescente";"Sol";"Simples";"Reta";"Não";2;0;1;0;1;0;1;1;-23,01794979;-44,21352319;"SPRF-RJ";"DEL03-RJ";"UOP03-DEL03-RJ"
470800;2022-08-28;"domingo";"08:00:00";"SP";381;87;"GUARULHOS";"Velocidade Incompatível";"Colisão com objeto";"Sem Vítimas";"Pleno dia";"Crescente";"Sol";"Múltipla";"Reta";"Não";1;0;0;0;0;1;0;1;-23,46885001;-46,56996601;"SPRF-SP";"DEL03-SP";"UOP01-DEL03-SP"
470801;2022-08-28;"domingo";"10:05:00";"SP";101;33;"UBATUBA";"Pista esburacada";"Tombamento";"Com Vítimas Feridas";"Pleno dia";"Crescente";"Céu Claro";"Simples";"Reta";"Não";3;0;1;0;2;0;1;2;-23,38999727;-44,98973691;"SPRF-SP";"DEL06-SP";"UOP01-DEL06-SP"
470802;2022-08-28;"domingo";"08:40:00";"GO";60;19;"ALEXANIA";"Velocidade Incompatível";"Colisão com objeto";"Sem Vítimas";"Pleno dia";"Crescente";"Céu Claro";"Dupla";"Curva";"Não";1;0;0;0;0;1;0;1;-16,0963;-48,5202;"SPRF-DF";"DEL03-DF";"UOP01-DEL03-DF"
470803;2022-08-28;"domingo";"10:05:00";"PA";155;321;"MARABA";"Reação tardia ou ineficiente do condutor";"Tombamento";"Com Vítimas Feridas";"Pleno dia";"Decrescente";"Céu Claro";"Simples";"Reta";"Não";2;0;2;0;0;0;2;1;-5,56653113;-49,0769657;"SPRF-PA";"DEL03-PA";"UOP01-DEL03-PA"
470804;2022-08-28;"domingo";"10:00:00";"SP";381;87,5;"GUARULHOS";"Condutor deixou de manter distância do veículo da frente";"Colisão traseira";"Com Vítimas Feridas";"Pleno dia";"Decrescente";"Sol";"Múltipla";"Reta";"Não";3;0;2;0;1;0;2;2;-23,46885001;-46,56996601;"SPRF-SP";"DEL03-SP";"UOP01-DEL03-SP"
470806;2022-08-28;"domingo";"09:50:00";"MG";40;517,4;"RIBEIRAO DAS NEVES";"Ausência de reação do condutor";"Colisão transversal";"Com Vítimas Feridas";"Pleno dia";"Crescente";"Céu Claro";"Dupla";"Retorno Regulamentado";"Sim";3;0;1;0;2;0;1;2;-19,82351202;-44,08438913;"SPRF-MG";"DEL01-MG";"UOP02-DEL01-MG"
470807;2022-07-31;"domingo";"21:40:00";"ES";101;257,7;"SERRA";"Desrespeitar a preferência no cruzamento";"Colisão traseira";"Com Vítimas Feridas";"Plena Noite";"Decrescente";"Céu Claro";"Dupla";"Reta";"Sim";3;0;1;0;2;0;1;2;-20,12455095;-40,30331881;"SPRF-ES";"DEL02-ES";"UOP01-DEL02-ES"
470808;2022-08-28;"domingo";"09:00:00";"PR";277;336;"GUARAPUAVA";"Condutor Dormindo";"Saída de leito carroçável";"Com Vítimas Feridas";"Pleno dia";"Decrescente";"Céu Claro";"Dupla";"Reta";"Não";1;0;1;0;0;0;1;1;-25,35620267;-51,36067277;"SPRF-PR";"DEL08-PR";"UOP01-DEL08-PR"
470809;2022-08-28;"domingo";"10:10:00";"SC";101;148;"ITAPEMA";"Condutor deixou de manter distância do veículo da frente";"Colisão traseira";"Sem Vítimas";"Pleno dia";"Decrescente";"Céu Claro";"Dupla";"Curva";"Não";2;0;0;0;2;0;0;2;-27,10123686;-48,61807962;"SPRF-SC";"DEL04-SC";"UOP03-DEL04-SC"
470810;2022-08-28;"domingo";"08:15:00";"SC";282;499,1;"XANXERE";"Ingestão de álcool pelo condutor";"Tombamento";"Com Vítimas Feridas";"Pleno dia";"Crescente";"Céu Claro";"Simples";"Interseção de Vias";"Não";1;0;1;0;0;0;1;1;-26,880869;-52,363121;"SPRF-SC";"DEL07-SC";"UOP01-DEL07-SC"
470811;2022-08-28;"domingo";"10:20:00";"PB";104;103;"SAO SEBASTIAO DE LAGOA DE  ROCA";"Demais falhas mecânicas ou elétricas";"Tombamento";"Com Vítimas Feridas";"Pleno dia";"Decrescente";"Céu Claro";"Simples";"Reta";"Não";2;0;1;0;1;0;1;1;-7,07155197;-35,85479762;"SPRF-PB";"DEL02-PB";"UOP04-DEL02-PB"
470812;2022-08-28;"domingo";"09:45:00";"RS";153;32;"TRES ARROIOS";"Acessar a via sem observar a presença dos outros veículos";"Colisão traseira";"Com Vítimas Feridas";"Pleno dia";"Decrescente";"Chuva";"Simples";"Curva";"Não";4;0;3;0;1;0;3;2;-27,53367588;-52,17796683;"SPRF-RS";"DEL08-RS";"UOP04-DEL08-RS"
470813;2022-08-28;"domingo";"10:45:00";"MG";381;350;"JOAO MONLEVADE";"Mal súbito do condutor";"Saída de leito carroçável";"Com Vítimas Feridas";"Pleno dia";"Crescente";"Céu Claro";"Simples";"Reta";"Não";1;0;1;0;0;0;1;1;-19,862703;-43,121066;"SPRF-MG";"DEL03-MG";"UOP01-DEL03-MG"
470814;2022-08-28;"domingo";"10:30:00";"SC";101;38,6;"JOINVILLE";"Acessar a via sem observar a presença dos outros veículos";"Colisão transversal";"Com Vítimas Feridas";"Pleno dia";"Decrescente";"Céu Claro";"Dupla";"Interseção de Vias;Viaduto;Rotatória";"Sim";4;0;1;0;3;0;1;2;-26,25578015;-48,9055109;"SPRF-SC";"DEL03-SC";"UOP01-DEL03-SC"
470818;2022-08-28;"domingo";"10:59:00";"RJ";40;86;"PETROPOLIS";"Acumulo de óleo sobre o pavimento";"Queda de ocupante de veículo";"Com Vítimas Feridas";"Pleno dia";"Decrescente";"Céu Claro";"Simples";"Curva";"Não";1;0;1;0;0;0;1;1;-22,56175;-43,226762;"SPRF-RJ";"DEL06-RJ";"UOP01-DEL06-RJ"
470819;2022-08-28;"domingo";"10:55:00";"PB";230;470,5;"SOUSA";"Reação tardia ou ineficiente do condutor";"Colisão lateral mesmo sentido";"Sem Vítimas";"Pleno dia";"Crescente";"Céu Claro";"Simples";"Reta";"Não";2;0;0;0;2;0;0;2;-6,789;-38,2846;"SPRF-PB";"DEL03-PB";"UOP03-DEL03-PB"
470822;2022-08-28;"domingo";"12:10:00";"SP";153;63;"SAO JOSE DO RIO PRETO";"Ausência de reação do condutor";"Colisão traseira";"Com Vítimas Feridas";"Pleno dia";"Crescente";"Céu Claro";"Dupla";"Aclive";"Sim";2;0;2;0;0;0;2;2;-20,82149698;-49,35764818;"SPRF-SP";"DEL09-SP";"UOP01-DEL09-SP"
470825;2022-08-28;"domingo";"13:00:00";"ES";101;233,3;"FUNDAO";"Desvio temporário";"Colisão lateral mesmo sentido";"Com Vítimas Feridas";"Pleno dia";"Crescente";"Sol";"Dupla";"Reta";"Sim";3;0;2;0;1;0;2;2;-19,961042;-40,406889;"SPRF-ES";"DEL02-ES";"UOP01-DEL02-ES"
470826;2022-08-28;"domingo";"12:10:00";"RJ";101;415;"MANGARATIBA";"Manobra de mudança de faixa";"Colisão lateral mesmo sentido";"Com Vítimas Feridas";"Pleno dia";"Crescente";"Sol";"Dupla";"Reta";"Sim";3;0;2;0;1;0;2;2;-22,90433243;-43,88181398;"SPRF-RJ";"DEL03-RJ";"UOP01-DEL03-RJ"
470827;2022-08-28;"domingo";"12:40:00";"MG";40;41,6;"PARACATU";"Acessar a via sem observar a presença dos outros veículos";"Colisão transversal";"Com Vítimas Feridas";"Pleno dia";"Crescente";"Céu Claro";"Simples";"Reta";"Sim";6;0;1;0;2;3;1;2;-17,21271307;-46,87295209;"SPRF-MG";"DEL14-MG";"UOP01-DEL14-MG"
470829;2022-08-28;"domingo";"11:50:00";"RS";285;197;"LAGOA VERMELHA";"Ingestão de álcool pelo condutor";"Colisão transversal";"Com Vítimas Feridas";"Pleno dia";"Decrescente";"Chuva";"Simples";"Reta";"Sim";3;0;2;0;1;0;2;2;-28,218493;-51,509666;"SPRF-RS";"DEL08-RS";"UOP05-DEL08-RS"
470830;2022-08-28;"domingo";"12:35:00";"BA";20;3;"CORRENTINA";"Manobra de mudança de faixa";"Colisão frontal";"Com Vítimas Fatais";"Pleno dia";"Decrescente";"Sol";"Simples";"Reta";"Sim";7;2;1;3;0;1;4;3;-13,93101;-46,191479;"SPRF-BA";"DEL10-BA";"UOP01-DEL10-BA"
470831;2022-08-28;"domingo";"14:00:00";"SC";282;506,8;"XANXERE";"Manobra de mudança de faixa";"Colisão lateral mesmo sentido";"Com Vítimas Feridas";"Pleno dia";"Decrescente";"Chuva";"Dupla";"Curva";"Sim";2;0;1;0;1;0;1;2;-26,885883;-52,418762;"SPRF-SC";"DEL07-SC";"UOP01-DEL07-SC"
470832;2022-08-28;"domingo";"14:00:00";"RS";290;93;"PORTO ALEGRE";"Manobra de mudança de faixa";"Colisão lateral mesmo sentido";"Com Vítimas Feridas";"Pleno dia";"Decrescente";"Nublado";"Dupla";"Interseção de Vias";"Sim";2;0;1;0;1;0;1;2;-29,97185775;-51,19502842;"SPRF-RS";"DEL01-RS";"UOP01-DEL01-RS"
470834;2022-08-28;"domingo";"14:30:00";"RN";101;102;"PARNAMIRIM";"Condutor deixou de manter distância do veículo da frente";"Colisão traseira";"Com Vítimas Feridas";"Pleno dia";"Crescente";"Céu Claro";"Múltipla";"Reta";"Sim";3;0;1;1;1;0;2;2;-5,88858217;-35,24018997;"SPRF-RN";"DEL01-RN";"UOP01-DEL01-RN"
470835;2022-08-28;"domingo";"14:00:00";"SP";116;228;"SAO PAULO";"Ingestão de álcool pelo condutor";"Colisão traseira";"Sem Vítimas";"Pleno dia";"Decrescente";"Céu Claro";"Múltipla";"Reta";"Sim";2;0;0;0;2;0;0;2;-23,50343484;-46,56638712;"SPRF-SP";"DEL01-SP";"UOP01-DEL01-SP"
470836;2022-08-28;"domingo";"14:45:00";"RN";226;102;"SANTA CRUZ";"Avarias e/ou desgaste excessivo no pneu";"Saída de leito carroçável";"Com Vítimas Feridas";"Pleno dia";"Decrescente";"Céu Claro";"Simples";"Reta";"Não";2;0;1;1;0;0;2;1;-6,24817388;-35,941749;"SPRF-RN";"DEL03-RN";"UOP02-DEL03-RN"
470838;2022-08-28;"domingo";"14:30:00";"MG";267;267,8;"AIURUOCA";"Avarias e/ou desgaste excessivo no pneu";"Saída de leito carroçável";"Com Vítimas Feridas";"Pleno dia";"Crescente";"Sol";"Simples";"Reta";"Não";4;0;4;0;0;0;4;1;-21,92791132;-44,60945229;"SPRF-MG";"DEL17-MG";"UOP01-DEL17-MG"
470840;2022-08-28;"domingo";"14:30:00";"ES";101;62;"SAO MATEUS";"Frear bruscamente";"Saída de leito carroçável";"Com Vítimas Feridas";"Pleno dia";"Decrescente";"Céu Claro";"Simples";"Curva;Aclive";"Sim";1;0;1;0;0;0;1;1;-18,69020499;-39,86154403;"SPRF-ES";"DEL04-ES";"UOP02-DEL04-ES"
470842;2022-08-28;"domingo";"14:50:00";"PE";232;388,2;"SERRA TALHADA";"Acessar a via sem observar a presença dos outros veículos";"Colisão transversal";"Com Vítimas Feridas";"Pleno dia";"Crescente";"Sol";"Simples";"Curva";"Não";2;0;0;1;1;0;1;2;-8,03239638;-38,12052799;"SPRF-PE";"DEL04-PE";"UOP01-DEL04-PE"
470843;2022-08-28;"domingo";"15:25:00";"SE";101;77,4;"LARANJEIRAS";"Ultrapassagem Indevida";"Colisão lateral mesmo sentido";"Com Vítimas Feridas";"Pleno dia";"Decrescente";"Céu Claro";"Simples";"Reta";"Sim";3;0;1;1;1;0;2;2;-10,776609;-37,13439;"SPRF-SE";"DEL01-SE";"UOP01-DEL01-SE"
470844;2022-08-28;"domingo";"14:49:00";"PB";230;157;"CAMPINA GRANDE";"Ausência de reação do condutor";"Colisão traseira";"Com Vítimas Feridas";"Pleno dia";"Crescente";"Céu Claro";"Simples";"Reta";"Não";2;0;1;0;1;0;1;2;-7,264;-35,9199;"SPRF-PB";"DEL02-PB";"UOP01-DEL02-PB"
470848;2022-08-28;"domingo";"15:20:00";"MG";381;444,1;"SANTA LUZIA";"Ingestão de álcool pelo condutor";"Capotamento";"Com Vítimas Feridas";"Pleno dia";"Crescente";"Sol";"Simples";"Declive;Curva";"Não";1;0;1;0;0;0;1;1;-19,809769;-43,791565;"SPRF-MG";"DEL01-MG";"UOP01-DEL01-MG"
470849;2022-08-28;"domingo";"15:10:00";"RJ";465;7;"SEROPEDICA";"Manobra de mudança de faixa";"Colisão traseira";"Com Vítimas Feridas";"Pleno dia";"Crescente";"Céu Claro";"Simples";"Reta";"Não";2;0;0;1;1;0;1;2;-22,761377;-43,686352;"SPRF-RJ";"DEL01-RJ";"UOP03-DEL01-RJ"
470852;2022-08-28;"domingo";"15:20:00";"PB";104;107,5;"SAO SEBASTIAO DE LAGOA DE  ROCA";"Acessar a via sem observar a presença dos outros veículos";"Colisão transversal";"Com Vítimas Feridas";"Pleno dia";"Crescente";"Céu Claro";"Simples";"Reta";"Sim";3;0;1;1;1;0;2;2;-7,11161678;-35,86768356;"SPRF-PB";"DEL02-PB";"UOP04-DEL02-PB"
470853;2022-08-28;"domingo";"13:21:00";"SC";116;19,5;"MAFRA";"Ultrapassagem Indevida";"Colisão lateral mesmo sentido";"Com Vítimas Feridas";"Pleno dia";"Decrescente";"Céu Claro";"Simples";"Reta";"Não";5;0;3;1;0;1;4;3;-26,23187683;-49,89719868;"SPRF-SC";"DEL06-SC";"UOP01-DEL06-SC"
470854;2022-08-28;"domingo";"12:20:00";"MT";163;831;"SINOP";"Acessar a via sem observar a presença dos outros veículos";"Colisão transversal";"Sem Vítimas";"Pleno dia";"Decrescente";"Sol";"Dupla";"Retorno Regulamentado";"Sim";2;0;0;0;0;2;0;2;-11,89190507;-55,50348943;"SPRF-MT";"DEL06-MT";"UOP01-DEL06-MT"
470857;2022-08-28;"domingo";"11:20:00";"MG";262;486;"BOM DESPACHO";"Ausência de reação do condutor";"Saída de leito carroçável";"Sem Vítimas";"Pleno dia";"Decrescente";"Céu Claro";"Simples";"Reta";"Não";1;0;0;0;1;0;0;1;-19,78610881;-45,30392798;"SPRF-MG";"DEL08-MG";"UOP03-DEL08-MG"
470858;2022-08-28;"domingo";"14:50:00";"RS";470;256,6;"SALVADOR DO SUL";"Velocidade Incompatível";"Saída de leito carroçável";"Com Vítimas Feridas";"Pleno dia";"Crescente";"Garoa/Chuvisco";"Simples";"Curva";"Não";3;0;1;2;0;0;3;1;-29,44636858;-51,50440514;"SPRF-RS";"DEL06-RS";"UOP01-DEL06-RS"
470859;2022-08-28;"domingo";"16:00:00";"PR";369;198;"APUCARANA";"Velocidade Incompatível";"Saída de leito carroçável";"Com Vítimas Feridas";"Pleno dia";"Decrescente";"Céu Claro";"Dupla";"Aclive";"Sim";2;0;2;0;0;0;2;1;-23,599185;-51,40980385;"SPRF-PR";"DEL07-PR";"UOP03-DEL07-PR"
470860;2022-08-28;"domingo";"15:10:00";"SC";470;147,3;"RIO DO SUL";"Condutor deixou de manter distância do veículo da frente";"Colisão frontal";"Com Vítimas Feridas";"Pleno dia";"Crescente";"Chuva";"Simples";"Reta";"Não";3;0;2;0;1;0;2;2;-27,243439;-49,690025;"SPRF-SC";"DEL04-SC";"UOP02-DEL04-SC"
470862;2022-08-28;"domingo";"15:28:00";"SP";116;332;"JUQUITIBA";"Ausência de reação do condutor";"Colisão traseira";"Com Vítimas Fatais";"Pleno dia";"Decrescente";"Garoa/Chuvisco";"Dupla";"Declive;Reta";"Não";3;1;1;0;1;0;1;2;-23,95597045;-47,1100868;"SPRF-SP";"DEL04-SP";"UOP01-DEL04-SP"
470863;2022-08-28;"domingo";"14:00:00";"MG";50;16;"ARAGUARI";"Reação tardia ou ineficiente do condutor";"Tombamento";"Com Vítimas Feridas";"Pleno dia";"Decrescente";"Sol";"Dupla";"Curva";"Não";1;0;1;0;0;0;1;1;-18,56433065;-48,05621624;"SPRF-MG";"DEL15-MG";"UOP02-DEL15-MG"
470865;2022-08-28;"domingo";"16:15:00";"PR";376;391,1;"IMBAU";"Velocidade Incompatível";"Saída de leito carroçável";"Com Vítimas Feridas";"Pleno dia";"Decrescente";"Céu Claro";"Dupla";"Curva";"Não";1;0;1;0;0;0;1;1;-24,53023946;-50,69807528;"SPRF-PR";"DEL03-PR";"UOP02-DEL03-PR"
470866;2022-08-28;"domingo";"16:30:00";"SP";0;0;"GUARULHOS";"Reação tardia ou ineficiente do condutor";"Colisão com objeto";"Sem Vítimas";"Pleno dia";"Não Informado";"Garoa/Chuvisco";"Simples";"Curva";"Sim";2;0;0;0;2;0;0;1;-23,47344197;-46,52900934;"SPRF-SP";"DEL01-SP";"N/A"
470867;2022-08-28;"domingo";"16:30:00";"PR";376;300;"MAUA DA SERRA";"Reação tardia ou ineficiente do condutor";"Queda de ocupante de veículo";"Com Vítimas Feridas";"Pleno dia";"Decrescente";"Céu Claro";"Dupla";"Curva";"Não";1;0;1;0;0;0;1;1;-23,93581957;-51,16172075;"SPRF-PR";"DEL07-PR";"UOP02-DEL07-PR"
470869;2022-08-28;"domingo";"17:23:00";"AP";0;0;"MACAPA";"Demais falhas mecânicas ou elétricas";"Incêndio";"Sem Vítimas";"Pleno dia";"Não Informado";"Céu Claro";"Simples";"Declive";"Não";1;0;0;0;1;0;0;1;0,19613616;-51,11457037;"SPRF-AP";"DEL01-AP";"UOP01-DEL01-AP"
470870;2022-08-28;"domingo";"17:30:00";"PB";230;18;"JOAO PESSOA";"Reação tardia ou ineficiente do condutor";"Colisão com objeto";"Com Vítimas Feridas";"Anoitecer";"Decrescente";"Céu Claro";"Múltipla";"Aclive";"Sim";3;0;0;2;0;1;2;2;-7,1198;-34,8453;"SPRF-PB";"DEL01-PB";"UOP01-DEL01-PB"
470873;2022-08-13;"sábado";"05:30:00";"SC";101;417;"ARARANGUA";"Ausência de reação do condutor";"Colisão com objeto";"Com Vítimas Feridas";"Plena Noite";"Decrescente";"Ignorado";"Múltipla";"Reta";"Não";1;0;1;0;0;0;1;1;-28,97376391;-49,53023409;"SPRF-SC";"DEL02-SC";"UOP02-DEL02-SC"
470874;2022-08-28;"domingo";"17:00:00";"PI";343;47;"BURITI DOS LOPES";"Acessar a via sem observar a presença dos outros veículos";"Colisão transversal";"Com Vítimas Feridas";"Pleno dia";"Decrescente";"Céu Claro";"Simples";"Reta";"Sim";2;0;1;0;1;0;1;2;-3,16904;-41,861897;"SPRF-PI";"DEL05-PI";"UOP01-DEL05-PI"
470877;2022-08-14;"domingo";"04:00:00";"SP";116;146;"SAO JOSE DOS CAMPOS";"Objeto estático sobre o leito carroçável";"Eventos atípicos";"Com Vítimas Feridas";"Plena Noite";"Crescente";"Ignorado";"Dupla";"Reta";"Sim";4;0;1;0;2;1;1;4;-23,19122919;-45,86327591;"SPRF-SP";"DEL02-SP";"UOP01-DEL02-SP"
470878;2022-08-28;"domingo";"16:50:00";"RS";386;73,3;"BOA VISTA DAS MISSOES";"Avarias e/ou desgaste excessivo no pneu";"Tombamento";"Com Vítimas Feridas";"Pleno dia";"Decrescente";"Nublado";"Simples";"Reta";"Sim";1;0;1;0;0;0;1;1;-27,693541;-53,300945;"SPRF-RS";"DEL08-RS";"UOP02-DEL08-RS"
470879;2022-08-28;"domingo";"17:50:00";"PB";104;88;"REMIGIO";"Ingestão de álcool pelo condutor";"Atropelamento de Pedestre";"Com Vítimas Feridas";"Anoitecer";"Decrescente";"Céu Claro";"Simples";"Reta";"Sim";2;0;0;1;0;1;1;2;-6,97062252;-35,80045324;"SPRF-PB";"DEL02-PB";"UOP04-DEL02-PB"
470880;2022-08-28;"domingo";"17:55:00";"GO";70;1;"AGUAS LINDAS DE GOIAS";"Ingestão de álcool pelo condutor";"Colisão lateral mesmo sentido";"Com Vítimas Feridas";"Pleno dia";"Crescente";"Sol";"Dupla";"Aclive;Curva";"Não";3;0;1;0;2;0;1;2;-15,77718015;-48,23328495;"SPRF-DF";"DEL03-DF";"UOP02-DEL03-DF"
470881;2022-08-28;"domingo";"18:36:00";"GO";20;7;"FORMOSA";"Ausência de reação do condutor";"Colisão traseira";"Sem Vítimas";"Plena Noite";"Crescente";"Céu Claro";"Simples";"Reta";"Não";2;0;0;0;2;0;0;2;-15,547604;-47,291592;"SPRF-DF";"DEL02-DF";"UOP01-DEL02-DF"
470883;2022-08-28;"domingo";"17:40:00";"RJ";101;428;"MANGARATIBA";"Transitar no acostamento";"Colisão transversal";"Sem Vítimas";"Anoitecer";"Decrescente";"Nublado";"Dupla";"Retorno Regulamentado";"Sim";2;0;0;0;2;0;0;2;-22,93391858;-43,9899979;"SPRF-RJ";"DEL03-RJ";"UOP02-DEL03-RJ"
470884;2022-08-28;"domingo";"07:30:00";"AM";174;891;"MANAUS";"Ingestão de álcool pelo condutor";"Saída de leito carroçável";"Sem Vítimas";"Amanhecer";"Crescente";"Nevoeiro/Neblina";"Simples";"Curva";"Sim";2;0;0;0;1;1;0;2;-2,91557503;-60,03880044;"SPRF-AM";"DEL01-AM";"UOP01-DEL01-AM"
470885;2022-08-28;"domingo";"15:30:00";"SC";282;412;"CATANDUVAS";"Reação tardia ou ineficiente do condutor";"Colisão lateral sentido oposto";"Com Vítimas Fatais";"Pleno dia";"Decrescente";"Chuva";"Simples";"Declive;Curva";"Não";8;1;1;4;2;0;5;2;-27,05996;-51,67937;"SPRF-SC";"DEL07-SC";"UOP05-DEL07-SC"
470886;2022-08-28;"domingo";"13:30:00";"SC";282;535,2;"CHAPECO";"Desrespeitar a preferência no cruzamento";"Colisão transversal";"Com Vítimas Feridas";"Pleno dia";"Crescente";"Nublado";"Simples";"Rotatória;Interseção de Vias";"Sim";2;0;0;1;1;0;1;2;-26,9997962;-52,64609814;"SPRF-SC";"DEL07-SC";"UOP01-DEL07-SC"
470888;2022-08-28;"domingo";"18:30:00";"MG";116;511,4;"UBAPORANGA";"Condutor deixou de manter distância do veículo da frente";"Engavetamento";"Com Vítimas Feridas";"Anoitecer";"Crescente";"Céu Claro";"Simples";"Reta";"Não";4;0;2;0;0;2;2;3;-19,63654904;-42,10593182;"SPRF-MG";"DEL06-MG";"UOP02-DEL06-MG"
470889;2022-08-28;"domingo";"16:55:00";"RO";429;172;"SAO MIGUEL DO GUAPORE";"Ausência de reação do condutor";"Saída de leito carroçável";"Com Vítimas Feridas";"Pleno dia";"Decrescente";"Céu Claro";"Simples";"Reta";"Não";4;0;1;0;3;0;1;1;-11,73634991;-62,81294315;"SPRF-RO";"DEL02-RO";"UOP03-DEL02-RO"