"id";"data_inversa";"dia_semana";"horario";"uf";"br";"km";"municipio";"causa_acidente";"tipo_acidente";"classificacao_acidente";"fase_dia";"sentido_via";"condicao_metereologica";"tipo_pista";"tracado_via";"uso_solo";"pessoas";"mortos";"feridos_leves";"feridos_graves";"ilesos";"ignorados";"feridos";"veiculos";"latitude";"longitude";"regional";"delegacia";"uop"
470890;2022-08-28;"domingo";"17:20:00";"SC";101;63;"ARAQUARI";"Condutor deixou de manter distância do veículo da frente";"Colisão traseira";"Com Vítimas Feridas";"Anoitecer";"Decrescente";"Garoa/Chuvisco";"Dupla";"Reta";"Não";3;0;1;0;2;0;1;2;-26,45898367;-48,7584088;"SPRF-SC";"DEL03-SC";"UOP02-DEL03-SC"
470891;2022-08-28;"domingo";"16:35:00";"MG";262;466;"BOM DESPACHO";"Ultrapassagem Indevida";"Colisão frontal";"Com Vítimas Feridas";"Pleno dia";"Crescente";"Céu Claro";"Simples";"Reta";"Não";6;0;4;1;0;1;5;3;-19,80696129;-45,12497507;"SPRF-MG";"DEL08-MG";"UOP03-DEL08-MG"
470892;2022-08-28;"domingo";"16:30:00";"MG";153;50,1;"MONTE ALEGRE DE MINAS";"Ausência de reação do condutor";"Saída de leito carroçável";"Com Vítimas Feridas";"Pleno dia";"Decrescente";"Sol";"Dupla";"Reta";"Não";1;0;0;1;0;0;1;1;-18,82197896;-49,0877554;"SPRF-MG";"DEL15-MG";"UOP03-DEL15-MG"
470893;2022-08-28;"domingo";"17:40:00";"PB";230;479,1;"MARIZOPOLIS";"Ingestão de álcool pelo condutor";"Colisão transversal";"Com Vítimas Feridas";"Anoitecer";"Crescente";"Céu Claro";"Simples";"Reta";"Sim";2;0;0;1;1;0;1;2;-6,844133;-38,347583;"SPRF-PB";"DEL03-PB";"UOP03-DEL03-PB"
470894;2022-08-28;"domingo";"18:00:00";"RJ";465;15,2;"NOVA IGUACU";"Reação tardia ou ineficiente do condutor";"Colisão transversal";"Com Vítimas Feridas";"Pleno dia";"Decrescente";"Céu Claro";"Simples";"Curva";"Sim";3;0;2;0;1;0;2;2;-22,810925;-43,631504;"SPRF-RJ";"DEL03-RJ";"UOP01-DEL03-RJ"
470895;2022-08-28;"domingo";"16:00:00";"RJ";393;257;"BARRA DO PIRAI";"Condutor Dormindo";"Saída de leito carroçável";"Com Vítimas Feridas";"Pleno dia";"Decrescente";"Sol";"Simples";"Reta";"Não";1;0;1;0;0;0;1;1;-22,45281494;-43,81739099;"SPRF-RJ";"DEL05-RJ";"UOP04-DEL05-RJ"
470896;2022-08-28;"domingo";"17:40:00";"PE";424;93;"GARANHUNS";"Ultrapassagem Indevida";"Colisão frontal";"Com Vítimas Fatais";"Anoitecer";"Crescente";"Céu Claro";"Simples";"Reta";"Sim";2;1;0;0;0;1;0;2;-8,907125;-36,487206;"SPRF-PE";"DEL03-PE";"UOP01-DEL03-PE"
470897;2022-08-28;"domingo";"18:30:00";"MS";163;273;"DOURADOS";"Pedestre andava na pista";"Atropelamento de Pedestre";"Com Vítimas Fatais";"Plena Noite";"Decrescente";"Céu Claro";"Dupla";"Reta";"Sim";42;1;0;0;41;0;0;2;-22,17808;-54,67083;"SPRF-MS";"DEL04-MS";"UOP01-DEL04-MS"
470899;2022-08-28;"domingo";"19:00:00";"BA";324;616;"SALVADOR";"Avarias e/ou desgaste excessivo no pneu";"Queda de ocupante de veículo";"Com Vítimas Feridas";"Plena Noite";"Decrescente";"Céu Claro";"Dupla";"Reta";"Sim";2;0;2;0;0;0;2;1;-12,87957905;-38,43213893;"SPRF-BA";"DEL01-BA";"UOP01-DEL01-BA"
470900;2022-08-28;"domingo";"17:58:00";"CE";222;297;"TIANGUA";"Pista Escorregadia";"Queda de ocupante de veículo";"Com Vítimas Feridas";"Anoitecer";"Crescente";"Céu Claro";"Simples";"Curva";"Não";2;0;1;1;0;0;2;1;-3,64940295;-40,92864468;"SPRF-CE";"DEL04-CE";"UOP02-DEL04-CE"
470901;2022-08-28;"domingo";"18:48:00";"RJ";40;44;"AREAL";"Animais na Pista";"Atropelamento de Animal";"Com Vítimas Feridas";"Plena Noite";"Decrescente";"Nublado";"Dupla";"Reta";"Não";1;0;1;0;0;0;1;1;-22,27275475;-43,10869115;"SPRF-RJ";"DEL05-RJ";"UOP02-DEL05-RJ"
470903;2022-08-28;"domingo";"19:18:00";"GO";70;0,2;"AGUAS LINDAS DE GOIAS";"Ingestão de álcool pelo condutor";"Colisão com objeto";"Com Vítimas Feridas";"Anoitecer";"Crescente";"Céu Claro";"Dupla";"Curva;Declive";"Não";3;0;1;0;1;1;1;3;-15,78100024;-48,23417544;"SPRF-DF";"DEL03-DF";"UOP02-DEL03-DF"
470905;2022-08-28;"domingo";"19:35:00";"RJ";101;475;"ANGRA DOS REIS";"Condutor Dormindo";"Colisão com objeto";"Com Vítimas Feridas";"Plena Noite";"Decrescente";"Nublado";"Simples";"Curva";"Não";2;0;1;0;1;0;1;1;-23,00427;-44,259245;"SPRF-RJ";"DEL03-RJ";"UOP03-DEL03-RJ"
470908;2022-08-28;"domingo";"20:30:00";"GO";251;27;"CRISTALINA";"Ultrapassagem Indevida";"Colisão frontal";"Com Vítimas Fatais";"Plena Noite";"Crescente";"Céu Claro";"Simples";"Reta";"Não";4;2;1;0;0;1;1;3;-16,10012382;-47,50171815;"SPRF-DF";"DEL01-DF";"UOP01-DEL01-DF"
470909;2022-08-28;"domingo";"17:54:00";"PB";104;140;"QUEIMADAS";"Ausência de reação do condutor";"Eventos atípicos";"Com Vítimas Feridas";"Plena Noite";"Decrescente";"Céu Claro";"Simples";"Reta";"Sim";3;0;1;1;1;0;2;2;-7,37817097;-35,89737088;"SPRF-PB";"DEL02-PB";"UOP03-DEL02-PB"
470910;2022-08-28;"domingo";"19:00:00";"PE";316;87;"OURICURI";"Velocidade Incompatível";"Colisão traseira";"Com Vítimas Feridas";"Plena Noite";"Decrescente";"Céu Claro";"Simples";"Reta";"Não";2;0;1;1;0;0;2;2;-7,89302781;-40,05470593;"SPRF-PE";"DEL05-PE";"UOP02-DEL05-PE"
470912;2022-08-28;"domingo";"20:40:00";"RJ";116;180;"NOVA IGUACU";"Acessar a via sem observar a presença dos outros veículos";"Queda de ocupante de veículo";"Com Vítimas Feridas";"Plena Noite";"Decrescente";"Céu Claro";"Dupla";"Reta";"Sim";1;0;1;0;0;0;1;1;-22,7651616;-43,4154728;"SPRF-RJ";"DEL01-RJ";"UOP02-DEL01-RJ"
470915;2022-08-28;"domingo";"20:40:00";"SP";116;336;"JUQUITIBA";"Pedestre cruzava a pista fora da faixa";"Atropelamento de Pedestre";"Com Vítimas Feridas";"Anoitecer";"Decrescente";"Céu Claro";"Dupla";"Reta";"Não";2;0;1;0;1;0;1;2;-23,975182;-47,140694;"SPRF-SP";"DEL04-SP";"UOP01-DEL04-SP"
470917;2022-08-28;"domingo";"20:09:00";"PB";101;68;"SANTA RITA";"Ausência de reação do condutor";"Queda de ocupante de veículo";"Com Vítimas Feridas";"Plena Noite";"Decrescente";"Céu Claro";"Múltipla";"Reta";"Não";1;0;1;0;0;0;1;1;-7,05686225;-35,02780412;"SPRF-PB";"DEL01-PB";"UOP04-DEL01-PB"
470919;2022-08-28;"domingo";"19:40:00";"BA";420;336;"ITAQUARA";"Deficiência do Sistema de Iluminação/Sinalização";"Colisão traseira";"Com Vítimas Fatais";"Plena Noite";"Crescente";"Céu Claro";"Simples";"Reta";"Não";7;3;0;4;0;0;4;3;-13,50802899;-39,96065393;"SPRF-BA";"DEL03-BA";"UOP01-DEL03-BA"
470920;2022-08-28;"domingo";"18:20:00";"PI";316;316;"PICOS";"Ausência de reação do condutor";"Tombamento";"Com Vítimas Feridas";"Plena Noite";"Crescente";"Céu Claro";"Múltipla";"Reta";"Sim";1;0;0;1;0;0;1;1;-7,08133721;-41,42347604;"SPRF-PI";"DEL04-PI";"UOP01-DEL04-PI"
470921;2022-08-28;"domingo";"21:05:00";"SC";101;215;"PALHOCA";"Condutor deixou de manter distância do veículo da frente";"Colisão traseira";"Com Vítimas Feridas";"Plena Noite";"Crescente";"Céu Claro";"Múltipla";"Reta";"Sim";2;0;1;0;1;0;1;2;-27,65184843;-48,67604941;"SPRF-SC";"DEL01-SC";"UOP02-DEL01-SC"
470923;2022-08-28;"domingo";"18:14:00";"MG";381;558;"ITAGUARA";"Demais falhas mecânicas ou elétricas";"Queda de ocupante de veículo";"Com Vítimas Feridas";"Anoitecer";"Decrescente";"Céu Claro";"Dupla";"Reta";"Não";2;0;2;0;0;0;2;1;-20,355775;-44,455544;"SPRF-MG";"DEL04-MG";"UOP03-DEL04-MG"
470924;2022-08-28;"domingo";"20:30:00";"SP";116;326;"JUQUITIBA";"Ausência de reação do condutor";"Saída de leito carroçável";"Com Vítimas Feridas";"Plena Noite";"Decrescente";"Chuva";"Dupla";"Curva";"Sim";2;0;1;0;1;0;1;1;-23,93901304;-47,06241203;"SPRF-SP";"DEL04-SP";"UOP01-DEL04-SP"
470925;2022-08-28;"domingo";"19:48:00";"SP";153;56;"SAO JOSE DO RIO PRETO";"Ausência de reação do condutor";"Colisão com objeto";"Sem Vítimas";"Plena Noite";"Decrescente";"Nublado";"Dupla";"Reta";"Não";1;0;0;0;1;0;0;1;-20,7615601;-49,34622278;"SPRF-SP";"DEL09-SP";"UOP01-DEL09-SP"
470927;2022-08-28;"domingo";"21:00:00";"SC";101;113;"ITAJAI";"Reação tardia ou ineficiente do condutor";"Saída de leito carroçável";"Com Vítimas Feridas";"Plena Noite";"Decrescente";"Garoa/Chuvisco";"Múltipla";"Reta";"Não";1;0;0;1;0;0;1;1;-26,85311393;-48,72689927;"SPRF-SC";"DEL04-SC";"UOP04-DEL04-SC"
470928;2022-08-28;"domingo";"20:30:00";"PR";369;64;"SANTA MARIANA";"Ausência de reação do condutor";"Saída de leito carroçável";"Com Vítimas Feridas";"Plena Noite";"Decrescente";"Céu Claro";"Dupla";"Reta";"Sim";1;0;1;0;0;0;1;1;-23,13088863;-50,44177294;"SPRF-PR";"DEL07-PR";"UOP01-DEL07-PR"
470929;2022-08-28;"domingo";"20:30:00";"PR";476;131;"CURITIBA";"Reação tardia ou ineficiente do condutor";"Colisão lateral mesmo sentido";"Com Vítimas Feridas";"Plena Noite";"Crescente";"Garoa/Chuvisco";"Múltipla";"Reta";"Sim";2;0;1;0;1;0;1;2;-25,453636;-49,245155;"SPRF-PR";"DEL01-PR";"UOP03-DEL01-PR"
470930;2022-08-28;"domingo";"20:00:00";"SC";282;637;"DESCANSO";"Ingestão de álcool pelo condutor";"Colisão lateral sentido oposto";"Sem Vítimas";"Plena Noite";"Decrescente";"Céu Claro";"Simples";"Curva";"Não";2;0;0;0;2;0;0;2;-26,806643;-53,441025;"SPRF-SC";"DEL07-SC";"UOP03-DEL07-SC"
470931;2022-08-28;"domingo";"17:00:00";"RJ";116;104,2;"GUAPIMIRIM";"Condutor Dormindo";"Colisão frontal";"Com Vítimas Feridas";"Pleno dia";"Decrescente";"Céu Claro";"Simples";"Reta";"Não";2;0;1;0;1;0;1;2;-22,50841847;-42,99821493;"SPRF-RJ";"DEL04-RJ";"UOP01-DEL04-RJ"
470932;2022-08-28;"domingo";"19:00:00";"MS";262;162,7;"RIBAS DO RIO PARDO";"Ingestão de álcool pelo condutor";"Colisão com objeto";"Com Vítimas Feridas";"Plena Noite";"Crescente";"Céu Claro";"Simples";"Reta;Declive";"Não";1;0;1;0;0;0;1;1;-20,44848212;-53,04380603;"SPRF-MS";"DEL07-MS";"UOP02-DEL07-MS"
470935;2022-08-28;"domingo";"20:20:00";"MS";163;519,1;"JARAGUARI";"Condutor Dormindo";"Colisão com objeto";"Sem Vítimas";"Plena Noite";"Crescente";"Nublado";"Dupla";"Reta";"Não";1;0;0;0;1;0;0;1;-20,16993505;-54,4490649;"SPRF-MS";"DEL01-MS";"UOP02-DEL01-MS"
470937;2022-08-28;"domingo";"21:35:00";"RJ";101;304,5;"SAO GONCALO";"Ausência de reação do condutor";"Colisão traseira";"Com Vítimas Feridas";"Plena Noite";"Decrescente";"Céu Claro";"Dupla";"Reta";"Sim";4;0;3;0;1;0;3;2;-22,78491869;-42,98627706;"SPRF-RJ";"DEL02-RJ";"UOP02-DEL02-RJ"
470938;2022-08-28;"domingo";"21:40:00";"PR";376;666;"GUARATUBA";"Pista Escorregadia";"Colisão com objeto";"Com Vítimas Feridas";"Plena Noite";"Crescente";"Garoa/Chuvisco";"Múltipla";"Declive";"Não";2;0;1;0;1;0;1;2;-25,86037408;-48,95087256;"SPRF-PR";"DEL01-PR";"UOP04-DEL01-PR"
470939;2022-08-28;"domingo";"20:20:00";"BA";116;463,2;"SANTO ESTEVAO";"Ausência de reação do condutor";"Saída de leito carroçável";"Com Vítimas Feridas";"Plena Noite";"Crescente";"Céu Claro";"Simples";"Curva;Viaduto";"Sim";1;0;0;1;0;0;1;1;-12,45198;-39,26397;"SPRF-BA";"DEL02-BA";"UOP01-DEL02-BA"
470940;2022-08-28;"domingo";"20:30:00";"MA";402;3;"BACABEIRA";"Ausência de reação do condutor";"Colisão frontal";"Sem Vítimas";"Plena Noite";"Crescente";"Céu Claro";"Simples";"Reta";"Não";5;0;0;0;0;5;0;2;-2,957435;-44,297928;"SPRF-MA";"DEL01-MA";"UOP01-DEL01-MA"
470941;2022-08-28;"domingo";"22:00:00";"SC";470;68;"INDAIAL";"Ausência de reação do condutor";"Colisão frontal";"Com Vítimas Feridas";"Plena Noite";"Crescente";"Chuva";"Simples";"Curva";"Não";3;0;0;2;1;0;2;2;-26,877615;-49,239231;"SPRF-SC";"DEL04-SC";"UOP01-DEL04-SC"
470942;2022-08-28;"domingo";"17:20:00";"PI";316;5,5;"TERESINA";"Ingestão de álcool pelo condutor";"Engavetamento";"Sem Vítimas";"Pleno dia";"Crescente";"Céu Claro";"Dupla";"Interseção de Vias";"Sim";3;0;0;0;3;0;0;3;-5,14169858;-42,78157276;"SPRF-PI";"DEL01-PI";"UOP02-DEL01-PI"
470943;2022-08-28;"domingo";"19:30:00";"SC";282;261,1;"SAO JOSE DO CERRITO";"Animais na Pista";"Atropelamento de Animal";"Sem Vítimas";"Plena Noite";"Crescente";"Nublado";"Simples";"Reta";"Não";1;0;0;0;1;0;0;1;-27,637173;-50,598797;"SPRF-SC";"DEL05-SC";"UOP02-DEL05-SC"
470944;2022-08-28;"domingo";"19:50:00";"MG";40;825,6;"SIMAO PEREIRA";"Ausência de reação do condutor";"Saída de leito carroçável";"Com Vítimas Feridas";"Plena Noite";"Crescente";"Céu Claro";"Dupla";"Curva";"Não";1;0;1;0;0;0;1;1;-21,9735272;-43,28541842;"SPRF-MG";"DEL05-MG";"UOP01-DEL05-MG"
470945;2022-08-28;"domingo";"21:10:00";"PR";277;10;"PARANAGUA";"Velocidade Incompatível";"Saída de leito carroçável";"Sem Vítimas";"Plena Noite";"Crescente";"Chuva";"Dupla";"Reta";"Não";1;0;0;0;0;1;0;1;-25,56803336;-48,61513495;"SPRF-PR";"DEL01-PR";"UOP05-DEL01-PR"
470948;2022-08-28;"domingo";"20:40:00";"SC";101;383;"ICARA";"Reação tardia ou ineficiente do condutor";"Capotamento";"Com Vítimas Feridas";"Plena Noite";"Decrescente";"Céu Claro";"Dupla";"Reta";"Não";1;0;1;0;0;0;1;1;-28,7644284;-49,29379981;"SPRF-SC";"DEL02-SC";"UOP02-DEL02-SC"
470949;2022-08-28;"domingo";"23:00:00";"RJ";116;178;"NOVA IGUACU";"Reação tardia ou ineficiente do condutor";"Queda de ocupante de veículo";"Com Vítimas Feridas";"Plena Noite";"Crescente";"Nublado";"Múltipla";"Reta";"Sim";1;0;1;0;0;0;1;1;-22,77496393;-43,40081465;"SPRF-RJ";"DEL01-RJ";"UOP02-DEL01-RJ"
470950;2022-08-28;"domingo";"22:00:00";"AP";156;106;"PORTO GRANDE";"Acessar a via sem observar a presença dos outros veículos";"Colisão traseira";"Com Vítimas Feridas";"Plena Noite";"Crescente";"Céu Claro";"Simples";"Reta";"Sim";3;0;2;0;0;1;2;2;0,70342316;-51,40629407;"SPRF-AP";"DEL01-AP";"UOP01-DEL01-AP"
470951;2022-08-28;"domingo";"22:33:00";"RS";290;102;"PORTO ALEGRE";"Ingestão de álcool pelo condutor";"Saída de leito carroçável";"Com Vítimas Feridas";"Plena Noite";"Crescente";"Céu Claro";"Dupla";"Reta";"Não";2;0;1;0;0;1;1;2;-29,987228;-51,25613;"SPRF-RS";"DEL01-RS";"UOP01-DEL01-RS"
470952;2022-08-28;"domingo";"22:50:00";"PB";230;123,4;"RIACHAO DO BACAMARTE";"Ingestão de álcool pelo condutor";"Queda de ocupante de veículo";"Com Vítimas Feridas";"Plena Noite";"Crescente";"Céu Claro";"Simples";"Reta";"Não";2;0;1;1;0;0;2;1;-7,2478;-35,6672;"SPRF-PB";"DEL02-PB";"UOP01-DEL02-PB"
470953;2022-08-28;"domingo";"19:10:00";"MA";135;388;"SAO DOMINGOS DO MARANHAO";"Ingestão de álcool pelo condutor";"Colisão frontal";"Com Vítimas Fatais";"Plena Noite";"Decrescente";"Ignorado";"Simples";"Reta";"Não";2;1;1;0;0;0;1;2;-5,67960388;-44,35321259;"SPRF-MA";"DEL06-MA";"UOP01-DEL06-MA"
470954;2022-08-28;"domingo";"21:50:00";"SP";116;548;"BARRA DO TURVO";"Chuva";"Saída de leito carroçável";"Com Vítimas Feridas";"Plena Noite";"Crescente";"Chuva";"Simples";"Curva";"Não";3;0;1;0;2;0;1;1;-24,95393;-48,447268;"SPRF-SP";"DEL05-SP";"UOP02-DEL05-SP"
470955;2022-08-28;"domingo";"20:20:00";"RO";364;21;"VILHENA";"Pedestre andava na pista";"Atropelamento de Pedestre";"Com Vítimas Fatais";"Plena Noite";"Crescente";"Céu Claro";"Simples";"Reta";"Não";2;1;0;0;1;0;0;2;-12,725748;-60,196855;"SPRF-RO";"DEL04-RO";"UOP01-DEL04-RO"
470956;2022-08-29;"segunda-feira";"00:05:00";"RJ";101;65;"CAMPOS DOS GOYTACAZES";"Transitar na contramão";"Colisão frontal";"Com Vítimas Feridas";"Plena Noite";"Decrescente";"Céu Claro";"Simples";"Reta";"Sim";3;0;0;1;2;0;1;2;-21,75371806;-41,344292;"SPRF-RJ";"DEL08-RJ";"UOP02-DEL08-RJ"
470957;2022-08-28;"domingo";"23:22:00";"SC";101;199;"BIGUACU";"Velocidade Incompatível";"Colisão traseira";"Sem Vítimas";"Plena Noite";"Crescente";"Céu Claro";"Dupla";"Reta";"Sim";2;0;0;0;2;0;0;2;-27,53413705;-48,63003205;"SPRF-SC";"DEL01-SC";"UOP01-DEL01-SC"
470960;2022-08-28;"domingo";"21:10:00";"GO";251;32;"CRISTALINA";"Ingestão de álcool pelo condutor";"Colisão frontal";"Com Vítimas Feridas";"Plena Noite";"Crescente";"Céu Claro";"Simples";"Reta";"Não";5;0;2;1;1;1;3;2;-16,06677565;-47,53166968;"SPRF-DF";"DEL01-DF";"UOP01-DEL01-DF"
470964;2022-08-28;"domingo";"22:10:00";"BA";101;191,8;"CONCEICAO DA FEIRA";"Ingestão de álcool pelo condutor";"Saída de leito carroçável";"Com Vítimas Feridas";"Plena Noite";"Crescente";"Céu Claro";"Dupla";"Declive";"Não";5;0;4;1;0;0;5;1;-12,59676106;-38,99611595;"SPRF-BA";"DEL01-BA";"UOP03-DEL01-BA"
470965;2022-08-29;"segunda-feira";"00:30:00";"PR";277;81;"CURITIBA";"Velocidade Incompatível";"Colisão traseira";"Com Vítimas Feridas";"Plena Noite";"Decrescente";"Céu Claro";"Múltipla";"Reta";"Sim";4;0;1;0;3;0;1;3;-25,45776509;-49,22232948;"SPRF-PR";"DEL01-PR";"UOP01-DEL01-PR"
470966;2022-08-29;"segunda-feira";"00:40:00";"MG";40;43;"PARACATU";"Ingestão de álcool e/ou substâncias psicoativas pelo pedestre";"Saída de leito carroçável";"Sem Vítimas";"Plena Noite";"Decrescente";"Céu Claro";"Simples";"Reta";"Não";1;0;0;0;1;0;0;1;-17,22598002;-46,86163701;"SPRF-MG";"DEL14-MG";"UOP01-DEL14-MG"
470967;2022-08-29;"segunda-feira";"00:20:00";"SP";101;33;"UBATUBA";"Pedestre andava na pista";"Atropelamento de Pedestre";"Com Vítimas Feridas";"Plena Noite";"Crescente";"Chuva";"Simples";"Em Obras";"Não";2;0;1;0;0;1;1;2;-23,38946598;-44,99162078;"SPRF-SP";"DEL06-SP";"UOP01-DEL06-SP"
470969;2022-08-29;"segunda-feira";"01:40:00";"RS";392;297,3;"SAO SEPE";"Ingestão de álcool pelo condutor";"Colisão transversal";"Sem Vítimas";"Plena Noite";"Crescente";"Céu Claro";"Simples";"Declive;Interseção de Vias;Rotatória";"Sim";4;0;0;0;4;0;0;2;-30,16486664;-53,58333549;"SPRF-RS";"DEL09-RS";"UOP01-DEL09-RS"
470971;2022-08-29;"segunda-feira";"00:10:00";"BA";367;26;"PORTO SEGURO";"Reação tardia ou ineficiente do condutor";"Tombamento";"Com Vítimas Feridas";"Plena Noite";"Decrescente";"Céu Claro";"Simples";"Reta";"Sim";1;0;1;0;0;0;1;1;-16,43071712;-39,09561713;"SPRF-BA";"DEL09-BA";"UOP03-DEL09-BA"
470973;2022-08-29;"segunda-feira";"02:30:00";"RS";470;222;"GARIBALDI";"Ingestão de álcool pelo condutor";"Saída de leito carroçável";"Sem Vítimas";"Plena Noite";"Crescente";"Céu Claro";"Dupla";"Reta";"Sim";2;0;0;0;2;0;0;1;-29,20372835;-51,51786908;"SPRF-RS";"DEL06-RS";"UOP01-DEL06-RS"
470975;2022-08-29;"segunda-feira";"02:19:00";"RJ";116;207;"SEROPEDICA";"Mal súbito do condutor";"Tombamento";"Com Vítimas Feridas";"Plena Noite";"Decrescente";"Garoa/Chuvisco";"Dupla";"Reta";"Não";2;0;1;0;1;0;1;1;-22,71697347;-43,71734619;"SPRF-RJ";"DEL01-RJ";"UOP03-DEL01-RJ"
470976;2022-08-28;"domingo";"20:40:00";"PI";135;191;"MANOEL EMIDIO";"Ausência de reação do condutor";"Colisão com objeto";"Com Vítimas Fatais";"Plena Noite";"Crescente";"Céu Claro";"Simples";"Reta";"Não";1;1;0;0;0;0;0;1;-8,08594805;-43,81418469;"SPRF-PI";"DEL03-PI";"UOP01-DEL03-PI"
470977;2022-08-29;"segunda-feira";"01:50:00";"SC";101;82,4;"BARRA VELHA";"Velocidade Incompatível";"Saída de leito carroçável";"Com Vítimas Feridas";"Plena Noite";"Crescente";"Nublado";"Simples";"Rotatória";"Não";1;0;1;0;0;0;1;1;-26,61085222;-48,72204472;"SPRF-SC";"DEL03-SC";"UOP02-DEL03-SC"
470978;2022-08-29;"segunda-feira";"03:00:00";"GO";414;421;"ABADIANIA";"Estacionar ou parar em local proibido";"Colisão traseira";"Sem Vítimas";"Plena Noite";"Crescente";"Ignorado";"Simples";"Reta";"Não";2;0;0;0;2;0;0;2;-16,13214805;-48,89319713;"SPRF-GO";"DEL02-GO";"UOP01-DEL02-GO"
470980;2022-08-29;"segunda-feira";"02:20:00";"RS";116;296;"GUAIBA";"Ingestão de álcool pelo condutor";"Saída de leito carroçável";"Com Vítimas Feridas";"Plena Noite";"Decrescente";"Céu Claro";"Dupla";"Viaduto";"Sim";6;0;3;2;1;0;5;1;-30,08861201;-51,34229993;"SPRF-RS";"DEL02-RS";"UOP01-DEL02-RS"
470981;2022-08-29;"segunda-feira";"02:20:00";"PR";467;81,3;"CASCAVEL";"Animais na Pista";"Atropelamento de Animal";"Com Vítimas Feridas";"Plena Noite";"Crescente";"Ignorado";"Dupla";"Reta";"Não";1;0;1;0;0;0;1;1;-24,7961;-53,6747;"SPRF-PR";"DEL04-PR";"UOP01-DEL04-PR"
470982;2022-08-29;"segunda-feira";"04:15:00";"RS";470;176,9;"VERANOPOLIS";"Conversão proibida";"Colisão transversal";"Com Vítimas Feridas";"Plena Noite";"Crescente";"Nublado";"Simples";"Reta";"Sim";2;0;1;0;1;0;1;2;-28,929109;-51,54315;"SPRF-RS";"DEL06-RS";"UOP02-DEL06-RS"
470983;2022-08-28;"domingo";"23:00:00";"RS";285;589;"BOSSOROCA";"Ingestão de álcool pelo condutor";"Capotamento";"Com Vítimas Feridas";"Plena Noite";"Decrescente";"Céu Claro";"Simples";"Reta";"Não";1;0;1;0;0;0;1;1;-28,475033;-55,173229;"SPRF-RS";"DEL12-RS";"UOP01-DEL12-RS"
470984;2022-08-28;"domingo";"23:50:00";"BA";135;293;"SAO DESIDERIO";"Animais na Pista";"Atropelamento de Animal";"Com Vítimas Fatais";"Plena Noite";"Crescente";"Nublado";"Simples";"Reta";"Não";2;1;0;1;0;0;1;2;-12,94493402;-44,65561016;"SPRF-BA";"DEL10-BA";"UOP01-DEL10-BA"
470986;2022-08-29;"segunda-feira";"04:30:00";"SC";470;227;"SAO CRISTOVAO DO SUL";"Ausência de reação do condutor";"Saída de leito carroçável";"Sem Vítimas";"Plena Noite";"Crescente";"Nevoeiro/Neblina";"Simples";"Curva";"Não";1;0;0;0;0;1;0;1;-27,324558;-50,369602;"SPRF-SC";"DEL05-SC";"UOP03-DEL05-SC"
470990;2022-08-28;"domingo";"20:15:00";"GO";414;303;"VILA PROPICIO";"Ingestão de álcool pelo condutor";"Saída de leito carroçável";"Sem Vítimas";"Plena Noite";"Crescente";"Céu Claro";"Simples";"Reta";"Não";1;0;0;0;1;0;0;1;-15,20091703;-48,70185812;"SPRF-GO";"DEL02-GO";"UOP01-DEL02-GO"
470991;2022-08-28;"domingo";"19:25:00";"SC";101;399;"MARACAJA";"Ausência de reação do condutor";"Colisão frontal";"Com Vítimas Feridas";"Plena Noite";"Crescente";"Ignorado";"Múltipla";"Interseção de Vias";"Sim";2;0;0;1;1;0;1;2;-28,84171475;-49,42814418;"SPRF-SC";"DEL02-SC";"UOP02-DEL02-SC"
470992;2022-08-29;"segunda-feira";"06:00:00";"MG";381;932,5;"EXTREMA";"Velocidade Incompatível";"Saída de leito carroçável";"Com Vítimas Feridas";"Amanhecer";"Crescente";"Garoa/Chuvisco";"Dupla";"Curva";"Não";2;0;1;0;1;0;1;1;-22,81198015;-46,28431295;"SPRF-MG";"DEL16-MG";"UOP03-DEL16-MG"
470993;2022-08-29;"segunda-feira";"05:50:00";"PE";101;43,6;"IGARASSU";"Frear bruscamente";"Colisão traseira";"Sem Vítimas";"Pleno dia";"Crescente";"Nublado";"Múltipla";"Reta";"Não";2;0;0;0;1;1;0;2;-7,84753808;-34,90977038;"SPRF-PE";"DEL01-PE";"UOP02-DEL01-PE"
470995;2022-08-29;"segunda-feira";"06:20:00";"PR";369;166,3;"CAMBE";"Reação tardia ou ineficiente do condutor";"Tombamento";"Com Vítimas Feridas";"Amanhecer";"Crescente";"Céu Claro";"Dupla";"Retorno Regulamentado";"Sim";1;0;1;0;0;0;1;1;-23,295201;-51,308375;"SPRF-PR";"DEL07-PR";"UOP01-DEL07-PR"
470997;2022-08-29;"segunda-feira";"06:30:00";"RJ";116;175;"NOVA IGUACU";"Reação tardia ou ineficiente do condutor";"Queda de ocupante de veículo";"Com Vítimas Feridas";"Pleno dia";"Decrescente";"Garoa/Chuvisco";"Dupla";"Reta";"Não";1;0;1;0;0;0;1;1;-22,78923555;-43,37275272;"SPRF-RJ";"DEL01-RJ";"UOP02-DEL01-RJ"
471002;2022-08-29;"segunda-feira";"07:25:00";"GO";40;22;"LUZIANIA";"Acessar a via sem observar a presença dos outros veículos";"Colisão lateral mesmo sentido";"Com Vítimas Feridas";"Pleno dia";"Decrescente";"Céu Claro";"Dupla";"Reta";"Sim";2;0;1;0;1;0;1;2;-16,227484;-47,914109;"SPRF-DF";"DEL01-DF";"UOP01-DEL01-DF"
471004;2022-08-29;"segunda-feira";"07:30:00";"CE";116;15;"FORTALEZA";"Frear bruscamente";"Tombamento";"Com Vítimas Feridas";"Pleno dia";"Decrescente";"Céu Claro";"Dupla";"Reta";"Sim";2;0;1;1;0;0;2;1;-3,87839882;-38,50066893;"SPRF-CE";"DEL01-CE";"UOP02-DEL01-CE"