"id";"data_inversa";"dia_semana";"horario";"uf";"br";"km";"municipio";"causa_acidente";"tipo_acidente";"classificacao_acidente";"fase_dia";"sentido_via";"condicao_metereologica";"tipo_pista";"tracado_via";"uso_solo";"pessoas";"mortos";"feridos_leves";"feridos_graves";"ilesos";"ignorados";"feridos";"veiculos";"latitude";"longitude";"regional";"delegacia";"uop"
471006;2022-08-29;"segunda-feira";"08:11:00";"PE";316;83;"OURICURI";"Velocidade Incompatível";"Colisão com objeto";"Com Vítimas Feridas";"Pleno dia";"Decrescente";"Céu Claro";"Simples";"Reta";"Sim";2;0;1;1;0;0;2;1;-7,87468608;-40,08532003;"SPRF-PE";"DEL05-PE";"UOP02-DEL05-PE"
471007;2022-08-29;"segunda-feira";"01:35:00";"MG";381;302;"ANTONIO DIAS";"Deficiência do Sistema de Iluminação/Sinalização";"Saída de leito carroçável";"Com Vítimas Feridas";"Plena Noite";"Crescente";"Céu Claro";"Dupla";"Curva";"Não";1;0;1;0;0;0;1;1;-19,62666205;-42,87088394;"SPRF-MG";"DEL03-MG";"UOP02-DEL03-MG"
471008;2022-08-29;"segunda-feira";"04:45:00";"RJ";116;139;"DUQUE DE CAXIAS";"Pedestre cruzava a pista fora da faixa";"Atropelamento de Pedestre";"Com Vítimas Feridas";"Plena Noite";"Crescente";"Chuva";"Dupla";"Reta";"Sim";2;0;0;2;0;0;2;2;-22,659084;-43,250624;"SPRF-RJ";"DEL01-RJ";"UOP01-DEL01-RJ"
471009;2022-08-29;"segunda-feira";"08:17:00";"TO";153;138;"WANDERLANDIA";"Desrespeitar a preferência no cruzamento";"Colisão transversal";"Com Vítimas Feridas";"Pleno dia";"Crescente";"Céu Claro";"Dupla";"Rotatória";"Sim";1;0;0;1;0;0;1;1;-7,15509994;-48,20416232;"SPRF-TO";"DEL02-TO";"UOP01-DEL02-TO"
471010;2022-08-29;"segunda-feira";"08:15:00";"PR";369;152;"LONDRINA";"Trafegar com motocicleta (ou similar) entre as faixas";"Colisão lateral mesmo sentido";"Com Vítimas Feridas";"Pleno dia";"Crescente";"Céu Claro";"Dupla";"Reta";"Sim";2;0;1;0;1;0;1;2;-23,29271714;-51,18405819;"SPRF-PR";"DEL07-PR";"UOP01-DEL07-PR"
471012;2022-08-29;"segunda-feira";"08:00:00";"SC";282;5;"SAO JOSE";"Condutor deixou de manter distância do veículo da frente";"Colisão traseira";"Com Vítimas Feridas";"Pleno dia";"Decrescente";"Céu Claro";"Dupla";"Reta";"Sim";2;0;1;0;1;0;1;2;-27,588425;-48,612919;"SPRF-SC";"DEL01-SC";"UOP01-DEL01-SC"
471013;2022-08-29;"segunda-feira";"07:40:00";"PB";230;154,9;"CAMPINA GRANDE";"Conversão proibida";"Colisão transversal";"Com Vítimas Feridas";"Pleno dia";"Decrescente";"Céu Claro";"Simples";"Reta";"Sim";3;0;2;0;1;0;2;2;-7,2777;-35,8985;"SPRF-PB";"DEL02-PB";"UOP01-DEL02-PB"
471015;2022-08-29;"segunda-feira";"07:30:00";"RJ";40;100;"DUQUE DE CAXIAS";"Pista Escorregadia";"Capotamento";"Com Vítimas Feridas";"Pleno dia";"Decrescente";"Garoa/Chuvisco";"Simples";"Curva";"Não";2;0;1;0;1;0;1;1;-22,601599;-43,28062982;"SPRF-RJ";"DEL01-RJ";"UOP01-DEL01-RJ"
471017;2022-08-29;"segunda-feira";"08:45:00";"RN";304;296;"MACAIBA";"Acessar a via sem observar a presença dos outros veículos";"Colisão transversal";"Com Vítimas Feridas";"Pleno dia";"Crescente";"Céu Claro";"Simples";"Declive";"Sim";3;0;3;0;0;0;3;2;-5,86484905;-35,34931012;"SPRF-RN";"DEL01-RN";"UOP02-DEL01-RN"
471018;2022-08-29;"segunda-feira";"08:40:00";"RN";101;97,1;"NATAL";"Ausência de reação do condutor";"Colisão lateral mesmo sentido";"Com Vítimas Feridas";"Pleno dia";"Crescente";"Sol";"Múltipla";"Reta";"Sim";2;0;0;1;1;0;1;2;-5,85757387;-35,21309137;"SPRF-RN";"DEL01-RN";"UOP01-DEL01-RN"
471019;2022-08-29;"segunda-feira";"08:20:00";"RS";116;151;"CAXIAS DO SUL";"Condutor deixou de manter distância do veículo da frente";"Colisão traseira";"Com Vítimas Feridas";"Pleno dia";"Decrescente";"Céu Claro";"Dupla";"Reta";"Sim";2;0;1;0;1;0;1;2;-29,17694502;-51,16173896;"SPRF-RS";"DEL05-RS";"UOP01-DEL05-RS"
471020;2022-08-29;"segunda-feira";"01:30:00";"BA";420;322;"ITAQUARA";"Ingestão de álcool pelo condutor";"Colisão traseira";"Com Vítimas Feridas";"Plena Noite";"Crescente";"Ignorado";"Simples";"Declive";"Não";3;0;2;1;0;0;3;2;-13,40422099;-39,90122402;"SPRF-BA";"DEL03-BA";"UOP01-DEL03-BA"
471028;2022-08-29;"segunda-feira";"08:00:00";"SC";282;5;"SAO JOSE";"Ausência de reação do condutor";"Colisão lateral mesmo sentido";"Com Vítimas Feridas";"Pleno dia";"Decrescente";"Céu Claro";"Dupla";"Curva";"Sim";3;0;1;1;1;0;2;2;-27,588425;-48,612919;"SPRF-SC";"DEL01-SC";"UOP01-DEL01-SC"
471030;2022-08-29;"segunda-feira";"02:21:00";"RS";116;296,6;"GUAIBA";"Ausência de reação do condutor";"Atropelamento de Pedestre";"Com Vítimas Fatais";"Plena Noite";"Decrescente";"Céu Claro";"Simples";"Viaduto";"Sim";3;1;0;0;0;2;0;2;-30,08861201;-51,34229993;"SPRF-RS";"DEL02-RS";"UOP01-DEL02-RS"
471031;2022-08-29;"segunda-feira";"08:30:00";"PR";476;153,1;"ARAUCARIA";"Ausência de reação do condutor";"Colisão traseira";"Com Vítimas Feridas";"Pleno dia";"Decrescente";"Céu Claro";"Dupla";"Reta";"Sim";5;0;3;0;2;0;3;2;-25,577307;-49,392338;"SPRF-PR";"DEL01-PR";"UOP03-DEL01-PR"
471034;2022-08-29;"segunda-feira";"07:00:00";"CE";116;18;"EUSEBIO";"Ausência de reação do condutor";"Tombamento";"Com Vítimas Feridas";"Pleno dia";"Decrescente";"Céu Claro";"Dupla";"Reta";"Sim";1;0;1;0;0;0;1;1;-3,90496605;-38,50518756;"SPRF-CE";"DEL01-CE";"UOP02-DEL01-CE"
471035;2022-08-29;"segunda-feira";"07:30:00";"RS";293;36,4;"MORRO REDONDO";"Acessar a via sem observar a presença dos outros veículos";"Colisão lateral mesmo sentido";"Sem Vítimas";"Pleno dia";"Decrescente";"Nublado";"Simples";"Reta";"Não";2;0;0;0;2;0;0;2;-31,73886586;-52,683306;"SPRF-RS";"DEL07-RS";"UOP01-DEL07-RS"
471036;2022-08-19;"sexta-feira";"20:05:00";"RR";210;119;"SAO JOAO DA BALIZA";"Ingestão de álcool pelo condutor";"Atropelamento de Pedestre";"Com Vítimas Feridas";"Plena Noite";"Crescente";"Céu Claro";"Simples";"Reta";"Não";2;0;0;1;1;0;1;2;0,95523866;-59,94278418;"SPRF-RR";"DEL01-RR";"UOP01-DEL01-RR"
471037;2022-08-29;"segunda-feira";"09:40:00";"AL";104;88,7;"RIO LARGO";"Obras na pista";"Eventos atípicos";"Com Vítimas Feridas";"Pleno dia";"Decrescente";"Sol";"Dupla";"Reta";"Sim";2;0;1;0;1;0;1;2;-9,49216808;-35,81471324;"SPRF-AL";"DEL01-AL";"UOP01-DEL01-AL"
471039;2022-08-28;"domingo";"01:40:00";"MG";50;120,1;"UBERABA";"Condutor Dormindo";"Saída de leito carroçável";"Com Vítimas Feridas";"Plena Noite";"Decrescente";"Céu Claro";"Dupla";"Reta";"Não";2;0;2;0;0;0;2;1;-19,30808397;-48,11010894;"SPRF-MG";"DEL13-MG";"UOP01-DEL13-MG"
471040;2022-08-29;"segunda-feira";"08:51:00";"MG";116;585,5;"MANHUACU";"Reação tardia ou ineficiente do condutor";"Colisão traseira";"Com Vítimas Feridas";"Pleno dia";"Decrescente";"Nublado";"Simples";"Reta";"Sim";4;0;2;0;2;0;2;2;-20,22987753;-42,17260057;"SPRF-MG";"DEL06-MG";"UOP03-DEL06-MG"
471041;2022-08-29;"segunda-feira";"08:30:00";"AC";364;132;"RIO BRANCO";"Acesso irregular";"Colisão transversal";"Com Vítimas Feridas";"Pleno dia";"Crescente";"Céu Claro";"Dupla";"Rotatória";"Sim";3;0;0;1;2;0;1;2;-10,01005063;-67,84552927;"SPRF-AC";"DEL01-AC";"UOP01-DEL01-AC"
471043;2022-08-29;"segunda-feira";"10:30:00";"PE";232;4;"RECIFE";"Reação tardia ou ineficiente do condutor";"Queda de ocupante de veículo";"Com Vítimas Feridas";"Pleno dia";"Crescente";"Céu Claro";"Simples";"Curva";"Sim";1;0;1;0;0;0;1;1;-8,06463968;-34,94118323;"SPRF-PE";"DEL01-PE";"UOP01-DEL01-PE"
471044;2022-08-20;"sábado";"17:00:00";"RR";432;211;"CANTA";"Ingestão de álcool pelo condutor";"Saída de leito carroçável";"Sem Vítimas";"Pleno dia";"Crescente";"Céu Claro";"Simples";"Reta";"Não";2;0;0;0;1;1;0;1;2,780354;-60,60918994;"SPRF-RR";"DEL01-RR";"UOP01-DEL01-RR"
471046;2022-08-29;"segunda-feira";"11:00:00";"DF";40;8;"BRASILIA";"Acumulo de óleo sobre o pavimento";"Tombamento";"Com Vítimas Feridas";"Pleno dia";"Crescente";"Céu Claro";"Dupla";"Viaduto;Curva";"Não";1;0;1;0;0;0;1;1;-16,038666;-47,979691;"SPRF-DF";"DEL01-DF";"UOP01-DEL01-DF"
471047;2022-08-29;"segunda-feira";"09:20:00";"PE";101;172;"JOAQUIM NABUCO";"Mal súbito do condutor";"Saída de leito carroçável";"Com Vítimas Feridas";"Pleno dia";"Crescente";"Nublado";"Dupla";"Reta";"Não";4;0;4;0;0;0;4;1;-8,58971231;-35,51252489;"SPRF-PE";"DEL01-PE";"UOP03-DEL01-PE"
471048;2022-08-29;"segunda-feira";"06:47:00";"GO";60;109;"GOIANAPOLIS";"Velocidade Incompatível";"Queda de ocupante de veículo";"Com Vítimas Feridas";"Pleno dia";"Crescente";"Céu Claro";"Dupla";"Reta";"Não";1;0;0;1;0;0;1;1;-16,4478;-49,0224;"SPRF-GO";"DEL02-GO";"UOP01-DEL02-GO"
471050;2022-08-29;"segunda-feira";"10:38:00";"SC";101;209;"SAO JOSE";"Condutor deixou de manter distância do veículo da frente";"Colisão traseira";"Com Vítimas Feridas";"Pleno dia";"Decrescente";"Céu Claro";"Múltipla";"Reta";"Sim";2;0;1;0;1;0;1;2;-27,61000542;-48,63895057;"SPRF-SC";"DEL01-SC";"UOP01-DEL01-SC"
471051;2022-08-29;"segunda-feira";"09:43:00";"SC";280;165,3;"MAFRA";"Transitar na contramão";"Colisão lateral sentido oposto";"Com Vítimas Feridas";"Pleno dia";"Decrescente";"Céu Claro";"Simples";"Reta";"Sim";2;0;0;1;1;0;1;2;-26,18505272;-49,8119696;"SPRF-SC";"DEL06-SC";"UOP01-DEL06-SC"
471052;2022-08-29;"segunda-feira";"09:48:00";"ES";101;65;"SAO MATEUS";"Ausência de reação do condutor";"Queda de ocupante de veículo";"Com Vítimas Feridas";"Pleno dia";"Decrescente";"Sol";"Simples";"Viaduto";"Não";1;0;1;0;0;0;1;1;-18,70935945;-39,87762087;"SPRF-ES";"DEL04-ES";"UOP02-DEL04-ES"
471053;2022-08-29;"segunda-feira";"10:05:00";"SC";101;435;"SOMBRIO";"Reação tardia ou ineficiente do condutor";"Colisão transversal";"Com Vítimas Feridas";"Pleno dia";"Crescente";"Céu Claro";"Simples";"Reta";"Sim";2;0;1;0;1;0;1;2;-29,09949414;-49,63480552;"SPRF-SC";"DEL02-SC";"UOP02-DEL02-SC"
471054;2022-08-29;"segunda-feira";"10:09:00";"RJ";101;297;"ITABORAI";"Reação tardia ou ineficiente do condutor";"Colisão traseira";"Com Vítimas Feridas";"Pleno dia";"Crescente";"Chuva";"Dupla";"Aclive";"Sim";4;0;2;0;2;0;2;2;-22,76942037;-42,91873581;"SPRF-RJ";"DEL02-RJ";"UOP02-DEL02-RJ"
471055;2022-08-29;"segunda-feira";"10:00:00";"RJ";101;406;"ITAGUAI";"Avarias e/ou desgaste excessivo no pneu";"Colisão com objeto";"Com Vítimas Feridas";"Pleno dia";"Decrescente";"Chuva";"Dupla";"Reta";"Sim";1;0;1;0;0;0;1;1;-22,87188798;-43,80896322;"SPRF-RJ";"DEL03-RJ";"UOP01-DEL03-RJ"
471056;2022-08-29;"segunda-feira";"11:45:00";"RJ";101;331;"RIO DE JANEIRO";"Condutor deixou de manter distância do veículo da frente";"Colisão traseira";"Com Vítimas Feridas";"Pleno dia";"Decrescente";"Nublado";"Dupla";"Reta";"Não";2;0;0;1;1;0;1;2;-22,867662;-43,195337;"SPRF-RJ";"DEL02-RJ";"UOP01-DEL02-RJ"
471058;2022-08-29;"segunda-feira";"13:00:00";"RJ";101;98;"CAMPOS DOS GOYTACAZES";"Acumulo de água sobre o pavimento";"Saída de leito carroçável";"Com Vítimas Feridas";"Pleno dia";"Crescente";"Chuva";"Dupla";"Curva";"Não";2;0;2;0;0;0;2;1;-21,87578294;-41,57377702;"SPRF-RJ";"DEL08-RJ";"UOP02-DEL08-RJ"
471060;2022-08-29;"segunda-feira";"09:50:00";"MT";70;382,1;"CAMPO VERDE";"Acessar a via sem observar a presença dos outros veículos";"Colisão transversal";"Com Vítimas Feridas";"Pleno dia";"Decrescente";"Céu Claro";"Simples";"Reta;Interseção de Vias";"Sim";2;0;0;1;1;0;1;2;-15,5271639;-55,1308021;"SPRF-MT";"DEL05-MT";"UOP02-DEL05-MT"
471062;2022-08-29;"segunda-feira";"12:10:00";"PA";230;110;"MARABA";"Ausência de reação do condutor";"Colisão lateral mesmo sentido";"Com Vítimas Feridas";"Pleno dia";"Decrescente";"Céu Claro";"Simples";"Interseção de Vias;Reta";"Sim";2;0;1;0;1;0;1;2;-5,37342727;-49,03126806;"SPRF-PA";"DEL03-PA";"UOP01-DEL03-PA"
471064;2022-08-29;"segunda-feira";"08:11:00";"RS";285;123,4;"VACARIA";"Conversão proibida";"Colisão traseira";"Com Vítimas Feridas";"Pleno dia";"Crescente";"Céu Claro";"Simples";"Reta";"Sim";2;0;1;0;1;0;1;2;-28,49509614;-50,95363498;"SPRF-RS";"DEL05-RS";"UOP03-DEL05-RS"
471065;2022-08-29;"segunda-feira";"10:10:00";"RO";364;13;"VILHENA";"Condutor deixou de manter distância do veículo da frente";"Colisão traseira";"Com Vítimas Feridas";"Pleno dia";"Crescente";"Céu Claro";"Dupla";"Reta";"Sim";2;0;1;0;1;0;1;2;-12,74140004;-60,13026401;"SPRF-RO";"DEL04-RO";"UOP01-DEL04-RO"
471066;2022-08-29;"segunda-feira";"13:30:00";"SC";101;117,9;"ITAJAI";"Ausência de reação do condutor";"Tombamento";"Com Vítimas Feridas";"Pleno dia";"Crescente";"Céu Claro";"Múltipla";"Reta";"Sim";1;0;1;0;0;0;1;1;-26,88747187;-48,72252969;"SPRF-SC";"DEL04-SC";"UOP04-DEL04-SC"
471067;2022-08-29;"segunda-feira";"13:25:00";"PR";277;664;"MEDIANEIRA";"Reação tardia ou ineficiente do condutor";"Saída de leito carroçável";"Com Vítimas Feridas";"Pleno dia";"Decrescente";"Céu Claro";"Dupla";"Curva";"Não";1;0;0;1;0;0;1;1;-25,25301037;-54,02857196;"SPRF-PR";"DEL05-PR";"UOP02-DEL05-PR"
471070;2022-08-29;"segunda-feira";"07:45:00";"PI";316;272,8;"DOM EXPEDITO LOPES";"Desrespeitar a preferência no cruzamento";"Colisão transversal";"Com Vítimas Feridas";"Pleno dia";"Crescente";"Sol";"Simples";"Interseção de Vias;Curva";"Não";4;0;0;2;2;0;2;2;-6,93433826;-41,74457258;"SPRF-PI";"DEL04-PI";"UOP01-DEL04-PI"
471071;2022-05-02;"segunda-feira";"18:00:00";"BA";324;619;"SALVADOR";"Reação tardia ou ineficiente do condutor";"Colisão traseira";"Com Vítimas Feridas";"Anoitecer";"Crescente";"Ignorado";"Dupla";"Reta";"Não";2;0;1;0;0;1;1;2;-12,90844288;-38,45773816;"SPRF-BA";"DEL01-BA";"UOP01-DEL01-BA"
471073;2022-08-29;"segunda-feira";"13:30:00";"RJ";40;75;"PETROPOLIS";"Velocidade Incompatível";"Colisão com objeto";"Com Vítimas Feridas";"Pleno dia";"Crescente";"Chuva";"Simples";"Curva";"Não";1;0;1;0;0;0;1;1;-22,46857126;-43,22958698;"SPRF-RJ";"DEL06-RJ";"UOP01-DEL06-RJ"
471074;2022-08-29;"segunda-feira";"07:30:00";"MT";364;1169;"CAMPOS DE JULIO";"Demais falhas mecânicas ou elétricas";"Incêndio";"Sem Vítimas";"Pleno dia";"Crescente";"Sol";"Simples";"Aclive";"Não";1;0;0;0;1;0;0;1;-13,62696411;-59,1238449;"SPRF-MT";"DEL04-MT";"UOP01-DEL04-MT"
471075;2022-08-29;"segunda-feira";"14:30:00";"GO";40;14,9;"LUZIANIA";"Pista Escorregadia";"Queda de ocupante de veículo";"Com Vítimas Feridas";"Pleno dia";"Decrescente";"Céu Claro";"Dupla";"Reta;Aclive";"Não";1;0;1;0;0;0;1;1;-16,158753;-47,933136;"SPRF-DF";"DEL01-DF";"UOP01-DEL01-DF"
471076;2022-08-29;"segunda-feira";"14:20:00";"SC";282;58,3;"RANCHO QUEIMADO";"Acessar a via sem observar a presença dos outros veículos";"Colisão transversal";"Com Vítimas Feridas";"Pleno dia";"Decrescente";"Céu Claro";"Simples";"Interseção de Vias;Declive";"Não";3;0;1;1;1;0;2;2;-27,68115418;-49,00580406;"SPRF-SC";"DEL01-SC";"UOP03-DEL01-SC"
471077;2022-08-29;"segunda-feira";"14:55:00";"PR";376;658,5;"TIJUCAS DO SUL";"Condutor deixou de manter distância do veículo da frente";"Colisão traseira";"Com Vítimas Feridas";"Pleno dia";"Crescente";"Nublado";"Dupla";"Reta;Declive";"Não";5;0;2;0;3;0;2;2;-25,85084312;-49,00935531;"SPRF-PR";"DEL01-PR";"UOP04-DEL01-PR"
471078;2022-08-29;"segunda-feira";"14:30:00";"RS";116;150;"CAXIAS DO SUL";"Desrespeitar a preferência no cruzamento";"Colisão lateral mesmo sentido";"Com Vítimas Feridas";"Pleno dia";"Crescente";"Céu Claro";"Dupla";"Interseção de Vias";"Sim";3;0;1;0;1;1;1;3;-29,16825735;-51,15880251;"SPRF-RS";"DEL05-RS";"UOP01-DEL05-RS"
471079;2022-08-29;"segunda-feira";"10:00:00";"MG";153;108,3;"PRATA";"Ausência de reação do condutor";"Colisão transversal";"Com Vítimas Feridas";"Pleno dia";"Decrescente";"Céu Claro";"Simples";"Reta";"Sim";3;0;1;0;2;0;1;2;-19,29654087;-48,90748046;"SPRF-MG";"DEL15-MG";"UOP03-DEL15-MG"
471080;2022-08-29;"segunda-feira";"15:07:00";"PE";101;50;"ABREU E LIMA";"Acessar a via sem observar a presença dos outros veículos";"Colisão transversal";"Com Vítimas Feridas";"Pleno dia";"Crescente";"Céu Claro";"Simples";"Reta";"Sim";2;0;1;0;1;0;1;2;-7,90938602;-34,90123228;"SPRF-PE";"DEL01-PE";"UOP02-DEL01-PE"
471081;2022-08-29;"segunda-feira";"15:05:00";"RJ";465;1;"SEROPEDICA";"Reação tardia ou ineficiente do condutor";"Colisão transversal";"Com Vítimas Feridas";"Pleno dia";"Crescente";"Garoa/Chuvisco";"Simples";"Reta";"Sim";5;0;1;0;4;0;1;2;-22,719835;-43,725739;"SPRF-RJ";"DEL01-RJ";"UOP03-DEL01-RJ"
471083;2022-08-28;"domingo";"06:17:00";"RS";285;122,5;"VACARIA";"Reação tardia ou ineficiente do condutor";"Colisão com objeto";"Sem Vítimas";"Amanhecer";"Crescente";"Chuva";"Simples";"Reta";"Sim";1;0;0;0;0;1;0;1;-28,505535;-50,944073;"SPRF-RS";"DEL05-RS";"UOP03-DEL05-RS"
471088;2022-07-12;"terça-feira";"09:00:00";"PI";343;267;"CAMPO MAIOR";"Acesso irregular";"Colisão transversal";"Com Vítimas Feridas";"Pleno dia";"Crescente";"Céu Claro";"Simples";"Reta";"Sim";3;0;1;1;1;0;2;2;-4,836484;-42,181347;"SPRF-PI";"DEL01-PI";"UOP03-DEL01-PI"
471089;2022-08-29;"segunda-feira";"16:00:00";"SC";470;56,3;"BLUMENAU";"Conversão proibida";"Colisão transversal";"Com Vítimas Feridas";"Pleno dia";"Crescente";"Céu Claro";"Simples";"Reta";"Sim";2;0;1;0;1;0;1;2;-26,87674;-49,127743;"SPRF-SC";"DEL04-SC";"UOP01-DEL04-SC"
471090;2022-08-29;"segunda-feira";"15:50:00";"RS";392;349;"SANTA MARIA";"Acessar a via sem observar a presença dos outros veículos";"Colisão transversal";"Com Vítimas Feridas";"Pleno dia";"Crescente";"Sol";"Simples";"Reta;Aclive";"Sim";3;0;0;1;2;0;1;2;-29,744018;-53,79323;"SPRF-RS";"DEL09-RS";"UOP01-DEL09-RS"
471091;2022-07-30;"sábado";"19:00:00";"SC";101;129;"CAMBORIU";"Ausência de reação do condutor";"Colisão lateral mesmo sentido";"Com Vítimas Feridas";"Plena Noite";"Decrescente";"Céu Claro";"Dupla";"Reta";"Sim";2;0;1;0;1;0;1;2;-26,98261366;-48,67355883;"SPRF-SC";"DEL04-SC";"UOP03-DEL04-SC"
471092;2022-08-29;"segunda-feira";"16:20:00";"CE";222;4;"CAUCAIA";"Ausência de reação do condutor";"Colisão traseira";"Com Vítimas Feridas";"Pleno dia";"Crescente";"Céu Claro";"Múltipla";"Reta";"Sim";2;0;1;0;1;0;1;2;-3,74164754;-38,60449792;"SPRF-CE";"DEL01-CE";"UOP01-DEL01-CE"
471093;2022-08-29;"segunda-feira";"16:15:00";"PE";428;188,4;"PETROLINA";"Demais falhas na via";"Colisão lateral mesmo sentido";"Sem Vítimas";"Pleno dia";"Decrescente";"Sol";"Simples";"Curva";"Sim";2;0;0;0;2;0;0;2;-9,37609307;-40,49251556;"SPRF-PE";"DEL06-PE";"UOP01-DEL06-PE"
471094;2022-08-29;"segunda-feira";"12:50:00";"MA";316;548;"CAXIAS";"Acessar a via sem observar a presença dos outros veículos";"Colisão transversal";"Com Vítimas Feridas";"Pleno dia";"Crescente";"Sol";"Simples";"Reta";"Sim";2;0;1;0;1;0;1;2;-4,884605;-43,379627;"SPRF-MA";"DEL03-MA";"UOP02-DEL03-MA"
471096;2022-08-29;"segunda-feira";"15:30:00";"BA";116;16,1;"VITORIA DA CONQUISTA";"Retorno proibido";"Colisão traseira";"Com Vítimas Feridas";"Pleno dia";"Decrescente";"Céu Claro";"Simples";"Reta";"Não";2;0;0;1;1;0;1;2;-14,902375;-40,848615;"SPRF-BA";"DEL08-BA";"UOP01-DEL08-BA"
471097;2022-08-29;"segunda-feira";"16:45:00";"RS";470;165;"VILA FLORES";"Ausência de reação do condutor";"Colisão com objeto";"Com Vítimas Feridas";"Pleno dia";"Decrescente";"Céu Claro";"Simples";"Declive;Curva";"Não";2;0;1;0;0;1;1;2;-28,84442376;-51,57552123;"SPRF-RS";"DEL06-RS";"UOP02-DEL06-RS"
471104;2022-08-29;"segunda-feira";"17:00:00";"SP";0;0;"GUARULHOS";"Acessar a via sem observar a presença dos outros veículos";"Colisão transversal";"Sem Vítimas";"Pleno dia";"Não Informado";"Céu Claro";"Simples";"Interseção de Vias";"Sim";3;0;0;0;3;0;0;2;-23,46802395;-46,50704901;"SPRF-SP";"DEL01-SP";"UOP01-DEL01-SP"
471106;2022-08-29;"segunda-feira";"14:30:00";"PR";376;530,4;"PONTA GROSSA";"Reação tardia ou ineficiente do condutor";"Colisão com objeto";"Com Vítimas Feridas";"Pleno dia";"Decrescente";"Sol";"Dupla";"Reta";"Não";4;0;2;2;0;0;4;1;-25,2986945;-49,89219368;"SPRF-PR";"DEL03-PR";"UOP01-DEL03-PR"
471107;2022-08-29;"segunda-feira";"15:40:00";"MG";116;536,5;"SANTA RITA DE MINAS";"Pedestre cruzava a pista fora da faixa";"Atropelamento de Pedestre";"Com Vítimas Feridas";"Pleno dia";"Crescente";"Céu Claro";"Simples";"Aclive;Curva";"Não";4;0;0;1;3;0;1;2;-19,853337;-42,140656;"SPRF-MG";"DEL06-MG";"UOP02-DEL06-MG"
471108;2022-07-08;"sexta-feira";"09:25:00";"RR";174;3;"BOA VISTA";"Pista esburacada";"Queda de ocupante de veículo";"Com Vítimas Feridas";"Pleno dia";"Crescente";"Céu Claro";"Simples";"Reta";"Não";1;0;1;0;0;0;1;1;2,819364;-60,673775;"SPRF-RR";"DEL01-RR";"UOP01-DEL01-RR"
471109;2022-08-29;"segunda-feira";"17:30:00";"RS";293;2;"PELOTAS";"Desrespeitar a preferência no cruzamento";"Colisão transversal";"Com Vítimas Feridas";"Pleno dia";"Decrescente";"Céu Claro";"Simples";"Rotatória";"Sim";2;0;0;1;1;0;1;2;-31,750426;-52,35999499;"SPRF-RS";"DEL07-RS";"UOP01-DEL07-RS"
471110;2022-08-29;"segunda-feira";"17:00:00";"PA";230;112;"MARABA";"Ausência de reação do condutor";"Engavetamento";"Sem Vítimas";"Pleno dia";"Decrescente";"Céu Claro";"Simples";"Reta;Aclive";"Sim";3;0;0;0;3;0;0;3;-5,36913479;-49,04877095;"SPRF-PA";"DEL03-PA";"UOP01-DEL03-PA"
471111;2022-08-29;"segunda-feira";"08:30:00";"PE";232;250;"ARCOVERDE";"Ingestão de álcool pelo condutor";"Colisão traseira";"Com Vítimas Feridas";"Pleno dia";"Crescente";"Céu Claro";"Simples";"Reta";"Sim";5;0;0;3;2;0;3;3;-8,42350887;-37,05286107;"SPRF-PE";"DEL04-PE";"UOP02-DEL04-PE"
471112;2022-07-08;"sexta-feira";"18:11:00";"RR";401;1;"BOA VISTA";"Acessar a via sem observar a presença dos outros veículos";"Atropelamento de Pedestre";"Com Vítimas Feridas";"Plena Noite";"Decrescente";"Céu Claro";"Dupla";"Reta";"Sim";2;0;2;0;0;0;2;2;2,80229396;-60,68243402;"SPRF-RR";"DEL01-RR";"UOP01-DEL01-RR"
471113;2022-08-29;"segunda-feira";"17:40:00";"CE";222;1,8;"FORTALEZA";"Ausência de reação do condutor";"Colisão lateral mesmo sentido";"Com Vítimas Feridas";"Anoitecer";"Crescente";"Céu Claro";"Múltipla";"Reta";"Não";2;0;1;0;0;1;1;2;-3,737804;-38,578061;"SPRF-CE";"DEL01-CE";"UOP01-DEL01-CE"
471115;2022-08-29;"segunda-feira";"16:50:00";"MG";40;527;"CONTAGEM";"Condutor deixou de manter distância do veículo da frente";"Colisão traseira";"Com Vítimas Feridas";"Pleno dia";"Decrescente";"Céu Claro";"Dupla";"Reta";"Sim";2;0;1;0;1;0;1;2;-19,90149502;-44,04938939;"SPRF-MG";"DEL01-MG";"UOP02-DEL01-MG"
471116;2022-07-30;"sábado";"20:15:00";"SE";101;139,9;"ESTANCIA";"Transitar na contramão";"Colisão frontal";"Sem Vítimas";"Plena Noite";"Crescente";"Céu Claro";"Dupla";"Curva";"Não";2;0;0;0;1;1;0;2;-11,171862;-37,397312;"SPRF-SE";"DEL02-SE";"UOP01-DEL02-SE"
471117;2022-08-29;"segunda-feira";"17:30:00";"RJ";101;417;"MANGARATIBA";"Reação tardia ou ineficiente do condutor";"Saída de leito carroçável";"Com Vítimas Feridas";"Anoitecer";"Decrescente";"Chuva";"Simples";"Curva";"Sim";4;0;4;0;0;0;4;1;-22,91293797;-43,89732384;"SPRF-RJ";"DEL03-RJ";"UOP02-DEL03-RJ"