"id";"data_inversa";"dia_semana";"horario";"uf";"br";"km";"municipio";"causa_acidente";"tipo_acidente";"classificacao_acidente";"fase_dia";"sentido_via";"condicao_metereologica";"tipo_pista";"tracado_via";"uso_solo";"pessoas";"mortos";"feridos_leves";"feridos_graves";"ilesos";"ignorados";"feridos";"veiculos";"latitude";"longitude";"regional";"delegacia";"uop"
471118;2022-08-29;"segunda-feira";"18:20:00";"SP";153;38;"ONDA VERDE";"Desrespeitar a preferência no cruzamento";"Colisão transversal";"Com Vítimas Feridas";"Plena Noite";"Crescente";"Céu Claro";"Simples";"Reta";"Não";3;0;2;0;0;1;2;3;-20,60269191;-49,3205747;"SPRF-SP";"DEL09-SP";"UOP01-DEL09-SP"
471120;2022-08-29;"segunda-feira";"18:50:00";"SC";101;213;"SAO JOSE";"Condutor deixou de manter distância do veículo da frente";"Colisão lateral mesmo sentido";"Com Vítimas Feridas";"Plena Noite";"Decrescente";"Céu Claro";"Múltipla";"Reta";"Sim";2;0;0;1;1;0;1;2;-27,63697369;-48,66514142;"SPRF-SC";"DEL01-SC";"UOP02-DEL01-SC"
471122;2022-08-29;"segunda-feira";"18:55:00";"SP";116;218;"GUARULHOS";"Manobra de mudança de faixa";"Colisão lateral mesmo sentido";"Com Vítimas Feridas";"Plena Noite";"Crescente";"Nublado";"Múltipla";"Reta";"Sim";2;0;1;0;1;0;1;2;-23,457972;-46,479927;"SPRF-SP";"DEL01-SP";"UOP01-DEL01-SP"
471125;2022-08-29;"segunda-feira";"17:54:00";"MA";230;406;"BALSAS";"Desrespeitar a preferência no cruzamento";"Colisão transversal";"Com Vítimas Feridas";"Anoitecer";"Crescente";"Sol";"Simples";"Interseção de Vias;Reta";"Sim";2;0;1;0;1;0;1;2;-7,51971965;-46,05845601;"SPRF-MA";"DEL05-MA";"UOP01-DEL05-MA"
471126;2022-08-29;"segunda-feira";"18:25:00";"PR";158;527,5;"PATO BRANCO";"Acessar a via sem observar a presença dos outros veículos";"Colisão transversal";"Com Vítimas Feridas";"Anoitecer";"Decrescente";"Céu Claro";"Simples";"Reta";"Não";4;0;1;1;2;0;2;2;-26,17598705;-52,66324282;"SPRF-PR";"DEL02-PR";"UOP01-DEL02-PR"
471128;2022-08-29;"segunda-feira";"19:00:00";"GO";40;21;"LUZIANIA";"Animais na Pista";"Atropelamento de Animal";"Com Vítimas Feridas";"Plena Noite";"Crescente";"Céu Claro";"Dupla";"Reta;Aclive";"Sim";2;0;0;2;0;0;2;1;-16,218542;-47,915731;"SPRF-DF";"DEL01-DF";"UOP01-DEL01-DF"
471131;2022-08-29;"segunda-feira";"19:20:00";"DF";20;14,5;"BRASILIA";"Área urbana sem a presença de local apropriado para a travessia de pedestres";"Atropelamento de Pedestre";"Com Vítimas Fatais";"Plena Noite";"Decrescente";"Céu Claro";"Dupla";"Reta";"Sim";2;1;0;0;1;0;0;2;-15,634938;-47,741241;"SPRF-DF";"DEL02-DF";"UOP01-DEL02-DF"
471133;2022-08-29;"segunda-feira";"18:50:00";"PE";104;74;"CARUARU";"Frear bruscamente";"Colisão traseira";"Com Vítimas Feridas";"Plena Noite";"Crescente";"Céu Claro";"Simples";"Curva";"Não";2;0;0;1;0;1;1;2;-8,35180397;-35,98623276;"SPRF-PE";"DEL02-PE";"UOP01-DEL02-PE"
471134;2022-08-29;"segunda-feira";"17:45:00";"PB";230;406;"POMBAL";"Velocidade Incompatível";"Tombamento";"Com Vítimas Feridas";"Anoitecer";"Decrescente";"Céu Claro";"Simples";"Reta";"Sim";2;0;2;0;0;0;2;2;-6,7842;-37,7987;"SPRF-PB";"DEL03-PB";"UOP02-DEL03-PB"
471135;2022-08-29;"segunda-feira";"16:00:00";"PR";277;158,7;"PORTO AMAZONAS";"Desvio temporário";"Colisão lateral mesmo sentido";"Sem Vítimas";"Pleno dia";"Decrescente";"Céu Claro";"Simples";"Reta";"Não";2;0;0;0;2;0;0;2;-25,46689227;-49,90683317;"SPRF-PR";"DEL03-PR";"UOP03-DEL03-PR"
471136;2022-08-29;"segunda-feira";"20:00:00";"PR";369;435,2;"UBIRATA";"Acessar a via sem observar a presença dos outros veículos";"Colisão transversal";"Com Vítimas Feridas";"Plena Noite";"Crescente";"Céu Claro";"Simples";"Interseção de Vias";"Não";4;0;1;0;3;0;1;2;-24,48886698;-52,89419174;"SPRF-PR";"DEL04-PR";"UOP03-DEL04-PR"
471137;2022-08-29;"segunda-feira";"19:30:00";"PR";277;453,1;"LARANJEIRAS DO SUL";"Desrespeitar a preferência no cruzamento";"Colisão transversal";"Com Vítimas Feridas";"Plena Noite";"Decrescente";"Céu Claro";"Simples";"Rotatória;Reta;Declive";"Sim";2;0;1;0;1;0;1;2;-25,38554023;-52,41033424;"SPRF-PR";"DEL04-PR";"UOP02-DEL04-PR"
471138;2022-08-29;"segunda-feira";"16:20:00";"MS";267;654;"PORTO MURTINHO";"Demais falhas mecânicas ou elétricas";"Incêndio";"Sem Vítimas";"Pleno dia";"Crescente";"Céu Claro";"Simples";"Reta";"Não";2;0;0;0;2;0;0;1;-21,72869184;-57,60706991;"SPRF-MS";"DEL05-MS";"UOP01-DEL05-MS"
471139;2022-08-29;"segunda-feira";"17:50:00";"PR";369;12,5;"CAMBARA";"Animais na Pista";"Atropelamento de Animal";"Com Vítimas Feridas";"Pleno dia";"Crescente";"Nublado";"Simples";"Declive";"Não";2;0;2;0;0;0;2;1;-23,01623229;-50,01594543;"SPRF-PR";"DEL07-PR";"UOP01-DEL07-PR"
471142;2022-08-29;"segunda-feira";"17:45:00";"MG";381;309;"ANTONIO DIAS";"Ultrapassagem Indevida";"Saída de leito carroçável";"Com Vítimas Feridas";"Anoitecer";"Crescente";"Céu Claro";"Simples";"Reta";"Não";1;0;1;0;0;0;1;1;-19,656227;-42,958355;"SPRF-MG";"DEL03-MG";"UOP02-DEL03-MG"
471143;2022-08-29;"segunda-feira";"19:00:00";"RJ";101;262;"RIO BONITO";"Acesso irregular";"Capotamento";"Sem Vítimas";"Plena Noite";"Crescente";"Chuva";"Dupla";"Curva";"Sim";1;0;0;0;1;0;0;1;-22,71367506;-42,62052996;"SPRF-RJ";"DEL02-RJ";"UOP03-DEL02-RJ"
471145;2022-08-29;"segunda-feira";"19:15:00";"SC";101;331;"TUBARAO";"Ausência de reação do condutor";"Colisão traseira";"Com Vítimas Feridas";"Plena Noite";"Crescente";"Céu Claro";"Dupla";"Reta";"Não";3;0;1;0;2;0;1;3;-28,45567521;-48,9812689;"SPRF-SC";"DEL02-SC";"UOP01-DEL02-SC"
471146;2022-08-29;"segunda-feira";"13:50:00";"MG";40;448;"CAETANOPOLIS";"Afundamento ou ondulação no pavimento";"Queda de ocupante de veículo";"Com Vítimas Feridas";"Pleno dia";"Decrescente";"Sol";"Simples";"Rotatória";"Não";2;0;0;1;1;0;1;1;-19,301651;-44,377922;"SPRF-MG";"DEL02-MG";"UOP01-DEL02-MG"
471149;2022-08-29;"segunda-feira";"18:20:00";"MA";230;2;"BARAO DE GRAJAU";"Acesso irregular";"Colisão transversal";"Com Vítimas Feridas";"Plena Noite";"Crescente";"Céu Claro";"Simples";"Reta";"Sim";2;0;1;0;1;0;1;2;-6,75451474;-43,02540492;"SPRF-PI";"DEL03-PI";"UOP01-DEL03-PI"
471151;2022-08-29;"segunda-feira";"19:39:00";"SP";116;139;"SAO JOSE DOS CAMPOS";"Avarias e/ou desgaste excessivo no pneu";"Colisão lateral mesmo sentido";"Com Vítimas Feridas";"Plena Noite";"Decrescente";"Céu Claro";"Dupla";"Reta";"Sim";3;0;1;1;1;0;2;2;-23,16153216;-45,80400592;"SPRF-SP";"DEL02-SP";"UOP01-DEL02-SP"
471152;2022-08-29;"segunda-feira";"18:40:00";"AC";364;122;"RIO BRANCO";"Animais na Pista";"Atropelamento de Animal";"Com Vítimas Feridas";"Anoitecer";"Crescente";"Céu Claro";"Dupla";"Reta";"Sim";2;0;1;1;0;0;2;1;-10,01188291;-67,773345;"SPRF-AC";"DEL01-AC";"UOP01-DEL01-AC"
471154;2022-08-29;"segunda-feira";"19:50:00";"SC";101;148,3;"ITAPEMA";"Acessar a via sem observar a presença dos outros veículos";"Colisão transversal";"Com Vítimas Feridas";"Plena Noite";"Crescente";"Céu Claro";"Simples";"Interseção de Vias";"Sim";2;0;0;1;1;0;1;2;-27,10123686;-48,61807962;"SPRF-SC";"DEL04-SC";"UOP03-DEL04-SC"
471156;2022-08-13;"sábado";"19:18:00";"RN";406;75,3;"JANDAIRA";"Deficiência do Sistema de Iluminação/Sinalização";"Colisão lateral mesmo sentido";"Com Vítimas Feridas";"Plena Noite";"Crescente";"Céu Claro";"Simples";"Reta";"Não";3;0;1;0;2;0;1;3;-5,405828;-36,020203;"SPRF-RN";"DEL02-RN";"UOP01-DEL02-RN"
471157;2022-08-29;"segunda-feira";"19:50:00";"SC";101;93;"BARRA VELHA";"Objeto estático sobre o leito carroçável";"Colisão traseira";"Sem Vítimas";"Plena Noite";"Decrescente";"Céu Claro";"Múltipla";"Reta";"Não";2;0;0;0;2;0;0;2;-26,6899011;-48,69663873;"SPRF-SC";"DEL03-SC";"UOP02-DEL03-SC"
471161;2022-08-29;"segunda-feira";"22:10:00";"SC";101;234;"PALHOCA";"Ingestão de álcool pelo condutor";"Queda de ocupante de veículo";"Com Vítimas Feridas";"Plena Noite";"Decrescente";"Céu Claro";"Dupla";"Reta";"Não";1;0;0;1;0;0;1;1;-27,81043812;-48,63537111;"SPRF-SC";"DEL01-SC";"UOP02-DEL01-SC"
471163;2022-08-29;"segunda-feira";"22:50:00";"GO";364;173,7;"JATAI";"Ingestão de álcool e/ou substâncias psicoativas pelo pedestre";"Queda de ocupante de veículo";"Com Vítimas Fatais";"Plena Noite";"Crescente";"Céu Claro";"Simples";"Reta";"Não";1;1;0;0;0;0;0;1;-18,002443;-51,569942;"SPRF-GO";"DEL05-GO";"UOP01-DEL05-GO"
471164;2022-08-29;"segunda-feira";"22:30:00";"GO";60;460;"JATAI";"Reação tardia ou ineficiente do condutor";"Capotamento";"Com Vítimas Feridas";"Plena Noite";"Crescente";"Céu Claro";"Dupla";"Reta";"Não";2;0;1;0;1;0;1;1;-17,8715;-51,6163;"SPRF-GO";"DEL05-GO";"UOP01-DEL05-GO"
471165;2022-08-29;"segunda-feira";"22:00:00";"SP";116;422;"JUQUIA";"Ausência de reação do condutor";"Saída de leito carroçável";"Com Vítimas Feridas";"Plena Noite";"Decrescente";"Chuva";"Dupla";"Reta";"Não";1;0;1;0;0;0;1;1;-24,36454003;-47,69203096;"SPRF-SP";"DEL05-SP";"UOP01-DEL05-SP"
471166;2022-08-29;"segunda-feira";"23:15:00";"MG";381;492,9;"BETIM";"Reação tardia ou ineficiente do condutor";"Queda de ocupante de veículo";"Com Vítimas Feridas";"Plena Noite";"Crescente";"Céu Claro";"Múltipla";"Reta";"Sim";1;0;1;0;0;0;1;1;-19,97490091;-44,19004301;"SPRF-MG";"DEL01-MG";"UOP03-DEL01-MG"
471167;2022-08-29;"segunda-feira";"23:00:00";"RJ";40;47;"PETROPOLIS";"Reação tardia ou ineficiente do condutor";"Saída de leito carroçável";"Com Vítimas Feridas";"Plena Noite";"Crescente";"Céu Claro";"Dupla";"Curva";"Não";1;0;1;0;0;0;1;1;-22,29169833;-43,1279826;"SPRF-RJ";"DEL05-RJ";"UOP02-DEL05-RJ"
471169;2022-08-29;"segunda-feira";"17:25:00";"PB";361;108,6;"ITAPORANGA";"Demais falhas mecânicas ou elétricas";"Eventos atípicos";"Com Vítimas Feridas";"Anoitecer";"Decrescente";"Ignorado";"Simples";"Reta";"Não";2;0;0;1;1;0;1;2;-7,29217614;-38,10235698;"SPRF-PB";"DEL03-PB";"UOP01-DEL03-PB"
471170;2022-08-29;"segunda-feira";"19:30:00";"GO";153;564,4;"PROFESSOR JAMIL";"Acesso irregular";"Colisão frontal";"Com Vítimas Feridas";"Plena Noite";"Decrescente";"Céu Claro";"Simples";"Declive";"Sim";1;0;0;1;0;0;1;1;-17,2476;-49,2417;"SPRF-GO";"DEL03-GO";"UOP01-DEL03-GO"
471171;2022-08-29;"segunda-feira";"21:50:00";"MG";262;21,6;"REDUTO";"Demais falhas mecânicas ou elétricas";"Incêndio";"Sem Vítimas";"Plena Noite";"Crescente";"Céu Claro";"Simples";"Curva";"Não";2;0;0;0;2;0;0;1;-20,25120014;-41,91771506;"SPRF-MG";"DEL06-MG";"UOP03-DEL06-MG"
471172;2022-08-29;"segunda-feira";"22:20:00";"MS";163;563;"BANDEIRANTES";"Animais na Pista";"Atropelamento de Animal";"Com Vítimas Feridas";"Pleno dia";"Decrescente";"Nublado";"Simples";"Reta";"Não";4;0;1;0;3;0;1;1;-19,79312509;-54,36765367;"SPRF-MS";"DEL01-MS";"UOP02-DEL01-MS"
471173;2022-08-30;"terça-feira";"00:15:00";"SC";101;204,8;"SAO JOSE";"Entrada inopinada do pedestre";"Atropelamento de Pedestre";"Com Vítimas Feridas";"Plena Noite";"Crescente";"Céu Claro";"Dupla";"Reta";"Sim";2;0;0;1;1;0;1;2;-27,57413014;-48,61363083;"SPRF-SC";"DEL01-SC";"UOP01-DEL01-SC"
471175;2022-08-29;"segunda-feira";"20:30:00";"MT";174;285;"PONTES E LACERDA";"Reação tardia ou ineficiente do condutor";"Colisão frontal";"Com Vítimas Fatais";"Plena Noite";"Decrescente";"Céu Claro";"Simples";"Reta";"Sim";2;1;1;0;0;0;1;2;-15,265142;-59,300082;"SPRF-MT";"DEL04-MT";"UOP01-DEL04-MT"
471178;2022-08-30;"terça-feira";"01:30:00";"CE";116;376;"ICO";"Reação tardia ou ineficiente do condutor";"Saída de leito carroçável";"Com Vítimas Feridas";"Plena Noite";"Crescente";"Céu Claro";"Simples";"Reta";"Sim";1;0;0;1;0;0;1;1;-6,410043;-38,852376;"SPRF-CE";"DEL05-CE";"UOP01-DEL05-CE"
471179;2022-08-29;"segunda-feira";"21:00:00";"MT";163;843;"SINOP";"Ausência de reação do condutor";"Queda de ocupante de veículo";"Com Vítimas Feridas";"Plena Noite";"Decrescente";"Céu Claro";"Simples";"Reta";"Não";1;0;1;0;0;0;1;1;-11,78341;-55,474992;"SPRF-MT";"DEL06-MT";"NPF/DEL06-MT"
471180;2022-08-29;"segunda-feira";"23:20:00";"MS";163;334;"RIO BRILHANTE";"Reação tardia ou ineficiente do condutor";"Saída de leito carroçável";"Com Vítimas Feridas";"Plena Noite";"Crescente";"Nublado";"Dupla";"Reta";"Não";1;0;1;0;0;0;1;1;-21,69355052;-54,49406833;"SPRF-MS";"DEL02-MS";"UOP02-DEL02-MS"
471182;2022-08-30;"terça-feira";"02:30:00";"SP";116;339;"JUQUITIBA";"Chuva";"Saída de leito carroçável";"Com Vítimas Feridas";"Plena Noite";"Crescente";"Chuva";"Dupla";"Curva";"Não";1;0;1;0;0;0;1;1;-23,9983939;-47,14927316;"SPRF-SP";"DEL04-SP";"UOP01-DEL04-SP"
471183;2022-08-30;"terça-feira";"03:40:00";"RS";285;430,3;"PANAMBI";"Condutor Dormindo";"Colisão com objeto";"Sem Vítimas";"Plena Noite";"Crescente";"Céu Claro";"Simples";"Ponte;Reta";"Não";1;0;0;0;1;0;0;1;-28,327296;-53,655429;"SPRF-RS";"DEL10-RS";"UOP01-DEL10-RS"
471184;2022-08-30;"terça-feira";"03:20:00";"RJ";116;195,4;"QUEIMADOS";"Animais na Pista";"Atropelamento de Animal";"Com Vítimas Feridas";"Plena Noite";"Crescente";"Chuva";"Dupla";"Reta";"Não";3;0;1;0;2;0;1;1;-22,73573614;-43,54749701;"SPRF-RJ";"DEL01-RJ";"UOP02-DEL01-RJ"
471186;2022-08-29;"segunda-feira";"13:15:00";"GO";60;111,4;"GOIANAPOLIS";"Obstrução na via";"Colisão traseira";"Sem Vítimas";"Pleno dia";"Crescente";"Sol";"Dupla";"Reta;Declive";"Não";2;0;0;0;2;0;0;2;-16,4506938;-49,03580765;"SPRF-GO";"DEL01-GO";"UOP01-DEL01-GO"
471187;2022-08-30;"terça-feira";"05:55:00";"MG";50;91;"UBERLANDIA";"Deficiência do Sistema de Iluminação/Sinalização";"Colisão traseira";"Com Vítimas Feridas";"Plena Noite";"Crescente";"Céu Claro";"Dupla";"Reta";"Não";2;0;0;1;1;0;1;2;-19,05745188;-48,19415161;"SPRF-MG";"DEL15-MG";"UOP01-DEL15-MG"
471189;2022-08-30;"terça-feira";"06:25:00";"SP";116;220,9;"GUARULHOS";"Pedestre andava na pista";"Atropelamento de Pedestre";"Com Vítimas Feridas";"Amanhecer";"Decrescente";"Nublado";"Múltipla";"Reta";"Sim";2;0;0;1;1;0;1;2;-23,46472809;-46,49793962;"SPRF-SP";"DEL01-SP";"UOP01-DEL01-SP"
471190;2022-08-30;"terça-feira";"06:00:00";"BA";116;25,1;"VITORIA DA CONQUISTA";"Acesso irregular";"Saída de leito carroçável";"Com Vítimas Feridas";"Amanhecer";"Crescente";"Garoa/Chuvisco";"Simples";"Interseção de Vias;Declive";"Não";1;0;1;0;0;0;1;1;-14,85283707;-40,80055302;"SPRF-BA";"DEL08-BA";"UOP01-DEL08-BA"
471192;2022-08-30;"terça-feira";"06:27:00";"RJ";116;179;"NOVA IGUACU";"Manobra de mudança de faixa";"Queda de ocupante de veículo";"Com Vítimas Feridas";"Pleno dia";"Decrescente";"Nublado";"Dupla";"Reta";"Sim";1;0;1;0;0;0;1;1;-22,75243805;-43,43925476;"SPRF-RJ";"DEL01-RJ";"UOP02-DEL01-RJ"
471193;2022-08-30;"terça-feira";"07:00:00";"MG";365;625,8;"UBERLANDIA";"Velocidade Incompatível";"Tombamento";"Com Vítimas Feridas";"Pleno dia";"Decrescente";"Céu Claro";"Dupla";"Interseção de Vias";"Sim";1;0;0;1;0;0;1;1;-18,90659356;-48,33469405;"SPRF-MG";"DEL15-MG";"UOP01-DEL15-MG"
471194;2022-08-30;"terça-feira";"07:00:00";"PR";277;529,7;"CAMPO BONITO";"Demais falhas mecânicas ou elétricas";"Incêndio";"Sem Vítimas";"Pleno dia";"Decrescente";"Céu Claro";"Simples";"Reta";"Não";1;0;0;0;1;0;0;1;-25,091649;-52,949265;"SPRF-PR";"DEL04-PR";"UOP01-DEL04-PR"
471196;2022-08-30;"terça-feira";"06:30:00";"MS";163;485;"CAMPO GRANDE";"Reação tardia ou ineficiente do condutor";"Colisão traseira";"Sem Vítimas";"Pleno dia";"Crescente";"Céu Claro";"Simples";"Reta;Aclive";"Não";2;0;0;0;2;0;0;2;-20,44233707;-54,54201834;"SPRF-MS";"DEL01-MS";"UOP02-DEL01-MS"
471197;2022-08-30;"terça-feira";"07:15:00";"ES";101;145;"LINHARES";"Condutor deixou de manter distância do veículo da frente";"Colisão traseira";"Com Vítimas Feridas";"Pleno dia";"Crescente";"Sol";"Simples";"Reta";"Sim";2;0;1;0;1;0;1;2;-19,36089598;-40,06464018;"SPRF-ES";"DEL04-ES";"UOP01-DEL04-ES"
471200;2022-08-30;"terça-feira";"07:35:00";"PR";369;138,7;"IBIPORA";"Ausência de reação do condutor";"Colisão transversal";"Com Vítimas Feridas";"Pleno dia";"Decrescente";"Sol";"Simples";"Reta;Interseção de Vias";"Não";3;0;2;0;1;0;2;2;-23,27359823;-51,05614901;"SPRF-PR";"DEL07-PR";"UOP01-DEL07-PR"
471202;2022-08-30;"terça-feira";"07:50:00";"SC";101;209,8;"SAO JOSE";"Reação tardia ou ineficiente do condutor";"Colisão traseira";"Com Vítimas Feridas";"Pleno dia";"Crescente";"Nublado";"Dupla";"Reta";"Sim";2;0;1;1;0;0;2;2;-27,61000542;-48,63895057;"SPRF-SC";"DEL01-SC";"UOP01-DEL01-SC"
471203;2022-08-30;"terça-feira";"06:30:00";"RS";472;422,5;"SAO BORJA";"Velocidade Incompatível";"Saída de leito carroçável";"Com Vítimas Feridas";"Amanhecer";"Decrescente";"Céu Claro";"Simples";"Reta";"Não";1;0;1;0;0;0;1;1;-28,85464288;-56,08186677;"SPRF-RS";"DEL12-RS";"UOP01-DEL12-RS"
471205;2022-08-30;"terça-feira";"08:45:00";"RN";101;98;"NATAL";"Condutor deixou de manter distância do veículo da frente";"Colisão traseira";"Com Vítimas Feridas";"Pleno dia";"Decrescente";"Céu Claro";"Dupla";"Reta";"Sim";3;0;2;0;1;0;2;2;-5,86567888;-35,21651625;"SPRF-RN";"DEL01-RN";"UOP01-DEL01-RN"
471206;2022-08-30;"terça-feira";"06:52:00";"RJ";116;166;"RIO DE JANEIRO";"Condutor deixou de manter distância do veículo da frente";"Colisão traseira";"Com Vítimas Feridas";"Pleno dia";"Decrescente";"Céu Claro";"Múltipla";"Reta";"Sim";2;0;2;0;0;0;2;1;-22,81560263;-43,30051808;"SPRF-RJ";"DEL01-RJ";"UOP02-DEL01-RJ"
471207;2022-08-30;"terça-feira";"07:50:00";"PR";277;68,5;"SAO JOSE DOS PINHAIS";"Reação tardia ou ineficiente do condutor";"Saída de leito carroçável";"Com Vítimas Feridas";"Pleno dia";"Crescente";"Chuva";"Dupla";"Reta";"Sim";1;0;1;0;0;0;1;1;-25,51777362;-49,11382198;"SPRF-PR";"DEL01-PR";"UOP01-DEL01-PR"
471208;2022-08-30;"terça-feira";"07:45:00";"PR";376;171,1;"MARINGA";"Ausência de reação do condutor";"Colisão lateral mesmo sentido";"Com Vítimas Feridas";"Pleno dia";"Decrescente";"Céu Claro";"Dupla";"Reta";"Sim";3;0;0;1;2;0;1;3;-23,41595703;-51,97950402;"SPRF-PR";"DEL09-PR";"UOP01-DEL09-PR"
471209;2022-08-29;"segunda-feira";"20:10:00";"BA";30;394;"BRUMADO";"Pista esburacada";"Saída de leito carroçável";"Com Vítimas Feridas";"Plena Noite";"Decrescente";"Céu Claro";"Simples";"Reta";"Não";4;0;3;0;1;0;3;1;-14,150042;-41,441896;"SPRF-BA";"DEL08-BA";"UOP01-DEL08-BA"
471210;2022-08-30;"terça-feira";"09:00:00";"SC";101;147;"ITAPEMA";"Desrespeitar a preferência no cruzamento";"Tombamento";"Com Vítimas Feridas";"Pleno dia";"Decrescente";"Céu Claro";"Múltipla";"Reta";"Não";2;0;0;1;0;1;1;2;-27,09237407;-48,61730888;"SPRF-SC";"DEL04-SC";"UOP03-DEL04-SC"
471211;2022-08-30;"terça-feira";"08:05:00";"MG";116;585,4;"MANHUACU";"Acessar a via sem observar a presença dos outros veículos";"Colisão transversal";"Com Vítimas Feridas";"Pleno dia";"Crescente";"Nublado";"Simples";"Aclive";"Não";3;0;3;0;0;0;3;2;-20,22987753;-42,17260057;"SPRF-MG";"DEL06-MG";"UOP03-DEL06-MG"
471213;2022-08-30;"terça-feira";"09:00:00";"SP";116;270;"TABOAO DA SERRA";"Trafegar com motocicleta (ou similar) entre as faixas";"Colisão lateral mesmo sentido";"Com Vítimas Feridas";"Pleno dia";"Decrescente";"Garoa/Chuvisco";"Dupla";"Reta";"Sim";2;0;1;0;1;0;1;2;-23,61809286;-46,80556302;"SPRF-SP";"DEL04-SP";"UOP01-DEL04-SP"
471214;2022-08-30;"terça-feira";"07:50:00";"GO";40;9,3;"LUZIANIA";"Trafegar com motocicleta (ou similar) entre as faixas";"Atropelamento de Pedestre";"Com Vítimas Feridas";"Pleno dia";"Decrescente";"Céu Claro";"Dupla";"Reta";"Sim";3;0;0;1;2;0;1;2;-16,131158;-47,957739;"SPRF-DF";"DEL01-DF";"UOP01-DEL01-DF"
471215;2022-07-16;"sábado";"06:55:00";"RJ";40;110;"DUQUE DE CAXIAS";"Reação tardia ou ineficiente do condutor";"Colisão traseira";"Com Vítimas Feridas";"Pleno dia";"Crescente";"Céu Claro";"Múltipla";"Reta";"Sim";2;0;0;1;1;0;1;2;-22,68797641;-43,28646044;"SPRF-RJ";"DEL01-RJ";"UOP01-DEL01-RJ"
471217;2022-08-30;"terça-feira";"09:20:00";"GO";414;408,5;"ABADIANIA";"Reação tardia ou ineficiente do condutor";"Colisão com objeto";"Com Vítimas Feridas";"Pleno dia";"Crescente";"Céu Claro";"Simples";"Reta";"Não";1;0;1;0;0;0;1;1;-16,04944018;-48,85300822;"SPRF-GO";"DEL02-GO";"UOP01-DEL02-GO"
471218;2022-08-30;"terça-feira";"09:50:00";"RS";470;216,8;"BENTO GONCALVES";"Avarias e/ou desgaste excessivo no pneu";"Colisão frontal";"Sem Vítimas";"Pleno dia";"Crescente";"Céu Claro";"Simples";"Reta";"Sim";4;0;0;0;4;0;0;2;-29,15887096;-51,53142395;"SPRF-RS";"DEL06-RS";"UOP01-DEL06-RS"
471221;2022-08-14;"domingo";"11:50:00";"PE";424;20;"PEDRA";"Acessar a via sem observar a presença dos outros veículos";"Colisão transversal";"Com Vítimas Feridas";"Pleno dia";"Crescente";"Céu Claro";"Simples";"Reta";"Não";2;0;0;1;1;0;1;2;-8,51024896;-36,92901694;"SPRF-PE";"DEL04-PE";"UOP02-DEL04-PE"
471226;2022-08-30;"terça-feira";"10:30:00";"SP";116;219;"GUARULHOS";"Reação tardia ou ineficiente do condutor";"Queda de ocupante de veículo";"Com Vítimas Feridas";"Pleno dia";"Decrescente";"Céu Claro";"Múltipla";"Reta";"Sim";1;0;1;0;0;0;1;1;-23,46143954;-46,48885316;"SPRF-SP";"DEL01-SP";"UOP01-DEL01-SP"
471227;2022-07-17;"domingo";"20:55:00";"SP";116;155;"SAO JOSE DOS CAMPOS";"Reação tardia ou ineficiente do condutor";"Queda de ocupante de veículo";"Com Vítimas Feridas";"Plena Noite";"Decrescente";"Céu Claro";"Dupla";"Reta";"Sim";1;0;1;0;0;0;1;1;-23,24524337;-45,92772774;"SPRF-SP";"DEL02-SP";"UOP01-DEL02-SP"
471229;2022-08-27;"sábado";"05:40:00";"RN";304;291;"MACAIBA";"Condutor Dormindo";"Colisão frontal";"Com Vítimas Feridas";"Amanhecer";"Decrescente";"Céu Claro";"Simples";"Reta";"Não";5;0;2;3;0;0;5;2;-5,86807684;-35,38497498;"SPRF-RN";"DEL01-RN";"UOP02-DEL01-RN"
471230;2022-08-30;"terça-feira";"10:30:00";"SE";101;152;"ESTANCIA";"Acessar a via sem observar a presença dos outros veículos";"Colisão transversal";"Com Vítimas Feridas";"Pleno dia";"Decrescente";"Céu Claro";"Dupla";"Reta";"Sim";4;0;2;1;1;0;3;2;-11,270024;-37,444016;"SPRF-SE";"DEL02-SE";"UOP01-DEL02-SE"
471232;2022-08-30;"terça-feira";"10:00:00";"RJ";116;181;"NOVA IGUACU";"Reação tardia ou ineficiente do condutor";"Colisão traseira";"Com Vítimas Feridas";"Pleno dia";"Decrescente";"Nublado";"Múltipla";"Reta";"Sim";7;0;4;0;3;0;4;4;-22,7388106;-43,4775149;"SPRF-RJ";"DEL01-RJ";"UOP02-DEL01-RJ"
471233;2022-08-30;"terça-feira";"10:00:00";"SC";101;367;"ICARA";"Reação tardia ou ineficiente do condutor";"Colisão com objeto";"Com Vítimas Feridas";"Pleno dia";"Decrescente";"Nublado";"Dupla";"Curva";"Sim";1;0;1;0;0;0;1;1;-28,69702499;-49,17628527;"SPRF-SC";"DEL02-SC";"UOP01-DEL02-SC"
471236;2022-08-30;"terça-feira";"11:15:00";"ES";447;13;"VILA VELHA";"Acessar a via sem observar a presença dos outros veículos";"Colisão transversal";"Com Vítimas Feridas";"Pleno dia";"Crescente";"Nublado";"Simples";"Reta";"Sim";2;0;0;1;1;0;1;2;-20,35784325;-40,3328294;"SPRF-ES";"DEL01-ES";"UOP01-DEL01-ES"
471237;2022-08-30;"terça-feira";"08:00:00";"RJ";40;72;"PETROPOLIS";"Pista Escorregadia";"Saída de leito carroçável";"Com Vítimas Feridas";"Pleno dia";"Decrescente";"Chuva";"Dupla";"Curva";"Não";1;0;1;0;0;0;1;1;-22,4585308;-43,21600514;"SPRF-RJ";"DEL06-RJ";"UOP01-DEL06-RJ"