"id";"data_inversa";"dia_semana";"horario";"uf";"br";"km";"municipio";"causa_acidente";"tipo_acidente";"classificacao_acidente";"fase_dia";"sentido_via";"condicao_metereologica";"tipo_pista";"tracado_via";"uso_solo";"pessoas";"mortos";"feridos_leves";"feridos_graves";"ilesos";"ignorados";"feridos";"veiculos";"latitude";"longitude";"regional";"delegacia";"uop"
471239;2022-07-23;"sábado";"20:19:00";"RR";401;92;"BONFIM";"Animais na Pista";"Atropelamento de Animal";"Sem Vítimas";"Plena Noite";"Crescente";"Céu Claro";"Simples";"Reta";"Não";1;0;0;0;1;0;0;1;3,26334734;-60,06538606;"SPRF-RR";"DEL01-RR";"UOP01-DEL01-RR"
471240;2022-08-30;"terça-feira";"11:40:00";"ES";101;353,8;"ANCHIETA";"Transitar na contramão";"Colisão frontal";"Com Vítimas Feridas";"Pleno dia";"Decrescente";"Nublado";"Simples";"Curva";"Não";2;0;1;1;0;0;2;2;-20,6843049;-40,6691751;"SPRF-ES";"DEL03-ES";"UOP01-DEL03-ES"
471242;2022-08-30;"terça-feira";"11:30:00";"MT";70;17,1;"BARRA DO GARCAS";"Demais falhas mecânicas ou elétricas";"Incêndio";"Sem Vítimas";"Pleno dia";"Decrescente";"Céu Claro";"Simples";"Reta";"Não";1;0;0;0;1;0;0;1;-15,86795112;-52,39570706;"SPRF-MT";"DEL07-MT";"UOP01-DEL07-MT"
471244;2022-08-30;"terça-feira";"10:00:00";"RJ";101;427;"MANGARATIBA";"Ausência de reação do condutor";"Capotamento";"Sem Vítimas";"Pleno dia";"Crescente";"Chuva";"Simples";"Reta";"Não";2;0;0;0;2;0;0;1;-22,93154625;-43,98133788;"SPRF-RJ";"DEL03-RJ";"UOP02-DEL03-RJ"
471247;2022-08-30;"terça-feira";"11:40:00";"RN";101;148;"GOIANINHA";"Desrespeitar a preferência no cruzamento";"Colisão transversal";"Com Vítimas Feridas";"Pleno dia";"Decrescente";"Sol";"Simples";"Reta";"Sim";2;0;0;1;1;0;1;2;-6,27949119;-35,20490033;"SPRF-RN";"DEL01-RN";"UOP01-DEL01-RN"
471249;2022-08-30;"terça-feira";"11:45:00";"RS";116;529;"CAPAO DO LEAO";"Desrespeitar a preferência no cruzamento";"Colisão transversal";"Sem Vítimas";"Pleno dia";"Crescente";"Céu Claro";"Simples";"Interseção de Vias";"Sim";2;0;0;0;2;0;0;2;-31,75446042;-52,42803583;"SPRF-RS";"DEL07-RS";"UOP01-DEL07-RS"
471250;2022-08-30;"terça-feira";"12:10:00";"RN";406;101,7;"JOAO CAMARA";"Reação tardia ou ineficiente do condutor";"Colisão lateral mesmo sentido";"Com Vítimas Feridas";"Pleno dia";"Decrescente";"Céu Claro";"Simples";"Reta";"Sim";3;0;1;0;2;0;1;2;-5,52202952;-35,82286821;"SPRF-RN";"DEL02-RN";"UOP01-DEL02-RN"
471251;2022-08-30;"terça-feira";"12:50:00";"RN";110;48,3;"MOSSORO";"Acessar a via sem observar a presença dos outros veículos";"Colisão transversal";"Com Vítimas Feridas";"Pleno dia";"Decrescente";"Sol";"Dupla";"Interseção de Vias";"Sim";2;0;1;0;1;0;1;2;-5,21172239;-37,3321867;"SPRF-RN";"DEL04-RN";"UOP01-DEL04-RN"
471252;2022-08-30;"terça-feira";"12:40:00";"MG";381;3,9;"BETIM";"Velocidade Incompatível";"Saída de leito carroçável";"Com Vítimas Feridas";"Pleno dia";"Crescente";"Céu Claro";"Dupla";"Reta";"Não";2;0;2;0;0;0;2;2;-19,98665;-44,17611;"SPRF-MG";"DEL01-MG";"UOP03-DEL01-MG"
471253;2022-08-30;"terça-feira";"11:30:00";"PR";376;651;"TIJUCAS DO SUL";"Velocidade Incompatível";"Colisão com objeto";"Com Vítimas Feridas";"Pleno dia";"Decrescente";"Garoa/Chuvisco";"Dupla";"Curva";"Não";1;0;1;0;0;0;1;1;-25,845243;-49,078578;"SPRF-PR";"DEL01-PR";"UOP04-DEL01-PR"
471254;2022-08-21;"domingo";"23:45:00";"AL";101;127,5;"SAO MIGUEL DOS CAMPOS";"Acumulo de água sobre o pavimento";"Colisão com objeto";"Sem Vítimas";"Plena Noite";"Crescente";"Chuva";"Dupla";"Reta";"Não";1;0;0;0;1;0;0;1;-9,73889;-36,059757;"SPRF-AL";"DEL02-AL";"UOP01-DEL02-AL"
471256;2022-08-30;"terça-feira";"10:10:00";"RJ";40;124;"DUQUE DE CAXIAS";"Reação tardia ou ineficiente do condutor";"Engavetamento";"Com Vítimas Feridas";"Pleno dia";"Crescente";"Garoa/Chuvisco";"Dupla";"Reta";"Não";5;0;1;0;4;0;1;5;-22,807953;-43,289124;"SPRF-RJ";"DEL01-RJ";"UOP01-DEL01-RJ"
471257;2022-08-30;"terça-feira";"12:40:00";"MS";463;100,9;"PONTA PORA";"Área urbana sem a presença de local apropriado para a travessia de pedestres";"Atropelamento de Pedestre";"Com Vítimas Feridas";"Pleno dia";"Crescente";"Sol";"Simples";"Reta";"Sim";2;0;0;1;1;0;1;2;-22,62086128;-55,61520288;"SPRF-MS";"DEL04-MS";"UOP03-DEL04-MS"
471258;2022-08-30;"terça-feira";"13:34:00";"DF";20;17;"BRASILIA";"Ausência de reação do condutor";"Saída de leito carroçável";"Sem Vítimas";"Pleno dia";"Crescente";"Céu Claro";"Dupla";"Declive";"Não";1;0;0;0;1;0;0;1;-15,621374;-47,71698;"SPRF-DF";"DEL02-DF";"UOP01-DEL02-DF"
471259;2022-08-30;"terça-feira";"11:30:00";"SP";381;74;"SAO PAULO";"Reação tardia ou ineficiente do condutor";"Colisão lateral mesmo sentido";"Com Vítimas Feridas";"Pleno dia";"Decrescente";"Sol";"Dupla";"Curva";"Não";2;0;1;0;1;0;1;1;-23,37208014;-46,55700294;"SPRF-SP";"DEL03-SP";"UOP01-DEL03-SP"
471261;2022-07-26;"terça-feira";"17:30:00";"MA";222;565;"BOM JESUS DAS SELVAS";"Reação tardia ou ineficiente do condutor";"Saída de leito carroçável";"Com Vítimas Feridas";"Anoitecer";"Decrescente";"Ignorado";"Simples";"Reta";"Não";3;0;0;3;0;0;3;1;-4,41405156;-46,75426126;"SPRF-MA";"DEL04-MA";"UOP03-DEL04-MA"
471262;2022-08-30;"terça-feira";"11:50:00";"MG";365;463;"PATROCINIO";"Acesso irregular";"Colisão transversal";"Sem Vítimas";"Pleno dia";"Crescente";"Céu Claro";"Simples";"Reta";"Sim";4;0;0;0;4;0;0;2;-18,88970475;-46,93477915;"SPRF-MG";"DEL10-MG";"UOP01-DEL10-MG"
471263;2022-08-30;"terça-feira";"14:20:00";"SP";153;62,8;"SAO JOSE DO RIO PRETO";"Ausência de reação do condutor";"Colisão traseira";"Com Vítimas Feridas";"Pleno dia";"Crescente";"Sol";"Dupla";"Aclive";"Sim";2;0;0;1;1;0;1;2;-20,82149698;-49,35764818;"SPRF-SP";"DEL09-SP";"UOP01-DEL09-SP"
471267;2022-08-30;"terça-feira";"10:30:00";"SC";280;91;"CORUPA";"Pista Escorregadia";"Saída de leito carroçável";"Sem Vítimas";"Pleno dia";"Decrescente";"Garoa/Chuvisco";"Simples";"Curva;Declive";"Não";1;0;0;0;0;1;0;1;-26,39978855;-49,29788589;"SPRF-SC";"DEL06-SC";"UOP03-DEL06-SC"
471271;2022-08-30;"terça-feira";"14:20:00";"ES";101;442,5;"MIMOSO DO SUL";"Acessar a via sem observar a presença dos outros veículos";"Colisão traseira";"Com Vítimas Feridas";"Pleno dia";"Decrescente";"Garoa/Chuvisco";"Dupla";"Reta";"Não";2;0;1;0;1;0;1;2;-21,09042295;-41,24777308;"SPRF-ES";"DEL03-ES";"UOP02-DEL03-ES"
471272;2022-08-30;"terça-feira";"14:45:00";"RS";386;347;"LAJEADO";"Reação tardia ou ineficiente do condutor";"Colisão traseira";"Com Vítimas Feridas";"Pleno dia";"Decrescente";"Céu Claro";"Dupla";"Reta;Viaduto";"Sim";4;0;2;0;2;0;2;3;-29,451736;-51,965893;"SPRF-RS";"DEL04-RS";"UOP01-DEL04-RS"
471273;2022-06-24;"sexta-feira";"07:20:00";"SC";280;28;"ARAQUARI";"Reação tardia ou ineficiente do condutor";"Atropelamento de Pedestre";"Com Vítimas Feridas";"Pleno dia";"Crescente";"Nublado";"Simples";"Reta";"Sim";2;0;0;1;1;0;1;2;-26,40598567;-48,7470531;"SPRF-SC";"DEL03-SC";"UOP03-DEL03-SC"
471274;2022-08-30;"terça-feira";"14:30:00";"SP";381;89;"SAO PAULO";"Ausência de reação do condutor";"Colisão traseira";"Com Vítimas Feridas";"Pleno dia";"Crescente";"Nublado";"Dupla";"Reta";"Sim";3;0;2;0;1;0;2;2;-23,48469299;-46,55983288;"SPRF-SP";"DEL03-SP";"UOP01-DEL03-SP"
471275;2022-08-30;"terça-feira";"14:20:00";"PA";316;40;"SANTA IZABEL DO PARA";"Reação tardia ou ineficiente do condutor";"Saída de leito carroçável";"Com Vítimas Feridas";"Pleno dia";"Decrescente";"Garoa/Chuvisco";"Dupla";"Curva";"Não";2;0;1;0;1;0;1;1;-1,2795637;-48,12243407;"SPRF-PA";"DEL01-PA";"UOP01-DEL01-PA"
471276;2022-08-30;"terça-feira";"11:15:00";"SC";101;351,4;"JAGUARUNA";"Reação tardia ou ineficiente do condutor";"Saída de leito carroçável";"Sem Vítimas";"Pleno dia";"Decrescente";"Sol";"Dupla";"Curva";"Sim";3;0;0;0;3;0;0;1;-28,5977641;-49,04943589;"SPRF-SC";"DEL02-SC";"UOP01-DEL02-SC"
471277;2022-08-30;"terça-feira";"15:10:00";"RS";386;317,9;"MARQUES DE SOUZA";"Ausência de reação do condutor";"Saída de leito carroçável";"Com Vítimas Feridas";"Pleno dia";"Crescente";"Sol";"Simples";"Reta";"Não";2;0;2;0;0;0;2;1;-29,263786;-52,145988;"SPRF-RS";"DEL04-RS";"UOP01-DEL04-RS"
471279;2022-08-30;"terça-feira";"13:30:00";"PE";101;148,8;"RIBEIRAO";"Condutor Dormindo";"Colisão com objeto";"Com Vítimas Feridas";"Pleno dia";"Crescente";"Sol";"Dupla";"Reta";"Não";1;0;1;0;0;0;1;1;-8,48336698;-35,37204035;"SPRF-PE";"DEL01-PE";"UOP03-DEL01-PE"
471281;2022-08-30;"terça-feira";"16:40:00";"MG";381;501;"BETIM";"Ausência de reação do condutor";"Colisão com objeto";"Com Vítimas Feridas";"Pleno dia";"Crescente";"Nublado";"Dupla";"Curva";"Sim";1;0;1;0;0;0;1;1;-20,01307;-44,22109;"SPRF-MG";"DEL01-MG";"UOP03-DEL01-MG"
471283;2022-08-30;"terça-feira";"16:30:00";"RJ";101;430;"MANGARATIBA";"Demais falhas mecânicas ou elétricas";"Incêndio";"Sem Vítimas";"Pleno dia";"Crescente";"Nublado";"Simples";"Reta";"Sim";1;0;0;0;1;0;0;1;-22,93710123;-44,01083798;"SPRF-RJ";"DEL03-RJ";"UOP02-DEL03-RJ"
471284;2022-08-30;"terça-feira";"16:40:00";"PB";230;2,5;"CABEDELO";"Transitar na contramão";"Colisão frontal";"Sem Vítimas";"Pleno dia";"Crescente";"Céu Claro";"Dupla";"Reta";"Sim";2;0;0;0;2;0;0;2;-6,98985399;-34,82870048;"SPRF-PB";"DEL01-PB";"UOP01-DEL01-PB"
471286;2022-07-12;"terça-feira";"16:30:00";"PR";277;326;"GUARAPUAVA";"Reação tardia ou ineficiente do condutor";"Colisão traseira";"Sem Vítimas";"Pleno dia";"Crescente";"Céu Claro";"Simples";"Reta";"Não";4;0;0;0;4;0;0;2;-25,37291744;-51,27180793;"SPRF-PR";"DEL08-PR";"UOP01-DEL08-PR"
471288;2022-08-30;"terça-feira";"16:30:00";"PR";369;197;"APUCARANA";"Transitar na contramão";"Capotamento";"Sem Vítimas";"Pleno dia";"Decrescente";"Céu Claro";"Dupla";"Reta";"Sim";1;0;0;0;0;1;0;1;-23,51184;-51,4265;"SPRF-PR";"DEL07-PR";"UOP03-DEL07-PR"
471289;2022-08-30;"terça-feira";"16:40:00";"PB";230;8;"CABEDELO";"Ingestão de álcool pelo condutor";"Tombamento";"Com Vítimas Feridas";"Pleno dia";"Decrescente";"Céu Claro";"Dupla";"Reta";"Sim";2;0;0;1;0;1;1;1;-7,0355;-34,8429;"SPRF-PB";"DEL01-PB";"UOP01-DEL01-PB"
471290;2022-08-30;"terça-feira";"16:49:00";"PE";232;27,7;"MORENO";"Reação tardia ou ineficiente do condutor";"Colisão traseira";"Sem Vítimas";"Anoitecer";"Decrescente";"Sol";"Dupla";"Aclive";"Não";2;0;0;0;2;0;0;2;-8,11418416;-35,12568999;"SPRF-PE";"DEL01-PE";"UOP01-DEL01-PE"
471292;2022-08-26;"sexta-feira";"07:50:00";"RS";116;240;"NOVO HAMBURGO";"Condutor deixou de manter distância do veículo da frente";"Colisão lateral mesmo sentido";"Com Vítimas Feridas";"Pleno dia";"Crescente";"Céu Claro";"Dupla";"Reta";"Sim";2;0;1;0;1;0;1;2;-29,700095;-51,145968;"SPRF-RS";"DEL01-RS";"UOP02-DEL01-RS"
471293;2022-08-30;"terça-feira";"16:25:00";"SC";101;118;"ITAJAI";"Demais falhas mecânicas ou elétricas";"Tombamento";"Com Vítimas Feridas";"Pleno dia";"Crescente";"Céu Claro";"Dupla";"Interseção de Vias";"Sim";1;0;1;0;0;0;1;1;-26,895859;-48,71903;"SPRF-SC";"DEL04-SC";"UOP04-DEL04-SC"
471295;2022-08-30;"terça-feira";"14:30:00";"BA";330;805;"JEQUIE";"Reação tardia ou ineficiente do condutor";"Capotamento";"Com Vítimas Feridas";"Pleno dia";"Crescente";"Garoa/Chuvisco";"Simples";"Declive";"Não";3;0;3;0;0;0;3;1;-13,97873088;-39,94814985;"SPRF-BA";"DEL03-BA";"UOP01-DEL03-BA"
471296;2022-08-30;"terça-feira";"12:00:00";"RS";153;553;"CACAPAVA DO SUL";"Obras na pista";"Eventos atípicos";"Sem Vítimas";"Pleno dia";"Decrescente";"Céu Claro";"Simples";"Reta";"Não";1;0;0;0;1;0;0;1;-30,8614407;-53,61624777;"SPRF-RS";"DEL09-RS";"UOP02-DEL09-RS"
471298;2022-08-30;"terça-feira";"17:45:00";"DF";70;0;"BRASILIA";"Manobra de mudança de faixa";"Colisão lateral mesmo sentido";"Com Vítimas Feridas";"Pleno dia";"Crescente";"Céu Claro";"Dupla";"Reta";"Sim";2;0;0;1;1;0;1;2;-15,792352;-48,054509;"SPRF-DF";"DEL03-DF";"UOP02-DEL03-DF"
471299;2022-08-30;"terça-feira";"17:40:00";"SC";101;204;"SAO JOSE";"Manobra de mudança de faixa";"Colisão lateral mesmo sentido";"Com Vítimas Feridas";"Anoitecer";"Crescente";"Nublado";"Múltipla";"Reta";"Sim";2;0;1;0;1;0;1;2;-27,57413014;-48,61363083;"SPRF-SC";"DEL01-SC";"UOP01-DEL01-SC"
471300;2022-08-30;"terça-feira";"17:45:00";"PR";277;729;"FOZ DO IGUACU";"Desrespeitar a preferência no cruzamento";"Colisão transversal";"Com Vítimas Feridas";"Pleno dia";"Crescente";"Céu Claro";"Dupla";"Interseção de Vias";"Sim";3;0;1;0;2;0;1;2;-25,50749887;-54,58379896;"SPRF-PR";"DEL05-PR";"UOP03-DEL05-PR"
471301;2022-08-30;"terça-feira";"16:05:00";"MG";262;57,2;"MANHUACU";"Condutor Dormindo";"Colisão traseira";"Sem Vítimas";"Pleno dia";"Decrescente";"Nublado";"Simples";"Reta";"Sim";2;0;0;0;2;0;0;2;-20,27193388;-42,18928305;"SPRF-MG";"DEL06-MG";"UOP03-DEL06-MG"
471302;2022-08-30;"terça-feira";"18:30:00";"PR";369;186,7;"ARAPONGAS";"Reação tardia ou ineficiente do condutor";"Atropelamento de Pedestre";"Com Vítimas Feridas";"Plena Noite";"Crescente";"Céu Claro";"Simples";"Interseção de Vias";"Sim";2;0;1;0;1;0;1;2;-23,42133;-51,42473;"SPRF-PR";"DEL07-PR";"UOP03-DEL07-PR"
471303;2022-08-30;"terça-feira";"18:09:00";"PI";316;3;"TERESINA";"Pedestre cruzava a pista fora da faixa";"Atropelamento de Pedestre";"Com Vítimas Feridas";"Anoitecer";"Crescente";"Céu Claro";"Múltipla";"Reta";"Sim";2;0;0;1;1;0;1;2;-5,12826443;-42,79292384;"SPRF-PI";"DEL01-PI";"UOP02-DEL01-PI"
471304;2022-08-30;"terça-feira";"18:40:00";"MG";381;483,4;"BETIM";"Ausência de reação do condutor";"Colisão traseira";"Com Vítimas Feridas";"Plena Noite";"Decrescente";"Céu Claro";"Múltipla";"Reta";"Sim";2;0;1;0;0;1;1;2;-19,95979596;-44,08435822;"SPRF-MG";"DEL01-MG";"UOP03-DEL01-MG"
471305;2022-08-30;"terça-feira";"17:40:00";"RJ";356;30;"ITAPERUNA";"Transitar no acostamento";"Atropelamento de Pedestre";"Com Vítimas Feridas";"Pleno dia";"Crescente";"Nublado";"Simples";"Reta";"Sim";2;0;0;1;0;1;1;2;-21,18596948;-41,91700108;"SPRF-RJ";"DEL08-RJ";"UOP03-DEL08-RJ"
471306;2022-08-30;"terça-feira";"13:30:00";"MG";116;601,3;"SAO JOAO DO MANHUACU";"Acessar a via sem observar a presença dos outros veículos";"Colisão transversal";"Com Vítimas Fatais";"Pleno dia";"Crescente";"Céu Claro";"Simples";"Reta";"Não";2;1;0;0;1;0;0;2;-20,34024898;-42,14742669;"SPRF-MG";"DEL06-MG";"UOP03-DEL06-MG"
471308;2022-08-30;"terça-feira";"17:55:00";"RS";116;232;"IVOTI";"Conversão proibida";"Colisão transversal";"Com Vítimas Feridas";"Plena Noite";"Crescente";"Céu Claro";"Simples";"Reta;Declive";"Não";4;0;1;0;1;2;1;4;-29,63300002;-51,14325106;"SPRF-RS";"DEL01-RS";"UOP02-DEL01-RS"
471309;2022-08-30;"terça-feira";"18:50:00";"SC";470;2;"NAVEGANTES";"Acesso irregular";"Colisão transversal";"Com Vítimas Feridas";"Plena Noite";"Decrescente";"Céu Claro";"Simples";"Em Obras;Reta";"Sim";2;0;0;1;1;0;1;2;-26,868551;-48,674831;"SPRF-SC";"DEL04-SC";"UOP04-DEL04-SC"
471310;2022-08-30;"terça-feira";"19:00:00";"MG";40;517;"RIBEIRAO DAS NEVES";"Velocidade Incompatível";"Saída de leito carroçável";"Com Vítimas Feridas";"Plena Noite";"Decrescente";"Céu Claro";"Dupla";"Reta";"Sim";1;0;1;0;0;0;1;1;-19,82351202;-44,08438913;"SPRF-MG";"DEL01-MG";"UOP02-DEL01-MG"
471312;2022-08-30;"terça-feira";"16:20:00";"PI";316;272,9;"DOM EXPEDITO LOPES";"Acessar a via sem observar a presença dos outros veículos";"Colisão transversal";"Com Vítimas Feridas";"Pleno dia";"Crescente";"Céu Claro";"Simples";"Retorno Regulamentado;Interseção de Vias";"Não";4;0;1;0;1;2;1;2;-6,94029255;-41,74281982;"SPRF-PI";"DEL04-PI";"UOP01-DEL04-PI"
471313;2022-08-30;"terça-feira";"18:00:00";"RN";427;98;"CAICO";"Condutor deixou de manter distância do veículo da frente";"Colisão traseira";"Com Vítimas Feridas";"Plena Noite";"Crescente";"Céu Claro";"Dupla";"Rotatória";"Não";2;0;1;0;1;0;1;2;-6,46437457;-37,09221145;"SPRF-RN";"DEL03-RN";"UOP01-DEL03-RN"
471314;2022-08-30;"terça-feira";"08:00:00";"RJ";101;329;"NITEROI";"Pista Escorregadia";"Tombamento";"Com Vítimas Feridas";"Pleno dia";"Crescente";"Garoa/Chuvisco";"Dupla";"Reta";"Sim";1;0;1;0;0;0;1;1;-22,86939305;-43,175642;"SPRF-RJ";"DEL02-RJ";"UOP01-DEL02-RJ"
471318;2022-08-30;"terça-feira";"19:15:00";"SP";116;109;"TAUBATE";"Ausência de reação do condutor";"Colisão com objeto";"Com Vítimas Feridas";"Plena Noite";"Crescente";"Céu Claro";"Dupla";"Reta";"Sim";1;0;1;0;0;0;1;1;-23,02871304;-45,54517097;"SPRF-SP";"DEL08-SP";"UOP01-DEL08-SP"
471320;2022-08-30;"terça-feira";"19:35:00";"PR";369;28;"CAMBARA";"Reação tardia ou ineficiente do condutor";"Saída de leito carroçável";"Com Vítimas Feridas";"Plena Noite";"Crescente";"Céu Claro";"Simples";"Aclive";"Não";4;0;4;0;0;0;4;1;-23;-50;"SPRF-PR";"DEL07-PR";"UOP01-DEL07-PR"
471322;2022-08-26;"sexta-feira";"21:00:00";"ES";101;58;"SAO MATEUS";"Ingestão de álcool ou de substâncias psicoativas pelo pedestre";"Atropelamento de Pedestre";"Com Vítimas Feridas";"Plena Noite";"Decrescente";"Céu Claro";"Simples";"Reta";"Sim";2;0;1;0;1;0;1;2;-18,65547194;-39,87148278;"SPRF-ES";"DEL04-ES";"UOP02-DEL04-ES"
471323;2022-08-30;"terça-feira";"18:50:00";"MG";50;16;"UBERLANDIA";"Ingestão de álcool pelo condutor";"Colisão traseira";"Com Vítimas Feridas";"Plena Noite";"Decrescente";"Céu Claro";"Dupla";"Reta";"Não";2;0;1;0;1;0;1;2;-18,9113;-48,2622;"SPRF-MG";"DEL15-MG";"UOP01-DEL15-MG"
471325;2022-08-26;"sexta-feira";"20:30:00";"MA";135;42,7;"BACABEIRA";"Velocidade Incompatível";"Capotamento";"Sem Vítimas";"Plena Noite";"Crescente";"Céu Claro";"Dupla";"Reta";"Não";1;0;0;0;0;1;0;1;-2,90630595;-44,36037795;"SPRF-MA";"DEL01-MA";"UOP01-DEL01-MA"
471326;2022-08-30;"terça-feira";"20:00:00";"MG";116;527,6;"CARATINGA";"Transitar na contramão";"Colisão frontal";"Com Vítimas Feridas";"Plena Noite";"Crescente";"Nublado";"Dupla";"Curva";"Sim";2;0;2;0;0;0;2;2;-19,78510701;-42,13445297;"SPRF-MG";"DEL06-MG";"UOP02-DEL06-MG"
471328;2022-08-30;"terça-feira";"19:00:00";"PE";428;100,4;"SANTA MARIA DA BOA VISTA";"Reação tardia ou ineficiente do condutor";"Saída de leito carroçável";"Com Vítimas Feridas";"Plena Noite";"Decrescente";"Céu Claro";"Simples";"Reta";"Não";5;0;3;2;0;0;5;1;-8,832965;-39,950046;"SPRF-PE";"DEL06-PE";"UOP03-DEL06-PE"
471331;2022-08-30;"terça-feira";"09:30:00";"MA";230;455,9;"RIACHAO";"Afundamento ou ondulação no pavimento";"Tombamento";"Com Vítimas Feridas";"Pleno dia";"Crescente";"Céu Claro";"Simples";"Reta";"Não";2;0;2;0;0;0;2;1;-7,37855235;-46,47333212;"SPRF-MA";"DEL05-MA";"UOP01-DEL05-MA"
471333;2022-08-30;"terça-feira";"08:00:00";"RJ";101;413;"ITAGUAI";"Pista Escorregadia";"Saída de leito carroçável";"Com Vítimas Feridas";"Pleno dia";"Decrescente";"Chuva";"Dupla";"Curva";"Sim";2;0;1;1;0;0;2;1;-22,89931896;-43,865293;"SPRF-RJ";"DEL03-RJ";"UOP01-DEL03-RJ"
471337;2022-08-30;"terça-feira";"21:50:00";"SC";101;111;"NAVEGANTES";"Acessar a via sem observar a presença dos outros veículos";"Colisão lateral mesmo sentido";"Com Vítimas Feridas";"Plena Noite";"Crescente";"Céu Claro";"Dupla";"Reta";"Sim";2;0;1;0;1;0;1;2;-26,84218405;-48,71689796;"SPRF-SC";"DEL04-SC";"UOP04-DEL04-SC"
471342;2022-08-30;"terça-feira";"22:32:00";"SP";116;46,1;"CANAS";"Animais na Pista";"Atropelamento de Animal";"Com Vítimas Feridas";"Plena Noite";"Crescente";"Céu Claro";"Dupla";"Reta";"Sim";1;0;1;0;0;0;1;1;-22,71393589;-45,05335608;"SPRF-SP";"DEL08-SP";"UOP02-DEL08-SP"
471343;2022-08-30;"terça-feira";"23:20:00";"SP";381;70;"MAIRIPORA";"Ausência de reação do condutor";"Colisão com objeto";"Com Vítimas Feridas";"Plena Noite";"Decrescente";"Nublado";"Dupla";"Reta";"Sim";2;0;1;0;1;0;1;2;-23,34972978;-46,56070474;"SPRF-SP";"DEL03-SP";"UOP01-DEL03-SP"
471344;2022-08-30;"terça-feira";"22:00:00";"SC";0;0;"CORREIA PINTO";"Transitar na contramão";"Colisão transversal";"Com Vítimas Feridas";"Plena Noite";"Não Informado";"Nublado";"Simples";"Interseção de Vias";"Sim";3;0;1;0;0;2;1;3;-27,58073948;-50,36785126;"SPRF-SC";"DEL05-SC";"UOP03-DEL05-SC"
471346;2022-08-30;"terça-feira";"11:15:00";"PB";230;21,2;"JOAO PESSOA";"Reação tardia ou ineficiente do condutor";"Colisão traseira";"Sem Vítimas";"Pleno dia";"Crescente";"Céu Claro";"Dupla";"Curva";"Sim";2;0;0;0;2;0;0;2;-7,1415;-34,8519;"SPRF-PB";"DEL01-PB";"UOP01-DEL01-PB"
471347;2022-08-30;"terça-feira";"17:30:00";"PE";232;507;"SALGUEIRO";"Acessar a via sem observar a presença dos outros veículos";"Colisão transversal";"Com Vítimas Feridas";"Anoitecer";"Decrescente";"Céu Claro";"Simples";"Interseção de Vias";"Não";3;0;0;1;0;2;1;2;-8,06038759;-39,11191706;"SPRF-PE";"DEL05-PE";"UOP01-DEL05-PE"
471350;2022-08-30;"terça-feira";"20:30:00";"RO";364;315;"PRESIDENTE MEDICI";"Acessar a via sem observar a presença dos outros veículos";"Colisão transversal";"Com Vítimas Feridas";"Plena Noite";"Crescente";"Ignorado";"Simples";"Interseção de Vias";"Não";4;0;3;0;1;0;3;2;-11,10935386;-61,90211266;"SPRF-RO";"DEL02-RO";"UOP01-DEL02-RO"
471351;2022-08-31;"quarta-feira";"03:45:00";"SC";101;216;"PALHOCA";"Mal súbito do condutor";"Colisão com objeto";"Com Vítimas Feridas";"Plena Noite";"Crescente";"Garoa/Chuvisco";"Múltipla";"Reta";"Sim";1;0;1;0;0;0;1;1;-27,65981409;-48,67747798;"SPRF-SC";"DEL01-SC";"UOP02-DEL01-SC"
471352;2022-08-31;"quarta-feira";"04:10:00";"RJ";101;396;"RIO DE JANEIRO";"Transitar na contramão";"Colisão com objeto";"Com Vítimas Feridas";"Plena Noite";"Crescente";"Céu Claro";"Dupla";"Reta";"Não";2;0;1;0;1;0;1;1;-22,87854523;-43,73100666;"SPRF-RJ";"DEL03-RJ";"UOP01-DEL03-RJ"
471353;2022-08-31;"quarta-feira";"04:50:00";"MG";40;469;"SETE LAGOAS";"Condutor Dormindo";"Saída de leito carroçável";"Com Vítimas Feridas";"Plena Noite";"Crescente";"Céu Claro";"Dupla";"Reta";"Sim";1;0;1;0;0;0;1;1;-19,46099279;-44,30121988;"SPRF-MG";"DEL02-MG";"UOP01-DEL02-MG"
471356;2022-08-30;"terça-feira";"21:00:00";"MG";381;457;"BELO HORIZONTE";"Animais na Pista";"Atropelamento de Animal";"Com Vítimas Feridas";"Plena Noite";"Crescente";"Céu Claro";"Simples";"Reta";"Sim";1;0;1;0;0;0;1;1;-19,86134886;-43,92063055;"SPRF-MG";"DEL01-MG";"UOP01-DEL01-MG"
471357;2022-08-31;"quarta-feira";"05:00:00";"SP";153;80,4;"BADY BASSITT";"Ingestão de álcool pelo condutor";"Saída de leito carroçável";"Com Vítimas Feridas";"Plena Noite";"Decrescente";"Céu Claro";"Simples";"Em Obras;Desvio Temporário";"Não";1;0;1;0;0;0;1;1;-20,90910476;-49,48021806;"SPRF-SP";"DEL09-SP";"UOP01-DEL09-SP"
471358;2022-08-31;"quarta-feira";"03:44:00";"ES";101;117;"SOORETAMA";"Demais falhas mecânicas ou elétricas";"Incêndio";"Sem Vítimas";"Plena Noite";"Decrescente";"Garoa/Chuvisco";"Simples";"Reta";"Não";1;0;0;0;0;1;0;1;-19,11932808;-40,06302982;"SPRF-ES";"DEL04-ES";"UOP01-DEL04-ES"