"id";"data_inversa";"dia_semana";"horario";"uf";"br";"km";"municipio";"causa_acidente";"tipo_acidente";"classificacao_acidente";"fase_dia";"sentido_via";"condicao_metereologica";"tipo_pista";"tracado_via";"uso_solo";"pessoas";"mortos";"feridos_leves";"feridos_graves";"ilesos";"ignorados";"feridos";"veiculos";"latitude";"longitude";"regional";"delegacia";"uop"
471360;2022-08-31;"quarta-feira";"05:20:00";"GO";60;79;"ANAPOLIS";"Condutor Dormindo";"Saída de leito carroçável";"Com Vítimas Feridas";"Amanhecer";"Crescente";"Céu Claro";"Dupla";"Reta";"Não";3;0;3;0;0;0;3;1;-16,3007;-48,8128;"SPRF-GO";"DEL02-GO";"UOP01-DEL02-GO"
471363;2022-08-31;"quarta-feira";"07:20:00";"PB";101;89;"JOAO PESSOA";"Manobra de mudança de faixa";"Colisão lateral mesmo sentido";"Com Vítimas Feridas";"Pleno dia";"Decrescente";"Céu Claro";"Dupla";"Retorno Regulamentado";"Sim";3;0;2;0;0;1;2;2;-7,1710694;-34,89765372;"SPRF-PB";"DEL01-PB";"UOP02-DEL01-PB"
471365;2022-08-30;"terça-feira";"17:45:00";"MA";402;149,1;"SANTO AMARO DO MARANHAO";"Manobra de mudança de faixa";"Colisão transversal";"Com Vítimas Feridas";"Pleno dia";"Crescente";"Céu Claro";"Simples";"Reta";"Não";5;0;2;3;0;0;5;2;-2,835158;-43,161519;"SPRF-MA";"DEL01-MA";"UOP01-DEL01-MA"
471367;2022-02-13;"domingo";"20:30:00";"MG";40;234,3;"SAO GONCALO DO ABAETE";"Velocidade Incompatível";"Saída de leito carroçável";"Com Vítimas Feridas";"Plena Noite";"Decrescente";"Nublado";"Simples";"Curva";"Não";1;0;0;1;0;0;1;1;-18,02167408;-45,54020403;"SPRF-MG";"DEL14-MG";"UOP02-DEL14-MG"
471368;2022-08-31;"quarta-feira";"07:50:00";"RN";101;81,5;"NATAL";"Acessar a via sem observar a presença dos outros veículos";"Colisão lateral mesmo sentido";"Com Vítimas Feridas";"Pleno dia";"Decrescente";"Céu Claro";"Dupla";"Reta";"Sim";2;0;0;1;1;0;1;2;-5,76469466;-35,28295988;"SPRF-RN";"DEL02-RN";"UOP01-DEL02-RN"
471369;2022-08-31;"quarta-feira";"07:47:00";"MG";262;786;"UBERABA";"Reação tardia ou ineficiente do condutor";"Tombamento";"Com Vítimas Feridas";"Pleno dia";"Decrescente";"Céu Claro";"Simples";"Reta";"Não";1;0;1;0;0;0;1;1;-19,7601993;-47,81279315;"SPRF-MG";"DEL13-MG";"UOP01-DEL13-MG"
471371;2022-08-31;"quarta-feira";"07:05:00";"PR";376;175;"MARINGA";"Condutor desrespeitou a iluminação vermelha do semáforo";"Colisão transversal";"Com Vítimas Feridas";"Pleno dia";"Crescente";"Céu Claro";"Múltipla";"Interseção de Vias";"Sim";2;0;2;0;0;0;2;2;-23,4113569;-51,9407767;"SPRF-PR";"DEL09-PR";"UOP01-DEL09-PR"
471372;2022-08-31;"quarta-feira";"08:30:00";"MG";381;744,9;"TRES CORACOES";"Reação tardia ou ineficiente do condutor";"Saída de leito carroçável";"Com Vítimas Feridas";"Pleno dia";"Crescente";"Céu Claro";"Dupla";"Curva";"Não";2;0;1;0;1;0;1;1;-21,61596093;-45,25761008;"SPRF-MG";"DEL16-MG";"UOP02-DEL16-MG"
471374;2022-08-31;"quarta-feira";"07:40:00";"PE";101;44;"IGARASSU";"Acessar a via sem observar a presença dos outros veículos";"Colisão traseira";"Com Vítimas Feridas";"Pleno dia";"Decrescente";"Nublado";"Múltipla";"Retorno Regulamentado";"Sim";4;0;0;1;3;0;1;3;-7,85637001;-34,90842109;"SPRF-PE";"DEL01-PE";"UOP02-DEL01-PE"
471376;2022-08-31;"quarta-feira";"08:45:00";"SC";101;120;"ITAJAI";"Reação tardia ou ineficiente do condutor";"Colisão com objeto";"Com Vítimas Feridas";"Pleno dia";"Decrescente";"Céu Claro";"Dupla";"Reta";"Não";1;0;1;0;0;0;1;1;-26,912758;-48,711998;"SPRF-SC";"DEL04-SC";"UOP04-DEL04-SC"
471378;2022-08-31;"quarta-feira";"06:40:00";"RJ";116;179;"NOVA IGUACU";"Ausência de reação do condutor";"Queda de ocupante de veículo";"Com Vítimas Feridas";"Pleno dia";"Decrescente";"Sol";"Dupla";"Reta";"Sim";1;0;1;0;0;0;1;1;-22,769902;-43,408036;"SPRF-RJ";"DEL01-RJ";"UOP02-DEL01-RJ"
471383;2022-08-31;"quarta-feira";"09:30:00";"MG";381;655;"SANTO ANTONIO DO AMPARO";"Pedestre andava na pista";"Atropelamento de Pedestre";"Com Vítimas Fatais";"Pleno dia";"Crescente";"Céu Claro";"Dupla";"Aclive;Reta";"Sim";3;1;0;0;2;0;0;2;-21,00073835;-44,96765656;"SPRF-MG";"DEL04-MG";"UOP02-DEL04-MG"
471384;2022-08-28;"domingo";"06:45:00";"CE";222;50;"SAO GONCALO DO AMARANTE";"Ingestão de álcool pelo condutor";"Colisão lateral sentido oposto";"Sem Vítimas";"Pleno dia";"Crescente";"Céu Claro";"Simples";"Curva";"Não";2;0;0;0;2;0;0;2;-3,66780896;-38,99241702;"SPRF-CE";"DEL01-CE";"UOP03-DEL01-CE"
471385;2022-08-31;"quarta-feira";"06:30:00";"CE";116;11,8;"FORTALEZA";"Ausência de reação do condutor";"Saída de leito carroçável";"Sem Vítimas";"Pleno dia";"Crescente";"Sol";"Dupla";"Viaduto;Aclive;Curva";"Sim";2;0;0;0;0;2;0;2;-3,85107236;-38,49576116;"SPRF-CE";"DEL01-CE";"UOP02-DEL01-CE"
471388;2022-08-31;"quarta-feira";"09:00:00";"PE";232;68;"GRAVATA";"Pista Escorregadia";"Colisão com objeto";"Com Vítimas Feridas";"Pleno dia";"Crescente";"Chuva";"Dupla";"Aclive";"Não";2;0;1;0;1;0;1;1;-8,16728938;-35,47308397;"SPRF-PE";"DEL02-PE";"UOP02-DEL02PE"
471389;2022-08-31;"quarta-feira";"10:00:00";"RJ";40;81;"PETROPOLIS";"Manobra de mudança de faixa";"Tombamento";"Com Vítimas Feridas";"Pleno dia";"Decrescente";"Céu Claro";"Simples";"Aclive";"Não";1;0;1;0;0;0;1;1;-22,53073299;-43,22038651;"SPRF-RJ";"DEL06-RJ";"UOP01-DEL06-RJ"
471391;2022-07-23;"sábado";"19:30:00";"MG";365;156;"PIRAPORA";"Acessar a via sem observar a presença dos outros veículos";"Colisão transversal";"Com Vítimas Feridas";"Plena Noite";"Decrescente";"Céu Claro";"Simples";"Reta";"Não";2;0;1;0;1;0;1;2;-17,36237378;-44,92458701;"SPRF-MG";"DEL12-MG";"UOP01-DEL12-MG"
471392;2022-07-14;"quinta-feira";"06:50:00";"GO";70;351;"JUSSARA";"Ultrapassagem Indevida";"Colisão frontal";"Com Vítimas Fatais";"Amanhecer";"Crescente";"Céu Claro";"Simples";"Aclive";"Não";2;1;0;0;1;0;0;2;-15,926071;-51,151753;"SPRF-GO";"DEL04-GO";"UOP01-DEL04-GO"
471393;2022-08-31;"quarta-feira";"10:40:00";"RS";290;94;"PORTO ALEGRE";"Manobra de mudança de faixa";"Colisão lateral mesmo sentido";"Com Vítimas Feridas";"Pleno dia";"Crescente";"Céu Claro";"Dupla";"Reta";"Sim";2;0;1;0;1;0;1;2;-29,97674631;-51,20002806;"SPRF-RS";"DEL01-RS";"UOP01-DEL01-RS"
471397;2022-08-31;"quarta-feira";"09:40:00";"PA";163;991;"SANTAREM";"Pedestre cruzava a pista fora da faixa";"Atropelamento de Pedestre";"Com Vítimas Feridas";"Pleno dia";"Decrescente";"Céu Claro";"Simples";"Reta";"Não";3;0;1;0;2;0;1;2;-2,54408643;-54,72275019;"SPRF-PA";"DEL05-PA";"UOP01-DEL05-PA"
471399;2022-08-31;"quarta-feira";"11:20:00";"SC";101;207,9;"SAO JOSE";"Reação tardia ou ineficiente do condutor";"Colisão traseira";"Com Vítimas Feridas";"Pleno dia";"Decrescente";"Sol";"Múltipla";"Curva;Declive";"Sim";2;0;1;0;1;0;1;2;-27,60001226;-48,6226467;"SPRF-SC";"DEL01-SC";"UOP01-DEL01-SC"
471403;2022-08-31;"quarta-feira";"11:32:00";"PB";230;27,6;"JOAO PESSOA";"Acumulo de óleo sobre o pavimento";"Tombamento";"Com Vítimas Feridas";"Pleno dia";"Crescente";"Céu Claro";"Dupla";"Curva;Viaduto";"Sim";1;0;1;0;0;0;1;1;-7,16458653;-34,89530325;"SPRF-PB";"DEL01-PB";"UOP01-DEL01-PB"
471405;2022-08-31;"quarta-feira";"11:40:00";"RS";285;459;"IJUI";"Avarias e/ou desgaste excessivo no pneu";"Queda de ocupante de veículo";"Com Vítimas Feridas";"Pleno dia";"Decrescente";"Sol";"Simples";"Reta";"Sim";1;0;1;0;0;0;1;1;-28,409056;-53,902336;"SPRF-RS";"DEL10-RS";"UOP01-DEL10-RS"
471406;2022-08-31;"quarta-feira";"09:50:00";"SP";116;447;"REGISTRO";"Ausência de reação do condutor";"Saída de leito carroçável";"Com Vítimas Feridas";"Pleno dia";"Crescente";"Céu Claro";"Simples";"Reta";"Sim";1;0;0;1;0;0;1;1;-24,51285376;-47,85054871;"SPRF-SP";"DEL05-SP";"UOP01-DEL05-SP"
471407;2022-08-31;"quarta-feira";"10:40:00";"GO";50;103;"CRISTALINA";"Demais falhas mecânicas ou elétricas";"Saída de leito carroçável";"Com Vítimas Feridas";"Pleno dia";"Crescente";"Céu Claro";"Dupla";"Reta";"Não";1;0;1;0;0;0;1;1;-16,9309;-47,7117;"SPRF-DF";"DEL01-DF";"UOP02-DEL01-DF"
471408;2022-08-31;"quarta-feira";"08:15:00";"RS";392;18;"RIO GRANDE";"Acessar a via sem observar a presença dos outros veículos";"Colisão traseira";"Sem Vítimas";"Pleno dia";"Decrescente";"Céu Claro";"Dupla";"Reta";"Sim";3;0;0;0;3;0;0;3;-32,09017991;-52,17651198;"SPRF-RS";"DEL07-RS";"UOP02-DEL07-RS"
471409;2022-08-31;"quarta-feira";"12:15:00";"MG";40;449;"CAETANOPOLIS";"Reação tardia ou ineficiente do condutor";"Capotamento";"Com Vítimas Feridas";"Pleno dia";"Decrescente";"Céu Claro";"Dupla";"Reta";"Não";1;0;1;0;0;0;1;1;-19,30931885;-44,37278577;"SPRF-MG";"DEL02-MG";"UOP01-DEL02-MG"
471411;2022-08-26;"sexta-feira";"07:45:00";"PE";232;253;"ARCOVERDE";"Acessar a via sem observar a presença dos outros veículos";"Colisão lateral mesmo sentido";"Com Vítimas Feridas";"Pleno dia";"Crescente";"Garoa/Chuvisco";"Dupla";"Rotatória";"Sim";3;0;2;0;1;0;2;2;-8,43065954;-37,06341159;"SPRF-PE";"DEL04-PE";"UOP02-DEL04-PE"
471412;2022-08-31;"quarta-feira";"12:30:00";"PE";407;125;"PETROLINA";"Reação tardia ou ineficiente do condutor";"Atropelamento de Pedestre";"Com Vítimas Feridas";"Pleno dia";"Decrescente";"Céu Claro";"Dupla";"Reta";"Sim";2;0;2;0;0;0;2;2;-9,37795298;-40,53543627;"SPRF-PE";"DEL06-PE";"UOP01-DEL06-PE"
471413;2022-08-31;"quarta-feira";"13:05:00";"RS";116;519,8;"PELOTAS";"Animais na Pista";"Colisão lateral mesmo sentido";"Com Vítimas Feridas";"Pleno dia";"Crescente";"Céu Claro";"Simples";"Reta";"Sim";2;0;1;0;1;0;1;2;-31,69369368;-52,35458934;"SPRF-RS";"DEL07-RS";"UOP01-DEL07-RS"
471414;2022-08-31;"quarta-feira";"13:00:00";"ES";101;291;"CARIACICA";"Manobra de mudança de faixa";"Tombamento";"Com Vítimas Feridas";"Pleno dia";"Decrescente";"Nublado";"Dupla";"Interseção de Vias";"Sim";1;0;0;1;0;0;1;1;-20,29755744;-40,39445616;"SPRF-ES";"DEL01-ES";"UOP01-DEL01-ES"
471415;2022-08-31;"quarta-feira";"11:20:00";"MG";381;925;"ITAPEVA";"Demais falhas mecânicas ou elétricas";"Queda de ocupante de veículo";"Com Vítimas Feridas";"Pleno dia";"Decrescente";"Céu Claro";"Dupla";"Reta";"Não";2;0;1;1;0;0;2;1;-22,777207;-46,23911301;"SPRF-MG";"DEL16-MG";"UOP03-DEL16-MG"
471416;2022-08-31;"quarta-feira";"12:55:00";"BA";324;517,4;"FEIRA DE SANTANA";"Trafegar com motocicleta (ou similar) entre as faixas";"Colisão frontal";"Com Vítimas Feridas";"Pleno dia";"Crescente";"Nublado";"Simples";"Reta";"Sim";2;0;1;0;1;0;1;2;-12,2577616;-38,93220449;"SPRF-BA";"DEL02-BA";"UOP01-DEL02-BA"
471418;2022-08-31;"quarta-feira";"13:35:00";"SP";153;63,6;"SAO JOSE DO RIO PRETO";"Demais falhas mecânicas ou elétricas";"Tombamento";"Com Vítimas Feridas";"Pleno dia";"Decrescente";"Sol";"Dupla";"Reta";"Sim";2;0;2;0;0;0;2;1;-20,82149698;-49,35764818;"SPRF-SP";"DEL09-SP";"UOP01-DEL09-SP"
471419;2022-08-31;"quarta-feira";"11:00:00";"MG";116;701,2;"MURIAE";"Reação tardia ou ineficiente do condutor";"Colisão com objeto";"Com Vítimas Feridas";"Pleno dia";"Decrescente";"Céu Claro";"Simples";"Reta";"Não";1;0;0;1;0;0;1;1;-21,11084891;-42,3806104;"SPRF-MG";"DEL07-MG";"UOP02-DEL07-MG"
471420;2022-08-31;"quarta-feira";"09:30:00";"PR";277;693,1;"SAO MIGUEL DO IGUACU";"Acessar a via sem observar a presença dos outros veículos";"Colisão transversal";"Com Vítimas Feridas";"Pleno dia";"Crescente";"Céu Claro";"Dupla";"Reta;Retorno Regulamentado";"Não";4;0;2;0;2;0;2;2;-25,37239725;-54,27033988;"SPRF-PR";"DEL05-PR";"UOP01-DEL05-PR"
471423;2022-06-21;"terça-feira";"06:40:00";"RJ";40;109;"DUQUE DE CAXIAS";"Acessar a via sem observar a presença dos outros veículos";"Colisão traseira";"Com Vítimas Feridas";"Pleno dia";"Crescente";"Nublado";"Múltipla";"Reta";"Sim";2;0;1;0;1;0;1;2;-22,67249123;-43,28752756;"SPRF-RJ";"DEL01-RJ";"UOP01-DEL01-RJ"
471424;2022-08-31;"quarta-feira";"13:30:00";"RS";116;257,3;"ESTEIO";"Condutor deixou de manter distância do veículo da frente";"Colisão traseira";"Com Vítimas Feridas";"Pleno dia";"Decrescente";"Céu Claro";"Dupla";"Reta";"Sim";3;0;1;0;2;0;1;2;-29,85262195;-51,17968329;"SPRF-RS";"DEL01-RS";"UOP02-DEL01-RS"
471425;2022-08-31;"quarta-feira";"14:15:00";"SC";101;183,8;"BIGUACU";"Manobra de mudança de faixa";"Colisão traseira";"Com Vítimas Feridas";"Pleno dia";"Decrescente";"Sol";"Múltipla";"Reta";"Sim";1;0;1;0;0;0;1;1;-27,40688892;-48,6285296;"SPRF-SC";"DEL01-SC";"UOP01-DEL01-SC"
471427;2022-08-31;"quarta-feira";"12:50:00";"BA";101;708,8;"EUNAPOLIS";"Reação tardia ou ineficiente do condutor";"Colisão traseira";"Com Vítimas Feridas";"Pleno dia";"Crescente";"Chuva";"Simples";"Reta";"Não";4;0;4;0;0;0;4;2;-16,310821;-39,597875;"SPRF-BA";"DEL09-BA";"UOP01-DEL09-BA"
471429;2022-08-28;"domingo";"06:45:00";"PR";476;145;"CURITIBA";"Ingestão de álcool pelo condutor";"Colisão transversal";"Sem Vítimas";"Amanhecer";"Crescente";"Nublado";"Dupla";"Reta;Retorno Regulamentado";"Não";2;0;0;0;2;0;0;2;-25,547749;-49,32095;"SPRF-PR";"DEL01-PR";"UOP03-DEL01-PR"
471431;2022-04-03;"domingo";"10:30:00";"MS";163;635,7;"SAO GABRIEL DO OESTE";"Ausência de reação do condutor";"Saída de leito carroçável";"Com Vítimas Feridas";"Pleno dia";"Crescente";"Céu Claro";"Dupla";"Reta";"Não";1;0;1;0;0;0;1;1;-19,25026573;-54,67146065;"SPRF-MS";"DEL06-MS";"UOP02-DEL06-MS"
471437;2022-08-19;"sexta-feira";"17:30:00";"MS";163;477,7;"CAMPO GRANDE";"Deficiência do Sistema de Iluminação/Sinalização";"Colisão frontal";"Com Vítimas Feridas";"Anoitecer";"Crescente";"Céu Claro";"Simples";"Reta";"Não";2;0;2;0;0;0;2;2;-20,50427591;-54,55557367;"SPRF-MS";"DEL01-MS";"UOP01-DEL01-MS"
471438;2022-08-31;"quarta-feira";"14:45:00";"MG";381;488;"BETIM";"Condutor deixou de manter distância do veículo da frente";"Colisão traseira";"Com Vítimas Feridas";"Pleno dia";"Decrescente";"Céu Claro";"Dupla";"Reta;Declive";"Sim";2;0;1;0;1;0;1;2;-19,95607289;-44,12969828;"SPRF-MG";"DEL01-MG";"UOP03-DEL01-MG"
471440;2022-08-31;"quarta-feira";"15:00:00";"SC";116;206;"PONTE ALTA";"Acessar a via sem observar a presença dos outros veículos";"Atropelamento de Pedestre";"Com Vítimas Feridas";"Pleno dia";"Decrescente";"Céu Claro";"Simples";"Rotatória";"Sim";2;0;1;0;1;0;1;2;-27,47248589;-50,38177729;"SPRF-SC";"DEL05-SC";"UOP03-DEL05-SC"
471441;2022-08-31;"quarta-feira";"15:20:00";"PR";369;201,2;"APUCARANA";"Condutor deixou de manter distância do veículo da frente";"Colisão traseira";"Com Vítimas Feridas";"Pleno dia";"Crescente";"Céu Claro";"Simples";"Reta";"Não";2;0;1;0;1;0;1;2;-23,5369;-51,4566;"SPRF-PR";"DEL07-PR";"UOP03-DEL07-PR"
471442;2022-08-31;"quarta-feira";"12:45:00";"SC";163;1,5;"DIONISIO CERQUEIRA";"Acessar a via sem observar a presença dos outros veículos";"Colisão transversal";"Com Vítimas Feridas";"Pleno dia";"Decrescente";"Sol";"Simples";"Reta";"Sim";2;0;2;0;0;0;2;2;-26,26776844;-53,62769008;"SPRF-SC";"DEL07-SC";"UOP03-DEL07-SC"
471444;2022-08-31;"quarta-feira";"16:00:00";"RJ";393;236,7;"VASSOURAS";"Desrespeitar a preferência no cruzamento";"Colisão transversal";"Com Vítimas Feridas";"Pleno dia";"Crescente";"Céu Claro";"Simples";"Reta";"Sim";3;0;1;0;2;0;1;2;-22,41816672;-43,68220389;"SPRF-RJ";"DEL05-RJ";"UOP03-DEL05-RJ"
471445;2022-08-31;"quarta-feira";"15:40:00";"MG";40;55;"PARACATU";"Condutor Dormindo";"Saída de leito carroçável";"Com Vítimas Feridas";"Pleno dia";"Decrescente";"Céu Claro";"Simples";"Reta";"Não";4;0;2;1;1;0;3;1;-17,27574493;-46,77688865;"SPRF-MG";"DEL14-MG";"UOP01-DEL14-MG"
471449;2022-08-31;"quarta-feira";"16:15:00";"RN";101;106,3;"PARNAMIRIM";"Manobra de mudança de faixa";"Colisão lateral mesmo sentido";"Com Vítimas Feridas";"Pleno dia";"Crescente";"Céu Claro";"Múltipla";"Reta";"Sim";2;0;1;0;1;0;1;2;-5,91056401;-35,26130795;"SPRF-RN";"DEL01-RN";"UOP01-DEL01-RN"
471450;2022-08-26;"sexta-feira";"22:30:00";"SC";280;163;"MAFRA";"Transitar na contramão";"Colisão frontal";"Sem Vítimas";"Pleno dia";"Decrescente";"Nublado";"Simples";"Reta";"Sim";4;0;0;0;4;0;0;2;-26,19739326;-49,79756122;"SPRF-SC";"DEL06-SC";"UOP01-DEL06-SC"
471451;2022-08-31;"quarta-feira";"14:20:00";"RS";472;575;"URUGUAIANA";"Transitar na contramão";"Colisão frontal";"Com Vítimas Feridas";"Pleno dia";"Crescente";"Céu Claro";"Simples";"Reta";"Sim";4;0;2;2;0;0;4;2;-29,76334736;-57,0544374;"SPRF-RS";"DEL13-RS";"UOP01-DEL13-RS"
471452;2022-08-31;"quarta-feira";"17:40:00";"GO";40;14,8;"LUZIANIA";"Reação tardia ou ineficiente do condutor";"Tombamento";"Com Vítimas Feridas";"Pleno dia";"Crescente";"Céu Claro";"Dupla";"Aclive";"Não";1;0;1;0;0;0;1;1;-16,158753;-47,933136;"SPRF-DF";"DEL01-DF";"UOP01-DEL01-DF"
471454;2022-08-31;"quarta-feira";"07:59:00";"SC";480;129;"CHAPECO";"Condutor deixou de manter distância do veículo da frente";"Colisão traseira";"Com Vítimas Feridas";"Pleno dia";"Crescente";"Céu Claro";"Simples";"Declive";"Sim";2;0;1;0;1;0;1;2;-27,04676;-52,63544;"SPRF-SC";"DEL07-SC";"UOP01-DEL07-SC"
471455;2022-08-31;"quarta-feira";"17:30:00";"MG";381;486,5;"BETIM";"Acumulo de areia ou detritos sobre o pavimento";"Colisão com objeto";"Com Vítimas Feridas";"Pleno dia";"Decrescente";"Céu Claro";"Múltipla";"Reta";"Sim";1;0;1;0;0;0;1;1;-19,95689163;-44,09603119;"SPRF-MG";"DEL01-MG";"UOP03-DEL01-MG"
471456;2022-08-31;"quarta-feira";"17:15:00";"ES";259;93,6;"BAIXO GUANDU";"Ultrapassagem Indevida";"Saída de leito carroçável";"Com Vítimas Feridas";"Pleno dia";"Crescente";"Nublado";"Simples";"Reta";"Não";2;0;2;0;0;0;2;1;-19,51143698;-40,90961107;"SPRF-ES";"DEL02-ES";"UOP01-DEL02-ES"
471457;2022-08-31;"quarta-feira";"17:35:00";"RS";386;346;"LAJEADO";"Condutor deixou de manter distância do veículo da frente";"Colisão traseira";"Com Vítimas Feridas";"Anoitecer";"Decrescente";"Céu Claro";"Dupla";"Reta";"Sim";2;0;1;0;1;0;1;2;-29,446793;-51,974564;"SPRF-RS";"DEL04-RS";"UOP01-DEL04-RS"
471458;2022-08-31;"quarta-feira";"17:34:00";"PE";101;67,3;"RECIFE";"Ausência de reação do condutor";"Colisão traseira";"Com Vítimas Feridas";"Anoitecer";"Crescente";"Céu Claro";"Múltipla";"Reta";"Sim";2;0;2;0;0;0;2;2;-8,042334;-34,943096;"SPRF-PE";"DEL01-PE";"UOP01-DEL01-PE"
471459;2022-08-31;"quarta-feira";"17:50:00";"ES";101;285;"CARIACICA";"Desrespeitar a preferência no cruzamento";"Colisão transversal";"Com Vítimas Feridas";"Pleno dia";"Crescente";"Céu Claro";"Dupla";"Retorno Regulamentado";"Sim";2;0;1;0;0;1;1;2;-20,25148171;-40,37270066;"SPRF-ES";"DEL01-ES";"UOP01-DEL01-ES"
471462;2022-08-31;"quarta-feira";"17:45:00";"PR";369;150;"LONDRINA";"Condutor deixou de manter distância do veículo da frente";"Colisão traseira";"Com Vítimas Feridas";"Pleno dia";"Crescente";"Céu Claro";"Dupla";"Reta";"Sim";2;0;1;0;1;0;1;2;-23,29283;-51,16074979;"SPRF-PR";"DEL07-PR";"UOP01-DEL07-PR"
471463;2022-08-31;"quarta-feira";"17:00:00";"RO";364;712,9;"PORTO VELHO";"Acessar a via sem observar a presença dos outros veículos";"Colisão transversal";"Com Vítimas Feridas";"Pleno dia";"Decrescente";"Céu Claro";"Simples";"Curva";"Sim";2;0;2;0;0;0;2;2;-8,7770354;-63,87316466;"SPRF-RO";"DEL01-RO";"UOP01-DEL01-RO"
471464;2022-08-31;"quarta-feira";"16:25:00";"MG";116;275,6;"TEOFILO OTONI";"Afundamento ou ondulação no pavimento";"Tombamento";"Com Vítimas Feridas";"Pleno dia";"Decrescente";"Nublado";"Dupla";"Reta";"Sim";1;0;1;0;0;0;1;1;-17,847388;-41,515458;"SPRF-MG";"DEL11-MG";"UOP01-DEL11-MG"
471466;2022-08-31;"quarta-feira";"16:15:00";"MG";40;672,5;"CARANDAI";"Condutor deixou de manter distância do veículo da frente";"Colisão traseira";"Com Vítimas Feridas";"Pleno dia";"Crescente";"Céu Claro";"Simples";"Reta";"Não";2;0;0;1;1;0;1;2;-20,981935;-43,781046;"SPRF-MG";"DEL05-MG";"UOP02-DEL05-MG"
471467;2022-07-02;"sábado";"20:00:00";"SC";280;15;"SAO FRANCISCO DO SUL";"Acessar a via sem observar a presença dos outros veículos";"Atropelamento de Pedestre";"Com Vítimas Feridas";"Plena Noite";"Decrescente";"Céu Claro";"Simples";"Reta";"Não";3;0;2;0;1;0;2;2;-26,33868901;-48,65489598;"SPRF-SC";"DEL03-SC";"UOP03-DEL03-SC"
471469;2022-08-31;"quarta-feira";"18:30:00";"CE";222;3,3;"FORTALEZA";"Velocidade Incompatível";"Colisão traseira";"Com Vítimas Feridas";"Plena Noite";"Crescente";"Céu Claro";"Dupla";"Declive";"Não";2;0;1;0;1;0;1;2;-3,7403769;-38,59569202;"SPRF-CE";"DEL01-CE";"UOP01-DEL01-CE"
471471;2022-08-31;"quarta-feira";"17:05:00";"RJ";356;26;"ITAPERUNA";"Reação tardia ou ineficiente do condutor";"Tombamento";"Com Vítimas Fatais";"Anoitecer";"Decrescente";"Céu Claro";"Simples";"Interseção de Vias;Reta";"Sim";3;1;1;1;0;0;2;2;-21,179372;-41,953992;"SPRF-RJ";"DEL08-RJ";"UOP03-DEL08-RJ"
471473;2022-08-31;"quarta-feira";"17:30:00";"RS";153;48,6;"ERECHIM";"Condutor deixou de manter distância do veículo da frente";"Colisão lateral mesmo sentido";"Com Vítimas Feridas";"Pleno dia";"Crescente";"Céu Claro";"Múltipla";"Reta";"Não";2;0;1;0;1;0;1;2;-27,65118001;-52,257248;"SPRF-RS";"DEL08-RS";"UOP04-DEL08-RS"
471474;2022-08-31;"quarta-feira";"17:38:00";"MG";50;50;"ARAGUARI";"Ausência de reação do condutor";"Saída de leito carroçável";"Com Vítimas Feridas";"Pleno dia";"Crescente";"Céu Claro";"Dupla";"Curva";"Não";1;0;1;0;0;0;1;1;-18,73632416;-48,22707877;"SPRF-MG";"DEL15-MG";"UOP02-DEL15-MG"
471475;2022-08-31;"quarta-feira";"18:40:00";"RS";158;260,1;"JULIO DE CASTILHOS";"Acessar a via sem observar a presença dos outros veículos";"Colisão transversal";"Com Vítimas Feridas";"Anoitecer";"Crescente";"Céu Claro";"Simples";"Reta";"Não";4;0;3;0;1;0;3;2;-29,20378991;-53,67478569;"SPRF-RS";"DEL10-RS";"UOP02-DEL10-RS"
471477;2022-08-31;"quarta-feira";"16:05:00";"MG";381;155,8;"GOVERNADOR VALADARES";"Ultrapassagem Indevida";"Colisão lateral mesmo sentido";"Com Vítimas Feridas";"Pleno dia";"Crescente";"Céu Claro";"Simples";"Reta";"Não";4;0;3;1;0;0;4;2;-18,89429705;-42,00463136;"SPRF-MG";"DEL06-MG";"UOP01-DEL06-MG"
471478;2022-08-31;"quarta-feira";"18:10:00";"SC";470;135;"RIO DO SUL";"Acessar a via sem observar a presença dos outros veículos";"Colisão transversal";"Com Vítimas Feridas";"Anoitecer";"Decrescente";"Nublado";"Simples";"Interseção de Vias;Reta";"Sim";2;0;1;0;1;0;1;2;-27,188492;-49,61232;"SPRF-SC";"DEL04-SC";"UOP02-DEL04-SC"
471479;2022-08-31;"quarta-feira";"17:35:00";"RS";116;146;"CAXIAS DO SUL";"Manobra de mudança de faixa";"Colisão lateral mesmo sentido";"Com Vítimas Feridas";"Pleno dia";"Crescente";"Céu Claro";"Dupla";"Reta";"Sim";3;0;2;0;1;0;2;2;-29,14228897;-51,13622202;"SPRF-RS";"DEL05-RS";"UOP01-DEL05-RS"
471480;2022-08-31;"quarta-feira";"17:40:00";"MT";70;516;"VARZEA GRANDE";"Reação tardia ou ineficiente do condutor";"Saída de leito carroçável";"Com Vítimas Feridas";"Pleno dia";"Decrescente";"Céu Claro";"Simples";"Reta";"Sim";1;0;1;0;0;0;1;1;-15,70244504;-56,15473531;"SPRF-MT";"DEL01-MT";"UOP02-DEL01-MT"
471481;2022-08-31;"quarta-feira";"18:20:00";"ES";101;269;"SERRA";"Trafegar com motocicleta (ou similar) entre as faixas";"Colisão lateral mesmo sentido";"Com Vítimas Feridas";"Plena Noite";"Crescente";"Céu Claro";"Múltipla";"Reta";"Sim";2;0;1;0;1;0;1;2;-20,21740496;-40,26990578;"SPRF-ES";"DEL02-ES";"UOP01-DEL02-ES"