"id";"data_inversa";"dia_semana";"horario";"uf";"br";"km";"municipio";"causa_acidente";"tipo_acidente";"classificacao_acidente";"fase_dia";"sentido_via";"condicao_metereologica";"tipo_pista";"tracado_via";"uso_solo";"pessoas";"mortos";"feridos_leves";"feridos_graves";"ilesos";"ignorados";"feridos";"veiculos";"latitude";"longitude";"regional";"delegacia";"uop"
471483;2022-08-31;"quarta-feira";"16:45:00";"MG";40;487,3;"ESMERALDAS";"Demais falhas na via";"Engavetamento";"Sem Vítimas";"Pleno dia";"Crescente";"Céu Claro";"Múltipla";"Reta";"Não";3;0;0;0;3;0;0;3;-19,60130534;-44,22213793;"SPRF-MG";"DEL02-MG";"UOP01-DEL02-MG"
471484;2022-08-31;"quarta-feira";"18:30:00";"CE";222;222;"SOBRAL";"Pedestre andava na pista";"Atropelamento de Pedestre";"Com Vítimas Feridas";"Anoitecer";"Crescente";"Céu Claro";"Simples";"Reta";"Sim";2;0;1;0;1;0;1;2;-3,72134641;-40,32871618;"SPRF-CE";"DEL04-CE";"UOP01-DEL04-CE"
471486;2022-08-31;"quarta-feira";"18:20:00";"SC";101;379,5;"ICARA";"Conversão proibida";"Colisão frontal";"Com Vítimas Feridas";"Anoitecer";"Crescente";"Nublado";"Simples";"Reta";"Sim";2;0;0;1;1;0;1;2;-28,74651646;-49,2599038;"SPRF-SC";"DEL02-SC";"UOP02-DEL02-SC"
471488;2022-08-07;"domingo";"18:50:00";"SC";282;491;"FAXINAL DOS GUEDES";"Ingestão de álcool pelo condutor";"Colisão frontal";"Com Vítimas Feridas";"Plena Noite";"Crescente";"Nevoeiro/Neblina";"Simples";"Reta";"Não";6;0;2;4;0;0;6;2;-26,872433;-52,291599;"SPRF-SC";"DEL07-SC";"UOP01-DEL07-SC"
471490;2022-08-31;"quarta-feira";"19:30:00";"MG";50;54,6;"ARAGUARI";"Acessar a via sem observar a presença dos outros veículos";"Atropelamento de Pedestre";"Com Vítimas Feridas";"Plena Noite";"Crescente";"Céu Claro";"Dupla";"Reta";"Não";2;0;1;0;0;1;1;2;-18,77611282;-48,23940039;"SPRF-MG";"DEL15-MG";"UOP02-DEL15-MG"
471492;2022-08-31;"quarta-feira";"19:40:00";"ES";101;343,5;"GUARAPARI";"Velocidade Incompatível";"Saída de leito carroçável";"Com Vítimas Feridas";"Plena Noite";"Crescente";"Nublado";"Dupla";"Curva";"Não";1;0;1;0;0;0;1;1;-20,66191662;-40,59045821;"SPRF-ES";"DEL03-ES";"UOP01-DEL03-ES"
471493;2022-08-31;"quarta-feira";"18:30:00";"PI";316;6,2;"TERESINA";"Pedestre cruzava a pista fora da faixa";"Atropelamento de Pedestre";"Com Vítimas Fatais";"Plena Noite";"Crescente";"Céu Claro";"Múltipla";"Reta";"Sim";3;1;2;0;0;0;2;2;-5,14702095;-42,77438982;"SPRF-PI";"DEL01-PI";"UOP02-DEL01-PI"
471494;2022-08-31;"quarta-feira";"19:20:00";"RJ";393;123;"SAPUCAIA";"Reação tardia ou ineficiente do condutor";"Tombamento";"Com Vítimas Feridas";"Plena Noite";"Decrescente";"Céu Claro";"Simples";"Curva";"Não";1;0;0;1;0;0;1;1;-21,94047257;-42,81407216;"SPRF-RJ";"DEL05-RJ";"UOP01-DEL05-RJ"
471497;2022-08-31;"quarta-feira";"20:00:00";"PR";277;730;"FOZ DO IGUACU";"Ultrapassagem Indevida";"Colisão traseira";"Sem Vítimas";"Plena Noite";"Crescente";"Céu Claro";"Simples";"Ponte";"Sim";11;0;0;0;11;0;0;6;-25,50826305;-54,59238593;"SPRF-PR";"DEL05-PR";"UOP03-DEL05-PR"
471498;2022-08-31;"quarta-feira";"17:30:00";"SC";101;46,4;"JOINVILLE";"Mal súbito do condutor";"Tombamento";"Com Vítimas Feridas";"Anoitecer";"Crescente";"Nublado";"Dupla";"Reta";"Sim";1;0;1;0;0;0;1;1;-26,33150083;-48,86187762;"SPRF-SC";"DEL03-SC";"UOP01-DEL03-SC"
471499;2022-08-03;"quarta-feira";"14:15:00";"MG";381;752,2;"TRES CORACOES";"Reação tardia ou ineficiente do condutor";"Tombamento";"Com Vítimas Feridas";"Pleno dia";"Decrescente";"Céu Claro";"Simples";"Curva";"Não";1;0;1;0;0;0;1;1;-21,65641111;-45,30102968;"SPRF-MG";"DEL16-MG";"UOP02-DEL16-MG"
471500;2022-08-31;"quarta-feira";"20:30:00";"SP";116;219;"GUARULHOS";"Acessar a via sem observar a presença dos outros veículos";"Atropelamento de Pedestre";"Com Vítimas Feridas";"Plena Noite";"Crescente";"Céu Claro";"Dupla";"Declive";"Não";2;0;1;0;1;0;1;2;-23,46143954;-46,48885316;"SPRF-SP";"DEL01-SP";"UOP01-DEL01-SP"
471501;2022-08-14;"domingo";"21:10:00";"SC";282;341,5;"CAMPOS NOVOS";"Pedestre cruzava a pista fora da faixa";"Atropelamento de Pedestre";"Com Vítimas Fatais";"Plena Noite";"Crescente";"Céu Claro";"Simples";"Reta";"Sim";2;1;0;0;1;0;0;2;-27,389957;-51,213387;"SPRF-SC";"DEL07-SC";"UOP06-DEL07-SC"
471504;2022-08-31;"quarta-feira";"18:40:00";"SP";116;273;"TABOAO DA SERRA";"Condutor deixou de manter distância do veículo da frente";"Colisão lateral mesmo sentido";"Com Vítimas Feridas";"Plena Noite";"Crescente";"Nublado";"Dupla";"Reta";"Sim";2;0;0;1;0;1;1;2;-23,62809795;-46,81870306;"SPRF-SP";"DEL04-SP";"UOP01-DEL04-SP"
471505;2022-08-31;"quarta-feira";"04:30:00";"RJ";101;531;"ANGRA DOS REIS";"Velocidade Incompatível";"Colisão com objeto";"Sem Vítimas";"Plena Noite";"Decrescente";"Ignorado";"Simples";"Curva";"Sim";1;0;0;0;1;0;0;1;-23,02147898;-44,52344494;"SPRF-RJ";"DEL03-RJ";"UOP03-DEL03-RJ"
471506;2022-08-31;"quarta-feira";"20:03:00";"RJ";116;175;"NOVA IGUACU";"Trafegar com motocicleta (ou similar) entre as faixas";"Colisão lateral mesmo sentido";"Com Vítimas Feridas";"Plena Noite";"Crescente";"Céu Claro";"Múltipla";"Reta";"Sim";3;0;1;0;2;0;1;3;-22,78923555;-43,37275272;"SPRF-RJ";"DEL01-RJ";"UOP02-DEL01-RJ"
471507;2022-08-31;"quarta-feira";"20:00:00";"PR";116;17;"CURITIBA";"Manobra de mudança de faixa";"Colisão lateral mesmo sentido";"Com Vítimas Feridas";"Plena Noite";"Crescente";"Nublado";"Dupla";"Reta";"Sim";2;0;1;0;1;0;1;2;-25,3890654;-49,19359624;"SPRF-PR";"DEL01-PR";"UOP02-DEL01-PR"
471508;2022-08-31;"quarta-feira";"20:30:00";"CE";116;7,9;"FORTALEZA";"Demais falhas mecânicas ou elétricas";"Tombamento";"Com Vítimas Feridas";"Plena Noite";"Decrescente";"Céu Claro";"Dupla";"Reta";"Sim";2;0;1;1;0;0;2;1;-3,818087;-38,502074;"SPRF-CE";"DEL01-CE";"UOP02-DEL01-CE"
471509;2022-08-31;"quarta-feira";"14:06:00";"MT";174;290;"PONTES E LACERDA";"Reação tardia ou ineficiente do condutor";"Colisão traseira";"Com Vítimas Feridas";"Pleno dia";"Crescente";"Sol";"Simples";"Reta";"Sim";5;0;1;0;4;0;1;2;-15,21535504;-59,32007434;"SPRF-MT";"DEL04-MT";"UOP01-DEL04-MT"
471511;2022-08-31;"quarta-feira";"19:40:00";"PR";376;174;"MARINGA";"Manobra de mudança de faixa";"Colisão lateral mesmo sentido";"Com Vítimas Feridas";"Plena Noite";"Crescente";"Céu Claro";"Dupla";"Interseção de Vias";"Sim";2;0;1;0;0;1;1;2;-23,41430102;-51,94984299;"SPRF-PR";"DEL09-PR";"UOP01-DEL09-PR"
471512;2022-08-31;"quarta-feira";"18:15:00";"TO";153;133;"ARAGUAINA";"Condutor deixou de manter distância do veículo da frente";"Colisão lateral mesmo sentido";"Com Vítimas Feridas";"Anoitecer";"Crescente";"Céu Claro";"Simples";"Reta";"Não";2;0;0;2;0;0;2;1;-7,11461109;-48,18743388;"SPRF-TO";"DEL02-TO";"UOP01-DEL02-TO"
471513;2022-08-31;"quarta-feira";"09:20:00";"CE";116;5;"FORTALEZA";"Reação tardia ou ineficiente do condutor";"Tombamento";"Com Vítimas Feridas";"Pleno dia";"Crescente";"Céu Claro";"Dupla";"Viaduto";"Sim";2;0;1;0;1;0;1;1;-3,79467116;-38,50772734;"SPRF-CE";"DEL01-CE";"UOP02-DEL01-CE"
471514;2022-08-31;"quarta-feira";"15:30:00";"MA";316;272,9;"BELA VISTA DO MARANHAO";"Acessar a via sem observar a presença dos outros veículos";"Colisão transversal";"Com Vítimas Feridas";"Pleno dia";"Crescente";"Céu Claro";"Simples";"Reta;Declive";"Não";3;0;1;0;2;0;1;2;-3,710173;-45,301044;"SPRF-MA";"DEL02-MA";"UOP01-DEL02-MA"
471515;2022-08-31;"quarta-feira";"21:35:00";"PR";369;208,9;"APUCARANA";"Acumulo de areia ou detritos sobre o pavimento";"Tombamento";"Com Vítimas Feridas";"Plena Noite";"Decrescente";"Céu Claro";"Simples";"Retorno Regulamentado";"Não";1;0;1;0;0;0;1;1;-23,56697669;-51,50763988;"SPRF-PR";"DEL07-PR";"UOP03-DEL07-PR"
471516;2022-08-31;"quarta-feira";"19:45:00";"RS";287;442;"UNISTALDA";"Demais falhas mecânicas ou elétricas";"Saída de leito carroçável";"Com Vítimas Feridas";"Plena Noite";"Decrescente";"Céu Claro";"Simples";"Reta";"Não";2;0;1;0;1;0;1;1;-29,04081683;-55,229263;"SPRF-RS";"DEL12-RS";"UOP02-DEL12-RS"
471518;2022-08-31;"quarta-feira";"21:25:00";"RJ";116;255,9;"PIRAI";"Ingestão de álcool pelo condutor";"Colisão com objeto";"Com Vítimas Feridas";"Plena Noite";"Decrescente";"Nublado";"Dupla";"Reta";"Não";4;0;4;0;0;0;4;2;-22,58171235;-43,99533787;"SPRF-RJ";"DEL07-RJ";"UOP02-DEL07-RJ"
471521;2022-08-31;"quarta-feira";"18:40:00";"PR";277;599,3;"CASCAVEL";"Animais na Pista";"Atropelamento de Animal";"Com Vítimas Feridas";"Anoitecer";"Decrescente";"Céu Claro";"Dupla";"Reta";"Não";1;0;1;0;0;0;1;1;-24,996818;-53,516253;"SPRF-PR";"DEL04-PR";"UOP01-DEL04-PR"
471522;2022-08-31;"quarta-feira";"20:10:00";"RO";364;241,9;"CACOAL";"Desrespeitar a preferência no cruzamento";"Colisão transversal";"Com Vítimas Feridas";"Plena Noite";"Decrescente";"Céu Claro";"Simples";"Reta";"Sim";1;0;1;0;0;0;1;1;-11,440823;-61,487013;"SPRF-RO";"DEL02-RO";"UOP02-DEL02-RO"
471525;2022-08-31;"quarta-feira";"23:00:00";"SP";116;152;"SAO JOSE DOS CAMPOS";"Pedestre andava na pista";"Atropelamento de Pedestre";"Com Vítimas Feridas";"Plena Noite";"Crescente";"Nublado";"Dupla";"Reta";"Sim";2;0;1;0;1;0;1;2;-23,22620401;-45,90682999;"SPRF-SP";"DEL02-SP";"UOP01-DEL02-SP"
471526;2022-08-31;"quarta-feira";"18:30:00";"RJ";101;240;"SILVA JARDIM";"Ausência de reação do condutor";"Colisão traseira";"Com Vítimas Feridas";"Plena Noite";"Crescente";"Céu Claro";"Dupla";"Reta";"Não";2;0;1;0;1;0;1;2;-22,63006139;-42,43638279;"SPRF-RJ";"DEL02-RJ";"UOP03-DEL02-RJ"
471527;2022-08-31;"quarta-feira";"23:30:00";"RS";293;4,5;"PELOTAS";"Ausência de reação do condutor";"Colisão traseira";"Com Vítimas Feridas";"Plena Noite";"Crescente";"Céu Claro";"Simples";"Reta";"Não";2;0;1;0;1;0;1;2;-31,73357732;-52,37275615;"SPRF-RS";"DEL07-RS";"UOP01-DEL07-RS"
471528;2022-08-31;"quarta-feira";"17:00:00";"MA";10;261;"IMPERATRIZ";"Afundamento ou ondulação no pavimento";"Queda de ocupante de veículo";"Com Vítimas Feridas";"Pleno dia";"Crescente";"Céu Claro";"Simples";"Reta";"Não";2;0;1;0;1;0;1;1;-5,454371;-47,472439;"SPRF-MA";"DEL04-MA";"UOP01-DEL04-MA"
471531;2022-08-31;"quarta-feira";"23:45:00";"PB";230;18,9;"JOAO PESSOA";"Velocidade Incompatível";"Colisão com objeto";"Sem Vítimas";"Plena Noite";"Crescente";"Céu Claro";"Dupla";"Curva";"Não";1;0;0;0;0;1;0;1;-7,1281;-34,8466;"SPRF-PB";"DEL01-PB";"UOP01-DEL01-PB"
471533;2022-08-31;"quarta-feira";"23:45:00";"RS";158;329;"SANTA MARIA";"Ingestão de álcool pelo condutor";"Colisão com objeto";"Com Vítimas Feridas";"Plena Noite";"Crescente";"Céu Claro";"Dupla";"Reta";"Sim";1;0;0;1;0;0;1;1;-29,70655227;-53,82844806;"SPRF-RS";"DEL09-RS";"UOP01-DEL09-RS"
471534;2022-08-31;"quarta-feira";"22:15:00";"MG";381;893,1;"CAMBUI";"Ausência de reação do condutor";"Saída de leito carroçável";"Com Vítimas Feridas";"Plena Noite";"Decrescente";"Céu Claro";"Dupla";"Curva;Retorno Regulamentado;Aclive";"Não";2;0;2;0;0;0;2;1;-22,6103125;-46,0623465;"SPRF-MG";"DEL16-MG";"UOP03-DEL16-MG"
471535;2022-08-31;"quarta-feira";"23:30:00";"PR";153;42,8;"SANTO ANTONIO DA PLATINA";"Desrespeitar a preferência no cruzamento";"Colisão transversal";"Com Vítimas Feridas";"Plena Noite";"Crescente";"Céu Claro";"Simples";"Interseção de Vias";"Sim";3;0;1;1;0;1;2;2;-23,301574;-50,070264;"SPRF-PR";"DEL07-PR";"UOP04-DEL07-PR"
471536;2022-08-31;"quarta-feira";"23:05:00";"MT";163;985;"TERRA NOVA DO NORTE";"Ingestão de álcool pelo condutor";"Colisão traseira";"Com Vítimas Feridas";"Plena Noite";"Crescente";"Céu Claro";"Simples";"Reta";"Não";5;0;2;0;3;0;2;2;-10,6202;-55,1207;"SPRF-MT";"DEL06-MT";"NPF/DEL06-MT"
471537;2022-08-31;"quarta-feira";"18:40:00";"MT";70;381,7;"CAMPO VERDE";"Acessar a via sem observar a presença dos outros veículos";"Colisão transversal";"Sem Vítimas";"Plena Noite";"Crescente";"Céu Claro";"Dupla";"Rotatória";"Sim";1;0;0;0;1;0;0;1;-15,55659874;-55,1713872;"SPRF-MT";"DEL05-MT";"UOP02-DEL05-MT"
471538;2022-08-31;"quarta-feira";"17:45:00";"PI";407;568,6;"PAULISTANA";"Condutor deixou de manter distância do veículo da frente";"Colisão traseira";"Com Vítimas Fatais";"Anoitecer";"Crescente";"Céu Claro";"Simples";"Reta";"Sim";2;1;0;0;1;0;0;2;-8,12814495;-41,14963531;"SPRF-PI";"DEL04-PI";"UOP01-DEL04-PI"
471539;2022-08-31;"quarta-feira";"18:50:00";"RJ";393;280;"BARRA DO PIRAI";"Ingestão de álcool pelo condutor";"Colisão traseira";"Sem Vítimas";"Plena Noite";"Crescente";"Céu Claro";"Simples";"Reta";"Sim";2;0;0;0;2;0;0;2;-22,47750785;-44,01954402;"SPRF-RJ";"DEL05-RJ";"UOP04-DEL05-RJ"
471540;2022-08-31;"quarta-feira";"19:20:00";"PI";407;421,2;"PICOS";"Transitar na contramão";"Colisão frontal";"Com Vítimas Feridas";"Plena Noite";"Decrescente";"Céu Claro";"Simples";"Reta";"Sim";2;0;0;2;0;0;2;2;-7,087405;-41,427839;"SPRF-PI";"DEL04-PI";"UOP01-DEL04-PI"
471542;2022-08-31;"quarta-feira";"18:05:00";"CE";116;10,4;"FORTALEZA";"Pedestre cruzava a pista fora da faixa";"Atropelamento de Pedestre";"Com Vítimas Feridas";"Plena Noite";"Decrescente";"Céu Claro";"Dupla";"Reta";"Sim";2;0;1;0;1;0;1;2;-3,83603805;-38,5027281;"SPRF-CE";"DEL01-CE";"UOP02-DEL01-CE"
471544;2022-09-01;"quinta-feira";"03:20:00";"RJ";116;168;"SAO JOAO DE MERITI";"Ausência de reação do condutor";"Colisão com objeto";"Com Vítimas Feridas";"Plena Noite";"Crescente";"Nublado";"Dupla";"Reta";"Sim";1;0;0;1;0;0;1;1;-22,79460766;-43,36318731;"SPRF-RJ";"DEL01-RJ";"UOP02-DEL01-RJ"
471547;2022-09-01;"quinta-feira";"01:00:00";"MT";163;750;"SORRISO";"Ingestão de álcool e/ou substâncias psicoativas pelo pedestre";"Saída de leito carroçável";"Sem Vítimas";"Plena Noite";"Decrescente";"Céu Claro";"Dupla";"Reta";"Sim";1;0;0;0;1;0;0;1;-12,67193506;-55,79367178;"SPRF-MT";"DEL06-MT";"UOP01-DEL06-MT"
471548;2022-09-01;"quinta-feira";"04:40:00";"SC";280;56,4;"GUARAMIRIM";"Retorno proibido";"Colisão transversal";"Com Vítimas Feridas";"Pleno dia";"Crescente";"Céu Claro";"Dupla";"Reta";"Sim";2;0;1;0;1;0;1;2;-26,47947677;-49,00298702;"SPRF-SC";"DEL03-SC";"UOP03-DEL03-SC"
471549;2022-09-01;"quinta-feira";"05:50:00";"MG";267;160,9;"LIMA DUARTE";"Transitar na contramão";"Colisão frontal";"Com Vítimas Feridas";"Amanhecer";"Crescente";"Céu Claro";"Simples";"Reta";"Não";2;0;2;0;0;0;2;2;-21,84706253;-43,79196225;"SPRF-MG";"DEL05-MG";"UOP01-DEL05-MG"
471550;2022-09-01;"quinta-feira";"06:00:00";"PE";408;95,2;"SAO LOURENCO DA MATA";"Velocidade Incompatível";"Colisão traseira";"Com Vítimas Feridas";"Amanhecer";"Crescente";"Garoa/Chuvisco";"Dupla";"Aclive";"Não";2;0;1;0;1;0;1;2;-8,016048;-35,042046;"SPRF-PE";"DEL01-PE";"UOP01-DEL01-PE"
471551;2022-09-01;"quinta-feira";"06:30:00";"PR";277;730;"FOZ DO IGUACU";"Velocidade Incompatível";"Atropelamento de Pedestre";"Com Vítimas Feridas";"Pleno dia";"Crescente";"Céu Claro";"Simples";"Curva";"Sim";2;0;1;0;1;0;1;2;-25,50863322;-54,59280252;"SPRF-PR";"DEL05-PR";"UOP03-DEL05-PR"
471552;2022-09-01;"quinta-feira";"06:50:00";"SP";116;209,8;"GUARULHOS";"Manobra de mudança de faixa";"Colisão traseira";"Com Vítimas Feridas";"Pleno dia";"Crescente";"Nublado";"Dupla";"Reta";"Não";2;0;1;0;1;0;1;2;-23,42511799;-46,40221101;"SPRF-SP";"DEL01-SP";"UOP01-DEL01-SP"
471554;2022-09-01;"quinta-feira";"05:20:00";"PE";232;411;"SERRA TALHADA";"Ingestão de álcool pelo condutor";"Colisão traseira";"Sem Vítimas";"Amanhecer";"Crescente";"Nublado";"Simples";"Reta";"Sim";3;0;0;0;3;0;0;2;-7,97976163;-38,31087404;"SPRF-PE";"DEL04-PE";"UOP01-DEL04-PE"
471555;2022-09-01;"quinta-feira";"06:50:00";"MG";262;442,2;"NOVA SERRANA";"Transitar na contramão";"Colisão frontal";"Com Vítimas Feridas";"Pleno dia";"Decrescente";"Sol";"Dupla";"Aclive";"Sim";2;0;0;1;1;0;1;2;-19,8806236;-44,91232265;"SPRF-MG";"DEL08-MG";"UOP03-DEL08-MG"
471556;2022-09-01;"quinta-feira";"07:20:00";"CE";116;3,5;"FORTALEZA";"Condutor deixou de manter distância do veículo da frente";"Colisão traseira";"Com Vítimas Feridas";"Pleno dia";"Decrescente";"Céu Claro";"Múltipla";"Reta";"Sim";3;0;1;0;2;0;1;3;-3,77866493;-38,51490171;"SPRF-CE";"DEL01-CE";"UOP02-DEL01-CE"
471557;2022-09-01;"quinta-feira";"07:00:00";"PB";230;16;"JOAO PESSOA";"Ausência de reação do condutor";"Colisão traseira";"Com Vítimas Feridas";"Pleno dia";"Crescente";"Céu Claro";"Dupla";"Reta";"Sim";2;0;1;0;1;0;1;2;-7,1039;-34,8458;"SPRF-PB";"DEL01-PB";"UOP01-DEL01-PB"
471559;2022-09-01;"quinta-feira";"07:10:00";"GO";60;112;"GOIANAPOLIS";"Velocidade Incompatível";"Saída de leito carroçável";"Com Vítimas Feridas";"Pleno dia";"Decrescente";"Céu Claro";"Dupla";"Curva";"Não";2;0;2;0;0;0;2;1;-16,4511;-49,0498;"SPRF-GO";"DEL01-GO";"UOP01-DEL01-GO"
471560;2022-09-01;"quinta-feira";"07:20:00";"SP";116;228;"SAO PAULO";"Reação tardia ou ineficiente do condutor";"Colisão traseira";"Com Vítimas Feridas";"Pleno dia";"Crescente";"Céu Claro";"Múltipla";"Reta";"Sim";3;0;1;0;2;0;1;2;-23,50343484;-46,56638712;"SPRF-SP";"DEL01-SP";"UOP01-DEL01-SP"
471561;2022-09-01;"quinta-feira";"07:58:00";"DF";20;16,4;"BRASILIA";"Reação tardia ou ineficiente do condutor";"Queda de ocupante de veículo";"Com Vítimas Feridas";"Pleno dia";"Crescente";"Céu Claro";"Dupla";"Reta";"Não";1;0;1;0;0;0;1;1;-15,625675;-47,725159;"SPRF-DF";"DEL02-DF";"UOP01-DEL02-DF"
471563;2022-06-30;"quinta-feira";"12:10:00";"MG";116;178;"PADRE PARAISO";"Mal súbito do condutor";"Colisão com objeto";"Com Vítimas Fatais";"Pleno dia";"Decrescente";"Céu Claro";"Simples";"Rotatória";"Sim";2;1;1;0;0;0;1;1;-17,06871893;-41,48246709;"SPRF-MG";"DEL11-MG";"UOP02-DEL11-MG"
471564;2022-09-01;"quinta-feira";"06:45:00";"MG";40;455,5;"CAETANOPOLIS";"Reação tardia ou ineficiente do condutor";"Saída de leito carroçável";"Com Vítimas Feridas";"Pleno dia";"Decrescente";"Céu Claro";"Dupla";"Curva;Declive";"Não";2;0;2;0;0;0;2;1;-19,35767518;-44,34735515;"SPRF-MG";"DEL02-MG";"UOP01-DEL02-MG"
471565;2022-09-01;"quinta-feira";"07:30:00";"RJ";101;316;"SAO GONCALO";"Condutor deixou de manter distância do veículo da frente";"Colisão lateral mesmo sentido";"Com Vítimas Feridas";"Pleno dia";"Crescente";"Sol";"Dupla";"Reta";"Sim";3;0;1;0;2;0;1;2;-22,82835879;-43,09208739;"SPRF-RJ";"DEL02-RJ";"UOP02-DEL02-RJ"
471566;2022-06-21;"terça-feira";"13:04:00";"PE";101;51;"ABREU E LIMA";"Velocidade Incompatível";"Colisão transversal";"Com Vítimas Feridas";"Pleno dia";"Crescente";"Céu Claro";"Dupla";"Retorno Regulamentado";"Sim";3;0;2;0;0;1;2;2;-7,9169968;-34,89689272;"SPRF-PE";"DEL01-PE";"UOP02-DEL01-PE"
471567;2022-09-01;"quinta-feira";"07:25:00";"RS";116;263;"CANOAS";"Ultrapassagem Indevida";"Colisão lateral mesmo sentido";"Com Vítimas Feridas";"Pleno dia";"Decrescente";"Céu Claro";"Dupla";"Reta";"Sim";2;0;1;0;1;0;1;2;-29,90545398;-51,17674031;"SPRF-RS";"DEL01-RS";"UOP01-DEL01-RS"
471568;2022-09-01;"quinta-feira";"07:25:00";"MG";50;21;"UBERLANDIA";"Pista Escorregadia";"Tombamento";"Com Vítimas Feridas";"Pleno dia";"Decrescente";"Céu Claro";"Simples";"Reta";"Não";4;0;2;0;1;1;2;3;-18,9113;-48,2622;"SPRF-MG";"DEL15-MG";"UOP01-DEL15-MG"
471569;2022-07-31;"domingo";"09:50:00";"SC";282;30;"AGUAS MORNAS";"Manobra de mudança de faixa";"Colisão lateral mesmo sentido";"Com Vítimas Feridas";"Pleno dia";"Crescente";"Céu Claro";"Simples";"Reta";"Não";4;0;1;0;3;0;1;2;-27,687376;-48,79071;"SPRF-SC";"DEL01-SC";"UOP03-DEL01-SC"
471570;2022-09-01;"quinta-feira";"08:00:00";"SP";116;156;"SAO JOSE DOS CAMPOS";"Ausência de reação do condutor";"Engavetamento";"Com Vítimas Feridas";"Pleno dia";"Decrescente";"Sol";"Múltipla";"Reta";"Sim";3;0;1;0;2;0;1;3;-23,25044084;-45,93572909;"SPRF-SP";"DEL02-SP";"UOP01-DEL02-SP"
471571;2022-09-01;"quinta-feira";"08:17:00";"SE";235;2;"ARACAJU";"Condutor usando celular";"Colisão traseira";"Sem Vítimas";"Pleno dia";"Decrescente";"Chuva";"Dupla";"Declive";"Sim";2;0;0;0;2;0;0;2;-10,9062;-37,1034;"SPRF-SE";"DEL01-SE";"UOP01-DEL01-SE"
471573;2022-09-01;"quinta-feira";"07:00:00";"MS";163;262,6;"DOURADOS";"Condutor deixou de manter distância do veículo da frente";"Colisão traseira";"Sem Vítimas";"Pleno dia";"Crescente";"Céu Claro";"Dupla";"Reta";"Sim";5;0;0;0;5;0;0;2;-22,2352256;-54,75663316;"SPRF-MS";"DEL04-MS";"UOP01-DEL04-MS"
471575;2022-09-01;"quinta-feira";"08:12:00";"RS";290;107;"ELDORADO DO SUL";"Manobra de mudança de faixa";"Colisão lateral mesmo sentido";"Com Vítimas Feridas";"Pleno dia";"Decrescente";"Céu Claro";"Dupla";"Reta";"Sim";3;0;1;0;2;0;1;2;-30,001852;-51,304264;"SPRF-RS";"DEL02-RS";"UOP01-DEL02-RS"
471576;2022-09-01;"quinta-feira";"07:58:00";"PR";277;712,3;"SANTA TEREZINHA DE ITAIPU";"Reação tardia ou ineficiente do condutor";"Saída de leito carroçável";"Com Vítimas Feridas";"Amanhecer";"Decrescente";"Céu Claro";"Dupla";"Reta";"Não";1;0;0;1;0;0;1;1;-25,45780735;-54,43119986;"SPRF-PR";"DEL05-PR";"UOP01-DEL05-PR"
471577;2022-08-31;"quarta-feira";"17:30:00";"TO";153;367;"FORTALEZA DO TABOCAO";"Demais falhas mecânicas ou elétricas";"Incêndio";"Sem Vítimas";"Anoitecer";"Crescente";"Céu Claro";"Simples";"Reta";"Não";37;0;0;0;37;0;0;1;-9,12640305;-48,53344476;"SPRF-TO";"DEL02-TO";"UOP02-DEL02-TO"
471578;2022-09-01;"quinta-feira";"08:00:00";"RS";101;86;"OSORIO";"Manobra de mudança de faixa";"Colisão lateral mesmo sentido";"Com Vítimas Feridas";"Pleno dia";"Decrescente";"Céu Claro";"Dupla";"Rotatória";"Sim";2;0;1;0;1;0;1;2;-29,8754149;-50,25734711;"SPRF-RS";"DEL03-RS";"UOP01-DEL03-RS"
471580;2022-09-01;"quinta-feira";"07:50:00";"PR";277;83;"CURITIBA";"Ausência de reação do condutor";"Colisão traseira";"Com Vítimas Feridas";"Pleno dia";"Crescente";"Céu Claro";"Múltipla";"Reta";"Sim";2;0;1;0;1;0;1;2;-25,568939;-49,181978;"SPRF-PR";"DEL01-PR";"UOP01-DEL01-PR"
471581;2022-09-01;"quinta-feira";"07:15:00";"PI";230;308;"FLORIANO";"Ausência de reação do condutor";"Colisão lateral mesmo sentido";"Com Vítimas Feridas";"Pleno dia";"Crescente";"Céu Claro";"Simples";"Reta";"Sim";3;0;2;0;0;1;2;2;-6,78159309;-43,00121707;"SPRF-PI";"DEL03-PI";"UOP01-DEL03-PI"
471582;2022-09-01;"quinta-feira";"08:48:00";"SC";282;2,3;"FLORIANOPOLIS";"Manobra de mudança de faixa";"Colisão lateral mesmo sentido";"Com Vítimas Feridas";"Pleno dia";"Decrescente";"Céu Claro";"Dupla";"Reta";"Sim";3;0;2;0;1;0;2;2;-27,603289;-48,590416;"SPRF-SC";"DEL01-SC";"UOP01-DEL01-SC"
471585;2022-09-01;"quinta-feira";"08:20:00";"BA";324;530;"FEIRA DE SANTANA";"Reação tardia ou ineficiente do condutor";"Capotamento";"Sem Vítimas";"Pleno dia";"Decrescente";"Nublado";"Dupla";"Curva";"Não";1;0;0;0;1;0;0;1;-12,32818491;-38,86174193;"SPRF-BA";"DEL01-BA";"UOP03-DEL01-BA"
471587;2022-09-01;"quinta-feira";"08:00:00";"SC";470;24;"ILHOTA";"Reação tardia ou ineficiente do condutor";"Queda de ocupante de veículo";"Com Vítimas Feridas";"Pleno dia";"Crescente";"Céu Claro";"Dupla";"Curva";"Não";1;0;1;0;0;0;1;1;-26,881754;-48,856251;"SPRF-SC";"DEL04-SC";"UOP04-DEL04-SC"