"id";"data_inversa";"dia_semana";"horario";"uf";"br";"km";"municipio";"causa_acidente";"tipo_acidente";"classificacao_acidente";"fase_dia";"sentido_via";"condicao_metereologica";"tipo_pista";"tracado_via";"uso_solo";"pessoas";"mortos";"feridos_leves";"feridos_graves";"ilesos";"ignorados";"feridos";"veiculos";"latitude";"longitude";"regional";"delegacia";"uop"
471588;2022-09-01;"quinta-feira";"08:00:00";"GO";80;130;"BARRO ALTO";"Ausência de reação do condutor";"Colisão com objeto";"Com Vítimas Feridas";"Pleno dia";"Crescente";"Sol";"Dupla";"Curva";"Sim";1;0;1;0;0;0;1;1;-14,983435;-48,925958;"SPRF-GO";"DEL07-GO";"UOP01-DEL07-GO"
471591;2022-07-24;"domingo";"02:00:00";"MG";381;481,7;"CONTAGEM";"Pedestre andava na pista";"Atropelamento de Pedestre";"Com Vítimas Fatais";"Plena Noite";"Decrescente";"Céu Claro";"Dupla";"Reta;Declive";"Sim";3;1;1;1;0;0;2;2;-19,95908407;-44,06951319;"SPRF-MG";"DEL01-MG";"UOP03-DEL01-MG"
471593;2022-09-01;"quinta-feira";"09:15:00";"BA";415;50;"ITABUNA";"Acessar a via sem observar a presença dos outros veículos";"Colisão transversal";"Com Vítimas Feridas";"Pleno dia";"Crescente";"Céu Claro";"Simples";"Reta";"Sim";2;0;1;0;1;0;1;2;-14,81574494;-39,29612388;"SPRF-BA";"DEL05-BA";"UOP01-DEL05-BA"
471594;2022-09-01;"quinta-feira";"09:40:00";"RJ";493;20;"MAGE";"Área urbana sem a presença de local apropriado para a travessia de pedestres";"Atropelamento de Pedestre";"Com Vítimas Feridas";"Pleno dia";"Crescente";"Céu Claro";"Simples";"Reta";"Sim";2;0;1;0;1;0;1;2;-22,66364;-43,036495;"SPRF-RJ";"DEL04-RJ";"UOP02-DEL04-RJ"
471595;2022-09-01;"quinta-feira";"07:50:00";"CE";0;0;"CAUCAIA";"Condutor deixou de manter distância do veículo da frente";"Colisão traseira";"Com Vítimas Feridas";"Pleno dia";"Não Informado";"Sol";"Múltipla";"Reta";"Não";3;0;2;0;1;0;2;2;-3,76636172;-38,66329378;"SPRF-CE";"DEL01-CE";"UOP01-DEL01-CE"
471596;2022-09-01;"quinta-feira";"09:30:00";"MG";356;267;"MURIAE";"Desrespeitar a preferência no cruzamento";"Colisão transversal";"Com Vítimas Feridas";"Pleno dia";"Decrescente";"Céu Claro";"Simples";"Interseção de Vias;Curva";"Sim";2;0;1;0;1;0;1;2;-21,12725696;-42,35052695;"SPRF-MG";"DEL07-MG";"UOP02-DEL07-MG"
471597;2022-09-01;"quinta-feira";"10:25:00";"MG";40;530;"CONTAGEM";"Ausência de reação do condutor";"Colisão lateral mesmo sentido";"Com Vítimas Feridas";"Pleno dia";"Crescente";"Céu Claro";"Dupla";"Reta";"Não";2;0;1;0;1;0;1;2;-19,92064782;-44,0335681;"SPRF-MG";"DEL01-MG";"UOP02-DEL01-MG"
471599;2022-09-01;"quinta-feira";"10:15:00";"SC";101;209;"SAO JOSE";"Reação tardia ou ineficiente do condutor";"Engavetamento";"Com Vítimas Feridas";"Pleno dia";"Crescente";"Céu Claro";"Simples";"Reta";"Sim";6;0;1;0;5;0;1;4;-27,61000542;-48,63895057;"SPRF-SC";"DEL01-SC";"UOP01-DEL01-SC"
471601;2022-09-01;"quinta-feira";"10:20:00";"SC";282;79;"RANCHO QUEIMADO";"Demais falhas mecânicas ou elétricas";"Incêndio";"Sem Vítimas";"Pleno dia";"Decrescente";"Céu Claro";"Simples";"Reta";"Não";1;0;0;0;1;0;0;1;-27,675831;-49,148048;"SPRF-SC";"DEL01-SC";"UOP03-DEL01-SC"
471602;2022-08-13;"sábado";"20:40:00";"MG";365;708,9;"MONTE ALEGRE DE MINAS";"Velocidade Incompatível";"Saída de leito carroçável";"Com Vítimas Fatais";"Plena Noite";"Crescente";"Céu Claro";"Simples";"Rotatória;Interseção de Vias";"Sim";2;1;0;1;0;0;1;1;-18,87859;-49,05618;"SPRF-MG";"DEL15-MG";"UOP03-DEL15-MG"
471604;2022-08-20;"sábado";"11:00:00";"BA";324;469;"TANQUINHO";"Velocidade Incompatível";"Colisão lateral mesmo sentido";"Sem Vítimas";"Pleno dia";"Crescente";"Nublado";"Simples";"Declive;Reta";"Não";2;0;0;0;2;0;0;2;-11,962885;-39,147922;"SPRF-BA";"DEL02-BA";"UOP01-DEL02-BA"
471607;2022-09-01;"quinta-feira";"11:35:00";"SE";101;151;"ESTANCIA";"Acesso irregular";"Colisão transversal";"Com Vítimas Feridas";"Pleno dia";"Crescente";"Chuva";"Simples";"Aclive";"Sim";2;0;1;0;1;0;1;2;-11,26151;-37,441227;"SPRF-SE";"DEL02-SE";"UOP01-DEL02-SE"
471608;2022-09-01;"quinta-feira";"11:20:00";"BA";101;594;"CAMACAN";"Condutor deixou de manter distância do veículo da frente";"Colisão traseira";"Sem Vítimas";"Pleno dia";"Crescente";"Céu Claro";"Simples";"Reta";"Não";4;0;0;0;4;0;0;2;-15,61130998;-39,43229406;"SPRF-BA";"DEL05-BA";"UOP02-DEL05-BA"
471613;2022-09-01;"quinta-feira";"08:50:00";"MG";116;509;"UBAPORANGA";"Acessar a via sem observar a presença dos outros veículos";"Colisão frontal";"Com Vítimas Feridas";"Pleno dia";"Decrescente";"Céu Claro";"Simples";"Reta";"Não";2;0;2;0;0;0;2;2;-19,63654904;-42,10593182;"SPRF-MG";"DEL06-MG";"UOP02-DEL06-MG"
471614;2022-07-27;"quarta-feira";"14:10:00";"AL";104;88,9;"RIO LARGO";"Retorno proibido";"Colisão transversal";"Com Vítimas Feridas";"Pleno dia";"Decrescente";"Céu Claro";"Dupla";"Retorno Regulamentado";"Sim";2;0;0;1;1;0;1;2;-9,48375193;-35,81815581;"SPRF-AL";"DEL01-AL";"UOP01-DEL01-AL"
471615;2022-09-01;"quinta-feira";"09:00:00";"RJ";116;107;"GUAPIMIRIM";"Acessar a via sem observar a presença dos outros veículos";"Colisão transversal";"Com Vítimas Feridas";"Pleno dia";"Decrescente";"Céu Claro";"Simples";"Reta";"Não";2;0;1;0;1;0;1;2;-22,52826187;-42,99737551;"SPRF-RJ";"DEL04-RJ";"UOP01-DEL04-RJ"
471616;2022-06-26;"domingo";"11:40:00";"MG";459;106,2;"POUSO ALEGRE";"Reação tardia ou ineficiente do condutor";"Tombamento";"Com Vítimas Feridas";"Pleno dia";"Crescente";"Ignorado";"Simples";"Reta";"Sim";1;0;0;1;0;0;1;1;-22,23387;-45,898136;"SPRF-MG";"DEL16-MG";"UOP01-DEL16-MG"
471617;2022-09-01;"quinta-feira";"12:15:00";"TO";0;0;"CRIXAS DO TOCANTINS";"Velocidade Incompatível";"Atropelamento de Pedestre";"Com Vítimas Feridas";"Pleno dia";"Não Informado";"Céu Claro";"Simples";"Reta";"Não";3;0;0;1;2;0;1;2;-11,193768;-48,92957102;"SPRF-TO";"DEL01-TO";"UOP02-DEL01-TO"
471620;2022-09-01;"quinta-feira";"13:40:00";"SC";101;198;"BIGUACU";"Velocidade Incompatível";"Queda de ocupante de veículo";"Com Vítimas Feridas";"Pleno dia";"Crescente";"Céu Claro";"Múltipla";"Reta";"Não";2;0;1;0;1;0;1;2;-27,52658712;-48,63506019;"SPRF-SC";"DEL01-SC";"UOP01-DEL01-SC"
471621;2022-09-01;"quinta-feira";"06:00:00";"PI";316;309;"PICOS";"Mal súbito do condutor";"Tombamento";"Sem Vítimas";"Pleno dia";"Crescente";"Céu Claro";"Simples";"Reta";"Sim";1;0;0;0;0;1;0;1;-7,07778744;-41,48370094;"SPRF-PI";"DEL04-PI";"UOP01-DEL04-PI"
471622;2022-09-01;"quinta-feira";"11:50:00";"RS";287;378,8;"SANTIAGO";"Condutor usando celular";"Colisão com objeto";"Com Vítimas Feridas";"Pleno dia";"Crescente";"Céu Claro";"Simples";"Curva;Declive";"Não";1;0;1;0;0;0;1;1;-29,32031501;-54,75962812;"SPRF-RS";"DEL12-RS";"UOP02-DEL12-RS"
471626;2022-08-22;"segunda-feira";"11:00:00";"MG";0;0;"GOVERNADOR VALADARES";"Ausência de reação do condutor";"Colisão lateral mesmo sentido";"Sem Vítimas";"Pleno dia";"Não Informado";"Céu Claro";"Simples";"Reta";"Sim";2;0;0;0;1;1;0;2;-18,85893313;-41,94840023;"SPRF-MG";"DEL06-MG";"UOP01-DEL06-MG"
471627;2022-09-01;"quinta-feira";"13:00:00";"SC";163;70,4;"SAO MIGUEL DO OESTE";"Acessar a via sem observar a presença dos outros veículos";"Colisão transversal";"Com Vítimas Feridas";"Pleno dia";"Decrescente";"Céu Claro";"Dupla";"Interseção de Vias;Curva";"Sim";2;0;2;0;0;0;2;2;-26,73461723;-53,50680015;"SPRF-SC";"DEL07-SC";"UOP03-DEL07-SC"
471628;2022-09-01;"quinta-feira";"12:10:00";"MT";163;688;"LUCAS DO RIO VERDE";"Acessar a via sem observar a presença dos outros veículos";"Colisão transversal";"Com Vítimas Feridas";"Pleno dia";"Decrescente";"Céu Claro";"Dupla";"Retorno Regulamentado;Reta";"Sim";2;0;1;0;1;0;1;2;-13,069562;-55,927302;"SPRF-MT";"DEL06-MT";"UOP01-DEL06-MT"
471629;2022-05-03;"terça-feira";"17:50:00";"PR";116;28,6;"CAMPINA GRANDE DO SUL";"Chuva";"Saída de leito carroçável";"Com Vítimas Feridas";"Anoitecer";"Decrescente";"Chuva";"Simples";"Curva";"Não";2;0;1;0;1;0;1;1;-25,11151097;-48,81174088;"SPRF-PR";"DEL01-PR";"UOP02-DEL01-PR"
471630;2022-09-01;"quinta-feira";"15:40:00";"DF";40;3;"BRASILIA";"Avarias e/ou desgaste excessivo no pneu";"Tombamento";"Com Vítimas Feridas";"Pleno dia";"Decrescente";"Céu Claro";"Dupla";"Viaduto";"Sim";2;0;1;0;1;0;1;1;-16,003145;-47,983944;"SPRF-DF";"DEL01-DF";"UOP01-DEL01-DF"
471631;2022-09-01;"quinta-feira";"15:20:00";"MG";381;936,1;"EXTREMA";"Velocidade Incompatível";"Tombamento";"Com Vítimas Feridas";"Pleno dia";"Crescente";"Céu Claro";"Dupla";"Curva";"Não";1;0;1;0;0;0;1;1;-22,80820575;-46,27699475;"SPRF-MG";"DEL16-MG";"UOP03-DEL16-MG"
471632;2022-09-01;"quinta-feira";"14:10:00";"MT";163;62,1;"RONDONOPOLIS";"Ausência de reação do condutor";"Saída de leito carroçável";"Com Vítimas Fatais";"Pleno dia";"Decrescente";"Céu Claro";"Dupla";"Reta";"Não";2;1;0;1;0;0;1;1;-16,97050799;-54,74467003;"SPRF-MT";"DEL02-MT";"UOP01-DEL02-MT"
471633;2022-09-01;"quinta-feira";"13:40:00";"RJ";356;42;"ITAPERUNA";"Condutor Dormindo";"Saída de leito carroçável";"Com Vítimas Feridas";"Pleno dia";"Crescente";"Céu Claro";"Simples";"Curva";"Não";1;0;1;0;0;0;1;1;-21,21755178;-41,82535005;"SPRF-RJ";"DEL08-RJ";"UOP03-DEL08-RJ"
471634;2022-09-01;"quinta-feira";"14:10:00";"AM";230;612;"HUMAITA";"Frear bruscamente";"Colisão com objeto";"Com Vítimas Feridas";"Pleno dia";"Crescente";"Céu Claro";"Dupla";"Reta";"Sim";5;0;2;0;3;0;2;2;-7,50682253;-63,03010941;"SPRF-AM";"DEL01-AM";"UOP05-DEL01-AM"
471635;2022-08-26;"sexta-feira";"16:20:00";"RS";386;362,2;"ESTRELA";"Acessar a via sem observar a presença dos outros veículos";"Colisão traseira";"Com Vítimas Feridas";"Pleno dia";"Crescente";"Céu Claro";"Dupla";"Reta;Retorno Regulamentado";"Não";2;0;1;0;1;0;1;2;-29,557457;-51,891541;"SPRF-RS";"DEL04-RS";"UOP02-DEL04-RS"
471636;2022-09-01;"quinta-feira";"15:20:00";"RS";158;290,1;"JULIO DE CASTILHOS";"Reação tardia ou ineficiente do condutor";"Capotamento";"Com Vítimas Feridas";"Pleno dia";"Decrescente";"Nublado";"Simples";"Reta";"Não";1;0;1;0;0;0;1;1;-29,467506;-53,68666;"SPRF-RS";"DEL09-RS";"UOP01-DEL09-RS"
471637;2022-09-01;"quinta-feira";"15:30:00";"PR";369;188;"ARAPONGAS";"Ultrapassagem Indevida";"Colisão traseira";"Com Vítimas Feridas";"Pleno dia";"Crescente";"Céu Claro";"Simples";"Interseção de Vias;Retorno Regulamentado;Reta";"Sim";2;0;1;0;1;0;1;2;-23,433633;-51,422301;"SPRF-PR";"DEL07-PR";"UOP03-DEL07-PR"
471640;2022-09-01;"quinta-feira";"16:15:00";"PR";116;156;"MANDIRITUBA";"Condutor usando celular";"Queda de ocupante de veículo";"Com Vítimas Feridas";"Pleno dia";"Crescente";"Sol";"Simples";"Declive;Reta";"Não";1;0;0;1;0;0;1;1;-25,86387533;-49,39567566;"SPRF-PR";"DEL01-PR";"UOP03-DEL01-PR"
471643;2022-09-01;"quinta-feira";"11:20:00";"RO";364;423;"JARU";"Condutor deixou de manter distância do veículo da frente";"Colisão traseira";"Com Vítimas Feridas";"Pleno dia";"Crescente";"Sol";"Simples";"Reta";"Sim";2;0;1;0;1;0;1;2;-10,45220802;-62,46072003;"SPRF-RO";"DEL03-RO";"UOP02-DEL03-RO"
471644;2022-09-01;"quinta-feira";"16:30:00";"CE";222;1,1;"FORTALEZA";"Condutor desrespeitou a iluminação vermelha do semáforo";"Atropelamento de Pedestre";"Com Vítimas Feridas";"Pleno dia";"Decrescente";"Céu Claro";"Dupla";"Reta";"Sim";2;0;2;0;0;0;2;2;-3,737804;-38,578061;"SPRF-CE";"DEL01-CE";"UOP01-DEL01-CE"
471648;2022-09-01;"quinta-feira";"17:10:00";"PR";369;187;"ARAPONGAS";"Reação tardia ou ineficiente do condutor";"Colisão traseira";"Com Vítimas Feridas";"Pleno dia";"Crescente";"Céu Claro";"Simples";"Reta";"Sim";2;0;1;0;1;0;1;2;-23,43248735;-51,42246366;"SPRF-PR";"DEL07-PR";"UOP03-DEL07-PR"
471650;2022-09-01;"quinta-feira";"14:20:00";"MG";116;508,2;"UBAPORANGA";"Acessar a via sem observar a presença dos outros veículos";"Colisão transversal";"Com Vítimas Feridas";"Pleno dia";"Crescente";"Nublado";"Simples";"Reta;Interseção de Vias";"Não";3;0;1;1;1;0;2;2;-19,617262;-42,110272;"SPRF-MG";"DEL06-MG";"UOP02-DEL06-MG"
471652;2022-09-01;"quinta-feira";"09:15:00";"GO";153;271;"NOVA GLORIA";"Ausência de reação do condutor";"Queda de ocupante de veículo";"Com Vítimas Feridas";"Pleno dia";"Crescente";"Céu Claro";"Simples";"Curva";"Não";1;0;0;1;0;0;1;1;-15,077479;-49,460964;"SPRF-GO";"DEL07-GO";"UOP02-DEL07-GO"
471653;2022-09-01;"quinta-feira";"12:10:00";"RJ";40;53;"PETROPOLIS";"Reação tardia ou ineficiente do condutor";"Saída de leito carroçável";"Sem Vítimas";"Pleno dia";"Crescente";"Céu Claro";"Dupla";"Curva";"Sim";1;0;0;0;0;1;0;1;-22,34399896;-43,13243691;"SPRF-RJ";"DEL05-RJ";"UOP02-DEL05-RJ"
471654;2022-09-01;"quinta-feira";"17:50:00";"PB";230;148;"CAMPINA GRANDE";"Acumulo de areia ou detritos sobre o pavimento";"Tombamento";"Com Vítimas Feridas";"Anoitecer";"Decrescente";"Céu Claro";"Dupla";"Declive";"Sim";1;0;1;0;0;0;1;1;-7,238;-35,8656;"SPRF-PB";"DEL02-PB";"UOP01-DEL02-PB"
471655;2022-09-01;"quinta-feira";"17:50:00";"ES";393;1;"CACHOEIRO DE ITAPEMIRIM";"Ausência de reação do condutor";"Colisão traseira";"Com Vítimas Feridas";"Anoitecer";"Decrescente";"Nublado";"Simples";"Reta";"Sim";2;0;1;0;0;1;1;2;-20,83723289;-41,16733095;"SPRF-ES";"DEL03-ES";"UOP02-DEL03-ES"
471656;2022-09-01;"quinta-feira";"09:10:00";"PE";101;111,4;"IPOJUCA";"Demais falhas mecânicas ou elétricas";"Capotamento";"Com Vítimas Feridas";"Pleno dia";"Decrescente";"Céu Claro";"Dupla";"Curva;Retorno Regulamentado";"Não";1;0;0;1;0;0;1;1;-8,32226007;-35,11259081;"SPRF-PE";"DEL01-PE";"UOP03-DEL01-PE"
471658;2022-09-01;"quinta-feira";"18:00:00";"SC";470;61;"BLUMENAU";"Acessar a via sem observar a presença dos outros veículos";"Colisão frontal";"Com Vítimas Feridas";"Anoitecer";"Crescente";"Céu Claro";"Simples";"Reta";"Sim";2;0;1;0;1;0;1;2;-26,878952;-49,17421;"SPRF-SC";"DEL04-SC";"UOP01-DEL04-SC"
471659;2022-09-01;"quinta-feira";"17:20:00";"RJ";101;320;"NITEROI";"Acessar a via sem observar a presença dos outros veículos";"Colisão lateral mesmo sentido";"Com Vítimas Feridas";"Pleno dia";"Decrescente";"Céu Claro";"Dupla";"Reta";"Não";2;0;1;0;1;0;1;2;-22,86171098;-43,10714015;"SPRF-RJ";"DEL02-RJ";"UOP01-DEL02-RJ"
471660;2022-09-01;"quinta-feira";"11:00:00";"PB";230;495,8;"CAJAZEIRAS";"Ausência de reação do condutor";"Colisão traseira";"Com Vítimas Feridas";"Pleno dia";"Decrescente";"Sol";"Simples";"Reta";"Não";3;0;2;0;1;0;2;2;-6,8838;-38,4671;"SPRF-PB";"DEL03-PB";"UOP03-DEL03-PB"
471664;2022-09-01;"quinta-feira";"18:55:00";"RS";116;246;"SAO LEOPOLDO";"Trafegar com motocicleta (ou similar) entre as faixas";"Colisão traseira";"Com Vítimas Feridas";"Plena Noite";"Decrescente";"Céu Claro";"Dupla";"Reta";"Sim";2;0;1;0;1;0;1;2;-29,75352097;-51,15147471;"SPRF-RS";"DEL01-RS";"UOP02-DEL01-RS"
471666;2022-09-01;"quinta-feira";"17:10:00";"BA";110;343;"ALAGOINHAS";"Acessar a via sem observar a presença dos outros veículos";"Colisão transversal";"Com Vítimas Feridas";"Pleno dia";"Crescente";"Chuva";"Simples";"Reta";"Sim";2;0;1;0;1;0;1;2;-12,24215428;-38,40952438;"SPRF-BA";"DEL01-BA";"UOP04-DEL01-BA"
471667;2022-09-01;"quinta-feira";"19:20:00";"MG";262;784,4;"UBERABA";"Ausência de reação do condutor";"Saída de leito carroçável";"Com Vítimas Feridas";"Plena Noite";"Crescente";"Céu Claro";"Simples";"Aclive";"Não";2;0;2;0;0;0;2;1;-19,737037;-47,750434;"SPRF-MG";"DEL13-MG";"UOP01-DEL13-MG"
471668;2022-09-01;"quinta-feira";"08:45:00";"MG";116;417,9;"GOVERNADOR VALADARES";"Acessar a via sem observar a presença dos outros veículos";"Colisão transversal";"Com Vítimas Feridas";"Pleno dia";"Decrescente";"Céu Claro";"Simples";"Reta";"Não";2;0;0;1;1;0;1;2;-18,90130308;-41,94492414;"SPRF-MG";"DEL06-MG";"UOP01-DEL06-MG"
471670;2022-09-01;"quinta-feira";"19:30:00";"RS";293;2;"PELOTAS";"Ausência de reação do condutor";"Colisão traseira";"Sem Vítimas";"Plena Noite";"Decrescente";"Chuva";"Simples";"Reta";"Sim";2;0;0;0;2;0;0;2;-31,750426;-52,35999499;"SPRF-RS";"DEL07-RS";"UOP01-DEL07-RS"
471672;2022-09-01;"quinta-feira";"17:30:00";"RO";364;424,5;"JARU";"Condutor deixou de manter distância do veículo da frente";"Colisão traseira";"Com Vítimas Feridas";"Pleno dia";"Decrescente";"Céu Claro";"Dupla";"Reta";"Sim";2;0;2;0;0;0;2;2;-10,44457274;-62,46568412;"SPRF-RO";"DEL03-RO";"UOP02-DEL03-RO"
471673;2022-09-01;"quinta-feira";"20:15:00";"SP";116;142;"SAO JOSE DOS CAMPOS";"Condutor deixou de manter distância do veículo da frente";"Colisão traseira";"Com Vítimas Feridas";"Plena Noite";"Decrescente";"Céu Claro";"Simples";"Reta";"Sim";2;0;1;0;1;0;1;2;-23,17426078;-45,82940111;"SPRF-SP";"DEL02-SP";"UOP01-DEL02-SP"
471674;2022-09-01;"quinta-feira";"20:00:00";"MG";381;483;"BETIM";"Manobra de mudança de faixa";"Colisão lateral mesmo sentido";"Com Vítimas Feridas";"Plena Noite";"Crescente";"Céu Claro";"Dupla";"Reta";"Sim";2;0;1;0;1;0;1;2;-19,955532;-44,097209;"SPRF-MG";"DEL01-MG";"UOP03-DEL01-MG"
471675;2022-09-01;"quinta-feira";"19:22:00";"MG";381;873,5;"ESTIVA";"Reação tardia ou ineficiente do condutor";"Saída de leito carroçável";"Com Vítimas Feridas";"Plena Noite";"Crescente";"Céu Claro";"Dupla";"Curva;Declive";"Não";1;0;1;0;0;0;1;1;-22,450796;-46,000139;"SPRF-MG";"DEL16-MG";"UOP01-DEL16-MG"
471676;2022-09-01;"quinta-feira";"20:30:00";"ES";262;23,5;"VIANA";"Ultrapassagem Indevida";"Colisão frontal";"Sem Vítimas";"Plena Noite";"Crescente";"Nublado";"Simples";"Aclive;Curva";"Não";2;0;0;0;2;0;0;2;-20,375931;-40,521287;"SPRF-ES";"DEL01-ES";"UOP01-DEL01-ES"
471678;2022-09-01;"quinta-feira";"20:10:00";"GO";60;35;"GOIANIA";"Transitar na contramão";"Colisão frontal";"Com Vítimas Feridas";"Plena Noite";"Crescente";"Ignorado";"Simples";"Reta";"Sim";3;0;2;1;0;0;3;2;-16,6777;-49,2676;"SPRF-GO";"DEL01-GO";"UOP02-DEL01-GO"
471680;2022-09-01;"quinta-feira";"21:00:00";"BA";367;83;"EUNAPOLIS";"Desrespeitar a preferência no cruzamento";"Colisão transversal";"Com Vítimas Feridas";"Plena Noite";"Crescente";"Céu Claro";"Simples";"Interseção de Vias";"Sim";2;0;1;0;1;0;1;2;-16,373491;-39,574756;"SPRF-BA";"DEL09-BA";"UOP03-DEL09-BA"
471681;2022-09-01;"quinta-feira";"20:10:00";"MG";116;416,9;"GOVERNADOR VALADARES";"Acessar a via sem observar a presença dos outros veículos";"Colisão transversal";"Com Vítimas Feridas";"Pleno dia";"Crescente";"Ignorado";"Simples";"Interseção de Vias";"Sim";2;0;0;1;1;0;1;2;-18,89215187;-41,94699543;"SPRF-MG";"DEL06-MG";"UOP01-DEL06-MG"
471682;2022-09-01;"quinta-feira";"18:40:00";"RO";364;343,1;"JI-PARANA";"Condutor deixou de manter distância do veículo da frente";"Colisão traseira";"Com Vítimas Feridas";"Anoitecer";"Crescente";"Céu Claro";"Dupla";"Reta";"Sim";5;0;1;0;4;0;1;3;-10,87878519;-61,94499012;"SPRF-RO";"DEL02-RO";"UOP01-DEL02-RO"
471686;2022-09-01;"quinta-feira";"21:00:00";"SC";101;151;"ITAPEMA";"Acessar a via sem observar a presença dos outros veículos";"Colisão transversal";"Com Vítimas Feridas";"Plena Noite";"Crescente";"Céu Claro";"Dupla";"Rotatória";"Sim";3;0;2;0;1;0;2;2;-27,126536;-48,609642;"SPRF-SC";"DEL04-SC";"UOP03-DEL04-SC"
471687;2022-09-01;"quinta-feira";"12:30:00";"AC";364;40;"ACRELANDIA";"Pista esburacada";"Capotamento";"Com Vítimas Feridas";"Pleno dia";"Decrescente";"Céu Claro";"Simples";"Reta";"Não";2;0;0;2;0;0;2;1;-9,95837031;-67,0930509;"SPRF-AC";"DEL01-AC";"UOP01-DEL01-AC"
471688;2022-09-01;"quinta-feira";"21:15:00";"SE";101;117,5;"ITAPORANGA DAJUDA";"Transitar na contramão";"Colisão frontal";"Com Vítimas Fatais";"Plena Noite";"Crescente";"Nublado";"Dupla";"Reta";"Sim";3;1;0;0;1;1;0;3;-11,01647157;-37,32010446;"SPRF-SE";"DEL02-SE";"UOP01-DEL02-SE"
471693;2022-09-01;"quinta-feira";"20:20:00";"MG";40;693,7;"ALFREDO VASCONCELOS";"Pedestre cruzava a pista fora da faixa";"Atropelamento de Pedestre";"Com Vítimas Fatais";"Plena Noite";"Crescente";"Céu Claro";"Simples";"Curva";"Sim";2;1;0;0;1;0;0;2;-21,12471006;-43,75850056;"SPRF-MG";"DEL05-MG";"UOP02-DEL05-MG"
471694;2022-09-01;"quinta-feira";"13:10:00";"PR";153;387;"MALLET";"Demais falhas mecânicas ou elétricas";"Colisão com objeto";"Com Vítimas Feridas";"Pleno dia";"Decrescente";"Céu Claro";"Simples";"Reta";"Não";2;0;2;0;0;0;2;1;-25,85785509;-50,84160408;"SPRF-PR";"DEL02-PR";"UOP04-DEL02-PR"
471697;2022-09-01;"quinta-feira";"10:25:00";"SC";101;175,4;"BIGUACU";"Ingestão de álcool pelo condutor";"Tombamento";"Com Vítimas Feridas";"Plena Noite";"Decrescente";"Céu Claro";"Dupla";"Curva";"Não";1;0;0;1;0;0;1;1;-27,33963303;-48,62734885;"SPRF-SC";"DEL01-SC";"UOP01-DEL01-SC"
471702;2022-09-01;"quinta-feira";"22:18:00";"RJ";356;136;"CAMPOS DOS GOYTACAZES";"Transitar na contramão";"Colisão frontal";"Com Vítimas Feridas";"Plena Noite";"Crescente";"Céu Claro";"Simples";"Reta";"Sim";2;0;0;1;1;0;1;2;-21,741424;-41,330868;"SPRF-RJ";"DEL08-RJ";"UOP01-DEL08-RJ"
471704;2022-09-02;"sexta-feira";"00:10:00";"SC";101;223;"PALHOCA";"Ingestão de álcool pelo condutor";"Queda de ocupante de veículo";"Com Vítimas Feridas";"Plena Noite";"Crescente";"Céu Claro";"Múltipla";"Reta";"Não";2;0;1;0;1;0;1;2;-27,71552634;-48,64881251;"SPRF-SC";"DEL01-SC";"UOP02-DEL01-SC"
471705;2022-09-02;"sexta-feira";"00:15:00";"PR";116;96;"SAO JOSE DOS PINHAIS";"Manobra de mudança de faixa";"Queda de ocupante de veículo";"Com Vítimas Feridas";"Plena Noite";"Crescente";"Nublado";"Dupla";"Reta";"Não";2;0;2;0;0;0;2;1;-25,504848;-49,123226;"SPRF-PR";"DEL01-PR";"UOP01-DEL01-PR"
471708;2022-09-02;"sexta-feira";"01:10:00";"SP";116;203;"ARUJA";"Ingestão de álcool pelo condutor";"Colisão com objeto";"Com Vítimas Feridas";"Plena Noite";"Decrescente";"Céu Claro";"Dupla";"Curva";"Não";2;0;2;0;0;0;2;1;-23,41060827;-46,34763895;"SPRF-SP";"DEL01-SP";"UOP01-DEL01-SP"
471709;2022-09-02;"sexta-feira";"01:00:00";"DF";80;5,3;"BRASILIA";"Acessar a via sem observar a presença dos outros veículos";"Colisão transversal";"Com Vítimas Fatais";"Plena Noite";"Crescente";"Céu Claro";"Simples";"Interseção de Vias;Reta";"Não";2;1;1;0;0;0;1;2;-15,729602;-48,121304;"SPRF-DF";"DEL03-DF";"UOP02-DEL03-DF"
471710;2022-09-02;"sexta-feira";"00:20:00";"MT";364;270;"JACIARA";"Reação tardia ou ineficiente do condutor";"Saída de leito carroçável";"Com Vítimas Feridas";"Plena Noite";"Crescente";"Céu Claro";"Simples";"Reta";"Sim";1;0;1;0;0;0;1;1;-15,9689785;-54,94463002;"SPRF-MT";"DEL02-MT";"UOP01-DEL02-MT"
471711;2022-09-01;"quinta-feira";"23:40:00";"RR";401;0,3;"BOA VISTA";"Pedestre cruzava a pista fora da faixa";"Atropelamento de Pedestre";"Com Vítimas Feridas";"Pleno dia";"Decrescente";"Céu Claro";"Múltipla";"Reta";"Sim";7;0;0;1;5;1;1;2;2,8061678;-60,68998;"SPRF-RR";"DEL01-RR";"UOP01-DEL01-RR"
471713;2022-09-01;"quinta-feira";"23:40:00";"PE";232;408,6;"SERRA TALHADA";"Ingestão de substâncias psicoativas pelo condutor";"Saída de leito carroçável";"Sem Vítimas";"Plena Noite";"Decrescente";"Nublado";"Simples";"Curva";"Sim";4;0;0;0;4;0;0;4;-7,98371447;-38,28047709;"SPRF-PE";"DEL04-PE";"UOP01-DEL04-PE"