"id";"data_inversa";"dia_semana";"horario";"uf";"br";"km";"municipio";"causa_acidente";"tipo_acidente";"classificacao_acidente";"fase_dia";"sentido_via";"condicao_metereologica";"tipo_pista";"tracado_via";"uso_solo";"pessoas";"mortos";"feridos_leves";"feridos_graves";"ilesos";"ignorados";"feridos";"veiculos";"latitude";"longitude";"regional";"delegacia";"uop"
471714;2022-09-02;"sexta-feira";"02:35:00";"SP";381;79,7;"SAO PAULO";"Ausência de reação do condutor";"Colisão traseira";"Com Vítimas Feridas";"Plena Noite";"Decrescente";"Céu Claro";"Dupla";"Reta";"Não";2;0;1;0;1;0;1;2;-23,40319901;-46,57564699;"SPRF-SP";"DEL03-SP";"UOP01-DEL03-SP"
471715;2022-09-02;"sexta-feira";"02:50:00";"SC";282;622,2;"IRACEMINHA";"Reação tardia ou ineficiente do condutor";"Colisão com objeto";"Com Vítimas Feridas";"Plena Noite";"Decrescente";"Chuva";"Simples";"Curva";"Não";4;0;1;0;3;0;1;2;-26,797441;-53,323349;"SPRF-SC";"DEL07-SC";"UOP02-DEL07-SC"
471717;2022-09-02;"sexta-feira";"05:10:00";"RJ";116;170;"SAO JOAO DE MERITI";"Acumulo de areia ou detritos sobre o pavimento";"Capotamento";"Com Vítimas Feridas";"Amanhecer";"Decrescente";"Céu Claro";"Dupla";"Reta";"Sim";2;0;1;0;1;0;1;2;-22,81113183;-43,3336729;"SPRF-RJ";"DEL01-RJ";"UOP02-DEL01-RJ"
471718;2022-09-02;"sexta-feira";"06:00:00";"SC";101;201,8;"SAO JOSE";"Condutor deixou de manter distância do veículo da frente";"Capotamento";"Com Vítimas Feridas";"Amanhecer";"Crescente";"Céu Claro";"Múltipla";"Reta";"Não";1;0;1;0;0;0;1;1;-27,54836599;-48,61977975;"SPRF-SC";"DEL01-SC";"UOP01-DEL01-SC"
471722;2022-09-02;"sexta-feira";"05:30:00";"MT";163;815;"SINOP";"Animais na Pista";"Capotamento";"Com Vítimas Feridas";"Pleno dia";"Crescente";"Ignorado";"Simples";"Reta";"Não";2;0;2;0;0;0;2;1;-12,16529411;-55,51643883;"SPRF-MT";"DEL06-MT";"UOP01-DEL06-MT"
471723;2022-09-02;"sexta-feira";"06:20:00";"PR";376;196;"MARIALVA";"Manobra de mudança de faixa";"Tombamento";"Com Vítimas Feridas";"Pleno dia";"Decrescente";"Céu Claro";"Dupla";"Declive";"Não";1;0;0;1;0;0;1;1;-23,50121718;-51,78388059;"SPRF-PR";"DEL09-PR";"UOP01-DEL09-PR"
471726;2022-09-02;"sexta-feira";"07:30:00";"RS";392;351;"SANTA MARIA";"Acessar a via sem observar a presença dos outros veículos";"Colisão transversal";"Com Vítimas Feridas";"Pleno dia";"Crescente";"Nublado";"Simples";"Interseção de Vias";"Sim";4;0;2;0;2;0;2;2;-29,7284269;-53,80323691;"SPRF-RS";"DEL09-RS";"UOP01-DEL09-RS"
471729;2022-09-02;"sexta-feira";"07:40:00";"SC";101;199;"BIGUACU";"Condutor deixou de manter distância do veículo da frente";"Colisão traseira";"Com Vítimas Feridas";"Pleno dia";"Crescente";"Nublado";"Múltipla";"Reta";"Sim";2;0;0;1;1;0;1;2;-27,53413705;-48,63003205;"SPRF-SC";"DEL01-SC";"UOP01-DEL01-SC"
471730;2022-09-02;"sexta-feira";"07:50:00";"RS";116;245;"SAO LEOPOLDO";"Transitar na contramão";"Tombamento";"Com Vítimas Feridas";"Pleno dia";"Crescente";"Nublado";"Múltipla";"Reta";"Sim";2;0;1;0;1;0;1;2;-29,74980902;-51,15125361;"SPRF-RS";"DEL01-RS";"UOP02-DEL01-RS"
471732;2022-09-02;"sexta-feira";"08:00:00";"RS";386;342,6;"LAJEADO";"Ausência de reação do condutor";"Queda de ocupante de veículo";"Com Vítimas Feridas";"Pleno dia";"Crescente";"Nublado";"Simples";"Reta;Em Obras";"Sim";1;0;1;0;0;0;1;1;-29,43453;-52,004786;"SPRF-RS";"DEL04-RS";"UOP01-DEL04-RS"
471733;2022-09-02;"sexta-feira";"08:00:00";"SE";235;49,5;"ITABAIANA";"Condutor deixou de manter distância do veículo da frente";"Colisão traseira";"Com Vítimas Feridas";"Pleno dia";"Crescente";"Garoa/Chuvisco";"Simples";"Reta";"Sim";2;0;0;1;1;0;1;2;-10,716222;-37,421669;"SPRF-SE";"DEL01-SE";"UOP02-DEL01-SE"
471734;2022-09-02;"sexta-feira";"07:50:00";"PR";469;15;"FOZ DO IGUACU";"Acessar a via sem observar a presença dos outros veículos";"Colisão transversal";"Com Vítimas Feridas";"Pleno dia";"Crescente";"Chuva";"Simples";"Interseção de Vias";"Sim";2;0;0;1;1;0;1;2;-25,5813;-54,5315;"SPRF-PR";"DEL05-PR";"UOP04-DEL05-PR"
471735;2022-09-02;"sexta-feira";"08:20:00";"ES";101;269,9;"SERRA";"Acessar a via sem observar a presença dos outros veículos";"Colisão lateral mesmo sentido";"Com Vítimas Feridas";"Pleno dia";"Crescente";"Céu Claro";"Múltipla";"Interseção de Vias";"Sim";2;0;1;1;0;0;2;2;-20,21740496;-40,26990578;"SPRF-ES";"DEL02-ES";"UOP01-DEL02-ES"
471736;2022-09-02;"sexta-feira";"07:30:00";"MT";163;837;"SINOP";"Acessar a via sem observar a presença dos outros veículos";"Colisão transversal";"Com Vítimas Feridas";"Pleno dia";"Decrescente";"Céu Claro";"Simples";"Reta";"Sim";4;0;0;1;3;0;1;2;-11,960007;-55,516914;"SPRF-MT";"DEL06-MT";"NPF/DEL06-MT"
471737;2022-09-02;"sexta-feira";"08:00:00";"DF";70;9,3;"BRASILIA";"Trafegar com motocicleta (ou similar) entre as faixas";"Colisão transversal";"Com Vítimas Feridas";"Pleno dia";"Crescente";"Céu Claro";"Dupla";"Retorno Regulamentado;Reta;Em Obras";"Sim";2;0;1;0;1;0;1;2;-15,78556359;-48,13397884;"SPRF-DF";"DEL03-DF";"UOP02-DEL03-DF"
471739;2022-09-02;"sexta-feira";"07:40:00";"RJ";40;104;"DUQUE DE CAXIAS";"Conversão proibida";"Colisão transversal";"Com Vítimas Feridas";"Pleno dia";"Decrescente";"Céu Claro";"Dupla";"Reta";"Sim";3;0;0;1;2;0;1;2;-22,62897185;-43,28560214;"SPRF-RJ";"DEL01-RJ";"UOP01-DEL01-RJ"
471740;2022-09-02;"sexta-feira";"08:30:00";"MG";381;454;"SABARA";"Conversão proibida";"Colisão transversal";"Com Vítimas Feridas";"Pleno dia";"Crescente";"Sol";"Simples";"Curva";"Sim";3;0;0;2;1;0;2;2;-19,85593827;-43,89662047;"SPRF-MG";"DEL01-MG";"UOP01-DEL01-MG"
471741;2022-09-02;"sexta-feira";"08:40:00";"SC";101;207;"SAO JOSE";"Manobra de mudança de faixa";"Colisão lateral mesmo sentido";"Com Vítimas Feridas";"Pleno dia";"Crescente";"Nublado";"Simples";"Aclive";"Sim";2;0;1;0;1;0;1;2;-27,60001226;-48,6226467;"SPRF-SC";"DEL01-SC";"UOP01-DEL01-SC"
471742;2022-09-02;"sexta-feira";"06:30:00";"BA";324;359;"CAPIM GROSSO";"Condutor deixou de manter distância do veículo da frente";"Colisão traseira";"Com Vítimas Feridas";"Pleno dia";"Decrescente";"Chuva";"Simples";"Reta";"Não";6;0;2;0;4;0;2;2;-11,39123151;-39,97880183;"SPRF-BA";"DEL04-BA";"UOP02-DEL04-BA"
471743;2022-09-02;"sexta-feira";"07:00:00";"PE";101;41;"IGARASSU";"Manobra de mudança de faixa";"Colisão lateral mesmo sentido";"Sem Vítimas";"Pleno dia";"Decrescente";"Chuva";"Simples";"Reta";"Sim";3;0;0;0;3;0;0;3;-7,83038346;-34,91426785;"SPRF-PE";"DEL01-PE";"UOP02-DEL01-PE"
471744;2022-05-05;"quinta-feira";"18:25:00";"PA";316;151;"CAPANEMA";"Ausência de reação do condutor";"Colisão lateral mesmo sentido";"Com Vítimas Feridas";"Plena Noite";"Crescente";"Nublado";"Simples";"Reta";"Sim";2;0;1;0;0;1;1;2;-1,21279075;-47,18200692;"SPRF-PA";"DEL01-PA";"UOP03-DEL01-PA"
471745;2022-09-02;"sexta-feira";"08:10:00";"RS";290;86;"PORTO ALEGRE";"Transitar no acostamento";"Colisão lateral mesmo sentido";"Com Vítimas Feridas";"Amanhecer";"Crescente";"Céu Claro";"Múltipla";"Reta";"Não";2;0;1;0;1;0;1;2;-29,968412;-51,117138;"SPRF-RS";"DEL01-RS";"UOP01-DEL01-RS"
471747;2022-09-02;"sexta-feira";"08:30:00";"PR";116;115;"CURITIBA";"Entrada inopinada do pedestre";"Atropelamento de Pedestre";"Com Vítimas Feridas";"Pleno dia";"Decrescente";"Céu Claro";"Múltipla";"Reta";"Sim";3;0;0;1;2;0;1;2;-25,55953326;-49,26560414;"SPRF-PR";"DEL01-PR";"UOP06-DEL01-PR"
471748;2022-09-02;"sexta-feira";"09:10:00";"RN";101;85,5;"SAO GONCALO DO AMARANTE";"Ausência de reação do condutor";"Colisão traseira";"Com Vítimas Feridas";"Pleno dia";"Decrescente";"Céu Claro";"Dupla";"Ponte";"Sim";4;0;1;0;3;0;1;3;-5,777664;-35,24937;"SPRF-RN";"DEL02-RN";"UOP01-DEL02-RN"
471749;2022-09-02;"sexta-feira";"09:10:00";"RN";101;80,8;"SAO GONCALO DO AMARANTE";"Manobra de mudança de faixa";"Colisão transversal";"Com Vítimas Feridas";"Pleno dia";"Crescente";"Céu Claro";"Dupla";"Rotatória;Interseção de Vias";"Sim";3;0;2;0;1;0;2;2;-5,76336889;-35,28713965;"SPRF-RN";"DEL02-RN";"UOP01-DEL02-RN"
471751;2022-09-02;"sexta-feira";"09:18:00";"RN";101;162;"CANGUARETAMA";"Condutor deixou de manter distância do veículo da frente";"Colisão traseira";"Com Vítimas Feridas";"Pleno dia";"Decrescente";"Céu Claro";"Dupla";"Reta";"Não";3;0;2;0;1;0;2;2;-6,38592723;-35,1441184;"SPRF-RN";"DEL01-RN";"UOP01-DEL01-RN"
471752;2022-09-02;"sexta-feira";"07:40:00";"RS";472;574;"URUGUAIANA";"Acessar a via sem observar a presença dos outros veículos";"Colisão transversal";"Com Vítimas Feridas";"Pleno dia";"Crescente";"Céu Claro";"Simples";"Interseção de Vias";"Sim";2;0;1;0;1;0;1;2;-29,763526;-57,05145;"SPRF-RS";"DEL13-RS";"UOP01-DEL13-RS"
471753;2022-09-02;"sexta-feira";"08:15:00";"PE";428;187;"PETROLINA";"Condutor deixou de manter distância do veículo da frente";"Colisão transversal";"Com Vítimas Feridas";"Pleno dia";"Crescente";"Céu Claro";"Simples";"Reta";"Sim";3;0;2;0;0;1;2;2;-9,35604301;-40,47854198;"SPRF-PE";"DEL06-PE";"UOP01-DEL06-PE"
471754;2022-09-02;"sexta-feira";"07:50:00";"PR";277;4;"PARANAGUA";"Retorno proibido";"Colisão transversal";"Com Vítimas Feridas";"Pleno dia";"Decrescente";"Nublado";"Simples";"Reta";"Sim";2;0;1;0;1;0;1;2;-25,568198;-48,615292;"SPRF-PR";"DEL01-PR";"UOP05-DEL01-PR"
471757;2022-08-12;"sexta-feira";"18:00:00";"PB";405;9,7;"UIRAUNA";"Reação tardia ou ineficiente do condutor";"Colisão traseira";"Com Vítimas Feridas";"Plena Noite";"Decrescente";"Céu Claro";"Simples";"Reta;Aclive";"Não";3;0;2;0;1;0;2;2;-6,523017;-38,41608;"SPRF-PB";"DEL03-PB";"UOP03-DEL03-PB"
471761;2022-09-02;"sexta-feira";"08:35:00";"BA";324;619;"SALVADOR";"Reação tardia ou ineficiente do condutor";"Colisão traseira";"Com Vítimas Feridas";"Pleno dia";"Crescente";"Garoa/Chuvisco";"Dupla";"Reta";"Sim";5;0;1;0;4;0;1;3;-12,89820999;-38,45012202;"SPRF-BA";"DEL01-BA";"UOP01-DEL01-BA"
471762;2022-08-12;"sexta-feira";"02:40:00";"MG";262;411,8;"IGARATINGA";"Condutor Dormindo";"Saída de leito carroçável";"Sem Vítimas";"Plena Noite";"Crescente";"Céu Claro";"Dupla";"Reta";"Sim";1;0;0;0;1;0;0;1;-19,90169925;-44,69444275;"SPRF-MG";"DEL08-MG";"UOP03-DEL08-MG"
471767;2022-08-20;"sábado";"18:50:00";"RO";319;62,9;"PORTO VELHO";"Acessar a via sem observar a presença dos outros veículos";"Colisão transversal";"Com Vítimas Feridas";"Plena Noite";"Crescente";"Céu Claro";"Múltipla";"Interseção de Vias";"Sim";4;0;3;0;0;1;3;3;-8,766685;-63,884052;"SPRF-RO";"DEL01-RO";"UOP01-DEL01-RO"
471768;2022-09-02;"sexta-feira";"08:10:00";"SC";282;276,7;"SAO JOSE DO CERRITO";"Chuva";"Saída de leito carroçável";"Com Vítimas Fatais";"Pleno dia";"Crescente";"Chuva";"Simples";"Curva;Declive";"Não";4;1;1;1;0;1;2;2;-27,5957441;-50,7323438;"SPRF-SC";"DEL05-SC";"UOP02-DEL05-SC"
471769;2022-08-24;"quarta-feira";"17:30:00";"MS";163;303;"DOURADINA";"Transitar na contramão";"Colisão lateral sentido oposto";"Com Vítimas Feridas";"Plena Noite";"Crescente";"Céu Claro";"Simples";"Reta";"Não";3;0;0;2;1;0;2;2;-21,95581796;-54,53297345;"SPRF-MS";"DEL02-MS";"UOP02-DEL02-MS"
471770;2022-09-02;"sexta-feira";"11:10:00";"RJ";101;34;"CAMPOS DOS GOYTACAZES";"Entrada inopinada do pedestre";"Atropelamento de Pedestre";"Com Vítimas Feridas";"Pleno dia";"Crescente";"Sol";"Simples";"Em Obras;Reta";"Sim";2;0;0;2;0;0;2;2;-21,49946102;-41,34019743;"SPRF-RJ";"DEL08-RJ";"UOP01-DEL08-RJ"
471772;2022-09-02;"sexta-feira";"09:50:00";"PI";316;241,1;"INHUMA";"Acessar a via sem observar a presença dos outros veículos";"Colisão transversal";"Com Vítimas Feridas";"Pleno dia";"Crescente";"Céu Claro";"Simples";"Reta";"Não";2;0;0;1;1;0;1;2;-6,66327019;-41,71756089;"SPRF-PI";"DEL04-PI";"UOP02-DEL04-PI"
471774;2022-09-02;"sexta-feira";"07:20:00";"AC";364;124;"RIO BRANCO";"Área urbana sem a presença de local apropriado para a travessia de pedestres";"Atropelamento de Pedestre";"Com Vítimas Feridas";"Pleno dia";"Crescente";"Céu Claro";"Dupla";"Rotatória";"Sim";2;0;1;0;1;0;1;2;-10,01152469;-67,79140099;"SPRF-AC";"DEL01-AC";"UOP01-DEL01-AC"
471775;2022-09-02;"sexta-feira";"11:00:00";"BA";116;423;"FEIRA DE SANTANA";"Condutor deixou de manter distância do veículo da frente";"Colisão traseira";"Sem Vítimas";"Pleno dia";"Decrescente";"Chuva";"Simples";"Em Obras";"Sim";2;0;0;0;2;0;0;2;-12,229301;-38,964527;"SPRF-BA";"DEL02-BA";"UOP01-DEL02-BA"
471777;2022-09-02;"sexta-feira";"11:40:00";"PR";376;207;"MANDAGUARI";"Demais Fenômenos da natureza";"Queda de ocupante de veículo";"Com Vítimas Feridas";"Pleno dia";"Decrescente";"Nublado";"Dupla";"Reta";"Não";1;0;1;0;0;0;1;1;-23,561134;-51,66161;"SPRF-PR";"DEL09-PR";"UOP01-DEL09-PR"
471778;2022-09-02;"sexta-feira";"09:35:00";"SC";282;37,1;"AGUAS MORNAS";"Ausência de reação do condutor";"Colisão traseira";"Com Vítimas Feridas";"Pleno dia";"Decrescente";"Céu Claro";"Simples";"Reta";"Sim";2;0;0;1;1;0;1;2;-27,707325;-48,842983;"SPRF-SC";"DEL01-SC";"UOP03-DEL01-SC"
471781;2022-09-02;"sexta-feira";"12:18:00";"GO";40;2,1;"VALPARAISO DE GOIAS";"Velocidade Incompatível";"Tombamento";"Com Vítimas Feridas";"Pleno dia";"Crescente";"Céu Claro";"Dupla";"Reta";"Sim";2;0;1;0;1;0;1;2;-16,067129;-47,984235;"SPRF-DF";"DEL01-DF";"UOP01-DEL01-DF"
471782;2022-09-02;"sexta-feira";"10:15:00";"SP";116;39;"CACHOEIRA PAULISTA";"Manobra de mudança de faixa";"Capotamento";"Com Vítimas Feridas";"Pleno dia";"Decrescente";"Sol";"Dupla";"Reta";"Sim";1;0;1;0;0;0;1;1;-22,67527958;-44,99918431;"SPRF-SP";"DEL08-SP";"UOP02-DEL08-SP"
471783;2022-09-02;"sexta-feira";"11:50:00";"PR";116;115,8;"CURITIBA";"Transitar na contramão";"Colisão frontal";"Com Vítimas Feridas";"Pleno dia";"Decrescente";"Nublado";"Dupla";"Reta";"Sim";2;0;1;0;1;0;1;2;-25,55953326;-49,26560414;"SPRF-PR";"DEL01-PR";"UOP06-DEL01-PR"
471786;2022-09-02;"sexta-feira";"11:35:00";"PR";277;489,9;"NOVA LARANJEIRAS";"Problema na suspensão";"Saída de leito carroçável";"Com Vítimas Feridas";"Pleno dia";"Crescente";"Garoa/Chuvisco";"Simples";"Curva";"Não";1;0;1;0;0;0;1;1;-25,24154725;-52,63060519;"SPRF-PR";"DEL04-PR";"UOP02-DEL04-PR"
471788;2022-09-02;"sexta-feira";"11:30:00";"RJ";101;405;"ITAGUAI";"Mal súbito do condutor";"Atropelamento de Pedestre";"Com Vítimas Feridas";"Pleno dia";"Decrescente";"Céu Claro";"Dupla";"Reta";"Não";2;0;1;0;1;0;1;2;-22,867606;-43,802743;"SPRF-RJ";"DEL03-RJ";"UOP01-DEL03-RJ"
471790;2022-09-02;"sexta-feira";"12:00:00";"PR";277;31;"MORRETES";"Acessar a via sem observar a presença dos outros veículos";"Colisão lateral mesmo sentido";"Com Vítimas Feridas";"Pleno dia";"Crescente";"Nublado";"Dupla";"Reta";"Não";4;0;1;0;3;0;1;2;-25,52874613;-48,73512603;"SPRF-PR";"DEL01-PR";"UOP05-DEL01-PR"
471791;2022-09-02;"sexta-feira";"11:50:00";"RN";304;29;"MOSSORO";"Acessar a via sem observar a presença dos outros veículos";"Colisão transversal";"Com Vítimas Feridas";"Pleno dia";"Decrescente";"Céu Claro";"Simples";"Reta";"Não";2;0;1;1;0;0;2;2;-5,10820698;-37,33904209;"SPRF-RN";"DEL04-RN";"UOP02-DEL04-RN"
471794;2022-09-02;"sexta-feira";"13:00:00";"GO";60;104;"ANAPOLIS";"Reação tardia ou ineficiente do condutor";"Saída de leito carroçável";"Com Vítimas Feridas";"Pleno dia";"Crescente";"Céu Claro";"Dupla";"Curva";"Não";1;0;0;1;0;0;1;1;-16,4118;-49,0004;"SPRF-GO";"DEL02-GO";"UOP01-DEL02-GO"
471796;2022-09-02;"sexta-feira";"10:00:00";"ES";259;62;"COLATINA";"Manobra de mudança de faixa";"Colisão frontal";"Com Vítimas Feridas";"Pleno dia";"Crescente";"Nublado";"Simples";"Reta";"Não";3;0;3;0;0;0;3;2;-19,53124185;-40,68990791;"SPRF-ES";"DEL02-ES";"UOP01-DEL02-ES"
471797;2022-09-02;"sexta-feira";"12:25:00";"RS";158;215,6;"CRUZ ALTA";"Reação tardia ou ineficiente do condutor";"Saída de leito carroçável";"Com Vítimas Feridas";"Pleno dia";"Crescente";"Nublado";"Simples";"Curva";"Não";3;0;3;0;0;0;3;1;-28,82255241;-53,61390084;"SPRF-RS";"DEL10-RS";"UOP02-DEL10-RS"
471798;2022-09-02;"sexta-feira";"13:15:00";"SP";116;445,4;"REGISTRO";"Acessar a via sem observar a presença dos outros veículos";"Colisão lateral mesmo sentido";"Com Vítimas Feridas";"Pleno dia";"Crescente";"Céu Claro";"Múltipla";"Reta";"Sim";3;0;2;0;1;0;2;2;-24,49790715;-47,84208686;"SPRF-SP";"DEL05-SP";"UOP01-DEL05-SP"
471799;2022-09-02;"sexta-feira";"07:45:00";"GO";153;180;"CAMPINORTE";"Velocidade Incompatível";"Saída de leito carroçável";"Com Vítimas Feridas";"Pleno dia";"Crescente";"Céu Claro";"Simples";"Declive";"Não";2;0;0;2;0;0;2;1;-14,344052;-49,156754;"SPRF-GO";"DEL07-GO";"UOP02-DEL07-GO"
471801;2022-09-02;"sexta-feira";"13:40:00";"GO";60;26;"ALEXANIA";"Reação tardia ou ineficiente do condutor";"Saída de leito carroçável";"Com Vítimas Feridas";"Pleno dia";"Decrescente";"Céu Claro";"Dupla";"Reta";"Não";3;0;3;0;0;0;3;1;-16,1045244;-48,4527833;"SPRF-DF";"DEL03-DF";"UOP01-DEL03-DF"
471802;2022-07-23;"sábado";"10:25:00";"RS";116;49;"VACARIA";"Reação tardia ou ineficiente do condutor";"Saída de leito carroçável";"Com Vítimas Feridas";"Pleno dia";"Decrescente";"Céu Claro";"Dupla";"Reta";"Não";2;0;1;1;0;0;2;1;-28,56891356;-51,00387124;"SPRF-RS";"DEL05-RS";"UOP03-DEL05-RS"
471803;2022-09-02;"sexta-feira";"13:55:00";"RJ";116;167;"SAO JOAO DE MERITI";"Avarias e/ou desgaste excessivo no pneu";"Queda de ocupante de veículo";"Com Vítimas Feridas";"Pleno dia";"Decrescente";"Céu Claro";"Múltipla";"Reta";"Sim";2;0;2;0;0;0;2;1;-22,79927501;-43,35551083;"SPRF-RJ";"DEL01-RJ";"UOP02-DEL01-RJ"
471804;2022-09-02;"sexta-feira";"13:40:00";"SP";116;216,9;"GUARULHOS";"Reação tardia ou ineficiente do condutor";"Tombamento";"Sem Vítimas";"Pleno dia";"Decrescente";"Céu Claro";"Múltipla";"Reta";"Sim";1;0;0;0;1;0;0;1;-23,45056589;-46,46258105;"SPRF-SP";"DEL01-SP";"UOP01-DEL01-SP"
471806;2022-09-02;"sexta-feira";"11:55:00";"RS";470;213;"BENTO GONCALVES";"Acessar a via sem observar a presença dos outros veículos";"Colisão transversal";"Com Vítimas Feridas";"Pleno dia";"Crescente";"Nublado";"Simples";"Reta;Em Obras";"Sim";2;0;1;0;1;0;1;2;-29,138703;-51,542708;"SPRF-RS";"DEL06-RS";"UOP01-DEL06-RS"
471808;2022-09-02;"sexta-feira";"12:05:00";"MG";381;809,5;"CAREACU";"Ausência de reação do condutor";"Saída de leito carroçável";"Com Vítimas Fatais";"Pleno dia";"Crescente";"Céu Claro";"Dupla";"Reta";"Não";7;2;0;3;0;2;3;2;-22,03746482;-45,68395808;"SPRF-MG";"DEL16-MG";"UOP02-DEL16-MG"
471809;2022-09-02;"sexta-feira";"13:00:00";"PB";361;33;"SANTA TERESINHA";"Ausência de reação do condutor";"Colisão com objeto";"Com Vítimas Fatais";"Pleno dia";"Crescente";"Céu Claro";"Simples";"Curva";"Não";1;1;0;0;0;0;0;1;-7,0868976;-37,53649492;"SPRF-PB";"DEL03-PB";"UOP01-DEL03-PB"
471812;2022-08-21;"domingo";"19:45:00";"ES";101;146,7;"LINHARES";"Condutor deixou de manter distância do veículo da frente";"Colisão traseira";"Com Vítimas Feridas";"Plena Noite";"Crescente";"Céu Claro";"Simples";"Interseção de Vias";"Sim";10;0;2;0;7;1;2;3;-19,36990998;-40,06560718;"SPRF-ES";"DEL04-ES";"UOP01-DEL04-ES"
471814;2022-09-02;"sexta-feira";"09:30:00";"AP";210;105;"PORTO GRANDE";"Acessar a via sem observar a presença dos outros veículos";"Colisão transversal";"Com Vítimas Feridas";"Pleno dia";"Crescente";"Céu Claro";"Simples";"Interseção de Vias";"Sim";3;0;1;0;2;0;1;3;0,70239423;-51,40504681;"SPRF-AP";"DEL01-AP";"UOP01-DEL01-AP"
471817;2022-07-07;"quinta-feira";"13:20:00";"RO";364;297;"PRESIDENTE MEDICI";"Reação tardia ou ineficiente do condutor";"Colisão traseira";"Com Vítimas Feridas";"Pleno dia";"Decrescente";"Céu Claro";"Simples";"Reta";"Não";4;0;1;0;3;0;1;2;-11,271894;-61,902;"SPRF-RO";"DEL02-RO";"UOP01-DEL02-RO"
471819;2022-09-02;"sexta-feira";"08:30:00";"BA";342;0,5;"FEIRA DE SANTANA";"Condutor deixou de manter distância do veículo da frente";"Colisão traseira";"Com Vítimas Feridas";"Pleno dia";"Decrescente";"Nublado";"Dupla";"Reta";"Sim";2;0;1;0;0;1;1;2;-12,276191;-38,938555;"SPRF-BA";"DEL08-BA";"UOP01-DEL08-BA"
471821;2022-09-02;"sexta-feira";"10:30:00";"PE";232;306,9;"SERTANIA";"Ausência de reação do condutor";"Tombamento";"Com Vítimas Feridas";"Pleno dia";"Crescente";"Céu Claro";"Simples";"Reta";"Não";2;0;1;0;1;0;1;1;-8,18466158;-37,44772358;"SPRF-PE";"DEL04-PE";"UOP02-DEL04-PE"
471822;2022-09-02;"sexta-feira";"15:00:00";"RJ";116;181;"NOVA IGUACU";"Manobra de mudança de faixa";"Queda de ocupante de veículo";"Com Vítimas Feridas";"Pleno dia";"Decrescente";"Céu Claro";"Dupla";"Reta";"Sim";1;0;1;0;0;0;1;1;-22,761312;-43,423492;"SPRF-RJ";"DEL01-RJ";"UOP02-DEL01-RJ"
471823;2022-09-02;"sexta-feira";"15:00:00";"RJ";116;167;"SAO JOAO DE MERITI";"Condutor deixou de manter distância do veículo da frente";"Colisão traseira";"Com Vítimas Feridas";"Pleno dia";"Decrescente";"Céu Claro";"Múltipla";"Reta";"Sim";6;0;1;0;5;0;1;4;-22,81803977;-43,30787252;"SPRF-RJ";"DEL01-RJ";"UOP02-DEL01-RJ"
471827;2022-04-30;"sábado";"05:30:00";"BA";101;114;"ALAGOINHAS";"Ausência de reação do condutor";"Saída de leito carroçável";"Com Vítimas Feridas";"Amanhecer";"Decrescente";"Chuva";"Simples";"Reta";"Não";2;0;0;2;0;0;2;1;-12,15401817;-38,51205106;"SPRF-BA";"DEL01-BA";"UOP04-DEL01-BA"
471828;2022-09-02;"sexta-feira";"08:45:00";"MT";163;618;"NOVA MUTUM";"Transitar na contramão";"Colisão frontal";"Com Vítimas Fatais";"Pleno dia";"Decrescente";"Céu Claro";"Simples";"Reta";"Não";7;3;0;4;0;0;4;2;-13,636496;-56,034659;"SPRF-MT";"DEL01-MT";"UOP01-DEL01-MT"
471829;2022-09-02;"sexta-feira";"14:50:00";"PR";277;595,9;"CASCAVEL";"Pedestre andava na pista";"Atropelamento de Pedestre";"Com Vítimas Fatais";"Pleno dia";"Decrescente";"Garoa/Chuvisco";"Dupla";"Reta";"Sim";3;1;0;0;1;1;0;2;-24,98154632;-53,50141969;"SPRF-PR";"DEL04-PR";"UOP01-DEL04-PR"
471830;2022-09-02;"sexta-feira";"15:00:00";"SC";282;308;"VARGEM";"Avarias e/ou desgaste excessivo no pneu";"Saída de leito carroçável";"Sem Vítimas";"Pleno dia";"Crescente";"Chuva";"Simples";"Curva";"Não";1;0;0;0;1;0;0;1;-27,49292;-50,971973;"SPRF-SC";"DEL07-SC";"UOP06-DEL07-SC"
471832;2022-09-02;"sexta-feira";"15:40:00";"MG";381;484;"BETIM";"Ausência de reação do condutor";"Engavetamento";"Sem Vítimas";"Pleno dia";"Crescente";"Céu Claro";"Dupla";"Reta";"Não";4;0;0;0;4;0;0;4;-19,95531717;-44,11722196;"SPRF-MG";"DEL01-MG";"UOP03-DEL01-MG"
471834;2022-09-02;"sexta-feira";"12:20:00";"RN";427;128,1;"SERRA NEGRA DO NORTE";"Pista esburacada";"Saída de leito carroçável";"Com Vítimas Feridas";"Pleno dia";"Crescente";"Céu Claro";"Simples";"Reta";"Não";3;0;2;0;1;0;2;1;-6,57088474;-37,28191554;"SPRF-RN";"DEL03-RN";"UOP01-DEL03-RN"
471835;2022-09-02;"sexta-feira";"16:10:00";"GO";60;95;"ANAPOLIS";"Condutor deixou de manter distância do veículo da frente";"Engavetamento";"Com Vítimas Feridas";"Pleno dia";"Decrescente";"Céu Claro";"Dupla";"Reta";"Sim";4;0;1;0;3;0;1;3;-16,3679;-48,939;"SPRF-GO";"DEL02-GO";"UOP01-DEL02-GO"