"id";"data_inversa";"dia_semana";"horario";"uf";"br";"km";"municipio";"causa_acidente";"tipo_acidente";"classificacao_acidente";"fase_dia";"sentido_via";"condicao_metereologica";"tipo_pista";"tracado_via";"uso_solo";"pessoas";"mortos";"feridos_leves";"feridos_graves";"ilesos";"ignorados";"feridos";"veiculos";"latitude";"longitude";"regional";"delegacia";"uop"
471836;2022-09-02;"sexta-feira";"13:10:00";"PR";369;517,6;"CASCAVEL";"Velocidade Incompatível";"Saída de leito carroçável";"Com Vítimas Feridas";"Pleno dia";"Crescente";"Nublado";"Simples";"Curva";"Não";1;0;0;1;0;0;1;1;-24,9042;-53,3706;"SPRF-PR";"DEL04-PR";"UOP01-DEL04-PR"
471837;2022-09-02;"sexta-feira";"10:30:00";"MG";116;416;"GOVERNADOR VALADARES";"Acessar a via sem observar a presença dos outros veículos";"Colisão lateral mesmo sentido";"Com Vítimas Feridas";"Pleno dia";"Crescente";"Céu Claro";"Simples";"Interseção de Vias";"Sim";2;0;1;0;1;0;1;2;-18,89215187;-41,94699543;"SPRF-MG";"DEL06-MG";"UOP01-DEL06-MG"
471838;2022-09-02;"sexta-feira";"15:50:00";"GO";153;513;"APARECIDA DE GOIANIA";"Reação tardia ou ineficiente do condutor";"Colisão traseira";"Com Vítimas Feridas";"Pleno dia";"Crescente";"Sol";"Dupla";"Viaduto";"Sim";5;0;1;0;4;0;1;2;-16,8244;-49,2421;"SPRF-GO";"DEL01-GO";"UOP03-DEL01-GO"
471840;2022-09-02;"sexta-feira";"16:15:00";"SP";116;285;"ITAPECERICA DA SERRA";"Ausência de reação do condutor";"Colisão lateral mesmo sentido";"Com Vítimas Feridas";"Pleno dia";"Decrescente";"Céu Claro";"Dupla";"Reta";"Sim";3;0;1;0;2;0;1;2;-23,70407794;-46,87249709;"SPRF-SP";"DEL04-SP";"UOP01-DEL04-SP"
471841;2022-07-21;"quinta-feira";"05:30:00";"RJ";40;105;"DUQUE DE CAXIAS";"Acesso irregular";"Colisão transversal";"Com Vítimas Fatais";"Amanhecer";"Crescente";"Céu Claro";"Múltipla";"Reta";"Sim";2;1;0;0;0;1;0;2;-22,63784806;-43,28428824;"SPRF-RJ";"DEL01-RJ";"UOP01-DEL01-RJ"
471843;2022-09-02;"sexta-feira";"15:00:00";"GO";80;27;"PADRE BERNARDO";"Ultrapassagem Indevida";"Colisão frontal";"Com Vítimas Feridas";"Pleno dia";"Crescente";"Céu Claro";"Simples";"Reta";"Não";4;0;0;2;2;0;2;2;-15,319949;-48,229542;"SPRF-DF";"DEL03-DF";"UOP02-DEL03-DF"
471845;2022-09-02;"sexta-feira";"14:30:00";"SC";101;329;"TUBARAO";"Ausência de reação do condutor";"Saída de leito carroçável";"Com Vítimas Feridas";"Pleno dia";"Decrescente";"Nublado";"Dupla";"Curva";"Não";1;0;0;1;0;0;1;1;-28,44404822;-48,96611372;"SPRF-SC";"DEL02-SC";"UOP01-DEL02-SC"
471846;2022-05-17;"terça-feira";"18:15:00";"MG";262;786,1;"UBERABA";"Afundamento ou ondulação no pavimento";"Tombamento";"Com Vítimas Feridas";"Plena Noite";"Decrescente";"Céu Claro";"Simples";"Reta";"Não";1;0;0;1;0;0;1;1;-19,76287615;-47,80414094;"SPRF-MG";"DEL13-MG";"UOP01-DEL13-MG"
471848;2022-09-02;"sexta-feira";"16:00:00";"BA";324;2,7;"FEIRA DE SANTANA";"Acumulo de óleo sobre o pavimento";"Colisão com objeto";"Com Vítimas Feridas";"Pleno dia";"Crescente";"Chuva";"Dupla";"Reta";"Sim";1;0;1;0;0;0;1;1;-12,285876;-38,954472;"SPRF-BA";"DEL02-BA";"UOP01-DEL02-BA"
471850;2022-09-02;"sexta-feira";"17:15:00";"SC";101;331;"TUBARAO";"Desrespeitar a preferência no cruzamento";"Colisão transversal";"Com Vítimas Feridas";"Anoitecer";"Decrescente";"Chuva";"Simples";"Interseção de Vias";"Sim";3;0;1;0;2;0;1;2;-28,45567521;-48,9812689;"SPRF-SC";"DEL02-SC";"UOP01-DEL02-SC"
471851;2022-09-02;"sexta-feira";"17:35:00";"GO";40;6;"VALPARAISO DE GOIAS";"Ausência de reação do condutor";"Colisão lateral mesmo sentido";"Com Vítimas Feridas";"Pleno dia";"Decrescente";"Céu Claro";"Dupla";"Reta";"Sim";2;0;1;0;1;0;1;2;-16,100814;-47,977351;"SPRF-DF";"DEL01-DF";"UOP01-DEL01-DF"
471852;2022-09-02;"sexta-feira";"13:10:00";"RJ";101;286;"ITABORAI";"Mal súbito do condutor";"Saída de leito carroçável";"Com Vítimas Feridas";"Pleno dia";"Decrescente";"Céu Claro";"Dupla";"Reta";"Sim";1;0;1;0;0;0;1;1;-22,75409331;-42,82491696;"SPRF-RJ";"DEL02-RJ";"UOP02-DEL02-RJ"
471853;2022-09-02;"sexta-feira";"17:00:00";"MG";40;532;"BELO HORIZONTE";"Condutor deixou de manter distância do veículo da frente";"Colisão traseira";"Com Vítimas Feridas";"Anoitecer";"Decrescente";"Céu Claro";"Dupla";"Reta";"Sim";2;0;1;0;1;0;1;2;-19,92372561;-44,01700789;"SPRF-MG";"DEL01-MG";"UOP02-DEL01-MG"
471855;2022-09-02;"sexta-feira";"17:30:00";"ES";101;269,7;"SERRA";"Manobra de mudança de faixa";"Colisão lateral mesmo sentido";"Com Vítimas Feridas";"Anoitecer";"Crescente";"Nublado";"Dupla";"Reta";"Sim";2;0;1;0;1;0;1;2;-20,21740496;-40,26990578;"SPRF-ES";"DEL02-ES";"UOP01-DEL02-ES"
471857;2022-09-02;"sexta-feira";"16:30:00";"BA";110;400;"SAO SEBASTIAO DO PASSE";"Ultrapassagem Indevida";"Colisão lateral mesmo sentido";"Sem Vítimas";"Pleno dia";"Crescente";"Nublado";"Simples";"Reta";"Não";2;0;0;0;2;0;0;2;-12,50766107;-38,49626949;"SPRF-BA";"DEL01-BA";"UOP01-DEL01-BA"
471858;2022-09-02;"sexta-feira";"15:30:00";"GO";153;513,3;"APARECIDA DE GOIANIA";"Acumulo de óleo sobre o pavimento";"Tombamento";"Com Vítimas Feridas";"Pleno dia";"Decrescente";"Sol";"Múltipla";"Retorno Regulamentado";"Sim";1;0;1;0;0;0;1;1;-16,8244;-49,2421;"SPRF-GO";"DEL01-GO";"UOP03-DEL01-GO"
471863;2022-09-02;"sexta-feira";"17:30:00";"RS";290;419,8;"SAO GABRIEL";"Ausência de reação do condutor";"Colisão frontal";"Com Vítimas Feridas";"Pleno dia";"Crescente";"Céu Claro";"Simples";"Reta";"Sim";3;0;0;1;2;0;1;2;-30,348408;-54,335659;"SPRF-RS";"DEL11-RS";"UOP02-DEL11-RS"
471865;2022-09-02;"sexta-feira";"17:30:00";"GO";153;417,5;"ANAPOLIS";"Mal súbito do condutor";"Saída de leito carroçável";"Com Vítimas Feridas";"Anoitecer";"Decrescente";"Céu Claro";"Simples";"Reta;Declive";"Não";3;0;0;3;0;0;3;2;-16,150995;-49,044746;"SPRF-GO";"DEL02-GO";"UOP01-DEL02-GO"
471866;2022-09-02;"sexta-feira";"18:30:00";"SC";101;198,7;"SAO JOSE";"Manobra de mudança de faixa";"Colisão lateral mesmo sentido";"Com Vítimas Feridas";"Plena Noite";"Crescente";"Céu Claro";"Múltipla";"Reta";"Sim";2;0;0;1;0;1;1;2;-27,52658712;-48,63506019;"SPRF-SC";"DEL01-SC";"UOP01-DEL01-SC"
471867;2022-09-02;"sexta-feira";"18:30:00";"SC";101;222;"PALHOCA";"Manobra de mudança de faixa";"Colisão lateral mesmo sentido";"Com Vítimas Feridas";"Plena Noite";"Crescente";"Chuva";"Dupla";"Reta";"Não";4;0;1;0;3;0;1;3;-27,70865409;-48,65586407;"SPRF-SC";"DEL01-SC";"UOP02-DEL01-SC"
471868;2022-09-02;"sexta-feira";"18:50:00";"SP";116;207;"GUARULHOS";"Pedestre cruzava a pista fora da faixa";"Atropelamento de Pedestre";"Com Vítimas Feridas";"Plena Noite";"Crescente";"Céu Claro";"Dupla";"Reta";"Sim";2;0;1;0;1;0;1;2;-23,41972188;-46,38419203;"SPRF-SP";"DEL01-SP";"UOP01-DEL01-SP"
471869;2022-09-02;"sexta-feira";"17:50:00";"SC";480;130;"CHAPECO";"Velocidade Incompatível";"Colisão traseira";"Sem Vítimas";"Pleno dia";"Crescente";"Garoa/Chuvisco";"Dupla";"Reta";"Sim";2;0;0;0;2;0;0;2;-27,05534298;-52,63652069;"SPRF-SC";"DEL07-SC";"UOP01-DEL07-SC"
471870;2022-09-02;"sexta-feira";"18:41:00";"GO";60;130;"GOIANIA";"Velocidade Incompatível";"Colisão traseira";"Com Vítimas Feridas";"Anoitecer";"Crescente";"Céu Claro";"Dupla";"Aclive;Reta";"Não";3;0;1;0;2;0;1;2;-16,57496301;-49,15996175;"SPRF-GO";"DEL01-GO";"UOP01-DEL01-GO"
471871;2022-09-02;"sexta-feira";"17:20:00";"MS";163;339;"RIO BRILHANTE";"Conversão proibida";"Colisão traseira";"Com Vítimas Feridas";"Pleno dia";"Crescente";"Céu Claro";"Simples";"Reta";"Não";2;0;1;0;1;0;1;2;-21,66636553;-54,45346638;"SPRF-MS";"DEL02-MS";"UOP02-DEL02-MS"
471872;2022-09-02;"sexta-feira";"17:30:00";"BA";116;847,7;"VITORIA DA CONQUISTA";"Acessar a via sem observar a presença dos outros veículos";"Colisão transversal";"Com Vítimas Feridas";"Anoitecer";"Crescente";"Céu Claro";"Simples";"Reta";"Não";3;0;0;1;2;0;1;2;-15,07510713;-41,0052681;"SPRF-BA";"DEL08-BA";"UOP01-DEL08-BA"
471874;2022-09-02;"sexta-feira";"17:40:00";"MG";146;486,4;"POCOS DE CALDAS";"Velocidade Incompatível";"Saída de leito carroçável";"Com Vítimas Feridas";"Pleno dia";"Decrescente";"Céu Claro";"Simples";"Declive";"Não";1;0;0;1;0;0;1;1;-21,803204;-46,449201;"SPRF-MG";"DEL09-MG";"UOP01-DEL09-MG"
471875;2022-09-02;"sexta-feira";"18:25:00";"ES";101;168;"LINHARES";"Reação tardia ou ineficiente do condutor";"Saída de leito carroçável";"Com Vítimas Feridas";"Plena Noite";"Crescente";"Céu Claro";"Simples";"Reta";"Não";6;0;4;0;1;1;4;2;-19,53475892;-40,15759511;"SPRF-ES";"DEL04-ES";"UOP01-DEL04-ES"
471876;2022-09-02;"sexta-feira";"17:05:00";"RJ";116;34,4;"SAPUCAIA";"Demais falhas mecânicas ou elétricas";"Incêndio";"Sem Vítimas";"Pleno dia";"Decrescente";"Céu Claro";"Simples";"Reta";"Não";1;0;0;0;1;0;0;1;-22,0158005;-42,951419;"SPRF-RJ";"DEL05-RJ";"UOP01-DEL05-RJ"
471879;2022-09-02;"sexta-feira";"19:25:00";"MG";40;142,7;"JOAO PINHEIRO";"Acessar a via sem observar a presença dos outros veículos";"Colisão transversal";"Com Vítimas Feridas";"Anoitecer";"Decrescente";"Ignorado";"Simples";"Interseção de Vias";"Sim";3;0;1;0;2;0;1;2;-17,7445789;-46,18126631;"SPRF-MG";"DEL14-MG";"UOP01-DEL14-MG"
471881;2022-09-02;"sexta-feira";"19:15:00";"PB";101;113;"CAAPORA";"Acumulo de água sobre o pavimento";"Colisão com objeto";"Com Vítimas Feridas";"Plena Noite";"Decrescente";"Nublado";"Dupla";"Declive";"Não";1;0;1;0;0;0;1;1;-7,38738901;-34,9567891;"SPRF-PB";"DEL01-PB";"UOP02-DEL01-PB"
471882;2022-09-02;"sexta-feira";"19:15:00";"SP";381;67,2;"MAIRIPORA";"Pedestre cruzava a pista fora da faixa";"Atropelamento de Pedestre";"Com Vítimas Feridas";"Plena Noite";"Crescente";"Nublado";"Dupla";"Reta";"Sim";2;0;0;1;1;0;1;2;-23,33226094;-46,57675379;"SPRF-SP";"DEL03-SP";"UOP01-DEL03-SP"
471883;2022-09-02;"sexta-feira";"18:35:00";"SP";116;411;"JUQUIA";"Ausência de reação do condutor";"Colisão traseira";"Sem Vítimas";"Plena Noite";"Crescente";"Céu Claro";"Dupla";"Aclive";"Não";2;0;0;0;1;1;0;2;-24,33308537;-47,60360609;"SPRF-SP";"DEL05-SP";"UOP01-DEL05-SP"
471885;2022-09-02;"sexta-feira";"19:15:00";"PA";230;110;"MARABA";"Trafegar com motocicleta (ou similar) entre as faixas";"Colisão frontal";"Com Vítimas Feridas";"Plena Noite";"Decrescente";"Céu Claro";"Simples";"Reta";"Não";2;0;0;2;0;0;2;2;-5,37342727;-49,03126806;"SPRF-PA";"DEL03-PA";"UOP01-DEL03-PA"
471886;2022-09-02;"sexta-feira";"18:15:00";"AL";316;78,8;"POCO DAS TRINCHEIRAS";"Animais na Pista";"Atropelamento de Animal";"Com Vítimas Feridas";"Plena Noite";"Decrescente";"Céu Claro";"Simples";"Reta";"Sim";1;0;0;1;0;0;1;1;-9,34022598;-37,28513299;"SPRF-AL";"DEL03-AL";"UOP02-DEL03-AL"
471887;2022-09-02;"sexta-feira";"20:00:00";"SC";101;205,7;"SAO JOSE";"Condutor deixou de manter distância do veículo da frente";"Colisão traseira";"Com Vítimas Feridas";"Plena Noite";"Crescente";"Garoa/Chuvisco";"Dupla";"Reta";"Sim";3;0;2;0;1;0;2;2;-27,58313237;-48,61532885;"SPRF-SC";"DEL01-SC";"UOP01-DEL01-SC"
471890;2022-09-02;"sexta-feira";"19:12:00";"SC";101;100,7;"BALNEARIO PICARRAS";"Ausência de reação do condutor";"Colisão transversal";"Com Vítimas Feridas";"Plena Noite";"Decrescente";"Garoa/Chuvisco";"Múltipla";"Interseção de Vias";"Sim";2;0;0;1;1;0;1;2;-26,76258664;-48,68621349;"SPRF-SC";"DEL03-SC";"UOP02-DEL03-SC"
471894;2022-09-02;"sexta-feira";"20:00:00";"SC";101;311;"LAGUNA";"Desrespeitar a preferência no cruzamento";"Atropelamento de Pedestre";"Com Vítimas Feridas";"Plena Noite";"Decrescente";"Chuva";"Simples";"Reta";"Sim";2;0;0;2;0;0;2;2;-28,42531311;-48,80068884;"SPRF-SC";"DEL02-SC";"UOP01-DEL02-SC"
471895;2022-09-02;"sexta-feira";"18:50:00";"PR";277;3;"PARANAGUA";"Ausência de reação do condutor";"Colisão transversal";"Com Vítimas Feridas";"Plena Noite";"Crescente";"Chuva";"Dupla";"Reta";"Sim";2;0;0;1;1;0;1;2;-25,5205;-48,5095;"SPRF-PR";"DEL01-PR";"UOP05-DEL01-PR"
471896;2022-09-02;"sexta-feira";"20:03:00";"TO";153;307;"PRESIDENTE KENNEDY";"Reação tardia ou ineficiente do condutor";"Colisão com objeto";"Com Vítimas Feridas";"Plena Noite";"Decrescente";"Céu Claro";"Simples";"Viaduto;Reta";"Não";2;0;1;0;1;0;1;1;-8,59672901;-48,48314149;"SPRF-TO";"DEL02-TO";"UOP02-DEL02-TO"
471897;2022-09-02;"sexta-feira";"21:00:00";"MG";381;477,3;"CONTAGEM";"Condutor deixou de manter distância do veículo da frente";"Colisão traseira";"Com Vítimas Feridas";"Plena Noite";"Decrescente";"Céu Claro";"Dupla";"Reta";"Sim";3;0;2;1;0;0;3;2;-19,9582833;-44,03066039;"SPRF-MG";"DEL01-MG";"UOP03-DEL01-MG"
471898;2022-09-02;"sexta-feira";"19:30:00";"RJ";101;141;"MACAE";"Pedestre andava na pista";"Atropelamento de Pedestre";"Com Vítimas Fatais";"Plena Noite";"Crescente";"Céu Claro";"Dupla";"Reta";"Não";2;1;0;0;1;0;0;2;-22,18778801;-41,74779008;"SPRF-RJ";"DEL08-RJ";"UOP04-DEL08-RJ"
471900;2022-09-02;"sexta-feira";"20:40:00";"TO";153;156,8;"ARAGUAINA";"Animais na Pista";"Atropelamento de Animal";"Sem Vítimas";"Plena Noite";"Decrescente";"Céu Claro";"Simples";"Reta";"Não";3;0;0;0;2;1;0;2;-7,2911876;-48,28584034;"SPRF-TO";"DEL02-TO";"UOP01-DEL02-TO"
471901;2022-09-02;"sexta-feira";"19:35:00";"MA";10;255,3;"IMPERATRIZ";"Acessar a via sem observar a presença dos outros veículos";"Colisão transversal";"Com Vítimas Feridas";"Plena Noite";"Decrescente";"Céu Claro";"Simples";"Interseção de Vias";"Sim";2;0;1;0;1;0;1;2;-5,51186184;-47,4717629;"SPRF-MA";"DEL04-MA";"UOP01-DEL04-MA"
471902;2022-09-02;"sexta-feira";"19:15:00";"GO";153;363;"JARAGUA";"Transitar no acostamento";"Atropelamento de Pedestre";"Com Vítimas Feridas";"Plena Noite";"Crescente";"Céu Claro";"Simples";"Reta";"Não";3;0;1;1;0;1;2;2;-15,774871;-49,306477;"SPRF-GO";"DEL02-GO";"UOP02-DEL02-GO"
471903;2022-09-02;"sexta-feira";"19:05:00";"PA";10;16,5;"DOM ELISEU";"Acessar a via sem observar a presença dos outros veículos";"Colisão transversal";"Com Vítimas Feridas";"Plena Noite";"Crescente";"Céu Claro";"Simples";"Interseção de Vias";"Sim";2;0;0;1;1;0;1;2;-4,305892;-47,555161;"SPRF-PA";"DEL02-PA";"UOP02-DEL02-PA"
471904;2022-09-02;"sexta-feira";"20:30:00";"PE";232;7;"RECIFE";"Ingestão de álcool pelo condutor";"Colisão traseira";"Com Vítimas Feridas";"Plena Noite";"Decrescente";"Nublado";"Dupla";"Reta";"Sim";2;0;1;0;1;0;1;2;-8,07333497;-34,96184301;"SPRF-PE";"DEL01-PE";"UOP01-DEL01-PE"
471906;2022-09-02;"sexta-feira";"20:09:00";"SC";101;106,8;"PENHA";"Transitar na contramão";"Colisão frontal";"Com Vítimas Fatais";"Plena Noite";"Decrescente";"Chuva";"Dupla";"Reta";"Não";2;1;0;0;1;0;0;2;-26,817284;-48,683224;"SPRF-SC";"DEL03-SC";"UOP02-DEL03-SC"
471909;2022-09-02;"sexta-feira";"20:45:00";"PR";277;632,9;"CEU AZUL";"Velocidade Incompatível";"Colisão com objeto";"Com Vítimas Feridas";"Plena Noite";"Crescente";"Nevoeiro/Neblina";"Simples";"Interseção de Vias";"Não";2;0;1;0;1;0;1;1;-25,12256565;-53,80997113;"SPRF-PR";"DEL05-PR";"UOP02-DEL05-PR"
471911;2022-09-02;"sexta-feira";"16:00:00";"MA";316;615;"TIMON";"Condutor desrespeitou a iluminação vermelha do semáforo";"Colisão transversal";"Com Vítimas Feridas";"Pleno dia";"Crescente";"Sol";"Dupla";"Interseção de Vias";"Sim";2;0;1;0;1;0;1;2;-5,086548;-42,837265;"SPRF-MA";"DEL03-MA";"UOP02-DEL03-MA"
471912;2022-09-02;"sexta-feira";"21:30:00";"PR";369;178,8;"ARAPONGAS";"Reação tardia ou ineficiente do condutor";"Colisão com objeto";"Com Vítimas Feridas";"Plena Noite";"Decrescente";"Céu Claro";"Dupla";"Reta;Declive";"Não";1;0;1;0;0;0;1;1;-23,3632788;-51,400759;"SPRF-PR";"DEL07-PR";"UOP01-DEL07-PR"
471913;2022-09-02;"sexta-feira";"08:20:00";"PE";101;169,9;"JOAQUIM NABUCO";"Condutor Dormindo";"Colisão com objeto";"Com Vítimas Feridas";"Pleno dia";"Crescente";"Nublado";"Múltipla";"Reta";"Não";1;0;1;0;0;0;1;1;-8,57679958;-35,48941902;"SPRF-PE";"DEL01-PE";"UOP03-DEL01-PE"
471914;2022-09-02;"sexta-feira";"20:15:00";"RS";392;125,5;"CANGUCU";"Ausência de reação do condutor";"Colisão traseira";"Sem Vítimas";"Plena Noite";"Crescente";"Céu Claro";"Simples";"Reta";"Não";2;0;0;0;2;0;0;2;-31,36506;-52,72544;"SPRF-RS";"DEL07-RS";"UOP01-DEL07-RS"
471915;2022-09-02;"sexta-feira";"21:24:00";"PR";376;3;"SAO JOSE DOS PINHAIS";"Entrada inopinada do pedestre";"Atropelamento de Pedestre";"Com Vítimas Feridas";"Plena Noite";"Decrescente";"Chuva";"Dupla";"Reta";"Sim";3;0;0;1;1;1;1;2;-25,5307;-49,1958;"SPRF-PR";"DEL01-PR";"UOP04-DEL01-PR"
471916;2022-09-02;"sexta-feira";"12:00:00";"RJ";40;62;"PETROPOLIS";"Retorno proibido";"Colisão transversal";"Com Vítimas Feridas";"Pleno dia";"Decrescente";"Céu Claro";"Simples";"Reta";"Não";3;0;1;0;2;0;1;2;-22,40833066;-43,14854622;"SPRF-RJ";"DEL05-RJ";"UOP02-DEL05-RJ"
471918;2022-09-02;"sexta-feira";"21:50:00";"PR";376;437;"TIBAGI";"Avarias e/ou desgaste excessivo no pneu";"Colisão com objeto";"Com Vítimas Feridas";"Plena Noite";"Crescente";"Chuva";"Dupla";"Curva";"Não";2;0;1;0;1;0;1;1;-24,84593393;-50,47413272;"SPRF-PR";"DEL03-PR";"UOP02-DEL03-PR"
471919;2022-09-02;"sexta-feira";"21:00:00";"SC";0;0;"MONTE CASTELO";"Ausência de reação do condutor";"Saída de leito carroçável";"Com Vítimas Feridas";"Plena Noite";"Não Informado";"Chuva";"Simples";"Reta";"Sim";1;0;1;0;0;0;1;1;-26,46230798;-50,22970861;"SPRF-SC";"DEL06-SC";"UOP02-DEL06-SC"
471922;2022-09-02;"sexta-feira";"20:57:00";"RO";364;683;"CANDEIAS DO JAMARI";"Transitar no acostamento";"Colisão lateral mesmo sentido";"Com Vítimas Feridas";"Plena Noite";"Crescente";"Céu Claro";"Simples";"Reta";"Não";2;0;1;0;1;0;1;2;-8,78859991;-63,61516701;"SPRF-RO";"DEL01-RO";"UOP01-DEL01-RO"
471923;2022-09-02;"sexta-feira";"19:37:00";"RO";364;689;"CANDEIAS DO JAMARI";"Velocidade Incompatível";"Colisão traseira";"Com Vítimas Feridas";"Plena Noite";"Crescente";"Céu Claro";"Simples";"Reta";"Não";2;0;0;2;0;0;2;2;-8,79239259;-63,65100604;"SPRF-RO";"DEL01-RO";"UOP01-DEL01-RO"
471924;2022-09-02;"sexta-feira";"20:30:00";"RJ";101;487;"ANGRA DOS REIS";"Conversão proibida";"Colisão transversal";"Com Vítimas Feridas";"Plena Noite";"Crescente";"Céu Claro";"Simples";"Reta";"Sim";5;0;1;0;4;0;1;2;-22,96828891;-44,29864663;"SPRF-RJ";"DEL03-RJ";"UOP03-DEL03-RJ"
471925;2022-09-02;"sexta-feira";"22:30:00";"GO";40;2,2;"VALPARAISO DE GOIAS";"Acessar a via sem observar a presença dos outros veículos";"Colisão lateral mesmo sentido";"Com Vítimas Feridas";"Plena Noite";"Decrescente";"Céu Claro";"Dupla";"Reta";"Não";3;0;1;0;2;0;1;2;-16,067129;-47,984235;"SPRF-DF";"DEL01-DF";"UOP01-DEL01-DF"
471926;2022-09-02;"sexta-feira";"21:05:00";"PR";277;27;"MORRETES";"Ausência de reação do condutor";"Saída de leito carroçável";"Sem Vítimas";"Plena Noite";"Decrescente";"Chuva";"Dupla";"Reta";"Não";1;0;0;0;1;0;0;1;-25,52935033;-48,72534598;"SPRF-PR";"DEL01-PR";"UOP05-DEL01-PR"
471927;2022-09-02;"sexta-feira";"21:15:00";"MT";163;831;"SINOP";"Transitar na contramão";"Colisão frontal";"Com Vítimas Feridas";"Plena Noite";"Crescente";"Céu Claro";"Simples";"Interseção de Vias";"Sim";2;0;1;0;1;0;1;2;-11,89265358;-55,50331593;"SPRF-MT";"DEL06-MT";"UOP01-DEL06-MT"
471928;2022-09-02;"sexta-feira";"22:55:00";"SP";116;222;"GUARULHOS";"Ingestão de álcool pelo condutor";"Colisão com objeto";"Com Vítimas Feridas";"Plena Noite";"Decrescente";"Céu Claro";"Múltipla";"Reta";"Sim";1;0;1;0;0;0;1;1;-23,476107;-46,52504705;"SPRF-SP";"DEL01-SP";"UOP01-DEL01-SP"
471929;2022-09-02;"sexta-feira";"22:30:00";"PB";230;155,9;"CAMPINA GRANDE";"Acessar a via sem observar a presença dos outros veículos";"Colisão transversal";"Com Vítimas Fatais";"Plena Noite";"Decrescente";"Chuva";"Simples";"Interseção de Vias";"Sim";2;1;0;0;1;0;0;2;-7,2748;-35,9058;"SPRF-PB";"DEL02-PB";"UOP01-DEL02-PB"
471931;2022-09-02;"sexta-feira";"22:15:00";"PE";424;80,8;"GARANHUNS";"Transitar na contramão";"Colisão frontal";"Com Vítimas Feridas";"Plena Noite";"Decrescente";"Céu Claro";"Simples";"Reta";"Não";2;0;0;1;0;1;1;2;-8,8305209;-36,54673593;"SPRF-PE";"DEL03-PE";"UOP01-DEL03-PE"
471933;2022-09-02;"sexta-feira";"23:00:00";"PR";376;543;"PALMEIRA";"Ingestão de álcool pelo condutor";"Capotamento";"Com Vítimas Feridas";"Plena Noite";"Crescente";"Nublado";"Dupla";"Reta";"Não";3;0;1;0;2;0;1;3;-25,43186672;-49,75392266;"SPRF-PR";"DEL03-PR";"UOP03-DEL03-PR"
471934;2022-09-02;"sexta-feira";"15:33:00";"RO";364;1084;"PORTO VELHO";"Reação tardia ou ineficiente do condutor";"Saída de leito carroçável";"Com Vítimas Feridas";"Pleno dia";"Decrescente";"Ignorado";"Simples";"Reta";"Não";1;0;1;0;0;0;1;1;-9,76579259;-66,77848209;"SPRF-RO";"DEL01-RO";"UOP03-DEL01-RO"
471938;2022-09-03;"sábado";"00:50:00";"AL";316;247;"ATALAIA";"Ingestão de álcool pelo condutor";"Colisão traseira";"Com Vítimas Feridas";"Plena Noite";"Decrescente";"Ignorado";"Simples";"Reta";"Não";5;0;1;1;3;0;2;2;-9,53314117;-35,99029525;"SPRF-AL";"DEL01-AL";"UOP01-DEL01-AL"
471940;2022-09-02;"sexta-feira";"19:00:00";"RJ";356;161;"SAO JOAO DA BARRA";"Animais na Pista";"Atropelamento de Animal";"Sem Vítimas";"Plena Noite";"Crescente";"Céu Claro";"Simples";"Reta";"Não";1;0;0;0;1;0;0;1;-21,71362833;-41,1635068;"SPRF-RJ";"DEL08-RJ";"UOP02-DEL08-RJ"
471941;2022-09-03;"sábado";"00:30:00";"MG";381;295;"ANTONIO DIAS";"Animais na Pista";"Atropelamento de Animal";"Com Vítimas Feridas";"Plena Noite";"Decrescente";"Céu Claro";"Simples";"Reta";"Não";1;0;1;0;0;0;1;1;-19,62589942;-42,86308111;"SPRF-MG";"DEL03-MG";"UOP02-DEL03-MG"
471943;2022-09-03;"sábado";"01:00:00";"PR";116;132;"FAZENDA RIO GRANDE";"Condutor deixou de manter distância do veículo da frente";"Colisão traseira";"Sem Vítimas";"Plena Noite";"Crescente";"Nublado";"Múltipla";"Reta";"Sim";3;0;0;0;3;0;0;2;-25,65733698;-49,31212612;"SPRF-PR";"DEL01-PR";"UOP03-DEL01-PR"
471945;2022-09-03;"sábado";"00:20:00";"MT";364;206;"RONDONOPOLIS";"Reação tardia ou ineficiente do condutor";"Colisão com objeto";"Com Vítimas Feridas";"Plena Noite";"Decrescente";"Céu Claro";"Dupla";"Retorno Regulamentado";"Não";1;0;0;1;0;0;1;1;-16,45928621;-54,66092345;"SPRF-MT";"DEL02-MT";"UOP01-DEL02-MT"
471946;2022-09-03;"sábado";"00:30:00";"SC";101;56;"ARAQUARI";"Condutor usando celular";"Colisão transversal";"Com Vítimas Feridas";"Plena Noite";"Crescente";"Garoa/Chuvisco";"Dupla";"Reta";"Não";6;0;1;0;5;0;1;2;-26,43207484;-48,82263984;"SPRF-SC";"DEL03-SC";"UOP01-DEL03-SC"
471948;2022-09-03;"sábado";"02:00:00";"PR";116;15;"COLOMBO";"Reação tardia ou ineficiente do condutor";"Colisão com objeto";"Sem Vítimas";"Plena Noite";"Decrescente";"Chuva";"Dupla";"Reta";"Sim";1;0;0;0;1;0;0;1;-25,3848;-49,1711;"SPRF-PR";"DEL01-PR";"UOP02-DEL01-PR"
471949;2022-09-03;"sábado";"01:40:00";"RS";470;229;"GARIBALDI";"Ausência de reação do condutor";"Capotamento";"Sem Vítimas";"Plena Noite";"Decrescente";"Nublado";"Simples";"Reta";"Não";2;0;0;0;0;2;0;2;-29,218603;-51,51677;"SPRF-RS";"DEL06-RS";"UOP01-DEL06-RS"