"id";"data_inversa";"dia_semana";"horario";"uf";"br";"km";"municipio";"causa_acidente";"tipo_acidente";"classificacao_acidente";"fase_dia";"sentido_via";"condicao_metereologica";"tipo_pista";"tracado_via";"uso_solo";"pessoas";"mortos";"feridos_leves";"feridos_graves";"ilesos";"ignorados";"feridos";"veiculos";"latitude";"longitude";"regional";"delegacia";"uop"
471951;2022-09-03;"sábado";"02:25:00";"BA";101;709,8;"EUNAPOLIS";"Ingestão de álcool pelo condutor";"Colisão frontal";"Sem Vítimas";"Plena Noite";"Decrescente";"Nublado";"Simples";"Reta";"Sim";2;0;0;0;2;0;0;2;-16,3208808;-39,59725857;"SPRF-BA";"DEL09-BA";"UOP01-DEL09-BA"
471952;2022-09-03;"sábado";"03:30:00";"BA";324;608;"SALVADOR";"Condutor Dormindo";"Capotamento";"Sem Vítimas";"Plena Noite";"Crescente";"Céu Claro";"Dupla";"Reta";"Sim";1;0;0;0;1;0;0;1;-12,81182914;-38,40478762;"SPRF-BA";"DEL01-BA";"UOP01-DEL01-BA"
471953;2022-09-03;"sábado";"03:50:00";"MG";381;504,6;"BETIM";"Reação tardia ou ineficiente do condutor";"Tombamento";"Com Vítimas Feridas";"Plena Noite";"Decrescente";"Céu Claro";"Dupla";"Declive";"Não";1;0;1;0;0;0;1;1;-20,04164508;-44,26386697;"SPRF-MG";"DEL01-MG";"UOP03-DEL01-MG"
471955;2022-09-03;"sábado";"01:00:00";"SC";282;143;"BOM RETIRO";"Chuva";"Saída de leito carroçável";"Com Vítimas Feridas";"Plena Noite";"Crescente";"Chuva";"Simples";"Reta";"Não";1;0;1;0;0;0;1;1;-27,811066;-49,615063;"SPRF-SC";"DEL05-SC";"UOP01-DEL05-SC"
471956;2022-09-03;"sábado";"02:30:00";"RS";287;369;"JAGUARI";"Velocidade Incompatível";"Saída de leito carroçável";"Com Vítimas Feridas";"Plena Noite";"Crescente";"Céu Claro";"Simples";"Curva;Declive";"Não";1;0;1;0;0;0;1;1;-29,39350513;-54,74598885;"SPRF-RS";"DEL12-RS";"UOP02-DEL12-RS"
471958;2022-09-03;"sábado";"04:42:00";"TO";153;559;"FATIMA";"Acessar a via sem observar a presença dos outros veículos";"Colisão transversal";"Com Vítimas Feridas";"Plena Noite";"Crescente";"Céu Claro";"Simples";"Reta";"Não";2;0;0;1;1;0;1;2;-10,73233502;-48,90387036;"SPRF-TO";"DEL01-TO";"UOP01-DEL01-TO"
471959;2022-09-02;"sexta-feira";"21:00:00";"RO";364;341;"JI-PARANA";"Condutor desrespeitou a iluminação vermelha do semáforo";"Colisão transversal";"Com Vítimas Feridas";"Plena Noite";"Crescente";"Céu Claro";"Dupla";"Interseção de Vias";"Sim";2;0;0;2;0;0;2;2;-10,88987987;-61,93126772;"SPRF-RO";"DEL02-RO";"UOP01-DEL02-RO"
471962;2022-09-03;"sábado";"05:30:00";"RS";116;241;"NOVO HAMBURGO";"Ausência de reação do condutor";"Saída de leito carroçável";"Sem Vítimas";"Amanhecer";"Crescente";"Céu Claro";"Simples";"Aclive;Viaduto;Curva";"Sim";1;0;0;0;0;1;0;1;-29,71396796;-51,1476744;"SPRF-RS";"DEL01-RS";"UOP02-DEL01-RS"
471963;2022-09-03;"sábado";"05:40:00";"RJ";101;332;"RIO DE JANEIRO";"Ausência de reação do condutor";"Colisão traseira";"Com Vítimas Feridas";"Amanhecer";"Decrescente";"Céu Claro";"Dupla";"Reta";"Não";2;0;1;0;1;0;1;2;-22,87133305;-43,20407695;"SPRF-RJ";"DEL02-RJ";"UOP01-DEL02-RJ"
471966;2022-09-03;"sábado";"06:05:00";"RS";116;150;"CAXIAS DO SUL";"Ingestão de álcool pelo condutor";"Colisão com objeto";"Sem Vítimas";"Amanhecer";"Crescente";"Nublado";"Dupla";"Curva";"Sim";1;0;0;0;1;0;0;1;-29,168428;-51,158337;"SPRF-RS";"DEL05-RS";"UOP01-DEL05-RS"
471967;2022-09-03;"sábado";"06:00:00";"PR";116;91;"SAO JOSE DOS PINHAIS";"Ausência de reação do condutor";"Saída de leito carroçável";"Sem Vítimas";"Pleno dia";"Crescente";"Chuva";"Simples";"Reta";"Não";1;0;0;0;0;1;0;1;-25,500496;-49,1201844;"SPRF-PR";"DEL01-PR";"UOP01-DEL01-PR"
471968;2022-09-03;"sábado";"06:55:00";"ES";393;2;"CACHOEIRO DE ITAPEMIRIM";"Ausência de reação do condutor";"Queda de ocupante de veículo";"Com Vítimas Feridas";"Pleno dia";"Crescente";"Sol";"Simples";"Reta";"Não";1;0;1;0;0;0;1;1;-20,83242503;-41,17491003;"SPRF-ES";"DEL03-ES";"UOP02-DEL03-ES"
471970;2022-09-03;"sábado";"07:35:00";"DF";70;16;"BRASILIA";"Condutor deixou de manter distância do veículo da frente";"Colisão traseira";"Sem Vítimas";"Pleno dia";"Decrescente";"Céu Claro";"Dupla";"Reta";"Não";2;0;0;0;2;0;0;2;-15,796144;-48,194225;"SPRF-DF";"DEL03-DF";"UOP02-DEL03-DF"
471972;2022-09-03;"sábado";"07:15:00";"SP";116;100;"PINDAMONHANGABA";"Reação tardia ou ineficiente do condutor";"Tombamento";"Com Vítimas Feridas";"Pleno dia";"Crescente";"Céu Claro";"Simples";"Retorno Regulamentado";"Sim";2;0;2;0;0;0;2;1;-22,986552;-45,47276;"SPRF-SP";"DEL08-SP";"UOP01-DEL08-SP"
471974;2022-09-02;"sexta-feira";"17:00:00";"PR";277;288;"PRUDENTOPOLIS";"Chuva";"Saída de leito carroçável";"Com Vítimas Feridas";"Pleno dia";"Crescente";"Chuva";"Simples";"Curva;Declive";"Não";2;0;0;2;0;0;2;1;-25,32270428;-50,9854861;"SPRF-PR";"DEL08-PR";"UOP02-DEL08-PR"
471975;2022-09-03;"sábado";"07:10:00";"SP";116;269;"TABOAO DA SERRA";"Transitar na contramão";"Colisão lateral sentido oposto";"Com Vítimas Feridas";"Pleno dia";"Crescente";"Céu Claro";"Múltipla";"Reta";"Sim";2;0;0;1;1;0;1;2;-23,61593059;-46,78826044;"SPRF-SP";"DEL04-SP";"UOP01-DEL04-SP"
471976;2022-09-03;"sábado";"06:20:00";"BA";324;567;"SAO SEBASTIAO DO PASSE";"Falta de elemento de contenção que evite a saída do leito carroçável";"Saída de leito carroçável";"Com Vítimas Feridas";"Amanhecer";"Decrescente";"Nublado";"Dupla";"Reta";"Não";1;0;1;0;0;0;1;1;-12,529901;-38,603207;"SPRF-BA";"DEL01-BA";"UOP01-DEL01-BA"
471977;2022-09-03;"sábado";"07:40:00";"RS";116;257,8;"ESTEIO";"Manobra de mudança de faixa";"Colisão lateral mesmo sentido";"Com Vítimas Feridas";"Pleno dia";"Crescente";"Céu Claro";"Dupla";"Reta";"Sim";2;0;1;0;1;0;1;2;-29,85262195;-51,17968329;"SPRF-RS";"DEL01-RS";"UOP02-DEL01-RS"
471978;2022-09-03;"sábado";"07:53:00";"ES";101;208,5;"IBIRACU";"Manobra de mudança de faixa";"Capotamento";"Com Vítimas Feridas";"Pleno dia";"Crescente";"Céu Claro";"Dupla";"Reta";"Não";1;0;1;0;0;0;1;1;-19,780796;-40,37160598;"SPRF-ES";"DEL02-ES";"UOP01-DEL02-ES"
471979;2022-09-03;"sábado";"07:00:00";"DF";70;19;"BRASILIA";"Trafegar com motocicleta (ou similar) entre as faixas";"Colisão lateral mesmo sentido";"Com Vítimas Feridas";"Amanhecer";"Decrescente";"Céu Claro";"Dupla";"Aclive;Reta";"Não";2;0;1;0;1;0;1;2;-15,788868;-48,220242;"SPRF-DF";"DEL03-DF";"UOP02-DEL03-DF"
471980;2022-09-03;"sábado";"07:50:00";"SC";101;130;"ITAJAI";"Reação tardia ou ineficiente do condutor";"Colisão com objeto";"Sem Vítimas";"Pleno dia";"Decrescente";"Garoa/Chuvisco";"Dupla";"Reta";"Sim";1;0;0;0;0;1;0;1;-26,98407618;-48,66977107;"SPRF-SC";"DEL04-SC";"UOP03-DEL04-SC"
471981;2022-09-03;"sábado";"07:25:00";"RS";116;314,8;"GUAIBA";"Ausência de reação do condutor";"Saída de leito carroçável";"Sem Vítimas";"Pleno dia";"Crescente";"Céu Claro";"Dupla";"Reta";"Não";1;0;0;0;1;0;0;1;-30,23652496;-51,40721575;"SPRF-RS";"DEL02-RS";"UOP01-DEL02-RS"
471982;2022-04-16;"sábado";"17:14:00";"SC";101;128;"ITAJAI";"Mal súbito do condutor";"Colisão lateral mesmo sentido";"Com Vítimas Feridas";"Pleno dia";"Crescente";"Céu Claro";"Dupla";"Reta";"Não";1;0;0;1;0;0;1;1;-26,97284292;-48,68299451;"SPRF-SC";"DEL04-SC";"UOP03-DEL04-SC"
471983;2022-09-03;"sábado";"08:15:00";"GO";414;439;"ANAPOLIS";"Desrespeitar a preferência no cruzamento";"Colisão transversal";"Com Vítimas Feridas";"Pleno dia";"Crescente";"Céu Claro";"Simples";"Reta;Aclive";"Sim";2;0;0;1;1;0;1;2;-16,283653;-48,94310857;"SPRF-GO";"DEL02-GO";"UOP01-DEL02-GO"
471985;2022-09-03;"sábado";"08:30:00";"GO";153;436;"ANAPOLIS";"Condutor deixou de manter distância do veículo da frente";"Colisão traseira";"Com Vítimas Feridas";"Pleno dia";"Decrescente";"Céu Claro";"Dupla";"Reta";"Não";2;0;1;0;1;0;1;2;-16,283987;-48,951763;"SPRF-GO";"DEL02-GO";"UOP01-DEL02-GO"
471986;2022-08-10;"quarta-feira";"18:50:00";"PR";116;38,5;"CAMPINA GRANDE DO SUL";"Pista Escorregadia";"Saída de leito carroçável";"Com Vítimas Feridas";"Plena Noite";"Crescente";"Nublado";"Dupla";"Curva";"Não";2;0;2;0;0;0;2;1;-25,14802509;-48,85922071;"SPRF-PR";"DEL01-PR";"UOP02-DEL01-PR"
471988;2022-09-03;"sábado";"08:30:00";"PR";277;82,5;"CURITIBA";"Ausência de reação do condutor";"Colisão traseira";"Com Vítimas Feridas";"Pleno dia";"Decrescente";"Chuva";"Múltipla";"Reta";"Sim";2;0;1;1;0;0;2;2;-25,568939;-49,181978;"SPRF-PR";"DEL01-PR";"UOP01-DEL01-PR"
471989;2022-09-03;"sábado";"09:05:00";"PB";101;88;"JOAO PESSOA";"Demais falhas mecânicas ou elétricas";"Tombamento";"Com Vítimas Feridas";"Pleno dia";"Decrescente";"Céu Claro";"Dupla";"Reta";"Sim";2;0;0;2;0;0;2;1;-7,16470016;-34,89993643;"SPRF-PB";"DEL01-PB";"UOP01-DEL01-PB"
471990;2022-09-03;"sábado";"01:20:00";"RJ";40;102;"DUQUE DE CAXIAS";"Ausência de reação do condutor";"Colisão com objeto";"Com Vítimas Feridas";"Plena Noite";"Decrescente";"Céu Claro";"Múltipla";"Reta";"Sim";1;0;0;1;0;0;1;1;-22,61089297;-43,28656077;"SPRF-RJ";"DEL01-RJ";"UOP01-DEL01-RJ"
471992;2022-09-03;"sábado";"08:15:00";"SC";285;42,8;"TIMBE DO SUL";"Problema com o freio";"Saída de leito carroçável";"Com Vítimas Feridas";"Pleno dia";"Decrescente";"Céu Claro";"Simples";"Curva;Declive";"Não";5;0;3;1;1;0;4;1;-28,8575608;-49,78436581;"SPRF-SC";"DEL02-SC";"UOP02-DEL02-SC"
471994;2022-08-30;"terça-feira";"23:35:00";"RO";364;343;"JI-PARANA";"Ausência de reação do condutor";"Queda de ocupante de veículo";"Com Vítimas Feridas";"Plena Noite";"Decrescente";"Ignorado";"Dupla";"Reta";"Não";1;0;0;1;0;0;1;1;-10,87878519;-61,94499012;"SPRF-RO";"DEL02-RO";"UOP01-DEL02-RO"
471996;2022-09-03;"sábado";"08:45:00";"SC";282;354;"ERVAL VELHO";"Demais falhas mecânicas ou elétricas";"Incêndio";"Sem Vítimas";"Pleno dia";"Decrescente";"Céu Claro";"Simples";"Curva";"Não";1;0;0;0;1;0;0;1;-27,35796;-51,330452;"SPRF-SC";"DEL07-SC";"UOP06-DEL07-SC"
471997;2022-09-03;"sábado";"09:20:00";"PE";101;40;"IGARASSU";"Reação tardia ou ineficiente do condutor";"Colisão traseira";"Com Vítimas Feridas";"Pleno dia";"Decrescente";"Sol";"Múltipla";"Reta";"Sim";2;0;0;1;1;0;1;2;-7,821475;-34,916545;"SPRF-PE";"DEL01-PE";"UOP02-DEL01-PE"
471998;2022-09-03;"sábado";"10:00:00";"CE";20;203,7;"BOA VIAGEM";"Velocidade Incompatível";"Colisão traseira";"Com Vítimas Feridas";"Pleno dia";"Crescente";"Céu Claro";"Simples";"Reta";"Não";2;0;0;1;1;0;1;2;-5,128491;-39,738;"SPRF-CE";"DEL02-CE";"UOP02-DEL02-CE"
471999;2022-09-03;"sábado";"06:10:00";"SC";153;13,1;"AGUA DOCE";"Reação tardia ou ineficiente do condutor";"Saída de leito carroçável";"Com Vítimas Feridas";"Amanhecer";"Crescente";"Nublado";"Simples";"Interseção de Vias";"Não";2;0;2;0;0;0;2;1;-26,69823208;-51,57497406;"SPRF-SC";"DEL07-SC";"UOP05-DEL07-SC"
472001;2022-09-03;"sábado";"09:59:00";"SP";116;122,4;"CACAPAVA";"Condutor deixou de manter distância do veículo da frente";"Engavetamento";"Com Vítimas Feridas";"Pleno dia";"Decrescente";"Sol";"Dupla";"Reta";"Não";3;0;1;0;2;0;1;3;-23,08192414;-45,66154591;"SPRF-SP";"DEL02-SP";"UOP02-DEL02-SP"
472002;2022-09-03;"sábado";"08:30:00";"PR";376;436,8;"TIBAGI";"Velocidade Incompatível";"Colisão com objeto";"Com Vítimas Feridas";"Pleno dia";"Crescente";"Chuva";"Dupla";"Curva";"Não";1;0;1;0;0;0;1;1;-24,83716196;-50,47643585;"SPRF-PR";"DEL03-PR";"UOP02-DEL03-PR"
472004;2022-09-03;"sábado";"10:20:00";"SP";381;37;"ATIBAIA";"Ausência de reação do condutor";"Colisão traseira";"Sem Vítimas";"Pleno dia";"Decrescente";"Céu Claro";"Dupla";"Reta";"Sim";3;0;0;0;3;0;0;2;-23,10506237;-46,56881577;"SPRF-SP";"DEL03-SP";"UOP01-DEL03-SP"
472005;2022-09-03;"sábado";"08:30:00";"PR";476;111;"COLOMBO";"Reação tardia ou ineficiente do condutor";"Colisão frontal";"Com Vítimas Feridas";"Pleno dia";"Crescente";"Chuva";"Simples";"Declive";"Não";5;0;3;2;0;0;5;2;-25,315056;-49,153545;"SPRF-PR";"DEL01-PR";"UOP01-DEL01-PR"
472007;2022-08-04;"quinta-feira";"17:05:00";"PR";153;20,5;"JACAREZINHO";"Desrespeitar a preferência no cruzamento";"Colisão transversal";"Com Vítimas Feridas";"Pleno dia";"Crescente";"Céu Claro";"Simples";"Interseção de Vias";"Sim";3;0;1;1;1;0;2;2;-23,16561366;-49,96041298;"SPRF-PR";"DEL07-PR";"UOP04-DEL07-PR"
472008;2022-09-03;"sábado";"10:40:00";"RJ";116;275,5;"BARRA MANSA";"Reação tardia ou ineficiente do condutor";"Capotamento";"Com Vítimas Feridas";"Pleno dia";"Crescente";"Céu Claro";"Dupla";"Curva";"Não";2;0;1;0;1;0;1;1;-22,56207185;-44,15671311;"SPRF-RJ";"DEL07-RJ";"UOP02-DEL07-RJ"
472009;2022-09-03;"sábado";"07:30:00";"PR";0;0;"FOZ DO IGUACU";"Transitar na contramão";"Colisão frontal";"Com Vítimas Feridas";"Pleno dia";"Não Informado";"Céu Claro";"Dupla";"Interseção de Vias";"Sim";2;0;1;0;1;0;1;2;-25,47764364;-54,58400488;"SPRF-PR";"DEL05-PR";"UOP03-DEL05-PR"
472010;2022-09-03;"sábado";"07:30:00";"SC";280;101;"SAO BENTO DO SUL";"Chuva";"Saída de leito carroçável";"Sem Vítimas";"Amanhecer";"Decrescente";"Chuva";"Simples";"Declive";"Não";1;0;0;0;0;1;0;1;-26,3647522;-49,33526222;"SPRF-SC";"DEL06-SC";"UOP03-DEL06-SC"
472011;2022-09-03;"sábado";"09:50:00";"PB";230;505,5;"CAJAZEIRAS";"Acessar a via sem observar a presença dos outros veículos";"Colisão frontal";"Com Vítimas Feridas";"Pleno dia";"Decrescente";"Céu Claro";"Simples";"Reta";"Não";2;0;1;0;1;0;1;2;-6,8995;-38,5494;"SPRF-PB";"DEL03-PB";"UOP03-DEL03-PB"
472012;2022-09-03;"sábado";"11:10:00";"GO";40;6,8;"LUZIANIA";"Trafegar com motocicleta (ou similar) entre as faixas";"Colisão lateral mesmo sentido";"Com Vítimas Feridas";"Pleno dia";"Decrescente";"Céu Claro";"Dupla";"Reta;Aclive";"Sim";3;0;1;0;2;0;1;3;-16,100814;-47,977351;"SPRF-DF";"DEL01-DF";"UOP01-DEL01-DF"
472014;2022-09-02;"sexta-feira";"19:52:00";"MS";163;485,4;"CAMPO GRANDE";"Condutor deixou de manter distância do veículo da frente";"Colisão traseira";"Sem Vítimas";"Plena Noite";"Crescente";"Nublado";"Simples";"Reta";"Sim";2;0;0;0;2;0;0;2;-20,43764977;-54,54123974;"SPRF-MS";"DEL01-MS";"UOP02-DEL01-MS"
472017;2022-09-03;"sábado";"10:00:00";"SP";116;511;"CAJATI";"Reação tardia ou ineficiente do condutor";"Capotamento";"Com Vítimas Feridas";"Pleno dia";"Crescente";"Chuva";"Simples";"Curva";"Não";4;0;0;1;3;0;1;1;-24,83558399;-48,2223738;"SPRF-SP";"DEL05-SP";"UOP02-DEL05-SP"
472018;2022-09-03;"sábado";"11:40:00";"SC";101;203,2;"SAO JOSE";"Manobra de mudança de faixa";"Colisão lateral mesmo sentido";"Com Vítimas Feridas";"Pleno dia";"Crescente";"Céu Claro";"Múltipla";"Reta";"Sim";2;0;1;1;0;0;2;1;-27,5650044;-48,61460082;"SPRF-SC";"DEL01-SC";"UOP01-DEL01-SC"
472021;2022-09-03;"sábado";"07:00:00";"RO";435;109;"COLORADO DO OESTE";"Reação tardia ou ineficiente do condutor";"Saída de leito carroçável";"Com Vítimas Fatais";"Amanhecer";"Crescente";"Céu Claro";"Simples";"Reta;Declive";"Não";1;1;0;0;0;0;0;1;-13,19258993;-60,68654002;"SPRF-RO";"DEL04-RO";"UOP02-DEL04-RO"
472022;2022-09-03;"sábado";"09:30:00";"SP";116;513;"CAJATI";"Avarias e/ou desgaste excessivo no pneu";"Colisão com objeto";"Com Vítimas Feridas";"Pleno dia";"Decrescente";"Chuva";"Simples";"Curva";"Não";1;0;0;1;0;0;1;1;-24,85109616;-48,21802405;"SPRF-SP";"DEL05-SP";"UOP02-DEL05-SP"
472023;2022-09-03;"sábado";"09:55:00";"MG";116;398;"GOVERNADOR VALADARES";"Ultrapassagem Indevida";"Colisão frontal";"Com Vítimas Feridas";"Pleno dia";"Decrescente";"Céu Claro";"Simples";"Reta";"Não";7;0;7;0;0;0;7;2;-18,76391211;-41,98521344;"SPRF-MG";"DEL06-MG";"UOP01-DEL06-MG"
472024;2022-09-03;"sábado";"12:20:00";"SC";101;204;"SAO JOSE";"Obras na pista";"Colisão traseira";"Com Vítimas Feridas";"Pleno dia";"Crescente";"Nublado";"Dupla";"Reta";"Sim";4;0;0;1;3;0;1;4;-27,57413014;-48,61363083;"SPRF-SC";"DEL01-SC";"UOP01-DEL01-SC"
472025;2022-08-14;"domingo";"20:30:00";"PE";407;92,7;"PETROLINA";"Animais na Pista";"Atropelamento de Animal";"Com Vítimas Feridas";"Plena Noite";"Crescente";"Céu Claro";"Simples";"Aclive";"Não";2;0;2;0;0;0;2;1;-9,10716916;-40,64757531;"SPRF-PE";"DEL06-PE";"UOP02-DEL06-PE"
472026;2022-09-03;"sábado";"04:00:00";"CE";222;163;"IRAUCUBA";"Velocidade Incompatível";"Capotamento";"Sem Vítimas";"Plena Noite";"Crescente";"Céu Claro";"Simples";"Curva";"Não";1;0;0;0;0;1;0;1;-3,73219489;-39,90251996;"SPRF-CE";"DEL04-CE";"UOP03-DEL04-CE"
472028;2022-09-03;"sábado";"12:30:00";"MG";262;356,9;"BETIM";"Ausência de reação do condutor";"Colisão com objeto";"Com Vítimas Feridas";"Pleno dia";"Crescente";"Céu Claro";"Dupla";"Declive";"Não";2;0;1;0;1;0;1;1;-19,97470835;-44,18804897;"SPRF-MG";"DEL01-MG";"UOP03-DEL01-MG"
472029;2022-07-20;"quarta-feira";"16:30:00";"RS";470;178;"VERANOPOLIS";"Acessar a via sem observar a presença dos outros veículos";"Colisão transversal";"Com Vítimas Feridas";"Pleno dia";"Decrescente";"Céu Claro";"Simples";"Interseção de Vias";"Sim";2;0;0;1;1;0;1;2;-28,94753484;-51,55413312;"SPRF-RS";"DEL06-RS";"UOP02-DEL06-RS"
472031;2022-09-03;"sábado";"12:36:00";"MS";163;837;"SONORA";"Ingestão de álcool pelo condutor";"Colisão com objeto";"Com Vítimas Feridas";"Pleno dia";"Crescente";"Céu Claro";"Simples";"Rotatória";"Não";1;0;0;1;0;0;1;1;-17,60027601;-54,74632566;"SPRF-MS";"DEL06-MS";"UOP01-DEL06-MS"
472032;2022-09-03;"sábado";"13:35:00";"SP";116;509;"CAJATI";"Velocidade Incompatível";"Saída de leito carroçável";"Com Vítimas Feridas";"Pleno dia";"Decrescente";"Chuva";"Simples";"Curva";"Não";1;0;1;0;0;0;1;1;-24,82178987;-48,21419034;"SPRF-SP";"DEL05-SP";"UOP02-DEL05-SP"
472033;2022-09-03;"sábado";"13:00:00";"BA";324;567;"SAO SEBASTIAO DO PASSE";"Velocidade Incompatível";"Saída de leito carroçável";"Com Vítimas Feridas";"Pleno dia";"Decrescente";"Nublado";"Dupla";"Reta";"Não";2;0;2;0;0;0;2;1;-12,529901;-38,603207;"SPRF-BA";"DEL01-BA";"UOP01-DEL01-BA"
472035;2022-09-03;"sábado";"13:40:00";"PA";230;620;"VITORIA DO XINGU";"Velocidade Incompatível";"Tombamento";"Com Vítimas Feridas";"Pleno dia";"Crescente";"Céu Claro";"Simples";"Aclive";"Não";4;0;4;0;0;0;4;1;-3,17068268;-52,07013799;"SPRF-PA";"DEL04-PA";"UOP01-DEL04-PA"
472036;2022-09-03;"sábado";"11:00:00";"SC";282;269,3;"SAO JOSE DO CERRITO";"Manobra de mudança de faixa";"Saída de leito carroçável";"Com Vítimas Feridas";"Pleno dia";"Decrescente";"Céu Claro";"Simples";"Reta";"Não";2;0;2;0;0;0;2;1;-27,616257;-50,667435;"SPRF-SC";"DEL05-SC";"UOP02-DEL05-SC"
472037;2022-09-03;"sábado";"13:13:00";"SP";116;332;"JUQUITIBA";"Pista Escorregadia";"Saída de leito carroçável";"Com Vítimas Fatais";"Pleno dia";"Decrescente";"Chuva";"Dupla";"Curva";"Não";7;1;4;0;0;2;4;2;-23,95129388;-47,10220309;"SPRF-SP";"DEL04-SP";"UOP01-DEL04-SP"
472038;2022-09-03;"sábado";"13:30:00";"BA";101;722,6;"EUNAPOLIS";"Conversão proibida";"Colisão frontal";"Com Vítimas Feridas";"Pleno dia";"Crescente";"Céu Claro";"Simples";"Reta";"Não";6;0;1;0;4;1;1;3;-16,4;-39,58;"SPRF-BA";"DEL09-BA";"UOP01-DEL09-BA"
472039;2022-09-03;"sábado";"13:30:00";"RS";116;339,9;"BARRA DO RIBEIRO";"Ausência de reação do condutor";"Saída de leito carroçável";"Sem Vítimas";"Pleno dia";"Decrescente";"Céu Claro";"Simples";"Desvio Temporário";"Não";1;0;0;0;0;1;0;1;-30,44683293;-51,48439812;"SPRF-RS";"DEL02-RS";"UOP02-DEL02-RS"
472040;2022-09-03;"sábado";"11:35:00";"SC";282;375,9;"HERVAL DOESTE";"Modificação proibida";"Colisão lateral mesmo sentido";"Sem Vítimas";"Pleno dia";"Crescente";"Céu Claro";"Simples";"Reta";"Não";3;0;0;0;3;0;0;2;-27,228022;-51,456421;"SPRF-SC";"DEL07-SC";"UOP05-DEL07-SC"
472043;2022-09-03;"sábado";"11:00:00";"MT";163;694;"LUCAS DO RIO VERDE";"Acessar a via sem observar a presença dos outros veículos";"Colisão transversal";"Com Vítimas Feridas";"Pleno dia";"Decrescente";"Céu Claro";"Simples";"Reta";"Não";3;0;1;0;2;0;1;2;-13,02864182;-55,89781523;"SPRF-MT";"DEL06-MT";"UOP01-DEL06-MT"
472044;2022-09-03;"sábado";"13:00:00";"RN";101;170;"CANGUARETAMA";"Fumaça";"Colisão traseira";"Com Vítimas Feridas";"Pleno dia";"Decrescente";"Céu Claro";"Dupla";"Reta";"Não";5;0;2;0;3;0;2;3;-6,44861299;-35,10983015;"SPRF-RN";"DEL01-RN";"UOP01-DEL01-RN"
472045;2022-09-03;"sábado";"14:30:00";"SC";101;69;"ARAQUARI";"Condutor deixou de manter distância do veículo da frente";"Colisão lateral mesmo sentido";"Com Vítimas Feridas";"Pleno dia";"Crescente";"Céu Claro";"Dupla";"Reta";"Não";4;0;2;0;2;0;2;2;-26,50298009;-48,72814515;"SPRF-SC";"DEL03-SC";"UOP02-DEL03-SC"
472046;2022-09-03;"sábado";"10:40:00";"SC";280;192,3;"MAFRA";"Transitar na contramão";"Colisão frontal";"Com Vítimas Fatais";"Pleno dia";"Decrescente";"Nublado";"Simples";"Aclive;Reta";"Não";12;1;3;6;2;0;9;3;-26,1796298;-49,9943763;"SPRF-SC";"DEL06-SC";"UOP01-DEL06-SC"
472047;2022-09-03;"sábado";"14:15:00";"RJ";116;175;"NOVA IGUACU";"Condutor deixou de manter distância do veículo da frente";"Colisão traseira";"Com Vítimas Feridas";"Pleno dia";"Decrescente";"Céu Claro";"Múltipla";"Reta";"Sim";4;0;2;0;2;0;2;2;-22,78923555;-43,37275272;"SPRF-RJ";"DEL01-RJ";"UOP02-DEL01-RJ"
472048;2022-09-03;"sábado";"10:30:00";"MG";262;476,7;"BOM DESPACHO";"Reação tardia ou ineficiente do condutor";"Capotamento";"Com Vítimas Feridas";"Pleno dia";"Crescente";"Sol";"Simples";"Reta";"Sim";2;0;2;0;0;0;2;1;-19,7879943;-45,21134295;"SPRF-MG";"DEL08-MG";"UOP03-DEL08-MG"
472049;2022-09-03;"sábado";"14:30:00";"RS";116;205;"PICADA CAFE";"Velocidade Incompatível";"Capotamento";"Com Vítimas Feridas";"Pleno dia";"Crescente";"Céu Claro";"Simples";"Curva";"Não";7;0;0;1;6;0;1;3;-29,49979304;-51,13770408;"SPRF-RS";"DEL05-RS";"UOP02-DEL05-RS"
472050;2022-09-03;"sábado";"14:37:00";"SP";116;271;"TABOAO DA SERRA";"Manobra de mudança de faixa";"Colisão traseira";"Com Vítimas Feridas";"Pleno dia";"Decrescente";"Nublado";"Dupla";"Reta";"Sim";2;0;1;0;1;0;1;2;-23,61809286;-46,80556302;"SPRF-SP";"DEL04-SP";"UOP01-DEL04-SP"
472051;2022-09-03;"sábado";"13:30:00";"MS";262;18;"TRES LAGOAS";"Ingestão de álcool pelo condutor";"Saída de leito carroçável";"Sem Vítimas";"Pleno dia";"Crescente";"Céu Claro";"Simples";"Reta";"Não";3;0;0;0;1;2;0;2;-20,81595472;-51,76503005;"SPRF-MS";"DEL07-MS";"UOP01-DEL07-MS"
472052;2022-09-03;"sábado";"14:50:00";"PE";232;20;"MORENO";"Manobra de mudança de faixa";"Colisão traseira";"Com Vítimas Feridas";"Pleno dia";"Decrescente";"Céu Claro";"Dupla";"Curva;Retorno Regulamentado";"Não";2;0;1;0;1;0;1;2;-8,09543537;-35,07136107;"SPRF-PE";"DEL01-PE";"UOP01-DEL01-PE"
472054;2022-09-03;"sábado";"11:40:00";"RO";364;491,2;"ARIQUEMES";"Reação tardia ou ineficiente do condutor";"Colisão traseira";"Com Vítimas Feridas";"Pleno dia";"Crescente";"Céu Claro";"Simples";"Reta";"Não";7;0;1;0;6;0;1;2;-10,09972089;-62,95458394;"SPRF-RO";"DEL03-RO";"UOP01-DEL03-RO"
472057;2022-09-03;"sábado";"14:30:00";"CE";20;403;"CAUCAIA";"Acessar a via sem observar a presença dos outros veículos";"Colisão transversal";"Com Vítimas Feridas";"Pleno dia";"Crescente";"Céu Claro";"Simples";"Retorno Regulamentado;Reta";"Não";3;0;0;2;1;0;2;2;-3,77857948;-38,68654668;"SPRF-CE";"DEL01-CE";"UOP01-DEL01-CE"