"id";"data_inversa";"dia_semana";"horario";"uf";"br";"km";"municipio";"causa_acidente";"tipo_acidente";"classificacao_acidente";"fase_dia";"sentido_via";"condicao_metereologica";"tipo_pista";"tracado_via";"uso_solo";"pessoas";"mortos";"feridos_leves";"feridos_graves";"ilesos";"ignorados";"feridos";"veiculos";"latitude";"longitude";"regional";"delegacia";"uop"
472058;2022-09-03;"sábado";"15:51:00";"DF";20;21;"BRASILIA";"Condutor deixou de manter distância do veículo da frente";"Colisão traseira";"Com Vítimas Feridas";"Pleno dia";"Crescente";"Céu Claro";"Dupla";"Reta";"Sim";2;0;0;1;1;0;1;2;-15,603384;-47,684692;"SPRF-DF";"DEL02-DF";"UOP01-DEL02-DF"
472059;2022-09-03;"sábado";"15:15:00";"RJ";116;137;"DUQUE DE CAXIAS";"Avarias e/ou desgaste excessivo no pneu";"Tombamento";"Com Vítimas Feridas";"Pleno dia";"Crescente";"Céu Claro";"Dupla";"Reta";"Não";2;0;2;0;0;0;2;1;-22,64791994;-43,18200799;"SPRF-RJ";"DEL01-RJ";"UOP01-DEL01-RJ"
472060;2022-09-03;"sábado";"15:42:00";"PB";101;82;"BAYEUX";"Ausência de reação do condutor";"Colisão traseira";"Sem Vítimas";"Pleno dia";"Crescente";"Céu Claro";"Dupla";"Reta";"Sim";2;0;0;0;1;1;0;2;-7,12911;-34,93714;"SPRF-PB";"DEL01-PB";"UOP01-DEL01-PB"
472061;2022-09-03;"sábado";"16:00:00";"PR";277;33;"MORRETES";"Reação tardia ou ineficiente do condutor";"Colisão com objeto";"Com Vítimas Feridas";"Pleno dia";"Crescente";"Chuva";"Dupla";"Curva;Aclive";"Não";3;0;1;0;2;0;1;1;-25,56674328;-48,81097376;"SPRF-PR";"DEL01-PR";"UOP05-DEL01-PR"
472063;2022-09-03;"sábado";"16:25:00";"PB";230;25;"JOAO PESSOA";"Pista esburacada";"Colisão com objeto";"Com Vítimas Feridas";"Pleno dia";"Crescente";"Céu Claro";"Múltipla";"Curva;Viaduto;Aclive";"Sim";2;0;1;0;1;0;1;1;-7,1707;-34,8684;"SPRF-PB";"DEL01-PB";"UOP01-DEL01-PB"
472066;2022-09-03;"sábado";"15:00:00";"PR";369;37;"ANDIRA";"Ingestão de álcool pelo condutor";"Tombamento";"Com Vítimas Feridas";"Pleno dia";"Decrescente";"Nublado";"Simples";"Reta";"Sim";1;0;0;1;0;0;1;1;-23,04501814;-50,23183811;"SPRF-PR";"DEL07-PR";"UOP01-DEL07-PR"
472070;2022-09-03;"sábado";"17:30:00";"RS";472;144,2;"TRES DE MAIO";"Velocidade Incompatível";"Colisão transversal";"Com Vítimas Feridas";"Anoitecer";"Decrescente";"Céu Claro";"Simples";"Interseção de Vias";"Não";3;0;0;1;1;1;1;3;-27,7686814;-54,3490728;"SPRF-RS";"DEL10-RS";"UOP01-DEL10-RS"
472071;2022-09-03;"sábado";"16:00:00";"TO";153;634,8;"ALIANCA DO TOCANTINS";"Ultrapassagem Indevida";"Saída de leito carroçável";"Com Vítimas Feridas";"Pleno dia";"Decrescente";"Céu Claro";"Simples";"Reta";"Não";6;0;1;0;5;0;1;1;-11,39541211;-48,97433972;"SPRF-TO";"DEL01-TO";"UOP02-DEL01-TO"
472072;2022-09-03;"sábado";"17:25:00";"MG";40;528;"CONTAGEM";"Velocidade Incompatível";"Colisão traseira";"Sem Vítimas";"Anoitecer";"Crescente";"Céu Claro";"Dupla";"Reta";"Não";3;0;0;0;3;0;0;2;-19,90883179;-44,04436577;"SPRF-MG";"DEL01-MG";"UOP02-DEL01-MG"
472073;2022-08-18;"quinta-feira";"16:00:00";"MT";70;621;"POCONE";"Chuva";"Saída de leito carroçável";"Com Vítimas Feridas";"Pleno dia";"Crescente";"Chuva";"Simples";"Curva";"Sim";3;0;2;0;1;0;2;1;-15,89206796;-56,89337907;"SPRF-MT";"DEL03-MT";"UOP02-DEL03-MT"
472074;2022-09-03;"sábado";"17:34:00";"SP";116;160,2;"JACAREI";"Reação tardia ou ineficiente do condutor";"Colisão traseira";"Com Vítimas Feridas";"Anoitecer";"Decrescente";"Nublado";"Dupla";"Reta";"Sim";2;0;1;0;1;0;1;2;-23,27101606;-45,96787896;"SPRF-SP";"DEL02-SP";"UOP01-DEL02-SP"
472075;2022-09-03;"sábado";"16:00:00";"MG";50;7,9;"ARAGUARI";"Problema na suspensão";"Saída de leito carroçável";"Sem Vítimas";"Pleno dia";"Crescente";"Céu Claro";"Dupla";"Reta;Declive";"Não";1;0;0;0;1;0;0;1;-18,47978714;-48,04875045;"SPRF-MG";"DEL15-MG";"UOP02-DEL15-MG"
472076;2022-09-03;"sábado";"16:00:00";"RS";116;1,4;"VACARIA";"Ausência de reação do condutor";"Saída de leito carroçável";"Sem Vítimas";"Pleno dia";"Crescente";"Céu Claro";"Simples";"Curva";"Não";2;0;0;0;2;0;0;1;-28,219034;-50,757893;"SPRF-RS";"DEL05-RS";"UOP03-DEL05-RS"
472078;2022-09-03;"sábado";"17:55:00";"PR";277;33,3;"MORRETES";"Velocidade Incompatível";"Colisão com objeto";"Com Vítimas Feridas";"Anoitecer";"Decrescente";"Chuva";"Dupla";"Curva;Declive";"Não";1;0;1;0;0;0;1;1;-25,567027;-48,810773;"SPRF-PR";"DEL01-PR";"UOP05-DEL01-PR"
472079;2022-09-03;"sábado";"16:40:00";"PB";230;509,5;"CAJAZEIRAS";"Acessar a via sem observar a presença dos outros veículos";"Colisão transversal";"Com Vítimas Feridas";"Pleno dia";"Crescente";"Céu Claro";"Simples";"Reta";"Sim";3;0;2;1;0;0;3;2;-6,89123;-38,584334;"SPRF-PB";"DEL03-PB";"UOP03-DEL03-PB"
472080;2022-09-03;"sábado";"15:35:00";"RO";364;308,5;"PRESIDENTE MEDICI";"Acesso irregular";"Colisão transversal";"Com Vítimas Feridas";"Pleno dia";"Crescente";"Céu Claro";"Simples";"Retorno Regulamentado";"Sim";2;0;1;0;0;1;1;2;-11,172427;-61,901573;"SPRF-RO";"DEL02-RO";"UOP01-DEL02-RO"
472082;2022-09-03;"sábado";"13:00:00";"RN";101;170;"CANGUARETAMA";"Fumaça";"Colisão traseira";"Sem Vítimas";"Pleno dia";"Decrescente";"Céu Claro";"Dupla";"Reta";"Não";2;0;0;0;2;0;0;2;-6,44861299;-35,10983015;"SPRF-RN";"DEL01-RN";"UOP01-DEL01-RN"
472083;2022-09-03;"sábado";"17:30:00";"PE";232;99,8;"BEZERROS";"Reação tardia ou ineficiente do condutor";"Colisão transversal";"Com Vítimas Feridas";"Anoitecer";"Crescente";"Céu Claro";"Simples";"Reta";"Sim";2;0;1;0;1;0;1;2;-8,2367277;-35,73401605;"SPRF-PE";"DEL02-PE";"UOP02-DEL02PE"
472084;2022-09-03;"sábado";"17:30:00";"CE";20;283;"CANINDE";"Pista esburacada";"Tombamento";"Com Vítimas Feridas";"Pleno dia";"Crescente";"Céu Claro";"Simples";"Reta";"Não";1;0;1;0;0;0;1;1;-4,55425601;-39,35831908;"SPRF-CE";"DEL02-CE";"UOP01-DEL02-CE"
472086;2022-09-03;"sábado";"14:30:00";"PA";10;5,8;"DOM ELISEU";"Reação tardia ou ineficiente do condutor";"Saída de leito carroçável";"Com Vítimas Feridas";"Pleno dia";"Crescente";"Céu Claro";"Simples";"Reta";"Não";1;0;0;1;0;0;1;1;-4,401855;-47,53120498;"SPRF-PA";"DEL02-PA";"UOP02-DEL02-PA"
472087;2022-09-03;"sábado";"18:00:00";"DF";40;5;"BRASILIA";"Ingestão de álcool pelo condutor";"Saída de leito carroçável";"Com Vítimas Feridas";"Anoitecer";"Decrescente";"Céu Claro";"Dupla";"Reta";"Sim";5;0;2;2;1;0;4;1;-16,020903;-47,980541;"SPRF-DF";"DEL01-DF";"UOP01-DEL01-DF"
472088;2022-09-03;"sábado";"18:20:00";"PR";163;283;"MARECHAL CANDIDO RONDON";"Ingestão de álcool pelo condutor";"Tombamento";"Com Vítimas Feridas";"Anoitecer";"Crescente";"Nublado";"Simples";"Rotatória";"Sim";2;0;2;0;0;0;2;1;-24,56822071;-54,03405547;"SPRF-PR";"DEL06-PR";"UOP02-DEL06-PR"
472089;2022-09-03;"sábado";"18:00:00";"RN";101;81;"NATAL";"Acesso irregular";"Colisão transversal";"Com Vítimas Feridas";"Amanhecer";"Decrescente";"Céu Claro";"Dupla";"Interseção de Vias";"Sim";2;0;1;0;1;0;1;2;-5,76469466;-35,28295988;"SPRF-RN";"DEL02-RN";"UOP01-DEL02-RN"
472090;2022-09-03;"sábado";"18:45:00";"AP";210;0;"MACAPA";"Condutor deixou de manter distância do veículo da frente";"Colisão traseira";"Com Vítimas Feridas";"Plena Noite";"Decrescente";"Céu Claro";"Dupla";"Reta";"Sim";2;0;1;0;1;0;1;2;0,07780012;-51,06097;"SPRF-AP";"DEL01-AP";"UOP01-DEL01-AP"
472091;2022-09-03;"sábado";"18:44:00";"MG";381;453,4;"SABARA";"Pedestre cruzava a pista fora da faixa";"Atropelamento de Pedestre";"Com Vítimas Feridas";"Plena Noite";"Decrescente";"Céu Claro";"Simples";"Reta";"Sim";3;0;2;0;1;0;2;2;-19,85197588;-43,88851019;"SPRF-MG";"DEL01-MG";"UOP01-DEL01-MG"
472092;2022-09-03;"sábado";"15:30:00";"MA";222;681;"ACAILANDIA";"Acessar a via sem observar a presença dos outros veículos";"Colisão frontal";"Com Vítimas Feridas";"Pleno dia";"Decrescente";"Sol";"Simples";"Reta";"Sim";3;0;0;1;2;0;1;2;-4,92508085;-47,43821808;"SPRF-MA";"DEL04-MA";"UOP03-DEL04-MA"
472093;2022-09-03;"sábado";"18:45:00";"MG";40;569,9;"NOVA LIMA";"Acessar a via sem observar a presença dos outros veículos";"Colisão transversal";"Com Vítimas Feridas";"Plena Noite";"Crescente";"Céu Claro";"Simples";"Reta";"Sim";3;0;0;1;0;2;1;2;-20,20394093;-43,97409456;"SPRF-MG";"DEL01-MG";"UOP02-DEL01-MG"
472096;2022-09-03;"sábado";"19:40:00";"SP";381;81;"SAO PAULO";"Reação tardia ou ineficiente do condutor";"Tombamento";"Com Vítimas Feridas";"Plena Noite";"Crescente";"Céu Claro";"Dupla";"Reta";"Não";1;0;1;0;0;0;1;1;-23,421905;-46,577273;"SPRF-SP";"DEL03-SP";"UOP01-DEL03-SP"
472097;2022-09-03;"sábado";"14:30:00";"GO";50;181;"CAMPO ALEGRE DE GOIAS";"Ausência de reação do condutor";"Tombamento";"Com Vítimas Feridas";"Pleno dia";"Crescente";"Céu Claro";"Dupla";"Curva";"Não";1;0;1;0;0;0;1;1;-17,4158;-47,7948;"SPRF-GO";"DEL06-GO";"UOP01-DEL06-GO"
472098;2022-09-03;"sábado";"19:35:00";"PE";232;116,9;"CARUARU";"Condutor Dormindo";"Saída de leito carroçável";"Com Vítimas Feridas";"Plena Noite";"Crescente";"Céu Claro";"Dupla";"Reta";"Não";1;0;0;1;0;0;1;1;-8,2970005;-35,86666391;"SPRF-PE";"DEL02-PE";"UOP01-DEL02-PE"
472099;2022-09-03;"sábado";"19:35:00";"MG";40;457;"CAETANOPOLIS";"Ingestão de álcool e/ou substâncias psicoativas pelo pedestre";"Atropelamento de Pedestre";"Com Vítimas Feridas";"Plena Noite";"Crescente";"Céu Claro";"Dupla";"Reta";"Não";2;0;0;1;1;0;1;2;-19,371466;-44,336132;"SPRF-MG";"DEL02-MG";"UOP01-DEL02-MG"
472100;2022-09-03;"sábado";"19:30:00";"GO";50;276,8;"CATALAO";"Reação tardia ou ineficiente do condutor";"Saída de leito carroçável";"Com Vítimas Feridas";"Plena Noite";"Decrescente";"Céu Claro";"Simples";"Reta";"Sim";1;0;1;0;0;0;1;1;-18,1572;-47,9081;"SPRF-GO";"DEL06-GO";"UOP01-DEL06-GO"
472102;2022-09-03;"sábado";"19:25:00";"RJ";493;88,8;"SEROPEDICA";"Animais na Pista";"Queda de ocupante de veículo";"Com Vítimas Feridas";"Plena Noite";"Crescente";"Céu Claro";"Dupla";"Reta";"Não";1;0;1;0;0;0;1;1;-22,6715324;-43,6484769;"SPRF-RJ";"DEL03-RJ";"UOP01-DEL03-RJ"
472103;2022-09-03;"sábado";"18:40:00";"MG";365;625;"UBERLANDIA";"Acessar a via sem observar a presença dos outros veículos";"Colisão lateral mesmo sentido";"Com Vítimas Feridas";"Plena Noite";"Decrescente";"Céu Claro";"Dupla";"Interseção de Vias";"Sim";2;0;1;0;1;0;1;2;-18,90585472;-48,32526001;"SPRF-MG";"DEL15-MG";"UOP01-DEL15-MG"
472104;2022-09-03;"sábado";"12:14:00";"SP";116;204;"ARUJA";"Problema com o freio";"Colisão com objeto";"Sem Vítimas";"Pleno dia";"Crescente";"Céu Claro";"Múltipla";"Reta";"Sim";5;0;0;0;2;3;0;4;-23,41236123;-46,35692496;"SPRF-SP";"DEL01-SP";"UOP01-DEL01-SP"
472105;2022-09-03;"sábado";"19:20:00";"RN";304;42,7;"MOSSORO";"Condutor deixou de manter distância do veículo da frente";"Colisão lateral mesmo sentido";"Com Vítimas Feridas";"Plena Noite";"Decrescente";"Céu Claro";"Dupla";"Reta";"Sim";4;0;2;0;1;1;2;3;-5,21278093;-37,37221494;"SPRF-RN";"DEL04-RN";"UOP01-DEL04-RN"
472106;2022-09-03;"sábado";"15:36:00";"GO";80;369;"SAO MIGUEL DO ARAGUAIA";"Reação tardia ou ineficiente do condutor";"Saída de leito carroçável";"Com Vítimas Feridas";"Pleno dia";"Crescente";"Céu Claro";"Simples";"Declive";"Não";5;0;0;3;1;1;3;2;-13,290256;-50,210047;"SPRF-GO";"DEL07-GO";"UOP02-DEL07-GO"
472107;2022-09-03;"sábado";"19:15:00";"MG";365;150,4;"PIRAPORA";"Ausência de reação do condutor";"Saída de leito carroçável";"Com Vítimas Feridas";"Plena Noite";"Decrescente";"Céu Claro";"Simples";"Reta";"Não";5;0;0;5;0;0;5;1;-17,28586567;-44,87709329;"SPRF-MG";"DEL12-MG";"UOP01-DEL12-MG"
472108;2022-09-03;"sábado";"20:00:00";"PE";232;200,3;"SANHARO";"Reação tardia ou ineficiente do condutor";"Saída de leito carroçável";"Com Vítimas Fatais";"Plena Noite";"Decrescente";"Céu Claro";"Simples";"Reta";"Não";1;1;0;0;0;0;0;1;-8,37040756;-36,60754002;"SPRF-PE";"DEL03-PE";"UOP02-DEL03-PE"
472109;2022-09-03;"sábado";"16:00:00";"MG";40;668,1;"CARANDAI";"Condutor deixou de manter distância do veículo da frente";"Tombamento";"Sem Vítimas";"Pleno dia";"Crescente";"Céu Claro";"Simples";"Reta";"Sim";1;0;0;0;0;1;0;1;-20,96074534;-43,78901666;"SPRF-MG";"DEL05-MG";"UOP02-DEL05-MG"
472110;2022-09-03;"sábado";"20:08:00";"RS";116;143;"CAXIAS DO SUL";"Manobra de mudança de faixa";"Colisão lateral mesmo sentido";"Com Vítimas Feridas";"Plena Noite";"Crescente";"Céu Claro";"Múltipla";"Reta";"Sim";3;0;1;0;1;1;1;3;-29,1201739;-51,12260651;"SPRF-RS";"DEL05-RS";"UOP01-DEL05-RS"
472111;2022-09-03;"sábado";"20:20:00";"RS";116;263;"CANOAS";"Ingestão de álcool pelo condutor";"Colisão transversal";"Sem Vítimas";"Plena Noite";"Decrescente";"Nublado";"Dupla";"Interseção de Vias";"Sim";4;0;0;0;3;1;0;3;-29,90545398;-51,17674031;"SPRF-RS";"DEL01-RS";"UOP01-DEL01-RS"
472112;2022-09-03;"sábado";"19:40:00";"GO";414;438;"ANAPOLIS";"Condutor deixou de manter distância do veículo da frente";"Colisão traseira";"Sem Vítimas";"Plena Noite";"Crescente";"Céu Claro";"Simples";"Declive;Interseção de Vias;Reta";"Sim";1;0;0;0;1;0;0;1;-16,27247393;-48,94040427;"SPRF-GO";"DEL02-GO";"UOP01-DEL02-GO"
472113;2022-09-03;"sábado";"20:00:00";"ES";101;290,5;"CARIACICA";"Pedestre cruzava a pista fora da faixa";"Atropelamento de Pedestre";"Com Vítimas Fatais";"Plena Noite";"Decrescente";"Céu Claro";"Dupla";"Reta";"Sim";4;1;0;0;3;0;0;4;-20,29512602;-40,39329529;"SPRF-ES";"DEL01-ES";"UOP01-DEL01-ES"
472114;2022-09-03;"sábado";"19:50:00";"AP";210;103;"PORTO GRANDE";"Condutor deixou de manter distância do veículo da frente";"Colisão traseira";"Com Vítimas Feridas";"Plena Noite";"Crescente";"Nublado";"Simples";"Reta";"Sim";3;0;1;0;2;0;1;2;0,69607886;-51,38816804;"SPRF-AP";"DEL01-AP";"UOP01-DEL01-AP"
472115;2022-09-03;"sábado";"19:10:00";"RR";401;3;"CANTA";"Reação tardia ou ineficiente do condutor";"Colisão com objeto";"Com Vítimas Feridas";"Plena Noite";"Decrescente";"Céu Claro";"Dupla";"Reta";"Não";1;0;1;0;0;0;1;1;2,79386178;-60,66665958;"SPRF-RR";"DEL01-RR";"UOP01-DEL01-RR"
472116;2022-09-03;"sábado";"17:20:00";"BA";324;548;"AMELIA RODRIGUES";"Condutor Dormindo";"Saída de leito carroçável";"Com Vítimas Feridas";"Anoitecer";"Crescente";"Garoa/Chuvisco";"Dupla";"Reta";"Não";1;0;1;0;0;0;1;1;-12,42569708;-38,73745605;"SPRF-BA";"DEL01-BA";"UOP03-DEL01-BA"
472117;2022-09-03;"sábado";"17:50:00";"RS";158;367,3;"SANTANA DO LIVRAMENTO";"Desrespeitar a preferência no cruzamento";"Colisão transversal";"Com Vítimas Feridas";"Anoitecer";"Decrescente";"Céu Claro";"Simples";"Interseção de Vias";"Sim";3;0;0;1;2;0;1;2;-30,88051978;-55,50937409;"SPRF-RS";"DEL09-RS";"UOP01-DEL09-RS"
472119;2022-09-03;"sábado";"19:54:00";"RS";386;441,1;"CANOAS";"Entrada inopinada do pedestre";"Atropelamento de Pedestre";"Com Vítimas Fatais";"Plena Noite";"Decrescente";"Céu Claro";"Dupla";"Viaduto";"Não";3;1;0;0;2;0;0;2;-29,878265;-51,241951;"SPRF-RS";"DEL01-RS";"UOP01-DEL01-RS"
472120;2022-09-03;"sábado";"21:00:00";"PI";343;14;"PARNAIBA";"Curva acentuada";"Tombamento";"Com Vítimas Feridas";"Plena Noite";"Crescente";"Céu Claro";"Dupla";"Rotatória";"Sim";2;0;1;0;1;0;1;2;-2,92858352;-41,75356334;"SPRF-PI";"DEL05-PI";"UOP01-DEL05-PI"
472123;2022-09-03;"sábado";"20:30:00";"GO";153;521;"HIDROLANDIA";"Ingestão de álcool pelo condutor";"Colisão traseira";"Com Vítimas Feridas";"Plena Noite";"Decrescente";"Céu Claro";"Dupla";"Retorno Regulamentado";"Sim";2;0;1;0;1;0;1;2;-16,8937;-49,2557;"SPRF-GO";"DEL01-GO";"UOP03-DEL01-GO"
472124;2022-09-03;"sábado";"20:25:00";"RS";470;333,8;"TRIUNFO";"Acessar a via sem observar a presença dos outros veículos";"Colisão transversal";"Com Vítimas Feridas";"Plena Noite";"Decrescente";"Céu Claro";"Simples";"Reta";"Sim";2;0;1;0;1;0;1;2;-29,88081502;-51,71085477;"SPRF-RS";"DEL04-RS";"UOP02-DEL04-RS"
472125;2022-09-03;"sábado";"17:15:00";"MG";262;575,4;"CORREGO DANTA";"Ausência de reação do condutor";"Saída de leito carroçável";"Com Vítimas Feridas";"Anoitecer";"Decrescente";"Céu Claro";"Simples";"Curva";"Não";1;0;0;1;0;0;1;1;-19,69297478;-46,03637682;"SPRF-MG";"DEL08-MG";"UOP02-DEL08-MG"
472126;2022-09-03;"sábado";"20:40:00";"SC";101;86;"BARRA VELHA";"Velocidade Incompatível";"Colisão com objeto";"Sem Vítimas";"Plena Noite";"Decrescente";"Céu Claro";"Dupla";"Viaduto;Reta";"Sim";1;0;0;0;0;1;0;1;-26,63277317;-48,70232513;"SPRF-SC";"DEL03-SC";"UOP02-DEL03-SC"
472127;2022-09-03;"sábado";"19:52:00";"RO";425;95;"NOVA MAMORE";"Reação tardia ou ineficiente do condutor";"Colisão transversal";"Sem Vítimas";"Plena Noite";"Crescente";"Céu Claro";"Simples";"Reta";"Sim";2;0;0;0;1;1;0;2;-10,368427;-65,318581;"SPRF-RO";"DEL01-RO";"UOP03-DEL01-RO"
472128;2022-09-03;"sábado";"21:30:00";"PI";316;309;"PICOS";"Ausência de reação do condutor";"Colisão com objeto";"Sem Vítimas";"Plena Noite";"Crescente";"Céu Claro";"Dupla";"Rotatória";"Sim";1;0;0;0;1;0;0;1;-7,0779275;-41,4853406;"SPRF-PI";"DEL04-PI";"UOP01-DEL04-PI"
472130;2022-09-03;"sábado";"20:10:00";"RN";101;147;"GOIANINHA";"Transitar na contramão";"Colisão lateral sentido oposto";"Sem Vítimas";"Plena Noite";"Crescente";"Nublado";"Múltipla";"Reta";"Sim";2;0;0;0;2;0;0;2;-6,27145987;-35,20823975;"SPRF-RN";"DEL01-RN";"UOP01-DEL01-RN"
472131;2022-09-03;"sábado";"21:30:00";"SC";101;38;"JOINVILLE";"Reação tardia ou ineficiente do condutor";"Colisão com objeto";"Sem Vítimas";"Plena Noite";"Crescente";"Nublado";"Simples";"Interseção de Vias;Reta";"Sim";1;0;0;0;1;0;0;1;-26,29659878;-48,88425708;"SPRF-SC";"DEL03-SC";"UOP01-DEL03-SC"
472132;2022-09-03;"sábado";"21:50:00";"PR";369;201,7;"APUCARANA";"Ingestão de álcool pelo condutor";"Colisão traseira";"Sem Vítimas";"Plena Noite";"Decrescente";"Céu Claro";"Simples";"Interseção de Vias";"Sim";2;0;0;0;2;0;0;2;-23,5513;-51,461266;"SPRF-PR";"DEL07-PR";"UOP03-DEL07-PR"
472133;2022-09-03;"sábado";"22:00:00";"SC";101;204,3;"SAO JOSE";"Condutor deixou de manter distância do veículo da frente";"Colisão traseira";"Com Vítimas Feridas";"Plena Noite";"Decrescente";"Céu Claro";"Múltipla";"Reta";"Sim";2;0;1;0;1;0;1;2;-27,57413014;-48,61363083;"SPRF-SC";"DEL01-SC";"UOP01-DEL01-SC"
472134;2022-09-03;"sábado";"22:20:00";"SC";470;169;"POUSO REDONDO";"Ingestão de álcool pelo condutor";"Colisão frontal";"Com Vítimas Feridas";"Plena Noite";"Crescente";"Céu Claro";"Simples";"Reta";"Não";2;0;0;1;1;0;1;2;-27,265471;-49,882442;"SPRF-SC";"DEL04-SC";"UOP02-DEL04-SC"
472135;2022-09-03;"sábado";"22:20:00";"GO";70;1,3;"AGUAS LINDAS DE GOIAS";"Reação tardia ou ineficiente do condutor";"Colisão com objeto";"Com Vítimas Feridas";"Plena Noite";"Decrescente";"Céu Claro";"Dupla";"Reta";"Não";2;0;0;1;1;0;1;1;-15,77579351;-48,23259001;"SPRF-DF";"DEL03-DF";"UOP02-DEL03-DF"
472136;2022-09-03;"sábado";"22:00:00";"BA";116;824,9;"VITORIA DA CONQUISTA";"Ingestão de álcool pelo condutor";"Colisão com objeto";"Sem Vítimas";"Plena Noite";"Crescente";"Nublado";"Dupla";"Reta;Interseção de Vias";"Sim";1;0;0;0;0;1;0;1;-14,870234;-40,851045;"SPRF-BA";"DEL08-BA";"UOP01-DEL08-BA"
472137;2022-09-03;"sábado";"22:30:00";"GO";50;270,6;"CATALAO";"Demais falhas mecânicas ou elétricas";"Saída de leito carroçável";"Com Vítimas Feridas";"Plena Noite";"Crescente";"Céu Claro";"Dupla";"Declive;Reta";"Não";2;0;0;2;0;0;2;1;-18,1087;-47,8878;"SPRF-GO";"DEL06-GO";"UOP01-DEL06-GO"
472138;2022-09-03;"sábado";"21:28:00";"MA";222;673;"ACAILANDIA";"Ingestão de álcool pelo condutor";"Atropelamento de Pedestre";"Com Vítimas Feridas";"Plena Noite";"Crescente";"Céu Claro";"Dupla";"Reta";"Não";3;0;1;1;1;0;2;2;-4,92960481;-47,44590111;"SPRF-MA";"DEL04-MA";"UOP03-DEL04-MA"
472139;2022-09-03;"sábado";"16:00:00";"SP";116;50,4;"LORENA";"Demais falhas mecânicas ou elétricas";"Incêndio";"Sem Vítimas";"Pleno dia";"Crescente";"Céu Claro";"Dupla";"Aclive";"Não";1;0;0;0;1;0;0;1;-22,73603721;-45,08433485;"SPRF-SP";"DEL08-SP";"UOP02-DEL08-SP"
472141;2022-09-03;"sábado";"22:45:00";"PR";376;3;"APUCARANA";"Acessar a via sem observar a presença dos outros veículos";"Colisão frontal";"Com Vítimas Feridas";"Plena Noite";"Crescente";"Céu Claro";"Simples";"Interseção de Vias";"Sim";2;0;2;0;0;0;2;2;-23,55933547;-51,43652916;"SPRF-PR";"DEL07-PR";"UOP03-DEL07-PR"
472142;2022-09-03;"sábado";"21:10:00";"RN";427;97,9;"CAICO";"Ingestão de álcool pelo condutor";"Colisão com objeto";"Com Vítimas Feridas";"Plena Noite";"Crescente";"Céu Claro";"Dupla";"Rotatória";"Não";1;0;1;0;0;0;1;1;-6,45636406;-37,05464873;"SPRF-RN";"DEL03-RN";"UOP01-DEL03-RN"
472143;2022-09-03;"sábado";"22:30:00";"MG";40;503;"ESMERALDAS";"Ausência de reação do condutor";"Saída de leito carroçável";"Sem Vítimas";"Plena Noite";"Decrescente";"Céu Claro";"Dupla";"Declive";"Não";1;0;0;0;0;1;0;1;-19,72138499;-44,15573599;"SPRF-MG";"DEL02-MG";"UOP01-DEL02-MG"
472144;2022-09-03;"sábado";"23:00:00";"PR";277;10;"PARANAGUA";"Ingestão de álcool pelo condutor";"Colisão com objeto";"Com Vítimas Feridas";"Plena Noite";"Crescente";"Chuva";"Dupla";"Reta";"Não";1;0;1;0;0;0;1;1;-25,56795306;-48,61655653;"SPRF-PR";"DEL01-PR";"UOP05-DEL01-PR"
472145;2022-09-03;"sábado";"23:00:00";"ES";101;62;"SAO MATEUS";"Ausência de reação do condutor";"Colisão lateral mesmo sentido";"Com Vítimas Feridas";"Plena Noite";"Crescente";"Céu Claro";"Simples";"Reta";"Não";7;0;1;0;5;1;1;2;-18,69020499;-39,86154403;"SPRF-ES";"DEL04-ES";"UOP02-DEL04-ES"
472146;2022-09-03;"sábado";"21:45:00";"MS";60;397,9;"SIDROLANDIA";"Condutor Dormindo";"Saída de leito carroçável";"Sem Vítimas";"Plena Noite";"Crescente";"Céu Claro";"Simples";"Reta";"Não";1;0;0;0;0;1;0;1;-20,77316908;-54,79038868;"SPRF-MS";"DEL01-MS";"UOP04-DEL01-MS"
472149;2022-09-03;"sábado";"20:30:00";"RJ";40;78;"PETROPOLIS";"Velocidade Incompatível";"Capotamento";"Com Vítimas Feridas";"Plena Noite";"Crescente";"Nublado";"Simples";"Curva";"Não";1;0;1;0;0;0;1;1;-22,48485874;-43,22843406;"SPRF-RJ";"DEL06-RJ";"UOP01-DEL06-RJ"
472150;2022-09-03;"sábado";"17:45:00";"DF";70;11;"BRASILIA";"Acessar a via sem observar a presença dos outros veículos";"Colisão traseira";"Com Vítimas Feridas";"Pleno dia";"Crescente";"Sol";"Simples";"Reta";"Sim";1;0;1;0;0;0;1;1;-15,797312;-48,176056;"SPRF-DF";"DEL03-DF";"UOP02-DEL03-DF"
472151;2022-09-03;"sábado";"23:50:00";"RS";116;39,2;"VACARIA";"Desrespeitar a preferência no cruzamento";"Colisão transversal";"Sem Vítimas";"Plena Noite";"Crescente";"Céu Claro";"Simples";"Rotatória";"Sim";3;0;0;0;3;0;0;2;-28,5120121;-50,93237991;"SPRF-RS";"DEL05-RS";"UOP03-DEL05-RS"
472153;2022-09-03;"sábado";"22:30:00";"RJ";465;19;"NOVA IGUACU";"Chuva";"Colisão frontal";"Com Vítimas Feridas";"Plena Noite";"Decrescente";"Chuva";"Simples";"Reta";"Sim";2;0;0;1;1;0;1;2;-22,839184;-43,610451;"SPRF-RJ";"DEL03-RJ";"UOP01-DEL03-RJ"