"id";"data_inversa";"dia_semana";"horario";"uf";"br";"km";"municipio";"causa_acidente";"tipo_acidente";"classificacao_acidente";"fase_dia";"sentido_via";"condicao_metereologica";"tipo_pista";"tracado_via";"uso_solo";"pessoas";"mortos";"feridos_leves";"feridos_graves";"ilesos";"ignorados";"feridos";"veiculos";"latitude";"longitude";"regional";"delegacia";"uop"
472155;2022-09-03;"sábado";"23:30:00";"GO";50;311;"CUMARI";"Reação tardia ou ineficiente do condutor";"Saída de leito carroçável";"Sem Vítimas";"Plena Noite";"Crescente";"Céu Claro";"Simples";"Rotatória";"Não";1;0;0;0;0;1;0;1;-18,40903087;-48,08517918;"SPRF-GO";"DEL06-GO";"UOP01-DEL06-GO"
472156;2022-09-04;"domingo";"00:45:00";"SP";116;223;"GUARULHOS";"Ingestão de álcool pelo condutor";"Tombamento";"Sem Vítimas";"Plena Noite";"Crescente";"Chuva";"Múltipla";"Reta";"Sim";1;0;0;0;0;1;0;1;-23,47559815;-46,5246609;"SPRF-SP";"DEL01-SP";"UOP01-DEL01-SP"
472158;2022-09-03;"sábado";"19:20:00";"MG";116;619,1;"ORIZANIA";"Condutor deixou de manter distância do veículo da frente";"Colisão traseira";"Com Vítimas Feridas";"Plena Noite";"Crescente";"Nublado";"Simples";"Reta";"Não";3;0;2;0;1;0;2;2;-20,48900612;-42,18485674;"SPRF-MG";"DEL07-MG";"UOP03-DEL07-MG"
472159;2022-09-03;"sábado";"22:45:00";"PR";116;142,5;"MANDIRITUBA";"Pedestre cruzava a pista fora da faixa";"Atropelamento de Pedestre";"Com Vítimas Fatais";"Plena Noite";"Decrescente";"Nublado";"Dupla";"Declive;Reta";"Sim";5;1;0;0;4;0;0;2;-25,782278;-49,325538;"SPRF-PR";"DEL01-PR";"UOP03-DEL01-PR"
472160;2022-09-03;"sábado";"23:30:00";"GO";70;8;"AGUAS LINDAS DE GOIAS";"Manobra de mudança de faixa";"Colisão lateral mesmo sentido";"Com Vítimas Feridas";"Plena Noite";"Decrescente";"Céu Claro";"Simples";"Desvio Temporário;Reta;Declive";"Sim";3;0;3;0;0;0;3;1;-15,73733681;-48,27407468;"SPRF-DF";"DEL03-DF";"UOP02-DEL03-DF"
472161;2022-09-03;"sábado";"23:00:00";"MG";50;79,9;"UBERLANDIA";"Ingestão de álcool pelo condutor";"Colisão traseira";"Com Vítimas Feridas";"Plena Noite";"Crescente";"Céu Claro";"Dupla";"Reta";"Sim";7;0;0;2;1;4;2;3;-18,9661748;-48,21530096;"SPRF-MG";"DEL15-MG";"UOP01-DEL15-MG"
472163;2022-09-03;"sábado";"23:30:00";"GO";153;389;"PIRENOPOLIS";"Ingestão de álcool pelo condutor";"Queda de ocupante de veículo";"Sem Vítimas";"Plena Noite";"Decrescente";"Céu Claro";"Simples";"Reta";"Não";2;0;0;0;2;0;0;2;-15,967994;-49,17308;"SPRF-GO";"DEL02-GO";"UOP02-DEL02-GO"
472164;2022-09-03;"sábado";"23:55:00";"SP";116;42,8;"CACHOEIRA PAULISTA";"Reação tardia ou ineficiente do condutor";"Colisão com objeto";"Com Vítimas Feridas";"Plena Noite";"Decrescente";"Garoa/Chuvisco";"Dupla";"Aclive";"Sim";1;0;1;0;0;0;1;1;-22,6973511;-45,03013594;"SPRF-SP";"DEL08-SP";"UOP02-DEL08-SP"
472165;2022-09-04;"domingo";"01:13:00";"MG";381;496,3;"BETIM";"Entrada inopinada do pedestre";"Atropelamento de Pedestre";"Com Vítimas Feridas";"Plena Noite";"Decrescente";"Céu Claro";"Dupla";"Reta";"Sim";2;0;1;0;0;1;1;2;-19,97526;-44,19496;"SPRF-MG";"DEL01-MG";"UOP03-DEL01-MG"
472166;2022-09-03;"sábado";"19:40:00";"PA";230;735;"MEDICILANDIA";"Transitar na contramão";"Colisão lateral sentido oposto";"Com Vítimas Fatais";"Plena Noite";"Decrescente";"Céu Claro";"Simples";"Aclive";"Não";2;1;1;0;0;0;1;2;-3,44127176;-52,84020407;"SPRF-PA";"DEL04-PA";"UOP01-DEL04-PA"
472167;2022-09-03;"sábado";"22:15:00";"PR";163;10,2;"BARRACAO";"Reação tardia ou ineficiente do condutor";"Colisão transversal";"Sem Vítimas";"Plena Noite";"Crescente";"Céu Claro";"Simples";"Curva";"Sim";5;0;0;0;5;0;0;2;-26,25066;-53,635523;"SPRF-PR";"DEL02-PR";"UOP02-DEL02-PR"
472168;2022-09-04;"domingo";"00:15:00";"AL";416;36;"IBATEGUARA";"Animais na Pista";"Atropelamento de Animal";"Com Vítimas Feridas";"Plena Noite";"Crescente";"Céu Claro";"Simples";"Reta";"Não";1;0;0;1;0;0;1;1;-8,95080262;-35,84245512;"SPRF-AL";"DEL01-AL";"UOP02-DEL01-AL"
472169;2022-09-04;"domingo";"02:15:00";"SC";101;328,6;"TUBARAO";"Reação tardia ou ineficiente do condutor";"Colisão com objeto";"Com Vítimas Feridas";"Plena Noite";"Crescente";"Sol";"Dupla";"Reta";"Não";5;0;2;0;3;0;2;1;-28,43648094;-48,95989307;"SPRF-SC";"DEL02-SC";"UOP01-DEL02-SC"
472171;2022-09-04;"domingo";"00:10:00";"MA";222;671;"ACAILANDIA";"Ingestão de álcool pelo condutor";"Queda de ocupante de veículo";"Com Vítimas Feridas";"Plena Noite";"Decrescente";"Céu Claro";"Simples";"Aclive";"Sim";1;0;1;0;0;0;1;1;-4,92058223;-47,43051387;"SPRF-MA";"DEL04-MA";"UOP03-DEL04-MA"
472172;2022-09-04;"domingo";"01:10:00";"MG";116;509,4;"UBAPORANGA";"Ausência de reação do condutor";"Colisão traseira";"Com Vítimas Feridas";"Plena Noite";"Crescente";"Nublado";"Simples";"Reta";"Não";2;0;1;0;1;0;1;2;-19,63654904;-42,10593182;"SPRF-MG";"DEL06-MG";"UOP02-DEL06-MG"
472173;2022-09-04;"domingo";"01:30:00";"PR";116;42,9;"CAMPINA GRANDE DO SUL";"Velocidade Incompatível";"Tombamento";"Sem Vítimas";"Plena Noite";"Crescente";"Garoa/Chuvisco";"Dupla";"Curva";"Não";1;0;0;0;0;1;0;1;-25,18459285;-48,88615608;"SPRF-PR";"DEL01-PR";"UOP02-DEL01-PR"
472174;2022-09-04;"domingo";"03:20:00";"DF";20;13,3;"BRASILIA";"Ingestão de álcool pelo condutor";"Capotamento";"Sem Vítimas";"Plena Noite";"Crescente";"Céu Claro";"Dupla";"Reta";"Não";1;0;0;0;0;1;0;1;-15,637517;-47,746132;"SPRF-DF";"DEL02-DF";"UOP01-DEL02-DF"
472175;2022-09-04;"domingo";"02:45:00";"PR";476;138;"CURITIBA";"Condutor desrespeitou a iluminação vermelha do semáforo";"Colisão transversal";"Com Vítimas Feridas";"Plena Noite";"Crescente";"Nublado";"Múltipla";"Interseção de Vias;Reta";"Sim";3;0;1;0;1;1;1;2;-25,505564;-49,283417;"SPRF-PR";"DEL01-PR";"UOP03-DEL01-PR"
472176;2022-09-04;"domingo";"03:00:00";"SC";101;149;"ITAPEMA";"Reação tardia ou ineficiente do condutor";"Tombamento";"Com Vítimas Feridas";"Plena Noite";"Decrescente";"Céu Claro";"Dupla";"Reta";"Sim";1;0;1;0;0;0;1;1;-27,1089649;-48,61277586;"SPRF-SC";"DEL04-SC";"UOP03-DEL04-SC"
472177;2022-09-04;"domingo";"02:15:00";"SC";101;2;"GARUVA";"Velocidade Incompatível";"Saída de leito carroçável";"Sem Vítimas";"Plena Noite";"Crescente";"Nublado";"Dupla";"Reta";"Não";1;0;0;0;0;1;0;1;-26,00380807;-48,87233005;"SPRF-SC";"DEL03-SC";"UOP01-DEL03-SC"
472178;2022-09-04;"domingo";"00:50:00";"MT";163;1029;"PEIXOTO DE AZEVEDO";"Acessar a via sem observar a presença dos outros veículos";"Colisão transversal";"Sem Vítimas";"Plena Noite";"Crescente";"Céu Claro";"Simples";"Reta";"Sim";2;0;0;0;2;0;0;2;-10,251;-54,994;"SPRF-MT";"DEL06-MT";"NPF/DEL06-MT"
472179;2022-09-04;"domingo";"03:00:00";"PR";369;193;"ARAPONGAS";"Ausência de reação do condutor";"Saída de leito carroçável";"Com Vítimas Feridas";"Plena Noite";"Decrescente";"Céu Claro";"Dupla";"Reta";"Não";1;0;1;0;0;0;1;1;-23,48312221;-51,42371356;"SPRF-PR";"DEL07-PR";"UOP03-DEL07-PR"
472181;2022-09-04;"domingo";"03:00:00";"PR";376;103;"SAO JOSE DOS PINHAIS";"Ausência de reação do condutor";"Saída de leito carroçável";"Sem Vítimas";"Amanhecer";"Decrescente";"Nublado";"Dupla";"Viaduto";"Sim";1;0;0;0;0;1;0;1;-25,56946572;-49,18424606;"SPRF-PR";"DEL09-PR";"UOP02-DEL09-PR"
472182;2022-09-03;"sábado";"21:10:00";"SC";101;298,8;"LAGUNA";"Reação tardia ou ineficiente do condutor";"Colisão com objeto";"Sem Vítimas";"Plena Noite";"Decrescente";"Céu Claro";"Múltipla";"Reta";"Não";4;0;0;0;4;0;0;1;-28,32102597;-48,72829906;"SPRF-SC";"DEL02-SC";"UOP03-DEL02-SC"
472183;2022-09-04;"domingo";"03:30:00";"PB";230;158;"CAMPINA GRANDE";"Reação tardia ou ineficiente do condutor";"Saída de leito carroçável";"Com Vítimas Feridas";"Plena Noite";"Crescente";"Céu Claro";"Simples";"Reta";"Sim";2;0;1;0;0;1;1;1;-7,251754;-35,933732;"SPRF-PB";"DEL02-PB";"UOP01-DEL02-PB"
472185;2022-09-04;"domingo";"04:25:00";"CE";116;23;"AQUIRAZ";"Reação tardia ou ineficiente do condutor";"Colisão com objeto";"Com Vítimas Feridas";"Plena Noite";"Decrescente";"Céu Claro";"Dupla";"Reta";"Sim";2;0;2;0;0;0;2;1;-3,94905489;-38,51212845;"SPRF-CE";"DEL01-CE";"UOP02-DEL01-CE"
472186;2022-09-04;"domingo";"04:40:00";"SP";116;145,1;"SAO JOSE DOS CAMPOS";"Ingestão de álcool pelo condutor";"Colisão traseira";"Sem Vítimas";"Plena Noite";"Decrescente";"Chuva";"Múltipla";"Reta";"Sim";2;0;0;0;1;1;0;2;-23,1869844;-45,8548078;"SPRF-SP";"DEL02-SP";"UOP01-DEL02-SP"
472189;2022-09-04;"domingo";"04:00:00";"PR";376;617;"SAO JOSE DOS PINHAIS";"Velocidade Incompatível";"Saída de leito carroçável";"Com Vítimas Feridas";"Plena Noite";"Crescente";"Chuva";"Dupla";"Curva";"Não";3;0;3;0;0;0;3;1;-25,58426494;-49,17618795;"SPRF-PR";"DEL01-PR";"UOP04-DEL01-PR"
472191;2022-09-04;"domingo";"05:30:00";"MA";230;403;"BALSAS";"Condutor Dormindo";"Colisão com objeto";"Sem Vítimas";"Amanhecer";"Decrescente";"Céu Claro";"Simples";"Reta";"Sim";4;0;0;0;4;0;0;4;-7,51917178;-46,03639483;"SPRF-MA";"DEL05-MA";"UOP01-DEL05-MA"
472192;2022-09-04;"domingo";"04:50:00";"RS";153;49,5;"ERECHIM";"Ingestão de álcool pelo condutor";"Saída de leito carroçável";"Sem Vítimas";"Plena Noite";"Decrescente";"Céu Claro";"Simples";"Reta";"Sim";1;0;0;0;1;0;0;1;-27,65513812;-52,26579899;"SPRF-RS";"DEL08-RS";"UOP04-DEL08-RS"
472193;2022-09-04;"domingo";"05:00:00";"SC";101;108,7;"PENHA";"Ausência de reação do condutor";"Saída de leito carroçável";"Sem Vítimas";"Amanhecer";"Crescente";"Nublado";"Dupla";"Curva";"Não";1;0;0;0;1;0;0;1;-26,82606902;-48,69052298;"SPRF-SC";"DEL03-SC";"UOP02-DEL03-SC"
472195;2022-09-04;"domingo";"04:10:00";"SC";480;125,9;"CHAPECO";"Ingestão de álcool e/ou substâncias psicoativas pelo pedestre";"Colisão com objeto";"Com Vítimas Feridas";"Plena Noite";"Decrescente";"Céu Claro";"Dupla";"Reta";"Não";1;0;1;0;0;0;1;1;-27,0195;-52,636173;"SPRF-SC";"DEL07-SC";"UOP01-DEL07-SC"
472197;2022-09-04;"domingo";"06:30:00";"RS";386;176;"CARAZINHO";"Ausência de reação do condutor";"Saída de leito carroçável";"Com Vítimas Feridas";"Amanhecer";"Decrescente";"Céu Claro";"Simples";"Reta";"Não";1;0;1;0;0;0;1;1;-28,274448;-52,770943;"SPRF-RS";"DEL08-RS";"UOP01-DEL08-RS"
472198;2022-09-04;"domingo";"06:00:00";"RS";470;222,1;"BENTO GONCALVES";"Ingestão de álcool ou de substâncias psicoativas pelo pedestre";"Saída de leito carroçável";"Com Vítimas Feridas";"Amanhecer";"Decrescente";"Céu Claro";"Simples";"Interseção de Vias";"Não";1;0;1;0;0;0;1;1;-29,21557234;-51,51733752;"SPRF-RS";"DEL06-RS";"UOP01-DEL06-RS"
472199;2022-09-04;"domingo";"05:48:00";"MS";163;14;"MUNDO NOVO";"Transitar na contramão";"Colisão frontal";"Com Vítimas Fatais";"Amanhecer";"Crescente";"Céu Claro";"Simples";"Reta";"Sim";2;1;1;0;0;0;1;2;-23,95007428;-54,30870967;"SPRF-MS";"DEL09-MS";"UOP02-DEL09-MS"
472200;2022-09-04;"domingo";"05:30:00";"RJ";116;127;"MAGE";"Acumulo de água sobre o pavimento";"Colisão com objeto";"Com Vítimas Feridas";"Pleno dia";"Decrescente";"Chuva";"Dupla";"Reta";"Não";1;0;1;0;0;0;1;1;-22,66137035;-43,09295957;"SPRF-RJ";"DEL04-RJ";"UOP02-DEL04-RJ"
472203;2022-09-04;"domingo";"06:09:00";"PE";104;87,6;"AGRESTINA";"Ingestão de álcool pelo condutor";"Colisão traseira";"Com Vítimas Feridas";"Pleno dia";"Crescente";"Céu Claro";"Simples";"Reta";"Sim";2;0;1;0;1;0;1;2;-8,454104;-35,945515;"SPRF-PE";"DEL02-PE";"UOP01-DEL02-PE"
472204;2022-09-03;"sábado";"15:30:00";"RJ";40;97,6;"DUQUE DE CAXIAS";"Reação tardia ou ineficiente do condutor";"Colisão lateral mesmo sentido";"Com Vítimas Feridas";"Pleno dia";"Crescente";"Céu Claro";"Dupla";"Curva";"Não";3;0;2;0;0;1;2;2;-22,57356181;-43,27802893;"SPRF-RJ";"DEL01-RJ";"UOP01-DEL01-RJ"
472205;2022-09-04;"domingo";"07:10:00";"MG";381;876,5;"ESTIVA";"Ingestão de álcool pelo condutor";"Saída de leito carroçável";"Sem Vítimas";"Pleno dia";"Decrescente";"Chuva";"Dupla";"Curva";"Não";1;0;0;0;1;0;0;1;-22,472813;-46,01072791;"SPRF-MG";"DEL16-MG";"UOP01-DEL16-MG"
472206;2022-09-04;"domingo";"06:30:00";"SC";282;3,5;"FLORIANOPOLIS";"Problema na suspensão";"Tombamento";"Com Vítimas Feridas";"Amanhecer";"Crescente";"Céu Claro";"Dupla";"Curva";"Sim";2;0;1;0;1;0;1;1;-27,600384;-48,599705;"SPRF-SC";"DEL01-SC";"UOP01-DEL01-SC"
472207;2022-09-04;"domingo";"05:40:00";"RO";364;342;"JI-PARANA";"Entrada inopinada do pedestre";"Atropelamento de Pedestre";"Com Vítimas Feridas";"Amanhecer";"Decrescente";"Nublado";"Dupla";"Reta";"Não";2;0;1;0;1;0;1;2;-10,88381227;-61,93741416;"SPRF-RO";"DEL02-RO";"UOP01-DEL02-RO"
472208;2022-09-04;"domingo";"06:20:00";"MG";365;680;"MONTE ALEGRE DE MINAS";"Avarias e/ou desgaste excessivo no pneu";"Saída de leito carroçável";"Sem Vítimas";"Pleno dia";"Crescente";"Céu Claro";"Dupla";"Reta";"Não";1;0;0;0;1;0;0;1;-18,84915171;-48,81914097;"SPRF-MG";"DEL15-MG";"UOP01-DEL15-MG"
472211;2022-09-04;"domingo";"04:15:00";"RO";435;75,5;"COLORADO DO OESTE";"Animais na Pista";"Atropelamento de Animal";"Com Vítimas Feridas";"Plena Noite";"Decrescente";"Ignorado";"Simples";"Reta";"Não";2;0;0;2;0;0;2;1;-13,108896;-60,461134;"SPRF-RO";"DEL04-RO";"UOP02-DEL04-RO"
472212;2022-09-04;"domingo";"07:15:00";"PR";116;90;"SAO JOSE DOS PINHAIS";"Ausência de reação do condutor";"Colisão traseira";"Sem Vítimas";"Pleno dia";"Crescente";"Nublado";"Dupla";"Reta";"Sim";2;0;0;0;2;0;0;2;-25,4959672;-49,11686897;"SPRF-PR";"DEL01-PR";"UOP01-DEL01-PR"
472213;2022-09-04;"domingo";"07:05:00";"MG";40;156,6;"JOAO PINHEIRO";"Mal súbito do condutor";"Colisão frontal";"Com Vítimas Feridas";"Amanhecer";"Crescente";"Céu Claro";"Simples";"Reta";"Não";5;0;4;0;1;0;4;2;-17,84306397;-46,13042466;"SPRF-MG";"DEL14-MG";"UOP02-DEL14-MG"
472214;2022-09-04;"domingo";"03:45:00";"PR";153;456;"UNIAO DA VITORIA";"Ingestão de álcool pelo condutor";"Saída de leito carroçável";"Sem Vítimas";"Plena Noite";"Decrescente";"Nevoeiro/Neblina";"Simples";"Interseção de Vias";"Não";1;0;0;0;0;1;0;1;-26,22567888;-51,13586426;"SPRF-PR";"DEL02-PR";"UOP03-DEL02-PR"
472217;2022-09-04;"domingo";"07:44:00";"PR";369;382,4;"MAMBORE";"Condutor Dormindo";"Saída de leito carroçável";"Sem Vítimas";"Pleno dia";"Crescente";"Ignorado";"Simples";"Reta";"Não";1;0;0;0;0;1;0;1;-24,2253;-52,5175;"SPRF-PR";"DEL04-PR";"UOP03-DEL04-PR"
472219;2022-09-04;"domingo";"08:15:00";"RJ";40;96;"DUQUE DE CAXIAS";"Chuva";"Saída de leito carroçável";"Com Vítimas Feridas";"Pleno dia";"Crescente";"Chuva";"Dupla";"Curva";"Não";4;0;2;0;2;0;2;1;-22,56876595;-43,27693723;"SPRF-RJ";"DEL01-RJ";"UOP01-DEL01-RJ"
472220;2022-09-04;"domingo";"01:30:00";"SP";116;224;"GUARULHOS";"Ingestão de álcool e/ou substâncias psicoativas pelo pedestre";"Colisão traseira";"Sem Vítimas";"Plena Noite";"Decrescente";"Céu Claro";"Múltipla";"Reta";"Sim";2;0;0;0;1;1;0;2;-23,48071896;-46,53271603;"SPRF-SP";"DEL01-SP";"UOP01-DEL01-SP"
472221;2022-09-04;"domingo";"09:16:00";"PB";101;88;"JOAO PESSOA";"Acostamento em desnível";"Tombamento";"Com Vítimas Feridas";"Pleno dia";"Decrescente";"Garoa/Chuvisco";"Dupla";"Reta";"Sim";2;0;1;1;0;0;2;1;-7,16470016;-34,89993643;"SPRF-PB";"DEL01-PB";"UOP01-DEL01-PB"
472222;2022-09-04;"domingo";"07:28:00";"PE";232;100,1;"BEZERROS";"Condutor Dormindo";"Colisão lateral sentido oposto";"Com Vítimas Feridas";"Pleno dia";"Crescente";"Céu Claro";"Dupla";"Reta";"Sim";3;0;2;1;0;0;3;2;-8,23934256;-35,7474947;"SPRF-PE";"DEL02-PE";"UOP02-DEL02PE"
472226;2022-09-03;"sábado";"17:00:00";"PA";230;753;"MEDICILANDIA";"Condutor deixou de manter distância do veículo da frente";"Colisão lateral sentido oposto";"Sem Vítimas";"Anoitecer";"Crescente";"Céu Claro";"Simples";"Reta;Aclive";"Não";2;0;0;0;2;0;0;2;-3,38679021;-52,68895792;"SPRF-PA";"DEL04-PA";"UOP01-DEL04-PA"
472228;2022-09-04;"domingo";"07:50:00";"CE";20;406;"CAUCAIA";"Ausência de reação do condutor";"Saída de leito carroçável";"Sem Vítimas";"Pleno dia";"Crescente";"Céu Claro";"Simples";"Reta";"Sim";1;0;0;0;0;1;0;1;-3,76999035;-38,67006282;"SPRF-CE";"DEL01-CE";"UOP01-DEL01-CE"
472229;2022-09-04;"domingo";"08:30:00";"RJ";40;61;"PETROPOLIS";"Condutor Dormindo";"Colisão com objeto";"Com Vítimas Feridas";"Pleno dia";"Decrescente";"Céu Claro";"Dupla";"Reta";"Não";3;0;2;0;1;0;2;1;-22,40240833;-43,13786279;"SPRF-RJ";"DEL05-RJ";"UOP02-DEL05-RJ"
472230;2022-09-04;"domingo";"08:00:00";"PR";277;110;"CAMPO LARGO";"Reação tardia ou ineficiente do condutor";"Queda de ocupante de veículo";"Com Vítimas Feridas";"Pleno dia";"Decrescente";"Nublado";"Dupla";"Aclive";"Sim";1;0;0;1;0;0;1;1;-25,43265581;-49,40204144;"SPRF-PR";"DEL03-PR";"UOP03-DEL03-PR"
472231;2022-09-04;"domingo";"09:55:00";"RJ";116;286,6;"BARRA MANSA";"Pista Escorregadia";"Saída de leito carroçável";"Com Vítimas Feridas";"Pleno dia";"Crescente";"Garoa/Chuvisco";"Dupla";"Declive;Curva";"Não";2;0;1;1;0;0;2;1;-22,49846046;-44,23342487;"SPRF-RJ";"DEL07-RJ";"UOP02-DEL07-RJ"
472233;2022-09-04;"domingo";"09:59:00";"PA";163;981;"SANTAREM";"Manobra de mudança de faixa";"Colisão transversal";"Com Vítimas Feridas";"Pleno dia";"Decrescente";"Céu Claro";"Simples";"Reta";"Sim";2;0;1;0;1;0;1;2;-2,62917092;-54,74150509;"SPRF-PA";"DEL05-PA";"UOP01-DEL05-PA"
472236;2022-08-27;"sábado";"18:20:00";"SE";235;19;"LARANJEIRAS";"Ausência de reação do condutor";"Colisão com objeto";"Com Vítimas Feridas";"Plena Noite";"Decrescente";"Céu Claro";"Simples";"Curva";"Não";2;0;2;0;0;0;2;1;-10,84079;-37,215904;"SPRF-SE";"DEL01-SE";"UOP02-DEL01-SE"
472237;2022-09-04;"domingo";"07:30:00";"PB";230;444;"APARECIDA";"Ausência de reação do condutor";"Tombamento";"Com Vítimas Feridas";"Pleno dia";"Decrescente";"Céu Claro";"Simples";"Reta";"Não";1;0;0;1;0;0;1;1;-6,7856;-38,0652;"SPRF-PB";"DEL03-PB";"UOP02-DEL03-PB"
472248;2022-09-04;"domingo";"08:30:00";"MG";381;557;"ITAGUARA";"Velocidade Incompatível";"Capotamento";"Com Vítimas Feridas";"Pleno dia";"Crescente";"Céu Claro";"Dupla";"Reta";"Não";1;0;1;0;0;0;1;1;-20,36904195;-44,46938756;"SPRF-MG";"DEL04-MG";"UOP03-DEL04-MG"
472251;2022-09-04;"domingo";"11:20:00";"ES";101;147;"LINHARES";"Desrespeitar a preferência no cruzamento";"Colisão transversal";"Com Vítimas Feridas";"Pleno dia";"Crescente";"Nublado";"Simples";"Interseção de Vias";"Sim";3;0;1;0;2;0;1;2;-19,37887202;-40,06657892;"SPRF-ES";"DEL04-ES";"UOP01-DEL04-ES"
472252;2022-09-04;"domingo";"08:15:00";"PE";408;75;"PAUDALHO";"Condutor deixou de manter distância do veículo da frente";"Colisão traseira";"Sem Vítimas";"Pleno dia";"Crescente";"Nublado";"Dupla";"Curva";"Sim";1;0;0;0;0;1;0;1;-7,90594592;-35,1732636;"SPRF-PE";"DEL01-PE";"UOP01-DEL01-PE"
472253;2022-09-04;"domingo";"11:20:00";"MG";50;74;"UBERLANDIA";"Ausência de reação do condutor";"Colisão lateral mesmo sentido";"Com Vítimas Feridas";"Pleno dia";"Crescente";"Céu Claro";"Dupla";"Reta";"Sim";3;0;2;0;1;0;2;2;-18,85140204;-48,25345932;"SPRF-MG";"DEL15-MG";"UOP01-DEL15-MG"
472254;2022-09-04;"domingo";"09:50:00";"SC";280;80;"CORUPA";"Ausência de reação do condutor";"Saída de leito carroçável";"Com Vítimas Feridas";"Pleno dia";"Decrescente";"Céu Claro";"Simples";"Aclive";"Não";1;0;1;0;0;0;1;1;-26,44412189;-49,20975187;"SPRF-SC";"DEL06-SC";"UOP03-DEL06-SC"
472256;2022-09-04;"domingo";"09:50:00";"RJ";465;3;"SEROPEDICA";"Acessar a via sem observar a presença dos outros veículos";"Colisão transversal";"Com Vítimas Feridas";"Pleno dia";"Crescente";"Garoa/Chuvisco";"Simples";"Reta";"Não";3;0;2;0;1;0;2;2;-22,73427;-43,711994;"SPRF-RJ";"DEL01-RJ";"UOP03-DEL01-RJ"
472257;2022-09-04;"domingo";"12:10:00";"ES";101;177;"ARACRUZ";"Transitar na contramão";"Colisão frontal";"Com Vítimas Feridas";"Pleno dia";"Decrescente";"Céu Claro";"Simples";"Reta";"Sim";2;0;0;1;1;0;1;2;-19,602874;-40,203264;"SPRF-ES";"DEL04-ES";"UOP01-DEL04-ES"
472258;2022-09-04;"domingo";"12:10:00";"RJ";40;88;"PETROPOLIS";"Pista Escorregadia";"Tombamento";"Com Vítimas Feridas";"Pleno dia";"Crescente";"Chuva";"Simples";"Curva;Aclive;Retorno Regulamentado";"Não";1;0;1;0;0;0;1;1;-22,548575;-43,231738;"SPRF-RJ";"DEL06-RJ";"UOP01-DEL06-RJ"
472272;2022-09-04;"domingo";"12:00:00";"SP";116;278,5;"EMBU DAS ARTES";"Reação tardia ou ineficiente do condutor";"Capotamento";"Sem Vítimas";"Pleno dia";"Crescente";"Nublado";"Dupla";"Curva";"Não";1;0;0;0;0;1;0;1;-23,65508497;-46,84918605;"SPRF-SP";"DEL04-SP";"UOP01-DEL04-SP"
472273;2022-09-04;"domingo";"09:30:00";"RS";116;151;"CAXIAS DO SUL";"Ingestão de álcool pelo condutor";"Saída de leito carroçável";"Sem Vítimas";"Pleno dia";"Decrescente";"Céu Claro";"Dupla";"Reta";"Sim";1;0;0;0;1;0;0;1;-29,17694502;-51,16173896;"SPRF-RS";"DEL05-RS";"UOP01-DEL05-RS"
472274;2022-09-04;"domingo";"12:00:00";"GO";40;0,5;"VALPARAISO DE GOIAS";"Manobra de mudança de faixa";"Colisão traseira";"Com Vítimas Feridas";"Pleno dia";"Decrescente";"Céu Claro";"Dupla";"Reta;Aclive";"Sim";2;0;1;0;1;0;1;2;-16,058273;-47,982655;"SPRF-DF";"DEL01-DF";"UOP01-DEL01-DF"
472275;2022-09-04;"domingo";"09:50:00";"RJ";101;247;"RIO BONITO";"Chuva";"Colisão com objeto";"Com Vítimas Feridas";"Pleno dia";"Crescente";"Chuva";"Dupla";"Reta";"Não";2;0;2;0;0;0;2;1;-22,65885276;-42,49422728;"SPRF-RJ";"DEL02-RJ";"UOP03-DEL02-RJ"
472277;2022-09-04;"domingo";"12:50:00";"RS";470;256;"SALVADOR DO SUL";"Desrespeitar a preferência no cruzamento";"Colisão transversal";"Com Vítimas Feridas";"Pleno dia";"Crescente";"Céu Claro";"Simples";"Reta";"Sim";3;0;1;0;2;0;1;2;-29,42219027;-51,52057555;"SPRF-RS";"DEL06-RS";"UOP01-DEL06-RS"
472279;2022-09-04;"domingo";"14:15:00";"RJ";40;73;"PETROPOLIS";"Velocidade Incompatível";"Colisão com objeto";"Com Vítimas Feridas";"Pleno dia";"Decrescente";"Chuva";"Simples";"Curva;Declive";"Não";1;0;1;0;0;0;1;1;-22,4748395;-43,21824074;"SPRF-RJ";"DEL06-RJ";"UOP01-DEL06-RJ"
472281;2022-09-04;"domingo";"13:15:00";"CE";222;298,3;"TIANGUA";"Ultrapassagem Indevida";"Colisão transversal";"Com Vítimas Feridas";"Pleno dia";"Crescente";"Céu Claro";"Simples";"Aclive;Reta";"Não";2;0;1;0;1;0;1;2;-3,65334406;-40,9299664;"SPRF-CE";"DEL04-CE";"UOP02-DEL04-CE"
472282;2022-09-04;"domingo";"12:25:00";"GO";60;434;"RIO VERDE";"Mal súbito do condutor";"Saída de leito carroçável";"Com Vítimas Feridas";"Pleno dia";"Crescente";"Céu Claro";"Dupla";"Declive";"Não";2;0;2;0;0;0;2;1;-17,8305;-51,3667;"SPRF-GO";"DEL04-GO";"UOP01-DEL04-GO"
472283;2022-09-04;"domingo";"14:15:00";"PB";230;7,5;"CABEDELO";"Ingestão de álcool pelo condutor";"Colisão transversal";"Sem Vítimas";"Pleno dia";"Decrescente";"Céu Claro";"Simples";"Interseção de Vias";"Sim";3;0;0;0;3;0;0;2;-7,026;-34,8385;"SPRF-PB";"DEL01-PB";"UOP01-DEL01-PB"
472284;2022-09-04;"domingo";"14:40:00";"SP";116;221;"GUARULHOS";"Velocidade Incompatível";"Saída de leito carroçável";"Com Vítimas Feridas";"Pleno dia";"Crescente";"Céu Claro";"Múltipla";"Reta";"Sim";4;0;1;2;0;1;3;2;-23,46763567;-46,50721908;"SPRF-SP";"DEL01-SP";"UOP01-DEL01-SP"