"id";"data_inversa";"dia_semana";"horario";"uf";"br";"km";"municipio";"causa_acidente";"tipo_acidente";"classificacao_acidente";"fase_dia";"sentido_via";"condicao_metereologica";"tipo_pista";"tracado_via";"uso_solo";"pessoas";"mortos";"feridos_leves";"feridos_graves";"ilesos";"ignorados";"feridos";"veiculos";"latitude";"longitude";"regional";"delegacia";"uop"
472285;2022-09-04;"domingo";"14:08:00";"PR";277;224;"FERNANDES PINHEIRO";"Ultrapassagem Indevida";"Saída de leito carroçável";"Com Vítimas Feridas";"Pleno dia";"Decrescente";"Nublado";"Simples";"Reta";"Não";4;0;1;0;2;1;1;2;-25,46489359;-50,41538075;"SPRF-PR";"DEL08-PR";"UOP02-DEL08-PR"
472286;2022-09-04;"domingo";"07:00:00";"MG";262;10,3;"MARTINS SOARES";"Ingestão de álcool pelo condutor";"Colisão com objeto";"Sem Vítimas";"Pleno dia";"Crescente";"Céu Claro";"Dupla";"Reta";"Não";3;0;0;0;0;3;0;2;-20,243893;-41,838654;"SPRF-MG";"DEL06-MG";"UOP03-DEL06-MG"
472287;2022-08-13;"sábado";"16:00:00";"MA";402;27,9;"AXIXA";"Transitar na contramão";"Colisão transversal";"Com Vítimas Feridas";"Pleno dia";"Crescente";"Céu Claro";"Simples";"Declive";"Não";4;0;1;0;2;1;1;2;-2,895506;-44,11684;"SPRF-MA";"DEL01-MA";"UOP01-DEL01-MA"
472288;2022-09-04;"domingo";"14:00:00";"SC";101;216;"PALHOCA";"Ingestão de álcool pelo condutor";"Colisão traseira";"Sem Vítimas";"Pleno dia";"Decrescente";"Céu Claro";"Dupla";"Reta";"Sim";2;0;0;0;1;1;0;2;-27,65981409;-48,67747798;"SPRF-SC";"DEL01-SC";"UOP02-DEL01-SC"
472289;2022-09-04;"domingo";"11:30:00";"MG";116;574,1;"MANHUACU";"Avarias e/ou desgaste excessivo no pneu";"Tombamento";"Com Vítimas Feridas";"Pleno dia";"Decrescente";"Céu Claro";"Simples";"Reta";"Não";2;0;2;0;0;0;2;1;-20,13900489;-42,17990632;"SPRF-MG";"DEL06-MG";"UOP03-DEL06-MG"
472290;2022-09-04;"domingo";"14:24:00";"PE";423;93;"GARANHUNS";"Acumulo de areia ou detritos sobre o pavimento";"Tombamento";"Com Vítimas Feridas";"Pleno dia";"Decrescente";"Nublado";"Simples";"Reta";"Sim";1;0;1;0;0;0;1;1;-8,86972012;-36,46323792;"SPRF-PE";"DEL03-PE";"UOP01-DEL03-PE"
472291;2022-09-04;"domingo";"15:05:00";"PE";101;54;"PAULISTA";"Acumulo de água sobre o pavimento";"Colisão transversal";"Com Vítimas Feridas";"Pleno dia";"Crescente";"Céu Claro";"Dupla";"Reta";"Não";2;0;1;0;1;0;1;2;-7,93961103;-34,90356584;"SPRF-PE";"DEL01-PE";"UOP02-DEL01-PE"
472292;2022-09-04;"domingo";"14:40:00";"MG";40;641,4;"CONSELHEIRO LAFAIETE";"Velocidade Incompatível";"Colisão com objeto";"Com Vítimas Feridas";"Pleno dia";"Decrescente";"Sol";"Simples";"Reta;Declive";"Não";1;0;1;0;0;0;1;1;-20,756204;-43,805126;"SPRF-MG";"DEL05-MG";"UOP02-DEL05-MG"
472293;2022-07-18;"segunda-feira";"10:00:00";"PE";101;82;"JABOATAO DOS GUARARAPES";"Condutor deixou de manter distância do veículo da frente";"Colisão traseira";"Com Vítimas Feridas";"Pleno dia";"Decrescente";"Nublado";"Dupla";"Reta";"Não";2;0;1;0;1;0;1;2;-8,175082;-34,942522;"SPRF-PE";"DEL01-PE";"UOP01-DEL01-PE"
472294;2022-09-04;"domingo";"08:00:00";"RS";470;153;"NOVA PRATA";"Reação tardia ou ineficiente do condutor";"Capotamento";"Com Vítimas Feridas";"Pleno dia";"Crescente";"Céu Claro";"Simples";"Rotatória";"Não";2;0;2;0;0;0;2;1;-28,77133;-51,61788;"SPRF-RS";"DEL06-RS";"UOP02-DEL06-RS"
472296;2022-09-04;"domingo";"14:30:00";"SC";101;74;"ARAQUARI";"Condutor deixou de manter distância do veículo da frente";"Colisão lateral mesmo sentido";"Com Vítimas Feridas";"Pleno dia";"Crescente";"Céu Claro";"Dupla";"Reta";"Não";4;0;0;1;3;0;1;2;-26,54446209;-48,71214452;"SPRF-SC";"DEL03-SC";"UOP02-DEL03-SC"
472297;2022-09-04;"domingo";"09:00:00";"SC";101;64;"ARAQUARI";"Avarias e/ou desgaste excessivo no pneu";"Saída de leito carroçável";"Com Vítimas Feridas";"Plena Noite";"Crescente";"Céu Claro";"Dupla";"Reta";"Não";2;0;1;0;1;0;1;1;-26,46433196;-48,75063097;"SPRF-SC";"DEL03-SC";"UOP02-DEL03-SC"
472299;2022-09-04;"domingo";"16:00:00";"MG";365;625;"UBERLANDIA";"Acessar a via sem observar a presença dos outros veículos";"Atropelamento de Pedestre";"Sem Vítimas";"Pleno dia";"Decrescente";"Céu Claro";"Dupla";"Reta";"Sim";1;0;0;0;1;0;0;1;-18,90585472;-48,32526001;"SPRF-MG";"DEL15-MG";"UOP01-DEL15-MG"
472301;2022-09-04;"domingo";"15:55:00";"SC";470;122,9;"IBIRAMA";"Reação tardia ou ineficiente do condutor";"Colisão lateral sentido oposto";"Com Vítimas Feridas";"Pleno dia";"Decrescente";"Céu Claro";"Simples";"Curva";"Sim";2;0;1;0;1;0;1;2;-27,099888;-49,527679;"SPRF-SC";"DEL04-SC";"UOP02-DEL04-SC"
472302;2022-09-04;"domingo";"15:40:00";"SC";101;141;"BALNEARIO CAMBORIU";"Transitar no acostamento";"Queda de ocupante de veículo";"Com Vítimas Feridas";"Pleno dia";"Crescente";"Céu Claro";"Simples";"Declive;Curva";"Não";2;0;0;1;1;0;1;1;-27,04761729;-48,59995855;"SPRF-SC";"DEL04-SC";"UOP03-DEL04-SC"
472303;2022-09-04;"domingo";"15:30:00";"CE";230;95;"VARZEA ALEGRE";"Ausência de reação do condutor";"Tombamento";"Com Vítimas Fatais";"Pleno dia";"Decrescente";"Céu Claro";"Simples";"Reta";"Não";1;1;0;0;0;0;0;1;-6,83795195;-39,41368303;"SPRF-CE";"DEL05-CE";"UOP01-DEL05-CE"
472305;2022-09-04;"domingo";"14:30:00";"SC";101;440;"SANTA ROSA DO SUL";"Ausência de reação do condutor";"Capotamento";"Com Vítimas Feridas";"Pleno dia";"Decrescente";"Céu Claro";"Dupla";"Reta";"Não";1;0;1;0;0;0;1;1;-29,12573504;-49,67307329;"SPRF-SC";"DEL02-SC";"UOP02-DEL02-SC"
472307;2022-09-04;"domingo";"16:20:00";"MG";116;415;"GOVERNADOR VALADARES";"Ausência de reação do condutor";"Colisão lateral mesmo sentido";"Com Vítimas Feridas";"Pleno dia";"Crescente";"Sol";"Simples";"Reta";"Sim";2;0;1;0;0;1;1;2;-18,88401297;-41,94924399;"SPRF-MG";"DEL06-MG";"UOP01-DEL06-MG"
472309;2022-09-04;"domingo";"16:10:00";"DF";70;19,7;"BRASILIA";"Condutor deixou de manter distância do veículo da frente";"Colisão traseira";"Com Vítimas Feridas";"Pleno dia";"Decrescente";"Céu Claro";"Dupla";"Aclive";"Não";3;0;1;0;2;0;1;2;-15,788868;-48,220242;"SPRF-DF";"DEL03-DF";"UOP02-DEL03-DF"
472310;2022-09-04;"domingo";"15:45:00";"PR";476;167;"ARAUCARIA";"Mal súbito do condutor";"Tombamento";"Com Vítimas Feridas";"Pleno dia";"Crescente";"Sol";"Simples";"Reta";"Não";1;0;0;1;0;0;1;1;-25,656544;-49,482616;"SPRF-PR";"DEL01-PR";"UOP03-DEL01-PR"
472313;2022-09-04;"domingo";"16:12:00";"PE";232;13;"JABOATAO DOS GUARARAPES";"Condutor deixou de manter distância do veículo da frente";"Colisão lateral mesmo sentido";"Com Vítimas Feridas";"Pleno dia";"Decrescente";"Garoa/Chuvisco";"Dupla";"Reta";"Não";3;0;1;0;2;0;1;2;-8,08831567;-35,01203806;"SPRF-PE";"DEL01-PE";"UOP01-DEL01-PE"
472314;2022-09-04;"domingo";"15:55:00";"PE";424;66,8;"CAETES";"Ingestão de álcool pelo condutor";"Colisão traseira";"Com Vítimas Feridas";"Pleno dia";"Crescente";"Sol";"Simples";"Reta";"Sim";4;0;2;0;2;0;2;2;-8,75960275;-36,65067654;"SPRF-PE";"DEL03-PE";"UOP01-DEL03-PE"
472315;2022-09-04;"domingo";"17:00:00";"SP";381;71,8;"SAO PAULO";"Reação tardia ou ineficiente do condutor";"Queda de ocupante de veículo";"Com Vítimas Feridas";"Pleno dia";"Decrescente";"Nublado";"Múltipla";"Reta";"Não";2;0;2;0;0;0;2;1;-23,35047979;-46,55267274;"SPRF-SP";"DEL03-SP";"UOP01-DEL03-SP"
472317;2022-09-04;"domingo";"16:50:00";"DF";20;13;"BRASILIA";"Velocidade Incompatível";"Saída de leito carroçável";"Com Vítimas Feridas";"Pleno dia";"Crescente";"Céu Claro";"Dupla";"Reta";"Sim";3;0;2;0;1;0;2;1;-15,638752;-47,749599;"SPRF-DF";"DEL02-DF";"UOP01-DEL02-DF"
472318;2022-09-04;"domingo";"17:00:00";"PR";116;2;"CAMPINA GRANDE DO SUL";"Reação tardia ou ineficiente do condutor";"Saída de leito carroçável";"Com Vítimas Feridas";"Anoitecer";"Decrescente";"Garoa/Chuvisco";"Dupla";"Curva";"Não";1;0;0;1;0;0;1;1;-25,06602975;-48,57857703;"SPRF-PR";"DEL01-PR";"UOP02-DEL01-PR"
472319;2022-09-04;"domingo";"16:00:00";"RS";153;411;"CACHOEIRA DO SUL";"Ausência de reação do condutor";"Colisão traseira";"Com Vítimas Feridas";"Pleno dia";"Crescente";"Céu Claro";"Simples";"Reta";"Não";2;0;1;0;1;0;1;2;-30,06260936;-52,8982687;"SPRF-RS";"DEL02-RS";"UOP03-DEL02-RS"
472320;2022-09-04;"domingo";"18:00:00";"RS";116;531,1;"CAPAO DO LEAO";"Desrespeitar a preferência no cruzamento";"Colisão transversal";"Com Vítimas Feridas";"Pleno dia";"Crescente";"Céu Claro";"Simples";"Interseção de Vias";"Sim";2;0;1;0;1;0;1;2;-31,76484347;-52,44483238;"SPRF-RS";"DEL07-RS";"UOP01-DEL07-RS"
472321;2022-09-04;"domingo";"16:50:00";"PR";467;106,8;"CASCAVEL";"Ingestão de álcool pelo condutor";"Saída de leito carroçável";"Com Vítimas Feridas";"Pleno dia";"Crescente";"Nublado";"Dupla";"Reta;Aclive";"Sim";6;0;3;2;0;1;5;1;-24,9177;-53,4836;"SPRF-PR";"DEL04-PR";"UOP01-DEL04-PR"
472325;2022-09-04;"domingo";"15:20:00";"SC";282;435,2;"VARGEM BONITA";"Ingestão de álcool pelo condutor";"Saída de leito carroçável";"Sem Vítimas";"Pleno dia";"Crescente";"Céu Claro";"Simples";"Reta";"Não";1;0;0;0;1;0;0;1;-26,973248;-51,841671;"SPRF-SC";"DEL07-SC";"UOP04-DEL07-SC"
472327;2022-09-04;"domingo";"17:51:00";"PE";232;134;"CARUARU";"Ingestão de álcool pelo condutor";"Colisão com objeto";"Com Vítimas Fatais";"Plena Noite";"Decrescente";"Céu Claro";"Dupla";"Declive";"Sim";2;1;0;1;0;0;1;1;-8,30853497;-36,02442101;"SPRF-PE";"DEL02-PE";"UOP01-DEL02-PE"
472329;2022-07-22;"sexta-feira";"17:05:00";"PI";316;18,9;"TERESINA";"Ausência de reação do condutor";"Saída de leito carroçável";"Com Vítimas Feridas";"Pleno dia";"Crescente";"Céu Claro";"Dupla";"Reta";"Não";2;0;0;2;0;0;2;1;-5,24477179;-42,73465177;"SPRF-PI";"DEL01-PI";"UOP02-DEL01-PI"
472331;2022-09-04;"domingo";"18:10:00";"BA";324;548;"AMELIA RODRIGUES";"Demais falhas mecânicas ou elétricas";"Incêndio";"Sem Vítimas";"Plena Noite";"Decrescente";"Céu Claro";"Dupla";"Declive";"Não";1;0;0;0;1;0;0;1;-12,42569708;-38,73745605;"SPRF-BA";"DEL01-BA";"UOP03-DEL01-BA"
472332;2022-09-04;"domingo";"18:00:00";"RN";226;87,3;"TANGARA";"Transitar na contramão";"Colisão frontal";"Com Vítimas Fatais";"Plena Noite";"Decrescente";"Céu Claro";"Simples";"Curva";"Não";3;1;2;0;0;0;2;2;-6,21698048;-35,82693707;"SPRF-RN";"DEL03-RN";"UOP02-DEL03-RN"
472333;2022-09-04;"domingo";"16:40:00";"GO";414;402;"CORUMBA DE GOIAS";"Velocidade Incompatível";"Capotamento";"Sem Vítimas";"Pleno dia";"Crescente";"Céu Claro";"Simples";"Reta";"Não";1;0;0;0;0;1;0;1;-15,99146056;-48,83559539;"SPRF-GO";"DEL02-GO";"UOP01-DEL02-GO"
472334;2022-09-04;"domingo";"07:30:00";"MG";365;757;"ITUIUTABA";"Reação tardia ou ineficiente do condutor";"Saída de leito carroçável";"Com Vítimas Feridas";"Pleno dia";"Decrescente";"Céu Claro";"Simples";"Reta";"Não";1;0;1;0;0;0;1;1;-18,96358968;-49,4773831;"SPRF-MG";"DEL15-MG";"UOP03-DEL15-MG"
472335;2022-09-04;"domingo";"11:00:00";"PI";343;491;"AMARANTE";"Demais falhas mecânicas ou elétricas";"Incêndio";"Sem Vítimas";"Pleno dia";"Decrescente";"Sol";"Simples";"Declive";"Não";1;0;0;0;0;1;0;1;-6,24249161;-42,72065262;"SPRF-PI";"DEL01-PI";"UOP02-DEL01-PI"
472336;2022-09-04;"domingo";"18:40:00";"RS";116;265;"CANOAS";"Acessar a via sem observar a presença dos outros veículos";"Colisão traseira";"Sem Vítimas";"Plena Noite";"Crescente";"Céu Claro";"Simples";"Reta";"Sim";2;0;0;0;2;0;0;2;-29,9246171;-51,1775555;"SPRF-RS";"DEL01-RS";"UOP01-DEL01-RS"
472337;2022-09-04;"domingo";"18:30:00";"GO";153;501,1;"GOIANIA";"Acumulo de óleo sobre o pavimento";"Tombamento";"Com Vítimas Feridas";"Anoitecer";"Crescente";"Céu Claro";"Múltipla";"Reta";"Sim";2;0;2;0;0;0;2;1;-16,7118;-49,2324;"SPRF-GO";"DEL01-GO";"UOP01-DEL01-GO"
472338;2022-09-04;"domingo";"18:30:00";"SE";101;9;"CEDRO DE SAO JOAO";"Retorno proibido";"Colisão traseira";"Com Vítimas Fatais";"Plena Noite";"Crescente";"Céu Claro";"Dupla";"Reta";"Não";2;1;0;0;1;0;0;2;-10,2796791;-36,87425483;"SPRF-SE";"DEL02-SE";"UOP02-DEL02-SE"
472339;2022-09-04;"domingo";"19:00:00";"CE";116;13,9;"FORTALEZA";"Condutor deixou de manter distância do veículo da frente";"Colisão traseira";"Com Vítimas Feridas";"Plena Noite";"Decrescente";"Céu Claro";"Dupla";"Reta";"Não";3;0;2;0;1;0;2;2;-3,86088501;-38,49715296;"SPRF-CE";"DEL01-CE";"UOP02-DEL01-CE"
472340;2022-09-04;"domingo";"18:25:00";"GO";40;4,5;"VALPARAISO DE GOIAS";"Trafegar com motocicleta (ou similar) entre as faixas";"Colisão lateral mesmo sentido";"Com Vítimas Feridas";"Plena Noite";"Decrescente";"Céu Claro";"Dupla";"Reta";"Não";2;0;1;0;1;0;1;2;-16,085241;-47,986752;"SPRF-DF";"DEL01-DF";"UOP01-DEL01-DF"
472341;2022-09-04;"domingo";"19:00:00";"SP";116;282,1;"EMBU DAS ARTES";"Transitar na contramão";"Colisão frontal";"Com Vítimas Feridas";"Plena Noite";"Crescente";"Garoa/Chuvisco";"Simples";"Retorno Regulamentado";"Sim";2;0;1;0;1;0;1;2;-23,66127032;-46,85295582;"SPRF-SP";"DEL04-SP";"UOP01-DEL04-SP"
472342;2022-09-04;"domingo";"18:30:00";"SC";101;210,9;"SAO JOSE";"Reação tardia ou ineficiente do condutor";"Tombamento";"Com Vítimas Feridas";"Plena Noite";"Decrescente";"Céu Claro";"Múltipla";"Reta";"Sim";1;0;1;0;0;0;1;1;-27,6167305;-48,6457265;"SPRF-SC";"DEL01-SC";"UOP01-DEL01-SC"
472345;2022-09-04;"domingo";"14:00:00";"MT";70;698;"CACERES";"Ausência de reação do condutor";"Saída de leito carroçável";"Com Vítimas Fatais";"Pleno dia";"Crescente";"Céu Claro";"Simples";"Reta";"Não";1;1;0;0;0;0;0;1;-16,22259086;-57,42379318;"SPRF-MT";"DEL03-MT";"UOP01-DEL03-MT"
472346;2022-09-04;"domingo";"18:15:00";"SC";470;134,9;"RIO DO SUL";"Ingestão de álcool pelo condutor";"Colisão transversal";"Com Vítimas Feridas";"Anoitecer";"Crescente";"Céu Claro";"Simples";"Reta";"Não";3;0;1;0;2;0;1;2;-27,188492;-49,61232;"SPRF-SC";"DEL04-SC";"UOP02-DEL04-SC"
472349;2022-09-04;"domingo";"19:20:00";"SC";101;206,2;"SAO JOSE";"Reação tardia ou ineficiente do condutor";"Colisão traseira";"Com Vítimas Feridas";"Plena Noite";"Decrescente";"Céu Claro";"Múltipla";"Reta";"Sim";5;0;1;0;4;0;1;4;-27,59193546;-48,61824557;"SPRF-SC";"DEL01-SC";"UOP01-DEL01-SC"
472350;2022-09-04;"domingo";"19:30:00";"PA";230;113;"MARABA";"Condutor deixou de manter distância do veículo da frente";"Colisão traseira";"Com Vítimas Feridas";"Plena Noite";"Crescente";"Céu Claro";"Simples";"Reta";"Sim";3;0;1;0;2;0;1;2;-5,36689576;-49,05750094;"SPRF-PA";"DEL03-PA";"UOP01-DEL03-PA"
472352;2022-09-04;"domingo";"19:15:00";"MG";381;2;"BETIM";"Animais na Pista";"Atropelamento de Animal";"Com Vítimas Feridas";"Plena Noite";"Decrescente";"Céu Claro";"Simples";"Reta";"Não";2;0;1;0;1;0;1;2;-19,9778258;-44,16036129;"SPRF-MG";"DEL01-MG";"UOP03-DEL01-MG"
472353;2022-09-04;"domingo";"15:50:00";"PE";428;191;"PETROLINA";"Reação tardia ou ineficiente do condutor";"Queda de ocupante de veículo";"Com Vítimas Feridas";"Pleno dia";"Crescente";"Céu Claro";"Dupla";"Reta";"Sim";1;0;1;0;0;0;1;1;-9,37766429;-40,50269795;"SPRF-PE";"DEL06-PE";"UOP01-DEL06-PE"
472354;2022-09-04;"domingo";"19:00:00";"RJ";101;282;"ITABORAI";"Pedestre andava na pista";"Atropelamento de Pedestre";"Com Vítimas Feridas";"Plena Noite";"Decrescente";"Chuva";"Dupla";"Reta";"Sim";3;0;1;1;0;1;2;2;-22,7371391;-42,79664601;"SPRF-RJ";"DEL02-RJ";"UOP03-DEL02-RJ"
472356;2022-09-04;"domingo";"19:40:00";"MG";381;507,1;"SAO JOAQUIM DE BICAS";"Ingestão de álcool pelo condutor";"Colisão traseira";"Com Vítimas Feridas";"Plena Noite";"Crescente";"Céu Claro";"Múltipla";"Reta";"Sim";2;0;1;0;1;0;1;2;-20,05643192;-44,28663308;"SPRF-MG";"DEL01-MG";"UOP03-DEL01-MG"
472357;2022-09-04;"domingo";"19:00:00";"MT";163;829;"SINOP";"Reação tardia ou ineficiente do condutor";"Colisão lateral sentido oposto";"Com Vítimas Feridas";"Plena Noite";"Crescente";"Céu Claro";"Simples";"Interseção de Vias";"Sim";3;0;0;1;2;0;1;2;-12,040704;-55,51732275;"SPRF-MT";"DEL06-MT";"UOP01-DEL06-MT"
472358;2022-09-04;"domingo";"20:20:00";"SC";280;115,7;"SAO BENTO DO SUL";"Transitar na contramão";"Colisão frontal";"Com Vítimas Feridas";"Plena Noite";"Crescente";"Céu Claro";"Simples";"Reta";"Não";2;0;0;2;0;0;2;2;-26,284761;-49,408313;"SPRF-SC";"DEL06-SC";"UOP03-DEL06-SC"
472359;2022-09-04;"domingo";"17:45:00";"RS";158;113,9;"PALMEIRA DAS MISSOES";"Reação tardia ou ineficiente do condutor";"Saída de leito carroçável";"Com Vítimas Feridas";"Anoitecer";"Crescente";"Céu Claro";"Simples";"Curva";"Não";1;0;1;0;0;0;1;1;-28,01580938;-53,35107629;"SPRF-RS";"DEL08-RS";"UOP01-DEL08-RS"
472360;2022-09-04;"domingo";"18:30:00";"PR";373;234;"IMBITUVA";"Desrespeitar a preferência no cruzamento";"Colisão transversal";"Com Vítimas Feridas";"Amanhecer";"Crescente";"Nublado";"Simples";"Rotatória";"Sim";6;0;1;0;5;0;1;2;-25,17843721;-50,65248728;"SPRF-PR";"DEL03-PR";"UOP04-DEL03-PR"
472361;2022-09-04;"domingo";"19:00:00";"MS";163;477;"CAMPO GRANDE";"Ausência de reação do condutor";"Colisão com objeto";"Com Vítimas Feridas";"Plena Noite";"Decrescente";"Céu Claro";"Simples";"Curva";"Sim";1;0;1;0;0;0;1;1;-20,50427591;-54,55557367;"SPRF-MS";"DEL01-MS";"UOP01-DEL01-MS"
472363;2022-09-04;"domingo";"19:20:00";"RO";364;435,3;"JARU";"Reação tardia ou ineficiente do condutor";"Tombamento";"Com Vítimas Feridas";"Plena Noite";"Decrescente";"Céu Claro";"Simples";"Reta";"Não";2;0;1;0;1;0;1;2;-10,38423694;-62,54709493;"SPRF-RO";"DEL03-RO";"UOP02-DEL03-RO"
472364;2022-09-04;"domingo";"18:00:00";"PE";424;130;"CORRENTES";"Manobra de mudança de faixa";"Colisão frontal";"Com Vítimas Feridas";"Plena Noite";"Crescente";"Céu Claro";"Simples";"Reta";"Não";4;0;1;2;1;0;3;2;-9,11254307;-36,36884013;"SPRF-PE";"DEL03-PE";"UOP01-DEL03-PE"
472365;2022-09-04;"domingo";"20:30:00";"PR";376;176;"MARINGA";"Condutor deixou de manter distância do veículo da frente";"Colisão traseira";"Sem Vítimas";"Plena Noite";"Crescente";"Garoa/Chuvisco";"Dupla";"Interseção de Vias";"Sim";2;0;0;0;2;0;0;2;-23,41269173;-51,93158327;"SPRF-PR";"DEL09-PR";"UOP01-DEL09-PR"
472366;2022-09-04;"domingo";"20:00:00";"RJ";101;397,2;"ITAGUAI";"Animais na Pista";"Atropelamento de Animal";"Com Vítimas Feridas";"Plena Noite";"Crescente";"Chuva";"Dupla";"Reta";"Não";3;0;1;0;2;0;1;1;-22,87460977;-43,7406698;"SPRF-RJ";"DEL03-RJ";"UOP01-DEL03-RJ"
472367;2022-09-04;"domingo";"20:50:00";"MT";158;531;"AGUA BOA";"Ultrapassagem Indevida";"Colisão lateral sentido oposto";"Com Vítimas Fatais";"Plena Noite";"Crescente";"Céu Claro";"Simples";"Aclive";"Não";4;1;0;0;2;1;0;3;-13,761712;-52,04165391;"SPRF-MT";"DEL07-MT";"UOP02-DEL07-MT"
472368;2022-09-04;"domingo";"21:00:00";"RN";110;46;"MOSSORO";"Mal súbito do condutor";"Colisão frontal";"Com Vítimas Feridas";"Plena Noite";"Crescente";"Céu Claro";"Simples";"Reta";"Sim";5;0;3;0;2;0;3;2;-5,19797675;-37,31839819;"SPRF-RN";"DEL04-RN";"UOP01-DEL04-RN"
472369;2022-09-04;"domingo";"21:40:00";"SP";116;200;"ARUJA";"Acesso irregular";"Queda de ocupante de veículo";"Com Vítimas Feridas";"Plena Noite";"Crescente";"Nevoeiro/Neblina";"Simples";"Reta";"Não";1;0;1;0;0;0;1;1;-23,40281294;-46,3211;"SPRF-SP";"DEL01-SP";"UOP01-DEL01-SP"
472371;2022-09-04;"domingo";"21:20:00";"MA";135;13;"SAO LUIS";"Reação tardia ou ineficiente do condutor";"Saída de leito carroçável";"Sem Vítimas";"Plena Noite";"Decrescente";"Céu Claro";"Dupla";"Reta";"Sim";1;0;0;0;0;1;0;1;-2,68053538;-44,29512283;"SPRF-MA";"DEL01-MA";"UOP01-DEL01-MA"
472372;2022-09-04;"domingo";"19:10:00";"MA";316;404;"ALTO ALEGRE DO MARANHAO";"Afundamento ou ondulação no pavimento";"Tombamento";"Com Vítimas Feridas";"Plena Noite";"Decrescente";"Céu Claro";"Simples";"Reta";"Não";2;0;1;0;1;0;1;1;-4,231411;-44,442635;"SPRF-MA";"DEL03-MA";"UOP01-DEL03-MA"
472373;2022-09-04;"domingo";"19:20:00";"PI";407;423;"PICOS";"Entrada inopinada do pedestre";"Atropelamento de Pedestre";"Com Vítimas Feridas";"Plena Noite";"Crescente";"Céu Claro";"Simples";"Reta";"Sim";2;0;0;1;0;1;1;2;-7,079333;-41,433254;"SPRF-PI";"DEL04-PI";"UOP01-DEL04-PI"
472375;2022-09-04;"domingo";"21:27:00";"PI";316;6,4;"TERESINA";"Reação tardia ou ineficiente do condutor";"Colisão traseira";"Com Vítimas Feridas";"Plena Noite";"Crescente";"Céu Claro";"Múltipla";"Reta";"Sim";2;0;1;0;1;0;1;2;-5,14702095;-42,77438982;"SPRF-PI";"DEL01-PI";"UOP02-DEL01-PI"
472378;2022-09-04;"domingo";"18:00:00";"RS";287;449;"UNISTALDA";"Curva acentuada";"Saída de leito carroçável";"Sem Vítimas";"Plena Noite";"Crescente";"Céu Claro";"Simples";"Curva";"Não";1;0;0;0;0;1;0;1;-29,00247921;-55,26854412;"SPRF-RS";"DEL12-RS";"UOP02-DEL12-RS"
472379;2022-09-04;"domingo";"21:45:00";"SC";101;434;"SOMBRIO";"Desrespeitar a preferência no cruzamento";"Colisão frontal";"Com Vítimas Feridas";"Plena Noite";"Crescente";"Nublado";"Simples";"Interseção de Vias";"Sim";3;0;1;1;1;0;2;2;-29,09075196;-49,63226114;"SPRF-SC";"DEL02-SC";"UOP02-DEL02-SC"
472380;2022-09-04;"domingo";"22:05:00";"PR";376;176,2;"MARINGA";"Reação tardia ou ineficiente do condutor";"Colisão lateral mesmo sentido";"Com Vítimas Feridas";"Plena Noite";"Decrescente";"Nublado";"Dupla";"Declive;Reta";"Sim";6;0;0;2;4;0;2;6;-23,41269173;-51,93158327;"SPRF-PR";"DEL09-PR";"UOP01-DEL09-PR"
472381;2022-09-04;"domingo";"16:56:00";"RJ";101;413;"ITAGUAI";"Ingestão de álcool pelo condutor";"Saída de leito carroçável";"Com Vítimas Feridas";"Pleno dia";"Crescente";"Céu Claro";"Dupla";"Reta";"Sim";1;0;0;1;0;0;1;1;-22,89931896;-43,865293;"SPRF-RJ";"DEL03-RJ";"UOP01-DEL03-RJ"
472382;2022-09-04;"domingo";"19:00:00";"RJ";465;13;"SEROPEDICA";"Trafegar com motocicleta (ou similar) entre as faixas";"Colisão frontal";"Com Vítimas Fatais";"Plena Noite";"Crescente";"Garoa/Chuvisco";"Simples";"Reta";"Sim";3;1;2;0;0;0;2;2;-22,798468;-43,645508;"SPRF-RJ";"DEL01-RJ";"UOP03-DEL01-RJ"
472384;2022-09-04;"domingo";"19:15:00";"BA";242;890;"LUIS EDUARDO MAGALHAES";"Ausência de reação do condutor";"Capotamento";"Sem Vítimas";"Plena Noite";"Decrescente";"Céu Claro";"Simples";"Reta";"Sim";1;0;0;0;0;1;0;1;-12,09554586;-45,82644224;"SPRF-BA";"DEL10-BA";"UOP01-DEL10-BA"
472385;2022-09-04;"domingo";"21:15:00";"PR";116;204,8;"RIO NEGRO";"Ingestão de álcool pelo condutor";"Saída de leito carroçável";"Sem Vítimas";"Plena Noite";"Crescente";"Céu Claro";"Simples";"Curva";"Não";3;0;0;0;1;2;0;2;-26,05507811;-49,71685798;"SPRF-SC";"DEL06-SC";"UOP01-DEL06-SC"
472386;2022-09-04;"domingo";"18:30:00";"PA";10;73,5;"ULIANOPOLIS";"Reação tardia ou ineficiente do condutor";"Saída de leito carroçável";"Com Vítimas Fatais";"Anoitecer";"Crescente";"Céu Claro";"Simples";"Aclive;Reta";"Não";2;1;1;0;0;0;1;1;-3,80882904;-47,51032776;"SPRF-PA";"DEL02-PA";"UOP02-DEL02-PA"
472388;2022-09-04;"domingo";"20:00:00";"MT";163;835;"SINOP";"Condutor deixou de manter distância do veículo da frente";"Colisão lateral mesmo sentido";"Com Vítimas Feridas";"Plena Noite";"Decrescente";"Céu Claro";"Simples";"Aclive;Reta";"Sim";3;0;1;0;2;0;1;2;-11,85796229;-55,4944111;"SPRF-MT";"DEL06-MT";"UOP01-DEL06-MT"