"id";"data_inversa";"dia_semana";"horario";"uf";"br";"km";"municipio";"causa_acidente";"tipo_acidente";"classificacao_acidente";"fase_dia";"sentido_via";"condicao_metereologica";"tipo_pista";"tracado_via";"uso_solo";"pessoas";"mortos";"feridos_leves";"feridos_graves";"ilesos";"ignorados";"feridos";"veiculos";"latitude";"longitude";"regional";"delegacia";"uop"
472389;2022-09-04;"domingo";"22:40:00";"SP";116;229;"SAO PAULO";"Velocidade Incompatível";"Tombamento";"Com Vítimas Feridas";"Plena Noite";"Crescente";"Ignorado";"Múltipla";"Reta";"Sim";2;0;2;0;0;0;2;1;-23,51291902;-46,57604698;"SPRF-SP";"DEL01-SP";"UOP01-DEL01-SP"
472390;2022-09-04;"domingo";"20:15:00";"MT";163;839;"SINOP";"Entrada inopinada do pedestre";"Colisão transversal";"Com Vítimas Feridas";"Plena Noite";"Crescente";"Céu Claro";"Dupla";"Reta;Retorno Regulamentado";"Não";3;0;1;0;2;0;1;3;-11,82656772;-55,48602104;"SPRF-MT";"DEL06-MT";"NPF/DEL06-MT"
472438;2022-09-04;"domingo";"19:40:00";"RO";364;514;"ARIQUEMES";"Pedestre cruzava a pista fora da faixa";"Atropelamento de Pedestre";"Com Vítimas Fatais";"Plena Noite";"Crescente";"Céu Claro";"Simples";"Reta";"Não";3;1;0;0;2;0;0;2;-9,93398403;-63,05522959;"SPRF-RO";"DEL03-RO";"UOP01-DEL03-RO"
472442;2022-09-04;"domingo";"20:45:00";"MG";365;790;"ITUIUTABA";"Condutor deixou de manter distância do veículo da frente";"Colisão traseira";"Sem Vítimas";"Plena Noite";"Decrescente";"Céu Claro";"Simples";"Reta";"Não";2;0;0;0;2;0;0;2;-18,93844817;-49,81855006;"SPRF-MG";"DEL15-MG";"UOP03-DEL15-MG"
472450;2022-09-04;"domingo";"22:20:00";"MT";163;748;"SORRISO";"Ausência de reação do condutor";"Colisão traseira";"Com Vítimas Feridas";"Plena Noite";"Decrescente";"Céu Claro";"Dupla";"Reta";"Sim";2;0;0;1;0;1;1;2;-12,68767697;-55,80144603;"SPRF-MT";"DEL06-MT";"UOP01-DEL06-MT"
472451;2022-09-04;"domingo";"22:10:00";"RJ";40;85;"PETROPOLIS";"Pista Escorregadia";"Tombamento";"Com Vítimas Feridas";"Plena Noite";"Decrescente";"Chuva";"Simples";"Curva";"Não";2;0;2;0;0;0;2;1;-22,55207737;-43,22950602;"SPRF-RJ";"DEL06-RJ";"UOP01-DEL06-RJ"
472453;2022-09-04;"domingo";"22:50:00";"RJ";116;202;"SEROPEDICA";"Acessar a via sem observar a presença dos outros veículos";"Colisão traseira";"Com Vítimas Feridas";"Plena Noite";"Decrescente";"Céu Claro";"Dupla";"Reta";"Não";5;0;3;0;2;0;3;2;-22,72996588;-43,61317403;"SPRF-RJ";"DEL01-RJ";"UOP03-DEL01-RJ"
472455;2022-09-04;"domingo";"22:30:00";"RS";116;413,1;"CAMAQUA";"Ultrapassagem Indevida";"Colisão frontal";"Com Vítimas Feridas";"Plena Noite";"Decrescente";"Céu Claro";"Simples";"Reta";"Não";4;0;0;1;3;0;1;2;-30,93110769;-51,91771416;"SPRF-RS";"DEL02-RS";"UOP02-DEL02-RS"
472456;2022-09-04;"domingo";"17:40:00";"RO";429;52;"PRESIDENTE MEDICI";"Ausência de reação do condutor";"Saída de leito carroçável";"Com Vítimas Feridas";"Anoitecer";"Decrescente";"Céu Claro";"Simples";"Reta";"Não";1;0;0;1;0;0;1;1;-11,20045045;-62,00059299;"SPRF-RO";"DEL02-RO";"UOP03-DEL02-RO"
472458;2022-09-04;"domingo";"19:30:00";"PR";277;191;"PALMEIRA";"Ingestão de álcool pelo condutor";"Saída de leito carroçável";"Com Vítimas Feridas";"Plena Noite";"Crescente";"Nublado";"Simples";"Reta";"Não";4;0;2;0;2;0;2;1;-25,42764924;-50,121631;"SPRF-PR";"DEL08-PR";"UOP02-DEL08-PR"
472459;2022-09-04;"domingo";"21:55:00";"PR";153;35,1;"SANTO ANTONIO DA PLATINA";"Condutor deixou de manter distância do veículo da frente";"Colisão traseira";"Com Vítimas Feridas";"Plena Noite";"Decrescente";"Nublado";"Simples";"Reta";"Não";4;0;2;1;1;0;3;2;-23,2478376;-50,04311833;"SPRF-PR";"DEL07-PR";"UOP04-DEL07-PR"
472460;2022-09-04;"domingo";"07:30:00";"BA";324;604;"SIMOES FILHO";"Manobra de mudança de faixa";"Queda de ocupante de veículo";"Com Vítimas Feridas";"Pleno dia";"Decrescente";"Céu Claro";"Dupla";"Reta";"Não";2;0;2;0;0;0;2;1;-12,77978866;-38,41589628;"SPRF-BA";"DEL01-BA";"UOP01-DEL01-BA"
472461;2022-09-04;"domingo";"23:10:00";"SC";116;237;"LAGES";"Ingestão de álcool pelo condutor";"Saída de leito carroçável";"Sem Vítimas";"Plena Noite";"Crescente";"Céu Claro";"Simples";"Reta";"Não";1;0;0;0;1;0;0;1;-27,73034899;-50,3359778;"SPRF-SC";"DEL05-SC";"UOP01-DEL05-SC"
472462;2022-09-04;"domingo";"22:59:00";"SC";280;58;"GUARAMIRIM";"Pedestre cruzava a pista fora da faixa";"Atropelamento de Pedestre";"Com Vítimas Fatais";"Plena Noite";"Crescente";"Nublado";"Dupla";"Reta";"Sim";2;1;0;0;0;1;0;2;-26,474392;-49,025486;"SPRF-SC";"DEL03-SC";"UOP03-DEL03-SC"
472463;2022-09-04;"domingo";"23:45:00";"GO";40;2,9;"VALPARAISO DE GOIAS";"Acessar a via sem observar a presença dos outros veículos";"Colisão transversal";"Sem Vítimas";"Plena Noite";"Crescente";"Céu Claro";"Dupla";"Reta";"Sim";2;0;0;0;2;0;0;2;-16,07427662;-47,98541849;"SPRF-DF";"DEL01-DF";"UOP01-DEL01-DF"
472464;2022-09-04;"domingo";"23:27:00";"MS";163;476;"CAMPO GRANDE";"Ausência de reação do condutor";"Saída de leito carroçável";"Com Vítimas Feridas";"Plena Noite";"Crescente";"Céu Claro";"Simples";"Curva";"Sim";1;0;1;0;0;0;1;1;-20,51162825;-54,56030973;"SPRF-MS";"DEL01-MS";"UOP01-DEL01-MS"
472465;2022-09-04;"domingo";"18:21:00";"PA";308;198,6;"BRAGANCA";"Ultrapassagem Indevida";"Colisão frontal";"Com Vítimas Fatais";"Anoitecer";"Decrescente";"Céu Claro";"Simples";"Declive";"Não";2;1;0;0;1;0;0;2;-1,0645773;-46,8128811;"SPRF-PA";"DEL01-PA";"UOP03-DEL01-PA"
472466;2022-09-04;"domingo";"16:10:00";"RS";290;40;"SANTO ANTONIO DA PATRULHA";"Condutor Dormindo";"Saída de leito carroçável";"Sem Vítimas";"Pleno dia";"Decrescente";"Céu Claro";"Dupla";"Reta";"Não";1;0;0;0;1;0;0;1;-29,886173;-50,658577;"SPRF-RS";"DEL03-RS";"UOP01-DEL03-RS"
472469;2022-09-04;"domingo";"22:30:00";"MA";0;0;"IMPERATRIZ";"Pista em desnível";"Colisão com objeto";"Sem Vítimas";"Plena Noite";"Não Informado";"Céu Claro";"Simples";"Interseção de Vias";"Sim";3;0;0;0;3;0;0;1;-5,52204974;-47,47020721;"SPRF-MA";"DEL04-MA";"UOP01-DEL04-MA"
472471;2022-09-04;"domingo";"21:30:00";"MG";116;539;"SANTA RITA DE MINAS";"Acessar a via sem observar a presença dos outros veículos";"Atropelamento de Pedestre";"Com Vítimas Feridas";"Plena Noite";"Decrescente";"Nublado";"Simples";"Reta";"Sim";2;0;2;0;0;0;2;2;-19,88240027;-42,13242591;"SPRF-MG";"DEL06-MG";"UOP02-DEL06-MG"
472472;2022-09-04;"domingo";"19:30:00";"MA";222;526;"BURITICUPU";"Manobra de mudança de faixa";"Colisão frontal";"Com Vítimas Feridas";"Plena Noite";"Decrescente";"Céu Claro";"Simples";"Reta";"Sim";2;0;0;1;0;1;1;2;-4,31885797;-46,44858997;"SPRF-MA";"DEL02-MA";"UOP01-DEL02-MA"
472473;2022-09-04;"domingo";"22:10:00";"SC";101;268,8;"IMBITUBA";"Ingestão de álcool pelo condutor";"Colisão lateral mesmo sentido";"Com Vítimas Feridas";"Plena Noite";"Crescente";"Céu Claro";"Dupla";"Curva";"Não";3;0;2;0;1;0;2;2;-28,09434593;-48,709023;"SPRF-SC";"DEL02-SC";"UOP03-DEL02-SC"
472474;2022-09-04;"domingo";"23:00:00";"CE";222;178;"SOBRAL";"Ausência de reação do condutor";"Capotamento";"Com Vítimas Feridas";"Plena Noite";"Decrescente";"Céu Claro";"Simples";"Reta";"Não";1;0;1;0;0;0;1;1;-3,7518691;-40,03064202;"SPRF-CE";"DEL04-CE";"UOP03-DEL04-CE"
472475;2022-09-05;"segunda-feira";"01:30:00";"PA";230;108;"MARABA";"Ausência de reação do condutor";"Saída de leito carroçável";"Com Vítimas Fatais";"Plena Noite";"Crescente";"Céu Claro";"Simples";"Reta";"Não";1;1;0;0;0;0;0;1;-5,37733431;-49,01367307;"SPRF-PA";"DEL03-PA";"UOP01-DEL03-PA"
472477;2022-09-05;"segunda-feira";"01:10:00";"SP";101;46,5;"UBATUBA";"Velocidade Incompatível";"Tombamento";"Com Vítimas Feridas";"Plena Noite";"Crescente";"Céu Claro";"Simples";"Reta";"Sim";2;0;2;0;0;0;2;1;-23,42403383;-45,07492113;"SPRF-SP";"DEL06-SP";"UOP01-DEL06-SP"
472479;2022-09-04;"domingo";"23:02:00";"PR";163;353;"GUAIRA";"Condutor deixou de manter distância do veículo da frente";"Colisão transversal";"Com Vítimas Feridas";"Plena Noite";"Crescente";"Céu Claro";"Simples";"Ponte";"Não";3;0;1;0;2;0;1;3;-24,21375699;-54,19958751;"SPRF-PR";"DEL06-PR";"UOP01-DEL06-PR"
472480;2022-09-04;"domingo";"19:00:00";"GO";414;256;"NIQUELANDIA";"Obras na pista";"Colisão com objeto";"Com Vítimas Fatais";"Plena Noite";"Crescente";"Céu Claro";"Simples";"Reta";"Não";1;1;0;0;0;0;0;1;-14,88561;-48,640614;"SPRF-GO";"DEL07-GO";"UOP02-DEL07-GO"
472484;2022-09-05;"segunda-feira";"05:15:00";"RS";290;122,4;"ELDORADO DO SUL";"Pedestre andava na pista";"Atropelamento de Pedestre";"Com Vítimas Fatais";"Plena Noite";"Crescente";"Nevoeiro/Neblina";"Simples";"Reta";"Não";2;1;0;0;1;0;0;2;-30,052313;-51,428188;"SPRF-RS";"DEL02-RS";"UOP01-DEL02-RS"
472487;2022-09-04;"domingo";"21:00:00";"MG";116;85;"MEDINA";"Transitar na contramão";"Colisão frontal";"Com Vítimas Fatais";"Plena Noite";"Decrescente";"Céu Claro";"Simples";"Reta";"Não";6;1;1;2;1;1;3;2;-16,327495;-41,471766;"SPRF-MG";"DEL11-MG";"UOP02-DEL11-MG"
472488;2022-09-04;"domingo";"13:30:00";"ES";101;16;"PEDRO CANARIO";"Reação tardia ou ineficiente do condutor";"Colisão lateral mesmo sentido";"Com Vítimas Feridas";"Pleno dia";"Decrescente";"Céu Claro";"Múltipla";"Reta";"Sim";3;0;0;1;1;1;1;2;-18,29874595;-39,95732581;"SPRF-ES";"DEL04-ES";"UOP02-DEL04-ES"
472490;2022-09-05;"segunda-feira";"05:41:00";"RJ";101;61;"CAMPOS DOS GOYTACAZES";"Condutor desrespeitou a iluminação vermelha do semáforo";"Colisão transversal";"Com Vítimas Feridas";"Amanhecer";"Crescente";"Céu Claro";"Simples";"Reta";"Sim";2;0;1;0;0;1;1;2;-21,72655788;-41,32133519;"SPRF-RJ";"DEL08-RJ";"UOP01-DEL08-RJ"
472491;2022-09-05;"segunda-feira";"04:00:00";"MS";262;361;"CAMPO GRANDE";"Ausência de reação do condutor";"Saída de leito carroçável";"Sem Vítimas";"Plena Noite";"Crescente";"Céu Claro";"Simples";"Rotatória";"Não";1;0;0;0;0;1;0;1;-20,5189368;-54,71594677;"SPRF-MS";"DEL01-MS";"UOP03-DEL01-MS"
472493;2022-09-05;"segunda-feira";"06:00:00";"MG";365;753;"ITUIUTABA";"Reação tardia ou ineficiente do condutor";"Saída de leito carroçável";"Sem Vítimas";"Pleno dia";"Crescente";"Céu Claro";"Simples";"Reta";"Não";1;0;0;0;1;0;0;1;-18,947495;-49,45934;"SPRF-MG";"DEL15-MG";"UOP03-DEL15-MG"
472495;2022-09-05;"segunda-feira";"06:30:00";"RS";116;245;"SAO LEOPOLDO";"Manobra de mudança de faixa";"Colisão lateral mesmo sentido";"Com Vítimas Feridas";"Pleno dia";"Decrescente";"Céu Claro";"Dupla";"Reta";"Sim";2;0;1;0;1;0;1;1;-29,74980902;-51,15125361;"SPRF-RS";"DEL01-RS";"UOP02-DEL01-RS"
472496;2022-09-05;"segunda-feira";"06:30:00";"SP";116;284;"EMBU DAS ARTES";"Ausência de reação do condutor";"Colisão traseira";"Com Vítimas Feridas";"Anoitecer";"Decrescente";"Céu Claro";"Dupla";"Reta";"Sim";2;0;1;0;1;0;1;2;-23,69998;-46,867767;"SPRF-SP";"DEL04-SP";"UOP01-DEL04-SP"
472497;2022-09-04;"domingo";"20:00:00";"AP";156;517;"AMAPA";"Reação tardia ou ineficiente do condutor";"Capotamento";"Com Vítimas Fatais";"Plena Noite";"Crescente";"Céu Claro";"Simples";"Curva";"Não";1;1;0;0;0;0;0;1;1,87002201;-50,87197416;"SPRF-AP";"DEL01-AP";"UOP02-DEL01-AP"
472498;2022-09-05;"segunda-feira";"00:30:00";"RJ";40;105;"DUQUE DE CAXIAS";"Reação tardia ou ineficiente do condutor";"Queda de ocupante de veículo";"Com Vítimas Feridas";"Plena Noite";"Crescente";"Garoa/Chuvisco";"Dupla";"Reta";"Não";2;0;2;0;0;0;2;1;-22,63784806;-43,28428824;"SPRF-RJ";"DEL01-RJ";"UOP01-DEL01-RJ"
472499;2022-09-05;"segunda-feira";"06:30:00";"DF";20;16;"BRASILIA";"Trafegar com motocicleta (ou similar) entre as faixas";"Colisão lateral mesmo sentido";"Com Vítimas Feridas";"Pleno dia";"Decrescente";"Céu Claro";"Dupla";"Reta;Aclive";"Sim";2;0;1;0;1;0;1;2;-15,625675;-47,725159;"SPRF-DF";"DEL02-DF";"UOP01-DEL02-DF"
472500;2022-09-05;"segunda-feira";"07:05:00";"PR";277;729;"FOZ DO IGUACU";"Trafegar com motocicleta (ou similar) entre as faixas";"Atropelamento de Pedestre";"Sem Vítimas";"Pleno dia";"Crescente";"Céu Claro";"Dupla";"Curva";"Sim";3;0;0;0;3;0;0;3;-25,50749887;-54,58379896;"SPRF-PR";"DEL05-PR";"UOP03-DEL05-PR"
472501;2022-09-05;"segunda-feira";"06:54:00";"BA";101;102;"ALAGOINHAS";"Neblina";"Queda de ocupante de veículo";"Com Vítimas Feridas";"Pleno dia";"Crescente";"Céu Claro";"Simples";"Reta";"Não";1;0;1;0;0;0;1;1;-12,10879129;-38,38324115;"SPRF-BA";"DEL01-BA";"UOP04-DEL01-BA"
472502;2022-09-05;"segunda-feira";"06:00:00";"MS";262;298;"CAMPO GRANDE";"Reação tardia ou ineficiente do condutor";"Saída de leito carroçável";"Com Vítimas Feridas";"Pleno dia";"Decrescente";"Céu Claro";"Simples";"Curva";"Não";2;0;2;0;0;0;2;1;-20,50288195;-54,24983401;"SPRF-MS";"DEL01-MS";"UOP01-DEL01-MS"
472503;2022-09-05;"segunda-feira";"02:00:00";"BA";116;484;"RAFAEL JAMBEIRO";"Acesso irregular";"Atropelamento de Pedestre";"Com Vítimas Fatais";"Plena Noite";"Crescente";"Céu Claro";"Dupla";"Reta";"Não";2;1;0;0;1;0;0;2;-12,52494084;-39,40078608;"SPRF-BA";"DEL02-BA";"UOP01-DEL02-BA"
472504;2022-09-04;"domingo";"20:00:00";"SC";101;297;"IMBITUBA";"Acessar a via sem observar a presença dos outros veículos";"Atropelamento de Pedestre";"Com Vítimas Feridas";"Plena Noite";"Decrescente";"Céu Claro";"Dupla";"Reta";"Não";2;0;1;0;1;0;1;2;-28,31353989;-48,7240982;"SPRF-SC";"DEL02-SC";"UOP03-DEL02-SC"
472505;2022-09-05;"segunda-feira";"06:55:00";"RS";116;246,8;"SAO LEOPOLDO";"Condutor deixou de manter distância do veículo da frente";"Colisão lateral mesmo sentido";"Com Vítimas Feridas";"Pleno dia";"Decrescente";"Céu Claro";"Dupla";"Reta";"Sim";2;0;1;0;1;0;1;2;-29,76044427;-51,15198433;"SPRF-RS";"DEL01-RS";"UOP02-DEL01-RS"
472506;2022-09-05;"segunda-feira";"07:00:00";"MG";381;343;"BELA VISTA DE MINAS";"Ingestão de álcool e/ou substâncias psicoativas pelo pedestre";"Tombamento";"Com Vítimas Feridas";"Pleno dia";"Decrescente";"Chuva";"Simples";"Curva;Declive";"Sim";3;0;3;0;0;0;3;1;-19,85663904;-43,10916603;"SPRF-MG";"DEL03-MG";"UOP01-DEL03-MG"
472507;2022-09-05;"segunda-feira";"07:32:00";"DF";70;16,3;"BRASILIA";"Pedestre cruzava a pista fora da faixa";"Colisão traseira";"Com Vítimas Feridas";"Pleno dia";"Decrescente";"Sol";"Dupla";"Reta";"Não";2;0;1;0;1;0;1;2;-15,796144;-48,194225;"SPRF-DF";"DEL03-DF";"UOP02-DEL03-DF"
472508;2022-09-05;"segunda-feira";"06:40:00";"SC";101;207;"SAO JOSE";"Ausência de reação do condutor";"Colisão traseira";"Com Vítimas Feridas";"Pleno dia";"Crescente";"Nublado";"Dupla";"Reta";"Sim";2;0;1;0;1;0;1;2;-27,60001226;-48,6226467;"SPRF-SC";"DEL01-SC";"UOP01-DEL01-SC"
472510;2022-09-05;"segunda-feira";"07:30:00";"RJ";116;40;"TERESOPOLIS";"Acessar a via sem observar a presença dos outros veículos";"Colisão transversal";"Com Vítimas Feridas";"Pleno dia";"Crescente";"Céu Claro";"Simples";"Reta";"Não";2;0;1;0;1;0;1;2;-22,14356756;-42,79128671;"SPRF-RJ";"DEL04-RJ";"UOP01-DEL04-RJ"
472511;2022-09-05;"segunda-feira";"07:40:00";"CE";116;18;"EUSEBIO";"Reação tardia ou ineficiente do condutor";"Colisão traseira";"Com Vítimas Feridas";"Pleno dia";"Decrescente";"Céu Claro";"Dupla";"Reta";"Sim";3;0;2;0;1;0;2;2;-3,90496605;-38,50518756;"SPRF-CE";"DEL01-CE";"UOP02-DEL01-CE"
472512;2022-09-05;"segunda-feira";"07:20:00";"SC";282;17;"PALHOCA";"Desrespeitar a preferência no cruzamento";"Colisão transversal";"Com Vítimas Feridas";"Pleno dia";"Crescente";"Céu Claro";"Simples";"Reta";"Sim";2;0;1;0;1;0;1;2;-27,665707;-48,688065;"SPRF-SC";"DEL01-SC";"UOP02-DEL01-SC"
472515;2022-09-05;"segunda-feira";"06:55:00";"PR";476;125;"CURITIBA";"Reação tardia ou ineficiente do condutor";"Colisão traseira";"Com Vítimas Feridas";"Pleno dia";"Decrescente";"Nublado";"Dupla";"Reta";"Sim";3;0;1;0;2;0;1;3;-25,4083;-49,219658;"SPRF-PR";"DEL01-PR";"UOP01-DEL01-PR"
472516;2022-09-05;"segunda-feira";"07:00:00";"MG";381;782,1;"CAMPANHA";"Ausência de reação do condutor";"Saída de leito carroçável";"Com Vítimas Feridas";"Pleno dia";"Decrescente";"Céu Claro";"Dupla";"Reta";"Não";2;0;2;0;0;0;2;1;-21,85981403;-45,52590597;"SPRF-MG";"DEL16-MG";"UOP02-DEL16-MG"
472517;2022-09-05;"segunda-feira";"08:01:00";"DF";20;8;"BRASILIA";"Condutor deixou de manter distância do veículo da frente";"Engavetamento";"Com Vítimas Feridas";"Pleno dia";"Decrescente";"Céu Claro";"Simples";"Reta";"Sim";5;0;0;1;4;0;1;5;-15,658386;-47,791534;"SPRF-DF";"DEL02-DF";"UOP01-DEL02-DF"
472518;2022-09-05;"segunda-feira";"08:00:00";"RJ";116;241;"PIRAI";"Reação tardia ou ineficiente do condutor";"Tombamento";"Com Vítimas Feridas";"Pleno dia";"Crescente";"Nublado";"Múltipla";"Reta";"Não";3;0;1;0;2;0;1;1;-22,64242197;-43,89766093;"SPRF-RJ";"DEL07-RJ";"UOP01-DEL07-RJ"
472519;2022-09-05;"segunda-feira";"07:20:00";"BA";324;377;"SAO JOSE DO JACUIPE";"Avarias e/ou desgaste excessivo no pneu";"Saída de leito carroçável";"Com Vítimas Feridas";"Pleno dia";"Crescente";"Nublado";"Simples";"Reta";"Não";2;0;2;0;0;0;2;1;-11,4502137;-39,8164519;"SPRF-BA";"DEL04-BA";"UOP02-DEL04-BA"
472521;2022-09-05;"segunda-feira";"06:30:00";"PR";163;87;"CAPANEMA";"Ingestão de álcool pelo condutor";"Saída de leito carroçável";"Sem Vítimas";"Pleno dia";"Decrescente";"Chuva";"Simples";"Reta";"Sim";1;0;0;0;1;0;0;1;-25,6933197;-53,78035069;"SPRF-PR";"DEL02-PR";"UOP02-DEL02-PR"
472522;2022-09-05;"segunda-feira";"08:15:00";"SP";116;206;"GUARULHOS";"Ausência de reação do condutor";"Colisão traseira";"Sem Vítimas";"Pleno dia";"Crescente";"Céu Claro";"Múltipla";"Reta";"Sim";2;0;0;0;2;0;0;2;-23,41722629;-46,37510292;"SPRF-SP";"DEL01-SP";"UOP01-DEL01-SP"
472523;2022-09-05;"segunda-feira";"07:20:00";"PR";369;201,2;"APUCARANA";"Ausência de reação do condutor";"Atropelamento de Pedestre";"Com Vítimas Feridas";"Pleno dia";"Decrescente";"Céu Claro";"Simples";"Reta";"Sim";2;0;1;0;1;0;1;2;-23,53671805;-51,45662427;"SPRF-PR";"DEL07-PR";"UOP03-DEL07-PR"
472524;2022-09-05;"segunda-feira";"06:50:00";"GO";364;119;"APARECIDA DO RIO DOCE";"Ausência de reação do condutor";"Colisão com objeto";"Com Vítimas Feridas";"Amanhecer";"Crescente";"Céu Claro";"Simples";"Reta";"Não";1;0;1;0;0;0;1;1;-18,285105;-51,18885;"SPRF-GO";"DEL05-GO";"UOP01-DEL05-GO"
472527;2022-09-05;"segunda-feira";"08:40:00";"ES";101;272;"SERRA";"Ausência de reação do condutor";"Colisão traseira";"Com Vítimas Feridas";"Pleno dia";"Decrescente";"Nublado";"Múltipla";"Interseção de Vias";"Não";2;0;1;0;1;0;1;2;-20,22724888;-40,28426988;"SPRF-ES";"DEL02-ES";"UOP01-DEL02-ES"
472528;2022-09-05;"segunda-feira";"06:50:00";"PR";376;432,1;"TIBAGI";"Velocidade Incompatível";"Saída de leito carroçável";"Com Vítimas Feridas";"Amanhecer";"Crescente";"Chuva";"Dupla";"Curva";"Não";4;0;3;0;1;0;3;1;-24,75438071;-50,53550541;"SPRF-PR";"DEL03-PR";"UOP02-DEL03-PR"
472529;2022-09-05;"segunda-feira";"08:20:00";"DF";70;10,3;"BRASILIA";"Acessar a via sem observar a presença dos outros veículos";"Colisão transversal";"Com Vítimas Feridas";"Pleno dia";"Decrescente";"Céu Claro";"Dupla";"Reta";"Sim";3;0;1;0;2;0;1;2;-15,787066;-48,140709;"SPRF-DF";"DEL03-DF";"UOP02-DEL03-DF"
472531;2022-09-05;"segunda-feira";"09:04:00";"DF";20;3;"BRASILIA";"Manobra de mudança de faixa";"Colisão lateral mesmo sentido";"Com Vítimas Feridas";"Pleno dia";"Decrescente";"Céu Claro";"Dupla";"Aclive";"Sim";3;0;1;0;2;0;1;2;-15,679851;-47,832211;"SPRF-DF";"DEL02-DF";"UOP01-DEL02-DF"
472532;2022-09-05;"segunda-feira";"09:05:00";"PE";101;70,2;"RECIFE";"Trafegar com motocicleta (ou similar) entre as faixas";"Tombamento";"Com Vítimas Feridas";"Pleno dia";"Crescente";"Chuva";"Dupla";"Reta";"Não";2;0;1;0;1;0;1;2;-8,06776119;-34,94265074;"SPRF-PE";"DEL01-PE";"UOP01-DEL01-PE"
472538;2022-09-04;"domingo";"18:00:00";"PE";101;69,5;"RECIFE";"Ausência de reação do condutor";"Saída de leito carroçável";"Sem Vítimas";"Plena Noite";"Crescente";"Garoa/Chuvisco";"Múltipla";"Reta";"Sim";4;0;0;0;4;0;0;1;-8,063876;-34,94444;"SPRF-PE";"DEL01-PE";"UOP01-DEL01-PE"
472540;2022-08-15;"segunda-feira";"20:40:00";"MG";40;517,3;"RIBEIRAO DAS NEVES";"Ausência de reação do condutor";"Saída de leito carroçável";"Com Vítimas Feridas";"Plena Noite";"Crescente";"Céu Claro";"Dupla";"Reta";"Sim";1;0;1;0;0;0;1;1;-19,825978;-44,083955;"SPRF-MG";"DEL01-MG";"UOP02-DEL01-MG"
472541;2022-09-05;"segunda-feira";"09:00:00";"BA";116;2,9;"VITORIA DA CONQUISTA";"Acessar a via sem observar a presença dos outros veículos";"Colisão transversal";"Com Vítimas Feridas";"Pleno dia";"Crescente";"Céu Claro";"Simples";"Retorno Regulamentado";"Não";3;0;2;1;0;0;3;2;-14,82491;-40,86199;"SPRF-BA";"DEL08-BA";"UOP01-DEL08-BA"
472542;2022-09-05;"segunda-feira";"08:30:00";"PB";230;156,4;"CAMPINA GRANDE";"Reação tardia ou ineficiente do condutor";"Colisão lateral mesmo sentido";"Com Vítimas Feridas";"Pleno dia";"Crescente";"Nublado";"Simples";"Reta";"Sim";2;0;1;0;1;0;1;2;-7,2693;-35,9138;"SPRF-PB";"DEL02-PB";"UOP01-DEL02-PB"
472544;2022-09-05;"segunda-feira";"09:00:00";"MG";40;764,1;"JUIZ DE FORA";"Velocidade Incompatível";"Saída de leito carroçável";"Com Vítimas Feridas";"Pleno dia";"Crescente";"Garoa/Chuvisco";"Simples";"Curva";"Não";1;0;1;0;0;0;1;1;-21,5606587;-43,49865196;"SPRF-MG";"DEL05-MG";"UOP01-DEL05-MG"
472545;2022-09-05;"segunda-feira";"09:48:00";"SP";116;137;"SAO JOSE DOS CAMPOS";"Manobra de mudança de faixa";"Colisão lateral sentido oposto";"Com Vítimas Feridas";"Pleno dia";"Crescente";"Céu Claro";"Dupla";"Reta";"Sim";2;0;1;0;0;1;1;2;-23,15300766;-45,78709317;"SPRF-SP";"DEL02-SP";"UOP01-DEL02-SP"
472548;2022-09-05;"segunda-feira";"09:45:00";"GO";153;504,3;"GOIANIA";"Condutor deixou de manter distância do veículo da frente";"Colisão traseira";"Com Vítimas Feridas";"Pleno dia";"Decrescente";"Céu Claro";"Dupla";"Reta";"Sim";2;0;1;0;1;0;1;2;-16,7451;-49,2408;"SPRF-GO";"DEL01-GO";"UOP01-DEL01-GO"
472549;2022-08-27;"sábado";"20:00:00";"MS";262;352;"CAMPO GRANDE";"Entrada inopinada do pedestre";"Atropelamento de Pedestre";"Com Vítimas Feridas";"Plena Noite";"Crescente";"Céu Claro";"Simples";"Reta";"Não";2;0;0;1;0;1;1;2;-20,56780935;-54,64946423;"SPRF-MS";"DEL01-MS";"UOP03-DEL01-MS"
472550;2022-09-05;"segunda-feira";"10:15:00";"CE";116;29;"ITAITINGA";"Ausência de reação do condutor";"Colisão traseira";"Com Vítimas Feridas";"Pleno dia";"Crescente";"Céu Claro";"Múltipla";"Reta";"Não";2;0;0;1;1;0;1;2;-4,00202799;-38,51692006;"SPRF-CE";"DEL01-CE";"UOP02-DEL01-CE"
472553;2022-09-05;"segunda-feira";"08:10:00";"BA";324;619;"SALVADOR";"Trafegar com motocicleta (ou similar) entre as faixas";"Colisão lateral mesmo sentido";"Com Vítimas Feridas";"Pleno dia";"Crescente";"Céu Claro";"Dupla";"Reta";"Sim";2;0;1;0;1;0;1;2;-12,90984092;-38,4582034;"SPRF-BA";"DEL01-BA";"UOP01-DEL01-BA"
472558;2022-09-04;"domingo";"04:20:00";"MG";381;530;"ITATIAIUCU";"Ausência de reação do condutor";"Colisão com objeto";"Com Vítimas Feridas";"Plena Noite";"Decrescente";"Céu Claro";"Dupla";"Curva";"Não";1;0;1;0;0;0;1;1;-20,17327539;-44,37545454;"SPRF-MG";"DEL04-MG";"UOP03-DEL04-MG"