"id";"data_inversa";"dia_semana";"horario";"uf";"br";"km";"municipio";"causa_acidente";"tipo_acidente";"classificacao_acidente";"fase_dia";"sentido_via";"condicao_metereologica";"tipo_pista";"tracado_via";"uso_solo";"pessoas";"mortos";"feridos_leves";"feridos_graves";"ilesos";"ignorados";"feridos";"veiculos";"latitude";"longitude";"regional";"delegacia";"uop"
472677;2022-09-06;"terça-feira";"02:05:00";"MG";116;309,7;"ITAMBACURI";"Condutor Dormindo";"Capotamento";"Com Vítimas Feridas";"Plena Noite";"Decrescente";"Céu Claro";"Simples";"Curva";"Não";2;0;1;0;1;0;1;1;-18,06189721;-41,6714756;"SPRF-MG";"DEL11-MG";"UOP01-DEL11-MG"
472679;2022-09-06;"terça-feira";"03:55:00";"SC";101;180;"GOVERNADOR CELSO RAMOS";"Entrada inopinada do pedestre";"Atropelamento de Pedestre";"Com Vítimas Fatais";"Plena Noite";"Crescente";"Chuva";"Múltipla";"Reta";"Não";2;1;0;0;1;0;0;2;-27,3811238;-48,63090648;"SPRF-SC";"DEL01-SC";"UOP01-DEL01-SC"
472680;2022-09-06;"terça-feira";"04:00:00";"MG";116;589,3;"MANHUACU";"Ausência de reação do condutor";"Capotamento";"Com Vítimas Feridas";"Plena Noite";"Crescente";"Céu Claro";"Simples";"Aclive;Reta";"Não";1;0;1;0;0;0;1;1;-20,247452;-42,1437;"SPRF-MG";"DEL06-MG";"UOP03-DEL06-MG"
472681;2022-09-06;"terça-feira";"04:30:00";"RJ";101;278;"TANGUA";"Velocidade Incompatível";"Colisão traseira";"Com Vítimas Feridas";"Plena Noite";"Decrescente";"Céu Claro";"Dupla";"Reta";"Não";3;0;1;0;0;2;1;3;-22,739942;-42,754808;"SPRF-RJ";"DEL02-RJ";"UOP03-DEL02-RJ"
472684;2022-09-06;"terça-feira";"05:20:00";"MG";40;701,4;"BARBACENA";"Área urbana sem a presença de local apropriado para a travessia de pedestres";"Atropelamento de Pedestre";"Com Vítimas Feridas";"Plena Noite";"Crescente";"Céu Claro";"Dupla";"Reta";"Não";2;0;1;0;1;0;1;2;-21,16945;-43,756498;"SPRF-MG";"DEL05-MG";"UOP02-DEL05-MG"
472686;2022-09-06;"terça-feira";"05:45:00";"RS";116;246;"SAO LEOPOLDO";"Velocidade Incompatível";"Colisão traseira";"Sem Vítimas";"Amanhecer";"Decrescente";"Nublado";"Dupla";"Reta;Rotatória";"Sim";4;0;0;0;1;3;0;3;-29,74992243;-51,15085244;"SPRF-RS";"DEL01-RS";"UOP02-DEL01-RS"
472687;2022-09-06;"terça-feira";"06:30:00";"SP";116;225;"GUARULHOS";"Trafegar com motocicleta (ou similar) entre as faixas";"Colisão lateral mesmo sentido";"Com Vítimas Feridas";"Pleno dia";"Crescente";"Nublado";"Múltipla";"Reta";"Sim";3;0;1;0;2;0;1;2;-23,48586772;-46,54075317;"SPRF-SP";"DEL01-SP";"UOP01-DEL01-SP"
472688;2022-09-05;"segunda-feira";"23:10:00";"MG";262;710;"ARAXA";"Condutor Dormindo";"Saída de leito carroçável";"Com Vítimas Feridas";"Plena Noite";"Crescente";"Céu Claro";"Simples";"Curva";"Não";1;0;1;0;0;0;1;1;-19,59696819;-47,14642496;"SPRF-MG";"DEL08-MG";"UOP01-DEL08-MG"
472690;2022-09-06;"terça-feira";"07:30:00";"SP";116;208;"GUARULHOS";"Condutor deixou de manter distância do veículo da frente";"Colisão traseira";"Com Vítimas Feridas";"Pleno dia";"Crescente";"Céu Claro";"Dupla";"Reta";"Sim";1;0;1;0;0;0;1;1;-23,42222263;-46,3932771;"SPRF-SP";"DEL01-SP";"UOP01-DEL01-SP"
472692;2022-09-06;"terça-feira";"06:00:00";"PR";376;435;"TIBAGI";"Reação tardia ou ineficiente do condutor";"Colisão com objeto";"Sem Vítimas";"Amanhecer";"Crescente";"Garoa/Chuvisco";"Dupla";"Curva";"Não";1;0;0;0;1;0;0;1;-24,781149;-50,513563;"SPRF-PR";"DEL03-PR";"UOP02-DEL03-PR"
472695;2022-09-06;"terça-feira";"07:12:00";"SP";153;74,7;"BADY BASSITT";"Animais na Pista";"Atropelamento de Animal";"Com Vítimas Feridas";"Pleno dia";"Decrescente";"Céu Claro";"Dupla";"Reta";"Não";1;0;1;0;0;0;1;1;-20,891967;-49,431588;"SPRF-SP";"DEL09-SP";"UOP01-DEL09-SP"
472696;2022-09-06;"terça-feira";"07:35:00";"CE";116;17,8;"EUSEBIO";"Manobra de mudança de faixa";"Colisão transversal";"Com Vítimas Feridas";"Amanhecer";"Decrescente";"Céu Claro";"Dupla";"Reta";"Sim";4;0;2;2;0;0;4;2;-3,89617918;-38,50336042;"SPRF-CE";"DEL01-CE";"UOP02-DEL01-CE"
472697;2022-09-06;"terça-feira";"07:20:00";"PE";428;189;"PETROLINA";"Reação tardia ou ineficiente do condutor";"Colisão traseira";"Com Vítimas Feridas";"Pleno dia";"Decrescente";"Céu Claro";"Dupla";"Reta";"Sim";3;0;0;1;1;1;1;3;-9,37197508;-40,48679585;"SPRF-PE";"DEL06-PE";"UOP01-DEL06-PE"
472700;2022-09-06;"terça-feira";"07:15:00";"RS";392;352;"SANTA MARIA";"Trafegar com motocicleta (ou similar) entre as faixas";"Queda de ocupante de veículo";"Com Vítimas Feridas";"Pleno dia";"Crescente";"Nublado";"Dupla";"Reta";"Sim";2;0;2;0;0;0;2;1;-29,720404;-53,807632;"SPRF-RS";"DEL09-RS";"UOP01-DEL09-RS"
472701;2022-09-06;"terça-feira";"07:30:00";"MG";381;752;"TRES CORACOES";"Acumulo de areia ou detritos sobre o pavimento";"Tombamento";"Com Vítimas Feridas";"Pleno dia";"Decrescente";"Céu Claro";"Simples";"Curva";"Não";1;0;1;0;0;0;1;1;-21,67246754;-45,33430028;"SPRF-MG";"DEL16-MG";"UOP02-DEL16-MG"
472702;2022-09-06;"terça-feira";"08:22:00";"SC";101;192;"BIGUACU";"Reação tardia ou ineficiente do condutor";"Colisão com objeto";"Com Vítimas Feridas";"Pleno dia";"Crescente";"Chuva";"Múltipla";"Reta";"Sim";1;0;1;0;0;0;1;1;-27,48443781;-48,64765238;"SPRF-SC";"DEL01-SC";"UOP01-DEL01-SC"
472705;2022-09-06;"terça-feira";"08:30:00";"PA";308;178;"CAPANEMA";"Ausência de reação do condutor";"Atropelamento de Pedestre";"Com Vítimas Fatais";"Pleno dia";"Crescente";"Céu Claro";"Simples";"Reta";"Não";4;2;0;1;1;0;1;2;-1,19867175;-47,06179307;"SPRF-PA";"DEL01-PA";"UOP03-DEL01-PA"
472707;2022-09-06;"terça-feira";"08:20:00";"BA";324;522;"FEIRA DE SANTANA";"Reação tardia ou ineficiente do condutor";"Colisão transversal";"Sem Vítimas";"Pleno dia";"Crescente";"Céu Claro";"Dupla";"Reta";"Sim";2;0;0;0;2;0;0;2;-12,28462524;-38,91926018;"SPRF-BA";"DEL01-BA";"UOP03-DEL01-BA"
472709;2022-09-06;"terça-feira";"09:00:00";"SC";101;140;"BALNEARIO CAMBORIU";"Demais falhas mecânicas ou elétricas";"Tombamento";"Com Vítimas Feridas";"Pleno dia";"Decrescente";"Garoa/Chuvisco";"Simples";"Reta";"Não";4;0;1;1;2;0;2;3;-27,03881189;-48,60025148;"SPRF-SC";"DEL04-SC";"UOP03-DEL04-SC"
472710;2022-09-06;"terça-feira";"08:20:00";"BA";324;622;"SALVADOR";"Manobra de mudança de faixa";"Colisão lateral mesmo sentido";"Com Vítimas Feridas";"Pleno dia";"Crescente";"Céu Claro";"Dupla";"Reta";"Sim";4;0;2;0;2;0;2;2;-12,91888605;-38,46502095;"SPRF-BA";"DEL01-BA";"UOP01-DEL01-BA"
472712;2022-09-06;"terça-feira";"09:15:00";"SP";116;513;"CAJATI";"Chuva";"Colisão com objeto";"Com Vítimas Feridas";"Pleno dia";"Decrescente";"Chuva";"Simples";"Curva";"Não";3;0;2;0;1;0;2;1;-24,85109616;-48,21802405;"SPRF-SP";"DEL05-SP";"UOP02-DEL05-SP"
472715;2022-09-04;"domingo";"22:20:00";"BA";242;370;"PALMEIRAS";"Chuva";"Queda de ocupante de veículo";"Com Vítimas Feridas";"Plena Noite";"Crescente";"Chuva";"Simples";"Reta";"Não";1;0;0;1;0;0;1;1;-12,46131491;-41,46948804;"SPRF-BA";"DEL06-BA";"UOP01-DEL06-BA"
472716;2022-09-06;"terça-feira";"07:40:00";"GO";60;20;"ALEXANIA";"Condutor Dormindo";"Saída de leito carroçável";"Com Vítimas Feridas";"Pleno dia";"Crescente";"Céu Claro";"Dupla";"Curva";"Sim";1;0;1;0;0;0;1;1;-16,0963;-48,5202;"SPRF-DF";"DEL03-DF";"UOP01-DEL03-DF"
472717;2022-09-06;"terça-feira";"09:00:00";"RS";290;93,7;"PORTO ALEGRE";"Reação tardia ou ineficiente do condutor";"Colisão com objeto";"Com Vítimas Fatais";"Pleno dia";"Crescente";"Chuva";"Dupla";"Reta";"Sim";1;1;0;0;0;0;0;1;-29,970839;-51,187725;"SPRF-RS";"DEL01-RS";"UOP01-DEL01-RS"
472719;2022-09-06;"terça-feira";"08:20:00";"PR";153;22;"JACAREZINHO";"Chuva";"Saída de leito carroçável";"Com Vítimas Feridas";"Pleno dia";"Decrescente";"Chuva";"Simples";"Declive";"Sim";3;0;2;0;1;0;2;1;-23,17225028;-49,96840286;"SPRF-PR";"DEL07-PR";"UOP04-DEL07-PR"
472720;2022-09-06;"terça-feira";"09:30:00";"GO";40;7,2;"LUZIANIA";"Área urbana sem a presença de local apropriado para a travessia de pedestres";"Atropelamento de Pedestre";"Com Vítimas Feridas";"Pleno dia";"Crescente";"Céu Claro";"Dupla";"Reta";"Sim";2;0;1;0;1;0;1;2;-16,108482;-47,972524;"SPRF-DF";"DEL01-DF";"UOP01-DEL01-DF"
472721;2022-09-06;"terça-feira";"09:20:00";"MT";163;748;"SORRISO";"Acessar a via sem observar a presença dos outros veículos";"Colisão transversal";"Com Vítimas Feridas";"Pleno dia";"Crescente";"Céu Claro";"Dupla";"Interseção de Vias";"Sim";4;0;2;0;2;0;2;2;-12,59286214;-55,74246537;"SPRF-MT";"DEL06-MT";"UOP01-DEL06-MT"
472722;2022-09-06;"terça-feira";"10:00:00";"MG";40;810;"MATIAS BARBOSA";"Reação tardia ou ineficiente do condutor";"Tombamento";"Com Vítimas Feridas";"Pleno dia";"Crescente";"Nublado";"Simples";"Rotatória;Curva";"Não";1;0;1;0;0;0;1;1;-21,875084;-43,339466;"SPRF-MG";"DEL05-MG";"UOP01-DEL05-MG"
472724;2022-09-06;"terça-feira";"10:30:00";"MA";230;538;"CAROLINA";"Reação tardia ou ineficiente do condutor";"Queda de ocupante de veículo";"Com Vítimas Fatais";"Pleno dia";"Crescente";"Céu Claro";"Simples";"Reta";"Não";2;1;0;1;0;0;1;1;-7,3505312;-47,4335541;"SPRF-MA";"DEL05-MA";"UOP01-DEL05-MA"
472725;2022-09-06;"terça-feira";"07:10:00";"MG";354;704;"CAXAMBU";"Animais na Pista";"Atropelamento de Animal";"Com Vítimas Feridas";"Pleno dia";"Decrescente";"Nublado";"Simples";"Curva";"Sim";1;0;1;0;0;0;1;1;-21,98404081;-44,92444142;"SPRF-MG";"DEL17-MG";"UOP01-DEL17-MG"
472728;2022-09-06;"terça-feira";"10:25:00";"SP";116;142;"SAO JOSE DOS CAMPOS";"Condutor deixou de manter distância do veículo da frente";"Colisão traseira";"Com Vítimas Feridas";"Pleno dia";"Crescente";"Céu Claro";"Múltipla";"Reta";"Sim";3;0;3;0;0;0;3;2;-23,17426078;-45,82940111;"SPRF-SP";"DEL02-SP";"UOP01-DEL02-SP"
472732;2022-09-06;"terça-feira";"10:30:00";"SE";235;28;"AREIA BRANCA";"Demais falhas mecânicas ou elétricas";"Eventos atípicos";"Sem Vítimas";"Pleno dia";"Crescente";"Nublado";"Simples";"Curva";"Não";3;0;0;0;3;0;0;2;-10,79339;-37,278835;"SPRF-SE";"DEL01-SE";"UOP02-DEL01-SE"
472733;2022-09-06;"terça-feira";"10:35:00";"AL";316;148;"PALMEIRA DOS INDIOS";"Desrespeitar a preferência no cruzamento";"Colisão lateral mesmo sentido";"Com Vítimas Feridas";"Pleno dia";"Crescente";"Chuva";"Simples";"Interseção de Vias";"Não";3;0;0;2;1;0;2;2;-9,40718239;-36,68829724;"SPRF-AL";"DEL03-AL";"UOP01-DEL03-AL"
472734;2022-09-06;"terça-feira";"10:30:00";"MG";40;532;"BELO HORIZONTE";"Trafegar com motocicleta (ou similar) entre as faixas";"Colisão lateral mesmo sentido";"Com Vítimas Feridas";"Pleno dia";"Crescente";"Céu Claro";"Dupla";"Aclive;Reta";"Sim";2;0;1;0;1;0;1;2;-19,92372561;-44,01700789;"SPRF-MG";"DEL01-MG";"UOP02-DEL01-MG"
472735;2022-09-06;"terça-feira";"11:40:00";"SP";116;497,8;"CAJATI";"Ausência de reação do condutor";"Colisão com objeto";"Com Vítimas Feridas";"Pleno dia";"Crescente";"Chuva";"Dupla";"Reta";"Não";3;0;2;1;0;0;3;1;-24,76728682;-48,16859721;"SPRF-SP";"DEL05-SP";"UOP01-DEL05-SP"
472736;2022-09-06;"terça-feira";"11:30:00";"SE";235;12;"NOSSA SENHORA DO SOCORRO";"Condutor deixou de manter distância do veículo da frente";"Queda de ocupante de veículo";"Com Vítimas Feridas";"Pleno dia";"Crescente";"Sol";"Simples";"Reta";"Não";2;0;1;0;0;1;1;2;-10,872643;-37,163246;"SPRF-SE";"DEL01-SE";"UOP01-DEL01-SE"
472738;2022-09-06;"terça-feira";"08:45:00";"SC";470;86,9;"ASCURRA";"Pista Escorregadia";"Saída de leito carroçável";"Com Vítimas Feridas";"Pleno dia";"Crescente";"Chuva";"Simples";"Curva";"Não";1;0;0;1;0;0;1;1;-26,949951;-49,357296;"SPRF-SC";"DEL04-SC";"UOP01-DEL04-SC"
472740;2022-09-06;"terça-feira";"11:15:00";"PR";376;495,5;"PONTA GROSSA";"Ingestão de álcool pelo condutor";"Engavetamento";"Sem Vítimas";"Pleno dia";"Decrescente";"Céu Claro";"Dupla";"Curva";"Sim";11;0;0;0;10;1;0;6;-25,13844586;-50,16265609;"SPRF-PR";"DEL03-PR";"UOP01-DEL03-PR"
472742;2022-09-06;"terça-feira";"12:25:00";"MG";459;14,5;"CALDAS";"Condutor Dormindo";"Colisão frontal";"Com Vítimas Feridas";"Pleno dia";"Crescente";"Céu Claro";"Simples";"Curva";"Não";4;0;2;2;0;0;4;2;-21,831066;-46,448425;"SPRF-MG";"DEL09-MG";"UOP01-DEL09-MG"
472745;2022-09-06;"terça-feira";"11:54:00";"MS";419;248;"ANASTACIO";"Avarias e/ou desgaste excessivo no pneu";"Tombamento";"Com Vítimas Feridas";"Pleno dia";"Decrescente";"Céu Claro";"Simples";"Reta";"Não";2;0;2;0;0;0;2;1;-20,53346206;-55,82817785;"SPRF-MS";"DEL03-MS";"UOP01-DEL03-MS"
472746;2022-09-02;"sexta-feira";"16:45:00";"MG";365;178;"BURITIZEIRO";"Velocidade Incompatível";"Saída de leito carroçável";"Sem Vítimas";"Pleno dia";"Decrescente";"Céu Claro";"Simples";"Curva";"Não";1;0;0;0;0;1;0;1;-17,40719309;-45,06977597;"SPRF-MG";"DEL12-MG";"UOP01-DEL12-MG"
472747;2022-09-06;"terça-feira";"09:00:00";"RS";116;169,3;"CAXIAS DO SUL";"Velocidade Incompatível";"Capotamento";"Com Vítimas Feridas";"Pleno dia";"Decrescente";"Chuva";"Dupla";"Reta";"Não";1;0;1;0;0;0;1;1;-29,292045;-51,162357;"SPRF-RS";"DEL05-RS";"UOP02-DEL05-RS"
472750;2022-07-09;"sábado";"16:50:00";"SP";116;121;"CACAPAVA";"Ausência de reação do condutor";"Colisão com objeto";"Com Vítimas Feridas";"Pleno dia";"Crescente";"Céu Claro";"Dupla";"Reta";"Não";5;0;2;0;3;0;2;4;-23,07631169;-45,65337222;"SPRF-SP";"DEL02-SP";"UOP02-DEL02-SP"
472751;2022-09-06;"terça-feira";"10:40:00";"RS";386;179;"CARAZINHO";"Desrespeitar a preferência no cruzamento";"Colisão transversal";"Com Vítimas Feridas";"Pleno dia";"Decrescente";"Nublado";"Simples";"Interseção de Vias";"Sim";4;0;1;0;3;0;1;2;-28,295532;-52,753395;"SPRF-RS";"DEL08-RS";"UOP01-DEL08-RS"
472754;2022-09-06;"terça-feira";"13:45:00";"RS";290;100;"PORTO ALEGRE";"Reação tardia ou ineficiente do condutor";"Queda de ocupante de veículo";"Com Vítimas Feridas";"Pleno dia";"Decrescente";"Nublado";"Dupla";"Reta";"Não";1;0;1;0;0;0;1;1;-29,988646;-51,236553;"SPRF-RS";"DEL01-RS";"UOP01-DEL01-RS"
472755;2022-09-06;"terça-feira";"12:00:00";"RJ";493;84;"JAPERI";"Ausência de reação do condutor";"Saída de leito carroçável";"Com Vítimas Feridas";"Pleno dia";"Crescente";"Céu Claro";"Dupla";"Curva";"Não";2;0;1;1;0;0;2;1;-22,66383858;-43,62825394;"SPRF-RJ";"DEL01-RJ";"UOP03-DEL01-RJ"
472757;2022-09-06;"terça-feira";"12:20:00";"SC";163;87,6;"GUARACIABA";"Obras na pista";"Tombamento";"Com Vítimas Feridas";"Pleno dia";"Crescente";"Nublado";"Simples";"Curva;Em Obras;Declive";"Não";1;0;1;0;0;0;1;1;-26,59023103;-53,51574204;"SPRF-SC";"DEL07-SC";"UOP03-DEL07-SC"
472761;2022-09-06;"terça-feira";"15:30:00";"RJ";493;53;"DUQUE DE CAXIAS";"Reação tardia ou ineficiente do condutor";"Saída de leito carroçável";"Com Vítimas Feridas";"Pleno dia";"Decrescente";"Céu Claro";"Dupla";"Reta";"Sim";3;0;2;0;0;1;2;2;-22,672089;-43,285053;"SPRF-RJ";"DEL01-RJ";"UOP01-DEL01-RJ"
472765;2022-09-06;"terça-feira";"16:19:00";"SC";280;23,7;"ARAQUARI";"Acessar a via sem observar a presença dos outros veículos";"Colisão transversal";"Com Vítimas Feridas";"Pleno dia";"Decrescente";"Nublado";"Simples";"Reta";"Sim";2;0;0;1;1;0;1;2;-26,37146;-48,711887;"SPRF-SC";"DEL03-SC";"UOP03-DEL03-SC"
472767;2022-09-06;"terça-feira";"14:15:00";"RJ";116;123;"MAGE";"Manobra de mudança de faixa";"Colisão lateral mesmo sentido";"Com Vítimas Feridas";"Pleno dia";"Crescente";"Céu Claro";"Dupla";"Reta";"Não";1;0;1;0;0;0;1;1;-22,66534343;-43,10417175;"SPRF-RJ";"DEL04-RJ";"UOP02-DEL04-RJ"
472768;2022-09-06;"terça-feira";"12:30:00";"MG";267;62,2;"BICAS";"Reação tardia ou ineficiente do condutor";"Colisão traseira";"Com Vítimas Feridas";"Pleno dia";"Crescente";"Nublado";"Simples";"Reta;Aclive;Em Obras";"Não";3;0;3;0;0;0;3;2;-21,729486;-43,06599;"SPRF-MG";"DEL05-MG";"UOP01-DEL05-MG"
472772;2022-09-06;"terça-feira";"16:35:00";"MG";262;371;"JUATUBA";"Ausência de reação do condutor";"Colisão traseira";"Com Vítimas Feridas";"Pleno dia";"Decrescente";"Céu Claro";"Dupla";"Reta";"Sim";2;0;2;0;0;0;2;2;-19,97212126;-44,30817896;"SPRF-MG";"DEL01-MG";"UOP03-DEL01-MG"
472773;2022-09-06;"terça-feira";"15:40:00";"AL";316;156;"PALMEIRA DOS INDIOS";"Acessar a via sem observar a presença dos outros veículos";"Queda de ocupante de veículo";"Com Vítimas Feridas";"Pleno dia";"Decrescente";"Chuva";"Simples";"Rotatória";"Sim";1;0;0;1;0;0;1;1;-9,43055371;-36,64101415;"SPRF-AL";"DEL03-AL";"UOP01-DEL03-AL"
472774;2022-09-06;"terça-feira";"16:30:00";"DF";60;4,3;"BRASILIA";"Acessar a via sem observar a presença dos outros veículos";"Tombamento";"Com Vítimas Feridas";"Pleno dia";"Crescente";"Céu Claro";"Dupla";"Reta";"Sim";2;0;2;0;0;0;2;1;-15,892721;-48,095741;"SPRF-DF";"DEL03-DF";"UOP01-DEL03-DF"
472776;2022-09-06;"terça-feira";"00:20:00";"SP";116;338;"JUQUITIBA";"Pista esburacada";"Eventos atípicos";"Sem Vítimas";"Plena Noite";"Decrescente";"Chuva";"Dupla";"Reta";"Não";2;0;0;0;2;0;0;1;-23,990126;-47,147995;"SPRF-SP";"DEL04-SP";"UOP01-DEL04-SP"
472777;2022-08-22;"segunda-feira";"02:15:00";"PR";277;107;"CAMPO LARGO";"Manobra de mudança de faixa";"Capotamento";"Com Vítimas Feridas";"Plena Noite";"Crescente";"Garoa/Chuvisco";"Dupla";"Reta";"Não";1;0;1;0;0;0;1;1;-25,433276;-49,435543;"SPRF-PR";"DEL03-PR";"UOP03-DEL03-PR"
472780;2022-06-28;"terça-feira";"14:45:00";"MG";381;589;"CARMOPOLIS DE MINAS";"Acessar a via sem observar a presença dos outros veículos";"Colisão traseira";"Com Vítimas Feridas";"Pleno dia";"Crescente";"Céu Claro";"Dupla";"Reta;Rotatória;Viaduto";"Sim";2;0;1;0;1;0;1;2;-20,56175976;-44,66523212;"SPRF-MG";"DEL04-MG";"UOP01-DEL04-MG"
472783;2022-09-06;"terça-feira";"12:35:00";"PR";116;22;"ANTONINA";"Ausência de reação do condutor";"Colisão traseira";"Sem Vítimas";"Pleno dia";"Crescente";"Chuva";"Dupla";"Reta";"Não";2;0;0;0;2;0;0;2;-25,10922624;-48,74659689;"SPRF-PR";"DEL01-PR";"UOP02-DEL01-PR"
472785;2022-09-06;"terça-feira";"15:45:00";"AL";316;32;"CANAPI";"Reação tardia ou ineficiente do condutor";"Colisão traseira";"Com Vítimas Fatais";"Pleno dia";"Decrescente";"Chuva";"Simples";"Reta";"Não";4;1;0;1;2;0;1;2;-9,10887254;-37,63528588;"SPRF-AL";"DEL03-AL";"UOP02-DEL03-AL"
472786;2022-09-06;"terça-feira";"17:40:00";"DF";60;1,1;"BRASILIA";"Ausência de reação do condutor";"Colisão traseira";"Com Vítimas Feridas";"Pleno dia";"Decrescente";"Céu Claro";"Dupla";"Reta";"Sim";2;0;0;1;1;0;1;2;-15,88521932;-48,06902647;"SPRF-DF";"DEL03-DF";"UOP01-DEL03-DF"
472788;2022-09-06;"terça-feira";"16:37:00";"SC";101;205,5;"SAO JOSE";"Chuva";"Saída de leito carroçável";"Com Vítimas Feridas";"Pleno dia";"Crescente";"Chuva";"Simples";"Curva";"Sim";1;0;1;0;0;0;1;1;-27,58706705;-48,61672282;"SPRF-SC";"DEL01-SC";"UOP01-DEL01-SC"
472789;2022-09-06;"terça-feira";"17:50:00";"SP";116;150;"SAO JOSE DOS CAMPOS";"Condutor deixou de manter distância do veículo da frente";"Colisão traseira";"Com Vítimas Feridas";"Anoitecer";"Crescente";"Céu Claro";"Dupla";"Reta";"Sim";2;0;1;0;1;0;1;2;-23,21335525;-45,8930588;"SPRF-SP";"DEL02-SP";"UOP01-DEL02-SP"
472792;2022-09-06;"terça-feira";"17:00:00";"RJ";465;9;"SEROPEDICA";"Ausência de reação do condutor";"Colisão frontal";"Com Vítimas Feridas";"Anoitecer";"Crescente";"Céu Claro";"Simples";"Reta";"Sim";2;0;0;1;1;0;1;2;-22,771765;-43,670528;"SPRF-RJ";"DEL01-RJ";"UOP03-DEL01-RJ"
472795;2022-09-06;"terça-feira";"15:19:00";"RO";364;378;"OURO PRETO DO OESTE";"Velocidade Incompatível";"Tombamento";"Com Vítimas Feridas";"Pleno dia";"Decrescente";"Sol";"Simples";"Reta";"Não";1;0;1;0;0;0;1;1;-10,7422942;-62,20886998;"SPRF-RO";"DEL02-RO";"UOP01-DEL02-RO"
472796;2022-09-06;"terça-feira";"18:00:00";"PR";163;250,9;"TOLEDO";"Acumulo de água sobre o pavimento";"Saída de leito carroçável";"Com Vítimas Feridas";"Anoitecer";"Crescente";"Chuva";"Dupla";"Reta";"Não";1;0;1;0;0;0;1;1;-24,70025541;-53,73357521;"SPRF-PR";"DEL06-PR";"UOP02-DEL06-PR"
472797;2022-09-06;"terça-feira";"15:00:00";"SC";282;564,3;"NOVA ERECHIM";"Acessar a via sem observar a presença dos outros veículos";"Colisão transversal";"Com Vítimas Feridas";"Pleno dia";"Decrescente";"Nublado";"Simples";"Curva";"Não";3;0;2;0;1;0;2;2;-26,898739;-52,877975;"SPRF-SC";"DEL07-SC";"UOP02-DEL07-SC"
472798;2022-09-06;"terça-feira";"17:20:00";"RS";158;322;"SANTA MARIA";"Desrespeitar a preferência no cruzamento";"Colisão transversal";"Sem Vítimas";"Pleno dia";"Crescente";"Céu Claro";"Simples";"Em Obras;Interseção de Vias";"Sim";2;0;0;0;2;0;0;2;-29,69503081;-53,77549589;"SPRF-RS";"DEL09-RS";"UOP01-DEL09-RS"
472799;2022-09-06;"terça-feira";"17:00:00";"RO";319;63;"PORTO VELHO";"Manobra de mudança de faixa";"Colisão lateral mesmo sentido";"Com Vítimas Feridas";"Pleno dia";"Crescente";"Céu Claro";"Dupla";"Interseção de Vias";"Sim";2;0;1;0;1;0;1;2;-8,766685;-63,884052;"SPRF-RO";"DEL01-RO";"UOP01-DEL01-RO"
472801;2022-09-06;"terça-feira";"17:30:00";"RN";101;103;"PARNAMIRIM";"Condutor deixou de manter distância do veículo da frente";"Colisão traseira";"Sem Vítimas";"Anoitecer";"Crescente";"Céu Claro";"Dupla";"Viaduto";"Sim";1;0;0;0;1;0;0;1;-5,89200809;-35,25647879;"SPRF-RN";"DEL01-RN";"UOP01-DEL01-RN"
472802;2022-09-06;"terça-feira";"15:25:00";"GO";153;317,8;"RIANAPOLIS";"Reação tardia ou ineficiente do condutor";"Colisão transversal";"Com Vítimas Feridas";"Pleno dia";"Crescente";"Céu Claro";"Dupla";"Interseção de Vias;Reta";"Sim";2;0;2;0;0;0;2;2;-15,421203;-49,518402;"SPRF-GO";"DEL02-GO";"UOP02-DEL02-GO"
472805;2022-09-06;"terça-feira";"17:45:00";"SC";282;308;"VARGEM";"Velocidade Incompatível";"Colisão com objeto";"Com Vítimas Feridas";"Anoitecer";"Crescente";"Chuva";"Simples";"Curva;Declive";"Não";3;0;3;0;0;0;3;1;-27,49292;-50,971973;"SPRF-SC";"DEL07-SC";"UOP06-DEL07-SC"
472808;2022-09-06;"terça-feira";"19:03:00";"RS";470;228,2;"GARIBALDI";"Acessar a via sem observar a presença dos outros veículos";"Colisão transversal";"Com Vítimas Feridas";"Plena Noite";"Crescente";"Nublado";"Simples";"Reta";"Não";2;0;1;0;1;0;1;2;-29,2175970578;-51,5170372176;"SPRF-RS";"DEL06-RS";"UOP01-DEL06-RS"
472809;2022-09-06;"terça-feira";"19:00:00";"PR";369;149,7;"LONDRINA";"Frear bruscamente";"Colisão traseira";"Com Vítimas Feridas";"Plena Noite";"Decrescente";"Garoa/Chuvisco";"Dupla";"Reta";"Sim";4;0;0;1;3;0;1;4;-23,29293122;-51,15984321;"SPRF-PR";"DEL07-PR";"UOP01-DEL07-PR"
472810;2022-09-06;"terça-feira";"18:00:00";"RS";392;352;"SANTA MARIA";"Ausência de sinalização";"Colisão lateral mesmo sentido";"Com Vítimas Feridas";"Anoitecer";"Decrescente";"Nublado";"Simples";"Interseção de Vias";"Sim";2;0;1;0;1;0;1;2;-29,7284269;-53,80323691;"SPRF-RS";"DEL09-RS";"UOP01-DEL09-RS"
472811;2022-09-06;"terça-feira";"18:15:00";"RJ";101;508;"ANGRA DOS REIS";"Reação tardia ou ineficiente do condutor";"Colisão frontal";"Com Vítimas Feridas";"Anoitecer";"Decrescente";"Nublado";"Dupla";"Curva";"Não";2;0;2;0;0;0;2;2;-22,94163902;-44,42239099;"SPRF-RJ";"DEL03-RJ";"UOP03-DEL03-RJ"
472813;2022-09-06;"terça-feira";"18:40:00";"PB";230;88,7;"GURINHEM";"Entrada inopinada do pedestre";"Atropelamento de Pedestre";"Com Vítimas Feridas";"Plena Noite";"Decrescente";"Céu Claro";"Dupla";"Reta";"Sim";2;0;0;1;1;0;1;2;-7,17281;-35,392;"SPRF-PB";"DEL01-PB";"UOP03-DEL01-PB"