"id";"data_inversa";"dia_semana";"horario";"uf";"br";"km";"municipio";"causa_acidente";"tipo_acidente";"classificacao_acidente";"fase_dia";"sentido_via";"condicao_metereologica";"tipo_pista";"tracado_via";"uso_solo";"pessoas";"mortos";"feridos_leves";"feridos_graves";"ilesos";"ignorados";"feridos";"veiculos";"latitude";"longitude";"regional";"delegacia";"uop"
472814;2022-09-06;"terça-feira";"18:15:00";"BA";110;174;"RIBEIRA DO POMBAL";"Acesso irregular";"Colisão transversal";"Com Vítimas Feridas";"Plena Noite";"Crescente";"Céu Claro";"Simples";"Reta";"Sim";2;0;1;0;1;0;1;2;-10,87839594;-38,52607058;"SPRF-BA";"DEL07-BA";"UOP02-DEL07-BA"
472815;2022-03-15;"terça-feira";"08:30:00";"SC";101;113;"ITAJAI";"Condutor deixou de manter distância do veículo da frente";"Engavetamento";"Sem Vítimas";"Pleno dia";"Decrescente";"Céu Claro";"Dupla";"Reta";"Sim";3;0;0;0;3;0;0;3;-26,85311393;-48,72689927;"SPRF-SC";"DEL04-SC";"UOP04-DEL04-SC"
472817;2022-09-06;"terça-feira";"17:50:00";"SC";163;70,8;"SAO MIGUEL DO OESTE";"Velocidade Incompatível";"Atropelamento de Pedestre";"Com Vítimas Feridas";"Pleno dia";"Crescente";"Nublado";"Simples";"Reta";"Sim";2;0;1;1;0;0;2;2;-26,73461723;-53,50680015;"SPRF-SC";"DEL07-SC";"UOP03-DEL07-SC"
472819;2022-09-06;"terça-feira";"19:15:00";"ES";101;268,6;"SERRA";"Manobra de mudança de faixa";"Colisão lateral mesmo sentido";"Com Vítimas Feridas";"Plena Noite";"Crescente";"Céu Claro";"Dupla";"Reta";"Sim";3;0;2;0;1;0;2;2;-20,20842;-40,269405;"SPRF-ES";"DEL02-ES";"UOP01-DEL02-ES"
472820;2022-09-06;"terça-feira";"19:00:00";"MG";153;24,4;"CENTRALINA";"Ingestão de álcool pelo condutor";"Saída de leito carroçável";"Sem Vítimas";"Plena Noite";"Decrescente";"Céu Claro";"Dupla";"Declive";"Não";1;0;0;0;1;0;0;1;-18,633242;-49,182684;"SPRF-MG";"DEL15-MG";"UOP03-DEL15-MG"
472821;2022-09-06;"terça-feira";"19:00:00";"SP";381;67,1;"MAIRIPORA";"Reação tardia ou ineficiente do condutor";"Colisão traseira";"Com Vítimas Feridas";"Plena Noite";"Decrescente";"Céu Claro";"Múltipla";"Reta";"Sim";2;0;0;1;1;0;1;2;-23,33226094;-46,57675379;"SPRF-SP";"DEL03-SP";"UOP01-DEL03-SP"
472823;2022-09-06;"terça-feira";"19:15:00";"PE";428;187,9;"PETROLINA";"Acessar a via sem observar a presença dos outros veículos";"Colisão transversal";"Com Vítimas Feridas";"Plena Noite";"Crescente";"Céu Claro";"Dupla";"Em Obras";"Sim";2;0;1;0;0;1;1;2;-9,35604301;-40,47854198;"SPRF-PE";"DEL06-PE";"UOP01-DEL06-PE"
472824;2022-09-06;"terça-feira";"19:20:00";"PE";408;94;"SAO LOURENCO DA MATA";"Falta de elemento de contenção que evite a saída do leito carroçável";"Colisão com objeto";"Sem Vítimas";"Plena Noite";"Crescente";"Céu Claro";"Múltipla";"Reta";"Sim";1;0;0;0;0;1;0;1;-8,00448211;-35,04643006;"SPRF-PE";"DEL01-PE";"UOP01-DEL01-PE"
472825;2022-09-06;"terça-feira";"18:00:00";"MT";364;435,4;"VARZEA GRANDE";"Conversão proibida";"Colisão traseira";"Com Vítimas Feridas";"Anoitecer";"Crescente";"Céu Claro";"Múltipla";"Reta";"Sim";2;0;1;0;1;0;1;2;-15,64127781;-56,13085281;"SPRF-MT";"DEL01-MT";"UOP02-DEL01-MT"
472826;2022-09-06;"terça-feira";"19:10:00";"RS";285;121,4;"VACARIA";"Reação tardia ou ineficiente do condutor";"Colisão transversal";"Com Vítimas Feridas";"Plena Noite";"Crescente";"Céu Claro";"Simples";"Interseção de Vias";"Sim";3;0;1;0;1;1;1;3;-28,510252;-50,935688;"SPRF-RS";"DEL05-RS";"UOP03-DEL05-RS"
472828;2022-09-06;"terça-feira";"19:30:00";"RJ";101;318;"SAO GONCALO";"Manobra de mudança de faixa";"Colisão lateral mesmo sentido";"Com Vítimas Feridas";"Plena Noite";"Decrescente";"Céu Claro";"Dupla";"Reta";"Não";2;0;1;0;1;0;1;2;-22,84562994;-43,09841211;"SPRF-RJ";"DEL02-RJ";"UOP02-DEL02-RJ"
472829;2022-09-06;"terça-feira";"19:19:00";"GO";50;123,1;"IPAMERI";"Condutor Dormindo";"Colisão traseira";"Com Vítimas Feridas";"Plena Noite";"Crescente";"Céu Claro";"Dupla";"Reta";"Não";2;0;1;0;1;0;1;2;-16,957;-47,7357;"SPRF-GO";"DEL06-GO";"UOP01-DEL06-GO"
472830;2022-09-06;"terça-feira";"18:38:00";"RJ";40;53;"PETROPOLIS";"Entrada inopinada do pedestre";"Atropelamento de Pedestre";"Com Vítimas Feridas";"Plena Noite";"Decrescente";"Céu Claro";"Dupla";"Reta";"Não";2;0;0;1;0;1;1;2;-22,34399896;-43,13243691;"SPRF-RJ";"DEL05-RJ";"UOP02-DEL05-RJ"
472831;2022-09-06;"terça-feira";"18:00:00";"PB";230;14,4;"CABEDELO";"Avarias e/ou desgaste excessivo no pneu";"Tombamento";"Com Vítimas Feridas";"Plena Noite";"Crescente";"Céu Claro";"Dupla";"Reta";"Sim";3;0;0;2;1;0;2;2;-7,0844;-34,8488;"SPRF-PB";"DEL01-PB";"UOP01-DEL01-PB"
472832;2022-09-06;"terça-feira";"20:20:00";"PR";476;161,2;"ARAUCARIA";"Falta de elemento de contenção que evite a saída do leito carroçável";"Saída de leito carroçável";"Com Vítimas Feridas";"Plena Noite";"Crescente";"Chuva";"Simples";"Reta";"Não";3;0;1;0;2;0;1;1;-25,622871;-49,447582;"SPRF-PR";"DEL01-PR";"UOP03-DEL01-PR"
472833;2022-09-06;"terça-feira";"19:00:00";"MT";163;803;"SINOP";"Objeto estático sobre o leito carroçável";"Colisão com objeto";"Com Vítimas Feridas";"Plena Noite";"Crescente";"Céu Claro";"Simples";"Reta";"Não";1;0;1;0;0;0;1;1;-12,13790375;-55,51467538;"SPRF-MT";"DEL06-MT";"UOP01-DEL06-MT"
472837;2022-09-06;"terça-feira";"19:23:00";"RJ";116;176;"NOVA IGUACU";"Manobra de mudança de faixa";"Queda de ocupante de veículo";"Com Vítimas Feridas";"Plena Noite";"Crescente";"Céu Claro";"Múltipla";"Reta";"Sim";1;0;1;0;0;0;1;1;-22,7839538;-43,38195488;"SPRF-RJ";"DEL01-RJ";"UOP02-DEL01-RJ"
472839;2022-09-06;"terça-feira";"08:00:00";"SC";101;152;"ITAPEMA";"Desrespeitar a preferência no cruzamento";"Colisão transversal";"Com Vítimas Feridas";"Plena Noite";"Decrescente";"Chuva";"Simples";"Interseção de Vias";"Sim";2;0;1;0;1;0;1;2;-27,13563503;-48,61004665;"SPRF-SC";"DEL04-SC";"UOP03-DEL04-SC"
472841;2022-09-06;"terça-feira";"14:30:00";"PR";277;41,5;"MORRETES";"Mal súbito do condutor";"Saída de leito carroçável";"Com Vítimas Feridas";"Pleno dia";"Decrescente";"Nevoeiro/Neblina";"Dupla";"Reta";"Não";1;0;1;0;0;0;1;1;-25,57183811;-48,83586205;"SPRF-PR";"DEL01-PR";"UOP01-DEL01-PR"
472842;2022-09-06;"terça-feira";"21:00:00";"PE";104;64;"CARUARU";"Manobra de mudança de faixa";"Colisão lateral mesmo sentido";"Com Vítimas Feridas";"Plena Noite";"Crescente";"Céu Claro";"Múltipla";"Interseção de Vias";"Sim";3;0;2;0;1;0;2;2;-8,27587773;-35,98202705;"SPRF-PE";"DEL02-PE";"UOP01-DEL02-PE"
472843;2022-09-06;"terça-feira";"18:50:00";"CE";222;148;"IRAUCUBA";"Acessar a via sem observar a presença dos outros veículos";"Colisão lateral mesmo sentido";"Com Vítimas Feridas";"Plena Noite";"Crescente";"Céu Claro";"Simples";"Reta";"Sim";2;0;1;0;1;0;1;2;-3,75001226;-39,77295298;"SPRF-CE";"DEL04-CE";"UOP03-DEL04-CE"
472844;2022-09-06;"terça-feira";"18:20:00";"MG";40;658,4;"CARANDAI";"Ausência de reação do condutor";"Colisão com objeto";"Com Vítimas Feridas";"Plena Noite";"Crescente";"Céu Claro";"Simples";"Reta";"Não";1;0;1;0;0;0;1;1;-20,88523519;-43,80990585;"SPRF-MG";"DEL05-MG";"UOP02-DEL05-MG"
472845;2022-09-06;"terça-feira";"21:30:00";"PE";232;410;"SERRA TALHADA";"Ultrapassagem Indevida";"Colisão transversal";"Com Vítimas Feridas";"Plena Noite";"Crescente";"Nublado";"Simples";"Reta";"Sim";2;0;1;0;1;0;1;2;-7,98261841;-38,30039606;"SPRF-PE";"DEL04-PE";"UOP01-DEL04-PE"
472846;2022-09-06;"terça-feira";"21:20:00";"MG";262;37;"MANHUACU";"Transitar no acostamento";"Atropelamento de Pedestre";"Com Vítimas Feridas";"Plena Noite";"Crescente";"Céu Claro";"Simples";"Reta";"Sim";2;0;0;1;1;0;1;2;-20,25748975;-42,03048732;"SPRF-MG";"DEL06-MG";"UOP03-DEL06-MG"
472847;2022-09-06;"terça-feira";"20:55:00";"DF";40;2,1;"BRASILIA";"Manobra de mudança de faixa";"Colisão lateral mesmo sentido";"Com Vítimas Feridas";"Plena Noite";"Crescente";"Céu Claro";"Dupla";"Reta";"Sim";3;0;1;0;2;0;1;3;-15,99435;-47,985947;"SPRF-DF";"DEL01-DF";"UOP01-DEL01-DF"
472848;2022-09-06;"terça-feira";"18:40:00";"SC";153;64,7;"IRANI";"Iluminação deficiente";"Atropelamento de Pedestre";"Com Vítimas Fatais";"Plena Noite";"Decrescente";"Vento";"Simples";"Reta";"Sim";2;1;0;0;1;0;0;2;-27,014638;-51,880009;"SPRF-SC";"DEL07-SC";"UOP04-DEL07-SC"
472850;2022-09-06;"terça-feira";"20:30:00";"PR";376;628;"SAO JOSE DOS PINHAIS";"Acessar a via sem observar a presença dos outros veículos";"Colisão transversal";"Com Vítimas Feridas";"Plena Noite";"Decrescente";"Chuva";"Dupla";"Reta";"Não";2;0;1;0;1;0;1;2;-25,691092;-49,145538;"SPRF-PR";"DEL01-PR";"UOP04-DEL01-PR"
472851;2022-09-06;"terça-feira";"20:20:00";"PR";116;20;"ANTONINA";"Ausência de reação do condutor";"Atropelamento de Pedestre";"Com Vítimas Feridas";"Plena Noite";"Decrescente";"Chuva";"Dupla";"Reta";"Não";3;0;0;1;2;0;1;3;-25,10052421;-48,72981603;"SPRF-PR";"DEL01-PR";"UOP02-DEL01-PR"
472852;2022-09-06;"terça-feira";"21:50:00";"GO";60;92;"ANAPOLIS";"Acesso irregular";"Colisão frontal";"Com Vítimas Feridas";"Plena Noite";"Decrescente";"Céu Claro";"Dupla";"Reta";"Sim";4;0;1;0;2;1;1;3;-16,353;-48,9178;"SPRF-GO";"DEL02-GO";"UOP01-DEL02-GO"
472853;2022-09-06;"terça-feira";"21:00:00";"RS";470;213;"BENTO GONCALVES";"Reação tardia ou ineficiente do condutor";"Queda de ocupante de veículo";"Com Vítimas Feridas";"Plena Noite";"Decrescente";"Céu Claro";"Dupla";"Reta";"Sim";1;0;1;0;0;0;1;1;-29,138703;-51,542708;"SPRF-RS";"DEL06-RS";"UOP01-DEL06-RS"
472858;2022-09-06;"terça-feira";"22:50:00";"RS";386;368,7;"FAZENDA VILANOVA";"Ausência de reação do condutor";"Colisão traseira";"Com Vítimas Feridas";"Plena Noite";"Decrescente";"Céu Claro";"Dupla";"Reta";"Sim";3;0;1;0;2;0;1;2;-29,587745;-51,831019;"SPRF-RS";"DEL04-RS";"UOP02-DEL04-RS"
472859;2022-09-06;"terça-feira";"15:10:00";"BA";324;294;"JACOBINA";"Ingestão de substâncias psicoativas pelo condutor";"Saída de leito carroçável";"Com Vítimas Feridas";"Pleno dia";"Decrescente";"Céu Claro";"Simples";"Reta";"Não";2;0;2;0;0;0;2;1;-11,18544;-40,526198;"SPRF-BA";"DEL04-BA";"UOP02-DEL04-BA"
472860;2022-09-06;"terça-feira";"22:10:00";"MS";163;463;"CAMPO GRANDE";"Ingestão de álcool pelo condutor";"Saída de leito carroçável";"Com Vítimas Feridas";"Plena Noite";"Crescente";"Céu Claro";"Simples";"Reta";"Não";1;0;0;1;0;0;1;1;-20,61187111;-54,57639346;"SPRF-MS";"DEL01-MS";"UOP01-DEL01-MS"
472861;2022-09-06;"terça-feira";"23:50:00";"PR";116;84;"PIRAQUARA";"Animais na Pista";"Queda de ocupante de veículo";"Com Vítimas Feridas";"Plena Noite";"Crescente";"Garoa/Chuvisco";"Dupla";"Reta";"Não";1;0;0;1;0;0;1;1;-25,42607294;-49,07745304;"SPRF-PR";"DEL01-PR";"UOP02-DEL01-PR"
472862;2022-09-06;"terça-feira";"23:15:00";"RJ";116;166,9;"SAO JOAO DE MERITI";"Transitar na contramão";"Colisão lateral mesmo sentido";"Com Vítimas Feridas";"Plena Noite";"Crescente";"Céu Claro";"Dupla";"Reta";"Sim";3;0;2;0;1;0;2;2;-22,81560263;-43,30051808;"SPRF-RJ";"DEL01-RJ";"UOP02-DEL01-RJ"
472863;2022-09-06;"terça-feira";"23:30:00";"SP";116;269,7;"TABOAO DA SERRA";"Ausência de reação do condutor";"Colisão traseira";"Com Vítimas Feridas";"Plena Noite";"Crescente";"Nublado";"Múltipla";"Reta";"Sim";2;0;0;1;1;0;1;2;-23,61593059;-46,78826044;"SPRF-SP";"DEL04-SP";"UOP01-DEL04-SP"
472865;2022-09-07;"quarta-feira";"00:40:00";"PI";316;43,5;"LAGOA DO PIAUI";"Animais na Pista";"Atropelamento de Animal";"Com Vítimas Feridas";"Plena Noite";"Decrescente";"Nublado";"Simples";"Reta";"Não";5;0;2;1;2;0;3;1;-5,42838588;-42,6368727;"SPRF-PI";"DEL01-PI";"UOP02-DEL01-PI"
472866;2022-09-07;"quarta-feira";"00:40:00";"MG";40;546;"BELO HORIZONTE";"Condutor Dormindo";"Saída de leito carroçável";"Com Vítimas Feridas";"Plena Noite";"Decrescente";"Céu Claro";"Dupla";"Declive;Curva";"Não";1;0;0;1;0;0;1;1;-20,01444685;-43,96893823;"SPRF-MG";"DEL01-MG";"UOP02-DEL01-MG"
472867;2022-09-07;"quarta-feira";"00:54:00";"GO";40;5;"VALPARAISO DE GOIAS";"Transitar na contramão";"Colisão transversal";"Com Vítimas Feridas";"Plena Noite";"Decrescente";"Céu Claro";"Dupla";"Reta";"Sim";2;0;0;1;0;1;1;2;-16,093134;-47,982236;"SPRF-DF";"DEL01-DF";"UOP01-DEL01-DF"
472868;2022-09-07;"quarta-feira";"02:00:00";"PR";116;113;"CURITIBA";"Pedestre andava na pista";"Atropelamento de Pedestre";"Com Vítimas Feridas";"Plena Noite";"Crescente";"Chuva";"Dupla";"Interseção de Vias";"Sim";2;0;1;0;1;0;1;2;-25,54941106;-49,28295135;"SPRF-PR";"DEL01-PR";"UOP06-DEL01-PR"
472869;2022-09-06;"terça-feira";"22:40:00";"RO";364;236;"CACOAL";"Pedestre cruzava a pista fora da faixa";"Atropelamento de Pedestre";"Com Vítimas Feridas";"Plena Noite";"Crescente";"Céu Claro";"Simples";"Reta";"Sim";2;0;0;1;0;1;1;2;-11,44587672;-61,43784993;"SPRF-RO";"DEL02-RO";"UOP02-DEL02-RO"
472870;2022-09-07;"quarta-feira";"00:40:00";"RO";364;716,3;"PORTO VELHO";"Acesso irregular";"Colisão com objeto";"Com Vítimas Feridas";"Plena Noite";"Decrescente";"Céu Claro";"Dupla";"Reta";"Sim";1;0;0;1;0;0;1;1;-8,78573785;-63,89817015;"SPRF-RO";"DEL01-RO";"UOP01-DEL01-RO"
472871;2022-09-07;"quarta-feira";"02:25:00";"PR";476;127;"CURITIBA";"Condutor Dormindo";"Saída de leito carroçável";"Sem Vítimas";"Plena Noite";"Decrescente";"Chuva";"Dupla";"Reta";"Sim";1;0;0;0;0;1;0;1;-25,425167;-49,227158;"SPRF-PR";"DEL01-PR";"UOP01-DEL01-PR"
472872;2022-09-06;"terça-feira";"17:30:00";"MA";10;244;"IMPERATRIZ";"Condutor deixou de manter distância do veículo da frente";"Engavetamento";"Sem Vítimas";"Plena Noite";"Crescente";"Céu Claro";"Simples";"Reta";"Não";3;0;0;0;3;0;0;3;-5,596112;-47,42886;"SPRF-MA";"DEL04-MA";"UOP01-DEL04-MA"
472873;2022-09-07;"quarta-feira";"02:50:00";"RS";285;208,6;"LAGOA VERMELHA";"Acesso irregular";"Colisão traseira";"Com Vítimas Feridas";"Plena Noite";"Crescente";"Céu Claro";"Simples";"Reta;Interseção de Vias";"Não";4;0;3;0;1;0;3;2;-28,221825;-51,598278;"SPRF-RS";"DEL08-RS";"UOP05-DEL08-RS"
472874;2022-09-07;"quarta-feira";"04:00:00";"RJ";40;11,5;"TRES RIOS";"Condutor Dormindo";"Colisão com objeto";"Com Vítimas Feridas";"Plena Noite";"Crescente";"Céu Claro";"Dupla";"Curva";"Não";1;0;1;0;0;0;1;1;-22,05001673;-43,19798574;"SPRF-RJ";"DEL05-RJ";"UOP02-DEL05-RJ"
472875;2022-09-07;"quarta-feira";"04:35:00";"PE";101;51;"ABREU E LIMA";"Velocidade Incompatível";"Saída de leito carroçável";"Sem Vítimas";"Amanhecer";"Decrescente";"Nublado";"Múltipla";"Reta";"Sim";1;0;0;0;0;1;0;1;-7,9169968;-34,89689272;"SPRF-PE";"DEL01-PE";"UOP02-DEL01-PE"
472876;2022-09-07;"quarta-feira";"03:40:00";"RS";116;421;"CRISTAL";"Condutor Dormindo";"Saída de leito carroçável";"Com Vítimas Feridas";"Plena Noite";"Decrescente";"Nevoeiro/Neblina";"Simples";"Reta";"Não";4;0;2;2;0;0;4;1;-30,96507399;-51,986572;"SPRF-RS";"DEL02-RS";"UOP02-DEL02-RS"
472877;2022-09-07;"quarta-feira";"03:30:00";"RS";470;219;"BENTO GONCALVES";"Reação tardia ou ineficiente do condutor";"Tombamento";"Com Vítimas Fatais";"Plena Noite";"Crescente";"Nublado";"Simples";"Curva;Declive";"Não";2;1;1;0;0;0;1;1;-29,17909489;-51,51855675;"SPRF-RS";"DEL06-RS";"UOP01-DEL06-RS"
472878;2022-09-07;"quarta-feira";"04:50:00";"PE";424;109,1;"GARANHUNS";"Ingestão de álcool pelo condutor";"Colisão lateral sentido oposto";"Sem Vítimas";"Amanhecer";"Decrescente";"Céu Claro";"Simples";"Reta";"Não";2;0;0;0;2;0;0;2;-8,998467;-36,473772;"SPRF-PE";"DEL03-PE";"UOP01-DEL03-PE"
472879;2022-09-07;"quarta-feira";"05:08:00";"SC";101;174,5;"BIGUACU";"Reação tardia ou ineficiente do condutor";"Saída de leito carroçável";"Com Vítimas Feridas";"Plena Noite";"Crescente";"Chuva";"Dupla";"Retorno Regulamentado";"Não";1;0;1;0;0;0;1;1;-27,33081601;-48,62697562;"SPRF-SC";"DEL01-SC";"UOP01-DEL01-SC"
472880;2022-06-30;"quinta-feira";"23:20:00";"CE";20;408,1;"CAUCAIA";"Afundamento ou ondulação no pavimento";"Tombamento";"Com Vítimas Feridas";"Plena Noite";"Decrescente";"Céu Claro";"Dupla";"Reta";"Não";1;0;0;1;0;0;1;1;-3,78634094;-38,65466779;"SPRF-CE";"DEL01-CE";"UOP01-DEL01-CE"
472881;2022-09-07;"quarta-feira";"04:00:00";"RS";392;241;"CACAPAVA DO SUL";"Ingestão de álcool e/ou substâncias psicoativas pelo pedestre";"Saída de leito carroçável";"Com Vítimas Feridas";"Plena Noite";"Decrescente";"Céu Claro";"Simples";"Reta";"Não";1;0;1;0;0;0;1;1;-30,6034368;-53,3685565;"SPRF-RS";"DEL09-RS";"UOP02-DEL09-RS"
472884;2022-09-07;"quarta-feira";"04:00:00";"MT";163;823;"SINOP";"Condutor deixou de manter distância do veículo da frente";"Colisão traseira";"Com Vítimas Feridas";"Plena Noite";"Decrescente";"Céu Claro";"Simples";"Reta";"Sim";1;0;0;1;0;0;1;1;-12,094512;-55,51767;"SPRF-MT";"DEL06-MT";"UOP01-DEL06-MT"
472885;2022-09-07;"quarta-feira";"05:45:00";"BA";324;513,6;"FEIRA DE SANTANA";"Ingestão de álcool e/ou substâncias psicoativas pelo pedestre";"Queda de ocupante de veículo";"Com Vítimas Feridas";"Amanhecer";"Decrescente";"Céu Claro";"Simples";"Reta";"Sim";1;0;0;1;0;0;1;1;-12,22584428;-38,96500584;"SPRF-BA";"DEL02-BA";"UOP01-DEL02-BA"
472886;2022-09-07;"quarta-feira";"03:45:00";"ES";101;183;"ARACRUZ";"Reação tardia ou ineficiente do condutor";"Colisão lateral mesmo sentido";"Com Vítimas Feridas";"Plena Noite";"Decrescente";"Céu Claro";"Simples";"Reta";"Não";6;0;0;1;4;1;1;3;-19,64708421;-40,23286555;"SPRF-ES";"DEL04-ES";"UOP01-DEL04-ES"
472887;2022-09-07;"quarta-feira";"05:30:00";"PR";116;141;"MANDIRITUBA";"Reação tardia ou ineficiente do condutor";"Saída de leito carroçável";"Sem Vítimas";"Amanhecer";"Decrescente";"Nublado";"Múltipla";"Reta";"Sim";1;0;0;0;0;1;0;1;-25,73749;-49,31762782;"SPRF-PR";"DEL01-PR";"UOP03-DEL01-PR"
472888;2022-09-07;"quarta-feira";"05:20:00";"SC";470;44,2;"GASPAR";"Chuva";"Saída de leito carroçável";"Com Vítimas Feridas";"Plena Noite";"Decrescente";"Chuva";"Dupla";"Reta";"Não";2;0;1;0;1;0;1;1;-26,870665;-49,021896;"SPRF-SC";"DEL04-SC";"UOP01-DEL04-SC"
472890;2022-09-07;"quarta-feira";"05:50:00";"MG";50;180;"UBERABA";"Animais na Pista";"Atropelamento de Animal";"Com Vítimas Feridas";"Pleno dia";"Crescente";"Céu Claro";"Dupla";"Curva";"Sim";1;0;0;1;0;0;1;1;-19,77848216;-47,92194709;"SPRF-MG";"DEL13-MG";"UOP01-DEL13-MG"
472893;2022-09-07;"quarta-feira";"00:30:00";"GO";364;70;"CACHOEIRA ALTA";"Demais falhas mecânicas ou elétricas";"Queda de ocupante de veículo";"Com Vítimas Feridas";"Plena Noite";"Decrescente";"Céu Claro";"Simples";"Reta";"Não";2;0;2;0;0;0;2;1;-18,65638;-50,998772;"SPRF-GO";"DEL05-GO";"UOP02-DEL05-GO"
472895;2022-09-07;"quarta-feira";"06:47:00";"SP";116;158;"JACAREI";"Objeto estático sobre o leito carroçável";"Colisão com objeto";"Com Vítimas Feridas";"Pleno dia";"Crescente";"Céu Claro";"Simples";"Retorno Regulamentado";"Não";1;0;1;0;0;0;1;1;-23,26072137;-45,95179176;"SPRF-SP";"DEL02-SP";"UOP01-DEL02-SP"
472896;2022-09-07;"quarta-feira";"03:45:00";"MG";365;796,2;"GURINHATA";"Ingestão de álcool pelo condutor";"Saída de leito carroçável";"Sem Vítimas";"Plena Noite";"Crescente";"Céu Claro";"Simples";"Reta";"Não";1;0;0;0;1;0;0;1;-18,91892525;-49,87241909;"SPRF-MG";"DEL15-MG";"UOP03-DEL15-MG"
472897;2022-09-07;"quarta-feira";"07:00:00";"SC";101;189;"BIGUACU";"Acumulo de óleo sobre o pavimento";"Queda de ocupante de veículo";"Com Vítimas Feridas";"Pleno dia";"Decrescente";"Chuva";"Dupla";"Curva";"Não";2;0;1;0;1;0;1;1;-27,459393;-48,638914;"SPRF-SC";"DEL01-SC";"UOP01-DEL01-SC"
472898;2022-09-07;"quarta-feira";"05:45:00";"SC";163;69,8;"SAO MIGUEL DO OESTE";"Ingestão de álcool pelo condutor";"Saída de leito carroçável";"Com Vítimas Feridas";"Plena Noite";"Crescente";"Ignorado";"Dupla";"Aclive;Reta";"Sim";2;0;1;0;0;1;1;2;-26,73605512;-53,50436015;"SPRF-SC";"DEL07-SC";"UOP03-DEL07-SC"
472899;2022-09-06;"terça-feira";"11:30:00";"MG";365;478;"PATROCINIO";"Acostamento em desnível";"Colisão lateral sentido oposto";"Com Vítimas Feridas";"Pleno dia";"Decrescente";"Céu Claro";"Simples";"Reta";"Não";3;0;1;0;2;0;1;2;-18,90214507;-47,05494004;"SPRF-MG";"DEL10-MG";"UOP01-DEL10-MG"
472901;2022-09-07;"quarta-feira";"06:50:00";"RN";101;112;"PARNAMIRIM";"Transitar na contramão";"Colisão frontal";"Com Vítimas Feridas";"Pleno dia";"Crescente";"Céu Claro";"Dupla";"Aclive";"Não";2;0;2;0;0;0;2;2;-5,96429;-35,264877;"SPRF-RN";"DEL01-RN";"UOP01-DEL01-RN"
472902;2022-09-07;"quarta-feira";"07:00:00";"SP";116;288;"ITAPECERICA DA SERRA";"Ausência de reação do condutor";"Saída de leito carroçável";"Com Vítimas Feridas";"Pleno dia";"Decrescente";"Garoa/Chuvisco";"Dupla";"Reta";"Sim";3;0;1;0;2;0;1;1;-23,719254;-46,883144;"SPRF-SP";"DEL04-SP";"UOP01-DEL04-SP"
472903;2022-09-07;"quarta-feira";"06:00:00";"RS";116;512;"PELOTAS";"Ausência de reação do condutor";"Saída de leito carroçável";"Com Vítimas Feridas";"Amanhecer";"Decrescente";"Nevoeiro/Neblina";"Múltipla";"Interseção de Vias";"Sim";1;0;1;0;0;0;1;1;-31,63498138;-52,3311397;"SPRF-RS";"DEL07-RS";"UOP01-DEL07-RS"
472904;2022-09-07;"quarta-feira";"06:30:00";"PR";376;534;"PALMEIRA";"Manobra de mudança de faixa";"Colisão traseira";"Com Vítimas Feridas";"Amanhecer";"Decrescente";"Garoa/Chuvisco";"Dupla";"Reta";"Não";9;0;1;0;8;0;1;2;-25,37384112;-49,81593012;"SPRF-PR";"DEL03-PR";"UOP03-DEL03-PR"
472905;2022-09-07;"quarta-feira";"07:20:00";"PR";376;304,7;"MAUA DA SERRA";"Velocidade Incompatível";"Capotamento";"Com Vítimas Feridas";"Pleno dia";"Decrescente";"Chuva";"Dupla";"Curva";"Não";4;0;1;0;3;0;1;1;-23,952969;-51,114033;"SPRF-PR";"DEL07-PR";"UOP02-DEL07-PR"
472906;2022-09-07;"quarta-feira";"07:00:00";"MG";40;508,8;"RIBEIRAO DAS NEVES";"Acumulo de óleo sobre o pavimento";"Queda de ocupante de veículo";"Com Vítimas Feridas";"Pleno dia";"Crescente";"Céu Claro";"Dupla";"Retorno Regulamentado";"Sim";1;0;1;0;0;0;1;1;-19,76520924;-44,13013816;"SPRF-MG";"DEL01-MG";"UOP02-DEL01-MG"
472907;2022-09-07;"quarta-feira";"06:50:00";"PR";376;655,5;"TIJUCAS DO SUL";"Velocidade Incompatível";"Saída de leito carroçável";"Com Vítimas Feridas";"Pleno dia";"Crescente";"Garoa/Chuvisco";"Simples";"Curva";"Não";1;0;1;0;0;0;1;1;-25,84642894;-49,03607349;"SPRF-PR";"DEL01-PR";"UOP04-DEL01-PR"
472908;2022-09-07;"quarta-feira";"06:50:00";"MG";381;326;"NOVA ERA";"Velocidade Incompatível";"Saída de leito carroçável";"Com Vítimas Feridas";"Pleno dia";"Decrescente";"Céu Claro";"Simples";"Curva";"Não";1;0;1;0;0;0;1;1;-19,76099646;-43,0362466;"SPRF-MG";"DEL03-MG";"UOP02-DEL03-MG"
472909;2022-09-07;"quarta-feira";"07:56:00";"DF";20;40;"BRASILIA";"Velocidade Incompatível";"Saída de leito carroçável";"Com Vítimas Feridas";"Pleno dia";"Crescente";"Céu Claro";"Dupla";"Aclive";"Não";3;0;2;1;0;0;3;1;-15,581853;-47,512711;"SPRF-DF";"DEL02-DF";"UOP01-DEL02-DF"