"id";"data_inversa";"dia_semana";"horario";"uf";"br";"km";"municipio";"causa_acidente";"tipo_acidente";"classificacao_acidente";"fase_dia";"sentido_via";"condicao_metereologica";"tipo_pista";"tracado_via";"uso_solo";"pessoas";"mortos";"feridos_leves";"feridos_graves";"ilesos";"ignorados";"feridos";"veiculos";"latitude";"longitude";"regional";"delegacia";"uop"
473018;2022-09-07;"quarta-feira";"18:15:00";"BA";101;328;"PRESIDENTE TANCREDO NEVES";"Velocidade Incompatível";"Colisão transversal";"Com Vítimas Feridas";"Plena Noite";"Decrescente";"Chuva";"Simples";"Reta";"Sim";2;0;0;1;0;1;1;2;-13,56160256;-39,46908429;"SPRF-BA";"DEL05-BA";"UOP03-DEL05-BA"
473019;2022-09-07;"quarta-feira";"14:30:00";"PA";230;0;"PALESTINA DO PARA";"Ausência de reação do condutor";"Colisão traseira";"Com Vítimas Feridas";"Pleno dia";"Decrescente";"Céu Claro";"Simples";"Ponte";"Não";3;0;1;0;2;0;1;2;-5,70891393;-48,17333221;"SPRF-PA";"DEL03-PA";"UOP01-DEL03-PA"
473020;2022-09-07;"quarta-feira";"22:00:00";"AL";101;133;"SAO MIGUEL DOS CAMPOS";"Acessar a via sem observar a presença dos outros veículos";"Colisão transversal";"Com Vítimas Feridas";"Plena Noite";"Crescente";"Ignorado";"Simples";"Rotatória";"Não";2;0;1;0;1;0;1;2;-9,77267463;-36,10116533;"SPRF-AL";"DEL02-AL";"UOP01-DEL02-AL"
473022;2022-09-07;"quarta-feira";"18:57:00";"PE";232;34;"MORENO";"Acessar a via sem observar a presença dos outros veículos";"Colisão traseira";"Sem Vítimas";"Plena Noite";"Crescente";"Céu Claro";"Simples";"Reta";"Sim";2;0;0;0;1;1;0;2;-8,10702537;-35,18394691;"SPRF-PE";"DEL01-PE";"UOP01-DEL01-PE"
473024;2022-09-07;"quarta-feira";"22:15:00";"PR";116;121;"CURITIBA";"Velocidade Incompatível";"Saída de leito carroçável";"Com Vítimas Feridas";"Plena Noite";"Crescente";"Nublado";"Dupla";"Reta";"Sim";3;0;1;0;2;0;1;1;-25,596827;-49,31669;"SPRF-PR";"DEL01-PR";"UOP03-DEL01-PR"
473029;2022-09-07;"quarta-feira";"23:30:00";"MG";262;799;"UBERABA";"Ingestão de substâncias psicoativas pelo condutor";"Saída de leito carroçável";"Com Vítimas Feridas";"Plena Noite";"Crescente";"Céu Claro";"Simples";"Reta";"Sim";1;0;1;0;0;0;1;1;-19,77864246;-47,93629597;"SPRF-MG";"DEL13-MG";"UOP01-DEL13-MG"
473030;2022-09-07;"quarta-feira";"21:00:00";"PE";428;183,7;"PETROLINA";"Transitar na contramão";"Colisão frontal";"Com Vítimas Fatais";"Plena Noite";"Decrescente";"Céu Claro";"Simples";"Reta";"Sim";2;1;0;0;0;1;0;2;-9,32412987;-40,46211325;"SPRF-PE";"DEL06-PE";"UOP01-DEL06-PE"
473031;2022-09-07;"quarta-feira";"21:00:00";"MG";365;506;"PATROCINIO";"Reação tardia ou ineficiente do condutor";"Saída de leito carroçável";"Com Vítimas Feridas";"Plena Noite";"Decrescente";"Céu Claro";"Simples";"Reta;Aclive";"Não";1;0;1;0;0;0;1;1;-18,95482696;-47,2629261;"SPRF-MG";"DEL10-MG";"UOP01-DEL10-MG"
473033;2022-09-08;"quinta-feira";"00:00:00";"GO";40;1;"VALPARAISO DE GOIAS";"Reação tardia ou ineficiente do condutor";"Tombamento";"Com Vítimas Feridas";"Plena Noite";"Crescente";"Céu Claro";"Dupla";"Reta";"Sim";2;0;1;0;1;0;1;2;-16,058245;-47,982825;"SPRF-DF";"DEL01-DF";"UOP01-DEL01-DF"
473035;2022-09-07;"quarta-feira";"23:30:00";"PR";487;162;"CAMPO MOURAO";"Animais na Pista";"Atropelamento de Animal";"Com Vítimas Feridas";"Plena Noite";"Crescente";"Céu Claro";"Simples";"Reta";"Não";1;0;1;0;0;0;1;1;-23,97971998;-52,53828799;"SPRF-PR";"DEL09-PR";"UOP03-DEL09-PR"
473036;2022-09-07;"quarta-feira";"20:40:00";"PR";277;575,4;"CASCAVEL";"Ultrapassagem Indevida";"Colisão frontal";"Com Vítimas Fatais";"Plena Noite";"Decrescente";"Nublado";"Simples";"Reta";"Não";6;1;0;0;4;1;0;4;-24,9889184;-53,3242221;"SPRF-PR";"DEL04-PR";"UOP01-DEL04-PR"
473037;2022-09-07;"quarta-feira";"22:30:00";"SC";480;129;"CHAPECO";"Ingestão de álcool pelo condutor";"Colisão com objeto";"Com Vítimas Feridas";"Plena Noite";"Decrescente";"Céu Claro";"Dupla";"Curva";"Sim";1;0;1;0;0;0;1;1;-27,04656607;-52,63577131;"SPRF-SC";"DEL07-SC";"UOP01-DEL07-SC"
473039;2022-09-08;"quinta-feira";"00:25:00";"SC";101;210;"SAO JOSE";"Velocidade Incompatível";"Colisão traseira";"Com Vítimas Feridas";"Plena Noite";"Crescente";"Céu Claro";"Dupla";"Reta";"Sim";6;0;4;1;1;0;5;2;-27,61822327;-48,64727587;"SPRF-SC";"DEL01-SC";"UOP01-DEL01-SC"
473040;2022-09-08;"quinta-feira";"01:40:00";"RJ";101;305;"SAO GONCALO";"Animais na Pista";"Atropelamento de Animal";"Com Vítimas Feridas";"Plena Noite";"Decrescente";"Céu Claro";"Dupla";"Reta";"Sim";2;0;1;0;1;0;1;1;-22,78702832;-42,99589293;"SPRF-RJ";"DEL02-RJ";"UOP02-DEL02-RJ"
473041;2022-09-08;"quinta-feira";"00:45:00";"SC";280;82;"CORUPA";"Acesso irregular";"Colisão lateral mesmo sentido";"Com Vítimas Feridas";"Plena Noite";"Decrescente";"Céu Claro";"Simples";"Reta";"Sim";2;0;1;0;1;0;1;2;-26,44009491;-49,22605498;"SPRF-SC";"DEL06-SC";"UOP03-DEL06-SC"
473042;2022-09-08;"quinta-feira";"01:15:00";"RS";158;487,1;"ROSARIO DO SUL";"Condutor Dormindo";"Colisão transversal";"Com Vítimas Feridas";"Plena Noite";"Crescente";"Céu Claro";"Simples";"Reta";"Não";3;0;2;1;0;0;3;2;-30,40645401;-55,04330897;"SPRF-RS";"DEL11-RS";"UOP02-DEL11-RS"
473043;2022-09-08;"quinta-feira";"01:50:00";"RJ";101;455,9;"ANGRA DOS REIS";"Demais falhas mecânicas ou elétricas";"Incêndio";"Sem Vítimas";"Plena Noite";"Crescente";"Nublado";"Dupla";"Reta";"Sim";2;0;0;0;2;0;0;1;-23,03130715;-44,15918011;"SPRF-RJ";"DEL03-RJ";"UOP02-DEL03-RJ"
473044;2022-09-08;"quinta-feira";"03:20:00";"GO";50;278;"CATALAO";"Ingestão de álcool pelo condutor";"Saída de leito carroçável";"Sem Vítimas";"Plena Noite";"Crescente";"Céu Claro";"Simples";"Reta";"Sim";1;0;0;0;0;1;0;1;-18,1696;-47,92;"SPRF-GO";"DEL06-GO";"UOP01-DEL06-GO"
473046;2022-09-08;"quinta-feira";"03:30:00";"PI";407;431;"GEMINIANO";"Ausência de reação do condutor";"Colisão traseira";"Com Vítimas Feridas";"Plena Noite";"Decrescente";"Céu Claro";"Simples";"Reta";"Não";5;0;1;1;2;1;2;3;-7,149877;-41,37039;"SPRF-PI";"DEL04-PI";"UOP01-DEL04-PI"
473048;2022-09-08;"quinta-feira";"03:09:00";"MA";135;3,3;"SAO LUIS";"Transitar na contramão";"Colisão frontal";"Com Vítimas Feridas";"Plena Noite";"Decrescente";"Céu Claro";"Dupla";"Reta";"Sim";2;0;0;1;0;1;1;2;-2,606802;-44,247512;"SPRF-MA";"DEL01-MA";"UOP01-DEL01-MA"
473050;2022-09-07;"quarta-feira";"18:50:00";"SC";101;285;"IMBITUBA";"Ingestão de álcool pelo condutor";"Saída de leito carroçável";"Sem Vítimas";"Plena Noite";"Decrescente";"Garoa/Chuvisco";"Múltipla";"Curva;Declive";"Não";1;0;0;0;1;0;0;1;-28,22116606;-48,70063047;"SPRF-SC";"DEL02-SC";"UOP03-DEL02-SC"
473051;2022-09-08;"quinta-feira";"05:40:00";"MG";381;451;"SABARA";"Velocidade Incompatível";"Atropelamento de Pedestre";"Com Vítimas Feridas";"Amanhecer";"Decrescente";"Céu Claro";"Simples";"Em Obras";"Sim";5;0;0;1;1;3;1;2;-19,83832024;-43,8806931;"SPRF-MG";"DEL01-MG";"UOP01-DEL01-MG"
473053;2022-09-08;"quinta-feira";"05:30:00";"SP";381;82;"SAO PAULO";"Demais falhas mecânicas ou elétricas";"Incêndio";"Sem Vítimas";"Amanhecer";"Decrescente";"Céu Claro";"Múltipla";"Reta";"Não";1;0;0;0;0;1;0;1;-23,42399;-46,575112;"SPRF-SP";"DEL03-SP";"UOP01-DEL03-SP"
473054;2022-09-08;"quinta-feira";"05:30:00";"RJ";116;175;"NOVA IGUACU";"Reação tardia ou ineficiente do condutor";"Colisão traseira";"Com Vítimas Feridas";"Amanhecer";"Decrescente";"Céu Claro";"Múltipla";"Reta";"Sim";2;0;1;0;1;0;1;2;-22,76189635;-43,42303276;"SPRF-RJ";"DEL01-RJ";"UOP02-DEL01-RJ"
473056;2022-09-08;"quinta-feira";"04:40:00";"MS";163;832;"SONORA";"Ingestão de álcool pelo condutor";"Saída de leito carroçável";"Com Vítimas Feridas";"Amanhecer";"Decrescente";"Céu Claro";"Simples";"Reta";"Não";2;0;2;0;0;0;2;1;-17,645239;-54,747734;"SPRF-MS";"DEL06-MS";"UOP01-DEL06-MS"
473057;2022-09-08;"quinta-feira";"01:15:00";"GO";50;113;"CRISTALINA";"Condutor Dormindo";"Saída de leito carroçável";"Com Vítimas Feridas";"Plena Noite";"Crescente";"Céu Claro";"Dupla";"Reta";"Não";1;0;0;1;0;0;1;1;-16,9309;-47,7117;"SPRF-DF";"DEL01-DF";"UOP02-DEL01-DF"
473059;2022-09-08;"quinta-feira";"07:05:00";"BA";116;461;"SANTO ESTEVAO";"Acesso irregular";"Atropelamento de Pedestre";"Com Vítimas Fatais";"Pleno dia";"Decrescente";"Garoa/Chuvisco";"Dupla";"Reta";"Sim";2;1;0;0;0;1;0;2;-12,43062602;-39,21411599;"SPRF-BA";"DEL02-BA";"UOP01-DEL02-BA"
473061;2022-09-08;"quinta-feira";"06:30:00";"MG";262;44,8;"MANHUACU";"Ausência de reação do condutor";"Tombamento";"Com Vítimas Feridas";"Pleno dia";"Decrescente";"Nublado";"Simples";"Curva";"Não";1;0;1;0;0;0;1;1;-20,26011575;-42,08811198;"SPRF-MG";"DEL06-MG";"UOP03-DEL06-MG"
473063;2022-09-08;"quinta-feira";"02:30:00";"RJ";101;382;"RIO DE JANEIRO";"Pedestre andava na pista";"Atropelamento de Pedestre";"Com Vítimas Fatais";"Plena Noite";"Decrescente";"Céu Claro";"Múltipla";"Reta";"Sim";6;1;0;0;0;5;0;6;-22,87265669;-43,60655915;"SPRF-RJ";"DEL03-RJ";"UOP01-DEL03-RJ"
473065;2022-09-07;"quarta-feira";"21:20:00";"RJ";40;108;"DUQUE DE CAXIAS";"Manobra de mudança de faixa";"Colisão lateral mesmo sentido";"Com Vítimas Feridas";"Plena Noite";"Crescente";"Céu Claro";"Dupla";"Reta";"Sim";2;0;1;0;1;0;1;2;-22,66476979;-43,28495144;"SPRF-RJ";"DEL01-RJ";"UOP01-DEL01-RJ"
473066;2022-09-08;"quinta-feira";"06:35:00";"SC";101;206,8;"SAO JOSE";"Reação tardia ou ineficiente do condutor";"Colisão traseira";"Com Vítimas Feridas";"Amanhecer";"Decrescente";"Céu Claro";"Múltipla";"Reta";"Sim";6;0;1;2;3;0;3;5;-27,598934;-48,621508;"SPRF-SC";"DEL01-SC";"UOP01-DEL01-SC"
473067;2022-09-08;"quinta-feira";"06:25:00";"RJ";101;312;"SAO GONCALO";"Manobra de mudança de faixa";"Colisão lateral mesmo sentido";"Com Vítimas Feridas";"Pleno dia";"Crescente";"Céu Claro";"Simples";"Reta";"Sim";2;0;2;0;0;0;2;2;-22,80546555;-43,06156967;"SPRF-RJ";"DEL02-RJ";"UOP02-DEL02-RJ"
473070;2022-09-08;"quinta-feira";"06:55:00";"BA";116;824,5;"VITORIA DA CONQUISTA";"Velocidade Incompatível";"Colisão traseira";"Com Vítimas Feridas";"Pleno dia";"Crescente";"Chuva";"Dupla";"Reta";"Sim";2;0;1;0;1;0;1;2;-14,867149;-40,8507923;"SPRF-BA";"DEL08-BA";"UOP01-DEL08-BA"
473071;2022-09-08;"quinta-feira";"07:42:00";"SC";101;216,7;"PALHOCA";"Reação tardia ou ineficiente do condutor";"Colisão traseira";"Com Vítimas Feridas";"Pleno dia";"Decrescente";"Céu Claro";"Múltipla";"Reta";"Sim";2;0;0;1;1;0;1;2;-27,65981409;-48,67747798;"SPRF-SC";"DEL01-SC";"UOP02-DEL01-SC"
473072;2022-09-08;"quinta-feira";"07:25:00";"GO";40;3,9;"VALPARAISO DE GOIAS";"Acumulo de óleo sobre o pavimento";"Tombamento";"Com Vítimas Feridas";"Pleno dia";"Decrescente";"Céu Claro";"Dupla";"Reta";"Sim";2;0;2;0;0;0;2;1;-16,07606319;-47,98542738;"SPRF-DF";"DEL01-DF";"UOP01-DEL01-DF"
473073;2022-09-08;"quinta-feira";"07:15:00";"SC";470;7;"NAVEGANTES";"Reação tardia ou ineficiente do condutor";"Colisão traseira";"Com Vítimas Feridas";"Pleno dia";"Crescente";"Nevoeiro/Neblina";"Simples";"Reta";"Sim";2;0;1;0;1;0;1;2;-26,84499;-48,71505;"SPRF-SC";"DEL04-SC";"UOP04-DEL04-SC"
473074;2022-09-08;"quinta-feira";"07:45:00";"SE";235;85,8;"FREI PAULO";"Desrespeitar a preferência no cruzamento";"Colisão transversal";"Com Vítimas Feridas";"Pleno dia";"Crescente";"Céu Claro";"Simples";"Interseção de Vias";"Não";3;0;1;2;0;0;3;2;-10,54357943;-37,64165461;"SPRF-SE";"DEL01-SE";"UOP02-DEL01-SE"
473075;2022-09-08;"quinta-feira";"07:30:00";"BA";324;613;"SALVADOR";"Manobra de mudança de faixa";"Colisão lateral mesmo sentido";"Com Vítimas Feridas";"Pleno dia";"Decrescente";"Garoa/Chuvisco";"Dupla";"Reta";"Não";3;0;2;0;1;0;2;2;-12,85531601;-38,42055197;"SPRF-BA";"DEL01-BA";"UOP01-DEL01-BA"
473076;2022-09-08;"quinta-feira";"07:35:00";"MG";381;1;"BETIM";"Reação tardia ou ineficiente do condutor";"Colisão traseira";"Com Vítimas Feridas";"Pleno dia";"Decrescente";"Céu Claro";"Dupla";"Aclive;Reta";"Sim";2;0;1;0;1;0;1;2;-19,969866;-44,159945;"SPRF-MG";"DEL01-MG";"UOP03-DEL01-MG"
473079;2022-01-23;"domingo";"19:00:00";"MG";262;12,9;"MARTINS SOARES";"Ingestão de álcool e/ou substâncias psicoativas pelo pedestre";"Colisão com objeto";"Com Vítimas Feridas";"Plena Noite";"Crescente";"Céu Claro";"Simples";"Reta";"Não";1;0;0;1;0;0;1;1;-20,25303293;-41,85361008;"SPRF-MG";"DEL06-MG";"UOP03-DEL06-MG"
473081;2022-09-08;"quinta-feira";"08:20:00";"SC";282;6;"SAO JOSE";"Reação tardia ou ineficiente do condutor";"Colisão traseira";"Com Vítimas Feridas";"Pleno dia";"Crescente";"Céu Claro";"Múltipla";"Curva";"Sim";2;0;1;0;1;0;1;2;-27,591936;-48,618244;"SPRF-SC";"DEL01-SC";"UOP01-DEL01-SC"
473082;2022-09-07;"quarta-feira";"23:01:00";"MT";70;122,3;"GENERAL CARNEIRO";"Acostamento em desnível";"Saída de leito carroçável";"Com Vítimas Fatais";"Plena Noite";"Decrescente";"Ignorado";"Simples";"Reta";"Não";3;1;0;0;2;0;0;1;-15,60211188;-53,13912604;"SPRF-MT";"DEL07-MT";"UOP01-DEL07-MT"
473083;2022-09-08;"quinta-feira";"05:40:00";"SC";101;319,8;"PESCARIA BRAVA";"Animais na Pista";"Atropelamento de Animal";"Com Vítimas Feridas";"Amanhecer";"Crescente";"Nublado";"Dupla";"Reta";"Não";2;0;2;0;0;0;2;1;-28,42978736;-48,87148792;"SPRF-SC";"DEL02-SC";"UOP01-DEL02-SC"
473084;2022-09-08;"quinta-feira";"07:15:00";"SC";101;121;"ITAJAI";"Manobra de mudança de faixa";"Colisão lateral mesmo sentido";"Com Vítimas Feridas";"Pleno dia";"Decrescente";"Nublado";"Múltipla";"Reta";"Sim";2;0;0;1;1;0;1;2;-26,92103178;-48,70856446;"SPRF-SC";"DEL04-SC";"UOP04-DEL04-SC"
473085;2022-09-08;"quinta-feira";"08:45:00";"GO";70;2;"AGUAS LINDAS DE GOIAS";"Velocidade Incompatível";"Saída de leito carroçável";"Com Vítimas Feridas";"Pleno dia";"Decrescente";"Sol";"Dupla";"Declive;Curva";"Sim";1;0;1;0;0;0;1;1;-15,767021;-48,229945;"SPRF-DF";"DEL03-DF";"UOP02-DEL03-DF"
473088;2022-09-08;"quinta-feira";"07:30:00";"PR";369;383,2;"MAMBORE";"Afundamento ou ondulação no pavimento";"Queda de ocupante de veículo";"Com Vítimas Feridas";"Pleno dia";"Decrescente";"Sol";"Simples";"Reta";"Não";1;0;1;0;0;0;1;1;-24,2328;-52,52;"SPRF-PR";"DEL04-PR";"UOP03-DEL04-PR"
473089;2022-09-08;"quinta-feira";"08:30:00";"RS";116;249;"SAO LEOPOLDO";"Condutor deixou de manter distância do veículo da frente";"Engavetamento";"Com Vítimas Feridas";"Pleno dia";"Crescente";"Céu Claro";"Dupla";"Reta";"Sim";3;0;1;0;2;0;1;3;-29,7831804;-51,16099063;"SPRF-RS";"DEL01-RS";"UOP02-DEL01-RS"
473090;2022-09-08;"quinta-feira";"07:45:00";"GO";60;45;"ALEXANIA";"Reação tardia ou ineficiente do condutor";"Saída de leito carroçável";"Com Vítimas Feridas";"Pleno dia";"Decrescente";"Céu Claro";"Dupla";"Curva";"Não";2;0;1;0;1;0;1;2;-16,1324;-48,5977;"SPRF-GO";"DEL02-GO";"UOP01-DEL02-GO"
473093;2022-09-08;"quinta-feira";"07:50:00";"RS";116;251,3;"SAPUCAIA DO SUL";"Reação tardia ou ineficiente do condutor";"Colisão traseira";"Sem Vítimas";"Pleno dia";"Crescente";"Sol";"Dupla";"Reta";"Sim";6;0;0;0;6;0;0;3;-29,80035406;-51,16550365;"SPRF-RS";"DEL01-RS";"UOP02-DEL01-RS"
473094;2022-09-08;"quinta-feira";"06:50:00";"SP";116;269;"TABOAO DA SERRA";"Trafegar com motocicleta (ou similar) entre as faixas";"Colisão lateral mesmo sentido";"Com Vítimas Feridas";"Pleno dia";"Decrescente";"Céu Claro";"Múltipla";"Reta";"Sim";2;0;1;0;1;0;1;2;-23,61593059;-46,78826044;"SPRF-SP";"DEL04-SP";"UOP01-DEL04-SP"
473095;2022-09-08;"quinta-feira";"08:40:00";"ES";101;270,4;"SERRA";"Condutor deixou de manter distância do veículo da frente";"Colisão traseira";"Sem Vítimas";"Pleno dia";"Decrescente";"Sol";"Dupla";"Reta";"Sim";2;0;0;0;2;0;0;2;-20,22662056;-40,27075088;"SPRF-ES";"DEL02-ES";"UOP01-DEL02-ES"
473097;2022-09-08;"quinta-feira";"07:40:00";"PR";153;33,2;"SANTO ANTONIO DA PLATINA";"Ausência de reação do condutor";"Colisão traseira";"Com Vítimas Feridas";"Pleno dia";"Crescente";"Céu Claro";"Simples";"Aclive;Reta";"Não";2;0;0;1;1;0;1;2;-23,23586483;-50,03854036;"SPRF-PR";"DEL07-PR";"UOP04-DEL07-PR"
473099;2022-09-08;"quinta-feira";"08:00:00";"DF";20;52;"BRASILIA";"Velocidade Incompatível";"Saída de leito carroçável";"Com Vítimas Feridas";"Pleno dia";"Crescente";"Céu Claro";"Dupla";"Reta";"Não";3;0;1;1;1;0;2;1;-15,580098;-47,403366;"SPRF-DF";"DEL02-DF";"UOP01-DEL02-DF"
473100;2022-09-08;"quinta-feira";"08:00:00";"BA";242;372;"PALMEIRAS";"Velocidade Incompatível";"Capotamento";"Com Vítimas Feridas";"Pleno dia";"Crescente";"Chuva";"Simples";"Curva";"Não";1;0;1;0;0;0;1;1;-12,45491007;-41,48413406;"SPRF-BA";"DEL06-BA";"UOP01-DEL06-BA"
473102;2022-09-08;"quinta-feira";"07:52:00";"PR";369;174;"ROLANDIA";"Condutor desrespeitou a iluminação vermelha do semáforo";"Colisão transversal";"Com Vítimas Feridas";"Pleno dia";"Decrescente";"Céu Claro";"Dupla";"Reta;Interseção de Vias";"Sim";3;0;2;1;0;0;3;2;-23,32151551;-51,38271868;"SPRF-PR";"DEL07-PR";"UOP01-DEL07-PR"
473103;2022-09-08;"quinta-feira";"09:30:00";"DF";20;23;"BRASILIA";"Animais na Pista";"Colisão traseira";"Com Vítimas Feridas";"Pleno dia";"Crescente";"Céu Claro";"Dupla";"Declive";"Sim";2;0;2;0;0;0;2;2;-15,595297;-47,667912;"SPRF-DF";"DEL02-DF";"UOP01-DEL02-DF"
473105;2022-09-08;"quinta-feira";"09:50:00";"RS";386;440;"CANOAS";"Acessar a via sem observar a presença dos outros veículos";"Colisão traseira";"Com Vítimas Feridas";"Pleno dia";"Crescente";"Céu Claro";"Simples";"Retorno Regulamentado";"Sim";2;0;1;0;1;0;1;2;-29,878265;-51,241951;"SPRF-RS";"DEL01-RS";"UOP01-DEL01-RS"
473107;2022-09-08;"quinta-feira";"10:00:00";"MG";381;483;"BETIM";"Condutor deixou de manter distância do veículo da frente";"Colisão traseira";"Com Vítimas Feridas";"Pleno dia";"Crescente";"Céu Claro";"Dupla";"Curva;Declive";"Não";2;0;1;0;0;1;1;2;-19,95757738;-44,07946587;"SPRF-MG";"DEL01-MG";"UOP03-DEL01-MG"
473108;2022-09-08;"quinta-feira";"07:45:00";"MG";356;267,5;"MURIAE";"Acessar a via sem observar a presença dos outros veículos";"Colisão lateral mesmo sentido";"Com Vítimas Feridas";"Pleno dia";"Decrescente";"Sol";"Simples";"Interseção de Vias";"Sim";2;0;1;0;1;0;1;2;-21,12577785;-42,35278845;"SPRF-MG";"DEL07-MG";"UOP02-DEL07-MG"
473110;2022-09-08;"quinta-feira";"09:55:00";"SC";101;46,3;"JOINVILLE";"Velocidade Incompatível";"Colisão traseira";"Com Vítimas Feridas";"Pleno dia";"Crescente";"Sol";"Dupla";"Reta";"Não";4;0;2;0;2;0;2;3;-26,33150083;-48,86187762;"SPRF-SC";"DEL03-SC";"UOP01-DEL03-SC"
473111;2022-09-08;"quinta-feira";"10:40:00";"PR";476;169;"ARAUCARIA";"Condutor deixou de manter distância do veículo da frente";"Colisão lateral mesmo sentido";"Com Vítimas Feridas";"Pleno dia";"Crescente";"Nublado";"Simples";"Curva";"Não";2;0;1;0;1;0;1;2;-25,666254;-49,495918;"SPRF-PR";"DEL01-PR";"UOP03-DEL01-PR"
473114;2022-09-08;"quinta-feira";"11:20:00";"PE";101;64,3;"RECIFE";"Condutor deixou de manter distância do veículo da frente";"Colisão traseira";"Com Vítimas Feridas";"Pleno dia";"Crescente";"Sol";"Dupla";"Reta";"Sim";2;0;1;0;1;0;1;2;-8,020623;-34,942707;"SPRF-PE";"DEL01-PE";"UOP01-DEL01-PE"
473118;2022-09-08;"quinta-feira";"11:20:00";"SC";470;62;"INDAIAL";"Reação tardia ou ineficiente do condutor";"Colisão lateral mesmo sentido";"Com Vítimas Feridas";"Pleno dia";"Decrescente";"Céu Claro";"Simples";"Reta";"Sim";2;0;0;1;1;0;1;2;-26,8743701;-49,18544954;"SPRF-SC";"DEL04-SC";"UOP01-DEL04-SC"
473120;2022-09-08;"quinta-feira";"11:30:00";"RJ";116;141;"DUQUE DE CAXIAS";"Ausência de reação do condutor";"Colisão traseira";"Com Vítimas Feridas";"Pleno dia";"Crescente";"Céu Claro";"Dupla";"Reta";"Não";2;0;1;0;1;0;1;2;-22,64724486;-43,22083001;"SPRF-RJ";"DEL01-RJ";"UOP01-DEL01-RJ"
473121;2022-09-08;"quinta-feira";"08:30:00";"BA";101;264;"SANTO ANTONIO DE JESUS";"Animais na Pista";"Tombamento";"Com Vítimas Feridas";"Pleno dia";"Decrescente";"Céu Claro";"Múltipla";"Túnel";"Sim";1;0;1;0;0;0;1;1;-13,09857093;-39,28167519;"SPRF-BA";"DEL01-BA";"UOP02-DEL01-BA"
473122;2022-09-08;"quinta-feira";"10:25:00";"MT";163;728;"SORRISO";"Ultrapassagem Indevida";"Colisão frontal";"Sem Vítimas";"Pleno dia";"Crescente";"Céu Claro";"Simples";"Reta";"Não";3;0;0;0;3;0;0;2;-12,731936;-55,830491;"SPRF-MT";"DEL06-MT";"UOP01-DEL06-MT"
473123;2022-09-08;"quinta-feira";"12:00:00";"SP";116;439;"REGISTRO";"Reação tardia ou ineficiente do condutor";"Colisão com objeto";"Sem Vítimas";"Pleno dia";"Decrescente";"Céu Claro";"Dupla";"Reta";"Sim";2;0;0;0;2;0;0;2;-24,45434475;-47,81204635;"SPRF-SP";"DEL05-SP";"UOP01-DEL05-SP"
473124;2022-09-08;"quinta-feira";"09:40:00";"RJ";101;291;"ITABORAI";"Demais falhas mecânicas ou elétricas";"Tombamento";"Com Vítimas Feridas";"Pleno dia";"Crescente";"Céu Claro";"Múltipla";"Reta";"Não";2;0;2;0;0;0;2;1;-22,76457445;-42,86989322;"SPRF-RJ";"DEL02-RJ";"UOP02-DEL02-RJ"
473125;2022-08-21;"domingo";"04:40:00";"MG";40;27,5;"PARACATU";"Transitar na contramão";"Colisão frontal";"Com Vítimas Fatais";"Plena Noite";"Decrescente";"Céu Claro";"Simples";"Reta";"Não";6;1;1;3;0;1;4;3;-17,14374303;-46,95608139;"SPRF-MG";"DEL14-MG";"UOP01-DEL14-MG"
473126;2022-09-08;"quinta-feira";"12:30:00";"SC";101;207;"SAO JOSE";"Manobra de mudança de faixa";"Queda de ocupante de veículo";"Com Vítimas Feridas";"Pleno dia";"Decrescente";"Céu Claro";"Dupla";"Reta";"Sim";2;0;1;0;0;1;1;2;-27,59998859;-48,62217754;"SPRF-SC";"DEL01-SC";"UOP01-DEL01-SC"
473128;2022-09-08;"quinta-feira";"13:20:00";"RJ";101;420;"MANGARATIBA";"Desrespeitar a preferência no cruzamento";"Colisão transversal";"Com Vítimas Feridas";"Pleno dia";"Decrescente";"Céu Claro";"Dupla";"Reta";"Não";2;0;1;0;1;0;1;2;-22,9189815;-43,92318002;"SPRF-RJ";"DEL03-RJ";"UOP02-DEL03-RJ"
473129;2022-09-08;"quinta-feira";"11:05:00";"RO";364;12;"VILHENA";"Acessar a via sem observar a presença dos outros veículos";"Colisão transversal";"Com Vítimas Feridas";"Pleno dia";"Decrescente";"Céu Claro";"Simples";"Rotatória";"Sim";2;0;2;0;0;0;2;2;-12,74370233;-60,12147609;"SPRF-RO";"DEL04-RO";"UOP01-DEL04-RO"
473131;2022-09-08;"quinta-feira";"11:25:00";"MS";163;679;"RIO VERDE DE MATO GROSSO";"Desrespeitar a preferência no cruzamento";"Colisão transversal";"Sem Vítimas";"Pleno dia";"Crescente";"Céu Claro";"Simples";"Reta";"Sim";2;0;0;0;1;1;0;2;-18,93217701;-54,83111904;"SPRF-MS";"DEL06-MS";"UOP02-DEL06-MS"
473132;2022-09-08;"quinta-feira";"10:50:00";"GO";153;201;"URUACU";"Acessar a via sem observar a presença dos outros veículos";"Colisão lateral mesmo sentido";"Com Vítimas Feridas";"Pleno dia";"Crescente";"Céu Claro";"Simples";"Reta";"Sim";2;0;0;1;1;0;1;2;-14,519629;-49,154972;"SPRF-GO";"DEL07-GO";"UOP02-DEL07-GO"
473133;2022-09-08;"quinta-feira";"13:30:00";"SP";116;85,8;"PINDAMONHANGABA";"Reação tardia ou ineficiente do condutor";"Colisão traseira";"Com Vítimas Feridas";"Pleno dia";"Decrescente";"Sol";"Dupla";"Reta";"Não";4;0;2;0;2;0;2;2;-22,92211829;-45,34450085;"SPRF-SP";"DEL08-SP";"UOP01-DEL08-SP"