"id";"data_inversa";"dia_semana";"horario";"uf";"br";"km";"municipio";"causa_acidente";"tipo_acidente";"classificacao_acidente";"fase_dia";"sentido_via";"condicao_metereologica";"tipo_pista";"tracado_via";"uso_solo";"pessoas";"mortos";"feridos_leves";"feridos_graves";"ilesos";"ignorados";"feridos";"veiculos";"latitude";"longitude";"regional";"delegacia";"uop"
473134;2022-09-08;"quinta-feira";"14:00:00";"SC";101;202,6;"SAO JOSE";"Condutor deixou de manter distância do veículo da frente";"Colisão traseira";"Sem Vítimas";"Pleno dia";"Crescente";"Sol";"Múltipla";"Reta";"Sim";3;0;0;0;3;0;0;3;-27,55711595;-48,61897889;"SPRF-SC";"DEL01-SC";"UOP01-DEL01-SC"
473136;2022-09-08;"quinta-feira";"13:35:00";"PB";230;17;"JOAO PESSOA";"Condutor deixou de manter distância do veículo da frente";"Engavetamento";"Com Vítimas Feridas";"Pleno dia";"Decrescente";"Céu Claro";"Dupla";"Reta;Viaduto";"Sim";8;0;1;0;7;0;1;7;-7,1208157;-34,8451079;"SPRF-PB";"DEL01-PB";"UOP01-DEL01-PB"
473138;2022-09-08;"quinta-feira";"14:30:00";"PR";272;367,3;"CAMPO MOURAO";"Condutor deixou de manter distância do veículo da frente";"Colisão traseira";"Com Vítimas Feridas";"Pleno dia";"Crescente";"Céu Claro";"Dupla";"Reta";"Sim";2;0;1;0;1;0;1;2;-24,05063682;-52,40169964;"SPRF-PR";"DEL09-PR";"UOP03-DEL09-PR"
473140;2022-09-08;"quinta-feira";"13:02:00";"SC";280;35,4;"ARAQUARI";"Restrição de visibilidade em curvas horizontais";"Colisão traseira";"Com Vítimas Feridas";"Pleno dia";"Crescente";"Céu Claro";"Simples";"Curva";"Não";3;0;0;1;2;0;1;2;-26,43447549;-48,80453914;"SPRF-SC";"DEL03-SC";"UOP03-DEL03-SC"
473141;2022-09-08;"quinta-feira";"14:20:00";"SC";470;54,5;"BLUMENAU";"Reação tardia ou ineficiente do condutor";"Tombamento";"Com Vítimas Feridas";"Pleno dia";"Decrescente";"Céu Claro";"Simples";"Reta;Interseção de Vias";"Sim";1;0;0;1;0;0;1;1;-26,87429638;-49,11480904;"SPRF-SC";"DEL04-SC";"UOP01-DEL04-SC"
473142;2022-09-08;"quinta-feira";"14:30:00";"RS";392;24;"RIO GRANDE";"Velocidade Incompatível";"Capotamento";"Sem Vítimas";"Pleno dia";"Crescente";"Céu Claro";"Dupla";"Reta";"Sim";2;0;0;0;0;2;0;1;-32,0858159;-52,23789595;"SPRF-RS";"DEL07-RS";"UOP02-DEL07-RS"
473143;2022-09-08;"quinta-feira";"12:20:00";"MA";10;259;"IMPERATRIZ";"Desrespeitar a preferência no cruzamento";"Colisão lateral mesmo sentido";"Com Vítimas Feridas";"Pleno dia";"Decrescente";"Céu Claro";"Simples";"Interseção de Vias";"Sim";2;0;1;0;1;0;1;2;-5,472474;-47,472221;"SPRF-MA";"DEL04-MA";"UOP01-DEL04-MA"
473145;2022-09-08;"quinta-feira";"14:40:00";"MG";381;449,9;"SABARA";"Mal súbito do condutor";"Tombamento";"Com Vítimas Feridas";"Pleno dia";"Decrescente";"Céu Claro";"Simples";"Aclive";"Não";1;0;1;0;0;0;1;1;-19,84164036;-43,86232683;"SPRF-MG";"DEL01-MG";"UOP01-DEL01-MG"
473146;2022-09-08;"quinta-feira";"14:20:00";"MG";262;421,2;"IGARATINGA";"Ausência de reação do condutor";"Saída de leito carroçável";"Com Vítimas Feridas";"Pleno dia";"Decrescente";"Céu Claro";"Dupla";"Reta";"Não";2;0;0;2;0;0;2;1;-19,88573008;-44,72054503;"SPRF-MG";"DEL08-MG";"UOP03-DEL08-MG"
473149;2022-09-08;"quinta-feira";"15:55:00";"RN";101;83;"NATAL";"Condutor deixou de manter distância do veículo da frente";"Colisão traseira";"Com Vítimas Feridas";"Pleno dia";"Decrescente";"Céu Claro";"Dupla";"Reta";"Sim";2;0;1;0;1;0;1;2;-5,7710445;-35,26616981;"SPRF-RN";"DEL02-RN";"UOP01-DEL02-RN"
473150;2022-09-08;"quinta-feira";"11:40:00";"BA";101;667;"ITAPEBI";"Chuva";"Colisão com objeto";"Com Vítimas Feridas";"Pleno dia";"Decrescente";"Chuva";"Simples";"Curva";"Não";3;0;2;0;1;0;2;1;-15,99014578;-39,57267176;"SPRF-BA";"DEL09-BA";"UOP01-DEL09-BA"
473151;2022-09-08;"quinta-feira";"13:40:00";"GO";364;112,6;"CACHOEIRA ALTA";"Ingestão de álcool pelo condutor";"Saída de leito carroçável";"Com Vítimas Feridas";"Pleno dia";"Decrescente";"Céu Claro";"Simples";"Em Obras;Retorno Regulamentado";"Não";1;0;1;0;0;0;1;1;-18,315762;-51,139889;"SPRF-GO";"DEL05-GO";"UOP02-DEL05-GO"
473154;2022-09-08;"quinta-feira";"16:10:00";"SP";153;61,3;"SAO JOSE DO RIO PRETO";"Animais na Pista";"Atropelamento de Animal";"Com Vítimas Feridas";"Pleno dia";"Crescente";"Céu Claro";"Dupla";"Reta;Declive";"Não";1;0;1;0;0;0;1;1;-20,80502876;-49,35574909;"SPRF-SP";"DEL09-SP";"UOP01-DEL09-SP"
473160;2022-09-08;"quinta-feira";"16:10:00";"CE";20;204;"BOA VIAGEM";"Acessar a via sem observar a presença dos outros veículos";"Colisão transversal";"Com Vítimas Feridas";"Pleno dia";"Crescente";"Céu Claro";"Simples";"Rotatória";"Sim";2;0;0;1;1;0;1;2;-5,11886997;-39,72910981;"SPRF-CE";"DEL02-CE";"UOP02-DEL02-CE"
473163;2022-09-08;"quinta-feira";"11:30:00";"BA";324;398;"NOVA FATIMA";"Ausência de reação do condutor";"Colisão traseira";"Com Vítimas Feridas";"Pleno dia";"Crescente";"Chuva";"Simples";"Reta";"Não";5;0;2;2;1;0;4;2;-11,56805823;-39,67137021;"SPRF-BA";"DEL04-BA";"UOP02-DEL04-BA"
473164;2022-09-08;"quinta-feira";"16:14:00";"PB";101;88;"JOAO PESSOA";"Pedestre andava na pista";"Atropelamento de Pedestre";"Com Vítimas Feridas";"Pleno dia";"Crescente";"Céu Claro";"Dupla";"Reta;Em Obras";"Sim";2;0;0;1;0;1;1;2;-7,16474621;-34,90004539;"SPRF-PB";"DEL01-PB";"UOP01-DEL01-PB"
473167;2022-09-08;"quinta-feira";"16:30:00";"CE";222;2,6;"FORTALEZA";"Condutor deixou de manter distância do veículo da frente";"Colisão traseira";"Com Vítimas Feridas";"Anoitecer";"Crescente";"Céu Claro";"Múltipla";"Reta";"Sim";2;0;1;0;1;0;1;2;-3,739878;-38,593039;"SPRF-CE";"DEL01-CE";"UOP01-DEL01-CE"
473168;2022-09-08;"quinta-feira";"16:50:00";"PB";101;96;"CONDE";"Acessar a via sem observar a presença dos outros veículos";"Colisão lateral mesmo sentido";"Com Vítimas Feridas";"Pleno dia";"Decrescente";"Céu Claro";"Dupla";"Retorno Regulamentado";"Não";2;0;1;0;1;0;1;2;-7,23206059;-34,92171764;"SPRF-PB";"DEL01-PB";"UOP02-DEL01-PB"
473169;2022-09-08;"quinta-feira";"17:25:00";"GO";40;6;"VALPARAISO DE GOIAS";"Condutor deixou de manter distância do veículo da frente";"Colisão traseira";"Com Vítimas Feridas";"Pleno dia";"Crescente";"Céu Claro";"Dupla";"Reta";"Sim";2;0;1;0;0;1;1;2;-16,100814;-47,977351;"SPRF-DF";"DEL01-DF";"UOP01-DEL01-DF"
473170;2022-09-08;"quinta-feira";"14:30:00";"SP";101;42;"UBATUBA";"Animais na Pista";"Tombamento";"Com Vítimas Feridas";"Pleno dia";"Decrescente";"Céu Claro";"Simples";"Reta;Em Obras";"Sim";1;0;1;0;0;0;1;1;-23,41271925;-45,04909808;"SPRF-SP";"DEL06-SP";"UOP01-DEL06-SP"
473171;2022-09-08;"quinta-feira";"17:25:00";"RN";304;48;"MOSSORO";"Ingestão de álcool pelo condutor";"Atropelamento de Pedestre";"Com Vítimas Feridas";"Pleno dia";"Crescente";"Céu Claro";"Dupla";"Reta";"Sim";3;0;2;0;1;0;2;3;-5,22868577;-37,32203081;"SPRF-RN";"DEL04-RN";"UOP01-DEL04-RN"
473172;2022-09-08;"quinta-feira";"16:20:00";"BA";116;345,9;"TEOFILANDIA";"Frear bruscamente";"Colisão traseira";"Com Vítimas Feridas";"Pleno dia";"Decrescente";"Chuva";"Simples";"Reta";"Sim";2;0;0;1;1;0;1;2;-11,55633967;-38,98969114;"SPRF-BA";"DEL02-BA";"UOP01-DEL02-BA"
473173;2022-09-08;"quinta-feira";"17:25:00";"MG";40;135,8;"JOAO PINHEIRO";"Manobra de mudança de faixa";"Colisão frontal";"Com Vítimas Feridas";"Pleno dia";"Crescente";"Céu Claro";"Simples";"Reta";"Não";3;0;2;0;1;0;2;2;-17,72013207;-46,24103601;"SPRF-MG";"DEL14-MG";"UOP01-DEL14-MG"
473174;2022-09-08;"quinta-feira";"13:00:00";"RJ";493;63;"NOVA IGUACU";"Reação tardia ou ineficiente do condutor";"Saída de leito carroçável";"Com Vítimas Feridas";"Pleno dia";"Decrescente";"Céu Claro";"Dupla";"Reta";"Sim";1;0;0;1;0;0;1;1;-22,683641;-43,415483;"SPRF-RJ";"DEL01-RJ";"UOP03-DEL01-RJ"
473176;2022-09-08;"quinta-feira";"18:20:00";"PE";408;95,3;"SAO LOURENCO DA MATA";"Manobra de mudança de faixa";"Queda de ocupante de veículo";"Com Vítimas Feridas";"Plena Noite";"Crescente";"Céu Claro";"Dupla";"Reta;Aclive";"Não";1;0;0;1;0;0;1;1;-8,01186091;-35,04237616;"SPRF-PE";"DEL01-PE";"UOP01-DEL01-PE"
473177;2022-09-08;"quinta-feira";"17:30:00";"PR";369;179,7;"ARAPONGAS";"Ausência de reação do condutor";"Tombamento";"Com Vítimas Feridas";"Pleno dia";"Decrescente";"Céu Claro";"Dupla";"Reta";"Sim";1;0;1;0;0;0;1;1;-23,3661627;-51,4047338;"SPRF-PR";"DEL07-PR";"UOP03-DEL07-PR"
473181;2022-09-08;"quinta-feira";"12:35:00";"RJ";116;279;"BARRA MANSA";"Velocidade Incompatível";"Tombamento";"Com Vítimas Feridas";"Pleno dia";"Decrescente";"Nublado";"Simples";"Curva";"Sim";2;0;2;0;0;0;2;1;-22,53802358;-44,19443792;"SPRF-RJ";"DEL07-RJ";"UOP02-DEL07-RJ"
473182;2022-09-08;"quinta-feira";"18:35:00";"SC";101;115;"ITAJAI";"Velocidade Incompatível";"Colisão traseira";"Com Vítimas Feridas";"Anoitecer";"Decrescente";"Nublado";"Múltipla";"Reta";"Sim";4;0;1;0;2;1;1;4;-26,87064015;-48,72954134;"SPRF-SC";"DEL04-SC";"UOP04-DEL04-SC"
473183;2022-09-08;"quinta-feira";"18:30:00";"PE";101;41;"IGARASSU";"Entrada inopinada do pedestre";"Atropelamento de Pedestre";"Com Vítimas Feridas";"Plena Noite";"Crescente";"Céu Claro";"Dupla";"Reta";"Sim";2;0;0;1;1;0;1;2;-7,83038346;-34,91426785;"SPRF-PE";"DEL01-PE";"UOP02-DEL01-PE"
473184;2022-09-08;"quinta-feira";"19:15:00";"RS";158;333;"SANTA MARIA";"Desrespeitar a preferência no cruzamento";"Colisão transversal";"Com Vítimas Feridas";"Plena Noite";"Decrescente";"Céu Claro";"Simples";"Reta";"Sim";2;0;1;0;1;0;1;2;-29,70846948;-53,86426102;"SPRF-RS";"DEL09-RS";"UOP01-DEL09-RS"
473185;2022-09-08;"quinta-feira";"19:00:00";"GO";60;93;"ANAPOLIS";"Condutor deixou de manter distância do veículo da frente";"Colisão traseira";"Com Vítimas Feridas";"Plena Noite";"Crescente";"Céu Claro";"Dupla";"Reta";"Sim";3;0;2;0;1;0;2;2;-16,3538;-48,9268;"SPRF-GO";"DEL02-GO";"UOP01-DEL02-GO"
473186;2022-09-08;"quinta-feira";"19:00:00";"PA";155;292;"MARABA";"Manobra de mudança de faixa";"Colisão traseira";"Com Vítimas Fatais";"Plena Noite";"Decrescente";"Céu Claro";"Simples";"Reta";"Não";2;1;1;0;0;0;1;2;-5,79423227;-49,18035746;"SPRF-PA";"DEL03-PA";"UOP01-DEL03-PA"
473187;2022-09-08;"quinta-feira";"19:30:00";"SP";116;506;"CAJATI";"Reação tardia ou ineficiente do condutor";"Queda de ocupante de veículo";"Com Vítimas Feridas";"Plena Noite";"Crescente";"Céu Claro";"Simples";"Curva";"Não";1;0;1;0;0;0;1;1;-24,79704815;-48,2145174;"SPRF-SP";"DEL05-SP";"UOP02-DEL05-SP"
473189;2022-09-08;"quinta-feira";"18:30:00";"PE";428;181;"PETROLINA";"Manobra de mudança de faixa";"Colisão com objeto";"Com Vítimas Feridas";"Plena Noite";"Decrescente";"Céu Claro";"Simples";"Em Obras";"Não";2;0;1;0;1;0;1;1;-9,30816981;-40,45390137;"SPRF-PE";"DEL06-PE";"UOP01-DEL06-PE"
473190;2022-09-08;"quinta-feira";"18:20:00";"RJ";393;175;"TRES RIOS";"Acessar a via sem observar a presença dos outros veículos";"Colisão traseira";"Com Vítimas Feridas";"Plena Noite";"Crescente";"Céu Claro";"Simples";"Rotatória";"Sim";3;0;2;0;1;0;2;2;-22,1236278;-43,23233172;"SPRF-RJ";"DEL05-RJ";"UOP02-DEL05-RJ"
473192;2022-09-08;"quinta-feira";"20:15:00";"DF";70;6,8;"BRASILIA";"Trafegar com motocicleta (ou similar) entre as faixas";"Colisão lateral mesmo sentido";"Com Vítimas Feridas";"Plena Noite";"Decrescente";"Céu Claro";"Dupla";"Reta";"Sim";3;0;1;0;2;0;1;3;-15,791242;-48,105759;"SPRF-DF";"DEL03-DF";"UOP02-DEL03-DF"
473194;2022-09-08;"quinta-feira";"20:20:00";"MG";262;388;"MATEUS LEME";"Desvio temporário";"Queda de ocupante de veículo";"Com Vítimas Feridas";"Plena Noite";"Decrescente";"Céu Claro";"Simples";"Curva";"Não";2;0;2;0;0;0;2;1;-19,9366751;-44,44352695;"SPRF-MG";"DEL01-MG";"UOP03-DEL01-MG"
473195;2022-09-08;"quinta-feira";"20:19:00";"MA";230;444;"RIACHAO";"Animais na Pista";"Atropelamento de Animal";"Sem Vítimas";"Plena Noite";"Crescente";"Céu Claro";"Simples";"Reta";"Não";1;0;0;0;0;1;0;1;-7,40960076;-46,37881426;"SPRF-MA";"DEL05-MA";"UOP01-DEL05-MA"
473197;2022-09-08;"quinta-feira";"19:45:00";"MG";365;408;"PATOS DE MINAS";"Transitar na contramão";"Colisão frontal";"Com Vítimas Feridas";"Plena Noite";"Decrescente";"Céu Claro";"Simples";"Desvio Temporário";"Sim";2;0;0;1;1;0;1;2;-18,64784618;-46,50720896;"SPRF-MG";"DEL10-MG";"UOP01-DEL10-MG"
473198;2022-09-08;"quinta-feira";"15:50:00";"MA";316;392,9;"SANTA INES";"Manobra de mudança de faixa";"Colisão traseira";"Sem Vítimas";"Pleno dia";"Decrescente";"Céu Claro";"Simples";"Declive;Reta";"Não";2;0;0;0;2;0;0;2;-3,892566;-45,574395;"SPRF-MA";"DEL03-MA";"UOP01-DEL03-MA"
473200;2022-09-08;"quinta-feira";"18:30:00";"MG";116;530,6;"CARATINGA";"Retorno proibido";"Colisão transversal";"Com Vítimas Feridas";"Plena Noite";"Crescente";"Nublado";"Simples";"Interseção de Vias;Reta";"Sim";2;0;1;0;1;0;1;2;-19,81067298;-42,13539446;"SPRF-MG";"DEL06-MG";"UOP02-DEL06-MG"
473202;2022-09-08;"quinta-feira";"21:05:00";"SC";101;41;"JOINVILLE";"Manobra de mudança de faixa";"Colisão com objeto";"Com Vítimas Feridas";"Plena Noite";"Crescente";"Nublado";"Simples";"Declive;Reta";"Sim";1;0;0;1;0;0;1;1;-26,31825405;-48,87240882;"SPRF-SC";"DEL03-SC";"UOP01-DEL03-SC"
473204;2022-09-08;"quinta-feira";"21:50:00";"MS";163;484;"CAMPO GRANDE";"Acessar a via sem observar a presença dos outros veículos";"Colisão transversal";"Com Vítimas Feridas";"Plena Noite";"Crescente";"Céu Claro";"Simples";"Reta";"Sim";3;0;0;2;1;0;2;2;-20,44739129;-54,54093933;"SPRF-MS";"DEL01-MS";"UOP02-DEL01-MS"
473205;2022-09-08;"quinta-feira";"18:40:00";"SP";101;45;"UBATUBA";"Manobra de mudança de faixa";"Colisão transversal";"Com Vítimas Feridas";"Plena Noite";"Crescente";"Céu Claro";"Simples";"Reta";"Sim";2;0;1;1;0;0;2;2;-23,41779396;-45,06788408;"SPRF-SP";"DEL06-SP";"UOP01-DEL06-SP"
473206;2022-09-08;"quinta-feira";"21:50:00";"PE";428;190;"PETROLINA";"Avarias e/ou desgaste excessivo no pneu";"Queda de ocupante de veículo";"Com Vítimas Feridas";"Plena Noite";"Decrescente";"Céu Claro";"Múltipla";"Reta";"Sim";2;0;0;1;1;0;1;1;-9,37605965;-40,49382106;"SPRF-PE";"DEL06-PE";"UOP01-DEL06-PE"
473207;2022-09-08;"quinta-feira";"21:40:00";"SC";282;480;"FAXINAL DOS GUEDES";"Velocidade Incompatível";"Colisão com objeto";"Com Vítimas Feridas";"Plena Noite";"Crescente";"Céu Claro";"Simples";"Rotatória";"Não";1;0;1;0;0;0;1;1;-26,878145;-52,188196;"SPRF-SC";"DEL07-SC";"UOP01-DEL07-SC"
473208;2022-09-08;"quinta-feira";"22:40:00";"MG";459;106;"POUSO ALEGRE";"Acumulo de areia ou detritos sobre o pavimento";"Queda de ocupante de veículo";"Com Vítimas Feridas";"Plena Noite";"Decrescente";"Céu Claro";"Simples";"Curva";"Sim";3;0;1;0;2;0;1;2;-22,241208;-45,880998;"SPRF-MG";"DEL16-MG";"UOP01-DEL16-MG"
473209;2022-09-08;"quinta-feira";"22:40:00";"SP";116;56,7;"GUARATINGUETA";"Reação tardia ou ineficiente do condutor";"Tombamento";"Com Vítimas Feridas";"Plena Noite";"Crescente";"Céu Claro";"Dupla";"Reta";"Não";1;0;1;0;0;0;1;1;-22,76904403;-45,13040598;"SPRF-SP";"DEL08-SP";"UOP01-DEL08-SP"
473212;2022-09-08;"quinta-feira";"15:45:00";"MT";364;1230;"COMODORO";"Acostamento em desnível";"Capotamento";"Com Vítimas Fatais";"Pleno dia";"Crescente";"Céu Claro";"Simples";"Reta";"Não";3;1;2;0;0;0;2;1;-13,82905557;-59,60142511;"SPRF-MT";"DEL04-MT";"UOP01-DEL04-MT"
473215;2022-09-09;"sexta-feira";"00:07:00";"PE";104;28,8;"TORITAMA";"Transitar na contramão";"Colisão frontal";"Com Vítimas Feridas";"Plena Noite";"Decrescente";"Céu Claro";"Simples";"Reta";"Sim";2;0;0;1;0;1;1;2;-8,0065;-36,0709;"SPRF-PE";"DEL02-PE";"UOP01-DEL02-PE"
473216;2022-09-08;"quinta-feira";"23:45:00";"ES";101;310,2;"VIANA";"Animais na Pista";"Atropelamento de Animal";"Com Vítimas Feridas";"Plena Noite";"Crescente";"Nublado";"Dupla";"Curva";"Não";1;0;0;1;0;0;1;1;-20,42590098;-40,46036505;"SPRF-ES";"DEL01-ES";"UOP01-DEL01-ES"
473217;2022-09-08;"quinta-feira";"20:50:00";"PR";376;590;"CURITIBA";"Pedestre cruzava a pista fora da faixa";"Atropelamento de Pedestre";"Com Vítimas Fatais";"Plena Noite";"Crescente";"Nublado";"Dupla";"Reta";"Sim";2;1;0;0;0;1;0;2;-25,45443209;-49,36153119;"SPRF-PR";"DEL01-PR";"UOP06-DEL01-PR"
473221;2022-09-08;"quinta-feira";"23:00:00";"PR";376;214,5;"MANDAGUARI";"Animais na Pista";"Atropelamento de Animal";"Com Vítimas Feridas";"Plena Noite";"Decrescente";"Nublado";"Dupla";"Reta";"Sim";1;0;1;0;0;0;1;1;-23,588165;-51,64554;"SPRF-PR";"DEL09-PR";"UOP01-DEL09-PR"
473223;2022-04-09;"sábado";"18:10:00";"MG";40;518;"RIBEIRAO DAS NEVES";"Reação tardia ou ineficiente do condutor";"Colisão lateral mesmo sentido";"Com Vítimas Feridas";"Anoitecer";"Decrescente";"Céu Claro";"Dupla";"Interseção de Vias";"Sim";3;0;0;1;1;1;1;3;-19,8321242;-44,08208533;"SPRF-MG";"DEL01-MG";"UOP02-DEL01-MG"
473226;2022-09-09;"sexta-feira";"03:12:00";"TO";226;15;"PALMEIRAS DO TOCANTINS";"Reação tardia ou ineficiente do condutor";"Saída de leito carroçável";"Com Vítimas Feridas";"Plena Noite";"Crescente";"Céu Claro";"Simples";"Reta";"Não";1;0;0;1;0;0;1;1;-6,623703;-47,570244;"SPRF-TO";"DEL02-TO";"UOP03-DEL02-TO"
473227;2022-09-09;"sexta-feira";"02:10:00";"PR";277;607,6;"SANTA TEREZA DO OESTE";"Ingestão de álcool pelo condutor";"Colisão traseira";"Com Vítimas Feridas";"Plena Noite";"Crescente";"Céu Claro";"Simples";"Reta";"Sim";2;0;1;0;1;0;1;2;-25,03813917;-53,5965319;"SPRF-PR";"DEL05-PR";"UOP02-DEL05-PR"
473230;2022-09-09;"sexta-feira";"03:00:00";"PR";369;198;"APUCARANA";"Velocidade Incompatível";"Tombamento";"Com Vítimas Feridas";"Plena Noite";"Decrescente";"Céu Claro";"Dupla";"Reta";"Sim";1;0;1;0;0;0;1;1;-23,52125549;-51,43562257;"SPRF-PR";"DEL07-PR";"UOP03-DEL07-PR"
473231;2022-09-09;"sexta-feira";"03:10:00";"PR";376;110;"PARANAVAI";"Ingestão de álcool pelo condutor";"Colisão com objeto";"Sem Vítimas";"Plena Noite";"Decrescente";"Céu Claro";"Simples";"Reta";"Sim";1;0;0;0;0;1;0;1;-23,08586386;-52,40179942;"SPRF-PR";"DEL09-PR";"UOP02-DEL09-PR"
473234;2022-09-09;"sexta-feira";"05:15:00";"SP";116;206;"GUARULHOS";"Velocidade Incompatível";"Saída de leito carroçável";"Com Vítimas Feridas";"Pleno dia";"Crescente";"Nublado";"Dupla";"Reta";"Sim";1;0;1;0;0;0;1;1;-23,41722629;-46,37510292;"SPRF-SP";"DEL01-SP";"UOP01-DEL01-SP"
473236;2022-09-09;"sexta-feira";"04:35:00";"SP";116;279;"EMBU DAS ARTES";"Reação tardia ou ineficiente do condutor";"Colisão com objeto";"Sem Vítimas";"Plena Noite";"Crescente";"Nublado";"Dupla";"Reta";"Não";1;0;0;0;0;1;0;1;-23,66233697;-46,85292907;"SPRF-SP";"DEL04-SP";"UOP01-DEL04-SP"
473237;2022-09-09;"sexta-feira";"05:00:00";"SC";101;237,5;"PALHOCA";"Chuva";"Tombamento";"Com Vítimas Feridas";"Plena Noite";"Decrescente";"Chuva";"Dupla";"Reta";"Não";1;0;0;1;0;0;1;1;-27,83490593;-48,63077716;"SPRF-SC";"DEL01-SC";"UOP02-DEL01-SC"
473238;2022-09-08;"quinta-feira";"18:30:00";"MG";40;708,7;"BARBACENA";"Pedestre cruzava a pista fora da faixa";"Atropelamento de Pedestre";"Com Vítimas Feridas";"Plena Noite";"Decrescente";"Céu Claro";"Dupla";"Reta";"Não";2;0;2;0;0;0;2;2;-21,239303;-43,699947;"SPRF-MG";"DEL05-MG";"UOP02-DEL05-MG"
473239;2022-09-08;"quinta-feira";"19:45:00";"MG";153;96,9;"PRATA";"Ultrapassagem Indevida";"Colisão frontal";"Com Vítimas Fatais";"Plena Noite";"Crescente";"Céu Claro";"Múltipla";"Declive";"Não";6;2;0;3;1;0;3;2;-19,19438108;-48,94446419;"SPRF-MG";"DEL15-MG";"UOP03-DEL15-MG"
473241;2022-09-08;"quinta-feira";"19:09:00";"RO";364;314;"PRESIDENTE MEDICI";"Reação tardia ou ineficiente do condutor";"Queda de ocupante de veículo";"Com Vítimas Feridas";"Plena Noite";"Crescente";"Céu Claro";"Simples";"Reta";"Não";1;0;1;0;0;0;1;1;-11,118311;-61,90148;"SPRF-RO";"DEL02-RO";"UOP01-DEL02-RO"
473243;2022-09-09;"sexta-feira";"06:00:00";"PR";277;726,4;"FOZ DO IGUACU";"Ingestão de álcool pelo condutor";"Saída de leito carroçável";"Sem Vítimas";"Amanhecer";"Crescente";"Céu Claro";"Dupla";"Curva";"Sim";1;0;0;0;0;1;0;1;-25,5106015;-54,55481999;"SPRF-PR";"DEL05-PR";"UOP03-DEL05-PR"
473244;2022-09-09;"sexta-feira";"05:10:00";"PI";230;306;"FLORIANO";"Acessar a via sem observar a presença dos outros veículos";"Colisão lateral sentido oposto";"Com Vítimas Feridas";"Amanhecer";"Decrescente";"Céu Claro";"Simples";"Reta";"Sim";3;0;0;2;0;1;2;2;-6,79173488;-42,98594092;"SPRF-PI";"DEL03-PI";"UOP01-DEL03-PI"
473245;2022-09-08;"quinta-feira";"17:46:00";"CE";402;178;"MARCO";"Manobra de mudança de faixa";"Colisão frontal";"Com Vítimas Fatais";"Plena Noite";"Decrescente";"Céu Claro";"Simples";"Reta";"Sim";3;1;0;0;0;2;0;2;-3,123899;-40,127604;"SPRF-CE";"DEL01-CE";"UOP03-DEL01-CE"
473247;2022-09-09;"sexta-feira";"06:30:00";"BA";324;616;"SALVADOR";"Manobra de mudança de faixa";"Colisão lateral mesmo sentido";"Com Vítimas Feridas";"Pleno dia";"Crescente";"Nublado";"Dupla";"Reta";"Sim";2;0;1;0;1;0;1;2;-12,87957905;-38,43213893;"SPRF-BA";"DEL01-BA";"UOP01-DEL01-BA"
473250;2022-09-09;"sexta-feira";"07:00:00";"PB";230;22,4;"JOAO PESSOA";"Condutor deixou de manter distância do veículo da frente";"Colisão lateral mesmo sentido";"Com Vítimas Feridas";"Pleno dia";"Decrescente";"Céu Claro";"Dupla";"Reta";"Sim";3;0;1;1;0;1;2;2;-7,1495;-34,8517;"SPRF-PB";"DEL01-PB";"UOP01-DEL01-PB"
473251;2022-09-09;"sexta-feira";"07:10:00";"MG";365;620;"UBERLANDIA";"Demais falhas mecânicas ou elétricas";"Colisão com objeto";"Com Vítimas Feridas";"Pleno dia";"Decrescente";"Céu Claro";"Dupla";"Reta";"Sim";3;0;2;1;0;0;3;3;-18,89394362;-48,27186584;"SPRF-MG";"DEL15-MG";"UOP01-DEL15-MG"
473253;2022-09-09;"sexta-feira";"06:40:00";"PR";376;665;"GUARATUBA";"Reação tardia ou ineficiente do condutor";"Capotamento";"Com Vítimas Feridas";"Pleno dia";"Crescente";"Céu Claro";"Dupla";"Curva;Aclive";"Não";1;0;1;0;0;0;1;1;-25,85455838;-48,95670808;"SPRF-PR";"DEL01-PR";"UOP04-DEL01-PR"
473254;2022-09-09;"sexta-feira";"07:20:00";"RJ";40;121;"DUQUE DE CAXIAS";"Manobra de mudança de faixa";"Colisão lateral mesmo sentido";"Com Vítimas Feridas";"Pleno dia";"Crescente";"Céu Claro";"Múltipla";"Curva";"Sim";2;0;0;1;1;0;1;2;-22,78185499;-43,28571273;"SPRF-RJ";"DEL01-RJ";"UOP01-DEL01-RJ"
473256;2022-09-09;"sexta-feira";"08:00:00";"CE";116;5;"FORTALEZA";"Condutor deixou de manter distância do veículo da frente";"Colisão traseira";"Com Vítimas Feridas";"Pleno dia";"Decrescente";"Céu Claro";"Múltipla";"Reta";"Sim";4;0;2;0;2;0;2;3;-3,79467116;-38,50772734;"SPRF-CE";"DEL01-CE";"UOP02-DEL01-CE"
473257;2022-09-09;"sexta-feira";"07:52:00";"SP";153;61;"SAO JOSE DO RIO PRETO";"Reação tardia ou ineficiente do condutor";"Engavetamento";"Sem Vítimas";"Pleno dia";"Crescente";"Céu Claro";"Dupla";"Reta";"Não";3;0;0;0;3;0;0;3;-20,80502876;-49,35574909;"SPRF-SP";"DEL09-SP";"UOP01-DEL09-SP"