"id";"data_inversa";"dia_semana";"horario";"uf";"br";"km";"municipio";"causa_acidente";"tipo_acidente";"classificacao_acidente";"fase_dia";"sentido_via";"condicao_metereologica";"tipo_pista";"tracado_via";"uso_solo";"pessoas";"mortos";"feridos_leves";"feridos_graves";"ilesos";"ignorados";"feridos";"veiculos";"latitude";"longitude";"regional";"delegacia";"uop"
473376;2022-08-16;"terça-feira";"20:00:00";"PR";116;18;"ANTONINA";"Ausência de reação do condutor";"Saída de leito carroçável";"Sem Vítimas";"Plena Noite";"Crescente";"Garoa/Chuvisco";"Múltipla";"Reta";"Não";1;0;0;0;0;1;0;1;-25,1054916;-48,84357333;"SPRF-PR";"DEL01-PR";"UOP02-DEL01-PR"
473377;2022-09-09;"sexta-feira";"18:05:00";"MA";10;258,6;"IMPERATRIZ";"Condutor deixou de manter distância do veículo da frente";"Colisão traseira";"Com Vítimas Feridas";"Anoitecer";"Decrescente";"Céu Claro";"Simples";"Reta";"Sim";3;0;1;0;1;1;1;3;-5,481554;-47,472092;"SPRF-MA";"DEL04-MA";"UOP01-DEL04-MA"
473379;2022-09-09;"sexta-feira";"19:00:00";"SP";116;65;"GUARATINGUETA";"Demais falhas mecânicas ou elétricas";"Incêndio";"Sem Vítimas";"Plena Noite";"Crescente";"Céu Claro";"Dupla";"Reta";"Sim";1;0;0;0;1;0;0;1;-22,823273;-45,192806;"SPRF-SP";"DEL08-SP";"UOP01-DEL08-SP"
473380;2022-09-09;"sexta-feira";"18:00:00";"SC";470;140,3;"RIO DO SUL";"Transitar no acostamento";"Colisão transversal";"Sem Vítimas";"Plena Noite";"Crescente";"Céu Claro";"Simples";"Reta";"Não";2;0;0;0;2;0;0;2;-27,222485;-49,662827;"SPRF-SC";"DEL04-SC";"UOP02-DEL04-SC"
473382;2022-09-09;"sexta-feira";"19:16:00";"RJ";101;57;"CAMPOS DOS GOYTACAZES";"Acessar a via sem observar a presença dos outros veículos";"Colisão transversal";"Com Vítimas Feridas";"Plena Noite";"Decrescente";"Céu Claro";"Simples";"Interseção de Vias";"Sim";3;0;1;0;1;1;1;3;-21,70231971;-41,31002605;"SPRF-RJ";"DEL08-RJ";"UOP01-DEL08-RJ"
473383;2022-09-09;"sexta-feira";"19:16:00";"DF";20;17;"BRASILIA";"Ingestão de álcool pelo condutor";"Colisão com objeto";"Sem Vítimas";"Plena Noite";"Crescente";"Céu Claro";"Dupla";"Reta";"Não";2;0;0;0;2;0;0;1;-15,612175;-47,700928;"SPRF-DF";"DEL02-DF";"UOP01-DEL02-DF"
473384;2022-09-09;"sexta-feira";"19:00:00";"RJ";40;121;"DUQUE DE CAXIAS";"Manobra de mudança de faixa";"Colisão traseira";"Com Vítimas Feridas";"Plena Noite";"Decrescente";"Céu Claro";"Múltipla";"Reta";"Sim";2;0;1;0;1;0;1;2;-22,78185499;-43,28571273;"SPRF-RJ";"DEL01-RJ";"UOP01-DEL01-RJ"
473385;2022-09-09;"sexta-feira";"20:00:00";"SP";116;207;"GUARULHOS";"Pedestre andava na pista";"Atropelamento de Pedestre";"Com Vítimas Fatais";"Plena Noite";"Crescente";"Céu Claro";"Múltipla";"Reta";"Sim";3;1;0;0;1;1;0;2;-23,41972188;-46,38419203;"SPRF-SP";"DEL01-SP";"UOP01-DEL01-SP"
473387;2022-09-09;"sexta-feira";"17:33:00";"RS";472;187,4;"SANTO CRISTO";"Acessar a via sem observar a presença dos outros veículos";"Colisão transversal";"Com Vítimas Feridas";"Pleno dia";"Crescente";"Nublado";"Simples";"Reta";"Sim";4;0;1;0;3;0;1;2;-27,8379234;-54,63187695;"SPRF-RS";"DEL10-RS";"UOP01-DEL10-RS"
473388;2022-09-09;"sexta-feira";"20:30:00";"RJ";40;120;"DUQUE DE CAXIAS";"Reação tardia ou ineficiente do condutor";"Colisão com objeto";"Com Vítimas Feridas";"Plena Noite";"Crescente";"Céu Claro";"Dupla";"Reta";"Sim";1;0;1;0;0;0;1;1;-22,77280597;-43,28626763;"SPRF-RJ";"DEL01-RJ";"UOP01-DEL01-RJ"
473392;2022-09-09;"sexta-feira";"14:00:00";"MG";365;482;"PATROCINIO";"Ingestão de álcool pelo condutor";"Saída de leito carroçável";"Sem Vítimas";"Pleno dia";"Crescente";"Céu Claro";"Simples";"Curva";"Não";1;0;0;0;0;1;0;1;-18,88963965;-47,08130836;"SPRF-MG";"DEL10-MG";"UOP01-DEL10-MG"
473397;2022-09-09;"sexta-feira";"18:30:00";"BA";30;411,9;"TANHACU";"Ultrapassagem Indevida";"Colisão frontal";"Com Vítimas Feridas";"Plena Noite";"Crescente";"Ignorado";"Simples";"Aclive;Reta";"Não";6;0;1;2;0;3;3;5;-14,15472197;-41,28644;"SPRF-BA";"DEL08-BA";"UOP01-DEL08-BA"
473398;2022-09-09;"sexta-feira";"19:00:00";"PB";104;117;"LAGOA SECA";"Acessar a via sem observar a presença dos outros veículos";"Colisão traseira";"Com Vítimas Feridas";"Plena Noite";"Crescente";"Céu Claro";"Simples";"Reta";"Não";2;0;0;1;0;1;1;2;-7,19030697;-35,86736609;"SPRF-PB";"DEL02-PB";"UOP04-DEL02-PB"
473399;2022-09-09;"sexta-feira";"20:05:00";"RS";392;61;"PELOTAS";"Ausência de reação do condutor";"Tombamento";"Com Vítimas Feridas";"Plena Noite";"Decrescente";"Chuva";"Dupla";"Curva";"Não";1;0;1;0;0;0;1;1;-31,78636127;-52,3528092;"SPRF-RS";"DEL07-RS";"UOP02-DEL07-RS"
473400;2022-09-09;"sexta-feira";"21:00:00";"PE";104;63,6;"CARUARU";"Condutor deixou de manter distância do veículo da frente";"Colisão lateral mesmo sentido";"Com Vítimas Feridas";"Plena Noite";"Crescente";"Céu Claro";"Simples";"Interseção de Vias";"Sim";2;0;1;0;1;0;1;2;-8,2698;-35,9803;"SPRF-PE";"DEL02-PE";"UOP01-DEL02-PE"
473403;2022-09-09;"sexta-feira";"21:45:00";"MG";381;507;"SAO JOAQUIM DE BICAS";"Demais falhas mecânicas ou elétricas";"Incêndio";"Sem Vítimas";"Plena Noite";"Crescente";"Céu Claro";"Dupla";"Reta";"Sim";6;0;0;0;6;0;0;1;-20,05643192;-44,28663308;"SPRF-MG";"DEL01-MG";"UOP03-DEL01-MG"
473404;2022-09-09;"sexta-feira";"18:15:00";"RS";480;67;"BARAO DE COTEGIPE";"Ausência de reação do condutor";"Saída de leito carroçável";"Sem Vítimas";"Pleno dia";"Decrescente";"Nublado";"Simples";"Curva";"Não";1;0;0;0;1;0;0;1;-27,634128;-52,343662;"SPRF-RS";"DEL08-RS";"UOP04-DEL08-RS"
473406;2022-09-09;"sexta-feira";"21:20:00";"PR";277;69;"SAO JOSE DOS PINHAIS";"Ausência de reação do condutor";"Colisão traseira";"Com Vítimas Feridas";"Plena Noite";"Crescente";"Céu Claro";"Dupla";"Reta";"Sim";2;0;1;0;1;0;1;2;-25,53715243;-49,07076619;"SPRF-PR";"DEL01-PR";"UOP01-DEL01-PR"
473409;2022-09-09;"sexta-feira";"22:45:00";"SC";101;217;"PALHOCA";"Acessar a via sem observar a presença dos outros veículos";"Queda de ocupante de veículo";"Com Vítimas Feridas";"Plena Noite";"Decrescente";"Céu Claro";"Múltipla";"Reta";"Não";2;0;1;0;1;0;1;2;-27,66779034;-48,67393586;"SPRF-SC";"DEL01-SC";"UOP02-DEL01-SC"
473412;2022-09-09;"sexta-feira";"21:50:00";"SC";280;23,8;"ARAQUARI";"Acessar a via sem observar a presença dos outros veículos";"Colisão transversal";"Com Vítimas Feridas";"Plena Noite";"Crescente";"Nublado";"Simples";"Reta";"Não";3;0;3;0;0;0;3;2;-26,37724921;-48,71953282;"SPRF-SC";"DEL03-SC";"UOP03-DEL03-SC"
473414;2022-09-09;"sexta-feira";"22:40:00";"MS";163;33,3;"ELDORADO";"Demais falhas mecânicas ou elétricas";"Incêndio";"Sem Vítimas";"Plena Noite";"Crescente";"Céu Claro";"Dupla";"Reta";"Não";1;0;0;0;1;0;0;1;-23,82419598;-54,33068308;"SPRF-MS";"DEL09-MS";"UOP02-DEL09-MS"
473415;2022-09-09;"sexta-feira";"23:00:00";"PA";230;118;"MARABA";"Reação tardia ou ineficiente do condutor";"Colisão traseira";"Sem Vítimas";"Plena Noite";"Crescente";"Céu Claro";"Simples";"Reta";"Sim";3;0;0;0;3;0;0;2;-5,35193706;-49,09794103;"SPRF-PA";"DEL03-PA";"UOP01-DEL03-PA"
473417;2022-09-09;"sexta-feira";"23:55:00";"PR";116;116;"CURITIBA";"Reação tardia ou ineficiente do condutor";"Colisão com objeto";"Sem Vítimas";"Plena Noite";"Crescente";"Nublado";"Múltipla";"Reta";"Sim";1;0;0;0;0;1;0;1;-25,55468195;-49,27402397;"SPRF-PR";"DEL01-PR";"UOP06-DEL01-PR"
473420;2022-09-10;"sábado";"00:15:00";"RS";386;36,7;"FREDERICO WESTPHALEN";"Reação tardia ou ineficiente do condutor";"Saída de leito carroçável";"Com Vítimas Feridas";"Plena Noite";"Decrescente";"Chuva";"Simples";"Reta";"Sim";2;0;2;0;0;0;2;1;-27,373381;-53,39772;"SPRF-RS";"DEL08-RS";"UOP02-DEL08-RS"
473421;2022-09-10;"sábado";"01:00:00";"BA";324;613;"SALVADOR";"Condutor Dormindo";"Colisão com objeto";"Com Vítimas Feridas";"Plena Noite";"Crescente";"Céu Claro";"Dupla";"Reta";"Sim";1;0;1;0;0;0;1;1;-12,85531601;-38,42055197;"SPRF-BA";"DEL01-BA";"UOP01-DEL01-BA"
473422;2022-09-10;"sábado";"02:21:00";"TO";153;130;"ARAGUAINA";"Condutor Dormindo";"Queda de ocupante de veículo";"Com Vítimas Feridas";"Plena Noite";"Decrescente";"Céu Claro";"Simples";"Reta";"Não";1;0;0;1;0;0;1;1;-7,09311624;-48,17089475;"SPRF-TO";"DEL02-TO";"UOP01-DEL02-TO"
473423;2022-09-10;"sábado";"02:20:00";"SP";116;53;"LORENA";"Animais na Pista";"Atropelamento de Animal";"Sem Vítimas";"Plena Noite";"Decrescente";"Céu Claro";"Dupla";"Reta";"Não";1;0;0;0;1;0;0;1;-22,75255433;-45,10741076;"SPRF-SP";"DEL08-SP";"UOP02-DEL08-SP"
473424;2022-09-10;"sábado";"01:13:00";"MG";381;896,7;"CAMBUI";"Entrada inopinada do pedestre";"Atropelamento de Pedestre";"Com Vítimas Fatais";"Plena Noite";"Decrescente";"Céu Claro";"Dupla";"Reta";"Sim";2;1;0;0;0;1;0;2;-22,63125698;-46,07854411;"SPRF-MG";"DEL16-MG";"UOP03-DEL16-MG"
473426;2022-09-10;"sábado";"02:40:00";"SC";116;247,6;"LAGES";"Conversão proibida";"Colisão frontal";"Com Vítimas Feridas";"Plena Noite";"Crescente";"Garoa/Chuvisco";"Simples";"Reta";"Sim";2;0;1;0;0;1;1;2;-27,81721559;-50,37245393;"SPRF-SC";"DEL05-SC";"UOP02-DEL05-SC"
473428;2022-09-10;"sábado";"03:13:00";"MG";365;130;"VARZEA DA PALMA";"Demais falhas mecânicas ou elétricas";"Capotamento";"Com Vítimas Feridas";"Plena Noite";"Crescente";"Céu Claro";"Simples";"Reta";"Não";28;0;1;11;16;0;12;1;-17,13630138;-44,73174806;"SPRF-MG";"DEL12-MG";"UOP01-DEL12-MG"
473430;2022-09-10;"sábado";"02:30:00";"MT";163;843;"SINOP";"Ausência de reação do condutor";"Colisão traseira";"Sem Vítimas";"Plena Noite";"Crescente";"Céu Claro";"Simples";"Reta";"Sim";2;0;0;0;2;0;0;2;-11,783478;-55,475056;"SPRF-MT";"DEL06-MT";"NPF/DEL06-MT"
473431;2022-09-10;"sábado";"03:10:00";"PR";376;258;"CALIFORNIA";"Reação tardia ou ineficiente do condutor";"Colisão traseira";"Com Vítimas Feridas";"Plena Noite";"Crescente";"Céu Claro";"Dupla";"Reta";"Sim";1;0;1;0;0;0;1;1;-23,66512;-51,362033;"SPRF-PR";"DEL07-PR";"UOP03-DEL07-PR"
473432;2022-09-10;"sábado";"04:10:00";"SC";282;18,3;"PALHOCA";"Ingestão de álcool pelo condutor";"Colisão traseira";"Sem Vítimas";"Plena Noite";"Crescente";"Nublado";"Simples";"Reta";"Não";2;0;0;0;2;0;0;2;-27,672798;-48,694286;"SPRF-SC";"DEL01-SC";"UOP02-DEL01-SC"
473433;2022-09-10;"sábado";"01:30:00";"MG";262;155,3;"SAO DOMINGOS DO PRATA";"Demais falhas mecânicas ou elétricas";"Colisão traseira";"Com Vítimas Feridas";"Plena Noite";"Decrescente";"Céu Claro";"Simples";"Declive;Curva";"Não";5;0;1;0;4;0;1;2;-19,973079;-42,802399;"SPRF-MG";"DEL03-MG";"UOP03-DEL03-MG"
473434;2022-09-10;"sábado";"04:01:00";"SC";116;234,3;"CORREIA PINTO";"Ingestão de álcool pelo condutor";"Saída de leito carroçável";"Sem Vítimas";"Plena Noite";"Decrescente";"Garoa/Chuvisco";"Simples";"Curva";"Não";2;0;0;0;2;0;0;1;-27,70240496;-50,33486119;"SPRF-SC";"DEL05-SC";"UOP01-DEL05-SC"
473435;2022-09-10;"sábado";"04:00:00";"SC";101;201;"SAO JOSE";"Manobra de mudança de faixa";"Colisão traseira";"Com Vítimas Feridas";"Plena Noite";"Decrescente";"Nublado";"Dupla";"Interseção de Vias";"Sim";2;0;1;0;1;0;1;2;-27,54836599;-48,61977975;"SPRF-SC";"DEL01-SC";"UOP01-DEL01-SC"
473436;2022-09-10;"sábado";"04:40:00";"RS";116;148;"CAXIAS DO SUL";"Reação tardia ou ineficiente do condutor";"Colisão com objeto";"Sem Vítimas";"Plena Noite";"Decrescente";"Céu Claro";"Dupla";"Curva";"Sim";1;0;0;0;1;0;0;1;-29,15771587;-51,1516732;"SPRF-RS";"DEL05-RS";"UOP01-DEL05-RS"
473437;2022-09-10;"sábado";"04:00:00";"SC";101;109;"PENHA";"Velocidade Incompatível";"Colisão traseira";"Com Vítimas Feridas";"Plena Noite";"Crescente";"Chuva";"Dupla";"Reta";"Sim";3;0;1;0;2;0;1;3;-26,8333519;-48,69632106;"SPRF-SC";"DEL03-SC";"UOP02-DEL03-SC"
473438;2022-09-10;"sábado";"01:00:00";"RJ";493;10;"GUAPIMIRIM";"Condutor Dormindo";"Colisão lateral mesmo sentido";"Sem Vítimas";"Amanhecer";"Crescente";"Ignorado";"Simples";"Ponte";"Não";1;0;0;0;1;0;0;1;-22,69541193;-42,95667763;"SPRF-RJ";"DEL04-RJ";"UOP02-DEL04-RJ"
473439;2022-09-10;"sábado";"05:20:00";"MG";381;837,5;"SAO SEBASTIAO DA BELA VISTA";"Condutor Dormindo";"Colisão traseira";"Com Vítimas Feridas";"Amanhecer";"Decrescente";"Céu Claro";"Múltipla";"Aclive;Reta";"Não";2;0;1;0;1;0;1;2;-22,18544691;-45,84411022;"SPRF-MG";"DEL16-MG";"UOP01-DEL16-MG"
473441;2022-09-10;"sábado";"06:00:00";"RS";386;346;"LAJEADO";"Acessar a via sem observar a presença dos outros veículos";"Colisão traseira";"Sem Vítimas";"Pleno dia";"Crescente";"Nublado";"Dupla";"Interseção de Vias";"Sim";3;0;0;0;3;0;0;2;-29,446793;-51,974564;"SPRF-RS";"DEL04-RS";"UOP01-DEL04-RS"
473443;2022-09-10;"sábado";"04:30:00";"PR";153;460;"PORTO VITORIA";"Velocidade Incompatível";"Saída de leito carroçável";"Com Vítimas Feridas";"Amanhecer";"Decrescente";"Garoa/Chuvisco";"Simples";"Reta";"Não";1;0;1;0;0;0;1;1;-26,32788367;-51,2361145;"SPRF-PR";"DEL02-PR";"UOP03-DEL02-PR"
473445;2022-09-10;"sábado";"03:30:00";"PR";376;182,2;"SARANDI";"Ausência de reação do condutor";"Colisão com objeto";"Sem Vítimas";"Plena Noite";"Decrescente";"Nublado";"Múltipla";"Reta";"Sim";1;0;0;0;0;1;0;1;-23,43295642;-51,88561315;"SPRF-PR";"DEL09-PR";"UOP01-DEL09-PR"
473447;2022-09-10;"sábado";"03:20:00";"PR";376;159,2;"MANDAGUACU";"Velocidade Incompatível";"Colisão traseira";"Com Vítimas Feridas";"Plena Noite";"Decrescente";"Céu Claro";"Dupla";"Curva";"Não";3;0;0;2;1;0;2;2;-23,36498136;-52,07632098;"SPRF-PR";"DEL09-PR";"UOP01-DEL09-PR"
473448;2022-09-10;"sábado";"04:53:00";"PR";158;533,2;"PATO BRANCO";"Condutor desrespeitou a iluminação vermelha do semáforo";"Colisão transversal";"Com Vítimas Feridas";"Plena Noite";"Crescente";"Nublado";"Simples";"Interseção de Vias";"Sim";4;0;2;0;1;1;2;3;-26,21972809;-52,68262891;"SPRF-PR";"DEL02-PR";"UOP01-DEL02-PR"
473449;2022-09-10;"sábado";"06:25:00";"PR";277;578;"CASCAVEL";"Ausência de sinalização";"Queda de ocupante de veículo";"Com Vítimas Feridas";"Amanhecer";"Decrescente";"Nevoeiro/Neblina";"Simples";"Em Obras";"Não";2;0;2;0;0;0;2;1;-24,98385591;-53,34955899;"SPRF-PR";"DEL04-PR";"UOP01-DEL04-PR"
473450;2022-09-09;"sexta-feira";"21:00:00";"RJ";493;106;"SEROPEDICA";"Ingestão de álcool pelo condutor";"Saída de leito carroçável";"Sem Vítimas";"Plena Noite";"Decrescente";"Céu Claro";"Dupla";"Reta";"Não";3;0;0;0;3;0;0;1;-22,78009878;-43,74971509;"SPRF-RJ";"DEL03-RJ";"UOP01-DEL03-RJ"
473453;2022-09-10;"sábado";"04:15:00";"PR";277;78;"SAO JOSE DOS PINHAIS";"Ausência de reação do condutor";"Colisão com objeto";"Sem Vítimas";"Pleno dia";"Decrescente";"Céu Claro";"Dupla";"Reta";"Sim";1;0;0;0;0;1;0;1;-25,51327981;-49,12433291;"SPRF-PR";"DEL01-PR";"UOP01-DEL01-PR"
473454;2022-09-10;"sábado";"02:30:00";"RJ";101;525;"ANGRA DOS REIS";"Reação tardia ou ineficiente do condutor";"Saída de leito carroçável";"Com Vítimas Feridas";"Plena Noite";"Decrescente";"Céu Claro";"Simples";"Declive;Curva";"Não";47;0;32;1;14;0;33;1;-23,00539889;-44,48448504;"SPRF-RJ";"DEL03-RJ";"UOP03-DEL03-RJ"
473455;2022-09-10;"sábado";"07:29:00";"PE";232;16;"JABOATAO DOS GUARARAPES";"Condutor deixou de manter distância do veículo da frente";"Colisão traseira";"Com Vítimas Feridas";"Pleno dia";"Crescente";"Céu Claro";"Dupla";"Reta";"Sim";4;0;1;0;3;0;1;3;-8,09414193;-35,03716601;"SPRF-PE";"DEL01-PE";"UOP01-DEL01-PE"
473456;2022-09-10;"sábado";"00:05:00";"PR";376;647;"TIJUCAS DO SUL";"Reação tardia ou ineficiente do condutor";"Colisão traseira";"Sem Vítimas";"Plena Noite";"Decrescente";"Garoa/Chuvisco";"Dupla";"Reta";"Não";1;0;0;0;0;1;0;1;-25,84273245;-49,10181642;"SPRF-PR";"DEL01-PR";"UOP04-DEL01-PR"
473457;2022-09-10;"sábado";"06:19:00";"SP";116;126;"CACAPAVA";"Acesso irregular";"Colisão com objeto";"Sem Vítimas";"Pleno dia";"Crescente";"Céu Claro";"Simples";"Interseção de Vias";"Sim";1;0;0;0;0;1;0;1;-23,10240148;-45,69187045;"SPRF-SP";"DEL02-SP";"UOP02-DEL02-SP"
473459;2022-09-10;"sábado";"07:35:00";"RJ";101;87;"CAMPOS DOS GOYTACAZES";"Velocidade Incompatível";"Capotamento";"Com Vítimas Feridas";"Pleno dia";"Decrescente";"Céu Claro";"Dupla";"Curva";"Não";2;0;2;0;0;0;2;1;-21,82626899;-41,49641201;"SPRF-RJ";"DEL08-RJ";"UOP02-DEL08-RJ"
473462;2022-09-10;"sábado";"05:53:00";"SC";282;606,9;"MARAVILHA";"Transitar na contramão";"Colisão transversal";"Com Vítimas Fatais";"Plena Noite";"Crescente";"Garoa/Chuvisco";"Simples";"Reta";"Sim";2;1;0;0;1;0;0;2;-26,772648;-53,2062;"SPRF-SC";"DEL07-SC";"UOP02-DEL07-SC"
473463;2022-09-10;"sábado";"05:00:00";"MG";365;95;"JEQUITAI";"Ausência de reação do condutor";"Saída de leito carroçável";"Com Vítimas Feridas";"Amanhecer";"Crescente";"Céu Claro";"Simples";"Reta";"Não";2;0;1;1;0;0;2;1;-17,21418093;-44,481062;"SPRF-MG";"DEL12-MG";"UOP01-DEL12-MG"
473465;2022-09-10;"sábado";"06:40:00";"MG";116;779,1;"LEOPOLDINA";"Reação tardia ou ineficiente do condutor";"Saída de leito carroçável";"Com Vítimas Feridas";"Pleno dia";"Crescente";"Céu Claro";"Simples";"Reta";"Não";1;0;1;0;0;0;1;1;-21,60837977;-42,69596393;"SPRF-MG";"DEL07-MG";"UOP01-DEL07-MG"
473466;2022-09-10;"sábado";"08:20:00";"SP";116;272;"TABOAO DA SERRA";"Trafegar com motocicleta (ou similar) entre as faixas";"Colisão lateral mesmo sentido";"Com Vítimas Feridas";"Pleno dia";"Decrescente";"Céu Claro";"Dupla";"Reta";"Sim";2;0;1;0;1;0;1;2;-23,621691;-46,813288;"SPRF-SP";"DEL04-SP";"UOP01-DEL04-SP"
473467;2022-09-10;"sábado";"07:10:00";"RS";285;275;"MATO CASTELHANO";"Ingestão de álcool pelo condutor";"Saída de leito carroçável";"Com Vítimas Feridas";"Pleno dia";"Decrescente";"Céu Claro";"Simples";"Curva";"Não";1;0;0;1;0;0;1;1;-28,265448;-52,208416;"SPRF-RS";"DEL08-RS";"UOP03-DEL08-RS"
473468;2022-09-10;"sábado";"07:25:00";"RS";290;111;"ELDORADO DO SUL";"Ingestão de álcool pelo condutor";"Colisão traseira";"Sem Vítimas";"Pleno dia";"Crescente";"Céu Claro";"Dupla";"Reta";"Não";2;0;0;0;2;0;0;2;-30,032066;-51,325138;"SPRF-RS";"DEL02-RS";"UOP01-DEL02-RS"
473469;2022-09-10;"sábado";"08:30:00";"RJ";101;412;"ITAGUAI";"Velocidade Incompatível";"Colisão traseira";"Sem Vítimas";"Pleno dia";"Decrescente";"Céu Claro";"Dupla";"Reta";"Sim";2;0;0;0;2;0;0;2;-22,89720365;-43,85639217;"SPRF-RJ";"DEL03-RJ";"UOP01-DEL03-RJ"
473470;2022-09-10;"sábado";"08:45:00";"PR";376;593;"CURITIBA";"Condutor deixou de manter distância do veículo da frente";"Colisão traseira";"Com Vítimas Feridas";"Pleno dia";"Decrescente";"Nublado";"Múltipla";"Reta";"Sim";2;0;1;0;1;0;1;2;-25,47642706;-49,35092413;"SPRF-PR";"DEL01-PR";"UOP06-DEL01-PR"
473471;2022-09-10;"sábado";"06:00:00";"MG";459;83,6;"CONGONHAL";"Ingestão de álcool pelo condutor";"Colisão com objeto";"Sem Vítimas";"Amanhecer";"Crescente";"Céu Claro";"Simples";"Reta";"Sim";4;0;0;0;1;3;0;2;-22,154463;-46,071995;"SPRF-MG";"DEL09-MG";"UOP01-DEL09-MG"
473472;2022-09-10;"sábado";"05:30:00";"MT";163;694;"SORRISO";"Falta de elemento de contenção que evite a saída do leito carroçável";"Saída de leito carroçável";"Com Vítimas Feridas";"Amanhecer";"Decrescente";"Céu Claro";"Simples";"Reta";"Não";1;0;0;1;0;0;1;1;-13,041109;-55,90272;"SPRF-MT";"DEL06-MT";"UOP01-DEL06-MT"
473473;2022-09-10;"sábado";"09:08:00";"SP";153;97;"JACI";"Reação tardia ou ineficiente do condutor";"Capotamento";"Com Vítimas Feridas";"Pleno dia";"Decrescente";"Sol";"Dupla";"Reta";"Não";2;0;2;0;0;0;2;1;-20,98473984;-49,61733921;"SPRF-SP";"DEL09-SP";"UOP01-DEL09-SP"
473474;2022-09-10;"sábado";"09:00:00";"MG";40;551,6;"NOVA LIMA";"Avarias e/ou desgaste excessivo no pneu";"Tombamento";"Com Vítimas Feridas";"Pleno dia";"Decrescente";"Céu Claro";"Dupla";"Reta;Declive";"Sim";2;0;0;1;1;0;1;1;-20,05411435;-43,97101875;"SPRF-MG";"DEL01-MG";"UOP02-DEL01-MG"
473475;2022-09-10;"sábado";"09:00:00";"PR";376;251;"APUCARANA";"Ausência de reação do condutor";"Saída de leito carroçável";"Com Vítimas Feridas";"Pleno dia";"Decrescente";"Céu Claro";"Dupla";"Reta;Declive";"Não";2;0;2;0;0;0;2;1;-23,64247799;-51,37832866;"SPRF-PR";"DEL07-PR";"UOP03-DEL07-PR"
473476;2022-09-10;"sábado";"09:20:00";"RJ";40;120;"DUQUE DE CAXIAS";"Manobra de mudança de faixa";"Colisão lateral mesmo sentido";"Com Vítimas Feridas";"Pleno dia";"Crescente";"Sol";"Múltipla";"Reta";"Sim";3;0;2;0;1;0;2;2;-22,77299616;-43,28589678;"SPRF-RJ";"DEL01-RJ";"UOP01-DEL01-RJ"
473477;2022-09-09;"sexta-feira";"11:00:00";"MG";381;547;"RIO MANSO";"Demais falhas mecânicas ou elétricas";"Incêndio";"Sem Vítimas";"Pleno dia";"Crescente";"Nublado";"Dupla";"Reta";"Não";1;0;0;0;1;0;0;1;-20,30272561;-44,44474427;"SPRF-MG";"DEL04-MG";"UOP03-DEL04-MG"
473479;2022-08-30;"terça-feira";"07:30:00";"RJ";493;107;"ITAGUAI";"Chuva";"Capotamento";"Com Vítimas Feridas";"Pleno dia";"Crescente";"Chuva";"Dupla";"Reta";"Não";1;0;1;0;0;0;1;1;-22,85846015;-43,81210327;"SPRF-RJ";"DEL03-RJ";"UOP01-DEL03-RJ"
473481;2022-09-10;"sábado";"09:10:00";"PB";230;166;"CAMPINA GRANDE";"Conversão proibida";"Colisão transversal";"Com Vítimas Feridas";"Pleno dia";"Decrescente";"Céu Claro";"Simples";"Reta";"Sim";2;0;1;0;1;0;1;2;-7,1976;-35,955;"SPRF-PB";"DEL02-PB";"UOP02-DEL02-PB"
473482;2022-09-10;"sábado";"09:40:00";"RJ";493;22;"MAGE";"Ultrapassagem Indevida";"Tombamento";"Com Vítimas Feridas";"Pleno dia";"Crescente";"Céu Claro";"Simples";"Reta";"Não";3;0;2;0;0;1;2;2;-22,659311;-43,053303;"SPRF-RJ";"DEL04-RJ";"UOP02-DEL04-RJ"
473483;2022-07-24;"domingo";"21:00:00";"MS";262;405;"TERENOS";"Animais na Pista";"Atropelamento de Animal";"Com Vítimas Feridas";"Plena Noite";"Decrescente";"Céu Claro";"Simples";"Reta";"Não";3;0;0;3;0;0;3;1;-20,4301751;-55,06753998;"SPRF-MS";"DEL01-MS";"UOP03-DEL01-MS"
473484;2022-09-10;"sábado";"10:00:00";"SP";116;117;"TAUBATE";"Reação tardia ou ineficiente do condutor";"Colisão traseira";"Com Vítimas Feridas";"Pleno dia";"Decrescente";"Céu Claro";"Dupla";"Reta";"Sim";2;0;0;1;1;0;1;2;-23,0582298;-45,6176951;"SPRF-SP";"DEL02-SP";"UOP02-DEL02-SP"
473485;2022-09-10;"sábado";"09:45:00";"RS";470;173;"VERANOPOLIS";"Reação tardia ou ineficiente do condutor";"Colisão traseira";"Sem Vítimas";"Pleno dia";"Crescente";"Céu Claro";"Simples";"Reta";"Não";2;0;0;0;2;0;0;2;-28,90074603;-51,55311438;"SPRF-RS";"DEL06-RS";"UOP02-DEL06-RS"
473486;2022-09-10;"sábado";"11:00:00";"SP";153;40,7;"ONDA VERDE";"Demais falhas mecânicas ou elétricas";"Tombamento";"Com Vítimas Feridas";"Pleno dia";"Crescente";"Sol";"Simples";"Reta;Declive";"Não";2;0;2;0;0;0;2;1;-20,61969606;-49,33411078;"SPRF-SP";"DEL09-SP";"UOP01-DEL09-SP"
473487;2022-09-10;"sábado";"10:40:00";"DF";70;3,3;"BRASILIA";"Acessar a via sem observar a presença dos outros veículos";"Colisão transversal";"Com Vítimas Feridas";"Pleno dia";"Crescente";"Céu Claro";"Dupla";"Reta";"Não";4;0;1;0;3;0;1;2;-15,802453;-48,080387;"SPRF-DF";"DEL03-DF";"UOP02-DEL03-DF"
473488;2022-09-10;"sábado";"10:30:00";"RS";386;281,6;"SAO JOSE DO HERVAL";"Transitar na contramão";"Colisão frontal";"Com Vítimas Feridas";"Pleno dia";"Crescente";"Céu Claro";"Simples";"Reta";"Sim";3;0;2;1;0;0;3;2;-29,030159;-52,304897;"SPRF-RS";"DEL04-RS";"UOP03-DEL04-RS"