"id";"data_inversa";"dia_semana";"horario";"uf";"br";"km";"municipio";"causa_acidente";"tipo_acidente";"classificacao_acidente";"fase_dia";"sentido_via";"condicao_metereologica";"tipo_pista";"tracado_via";"uso_solo";"pessoas";"mortos";"feridos_leves";"feridos_graves";"ilesos";"ignorados";"feridos";"veiculos";"latitude";"longitude";"regional";"delegacia";"uop"
473489;2022-09-10;"sábado";"11:20:00";"RS";470;162;"NOVA PRATA";"Acessar a via sem observar a presença dos outros veículos";"Colisão transversal";"Com Vítimas Feridas";"Pleno dia";"Crescente";"Céu Claro";"Simples";"Reta";"Não";2;0;1;0;1;0;1;2;-28,82207304;-51,58755803;"SPRF-RS";"DEL06-RS";"UOP02-DEL06-RS"
473491;2022-09-10;"sábado";"11:40:00";"PE";101;77;"RECIFE";"Pedestre cruzava a pista fora da faixa";"Atropelamento de Pedestre";"Com Vítimas Feridas";"Pleno dia";"Crescente";"Nublado";"Dupla";"Reta";"Sim";5;0;0;1;4;0;1;2;-8,11813811;-34,94329214;"SPRF-PE";"DEL01-PE";"UOP01-DEL01-PE"
473492;2022-09-10;"sábado";"10:30:00";"SP";116;284;"ITAPECERICA DA SERRA";"Velocidade Incompatível";"Colisão traseira";"Com Vítimas Feridas";"Pleno dia";"Crescente";"Céu Claro";"Simples";"Viaduto";"Sim";3;0;0;1;1;1;1;3;-23,69998;-46,867767;"SPRF-SP";"DEL04-SP";"UOP01-DEL04-SP"
473493;2022-09-10;"sábado";"11:30:00";"MA";10;258;"IMPERATRIZ";"Acessar a via sem observar a presença dos outros veículos";"Colisão transversal";"Sem Vítimas";"Pleno dia";"Decrescente";"Céu Claro";"Simples";"Reta";"Sim";2;0;0;0;2;0;0;2;-5,481554;-47,472092;"SPRF-MA";"DEL04-MA";"UOP01-DEL04-MA"
473494;2022-09-10;"sábado";"11:50:00";"SC";101;206;"SAO JOSE";"Condutor deixou de manter distância do veículo da frente";"Engavetamento";"Com Vítimas Feridas";"Pleno dia";"Decrescente";"Céu Claro";"Múltipla";"Reta";"Sim";5;0;2;0;3;0;2;4;-27,59193546;-48,61824557;"SPRF-SC";"DEL01-SC";"UOP01-DEL01-SC"
473495;2022-09-10;"sábado";"11:10:00";"MT";163;1,3;"ITIQUIRA";"Demais falhas mecânicas ou elétricas";"Tombamento";"Com Vítimas Feridas";"Pleno dia";"Decrescente";"Céu Claro";"Dupla";"Reta;Declive";"Não";2;0;2;0;0;0;2;1;-17,51072175;-54,73995924;"SPRF-MT";"DEL02-MT";"UOP01-DEL02-MT"
473497;2022-09-10;"sábado";"11:30:00";"SC";282;460;"PONTE SERRADA";"Reação tardia ou ineficiente do condutor";"Colisão traseira";"Com Vítimas Feridas";"Pleno dia";"Decrescente";"Céu Claro";"Simples";"Reta";"Sim";5;0;0;1;4;0;1;4;-26,856062;-52,03215;"SPRF-SC";"DEL07-SC";"UOP04-DEL07-SC"
473499;2022-09-10;"sábado";"12:00:00";"MG";381;455;"BELO HORIZONTE";"Conversão proibida";"Colisão transversal";"Com Vítimas Feridas";"Pleno dia";"Crescente";"Sol";"Simples";"Reta";"Sim";2;0;0;1;1;0;1;2;-19,83986737;-43,87706637;"SPRF-MG";"DEL01-MG";"UOP01-DEL01-MG"
473502;2022-09-10;"sábado";"10:00:00";"SC";282;489,1;"FAXINAL DOS GUEDES";"Ausência de reação do condutor";"Saída de leito carroçável";"Sem Vítimas";"Pleno dia";"Decrescente";"Nublado";"Simples";"Reta";"Não";1;0;0;0;1;0;0;1;-26,870375;-52,274731;"SPRF-SC";"DEL07-SC";"UOP01-DEL07-SC"
473504;2022-09-10;"sábado";"13:20:00";"SP";101;51,5;"UBATUBA";"Acessar a via sem observar a presença dos outros veículos";"Colisão transversal";"Com Vítimas Feridas";"Pleno dia";"Decrescente";"Céu Claro";"Simples";"Reta";"Sim";2;0;1;0;1;0;1;2;-23,45981552;-45,06749511;"SPRF-SP";"DEL06-SP";"UOP01-DEL06-SP"
473505;2022-09-10;"sábado";"13:00:00";"ES";101;79,2;"SAO MATEUS";"Demais falhas mecânicas ou elétricas";"Colisão com objeto";"Com Vítimas Feridas";"Pleno dia";"Crescente";"Sol";"Simples";"Ponte";"Não";2;0;0;2;0;0;2;1;-18,81417602;-39,90121797;"SPRF-ES";"DEL04-ES";"UOP02-DEL04-ES"
473507;2022-09-10;"sábado";"11:50:00";"RJ";101;518;"ANGRA DOS REIS";"Acessar a via sem observar a presença dos outros veículos";"Colisão transversal";"Com Vítimas Feridas";"Pleno dia";"Crescente";"Sol";"Simples";"Reta";"Não";2;0;2;0;0;0;2;2;-23,00098271;-44,44227202;"SPRF-RJ";"DEL03-RJ";"UOP03-DEL03-RJ"
473508;2022-09-10;"sábado";"11:55:00";"RJ";116;228;"PIRAI";"Demais falhas mecânicas ou elétricas";"Incêndio";"Sem Vítimas";"Pleno dia";"Decrescente";"Sol";"Dupla";"Curva";"Não";2;0;0;0;2;0;0;1;-22,660623;-43,82667;"SPRF-RJ";"DEL07-RJ";"UOP01-DEL07-RJ"
473509;2022-09-10;"sábado";"11:30:00";"BA";101;151;"CONCEICAO DO JACUIPE";"Demais falhas na via";"Colisão com objeto";"Com Vítimas Feridas";"Pleno dia";"Decrescente";"Sol";"Dupla";"Reta";"Não";1;0;1;0;0;0;1;1;-12,29680861;-38,71554331;"SPRF-BA";"DEL01-BA";"UOP03-DEL01-BA"
473511;2022-09-10;"sábado";"13:41:00";"RN";101;84,7;"NATAL";"Manobra de mudança de faixa";"Colisão transversal";"Com Vítimas Feridas";"Pleno dia";"Decrescente";"Sol";"Múltipla";"Aclive;Viaduto;Interseção de Vias;Reta";"Sim";2;0;1;0;1;0;1;2;-5,77618253;-35,25188684;"SPRF-RN";"DEL02-RN";"UOP01-DEL02-RN"
473512;2022-09-10;"sábado";"13:59:00";"SP";116;217;"GUARULHOS";"Velocidade Incompatível";"Queda de ocupante de veículo";"Com Vítimas Feridas";"Pleno dia";"Decrescente";"Céu Claro";"Múltipla";"Reta";"Sim";2;0;2;0;0;0;2;1;-23,45423824;-46,47119028;"SPRF-SP";"DEL01-SP";"UOP01-DEL01-SP"
473517;2022-09-10;"sábado";"13:00:00";"PE";428;187,8;"PETROLINA";"Manobra de mudança de faixa";"Colisão lateral mesmo sentido";"Com Vítimas Feridas";"Pleno dia";"Crescente";"Céu Claro";"Simples";"Em Obras";"Sim";2;0;1;0;1;0;1;2;-9,372472;-40,487048;"SPRF-PE";"DEL06-PE";"UOP01-DEL06-PE"
473518;2022-09-10;"sábado";"10:50:00";"RO";364;423;"JARU";"Desrespeitar a preferência no cruzamento";"Colisão transversal";"Com Vítimas Feridas";"Pleno dia";"Decrescente";"Sol";"Simples";"Reta";"Sim";2;0;1;0;1;0;1;2;-10,45220802;-62,46072003;"SPRF-RO";"DEL03-RO";"UOP02-DEL03-RO"
473519;2022-09-10;"sábado";"14:00:00";"PR";376;676;"GUARATUBA";"Ausência de reação do condutor";"Colisão lateral mesmo sentido";"Com Vítimas Feridas";"Pleno dia";"Crescente";"Garoa/Chuvisco";"Dupla";"Curva";"Não";3;0;3;0;0;0;3;2;-25,9253011;-48,91465313;"SPRF-PR";"DEL01-PR";"UOP04-DEL01-PR"
473520;2022-09-10;"sábado";"14:30:00";"MG";40;467;"SETE LAGOAS";"Condutor deixou de manter distância do veículo da frente";"Colisão traseira";"Com Vítimas Feridas";"Pleno dia";"Crescente";"Sol";"Dupla";"Reta";"Não";4;0;3;0;1;0;3;2;-19,46099279;-44,30121988;"SPRF-MG";"DEL02-MG";"UOP01-DEL02-MG"
473522;2022-09-10;"sábado";"12:46:00";"MA";230;403,8;"BALSAS";"Conversão proibida";"Colisão transversal";"Com Vítimas Feridas";"Pleno dia";"Decrescente";"Céu Claro";"Simples";"Declive;Curva;Interseção de Vias";"Sim";3;0;3;0;0;0;3;2;-7,523765;-46,041798;"SPRF-MA";"DEL05-MA";"UOP01-DEL05-MA"
473523;2022-09-10;"sábado";"12:24:00";"MS";262;348;"CAMPO GRANDE";"Reação tardia ou ineficiente do condutor";"Saída de leito carroçável";"Com Vítimas Feridas";"Pleno dia";"Crescente";"Céu Claro";"Simples";"Reta";"Não";5;0;4;0;0;1;4;2;-20,56323754;-54,61259399;"SPRF-MS";"DEL01-MS";"UOP03-DEL01-MS"
473525;2022-09-10;"sábado";"15:00:00";"PR";376;450,9;"TIBAGI";"Velocidade Incompatível";"Queda de ocupante de veículo";"Com Vítimas Feridas";"Pleno dia";"Crescente";"Nublado";"Dupla";"Curva";"Não";1;0;1;0;0;0;1;1;-24,87628725;-50,44315556;"SPRF-PR";"DEL03-PR";"UOP02-DEL03-PR"
473526;2022-09-10;"sábado";"14:20:00";"RJ";101;310;"SAO GONCALO";"Reação tardia ou ineficiente do condutor";"Colisão lateral mesmo sentido";"Com Vítimas Feridas";"Pleno dia";"Crescente";"Céu Claro";"Dupla";"Declive";"Não";3;0;1;0;2;0;1;2;-22,79717023;-43,04404993;"SPRF-RJ";"DEL02-RJ";"UOP02-DEL02-RJ"
473527;2022-09-10;"sábado";"15:00:00";"RS";386;256;"SOLEDADE";"Reação tardia ou ineficiente do condutor";"Saída de leito carroçável";"Com Vítimas Feridas";"Pleno dia";"Crescente";"Céu Claro";"Simples";"Reta";"Não";1;0;1;0;0;0;1;1;-28,871503;-52,43914;"SPRF-RS";"DEL04-RS";"UOP03-DEL04-RS"
473528;2022-09-10;"sábado";"14:00:00";"SP";381;30,2;"ATIBAIA";"Frear bruscamente";"Colisão traseira";"Com Vítimas Feridas";"Pleno dia";"Decrescente";"Céu Claro";"Dupla";"Reta";"Não";3;0;1;0;2;0;1;3;-23,04885102;-46,56482797;"SPRF-SP";"DEL03-SP";"UOP01-DEL03-SP"
473530;2022-09-10;"sábado";"10:00:00";"MA";316;419,9;"PERITORO";"Transitar no acostamento";"Colisão lateral mesmo sentido";"Sem Vítimas";"Pleno dia";"Crescente";"Céu Claro";"Simples";"Reta";"Sim";2;0;0;0;1;1;0;2;-4,3526425;-44,3696947;"SPRF-MA";"DEL03-MA";"UOP01-DEL03-MA"
473532;2022-09-10;"sábado";"12:30:00";"MG";365;458,2;"PATROCINIO";"Manobra de mudança de faixa";"Saída de leito carroçável";"Com Vítimas Feridas";"Pleno dia";"Decrescente";"Céu Claro";"Simples";"Reta";"Não";2;0;1;0;1;0;1;1;-18,8652659;-46,89487938;"SPRF-MG";"DEL10-MG";"UOP01-DEL10-MG"
473533;2022-07-20;"quarta-feira";"10:50:00";"DF";60;29;"BRASILIA";"Reação tardia ou ineficiente do condutor";"Saída de leito carroçável";"Com Vítimas Feridas";"Pleno dia";"Decrescente";"Sol";"Dupla";"Declive";"Não";1;0;1;0;0;0;1;1;-16,029184;-48,25354;"SPRF-DF";"DEL03-DF";"UOP01-DEL03-DF"
473534;2022-09-10;"sábado";"15:45:00";"SP";116;210;"GUARULHOS";"Manobra de mudança de faixa";"Colisão lateral mesmo sentido";"Com Vítimas Feridas";"Pleno dia";"Crescente";"Céu Claro";"Múltipla";"Reta";"Sim";3;0;1;0;2;0;1;2;-23,42870023;-46,41085991;"SPRF-SP";"DEL01-SP";"UOP01-DEL01-SP"
473535;2022-09-10;"sábado";"15:39:00";"RN";101;30;"RIO DO FOGO";"Acessar a via sem observar a presença dos outros veículos";"Colisão transversal";"Com Vítimas Feridas";"Pleno dia";"Decrescente";"Céu Claro";"Simples";"Interseção de Vias";"Não";3;0;2;0;1;0;2;2;-5,36915407;-35,37742011;"SPRF-RN";"DEL02-RN";"UOP01-DEL02-RN"
473536;2022-09-10;"sábado";"15:00:00";"PB";230;421;"SAO DOMINGOS";"Manobra de mudança de faixa";"Colisão frontal";"Com Vítimas Fatais";"Pleno dia";"Decrescente";"Céu Claro";"Simples";"Declive";"Não";2;1;0;0;0;1;0;2;-6,7238;-37,8624;"SPRF-PB";"DEL03-PB";"UOP02-DEL03-PB"
473537;2022-09-10;"sábado";"14:30:00";"RS";472;116,6;"BOA VISTA DO BURICA";"Conversão proibida";"Colisão transversal";"Com Vítimas Feridas";"Pleno dia";"Crescente";"Sol";"Simples";"Curva";"Não";2;0;1;0;1;0;1;2;-27,6849;-54,1262;"SPRF-RS";"DEL10-RS";"UOP01-DEL10-RS"
473538;2022-09-10;"sábado";"12:15:00";"RJ";101;449;"MANGARATIBA";"Demais falhas mecânicas ou elétricas";"Incêndio";"Sem Vítimas";"Pleno dia";"Crescente";"Céu Claro";"Simples";"Reta";"Não";1;0;0;0;1;0;0;1;-23,01670937;-44,10952856;"SPRF-RJ";"DEL03-RJ";"UOP02-DEL03-RJ"
473539;2022-09-10;"sábado";"14:15:00";"RJ";101;495;"ANGRA DOS REIS";"Transitar na contramão";"Colisão frontal";"Com Vítimas Feridas";"Pleno dia";"Crescente";"Céu Claro";"Simples";"Curva";"Não";3;0;0;1;2;0;1;2;-22,93180313;-44,32178488;"SPRF-RJ";"DEL03-RJ";"UOP03-DEL03-RJ"
473541;2022-09-10;"sábado";"15:30:00";"GO";70;3;"AGUAS LINDAS DE GOIAS";"Ausência de reação do condutor";"Saída de leito carroçável";"Sem Vítimas";"Pleno dia";"Crescente";"Céu Claro";"Dupla";"Reta;Aclive";"Não";1;0;0;0;1;0;0;1;-15,76177302;-48,2368693;"SPRF-DF";"DEL03-DF";"UOP02-DEL03-DF"
473545;2022-09-10;"sábado";"15:50:00";"PE";101;50;"ABREU E LIMA";"Reação tardia ou ineficiente do condutor";"Colisão traseira";"Com Vítimas Feridas";"Pleno dia";"Decrescente";"Céu Claro";"Dupla";"Reta";"Sim";2;0;1;0;1;0;1;2;-7,90938602;-34,90123228;"SPRF-PE";"DEL01-PE";"UOP02-DEL01-PE"
473546;2022-09-10;"sábado";"17:00:00";"SP";116;196,5;"SANTA ISABEL";"Demais falhas mecânicas ou elétricas";"Queda de ocupante de veículo";"Com Vítimas Feridas";"Pleno dia";"Crescente";"Céu Claro";"Dupla";"Reta";"Não";2;0;2;0;0;0;2;1;-23,39265978;-46,2844631;"SPRF-SP";"DEL01-SP";"UOP01-DEL01-SP"
473547;2022-09-10;"sábado";"16:30:00";"SC";101;282;"IMBITUBA";"Desrespeitar a preferência no cruzamento";"Colisão transversal";"Com Vítimas Feridas";"Pleno dia";"Crescente";"Céu Claro";"Múltipla";"Interseção de Vias;Retorno Regulamentado";"Sim";2;0;1;0;1;0;1;2;-28,19626005;-48,69739859;"SPRF-SC";"DEL02-SC";"UOP03-DEL02-SC"
473548;2022-09-10;"sábado";"15:30:00";"RO";364;711;"PORTO VELHO";"Manobra de mudança de faixa";"Colisão lateral mesmo sentido";"Com Vítimas Feridas";"Pleno dia";"Decrescente";"Céu Claro";"Dupla";"Declive";"Sim";3;0;3;0;0;0;3;2;-8,78153947;-63,86531369;"SPRF-RO";"DEL01-RO";"UOP01-DEL01-RO"
473549;2022-09-10;"sábado";"17:20:00";"GO";60;92;"ANAPOLIS";"Ingestão de álcool pelo condutor";"Colisão com objeto";"Com Vítimas Feridas";"Pleno dia";"Crescente";"Céu Claro";"Dupla";"Curva";"Sim";1;0;0;1;0;0;1;1;-16,353;-48,9178;"SPRF-GO";"DEL02-GO";"UOP01-DEL02-GO"
473551;2022-09-10;"sábado";"17:15:00";"RS";386;442;"CANOAS";"Ingestão de álcool e/ou substâncias psicoativas pelo pedestre";"Colisão traseira";"Sem Vítimas";"Pleno dia";"Crescente";"Céu Claro";"Dupla";"Reta";"Não";2;0;0;0;2;0;0;2;-29,885923;-51,223259;"SPRF-RS";"DEL01-RS";"UOP01-DEL01-RS"
473552;2022-09-10;"sábado";"14:00:00";"SC";280;249;"CANOINHAS";"Frear bruscamente";"Saída de leito carroçável";"Com Vítimas Feridas";"Pleno dia";"Decrescente";"Nublado";"Simples";"Reta";"Não";2;0;2;0;0;0;2;1;-26,25310206;-50,53277399;"SPRF-SC";"DEL06-SC";"UOP04-DEL06-SC"
473553;2022-09-10;"sábado";"17:00:00";"BA";324;618;"SALVADOR";"Reação tardia ou ineficiente do condutor";"Colisão traseira";"Com Vítimas Feridas";"Anoitecer";"Decrescente";"Céu Claro";"Dupla";"Reta";"Sim";2;0;2;0;0;0;2;2;-12,891109;-38,445374;"SPRF-BA";"DEL01-BA";"UOP01-DEL01-BA"
473554;2022-09-10;"sábado";"17:30:00";"RJ";101;395;"ITAGUAI";"Ingestão de álcool pelo condutor";"Colisão lateral mesmo sentido";"Com Vítimas Feridas";"Anoitecer";"Decrescente";"Nublado";"Dupla";"Reta";"Não";4;0;1;0;3;0;1;3;-22,88237391;-43,72205597;"SPRF-RJ";"DEL03-RJ";"UOP01-DEL03-RJ"
473555;2022-09-10;"sábado";"18:15:00";"MG";40;804,4;"MATIAS BARBOSA";"Velocidade Incompatível";"Colisão com objeto";"Com Vítimas Feridas";"Plena Noite";"Decrescente";"Céu Claro";"Dupla";"Curva";"Não";2;0;0;2;0;0;2;1;-21,86534291;-43,36765294;"SPRF-MG";"DEL05-MG";"UOP01-DEL05-MG"
473556;2022-09-10;"sábado";"15:45:00";"RR";174;525,2;"BOA VISTA";"Avarias e/ou desgaste excessivo no pneu";"Saída de leito carroçável";"Com Vítimas Feridas";"Pleno dia";"Decrescente";"Céu Claro";"Simples";"Reta";"Não";2;0;1;1;0;0;2;1;2,971963;-60,744995;"SPRF-RR";"DEL01-RR";"UOP01-DEL01-RR"
473557;2022-09-10;"sábado";"18:10:00";"SC";101;206,7;"SAO JOSE";"Ausência de reação do condutor";"Colisão com objeto";"Com Vítimas Feridas";"Anoitecer";"Crescente";"Nublado";"Dupla";"Curva";"Não";1;0;1;0;0;0;1;1;-27,59193546;-48,61824557;"SPRF-SC";"DEL01-SC";"UOP01-DEL01-SC"
473558;2022-09-10;"sábado";"16:50:00";"AL";316;157;"PALMEIRA DOS INDIOS";"Ultrapassagem Indevida";"Colisão lateral mesmo sentido";"Com Vítimas Feridas";"Anoitecer";"Decrescente";"Garoa/Chuvisco";"Simples";"Reta";"Não";2;0;0;1;0;1;1;2;-9,42635226;-36,6189263;"SPRF-AL";"DEL03-AL";"UOP01-DEL03-AL"
473559;2022-09-10;"sábado";"17:22:00";"ES";262;168;"IBATIBA";"Acessar a via sem observar a presença dos outros veículos";"Colisão transversal";"Com Vítimas Feridas";"Anoitecer";"Crescente";"Céu Claro";"Simples";"Aclive;Curva;Interseção de Vias";"Não";5;0;2;0;3;0;2;2;-20,26405912;-41,58091307;"SPRF-ES";"DEL01-ES";"UOP02-DEL01-ES"
473560;2022-09-10;"sábado";"17:28:00";"TO";153;334;"GUARAI";"Ingestão de álcool pelo condutor";"Colisão traseira";"Sem Vítimas";"Anoitecer";"Decrescente";"Céu Claro";"Simples";"Reta";"Sim";2;0;0;0;2;0;0;2;-8,835718;-48,512123;"SPRF-TO";"DEL02-TO";"UOP02-DEL02-TO"
473561;2022-09-10;"sábado";"18:30:00";"CE";20;203;"BOA VIAGEM";"Reação tardia ou ineficiente do condutor";"Colisão lateral mesmo sentido";"Com Vítimas Feridas";"Plena Noite";"Decrescente";"Céu Claro";"Simples";"Reta";"Sim";4;0;3;1;0;0;4;2;-5,128491;-39,738;"SPRF-CE";"DEL02-CE";"UOP02-DEL02-CE"
473562;2022-09-10;"sábado";"14:20:00";"PR";373;262;"PRUDENTOPOLIS";"Reação tardia ou ineficiente do condutor";"Saída de leito carroçável";"Com Vítimas Feridas";"Pleno dia";"Decrescente";"Céu Claro";"Simples";"Reta";"Não";4;0;3;1;0;0;4;1;-25,20035466;-50,96330988;"SPRF-PR";"DEL08-PR";"UOP01-DEL08-PR"
473564;2022-09-10;"sábado";"17:30:00";"RS";285;513,2;"VITORIA DAS MISSOES";"Acessar a via sem observar a presença dos outros veículos";"Colisão transversal";"Com Vítimas Fatais";"Pleno dia";"Decrescente";"Céu Claro";"Simples";"Reta";"Não";5;1;4;0;0;0;4;2;-28,400114;-54,423161;"SPRF-RS";"DEL10-RS";"UOP01-DEL10-RS"
473566;2022-09-10;"sábado";"15:00:00";"MA";135;28;"SAO LUIS";"Pista Escorregadia";"Capotamento";"Sem Vítimas";"Pleno dia";"Decrescente";"Chuva";"Dupla";"Reta";"Não";2;0;0;0;0;2;0;1;-2,786069;-44,37413;"SPRF-MA";"DEL01-MA";"UOP01-DEL01-MA"
473568;2022-09-10;"sábado";"18:00:00";"BA";324;544,9;"AMELIA RODRIGUES";"Ingestão de álcool pelo condutor";"Colisão traseira";"Com Vítimas Feridas";"Anoitecer";"Decrescente";"Céu Claro";"Dupla";"Curva";"Não";2;0;0;1;0;1;1;2;-12,41752074;-38,74990036;"SPRF-BA";"DEL01-BA";"UOP03-DEL01-BA"
473569;2022-09-10;"sábado";"07:15:00";"PR";376;283;"MARILANDIA DO SUL";"Ausência de reação do condutor";"Tombamento";"Com Vítimas Feridas";"Pleno dia";"Decrescente";"Nublado";"Dupla";"Retorno Regulamentado";"Não";1;0;0;1;0;0;1;1;-23,843234;-51,258379;"SPRF-PR";"DEL07-PR";"UOP02-DEL07-PR"
473570;2022-09-10;"sábado";"18:15:00";"DF";251;41;"BRASILIA";"Acesso irregular";"Colisão lateral mesmo sentido";"Com Vítimas Feridas";"Anoitecer";"Crescente";"Ignorado";"Simples";"Curva";"Não";2;0;1;0;1;0;1;2;-15,933754;-47,817089;"SPRF-DF";"DEL01-DF";"UOP01-DEL01-DF"
473571;2022-09-10;"sábado";"19:00:00";"RJ";393;282;"VOLTA REDONDA";"Acesso irregular";"Colisão frontal";"Com Vítimas Feridas";"Plena Noite";"Decrescente";"Céu Claro";"Simples";"Reta";"Não";2;0;1;0;0;1;1;2;-22,48082784;-44,04047201;"SPRF-RJ";"DEL05-RJ";"UOP04-DEL05-RJ"
473572;2022-09-10;"sábado";"16:35:00";"SC";280;249;"CANOINHAS";"Transitar na contramão";"Saída de leito carroçável";"Com Vítimas Feridas";"Pleno dia";"Crescente";"Céu Claro";"Simples";"Reta";"Não";3;0;1;0;2;0;1;1;-26,25310206;-50,53277399;"SPRF-SC";"DEL06-SC";"UOP04-DEL06-SC"
473573;2022-09-10;"sábado";"18:20:00";"MG";262;195;"JOAO MONLEVADE";"Ingestão de álcool pelo condutor";"Saída de leito carroçável";"Com Vítimas Feridas";"Plena Noite";"Crescente";"Céu Claro";"Simples";"Curva";"Não";2;0;2;0;0;0;2;1;-19,86097658;-43,10750503;"SPRF-MG";"DEL03-MG";"UOP01-DEL03-MG"
473574;2022-09-10;"sábado";"18:40:00";"PE";232;10,9;"JABOATAO DOS GUARARAPES";"Manobra de mudança de faixa";"Colisão lateral mesmo sentido";"Com Vítimas Feridas";"Plena Noite";"Decrescente";"Chuva";"Dupla";"Desvio Temporário;Em Obras;Curva";"Sim";2;0;1;0;1;0;1;2;-8,082081;-34,994401;"SPRF-PE";"DEL01-PE";"UOP01-DEL01-PE"
473576;2022-09-10;"sábado";"19:15:00";"PR";116;101;"SAO JOSE DOS PINHAIS";"Reação tardia ou ineficiente do condutor";"Saída de leito carroçável";"Sem Vítimas";"Plena Noite";"Decrescente";"Chuva";"Dupla";"Reta";"Sim";1;0;0;0;1;0;0;1;-25,54167701;-49,1509368;"SPRF-PR";"DEL01-PR";"UOP01-DEL01-PR"
473577;2022-09-10;"sábado";"19:20:00";"SC";101;308,7;"LAGUNA";"Pedestre andava na pista";"Atropelamento de Pedestre";"Com Vítimas Fatais";"Plena Noite";"Decrescente";"Céu Claro";"Múltipla";"Reta";"Não";8;1;0;0;7;0;0;3;-28,4249228;-48,8002356;"SPRF-SC";"DEL02-SC";"UOP01-DEL02-SC"
473578;2022-09-10;"sábado";"19:25:00";"ES";101;424;"ATILIO VIVACQUA";"Ingestão de álcool e/ou substâncias psicoativas pelo pedestre";"Capotamento";"Com Vítimas Feridas";"Plena Noite";"Crescente";"Céu Claro";"Simples";"Reta";"Não";1;0;1;0;0;0;1;1;-20,9947948;-41,12521918;"SPRF-ES";"DEL03-ES";"UOP02-DEL03-ES"
473579;2022-09-10;"sábado";"19:30:00";"ES";101;182,3;"LINHARES";"Acessar a via sem observar a presença dos outros veículos";"Colisão traseira";"Com Vítimas Feridas";"Plena Noite";"Crescente";"Céu Claro";"Dupla";"Curva";"Não";2;0;0;1;1;0;1;2;-19,6386808;-40,23155029;"SPRF-ES";"DEL04-ES";"UOP01-DEL04-ES"
473580;2022-09-10;"sábado";"07:00:00";"GO";80;99;"VILA PROPICIO";"Condutor Dormindo";"Saída de leito carroçável";"Sem Vítimas";"Pleno dia";"Decrescente";"Céu Claro";"Simples";"Reta";"Não";3;0;0;0;3;0;0;1;-15,208875;-48,697312;"SPRF-GO";"DEL07-GO";"UOP01-DEL07-GO"
473581;2022-09-10;"sábado";"19:50:00";"CE";116;10;"FORTALEZA";"Ingestão de álcool ou de substâncias psicoativas pelo pedestre";"Atropelamento de Pedestre";"Com Vítimas Feridas";"Plena Noite";"Decrescente";"Céu Claro";"Múltipla";"Reta";"Sim";2;0;1;0;1;0;1;2;-3,83603805;-38,5027281;"SPRF-CE";"DEL01-CE";"UOP02-DEL01-CE"
473582;2022-09-10;"sábado";"18:50:00";"CE";116;7,2;"FORTALEZA";"Pista Escorregadia";"Queda de ocupante de veículo";"Com Vítimas Feridas";"Plena Noite";"Decrescente";"Céu Claro";"Simples";"Curva;Viaduto";"Não";2;0;2;0;0;0;2;1;-3,81073099;-38,50074867;"SPRF-CE";"DEL01-CE";"UOP02-DEL01-CE"
473583;2022-09-10;"sábado";"19:19:00";"PR";277;472;"NOVA LARANJEIRAS";"Entrada inopinada do pedestre";"Atropelamento de Pedestre";"Com Vítimas Fatais";"Plena Noite";"Crescente";"Céu Claro";"Simples";"Declive;Reta";"Sim";3;1;0;0;0;2;0;3;-25,30714566;-52,54361629;"SPRF-PR";"DEL04-PR";"UOP02-DEL04-PR"
473585;2022-09-10;"sábado";"19:20:00";"RJ";465;13;"SEROPEDICA";"Afundamento ou ondulação no pavimento";"Colisão lateral mesmo sentido";"Com Vítimas Feridas";"Plena Noite";"Crescente";"Garoa/Chuvisco";"Simples";"Reta";"Sim";2;0;0;1;1;0;1;2;-22,798468;-43,645508;"SPRF-RJ";"DEL01-RJ";"UOP03-DEL01-RJ"
473586;2022-09-10;"sábado";"19:45:00";"RJ";101;330;"RIO DE JANEIRO";"Condutor deixou de manter distância do veículo da frente";"Colisão traseira";"Com Vítimas Feridas";"Plena Noite";"Decrescente";"Céu Claro";"Dupla";"Reta";"Sim";2;0;1;0;1;0;1;2;-22,8684989;-43,18548699;"SPRF-RJ";"DEL02-RJ";"UOP01-DEL02-RJ"
473587;2022-09-10;"sábado";"20:00:00";"PI";316;22;"TERESINA";"Ausência de reação do condutor";"Colisão com objeto";"Com Vítimas Feridas";"Plena Noite";"Crescente";"Céu Claro";"Simples";"Desvio Temporário";"Não";1;0;1;0;0;0;1;1;-5,27552796;-42,72607975;"SPRF-PI";"DEL01-PI";"UOP02-DEL01-PI"
473590;2022-09-10;"sábado";"16:45:00";"SC";282;98,6;"ALFREDO WAGNER";"Ausência de reação do condutor";"Saída de leito carroçável";"Com Vítimas Feridas";"Pleno dia";"Crescente";"Céu Claro";"Simples";"Reta";"Não";3;0;3;0;0;0;3;1;-27,702288;-49,279648;"SPRF-SC";"DEL01-SC";"UOP03-DEL01-SC"
473591;2022-09-10;"sábado";"20:15:00";"PR";277;705;"SAO MIGUEL DO IGUACU";"Reação tardia ou ineficiente do condutor";"Colisão lateral mesmo sentido";"Sem Vítimas";"Plena Noite";"Crescente";"Céu Claro";"Dupla";"Reta";"Não";6;0;0;0;6;0;0;2;-25,43019901;-54,369603;"SPRF-PR";"DEL05-PR";"UOP01-DEL05-PR"
473592;2022-09-10;"sábado";"20:30:00";"GO";153;608;"MORRINHOS";"Manobra de mudança de faixa";"Saída de leito carroçável";"Com Vítimas Fatais";"Plena Noite";"Decrescente";"Céu Claro";"Dupla";"Reta";"Não";5;1;2;1;1;0;3;1;-17,6202;-49,1797;"SPRF-GO";"DEL03-GO";"UOP01-DEL03-GO"