"id";"data_inversa";"dia_semana";"horario";"uf";"br";"km";"municipio";"causa_acidente";"tipo_acidente";"classificacao_acidente";"fase_dia";"sentido_via";"condicao_metereologica";"tipo_pista";"tracado_via";"uso_solo";"pessoas";"mortos";"feridos_leves";"feridos_graves";"ilesos";"ignorados";"feridos";"veiculos";"latitude";"longitude";"regional";"delegacia";"uop"
473593;2022-09-10;"sábado";"20:20:00";"DF";20;35,4;"BRASILIA";"Acessar a via sem observar a presença dos outros veículos";"Colisão traseira";"Com Vítimas Fatais";"Plena Noite";"Decrescente";"Céu Claro";"Dupla";"Reta";"Não";2;1;0;0;1;0;0;2;-15,582146;-47,559162;"SPRF-DF";"DEL02-DF";"UOP01-DEL02-DF"
473595;2022-09-10;"sábado";"20:00:00";"ES";101;307;"VIANA";"Reação tardia ou ineficiente do condutor";"Colisão traseira";"Com Vítimas Feridas";"Plena Noite";"Crescente";"Céu Claro";"Dupla";"Reta";"Não";3;0;1;0;2;0;1;2;-20,39978524;-40,45604748;"SPRF-ES";"DEL01-ES";"UOP01-DEL01-ES"
473596;2022-09-10;"sábado";"19:40:00";"PR";277;101,7;"CURITIBA";"Velocidade Incompatível";"Saída de leito carroçável";"Com Vítimas Fatais";"Plena Noite";"Crescente";"Nublado";"Dupla";"Reta";"Não";1;1;0;0;0;0;0;1;-25,4269522;-49,38344928;"SPRF-PR";"DEL01-PR";"UOP06-DEL01-PR"
473597;2022-09-10;"sábado";"19:30:00";"RJ";116;138;"DUQUE DE CAXIAS";"Pedestre cruzava a pista fora da faixa";"Atropelamento de Pedestre";"Com Vítimas Fatais";"Plena Noite";"Crescente";"Céu Claro";"Múltipla";"Ponte";"Sim";3;1;2;0;0;0;2;2;-22,64697319;-43,19165101;"SPRF-RJ";"DEL01-RJ";"UOP01-DEL01-RJ"
473598;2022-09-10;"sábado";"20:00:00";"RJ";116;176;"NOVA IGUACU";"Reação tardia ou ineficiente do condutor";"Engavetamento";"Com Vítimas Feridas";"Plena Noite";"Crescente";"Céu Claro";"Dupla";"Reta";"Sim";5;0;2;0;3;0;2;3;-22,755891;-43,43239903;"SPRF-RJ";"DEL01-RJ";"UOP02-DEL01-RJ"
473599;2022-09-10;"sábado";"20:50:00";"SC";101;203;"SAO JOSE";"Ingestão de álcool pelo condutor";"Colisão lateral mesmo sentido";"Sem Vítimas";"Plena Noite";"Decrescente";"Céu Claro";"Dupla";"Reta";"Sim";2;0;0;0;1;1;0;2;-27,56426891;-48,61540318;"SPRF-SC";"DEL01-SC";"UOP01-DEL01-SC"
473600;2022-09-10;"sábado";"20:20:00";"DF";70;15,7;"BRASILIA";"Ausência de reação do condutor";"Colisão traseira";"Com Vítimas Feridas";"Plena Noite";"Decrescente";"Céu Claro";"Dupla";"Reta";"Não";3;0;2;0;0;1;2;2;-15,798888;-48,185043;"SPRF-DF";"DEL03-DF";"UOP02-DEL03-DF"
473601;2022-09-10;"sábado";"20:20:00";"PA";163;966;"BELTERRA";"Entrada inopinada do pedestre";"Colisão lateral mesmo sentido";"Com Vítimas Feridas";"Plena Noite";"Crescente";"Nublado";"Simples";"Reta";"Não";2;0;0;1;0;1;1;2;-2,68130336;-54,85798798;"SPRF-PA";"DEL05-PA";"UOP01-DEL05-PA"
473604;2022-09-10;"sábado";"20:15:00";"RJ";465;14;"SEROPEDICA";"Área urbana sem a presença de local apropriado para a travessia de pedestres";"Atropelamento de Pedestre";"Com Vítimas Feridas";"Plena Noite";"Crescente";"Garoa/Chuvisco";"Simples";"Reta";"Sim";2;0;0;1;0;1;1;2;-22,804979;-43,638828;"SPRF-RJ";"DEL01-RJ";"UOP03-DEL01-RJ"
473606;2022-09-10;"sábado";"19:30:00";"AC";364;129;"RIO BRANCO";"Retorno proibido";"Colisão transversal";"Com Vítimas Feridas";"Anoitecer";"Crescente";"Ignorado";"Dupla";"Reta";"Não";3;0;1;0;2;0;1;2;-10,02882024;-67,82932804;"SPRF-AC";"DEL01-AC";"UOP01-DEL01-AC"
473607;2022-09-10;"sábado";"20:45:00";"BA";367;82;"EUNAPOLIS";"Acessar a via sem observar a presença dos outros veículos";"Colisão transversal";"Com Vítimas Feridas";"Anoitecer";"Decrescente";"Céu Claro";"Simples";"Reta";"Sim";3;0;2;0;1;0;2;2;-16,37205962;-39,56163401;"SPRF-BA";"DEL09-BA";"UOP03-DEL09-BA"
473609;2022-09-10;"sábado";"17:20:00";"RO";364;378;"OURO PRETO DO OESTE";"Chuva";"Tombamento";"Com Vítimas Fatais";"Pleno dia";"Crescente";"Chuva";"Simples";"Reta";"Não";6;2;0;0;4;0;0;2;-10,7422942;-62,20886998;"SPRF-RO";"DEL02-RO";"UOP01-DEL02-RO"
473610;2022-09-10;"sábado";"21:40:00";"MG";40;605,7;"CONGONHAS";"Ausência de reação do condutor";"Colisão com objeto";"Com Vítimas Feridas";"Plena Noite";"Crescente";"Céu Claro";"Simples";"Curva";"Não";1;0;1;0;0;0;1;1;-20,45960587;-43,83907941;"SPRF-MG";"DEL05-MG";"UOP02-DEL05-MG"
473611;2022-09-10;"sábado";"18:54:00";"BA";367;62;"PORTO SEGURO";"Acessar a via sem observar a presença dos outros veículos";"Colisão transversal";"Com Vítimas Feridas";"Plena Noite";"Decrescente";"Céu Claro";"Simples";"Reta";"Sim";2;0;0;1;1;0;1;2;-16,3932599;-39,40101004;"SPRF-BA";"DEL09-BA";"UOP03-DEL09-BA"
473612;2022-09-10;"sábado";"21:00:00";"SC";101;203;"SAO JOSE";"Ingestão de álcool e/ou substâncias psicoativas pelo pedestre";"Capotamento";"Sem Vítimas";"Plena Noite";"Decrescente";"Céu Claro";"Dupla";"Curva;Interseção de Vias";"Sim";1;0;0;0;0;1;0;1;-27,56645402;-48,61366085;"SPRF-SC";"DEL01-SC";"UOP01-DEL01-SC"
473613;2022-09-10;"sábado";"21:15:00";"RS";386;35,1;"FREDERICO WESTPHALEN";"Ingestão de álcool pelo condutor";"Colisão frontal";"Com Vítimas Feridas";"Plena Noite";"Crescente";"Céu Claro";"Simples";"Curva";"Sim";2;0;1;0;1;0;1;2;-27,36879463;-53,39767456;"SPRF-RS";"DEL08-RS";"UOP02-DEL08-RS"
473614;2022-09-10;"sábado";"21:30:00";"ES";262;23;"VIANA";"Ingestão de álcool e/ou substâncias psicoativas pelo pedestre";"Colisão lateral sentido oposto";"Com Vítimas Feridas";"Plena Noite";"Crescente";"Nublado";"Simples";"Curva;Aclive";"Não";5;0;1;0;4;0;1;4;-20,37559156;-40,52146724;"SPRF-ES";"DEL01-ES";"UOP01-DEL01-ES"
473615;2022-09-10;"sábado";"20:00:00";"RS";392;43,5;"RIO GRANDE";"Transitar na contramão";"Colisão frontal";"Com Vítimas Feridas";"Plena Noite";"Decrescente";"Céu Claro";"Dupla";"Reta";"Sim";2;0;1;0;0;1;1;2;-31,93715696;-52,31137473;"SPRF-RS";"DEL07-RS";"UOP02-DEL07-RS"
473616;2022-09-10;"sábado";"20:10:00";"BA";116;437;"FEIRA DE SANTANA";"Velocidade Incompatível";"Tombamento";"Com Vítimas Feridas";"Plena Noite";"Decrescente";"Céu Claro";"Simples";"Curva";"Não";5;0;4;0;1;0;4;1;-12,30757399;-39,04263987;"SPRF-BA";"DEL02-BA";"UOP01-DEL02-BA"
473617;2022-09-10;"sábado";"21:20:00";"SP";116;92,7;"PINDAMONHANGABA";"Avarias e/ou desgaste excessivo no pneu";"Tombamento";"Com Vítimas Feridas";"Plena Noite";"Crescente";"Nublado";"Dupla";"Reta";"Não";2;0;1;1;0;0;2;1;-22,9545207;-45,40924072;"SPRF-SP";"DEL08-SP";"UOP01-DEL08-SP"
473618;2022-09-10;"sábado";"20:30:00";"PR";369;202;"APUCARANA";"Ingestão de álcool pelo condutor";"Colisão frontal";"Com Vítimas Feridas";"Plena Noite";"Decrescente";"Céu Claro";"Simples";"Reta;Aclive";"Sim";3;0;1;0;2;0;1;2;-23,543568;-51,454596;"SPRF-PR";"DEL07-PR";"UOP03-DEL07-PR"
473619;2022-09-10;"sábado";"21:35:00";"SC";280;24,1;"ARAQUARI";"Acessar a via sem observar a presença dos outros veículos";"Colisão transversal";"Com Vítimas Feridas";"Plena Noite";"Decrescente";"Nublado";"Simples";"Interseção de Vias;Reta";"Sim";2;0;1;0;1;0;1;2;-26,37826023;-48,72059941;"SPRF-SC";"DEL03-SC";"UOP03-DEL03-SC"
473620;2022-09-10;"sábado";"19:00:00";"PR";116;1;"CAMPINA GRANDE DO SUL";"Acumulo de água sobre o pavimento";"Colisão com objeto";"Com Vítimas Feridas";"Plena Noite";"Decrescente";"Chuva";"Simples";"Curva";"Não";2;0;1;0;1;0;1;1;-25,06368403;-48,57051896;"SPRF-PR";"DEL01-PR";"UOP02-DEL01-PR"
473622;2022-09-10;"sábado";"22:05:00";"SC";101;402;"MARACAJA";"Demais falhas mecânicas ou elétricas";"Colisão com objeto";"Com Vítimas Feridas";"Plena Noite";"Decrescente";"Céu Claro";"Dupla";"Reta";"Não";4;0;2;0;2;0;2;1;-28,86330994;-49,44595308;"SPRF-SC";"DEL02-SC";"UOP02-DEL02-SC"
473623;2022-09-10;"sábado";"21:15:00";"PR";376;487,8;"PONTA GROSSA";"Reação tardia ou ineficiente do condutor";"Saída de leito carroçável";"Sem Vítimas";"Plena Noite";"Decrescente";"Nublado";"Múltipla";"Interseção de Vias";"Não";2;0;0;0;2;0;0;1;-25,08281408;-50,19014955;"SPRF-PR";"DEL03-PR";"UOP01-DEL03-PR"
473625;2022-09-10;"sábado";"16:15:00";"GO";153;368;"JARAGUA";"Condutor deixou de manter distância do veículo da frente";"Colisão traseira";"Com Vítimas Feridas";"Pleno dia";"Decrescente";"Céu Claro";"Simples";"Reta;Em Obras";"Não";4;0;2;0;2;0;2;3;-15,814121;-49,291016;"SPRF-GO";"DEL02-GO";"UOP02-DEL02-GO"
473626;2022-09-10;"sábado";"21:30:00";"GO";60;109;"GOIANAPOLIS";"Ingestão de álcool pelo condutor";"Tombamento";"Com Vítimas Feridas";"Plena Noite";"Decrescente";"Céu Claro";"Dupla";"Reta";"Não";1;0;1;0;0;0;1;1;-16,4478;-49,0224;"SPRF-GO";"DEL02-GO";"UOP01-DEL02-GO"
473628;2022-09-10;"sábado";"20:00:00";"RJ";101;573;"PARATY";"Acessar a via sem observar a presença dos outros veículos";"Colisão transversal";"Com Vítimas Feridas";"Plena Noite";"Decrescente";"Nublado";"Simples";"Reta";"Não";2;0;0;1;1;0;1;2;-23,20276908;-44,72989482;"SPRF-RJ";"DEL03-RJ";"UOP03-DEL03-RJ"
473630;2022-09-10;"sábado";"21:30:00";"TO";153;685,1;"CARIRI DO TOCANTINS";"Reação tardia ou ineficiente do condutor";"Colisão lateral mesmo sentido";"Com Vítimas Feridas";"Plena Noite";"Decrescente";"Céu Claro";"Simples";"Reta";"Não";5;0;5;0;0;0;5;2;-11,83028105;-49,13717889;"SPRF-TO";"DEL01-TO";"UOP02-DEL01-TO"
473631;2022-09-10;"sábado";"22:02:00";"PB";101;127;"CAAPORA";"Condutor Dormindo";"Colisão traseira";"Com Vítimas Feridas";"Plena Noite";"Crescente";"Nublado";"Dupla";"Reta";"Não";3;0;3;0;0;0;3;2;-7,49352627;-34,98332893;"SPRF-PB";"DEL01-PB";"UOP02-DEL01-PB"
473633;2022-09-10;"sábado";"22:25:00";"MG";262;31,1;"REDUTO";"Ultrapassagem Indevida";"Colisão frontal";"Com Vítimas Feridas";"Plena Noite";"Crescente";"Céu Claro";"Simples";"Reta";"Sim";3;0;3;0;0;0;3;2;-20,2532742;-41,992629;"SPRF-MG";"DEL06-MG";"UOP03-DEL06-MG"
473634;2022-09-10;"sábado";"22:40:00";"GO";70;7;"AGUAS LINDAS DE GOIAS";"Ingestão de álcool e/ou substâncias psicoativas pelo pedestre";"Atropelamento de Pedestre";"Com Vítimas Feridas";"Plena Noite";"Crescente";"Céu Claro";"Dupla";"Reta";"Sim";2;0;1;0;1;0;1;2;-15,74375533;-48,26779708;"SPRF-DF";"DEL03-DF";"UOP02-DEL03-DF"
473635;2022-09-10;"sábado";"22:45:00";"RS";386;118;"SARANDI";"Ingestão de álcool pelo condutor";"Saída de leito carroçável";"Sem Vítimas";"Plena Noite";"Decrescente";"Céu Claro";"Simples";"Curva";"Não";1;0;0;0;1;0;0;1;-27,862652;-53,01236;"SPRF-RS";"DEL08-RS";"UOP01-DEL08-RS"
473636;2022-09-10;"sábado";"23:30:00";"PE";101;42,4;"IGARASSU";"Velocidade Incompatível";"Saída de leito carroçável";"Com Vítimas Feridas";"Plena Noite";"Crescente";"Nublado";"Múltipla";"Reta";"Sim";3;0;1;1;1;0;2;2;-7,83038346;-34,91426785;"SPRF-PE";"DEL01-PE";"UOP02-DEL01-PE"
473637;2022-09-10;"sábado";"18:30:00";"PB";361;43;"CATINGUEIRA";"Transitar na contramão";"Colisão frontal";"Com Vítimas Feridas";"Plena Noite";"Decrescente";"Céu Claro";"Simples";"Declive";"Sim";3;0;1;2;0;0;3;2;-7,11979089;-37,60909053;"SPRF-PB";"DEL03-PB";"UOP01-DEL03-PB"
473638;2022-09-10;"sábado";"20:50:00";"SC";101;308,5;"LAGUNA";"Ingestão de álcool pelo condutor";"Colisão traseira";"Com Vítimas Feridas";"Plena Noite";"Decrescente";"Céu Claro";"Múltipla";"Reta";"Sim";4;0;0;1;3;0;1;2;-28,399616;-48,7854;"SPRF-SC";"DEL02-SC";"UOP01-DEL02-SC"
473639;2022-09-10;"sábado";"22:50:00";"PR";469;15;"FOZ DO IGUACU";"Acessar a via sem observar a presença dos outros veículos";"Colisão transversal";"Com Vítimas Feridas";"Plena Noite";"Crescente";"Céu Claro";"Simples";"Rotatória";"Sim";2;0;1;0;1;0;1;2;-25,5813;-54,5315;"SPRF-PR";"DEL05-PR";"UOP04-DEL05-PR"
473640;2022-09-10;"sábado";"21:40:00";"PE";428;146,4;"PETROLINA";"Velocidade Incompatível";"Colisão traseira";"Com Vítimas Feridas";"Plena Noite";"Decrescente";"Céu Claro";"Simples";"Reta";"Não";3;0;2;0;0;1;2;2;-9,04953536;-40,29901765;"SPRF-PE";"DEL06-PE";"UOP01-DEL06-PE"
473641;2022-09-10;"sábado";"21:50:00";"MA";10;310;"ACAILANDIA";"Ingestão de álcool pelo condutor";"Colisão frontal";"Com Vítimas Feridas";"Plena Noite";"Crescente";"Céu Claro";"Simples";"Reta";"Sim";5;0;2;1;2;0;3;3;-5,026569;-47,547836;"SPRF-MA";"DEL04-MA";"UOP03-DEL04-MA"
473642;2022-09-11;"domingo";"00:05:00";"MG";381;341;"BELA VISTA DE MINAS";"Animais na Pista";"Atropelamento de Animal";"Com Vítimas Feridas";"Plena Noite";"Crescente";"Céu Claro";"Simples";"Reta";"Não";2;0;2;0;0;0;2;1;-19,84403064;-43,10352396;"SPRF-MG";"DEL03-MG";"UOP01-DEL03-MG"
473644;2022-09-10;"sábado";"23:55:00";"SP";116;277;"EMBU DAS ARTES";"Entrada inopinada do pedestre";"Atropelamento de Pedestre";"Com Vítimas Feridas";"Plena Noite";"Decrescente";"Nublado";"Dupla";"Reta";"Sim";3;0;0;1;2;0;1;2;-23,64870535;-46,84395469;"SPRF-SP";"DEL04-SP";"UOP01-DEL04-SP"
473646;2022-09-11;"domingo";"00:07:00";"ES";101;258;"SERRA";"Ausência de reação do condutor";"Colisão lateral mesmo sentido";"Com Vítimas Feridas";"Plena Noite";"Crescente";"Nublado";"Simples";"Reta";"Não";3;0;2;0;1;0;2;2;-20,13059888;-40,2961019;"SPRF-ES";"DEL02-ES";"UOP01-DEL02-ES"
473647;2022-09-10;"sábado";"22:09:00";"AL";101;175;"TEOTONIO VILELA";"Transitar na contramão";"Colisão frontal";"Com Vítimas Feridas";"Plena Noite";"Decrescente";"Garoa/Chuvisco";"Simples";"Reta";"Sim";2;0;1;0;1;0;1;2;-9,89834517;-36,3666691;"SPRF-AL";"DEL02-AL";"UOP02-DEL02-AL"
473648;2022-09-10;"sábado";"17:00:00";"AC";317;89;"SENADOR GUIOMARD";"Objeto estático sobre o leito carroçável";"Colisão com objeto";"Com Vítimas Feridas";"Anoitecer";"Decrescente";"Chuva";"Simples";"Reta";"Não";1;0;1;0;0;0;1;1;-10,14291617;-67,70766859;"SPRF-AC";"DEL01-AC";"UOP01-DEL01-AC"
473649;2022-09-10;"sábado";"23:50:00";"SC";101;122;"ITAJAI";"Ingestão de álcool pelo condutor";"Colisão traseira";"Sem Vítimas";"Plena Noite";"Decrescente";"Céu Claro";"Múltipla";"Reta";"Não";2;0;0;0;2;0;0;2;-26,92938773;-48,7048173;"SPRF-SC";"DEL04-SC";"UOP04-DEL04-SC"
473650;2022-09-11;"domingo";"00:31:00";"PB";101;85,9;"JOAO PESSOA";"Acessar a via sem observar a presença dos outros veículos";"Colisão traseira";"Com Vítimas Feridas";"Plena Noite";"Crescente";"Chuva";"Dupla";"Reta";"Sim";3;0;2;0;0;1;2;2;-7,14538184;-34,91662887;"SPRF-PB";"DEL01-PB";"UOP01-DEL01-PB"
473652;2022-09-10;"sábado";"23:00:00";"MT";364;402;"CUIABA";"Ingestão de álcool pelo condutor";"Colisão lateral sentido oposto";"Sem Vítimas";"Plena Noite";"Crescente";"Céu Claro";"Dupla";"Viaduto";"Sim";2;0;0;0;2;0;0;2;-15,65008563;-56,00112796;"SPRF-MT";"DEL01-MT";"UOP02-DEL01-MT"
473653;2022-09-11;"domingo";"01:10:00";"RN";101;94;"NATAL";"Reação tardia ou ineficiente do condutor";"Colisão com objeto";"Sem Vítimas";"Plena Noite";"Crescente";"Céu Claro";"Dupla";"Reta";"Sim";2;0;0;0;2;0;0;1;-5,8317661541;-35,2119134183;"SPRF-RN";"DEL01-RN";"UOP01-DEL01-RN"
473654;2022-09-11;"domingo";"00:00:00";"SP";153;206;"GUAIMBE";"Ausência de reação do condutor";"Colisão com objeto";"Sem Vítimas";"Amanhecer";"Decrescente";"Nublado";"Simples";"Reta";"Não";1;0;0;0;1;0;0;1;-21,87339896;-49,90747738;"SPRF-SP";"DEL07-SP";"UOP01-DEL07-SP"
473655;2022-09-10;"sábado";"22:00:00";"SC";101;314,6;"LAGUNA";"Ausência de reação do condutor";"Colisão traseira";"Com Vítimas Feridas";"Plena Noite";"Crescente";"Céu Claro";"Dupla";"Reta";"Não";5;0;3;0;2;0;3;2;-28,44043981;-48,82497095;"SPRF-SC";"DEL02-SC";"UOP01-DEL02-SC"
473656;2022-09-10;"sábado";"23:55:00";"MS";163;207,8;"CAARAPO";"Ausência de reação do condutor";"Saída de leito carroçável";"Sem Vítimas";"Plena Noite";"Decrescente";"Nublado";"Simples";"Curva";"Sim";1;0;0;0;0;1;0;1;-22,64660094;-54,81213792;"SPRF-MS";"DEL04-MS";"UOP02-DEL04-MS"
473657;2022-09-10;"sábado";"22:25:00";"RS";116;143;"CAXIAS DO SUL";"Iluminação deficiente";"Colisão com objeto";"Sem Vítimas";"Plena Noite";"Decrescente";"Céu Claro";"Simples";"Declive;Reta";"Sim";2;0;0;0;2;0;0;1;-29,12125502;-51,12203479;"SPRF-RS";"DEL05-RS";"UOP01-DEL05-RS"
473658;2022-09-11;"domingo";"01:00:00";"PR";369;196;"APUCARANA";"Condutor deixou de manter distância do veículo da frente";"Colisão lateral mesmo sentido";"Sem Vítimas";"Plena Noite";"Decrescente";"Céu Claro";"Dupla";"Reta";"Não";3;0;0;0;3;0;0;2;-23,54595488;-51,45326614;"SPRF-PR";"DEL07-PR";"UOP03-DEL07-PR"
473659;2022-09-11;"domingo";"01:30:00";"SP";116;269,6;"TABOAO DA SERRA";"Condutor desrespeitou a iluminação vermelha do semáforo";"Colisão transversal";"Com Vítimas Feridas";"Plena Noite";"Decrescente";"Garoa/Chuvisco";"Dupla";"Reta;Interseção de Vias";"Sim";2;0;1;0;1;0;1;2;-23,61593059;-46,78826044;"SPRF-SP";"DEL04-SP";"UOP01-DEL04-SP"
473660;2022-09-11;"domingo";"00:30:00";"MG";40;514;"RIBEIRAO DAS NEVES";"Ingestão de álcool pelo condutor";"Saída de leito carroçável";"Sem Vítimas";"Plena Noite";"Decrescente";"Céu Claro";"Dupla";"Reta";"Sim";1;0;0;0;0;1;0;1;-19,80151928;-44,10000333;"SPRF-MG";"DEL01-MG";"UOP02-DEL01-MG"
473661;2022-09-11;"domingo";"00:00:00";"RJ";116;189;"QUEIMADOS";"Reação tardia ou ineficiente do condutor";"Colisão com objeto";"Com Vítimas Feridas";"Plena Noite";"Crescente";"Chuva";"Dupla";"Reta";"Sim";2;0;0;1;1;0;1;2;-22,73765712;-43,49182298;"SPRF-RJ";"DEL01-RJ";"UOP02-DEL01-RJ"
473663;2022-09-11;"domingo";"01:20:00";"PI";343;155;"PIRACURUCA";"Ingestão de álcool pelo condutor";"Saída de leito carroçável";"Sem Vítimas";"Plena Noite";"Decrescente";"Céu Claro";"Simples";"Reta";"Não";1;0;0;0;1;0;0;1;-4,02898;-41,771645;"SPRF-PI";"DEL02-PI";"UOP01-DEL02-PI"
473664;2022-09-11;"domingo";"01:00:00";"RJ";101;472;"ANGRA DOS REIS";"Curva acentuada";"Incêndio";"Sem Vítimas";"Plena Noite";"Decrescente";"Chuva";"Simples";"Curva";"Sim";1;0;0;0;0;1;0;1;-22,988676;-44,23305893;"SPRF-RJ";"DEL03-RJ";"UOP03-DEL03-RJ"
473665;2022-09-10;"sábado";"21:40:00";"MT";163;18,5;"ITIQUIRA";"Ingestão de álcool pelo condutor";"Saída de leito carroçável";"Com Vítimas Feridas";"Pleno dia";"Decrescente";"Nublado";"Dupla";"Reta";"Não";1;0;1;0;0;0;1;1;-17,36084499;-54,7572169;"SPRF-MT";"DEL02-MT";"UOP01-DEL02-MT"
473666;2022-09-10;"sábado";"23:45:00";"RS";470;240;"CARLOS BARBOSA";"Reação tardia ou ineficiente do condutor";"Saída de leito carroçável";"Sem Vítimas";"Plena Noite";"Crescente";"Céu Claro";"Simples";"Curva;Declive";"Não";1;0;0;0;1;0;0;1;-29,32956421;-51,49893773;"SPRF-RS";"DEL06-RS";"UOP01-DEL06-RS"
473667;2022-09-10;"sábado";"21:40:00";"MT";163;4,3;"ITIQUIRA";"Reação tardia ou ineficiente do condutor";"Colisão com objeto";"Com Vítimas Feridas";"Plena Noite";"Decrescente";"Céu Claro";"Dupla";"Reta";"Não";1;0;1;0;0;0;1;1;-17,48391995;-54,7397947;"SPRF-MT";"DEL02-MT";"UOP01-DEL02-MT"
473668;2022-09-11;"domingo";"02:00:00";"MS";163;126;"NAVIRAI";"Ingestão de álcool pelo condutor";"Colisão com objeto";"Sem Vítimas";"Plena Noite";"Crescente";"Céu Claro";"Simples";"Reta";"Sim";2;0;0;0;2;0;0;1;-23,062143;-54,231896;"SPRF-MS";"DEL09-MS";"UOP01-DEL09-MS"
473669;2022-09-11;"domingo";"03:50:00";"SP";116;221;"GUARULHOS";"Ausência de reação do condutor";"Colisão traseira";"Com Vítimas Feridas";"Plena Noite";"Decrescente";"Céu Claro";"Múltipla";"Reta";"Sim";4;0;3;0;0;1;3;2;-23,46802395;-46,50704901;"SPRF-SP";"DEL01-SP";"UOP01-DEL01-SP"
473670;2022-09-11;"domingo";"01:40:00";"PR";376;248,7;"APUCARANA";"Velocidade Incompatível";"Saída de leito carroçável";"Com Vítimas Feridas";"Plena Noite";"Decrescente";"Nublado";"Dupla";"Reta";"Não";1;0;0;1;0;0;1;1;-23,607495;-51,406544;"SPRF-PR";"DEL07-PR";"UOP03-DEL07-PR"
473671;2022-09-11;"domingo";"02:30:00";"RJ";116;132;"MAGE";"Ingestão de álcool pelo condutor";"Colisão traseira";"Sem Vítimas";"Plena Noite";"Crescente";"Chuva";"Dupla";"Reta";"Sim";2;0;0;0;2;0;0;2;-22,65703272;-43,13458092;"SPRF-RJ";"DEL04-RJ";"UOP02-DEL04-RJ"
473672;2022-09-11;"domingo";"03:31:00";"GO";40;4;"VALPARAISO DE GOIAS";"Reação tardia ou ineficiente do condutor";"Colisão traseira";"Com Vítimas Feridas";"Plena Noite";"Decrescente";"Céu Claro";"Dupla";"Reta";"Sim";3;0;1;0;2;0;1;2;-16,085241;-47,986752;"SPRF-DF";"DEL01-DF";"UOP01-DEL01-DF"
473675;2022-09-11;"domingo";"04:10:00";"SC";163;68;"SAO MIGUEL DO OESTE";"Reação tardia ou ineficiente do condutor";"Colisão com objeto";"Sem Vítimas";"Plena Noite";"Crescente";"Céu Claro";"Dupla";"Reta";"Sim";2;0;0;0;0;2;0;2;-26,7401654;-53,50134194;"SPRF-SC";"DEL07-SC";"UOP03-DEL07-SC"
473677;2022-09-11;"domingo";"04:30:00";"PR";476;131;"CURITIBA";"Ausência de reação do condutor";"Colisão com objeto";"Com Vítimas Feridas";"Plena Noite";"Crescente";"Nublado";"Múltipla";"Curva";"Sim";1;0;1;0;0;0;1;1;-25,453636;-49,245155;"SPRF-PR";"DEL01-PR";"UOP03-DEL01-PR"
473678;2022-09-11;"domingo";"03:15:00";"MS";163;374;"NOVA ALVORADA DO SUL";"Condutor Dormindo";"Colisão com objeto";"Com Vítimas Feridas";"Plena Noite";"Crescente";"Céu Claro";"Simples";"Aclive";"Não";1;0;1;0;0;0;1;1;-21,39332793;-54,40779977;"SPRF-MS";"DEL02-MS";"UOP01-DEL02-MS"
473679;2022-09-11;"domingo";"05:10:00";"PR";277;723;"FOZ DO IGUACU";"Ingestão de álcool pelo condutor";"Saída de leito carroçável";"Sem Vítimas";"Plena Noite";"Decrescente";"Céu Claro";"Dupla";"Reta";"Sim";1;0;0;0;1;0;0;1;-25,49878215;-54,52985294;"SPRF-PR";"DEL05-PR";"UOP03-DEL05-PR"
473680;2022-09-11;"domingo";"05:30:00";"PA";308;204;"BRAGANCA";"Ausência de reação do condutor";"Colisão frontal";"Com Vítimas Feridas";"Amanhecer";"Crescente";"Ignorado";"Simples";"Declive";"Sim";3;0;1;2;0;0;3;2;-1,06498774;-46,7597;"SPRF-PA";"DEL01-PA";"UOP03-DEL01-PA"
473681;2022-09-11;"domingo";"04:00:00";"MT";364;273;"JACIARA";"Ausência de reação do condutor";"Capotamento";"Sem Vítimas";"Plena Noite";"Decrescente";"Céu Claro";"Dupla";"Curva";"Sim";1;0;0;0;1;0;0;1;-15,96077957;-54,96772983;"SPRF-MT";"DEL02-MT";"UOP01-DEL02-MT"
473684;2022-09-11;"domingo";"05:00:00";"SC";101;383;"ICARA";"Entrada inopinada do pedestre";"Atropelamento de Pedestre";"Com Vítimas Feridas";"Plena Noite";"Crescente";"Céu Claro";"Simples";"Reta;Aclive";"Não";3;0;0;1;2;0;1;2;-28,77091307;-49,30807829;"SPRF-SC";"DEL02-SC";"UOP02-DEL02-SC"
473685;2022-09-11;"domingo";"06:00:00";"RS";290;106;"ELDORADO DO SUL";"Ausência de reação do condutor";"Saída de leito carroçável";"Sem Vítimas";"Amanhecer";"Crescente";"Céu Claro";"Dupla";"Reta";"Não";1;0;0;0;1;0;0;1;-29,998999;-51,294563;"SPRF-RS";"DEL02-RS";"UOP01-DEL02-RS"
473686;2022-09-11;"domingo";"04:45:00";"PI";316;6,1;"TERESINA";"Condutor Dormindo";"Saída de leito carroçável";"Sem Vítimas";"Amanhecer";"Crescente";"Ignorado";"Simples";"Reta";"Sim";1;0;0;0;1;0;0;1;-5,14702095;-42,77438982;"SPRF-PI";"DEL01-PI";"UOP02-DEL01-PI"
473687;2022-09-11;"domingo";"05:30:00";"RS";392;669,4;"CERRO LARGO";"Ingestão de álcool pelo condutor";"Saída de leito carroçável";"Com Vítimas Feridas";"Amanhecer";"Crescente";"Céu Claro";"Simples";"Curva";"Não";1;0;0;1;0;0;1;1;-28,118;-54,8059;"SPRF-RS";"DEL10-RS";"UOP01-DEL10-RS"