"id";"data_inversa";"dia_semana";"horario";"uf";"br";"km";"municipio";"causa_acidente";"tipo_acidente";"classificacao_acidente";"fase_dia";"sentido_via";"condicao_metereologica";"tipo_pista";"tracado_via";"uso_solo";"pessoas";"mortos";"feridos_leves";"feridos_graves";"ilesos";"ignorados";"feridos";"veiculos";"latitude";"longitude";"regional";"delegacia";"uop"
473688;2022-09-11;"domingo";"06:30:00";"RJ";101;298;"ITABORAI";"Reação tardia ou ineficiente do condutor";"Colisão com objeto";"Com Vítimas Feridas";"Pleno dia";"Crescente";"Nublado";"Dupla";"Viaduto";"Sim";1;0;1;0;0;0;1;1;-22,77130454;-42,92419553;"SPRF-RJ";"DEL02-RJ";"UOP02-DEL02-RJ"
473689;2022-09-11;"domingo";"06:40:00";"GO";20;0;"FORMOSA";"Condutor Dormindo";"Colisão com objeto";"Com Vítimas Feridas";"Pleno dia";"Decrescente";"Céu Claro";"Dupla";"Ponte;Declive;Reta";"Não";1;0;1;0;0;0;1;1;-15,581524;-47,3434;"SPRF-DF";"DEL02-DF";"UOP01-DEL02-DF"
473690;2022-09-11;"domingo";"05:00:00";"MG";40;657,9;"CARANDAI";"Ausência de reação do condutor";"Colisão com objeto";"Com Vítimas Feridas";"Amanhecer";"Decrescente";"Céu Claro";"Simples";"Reta";"Não";2;0;0;2;0;0;2;1;-20,88806157;-43,8130175;"SPRF-MG";"DEL05-MG";"UOP02-DEL05-MG"
473691;2022-09-11;"domingo";"06:10:00";"MS";262;319;"CAMPO GRANDE";"Ausência de reação do condutor";"Tombamento";"Com Vítimas Feridas";"Pleno dia";"Crescente";"Céu Claro";"Simples";"Reta";"Não";2;0;2;0;0;0;2;1;-20,468422;-54,4519112;"SPRF-MS";"DEL01-MS";"UOP01-DEL01-MS"
473692;2022-09-10;"sábado";"19:00:00";"RO";435;123;"CEREJEIRAS";"Acessar a via sem observar a presença dos outros veículos";"Colisão transversal";"Com Vítimas Feridas";"Plena Noite";"Decrescente";"Céu Claro";"Dupla";"Reta";"Sim";2;0;1;1;0;0;2;2;-13,18889171;-60,808424;"SPRF-RO";"DEL04-RO";"UOP02-DEL04-RO"
473693;2022-09-11;"domingo";"01:00:00";"SC";101;110,7;"NAVEGANTES";"Velocidade Incompatível";"Saída de leito carroçável";"Sem Vítimas";"Plena Noite";"Decrescente";"Céu Claro";"Dupla";"Reta";"Não";1;0;0;0;1;0;0;1;-26,83477;-48,706151;"SPRF-SC";"DEL04-SC";"UOP04-DEL04-SC"
473694;2022-09-11;"domingo";"04:07:00";"SC";280;103;"SAO BENTO DO SUL";"Reação tardia ou ineficiente do condutor";"Saída de leito carroçável";"Sem Vítimas";"Amanhecer";"Decrescente";"Garoa/Chuvisco";"Simples";"Curva";"Não";1;0;0;0;1;0;0;1;-26,35967199;-49,347507;"SPRF-SC";"DEL06-SC";"UOP03-DEL06-SC"
473695;2022-09-11;"domingo";"06:15:00";"MG";40;530,8;"CONTAGEM";"Reação tardia ou ineficiente do condutor";"Tombamento";"Com Vítimas Feridas";"Pleno dia";"Crescente";"Céu Claro";"Dupla";"Curva;Declive";"Sim";1;0;1;0;0;0;1;1;-19,91911033;-44,02654052;"SPRF-MG";"DEL01-MG";"UOP02-DEL01-MG"
473697;2022-09-11;"domingo";"06:30:00";"MS";163;472;"CAMPO GRANDE";"Ausência de reação do condutor";"Tombamento";"Com Vítimas Feridas";"Pleno dia";"Crescente";"Céu Claro";"Simples";"Retorno Regulamentado";"Não";1;0;1;0;0;0;1;1;-20,546189;-54,559442;"SPRF-MS";"DEL01-MS";"UOP01-DEL01-MS"
473699;2022-09-10;"sábado";"12:20:00";"RJ";40;62;"PETROPOLIS";"Ausência de reação do condutor";"Queda de ocupante de veículo";"Com Vítimas Feridas";"Pleno dia";"Crescente";"Céu Claro";"Dupla";"Curva";"Não";1;0;1;0;0;0;1;1;-22,40542358;-43,14664526;"SPRF-RJ";"DEL05-RJ";"UOP02-DEL05-RJ"
473701;2022-09-11;"domingo";"06:45:00";"RJ";101;294;"ITABORAI";"Acumulo de óleo sobre o pavimento";"Colisão com objeto";"Sem Vítimas";"Pleno dia";"Crescente";"Garoa/Chuvisco";"Dupla";"Reta";"Sim";1;0;0;0;1;0;0;1;-22,7584434;-42,89502344;"SPRF-RJ";"DEL02-RJ";"UOP02-DEL02-RJ"
473702;2022-09-11;"domingo";"07:50:00";"PB";230;35,8;"SANTA RITA";"Velocidade Incompatível";"Saída de leito carroçável";"Com Vítimas Feridas";"Pleno dia";"Crescente";"Nublado";"Simples";"Aclive;Curva";"Não";1;0;1;0;0;0;1;1;-7,1268;-34,9412;"SPRF-PB";"DEL01-PB";"UOP03-DEL01-PB"
473703;2022-09-11;"domingo";"08:35:00";"SP";153;28,5;"NOVA GRANADA";"Reação tardia ou ineficiente do condutor";"Queda de ocupante de veículo";"Com Vítimas Feridas";"Pleno dia";"Crescente";"Céu Claro";"Simples";"Reta";"Não";1;0;0;1;0;0;1;1;-20,52148;-49,326782;"SPRF-SP";"DEL09-SP";"UOP01-DEL09-SP"
473704;2022-09-11;"domingo";"01:30:00";"RJ";40;109;"DUQUE DE CAXIAS";"Velocidade Incompatível";"Saída de leito carroçável";"Sem Vítimas";"Plena Noite";"Crescente";"Garoa/Chuvisco";"Múltipla";"Curva";"Sim";1;0;0;0;1;0;0;1;-22,6791239;-43,2863903;"SPRF-RJ";"DEL01-RJ";"UOP01-DEL01-RJ"
473705;2022-09-07;"quarta-feira";"22:55:00";"BA";110;369;"CATU";"Transitar na contramão";"Colisão frontal";"Com Vítimas Feridas";"Plena Noite";"Crescente";"Chuva";"Múltipla";"Reta";"Sim";2;0;1;0;1;0;1;2;-12,40807355;-38,4135452;"SPRF-BA";"DEL01-BA";"UOP04-DEL01-BA"
473707;2022-09-11;"domingo";"04:10:00";"RS";116;84,7;"CAMPESTRE DA SERRA";"Velocidade Incompatível";"Saída de leito carroçável";"Com Vítimas Fatais";"Plena Noite";"Decrescente";"Nevoeiro/Neblina";"Simples";"Curva";"Não";1;1;0;0;0;0;0;1;-28,82888203;-51,12116218;"SPRF-RS";"DEL05-RS";"UOP03-DEL05-RS"
473708;2022-09-11;"domingo";"07:30:00";"MT";163;753;"SORRISO";"Reação tardia ou ineficiente do condutor";"Tombamento";"Com Vítimas Feridas";"Pleno dia";"Decrescente";"Céu Claro";"Dupla";"Curva";"Sim";1;0;0;1;0;0;1;1;-12,549617;-55,712776;"SPRF-MT";"DEL06-MT";"UOP01-DEL06-MT"
473709;2022-09-11;"domingo";"08:40:00";"SP";116;75,5;"APARECIDA";"Manobra de mudança de faixa";"Colisão traseira";"Com Vítimas Feridas";"Pleno dia";"Decrescente";"Nublado";"Dupla";"Declive;Reta";"Não";2;0;1;0;0;1;1;2;-22,87521876;-45,26277018;"SPRF-SP";"DEL08-SP";"UOP01-DEL08-SP"
473710;2022-09-11;"domingo";"09:08:00";"RS";116;240;"NOVO HAMBURGO";"Condutor deixou de manter distância do veículo da frente";"Colisão traseira";"Com Vítimas Feridas";"Pleno dia";"Decrescente";"Céu Claro";"Dupla";"Reta";"Sim";2;0;2;0;0;0;2;2;-29,70892853;-51,14719391;"SPRF-RS";"DEL01-RS";"UOP02-DEL01-RS"
473711;2022-09-11;"domingo";"06:00:00";"RJ";493;1;"ITABORAI";"Transitar na contramão";"Colisão frontal";"Com Vítimas Feridas";"Amanhecer";"Crescente";"Garoa/Chuvisco";"Dupla";"Reta";"Sim";3;0;2;0;1;0;2;2;-22,76398788;-42,92731895;"SPRF-RJ";"DEL02-RJ";"UOP02-DEL02-RJ"
473712;2022-09-11;"domingo";"09:28:00";"AL";104;87;"RIO LARGO";"Condutor deixou de manter distância do veículo da frente";"Colisão lateral mesmo sentido";"Com Vítimas Feridas";"Pleno dia";"Crescente";"Nublado";"Dupla";"Reta";"Sim";3;0;1;0;2;0;1;2;-9,47532901;-35,82160002;"SPRF-AL";"DEL01-AL";"UOP01-DEL01-AL"
473714;2022-09-11;"domingo";"07:20:00";"MA";230;385;"BALSAS";"Ausência de reação do condutor";"Queda de ocupante de veículo";"Com Vítimas Feridas";"Pleno dia";"Crescente";"Céu Claro";"Simples";"Reta";"Não";1;0;0;1;0;0;1;1;-7,36804014;-45,97200469;"SPRF-MA";"DEL05-MA";"UOP01-DEL05-MA"
473715;2022-09-11;"domingo";"09:10:00";"GO";153;508,9;"APARECIDA DE GOIANIA";"Ausência de reação do condutor";"Colisão traseira";"Sem Vítimas";"Pleno dia";"Decrescente";"Céu Claro";"Múltipla";"Declive;Reta;Em Obras";"Sim";2;0;0;0;2;0;0;2;-16,77962278;-49,23693538;"SPRF-GO";"DEL01-GO";"UOP03-DEL01-GO"
473716;2022-09-11;"domingo";"09:20:00";"ES";262;73;"DOMINGOS MARTINS";"Pista Escorregadia";"Queda de ocupante de veículo";"Com Vítimas Feridas";"Pleno dia";"Crescente";"Garoa/Chuvisco";"Simples";"Aclive;Curva";"Não";1;0;1;0;0;0;1;1;-20,41066352;-40,88380166;"SPRF-ES";"DEL01-ES";"UOP02-DEL01-ES"
473717;2022-09-11;"domingo";"09:44:00";"MG";262;488,6;"BETIM";"Pedestre cruzava a pista fora da faixa";"Atropelamento de Pedestre";"Com Vítimas Feridas";"Pleno dia";"Decrescente";"Céu Claro";"Dupla";"Curva";"Não";2;0;1;0;0;1;1;2;-19,95628;-44,12862;"SPRF-MG";"DEL08-MG";"UOP03-DEL08-MG"
473718;2022-09-11;"domingo";"09:50:00";"GO";50;273,6;"CATALAO";"Ingestão de álcool pelo condutor";"Saída de leito carroçável";"Sem Vítimas";"Pleno dia";"Decrescente";"Céu Claro";"Dupla";"Reta";"Sim";1;0;0;0;0;1;0;1;-18,1302;-47,9047;"SPRF-GO";"DEL06-GO";"UOP01-DEL06-GO"
473719;2022-09-11;"domingo";"06:00:00";"MS";158;3;"CASSILANDIA";"Ausência de reação do condutor";"Saída de leito carroçável";"Sem Vítimas";"Amanhecer";"Crescente";"Céu Claro";"Simples";"Reta";"Sim";1;0;0;0;1;0;0;1;-19,11975938;-51,73211299;"SPRF-MS";"DEL08-MS";"UOP01-DEL08-MS"
473720;2022-09-11;"domingo";"09:00:00";"MG";381;498,1;"BETIM";"Animais na Pista";"Saída de leito carroçável";"Com Vítimas Feridas";"Pleno dia";"Crescente";"Sol";"Dupla";"Aclive;Curva";"Não";1;0;1;0;0;0;1;1;-20,01172662;-44,21976041;"SPRF-MG";"DEL01-MG";"UOP03-DEL01-MG"
473721;2022-09-10;"sábado";"22:09:00";"RS";290;617,8;"ALEGRETE";"Ausência de reação do condutor";"Saída de leito carroçável";"Sem Vítimas";"Pleno dia";"Crescente";"Céu Claro";"Simples";"Reta";"Não";2;0;0;0;1;1;0;2;-29,949842;-56,108097;"SPRF-RS";"DEL13-RS";"UOP02-DEL13-RS"
473723;2022-09-01;"quinta-feira";"03:15:00";"MS";163;260;"DOURADOS";"Animais na Pista";"Atropelamento de Animal";"Com Vítimas Feridas";"Plena Noite";"Decrescente";"Céu Claro";"Dupla";"Reta";"Sim";1;0;0;1;0;0;1;1;-22,24489388;-54,77203018;"SPRF-MS";"DEL04-MS";"UOP01-DEL04-MS"
473724;2022-09-09;"sexta-feira";"19:20:00";"MG";40;276;"TRES MARIAS";"Acessar a via sem observar a presença dos outros veículos";"Colisão transversal";"Com Vítimas Feridas";"Plena Noite";"Crescente";"Céu Claro";"Simples";"Declive;Reta";"Sim";2;0;1;0;1;0;1;2;-18,20602828;-45,23123233;"SPRF-MG";"DEL14-MG";"UOP02-DEL14-MG"
473725;2022-07-05;"terça-feira";"21:30:00";"RN";101;144,4;"GOIANINHA";"Animais na Pista";"Atropelamento de Animal";"Com Vítimas Feridas";"Plena Noite";"Decrescente";"Céu Claro";"Dupla";"Reta";"Não";1;0;0;1;0;0;1;1;-6,244042;-35,21729;"SPRF-RN";"DEL01-RN";"UOP01-DEL01-RN"
473727;2022-08-19;"sexta-feira";"21:40:00";"SC";101;210;"SAO JOSE";"Condutor deixou de manter distância do veículo da frente";"Colisão lateral mesmo sentido";"Sem Vítimas";"Plena Noite";"Decrescente";"Céu Claro";"Múltipla";"Reta";"Sim";3;0;0;0;2;1;0;3;-27,6167305;-48,6457265;"SPRF-SC";"DEL01-SC";"UOP01-DEL01-SC"
473729;2022-09-11;"domingo";"10:00:00";"MA";135;11;"SAO LUIS";"Acessar a via sem observar a presença dos outros veículos";"Colisão traseira";"Sem Vítimas";"Pleno dia";"Decrescente";"Céu Claro";"Dupla";"Reta;Retorno Regulamentado";"Sim";2;0;0;0;2;0;0;2;-2,66470782;-44,28673431;"SPRF-MA";"DEL01-MA";"UOP01-DEL01-MA"
473730;2022-09-11;"domingo";"10:15:00";"SC";470;9;"NAVEGANTES";"Acessar a via sem observar a presença dos outros veículos";"Colisão transversal";"Com Vítimas Feridas";"Pleno dia";"Crescente";"Nublado";"Simples";"Em Obras";"Sim";3;0;0;1;2;0;1;2;-26,833143;-48,727432;"SPRF-SC";"DEL04-SC";"UOP04-DEL04-SC"
473731;2022-09-11;"domingo";"10:10:00";"SP";116;26,3;"LAVRINHAS";"Reação tardia ou ineficiente do condutor";"Saída de leito carroçável";"Com Vítimas Feridas";"Pleno dia";"Crescente";"Chuva";"Dupla";"Curva";"Não";6;0;2;3;0;1;5;2;-22,61419397;-44,90005302;"SPRF-SP";"DEL08-SP";"UOP02-DEL08-SP"
473732;2022-09-11;"domingo";"11:15:00";"PB";230;147,9;"CAMPINA GRANDE";"Reação tardia ou ineficiente do condutor";"Colisão traseira";"Com Vítimas Feridas";"Pleno dia";"Crescente";"Nublado";"Dupla";"Rotatória";"Sim";2;0;1;0;1;0;1;2;-7,238;-35,8656;"SPRF-PB";"DEL02-PB";"UOP01-DEL02-PB"
473733;2022-09-11;"domingo";"11:05:00";"RJ";40;92;"PETROPOLIS";"Demais falhas mecânicas ou elétricas";"Saída de leito carroçável";"Com Vítimas Feridas";"Pleno dia";"Crescente";"Chuva";"Dupla";"Curva";"Não";2;0;2;0;0;0;2;1;-22,55191954;-43,25068815;"SPRF-RJ";"DEL06-RJ";"UOP01-DEL06-RJ"
473734;2022-09-11;"domingo";"09:30:00";"RO";364;448;"THEOBROMA";"Demais falhas mecânicas ou elétricas";"Tombamento";"Com Vítimas Feridas";"Pleno dia";"Crescente";"Céu Claro";"Simples";"Reta";"Não";2;0;2;0;0;0;2;1;-10,31044223;-62,63906217;"SPRF-RO";"DEL03-RO";"UOP02-DEL03-RO"
473736;2022-09-11;"domingo";"11:45:00";"RJ";101;67;"CAMPOS DOS GOYTACAZES";"Acessar a via sem observar a presença dos outros veículos";"Colisão transversal";"Com Vítimas Feridas";"Pleno dia";"Decrescente";"Nublado";"Simples";"Reta";"Sim";2;0;1;0;1;0;1;2;-21,76751094;-41,34876249;"SPRF-RJ";"DEL08-RJ";"UOP02-DEL08-RJ"
473737;2022-09-11;"domingo";"12:00:00";"BA";242;569;"OLIVEIRA DOS BREJINHOS";"Reação tardia ou ineficiente do condutor";"Capotamento";"Com Vítimas Feridas";"Pleno dia";"Decrescente";"Céu Claro";"Simples";"Curva";"Não";3;0;0;3;0;0;3;1;-12,088414;-43;"SPRF-BA";"DEL10-BA";"UOP02-DEL10-BA"
473738;2022-09-11;"domingo";"12:00:00";"RS";116;268;"CANOAS";"Manobra de mudança de faixa";"Colisão transversal";"Com Vítimas Feridas";"Pleno dia";"Decrescente";"Céu Claro";"Dupla";"Reta";"Sim";3;0;2;0;1;0;2;2;-29,95042502;-51,17652939;"SPRF-RS";"DEL01-RS";"UOP01-DEL01-RS"
473739;2022-09-11;"domingo";"12:24:00";"MG";262;397;"PARA DE MINAS";"Reação tardia ou ineficiente do condutor";"Tombamento";"Com Vítimas Feridas";"Pleno dia";"Decrescente";"Céu Claro";"Dupla";"Reta";"Não";2;0;2;0;0;0;2;1;-19,899954;-44,55442071;"SPRF-MG";"DEL01-MG";"UOP03-DEL01-MG"
473740;2022-09-11;"domingo";"12:00:00";"MG";40;490,5;"ESMERALDAS";"Acessar a via sem observar a presença dos outros veículos";"Colisão traseira";"Com Vítimas Feridas";"Pleno dia";"Crescente";"Céu Claro";"Dupla";"Retorno Regulamentado;Curva";"Não";3;0;0;1;2;0;1;2;-19,62473956;-44,20556777;"SPRF-MG";"DEL02-MG";"UOP01-DEL02-MG"
473742;2022-09-11;"domingo";"09:40:00";"SC";101;137;"BALNEARIO CAMBORIU";"Ausência de reação do condutor";"Tombamento";"Com Vítimas Feridas";"Pleno dia";"Decrescente";"Nublado";"Múltipla";"Reta";"Sim";1;0;0;1;0;0;1;1;-27,0157238;-48,61192763;"SPRF-SC";"DEL04-SC";"UOP03-DEL04-SC"
473743;2022-09-11;"domingo";"10:00:00";"RO";364;16;"VILHENA";"Mal súbito do condutor";"Saída de leito carroçável";"Com Vítimas Feridas";"Pleno dia";"Crescente";"Céu Claro";"Simples";"Reta";"Sim";1;0;1;0;0;0;1;1;-12,73437947;-60,15696986;"SPRF-RO";"DEL04-RO";"UOP01-DEL04-RO"
473745;2022-09-11;"domingo";"09:45:00";"RJ";116;136;"DUQUE DE CAXIAS";"Acostamento em desnível";"Colisão com objeto";"Com Vítimas Feridas";"Pleno dia";"Crescente";"Garoa/Chuvisco";"Dupla";"Reta;Ponte";"Não";1;0;1;0;0;0;1;1;-22,64988985;-43,17250297;"SPRF-RJ";"DEL01-RJ";"UOP01-DEL01-RJ"
473747;2022-09-11;"domingo";"13:00:00";"SP";381;81;"SAO PAULO";"Reação tardia ou ineficiente do condutor";"Colisão traseira";"Sem Vítimas";"Pleno dia";"Crescente";"Nublado";"Dupla";"Reta";"Sim";3;0;0;0;3;0;0;3;-23,41704481;-46,58022057;"SPRF-SP";"DEL03-SP";"UOP01-DEL03-SP"
473748;2022-09-11;"domingo";"11:15:00";"RJ";40;98;"DUQUE DE CAXIAS";"Reação tardia ou ineficiente do condutor";"Saída de leito carroçável";"Sem Vítimas";"Pleno dia";"Decrescente";"Chuva";"Simples";"Curva";"Não";2;0;0;0;2;0;0;1;-22,5859748;-43,2721488;"SPRF-RJ";"DEL01-RJ";"UOP01-DEL01-RJ"
473749;2022-09-11;"domingo";"10:30:00";"RJ";101;398;"ITAGUAI";"Acessar a via sem observar a presença dos outros veículos";"Colisão transversal";"Com Vítimas Fatais";"Pleno dia";"Crescente";"Nublado";"Simples";"Reta";"Não";5;1;0;0;4;0;0;2;-22,86787912;-43,74862922;"SPRF-RJ";"DEL03-RJ";"UOP01-DEL03-RJ"
473750;2022-09-11;"domingo";"13:00:00";"RS";116;428;"CRISTAL";"Acessar a via sem observar a presença dos outros veículos";"Colisão transversal";"Com Vítimas Feridas";"Pleno dia";"Decrescente";"Céu Claro";"Simples";"Interseção de Vias";"Sim";3;0;1;0;2;0;1;2;-30,99599419;-52,04704287;"SPRF-RS";"DEL02-RS";"UOP02-DEL02-RS"
473752;2022-09-11;"domingo";"12:30:00";"PE";101;44,9;"IGARASSU";"Reação tardia ou ineficiente do condutor";"Colisão traseira";"Com Vítimas Feridas";"Pleno dia";"Decrescente";"Céu Claro";"Múltipla";"Reta";"Sim";2;0;0;1;1;0;1;2;-7,86521297;-34,90715176;"SPRF-PE";"DEL01-PE";"UOP02-DEL01-PE"
473753;2022-09-11;"domingo";"13:15:00";"RS";116;593;"ARROIO GRANDE";"Reação tardia ou ineficiente do condutor";"Saída de leito carroçável";"Com Vítimas Feridas";"Pleno dia";"Decrescente";"Céu Claro";"Simples";"Reta";"Não";1;0;1;0;0;0;1;1;-32,12077102;-52,93912999;"SPRF-RS";"DEL07-RS";"UOP03-DEL07-RS"
473755;2022-09-11;"domingo";"14:10:00";"SC";470;67,5;"INDAIAL";"Condutor deixou de manter distância do veículo da frente";"Colisão traseira";"Com Vítimas Feridas";"Pleno dia";"Crescente";"Nublado";"Simples";"Reta;Em Obras";"Sim";3;0;1;0;2;0;1;2;-26,872158;-49,23127;"SPRF-SC";"DEL04-SC";"UOP01-DEL04-SC"
473756;2022-09-11;"domingo";"14:30:00";"RS";158;92,8;"PALMEIRA DAS MISSOES";"Ingestão de álcool pelo condutor";"Saída de leito carroçável";"Sem Vítimas";"Pleno dia";"Decrescente";"Céu Claro";"Simples";"Reta";"Não";2;0;0;0;2;0;0;1;-27,837364;-53,33316596;"SPRF-RS";"DEL08-RS";"UOP02-DEL08-RS"
473758;2022-09-11;"domingo";"14:30:00";"BA";116;24,5;"VITORIA DA CONQUISTA";"Acumulo de areia ou detritos sobre o pavimento";"Tombamento";"Com Vítimas Feridas";"Pleno dia";"Crescente";"Céu Claro";"Simples";"Rotatória";"Sim";1;0;1;0;0;0;1;1;-14,861103;-40,79878;"SPRF-PE";"DEL05-PE";"UOP03-DEL05-PE"
473759;2022-09-11;"domingo";"10:00:00";"PA";308;187;"TRACUATEUA";"Desrespeitar a preferência no cruzamento";"Colisão transversal";"Com Vítimas Fatais";"Pleno dia";"Crescente";"Céu Claro";"Simples";"Reta";"Não";2;1;1;0;0;0;1;2;-1,08985603;-46,90711495;"SPRF-PA";"DEL01-PA";"UOP03-DEL01-PA"
473760;2022-09-11;"domingo";"14:40:00";"PR";373;476,3;"CORONEL VIVIDA";"Reação tardia ou ineficiente do condutor";"Saída de leito carroçável";"Com Vítimas Feridas";"Pleno dia";"Crescente";"Nublado";"Simples";"Curva";"Não";2;0;2;0;0;0;2;1;-25,96350986;-52,5197692;"SPRF-PR";"DEL02-PR";"UOP01-DEL02-PR"
473761;2022-09-11;"domingo";"15:20:00";"ES";259;46,9;"COLATINA";"Velocidade Incompatível";"Colisão lateral sentido oposto";"Com Vítimas Feridas";"Pleno dia";"Decrescente";"Sol";"Simples";"Curva";"Não";6;0;2;1;3;0;3;4;-19,5315965;-40,58047635;"SPRF-ES";"DEL02-ES";"UOP01-DEL02-ES"
473764;2022-09-11;"domingo";"16:05:00";"RN";101;79,4;"NATAL";"Ingestão de álcool pelo condutor";"Colisão transversal";"Sem Vítimas";"Pleno dia";"Crescente";"Sol";"Dupla";"Interseção de Vias";"Sim";2;0;0;0;2;0;0;2;-5,74962896;-35,28918369;"SPRF-RN";"DEL02-RN";"UOP01-DEL02-RN"
473765;2022-09-11;"domingo";"15:45:00";"SP";381;39;"ATIBAIA";"Ausência de reação do condutor";"Colisão traseira";"Com Vítimas Feridas";"Pleno dia";"Decrescente";"Nublado";"Dupla";"Reta";"Sim";5;0;1;0;4;0;1;2;-23,1215761;-46,57471572;"SPRF-SP";"DEL03-SP";"UOP01-DEL03-SP"
473766;2022-09-11;"domingo";"16:00:00";"RJ";116;303,4;"RESENDE";"Reação tardia ou ineficiente do condutor";"Colisão transversal";"Com Vítimas Feridas";"Pleno dia";"Crescente";"Nublado";"Simples";"Declive;Reta";"Não";2;0;0;1;1;0;1;2;-22,45822953;-44,42738633;"SPRF-RJ";"DEL07-RJ";"UOP02-DEL07-RJ"
473768;2022-09-11;"domingo";"14:00:00";"RO";364;360;"OURO PRETO DO OESTE";"Ultrapassagem Indevida";"Capotamento";"Com Vítimas Feridas";"Pleno dia";"Crescente";"Céu Claro";"Simples";"Reta";"Não";3;0;1;0;2;0;1;1;-10,78186387;-62,05695492;"SPRF-RO";"DEL02-RO";"UOP01-DEL02-RO"
473769;2022-09-11;"domingo";"15:45:00";"SC";101;192;"BIGUACU";"Condutor deixou de manter distância do veículo da frente";"Colisão traseira";"Sem Vítimas";"Pleno dia";"Crescente";"Céu Claro";"Dupla";"Reta";"Sim";5;0;0;0;5;0;0;2;-27,48443781;-48,64765238;"SPRF-SC";"DEL01-SC";"UOP01-DEL01-SC"
473774;2022-09-11;"domingo";"16:50:00";"PR";277;715;"SANTA TEREZINHA DE ITAIPU";"Reação tardia ou ineficiente do condutor";"Capotamento";"Com Vítimas Feridas";"Pleno dia";"Decrescente";"Céu Claro";"Dupla";"Reta";"Não";1;0;1;0;0;0;1;1;-25,46882758;-54,45810922;"SPRF-PR";"DEL05-PR";"UOP01-DEL05-PR"
473775;2022-09-11;"domingo";"17:10:00";"CE";222;32;"CAUCAIA";"Ausência de reação do condutor";"Colisão traseira";"Com Vítimas Feridas";"Pleno dia";"Decrescente";"Sol";"Dupla";"Reta";"Não";2;0;1;0;1;0;1;2;-3,70784148;-38,83774211;"SPRF-CE";"DEL01-CE";"UOP01-DEL01-CE"
473776;2022-09-11;"domingo";"15:00:00";"MG";116;701;"MURIAE";"Frear bruscamente";"Colisão traseira";"Com Vítimas Feridas";"Pleno dia";"Decrescente";"Céu Claro";"Simples";"Reta";"Não";2;0;1;0;0;1;1;2;-21,11084891;-42,3806104;"SPRF-MG";"DEL07-MG";"UOP02-DEL07-MG"
473777;2022-09-11;"domingo";"16:45:00";"SP";116;67,7;"GUARATINGUETA";"Reação tardia ou ineficiente do condutor";"Engavetamento";"Com Vítimas Feridas";"Anoitecer";"Crescente";"Nublado";"Dupla";"Reta";"Sim";4;0;2;0;2;0;2;3;-22,83485664;-45,21912038;"SPRF-SP";"DEL08-SP";"UOP01-DEL08-SP"
473778;2022-09-11;"domingo";"15:50:00";"AL";101;174;"TEOTONIO VILELA";"Pista em desnível";"Colisão com objeto";"Com Vítimas Feridas";"Pleno dia";"Decrescente";"Céu Claro";"Dupla";"Reta";"Sim";4;0;4;0;0;0;4;1;-9,90270371;-36,35878384;"SPRF-AL";"DEL02-AL";"UOP02-DEL02-AL"
473779;2022-09-11;"domingo";"17:25:00";"MG";40;650,5;"CRISTIANO OTONI";"Ingestão de álcool pelo condutor";"Colisão frontal";"Com Vítimas Feridas";"Anoitecer";"Crescente";"Céu Claro";"Simples";"Reta";"Não";5;0;5;0;0;0;5;2;-20,83559053;-43,80309105;"SPRF-MG";"DEL05-MG";"UOP02-DEL05-MG"
473780;2022-09-11;"domingo";"17:55:00";"GO";60;164,8;"GOIANIA";"Ingestão de álcool pelo condutor";"Colisão lateral mesmo sentido";"Com Vítimas Feridas";"Pleno dia";"Decrescente";"Céu Claro";"Múltipla";"Reta";"Sim";6;0;2;0;4;0;2;2;-16,7036;-49,342;"SPRF-GO";"DEL01-GO";"UOP02-DEL01-GO"
473781;2022-09-11;"domingo";"17:50:00";"GO";60;100;"ANAPOLIS";"Reação tardia ou ineficiente do condutor";"Saída de leito carroçável";"Com Vítimas Feridas";"Pleno dia";"Crescente";"Céu Claro";"Dupla";"Reta";"Não";1;0;1;0;0;0;1;1;-16,3979;-48,9664;"SPRF-GO";"DEL02-GO";"UOP01-DEL02-GO"
473782;2022-09-11;"domingo";"16:20:00";"MG";262;151;"SAO DOMINGOS DO PRATA";"Conversão proibida";"Colisão transversal";"Com Vítimas Feridas";"Pleno dia";"Crescente";"Céu Claro";"Simples";"Reta";"Não";4;0;1;2;1;0;3;2;-20,0020998;-42,77600786;"SPRF-MG";"DEL03-MG";"UOP03-DEL03-MG"
473783;2022-09-11;"domingo";"16:00:00";"RJ";101;387;"RIO DE JANEIRO";"Ausência de sinalização";"Capotamento";"Com Vítimas Feridas";"Anoitecer";"Crescente";"Nublado";"Múltipla";"Reta";"Sim";3;0;2;0;1;0;2;1;-22,88537839;-43,64965688;"SPRF-RJ";"DEL03-RJ";"UOP01-DEL03-RJ"
473784;2022-09-11;"domingo";"14:00:00";"MG";116;745,7;"LEOPOLDINA";"Reação tardia ou ineficiente do condutor";"Saída de leito carroçável";"Sem Vítimas";"Pleno dia";"Decrescente";"Céu Claro";"Simples";"Curva";"Não";1;0;0;0;0;1;0;1;-21,429308;-42,51473;"SPRF-MG";"DEL07-MG";"UOP01-DEL07-MG"
473785;2022-09-11;"domingo";"15:25:00";"MS";262;386;"TERENOS";"Ausência de reação do condutor";"Colisão traseira";"Com Vítimas Feridas";"Pleno dia";"Crescente";"Sol";"Simples";"Reta";"Não";2;0;1;0;1;0;1;2;-20,43132423;-54,89118605;"SPRF-MS";"DEL01-MS";"UOP03-DEL01-MS"