"id";"data_inversa";"dia_semana";"horario";"uf";"br";"km";"municipio";"causa_acidente";"tipo_acidente";"classificacao_acidente";"fase_dia";"sentido_via";"condicao_metereologica";"tipo_pista";"tracado_via";"uso_solo";"pessoas";"mortos";"feridos_leves";"feridos_graves";"ilesos";"ignorados";"feridos";"veiculos";"latitude";"longitude";"regional";"delegacia";"uop"
473884;2022-09-12;"segunda-feira";"03:10:00";"DF";20;18;"BRASILIA";"Ausência de reação do condutor";"Saída de leito carroçável";"Com Vítimas Feridas";"Plena Noite";"Decrescente";"Céu Claro";"Dupla";"Reta";"Sim";1;0;1;0;0;0;1;1;-15,616901;-47,708927;"SPRF-DF";"DEL02-DF";"UOP01-DEL02-DF"
473885;2022-09-11;"domingo";"17:00:00";"RO";364;714;"PORTO VELHO";"Entrada inopinada do pedestre";"Atropelamento de Pedestre";"Com Vítimas Feridas";"Anoitecer";"Crescente";"Céu Claro";"Dupla";"Reta";"Sim";2;0;1;0;0;1;1;2;-8,777029;-63,889192;"SPRF-RO";"DEL01-RO";"UOP01-DEL01-RO"
473886;2022-09-12;"segunda-feira";"03:45:00";"SC";116;141;"SANTA CECILIA";"Transitar na contramão";"Colisão frontal";"Com Vítimas Feridas";"Plena Noite";"Crescente";"Chuva";"Simples";"Curva";"Não";3;0;0;1;1;1;1;3;-26,97282394;-50,40309796;"SPRF-SC";"DEL06-SC";"UOP02-DEL06-SC"
473887;2022-09-12;"segunda-feira";"02:35:00";"SC";101;415;"ARARANGUA";"Velocidade Incompatível";"Saída de leito carroçável";"Com Vítimas Feridas";"Plena Noite";"Decrescente";"Nublado";"Dupla";"Curva";"Não";3;0;2;0;1;0;2;1;-28,96040535;-49,51653267;"SPRF-SC";"DEL02-SC";"UOP02-DEL02-SC"
473890;2022-09-12;"segunda-feira";"02:15:00";"RJ";40;115,9;"DUQUE DE CAXIAS";"Ausência de reação do condutor";"Saída de leito carroçável";"Com Vítimas Fatais";"Pleno dia";"Decrescente";"Nublado";"Dupla";"Reta";"Sim";1;1;0;0;0;0;0;1;-22,72756999;-43,2891609;"SPRF-RJ";"DEL01-RJ";"UOP01-DEL01-RJ"
473895;2022-09-12;"segunda-feira";"04:05:00";"MG";40;85,7;"PARACATU";"Reação tardia ou ineficiente do condutor";"Saída de leito carroçável";"Com Vítimas Feridas";"Plena Noite";"Decrescente";"Céu Claro";"Simples";"Reta";"Não";1;0;1;0;0;0;1;1;-17,48257776;-46,61903388;"SPRF-MG";"DEL14-MG";"UOP01-DEL14-MG"
473898;2022-09-12;"segunda-feira";"06:30:00";"DF";70;8;"BRASILIA";"Transitar no acostamento";"Atropelamento de Pedestre";"Com Vítimas Feridas";"Pleno dia";"Decrescente";"Céu Claro";"Dupla";"Reta";"Sim";2;0;1;0;1;0;1;2;-15,784966;-48,122108;"SPRF-DF";"DEL03-DF";"UOP02-DEL03-DF"
473899;2022-09-11;"domingo";"21:00:00";"PI";222;115,5;"BATALHA";"Velocidade Incompatível";"Saída de leito carroçável";"Com Vítimas Feridas";"Plena Noite";"Decrescente";"Céu Claro";"Simples";"Reta";"Não";1;0;1;0;0;0;1;1;-4,10897311;-42,04865314;"SPRF-PI";"DEL02-PI";"UOP01-DEL02-PI"
473900;2022-09-12;"segunda-feira";"05:50:00";"GO";60;92,3;"ANAPOLIS";"Acessar a via sem observar a presença dos outros veículos";"Colisão transversal";"Sem Vítimas";"Amanhecer";"Crescente";"Céu Claro";"Dupla";"Retorno Regulamentado;Interseção de Vias;Reta";"Sim";3;0;0;0;2;1;0;2;-16,35248849;-48,91623974;"SPRF-GO";"DEL02-GO";"UOP01-DEL02-GO"
473901;2022-09-12;"segunda-feira";"06:10:00";"RS";290;150,4;"ARROIO DOS RATOS";"Ausência de reação do condutor";"Colisão lateral mesmo sentido";"Com Vítimas Feridas";"Amanhecer";"Crescente";"Céu Claro";"Simples";"Reta";"Não";2;0;1;0;1;0;1;2;-30,105978;-51,706875;"SPRF-RS";"DEL02-RS";"UOP01-DEL02-RS"
473902;2022-09-11;"domingo";"22:30:00";"SC";280;5;"SAO FRANCISCO DO SUL";"Ingestão de álcool pelo condutor";"Colisão transversal";"Sem Vítimas";"Plena Noite";"Decrescente";"Chuva";"Simples";"Reta";"Sim";2;0;0;0;2;0;0;2;-26,26011706;-48,62571995;"SPRF-SC";"DEL03-SC";"UOP03-DEL03-SC"
473906;2022-09-12;"segunda-feira";"02:35:00";"RN";226;97;"SANTA CRUZ";"Obstrução na via";"Colisão com objeto";"Sem Vítimas";"Plena Noite";"Decrescente";"Céu Claro";"Simples";"Curva";"Não";2;0;0;0;1;1;0;2;-6,26451959;-35,90016102;"SPRF-RN";"DEL03-RN";"UOP02-DEL03-RN"
473907;2022-09-12;"segunda-feira";"02:30:00";"RN";226;97;"SANTA CRUZ";"Condutor Dormindo";"Colisão com objeto";"Com Vítimas Feridas";"Plena Noite";"Crescente";"Céu Claro";"Simples";"Curva";"Não";1;0;1;0;0;0;1;1;-6,26451959;-35,90016102;"SPRF-RN";"DEL03-RN";"UOP02-DEL03-RN"
473908;2022-08-31;"quarta-feira";"07:20:00";"RS";287;305;"SAO PEDRO DO SUL";"Manobra de mudança de faixa";"Colisão frontal";"Com Vítimas Feridas";"Pleno dia";"Decrescente";"Céu Claro";"Simples";"Reta";"Não";5;0;2;3;0;0;5;2;-29,65311063;-54,4259423;"SPRF-RS";"DEL09-RS";"UOP01-DEL09-RS"
473910;2022-09-12;"segunda-feira";"06:50:00";"PB";101;82,5;"BAYEUX";"Condutor deixou de manter distância do veículo da frente";"Colisão traseira";"Sem Vítimas";"Pleno dia";"Crescente";"Céu Claro";"Dupla";"Aclive";"Não";2;0;0;0;2;0;0;2;-7,12911;-34,93714;"SPRF-PB";"DEL01-PB";"UOP01-DEL01-PB"
473911;2022-09-12;"segunda-feira";"06:50:00";"BA";116;815,8;"VITORIA DA CONQUISTA";"Manobra de mudança de faixa";"Colisão lateral mesmo sentido";"Com Vítimas Feridas";"Pleno dia";"Crescente";"Céu Claro";"Simples";"Reta";"Sim";3;0;2;0;1;0;2;3;-14,815077;-40,802419;"SPRF-BA";"DEL08-BA";"UOP01-DEL08-BA"
473912;2022-09-11;"domingo";"20:26:00";"SC";470;68,5;"INDAIAL";"Ausência de reação do condutor";"Colisão transversal";"Com Vítimas Feridas";"Plena Noite";"Decrescente";"Céu Claro";"Múltipla";"Reta";"Sim";2;0;1;0;1;0;1;2;-26,88073068;-49,24303028;"SPRF-SC";"DEL04-SC";"UOP01-DEL04-SC"
473913;2022-09-12;"segunda-feira";"07:05:00";"SP";116;116,3;"TAUBATE";"Condutor deixou de manter distância do veículo da frente";"Colisão traseira";"Com Vítimas Feridas";"Pleno dia";"Crescente";"Nublado";"Dupla";"Reta";"Não";2;0;1;0;0;1;1;2;-23,05376319;-45,6088049;"SPRF-SP";"DEL02-SP";"UOP02-DEL02-SP"
473914;2022-09-12;"segunda-feira";"07:24:00";"RN";405;75,6;"APODI";"Acessar a via sem observar a presença dos outros veículos";"Colisão transversal";"Com Vítimas Feridas";"Pleno dia";"Decrescente";"Céu Claro";"Dupla";"Reta";"Sim";3;0;3;0;0;0;3;2;-5,6430151;-37,79996162;"SPRF-RN";"DEL04-RN";"UOP02-DEL04-RN"
473916;2022-09-12;"segunda-feira";"06:50:00";"CE";116;2,6;"FORTALEZA";"Ausência de reação do condutor";"Colisão traseira";"Sem Vítimas";"Pleno dia";"Decrescente";"Sol";"Múltipla";"Reta";"Sim";2;0;0;0;2;0;0;2;-3,77459702;-38,51580447;"SPRF-CE";"DEL01-CE";"UOP02-DEL01-CE"
473925;2022-09-12;"segunda-feira";"08:10:00";"ES";101;270,3;"SERRA";"Ingestão de álcool pelo condutor";"Tombamento";"Com Vítimas Feridas";"Pleno dia";"Crescente";"Céu Claro";"Simples";"Declive";"Sim";2;0;0;1;1;0;1;2;-20,22662056;-40,27075088;"SPRF-ES";"DEL02-ES";"UOP01-DEL02-ES"
473926;2022-09-10;"sábado";"18:52:00";"MT";364;271;"JACIARA";"Ausência de reação do condutor";"Queda de ocupante de veículo";"Com Vítimas Feridas";"Anoitecer";"Decrescente";"Céu Claro";"Dupla";"Curva";"Sim";2;0;1;0;0;1;1;2;-15,96962998;-54,95363;"SPRF-MT";"DEL02-MT";"UOP01-DEL02-MT"
473927;2022-09-12;"segunda-feira";"08:10:00";"GO";153;432;"ANAPOLIS";"Velocidade Incompatível";"Tombamento";"Com Vítimas Feridas";"Pleno dia";"Crescente";"Céu Claro";"Dupla";"Reta";"Sim";1;0;1;0;0;0;1;1;-16,264801;-48,982357;"SPRF-GO";"DEL02-GO";"UOP01-DEL02-GO"
473931;2022-09-12;"segunda-feira";"07:25:00";"PI";343;589;"FLORIANO";"Reação tardia ou ineficiente do condutor";"Colisão traseira";"Com Vítimas Feridas";"Pleno dia";"Crescente";"Céu Claro";"Dupla";"Aclive";"Sim";4;0;0;2;0;2;2;3;-6,776695;-43,009346;"SPRF-PI";"DEL03-PI";"UOP01-DEL03-PI"
473933;2022-09-12;"segunda-feira";"07:52:00";"BA";324;546;"AMELIA RODRIGUES";"Reação tardia ou ineficiente do condutor";"Saída de leito carroçável";"Com Vítimas Feridas";"Pleno dia";"Decrescente";"Chuva";"Dupla";"Aclive;Curva";"Não";3;0;2;0;1;0;2;1;-12,41513603;-38,75158107;"SPRF-BA";"DEL01-BA";"UOP03-DEL01-BA"
473934;2022-06-20;"segunda-feira";"12:05:00";"SC";0;0;"CORONEL FREITAS";"Sinalização mal posicionada";"Colisão transversal";"Com Vítimas Feridas";"Pleno dia";"Não Informado";"Sol";"Dupla";"Rotatória";"Sim";3;0;1;0;2;0;1;3;-26,90786722;-52,70286548;"SPRF-SC";"DEL07-SC";"N/A"
473935;2022-09-12;"segunda-feira";"10:40:00";"PA";230;122;"MARABA";"Manobra de mudança de faixa";"Colisão transversal";"Com Vítimas Feridas";"Pleno dia";"Crescente";"Céu Claro";"Dupla";"Reta";"Sim";2;0;1;0;1;0;1;2;-5,36137537;-49,12376139;"SPRF-PA";"DEL03-PA";"UOP01-DEL03-PA"
473936;2022-03-16;"quarta-feira";"09:20:00";"MG";40;526;"CONTAGEM";"Manobra de mudança de faixa";"Tombamento";"Com Vítimas Feridas";"Pleno dia";"Crescente";"Céu Claro";"Dupla";"Reta";"Sim";2;0;1;0;1;0;1;2;-19,89255399;-44,04985478;"SPRF-MG";"DEL01-MG";"UOP02-DEL01-MG"
473939;2022-09-12;"segunda-feira";"09:30:00";"MT";163;819;"SINOP";"Demais falhas mecânicas ou elétricas";"Incêndio";"Com Vítimas Feridas";"Pleno dia";"Decrescente";"Céu Claro";"Simples";"Reta";"Não";1;0;1;0;0;0;1;1;-12,13028999;-55,51526681;"SPRF-MT";"DEL06-MT";"UOP01-DEL06-MT"
473940;2022-09-12;"segunda-feira";"11:00:00";"MG";381;497,5;"BETIM";"Reação tardia ou ineficiente do condutor";"Colisão traseira";"Com Vítimas Feridas";"Pleno dia";"Crescente";"Sol";"Dupla";"Reta";"Sim";2;0;1;0;1;0;1;2;-20,00483625;-44,21367172;"SPRF-MG";"DEL01-MG";"UOP03-DEL01-MG"
473941;2022-09-12;"segunda-feira";"11:00:00";"PR";376;660;"GUARATUBA";"Chuva";"Saída de leito carroçável";"Com Vítimas Feridas";"Pleno dia";"Decrescente";"Chuva";"Dupla";"Curva";"Não";1;0;1;0;0;0;1;1;-25,8516758;-49,00332398;"SPRF-PR";"DEL01-PR";"UOP04-DEL01-PR"
473942;2022-09-12;"segunda-feira";"11:00:00";"SP";116;545;"BARRA DO TURVO";"Pista Escorregadia";"Colisão com objeto";"Com Vítimas Feridas";"Pleno dia";"Crescente";"Chuva";"Simples";"Aclive";"Não";2;0;0;1;1;0;1;1;-24,9522113;-48,42498779;"SPRF-SP";"DEL05-SP";"UOP02-DEL05-SP"
473945;2022-09-12;"segunda-feira";"11:30:00";"SP";116;227;"SAO PAULO";"Manobra de mudança de faixa";"Colisão traseira";"Com Vítimas Feridas";"Pleno dia";"Decrescente";"Nublado";"Simples";"Curva";"Sim";2;0;1;0;1;0;1;2;-23,49659264;-46,55648754;"SPRF-SP";"DEL01-SP";"UOP01-DEL01-SP"
473947;2022-09-12;"segunda-feira";"10:40:00";"RJ";101;405;"ITAGUAI";"Pedestre andava na pista";"Atropelamento de Pedestre";"Com Vítimas Feridas";"Pleno dia";"Crescente";"Nublado";"Dupla";"Reta";"Sim";2;0;1;0;1;0;1;2;-22,867606;-43,802743;"SPRF-RJ";"DEL03-RJ";"UOP01-DEL03-RJ"
473948;2022-09-12;"segunda-feira";"11:40:00";"RN";304;283,5;"MACAIBA";"Condutor deixou de manter distância do veículo da frente";"Colisão traseira";"Sem Vítimas";"Pleno dia";"Crescente";"Céu Claro";"Dupla";"Em Obras;Reta";"Não";4;0;0;0;4;0;0;2;-5,883238;-35,468062;"SPRF-RN";"DEL01-RN";"UOP02-DEL01-RN"
473950;2022-09-12;"segunda-feira";"10:50:00";"RS";116;526;"PELOTAS";"Acumulo de areia ou detritos sobre o pavimento";"Tombamento";"Com Vítimas Feridas";"Pleno dia";"Crescente";"Céu Claro";"Dupla";"Rotatória";"Não";2;0;1;0;1;0;1;2;-31,74307729;-52,39966642;"SPRF-RS";"DEL07-RS";"UOP01-DEL07-RS"
473951;2022-09-12;"segunda-feira";"12:00:00";"PR";116;126;"FAZENDA RIO GRANDE";"Condutor deixou de manter distância do veículo da frente";"Colisão traseira";"Com Vítimas Feridas";"Pleno dia";"Crescente";"Garoa/Chuvisco";"Dupla";"Em Obras;Desvio Temporário;Reta";"Sim";4;0;1;0;3;0;1;2;-25,60389895;-49,31824423;"SPRF-PR";"DEL01-PR";"UOP03-DEL01-PR"
473952;2022-09-12;"segunda-feira";"11:40:00";"PB";230;277,8;"SANTA LUZIA";"Velocidade Incompatível";"Colisão com objeto";"Com Vítimas Feridas";"Pleno dia";"Crescente";"Sol";"Simples";"Curva";"Não";3;0;2;0;0;1;2;1;-6,9513;-36,8451;"SPRF-PB";"DEL03-PB";"UOP01-DEL03-PB"
473953;2022-09-12;"segunda-feira";"12:57:00";"SP";116;394,9;"MIRACATU";"Chuva";"Saída de leito carroçável";"Com Vítimas Feridas";"Pleno dia";"Crescente";"Chuva";"Dupla";"Curva";"Não";2;0;1;1;0;0;2;1;-24,28717454;-47,45143994;"SPRF-SP";"DEL04-SP";"UOP02-DEL04-SP"
473954;2022-08-28;"domingo";"03:55:00";"PR";369;94;"CORNELIO PROCOPIO";"Velocidade Incompatível";"Saída de leito carroçável";"Com Vítimas Feridas";"Plena Noite";"Decrescente";"Céu Claro";"Simples";"Interseção de Vias";"Não";1;0;1;0;0;0;1;1;-23,24650431;-50,72602272;"SPRF-PR";"DEL07-PR";"UOP01-DEL07-PR"
473955;2022-09-12;"segunda-feira";"11:55:00";"SC";101;204,1;"SAO JOSE";"Condutor deixou de manter distância do veículo da frente";"Colisão traseira";"Com Vítimas Feridas";"Pleno dia";"Decrescente";"Chuva";"Simples";"Reta";"Sim";2;0;0;1;1;0;1;2;-27,57413014;-48,61363083;"SPRF-SC";"DEL01-SC";"UOP01-DEL01-SC"
473956;2022-09-12;"segunda-feira";"12:50:00";"DF";80;13;"BRASILIA";"Acessar a via sem observar a presença dos outros veículos";"Colisão transversal";"Sem Vítimas";"Pleno dia";"Crescente";"Céu Claro";"Simples";"Reta;Aclive";"Não";1;0;0;0;1;0;0;1;-15,728034;-48,193768;"SPRF-DF";"DEL03-DF";"UOP02-DEL03-DF"
473957;2022-09-12;"segunda-feira";"12:45:00";"PE";408;89,4;"SAO LOURENCO DA MATA";"Acessar a via sem observar a presença dos outros veículos";"Colisão transversal";"Com Vítimas Fatais";"Pleno dia";"Crescente";"Céu Claro";"Dupla";"Declive;Retorno Regulamentado;Reta";"Não";4;1;0;1;1;1;1;3;-7,983917;-35,079758;"SPRF-PE";"DEL01-PE";"UOP01-DEL01-PE"
473958;2022-09-12;"segunda-feira";"12:15:00";"SC";470;52,7;"BLUMENAU";"Ultrapassagem Indevida";"Colisão lateral mesmo sentido";"Sem Vítimas";"Pleno dia";"Decrescente";"Chuva";"Simples";"Interseção de Vias;Reta";"Sim";2;0;0;0;2;0;0;2;-26,86603706;-49,10022855;"SPRF-SC";"DEL04-SC";"UOP01-DEL04-SC"
473959;2022-09-12;"segunda-feira";"13:25:00";"CE";222;3;"FORTALEZA";"Condutor deixou de manter distância do veículo da frente";"Colisão traseira";"Com Vítimas Feridas";"Pleno dia";"Decrescente";"Céu Claro";"Múltipla";"Reta";"Não";2;0;1;0;1;0;1;2;-3,7403769;-38,59569202;"SPRF-CE";"DEL01-CE";"UOP01-DEL01-CE"
473960;2022-09-12;"segunda-feira";"12:50:00";"RJ";40;117;"DUQUE DE CAXIAS";"Acumulo de óleo sobre o pavimento";"Colisão com objeto";"Com Vítimas Feridas";"Pleno dia";"Decrescente";"Nublado";"Múltipla";"Reta";"Não";2;0;2;0;0;0;2;1;-22,745676;-43,2881;"SPRF-RJ";"DEL01-RJ";"UOP01-DEL01-RJ"
473964;2022-09-12;"segunda-feira";"13:45:00";"CE";222;3;"CAUCAIA";"Condutor deixou de manter distância do veículo da frente";"Queda de ocupante de veículo";"Com Vítimas Feridas";"Pleno dia";"Decrescente";"Sol";"Dupla";"Ponte";"Sim";1;0;1;0;0;0;1;1;-3,7403769;-38,59569202;"SPRF-CE";"DEL01-CE";"UOP01-DEL01-CE"
473965;2022-09-12;"segunda-feira";"12:20:00";"BA";116;777;"PLANALTO";"Reação tardia ou ineficiente do condutor";"Colisão transversal";"Com Vítimas Feridas";"Pleno dia";"Decrescente";"Céu Claro";"Simples";"Reta";"Sim";2;0;1;1;0;0;2;2;-14,607391;-40,44086601;"SPRF-BA";"DEL08-BA";"UOP02-DEL08-BA"
473966;2022-09-12;"segunda-feira";"11:08:00";"MG";116;706,3;"MURIAE";"Acessar a via sem observar a presença dos outros veículos";"Colisão lateral mesmo sentido";"Com Vítimas Feridas";"Pleno dia";"Crescente";"Nublado";"Simples";"Interseção de Vias";"Sim";2;0;1;0;1;0;1;2;-21,13828109;-42,38549363;"SPRF-MG";"DEL07-MG";"UOP02-DEL07-MG"
473968;2022-07-05;"terça-feira";"14:00:00";"GO";70;371;"MONTES CLAROS DE GOIAS";"Condutor deixou de manter distância do veículo da frente";"Colisão traseira";"Com Vítimas Feridas";"Pleno dia";"Decrescente";"Céu Claro";"Simples";"Reta";"Não";2;0;1;0;1;0;1;2;-15,93648077;-51,34230182;"SPRF-GO";"DEL04-GO";"UOP01-DEL04-GO"
473969;2022-09-12;"segunda-feira";"12:20:00";"PR";467;107,7;"CASCAVEL";"Avarias e/ou desgaste excessivo no pneu";"Saída de leito carroçável";"Com Vítimas Feridas";"Pleno dia";"Decrescente";"Chuva";"Dupla";"Reta";"Não";1;0;1;0;0;0;1;1;-24,9209;-53,4764;"SPRF-PR";"DEL04-PR";"UOP01-DEL04-PR"
473970;2022-09-12;"segunda-feira";"13:15:00";"PR";369;512;"CASCAVEL";"Velocidade Incompatível";"Saída de leito carroçável";"Com Vítimas Feridas";"Pleno dia";"Decrescente";"Garoa/Chuvisco";"Simples";"Curva";"Não";2;0;2;0;0;0;2;1;-24,8717;-53,3423;"SPRF-PR";"DEL04-PR";"UOP01-DEL04-PR"
473971;2022-09-12;"segunda-feira";"14:30:00";"RN";101;74;"SAO GONCALO DO AMARANTE";"Ausência de reação do condutor";"Colisão traseira";"Com Vítimas Feridas";"Pleno dia";"Crescente";"Céu Claro";"Simples";"Reta";"Sim";2;0;2;0;0;0;2;2;-5,710858;-35,2698;"SPRF-RN";"DEL02-RN";"UOP01-DEL02-RN"
473972;2022-09-12;"segunda-feira";"14:20:00";"MG";116;383,9;"MATHIAS LOBATO";"Velocidade Incompatível";"Saída de leito carroçável";"Com Vítimas Feridas";"Pleno dia";"Decrescente";"Céu Claro";"Simples";"Curva";"Não";2;0;0;2;0;0;2;1;-18,64685297;-41,96253602;"SPRF-MG";"DEL06-MG";"UOP01-DEL06-MG"
473975;2022-09-12;"segunda-feira";"14:20:00";"PR";116;15;"COLOMBO";"Manobra de mudança de faixa";"Saída de leito carroçável";"Com Vítimas Feridas";"Pleno dia";"Crescente";"Chuva";"Dupla";"Reta";"Sim";2;0;1;0;1;0;1;2;-25,3848;-49,1711;"SPRF-PR";"DEL01-PR";"UOP02-DEL01-PR"
473976;2022-09-12;"segunda-feira";"14:30:00";"AP";156;255;"MACAPA";"Velocidade Incompatível";"Saída de leito carroçável";"Com Vítimas Feridas";"Pleno dia";"Decrescente";"Céu Claro";"Simples";"Reta";"Não";3;0;1;1;1;0;2;1;0,2028299;-51,116314;"SPRF-AP";"DEL01-AP";"UOP01-DEL01-AP"
473977;2022-09-12;"segunda-feira";"15:20:00";"DF";60;19,8;"BRASILIA";"Velocidade Incompatível";"Capotamento";"Com Vítimas Feridas";"Pleno dia";"Decrescente";"Céu Claro";"Dupla";"Declive;Reta";"Não";1;0;1;0;0;0;1;1;-15,974583;-48,189411;"SPRF-DF";"DEL03-DF";"UOP01-DEL03-DF"
473979;2022-09-12;"segunda-feira";"13:15:00";"MG";381;638,3;"SANTO ANTONIO DO AMPARO";"Demais falhas mecânicas ou elétricas";"Tombamento";"Com Vítimas Feridas";"Pleno dia";"Crescente";"Céu Claro";"Dupla";"Curva";"Não";1;0;1;0;0;0;1;1;-20,90711508;-44,86007488;"SPRF-MG";"DEL04-MG";"UOP01-DEL04-MG"
473980;2022-09-12;"segunda-feira";"13:50:00";"MG";116;529,2;"CARATINGA";"Acessar a via sem observar a presença dos outros veículos";"Colisão lateral mesmo sentido";"Com Vítimas Feridas";"Pleno dia";"Crescente";"Céu Claro";"Dupla";"Reta";"Sim";4;0;0;1;2;1;1;4;-19,80209596;-42,13678193;"SPRF-MG";"DEL06-MG";"UOP02-DEL06-MG"
473981;2022-09-12;"segunda-feira";"15:35:00";"SP";116;106,8;"TAUBATE";"Demais falhas mecânicas ou elétricas";"Incêndio";"Sem Vítimas";"Pleno dia";"Decrescente";"Nublado";"Dupla";"Reta";"Não";1;0;0;0;1;0;0;1;-23,01250593;-45,52256005;"SPRF-SP";"DEL08-SP";"UOP01-DEL08-SP"
473982;2022-09-12;"segunda-feira";"15:15:00";"SC";101;233,7;"PALHOCA";"Velocidade Incompatível";"Colisão com objeto";"Com Vítimas Feridas";"Pleno dia";"Crescente";"Chuva";"Dupla";"Declive;Curva";"Não";3;0;3;0;0;0;3;1;-27,80376397;-48,63826211;"SPRF-SC";"DEL01-SC";"UOP02-DEL01-SC"
473983;2022-09-12;"segunda-feira";"16:15:00";"SP";116;145;"SAO JOSE DOS CAMPOS";"Ausência de reação do condutor";"Colisão traseira";"Com Vítimas Feridas";"Pleno dia";"Crescente";"Nublado";"Dupla";"Reta";"Sim";2;0;0;1;1;0;1;2;-23,1869844;-45,8548078;"SPRF-SP";"DEL02-SP";"UOP01-DEL02-SP"
473984;2022-07-31;"domingo";"00:30:00";"RJ";116;172;"SAO JOAO DE MERITI";"Condutor deixou de manter distância do veículo da frente";"Colisão traseira";"Com Vítimas Feridas";"Plena Noite";"Crescente";"Ignorado";"Dupla";"Reta";"Sim";3;0;1;1;0;1;2;1;-22,80188151;-43,35043673;"SPRF-RJ";"DEL01-RJ";"UOP02-DEL01-RJ"
473986;2022-09-12;"segunda-feira";"16:40:00";"PE";232;5,6;"RECIFE";"Entrada inopinada do pedestre";"Atropelamento de Pedestre";"Com Vítimas Feridas";"Pleno dia";"Crescente";"Céu Claro";"Dupla";"Em Obras;Reta";"Sim";2;0;2;0;0;0;2;2;-8,0700129;-34,951206;"SPRF-PE";"DEL01-PE";"UOP01-DEL01-PE"
473989;2022-08-19;"sexta-feira";"12:00:00";"BA";116;25;"VITORIA DA CONQUISTA";"Condutor deixou de manter distância do veículo da frente";"Colisão traseira";"Com Vítimas Feridas";"Pleno dia";"Crescente";"Céu Claro";"Simples";"Interseção de Vias";"Não";2;0;1;0;1;0;1;2;-14,86110209;-40,79871839;"SPRF-BA";"DEL08-BA";"UOP01-DEL08-BA"
473990;2022-09-12;"segunda-feira";"17:00:00";"RJ";101;57;"CAMPOS DOS GOYTACAZES";"Condutor deixou de manter distância do veículo da frente";"Colisão traseira";"Com Vítimas Feridas";"Anoitecer";"Decrescente";"Nublado";"Simples";"Reta";"Sim";2;0;1;0;1;0;1;2;-21,69602101;-41,31017467;"SPRF-RJ";"DEL08-RJ";"UOP01-DEL08-RJ"
473991;2022-09-12;"segunda-feira";"16:28:00";"RJ";101;333;"RIO DE JANEIRO";"Condutor deixou de manter distância do veículo da frente";"Colisão traseira";"Com Vítimas Feridas";"Pleno dia";"Crescente";"Céu Claro";"Múltipla";"Reta;Ponte";"Sim";2;0;1;0;1;0;1;2;-22,87827816;-43,21053578;"SPRF-RJ";"DEL02-RJ";"UOP01-DEL02-RJ"
473992;2022-09-12;"segunda-feira";"16:40:00";"ES";259;100;"BAIXO GUANDU";"Acessar a via sem observar a presença dos outros veículos";"Colisão transversal";"Com Vítimas Feridas";"Pleno dia";"Crescente";"Céu Claro";"Simples";"Reta";"Não";2;0;0;1;1;0;1;2;-19,51441295;-40,99560702;"SPRF-ES";"DEL02-ES";"UOP01-DEL02-ES"
473995;2022-09-12;"segunda-feira";"16:28:00";"BA";407;1;"JUAZEIRO";"Condutor deixou de manter distância do veículo da frente";"Colisão traseira";"Com Vítimas Feridas";"Pleno dia";"Decrescente";"Céu Claro";"Simples";"Reta";"Não";2;0;0;1;1;0;1;2;-9,4143258;-40,5062592;"SPRF-PE";"DEL06-PE";"UOP01-DEL06-PE"
473996;2022-09-12;"segunda-feira";"17:00:00";"SC";282;37,5;"AGUAS MORNAS";"Velocidade Incompatível";"Saída de leito carroçável";"Com Vítimas Feridas";"Anoitecer";"Crescente";"Chuva";"Simples";"Curva";"Não";2;0;1;1;0;0;2;1;-27,707325;-48,842983;"SPRF-SC";"DEL01-SC";"UOP03-DEL01-SC"
473997;2022-09-12;"segunda-feira";"18:05:00";"MG";40;526;"CONTAGEM";"Reação tardia ou ineficiente do condutor";"Tombamento";"Com Vítimas Feridas";"Plena Noite";"Decrescente";"Céu Claro";"Dupla";"Declive;Reta";"Sim";1;0;1;0;0;0;1;1;-19,89255399;-44,04985478;"SPRF-MG";"DEL01-MG";"UOP02-DEL01-MG"
473998;2022-09-12;"segunda-feira";"18:00:00";"BA";324;439,5;"RIACHAO DO JACUIPE";"Reação tardia ou ineficiente do condutor";"Colisão traseira";"Com Vítimas Feridas";"Anoitecer";"Crescente";"Céu Claro";"Simples";"Curva";"Sim";2;0;1;0;1;0;1;2;-11,81121947;-39,38740644;"SPRF-BA";"DEL02-BA";"UOP01-DEL02-BA"
473999;2022-09-12;"segunda-feira";"18:30:00";"SP";381;21;"BRAGANCA PAULISTA";"Pista Escorregadia";"Queda de ocupante de veículo";"Com Vítimas Feridas";"Plena Noite";"Decrescente";"Garoa/Chuvisco";"Simples";"Curva;Declive";"Não";1;0;1;0;0;0;1;1;-22,99140199;-46,50878201;"SPRF-SP";"DEL03-SP";"UOP01-DEL03-SP"
474000;2022-09-12;"segunda-feira";"18:15:00";"DF";20;34;"BRASILIA";"Demais falhas mecânicas ou elétricas";"Incêndio";"Sem Vítimas";"Plena Noite";"Crescente";"Céu Claro";"Dupla";"Reta";"Não";1;0;0;0;1;0;0;1;-15,582146;-47,559162;"SPRF-DF";"DEL02-DF";"UOP01-DEL02-DF"