"id";"data_inversa";"dia_semana";"horario";"uf";"br";"km";"municipio";"causa_acidente";"tipo_acidente";"classificacao_acidente";"fase_dia";"sentido_via";"condicao_metereologica";"tipo_pista";"tracado_via";"uso_solo";"pessoas";"mortos";"feridos_leves";"feridos_graves";"ilesos";"ignorados";"feridos";"veiculos";"latitude";"longitude";"regional";"delegacia";"uop"
474001;2022-09-12;"segunda-feira";"18:25:00";"RS";290;103,5;"ELDORADO DO SUL";"Ausência de reação do condutor";"Colisão traseira";"Com Vítimas Feridas";"Anoitecer";"Crescente";"Céu Claro";"Dupla";"Ponte";"Não";4;0;0;2;2;0;2;2;-29,99017;-51,265766;"SPRF-RS";"DEL02-RS";"UOP01-DEL02-RS"
474003;2022-09-12;"segunda-feira";"14:19:00";"BA";110;182;"RIBEIRA DO POMBAL";"Demais falhas mecânicas ou elétricas";"Incêndio";"Sem Vítimas";"Pleno dia";"Crescente";"Sol";"Simples";"Reta";"Não";2;0;0;0;1;1;0;1;-10,95001497;-38,52120922;"SPRF-BA";"DEL07-BA";"UOP02-DEL07-BA"
474004;2022-09-12;"segunda-feira";"18:05:00";"PB";101;83,2;"BAYEUX";"Pedestre andava na pista";"Atropelamento de Pedestre";"Com Vítimas Feridas";"Plena Noite";"Crescente";"Céu Claro";"Dupla";"Reta";"Sim";3;0;1;2;0;0;3;2;-7,1337703;-34,92963914;"SPRF-PB";"DEL01-PB";"UOP01-DEL01-PB"
474006;2022-09-12;"segunda-feira";"18:30:00";"ES";262;157;"IBATIBA";"Condutor deixou de manter distância do veículo da frente";"Colisão traseira";"Com Vítimas Feridas";"Plena Noite";"Crescente";"Nublado";"Simples";"Reta";"Sim";2;0;1;0;1;0;1;2;-20,23102878;-41,48810903;"SPRF-ES";"DEL01-ES";"UOP02-DEL01-ES"
474017;2022-09-12;"segunda-feira";"19:15:00";"RS";386;343,2;"LAJEADO";"Acessar a via sem observar a presença dos outros veículos";"Colisão transversal";"Com Vítimas Feridas";"Plena Noite";"Decrescente";"Garoa/Chuvisco";"Simples";"Curva";"Sim";2;0;1;0;1;0;1;2;-29,434835;-52,002365;"SPRF-RS";"DEL04-RS";"UOP01-DEL04-RS"
474018;2022-09-12;"segunda-feira";"19:00:00";"ES";101;275;"SERRA";"Reação tardia ou ineficiente do condutor";"Queda de ocupante de veículo";"Com Vítimas Feridas";"Plena Noite";"Crescente";"Céu Claro";"Simples";"Reta";"Não";1;0;1;0;0;0;1;1;-20,20828089;-40,30388897;"SPRF-ES";"DEL02-ES";"UOP01-DEL02-ES"
474020;2022-09-12;"segunda-feira";"18:50:00";"SP";116;271;"TABOAO DA SERRA";"Reação tardia ou ineficiente do condutor";"Colisão traseira";"Com Vítimas Feridas";"Plena Noite";"Decrescente";"Garoa/Chuvisco";"Dupla";"Reta";"Sim";3;0;1;0;2;0;1;2;-23,61809286;-46,80556302;"SPRF-SP";"DEL04-SP";"UOP01-DEL04-SP"
474025;2022-09-12;"segunda-feira";"18:28:00";"RO";319;63;"PORTO VELHO";"Reação tardia ou ineficiente do condutor";"Colisão traseira";"Com Vítimas Feridas";"Plena Noite";"Crescente";"Céu Claro";"Dupla";"Interseção de Vias";"Sim";5;0;1;0;3;1;1;4;-8,75582012;-63,88681049;"SPRF-RO";"DEL01-RO";"UOP01-DEL01-RO"
474027;2022-09-12;"segunda-feira";"14:50:00";"RJ";116;208;"SEROPEDICA";"Reação tardia ou ineficiente do condutor";"Saída de leito carroçável";"Com Vítimas Feridas";"Pleno dia";"Crescente";"Nublado";"Dupla";"Curva";"Não";3;0;1;0;2;0;1;1;-22,72297475;-43,67131596;"SPRF-RJ";"DEL01-RJ";"UOP03-DEL01-RJ"
474028;2022-09-12;"segunda-feira";"18:00:00";"RS";290;68;"GRAVATAI";"Ausência de reação do condutor";"Colisão lateral mesmo sentido";"Com Vítimas Feridas";"Anoitecer";"Crescente";"Céu Claro";"Dupla";"Reta";"Não";2;0;1;0;1;0;1;2;-29,943384;-50,936207;"SPRF-RS";"DEL03-RS";"UOP01-DEL03-RS"
474029;2022-09-12;"segunda-feira";"17:40:00";"MG";459;92;"POUSO ALEGRE";"Acumulo de óleo sobre o pavimento";"Saída de leito carroçável";"Com Vítimas Feridas";"Pleno dia";"Crescente";"Chuva";"Simples";"Curva";"Não";1;0;1;0;0;0;1;1;-22,173647;-46,001644;"SPRF-MG";"DEL09-MG";"UOP01-DEL09-MG"
474032;2022-09-12;"segunda-feira";"17:00:00";"RO";364;420,9;"JARU";"Demais falhas mecânicas ou elétricas";"Tombamento";"Com Vítimas Feridas";"Pleno dia";"Crescente";"Céu Claro";"Simples";"Aclive";"Não";2;0;2;0;0;0;2;1;-10,47470369;-62,44575957;"SPRF-RO";"DEL03-RO";"UOP02-DEL03-RO"
474037;2022-09-12;"segunda-feira";"19:00:00";"PR";277;593,6;"CASCAVEL";"Pedestre cruzava a pista fora da faixa";"Atropelamento de Pedestre";"Com Vítimas Feridas";"Plena Noite";"Decrescente";"Chuva";"Simples";"Reta";"Sim";3;0;0;1;1;1;1;3;-24,98082053;-53,48254989;"SPRF-PR";"DEL04-PR";"UOP01-DEL04-PR"
474038;2022-09-12;"segunda-feira";"20:20:00";"RJ";116;175;"NOVA IGUACU";"Trafegar com motocicleta (ou similar) entre as faixas";"Colisão lateral mesmo sentido";"Com Vítimas Feridas";"Plena Noite";"Crescente";"Garoa/Chuvisco";"Múltipla";"Reta";"Não";2;0;1;0;1;0;1;2;-22,78923555;-43,37275272;"SPRF-RJ";"DEL01-RJ";"UOP02-DEL01-RJ"
474039;2022-09-12;"segunda-feira";"17:30:00";"TO";153;350;"FORTALEZA DO TABOCAO";"Condutor deixou de manter distância do veículo da frente";"Colisão traseira";"Sem Vítimas";"Anoitecer";"Crescente";"Céu Claro";"Simples";"Declive";"Não";3;0;0;0;3;0;0;2;-8,97819298;-48,49764907;"SPRF-TO";"DEL02-TO";"UOP02-DEL02-TO"
474044;2022-09-12;"segunda-feira";"20:35:00";"PR";369;440,7;"UBIRATA";"Entrada inopinada do pedestre";"Atropelamento de Pedestre";"Com Vítimas Feridas";"Plena Noite";"Crescente";"Chuva";"Simples";"Reta";"Não";2;0;0;1;1;0;1;2;-24,520786;-52,936403;"SPRF-PR";"DEL04-PR";"UOP03-DEL04-PR"
474049;2022-09-12;"segunda-feira";"17:30:00";"MT";364;272;"JACIARA";"Acessar a via sem observar a presença dos outros veículos";"Colisão transversal";"Com Vítimas Feridas";"Anoitecer";"Decrescente";"Céu Claro";"Dupla";"Curva";"Sim";3;0;2;1;0;0;3;2;-15,9602563;-54,96942759;"SPRF-MT";"DEL02-MT";"UOP01-DEL02-MT"
474058;2022-09-12;"segunda-feira";"22:10:00";"RS";448;21;"CANOAS";"Ausência de reação do condutor";"Saída de leito carroçável";"Sem Vítimas";"Plena Noite";"Crescente";"Céu Claro";"Simples";"Declive;Curva";"Sim";1;0;0;0;0;1;0;1;-29,96574;-51,202034;"SPRF-RS";"DEL01-RS";"UOP01-DEL01-RS"
474059;2022-09-12;"segunda-feira";"22:30:00";"SP";381;73;"SAO PAULO";"Chuva";"Colisão com objeto";"Com Vítimas Feridas";"Plena Noite";"Crescente";"Chuva";"Dupla";"Declive";"Não";2;0;1;0;1;0;1;1;-23,36553404;-46,55253934;"SPRF-SP";"DEL03-SP";"UOP01-DEL03-SP"
474060;2022-09-12;"segunda-feira";"19:30:00";"PA";308;224,5;"AUGUSTO CORREA";"Pedestre andava na pista";"Atropelamento de Pedestre";"Com Vítimas Fatais";"Plena Noite";"Decrescente";"Céu Claro";"Simples";"Reta";"Não";2;1;0;0;1;0;0;2;-1,123355;-46,628671;"SPRF-PA";"DEL01-PA";"UOP03-DEL01-PA"
474071;2022-09-12;"segunda-feira";"22:15:00";"DF";70;6;"BRASILIA";"Reação tardia ou ineficiente do condutor";"Saída de leito carroçável";"Com Vítimas Feridas";"Plena Noite";"Crescente";"Céu Claro";"Dupla";"Reta";"Sim";1;0;1;0;0;0;1;1;-15,791242;-48,105759;"SPRF-DF";"DEL03-DF";"UOP02-DEL03-DF"
474072;2022-09-12;"segunda-feira";"21:10:00";"PR";376;535;"PALMEIRA";"Chuva";"Saída de leito carroçável";"Sem Vítimas";"Plena Noite";"Crescente";"Chuva";"Dupla";"Reta";"Não";1;0;0;0;1;0;0;1;-25,38045417;-49,80922117;"SPRF-PR";"DEL03-PR";"UOP03-DEL03-PR"
474073;2022-09-12;"segunda-feira";"23:00:00";"GO";40;16;"LUZIANIA";"Ausência de reação do condutor";"Tombamento";"Com Vítimas Feridas";"Plena Noite";"Crescente";"Céu Claro";"Dupla";"Aclive;Reta";"Sim";1;0;1;0;0;0;1;1;-16,175176;-47,92964;"SPRF-DF";"DEL01-DF";"UOP01-DEL01-DF"
474075;2022-09-12;"segunda-feira";"22:55:00";"ES";101;64,1;"SAO MATEUS";"Pedestre cruzava a pista fora da faixa";"Atropelamento de Pedestre";"Com Vítimas Fatais";"Plena Noite";"Decrescente";"Nevoeiro/Neblina";"Simples";"Reta";"Não";3;1;0;0;1;1;0;2;-18,69830807;-39,86481056;"SPRF-ES";"DEL04-ES";"UOP02-DEL04-ES"
474077;2022-09-12;"segunda-feira";"22:50:00";"GO";153;206;"URUACU";"Reação tardia ou ineficiente do condutor";"Tombamento";"Com Vítimas Feridas";"Plena Noite";"Crescente";"Céu Claro";"Dupla";"Declive";"Não";1;0;1;0;0;0;1;1;-14,567051;-49,156227;"SPRF-GO";"DEL07-GO";"UOP02-DEL07-GO"
474078;2022-09-12;"segunda-feira";"23:50:00";"GO";40;12,2;"LUZIANIA";"Ingestão de álcool pelo condutor";"Colisão com objeto";"Sem Vítimas";"Plena Noite";"Crescente";"Céu Claro";"Dupla";"Reta";"Sim";2;0;0;0;2;0;0;1;-16,14675892;-47,94386571;"SPRF-DF";"DEL01-DF";"UOP01-DEL01-DF"
474081;2022-09-12;"segunda-feira";"22:00:00";"RO";364;232,1;"CACOAL";"Animais na Pista";"Atropelamento de Animal";"Com Vítimas Feridas";"Plena Noite";"Decrescente";"Céu Claro";"Simples";"Declive;Reta";"Sim";1;0;1;0;0;0;1;1;-11,46635;-61,406025;"SPRF-RO";"DEL02-RO";"UOP02-DEL02-RO"
474084;2022-09-13;"terça-feira";"00:15:00";"PR";369;418;"JURANDA";"Ausência de reação do condutor";"Saída de leito carroçável";"Sem Vítimas";"Plena Noite";"Crescente";"Nublado";"Simples";"Reta";"Não";1;0;0;0;1;0;0;1;-24,373;-52,7756;"SPRF-PR";"DEL04-PR";"UOP03-DEL04-PR"
474086;2022-09-12;"segunda-feira";"23:55:00";"RS";116;351,5;"TAPES";"Velocidade Incompatível";"Saída de leito carroçável";"Com Vítimas Feridas";"Plena Noite";"Decrescente";"Céu Claro";"Dupla";"Desvio Temporário";"Não";2;0;1;1;0;0;2;1;-30,54238634;-51,51002508;"SPRF-RS";"DEL02-RS";"UOP02-DEL02-RS"
474087;2022-09-12;"segunda-feira";"22:34:00";"AC";317;108;"CAPIXABA";"Ausência de reação do condutor";"Saída de leito carroçável";"Com Vítimas Feridas";"Plena Noite";"Crescente";"Céu Claro";"Simples";"Reta";"Não";1;0;0;1;0;0;1;1;-10,28604805;-67,69526209;"SPRF-AC";"DEL01-AC";"UOP01-DEL01-AC"
474088;2022-09-12;"segunda-feira";"23:30:00";"SC";158;121,6;"CAIBI";"Velocidade Incompatível";"Saída de leito carroçável";"Com Vítimas Fatais";"Plena Noite";"Crescente";"Céu Claro";"Simples";"Curva";"Não";2;1;0;1;0;0;1;1;-26,979134;-53,215108;"SPRF-SC";"DEL07-SC";"UOP02-DEL07-SC"
474090;2022-09-13;"terça-feira";"02:40:00";"RJ";116;321,3;"ITATIAIA";"Reação tardia ou ineficiente do condutor";"Colisão com objeto";"Com Vítimas Feridas";"Plena Noite";"Crescente";"Nublado";"Dupla";"Reta";"Não";2;0;1;0;1;0;1;1;-22,48093378;-44,53547807;"SPRF-RJ";"DEL07-RJ";"UOP02-DEL07-RJ"
474091;2022-09-13;"terça-feira";"04:30:00";"SC";280;31;"ARAQUARI";"Acessar a via sem observar a presença dos outros veículos";"Colisão transversal";"Com Vítimas Fatais";"Amanhecer";"Crescente";"Nublado";"Simples";"Reta";"Sim";4;1;0;1;2;0;1;3;-26,416498;-48,771788;"SPRF-SC";"DEL03-SC";"UOP03-DEL03-SC"
474093;2022-09-13;"terça-feira";"04:50:00";"PE";101;41,9;"IGARASSU";"Condutor deixou de manter distância do veículo da frente";"Colisão traseira";"Com Vítimas Feridas";"Pleno dia";"Crescente";"Céu Claro";"Múltipla";"Reta";"Sim";2;0;2;0;0;0;2;2;-7,83038346;-34,91426785;"SPRF-PE";"DEL01-PE";"UOP02-DEL01-PE"
474094;2022-09-13;"terça-feira";"03:00:00";"RS";472;494;"ITAQUI";"Animais na Pista";"Atropelamento de Animal";"Sem Vítimas";"Plena Noite";"Crescente";"Céu Claro";"Simples";"Reta";"Não";1;0;0;0;0;1;0;1;-29,20428898;-56,54759102;"SPRF-RS";"DEL13-RS";"UOP01-DEL13-RS"
474095;2022-09-12;"segunda-feira";"12:45:00";"RJ";101;334;"RIO DE JANEIRO";"Ultrapassagem Indevida";"Colisão lateral mesmo sentido";"Com Vítimas Feridas";"Pleno dia";"Decrescente";"Céu Claro";"Múltipla";"Curva";"Não";1;0;1;0;0;0;1;1;-22,88517902;-43,21704364;"SPRF-RJ";"DEL02-RJ";"UOP01-DEL02-RJ"
474097;2022-09-13;"terça-feira";"05:45:00";"ES";101;436,7;"MIMOSO DO SUL";"Demais falhas mecânicas ou elétricas";"Incêndio";"Sem Vítimas";"Amanhecer";"Crescente";"Céu Claro";"Simples";"Reta";"Não";1;0;0;0;1;0;0;1;-21,05840799;-41,204146;"SPRF-ES";"DEL03-ES";"UOP02-DEL03-ES"
474100;2022-09-13;"terça-feira";"06:35:00";"RN";304;296;"MACAIBA";"Ausência de reação do condutor";"Colisão traseira";"Com Vítimas Feridas";"Amanhecer";"Crescente";"Céu Claro";"Simples";"Em Obras";"Sim";3;0;1;0;2;0;1;2;-5,86484905;-35,34931012;"SPRF-RN";"DEL01-RN";"UOP02-DEL01-RN"
474101;2022-09-13;"terça-feira";"06:03:00";"PE";232;8;"RECIFE";"Manobra de mudança de faixa";"Colisão lateral mesmo sentido";"Com Vítimas Feridas";"Pleno dia";"Decrescente";"Céu Claro";"Múltipla";"Reta";"Não";2;0;1;0;1;0;1;2;-8,07764447;-34,97863609;"SPRF-PE";"DEL01-PE";"UOP01-DEL01-PE"
474109;2022-09-12;"segunda-feira";"19:00:00";"SP";116;228;"SAO PAULO";"Reação tardia ou ineficiente do condutor";"Colisão lateral mesmo sentido";"Com Vítimas Feridas";"Plena Noite";"Crescente";"Garoa/Chuvisco";"Múltipla";"Reta";"Sim";3;0;2;0;1;0;2;2;-23,50343484;-46,56638712;"SPRF-SP";"DEL01-SP";"UOP01-DEL01-SP"
474111;2022-09-12;"segunda-feira";"22:45:00";"PR";153;333;"IRATI";"Condutor deixou de manter distância do veículo da frente";"Colisão traseira";"Com Vítimas Feridas";"Plena Noite";"Crescente";"Chuva";"Simples";"Interseção de Vias";"Sim";2;0;1;0;1;0;1;2;-25,47271703;-50,63775197;"SPRF-PR";"DEL08-PR";"UOP02-DEL08-PR"
474112;2022-09-13;"terça-feira";"07:10:00";"SP";116;219;"GUARULHOS";"Acessar a via sem observar a presença dos outros veículos";"Colisão traseira";"Com Vítimas Feridas";"Pleno dia";"Crescente";"Nublado";"Múltipla";"Reta";"Sim";3;0;1;0;2;0;1;2;-23,46143954;-46,48885316;"SPRF-SP";"DEL01-SP";"UOP01-DEL01-SP"
474115;2022-09-12;"segunda-feira";"18:10:00";"MT";163;829;"SINOP";"Manobra de mudança de faixa";"Colisão transversal";"Com Vítimas Feridas";"Anoitecer";"Decrescente";"Céu Claro";"Simples";"Retorno Regulamentado";"Não";2;0;1;0;1;0;1;2;-11,9127;-55,508847;"SPRF-MT";"DEL06-MT";"UOP01-DEL06-MT"
474116;2022-09-13;"terça-feira";"07:00:00";"PR";116;6;"CAMPINA GRANDE DO SUL";"Avarias e/ou desgaste excessivo no pneu";"Tombamento";"Com Vítimas Feridas";"Pleno dia";"Crescente";"Céu Claro";"Dupla";"Reta";"Sim";1;0;1;0;0;0;1;1;-25,3669;-49,0996;"SPRF-PR";"DEL01-PR";"UOP02-DEL01-PR"
474118;2022-09-13;"terça-feira";"05:30:00";"RN";226;1;"NATAL";"Transitar na contramão";"Colisão transversal";"Com Vítimas Feridas";"Pleno dia";"Crescente";"Céu Claro";"Dupla";"Em Obras;Reta";"Sim";2;0;1;0;1;0;1;2;-5,80642132;-35,24167278;"SPRF-RN";"DEL01-RN";"UOP02-DEL01-RN"
474120;2022-09-13;"terça-feira";"07:30:00";"SC";282;5,6;"SAO JOSE";"Acessar a via sem observar a presença dos outros veículos";"Colisão lateral mesmo sentido";"Com Vítimas Feridas";"Pleno dia";"Crescente";"Sol";"Dupla";"Curva";"Sim";2;0;1;0;1;0;1;2;-27,588425;-48,612919;"SPRF-SC";"DEL01-SC";"UOP01-DEL01-SC"
474122;2022-09-13;"terça-feira";"08:10:00";"SC";101;189,7;"BIGUACU";"Velocidade Incompatível";"Colisão com objeto";"Com Vítimas Feridas";"Pleno dia";"Decrescente";"Céu Claro";"Simples";"Curva";"Sim";2;0;2;0;0;0;2;1;-27,459393;-48,638914;"SPRF-SC";"DEL01-SC";"UOP01-DEL01-SC"
474123;2022-08-24;"quarta-feira";"17:50:00";"SC";282;16;"PALHOCA";"Desrespeitar a preferência no cruzamento";"Colisão transversal";"Com Vítimas Feridas";"Anoitecer";"Crescente";"Céu Claro";"Simples";"Reta";"Sim";2;0;1;0;1;0;1;2;-27,67038588;-48,69218782;"SPRF-SC";"DEL01-SC";"UOP02-DEL01-SC"
474124;2022-09-13;"terça-feira";"06:24:00";"RO";319;63;"PORTO VELHO";"Condutor desrespeitou a iluminação vermelha do semáforo";"Colisão transversal";"Sem Vítimas";"Pleno dia";"Crescente";"Céu Claro";"Dupla";"Interseção de Vias";"Sim";2;0;0;0;2;0;0;2;-8,75781678;-63,88638854;"SPRF-RO";"DEL01-RO";"UOP01-DEL01-RO"
474126;2022-09-13;"terça-feira";"08:30:00";"BA";324;618;"SALVADOR";"Condutor deixou de manter distância do veículo da frente";"Colisão traseira";"Com Vítimas Feridas";"Pleno dia";"Crescente";"Céu Claro";"Dupla";"Reta";"Sim";2;0;1;0;1;0;1;2;-12,891109;-38,445374;"SPRF-BA";"DEL01-BA";"UOP01-DEL01-BA"
474127;2022-09-13;"terça-feira";"07:19:00";"RJ";101;312;"SAO GONCALO";"Condutor deixou de manter distância do veículo da frente";"Colisão traseira";"Sem Vítimas";"Pleno dia";"Crescente";"Sol";"Dupla";"Reta";"Sim";2;0;0;0;2;0;0;2;-22,80546555;-43,06156967;"SPRF-RJ";"DEL02-RJ";"UOP02-DEL02-RJ"
474128;2022-09-13;"terça-feira";"07:50:00";"PE";232;6,7;"RECIFE";"Ausência de sinalização";"Colisão lateral mesmo sentido";"Com Vítimas Feridas";"Pleno dia";"Decrescente";"Céu Claro";"Dupla";"Em Obras";"Não";2;0;2;0;0;0;2;2;-8,07079525;-34,9535389;"SPRF-PE";"DEL01-PE";"UOP01-DEL01-PE"
474129;2022-09-13;"terça-feira";"07:30:00";"MG";40;509;"RIBEIRAO DAS NEVES";"Ausência de reação do condutor";"Engavetamento";"Com Vítimas Feridas";"Pleno dia";"Decrescente";"Céu Claro";"Dupla";"Reta";"Sim";4;0;2;0;2;0;2;3;-19,76728744;-44,12855905;"SPRF-MG";"DEL01-MG";"UOP02-DEL01-MG"
474130;2022-08-09;"terça-feira";"06:20:00";"MT";70;372,8;"CAMPO VERDE";"Conversão proibida";"Colisão lateral sentido oposto";"Com Vítimas Feridas";"Pleno dia";"Crescente";"Nublado";"Simples";"Reta";"Não";2;0;1;0;1;0;1;2;-15,48650094;-55,05516202;"SPRF-MT";"DEL05-MT";"UOP02-DEL05-MT"
474131;2022-09-13;"terça-feira";"08:05:00";"RS";392;67;"PELOTAS";"Desrespeitar a preferência no cruzamento";"Colisão transversal";"Com Vítimas Feridas";"Pleno dia";"Crescente";"Céu Claro";"Simples";"Rotatória";"Sim";5;0;2;0;3;0;2;2;-31,75652467;-52,40009665;"SPRF-RS";"DEL07-RS";"UOP01-DEL07-RS"
474132;2022-09-13;"terça-feira";"09:20:00";"PI";316;316,1;"PICOS";"Manobra de mudança de faixa";"Colisão lateral mesmo sentido";"Com Vítimas Feridas";"Pleno dia";"Crescente";"Céu Claro";"Simples";"Reta";"Sim";2;0;1;1;0;0;2;2;-7,08317297;-41,41458999;"SPRF-PI";"DEL04-PI";"UOP01-DEL04-PI"
474133;2022-09-13;"terça-feira";"08:50:00";"PR";116;116;"CURITIBA";"Trafegar com motocicleta (ou similar) entre as faixas";"Colisão traseira";"Com Vítimas Feridas";"Pleno dia";"Crescente";"Nublado";"Dupla";"Aclive";"Sim";2;0;1;0;1;0;1;2;-25,556273;-49,30599;"SPRF-PR";"DEL01-PR";"UOP06-DEL01-PR"
474134;2022-09-13;"terça-feira";"09:20:00";"CE";116;64,9;"CHOROZINHO";"Reação tardia ou ineficiente do condutor";"Tombamento";"Com Vítimas Feridas";"Pleno dia";"Decrescente";"Céu Claro";"Simples";"Interseção de Vias";"Sim";2;0;2;0;0;0;2;1;-4,29333673;-38,49789619;"SPRF-CE";"DEL03-CE";"UOP02-DEL03-CE"
474136;2022-09-13;"terça-feira";"08:50:00";"RJ";101;427;"MANGARATIBA";"Velocidade Incompatível";"Colisão lateral sentido oposto";"Sem Vítimas";"Pleno dia";"Decrescente";"Nublado";"Simples";"Curva";"Não";2;0;0;0;2;0;0;2;-22,93154625;-43,98133788;"SPRF-RJ";"DEL03-RJ";"UOP02-DEL03-RJ"
474137;2022-09-13;"terça-feira";"08:40:00";"RJ";493;88;"JAPERI";"Demais falhas mecânicas ou elétricas";"Incêndio";"Sem Vítimas";"Pleno dia";"Crescente";"Céu Claro";"Dupla";"Reta";"Sim";1;0;0;0;0;1;0;1;-22,673278;-43,627149;"SPRF-RJ";"DEL01-RJ";"UOP03-DEL01-RJ"
474138;2022-09-13;"terça-feira";"07:30:00";"PR";116;39,7;"CAMPINA GRANDE DO SUL";"Velocidade Incompatível";"Colisão com objeto";"Com Vítimas Feridas";"Pleno dia";"Crescente";"Nublado";"Dupla";"Curva";"Não";1;0;1;0;0;0;1;1;-25,14802509;-48,85922071;"SPRF-PR";"DEL01-PR";"UOP02-DEL01-PR"
474139;2022-09-06;"terça-feira";"07:40:00";"MG";365;626;"UBERLANDIA";"Manobra de mudança de faixa";"Colisão lateral mesmo sentido";"Com Vítimas Feridas";"Pleno dia";"Decrescente";"Céu Claro";"Dupla";"Reta";"Sim";2;0;1;0;1;0;1;2;-18,90926756;-48,30961525;"SPRF-MG";"DEL15-MG";"UOP01-DEL15-MG"
474140;2022-09-13;"terça-feira";"09:00:00";"MG";116;137,2;"PONTO DOS VOLANTES";"Ausência de reação do condutor";"Colisão traseira";"Sem Vítimas";"Pleno dia";"Decrescente";"Céu Claro";"Simples";"Reta";"Sim";4;0;0;0;4;0;0;1;-16,74953496;-41,50421089;"SPRF-MG";"DEL11-MG";"UOP02-DEL11-MG"
474142;2022-09-13;"terça-feira";"09:45:00";"SP";381;73,5;"SAO PAULO";"Velocidade Incompatível";"Capotamento";"Com Vítimas Feridas";"Pleno dia";"Crescente";"Chuva";"Múltipla";"Reta";"Não";2;0;2;0;0;0;2;1;-23,36553404;-46,55253934;"SPRF-SP";"DEL03-SP";"UOP01-DEL03-SP"
474143;2022-09-13;"terça-feira";"05:45:00";"PI";135;160,4;"BERTOLINIA";"Reação tardia ou ineficiente do condutor";"Colisão com objeto";"Com Vítimas Feridas";"Amanhecer";"Crescente";"Céu Claro";"Simples";"Reta";"Não";2;0;1;0;1;0;1;1;-7,895682;-43,80603;"SPRF-PI";"DEL03-PI";"UOP01-DEL03-PI"
474144;2022-09-13;"terça-feira";"05:40:00";"PI";316;30,9;"DEMERVAL LOBAO";"Ultrapassagem Indevida";"Colisão frontal";"Com Vítimas Feridas";"Amanhecer";"Decrescente";"Céu Claro";"Simples";"Reta";"Não";3;0;0;2;1;0;2;2;-5,33309;-42,69755301;"SPRF-PI";"DEL01-PI";"UOP02-DEL01-PI"
474146;2022-09-13;"terça-feira";"09:40:00";"BA";324;570;"SAO SEBASTIAO DO PASSE";"Ausência de reação do condutor";"Colisão traseira";"Sem Vítimas";"Pleno dia";"Crescente";"Garoa/Chuvisco";"Dupla";"Aclive";"Não";3;0;0;0;2;1;0;3;-12,54603889;-38,58142792;"SPRF-BA";"DEL01-BA";"UOP01-DEL01-BA"
474148;2022-09-13;"terça-feira";"07:28:00";"AC";364;136;"RIO BRANCO";"Reação tardia ou ineficiente do condutor";"Colisão transversal";"Com Vítimas Feridas";"Pleno dia";"Crescente";"Céu Claro";"Dupla";"Reta";"Sim";2;0;1;0;1;0;1;2;-9,97243671;-67,85127363;"SPRF-AC";"DEL01-AC";"UOP01-DEL01-AC"
474149;2022-09-13;"terça-feira";"11:00:00";"BA";242;778;"BARREIRAS";"Acessar a via sem observar a presença dos outros veículos";"Tombamento";"Com Vítimas Feridas";"Pleno dia";"Decrescente";"Céu Claro";"Simples";"Curva";"Não";2;0;1;0;1;0;1;1;-12,15186422;-44,88687515;"SPRF-BA";"DEL10-BA";"UOP01-DEL10-BA"
474150;2022-09-13;"terça-feira";"11:00:00";"SP";381;74;"SAO PAULO";"Velocidade Incompatível";"Capotamento";"Sem Vítimas";"Pleno dia";"Crescente";"Chuva";"Múltipla";"Reta";"Não";1;0;0;0;1;0;0;1;-23,37208014;-46,55700294;"SPRF-SP";"DEL03-SP";"UOP01-DEL03-SP"
474157;2022-09-13;"terça-feira";"10:14:00";"PE";232;126;"CARUARU";"Pista esburacada";"Saída de leito carroçável";"Com Vítimas Feridas";"Pleno dia";"Crescente";"Céu Claro";"Dupla";"Reta";"Não";1;0;1;0;0;0;1;1;-8,30819677;-35,95467594;"SPRF-PE";"DEL02-PE";"UOP01-DEL02-PE"
474158;2022-09-13;"terça-feira";"10:20:00";"MG";381;920;"CAMANDUCAIA";"Velocidade Incompatível";"Saída de leito carroçável";"Com Vítimas Feridas";"Pleno dia";"Crescente";"Chuva";"Dupla";"Reta";"Não";1;0;1;0;0;0;1;1;-22,7704869;-46,20021296;"SPRF-MG";"DEL16-MG";"UOP03-DEL16-MG"
474159;2022-09-13;"terça-feira";"10:30:00";"MG";381;934,4;"EXTREMA";"Velocidade Incompatível";"Saída de leito carroçável";"Com Vítimas Feridas";"Pleno dia";"Decrescente";"Chuva";"Dupla";"Curva";"Não";1;0;1;0;0;0;1;1;-22,80517012;-46,25954551;"SPRF-MG";"DEL16-MG";"UOP03-DEL16-MG"
474161;2022-09-13;"terça-feira";"13:15:00";"SC";470;52,7;"BLUMENAU";"Ausência de reação do condutor";"Colisão transversal";"Com Vítimas Feridas";"Pleno dia";"Decrescente";"Sol";"Simples";"Interseção de Vias";"Não";2;0;0;1;1;0;1;2;-26,862286;-49,093903;"SPRF-SC";"DEL04-SC";"UOP01-DEL04-SC"
474162;2022-09-13;"terça-feira";"13:05:00";"PR";277;120;"CAMPO LARGO";"Reação tardia ou ineficiente do condutor";"Saída de leito carroçável";"Com Vítimas Feridas";"Pleno dia";"Decrescente";"Céu Claro";"Dupla";"Reta";"Não";2;0;1;1;0;0;2;1;-25,43651772;-49,44346612;"SPRF-PR";"DEL03-PR";"UOP03-DEL03-PR"