"id";"data_inversa";"dia_semana";"horario";"uf";"br";"km";"municipio";"causa_acidente";"tipo_acidente";"classificacao_acidente";"fase_dia";"sentido_via";"condicao_metereologica";"tipo_pista";"tracado_via";"uso_solo";"pessoas";"mortos";"feridos_leves";"feridos_graves";"ilesos";"ignorados";"feridos";"veiculos";"latitude";"longitude";"regional";"delegacia";"uop"
474298;2022-09-14;"quarta-feira";"07:40:00";"PR";116;106;"SAO JOSE DOS PINHAIS";"Velocidade Incompatível";"Saída de leito carroçável";"Sem Vítimas";"Pleno dia";"Crescente";"Nublado";"Dupla";"Reta";"Não";1;0;0;0;0;1;0;1;-25,56830653;-49,17799791;"SPRF-PR";"DEL01-PR";"UOP06-DEL01-PR"
474299;2022-09-14;"quarta-feira";"08:15:00";"PB";101;76,7;"SANTA RITA";"Demais falhas mecânicas ou elétricas";"Colisão com objeto";"Com Vítimas Feridas";"Pleno dia";"Decrescente";"Nublado";"Dupla";"Reta";"Não";2;0;1;1;0;0;2;1;-7,09085711;-34,96857932;"SPRF-PB";"DEL01-PB";"UOP04-DEL01-PB"
474300;2022-09-14;"quarta-feira";"08:45:00";"RS";290;110,9;"ELDORADO DO SUL";"Demais falhas mecânicas ou elétricas";"Saída de leito carroçável";"Com Vítimas Feridas";"Pleno dia";"Decrescente";"Céu Claro";"Dupla";"Reta";"Não";1;0;1;0;0;0;1;1;-30,032066;-51,325138;"SPRF-RS";"DEL02-RS";"UOP01-DEL02-RS"
474303;2022-09-10;"sábado";"15:48:00";"MS";163;242;"CAARAPO";"Ausência de reação do condutor";"Saída de leito carroçável";"Com Vítimas Feridas";"Pleno dia";"Crescente";"Céu Claro";"Simples";"Reta";"Não";1;0;1;0;0;0;1;1;-22,37336293;-54,79537285;"SPRF-MS";"DEL04-MS";"UOP02-DEL04-MS"
474304;2022-09-14;"quarta-feira";"09:15:00";"BA";324;610,4;"SIMOES FILHO";"Condutor deixou de manter distância do veículo da frente";"Colisão traseira";"Com Vítimas Feridas";"Pleno dia";"Crescente";"Céu Claro";"Dupla";"Reta";"Sim";2;0;2;0;0;0;2;2;-12,82931703;-38,41113193;"SPRF-BA";"DEL01-BA";"UOP01-DEL01-BA"
474305;2022-09-14;"quarta-feira";"09:54:00";"MG";116;563;"MANHUACU";"Acessar a via sem observar a presença dos outros veículos";"Colisão transversal";"Com Vítimas Feridas";"Pleno dia";"Crescente";"Céu Claro";"Simples";"Reta";"Não";3;0;1;0;0;2;1;3;-20,05498398;-42,17498796;"SPRF-MG";"DEL06-MG";"UOP03-DEL06-MG"
474306;2022-09-14;"quarta-feira";"10:00:00";"ES";262;0,4;"CARIACICA";"Condutor deixou de manter distância do veículo da frente";"Colisão traseira";"Com Vítimas Feridas";"Pleno dia";"Crescente";"Céu Claro";"Dupla";"Ponte";"Sim";3;0;1;0;2;0;1;2;-20,32955204;-40,35492602;"SPRF-ES";"DEL01-ES";"UOP01-DEL01-ES"
474307;2022-09-14;"quarta-feira";"11:05:00";"PE";424;115,4;"GARANHUNS";"Ingestão de álcool pelo condutor";"Saída de leito carroçável";"Com Vítimas Fatais";"Pleno dia";"Decrescente";"Sol";"Simples";"Curva";"Não";1;1;0;0;0;0;0;1;-9,03003974;-36,43736005;"SPRF-PE";"DEL03-PE";"UOP01-DEL03-PE"
474311;2022-09-14;"quarta-feira";"08:10:00";"GO";153;328,5;"RIANAPOLIS";"Condutor Dormindo";"Colisão com objeto";"Com Vítimas Feridas";"Pleno dia";"Decrescente";"Céu Claro";"Simples";"Curva";"Não";1;0;1;0;0;0;1;1;-15,519727;-49,468304;"SPRF-GO";"DEL02-GO";"UOP02-DEL02-GO"
474312;2022-09-14;"quarta-feira";"10:15:00";"SP";116;422;"JUQUIA";"Reação tardia ou ineficiente do condutor";"Saída de leito carroçável";"Com Vítimas Feridas";"Pleno dia";"Decrescente";"Chuva";"Dupla";"Curva";"Não";24;0;6;0;18;0;6;1;-24,36454003;-47,69203096;"SPRF-SP";"DEL05-SP";"UOP01-DEL05-SP"
474317;2022-09-14;"quarta-feira";"10:00:00";"PR";476;110;"COLOMBO";"Acessar a via sem observar a presença dos outros veículos";"Colisão transversal";"Com Vítimas Feridas";"Pleno dia";"Crescente";"Chuva";"Simples";"Interseção de Vias";"Sim";3;0;1;0;2;0;1;2;-25,311363;-49,145245;"SPRF-PR";"DEL01-PR";"UOP01-DEL01-PR"
474319;2022-09-14;"quarta-feira";"08:35:00";"MA";222;362,4;"SANTA INES";"Reação tardia ou ineficiente do condutor";"Colisão transversal";"Com Vítimas Feridas";"Pleno dia";"Crescente";"Nublado";"Simples";"Reta";"Sim";2;0;1;1;0;0;2;2;-3,67587567;-45,3831629;"SPRF-MA";"DEL02-MA";"UOP01-DEL02-MA"
474320;2022-09-14;"quarta-feira";"09:15:00";"PR";469;15;"FOZ DO IGUACU";"Acessar a via sem observar a presença dos outros veículos";"Colisão lateral mesmo sentido";"Com Vítimas Feridas";"Pleno dia";"Decrescente";"Nublado";"Simples";"Interseção de Vias";"Sim";2;0;0;1;1;0;1;2;-25,5813;-54,5315;"SPRF-PR";"DEL05-PR";"UOP04-DEL05-PR"
474322;2022-09-14;"quarta-feira";"09:50:00";"RJ";356;24;"ITAPERUNA";"Reação tardia ou ineficiente do condutor";"Colisão traseira";"Com Vítimas Feridas";"Pleno dia";"Crescente";"Sol";"Simples";"Reta";"Não";3;0;2;0;1;0;2;2;-21,17964993;-41,973627;"SPRF-RJ";"DEL08-RJ";"UOP03-DEL08-RJ"
474327;2022-09-14;"quarta-feira";"10:00:00";"MG";381;932,5;"EXTREMA";"Pista Escorregadia";"Colisão com objeto";"Com Vítimas Feridas";"Pleno dia";"Decrescente";"Garoa/Chuvisco";"Dupla";"Aclive;Curva";"Não";4;0;3;0;1;0;3;1;-22,792703;-46,250381;"SPRF-MG";"DEL16-MG";"UOP03-DEL16-MG"
474331;2022-08-27;"sábado";"14:45:00";"MG";262;96;"ABRE CAMPO";"Ultrapassagem Indevida";"Colisão transversal";"Com Vítimas Feridas";"Pleno dia";"Decrescente";"Sol";"Simples";"Rotatória";"Não";3;0;0;1;1;1;1;3;-20,2954755;-42,48038342;"SPRF-MG";"DEL03-MG";"UOP03-DEL03-MG"
474332;2022-09-14;"quarta-feira";"07:30:00";"MG";381;876,7;"ESTIVA";"Velocidade Incompatível";"Colisão com objeto";"Com Vítimas Feridas";"Pleno dia";"Decrescente";"Chuva";"Dupla";"Curva";"Não";2;0;0;1;1;0;1;1;-22,48184;-46,010895;"SPRF-MG";"DEL16-MG";"UOP01-DEL16-MG"
474336;2022-09-14;"quarta-feira";"11:15:00";"PR";376;467,3;"PONTA GROSSA";"Reação tardia ou ineficiente do condutor";"Colisão com objeto";"Sem Vítimas";"Pleno dia";"Crescente";"Chuva";"Dupla";"Curva";"Não";1;0;0;0;1;0;0;1;-25,00332504;-50,36103308;"SPRF-PR";"DEL03-PR";"UOP01-DEL03-PR"
474338;2022-09-14;"quarta-feira";"11:50:00";"PR";376;203;"MANDAGUARI";"Acessar a via sem observar a presença dos outros veículos";"Colisão transversal";"Com Vítimas Feridas";"Pleno dia";"Crescente";"Chuva";"Simples";"Reta";"Sim";2;0;1;0;1;0;1;2;-23,51446874;-51,70007229;"SPRF-PR";"DEL09-PR";"UOP01-DEL09-PR"
474339;2022-09-06;"terça-feira";"23:50:00";"SC";0;0;"CANOINHAS";"Estacionar ou parar em local proibido";"Colisão lateral mesmo sentido";"Com Vítimas Feridas";"Plena Noite";"Não Informado";"Chuva";"Simples";"Reta";"Não";3;0;1;0;2;0;1;2;-26,20546254;-50,38162172;"SPRF-SC";"DEL06-SC";"N/A"
474340;2022-09-14;"quarta-feira";"08:55:00";"MG";0;0;"BARBACENA";"Acessar a via sem observar a presença dos outros veículos";"Colisão lateral mesmo sentido";"Sem Vítimas";"Pleno dia";"Não Informado";"Céu Claro";"Simples";"Reta";"Sim";3;0;0;0;3;0;0;2;-21,21803;-43,773338;"SPRF-MG";"DEL05-MG";"N/A"
474341;2022-08-28;"domingo";"15:00:00";"RS";392;16,5;"RIO GRANDE";"Reação tardia ou ineficiente do condutor";"Queda de ocupante de veículo";"Com Vítimas Feridas";"Pleno dia";"Crescente";"Céu Claro";"Dupla";"Retorno Regulamentado";"Não";2;0;1;0;1;0;1;2;-32,1024397;-52,16347437;"SPRF-RS";"DEL07-RS";"UOP02-DEL07-RS"
474342;2022-09-14;"quarta-feira";"12:15:00";"SP";116;200;"ARUJA";"Entrada inopinada do pedestre";"Atropelamento de Pedestre";"Com Vítimas Feridas";"Pleno dia";"Decrescente";"Nublado";"Múltipla";"Reta";"Sim";2;0;1;0;1;0;1;2;-23,40281294;-46,3211;"SPRF-SP";"DEL01-SP";"UOP01-DEL01-SP"
474344;2022-09-14;"quarta-feira";"12:00:00";"SP";381;76;"SAO PAULO";"Chuva";"Colisão com objeto";"Com Vítimas Feridas";"Pleno dia";"Crescente";"Chuva";"Dupla";"Curva";"Não";1;0;1;0;0;0;1;1;-23,38372401;-46,56502116;"SPRF-SP";"DEL03-SP";"UOP01-DEL03-SP"
474345;2022-09-14;"quarta-feira";"10:30:00";"RS";285;123;"VACARIA";"Acessar a via sem observar a presença dos outros veículos";"Colisão transversal";"Com Vítimas Feridas";"Pleno dia";"Crescente";"Céu Claro";"Simples";"Reta";"Sim";2;0;1;0;1;0;1;2;-28,499468;-50,951084;"SPRF-RS";"DEL05-RS";"UOP03-DEL05-RS"
474346;2022-08-14;"domingo";"23:22:00";"PR";376;45;"LOANDA";"Desrespeitar a preferência no cruzamento";"Colisão traseira";"Com Vítimas Feridas";"Plena Noite";"Decrescente";"Céu Claro";"Simples";"Reta";"Não";3;0;2;0;1;0;2;2;-22,87200708;-52,95513409;"SPRF-PR";"DEL09-PR";"UOP02-DEL09-PR"
474348;2022-09-14;"quarta-feira";"13:30:00";"SC";280;4,1;"SAO FRANCISCO DO SUL";"Conversão proibida";"Colisão transversal";"Com Vítimas Feridas";"Pleno dia";"Crescente";"Nublado";"Simples";"Reta";"Sim";2;0;1;0;0;1;1;2;-26,25329566;-48,61916042;"SPRF-SC";"DEL03-SC";"UOP03-DEL03-SC"
474350;2022-09-14;"quarta-feira";"09:00:00";"PR";158;505,1;"CORONEL VIVIDA";"Obstrução na via";"Colisão traseira";"Com Vítimas Feridas";"Pleno dia";"Crescente";"Céu Claro";"Simples";"Curva";"Não";6;0;1;0;5;0;1;3;-26,022325;-52,58022;"SPRF-PR";"DEL02-PR";"UOP01-DEL02-PR"
474351;2022-09-14;"quarta-feira";"13:40:00";"GO";60;92;"ANAPOLIS";"Pedestre cruzava a pista fora da faixa";"Atropelamento de Pedestre";"Com Vítimas Fatais";"Pleno dia";"Decrescente";"Céu Claro";"Dupla";"Declive;Reta";"Sim";4;1;0;0;3;0;0;2;-16,351169;-48,912214;"SPRF-GO";"DEL02-GO";"UOP01-DEL02-GO"
474353;2022-09-14;"quarta-feira";"13:30:00";"PR";277;124;"CAMPO LARGO";"Avarias e/ou desgaste excessivo no pneu";"Colisão com objeto";"Com Vítimas Feridas";"Pleno dia";"Decrescente";"Chuva";"Simples";"Rotatória;Interseção de Vias;Declive";"Não";4;0;4;0;0;0;4;1;-25,4472505;-49,47885404;"SPRF-PR";"DEL03-PR";"UOP03-DEL03-PR"
474354;2022-09-14;"quarta-feira";"13:15:00";"SC";101;163;"TIJUCAS";"Reação tardia ou ineficiente do condutor";"Tombamento";"Com Vítimas Feridas";"Pleno dia";"Crescente";"Nublado";"Simples";"Reta";"Sim";3;0;0;2;1;0;2;2;-27,23461699;-48,63039809;"SPRF-SC";"DEL04-SC";"UOP03-DEL04-SC"
474357;2022-09-14;"quarta-feira";"13:50:00";"RS";386;356;"ESTRELA";"Acessar a via sem observar a presença dos outros veículos";"Colisão traseira";"Com Vítimas Feridas";"Pleno dia";"Decrescente";"Céu Claro";"Dupla";"Reta";"Não";3;0;2;0;1;0;2;2;-29,522612;-51,935017;"SPRF-RS";"DEL04-RS";"UOP02-DEL04-RS"
474358;2022-09-14;"quarta-feira";"13:50:00";"SC";101;409,9;"ARARANGUA";"Condutor deixou de manter distância do veículo da frente";"Colisão traseira";"Sem Vítimas";"Pleno dia";"Crescente";"Céu Claro";"Simples";"Interseção de Vias;Rotatória";"Sim";4;0;0;0;4;0;0;2;-28,93983836;-49,49766755;"SPRF-SC";"DEL02-SC";"UOP02-DEL02-SC"
474359;2022-09-14;"quarta-feira";"14:30:00";"SP";116;270,1;"TABOAO DA SERRA";"Reação tardia ou ineficiente do condutor";"Colisão traseira";"Com Vítimas Feridas";"Pleno dia";"Crescente";"Nublado";"Múltipla";"Reta";"Sim";4;0;1;0;3;0;1;2;-23,61799728;-46,79677694;"SPRF-SP";"DEL04-SP";"UOP01-DEL04-SP"
474360;2022-09-14;"quarta-feira";"10:20:00";"MG";251;448,4;"GRAO MOGOL";"Ausência de reação do condutor";"Colisão com objeto";"Com Vítimas Feridas";"Pleno dia";"Decrescente";"Céu Claro";"Simples";"Reta";"Não";1;0;1;0;0;0;1;1;-16,430876;-43,27029;"SPRF-MG";"DEL12-MG";"UOP01-DEL12-MG"
474362;2022-06-26;"domingo";"08:45:00";"SP";381;76;"SAO PAULO";"Pista Escorregadia";"Capotamento";"Sem Vítimas";"Pleno dia";"Crescente";"Céu Claro";"Múltipla";"Curva";"Não";1;0;0;0;1;0;0;1;-23,38372401;-46,56502116;"SPRF-SP";"DEL03-SP";"UOP01-DEL03-SP"
474364;2022-09-14;"quarta-feira";"14:50:00";"SP";116;280;"EMBU DAS ARTES";"Transitar no acostamento";"Colisão lateral mesmo sentido";"Com Vítimas Feridas";"Pleno dia";"Decrescente";"Nublado";"Dupla";"Reta";"Sim";3;0;1;0;2;0;1;2;-23,66996108;-46,85590758;"SPRF-SP";"DEL04-SP";"UOP01-DEL04-SP"
474365;2022-09-14;"quarta-feira";"14:00:00";"MT";364;0;"ALTO ARAGUAIA";"Condutor deixou de manter distância do veículo da frente";"Colisão traseira";"Com Vítimas Feridas";"Pleno dia";"Crescente";"Céu Claro";"Dupla";"Reta";"Sim";2;0;0;1;1;0;1;2;-17,31871;-53,211903;"SPRF-MT";"DEL02-MT";"UOP02-DEL02-MT"
474367;2022-09-14;"quarta-feira";"14:00:00";"BA";324;578,7;"CANDEIAS";"Avarias e/ou desgaste excessivo no pneu";"Saída de leito carroçável";"Com Vítimas Feridas";"Pleno dia";"Crescente";"Céu Claro";"Dupla";"Reta";"Não";3;0;1;0;2;0;1;1;-12,58896655;-38,52358272;"SPRF-BA";"DEL01-BA";"UOP01-DEL01-BA"
474368;2022-09-14;"quarta-feira";"15:10:00";"ES";101;169,2;"LINHARES";"Manobra de mudança de faixa";"Saída de leito carroçável";"Com Vítimas Feridas";"Pleno dia";"Crescente";"Céu Claro";"Simples";"Reta";"Não";1;0;1;0;0;0;1;1;-19,54224113;-40,16291381;"SPRF-ES";"DEL04-ES";"UOP01-DEL04-ES"
474370;2022-09-14;"quarta-feira";"15:45:00";"GO";153;505;"APARECIDA DE GOIANIA";"Manobra de mudança de faixa";"Colisão lateral mesmo sentido";"Com Vítimas Feridas";"Pleno dia";"Crescente";"Sol";"Múltipla";"Reta";"Sim";4;0;1;0;1;2;1;3;-16,7454519;-49,24081033;"SPRF-GO";"DEL01-GO";"UOP01-DEL01-GO"
474371;2022-09-14;"quarta-feira";"15:10:00";"ES";101;290,7;"CARIACICA";"Reação tardia ou ineficiente do condutor";"Colisão com objeto";"Com Vítimas Feridas";"Pleno dia";"Decrescente";"Nublado";"Dupla";"Retorno Regulamentado";"Não";1;0;1;0;0;0;1;1;-20,29564278;-40,39348003;"SPRF-ES";"DEL01-ES";"UOP01-DEL01-ES"
474372;2022-09-14;"quarta-feira";"15:45:00";"PR";369;102;"URAI";"Ausência de reação do condutor";"Colisão com objeto";"Com Vítimas Feridas";"Pleno dia";"Crescente";"Chuva";"Dupla";"Curva";"Não";2;0;2;0;0;0;2;1;-23,24779;-50,732978;"SPRF-PR";"DEL07-PR";"UOP01-DEL07-PR"
474373;2022-09-14;"quarta-feira";"15:25:00";"SC";280;29,9;"ARAQUARI";"Ausência de reação do condutor";"Tombamento";"Com Vítimas Feridas";"Pleno dia";"Crescente";"Céu Claro";"Simples";"Reta";"Não";1;0;0;1;0;0;1;1;-26,41066264;-48,75295628;"SPRF-SC";"DEL03-SC";"UOP03-DEL03-SC"
474375;2022-08-22;"segunda-feira";"05:00:00";"RJ";465;20;"NOVA IGUACU";"Retorno proibido";"Colisão lateral mesmo sentido";"Com Vítimas Feridas";"Amanhecer";"Crescente";"Ignorado";"Simples";"Reta";"Sim";2;0;1;0;0;1;1;2;-22,84812675;-43,60437155;"SPRF-RJ";"DEL03-RJ";"UOP01-DEL03-RJ"
474376;2022-09-14;"quarta-feira";"14:50:00";"PR";376;407,2;"TIBAGI";"Velocidade Incompatível";"Colisão com objeto";"Sem Vítimas";"Pleno dia";"Crescente";"Chuva";"Dupla";"Curva";"Não";1;0;0;0;1;0;0;1;-24,64521802;-50,62349002;"SPRF-PR";"DEL03-PR";"UOP02-DEL03-PR"
474378;2022-08-22;"segunda-feira";"07:50:00";"BA";324;523;"FEIRA DE SANTANA";"Ausência de reação do condutor";"Colisão traseira";"Com Vítimas Feridas";"Pleno dia";"Crescente";"Céu Claro";"Dupla";"Reta";"Não";1;0;0;1;0;0;1;1;-12,29007099;-38,91206799;"SPRF-BA";"DEL01-BA";"UOP03-DEL01-BA"
474381;2022-09-14;"quarta-feira";"12:20:00";"MG";262;578;"CORREGO DANTA";"Fumaça";"Colisão traseira";"Sem Vítimas";"Pleno dia";"Crescente";"Céu Claro";"Simples";"Reta";"Não";4;0;0;0;4;0;0;2;-19,67060393;-46,04771096;"SPRF-MG";"DEL08-MG";"UOP02-DEL08-MG"
474382;2022-09-14;"quarta-feira";"15:20:00";"MG";40;512,5;"RIBEIRAO DAS NEVES";"Ausência de reação do condutor";"Colisão com objeto";"Com Vítimas Feridas";"Pleno dia";"Decrescente";"Céu Claro";"Dupla";"Curva;Aclive";"Não";4;0;1;0;3;0;1;1;-19,7894699944;-44,1129069905;"SPRF-MG";"DEL01-MG";"UOP02-DEL01-MG"
474383;2022-09-14;"quarta-feira";"16:20:00";"RS";116;37,7;"VACARIA";"Acessar a via sem observar a presença dos outros veículos";"Colisão transversal";"Com Vítimas Feridas";"Pleno dia";"Crescente";"Sol";"Simples";"Rotatória";"Sim";5;0;3;0;2;0;3;2;-28,50398743;-50,92356205;"SPRF-RS";"DEL05-RS";"UOP03-DEL05-RS"
474384;2022-09-09;"sexta-feira";"21:40:00";"SC";280;67,4;"JARAGUA DO SUL";"Desrespeitar a preferência no cruzamento";"Colisão transversal";"Com Vítimas Feridas";"Plena Noite";"Decrescente";"Céu Claro";"Simples";"Reta";"Sim";2;0;0;1;1;0;1;2;-26,47606607;-49,09568797;"SPRF-SC";"DEL03-SC";"UOP03-DEL03-SC"
474386;2022-09-14;"quarta-feira";"14:00:00";"RR";174;578;"BOA VISTA";"Velocidade Incompatível";"Saída de leito carroçável";"Com Vítimas Feridas";"Pleno dia";"Crescente";"Céu Claro";"Simples";"Reta";"Não";1;0;1;0;0;0;1;1;3,420316;-60,895363;"SPRF-RR";"DEL01-RR";"UOP01-DEL01-RR"
474388;2022-09-14;"quarta-feira";"16:45:00";"PE";232;10,6;"JABOATAO DOS GUARARAPES";"Velocidade Incompatível";"Colisão traseira";"Com Vítimas Feridas";"Pleno dia";"Decrescente";"Chuva";"Dupla";"Em Obras;Reta;Interseção de Vias";"Sim";2;0;0;1;1;0;1;2;-8,08217;-34,991742;"SPRF-PE";"DEL01-PE";"UOP01-DEL01-PE"
474390;2022-09-14;"quarta-feira";"17:15:00";"SP";116;216;"GUARULHOS";"Ausência de reação do condutor";"Colisão traseira";"Com Vítimas Feridas";"Anoitecer";"Decrescente";"Garoa/Chuvisco";"Múltipla";"Declive";"Sim";2;0;1;0;0;1;1;2;-23,45056589;-46,46258105;"SPRF-SP";"DEL01-SP";"UOP01-DEL01-SP"
474392;2022-09-14;"quarta-feira";"11:20:00";"BA";367;23,4;"PORTO SEGURO";"Reação tardia ou ineficiente do condutor";"Engavetamento";"Sem Vítimas";"Pleno dia";"Crescente";"Céu Claro";"Simples";"Reta";"Sim";3;0;0;0;3;0;0;3;-16,43517732;-39,07201198;"SPRF-BA";"DEL09-BA";"UOP03-DEL09-BA"
474395;2022-09-14;"quarta-feira";"17:20:00";"RN";101;97;"NATAL";"Reação tardia ou ineficiente do condutor";"Tombamento";"Com Vítimas Feridas";"Pleno dia";"Crescente";"Céu Claro";"Múltipla";"Reta";"Sim";1;0;1;0;0;0;1;1;-5,84949622;-35,20890752;"SPRF-RN";"DEL01-RN";"UOP01-DEL01-RN"
474396;2022-09-04;"domingo";"05:15:00";"RO";319;42;"PORTO VELHO";"Transitar na contramão";"Colisão frontal";"Com Vítimas Feridas";"Amanhecer";"Crescente";"Céu Claro";"Simples";"Reta";"Não";7;0;5;0;1;1;5;2;-8,65745602;-63,99521824;"SPRF-RO";"DEL01-RO";"UOP01-DEL01-RO"
474397;2022-09-14;"quarta-feira";"17:40:00";"MG";381;531;"ITATIAIUCU";"Velocidade Incompatível";"Capotamento";"Sem Vítimas";"Anoitecer";"Crescente";"Nublado";"Dupla";"Curva";"Não";1;0;0;0;1;0;0;1;-20,18182886;-44,37895835;"SPRF-MG";"DEL04-MG";"UOP03-DEL04-MG"
474399;2022-09-14;"quarta-feira";"18:10:00";"RJ";101;203;"CASIMIRO DE ABREU";"Condutor deixou de manter distância do veículo da frente";"Colisão traseira";"Sem Vítimas";"Plena Noite";"Decrescente";"Nublado";"Dupla";"Reta;Retorno Regulamentado";"Não";2;0;0;0;2;0;0;2;-22,47557761;-42,17219006;"SPRF-RJ";"DEL08-RJ";"UOP04-DEL08-RJ"
474400;2022-09-14;"quarta-feira";"17:50:00";"MA";135;9;"SAO LUIS";"Retorno proibido";"Colisão transversal";"Com Vítimas Feridas";"Pleno dia";"Crescente";"Céu Claro";"Dupla";"Reta";"Sim";2;0;1;0;1;0;1;2;-2,64941425;-44,28038883;"SPRF-MA";"DEL01-MA";"UOP01-DEL01-MA"
474402;2022-09-14;"quarta-feira";"18:20:00";"RJ";116;69;"TERESOPOLIS";"Deficiência do Sistema de Iluminação/Sinalização";"Colisão transversal";"Com Vítimas Feridas";"Anoitecer";"Crescente";"Nublado";"Simples";"Reta";"Não";2;0;1;0;1;0;1;2;-22,31419012;-42,93731689;"SPRF-RJ";"DEL04-RJ";"UOP01-DEL04-RJ"
474405;2022-09-14;"quarta-feira";"17:20:00";"SC";101;341,4;"TUBARAO";"Velocidade Incompatível";"Colisão transversal";"Com Vítimas Feridas";"Pleno dia";"Decrescente";"Nublado";"Múltipla";"Viaduto";"Sim";3;0;1;1;1;0;2;2;-28,52515853;-49,05632079;"SPRF-SC";"DEL02-SC";"UOP01-DEL02-SC"
474406;2022-09-14;"quarta-feira";"17:30:00";"MA";135;10;"SAO LUIS";"Avarias e/ou desgaste excessivo no pneu";"Queda de ocupante de veículo";"Com Vítimas Feridas";"Pleno dia";"Crescente";"Céu Claro";"Dupla";"Reta";"Sim";2;0;2;0;0;0;2;1;-2,655912;-44,28629098;"SPRF-MA";"DEL01-MA";"UOP01-DEL01-MA"
474407;2022-09-14;"quarta-feira";"18:15:00";"SP";153;61,4;"SAO JOSE DO RIO PRETO";"Ausência de reação do condutor";"Colisão traseira";"Com Vítimas Feridas";"Anoitecer";"Decrescente";"Céu Claro";"Dupla";"Reta";"Sim";3;0;1;0;2;0;1;2;-20,80502876;-49,35574909;"SPRF-SP";"DEL09-SP";"UOP01-DEL09-SP"
474408;2022-09-09;"sexta-feira";"16:25:00";"MS";60;510;"MARACAJU";"Curva acentuada";"Saída de leito carroçável";"Com Vítimas Feridas";"Pleno dia";"Crescente";"Céu Claro";"Simples";"Curva";"Não";1;0;0;1;0;0;1;1;-21,19480474;-55,57961077;"SPRF-MS";"DEL05-MS";"UOP01-DEL05-MS"
474411;2022-09-14;"quarta-feira";"18:40:00";"RS";101;19;"TRES CACHOEIRAS";"Acessar a via sem observar a presença dos outros veículos";"Colisão frontal";"Com Vítimas Feridas";"Plena Noite";"Crescente";"Céu Claro";"Simples";"Interseção de Vias";"Sim";3;0;1;0;2;0;1;2;-29,42307528;-49,87816774;"SPRF-RS";"DEL03-RS";"UOP02-DEL03-RS"
474412;2022-09-14;"quarta-feira";"17:30:00";"PA";316;61,5;"CASTANHAL";"Reação tardia ou ineficiente do condutor";"Colisão lateral mesmo sentido";"Com Vítimas Feridas";"Anoitecer";"Crescente";"Céu Claro";"Dupla";"Curva";"Sim";2;0;1;0;1;0;1;2;-1,29686015;-47,94639002;"SPRF-PA";"DEL01-PA";"UOP01-DEL01-PA"
474416;2022-08-15;"segunda-feira";"14:10:00";"RJ";40;85;"PETROPOLIS";"Pista Escorregadia";"Tombamento";"Com Vítimas Feridas";"Pleno dia";"Decrescente";"Céu Claro";"Simples";"Reta";"Não";1;0;1;0;0;0;1;1;-22,52850694;-43,2349802;"SPRF-RJ";"DEL06-RJ";"UOP01-DEL06-RJ"
474417;2022-09-14;"quarta-feira";"19:50:00";"SP";116;224;"GUARULHOS";"Pista Escorregadia";"Queda de ocupante de veículo";"Com Vítimas Feridas";"Plena Noite";"Decrescente";"Chuva";"Dupla";"Reta";"Sim";3;0;2;0;1;0;2;2;-23,48071896;-46,53271603;"SPRF-SP";"DEL01-SP";"UOP01-DEL01-SP"
474418;2022-09-14;"quarta-feira";"19:25:00";"RJ";101;109;"DUQUE DE CAXIAS";"Pista Escorregadia";"Queda de ocupante de veículo";"Com Vítimas Feridas";"Plena Noite";"Decrescente";"Nublado";"Dupla";"Retorno Regulamentado";"Não";1;0;1;0;0;0;1;1;-22,67117162;-43,28486865;"SPRF-RJ";"DEL08-RJ";"UOP02-DEL08-RJ"
474419;2022-09-14;"quarta-feira";"18:10:00";"RJ";101;276;"TANGUA";"Ausência de reação do condutor";"Saída de leito carroçável";"Sem Vítimas";"Anoitecer";"Crescente";"Nublado";"Dupla";"Reta";"Sim";1;0;0;0;1;0;0;1;-22,73796393;-42,73871802;"SPRF-RJ";"DEL02-RJ";"UOP03-DEL02-RJ"
474420;2022-09-14;"quarta-feira";"19:50:00";"PE";101;29;"IGARASSU";"Ausência de reação do condutor";"Colisão com objeto";"Com Vítimas Feridas";"Plena Noite";"Decrescente";"Nublado";"Dupla";"Reta";"Não";3;0;2;1;0;0;3;1;-7,72939697;-34,94185854;"SPRF-PE";"DEL01-PE";"UOP02-DEL01-PE"
474421;2022-09-14;"quarta-feira";"20:00:00";"ES";101;265,6;"SERRA";"Manobra de mudança de faixa";"Queda de ocupante de veículo";"Com Vítimas Feridas";"Plena Noite";"Decrescente";"Céu Claro";"Dupla";"Reta";"Sim";2;0;0;2;0;0;2;1;-20,1816849;-40,26536036;"SPRF-ES";"DEL02-ES";"UOP01-DEL02-ES"
474422;2022-09-14;"quarta-feira";"18:40:00";"MA";222;674;"ACAILANDIA";"Transitar no acostamento";"Colisão transversal";"Com Vítimas Feridas";"Anoitecer";"Decrescente";"Céu Claro";"Simples";"Reta";"Sim";2;0;1;0;1;0;1;2;-4,95645869;-47,49316877;"SPRF-MA";"DEL04-MA";"UOP03-DEL04-MA"
474423;2022-09-14;"quarta-feira";"19:25:00";"AL";316;156;"PALMEIRA DOS INDIOS";"Desrespeitar a preferência no cruzamento";"Colisão frontal";"Com Vítimas Feridas";"Plena Noite";"Crescente";"Céu Claro";"Simples";"Reta";"Sim";2;0;0;1;0;1;1;2;-9,42150066;-36,62537421;"SPRF-AL";"DEL03-AL";"UOP01-DEL03-AL"