"id";"data_inversa";"dia_semana";"horario";"uf";"br";"km";"municipio";"causa_acidente";"tipo_acidente";"classificacao_acidente";"fase_dia";"sentido_via";"condicao_metereologica";"tipo_pista";"tracado_via";"uso_solo";"pessoas";"mortos";"feridos_leves";"feridos_graves";"ilesos";"ignorados";"feridos";"veiculos";"latitude";"longitude";"regional";"delegacia";"uop"
474424;2022-09-14;"quarta-feira";"19:30:00";"SP";116;169;"JACAREI";"Ausência de reação do condutor";"Colisão com objeto";"Com Vítimas Feridas";"Plena Noite";"Decrescente";"Garoa/Chuvisco";"Dupla";"Reta";"Sim";1;0;1;0;0;0;1;1;-23,307652;-46,045128;"SPRF-SP";"DEL02-SP";"UOP01-DEL02-SP"
474425;2022-09-14;"quarta-feira";"20:08:00";"PB";230;138,5;"CAMPINA GRANDE";"Pedestre andava na pista";"Atropelamento de Pedestre";"Com Vítimas Fatais";"Plena Noite";"Decrescente";"Céu Claro";"Dupla";"Reta";"Não";2;1;0;0;1;0;0;2;-7,2755;-35,7831;"SPRF-PB";"DEL02-PB";"UOP01-DEL02-PB"
474426;2022-09-14;"quarta-feira";"19:05:00";"MG";262;705,3;"ARAXA";"Ultrapassagem Indevida";"Colisão lateral mesmo sentido";"Com Vítimas Fatais";"Plena Noite";"Decrescente";"Céu Claro";"Simples";"Declive";"Não";7;3;3;0;1;0;3;2;-19,58493101;-47,06898093;"SPRF-MG";"DEL08-MG";"UOP01-DEL08-MG"
474427;2022-09-14;"quarta-feira";"19:30:00";"RS";392;66;"PELOTAS";"Desrespeitar a preferência no cruzamento";"Colisão transversal";"Com Vítimas Feridas";"Plena Noite";"Decrescente";"Céu Claro";"Simples";"Interseção de Vias";"Sim";3;0;1;0;2;0;1;2;-31,7627503;-52,39165019;"SPRF-RS";"DEL07-RS";"UOP01-DEL07-RS"
474428;2022-09-14;"quarta-feira";"18:50:00";"PR";376;169;"MARINGA";"Manobra de mudança de faixa";"Saída de leito carroçável";"Sem Vítimas";"Plena Noite";"Crescente";"Chuva";"Dupla";"Reta";"Não";1;0;0;0;1;0;0;1;-23,40560059;-51,99382782;"SPRF-PR";"DEL09-PR";"UOP01-DEL09-PR"
474429;2022-09-14;"quarta-feira";"19:15:00";"MG";50;176;"UBERABA";"Ausência de reação do condutor";"Saída de leito carroçável";"Com Vítimas Feridas";"Plena Noite";"Crescente";"Céu Claro";"Dupla";"Reta";"Sim";2;0;2;0;0;0;2;1;-19,77919981;-47,960032;"SPRF-MG";"DEL13-MG";"UOP01-DEL13-MG"
474434;2022-09-14;"quarta-feira";"18:10:00";"MT";364;436;"VARZEA GRANDE";"Acessar a via sem observar a presença dos outros veículos";"Colisão transversal";"Sem Vítimas";"Plena Noite";"Decrescente";"Céu Claro";"Dupla";"Reta";"Sim";5;0;0;0;5;0;0;2;-15,638146;-56,12082;"SPRF-MT";"DEL01-MT";"UOP02-DEL01-MT"
474435;2022-09-14;"quarta-feira";"21:15:00";"SP";116;445,5;"REGISTRO";"Condutor deixou de manter distância do veículo da frente";"Colisão traseira";"Sem Vítimas";"Plena Noite";"Decrescente";"Chuva";"Dupla";"Reta";"Sim";2;0;0;0;2;0;0;2;-24,49790715;-47,84208686;"SPRF-SP";"DEL05-SP";"UOP01-DEL05-SP"
474436;2022-09-14;"quarta-feira";"20:10:00";"PA";230;124;"MARABA";"Demais falhas mecânicas ou elétricas";"Colisão lateral sentido oposto";"Com Vítimas Feridas";"Plena Noite";"Crescente";"Ignorado";"Simples";"Reta";"Sim";2;0;1;0;1;0;1;2;-5,37407079;-49,13575802;"SPRF-PA";"DEL03-PA";"UOP01-DEL03-PA"
474438;2022-09-14;"quarta-feira";"20:30:00";"RS";293;214;"BAGE";"Ultrapassagem Indevida";"Colisão frontal";"Com Vítimas Feridas";"Plena Noite";"Crescente";"Céu Claro";"Simples";"Reta";"Não";4;0;1;0;3;0;1;2;-31,15796178;-54,36089373;"SPRF-RS";"DEL11-RS";"UOP03-DEL11-RS"
474439;2022-09-14;"quarta-feira";"20:00:00";"RJ";116;188,5;"QUEIMADOS";"Pedestre cruzava a pista fora da faixa";"Atropelamento de Pedestre";"Com Vítimas Fatais";"Amanhecer";"Decrescente";"Garoa/Chuvisco";"Dupla";"Reta";"Não";2;1;0;0;1;0;0;2;-22,73534021;-43,55014801;"SPRF-RJ";"DEL01-RJ";"UOP02-DEL01-RJ"
474440;2022-09-14;"quarta-feira";"22:00:00";"PE";232;508;"SALGUEIRO";"Acessar a via sem observar a presença dos outros veículos";"Colisão transversal";"Com Vítimas Feridas";"Plena Noite";"Crescente";"Céu Claro";"Simples";"Reta";"Sim";3;0;1;0;0;2;1;2;-8,06223271;-39,12095006;"SPRF-PE";"DEL05-PE";"UOP01-DEL05-PE"
474442;2022-09-14;"quarta-feira";"18:15:00";"MS";60;645,7;"BELA VISTA";"Animais na Pista";"Atropelamento de Animal";"Com Vítimas Feridas";"Plena Noite";"Crescente";"Nublado";"Simples";"Reta";"Não";2;0;1;1;0;0;2;2;-21,873455;-56,320411;"SPRF-MS";"DEL05-MS";"UOP01-DEL05-MS"
474443;2022-09-14;"quarta-feira";"22:25:00";"SP";116;227,9;"SAO PAULO";"Reação tardia ou ineficiente do condutor";"Colisão com objeto";"Com Vítimas Feridas";"Plena Noite";"Decrescente";"Chuva";"Múltipla";"Declive;Reta";"Sim";26;0;8;2;16;0;10;1;-23,50307672;-46,5658862;"SPRF-SP";"DEL01-SP";"UOP01-DEL01-SP"
474444;2022-09-14;"quarta-feira";"19:55:00";"RJ";101;309;"SAO GONCALO";"Reação tardia ou ineficiente do condutor";"Colisão traseira";"Com Vítimas Feridas";"Plena Noite";"Decrescente";"Garoa/Chuvisco";"Dupla";"Reta";"Não";3;0;0;2;1;0;2;2;-22,79525242;-43,03529263;"SPRF-RJ";"DEL02-RJ";"UOP02-DEL02-RJ"
474447;2022-09-14;"quarta-feira";"20:20:00";"MG";40;41,8;"PARACATU";"Reação tardia ou ineficiente do condutor";"Colisão traseira";"Com Vítimas Feridas";"Plena Noite";"Crescente";"Céu Claro";"Simples";"Curva;Declive";"Sim";2;0;1;0;1;0;1;2;-17,21271307;-46,87295209;"SPRF-MG";"DEL14-MG";"UOP01-DEL14-MG"
474448;2022-09-14;"quarta-feira";"21:45:00";"GO";153;184,9;"CAMPINORTE";"Objeto estático sobre o leito carroçável";"Colisão com objeto";"Com Vítimas Feridas";"Pleno dia";"Crescente";"Céu Claro";"Simples";"Reta";"Não";1;0;1;0;0;0;1;1;-14,377925;-49,15807;"SPRF-GO";"DEL07-GO";"UOP02-DEL07-GO"
474451;2022-09-14;"quarta-feira";"22:50:00";"PB";230;157,4;"CAMPINA GRANDE";"Condutor deixou de manter distância do veículo da frente";"Colisão traseira";"Com Vítimas Feridas";"Plena Noite";"Crescente";"Nublado";"Dupla";"Reta";"Sim";2;0;1;0;1;0;1;2;-7,264;-35,9199;"SPRF-PB";"DEL02-PB";"UOP01-DEL02-PB"
474452;2022-09-14;"quarta-feira";"22:45:00";"MG";116;179;"PADRE PARAISO";"Desrespeitar a preferência no cruzamento";"Colisão transversal";"Com Vítimas Feridas";"Plena Noite";"Crescente";"Ignorado";"Simples";"Viaduto";"Sim";2;0;1;0;1;0;1;2;-17,0764477;-41,48612089;"SPRF-MG";"DEL11-MG";"UOP02-DEL11-MG"
474453;2022-09-15;"quinta-feira";"00:20:00";"GO";153;438;"ANAPOLIS";"Condutor Dormindo";"Saída de leito carroçável";"Com Vítimas Feridas";"Plena Noite";"Decrescente";"Céu Claro";"Simples";"Reta";"Não";1;0;0;1;0;0;1;1;-16,291595;-48,934811;"SPRF-GO";"DEL02-GO";"UOP01-DEL02-GO"
474454;2022-09-14;"quarta-feira";"23:10:00";"BA";110;155;"RIBEIRA DO POMBAL";"Demais falhas mecânicas ou elétricas";"Incêndio";"Sem Vítimas";"Anoitecer";"Decrescente";"Nublado";"Simples";"Reta";"Não";1;0;0;0;1;0;0;1;-10,72291213;-38,47853588;"SPRF-BA";"DEL07-BA";"UOP02-DEL07-BA"
474456;2022-09-15;"quinta-feira";"01:00:00";"MT";163;848;"SINOP";"Ausência de reação do condutor";"Saída de leito carroçável";"Com Vítimas Feridas";"Plena Noite";"Decrescente";"Garoa/Chuvisco";"Simples";"Reta";"Não";1;0;1;0;0;0;1;1;-11,74756715;-55,46564698;"SPRF-MT";"DEL06-MT";"NPF/DEL06-MT"
474457;2022-09-15;"quinta-feira";"01:20:00";"RN";101;115,1;"SAO JOSE DE MIPIBU";"Ingestão de álcool pelo condutor";"Saída de leito carroçável";"Sem Vítimas";"Plena Noite";"Crescente";"Céu Claro";"Dupla";"Reta";"Não";2;0;0;0;2;0;0;1;-5,99100004;-35,2639246;"SPRF-RN";"DEL01-RN";"UOP01-DEL01-RN"
474458;2022-09-15;"quinta-feira";"00:30:00";"SC";280;7,7;"SAO FRANCISCO DO SUL";"Ausência de reação do condutor";"Atropelamento de Animal";"Sem Vítimas";"Plena Noite";"Decrescente";"Garoa/Chuvisco";"Simples";"Curva;Declive";"Sim";4;0;0;0;2;2;0;4;-26,27127101;-48,64129599;"SPRF-SC";"DEL03-SC";"UOP03-DEL03-SC"
474459;2022-09-15;"quinta-feira";"02:30:00";"SC";101;416,1;"ARARANGUA";"Ausência de reação do condutor";"Capotamento";"Com Vítimas Feridas";"Plena Noite";"Decrescente";"Chuva";"Múltipla";"Reta";"Sim";1;0;1;0;0;0;1;1;-28,97355679;-49,52995062;"SPRF-SC";"DEL02-SC";"UOP02-DEL02-SC"
474461;2022-09-15;"quinta-feira";"00:05:00";"PR";153;386;"MALLET";"Reação tardia ou ineficiente do condutor";"Colisão frontal";"Com Vítimas Feridas";"Plena Noite";"Crescente";"Nublado";"Simples";"Reta";"Não";3;0;2;1;0;0;3;2;-25,84977896;-50,84052816;"SPRF-PR";"DEL02-PR";"UOP04-DEL02-PR"
474462;2022-09-15;"quinta-feira";"03:30:00";"RS";448;1;"SAPUCAIA DO SUL";"Ausência de reação do condutor";"Colisão com objeto";"Sem Vítimas";"Plena Noite";"Decrescente";"Garoa/Chuvisco";"Dupla";"Curva";"Não";1;0;0;0;0;1;0;1;-29,836086;-51,182426;"SPRF-RS";"DEL01-RS";"UOP02-DEL01-RS"
474463;2022-09-15;"quinta-feira";"04:30:00";"SC";101;93;"BARRA VELHA";"Acessar a via sem observar a presença dos outros veículos";"Queda de ocupante de veículo";"Com Vítimas Feridas";"Plena Noite";"Decrescente";"Céu Claro";"Múltipla";"Reta";"Não";1;0;1;0;0;0;1;1;-26,6899011;-48,69663873;"SPRF-SC";"DEL03-SC";"UOP02-DEL03-SC"
474464;2022-09-15;"quinta-feira";"03:50:00";"PR";376;490,6;"PONTA GROSSA";"Reação tardia ou ineficiente do condutor";"Colisão com objeto";"Sem Vítimas";"Plena Noite";"Decrescente";"Chuva";"Dupla";"Aclive";"Sim";1;0;0;0;0;1;0;1;-25,10803698;-50,19121539;"SPRF-PR";"DEL03-PR";"UOP01-DEL03-PR"
474465;2022-09-15;"quinta-feira";"04:10:00";"PR";277;36;"MORRETES";"Velocidade Incompatível";"Capotamento";"Sem Vítimas";"Plena Noite";"Decrescente";"Chuva";"Dupla";"Curva";"Não";1;0;0;0;1;0;0;1;-25,5585949;-48,80593311;"SPRF-PR";"DEL01-PR";"UOP05-DEL01-PR"
474468;2022-09-15;"quinta-feira";"02:50:00";"GO";80;143;"BARRO ALTO";"Velocidade Incompatível";"Saída de leito carroçável";"Com Vítimas Fatais";"Plena Noite";"Crescente";"Ignorado";"Simples";"Curva";"Não";2;1;1;0;0;0;1;1;-14,896417;-48,968498;"SPRF-GO";"DEL07-GO";"UOP01-DEL07-GO"
474471;2022-09-15;"quinta-feira";"05:30:00";"SP";116;99,4;"PINDAMONHANGABA";"Ausência de reação do condutor";"Colisão traseira";"Com Vítimas Feridas";"Plena Noite";"Decrescente";"Nublado";"Dupla";"Reta";"Não";2;0;1;0;0;1;1;2;-22,983816;-45,467219;"SPRF-SP";"DEL08-SP";"UOP01-DEL08-SP"
474473;2022-09-15;"quinta-feira";"02:20:00";"MS";163;182;"JUTI";"Ingestão de álcool pelo condutor";"Saída de leito carroçável";"Sem Vítimas";"Plena Noite";"Crescente";"Céu Claro";"Simples";"Curva";"Não";1;0;0;0;0;1;0;1;-22,818752;-54,700475;"SPRF-MS";"DEL09-MS";"UOP01-DEL09-MS"
474474;2022-09-15;"quinta-feira";"06:50:00";"MG";40;768,4;"JUIZ DE FORA";"Chuva";"Colisão frontal";"Sem Vítimas";"Amanhecer";"Crescente";"Chuva";"Simples";"Curva";"Sim";2;0;0;0;2;0;0;2;-21,59924304;-43,4579108;"SPRF-MG";"DEL05-MG";"UOP01-DEL05-MG"
474477;2022-09-15;"quinta-feira";"07:28:00";"DF";70;6;"BRASILIA";"Acessar a via sem observar a presença dos outros veículos";"Colisão traseira";"Com Vítimas Feridas";"Pleno dia";"Decrescente";"Céu Claro";"Dupla";"Reta";"Não";3;0;0;1;2;0;1;2;-15,791242;-48,105759;"SPRF-DF";"DEL03-DF";"UOP02-DEL03-DF"
474481;2022-09-15;"quinta-feira";"07:21:00";"DF";20;8,5;"BRASILIA";"Frear bruscamente";"Tombamento";"Com Vítimas Feridas";"Pleno dia";"Decrescente";"Céu Claro";"Dupla";"Em Obras;Retorno Regulamentado;Declive;Reta";"Sim";2;0;1;0;1;0;1;1;-15,658386;-47,791534;"SPRF-DF";"DEL02-DF";"UOP01-DEL02-DF"
474482;2022-09-15;"quinta-feira";"07:00:00";"MG";40;768,4;"JUIZ DE FORA";"Reação tardia ou ineficiente do condutor";"Colisão traseira";"Sem Vítimas";"Pleno dia";"Decrescente";"Garoa/Chuvisco";"Simples";"Curva";"Não";2;0;0;0;2;0;0;2;-21,58240015;-43,46596328;"SPRF-MG";"DEL05-MG";"UOP01-DEL05-MG"
474483;2022-09-15;"quinta-feira";"06:20:00";"MG";40;547,1;"NOVA LIMA";"Reação tardia ou ineficiente do condutor";"Tombamento";"Com Vítimas Fatais";"Amanhecer";"Decrescente";"Céu Claro";"Dupla";"Declive;Curva";"Não";2;1;1;0;0;0;1;1;-20,02252424;-43,97026042;"SPRF-MG";"DEL01-MG";"UOP02-DEL01-MG"
474484;2022-09-15;"quinta-feira";"05:20:00";"SP";116;158;"JACAREI";"Acumulo de areia ou detritos sobre o pavimento";"Colisão com objeto";"Sem Vítimas";"Amanhecer";"Crescente";"Garoa/Chuvisco";"Dupla";"Reta";"Sim";4;0;0;0;4;0;0;2;-23,26072137;-45,95179176;"SPRF-SP";"DEL02-SP";"UOP01-DEL02-SP"
474485;2022-09-15;"quinta-feira";"07:57:00";"DF";20;18,3;"BRASILIA";"Avarias e/ou desgaste excessivo no pneu";"Saída de leito carroçável";"Com Vítimas Feridas";"Pleno dia";"Crescente";"Céu Claro";"Dupla";"Reta";"Sim";1;0;1;0;0;0;1;1;-15,616901;-47,708927;"SPRF-DF";"DEL02-DF";"UOP01-DEL02-DF"
474486;2022-09-15;"quinta-feira";"06:45:00";"PR";116;17;"COLOMBO";"Reação tardia ou ineficiente do condutor";"Colisão traseira";"Com Vítimas Feridas";"Amanhecer";"Crescente";"Chuva";"Dupla";"Reta";"Sim";3;0;1;0;2;0;1;3;-25,38931832;-49,19265747;"SPRF-PR";"DEL01-PR";"UOP02-DEL01-PR"
474487;2022-09-15;"quinta-feira";"06:40:00";"RJ";101;415;"MANGARATIBA";"Acumulo de água sobre o pavimento";"Colisão com objeto";"Com Vítimas Feridas";"Pleno dia";"Crescente";"Chuva";"Dupla";"Reta";"Sim";2;0;1;0;1;0;1;1;-22,90433243;-43,88181398;"SPRF-RJ";"DEL03-RJ";"UOP01-DEL03-RJ"
474488;2022-09-15;"quinta-feira";"05:40:00";"RJ";40;91;"PETROPOLIS";"Chuva";"Saída de leito carroçável";"Com Vítimas Feridas";"Amanhecer";"Crescente";"Chuva";"Simples";"Reta";"Não";1;0;1;0;0;0;1;1;-22,54903566;-43,24229724;"SPRF-RJ";"DEL06-RJ";"UOP01-DEL06-RJ"
474490;2022-09-15;"quinta-feira";"07:50:00";"PE";232;10,1;"JABOATAO DOS GUARARAPES";"Condutor deixou de manter distância do veículo da frente";"Colisão traseira";"Com Vítimas Feridas";"Pleno dia";"Decrescente";"Céu Claro";"Dupla";"Reta;Em Obras;Interseção de Vias";"Sim";3;0;1;1;1;0;2;2;-8,07917241;-34,98718609;"SPRF-PE";"DEL01-PE";"UOP01-DEL01-PE"
474492;2022-09-15;"quinta-feira";"08:20:00";"RS";116;266;"CANOAS";"Entrada inopinada do pedestre";"Atropelamento de Pedestre";"Com Vítimas Feridas";"Pleno dia";"Crescente";"Céu Claro";"Dupla";"Reta";"Sim";3;0;1;0;1;1;1;2;-29,93242399;-51,17742077;"SPRF-RS";"DEL01-RS";"UOP01-DEL01-RS"
474494;2022-09-15;"quinta-feira";"08:30:00";"SP";116;143;"SAO JOSE DOS CAMPOS";"Manobra de mudança de faixa";"Colisão lateral mesmo sentido";"Com Vítimas Feridas";"Pleno dia";"Crescente";"Chuva";"Dupla";"Reta";"Sim";2;0;0;1;1;0;1;2;-23,17849879;-45,83787411;"SPRF-SP";"DEL02-SP";"UOP01-DEL02-SP"
474497;2022-09-15;"quinta-feira";"08:50:00";"PB";230;23;"JOAO PESSOA";"Condutor deixou de manter distância do veículo da frente";"Colisão traseira";"Com Vítimas Feridas";"Pleno dia";"Decrescente";"Céu Claro";"Dupla";"Viaduto;Reta;Aclive";"Sim";2;0;1;0;0;1;1;2;-7,1562;-34,8574;"SPRF-PB";"DEL01-PB";"UOP01-DEL01-PB"
474498;2022-09-15;"quinta-feira";"08:45:00";"ES";101;268;"SERRA";"Pedestre cruzava a pista fora da faixa";"Atropelamento de Pedestre";"Com Vítimas Feridas";"Pleno dia";"Crescente";"Nublado";"Múltipla";"Reta";"Sim";2;0;0;1;1;0;1;2;-20,21740496;-40,26990578;"SPRF-ES";"DEL02-ES";"UOP01-DEL02-ES"
474500;2022-09-15;"quinta-feira";"08:45:00";"MG";40;828;"SIMAO PEREIRA";"Velocidade Incompatível";"Colisão com objeto";"Com Vítimas Feridas";"Pleno dia";"Crescente";"Garoa/Chuvisco";"Dupla";"Curva";"Não";1;0;0;1;0;0;1;1;-21,99767805;-43,28660485;"SPRF-MG";"DEL05-MG";"UOP01-DEL05-MG"
474502;2022-09-15;"quinta-feira";"09:15:00";"RJ";393;106;"SAPUCAIA";"Demais falhas mecânicas ou elétricas";"Incêndio";"Sem Vítimas";"Pleno dia";"Crescente";"Chuva";"Simples";"Reta";"Sim";1;0;0;0;1;0;0;1;-21,887946;-42,699075;"SPRF-RJ";"DEL05-RJ";"UOP01-DEL05-RJ"
474503;2022-09-15;"quinta-feira";"06:10:00";"MG";40;510;"RIBEIRAO DAS NEVES";"Trafegar com motocicleta (ou similar) entre as faixas";"Colisão traseira";"Com Vítimas Feridas";"Pleno dia";"Crescente";"Céu Claro";"Dupla";"Reta;Aclive";"Sim";2;0;0;1;1;0;1;2;-19,776636;-44,121931;"SPRF-MG";"DEL01-MG";"UOP02-DEL01-MG"
474508;2022-09-15;"quinta-feira";"07:50:00";"BA";242;785;"BARREIRAS";"Acessar a via sem observar a presença dos outros veículos";"Colisão lateral sentido oposto";"Com Vítimas Feridas";"Amanhecer";"Crescente";"Céu Claro";"Simples";"Declive;Reta";"Sim";7;0;0;1;5;1;1;3;-12,14024219;-44,75403301;"SPRF-BA";"DEL10-BA";"UOP01-DEL10-BA"
474509;2022-09-15;"quinta-feira";"08:30:00";"MG";146;398,6;"GUAXUPE";"Velocidade Incompatível";"Saída de leito carroçável";"Com Vítimas Feridas";"Pleno dia";"Decrescente";"Chuva";"Simples";"Curva;Declive";"Não";1;0;0;1;0;0;1;1;-21,29658;-46,675811;"SPRF-MG";"DEL09-MG";"UOP01-DEL09-MG"
474510;2022-09-15;"quinta-feira";"07:00:00";"RJ";101;423;"MANGARATIBA";"Ausência de reação do condutor";"Saída de leito carroçável";"Com Vítimas Feridas";"Pleno dia";"Decrescente";"Chuva";"Simples";"Curva";"Não";1;0;1;0;0;0;1;1;-22,91801286;-43,94820686;"SPRF-RJ";"DEL03-RJ";"UOP02-DEL03-RJ"
474512;2022-09-15;"quinta-feira";"09:40:00";"GO";0;0;"FORMOSA";"Velocidade Incompatível";"Colisão transversal";"Sem Vítimas";"Pleno dia";"Não Informado";"Sol";"Simples";"Em Obras";"Sim";4;0;0;0;4;0;0;2;-15,54887776;-47,28768826;"SPRF-DF";"DEL02-DF";"UOP01-DEL02-DF"
474514;2022-09-15;"quinta-feira";"10:40:00";"RS";116;261;"CANOAS";"Ausência de reação do condutor";"Colisão traseira";"Com Vítimas Feridas";"Pleno dia";"Decrescente";"Nublado";"Dupla";"Reta";"Sim";1;0;1;0;0;0;1;1;-29,887983;-51,17901;"SPRF-RS";"DEL01-RS";"UOP01-DEL01-RS"
474515;2022-09-15;"quinta-feira";"10:00:00";"RJ";40;74;"PETROPOLIS";"Velocidade Incompatível";"Colisão lateral mesmo sentido";"Com Vítimas Feridas";"Pleno dia";"Decrescente";"Chuva";"Simples";"Curva;Declive";"Não";3;0;1;1;1;0;2;2;-22,47510129;-43,21778644;"SPRF-RJ";"DEL06-RJ";"UOP01-DEL06-RJ"
474516;2022-09-15;"quinta-feira";"09:26:00";"MS";262;558,5;"MIRANDA";"Acessar a via sem observar a presença dos outros veículos";"Colisão transversal";"Com Vítimas Feridas";"Pleno dia";"Crescente";"Nublado";"Simples";"Rotatória";"Não";3;0;1;0;2;0;1;2;-20,234459;-56,375786;"SPRF-MS";"DEL03-MS";"UOP02-DEL03-MS"
474517;2022-07-29;"sexta-feira";"10:45:00";"SC";282;94;"ALFREDO WAGNER";"Condutor deixou de manter distância do veículo da frente";"Colisão traseira";"Com Vítimas Feridas";"Pleno dia";"Crescente";"Céu Claro";"Simples";"Reta";"Não";2;0;0;1;1;0;1;2;-27,710436;-49,245926;"SPRF-SC";"DEL01-SC";"UOP03-DEL01-SC"
474518;2022-09-15;"quinta-feira";"10:35:00";"PR";163;268;"TOLEDO";"Acessar a via sem observar a presença dos outros veículos";"Colisão traseira";"Com Vítimas Feridas";"Pleno dia";"Crescente";"Céu Claro";"Dupla";"Retorno Regulamentado";"Não";2;0;1;0;1;0;1;2;-24,62817069;-53,88860091;"SPRF-PR";"DEL06-PR";"UOP02-DEL06-PR"
474520;2022-09-15;"quinta-feira";"10:30:00";"BA";101;219;"CRUZ DAS ALMAS";"Frear bruscamente";"Colisão traseira";"Sem Vítimas";"Pleno dia";"Decrescente";"Céu Claro";"Simples";"Reta";"Sim";2;0;0;0;2;0;0;2;-12,649732;-39,11866;"SPRF-BA";"DEL01-BA";"UOP02-DEL01-BA"
474521;2022-09-15;"quinta-feira";"08:00:00";"BA";101;504;"ITABUNA";"Demais falhas mecânicas ou elétricas";"Saída de leito carroçável";"Sem Vítimas";"Pleno dia";"Decrescente";"Céu Claro";"Simples";"Declive;Reta";"Não";1;0;0;0;1;0;0;1;-14,94042206;-39,30397277;"SPRF-BA";"DEL05-BA";"UOP01-DEL05-BA"
474522;2022-09-15;"quinta-feira";"11:30:00";"CE";222;2;"FORTALEZA";"Manobra de mudança de faixa";"Colisão transversal";"Com Vítimas Feridas";"Pleno dia";"Crescente";"Céu Claro";"Múltipla";"Interseção de Vias;Retorno Regulamentado;Reta";"Sim";4;0;0;2;2;0;2;2;-3,73915336;-38,58769655;"SPRF-CE";"DEL01-CE";"UOP01-DEL01-CE"
474524;2022-09-15;"quinta-feira";"11:00:00";"RJ";116;86;"TERESOPOLIS";"Avarias e/ou desgaste excessivo no pneu";"Saída de leito carroçável";"Com Vítimas Feridas";"Pleno dia";"Crescente";"Nublado";"Simples";"Curva";"Não";1;0;1;0;0;0;1;1;-22,43671224;-42,94971377;"SPRF-RJ";"DEL04-RJ";"UOP01-DEL04-RJ"
474526;2022-09-06;"terça-feira";"05:30:00";"PR";163;100,3;"CAPANEMA";"Ausência de reação do condutor";"Saída de leito carroçável";"Com Vítimas Fatais";"Amanhecer";"Crescente";"Garoa/Chuvisco";"Simples";"Reta";"Não";2;1;0;1;0;0;1;1;-25,61294339;-53,78415976;"SPRF-PR";"DEL02-PR";"UOP02-DEL02-PR"
474527;2022-09-15;"quinta-feira";"13:00:00";"PR";116;126;"FAZENDA RIO GRANDE";"Condutor deixou de manter distância do veículo da frente";"Colisão traseira";"Com Vítimas Feridas";"Pleno dia";"Decrescente";"Garoa/Chuvisco";"Dupla";"Reta";"Sim";3;0;2;0;1;0;2;3;-25,637952;-49,312946;"SPRF-PR";"DEL01-PR";"UOP03-DEL01-PR"
474529;2022-09-15;"quinta-feira";"10:30:00";"RJ";116;277;"BARRA MANSA";"Pista Escorregadia";"Saída de leito carroçável";"Com Vítimas Feridas";"Pleno dia";"Decrescente";"Garoa/Chuvisco";"Dupla";"Reta";"Sim";2;0;2;0;0;0;2;1;-22,522;-44,204;"SPRF-RJ";"DEL07-RJ";"UOP02-DEL07-RJ"
474531;2022-05-22;"domingo";"21:25:00";"PA";230;121;"MARABA";"Condutor desrespeitou a iluminação vermelha do semáforo";"Colisão transversal";"Com Vítimas Feridas";"Plena Noite";"Crescente";"Nublado";"Simples";"Interseção de Vias";"Sim";3;0;0;1;2;0;1;2;-5,35297407;-49,12143673;"SPRF-PA";"DEL03-PA";"UOP01-DEL03-PA"
474532;2022-08-10;"quarta-feira";"07:50:00";"PI";407;420;"PICOS";"Ausência de reação do condutor";"Atropelamento de Pedestre";"Com Vítimas Feridas";"Pleno dia";"Crescente";"Céu Claro";"Simples";"Reta";"Sim";2;0;1;0;0;1;1;2;-7,08046946;-41,45903631;"SPRF-PI";"DEL04-PI";"UOP01-DEL04-PI"
474533;2022-09-06;"terça-feira";"15:30:00";"CE";116;12;"FORTALEZA";"Acessar a via sem observar a presença dos outros veículos";"Colisão lateral mesmo sentido";"Com Vítimas Feridas";"Pleno dia";"Crescente";"Céu Claro";"Múltipla";"Reta";"Sim";3;0;0;1;2;0;1;2;-3,852077;-38,495525;"SPRF-CE";"DEL01-CE";"UOP02-DEL01-CE"
474534;2022-09-15;"quinta-feira";"10:50:00";"GO";153;377,2;"JARAGUA";"Conversão proibida";"Saída de leito carroçável";"Com Vítimas Feridas";"Pleno dia";"Decrescente";"Céu Claro";"Simples";"Reta";"Não";6;0;4;0;2;0;4;1;-15,58958308;-49,41069695;"SPRF-GO";"DEL02-GO";"UOP02-DEL02-GO"
474538;2022-09-15;"quinta-feira";"11:00:00";"MG";116;206,9;"CARAI";"Ausência de reação do condutor";"Colisão traseira";"Com Vítimas Feridas";"Pleno dia";"Decrescente";"Céu Claro";"Simples";"Reta;Aclive";"Sim";2;0;0;1;1;0;1;2;-17,29125695;-41,51824456;"SPRF-MG";"DEL11-MG";"UOP01-DEL11-MG"
474539;2022-09-15;"quinta-feira";"11:30:00";"PR";467;107,4;"CASCAVEL";"Condutor deixou de manter distância do veículo da frente";"Colisão traseira";"Com Vítimas Feridas";"Pleno dia";"Decrescente";"Céu Claro";"Simples";"Interseção de Vias";"Não";2;0;1;0;1;0;1;2;-24,9209;-53,4764;"SPRF-PR";"DEL04-PR";"UOP01-DEL04-PR"
474541;2022-09-15;"quinta-feira";"14:00:00";"PR";376;408,9;"TIBAGI";"Manobra de mudança de faixa";"Colisão traseira";"Com Vítimas Feridas";"Pleno dia";"Decrescente";"Chuva";"Dupla";"Reta;Declive;Interseção de Vias;Retorno Regulamentado";"Não";2;0;1;0;1;0;1;2;-24,61114645;-50,65596342;"SPRF-PR";"DEL03-PR";"UOP02-DEL03-PR"