"id";"data_inversa";"dia_semana";"horario";"uf";"br";"km";"municipio";"causa_acidente";"tipo_acidente";"classificacao_acidente";"fase_dia";"sentido_via";"condicao_metereologica";"tipo_pista";"tracado_via";"uso_solo";"pessoas";"mortos";"feridos_leves";"feridos_graves";"ilesos";"ignorados";"feridos";"veiculos";"latitude";"longitude";"regional";"delegacia";"uop"
474542;2022-09-15;"quinta-feira";"12:10:00";"PR";277;285;"PRUDENTOPOLIS";"Reação tardia ou ineficiente do condutor";"Atropelamento de Pedestre";"Com Vítimas Fatais";"Pleno dia";"Crescente";"Nublado";"Simples";"Reta";"Não";2;1;0;0;1;0;0;2;-25,321511;-50,967701;"SPRF-PR";"DEL08-PR";"UOP02-DEL08-PR"
474543;2022-09-15;"quinta-feira";"14:45:00";"RJ";116;76;"TERESOPOLIS";"Entrada inopinada do pedestre";"Atropelamento de Pedestre";"Com Vítimas Feridas";"Pleno dia";"Crescente";"Nublado";"Simples";"Reta";"Não";2;0;1;0;1;0;1;2;-22,3518209;-42,9409968;"SPRF-RJ";"DEL04-RJ";"UOP01-DEL04-RJ"
474544;2022-09-15;"quinta-feira";"13:50:00";"MG";116;147;"PONTO DOS VOLANTES";"Acesso irregular";"Colisão traseira";"Com Vítimas Feridas";"Pleno dia";"Crescente";"Céu Claro";"Dupla";"Reta";"Não";3;0;0;2;1;0;2;2;-16,82766499;-41,47435201;"SPRF-MG";"DEL11-MG";"UOP02-DEL11-MG"
474545;2022-09-15;"quinta-feira";"13:45:00";"RS";116;37,9;"VACARIA";"Entrada inopinada do pedestre";"Atropelamento de Pedestre";"Com Vítimas Feridas";"Pleno dia";"Crescente";"Nublado";"Simples";"Reta";"Sim";2;0;1;0;1;0;1;2;-28,5052791;-50,92497826;"SPRF-RS";"DEL05-RS";"UOP03-DEL05-RS"
474547;2022-09-15;"quinta-feira";"13:50:00";"PE";232;131,8;"CARUARU";"Demais falhas mecânicas ou elétricas";"Eventos atípicos";"Com Vítimas Feridas";"Pleno dia";"Decrescente";"Sol";"Dupla";"Reta";"Sim";3;0;1;0;2;0;1;2;-8,30117613;-35,99843996;"SPRF-PE";"DEL02-PE";"UOP01-DEL02-PE"
474548;2022-09-15;"quinta-feira";"14:20:00";"ES";259;51,3;"COLATINA";"Condutor deixou de manter distância do veículo da frente";"Colisão traseira";"Com Vítimas Feridas";"Pleno dia";"Crescente";"Sol";"Simples";"Aclive;Curva";"Não";2;0;1;0;0;1;1;2;-19,50152751;-40,61914802;"SPRF-ES";"DEL02-ES";"UOP01-DEL02-ES"
474549;2022-09-15;"quinta-feira";"12:10:00";"PA";230;122;"MARABA";"Acessar a via sem observar a presença dos outros veículos";"Colisão transversal";"Com Vítimas Feridas";"Pleno dia";"Decrescente";"Céu Claro";"Dupla";"Retorno Regulamentado;Reta";"Sim";3;0;1;1;1;0;2;2;-5,36137537;-49,12376139;"SPRF-PA";"DEL03-PA";"UOP01-DEL03-PA"
474550;2022-09-15;"quinta-feira";"15:10:00";"MG";262;354,5;"BETIM";"Ausência de reação do condutor";"Queda de ocupante de veículo";"Com Vítimas Feridas";"Pleno dia";"Decrescente";"Céu Claro";"Simples";"Declive";"Não";1;0;0;1;0;0;1;1;-19,98063;-44,21229;"SPRF-MG";"DEL01-MG";"UOP03-DEL01-MG"
474552;2022-09-15;"quinta-feira";"14:45:00";"AL";316;268,5;"SATUBA";"Velocidade Incompatível";"Colisão com objeto";"Com Vítimas Feridas";"Pleno dia";"Crescente";"Sol";"Simples";"Reta";"Não";1;0;1;0;0;0;1;1;-9,58021969;-35,83876014;"SPRF-AL";"DEL02-AL";"UOP01-DEL02-AL"
474554;2022-09-15;"quinta-feira";"14:30:00";"BA";116;14,6;"VITORIA DA CONQUISTA";"Transitar no acostamento";"Colisão lateral mesmo sentido";"Com Vítimas Feridas";"Pleno dia";"Crescente";"Céu Claro";"Simples";"Viaduto";"Não";3;0;0;1;0;2;1;3;-14,895826;-40,861399;"SPRF-BA";"DEL08-BA";"UOP01-DEL08-BA"
474555;2022-09-15;"quinta-feira";"15:16:00";"PR";369;195,7;"ARAPONGAS";"Acessar a via sem observar a presença dos outros veículos";"Colisão transversal";"Com Vítimas Fatais";"Pleno dia";"Crescente";"Nublado";"Dupla";"Reta";"Não";2;1;0;0;1;0;0;2;-23,50383722;-51,42480254;"SPRF-PR";"DEL07-PR";"UOP03-DEL07-PR"
474556;2022-09-15;"quinta-feira";"15:50:00";"SP";116;146;"SAO JOSE DOS CAMPOS";"Acumulo de areia ou detritos sobre o pavimento";"Queda de ocupante de veículo";"Com Vítimas Feridas";"Pleno dia";"Crescente";"Garoa/Chuvisco";"Múltipla";"Curva";"Sim";2;0;1;1;0;0;2;1;-23,19122919;-45,86327591;"SPRF-SP";"DEL02-SP";"UOP01-DEL02-SP"
474558;2022-09-15;"quinta-feira";"15:53:00";"ES";101;146,8;"LINHARES";"Ausência de reação do condutor";"Colisão traseira";"Com Vítimas Feridas";"Pleno dia";"Crescente";"Céu Claro";"Dupla";"Reta";"Sim";2;0;1;0;1;0;1;2;-19,36990998;-40,06560718;"SPRF-ES";"DEL04-ES";"UOP01-DEL04-ES"
474562;2022-09-15;"quinta-feira";"13:45:00";"PR";277;74;"SAO JOSE DOS PINHAIS";"Ausência de reação do condutor";"Saída de leito carroçável";"Com Vítimas Feridas";"Pleno dia";"Crescente";"Chuva";"Dupla";"Reta";"Sim";1;0;0;1;0;0;1;1;-25,49848501;-49,15755272;"SPRF-PR";"DEL01-PR";"UOP01-DEL01-PR"
474565;2022-06-14;"terça-feira";"09:30:00";"SC";101;226;"PALHOCA";"Velocidade Incompatível";"Colisão lateral mesmo sentido";"Com Vítimas Feridas";"Pleno dia";"Decrescente";"Céu Claro";"Dupla";"Reta";"Não";3;0;2;0;0;1;2;2;-27,74200001;-48,63806504;"SPRF-SC";"DEL01-SC";"UOP02-DEL01-SC"
474566;2022-09-15;"quinta-feira";"15:30:00";"PI";343;234;"COCAL DE TELHA";"Velocidade Incompatível";"Capotamento";"Com Vítimas Feridas";"Pleno dia";"Crescente";"Garoa/Chuvisco";"Simples";"Reta";"Não";1;0;1;0;0;0;1;1;-4,62288;-42,010532;"SPRF-PI";"DEL01-PI";"UOP03-DEL01-PI"
474568;2022-09-15;"quinta-feira";"17:25:00";"PR";116;43;"CAMPINA GRANDE DO SUL";"Pista Escorregadia";"Capotamento";"Com Vítimas Feridas";"Pleno dia";"Crescente";"Garoa/Chuvisco";"Dupla";"Curva";"Não";2;0;1;0;1;0;1;1;-25,18101149;-48,88196442;"SPRF-PR";"DEL01-PR";"UOP02-DEL01-PR"
474570;2022-09-15;"quinta-feira";"17:20:00";"CE";222;3,6;"FORTALEZA";"Pedestre andava na pista";"Atropelamento de Pedestre";"Com Vítimas Feridas";"Anoitecer";"Crescente";"Céu Claro";"Dupla";"Reta";"Sim";3;0;0;1;2;0;1;2;-3,7403769;-38,59569202;"SPRF-CE";"DEL01-CE";"UOP01-DEL01-CE"
474571;2022-09-15;"quinta-feira";"17:15:00";"RS";392;348;"SANTA MARIA";"Acessar a via sem observar a presença dos outros veículos";"Colisão lateral mesmo sentido";"Com Vítimas Feridas";"Pleno dia";"Crescente";"Céu Claro";"Simples";"Interseção de Vias";"Não";2;0;1;0;1;0;1;2;-29,7526249;-53,7898177;"SPRF-RS";"DEL09-RS";"UOP01-DEL09-RS"
474572;2022-09-15;"quinta-feira";"18:00:00";"RS";293;2,3;"PELOTAS";"Reação tardia ou ineficiente do condutor";"Colisão traseira";"Sem Vítimas";"Pleno dia";"Crescente";"Céu Claro";"Simples";"Reta";"Sim";3;0;0;0;3;0;0;3;-31,750426;-52,35999499;"SPRF-RS";"DEL07-RS";"UOP01-DEL07-RS"
474574;2022-09-15;"quinta-feira";"17:30:00";"RO";319;64;"PORTO VELHO";"Manobra de mudança de faixa";"Colisão lateral mesmo sentido";"Com Vítimas Feridas";"Anoitecer";"Decrescente";"Sol";"Dupla";"Reta";"Sim";4;0;1;0;3;0;1;2;-8,76953042;-63,88354417;"SPRF-RO";"DEL01-RO";"UOP01-DEL01-RO"
474581;2022-09-15;"quinta-feira";"18:50:00";"PE";232;175,3;"BELO JARDIM";"Condutor deixou de manter distância do veículo da frente";"Colisão traseira";"Com Vítimas Feridas";"Plena Noite";"Crescente";"Céu Claro";"Simples";"Reta";"Não";3;0;2;1;0;0;3;2;-8,342776;-36,389926;"SPRF-PE";"DEL03-PE";"UOP02-DEL03-PE"
474582;2022-09-15;"quinta-feira";"18:40:00";"GO";40;1;"VALPARAISO DE GOIAS";"Reação tardia ou ineficiente do condutor";"Atropelamento de Pedestre";"Com Vítimas Feridas";"Anoitecer";"Decrescente";"Céu Claro";"Dupla";"Reta";"Sim";6;0;2;1;1;2;3;4;-16,058245;-47,982825;"SPRF-DF";"DEL01-DF";"UOP01-DEL01-DF"
474584;2022-09-15;"quinta-feira";"19:00:00";"DF";40;3;"BRASILIA";"Transitar no acostamento";"Atropelamento de Pedestre";"Com Vítimas Feridas";"Plena Noite";"Crescente";"Céu Claro";"Dupla";"Reta";"Sim";2;0;0;1;1;0;1;2;-16,003145;-47,983944;"SPRF-DF";"DEL01-DF";"UOP01-DEL01-DF"
474587;2022-09-15;"quinta-feira";"19:20:00";"ES";101;150,5;"LINHARES";"Condutor deixou de manter distância do veículo da frente";"Colisão traseira";"Com Vítimas Feridas";"Plena Noite";"Crescente";"Céu Claro";"Simples";"Interseção de Vias";"Sim";2;0;1;0;1;0;1;2;-19,40436634;-40,06078896;"SPRF-ES";"DEL04-ES";"UOP01-DEL04-ES"
474588;2022-09-15;"quinta-feira";"19:15:00";"SC";101;434,2;"SOMBRIO";"Desrespeitar a preferência no cruzamento";"Colisão frontal";"Com Vítimas Feridas";"Plena Noite";"Crescente";"Nublado";"Simples";"Reta";"Sim";3;0;0;2;1;0;2;2;-29,09075196;-49,63226114;"SPRF-SC";"DEL02-SC";"UOP02-DEL02-SC"
474589;2022-09-15;"quinta-feira";"19:00:00";"BA";367;50;"PORTO SEGURO";"Acessar a via sem observar a presença dos outros veículos";"Colisão transversal";"Com Vítimas Feridas";"Plena Noite";"Crescente";"Céu Claro";"Simples";"Curva";"Não";2;0;0;1;1;0;1;2;-16,37330881;-39,29852716;"SPRF-BA";"DEL09-BA";"UOP03-DEL09-BA"
474591;2022-09-15;"quinta-feira";"19:30:00";"GO";60;388;"RIO VERDE";"Pista Escorregadia";"Colisão com objeto";"Com Vítimas Feridas";"Plena Noite";"Crescente";"Garoa/Chuvisco";"Múltipla";"Reta";"Sim";1;0;1;0;0;0;1;1;-17,8151;-50,9343;"SPRF-GO";"DEL04-GO";"UOP01-DEL04-GO"
474592;2022-09-15;"quinta-feira";"15:10:00";"MG";116;507,6;"UBAPORANGA";"Condutor deixou de manter distância do veículo da frente";"Atropelamento de Pedestre";"Com Vítimas Fatais";"Pleno dia";"Crescente";"Céu Claro";"Simples";"Reta";"Não";4;1;0;0;1;2;0;3;-19,61953715;-42,10872923;"SPRF-MG";"DEL06-MG";"UOP02-DEL06-MG"
474593;2022-09-15;"quinta-feira";"18:55:00";"MS";163;479,6;"CAMPO GRANDE";"Ausência de reação do condutor";"Colisão traseira";"Com Vítimas Feridas";"Plena Noite";"Crescente";"Nublado";"Simples";"Reta";"Sim";2;0;0;1;0;1;1;2;-20,487322;-54,55929095;"SPRF-MS";"DEL01-MS";"UOP01-DEL01-MS"
474597;2022-09-15;"quinta-feira";"20:13:00";"PE";101;58,6;"RECIFE";"Condutor deixou de manter distância do veículo da frente";"Colisão traseira";"Com Vítimas Feridas";"Plena Noite";"Decrescente";"Céu Claro";"Dupla";"Reta";"Não";2;0;0;1;1;0;1;2;-7,97063209;-34,92064675;"SPRF-PE";"DEL01-PE";"UOP02-DEL01-PE"
474598;2022-09-15;"quinta-feira";"20:15:00";"SP";116;217;"GUARULHOS";"Ausência de reação do condutor";"Colisão traseira";"Com Vítimas Feridas";"Plena Noite";"Crescente";"Céu Claro";"Múltipla";"Reta";"Sim";5;0;3;0;1;1;3;3;-23,45423824;-46,47119028;"SPRF-SP";"DEL01-SP";"UOP01-DEL01-SP"
474599;2022-09-15;"quinta-feira";"19:20:00";"AL";110;7;"DELMIRO GOUVEIA";"Pista esburacada";"Saída de leito carroçável";"Com Vítimas Feridas";"Plena Noite";"Crescente";"Céu Claro";"Simples";"Reta";"Não";1;0;0;1;0;0;1;1;-9,35297401;-38,17903606;"SPRF-BA";"DEL07-BA";"UOP01-DEL07-BA"
474600;2022-09-15;"quinta-feira";"15:20:00";"PI";316;259;"IPIRANGA DO PIAUI";"Conversão proibida";"Colisão traseira";"Sem Vítimas";"Pleno dia";"Crescente";"Céu Claro";"Simples";"Reta";"Não";3;0;0;0;3;0;0;1;-6,81961598;-41,73781153;"SPRF-PI";"DEL04-PI";"UOP02-DEL04-PI"
474601;2022-09-15;"quinta-feira";"19:15:00";"GO";60;31;"ALEXANIA";"Ingestão de álcool pelo condutor";"Colisão traseira";"Sem Vítimas";"Plena Noite";"Decrescente";"Chuva";"Dupla";"Reta";"Sim";2;0;0;0;2;0;0;2;-16,0963;-48,5202;"SPRF-DF";"DEL03-DF";"UOP01-DEL03-DF"
474602;2022-09-15;"quinta-feira";"20:45:00";"ES";101;144,2;"LINHARES";"Acessar a via sem observar a presença dos outros veículos";"Colisão transversal";"Com Vítimas Feridas";"Plena Noite";"Crescente";"Céu Claro";"Dupla";"Interseção de Vias";"Sim";2;0;2;0;0;0;2;2;-19,35188295;-40,0636685;"SPRF-ES";"DEL04-ES";"UOP01-DEL04-ES"
474603;2022-09-15;"quinta-feira";"15:30:00";"MG";381;201;"PERIQUITO";"Acesso irregular";"Colisão com objeto";"Sem Vítimas";"Pleno dia";"Crescente";"Céu Claro";"Simples";"Reta";"Sim";2;0;0;0;1;1;0;2;-19,18021145;-42,25981359;"SPRF-MG";"DEL06-MG";"UOP01-DEL06-MG"
474604;2022-09-15;"quinta-feira";"18:30:00";"RO";319;58;"PORTO VELHO";"Acessar a via sem observar a presença dos outros veículos";"Colisão lateral mesmo sentido";"Com Vítimas Feridas";"Anoitecer";"Decrescente";"Céu Claro";"Dupla";"Reta";"Sim";2;0;1;0;1;0;1;2;-8,74315897;-63,90965402;"SPRF-RO";"DEL01-RO";"UOP01-DEL01-RO"
474605;2022-09-15;"quinta-feira";"21:10:00";"PR";369;201,8;"APUCARANA";"Condutor desrespeitou a iluminação vermelha do semáforo";"Colisão transversal";"Com Vítimas Feridas";"Plena Noite";"Decrescente";"Céu Claro";"Simples";"Reta;Declive";"Sim";4;0;1;1;2;0;2;2;-23,54097308;-51,456635;"SPRF-PR";"DEL07-PR";"UOP03-DEL07-PR"
474608;2022-09-15;"quinta-feira";"19:45:00";"RJ";101;427;"MANGARATIBA";"Avarias e/ou desgaste excessivo no pneu";"Capotamento";"Com Vítimas Feridas";"Plena Noite";"Crescente";"Chuva";"Simples";"Declive;Curva";"Sim";5;0;2;0;3;0;2;1;-22,93154625;-43,98133788;"SPRF-RJ";"DEL03-RJ";"UOP02-DEL03-RJ"
474609;2022-09-15;"quinta-feira";"20:45:00";"RJ";116;81;"TERESOPOLIS";"Velocidade Incompatível";"Saída de leito carroçável";"Sem Vítimas";"Plena Noite";"Crescente";"Chuva";"Simples";"Curva";"Não";1;0;0;0;1;0;0;1;-22,39843405;-42,95507553;"SPRF-RJ";"DEL04-RJ";"UOP01-DEL04-RJ"
474610;2022-09-15;"quinta-feira";"20:30:00";"RJ";101;487,5;"ANGRA DOS REIS";"Acesso irregular";"Atropelamento de Pedestre";"Com Vítimas Feridas";"Plena Noite";"Crescente";"Chuva";"Simples";"Reta";"Sim";2;0;0;1;1;0;1;2;-22,96828891;-44,29864663;"SPRF-RJ";"DEL03-RJ";"UOP03-DEL03-RJ"
474613;2022-09-15;"quinta-feira";"20:55:00";"SC";163;76,6;"SAO MIGUEL DO OESTE";"Ausência de sinalização";"Tombamento";"Com Vítimas Feridas";"Plena Noite";"Decrescente";"Nublado";"Simples";"Aclive";"Sim";1;0;1;0;0;0;1;1;-26,67796762;-53,51571321;"SPRF-SC";"DEL07-SC";"UOP03-DEL07-SC"
474614;2022-09-15;"quinta-feira";"22:10:00";"PB";230;71;"SOBRADO";"Ausência de reação do condutor";"Colisão com objeto";"Com Vítimas Feridas";"Plena Noite";"Crescente";"Céu Claro";"Dupla";"Em Obras;Desvio Temporário;Reta";"Não";1;0;0;1;0;0;1;1;-7,190701;-35,242513;"SPRF-PB";"DEL01-PB";"UOP03-DEL01-PB"
474615;2022-09-15;"quinta-feira";"22:10:00";"PI";343;328;"TERESINA";"Avarias e/ou desgaste excessivo no pneu";"Saída de leito carroçável";"Com Vítimas Feridas";"Plena Noite";"Decrescente";"Chuva";"Simples";"Curva";"Não";3;0;1;0;2;0;1;1;-5,069324;-42,634327;"SPRF-PI";"DEL01-PI";"UOP01-DEL01-PI"
474616;2022-09-15;"quinta-feira";"21:50:00";"PR";116;113;"SAO JOSE DOS PINHAIS";"Ultrapassagem Indevida";"Saída de leito carroçável";"Com Vítimas Feridas";"Plena Noite";"Crescente";"Garoa/Chuvisco";"Dupla";"Reta";"Sim";1;0;1;0;0;0;1;1;-25,56513636;-49,24675108;"SPRF-PR";"DEL01-PR";"UOP06-DEL01-PR"
474617;2022-09-15;"quinta-feira";"22:40:00";"RS";285;289;"PASSO FUNDO";"Condutor Dormindo";"Saída de leito carroçável";"Com Vítimas Feridas";"Plena Noite";"Decrescente";"Céu Claro";"Simples";"Reta";"Não";1;0;1;0;0;0;1;1;-28,23671;-52,336224;"SPRF-RS";"DEL08-RS";"UOP03-DEL08-RS"
474621;2022-09-15;"quinta-feira";"15:00:00";"MG";116;219;"CATUJI";"Mal súbito do condutor";"Saída de leito carroçável";"Com Vítimas Feridas";"Pleno dia";"Crescente";"Céu Claro";"Simples";"Declive";"Não";2;0;2;0;0;0;2;1;-17,39927496;-41,51977491;"SPRF-MG";"DEL11-MG";"UOP01-DEL11-MG"
474622;2022-09-15;"quinta-feira";"21:55:00";"RJ";40;59,2;"PETROPOLIS";"Demais falhas mecânicas ou elétricas";"Incêndio";"Sem Vítimas";"Plena Noite";"Decrescente";"Nublado";"Dupla";"Reta";"Sim";3;0;0;0;3;0;0;1;-22,38628773;-43,13543464;"SPRF-RJ";"DEL05-RJ";"UOP02-DEL05-RJ"
474623;2022-09-15;"quinta-feira";"22:20:00";"MS";262;327,9;"CAMPO GRANDE";"Ausência de reação do condutor";"Colisão traseira";"Com Vítimas Feridas";"Plena Noite";"Decrescente";"Céu Claro";"Dupla";"Reta";"Sim";5;0;4;0;1;0;4;2;-20,46657314;-54,54372903;"SPRF-MS";"DEL01-MS";"UOP01-DEL01-MS"
474624;2022-07-22;"sexta-feira";"04:30:00";"MG";365;236,8;"BURITIZEIRO";"Condutor Dormindo";"Saída de leito carroçável";"Com Vítimas Feridas";"Plena Noite";"Decrescente";"Céu Claro";"Simples";"Reta";"Não";70;0;11;3;56;0;14;1;-17,72613905;-45,41214669;"SPRF-MG";"DEL12-MG";"UOP01-DEL12-MG"
474625;2022-09-15;"quinta-feira";"14:23:00";"RO";364;238,4;"CACOAL";"Condutor deixou de manter distância do veículo da frente";"Colisão traseira";"Com Vítimas Feridas";"Pleno dia";"Decrescente";"Céu Claro";"Simples";"Aclive;Reta";"Sim";2;0;1;0;1;0;1;2;-11,4388578;-61,45471289;"SPRF-RO";"DEL02-RO";"UOP02-DEL02-RO"
474626;2022-09-15;"quinta-feira";"20:15:00";"RS";472;477;"ITAQUI";"Demais falhas mecânicas ou elétricas";"Incêndio";"Sem Vítimas";"Plena Noite";"Crescente";"Céu Claro";"Simples";"Reta";"Não";1;0;0;0;1;0;0;1;-29,16339163;-56,39724696;"SPRF-RS";"DEL12-RS";"UOP01-DEL12-RS"
474628;2022-09-16;"sexta-feira";"00:05:00";"GO";60;100;"ANAPOLIS";"Animais na Pista";"Atropelamento de Animal";"Com Vítimas Feridas";"Plena Noite";"Crescente";"Céu Claro";"Dupla";"Reta";"Não";1;0;1;0;0;0;1;1;-16,3979;-48,9664;"SPRF-GO";"DEL02-GO";"UOP01-DEL02-GO"
474629;2022-09-15;"quinta-feira";"23:00:00";"MG";381;888,9;"CAMBUI";"Condutor Dormindo";"Capotamento";"Com Vítimas Feridas";"Plena Noite";"Decrescente";"Chuva";"Dupla";"Curva";"Não";1;0;1;0;0;0;1;1;-22,57036508;-46,04169076;"SPRF-MG";"DEL16-MG";"UOP03-DEL16-MG"
474630;2022-09-15;"quinta-feira";"23:41:00";"TO";153;698;"CARIRI DO TOCANTINS";"Reação tardia ou ineficiente do condutor";"Saída de leito carroçável";"Com Vítimas Feridas";"Plena Noite";"Decrescente";"Céu Claro";"Simples";"Reta";"Não";1;0;0;1;0;0;1;1;-11,90375887;-49,17221228;"SPRF-TO";"DEL01-TO";"UOP02-DEL01-TO"
474632;2022-09-16;"sexta-feira";"01:20:00";"ES";101;362,8;"ANCHIETA";"Avarias e/ou desgaste excessivo no pneu";"Saída de leito carroçável";"Com Vítimas Feridas";"Plena Noite";"Decrescente";"Chuva";"Simples";"Curva";"Não";2;0;1;0;1;0;1;1;-20,71645213;-40,7300389;"SPRF-ES";"DEL03-ES";"UOP01-DEL03-ES"
474633;2022-09-16;"sexta-feira";"00:25:00";"RR";401;1;"BOA VISTA";"Reação tardia ou ineficiente do condutor";"Colisão com objeto";"Sem Vítimas";"Plena Noite";"Decrescente";"Céu Claro";"Múltipla";"Interseção de Vias";"Sim";2;0;0;0;2;0;0;2;2,80229396;-60,68243402;"SPRF-RR";"DEL01-RR";"UOP01-DEL01-RR"
474635;2022-09-15;"quinta-feira";"21:20:00";"MG";40;208,9;"JOAO PINHEIRO";"Ultrapassagem Indevida";"Saída de leito carroçável";"Com Vítimas Feridas";"Plena Noite";"Decrescente";"Céu Claro";"Simples";"Reta";"Não";2;0;1;1;0;0;2;1;-17,987267;-45,747336;"SPRF-MG";"DEL14-MG";"UOP02-DEL14-MG"
474636;2022-09-16;"sexta-feira";"00:45:00";"SC";470;182;"POUSO REDONDO";"Condutor Dormindo";"Saída de leito carroçável";"Com Vítimas Feridas";"Plena Noite";"Crescente";"Céu Claro";"Simples";"Reta";"Não";1;0;1;0;0;0;1;1;-27,252682;-50,006802;"SPRF-SC";"DEL04-SC";"UOP02-DEL04-SC"
474637;2022-09-16;"sexta-feira";"02:05:00";"RS";116;143,7;"CAXIAS DO SUL";"Velocidade Incompatível";"Saída de leito carroçável";"Sem Vítimas";"Plena Noite";"Decrescente";"Nublado";"Dupla";"Reta";"Sim";3;0;0;0;1;2;0;2;-29,12577252;-51,1273241;"SPRF-RS";"DEL05-RS";"UOP01-DEL05-RS"
474639;2022-09-16;"sexta-feira";"03:10:00";"SC";101;460;"PASSO DE TORRES";"Condutor Dormindo";"Saída de leito carroçável";"Com Vítimas Feridas";"Plena Noite";"Crescente";"Garoa/Chuvisco";"Dupla";"Reta";"Não";1;0;1;0;0;0;1;1;-29,25788799;-49,7565232;"SPRF-RS";"DEL03-RS";"UOP02-DEL03-RS"
474640;2022-09-16;"sexta-feira";"03:00:00";"MG";153;210;"FRUTAL";"Velocidade Incompatível";"Saída de leito carroçável";"Com Vítimas Feridas";"Plena Noite";"Crescente";"Céu Claro";"Dupla";"Rotatória";"Não";2;0;2;0;0;0;2;1;-20,07281424;-49,07299961;"SPRF-MG";"DEL13-MG";"UOP02-DEL13-MG"
474641;2022-09-16;"sexta-feira";"04:30:00";"PR";376;671;"GUARATUBA";"Ingestão de álcool pelo condutor";"Colisão traseira";"Com Vítimas Feridas";"Plena Noite";"Decrescente";"Garoa/Chuvisco";"Dupla";"Reta";"Não";3;0;1;0;2;0;1;2;-25,885323;-48,935154;"SPRF-PR";"DEL01-PR";"UOP04-DEL01-PR"
474644;2022-09-16;"sexta-feira";"04:30:00";"MG";40;426,4;"PARAOPEBA";"Reação tardia ou ineficiente do condutor";"Tombamento";"Com Vítimas Fatais";"Plena Noite";"Crescente";"Céu Claro";"Dupla";"Reta";"Não";2;1;0;1;0;0;1;1;-19,16811528;-44,51542722;"SPRF-MG";"DEL02-MG";"UOP01-DEL02-MG"
474645;2022-09-16;"sexta-feira";"05:00:00";"RS";116;502;"PELOTAS";"Animais na Pista";"Saída de leito carroçável";"Com Vítimas Feridas";"Plena Noite";"Crescente";"Nevoeiro/Neblina";"Dupla";"Ponte";"Não";3;0;2;1;0;0;3;1;-31,56791105;-52,25884295;"SPRF-RS";"DEL07-RS";"UOP01-DEL07-RS"
474646;2022-09-16;"sexta-feira";"05:35:00";"MG";365;635;"UBERLANDIA";"Condutor Dormindo";"Saída de leito carroçável";"Sem Vítimas";"Amanhecer";"Crescente";"Céu Claro";"Dupla";"Aclive";"Não";1;0;0;0;1;0;0;1;-18,89262095;-48,41859299;"SPRF-MG";"DEL15-MG";"UOP01-DEL15-MG"
474647;2022-09-16;"sexta-feira";"04:50:00";"PI";402;33;"PARNAIBA";"Ingestão de álcool pelo condutor";"Colisão frontal";"Com Vítimas Feridas";"Amanhecer";"Crescente";"Céu Claro";"Simples";"Reta";"Sim";3;0;1;1;1;0;2;2;-2,93239061;-41,74947054;"SPRF-PI";"DEL05-PI";"UOP01-DEL05-PI"
474648;2022-09-16;"sexta-feira";"05:00:00";"MG";40;617;"CONGONHAS";"Ausência de reação do condutor";"Saída de leito carroçável";"Com Vítimas Feridas";"Amanhecer";"Crescente";"Nublado";"Simples";"Curva";"Não";1;0;1;0;0;0;1;1;-20,55295397;-43,81450989;"SPRF-MG";"DEL05-MG";"UOP02-DEL05-MG"
474649;2022-09-16;"sexta-feira";"04:25:00";"MS";163;258,6;"DOURADOS";"Retorno proibido";"Colisão transversal";"Com Vítimas Feridas";"Amanhecer";"Crescente";"Céu Claro";"Dupla";"Reta;Viaduto";"Sim";3;0;1;0;1;1;1;2;-22,25597371;-54,77899253;"SPRF-MS";"DEL04-MS";"UOP01-DEL04-MS"
474653;2022-09-16;"sexta-feira";"05:45:00";"SC";470;7;"NAVEGANTES";"Reação tardia ou ineficiente do condutor";"Capotamento";"Com Vítimas Feridas";"Amanhecer";"Crescente";"Garoa/Chuvisco";"Simples";"Em Obras";"Sim";1;0;0;1;0;0;1;1;-26,84499;-48,71505;"SPRF-SC";"DEL04-SC";"UOP04-DEL04-SC"
474654;2022-09-16;"sexta-feira";"06:30:00";"SP";116;215;"GUARULHOS";"Ausência de reação do condutor";"Colisão traseira";"Com Vítimas Feridas";"Pleno dia";"Decrescente";"Garoa/Chuvisco";"Múltipla";"Reta";"Sim";2;0;1;0;1;0;1;2;-23,44695693;-46,45394103;"SPRF-SP";"DEL01-SP";"UOP01-DEL01-SP"
474655;2022-09-16;"sexta-feira";"06:35:00";"BA";324;529;"FEIRA DE SANTANA";"Manobra de mudança de faixa";"Colisão lateral mesmo sentido";"Com Vítimas Feridas";"Amanhecer";"Decrescente";"Céu Claro";"Dupla";"Reta";"Sim";2;0;1;0;1;0;1;2;-12,32272991;-38,86892893;"SPRF-BA";"DEL01-BA";"UOP03-DEL01-BA"
474657;2022-09-16;"sexta-feira";"06:15:00";"CE";222;5;"CAUCAIA";"Ingestão de álcool pelo condutor";"Colisão traseira";"Com Vítimas Feridas";"Pleno dia";"Decrescente";"Céu Claro";"Múltipla";"Reta";"Sim";2;0;1;0;1;0;1;2;-3,74296918;-38,61330997;"SPRF-CE";"DEL01-CE";"UOP01-DEL01-CE"
474659;2022-09-15;"quinta-feira";"19:45:00";"PR";376;553;"BALSA NOVA";"Reação tardia ou ineficiente do condutor";"Saída de leito carroçável";"Sem Vítimas";"Plena Noite";"Crescente";"Céu Claro";"Dupla";"Reta";"Não";1;0;0;0;0;1;0;1;-25,47086377;-49,68169198;"SPRF-PR";"DEL03-PR";"UOP03-DEL03-PR"