"id";"data_inversa";"dia_semana";"horario";"uf";"br";"km";"municipio";"causa_acidente";"tipo_acidente";"classificacao_acidente";"fase_dia";"sentido_via";"condicao_metereologica";"tipo_pista";"tracado_via";"uso_solo";"pessoas";"mortos";"feridos_leves";"feridos_graves";"ilesos";"ignorados";"feridos";"veiculos";"latitude";"longitude";"regional";"delegacia";"uop"
474662;2022-09-16;"sexta-feira";"07:00:00";"GO";60;386;"RIO VERDE";"Avarias e/ou desgaste excessivo no pneu";"Queda de ocupante de veículo";"Com Vítimas Feridas";"Amanhecer";"Decrescente";"Nublado";"Múltipla";"Aclive";"Sim";1;0;1;0;0;0;1;1;-17,8029;-50,9205;"SPRF-GO";"DEL04-GO";"UOP01-DEL04-GO"
474664;2022-09-16;"sexta-feira";"07:45:00";"MG";40;417;"CURVELO";"Condutor Dormindo";"Saída de leito carroçável";"Com Vítimas Feridas";"Pleno dia";"Crescente";"Céu Claro";"Simples";"Curva";"Não";5;0;0;4;1;0;4;1;-19,15620979;-44,59445792;"SPRF-MG";"DEL02-MG";"UOP01-DEL02-MG"
474665;2022-09-15;"quinta-feira";"19:00:00";"PA";230;125;"MARABA";"Conversão proibida";"Colisão traseira";"Sem Vítimas";"Plena Noite";"Crescente";"Céu Claro";"Simples";"Reta";"Sim";2;0;0;0;2;0;0;2;-5,37652185;-49,14349399;"SPRF-PA";"DEL03-PA";"UOP01-DEL03-PA"
474666;2022-09-16;"sexta-feira";"05:30:00";"MG";153;172;"COMENDADOR GOMES";"Demais falhas na via";"Colisão com objeto";"Com Vítimas Feridas";"Amanhecer";"Decrescente";"Céu Claro";"Dupla";"Reta;Rotatória";"Não";2;0;1;0;1;0;1;1;-19,78523104;-48,9660625;"SPRF-MG";"DEL13-MG";"UOP02-DEL13-MG"
474667;2022-09-16;"sexta-feira";"08:00:00";"DF";40;6;"BRASILIA";"Manobra de mudança de faixa";"Colisão lateral mesmo sentido";"Com Vítimas Feridas";"Pleno dia";"Decrescente";"Céu Claro";"Dupla";"Reta";"Sim";2;0;1;0;1;0;1;2;-16,029741;-47,978867;"SPRF-DF";"DEL01-DF";"UOP01-DEL01-DF"
474668;2022-09-16;"sexta-feira";"06:30:00";"RJ";40;104;"DUQUE DE CAXIAS";"Desrespeitar a preferência no cruzamento";"Colisão frontal";"Com Vítimas Feridas";"Pleno dia";"Decrescente";"Chuva";"Múltipla";"Interseção de Vias";"Sim";4;0;4;0;0;0;4;2;-22,62897902;-43,28579508;"SPRF-RJ";"DEL01-RJ";"UOP01-DEL01-RJ"
474669;2022-09-16;"sexta-feira";"08:00:00";"PB";101;96,2;"CONDE";"Condutor Dormindo";"Saída de leito carroçável";"Sem Vítimas";"Amanhecer";"Decrescente";"Céu Claro";"Dupla";"Reta";"Não";1;0;0;0;0;1;0;1;-7,23363604;-34,92312189;"SPRF-PB";"DEL01-PB";"UOP02-DEL01-PB"
474670;2022-09-16;"sexta-feira";"06:28:00";"RJ";101;313;"SAO GONCALO";"Chuva";"Colisão traseira";"Com Vítimas Feridas";"Pleno dia";"Crescente";"Chuva";"Dupla";"Reta";"Não";2;0;1;0;1;0;1;2;-22,81049093;-43,06983304;"SPRF-RJ";"DEL02-RJ";"UOP02-DEL02-RJ"
474671;2022-09-16;"sexta-feira";"06:40:00";"SP";116;283;"EMBU DAS ARTES";"Chuva";"Queda de ocupante de veículo";"Com Vítimas Feridas";"Pleno dia";"Decrescente";"Céu Claro";"Dupla";"Reta";"Sim";1;0;1;0;0;0;1;1;-23,69297005;-46,86352786;"SPRF-SP";"DEL04-SP";"UOP01-DEL04-SP"
474672;2022-09-16;"sexta-feira";"04:20:00";"RJ";116;138;"DUQUE DE CAXIAS";"Acumulo de água sobre o pavimento";"Colisão com objeto";"Sem Vítimas";"Plena Noite";"Crescente";"Chuva";"Dupla";"Reta";"Sim";1;0;0;0;0;1;0;1;-22,64697319;-43,19165101;"SPRF-RJ";"DEL01-RJ";"UOP01-DEL01-RJ"
474673;2022-09-16;"sexta-feira";"06:57:00";"PB";230;5;"CABEDELO";"Acostamento em desnível";"Colisão lateral mesmo sentido";"Com Vítimas Feridas";"Pleno dia";"Decrescente";"Céu Claro";"Dupla";"Reta;Em Obras";"Sim";2;0;0;1;1;0;1;2;-7,01;-34,8312;"SPRF-PB";"DEL01-PB";"UOP01-DEL01-PB"
474674;2022-09-16;"sexta-feira";"07:00:00";"RJ";116;166;"SAO JOAO DE MERITI";"Manobra de mudança de faixa";"Colisão traseira";"Com Vítimas Feridas";"Pleno dia";"Decrescente";"Chuva";"Dupla";"Reta";"Sim";3;0;1;0;2;0;1;3;-22,81560263;-43,30051808;"SPRF-RJ";"DEL01-RJ";"UOP02-DEL01-RJ"
474676;2022-09-16;"sexta-feira";"06:45:00";"RJ";101;308;"SAO GONCALO";"Condutor deixou de manter distância do veículo da frente";"Colisão lateral mesmo sentido";"Com Vítimas Feridas";"Pleno dia";"Decrescente";"Chuva";"Múltipla";"Reta";"Não";4;0;1;0;3;0;1;2;-22,79309326;-43,02479595;"SPRF-RJ";"DEL02-RJ";"UOP02-DEL02-RJ"
474677;2022-09-16;"sexta-feira";"07:50:00";"PI";343;189,5;"PIRIPIRI";"Acessar a via sem observar a presença dos outros veículos";"Colisão transversal";"Com Vítimas Feridas";"Pleno dia";"Crescente";"Sol";"Simples";"Reta";"Sim";2;0;1;0;1;0;1;2;-4,31367;-41,776325;"SPRF-PI";"DEL02-PI";"UOP01-DEL02-PI"
474678;2022-07-27;"quarta-feira";"00:40:00";"SP";116;479;"JACUPIRANGA";"Ausência de reação do condutor";"Queda de ocupante de veículo";"Com Vítimas Feridas";"Plena Noite";"Crescente";"Céu Claro";"Múltipla";"Reta";"Não";1;0;1;0;0;0;1;1;-24,70935401;-48,01820699;"SPRF-SP";"DEL05-SP";"UOP01-DEL05-SP"
474679;2022-09-16;"sexta-feira";"07:45:00";"MG";262;363,2;"JUATUBA";"Ausência de reação do condutor";"Colisão traseira";"Com Vítimas Feridas";"Pleno dia";"Decrescente";"Céu Claro";"Dupla";"Reta";"Sim";3;0;1;0;0;2;1;3;-19,98332997;-44,23572401;"SPRF-MG";"DEL01-MG";"UOP03-DEL01-MG"
474680;2022-09-16;"sexta-feira";"08:45:00";"RS";116;268;"CANOAS";"Manobra de mudança de faixa";"Colisão lateral mesmo sentido";"Sem Vítimas";"Pleno dia";"Crescente";"Céu Claro";"Múltipla";"Reta";"Sim";2;0;0;0;2;0;0;2;-29,95064625;-51,17666669;"SPRF-RS";"DEL01-RS";"UOP01-DEL01-RS"
474681;2022-09-16;"sexta-feira";"09:00:00";"RJ";101;68,1;"CAMPOS DOS GOYTACAZES";"Chuva";"Queda de ocupante de veículo";"Com Vítimas Feridas";"Pleno dia";"Decrescente";"Chuva";"Simples";"Reta";"Não";2;0;2;0;0;0;2;1;-21,77186768;-41,35705017;"SPRF-RJ";"DEL08-RJ";"UOP02-DEL08-RJ"
474682;2022-09-16;"sexta-feira";"08:13:00";"PE";232;79,2;"GRAVATA";"Condutor deixou de manter distância do veículo da frente";"Colisão traseira";"Com Vítimas Feridas";"Pleno dia";"Decrescente";"Sol";"Simples";"Reta";"Sim";3;0;2;0;1;0;2;2;-8,19528564;-35,56264758;"SPRF-PE";"DEL02-PE";"UOP02-DEL02PE"
474684;2022-09-16;"sexta-feira";"08:40:00";"RJ";116;24;"SAPUCAIA";"Ausência de reação do condutor";"Capotamento";"Sem Vítimas";"Pleno dia";"Decrescente";"Chuva";"Simples";"Curva";"Não";1;0;0;0;1;0;0;1;-22,03064831;-42,77714236;"SPRF-RJ";"DEL05-RJ";"UOP01-DEL05-RJ"
474690;2022-09-16;"sexta-feira";"09:50:00";"SC";101;123;"ITAJAI";"Avarias e/ou desgaste excessivo no pneu";"Colisão traseira";"Com Vítimas Feridas";"Pleno dia";"Crescente";"Nublado";"Dupla";"Viaduto";"Sim";2;0;1;0;1;0;1;2;-26,93668609;-48,69876905;"SPRF-SC";"DEL04-SC";"UOP04-DEL04-SC"
474693;2022-09-16;"sexta-feira";"07:17:00";"AC";364;134;"RIO BRANCO";"Reação tardia ou ineficiente do condutor";"Colisão traseira";"Com Vítimas Feridas";"Pleno dia";"Decrescente";"Céu Claro";"Dupla";"Reta";"Sim";2;0;0;1;1;0;1;2;-9,98869455;-67,8473568;"SPRF-AC";"DEL01-AC";"UOP01-DEL01-AC"
474694;2022-09-16;"sexta-feira";"09:05:00";"MS";262;528;"AQUIDAUANA";"Reação tardia ou ineficiente do condutor";"Colisão com objeto";"Sem Vítimas";"Pleno dia";"Crescente";"Céu Claro";"Simples";"Reta";"Não";4;0;0;0;4;0;0;1;-20,3588948;-56,12598069;"SPRF-MS";"DEL03-MS";"UOP02-DEL03-MS"
474695;2022-09-16;"sexta-feira";"09:05:00";"MT";364;58,9;"ALTO GARCAS";"Acessar a via sem observar a presença dos outros veículos";"Colisão transversal";"Com Vítimas Feridas";"Pleno dia";"Crescente";"Céu Claro";"Simples";"Declive;Interseção de Vias;Reta";"Sim";2;0;0;1;1;0;1;2;-16,93802002;-53,53328889;"SPRF-MT";"DEL02-MT";"UOP02-DEL02-MT"
474696;2022-09-16;"sexta-feira";"05:00:00";"MG";381;728,7;"CARMO DA CACHOEIRA";"Chuva";"Colisão com objeto";"Com Vítimas Feridas";"Amanhecer";"Crescente";"Chuva";"Dupla";"Curva";"Não";5;0;2;0;3;0;2;1;-21,50846497;-45,21540331;"SPRF-MG";"DEL04-MG";"UOP02-DEL04-MG"
474697;2022-09-16;"sexta-feira";"09:00:00";"RO";319;63;"PORTO VELHO";"Reação tardia ou ineficiente do condutor";"Atropelamento de Pedestre";"Com Vítimas Feridas";"Pleno dia";"Crescente";"Céu Claro";"Dupla";"Reta";"Sim";4;0;1;0;2;1;1;3;-8,766685;-63,884052;"SPRF-RO";"DEL01-RO";"UOP01-DEL01-RO"
474702;2022-09-16;"sexta-feira";"11:10:00";"RN";101;81,5;"NATAL";"Transitar na contramão";"Colisão frontal";"Com Vítimas Feridas";"Pleno dia";"Decrescente";"Céu Claro";"Dupla";"Interseção de Vias";"Sim";2;0;1;0;1;0;1;2;-5,76469466;-35,28295988;"SPRF-RN";"DEL02-RN";"UOP01-DEL02-RN"
474703;2022-09-16;"sexta-feira";"11:05:00";"RJ";101;74;"CAMPOS DOS GOYTACAZES";"Acessar a via sem observar a presença dos outros veículos";"Colisão frontal";"Com Vítimas Feridas";"Pleno dia";"Decrescente";"Garoa/Chuvisco";"Simples";"Interseção de Vias";"Sim";3;0;3;0;0;0;3;2;-21,80785871;-41,3973105;"SPRF-RJ";"DEL08-RJ";"UOP02-DEL08-RJ"
474704;2022-09-16;"sexta-feira";"09:30:00";"PA";308;156;"CAPANEMA";"Reação tardia ou ineficiente do condutor";"Tombamento";"Com Vítimas Fatais";"Pleno dia";"Decrescente";"Céu Claro";"Simples";"Declive;Reta";"Não";2;1;0;0;0;1;0;2;-1,21143823;-47,1411;"SPRF-PA";"DEL01-PA";"UOP03-DEL01-PA"
474705;2022-09-16;"sexta-feira";"10:50:00";"PR";467;83,2;"CASCAVEL";"Condutor Dormindo";"Saída de leito carroçável";"Com Vítimas Feridas";"Pleno dia";"Decrescente";"Céu Claro";"Dupla";"Curva";"Não";4;0;3;0;1;0;3;1;-24,8125;-53,6653;"SPRF-PR";"DEL04-PR";"UOP01-DEL04-PR"
474707;2022-09-16;"sexta-feira";"07:20:00";"RJ";101;308;"SAO GONCALO";"Chuva";"Colisão traseira";"Com Vítimas Feridas";"Pleno dia";"Decrescente";"Chuva";"Dupla";"Reta";"Sim";3;0;1;0;2;0;1;2;-22,79309326;-43,02479595;"SPRF-RJ";"DEL02-RJ";"UOP02-DEL02-RJ"
474708;2022-09-16;"sexta-feira";"11:10:00";"SP";153;75,7;"BADY BASSITT";"Acumulo de óleo sobre o pavimento";"Tombamento";"Com Vítimas Feridas";"Pleno dia";"Crescente";"Céu Claro";"Dupla";"Rotatória";"Sim";1;0;1;0;0;0;1;1;-20,89418221;-49,43387582;"SPRF-SP";"DEL09-SP";"UOP01-DEL09-SP"
474709;2022-09-16;"sexta-feira";"11:35:00";"SC";101;204,3;"SAO JOSE";"Condutor deixou de manter distância do veículo da frente";"Tombamento";"Com Vítimas Feridas";"Pleno dia";"Decrescente";"Garoa/Chuvisco";"Dupla";"Declive";"Sim";1;0;1;0;0;0;1;1;-27,57413014;-48,61363083;"SPRF-SC";"DEL01-SC";"UOP01-DEL01-SC"
474710;2022-09-16;"sexta-feira";"11:20:00";"PE";407;130;"PETROLINA";"Manobra de mudança de faixa";"Colisão traseira";"Sem Vítimas";"Pleno dia";"Decrescente";"Céu Claro";"Dupla";"Ponte";"Sim";5;0;0;0;5;0;0;5;-9,40536698;-40,50435309;"SPRF-PE";"DEL06-PE";"UOP01-DEL06-PE"
474711;2022-09-16;"sexta-feira";"10:27:00";"MG";381;908;"CAMBUI";"Velocidade Incompatível";"Saída de leito carroçável";"Com Vítimas Feridas";"Pleno dia";"Crescente";"Chuva";"Dupla";"Curva;Aclive";"Não";2;0;1;0;1;0;1;1;-22,68033857;-46,10115593;"SPRF-MG";"DEL16-MG";"UOP03-DEL16-MG"
474714;2022-09-16;"sexta-feira";"12:00:00";"PR";373;251,7;"GUAMIRANGA";"Transitar no acostamento";"Colisão lateral sentido oposto";"Com Vítimas Feridas";"Pleno dia";"Decrescente";"Céu Claro";"Simples";"Reta";"Não";3;0;1;0;1;1;1;2;-25,1893987;-50,85472584;"SPRF-PR";"DEL03-PR";"UOP04-DEL03-PR"
474715;2022-03-12;"sábado";"03:25:00";"SC";470;125;"LONTRAS";"Ingestão de álcool pelo condutor";"Capotamento";"Com Vítimas Feridas";"Plena Noite";"Decrescente";"Chuva";"Simples";"Curva";"Não";4;0;0;2;2;0;2;3;-27,129;-49,538277;"SPRF-SC";"DEL04-SC";"UOP02-DEL04-SC"
474716;2022-09-16;"sexta-feira";"06:15:00";"MG";262;63,9;"MATIPO";"Condutor Dormindo";"Saída de leito carroçável";"Com Vítimas Feridas";"Amanhecer";"Crescente";"Nublado";"Simples";"Curva";"Não";2;0;2;0;0;0;2;1;-20,29634311;-42,23460997;"SPRF-MG";"DEL06-MG";"UOP03-DEL06-MG"
474717;2022-09-16;"sexta-feira";"11:30:00";"PE";408;65,3;"CARPINA";"Reação tardia ou ineficiente do condutor";"Colisão lateral mesmo sentido";"Com Vítimas Feridas";"Pleno dia";"Decrescente";"Céu Claro";"Dupla";"Reta";"Sim";2;0;1;0;1;0;1;2;-7,85059029;-35,23198016;"SPRF-PE";"DEL01-PE";"UOP01-DEL01-PE"
474718;2022-09-16;"sexta-feira";"08:35:00";"RO";364;13;"VILHENA";"Acessar a via sem observar a presença dos outros veículos";"Colisão transversal";"Com Vítimas Feridas";"Pleno dia";"Crescente";"Céu Claro";"Dupla";"Rotatória;Reta";"Não";2;0;2;0;0;0;2;2;-12,74140004;-60,13026401;"SPRF-RO";"DEL04-RO";"UOP01-DEL04-RO"
474720;2022-09-16;"sexta-feira";"11:45:00";"PR";369;510,2;"CASCAVEL";"Conversão proibida";"Colisão traseira";"Com Vítimas Fatais";"Pleno dia";"Crescente";"Sol";"Simples";"Declive;Interseção de Vias;Reta";"Não";5;1;2;0;2;0;2;2;-24,86264519;-53,33660603;"SPRF-PR";"DEL04-PR";"UOP01-DEL04-PR"
474721;2022-09-16;"sexta-feira";"12:50:00";"RN";101;85;"NATAL";"Ausência de reação do condutor";"Colisão traseira";"Com Vítimas Feridas";"Pleno dia";"Decrescente";"Céu Claro";"Simples";"Reta";"Sim";2;0;1;0;1;0;1;2;-5,777664;-35,24937;"SPRF-RN";"DEL02-RN";"UOP01-DEL02-RN"
474722;2022-09-16;"sexta-feira";"13:45:00";"SP";116;214;"GUARULHOS";"Acessar a via sem observar a presença dos outros veículos";"Queda de ocupante de veículo";"Com Vítimas Feridas";"Pleno dia";"Decrescente";"Céu Claro";"Múltipla";"Reta";"Não";1;0;1;0;0;0;1;1;-23,44333014;-46,44531294;"SPRF-SP";"DEL01-SP";"UOP01-DEL01-SP"
474723;2022-09-16;"sexta-feira";"13:40:00";"SP";381;86;"SAO PAULO";"Chuva";"Colisão com objeto";"Com Vítimas Feridas";"Pleno dia";"Decrescente";"Chuva";"Dupla";"Reta";"Sim";1;0;1;0;0;0;1;1;-23,45930499;-46,57161179;"SPRF-SP";"DEL03-SP";"UOP01-DEL03-SP"
474725;2022-09-16;"sexta-feira";"13:45:00";"PE";101;26,5;"IGARASSU";"Demais falhas mecânicas ou elétricas";"Colisão lateral mesmo sentido";"Com Vítimas Feridas";"Pleno dia";"Decrescente";"Céu Claro";"Dupla";"Reta";"Não";3;0;1;0;2;0;1;2;-7,70826223;-34,92811677;"SPRF-PE";"DEL01-PE";"UOP02-DEL01-PE"
474726;2022-09-16;"sexta-feira";"13:50:00";"MG";40;732;"SANTOS DUMONT";"Avarias e/ou desgaste excessivo no pneu";"Saída de leito carroçável";"Com Vítimas Feridas";"Pleno dia";"Decrescente";"Chuva";"Dupla";"Declive;Curva";"Não";1;0;1;0;0;0;1;1;-21,34762119;-43,58122534;"SPRF-MG";"DEL05-MG";"UOP01-DEL05-MG"
474727;2022-09-16;"sexta-feira";"09:40:00";"MA";135;178,3;"SAO MATEUS DO MARANHAO";"Reação tardia ou ineficiente do condutor";"Saída de leito carroçável";"Com Vítimas Feridas";"Pleno dia";"Crescente";"Céu Claro";"Simples";"Reta";"Não";2;0;2;0;0;0;2;1;-4,00301408;-44,47055677;"SPRF-MA";"DEL03-MA";"UOP01-DEL03-MA"
474728;2022-09-16;"sexta-feira";"12:40:00";"RJ";101;320;"NITEROI";"Condutor deixou de manter distância do veículo da frente";"Colisão traseira";"Sem Vítimas";"Pleno dia";"Crescente";"Chuva";"Múltipla";"Interseção de Vias";"Sim";2;0;0;0;2;0;0;2;-22,86171098;-43,10714015;"SPRF-RJ";"DEL02-RJ";"UOP01-DEL02-RJ"
474729;2022-09-16;"sexta-feira";"13:45:00";"RS";116;238;"NOVO HAMBURGO";"Acessar a via sem observar a presença dos outros veículos";"Colisão lateral mesmo sentido";"Com Vítimas Feridas";"Pleno dia";"Crescente";"Céu Claro";"Dupla";"Reta";"Sim";2;0;1;0;1;0;1;2;-29,68739789;-51,14197352;"SPRF-RS";"DEL01-RS";"UOP02-DEL01-RS"
474731;2022-09-16;"sexta-feira";"13:45:00";"SP";116;223;"GUARULHOS";"Condutor deixou de manter distância do veículo da frente";"Colisão traseira";"Com Vítimas Feridas";"Pleno dia";"Crescente";"Nublado";"Múltipla";"Reta";"Sim";2;0;1;0;1;0;1;2;-23,47559815;-46,5246609;"SPRF-SP";"DEL01-SP";"UOP01-DEL01-SP"
474732;2022-09-16;"sexta-feira";"08:25:00";"RJ";101;329;"RIO DE JANEIRO";"Avarias e/ou desgaste excessivo no pneu";"Tombamento";"Com Vítimas Feridas";"Pleno dia";"Crescente";"Garoa/Chuvisco";"Múltipla";"Reta";"Sim";2;0;1;0;1;0;1;1;-22,86939305;-43,175642;"SPRF-RJ";"DEL02-RJ";"UOP01-DEL02-RJ"
474733;2022-09-16;"sexta-feira";"14:30:00";"SP";116;215;"GUARULHOS";"Demais falhas na via";"Tombamento";"Com Vítimas Feridas";"Pleno dia";"Crescente";"Nublado";"Múltipla";"Reta";"Sim";1;0;0;1;0;0;1;1;-23,44695693;-46,45394103;"SPRF-SP";"DEL01-SP";"UOP01-DEL01-SP"
474734;2022-09-08;"quinta-feira";"20:00:00";"MG";381;409,5;"NOVA UNIAO";"Velocidade Incompatível";"Saída de leito carroçável";"Com Vítimas Feridas";"Plena Noite";"Decrescente";"Céu Claro";"Dupla";"Retorno Regulamentado;Reta";"Não";1;0;1;0;0;0;1;1;-19,72316131;-43,57826387;"SPRF-MG";"DEL01-MG";"UOP01-DEL01-MG"
474735;2022-09-16;"sexta-feira";"11:50:00";"GO";70;365;"ARAGARCAS";"Ausência de reação do condutor";"Saída de leito carroçável";"Com Vítimas Feridas";"Pleno dia";"Crescente";"Céu Claro";"Simples";"Declive;Reta";"Não";2;0;1;0;1;0;1;1;-15,899271;-52,207477;"SPRF-GO";"DEL04-GO";"UOP01-DEL04-GO"
474737;2022-09-16;"sexta-feira";"11:40:00";"RO";319;60;"PORTO VELHO";"Reação tardia ou ineficiente do condutor";"Colisão lateral mesmo sentido";"Com Vítimas Feridas";"Pleno dia";"Decrescente";"Céu Claro";"Dupla";"Rotatória";"Sim";2;0;1;0;1;0;1;2;-8,766685;-63,884052;"SPRF-RO";"DEL01-RO";"UOP01-DEL01-RO"
474738;2022-09-16;"sexta-feira";"14:50:00";"RJ";101;431;"MANGARATIBA";"Velocidade Incompatível";"Saída de leito carroçável";"Com Vítimas Feridas";"Pleno dia";"Decrescente";"Chuva";"Simples";"Curva";"Não";2;0;1;0;1;0;1;1;-22,93294782;-44,02006891;"SPRF-RJ";"DEL03-RJ";"UOP02-DEL03-RJ"
474739;2022-09-16;"sexta-feira";"14:30:00";"PR";116;126;"FAZENDA RIO GRANDE";"Reação tardia ou ineficiente do condutor";"Colisão traseira";"Com Vítimas Feridas";"Pleno dia";"Crescente";"Céu Claro";"Dupla";"Reta";"Sim";3;0;1;0;2;0;1;2;-25,60389895;-49,31824423;"SPRF-PR";"DEL01-PR";"UOP03-DEL01-PR"
474740;2022-09-16;"sexta-feira";"13:50:00";"SP";153;27,7;"NOVA GRANADA";"Desrespeitar a preferência no cruzamento";"Colisão transversal";"Com Vítimas Feridas";"Pleno dia";"Decrescente";"Céu Claro";"Simples";"Interseção de Vias";"Não";3;0;3;0;0;0;3;2;-20,520182;-49,325823;"SPRF-SP";"DEL09-SP";"UOP01-DEL09-SP"
474741;2022-09-16;"sexta-feira";"15:20:00";"GO";153;435;"ANAPOLIS";"Avarias e/ou desgaste excessivo no pneu";"Queda de ocupante de veículo";"Com Vítimas Feridas";"Pleno dia";"Crescente";"Céu Claro";"Dupla";"Declive";"Sim";1;0;1;0;0;0;1;1;-16,280523;-48,960049;"SPRF-GO";"DEL02-GO";"UOP01-DEL02-GO"
474742;2022-09-16;"sexta-feira";"15:23:00";"PR";277;123;"CAMPO LARGO";"Ingestão de álcool pelo condutor";"Colisão traseira";"Sem Vítimas";"Pleno dia";"Crescente";"Céu Claro";"Dupla";"Reta";"Sim";3;0;0;0;3;0;0;3;-25,44558428;-49,46924586;"SPRF-PR";"DEL03-PR";"UOP03-DEL03-PR"
474744;2022-09-16;"sexta-feira";"15:00:00";"ES";101;64,7;"SAO MATEUS";"Acessar a via sem observar a presença dos outros veículos";"Colisão transversal";"Com Vítimas Feridas";"Pleno dia";"Crescente";"Céu Claro";"Simples";"Curva";"Não";2;0;0;1;1;0;1;2;-18,70428583;-39,87065983;"SPRF-ES";"DEL04-ES";"UOP02-DEL04-ES"
474745;2022-09-16;"sexta-feira";"09:20:00";"MG";116;555,9;"MANHUACU";"Avarias e/ou desgaste excessivo no pneu";"Capotamento";"Com Vítimas Feridas";"Pleno dia";"Decrescente";"Sol";"Simples";"Aclive;Curva";"Não";1;0;1;0;0;0;1;1;-20,009109;-42,151598;"SPRF-MG";"DEL06-MG";"UOP02-DEL06-MG"
474746;2022-09-16;"sexta-feira";"15:20:00";"SP";381;78;"SAO PAULO";"Pedestre andava na pista";"Atropelamento de Pedestre";"Com Vítimas Feridas";"Pleno dia";"Decrescente";"Chuva";"Dupla";"Reta";"Sim";2;0;1;0;1;0;1;2;-23,39620774;-46,57355227;"SPRF-SP";"DEL03-SP";"UOP01-DEL03-SP"
474747;2022-09-16;"sexta-feira";"11:38:00";"TO";242;454,8;"FORMOSO DO ARAGUAIA";"Reação tardia ou ineficiente do condutor";"Capotamento";"Com Vítimas Feridas";"Pleno dia";"Crescente";"Céu Claro";"Simples";"Reta";"Não";1;0;0;1;0;0;1;1;-11,80284286;-49,59990998;"SPRF-TO";"DEL01-TO";"UOP02-DEL01-TO"
474748;2022-09-16;"sexta-feira";"15:40:00";"SC";101;127;"ITAJAI";"Trafegar com motocicleta (ou similar) entre as faixas";"Colisão traseira";"Com Vítimas Feridas";"Pleno dia";"Decrescente";"Nublado";"Dupla";"Reta";"Não";2;0;0;1;1;0;1;2;-26,9639319;-48,68328024;"SPRF-SC";"DEL04-SC";"UOP04-DEL04-SC"
474749;2022-09-16;"sexta-feira";"08:25:00";"MG";116;415;"GOVERNADOR VALADARES";"Condutor deixou de manter distância do veículo da frente";"Tombamento";"Com Vítimas Feridas";"Pleno dia";"Decrescente";"Céu Claro";"Simples";"Ponte";"Sim";2;0;1;0;1;0;1;1;-18,88401297;-41,94924399;"SPRF-MG";"DEL06-MG";"UOP01-DEL06-MG"
474750;2022-09-16;"sexta-feira";"16:20:00";"RS";116;529,5;"CAPAO DO LEAO";"Acessar a via sem observar a presença dos outros veículos";"Colisão transversal";"Sem Vítimas";"Pleno dia";"Decrescente";"Céu Claro";"Simples";"Rotatória";"Não";2;0;0;0;1;1;0;2;-31,75446042;-52,42803583;"SPRF-RS";"DEL07-RS";"UOP01-DEL07-RS"
474753;2022-09-16;"sexta-feira";"15:40:00";"PB";230;63,3;"SAO MIGUEL DE TAIPU";"Condutor deixou de manter distância do veículo da frente";"Colisão traseira";"Com Vítimas Feridas";"Pleno dia";"Crescente";"Céu Claro";"Dupla";"Reta";"Não";4;0;4;0;0;0;4;2;-7,1989;-35,1649;"SPRF-PB";"DEL01-PB";"UOP03-DEL01-PB"
474757;2022-09-16;"sexta-feira";"16:15:00";"PI";230;307;"FLORIANO";"Manobra de mudança de faixa";"Colisão transversal";"Com Vítimas Feridas";"Pleno dia";"Crescente";"Céu Claro";"Simples";"Reta";"Não";2;0;2;0;0;0;2;2;-6,78667452;-42,99358035;"SPRF-PI";"DEL03-PI";"UOP01-DEL03-PI"
474759;2022-09-16;"sexta-feira";"13:10:00";"MG";116;717,7;"MURIAE";"Velocidade Incompatível";"Colisão transversal";"Com Vítimas Fatais";"Pleno dia";"Crescente";"Chuva";"Simples";"Aclive;Curva";"Não";2;1;1;0;0;0;1;2;-21,21200968;-42,38922358;"SPRF-MG";"DEL07-MG";"UOP02-DEL07-MG"
474760;2022-09-16;"sexta-feira";"14:00:00";"MG";116;728,7;"LARANJAL";"Velocidade Incompatível";"Saída de leito carroçável";"Com Vítimas Feridas";"Pleno dia";"Crescente";"Garoa/Chuvisco";"Simples";"Reta";"Não";2;0;0;2;0;0;2;1;-21,28733502;-42,41671085;"SPRF-MG";"DEL07-MG";"UOP02-DEL07-MG"
474762;2022-09-16;"sexta-feira";"17:15:00";"ES";101;311;"VIANA";"Chuva";"Colisão com objeto";"Com Vítimas Feridas";"Anoitecer";"Decrescente";"Chuva";"Dupla";"Reta";"Não";3;0;2;0;1;0;2;1;-20,43478198;-40,45963937;"SPRF-ES";"DEL01-ES";"UOP01-DEL01-ES"
474763;2022-09-16;"sexta-feira";"16:40:00";"SC";101;146;"ITAPEMA";"Condutor deixou de manter distância do veículo da frente";"Colisão traseira";"Com Vítimas Feridas";"Pleno dia";"Decrescente";"Nublado";"Dupla";"Reta";"Não";4;0;2;0;2;0;2;3;-27,08666525;-48,60955587;"SPRF-SC";"DEL04-SC";"UOP03-DEL04-SC"
474764;2022-09-16;"sexta-feira";"17:00:00";"PR";376;181;"MARINGA";"Ausência de reação do condutor";"Engavetamento";"Sem Vítimas";"Pleno dia";"Crescente";"Céu Claro";"Dupla";"Reta";"Sim";4;0;0;0;4;0;0;4;-23,43197477;-51,88671852;"SPRF-PR";"DEL09-PR";"UOP01-DEL09-PR"
474765;2022-09-16;"sexta-feira";"17:10:00";"GO";153;520,4;"APARECIDA DE GOIANIA";"Transitar na contramão";"Colisão transversal";"Com Vítimas Feridas";"Pleno dia";"Crescente";"Céu Claro";"Simples";"Interseção de Vias";"Sim";2;0;0;1;1;0;1;2;-16,8847;-49,254;"SPRF-GO";"DEL01-GO";"UOP03-DEL01-GO"
474767;2022-09-16;"sexta-feira";"17:25:00";"MG";262;357;"BETIM";"Reação tardia ou ineficiente do condutor";"Colisão traseira";"Com Vítimas Feridas";"Anoitecer";"Decrescente";"Nublado";"Dupla";"Reta";"Não";4;0;2;0;2;0;2;2;-19,97470835;-44,18804897;"SPRF-MG";"DEL01-MG";"UOP03-DEL01-MG"