"id";"data_inversa";"dia_semana";"horario";"uf";"br";"km";"municipio";"causa_acidente";"tipo_acidente";"classificacao_acidente";"fase_dia";"sentido_via";"condicao_metereologica";"tipo_pista";"tracado_via";"uso_solo";"pessoas";"mortos";"feridos_leves";"feridos_graves";"ilesos";"ignorados";"feridos";"veiculos";"latitude";"longitude";"regional";"delegacia";"uop"
474883;2022-09-17;"sábado";"03:50:00";"PR";277;723;"FOZ DO IGUACU";"Ingestão de álcool pelo condutor";"Colisão traseira";"Com Vítimas Feridas";"Plena Noite";"Crescente";"Céu Claro";"Dupla";"Reta";"Sim";4;0;1;0;2;1;1;3;-25,49878215;-54,52985294;"SPRF-PR";"DEL05-PR";"UOP03-DEL05-PR"
474884;2022-09-17;"sábado";"04:31:00";"BA";135;205;"SAO DESIDERIO";"Ingestão de álcool pelo condutor";"Colisão traseira";"Com Vítimas Feridas";"Plena Noite";"Decrescente";"Céu Claro";"Simples";"Reta";"Sim";4;0;2;0;2;0;2;3;-12,35482255;-44,98527479;"SPRF-BA";"DEL10-BA";"UOP01-DEL10-BA"
474885;2022-09-17;"sábado";"04:10:00";"RS";116;321;"BARRA DO RIBEIRO";"Ausência de reação do condutor";"Saída de leito carroçável";"Com Vítimas Feridas";"Plena Noite";"Decrescente";"Céu Claro";"Dupla";"Retorno Regulamentado";"Não";2;0;2;0;0;0;2;1;-30,299611;-51,417233;"SPRF-RS";"DEL02-RS";"UOP01-DEL02-RS"
474886;2022-09-17;"sábado";"04:05:00";"RS";472;587;"URUGUAIANA";"Ausência de reação do condutor";"Saída de leito carroçável";"Com Vítimas Feridas";"Plena Noite";"Crescente";"Céu Claro";"Simples";"Reta";"Não";1;0;1;0;0;0;1;1;-29,83303859;-57,10476637;"SPRF-RS";"DEL13-RS";"UOP01-DEL13-RS"
474887;2022-09-17;"sábado";"04:40:00";"SP";153;73;"SAO JOSE DO RIO PRETO";"Ingestão de álcool pelo condutor";"Colisão traseira";"Com Vítimas Feridas";"Amanhecer";"Crescente";"Céu Claro";"Dupla";"Reta";"Sim";2;0;1;0;1;0;1;2;-20,87627206;-49,42004692;"SPRF-SP";"DEL09-SP";"UOP01-DEL09-SP"
474889;2022-09-17;"sábado";"03:54:00";"MG";50;184,2;"UBERABA";"Acessar a via sem observar a presença dos outros veículos";"Colisão transversal";"Com Vítimas Feridas";"Plena Noite";"Decrescente";"Céu Claro";"Dupla";"Reta";"Não";3;0;1;0;2;0;1;2;-19,80945315;-47,90078523;"SPRF-MG";"DEL13-MG";"UOP01-DEL13-MG"
474891;2022-09-17;"sábado";"05:55:00";"PI";316;11;"TERESINA";"Reação tardia ou ineficiente do condutor";"Colisão traseira";"Com Vítimas Feridas";"Amanhecer";"Crescente";"Céu Claro";"Simples";"Em Obras;Reta;Interseção de Vias";"Sim";2;0;2;0;0;0;2;2;-5,191739;-42,76076102;"SPRF-PI";"DEL01-PI";"UOP02-DEL01-PI"
474892;2022-09-17;"sábado";"06:45:00";"RS";293;5,1;"PELOTAS";"Velocidade Incompatível";"Saída de leito carroçável";"Com Vítimas Feridas";"Amanhecer";"Decrescente";"Céu Claro";"Simples";"Curva";"Não";1;0;0;1;0;0;1;1;-31,72728361;-52,38253049;"SPRF-RS";"DEL07-RS";"UOP01-DEL07-RS"
474894;2022-09-17;"sábado";"06:30:00";"PR";376;217;"JANDAIA DO SUL";"Desrespeitar a preferência no cruzamento";"Colisão transversal";"Com Vítimas Feridas";"Pleno dia";"Decrescente";"Céu Claro";"Simples";"Interseção de Vias";"Sim";2;0;1;0;0;1;1;2;-23,5978436;-51,62416462;"SPRF-PR";"DEL09-PR";"UOP01-DEL09-PR"
474895;2022-09-17;"sábado";"06:30:00";"RS";116;245;"SAO LEOPOLDO";"Transitar na contramão";"Colisão frontal";"Com Vítimas Feridas";"Pleno dia";"Decrescente";"Céu Claro";"Simples";"Curva";"Sim";3;0;2;0;1;0;2;2;-29,74980902;-51,15125361;"SPRF-RS";"DEL01-RS";"UOP02-DEL01-RS"
474896;2022-09-16;"sexta-feira";"11:00:00";"ES";101;331,5;"GUARAPARI";"Velocidade Incompatível";"Colisão com objeto";"Sem Vítimas";"Pleno dia";"Decrescente";"Nublado";"Dupla";"Curva";"Não";2;0;0;0;2;0;0;1;-20,60149301;-40,50248706;"SPRF-ES";"DEL03-ES";"UOP01-DEL03-ES"
474897;2022-09-17;"sábado";"06:30:00";"BA";135;204;"SAO DESIDERIO";"Ausência de reação do condutor";"Saída de leito carroçável";"Com Vítimas Feridas";"Amanhecer";"Decrescente";"Céu Claro";"Simples";"Curva";"Não";6;0;6;0;0;0;6;1;-12,34852521;-44,99170125;"SPRF-BA";"DEL10-BA";"UOP01-DEL10-BA"
474898;2022-09-17;"sábado";"04:00:00";"PE";232;339;"CUSTODIA";"Ausência de reação do condutor";"Saída de leito carroçável";"Com Vítimas Fatais";"Plena Noite";"Crescente";"Céu Claro";"Simples";"Reta";"Não";1;1;0;0;0;0;0;1;-8,08234604;-37,68530299;"SPRF-PE";"DEL04-PE";"UOP02-DEL04-PE"
474899;2022-09-17;"sábado";"05:45:00";"PR";476;138;"CURITIBA";"Reação tardia ou ineficiente do condutor";"Colisão traseira";"Com Vítimas Feridas";"Plena Noite";"Crescente";"Garoa/Chuvisco";"Dupla";"Reta";"Sim";7;0;2;0;5;0;2;3;-25,505564;-49,283417;"SPRF-PR";"DEL01-PR";"UOP03-DEL01-PR"
474900;2022-09-17;"sábado";"04:30:00";"PR";277;708;"SANTA TEREZINHA DE ITAIPU";"Ausência de sinalização";"Colisão traseira";"Com Vítimas Feridas";"Plena Noite";"Decrescente";"Céu Claro";"Dupla";"Declive;Reta;Viaduto";"Sim";2;0;1;0;0;1;1;2;-25,44290885;-54,39565306;"SPRF-PR";"DEL05-PR";"UOP01-DEL05-PR"
474902;2022-09-16;"sexta-feira";"22:40:00";"MT";70;300;"POXOREO";"Condutor Dormindo";"Saída de leito carroçável";"Com Vítimas Feridas";"Plena Noite";"Decrescente";"Céu Claro";"Simples";"Reta";"Não";5;0;5;0;0;0;5;1;-15,57911988;-54,47201099;"SPRF-MT";"DEL05-MT";"UOP01-DEL05-MT"
474905;2022-09-17;"sábado";"03:30:00";"PR";277;680,8;"MEDIANEIRA";"Condutor Dormindo";"Saída de leito carroçável";"Com Vítimas Feridas";"Plena Noite";"Crescente";"Céu Claro";"Dupla";"Reta";"Não";3;0;2;1;0;0;3;1;-25,32254101;-54,16501799;"SPRF-PR";"DEL05-PR";"UOP01-DEL05-PR"
474906;2022-09-17;"sábado";"07:50:00";"DF";20;0;"BRASILIA";"Ingestão de álcool pelo condutor";"Colisão com objeto";"Sem Vítimas";"Pleno dia";"Decrescente";"Céu Claro";"Dupla";"Reta";"Sim";1;0;0;0;1;0;0;1;-15,688145;-47,858797;"SPRF-DF";"DEL02-DF";"UOP01-DEL02-DF"
474908;2022-09-16;"sexta-feira";"22:40:00";"RO";435;121,7;"CEREJEIRAS";"Redutor de velocidade em desacordo";"Eventos atípicos";"Com Vítimas Feridas";"Plena Noite";"Decrescente";"Céu Claro";"Dupla";"Reta";"Sim";1;0;0;1;0;0;1;1;-13,18899275;-60,80662128;"SPRF-RO";"DEL04-RO";"UOP02-DEL04-RO"
474909;2022-09-17;"sábado";"07:00:00";"PE";408;100;"SAO LOURENCO DA MATA";"Demais falhas mecânicas ou elétricas";"Queda de ocupante de veículo";"Com Vítimas Feridas";"Pleno dia";"Crescente";"Céu Claro";"Dupla";"Viaduto";"Não";1;0;1;0;0;0;1;1;-8,044574;-35,012285;"SPRF-PE";"DEL01-PE";"UOP01-DEL01-PE"
474910;2022-09-17;"sábado";"07:00:00";"BA";116;426;"FEIRA DE SANTANA";"Ausência de reação do condutor";"Colisão traseira";"Com Vítimas Feridas";"Pleno dia";"Decrescente";"Céu Claro";"Simples";"Reta";"Não";2;0;1;0;1;0;1;2;-12,26884086;-38,98874474;"SPRF-BA";"DEL02-BA";"UOP01-DEL02-BA"
474912;2022-09-17;"sábado";"07:20:00";"MG";381;384,4;"SAO GONCALO DO RIO ABAIXO";"Chuva";"Saída de leito carroçável";"Com Vítimas Feridas";"Pleno dia";"Crescente";"Chuva";"Simples";"Em Obras;Curva;Declive";"Não";1;0;1;0;0;0;1;1;-19,835052;-43,373423;"SPRF-MG";"DEL01-MG";"UOP01-DEL01-MG"
474913;2022-09-17;"sábado";"07:00:00";"RJ";101;196;"CASIMIRO DE ABREU";"Chuva";"Saída de leito carroçável";"Sem Vítimas";"Amanhecer";"Decrescente";"Chuva";"Dupla";"Curva";"Não";1;0;0;0;0;1;0;1;-22,49207101;-42,10926701;"SPRF-RJ";"DEL08-RJ";"UOP04-DEL08-RJ"
474914;2022-09-17;"sábado";"06:31:00";"BA";101;710;"EUNAPOLIS";"Demais falhas mecânicas ou elétricas";"Eventos atípicos";"Com Vítimas Feridas";"Pleno dia";"Crescente";"Céu Claro";"Simples";"Reta";"Não";2;0;1;0;0;1;1;1;-16,48838681;-39,57989469;"SPRF-BA";"DEL09-BA";"UOP01-DEL09-BA"
474915;2022-09-17;"sábado";"07:50:00";"PR";277;509,4;"GUARANIACU";"Ausência de reação do condutor";"Colisão traseira";"Com Vítimas Feridas";"Pleno dia";"Crescente";"Céu Claro";"Simples";"Reta";"Não";5;0;1;0;4;0;1;2;-25,12481063;-52,74714195;"SPRF-PR";"DEL04-PR";"UOP01-DEL04-PR"
474916;2022-09-17;"sábado";"07:15:00";"SC";101;148;"ITAPEMA";"Acessar a via sem observar a presença dos outros veículos";"Colisão transversal";"Com Vítimas Feridas";"Pleno dia";"Crescente";"Céu Claro";"Dupla";"Reta";"Sim";2;0;0;1;1;0;1;2;-27,10123686;-48,61807962;"SPRF-SC";"DEL04-SC";"UOP03-DEL04-SC"
474917;2022-09-17;"sábado";"07:20:00";"RJ";101;417;"MANGARATIBA";"Reação tardia ou ineficiente do condutor";"Colisão frontal";"Com Vítimas Feridas";"Pleno dia";"Decrescente";"Nublado";"Simples";"Aclive";"Não";4;0;1;3;0;0;4;2;-22,91293797;-43,89732384;"SPRF-RJ";"DEL03-RJ";"UOP02-DEL03-RJ"
474919;2022-09-17;"sábado";"07:00:00";"SE";101;30;"MURIBECA";"Condutor Dormindo";"Saída de leito carroçável";"Com Vítimas Feridas";"Pleno dia";"Decrescente";"Céu Claro";"Dupla";"Curva;Retorno Regulamentado";"Não";1;0;1;0;0;0;1;1;-10,44544806;-36,93657784;"SPRF-SE";"DEL02-SE";"UOP02-DEL02-SE"
474920;2022-09-17;"sábado";"06:30:00";"SC";101;207;"SAO JOSE";"Desrespeitar a preferência no cruzamento";"Colisão transversal";"Com Vítimas Feridas";"Pleno dia";"Crescente";"Nublado";"Múltipla";"Interseção de Vias";"Sim";2;0;1;0;1;0;1;2;-27,60001226;-48,6226467;"SPRF-SC";"DEL01-SC";"UOP01-DEL01-SC"
474921;2022-09-17;"sábado";"08:30:00";"RJ";101;46;"CAMPOS DOS GOYTACAZES";"Transitar na contramão";"Colisão frontal";"Com Vítimas Feridas";"Pleno dia";"Decrescente";"Nublado";"Simples";"Reta";"Não";3;0;0;3;0;0;3;2;-21,59839998;-41,3168335;"SPRF-RJ";"DEL08-RJ";"UOP01-DEL08-RJ"
474923;2022-09-17;"sábado";"09:00:00";"RS";116;149,7;"CAXIAS DO SUL";"Condutor desrespeitou a iluminação vermelha do semáforo";"Colisão transversal";"Com Vítimas Feridas";"Pleno dia";"Crescente";"Céu Claro";"Dupla";"Interseção de Vias";"Sim";4;0;2;0;2;0;2;2;-29,1712177;-51,15987539;"SPRF-RS";"DEL05-RS";"UOP01-DEL05-RS"
474925;2022-09-17;"sábado";"08:30:00";"MG";381;401;"BOM JESUS DO AMPARO";"Afundamento ou ondulação no pavimento";"Queda de ocupante de veículo";"Com Vítimas Feridas";"Pleno dia";"Decrescente";"Nublado";"Dupla";"Reta";"Não";1;0;0;1;0;0;1;1;-19,74743793;-43,52145519;"SPRF-MG";"DEL01-MG";"UOP01-DEL01-MG"
474928;2022-09-17;"sábado";"07:20:00";"SC";101;146,8;"ITAPEMA";"Desrespeitar a preferência no cruzamento";"Colisão transversal";"Com Vítimas Feridas";"Pleno dia";"Crescente";"Céu Claro";"Dupla";"Reta";"Sim";2;0;1;0;0;1;1;2;-27,08666525;-48,60955587;"SPRF-SC";"DEL04-SC";"UOP03-DEL04-SC"
474929;2022-09-17;"sábado";"08:45:00";"RS";386;231,3;"SOLEDADE";"Reação tardia ou ineficiente do condutor";"Colisão frontal";"Com Vítimas Feridas";"Pleno dia";"Crescente";"Sol";"Simples";"Declive;Reta";"Não";6;0;5;0;1;0;5;2;-28,704996;-52,582634;"SPRF-RS";"DEL04-RS";"UOP03-DEL04-RS"
474931;2022-09-17;"sábado";"09:44:00";"GO";40;12;"LUZIANIA";"Pedestre andava na pista";"Colisão transversal";"Com Vítimas Feridas";"Pleno dia";"Decrescente";"Céu Claro";"Dupla";"Reta";"Sim";3;0;0;2;0;1;2;2;-16,145123;-47,945382;"SPRF-DF";"DEL01-DF";"UOP01-DEL01-DF"
474932;2022-09-17;"sábado";"09:30:00";"PB";405;32,7;"SAO JOAO DO RIO DO PEIXE";"Transitar na contramão";"Colisão transversal";"Com Vítimas Feridas";"Pleno dia";"Crescente";"Céu Claro";"Simples";"Reta;Interseção de Vias";"Sim";2;0;0;2;0;0;2;2;-6,725567;-38,448807;"SPRF-PB";"DEL03-PB";"UOP03-DEL03-PB"
474933;2022-09-17;"sábado";"08:15:00";"PR";153;31,4;"SANTO ANTONIO DA PLATINA";"Demais Fenômenos da natureza";"Saída de leito carroçável";"Com Vítimas Feridas";"Pleno dia";"Crescente";"Céu Claro";"Simples";"Reta";"Não";1;0;1;0;0;0;1;1;-23,22562828;-50,02584279;"SPRF-PR";"DEL07-PR";"UOP04-DEL07-PR"
474935;2022-09-17;"sábado";"09:15:00";"GO";40;41,5;"LUZIANIA";"Condutor Dormindo";"Saída de leito carroçável";"Sem Vítimas";"Pleno dia";"Crescente";"Céu Claro";"Simples";"Aclive";"Não";1;0;0;0;1;0;0;1;-16,367802;-47,826972;"SPRF-DF";"DEL01-DF";"UOP02-DEL01-DF"
474936;2022-09-17;"sábado";"10:10:00";"RS";285;504;"ENTRE-IJUIS";"Ausência de reação do condutor";"Saída de leito carroçável";"Com Vítimas Feridas";"Pleno dia";"Crescente";"Sol";"Simples";"Reta";"Não";2;0;1;0;1;0;1;1;-28,390814;-54,336575;"SPRF-RS";"DEL10-RS";"UOP01-DEL10-RS"
474938;2022-09-17;"sábado";"08:40:00";"RO";364;197,9;"PIMENTA BUENO";"Transitar na contramão";"Colisão frontal";"Com Vítimas Feridas";"Pleno dia";"Decrescente";"Sol";"Simples";"Retorno Regulamentado";"Sim";2;0;1;0;1;0;1;2;-11,670755;-61,191369;"SPRF-RO";"DEL02-RO";"UOP02-DEL02-RO"
474939;2022-09-17;"sábado";"10:10:00";"PR";376;216,7;"JANDAIA DO SUL";"Desrespeitar a preferência no cruzamento";"Colisão transversal";"Com Vítimas Feridas";"Pleno dia";"Crescente";"Sol";"Simples";"Interseção de Vias";"Sim";2;0;1;0;1;0;1;2;-23,59520327;-51,6413712;"SPRF-PR";"DEL09-PR";"UOP01-DEL09-PR"
474940;2022-09-17;"sábado";"07:30:00";"PR";476;331;"PAULO FRONTIN";"Ausência de reação do condutor";"Colisão lateral mesmo sentido";"Sem Vítimas";"Pleno dia";"Decrescente";"Nublado";"Simples";"Reta";"Não";1;0;0;0;1;0;0;1;-26,116962;-50,820679;"SPRF-PR";"DEL02-PR";"UOP03-DEL02-PR"
474941;2022-09-17;"sábado";"10:40:00";"ES";101;270;"SERRA";"Chuva";"Queda de ocupante de veículo";"Com Vítimas Feridas";"Pleno dia";"Crescente";"Chuva";"Múltipla";"Curva";"Sim";1;0;1;0;0;0;1;1;-20,22662056;-40,27075088;"SPRF-ES";"DEL02-ES";"UOP01-DEL02-ES"
474942;2022-09-17;"sábado";"08:30:00";"SC";101;232,8;"PALHOCA";"Avarias e/ou desgaste excessivo no pneu";"Queda de ocupante de veículo";"Com Vítimas Feridas";"Pleno dia";"Crescente";"Céu Claro";"Dupla";"Curva";"Não";1;0;1;0;0;0;1;1;-27,795666;-48,638153;"SPRF-SC";"DEL01-SC";"UOP02-DEL01-SC"
474943;2022-09-17;"sábado";"10:20:00";"PR";369;360,2;"CAMPO MOURAO";"Manobra de mudança de faixa";"Saída de leito carroçável";"Com Vítimas Feridas";"Pleno dia";"Crescente";"Céu Claro";"Simples";"Reta";"Não";5;0;3;1;1;0;4;1;-24,0869;-52,4066;"SPRF-PR";"DEL09-PR";"UOP03-DEL09-PR"
474944;2022-09-17;"sábado";"09:45:00";"MS";60;454,6;"SIDROLANDIA";"Ausência de reação do condutor";"Saída de leito carroçável";"Com Vítimas Feridas";"Pleno dia";"Crescente";"Céu Claro";"Simples";"Reta";"Não";1;0;1;0;0;0;1;1;-21,00328931;-55,13869705;"SPRF-MS";"DEL01-MS";"UOP04-DEL01-MS"
474945;2022-09-17;"sábado";"11:00:00";"SC";101;146;"ITAPEMA";"Acessar a via sem observar a presença dos outros veículos";"Colisão transversal";"Com Vítimas Feridas";"Pleno dia";"Crescente";"Céu Claro";"Dupla";"Interseção de Vias";"Sim";3;0;2;0;1;0;2;2;-27,08666525;-48,60955587;"SPRF-SC";"DEL04-SC";"UOP03-DEL04-SC"
474946;2022-09-17;"sábado";"06:30:00";"MG";40;824,9;"SIMAO PEREIRA";"Acumulo de água sobre o pavimento";"Capotamento";"Com Vítimas Feridas";"Pleno dia";"Crescente";"Chuva";"Dupla";"Curva";"Não";4;0;1;0;3;0;1;1;-21,9735272;-43,28541842;"SPRF-MG";"DEL05-MG";"UOP01-DEL05-MG"
474947;2022-09-16;"sexta-feira";"19:20:00";"MG";356;264;"MURIAE";"Reação tardia ou ineficiente do condutor";"Colisão traseira";"Com Vítimas Feridas";"Pleno dia";"Decrescente";"Garoa/Chuvisco";"Simples";"Reta";"Sim";5;0;1;1;3;0;2;4;-21,12552649;-42,37547729;"SPRF-MG";"DEL07-MG";"UOP02-DEL07-MG"
474948;2022-09-17;"sábado";"11:00:00";"ES";101;29;"CONCEICAO DA BARRA";"Ultrapassagem Indevida";"Colisão frontal";"Com Vítimas Fatais";"Pleno dia";"Crescente";"Chuva";"Simples";"Aclive";"Não";5;1;0;2;2;0;2;2;-18,39992188;-39,93877968;"SPRF-ES";"DEL04-ES";"UOP02-DEL04-ES"
474952;2022-09-17;"sábado";"11:45:00";"RJ";101;322;"NITEROI";"Velocidade Incompatível";"Colisão traseira";"Com Vítimas Feridas";"Pleno dia";"Decrescente";"Nublado";"Múltipla";"Reta";"Sim";3;0;2;0;1;0;2;2;-22,878923;-43,110676;"SPRF-RJ";"DEL02-RJ";"UOP01-DEL02-RJ"
474953;2022-09-17;"sábado";"09:20:00";"PE";316;103;"OURICURI";"Acessar a via sem observar a presença dos outros veículos";"Colisão lateral mesmo sentido";"Com Vítimas Feridas";"Pleno dia";"Decrescente";"Sol";"Simples";"Reta";"Não";2;0;0;2;0;0;2;2;-7,948398;-39,922055;"SPRF-PE";"DEL05-PE";"UOP02-DEL05-PE"
474955;2022-09-17;"sábado";"11:10:00";"ES";262;97;"DOMINGOS MARTINS";"Acessar a via sem observar a presença dos outros veículos";"Colisão transversal";"Com Vítimas Feridas";"Pleno dia";"Crescente";"Garoa/Chuvisco";"Simples";"Reta;Interseção de Vias";"Não";6;0;3;0;3;0;3;2;-20,354912;-41,087263;"SPRF-ES";"DEL01-ES";"UOP02-DEL01-ES"
474956;2022-09-17;"sábado";"12:17:00";"GO";153;499;"GOIANIA";"Trafegar com motocicleta (ou similar) entre as faixas";"Colisão traseira";"Com Vítimas Fatais";"Pleno dia";"Crescente";"Céu Claro";"Dupla";"Reta";"Sim";3;1;0;0;2;0;0;3;-16,680022;-49,232838;"SPRF-GO";"DEL01-GO";"UOP01-DEL01-GO"
474957;2022-09-17;"sábado";"11:30:00";"MS";60;376;"CAMPO GRANDE";"Ausência de reação do condutor";"Tombamento";"Com Vítimas Feridas";"Pleno dia";"Decrescente";"Céu Claro";"Simples";"Reta";"Não";2;0;1;0;0;1;1;2;-20,59681792;-54,72844509;"SPRF-MS";"DEL01-MS";"UOP04-DEL01-MS"
474959;2022-09-17;"sábado";"10:15:00";"RO";364;13,9;"VILHENA";"Velocidade Incompatível";"Tombamento";"Com Vítimas Feridas";"Pleno dia";"Decrescente";"Céu Claro";"Dupla";"Reta";"Sim";1;0;1;0;0;0;1;1;-12,74140004;-60,13026401;"SPRF-RO";"DEL04-RO";"UOP01-DEL04-RO"
474960;2022-09-17;"sábado";"12:25:00";"DF";70;2,4;"BRASILIA";"Manobra de mudança de faixa";"Colisão lateral mesmo sentido";"Com Vítimas Feridas";"Pleno dia";"Crescente";"Céu Claro";"Dupla";"Reta";"Sim";2;0;1;0;1;0;1;2;-15,798048;-48,073235;"SPRF-DF";"DEL03-DF";"UOP02-DEL03-DF"
474961;2022-09-17;"sábado";"12:20:00";"SC";101;133,8;"BALNEARIO CAMBORIU";"Desrespeitar a preferência no cruzamento";"Colisão transversal";"Com Vítimas Feridas";"Pleno dia";"Crescente";"Céu Claro";"Dupla";"Reta";"Sim";2;0;1;0;1;0;1;2;-27,00218;-48,636433;"SPRF-SC";"DEL04-SC";"UOP03-DEL04-SC"
474965;2022-09-17;"sábado";"13:40:00";"SP";116;217;"GUARULHOS";"Reação tardia ou ineficiente do condutor";"Queda de ocupante de veículo";"Com Vítimas Feridas";"Pleno dia";"Decrescente";"Céu Claro";"Dupla";"Reta";"Sim";1;0;1;0;0;0;1;1;-23,45423824;-46,47119028;"SPRF-SP";"DEL01-SP";"UOP01-DEL01-SP"
474966;2022-08-20;"sábado";"16:25:00";"PR";163;251;"TOLEDO";"Ausência de reação do condutor";"Tombamento";"Com Vítimas Feridas";"Pleno dia";"Decrescente";"Céu Claro";"Dupla";"Reta";"Não";1;0;0;1;0;0;1;1;-24,68936021;-53,76804471;"SPRF-PR";"DEL06-PR";"UOP02-DEL06-PR"
474968;2022-09-17;"sábado";"13:30:00";"BA";324;589,4;"CANDEIAS";"Demais falhas mecânicas ou elétricas";"Incêndio";"Sem Vítimas";"Pleno dia";"Crescente";"Céu Claro";"Dupla";"Reta";"Não";1;0;0;0;1;0;0;1;-12,66425409;-38,4707655;"SPRF-BA";"DEL01-BA";"UOP01-DEL01-BA"
474973;2022-09-17;"sábado";"11:40:00";"PA";230;123;"MARABA";"Manobra de mudança de faixa";"Colisão lateral mesmo sentido";"Com Vítimas Feridas";"Pleno dia";"Crescente";"Céu Claro";"Simples";"Reta";"Sim";3;0;2;1;0;0;3;2;-5,36838526;-49,12886078;"SPRF-PA";"DEL03-PA";"UOP01-DEL03-PA"
474974;2022-09-17;"sábado";"13:35:00";"RJ";101;309;"SAO GONCALO";"Reação tardia ou ineficiente do condutor";"Colisão traseira";"Com Vítimas Feridas";"Pleno dia";"Decrescente";"Céu Claro";"Dupla";"Reta";"Sim";2;0;1;0;0;1;1;2;-22,79498873;-43,03446105;"SPRF-RJ";"DEL02-RJ";"UOP02-DEL02-RJ"
474975;2022-08-04;"quinta-feira";"23:45:00";"PI";343;345;"TERESINA";"Ausência de reação do condutor";"Colisão com objeto";"Com Vítimas Feridas";"Plena Noite";"Crescente";"Ignorado";"Dupla";"Interseção de Vias";"Sim";1;0;0;1;0;0;1;1;-5,10580577;-42,76766365;"SPRF-PI";"DEL01-PI";"UOP01-DEL01-PI"
474977;2022-09-17;"sábado";"14:40:00";"PE";428;192;"PETROLINA";"Acessar a via sem observar a presença dos outros veículos";"Saída de leito carroçável";"Com Vítimas Feridas";"Pleno dia";"Crescente";"Sol";"Dupla";"Curva";"Sim";3;0;1;0;2;0;1;2;-9,38653766;-40,52425331;"SPRF-PE";"DEL06-PE";"UOP01-DEL06-PE"
474979;2022-09-17;"sábado";"15:10:00";"RS";287;251;"SANTA MARIA";"Manobra de mudança de faixa";"Colisão traseira";"Com Vítimas Feridas";"Pleno dia";"Crescente";"Nublado";"Dupla";"Reta";"Sim";3;0;1;0;1;1;1;3;-29,68827644;-53,87839079;"SPRF-RS";"DEL09-RS";"UOP01-DEL09-RS"
474981;2022-09-17;"sábado";"13:50:00";"PA";155;324;"MARABA";"Ausência de reação do condutor";"Saída de leito carroçável";"Com Vítimas Feridas";"Pleno dia";"Decrescente";"Céu Claro";"Simples";"Reta";"Não";2;0;1;1;0;0;2;1;-5,53989402;-49,07533638;"SPRF-PA";"DEL03-PA";"UOP01-DEL03-PA"
474982;2022-09-17;"sábado";"13:38:00";"PB";230;1;"CABEDELO";"Condutor deixou de manter distância do veículo da frente";"Colisão transversal";"Com Vítimas Feridas";"Pleno dia";"Decrescente";"Céu Claro";"Simples";"Reta";"Sim";2;0;2;0;0;0;2;2;-6,9753;-34,8318;"SPRF-PB";"DEL01-PB";"UOP01-DEL01-PB"
474983;2022-09-17;"sábado";"07:50:00";"SC";282;115,6;"ALFREDO WAGNER";"Velocidade Incompatível";"Capotamento";"Com Vítimas Feridas";"Pleno dia";"Decrescente";"Nublado";"Simples";"Reta";"Não";5;0;4;0;1;0;4;1;-27,755424;-49,39444;"SPRF-SC";"DEL01-SC";"UOP03-DEL01-SC"
474984;2022-09-17;"sábado";"15:30:00";"CE";116;17,5;"ITAITINGA";"Ingestão de álcool pelo condutor";"Colisão lateral mesmo sentido";"Com Vítimas Feridas";"Pleno dia";"Crescente";"Céu Claro";"Dupla";"Declive;Reta";"Sim";2;0;1;0;1;0;1;2;-3,89617918;-38,50336042;"SPRF-CE";"DEL01-CE";"UOP02-DEL01-CE"
474985;2022-09-17;"sábado";"15:15:00";"RJ";101;387;"RIO DE JANEIRO";"Velocidade Incompatível";"Colisão traseira";"Com Vítimas Feridas";"Pleno dia";"Crescente";"Céu Claro";"Múltipla";"Reta";"Sim";4;0;2;0;2;0;2;2;-22,88537839;-43,64965688;"SPRF-RJ";"DEL03-RJ";"UOP01-DEL03-RJ"
474986;2022-09-17;"sábado";"14:30:00";"MT";163;749;"SORRISO";"Reação tardia ou ineficiente do condutor";"Tombamento";"Com Vítimas Feridas";"Pleno dia";"Decrescente";"Céu Claro";"Dupla";"Retorno Regulamentado";"Sim";1;0;1;0;0;0;1;1;-12,57321867;-55,72776318;"SPRF-MT";"DEL06-MT";"UOP01-DEL06-MT"
474987;2022-09-17;"sábado";"12:50:00";"GO";70;318;"JUSSARA";"Ingestão de álcool pelo condutor";"Colisão com objeto";"Sem Vítimas";"Pleno dia";"Decrescente";"Céu Claro";"Dupla";"Reta";"Sim";2;0;0;0;1;1;0;2;-15,89001766;-51,04248047;"SPRF-GO";"DEL04-GO";"UOP01-DEL04-GO"
474988;2022-09-17;"sábado";"13:30:00";"RJ";116;104;"GUAPIMIRIM";"Desrespeitar a preferência no cruzamento";"Colisão transversal";"Com Vítimas Feridas";"Pleno dia";"Decrescente";"Nublado";"Dupla";"Retorno Regulamentado";"Não";2;0;1;0;1;0;1;2;-22,50841847;-42,99821493;"SPRF-RJ";"DEL04-RJ";"UOP01-DEL04-RJ"
474989;2022-09-17;"sábado";"13:50:00";"RJ";116;105;"GUAPIMIRIM";"Velocidade Incompatível";"Saída de leito carroçável";"Com Vítimas Feridas";"Pleno dia";"Crescente";"Nublado";"Simples";"Curva";"Não";1;0;1;0;0;0;1;1;-22,51502902;-43,00052292;"SPRF-RJ";"DEL04-RJ";"UOP01-DEL04-RJ"
474993;2022-09-17;"sábado";"16:05:00";"MG";459;90,3;"CONGONHAL";"Velocidade Incompatível";"Saída de leito carroçável";"Com Vítimas Feridas";"Pleno dia";"Decrescente";"Céu Claro";"Simples";"Curva";"Não";3;0;2;1;0;0;3;1;-22,17543756;-45,99791419;"SPRF-MG";"DEL09-MG";"UOP01-DEL09-MG"