"id";"data_inversa";"dia_semana";"horario";"uf";"br";"km";"municipio";"causa_acidente";"tipo_acidente";"classificacao_acidente";"fase_dia";"sentido_via";"condicao_metereologica";"tipo_pista";"tracado_via";"uso_solo";"pessoas";"mortos";"feridos_leves";"feridos_graves";"ilesos";"ignorados";"feridos";"veiculos";"latitude";"longitude";"regional";"delegacia";"uop"
474994;2022-09-17;"sábado";"14:40:00";"SC";280;38,4;"ARAQUARI";"Reação tardia ou ineficiente do condutor";"Colisão transversal";"Com Vítimas Feridas";"Pleno dia";"Decrescente";"Nublado";"Simples";"Reta";"Não";4;0;2;2;0;0;4;2;-26,44812855;-48,82794004;"SPRF-SC";"DEL03-SC";"UOP03-DEL03-SC"
474995;2022-09-17;"sábado";"16:10:00";"SP";116;42;"CACHOEIRA PAULISTA";"Demais falhas mecânicas ou elétricas";"Queda de ocupante de veículo";"Com Vítimas Feridas";"Pleno dia";"Crescente";"Nublado";"Múltipla";"Aclive;Reta";"Não";1;0;1;0;0;0;1;1;-22,69182132;-45,02240378;"SPRF-SP";"DEL08-SP";"UOP02-DEL08-SP"
474997;2022-09-17;"sábado";"16:20:00";"SC";101;149;"ITAPEMA";"Trafegar com motocicleta (ou similar) entre as faixas";"Colisão lateral mesmo sentido";"Com Vítimas Feridas";"Pleno dia";"Decrescente";"Céu Claro";"Múltipla";"Reta";"Não";3;0;1;0;2;0;1;2;-27,1089649;-48,61277586;"SPRF-SC";"DEL04-SC";"UOP03-DEL04-SC"
474998;2022-09-17;"sábado";"16:45:00";"SC";101;149;"ITAPEMA";"Velocidade Incompatível";"Engavetamento";"Sem Vítimas";"Pleno dia";"Decrescente";"Céu Claro";"Dupla";"Reta";"Sim";10;0;0;0;9;1;0;5;-27,10392711;-48,61647606;"SPRF-SC";"DEL04-SC";"UOP03-DEL04-SC"
474999;2022-09-17;"sábado";"15:00:00";"PR";158;400,6;"LARANJEIRAS DO SUL";"Ultrapassagem Indevida";"Colisão frontal";"Com Vítimas Feridas";"Pleno dia";"Crescente";"Céu Claro";"Simples";"Curva;Aclive";"Não";2;0;1;0;1;0;1;2;-25,3377499;-52,36366805;"SPRF-PR";"DEL04-PR";"UOP02-DEL04-PR"
475002;2022-09-17;"sábado";"16:40:00";"PB";101;86;"JOAO PESSOA";"Trafegar com motocicleta (ou similar) entre as faixas";"Colisão traseira";"Com Vítimas Feridas";"Pleno dia";"Crescente";"Céu Claro";"Dupla";"Reta";"Sim";3;0;1;0;2;0;1;3;-7,15638643;-34,90723964;"SPRF-PB";"DEL01-PB";"UOP01-DEL01-PB"
475004;2022-09-17;"sábado";"17:00:00";"SP";101;50;"UBATUBA";"Reação tardia ou ineficiente do condutor";"Colisão transversal";"Com Vítimas Feridas";"Pleno dia";"Crescente";"Céu Claro";"Simples";"Reta";"Sim";2;0;1;0;1;0;1;2;-23,45018939;-45,07743735;"SPRF-SP";"DEL06-SP";"UOP01-DEL06-SP"
475006;2022-09-17;"sábado";"17:00:00";"PE";423;96,9;"GARANHUNS";"Ingestão de álcool pelo condutor";"Colisão traseira";"Sem Vítimas";"Pleno dia";"Crescente";"Nublado";"Simples";"Interseção de Vias";"Sim";2;0;0;0;2;0;0;2;-8,87751372;-36,49917841;"SPRF-PE";"DEL03-PE";"UOP01-DEL03-PE"
475007;2022-09-17;"sábado";"17:00:00";"SC";101;204;"SAO JOSE";"Condutor deixou de manter distância do veículo da frente";"Colisão traseira";"Sem Vítimas";"Pleno dia";"Crescente";"Nublado";"Múltipla";"Reta";"Sim";4;0;0;0;3;1;0;3;-27,57413014;-48,61363083;"SPRF-SC";"DEL01-SC";"UOP01-DEL01-SC"
475008;2022-09-17;"sábado";"15:30:00";"PE";407;125;"PETROLINA";"Acessar a via sem observar a presença dos outros veículos";"Colisão transversal";"Com Vítimas Feridas";"Pleno dia";"Decrescente";"Céu Claro";"Dupla";"Reta";"Sim";2;0;0;1;1;0;1;2;-9,37739336;-40,53595733;"SPRF-PE";"DEL06-PE";"UOP01-DEL06-PE"
475009;2022-09-17;"sábado";"15:10:00";"MG";116;649,7;"FERVEDOURO";"Acumulo de água sobre o pavimento";"Colisão lateral mesmo sentido";"Com Vítimas Feridas";"Pleno dia";"Crescente";"Chuva";"Simples";"Curva;Declive";"Não";3;0;2;0;1;0;2;2;-20,71848513;-42,27851814;"SPRF-MG";"DEL07-MG";"UOP03-DEL07-MG"
475010;2022-09-17;"sábado";"16:32:00";"PB";101;87;"JOAO PESSOA";"Reação tardia ou ineficiente do condutor";"Colisão traseira";"Sem Vítimas";"Anoitecer";"Crescente";"Céu Claro";"Dupla";"Reta";"Não";4;0;0;0;4;0;0;2;-7,15886802;-34,90628504;"SPRF-PB";"DEL01-PB";"UOP01-DEL01-PB"
475013;2022-09-17;"sábado";"17:20:00";"GO";452;0;"RIO VERDE";"Ingestão de álcool pelo condutor";"Colisão lateral mesmo sentido";"Sem Vítimas";"Pleno dia";"Crescente";"Céu Claro";"Múltipla";"Retorno Regulamentado";"Sim";3;0;0;0;3;0;0;2;-17,786345;-50,901516;"SPRF-GO";"DEL04-GO";"UOP01-DEL04-GO"
475014;2022-09-17;"sábado";"17:05:00";"BA";324;527;"FEIRA DE SANTANA";"Velocidade Incompatível";"Colisão traseira";"Sem Vítimas";"Pleno dia";"Decrescente";"Céu Claro";"Dupla";"Curva";"Não";2;0;0;0;2;0;0;2;-12,31943738;-38,87271881;"SPRF-BA";"DEL01-BA";"UOP03-DEL01-BA"
475016;2022-09-08;"quinta-feira";"07:50:00";"MA";10;218;"GOVERNADOR EDISON LOBAO";"Manobra de mudança de faixa";"Saída de leito carroçável";"Com Vítimas Feridas";"Pleno dia";"Decrescente";"Céu Claro";"Simples";"Reta";"Não";2;0;0;1;0;1;1;2;-5,808956;-47,358917;"SPRF-MA";"DEL04-MA";"UOP01-DEL04-MA"
475017;2022-09-17;"sábado";"17:50:00";"SE";235;1;"ARACAJU";"Manobra de mudança de faixa";"Colisão traseira";"Com Vítimas Feridas";"Plena Noite";"Crescente";"Céu Claro";"Dupla";"Reta";"Sim";1;0;1;0;0;0;1;1;-10,9073;-37,0947;"SPRF-SE";"DEL01-SE";"UOP01-DEL01-SE"
475018;2022-09-17;"sábado";"18:10:00";"PE";428;187;"PETROLINA";"Reação tardia ou ineficiente do condutor";"Colisão lateral mesmo sentido";"Com Vítimas Feridas";"Plena Noite";"Decrescente";"Céu Claro";"Dupla";"Interseção de Vias";"Sim";2;0;1;0;1;0;1;2;-9,35604301;-40,47854198;"SPRF-PE";"DEL06-PE";"UOP01-DEL06-PE"
475020;2022-09-17;"sábado";"17:50:00";"MG";365;6,3;"MONTES CLAROS";"Acumulo de óleo sobre o pavimento";"Queda de ocupante de veículo";"Com Vítimas Feridas";"Anoitecer";"Decrescente";"Chuva";"Simples";"Curva";"Não";1;0;0;1;0;0;1;1;-16,76417412;-43,88409886;"SPRF-MG";"DEL12-MG";"UOP01-DEL12-MG"
475021;2022-09-17;"sábado";"17:25:00";"PE";101;174,8;"JOAQUIM NABUCO";"Velocidade Incompatível";"Capotamento";"Com Vítimas Feridas";"Anoitecer";"Crescente";"Céu Claro";"Dupla";"Curva";"Não";2;0;1;0;1;0;1;1;-8,602919;-35,534279;"SPRF-PE";"DEL01-PE";"UOP03-DEL01-PE"
475022;2022-09-17;"sábado";"17:30:00";"RS";153;24;"TRES ARROIOS";"Acessar a via sem observar a presença dos outros veículos";"Colisão transversal";"Com Vítimas Feridas";"Pleno dia";"Crescente";"Céu Claro";"Simples";"Curva";"Não";2;0;1;0;0;1;1;2;-27,496881;-52,118395;"SPRF-RS";"DEL08-RS";"UOP04-DEL08-RS"
475023;2022-09-17;"sábado";"18:20:00";"MG";365;672,2;"MONTE ALEGRE DE MINAS";"Problema na suspensão";"Colisão frontal";"Sem Vítimas";"Anoitecer";"Crescente";"Céu Claro";"Simples";"Rotatória";"Não";2;0;0;0;2;0;0;1;-18,87919566;-48,74332477;"SPRF-MG";"DEL15-MG";"UOP01-DEL15-MG"
475024;2022-09-17;"sábado";"17:30:00";"SC";101;208,3;"SAO JOSE";"Condutor deixou de manter distância do veículo da frente";"Colisão traseira";"Com Vítimas Feridas";"Anoitecer";"Decrescente";"Céu Claro";"Múltipla";"Reta";"Sim";3;0;1;0;2;0;1;2;-27,60327979;-48,63201818;"SPRF-SC";"DEL01-SC";"UOP01-DEL01-SC"
475025;2022-09-17;"sábado";"16:00:00";"AP";210;0;"MACAPA";"Acessar a via sem observar a presença dos outros veículos";"Colisão transversal";"Sem Vítimas";"Pleno dia";"Decrescente";"Céu Claro";"Múltipla";"Reta";"Sim";2;0;0;0;1;1;0;2;0,07780012;-51,06097;"SPRF-AP";"DEL01-AP";"UOP01-DEL01-AP"
475026;2022-09-17;"sábado";"18:00:00";"SC";101;207;"SAO JOSE";"Condutor deixou de manter distância do veículo da frente";"Colisão traseira";"Com Vítimas Feridas";"Anoitecer";"Crescente";"Nublado";"Dupla";"Reta";"Sim";2;0;1;0;1;0;1;2;-27,60001226;-48,6226467;"SPRF-SC";"DEL01-SC";"UOP01-DEL01-SC"
475027;2022-09-17;"sábado";"18:20:00";"PR";376;492,5;"PONTA GROSSA";"Condutor deixou de manter distância do veículo da frente";"Colisão traseira";"Com Vítimas Fatais";"Anoitecer";"Decrescente";"Céu Claro";"Dupla";"Reta";"Não";4;1;0;0;1;2;0;3;-25,1202572;-50,18486738;"SPRF-PR";"DEL03-PR";"UOP01-DEL03-PR"
475028;2022-09-17;"sábado";"14:30:00";"PB";230;475,1;"SOUSA";"Ausência de reação do condutor";"Tombamento";"Com Vítimas Feridas";"Pleno dia";"Crescente";"Sol";"Simples";"Reta";"Não";1;0;0;1;0;0;1;1;-6,835674;-38,315232;"SPRF-PB";"DEL03-PB";"UOP03-DEL03-PB"
475030;2022-09-17;"sábado";"19:10:00";"PE";423;64;"LAJEDO";"Ingestão de álcool pelo condutor";"Colisão transversal";"Com Vítimas Feridas";"Plena Noite";"Crescente";"Céu Claro";"Simples";"Reta";"Não";3;0;2;0;1;0;2;2;-8,66427961;-36,35636509;"SPRF-PE";"DEL03-PE";"UOP01-DEL03-PE"
475031;2022-09-17;"sábado";"05:55:00";"RS";285;73,7;"BOM JESUS";"Demais falhas mecânicas ou elétricas";"Colisão com objeto";"Com Vítimas Feridas";"Plena Noite";"Crescente";"Céu Claro";"Simples";"Reta";"Não";1;0;0;1;0;0;1;1;-28,63553413;-50,54286003;"SPRF-RS";"DEL05-RS";"UOP03-DEL05-RS"
475032;2022-09-17;"sábado";"19:10:00";"SC";280;59,8;"GUARAMIRIM";"Reação tardia ou ineficiente do condutor";"Colisão transversal";"Com Vítimas Feridas";"Plena Noite";"Crescente";"Nublado";"Simples";"Curva";"Sim";2;0;1;0;1;0;1;2;-26,47537495;-49,03131723;"SPRF-SC";"DEL03-SC";"UOP03-DEL03-SC"
475034;2022-09-17;"sábado";"19:00:00";"PR";476;129;"CURITIBA";"Pedestre andava na pista";"Atropelamento de Pedestre";"Com Vítimas Fatais";"Plena Noite";"Decrescente";"Garoa/Chuvisco";"Múltipla";"Reta";"Sim";2;1;1;0;0;0;1;2;-25,440983;-49,233715;"SPRF-PR";"DEL01-PR";"UOP01-DEL01-PR"
475035;2022-09-17;"sábado";"18:00:00";"MT";163;744;"SORRISO";"Reação tardia ou ineficiente do condutor";"Colisão lateral mesmo sentido";"Com Vítimas Feridas";"Anoitecer";"Decrescente";"Céu Claro";"Simples";"Aclive";"Não";4;0;1;1;2;0;2;2;-12,71577635;-55,82368745;"SPRF-MT";"DEL06-MT";"UOP01-DEL06-MT"
475036;2022-09-17;"sábado";"18:45:00";"SC";470;33,3;"GASPAR";"Ausência de reação do condutor";"Colisão transversal";"Com Vítimas Feridas";"Plena Noite";"Crescente";"Nublado";"Dupla";"Reta";"Não";2;0;1;0;1;0;1;2;-26,906223;-48,940575;"SPRF-SC";"DEL04-SC";"UOP01-DEL04-SC"
475037;2022-09-17;"sábado";"19:40:00";"GO";60;99;"ANAPOLIS";"Condutor deixou de manter distância do veículo da frente";"Colisão traseira";"Com Vítimas Feridas";"Plena Noite";"Decrescente";"Céu Claro";"Simples";"Rotatória;Viaduto";"Sim";3;0;2;0;1;0;2;2;-16,3924;-48,9588;"SPRF-GO";"DEL02-GO";"UOP01-DEL02-GO"
475038;2022-09-17;"sábado";"19:00:00";"SC";101;357;"SANGAO";"Acessar a via sem observar a presença dos outros veículos";"Colisão frontal";"Com Vítimas Feridas";"Plena Noite";"Decrescente";"Ignorado";"Dupla";"Retorno Regulamentado";"Não";2;0;1;0;1;0;1;2;-28,644;-49,101;"SPRF-SC";"DEL02-SC";"UOP01-DEL02-SC"
475039;2022-09-17;"sábado";"18:50:00";"ES";101;265,6;"SERRA";"Acessar a via sem observar a presença dos outros veículos";"Colisão lateral mesmo sentido";"Com Vítimas Feridas";"Plena Noite";"Decrescente";"Chuva";"Múltipla";"Reta";"Sim";2;0;1;0;0;1;1;2;-20,1816849;-40,26536036;"SPRF-ES";"DEL02-ES";"UOP01-DEL02-ES"
475041;2022-09-17;"sábado";"19:41:00";"ES";101;102,6;"SOORETAMA";"Ausência de reação do condutor";"Saída de leito carroçável";"Com Vítimas Feridas";"Plena Noite";"Crescente";"Céu Claro";"Simples";"Reta;Declive";"Não";2;0;1;1;0;0;2;1;-18,99655669;-40,00319452;"SPRF-ES";"DEL04-ES";"UOP01-DEL04-ES"
475042;2022-09-17;"sábado";"19:40:00";"PR";369;158;"CAMBE";"Reação tardia ou ineficiente do condutor";"Colisão traseira";"Com Vítimas Feridas";"Plena Noite";"Crescente";"Céu Claro";"Dupla";"Reta";"Sim";3;0;1;0;2;0;1;2;-23,28533599;-51,23823881;"SPRF-PR";"DEL07-PR";"UOP01-DEL07-PR"
475043;2022-09-17;"sábado";"19:55:00";"PR";476;141,8;"CURITIBA";"Ingestão de álcool pelo condutor";"Colisão traseira";"Sem Vítimas";"Plena Noite";"Decrescente";"Nublado";"Dupla";"Reta";"Sim";2;0;0;0;2;0;0;2;-25,537161;-49,301632;"SPRF-PR";"DEL01-PR";"UOP03-DEL01-PR"
475045;2022-09-17;"sábado";"19:34:00";"MG";146;490;"POCOS DE CALDAS";"Acessar a via sem observar a presença dos outros veículos";"Colisão transversal";"Com Vítimas Feridas";"Plena Noite";"Crescente";"Céu Claro";"Simples";"Reta";"Sim";2;0;1;0;0;1;1;2;-21,807822;-46,474427;"SPRF-MG";"DEL09-MG";"UOP01-DEL09-MG"
475046;2022-09-17;"sábado";"18:00:00";"MS";60;47,7;"PARAISO DAS AGUAS";"Estacionar ou parar em local proibido";"Colisão transversal";"Com Vítimas Feridas";"Plena Noite";"Crescente";"Céu Claro";"Simples";"Reta";"Não";5;0;0;1;4;0;1;2;-18,97286448;-52,8884399;"SPRF-MS";"DEL08-MS";"UOP01-DEL08-MS"
475048;2022-09-17;"sábado";"20:00:00";"RS";290;101;"PORTO ALEGRE";"Ausência de reação do condutor";"Colisão traseira";"Com Vítimas Feridas";"Plena Noite";"Crescente";"Céu Claro";"Dupla";"Ponte;Reta";"Sim";2;0;1;0;1;0;1;2;-29,98810962;-51,23679469;"SPRF-RS";"DEL01-RS";"UOP01-DEL01-RS"
475049;2022-09-17;"sábado";"20:10:00";"PR";476;142;"CURITIBA";"Velocidade Incompatível";"Saída de leito carroçável";"Com Vítimas Feridas";"Plena Noite";"Crescente";"Nublado";"Múltipla";"Reta";"Sim";2;0;1;0;0;1;1;2;-25,537161;-49,301632;"SPRF-PR";"DEL01-PR";"UOP03-DEL01-PR"
475050;2022-09-17;"sábado";"20:30:00";"RS";472;138;"TRES DE MAIO";"Ingestão de álcool pelo condutor";"Colisão com objeto";"Sem Vítimas";"Plena Noite";"Decrescente";"Céu Claro";"Simples";"Rotatória";"Não";1;0;0;0;0;1;0;1;-27,774688;-54,294242;"SPRF-RS";"DEL10-RS";"UOP01-DEL10-RS"
475052;2022-09-17;"sábado";"19:25:00";"RJ";116;138;"DUQUE DE CAXIAS";"Ingestão de álcool pelo condutor";"Colisão com objeto";"Sem Vítimas";"Plena Noite";"Crescente";"Céu Claro";"Dupla";"Reta";"Não";3;0;0;0;3;0;0;1;-22,64697319;-43,19165101;"SPRF-RJ";"DEL01-RJ";"UOP01-DEL01-RJ"
475053;2022-09-17;"sábado";"20:10:00";"BA";101;881;"TEIXEIRA DE FREITAS";"Velocidade Incompatível";"Colisão traseira";"Com Vítimas Feridas";"Plena Noite";"Crescente";"Chuva";"Simples";"Reta";"Sim";3;0;1;0;2;0;1;2;-17,57433016;-39,73468607;"SPRF-BA";"DEL09-BA";"UOP02-DEL09-BA"
475054;2022-09-17;"sábado";"20:50:00";"RJ";101;296;"ITABORAI";"Manobra de mudança de faixa";"Colisão lateral mesmo sentido";"Com Vítimas Feridas";"Plena Noite";"Crescente";"Céu Claro";"Dupla";"Reta";"Não";3;0;1;0;2;0;1;2;-22,7670498;-42,91019601;"SPRF-RJ";"DEL02-RJ";"UOP02-DEL02-RJ"
475055;2022-09-17;"sábado";"20:20:00";"SC";101;213;"PALHOCA";"Ultrapassagem Indevida";"Colisão lateral mesmo sentido";"Sem Vítimas";"Plena Noite";"Crescente";"Céu Claro";"Dupla";"Reta";"Sim";2;0;0;0;2;0;0;2;-27,63697369;-48,66514142;"SPRF-SC";"DEL01-SC";"UOP02-DEL01-SC"
475057;2022-09-17;"sábado";"21:00:00";"PR";277;726,5;"FOZ DO IGUACU";"Acesso irregular";"Saída de leito carroçável";"Sem Vítimas";"Plena Noite";"Decrescente";"Ignorado";"Dupla";"Rotatória";"Sim";1;0;0;0;0;1;0;1;-25,5106015;-54,55481999;"SPRF-PR";"DEL05-PR";"UOP03-DEL05-PR"
475058;2022-09-17;"sábado";"20:30:00";"PB";101;82;"BAYEUX";"Ingestão de álcool pelo condutor";"Colisão com objeto";"Sem Vítimas";"Plena Noite";"Decrescente";"Céu Claro";"Dupla";"Reta";"Sim";1;0;0;0;0;1;0;1;-7,12911;-34,93714;"SPRF-PB";"DEL01-PB";"UOP01-DEL01-PB"
475060;2022-09-17;"sábado";"18:00:00";"RN";110;1,1;"AREIA BRANCA";"Ausência de reação do condutor";"Colisão traseira";"Com Vítimas Feridas";"Plena Noite";"Decrescente";"Céu Claro";"Simples";"Interseção de Vias";"Sim";2;0;0;1;1;0;1;2;-4,94073062;-37,10794982;"SPRF-RN";"DEL04-RN";"UOP01-DEL04-RN"
475061;2022-09-17;"sábado";"21:00:00";"PR";277;26;"MORRETES";"Avarias e/ou desgaste excessivo no pneu";"Tombamento";"Com Vítimas Feridas";"Plena Noite";"Crescente";"Céu Claro";"Dupla";"Reta";"Não";5;0;1;0;4;0;1;2;-25,53734954;-48,76831055;"SPRF-PR";"DEL01-PR";"UOP05-DEL01-PR"
475062;2022-09-17;"sábado";"21:00:00";"GO";70;19,5;"AGUAS LINDAS DE GOIAS";"Reação tardia ou ineficiente do condutor";"Colisão transversal";"Com Vítimas Feridas";"Plena Noite";"Decrescente";"Nublado";"Simples";"Declive";"Sim";1;0;1;0;0;0;1;1;-15,74341871;-48,36574849;"SPRF-DF";"DEL03-DF";"UOP02-DEL03-DF"
475063;2022-09-17;"sábado";"20:20:00";"PE";101;50,9;"ABREU E LIMA";"Manobra de mudança de faixa";"Colisão lateral mesmo sentido";"Com Vítimas Feridas";"Plena Noite";"Crescente";"Céu Claro";"Múltipla";"Reta";"Sim";5;0;0;2;3;0;2;2;-7,91744268;-34,89705205;"SPRF-PE";"DEL01-PE";"UOP02-DEL01-PE"
475065;2022-09-17;"sábado";"20:40:00";"MT";70;8;"BARRA DO GARCAS";"Transitar no acostamento";"Atropelamento de Pedestre";"Com Vítimas Feridas";"Plena Noite";"Crescente";"Céu Claro";"Simples";"Reta";"Sim";2;0;1;0;1;0;1;2;-15,87825854;-52,325823;"SPRF-MT";"DEL07-MT";"UOP01-DEL07-MT"
475067;2022-09-17;"sábado";"21:30:00";"PB";230;4;"CABEDELO";"Velocidade Incompatível";"Colisão com objeto";"Com Vítimas Feridas";"Plena Noite";"Crescente";"Céu Claro";"Dupla";"Declive;Em Obras;Viaduto";"Sim";1;0;0;1;0;0;1;1;-7,0004;-34,8284;"SPRF-PB";"DEL01-PB";"UOP01-DEL01-PB"
475068;2022-09-17;"sábado";"21:55:00";"SP";116;16;"LAVRINHAS";"Pedestre andava na pista";"Atropelamento de Pedestre";"Com Vítimas Fatais";"Plena Noite";"Crescente";"Céu Claro";"Dupla";"Reta";"Não";4;1;0;0;1;2;0;2;-22,55822433;-44,83795788;"SPRF-SP";"DEL08-SP";"UOP02-DEL08-SP"
475070;2022-09-17;"sábado";"19:35:00";"PI";402;33;"PARNAIBA";"Velocidade Incompatível";"Saída de leito carroçável";"Sem Vítimas";"Plena Noite";"Decrescente";"Céu Claro";"Simples";"Reta";"Sim";1;0;0;0;0;1;0;1;-2,94013723;-41,74088001;"SPRF-PI";"DEL05-PI";"UOP01-DEL05-PI"
475071;2022-09-17;"sábado";"21:20:00";"MT";174;2;"PONTES E LACERDA";"Transitar na contramão";"Colisão com objeto";"Com Vítimas Feridas";"Plena Noite";"Crescente";"Céu Claro";"Simples";"Reta";"Sim";2;0;1;0;1;0;1;2;-15,2443777;-59,33266282;"SPRF-MT";"DEL04-MT";"UOP01-DEL04-MT"
475072;2022-09-17;"sábado";"21:10:00";"PR";163;154;"SANTA LUCIA";"Reação tardia ou ineficiente do condutor";"Saída de leito carroçável";"Com Vítimas Feridas";"Plena Noite";"Crescente";"Céu Claro";"Simples";"Reta";"Não";2;0;1;0;1;0;1;1;-25,38467195;-53,57633054;"SPRF-PR";"DEL05-PR";"UOP05-DEL05-PR"
475073;2022-09-17;"sábado";"20:20:00";"MS";163;455,3;"CAMPO GRANDE";"Ausência de reação do condutor";"Colisão lateral mesmo sentido";"Sem Vítimas";"Plena Noite";"Decrescente";"Céu Claro";"Simples";"Reta";"Não";3;0;0;0;3;0;0;2;-20,59333773;-54,58084166;"SPRF-MS";"DEL01-MS";"UOP01-DEL01-MS"
475074;2022-09-17;"sábado";"19:15:00";"MA";10;255;"IMPERATRIZ";"Acessar a via sem observar a presença dos outros veículos";"Colisão transversal";"Com Vítimas Feridas";"Plena Noite";"Decrescente";"Céu Claro";"Simples";"Interseção de Vias";"Sim";4;0;2;2;0;0;4;2;-5,50701345;-47,47199893;"SPRF-MA";"DEL04-MA";"UOP01-DEL04-MA"
475075;2022-09-17;"sábado";"18:00:00";"RJ";40;123;"DUQUE DE CAXIAS";"Transitar na contramão";"Tombamento";"Com Vítimas Feridas";"Plena Noite";"Decrescente";"Nublado";"Dupla";"Reta";"Sim";2;0;1;0;1;0;1;2;-22,80072876;-43,29016189;"SPRF-RJ";"DEL01-RJ";"UOP01-DEL01-RJ"
475076;2022-09-17;"sábado";"22:40:00";"SP";116;273,8;"TABOAO DA SERRA";"Manobra de mudança de faixa";"Saída de leito carroçável";"Com Vítimas Feridas";"Plena Noite";"Crescente";"Céu Claro";"Dupla";"Reta";"Sim";2;0;0;1;0;1;1;2;-23,63445084;-46,82418514;"SPRF-SP";"DEL04-SP";"UOP01-DEL04-SP"
475078;2022-09-17;"sábado";"22:30:00";"DF";20;12;"BRASILIA";"Manobra de mudança de faixa";"Colisão lateral mesmo sentido";"Com Vítimas Feridas";"Plena Noite";"Crescente";"Chuva";"Dupla";"Reta";"Não";2;0;0;1;1;0;1;2;-15,642812;-47,757786;"SPRF-DF";"DEL02-DF";"UOP01-DEL02-DF"
475079;2022-09-17;"sábado";"20:15:00";"MA";316;511;"CODO";"Manobra de mudança de faixa";"Tombamento";"Com Vítimas Fatais";"Plena Noite";"Crescente";"Céu Claro";"Simples";"Reta";"Não";1;1;0;0;0;0;0;1;-4,746966;-43,672421;"SPRF-MA";"DEL03-MA";"UOP02-DEL03-MA"
475080;2022-09-17;"sábado";"18:30:00";"MA";316;449;"PERITORO";"Ausência de reação do condutor";"Colisão traseira";"Com Vítimas Feridas";"Anoitecer";"Crescente";"Céu Claro";"Simples";"Reta";"Não";3;0;0;2;1;0;2;2;-4,484224;-44,150776;"SPRF-MA";"DEL03-MA";"UOP01-DEL03-MA"
475082;2022-09-17;"sábado";"22:40:00";"PI";343;11,1;"PARNAIBA";"Ausência de reação do condutor";"Colisão com objeto";"Sem Vítimas";"Plena Noite";"Decrescente";"Céu Claro";"Simples";"Reta";"Sim";2;0;0;0;1;1;0;2;-2,90358238;-41,752565;"SPRF-PI";"DEL05-PI";"UOP01-DEL05-PI"
475083;2022-09-17;"sábado";"23:10:00";"MG";50;164;"UBERABA";"Sinalização mal posicionada";"Saída de leito carroçável";"Sem Vítimas";"Plena Noite";"Decrescente";"Céu Claro";"Dupla";"Em Obras;Declive;Desvio Temporário";"Não";1;0;0;0;1;0;0;1;-19,6847632;-47,99273153;"SPRF-MG";"DEL13-MG";"UOP01-DEL13-MG"
475084;2022-09-17;"sábado";"20:15:00";"SC";282;676,3;"PARAISO";"Transitar na contramão";"Colisão frontal";"Com Vítimas Fatais";"Plena Noite";"Decrescente";"Céu Claro";"Simples";"Curva;Aclive";"Não";3;2;0;1;0;0;1;2;-26,614067;-53,68462;"SPRF-SC";"DEL07-SC";"UOP03-DEL07-SC"
475086;2022-09-17;"sábado";"22:40:00";"AP";210;1;"MACAPA";"Condutor deixou de manter distância do veículo da frente";"Colisão traseira";"Sem Vítimas";"Plena Noite";"Decrescente";"Céu Claro";"Simples";"Reta";"Sim";2;0;0;0;1;1;0;2;0,07816717;-51,06998693;"SPRF-AP";"DEL01-AP";"UOP01-DEL01-AP"
475087;2022-09-17;"sábado";"22:55:00";"RS";386;368,3;"FAZENDA VILANOVA";"Ingestão de álcool pelo condutor";"Colisão traseira";"Sem Vítimas";"Plena Noite";"Decrescente";"Céu Claro";"Dupla";"Reta";"Não";5;0;0;0;5;0;0;2;-29,581799;-51,839783;"SPRF-RS";"DEL04-RS";"UOP02-DEL04-RS"
475089;2022-09-17;"sábado";"16:10:00";"PI";316;307;"PICOS";"Mal súbito do condutor";"Queda de ocupante de veículo";"Com Vítimas Feridas";"Pleno dia";"Crescente";"Céu Claro";"Simples";"Reta;Retorno Regulamentado";"Sim";1;0;0;1;0;0;1;1;-7,07827269;-41,50174881;"SPRF-PI";"DEL04-PI";"UOP01-DEL04-PI"
475091;2022-09-18;"domingo";"00:30:00";"PR";116;122,9;"CURITIBA";"Ingestão de álcool pelo condutor";"Colisão com objeto";"Com Vítimas Feridas";"Plena Noite";"Decrescente";"Nublado";"Dupla";"Curva";"Não";1;0;1;0;0;0;1;1;-25,61157446;-49,31874812;"SPRF-PR";"DEL01-PR";"UOP03-DEL01-PR"
475092;2022-09-18;"domingo";"00:10:00";"MS";158;233;"TRES LAGOAS";"Ingestão de álcool pelo condutor";"Colisão com objeto";"Com Vítimas Feridas";"Plena Noite";"Crescente";"Céu Claro";"Simples";"Curva";"Não";1;0;1;0;0;0;1;1;-20,60182192;-51,63732803;"SPRF-MS";"DEL07-MS";"UOP01-DEL07-MS"
475094;2022-09-17;"sábado";"23:40:00";"MS";163;465,3;"CAMPO GRANDE";"Ausência de reação do condutor";"Colisão lateral mesmo sentido";"Com Vítimas Feridas";"Plena Noite";"Crescente";"Céu Claro";"Simples";"Reta";"Não";5;0;1;0;4;0;1;2;-20,59436908;-54,5809341;"SPRF-MS";"DEL01-MS";"UOP01-DEL01-MS"
475095;2022-09-18;"domingo";"00:10:00";"SP";116;140;"SAO JOSE DOS CAMPOS";"Condutor deixou de manter distância do veículo da frente";"Incêndio";"Sem Vítimas";"Plena Noite";"Decrescente";"Céu Claro";"Dupla";"Reta";"Sim";2;0;0;0;2;0;0;1;-23,16577714;-45,81246193;"SPRF-SP";"DEL02-SP";"UOP01-DEL02-SP"