"id";"data_inversa";"dia_semana";"horario";"uf";"br";"km";"municipio";"causa_acidente";"tipo_acidente";"classificacao_acidente";"fase_dia";"sentido_via";"condicao_metereologica";"tipo_pista";"tracado_via";"uso_solo";"pessoas";"mortos";"feridos_leves";"feridos_graves";"ilesos";"ignorados";"feridos";"veiculos";"latitude";"longitude";"regional";"delegacia";"uop"
475096;2022-09-17;"sábado";"22:00:00";"PR";369;6,5;"JACAREZINHO";"Velocidade Incompatível";"Saída de leito carroçável";"Com Vítimas Feridas";"Plena Noite";"Decrescente";"Céu Claro";"Simples";"Reta";"Não";1;0;1;0;0;0;1;1;-23,00090579;-49,9792099;"SPRF-PR";"DEL07-PR";"UOP01-DEL07-PR"
475097;2022-09-18;"domingo";"01:30:00";"SC";101;199;"BIGUACU";"Animais na Pista";"Atropelamento de Animal";"Com Vítimas Feridas";"Plena Noite";"Decrescente";"Nublado";"Dupla";"Reta";"Sim";1;0;1;0;0;0;1;1;-27,53413705;-48,63003205;"SPRF-SC";"DEL01-SC";"UOP01-DEL01-SC"
475098;2022-09-18;"domingo";"01:10:00";"SC";282;47,9;"AGUAS MORNAS";"Ingestão de álcool pelo condutor";"Saída de leito carroçável";"Com Vítimas Feridas";"Plena Noite";"Decrescente";"Céu Claro";"Simples";"Curva";"Não";1;0;1;0;0;0;1;1;-27,721771;-48,934837;"SPRF-SC";"DEL01-SC";"UOP03-DEL01-SC"
475099;2022-09-17;"sábado";"23:35:00";"MT";158;554,9;"AGUA BOA";"Condutor Dormindo";"Tombamento";"Com Vítimas Fatais";"Plena Noite";"Decrescente";"Céu Claro";"Simples";"Reta";"Não";1;1;0;0;0;0;0;1;-13,95159596;-52,11096305;"SPRF-MT";"DEL07-MT";"UOP02-DEL07-MT"
475100;2022-09-17;"sábado";"22:15:00";"RO";319;51;"PORTO VELHO";"Transitar na contramão";"Colisão frontal";"Com Vítimas Fatais";"Plena Noite";"Crescente";"Céu Claro";"Simples";"Reta";"Sim";3;2;0;0;0;1;0;2;-8,72481;-63,97808;"SPRF-RO";"DEL01-RO";"UOP01-DEL01-RO"
475102;2022-09-18;"domingo";"01:00:00";"PI";135;621;"CRISTALANDIA DO PIAUI";"Pedestre andava na pista";"Atropelamento de Pedestre";"Com Vítimas Feridas";"Amanhecer";"Decrescente";"Céu Claro";"Dupla";"Reta";"Não";2;0;0;1;1;0;1;2;-10,67545919;-45,18255379;"SPRF-PI";"DEL03-PI";"UOP02-DEL03-PI"
475103;2022-09-18;"domingo";"01:30:00";"MG";40;494,4;"ESMERALDAS";"Condutor Dormindo";"Saída de leito carroçável";"Com Vítimas Feridas";"Plena Noite";"Decrescente";"Céu Claro";"Dupla";"Curva";"Não";1;0;1;0;0;0;1;1;-19,650679;-44,199661;"SPRF-MG";"DEL02-MG";"UOP01-DEL02-MG"
475104;2022-09-18;"domingo";"01:25:00";"MG";381;478;"CONTAGEM";"Velocidade Incompatível";"Colisão traseira";"Com Vítimas Feridas";"Plena Noite";"Decrescente";"Céu Claro";"Múltipla";"Aclive;Reta";"Sim";5;0;3;0;2;0;3;3;-19,96204886;-44,03910767;"SPRF-MG";"DEL01-MG";"UOP03-DEL01-MG"
475105;2022-09-18;"domingo";"01:20:00";"PR";277;721;"FOZ DO IGUACU";"Velocidade Incompatível";"Saída de leito carroçável";"Sem Vítimas";"Plena Noite";"Crescente";"Céu Claro";"Dupla";"Reta";"Sim";1;0;0;0;0;1;0;1;-25,4911505;-54,51185421;"SPRF-PR";"DEL05-PR";"UOP03-DEL05-PR"
475106;2022-09-18;"domingo";"00:30:00";"GO";60;36,8;"ALEXANIA";"Condutor deixou de manter distância do veículo da frente";"Colisão traseira";"Com Vítimas Feridas";"Plena Noite";"Decrescente";"Céu Claro";"Dupla";"Reta";"Não";2;0;0;2;0;0;2;1;-16,1119;-48,5299;"SPRF-DF";"DEL03-DF";"UOP01-DEL03-DF"
475107;2022-09-18;"domingo";"02:40:00";"DF";40;3,8;"BRASILIA";"Condutor deixou de manter distância do veículo da frente";"Colisão traseira";"Com Vítimas Feridas";"Plena Noite";"Crescente";"Céu Claro";"Dupla";"Reta";"Sim";2;0;0;1;1;0;1;2;-16,003145;-47,983944;"SPRF-DF";"DEL01-DF";"UOP01-DEL01-DF"
475108;2022-09-18;"domingo";"00:20:00";"GO";153;436;"ANAPOLIS";"Ingestão de álcool pelo condutor";"Colisão traseira";"Com Vítimas Feridas";"Plena Noite";"Crescente";"Céu Claro";"Dupla";"Reta";"Sim";4;0;1;0;2;1;1;3;-16,283987;-48,951763;"SPRF-GO";"DEL02-GO";"UOP01-DEL02-GO"
475109;2022-09-18;"domingo";"02:30:00";"RS";470;221;"GARIBALDI";"Reação tardia ou ineficiente do condutor";"Saída de leito carroçável";"Sem Vítimas";"Plena Noite";"Crescente";"Céu Claro";"Simples";"Rotatória";"Sim";1;0;0;0;0;1;0;1;-29,209235;-51,518006;"SPRF-RS";"DEL06-RS";"UOP01-DEL06-RS"
475110;2022-09-18;"domingo";"02:45:00";"SC";101;214,5;"PALHOCA";"Velocidade Incompatível";"Colisão traseira";"Com Vítimas Feridas";"Plena Noite";"Decrescente";"Céu Claro";"Múltipla";"Reta";"Não";3;0;1;0;2;0;1;2;-27,64443;-48,67057;"SPRF-SC";"DEL01-SC";"UOP02-DEL01-SC"
475111;2022-09-18;"domingo";"01:30:00";"PR";467;89,8;"CASCAVEL";"Transitar na contramão";"Colisão frontal";"Com Vítimas Fatais";"Plena Noite";"Crescente";"Céu Claro";"Dupla";"Reta";"Não";4;1;0;2;0;1;2;3;-24,8416;-53,6168;"SPRF-PR";"DEL04-PR";"UOP01-DEL04-PR"
475114;2022-09-18;"domingo";"04:15:00";"SP";101;20;"UBATUBA";"Ausência de reação do condutor";"Colisão com objeto";"Com Vítimas Feridas";"Plena Noite";"Decrescente";"Céu Claro";"Simples";"Curva";"Não";1;0;1;0;0;0;1;1;-23,32846069;-44,91369021;"SPRF-SP";"DEL06-SP";"UOP01-DEL06-SP"
475115;2022-09-17;"sábado";"08:30:00";"SC";101;292,7;"IMBITUBA";"Reação tardia ou ineficiente do condutor";"Tombamento";"Com Vítimas Feridas";"Pleno dia";"Decrescente";"Céu Claro";"Simples";"Reta";"Não";1;0;0;1;0;0;1;1;-28,278057;-48,700386;"SPRF-SC";"DEL02-SC";"UOP03-DEL02-SC"
475116;2022-09-18;"domingo";"01:20:00";"PR";467;97,1;"CASCAVEL";"Transitar na contramão";"Colisão frontal";"Com Vítimas Feridas";"Plena Noite";"Crescente";"Céu Claro";"Dupla";"Reta";"Não";4;0;0;2;1;1;2;3;-24,8822;-53,5588;"SPRF-PR";"DEL04-PR";"UOP01-DEL04-PR"
475117;2022-09-18;"domingo";"04:30:00";"PI";343;3,6;"PARNAIBA";"Condutor Dormindo";"Saída de leito carroçável";"Sem Vítimas";"Plena Noite";"Decrescente";"Céu Claro";"Simples";"Curva";"Não";1;0;0;0;1;0;0;1;-2,90124;-41,680931;"SPRF-PI";"DEL05-PI";"UOP01-DEL05-PI"
475118;2022-09-18;"domingo";"05:20:00";"PA";316;46;"SANTA IZABEL DO PARA";"Ausência de reação do condutor";"Tombamento";"Com Vítimas Fatais";"Amanhecer";"Crescente";"Céu Claro";"Dupla";"Reta";"Sim";3;1;0;0;2;0;0;2;-1,28003179;-48,06971495;"SPRF-PA";"DEL01-PA";"UOP01-DEL01-PA"
475120;2022-09-17;"sábado";"22:45:00";"SC";470;58,1;"BLUMENAU";"Acessar a via sem observar a presença dos outros veículos";"Colisão transversal";"Com Vítimas Feridas";"Plena Noite";"Decrescente";"Nublado";"Simples";"Retorno Regulamentado";"Sim";2;0;0;1;1;0;1;2;-26,883879;-49,145622;"SPRF-SC";"DEL04-SC";"UOP01-DEL04-SC"
475121;2022-09-18;"domingo";"05:24:00";"GO";153;523,5;"HIDROLANDIA";"Velocidade Incompatível";"Saída de leito carroçável";"Com Vítimas Feridas";"Amanhecer";"Decrescente";"Céu Claro";"Dupla";"Reta";"Não";1;0;1;0;0;0;1;1;-16,9113;-49,2534;"SPRF-GO";"DEL01-GO";"UOP03-DEL01-GO"
475122;2022-09-18;"domingo";"04:50:00";"SP";116;93,7;"PINDAMONHANGABA";"Ingestão de álcool ou de substâncias psicoativas pelo pedestre";"Colisão traseira";"Com Vítimas Feridas";"Amanhecer";"Decrescente";"Céu Claro";"Dupla";"Reta";"Não";4;0;0;1;2;1;1;3;-22,95653207;-45,41300297;"SPRF-SP";"DEL08-SP";"UOP01-DEL08-SP"
475125;2022-09-18;"domingo";"05:10:00";"PB";230;399,9;"POMBAL";"Animais na Pista";"Atropelamento de Animal";"Com Vítimas Feridas";"Amanhecer";"Crescente";"Céu Claro";"Simples";"Aclive;Reta";"Não";5;0;4;1;0;0;5;1;-6,816352;-37,765836;"SPRF-PB";"DEL03-PB";"UOP02-DEL03-PB"
475126;2022-09-18;"domingo";"01:00:00";"SC";470;43,3;"BLUMENAU";"Ausência de reação do condutor";"Saída de leito carroçável";"Com Vítimas Feridas";"Plena Noite";"Crescente";"Nublado";"Simples";"Reta";"Não";1;0;1;0;0;0;1;1;-26,874519;-49,013454;"SPRF-SC";"DEL04-SC";"UOP01-DEL04-SC"
475127;2022-09-18;"domingo";"06:00:00";"SP";116;107;"TAUBATE";"Condutor deixou de manter distância do veículo da frente";"Colisão traseira";"Com Vítimas Feridas";"Pleno dia";"Decrescente";"Céu Claro";"Simples";"Reta";"Sim";2;0;1;0;1;0;1;2;-23,01791287;-45,53009409;"SPRF-SP";"DEL08-SP";"UOP01-DEL08-SP"
475130;2022-09-18;"domingo";"06:07:00";"RS";293;181;"MINAS DO LEAO";"Condutor deixou de manter distância do veículo da frente";"Colisão traseira";"Sem Vítimas";"Amanhecer";"Decrescente";"Céu Claro";"Simples";"Aclive";"Sim";4;0;0;0;3;1;0;2;-30,13532931;-51,99417114;"SPRF-RS";"DEL11-RS";"UOP03-DEL11-RS"
475131;2022-09-18;"domingo";"06:20:00";"SP";116;200;"ARUJA";"Frear bruscamente";"Engavetamento";"Com Vítimas Feridas";"Pleno dia";"Decrescente";"Sol";"Múltipla";"Reta";"Sim";7;0;2;0;5;0;2;6;-23,40281294;-46,3211;"SPRF-SP";"DEL01-SP";"UOP01-DEL01-SP"
475132;2022-09-18;"domingo";"05:40:00";"MG";116;677;"MIRADOURO";"Ausência de reação do condutor";"Saída de leito carroçável";"Sem Vítimas";"Amanhecer";"Crescente";"Céu Claro";"Simples";"Reta";"Não";2;0;0;0;0;2;0;2;-20,91839191;-42,34301496;"SPRF-MG";"DEL07-MG";"UOP02-DEL07-MG"
475134;2022-09-18;"domingo";"04:40:00";"PB";101;91,2;"JOAO PESSOA";"Ausência de reação do condutor";"Colisão traseira";"Com Vítimas Fatais";"Amanhecer";"Decrescente";"Céu Claro";"Dupla";"Reta";"Sim";2;1;0;0;0;1;0;2;-7,19362;-34,90472;"SPRF-PB";"DEL01-PB";"UOP02-DEL01-PB"
475135;2022-09-18;"domingo";"06:05:00";"SP";116;124;"CACAPAVA";"Ausência de reação do condutor";"Capotamento";"Com Vítimas Feridas";"Pleno dia";"Decrescente";"Céu Claro";"Dupla";"Reta";"Sim";3;0;2;0;1;0;2;1;-23,093116;-45,677904;"SPRF-SP";"DEL02-SP";"UOP02-DEL02-SP"
475136;2022-09-18;"domingo";"06:50:00";"RS";392;349;"SANTA MARIA";"Ingestão de álcool pelo condutor";"Saída de leito carroçável";"Com Vítimas Feridas";"Pleno dia";"Decrescente";"Céu Claro";"Simples";"Reta";"Não";2;0;1;0;1;0;1;1;-29,7440791;-53,79306521;"SPRF-RS";"DEL09-RS";"UOP01-DEL09-RS"
475137;2022-09-18;"domingo";"02:30:00";"PA";230;163;"ITUPIRANGA";"Animais na Pista";"Atropelamento de Animal";"Com Vítimas Fatais";"Plena Noite";"Crescente";"Céu Claro";"Simples";"Reta";"Não";6;1;0;1;4;0;1;3;-5,18729691;-49,36527283;"SPRF-PA";"DEL03-PA";"UOP01-DEL03-PA"
475138;2022-09-18;"domingo";"06:30:00";"CE";116;21;"ITAITINGA";"Reação tardia ou ineficiente do condutor";"Colisão com objeto";"Com Vítimas Feridas";"Pleno dia";"Crescente";"Céu Claro";"Dupla";"Reta";"Não";1;0;1;0;0;0;1;1;-3,93175901;-38,50825087;"SPRF-CE";"DEL01-CE";"UOP02-DEL01-CE"
475139;2022-09-18;"domingo";"06:15:00";"RS";116;145,4;"CAXIAS DO SUL";"Ausência de reação do condutor";"Colisão com objeto";"Com Vítimas Feridas";"Pleno dia";"Crescente";"Céu Claro";"Dupla";"Reta";"Sim";1;0;1;0;0;0;1;1;-29,1350217;-51,1302779;"SPRF-RS";"DEL05-RS";"UOP01-DEL05-RS"
475140;2022-09-18;"domingo";"07:00:00";"SP";116;223;"GUARULHOS";"Reação tardia ou ineficiente do condutor";"Colisão traseira";"Sem Vítimas";"Pleno dia";"Decrescente";"Céu Claro";"Múltipla";"Reta";"Sim";1;0;0;0;1;0;0;1;-23,47559815;-46,5246609;"SPRF-SP";"DEL01-SP";"UOP01-DEL01-SP"
475141;2022-09-18;"domingo";"05:20:00";"MT";364;282;"JACIARA";"Ausência de reação do condutor";"Saída de leito carroçável";"Com Vítimas Feridas";"Amanhecer";"Decrescente";"Céu Claro";"Dupla";"Reta";"Não";2;0;2;0;0;0;2;1;-15,92006578;-55,02602378;"SPRF-MT";"DEL05-MT";"UOP02-DEL05-MT"
475142;2022-09-17;"sábado";"23:40:00";"AC";364;90;"SENADOR GUIOMARD";"Pedestre andava na pista";"Atropelamento de Pedestre";"Com Vítimas Fatais";"Plena Noite";"Decrescente";"Céu Claro";"Simples";"Reta";"Não";2;1;0;0;0;1;0;2;-10,09551099;-67,50884299;"SPRF-AC";"DEL01-AC";"UOP01-DEL01-AC"
475143;2022-09-18;"domingo";"02:30:00";"MG";116;531,9;"CARATINGA";"Ingestão de álcool pelo condutor";"Colisão traseira";"Com Vítimas Feridas";"Plena Noite";"Crescente";"Nublado";"Simples";"Reta";"Não";3;0;1;1;1;0;2;2;-19,81937899;-42,13692704;"SPRF-MG";"DEL06-MG";"UOP02-DEL06-MG"
475144;2022-09-18;"domingo";"06:00:00";"SP";116;447;"REGISTRO";"Reação tardia ou ineficiente do condutor";"Colisão traseira";"Sem Vítimas";"Pleno dia";"Decrescente";"Nevoeiro/Neblina";"Dupla";"Reta";"Sim";3;0;0;0;1;2;0;3;-24,51285376;-47,85054871;"SPRF-SP";"DEL05-SP";"UOP01-DEL05-SP"
475145;2022-09-17;"sábado";"00:30:00";"GO";153;561;"PROFESSOR JAMIL";"Ingestão de álcool pelo condutor";"Capotamento";"Com Vítimas Feridas";"Plena Noite";"Decrescente";"Céu Claro";"Dupla";"Curva";"Não";2;0;2;0;0;0;2;1;-17,2262;-49,2294;"SPRF-GO";"DEL03-GO";"UOP01-DEL03-GO"
475146;2022-09-18;"domingo";"07:20:00";"RN";101;114;"SAO JOSE DE MIPIBU";"Condutor deixou de manter distância do veículo da frente";"Colisão traseira";"Com Vítimas Feridas";"Pleno dia";"Decrescente";"Sol";"Dupla";"Reta";"Não";2;0;1;0;1;0;1;2;-5,98154612;-35,26475072;"SPRF-RN";"DEL01-RN";"UOP01-DEL01-RN"
475147;2022-09-18;"domingo";"06:00:00";"PR";158;510,6;"CORONEL VIVIDA";"Velocidade Incompatível";"Colisão com objeto";"Sem Vítimas";"Amanhecer";"Crescente";"Céu Claro";"Simples";"Reta";"Não";1;0;0;0;1;0;0;1;-26,03865087;-52,60068705;"SPRF-PR";"DEL02-PR";"UOP01-DEL02-PR"
475148;2022-09-18;"domingo";"03:50:00";"MG";262;443,5;"NOVA SERRANA";"Falta de elemento de contenção que evite a saída do leito carroçável";"Saída de leito carroçável";"Com Vítimas Feridas";"Plena Noite";"Decrescente";"Céu Claro";"Dupla";"Reta";"Não";4;0;4;0;0;0;4;1;-19,88065393;-44,92197102;"SPRF-MG";"DEL08-MG";"UOP03-DEL08-MG"
475149;2022-09-18;"domingo";"07:20:00";"RS";470;175;"VERANOPOLIS";"Velocidade Incompatível";"Saída de leito carroçável";"Com Vítimas Feridas";"Pleno dia";"Crescente";"Céu Claro";"Simples";"Curva";"Sim";4;0;4;0;0;0;4;1;-28,92450342;-51,53892249;"SPRF-RS";"DEL06-RS";"UOP02-DEL06-RS"
475151;2022-09-18;"domingo";"06:55:00";"SP";116;142;"SAO JOSE DOS CAMPOS";"Ausência de reação do condutor";"Saída de leito carroçável";"Com Vítimas Feridas";"Pleno dia";"Decrescente";"Céu Claro";"Dupla";"Reta";"Sim";1;0;1;0;0;0;1;1;-23,17426078;-45,82940111;"SPRF-SP";"DEL02-SP";"UOP01-DEL02-SP"
475153;2022-09-18;"domingo";"06:00:00";"MG";267;132,5;"JUIZ DE FORA";"Velocidade Incompatível";"Capotamento";"Sem Vítimas";"Amanhecer";"Decrescente";"Céu Claro";"Simples";"Curva";"Não";1;0;0;0;1;0;0;1;-21,76204522;-43,60297286;"SPRF-MG";"DEL05-MG";"UOP01-DEL05-MG"
475154;2022-09-18;"domingo";"06:10:00";"MG";50;67;"UBERLANDIA";"Demais falhas mecânicas ou elétricas";"Incêndio";"Sem Vítimas";"Pleno dia";"Crescente";"Céu Claro";"Dupla";"Reta";"Sim";1;0;0;0;0;1;0;1;-18,85140204;-48,25345932;"SPRF-MG";"DEL15-MG";"UOP02-DEL15-MG"
475155;2022-09-18;"domingo";"07:27:00";"PR";116;117;"CURITIBA";"Velocidade Incompatível";"Colisão com objeto";"Sem Vítimas";"Pleno dia";"Crescente";"Nublado";"Dupla";"Reta";"Não";1;0;0;0;1;0;0;1;-25,54988723;-49,28248211;"SPRF-PR";"DEL01-PR";"UOP06-DEL01-PR"
475157;2022-09-18;"domingo";"06:50:00";"PE";232;10,5;"JABOATAO DOS GUARARAPES";"Acumulo de água sobre o pavimento";"Colisão com objeto";"Sem Vítimas";"Pleno dia";"Crescente";"Garoa/Chuvisco";"Múltipla";"Em Obras";"Não";2;0;0;0;0;2;0;2;-8,08178136;-34,99180913;"SPRF-PE";"DEL01-PE";"UOP01-DEL01-PE"
475160;2022-09-18;"domingo";"08:45:00";"PE";101;22,8;"GOIANA";"Condutor deixou de manter distância do veículo da frente";"Saída de leito carroçável";"Com Vítimas Feridas";"Pleno dia";"Crescente";"Chuva";"Dupla";"Reta";"Não";2;0;1;0;0;1;1;2;-7,667766;-34,93266;"SPRF-PE";"DEL01-PE";"UOP02-DEL01-PE"
475161;2022-09-18;"domingo";"08:40:00";"MG";262;362;"BETIM";"Ausência de reação do condutor";"Colisão frontal";"Com Vítimas Feridas";"Pleno dia";"Crescente";"Céu Claro";"Simples";"Aclive";"Não";6;0;6;0;0;0;6;2;-19,98025969;-44,22672112;"SPRF-MG";"DEL01-MG";"UOP03-DEL01-MG"
475162;2022-09-18;"domingo";"00:30:00";"PR";376;228;"APUCARANA";"Reação tardia ou ineficiente do condutor";"Saída de leito carroçável";"Com Vítimas Feridas";"Plena Noite";"Decrescente";"Céu Claro";"Dupla";"Reta";"Não";1;0;1;0;0;0;1;1;-23,56382701;-51,53990037;"SPRF-PR";"DEL07-PR";"UOP03-DEL07-PR"
475163;2022-09-18;"domingo";"08:10:00";"SC";101;214;"PALHOCA";"Condutor deixou de manter distância do veículo da frente";"Colisão traseira";"Com Vítimas Feridas";"Pleno dia";"Decrescente";"Nublado";"Dupla";"Interseção de Vias";"Sim";2;0;1;0;0;1;1;2;-27,64443;-48,67057;"SPRF-SC";"DEL01-SC";"UOP02-DEL01-SC"
475168;2022-09-17;"sábado";"16:00:00";"SC";470;15,6;"ILHOTA";"Velocidade Incompatível";"Saída de leito carroçável";"Com Vítimas Feridas";"Pleno dia";"Crescente";"Céu Claro";"Dupla";"Reta";"Não";1;0;1;0;0;0;1;1;-26,839785;-48,785534;"SPRF-SC";"DEL04-SC";"UOP04-DEL04-SC"
475169;2022-09-18;"domingo";"07:54:00";"PR";116;150,8;"MANDIRITUBA";"Pedestre cruzava a pista fora da faixa";"Atropelamento de Pedestre";"Com Vítimas Feridas";"Pleno dia";"Crescente";"Nublado";"Simples";"Aclive";"Não";3;0;1;0;1;1;1;2;-25,81557015;-49,33088979;"SPRF-PR";"DEL01-PR";"UOP03-DEL01-PR"
475171;2022-09-18;"domingo";"08:30:00";"CE";116;190,3;"LIMOEIRO DO NORTE";"Acessar a via sem observar a presença dos outros veículos";"Colisão transversal";"Com Vítimas Feridas";"Pleno dia";"Decrescente";"Céu Claro";"Simples";"Curva";"Não";2;0;0;1;0;1;1;2;-5,11745762;-38,14382945;"SPRF-CE";"DEL03-CE";"UOP01-DEL03-CE"
475173;2022-09-18;"domingo";"07:00:00";"PR";467;85;"CASCAVEL";"Velocidade Incompatível";"Saída de leito carroçável";"Sem Vítimas";"Amanhecer";"Decrescente";"Céu Claro";"Dupla";"Reta";"Não";1;0;0;0;0;1;0;1;-24,8238;-53,6499;"SPRF-PR";"DEL04-PR";"UOP01-DEL04-PR"
475174;2022-09-18;"domingo";"08:35:00";"SC";101;53,5;"JOINVILLE";"Reação tardia ou ineficiente do condutor";"Saída de leito carroçável";"Com Vítimas Feridas";"Pleno dia";"Crescente";"Chuva";"Dupla";"Curva";"Não";1;0;1;0;0;0;1;1;-26,40231201;-48,83969703;"SPRF-SC";"DEL03-SC";"UOP01-DEL03-SC"
475176;2022-09-18;"domingo";"08:30:00";"PE";408;67,8;"PAUDALHO";"Velocidade Incompatível";"Saída de leito carroçável";"Com Vítimas Feridas";"Pleno dia";"Decrescente";"Céu Claro";"Dupla";"Curva";"Sim";1;0;0;1;0;0;1;1;-7,8584244;-35,21553619;"SPRF-PE";"DEL01-PE";"UOP01-DEL01-PE"
475177;2022-09-18;"domingo";"07:40:00";"BA";101;118;"ALAGOINHAS";"Ausência de reação do condutor";"Colisão transversal";"Com Vítimas Feridas";"Pleno dia";"Decrescente";"Céu Claro";"Simples";"Reta";"Não";2;0;1;0;1;0;1;2;-12,15886142;-38,546794;"SPRF-BA";"DEL01-BA";"UOP04-DEL01-BA"
475178;2022-09-18;"domingo";"08:00:00";"MT";364;345;"SANTO ANTONIO DO LEVERGER";"Reação tardia ou ineficiente do condutor";"Saída de leito carroçável";"Com Vítimas Feridas";"Pleno dia";"Decrescente";"Céu Claro";"Dupla";"Curva";"Não";1;0;0;1;0;0;1;1;-15,80518241;-55,55686807;"SPRF-MT";"DEL05-MT";"UOP02-DEL05-MT"
475179;2022-07-20;"quarta-feira";"06:00:00";"BA";330;808;"UBATA";"Falta de elemento de contenção que evite a saída do leito carroçável";"Saída de leito carroçável";"Com Vítimas Feridas";"Amanhecer";"Decrescente";"Ignorado";"Simples";"Ponte";"Não";1;0;0;1;0;0;1;1;-14,22997134;-39,48465608;"SPRF-BA";"DEL03-BA";"UOP01-DEL03-BA"
475180;2022-09-18;"domingo";"08:30:00";"SP";116;349;"MIRACATU";"Reação tardia ou ineficiente do condutor";"Tombamento";"Com Vítimas Feridas";"Pleno dia";"Crescente";"Céu Claro";"Dupla";"Curva;Declive";"Não";2;0;1;1;0;0;2;1;-24,05190879;-47,213052;"SPRF-SP";"DEL04-SP";"UOP02-DEL04-SP"
475182;2022-09-18;"domingo";"08:30:00";"SC";282;405;"CATANDUVAS";"Manobra de mudança de faixa";"Colisão lateral sentido oposto";"Com Vítimas Feridas";"Pleno dia";"Crescente";"Céu Claro";"Simples";"Reta";"Não";4;0;1;1;1;1;2;3;-27,09829211;-51,651299;"SPRF-SC";"DEL07-SC";"UOP05-DEL07-SC"
475183;2022-09-18;"domingo";"09:00:00";"RJ";101;489,2;"ANGRA DOS REIS";"Estacionar ou parar em local proibido";"Colisão traseira";"Com Vítimas Feridas";"Pleno dia";"Crescente";"Céu Claro";"Simples";"Reta";"Sim";2;0;1;0;0;1;1;2;-22,95605138;-44,30404997;"SPRF-RJ";"DEL03-RJ";"UOP03-DEL03-RJ"
475184;2022-09-18;"domingo";"10:15:00";"RS";471;175,7;"RIO PARDO";"Acessar a via sem observar a presença dos outros veículos";"Colisão transversal";"Sem Vítimas";"Pleno dia";"Decrescente";"Céu Claro";"Simples";"Interseção de Vias";"Não";4;0;0;0;4;0;0;2;-29,99307662;-52,36812472;"SPRF-RS";"DEL02-RS";"UOP03-DEL02-RS"
475185;2022-09-18;"domingo";"11:00:00";"BA";101;918;"NOVA VICOSA";"Animais na Pista";"Atropelamento de Animal";"Com Vítimas Feridas";"Pleno dia";"Crescente";"Nublado";"Simples";"Declive";"Não";1;0;0;1;0;0;1;1;-17,88694629;-39,81616974;"SPRF-BA";"DEL09-BA";"UOP02-DEL09-BA"
475186;2022-05-09;"segunda-feira";"14:00:00";"PA";316;65;"CASTANHAL";"Reação tardia ou ineficiente do condutor";"Colisão lateral mesmo sentido";"Com Vítimas Feridas";"Pleno dia";"Crescente";"Céu Claro";"Dupla";"Reta";"Sim";2;0;0;1;0;1;1;2;-1,29580361;-47,91084002;"SPRF-PA";"DEL01-PA";"UOP01-DEL01-PA"
475187;2022-09-18;"domingo";"10:30:00";"RS";116;224;"DOIS IRMAOS";"Demais falhas mecânicas ou elétricas";"Incêndio";"Sem Vítimas";"Pleno dia";"Decrescente";"Céu Claro";"Dupla";"Declive;Reta";"Sim";2;0;0;0;2;0;0;1;-29,58770192;-51,10433757;"SPRF-RS";"DEL01-RS";"UOP02-DEL01-RS"
475188;2022-09-18;"domingo";"10:45:00";"SC";101;364;"SANGAO";"Ausência de reação do condutor";"Queda de ocupante de veículo";"Com Vítimas Feridas";"Pleno dia";"Decrescente";"Céu Claro";"Dupla";"Reta";"Não";1;0;0;1;0;0;1;1;-28,67821759;-49,13926425;"SPRF-SC";"DEL02-SC";"UOP01-DEL02-SC"
475189;2022-09-18;"domingo";"11:10:00";"BA";242;818,1;"BARREIRAS";"Reação tardia ou ineficiente do condutor";"Saída de leito carroçável";"Com Vítimas Feridas";"Pleno dia";"Crescente";"Céu Claro";"Simples";"Reta";"Não";1;0;1;0;0;0;1;1;-12,118592;-45,199392;"SPRF-BA";"DEL10-BA";"UOP01-DEL10-BA"
475191;2022-09-18;"domingo";"06:35:00";"GO";153;277;"NOVA GLORIA";"Acessar a via sem observar a presença dos outros veículos";"Colisão transversal";"Com Vítimas Feridas";"Pleno dia";"Decrescente";"Céu Claro";"Múltipla";"Reta";"Não";4;0;2;0;1;1;2;2;-15,118033;-49,497047;"SPRF-GO";"DEL07-GO";"UOP02-DEL07-GO"
475192;2022-09-18;"domingo";"11:30:00";"RJ";40;41;"AREAL";"Condutor Dormindo";"Capotamento";"Com Vítimas Feridas";"Pleno dia";"Crescente";"Céu Claro";"Dupla";"Reta";"Não";3;0;3;0;0;0;3;1;-22,24770805;-43,10581955;"SPRF-RJ";"DEL05-RJ";"UOP02-DEL05-RJ"
475193;2022-09-18;"domingo";"11:25:00";"PE";101;69;"RECIFE";"Acessar a via sem observar a presença dos outros veículos";"Colisão transversal";"Com Vítimas Feridas";"Pleno dia";"Decrescente";"Céu Claro";"Múltipla";"Reta";"Sim";2;0;1;0;1;0;1;2;-8,05951606;-34,94581024;"SPRF-PE";"DEL01-PE";"UOP01-DEL01-PE"
475195;2022-09-18;"domingo";"10:14:00";"MT";364;201;"RONDONOPOLIS";"Reação tardia ou ineficiente do condutor";"Colisão traseira";"Com Vítimas Feridas";"Pleno dia";"Crescente";"Céu Claro";"Dupla";"Reta";"Sim";2;0;0;1;1;0;1;2;-16,491405;-54,646378;"SPRF-MT";"DEL02-MT";"UOP01-DEL02-MT"
475196;2022-09-18;"domingo";"12:00:00";"ES";447;12,7;"VILA VELHA";"Ausência de reação do condutor";"Colisão traseira";"Com Vítimas Feridas";"Pleno dia";"Decrescente";"Nublado";"Dupla";"Reta";"Sim";2;0;1;0;1;0;1;2;-20,35831739;-40,3325808;"SPRF-ES";"DEL01-ES";"UOP01-DEL01-ES"